B699_DEPENDENCY Init.Prelude
B699_DEPENDENCY Init.Coe
B699_DEPENDENCY Init.Notation
B699_DEPENDENCY Init.Tactics
B699_DEPENDENCY Init.SizeOf
B699_DEPENDENCY Init.Core
B699_DEPENDENCY Init.BinderNameHint
B699_DEPENDENCY Init.Control.Basic
B699_DEPENDENCY Init.Control.MonadAttach
B699_DEPENDENCY Init.Control.Id
B699_DEPENDENCY Init.Control.Except
B699_DEPENDENCY Init.Grind.Attr
B699_DEPENDENCY Init.Grind.Interactive
B699_DEPENDENCY Init.Grind.Tactics
B699_DEPENDENCY Init.Data.Option.Basic
B699_DEPENDENCY Init.Control.Option
B699_DEPENDENCY Init.Control.Do
B699_DEPENDENCY Init.Data.Cast
B699_DEPENDENCY Init.SimpLemmas
B699_DEPENDENCY Init.Data.Zero
B699_DEPENDENCY Init.Data.NeZero
B699_DEPENDENCY Init.Data.Nat.Basic
B699_DEPENDENCY Init.Data.Int.Basic
B699_DEPENDENCY Init.Data.List.Notation
B699_DEPENDENCY Init.Data.List.Basic
B699_DEPENDENCY Init.Data.ByteArray.Bootstrap
B699_DEPENDENCY Init.Data.BitVec.BasicAux
B699_DEPENDENCY Init.WF
B699_DEPENDENCY Init.MetaTypes
B699_DEPENDENCY Init.WFTactics
B699_DEPENDENCY Init.Data.Nat.Div.Basic
B699_DEPENDENCY Init.Data.Nat.Bitwise.Basic
B699_DEPENDENCY Init.Data.Fin.Basic
B699_DEPENDENCY Init.Data.UInt.BasicAux
B699_DEPENDENCY Init.Data.Char.Basic
B699_DEPENDENCY Init.Data.String.Bootstrap
B699_DEPENDENCY Init.Control.State
B699_DEPENDENCY Init.Data.Format.Basic
B699_DEPENDENCY Init.Data.Repr
B699_DEPENDENCY Init.Data.ToString.Basic
B699_DEPENDENCY Init.Util
B699_DEPENDENCY Init.GetElem
B699_DEPENDENCY Init.Data.List.ToArrayImpl
B699_DEPENDENCY Init.Data.Array.Set
B699_DEPENDENCY Init.Data.Array.Basic
B699_DEPENDENCY Init.Data.Array.GetLit
B699_DEPENDENCY Init.Meta.Defs
B699_DEPENDENCY Init.Syntax
B699_DEPENDENCY Init.Meta
B699_DEPENDENCY Init.TacticsExtra
B699_DEPENDENCY Init.ByCases
B699_DEPENDENCY Init.RCases
B699_DEPENDENCY Init.Conv
B699_DEPENDENCY Init.NotationExtra
B699_DEPENDENCY Init.PropLemmas
B699_DEPENDENCY Init.Classical
B699_DEPENDENCY Init.System.ST
B699_DEPENDENCY Init.Control.Reader
B699_DEPENDENCY Init.Control.StateRef
B699_DEPENDENCY Init.Ext
B699_DEPENDENCY Init.Control.Lawful.Basic
B699_DEPENDENCY Init.Control.Lawful.Instances
B699_DEPENDENCY Init.Control.Lawful.Lemmas
B699_DEPENDENCY Init.Control.Lawful.MonadLift.Basic
B699_DEPENDENCY Init.Control.Lawful.MonadLift.Lemmas
B699_DEPENDENCY Init.Control.ExceptCps
B699_DEPENDENCY Init.Control.StateCps
B699_DEPENDENCY Init.Control.Lawful.MonadLift.Instances
B699_DEPENDENCY Init.Control.Lawful.MonadLift
B699_DEPENDENCY Init.Control.Lawful.MonadAttach.Lemmas
B699_DEPENDENCY Init.Control.EState
B699_DEPENDENCY Init.Control.Lawful.MonadAttach.Instances
B699_DEPENDENCY Init.Control.Lawful.MonadAttach
B699_DEPENDENCY Init.Control.Lawful
B699_DEPENDENCY Init.Control
B699_DEPENDENCY Init.WFComputable
B699_DEPENDENCY Init.Data.Nat.Dvd
B699_DEPENDENCY Init.Data.Nat.Log2
B699_DEPENDENCY Init.Data.RArray
B699_DEPENDENCY Init.Data.Bool
B699_DEPENDENCY Init.LawfulBEqTactics
B699_DEPENDENCY Init.Data.Prod
B699_DEPENDENCY Init.Data.Nat.Internal.Linear
B699_DEPENDENCY Init.Data.Nat.MinMax
B699_DEPENDENCY Init.Data.Int.DivMod.Basic
B699_DEPENDENCY Init.Data.Int.Lemmas
B699_DEPENDENCY Init.Data.Order.Classes
B699_DEPENDENCY Init.Data.Order.Factories
B699_DEPENDENCY Init.Data.BEq
B699_DEPENDENCY Init.Data.Order.Lemmas
B699_DEPENDENCY Init.Data.Int.Order
B699_DEPENDENCY Init.Omega.Int
B699_DEPENDENCY Init.Data.Int.DivMod.Bootstrap
B699_DEPENDENCY Init.Data.Nat.Gcd
B699_DEPENDENCY Init.Omega.IntList
B699_DEPENDENCY Init.Omega.Coeffs
B699_DEPENDENCY Init.Data.ToString.Macro
B699_DEPENDENCY Init.Omega.LinearCombo
B699_DEPENDENCY Init.Omega.Constraint
B699_DEPENDENCY Init.Omega.Logic
B699_DEPENDENCY Init.Data.Nat.Order
B699_DEPENDENCY Init.Omega
B699_DEPENDENCY Init.Data.Nat.Mod
B699_DEPENDENCY Init.Data.Nat.Lemmas
B699_DEPENDENCY Init.Data.Nat.Simproc
B699_DEPENDENCY Init.Data.Nat.Div.Lemmas
B699_DEPENDENCY Init.Data.Nat.Div
B699_DEPENDENCY Init.Data.Nat.Coprime
B699_DEPENDENCY Init.BinderPredicates
B699_DEPENDENCY Init.Data.Int.Pow
B699_DEPENDENCY Init.Data.Nat.Bitwise.Lemmas
B699_DEPENDENCY Init.Data.Nat.Bitwise
B699_DEPENDENCY Init.Data.Nat.Control
B699_DEPENDENCY Init.Data.Nat.Power2.Basic
B699_DEPENDENCY Init.Data.Nat.Power2.Lemmas
B699_DEPENDENCY Init.Data.Nat.Power2
B699_DEPENDENCY Init.Data.List.BasicAux
B699_DEPENDENCY Init.Data.Nat.Internal.SOM
B699_DEPENDENCY Init.Data.Nat.Internal
B699_DEPENDENCY Init.Data.Nat.Lcm
B699_DEPENDENCY Init.Data.Ord.Basic
B699_DEPENDENCY Init.Data.Order.ClassesExtra
B699_DEPENDENCY Init.Data.Nat.Compare
B699_DEPENDENCY Init.Hints
B699_DEPENDENCY Init.Data.Fin.Lemmas
B699_DEPENDENCY Init.Data.Fin.Fold
B699_DEPENDENCY Init.Data.List.Control
B699_DEPENDENCY Init.Grind.Annotated
B699_DEPENDENCY Init.Data.Option.Instances
B699_DEPENDENCY Init.Data.Option.BasicAux
B699_DEPENDENCY Init.Data.Option.Lemmas
B699_DEPENDENCY Init.Data.List.Lemmas
B699_DEPENDENCY Init.Data.List.OfFn
B699_DEPENDENCY Init.Grind.Util
B699_DEPENDENCY Init.Data.List.TakeDrop
B699_DEPENDENCY Init.Data.List.Sublist
B699_DEPENDENCY Init.Data.List.Count
B699_DEPENDENCY Init.Data.Subtype.Basic
B699_DEPENDENCY Init.Data.List.Attach
B699_DEPENDENCY Init.Data.Array.Bootstrap
B699_DEPENDENCY Init.Data.List.Monadic
B699_DEPENDENCY Init.Data.List.FinRange
B699_DEPENDENCY Init.Data.Nat.Fold
B699_DEPENDENCY Init.Data.Int.Bitwise.Basic
B699_DEPENDENCY Init.Data.BitVec.Basic
B699_DEPENDENCY Init.Data.UInt.Basic
B699_DEPENDENCY Init.Data.Fin.Bitwise
B699_DEPENDENCY Init.Data.BitVec.Bootstrap
B699_DEPENDENCY Init.Data.List.Impl
B699_DEPENDENCY Init.Data.Function
B699_DEPENDENCY Init.Data.List.Zip
B699_DEPENDENCY Init.Data.List.Range
B699_DEPENDENCY Init.Data.List.Find
B699_DEPENDENCY Init.Data.List.Nat.TakeDrop
B699_DEPENDENCY Init.Data.Int.DivMod.Lemmas
B699_DEPENDENCY Init.Data.Int.Gcd
B699_DEPENDENCY Init.Data.AC
B699_DEPENDENCY Init.Data.Int.Cooper
B699_DEPENDENCY Init.Data.Int.LemmasAux
B699_DEPENDENCY Init.Data.Int.Linear
B699_DEPENDENCY Init.Data.OfScientific.Basic
B699_DEPENDENCY Init.Data.List.Nat.BEq
B699_DEPENDENCY Init.Data.Array.DecidableEq
B699_DEPENDENCY Init.Data.List.Pairwise
B699_DEPENDENCY Init.Data.List.Erase
B699_DEPENDENCY Init.Data.List.Nat.Erase
B699_DEPENDENCY Init.Data.List.Nat.Modify
B699_DEPENDENCY Init.Data.List.Nat.InsertIdx
B699_DEPENDENCY Init.Data.List.ToArray
B699_DEPENDENCY Init.Data.Subtype.Order
B699_DEPENDENCY Init.Data.List.MinMax
B699_DEPENDENCY Init.Data.List.Nat.Basic
B699_DEPENDENCY Init.Data.Array.Lemmas
B699_DEPENDENCY Init.Data.ByteArray.Basic
B699_DEPENDENCY Init.Data.String.PosRaw
B699_DEPENDENCY Init.Data.Array.Extract
B699_DEPENDENCY Init.Data.ByteArray.Lemmas
B699_DEPENDENCY Init.Data.String.Defs
B699_DEPENDENCY Init.Data.Int.Repr
B699_DEPENDENCY Init.Data.ToString.Extra
B699_DEPENDENCY Init.Data.Hashable
B699_DEPENDENCY Init.Data.Rat.Basic
B699_DEPENDENCY Init.Data.Rat.Lemmas
B699_DEPENDENCY Init.Grind.ToInt
B699_DEPENDENCY Init.Grind.Module.Basic
B699_DEPENDENCY Init.Grind.Ring.Basic
B699_DEPENDENCY Init.Grind.Ring.Field
B699_DEPENDENCY Init.Grind.Ring.OfScientific
B699_DEPENDENCY Init.Grind.Norm
B699_DEPENDENCY Init.Data.Int.Bitwise.Lemmas
B699_DEPENDENCY Init.Data.BitVec.Lemmas
B699_DEPENDENCY Init.System.Platform
B699_DEPENDENCY Init.Data.UInt.Lemmas
B699_DEPENDENCY Init.Data.Char.Lemmas
B699_DEPENDENCY Init.Data.UInt.Bitwise
B699_DEPENDENCY Init.Data.String.Decode
B699_DEPENDENCY Init.Data.String.Basic
B699_DEPENDENCY Init.Data.String.Length
B699_DEPENDENCY Init.Data.Nat.ToString
B699_DEPENDENCY Init.Data.Nat.Sqrt.Basic
B699_DEPENDENCY Init.Data.Nat.Sqrt.Lemmas
B699_DEPENDENCY Init.Data.Nat.Sqrt
B699_DEPENDENCY Init.Data.Nat
B699_DEPENDENCY Init.Data.Int.DivMod.Pow
B699_DEPENDENCY Init.Data.Int.DivMod
B699_DEPENDENCY Init.Data.Fin.Iterate
B699_DEPENDENCY Init.Data.BitVec.Folds
B699_DEPENDENCY Init.Data.BitVec.Decidable
B699_DEPENDENCY Init.Data.BitVec.Bitblast
B699_DEPENDENCY Init.Data.BitVec
B699_DEPENDENCY Init.Data.Char.Order
B699_DEPENDENCY Init.Data.Fin.OverflowAware
B699_DEPENDENCY Init.Grind.Lemmas
B699_DEPENDENCY Init.Grind.Cases
B699_DEPENDENCY Init.Grind.Propagator
B699_DEPENDENCY Init.Grind.Offset
B699_DEPENDENCY Init.Grind.PP
B699_DEPENDENCY Init.Grind.Ordered.Order
B699_DEPENDENCY Init.Grind.Ordered.Module
B699_DEPENDENCY Init.Grind.Ordered.Ring
B699_DEPENDENCY Init.Grind.Ring.Envelope
B699_DEPENDENCY Init.GrindInstances.Ring.Int
B699_DEPENDENCY Init.Grind.Ring.CommSolver
B699_DEPENDENCY Init.Grind.Ring.CommSemiringAdapter
B699_DEPENDENCY Init.Grind.Ring.ToInt
B699_DEPENDENCY Init.Grind.Ring
B699_DEPENDENCY Init.Grind.Module.Envelope
B699_DEPENDENCY Init.Grind.Module.OfNatModule
B699_DEPENDENCY Init.Grind.Ordered.Linarith
B699_DEPENDENCY Init.Grind.Module.NatModuleNorm
B699_DEPENDENCY Init.Grind.Module
B699_DEPENDENCY Init.Grind.Ordered.Field
B699_DEPENDENCY Init.Grind.Ordered.Int
B699_DEPENDENCY Init.GrindInstances.Ring.Rat
B699_DEPENDENCY Init.Grind.Ordered.Rat
B699_DEPENDENCY Init.Grind.Ordered
B699_DEPENDENCY Init.Grind.Ext
B699_DEPENDENCY Init.Grind.ToIntLemmas
B699_DEPENDENCY Init.Grind.AC
B699_DEPENDENCY Init.Grind.Injective
B699_DEPENDENCY Init.Grind.Order
B699_DEPENDENCY Init.Grind.Lint
B699_DEPENDENCY Init.Grind.FieldNormNum
B699_DEPENDENCY Init.Grind.Config
B699_DEPENDENCY Init.Grind
B699_DEPENDENCY Init.Data.SInt.Basic
B699_DEPENDENCY Init.Data.SInt.Lemmas
B699_DEPENDENCY Init.GrindInstances.ToInt
B699_DEPENDENCY Init.Data.Int.OfNat
B699_DEPENDENCY Init.Data.Char.Ordinal
B699_DEPENDENCY Init.Data.Char
B699_DEPENDENCY Init.Data.Iterators.Basic
B699_DEPENDENCY Init.Data.Iterators.Consumers.Monadic.Partial
B699_DEPENDENCY Init.Data.Iterators.Internal.LawfulMonadLiftFunction
B699_DEPENDENCY Init.WFExtrinsicFix
B699_DEPENDENCY Init.Data.Iterators.Consumers.Monadic.Total
B699_DEPENDENCY Init.Data.Iterators.Consumers.Monadic.Loop
B699_DEPENDENCY Init.Data.Ord.Array
B699_DEPENDENCY Init.Data.Order.Ord
B699_DEPENDENCY Init.Data.Order.FactoriesExtra
B699_DEPENDENCY Init.Data.Order.LemmasExtra
B699_DEPENDENCY Init.Data.Order.PackageFactories
B699_DEPENDENCY Init.Data.String.OrderInstances
B699_DEPENDENCY Init.Data.String.Lemmas.Basic
B699_DEPENDENCY Init.Data.String.FindPos
B699_DEPENDENCY Init.Data.String.Lemmas.Order
B699_DEPENDENCY Init.Data.String.Lemmas.FindPos
B699_DEPENDENCY Init.Data.Iterators.Consumers.Partial
B699_DEPENDENCY Init.Data.Iterators.Consumers.Total
B699_DEPENDENCY Init.Data.Iterators.Consumers.Loop
B699_DEPENDENCY Init.Data.String.Lemmas.IsEmpty
B699_DEPENDENCY Init.Data.String.Lemmas.Splits
B699_DEPENDENCY Init.Data.String.Termination
B699_DEPENDENCY Init.Data.String.Pattern.Basic
B699_DEPENDENCY Init.Data.String.Pattern.Pred
B699_DEPENDENCY Init.Data.String.Pattern.Char
B699_DEPENDENCY Init.Data.Array.MinMax
B699_DEPENDENCY Init.Data.List.Nat.Sum
B699_DEPENDENCY Init.Data.List.Nat.Prod
B699_DEPENDENCY Init.Data.Array.Nat
B699_DEPENDENCY Init.Data.Iterators.Consumers.Monadic.Collect
B699_DEPENDENCY Init.Data.Iterators.Lemmas.Monadic.Basic
B699_DEPENDENCY Init.Data.Iterators.Lemmas.Consumers.Monadic.Collect
B699_DEPENDENCY Init.Data.Iterators.Lemmas.Consumers.Monadic.Loop
B699_DEPENDENCY Init.Data.Range.Polymorphic.UpwardEnumerable
B699_DEPENDENCY Init.Data.Range.Polymorphic.PRange
B699_DEPENDENCY Init.Data.Iterators.Consumers.Monadic.Access
B699_DEPENDENCY Init.Data.Range.Polymorphic.RangeIterator
B699_DEPENDENCY Init.Data.Array.InsertIdx
B699_DEPENDENCY Init.Data.List.Nat.Count
B699_DEPENDENCY Init.Data.Array.Count
B699_DEPENDENCY Init.Data.Array.Attach
B699_DEPENDENCY Init.Data.Option.List
B699_DEPENDENCY Init.Data.Option.Array
B699_DEPENDENCY Init.Data.Option.Attach
B699_DEPENDENCY Init.Data.List.Nat.Range
B699_DEPENDENCY Init.Data.List.MapIdx
B699_DEPENDENCY Init.Data.Array.Monadic
B699_DEPENDENCY Init.Data.Array.OfFn
B699_DEPENDENCY Init.Data.Array.MapIdx
B699_DEPENDENCY Init.Data.Range.Polymorphic.Basic
B699_DEPENDENCY Init.Data.Iterators.Consumers.Collect
B699_DEPENDENCY Init.Data.Range.Polymorphic.Iterators
B699_DEPENDENCY Init.Data.Range.Polymorphic.Instances
B699_DEPENDENCY Init.Data.Range.Polymorphic.Nat
B699_DEPENDENCY Init.Data.Vector.Basic
B699_DEPENDENCY Init.Data.String.Pattern.String
B699_DEPENDENCY Init.Data.String.Pattern
B699_DEPENDENCY Init.Data.Iterators.PostconditionMonad
B699_DEPENDENCY Init.Data.Iterators.Combinators.Monadic.FilterMap
B699_DEPENDENCY Init.Data.Iterators.Combinators.FilterMap
B699_DEPENDENCY Init.Data.String.ToSlice
B699_DEPENDENCY Init.Data.String.Subslice
B699_DEPENDENCY Init.Data.String.Iter.Basic
B699_DEPENDENCY Init.Data.String.Iterate
B699_DEPENDENCY Init.Data.String.Slice
B699_DEPENDENCY Init.Data.String.Search
B699_DEPENDENCY Init.Data.String.Extra
B699_DEPENDENCY Init.Data.String.Modify
B699_DEPENDENCY Init.Data.String.Iterator
B699_DEPENDENCY Init.Data.String.Lemmas.Modify
B699_DEPENDENCY Init.Data.String.Lemmas.Pattern.Memcmp
B699_DEPENDENCY Init.Data.String.Lemmas.Slice
B699_DEPENDENCY Init.Data.String.Lemmas.Search
B699_DEPENDENCY Init.Data.Iterators.Consumers.Access
B699_DEPENDENCY Init.Data.Iterators.Lemmas.Basic
B699_DEPENDENCY Init.Data.Iterators.Lemmas.Consumers.Collect
B699_DEPENDENCY Init.Data.String.Lemmas.Pattern.Basic
B699_DEPENDENCY Init.Data.Iterators.Lemmas.Combinators.Monadic.FilterMap
B699_DEPENDENCY Init.Data.Iterators.Lemmas.Consumers.Loop
B699_DEPENDENCY Init.Data.Iterators.Lemmas.Combinators.FilterMap
B699_DEPENDENCY Init.Data.String.Lemmas.Iterate
B699_DEPENDENCY Init.Data.String.Lemmas.Pattern.Pred
B699_DEPENDENCY Init.Data.String.Lemmas.Pattern.Char
B699_DEPENDENCY Init.Data.String.Lemmas.Intercalate
B699_DEPENDENCY Init.Data.String.Lemmas.Pattern.String.Basic
B699_DEPENDENCY Init.Data.String.Lemmas.Pattern.String.ForwardPattern
B699_DEPENDENCY Init.Data.List.Nat.Find
B699_DEPENDENCY Init.Data.Array.Find
B699_DEPENDENCY Init.Data.Vector.Lemmas
B699_DEPENDENCY Init.Data.String.Lemmas.Pattern.String.ForwardSearcher
B699_DEPENDENCY Init.Data.String.Lemmas.Pattern.String
B699_DEPENDENCY Init.Data.String.Lemmas.Pattern.Split.Basic
B699_DEPENDENCY Init.Data.List.SplitOn.Basic
B699_DEPENDENCY Init.Data.List.SplitOn.Lemmas
B699_DEPENDENCY Init.Data.String.Lemmas.Pattern.Split.Pred
B699_DEPENDENCY Init.Data.String.Lemmas.Pattern.Split.Char
B699_DEPENDENCY Init.Data.String.Lemmas.Pattern.Split
B699_DEPENDENCY Init.Data.String.Lemmas.Pattern.Find.Basic
B699_DEPENDENCY Init.Data.String.Lemmas.Pattern.Find.Char
B699_DEPENDENCY Init.Data.String.Lemmas.Pattern.Find.Pred
B699_DEPENDENCY Init.Data.String.Lemmas.Pattern.Find.String
B699_DEPENDENCY Init.Data.String.Lemmas.Pattern.Find
B699_DEPENDENCY Init.Data.String.Substring
B699_DEPENDENCY Init.Data.String.TakeDrop
B699_DEPENDENCY Init.Data.String.Lemmas.Pattern.TakeDrop.Basic
B699_DEPENDENCY Init.Data.String.Lemmas.Pattern.TakeDrop.Char
B699_DEPENDENCY Init.Data.String.Lemmas.Pattern.TakeDrop.Pred
B699_DEPENDENCY Init.Data.String.Lemmas.Pattern.TakeDrop.String
B699_DEPENDENCY Init.Data.String.Lemmas.Pattern.TakeDrop
B699_DEPENDENCY Init.Data.String.Lemmas.Pattern
B699_DEPENDENCY Init.Data.String.Iter.Intercalate
B699_DEPENDENCY Init.Data.String.Lemmas.Iter
B699_DEPENDENCY Init.Data.LawfulHashable
B699_DEPENDENCY Init.Data.String.Lemmas.Hashable
B699_DEPENDENCY Init.Data.String.Lemmas.TakeDrop
B699_DEPENDENCY Init.Data.List.Lex
B699_DEPENDENCY Init.Data.String.Lemmas.StringOrder
B699_DEPENDENCY Init.Data.String.Lemmas.Length
B699_DEPENDENCY Init.Data.String.Lemmas
B699_DEPENDENCY Init.Data.Range.Basic
B699_DEPENDENCY Init.Data.Range.Lemmas
B699_DEPENDENCY Init.Data.Range
B699_DEPENDENCY Init.Data.Slice.Basic
B699_DEPENDENCY Init.Data.Iterators.ToIterator
B699_DEPENDENCY Init.Data.Slice.Operations
B699_DEPENDENCY Init.Data.Array.Subarray
B699_DEPENDENCY Init.Data.Slice.Notation
B699_DEPENDENCY Init.Data.Slice.Array.Basic
B699_DEPENDENCY Init.Data.Stream
B699_DEPENDENCY Init.Data.String.Stream
B699_DEPENDENCY Init.Data.String.Legacy
B699_DEPENDENCY Init.Data.String.Iter
B699_DEPENDENCY Init.Data.String.Hashable
B699_DEPENDENCY Init.Data.String
B699_DEPENDENCY Init.Data.Order.Opposite
B699_DEPENDENCY Init.Data.Order.MinMaxOn
B699_DEPENDENCY Init.Data.List.MinMaxOn
B699_DEPENDENCY Init.Data.List.MinMaxIdx
B699_DEPENDENCY Init.Data.List.Nat.Pairwise
B699_DEPENDENCY Init.Data.List.Nat.Sublist
B699_DEPENDENCY Init.Data.List.Perm
B699_DEPENDENCY Init.Data.List.Nat.Perm
B699_DEPENDENCY Init.Data.List.Nat
B699_DEPENDENCY Init.Data.List.Int.Sum
B699_DEPENDENCY Init.Data.List.Int.Prod
B699_DEPENDENCY Init.Data.List.Int
B699_DEPENDENCY Init.Data.List.Sort.Basic
B699_DEPENDENCY Init.Data.List.Sort.Lemmas
B699_DEPENDENCY Init.Data.List.Sort.Impl
B699_DEPENDENCY Init.Data.List.Sort
B699_DEPENDENCY Init.Data.List.Scan.Basic
B699_DEPENDENCY Init.Data.List.Scan.Lemmas
B699_DEPENDENCY Init.Data.List.Scan
B699_DEPENDENCY Init.Data.List.ControlImpl
B699_DEPENDENCY Init.Data.List.SplitOn
B699_DEPENDENCY Init.Data.List
B699_DEPENDENCY Init.Data.Int.Bitwise
B699_DEPENDENCY Init.Data.Int.Compare
B699_DEPENDENCY Init.Data.Int.ToString
B699_DEPENDENCY Init.Data.Int
B699_DEPENDENCY Init.Data.Array.QSort.Basic
B699_DEPENDENCY Init.Data.Array.QSort
B699_DEPENDENCY Init.Data.Array.BinSearch
B699_DEPENDENCY Init.Data.Array.InsertionSort
B699_DEPENDENCY Init.Data.Array.Mem
B699_DEPENDENCY Init.Data.Array.BasicAux
B699_DEPENDENCY Init.Data.Array.TakeDrop
B699_DEPENDENCY Init.Data.Array.FinRange
B699_DEPENDENCY Init.Data.Array.Perm
B699_DEPENDENCY Init.Data.Array.Lex.Basic
B699_DEPENDENCY Init.Data.Range.Polymorphic.Lemmas
B699_DEPENDENCY Init.Data.Range.Polymorphic.NatLemmas
B699_DEPENDENCY Init.Data.Array.Lex.Lemmas
B699_DEPENDENCY Init.Data.Array.Lex
B699_DEPENDENCY Init.Data.Array.Zip
B699_DEPENDENCY Init.Data.Array.Range
B699_DEPENDENCY Init.Data.Array.Erase
B699_DEPENDENCY Init.Data.Array.Int
B699_DEPENDENCY Init.Data.Array.Subarray.Split
B699_DEPENDENCY Init.Data.Slice.Array.Iterator
B699_DEPENDENCY Init.Data.Iterators.Lemmas.Consumers.Monadic
B699_DEPENDENCY Init.Data.Iterators.Lemmas.Consumers.Access
B699_DEPENDENCY Init.Data.Iterators.Lemmas.Consumers
B699_DEPENDENCY Init.Data.Slice.InternalLemmas
B699_DEPENDENCY Init.Data.Slice.Lemmas
B699_DEPENDENCY Init.Data.Slice.List.Basic
B699_DEPENDENCY Init.Data.Iterators.Consumers.Monadic
B699_DEPENDENCY Init.Data.Iterators.Consumers.Stream
B699_DEPENDENCY Init.Data.Iterators.Consumers
B699_DEPENDENCY Init.Data.Iterators.Producers.Monadic.List
B699_DEPENDENCY Init.Data.Iterators.Producers.List
B699_DEPENDENCY Init.Data.Iterators.Combinators.Monadic.Take
B699_DEPENDENCY Init.Data.Iterators.Combinators.Take
B699_DEPENDENCY Init.Data.Slice.List.Iterator
B699_DEPENDENCY Init.Data.Iterators.Lemmas.Combinators.Monadic.Take
B699_DEPENDENCY Init.Data.Iterators.Lemmas.Combinators.Take
B699_DEPENDENCY Init.Data.Iterators.Lemmas.Producers.Monadic.List
B699_DEPENDENCY Init.Data.Iterators.Lemmas.Producers.List
B699_DEPENDENCY Init.Data.Slice.List.Lemmas
B699_DEPENDENCY Init.Data.Slice.Array.Lemmas
B699_DEPENDENCY Init.Data.Slice.Array
B699_DEPENDENCY Init.Data.Array.Sort.Basic
B699_DEPENDENCY Init.Data.Array.Sort.Lemmas
B699_DEPENDENCY Init.Data.Array.Sort
B699_DEPENDENCY Init.Data.Array
B699_DEPENDENCY Init.Data.ByteArray.Extra
B699_DEPENDENCY Init.Data.ByteArray
B699_DEPENDENCY Init.Data.Float.Model.Unpacked.Sign
B699_DEPENDENCY Init.Data.Float.Model.Unpacked.Basic
B699_DEPENDENCY Init.Data.Float.Model.Format.Basic
B699_DEPENDENCY Init.Data.Float.Model.Unpacked.Pack.Basic
B699_DEPENDENCY Init.Data.Float.Model.Format.Valid
B699_DEPENDENCY Init.Data.Float.Model.Unpacked.Pack.Lemmas
B699_DEPENDENCY Init.Data.Float.Model.Unpacked.Round
B699_DEPENDENCY Init.Data.Float.Model.Unpacked.Operations.Add
B699_DEPENDENCY Init.Data.Float.Model.Unpacked.Operations.Mul
B699_DEPENDENCY Init.Data.Float.Model.Unpacked.Operations.Sub
B699_DEPENDENCY Init.Data.Float.Model.Unpacked.Operations.Div
B699_DEPENDENCY Init.Data.Float.Model.Unpacked.Operations.Sqrt
B699_DEPENDENCY Init.Data.Float.Model.Unpacked.Operations.Compare
B699_DEPENDENCY Init.Data.Float.Model.Unpacked.Operations.Sign
B699_DEPENDENCY Init.Data.Float.Model.Unpacked.Operations.Status
B699_DEPENDENCY Init.Data.Float.Model.Unpacked.Operations.OfNat
B699_DEPENDENCY Init.Data.Float.Model.Unpacked.Operations.ToNat
B699_DEPENDENCY Init.Data.Float.Model.Unpacked.Operations.OfScientific
B699_DEPENDENCY Init.Data.Float.Model.Unpacked.Operations
B699_DEPENDENCY Init.Data.Float.Model.Float
B699_DEPENDENCY Init.Data.Float.Float
B699_DEPENDENCY Init.Data.FloatArray.Basic
B699_DEPENDENCY Init.Data.FloatArray
B699_DEPENDENCY Init.Data.Fin.Log2
B699_DEPENDENCY Init.Data.Fin
B699_DEPENDENCY Init.Data.UInt.Log2
B699_DEPENDENCY Init.Data.UInt.IntToBitVec
B699_DEPENDENCY Init.Data.UInt
B699_DEPENDENCY Init.Data.SInt.Float
B699_DEPENDENCY Init.Data.Float.Model.Float32
B699_DEPENDENCY Init.Data.Float.Float32
B699_DEPENDENCY Init.Data.SInt.Float32
B699_DEPENDENCY Init.Data.SInt.Bitwise
B699_DEPENDENCY Init.Data.SInt.IntToBitVec
B699_DEPENDENCY Init.Data.SInt
B699_DEPENDENCY Init.Data.Float.Model.Format
B699_DEPENDENCY Init.Data.Float.Model.Unpacked.Pack
B699_DEPENDENCY Init.Data.Float.Model.Unpacked
B699_DEPENDENCY Init.Data.Float.Model
B699_DEPENDENCY Init.Data.Float
B699_DEPENDENCY Init.Data.Option.Coe
B699_DEPENDENCY Init.Data.Option.Monadic
B699_DEPENDENCY Init.Data.Option.Function
B699_DEPENDENCY Init.Data.Option
B699_DEPENDENCY Init.Data.Ord.BitVec
B699_DEPENDENCY Init.Data.Ord.SInt
B699_DEPENDENCY Init.Data.Ord.String
B699_DEPENDENCY Init.Data.Ord.UInt
B699_DEPENDENCY Init.Data.Ord.Vector
B699_DEPENDENCY Init.Data.Ord
B699_DEPENDENCY Init.System.IOError
B699_DEPENDENCY Init.System.FilePath
B699_DEPENDENCY Init.System.IO
B699_DEPENDENCY Init.Data.Random
B699_DEPENDENCY Init.Data.ToString.Name
B699_DEPENDENCY Init.Data.ToString
B699_DEPENDENCY Init.Data.OfScientific
B699_DEPENDENCY Init.Data.Format.Macro
B699_DEPENDENCY Init.Data.Format.Instances
B699_DEPENDENCY Init.Data.Format.Syntax
B699_DEPENDENCY Init.Data.Format
B699_DEPENDENCY Init.Data.Queue
B699_DEPENDENCY Init.Data.Sum.Basic
B699_DEPENDENCY Init.Data.Sum.Lemmas
B699_DEPENDENCY Init.Data.Sum
B699_DEPENDENCY Init.Data.Subtype.OrderExtra
B699_DEPENDENCY Init.Data.Subtype
B699_DEPENDENCY Init.Data.ULift
B699_DEPENDENCY Init.Data.PLift
B699_DEPENDENCY Init.Data.Vector.Lex
B699_DEPENDENCY Init.Data.Vector.Attach
B699_DEPENDENCY Init.Data.Vector.MapIdx
B699_DEPENDENCY Init.Data.Vector.Count
B699_DEPENDENCY Init.Data.Vector.DecidableEq
B699_DEPENDENCY Init.Data.Vector.Zip
B699_DEPENDENCY Init.Data.Vector.Monadic
B699_DEPENDENCY Init.Data.Vector.OfFn
B699_DEPENDENCY Init.Data.Vector.Range
B699_DEPENDENCY Init.Data.Vector.Erase
B699_DEPENDENCY Init.Data.Vector.InsertIdx
B699_DEPENDENCY Init.Data.Vector.FinRange
B699_DEPENDENCY Init.Data.Vector.Extract
B699_DEPENDENCY Init.Data.Vector.Perm
B699_DEPENDENCY Init.Data.Vector.Find
B699_DEPENDENCY Init.Data.Vector.Algebra
B699_DEPENDENCY Init.Data.Vector.Stream
B699_DEPENDENCY Init.Data.Vector.Nat
B699_DEPENDENCY Init.Data.Vector.Int
B699_DEPENDENCY Init.Data.Vector
B699_DEPENDENCY Init.Data.Iterators.Producers.Monadic
B699_DEPENDENCY Init.Data.Iterators.Producers
B699_DEPENDENCY Init.Data.Iterators.Combinators.Monadic.Append
B699_DEPENDENCY Init.Data.Iterators.Combinators.Append
B699_DEPENDENCY Init.Data.Iterators.Combinators.Monadic.FlatMap
B699_DEPENDENCY Init.Data.Iterators.Combinators.Monadic.ULift
B699_DEPENDENCY Init.Data.Iterators.Combinators.Monadic
B699_DEPENDENCY Init.Data.Iterators.Combinators.FlatMap
B699_DEPENDENCY Init.Data.Iterators.Combinators.ULift
B699_DEPENDENCY Init.Data.Iterators.Combinators
B699_DEPENDENCY Init.Data.Iterators.Lemmas.Combinators.Monadic.Append
B699_DEPENDENCY Init.Data.Iterators.Lemmas.Combinators.Append
B699_DEPENDENCY Init.Data.Iterators.Combinators.Monadic.Attach
B699_DEPENDENCY Init.Data.Iterators.Combinators.Attach
B699_DEPENDENCY Init.Data.Iterators.Lemmas.Combinators.Monadic.Attach
B699_DEPENDENCY Init.Data.Iterators.Lemmas.Combinators.Attach
B699_DEPENDENCY Init.Data.Iterators.Lemmas.Combinators.Monadic.FlatMap
B699_DEPENDENCY Init.Data.Iterators.Lemmas.Combinators.Monadic.ULift
B699_DEPENDENCY Init.Data.Iterators.Lemmas.Combinators.Monadic
B699_DEPENDENCY Init.Data.Iterators.Lemmas.Combinators.FlatMap
B699_DEPENDENCY Init.Data.Iterators.Lemmas.Combinators.ULift
B699_DEPENDENCY Init.Data.Iterators.Lemmas.Combinators
B699_DEPENDENCY Init.Data.Iterators.Lemmas.Producers.Monadic
B699_DEPENDENCY Init.Data.Iterators.Lemmas.Producers
B699_DEPENDENCY Init.Data.Iterators.Lemmas
B699_DEPENDENCY Init.Data.Iterators.Internal
B699_DEPENDENCY Init.Data.Iterators
B699_DEPENDENCY Init.Data.Range.Polymorphic.Stream
B699_DEPENDENCY Init.Data.Range.Polymorphic.Map
B699_DEPENDENCY Init.Data.Range.Polymorphic.Fin
B699_DEPENDENCY Init.Data.Range.Polymorphic.Char
B699_DEPENDENCY Init.Data.Range.Polymorphic.Int
B699_DEPENDENCY Init.Data.Range.Polymorphic.BitVec
B699_DEPENDENCY Init.Data.Range.Polymorphic.UInt
B699_DEPENDENCY Init.Data.Range.Polymorphic.Internal.SignedBitVec
B699_DEPENDENCY Init.Data.Range.Polymorphic.SInt
B699_DEPENDENCY Init.Data.Range.Polymorphic.IntLemmas
B699_DEPENDENCY Init.Data.Range.Polymorphic.GetElemTactic
B699_DEPENDENCY Init.Data.Range.Polymorphic
B699_DEPENDENCY Init.Data.Slice.List
B699_DEPENDENCY Init.Data.Slice
B699_DEPENDENCY Init.Data.Order
B699_DEPENDENCY Init.Data.Rat
B699_DEPENDENCY Init.Data.Dyadic.Basic
B699_DEPENDENCY Init.Data.Dyadic.Instances
B699_DEPENDENCY Init.Data.Dyadic.Round
B699_DEPENDENCY Init.Data.Dyadic.Inv
B699_DEPENDENCY Init.Data.Dyadic
B699_DEPENDENCY Init.Data
B699_DEPENDENCY Init.While
B699_DEPENDENCY Init.System.Uri
B699_DEPENDENCY Init.System.Promise
B699_DEPENDENCY Init.System.CancelToken
B699_DEPENDENCY Init.System
B699_DEPENDENCY Init.Dynamic
B699_DEPENDENCY Init.ShareCommon
B699_DEPENDENCY Init.Guard
B699_DEPENDENCY Init.Simproc
B699_DEPENDENCY Init.CbvSimproc
B699_DEPENDENCY Init.SizeOfLemmas
B699_DEPENDENCY Init.MacroTrace
B699_DEPENDENCY Init.GrindInstances.Ring.Nat
B699_DEPENDENCY Init.GrindInstances.Ring.UInt
B699_DEPENDENCY Init.GrindInstances.Ring.SInt
B699_DEPENDENCY Init.GrindInstances.Ring.Fin
B699_DEPENDENCY Init.GrindInstances.Ring.BitVec
B699_DEPENDENCY Init.GrindInstances.Ring
B699_DEPENDENCY Init.GrindInstances.Nat
B699_DEPENDENCY Init.GrindInstances
B699_DEPENDENCY Init.Sym.Lemmas
B699_DEPENDENCY Init.Sym.Simp.SimprocDSL
B699_DEPENDENCY Init.Sym.DSimp.DSimprocDSL
B699_DEPENDENCY Init.Sym
B699_DEPENDENCY Init.Internal.Order.Basic
B699_DEPENDENCY Init.Internal.Order.Lemmas
B699_DEPENDENCY Init.Internal.Order.MonadTail
B699_DEPENDENCY Init.Internal.Order.While
B699_DEPENDENCY Init.Internal.Order.Tactic
B699_DEPENDENCY Init.Internal.Order
B699_DEPENDENCY Init.Internal
B699_DEPENDENCY Init.Try
B699_DEPENDENCY Init.Task
B699_DEPENDENCY Init.MethodSpecsSimp
B699_DEPENDENCY Init
B699_DEPENDENCY Lean.Data.LOption
B699_DEPENDENCY Lean.ImportingFlag
B699_DEPENDENCY Lean.Data.KVMap
B699_DEPENDENCY Std.Data.DHashMap.Internal.AssocList.Basic
B699_DEPENDENCY Std.Data.DHashMap.RawDef
B699_DEPENDENCY Std.Data.Internal.List.Defs
B699_DEPENDENCY Std.Data.DHashMap.Internal.Index
B699_DEPENDENCY Std.Data.DHashMap.Internal.Defs
B699_DEPENDENCY Std.Data.DHashMap.Raw
B699_DEPENDENCY Std.Data.DHashMap.Basic
B699_DEPENDENCY Std.Data.HashMap.Basic
B699_DEPENDENCY Std.Data.HashSet.Basic
B699_DEPENDENCY Std.Data.DTreeMap.Internal.Def
B699_DEPENDENCY Std.Data.DTreeMap.Internal.Balanced
B699_DEPENDENCY Std.Data.DTreeMap.Internal.Balancing
B699_DEPENDENCY Std.Data.Internal.Cut
B699_DEPENDENCY Std.Data.DTreeMap.Internal.Ordered
B699_DEPENDENCY Std.Data.DTreeMap.Internal.Queries
B699_DEPENDENCY Std.Data.DTreeMap.Internal.Operations
B699_DEPENDENCY Std.Data.DTreeMap.Internal.WF.Defs
B699_DEPENDENCY Std.Data.DTreeMap.Basic
B699_DEPENDENCY Std.Data.TreeMap.Basic
B699_DEPENDENCY Std.Data.TreeSet.Basic
B699_DEPENDENCY Lean.Data.PersistentHashMap
B699_DEPENDENCY Std.Data.Iterators.Producers.Monadic.Array
B699_DEPENDENCY Std.Data.Iterators.Producers.Array
B699_DEPENDENCY Std.Data.DHashMap.Internal.AssocList.Iterator
B699_DEPENDENCY Std.Data.DHashMap.Iterator
B699_DEPENDENCY Std.Data.HashMap.Raw
B699_DEPENDENCY Std.Data.HashMap.Iterator
B699_DEPENDENCY Lean.Data.Iterators.Producers.PersistentHashMap
B699_DEPENDENCY Lean.Data.SMap
B699_DEPENDENCY Lean.Data.SSet
B699_DEPENDENCY Lean.Data.Name
B699_DEPENDENCY Lean.Data.NameMap.Basic
B699_DEPENDENCY Lean.Data.Options
B699_DEPENDENCY Lean.Util.RecDepth
B699_DEPENDENCY Std.Data.DTreeMap.Raw.Basic
B699_DEPENDENCY Std.Data.TreeMap.Raw.Basic
B699_DEPENDENCY Lean.Data.PrefixTree
B699_DEPENDENCY Lean.Data.NameTrie
B699_DEPENDENCY Lean.Data.Json.Basic
B699_DEPENDENCY Std.Internal.Parsec.Basic
B699_DEPENDENCY Std.Internal.Parsec.String
B699_DEPENDENCY Std.Data.ByteSlice
B699_DEPENDENCY Std.Internal.Parsec.ByteArray
B699_DEPENDENCY Std.Internal.Parsec
B699_DEPENDENCY Lean.Data.Json.Parser
B699_DEPENDENCY Lean.Data.Format
B699_DEPENDENCY Lean.Data.Json.Printer
B699_DEPENDENCY Lean.Data.Json.FromToJson.Basic
B699_DEPENDENCY Lean.Util.LeanOptions
B699_DEPENDENCY Lean.Setup
B699_DEPENDENCY Lean.Data.PersistentArray
B699_DEPENDENCY Lean.Data.PersistentHashSet
B699_DEPENDENCY Lean.Hygiene
B699_DEPENDENCY Lean.Level
B699_DEPENDENCY Lean.Expr
B699_DEPENDENCY Lean.LocalContext
B699_DEPENDENCY Lean.Util.Path
B699_DEPENDENCY Lean.Util.FindExpr
B699_DEPENDENCY Lean.Util.Profile
B699_DEPENDENCY Lean.Util.PtrSet
B699_DEPENDENCY Lean.Util.ReplaceExpr
B699_DEPENDENCY Lean.Util.InstantiateLevelParams
B699_DEPENDENCY Lean.Declaration
B699_DEPENDENCY Lean.Util.FoldConsts
B699_DEPENDENCY Lean.PrivateName
B699_DEPENDENCY Lean.LoadDynlib
B699_DEPENDENCY Lean.CompactedRegion
B699_DEPENDENCY Lean.Environment
B699_DEPENDENCY Lean.EnvExtension
B699_DEPENDENCY Lean.Modifiers
B699_DEPENDENCY Lean.InternalExceptionId
B699_DEPENDENCY Lean.ToLevel
B699_DEPENDENCY Lean.ToExpr
B699_DEPENDENCY Lean.Data.Position
B699_DEPENDENCY Lean.Data.DeclarationRange
B699_DEPENDENCY Lean.Data.OpenDecl
B699_DEPENDENCY Lean.Util.MonadCache
B699_DEPENDENCY Lean.MetavarContext
B699_DEPENDENCY Lean.Data.PPContext
B699_DEPENDENCY Lean.Server.Rpc.Basic
B699_DEPENDENCY Lean.Widget.Types
B699_DEPENDENCY Lean.Elab.InfoTree.Types
B699_DEPENDENCY Lean.Util.PPExt
B699_DEPENDENCY Lean.Util.Sorry
B699_DEPENDENCY Lean.Message
B699_DEPENDENCY Lean.Syntax
B699_DEPENDENCY Lean.DocString.Links
B699_DEPENDENCY Lean.ErrorExplanation
B699_DEPENDENCY Lean.Exception
B699_DEPENDENCY Lean.Namespace
B699_DEPENDENCY Lean.Log
B699_DEPENDENCY Lean.ResolveName
B699_DEPENDENCY Lean.Data.Trie
B699_DEPENDENCY Lean.Elab.Exception
B699_DEPENDENCY Lean.AuxRecursor
B699_DEPENDENCY Lean.Compiler.Old
B699_DEPENDENCY Lean.MonadEnv
B699_DEPENDENCY Lean.DeclarationRange
B699_DEPENDENCY Lean.DocString.Types
B699_DEPENDENCY Lean.DocString.DeferredCheck
B699_DEPENDENCY Lean.DocString.Extension
B699_DEPENDENCY Lean.Parser.Types
B699_DEPENDENCY Lean.Util.Trace
B699_DEPENDENCY Lean.Elab.InfoTree.Basic
B699_DEPENDENCY Lean.Language.Basic
B699_DEPENDENCY Lean.Compiler.NoncomputableAttr
B699_DEPENDENCY Lean.CoreM
B699_DEPENDENCY Lean.Compiler.MetaAttr
B699_DEPENDENCY Lean.Attributes
B699_DEPENDENCY Lean.Util.CollectLevelParams
B699_DEPENDENCY Lean.Class
B699_DEPENDENCY Lean.ScopedEnvExtension
B699_DEPENDENCY Lean.ReducibilityAttrs
B699_DEPENDENCY Lean.Util.MonadBacktrack
B699_DEPENDENCY Lean.Meta.RecExt
B699_DEPENDENCY Lean.Compiler.InlineAttrs
B699_DEPENDENCY Lean.Meta.TransparencyMode
B699_DEPENDENCY Lean.Meta.Basic
B699_DEPENDENCY Lean.Data.Lsp.BasicAux
B699_DEPENDENCY Lean.Data.Lsp.Utf16
B699_DEPENDENCY Lean.Meta.ForEachExpr
B699_DEPENDENCY Lean.Data.LBool
B699_DEPENDENCY Lean.Meta.InferType
B699_DEPENDENCY Lean.Util.Recognizers
B699_DEPENDENCY Lean.Meta.Sorry
B699_DEPENDENCY Lean.Util.CollectAxioms
B699_DEPENDENCY Lean.OriginalConstKind
B699_DEPENDENCY Lean.ProjFns
B699_DEPENDENCY Lean.Structure
B699_DEPENDENCY Lean.AutoDecl
B699_DEPENDENCY Lean.Linter.Init
B699_DEPENDENCY Lean.AddDecl
B699_DEPENDENCY Lean.Meta.PPGoal
B699_DEPENDENCY Lean.ReservedNameAction
B699_DEPENDENCY Lean.Elab.InfoTree.Main
B699_DEPENDENCY Lean.Compiler.NameMangling
B699_DEPENDENCY Lean.Compiler.ModPkgExt
B699_DEPENDENCY Lean.Compiler.InitAttr
B699_DEPENDENCY Lean.Compiler.ExternAttr
B699_DEPENDENCY Lean.Compiler.IR.Basic
B699_DEPENDENCY Lean.Compiler.IR.Format
B699_DEPENDENCY Lean.Compiler.ExportAttr
B699_DEPENDENCY Lean.Compiler.LCNF.PublicDeclsExt
B699_DEPENDENCY Lean.Meta.DiscrTree.Types
B699_DEPENDENCY Lean.Meta.DiscrTree.Basic
B699_DEPENDENCY Lean.Util.SafeExponentiation
B699_DEPENDENCY Lean.Meta.GetUnfoldableConst
B699_DEPENDENCY Lean.Meta.LitValues
B699_DEPENDENCY Lean.Meta.NatInstTesters
B699_DEPENDENCY Lean.Meta.Offset
B699_DEPENDENCY Lean.Meta.CtorRecognizer
B699_DEPENDENCY Lean.Meta.Match.MatcherInfo
B699_DEPENDENCY Lean.Meta.Match.MatchPatternAttr
B699_DEPENDENCY Lean.Meta.FunInfo
B699_DEPENDENCY Lean.Meta.Transform
B699_DEPENDENCY Lean.Meta.WHNF
B699_DEPENDENCY Lean.Meta.DiscrTree.Main
B699_DEPENDENCY Lean.Util.CollectMVars
B699_DEPENDENCY Lean.Meta.CollectMVars
B699_DEPENDENCY Lean.Meta.PPBinder
B699_DEPENDENCY Lean.Util.UnusedBinders
B699_DEPENDENCY Lean.Util.CollectFVars
B699_DEPENDENCY Lean.Meta.CollectFVars
B699_DEPENDENCY Lean.Meta.Instances
B699_DEPENDENCY Lean.Compiler.Specialize
B699_DEPENDENCY Lean.Compiler.BorrowedAnnotation
B699_DEPENDENCY Lean.Compiler.LCNF.Types
B699_DEPENDENCY Lean.Compiler.LCNF.Basic
B699_DEPENDENCY Lean.Compiler.IR.CompilerM
B699_DEPENDENCY Lean.ExtraModUses
B699_DEPENDENCY Lean.KeyedDeclsAttribute
B699_DEPENDENCY Lean.Meta.AbstractMVars
B699_DEPENDENCY Lean.Meta.Check
B699_DEPENDENCY Lean.Meta.SynthInstance
B699_DEPENDENCY Lean.Util.FindMVar
B699_DEPENDENCY Lean.Util.FindLevelMVar
B699_DEPENDENCY Lean.Util.ReplaceLevel
B699_DEPENDENCY Lean.PrettyPrinter.Delaborator.Attributes
B699_DEPENDENCY Lean.PrettyPrinter.Delaborator.Options
B699_DEPENDENCY Lean.PrettyPrinter.Delaborator.FieldNotation
B699_DEPENDENCY Lean.SubExpr
B699_DEPENDENCY Lean.PrettyPrinter.Delaborator.SubExpr
B699_DEPENDENCY Lean.Elab.Config
B699_DEPENDENCY Lean.PrettyPrinter.Delaborator.TopDownAnalyze
B699_DEPENDENCY Lean.PrettyPrinter.Delaborator.Basic
B699_DEPENDENCY Lean.Elab.ErrorUtils
B699_DEPENDENCY Lean.PrettyPrinter.Delaborator.Metavariable
B699_DEPENDENCY Lean.Meta.CoeAttr
B699_DEPENDENCY Lean.Meta.DecLevel
B699_DEPENDENCY Lean.Meta.HasAssignableMVar
B699_DEPENDENCY Lean.Meta.AppBuilder
B699_DEPENDENCY Lean.Meta.Structure
B699_DEPENDENCY Lean.Parser.Basic
B699_DEPENDENCY Lean.DocString.Markdown
B699_DEPENDENCY Lean.BuiltinDocAttr
B699_DEPENDENCY Lean.Parser.Extension
B699_DEPENDENCY Lean.Parser.StrInterpolation
B699_DEPENDENCY Lean.ParserCompiler.Attribute
B699_DEPENDENCY Lean.PrettyPrinter.Basic
B699_DEPENDENCY Lean.PrettyPrinter.Formatter
B699_DEPENDENCY Lean.PrettyPrinter.Parenthesizer
B699_DEPENDENCY Lean.Parser.Extra
B699_DEPENDENCY Lean.Parser.Attr
B699_DEPENDENCY Lean.Parser.Level
B699_DEPENDENCY Lean.Parser.Term.Doc
B699_DEPENDENCY Lean.Parser.Term.Basic
B699_DEPENDENCY Lean.DocString.Syntax
B699_DEPENDENCY Lean.DocString.Parser
B699_DEPENDENCY Lean.DocString.Formatter
B699_DEPENDENCY Lean.Parser.Term
B699_DEPENDENCY Lean.Parser.Do
B699_DEPENDENCY Lean.Parser.Command
B699_DEPENDENCY Lean.PrettyPrinter.Delaborator.DeclWithSig
B699_DEPENDENCY Lean.PrettyPrinter.Delaborator.Builtins
B699_DEPENDENCY Lean.PrettyPrinter.Delaborator
B699_DEPENDENCY Lean.Parser.Module.Syntax
B699_DEPENDENCY Lean.Parser.Module
B699_DEPENDENCY Lean.Meta.ReduceEval
B699_DEPENDENCY Lean.ParserCompiler
B699_DEPENDENCY Lean.Util.NumObjs
B699_DEPENDENCY Lean.Util.ShareCommon
B699_DEPENDENCY Lean.PrettyPrinter
B699_DEPENDENCY Lean.Meta.Diagnostics
B699_DEPENDENCY Lean.DefEqAttrib
B699_DEPENDENCY Lean.Meta.Tactic.AuxLemma
B699_DEPENDENCY Lean.Util.ForEachExpr
B699_DEPENDENCY Lean.Meta.Closure
B699_DEPENDENCY Lean.Util.ForEachExprWhere
B699_DEPENDENCY Lean.Meta.Tactic.Util
B699_DEPENDENCY Lean.Meta.Tactic.Assumption
B699_DEPENDENCY Lean.Meta.RecursorInfo
B699_DEPENDENCY Lean.Meta.Tactic.Clear
B699_DEPENDENCY Lean.Meta.Tactic.Revert
B699_DEPENDENCY Lean.Meta.Tactic.Intro
B699_DEPENDENCY Lean.Data.AssocList
B699_DEPENDENCY Lean.Meta.Tactic.FVarSubst
B699_DEPENDENCY Lean.Meta.Tactic.Induction
B699_DEPENDENCY Lean.Meta.MatchUtil
B699_DEPENDENCY Lean.Meta.Tactic.Assert
B699_DEPENDENCY Lean.Meta.Tactic.Replace
B699_DEPENDENCY Lean.Meta.ACLt
B699_DEPENDENCY Lean.Meta.Match.Value
B699_DEPENDENCY Lean.Meta.Match.NamedPatterns
B699_DEPENDENCY Lean.Meta.Match.Basic
B699_DEPENDENCY Lean.Meta.LetToHave
B699_DEPENDENCY Lean.Meta.Eqns
B699_DEPENDENCY Lean.Meta.Match.MatchEqsExt
B699_DEPENDENCY Lean.Meta.Tactic.Subst
B699_DEPENDENCY Lean.Meta.Tactic.Injection
B699_DEPENDENCY Lean.Meta.Tactic.UnifyEq
B699_DEPENDENCY Lean.Util.SortExprs
B699_DEPENDENCY Lean.HeadIndex
B699_DEPENDENCY Lean.Meta.KExprMap
B699_DEPENDENCY Lean.Data.RArray
B699_DEPENDENCY Lean.Meta.Tactic.Simp.Arith.Nat.Basic
B699_DEPENDENCY Lean.Meta.Tactic.Simp.Arith.Util
B699_DEPENDENCY Lean.Meta.Tactic.Simp.Arith.Nat.Simp
B699_DEPENDENCY Lean.Meta.Tactic.Simp.Arith.Nat
B699_DEPENDENCY Lean.Meta.IntInstTesters
B699_DEPENDENCY Lean.Meta.Tactic.Simp.Arith.Int.Basic
B699_DEPENDENCY Lean.Meta.Tactic.Simp.Arith.Int.Simp
B699_DEPENDENCY Lean.Meta.Tactic.Simp.Arith.Int
B699_DEPENDENCY Lean.Meta.Tactic.Simp.Arith
B699_DEPENDENCY Lean.Meta.CongrTheorems
B699_DEPENDENCY Lean.Parser.Tactic.Doc
B699_DEPENDENCY Lean.DocString
B699_DEPENDENCY Lean.Meta.Tactic.Simp.SimpTheorems
B699_DEPENDENCY Lean.Meta.Tactic.Simp.SimpCongrTheorems
B699_DEPENDENCY Lean.Meta.Tactic.Simp.Types
B699_DEPENDENCY Lean.Meta.Tactic.Simp.Simproc
B699_DEPENDENCY Lean.Meta.Tactic.Simp.Attr
B699_DEPENDENCY Lean.Meta.BinderNameHint
B699_DEPENDENCY Lean.Meta.Tactic.Simp.Rewrite
B699_DEPENDENCY Lean.Meta.Tactic.Simp.Diagnostics
B699_DEPENDENCY Lean.Meta.MonadSimp
B699_DEPENDENCY Lean.Util.CollectLooseBVars
B699_DEPENDENCY Lean.Meta.HaveTelescope
B699_DEPENDENCY Lean.Meta.Tactic.Simp.Main
B699_DEPENDENCY Lean.Meta.Tactic.Acyclic
B699_DEPENDENCY Lean.Meta.CompletionName
B699_DEPENDENCY Lean.Linter.Deprecated
B699_DEPENDENCY Lean.Meta.Constructions.CtorIdx
B699_DEPENDENCY Lean.Meta.HasNotBit
B699_DEPENDENCY Lean.Meta.Constructions.SparseCasesOn
B699_DEPENDENCY Lean.Meta.Tactic.Cases
B699_DEPENDENCY Lean.Meta.Tactic.Apply
B699_DEPENDENCY Lean.Meta.Tactic.Contradiction
B699_DEPENDENCY Lean.Meta.KAbstract
B699_DEPENDENCY Lean.Meta.GeneralizeTelescope
B699_DEPENDENCY Lean.Meta.Match.MatcherApp.Basic
B699_DEPENDENCY Lean.Meta.Match.MVarRenaming
B699_DEPENDENCY Lean.Meta.Match.SimpH
B699_DEPENDENCY Lean.Meta.Match.SolveOverlap
B699_DEPENDENCY Lean.Meta.Match.CaseValues
B699_DEPENDENCY Lean.Meta.Match.CaseArraySizes
B699_DEPENDENCY Lean.Meta.Match.Match
B699_DEPENDENCY Lean.Meta.GeneralizeVars
B699_DEPENDENCY Lean.Elab.BindersUtil
B699_DEPENDENCY Lean.Meta.Coe
B699_DEPENDENCY Lean.Util.CollectLevelMVars
B699_DEPENDENCY Lean.Elab.Util
B699_DEPENDENCY Lean.Elab.DeprecatedSyntax
B699_DEPENDENCY Lean.Elab.Attributes
B699_DEPENDENCY Lean.Data.Json.Stream
B699_DEPENDENCY Std.Data.Internal.List.Associative
B699_DEPENDENCY Std.Data.DTreeMap.Internal.Cell
B699_DEPENDENCY Std.Data.DTreeMap.Internal.Model
B699_DEPENDENCY Std.Data.DTreeMap.Internal.WF.Lemmas
B699_DEPENDENCY Std.Data.DTreeMap.AdditionalOperations
B699_DEPENDENCY Std.Data.TreeMap.AdditionalOperations
B699_DEPENDENCY Lean.Data.Json.FromToJson.Extra
B699_DEPENDENCY Lean.Data.Json.FromToJson
B699_DEPENDENCY Lean.Data.Json.Elab
B699_DEPENDENCY Lean.Data.Json
B699_DEPENDENCY Lean.Data.Lsp.Basic
B699_DEPENDENCY Lean.Meta.TryThis
B699_DEPENDENCY Lean.Util.Diff
B699_DEPENDENCY Lean.Meta.Hint
B699_DEPENDENCY Lean.Elab.AutoBound
B699_DEPENDENCY Lean.Elab.Level
B699_DEPENDENCY Lean.Elab.PreDefinition.TerminationHint
B699_DEPENDENCY Lean.Elab.DeclarationRange
B699_DEPENDENCY Lean.Elab.WhereFinally
B699_DEPENDENCY Lean.Elab.InfoTree.InlayHints
B699_DEPENDENCY Lean.Elab.Term.TermElabM
B699_DEPENDENCY Lean.Elab.Command.Scope
B699_DEPENDENCY Lean.Elab.DocString
B699_DEPENDENCY Lean.DocString.Add
B699_DEPENDENCY Lean.Elab.DeclModifiers
B699_DEPENDENCY Lean.Elab.Term
B699_DEPENDENCY Lean.Elab.Arg
B699_DEPENDENCY Lean.Elab.MatchAltView
B699_DEPENDENCY Lean.Elab.PatternVar
B699_DEPENDENCY Lean.Elab.Quotation.Util
B699_DEPENDENCY Lean.Elab.Quotation.Precheck
B699_DEPENDENCY Lean.Util.OccursCheck
B699_DEPENDENCY Lean.Elab.Tactic.Basic
B699_DEPENDENCY Lean.Meta.AbstractNestedProofs
B699_DEPENDENCY Lean.Elab.SyntheticMVars
B699_DEPENDENCY Lean.Elab.Match
B699_DEPENDENCY Lean.Elab.Binders
B699_DEPENDENCY Lean.Elab.InfoTree
B699_DEPENDENCY Lean.Elab.SetOption
B699_DEPENDENCY Lean.Elab.Command
B699_DEPENDENCY Std.Data.Iterators.Producers.Range
B699_DEPENDENCY Std.Data.Iterators.Combinators.Monadic.StepSize
B699_DEPENDENCY Std.Data.Iterators.Combinators.StepSize
B699_DEPENDENCY Lean.Meta.WrapInstance
B699_DEPENDENCY Lean.Linter.AmbiguousOpen
B699_DEPENDENCY Lean.Elab.Open
B699_DEPENDENCY Lean.Compiler.Options
B699_DEPENDENCY Lean.Meta.Eval
B699_DEPENDENCY Lean.Elab.Eval
B699_DEPENDENCY Lean.Elab.BuiltinTerm
B699_DEPENDENCY Lean.Compiler.ImplementedByAttr
B699_DEPENDENCY Lean.IdentifierSuggestion
B699_DEPENDENCY Lean.Elab.BuiltinNotation
B699_DEPENDENCY Lean.Server.ServerTask
B699_DEPENDENCY Lean.Server.RequestCancellation
B699_DEPENDENCY Lean.Data.JsonRpc
B699_DEPENDENCY Lean.Data.Lsp.CancelParams
B699_DEPENDENCY Lean.Data.Lsp.LanguageFeatures
B699_DEPENDENCY Lean.Data.Lsp.Diagnostics
B699_DEPENDENCY Lean.Data.Lsp.CodeActions
B699_DEPENDENCY Lean.Data.Lsp.TextSync
B699_DEPENDENCY Lean.Data.Lsp.Extra
B699_DEPENDENCY Lean.Data.Lsp.Capabilities
B699_DEPENDENCY Lean.Data.Lsp.Client
B699_DEPENDENCY Lean.Data.Lsp.Communication
B699_DEPENDENCY Lean.Data.Lsp.Workspace
B699_DEPENDENCY Lean.Data.Lsp.InitShutdown
B699_DEPENDENCY Lean.Data.Lsp.Internal
B699_DEPENDENCY Lean.Data.Lsp.Ipc
B699_DEPENDENCY Lean.Data.Lsp.Window
B699_DEPENDENCY Lean.Data.Lsp
B699_DEPENDENCY Lean.Server.FileSource
B699_DEPENDENCY Lean.Language.Lean.Types
B699_DEPENDENCY Lean.DeprecatedModule
B699_DEPENDENCY Lean.Elab.Import
B699_DEPENDENCY Lean.Server.InfoUtils
B699_DEPENDENCY Lean.Server.Utils
B699_DEPENDENCY Lean.Widget.TaggedText
B699_DEPENDENCY Lean.Widget.Basic
B699_DEPENDENCY Lean.Widget.InteractiveCode
B699_DEPENDENCY Lean.Widget.InteractiveGoal
B699_DEPENDENCY Lean.Linter.Util
B699_DEPENDENCY Lean.Linter.UnusedVariables
B699_DEPENDENCY Lean.Widget.InteractiveDiagnostic
B699_DEPENDENCY Lean.Server.Snapshots
B699_DEPENDENCY Lean.Server.AsyncList
B699_DEPENDENCY Std.Sync.Basic
B699_DEPENDENCY Std.Sync.Mutex
B699_DEPENDENCY Lean.Server.FileWorker.Utils
B699_DEPENDENCY Lean.Server.Requests
B699_DEPENDENCY Lean.Server.CodeActions.Basic
B699_DEPENDENCY Lean.Server.CodeActions.Attr
B699_DEPENDENCY Lean.Server.CodeActions.Provider
B699_DEPENDENCY Batteries.CodeAction.Deprecated
B699_DEPENDENCY Batteries.Tactic.Alias
B699_DEPENDENCY Batteries.Logic
B699_DEPENDENCY Batteries.Util.LibraryNote
B699_DEPENDENCY Lean.Linter.Sets
B699_DEPENDENCY Std.Time.Internal.Bounded
B699_DEPENDENCY Std.Time.Internal.UnitVal
B699_DEPENDENCY Std.Time.Internal
B699_DEPENDENCY Std.Time.Time.Unit.Nanosecond
B699_DEPENDENCY Std.Time.Time.Unit.Second
B699_DEPENDENCY Std.Time.Time.Unit.Minute
B699_DEPENDENCY Std.Time.Time.Unit.Hour
B699_DEPENDENCY Std.Time.Time.Unit.Millisecond
B699_DEPENDENCY Std.Time.Time.Unit.Basic
B699_DEPENDENCY Std.Time.Time.Basic
B699_DEPENDENCY Std.Time.Time.HourMarker
B699_DEPENDENCY Std.Time.Time.PlainTime
B699_DEPENDENCY Std.Time.Time
B699_DEPENDENCY Std.Time.Date.Unit.Day
B699_DEPENDENCY Std.Time.Date.Unit.Month
B699_DEPENDENCY Std.Time.Date.Unit.Year
B699_DEPENDENCY Std.Time.Date.Unit.Weekday
B699_DEPENDENCY Std.Time.Date.Unit.Week
B699_DEPENDENCY Std.Time.Date.Unit.Basic
B699_DEPENDENCY Std.Time.Date.ValidDate
B699_DEPENDENCY Std.Time.Date.Basic
B699_DEPENDENCY Std.Time.Date.PlainDate
B699_DEPENDENCY Std.Time.Date
B699_DEPENDENCY Std.Time.Duration
B699_DEPENDENCY Std.Time.DateTime.WallTime
B699_DEPENDENCY Std.Time.DateTime.Timestamp
B699_DEPENDENCY Std.Time.Zoned.TimeZone
B699_DEPENDENCY Std.Time.Zoned.RecurringRule
B699_DEPENDENCY Std.Time.Zoned.ZoneRules
B699_DEPENDENCY Std.Time.Zoned.Database.TzIf
B699_DEPENDENCY Std.Time.Zoned.Database.PosixTz
B699_DEPENDENCY Std.Time.Zoned.Database.Basic
B699_DEPENDENCY Std.Time.Zoned.Database.TZdb
B699_DEPENDENCY Std.Time.Zoned.Database.Windows
B699_DEPENDENCY Std.Time.DateTime.PlainDateTime
B699_DEPENDENCY Std.Time.DateTime
B699_DEPENDENCY Std.Time.Zoned.Database
B699_DEPENDENCY Std.Time.Zoned
B699_DEPENDENCY Std.Time.Format.Modifier
B699_DEPENDENCY Std.Time.Format.DateFormat
B699_DEPENDENCY Std.Time.Format.Basic
B699_DEPENDENCY Std.Time.Notation.Spec
B699_DEPENDENCY Std.Time.Format
B699_DEPENDENCY Lean.Elab.Tactic.Grind.Annotated
B699_DEPENDENCY Lean.LibrarySuggestions.Basic
B699_DEPENDENCY Lean.LibrarySuggestions.SymbolFrequency
B699_DEPENDENCY Lean.LibrarySuggestions.SineQuaNon
B699_DEPENDENCY Lean.LibrarySuggestions.Default
B699_DEPENDENCY Lean.Linter.Basic
B699_DEPENDENCY Lean.Elab.ParseImportsFast
B699_DEPENDENCY Lean.Elab.AssertExists
B699_DEPENDENCY Mathlib.Tactic.Linter.DirectoryDependency
B699_DEPENDENCY Mathlib.Tactic.Linter.Header
B699_DEPENDENCY Mathlib.Lean.Linter
B699_DEPENDENCY Lean.Server.CodeActions
B699_DEPENDENCY Lean.Meta.Tactic.ExposeNames
B699_DEPENDENCY Lean.Server.Rpc.RequestHandling
B699_DEPENDENCY Lean.Widget.UserWidget
B699_DEPENDENCY Lean.Meta.Tactic.TryThis
B699_DEPENDENCY Mathlib.Tactic.AdaptationNote
B699_DEPENDENCY Mathlib.Tactic.Lemma
B699_DEPENDENCY Mathlib.Tactic.Linter.AuxLemma
B699_DEPENDENCY Mathlib.Tactic.Linter.DeprecatedSyntaxLinter
B699_DEPENDENCY Mathlib.Tactic.Linter.DocPrime
B699_DEPENDENCY Std.Data.Iterators.Combinators.Monadic.Zip
B699_DEPENDENCY Std.Data.Iterators.Combinators.Zip
B699_DEPENDENCY Mathlib.Tactic.Linter.DocString
B699_DEPENDENCY Mathlib.Tactic.Linter.EmptyLine
B699_DEPENDENCY Mathlib.Tactic.Linter.GlobalAttributeIn
B699_DEPENDENCY Mathlib.Tactic.Linter.HashCommandLinter
B699_DEPENDENCY Mathlib.Tactic.Linter.HaveILetI
B699_DEPENDENCY Lean.Meta.Tactic.Simp.SimpAll
B699_DEPENDENCY Lean.Meta.Tactic.Simp.BuiltinSimprocs.Core
B699_DEPENDENCY Lean.Meta.Tactic.Simp.BuiltinSimprocs.Util
B699_DEPENDENCY Lean.Meta.Tactic.Simp.BuiltinSimprocs.Nat
B699_DEPENDENCY Lean.Meta.Tactic.Simp.BuiltinSimprocs.Fin
B699_DEPENDENCY Lean.Meta.Tactic.Simp.BuiltinSimprocs.UInt
B699_DEPENDENCY Lean.Meta.Tactic.Simp.BuiltinSimprocs.Int
B699_DEPENDENCY Lean.Meta.Tactic.Simp.BuiltinSimprocs.SInt
B699_DEPENDENCY Lean.Meta.Tactic.Simp.BuiltinSimprocs.Char
B699_DEPENDENCY Lean.Meta.StringLitProof
B699_DEPENDENCY Lean.Meta.Tactic.Simp.BuiltinSimprocs.String
B699_DEPENDENCY Lean.Meta.Tactic.Simp.BuiltinSimprocs.BitVec
B699_DEPENDENCY Lean.Meta.Tactic.Simp.BuiltinSimprocs.List
B699_DEPENDENCY Lean.Meta.Tactic.Simp.BuiltinSimprocs.Array
B699_DEPENDENCY Lean.Meta.MethodSpecs
B699_DEPENDENCY Lean.Meta.Tactic.Simp.BuiltinSimprocs.MethodSpecs
B699_DEPENDENCY Lean.Meta.Tactic.Simp.BuiltinSimprocs.CtorIdx
B699_DEPENDENCY Lean.Meta.Tactic.Simp.BuiltinSimprocs
B699_DEPENDENCY Lean.Meta.Tactic.Simp.RegisterCommand
B699_DEPENDENCY Lean.Meta.Tactic.Simp
B699_DEPENDENCY Lean.Meta.Tactic.Simp.LoopProtection
B699_DEPENDENCY Lean.Meta.Tactic.Constructor
B699_DEPENDENCY Lean.Meta.Tactic.Rename
B699_DEPENDENCY Lean.Elab.Tactic.ElabTerm
B699_DEPENDENCY Lean.Elab.Tactic.Location
B699_DEPENDENCY Lean.Elab.ConfigEval.Types
B699_DEPENDENCY Lean.Elab.ConfigEval.Util
B699_DEPENDENCY Lean.Elab.ConfigEval.Basic
B699_DEPENDENCY Lean.Elab.ConfigEval.Commands
B699_DEPENDENCY Lean.Elab.DeclNameGen
B699_DEPENDENCY Lean.Elab.ConfigEval.DeriveEvalTerm
B699_DEPENDENCY Lean.Elab.ConfigEval.DeriveEvalExpr
B699_DEPENDENCY Lean.Elab.ConfigEval.Instances
B699_DEPENDENCY Lean.Elab.ConfigEval.DeriveEvalConfigItem
B699_DEPENDENCY Lean.Elab.ConfigEval.MetaInstances
B699_DEPENDENCY Lean.Elab.ConfigEval.Extra
B699_DEPENDENCY Lean.Elab.ConfigEval
B699_DEPENDENCY Lean.Elab.Tactic.Simp
B699_DEPENDENCY Mathlib.Tactic.Linter.FlexibleLinter
B699_DEPENDENCY Mathlib.Tactic.Linter.Multigoal
B699_DEPENDENCY Mathlib.Tactic.Linter.OldObtain
B699_DEPENDENCY Mathlib.Lean.Elab.Tactic.Meta
B699_DEPENDENCY Mathlib.Lean.ContextInfo
B699_DEPENDENCY Batteries.Lean.Position
B699_DEPENDENCY Mathlib.Lean.Expr.Basic
B699_DEPENDENCY Mathlib.Lean.Environment
B699_DEPENDENCY Batteries.Tactic.Lint.Basic
B699_DEPENDENCY Batteries.Tactic.Lint.Misc
B699_DEPENDENCY Mathlib.Lean.Elab.InfoTree
B699_DEPENDENCY Mathlib.Tactic.Linter.UnusedInstancesInType
B699_DEPENDENCY Mathlib.Tactic.Linter.OverlappingInstances
B699_DEPENDENCY Mathlib.Tactic.Linter.PrivateModule
B699_DEPENDENCY Lean.Elab.Tactic.Doc
B699_DEPENDENCY Mathlib.Tactic.Linter.TacticDocumentation
B699_DEPENDENCY Mathlib.Tactic.Linter.UnusedTacticExtension
B699_DEPENDENCY Batteries.Tactic.Unreachable
B699_DEPENDENCY Lean.Parser.Syntax
B699_DEPENDENCY Mathlib.Tactic.Linter.UnusedTactic
B699_DEPENDENCY Mathlib.Tactic.DeclarationNames
B699_DEPENDENCY Mathlib.Tactic.Linter.Style
B699_DEPENDENCY Mathlib.Tactic.Linter.Whitespace
B699_DEPENDENCY Lean.Util.Heartbeats
B699_DEPENDENCY Mathlib.Tactic.TacticAnalysis
B699_DEPENDENCY Lean.Meta.Tactic.Cleanup
B699_DEPENDENCY Batteries.Lean.Meta.Inaccessible
B699_DEPENDENCY Lean.Elab.DeclUtil
B699_DEPENDENCY Lean.Elab.DefView
B699_DEPENDENCY ImportGraph.Imports.ImportGraph
B699_DEPENDENCY ImportGraph.Imports.Redundant
B699_DEPENDENCY ImportGraph.Lean.Environment
B699_DEPENDENCY ImportGraph.Imports.RequiredModules
B699_DEPENDENCY Mathlib.Tactic.MinImports
B699_DEPENDENCY Mathlib.Tactic.ExtractGoal
B699_DEPENDENCY Mathlib.Util.ParseCommand
B699_DEPENDENCY Mathlib.Tactic.TacticAnalysis.Declarations
B699_DEPENDENCY Mathlib.Tactic.TypeStar
B699_DEPENDENCY Lean.Elab.Syntax
B699_DEPENDENCY Batteries.Tactic.HelpCmd
B699_DEPENDENCY Batteries.Lean.Syntax
B699_DEPENDENCY Batteries.Util.ProofWanted
B699_DEPENDENCY ImportGraph.Graph.TransitiveClosure
B699_DEPENDENCY ImportGraph.Tools.FindHome
B699_DEPENDENCY ImportGraph.Tools.ImportDiff
B699_DEPENDENCY ImportGraph.Tools.MinImports
B699_DEPENDENCY ImportGraph.Tools.RedundantImports
B699_DEPENDENCY ImportGraph.Tools
B699_DEPENDENCY Batteries.Tactic.OpenPrivate
B699_DEPENDENCY Batteries.Tactic.Lint.Simp
B699_DEPENDENCY Batteries.Tactic.Lint.TypeClass
B699_DEPENDENCY Batteries.Tactic.Lint.Frontend
B699_DEPENDENCY Batteries.Tactic.Lint
B699_DEPENDENCY Mathlib.Tactic.Linter.Lint
B699_DEPENDENCY Mathlib.Util.CodeActions.BinderPlicity
B699_DEPENDENCY Mathlib.Util.CodeActions
B699_DEPENDENCY Mathlib.Init
B699_DEPENDENCY Batteries.Lean.NameMapAttribute
B699_DEPENDENCY Mathlib.Tactic.Simps.NotationClass
B699_DEPENDENCY Lean.Meta.Tactic.ElimInfo
B699_DEPENDENCY Lean.Elab.RecAppSyntax
B699_DEPENDENCY Lean.Elab.DeprecatedArg
B699_DEPENDENCY Lean.Elab.App
B699_DEPENDENCY Lean.Meta.DiscrTree.Util
B699_DEPENDENCY Lean.Meta.DiscrTree
B699_DEPENDENCY Lean.Meta.Tactic.Ext
B699_DEPENDENCY Lean.Meta.Reduce
B699_DEPENDENCY Lean.Meta.Tactic.Refl
B699_DEPENDENCY Lean.Meta.Tactic.Rfl
B699_DEPENDENCY Lean.Meta.Tactic.Symm
B699_DEPENDENCY Mathlib.Lean.Meta.Simp
B699_DEPENDENCY Batteries.Tactic.Trans
B699_DEPENDENCY Mathlib.Tactic.Eqns
B699_DEPENDENCY Mathlib.Tactic.Translate.Attributes
B699_DEPENDENCY Mathlib.Data.String.Defs
B699_DEPENDENCY Mathlib.Tactic.Translate.GuessName
B699_DEPENDENCY Mathlib.Tactic.Translate.Reorder
B699_DEPENDENCY Lean.Meta.Tactic.Delta
B699_DEPENDENCY Mathlib.Tactic.Translate.UnfoldBoundary
B699_DEPENDENCY Mathlib.Tactic.Translate.Core
B699_DEPENDENCY Mathlib.Tactic.Translate.ToAdditive
B699_DEPENDENCY Mathlib.Tactic.ToAdditive
B699_DEPENDENCY Mathlib.Algebra.Notation.Defs
B699_DEPENDENCY Mathlib.Algebra.Regular.Defs
B699_DEPENDENCY Mathlib.Data.Int.Notation
B699_DEPENDENCY Mathlib.Data.Nat.BinaryRec
B699_DEPENDENCY Mathlib.Lean.Meta
B699_DEPENDENCY Mathlib.Lean.Name
B699_DEPENDENCY Mathlib.Tactic.MkIffOfInductiveProp
B699_DEPENDENCY Mathlib.Tactic.OfNat
B699_DEPENDENCY Mathlib.Data.Nat.Notation
B699_DEPENDENCY Lean.Linter.TacticTypeCheck
B699_DEPENDENCY Mathlib.Util.AddRelatedDecl
B699_DEPENDENCY Mathlib.Tactic.Simps.Basic
B699_DEPENDENCY Mathlib.Tactic.CrossRefAttribute
B699_DEPENDENCY Mathlib.Algebra.Group.Defs
B699_DEPENDENCY Batteries.Util.ExtendedBinder
B699_DEPENDENCY Mathlib.Lean.PrettyPrinter.Delaborator
B699_DEPENDENCY Mathlib.Tactic.SetNotationForOrder
B699_DEPENDENCY Mathlib.Tactic.Translate.TagUnfoldBoundary
B699_DEPENDENCY Mathlib.Tactic.Translate.ToDual
B699_DEPENDENCY Mathlib.Tactic.ToDual
B699_DEPENDENCY Mathlib.Data.Set.Defs
B699_DEPENDENCY Mathlib.Tactic.ExtendDoc
B699_DEPENDENCY Mathlib.Order.Defs.Unbundled
B699_DEPENDENCY Mathlib.Algebra.Group.Semiconj.Defs
B699_DEPENDENCY Mathlib.Algebra.Group.Commute.Defs
B699_DEPENDENCY Lean.LabelAttribute
B699_DEPENDENCY Mathlib.Tactic.Attr.Register
B699_DEPENDENCY Mathlib.Logic.Basic
B699_DEPENDENCY Mathlib.Logic.Function.Defs
B699_DEPENDENCY Mathlib.Logic.ExistsUnique
B699_DEPENDENCY Mathlib.Logic.Nonempty
B699_DEPENDENCY Mathlib.Tactic.Push.Attr
B699_DEPENDENCY Mathlib.Logic.Nontrivial.Defs
B699_DEPENDENCY Batteries.Tactic.Init
B699_DEPENDENCY Mathlib.Logic.Function.Basic
B699_DEPENDENCY Mathlib.Tactic.Spread
B699_DEPENDENCY Mathlib.Algebra.Group.InjSurj
B699_DEPENDENCY Aesop.Script.Tactic
B699_DEPENDENCY Batteries.Lean.Meta.Basic
B699_DEPENDENCY Aesop.Script.GoalWithMVars
B699_DEPENDENCY Aesop.Script.TacticState
B699_DEPENDENCY Aesop.Nanos
B699_DEPENDENCY Batteries.Data.Array.Merge
B699_DEPENDENCY Aesop.Util.UnorderedArraySet
B699_DEPENDENCY Aesop.Index.DiscrTreeConfig
B699_DEPENDENCY Aesop.Util.Basic
B699_DEPENDENCY Aesop.Tracing
B699_DEPENDENCY Batteries.Tactic.PermuteGoals
B699_DEPENDENCY Batteries.Lean.MonadBacktrack
B699_DEPENDENCY Batteries.Lean.Meta.SavedState
B699_DEPENDENCY Aesop.Util.EqualUpToIds
B699_DEPENDENCY Aesop.Script.Util
B699_DEPENDENCY Aesop.Script.Step
B699_DEPENDENCY Aesop.Script.UScript
B699_DEPENDENCY Aesop.Check
B699_DEPENDENCY Aesop.Script.Check
B699_DEPENDENCY Aesop.Rule.Name
B699_DEPENDENCY Aesop.Options.Public
B699_DEPENDENCY Aesop.Stats.Basic
B699_DEPENDENCY Aesop.Options.Internal
B699_DEPENDENCY Aesop.Script.OptimizeSyntax
B699_DEPENDENCY Aesop.Script.SScript
B699_DEPENDENCY Aesop.Script.UScriptToSScript
B699_DEPENDENCY Aesop.Script.StructureDynamic
B699_DEPENDENCY Aesop.Script.StructureStatic
B699_DEPENDENCY Aesop.Script.Main
B699_DEPENDENCY Aesop.Forward.LevelIndex
B699_DEPENDENCY Aesop.Forward.PremiseIndex
B699_DEPENDENCY Aesop.Forward.Substitution
B699_DEPENDENCY Aesop.Index.Basic
B699_DEPENDENCY Aesop.Percent
B699_DEPENDENCY Aesop.RulePattern.Cache
B699_DEPENDENCY Aesop.BaseM
B699_DEPENDENCY Aesop.RuleTac.GoalDiff
B699_DEPENDENCY Aesop.RuleTac.Basic
B699_DEPENDENCY Aesop.Forward.SlotIndex
B699_DEPENDENCY Aesop.RulePattern
B699_DEPENDENCY Aesop.Util.UnionFind
B699_DEPENDENCY Batteries.Linter.UnreachableTactic
B699_DEPENDENCY Batteries.Lean.TagAttribute
B699_DEPENDENCY Batteries.Lean.AttributeExtra
B699_DEPENDENCY Batteries.Linter.UnnecessarySeqFocus
B699_DEPENDENCY Batteries.Linter
B699_DEPENDENCY Batteries.Tactic.SeqFocus
B699_DEPENDENCY Batteries.Tactic.Basic
B699_DEPENDENCY Batteries.Classes.Order
B699_DEPENDENCY Batteries.Data.UInt
B699_DEPENDENCY Batteries.Data.Array.Basic
B699_DEPENDENCY Aesop.Forward.RuleInfo
B699_DEPENDENCY Aesop.RuleTac.RuleTerm
B699_DEPENDENCY Aesop.Rule.Forward
B699_DEPENDENCY Aesop.Forward.Match.Types
B699_DEPENDENCY Aesop.Script.CtorNames
B699_DEPENDENCY Aesop.RuleTac.Descr
B699_DEPENDENCY Aesop.Rule.Basic
B699_DEPENDENCY Aesop.Rule
B699_DEPENDENCY Aesop.ElabM
B699_DEPENDENCY Aesop.RuleTac.ElabRuleTerm
B699_DEPENDENCY Std.Do.SPred.SVal
B699_DEPENDENCY Std.Do.SPred.SPred
B699_DEPENDENCY Std.Do.SPred.Notation.Basic
B699_DEPENDENCY Std.Do.SPred.Notation
B699_DEPENDENCY Std.Do.SPred.Laws
B699_DEPENDENCY Std.Do.SPred.DerivedLaws
B699_DEPENDENCY Std.Do.SPred
B699_DEPENDENCY Std.Do.PostCond
B699_DEPENDENCY Std.Do.PredTrans
B699_DEPENDENCY Std.Do.WP.Basic
B699_DEPENDENCY Std.Do.WP.Monad
B699_DEPENDENCY Std.Do.WP.SimpLemmas
B699_DEPENDENCY Std.Do.Internal.Ensures.Def
B699_DEPENDENCY Std.Do.Internal.Ensures.Lemmas
B699_DEPENDENCY Std.Do.Internal.Ensures
B699_DEPENDENCY Std.Do.WP.Sound
B699_DEPENDENCY Std.Do.WP
B699_DEPENDENCY Std.Do.Triple.Basic
B699_DEPENDENCY Std.Do.Triple.SpecLemmas
B699_DEPENDENCY Std.Do.Triple
B699_DEPENDENCY Std.Do.Internal
B699_DEPENDENCY Std.Do
B699_DEPENDENCY Std.Tactic.Do.ProofMode
B699_DEPENDENCY Std.Tactic.Do.Syntax
B699_DEPENDENCY Lean.Parser.Tactic
B699_DEPENDENCY Lean.Meta.Tactic.FunIndInfo
B699_DEPENDENCY Lean.Meta.Tactic.FunIndCollect
B699_DEPENDENCY Lean.Meta.Tactic.Generalize
B699_DEPENDENCY Lean.Elab.Tactic.Induction
B699_DEPENDENCY Lean.Elab.Tactic.RCases
B699_DEPENDENCY Lean.Elab.Tactic.Ext
B699_DEPENDENCY Aesop.Util.Tactic.Ext
B699_DEPENDENCY Aesop.Script.ScriptM
B699_DEPENDENCY Aesop.Util.Tactic
B699_DEPENDENCY Aesop.Util.Unfold
B699_DEPENDENCY Aesop.Util.Tactic.Unfold
B699_DEPENDENCY Lean.Meta.Tactic.SplitIf
B699_DEPENDENCY Lean.Meta.Tactic.Split
B699_DEPENDENCY Aesop.Script.SpecificTactics
B699_DEPENDENCY Aesop.RuleTac.Forward.Basic
B699_DEPENDENCY Batteries.Lean.Meta.UnusedNames
B699_DEPENDENCY Aesop.Forward.Match
B699_DEPENDENCY Aesop.Tree.Data.ForwardRuleMatches
B699_DEPENDENCY Aesop.Constants
B699_DEPENDENCY Aesop.Tree.UnsafeQueue
B699_DEPENDENCY Aesop.EMap
B699_DEPENDENCY Aesop.Forward.State
B699_DEPENDENCY Aesop.Tree.Data
B699_DEPENDENCY Aesop.Search.Queue.Class
B699_DEPENDENCY Aesop.Util.OrderedHashSet
B699_DEPENDENCY Batteries.Lean.Meta.Expr
B699_DEPENDENCY Batteries.Lean.PersistentHashMap
B699_DEPENDENCY Batteries.Lean.Meta.DiscrTree
B699_DEPENDENCY Aesop.Index.RulePattern
B699_DEPENDENCY Batteries.Lean.Meta.InstantiateMVars
B699_DEPENDENCY Batteries.Lean.PersistentHashSet
B699_DEPENDENCY Aesop.Index
B699_DEPENDENCY Aesop.Index.Forward
B699_DEPENDENCY Aesop.RuleSet.Name
B699_DEPENDENCY Aesop.RuleSet.Filter
B699_DEPENDENCY Aesop.RuleSet.Member
B699_DEPENDENCY Aesop.RuleSet
B699_DEPENDENCY Aesop.Forward.State.Initial
B699_DEPENDENCY Aesop.Tree.TreeM
B699_DEPENDENCY Aesop.Search.SearchM
B699_DEPENDENCY Aesop.Tree.RunMetaM
B699_DEPENDENCY Aesop.Tree.Traversal
B699_DEPENDENCY Aesop.Tree.State
B699_DEPENDENCY Batteries.Lean.HashSet
B699_DEPENDENCY Aesop.Forward.State.ApplyGoalDiff
B699_DEPENDENCY Aesop.RuleTac.Apply
B699_DEPENDENCY Aesop.RuleTac.Cases
B699_DEPENDENCY Aesop.RuleTac.Forward
B699_DEPENDENCY Aesop.RuleTac.Preprocess
B699_DEPENDENCY Aesop.RuleTac.Tactic
B699_DEPENDENCY Aesop.RuleTac
B699_DEPENDENCY Aesop.Search.Expansion.Basic
B699_DEPENDENCY Aesop.Search.Expansion.Simp
B699_DEPENDENCY Aesop.Search.RuleSelection
B699_DEPENDENCY Aesop.Search.Expansion.Norm
B699_DEPENDENCY Aesop.Tree.AddRapp
B699_DEPENDENCY Aesop.Forward.State.UpdateGoal
B699_DEPENDENCY Aesop.Search.Expansion
B699_DEPENDENCY Aesop.Exception
B699_DEPENDENCY Aesop.Search.ExpandSafePrefix
B699_DEPENDENCY Aesop.Tree.Check
B699_DEPENDENCY Aesop.Tree.ExtractProof
B699_DEPENDENCY Aesop.Tree.ExtractScript
B699_DEPENDENCY Aesop.Tree.Tracing
B699_DEPENDENCY Aesop.Frontend.Extension.Init
B699_DEPENDENCY Aesop.Frontend.Extension
B699_DEPENDENCY Batteries.Control.ForInStep.Basic
B699_DEPENDENCY Batteries.Data.BinomialHeap.Basic
B699_DEPENDENCY Aesop.Search.Queue
B699_DEPENDENCY Aesop.Tree.Free
B699_DEPENDENCY Aesop.Tree.Stats
B699_DEPENDENCY Aesop.Search.Main
B699_DEPENDENCY Aesop.Builder.Basic
B699_DEPENDENCY Batteries.Lean.Expr
B699_DEPENDENCY Aesop.Builder.Cases
B699_DEPENDENCY Aesop.Builder.Constructors
B699_DEPENDENCY Aesop.Builder.NormSimp
B699_DEPENDENCY Aesop.Builder.Tactic
B699_DEPENDENCY Aesop.Builder.Apply
B699_DEPENDENCY Aesop.Builder.Default
B699_DEPENDENCY Aesop.Builder.Forward
B699_DEPENDENCY Aesop.Builder.Unfold
B699_DEPENDENCY Aesop.Frontend.RuleExpr
B699_DEPENDENCY Aesop.Frontend.Tactic
B699_DEPENDENCY Aesop.Stats.Extension
B699_DEPENDENCY Aesop.Stats.File
B699_DEPENDENCY Aesop.Main
B699_DEPENDENCY Aesop.Frontend.Attribute
B699_DEPENDENCY Aesop.Frontend.Basic
B699_DEPENDENCY Aesop.Stats.Report
B699_DEPENDENCY Aesop.Frontend.Command
B699_DEPENDENCY Aesop.Saturate
B699_DEPENDENCY Aesop.Frontend.Saturate
B699_DEPENDENCY Aesop.Frontend
B699_DEPENDENCY Aesop.BuiltinRules.Assumption
B699_DEPENDENCY Aesop.BuiltinRules.ApplyHyps
B699_DEPENDENCY Aesop.BuiltinRules.DestructProducts
B699_DEPENDENCY Aesop.BuiltinRules.Ext
B699_DEPENDENCY Aesop.BuiltinRules.Intros
B699_DEPENDENCY Aesop.BuiltinRules.Rfl
B699_DEPENDENCY Aesop.BuiltinRules.Split
B699_DEPENDENCY Aesop.BuiltinRules.Subst
B699_DEPENDENCY Aesop.BuiltinRules
B699_DEPENDENCY Aesop
B699_DEPENDENCY Lean.Elab.Do.ForwardSyntax
B699_DEPENDENCY Lean.Elab.Quotation
B699_DEPENDENCY Lean.Elab.Do.PatternVar
B699_DEPENDENCY Lean.Elab.Do.InferControlInfo
B699_DEPENDENCY Lean.Meta.ProdN
B699_DEPENDENCY Lean.Parser
B699_DEPENDENCY Lean.Elab.Do.Basic
B699_DEPENDENCY Lean.Elab.Do.Control
B699_DEPENDENCY Lean.Elab.Do.Legacy
B699_DEPENDENCY Lean.Elab.Do.Switch
B699_DEPENDENCY Lean.Elab.Do
B699_DEPENDENCY Lean.Elab.Tactic.RenameInaccessibles
B699_DEPENDENCY Lean.Elab.Tactic.BuiltinTactic
B699_DEPENDENCY Lean.Elab.Tactic.Conv.Basic
B699_DEPENDENCY Lean.Meta.Tactic.Rewrite
B699_DEPENDENCY Lean.Elab.Tactic.Rewrite
B699_DEPENDENCY Mathlib.Tactic.DepRewrite
B699_DEPENDENCY Mathlib.Data.Int.Init
B699_DEPENDENCY Mathlib.Logic.Function.Conjugate
B699_DEPENDENCY Mathlib.Logic.Function.Iterate
B699_DEPENDENCY Mathlib.Tactic.SimpRw
B699_DEPENDENCY Lean.Util.NumApps
B699_DEPENDENCY Lean.Elab.PreDefinition.Basic
B699_DEPENDENCY Mathlib.Tactic.Core
B699_DEPENDENCY Mathlib.Tactic.SplitIfs
B699_DEPENDENCY Mathlib.Algebra.Group.Basic
B699_DEPENDENCY Mathlib.Algebra.Group.Torsion
B699_DEPENDENCY Mathlib.Logic.IsEmpty.Defs
B699_DEPENDENCY Mathlib.Tactic.Inhabit
B699_DEPENDENCY Mathlib.Logic.Unique
B699_DEPENDENCY Lean.Compiler.CSimpAttr
B699_DEPENDENCY Mathlib.Util.CompileInductive
B699_DEPENDENCY Mathlib.Data.FunLike.Basic
B699_DEPENDENCY Mathlib.Data.FunLike.Embedding
B699_DEPENDENCY Mathlib.Data.FunLike.Equiv
B699_DEPENDENCY Mathlib.Logic.Relator
B699_DEPENDENCY Mathlib.Tactic.Use
B699_DEPENDENCY Mathlib.Order.Defs.Prop
B699_DEPENDENCY Mathlib.Logic.Relation
B699_DEPENDENCY Lean.Elab.MacroArgUtil
B699_DEPENDENCY Lean.Elab.AuxDef
B699_DEPENDENCY Mathlib.Lean.Elab.Term
B699_DEPENDENCY Mathlib.Util.WithWeakNamespace
B699_DEPENDENCY Mathlib.Tactic.ScopedNS
B699_DEPENDENCY Mathlib.Util.Notation3
B699_DEPENDENCY Mathlib.Data.Quot
B699_DEPENDENCY Mathlib.Data.Subtype
B699_DEPENDENCY Mathlib.Tactic.Substs
B699_DEPENDENCY Mathlib.Logic.Equiv.Defs
B699_DEPENDENCY Mathlib.Algebra.Opposites
B699_DEPENDENCY Mathlib.Tactic.Conv
B699_DEPENDENCY Mathlib.Algebra.Group.Opposite
B699_DEPENDENCY Qq.ForLean.ReduceEval
B699_DEPENDENCY Qq.ForLean.ToExpr
B699_DEPENDENCY Qq.Typ
B699_DEPENDENCY Qq.Macro
B699_DEPENDENCY Qq.Delab
B699_DEPENDENCY Qq.MetaM
B699_DEPENDENCY Qq.Simp
B699_DEPENDENCY Qq.ForLean.Do
B699_DEPENDENCY Qq.SortLocalDecls
B699_DEPENDENCY Qq.MatchImpl
B699_DEPENDENCY Qq.Match
B699_DEPENDENCY Qq.AssertInstancesCommute
B699_DEPENDENCY Qq.Commands
B699_DEPENDENCY Qq
B699_DEPENDENCY Plausible.Random
B699_DEPENDENCY Plausible.Gen
B699_DEPENDENCY Plausible.Arbitrary
B699_DEPENDENCY Plausible.Shrinkable
B699_DEPENDENCY Plausible.Sampleable
B699_DEPENDENCY Lean.Linter.MissingDocs
B699_DEPENDENCY Lean.Elab.Tactic.Config
B699_DEPENDENCY Plausible.Testable
B699_DEPENDENCY Plausible.Functions
B699_DEPENDENCY Plausible.Attr
B699_DEPENDENCY Plausible.Tactic
B699_DEPENDENCY Lean.Elab.Deriving.Basic
B699_DEPENDENCY Lean.Elab.Deriving.Util
B699_DEPENDENCY Plausible.ArbitraryFueled
B699_DEPENDENCY Plausible.DeriveArbitrary
B699_DEPENDENCY Plausible.DeriveShrinkable
B699_DEPENDENCY Plausible
B699_DEPENDENCY Batteries.Tactic.Case
B699_DEPENDENCY Batteries.Tactic.GeneralizeProofs
B699_DEPENDENCY Batteries.CodeAction.Attr
B699_DEPENDENCY Batteries.CodeAction.Basic
B699_DEPENDENCY Batteries.CodeAction.Misc
B699_DEPENDENCY Batteries.Data.List.Basic
B699_DEPENDENCY Batteries.CodeAction.Match
B699_DEPENDENCY Batteries.CodeAction
B699_DEPENDENCY LeanSearchClient.Basic
B699_DEPENDENCY Lean.Elab.Tactic.Meta
B699_DEPENDENCY LeanSearchClient.Syntax
B699_DEPENDENCY LeanSearchClient.LoogleSyntax
B699_DEPENDENCY LeanSearchClient
B699_DEPENDENCY Mathlib.Tactic.ApplyCongr
B699_DEPENDENCY Mathlib.Lean.Meta.Basic
B699_DEPENDENCY Mathlib.Tactic.ApplyAt
B699_DEPENDENCY Mathlib.Tactic.ApplyWith
B699_DEPENDENCY Lean.Elab.BuiltinCommand
B699_DEPENDENCY Mathlib.Tactic.PPWithUniv
B699_DEPENDENCY Mathlib.Tactic.Basic
B699_DEPENDENCY Lean.Elab.Tactic.Split
B699_DEPENDENCY Lean.Elab.ElabRules
B699_DEPENDENCY Lean.Elab.Tactic.SimpTrace
B699_DEPENDENCY Lean.Elab.Tactic.Conv.Simp
B699_DEPENDENCY Mathlib.Util.AtLocation
B699_DEPENDENCY Mathlib.Tactic.Push
B699_DEPENDENCY Mathlib.Tactic.ByCases
B699_DEPENDENCY Mathlib.Tactic.ByContra
B699_DEPENDENCY Lean.Elab.Tactic.Conv.Pattern
B699_DEPENDENCY Mathlib.Tactic.CasesM
B699_DEPENDENCY Mathlib.Tactic.Check
B699_DEPENDENCY Mathlib.Tactic.Choose
B699_DEPENDENCY Mathlib.Tactic.ClearExclamation
B699_DEPENDENCY Mathlib.Tactic.ClearExcept
B699_DEPENDENCY Mathlib.Tactic.Clear_
B699_DEPENDENCY ProofWidgets.Compat
B699_DEPENDENCY ProofWidgets.Component.Basic
B699_DEPENDENCY ProofWidgets.Component.MakeEditLink
B699_DEPENDENCY Lean.Widget.Commands
B699_DEPENDENCY ProofWidgets.Component.Panel.Basic
B699_DEPENDENCY ProofWidgets.Util
B699_DEPENDENCY ProofWidgets.Data.Html
B699_DEPENDENCY ProofWidgets.Component.RefreshComponent
B699_DEPENDENCY Batteries.Lean.Except
B699_DEPENDENCY Batteries.Tactic.Exact
B699_DEPENDENCY Mathlib.Tactic.GCongr.ForwardAttr
B699_DEPENDENCY Mathlib.Tactic.GCongr.Core
B699_DEPENDENCY Mathlib.Tactic.GRewrite.Core
B699_DEPENDENCY Mathlib.Tactic.GRewrite.Elab
B699_DEPENDENCY Mathlib.Tactic.GRewrite
B699_DEPENDENCY Mathlib.Tactic.NthRewrite
B699_DEPENDENCY Mathlib.Tactic.ClickSuggestions.Util
B699_DEPENDENCY ProofWidgets.Component.FilterDetails
B699_DEPENDENCY Mathlib.Tactic.ClickSuggestions.SectionState
B699_DEPENDENCY Mathlib.Control.Combinators
B699_DEPENDENCY Mathlib.Tactic.Attr.Core
B699_DEPENDENCY Mathlib.Control.Basic
B699_DEPENDENCY Mathlib.Tactic.ClickSuggestions.Rewrite
B699_DEPENDENCY Lean.Meta.ExprLens
B699_DEPENDENCY Mathlib.Tactic.ClickSuggestions.GRewrite
B699_DEPENDENCY Mathlib.Tactic.ClickSuggestions.Apply
B699_DEPENDENCY Mathlib.Tactic.ClickSuggestions.ApplyAt
B699_DEPENDENCY Mathlib.Lean.FoldEnvironment
B699_DEPENDENCY Mathlib.Lean.Meta.RefinedDiscrTree.Basic
B699_DEPENDENCY Lean.Meta.LazyDiscrTree
B699_DEPENDENCY Mathlib.Lean.Meta.RefinedDiscrTree.Encode
B699_DEPENDENCY Mathlib.Lean.Meta.RefinedDiscrTree.Lookup
B699_DEPENDENCY Mathlib.Lean.Meta.RefinedDiscrTree.Initialize
B699_DEPENDENCY Mathlib.Lean.Meta.RefinedDiscrTree
B699_DEPENDENCY Mathlib.Tactic.ClickSuggestions.FindPremises
B699_DEPENDENCY Mathlib.Tactic.ClickSuggestions.TryPremises
B699_DEPENDENCY Mathlib.Tactic.Widget.SelectInsertParamsClass
B699_DEPENDENCY Mathlib.Tactic.Widget.SelectPanelUtils
B699_DEPENDENCY Mathlib.Lean.GoalsLocation
B699_DEPENDENCY Mathlib.Lean.Meta.KAbstractPositions
B699_DEPENDENCY ProofWidgets.Cancellable
B699_DEPENDENCY ProofWidgets.Component.OfRpcMethod
B699_DEPENDENCY Mathlib.Tactic.ClickSuggestions.Unfold
B699_DEPENDENCY Mathlib.Tactic.Widget.Conv
B699_DEPENDENCY Lean.Server.FileWorker.ExampleHover
B699_DEPENDENCY Lean.Server.GoTo
B699_DEPENDENCY Lean.Server.FileWorker.InlayHints
B699_DEPENDENCY Lean.Server.FileWorker.SemanticHighlighting
B699_DEPENDENCY Lean.Server.FileWorker.SignatureHelp
B699_DEPENDENCY Lean.Server.Completion.CompletionUtils
B699_DEPENDENCY Lean.Data.FuzzyMatching
B699_DEPENDENCY Lean.Server.Completion.SyntheticCompletion
B699_DEPENDENCY Lean.Server.Completion.CompletionInfoSelection
B699_DEPENDENCY Lean.Server.Completion.CompletionResolution
B699_DEPENDENCY Lean.Server.Completion.EligibleHeaderDecls
B699_DEPENDENCY Lean.Server.Completion.CompletionCollectors
B699_DEPENDENCY Std.Data.DHashMap.Internal.Raw
B699_DEPENDENCY Std.Data.DHashMap.Internal.HashesTo
B699_DEPENDENCY Std.Data.DHashMap.Internal.AssocList.Lemmas
B699_DEPENDENCY Std.Data.DHashMap.Internal.Model
B699_DEPENDENCY Std.Data.DHashMap.Internal.WF
B699_DEPENDENCY Std.Data.DHashMap.AdditionalOperations
B699_DEPENDENCY Std.Data.HashMap.AdditionalOperations
B699_DEPENDENCY Std.Data.DHashMap.Internal.RawLemmas
B699_DEPENDENCY Std.Data.DHashMap.Lemmas
B699_DEPENDENCY Std.Data.HashMap.Lemmas
B699_DEPENDENCY Std.Data.Iterators.Producers.Monadic.Vector
B699_DEPENDENCY Std.Data.Iterators.Producers.Monadic.Empty
B699_DEPENDENCY Std.Data.Iterators.Producers.Monadic
B699_DEPENDENCY Std.Data.Iterators.Producers.Vector
B699_DEPENDENCY Std.Data.Iterators.Producers.Empty
B699_DEPENDENCY Std.Data.Iterators.Producers.Repeat
B699_DEPENDENCY Std.Data.Iterators.Producers.Slice
B699_DEPENDENCY Std.Data.Iterators.Producers
B699_DEPENDENCY Std.Data.Iterators.Combinators.Monadic.TakeWhile
B699_DEPENDENCY Std.Data.Iterators.Combinators.Monadic.Drop
B699_DEPENDENCY Std.Data.Iterators.Combinators.Monadic.DropWhile
B699_DEPENDENCY Std.Data.Iterators.Combinators.Monadic
B699_DEPENDENCY Std.Data.Iterators.Combinators.TakeWhile
B699_DEPENDENCY Std.Data.Iterators.Combinators.Drop
B699_DEPENDENCY Std.Data.Iterators.Combinators.DropWhile
B699_DEPENDENCY Std.Data.Iterators.Combinators
B699_DEPENDENCY Std.Data.Iterators.Lemmas.Monadic
B699_DEPENDENCY Std.Data.Iterators.Lemmas.Equivalence.HetT
B699_DEPENDENCY Std.Data.Iterators.Lemmas.Equivalence.Basic
B699_DEPENDENCY Std.Data.Iterators.Lemmas.Equivalence.StepCongr
B699_DEPENDENCY Std.Data.Iterators.Lemmas.Consumers.Monadic.Collect
B699_DEPENDENCY Std.Data.Iterators.Lemmas.Consumers.Monadic.Loop
B699_DEPENDENCY Std.Data.ExtDHashMap.Basic
B699_DEPENDENCY Std.Data.ExtHashMap.Basic
B699_DEPENDENCY Std.Data.ExtHashSet.Basic
B699_DEPENDENCY Std.Data.DTreeMap.Internal.Lemmas
B699_DEPENDENCY Std.Data.DTreeMap.Lemmas
B699_DEPENDENCY Std.Data.ExtDTreeMap.Basic
B699_DEPENDENCY Std.Data.ExtTreeMap.Basic
B699_DEPENDENCY Std.Data.ExtTreeSet.Basic
B699_DEPENDENCY Std.Data.Iterators.Consumers.Monadic.Set
B699_DEPENDENCY Std.Data.ExtDHashMap.Lemmas
B699_DEPENDENCY Std.Data.ExtHashMap.Lemmas
B699_DEPENDENCY Std.Data.ExtHashSet.Lemmas
B699_DEPENDENCY Std.Data.ExtDTreeMap.Lemmas
B699_DEPENDENCY Std.Data.ExtTreeMap.Lemmas
B699_DEPENDENCY Std.Data.ExtTreeSet.Lemmas
B699_DEPENDENCY Std.Data.Iterators.Lemmas.Consumers.Monadic.Set
B699_DEPENDENCY Std.Data.Iterators.Lemmas.Consumers.Monadic
B699_DEPENDENCY Std.Data.Iterators.Lemmas.Combinators.Monadic.TakeWhile
B699_DEPENDENCY Std.Data.Iterators.Lemmas.Combinators.Monadic.Drop
B699_DEPENDENCY Std.Data.Iterators.Lemmas.Combinators.Monadic.DropWhile
B699_DEPENDENCY Std.Data.Iterators.Lemmas.Combinators.Monadic.FilterMap
B699_DEPENDENCY Std.Data.Iterators.Lemmas.Combinators.Monadic.Zip
B699_DEPENDENCY Std.Data.Iterators.Lemmas.Combinators.Monadic
B699_DEPENDENCY Std.Data.Iterators.Lemmas.Consumers.Collect
B699_DEPENDENCY Std.Data.Iterators.Lemmas.Consumers.Loop
B699_DEPENDENCY Std.Data.Iterators.Consumers.Set
B699_DEPENDENCY Std.Data.HashSet.Lemmas
B699_DEPENDENCY Std.Data.TreeMap.Lemmas
B699_DEPENDENCY Std.Data.TreeSet.Raw.Basic
B699_DEPENDENCY Std.Data.TreeSet.AdditionalOperations
B699_DEPENDENCY Std.Data.TreeSet.Lemmas
B699_DEPENDENCY Std.Data.Iterators.Lemmas.Consumers.Set
B699_DEPENDENCY Std.Data.Iterators.Lemmas.Consumers
B699_DEPENDENCY Std.Data.Iterators.Lemmas.Combinators.TakeWhile
B699_DEPENDENCY Std.Data.Iterators.Lemmas.Combinators.Drop
B699_DEPENDENCY Std.Data.Iterators.Lemmas.Combinators.DropWhile
B699_DEPENDENCY Std.Data.Iterators.Lemmas.Combinators.Zip
B699_DEPENDENCY Std.Data.Iterators.Lemmas.Combinators
B699_DEPENDENCY Std.Data.Iterators.Lemmas.Producers.Monadic.List
B699_DEPENDENCY Std.Data.Iterators.Lemmas.Producers.Monadic.Array
B699_DEPENDENCY Std.Data.Iterators.Lemmas.Producers.Monadic.Vector
B699_DEPENDENCY Std.Data.Iterators.Lemmas.Producers.Monadic.Empty
B699_DEPENDENCY Std.Data.Iterators.Lemmas.Producers.Monadic
B699_DEPENDENCY Std.Data.Iterators.Lemmas.Producers.Array
B699_DEPENDENCY Std.Data.Iterators.Lemmas.Producers.Vector
B699_DEPENDENCY Std.Data.Iterators.Lemmas.Producers.Empty
B699_DEPENDENCY Std.Data.Iterators.Lemmas.Producers.Repeat
B699_DEPENDENCY Std.Data.Iterators.Lemmas.Producers.Range
B699_DEPENDENCY Std.Data.Iterators.Lemmas.Producers.Slice
B699_DEPENDENCY Std.Data.Iterators.Lemmas.Producers
B699_DEPENDENCY Std.Data.Iterators.Lemmas.Equivalence
B699_DEPENDENCY Std.Data.Iterators.Lemmas
B699_DEPENDENCY Std.Data.Iterators.Consumers.Monadic
B699_DEPENDENCY Std.Data.Iterators.Consumers
B699_DEPENDENCY Std.Data.Iterators
B699_DEPENDENCY Std.Data.DHashMap.RawLemmas
B699_DEPENDENCY Std.Data.DHashMap.IteratorLemmas
B699_DEPENDENCY Std.Data.HashMap.RawLemmas
B699_DEPENDENCY Std.Data.HashMap.IteratorLemmas
B699_DEPENDENCY Std.Data.DHashMap.DecidableEquiv
B699_DEPENDENCY Std.Data.HashMap.DecidableEquiv
B699_DEPENDENCY Std.Data.HashMap
B699_DEPENDENCY Lean.Server.Completion
B699_DEPENDENCY Lean.Server.References
B699_DEPENDENCY Lean.Server.Completion.CompletionItemCompression
B699_DEPENDENCY Lean.Widget.Diff
B699_DEPENDENCY Lean.Server.FileWorker.RequestHandling
B699_DEPENDENCY Mathlib.Tactic.ClickSuggestions
B699_DEPENDENCY Mathlib.Tactic.Coe
B699_DEPENDENCY Mathlib.Lean.Meta.CongrTheorems
B699_DEPENDENCY Mathlib.Tactic.CongrExclamation
B699_DEPENDENCY Mathlib.Tactic.TermCongr
B699_DEPENDENCY Mathlib.Tactic.CongrM
B699_DEPENDENCY Mathlib.Tactic.Constructor
B699_DEPENDENCY Mathlib.Tactic.Contrapose
B699_DEPENDENCY Mathlib.Tactic.Convert
B699_DEPENDENCY Mathlib.Lean.MessageData.Trace
B699_DEPENDENCY Mathlib.Tactic.DefEqAbuse
B699_DEPENDENCY Mathlib.Tactic.DefEqTransformations
B699_DEPENDENCY Mathlib.Tactic.DeprecateTo
B699_DEPENDENCY Mathlib.Tactic.DSimpPercent
B699_DEPENDENCY Mathlib.Tactic.ErwQuestion
B699_DEPENDENCY Mathlib.Tactic.ExistsI
B699_DEPENDENCY Mathlib.Tactic.FailIfNoProgress
B699_DEPENDENCY Batteries.Util.Cache
B699_DEPENDENCY Mathlib.Tactic.Find
B699_DEPENDENCY Mathlib.Tactic.FunProp.Decl
B699_DEPENDENCY Mathlib.Tactic.FunProp.Mor
B699_DEPENDENCY Mathlib.Tactic.FunProp.ToBatteries
B699_DEPENDENCY Mathlib.Tactic.FunProp.FunctionData
B699_DEPENDENCY Mathlib.Tactic.FunProp.Types
B699_DEPENDENCY Mathlib.Tactic.FunProp.Theorems
B699_DEPENDENCY Mathlib.Tactic.FunProp.Attr
B699_DEPENDENCY Mathlib.Tactic.FunProp.Core
B699_DEPENDENCY Mathlib.Tactic.FunProp.Elab
B699_DEPENDENCY Mathlib.Tactic.FunProp
B699_DEPENDENCY Mathlib.Tactic.GCongr.CoreAttrs
B699_DEPENDENCY Batteries.Control.Lemmas
B699_DEPENDENCY Batteries.Control.LawfulMonadState
B699_DEPENDENCY Batteries.Control.OptionT
B699_DEPENDENCY Batteries.Control.AlternativeMonad
B699_DEPENDENCY Batteries.Data.MLList.Basic
B699_DEPENDENCY Batteries.Control.Nondet.Basic
B699_DEPENDENCY Mathlib.Tactic.Hint
B699_DEPENDENCY Mathlib.Tactic.GCongr
B699_DEPENDENCY Lean.Meta.Tactic.Grind.Theorems
B699_DEPENDENCY Lean.Meta.Tactic.Grind.Extension
B699_DEPENDENCY Lean.Meta.Sym.ExprPtr
B699_DEPENDENCY Lean.Meta.Sym.AlphaShareCommon
B699_DEPENDENCY Lean.Meta.Sym.SymM
B699_DEPENDENCY Lean.Meta.Sym.Util
B699_DEPENDENCY Lean.Meta.Tactic.Grind.Util
B699_DEPENDENCY Lean.Meta.Sym.Eta
B699_DEPENDENCY Lean.Meta.Tactic.Grind.EMatchTheorem
B699_DEPENDENCY Lean.Meta.Tactic.Grind.Injective
B699_DEPENDENCY Lean.Meta.Tactic.Grind.Cases
B699_DEPENDENCY Lean.Meta.Tactic.Grind.ExtAttr
B699_DEPENDENCY Lean.Meta.Tactic.Grind.Attr
B699_DEPENDENCY Lean.Meta.Tactic.Grind.RegisterCommand
B699_DEPENDENCY Mathlib.Tactic.GrindAttrs
B699_DEPENDENCY Mathlib.Tactic.GuardGoalNums
B699_DEPENDENCY Mathlib.Tactic.GuardHypNums
B699_DEPENDENCY Mathlib.Tactic.HigherOrder
B699_DEPENDENCY Mathlib.Tactic.InferParam
B699_DEPENDENCY Mathlib.Util.TermReduce
B699_DEPENDENCY Mathlib.Tactic.IrreducibleDef
B699_DEPENDENCY Mathlib.Tactic.Lift
B699_DEPENDENCY Mathlib.Tactic.Linter.HaveLetLinter
B699_DEPENDENCY Mathlib.Tactic.Linter.MinImports
B699_DEPENDENCY Mathlib.Tactic.Linter.PPRoundtrip
B699_DEPENDENCY Mathlib.Tactic.Linter.UpstreamableDecl
B699_DEPENDENCY Mathlib.Tactic.Linter
B699_DEPENDENCY Lean.Meta.Iterator
B699_DEPENDENCY Lean.Meta.Tactic.IndependentOf
B699_DEPENDENCY Lean.Meta.Tactic.Backtrack
B699_DEPENDENCY Lean.Meta.Tactic.Repeat
B699_DEPENDENCY Lean.Meta.Tactic.SolveByElim
B699_DEPENDENCY Lean.Meta.Tactic.Grind.CheckResult
B699_DEPENDENCY Lean.Meta.Sym.SynthInstance
B699_DEPENDENCY Lean.Meta.Sym.Canon
B699_DEPENDENCY Lean.Meta.Tactic.Grind.Types
B699_DEPENDENCY Lean.Meta.Tactic.Grind.MarkAccessible
B699_DEPENDENCY Lean.Meta.Tactic.Grind.Proj
B699_DEPENDENCY Lean.Meta.Sym.Arith.Poly
B699_DEPENDENCY Lean.Meta.Tactic.Grind.Arith.CommRing.Types
B699_DEPENDENCY Lean.Meta.Tactic.Grind.Arith.Util
B699_DEPENDENCY Lean.Meta.Tactic.Grind.Arith.Cutsat.ToIntInfo
B699_DEPENDENCY Lean.Meta.Tactic.Grind.Arith.Cutsat.Types
B699_DEPENDENCY Lean.Meta.Tactic.Grind.Arith.Cutsat.Util
B699_DEPENDENCY Lean.Meta.Tactic.Grind.SynthInstance
B699_DEPENDENCY Lean.Meta.Tactic.Grind.MatchDiscrOnly
B699_DEPENDENCY Lean.Meta.Tactic.Grind.MarkNestedSubsingletons
B699_DEPENDENCY Lean.Meta.Tactic.Grind.Simp
B699_DEPENDENCY Lean.Meta.Tactic.Grind.Arith.EvalNum
B699_DEPENDENCY Lean.Meta.Tactic.Grind.Arith.Cutsat.ToInt
B699_DEPENDENCY Lean.Meta.Tactic.Grind.OrderInsts
B699_DEPENDENCY Lean.Meta.Sym.Arith.Types
B699_DEPENDENCY Lean.Meta.Sym.Arith.MonadCanon
B699_DEPENDENCY Lean.Meta.Tactic.Grind.Arith.CommRing.MonadRing
B699_DEPENDENCY Lean.Meta.Tactic.Grind.Arith.CommRing.RingM
B699_DEPENDENCY Lean.Meta.Tactic.Grind.Arith.Insts
B699_DEPENDENCY Lean.Meta.Tactic.Grind.Arith.CommRing.RingId
B699_DEPENDENCY Lean.Meta.Tactic.Grind.Arith.Linear.Types
B699_DEPENDENCY Lean.Meta.Tactic.Grind.Arith.Linear.LinearM
B699_DEPENDENCY Lean.Meta.Tactic.Grind.Arith.Linear.Util
B699_DEPENDENCY Lean.Meta.Tactic.Grind.Arith.Linear.Var
B699_DEPENDENCY Lean.Meta.Tactic.Grind.Arith.Linear.StructId
B699_DEPENDENCY Lean.Meta.Tactic.Grind.Arith.IsRelevant
B699_DEPENDENCY Lean.Meta.Tactic.Grind.Beta
B699_DEPENDENCY Lean.Meta.Tactic.Grind.ProveEq
B699_DEPENDENCY Lean.Meta.Tactic.Grind.Proof
B699_DEPENDENCY Lean.Meta.Tactic.Grind.PropagatorAttr
B699_DEPENDENCY Lean.Meta.Tactic.Grind.MatchCond
B699_DEPENDENCY Lean.Meta.Tactic.Grind.PropagateInj
B699_DEPENDENCY Lean.Meta.Tactic.Grind.Internalize
B699_DEPENDENCY Lean.Meta.Tactic.Grind.Anchor
B699_DEPENDENCY Lean.Meta.Tactic.Grind.EqResolution
B699_DEPENDENCY Lean.Meta.Tactic.Grind.ForallProp
B699_DEPENDENCY Lean.Meta.CtorIdxHInj
B699_DEPENDENCY Lean.Meta.Tactic.Grind.CtorIdx
B699_DEPENDENCY Lean.Meta.Tactic.Grind.Action
B699_DEPENDENCY Lean.Meta.Match.AltTelescopes
B699_DEPENDENCY Lean.Meta.Match.MatcherApp.Transform
B699_DEPENDENCY Lean.Meta.Match.MatcherApp
B699_DEPENDENCY Lean.Meta.Tactic.Grind.CasesMatch
B699_DEPENDENCY Lean.Meta.Tactic.Grind.Injection
B699_DEPENDENCY Lean.Meta.Tactic.Grind.Inv
B699_DEPENDENCY Lean.Meta.Tactic.Grind.Arith.CommRing.Functions
B699_DEPENDENCY Lean.Meta.Tactic.Grind.Arith.CommRing.DenoteExpr
B699_DEPENDENCY Lean.Meta.Tactic.Grind.Arith.CommRing.PP
B699_DEPENDENCY Lean.Meta.Tactic.Grind.Arith.Linear.Reify
B699_DEPENDENCY Lean.Meta.Tactic.Grind.Arith.ModelUtil
B699_DEPENDENCY Lean.Meta.Tactic.Grind.Arith.Linear.Model
B699_DEPENDENCY Lean.Meta.Tactic.Grind.Arith.Linear.PP
B699_DEPENDENCY Lean.Meta.Tactic.Grind.AC.Seq
B699_DEPENDENCY Lean.Meta.Tactic.Grind.AC.Types
B699_DEPENDENCY Lean.Meta.Tactic.Grind.AC.Util
B699_DEPENDENCY Lean.Meta.Tactic.Grind.AC.DenoteExpr
B699_DEPENDENCY Lean.Meta.Tactic.Grind.AC.PP
B699_DEPENDENCY Lean.Meta.Tactic.Grind.CastLike
B699_DEPENDENCY Lean.Meta.Tactic.Grind.Arith.Cutsat.Model
B699_DEPENDENCY Lean.Meta.Tactic.Grind.PP
B699_DEPENDENCY Lean.Meta.SameCtorUtils
B699_DEPENDENCY Lean.Meta.Injective
B699_DEPENDENCY Lean.Meta.Tactic.Grind.Ctor
B699_DEPENDENCY Lean.Meta.Tactic.Grind.Core
B699_DEPENDENCY Lean.Meta.Tactic.Grind.Intro
B699_DEPENDENCY Lean.Util.ParamMinimizer
B699_DEPENDENCY Lean.Meta.Tactic.Grind.EMatch
B699_DEPENDENCY Lean.Meta.Tactic.Grind.EMatchTheoremParam
B699_DEPENDENCY Lean.Meta.Tactic.Grind.EMatchTheoremPtr
B699_DEPENDENCY Lean.Meta.Tactic.Grind.EMatchAction
B699_DEPENDENCY Lean.Meta.Tactic.Grind.Split
B699_DEPENDENCY Lean.Meta.Tactic.Grind.Finish
B699_DEPENDENCY Lean.Meta.Tactic.Grind.Solve
B699_DEPENDENCY Lean.Meta.Tactic.Grind.Arith.FieldNormNum
B699_DEPENDENCY Lean.Meta.Tactic.Grind.Arith.Simproc
B699_DEPENDENCY Lean.Meta.Tactic.Grind.SimpUtil
B699_DEPENDENCY Lean.Meta.Tactic.Grind.LawfulEqCmp
B699_DEPENDENCY Lean.Meta.Tactic.Grind.ReflCmp
B699_DEPENDENCY Lean.Meta.Tactic.Grind.Main
B699_DEPENDENCY Lean.Meta.Tactic.LibrarySearch
B699_DEPENDENCY Mathlib.Tactic.Observe
B699_DEPENDENCY Mathlib.Tactic.RSuffices
B699_DEPENDENCY Mathlib.Tactic.Recover
B699_DEPENDENCY Mathlib.Tactic.Relation.Rfl
B699_DEPENDENCY Mathlib.Tactic.Rename
B699_DEPENDENCY Mathlib.Util.Tactic
B699_DEPENDENCY Mathlib.Tactic.RenameBVar
B699_DEPENDENCY Mathlib.Tactic.Says
B699_DEPENDENCY Mathlib.Tactic.Set
B699_DEPENDENCY Mathlib.Tactic.SimpIntro
B699_DEPENDENCY Mathlib.Tactic.Simproc.ExistsAndEq
B699_DEPENDENCY Mathlib.Tactic.Subsingleton
B699_DEPENDENCY Mathlib.Tactic.SuccessIfFailWithMsg
B699_DEPENDENCY Mathlib.Tactic.SudoSetOption
B699_DEPENDENCY Mathlib.Tactic.SwapVar
B699_DEPENDENCY Lean.Elab.Tactic.Classical
B699_DEPENDENCY Mathlib.Tactic.Tauto
B699_DEPENDENCY Mathlib.Tactic.ToFun
B699_DEPENDENCY Mathlib.Tactic.ToExpr
B699_DEPENDENCY Mathlib.Tactic.ToLevel
B699_DEPENDENCY Mathlib.Tactic.Trace
B699_DEPENDENCY Mathlib.Tactic.UnsetOption
B699_DEPENDENCY Mathlib.Tactic.Variable
B699_DEPENDENCY Lean.Elab.Calc
B699_DEPENDENCY Lean.Elab.Tactic.Calc
B699_DEPENDENCY Mathlib.Tactic.Widget.Calc
B699_DEPENDENCY Mathlib.Tactic.Widget.CongrM
B699_DEPENDENCY Mathlib.Tactic.Widget.LibraryRewrite
B699_DEPENDENCY Mathlib.Tactic.WLOG
B699_DEPENDENCY Mathlib.Util.CountHeartbeats
B699_DEPENDENCY Mathlib.Util.PrintSorries
B699_DEPENDENCY Mathlib.Util.TransImports
B699_DEPENDENCY Mathlib.Util.WhatsNew
B699_DEPENDENCY Lean.Meta.Tactic.Try.Collect
B699_DEPENDENCY Lean.Meta.Tactic.Try
B699_DEPENDENCY Lean.Elab.Tactic.LibrarySearch
B699_DEPENDENCY Lean.Meta.Sym.AlphaShareBuilder
B699_DEPENDENCY Lean.Meta.Sym.ReplaceS
B699_DEPENDENCY Lean.Meta.Sym.LooseBVarsS
B699_DEPENDENCY Lean.Meta.Sym.InstantiateS
B699_DEPENDENCY Lean.Meta.Sym.AbstractS
B699_DEPENDENCY Lean.Meta.Sym.InstantiateMVarsS
B699_DEPENDENCY Lean.Meta.Sym.IsClass
B699_DEPENDENCY Lean.Meta.Sym.MaxFVar
B699_DEPENDENCY Lean.Meta.Sym.ProofInstInfo
B699_DEPENDENCY Lean.Meta.Sym.LitValues
B699_DEPENDENCY Lean.Meta.Sym.Offset
B699_DEPENDENCY Lean.Meta.Sym.Pattern
B699_DEPENDENCY Lean.Meta.Sym.Apply
B699_DEPENDENCY Lean.Meta.Sym.Simp.SimpM
B699_DEPENDENCY Lean.Meta.Sym.DSimp.DSimpM
B699_DEPENDENCY Lean.Elab.Tactic.Grind.Basic
B699_DEPENDENCY Lean.Elab.Tactic.Grind.Config
B699_DEPENDENCY Lean.Elab.Tactic.Grind.Anchor
B699_DEPENDENCY Lean.Elab.Tactic.Grind.Param
B699_DEPENDENCY Lean.Meta.Tactic.Grind.CollectParams
B699_DEPENDENCY Lean.Meta.Tactic.Grind.Parser
B699_DEPENDENCY Lean.Elab.Tactic.Grind.Main
B699_DEPENDENCY Lean.Elab.Task
B699_DEPENDENCY Lean.Elab.Parallel
B699_DEPENDENCY Lean.Elab.Tactic.Try
B699_DEPENDENCY Mathlib.Tactic.Common
B699_DEPENDENCY Mathlib.Algebra.Divisibility.Basic
B699_DEPENDENCY Mathlib.Algebra.Notation.Pi.Defs
B699_DEPENDENCY Mathlib.Algebra.Group.Hom.Defs
B699_DEPENDENCY Mathlib.Algebra.Divisibility.Hom
B699_DEPENDENCY Mathlib.Algebra.Group.Equiv.Defs
B699_DEPENDENCY Mathlib.Algebra.Group.Hom.Basic
B699_DEPENDENCY Mathlib.Control.EquivFunctor
B699_DEPENDENCY Mathlib.Data.Option.Defs
B699_DEPENDENCY Mathlib.Logic.IsEmpty.Basic
B699_DEPENDENCY Mathlib.Data.Option.Basic
B699_DEPENDENCY Mathlib.Logic.Equiv.Option
B699_DEPENDENCY Mathlib.Data.Sigma.Basic
B699_DEPENDENCY Mathlib.Logic.Equiv.Prod
B699_DEPENDENCY Mathlib.Logic.Equiv.Sum
B699_DEPENDENCY Mathlib.Logic.Equiv.Basic
B699_DEPENDENCY Mathlib.Algebra.Group.Equiv.Basic
B699_DEPENDENCY Mathlib.Algebra.Group.Equiv.Opposite
B699_DEPENDENCY Mathlib.Algebra.Notation.Pi.Basic
B699_DEPENDENCY Mathlib.Algebra.Group.TypeTags.Basic
B699_DEPENDENCY Mathlib.Data.Set.CoeSort
B699_DEPENDENCY Mathlib.Tactic.FBinop
B699_DEPENDENCY Mathlib.Data.SProd
B699_DEPENDENCY Mathlib.Order.Notation
B699_DEPENDENCY Mathlib.Data.Set.Operations
B699_DEPENDENCY Mathlib.Algebra.Group.Even
B699_DEPENDENCY Mathlib.Algebra.Group.Nat.Defs
B699_DEPENDENCY Mathlib.Algebra.Group.TypeTags.Hom
B699_DEPENDENCY Mathlib.Algebra.Group.Nat.Hom
B699_DEPENDENCY Mathlib.Algebra.GroupWithZero.Defs
B699_DEPENDENCY Mathlib.Order.Defs.PartialOrder
B699_DEPENDENCY Mathlib.Algebra.NeZero
B699_DEPENDENCY Mathlib.Algebra.GroupWithZero.NeZero
B699_DEPENDENCY Mathlib.Algebra.GroupWithZero.Basic
B699_DEPENDENCY Mathlib.Algebra.GroupWithZero.Hom
B699_DEPENDENCY Batteries.Data.Nat.Basic
B699_DEPENDENCY Batteries.Data.Nat.Lemmas
B699_DEPENDENCY Mathlib.Data.Nat.Init
B699_DEPENDENCY Mathlib.Data.Nat.Cast.Defs
B699_DEPENDENCY Mathlib.Data.Int.Cast.Defs
B699_DEPENDENCY Mathlib.Algebra.Ring.Defs
B699_DEPENDENCY Mathlib.Data.Sum.Basic
B699_DEPENDENCY Mathlib.Algebra.Group.Pi.Basic
B699_DEPENDENCY Mathlib.Tactic.FastInstance
B699_DEPENDENCY Mathlib.Algebra.Group.Hom.Instances
B699_DEPENDENCY Mathlib.Util.AtomM
B699_DEPENDENCY Mathlib.Data.List.TFAE
B699_DEPENDENCY Mathlib.Tactic.TFAE
B699_DEPENDENCY Mathlib.Algebra.Ring.Basic
B699_DEPENDENCY Mathlib.Algebra.Ring.Hom.Defs
B699_DEPENDENCY Mathlib.Algebra.CharZero.Defs
B699_DEPENDENCY Mathlib.Algebra.GroupWithZero.Nat
B699_DEPENDENCY Mathlib.Data.Ordering.Basic
B699_DEPENDENCY Mathlib.Order.Defs.LinearOrder
B699_DEPENDENCY Mathlib.Data.Nat.Basic
B699_DEPENDENCY Mathlib.Algebra.Ring.Nat
B699_DEPENDENCY Mathlib.Data.Nat.Cast.Basic
B699_DEPENDENCY Mathlib.Data.Nat.Find
B699_DEPENDENCY Mathlib.Algebra.Group.Units.Defs
B699_DEPENDENCY Mathlib.Algebra.Group.Nat.Units
B699_DEPENDENCY Mathlib.Algebra.Group.Irreducible.Defs
B699_DEPENDENCY Mathlib.Algebra.Group.Units.Basic
B699_DEPENDENCY Mathlib.Data.Prod.Basic
B699_DEPENDENCY Mathlib.Logic.Nontrivial.Basic
B699_DEPENDENCY Lean.Elab.Tactic.SolveByElim
B699_DEPENDENCY Mathlib.Tactic.Nontriviality.Core
B699_DEPENDENCY Mathlib.Tactic.Nontriviality
B699_DEPENDENCY Mathlib.Algebra.GroupWithZero.Units.Basic
B699_DEPENDENCY Mathlib.Algebra.Divisibility.Units
B699_DEPENDENCY Mathlib.Algebra.GroupWithZero.Divisibility
B699_DEPENDENCY Mathlib.Algebra.Prime.Defs
B699_DEPENDENCY Mathlib.Data.Nat.Sqrt
B699_DEPENDENCY Mathlib.Order.Basic
B699_DEPENDENCY Mathlib.Data.Nat.Prime.Defs
B699_DEPENDENCY Mathlib.Data.Int.Cast.Basic
B699_DEPENDENCY Mathlib.Data.Bool.Basic
B699_DEPENDENCY Mathlib.Logic.Pairwise
B699_DEPENDENCY Mathlib.Data.Int.Order.Basic
B699_DEPENDENCY Mathlib.Order.OrderDual
B699_DEPENDENCY Mathlib.Order.Compare
B699_DEPENDENCY Mathlib.Order.Max
B699_DEPENDENCY Mathlib.Order.Monotone.Defs
B699_DEPENDENCY Mathlib.Order.RelClasses
B699_DEPENDENCY Mathlib.Order.Monotone.Basic
B699_DEPENDENCY Mathlib.Logic.Function.ULift
B699_DEPENDENCY Mathlib.Order.ULift
B699_DEPENDENCY Mathlib.Order.Lattice
B699_DEPENDENCY Mathlib.Algebra.CharP.Defs
B699_DEPENDENCY Mathlib.Algebra.Group.Action.Defs
B699_DEPENDENCY Mathlib.Algebra.Group.Action.Opposite
B699_DEPENDENCY Mathlib.Algebra.GroupWithZero.InjSurj
B699_DEPENDENCY Mathlib.Algebra.GroupWithZero.Opposite
B699_DEPENDENCY Mathlib.Algebra.GroupWithZero.Action.Defs
B699_DEPENDENCY Mathlib.Algebra.Module.Defs
B699_DEPENDENCY Mathlib.Algebra.Group.Int.Defs
B699_DEPENDENCY Mathlib.Data.Int.Basic
B699_DEPENDENCY Mathlib.Algebra.Ring.Int.Defs
B699_DEPENDENCY Mathlib.Algebra.Group.Nat.Even
B699_DEPENDENCY Mathlib.Data.Int.Sqrt
B699_DEPENDENCY Mathlib.Algebra.Group.Int.Even
B699_DEPENDENCY Mathlib.Algebra.Group.Semiconj.Units
B699_DEPENDENCY Mathlib.Algebra.GroupWithZero.Semiconj
B699_DEPENDENCY Mathlib.Algebra.Group.Commute.Units
B699_DEPENDENCY Mathlib.Algebra.GroupWithZero.Commute
B699_DEPENDENCY Mathlib.Algebra.Ring.Semiconj
B699_DEPENDENCY Mathlib.Algebra.Ring.InjSurj
B699_DEPENDENCY Mathlib.Algebra.Group.Units.Hom
B699_DEPENDENCY Mathlib.Algebra.Ring.Units
B699_DEPENDENCY Mathlib.Data.Bracket
B699_DEPENDENCY Mathlib.Algebra.Ring.Commute
B699_DEPENDENCY Mathlib.Data.Nat.Cast.Commute
B699_DEPENDENCY Mathlib.Algebra.Ring.Parity
B699_DEPENDENCY Mathlib.Data.Int.Cast.Lemmas
B699_DEPENDENCY Mathlib.Algebra.Module.NatInt
B699_DEPENDENCY Mathlib.Algebra.Group.Action.TypeTags
B699_DEPENDENCY Mathlib.Algebra.Group.Action.Pretransitive
B699_DEPENDENCY Mathlib.Algebra.Group.Action.Hom
B699_DEPENDENCY Mathlib.Algebra.Group.Action.Faithful
B699_DEPENDENCY Mathlib.Algebra.Group.Action.Units
B699_DEPENDENCY Mathlib.Algebra.GroupWithZero.Action.Units
B699_DEPENDENCY Mathlib.Algebra.GroupWithZero.Action.End
B699_DEPENDENCY Mathlib.Algebra.Module.RingHom
B699_DEPENDENCY Mathlib.Algebra.GroupWithZero.Equiv
B699_DEPENDENCY Mathlib.Algebra.Notation.Prod
B699_DEPENDENCY Lean.Meta.Tactic.Congr
B699_DEPENDENCY Batteries.Tactic.Congr
B699_DEPENDENCY Mathlib.Tactic.Finiteness.Attr
B699_DEPENDENCY Mathlib.Order.BoundedOrder.Basic
B699_DEPENDENCY Mathlib.Order.BoundedOrder.Lattice
B699_DEPENDENCY Mathlib.Order.Disjoint
B699_DEPENDENCY Mathlib.Order.PropInstances
B699_DEPENDENCY Mathlib.Data.Set.Basic
B699_DEPENDENCY Mathlib.Data.Set.Disjoint
B699_DEPENDENCY Mathlib.Data.Set.Insert
B699_DEPENDENCY Mathlib.Data.Set.Subsingleton
B699_DEPENDENCY Mathlib.Order.GaloisConnection.Defs
B699_DEPENDENCY Mathlib.Order.Heyting.Basic
B699_DEPENDENCY Mathlib.Order.BooleanAlgebra.Defs
B699_DEPENDENCY Mathlib.Order.BooleanAlgebra.Basic
B699_DEPENDENCY Mathlib.Order.BooleanAlgebra.Set
B699_DEPENDENCY Mathlib.Order.SymmDiff
B699_DEPENDENCY Mathlib.Data.Set.SymmDiff
B699_DEPENDENCY Mathlib.Data.Set.Inclusion
B699_DEPENDENCY Mathlib.Data.Set.Image
B699_DEPENDENCY Mathlib.Data.Set.Prod
B699_DEPENDENCY Mathlib.Data.Set.Restrict
B699_DEPENDENCY Mathlib.Data.Set.Function
B699_DEPENDENCY Mathlib.Logic.Equiv.Set
B699_DEPENDENCY Mathlib.Util.PPOptions
B699_DEPENDENCY Mathlib.Util.Delaborators
B699_DEPENDENCY Mathlib.Algebra.Ring.Equiv
B699_DEPENDENCY Mathlib.Algebra.Ring.CompTypeclasses
B699_DEPENDENCY Mathlib.Logic.Function.CompTypeclasses
B699_DEPENDENCY Mathlib.Algebra.Group.Hom.CompTypeclasses
B699_DEPENDENCY Mathlib.Algebra.Regular.SMul
B699_DEPENDENCY Mathlib.Algebra.Group.Invertible.Defs
B699_DEPENDENCY Mathlib.Algebra.Group.Invertible.Basic
B699_DEPENDENCY Mathlib.Data.Prod.PProd
B699_DEPENDENCY Mathlib.Logic.Embedding.Basic
B699_DEPENDENCY Mathlib.Algebra.Group.Action.Basic
B699_DEPENDENCY Mathlib.Algebra.Ring.Action.Basic
B699_DEPENDENCY Mathlib.GroupTheory.GroupAction.Hom
B699_DEPENDENCY Mathlib.Algebra.Module.LinearMap.Defs
B699_DEPENDENCY Mathlib.Algebra.Algebra.Defs
B699_DEPENDENCY Mathlib.Algebra.Group.Prod
B699_DEPENDENCY Mathlib.Algebra.Order.Monoid.Unbundled.Defs
B699_DEPENDENCY Mathlib.Algebra.Order.ZeroLEOne
B699_DEPENDENCY Mathlib.Algebra.Order.IsBotOne
B699_DEPENDENCY Mathlib.Logic.OpClass
B699_DEPENDENCY Mathlib.Order.MinMax
B699_DEPENDENCY Mathlib.Algebra.Order.Monoid.Unbundled.Basic
B699_DEPENDENCY Mathlib.Order.Lex
B699_DEPENDENCY Mathlib.Algebra.Order.Group.Synonym
B699_DEPENDENCY Mathlib.Algebra.Order.Monoid.Unbundled.OrderDual
B699_DEPENDENCY Mathlib.Tactic.Monotonicity.Attr
B699_DEPENDENCY Mathlib.Algebra.Order.Monoid.Unbundled.Pow
B699_DEPENDENCY Mathlib.Data.Set.NAry
B699_DEPENDENCY Mathlib.Algebra.Group.Pointwise.Set.Basic
B699_DEPENDENCY Batteries.Classes.RatCast
B699_DEPENDENCY Mathlib.Data.Rat.Init
B699_DEPENDENCY Mathlib.Algebra.Field.Defs
B699_DEPENDENCY Mathlib.Algebra.Order.Sub.Defs
B699_DEPENDENCY Mathlib.Algebra.Order.Group.Unbundled.Basic
B699_DEPENDENCY Mathlib.Algebra.Order.GroupWithZero.Defs
B699_DEPENDENCY Mathlib.Tactic.Bound.Init
B699_DEPENDENCY Mathlib.Tactic.Bound.Attribute
B699_DEPENDENCY Mathlib.Algebra.Order.GroupWithZero.Basic
B699_DEPENDENCY Mathlib.Algebra.Order.Monoid.Unbundled.ExistsOfLE
B699_DEPENDENCY Mathlib.Algebra.Order.Monoid.NatCast
B699_DEPENDENCY Mathlib.Algebra.Order.Monoid.Unbundled.MinMax
B699_DEPENDENCY Mathlib.Algebra.Order.Ring.Unbundled.Basic
B699_DEPENDENCY Mathlib.Algebra.Order.Monoid.Defs
B699_DEPENDENCY Mathlib.Algebra.Order.Group.Defs
B699_DEPENDENCY Mathlib.Algebra.Ring.GrindInstances
B699_DEPENDENCY Mathlib.Algebra.Order.Ring.Defs
B699_DEPENDENCY Mathlib.Algebra.Group.Units.Equiv
B699_DEPENDENCY Mathlib.Order.RelIso.Basic
B699_DEPENDENCY Mathlib.Order.Hom.Basic
B699_DEPENDENCY Mathlib.Algebra.Order.Group.OrderIso
B699_DEPENDENCY Mathlib.Algebra.Order.Archimedean.Defs
B699_DEPENDENCY Mathlib.Algebra.Order.Group.Lattice
B699_DEPENDENCY Mathlib.Algebra.Order.Group.Unbundled.Abs
B699_DEPENDENCY Mathlib.Algebra.Order.Group.Abs
B699_DEPENDENCY Mathlib.Algebra.Order.Group.Int
B699_DEPENDENCY Mathlib.Algebra.Order.Group.Unbundled.Int
B699_DEPENDENCY Mathlib.Algebra.Ring.Int.Parity
B699_DEPENDENCY Mathlib.Order.Bounds.Defs
B699_DEPENDENCY Mathlib.Data.Int.GCD
B699_DEPENDENCY Mathlib.Data.Nat.Cast.NeZero
B699_DEPENDENCY Mathlib.Data.Nat.Cast.Order.Basic
B699_DEPENDENCY Mathlib.Algebra.Order.Ring.Int
B699_DEPENDENCY Mathlib.Order.Interval.Set.Defs
B699_DEPENDENCY Mathlib.Algebra.Order.Monoid.Canonical.Defs
B699_DEPENDENCY Mathlib.Algebra.Order.Group.Nat
B699_DEPENDENCY Mathlib.Algebra.Group.WithOne.Defs
B699_DEPENDENCY Mathlib.Data.Option.NAry
B699_DEPENDENCY Mathlib.Algebra.Group.WithOne.Map
B699_DEPENDENCY Mathlib.Algebra.GroupWithZero.Regular
B699_DEPENDENCY Mathlib.Algebra.GroupWithZero.WithZero
B699_DEPENDENCY Mathlib.Order.TypeTags
B699_DEPENDENCY Mathlib.Order.WithBot
B699_DEPENDENCY Mathlib.Algebra.Order.Monoid.Unbundled.WithTop
B699_DEPENDENCY Mathlib.Algebra.Order.Monoid.WithTop
B699_DEPENDENCY Mathlib.Algebra.Regular.Basic
B699_DEPENDENCY Mathlib.Algebra.Order.AddGroupWithTop
B699_DEPENDENCY Mathlib.Algebra.Order.Monoid.Units
B699_DEPENDENCY Mathlib.Algebra.Order.Group.Units
B699_DEPENDENCY Mathlib.Algebra.Order.Monoid.OrderDual
B699_DEPENDENCY Mathlib.Algebra.Order.Monoid.Unbundled.TypeTags
B699_DEPENDENCY Mathlib.Algebra.Order.Monoid.TypeTags
B699_DEPENDENCY Mathlib.Algebra.Order.GroupWithZero.Canonical
B699_DEPENDENCY Mathlib.Algebra.Order.Ring.Nat
B699_DEPENDENCY Mathlib.Algebra.Order.Sub.Unbundled.Basic
B699_DEPENDENCY Mathlib.Algebra.Order.Sub.Basic
B699_DEPENDENCY Mathlib.Data.Nat.Cast.Order.Ring
B699_DEPENDENCY Mathlib.Algebra.Order.GroupWithZero.Synonym
B699_DEPENDENCY Mathlib.Algebra.Order.Ring.Cast
B699_DEPENDENCY Mathlib.Data.Int.LeastGreatest
B699_DEPENDENCY Mathlib.Algebra.Order.Floor.Defs
B699_DEPENDENCY Mathlib.Algebra.Order.Floor.Semiring
B699_DEPENDENCY Mathlib.Order.Directed
B699_DEPENDENCY Mathlib.Algebra.GroupWithZero.Invertible
B699_DEPENDENCY Mathlib.Algebra.Ring.Invertible
B699_DEPENDENCY Mathlib.Algebra.Order.Ring.Synonym
B699_DEPENDENCY Mathlib.Algebra.Field.Basic
B699_DEPENDENCY Mathlib.Algebra.GroupWithZero.Units.Lemmas
B699_DEPENDENCY Mathlib.Algebra.GroupWithZero.Units.Equiv
B699_DEPENDENCY Mathlib.Algebra.Order.GroupWithZero.OrderIso
B699_DEPENDENCY Mathlib.Algebra.Order.Ring.Basic
B699_DEPENDENCY Mathlib.Algebra.Ring.Divisibility.Basic
B699_DEPENDENCY Mathlib.Algebra.Group.Int.Units
B699_DEPENDENCY Mathlib.Algebra.Ring.Int.Units
B699_DEPENDENCY Mathlib.Algebra.Order.Ring.Abs
B699_DEPENDENCY Mathlib.Data.Set.Monotone
B699_DEPENDENCY Mathlib.Order.Antisymmetrization
B699_DEPENDENCY Mathlib.Order.BoundedOrder.Monotone
B699_DEPENDENCY Mathlib.Order.Interval.Set.Basic
B699_DEPENDENCY Mathlib.Order.Bounds.Basic
B699_DEPENDENCY Mathlib.Order.Bounds.Image
B699_DEPENDENCY Mathlib.Order.WellFounded
B699_DEPENDENCY Mathlib.Order.Hom.Set
B699_DEPENDENCY Mathlib.Order.Bounds.OrderIso
B699_DEPENDENCY Mathlib.Algebra.Order.Invertible
B699_DEPENDENCY Mathlib.Tactic.HaveI
B699_DEPENDENCY Mathlib.Lean.Expr.Rat
B699_DEPENDENCY Mathlib.Tactic.NormNum.Result
B699_DEPENDENCY Mathlib.Util.Qq
B699_DEPENDENCY Mathlib.Tactic.NormNum.Core
B699_DEPENDENCY Mathlib.Tactic.Positivity.Core
B699_DEPENDENCY Mathlib.Algebra.Order.Field.Basic
B699_DEPENDENCY Mathlib.Util.AtomM.Recurse
B699_DEPENDENCY Mathlib.Tactic.NormNum.Basic
B699_DEPENDENCY Mathlib.Tactic.TryThis
B699_DEPENDENCY Mathlib.Tactic.Abel
B699_DEPENDENCY Mathlib.Data.Ineq
B699_DEPENDENCY Mathlib.Tactic.FieldSimp.Attr
B699_DEPENDENCY Mathlib.Util.DischargerAsTactic
B699_DEPENDENCY Mathlib.Tactic.FieldSimp.Discharger
B699_DEPENDENCY Batteries.Control.ForInStep.Lemmas
B699_DEPENDENCY Batteries.Data.List.Lemmas
B699_DEPENDENCY Mathlib.Algebra.BigOperators.Group.List.Defs
B699_DEPENDENCY Mathlib.Control.Functor
B699_DEPENDENCY Mathlib.Data.List.Defs
B699_DEPENDENCY Mathlib.Data.List.TakeDrop
B699_DEPENDENCY Mathlib.Data.List.Monad
B699_DEPENDENCY Mathlib.Data.List.Basic
B699_DEPENDENCY Mathlib.Data.List.Forall2
B699_DEPENDENCY Batteries.Data.List.Count
B699_DEPENDENCY Batteries.Data.List.Perm
B699_DEPENDENCY Mathlib.Data.List.InsertIdx
B699_DEPENDENCY Mathlib.Data.List.Perm.Basic
B699_DEPENDENCY Mathlib.Algebra.BigOperators.Group.List.Basic
B699_DEPENDENCY Mathlib.Tactic.FieldSimp.Lemmas
B699_DEPENDENCY Mathlib.Util.SynthesizeUsing
B699_DEPENDENCY Mathlib.Tactic.FieldSimp
B699_DEPENDENCY Mathlib.Algebra.Order.Nonneg.Basic
B699_DEPENDENCY Mathlib.Data.Rat.Defs
B699_DEPENDENCY Mathlib.Algebra.Order.Ring.Unbundled.Rat
B699_DEPENDENCY Mathlib.Algebra.Ring.Rat
B699_DEPENDENCY Mathlib.Data.NNRat.Defs
B699_DEPENDENCY Mathlib.Algebra.Field.Rat
B699_DEPENDENCY Mathlib.Algebra.Group.Semiconj.Basic
B699_DEPENDENCY Mathlib.Algebra.Group.Commute.Basic
B699_DEPENDENCY Mathlib.Data.PNat.Notation
B699_DEPENDENCY Mathlib.Data.PNat.Defs
B699_DEPENDENCY Mathlib.Data.Rat.Lemmas
B699_DEPENDENCY Mathlib.Order.Nat
B699_DEPENDENCY Mathlib.Data.Rat.Cast.Defs
B699_DEPENDENCY Mathlib.Data.Rat.Cast.CharZero
B699_DEPENDENCY Mathlib.Tactic.NormNum.Inv
B699_DEPENDENCY Mathlib.Tactic.NormNum.Pow
B699_DEPENDENCY Mathlib.Tactic.Ring.Common
B699_DEPENDENCY Mathlib.Tactic.Ring.Basic
B699_DEPENDENCY Mathlib.Tactic.Field
B699_DEPENDENCY Mathlib.Tactic.Linarith.Lemmas
B699_DEPENDENCY Mathlib.Tactic.Linarith.Datatypes
B699_DEPENDENCY Mathlib.Tactic.Linarith.Oracle.SimplexAlgorithm.Datatypes
B699_DEPENDENCY Mathlib.Tactic.Linarith.Oracle.SimplexAlgorithm.Gauss
B699_DEPENDENCY Mathlib.Tactic.Linarith.Oracle.SimplexAlgorithm.SimplexAlgorithm
B699_DEPENDENCY Mathlib.Tactic.Linarith.Oracle.SimplexAlgorithm.PositiveVector
B699_DEPENDENCY Mathlib.Tactic.Linarith.Oracle.SimplexAlgorithm
B699_DEPENDENCY Mathlib.Lean.Meta.Tactic.Rewrite
B699_DEPENDENCY Mathlib.Data.Tree.Basic
B699_DEPENDENCY Mathlib.Tactic.CancelDenoms.Core
B699_DEPENDENCY Mathlib.Tactic.Zify
B699_DEPENDENCY Mathlib.Tactic.Linarith.Preprocessing
B699_DEPENDENCY Mathlib.Tactic.Linarith.Parsing
B699_DEPENDENCY Mathlib.Tactic.Linarith.Verification
B699_DEPENDENCY Mathlib.Util.ElabWithoutMVars
B699_DEPENDENCY Mathlib.Tactic.Linarith.Frontend
B699_DEPENDENCY Mathlib.Algebra.Order.Ring.Canonical
B699_DEPENDENCY Mathlib.Algebra.Order.Field.Canonical
B699_DEPENDENCY Mathlib.Data.Bool.Set
B699_DEPENDENCY Mathlib.Data.Nat.Set
B699_DEPENDENCY Mathlib.Control.ULift
B699_DEPENDENCY Mathlib.Data.ULift
B699_DEPENDENCY Mathlib.Order.SetNotation
B699_DEPENDENCY Mathlib.Order.CompleteLattice.Defs
B699_DEPENDENCY Mathlib.Order.CompleteLattice.Basic
B699_DEPENDENCY Mathlib.Order.CompleteLattice.Lemmas
B699_DEPENDENCY Mathlib.Order.GaloisConnection.Basic
B699_DEPENDENCY Mathlib.Order.CompleteBooleanAlgebra
B699_DEPENDENCY Mathlib.Data.Set.BooleanAlgebra
B699_DEPENDENCY Mathlib.Data.Set.Lattice
B699_DEPENDENCY Mathlib.Order.ConditionallyCompleteLattice.Defs
B699_DEPENDENCY Mathlib.Order.ConditionallyCompletePartialOrder.Defs
B699_DEPENDENCY Mathlib.Order.ConditionallyCompletePartialOrder.Basic
B699_DEPENDENCY Mathlib.Order.ConditionallyCompleteLattice.Basic
B699_DEPENDENCY Mathlib.Order.LatticeIntervals
B699_DEPENDENCY Mathlib.Data.Set.Order
B699_DEPENDENCY Mathlib.Order.Interval.Set.Image
B699_DEPENDENCY Mathlib.Order.Interval.Set.LinearOrder
B699_DEPENDENCY Mathlib.Order.Interval.Set.UnorderedInterval
B699_DEPENDENCY Mathlib.Order.Interval.Set.OrderEmbedding
B699_DEPENDENCY Mathlib.Lean.Expr.ExtraRecognizers
B699_DEPENDENCY Mathlib.Data.Set.Notation
B699_DEPENDENCY Mathlib.Data.Set.Pairwise.Basic
B699_DEPENDENCY Mathlib.Tactic.SetLike
B699_DEPENDENCY Mathlib.Data.SetLike.Basic
B699_DEPENDENCY Mathlib.Order.Preorder.Chain
B699_DEPENDENCY Mathlib.Order.Antichain
B699_DEPENDENCY Mathlib.Order.Interval.Set.OrdConnected
B699_DEPENDENCY Mathlib.Order.CompleteLatticeIntervals
B699_DEPENDENCY Mathlib.Algebra.Order.Nonneg.Lattice
B699_DEPENDENCY Mathlib.Algebra.Order.Monoid.Basic
B699_DEPENDENCY Mathlib.Algebra.Order.Ring.InjSurj
B699_DEPENDENCY Mathlib.Algebra.Order.Nonneg.Ring
B699_DEPENDENCY Mathlib.Algebra.Order.Positive.Ring
B699_DEPENDENCY Mathlib.Algebra.Order.Nonneg.Field
B699_DEPENDENCY Mathlib.Algebra.Order.Ring.Rat
B699_DEPENDENCY Mathlib.Algebra.Order.Field.Rat
B699_DEPENDENCY Mathlib.Data.Rat.Cast.Order
B699_DEPENDENCY Mathlib.Tactic.NormNum.Abs
B699_DEPENDENCY Mathlib.Tactic.NormNum.Eq
B699_DEPENDENCY Mathlib.Tactic.NormNum.Ineq
B699_DEPENDENCY Mathlib.Tactic.NormNum.DivMod
B699_DEPENDENCY Mathlib.Algebra.Notation
B699_DEPENDENCY Mathlib.Algebra.Order.Group.PosPart
B699_DEPENDENCY Mathlib.Data.Nat.Factorial.Basic
B699_DEPENDENCY Mathlib.Algebra.Notation.Support
B699_DEPENDENCY Mathlib.Data.Int.Cast.Field
B699_DEPENDENCY Mathlib.Data.Int.Cast.Pi
B699_DEPENDENCY Mathlib.Data.Int.CharZero
B699_DEPENDENCY Mathlib.Algebra.Order.Hom.Basic
B699_DEPENDENCY Mathlib.Tactic.Positivity.Basic
B699_DEPENDENCY Mathlib.Data.Rat.Cast.Lemmas
B699_DEPENDENCY Mathlib.Tactic.NormNum.OfScientific
B699_DEPENDENCY Mathlib.Tactic.NormNum
B699_DEPENDENCY Mathlib.Tactic.Linarith
B699_DEPENDENCY Mathlib.Algebra.Order.Floor.Ring
B699_DEPENDENCY Mathlib.Algebra.Order.Round
B699_DEPENDENCY Mathlib.Data.PNat.Equiv
B699_DEPENDENCY Mathlib.Data.PNat.Basic
B699_DEPENDENCY Mathlib.Tactic.Ring.PNat
B699_DEPENDENCY Mathlib.Tactic.Ring.RingNF
B699_DEPENDENCY Mathlib.Tactic.Ring
B699_DEPENDENCY Mathlib.Data.Rat.Floor
B699_DEPENDENCY Mathlib.Algebra.Order.Group.Basic
B699_DEPENDENCY Mathlib.Algebra.Order.Ring.Pow
B699_DEPENDENCY Mathlib.Algebra.Order.Archimedean.Basic
B699_DEPENDENCY Mathlib.Data.Set.Piecewise
B699_DEPENDENCY Mathlib.Algebra.Group.Action.Pi
B699_DEPENDENCY Mathlib.Algebra.Order.AbsoluteValue.Basic
B699_DEPENDENCY Mathlib.Algebra.Order.Group.MinMax
B699_DEPENDENCY Mathlib.Algebra.Group.Pi.Lemmas
B699_DEPENDENCY Mathlib.Algebra.GroupWithZero.Pi
B699_DEPENDENCY Mathlib.Algebra.Ring.Pi
B699_DEPENDENCY Mathlib.Data.Setoid.Basic
B699_DEPENDENCY Mathlib.GroupTheory.GroupAction.Ring
B699_DEPENDENCY Mathlib.Algebra.Order.CauSeq.Basic
B699_DEPENDENCY Mathlib.Algebra.Ring.Action.Rat
B699_DEPENDENCY Mathlib.Algebra.Order.CauSeq.Completion
B699_DEPENDENCY Mathlib.Data.Real.Basic
B699_DEPENDENCY Mathlib.Data.Set.Lattice.Image
B699_DEPENDENCY Mathlib.Order.Interval.Set.Disjoint
B699_DEPENDENCY Mathlib.Algebra.Order.Group.Pointwise.Bounds
B699_DEPENDENCY Mathlib.Order.ConditionallyCompletePartialOrder.Indexed
B699_DEPENDENCY Mathlib.Order.ConditionallyCompleteLattice.Indexed
B699_DEPENDENCY Mathlib.Algebra.Order.Group.Pointwise.CompleteLattice
B699_DEPENDENCY Mathlib.Algebra.Order.Archimedean.Real.Basic
B699_DEPENDENCY Mathlib.Algebra.GroupWithZero.Action.Opposite
B699_DEPENDENCY Mathlib.Algebra.Ring.Opposite
B699_DEPENDENCY Mathlib.Algebra.Module.Opposite
B699_DEPENDENCY Mathlib.Algebra.Regular.Opposite
B699_DEPENDENCY Mathlib.Algebra.Module.Torsion.Free
B699_DEPENDENCY Mathlib.Algebra.Order.Group.Action.Synonym
B699_DEPENDENCY Mathlib.Algebra.Order.GroupWithZero.Action.Synonym
B699_DEPENDENCY Mathlib.Algebra.Order.Module.Defs
B699_DEPENDENCY Mathlib.Algebra.Order.Nonneg.Module
B699_DEPENDENCY Mathlib.Data.NNReal.Defs
B699_DEPENDENCY Mathlib.Order.ConditionallyCompleteLattice.Group
B699_DEPENDENCY Mathlib.Data.FunLike.IsApply
B699_DEPENDENCY Mathlib.Data.FunLike.Group
B699_DEPENDENCY Mathlib.Algebra.GroupWithZero.Action.Pi
B699_DEPENDENCY Mathlib.Algebra.Module.Pi
B699_DEPENDENCY Mathlib.Data.FunLike.Module
B699_DEPENDENCY Mathlib.Analysis.Normed.Group.Seminorm
B699_DEPENDENCY Mathlib.Algebra.Order.Ring.WithTop
B699_DEPENDENCY Mathlib.Algebra.Order.Sub.WithTop
B699_DEPENDENCY Mathlib.Order.Interval.Set.WithBotTop
B699_DEPENDENCY Mathlib.Data.ENNReal.Basic
B699_DEPENDENCY Mathlib.Data.ENNReal.Real
B699_DEPENDENCY Mathlib.Tactic.Finiteness
B699_DEPENDENCY Mathlib.Data.ENNReal.Operations
B699_DEPENDENCY Mathlib.Data.EReal.Basic
B699_DEPENDENCY Mathlib.Order.Interval.Set.OrdConnectedComponent
B699_DEPENDENCY Mathlib.Order.Filter.Defs
B699_DEPENDENCY Mathlib.Order.Filter.Basic
B699_DEPENDENCY Mathlib.Order.Filter.Map
B699_DEPENDENCY Mathlib.Order.Filter.Tendsto
B699_DEPENDENCY Mathlib.Order.Filter.Prod
B699_DEPENDENCY Mathlib.Data.Set.Sigma
B699_DEPENDENCY Mathlib.Order.Filter.Bases.Basic
B699_DEPENDENCY Mathlib.Order.Filter.Lift
B699_DEPENDENCY Mathlib.Order.Filter.AtTopBot.Defs
B699_DEPENDENCY Mathlib.Order.Filter.AtTopBot.Disjoint
B699_DEPENDENCY Mathlib.Order.Filter.AtTopBot.Tendsto
B699_DEPENDENCY Mathlib.Order.Filter.AtTopBot.Basic
B699_DEPENDENCY Mathlib.Order.Filter.SmallSets
B699_DEPENDENCY Mathlib.Data.List.Perm.Subperm
B699_DEPENDENCY Mathlib.Data.Multiset.Defs
B699_DEPENDENCY Mathlib.Data.Finset.Defs
B699_DEPENDENCY Mathlib.Data.List.Nodup
B699_DEPENDENCY Mathlib.Data.Multiset.ZeroCons
B699_DEPENDENCY Mathlib.Data.Multiset.Count
B699_DEPENDENCY Mathlib.Data.List.Count
B699_DEPENDENCY Mathlib.Data.Multiset.AddSub
B699_DEPENDENCY Mathlib.Data.Multiset.Replicate
B699_DEPENDENCY Mathlib.Data.Set.List
B699_DEPENDENCY Mathlib.Data.Multiset.MapFold
B699_DEPENDENCY Mathlib.Data.Finset.Attach
B699_DEPENDENCY Mathlib.Data.Finset.Attr
B699_DEPENDENCY Mathlib.Data.List.Lattice
B699_DEPENDENCY Batteries.Data.List.Pairwise
B699_DEPENDENCY Mathlib.Data.List.Dedup
B699_DEPENDENCY Mathlib.Data.List.Perm.Lattice
B699_DEPENDENCY Mathlib.Data.Multiset.Filter
B699_DEPENDENCY Mathlib.Data.Multiset.UnionInter
B699_DEPENDENCY Mathlib.Data.Multiset.Dedup
B699_DEPENDENCY Mathlib.Data.Multiset.Basic
B699_DEPENDENCY Mathlib.Data.Finset.Dedup
B699_DEPENDENCY Mathlib.Data.Finset.Empty
B699_DEPENDENCY Mathlib.Data.List.Induction
B699_DEPENDENCY Mathlib.Data.List.Infix
B699_DEPENDENCY Mathlib.Data.Multiset.FinsetOps
B699_DEPENDENCY Mathlib.Data.Finset.Insert
B699_DEPENDENCY Mathlib.Data.Finset.Disjoint
B699_DEPENDENCY Mathlib.Data.Finset.Erase
B699_DEPENDENCY Mathlib.Data.Finset.Filter
B699_DEPENDENCY Mathlib.Data.Multiset.Range
B699_DEPENDENCY Mathlib.Data.Finset.Range
B699_DEPENDENCY Mathlib.Data.Finset.Lattice.Basic
B699_DEPENDENCY Mathlib.Data.Finset.SDiff
B699_DEPENDENCY Mathlib.Data.Finset.Basic
B699_DEPENDENCY Mathlib.Data.Finset.Lattice.Lemmas
B699_DEPENDENCY Mathlib.Data.Finite.Defs
B699_DEPENDENCY Mathlib.Data.Fintype.Defs
B699_DEPENDENCY Mathlib.Data.Finset.Image
B699_DEPENDENCY Mathlib.Data.Finset.Card
B699_DEPENDENCY Mathlib.Data.Multiset.Fold
B699_DEPENDENCY Mathlib.Data.Finset.Fold
B699_DEPENDENCY Mathlib.Algebra.Order.Group.Multiset
B699_DEPENDENCY Mathlib.Data.Multiset.Sum
B699_DEPENDENCY Mathlib.Data.Finset.Sum
B699_DEPENDENCY Mathlib.Data.Multiset.Lattice
B699_DEPENDENCY Mathlib.Order.Hom.Bounded
B699_DEPENDENCY Mathlib.Order.Hom.Lattice
B699_DEPENDENCY Mathlib.Order.Hom.BoundedLattice
B699_DEPENDENCY Mathlib.Data.Finset.Lattice.Fold
B699_DEPENDENCY Mathlib.Data.List.Flatten
B699_DEPENDENCY Mathlib.Data.List.Pairwise
B699_DEPENDENCY Mathlib.Data.List.Lex
B699_DEPENDENCY Mathlib.Data.List.Chain
B699_DEPENDENCY Mathlib.Data.List.Range
B699_DEPENDENCY Mathlib.Data.List.Rotate
B699_DEPENDENCY Mathlib.Data.List.ProdSigma
B699_DEPENDENCY Mathlib.Algebra.BigOperators.Group.List.Lemmas
B699_DEPENDENCY Mathlib.Algebra.BigOperators.Group.Multiset.Defs
B699_DEPENDENCY Mathlib.Algebra.BigOperators.Group.Multiset.Basic
B699_DEPENDENCY Mathlib.Data.Multiset.Bind
B699_DEPENDENCY Mathlib.Data.Finset.Union
B699_DEPENDENCY Mathlib.Data.Finset.Lattice.Union
B699_DEPENDENCY Mathlib.Data.Nat.Choose.Basic
B699_DEPENDENCY Mathlib.Data.List.Sublists
B699_DEPENDENCY Mathlib.Data.List.Zip
B699_DEPENDENCY Mathlib.Data.Multiset.Powerset
B699_DEPENDENCY Mathlib.Data.Set.Pairwise.Lattice
B699_DEPENDENCY Mathlib.Data.Finset.Powerset
B699_DEPENDENCY Mathlib.Data.Finset.BooleanAlgebra
B699_DEPENDENCY Mathlib.Data.Fintype.OfMap
B699_DEPENDENCY Mathlib.Data.Finset.SymmDiff
B699_DEPENDENCY Mathlib.Data.Fintype.Sets
B699_DEPENDENCY Mathlib.Data.Int.DivMod
B699_DEPENDENCY Batteries.Data.Fin.Basic
B699_DEPENDENCY Mathlib.Data.Fin.Basic
B699_DEPENDENCY Mathlib.Data.Fin.SuccPred
B699_DEPENDENCY Mathlib.Data.Fin.Rev
B699_DEPENDENCY Mathlib.Data.Fin.Embedding
B699_DEPENDENCY Mathlib.Order.Fin.Basic
B699_DEPENDENCY Batteries.Data.Fin.Lemmas
B699_DEPENDENCY Mathlib.Data.Fin.Tuple.Basic
B699_DEPENDENCY Mathlib.Data.List.OfFn
B699_DEPENDENCY Mathlib.Data.List.FinRange
B699_DEPENDENCY Mathlib.Data.Fintype.Basic
B699_DEPENDENCY Mathlib.Data.Fintype.Card
B699_DEPENDENCY Mathlib.Data.List.Duplicate
B699_DEPENDENCY Mathlib.Data.List.Sort
B699_DEPENDENCY Mathlib.Data.List.NodupEquivFin
B699_DEPENDENCY Mathlib.Data.Fintype.EquivFin
B699_DEPENDENCY Mathlib.Data.Set.Finite.Basic
B699_DEPENDENCY Mathlib.Data.Set.Finite.Powerset
B699_DEPENDENCY Mathlib.Data.Set.Finite.Range
B699_DEPENDENCY Mathlib.Data.Finset.Option
B699_DEPENDENCY Mathlib.Data.Fintype.Option
B699_DEPENDENCY Mathlib.Data.Set.Finite.Lattice
B699_DEPENDENCY Mathlib.Order.CompleteLattice.Finset
B699_DEPENDENCY Mathlib.Order.Filter.Finite
B699_DEPENDENCY Mathlib.Order.Filter.Bases.Finite
B699_DEPENDENCY Mathlib.Order.Filter.Interval
B699_DEPENDENCY Mathlib.Order.Interval.Set.Pi
B699_DEPENDENCY Mathlib.Order.OrdContinuous
B699_DEPENDENCY Mathlib.Data.Fin.VecNotation
B699_DEPENDENCY Mathlib.Data.Finset.Piecewise
B699_DEPENDENCY Mathlib.Algebra.FiniteSupport.Defs
B699_DEPENDENCY Mathlib.Data.List.Enum
B699_DEPENDENCY Mathlib.Data.List.OffDiag
B699_DEPENDENCY Mathlib.Data.Finset.Prod
B699_DEPENDENCY Mathlib.Data.Fintype.Prod
B699_DEPENDENCY Mathlib.Data.Multiset.Pi
B699_DEPENDENCY Mathlib.Logic.Function.DependsOn
B699_DEPENDENCY Mathlib.Data.Finset.Pi
B699_DEPENDENCY Mathlib.Data.Fintype.Pi
B699_DEPENDENCY Mathlib.Data.Finite.Prod
B699_DEPENDENCY Mathlib.Data.Finset.Max
B699_DEPENDENCY Mathlib.Data.Fintype.Powerset
B699_DEPENDENCY Mathlib.Logic.Embedding.Set
B699_DEPENDENCY Mathlib.Data.Set.Finite.Lemmas
B699_DEPENDENCY Mathlib.Data.Countable.Defs
B699_DEPENDENCY Mathlib.Data.ENat.Defs
B699_DEPENDENCY Mathlib.Data.Nat.Bits
B699_DEPENDENCY Mathlib.Data.Nat.Pairing
B699_DEPENDENCY Mathlib.Logic.Equiv.Nat
B699_DEPENDENCY Mathlib.Data.Countable.Basic
B699_DEPENDENCY Mathlib.Data.List.MinMax
B699_DEPENDENCY Mathlib.Data.Nat.Order.Lemmas
B699_DEPENDENCY Mathlib.Logic.Encodable.Basic
B699_DEPENDENCY Mathlib.Logic.Denumerable
B699_DEPENDENCY Mathlib.Logic.Equiv.List
B699_DEPENDENCY Mathlib.Order.Minimal
B699_DEPENDENCY Mathlib.Order.Preorder.Finite
B699_DEPENDENCY Mathlib.Data.Set.Countable
B699_DEPENDENCY Mathlib.Order.Filter.CountablyGenerated
B699_DEPENDENCY Mathlib.Order.Filter.Ker
B699_DEPENDENCY Mathlib.Order.Filter.Pi
B699_DEPENDENCY Mathlib.Order.Heyting.Boundary
B699_DEPENDENCY Mathlib.Order.Filter.Cofinite
B699_DEPENDENCY Mathlib.Order.Filter.Curry
B699_DEPENDENCY Mathlib.Tactic.Continuity.Init
B699_DEPENDENCY Mathlib.Tactic.Continuity
B699_DEPENDENCY Mathlib.Util.DelabNonCanonical
B699_DEPENDENCY Mathlib.Topology.Defs.Basic
B699_DEPENDENCY Mathlib.Topology.ContinuousMap.Defs
B699_DEPENDENCY Mathlib.Topology.Defs.Filter
B699_DEPENDENCY Mathlib.Topology.Basic
B699_DEPENDENCY Mathlib.Topology.Closure
B699_DEPENDENCY Mathlib.Topology.Neighborhoods
B699_DEPENDENCY Mathlib.Topology.ClusterPt
B699_DEPENDENCY Mathlib.Topology.Continuous
B699_DEPENDENCY Mathlib.Topology.Defs.Induced
B699_DEPENDENCY Mathlib.Topology.Order
B699_DEPENDENCY Mathlib.Topology.NhdsSet
B699_DEPENDENCY Mathlib.Topology.Maps.Basic
B699_DEPENDENCY Mathlib.Topology.Maps.OpenQuotient
B699_DEPENDENCY Mathlib.Topology.Homeomorph.Defs
B699_DEPENDENCY Mathlib.Topology.Separation.SeparatedNhds
B699_DEPENDENCY Mathlib.Topology.Constructions.SumProd
B699_DEPENDENCY Mathlib.Topology.WithTopology
B699_DEPENDENCY Mathlib.Topology.Constructions
B699_DEPENDENCY Mathlib.Topology.NhdsWithin
B699_DEPENDENCY Mathlib.Topology.ContinuousOn
B699_DEPENDENCY Mathlib.Topology.Order.LeftRight
B699_DEPENDENCY Mathlib.Data.Set.Constructions
B699_DEPENDENCY Mathlib.Order.Filter.AtTopBot.Finite
B699_DEPENDENCY Mathlib.Order.Filter.AtTopBot.Prod
B699_DEPENDENCY Mathlib.Order.Filter.AtTopBot.CountablyGenerated
B699_DEPENDENCY Mathlib.Topology.Bases
B699_DEPENDENCY Mathlib.Order.ConditionallyCompleteLattice.Finset
B699_DEPENDENCY Mathlib.Algebra.Group.Embedding
B699_DEPENDENCY Mathlib.Order.Hom.WithTopBot
B699_DEPENDENCY Mathlib.Order.Cover
B699_DEPENDENCY Mathlib.Data.Finset.Sigma
B699_DEPENDENCY Mathlib.Data.Finset.Preimage
B699_DEPENDENCY Mathlib.Order.Interval.Finset.Defs
B699_DEPENDENCY Mathlib.Order.Interval.Finset.Basic
B699_DEPENDENCY Mathlib.Order.Interval.Multiset
B699_DEPENDENCY Mathlib.Order.Interval.Finset.Nat
B699_DEPENDENCY Mathlib.Order.Lattice.Nat
B699_DEPENDENCY Mathlib.Order.Iterate
B699_DEPENDENCY Mathlib.Order.SuccPred.Basic
B699_DEPENDENCY Mathlib.Data.Finset.Order
B699_DEPENDENCY Mathlib.Order.ModularLattice
B699_DEPENDENCY Mathlib.Order.Atoms
B699_DEPENDENCY Mathlib.Data.Fintype.Order
B699_DEPENDENCY Mathlib.Order.PartialSups
B699_DEPENDENCY Mathlib.Order.SetAccumulate
B699_DEPENDENCY Mathlib.Topology.Bornology.Basic
B699_DEPENDENCY Mathlib.Order.CompleteLattice.Chain
B699_DEPENDENCY Mathlib.Order.Zorn
B699_DEPENDENCY Mathlib.Order.ZornAtoms
B699_DEPENDENCY Mathlib.Order.Filter.Ultrafilter.Defs
B699_DEPENDENCY Mathlib.Order.Filter.Ultrafilter.Basic
B699_DEPENDENCY Mathlib.Topology.Ultrafilter
B699_DEPENDENCY Mathlib.Topology.Defs.Ultrafilter
B699_DEPENDENCY Mathlib.Topology.Compactness.Compact
B699_DEPENDENCY Mathlib.Topology.Compactness.LocallyCompact
B699_DEPENDENCY Mathlib.Topology.LocallyFinite
B699_DEPENDENCY Mathlib.Topology.Compactness.LocallyFinite
B699_DEPENDENCY Mathlib.Topology.Compactness.SigmaCompact
B699_DEPENDENCY Mathlib.Tactic.TautoSet
B699_DEPENDENCY Mathlib.Data.Set.Functor
B699_DEPENDENCY Mathlib.Data.Set.Subset
B699_DEPENDENCY Mathlib.Order.Interval.Set.OrderIso
B699_DEPENDENCY Mathlib.Order.UpperLower.Basic
B699_DEPENDENCY Mathlib.Order.UpperLower.CompleteLattice
B699_DEPENDENCY Mathlib.Order.UpperLower.Principal
B699_DEPENDENCY Mathlib.Order.UpperLower.Closure
B699_DEPENDENCY Mathlib.Order.UpperLower.Fibration
B699_DEPENDENCY Mathlib.Topology.Inseparable
B699_DEPENDENCY Mathlib.Topology.Piecewise
B699_DEPENDENCY Mathlib.Topology.Separation.Basic
B699_DEPENDENCY Mathlib.Topology.DiscreteSubset
B699_DEPENDENCY Mathlib.Topology.Irreducible
B699_DEPENDENCY Mathlib.Topology.Separation.Hausdorff
B699_DEPENDENCY Mathlib.Topology.Order.OrderClosed
B699_DEPENDENCY Mathlib.Topology.Order.Basic
B699_DEPENDENCY Mathlib.Order.Filter.CountableInter
B699_DEPENDENCY Mathlib.Topology.Compactness.Lindelof
B699_DEPENDENCY Mathlib.Data.Fintype.Sigma
B699_DEPENDENCY Mathlib.Data.Finite.Sigma
B699_DEPENDENCY Mathlib.Data.Set.BoolIndicator
B699_DEPENDENCY Mathlib.Topology.Clopen
B699_DEPENDENCY Mathlib.Order.SuccPred.Archimedean
B699_DEPENDENCY Mathlib.Order.SuccPred.Relation
B699_DEPENDENCY Mathlib.Topology.Connected.Basic
B699_DEPENDENCY Mathlib.Topology.Connected.Clopen
B699_DEPENDENCY Mathlib.Topology.Separation.Regular
B699_DEPENDENCY Mathlib.Topology.Order.T5
B699_DEPENDENCY Mathlib.Topology.Order.Real
B699_DEPENDENCY Mathlib.Algebra.BigOperators.Group.Finset.Defs
B699_DEPENDENCY Mathlib.Algebra.BigOperators.Group.Finset.Pi
B699_DEPENDENCY Mathlib.Algebra.BigOperators.Group.Finset.Basic
B699_DEPENDENCY Mathlib.Algebra.BigOperators.Group.Finset.Piecewise
B699_DEPENDENCY Mathlib.Algebra.Notation.Indicator
B699_DEPENDENCY Mathlib.Algebra.BigOperators.GroupWithZero.Finset
B699_DEPENDENCY Mathlib.Algebra.BigOperators.Ring.List
B699_DEPENDENCY Mathlib.Data.Multiset.Antidiagonal
B699_DEPENDENCY Mathlib.Data.Multiset.Sections
B699_DEPENDENCY Mathlib.Algebra.BigOperators.Ring.Multiset
B699_DEPENDENCY Mathlib.Algebra.BigOperators.Ring.Finset
B699_DEPENDENCY Mathlib.Algebra.Order.BigOperators.Group.List
B699_DEPENDENCY Mathlib.Algebra.Order.BigOperators.Group.Multiset
B699_DEPENDENCY Mathlib.Data.Multiset.OrderedMonoid
B699_DEPENDENCY Mathlib.Algebra.BigOperators.Group.Finset.Sigma
B699_DEPENDENCY Mathlib.Algebra.Order.BigOperators.Group.Finset
B699_DEPENDENCY Mathlib.Algebra.Order.BigOperators.GroupWithZero.Finset
B699_DEPENDENCY Mathlib.Algebra.Order.BigOperators.GroupWithZero.List
B699_DEPENDENCY Mathlib.Algebra.Order.BigOperators.GroupWithZero.Multiset
B699_DEPENDENCY Mathlib.Algebra.Order.BigOperators.Ring.List
B699_DEPENDENCY Mathlib.Algebra.Order.BigOperators.Ring.Multiset
B699_DEPENDENCY Mathlib.Algebra.Order.BigOperators.Ring.Finset
B699_DEPENDENCY Mathlib.Algebra.NoZeroSMulDivisors.Defs
B699_DEPENDENCY Mathlib.Algebra.NoZeroSMulDivisors.Basic
B699_DEPENDENCY Mathlib.Algebra.Order.Module.Field
B699_DEPENDENCY Mathlib.Algebra.Group.Commutator
B699_DEPENDENCY Mathlib.Tactic.Group
B699_DEPENDENCY Mathlib.Data.ENNReal.Inv
B699_DEPENDENCY Mathlib.Data.Rel
B699_DEPENDENCY Mathlib.Data.Rel.Separated
B699_DEPENDENCY Mathlib.Data.Rel.Cover
B699_DEPENDENCY Mathlib.Topology.UniformSpace.Defs
B699_DEPENDENCY Mathlib.Topology.UniformSpace.Basic
B699_DEPENDENCY Mathlib.Topology.UniformSpace.OfFun
B699_DEPENDENCY Mathlib.Topology.EMetricSpace.Defs
B699_DEPENDENCY Mathlib.Topology.MetricSpace.Pseudo.Defs
B699_DEPENDENCY Mathlib.Topology.MetricSpace.Defs
B699_DEPENDENCY Mathlib.Analysis.Normed.Group.Defs
B699_DEPENDENCY Mathlib.Algebra.BigOperators.Group.Finset.Lemmas
B699_DEPENDENCY Mathlib.Algebra.BigOperators.Pi
B699_DEPENDENCY Mathlib.Algebra.Group.Subsemigroup.Defs
B699_DEPENDENCY Mathlib.Algebra.Group.Submonoid.Defs
B699_DEPENDENCY Mathlib.Algebra.Group.Subsemigroup.Basic
B699_DEPENDENCY Mathlib.Algebra.Group.Submonoid.Basic
B699_DEPENDENCY Mathlib.Algebra.Group.Support
B699_DEPENDENCY Mathlib.Algebra.Group.Commute.Hom
B699_DEPENDENCY Mathlib.Data.Finset.NoncommProd
B699_DEPENDENCY Mathlib.Algebra.Group.Submonoid.BigOperators
B699_DEPENDENCY Mathlib.Algebra.Group.Indicator
B699_DEPENDENCY Mathlib.Data.List.Find
B699_DEPENDENCY Mathlib.Data.Multiset.Find
B699_DEPENDENCY Mathlib.Data.Finsupp.Defs
B699_DEPENDENCY Mathlib.Data.Finsupp.Single
B699_DEPENDENCY Mathlib.Algebra.Group.Finsupp
B699_DEPENDENCY Mathlib.Data.Finsupp.Ext
B699_DEPENDENCY Mathlib.Data.Finsupp.Indicator
B699_DEPENDENCY Mathlib.Algebra.BigOperators.Finsupp.Basic
B699_DEPENDENCY Mathlib.Algebra.Module.Equiv.Defs
B699_DEPENDENCY Mathlib.Algebra.Algebra.Rat
B699_DEPENDENCY Mathlib.Algebra.Notation.FiniteSupport
B699_DEPENDENCY Mathlib.Algebra.Order.Group.Indicator
B699_DEPENDENCY Mathlib.Algebra.GroupWithZero.Indicator
B699_DEPENDENCY Mathlib.Algebra.Module.Basic
B699_DEPENDENCY Mathlib.Algebra.FiniteSupport.Basic
B699_DEPENDENCY Mathlib.Algebra.Group.Hom.End
B699_DEPENDENCY Mathlib.Algebra.Module.End
B699_DEPENDENCY Mathlib.Algebra.BigOperators.Finprod
B699_DEPENDENCY Mathlib.Algebra.BigOperators.GroupWithZero.Action
B699_DEPENDENCY Mathlib.Algebra.Order.Ring.NNRat
B699_DEPENDENCY Mathlib.Data.Finset.Density
B699_DEPENDENCY Mathlib.Algebra.BigOperators.Option
B699_DEPENDENCY Mathlib.Data.Fintype.Sum
B699_DEPENDENCY Mathlib.Data.Vector.Defs
B699_DEPENDENCY Mathlib.Control.Applicative
B699_DEPENDENCY Mathlib.Control.Traversable.Basic
B699_DEPENDENCY Mathlib.Data.Vector.Basic
B699_DEPENDENCY Mathlib.Tactic.ApplyFun
B699_DEPENDENCY Mathlib.Data.Sym.Basic
B699_DEPENDENCY Mathlib.Data.Fintype.Vector
B699_DEPENDENCY Mathlib.Data.Fintype.BigOperators
B699_DEPENDENCY Mathlib.Algebra.Group.Pointwise.Set.Scalar
B699_DEPENDENCY Mathlib.Algebra.Group.Pointwise.Set.Finite
B699_DEPENDENCY Mathlib.Algebra.Group.Pointwise.Set.ListOfFn
B699_DEPENDENCY Mathlib.Data.Finset.Lattice.Prod
B699_DEPENDENCY Mathlib.Data.Finset.NAry
B699_DEPENDENCY Mathlib.Algebra.Group.Pointwise.Finset.Basic
B699_DEPENDENCY Mathlib.Algebra.BigOperators.Group.Finset.Indicator
B699_DEPENDENCY Mathlib.Algebra.BigOperators.Expect
B699_DEPENDENCY Mathlib.Algebra.Order.Nonneg.Floor
B699_DEPENDENCY Mathlib.Algebra.Group.Action.Pointwise.Set.Basic
B699_DEPENDENCY Mathlib.Algebra.Group.Equiv.TypeTags
B699_DEPENDENCY Mathlib.Algebra.Group.End
B699_DEPENDENCY Mathlib.Algebra.Group.Action.End
B699_DEPENDENCY Mathlib.Algebra.Group.Action.Prod
B699_DEPENDENCY Mathlib.Algebra.GroupWithZero.Prod
B699_DEPENDENCY Mathlib.Algebra.GroupWithZero.Action.Basic
B699_DEPENDENCY Mathlib.Algebra.GroupWithZero.Pointwise.Set.Basic
B699_DEPENDENCY Mathlib.Algebra.GroupWithZero.Action.Pointwise.Set
B699_DEPENDENCY Mathlib.Algebra.Order.Module.Pointwise
B699_DEPENDENCY Mathlib.Data.Real.Pointwise
B699_DEPENDENCY Mathlib.Data.NNReal.Basic
B699_DEPENDENCY Mathlib.Topology.Algebra.Support
B699_DEPENDENCY Mathlib.Order.SuccPred.Limit
B699_DEPENDENCY Mathlib.Order.SuccPred.WithBot
B699_DEPENDENCY Mathlib.Algebra.Order.SuccPred
B699_DEPENDENCY Mathlib.Order.Interval.Set.SuccPred
B699_DEPENDENCY Mathlib.Order.Interval.Finset.SuccPred
B699_DEPENDENCY Mathlib.Algebra.Order.Interval.Finset.SuccPred
B699_DEPENDENCY Mathlib.Data.Nat.SuccPred
B699_DEPENDENCY Mathlib.Topology.UniformSpace.Compact
B699_DEPENDENCY Mathlib.Logic.Equiv.Fin.Basic
B699_DEPENDENCY Mathlib.Topology.Connected.LocallyConnected
B699_DEPENDENCY Mathlib.Topology.DenseEmbedding
B699_DEPENDENCY Mathlib.Topology.Connected.TotallyDisconnected
B699_DEPENDENCY Mathlib.Topology.GDelta.Basic
B699_DEPENDENCY Mathlib.Topology.Baire.Lemmas
B699_DEPENDENCY Mathlib.Topology.Homeomorph.Lemmas
B699_DEPENDENCY Mathlib.Topology.Algebra.Constructions
B699_DEPENDENCY Mathlib.Topology.UniformSpace.DiscreteUniformity
B699_DEPENDENCY Mathlib.Topology.UniformSpace.Cauchy
B699_DEPENDENCY Mathlib.Topology.UniformSpace.UniformConvergence
B699_DEPENDENCY Mathlib.Topology.UniformSpace.LocallyUniformConvergence
B699_DEPENDENCY Mathlib.Topology.UniformSpace.Separation
B699_DEPENDENCY Mathlib.Topology.UniformSpace.UniformEmbedding
B699_DEPENDENCY Mathlib.Topology.EMetricSpace.Basic
B699_DEPENDENCY Mathlib.Topology.UniformSpace.Pi
B699_DEPENDENCY Mathlib.Topology.Metrizable.Basic
B699_DEPENDENCY Mathlib.Topology.MetricSpace.Pseudo.Basic
B699_DEPENDENCY Mathlib.Topology.Bornology.Constructions
B699_DEPENDENCY Mathlib.Topology.MetricSpace.Pseudo.Constructions
B699_DEPENDENCY Mathlib.Order.Filter.AtTopBot.CompleteLattice
B699_DEPENDENCY Mathlib.Order.Filter.AtTopBot.Map
B699_DEPENDENCY Mathlib.Order.Filter.AtTopBot.Monoid
B699_DEPENDENCY Mathlib.Order.Filter.AtTopBot.Group
B699_DEPENDENCY Mathlib.Topology.Order.LeftRightNhds
B699_DEPENDENCY Mathlib.Topology.Order.IsLUB
B699_DEPENDENCY Mathlib.Topology.Order.DenselyOrdered
B699_DEPENDENCY Mathlib.Topology.MetricSpace.Pseudo.Lemmas
B699_DEPENDENCY Mathlib.Data.ENNReal.Lemmas
B699_DEPENDENCY Mathlib.Topology.EMetricSpace.Pi
B699_DEPENDENCY Mathlib.Topology.MetricSpace.Pseudo.Pi
B699_DEPENDENCY Mathlib.Topology.MetricSpace.Basic
B699_DEPENDENCY Mathlib.Analysis.Normed.Group.Basic
B699_DEPENDENCY Mathlib.Analysis.Normed.Group.Real
B699_DEPENDENCY Mathlib.Algebra.Group.EvenFunction
B699_DEPENDENCY Mathlib.Logic.Encodable.Lattice
B699_DEPENDENCY Mathlib.Order.Filter.AtTopBot.Finset
B699_DEPENDENCY Mathlib.Data.ENat.Basic
B699_DEPENDENCY Mathlib.Data.ENat.Pow
B699_DEPENDENCY Mathlib.Algebra.Group.Fin.Basic
B699_DEPENDENCY Mathlib.Algebra.Group.ModEq
B699_DEPENDENCY Mathlib.Data.Nat.GCD.Basic
B699_DEPENDENCY Mathlib.Data.Nat.ModEq
B699_DEPENDENCY Mathlib.Data.ZMod.Defs
B699_DEPENDENCY Mathlib.Algebra.Order.Hom.Monoid
B699_DEPENDENCY Mathlib.Algebra.Order.Hom.MonoidWithZero
B699_DEPENDENCY Mathlib.Algebra.Order.Hom.Ring
B699_DEPENDENCY Mathlib.Logic.Small.Defs
B699_DEPENDENCY Mathlib.Logic.Small.Basic
B699_DEPENDENCY Mathlib.Data.Countable.Small
B699_DEPENDENCY Mathlib.Logic.Small.Set
B699_DEPENDENCY Mathlib.Logic.UnivLE
B699_DEPENDENCY Mathlib.Data.Sum.Order
B699_DEPENDENCY Mathlib.Data.Prod.Lex
B699_DEPENDENCY Mathlib.Order.RelIso.Set
B699_DEPENDENCY Mathlib.Order.Hom.Lex
B699_DEPENDENCY Mathlib.Order.InitialSeg
B699_DEPENDENCY Mathlib.Order.SuccPred.CompleteLinearOrder
B699_DEPENDENCY Mathlib.SetTheory.Cardinal.Defs
B699_DEPENDENCY Mathlib.Dynamics.FixedPoints.Defs
B699_DEPENDENCY Mathlib.Dynamics.FixedPoints.Basic
B699_DEPENDENCY Mathlib.Order.Hom.Order
B699_DEPENDENCY Mathlib.Control.Monad.Basic
B699_DEPENDENCY Mathlib.Data.Part
B699_DEPENDENCY Mathlib.Order.Part
B699_DEPENDENCY Mathlib.Order.ScottContinuity
B699_DEPENDENCY Mathlib.Order.OmegaCompletePartialOrder
B699_DEPENDENCY Mathlib.Order.BourbakiWitt
B699_DEPENDENCY Mathlib.Order.FixedPoints
B699_DEPENDENCY Mathlib.SetTheory.Cardinal.SchroederBernstein
B699_DEPENDENCY Mathlib.SetTheory.Cardinal.Order
B699_DEPENDENCY Mathlib.SetTheory.Cardinal.Basic
B699_DEPENDENCY Mathlib.SetTheory.Cardinal.ENat
B699_DEPENDENCY Mathlib.SetTheory.Cardinal.ToNat
B699_DEPENDENCY Mathlib.SetTheory.Cardinal.Finite
B699_DEPENDENCY Mathlib.Algebra.Group.ULift
B699_DEPENDENCY Mathlib.Order.Filter.NAry
B699_DEPENDENCY Mathlib.Order.Filter.Pointwise
B699_DEPENDENCY Mathlib.Algebra.Torsor.Defs
B699_DEPENDENCY Mathlib.Algebra.Group.Submonoid.MulAction
B699_DEPENDENCY Mathlib.Algebra.Group.Submonoid.DistribMulAction
B699_DEPENDENCY Mathlib.Algebra.Group.Conj
B699_DEPENDENCY Mathlib.Algebra.Group.Submonoid.Operations
B699_DEPENDENCY Mathlib.Algebra.Group.Subgroup.Defs
B699_DEPENDENCY Mathlib.Algebra.Group.Subgroup.Lattice
B699_DEPENDENCY Mathlib.Algebra.Group.Subgroup.Map
B699_DEPENDENCY Mathlib.Algebra.Group.Subgroup.Ker
B699_DEPENDENCY Mathlib.Algebra.Group.Subgroup.Basic
B699_DEPENDENCY Mathlib.Algebra.Group.Center
B699_DEPENDENCY Mathlib.GroupTheory.Subsemigroup.Center
B699_DEPENDENCY Mathlib.GroupTheory.Submonoid.Center
B699_DEPENDENCY Mathlib.GroupTheory.Subgroup.Center
B699_DEPENDENCY Mathlib.Algebra.Group.Subgroup.Actions
B699_DEPENDENCY Mathlib.GroupTheory.GroupAction.Defs
B699_DEPENDENCY Mathlib.GroupTheory.GroupAction.SubMulAction
B699_DEPENDENCY Mathlib.Algebra.Group.Pointwise.Set.Lattice
B699_DEPENDENCY Mathlib.Algebra.GroupWithZero.ULift
B699_DEPENDENCY Mathlib.Algebra.Ring.ULift
B699_DEPENDENCY Mathlib.Algebra.Module.ULift
B699_DEPENDENCY Mathlib.Topology.Algebra.ConstMulAction
B699_DEPENDENCY Mathlib.Topology.Algebra.Monoid.Defs
B699_DEPENDENCY Mathlib.Topology.Algebra.Group.Defs
B699_DEPENDENCY Mathlib.Topology.Algebra.MulAction
B699_DEPENDENCY Mathlib.Data.Set.UnionLift
B699_DEPENDENCY Mathlib.Topology.ContinuousMap.Basic
B699_DEPENDENCY Mathlib.Topology.Algebra.Monoid
B699_DEPENDENCY Mathlib.Topology.Algebra.GroupWithZero
B699_DEPENDENCY Mathlib.Order.Filter.IsBounded
B699_DEPENDENCY Mathlib.Order.Hom.CompleteLattice
B699_DEPENDENCY Mathlib.Order.LiminfLimsup
B699_DEPENDENCY Mathlib.Topology.Algebra.InfiniteSum.SummationFilter
B699_DEPENDENCY Mathlib.Algebra.BigOperators.Group.Finset.Preimage
B699_DEPENDENCY Mathlib.Topology.Algebra.InfiniteSum.Defs
B699_DEPENDENCY Mathlib.Order.Filter.AtTopBot.BigOperators
B699_DEPENDENCY Mathlib.Topology.Algebra.InfiniteSum.Basic
B699_DEPENDENCY Mathlib.Algebra.Group.Subsemigroup.MulOpposite
B699_DEPENDENCY Mathlib.Algebra.Group.Submonoid.MulOpposite
B699_DEPENDENCY Mathlib.Algebra.Group.Subgroup.MulOpposite
B699_DEPENDENCY Mathlib.Algebra.Group.Subgroup.MulOppositeLemmas
B699_DEPENDENCY Mathlib.Algebra.Group.Subgroup.ZPowers.Basic
B699_DEPENDENCY Mathlib.Algebra.FreeMonoid.Basic
B699_DEPENDENCY Mathlib.Algebra.Group.Idempotent
B699_DEPENDENCY Mathlib.Algebra.Group.Submonoid.Membership
B699_DEPENDENCY Mathlib.Data.Sigma.Lex
B699_DEPENDENCY Mathlib.Order.OrderIsoNat
B699_DEPENDENCY Mathlib.Order.WellQuasiOrder
B699_DEPENDENCY Mathlib.Order.WellFoundedSet
B699_DEPENDENCY Mathlib.Algebra.Group.Submonoid.Pointwise
B699_DEPENDENCY Mathlib.GroupTheory.Subsemigroup.Centralizer
B699_DEPENDENCY Mathlib.GroupTheory.Submonoid.Centralizer
B699_DEPENDENCY Mathlib.GroupTheory.Subgroup.Centralizer
B699_DEPENDENCY Mathlib.GroupTheory.GroupAction.ConjAct
B699_DEPENDENCY Mathlib.Algebra.Group.Subgroup.Pointwise
B699_DEPENDENCY Mathlib.Algebra.Group.Submonoid.Units
B699_DEPENDENCY Mathlib.Algebra.Order.Interval.Set.Monoid
B699_DEPENDENCY Mathlib.Algebra.Order.Group.Pointwise.Interval
B699_DEPENDENCY Mathlib.Topology.Algebra.Group.Basic
B699_DEPENDENCY Mathlib.Topology.Algebra.IsUniformGroup.Defs
B699_DEPENDENCY Mathlib.Topology.Maps.Proper.Basic
B699_DEPENDENCY Mathlib.Topology.Algebra.Group.Pointwise
B699_DEPENDENCY Mathlib.Topology.Algebra.InfiniteSum.Group
B699_DEPENDENCY Mathlib.Topology.Algebra.InfiniteSum.NatInt
B699_DEPENDENCY Mathlib.Order.Filter.AtTopBot.Ring
B699_DEPENDENCY Mathlib.Order.Filter.AtTopBot.Field
B699_DEPENDENCY Mathlib.RingTheory.NonUnitalSubsemiring.Defs
B699_DEPENDENCY Mathlib.Algebra.Ring.Subsemiring.Defs
B699_DEPENDENCY Mathlib.RingTheory.NonUnitalSubring.Defs
B699_DEPENDENCY Mathlib.Algebra.Ring.Subring.Defs
B699_DEPENDENCY Mathlib.Algebra.Field.Subfield.Defs
B699_DEPENDENCY Mathlib.Data.Nat.Cast.Prod
B699_DEPENDENCY Mathlib.Data.Int.Cast.Prod
B699_DEPENDENCY Mathlib.Algebra.Ring.Prod
B699_DEPENDENCY Mathlib.Algebra.Ring.Action.Subobjects
B699_DEPENDENCY Mathlib.Algebra.Group.Subsemigroup.Membership
B699_DEPENDENCY Mathlib.Algebra.Group.Subsemigroup.Operations
B699_DEPENDENCY Mathlib.Algebra.GroupWithZero.Center
B699_DEPENDENCY Mathlib.Algebra.Ring.Center
B699_DEPENDENCY Mathlib.Algebra.Ring.Centralizer
B699_DEPENDENCY Mathlib.Algebra.Ring.Submonoid.Basic
B699_DEPENDENCY Mathlib.RingTheory.NonUnitalSubsemiring.Basic
B699_DEPENDENCY Mathlib.Algebra.Ring.Subsemiring.Basic
B699_DEPENDENCY Mathlib.RingTheory.NonUnitalSubring.Basic
B699_DEPENDENCY Mathlib.Algebra.Ring.Subring.Basic
B699_DEPENDENCY Mathlib.Topology.Algebra.ContinuousMonoidHom
B699_DEPENDENCY Mathlib.Topology.Algebra.Group.GroupTopology
B699_DEPENDENCY Mathlib.Topology.Algebra.Ring.Basic
B699_DEPENDENCY Mathlib.Order.Filter.Extr
B699_DEPENDENCY Mathlib.Topology.Order.LocalExtr
B699_DEPENDENCY Mathlib.Topology.Algebra.Field
B699_DEPENDENCY Mathlib.Topology.Algebra.Order.Group
B699_DEPENDENCY Mathlib.Topology.Algebra.Order.Field
B699_DEPENDENCY Mathlib.Topology.Order.MonotoneConvergence
B699_DEPENDENCY Mathlib.Topology.Algebra.InfiniteSum.Order
B699_DEPENDENCY Mathlib.Algebra.Order.Antidiag.Prod
B699_DEPENDENCY Mathlib.Data.List.NatAntidiagonal
B699_DEPENDENCY Mathlib.Data.Multiset.NatAntidiagonal
B699_DEPENDENCY Mathlib.Data.Finset.NatAntidiagonal
B699_DEPENDENCY Mathlib.Algebra.BigOperators.NatAntidiagonal
B699_DEPENDENCY Mathlib.Data.Finset.Fin
B699_DEPENDENCY Mathlib.Order.Interval.Set.Fin
B699_DEPENDENCY Mathlib.Order.Interval.Finset.Fin
B699_DEPENDENCY Mathlib.Data.Fintype.Pigeonhole
B699_DEPENDENCY Mathlib.Order.SuccPred.LinearLocallyFinite
B699_DEPENDENCY Mathlib.Order.Disjointed
B699_DEPENDENCY Mathlib.Algebra.Order.BigOperators.Group.LocallyFinite
B699_DEPENDENCY Mathlib.Algebra.Order.Interval.Finset.Basic
B699_DEPENDENCY Mathlib.Algebra.BigOperators.Intervals
B699_DEPENDENCY Mathlib.Algebra.Ring.GeomSum
B699_DEPENDENCY Mathlib.Algebra.Ring.Aut
B699_DEPENDENCY Mathlib.Algebra.Star.Basic
B699_DEPENDENCY Mathlib.Topology.Algebra.Star
B699_DEPENDENCY Mathlib.Topology.Algebra.InfiniteSum.Constructions
B699_DEPENDENCY Mathlib.Topology.Algebra.InfiniteSum.Ring
B699_DEPENDENCY Mathlib.Data.EReal.Operations
B699_DEPENDENCY Mathlib.Topology.Order.Bornology
B699_DEPENDENCY Lean.Meta.Canonicalizer
B699_DEPENDENCY Lean.Elab.Tactic.Omega.OmegaM
B699_DEPENDENCY Lean.Elab.Tactic.Omega.MinNatAbs
B699_DEPENDENCY Lean.Elab.Tactic.Omega.Core
B699_DEPENDENCY Lean.Elab.Tactic.FalseOrByContra
B699_DEPENDENCY Lean.Elab.Tactic.Omega.Frontend
B699_DEPENDENCY Lean.Elab.Tactic.Omega
B699_DEPENDENCY Mathlib.Tactic.Order.CollectFacts
B699_DEPENDENCY Mathlib.Tactic.Order.Graph.Basic
B699_DEPENDENCY Mathlib.Tactic.Order.Graph.Tarjan
B699_DEPENDENCY Mathlib.Tactic.Order.Preprocessing
B699_DEPENDENCY Mathlib.Tactic.Order.ToInt
B699_DEPENDENCY Mathlib.Tactic.Order
B699_DEPENDENCY Mathlib.Topology.Order.Monotone
B699_DEPENDENCY Mathlib.Topology.Order.IntermediateValue
B699_DEPENDENCY Mathlib.Topology.Order.Compact
B699_DEPENDENCY Mathlib.Topology.MetricSpace.ProperSpace
B699_DEPENDENCY Mathlib.Topology.MetricSpace.Cauchy
B699_DEPENDENCY Mathlib.Topology.EMetricSpace.Diam
B699_DEPENDENCY Mathlib.Topology.MetricSpace.Bounded
B699_DEPENDENCY Mathlib.Topology.Bornology.Real
B699_DEPENDENCY Mathlib.Algebra.Ring.CharZero
B699_DEPENDENCY Mathlib.Data.Int.Interval
B699_DEPENDENCY Mathlib.Data.Int.ConditionallyCompleteOrder
B699_DEPENDENCY Mathlib.Topology.Instances.Discrete
B699_DEPENDENCY Mathlib.Order.Filter.AtTopBot.Archimedean
B699_DEPENDENCY Mathlib.Topology.Instances.Int
B699_DEPENDENCY Mathlib.Topology.Order.MonotoneContinuity
B699_DEPENDENCY Mathlib.Topology.UniformSpace.Real
B699_DEPENDENCY Mathlib.Topology.Algebra.Ring.Real
B699_DEPENDENCY Mathlib.Topology.Instances.NNReal.Lemmas
B699_DEPENDENCY Mathlib.Analysis.Real.Sqrt
B699_DEPENDENCY Mathlib.Algebra.Ring.Torsion
B699_DEPENDENCY Mathlib.Data.Complex.Basic
B699_DEPENDENCY Mathlib.Analysis.Complex.Norm
B699_DEPENDENCY Mathlib.Algebra.Field.GeomSum
B699_DEPENDENCY Mathlib.Algebra.Order.CauSeq.BigOperators
B699_DEPENDENCY Mathlib.Algebra.Order.Group.Opposite
B699_DEPENDENCY Mathlib.Algebra.Field.Opposite
B699_DEPENDENCY Mathlib.Algebra.Star.Rat
B699_DEPENDENCY Mathlib.Algebra.Star.SelfAdjoint
B699_DEPENDENCY Mathlib.Algebra.Star.StarRingHom
B699_DEPENDENCY Mathlib.Tactic.ContinuousFunctionalCalculus
B699_DEPENDENCY Mathlib.Algebra.GroupWithZero.Idempotent
B699_DEPENDENCY Mathlib.Algebra.Ring.Idempotent
B699_DEPENDENCY Mathlib.Algebra.Star.StarProjection
B699_DEPENDENCY Mathlib.Algebra.Order.Star.Basic
B699_DEPENDENCY Mathlib.Algebra.BigOperators.Balance
B699_DEPENDENCY Mathlib.Data.Complex.BigOperators
B699_DEPENDENCY Mathlib.Data.Nat.Choose.Sum
B699_DEPENDENCY Mathlib.Tactic.NormNum.BigOperators
B699_DEPENDENCY Mathlib.Tactic.NormNum.NatFactorial
B699_DEPENDENCY Mathlib.Analysis.Complex.Exponential
B699_DEPENDENCY Mathlib.Logic.Equiv.Embedding
B699_DEPENDENCY Mathlib.Data.Fintype.CardEmbedding
B699_DEPENDENCY Mathlib.Order.Interval.Set.ProjIcc
B699_DEPENDENCY Mathlib.Topology.Bornology.Hom
B699_DEPENDENCY Mathlib.Topology.EMetricSpace.Lipschitz
B699_DEPENDENCY Mathlib.Topology.MetricSpace.Lipschitz
B699_DEPENDENCY Mathlib.Topology.Algebra.MetricSpace.Lipschitz
B699_DEPENDENCY Mathlib.Algebra.Module.Submodule.Defs
B699_DEPENDENCY Mathlib.Algebra.Module.Submodule.Basic
B699_DEPENDENCY Mathlib.Algebra.Group.PUnit
B699_DEPENDENCY Mathlib.Algebra.Ring.PUnit
B699_DEPENDENCY Mathlib.Algebra.Module.PUnit
B699_DEPENDENCY Mathlib.Algebra.Module.Submodule.Lattice
B699_DEPENDENCY Mathlib.Algebra.Module.Equiv.Opposite
B699_DEPENDENCY Mathlib.Algebra.Module.LinearMap.End
B699_DEPENDENCY Mathlib.Algebra.Module.Submodule.LinearMap
B699_DEPENDENCY Mathlib.Algebra.Module.Submodule.Map
B699_DEPENDENCY Mathlib.Algebra.Module.Submodule.RestrictScalars
B699_DEPENDENCY Mathlib.Algebra.Module.Submodule.Ker
B699_DEPENDENCY Mathlib.Algebra.Module.Submodule.Range
B699_DEPENDENCY Mathlib.LinearAlgebra.Span.Defs
B699_DEPENDENCY Mathlib.Algebra.Module.LinearMap.DivisionRing
B699_DEPENDENCY Mathlib.Algebra.Module.Submodule.EqLocus
B699_DEPENDENCY Mathlib.Algebra.GroupWithZero.Action.Hom
B699_DEPENDENCY Mathlib.GroupTheory.GroupAction.DomAct.Basic
B699_DEPENDENCY Mathlib.Algebra.Module.Hom
B699_DEPENDENCY Mathlib.Algebra.Module.Torsion.Pi
B699_DEPENDENCY Mathlib.Algebra.Module.LinearMap.Basic
B699_DEPENDENCY Mathlib.Algebra.GroupWithZero.Action.Prod
B699_DEPENDENCY Mathlib.Algebra.Module.Prod
B699_DEPENDENCY Mathlib.Algebra.Module.Equiv.Basic
B699_DEPENDENCY Mathlib.Algebra.Quotient
B699_DEPENDENCY Mathlib.GroupTheory.Coset.Defs
B699_DEPENDENCY Mathlib.GroupTheory.Coset.Basic
B699_DEPENDENCY Mathlib.GroupTheory.Congruence.Defs
B699_DEPENDENCY Mathlib.GroupTheory.Congruence.Hom
B699_DEPENDENCY Mathlib.GroupTheory.QuotientGroup.Defs
B699_DEPENDENCY Mathlib.GroupTheory.QuotientGroup.Basic
B699_DEPENDENCY Mathlib.Algebra.Group.Fin.Tuple
B699_DEPENDENCY Mathlib.Algebra.Ring.Hom.InjSurj
B699_DEPENDENCY Mathlib.Algebra.Algebra.Basic
B699_DEPENDENCY Mathlib.Algebra.Algebra.Hom
B699_DEPENDENCY Mathlib.Algebra.Ring.Action.Group
B699_DEPENDENCY Mathlib.Algebra.Algebra.Equiv
B699_DEPENDENCY Mathlib.Algebra.Algebra.Prod
B699_DEPENDENCY Mathlib.Algebra.Group.Graph
B699_DEPENDENCY Mathlib.Algebra.Group.Irreducible.Lemmas
B699_DEPENDENCY Mathlib.Algebra.Prime.Lemmas
B699_DEPENDENCY Mathlib.Algebra.GroupWithZero.Associated
B699_DEPENDENCY Mathlib.Algebra.GroupWithZero.NonZeroDivisors
B699_DEPENDENCY Mathlib.Algebra.Module.Submodule.Equiv
B699_DEPENDENCY Mathlib.Algebra.GroupWithZero.Submonoid.Pointwise
B699_DEPENDENCY Mathlib.Algebra.GroupWithZero.Subgroup
B699_DEPENDENCY Mathlib.Algebra.Order.Group.Action
B699_DEPENDENCY Mathlib.Algebra.Module.Submodule.Pointwise
B699_DEPENDENCY Mathlib.Order.Closure
B699_DEPENDENCY Mathlib.Order.SupClosed
B699_DEPENDENCY Mathlib.Tactic.FinCases
B699_DEPENDENCY Mathlib.Order.SupIndep
B699_DEPENDENCY Mathlib.Data.Finite.Set
B699_DEPENDENCY Mathlib.Order.CompactlyGenerated.Basic
B699_DEPENDENCY Mathlib.Algebra.Module.Torsion.Field
B699_DEPENDENCY Mathlib.LinearAlgebra.Span.Basic
B699_DEPENDENCY Mathlib.LinearAlgebra.Prod
B699_DEPENDENCY Mathlib.LinearAlgebra.Pi
B699_DEPENDENCY Mathlib.LinearAlgebra.Quotient.Defs
B699_DEPENDENCY Mathlib.LinearAlgebra.Quotient.Basic
B699_DEPENDENCY Mathlib.Order.Sublattice
B699_DEPENDENCY Mathlib.Algebra.Module.Submodule.Invariant
B699_DEPENDENCY Mathlib.LinearAlgebra.GeneralLinearGroup.Basic
B699_DEPENDENCY Mathlib.LinearAlgebra.Projection
B699_DEPENDENCY Mathlib.Data.List.Permutation
B699_DEPENDENCY Mathlib.Data.Fintype.List
B699_DEPENDENCY Mathlib.Data.List.Cycle
B699_DEPENDENCY Mathlib.Dynamics.PeriodicPts.Defs
B699_DEPENDENCY Mathlib.GroupTheory.Commutator.Basic
B699_DEPENDENCY Mathlib.GroupTheory.GroupAction.Basic
B699_DEPENDENCY Mathlib.GroupTheory.GroupAction.Quotient
B699_DEPENDENCY Mathlib.Topology.Algebra.Group.Quotient
B699_DEPENDENCY Mathlib.Data.Rat.BigOperators
B699_DEPENDENCY Mathlib.Data.Finsupp.Basic
B699_DEPENDENCY Mathlib.Data.Finsupp.Option
B699_DEPENDENCY Mathlib.Data.Finsupp.SMulWithZero
B699_DEPENDENCY Mathlib.Data.Finsupp.SMul
B699_DEPENDENCY Mathlib.LinearAlgebra.Finsupp.Defs
B699_DEPENDENCY Mathlib.LinearAlgebra.Finsupp.LSum
B699_DEPENDENCY Mathlib.LinearAlgebra.Finsupp.Supported
B699_DEPENDENCY Mathlib.LinearAlgebra.Finsupp.LinearCombination
B699_DEPENDENCY Mathlib.Topology.Algebra.Module.Basic
B699_DEPENDENCY Mathlib.Data.FunLike.Ring
B699_DEPENDENCY Mathlib.Topology.Algebra.Module.ContinuousLinearMap.Basic
B699_DEPENDENCY Mathlib.Topology.Algebra.Module.ContinuousLinearMap.PiProd
B699_DEPENDENCY Mathlib.Topology.Algebra.Module.ContinuousLinearMap.Restrict
B699_DEPENDENCY Mathlib.Topology.Algebra.Module.Equiv
B699_DEPENDENCY Mathlib.GroupTheory.GroupAction.Pointwise
B699_DEPENDENCY Mathlib.Algebra.Ring.Action.Pointwise.Set
B699_DEPENDENCY Mathlib.Algebra.Module.LinearMap.Prod
B699_DEPENDENCY Mathlib.Algebra.Order.Module.Synonym
B699_DEPENDENCY Mathlib.LinearAlgebra.BilinearMap
B699_DEPENDENCY Mathlib.Algebra.Torsor.Basic
B699_DEPENDENCY Mathlib.LinearAlgebra.AffineSpace.Defs
B699_DEPENDENCY Mathlib.LinearAlgebra.AffineSpace.AffineMap
B699_DEPENDENCY Mathlib.LinearAlgebra.AffineSpace.AffineEquiv
B699_DEPENDENCY Mathlib.LinearAlgebra.AffineSpace.Midpoint
B699_DEPENDENCY Mathlib.Data.Fintype.Fin
B699_DEPENDENCY Mathlib.Algebra.BigOperators.Fin
B699_DEPENDENCY Mathlib.Data.Fin.Tuple.Reflection
B699_DEPENDENCY Mathlib.LinearAlgebra.Dual.Defs
B699_DEPENDENCY Mathlib.LinearAlgebra.Finsupp.SumProd
B699_DEPENDENCY Mathlib.LinearAlgebra.LinearIndependent.Defs
B699_DEPENDENCY Mathlib.Logic.Equiv.Fin.Rotate
B699_DEPENDENCY Mathlib.LinearAlgebra.LinearIndependent.Basic
B699_DEPENDENCY Lean.Meta.Tactic.NormCast
B699_DEPENDENCY Mathlib.Algebra.Algebra.Tower
B699_DEPENDENCY Mathlib.Tactic.Module
B699_DEPENDENCY Mathlib.LinearAlgebra.LinearIndependent.Lemmas
B699_DEPENDENCY Mathlib.Algebra.Order.Algebra
B699_DEPENDENCY Mathlib.Algebra.Order.GroupWithZero.Submonoid
B699_DEPENDENCY Mathlib.Algebra.Ring.Subring.Units
B699_DEPENDENCY Mathlib.Tactic.LinearCombination.Lemmas
B699_DEPENDENCY Mathlib.Tactic.Ring.Compare
B699_DEPENDENCY Mathlib.Tactic.LinearCombination
B699_DEPENDENCY Mathlib.LinearAlgebra.Ray
B699_DEPENDENCY Mathlib.Analysis.Convex.Segment
B699_DEPENDENCY Mathlib.Analysis.Convex.Star
B699_DEPENDENCY Mathlib.LinearAlgebra.AffineSpace.AffineSubspace.Defs
B699_DEPENDENCY Mathlib.Tactic.NoncommRing
B699_DEPENDENCY Mathlib.Analysis.Convex.Basic
B699_DEPENDENCY Mathlib.Analysis.Convex.Hull
B699_DEPENDENCY Mathlib.Algebra.Algebra.NonUnitalHom
B699_DEPENDENCY Mathlib.Algebra.Algebra.NonUnitalSubalgebra
B699_DEPENDENCY Mathlib.GroupTheory.Congruence.Basic
B699_DEPENDENCY Mathlib.RingTheory.Congruence.Defs
B699_DEPENDENCY Mathlib.RingTheory.Congruence.Basic
B699_DEPENDENCY Mathlib.GroupTheory.Congruence.Opposite
B699_DEPENDENCY Mathlib.RingTheory.Congruence.Opposite
B699_DEPENDENCY Mathlib.RingTheory.TwoSidedIdeal.Basic
B699_DEPENDENCY Mathlib.RingTheory.TwoSidedIdeal.Lattice
B699_DEPENDENCY Mathlib.RingTheory.SimpleRing.Defs
B699_DEPENDENCY Mathlib.RingTheory.TwoSidedIdeal.Kernel
B699_DEPENDENCY Mathlib.RingTheory.SimpleRing.Basic
B699_DEPENDENCY Mathlib.Algebra.Algebra.Subalgebra.Basic
B699_DEPENDENCY Mathlib.Analysis.Normed.Group.Constructions
B699_DEPENDENCY Mathlib.Analysis.Normed.Group.Subgroup
B699_DEPENDENCY Mathlib.Analysis.Normed.Group.Submodule
B699_DEPENDENCY Mathlib.Analysis.Normed.Ring.Basic
B699_DEPENDENCY Mathlib.Analysis.Normed.Field.Basic
B699_DEPENDENCY Mathlib.Analysis.Normed.Group.Int
B699_DEPENDENCY Mathlib.Algebra.Module.Rat
B699_DEPENDENCY Mathlib.Algebra.Group.Subgroup.Order
B699_DEPENDENCY Mathlib.GroupTheory.Archimedean
B699_DEPENDENCY Mathlib.Topology.Algebra.Order.Archimedean
B699_DEPENDENCY Mathlib.Topology.Instances.Nat
B699_DEPENDENCY Mathlib.Topology.Instances.Rat
B699_DEPENDENCY Mathlib.Analysis.Normed.Group.Rat
B699_DEPENDENCY Mathlib.Algebra.Order.GroupWithZero.Finset
B699_DEPENDENCY Mathlib.Algebra.BigOperators.WithTop
B699_DEPENDENCY Mathlib.Data.ENNReal.BigOperators
B699_DEPENDENCY Mathlib.Topology.Order.LiminfLimsup
B699_DEPENDENCY Mathlib.Topology.MetricSpace.Pseudo.Real
B699_DEPENDENCY Mathlib.Data.Rat.Encodable
B699_DEPENDENCY Mathlib.Data.Fintype.Lattice
B699_DEPENDENCY Mathlib.Topology.UniformSpace.CompleteSeparated
B699_DEPENDENCY Mathlib.Topology.MetricSpace.Antilipschitz
B699_DEPENDENCY Mathlib.Topology.MetricSpace.Isometry
B699_DEPENDENCY Mathlib.Topology.MetricSpace.ProperSpace.Real
B699_DEPENDENCY Mathlib.Topology.Metrizable.Uniformity
B699_DEPENDENCY Mathlib.Topology.Instances.ENNReal.Lemmas
B699_DEPENDENCY Mathlib.Topology.Defs.Sequences
B699_DEPENDENCY Mathlib.Topology.Sequences
B699_DEPENDENCY Mathlib.Analysis.Normed.Group.Continuity
B699_DEPENDENCY Mathlib.Analysis.Normed.Group.Bounded
B699_DEPENDENCY Mathlib.Topology.Coherent
B699_DEPENDENCY Mathlib.Topology.UniformSpace.Equiv
B699_DEPENDENCY Mathlib.Topology.UniformSpace.UniformApproximation
B699_DEPENDENCY Mathlib.Topology.UniformSpace.UniformConvergenceTopology
B699_DEPENDENCY Mathlib.Topology.UniformSpace.Equicontinuity
B699_DEPENDENCY Mathlib.Topology.UniformSpace.HeineCantor
B699_DEPENDENCY Mathlib.Topology.Algebra.IsUniformGroup.Constructions
B699_DEPENDENCY Mathlib.Topology.Algebra.IsUniformGroup.Basic
B699_DEPENDENCY Mathlib.Topology.Algebra.SeparationQuotient.Basic
B699_DEPENDENCY Mathlib.Topology.UniformSpace.AbstractCompletion
B699_DEPENDENCY Mathlib.Topology.UniformSpace.Completion
B699_DEPENDENCY Mathlib.Topology.Algebra.UniformMulAction
B699_DEPENDENCY Mathlib.Topology.MetricSpace.Algebra
B699_DEPENDENCY Mathlib.Topology.MetricSpace.IsometricSMul
B699_DEPENDENCY Mathlib.Analysis.Normed.Group.Uniform
B699_DEPENDENCY Mathlib.Topology.MetricSpace.Dilation
B699_DEPENDENCY Mathlib.Analysis.Normed.Ring.Lemmas
B699_DEPENDENCY Mathlib.Topology.MetricSpace.DilationEquiv
B699_DEPENDENCY Mathlib.Algebra.Order.AddTorsor
B699_DEPENDENCY Mathlib.Data.ENNReal.Action
B699_DEPENDENCY Mathlib.Analysis.Normed.MulAction
B699_DEPENDENCY Mathlib.Analysis.Normed.Field.Lemmas
B699_DEPENDENCY Mathlib.Topology.Bornology.Absorbs
B699_DEPENDENCY Mathlib.Analysis.LocallyConvex.Basic
B699_DEPENDENCY Mathlib.Analysis.LocallyConvex.BalancedCoreHull
B699_DEPENDENCY Mathlib.Algebra.Notation.Lemmas
B699_DEPENDENCY Mathlib.Algebra.Order.Pi
B699_DEPENDENCY Mathlib.Analysis.Convex.Function
B699_DEPENDENCY Mathlib.Algebra.Algebra.Opposite
B699_DEPENDENCY Mathlib.Algebra.Algebra.Pi
B699_DEPENDENCY Mathlib.Algebra.Algebra.RestrictScalars
B699_DEPENDENCY Mathlib.Analysis.Normed.Module.Basic
B699_DEPENDENCY Mathlib.Analysis.Seminorm
B699_DEPENDENCY Mathlib.Analysis.LocallyConvex.Bounded
B699_DEPENDENCY Mathlib.Algebra.BigOperators.Group.Finset.Powerset
B699_DEPENDENCY Mathlib.Data.Multiset.Sort
B699_DEPENDENCY Mathlib.Data.Finset.Sort
B699_DEPENDENCY Mathlib.Data.Fintype.Inv
B699_DEPENDENCY Mathlib.Logic.Equiv.Fintype
B699_DEPENDENCY Mathlib.LinearAlgebra.Multilinear.Basic
B699_DEPENDENCY Mathlib.Topology.Algebra.Module.Multilinear.Basic
B699_DEPENDENCY Mathlib.Topology.Algebra.Module.Multilinear.Bounded
B699_DEPENDENCY Mathlib.Topology.Algebra.Module.ContinuousLinearMap.RestrictScalars
B699_DEPENDENCY Mathlib.Algebra.Group.TransferInstance
B699_DEPENDENCY Mathlib.Algebra.Group.Action.TransferInstance
B699_DEPENDENCY Mathlib.Algebra.Group.Shrink
B699_DEPENDENCY Mathlib.Algebra.GroupWithZero.Action.TransferInstance
B699_DEPENDENCY Mathlib.Algebra.Module.TransferInstance
B699_DEPENDENCY Mathlib.Algebra.Module.Shrink
B699_DEPENDENCY Mathlib.Algebra.Module.Submodule.Bilinear
B699_DEPENDENCY Mathlib.LinearAlgebra.TensorProduct.Defs
B699_DEPENDENCY Mathlib.LinearAlgebra.TensorProduct.Basic
B699_DEPENDENCY Mathlib.LinearAlgebra.TensorProduct.Map
B699_DEPENDENCY Mathlib.Algebra.Algebra.Bilinear
B699_DEPENDENCY Mathlib.Algebra.Group.Pointwise.Set.BigOperators
B699_DEPENDENCY Mathlib.Algebra.Module.Submodule.Finsupp
B699_DEPENDENCY Mathlib.Algebra.Ring.NonZeroDivisors
B699_DEPENDENCY Mathlib.Algebra.Ring.Submonoid.Pointwise
B699_DEPENDENCY Mathlib.Algebra.Order.Kleene
B699_DEPENDENCY Mathlib.Data.Set.Semiring
B699_DEPENDENCY Mathlib.GroupTheory.GroupAction.SubMulAction.Pointwise
B699_DEPENDENCY Mathlib.Algebra.Algebra.Operations
B699_DEPENDENCY Mathlib.Algebra.Algebra.Subalgebra.Lattice
B699_DEPENDENCY Mathlib.Algebra.Ring.Regular
B699_DEPENDENCY Mathlib.Algebra.Order.Interval.Set.Instances
B699_DEPENDENCY Mathlib.Topology.Algebra.Algebra
B699_DEPENDENCY Mathlib.Topology.Algebra.Algebra.Equiv
B699_DEPENDENCY Mathlib.Topology.Hom.ContinuousEvalConst
B699_DEPENDENCY Mathlib.LinearAlgebra.Basis.Defs
B699_DEPENDENCY Mathlib.LinearAlgebra.Basis.Basic
B699_DEPENDENCY Mathlib.Data.DFinsupp.Defs
B699_DEPENDENCY Mathlib.Data.DFinsupp.Module
B699_DEPENDENCY Mathlib.Data.List.Pi
B699_DEPENDENCY Mathlib.Data.Fintype.Quotient
B699_DEPENDENCY Mathlib.Data.DFinsupp.Sigma
B699_DEPENDENCY Mathlib.Data.DFinsupp.Ext
B699_DEPENDENCY Mathlib.Data.DFinsupp.BigOperators
B699_DEPENDENCY Mathlib.Data.DFinsupp.Submonoid
B699_DEPENDENCY Mathlib.Algebra.DirectSum.Basic
B699_DEPENDENCY Mathlib.Data.Finsupp.ToDFinsupp
B699_DEPENDENCY Mathlib.LinearAlgebra.DFinsupp
B699_DEPENDENCY Mathlib.Algebra.DirectSum.Module
B699_DEPENDENCY Mathlib.Algebra.DirectSum.Finsupp
B699_DEPENDENCY Mathlib.LinearAlgebra.TensorProduct.Associator
B699_DEPENDENCY Mathlib.LinearAlgebra.TensorProduct.Tower
B699_DEPENDENCY Mathlib.LinearAlgebra.DirectSum.TensorProduct
B699_DEPENDENCY Mathlib.LinearAlgebra.DirectSum.Finsupp
B699_DEPENDENCY Mathlib.GroupTheory.Abelianization.Defs
B699_DEPENDENCY Mathlib.GroupTheory.FreeGroup.Basic
B699_DEPENDENCY Mathlib.GroupTheory.FreeAbelianGroup
B699_DEPENDENCY Mathlib.Algebra.FreeAbelianGroup.Finsupp
B699_DEPENDENCY Mathlib.Algebra.MonoidAlgebra.Defs
B699_DEPENDENCY Mathlib.Algebra.Group.AddChar
B699_DEPENDENCY Mathlib.Algebra.Module.BigOperators
B699_DEPENDENCY Mathlib.Algebra.MonoidAlgebra.MapDomain
B699_DEPENDENCY Mathlib.Algebra.MonoidAlgebra.Lift
B699_DEPENDENCY Mathlib.Algebra.MonoidAlgebra.Module
B699_DEPENDENCY Mathlib.Algebra.Group.UniqueProds.Basic
B699_DEPENDENCY Mathlib.Algebra.MonoidAlgebra.Opposite
B699_DEPENDENCY Mathlib.Algebra.MonoidAlgebra.NoZeroDivisors
B699_DEPENDENCY Mathlib.Algebra.Polynomial.Basic
B699_DEPENDENCY Mathlib.Data.Finsupp.Fintype
B699_DEPENDENCY Mathlib.LinearAlgebra.FreeModule.Basic
B699_DEPENDENCY Mathlib.LinearAlgebra.Finsupp.Span
B699_DEPENDENCY Mathlib.LinearAlgebra.Finsupp.VectorSpace
B699_DEPENDENCY Mathlib.LinearAlgebra.TensorProduct.Basis
B699_DEPENDENCY Mathlib.Algebra.Module.Projective
B699_DEPENDENCY Mathlib.LinearAlgebra.LinearPMap
B699_DEPENDENCY Mathlib.LinearAlgebra.Basis.VectorSpace
B699_DEPENDENCY Mathlib.Topology.Algebra.SeparationQuotient.Section
B699_DEPENDENCY Mathlib.Topology.Algebra.FilterBasis
B699_DEPENDENCY Mathlib.Topology.Algebra.UniformConvergence
B699_DEPENDENCY Mathlib.Topology.Algebra.Module.UniformConvergence
B699_DEPENDENCY Mathlib.Topology.Algebra.Module.Spaces.UniformConvergenceCLM
B699_DEPENDENCY Mathlib.Topology.Algebra.Module.Spaces.ContinuousLinearMap
B699_DEPENDENCY Mathlib.Topology.Algebra.Module.Multilinear.Topology
B699_DEPENDENCY Mathlib.Topology.Algebra.Equicontinuity
B699_DEPENDENCY Mathlib.Topology.MetricSpace.Equicontinuity
B699_DEPENDENCY Mathlib.Analysis.Convex.Strict
B699_DEPENDENCY Mathlib.LinearAlgebra.AffineSpace.AffineSubspace.Basic
B699_DEPENDENCY Mathlib.LinearAlgebra.AffineSpace.Combination
B699_DEPENDENCY Mathlib.LinearAlgebra.AffineSpace.Centroid
B699_DEPENDENCY Mathlib.Tactic.ProxyType
B699_DEPENDENCY Mathlib.Tactic.DeriveFintype
B699_DEPENDENCY Mathlib.Data.Sign.Defs
B699_DEPENDENCY Mathlib.Data.Sign.Basic
B699_DEPENDENCY Mathlib.LinearAlgebra.AffineSpace.Independent
B699_DEPENDENCY Mathlib.LinearAlgebra.AffineSpace.Pointwise
B699_DEPENDENCY Mathlib.LinearAlgebra.Basis.SMul
B699_DEPENDENCY Mathlib.LinearAlgebra.AffineSpace.Basis
B699_DEPENDENCY Mathlib.LinearAlgebra.AffineSpace.Restrict
B699_DEPENDENCY Mathlib.LinearAlgebra.AffineSpace.Simplex.Basic
B699_DEPENDENCY Mathlib.Analysis.Convex.Combination
B699_DEPENDENCY Mathlib.Topology.Order.ProjIcc
B699_DEPENDENCY Mathlib.Topology.Hom.ContinuousEval
B699_DEPENDENCY Mathlib.Topology.CompactOpen
B699_DEPENDENCY Mathlib.Topology.UnitInterval
B699_DEPENDENCY Mathlib.Topology.Path
B699_DEPENDENCY Mathlib.Topology.Connected.PathConnected
B699_DEPENDENCY Mathlib.Analysis.Convex.PathConnected
B699_DEPENDENCY Mathlib.LinearAlgebra.Finsupp.Pi
B699_DEPENDENCY Mathlib.Topology.Algebra.Monoid.FunOnFinite
B699_DEPENDENCY Mathlib.Analysis.Convex.StdSimplex
B699_DEPENDENCY Mathlib.Topology.Algebra.Group.Torsor
B699_DEPENDENCY Mathlib.Topology.Algebra.Affine
B699_DEPENDENCY Mathlib.Analysis.Convex.Topology
B699_DEPENDENCY Mathlib.Tactic.Peel
B699_DEPENDENCY Mathlib.Topology.NhdsKer
B699_DEPENDENCY Mathlib.Topology.Compactness.NhdsKer
B699_DEPENDENCY Mathlib.Topology.AlexandrovDiscrete
B699_DEPENDENCY Mathlib.Topology.Connected.LocallyPathConnected
B699_DEPENDENCY Mathlib.Topology.Algebra.Module.LocallyConvex
B699_DEPENDENCY Mathlib.Analysis.LocallyConvex.WithSeminorms
B699_DEPENDENCY Mathlib.Analysis.Convex.Jensen
B699_DEPENDENCY Mathlib.Data.Nat.Factorial.BigOperators
B699_DEPENDENCY Mathlib.Data.Real.ENatENNReal
B699_DEPENDENCY Mathlib.Data.Set.Card
B699_DEPENDENCY Mathlib.Tactic.Bound
B699_DEPENDENCY Mathlib.Topology.Algebra.InfiniteSum.ENNReal
B699_DEPENDENCY Mathlib.Topology.Algebra.InfiniteSum.Real
B699_DEPENDENCY Mathlib.Data.Nat.Cast.Order.Field
B699_DEPENDENCY Mathlib.Data.EReal.Inv
B699_DEPENDENCY Mathlib.Topology.Semicontinuity.Defs
B699_DEPENDENCY Mathlib.Topology.Semicontinuity.Basic
B699_DEPENDENCY Mathlib.Topology.Instances.EReal.Lemmas
B699_DEPENDENCY Mathlib.Analysis.SpecificLimits.Basic
B699_DEPENDENCY Mathlib.Topology.MetricSpace.HausdorffDistance
B699_DEPENDENCY Mathlib.Topology.MetricSpace.Thickening
B699_DEPENDENCY Mathlib.Analysis.Normed.Group.Pointwise
B699_DEPENDENCY Mathlib.Analysis.Normed.Module.RCLike.Real
B699_DEPENDENCY Mathlib.Analysis.Normed.Module.Convex
B699_DEPENDENCY Mathlib.Analysis.Normed.Operator.LinearIsometry
B699_DEPENDENCY Mathlib.Analysis.Normed.Operator.ContinuousLinearMap
B699_DEPENDENCY Lean.Util.SCC
B699_DEPENDENCY Lean.Elab.PreDefinition.Mutual
B699_DEPENDENCY Lean.Elab.PreDefinition.TerminationMeasure
B699_DEPENDENCY Lean.Elab.PreDefinition.Structural.Basic
B699_DEPENDENCY Lean.Elab.PreDefinition.FixedParams
B699_DEPENDENCY Lean.Elab.PreDefinition.Structural.IndGroupInfo
B699_DEPENDENCY Lean.Elab.PreDefinition.Structural.RecArgInfo
B699_DEPENDENCY Lean.Elab.PreDefinition.Structural.FindRecArg
B699_DEPENDENCY Lean.Elab.PreDefinition.Structural.Preprocess
B699_DEPENDENCY Lean.Util.HasConstCache
B699_DEPENDENCY Lean.Meta.PProdN
B699_DEPENDENCY Lean.Elab.PreDefinition.Structural.BRecOn
B699_DEPENDENCY Lean.Meta.Constructions.CasesOn
B699_DEPENDENCY Lean.Meta.IndPredBelow
B699_DEPENDENCY Lean.Elab.PreDefinition.Structural.IndPred
B699_DEPENDENCY Lean.Elab.PreDefinition.EqnsUtils
B699_DEPENDENCY Lean.Meta.Tactic.CasesOnStuckLHS
B699_DEPENDENCY Lean.Elab.PreDefinition.Structural.Eqns
B699_DEPENDENCY Lean.Elab.PreDefinition.Structural.SmartUnfolding
B699_DEPENDENCY Lean.Elab.PreDefinition.Structural.Main
B699_DEPENDENCY Lean.Elab.PreDefinition.Structural
B699_DEPENDENCY Lean.Meta.ArgsPacker.Basic
B699_DEPENDENCY Lean.Meta.ArgsPacker
B699_DEPENDENCY Lean.Elab.PreDefinition.WF.Eqns
B699_DEPENDENCY Lean.Elab.PreDefinition.WF.PackMutual
B699_DEPENDENCY Lean.Elab.PreDefinition.WF.FloatRecApp
B699_DEPENDENCY Lean.Elab.PreDefinition.WF.Rel
B699_DEPENDENCY Lean.Data.Array
B699_DEPENDENCY Lean.Elab.PreDefinition.WF.Basic
B699_DEPENDENCY Lean.Elab.PreDefinition.WF.Fix
B699_DEPENDENCY Lean.Elab.PreDefinition.WF.Unfold
B699_DEPENDENCY Lean.Elab.PreDefinition.WF.Preprocess
B699_DEPENDENCY Lean.Elab.PreDefinition.WF.GuessLex
B699_DEPENDENCY Lean.Elab.PreDefinition.WF.Main
B699_DEPENDENCY Lean.Elab.PreDefinition.PartialFixpoint.Eqns
B699_DEPENDENCY Lean.Elab.PreDefinition.MkInhabitant
B699_DEPENDENCY Lean.Elab.Tactic.Monotonicity
B699_DEPENDENCY Lean.Meta.Order
B699_DEPENDENCY Lean.Elab.PreDefinition.PartialFixpoint.Main
B699_DEPENDENCY Lean.Elab.PreDefinition.PartialFixpoint.Induction
B699_DEPENDENCY Lean.Elab.PreDefinition.PartialFixpoint
B699_DEPENDENCY Lean.Elab.PreDefinition.Main
B699_DEPENDENCY Lean.Elab.MutualDef
B699_DEPENDENCY Lean.Meta.NatTable
B699_DEPENDENCY Lean.Meta.Constructions.CtorElim
B699_DEPENDENCY Lean.Meta.Constructions.NoConfusion
B699_DEPENDENCY Lean.Meta.Constructions.RecOn
B699_DEPENDENCY Lean.Meta.Constructions.BRecOn
B699_DEPENDENCY Lean.Meta.Constructions.CasesOnSameCtor
B699_DEPENDENCY Lean.Meta.Constructions.SparseCasesOnEq
B699_DEPENDENCY Lean.Meta.Constructions
B699_DEPENDENCY Lean.Meta.SizeOf
B699_DEPENDENCY Lean.Meta.MkIffOfInductiveProp
B699_DEPENDENCY Lean.Elab.Coinductive
B699_DEPENDENCY Lean.Elab.ComputedFields
B699_DEPENDENCY Lean.Elab.MutualInductive
B699_DEPENDENCY Lean.Elab.Declaration
B699_DEPENDENCY Mathlib.Tactic.SuppressCompilation
B699_DEPENDENCY Mathlib.Analysis.Normed.Operator.Basic
B699_DEPENDENCY Mathlib.Analysis.Normed.Operator.NNNorm
B699_DEPENDENCY Mathlib.Analysis.Normed.Operator.Bilinear
B699_DEPENDENCY Mathlib.Analysis.Normed.Module.Multilinear.Basic
B699_DEPENDENCY Mathlib.Data.Fintype.Sort
B699_DEPENDENCY Mathlib.LinearAlgebra.Multilinear.Curry
B699_DEPENDENCY Mathlib.Analysis.Normed.Module.Span
B699_DEPENDENCY Mathlib.Analysis.Normed.Operator.NormedSpace
B699_DEPENDENCY Mathlib.Analysis.Normed.Module.Multilinear.Curry
B699_DEPENDENCY Mathlib.Analysis.Calculus.FormalMultilinearSeries
B699_DEPENDENCY Mathlib.Algebra.BigOperators.Module
B699_DEPENDENCY Mathlib.Algebra.Order.Field.Power
B699_DEPENDENCY Mathlib.Algebra.MonoidAlgebra.Support
B699_DEPENDENCY Mathlib.Algebra.Polynomial.Coeff
B699_DEPENDENCY Mathlib.Algebra.MonoidAlgebra.Degree
B699_DEPENDENCY Mathlib.Data.Nat.Cast.WithTop
B699_DEPENDENCY Mathlib.Algebra.Polynomial.Degree.Defs
B699_DEPENDENCY Mathlib.Algebra.Polynomial.Degree.Operations
B699_DEPENDENCY Mathlib.Algebra.Polynomial.Degree.Support
B699_DEPENDENCY Mathlib.Algebra.Polynomial.Degree.TrailingDegree
B699_DEPENDENCY Mathlib.Algebra.Polynomial.Degree.Domain
B699_DEPENDENCY Mathlib.Data.Nat.WithBot
B699_DEPENDENCY Mathlib.Algebra.Polynomial.Degree.SmallDegree
B699_DEPENDENCY Mathlib.Algebra.Polynomial.Degree.Units
B699_DEPENDENCY Mathlib.Algebra.Polynomial.Eval.Defs
B699_DEPENDENCY Mathlib.Algebra.Polynomial.Eval.Coeff
B699_DEPENDENCY Mathlib.Algebra.Polynomial.Eval.Degree
B699_DEPENDENCY Mathlib.Algebra.Polynomial.Degree.Lemmas
B699_DEPENDENCY Mathlib.Algebra.Polynomial.Monomial
B699_DEPENDENCY Mathlib.Algebra.Polynomial.Degree.Monomial
B699_DEPENDENCY Mathlib.Algebra.Polynomial.EraseLead
B699_DEPENDENCY Mathlib.Algebra.Polynomial.Reverse
B699_DEPENDENCY Mathlib.Algebra.Polynomial.Monic
B699_DEPENDENCY Mathlib.Analysis.Asymptotics.Defs
B699_DEPENDENCY Mathlib.Analysis.Normed.Group.InfiniteSum
B699_DEPENDENCY Mathlib.Logic.Equiv.PartialEquiv
B699_DEPENDENCY Mathlib.Topology.PartialHomeomorph.Defs
B699_DEPENDENCY Mathlib.Topology.OpenPartialHomeomorph.Defs
B699_DEPENDENCY Mathlib.Topology.Compactness.Bases
B699_DEPENDENCY Mathlib.Order.Copy
B699_DEPENDENCY Mathlib.Topology.Sets.Opens
B699_DEPENDENCY Mathlib.Topology.PartialHomeomorph.Basic
B699_DEPENDENCY Mathlib.Topology.OpenPartialHomeomorph.Basic
B699_DEPENDENCY Mathlib.Topology.OpenPartialHomeomorph.Continuity
B699_DEPENDENCY Mathlib.Analysis.Asymptotics.Lemmas
B699_DEPENDENCY Mathlib.Analysis.Normed.Ring.InfiniteSum
B699_DEPENDENCY Mathlib.Topology.Order.Lattice
B699_DEPENDENCY Mathlib.Analysis.Normed.Order.Lattice
B699_DEPENDENCY Mathlib.Data.Nat.Choose.Bounds
B699_DEPENDENCY Mathlib.Order.Filter.AtTopBot.ModEq
B699_DEPENDENCY Mathlib.Algebra.Polynomial.Eval.Algebra
B699_DEPENDENCY Mathlib.RingTheory.Polynomial.Pochhammer
B699_DEPENDENCY Mathlib.Analysis.SpecificLimits.Normed
B699_DEPENDENCY Mathlib.Topology.Algebra.InfiniteSum.Module
B699_DEPENDENCY Mathlib.Analysis.Analytic.ConvergenceRadius
B699_DEPENDENCY Mathlib.Analysis.Analytic.Basic
B699_DEPENDENCY Mathlib.Analysis.Analytic.ChangeOrigin
B699_DEPENDENCY Mathlib.Analysis.Analytic.CPolynomialDef
B699_DEPENDENCY Mathlib.Combinatorics.Enumerative.Composition
B699_DEPENDENCY Mathlib.Analysis.Analytic.Composition
B699_DEPENDENCY Mathlib.Analysis.Analytic.Linear
B699_DEPENDENCY Mathlib.Analysis.Normed.Operator.Mul
B699_DEPENDENCY Mathlib.RingTheory.Ideal.Defs
B699_DEPENDENCY Mathlib.RingTheory.Ideal.Quotient.Defs
B699_DEPENDENCY Mathlib.Topology.Algebra.Ring.Ideal
B699_DEPENDENCY Mathlib.RingTheory.Ideal.Lattice
B699_DEPENDENCY Mathlib.RingTheory.Ideal.Prime
B699_DEPENDENCY Mathlib.RingTheory.Ideal.Span
B699_DEPENDENCY Mathlib.RingTheory.Ideal.Maximal
B699_DEPENDENCY Mathlib.RingTheory.Ideal.Nonunits
B699_DEPENDENCY Mathlib.Analysis.Normed.Ring.Units
B699_DEPENDENCY Mathlib.Analysis.Analytic.OfScalars
B699_DEPENDENCY Mathlib.Analysis.Analytic.Constructions
B699_DEPENDENCY Mathlib.Analysis.Analytic.CPolynomial
B699_DEPENDENCY Mathlib.Tactic.Positivity.Finset
B699_DEPENDENCY Mathlib.Tactic.Positivity
B699_DEPENDENCY Mathlib.Analysis.Analytic.Inverse
B699_DEPENDENCY Mathlib.Analysis.Analytic.Within
B699_DEPENDENCY Mathlib.Analysis.Asymptotics.Theta
B699_DEPENDENCY Mathlib.Analysis.Asymptotics.AsymptoticEquivalent
B699_DEPENDENCY Mathlib.Analysis.Convex.EGauge
B699_DEPENDENCY Mathlib.Analysis.Asymptotics.TVS
B699_DEPENDENCY Mathlib.Analysis.Calculus.FDeriv.Defs
B699_DEPENDENCY Mathlib.Analysis.Normed.Operator.Asymptotics
B699_DEPENDENCY Mathlib.Analysis.Calculus.TangentCone.Defs
B699_DEPENDENCY Mathlib.Analysis.Calculus.TangentCone.Basic
B699_DEPENDENCY Mathlib.Analysis.Calculus.TangentCone.DimOne
B699_DEPENDENCY Mathlib.Analysis.Calculus.FDeriv.Basic
B699_DEPENDENCY Mathlib.Analysis.Calculus.FDeriv.Congr
B699_DEPENDENCY Mathlib.Analysis.Calculus.FDeriv.Const
B699_DEPENDENCY Mathlib.Analysis.Calculus.TangentCone.Real
B699_DEPENDENCY Mathlib.Analysis.Calculus.Deriv.Basic
B699_DEPENDENCY Mathlib.Analysis.Normed.Operator.BoundedLinearMaps
B699_DEPENDENCY Mathlib.Analysis.Calculus.FDeriv.Linear
B699_DEPENDENCY Mathlib.Analysis.Calculus.FDeriv.Comp
B699_DEPENDENCY Mathlib.Analysis.Calculus.FDeriv.Add
B699_DEPENDENCY Mathlib.Analysis.Calculus.FDeriv.Equiv
B699_DEPENDENCY Mathlib.Analysis.Calculus.FDeriv.Prod
B699_DEPENDENCY Mathlib.Analysis.Calculus.FDeriv.Bilinear
B699_DEPENDENCY Mathlib.Data.Fintype.Perm
B699_DEPENDENCY Mathlib.Data.Int.Order.Units
B699_DEPENDENCY Mathlib.GroupTheory.Perm.Support
B699_DEPENDENCY Mathlib.GroupTheory.Perm.Sign
B699_DEPENDENCY Mathlib.LinearAlgebra.Multilinear.DFinsupp
B699_DEPENDENCY Mathlib.LinearAlgebra.Multilinear.Finsupp
B699_DEPENDENCY Mathlib.LinearAlgebra.Multilinear.Basis
B699_DEPENDENCY Mathlib.LinearAlgebra.Alternating.Basic
B699_DEPENDENCY Mathlib.Topology.Algebra.Module.Alternating.Basic
B699_DEPENDENCY Mathlib.Topology.Algebra.Module.Alternating.Topology
B699_DEPENDENCY Mathlib.Analysis.Normed.Module.Alternating.Basic
B699_DEPENDENCY Mathlib.Analysis.Calculus.FDeriv.CompCLM
B699_DEPENDENCY Mathlib.Data.ENat.Lattice
B699_DEPENDENCY Mathlib.Analysis.Calculus.ContDiff.FTaylorSeries
B699_DEPENDENCY Mathlib.Topology.Algebra.GroupCompletion
B699_DEPENDENCY Mathlib.Algebra.Ring.TransferInstance
B699_DEPENDENCY Mathlib.Topology.Algebra.UniformRing
B699_DEPENDENCY Mathlib.Topology.MetricSpace.Completion
B699_DEPENDENCY Mathlib.Analysis.Normed.Group.Completion
B699_DEPENDENCY Mathlib.Topology.Algebra.UniformField
B699_DEPENDENCY Mathlib.Analysis.Normed.Module.Completion
B699_DEPENDENCY Mathlib.Analysis.Calculus.FDeriv.Analytic
B699_DEPENDENCY Mathlib.Analysis.Calculus.FDeriv.Mul
B699_DEPENDENCY Mathlib.Analysis.Calculus.FDeriv.Pow
B699_DEPENDENCY Mathlib.Analysis.Calculus.Deriv.Pow
B699_DEPENDENCY Mathlib.Analysis.Calculus.Deriv.Support
B699_DEPENDENCY Mathlib.Analysis.Calculus.Deriv.Mul
B699_DEPENDENCY Mathlib.Analysis.Calculus.FDeriv.RestrictScalars
B699_DEPENDENCY Mathlib.Analysis.Calculus.Deriv.Comp
B699_DEPENDENCY Mathlib.Analysis.Calculus.Deriv.Inv
B699_DEPENDENCY Mathlib.Analysis.Calculus.Deriv.Add
B699_DEPENDENCY Mathlib.Analysis.Calculus.Deriv.CompMul
B699_DEPENDENCY Mathlib.Analysis.Calculus.Deriv.Shift
B699_DEPENDENCY Mathlib.Analysis.Calculus.Deriv.ZPow
B699_DEPENDENCY Mathlib.Analysis.Calculus.Deriv.Linear
B699_DEPENDENCY Mathlib.Analysis.Calculus.Deriv.AffineMap
B699_DEPENDENCY Mathlib.LinearAlgebra.AffineSpace.Slope
B699_DEPENDENCY Mathlib.Topology.Perfect
B699_DEPENDENCY Mathlib.Topology.Algebra.Module.PerfectSpace
B699_DEPENDENCY Mathlib.Analysis.Calculus.Deriv.Slope
B699_DEPENDENCY Mathlib.Analysis.Normed.Group.AddTorsor
B699_DEPENDENCY Mathlib.Algebra.Algebra.IsSimpleRing
B699_DEPENDENCY Mathlib.Algebra.Order.Module.Rat
B699_DEPENDENCY Mathlib.Algebra.Order.BigOperators.Expect
B699_DEPENDENCY Mathlib.Analysis.Normed.Group.Hom
B699_DEPENDENCY Mathlib.Algebra.Star.Pi
B699_DEPENDENCY Mathlib.Algebra.Algebra.Subalgebra.Directed
B699_DEPENDENCY Mathlib.Algebra.Module.LinearMap.Star
B699_DEPENDENCY Mathlib.Algebra.Star.Module
B699_DEPENDENCY Mathlib.Algebra.Star.StarAlgHom
B699_DEPENDENCY Mathlib.Algebra.Star.Pointwise
B699_DEPENDENCY Mathlib.Algebra.Star.Center
B699_DEPENDENCY Mathlib.Algebra.Star.Prod
B699_DEPENDENCY Mathlib.Algebra.Star.NonUnitalSubalgebra
B699_DEPENDENCY Mathlib.Algebra.Star.Subalgebra
B699_DEPENDENCY Mathlib.Algebra.Order.SuccPred.WithBot
B699_DEPENDENCY Mathlib.Order.RelSeries
B699_DEPENDENCY Mathlib.Order.KrullDimension
B699_DEPENDENCY Mathlib.RingTheory.Coprime.Basic
B699_DEPENDENCY Mathlib.RingTheory.Coprime.Lemmas
B699_DEPENDENCY Mathlib.Algebra.Field.IsField
B699_DEPENDENCY Mathlib.RingTheory.Ideal.Basic
B699_DEPENDENCY Mathlib.RingTheory.Ideal.Operations
B699_DEPENDENCY Mathlib.RingTheory.Ideal.Maps
B699_DEPENDENCY Mathlib.Algebra.Algebra.Spectrum.Basic
B699_DEPENDENCY Mathlib.Algebra.Star.MonoidHom
B699_DEPENDENCY Mathlib.Algebra.Star.Unitary
B699_DEPENDENCY Mathlib.Data.Real.Star
B699_DEPENDENCY Mathlib.Topology.Algebra.Module.Star
B699_DEPENDENCY Mathlib.Analysis.CStarAlgebra.Basic
B699_DEPENDENCY Mathlib.Algebra.CharP.Two
B699_DEPENDENCY Mathlib.Algebra.Group.Submonoid.Finite
B699_DEPENDENCY Mathlib.SetTheory.Cardinal.NatCard
B699_DEPENDENCY Mathlib.Algebra.Group.Subgroup.Finite
B699_DEPENDENCY Mathlib.Data.Int.ModEq
B699_DEPENDENCY Mathlib.Algebra.Ring.Associated
B699_DEPENDENCY Mathlib.Algebra.GCDMonoid.Basic
B699_DEPENDENCY Mathlib.Algebra.GCDMonoid.Multiset
B699_DEPENDENCY Mathlib.Algebra.GCDMonoid.Nat
B699_DEPENDENCY Mathlib.Algebra.GCDMonoid.Finset
B699_DEPENDENCY Mathlib.Data.Nat.Prime.Basic
B699_DEPENDENCY Mathlib.Dynamics.PeriodicPts.Lemmas
B699_DEPENDENCY Mathlib.GroupTheory.Coset.Card
B699_DEPENDENCY Mathlib.GroupTheory.Index
B699_DEPENDENCY Mathlib.Data.Nat.Log
B699_DEPENDENCY Mathlib.Data.Nat.Prime.Pow
B699_DEPENDENCY Mathlib.Algebra.IsPrimePow
B699_DEPENDENCY Mathlib.Data.List.Prime
B699_DEPENDENCY Mathlib.Data.Nat.Factors
B699_DEPENDENCY Mathlib.Data.Nat.Prime.Infinite
B699_DEPENDENCY Mathlib.Data.Nat.PrimeFin
B699_DEPENDENCY Mathlib.NumberTheory.Divisors
B699_DEPENDENCY Mathlib.Order.Interval.Set.Infinite
B699_DEPENDENCY Mathlib.GroupTheory.OrderOfElement
B699_DEPENDENCY Mathlib.Algebra.Group.TypeTags.Finite
B699_DEPENDENCY Mathlib.Analysis.Normed.Ring.Finite
B699_DEPENDENCY Mathlib.Analysis.RCLike.Basic
B699_DEPENDENCY Mathlib.Topology.Instances.RealVectorSpace
B699_DEPENDENCY Mathlib.Topology.Sets.Closeds
B699_DEPENDENCY Mathlib.Topology.LocallyConstant.Basic
B699_DEPENDENCY Mathlib.Analysis.Calculus.MeanValue
B699_DEPENDENCY Mathlib.Analysis.Calculus.DSlope
B699_DEPENDENCY Mathlib.Analysis.Analytic.Uniqueness
B699_DEPENDENCY Mathlib.Order.Filter.Subsingleton
B699_DEPENDENCY Mathlib.Order.Filter.EventuallyConst
B699_DEPENDENCY Mathlib.Analysis.Analytic.IsolatedZeros
B699_DEPENDENCY Mathlib.Analysis.Calculus.LogDeriv
B699_DEPENDENCY Mathlib.Analysis.Complex.Order
B699_DEPENDENCY Mathlib.Algebra.CharP.Invertible
B699_DEPENDENCY Mathlib.Algebra.Algebra.Subalgebra.Tower
B699_DEPENDENCY Mathlib.Data.Finite.Sum
B699_DEPENDENCY Mathlib.Algebra.BigOperators.RingEquiv
B699_DEPENDENCY Mathlib.LinearAlgebra.Matrix.Defs
B699_DEPENDENCY Mathlib.Data.Matrix.Diagonal
B699_DEPENDENCY Mathlib.Data.Matrix.Mul
B699_DEPENDENCY Mathlib.GroupTheory.DedekindFinite
B699_DEPENDENCY Mathlib.Data.Matrix.Basic
B699_DEPENDENCY Mathlib.Data.Matrix.Basis
B699_DEPENDENCY Mathlib.Data.Matrix.Composition
B699_DEPENDENCY Mathlib.Algebra.Star.BigOperators
B699_DEPENDENCY Mathlib.LinearAlgebra.Matrix.ConjTranspose
B699_DEPENDENCY Mathlib.Data.Matrix.Block
B699_DEPENDENCY Mathlib.LinearAlgebra.Basis.Fin
B699_DEPENDENCY Mathlib.LinearAlgebra.Basis.Prod
B699_DEPENDENCY Mathlib.LinearAlgebra.Matrix.RowCol
B699_DEPENDENCY Mathlib.LinearAlgebra.Matrix.Notation
B699_DEPENDENCY Mathlib.LinearAlgebra.StdBasis
B699_DEPENDENCY Mathlib.LinearAlgebra.Matrix.StdBasis
B699_DEPENDENCY Mathlib.RingTheory.AlgebraTower
B699_DEPENDENCY Mathlib.LinearAlgebra.Matrix.ToLin
B699_DEPENDENCY Mathlib.Algebra.Order.Monoid.Submonoid
B699_DEPENDENCY Mathlib.LinearAlgebra.Complex.Module
B699_DEPENDENCY Mathlib.Analysis.Complex.Basic
B699_DEPENDENCY Mathlib.Analysis.Complex.Asymptotics
B699_DEPENDENCY Mathlib.Analysis.Complex.Trigonometric
B699_DEPENDENCY Mathlib.Topology.Order.AtTopBotIxx
B699_DEPENDENCY Mathlib.Analysis.SpecialFunctions.Exp
B699_DEPENDENCY Mathlib.Algebra.Order.Group.Finset
B699_DEPENDENCY Mathlib.Order.Preorder.Finsupp
B699_DEPENDENCY Mathlib.Data.Finsupp.Multiset
B699_DEPENDENCY Mathlib.Data.Finsupp.Order
B699_DEPENDENCY Mathlib.Data.Nat.MaxPowDiv
B699_DEPENDENCY Mathlib.RingTheory.Multiplicity
B699_DEPENDENCY Mathlib.NumberTheory.Padics.PadicVal.Defs
B699_DEPENDENCY Mathlib.Data.Nat.Factorization.Defs
B699_DEPENDENCY Mathlib.Analysis.SpecialFunctions.Log.Basic
B699_DEPENDENCY Mathlib.Analysis.Calculus.ContDiff.Defs
B699_DEPENDENCY Mathlib.Analysis.Calculus.ContDiff.RCLike
B699_DEPENDENCY Mathlib.Topology.Algebra.ContinuousAffineMap
B699_DEPENDENCY Mathlib.Analysis.Calculus.FDeriv.Affine
B699_DEPENDENCY Mathlib.Analysis.Calculus.ContDiff.Basic
B699_DEPENDENCY Mathlib.Analysis.Calculus.ContDiff.FaaDiBruno
B699_DEPENDENCY Mathlib.Analysis.Calculus.ContDiff.Comp
B699_DEPENDENCY Mathlib.Analysis.Calculus.ContDiff.Deriv
B699_DEPENDENCY Mathlib.Analysis.Calculus.FDeriv.OfCompLeft
B699_DEPENDENCY Mathlib.Analysis.Calculus.Deriv.Inverse
B699_DEPENDENCY Mathlib.Topology.OpenPartialHomeomorph.IsImage
B699_DEPENDENCY Mathlib.Analysis.Calculus.ContDiff.Operations
B699_DEPENDENCY Mathlib.Analysis.Calculus.IteratedDeriv.Defs
B699_DEPENDENCY Mathlib.Analysis.Calculus.IteratedDeriv.Lemmas
B699_DEPENDENCY Mathlib.Analysis.Complex.RealDeriv
B699_DEPENDENCY Mathlib.Algebra.Algebra.TransferInstance
B699_DEPENDENCY Mathlib.Algebra.Ring.Action.ConjAct
B699_DEPENDENCY Mathlib.Data.Nat.Factorial.Cast
B699_DEPENDENCY Mathlib.Data.Nat.Choose.Cast
B699_DEPENDENCY Mathlib.Analysis.Normed.Algebra.Exponential
B699_DEPENDENCY Mathlib.Topology.MetricSpace.CauSeqFilter
B699_DEPENDENCY Mathlib.Analysis.SpecialFunctions.Exponential
B699_DEPENDENCY Mathlib.Analysis.SpecialFunctions.ExpDeriv
B699_DEPENDENCY Mathlib.Analysis.Calculus.LocalExtr.Basic
B699_DEPENDENCY Mathlib.Topology.ExtendFrom
B699_DEPENDENCY Mathlib.Topology.Order.ExtendFrom
B699_DEPENDENCY Mathlib.Topology.Order.Rolle
B699_DEPENDENCY Mathlib.Analysis.Calculus.LocalExtr.Rolle
B699_DEPENDENCY Mathlib.Analysis.Calculus.Deriv.MeanValue
B699_DEPENDENCY Mathlib.Analysis.SpecialFunctions.Log.Deriv
B699_DEPENDENCY Mathlib.Algebra.CharP.Basic
B699_DEPENDENCY Mathlib.Algebra.GroupWithZero.Units.Fintype
B699_DEPENDENCY Mathlib.Data.ZMod.Basic
B699_DEPENDENCY Mathlib.Data.ZMod.IntUnitsPower
B699_DEPENDENCY Mathlib.Algebra.Ring.NegOnePow
B699_DEPENDENCY Mathlib.Algebra.Field.NegOnePow
B699_DEPENDENCY Mathlib.Algebra.Ring.Periodic
B699_DEPENDENCY Mathlib.Algebra.Field.Periodic
B699_DEPENDENCY Mathlib.Algebra.QuadraticDiscriminant
B699_DEPENDENCY Mathlib.Analysis.SpecialFunctions.Trigonometric.Basic
B699_DEPENDENCY Mathlib.LinearAlgebra.Quotient.Card
B699_DEPENDENCY Mathlib.LinearAlgebra.Isomorphisms
B699_DEPENDENCY Mathlib.Algebra.Ring.Action.Submonoid
B699_DEPENDENCY Mathlib.Algebra.Algebra.Subalgebra.Operations
B699_DEPENDENCY Mathlib.Algebra.Ring.Fin
B699_DEPENDENCY Mathlib.GroupTheory.QuotientGroup.Finite
B699_DEPENDENCY Mathlib.RingTheory.Ideal.Quotient.Basic
B699_DEPENDENCY Mathlib.RingTheory.Ideal.Quotient.Operations
B699_DEPENDENCY Mathlib.Analysis.Normed.Group.Quotient
B699_DEPENDENCY Mathlib.Analysis.Normed.Module.Ball.Pointwise
B699_DEPENDENCY Mathlib.Data.Int.SuccPred
B699_DEPENDENCY Mathlib.Order.Circular
B699_DEPENDENCY Mathlib.Algebra.Order.Interval.Set.Group
B699_DEPENDENCY Mathlib.GroupTheory.QuotientGroup.ModEq
B699_DEPENDENCY Mathlib.Algebra.Order.ToIntervalMod
B699_DEPENDENCY Mathlib.Algebra.Group.Units.Opposite
B699_DEPENDENCY Mathlib.Algebra.Ring.AddAut
B699_DEPENDENCY Mathlib.Data.Nat.Cast.Field
B699_DEPENDENCY Mathlib.Data.Nat.Factorization.Basic
B699_DEPENDENCY Mathlib.Data.Nat.Factorization.Induction
B699_DEPENDENCY Mathlib.Algebra.Group.Nat.Range
B699_DEPENDENCY Mathlib.Data.Nat.Count
B699_DEPENDENCY Mathlib.Data.Nat.Periodic
B699_DEPENDENCY Mathlib.Data.Nat.Totient
B699_DEPENDENCY Mathlib.GroupTheory.Divisible
B699_DEPENDENCY Mathlib.Topology.Instances.AddCircle.Defs
B699_DEPENDENCY Mathlib.Algebra.Group.Subgroup.ZPowers.Lemmas
B699_DEPENDENCY Mathlib.Topology.Instances.ZMultiples
B699_DEPENDENCY Mathlib.Topology.Instances.AddCircle.Real
B699_DEPENDENCY Mathlib.Analysis.Normed.Group.AddCircle
B699_DEPENDENCY Mathlib.Algebra.CharZero.Quotient
B699_DEPENDENCY Mathlib.Topology.Instances.Sign
B699_DEPENDENCY Mathlib.Algebra.Order.Ring.Interval
B699_DEPENDENCY Mathlib.Analysis.SpecialFunctions.Trigonometric.Angle
B699_DEPENDENCY Mathlib.Analysis.SpecialFunctions.Trigonometric.Inverse
B699_DEPENDENCY Mathlib.Analysis.SpecialFunctions.Complex.Arg
B699_DEPENDENCY Mathlib.Analysis.SpecialFunctions.Complex.Log
B699_DEPENDENCY Mathlib.Analysis.SpecialFunctions.Pow.Complex
B699_DEPENDENCY Mathlib.Data.Nat.NthRoot.Defs
B699_DEPENDENCY Mathlib.Analysis.SpecialFunctions.Pow.Real
B699_DEPENDENCY Mathlib.Analysis.Complex.ExponentialBounds
B699_DEPENDENCY research.tasks.«B699-Binomial».runs.«20260910-unbounded-tail-9f6c2a17».lean.ECAnalytic
B699_DEPENDENCY research.tasks.«B699-Binomial».runs.«20260910-unbounded-tail-9f6c2a17».lean.Acceptance
B699_DEPENDENCY Lean.Data.NameMap.AdditionalOperations
B699_DEPENDENCY Lean.Data.NameMap
B699_DEPENDENCY Lean.Data.RBMap
B699_DEPENDENCY Lean.Data.RBTree
B699_DEPENDENCY Lean.Data.Iterators.Producers
B699_DEPENDENCY Lean.Data.Iterators
B699_DEPENDENCY Lean.Data
B699_DEPENDENCY Lean.Compiler.ClosedTermCache
B699_DEPENDENCY Lean.Compiler.NeverExtractAttr
B699_DEPENDENCY Lean.Compiler.IR.NormIds
B699_DEPENDENCY Lean.Compiler.IR.Checker
B699_DEPENDENCY Lean.Compiler.IR.UnboxResult
B699_DEPENDENCY Lean.Compiler.IR.Sorry
B699_DEPENDENCY Lean.Compiler.LCNF.Util
B699_DEPENDENCY Lean.Compiler.LCNF.LCtx
B699_DEPENDENCY Lean.Compiler.LCNF.ConfigOptions
B699_DEPENDENCY Lean.Compiler.LCNF.CompilerM
B699_DEPENDENCY Lean.Compiler.LCNF.BaseTypes
B699_DEPENDENCY Lean.Compiler.LCNF.Irrelevant
B699_DEPENDENCY Lean.Compiler.LCNF.MonoTypes
B699_DEPENDENCY Lean.Compiler.IR.ToIRType
B699_DEPENDENCY Lean.Compiler.IR.ToIR
B699_DEPENDENCY Lean.Compiler.IR.Meta
B699_DEPENDENCY Lean.Compiler.IR.LLVMBindings
B699_DEPENDENCY Lean.Compiler.IR.EmitUtil
B699_DEPENDENCY Lean.Runtime
B699_DEPENDENCY Lean.Compiler.IR.EmitLLVM
B699_DEPENDENCY Lean.Compiler.IR
B699_DEPENDENCY Lean.Compiler.FFI
B699_DEPENDENCY Lean.Compiler.LCNF.AlphaEqv
B699_DEPENDENCY Lean.Compiler.LCNF.PassManager
B699_DEPENDENCY Lean.Compiler.LCNF.PhaseExt
B699_DEPENDENCY Lean.Compiler.LCNF.ToImpureType
B699_DEPENDENCY Lean.Compiler.LCNF.OtherDecl
B699_DEPENDENCY Lean.Compiler.LCNF.InferType
B699_DEPENDENCY Lean.Compiler.LCNF.Bind
B699_DEPENDENCY Lean.Compiler.LCNF.Internalize
B699_DEPENDENCY Lean.Compiler.LCNF.PrettyPrinter
B699_DEPENDENCY Lean.Compiler.LCNF.CompatibleTypes
B699_DEPENDENCY Lean.Compiler.LCNF.Check
B699_DEPENDENCY Lean.Compiler.LCNF.ToExpr
B699_DEPENDENCY Lean.Compiler.LCNF.CSE
B699_DEPENDENCY Lean.Compiler.LCNF.DependsOn
B699_DEPENDENCY Lean.Compiler.LCNF.ElimDead
B699_DEPENDENCY Lean.Compiler.LCNF.FixedParams
B699_DEPENDENCY Lean.Compiler.LCNF.PullFunDecls
B699_DEPENDENCY Lean.Compiler.LCNF.FVarUtil
B699_DEPENDENCY Lean.Compiler.LCNF.ScopeM
B699_DEPENDENCY Lean.Compiler.LCNF.JoinPoints
B699_DEPENDENCY Lean.Compiler.LCNF.Level
B699_DEPENDENCY Lean.Compiler.LCNF.PullLetDecls
B699_DEPENDENCY Lean.Compiler.LCNF.SpecInfo
B699_DEPENDENCY Lean.Compiler.LCNF.MonadScope
B699_DEPENDENCY Lean.Compiler.LCNF.ReduceJpArity
B699_DEPENDENCY Lean.Compiler.LCNF.Simp.Basic
B699_DEPENDENCY Lean.Compiler.LCNF.Simp.FunDeclInfo
B699_DEPENDENCY Lean.Compiler.LCNF.Simp.DiscrM
B699_DEPENDENCY Lean.Compiler.LCNF.Simp.JpCases
B699_DEPENDENCY Lean.Compiler.LCNF.Simp.Config
B699_DEPENDENCY Lean.Compiler.LCNF.Renaming
B699_DEPENDENCY Lean.Compiler.LCNF.Simp.SimpM
B699_DEPENDENCY Lean.Compiler.LCNF.Simp.InlineCandidate
B699_DEPENDENCY Lean.Compiler.LCNF.Simp.InlineProj
B699_DEPENDENCY Lean.Compiler.LCNF.Simp.Used
B699_DEPENDENCY Lean.Compiler.LCNF.Simp.DefaultAlt
B699_DEPENDENCY Lean.Compiler.LCNF.Simp.SimpValue
B699_DEPENDENCY Lean.Compiler.LCNF.Simp.ConstantFold
B699_DEPENDENCY Lean.Compiler.LCNF.Simp.Main
B699_DEPENDENCY Lean.Compiler.LCNF.Simp
B699_DEPENDENCY Lean.Compiler.LCNF.Closure
B699_DEPENDENCY Lean.Compiler.LCNF.Specialize
B699_DEPENDENCY Lean.Compiler.LCNF.ToMono
B699_DEPENDENCY Lean.Compiler.LCNF.DeclHash
B699_DEPENDENCY Lean.Compiler.LCNF.AuxDeclCache
B699_DEPENDENCY Lean.Compiler.LCNF.LambdaLifting
B699_DEPENDENCY Lean.Compiler.LCNF.FloatLetIn
B699_DEPENDENCY Lean.Compiler.LCNF.ReduceArity
B699_DEPENDENCY Lean.Compiler.LCNF.ElimDeadBranches
B699_DEPENDENCY Lean.Compiler.LCNF.StructProjCases
B699_DEPENDENCY Lean.Compiler.LCNF.ExtractClosed
B699_DEPENDENCY Lean.Compiler.LCNF.Visibility
B699_DEPENDENCY Lean.Compiler.LCNF.ToImpure
B699_DEPENDENCY Lean.Compiler.LCNF.PushProj
B699_DEPENDENCY Lean.Compiler.LCNF.LiveVars
B699_DEPENDENCY Lean.Compiler.LCNF.PropagateBorrow
B699_DEPENDENCY Lean.Compiler.LCNF.ResetReuse
B699_DEPENDENCY Lean.Compiler.LCNF.SimpCase
B699_DEPENDENCY Lean.Compiler.LCNF.InferBorrow
B699_DEPENDENCY Lean.Compiler.LCNF.ExplicitBoxing
B699_DEPENDENCY Lean.Compiler.LCNF.ExplicitRC
B699_DEPENDENCY Lean.Compiler.LCNF.CoalesceRC
B699_DEPENDENCY Lean.Compiler.LCNF.Toposort
B699_DEPENDENCY Lean.Compiler.LCNF.ExpandResetReuse
B699_DEPENDENCY Lean.Compiler.LCNF.SimpleGroundExpr
B699_DEPENDENCY Lean.Compiler.LCNF.Passes
B699_DEPENDENCY Lean.Meta.CasesInfo
B699_DEPENDENCY Lean.Compiler.LCNF.ToLCNF
B699_DEPENDENCY Lean.Compiler.LCNF.ToDecl
B699_DEPENDENCY Lean.Compiler.LCNF.SplitSCC
B699_DEPENDENCY Lean.Compiler.LCNF.Main
B699_DEPENDENCY Lean.Compiler.LCNF.Probing
B699_DEPENDENCY Lean.Compiler.LCNF
B699_DEPENDENCY Lean.Compiler.Main
B699_DEPENDENCY Lean.Compiler.NameDemangling
B699_DEPENDENCY Lean.Compiler
B699_DEPENDENCY Lean.Elab.BinderPredicates
B699_DEPENDENCY Lean.Elab.LetRec
B699_DEPENDENCY Lean.Language.Util
B699_DEPENDENCY Lean.Language.Lean
B699_DEPENDENCY Lean.Util.Profiler
B699_DEPENDENCY Lean.Linter.PersistentLintLog
B699_DEPENDENCY Std.Async.Basic
B699_DEPENDENCY Std.Internal.UV.Loop
B699_DEPENDENCY Std.Internal.UV.Timer
B699_DEPENDENCY Std.Net.Addr
B699_DEPENDENCY Std.Net
B699_DEPENDENCY Std.Internal.UV.TCP
B699_DEPENDENCY Std.Internal.UV.UDP
B699_DEPENDENCY Std.Internal.UV.System
B699_DEPENDENCY Std.Internal.UV.DNS
B699_DEPENDENCY Std.Internal.UV.Signal
B699_DEPENDENCY Std.Internal.UV
B699_DEPENDENCY Std.Time.Notation
B699_DEPENDENCY Std.Time
B699_DEPENDENCY Std.Async.Select
B699_DEPENDENCY Std.Async.Timer
B699_DEPENDENCY Std.Data.DHashMap
B699_DEPENDENCY Std.Data.HashSet.Raw
B699_DEPENDENCY Std.Data.HashSet.Iterator
B699_DEPENDENCY Std.Data.HashSet.RawLemmas
B699_DEPENDENCY Std.Data.HashSet.IteratorLemmas
B699_DEPENDENCY Std.Data.HashSet.DecidableEquiv
B699_DEPENDENCY Std.Data.HashSet
B699_DEPENDENCY Std.Data.DTreeMap.Internal.Zipper
B699_DEPENDENCY Std.Data.DTreeMap.Raw.Iterator
B699_DEPENDENCY Std.Data.DTreeMap.Iterator
B699_DEPENDENCY Std.Data.DTreeMap.Raw.Slice
B699_DEPENDENCY Std.Data.DTreeMap.Slice
B699_DEPENDENCY Std.Data.DTreeMap.Raw.AdditionalOperations
B699_DEPENDENCY Std.Data.DTreeMap.Raw.Lemmas
B699_DEPENDENCY Std.Data.DTreeMap.Raw.WF
B699_DEPENDENCY Std.Data.DTreeMap.Raw.DecidableEquiv
B699_DEPENDENCY Std.Data.DTreeMap.Raw
B699_DEPENDENCY Std.Data.DTreeMap.DecidableEquiv
B699_DEPENDENCY Std.Data.DTreeMap
B699_DEPENDENCY Std.Data.TreeMap.Iterator
B699_DEPENDENCY Std.Data.TreeMap.Raw.Slice
B699_DEPENDENCY Std.Data.TreeMap.Slice
B699_DEPENDENCY Std.Data.TreeMap.DecidableEquiv
B699_DEPENDENCY Std.Data.TreeMap
B699_DEPENDENCY Std.Data.TreeSet.Iterator
B699_DEPENDENCY Std.Data.TreeSet.Raw.Slice
B699_DEPENDENCY Std.Data.TreeSet.Slice
B699_DEPENDENCY Std.Data.TreeSet.DecidableEquiv
B699_DEPENDENCY Std.Data.TreeSet
B699_DEPENDENCY Std.Data.ExtDHashMap
B699_DEPENDENCY Std.Data.ExtHashMap
B699_DEPENDENCY Std.Data.ExtHashSet
B699_DEPENDENCY Std.Data.ExtDTreeMap
B699_DEPENDENCY Std.Data.ExtTreeMap
B699_DEPENDENCY Std.Data.ExtTreeSet
B699_DEPENDENCY Std.Data.DHashMap.RawDecidableEquiv
B699_DEPENDENCY Std.Data.HashMap.RawDecidableEquiv
B699_DEPENDENCY Std.Data.HashSet.RawDecidableEquiv
B699_DEPENDENCY Std.Data.TreeMap.Raw.AdditionalOperations
B699_DEPENDENCY Std.Data.TreeMap.Raw.Lemmas
B699_DEPENDENCY Std.Data.TreeMap.Raw.WF
B699_DEPENDENCY Std.Data.TreeMap.Raw.Iterator
B699_DEPENDENCY Std.Data.TreeMap.Raw.DecidableEquiv
B699_DEPENDENCY Std.Data.TreeMap.Raw
B699_DEPENDENCY Std.Data.TreeSet.Raw.Lemmas
B699_DEPENDENCY Std.Data.TreeSet.Raw.WF
B699_DEPENDENCY Std.Data.TreeSet.Raw.Iterator
B699_DEPENDENCY Std.Data.TreeSet.Raw.DecidableEquiv
B699_DEPENDENCY Std.Data.TreeSet.Raw
B699_DEPENDENCY Std.Tactic.Do
B699_DEPENDENCY Std.Data.String.ToNat
B699_DEPENDENCY Std.Data.String.ToInt
B699_DEPENDENCY Std.Data.String
B699_DEPENDENCY Std.Data
B699_DEPENDENCY Std.Sync.CancellationToken
B699_DEPENDENCY Std.Sync.CancellationContext
B699_DEPENDENCY Std.Async.ContextAsync
B699_DEPENDENCY Std.Async.TCP
B699_DEPENDENCY Std.Async.UDP
B699_DEPENDENCY Std.Async.DNS
B699_DEPENDENCY Std.Async.Process
B699_DEPENDENCY Std.Async.System
B699_DEPENDENCY Std.Async.Signal
B699_DEPENDENCY Std.Async.IO
B699_DEPENDENCY Std.Async
B699_DEPENDENCY Std.Sync.Semaphore
B699_DEPENDENCY Std.Http.Internal.Char
B699_DEPENDENCY Std.Http.Internal.ChunkedBuffer
B699_DEPENDENCY Std.Http.Internal.LowerCase
B699_DEPENDENCY Std.Http.Internal.IndexMultiMap
B699_DEPENDENCY Std.Http.Data.Version
B699_DEPENDENCY Std.Http.Internal.Encode
B699_DEPENDENCY Std.Http.Internal.String
B699_DEPENDENCY Std.Http.Internal
B699_DEPENDENCY Std.Http.Data.Method
B699_DEPENDENCY Std.Http.Data.Extensions
B699_DEPENDENCY Std.Http.Data.URI.Encoding
B699_DEPENDENCY Std.Http.Data.URI.Basic
B699_DEPENDENCY Std.Http.Data.URI.Config
B699_DEPENDENCY Std.Http.Data.URI.Parser
B699_DEPENDENCY Std.Http.Data.URI
B699_DEPENDENCY Std.Http.Data.Headers.Name
B699_DEPENDENCY Std.Http.Data.Headers.Value
B699_DEPENDENCY Std.Http.Data.Headers.Basic
B699_DEPENDENCY Std.Http.Data.Headers
B699_DEPENDENCY Std.Http.Data.Request
B699_DEPENDENCY Std.Http.Data.Status
B699_DEPENDENCY Std.Http.Data.Response
B699_DEPENDENCY Std.Http.Data.Chunk
B699_DEPENDENCY Std.Http.Data.Body.Length
B699_DEPENDENCY Std.Http.Data.Body.Basic
B699_DEPENDENCY Std.Http.Data.Body.Any
B699_DEPENDENCY Std.Sync.Channel
B699_DEPENDENCY Std.Sync.RecursiveMutex
B699_DEPENDENCY Std.Sync.Barrier
B699_DEPENDENCY Std.Sync.SharedMutex
B699_DEPENDENCY Std.Sync.Notify
B699_DEPENDENCY Std.Sync.Broadcast
B699_DEPENDENCY Std.Sync.StreamMap
B699_DEPENDENCY Std.Sync
B699_DEPENDENCY Std.Http.Data.Body.Stream
B699_DEPENDENCY Std.Http.Data.Body.Empty
B699_DEPENDENCY Std.Http.Data.Body.Full
B699_DEPENDENCY Std.Http.Data.Body
B699_DEPENDENCY Std.Http.Data
B699_DEPENDENCY Std.Http.Protocol.H1.Config
B699_DEPENDENCY Std.Http.Protocol.H1.Parser
B699_DEPENDENCY Std.Http.Protocol.H1.Message
B699_DEPENDENCY Std.Http.Protocol.H1.Error
B699_DEPENDENCY Std.Http.Protocol.H1.Reader
B699_DEPENDENCY Std.Http.Protocol.H1.Writer
B699_DEPENDENCY Std.Http.Protocol.H1.Event
B699_DEPENDENCY Std.Http.Protocol.H1
B699_DEPENDENCY Std.Http.Server.Config
B699_DEPENDENCY Std.Http.Server.Handler
B699_DEPENDENCY Std.Http.Transport
B699_DEPENDENCY Std.Http.Server.Connection
B699_DEPENDENCY Std.Http.Server
B699_DEPENDENCY Std.Http.Test.Helpers
B699_DEPENDENCY Std.Http
B699_DEPENDENCY Lean.Util.ProfilerServer
B699_DEPENDENCY Lean.Elab.Frontend
B699_DEPENDENCY Lean.Elab.Tactic.Generalize
B699_DEPENDENCY Lean.Elab.Tactic.Injection
B699_DEPENDENCY Lean.Elab.Tactic.Match
B699_DEPENDENCY Lean.Elab.Tactic.Simproc
B699_DEPENDENCY Lean.Meta.Sym.InferType
B699_DEPENDENCY Lean.Meta.Sym.Simp.Result
B699_DEPENDENCY Lean.Meta.Sym.Simp.CongrInfo
B699_DEPENDENCY Lean.Meta.Sym.Simp.App
B699_DEPENDENCY Lean.Meta.Sym.Simp.DiscrTree
B699_DEPENDENCY Lean.Meta.Tactic.Cbv.CbvSimproc
B699_DEPENDENCY Lean.Elab.Tactic.CbvSimproc
B699_DEPENDENCY Lean.Elab.Tactic.Conv.Congr
B699_DEPENDENCY Lean.Elab.Tactic.Conv.Rewrite
B699_DEPENDENCY Lean.Elab.Tactic.Change
B699_DEPENDENCY Lean.Elab.Tactic.Conv.Change
B699_DEPENDENCY Lean.Meta.Tactic.Lets
B699_DEPENDENCY Lean.Elab.Tactic.Lets
B699_DEPENDENCY Lean.Elab.Tactic.Conv.Lets
B699_DEPENDENCY Lean.Elab.Tactic.Delta
B699_DEPENDENCY Lean.Elab.Tactic.Conv.Delta
B699_DEPENDENCY Lean.Meta.Tactic.Unfold
B699_DEPENDENCY Lean.Elab.Tactic.Unfold
B699_DEPENDENCY Lean.Elab.Tactic.Conv.Unfold
B699_DEPENDENCY Lean.Meta.Tactic.Cbv.Opaque
B699_DEPENDENCY Lean.Meta.Sym.Simp.Simproc
B699_DEPENDENCY Lean.Meta.Sym.Simp.Theorems
B699_DEPENDENCY Lean.Meta.Sym.Simp.Discharger
B699_DEPENDENCY Lean.Meta.Sym.Simp.Rewrite
B699_DEPENDENCY Lean.Meta.Sym.Simp.ControlFlow
B699_DEPENDENCY Lean.Meta.Tactic.Cbv.TheoremsLookup
B699_DEPENDENCY Lean.Meta.Tactic.Cbv.CbvEvalExt
B699_DEPENDENCY Lean.Meta.Tactic.Cbv.ControlFlow
B699_DEPENDENCY Lean.Meta.Tactic.Cbv.BuiltinCbvSimprocs.Core
B699_DEPENDENCY Lean.Meta.Tactic.Cbv.Util
B699_DEPENDENCY Lean.Meta.Tactic.Cbv.BuiltinCbvSimprocs.Array
B699_DEPENDENCY Lean.Meta.Tactic.Cbv.BuiltinCbvSimprocs.String
B699_DEPENDENCY Lean.Meta.Sym.Intro
B699_DEPENDENCY Lean.Meta.Sym.Simp.Lambda
B699_DEPENDENCY Lean.Meta.Sym.Simp.Have
B699_DEPENDENCY Lean.Meta.Sym.Simp.Forall
B699_DEPENDENCY Lean.Meta.Sym.Simp.Main
B699_DEPENDENCY Lean.Meta.Sym.Simp.Goal
B699_DEPENDENCY Lean.Meta.Sym.Simp.Debug
B699_DEPENDENCY Lean.Meta.Sym.Simp.EvalGround
B699_DEPENDENCY Lean.Meta.Sym.Simp.Telescope
B699_DEPENDENCY Lean.Meta.Sym.Simp.Attr
B699_DEPENDENCY Lean.Meta.Sym.Simp.Variant
B699_DEPENDENCY Lean.Meta.Sym.Simp.RegisterCommand
B699_DEPENDENCY Lean.Meta.Sym.Simp
B699_DEPENDENCY Lean.Meta.Sym.DSimp.Result
B699_DEPENDENCY Lean.Meta.Sym.DSimp.DSimproc
B699_DEPENDENCY Lean.Meta.Sym.DSimp.App
B699_DEPENDENCY Lean.Meta.Sym.DSimp.Lambda
B699_DEPENDENCY Lean.Meta.Sym.DSimp.Forall
B699_DEPENDENCY Lean.Meta.Sym.DSimp.Let
B699_DEPENDENCY Lean.Meta.Sym.DSimp.Main
B699_DEPENDENCY Lean.Meta.Sym.DSimp.Reduce
B699_DEPENDENCY Lean.Meta.Sym.DSimp.Variant
B699_DEPENDENCY Lean.Meta.Sym.DSimp.EvalGround
B699_DEPENDENCY Lean.Meta.Sym.DSimp
B699_DEPENDENCY Lean.Meta.Sym.Arith.EvalNum
B699_DEPENDENCY Lean.Meta.Sym.Arith.Classify
B699_DEPENDENCY Lean.Meta.Sym.Arith.MonadRing
B699_DEPENDENCY Lean.Meta.Sym.Arith.MonadSemiring
B699_DEPENDENCY Lean.Meta.Sym.Arith.MonadVar
B699_DEPENDENCY Lean.Meta.Sym.Arith.Functions
B699_DEPENDENCY Lean.Meta.Sym.Arith.Reify
B699_DEPENDENCY Lean.Meta.Sym.Arith.DenoteExpr
B699_DEPENDENCY Lean.Meta.Sym.Arith.ToExpr
B699_DEPENDENCY Lean.Meta.Tactic.Grind.VarRename
B699_DEPENDENCY Lean.Meta.Sym.Arith.VarRename
B699_DEPENDENCY Lean.Meta.Sym.Arith
B699_DEPENDENCY Lean.Meta.Sym.Grind
B699_DEPENDENCY Lean.Meta.Sym
B699_DEPENDENCY Lean.Meta.Tactic.Cbv.Main
B699_DEPENDENCY Lean.Meta.Tactic.Cbv
B699_DEPENDENCY Lean.Elab.Tactic.Conv.Cbv
B699_DEPENDENCY Lean.Elab.Tactic.Conv
B699_DEPENDENCY Lean.Elab.Tactic.Congr
B699_DEPENDENCY Lean.Elab.Tactic.Guard
B699_DEPENDENCY Lean.Elab.Tactic.Repeat
B699_DEPENDENCY Lean.Elab.Tactic.Simpa
B699_DEPENDENCY Lean.Elab.Tactic.NormCast
B699_DEPENDENCY Lean.Elab.Tactic.Symm
B699_DEPENDENCY Lean.Elab.Tactic.ShowTerm
B699_DEPENDENCY Lean.Elab.Tactic.Rfl
B699_DEPENDENCY Lean.Meta.Tactic.Rewrites
B699_DEPENDENCY Lean.Elab.Tactic.Rewrites
B699_DEPENDENCY Lean.Elab.Tactic.DiscrTreeKey
B699_DEPENDENCY Std.Tactic.BVDecide.Bitblast.BoolExpr.Basic
B699_DEPENDENCY Std.Tactic.BVDecide.Bitblast.BVExpr.Basic
B699_DEPENDENCY Lean.Meta.Tactic.BVDecide.Reflect.Basic
B699_DEPENDENCY Std.Sat.CNF.Literal
B699_DEPENDENCY Std.Sat.CNF.Basic
B699_DEPENDENCY Std.Sat.CNF.Relabel
B699_DEPENDENCY Std.Sat.CNF.RelabelFin
B699_DEPENDENCY Std.Tactic.BVDecide.LRAT.Internal.Entails
B699_DEPENDENCY Std.Tactic.BVDecide.LRAT.Internal.PosFin
B699_DEPENDENCY Std.Tactic.BVDecide.LRAT.Internal.Assignment
B699_DEPENDENCY Std.Tactic.BVDecide.LRAT.Internal.Clause
B699_DEPENDENCY Std.Tactic.BVDecide.LRAT.Internal.Formula.Class
B699_DEPENDENCY Std.Tactic.BVDecide.LRAT.Internal.Formula.Implementation
B699_DEPENDENCY Std.Tactic.BVDecide.LRAT.Internal.CNF
B699_DEPENDENCY Std.Tactic.BVDecide.LRAT.Internal.Formula.Lemmas
B699_DEPENDENCY Std.Tactic.BVDecide.LRAT.Internal.Formula.RupAddResult
B699_DEPENDENCY Std.Tactic.BVDecide.LRAT.Internal.Formula.RupAddSound
B699_DEPENDENCY Std.Tactic.BVDecide.LRAT.Internal.Formula.RatAddResult
B699_DEPENDENCY Std.Tactic.BVDecide.LRAT.Internal.Formula.RatAddSound
B699_DEPENDENCY Std.Tactic.BVDecide.LRAT.Internal.Formula.Instance
B699_DEPENDENCY Std.Tactic.BVDecide.LRAT.Internal.Formula
B699_DEPENDENCY Std.Tactic.BVDecide.LRAT.Internal.Convert
B699_DEPENDENCY Std.Sat.CNF.Dimacs
B699_DEPENDENCY Std.Sat.CNF
B699_DEPENDENCY Std.Tactic.BVDecide.LRAT.Actions
B699_DEPENDENCY Std.Tactic.BVDecide.LRAT.Internal.LRATChecker
B699_DEPENDENCY Std.Tactic.BVDecide.LRAT.Internal.Actions
B699_DEPENDENCY Std.Tactic.BVDecide.LRAT.Internal.LRATCheckerSound
B699_DEPENDENCY Std.Tactic.BVDecide.LRAT.Internal.CompactLRATChecker
B699_DEPENDENCY Std.Tactic.BVDecide.LRAT.Internal.CompactLRATCheckerSound
B699_DEPENDENCY Std.Tactic.BVDecide.LRAT.Checker
B699_DEPENDENCY Std.Tactic.BVDecide.LRAT.Parser
B699_DEPENDENCY Std.Tactic.BVDecide.Bitblast.BoolExpr
B699_DEPENDENCY Std.Sat.AIG.Basic
B699_DEPENDENCY Std.Sat.AIG.LawfulOperator
B699_DEPENDENCY Std.Sat.AIG.Lemmas
B699_DEPENDENCY Std.Sat.AIG.Cached
B699_DEPENDENCY Std.Sat.AIG.CachedLemmas
B699_DEPENDENCY Std.Sat.AIG.CachedGates
B699_DEPENDENCY Std.Sat.AIG.CachedGatesLemmas
B699_DEPENDENCY Std.Sat.AIG.RefVec
B699_DEPENDENCY Std.Tactic.BVDecide.Bitblast.BVExpr.Circuit.Impl.Operations.GetLsbD
B699_DEPENDENCY Std.Sat.AIG.LawfulVecOperator
B699_DEPENDENCY Std.Tactic.BVDecide.Bitblast.BVExpr.Circuit.Impl.Var
B699_DEPENDENCY Std.Sat.AIG.If
B699_DEPENDENCY Std.Tactic.BVDecide.Bitblast.BVExpr.Circuit.Impl.Operations.ShiftRight
B699_DEPENDENCY Std.Tactic.BVDecide.Bitblast.BVExpr.Circuit.Impl.Operations.Append
B699_DEPENDENCY Std.Tactic.BVDecide.Bitblast.BVExpr.Circuit.Impl.Operations.Replicate
B699_DEPENDENCY Std.Tactic.BVDecide.Bitblast.BVExpr.Circuit.Impl.Operations.Extract
B699_DEPENDENCY Std.Tactic.BVDecide.Bitblast.BVExpr.Circuit.Impl.Operations.RotateLeft
B699_DEPENDENCY Std.Tactic.BVDecide.Bitblast.BVExpr.Circuit.Impl.Operations.RotateRight
B699_DEPENDENCY Std.Tactic.BVDecide.Bitblast.BVExpr.Circuit.Impl.Operations.Add
B699_DEPENDENCY Std.Tactic.BVDecide.Bitblast.BVExpr.Circuit.Impl.Operations.ShiftLeft
B699_DEPENDENCY Std.Tactic.BVDecide.Bitblast.BVExpr.Circuit.Impl.Const
B699_DEPENDENCY Std.Tactic.BVDecide.Bitblast.BVExpr.Circuit.Impl.Operations.Mul
B699_DEPENDENCY Std.Sat.AIG.RefVecOperator.Map
B699_DEPENDENCY Std.Sat.AIG.RefVecOperator.Zip
B699_DEPENDENCY Std.Sat.AIG.RefVecOperator.Fold
B699_DEPENDENCY Std.Sat.AIG.RefVecOperator
B699_DEPENDENCY Std.Tactic.BVDecide.Bitblast.BVExpr.Circuit.Impl.Operations.Not
B699_DEPENDENCY Std.Tactic.BVDecide.Bitblast.BVExpr.Circuit.Impl.Operations.Neg
B699_DEPENDENCY Std.Tactic.BVDecide.Bitblast.BVExpr.Circuit.Impl.Operations.Sub
B699_DEPENDENCY Std.Tactic.BVDecide.Bitblast.BVExpr.Circuit.Impl.Operations.Eq
B699_DEPENDENCY Std.Tactic.BVDecide.Bitblast.BVExpr.Circuit.Impl.Carry
B699_DEPENDENCY Std.Tactic.BVDecide.Bitblast.BVExpr.Circuit.Impl.Operations.Ult
B699_DEPENDENCY Std.Tactic.BVDecide.Bitblast.BVExpr.Circuit.Impl.Operations.ZeroExtend
B699_DEPENDENCY Std.Tactic.BVDecide.Bitblast.BVExpr.Circuit.Impl.Operations.Udiv
B699_DEPENDENCY Std.Tactic.BVDecide.Bitblast.BVExpr.Circuit.Impl.Operations.Umod
B699_DEPENDENCY Std.Tactic.BVDecide.Bitblast.BVExpr.Circuit.Impl.Operations.Reverse
B699_DEPENDENCY Std.Tactic.BVDecide.Bitblast.BVExpr.Circuit.Impl.Operations.Clz
B699_DEPENDENCY Std.Tactic.BVDecide.Bitblast.BVExpr.Circuit.Impl.Operations.Cpop
B699_DEPENDENCY Std.Tactic.BVDecide.Bitblast.BVExpr.Circuit.Impl.Expr
B699_DEPENDENCY Std.Tactic.BVDecide.Bitblast.BVExpr.Circuit.Impl.Pred
B699_DEPENDENCY Std.Tactic.BVDecide.Bitblast.BVExpr.Circuit.Impl.Substructure
B699_DEPENDENCY Std.Tactic.BVDecide.Bitblast.BVExpr.Circuit.Impl
B699_DEPENDENCY Std.Tactic.BVDecide.Bitblast.BVExpr.Circuit.Lemmas.Basic
B699_DEPENDENCY Std.Tactic.BVDecide.Bitblast.BVExpr.Circuit.Lemmas.Var
B699_DEPENDENCY Std.Tactic.BVDecide.Bitblast.BVExpr.Circuit.Lemmas.Operations.ShiftRight
B699_DEPENDENCY Std.Tactic.BVDecide.Bitblast.BVExpr.Circuit.Lemmas.Operations.Append
B699_DEPENDENCY Std.Tactic.BVDecide.Bitblast.BVExpr.Circuit.Lemmas.Operations.Replicate
B699_DEPENDENCY Std.Tactic.BVDecide.Bitblast.BVExpr.Circuit.Lemmas.Operations.Extract
B699_DEPENDENCY Std.Tactic.BVDecide.Bitblast.BVExpr.Circuit.Lemmas.Operations.RotateLeft
B699_DEPENDENCY Std.Tactic.BVDecide.Bitblast.BVExpr.Circuit.Lemmas.Operations.RotateRight
B699_DEPENDENCY Std.Tactic.BVDecide.Bitblast.BVExpr.Circuit.Lemmas.Operations.Add
B699_DEPENDENCY Std.Tactic.BVDecide.Bitblast.BVExpr.Circuit.Lemmas.Operations.ShiftLeft
B699_DEPENDENCY Std.Tactic.BVDecide.Bitblast.BVExpr.Circuit.Lemmas.Const
B699_DEPENDENCY Std.Tactic.BVDecide.Bitblast.BVExpr.Circuit.Lemmas.Operations.Mul
B699_DEPENDENCY Std.Tactic.BVDecide.Bitblast.BVExpr.Circuit.Lemmas.Operations.Not
B699_DEPENDENCY Std.Tactic.BVDecide.Bitblast.BVExpr.Circuit.Lemmas.Operations.Neg
B699_DEPENDENCY Std.Tactic.BVDecide.Bitblast.BVExpr.Circuit.Lemmas.Operations.Sub
B699_DEPENDENCY Std.Tactic.BVDecide.Bitblast.BVExpr.Circuit.Lemmas.Operations.ZeroExtend
B699_DEPENDENCY Std.Tactic.BVDecide.Bitblast.BVExpr.Circuit.Lemmas.Operations.Eq
B699_DEPENDENCY Std.Tactic.BVDecide.Bitblast.BVExpr.Circuit.Lemmas.Carry
B699_DEPENDENCY Std.Tactic.BVDecide.Bitblast.BVExpr.Circuit.Lemmas.Operations.Ult
B699_DEPENDENCY Std.Tactic.BVDecide.Bitblast.BVExpr.Circuit.Lemmas.Operations.GetLsbD
B699_DEPENDENCY Std.Tactic.BVDecide.Normalize.Bool
B699_DEPENDENCY Std.Tactic.BVDecide.Syntax
B699_DEPENDENCY Std.Tactic.BVDecide.Normalize.Canonicalize
B699_DEPENDENCY Std.Tactic.BVDecide.Normalize.BitVec
B699_DEPENDENCY Std.Tactic.BVDecide.Bitblast.BVExpr.Circuit.Lemmas.Operations.Udiv
B699_DEPENDENCY Std.Tactic.BVDecide.Bitblast.BVExpr.Circuit.Lemmas.Operations.Umod
B699_DEPENDENCY Std.Tactic.BVDecide.Bitblast.BVExpr.Circuit.Lemmas.Operations.Reverse
B699_DEPENDENCY Std.Tactic.BVDecide.Bitblast.BVExpr.Circuit.Lemmas.Operations.Clz
B699_DEPENDENCY Std.Tactic.BVDecide.Bitblast.BVExpr.Circuit.Lemmas.Operations.Cpop
B699_DEPENDENCY Std.Tactic.BVDecide.Bitblast.BVExpr.Circuit.Lemmas.Expr
B699_DEPENDENCY Std.Tactic.BVDecide.Bitblast.BVExpr.Circuit.Lemmas.Pred
B699_DEPENDENCY Std.Tactic.BVDecide.Bitblast.BVExpr.Circuit.Lemmas
B699_DEPENDENCY Std.Tactic.BVDecide.Bitblast.BVExpr.Circuit
B699_DEPENDENCY Std.Tactic.BVDecide.Bitblast.BVExpr
B699_DEPENDENCY Std.Tactic.BVDecide.Bitblast
B699_DEPENDENCY Std.Sat.AIG.CNF
B699_DEPENDENCY Std.Sat.AIG.Relabel
B699_DEPENDENCY Std.Sat.AIG.RelabelNat
B699_DEPENDENCY Std.Tactic.BVDecide.Reflect
B699_DEPENDENCY Lean.Meta.Tactic.BVDecide.Reflect.ReifiedBVExpr
B699_DEPENDENCY Lean.Meta.Tactic.BVDecide.Reflect.ReifiedBVPred
B699_DEPENDENCY Lean.Meta.Tactic.BVDecide.Reflect.ReifiedBVLogical
B699_DEPENDENCY Lean.Meta.Tactic.BVDecide.Reflect.ReifiedLemmas
B699_DEPENDENCY Lean.Meta.Tactic.BVDecide.Reflect.Reify
B699_DEPENDENCY Lean.Meta.Tactic.BVDecide.Reflect.SatAtBVLogical
B699_DEPENDENCY Lean.Meta.Tactic.BVDecide.Reflect
B699_DEPENDENCY Lean.Meta.Tactic.BVDecide.Attr
B699_DEPENDENCY Lean.Meta.Tactic.BVDecide.Normalize.Basic
B699_DEPENDENCY Lean.Meta.Tactic.BVDecide.Normalize.TypeAnalysis
B699_DEPENDENCY Lean.Meta.Tactic.BVDecide.Normalize.ApplyControlFlow
B699_DEPENDENCY Lean.Meta.Tactic.BVDecide.Normalize.Structures
B699_DEPENDENCY Lean.Meta.Tactic.BVDecide.Normalize.Enums
B699_DEPENDENCY Lean.Meta.Tactic.BVDecide.Counterexample
B699_DEPENDENCY Lean.Meta.Tactic.BVDecide.LRAT.Trim
B699_DEPENDENCY Lean.Meta.Tactic.BVDecide.External
B699_DEPENDENCY Lean.Meta.Tactic.BVDecide.LRAT.Cert
B699_DEPENDENCY Lean.Meta.Tactic.BVDecide.Prover.Basic
B699_DEPENDENCY Lean.Meta.Tactic.BVDecide.TacticContext
B699_DEPENDENCY Lean.Meta.Native
B699_DEPENDENCY Lean.Meta.Tactic.BVDecide.Prover.Bitblast
B699_DEPENDENCY Std.Tactic.BVDecide.Normalize.Equal
B699_DEPENDENCY Std.Tactic.BVDecide.Normalize.Prop
B699_DEPENDENCY Std.Tactic.BVDecide.Normalize
B699_DEPENDENCY Lean.Meta.Tactic.BVDecide.Normalize.Simproc
B699_DEPENDENCY Lean.Meta.Tactic.BVDecide.Normalize.Rewrite
B699_DEPENDENCY Lean.Meta.Tactic.BVDecide.Normalize.AndFlatten
B699_DEPENDENCY Lean.Meta.Tactic.BVDecide.Normalize.EmbeddedConstraint
B699_DEPENDENCY Lean.Meta.Tactic.AC.Main
B699_DEPENDENCY Lean.Meta.Tactic.BVDecide.Normalize.AC
B699_DEPENDENCY Lean.Meta.Tactic.BVDecide.Normalize.IntToBitVec
B699_DEPENDENCY Lean.Meta.Tactic.BVDecide.Normalize.ShortCircuit
B699_DEPENDENCY Lean.Meta.Tactic.BVDecide.Normalize
B699_DEPENDENCY Lean.Meta.Tactic.BVDecide.Main
B699_DEPENDENCY Lean.Elab.Tactic.BVDecide.BVDecide
B699_DEPENDENCY Lean.Elab.Tactic.BVDecide.Normalize
B699_DEPENDENCY Lean.Elab.Tactic.BVDecide.BVCheck
B699_DEPENDENCY Lean.Elab.Tactic.BVDecide.BVTrace
B699_DEPENDENCY Lean.Elab.Tactic.BVDecide
B699_DEPENDENCY Lean.Elab.Tactic.BoolToPropSimps
B699_DEPENDENCY Lean.Elab.Tactic.Impossible
B699_DEPENDENCY Lean.Meta.Tactic.Grind.Arith.Cutsat.SearchM
B699_DEPENDENCY Lean.Meta.Tactic.Grind.Arith.Cutsat.Nat
B699_DEPENDENCY Lean.Meta.Tactic.Grind.Arith.Cutsat.Var
B699_DEPENDENCY Lean.Meta.Tactic.Grind.Diseq
B699_DEPENDENCY Lean.Meta.Tactic.Grind.ProofUtil
B699_DEPENDENCY Lean.Meta.Tactic.Grind.Arith.CommRing.NonCommRingM
B699_DEPENDENCY Lean.Meta.Tactic.Grind.Arith.CommRing.MonadSemiring
B699_DEPENDENCY Lean.Meta.Tactic.Grind.Arith.CommRing.SemiringM
B699_DEPENDENCY Lean.Meta.Tactic.Grind.Arith.CommRing.NonCommSemiringM
B699_DEPENDENCY Lean.Meta.Tactic.Grind.Arith.CommRing.Reify
B699_DEPENDENCY Lean.Meta.Tactic.Grind.Arith.CommRing.SafePoly
B699_DEPENDENCY Lean.Meta.Tactic.Grind.Arith.Cutsat.CommRing
B699_DEPENDENCY Lean.Meta.Tactic.Grind.Arith.Cutsat.VarRename
B699_DEPENDENCY Lean.Meta.Tactic.Grind.Arith.Cutsat.Proof
B699_DEPENDENCY Lean.Meta.Tactic.Grind.Arith.Cutsat.Norm
B699_DEPENDENCY Lean.Meta.Tactic.Grind.Arith.Cutsat.DvdCnstr
B699_DEPENDENCY Lean.Meta.Tactic.Grind.Arith.Cutsat.LeCnstr
B699_DEPENDENCY Lean.Meta.Tactic.Grind.Arith.Cutsat.EqCnstr
B699_DEPENDENCY Lean.Meta.Tactic.Grind.Arith.Cutsat.Inv
B699_DEPENDENCY Lean.Meta.Tactic.Grind.Arith.Cutsat.ReorderVars
B699_DEPENDENCY Lean.Meta.Tactic.Grind.Arith.Cutsat.Search
B699_DEPENDENCY Lean.Meta.Tactic.Grind.Arith.Linear.SearchM
B699_DEPENDENCY Lean.Meta.Tactic.Grind.Arith.Linear.Den
B699_DEPENDENCY Lean.Meta.Tactic.Grind.Arith.Linear.ToExpr
B699_DEPENDENCY Lean.Meta.Tactic.Grind.Arith.Linear.VarRename
B699_DEPENDENCY Lean.Meta.Tactic.Grind.Arith.Linear.DenoteExpr
B699_DEPENDENCY Lean.Meta.Tactic.Grind.Arith.Linear.OfNatModule
B699_DEPENDENCY Lean.Meta.Tactic.Grind.Arith.Linear.Proof
B699_DEPENDENCY Lean.Meta.Tactic.Grind.Arith.Linear.IneqCnstr
B699_DEPENDENCY Lean.Meta.Tactic.Grind.Arith.Linear.Search
B699_DEPENDENCY Lean.Meta.Tactic.Grind.Arith.CommRing.Proof
B699_DEPENDENCY Lean.Meta.Tactic.Grind.Arith.CommRing.Inv
B699_DEPENDENCY Lean.Meta.Tactic.Grind.Arith.CommRing.EqCnstr
B699_DEPENDENCY Lean.Meta.Tactic.Grind.AC.ToExpr
B699_DEPENDENCY Lean.Meta.Tactic.Grind.AC.VarRename
B699_DEPENDENCY Lean.Meta.Tactic.Grind.AC.Proof
B699_DEPENDENCY Lean.Meta.Tactic.Grind.AC.Inv
B699_DEPENDENCY Lean.Meta.Tactic.Grind.AC.Eq
B699_DEPENDENCY Lean.Meta.Tactic.Grind.Filter
B699_DEPENDENCY Lean.Elab.Tactic.Grind.Filter
B699_DEPENDENCY Lean.Elab.Tactic.Grind.ShowState
B699_DEPENDENCY Lean.Elab.Tactic.Grind.BuiltinTactic
B699_DEPENDENCY Lean.Elab.Tactic.Grind.Have
B699_DEPENDENCY Lean.Elab.Tactic.Grind.Trace
B699_DEPENDENCY Lean.Elab.Tactic.Grind.Lint
B699_DEPENDENCY Std.Sat.AIG
B699_DEPENDENCY Std.Sat
B699_DEPENDENCY Std.Tactic.BVDecide.LRAT
B699_DEPENDENCY Std.Tactic.BVDecide
B699_DEPENDENCY Std.Tactic
B699_DEPENDENCY Std.Internal.Do.Order.Basic
B699_DEPENDENCY Std.Internal.Do.Order.PreservesSup
B699_DEPENDENCY Std.Internal.Do.Order.Heyting
B699_DEPENDENCY Std.Internal.Do.Order.Lemmas
B699_DEPENDENCY Std.Internal.Do.Order.Instances
B699_DEPENDENCY Std.Internal.Do.Assertion
B699_DEPENDENCY Std.Internal.Do.ExceptPost
B699_DEPENDENCY Std.Internal.Do.PredTrans
B699_DEPENDENCY Std.Internal.Do.WP.Basic
B699_DEPENDENCY Std.Internal.Do.WP.Conjunctive
B699_DEPENDENCY Std.Internal.Do.WP.Frame
B699_DEPENDENCY Std.Internal.Do.WP.Lemmas
B699_DEPENDENCY Std.Internal.Do.WP
B699_DEPENDENCY Std.Internal.Do.Triple.Basic
B699_DEPENDENCY Std.Internal.Do.Triple.Gadget
B699_DEPENDENCY Std.Internal.Do.Triple.SpecLemmas
B699_DEPENDENCY Std.Internal.Do.Triple
B699_DEPENDENCY Std.Internal.Do
B699_DEPENDENCY Std.Internal
B699_DEPENDENCY Std
B699_DEPENDENCY Lean.Elab.Tactic.Grind.LintExceptions
B699_DEPENDENCY Lean.Elab.Tactic.Grind.SimprocDSL
B699_DEPENDENCY Lean.Elab.Tactic.Grind.Sym
B699_DEPENDENCY Lean.Elab.Tactic.Grind.Rewrite
B699_DEPENDENCY Lean.Elab.Tactic.Grind.DSimprocDSL
B699_DEPENDENCY Lean.Elab.Tactic.Grind.DSimp
B699_DEPENDENCY Lean.Elab.Tactic.Grind.Cbv
B699_DEPENDENCY Lean.Elab.Tactic.Grind.SimprocDSLBuiltin
B699_DEPENDENCY Lean.Elab.Tactic.Grind.WithGrindTacticM
B699_DEPENDENCY Lean.Elab.Tactic.Grind.RegisterSymSimp
B699_DEPENDENCY Lean.Elab.Tactic.Grind.DSimprocDSLBuiltin
B699_DEPENDENCY Lean.Elab.Tactic.Grind.RegisterSymDSimp
B699_DEPENDENCY Lean.Elab.Tactic.Grind
B699_DEPENDENCY Lean.Elab.Tactic.AutoTry
B699_DEPENDENCY Lean.Elab.Tactic.AsAuxLemma
B699_DEPENDENCY Lean.Elab.Tactic.TreeTacAttr
B699_DEPENDENCY Lean.Elab.Tactic.ExposeNames
B699_DEPENDENCY Lean.Elab.Tactic.SimpArith
B699_DEPENDENCY Lean.Elab.Tactic.Show
B699_DEPENDENCY Lean.Elab.Tactic.Do.ProofMode.MGoal
B699_DEPENDENCY Lean.Elab.Tactic.Do.ProofMode.Delab
B699_DEPENDENCY Lean.Elab.Tactic.Do.ProofMode.Basic
B699_DEPENDENCY Lean.Elab.Tactic.Do.ProofMode.Focus
B699_DEPENDENCY Lean.Elab.Tactic.Do.ProofMode.Clear
B699_DEPENDENCY Lean.Elab.Tactic.Do.ProofMode.Intro
B699_DEPENDENCY Lean.Elab.Tactic.Do.ProofMode.Revert
B699_DEPENDENCY Lean.Elab.Tactic.Do.ProofMode.Exact
B699_DEPENDENCY Lean.Elab.Tactic.Do.ProofMode.Assumption
B699_DEPENDENCY Lean.Elab.Tactic.Do.ProofMode.Pure
B699_DEPENDENCY Lean.Elab.Tactic.Do.ProofMode.Frame
B699_DEPENDENCY Lean.Elab.Tactic.Do.ProofMode.LeftRight
B699_DEPENDENCY Lean.Elab.Tactic.Do.ProofMode.Constructor
B699_DEPENDENCY Lean.Elab.Tactic.Do.ProofMode.RenameI
B699_DEPENDENCY Lean.Elab.Tactic.Do.ProofMode.Specialize
B699_DEPENDENCY Lean.Elab.Tactic.Do.ProofMode.Cases
B699_DEPENDENCY Lean.Elab.Tactic.Do.ProofMode.Exfalso
B699_DEPENDENCY Lean.Elab.Tactic.Do.ProofMode.Have
B699_DEPENDENCY Lean.Elab.Tactic.Do.ProofMode.Refine
B699_DEPENDENCY Lean.Elab.Tactic.Do.ProofMode
B699_DEPENDENCY Lean.Elab.Tactic.Do.Syntax
B699_DEPENDENCY Lean.Elab.Tactic.Do.Attr
B699_DEPENDENCY Lean.Elab.Tactic.Do.LetElim
B699_DEPENDENCY Lean.Elab.Tactic.Do.Spec
B699_DEPENDENCY Lean.Meta.Match.Rewrite
B699_DEPENDENCY Lean.Elab.Tactic.Do.VCGen.Split
B699_DEPENDENCY Lean.Elab.Tactic.Do.VCGen.Basic
B699_DEPENDENCY Lean.Elab.Tactic.Do.VCGen.SuggestInvariant
B699_DEPENDENCY Lean.Elab.Tactic.Do.VCGen
B699_DEPENDENCY Lean.Elab.Tactic.Do.Internal.VCGen.Reduce
B699_DEPENDENCY Lean.Elab.Tactic.Do.Internal.VCGen.SpecDB
B699_DEPENDENCY Lean.Elab.Tactic.Do.Internal.VCGen.WPApp
B699_DEPENDENCY Lean.Elab.Tactic.Do.Internal.VCGen.FrameProc
B699_DEPENDENCY Lean.Elab.Tactic.Do.Internal.VCGen.Context
B699_DEPENDENCY Lean.Elab.Tactic.Do.Internal.VCGen.RuleConstruction
B699_DEPENDENCY Lean.Elab.Tactic.Do.Internal.VCGen.EPost
B699_DEPENDENCY Lean.Elab.Tactic.Do.Internal.VCGen.Util
B699_DEPENDENCY Lean.Elab.Tactic.Do.Internal.VCGen.LatticeOp
B699_DEPENDENCY Lean.Elab.Tactic.Do.Internal.VCGen.RuleCache
B699_DEPENDENCY Lean.Elab.Tactic.Do.Internal.VCGen.Entails
B699_DEPENDENCY Lean.Elab.Tactic.Do.Internal.VCGen.Solve
B699_DEPENDENCY Lean.Elab.Tactic.Do.Internal.VCGen.Driver
B699_DEPENDENCY Lean.Elab.Tactic.Do.Internal.VCGen.FrameProcAttr
B699_DEPENDENCY Lean.Elab.Tactic.Do.Internal.VCGen.Frontend
B699_DEPENDENCY Lean.Elab.Tactic.Do.Internal.VCGen
B699_DEPENDENCY Lean.Elab.Tactic.Do.Internal
B699_DEPENDENCY Lean.Elab.Tactic.Do
B699_DEPENDENCY Lean.Elab.Tactic.Decide
B699_DEPENDENCY Lean.Meta.Tactic.AC
B699_DEPENDENCY Lean.Meta.Tactic.FunInd
B699_DEPENDENCY Lean.Meta.Tactic.Grind.Ext
B699_DEPENDENCY Lean.Meta.Tactic.Grind.Propagate
B699_DEPENDENCY Lean.Meta.Tactic.Grind.BitVec
B699_DEPENDENCY Lean.Meta.Tactic.Grind.Arith.Types
B699_DEPENDENCY Lean.Meta.Tactic.Grind.Arith.Main
B699_DEPENDENCY Lean.Meta.Tactic.Grind.Arith.CommRing.Internalize
B699_DEPENDENCY Lean.Meta.Tactic.Grind.Arith.CommRing.Action
B699_DEPENDENCY Lean.Meta.Tactic.Grind.Arith.CommRing.Power
B699_DEPENDENCY Lean.Meta.Tactic.Grind.Arith.CommRing
B699_DEPENDENCY Lean.Meta.Tactic.Grind.Arith.Linear.PropagateEq
B699_DEPENDENCY Lean.Meta.Tactic.Grind.Arith.Linear.Internalize
B699_DEPENDENCY Lean.Meta.Tactic.Grind.Arith.Linear.Inv
B699_DEPENDENCY Lean.Meta.Tactic.Grind.MBTC
B699_DEPENDENCY Lean.Meta.Tactic.Grind.Arith.Linear.MBTC
B699_DEPENDENCY Lean.Meta.Tactic.Grind.Arith.Linear.Action
B699_DEPENDENCY Lean.Meta.Tactic.Grind.Arith.Linear
B699_DEPENDENCY Lean.Meta.Tactic.Grind.Arith.Cutsat.MBTC
B699_DEPENDENCY Lean.Meta.Tactic.Grind.Arith.Cutsat.Action
B699_DEPENDENCY Lean.Meta.Tactic.Grind.Arith.Cutsat
B699_DEPENDENCY Lean.Meta.Tactic.Grind.Arith.Propagate
B699_DEPENDENCY Lean.Meta.Tactic.Grind.Arith.Model
B699_DEPENDENCY Lean.Meta.Tactic.Grind.Arith
B699_DEPENDENCY Lean.Meta.Tactic.Grind.Lookahead
B699_DEPENDENCY Lean.Meta.Tactic.Grind.AC.Var
B699_DEPENDENCY Lean.Meta.Tactic.Grind.AC.Internalize
B699_DEPENDENCY Lean.Meta.Tactic.Grind.AC.Action
B699_DEPENDENCY Lean.Meta.Tactic.Grind.AC
B699_DEPENDENCY Lean.Meta.Tactic.Grind.Order.Types
B699_DEPENDENCY Lean.Meta.Tactic.Grind.Order.OrderM
B699_DEPENDENCY Lean.Meta.Tactic.Grind.Order.StructId
B699_DEPENDENCY Lean.Meta.Tactic.Grind.Order.Util
B699_DEPENDENCY Lean.Meta.Tactic.Grind.Order.Proof
B699_DEPENDENCY Lean.Meta.Tactic.Grind.Order.Assert
B699_DEPENDENCY Lean.Meta.Tactic.Grind.Order.Internalize
B699_DEPENDENCY Lean.Meta.Tactic.Grind.Order
B699_DEPENDENCY Lean.Meta.Tactic.Grind
B699_DEPENDENCY Lean.Meta.Tactic.BVDecide.LRAT
B699_DEPENDENCY Lean.Meta.Tactic.BVDecide.Prover
B699_DEPENDENCY Lean.Meta.Tactic.BVDecide
B699_DEPENDENCY Lean.Meta.Tactic
B699_DEPENDENCY Lean.Elab.Tactic.Cbv
B699_DEPENDENCY Lean.Elab.Tactic
B699_DEPENDENCY Lean.Elab.StructInstHint
B699_DEPENDENCY Lean.Elab.StructInst
B699_DEPENDENCY Lean.Elab.Inductive
B699_DEPENDENCY Lean.Elab.Structure
B699_DEPENDENCY Lean.Elab.Print
B699_DEPENDENCY Lean.Elab.PreDefinition.WF
B699_DEPENDENCY Lean.Elab.PreDefinition.Eqns
B699_DEPENDENCY Lean.Elab.PreDefinition.EqUnfold
B699_DEPENDENCY Lean.Elab.PreDefinition
B699_DEPENDENCY Lean.Elab.Deriving.Inhabited
B699_DEPENDENCY Lean.Elab.Deriving.Nonempty
B699_DEPENDENCY Lean.Elab.Deriving.TypeName
B699_DEPENDENCY Lean.Elab.Deriving.BEq
B699_DEPENDENCY Lean.Meta.Inductive
B699_DEPENDENCY Lean.Elab.Deriving.DecEq
B699_DEPENDENCY Lean.Elab.Deriving.Repr
B699_DEPENDENCY Lean.Elab.Deriving.FromToJson
B699_DEPENDENCY Lean.Elab.Deriving.SizeOf
B699_DEPENDENCY Lean.Elab.Deriving.Hashable
B699_DEPENDENCY Lean.Elab.Deriving.Ord
B699_DEPENDENCY Lean.Elab.Deriving.ToExpr
B699_DEPENDENCY Lean.Elab.Deriving.ReflBEq
B699_DEPENDENCY Lean.Elab.Deriving.LawfulBEq
B699_DEPENDENCY Lean.Elab.Deriving
B699_DEPENDENCY Lean.Elab.Extra
B699_DEPENDENCY Lean.Elab.GenInjective
B699_DEPENDENCY Lean.Elab.Macro
B699_DEPENDENCY Lean.Elab.Notation
B699_DEPENDENCY Lean.Elab.Mixfix
B699_DEPENDENCY Lean.Elab.MacroRules
B699_DEPENDENCY Lean.Elab.Command.WithWeakNamespace
B699_DEPENDENCY Lean.Elab.BuiltinEvalCommand
B699_DEPENDENCY Lean.Elab.InheritDoc
B699_DEPENDENCY Lean.Elab.GuardMsgs
B699_DEPENDENCY Lean.Meta.CheckTactic
B699_DEPENDENCY Lean.Elab.CheckTactic
B699_DEPENDENCY Lean.Elab.MatchExpr
B699_DEPENDENCY Lean.Elab.Time
B699_DEPENDENCY Lean.Elab.RecommendedSpelling
B699_DEPENDENCY Lean.Elab.InfoTrees
B699_DEPENDENCY Lean.Elab.ErrorExplanation
B699_DEPENDENCY Lean.Elab.DocString.Builtin.Parsing
B699_DEPENDENCY Lean.Elab.DocString.Builtin.Scopes
B699_DEPENDENCY Lean.Elab.DocString.Builtin.Postponed
B699_DEPENDENCY Lean.Data.EditDistance
B699_DEPENDENCY Lean.Elab.DocString.Builtin.Keywords
B699_DEPENDENCY Lean.Elab.DocString.Builtin
B699_DEPENDENCY Lean.Elab.BuiltinDo.Basic
B699_DEPENDENCY Lean.Elab.BuiltinDo.Let
B699_DEPENDENCY Lean.Elab.BuiltinDo.Match
B699_DEPENDENCY Lean.Elab.BuiltinDo.MatchExpr
B699_DEPENDENCY Lean.Elab.BuiltinDo.If
B699_DEPENDENCY Lean.Elab.BuiltinDo.Jump
B699_DEPENDENCY Lean.Elab.BuiltinDo.Forward
B699_DEPENDENCY Lean.Elab.BuiltinDo.Misc
B699_DEPENDENCY Lean.Elab.BuiltinDo.For
B699_DEPENDENCY Lean.Elab.BuiltinDo.TryCatch
B699_DEPENDENCY Lean.Elab.BuiltinDo.Repeat
B699_DEPENDENCY Lean.Elab.BuiltinDo
B699_DEPENDENCY Lean.Elab.Idbg
B699_DEPENDENCY Lean.Elab.ConfigEval.Builtins
B699_DEPENDENCY Lean.Elab
B699_DEPENDENCY Lean.Meta.LevelDefEq
B699_DEPENDENCY Lean.Meta.UnificationHint
B699_DEPENDENCY Lean.Meta.ExprDefEq
B699_DEPENDENCY Lean.Meta.SplitSparseCasesOn
B699_DEPENDENCY Lean.Meta.Match.MatchEqs
B699_DEPENDENCY Lean.Meta.Match
B699_DEPENDENCY Lean.Meta.ExprTraverse
B699_DEPENDENCY Lean.Meta
B699_DEPENDENCY Lean.Util.TestExtern
B699_DEPENDENCY Lean.Util.FVarSubset
B699_DEPENDENCY Lean.Util.Reprove
B699_DEPENDENCY Lean.Util
B699_DEPENDENCY Lean.Server.Logging
B699_DEPENDENCY Lean.Server.Watchdog
B699_DEPENDENCY Lean.Server.FileWorker.WidgetRequests
B699_DEPENDENCY Lean.Util.LakePath
B699_DEPENDENCY Lean.Server.FileWorker.SetupFile
B699_DEPENDENCY Lean.Server.Completion.ImportCompletion
B699_DEPENDENCY Lean.Server.CodeActions.UnknownIdentifier
B699_DEPENDENCY Lean.Server.FileWorker
B699_DEPENDENCY Lean.Server.Rpc.Deriving
B699_DEPENDENCY Lean.Server.Rpc
B699_DEPENDENCY Lean.Server.Test.Cancel
B699_DEPENDENCY Lean.Widget
B699_DEPENDENCY Lean.Server.Test.Runner
B699_DEPENDENCY Lean.Server.Test.Refs
B699_DEPENDENCY Lean.Server.Test
B699_DEPENDENCY Lean.Server.ProtocolOverview
B699_DEPENDENCY Lean.Server
B699_DEPENDENCY Lean.Linter.Builtin
B699_DEPENDENCY Lean.Linter.CheckUnivs
B699_DEPENDENCY Lean.Linter.ConstructorAsVariable
B699_DEPENDENCY Lean.Linter.DefProp
B699_DEPENDENCY Lean.Linter.DocsOnAlt
B699_DEPENDENCY Lean.Linter.Omit
B699_DEPENDENCY Lean.Linter.List
B699_DEPENDENCY Lean.Linter.UnusedSimpArgs
B699_DEPENDENCY Lean.Linter.Coe
B699_DEPENDENCY Lean.Linter.GlobalAttributeIn
B699_DEPENDENCY Lean.Linter.EnvLinter.Basic
B699_DEPENDENCY Lean.Linter.EnvLinter.Frontend
B699_DEPENDENCY Lean.Linter.EnvLinter
B699_DEPENDENCY Lean.Linter.Extra.DupNamespace
B699_DEPENDENCY Lean.Linter.Extra.UnnecessarySeqFocus
B699_DEPENDENCY Lean.Linter.Extra.UnreachableTactic
B699_DEPENDENCY Lean.Linter.Extra.UnusedDecidableInType
B699_DEPENDENCY Lean.Linter.Extra
B699_DEPENDENCY Lean.Linter
B699_DEPENDENCY Lean.Replay
B699_DEPENDENCY Lean.LibrarySuggestions.MePo
B699_DEPENDENCY Lean.LibrarySuggestions
B699_DEPENDENCY Lean.Compiler.LCNF.EmitUtil
B699_DEPENDENCY Lean.Compiler.LCNF.EmitC
B699_DEPENDENCY Lean.Shell
B699_DEPENDENCY Lean.PostprocessTraces.Basic
B699_DEPENDENCY Lean.PostprocessTraces
B699_DEPENDENCY Lean
'B699TailAcceptance.correction_analysis' depends on axioms: [propext, Classical.choice, Quot.sound]
'B699TailAcceptance.correction_base' depends on axioms: [propext, Classical.choice, Quot.sound]
