condition	point	a	b	pivot	pivot_value	weight_before
0	0	0	0	0	1	0
1	0	0	1	1	1	2
2	0	0	2	2	1	4
3	0	0	3	3	1	6
4	0	0	4	4	1	8
5	0	0	5	5	1	10
6	0	0	6	6	1	12
7	0	0	7	7	1	14
8	0	0	8	8	1	16
9	0	0	9	9	1	18
10	0	0	10	10	1	20
11	0	0	11	11	1	22
12	0	0	12	12	1	24
13	0	0	13	13	1	26
14	0	0	14	14	1	28
15	0	0	15	15	1	30
16	0	0	16	16	1	32
17	0	0	17	17	1	34
18	0	0	18	18	1	36
19	0	0	19	19	1	38
20	0	0	20	20	1	40
21	0	0	21	21	1	42
22	0	0	22	22	1	44
23	0	0	23	23	1	46
24	0	0	24	24	1	48
25	0	0	25	25	1	50
26	0	0	26	26	1	52
27	0	0	27	27	1	54
28	0	0	28	28	1	56
29	0	0	29	29	1	58
30	0	0	30	30	1	60
31	0	0	31	31	1	62
32	0	0	32	32	1	64
33	0	0	33	33	1	66
34	0	0	34	34	1	68
35	0	0	35	35	1	70
36	0	0	36	36	1	72
37	0	0	37	37	1	74
38	0	0	38	38	1	76
39	0	0	39	39	1	78
40	0	0	40	40	1	80
41	0	0	41	41	1	82
42	0	0	42	42	1	84
43	0	0	43	43	1	86
44	0	0	44	44	1	88
45	0	0	45	45	1	90
46	0	0	46	46	1	92
47	0	0	47	47	1	94
48	0	0	48	48	1	96
49	0	0	49	49	1	98
50	0	0	50	50	1	100
51	0	0	51	51	1	102
52	0	0	52	52	1	104
53	0	0	53	53	1	106
54	0	0	54	54	1	108
55	0	0	55	55	1	110
56	0	0	56	56	1	112
57	0	0	57	57	1	114
58	0	0	58	58	1	116
59	0	0	59	59	1	118
60	0	0	60	60	1	120
61	0	0	61	61	1	122
62	0	0	62	62	1	124
63	0	0	63	63	1	126
64	0	0	64	64	1	128
65	0	0	65	65	1	130
66	0	0	66	66	1	132
67	0	0	67	67	1	134
68	0	1	0	0	1	1
69	0	1	1	1	1	3
70	0	1	2	2	1	5
71	0	1	3	3	1	7
72	0	1	4	4	1	9
73	0	1	5	5	1	11
74	0	1	6	6	1	13
75	0	1	7	7	1	15
76	0	1	8	8	1	17
77	0	1	9	9	1	19
78	0	1	10	10	1	21
79	0	1	11	11	1	23
80	0	1	12	12	1	25
81	0	1	13	13	1	27
82	0	1	14	14	1	29
83	0	1	15	15	1	31
84	0	1	16	16	1	33
85	0	1	17	17	1	35
86	0	1	18	18	1	37
87	0	1	19	19	1	39
88	0	1	20	20	1	41
89	0	1	21	21	1	43
90	0	1	22	22	1	45
91	0	1	23	23	1	47
92	0	1	24	24	1	49
93	0	1	25	25	1	51
94	0	1	26	26	1	53
95	0	1	27	27	1	55
96	0	1	28	28	1	57
97	0	1	29	29	1	59
98	0	1	30	30	1	61
99	0	1	31	31	1	63
100	0	1	32	32	1	65
101	0	1	33	33	1	67
102	0	1	34	34	1	69
103	0	1	35	35	1	71
104	0	1	36	36	1	73
105	0	1	37	37	1	75
106	0	1	38	38	1	77
107	0	1	39	39	1	79
108	0	1	40	40	1	81
109	0	1	41	41	1	83
110	0	1	42	42	1	85
111	0	1	43	43	1	87
112	0	1	44	44	1	89
113	0	1	45	45	1	91
114	0	1	46	46	1	93
115	0	1	47	47	1	95
116	0	1	48	48	1	97
117	0	1	49	49	1	99
118	0	1	50	50	1	101
119	0	1	51	51	1	103
120	0	1	52	52	1	105
121	0	1	53	53	1	107
122	0	1	54	54	1	109
123	0	1	55	55	1	111
124	0	1	56	56	1	113
125	0	1	57	57	1	115
126	0	1	58	58	1	117
127	0	1	59	59	1	119
128	0	1	60	60	1	121
129	0	1	61	61	1	123
130	0	1	62	62	1	125
131	0	1	63	63	1	127
132	0	1	64	64	1	129
133	0	1	65	65	1	131
134	0	1	66	66	1	133
135	0	2	0	0	1	2
136	0	2	1	1	1	4
137	0	2	2	2	1	6
138	0	2	3	3	1	8
139	0	2	4	4	1	10
140	0	2	5	5	1	12
141	0	2	6	6	1	14
142	0	2	7	7	1	16
143	0	2	8	8	1	18
144	0	2	9	9	1	20
145	0	2	10	10	1	22
146	0	2	11	11	1	24
147	0	2	12	12	1	26
148	0	2	13	13	1	28
149	0	2	14	14	1	30
150	0	2	15	15	1	32
151	0	2	16	16	1	34
152	0	2	17	17	1	36
153	0	2	18	18	1	38
154	0	2	19	19	1	40
155	0	2	20	20	1	42
156	0	2	21	21	1	44
157	0	2	22	22	1	46
158	0	2	23	23	1	48
159	0	2	24	24	1	50
160	0	2	25	25	1	52
161	0	2	26	26	1	54
162	0	2	27	27	1	56
163	0	2	28	28	1	58
164	0	2	29	29	1	60
165	0	2	30	30	1	62
166	0	2	31	31	1	64
167	0	2	32	32	1	66
168	0	2	33	33	1	68
169	0	2	34	34	1	70
170	0	2	35	35	1	72
171	0	2	36	36	1	74
172	0	2	37	37	1	76
173	0	2	38	38	1	78
174	0	2	39	39	1	80
175	0	2	40	40	1	82
176	0	2	41	41	1	84
177	0	2	42	42	1	86
178	0	2	43	43	1	88
179	0	2	44	44	1	90
180	0	2	45	45	1	92
181	0	2	46	46	1	94
182	0	2	47	47	1	96
183	0	2	48	48	1	98
184	0	2	49	49	1	100
185	0	2	50	50	1	102
186	0	2	51	51	1	104
187	0	2	52	52	1	106
188	0	2	53	53	1	108
189	0	2	54	54	1	110
190	0	2	55	55	1	112
191	0	2	56	56	1	114
192	0	2	57	57	1	116
193	0	2	58	58	1	118
194	0	2	59	59	1	120
195	0	2	60	60	1	122
196	0	2	61	61	1	124
197	0	2	62	62	1	126
198	0	2	63	63	1	128
199	0	2	64	64	1	130
200	0	2	65	65	1	132
201	0	3	0	0	1	3
202	0	3	1	1	1	5
203	0	3	2	2	1	7
204	0	3	3	3	1	9
205	0	3	4	4	1	11
206	0	3	5	5	1	13
207	0	3	6	6	1	15
208	0	3	7	7	1	17
209	0	3	8	8	1	19
210	0	3	9	9	1	21
211	0	3	10	10	1	23
212	0	3	11	11	1	25
213	0	3	12	12	1	27
214	0	3	13	13	1	29
215	0	3	14	14	1	31
216	0	3	15	15	1	33
217	0	3	16	16	1	35
218	0	3	17	17	1	37
219	0	3	18	18	1	39
220	0	3	19	19	1	41
221	0	3	20	20	1	43
222	0	3	21	21	1	45
223	0	3	22	22	1	47
224	0	3	23	23	1	49
225	0	3	24	24	1	51
226	0	3	25	25	1	53
227	0	3	26	26	1	55
228	0	3	27	27	1	57
229	0	3	28	28	1	59
230	0	3	29	29	1	61
231	0	3	30	30	1	63
232	0	3	31	31	1	65
233	0	3	32	32	1	67
234	0	3	33	33	1	69
235	0	3	34	34	1	71
236	0	3	35	35	1	73
237	0	3	36	36	1	75
238	0	3	37	37	1	77
239	0	3	38	38	1	79
240	0	3	39	39	1	81
241	0	3	40	40	1	83
242	0	3	41	41	1	85
243	0	3	42	42	1	87
244	0	3	43	43	1	89
245	0	3	44	44	1	91
246	0	3	45	45	1	93
247	0	3	46	46	1	95
248	0	3	47	47	1	97
249	0	3	48	48	1	99
250	0	3	49	49	1	101
251	0	3	50	50	1	103
252	0	3	51	51	1	105
253	0	3	52	52	1	107
254	0	3	53	53	1	109
255	0	3	54	54	1	111
256	0	3	55	55	1	113
257	0	3	56	56	1	115
258	0	3	57	57	1	117
259	0	3	58	58	1	119
260	0	3	59	59	1	121
261	0	3	60	60	1	123
262	0	3	61	61	1	125
263	0	3	62	62	1	127
264	0	3	63	63	1	129
265	0	3	64	64	1	131
266	0	4	0	0	1	4
267	0	4	1	1	1	6
268	0	4	2	2	1	8
269	0	4	3	3	1	10
270	0	4	4	4	1	12
271	0	4	5	5	1	14
272	0	4	6	6	1	16
273	0	4	7	7	1	18
274	0	4	8	8	1	20
275	0	4	9	9	1	22
276	0	4	10	10	1	24
277	0	4	11	11	1	26
278	0	4	12	12	1	28
279	0	4	13	13	1	30
280	0	4	14	14	1	32
281	0	4	15	15	1	34
282	0	4	16	16	1	36
283	0	4	17	17	1	38
284	0	4	18	18	1	40
285	0	4	19	19	1	42
286	0	4	20	20	1	44
287	0	4	21	21	1	46
288	0	4	22	22	1	48
289	0	4	23	23	1	50
290	0	4	24	24	1	52
291	0	4	25	25	1	54
292	0	4	26	26	1	56
293	0	4	27	27	1	58
294	0	4	28	28	1	60
295	0	4	29	29	1	62
296	0	4	30	30	1	64
297	0	4	31	31	1	66
298	0	4	32	32	1	68
299	0	4	33	33	1	70
300	0	4	34	34	1	72
301	0	4	35	35	1	74
302	0	4	36	36	1	76
303	0	4	37	37	1	78
304	0	4	38	38	1	80
305	0	4	39	39	1	82
306	0	4	40	40	1	84
307	0	4	41	41	1	86
308	0	4	42	42	1	88
309	0	4	43	43	1	90
310	0	4	44	44	1	92
311	0	4	45	45	1	94
312	0	4	46	46	1	96
313	0	4	47	47	1	98
314	0	4	48	48	1	100
315	0	4	49	49	1	102
316	0	4	50	50	1	104
317	0	4	51	51	1	106
318	0	4	52	52	1	108
319	0	4	53	53	1	110
320	0	4	54	54	1	112
321	0	4	55	55	1	114
322	0	4	56	56	1	116
323	0	4	57	57	1	118
324	0	4	58	58	1	120
325	0	4	59	59	1	122
326	0	4	60	60	1	124
327	0	4	61	61	1	126
328	0	4	62	62	1	128
329	0	4	63	63	1	130
330	0	5	0	0	1	5
331	0	5	1	1	1	7
332	0	5	2	2	1	9
333	0	5	3	3	1	11
334	0	5	4	4	1	13
335	0	5	5	5	1	15
336	0	5	6	6	1	17
337	0	5	7	7	1	19
338	0	5	8	8	1	21
339	0	5	9	9	1	23
340	0	5	10	10	1	25
341	0	5	11	11	1	27
342	0	5	12	12	1	29
343	0	5	13	13	1	31
344	0	5	14	14	1	33
345	0	5	15	15	1	35
346	0	5	16	16	1	37
347	0	5	17	17	1	39
348	0	5	18	18	1	41
349	0	5	19	19	1	43
350	0	5	20	20	1	45
351	0	5	21	21	1	47
352	0	5	22	22	1	49
353	0	5	23	23	1	51
354	0	5	24	24	1	53
355	0	5	25	25	1	55
356	0	5	26	26	1	57
357	0	5	27	27	1	59
358	0	5	28	28	1	61
359	0	5	29	29	1	63
360	0	5	30	30	1	65
361	0	5	31	31	1	67
362	0	5	32	32	1	69
363	0	5	33	33	1	71
364	0	5	34	34	1	73
365	0	5	35	35	1	75
366	0	5	36	36	1	77
367	0	5	37	37	1	79
368	0	5	38	38	1	81
369	0	5	39	39	1	83
370	0	5	40	40	1	85
371	0	5	41	41	1	87
372	0	5	42	42	1	89
373	0	5	43	43	1	91
374	0	5	44	44	1	93
375	0	5	45	45	1	95
376	0	5	46	46	1	97
377	0	5	47	47	1	99
378	0	5	48	48	1	101
379	0	5	49	49	1	103
380	0	5	50	50	1	105
381	0	5	51	51	1	107
382	0	5	52	52	1	109
383	0	5	53	53	1	111
384	0	5	54	54	1	113
385	0	5	55	55	1	115
386	0	5	56	56	1	117
387	0	5	57	57	1	119
388	0	5	58	58	1	121
389	0	5	59	59	1	123
390	0	5	60	60	1	125
391	0	5	61	61	1	127
392	0	5	62	62	1	129
393	0	6	0	0	1	6
394	0	6	1	1	1	8
395	0	6	2	2	1	10
396	0	6	3	3	1	12
397	0	6	4	4	1	14
398	0	6	5	5	1	16
399	0	6	6	6	1	18
400	0	6	7	7	1	20
401	0	6	8	8	1	22
402	0	6	9	9	1	24
403	0	6	10	10	1	26
404	0	6	11	11	1	28
405	0	6	12	12	1	30
406	0	6	13	13	1	32
407	0	6	14	14	1	34
408	0	6	15	15	1	36
409	0	6	16	16	1	38
410	0	6	17	17	1	40
411	0	6	18	18	1	42
412	0	6	19	19	1	44
413	0	6	20	20	1	46
414	0	6	21	21	1	48
415	0	6	22	22	1	50
416	0	6	23	23	1	52
417	0	6	24	24	1	54
418	0	6	25	25	1	56
419	0	6	26	26	1	58
420	0	6	27	27	1	60
421	0	6	28	28	1	62
422	0	6	29	29	1	64
423	0	6	30	30	1	66
424	0	6	31	31	1	68
425	0	6	32	32	1	70
426	0	6	33	33	1	72
427	0	6	34	34	1	74
428	0	6	35	35	1	76
429	0	6	36	36	1	78
430	0	6	37	37	1	80
431	0	6	38	38	1	82
432	0	6	39	39	1	84
433	0	6	40	40	1	86
434	0	6	41	41	1	88
435	0	6	42	42	1	90
436	0	6	43	43	1	92
437	0	6	44	44	1	94
438	0	6	45	45	1	96
439	0	6	46	46	1	98
440	0	6	47	47	1	100
441	0	6	48	48	1	102
442	0	6	49	49	1	104
443	0	6	50	50	1	106
444	0	6	51	51	1	108
445	0	6	52	52	1	110
446	0	6	53	53	1	112
447	0	6	54	54	1	114
448	0	6	55	55	1	116
449	0	6	56	56	1	118
450	0	6	57	57	1	120
451	0	6	58	58	1	122
452	0	6	59	59	1	124
453	0	6	60	60	1	126
454	0	6	61	61	1	128
455	0	7	0	0	1	7
456	0	7	1	1	1	9
457	0	7	2	2	1	11
458	0	7	3	3	1	13
459	0	7	4	4	1	15
460	0	7	5	5	1	17
461	0	7	6	6	1	19
462	0	7	7	7	1	21
463	0	7	8	8	1	23
464	0	7	9	9	1	25
465	0	7	10	10	1	27
466	0	7	11	11	1	29
467	0	7	12	12	1	31
468	0	7	13	13	1	33
469	0	7	14	14	1	35
470	0	7	15	15	1	37
471	0	7	16	16	1	39
472	0	7	17	17	1	41
473	0	7	18	18	1	43
474	0	7	19	19	1	45
475	0	7	20	20	1	47
476	0	7	21	21	1	49
477	0	7	22	22	1	51
478	0	7	23	23	1	53
479	0	7	24	24	1	55
480	0	7	25	25	1	57
481	0	7	26	26	1	59
482	0	7	27	27	1	61
483	0	7	28	28	1	63
484	0	7	29	29	1	65
485	0	7	30	30	1	67
486	0	7	31	31	1	69
487	0	7	32	32	1	71
488	0	7	33	33	1	73
489	0	7	34	34	1	75
490	0	7	35	35	1	77
491	0	7	36	36	1	79
492	0	7	37	37	1	81
493	0	7	38	38	1	83
494	0	7	39	39	1	85
495	0	7	40	40	1	87
496	0	7	41	41	1	89
497	0	7	42	42	1	91
498	0	7	43	43	1	93
499	0	7	44	44	1	95
500	0	7	45	45	1	97
501	0	7	46	46	1	99
502	0	7	47	47	1	101
503	0	7	48	48	1	103
504	0	7	49	49	1	105
505	0	7	50	50	1	107
506	0	7	51	51	1	109
507	0	7	52	52	1	111
508	0	7	53	53	1	113
509	0	7	54	54	1	115
510	0	7	55	55	1	117
511	0	7	56	56	1	119
512	0	7	57	57	1	121
513	0	7	58	58	1	123
514	0	7	59	59	1	125
515	0	7	60	60	1	127
516	0	8	0	0	1	8
517	0	8	1	1	1	10
518	0	8	2	2	1	12
519	0	8	3	3	1	14
520	0	8	4	4	1	16
521	0	8	5	5	1	18
522	0	8	6	6	1	20
523	0	8	7	7	1	22
524	0	8	8	8	1	24
525	0	8	9	9	1	26
526	0	8	10	10	1	28
527	0	8	11	11	1	30
528	0	8	12	12	1	32
529	0	8	13	13	1	34
530	0	8	14	14	1	36
531	0	8	15	15	1	38
532	0	8	16	16	1	40
533	0	8	17	17	1	42
534	0	8	18	18	1	44
535	0	8	19	19	1	46
536	0	8	20	20	1	48
537	0	8	21	21	1	50
538	0	8	22	22	1	52
539	0	8	23	23	1	54
540	0	8	24	24	1	56
541	0	8	25	25	1	58
542	0	8	26	26	1	60
543	0	8	27	27	1	62
544	0	8	28	28	1	64
545	0	8	29	29	1	66
546	0	8	30	30	1	68
547	0	8	31	31	1	70
548	0	8	32	32	1	72
549	0	8	33	33	1	74
550	0	8	34	34	1	76
551	0	8	35	35	1	78
552	0	8	36	36	1	80
553	0	8	37	37	1	82
554	0	8	38	38	1	84
555	0	8	39	39	1	86
556	0	8	40	40	1	88
557	0	8	41	41	1	90
558	0	8	42	42	1	92
559	0	8	43	43	1	94
560	0	8	44	44	1	96
561	0	8	45	45	1	98
562	0	8	46	46	1	100
563	0	8	47	47	1	102
564	0	8	48	48	1	104
565	0	8	49	49	1	106
566	0	8	50	50	1	108
567	0	8	51	51	1	110
568	0	8	52	52	1	112
569	0	8	53	53	1	114
570	0	8	54	54	1	116
571	0	8	55	55	1	118
572	0	8	56	56	1	120
573	0	8	57	57	1	122
574	0	8	58	58	1	124
575	0	8	59	59	1	126
576	0	9	0	0	1	9
577	0	9	1	1	1	11
578	0	9	2	2	1	13
579	0	9	3	3	1	15
580	0	9	4	4	1	17
581	0	9	5	5	1	19
582	0	9	6	6	1	21
583	0	9	7	7	1	23
584	0	9	8	8	1	25
585	0	9	9	9	1	27
586	0	9	10	10	1	29
587	0	9	11	11	1	31
588	0	9	12	12	1	33
589	0	9	13	13	1	35
590	0	9	14	14	1	37
591	0	9	15	15	1	39
592	0	9	16	16	1	41
593	0	9	17	17	1	43
594	0	9	18	18	1	45
595	0	9	19	19	1	47
596	0	9	20	20	1	49
597	0	9	21	21	1	51
598	0	9	22	22	1	53
599	0	9	23	23	1	55
600	0	9	24	24	1	57
601	0	9	25	25	1	59
602	0	9	26	26	1	61
603	0	9	27	27	1	63
604	0	9	28	28	1	65
605	0	9	29	29	1	67
606	0	9	30	30	1	69
607	0	9	31	31	1	71
608	0	9	32	32	1	73
609	0	9	33	33	1	75
610	0	9	34	34	1	77
611	0	9	35	35	1	79
612	0	9	36	36	1	81
613	0	9	37	37	1	83
614	0	9	38	38	1	85
615	0	9	39	39	1	87
616	0	9	40	40	1	89
617	0	9	41	41	1	91
618	0	9	42	42	1	93
619	0	9	43	43	1	95
620	0	9	44	44	1	97
621	0	9	45	45	1	99
622	0	9	46	46	1	101
623	0	9	47	47	1	103
624	0	9	48	48	1	105
625	0	9	49	49	1	107
626	0	9	50	50	1	109
627	0	9	51	51	1	111
628	0	9	52	52	1	113
629	0	9	53	53	1	115
630	0	9	54	54	1	117
631	0	9	55	55	1	119
632	0	9	56	56	1	121
633	0	9	57	57	1	123
634	0	9	58	58	1	125
635	0	10	0	0	1	10
636	0	10	1	1	1	12
637	0	10	2	2	1	14
638	0	10	3	3	1	16
639	0	10	4	4	1	18
640	0	10	5	5	1	20
641	0	10	6	6	1	22
642	0	10	7	7	1	24
643	0	10	8	8	1	26
644	0	10	9	9	1	28
645	0	10	10	10	1	30
646	0	10	11	11	1	32
647	0	10	12	12	1	34
648	0	10	13	13	1	36
649	0	10	14	14	1	38
650	0	10	15	15	1	40
651	0	10	16	16	1	42
652	0	10	17	17	1	44
653	0	10	18	18	1	46
654	0	10	19	19	1	48
655	0	10	20	20	1	50
656	0	10	21	21	1	52
657	0	10	22	22	1	54
658	0	10	23	23	1	56
659	0	10	24	24	1	58
660	0	10	25	25	1	60
661	0	10	26	26	1	62
662	0	10	27	27	1	64
663	0	10	28	28	1	66
664	0	10	29	29	1	68
665	0	10	30	30	1	70
666	0	10	31	31	1	72
667	0	10	32	32	1	74
668	0	10	33	33	1	76
669	0	10	34	34	1	78
670	0	10	35	35	1	80
671	0	10	36	36	1	82
672	0	10	37	37	1	84
673	0	10	38	38	1	86
674	0	10	39	39	1	88
675	0	10	40	40	1	90
676	0	10	41	41	1	92
677	0	10	42	42	1	94
678	0	10	43	43	1	96
679	0	10	44	44	1	98
680	0	10	45	45	1	100
681	0	10	46	46	1	102
682	0	10	47	47	1	104
683	0	10	48	48	1	106
684	0	10	49	49	1	108
685	0	10	50	50	1	110
686	0	10	51	51	1	112
687	0	10	52	52	1	114
688	0	10	53	53	1	116
689	0	10	54	54	1	118
690	0	10	55	55	1	120
691	0	10	56	56	1	122
692	0	10	57	57	1	124
693	0	11	0	0	1	11
694	0	11	1	1	1	13
695	0	11	2	2	1	15
696	0	11	3	3	1	17
697	0	11	4	4	1	19
698	0	11	5	5	1	21
699	0	11	6	6	1	23
700	0	11	7	7	1	25
701	0	11	8	8	1	27
702	0	11	9	9	1	29
703	0	11	10	10	1	31
704	0	11	11	11	1	33
705	0	11	12	12	1	35
706	0	11	13	13	1	37
707	0	11	14	14	1	39
708	0	11	15	15	1	41
709	0	11	16	16	1	43
710	0	11	17	17	1	45
711	0	11	18	18	1	47
712	0	11	19	19	1	49
713	0	11	20	20	1	51
714	0	11	21	21	1	53
715	0	11	22	22	1	55
716	0	11	23	23	1	57
717	0	11	24	24	1	59
718	0	11	25	25	1	61
719	0	11	26	26	1	63
720	0	11	27	27	1	65
721	0	11	28	28	1	67
722	0	11	29	29	1	69
723	0	11	30	30	1	71
724	0	11	31	31	1	73
725	0	11	32	32	1	75
726	0	11	33	33	1	77
727	0	11	34	34	1	79
728	0	11	35	35	1	81
729	0	11	36	36	1	83
730	0	11	37	37	1	85
731	0	11	38	38	1	87
732	0	11	39	39	1	89
733	0	11	40	40	1	91
734	0	11	41	41	1	93
735	0	11	42	42	1	95
736	0	11	43	43	1	97
737	0	11	44	44	1	99
738	0	11	45	45	1	101
739	0	11	46	46	1	103
740	0	11	47	47	1	105
741	0	11	48	48	1	107
742	0	11	49	49	1	109
743	0	11	50	50	1	111
744	0	11	51	51	1	113
745	0	11	52	52	1	115
746	0	11	53	53	1	117
747	0	11	54	54	1	119
748	0	11	55	55	1	121
749	0	11	56	56	1	123
750	0	12	0	0	1	12
751	0	12	1	1	1	14
752	0	12	2	2	1	16
753	0	12	3	3	1	18
754	0	12	4	4	1	20
755	0	12	5	5	1	22
756	0	12	6	6	1	24
757	0	12	7	7	1	26
758	0	12	8	8	1	28
759	0	12	9	9	1	30
760	0	12	10	10	1	32
761	0	12	11	11	1	34
762	0	12	12	12	1	36
763	0	12	13	13	1	38
764	0	12	14	14	1	40
765	0	12	15	15	1	42
766	0	12	16	16	1	44
767	0	12	17	17	1	46
768	0	12	18	18	1	48
769	0	12	19	19	1	50
770	0	12	20	20	1	52
771	0	12	21	21	1	54
772	0	12	22	22	1	56
773	0	12	23	23	1	58
774	0	12	24	24	1	60
775	0	12	25	25	1	62
776	0	12	26	26	1	64
777	0	12	27	27	1	66
778	0	12	28	28	1	68
779	0	12	29	29	1	70
780	0	12	30	30	1	72
781	0	12	31	31	1	74
782	0	12	32	32	1	76
783	0	12	33	33	1	78
784	0	12	34	34	1	80
785	0	12	35	35	1	82
786	0	12	36	36	1	84
787	0	12	37	37	1	86
788	0	12	38	38	1	88
789	0	12	39	39	1	90
790	0	12	40	40	1	92
791	0	12	41	41	1	94
792	0	12	42	42	1	96
793	0	12	43	43	1	98
794	0	12	44	44	1	100
795	0	12	45	45	1	102
796	0	12	46	46	1	104
797	0	12	47	47	1	106
798	0	12	48	48	1	108
799	0	12	49	49	1	110
800	0	12	50	50	1	112
801	0	12	51	51	1	114
802	0	12	52	52	1	116
803	0	12	53	53	1	118
804	0	12	54	54	1	120
805	0	12	55	55	1	122
806	0	13	0	0	1	13
807	0	13	1	1	1	15
808	0	13	2	2	1	17
809	0	13	3	3	1	19
810	0	13	4	4	1	21
811	0	13	5	5	1	23
812	0	13	6	6	1	25
813	0	13	7	7	1	27
814	0	13	8	8	1	29
815	0	13	9	9	1	31
816	0	13	10	10	1	33
817	0	13	11	11	1	35
818	0	13	12	12	1	37
819	0	13	13	13	1	39
820	0	13	14	14	1	41
821	0	13	15	15	1	43
822	0	13	16	16	1	45
823	0	13	17	17	1	47
824	0	13	18	18	1	49
825	0	13	19	19	1	51
826	0	13	20	20	1	53
827	0	13	21	21	1	55
828	0	13	22	22	1	57
829	0	13	23	23	1	59
830	0	13	24	24	1	61
831	0	13	25	25	1	63
832	0	13	26	26	1	65
833	0	13	27	27	1	67
834	0	13	28	28	1	69
835	0	13	29	29	1	71
836	0	13	30	30	1	73
837	0	13	31	31	1	75
838	0	13	32	32	1	77
839	0	13	33	33	1	79
840	0	13	34	34	1	81
841	0	13	35	35	1	83
842	0	13	36	36	1	85
843	0	13	37	37	1	87
844	0	13	38	38	1	89
845	0	13	39	39	1	91
846	0	13	40	40	1	93
847	0	13	41	41	1	95
848	0	13	42	42	1	97
849	0	13	43	43	1	99
850	0	13	44	44	1	101
851	0	13	45	45	1	103
852	0	13	46	46	1	105
853	0	13	47	47	1	107
854	0	13	48	48	1	109
855	0	13	49	49	1	111
856	0	13	50	50	1	113
857	0	13	51	51	1	115
858	0	13	52	52	1	117
859	0	13	53	53	1	119
860	0	13	54	54	1	121
861	0	14	0	0	1	14
862	0	14	1	1	1	16
863	0	14	2	2	1	18
864	0	14	3	3	1	20
865	0	14	4	4	1	22
866	0	14	5	5	1	24
867	0	14	6	6	1	26
868	0	14	7	7	1	28
869	0	14	8	8	1	30
870	0	14	9	9	1	32
871	0	14	10	10	1	34
872	0	14	11	11	1	36
873	0	14	12	12	1	38
874	0	14	13	13	1	40
875	0	14	14	14	1	42
876	0	14	15	15	1	44
877	0	14	16	16	1	46
878	0	14	17	17	1	48
879	0	14	18	18	1	50
880	0	14	19	19	1	52
881	0	14	20	20	1	54
882	0	14	21	21	1	56
883	0	14	22	22	1	58
884	0	14	23	23	1	60
885	0	14	24	24	1	62
886	0	14	25	25	1	64
887	0	14	26	26	1	66
888	0	14	27	27	1	68
889	0	14	28	28	1	70
890	0	14	29	29	1	72
891	0	14	30	30	1	74
892	0	14	31	31	1	76
893	0	14	32	32	1	78
894	0	14	33	33	1	80
895	0	14	34	34	1	82
896	0	14	35	35	1	84
897	0	14	36	36	1	86
898	0	14	37	37	1	88
899	0	14	38	38	1	90
900	0	14	39	39	1	92
901	0	14	40	40	1	94
902	0	14	41	41	1	96
903	0	14	42	42	1	98
904	0	14	43	43	1	100
905	0	14	44	44	1	102
906	0	14	45	45	1	104
907	0	14	46	46	1	106
908	0	14	47	47	1	108
909	0	14	48	48	1	110
910	0	14	49	49	1	112
911	0	14	50	50	1	114
912	0	14	51	51	1	116
913	0	14	52	52	1	118
914	0	14	53	53	1	120
915	0	15	0	0	1	15
916	0	15	1	1	1	17
917	0	15	2	2	1	19
918	0	15	3	3	1	21
919	0	15	4	4	1	23
920	0	15	5	5	1	25
921	0	15	6	6	1	27
922	0	15	7	7	1	29
923	0	15	8	8	1	31
924	0	15	9	9	1	33
925	0	15	10	10	1	35
926	0	15	11	11	1	37
927	0	15	12	12	1	39
928	0	15	13	13	1	41
929	0	15	14	14	1	43
930	0	15	15	15	1	45
931	0	15	16	16	1	47
932	0	15	17	17	1	49
933	0	15	18	18	1	51
934	0	15	19	19	1	53
935	0	15	20	20	1	55
936	0	15	21	21	1	57
937	0	15	22	22	1	59
938	0	15	23	23	1	61
939	0	15	24	24	1	63
940	0	15	25	25	1	65
941	0	15	26	26	1	67
942	0	15	27	27	1	69
943	0	15	28	28	1	71
944	0	15	29	29	1	73
945	0	15	30	30	1	75
946	0	15	31	31	1	77
947	0	15	32	32	1	79
948	0	15	33	33	1	81
949	0	15	34	34	1	83
950	0	15	35	35	1	85
951	0	15	36	36	1	87
952	0	15	37	37	1	89
953	0	15	38	38	1	91
954	0	15	39	39	1	93
955	0	15	40	40	1	95
956	0	15	41	41	1	97
957	0	15	42	42	1	99
958	0	15	43	43	1	101
959	0	15	44	44	1	103
960	0	15	45	45	1	105
961	0	15	46	46	1	107
962	0	15	47	47	1	109
963	0	15	48	48	1	111
964	0	15	49	49	1	113
965	0	15	50	50	1	115
966	0	15	51	51	1	117
967	0	15	52	52	1	119
968	0	16	0	0	1	16
969	0	16	1	1	1	18
970	0	16	2	2	1	20
971	0	16	3	3	1	22
972	0	16	4	4	1	24
973	0	16	5	5	1	26
974	0	16	6	6	1	28
975	0	16	7	7	1	30
976	0	16	8	8	1	32
977	0	16	9	9	1	34
978	0	16	10	10	1	36
979	0	16	11	11	1	38
980	0	16	12	12	1	40
981	0	16	13	13	1	42
982	0	16	14	14	1	44
983	0	16	15	15	1	46
984	0	16	16	16	1	48
985	0	16	17	17	1	50
986	0	16	18	18	1	52
987	0	16	19	19	1	54
988	0	16	20	20	1	56
989	0	16	21	21	1	58
990	0	16	22	22	1	60
991	0	16	23	23	1	62
992	0	16	24	24	1	64
993	0	16	25	25	1	66
994	0	16	26	26	1	68
995	0	16	27	27	1	70
996	0	16	28	28	1	72
997	0	16	29	29	1	74
998	0	16	30	30	1	76
999	0	16	31	31	1	78
1000	0	16	32	32	1	80
1001	0	16	33	33	1	82
1002	0	16	34	34	1	84
1003	0	16	35	35	1	86
1004	0	16	36	36	1	88
1005	0	16	37	37	1	90
1006	0	16	38	38	1	92
1007	0	16	39	39	1	94
1008	0	16	40	40	1	96
1009	0	16	41	41	1	98
1010	0	16	42	42	1	100
1011	0	16	43	43	1	102
1012	0	16	44	44	1	104
1013	0	16	45	45	1	106
1014	0	16	46	46	1	108
1015	0	16	47	47	1	110
1016	0	16	48	48	1	112
1017	0	16	49	49	1	114
1018	0	16	50	50	1	116
1019	0	16	51	51	1	118
1020	0	17	0	0	1	17
1021	0	17	1	1	1	19
1022	0	17	2	2	1	21
1023	0	17	3	3	1	23
1024	0	17	4	4	1	25
1025	0	17	5	5	1	27
1026	0	17	6	6	1	29
1027	0	17	7	7	1	31
1028	0	17	8	8	1	33
1029	0	17	9	9	1	35
1030	0	17	10	10	1	37
1031	0	17	11	11	1	39
1032	0	17	12	12	1	41
1033	0	17	13	13	1	43
1034	0	17	14	14	1	45
1035	0	17	15	15	1	47
1036	0	17	16	16	1	49
1037	0	17	17	17	1	51
1038	0	17	18	18	1	53
1039	0	17	19	19	1	55
1040	0	17	20	20	1	57
1041	0	17	21	21	1	59
1042	0	17	22	22	1	61
1043	0	17	23	23	1	63
1044	0	17	24	24	1	65
1045	0	17	25	25	1	67
1046	0	17	26	26	1	69
1047	0	17	27	27	1	71
1048	0	17	28	28	1	73
1049	0	17	29	29	1	75
1050	0	17	30	30	1	77
1051	0	17	31	31	1	79
1052	0	17	32	32	1	81
1053	0	17	33	33	1	83
1054	0	17	34	34	1	85
1055	0	17	35	35	1	87
1056	0	17	36	36	1	89
1057	0	17	37	37	1	91
1058	0	17	38	38	1	93
1059	0	17	39	39	1	95
1060	0	17	40	40	1	97
1061	0	17	41	41	1	99
1062	0	17	42	42	1	101
1063	0	17	43	43	1	103
1064	0	17	44	44	1	105
1065	0	17	45	45	1	107
1066	0	17	46	46	1	109
1067	0	17	47	47	1	111
1068	0	17	48	48	1	113
1069	0	17	49	49	1	115
1070	0	17	50	50	1	117
1071	0	18	0	0	1	18
1072	0	18	1	1	1	20
1073	0	18	2	2	1	22
1074	0	18	3	3	1	24
1075	0	18	4	4	1	26
1076	0	18	5	5	1	28
1077	0	18	6	6	1	30
1078	0	18	7	7	1	32
1079	0	18	8	8	1	34
1080	0	18	9	9	1	36
1081	0	18	10	10	1	38
1082	0	18	11	11	1	40
1083	0	18	12	12	1	42
1084	0	18	13	13	1	44
1085	0	18	14	14	1	46
1086	0	18	15	15	1	48
1087	0	18	16	16	1	50
1088	0	18	17	17	1	52
1089	0	18	18	18	1	54
1090	0	18	19	19	1	56
1091	0	18	20	20	1	58
1092	0	18	21	21	1	60
1093	0	18	22	22	1	62
1094	0	18	23	23	1	64
1095	0	18	24	24	1	66
1096	0	18	25	25	1	68
1097	0	18	26	26	1	70
1098	0	18	27	27	1	72
1099	0	18	28	28	1	74
1100	0	18	29	29	1	76
1101	0	18	30	30	1	78
1102	0	18	31	31	1	80
1103	0	18	32	32	1	82
1104	0	18	33	33	1	84
1105	0	18	34	34	1	86
1106	0	18	35	35	1	88
1107	0	18	36	36	1	90
1108	0	18	37	37	1	92
1109	0	18	38	38	1	94
1110	0	18	39	39	1	96
1111	0	18	40	40	1	98
1112	0	18	41	41	1	100
1113	0	18	42	42	1	102
1114	0	18	43	43	1	104
1115	0	18	44	44	1	106
1116	0	18	45	45	1	108
1117	0	18	46	46	1	110
1118	0	18	47	47	1	112
1119	0	18	48	48	1	114
1120	0	18	49	49	1	116
1121	0	19	0	0	1	19
1122	0	19	1	1	1	21
1123	0	19	2	2	1	23
1124	0	19	3	3	1	25
1125	0	19	4	4	1	27
1126	0	19	5	5	1	29
1127	0	19	6	6	1	31
1128	0	19	7	7	1	33
1129	0	19	8	8	1	35
1130	0	19	9	9	1	37
1131	0	19	10	10	1	39
1132	0	19	11	11	1	41
1133	0	19	12	12	1	43
1134	0	19	13	13	1	45
1135	0	19	14	14	1	47
1136	0	19	15	15	1	49
1137	0	19	16	16	1	51
1138	0	19	17	17	1	53
1139	0	19	18	18	1	55
1140	0	19	19	19	1	57
1141	0	19	20	20	1	59
1142	0	19	21	21	1	61
1143	0	19	22	22	1	63
1144	0	19	23	23	1	65
1145	0	19	24	24	1	67
1146	0	19	25	25	1	69
1147	0	19	26	26	1	71
1148	0	19	27	27	1	73
1149	0	19	28	28	1	75
1150	0	19	29	29	1	77
1151	0	19	30	30	1	79
1152	0	19	31	31	1	81
1153	0	19	32	32	1	83
1154	0	19	33	33	1	85
1155	0	19	34	34	1	87
1156	0	19	35	35	1	89
1157	0	19	36	36	1	91
1158	0	19	37	37	1	93
1159	0	19	38	38	1	95
1160	0	19	39	39	1	97
1161	0	19	40	40	1	99
1162	0	19	41	41	1	101
1163	0	19	42	42	1	103
1164	0	19	43	43	1	105
1165	0	19	44	44	1	107
1166	0	19	45	45	1	109
1167	0	19	46	46	1	111
1168	0	19	47	47	1	113
1169	0	19	48	48	1	115
1170	0	20	0	0	1	20
1171	0	20	1	1	1	22
1172	0	20	2	2	1	24
1173	0	20	3	3	1	26
1174	0	20	4	4	1	28
1175	0	20	5	5	1	30
1176	0	20	6	6	1	32
1177	0	20	7	7	1	34
1178	0	20	8	8	1	36
1179	0	20	9	9	1	38
1180	0	20	10	10	1	40
1181	0	20	11	11	1	42
1182	0	20	12	12	1	44
1183	0	20	13	13	1	46
1184	0	20	14	14	1	48
1185	0	20	15	15	1	50
1186	0	20	16	16	1	52
1187	0	20	17	17	1	54
1188	0	20	18	18	1	56
1189	0	20	19	19	1	58
1190	0	20	20	20	1	60
1191	0	20	21	21	1	62
1192	0	20	22	22	1	64
1193	0	20	23	23	1	66
1194	0	20	24	24	1	68
1195	0	20	25	25	1	70
1196	0	20	26	26	1	72
1197	0	20	27	27	1	74
1198	0	20	28	28	1	76
1199	0	20	29	29	1	78
1200	0	20	30	30	1	80
1201	0	20	31	31	1	82
1202	0	20	32	32	1	84
1203	0	20	33	33	1	86
1204	0	20	34	34	1	88
1205	0	20	35	35	1	90
1206	0	20	36	36	1	92
1207	0	20	37	37	1	94
1208	0	20	38	38	1	96
1209	0	20	39	39	1	98
1210	0	20	40	40	1	100
1211	0	20	41	41	1	102
1212	0	20	42	42	1	104
1213	0	20	43	43	1	106
1214	0	20	44	44	1	108
1215	0	20	45	45	1	110
1216	0	20	46	46	1	112
1217	0	20	47	47	1	114
1218	0	21	0	0	1	21
1219	0	21	1	1	1	23
1220	0	21	2	2	1	25
1221	0	21	3	3	1	27
1222	0	21	4	4	1	29
1223	0	21	5	5	1	31
1224	0	21	6	6	1	33
1225	0	21	7	7	1	35
1226	0	21	8	8	1	37
1227	0	21	9	9	1	39
1228	0	21	10	10	1	41
1229	0	21	11	11	1	43
1230	0	21	12	12	1	45
1231	0	21	13	13	1	47
1232	0	21	14	14	1	49
1233	0	21	15	15	1	51
1234	0	21	16	16	1	53
1235	0	21	17	17	1	55
1236	0	21	18	18	1	57
1237	0	21	19	19	1	59
1238	0	21	20	20	1	61
1239	0	21	21	21	1	63
1240	0	21	22	22	1	65
1241	0	21	23	23	1	67
1242	0	21	24	24	1	69
1243	0	21	25	25	1	71
1244	0	21	26	26	1	73
1245	0	21	27	27	1	75
1246	0	21	28	28	1	77
1247	0	21	29	29	1	79
1248	0	21	30	30	1	81
1249	0	21	31	31	1	83
1250	0	21	32	32	1	85
1251	0	21	33	33	1	87
1252	0	21	34	34	1	89
1253	0	21	35	35	1	91
1254	0	21	36	36	1	93
1255	0	21	37	37	1	95
1256	0	21	38	38	1	97
1257	0	21	39	39	1	99
1258	0	21	40	40	1	101
1259	0	21	41	41	1	103
1260	0	21	42	42	1	105
1261	0	21	43	43	1	107
1262	0	21	44	44	1	109
1263	0	21	45	45	1	111
1264	0	21	46	46	1	113
1265	0	22	0	0	1	22
1266	0	22	1	1	1	24
1267	0	22	2	2	1	26
1268	0	22	3	3	1	28
1269	0	22	4	4	1	30
1270	0	22	5	5	1	32
1271	0	22	6	6	1	34
1272	0	22	7	7	1	36
1273	0	22	8	8	1	38
1274	0	22	9	9	1	40
1275	0	22	10	10	1	42
1276	0	22	11	11	1	44
1277	0	22	12	12	1	46
1278	0	22	13	13	1	48
1279	0	22	14	14	1	50
1280	0	22	15	15	1	52
1281	0	22	16	16	1	54
1282	0	22	17	17	1	56
1283	0	22	18	18	1	58
1284	0	22	19	19	1	60
1285	0	22	20	20	1	62
1286	0	22	21	21	1	64
1287	0	22	22	22	1	66
1288	0	22	23	23	1	68
1289	0	22	24	24	1	70
1290	0	22	25	25	1	72
1291	0	22	26	26	1	74
1292	0	22	27	27	1	76
1293	0	22	28	28	1	78
1294	0	22	29	29	1	80
1295	0	22	30	30	1	82
1296	0	22	31	31	1	84
1297	0	22	32	32	1	86
1298	0	22	33	33	1	88
1299	0	22	34	34	1	90
1300	0	22	35	35	1	92
1301	0	22	36	36	1	94
1302	0	22	37	37	1	96
1303	0	22	38	38	1	98
1304	0	22	39	39	1	100
1305	0	22	40	40	1	102
1306	0	22	41	41	1	104
1307	0	22	42	42	1	106
1308	0	22	43	43	1	108
1309	0	22	44	44	1	110
1310	0	22	45	45	1	112
1311	0	23	0	0	1	23
1312	0	23	1	1	1	25
1313	0	23	2	2	1	27
1314	0	23	3	3	1	29
1315	0	23	4	4	1	31
1316	0	23	5	5	1	33
1317	0	23	6	6	1	35
1318	0	23	7	7	1	37
1319	0	23	8	8	1	39
1320	0	23	9	9	1	41
1321	0	23	10	10	1	43
1322	0	23	11	11	1	45
1323	0	23	12	12	1	47
1324	0	23	13	13	1	49
1325	0	23	14	14	1	51
1326	0	23	15	15	1	53
1327	0	23	16	16	1	55
1328	0	23	17	17	1	57
1329	0	23	18	18	1	59
1330	0	23	19	19	1	61
1331	0	23	20	20	1	63
1332	0	23	21	21	1	65
1333	0	23	22	22	1	67
1334	0	23	23	23	1	69
1335	0	23	24	24	1	71
1336	0	23	25	25	1	73
1337	0	23	26	26	1	75
1338	0	23	27	27	1	77
1339	0	23	28	28	1	79
1340	0	23	29	29	1	81
1341	0	23	30	30	1	83
1342	0	23	31	31	1	85
1343	0	23	32	32	1	87
1344	0	23	33	33	1	89
1345	0	23	34	34	1	91
1346	0	23	35	35	1	93
1347	0	23	36	36	1	95
1348	0	23	37	37	1	97
1349	0	23	38	38	1	99
1350	0	23	39	39	1	101
1351	0	23	40	40	1	103
1352	0	23	41	41	1	105
1353	0	23	42	42	1	107
1354	0	23	43	43	1	109
1355	0	23	44	44	1	111
1356	0	24	0	0	1	24
1357	0	24	1	1	1	26
1358	0	24	2	2	1	28
1359	0	24	3	3	1	30
1360	0	24	4	4	1	32
1361	0	24	5	5	1	34
1362	0	24	6	6	1	36
1363	0	24	7	7	1	38
1364	0	24	8	8	1	40
1365	0	24	9	9	1	42
1366	0	24	10	10	1	44
1367	0	24	11	11	1	46
1368	0	24	12	12	1	48
1369	0	24	13	13	1	50
1370	0	24	14	14	1	52
1371	0	24	15	15	1	54
1372	0	24	16	16	1	56
1373	0	24	17	17	1	58
1374	0	24	18	18	1	60
1375	0	24	19	19	1	62
1376	0	24	20	20	1	64
1377	0	24	21	21	1	66
1378	0	24	22	22	1	68
1379	0	24	23	23	1	70
1380	0	24	24	24	1	72
1381	0	24	25	25	1	74
1382	0	24	26	26	1	76
1383	0	24	27	27	1	78
1384	0	24	28	28	1	80
1385	0	24	29	29	1	82
1386	0	24	30	30	1	84
1387	0	24	31	31	1	86
1388	0	24	32	32	1	88
1389	0	24	33	33	1	90
1390	0	24	34	34	1	92
1391	0	24	35	35	1	94
1392	0	24	36	36	1	96
1393	0	24	37	37	1	98
1394	0	24	38	38	1	100
1395	0	24	39	39	1	102
1396	0	24	40	40	1	104
1397	0	24	41	41	1	106
1398	0	24	42	42	1	108
1399	0	24	43	43	1	110
1400	0	25	0	0	1	25
1401	0	25	1	1	1	27
1402	0	25	2	2	1	29
1403	0	25	3	3	1	31
1404	0	25	4	4	1	33
1405	0	25	5	5	1	35
1406	0	25	6	6	1	37
1407	0	25	7	7	1	39
1408	0	25	8	8	1	41
1409	0	25	9	9	1	43
1410	0	25	10	10	1	45
1411	0	25	11	11	1	47
1412	0	25	12	12	1	49
1413	0	25	13	13	1	51
1414	0	25	14	14	1	53
1415	0	25	15	15	1	55
1416	0	25	16	16	1	57
1417	0	25	17	17	1	59
1418	0	25	18	18	1	61
1419	0	25	19	19	1	63
1420	0	25	20	20	1	65
1421	0	25	21	21	1	67
1422	0	25	22	22	1	69
1423	0	25	23	23	1	71
1424	0	25	24	24	1	73
1425	0	25	25	25	1	75
1426	0	25	26	26	1	77
1427	0	25	27	27	1	79
1428	0	25	28	28	1	81
1429	0	25	29	29	1	83
1430	0	25	30	30	1	85
1431	0	25	31	31	1	87
1432	0	25	32	32	1	89
1433	0	25	33	33	1	91
1434	0	25	34	34	1	93
1435	0	25	35	35	1	95
1436	0	25	36	36	1	97
1437	0	25	37	37	1	99
1438	0	25	38	38	1	101
1439	0	25	39	39	1	103
1440	0	25	40	40	1	105
1441	0	25	41	41	1	107
1442	0	25	42	42	1	109
1443	0	26	0	0	1	26
1444	0	26	1	1	1	28
1445	0	26	2	2	1	30
1446	0	26	3	3	1	32
1447	0	26	4	4	1	34
1448	0	26	5	5	1	36
1449	0	26	6	6	1	38
1450	0	26	7	7	1	40
1451	0	26	8	8	1	42
1452	0	26	9	9	1	44
1453	0	26	10	10	1	46
1454	0	26	11	11	1	48
1455	0	26	12	12	1	50
1456	0	26	13	13	1	52
1457	0	26	14	14	1	54
1458	0	26	15	15	1	56
1459	0	26	16	16	1	58
1460	0	26	17	17	1	60
1461	0	26	18	18	1	62
1462	0	26	19	19	1	64
1463	0	26	20	20	1	66
1464	0	26	21	21	1	68
1465	0	26	22	22	1	70
1466	0	26	23	23	1	72
1467	0	26	24	24	1	74
1468	0	26	25	25	1	76
1469	0	26	26	26	1	78
1470	0	26	27	27	1	80
1471	0	26	28	28	1	82
1472	0	26	29	29	1	84
1473	0	26	30	30	1	86
1474	0	26	31	31	1	88
1475	0	26	32	32	1	90
1476	0	26	33	33	1	92
1477	0	26	34	34	1	94
1478	0	26	35	35	1	96
1479	0	26	36	36	1	98
1480	0	26	37	37	1	100
1481	0	26	38	38	1	102
1482	0	26	39	39	1	104
1483	0	26	40	40	1	106
1484	0	26	41	41	1	108
1485	0	27	0	0	1	27
1486	0	27	1	1	1	29
1487	0	27	2	2	1	31
1488	0	27	3	3	1	33
1489	0	27	4	4	1	35
1490	0	27	5	5	1	37
1491	0	27	6	6	1	39
1492	0	27	7	7	1	41
1493	0	27	8	8	1	43
1494	0	27	9	9	1	45
1495	0	27	10	10	1	47
1496	0	27	11	11	1	49
1497	0	27	12	12	1	51
1498	0	27	13	13	1	53
1499	0	27	14	14	1	55
1500	0	27	15	15	1	57
1501	0	27	16	16	1	59
1502	0	27	17	17	1	61
1503	0	27	18	18	1	63
1504	0	27	19	19	1	65
1505	0	27	20	20	1	67
1506	0	27	21	21	1	69
1507	0	27	22	22	1	71
1508	0	27	23	23	1	73
1509	0	27	24	24	1	75
1510	0	27	25	25	1	77
1511	0	27	26	26	1	79
1512	0	27	27	27	1	81
1513	0	27	28	28	1	83
1514	0	27	29	29	1	85
1515	0	27	30	30	1	87
1516	0	27	31	31	1	89
1517	0	27	32	32	1	91
1518	0	27	33	33	1	93
1519	0	27	34	34	1	95
1520	0	27	35	35	1	97
1521	0	27	36	36	1	99
1522	0	27	37	37	1	101
1523	0	27	38	38	1	103
1524	0	27	39	39	1	105
1525	0	27	40	40	1	107
1526	0	28	0	0	1	28
1527	0	28	1	1	1	30
1528	0	28	2	2	1	32
1529	0	28	3	3	1	34
1530	0	28	4	4	1	36
1531	0	28	5	5	1	38
1532	0	28	6	6	1	40
1533	0	28	7	7	1	42
1534	0	28	8	8	1	44
1535	0	28	9	9	1	46
1536	0	28	10	10	1	48
1537	0	28	11	11	1	50
1538	0	28	12	12	1	52
1539	0	28	13	13	1	54
1540	0	28	14	14	1	56
1541	0	28	15	15	1	58
1542	0	28	16	16	1	60
1543	0	28	17	17	1	62
1544	0	28	18	18	1	64
1545	0	28	19	19	1	66
1546	0	28	20	20	1	68
1547	0	28	21	21	1	70
1548	0	28	22	22	1	72
1549	0	28	23	23	1	74
1550	0	28	24	24	1	76
1551	0	28	25	25	1	78
1552	0	28	26	26	1	80
1553	0	28	27	27	1	82
1554	0	28	28	28	1	84
1555	0	28	29	29	1	86
1556	0	28	30	30	1	88
1557	0	28	31	31	1	90
1558	0	28	32	32	1	92
1559	0	28	33	33	1	94
1560	0	28	34	34	1	96
1561	0	28	35	35	1	98
1562	0	28	36	36	1	100
1563	0	28	37	37	1	102
1564	0	28	38	38	1	104
1565	0	28	39	39	1	106
1566	0	29	0	0	1	29
1567	0	29	1	1	1	31
1568	0	29	2	2	1	33
1569	0	29	3	3	1	35
1570	0	29	4	4	1	37
1571	0	29	5	5	1	39
1572	0	29	6	6	1	41
1573	0	29	7	7	1	43
1574	0	29	8	8	1	45
1575	0	29	9	9	1	47
1576	0	29	10	10	1	49
1577	0	29	11	11	1	51
1578	0	29	12	12	1	53
1579	0	29	13	13	1	55
1580	0	29	14	14	1	57
1581	0	29	15	15	1	59
1582	0	29	16	16	1	61
1583	0	29	17	17	1	63
1584	0	29	18	18	1	65
1585	0	29	19	19	1	67
1586	0	29	20	20	1	69
1587	0	29	21	21	1	71
1588	0	29	22	22	1	73
1589	0	29	23	23	1	75
1590	0	29	24	24	1	77
1591	0	29	25	25	1	79
1592	0	29	26	26	1	81
1593	0	29	27	27	1	83
1594	0	29	28	28	1	85
1595	0	29	29	29	1	87
1596	0	29	30	30	1	89
1597	0	29	31	31	1	91
1598	0	29	32	32	1	93
1599	0	29	33	33	1	95
1600	0	29	34	34	1	97
1601	0	29	35	35	1	99
1602	0	29	36	36	1	101
1603	0	29	37	37	1	103
1604	0	29	38	38	1	105
1605	0	30	0	0	1	30
1606	0	30	1	1	1	32
1607	0	30	2	2	1	34
1608	0	30	3	3	1	36
1609	0	30	4	4	1	38
1610	0	30	5	5	1	40
1611	0	30	6	6	1	42
1612	0	30	7	7	1	44
1613	0	30	8	8	1	46
1614	0	30	9	9	1	48
1615	0	30	10	10	1	50
1616	0	30	11	11	1	52
1617	0	30	12	12	1	54
1618	0	30	13	13	1	56
1619	0	30	14	14	1	58
1620	0	30	15	15	1	60
1621	0	30	16	16	1	62
1622	0	30	17	17	1	64
1623	0	30	18	18	1	66
1624	0	30	19	19	1	68
1625	0	30	20	20	1	70
1626	0	30	21	21	1	72
1627	0	30	22	22	1	74
1628	0	30	23	23	1	76
1629	0	30	24	24	1	78
1630	0	30	25	25	1	80
1631	0	30	26	26	1	82
1632	0	30	27	27	1	84
1633	0	30	28	28	1	86
1634	0	30	29	29	1	88
1635	0	30	30	30	1	90
1636	0	30	31	31	1	92
1637	0	30	32	32	1	94
1638	0	30	33	33	1	96
1639	0	30	34	34	1	98
1640	0	30	35	35	1	100
1641	0	30	36	36	1	102
1642	0	30	37	37	1	104
1643	0	31	0	0	1	31
1644	0	31	1	1	1	33
1645	0	31	2	2	1	35
1646	0	31	3	3	1	37
1647	0	31	4	4	1	39
1648	0	31	5	5	1	41
1649	0	31	6	6	1	43
1650	0	31	7	7	1	45
1651	0	31	8	8	1	47
1652	0	31	9	9	1	49
1653	0	31	10	10	1	51
1654	0	31	11	11	1	53
1655	0	31	12	12	1	55
1656	0	31	13	13	1	57
1657	0	31	14	14	1	59
1658	0	31	15	15	1	61
1659	0	31	16	16	1	63
1660	0	31	17	17	1	65
1661	0	31	18	18	1	67
1662	0	31	19	19	1	69
1663	0	31	20	20	1	71
1664	0	31	21	21	1	73
1665	0	31	22	22	1	75
1666	0	31	23	23	1	77
1667	0	31	24	24	1	79
1668	0	31	25	25	1	81
1669	0	31	26	26	1	83
1670	0	31	27	27	1	85
1671	0	31	28	28	1	87
1672	0	31	29	29	1	89
1673	0	31	30	30	1	91
1674	0	31	31	31	1	93
1675	0	31	32	32	1	95
1676	0	31	33	33	1	97
1677	0	31	34	34	1	99
1678	0	31	35	35	1	101
1679	0	31	36	36	1	103
1680	0	32	0	0	1	32
1681	0	32	1	1	1	34
1682	0	32	2	2	1	36
1683	0	32	3	3	1	38
1684	0	32	4	4	1	40
1685	0	32	5	5	1	42
1686	0	32	6	6	1	44
1687	0	32	7	7	1	46
1688	0	32	8	8	1	48
1689	0	32	9	9	1	50
1690	0	32	10	10	1	52
1691	0	32	11	11	1	54
1692	0	32	12	12	1	56
1693	0	32	13	13	1	58
1694	0	32	14	14	1	60
1695	0	32	15	15	1	62
1696	0	32	16	16	1	64
1697	0	32	17	17	1	66
1698	0	32	18	18	1	68
1699	0	32	19	19	1	70
1700	0	32	20	20	1	72
1701	0	32	21	21	1	74
1702	0	32	22	22	1	76
1703	0	32	23	23	1	78
1704	0	32	24	24	1	80
1705	0	32	25	25	1	82
1706	0	32	26	26	1	84
1707	0	32	27	27	1	86
1708	0	32	28	28	1	88
1709	0	32	29	29	1	90
1710	0	32	30	30	1	92
1711	0	32	31	31	1	94
1712	0	32	32	32	1	96
1713	0	32	33	33	1	98
1714	0	32	34	34	1	100
1715	0	32	35	35	1	102
1716	0	33	0	0	1	33
1717	0	33	1	1	1	35
1718	0	33	2	2	1	37
1719	0	33	3	3	1	39
1720	0	33	4	4	1	41
1721	0	33	5	5	1	43
1722	0	33	6	6	1	45
1723	0	33	7	7	1	47
1724	0	33	8	8	1	49
1725	0	33	9	9	1	51
1726	0	33	10	10	1	53
1727	0	33	11	11	1	55
1728	0	33	12	12	1	57
1729	0	33	13	13	1	59
1730	0	33	14	14	1	61
1731	0	33	15	15	1	63
1732	0	33	16	16	1	65
1733	0	33	17	17	1	67
1734	0	33	18	18	1	69
1735	0	33	19	19	1	71
1736	0	33	20	20	1	73
1737	0	33	21	21	1	75
1738	0	33	22	22	1	77
1739	0	33	23	23	1	79
1740	0	33	24	24	1	81
1741	0	33	25	25	1	83
1742	0	33	26	26	1	85
1743	0	33	27	27	1	87
1744	0	33	28	28	1	89
1745	0	33	29	29	1	91
1746	0	33	30	30	1	93
1747	0	33	31	31	1	95
1748	0	33	32	32	1	97
1749	0	33	33	33	1	99
1750	0	33	34	34	1	101
1751	0	34	0	0	1	34
1752	0	34	1	1	1	36
1753	0	34	2	2	1	38
1754	0	34	3	3	1	40
1755	0	34	4	4	1	42
1756	0	34	5	5	1	44
1757	0	34	6	6	1	46
1758	0	34	7	7	1	48
1759	0	34	8	8	1	50
1760	0	34	9	9	1	52
1761	0	34	10	10	1	54
1762	0	34	11	11	1	56
1763	0	34	12	12	1	58
1764	0	34	13	13	1	60
1765	0	34	14	14	1	62
1766	0	34	15	15	1	64
1767	0	34	16	16	1	66
1768	0	34	17	17	1	68
1769	0	34	18	18	1	70
1770	0	34	19	19	1	72
1771	0	34	20	20	1	74
1772	0	34	21	21	1	76
1773	0	34	22	22	1	78
1774	0	34	23	23	1	80
1775	0	34	24	24	1	82
1776	0	34	25	25	1	84
1777	0	34	26	26	1	86
1778	0	34	27	27	1	88
1779	0	34	28	28	1	90
1780	0	34	29	29	1	92
1781	0	34	30	30	1	94
1782	0	34	31	31	1	96
1783	0	34	32	32	1	98
1784	0	34	33	33	1	100
1785	0	35	0	0	1	35
1786	0	35	1	1	1	37
1787	0	35	2	2	1	39
1788	0	35	3	3	1	41
1789	0	35	4	4	1	43
1790	0	35	5	5	1	45
1791	0	35	6	6	1	47
1792	0	35	7	7	1	49
1793	0	35	8	8	1	51
1794	0	35	9	9	1	53
1795	0	35	10	10	1	55
1796	0	35	11	11	1	57
1797	0	35	12	12	1	59
1798	0	35	13	13	1	61
1799	0	35	14	14	1	63
1800	0	35	15	15	1	65
1801	0	35	16	16	1	67
1802	0	35	17	17	1	69
1803	0	35	18	18	1	71
1804	0	35	19	19	1	73
1805	0	35	20	20	1	75
1806	0	35	21	21	1	77
1807	0	35	22	22	1	79
1808	0	35	23	23	1	81
1809	0	35	24	24	1	83
1810	0	35	25	25	1	85
1811	0	35	26	26	1	87
1812	0	35	27	27	1	89
1813	0	35	28	28	1	91
1814	0	35	29	29	1	93
1815	0	35	30	30	1	95
1816	0	35	31	31	1	97
1817	0	35	32	32	1	99
1818	0	36	0	0	1	36
1819	0	36	1	1	1	38
1820	0	36	2	2	1	40
1821	0	36	3	3	1	42
1822	0	36	4	4	1	44
1823	0	36	5	5	1	46
1824	0	36	6	6	1	48
1825	0	36	7	7	1	50
1826	0	36	8	8	1	52
1827	0	36	9	9	1	54
1828	0	36	10	10	1	56
1829	0	36	11	11	1	58
1830	0	36	12	12	1	60
1831	0	36	13	13	1	62
1832	0	36	14	14	1	64
1833	0	36	15	15	1	66
1834	0	36	16	16	1	68
1835	0	36	17	17	1	70
1836	0	36	18	18	1	72
1837	0	36	19	19	1	74
1838	0	36	20	20	1	76
1839	0	36	21	21	1	78
1840	0	36	22	22	1	80
1841	0	36	23	23	1	82
1842	0	36	24	24	1	84
1843	0	36	25	25	1	86
1844	0	36	26	26	1	88
1845	0	36	27	27	1	90
1846	0	36	28	28	1	92
1847	0	36	29	29	1	94
1848	0	36	30	30	1	96
1849	0	36	31	31	1	98
1850	0	37	0	0	1	37
1851	0	37	1	1	1	39
1852	0	37	2	2	1	41
1853	0	37	3	3	1	43
1854	0	37	4	4	1	45
1855	0	37	5	5	1	47
1856	0	37	6	6	1	49
1857	0	37	7	7	1	51
1858	0	37	8	8	1	53
1859	0	37	9	9	1	55
1860	0	37	10	10	1	57
1861	0	37	11	11	1	59
1862	0	37	12	12	1	61
1863	0	37	13	13	1	63
1864	0	37	14	14	1	65
1865	0	37	15	15	1	67
1866	0	37	16	16	1	69
1867	0	37	17	17	1	71
1868	0	37	18	18	1	73
1869	0	37	19	19	1	75
1870	0	37	20	20	1	77
1871	0	37	21	21	1	79
1872	0	37	22	22	1	81
1873	0	37	23	23	1	83
1874	0	37	24	24	1	85
1875	0	37	25	25	1	87
1876	0	37	26	26	1	89
1877	0	37	27	27	1	91
1878	0	37	28	28	1	93
1879	0	37	29	29	1	95
1880	0	37	30	30	1	97
1881	0	38	0	0	1	38
1882	0	38	1	1	1	40
1883	0	38	2	2	1	42
1884	0	38	3	3	1	44
1885	0	38	4	4	1	46
1886	0	38	5	5	1	48
1887	0	38	6	6	1	50
1888	0	38	7	7	1	52
1889	0	38	8	8	1	54
1890	0	38	9	9	1	56
1891	0	38	10	10	1	58
1892	0	38	11	11	1	60
1893	0	38	12	12	1	62
1894	0	38	13	13	1	64
1895	0	38	14	14	1	66
1896	0	38	15	15	1	68
1897	0	38	16	16	1	70
1898	0	38	17	17	1	72
1899	0	38	18	18	1	74
1900	0	38	19	19	1	76
1901	0	38	20	20	1	78
1902	0	38	21	21	1	80
1903	0	38	22	22	1	82
1904	0	38	23	23	1	84
1905	0	38	24	24	1	86
1906	0	38	25	25	1	88
1907	0	38	26	26	1	90
1908	0	38	27	27	1	92
1909	0	38	28	28	1	94
1910	0	38	29	29	1	96
1911	0	39	0	0	1	39
1912	0	39	1	1	1	41
1913	0	39	2	2	1	43
1914	0	39	3	3	1	45
1915	0	39	4	4	1	47
1916	0	39	5	5	1	49
1917	0	39	6	6	1	51
1918	0	39	7	7	1	53
1919	0	39	8	8	1	55
1920	0	39	9	9	1	57
1921	0	39	10	10	1	59
1922	0	39	11	11	1	61
1923	0	39	12	12	1	63
1924	0	39	13	13	1	65
1925	0	39	14	14	1	67
1926	0	39	15	15	1	69
1927	0	39	16	16	1	71
1928	0	39	17	17	1	73
1929	0	39	18	18	1	75
1930	0	39	19	19	1	77
1931	0	39	20	20	1	79
1932	0	39	21	21	1	81
1933	0	39	22	22	1	83
1934	0	39	23	23	1	85
1935	0	39	24	24	1	87
1936	0	39	25	25	1	89
1937	0	39	26	26	1	91
1938	0	39	27	27	1	93
1939	0	39	28	28	1	95
1940	0	40	0	0	1	40
1941	0	40	1	1	1	42
1942	0	40	2	2	1	44
1943	0	40	3	3	1	46
1944	0	40	4	4	1	48
1945	0	40	5	5	1	50
1946	0	40	6	6	1	52
1947	0	40	7	7	1	54
1948	0	40	8	8	1	56
1949	0	40	9	9	1	58
1950	0	40	10	10	1	60
1951	0	40	11	11	1	62
1952	0	40	12	12	1	64
1953	0	40	13	13	1	66
1954	0	40	14	14	1	68
1955	0	40	15	15	1	70
1956	0	40	16	16	1	72
1957	0	40	17	17	1	74
1958	0	40	18	18	1	76
1959	0	40	19	19	1	78
1960	0	40	20	20	1	80
1961	0	40	21	21	1	82
1962	0	40	22	22	1	84
1963	0	40	23	23	1	86
1964	0	40	24	24	1	88
1965	0	40	25	25	1	90
1966	0	40	26	26	1	92
1967	0	40	27	27	1	94
1968	0	41	0	0	1	41
1969	0	41	1	1	1	43
1970	0	41	2	2	1	45
1971	0	41	3	3	1	47
1972	0	41	4	4	1	49
1973	0	41	5	5	1	51
1974	0	41	6	6	1	53
1975	0	41	7	7	1	55
1976	0	41	8	8	1	57
1977	0	41	9	9	1	59
1978	0	41	10	10	1	61
1979	0	41	11	11	1	63
1980	0	41	12	12	1	65
1981	0	41	13	13	1	67
1982	0	41	14	14	1	69
1983	0	41	15	15	1	71
1984	0	41	16	16	1	73
1985	0	41	17	17	1	75
1986	0	41	18	18	1	77
1987	0	41	19	19	1	79
1988	0	41	20	20	1	81
1989	0	41	21	21	1	83
1990	0	41	22	22	1	85
1991	0	41	23	23	1	87
1992	0	41	24	24	1	89
1993	0	41	25	25	1	91
1994	0	41	26	26	1	93
1995	0	42	0	0	1	42
1996	0	42	1	1	1	44
1997	0	42	2	2	1	46
1998	0	42	3	3	1	48
1999	0	42	4	4	1	50
2000	0	42	5	5	1	52
2001	0	42	6	6	1	54
2002	0	42	7	7	1	56
2003	0	42	8	8	1	58
2004	0	42	9	9	1	60
2005	0	42	10	10	1	62
2006	0	42	11	11	1	64
2007	0	42	12	12	1	66
2008	0	42	13	13	1	68
2009	0	42	14	14	1	70
2010	0	42	15	15	1	72
2011	0	42	16	16	1	74
2012	0	42	17	17	1	76
2013	0	42	18	18	1	78
2014	0	42	19	19	1	80
2015	0	42	20	20	1	82
2016	0	42	21	21	1	84
2017	0	42	22	22	1	86
2018	0	42	23	23	1	88
2019	0	42	24	24	1	90
2020	0	42	25	25	1	92
2021	0	43	0	0	1	43
2022	0	43	1	1	1	45
2023	0	43	2	2	1	47
2024	0	43	3	3	1	49
2025	0	43	4	4	1	51
2026	0	43	5	5	1	53
2027	0	43	6	6	1	55
2028	0	43	7	7	1	57
2029	0	43	8	8	1	59
2030	0	43	9	9	1	61
2031	0	43	10	10	1	63
2032	0	43	11	11	1	65
2033	0	43	12	12	1	67
2034	0	43	13	13	1	69
2035	0	43	14	14	1	71
2036	0	43	15	15	1	73
2037	0	43	16	16	1	75
2038	0	43	17	17	1	77
2039	0	43	18	18	1	79
2040	0	43	19	19	1	81
2041	0	43	20	20	1	83
2042	0	43	21	21	1	85
2043	0	43	22	22	1	87
2044	0	43	23	23	1	89
2045	0	43	24	24	1	91
2046	0	44	0	0	1	44
2047	0	44	1	1	1	46
2048	0	44	2	2	1	48
2049	0	44	3	3	1	50
2050	0	44	4	4	1	52
2051	0	44	5	5	1	54
2052	0	44	6	6	1	56
2053	0	44	7	7	1	58
2054	0	44	8	8	1	60
2055	0	44	9	9	1	62
2056	0	44	10	10	1	64
2057	0	44	11	11	1	66
2058	0	44	12	12	1	68
2059	0	44	13	13	1	70
2060	0	44	14	14	1	72
2061	0	44	15	15	1	74
2062	0	44	16	16	1	76
2063	0	44	17	17	1	78
2064	0	44	18	18	1	80
2065	0	44	19	19	1	82
2066	0	44	20	20	1	84
2067	0	44	21	21	1	86
2068	0	44	22	22	1	88
2069	0	44	23	23	1	90
2070	0	45	0	0	1	45
2071	0	45	1	1	1	47
2072	0	45	2	2	1	49
2073	0	45	3	3	1	51
2074	0	45	4	4	1	53
2075	0	45	5	5	1	55
2076	0	45	6	6	1	57
2077	0	45	7	7	1	59
2078	0	45	8	8	1	61
2079	0	45	9	9	1	63
2080	0	45	10	10	1	65
2081	0	45	11	11	1	67
2082	0	45	12	12	1	69
2083	0	45	13	13	1	71
2084	0	45	14	14	1	73
2085	0	45	15	15	1	75
2086	0	45	16	16	1	77
2087	0	45	17	17	1	79
2088	0	45	18	18	1	81
2089	0	45	19	19	1	83
2090	0	45	20	20	1	85
2091	0	45	21	21	1	87
2092	0	45	22	22	1	89
2093	0	46	0	0	1	46
2094	0	46	1	1	1	48
2095	0	46	2	2	1	50
2096	0	46	3	3	1	52
2097	0	46	4	4	1	54
2098	0	46	5	5	1	56
2099	0	46	6	6	1	58
2100	0	46	7	7	1	60
2101	0	46	8	8	1	62
2102	0	46	9	9	1	64
2103	0	46	10	10	1	66
2104	0	46	11	11	1	68
2105	0	46	12	12	1	70
2106	0	46	13	13	1	72
2107	0	46	14	14	1	74
2108	0	46	15	15	1	76
2109	0	46	16	16	1	78
2110	0	46	17	17	1	80
2111	0	46	18	18	1	82
2112	0	46	19	19	1	84
2113	0	46	20	20	1	86
2114	0	46	21	21	1	88
2115	0	47	0	0	1	47
2116	0	47	1	1	1	49
2117	0	47	2	2	1	51
2118	0	47	3	3	1	53
2119	0	47	4	4	1	55
2120	0	47	5	5	1	57
2121	0	47	6	6	1	59
2122	0	47	7	7	1	61
2123	0	47	8	8	1	63
2124	0	47	9	9	1	65
2125	0	47	10	10	1	67
2126	0	47	11	11	1	69
2127	0	47	12	12	1	71
2128	0	47	13	13	1	73
2129	0	47	14	14	1	75
2130	0	47	15	15	1	77
2131	0	47	16	16	1	79
2132	0	47	17	17	1	81
2133	0	47	18	18	1	83
2134	0	47	19	19	1	85
2135	0	47	20	20	1	87
2136	0	48	0	0	1	48
2137	0	48	1	1	1	50
2138	0	48	2	2	1	52
2139	0	48	3	3	1	54
2140	0	48	4	4	1	56
2141	0	48	5	5	1	58
2142	0	48	6	6	1	60
2143	0	48	7	7	1	62
2144	0	48	8	8	1	64
2145	0	48	9	9	1	66
2146	0	48	10	10	1	68
2147	0	48	11	11	1	70
2148	0	48	12	12	1	72
2149	0	48	13	13	1	74
2150	0	48	14	14	1	76
2151	0	48	15	15	1	78
2152	0	48	16	16	1	80
2153	0	48	17	17	1	82
2154	0	48	18	18	1	84
2155	0	48	19	19	1	86
2156	0	49	0	0	1	49
2157	0	49	1	1	1	51
2158	0	49	2	2	1	53
2159	0	49	3	3	1	55
2160	0	49	4	4	1	57
2161	0	49	5	5	1	59
2162	0	49	6	6	1	61
2163	0	49	7	7	1	63
2164	0	49	8	8	1	65
2165	0	49	9	9	1	67
2166	0	49	10	10	1	69
2167	0	49	11	11	1	71
2168	0	49	12	12	1	73
2169	0	49	13	13	1	75
2170	0	49	14	14	1	77
2171	0	49	15	15	1	79
2172	0	49	16	16	1	81
2173	0	49	17	17	1	83
2174	0	49	18	18	1	85
2175	0	50	0	0	1	50
2176	0	50	1	1	1	52
2177	0	50	2	2	1	54
2178	0	50	3	3	1	56
2179	0	50	4	4	1	58
2180	0	50	5	5	1	60
2181	0	50	6	6	1	62
2182	0	50	7	7	1	64
2183	0	50	8	8	1	66
2184	0	50	9	9	1	68
2185	0	50	10	10	1	70
2186	0	50	11	11	1	72
2187	0	50	12	12	1	74
2188	0	50	13	13	1	76
2189	0	50	14	14	1	78
2190	0	50	15	15	1	80
2191	0	50	16	16	1	82
2192	0	50	17	17	1	84
2193	0	51	0	0	1	51
2194	0	51	1	1	1	53
2195	0	51	2	2	1	55
2196	0	51	3	3	1	57
2197	0	51	4	4	1	59
2198	0	51	5	5	1	61
2199	0	51	6	6	1	63
2200	0	51	7	7	1	65
2201	0	51	8	8	1	67
2202	0	51	9	9	1	69
2203	0	51	10	10	1	71
2204	0	51	11	11	1	73
2205	0	51	12	12	1	75
2206	0	51	13	13	1	77
2207	0	51	14	14	1	79
2208	0	51	15	15	1	81
2209	0	51	16	16	1	83
2210	0	52	0	0	1	52
2211	0	52	1	1	1	54
2212	0	52	2	2	1	56
2213	0	52	3	3	1	58
2214	0	52	4	4	1	60
2215	0	52	5	5	1	62
2216	0	52	6	6	1	64
2217	0	52	7	7	1	66
2218	0	52	8	8	1	68
2219	0	52	9	9	1	70
2220	0	52	10	10	1	72
2221	0	52	11	11	1	74
2222	0	52	12	12	1	76
2223	0	52	13	13	1	78
2224	0	52	14	14	1	80
2225	0	52	15	15	1	82
2226	0	53	0	0	1	53
2227	0	53	1	1	1	55
2228	0	53	2	2	1	57
2229	0	53	3	3	1	59
2230	0	53	4	4	1	61
2231	0	53	5	5	1	63
2232	0	53	6	6	1	65
2233	0	53	7	7	1	67
2234	0	53	8	8	1	69
2235	0	53	9	9	1	71
2236	0	53	10	10	1	73
2237	0	53	11	11	1	75
2238	0	53	12	12	1	77
2239	0	53	13	13	1	79
2240	0	53	14	14	1	81
2241	0	54	0	0	1	54
2242	0	54	1	1	1	56
2243	0	54	2	2	1	58
2244	0	54	3	3	1	60
2245	0	54	4	4	1	62
2246	0	54	5	5	1	64
2247	0	54	6	6	1	66
2248	0	54	7	7	1	68
2249	0	54	8	8	1	70
2250	0	54	9	9	1	72
2251	0	54	10	10	1	74
2252	0	54	11	11	1	76
2253	0	54	12	12	1	78
2254	0	54	13	13	1	80
2255	0	55	0	0	1	55
2256	0	55	1	1	1	57
2257	0	55	2	2	1	59
2258	0	55	3	3	1	61
2259	0	55	4	4	1	63
2260	0	55	5	5	1	65
2261	0	55	6	6	1	67
2262	0	55	7	7	1	69
2263	0	55	8	8	1	71
2264	0	55	9	9	1	73
2265	0	55	10	10	1	75
2266	0	55	11	11	1	77
2267	0	55	12	12	1	79
2268	0	56	0	0	1	56
2269	0	56	1	1	1	58
2270	0	56	2	2	1	60
2271	0	56	3	3	1	62
2272	0	56	4	4	1	64
2273	0	56	5	5	1	66
2274	0	56	6	6	1	68
2275	0	56	7	7	1	70
2276	0	56	8	8	1	72
2277	0	56	9	9	1	74
2278	0	56	10	10	1	76
2279	0	56	11	11	1	78
2280	0	57	0	0	1	57
2281	0	57	1	1	1	59
2282	0	57	2	2	1	61
2283	0	57	3	3	1	63
2284	0	57	4	4	1	65
2285	0	57	5	5	1	67
2286	0	57	6	6	1	69
2287	0	57	7	7	1	71
2288	0	57	8	8	1	73
2289	0	57	9	9	1	75
2290	0	57	10	10	1	77
2291	0	58	0	0	1	58
2292	0	58	1	1	1	60
2293	0	58	2	2	1	62
2294	0	58	3	3	1	64
2295	0	58	4	4	1	66
2296	0	58	5	5	1	68
2297	0	58	6	6	1	70
2298	0	58	7	7	1	72
2299	0	58	8	8	1	74
2300	0	58	9	9	1	76
2301	0	59	0	0	1	59
2302	0	59	1	1	1	61
2303	0	59	2	2	1	63
2304	0	59	3	3	1	65
2305	0	59	4	4	1	67
2306	0	59	5	5	1	69
2307	0	59	6	6	1	71
2308	0	59	7	7	1	73
2309	0	59	8	8	1	75
2310	0	60	0	0	1	60
2311	0	60	1	1	1	62
2312	0	60	2	2	1	64
2313	0	60	3	3	1	66
2314	0	60	4	4	1	68
2315	0	60	5	5	1	70
2316	0	60	6	6	1	72
2317	0	60	7	7	1	74
2318	0	61	0	0	1	61
2319	0	61	1	1	1	63
2320	0	61	2	2	1	65
2321	0	61	3	3	1	67
2322	0	61	4	4	1	69
2323	0	61	5	5	1	71
2324	0	61	6	6	1	73
2325	0	62	0	0	1	62
2326	0	62	1	1	1	64
2327	0	62	2	2	1	66
2328	0	62	3	3	1	68
2329	0	62	4	4	1	70
2330	0	62	5	5	1	72
2331	0	63	0	0	1	63
2332	0	63	1	1	1	65
2333	0	63	2	2	1	67
2334	0	63	3	3	1	69
2335	0	63	4	4	1	71
2336	0	64	0	0	1	64
2337	0	64	1	1	1	66
2338	0	64	2	2	1	68
2339	0	64	3	3	1	70
2340	0	65	0	0	1	65
2341	0	65	1	1	1	67
2342	0	65	2	2	1	69
2343	0	66	0	0	1	66
2344	0	66	1	1	1	68
2345	0	67	0	0	1	67
2346	1	0	0	68	16	136
2347	1	0	1	69	16	138
2348	1	0	2	70	16	140
2349	1	0	3	71	16	142
2350	1	0	4	72	16	144
2351	1	0	5	73	16	146
2352	1	0	6	74	16	148
2353	1	0	7	75	16	150
2354	1	0	8	76	16	152
2355	1	0	9	77	16	154
2356	1	0	10	78	16	156
2357	1	0	11	79	16	158
2358	1	0	12	80	16	160
2359	1	0	13	81	16	162
2360	1	0	14	82	16	164
2361	1	0	15	83	16	166
2362	1	0	16	84	16	168
2363	1	0	17	85	16	170
2364	1	0	18	86	16	172
2365	1	0	19	87	16	174
2366	1	0	20	88	16	176
2367	1	0	21	89	16	178
2368	1	0	22	90	16	180
2369	1	0	23	91	16	182
2370	1	0	24	92	16	184
2371	1	0	25	93	16	186
2372	1	0	26	94	16	188
2373	1	0	27	95	16	190
2374	1	0	28	96	16	192
2375	1	0	29	97	16	194
2376	1	0	30	98	16	196
2377	1	0	31	99	16	198
2378	1	0	32	100	16	200
2379	1	0	33	101	16	202
2380	1	0	34	102	16	204
2381	1	0	35	103	16	206
2382	1	0	36	104	16	208
2383	1	0	37	105	16	210
2384	1	0	38	106	16	212
2385	1	0	39	107	16	214
2386	1	0	40	108	16	216
2387	1	0	41	109	16	218
2388	1	0	42	110	16	220
2389	1	0	43	111	16	222
2390	1	0	44	112	16	224
2391	1	0	45	113	16	226
2392	1	0	46	114	16	228
2393	1	0	47	115	16	230
2394	1	0	48	116	16	232
2395	1	0	49	117	16	234
2396	1	0	50	118	16	236
2397	1	0	51	119	16	238
2398	1	0	52	120	16	240
2399	1	0	53	121	16	242
2400	1	0	54	122	16	244
2401	1	0	55	123	16	246
2402	1	0	56	124	16	248
2403	1	0	57	125	16	250
2404	1	0	58	126	16	252
2405	1	0	59	127	16	254
2406	1	0	60	128	16	256
2407	1	0	61	129	16	258
2408	1	0	62	130	16	260
2409	1	0	63	131	16	262
2410	1	0	64	132	16	264
2411	1	1	0	67	8	135
2412	1	1	1	68	8	137
2413	1	1	2	69	8	139
2414	1	1	3	70	8	141
2415	1	1	4	71	8	143
2416	1	1	5	72	8	145
2417	1	1	6	73	8	147
2418	1	1	7	74	8	149
2419	1	1	8	75	8	151
2420	1	1	9	76	8	153
2421	1	1	10	77	8	155
2422	1	1	11	78	8	157
2423	1	1	12	79	8	159
2424	1	1	13	80	8	161
2425	1	1	14	81	8	163
2426	1	1	15	82	8	165
2427	1	1	16	83	8	167
2428	1	1	17	84	8	169
2429	1	1	18	85	8	171
2430	1	1	19	86	8	173
2431	1	1	20	87	8	175
2432	1	1	21	88	8	177
2433	1	1	22	89	8	179
2434	1	1	23	90	8	181
2435	1	1	24	91	8	183
2436	1	1	25	92	8	185
2437	1	1	26	93	8	187
2438	1	1	27	94	8	189
2439	1	1	28	95	8	191
2440	1	1	29	96	8	193
2441	1	1	30	97	8	195
2442	1	1	31	98	8	197
2443	1	1	32	99	8	199
2444	1	1	33	100	8	201
2445	1	1	34	101	8	203
2446	1	1	35	102	8	205
2447	1	1	36	103	8	207
2448	1	1	37	104	8	209
2449	1	1	38	105	8	211
2450	1	1	39	106	8	213
2451	1	1	40	107	8	215
2452	1	1	41	108	8	217
2453	1	1	42	109	8	219
2454	1	1	43	110	8	221
2455	1	1	44	111	8	223
2456	1	1	45	112	8	225
2457	1	1	46	113	8	227
2458	1	1	47	114	8	229
2459	1	1	48	115	8	231
2460	1	1	49	116	8	233
2461	1	1	50	117	8	235
2462	1	1	51	118	8	237
2463	1	1	52	119	8	239
2464	1	1	53	120	8	241
2465	1	1	54	121	8	243
2466	1	1	55	122	8	245
2467	1	1	56	123	8	247
2468	1	1	57	124	8	249
2469	1	1	58	125	8	251
2470	1	1	59	126	8	253
2471	1	1	60	127	8	255
2472	1	1	61	128	8	257
2473	1	1	62	129	8	259
2474	1	1	63	130	8	261
2475	1	2	0	66	4	134
2476	1	2	1	67	4	136
2477	1	2	2	68	4	138
2478	1	2	3	69	4	140
2479	1	2	4	70	4	142
2480	1	2	5	71	4	144
2481	1	2	6	72	4	146
2482	1	2	7	73	4	148
2483	1	2	8	74	4	150
2484	1	2	9	75	4	152
2485	1	2	10	76	4	154
2486	1	2	11	77	4	156
2487	1	2	12	78	4	158
2488	1	2	13	79	4	160
2489	1	2	14	80	4	162
2490	1	2	15	81	4	164
2491	1	2	16	82	4	166
2492	1	2	17	83	4	168
2493	1	2	18	84	4	170
2494	1	2	19	85	4	172
2495	1	2	20	86	4	174
2496	1	2	21	87	4	176
2497	1	2	22	88	4	178
2498	1	2	23	89	4	180
2499	1	2	24	90	4	182
2500	1	2	25	91	4	184
2501	1	2	26	92	4	186
2502	1	2	27	93	4	188
2503	1	2	28	94	4	190
2504	1	2	29	95	4	192
2505	1	2	30	96	4	194
2506	1	2	31	97	4	196
2507	1	2	32	98	4	198
2508	1	2	33	99	4	200
2509	1	2	34	100	4	202
2510	1	2	35	101	4	204
2511	1	2	36	102	4	206
2512	1	2	37	103	4	208
2513	1	2	38	104	4	210
2514	1	2	39	105	4	212
2515	1	2	40	106	4	214
2516	1	2	41	107	4	216
2517	1	2	42	108	4	218
2518	1	2	43	109	4	220
2519	1	2	44	110	4	222
2520	1	2	45	111	4	224
2521	1	2	46	112	4	226
2522	1	2	47	113	4	228
2523	1	2	48	114	4	230
2524	1	2	49	115	4	232
2525	1	2	50	116	4	234
2526	1	2	51	117	4	236
2527	1	2	52	118	4	238
2528	1	2	53	119	4	240
2529	1	2	54	120	4	242
2530	1	2	55	121	4	244
2531	1	2	56	122	4	246
2532	1	2	57	123	4	248
2533	1	2	58	124	4	250
2534	1	2	59	125	4	252
2535	1	2	60	126	4	254
2536	1	2	61	127	4	256
2537	1	2	62	128	4	258
2538	1	3	0	65	2	133
2539	1	3	1	66	2	135
2540	1	3	2	67	2	137
2541	1	3	3	68	2	139
2542	1	3	4	69	2	141
2543	1	3	5	70	2	143
2544	1	3	6	71	2	145
2545	1	3	7	72	2	147
2546	1	3	8	73	2	149
2547	1	3	9	74	2	151
2548	1	3	10	75	2	153
2549	1	3	11	76	2	155
2550	1	3	12	77	2	157
2551	1	3	13	78	2	159
2552	1	3	14	79	2	161
2553	1	3	15	80	2	163
2554	1	3	16	81	2	165
2555	1	3	17	82	2	167
2556	1	3	18	83	2	169
2557	1	3	19	84	2	171
2558	1	3	20	85	2	173
2559	1	3	21	86	2	175
2560	1	3	22	87	2	177
2561	1	3	23	88	2	179
2562	1	3	24	89	2	181
2563	1	3	25	90	2	183
2564	1	3	26	91	2	185
2565	1	3	27	92	2	187
2566	1	3	28	93	2	189
2567	1	3	29	94	2	191
2568	1	3	30	95	2	193
2569	1	3	31	96	2	195
2570	1	3	32	97	2	197
2571	1	3	33	98	2	199
2572	1	3	34	99	2	201
2573	1	3	35	100	2	203
2574	1	3	36	101	2	205
2575	1	3	37	102	2	207
2576	1	3	38	103	2	209
2577	1	3	39	104	2	211
2578	1	3	40	105	2	213
2579	1	3	41	106	2	215
2580	1	3	42	107	2	217
2581	1	3	43	108	2	219
2582	1	3	44	109	2	221
2583	1	3	45	110	2	223
2584	1	3	46	111	2	225
2585	1	3	47	112	2	227
2586	1	3	48	113	2	229
2587	1	3	49	114	2	231
2588	1	3	50	115	2	233
2589	1	3	51	116	2	235
2590	1	3	52	117	2	237
2591	1	3	53	118	2	239
2592	1	3	54	119	2	241
2593	1	3	55	120	2	243
2594	1	3	56	121	2	245
2595	1	3	57	122	2	247
2596	1	3	58	123	2	249
2597	1	3	59	124	2	251
2598	1	3	60	125	2	253
2599	1	3	61	126	2	255
2600	1	4	0	64	1	132
2601	1	4	1	65	1	134
2602	1	4	2	66	1	136
2603	1	4	3	67	1	138
2604	1	4	4	68	1	140
2605	1	4	5	69	1	142
2606	1	4	6	70	1	144
2607	1	4	7	71	1	146
2608	1	4	8	72	1	148
2609	1	4	9	73	1	150
2610	1	4	10	74	1	152
2611	1	4	11	75	1	154
2612	1	4	12	76	1	156
2613	1	4	13	77	1	158
2614	1	4	14	78	1	160
2615	1	4	15	79	1	162
2616	1	4	16	80	1	164
2617	1	4	17	81	1	166
2618	1	4	18	82	1	168
2619	1	4	19	83	1	170
2620	1	4	20	84	1	172
2621	1	4	21	85	1	174
2622	1	4	22	86	1	176
2623	1	4	23	87	1	178
2624	1	4	24	88	1	180
2625	1	4	25	89	1	182
2626	1	4	26	90	1	184
2627	1	4	27	91	1	186
2628	1	4	28	92	1	188
2629	1	4	29	93	1	190
2630	1	4	30	94	1	192
2631	1	4	31	95	1	194
2632	1	4	32	96	1	196
2633	1	4	33	97	1	198
2634	1	4	34	98	1	200
2635	1	4	35	99	1	202
2636	1	4	36	100	1	204
2637	1	4	37	101	1	206
2638	1	4	38	102	1	208
2639	1	4	39	103	1	210
2640	1	4	40	104	1	212
2641	1	4	41	105	1	214
2642	1	4	42	106	1	216
2643	1	4	43	107	1	218
2644	1	4	44	108	1	220
2645	1	4	45	109	1	222
2646	1	4	46	110	1	224
2647	1	4	47	111	1	226
2648	1	4	48	112	1	228
2649	1	4	49	113	1	230
2650	1	4	50	114	1	232
2651	1	4	51	115	1	234
2652	1	4	52	116	1	236
2653	1	4	53	117	1	238
2654	1	4	54	118	1	240
2655	1	4	55	119	1	242
2656	1	4	56	120	1	244
2657	1	4	57	121	1	246
2658	1	4	58	122	1	248
2659	1	4	59	123	1	250
2660	1	4	60	124	1	252
2661	1	5	0	63	129	131
2662	1	5	1	64	129	133
2663	1	5	2	65	129	135
2664	1	5	3	66	129	137
2665	1	5	4	67	129	139
2666	1	5	5	68	129	141
2667	1	5	6	69	129	143
2668	1	5	7	70	129	145
2669	1	5	8	71	129	147
2670	1	5	9	72	129	149
2671	1	5	10	73	129	151
2672	1	5	11	74	129	153
2673	1	5	12	75	129	155
2674	1	5	13	76	129	157
2675	1	5	14	77	129	159
2676	1	5	15	78	129	161
2677	1	5	16	79	129	163
2678	1	5	17	80	129	165
2679	1	5	18	81	129	167
2680	1	5	19	82	129	169
2681	1	5	20	83	129	171
2682	1	5	21	84	129	173
2683	1	5	22	85	129	175
2684	1	5	23	86	129	177
2685	1	5	24	87	129	179
2686	1	5	25	88	129	181
2687	1	5	26	89	129	183
2688	1	5	27	90	129	185
2689	1	5	28	91	129	187
2690	1	5	29	92	129	189
2691	1	5	30	93	129	191
2692	1	5	31	94	129	193
2693	1	5	32	95	129	195
2694	1	5	33	96	129	197
2695	1	5	34	97	129	199
2696	1	5	35	98	129	201
2697	1	5	36	99	129	203
2698	1	5	37	100	129	205
2699	1	5	38	101	129	207
2700	1	5	39	102	129	209
2701	1	5	40	103	129	211
2702	1	5	41	104	129	213
2703	1	5	42	105	129	215
2704	1	5	43	106	129	217
2705	1	5	44	107	129	219
2706	1	5	45	108	129	221
2707	1	5	46	109	129	223
2708	1	5	47	110	129	225
2709	1	5	48	111	129	227
2710	1	5	49	112	129	229
2711	1	5	50	113	129	231
2712	1	5	51	114	129	233
2713	1	5	52	115	129	235
2714	1	5	53	116	129	237
2715	1	5	54	117	129	239
2716	1	5	55	118	129	241
2717	1	5	56	119	129	243
2718	1	5	57	120	129	245
2719	1	5	58	121	129	247
2720	1	5	59	122	129	249
2721	1	6	0	62	193	130
2722	1	6	1	63	193	132
2723	1	6	2	64	193	134
2724	1	6	3	65	193	136
2725	1	6	4	66	193	138
2726	1	6	5	67	193	140
2727	1	6	6	68	193	142
2728	1	6	7	69	193	144
2729	1	6	8	70	193	146
2730	1	6	9	71	193	148
2731	1	6	10	72	193	150
2732	1	6	11	73	193	152
2733	1	6	12	74	193	154
2734	1	6	13	75	193	156
2735	1	6	14	76	193	158
2736	1	6	15	77	193	160
2737	1	6	16	78	193	162
2738	1	6	17	79	193	164
2739	1	6	18	80	193	166
2740	1	6	19	81	193	168
2741	1	6	20	82	193	170
2742	1	6	21	83	193	172
2743	1	6	22	84	193	174
2744	1	6	23	85	193	176
2745	1	6	24	86	193	178
2746	1	6	25	87	193	180
2747	1	6	26	88	193	182
2748	1	6	27	89	193	184
2749	1	6	28	90	193	186
2750	1	6	29	91	193	188
2751	1	6	30	92	193	190
2752	1	6	31	93	193	192
2753	1	6	32	94	193	194
2754	1	6	33	95	193	196
2755	1	6	34	96	193	198
2756	1	6	35	97	193	200
2757	1	6	36	98	193	202
2758	1	6	37	99	193	204
2759	1	6	38	100	193	206
2760	1	6	39	101	193	208
2761	1	6	40	102	193	210
2762	1	6	41	103	193	212
2763	1	6	42	104	193	214
2764	1	6	43	105	193	216
2765	1	6	44	106	193	218
2766	1	6	45	107	193	220
2767	1	6	46	108	193	222
2768	1	6	47	109	193	224
2769	1	6	48	110	193	226
2770	1	6	49	111	193	228
2771	1	6	50	112	193	230
2772	1	6	51	113	193	232
2773	1	6	52	114	193	234
2774	1	6	53	115	193	236
2775	1	6	54	116	193	238
2776	1	6	55	117	193	240
2777	1	6	56	118	193	242
2778	1	6	57	119	193	244
2779	1	6	58	120	193	246
2780	1	7	0	61	225	129
2781	1	7	1	62	225	131
2782	1	7	2	63	225	133
2783	1	7	3	64	225	135
2784	1	7	4	65	225	137
2785	1	7	5	66	225	139
2786	1	7	6	67	225	141
2787	1	7	7	68	225	143
2788	1	7	8	69	225	145
2789	1	7	9	70	225	147
2790	1	7	10	71	225	149
2791	1	7	11	72	225	151
2792	1	7	12	73	225	153
2793	1	7	13	74	225	155
2794	1	7	14	75	225	157
2795	1	7	15	76	225	159
2796	1	7	16	77	225	161
2797	1	7	17	78	225	163
2798	1	7	18	79	225	165
2799	1	7	19	80	225	167
2800	1	7	20	81	225	169
2801	1	7	21	82	225	171
2802	1	7	22	83	225	173
2803	1	7	23	84	225	175
2804	1	7	24	85	225	177
2805	1	7	25	86	225	179
2806	1	7	26	87	225	181
2807	1	7	27	88	225	183
2808	1	7	28	89	225	185
2809	1	7	29	90	225	187
2810	1	7	30	91	225	189
2811	1	7	31	92	225	191
2812	1	7	32	93	225	193
2813	1	7	33	94	225	195
2814	1	7	34	95	225	197
2815	1	7	35	96	225	199
2816	1	7	36	97	225	201
2817	1	7	37	98	225	203
2818	1	7	38	99	225	205
2819	1	7	39	100	225	207
2820	1	7	40	101	225	209
2821	1	7	41	102	225	211
2822	1	7	42	103	225	213
2823	1	7	43	104	225	215
2824	1	7	44	105	225	217
2825	1	7	45	106	225	219
2826	1	7	46	107	225	221
2827	1	7	47	108	225	223
2828	1	7	48	109	225	225
2829	1	7	49	110	225	227
2830	1	7	50	111	225	229
2831	1	7	51	112	225	231
2832	1	7	52	113	225	233
2833	1	7	53	114	225	235
2834	1	7	54	115	225	237
2835	1	7	55	116	225	239
2836	1	7	56	117	225	241
2837	1	7	57	118	225	243
2838	1	8	0	60	241	128
2839	1	8	1	61	241	130
2840	1	8	2	62	241	132
2841	1	8	3	63	241	134
2842	1	8	4	64	241	136
2843	1	8	5	65	241	138
2844	1	8	6	66	241	140
2845	1	8	7	67	241	142
2846	1	8	8	68	241	144
2847	1	8	9	69	241	146
2848	1	8	10	70	241	148
2849	1	8	11	71	241	150
2850	1	8	12	72	241	152
2851	1	8	13	73	241	154
2852	1	8	14	74	241	156
2853	1	8	15	75	241	158
2854	1	8	16	76	241	160
2855	1	8	17	77	241	162
2856	1	8	18	78	241	164
2857	1	8	19	79	241	166
2858	1	8	20	80	241	168
2859	1	8	21	81	241	170
2860	1	8	22	82	241	172
2861	1	8	23	83	241	174
2862	1	8	24	84	241	176
2863	1	8	25	85	241	178
2864	1	8	26	86	241	180
2865	1	8	27	87	241	182
2866	1	8	28	88	241	184
2867	1	8	29	89	241	186
2868	1	8	30	90	241	188
2869	1	8	31	91	241	190
2870	1	8	32	92	241	192
2871	1	8	33	93	241	194
2872	1	8	34	94	241	196
2873	1	8	35	95	241	198
2874	1	8	36	96	241	200
2875	1	8	37	97	241	202
2876	1	8	38	98	241	204
2877	1	8	39	99	241	206
2878	1	8	40	100	241	208
2879	1	8	41	101	241	210
2880	1	8	42	102	241	212
2881	1	8	43	103	241	214
2882	1	8	44	104	241	216
2883	1	8	45	105	241	218
2884	1	8	46	106	241	220
2885	1	8	47	107	241	222
2886	1	8	48	108	241	224
2887	1	8	49	109	241	226
2888	1	8	50	110	241	228
2889	1	8	51	111	241	230
2890	1	8	52	112	241	232
2891	1	8	53	113	241	234
2892	1	8	54	114	241	236
2893	1	8	55	115	241	238
2894	1	8	56	116	241	240
2895	1	9	0	59	249	127
2896	1	9	1	60	249	129
2897	1	9	2	61	249	131
2898	1	9	3	62	249	133
2899	1	9	4	63	249	135
2900	1	9	5	64	249	137
2901	1	9	6	65	249	139
2902	1	9	7	66	249	141
2903	1	9	8	67	249	143
2904	1	9	9	68	249	145
2905	1	9	10	69	249	147
2906	1	9	11	70	249	149
2907	1	9	12	71	249	151
2908	1	9	13	72	249	153
2909	1	9	14	73	249	155
2910	1	9	15	74	249	157
2911	1	9	16	75	249	159
2912	1	9	17	76	249	161
2913	1	9	18	77	249	163
2914	1	9	19	78	249	165
2915	1	9	20	79	249	167
2916	1	9	21	80	249	169
2917	1	9	22	81	249	171
2918	1	9	23	82	249	173
2919	1	9	24	83	249	175
2920	1	9	25	84	249	177
2921	1	9	26	85	249	179
2922	1	9	27	86	249	181
2923	1	9	28	87	249	183
2924	1	9	29	88	249	185
2925	1	9	30	89	249	187
2926	1	9	31	90	249	189
2927	1	9	32	91	249	191
2928	1	9	33	92	249	193
2929	1	9	34	93	249	195
2930	1	9	35	94	249	197
2931	1	9	36	95	249	199
2932	1	9	37	96	249	201
2933	1	9	38	97	249	203
2934	1	9	39	98	249	205
2935	1	9	40	99	249	207
2936	1	9	41	100	249	209
2937	1	9	42	101	249	211
2938	1	9	43	102	249	213
2939	1	9	44	103	249	215
2940	1	9	45	104	249	217
2941	1	9	46	105	249	219
2942	1	9	47	106	249	221
2943	1	9	48	107	249	223
2944	1	9	49	108	249	225
2945	1	9	50	109	249	227
2946	1	9	51	110	249	229
2947	1	9	52	111	249	231
2948	1	9	53	112	249	233
2949	1	9	54	113	249	235
2950	1	9	55	114	249	237
2951	1	10	0	58	253	126
2952	1	10	1	59	253	128
2953	1	10	2	60	253	130
2954	1	10	3	61	253	132
2955	1	10	4	62	253	134
2956	1	10	5	63	253	136
2957	1	10	6	64	253	138
2958	1	10	7	65	253	140
2959	1	10	8	66	253	142
2960	1	10	9	67	253	144
2961	1	10	10	68	253	146
2962	1	10	11	69	253	148
2963	1	10	12	70	253	150
2964	1	10	13	71	253	152
2965	1	10	14	72	253	154
2966	1	10	15	73	253	156
2967	1	10	16	74	253	158
2968	1	10	17	75	253	160
2969	1	10	18	76	253	162
2970	1	10	19	77	253	164
2971	1	10	20	78	253	166
2972	1	10	21	79	253	168
2973	1	10	22	80	253	170
2974	1	10	23	81	253	172
2975	1	10	24	82	253	174
2976	1	10	25	83	253	176
2977	1	10	26	84	253	178
2978	1	10	27	85	253	180
2979	1	10	28	86	253	182
2980	1	10	29	87	253	184
2981	1	10	30	88	253	186
2982	1	10	31	89	253	188
2983	1	10	32	90	253	190
2984	1	10	33	91	253	192
2985	1	10	34	92	253	194
2986	1	10	35	93	253	196
2987	1	10	36	94	253	198
2988	1	10	37	95	253	200
2989	1	10	38	96	253	202
2990	1	10	39	97	253	204
2991	1	10	40	98	253	206
2992	1	10	41	99	253	208
2993	1	10	42	100	253	210
2994	1	10	43	101	253	212
2995	1	10	44	102	253	214
2996	1	10	45	103	253	216
2997	1	10	46	104	253	218
2998	1	10	47	105	253	220
2999	1	10	48	106	253	222
3000	1	10	49	107	253	224
3001	1	10	50	108	253	226
3002	1	10	51	109	253	228
3003	1	10	52	110	253	230
3004	1	10	53	111	253	232
3005	1	10	54	112	253	234
3006	1	11	0	57	255	125
3007	1	11	1	58	255	127
3008	1	11	2	59	255	129
3009	1	11	3	60	255	131
3010	1	11	4	61	255	133
3011	1	11	5	62	255	135
3012	1	11	6	63	255	137
3013	1	11	7	64	255	139
3014	1	11	8	65	255	141
3015	1	11	9	66	255	143
3016	1	11	10	67	255	145
3017	1	11	11	68	255	147
3018	1	11	12	69	255	149
3019	1	11	13	70	255	151
3020	1	11	14	71	255	153
3021	1	11	15	72	255	155
3022	1	11	16	73	255	157
3023	1	11	17	74	255	159
3024	1	11	18	75	255	161
3025	1	11	19	76	255	163
3026	1	11	20	77	255	165
3027	1	11	21	78	255	167
3028	1	11	22	79	255	169
3029	1	11	23	80	255	171
3030	1	11	24	81	255	173
3031	1	11	25	82	255	175
3032	1	11	26	83	255	177
3033	1	11	27	84	255	179
3034	1	11	28	85	255	181
3035	1	11	29	86	255	183
3036	1	11	30	87	255	185
3037	1	11	31	88	255	187
3038	1	11	32	89	255	189
3039	1	11	33	90	255	191
3040	1	11	34	91	255	193
3041	1	11	35	92	255	195
3042	1	11	36	93	255	197
3043	1	11	37	94	255	199
3044	1	11	38	95	255	201
3045	1	11	39	96	255	203
3046	1	11	40	97	255	205
3047	1	11	41	98	255	207
3048	1	11	42	99	255	209
3049	1	11	43	100	255	211
3050	1	11	44	101	255	213
3051	1	11	45	102	255	215
3052	1	11	46	103	255	217
3053	1	11	47	104	255	219
3054	1	11	48	105	255	221
3055	1	11	49	106	255	223
3056	1	11	50	107	255	225
3057	1	11	51	108	255	227
3058	1	11	52	109	255	229
3059	1	11	53	110	255	231
3060	1	12	0	56	256	124
3061	1	12	1	57	256	126
3062	1	12	2	58	256	128
3063	1	12	3	59	256	130
3064	1	12	4	60	256	132
3065	1	12	5	61	256	134
3066	1	12	6	62	256	136
3067	1	12	7	63	256	138
3068	1	12	8	64	256	140
3069	1	12	9	65	256	142
3070	1	12	10	66	256	144
3071	1	12	11	67	256	146
3072	1	12	12	68	256	148
3073	1	12	13	69	256	150
3074	1	12	14	70	256	152
3075	1	12	15	71	256	154
3076	1	12	16	72	256	156
3077	1	12	17	73	256	158
3078	1	12	18	74	256	160
3079	1	12	19	75	256	162
3080	1	12	20	76	256	164
3081	1	12	21	77	256	166
3082	1	12	22	78	256	168
3083	1	12	23	79	256	170
3084	1	12	24	80	256	172
3085	1	12	25	81	256	174
3086	1	12	26	82	256	176
3087	1	12	27	83	256	178
3088	1	12	28	84	256	180
3089	1	12	29	85	256	182
3090	1	12	30	86	256	184
3091	1	12	31	87	256	186
3092	1	12	32	88	256	188
3093	1	12	33	89	256	190
3094	1	12	34	90	256	192
3095	1	12	35	91	256	194
3096	1	12	36	92	256	196
3097	1	12	37	93	256	198
3098	1	12	38	94	256	200
3099	1	12	39	95	256	202
3100	1	12	40	96	256	204
3101	1	12	41	97	256	206
3102	1	12	42	98	256	208
3103	1	12	43	99	256	210
3104	1	12	44	100	256	212
3105	1	12	45	101	256	214
3106	1	12	46	102	256	216
3107	1	12	47	103	256	218
3108	1	12	48	104	256	220
3109	1	12	49	105	256	222
3110	1	12	50	106	256	224
3111	1	12	51	107	256	226
3112	1	12	52	108	256	228
3113	1	13	0	55	128	123
3114	1	13	1	56	128	125
3115	1	13	2	57	128	127
3116	1	13	3	58	128	129
3117	1	13	4	59	128	131
3118	1	13	5	60	128	133
3119	1	13	6	61	128	135
3120	1	13	7	62	128	137
3121	1	13	8	63	128	139
3122	1	13	9	64	128	141
3123	1	13	10	65	128	143
3124	1	13	11	66	128	145
3125	1	13	12	67	128	147
3126	1	13	13	68	128	149
3127	1	13	14	69	128	151
3128	1	13	15	70	128	153
3129	1	13	16	71	128	155
3130	1	13	17	72	128	157
3131	1	13	18	73	128	159
3132	1	13	19	74	128	161
3133	1	13	20	75	128	163
3134	1	13	21	76	128	165
3135	1	13	22	77	128	167
3136	1	13	23	78	128	169
3137	1	13	24	79	128	171
3138	1	13	25	80	128	173
3139	1	13	26	81	128	175
3140	1	13	27	82	128	177
3141	1	13	28	83	128	179
3142	1	13	29	84	128	181
3143	1	13	30	85	128	183
3144	1	13	31	86	128	185
3145	1	13	32	87	128	187
3146	1	13	33	88	128	189
3147	1	13	34	89	128	191
3148	1	13	35	90	128	193
3149	1	13	36	91	128	195
3150	1	13	37	92	128	197
3151	1	13	38	93	128	199
3152	1	13	39	94	128	201
3153	1	13	40	95	128	203
3154	1	13	41	96	128	205
3155	1	13	42	97	128	207
3156	1	13	43	98	128	209
3157	1	13	44	99	128	211
3158	1	13	45	100	128	213
3159	1	13	46	101	128	215
3160	1	13	47	102	128	217
3161	1	13	48	103	128	219
3162	1	13	49	104	128	221
3163	1	13	50	105	128	223
3164	1	13	51	106	128	225
3165	1	14	0	54	64	122
3166	1	14	1	55	64	124
3167	1	14	2	56	64	126
3168	1	14	3	57	64	128
3169	1	14	4	58	64	130
3170	1	14	5	59	64	132
3171	1	14	6	60	64	134
3172	1	14	7	61	64	136
3173	1	14	8	62	64	138
3174	1	14	9	63	64	140
3175	1	14	10	64	64	142
3176	1	14	11	65	64	144
3177	1	14	12	66	64	146
3178	1	14	13	67	64	148
3179	1	14	14	68	64	150
3180	1	14	15	69	64	152
3181	1	14	16	70	64	154
3182	1	14	17	71	64	156
3183	1	14	18	72	64	158
3184	1	14	19	73	64	160
3185	1	14	20	74	64	162
3186	1	14	21	75	64	164
3187	1	14	22	76	64	166
3188	1	14	23	77	64	168
3189	1	14	24	78	64	170
3190	1	14	25	79	64	172
3191	1	14	26	80	64	174
3192	1	14	27	81	64	176
3193	1	14	28	82	64	178
3194	1	14	29	83	64	180
3195	1	14	30	84	64	182
3196	1	14	31	85	64	184
3197	1	14	32	86	64	186
3198	1	14	33	87	64	188
3199	1	14	34	88	64	190
3200	1	14	35	89	64	192
3201	1	14	36	90	64	194
3202	1	14	37	91	64	196
3203	1	14	38	92	64	198
3204	1	14	39	93	64	200
3205	1	14	40	94	64	202
3206	1	14	41	95	64	204
3207	1	14	42	96	64	206
3208	1	14	43	97	64	208
3209	1	14	44	98	64	210
3210	1	14	45	99	64	212
3211	1	14	46	100	64	214
3212	1	14	47	101	64	216
3213	1	14	48	102	64	218
3214	1	14	49	103	64	220
3215	1	14	50	104	64	222
3216	1	15	0	53	32	121
3217	1	15	1	54	32	123
3218	1	15	2	55	32	125
3219	1	15	3	56	32	127
3220	1	15	4	57	32	129
3221	1	15	5	58	32	131
3222	1	15	6	59	32	133
3223	1	15	7	60	32	135
3224	1	15	8	61	32	137
3225	1	15	9	62	32	139
3226	1	15	10	63	32	141
3227	1	15	11	64	32	143
3228	1	15	12	65	32	145
3229	1	15	13	66	32	147
3230	1	15	14	67	32	149
3231	1	15	15	68	32	151
3232	1	15	16	69	32	153
3233	1	15	17	70	32	155
3234	1	15	18	71	32	157
3235	1	15	19	72	32	159
3236	1	15	20	73	32	161
3237	1	15	21	74	32	163
3238	1	15	22	75	32	165
3239	1	15	23	76	32	167
3240	1	15	24	77	32	169
3241	1	15	25	78	32	171
3242	1	15	26	79	32	173
3243	1	15	27	80	32	175
3244	1	15	28	81	32	177
3245	1	15	29	82	32	179
3246	1	15	30	83	32	181
3247	1	15	31	84	32	183
3248	1	15	32	85	32	185
3249	1	15	33	86	32	187
3250	1	15	34	87	32	189
3251	1	15	35	88	32	191
3252	1	15	36	89	32	193
3253	1	15	37	90	32	195
3254	1	15	38	91	32	197
3255	1	15	39	92	32	199
3256	1	15	40	93	32	201
3257	1	15	41	94	32	203
3258	1	15	42	95	32	205
3259	1	15	43	96	32	207
3260	1	15	44	97	32	209
3261	1	15	45	98	32	211
3262	1	15	46	99	32	213
3263	1	15	47	100	32	215
3264	1	15	48	101	32	217
3265	1	15	49	102	32	219
3266	1	16	0	52	16	120
3267	1	16	1	53	16	122
3268	1	16	2	54	16	124
3269	1	16	3	55	16	126
3270	1	16	4	56	16	128
3271	1	16	5	57	16	130
3272	1	16	6	58	16	132
3273	1	16	7	59	16	134
3274	1	16	8	60	16	136
3275	1	16	9	61	16	138
3276	1	16	10	62	16	140
3277	1	16	11	63	16	142
3278	1	16	12	64	16	144
3279	1	16	13	65	16	146
3280	1	16	14	66	16	148
3281	1	16	15	67	16	150
3282	1	16	16	68	16	152
3283	1	16	17	69	16	154
3284	1	16	18	70	16	156
3285	1	16	19	71	16	158
3286	1	16	20	72	16	160
3287	1	16	21	73	16	162
3288	1	16	22	74	16	164
3289	1	16	23	75	16	166
3290	1	16	24	76	16	168
3291	1	16	25	77	16	170
3292	1	16	26	78	16	172
3293	1	16	27	79	16	174
3294	1	16	28	80	16	176
3295	1	16	29	81	16	178
3296	1	16	30	82	16	180
3297	1	16	31	83	16	182
3298	1	16	32	84	16	184
3299	1	16	33	85	16	186
3300	1	16	34	86	16	188
3301	1	16	35	87	16	190
3302	1	16	36	88	16	192
3303	1	16	37	89	16	194
3304	1	16	38	90	16	196
3305	1	16	39	91	16	198
3306	1	16	40	92	16	200
3307	1	16	41	93	16	202
3308	1	16	42	94	16	204
3309	1	16	43	95	16	206
3310	1	16	44	96	16	208
3311	1	16	45	97	16	210
3312	1	16	46	98	16	212
3313	1	16	47	99	16	214
3314	1	16	48	100	16	216
3315	1	17	0	51	8	119
3316	1	17	1	52	8	121
3317	1	17	2	53	8	123
3318	1	17	3	54	8	125
3319	1	17	4	55	8	127
3320	1	17	5	56	8	129
3321	1	17	6	57	8	131
3322	1	17	7	58	8	133
3323	1	17	8	59	8	135
3324	1	17	9	60	8	137
3325	1	17	10	61	8	139
3326	1	17	11	62	8	141
3327	1	17	12	63	8	143
3328	1	17	13	64	8	145
3329	1	17	14	65	8	147
3330	1	17	15	66	8	149
3331	1	17	16	67	8	151
3332	1	17	17	68	8	153
3333	1	17	18	69	8	155
3334	1	17	19	70	8	157
3335	1	17	20	71	8	159
3336	1	17	21	72	8	161
3337	1	17	22	73	8	163
3338	1	17	23	74	8	165
3339	1	17	24	75	8	167
3340	1	17	25	76	8	169
3341	1	17	26	77	8	171
3342	1	17	27	78	8	173
3343	1	17	28	79	8	175
3344	1	17	29	80	8	177
3345	1	17	30	81	8	179
3346	1	17	31	82	8	181
3347	1	17	32	83	8	183
3348	1	17	33	84	8	185
3349	1	17	34	85	8	187
3350	1	17	35	86	8	189
3351	1	17	36	87	8	191
3352	1	17	37	88	8	193
3353	1	17	38	89	8	195
3354	1	17	39	90	8	197
3355	1	17	40	91	8	199
3356	1	17	41	92	8	201
3357	1	17	42	93	8	203
3358	1	17	43	94	8	205
3359	1	17	44	95	8	207
3360	1	17	45	96	8	209
3361	1	17	46	97	8	211
3362	1	17	47	98	8	213
3363	1	18	0	50	4	118
3364	1	18	1	51	4	120
3365	1	18	2	52	4	122
3366	1	18	3	53	4	124
3367	1	18	4	54	4	126
3368	1	18	5	55	4	128
3369	1	18	6	56	4	130
3370	1	18	7	57	4	132
3371	1	18	8	58	4	134
3372	1	18	9	59	4	136
3373	1	18	10	60	4	138
3374	1	18	11	61	4	140
3375	1	18	12	62	4	142
3376	1	18	13	63	4	144
3377	1	18	14	64	4	146
3378	1	18	15	65	4	148
3379	1	18	16	66	4	150
3380	1	18	17	67	4	152
3381	1	18	18	68	4	154
3382	1	18	19	69	4	156
3383	1	18	20	70	4	158
3384	1	18	21	71	4	160
3385	1	18	22	72	4	162
3386	1	18	23	73	4	164
3387	1	18	24	74	4	166
3388	1	18	25	75	4	168
3389	1	18	26	76	4	170
3390	1	18	27	77	4	172
3391	1	18	28	78	4	174
3392	1	18	29	79	4	176
3393	1	18	30	80	4	178
3394	1	18	31	81	4	180
3395	1	18	32	82	4	182
3396	1	18	33	83	4	184
3397	1	18	34	84	4	186
3398	1	18	35	85	4	188
3399	1	18	36	86	4	190
3400	1	18	37	87	4	192
3401	1	18	38	88	4	194
3402	1	18	39	89	4	196
3403	1	18	40	90	4	198
3404	1	18	41	91	4	200
3405	1	18	42	92	4	202
3406	1	18	43	93	4	204
3407	1	18	44	94	4	206
3408	1	18	45	95	4	208
3409	1	18	46	96	4	210
3410	1	19	0	49	2	117
3411	1	19	1	50	2	119
3412	1	19	2	51	2	121
3413	1	19	3	52	2	123
3414	1	19	4	53	2	125
3415	1	19	5	54	2	127
3416	1	19	6	55	2	129
3417	1	19	7	56	2	131
3418	1	19	8	57	2	133
3419	1	19	9	58	2	135
3420	1	19	10	59	2	137
3421	1	19	11	60	2	139
3422	1	19	12	61	2	141
3423	1	19	13	62	2	143
3424	1	19	14	63	2	145
3425	1	19	15	64	2	147
3426	1	19	16	65	2	149
3427	1	19	17	66	2	151
3428	1	19	18	67	2	153
3429	1	19	19	68	2	155
3430	1	19	20	69	2	157
3431	1	19	21	70	2	159
3432	1	19	22	71	2	161
3433	1	19	23	72	2	163
3434	1	19	24	73	2	165
3435	1	19	25	74	2	167
3436	1	19	26	75	2	169
3437	1	19	27	76	2	171
3438	1	19	28	77	2	173
3439	1	19	29	78	2	175
3440	1	19	30	79	2	177
3441	1	19	31	80	2	179
3442	1	19	32	81	2	181
3443	1	19	33	82	2	183
3444	1	19	34	83	2	185
3445	1	19	35	84	2	187
3446	1	19	36	85	2	189
3447	1	19	37	86	2	191
3448	1	19	38	87	2	193
3449	1	19	39	88	2	195
3450	1	19	40	89	2	197
3451	1	19	41	90	2	199
3452	1	19	42	91	2	201
3453	1	19	43	92	2	203
3454	1	19	44	93	2	205
3455	1	19	45	94	2	207
3456	1	20	0	48	1	116
3457	1	20	1	49	1	118
3458	1	20	2	50	1	120
3459	1	20	3	51	1	122
3460	1	20	4	52	1	124
3461	1	20	5	53	1	126
3462	1	20	6	54	1	128
3463	1	20	7	55	1	130
3464	1	20	8	56	1	132
3465	1	20	9	57	1	134
3466	1	20	10	58	1	136
3467	1	20	11	59	1	138
3468	1	20	12	60	1	140
3469	1	20	13	61	1	142
3470	1	20	14	62	1	144
3471	1	20	15	63	1	146
3472	1	20	16	64	1	148
3473	1	20	17	65	1	150
3474	1	20	18	66	1	152
3475	1	20	19	67	1	154
3476	1	20	20	68	1	156
3477	1	20	21	69	1	158
3478	1	20	22	70	1	160
3479	1	20	23	71	1	162
3480	1	20	24	72	1	164
3481	1	20	25	73	1	166
3482	1	20	26	74	1	168
3483	1	20	27	75	1	170
3484	1	20	28	76	1	172
3485	1	20	29	77	1	174
3486	1	20	30	78	1	176
3487	1	20	31	79	1	178
3488	1	20	32	80	1	180
3489	1	20	33	81	1	182
3490	1	20	34	82	1	184
3491	1	20	35	83	1	186
3492	1	20	36	84	1	188
3493	1	20	37	85	1	190
3494	1	20	38	86	1	192
3495	1	20	39	87	1	194
3496	1	20	40	88	1	196
3497	1	20	41	89	1	198
3498	1	20	42	90	1	200
3499	1	20	43	91	1	202
3500	1	20	44	92	1	204
3501	1	21	0	47	129	115
3502	1	21	1	48	129	117
3503	1	21	2	49	129	119
3504	1	21	3	50	129	121
3505	1	21	4	51	129	123
3506	1	21	5	52	129	125
3507	1	21	6	53	129	127
3508	1	21	7	54	129	129
3509	1	21	8	55	129	131
3510	1	21	9	56	129	133
3511	1	21	10	57	129	135
3512	1	21	11	58	129	137
3513	1	21	12	59	129	139
3514	1	21	13	60	129	141
3515	1	21	14	61	129	143
3516	1	21	15	62	129	145
3517	1	21	16	63	129	147
3518	1	21	17	64	129	149
3519	1	21	18	65	129	151
3520	1	21	19	66	129	153
3521	1	21	20	67	129	155
3522	1	21	21	68	129	157
3523	1	21	22	69	129	159
3524	1	21	23	70	129	161
3525	1	21	24	71	129	163
3526	1	21	25	72	129	165
3527	1	21	26	73	129	167
3528	1	21	27	74	129	169
3529	1	21	28	75	129	171
3530	1	21	29	76	129	173
3531	1	21	30	77	129	175
3532	1	21	31	78	129	177
3533	1	21	32	79	129	179
3534	1	21	33	80	129	181
3535	1	21	34	81	129	183
3536	1	21	35	82	129	185
3537	1	21	36	83	129	187
3538	1	21	37	84	129	189
3539	1	21	38	85	129	191
3540	1	21	39	86	129	193
3541	1	21	40	87	129	195
3542	1	21	41	88	129	197
3543	1	21	42	89	129	199
3544	1	21	43	90	129	201
3545	1	22	0	46	193	114
3546	1	22	1	47	193	116
3547	1	22	2	48	193	118
3548	1	22	3	49	193	120
3549	1	22	4	50	193	122
3550	1	22	5	51	193	124
3551	1	22	6	52	193	126
3552	1	22	7	53	193	128
3553	1	22	8	54	193	130
3554	1	22	9	55	193	132
3555	1	22	10	56	193	134
3556	1	22	11	57	193	136
3557	1	22	12	58	193	138
3558	1	22	13	59	193	140
3559	1	22	14	60	193	142
3560	1	22	15	61	193	144
3561	1	22	16	62	193	146
3562	1	22	17	63	193	148
3563	1	22	18	64	193	150
3564	1	22	19	65	193	152
3565	1	22	20	66	193	154
3566	1	22	21	67	193	156
3567	1	22	22	68	193	158
3568	1	22	23	69	193	160
3569	1	22	24	70	193	162
3570	1	22	25	71	193	164
3571	1	22	26	72	193	166
3572	1	22	27	73	193	168
3573	1	22	28	74	193	170
3574	1	22	29	75	193	172
3575	1	22	30	76	193	174
3576	1	22	31	77	193	176
3577	1	22	32	78	193	178
3578	1	22	33	79	193	180
3579	1	22	34	80	193	182
3580	1	22	35	81	193	184
3581	1	22	36	82	193	186
3582	1	22	37	83	193	188
3583	1	22	38	84	193	190
3584	1	22	39	85	193	192
3585	1	22	40	86	193	194
3586	1	22	41	87	193	196
3587	1	22	42	88	193	198
3588	1	23	0	45	225	113
3589	1	23	1	46	225	115
3590	1	23	2	47	225	117
3591	1	23	3	48	225	119
3592	1	23	4	49	225	121
3593	1	23	5	50	225	123
3594	1	23	6	51	225	125
3595	1	23	7	52	225	127
3596	1	23	8	53	225	129
3597	1	23	9	54	225	131
3598	1	23	10	55	225	133
3599	1	23	11	56	225	135
3600	1	23	12	57	225	137
3601	1	23	13	58	225	139
3602	1	23	14	59	225	141
3603	1	23	15	60	225	143
3604	1	23	16	61	225	145
3605	1	23	17	62	225	147
3606	1	23	18	63	225	149
3607	1	23	19	64	225	151
3608	1	23	20	65	225	153
3609	1	23	21	66	225	155
3610	1	23	22	67	225	157
3611	1	23	23	68	225	159
3612	1	23	24	69	225	161
3613	1	23	25	70	225	163
3614	1	23	26	71	225	165
3615	1	23	27	72	225	167
3616	1	23	28	73	225	169
3617	1	23	29	74	225	171
3618	1	23	30	75	225	173
3619	1	23	31	76	225	175
3620	1	23	32	77	225	177
3621	1	23	33	78	225	179
3622	1	23	34	79	225	181
3623	1	23	35	80	225	183
3624	1	23	36	81	225	185
3625	1	23	37	82	225	187
3626	1	23	38	83	225	189
3627	1	23	39	84	225	191
3628	1	23	40	85	225	193
3629	1	23	41	86	225	195
3630	1	24	0	44	241	112
3631	1	24	1	45	241	114
3632	1	24	2	46	241	116
3633	1	24	3	47	241	118
3634	1	24	4	48	241	120
3635	1	24	5	49	241	122
3636	1	24	6	50	241	124
3637	1	24	7	51	241	126
3638	1	24	8	52	241	128
3639	1	24	9	53	241	130
3640	1	24	10	54	241	132
3641	1	24	11	55	241	134
3642	1	24	12	56	241	136
3643	1	24	13	57	241	138
3644	1	24	14	58	241	140
3645	1	24	15	59	241	142
3646	1	24	16	60	241	144
3647	1	24	17	61	241	146
3648	1	24	18	62	241	148
3649	1	24	19	63	241	150
3650	1	24	20	64	241	152
3651	1	24	21	65	241	154
3652	1	24	22	66	241	156
3653	1	24	23	67	241	158
3654	1	24	24	68	241	160
3655	1	24	25	69	241	162
3656	1	24	26	70	241	164
3657	1	24	27	71	241	166
3658	1	24	28	72	241	168
3659	1	24	29	73	241	170
3660	1	24	30	74	241	172
3661	1	24	31	75	241	174
3662	1	24	32	76	241	176
3663	1	24	33	77	241	178
3664	1	24	34	78	241	180
3665	1	24	35	79	241	182
3666	1	24	36	80	241	184
3667	1	24	37	81	241	186
3668	1	24	38	82	241	188
3669	1	24	39	83	241	190
3670	1	24	40	84	241	192
3671	1	25	0	43	249	111
3672	1	25	1	44	249	113
3673	1	25	2	45	249	115
3674	1	25	3	46	249	117
3675	1	25	4	47	249	119
3676	1	25	5	48	249	121
3677	1	25	6	49	249	123
3678	1	25	7	50	249	125
3679	1	25	8	51	249	127
3680	1	25	9	52	249	129
3681	1	25	10	53	249	131
3682	1	25	11	54	249	133
3683	1	25	12	55	249	135
3684	1	25	13	56	249	137
3685	1	25	14	57	249	139
3686	1	25	15	58	249	141
3687	1	25	16	59	249	143
3688	1	25	17	60	249	145
3689	1	25	18	61	249	147
3690	1	25	19	62	249	149
3691	1	25	20	63	249	151
3692	1	25	21	64	249	153
3693	1	25	22	65	249	155
3694	1	25	23	66	249	157
3695	1	25	24	67	249	159
3696	1	25	25	68	249	161
3697	1	25	26	69	249	163
3698	1	25	27	70	249	165
3699	1	25	28	71	249	167
3700	1	25	29	72	249	169
3701	1	25	30	73	249	171
3702	1	25	31	74	249	173
3703	1	25	32	75	249	175
3704	1	25	33	76	249	177
3705	1	25	34	77	249	179
3706	1	25	35	78	249	181
3707	1	25	36	79	249	183
3708	1	25	37	80	249	185
3709	1	25	38	81	249	187
3710	1	25	39	82	249	189
3711	1	26	0	42	253	110
3712	1	26	1	43	253	112
3713	1	26	2	44	253	114
3714	1	26	3	45	253	116
3715	1	26	4	46	253	118
3716	1	26	5	47	253	120
3717	1	26	6	48	253	122
3718	1	26	7	49	253	124
3719	1	26	8	50	253	126
3720	1	26	9	51	253	128
3721	1	26	10	52	253	130
3722	1	26	11	53	253	132
3723	1	26	12	54	253	134
3724	1	26	13	55	253	136
3725	1	26	14	56	253	138
3726	1	26	15	57	253	140
3727	1	26	16	58	253	142
3728	1	26	17	59	253	144
3729	1	26	18	60	253	146
3730	1	26	19	61	253	148
3731	1	26	20	62	253	150
3732	1	26	21	63	253	152
3733	1	26	22	64	253	154
3734	1	26	23	65	253	156
3735	1	26	24	66	253	158
3736	1	26	25	67	253	160
3737	1	26	26	68	253	162
3738	1	26	27	69	253	164
3739	1	26	28	70	253	166
3740	1	26	29	71	253	168
3741	1	26	30	72	253	170
3742	1	26	31	73	253	172
3743	1	26	32	74	253	174
3744	1	26	33	75	253	176
3745	1	26	34	76	253	178
3746	1	26	35	77	253	180
3747	1	26	36	78	253	182
3748	1	26	37	79	253	184
3749	1	26	38	80	253	186
3750	1	27	0	41	255	109
3751	1	27	1	42	255	111
3752	1	27	2	43	255	113
3753	1	27	3	44	255	115
3754	1	27	4	45	255	117
3755	1	27	5	46	255	119
3756	1	27	6	47	255	121
3757	1	27	7	48	255	123
3758	1	27	8	49	255	125
3759	1	27	9	50	255	127
3760	1	27	10	51	255	129
3761	1	27	11	52	255	131
3762	1	27	12	53	255	133
3763	1	27	13	54	255	135
3764	1	27	14	55	255	137
3765	1	27	15	56	255	139
3766	1	27	16	57	255	141
3767	1	27	17	58	255	143
3768	1	27	18	59	255	145
3769	1	27	19	60	255	147
3770	1	27	20	61	255	149
3771	1	27	21	62	255	151
3772	1	27	22	63	255	153
3773	1	27	23	64	255	155
3774	1	27	24	65	255	157
3775	1	27	25	66	255	159
3776	1	27	26	67	255	161
3777	1	27	27	68	255	163
3778	1	27	28	69	255	165
3779	1	27	29	70	255	167
3780	1	27	30	71	255	169
3781	1	27	31	72	255	171
3782	1	27	32	73	255	173
3783	1	27	33	74	255	175
3784	1	27	34	75	255	177
3785	1	27	35	76	255	179
3786	1	27	36	77	255	181
3787	1	27	37	78	255	183
3788	1	28	0	40	256	108
3789	1	28	1	41	256	110
3790	1	28	2	42	256	112
3791	1	28	3	43	256	114
3792	1	28	4	44	256	116
3793	1	28	5	45	256	118
3794	1	28	6	46	256	120
3795	1	28	7	47	256	122
3796	1	28	8	48	256	124
3797	1	28	9	49	256	126
3798	1	28	10	50	256	128
3799	1	28	11	51	256	130
3800	1	28	12	52	256	132
3801	1	28	13	53	256	134
3802	1	28	14	54	256	136
3803	1	28	15	55	256	138
3804	1	28	16	56	256	140
3805	1	28	17	57	256	142
3806	1	28	18	58	256	144
3807	1	28	19	59	256	146
3808	1	28	20	60	256	148
3809	1	28	21	61	256	150
3810	1	28	22	62	256	152
3811	1	28	23	63	256	154
3812	1	28	24	64	256	156
3813	1	28	25	65	256	158
3814	1	28	26	66	256	160
3815	1	28	27	67	256	162
3816	1	28	28	68	256	164
3817	1	28	29	69	256	166
3818	1	28	30	70	256	168
3819	1	28	31	71	256	170
3820	1	28	32	72	256	172
3821	1	28	33	73	256	174
3822	1	28	34	74	256	176
3823	1	28	35	75	256	178
3824	1	28	36	76	256	180
3825	1	29	0	39	128	107
3826	1	29	1	40	128	109
3827	1	29	2	41	128	111
3828	1	29	3	42	128	113
3829	1	29	4	43	128	115
3830	1	29	5	44	128	117
3831	1	29	6	45	128	119
3832	1	29	7	46	128	121
3833	1	29	8	47	128	123
3834	1	29	9	48	128	125
3835	1	29	10	49	128	127
3836	1	29	11	50	128	129
3837	1	29	12	51	128	131
3838	1	29	13	52	128	133
3839	1	29	14	53	128	135
3840	1	29	15	54	128	137
3841	1	29	16	55	128	139
3842	1	29	17	56	128	141
3843	1	29	18	57	128	143
3844	1	29	19	58	128	145
3845	1	29	20	59	128	147
3846	1	29	21	60	128	149
3847	1	29	22	61	128	151
3848	1	29	23	62	128	153
3849	1	29	24	63	128	155
3850	1	29	25	64	128	157
3851	1	29	26	65	128	159
3852	1	29	27	66	128	161
3853	1	29	28	67	128	163
3854	1	29	29	68	128	165
3855	1	29	30	69	128	167
3856	1	29	31	70	128	169
3857	1	29	32	71	128	171
3858	1	29	33	72	128	173
3859	1	29	34	73	128	175
3860	1	29	35	74	128	177
3861	1	30	0	38	64	106
3862	1	30	1	39	64	108
3863	1	30	2	40	64	110
3864	1	30	3	41	64	112
3865	1	30	4	42	64	114
3866	1	30	5	43	64	116
3867	1	30	6	44	64	118
3868	1	30	7	45	64	120
3869	1	30	8	46	64	122
3870	1	30	9	47	64	124
3871	1	30	10	48	64	126
3872	1	30	11	49	64	128
3873	1	30	12	50	64	130
3874	1	30	13	51	64	132
3875	1	30	14	52	64	134
3876	1	30	15	53	64	136
3877	1	30	16	54	64	138
3878	1	30	17	55	64	140
3879	1	30	18	56	64	142
3880	1	30	19	57	64	144
3881	1	30	20	58	64	146
3882	1	30	21	59	64	148
3883	1	30	22	60	64	150
3884	1	30	23	61	64	152
3885	1	30	24	62	64	154
3886	1	30	25	63	64	156
3887	1	30	26	64	64	158
3888	1	30	27	65	64	160
3889	1	30	28	66	64	162
3890	1	30	29	67	64	164
3891	1	30	30	68	64	166
3892	1	30	31	69	64	168
3893	1	30	32	70	64	170
3894	1	30	33	71	64	172
3895	1	30	34	72	64	174
3896	1	31	0	37	32	105
3897	1	31	1	38	32	107
3898	1	31	2	39	32	109
3899	1	31	3	40	32	111
3900	1	31	4	41	32	113
3901	1	31	5	42	32	115
3902	1	31	6	43	32	117
3903	1	31	7	44	32	119
3904	1	31	8	45	32	121
3905	1	31	9	46	32	123
3906	1	31	10	47	32	125
3907	1	31	11	48	32	127
3908	1	31	12	49	32	129
3909	1	31	13	50	32	131
3910	1	31	14	51	32	133
3911	1	31	15	52	32	135
3912	1	31	16	53	32	137
3913	1	31	17	54	32	139
3914	1	31	18	55	32	141
3915	1	31	19	56	32	143
3916	1	31	20	57	32	145
3917	1	31	21	58	32	147
3918	1	31	22	59	32	149
3919	1	31	23	60	32	151
3920	1	31	24	61	32	153
3921	1	31	25	62	32	155
3922	1	31	26	63	32	157
3923	1	31	27	64	32	159
3924	1	31	28	65	32	161
3925	1	31	29	66	32	163
3926	1	31	30	67	32	165
3927	1	31	31	68	32	167
3928	1	31	32	69	32	169
3929	1	31	33	70	32	171
3930	1	32	0	36	16	104
3931	1	32	1	37	16	106
3932	1	32	2	38	16	108
3933	1	32	3	39	16	110
3934	1	32	4	40	16	112
3935	1	32	5	41	16	114
3936	1	32	6	42	16	116
3937	1	32	7	43	16	118
3938	1	32	8	44	16	120
3939	1	32	9	45	16	122
3940	1	32	10	46	16	124
3941	1	32	11	47	16	126
3942	1	32	12	48	16	128
3943	1	32	13	49	16	130
3944	1	32	14	50	16	132
3945	1	32	15	51	16	134
3946	1	32	16	52	16	136
3947	1	32	17	53	16	138
3948	1	32	18	54	16	140
3949	1	32	19	55	16	142
3950	1	32	20	56	16	144
3951	1	32	21	57	16	146
3952	1	32	22	58	16	148
3953	1	32	23	59	16	150
3954	1	32	24	60	16	152
3955	1	32	25	61	16	154
3956	1	32	26	62	16	156
3957	1	32	27	63	16	158
3958	1	32	28	64	16	160
3959	1	32	29	65	16	162
3960	1	32	30	66	16	164
3961	1	32	31	67	16	166
3962	1	32	32	68	16	168
3963	1	33	0	35	8	103
3964	1	33	1	36	8	105
3965	1	33	2	37	8	107
3966	1	33	3	38	8	109
3967	1	33	4	39	8	111
3968	1	33	5	40	8	113
3969	1	33	6	41	8	115
3970	1	33	7	42	8	117
3971	1	33	8	43	8	119
3972	1	33	9	44	8	121
3973	1	33	10	45	8	123
3974	1	33	11	46	8	125
3975	1	33	12	47	8	127
3976	1	33	13	48	8	129
3977	1	33	14	49	8	131
3978	1	33	15	50	8	133
3979	1	33	16	51	8	135
3980	1	33	17	52	8	137
3981	1	33	18	53	8	139
3982	1	33	19	54	8	141
3983	1	33	20	55	8	143
3984	1	33	21	56	8	145
3985	1	33	22	57	8	147
3986	1	33	23	58	8	149
3987	1	33	24	59	8	151
3988	1	33	25	60	8	153
3989	1	33	26	61	8	155
3990	1	33	27	62	8	157
3991	1	33	28	63	8	159
3992	1	33	29	64	8	161
3993	1	33	30	65	8	163
3994	1	33	31	66	8	165
3995	1	34	0	34	4	102
3996	1	34	1	35	4	104
3997	1	34	2	36	4	106
3998	1	34	3	37	4	108
3999	1	34	4	38	4	110
4000	1	34	5	39	4	112
4001	1	34	6	40	4	114
4002	1	34	7	41	4	116
4003	1	34	8	42	4	118
4004	1	34	9	43	4	120
4005	1	34	10	44	4	122
4006	1	34	11	45	4	124
4007	1	34	12	46	4	126
4008	1	34	13	47	4	128
4009	1	34	14	48	4	130
4010	1	34	15	49	4	132
4011	1	34	16	50	4	134
4012	1	34	17	51	4	136
4013	1	34	18	52	4	138
4014	1	34	19	53	4	140
4015	1	34	20	54	4	142
4016	1	34	21	55	4	144
4017	1	34	22	56	4	146
4018	1	34	23	57	4	148
4019	1	34	24	58	4	150
4020	1	34	25	59	4	152
4021	1	34	26	60	4	154
4022	1	34	27	61	4	156
4023	1	34	28	62	4	158
4024	1	34	29	63	4	160
4025	1	34	30	64	4	162
4026	1	35	0	33	2	101
4027	1	35	1	34	2	103
4028	1	35	2	35	2	105
4029	1	35	3	36	2	107
4030	1	35	4	37	2	109
4031	1	35	5	38	2	111
4032	1	35	6	39	2	113
4033	1	35	7	40	2	115
4034	1	35	8	41	2	117
4035	1	35	9	42	2	119
4036	1	35	10	43	2	121
4037	1	35	11	44	2	123
4038	1	35	12	45	2	125
4039	1	35	13	46	2	127
4040	1	35	14	47	2	129
4041	1	35	15	48	2	131
4042	1	35	16	49	2	133
4043	1	35	17	50	2	135
4044	1	35	18	51	2	137
4045	1	35	19	52	2	139
4046	1	35	20	53	2	141
4047	1	35	21	54	2	143
4048	1	35	22	55	2	145
4049	1	35	23	56	2	147
4050	1	35	24	57	2	149
4051	1	35	25	58	2	151
4052	1	35	26	59	2	153
4053	1	35	27	60	2	155
4054	1	35	28	61	2	157
4055	1	35	29	62	2	159
4056	1	36	0	32	1	100
4057	1	36	1	33	1	102
4058	1	36	2	34	1	104
4059	1	36	3	35	1	106
4060	1	36	4	36	1	108
4061	1	36	5	37	1	110
4062	1	36	6	38	1	112
4063	1	36	7	39	1	114
4064	1	36	8	40	1	116
4065	1	36	9	41	1	118
4066	1	36	10	42	1	120
4067	1	36	11	43	1	122
4068	1	36	12	44	1	124
4069	1	36	13	45	1	126
4070	1	36	14	46	1	128
4071	1	36	15	47	1	130
4072	1	36	16	48	1	132
4073	1	36	17	49	1	134
4074	1	36	18	50	1	136
4075	1	36	19	51	1	138
4076	1	36	20	52	1	140
4077	1	36	21	53	1	142
4078	1	36	22	54	1	144
4079	1	36	23	55	1	146
4080	1	36	24	56	1	148
4081	1	36	25	57	1	150
4082	1	36	26	58	1	152
4083	1	36	27	59	1	154
4084	1	36	28	60	1	156
4085	1	37	0	31	129	99
4086	1	37	1	32	129	101
4087	1	37	2	33	129	103
4088	1	37	3	34	129	105
4089	1	37	4	35	129	107
4090	1	37	5	36	129	109
4091	1	37	6	37	129	111
4092	1	37	7	38	129	113
4093	1	37	8	39	129	115
4094	1	37	9	40	129	117
4095	1	37	10	41	129	119
4096	1	37	11	42	129	121
4097	1	37	12	43	129	123
4098	1	37	13	44	129	125
4099	1	37	14	45	129	127
4100	1	37	15	46	129	129
4101	1	37	16	47	129	131
4102	1	37	17	48	129	133
4103	1	37	18	49	129	135
4104	1	37	19	50	129	137
4105	1	37	20	51	129	139
4106	1	37	21	52	129	141
4107	1	37	22	53	129	143
4108	1	37	23	54	129	145
4109	1	37	24	55	129	147
4110	1	37	25	56	129	149
4111	1	37	26	57	129	151
4112	1	37	27	58	129	153
4113	1	38	0	30	193	98
4114	1	38	1	31	193	100
4115	1	38	2	32	193	102
4116	1	38	3	33	193	104
4117	1	38	4	34	193	106
4118	1	38	5	35	193	108
4119	1	38	6	36	193	110
4120	1	38	7	37	193	112
4121	1	38	8	38	193	114
4122	1	38	9	39	193	116
4123	1	38	10	40	193	118
4124	1	38	11	41	193	120
4125	1	38	12	42	193	122
4126	1	38	13	43	193	124
4127	1	38	14	44	193	126
4128	1	38	15	45	193	128
4129	1	38	16	46	193	130
4130	1	38	17	47	193	132
4131	1	38	18	48	193	134
4132	1	38	19	49	193	136
4133	1	38	20	50	193	138
4134	1	38	21	51	193	140
4135	1	38	22	52	193	142
4136	1	38	23	53	193	144
4137	1	38	24	54	193	146
4138	1	38	25	55	193	148
4139	1	38	26	56	193	150
4140	1	39	0	29	225	97
4141	1	39	1	30	225	99
4142	1	39	2	31	225	101
4143	1	39	3	32	225	103
4144	1	39	4	33	225	105
4145	1	39	5	34	225	107
4146	1	39	6	35	225	109
4147	1	39	7	36	225	111
4148	1	39	8	37	225	113
4149	1	39	9	38	225	115
4150	1	39	10	39	225	117
4151	1	39	11	40	225	119
4152	1	39	12	41	225	121
4153	1	39	13	42	225	123
4154	1	39	14	43	225	125
4155	1	39	15	44	225	127
4156	1	39	16	45	225	129
4157	1	39	17	46	225	131
4158	1	39	18	47	225	133
4159	1	39	19	48	225	135
4160	1	39	20	49	225	137
4161	1	39	21	50	225	139
4162	1	39	22	51	225	141
4163	1	39	23	52	225	143
4164	1	39	24	53	225	145
4165	1	39	25	54	225	147
4166	1	40	0	28	241	96
4167	1	40	1	29	241	98
4168	1	40	2	30	241	100
4169	1	40	3	31	241	102
4170	1	40	4	32	241	104
4171	1	40	5	33	241	106
4172	1	40	6	34	241	108
4173	1	40	7	35	241	110
4174	1	40	8	36	241	112
4175	1	40	9	37	241	114
4176	1	40	10	38	241	116
4177	1	40	11	39	241	118
4178	1	40	12	40	241	120
4179	1	40	13	41	241	122
4180	1	40	14	42	241	124
4181	1	40	15	43	241	126
4182	1	40	16	44	241	128
4183	1	40	17	45	241	130
4184	1	40	18	46	241	132
4185	1	40	19	47	241	134
4186	1	40	20	48	241	136
4187	1	40	21	49	241	138
4188	1	40	22	50	241	140
4189	1	40	23	51	241	142
4190	1	40	24	52	241	144
4191	1	41	0	27	249	95
4192	1	41	1	28	249	97
4193	1	41	2	29	249	99
4194	1	41	3	30	249	101
4195	1	41	4	31	249	103
4196	1	41	5	32	249	105
4197	1	41	6	33	249	107
4198	1	41	7	34	249	109
4199	1	41	8	35	249	111
4200	1	41	9	36	249	113
4201	1	41	10	37	249	115
4202	1	41	11	38	249	117
4203	1	41	12	39	249	119
4204	1	41	13	40	249	121
4205	1	41	14	41	249	123
4206	1	41	15	42	249	125
4207	1	41	16	43	249	127
4208	1	41	17	44	249	129
4209	1	41	18	45	249	131
4210	1	41	19	46	249	133
4211	1	41	20	47	249	135
4212	1	41	21	48	249	137
4213	1	41	22	49	249	139
4214	1	41	23	50	249	141
4215	1	42	0	26	253	94
4216	1	42	1	27	253	96
4217	1	42	2	28	253	98
4218	1	42	3	29	253	100
4219	1	42	4	30	253	102
4220	1	42	5	31	253	104
4221	1	42	6	32	253	106
4222	1	42	7	33	253	108
4223	1	42	8	34	253	110
4224	1	42	9	35	253	112
4225	1	42	10	36	253	114
4226	1	42	11	37	253	116
4227	1	42	12	38	253	118
4228	1	42	13	39	253	120
4229	1	42	14	40	253	122
4230	1	42	15	41	253	124
4231	1	42	16	42	253	126
4232	1	42	17	43	253	128
4233	1	42	18	44	253	130
4234	1	42	19	45	253	132
4235	1	42	20	46	253	134
4236	1	42	21	47	253	136
4237	1	42	22	48	253	138
4238	1	43	0	25	255	93
4239	1	43	1	26	255	95
4240	1	43	2	27	255	97
4241	1	43	3	28	255	99
4242	1	43	4	29	255	101
4243	1	43	5	30	255	103
4244	1	43	6	31	255	105
4245	1	43	7	32	255	107
4246	1	43	8	33	255	109
4247	1	43	9	34	255	111
4248	1	43	10	35	255	113
4249	1	43	11	36	255	115
4250	1	43	12	37	255	117
4251	1	43	13	38	255	119
4252	1	43	14	39	255	121
4253	1	43	15	40	255	123
4254	1	43	16	41	255	125
4255	1	43	17	42	255	127
4256	1	43	18	43	255	129
4257	1	43	19	44	255	131
4258	1	43	20	45	255	133
4259	1	43	21	46	255	135
4260	1	44	0	24	256	92
4261	1	44	1	25	256	94
4262	1	44	2	26	256	96
4263	1	44	3	27	256	98
4264	1	44	4	28	256	100
4265	1	44	5	29	256	102
4266	1	44	6	30	256	104
4267	1	44	7	31	256	106
4268	1	44	8	32	256	108
4269	1	44	9	33	256	110
4270	1	44	10	34	256	112
4271	1	44	11	35	256	114
4272	1	44	12	36	256	116
4273	1	44	13	37	256	118
4274	1	44	14	38	256	120
4275	1	44	15	39	256	122
4276	1	44	16	40	256	124
4277	1	44	17	41	256	126
4278	1	44	18	42	256	128
4279	1	44	19	43	256	130
4280	1	44	20	44	256	132
4281	1	45	0	23	128	91
4282	1	45	1	24	128	93
4283	1	45	2	25	128	95
4284	1	45	3	26	128	97
4285	1	45	4	27	128	99
4286	1	45	5	28	128	101
4287	1	45	6	29	128	103
4288	1	45	7	30	128	105
4289	1	45	8	31	128	107
4290	1	45	9	32	128	109
4291	1	45	10	33	128	111
4292	1	45	11	34	128	113
4293	1	45	12	35	128	115
4294	1	45	13	36	128	117
4295	1	45	14	37	128	119
4296	1	45	15	38	128	121
4297	1	45	16	39	128	123
4298	1	45	17	40	128	125
4299	1	45	18	41	128	127
4300	1	45	19	42	128	129
4301	1	46	0	22	64	90
4302	1	46	1	23	64	92
4303	1	46	2	24	64	94
4304	1	46	3	25	64	96
4305	1	46	4	26	64	98
4306	1	46	5	27	64	100
4307	1	46	6	28	64	102
4308	1	46	7	29	64	104
4309	1	46	8	30	64	106
4310	1	46	9	31	64	108
4311	1	46	10	32	64	110
4312	1	46	11	33	64	112
4313	1	46	12	34	64	114
4314	1	46	13	35	64	116
4315	1	46	14	36	64	118
4316	1	46	15	37	64	120
4317	1	46	16	38	64	122
4318	1	46	17	39	64	124
4319	1	46	18	40	64	126
4320	1	47	0	21	32	89
4321	1	47	1	22	32	91
4322	1	47	2	23	32	93
4323	1	47	3	24	32	95
4324	1	47	4	25	32	97
4325	1	47	5	26	32	99
4326	1	47	6	27	32	101
4327	1	47	7	28	32	103
4328	1	47	8	29	32	105
4329	1	47	9	30	32	107
4330	1	47	10	31	32	109
4331	1	47	11	32	32	111
4332	1	47	12	33	32	113
4333	1	47	13	34	32	115
4334	1	47	14	35	32	117
4335	1	47	15	36	32	119
4336	1	47	16	37	32	121
4337	1	47	17	38	32	123
4338	1	48	0	20	16	88
4339	1	48	1	21	16	90
4340	1	48	2	22	16	92
4341	1	48	3	23	16	94
4342	1	48	4	24	16	96
4343	1	48	5	25	16	98
4344	1	48	6	26	16	100
4345	1	48	7	27	16	102
4346	1	48	8	28	16	104
4347	1	48	9	29	16	106
4348	1	48	10	30	16	108
4349	1	48	11	31	16	110
4350	1	48	12	32	16	112
4351	1	48	13	33	16	114
4352	1	48	14	34	16	116
4353	1	48	15	35	16	118
4354	1	48	16	36	16	120
4355	1	49	0	19	8	87
4356	1	49	1	20	8	89
4357	1	49	2	21	8	91
4358	1	49	3	22	8	93
4359	1	49	4	23	8	95
4360	1	49	5	24	8	97
4361	1	49	6	25	8	99
4362	1	49	7	26	8	101
4363	1	49	8	27	8	103
4364	1	49	9	28	8	105
4365	1	49	10	29	8	107
4366	1	49	11	30	8	109
4367	1	49	12	31	8	111
4368	1	49	13	32	8	113
4369	1	49	14	33	8	115
4370	1	49	15	34	8	117
4371	1	50	0	18	4	86
4372	1	50	1	19	4	88
4373	1	50	2	20	4	90
4374	1	50	3	21	4	92
4375	1	50	4	22	4	94
4376	1	50	5	23	4	96
4377	1	50	6	24	4	98
4378	1	50	7	25	4	100
4379	1	50	8	26	4	102
4380	1	50	9	27	4	104
4381	1	50	10	28	4	106
4382	1	50	11	29	4	108
4383	1	50	12	30	4	110
4384	1	50	13	31	4	112
4385	1	50	14	32	4	114
4386	1	51	0	17	2	85
4387	1	51	1	18	2	87
4388	1	51	2	19	2	89
4389	1	51	3	20	2	91
4390	1	51	4	21	2	93
4391	1	51	5	22	2	95
4392	1	51	6	23	2	97
4393	1	51	7	24	2	99
4394	1	51	8	25	2	101
4395	1	51	9	26	2	103
4396	1	51	10	27	2	105
4397	1	51	11	28	2	107
4398	1	51	12	29	2	109
4399	1	51	13	30	2	111
4400	1	52	0	16	1	84
4401	1	52	1	17	1	86
4402	1	52	2	18	1	88
4403	1	52	3	19	1	90
4404	1	52	4	20	1	92
4405	1	52	5	21	1	94
4406	1	52	6	22	1	96
4407	1	52	7	23	1	98
4408	1	52	8	24	1	100
4409	1	52	9	25	1	102
4410	1	52	10	26	1	104
4411	1	52	11	27	1	106
4412	1	52	12	28	1	108
4413	1	53	0	15	129	83
4414	1	53	1	16	129	85
4415	1	53	2	17	129	87
4416	1	53	3	18	129	89
4417	1	53	4	19	129	91
4418	1	53	5	20	129	93
4419	1	53	6	21	129	95
4420	1	53	7	22	129	97
4421	1	53	8	23	129	99
4422	1	53	9	24	129	101
4423	1	53	10	25	129	103
4424	1	53	11	26	129	105
4425	1	54	0	14	193	82
4426	1	54	1	15	193	84
4427	1	54	2	16	193	86
4428	1	54	3	17	193	88
4429	1	54	4	18	193	90
4430	1	54	5	19	193	92
4431	1	54	6	20	193	94
4432	1	54	7	21	193	96
4433	1	54	8	22	193	98
4434	1	54	9	23	193	100
4435	1	54	10	24	193	102
4436	1	55	0	13	225	81
4437	1	55	1	14	225	83
4438	1	55	2	15	225	85
4439	1	55	3	16	225	87
4440	1	55	4	17	225	89
4441	1	55	5	18	225	91
4442	1	55	6	19	225	93
4443	1	55	7	20	225	95
4444	1	55	8	21	225	97
4445	1	55	9	22	225	99
4446	1	56	0	12	241	80
4447	1	56	1	13	241	82
4448	1	56	2	14	241	84
4449	1	56	3	15	241	86
4450	1	56	4	16	241	88
4451	1	56	5	17	241	90
4452	1	56	6	18	241	92
4453	1	56	7	19	241	94
4454	1	56	8	20	241	96
4455	1	57	0	11	249	79
4456	1	57	1	12	249	81
4457	1	57	2	13	249	83
4458	1	57	3	14	249	85
4459	1	57	4	15	249	87
4460	1	57	5	16	249	89
4461	1	57	6	17	249	91
4462	1	57	7	18	249	93
4463	1	58	0	10	253	78
4464	1	58	1	11	253	80
4465	1	58	2	12	253	82
4466	1	58	3	13	253	84
4467	1	58	4	14	253	86
4468	1	58	5	15	253	88
4469	1	58	6	16	253	90
4470	1	59	0	9	255	77
4471	1	59	1	10	255	79
4472	1	59	2	11	255	81
4473	1	59	3	12	255	83
4474	1	59	4	13	255	85
4475	1	59	5	14	255	87
4476	1	60	0	8	256	76
4477	1	60	1	9	256	78
4478	1	60	2	10	256	80
4479	1	60	3	11	256	82
4480	1	60	4	12	256	84
4481	1	61	0	7	128	75
4482	1	61	1	8	128	77
4483	1	61	2	9	128	79
4484	1	61	3	10	128	81
4485	1	62	0	6	64	74
4486	1	62	1	7	64	76
4487	1	62	2	8	64	78
4488	1	63	0	5	32	73
4489	1	63	1	6	32	75
4490	1	64	0	4	16	72
4491	2	0	0	0	1	68
4492	2	0	1	1	1	69
4493	2	0	2	2	1	70
4494	2	0	3	3	1	71
4495	2	0	4	4	1	73
4496	2	0	5	5	1	74
4497	2	0	6	6	1	76
4498	2	0	7	7	1	77
4499	2	0	8	8	1	79
4500	2	0	9	9	1	80
4501	2	0	10	10	1	82
4502	2	0	11	11	1	83
4503	2	0	12	12	1	85
4504	2	0	13	13	1	86
4505	2	0	14	14	1	88
4506	2	0	15	15	1	89
4507	2	0	16	16	1	91
4508	2	0	17	17	1	92
4509	2	0	18	18	1	94
4510	2	0	19	19	1	95
4511	2	0	20	20	1	97
4512	2	0	21	21	1	98
4513	2	0	22	22	1	100
4514	2	0	23	23	1	101
4515	2	0	24	24	1	103
4516	2	0	25	25	1	104
4517	2	0	26	26	1	106
4518	2	0	27	27	1	107
4519	2	0	28	28	1	109
4520	2	0	29	29	1	110
4521	2	0	30	30	1	112
4522	2	0	31	31	1	113
4523	2	0	32	32	1	115
4524	2	0	33	33	1	116
4525	2	0	34	34	1	118
4526	2	0	35	35	1	119
4527	2	0	36	36	1	121
4528	2	0	37	37	1	122
4529	2	0	38	38	1	124
4530	2	0	39	39	1	125
4531	2	0	40	40	1	127
4532	2	0	41	41	1	128
4533	2	0	42	42	1	130
4534	2	0	43	43	1	131
4535	2	0	44	44	1	133
4536	2	0	45	45	1	134
4537	2	0	46	46	1	136
4538	2	0	47	47	1	137
4539	2	0	48	48	1	139
4540	2	0	49	49	1	140
4541	2	0	50	50	1	142
4542	2	0	51	51	1	143
4543	2	0	52	52	1	145
4544	2	0	53	53	1	146
4545	2	0	54	54	1	148
4546	2	0	55	55	1	149
4547	2	0	56	56	1	151
4548	2	0	57	57	1	152
4549	2	0	58	58	1	154
4550	2	1	0	0	1	69
4551	2	1	1	1	1	70
4552	2	1	2	2	1	71
4553	2	1	3	3	1	72
4554	2	1	4	4	1	74
4555	2	1	5	5	1	75
4556	2	1	6	6	1	77
4557	2	1	7	7	1	78
4558	2	1	8	8	1	80
4559	2	1	9	9	1	81
4560	2	1	10	10	1	83
4561	2	1	11	11	1	84
4562	2	1	12	12	1	86
4563	2	1	13	13	1	87
4564	2	1	14	14	1	89
4565	2	1	15	15	1	90
4566	2	1	16	16	1	92
4567	2	1	17	17	1	93
4568	2	1	18	18	1	95
4569	2	1	19	19	1	96
4570	2	1	20	20	1	98
4571	2	1	21	21	1	99
4572	2	1	22	22	1	101
4573	2	1	23	23	1	102
4574	2	1	24	24	1	104
4575	2	1	25	25	1	105
4576	2	1	26	26	1	107
4577	2	1	27	27	1	108
4578	2	1	28	28	1	110
4579	2	1	29	29	1	111
4580	2	1	30	30	1	113
4581	2	1	31	31	1	114
4582	2	1	32	32	1	116
4583	2	1	33	33	1	117
4584	2	1	34	34	1	119
4585	2	1	35	35	1	120
4586	2	1	36	36	1	122
4587	2	1	37	37	1	123
4588	2	1	38	38	1	125
4589	2	1	39	39	1	126
4590	2	1	40	40	1	128
4591	2	1	41	41	1	129
4592	2	1	42	42	1	131
4593	2	1	43	43	1	132
4594	2	1	44	44	1	134
4595	2	1	45	45	1	135
4596	2	1	46	46	1	137
4597	2	1	47	47	1	138
4598	2	1	48	48	1	140
4599	2	1	49	49	1	141
4600	2	1	50	50	1	143
4601	2	1	51	51	1	144
4602	2	1	52	52	1	146
4603	2	1	53	53	1	147
4604	2	1	54	54	1	149
4605	2	1	55	55	1	150
4606	2	1	56	56	1	152
4607	2	1	57	57	1	153
4608	2	2	0	0	1	70
4609	2	2	1	1	1	71
4610	2	2	2	2	1	72
4611	2	2	3	3	1	73
4612	2	2	4	4	1	75
4613	2	2	5	5	1	76
4614	2	2	6	6	1	78
4615	2	2	7	7	1	79
4616	2	2	8	8	1	81
4617	2	2	9	9	1	82
4618	2	2	10	10	1	84
4619	2	2	11	11	1	85
4620	2	2	12	12	1	87
4621	2	2	13	13	1	88
4622	2	2	14	14	1	90
4623	2	2	15	15	1	91
4624	2	2	16	16	1	93
4625	2	2	17	17	1	94
4626	2	2	18	18	1	96
4627	2	2	19	19	1	97
4628	2	2	20	20	1	99
4629	2	2	21	21	1	100
4630	2	2	22	22	1	102
4631	2	2	23	23	1	103
4632	2	2	24	24	1	105
4633	2	2	25	25	1	106
4634	2	2	26	26	1	108
4635	2	2	27	27	1	109
4636	2	2	28	28	1	111
4637	2	2	29	29	1	112
4638	2	2	30	30	1	114
4639	2	2	31	31	1	115
4640	2	2	32	32	1	117
4641	2	2	33	33	1	118
4642	2	2	34	34	1	120
4643	2	2	35	35	1	121
4644	2	2	36	36	1	123
4645	2	2	37	37	1	124
4646	2	2	38	38	1	126
4647	2	2	39	39	1	127
4648	2	2	40	40	1	129
4649	2	2	41	41	1	130
4650	2	2	42	42	1	132
4651	2	2	43	43	1	133
4652	2	2	44	44	1	135
4653	2	2	45	45	1	136
4654	2	2	46	46	1	138
4655	2	2	47	47	1	139
4656	2	2	48	48	1	141
4657	2	2	49	49	1	142
4658	2	2	50	50	1	144
4659	2	2	51	51	1	145
4660	2	2	52	52	1	147
4661	2	2	53	53	1	148
4662	2	2	54	54	1	150
4663	2	2	55	55	1	151
4664	2	2	56	56	1	153
4665	2	3	0	0	1	71
4666	2	3	1	1	1	72
4667	2	3	2	2	1	73
4668	2	3	3	3	1	74
4669	2	3	4	4	1	76
4670	2	3	5	5	1	77
4671	2	3	6	6	1	79
4672	2	3	7	7	1	80
4673	2	3	8	8	1	82
4674	2	3	9	9	1	83
4675	2	3	10	10	1	85
4676	2	3	11	11	1	86
4677	2	3	12	12	1	88
4678	2	3	13	13	1	89
4679	2	3	14	14	1	91
4680	2	3	15	15	1	92
4681	2	3	16	16	1	94
4682	2	3	17	17	1	95
4683	2	3	18	18	1	97
4684	2	3	19	19	1	98
4685	2	3	20	20	1	100
4686	2	3	21	21	1	101
4687	2	3	22	22	1	103
4688	2	3	23	23	1	104
4689	2	3	24	24	1	106
4690	2	3	25	25	1	107
4691	2	3	26	26	1	109
4692	2	3	27	27	1	110
4693	2	3	28	28	1	112
4694	2	3	29	29	1	113
4695	2	3	30	30	1	115
4696	2	3	31	31	1	116
4697	2	3	32	32	1	118
4698	2	3	33	33	1	119
4699	2	3	34	34	1	121
4700	2	3	35	35	1	122
4701	2	3	36	36	1	124
4702	2	3	37	37	1	125
4703	2	3	38	38	1	127
4704	2	3	39	39	1	128
4705	2	3	40	40	1	130
4706	2	3	41	41	1	131
4707	2	3	42	42	1	133
4708	2	3	43	43	1	134
4709	2	3	44	44	1	136
4710	2	3	45	45	1	137
4711	2	3	46	46	1	139
4712	2	3	47	47	1	140
4713	2	3	48	48	1	142
4714	2	3	49	49	1	143
4715	2	3	50	50	1	145
4716	2	3	51	51	1	146
4717	2	3	52	52	1	148
4718	2	3	53	53	1	149
4719	2	3	54	54	1	151
4720	2	3	55	55	1	152
4721	2	4	0	0	1	72
4722	2	4	1	1	1	73
4723	2	4	2	2	1	74
4724	2	4	3	3	1	75
4725	2	4	4	4	1	77
4726	2	4	5	5	1	78
4727	2	4	6	6	1	80
4728	2	4	7	7	1	81
4729	2	4	8	8	1	83
4730	2	4	9	9	1	84
4731	2	4	10	10	1	86
4732	2	4	11	11	1	87
4733	2	4	12	12	1	89
4734	2	4	13	13	1	90
4735	2	4	14	14	1	92
4736	2	4	15	15	1	93
4737	2	4	16	16	1	95
4738	2	4	17	17	1	96
4739	2	4	18	18	1	98
4740	2	4	19	19	1	99
4741	2	4	20	20	1	101
4742	2	4	21	21	1	102
4743	2	4	22	22	1	104
4744	2	4	23	23	1	105
4745	2	4	24	24	1	107
4746	2	4	25	25	1	108
4747	2	4	26	26	1	110
4748	2	4	27	27	1	111
4749	2	4	28	28	1	113
4750	2	4	29	29	1	114
4751	2	4	30	30	1	116
4752	2	4	31	31	1	117
4753	2	4	32	32	1	119
4754	2	4	33	33	1	120
4755	2	4	34	34	1	122
4756	2	4	35	35	1	123
4757	2	4	36	36	1	125
4758	2	4	37	37	1	126
4759	2	4	38	38	1	128
4760	2	4	39	39	1	129
4761	2	4	40	40	1	131
4762	2	4	41	41	1	132
4763	2	4	42	42	1	134
4764	2	4	43	43	1	135
4765	2	4	44	44	1	137
4766	2	4	45	45	1	138
4767	2	4	46	46	1	140
4768	2	4	47	47	1	141
4769	2	4	48	48	1	143
4770	2	4	49	49	1	144
4771	2	4	50	50	1	146
4772	2	4	51	51	1	147
4773	2	4	52	52	1	149
4774	2	4	53	53	1	150
4775	2	4	54	54	1	152
4776	2	5	0	0	1	73
4777	2	5	1	1	1	74
4778	2	5	2	2	1	75
4779	2	5	3	3	1	76
4780	2	5	4	4	1	78
4781	2	5	5	5	1	79
4782	2	5	6	6	1	81
4783	2	5	7	7	1	82
4784	2	5	8	8	1	84
4785	2	5	9	9	1	85
4786	2	5	10	10	1	87
4787	2	5	11	11	1	88
4788	2	5	12	12	1	90
4789	2	5	13	13	1	91
4790	2	5	14	14	1	93
4791	2	5	15	15	1	94
4792	2	5	16	16	1	96
4793	2	5	17	17	1	97
4794	2	5	18	18	1	99
4795	2	5	19	19	1	100
4796	2	5	20	20	1	102
4797	2	5	21	21	1	103
4798	2	5	22	22	1	105
4799	2	5	23	23	1	106
4800	2	5	24	24	1	108
4801	2	5	25	25	1	109
4802	2	5	26	26	1	111
4803	2	5	27	27	1	112
4804	2	5	28	28	1	114
4805	2	5	29	29	1	115
4806	2	5	30	30	1	117
4807	2	5	31	31	1	118
4808	2	5	32	32	1	120
4809	2	5	33	33	1	121
4810	2	5	34	34	1	123
4811	2	5	35	35	1	124
4812	2	5	36	36	1	126
4813	2	5	37	37	1	127
4814	2	5	38	38	1	129
4815	2	5	39	39	1	130
4816	2	5	40	40	1	132
4817	2	5	41	41	1	133
4818	2	5	42	42	1	135
4819	2	5	43	43	1	136
4820	2	5	44	44	1	138
4821	2	5	45	45	1	139
4822	2	5	46	46	1	141
4823	2	5	47	47	1	142
4824	2	5	48	48	1	144
4825	2	5	49	49	1	145
4826	2	5	50	50	1	147
4827	2	5	51	51	1	148
4828	2	5	52	52	1	150
4829	2	5	53	53	1	151
4830	2	6	0	0	1	74
4831	2	6	1	1	1	75
4832	2	6	2	2	1	76
4833	2	6	3	3	1	77
4834	2	6	4	4	1	79
4835	2	6	5	5	1	80
4836	2	6	6	6	1	82
4837	2	6	7	7	1	83
4838	2	6	8	8	1	85
4839	2	6	9	9	1	86
4840	2	6	10	10	1	88
4841	2	6	11	11	1	89
4842	2	6	12	12	1	91
4843	2	6	13	13	1	92
4844	2	6	14	14	1	94
4845	2	6	15	15	1	95
4846	2	6	16	16	1	97
4847	2	6	17	17	1	98
4848	2	6	18	18	1	100
4849	2	6	19	19	1	101
4850	2	6	20	20	1	103
4851	2	6	21	21	1	104
4852	2	6	22	22	1	106
4853	2	6	23	23	1	107
4854	2	6	24	24	1	109
4855	2	6	25	25	1	110
4856	2	6	26	26	1	112
4857	2	6	27	27	1	113
4858	2	6	28	28	1	115
4859	2	6	29	29	1	116
4860	2	6	30	30	1	118
4861	2	6	31	31	1	119
4862	2	6	32	32	1	121
4863	2	6	33	33	1	122
4864	2	6	34	34	1	124
4865	2	6	35	35	1	125
4866	2	6	36	36	1	127
4867	2	6	37	37	1	128
4868	2	6	38	38	1	130
4869	2	6	39	39	1	131
4870	2	6	40	40	1	133
4871	2	6	41	41	1	134
4872	2	6	42	42	1	136
4873	2	6	43	43	1	137
4874	2	6	44	44	1	139
4875	2	6	45	45	1	140
4876	2	6	46	46	1	142
4877	2	6	47	47	1	143
4878	2	6	48	48	1	145
4879	2	6	49	49	1	146
4880	2	6	50	50	1	148
4881	2	6	51	51	1	149
4882	2	6	52	52	1	151
4883	2	7	0	0	1	75
4884	2	7	1	1	1	76
4885	2	7	2	2	1	77
4886	2	7	3	3	1	78
4887	2	7	4	4	1	80
4888	2	7	5	5	1	81
4889	2	7	6	6	1	83
4890	2	7	7	7	1	84
4891	2	7	8	8	1	86
4892	2	7	9	9	1	87
4893	2	7	10	10	1	89
4894	2	7	11	11	1	90
4895	2	7	12	12	1	92
4896	2	7	13	13	1	93
4897	2	7	14	14	1	95
4898	2	7	15	15	1	96
4899	2	7	16	16	1	98
4900	2	7	17	17	1	99
4901	2	7	18	18	1	101
4902	2	7	19	19	1	102
4903	2	7	20	20	1	104
4904	2	7	21	21	1	105
4905	2	7	22	22	1	107
4906	2	7	23	23	1	108
4907	2	7	24	24	1	110
4908	2	7	25	25	1	111
4909	2	7	26	26	1	113
4910	2	7	27	27	1	114
4911	2	7	28	28	1	116
4912	2	7	29	29	1	117
4913	2	7	30	30	1	119
4914	2	7	31	31	1	120
4915	2	7	32	32	1	122
4916	2	7	33	33	1	123
4917	2	7	34	34	1	125
4918	2	7	35	35	1	126
4919	2	7	36	36	1	128
4920	2	7	37	37	1	129
4921	2	7	38	38	1	131
4922	2	7	39	39	1	132
4923	2	7	40	40	1	134
4924	2	7	41	41	1	135
4925	2	7	42	42	1	137
4926	2	7	43	43	1	138
4927	2	7	44	44	1	140
4928	2	7	45	45	1	141
4929	2	7	46	46	1	143
4930	2	7	47	47	1	144
4931	2	7	48	48	1	146
4932	2	7	49	49	1	147
4933	2	7	50	50	1	149
4934	2	7	51	51	1	150
4935	2	8	0	0	1	76
4936	2	8	1	1	1	77
4937	2	8	2	2	1	78
4938	2	8	3	3	1	79
4939	2	8	4	4	1	81
4940	2	8	5	5	1	82
4941	2	8	6	6	1	84
4942	2	8	7	7	1	85
4943	2	8	8	8	1	87
4944	2	8	9	9	1	88
4945	2	8	10	10	1	90
4946	2	8	11	11	1	91
4947	2	8	12	12	1	93
4948	2	8	13	13	1	94
4949	2	8	14	14	1	96
4950	2	8	15	15	1	97
4951	2	8	16	16	1	99
4952	2	8	17	17	1	100
4953	2	8	18	18	1	102
4954	2	8	19	19	1	103
4955	2	8	20	20	1	105
4956	2	8	21	21	1	106
4957	2	8	22	22	1	108
4958	2	8	23	23	1	109
4959	2	8	24	24	1	111
4960	2	8	25	25	1	112
4961	2	8	26	26	1	114
4962	2	8	27	27	1	115
4963	2	8	28	28	1	117
4964	2	8	29	29	1	118
4965	2	8	30	30	1	120
4966	2	8	31	31	1	121
4967	2	8	32	32	1	123
4968	2	8	33	33	1	124
4969	2	8	34	34	1	126
4970	2	8	35	35	1	127
4971	2	8	36	36	1	129
4972	2	8	37	37	1	130
4973	2	8	38	38	1	132
4974	2	8	39	39	1	133
4975	2	8	40	40	1	135
4976	2	8	41	41	1	136
4977	2	8	42	42	1	138
4978	2	8	43	43	1	139
4979	2	8	44	44	1	141
4980	2	8	45	45	1	142
4981	2	8	46	46	1	144
4982	2	8	47	47	1	145
4983	2	8	48	48	1	147
4984	2	8	49	49	1	148
4985	2	8	50	50	1	150
4986	2	9	0	0	1	77
4987	2	9	1	1	1	78
4988	2	9	2	2	1	79
4989	2	9	3	3	1	80
4990	2	9	4	4	1	82
4991	2	9	5	5	1	83
4992	2	9	6	6	1	85
4993	2	9	7	7	1	86
4994	2	9	8	8	1	88
4995	2	9	9	9	1	89
4996	2	9	10	10	1	91
4997	2	9	11	11	1	92
4998	2	9	12	12	1	94
4999	2	9	13	13	1	95
5000	2	9	14	14	1	97
5001	2	9	15	15	1	98
5002	2	9	16	16	1	100
5003	2	9	17	17	1	101
5004	2	9	18	18	1	103
5005	2	9	19	19	1	104
5006	2	9	20	20	1	106
5007	2	9	21	21	1	107
5008	2	9	22	22	1	109
5009	2	9	23	23	1	110
5010	2	9	24	24	1	112
5011	2	9	25	25	1	113
5012	2	9	26	26	1	115
5013	2	9	27	27	1	116
5014	2	9	28	28	1	118
5015	2	9	29	29	1	119
5016	2	9	30	30	1	121
5017	2	9	31	31	1	122
5018	2	9	32	32	1	124
5019	2	9	33	33	1	125
5020	2	9	34	34	1	127
5021	2	9	35	35	1	128
5022	2	9	36	36	1	130
5023	2	9	37	37	1	131
5024	2	9	38	38	1	133
5025	2	9	39	39	1	134
5026	2	9	40	40	1	136
5027	2	9	41	41	1	137
5028	2	9	42	42	1	139
5029	2	9	43	43	1	140
5030	2	9	44	44	1	142
5031	2	9	45	45	1	143
5032	2	9	46	46	1	145
5033	2	9	47	47	1	146
5034	2	9	48	48	1	148
5035	2	9	49	49	1	149
5036	2	10	0	0	1	78
5037	2	10	1	1	1	79
5038	2	10	2	2	1	80
5039	2	10	3	3	1	81
5040	2	10	4	4	1	83
5041	2	10	5	5	1	84
5042	2	10	6	6	1	86
5043	2	10	7	7	1	87
5044	2	10	8	8	1	89
5045	2	10	9	9	1	90
5046	2	10	10	10	1	92
5047	2	10	11	11	1	93
5048	2	10	12	12	1	95
5049	2	10	13	13	1	96
5050	2	10	14	14	1	98
5051	2	10	15	15	1	99
5052	2	10	16	16	1	101
5053	2	10	17	17	1	102
5054	2	10	18	18	1	104
5055	2	10	19	19	1	105
5056	2	10	20	20	1	107
5057	2	10	21	21	1	108
5058	2	10	22	22	1	110
5059	2	10	23	23	1	111
5060	2	10	24	24	1	113
5061	2	10	25	25	1	114
5062	2	10	26	26	1	116
5063	2	10	27	27	1	117
5064	2	10	28	28	1	119
5065	2	10	29	29	1	120
5066	2	10	30	30	1	122
5067	2	10	31	31	1	123
5068	2	10	32	32	1	125
5069	2	10	33	33	1	126
5070	2	10	34	34	1	128
5071	2	10	35	35	1	129
5072	2	10	36	36	1	131
5073	2	10	37	37	1	132
5074	2	10	38	38	1	134
5075	2	10	39	39	1	135
5076	2	10	40	40	1	137
5077	2	10	41	41	1	138
5078	2	10	42	42	1	140
5079	2	10	43	43	1	141
5080	2	10	44	44	1	143
5081	2	10	45	45	1	144
5082	2	10	46	46	1	146
5083	2	10	47	47	1	147
5084	2	10	48	48	1	149
5085	2	11	0	0	1	79
5086	2	11	1	1	1	80
5087	2	11	2	2	1	81
5088	2	11	3	3	1	82
5089	2	11	4	4	1	84
5090	2	11	5	5	1	85
5091	2	11	6	6	1	87
5092	2	11	7	7	1	88
5093	2	11	8	8	1	90
5094	2	11	9	9	1	91
5095	2	11	10	10	1	93
5096	2	11	11	11	1	94
5097	2	11	12	12	1	96
5098	2	11	13	13	1	97
5099	2	11	14	14	1	99
5100	2	11	15	15	1	100
5101	2	11	16	16	1	102
5102	2	11	17	17	1	103
5103	2	11	18	18	1	105
5104	2	11	19	19	1	106
5105	2	11	20	20	1	108
5106	2	11	21	21	1	109
5107	2	11	22	22	1	111
5108	2	11	23	23	1	112
5109	2	11	24	24	1	114
5110	2	11	25	25	1	115
5111	2	11	26	26	1	117
5112	2	11	27	27	1	118
5113	2	11	28	28	1	120
5114	2	11	29	29	1	121
5115	2	11	30	30	1	123
5116	2	11	31	31	1	124
5117	2	11	32	32	1	126
5118	2	11	33	33	1	127
5119	2	11	34	34	1	129
5120	2	11	35	35	1	130
5121	2	11	36	36	1	132
5122	2	11	37	37	1	133
5123	2	11	38	38	1	135
5124	2	11	39	39	1	136
5125	2	11	40	40	1	138
5126	2	11	41	41	1	139
5127	2	11	42	42	1	141
5128	2	11	43	43	1	142
5129	2	11	44	44	1	144
5130	2	11	45	45	1	145
5131	2	11	46	46	1	147
5132	2	11	47	47	1	148
5133	2	12	0	0	1	80
5134	2	12	1	1	1	81
5135	2	12	2	2	1	82
5136	2	12	3	3	1	83
5137	2	12	4	4	1	85
5138	2	12	5	5	1	86
5139	2	12	6	6	1	88
5140	2	12	7	7	1	89
5141	2	12	8	8	1	91
5142	2	12	9	9	1	92
5143	2	12	10	10	1	94
5144	2	12	11	11	1	95
5145	2	12	12	12	1	97
5146	2	12	13	13	1	98
5147	2	12	14	14	1	100
5148	2	12	15	15	1	101
5149	2	12	16	16	1	103
5150	2	12	17	17	1	104
5151	2	12	18	18	1	106
5152	2	12	19	19	1	107
5153	2	12	20	20	1	109
5154	2	12	21	21	1	110
5155	2	12	22	22	1	112
5156	2	12	23	23	1	113
5157	2	12	24	24	1	115
5158	2	12	25	25	1	116
5159	2	12	26	26	1	118
5160	2	12	27	27	1	119
5161	2	12	28	28	1	121
5162	2	12	29	29	1	122
5163	2	12	30	30	1	124
5164	2	12	31	31	1	125
5165	2	12	32	32	1	127
5166	2	12	33	33	1	128
5167	2	12	34	34	1	130
5168	2	12	35	35	1	131
5169	2	12	36	36	1	133
5170	2	12	37	37	1	134
5171	2	12	38	38	1	136
5172	2	12	39	39	1	137
5173	2	12	40	40	1	139
5174	2	12	41	41	1	140
5175	2	12	42	42	1	142
5176	2	12	43	43	1	143
5177	2	12	44	44	1	145
5178	2	12	45	45	1	146
5179	2	12	46	46	1	148
5180	2	13	0	0	1	81
5181	2	13	1	1	1	82
5182	2	13	2	2	1	83
5183	2	13	3	3	1	84
5184	2	13	4	4	1	86
5185	2	13	5	5	1	87
5186	2	13	6	6	1	89
5187	2	13	7	7	1	90
5188	2	13	8	8	1	92
5189	2	13	9	9	1	93
5190	2	13	10	10	1	95
5191	2	13	11	11	1	96
5192	2	13	12	12	1	98
5193	2	13	13	13	1	99
5194	2	13	14	14	1	101
5195	2	13	15	15	1	102
5196	2	13	16	16	1	104
5197	2	13	17	17	1	105
5198	2	13	18	18	1	107
5199	2	13	19	19	1	108
5200	2	13	20	20	1	110
5201	2	13	21	21	1	111
5202	2	13	22	22	1	113
5203	2	13	23	23	1	114
5204	2	13	24	24	1	116
5205	2	13	25	25	1	117
5206	2	13	26	26	1	119
5207	2	13	27	27	1	120
5208	2	13	28	28	1	122
5209	2	13	29	29	1	123
5210	2	13	30	30	1	125
5211	2	13	31	31	1	126
5212	2	13	32	32	1	128
5213	2	13	33	33	1	129
5214	2	13	34	34	1	131
5215	2	13	35	35	1	132
5216	2	13	36	36	1	134
5217	2	13	37	37	1	135
5218	2	13	38	38	1	137
5219	2	13	39	39	1	138
5220	2	13	40	40	1	140
5221	2	13	41	41	1	141
5222	2	13	42	42	1	143
5223	2	13	43	43	1	144
5224	2	13	44	44	1	146
5225	2	13	45	45	1	147
5226	2	14	0	0	1	82
5227	2	14	1	1	1	83
5228	2	14	2	2	1	84
5229	2	14	3	3	1	85
5230	2	14	4	4	1	87
5231	2	14	5	5	1	88
5232	2	14	6	6	1	90
5233	2	14	7	7	1	91
5234	2	14	8	8	1	93
5235	2	14	9	9	1	94
5236	2	14	10	10	1	96
5237	2	14	11	11	1	97
5238	2	14	12	12	1	99
5239	2	14	13	13	1	100
5240	2	14	14	14	1	102
5241	2	14	15	15	1	103
5242	2	14	16	16	1	105
5243	2	14	17	17	1	106
5244	2	14	18	18	1	108
5245	2	14	19	19	1	109
5246	2	14	20	20	1	111
5247	2	14	21	21	1	112
5248	2	14	22	22	1	114
5249	2	14	23	23	1	115
5250	2	14	24	24	1	117
5251	2	14	25	25	1	118
5252	2	14	26	26	1	120
5253	2	14	27	27	1	121
5254	2	14	28	28	1	123
5255	2	14	29	29	1	124
5256	2	14	30	30	1	126
5257	2	14	31	31	1	127
5258	2	14	32	32	1	129
5259	2	14	33	33	1	130
5260	2	14	34	34	1	132
5261	2	14	35	35	1	133
5262	2	14	36	36	1	135
5263	2	14	37	37	1	136
5264	2	14	38	38	1	138
5265	2	14	39	39	1	139
5266	2	14	40	40	1	141
5267	2	14	41	41	1	142
5268	2	14	42	42	1	144
5269	2	14	43	43	1	145
5270	2	14	44	44	1	147
5271	2	15	0	0	1	83
5272	2	15	1	1	1	84
5273	2	15	2	2	1	85
5274	2	15	3	3	1	86
5275	2	15	4	4	1	88
5276	2	15	5	5	1	89
5277	2	15	6	6	1	91
5278	2	15	7	7	1	92
5279	2	15	8	8	1	94
5280	2	15	9	9	1	95
5281	2	15	10	10	1	97
5282	2	15	11	11	1	98
5283	2	15	12	12	1	100
5284	2	15	13	13	1	101
5285	2	15	14	14	1	103
5286	2	15	15	15	1	104
5287	2	15	16	16	1	106
5288	2	15	17	17	1	107
5289	2	15	18	18	1	109
5290	2	15	19	19	1	110
5291	2	15	20	20	1	112
5292	2	15	21	21	1	113
5293	2	15	22	22	1	115
5294	2	15	23	23	1	116
5295	2	15	24	24	1	118
5296	2	15	25	25	1	119
5297	2	15	26	26	1	121
5298	2	15	27	27	1	122
5299	2	15	28	28	1	124
5300	2	15	29	29	1	125
5301	2	15	30	30	1	127
5302	2	15	31	31	1	128
5303	2	15	32	32	1	130
5304	2	15	33	33	1	131
5305	2	15	34	34	1	133
5306	2	15	35	35	1	134
5307	2	15	36	36	1	136
5308	2	15	37	37	1	137
5309	2	15	38	38	1	139
5310	2	15	39	39	1	140
5311	2	15	40	40	1	142
5312	2	15	41	41	1	143
5313	2	15	42	42	1	145
5314	2	15	43	43	1	146
5315	2	16	0	0	1	84
5316	2	16	1	1	1	85
5317	2	16	2	2	1	86
5318	2	16	3	3	1	87
5319	2	16	4	4	1	89
5320	2	16	5	5	1	90
5321	2	16	6	6	1	92
5322	2	16	7	7	1	93
5323	2	16	8	8	1	95
5324	2	16	9	9	1	96
5325	2	16	10	10	1	98
5326	2	16	11	11	1	99
5327	2	16	12	12	1	101
5328	2	16	13	13	1	102
5329	2	16	14	14	1	104
5330	2	16	15	15	1	105
5331	2	16	16	16	1	107
5332	2	16	17	17	1	108
5333	2	16	18	18	1	110
5334	2	16	19	19	1	111
5335	2	16	20	20	1	113
5336	2	16	21	21	1	114
5337	2	16	22	22	1	116
5338	2	16	23	23	1	117
5339	2	16	24	24	1	119
5340	2	16	25	25	1	120
5341	2	16	26	26	1	122
5342	2	16	27	27	1	123
5343	2	16	28	28	1	125
5344	2	16	29	29	1	126
5345	2	16	30	30	1	128
5346	2	16	31	31	1	129
5347	2	16	32	32	1	131
5348	2	16	33	33	1	132
5349	2	16	34	34	1	134
5350	2	16	35	35	1	135
5351	2	16	36	36	1	137
5352	2	16	37	37	1	138
5353	2	16	38	38	1	140
5354	2	16	39	39	1	141
5355	2	16	40	40	1	143
5356	2	16	41	41	1	144
5357	2	16	42	42	1	146
5358	2	17	0	0	1	85
5359	2	17	1	1	1	86
5360	2	17	2	2	1	87
5361	2	17	3	3	1	88
5362	2	17	4	4	1	90
5363	2	17	5	5	1	91
5364	2	17	6	6	1	93
5365	2	17	7	7	1	94
5366	2	17	8	8	1	96
5367	2	17	9	9	1	97
5368	2	17	10	10	1	99
5369	2	17	11	11	1	100
5370	2	17	12	12	1	102
5371	2	17	13	13	1	103
5372	2	17	14	14	1	105
5373	2	17	15	15	1	106
5374	2	17	16	16	1	108
5375	2	17	17	17	1	109
5376	2	17	18	18	1	111
5377	2	17	19	19	1	112
5378	2	17	20	20	1	114
5379	2	17	21	21	1	115
5380	2	17	22	22	1	117
5381	2	17	23	23	1	118
5382	2	17	24	24	1	120
5383	2	17	25	25	1	121
5384	2	17	26	26	1	123
5385	2	17	27	27	1	124
5386	2	17	28	28	1	126
5387	2	17	29	29	1	127
5388	2	17	30	30	1	129
5389	2	17	31	31	1	130
5390	2	17	32	32	1	132
5391	2	17	33	33	1	133
5392	2	17	34	34	1	135
5393	2	17	35	35	1	136
5394	2	17	36	36	1	138
5395	2	17	37	37	1	139
5396	2	17	38	38	1	141
5397	2	17	39	39	1	142
5398	2	17	40	40	1	144
5399	2	17	41	41	1	145
5400	2	18	0	0	1	86
5401	2	18	1	1	1	87
5402	2	18	2	2	1	88
5403	2	18	3	3	1	89
5404	2	18	4	4	1	91
5405	2	18	5	5	1	92
5406	2	18	6	6	1	94
5407	2	18	7	7	1	95
5408	2	18	8	8	1	97
5409	2	18	9	9	1	98
5410	2	18	10	10	1	100
5411	2	18	11	11	1	101
5412	2	18	12	12	1	103
5413	2	18	13	13	1	104
5414	2	18	14	14	1	106
5415	2	18	15	15	1	107
5416	2	18	16	16	1	109
5417	2	18	17	17	1	110
5418	2	18	18	18	1	112
5419	2	18	19	19	1	113
5420	2	18	20	20	1	115
5421	2	18	21	21	1	116
5422	2	18	22	22	1	118
5423	2	18	23	23	1	119
5424	2	18	24	24	1	121
5425	2	18	25	25	1	122
5426	2	18	26	26	1	124
5427	2	18	27	27	1	125
5428	2	18	28	28	1	127
5429	2	18	29	29	1	128
5430	2	18	30	30	1	130
5431	2	18	31	31	1	131
5432	2	18	32	32	1	133
5433	2	18	33	33	1	134
5434	2	18	34	34	1	136
5435	2	18	35	35	1	137
5436	2	18	36	36	1	139
5437	2	18	37	37	1	140
5438	2	18	38	38	1	142
5439	2	18	39	39	1	143
5440	2	18	40	40	1	145
5441	2	19	0	0	1	87
5442	2	19	1	1	1	88
5443	2	19	2	2	1	89
5444	2	19	3	3	1	90
5445	2	19	4	4	1	92
5446	2	19	5	5	1	93
5447	2	19	6	6	1	95
5448	2	19	7	7	1	96
5449	2	19	8	8	1	98
5450	2	19	9	9	1	99
5451	2	19	10	10	1	101
5452	2	19	11	11	1	102
5453	2	19	12	12	1	104
5454	2	19	13	13	1	105
5455	2	19	14	14	1	107
5456	2	19	15	15	1	108
5457	2	19	16	16	1	110
5458	2	19	17	17	1	111
5459	2	19	18	18	1	113
5460	2	19	19	19	1	114
5461	2	19	20	20	1	116
5462	2	19	21	21	1	117
5463	2	19	22	22	1	119
5464	2	19	23	23	1	120
5465	2	19	24	24	1	122
5466	2	19	25	25	1	123
5467	2	19	26	26	1	125
5468	2	19	27	27	1	126
5469	2	19	28	28	1	128
5470	2	19	29	29	1	129
5471	2	19	30	30	1	131
5472	2	19	31	31	1	132
5473	2	19	32	32	1	134
5474	2	19	33	33	1	135
5475	2	19	34	34	1	137
5476	2	19	35	35	1	138
5477	2	19	36	36	1	140
5478	2	19	37	37	1	141
5479	2	19	38	38	1	143
5480	2	19	39	39	1	144
5481	2	20	0	0	1	88
5482	2	20	1	1	1	89
5483	2	20	2	2	1	90
5484	2	20	3	3	1	91
5485	2	20	4	4	1	93
5486	2	20	5	5	1	94
5487	2	20	6	6	1	96
5488	2	20	7	7	1	97
5489	2	20	8	8	1	99
5490	2	20	9	9	1	100
5491	2	20	10	10	1	102
5492	2	20	11	11	1	103
5493	2	20	12	12	1	105
5494	2	20	13	13	1	106
5495	2	20	14	14	1	108
5496	2	20	15	15	1	109
5497	2	20	16	16	1	111
5498	2	20	17	17	1	112
5499	2	20	18	18	1	114
5500	2	20	19	19	1	115
5501	2	20	20	20	1	117
5502	2	20	21	21	1	118
5503	2	20	22	22	1	120
5504	2	20	23	23	1	121
5505	2	20	24	24	1	123
5506	2	20	25	25	1	124
5507	2	20	26	26	1	126
5508	2	20	27	27	1	127
5509	2	20	28	28	1	129
5510	2	20	29	29	1	130
5511	2	20	30	30	1	132
5512	2	20	31	31	1	133
5513	2	20	32	32	1	135
5514	2	20	33	33	1	136
5515	2	20	34	34	1	138
5516	2	20	35	35	1	139
5517	2	20	36	36	1	141
5518	2	20	37	37	1	142
5519	2	20	38	38	1	144
5520	2	21	0	0	1	89
5521	2	21	1	1	1	90
5522	2	21	2	2	1	91
5523	2	21	3	3	1	92
5524	2	21	4	4	1	94
5525	2	21	5	5	1	95
5526	2	21	6	6	1	97
5527	2	21	7	7	1	98
5528	2	21	8	8	1	100
5529	2	21	9	9	1	101
5530	2	21	10	10	1	103
5531	2	21	11	11	1	104
5532	2	21	12	12	1	106
5533	2	21	13	13	1	107
5534	2	21	14	14	1	109
5535	2	21	15	15	1	110
5536	2	21	16	16	1	112
5537	2	21	17	17	1	113
5538	2	21	18	18	1	115
5539	2	21	19	19	1	116
5540	2	21	20	20	1	118
5541	2	21	21	21	1	119
5542	2	21	22	22	1	121
5543	2	21	23	23	1	122
5544	2	21	24	24	1	124
5545	2	21	25	25	1	125
5546	2	21	26	26	1	127
5547	2	21	27	27	1	128
5548	2	21	28	28	1	130
5549	2	21	29	29	1	131
5550	2	21	30	30	1	133
5551	2	21	31	31	1	134
5552	2	21	32	32	1	136
5553	2	21	33	33	1	137
5554	2	21	34	34	1	139
5555	2	21	35	35	1	140
5556	2	21	36	36	1	142
5557	2	21	37	37	1	143
5558	2	22	0	0	1	90
5559	2	22	1	1	1	91
5560	2	22	2	2	1	92
5561	2	22	3	3	1	93
5562	2	22	4	4	1	95
5563	2	22	5	5	1	96
5564	2	22	6	6	1	98
5565	2	22	7	7	1	99
5566	2	22	8	8	1	101
5567	2	22	9	9	1	102
5568	2	22	10	10	1	104
5569	2	22	11	11	1	105
5570	2	22	12	12	1	107
5571	2	22	13	13	1	108
5572	2	22	14	14	1	110
5573	2	22	15	15	1	111
5574	2	22	16	16	1	113
5575	2	22	17	17	1	114
5576	2	22	18	18	1	116
5577	2	22	19	19	1	117
5578	2	22	20	20	1	119
5579	2	22	21	21	1	120
5580	2	22	22	22	1	122
5581	2	22	23	23	1	123
5582	2	22	24	24	1	125
5583	2	22	25	25	1	126
5584	2	22	26	26	1	128
5585	2	22	27	27	1	129
5586	2	22	28	28	1	131
5587	2	22	29	29	1	132
5588	2	22	30	30	1	134
5589	2	22	31	31	1	135
5590	2	22	32	32	1	137
5591	2	22	33	33	1	138
5592	2	22	34	34	1	140
5593	2	22	35	35	1	141
5594	2	22	36	36	1	143
5595	2	23	0	0	1	91
5596	2	23	1	1	1	92
5597	2	23	2	2	1	93
5598	2	23	3	3	1	94
5599	2	23	4	4	1	96
5600	2	23	5	5	1	97
5601	2	23	6	6	1	99
5602	2	23	7	7	1	100
5603	2	23	8	8	1	102
5604	2	23	9	9	1	103
5605	2	23	10	10	1	105
5606	2	23	11	11	1	106
5607	2	23	12	12	1	108
5608	2	23	13	13	1	109
5609	2	23	14	14	1	111
5610	2	23	15	15	1	112
5611	2	23	16	16	1	114
5612	2	23	17	17	1	115
5613	2	23	18	18	1	117
5614	2	23	19	19	1	118
5615	2	23	20	20	1	120
5616	2	23	21	21	1	121
5617	2	23	22	22	1	123
5618	2	23	23	23	1	124
5619	2	23	24	24	1	126
5620	2	23	25	25	1	127
5621	2	23	26	26	1	129
5622	2	23	27	27	1	130
5623	2	23	28	28	1	132
5624	2	23	29	29	1	133
5625	2	23	30	30	1	135
5626	2	23	31	31	1	136
5627	2	23	32	32	1	138
5628	2	23	33	33	1	139
5629	2	23	34	34	1	141
5630	2	23	35	35	1	142
5631	2	24	0	0	1	92
5632	2	24	1	1	1	93
5633	2	24	2	2	1	94
5634	2	24	3	3	1	95
5635	2	24	4	4	1	97
5636	2	24	5	5	1	98
5637	2	24	6	6	1	100
5638	2	24	7	7	1	101
5639	2	24	8	8	1	103
5640	2	24	9	9	1	104
5641	2	24	10	10	1	106
5642	2	24	11	11	1	107
5643	2	24	12	12	1	109
5644	2	24	13	13	1	110
5645	2	24	14	14	1	112
5646	2	24	15	15	1	113
5647	2	24	16	16	1	115
5648	2	24	17	17	1	116
5649	2	24	18	18	1	118
5650	2	24	19	19	1	119
5651	2	24	20	20	1	121
5652	2	24	21	21	1	122
5653	2	24	22	22	1	124
5654	2	24	23	23	1	125
5655	2	24	24	24	1	127
5656	2	24	25	25	1	128
5657	2	24	26	26	1	130
5658	2	24	27	27	1	131
5659	2	24	28	28	1	133
5660	2	24	29	29	1	134
5661	2	24	30	30	1	136
5662	2	24	31	31	1	137
5663	2	24	32	32	1	139
5664	2	24	33	33	1	140
5665	2	24	34	34	1	142
5666	2	25	0	0	1	93
5667	2	25	1	1	1	94
5668	2	25	2	2	1	95
5669	2	25	3	3	1	96
5670	2	25	4	4	1	98
5671	2	25	5	5	1	99
5672	2	25	6	6	1	101
5673	2	25	7	7	1	102
5674	2	25	8	8	1	104
5675	2	25	9	9	1	105
5676	2	25	10	10	1	107
5677	2	25	11	11	1	108
5678	2	25	12	12	1	110
5679	2	25	13	13	1	111
5680	2	25	14	14	1	113
5681	2	25	15	15	1	114
5682	2	25	16	16	1	116
5683	2	25	17	17	1	117
5684	2	25	18	18	1	119
5685	2	25	19	19	1	120
5686	2	25	20	20	1	122
5687	2	25	21	21	1	123
5688	2	25	22	22	1	125
5689	2	25	23	23	1	126
5690	2	25	24	24	1	128
5691	2	25	25	25	1	129
5692	2	25	26	26	1	131
5693	2	25	27	27	1	132
5694	2	25	28	28	1	134
5695	2	25	29	29	1	135
5696	2	25	30	30	1	137
5697	2	25	31	31	1	138
5698	2	25	32	32	1	140
5699	2	25	33	33	1	141
5700	2	26	0	0	1	94
5701	2	26	1	1	1	95
5702	2	26	2	2	1	96
5703	2	26	3	3	1	97
5704	2	26	4	4	1	99
5705	2	26	5	5	1	100
5706	2	26	6	6	1	102
5707	2	26	7	7	1	103
5708	2	26	8	8	1	105
5709	2	26	9	9	1	106
5710	2	26	10	10	1	108
5711	2	26	11	11	1	109
5712	2	26	12	12	1	111
5713	2	26	13	13	1	112
5714	2	26	14	14	1	114
5715	2	26	15	15	1	115
5716	2	26	16	16	1	117
5717	2	26	17	17	1	118
5718	2	26	18	18	1	120
5719	2	26	19	19	1	121
5720	2	26	20	20	1	123
5721	2	26	21	21	1	124
5722	2	26	22	22	1	126
5723	2	26	23	23	1	127
5724	2	26	24	24	1	129
5725	2	26	25	25	1	130
5726	2	26	26	26	1	132
5727	2	26	27	27	1	133
5728	2	26	28	28	1	135
5729	2	26	29	29	1	136
5730	2	26	30	30	1	138
5731	2	26	31	31	1	139
5732	2	26	32	32	1	141
5733	2	27	0	0	1	95
5734	2	27	1	1	1	96
5735	2	27	2	2	1	97
5736	2	27	3	3	1	98
5737	2	27	4	4	1	100
5738	2	27	5	5	1	101
5739	2	27	6	6	1	103
5740	2	27	7	7	1	104
5741	2	27	8	8	1	106
5742	2	27	9	9	1	107
5743	2	27	10	10	1	109
5744	2	27	11	11	1	110
5745	2	27	12	12	1	112
5746	2	27	13	13	1	113
5747	2	27	14	14	1	115
5748	2	27	15	15	1	116
5749	2	27	16	16	1	118
5750	2	27	17	17	1	119
5751	2	27	18	18	1	121
5752	2	27	19	19	1	122
5753	2	27	20	20	1	124
5754	2	27	21	21	1	125
5755	2	27	22	22	1	127
5756	2	27	23	23	1	128
5757	2	27	24	24	1	130
5758	2	27	25	25	1	131
5759	2	27	26	26	1	133
5760	2	27	27	27	1	134
5761	2	27	28	28	1	136
5762	2	27	29	29	1	137
5763	2	27	30	30	1	139
5764	2	27	31	31	1	140
5765	2	28	0	0	1	96
5766	2	28	1	1	1	97
5767	2	28	2	2	1	98
5768	2	28	3	3	1	99
5769	2	28	4	4	1	101
5770	2	28	5	5	1	102
5771	2	28	6	6	1	104
5772	2	28	7	7	1	105
5773	2	28	8	8	1	107
5774	2	28	9	9	1	108
5775	2	28	10	10	1	110
5776	2	28	11	11	1	111
5777	2	28	12	12	1	113
5778	2	28	13	13	1	114
5779	2	28	14	14	1	116
5780	2	28	15	15	1	117
5781	2	28	16	16	1	119
5782	2	28	17	17	1	120
5783	2	28	18	18	1	122
5784	2	28	19	19	1	123
5785	2	28	20	20	1	125
5786	2	28	21	21	1	126
5787	2	28	22	22	1	128
5788	2	28	23	23	1	129
5789	2	28	24	24	1	131
5790	2	28	25	25	1	132
5791	2	28	26	26	1	134
5792	2	28	27	27	1	135
5793	2	28	28	28	1	137
5794	2	28	29	29	1	138
5795	2	28	30	30	1	140
5796	2	29	0	0	1	97
5797	2	29	1	1	1	98
5798	2	29	2	2	1	99
5799	2	29	3	3	1	100
5800	2	29	4	4	1	102
5801	2	29	5	5	1	103
5802	2	29	6	6	1	105
5803	2	29	7	7	1	106
5804	2	29	8	8	1	108
5805	2	29	9	9	1	109
5806	2	29	10	10	1	111
5807	2	29	11	11	1	112
5808	2	29	12	12	1	114
5809	2	29	13	13	1	115
5810	2	29	14	14	1	117
5811	2	29	15	15	1	118
5812	2	29	16	16	1	120
5813	2	29	17	17	1	121
5814	2	29	18	18	1	123
5815	2	29	19	19	1	124
5816	2	29	20	20	1	126
5817	2	29	21	21	1	127
5818	2	29	22	22	1	129
5819	2	29	23	23	1	130
5820	2	29	24	24	1	132
5821	2	29	25	25	1	133
5822	2	29	26	26	1	135
5823	2	29	27	27	1	136
5824	2	29	28	28	1	138
5825	2	29	29	29	1	139
5826	2	30	0	0	1	98
5827	2	30	1	1	1	99
5828	2	30	2	2	1	100
5829	2	30	3	3	1	101
5830	2	30	4	4	1	103
5831	2	30	5	5	1	104
5832	2	30	6	6	1	106
5833	2	30	7	7	1	107
5834	2	30	8	8	1	109
5835	2	30	9	9	1	110
5836	2	30	10	10	1	112
5837	2	30	11	11	1	113
5838	2	30	12	12	1	115
5839	2	30	13	13	1	116
5840	2	30	14	14	1	118
5841	2	30	15	15	1	119
5842	2	30	16	16	1	121
5843	2	30	17	17	1	122
5844	2	30	18	18	1	124
5845	2	30	19	19	1	125
5846	2	30	20	20	1	127
5847	2	30	21	21	1	128
5848	2	30	22	22	1	130
5849	2	30	23	23	1	131
5850	2	30	24	24	1	133
5851	2	30	25	25	1	134
5852	2	30	26	26	1	136
5853	2	30	27	27	1	137
5854	2	30	28	28	1	139
5855	2	31	0	0	1	99
5856	2	31	1	1	1	100
5857	2	31	2	2	1	101
5858	2	31	3	3	1	102
5859	2	31	4	4	1	104
5860	2	31	5	5	1	105
5861	2	31	6	6	1	107
5862	2	31	7	7	1	108
5863	2	31	8	8	1	110
5864	2	31	9	9	1	111
5865	2	31	10	10	1	113
5866	2	31	11	11	1	114
5867	2	31	12	12	1	116
5868	2	31	13	13	1	117
5869	2	31	14	14	1	119
5870	2	31	15	15	1	120
5871	2	31	16	16	1	122
5872	2	31	17	17	1	123
5873	2	31	18	18	1	125
5874	2	31	19	19	1	126
5875	2	31	20	20	1	128
5876	2	31	21	21	1	129
5877	2	31	22	22	1	131
5878	2	31	23	23	1	132
5879	2	31	24	24	1	134
5880	2	31	25	25	1	135
5881	2	31	26	26	1	137
5882	2	31	27	27	1	138
5883	2	32	0	0	1	100
5884	2	32	1	1	1	101
5885	2	32	2	2	1	102
5886	2	32	3	3	1	103
5887	2	32	4	4	1	105
5888	2	32	5	5	1	106
5889	2	32	6	6	1	108
5890	2	32	7	7	1	109
5891	2	32	8	8	1	111
5892	2	32	9	9	1	112
5893	2	32	10	10	1	114
5894	2	32	11	11	1	115
5895	2	32	12	12	1	117
5896	2	32	13	13	1	118
5897	2	32	14	14	1	120
5898	2	32	15	15	1	121
5899	2	32	16	16	1	123
5900	2	32	17	17	1	124
5901	2	32	18	18	1	126
5902	2	32	19	19	1	127
5903	2	32	20	20	1	129
5904	2	32	21	21	1	130
5905	2	32	22	22	1	132
5906	2	32	23	23	1	133
5907	2	32	24	24	1	135
5908	2	32	25	25	1	136
5909	2	32	26	26	1	138
5910	2	33	0	0	1	101
5911	2	33	1	1	1	102
5912	2	33	2	2	1	103
5913	2	33	3	3	1	104
5914	2	33	4	4	1	106
5915	2	33	5	5	1	107
5916	2	33	6	6	1	109
5917	2	33	7	7	1	110
5918	2	33	8	8	1	112
5919	2	33	9	9	1	113
5920	2	33	10	10	1	115
5921	2	33	11	11	1	116
5922	2	33	12	12	1	118
5923	2	33	13	13	1	119
5924	2	33	14	14	1	121
5925	2	33	15	15	1	122
5926	2	33	16	16	1	124
5927	2	33	17	17	1	125
5928	2	33	18	18	1	127
5929	2	33	19	19	1	128
5930	2	33	20	20	1	130
5931	2	33	21	21	1	131
5932	2	33	22	22	1	133
5933	2	33	23	23	1	134
5934	2	33	24	24	1	136
5935	2	33	25	25	1	137
5936	2	34	0	0	1	102
5937	2	34	1	1	1	103
5938	2	34	2	2	1	104
5939	2	34	3	3	1	105
5940	2	34	4	4	1	107
5941	2	34	5	5	1	108
5942	2	34	6	6	1	110
5943	2	34	7	7	1	111
5944	2	34	8	8	1	113
5945	2	34	9	9	1	114
5946	2	34	10	10	1	116
5947	2	34	11	11	1	117
5948	2	34	12	12	1	119
5949	2	34	13	13	1	120
5950	2	34	14	14	1	122
5951	2	34	15	15	1	123
5952	2	34	16	16	1	125
5953	2	34	17	17	1	126
5954	2	34	18	18	1	128
5955	2	34	19	19	1	129
5956	2	34	20	20	1	131
5957	2	34	21	21	1	132
5958	2	34	22	22	1	134
5959	2	34	23	23	1	135
5960	2	34	24	24	1	137
5961	2	35	0	0	1	103
5962	2	35	1	1	1	104
5963	2	35	2	2	1	105
5964	2	35	3	3	1	106
5965	2	35	4	4	1	108
5966	2	35	5	5	1	109
5967	2	35	6	6	1	111
5968	2	35	7	7	1	112
5969	2	35	8	8	1	114
5970	2	35	9	9	1	115
5971	2	35	10	10	1	117
5972	2	35	11	11	1	118
5973	2	35	12	12	1	120
5974	2	35	13	13	1	121
5975	2	35	14	14	1	123
5976	2	35	15	15	1	124
5977	2	35	16	16	1	126
5978	2	35	17	17	1	127
5979	2	35	18	18	1	129
5980	2	35	19	19	1	130
5981	2	35	20	20	1	132
5982	2	35	21	21	1	133
5983	2	35	22	22	1	135
5984	2	35	23	23	1	136
5985	2	36	0	0	1	104
5986	2	36	1	1	1	105
5987	2	36	2	2	1	106
5988	2	36	3	3	1	107
5989	2	36	4	4	1	109
5990	2	36	5	5	1	110
5991	2	36	6	6	1	112
5992	2	36	7	7	1	113
5993	2	36	8	8	1	115
5994	2	36	9	9	1	116
5995	2	36	10	10	1	118
5996	2	36	11	11	1	119
5997	2	36	12	12	1	121
5998	2	36	13	13	1	122
5999	2	36	14	14	1	124
6000	2	36	15	15	1	125
6001	2	36	16	16	1	127
6002	2	36	17	17	1	128
6003	2	36	18	18	1	130
6004	2	36	19	19	1	131
6005	2	36	20	20	1	133
6006	2	36	21	21	1	134
6007	2	36	22	22	1	136
6008	2	37	0	0	1	105
6009	2	37	1	1	1	106
6010	2	37	2	2	1	107
6011	2	37	3	3	1	108
6012	2	37	4	4	1	110
6013	2	37	5	5	1	111
6014	2	37	6	6	1	113
6015	2	37	7	7	1	114
6016	2	37	8	8	1	116
6017	2	37	9	9	1	117
6018	2	37	10	10	1	119
6019	2	37	11	11	1	120
6020	2	37	12	12	1	122
6021	2	37	13	13	1	123
6022	2	37	14	14	1	125
6023	2	37	15	15	1	126
6024	2	37	16	16	1	128
6025	2	37	17	17	1	129
6026	2	37	18	18	1	131
6027	2	37	19	19	1	132
6028	2	37	20	20	1	134
6029	2	37	21	21	1	135
6030	2	38	0	0	1	106
6031	2	38	1	1	1	107
6032	2	38	2	2	1	108
6033	2	38	3	3	1	109
6034	2	38	4	4	1	111
6035	2	38	5	5	1	112
6036	2	38	6	6	1	114
6037	2	38	7	7	1	115
6038	2	38	8	8	1	117
6039	2	38	9	9	1	118
6040	2	38	10	10	1	120
6041	2	38	11	11	1	121
6042	2	38	12	12	1	123
6043	2	38	13	13	1	124
6044	2	38	14	14	1	126
6045	2	38	15	15	1	127
6046	2	38	16	16	1	129
6047	2	38	17	17	1	130
6048	2	38	18	18	1	132
6049	2	38	19	19	1	133
6050	2	38	20	20	1	135
6051	2	39	0	0	1	107
6052	2	39	1	1	1	108
6053	2	39	2	2	1	109
6054	2	39	3	3	1	110
6055	2	39	4	4	1	112
6056	2	39	5	5	1	113
6057	2	39	6	6	1	115
6058	2	39	7	7	1	116
6059	2	39	8	8	1	118
6060	2	39	9	9	1	119
6061	2	39	10	10	1	121
6062	2	39	11	11	1	122
6063	2	39	12	12	1	124
6064	2	39	13	13	1	125
6065	2	39	14	14	1	127
6066	2	39	15	15	1	128
6067	2	39	16	16	1	130
6068	2	39	17	17	1	131
6069	2	39	18	18	1	133
6070	2	39	19	19	1	134
6071	2	40	0	0	1	108
6072	2	40	1	1	1	109
6073	2	40	2	2	1	110
6074	2	40	3	3	1	111
6075	2	40	4	4	1	113
6076	2	40	5	5	1	114
6077	2	40	6	6	1	116
6078	2	40	7	7	1	117
6079	2	40	8	8	1	119
6080	2	40	9	9	1	120
6081	2	40	10	10	1	122
6082	2	40	11	11	1	123
6083	2	40	12	12	1	125
6084	2	40	13	13	1	126
6085	2	40	14	14	1	128
6086	2	40	15	15	1	129
6087	2	40	16	16	1	131
6088	2	40	17	17	1	132
6089	2	40	18	18	1	134
6090	2	41	0	0	1	109
6091	2	41	1	1	1	110
6092	2	41	2	2	1	111
6093	2	41	3	3	1	112
6094	2	41	4	4	1	114
6095	2	41	5	5	1	115
6096	2	41	6	6	1	117
6097	2	41	7	7	1	118
6098	2	41	8	8	1	120
6099	2	41	9	9	1	121
6100	2	41	10	10	1	123
6101	2	41	11	11	1	124
6102	2	41	12	12	1	126
6103	2	41	13	13	1	127
6104	2	41	14	14	1	129
6105	2	41	15	15	1	130
6106	2	41	16	16	1	132
6107	2	41	17	17	1	133
6108	2	42	0	0	1	110
6109	2	42	1	1	1	111
6110	2	42	2	2	1	112
6111	2	42	3	3	1	113
6112	2	42	4	4	1	115
6113	2	42	5	5	1	116
6114	2	42	6	6	1	118
6115	2	42	7	7	1	119
6116	2	42	8	8	1	121
6117	2	42	9	9	1	122
6118	2	42	10	10	1	124
6119	2	42	11	11	1	125
6120	2	42	12	12	1	127
6121	2	42	13	13	1	128
6122	2	42	14	14	1	130
6123	2	42	15	15	1	131
6124	2	42	16	16	1	133
6125	2	43	0	0	1	111
6126	2	43	1	1	1	112
6127	2	43	2	2	1	113
6128	2	43	3	3	1	114
6129	2	43	4	4	1	116
6130	2	43	5	5	1	117
6131	2	43	6	6	1	119
6132	2	43	7	7	1	120
6133	2	43	8	8	1	122
6134	2	43	9	9	1	123
6135	2	43	10	10	1	125
6136	2	43	11	11	1	126
6137	2	43	12	12	1	128
6138	2	43	13	13	1	129
6139	2	43	14	14	1	131
6140	2	43	15	15	1	132
6141	2	44	0	0	1	112
6142	2	44	1	1	1	113
6143	2	44	2	2	1	114
6144	2	44	3	3	1	115
6145	2	44	4	4	1	117
6146	2	44	5	5	1	118
6147	2	44	6	6	1	120
6148	2	44	7	7	1	121
6149	2	44	8	8	1	123
6150	2	44	9	9	1	124
6151	2	44	10	10	1	126
6152	2	44	11	11	1	127
6153	2	44	12	12	1	129
6154	2	44	13	13	1	130
6155	2	44	14	14	1	132
6156	2	45	0	0	1	113
6157	2	45	1	1	1	114
6158	2	45	2	2	1	115
6159	2	45	3	3	1	116
6160	2	45	4	4	1	118
6161	2	45	5	5	1	119
6162	2	45	6	6	1	121
6163	2	45	7	7	1	122
6164	2	45	8	8	1	124
6165	2	45	9	9	1	125
6166	2	45	10	10	1	127
6167	2	45	11	11	1	128
6168	2	45	12	12	1	130
6169	2	45	13	13	1	131
6170	2	46	0	0	1	114
6171	2	46	1	1	1	115
6172	2	46	2	2	1	116
6173	2	46	3	3	1	117
6174	2	46	4	4	1	119
6175	2	46	5	5	1	120
6176	2	46	6	6	1	122
6177	2	46	7	7	1	123
6178	2	46	8	8	1	125
6179	2	46	9	9	1	126
6180	2	46	10	10	1	128
6181	2	46	11	11	1	129
6182	2	46	12	12	1	131
6183	2	47	0	0	1	115
6184	2	47	1	1	1	116
6185	2	47	2	2	1	117
6186	2	47	3	3	1	118
6187	2	47	4	4	1	120
6188	2	47	5	5	1	121
6189	2	47	6	6	1	123
6190	2	47	7	7	1	124
6191	2	47	8	8	1	126
6192	2	47	9	9	1	127
6193	2	47	10	10	1	129
6194	2	47	11	11	1	130
6195	2	48	0	0	1	116
6196	2	48	1	1	1	117
6197	2	48	2	2	1	118
6198	2	48	3	3	1	119
6199	2	48	4	4	1	121
6200	2	48	5	5	1	122
6201	2	48	6	6	1	124
6202	2	48	7	7	1	125
6203	2	48	8	8	1	127
6204	2	48	9	9	1	128
6205	2	48	10	10	1	130
6206	2	49	0	0	1	117
6207	2	49	1	1	1	118
6208	2	49	2	2	1	119
6209	2	49	3	3	1	120
6210	2	49	4	4	1	122
6211	2	49	5	5	1	123
6212	2	49	6	6	1	125
6213	2	49	7	7	1	126
6214	2	49	8	8	1	128
6215	2	49	9	9	1	129
6216	2	50	0	0	1	118
6217	2	50	1	1	1	119
6218	2	50	2	2	1	120
6219	2	50	3	3	1	121
6220	2	50	4	4	1	123
6221	2	50	5	5	1	124
6222	2	50	6	6	1	126
6223	2	50	7	7	1	127
6224	2	50	8	8	1	129
6225	2	51	0	0	1	119
6226	2	51	1	1	1	120
6227	2	51	2	2	1	121
6228	2	51	3	3	1	122
6229	2	51	4	4	1	124
6230	2	51	5	5	1	125
6231	2	51	6	6	1	127
6232	2	51	7	7	1	128
6233	2	52	0	0	1	120
6234	2	52	1	1	1	121
6235	2	52	2	2	1	122
6236	2	52	3	3	1	123
6237	2	52	4	4	1	125
6238	2	52	5	5	1	126
6239	2	52	6	6	1	128
6240	2	53	0	0	1	121
6241	2	53	1	1	1	122
6242	2	53	2	2	1	123
6243	2	53	3	3	1	124
6244	2	53	4	4	1	126
6245	2	53	5	5	1	127
6246	2	54	0	0	1	122
6247	2	54	1	1	1	123
6248	2	54	2	2	1	124
6249	2	54	3	3	1	125
6250	2	54	4	4	1	127
6251	2	55	0	0	1	123
6252	2	55	1	1	1	124
6253	2	55	2	2	1	125
6254	2	55	3	3	1	126
6255	2	56	0	0	1	124
6256	2	56	1	1	1	125
6257	2	56	2	2	1	126
6258	2	57	0	0	1	125
6259	2	57	1	1	1	126
6260	2	58	0	0	1	126
6261	3	0	0	59	148	155
6262	3	0	1	60	148	157
6263	3	0	2	61	148	158
6264	3	0	3	62	148	160
6265	3	0	4	63	148	161
6266	3	0	5	64	148	163
6267	3	0	6	65	148	164
6268	3	0	7	66	148	166
6269	3	0	8	67	148	167
6270	3	0	9	68	148	169
6271	3	0	10	69	148	170
6272	3	0	11	70	148	172
6273	3	0	12	71	148	173
6274	3	0	13	72	148	175
6275	3	0	14	73	148	176
6276	3	0	15	74	148	178
6277	3	0	16	75	148	179
6278	3	0	17	76	148	181
6279	3	0	18	77	148	182
6280	3	0	19	78	148	184
6281	3	0	20	79	148	185
6282	3	0	21	80	148	187
6283	3	0	22	81	148	188
6284	3	0	23	82	148	190
6285	3	0	24	83	148	191
6286	3	0	25	84	148	193
6287	3	0	26	85	148	194
6288	3	0	27	86	148	196
6289	3	0	28	87	148	197
6290	3	0	29	88	148	199
6291	3	0	30	89	148	200
6292	3	0	31	90	148	202
6293	3	0	32	91	148	203
6294	3	0	33	92	148	205
6295	3	0	34	93	148	206
6296	3	0	35	94	148	208
6297	3	0	36	95	148	209
6298	3	0	37	96	148	211
6299	3	0	38	97	148	212
6300	3	0	39	98	148	214
6301	3	0	40	99	148	215
6302	3	0	41	100	148	217
6303	3	0	42	101	148	218
6304	3	0	43	102	148	220
6305	3	0	44	103	148	221
6306	3	0	45	104	148	223
6307	3	0	46	105	148	224
6308	3	0	47	106	148	226
6309	3	0	48	107	148	227
6310	3	1	0	58	135	155
6311	3	1	1	59	135	156
6312	3	1	2	60	135	158
6313	3	1	3	61	135	159
6314	3	1	4	62	135	161
6315	3	1	5	63	135	162
6316	3	1	6	64	135	164
6317	3	1	7	65	135	165
6318	3	1	8	66	135	167
6319	3	1	9	67	135	168
6320	3	1	10	68	135	170
6321	3	1	11	69	135	171
6322	3	1	12	70	135	173
6323	3	1	13	71	135	174
6324	3	1	14	72	135	176
6325	3	1	15	73	135	177
6326	3	1	16	74	135	179
6327	3	1	17	75	135	180
6328	3	1	18	76	135	182
6329	3	1	19	77	135	183
6330	3	1	20	78	135	185
6331	3	1	21	79	135	186
6332	3	1	22	80	135	188
6333	3	1	23	81	135	189
6334	3	1	24	82	135	191
6335	3	1	25	83	135	192
6336	3	1	26	84	135	194
6337	3	1	27	85	135	195
6338	3	1	28	86	135	197
6339	3	1	29	87	135	198
6340	3	1	30	88	135	200
6341	3	1	31	89	135	201
6342	3	1	32	90	135	203
6343	3	1	33	91	135	204
6344	3	1	34	92	135	206
6345	3	1	35	93	135	207
6346	3	1	36	94	135	209
6347	3	1	37	95	135	210
6348	3	1	38	96	135	212
6349	3	1	39	97	135	213
6350	3	1	40	98	135	215
6351	3	1	41	99	135	216
6352	3	1	42	100	135	218
6353	3	1	43	101	135	219
6354	3	1	44	102	135	221
6355	3	1	45	103	135	222
6356	3	1	46	104	135	224
6357	3	1	47	105	135	225
6358	3	2	0	57	45	154
6359	3	2	1	58	45	156
6360	3	2	2	59	45	157
6361	3	2	3	60	45	159
6362	3	2	4	61	45	160
6363	3	2	5	62	45	162
6364	3	2	6	63	45	163
6365	3	2	7	64	45	165
6366	3	2	8	65	45	166
6367	3	2	9	66	45	168
6368	3	2	10	67	45	169
6369	3	2	11	68	45	171
6370	3	2	12	69	45	172
6371	3	2	13	70	45	174
6372	3	2	14	71	45	175
6373	3	2	15	72	45	177
6374	3	2	16	73	45	178
6375	3	2	17	74	45	180
6376	3	2	18	75	45	181
6377	3	2	19	76	45	183
6378	3	2	20	77	45	184
6379	3	2	21	78	45	186
6380	3	2	22	79	45	187
6381	3	2	23	80	45	189
6382	3	2	24	81	45	190
6383	3	2	25	82	45	192
6384	3	2	26	83	45	193
6385	3	2	27	84	45	195
6386	3	2	28	85	45	196
6387	3	2	29	86	45	198
6388	3	2	30	87	45	199
6389	3	2	31	88	45	201
6390	3	2	32	89	45	202
6391	3	2	33	90	45	204
6392	3	2	34	91	45	205
6393	3	2	35	92	45	207
6394	3	2	36	93	45	208
6395	3	2	37	94	45	210
6396	3	2	38	95	45	211
6397	3	2	39	96	45	213
6398	3	2	40	97	45	214
6399	3	2	41	98	45	216
6400	3	2	42	99	45	217
6401	3	2	43	100	45	219
6402	3	2	44	101	45	220
6403	3	2	45	102	45	222
6404	3	2	46	103	45	223
6405	3	3	0	56	15	154
6406	3	3	1	57	15	155
6407	3	3	2	58	15	157
6408	3	3	3	59	15	158
6409	3	3	4	60	15	160
6410	3	3	5	61	15	161
6411	3	3	6	62	15	163
6412	3	3	7	63	15	164
6413	3	3	8	64	15	166
6414	3	3	9	65	15	167
6415	3	3	10	66	15	169
6416	3	3	11	67	15	170
6417	3	3	12	68	15	172
6418	3	3	13	69	15	173
6419	3	3	14	70	15	175
6420	3	3	15	71	15	176
6421	3	3	16	72	15	178
6422	3	3	17	73	15	179
6423	3	3	18	74	15	181
6424	3	3	19	75	15	182
6425	3	3	20	76	15	184
6426	3	3	21	77	15	185
6427	3	3	22	78	15	187
6428	3	3	23	79	15	188
6429	3	3	24	80	15	190
6430	3	3	25	81	15	191
6431	3	3	26	82	15	193
6432	3	3	27	83	15	194
6433	3	3	28	84	15	196
6434	3	3	29	85	15	197
6435	3	3	30	86	15	199
6436	3	3	31	87	15	200
6437	3	3	32	88	15	202
6438	3	3	33	89	15	203
6439	3	3	34	90	15	205
6440	3	3	35	91	15	206
6441	3	3	36	92	15	208
6442	3	3	37	93	15	209
6443	3	3	38	94	15	211
6444	3	3	39	95	15	212
6445	3	3	40	96	15	214
6446	3	3	41	97	15	215
6447	3	3	42	98	15	217
6448	3	3	43	99	15	218
6449	3	3	44	100	15	220
6450	3	3	45	101	15	221
6451	3	4	0	55	5	153
6452	3	4	1	56	5	155
6453	3	4	2	57	5	156
6454	3	4	3	58	5	158
6455	3	4	4	59	5	159
6456	3	4	5	60	5	161
6457	3	4	6	61	5	162
6458	3	4	7	62	5	164
6459	3	4	8	63	5	165
6460	3	4	9	64	5	167
6461	3	4	10	65	5	168
6462	3	4	11	66	5	170
6463	3	4	12	67	5	171
6464	3	4	13	68	5	173
6465	3	4	14	69	5	174
6466	3	4	15	70	5	176
6467	3	4	16	71	5	177
6468	3	4	17	72	5	179
6469	3	4	18	73	5	180
6470	3	4	19	74	5	182
6471	3	4	20	75	5	183
6472	3	4	21	76	5	185
6473	3	4	22	77	5	186
6474	3	4	23	78	5	188
6475	3	4	24	79	5	189
6476	3	4	25	80	5	191
6477	3	4	26	81	5	192
6478	3	4	27	82	5	194
6479	3	4	28	83	5	195
6480	3	4	29	84	5	197
6481	3	4	30	85	5	198
6482	3	4	31	86	5	200
6483	3	4	32	87	5	201
6484	3	4	33	88	5	203
6485	3	4	34	89	5	204
6486	3	4	35	90	5	206
6487	3	4	36	91	5	207
6488	3	4	37	92	5	209
6489	3	4	38	93	5	210
6490	3	4	39	94	5	212
6491	3	4	40	95	5	213
6492	3	4	41	96	5	215
6493	3	4	42	97	5	216
6494	3	4	43	98	5	218
6495	3	4	44	99	5	219
6496	3	5	0	54	173	153
6497	3	5	1	55	173	154
6498	3	5	2	56	173	156
6499	3	5	3	57	173	157
6500	3	5	4	58	173	159
6501	3	5	5	59	173	160
6502	3	5	6	60	173	162
6503	3	5	7	61	173	163
6504	3	5	8	62	173	165
6505	3	5	9	63	173	166
6506	3	5	10	64	173	168
6507	3	5	11	65	173	169
6508	3	5	12	66	173	171
6509	3	5	13	67	173	172
6510	3	5	14	68	173	174
6511	3	5	15	69	173	175
6512	3	5	16	70	173	177
6513	3	5	17	71	173	178
6514	3	5	18	72	173	180
6515	3	5	19	73	173	181
6516	3	5	20	74	173	183
6517	3	5	21	75	173	184
6518	3	5	22	76	173	186
6519	3	5	23	77	173	187
6520	3	5	24	78	173	189
6521	3	5	25	79	173	190
6522	3	5	26	80	173	192
6523	3	5	27	81	173	193
6524	3	5	28	82	173	195
6525	3	5	29	83	173	196
6526	3	5	30	84	173	198
6527	3	5	31	85	173	199
6528	3	5	32	86	173	201
6529	3	5	33	87	173	202
6530	3	5	34	88	173	204
6531	3	5	35	89	173	205
6532	3	5	36	90	173	207
6533	3	5	37	91	173	208
6534	3	5	38	92	173	210
6535	3	5	39	93	173	211
6536	3	5	40	94	173	213
6537	3	5	41	95	173	214
6538	3	5	42	96	173	216
6539	3	5	43	97	173	217
6540	3	6	0	53	229	152
6541	3	6	1	54	229	154
6542	3	6	2	55	229	155
6543	3	6	3	56	229	157
6544	3	6	4	57	229	158
6545	3	6	5	58	229	160
6546	3	6	6	59	229	161
6547	3	6	7	60	229	163
6548	3	6	8	61	229	164
6549	3	6	9	62	229	166
6550	3	6	10	63	229	167
6551	3	6	11	64	229	169
6552	3	6	12	65	229	170
6553	3	6	13	66	229	172
6554	3	6	14	67	229	173
6555	3	6	15	68	229	175
6556	3	6	16	69	229	176
6557	3	6	17	70	229	178
6558	3	6	18	71	229	179
6559	3	6	19	72	229	181
6560	3	6	20	73	229	182
6561	3	6	21	74	229	184
6562	3	6	22	75	229	185
6563	3	6	23	76	229	187
6564	3	6	24	77	229	188
6565	3	6	25	78	229	190
6566	3	6	26	79	229	191
6567	3	6	27	80	229	193
6568	3	6	28	81	229	194
6569	3	6	29	82	229	196
6570	3	6	30	83	229	197
6571	3	6	31	84	229	199
6572	3	6	32	85	229	200
6573	3	6	33	86	229	202
6574	3	6	34	87	229	203
6575	3	6	35	88	229	205
6576	3	6	36	89	229	206
6577	3	6	37	90	229	208
6578	3	6	38	91	229	209
6579	3	6	39	92	229	211
6580	3	6	40	93	229	212
6581	3	6	41	94	229	214
6582	3	6	42	95	229	215
6583	3	7	0	52	162	152
6584	3	7	1	53	162	153
6585	3	7	2	54	162	155
6586	3	7	3	55	162	156
6587	3	7	4	56	162	158
6588	3	7	5	57	162	159
6589	3	7	6	58	162	161
6590	3	7	7	59	162	162
6591	3	7	8	60	162	164
6592	3	7	9	61	162	165
6593	3	7	10	62	162	167
6594	3	7	11	63	162	168
6595	3	7	12	64	162	170
6596	3	7	13	65	162	171
6597	3	7	14	66	162	173
6598	3	7	15	67	162	174
6599	3	7	16	68	162	176
6600	3	7	17	69	162	177
6601	3	7	18	70	162	179
6602	3	7	19	71	162	180
6603	3	7	20	72	162	182
6604	3	7	21	73	162	183
6605	3	7	22	74	162	185
6606	3	7	23	75	162	186
6607	3	7	24	76	162	188
6608	3	7	25	77	162	189
6609	3	7	26	78	162	191
6610	3	7	27	79	162	192
6611	3	7	28	80	162	194
6612	3	7	29	81	162	195
6613	3	7	30	82	162	197
6614	3	7	31	83	162	198
6615	3	7	32	84	162	200
6616	3	7	33	85	162	201
6617	3	7	34	86	162	203
6618	3	7	35	87	162	204
6619	3	7	36	88	162	206
6620	3	7	37	89	162	207
6621	3	7	38	90	162	209
6622	3	7	39	91	162	210
6623	3	7	40	92	162	212
6624	3	7	41	93	162	213
6625	3	8	0	51	54	151
6626	3	8	1	52	54	153
6627	3	8	2	53	54	154
6628	3	8	3	54	54	156
6629	3	8	4	55	54	157
6630	3	8	5	56	54	159
6631	3	8	6	57	54	160
6632	3	8	7	58	54	162
6633	3	8	8	59	54	163
6634	3	8	9	60	54	165
6635	3	8	10	61	54	166
6636	3	8	11	62	54	168
6637	3	8	12	63	54	169
6638	3	8	13	64	54	171
6639	3	8	14	65	54	172
6640	3	8	15	66	54	174
6641	3	8	16	67	54	175
6642	3	8	17	68	54	177
6643	3	8	18	69	54	178
6644	3	8	19	70	54	180
6645	3	8	20	71	54	181
6646	3	8	21	72	54	183
6647	3	8	22	73	54	184
6648	3	8	23	74	54	186
6649	3	8	24	75	54	187
6650	3	8	25	76	54	189
6651	3	8	26	77	54	190
6652	3	8	27	78	54	192
6653	3	8	28	79	54	193
6654	3	8	29	80	54	195
6655	3	8	30	81	54	196
6656	3	8	31	82	54	198
6657	3	8	32	83	54	199
6658	3	8	33	84	54	201
6659	3	8	34	85	54	202
6660	3	8	35	86	54	204
6661	3	8	36	87	54	205
6662	3	8	37	88	54	207
6663	3	8	38	89	54	208
6664	3	8	39	90	54	210
6665	3	8	40	91	54	211
6666	3	9	0	50	18	151
6667	3	9	1	51	18	152
6668	3	9	2	52	18	154
6669	3	9	3	53	18	155
6670	3	9	4	54	18	157
6671	3	9	5	55	18	158
6672	3	9	6	56	18	160
6673	3	9	7	57	18	161
6674	3	9	8	58	18	163
6675	3	9	9	59	18	164
6676	3	9	10	60	18	166
6677	3	9	11	61	18	167
6678	3	9	12	62	18	169
6679	3	9	13	63	18	170
6680	3	9	14	64	18	172
6681	3	9	15	65	18	173
6682	3	9	16	66	18	175
6683	3	9	17	67	18	176
6684	3	9	18	68	18	178
6685	3	9	19	69	18	179
6686	3	9	20	70	18	181
6687	3	9	21	71	18	182
6688	3	9	22	72	18	184
6689	3	9	23	73	18	185
6690	3	9	24	74	18	187
6691	3	9	25	75	18	188
6692	3	9	26	76	18	190
6693	3	9	27	77	18	191
6694	3	9	28	78	18	193
6695	3	9	29	79	18	194
6696	3	9	30	80	18	196
6697	3	9	31	81	18	197
6698	3	9	32	82	18	199
6699	3	9	33	83	18	200
6700	3	9	34	84	18	202
6701	3	9	35	85	18	203
6702	3	9	36	86	18	205
6703	3	9	37	87	18	206
6704	3	9	38	88	18	208
6705	3	9	39	89	18	209
6706	3	10	0	49	6	150
6707	3	10	1	50	6	152
6708	3	10	2	51	6	153
6709	3	10	3	52	6	155
6710	3	10	4	53	6	156
6711	3	10	5	54	6	158
6712	3	10	6	55	6	159
6713	3	10	7	56	6	161
6714	3	10	8	57	6	162
6715	3	10	9	58	6	164
6716	3	10	10	59	6	165
6717	3	10	11	60	6	167
6718	3	10	12	61	6	168
6719	3	10	13	62	6	170
6720	3	10	14	63	6	171
6721	3	10	15	64	6	173
6722	3	10	16	65	6	174
6723	3	10	17	66	6	176
6724	3	10	18	67	6	177
6725	3	10	19	68	6	179
6726	3	10	20	69	6	180
6727	3	10	21	70	6	182
6728	3	10	22	71	6	183
6729	3	10	23	72	6	185
6730	3	10	24	73	6	186
6731	3	10	25	74	6	188
6732	3	10	26	75	6	189
6733	3	10	27	76	6	191
6734	3	10	28	77	6	192
6735	3	10	29	78	6	194
6736	3	10	30	79	6	195
6737	3	10	31	80	6	197
6738	3	10	32	81	6	198
6739	3	10	33	82	6	200
6740	3	10	34	83	6	201
6741	3	10	35	84	6	203
6742	3	10	36	85	6	204
6743	3	10	37	86	6	206
6744	3	10	38	87	6	207
6745	3	11	0	48	2	150
6746	3	11	1	49	2	151
6747	3	11	2	50	2	153
6748	3	11	3	51	2	154
6749	3	11	4	52	2	156
6750	3	11	5	53	2	157
6751	3	11	6	54	2	159
6752	3	11	7	55	2	160
6753	3	11	8	56	2	162
6754	3	11	9	57	2	163
6755	3	11	10	58	2	165
6756	3	11	11	59	2	166
6757	3	11	12	60	2	168
6758	3	11	13	61	2	169
6759	3	11	14	62	2	171
6760	3	11	15	63	2	172
6761	3	11	16	64	2	174
6762	3	11	17	65	2	175
6763	3	11	18	66	2	177
6764	3	11	19	67	2	178
6765	3	11	20	68	2	180
6766	3	11	21	69	2	181
6767	3	11	22	70	2	183
6768	3	11	23	71	2	184
6769	3	11	24	72	2	186
6770	3	11	25	73	2	187
6771	3	11	26	74	2	189
6772	3	11	27	75	2	190
6773	3	11	28	76	2	192
6774	3	11	29	77	2	193
6775	3	11	30	78	2	195
6776	3	11	31	79	2	196
6777	3	11	32	80	2	198
6778	3	11	33	81	2	199
6779	3	11	34	82	2	201
6780	3	11	35	83	2	202
6781	3	11	36	84	2	204
6782	3	11	37	85	2	205
6783	3	12	0	47	172	149
6784	3	12	1	48	172	151
6785	3	12	2	49	172	152
6786	3	12	3	50	172	154
6787	3	12	4	51	172	155
6788	3	12	5	52	172	157
6789	3	12	6	53	172	158
6790	3	12	7	54	172	160
6791	3	12	8	55	172	161
6792	3	12	9	56	172	163
6793	3	12	10	57	172	164
6794	3	12	11	58	172	166
6795	3	12	12	59	172	167
6796	3	12	13	60	172	169
6797	3	12	14	61	172	170
6798	3	12	15	62	172	172
6799	3	12	16	63	172	173
6800	3	12	17	64	172	175
6801	3	12	18	65	172	176
6802	3	12	19	66	172	178
6803	3	12	20	67	172	179
6804	3	12	21	68	172	181
6805	3	12	22	69	172	182
6806	3	12	23	70	172	184
6807	3	12	24	71	172	185
6808	3	12	25	72	172	187
6809	3	12	26	73	172	188
6810	3	12	27	74	172	190
6811	3	12	28	75	172	191
6812	3	12	29	76	172	193
6813	3	12	30	77	172	194
6814	3	12	31	78	172	196
6815	3	12	32	79	172	197
6816	3	12	33	80	172	199
6817	3	12	34	81	172	200
6818	3	12	35	82	172	202
6819	3	12	36	83	172	203
6820	3	13	0	46	143	149
6821	3	13	1	47	143	150
6822	3	13	2	48	143	152
6823	3	13	3	49	143	153
6824	3	13	4	50	143	155
6825	3	13	5	51	143	156
6826	3	13	6	52	143	158
6827	3	13	7	53	143	159
6828	3	13	8	54	143	161
6829	3	13	9	55	143	162
6830	3	13	10	56	143	164
6831	3	13	11	57	143	165
6832	3	13	12	58	143	167
6833	3	13	13	59	143	168
6834	3	13	14	60	143	170
6835	3	13	15	61	143	171
6836	3	13	16	62	143	173
6837	3	13	17	63	143	174
6838	3	13	18	64	143	176
6839	3	13	19	65	143	177
6840	3	13	20	66	143	179
6841	3	13	21	67	143	180
6842	3	13	22	68	143	182
6843	3	13	23	69	143	183
6844	3	13	24	70	143	185
6845	3	13	25	71	143	186
6846	3	13	26	72	143	188
6847	3	13	27	73	143	189
6848	3	13	28	74	143	191
6849	3	13	29	75	143	192
6850	3	13	30	76	143	194
6851	3	13	31	77	143	195
6852	3	13	32	78	143	197
6853	3	13	33	79	143	198
6854	3	13	34	80	143	200
6855	3	13	35	81	143	201
6856	3	14	0	45	219	148
6857	3	14	1	46	219	150
6858	3	14	2	47	219	151
6859	3	14	3	48	219	153
6860	3	14	4	49	219	154
6861	3	14	5	50	219	156
6862	3	14	6	51	219	157
6863	3	14	7	52	219	159
6864	3	14	8	53	219	160
6865	3	14	9	54	219	162
6866	3	14	10	55	219	163
6867	3	14	11	56	219	165
6868	3	14	12	57	219	166
6869	3	14	13	58	219	168
6870	3	14	14	59	219	169
6871	3	14	15	60	219	171
6872	3	14	16	61	219	172
6873	3	14	17	62	219	174
6874	3	14	18	63	219	175
6875	3	14	19	64	219	177
6876	3	14	20	65	219	178
6877	3	14	21	66	219	180
6878	3	14	22	67	219	181
6879	3	14	23	68	219	183
6880	3	14	24	69	219	184
6881	3	14	25	70	219	186
6882	3	14	26	71	219	187
6883	3	14	27	72	219	189
6884	3	14	28	73	219	190
6885	3	14	29	74	219	192
6886	3	14	30	75	219	193
6887	3	14	31	76	219	195
6888	3	14	32	77	219	196
6889	3	14	33	78	219	198
6890	3	14	34	79	219	199
6891	3	15	0	44	73	148
6892	3	15	1	45	73	149
6893	3	15	2	46	73	151
6894	3	15	3	47	73	152
6895	3	15	4	48	73	154
6896	3	15	5	49	73	155
6897	3	15	6	50	73	157
6898	3	15	7	51	73	158
6899	3	15	8	52	73	160
6900	3	15	9	53	73	161
6901	3	15	10	54	73	163
6902	3	15	11	55	73	164
6903	3	15	12	56	73	166
6904	3	15	13	57	73	167
6905	3	15	14	58	73	169
6906	3	15	15	59	73	170
6907	3	15	16	60	73	172
6908	3	15	17	61	73	173
6909	3	15	18	62	73	175
6910	3	15	19	63	73	176
6911	3	15	20	64	73	178
6912	3	15	21	65	73	179
6913	3	15	22	66	73	181
6914	3	15	23	67	73	182
6915	3	15	24	68	73	184
6916	3	15	25	69	73	185
6917	3	15	26	70	73	187
6918	3	15	27	71	73	188
6919	3	15	28	72	73	190
6920	3	15	29	73	73	191
6921	3	15	30	74	73	193
6922	3	15	31	75	73	194
6923	3	15	32	76	73	196
6924	3	15	33	77	73	197
6925	3	16	0	43	110	147
6926	3	16	1	44	110	149
6927	3	16	2	45	110	150
6928	3	16	3	46	110	152
6929	3	16	4	47	110	153
6930	3	16	5	48	110	155
6931	3	16	6	49	110	156
6932	3	16	7	50	110	158
6933	3	16	8	51	110	159
6934	3	16	9	52	110	161
6935	3	16	10	53	110	162
6936	3	16	11	54	110	164
6937	3	16	12	55	110	165
6938	3	16	13	56	110	167
6939	3	16	14	57	110	168
6940	3	16	15	58	110	170
6941	3	16	16	59	110	171
6942	3	16	17	60	110	173
6943	3	16	18	61	110	174
6944	3	16	19	62	110	176
6945	3	16	20	63	110	177
6946	3	16	21	64	110	179
6947	3	16	22	65	110	180
6948	3	16	23	66	110	182
6949	3	16	24	67	110	183
6950	3	16	25	68	110	185
6951	3	16	26	69	110	186
6952	3	16	27	70	110	188
6953	3	16	28	71	110	189
6954	3	16	29	72	110	191
6955	3	16	30	73	110	192
6956	3	16	31	74	110	194
6957	3	16	32	75	110	195
6958	3	17	0	42	208	147
6959	3	17	1	43	208	148
6960	3	17	2	44	208	150
6961	3	17	3	45	208	151
6962	3	17	4	46	208	153
6963	3	17	5	47	208	154
6964	3	17	6	48	208	156
6965	3	17	7	49	208	157
6966	3	17	8	50	208	159
6967	3	17	9	51	208	160
6968	3	17	10	52	208	162
6969	3	17	11	53	208	163
6970	3	17	12	54	208	165
6971	3	17	13	55	208	166
6972	3	17	14	56	208	168
6973	3	17	15	57	208	169
6974	3	17	16	58	208	171
6975	3	17	17	59	208	172
6976	3	17	18	60	208	174
6977	3	17	19	61	208	175
6978	3	17	20	62	208	177
6979	3	17	21	63	208	178
6980	3	17	22	64	208	180
6981	3	17	23	65	208	181
6982	3	17	24	66	208	183
6983	3	17	25	67	208	184
6984	3	17	26	68	208	186
6985	3	17	27	69	208	187
6986	3	17	28	70	208	189
6987	3	17	29	71	208	190
6988	3	17	30	72	208	192
6989	3	17	31	73	208	193
6990	3	18	0	41	155	146
6991	3	18	1	42	155	148
6992	3	18	2	43	155	149
6993	3	18	3	44	155	151
6994	3	18	4	45	155	152
6995	3	18	5	46	155	154
6996	3	18	6	47	155	155
6997	3	18	7	48	155	157
6998	3	18	8	49	155	158
6999	3	18	9	50	155	160
7000	3	18	10	51	155	161
7001	3	18	11	52	155	163
7002	3	18	12	53	155	164
7003	3	18	13	54	155	166
7004	3	18	14	55	155	167
7005	3	18	15	56	155	169
7006	3	18	16	57	155	170
7007	3	18	17	58	155	172
7008	3	18	18	59	155	173
7009	3	18	19	60	155	175
7010	3	18	20	61	155	176
7011	3	18	21	62	155	178
7012	3	18	22	63	155	179
7013	3	18	23	64	155	181
7014	3	18	24	65	155	182
7015	3	18	25	66	155	184
7016	3	18	26	67	155	185
7017	3	18	27	68	155	187
7018	3	18	28	69	155	188
7019	3	18	29	70	155	190
7020	3	18	30	71	155	191
7021	3	19	0	40	223	146
7022	3	19	1	41	223	147
7023	3	19	2	42	223	149
7024	3	19	3	43	223	150
7025	3	19	4	44	223	152
7026	3	19	5	45	223	153
7027	3	19	6	46	223	155
7028	3	19	7	47	223	156
7029	3	19	8	48	223	158
7030	3	19	9	49	223	159
7031	3	19	10	50	223	161
7032	3	19	11	51	223	162
7033	3	19	12	52	223	164
7034	3	19	13	53	223	165
7035	3	19	14	54	223	167
7036	3	19	15	55	223	168
7037	3	19	16	56	223	170
7038	3	19	17	57	223	171
7039	3	19	18	58	223	173
7040	3	19	19	59	223	174
7041	3	19	20	60	223	176
7042	3	19	21	61	223	177
7043	3	19	22	62	223	179
7044	3	19	23	63	223	180
7045	3	19	24	64	223	182
7046	3	19	25	65	223	183
7047	3	19	26	66	223	185
7048	3	19	27	67	223	186
7049	3	19	28	68	223	188
7050	3	19	29	69	223	189
7051	3	20	0	39	160	145
7052	3	20	1	40	160	147
7053	3	20	2	41	160	148
7054	3	20	3	42	160	150
7055	3	20	4	43	160	151
7056	3	20	5	44	160	153
7057	3	20	6	45	160	154
7058	3	20	7	46	160	156
7059	3	20	8	47	160	157
7060	3	20	9	48	160	159
7061	3	20	10	49	160	160
7062	3	20	11	50	160	162
7063	3	20	12	51	160	163
7064	3	20	13	52	160	165
7065	3	20	14	53	160	166
7066	3	20	15	54	160	168
7067	3	20	16	55	160	169
7068	3	20	17	56	160	171
7069	3	20	18	57	160	172
7070	3	20	19	58	160	174
7071	3	20	20	59	160	175
7072	3	20	21	60	160	177
7073	3	20	22	61	160	178
7074	3	20	23	62	160	180
7075	3	20	24	63	160	181
7076	3	20	25	64	160	183
7077	3	20	26	65	160	184
7078	3	20	27	66	160	186
7079	3	20	28	67	160	187
7080	3	21	0	38	139	145
7081	3	21	1	39	139	146
7082	3	21	2	40	139	148
7083	3	21	3	41	139	149
7084	3	21	4	42	139	151
7085	3	21	5	43	139	152
7086	3	21	6	44	139	154
7087	3	21	7	45	139	155
7088	3	21	8	46	139	157
7089	3	21	9	47	139	158
7090	3	21	10	48	139	160
7091	3	21	11	49	139	161
7092	3	21	12	50	139	163
7093	3	21	13	51	139	164
7094	3	21	14	52	139	166
7095	3	21	15	53	139	167
7096	3	21	16	54	139	169
7097	3	21	17	55	139	170
7098	3	21	18	56	139	172
7099	3	21	19	57	139	173
7100	3	21	20	58	139	175
7101	3	21	21	59	139	176
7102	3	21	22	60	139	178
7103	3	21	23	61	139	179
7104	3	21	24	62	139	181
7105	3	21	25	63	139	182
7106	3	21	26	64	139	184
7107	3	21	27	65	139	185
7108	3	22	0	37	132	144
7109	3	22	1	38	132	146
7110	3	22	2	39	132	147
7111	3	22	3	40	132	149
7112	3	22	4	41	132	150
7113	3	22	5	42	132	152
7114	3	22	6	43	132	153
7115	3	22	7	44	132	155
7116	3	22	8	45	132	156
7117	3	22	9	46	132	158
7118	3	22	10	47	132	159
7119	3	22	11	48	132	161
7120	3	22	12	49	132	162
7121	3	22	13	50	132	164
7122	3	22	14	51	132	165
7123	3	22	15	52	132	167
7124	3	22	16	53	132	168
7125	3	22	17	54	132	170
7126	3	22	18	55	132	171
7127	3	22	19	56	132	173
7128	3	22	20	57	132	174
7129	3	22	21	58	132	176
7130	3	22	22	59	132	177
7131	3	22	23	60	132	179
7132	3	22	24	61	132	180
7133	3	22	25	62	132	182
7134	3	22	26	63	132	183
7135	3	23	0	36	44	144
7136	3	23	1	37	44	145
7137	3	23	2	38	44	147
7138	3	23	3	39	44	148
7139	3	23	4	40	44	150
7140	3	23	5	41	44	151
7141	3	23	6	42	44	153
7142	3	23	7	43	44	154
7143	3	23	8	44	44	156
7144	3	23	9	45	44	157
7145	3	23	10	46	44	159
7146	3	23	11	47	44	160
7147	3	23	12	48	44	162
7148	3	23	13	49	44	163
7149	3	23	14	50	44	165
7150	3	23	15	51	44	166
7151	3	23	16	52	44	168
7152	3	23	17	53	44	169
7153	3	23	18	54	44	171
7154	3	23	19	55	44	172
7155	3	23	20	56	44	174
7156	3	23	21	57	44	175
7157	3	23	22	58	44	177
7158	3	23	23	59	44	178
7159	3	23	24	60	44	180
7160	3	23	25	61	44	181
7161	3	24	0	35	186	143
7162	3	24	1	36	186	145
7163	3	24	2	37	186	146
7164	3	24	3	38	186	148
7165	3	24	4	39	186	149
7166	3	24	5	40	186	151
7167	3	24	6	41	186	152
7168	3	24	7	42	186	154
7169	3	24	8	43	186	155
7170	3	24	9	44	186	157
7171	3	24	10	45	186	158
7172	3	24	11	46	186	160
7173	3	24	12	47	186	161
7174	3	24	13	48	186	163
7175	3	24	14	49	186	164
7176	3	24	15	50	186	166
7177	3	24	16	51	186	167
7178	3	24	17	52	186	169
7179	3	24	18	53	186	170
7180	3	24	19	54	186	172
7181	3	24	20	55	186	173
7182	3	24	21	56	186	175
7183	3	24	22	57	186	176
7184	3	24	23	58	186	178
7185	3	24	24	59	186	179
7186	3	25	0	34	62	143
7187	3	25	1	35	62	144
7188	3	25	2	36	62	146
7189	3	25	3	37	62	147
7190	3	25	4	38	62	149
7191	3	25	5	39	62	150
7192	3	25	6	40	62	152
7193	3	25	7	41	62	153
7194	3	25	8	42	62	155
7195	3	25	9	43	62	156
7196	3	25	10	44	62	158
7197	3	25	11	45	62	159
7198	3	25	12	46	62	161
7199	3	25	13	47	62	162
7200	3	25	14	48	62	164
7201	3	25	15	49	62	165
7202	3	25	16	50	62	167
7203	3	25	17	51	62	168
7204	3	25	18	52	62	170
7205	3	25	19	53	62	171
7206	3	25	20	54	62	173
7207	3	25	21	55	62	174
7208	3	25	22	56	62	176
7209	3	25	23	57	62	177
7210	3	26	0	33	192	142
7211	3	26	1	34	192	144
7212	3	26	2	35	192	145
7213	3	26	3	36	192	147
7214	3	26	4	37	192	148
7215	3	26	5	38	192	150
7216	3	26	6	39	192	151
7217	3	26	7	40	192	153
7218	3	26	8	41	192	154
7219	3	26	9	42	192	156
7220	3	26	10	43	192	157
7221	3	26	11	44	192	159
7222	3	26	12	45	192	160
7223	3	26	13	46	192	162
7224	3	26	14	47	192	163
7225	3	26	15	48	192	165
7226	3	26	16	49	192	166
7227	3	26	17	50	192	168
7228	3	26	18	51	192	169
7229	3	26	19	52	192	171
7230	3	26	20	53	192	172
7231	3	26	21	54	192	174
7232	3	26	22	55	192	175
7233	3	27	0	32	64	142
7234	3	27	1	33	64	143
7235	3	27	2	34	64	145
7236	3	27	3	35	64	146
7237	3	27	4	36	64	148
7238	3	27	5	37	64	149
7239	3	27	6	38	64	151
7240	3	27	7	39	64	152
7241	3	27	8	40	64	154
7242	3	27	9	41	64	155
7243	3	27	10	42	64	157
7244	3	27	11	43	64	158
7245	3	27	12	44	64	160
7246	3	27	13	45	64	161
7247	3	27	14	46	64	163
7248	3	27	15	47	64	164
7249	3	27	16	48	64	166
7250	3	27	17	49	64	167
7251	3	27	18	50	64	169
7252	3	27	19	51	64	170
7253	3	27	20	52	64	172
7254	3	27	21	53	64	173
7255	3	28	0	31	107	141
7256	3	28	1	32	107	143
7257	3	28	2	33	107	144
7258	3	28	3	34	107	146
7259	3	28	4	35	107	147
7260	3	28	5	36	107	149
7261	3	28	6	37	107	150
7262	3	28	7	38	107	152
7263	3	28	8	39	107	153
7264	3	28	9	40	107	155
7265	3	28	10	41	107	156
7266	3	28	11	42	107	158
7267	3	28	12	43	107	159
7268	3	28	13	44	107	161
7269	3	28	14	45	107	162
7270	3	28	15	46	107	164
7271	3	28	16	47	107	165
7272	3	28	17	48	107	167
7273	3	28	18	49	107	168
7274	3	28	19	50	107	170
7275	3	28	20	51	107	171
7276	3	29	0	30	207	141
7277	3	29	1	31	207	142
7278	3	29	2	32	207	144
7279	3	29	3	33	207	145
7280	3	29	4	34	207	147
7281	3	29	5	35	207	148
7282	3	29	6	36	207	150
7283	3	29	7	37	207	151
7284	3	29	8	38	207	153
7285	3	29	9	39	207	154
7286	3	29	10	40	207	156
7287	3	29	11	41	207	157
7288	3	29	12	42	207	159
7289	3	29	13	43	207	160
7290	3	29	14	44	207	162
7291	3	29	15	45	207	163
7292	3	29	16	46	207	165
7293	3	29	17	47	207	166
7294	3	29	18	48	207	168
7295	3	29	19	49	207	169
7296	3	30	0	29	69	140
7297	3	30	1	30	69	142
7298	3	30	2	31	69	143
7299	3	30	3	32	69	145
7300	3	30	4	33	69	146
7301	3	30	5	34	69	148
7302	3	30	6	35	69	149
7303	3	30	7	36	69	151
7304	3	30	8	37	69	152
7305	3	30	9	38	69	154
7306	3	30	10	39	69	155
7307	3	30	11	40	69	157
7308	3	30	12	41	69	158
7309	3	30	13	42	69	160
7310	3	30	14	43	69	161
7311	3	30	15	44	69	163
7312	3	30	16	45	69	164
7313	3	30	17	46	69	166
7314	3	30	18	47	69	167
7315	3	31	0	28	23	140
7316	3	31	1	29	23	141
7317	3	31	2	30	23	143
7318	3	31	3	31	23	144
7319	3	31	4	32	23	146
7320	3	31	5	33	23	147
7321	3	31	6	34	23	149
7322	3	31	7	35	23	150
7323	3	31	8	36	23	152
7324	3	31	9	37	23	153
7325	3	31	10	38	23	155
7326	3	31	11	39	23	156
7327	3	31	12	40	23	158
7328	3	31	13	41	23	159
7329	3	31	14	42	23	161
7330	3	31	15	43	23	162
7331	3	31	16	44	23	164
7332	3	31	17	45	23	165
7333	3	32	0	27	179	139
7334	3	32	1	28	179	141
7335	3	32	2	29	179	142
7336	3	32	3	30	179	144
7337	3	32	4	31	179	145
7338	3	32	5	32	179	147
7339	3	32	6	33	179	148
7340	3	32	7	34	179	150
7341	3	32	8	35	179	151
7342	3	32	9	36	179	153
7343	3	32	10	37	179	154
7344	3	32	11	38	179	156
7345	3	32	12	39	179	157
7346	3	32	13	40	179	159
7347	3	32	14	41	179	160
7348	3	32	15	42	179	162
7349	3	32	16	43	179	163
7350	3	33	0	26	231	139
7351	3	33	1	27	231	140
7352	3	33	2	28	231	142
7353	3	33	3	29	231	143
7354	3	33	4	30	231	145
7355	3	33	5	31	231	146
7356	3	33	6	32	231	148
7357	3	33	7	33	231	149
7358	3	33	8	34	231	151
7359	3	33	9	35	231	152
7360	3	33	10	36	231	154
7361	3	33	11	37	231	155
7362	3	33	12	38	231	157
7363	3	33	13	39	231	158
7364	3	33	14	40	231	160
7365	3	33	15	41	231	161
7366	3	34	0	25	77	138
7367	3	34	1	26	77	140
7368	3	34	2	27	77	141
7369	3	34	3	28	77	143
7370	3	34	4	29	77	144
7371	3	34	5	30	77	146
7372	3	34	6	31	77	147
7373	3	34	7	32	77	149
7374	3	34	8	33	77	150
7375	3	34	9	34	77	152
7376	3	34	10	35	77	153
7377	3	34	11	36	77	155
7378	3	34	12	37	77	156
7379	3	34	13	38	77	158
7380	3	34	14	39	77	159
7381	3	35	0	24	197	138
7382	3	35	1	25	197	139
7383	3	35	2	26	197	141
7384	3	35	3	27	197	142
7385	3	35	4	28	197	144
7386	3	35	5	29	197	145
7387	3	35	6	30	197	147
7388	3	35	7	31	197	148
7389	3	35	8	32	197	150
7390	3	35	9	33	197	151
7391	3	35	10	34	197	153
7392	3	35	11	35	197	154
7393	3	35	12	36	197	156
7394	3	35	13	37	197	157
7395	3	36	0	23	237	137
7396	3	36	1	24	237	139
7397	3	36	2	25	237	140
7398	3	36	3	26	237	142
7399	3	36	4	27	237	143
7400	3	36	5	28	237	145
7401	3	36	6	29	237	146
7402	3	36	7	30	237	148
7403	3	36	8	31	237	149
7404	3	36	9	32	237	151
7405	3	36	10	33	237	152
7406	3	36	11	34	237	154
7407	3	36	12	35	237	155
7408	3	37	0	22	79	137
7409	3	37	1	23	79	138
7410	3	37	2	24	79	140
7411	3	37	3	25	79	141
7412	3	37	4	26	79	143
7413	3	37	5	27	79	144
7414	3	37	6	28	79	146
7415	3	37	7	29	79	147
7416	3	37	8	30	79	149
7417	3	37	9	31	79	150
7418	3	37	10	32	79	152
7419	3	37	11	33	79	153
7420	3	38	0	21	112	136
7421	3	38	1	22	112	138
7422	3	38	2	23	112	139
7423	3	38	3	24	112	141
7424	3	38	4	25	112	142
7425	3	38	5	26	112	144
7426	3	38	6	27	112	145
7427	3	38	7	28	112	147
7428	3	38	8	29	112	148
7429	3	38	9	30	112	150
7430	3	38	10	31	112	151
7431	3	39	0	20	123	136
7432	3	39	1	21	123	137
7433	3	39	2	22	123	139
7434	3	39	3	23	123	140
7435	3	39	4	24	123	142
7436	3	39	5	25	123	143
7437	3	39	6	26	123	145
7438	3	39	7	27	123	146
7439	3	39	8	28	123	148
7440	3	39	9	29	123	149
7441	3	40	0	19	41	135
7442	3	40	1	20	41	137
7443	3	40	2	21	41	138
7444	3	40	3	22	41	140
7445	3	40	4	23	41	141
7446	3	40	5	24	41	143
7447	3	40	6	25	41	144
7448	3	40	7	26	41	146
7449	3	40	8	27	41	147
7450	3	41	0	18	185	135
7451	3	41	1	19	185	136
7452	3	41	2	20	185	138
7453	3	41	3	21	185	139
7454	3	41	4	22	185	141
7455	3	41	5	23	185	142
7456	3	41	6	24	185	144
7457	3	41	7	25	185	145
7458	3	42	0	17	233	134
7459	3	42	1	18	233	136
7460	3	42	2	19	233	137
7461	3	42	3	20	233	139
7462	3	42	4	21	233	140
7463	3	42	5	22	233	142
7464	3	42	6	23	233	143
7465	3	43	0	16	249	134
7466	3	43	1	17	249	135
7467	3	43	2	18	249	137
7468	3	43	3	19	249	138
7469	3	43	4	20	249	140
7470	3	43	5	21	249	141
7471	3	44	0	15	83	133
7472	3	44	1	16	83	135
7473	3	44	2	17	83	136
7474	3	44	3	18	83	138
7475	3	44	4	19	83	139
7476	3	45	0	14	199	133
7477	3	45	1	15	199	134
7478	3	45	2	16	199	136
7479	3	45	3	17	199	137
7480	3	46	0	13	152	132
7481	3	46	1	14	152	134
7482	3	46	2	15	152	135
7483	3	47	0	12	222	132
7484	3	47	1	13	222	133
7485	3	48	0	11	74	131
7486	4	0	0	108	64	229
7487	4	0	1	109	64	230
7488	4	0	2	110	64	232
7489	4	0	3	111	64	233
7490	4	0	4	112	64	235
7491	4	0	5	113	64	236
7492	4	0	6	114	64	238
7493	4	0	7	115	64	239
7494	4	0	8	116	64	241
7495	4	0	9	117	64	242
7496	4	0	10	118	64	244
7497	4	0	11	119	64	245
7498	4	0	12	120	64	247
7499	4	0	13	121	64	248
7500	4	0	14	122	64	250
7501	4	0	15	123	64	251
7502	4	0	16	124	64	253
7503	4	0	17	125	64	254
7504	4	0	18	126	64	256
7505	4	0	19	127	64	257
7506	4	0	20	128	64	259
7507	4	0	21	129	64	260
7508	4	0	22	130	64	262
7509	4	0	23	131	64	263
7510	4	0	24	132	64	265
7511	4	1	0	106	16	227
7512	4	1	1	107	16	228
7513	4	1	2	108	16	230
7514	4	1	3	109	16	231
7515	4	1	4	110	16	233
7516	4	1	5	111	16	234
7517	4	1	6	112	16	236
7518	4	1	7	113	16	237
7519	4	1	8	114	16	239
7520	4	1	9	115	16	240
7521	4	1	10	116	16	242
7522	4	1	11	117	16	243
7523	4	1	12	118	16	245
7524	4	1	13	119	16	246
7525	4	1	14	120	16	248
7526	4	1	15	121	16	249
7527	4	1	16	122	16	251
7528	4	1	17	123	16	252
7529	4	1	18	124	16	254
7530	4	1	19	125	16	255
7531	4	1	20	126	16	257
7532	4	1	21	127	16	258
7533	4	1	22	128	16	260
7534	4	1	23	129	16	261
7535	4	1	24	130	16	263
7536	4	2	0	104	4	225
7537	4	2	1	105	4	226
7538	4	2	2	106	4	228
7539	4	2	3	107	4	229
7540	4	2	4	108	4	231
7541	4	2	5	109	4	232
7542	4	2	6	110	4	234
7543	4	2	7	111	4	235
7544	4	2	8	112	4	237
7545	4	2	9	113	4	238
7546	4	2	10	114	4	240
7547	4	2	11	115	4	241
7548	4	2	12	116	4	243
7549	4	2	13	117	4	244
7550	4	2	14	118	4	246
7551	4	2	15	119	4	247
7552	4	2	16	120	4	249
7553	4	2	17	121	4	250
7554	4	2	18	122	4	252
7555	4	2	19	123	4	253
7556	4	2	20	124	4	255
7557	4	2	21	125	4	256
7558	4	2	22	126	4	258
7559	4	2	23	127	4	259
7560	4	3	0	102	1	223
7561	4	3	1	103	1	224
7562	4	3	2	104	1	226
7563	4	3	3	105	1	227
7564	4	3	4	106	1	229
7565	4	3	5	107	1	230
7566	4	3	6	108	1	232
7567	4	3	7	109	1	233
7568	4	3	8	110	1	235
7569	4	3	9	111	1	236
7570	4	3	10	112	1	238
7571	4	3	11	113	1	239
7572	4	3	12	114	1	241
7573	4	3	13	115	1	242
7574	4	3	14	116	1	244
7575	4	3	15	117	1	245
7576	4	3	16	118	1	247
7577	4	3	17	119	1	248
7578	4	3	18	120	1	250
7579	4	3	19	121	1	251
7580	4	3	20	122	1	253
7581	4	3	21	123	1	254
7582	4	3	22	124	1	256
7583	4	3	23	125	1	257
7584	4	4	0	100	193	221
7585	4	4	1	101	193	222
7586	4	4	2	102	193	224
7587	4	4	3	103	193	225
7588	4	4	4	104	193	227
7589	4	4	5	105	193	228
7590	4	4	6	106	193	230
7591	4	4	7	107	193	231
7592	4	4	8	108	193	233
7593	4	4	9	109	193	234
7594	4	4	10	110	193	236
7595	4	4	11	111	193	237
7596	4	4	12	112	193	239
7597	4	4	13	113	193	240
7598	4	4	14	114	193	242
7599	4	4	15	115	193	243
7600	4	4	16	116	193	245
7601	4	4	17	117	193	246
7602	4	4	18	118	193	248
7603	4	4	19	119	193	249
7604	4	4	20	120	193	251
7605	4	4	21	121	193	252
7606	4	4	22	122	193	254
7607	4	5	0	98	241	219
7608	4	5	1	99	241	220
7609	4	5	2	100	241	222
7610	4	5	3	101	241	223
7611	4	5	4	102	241	225
7612	4	5	5	103	241	226
7613	4	5	6	104	241	228
7614	4	5	7	105	241	229
7615	4	5	8	106	241	231
7616	4	5	9	107	241	232
7617	4	5	10	108	241	234
7618	4	5	11	109	241	235
7619	4	5	12	110	241	237
7620	4	5	13	111	241	238
7621	4	5	14	112	241	240
7622	4	5	15	113	241	241
7623	4	5	16	114	241	243
7624	4	5	17	115	241	244
7625	4	5	18	116	241	246
7626	4	5	19	117	241	247
7627	4	5	20	118	241	249
7628	4	5	21	119	241	250
7629	4	5	22	120	241	252
7630	4	6	0	96	253	217
7631	4	6	1	97	253	218
7632	4	6	2	98	253	220
7633	4	6	3	99	253	221
7634	4	6	4	100	253	223
7635	4	6	5	101	253	224
7636	4	6	6	102	253	226
7637	4	6	7	103	253	227
7638	4	6	8	104	253	229
7639	4	6	9	105	253	230
7640	4	6	10	106	253	232
7641	4	6	11	107	253	233
7642	4	6	12	108	253	235
7643	4	6	13	109	253	236
7644	4	6	14	110	253	238
7645	4	6	15	111	253	239
7646	4	6	16	112	253	241
7647	4	6	17	113	253	242
7648	4	6	18	114	253	244
7649	4	6	19	115	253	245
7650	4	6	20	116	253	247
7651	4	6	21	117	253	248
7652	4	7	0	94	256	215
7653	4	7	1	95	256	216
7654	4	7	2	96	256	218
7655	4	7	3	97	256	219
7656	4	7	4	98	256	221
7657	4	7	5	99	256	222
7658	4	7	6	100	256	224
7659	4	7	7	101	256	225
7660	4	7	8	102	256	227
7661	4	7	9	103	256	228
7662	4	7	10	104	256	230
7663	4	7	11	105	256	231
7664	4	7	12	106	256	233
7665	4	7	13	107	256	234
7666	4	7	14	108	256	236
7667	4	7	15	109	256	237
7668	4	7	16	110	256	239
7669	4	7	17	111	256	240
7670	4	7	18	112	256	242
7671	4	7	19	113	256	243
7672	4	7	20	114	256	245
7673	4	7	21	115	256	246
7674	4	8	0	92	64	213
7675	4	8	1	93	64	214
7676	4	8	2	94	64	216
7677	4	8	3	95	64	217
7678	4	8	4	96	64	219
7679	4	8	5	97	64	220
7680	4	8	6	98	64	222
7681	4	8	7	99	64	223
7682	4	8	8	100	64	225
7683	4	8	9	101	64	226
7684	4	8	10	102	64	228
7685	4	8	11	103	64	229
7686	4	8	12	104	64	231
7687	4	8	13	105	64	232
7688	4	8	14	106	64	234
7689	4	8	15	107	64	235
7690	4	8	16	108	64	237
7691	4	8	17	109	64	238
7692	4	8	18	110	64	240
7693	4	8	19	111	64	241
7694	4	8	20	112	64	243
7695	4	9	0	90	16	211
7696	4	9	1	91	16	212
7697	4	9	2	92	16	214
7698	4	9	3	93	16	215
7699	4	9	4	94	16	217
7700	4	9	5	95	16	218
7701	4	9	6	96	16	220
7702	4	9	7	97	16	221
7703	4	9	8	98	16	223
7704	4	9	9	99	16	224
7705	4	9	10	100	16	226
7706	4	9	11	101	16	227
7707	4	9	12	102	16	229
7708	4	9	13	103	16	230
7709	4	9	14	104	16	232
7710	4	9	15	105	16	233
7711	4	9	16	106	16	235
7712	4	9	17	107	16	236
7713	4	9	18	108	16	238
7714	4	9	19	109	16	239
7715	4	9	20	110	16	241
7716	4	10	0	88	4	209
7717	4	10	1	89	4	210
7718	4	10	2	90	4	212
7719	4	10	3	91	4	213
7720	4	10	4	92	4	215
7721	4	10	5	93	4	216
7722	4	10	6	94	4	218
7723	4	10	7	95	4	219
7724	4	10	8	96	4	221
7725	4	10	9	97	4	222
7726	4	10	10	98	4	224
7727	4	10	11	99	4	225
7728	4	10	12	100	4	227
7729	4	10	13	101	4	228
7730	4	10	14	102	4	230
7731	4	10	15	103	4	231
7732	4	10	16	104	4	233
7733	4	10	17	105	4	234
7734	4	10	18	106	4	236
7735	4	10	19	107	4	237
7736	4	11	0	86	1	207
7737	4	11	1	87	1	208
7738	4	11	2	88	1	210
7739	4	11	3	89	1	211
7740	4	11	4	90	1	213
7741	4	11	5	91	1	214
7742	4	11	6	92	1	216
7743	4	11	7	93	1	217
7744	4	11	8	94	1	219
7745	4	11	9	95	1	220
7746	4	11	10	96	1	222
7747	4	11	11	97	1	223
7748	4	11	12	98	1	225
7749	4	11	13	99	1	226
7750	4	11	14	100	1	228
7751	4	11	15	101	1	229
7752	4	11	16	102	1	231
7753	4	11	17	103	1	232
7754	4	11	18	104	1	234
7755	4	11	19	105	1	235
7756	4	12	0	84	193	205
7757	4	12	1	85	193	206
7758	4	12	2	86	193	208
7759	4	12	3	87	193	209
7760	4	12	4	88	193	211
7761	4	12	5	89	193	212
7762	4	12	6	90	193	214
7763	4	12	7	91	193	215
7764	4	12	8	92	193	217
7765	4	12	9	93	193	218
7766	4	12	10	94	193	220
7767	4	12	11	95	193	221
7768	4	12	12	96	193	223
7769	4	12	13	97	193	224
7770	4	12	14	98	193	226
7771	4	12	15	99	193	227
7772	4	12	16	100	193	229
7773	4	12	17	101	193	230
7774	4	12	18	102	193	232
7775	4	13	0	82	241	203
7776	4	13	1	83	241	204
7777	4	13	2	84	241	206
7778	4	13	3	85	241	207
7779	4	13	4	86	241	209
7780	4	13	5	87	241	210
7781	4	13	6	88	241	212
7782	4	13	7	89	241	213
7783	4	13	8	90	241	215
7784	4	13	9	91	241	216
7785	4	13	10	92	241	218
7786	4	13	11	93	241	219
7787	4	13	12	94	241	221
7788	4	13	13	95	241	222
7789	4	13	14	96	241	224
7790	4	13	15	97	241	225
7791	4	13	16	98	241	227
7792	4	13	17	99	241	228
7793	4	13	18	100	241	230
7794	4	14	0	80	253	201
7795	4	14	1	81	253	202
7796	4	14	2	82	253	204
7797	4	14	3	83	253	205
7798	4	14	4	84	253	207
7799	4	14	5	85	253	208
7800	4	14	6	86	253	210
7801	4	14	7	87	253	211
7802	4	14	8	88	253	213
7803	4	14	9	89	253	214
7804	4	14	10	90	253	216
7805	4	14	11	91	253	217
7806	4	14	12	92	253	219
7807	4	14	13	93	253	220
7808	4	14	14	94	253	222
7809	4	14	15	95	253	223
7810	4	14	16	96	253	225
7811	4	14	17	97	253	226
7812	4	15	0	78	256	199
7813	4	15	1	79	256	200
7814	4	15	2	80	256	202
7815	4	15	3	81	256	203
7816	4	15	4	82	256	205
7817	4	15	5	83	256	206
7818	4	15	6	84	256	208
7819	4	15	7	85	256	209
7820	4	15	8	86	256	211
7821	4	15	9	87	256	212
7822	4	15	10	88	256	214
7823	4	15	11	89	256	215
7824	4	15	12	90	256	217
7825	4	15	13	91	256	218
7826	4	15	14	92	256	220
7827	4	15	15	93	256	221
7828	4	15	16	94	256	223
7829	4	15	17	95	256	224
7830	4	16	0	76	64	197
7831	4	16	1	77	64	198
7832	4	16	2	78	64	200
7833	4	16	3	79	64	201
7834	4	16	4	80	64	203
7835	4	16	5	81	64	204
7836	4	16	6	82	64	206
7837	4	16	7	83	64	207
7838	4	16	8	84	64	209
7839	4	16	9	85	64	210
7840	4	16	10	86	64	212
7841	4	16	11	87	64	213
7842	4	16	12	88	64	215
7843	4	16	13	89	64	216
7844	4	16	14	90	64	218
7845	4	16	15	91	64	219
7846	4	16	16	92	64	221
7847	4	17	0	74	16	195
7848	4	17	1	75	16	196
7849	4	17	2	76	16	198
7850	4	17	3	77	16	199
7851	4	17	4	78	16	201
7852	4	17	5	79	16	202
7853	4	17	6	80	16	204
7854	4	17	7	81	16	205
7855	4	17	8	82	16	207
7856	4	17	9	83	16	208
7857	4	17	10	84	16	210
7858	4	17	11	85	16	211
7859	4	17	12	86	16	213
7860	4	17	13	87	16	214
7861	4	17	14	88	16	216
7862	4	17	15	89	16	217
7863	4	17	16	90	16	219
7864	4	18	0	72	4	193
7865	4	18	1	73	4	194
7866	4	18	2	74	4	196
7867	4	18	3	75	4	197
7868	4	18	4	76	4	199
7869	4	18	5	77	4	200
7870	4	18	6	78	4	202
7871	4	18	7	79	4	203
7872	4	18	8	80	4	205
7873	4	18	9	81	4	206
7874	4	18	10	82	4	208
7875	4	18	11	83	4	209
7876	4	18	12	84	4	211
7877	4	18	13	85	4	212
7878	4	18	14	86	4	214
7879	4	18	15	87	4	215
7880	4	19	0	70	1	191
7881	4	19	1	71	1	192
7882	4	19	2	72	1	194
7883	4	19	3	73	1	195
7884	4	19	4	74	1	197
7885	4	19	5	75	1	198
7886	4	19	6	76	1	200
7887	4	19	7	77	1	201
7888	4	19	8	78	1	203
7889	4	19	9	79	1	204
7890	4	19	10	80	1	206
7891	4	19	11	81	1	207
7892	4	19	12	82	1	209
7893	4	19	13	83	1	210
7894	4	19	14	84	1	212
7895	4	19	15	85	1	213
7896	4	20	0	68	193	189
7897	4	20	1	69	193	190
7898	4	20	2	70	193	192
7899	4	20	3	71	193	193
7900	4	20	4	72	193	195
7901	4	20	5	73	193	196
7902	4	20	6	74	193	198
7903	4	20	7	75	193	199
7904	4	20	8	76	193	201
7905	4	20	9	77	193	202
7906	4	20	10	78	193	204
7907	4	20	11	79	193	205
7908	4	20	12	80	193	207
7909	4	20	13	81	193	208
7910	4	20	14	82	193	210
7911	4	21	0	66	241	187
7912	4	21	1	67	241	188
7913	4	21	2	68	241	190
7914	4	21	3	69	241	191
7915	4	21	4	70	241	193
7916	4	21	5	71	241	194
7917	4	21	6	72	241	196
7918	4	21	7	73	241	197
7919	4	21	8	74	241	199
7920	4	21	9	75	241	200
7921	4	21	10	76	241	202
7922	4	21	11	77	241	203
7923	4	21	12	78	241	205
7924	4	21	13	79	241	206
7925	4	21	14	80	241	208
7926	4	22	0	64	253	185
7927	4	22	1	65	253	186
7928	4	22	2	66	253	188
7929	4	22	3	67	253	189
7930	4	22	4	68	253	191
7931	4	22	5	69	253	192
7932	4	22	6	70	253	194
7933	4	22	7	71	253	195
7934	4	22	8	72	253	197
7935	4	22	9	73	253	198
7936	4	22	10	74	253	200
7937	4	22	11	75	253	201
7938	4	22	12	76	253	203
7939	4	22	13	77	253	204
7940	4	23	0	62	256	183
7941	4	23	1	63	256	184
7942	4	23	2	64	256	186
7943	4	23	3	65	256	187
7944	4	23	4	66	256	189
7945	4	23	5	67	256	190
7946	4	23	6	68	256	192
7947	4	23	7	69	256	193
7948	4	23	8	70	256	195
7949	4	23	9	71	256	196
7950	4	23	10	72	256	198
7951	4	23	11	73	256	199
7952	4	23	12	74	256	201
7953	4	23	13	75	256	202
7954	4	24	0	60	64	181
7955	4	24	1	61	64	182
7956	4	24	2	62	64	184
7957	4	24	3	63	64	185
7958	4	24	4	64	64	187
7959	4	24	5	65	64	188
7960	4	24	6	66	64	190
7961	4	24	7	67	64	191
7962	4	24	8	68	64	193
7963	4	24	9	69	64	194
7964	4	24	10	70	64	196
7965	4	24	11	71	64	197
7966	4	24	12	72	64	199
7967	4	25	0	58	16	179
7968	4	25	1	59	16	180
7969	4	25	2	60	16	182
7970	4	25	3	61	16	183
7971	4	25	4	62	16	185
7972	4	25	5	63	16	186
7973	4	25	6	64	16	188
7974	4	25	7	65	16	189
7975	4	25	8	66	16	191
7976	4	25	9	67	16	192
7977	4	25	10	68	16	194
7978	4	25	11	69	16	195
7979	4	25	12	70	16	197
7980	4	26	0	56	4	177
7981	4	26	1	57	4	178
7982	4	26	2	58	4	180
7983	4	26	3	59	4	181
7984	4	26	4	60	4	183
7985	4	26	5	61	4	184
7986	4	26	6	62	4	186
7987	4	26	7	63	4	187
7988	4	26	8	64	4	189
7989	4	26	9	65	4	190
7990	4	26	10	66	4	192
7991	4	26	11	67	4	193
7992	4	27	0	54	1	175
7993	4	27	1	55	1	176
7994	4	27	2	56	1	178
7995	4	27	3	57	1	179
7996	4	27	4	58	1	181
7997	4	27	5	59	1	182
7998	4	27	6	60	1	184
7999	4	27	7	61	1	185
8000	4	27	8	62	1	187
8001	4	27	9	63	1	188
8002	4	27	10	64	1	190
8003	4	27	11	65	1	191
8004	4	28	0	52	193	173
8005	4	28	1	53	193	174
8006	4	28	2	54	193	176
8007	4	28	3	55	193	177
8008	4	28	4	56	193	179
8009	4	28	5	57	193	180
8010	4	28	6	58	193	182
8011	4	28	7	59	193	183
8012	4	28	8	60	193	185
8013	4	28	9	61	193	186
8014	4	28	10	62	193	188
8015	4	29	0	50	241	171
8016	4	29	1	51	241	172
8017	4	29	2	52	241	174
8018	4	29	3	53	241	175
8019	4	29	4	54	241	177
8020	4	29	5	55	241	178
8021	4	29	6	56	241	180
8022	4	29	7	57	241	181
8023	4	29	8	58	241	183
8024	4	29	9	59	241	184
8025	4	29	10	60	241	186
8026	4	30	0	48	253	169
8027	4	30	1	49	253	170
8028	4	30	2	50	253	172
8029	4	30	3	51	253	173
8030	4	30	4	52	253	175
8031	4	30	5	53	253	176
8032	4	30	6	54	253	178
8033	4	30	7	55	253	179
8034	4	30	8	56	253	181
8035	4	30	9	57	253	182
8036	4	31	0	46	256	167
8037	4	31	1	47	256	168
8038	4	31	2	48	256	170
8039	4	31	3	49	256	171
8040	4	31	4	50	256	173
8041	4	31	5	51	256	174
8042	4	31	6	52	256	176
8043	4	31	7	53	256	177
8044	4	31	8	54	256	179
8045	4	31	9	55	256	180
8046	4	32	0	44	64	165
8047	4	32	1	45	64	166
8048	4	32	2	46	64	168
8049	4	32	3	47	64	169
8050	4	32	4	48	64	171
8051	4	32	5	49	64	172
8052	4	32	6	50	64	174
8053	4	32	7	51	64	175
8054	4	32	8	52	64	177
8055	4	33	0	42	16	163
8056	4	33	1	43	16	164
8057	4	33	2	44	16	166
8058	4	33	3	45	16	167
8059	4	33	4	46	16	169
8060	4	33	5	47	16	170
8061	4	33	6	48	16	172
8062	4	33	7	49	16	173
8063	4	33	8	50	16	175
8064	4	34	0	40	4	161
8065	4	34	1	41	4	162
8066	4	34	2	42	4	164
8067	4	34	3	43	4	165
8068	4	34	4	44	4	167
8069	4	34	5	45	4	168
8070	4	34	6	46	4	170
8071	4	34	7	47	4	171
8072	4	35	0	38	1	159
8073	4	35	1	39	1	160
8074	4	35	2	40	1	162
8075	4	35	3	41	1	163
8076	4	35	4	42	1	165
8077	4	35	5	43	1	166
8078	4	35	6	44	1	168
8079	4	35	7	45	1	169
8080	4	36	0	36	193	157
8081	4	36	1	37	193	158
8082	4	36	2	38	193	160
8083	4	36	3	39	193	161
8084	4	36	4	40	193	163
8085	4	36	5	41	193	164
8086	4	36	6	42	193	166
8087	4	37	0	34	241	155
8088	4	37	1	35	241	156
8089	4	37	2	36	241	158
8090	4	37	3	37	241	159
8091	4	37	4	38	241	161
8092	4	37	5	39	241	162
8093	4	37	6	40	241	164
8094	4	38	0	32	253	153
8095	4	38	1	33	253	154
8096	4	38	2	34	253	156
8097	4	38	3	35	253	157
8098	4	38	4	36	253	159
8099	4	38	5	37	253	160
8100	4	39	0	30	256	151
8101	4	39	1	31	256	152
8102	4	39	2	32	256	154
8103	4	39	3	33	256	155
8104	4	39	4	34	256	157
8105	4	39	5	35	256	158
8106	4	40	0	28	64	149
8107	4	40	1	29	64	150
8108	4	40	2	30	64	152
8109	4	40	3	31	64	153
8110	4	40	4	32	64	155
8111	4	41	0	26	16	147
8112	4	41	1	27	16	148
8113	4	41	2	28	16	150
8114	4	41	3	29	16	151
8115	4	41	4	30	16	153
8116	4	42	0	24	4	145
8117	4	42	1	25	4	146
8118	4	42	2	26	4	148
8119	4	42	3	27	4	149
8120	4	43	0	22	1	143
8121	4	43	1	23	1	144
8122	4	43	2	24	1	146
8123	4	43	3	25	1	147
8124	4	44	0	20	193	141
8125	4	44	1	21	193	142
8126	4	44	2	22	193	144
8127	4	45	0	18	241	139
8128	4	45	1	19	241	140
8129	4	45	2	20	241	142
8130	4	46	0	16	253	137
8131	4	46	1	17	253	138
8132	4	47	0	14	256	135
8133	4	47	1	15	256	136
8134	4	48	0	12	64	133
8135	4	49	0	10	16	131
8136	5	0	0	0	16	127
8137	5	0	1	1	8	127
8138	5	0	2	2	4	127
8139	5	0	3	3	2	127
8140	5	0	4	4	2	128
8141	5	0	5	5	1	128
8142	5	0	6	6	1	129
8143	5	0	7	7	129	129
8144	5	0	8	8	129	130
8145	5	0	9	9	193	130
8146	5	0	10	10	193	132
8147	5	0	11	11	225	132
8148	5	0	12	12	225	134
8149	5	0	13	13	241	134
8150	5	0	14	14	241	136
8151	5	0	15	15	249	137
8152	5	0	16	16	249	138
8153	5	0	17	17	253	139
8154	5	0	18	18	253	140
8155	5	0	19	19	255	141
8156	5	0	20	20	255	143
8157	5	0	21	21	256	143
8158	5	0	22	22	256	145
8159	5	0	23	23	128	145
8160	5	0	24	24	128	147
8161	5	0	25	25	64	148
8162	5	0	26	26	64	149
8163	5	0	27	27	32	150
8164	5	0	28	28	32	151
8165	5	0	29	29	16	152
8166	5	0	30	30	16	154
8167	5	0	31	31	8	154
8168	5	0	32	32	8	156
8169	5	0	33	33	4	156
8170	5	0	34	34	4	158
8171	5	0	35	35	2	159
8172	5	0	36	36	2	160
8173	5	0	37	37	1	161
8174	5	0	38	38	1	162
8175	5	0	39	39	129	163
8176	5	0	40	40	129	165
8177	5	0	41	41	193	165
8178	5	0	42	42	193	167
8179	5	0	43	43	225	167
8180	5	1	0	0	16	128
8181	5	1	1	1	8	128
8182	5	1	2	2	4	128
8183	5	1	3	3	2	128
8184	5	1	4	4	2	129
8185	5	1	5	5	1	129
8186	5	1	6	6	1	130
8187	5	1	7	7	129	130
8188	5	1	8	8	129	131
8189	5	1	9	9	193	131
8190	5	1	10	10	193	133
8191	5	1	11	11	225	133
8192	5	1	12	12	225	135
8193	5	1	13	13	241	135
8194	5	1	14	14	241	137
8195	5	1	15	15	249	138
8196	5	1	16	16	249	139
8197	5	1	17	17	253	140
8198	5	1	18	18	253	141
8199	5	1	19	19	255	142
8200	5	1	20	20	255	144
8201	5	1	21	21	256	144
8202	5	1	22	22	256	146
8203	5	1	23	23	128	146
8204	5	1	24	24	128	148
8205	5	1	25	25	64	149
8206	5	1	26	26	64	150
8207	5	1	27	27	32	151
8208	5	1	28	28	32	152
8209	5	1	29	29	16	153
8210	5	1	30	30	16	155
8211	5	1	31	31	8	155
8212	5	1	32	32	8	157
8213	5	1	33	33	4	157
8214	5	1	34	34	4	159
8215	5	1	35	35	2	160
8216	5	1	36	36	2	161
8217	5	1	37	37	1	162
8218	5	1	38	38	1	163
8219	5	1	39	39	129	164
8220	5	1	40	40	129	166
8221	5	1	41	41	193	166
8222	5	1	42	42	193	168
8223	5	2	0	0	16	129
8224	5	2	1	1	8	129
8225	5	2	2	2	4	129
8226	5	2	3	3	2	129
8227	5	2	4	4	2	130
8228	5	2	5	5	1	130
8229	5	2	6	6	1	131
8230	5	2	7	7	129	131
8231	5	2	8	8	129	132
8232	5	2	9	9	193	132
8233	5	2	10	10	193	134
8234	5	2	11	11	225	134
8235	5	2	12	12	225	136
8236	5	2	13	13	241	136
8237	5	2	14	14	241	138
8238	5	2	15	15	249	139
8239	5	2	16	16	249	140
8240	5	2	17	17	253	141
8241	5	2	18	18	253	142
8242	5	2	19	19	255	143
8243	5	2	20	20	255	145
8244	5	2	21	21	256	145
8245	5	2	22	22	256	147
8246	5	2	23	23	128	147
8247	5	2	24	24	128	149
8248	5	2	25	25	64	150
8249	5	2	26	26	64	151
8250	5	2	27	27	32	152
8251	5	2	28	28	32	153
8252	5	2	29	29	16	154
8253	5	2	30	30	16	156
8254	5	2	31	31	8	156
8255	5	2	32	32	8	158
8256	5	2	33	33	4	158
8257	5	2	34	34	4	160
8258	5	2	35	35	2	161
8259	5	2	36	36	2	162
8260	5	2	37	37	1	163
8261	5	2	38	38	1	164
8262	5	2	39	39	129	165
8263	5	2	40	40	129	167
8264	5	2	41	41	193	167
8265	5	3	0	0	16	130
8266	5	3	1	1	8	130
8267	5	3	2	2	4	130
8268	5	3	3	3	2	130
8269	5	3	4	4	2	131
8270	5	3	5	5	1	131
8271	5	3	6	6	1	132
8272	5	3	7	7	129	132
8273	5	3	8	8	129	133
8274	5	3	9	9	193	133
8275	5	3	10	10	193	135
8276	5	3	11	11	225	135
8277	5	3	12	12	225	137
8278	5	3	13	13	241	137
8279	5	3	14	14	241	139
8280	5	3	15	15	249	140
8281	5	3	16	16	249	141
8282	5	3	17	17	253	142
8283	5	3	18	18	253	143
8284	5	3	19	19	255	144
8285	5	3	20	20	255	146
8286	5	3	21	21	256	146
8287	5	3	22	22	256	148
8288	5	3	23	23	128	148
8289	5	3	24	24	128	150
8290	5	3	25	25	64	151
8291	5	3	26	26	64	152
8292	5	3	27	27	32	153
8293	5	3	28	28	32	154
8294	5	3	29	29	16	155
8295	5	3	30	30	16	157
8296	5	3	31	31	8	157
8297	5	3	32	32	8	159
8298	5	3	33	33	4	159
8299	5	3	34	34	4	161
8300	5	3	35	35	2	162
8301	5	3	36	36	2	163
8302	5	3	37	37	1	164
8303	5	3	38	38	1	165
8304	5	3	39	39	129	166
8305	5	3	40	40	129	168
8306	5	4	0	0	16	131
8307	5	4	1	1	8	131
8308	5	4	2	2	4	131
8309	5	4	3	3	2	131
8310	5	4	4	4	2	132
8311	5	4	5	5	1	132
8312	5	4	6	6	1	133
8313	5	4	7	7	129	133
8314	5	4	8	8	129	134
8315	5	4	9	9	193	134
8316	5	4	10	10	193	136
8317	5	4	11	11	225	136
8318	5	4	12	12	225	138
8319	5	4	13	13	241	138
8320	5	4	14	14	241	140
8321	5	4	15	15	249	141
8322	5	4	16	16	249	142
8323	5	4	17	17	253	143
8324	5	4	18	18	253	144
8325	5	4	19	19	255	145
8326	5	4	20	20	255	147
8327	5	4	21	21	256	147
8328	5	4	22	22	256	149
8329	5	4	23	23	128	149
8330	5	4	24	24	128	151
8331	5	4	25	25	64	152
8332	5	4	26	26	64	153
8333	5	4	27	27	32	154
8334	5	4	28	28	32	155
8335	5	4	29	29	16	156
8336	5	4	30	30	16	158
8337	5	4	31	31	8	158
8338	5	4	32	32	8	160
8339	5	4	33	33	4	160
8340	5	4	34	34	4	162
8341	5	4	35	35	2	163
8342	5	4	36	36	2	164
8343	5	4	37	37	1	165
8344	5	4	38	38	1	166
8345	5	4	39	39	129	167
8346	5	5	0	0	16	132
8347	5	5	1	1	8	132
8348	5	5	2	2	4	132
8349	5	5	3	3	2	132
8350	5	5	4	4	2	133
8351	5	5	5	5	1	133
8352	5	5	6	6	1	134
8353	5	5	7	7	129	134
8354	5	5	8	8	129	135
8355	5	5	9	9	193	135
8356	5	5	10	10	193	137
8357	5	5	11	11	225	137
8358	5	5	12	12	225	139
8359	5	5	13	13	241	139
8360	5	5	14	14	241	141
8361	5	5	15	15	249	142
8362	5	5	16	16	249	143
8363	5	5	17	17	253	144
8364	5	5	18	18	253	145
8365	5	5	19	19	255	146
8366	5	5	20	20	255	148
8367	5	5	21	21	256	148
8368	5	5	22	22	256	150
8369	5	5	23	23	128	150
8370	5	5	24	24	128	152
8371	5	5	25	25	64	153
8372	5	5	26	26	64	154
8373	5	5	27	27	32	155
8374	5	5	28	28	32	156
8375	5	5	29	29	16	157
8376	5	5	30	30	16	159
8377	5	5	31	31	8	159
8378	5	5	32	32	8	161
8379	5	5	33	33	4	161
8380	5	5	34	34	4	163
8381	5	5	35	35	2	164
8382	5	5	36	36	2	165
8383	5	5	37	37	1	166
8384	5	5	38	38	1	167
8385	5	6	0	0	16	133
8386	5	6	1	1	8	133
8387	5	6	2	2	4	133
8388	5	6	3	3	2	133
8389	5	6	4	4	2	134
8390	5	6	5	5	1	134
8391	5	6	6	6	1	135
8392	5	6	7	7	129	135
8393	5	6	8	8	129	136
8394	5	6	9	9	193	136
8395	5	6	10	10	193	138
8396	5	6	11	11	225	138
8397	5	6	12	12	225	140
8398	5	6	13	13	241	140
8399	5	6	14	14	241	142
8400	5	6	15	15	249	143
8401	5	6	16	16	249	144
8402	5	6	17	17	253	145
8403	5	6	18	18	253	146
8404	5	6	19	19	255	147
8405	5	6	20	20	255	149
8406	5	6	21	21	256	149
8407	5	6	22	22	256	151
8408	5	6	23	23	128	151
8409	5	6	24	24	128	153
8410	5	6	25	25	64	154
8411	5	6	26	26	64	155
8412	5	6	27	27	32	156
8413	5	6	28	28	32	157
8414	5	6	29	29	16	158
8415	5	6	30	30	16	160
8416	5	6	31	31	8	160
8417	5	6	32	32	8	162
8418	5	6	33	33	4	162
8419	5	6	34	34	4	164
8420	5	6	35	35	2	165
8421	5	6	36	36	2	166
8422	5	6	37	37	1	167
8423	5	7	0	0	16	134
8424	5	7	1	1	8	134
8425	5	7	2	2	4	134
8426	5	7	3	3	2	134
8427	5	7	4	4	2	135
8428	5	7	5	5	1	135
8429	5	7	6	6	1	136
8430	5	7	7	7	129	136
8431	5	7	8	8	129	137
8432	5	7	9	9	193	137
8433	5	7	10	10	193	139
8434	5	7	11	11	225	139
8435	5	7	12	12	225	141
8436	5	7	13	13	241	141
8437	5	7	14	14	241	143
8438	5	7	15	15	249	144
8439	5	7	16	16	249	145
8440	5	7	17	17	253	146
8441	5	7	18	18	253	147
8442	5	7	19	19	255	148
8443	5	7	20	20	255	150
8444	5	7	21	21	256	150
8445	5	7	22	22	256	152
8446	5	7	23	23	128	152
8447	5	7	24	24	128	154
8448	5	7	25	25	64	155
8449	5	7	26	26	64	156
8450	5	7	27	27	32	157
8451	5	7	28	28	32	158
8452	5	7	29	29	16	159
8453	5	7	30	30	16	161
8454	5	7	31	31	8	161
8455	5	7	32	32	8	163
8456	5	7	33	33	4	163
8457	5	7	34	34	4	165
8458	5	7	35	35	2	166
8459	5	7	36	36	2	167
8460	5	8	0	0	16	135
8461	5	8	1	1	8	135
8462	5	8	2	2	4	135
8463	5	8	3	3	2	135
8464	5	8	4	4	2	136
8465	5	8	5	5	1	136
8466	5	8	6	6	1	137
8467	5	8	7	7	129	137
8468	5	8	8	8	129	138
8469	5	8	9	9	193	138
8470	5	8	10	10	193	140
8471	5	8	11	11	225	140
8472	5	8	12	12	225	142
8473	5	8	13	13	241	142
8474	5	8	14	14	241	144
8475	5	8	15	15	249	145
8476	5	8	16	16	249	146
8477	5	8	17	17	253	147
8478	5	8	18	18	253	148
8479	5	8	19	19	255	149
8480	5	8	20	20	255	151
8481	5	8	21	21	256	151
8482	5	8	22	22	256	153
8483	5	8	23	23	128	153
8484	5	8	24	24	128	155
8485	5	8	25	25	64	156
8486	5	8	26	26	64	157
8487	5	8	27	27	32	158
8488	5	8	28	28	32	159
8489	5	8	29	29	16	160
8490	5	8	30	30	16	162
8491	5	8	31	31	8	162
8492	5	8	32	32	8	164
8493	5	8	33	33	4	164
8494	5	8	34	34	4	166
8495	5	8	35	35	2	167
8496	5	9	0	0	16	136
8497	5	9	1	1	8	136
8498	5	9	2	2	4	136
8499	5	9	3	3	2	136
8500	5	9	4	4	2	137
8501	5	9	5	5	1	137
8502	5	9	6	6	1	138
8503	5	9	7	7	129	138
8504	5	9	8	8	129	139
8505	5	9	9	9	193	139
8506	5	9	10	10	193	141
8507	5	9	11	11	225	141
8508	5	9	12	12	225	143
8509	5	9	13	13	241	143
8510	5	9	14	14	241	145
8511	5	9	15	15	249	146
8512	5	9	16	16	249	147
8513	5	9	17	17	253	148
8514	5	9	18	18	253	149
8515	5	9	19	19	255	150
8516	5	9	20	20	255	152
8517	5	9	21	21	256	152
8518	5	9	22	22	256	154
8519	5	9	23	23	128	154
8520	5	9	24	24	128	156
8521	5	9	25	25	64	157
8522	5	9	26	26	64	158
8523	5	9	27	27	32	159
8524	5	9	28	28	32	160
8525	5	9	29	29	16	161
8526	5	9	30	30	16	163
8527	5	9	31	31	8	163
8528	5	9	32	32	8	165
8529	5	9	33	33	4	165
8530	5	9	34	34	4	167
8531	5	10	0	0	16	137
8532	5	10	1	1	8	137
8533	5	10	2	2	4	137
8534	5	10	3	3	2	137
8535	5	10	4	4	2	138
8536	5	10	5	5	1	138
8537	5	10	6	6	1	139
8538	5	10	7	7	129	139
8539	5	10	8	8	129	140
8540	5	10	9	9	193	140
8541	5	10	10	10	193	142
8542	5	10	11	11	225	142
8543	5	10	12	12	225	144
8544	5	10	13	13	241	144
8545	5	10	14	14	241	146
8546	5	10	15	15	249	147
8547	5	10	16	16	249	148
8548	5	10	17	17	253	149
8549	5	10	18	18	253	150
8550	5	10	19	19	255	151
8551	5	10	20	20	255	153
8552	5	10	21	21	256	153
8553	5	10	22	22	256	155
8554	5	10	23	23	128	155
8555	5	10	24	24	128	157
8556	5	10	25	25	64	158
8557	5	10	26	26	64	159
8558	5	10	27	27	32	160
8559	5	10	28	28	32	161
8560	5	10	29	29	16	162
8561	5	10	30	30	16	164
8562	5	10	31	31	8	164
8563	5	10	32	32	8	166
8564	5	10	33	33	4	166
8565	5	11	0	0	16	138
8566	5	11	1	1	8	138
8567	5	11	2	2	4	138
8568	5	11	3	3	2	138
8569	5	11	4	4	2	139
8570	5	11	5	5	1	139
8571	5	11	6	6	1	140
8572	5	11	7	7	129	140
8573	5	11	8	8	129	141
8574	5	11	9	9	193	141
8575	5	11	10	10	193	143
8576	5	11	11	11	225	143
8577	5	11	12	12	225	145
8578	5	11	13	13	241	145
8579	5	11	14	14	241	147
8580	5	11	15	15	249	148
8581	5	11	16	16	249	149
8582	5	11	17	17	253	150
8583	5	11	18	18	253	151
8584	5	11	19	19	255	152
8585	5	11	20	20	255	154
8586	5	11	21	21	256	154
8587	5	11	22	22	256	156
8588	5	11	23	23	128	156
8589	5	11	24	24	128	158
8590	5	11	25	25	64	159
8591	5	11	26	26	64	160
8592	5	11	27	27	32	161
8593	5	11	28	28	32	162
8594	5	11	29	29	16	163
8595	5	11	30	30	16	165
8596	5	11	31	31	8	165
8597	5	11	32	32	8	167
8598	5	12	0	0	16	139
8599	5	12	1	1	8	139
8600	5	12	2	2	4	139
8601	5	12	3	3	2	139
8602	5	12	4	4	2	140
8603	5	12	5	5	1	140
8604	5	12	6	6	1	141
8605	5	12	7	7	129	141
8606	5	12	8	8	129	142
8607	5	12	9	9	193	142
8608	5	12	10	10	193	144
8609	5	12	11	11	225	144
8610	5	12	12	12	225	146
8611	5	12	13	13	241	146
8612	5	12	14	14	241	148
8613	5	12	15	15	249	149
8614	5	12	16	16	249	150
8615	5	12	17	17	253	151
8616	5	12	18	18	253	152
8617	5	12	19	19	255	153
8618	5	12	20	20	255	155
8619	5	12	21	21	256	155
8620	5	12	22	22	256	157
8621	5	12	23	23	128	157
8622	5	12	24	24	128	159
8623	5	12	25	25	64	160
8624	5	12	26	26	64	161
8625	5	12	27	27	32	162
8626	5	12	28	28	32	163
8627	5	12	29	29	16	164
8628	5	12	30	30	16	166
8629	5	12	31	31	8	166
8630	5	13	0	0	16	140
8631	5	13	1	1	8	140
8632	5	13	2	2	4	140
8633	5	13	3	3	2	140
8634	5	13	4	4	2	141
8635	5	13	5	5	1	141
8636	5	13	6	6	1	142
8637	5	13	7	7	129	142
8638	5	13	8	8	129	143
8639	5	13	9	9	193	143
8640	5	13	10	10	193	145
8641	5	13	11	11	225	145
8642	5	13	12	12	225	147
8643	5	13	13	13	241	147
8644	5	13	14	14	241	149
8645	5	13	15	15	249	150
8646	5	13	16	16	249	151
8647	5	13	17	17	253	152
8648	5	13	18	18	253	153
8649	5	13	19	19	255	154
8650	5	13	20	20	255	156
8651	5	13	21	21	256	156
8652	5	13	22	22	256	158
8653	5	13	23	23	128	158
8654	5	13	24	24	128	160
8655	5	13	25	25	64	161
8656	5	13	26	26	64	162
8657	5	13	27	27	32	163
8658	5	13	28	28	32	164
8659	5	13	29	29	16	165
8660	5	13	30	30	16	167
8661	5	14	0	0	16	141
8662	5	14	1	1	8	141
8663	5	14	2	2	4	141
8664	5	14	3	3	2	141
8665	5	14	4	4	2	142
8666	5	14	5	5	1	142
8667	5	14	6	6	1	143
8668	5	14	7	7	129	143
8669	5	14	8	8	129	144
8670	5	14	9	9	193	144
8671	5	14	10	10	193	146
8672	5	14	11	11	225	146
8673	5	14	12	12	225	148
8674	5	14	13	13	241	148
8675	5	14	14	14	241	150
8676	5	14	15	15	249	151
8677	5	14	16	16	249	152
8678	5	14	17	17	253	153
8679	5	14	18	18	253	154
8680	5	14	19	19	255	155
8681	5	14	20	20	255	157
8682	5	14	21	21	256	157
8683	5	14	22	22	256	159
8684	5	14	23	23	128	159
8685	5	14	24	24	128	161
8686	5	14	25	25	64	162
8687	5	14	26	26	64	163
8688	5	14	27	27	32	164
8689	5	14	28	28	32	165
8690	5	14	29	29	16	166
8691	5	15	0	0	16	142
8692	5	15	1	1	8	142
8693	5	15	2	2	4	142
8694	5	15	3	3	2	142
8695	5	15	4	4	2	143
8696	5	15	5	5	1	143
8697	5	15	6	6	1	144
8698	5	15	7	7	129	144
8699	5	15	8	8	129	145
8700	5	15	9	9	193	145
8701	5	15	10	10	193	147
8702	5	15	11	11	225	147
8703	5	15	12	12	225	149
8704	5	15	13	13	241	149
8705	5	15	14	14	241	151
8706	5	15	15	15	249	152
8707	5	15	16	16	249	153
8708	5	15	17	17	253	154
8709	5	15	18	18	253	155
8710	5	15	19	19	255	156
8711	5	15	20	20	255	158
8712	5	15	21	21	256	158
8713	5	15	22	22	256	160
8714	5	15	23	23	128	160
8715	5	15	24	24	128	162
8716	5	15	25	25	64	163
8717	5	15	26	26	64	164
8718	5	15	27	27	32	165
8719	5	15	28	28	32	166
8720	5	16	0	0	16	143
8721	5	16	1	1	8	143
8722	5	16	2	2	4	143
8723	5	16	3	3	2	143
8724	5	16	4	4	2	144
8725	5	16	5	5	1	144
8726	5	16	6	6	1	145
8727	5	16	7	7	129	145
8728	5	16	8	8	129	146
8729	5	16	9	9	193	146
8730	5	16	10	10	193	148
8731	5	16	11	11	225	148
8732	5	16	12	12	225	150
8733	5	16	13	13	241	150
8734	5	16	14	14	241	152
8735	5	16	15	15	249	153
8736	5	16	16	16	249	154
8737	5	16	17	17	253	155
8738	5	16	18	18	253	156
8739	5	16	19	19	255	157
8740	5	16	20	20	255	159
8741	5	16	21	21	256	159
8742	5	16	22	22	256	161
8743	5	16	23	23	128	161
8744	5	16	24	24	128	163
8745	5	16	25	25	64	164
8746	5	16	26	26	64	165
8747	5	16	27	27	32	166
8748	5	17	0	0	16	144
8749	5	17	1	1	8	144
8750	5	17	2	2	4	144
8751	5	17	3	3	2	144
8752	5	17	4	4	2	145
8753	5	17	5	5	1	145
8754	5	17	6	6	1	146
8755	5	17	7	7	129	146
8756	5	17	8	8	129	147
8757	5	17	9	9	193	147
8758	5	17	10	10	193	149
8759	5	17	11	11	225	149
8760	5	17	12	12	225	151
8761	5	17	13	13	241	151
8762	5	17	14	14	241	153
8763	5	17	15	15	249	154
8764	5	17	16	16	249	155
8765	5	17	17	17	253	156
8766	5	17	18	18	253	157
8767	5	17	19	19	255	158
8768	5	17	20	20	255	160
8769	5	17	21	21	256	160
8770	5	17	22	22	256	162
8771	5	17	23	23	128	162
8772	5	17	24	24	128	164
8773	5	17	25	25	64	165
8774	5	17	26	26	64	166
8775	5	18	0	0	16	145
8776	5	18	1	1	8	145
8777	5	18	2	2	4	145
8778	5	18	3	3	2	145
8779	5	18	4	4	2	146
8780	5	18	5	5	1	146
8781	5	18	6	6	1	147
8782	5	18	7	7	129	147
8783	5	18	8	8	129	148
8784	5	18	9	9	193	148
8785	5	18	10	10	193	150
8786	5	18	11	11	225	150
8787	5	18	12	12	225	152
8788	5	18	13	13	241	152
8789	5	18	14	14	241	154
8790	5	18	15	15	249	155
8791	5	18	16	16	249	156
8792	5	18	17	17	253	157
8793	5	18	18	18	253	158
8794	5	18	19	19	255	159
8795	5	18	20	20	255	161
8796	5	18	21	21	256	161
8797	5	18	22	22	256	163
8798	5	18	23	23	128	163
8799	5	18	24	24	128	165
8800	5	18	25	25	64	166
8801	5	19	0	0	16	146
8802	5	19	1	1	8	146
8803	5	19	2	2	4	146
8804	5	19	3	3	2	146
8805	5	19	4	4	2	147
8806	5	19	5	5	1	147
8807	5	19	6	6	1	148
8808	5	19	7	7	129	148
8809	5	19	8	8	129	149
8810	5	19	9	9	193	149
8811	5	19	10	10	193	151
8812	5	19	11	11	225	151
8813	5	19	12	12	225	153
8814	5	19	13	13	241	153
8815	5	19	14	14	241	155
8816	5	19	15	15	249	156
8817	5	19	16	16	249	157
8818	5	19	17	17	253	158
8819	5	19	18	18	253	159
8820	5	19	19	19	255	160
8821	5	19	20	20	255	162
8822	5	19	21	21	256	162
8823	5	19	22	22	256	164
8824	5	19	23	23	128	164
8825	5	19	24	24	128	166
8826	5	20	0	0	16	147
8827	5	20	1	1	8	147
8828	5	20	2	2	4	147
8829	5	20	3	3	2	147
8830	5	20	4	4	2	148
8831	5	20	5	5	1	148
8832	5	20	6	6	1	149
8833	5	20	7	7	129	149
8834	5	20	8	8	129	150
8835	5	20	9	9	193	150
8836	5	20	10	10	193	152
8837	5	20	11	11	225	152
8838	5	20	12	12	225	154
8839	5	20	13	13	241	154
8840	5	20	14	14	241	156
8841	5	20	15	15	249	157
8842	5	20	16	16	249	158
8843	5	20	17	17	253	159
8844	5	20	18	18	253	160
8845	5	20	19	19	255	161
8846	5	20	20	20	255	163
8847	5	20	21	21	256	163
8848	5	20	22	22	256	165
8849	5	20	23	23	128	165
8850	5	21	0	0	16	148
8851	5	21	1	1	8	148
8852	5	21	2	2	4	148
8853	5	21	3	3	2	148
8854	5	21	4	4	2	149
8855	5	21	5	5	1	149
8856	5	21	6	6	1	150
8857	5	21	7	7	129	150
8858	5	21	8	8	129	151
8859	5	21	9	9	193	151
8860	5	21	10	10	193	153
8861	5	21	11	11	225	153
8862	5	21	12	12	225	155
8863	5	21	13	13	241	155
8864	5	21	14	14	241	157
8865	5	21	15	15	249	158
8866	5	21	16	16	249	159
8867	5	21	17	17	253	160
8868	5	21	18	18	253	161
8869	5	21	19	19	255	162
8870	5	21	20	20	255	164
8871	5	21	21	21	256	164
8872	5	21	22	22	256	166
8873	5	22	0	0	16	149
8874	5	22	1	1	8	149
8875	5	22	2	2	4	149
8876	5	22	3	3	2	149
8877	5	22	4	4	2	150
8878	5	22	5	5	1	150
8879	5	22	6	6	1	151
8880	5	22	7	7	129	151
8881	5	22	8	8	129	152
8882	5	22	9	9	193	152
8883	5	22	10	10	193	154
8884	5	22	11	11	225	154
8885	5	22	12	12	225	156
8886	5	22	13	13	241	156
8887	5	22	14	14	241	158
8888	5	22	15	15	249	159
8889	5	22	16	16	249	160
8890	5	22	17	17	253	161
8891	5	22	18	18	253	162
8892	5	22	19	19	255	163
8893	5	22	20	20	255	165
8894	5	22	21	21	256	165
8895	5	23	0	0	16	150
8896	5	23	1	1	8	150
8897	5	23	2	2	4	150
8898	5	23	3	3	2	150
8899	5	23	4	4	2	151
8900	5	23	5	5	1	151
8901	5	23	6	6	1	152
8902	5	23	7	7	129	152
8903	5	23	8	8	129	153
8904	5	23	9	9	193	153
8905	5	23	10	10	193	155
8906	5	23	11	11	225	155
8907	5	23	12	12	225	157
8908	5	23	13	13	241	157
8909	5	23	14	14	241	159
8910	5	23	15	15	249	160
8911	5	23	16	16	249	161
8912	5	23	17	17	253	162
8913	5	23	18	18	253	163
8914	5	23	19	19	255	164
8915	5	23	20	20	255	166
8916	5	24	0	0	16	151
8917	5	24	1	1	8	151
8918	5	24	2	2	4	151
8919	5	24	3	3	2	151
8920	5	24	4	4	2	152
8921	5	24	5	5	1	152
8922	5	24	6	6	1	153
8923	5	24	7	7	129	153
8924	5	24	8	8	129	154
8925	5	24	9	9	193	154
8926	5	24	10	10	193	156
8927	5	24	11	11	225	156
8928	5	24	12	12	225	158
8929	5	24	13	13	241	158
8930	5	24	14	14	241	160
8931	5	24	15	15	249	161
8932	5	24	16	16	249	162
8933	5	24	17	17	253	163
8934	5	24	18	18	253	164
8935	5	24	19	19	255	165
8936	5	25	0	0	16	152
8937	5	25	1	1	8	152
8938	5	25	2	2	4	152
8939	5	25	3	3	2	152
8940	5	25	4	4	2	153
8941	5	25	5	5	1	153
8942	5	25	6	6	1	154
8943	5	25	7	7	129	154
8944	5	25	8	8	129	155
8945	5	25	9	9	193	155
8946	5	25	10	10	193	157
8947	5	25	11	11	225	157
8948	5	25	12	12	225	159
8949	5	25	13	13	241	159
8950	5	25	14	14	241	161
8951	5	25	15	15	249	162
8952	5	25	16	16	249	163
8953	5	25	17	17	253	164
8954	5	25	18	18	253	165
8955	5	26	0	0	16	153
8956	5	26	1	1	8	153
8957	5	26	2	2	4	153
8958	5	26	3	3	2	153
8959	5	26	4	4	2	154
8960	5	26	5	5	1	154
8961	5	26	6	6	1	155
8962	5	26	7	7	129	155
8963	5	26	8	8	129	156
8964	5	26	9	9	193	156
8965	5	26	10	10	193	158
8966	5	26	11	11	225	158
8967	5	26	12	12	225	160
8968	5	26	13	13	241	160
8969	5	26	14	14	241	162
8970	5	26	15	15	249	163
8971	5	26	16	16	249	164
8972	5	26	17	17	253	165
8973	5	27	0	0	16	154
8974	5	27	1	1	8	154
8975	5	27	2	2	4	154
8976	5	27	3	3	2	154
8977	5	27	4	4	2	155
8978	5	27	5	5	1	155
8979	5	27	6	6	1	156
8980	5	27	7	7	129	156
8981	5	27	8	8	129	157
8982	5	27	9	9	193	157
8983	5	27	10	10	193	159
8984	5	27	11	11	225	159
8985	5	27	12	12	225	161
8986	5	27	13	13	241	161
8987	5	27	14	14	241	163
8988	5	27	15	15	249	164
8989	5	27	16	16	249	165
8990	5	28	0	0	16	155
8991	5	28	1	1	8	155
8992	5	28	2	2	4	155
8993	5	28	3	3	2	155
8994	5	28	4	4	2	156
8995	5	28	5	5	1	156
8996	5	28	6	6	1	157
8997	5	28	7	7	129	157
8998	5	28	8	8	129	158
8999	5	28	9	9	193	158
9000	5	28	10	10	193	160
9001	5	28	11	11	225	160
9002	5	28	12	12	225	162
9003	5	28	13	13	241	162
9004	5	28	14	14	241	164
9005	5	28	15	15	249	165
9006	5	29	0	0	16	156
9007	5	29	1	1	8	156
9008	5	29	2	2	4	156
9009	5	29	3	3	2	156
9010	5	29	4	4	2	157
9011	5	29	5	5	1	157
9012	5	29	6	6	1	158
9013	5	29	7	7	129	158
9014	5	29	8	8	129	159
9015	5	29	9	9	193	159
9016	5	29	10	10	193	161
9017	5	29	11	11	225	161
9018	5	29	12	12	225	163
9019	5	29	13	13	241	163
9020	5	29	14	14	241	165
9021	5	30	0	0	16	157
9022	5	30	1	1	8	157
9023	5	30	2	2	4	157
9024	5	30	3	3	2	157
9025	5	30	4	4	2	158
9026	5	30	5	5	1	158
9027	5	30	6	6	1	159
9028	5	30	7	7	129	159
9029	5	30	8	8	129	160
9030	5	30	9	9	193	160
9031	5	30	10	10	193	162
9032	5	30	11	11	225	162
9033	5	30	12	12	225	164
9034	5	30	13	13	241	164
9035	5	31	0	0	16	158
9036	5	31	1	1	8	158
9037	5	31	2	2	4	158
9038	5	31	3	3	2	158
9039	5	31	4	4	2	159
9040	5	31	5	5	1	159
9041	5	31	6	6	1	160
9042	5	31	7	7	129	160
9043	5	31	8	8	129	161
9044	5	31	9	9	193	161
9045	5	31	10	10	193	163
9046	5	31	11	11	225	163
9047	5	31	12	12	225	165
9048	5	32	0	0	16	159
9049	5	32	1	1	8	159
9050	5	32	2	2	4	159
9051	5	32	3	3	2	159
9052	5	32	4	4	2	160
9053	5	32	5	5	1	160
9054	5	32	6	6	1	161
9055	5	32	7	7	129	161
9056	5	32	8	8	129	162
9057	5	32	9	9	193	162
9058	5	32	10	10	193	164
9059	5	32	11	11	225	164
9060	5	33	0	0	16	160
9061	5	33	1	1	8	160
9062	5	33	2	2	4	160
9063	5	33	3	3	2	160
9064	5	33	4	4	2	161
9065	5	33	5	5	1	161
9066	5	33	6	6	1	162
9067	5	33	7	7	129	162
9068	5	33	8	8	129	163
9069	5	33	9	9	193	163
9070	5	33	10	10	193	165
9071	5	34	0	0	16	161
9072	5	34	1	1	8	161
9073	5	34	2	2	4	161
9074	5	34	3	3	2	161
9075	5	34	4	4	2	162
9076	5	34	5	5	1	162
9077	5	34	6	6	1	163
9078	5	34	7	7	129	163
9079	5	34	8	8	129	164
9080	5	34	9	9	193	164
9081	5	35	0	0	16	162
9082	5	35	1	1	8	162
9083	5	35	2	2	4	162
9084	5	35	3	3	2	162
9085	5	35	4	4	2	163
9086	5	35	5	5	1	163
9087	5	35	6	6	1	164
9088	5	35	7	7	129	164
9089	5	35	8	8	129	165
9090	5	36	0	0	16	163
9091	5	36	1	1	8	163
9092	5	36	2	2	4	163
9093	5	36	3	3	2	163
9094	5	36	4	4	2	164
9095	5	36	5	5	1	164
9096	5	36	6	6	1	165
9097	5	36	7	7	129	165
9098	5	37	0	0	16	164
9099	5	37	1	1	8	164
9100	5	37	2	2	4	164
9101	5	37	3	3	2	164
9102	5	37	4	4	2	165
9103	5	37	5	5	1	165
9104	5	37	6	6	1	166
9105	5	38	0	0	16	165
9106	5	38	1	1	8	165
9107	5	38	2	2	4	165
9108	5	38	3	3	2	165
9109	5	38	4	4	2	166
9110	5	38	5	5	1	166
9111	5	39	0	0	16	166
9112	5	39	1	1	8	166
9113	5	39	2	2	4	166
9114	5	39	3	3	2	166
9115	5	39	4	4	2	167
9116	5	40	0	0	16	167
9117	5	40	1	1	8	167
9118	5	40	2	2	4	167
9119	5	40	3	3	2	167
9120	5	41	0	0	16	168
9121	5	41	1	1	8	168
9122	5	41	2	2	4	168
9123	5	42	0	0	16	169
9124	5	42	1	1	8	169
9125	5	43	0	0	16	170
9126	6	0	0	44	32	169
9127	6	0	1	45	16	170
9128	6	0	2	46	16	171
9129	6	0	3	47	8	172
9130	6	0	4	48	8	173
9131	6	0	5	49	4	174
9132	6	0	6	50	4	176
9133	6	0	7	51	2	176
9134	6	0	8	52	2	178
9135	6	0	9	53	1	178
9136	6	0	10	54	1	180
9137	6	0	11	55	129	181
9138	6	0	12	56	129	182
9139	6	0	13	57	193	183
9140	6	0	14	58	193	184
9141	6	0	15	59	225	185
9142	6	0	16	60	225	187
9143	6	0	17	61	241	187
9144	6	0	18	62	241	189
9145	6	0	19	63	249	189
9146	6	0	20	64	249	191
9147	6	0	21	65	253	192
9148	6	0	22	66	253	193
9149	6	0	23	67	255	194
9150	6	0	24	68	255	195
9151	6	0	25	69	256	196
9152	6	0	26	70	256	198
9153	6	0	27	71	128	198
9154	6	0	28	72	128	200
9155	6	0	29	73	64	200
9156	6	0	30	74	64	202
9157	6	0	31	75	32	203
9158	6	0	32	76	32	204
9159	6	0	33	77	16	205
9160	6	0	34	78	16	206
9161	6	0	35	79	8	207
9162	6	0	36	80	8	209
9163	6	0	37	81	4	209
9164	6	0	38	82	4	211
9165	6	0	39	83	2	211
9166	6	0	40	84	2	213
9167	6	0	41	85	1	214
9168	6	0	42	86	1	215
9169	6	0	43	87	129	216
9170	6	0	44	88	129	217
9171	6	0	45	89	193	218
9172	6	0	46	90	193	220
9173	6	1	0	43	8	168
9174	6	1	1	44	8	170
9175	6	1	2	45	4	171
9176	6	1	3	46	4	172
9177	6	1	4	47	2	173
9178	6	1	5	48	2	174
9179	6	1	6	49	1	175
9180	6	1	7	50	1	177
9181	6	1	8	51	129	177
9182	6	1	9	52	129	179
9183	6	1	10	53	193	179
9184	6	1	11	54	193	181
9185	6	1	12	55	225	182
9186	6	1	13	56	225	183
9187	6	1	14	57	241	184
9188	6	1	15	58	241	185
9189	6	1	16	59	249	186
9190	6	1	17	60	249	188
9191	6	1	18	61	253	188
9192	6	1	19	62	253	190
9193	6	1	20	63	255	190
9194	6	1	21	64	255	192
9195	6	1	22	65	256	193
9196	6	1	23	66	256	194
9197	6	1	24	67	128	195
9198	6	1	25	68	128	196
9199	6	1	26	69	64	197
9200	6	1	27	70	64	199
9201	6	1	28	71	32	199
9202	6	1	29	72	32	201
9203	6	1	30	73	16	201
9204	6	1	31	74	16	203
9205	6	1	32	75	8	204
9206	6	1	33	76	8	205
9207	6	1	34	77	4	206
9208	6	1	35	78	4	207
9209	6	1	36	79	2	208
9210	6	1	37	80	2	210
9211	6	1	38	81	1	210
9212	6	1	39	82	1	212
9213	6	1	40	83	129	212
9214	6	1	41	84	129	214
9215	6	1	42	85	193	215
9216	6	1	43	86	193	216
9217	6	1	44	87	225	217
9218	6	1	45	88	225	218
9219	6	2	0	42	4	169
9220	6	2	1	43	2	169
9221	6	2	2	44	2	171
9222	6	2	3	45	1	172
9223	6	2	4	46	1	173
9224	6	2	5	47	129	174
9225	6	2	6	48	129	175
9226	6	2	7	49	193	176
9227	6	2	8	50	193	178
9228	6	2	9	51	225	178
9229	6	2	10	52	225	180
9230	6	2	11	53	241	180
9231	6	2	12	54	241	182
9232	6	2	13	55	249	183
9233	6	2	14	56	249	184
9234	6	2	15	57	253	185
9235	6	2	16	58	253	186
9236	6	2	17	59	255	187
9237	6	2	18	60	255	189
9238	6	2	19	61	256	189
9239	6	2	20	62	256	191
9240	6	2	21	63	128	191
9241	6	2	22	64	128	193
9242	6	2	23	65	64	194
9243	6	2	24	66	64	195
9244	6	2	25	67	32	196
9245	6	2	26	68	32	197
9246	6	2	27	69	16	198
9247	6	2	28	70	16	200
9248	6	2	29	71	8	200
9249	6	2	30	72	8	202
9250	6	2	31	73	4	202
9251	6	2	32	74	4	204
9252	6	2	33	75	2	205
9253	6	2	34	76	2	206
9254	6	2	35	77	1	207
9255	6	2	36	78	1	208
9256	6	2	37	79	129	209
9257	6	2	38	80	129	211
9258	6	2	39	81	193	211
9259	6	2	40	82	193	213
9260	6	2	41	83	225	213
9261	6	2	42	84	225	215
9262	6	2	43	85	241	216
9263	6	2	44	86	241	217
9264	6	3	0	41	1	168
9265	6	3	1	42	1	170
9266	6	3	2	43	129	170
9267	6	3	3	44	129	172
9268	6	3	4	45	193	173
9269	6	3	5	46	193	174
9270	6	3	6	47	225	175
9271	6	3	7	48	225	176
9272	6	3	8	49	241	177
9273	6	3	9	50	241	179
9274	6	3	10	51	249	179
9275	6	3	11	52	249	181
9276	6	3	12	53	253	181
9277	6	3	13	54	253	183
9278	6	3	14	55	255	184
9279	6	3	15	56	255	185
9280	6	3	16	57	256	186
9281	6	3	17	58	256	187
9282	6	3	18	59	128	188
9283	6	3	19	60	128	190
9284	6	3	20	61	64	190
9285	6	3	21	62	64	192
9286	6	3	22	63	32	192
9287	6	3	23	64	32	194
9288	6	3	24	65	16	195
9289	6	3	25	66	16	196
9290	6	3	26	67	8	197
9291	6	3	27	68	8	198
9292	6	3	28	69	4	199
9293	6	3	29	70	4	201
9294	6	3	30	71	2	201
9295	6	3	31	72	2	203
9296	6	3	32	73	1	203
9297	6	3	33	74	1	205
9298	6	3	34	75	129	206
9299	6	3	35	76	129	207
9300	6	3	36	77	193	208
9301	6	3	37	78	193	209
9302	6	3	38	79	225	210
9303	6	3	39	80	225	212
9304	6	3	40	81	241	212
9305	6	3	41	82	241	214
9306	6	3	42	83	249	214
9307	6	3	43	84	249	216
9308	6	4	0	40	129	169
9309	6	4	1	41	193	169
9310	6	4	2	42	193	171
9311	6	4	3	43	225	171
9312	6	4	4	44	225	173
9313	6	4	5	45	241	174
9314	6	4	6	46	241	175
9315	6	4	7	47	249	176
9316	6	4	8	48	249	177
9317	6	4	9	49	253	178
9318	6	4	10	50	253	180
9319	6	4	11	51	255	180
9320	6	4	12	52	255	182
9321	6	4	13	53	256	182
9322	6	4	14	54	256	184
9323	6	4	15	55	128	185
9324	6	4	16	56	128	186
9325	6	4	17	57	64	187
9326	6	4	18	58	64	188
9327	6	4	19	59	32	189
9328	6	4	20	60	32	191
9329	6	4	21	61	16	191
9330	6	4	22	62	16	193
9331	6	4	23	63	8	193
9332	6	4	24	64	8	195
9333	6	4	25	65	4	196
9334	6	4	26	66	4	197
9335	6	4	27	67	2	198
9336	6	4	28	68	2	199
9337	6	4	29	69	1	200
9338	6	4	30	70	1	202
9339	6	4	31	71	129	202
9340	6	4	32	72	129	204
9341	6	4	33	73	193	204
9342	6	4	34	74	193	206
9343	6	4	35	75	225	207
9344	6	4	36	76	225	208
9345	6	4	37	77	241	209
9346	6	4	38	78	241	210
9347	6	4	39	79	249	211
9348	6	4	40	80	249	213
9349	6	4	41	81	253	213
9350	6	4	42	82	253	215
9351	6	5	0	39	225	168
9352	6	5	1	40	225	170
9353	6	5	2	41	241	170
9354	6	5	3	42	241	172
9355	6	5	4	43	249	172
9356	6	5	5	44	249	174
9357	6	5	6	45	253	175
9358	6	5	7	46	253	176
9359	6	5	8	47	255	177
9360	6	5	9	48	255	178
9361	6	5	10	49	256	179
9362	6	5	11	50	256	181
9363	6	5	12	51	128	181
9364	6	5	13	52	128	183
9365	6	5	14	53	64	183
9366	6	5	15	54	64	185
9367	6	5	16	55	32	186
9368	6	5	17	56	32	187
9369	6	5	18	57	16	188
9370	6	5	19	58	16	189
9371	6	5	20	59	8	190
9372	6	5	21	60	8	192
9373	6	5	22	61	4	192
9374	6	5	23	62	4	194
9375	6	5	24	63	2	194
9376	6	5	25	64	2	196
9377	6	5	26	65	1	197
9378	6	5	27	66	1	198
9379	6	5	28	67	129	199
9380	6	5	29	68	129	200
9381	6	5	30	69	193	201
9382	6	5	31	70	193	203
9383	6	5	32	71	225	203
9384	6	5	33	72	225	205
9385	6	5	34	73	241	205
9386	6	5	35	74	241	207
9387	6	5	36	75	249	208
9388	6	5	37	76	249	209
9389	6	5	38	77	253	210
9390	6	5	39	78	253	211
9391	6	5	40	79	255	212
9392	6	5	41	80	255	214
9393	6	6	0	38	241	168
9394	6	6	1	39	249	169
9395	6	6	2	40	249	171
9396	6	6	3	41	253	171
9397	6	6	4	42	253	173
9398	6	6	5	43	255	173
9399	6	6	6	44	255	175
9400	6	6	7	45	256	176
9401	6	6	8	46	256	177
9402	6	6	9	47	128	178
9403	6	6	10	48	128	179
9404	6	6	11	49	64	180
9405	6	6	12	50	64	182
9406	6	6	13	51	32	182
9407	6	6	14	52	32	184
9408	6	6	15	53	16	184
9409	6	6	16	54	16	186
9410	6	6	17	55	8	187
9411	6	6	18	56	8	188
9412	6	6	19	57	4	189
9413	6	6	20	58	4	190
9414	6	6	21	59	2	191
9415	6	6	22	60	2	193
9416	6	6	23	61	1	193
9417	6	6	24	62	1	195
9418	6	6	25	63	129	195
9419	6	6	26	64	129	197
9420	6	6	27	65	193	198
9421	6	6	28	66	193	199
9422	6	6	29	67	225	200
9423	6	6	30	68	225	201
9424	6	6	31	69	241	202
9425	6	6	32	70	241	204
9426	6	6	33	71	249	204
9427	6	6	34	72	249	206
9428	6	6	35	73	253	206
9429	6	6	36	74	253	208
9430	6	6	37	75	255	209
9431	6	6	38	76	255	210
9432	6	6	39	77	256	211
9433	6	6	40	78	256	212
9434	6	7	0	37	253	168
9435	6	7	1	38	253	169
9436	6	7	2	39	255	170
9437	6	7	3	40	255	172
9438	6	7	4	41	256	172
9439	6	7	5	42	256	174
9440	6	7	6	43	128	174
9441	6	7	7	44	128	176
9442	6	7	8	45	64	177
9443	6	7	9	46	64	178
9444	6	7	10	47	32	179
9445	6	7	11	48	32	180
9446	6	7	12	49	16	181
9447	6	7	13	50	16	183
9448	6	7	14	51	8	183
9449	6	7	15	52	8	185
9450	6	7	16	53	4	185
9451	6	7	17	54	4	187
9452	6	7	18	55	2	188
9453	6	7	19	56	2	189
9454	6	7	20	57	1	190
9455	6	7	21	58	1	191
9456	6	7	22	59	129	192
9457	6	7	23	60	129	194
9458	6	7	24	61	193	194
9459	6	7	25	62	193	196
9460	6	7	26	63	225	196
9461	6	7	27	64	225	198
9462	6	7	28	65	241	199
9463	6	7	29	66	241	200
9464	6	7	30	67	249	201
9465	6	7	31	68	249	202
9466	6	7	32	69	253	203
9467	6	7	33	70	253	205
9468	6	7	34	71	255	205
9469	6	7	35	72	255	207
9470	6	7	36	73	256	207
9471	6	7	37	74	256	209
9472	6	7	38	75	128	210
9473	6	7	39	76	128	211
9474	6	8	0	36	255	168
9475	6	8	1	37	256	169
9476	6	8	2	38	256	170
9477	6	8	3	39	128	171
9478	6	8	4	40	128	173
9479	6	8	5	41	64	173
9480	6	8	6	42	64	175
9481	6	8	7	43	32	175
9482	6	8	8	44	32	177
9483	6	8	9	45	16	178
9484	6	8	10	46	16	179
9485	6	8	11	47	8	180
9486	6	8	12	48	8	181
9487	6	8	13	49	4	182
9488	6	8	14	50	4	184
9489	6	8	15	51	2	184
9490	6	8	16	52	2	186
9491	6	8	17	53	1	186
9492	6	8	18	54	1	188
9493	6	8	19	55	129	189
9494	6	8	20	56	129	190
9495	6	8	21	57	193	191
9496	6	8	22	58	193	192
9497	6	8	23	59	225	193
9498	6	8	24	60	225	195
9499	6	8	25	61	241	195
9500	6	8	26	62	241	197
9501	6	8	27	63	249	197
9502	6	8	28	64	249	199
9503	6	8	29	65	253	200
9504	6	8	30	66	253	201
9505	6	8	31	67	255	202
9506	6	8	32	68	255	203
9507	6	8	33	69	256	204
9508	6	8	34	70	256	206
9509	6	8	35	71	128	206
9510	6	8	36	72	128	208
9511	6	8	37	73	64	208
9512	6	8	38	74	64	210
9513	6	9	0	35	128	168
9514	6	9	1	36	128	169
9515	6	9	2	37	64	170
9516	6	9	3	38	64	171
9517	6	9	4	39	32	172
9518	6	9	5	40	32	174
9519	6	9	6	41	16	174
9520	6	9	7	42	16	176
9521	6	9	8	43	8	176
9522	6	9	9	44	8	178
9523	6	9	10	45	4	179
9524	6	9	11	46	4	180
9525	6	9	12	47	2	181
9526	6	9	13	48	2	182
9527	6	9	14	49	1	183
9528	6	9	15	50	1	185
9529	6	9	16	51	129	185
9530	6	9	17	52	129	187
9531	6	9	18	53	193	187
9532	6	9	19	54	193	189
9533	6	9	20	55	225	190
9534	6	9	21	56	225	191
9535	6	9	22	57	241	192
9536	6	9	23	58	241	193
9537	6	9	24	59	249	194
9538	6	9	25	60	249	196
9539	6	9	26	61	253	196
9540	6	9	27	62	253	198
9541	6	9	28	63	255	198
9542	6	9	29	64	255	200
9543	6	9	30	65	256	201
9544	6	9	31	66	256	202
9545	6	9	32	67	128	203
9546	6	9	33	68	128	204
9547	6	9	34	69	64	205
9548	6	9	35	70	64	207
9549	6	9	36	71	32	207
9550	6	9	37	72	32	209
9551	6	10	0	34	64	168
9552	6	10	1	35	32	169
9553	6	10	2	36	32	170
9554	6	10	3	37	16	171
9555	6	10	4	38	16	172
9556	6	10	5	39	8	173
9557	6	10	6	40	8	175
9558	6	10	7	41	4	175
9559	6	10	8	42	4	177
9560	6	10	9	43	2	177
9561	6	10	10	44	2	179
9562	6	10	11	45	1	180
9563	6	10	12	46	1	181
9564	6	10	13	47	129	182
9565	6	10	14	48	129	183
9566	6	10	15	49	193	184
9567	6	10	16	50	193	186
9568	6	10	17	51	225	186
9569	6	10	18	52	225	188
9570	6	10	19	53	241	188
9571	6	10	20	54	241	190
9572	6	10	21	55	249	191
9573	6	10	22	56	249	192
9574	6	10	23	57	253	193
9575	6	10	24	58	253	194
9576	6	10	25	59	255	195
9577	6	10	26	60	255	197
9578	6	10	27	61	256	197
9579	6	10	28	62	256	199
9580	6	10	29	63	128	199
9581	6	10	30	64	128	201
9582	6	10	31	65	64	202
9583	6	10	32	66	64	203
9584	6	10	33	67	32	204
9585	6	10	34	68	32	205
9586	6	10	35	69	16	206
9587	6	10	36	70	16	208
9588	6	11	0	33	16	167
9589	6	11	1	34	16	169
9590	6	11	2	35	8	170
9591	6	11	3	36	8	171
9592	6	11	4	37	4	172
9593	6	11	5	38	4	173
9594	6	11	6	39	2	174
9595	6	11	7	40	2	176
9596	6	11	8	41	1	176
9597	6	11	9	42	1	178
9598	6	11	10	43	129	178
9599	6	11	11	44	129	180
9600	6	11	12	45	193	181
9601	6	11	13	46	193	182
9602	6	11	14	47	225	183
9603	6	11	15	48	225	184
9604	6	11	16	49	241	185
9605	6	11	17	50	241	187
9606	6	11	18	51	249	187
9607	6	11	19	52	249	189
9608	6	11	20	53	253	189
9609	6	11	21	54	253	191
9610	6	11	22	55	255	192
9611	6	11	23	56	255	193
9612	6	11	24	57	256	194
9613	6	11	25	58	256	195
9614	6	11	26	59	128	196
9615	6	11	27	60	128	198
9616	6	11	28	61	64	198
9617	6	11	29	62	64	200
9618	6	11	30	63	32	200
9619	6	11	31	64	32	202
9620	6	11	32	65	16	203
9621	6	11	33	66	16	204
9622	6	11	34	67	8	205
9623	6	11	35	68	8	206
9624	6	12	0	32	8	168
9625	6	12	1	33	4	168
9626	6	12	2	34	4	170
9627	6	12	3	35	2	171
9628	6	12	4	36	2	172
9629	6	12	5	37	1	173
9630	6	12	6	38	1	174
9631	6	12	7	39	129	175
9632	6	12	8	40	129	177
9633	6	12	9	41	193	177
9634	6	12	10	42	193	179
9635	6	12	11	43	225	179
9636	6	12	12	44	225	181
9637	6	12	13	45	241	182
9638	6	12	14	46	241	183
9639	6	12	15	47	249	184
9640	6	12	16	48	249	185
9641	6	12	17	49	253	186
9642	6	12	18	50	253	188
9643	6	12	19	51	255	188
9644	6	12	20	52	255	190
9645	6	12	21	53	256	190
9646	6	12	22	54	256	192
9647	6	12	23	55	128	193
9648	6	12	24	56	128	194
9649	6	12	25	57	64	195
9650	6	12	26	58	64	196
9651	6	12	27	59	32	197
9652	6	12	28	60	32	199
9653	6	12	29	61	16	199
9654	6	12	30	62	16	201
9655	6	12	31	63	8	201
9656	6	12	32	64	8	203
9657	6	12	33	65	4	204
9658	6	12	34	66	4	205
9659	6	13	0	31	2	167
9660	6	13	1	32	2	169
9661	6	13	2	33	1	169
9662	6	13	3	34	1	171
9663	6	13	4	35	129	172
9664	6	13	5	36	129	173
9665	6	13	6	37	193	174
9666	6	13	7	38	193	175
9667	6	13	8	39	225	176
9668	6	13	9	40	225	178
9669	6	13	10	41	241	178
9670	6	13	11	42	241	180
9671	6	13	12	43	249	180
9672	6	13	13	44	249	182
9673	6	13	14	45	253	183
9674	6	13	15	46	253	184
9675	6	13	16	47	255	185
9676	6	13	17	48	255	186
9677	6	13	18	49	256	187
9678	6	13	19	50	256	189
9679	6	13	20	51	128	189
9680	6	13	21	52	128	191
9681	6	13	22	53	64	191
9682	6	13	23	54	64	193
9683	6	13	24	55	32	194
9684	6	13	25	56	32	195
9685	6	13	26	57	16	196
9686	6	13	27	58	16	197
9687	6	13	28	59	8	198
9688	6	13	29	60	8	200
9689	6	13	30	61	4	200
9690	6	13	31	62	4	202
9691	6	13	32	63	2	202
9692	6	13	33	64	2	204
9693	6	14	0	30	1	168
9694	6	14	1	31	129	168
9695	6	14	2	32	129	170
9696	6	14	3	33	193	170
9697	6	14	4	34	193	172
9698	6	14	5	35	225	173
9699	6	14	6	36	225	174
9700	6	14	7	37	241	175
9701	6	14	8	38	241	176
9702	6	14	9	39	249	177
9703	6	14	10	40	249	179
9704	6	14	11	41	253	179
9705	6	14	12	42	253	181
9706	6	14	13	43	255	181
9707	6	14	14	44	255	183
9708	6	14	15	45	256	184
9709	6	14	16	46	256	185
9710	6	14	17	47	128	186
9711	6	14	18	48	128	187
9712	6	14	19	49	64	188
9713	6	14	20	50	64	190
9714	6	14	21	51	32	190
9715	6	14	22	52	32	192
9716	6	14	23	53	16	192
9717	6	14	24	54	16	194
9718	6	14	25	55	8	195
9719	6	14	26	56	8	196
9720	6	14	27	57	4	197
9721	6	14	28	58	4	198
9722	6	14	29	59	2	199
9723	6	14	30	60	2	201
9724	6	14	31	61	1	201
9725	6	14	32	62	1	203
9726	6	15	0	29	193	167
9727	6	15	1	30	193	169
9728	6	15	2	31	225	169
9729	6	15	3	32	225	171
9730	6	15	4	33	241	171
9731	6	15	5	34	241	173
9732	6	15	6	35	249	174
9733	6	15	7	36	249	175
9734	6	15	8	37	253	176
9735	6	15	9	38	253	177
9736	6	15	10	39	255	178
9737	6	15	11	40	255	180
9738	6	15	12	41	256	180
9739	6	15	13	42	256	182
9740	6	15	14	43	128	182
9741	6	15	15	44	128	184
9742	6	15	16	45	64	185
9743	6	15	17	46	64	186
9744	6	15	18	47	32	187
9745	6	15	19	48	32	188
9746	6	15	20	49	16	189
9747	6	15	21	50	16	191
9748	6	15	22	51	8	191
9749	6	15	23	52	8	193
9750	6	15	24	53	4	193
9751	6	15	25	54	4	195
9752	6	15	26	55	2	196
9753	6	15	27	56	2	197
9754	6	15	28	57	1	198
9755	6	15	29	58	1	199
9756	6	15	30	59	129	200
9757	6	15	31	60	129	202
9758	6	16	0	28	225	167
9759	6	16	1	29	241	168
9760	6	16	2	30	241	170
9761	6	16	3	31	249	170
9762	6	16	4	32	249	172
9763	6	16	5	33	253	172
9764	6	16	6	34	253	174
9765	6	16	7	35	255	175
9766	6	16	8	36	255	176
9767	6	16	9	37	256	177
9768	6	16	10	38	256	178
9769	6	16	11	39	128	179
9770	6	16	12	40	128	181
9771	6	16	13	41	64	181
9772	6	16	14	42	64	183
9773	6	16	15	43	32	183
9774	6	16	16	44	32	185
9775	6	16	17	45	16	186
9776	6	16	18	46	16	187
9777	6	16	19	47	8	188
9778	6	16	20	48	8	189
9779	6	16	21	49	4	190
9780	6	16	22	50	4	192
9781	6	16	23	51	2	192
9782	6	16	24	52	2	194
9783	6	16	25	53	1	194
9784	6	16	26	54	1	196
9785	6	16	27	55	129	197
9786	6	16	28	56	129	198
9787	6	16	29	57	193	199
9788	6	16	30	58	193	200
9789	6	17	0	27	249	167
9790	6	17	1	28	249	168
9791	6	17	2	29	253	169
9792	6	17	3	30	253	171
9793	6	17	4	31	255	171
9794	6	17	5	32	255	173
9795	6	17	6	33	256	173
9796	6	17	7	34	256	175
9797	6	17	8	35	128	176
9798	6	17	9	36	128	177
9799	6	17	10	37	64	178
9800	6	17	11	38	64	179
9801	6	17	12	39	32	180
9802	6	17	13	40	32	182
9803	6	17	14	41	16	182
9804	6	17	15	42	16	184
9805	6	17	16	43	8	184
9806	6	17	17	44	8	186
9807	6	17	18	45	4	187
9808	6	17	19	46	4	188
9809	6	17	20	47	2	189
9810	6	17	21	48	2	190
9811	6	17	22	49	1	191
9812	6	17	23	50	1	193
9813	6	17	24	51	129	193
9814	6	17	25	52	129	195
9815	6	17	26	53	193	195
9816	6	17	27	54	193	197
9817	6	17	28	55	225	198
9818	6	17	29	56	225	199
9819	6	18	0	26	253	167
9820	6	18	1	27	255	168
9821	6	18	2	28	255	169
9822	6	18	3	29	256	170
9823	6	18	4	30	256	172
9824	6	18	5	31	128	172
9825	6	18	6	32	128	174
9826	6	18	7	33	64	174
9827	6	18	8	34	64	176
9828	6	18	9	35	32	177
9829	6	18	10	36	32	178
9830	6	18	11	37	16	179
9831	6	18	12	38	16	180
9832	6	18	13	39	8	181
9833	6	18	14	40	8	183
9834	6	18	15	41	4	183
9835	6	18	16	42	4	185
9836	6	18	17	43	2	185
9837	6	18	18	44	2	187
9838	6	18	19	45	1	188
9839	6	18	20	46	1	189
9840	6	18	21	47	129	190
9841	6	18	22	48	129	191
9842	6	18	23	49	193	192
9843	6	18	24	50	193	194
9844	6	18	25	51	225	194
9845	6	18	26	52	225	196
9846	6	18	27	53	241	196
9847	6	18	28	54	241	198
9848	6	19	0	25	256	167
9849	6	19	1	26	256	168
9850	6	19	2	27	128	169
9851	6	19	3	28	128	170
9852	6	19	4	29	64	171
9853	6	19	5	30	64	173
9854	6	19	6	31	32	173
9855	6	19	7	32	32	175
9856	6	19	8	33	16	175
9857	6	19	9	34	16	177
9858	6	19	10	35	8	178
9859	6	19	11	36	8	179
9860	6	19	12	37	4	180
9861	6	19	13	38	4	181
9862	6	19	14	39	2	182
9863	6	19	15	40	2	184
9864	6	19	16	41	1	184
9865	6	19	17	42	1	186
9866	6	19	18	43	129	186
9867	6	19	19	44	129	188
9868	6	19	20	45	193	189
9869	6	19	21	46	193	190
9870	6	19	22	47	225	191
9871	6	19	23	48	225	192
9872	6	19	24	49	241	193
9873	6	19	25	50	241	195
9874	6	19	26	51	249	195
9875	6	19	27	52	249	197
9876	6	20	0	24	128	167
9877	6	20	1	25	64	168
9878	6	20	2	26	64	169
9879	6	20	3	27	32	170
9880	6	20	4	28	32	171
9881	6	20	5	29	16	172
9882	6	20	6	30	16	174
9883	6	20	7	31	8	174
9884	6	20	8	32	8	176
9885	6	20	9	33	4	176
9886	6	20	10	34	4	178
9887	6	20	11	35	2	179
9888	6	20	12	36	2	180
9889	6	20	13	37	1	181
9890	6	20	14	38	1	182
9891	6	20	15	39	129	183
9892	6	20	16	40	129	185
9893	6	20	17	41	193	185
9894	6	20	18	42	193	187
9895	6	20	19	43	225	187
9896	6	20	20	44	225	189
9897	6	20	21	45	241	190
9898	6	20	22	46	241	191
9899	6	20	23	47	249	192
9900	6	20	24	48	249	193
9901	6	20	25	49	253	194
9902	6	20	26	50	253	196
9903	6	21	0	23	32	166
9904	6	21	1	24	32	168
9905	6	21	2	25	16	169
9906	6	21	3	26	16	170
9907	6	21	4	27	8	171
9908	6	21	5	28	8	172
9909	6	21	6	29	4	173
9910	6	21	7	30	4	175
9911	6	21	8	31	2	175
9912	6	21	9	32	2	177
9913	6	21	10	33	1	177
9914	6	21	11	34	1	179
9915	6	21	12	35	129	180
9916	6	21	13	36	129	181
9917	6	21	14	37	193	182
9918	6	21	15	38	193	183
9919	6	21	16	39	225	184
9920	6	21	17	40	225	186
9921	6	21	18	41	241	186
9922	6	21	19	42	241	188
9923	6	21	20	43	249	188
9924	6	21	21	44	249	190
9925	6	21	22	45	253	191
9926	6	21	23	46	253	192
9927	6	21	24	47	255	193
9928	6	21	25	48	255	194
9929	6	22	0	22	16	167
9930	6	22	1	23	8	167
9931	6	22	2	24	8	169
9932	6	22	3	25	4	170
9933	6	22	4	26	4	171
9934	6	22	5	27	2	172
9935	6	22	6	28	2	173
9936	6	22	7	29	1	174
9937	6	22	8	30	1	176
9938	6	22	9	31	129	176
9939	6	22	10	32	129	178
9940	6	22	11	33	193	178
9941	6	22	12	34	193	180
9942	6	22	13	35	225	181
9943	6	22	14	36	225	182
9944	6	22	15	37	241	183
9945	6	22	16	38	241	184
9946	6	22	17	39	249	185
9947	6	22	18	40	249	187
9948	6	22	19	41	253	187
9949	6	22	20	42	253	189
9950	6	22	21	43	255	189
9951	6	22	22	44	255	191
9952	6	22	23	45	256	192
9953	6	22	24	46	256	193
9954	6	23	0	21	4	166
9955	6	23	1	22	4	168
9956	6	23	2	23	2	168
9957	6	23	3	24	2	170
9958	6	23	4	25	1	171
9959	6	23	5	26	1	172
9960	6	23	6	27	129	173
9961	6	23	7	28	129	174
9962	6	23	8	29	193	175
9963	6	23	9	30	193	177
9964	6	23	10	31	225	177
9965	6	23	11	32	225	179
9966	6	23	12	33	241	179
9967	6	23	13	34	241	181
9968	6	23	14	35	249	182
9969	6	23	15	36	249	183
9970	6	23	16	37	253	184
9971	6	23	17	38	253	185
9972	6	23	18	39	255	186
9973	6	23	19	40	255	188
9974	6	23	20	41	256	188
9975	6	23	21	42	256	190
9976	6	23	22	43	128	190
9977	6	23	23	44	128	192
9978	6	24	0	20	2	167
9979	6	24	1	21	1	167
9980	6	24	2	22	1	169
9981	6	24	3	23	129	169
9982	6	24	4	24	129	171
9983	6	24	5	25	193	172
9984	6	24	6	26	193	173
9985	6	24	7	27	225	174
9986	6	24	8	28	225	175
9987	6	24	9	29	241	176
9988	6	24	10	30	241	178
9989	6	24	11	31	249	178
9990	6	24	12	32	249	180
9991	6	24	13	33	253	180
9992	6	24	14	34	253	182
9993	6	24	15	35	255	183
9994	6	24	16	36	255	184
9995	6	24	17	37	256	185
9996	6	24	18	38	256	186
9997	6	24	19	39	128	187
9998	6	24	20	40	128	189
9999	6	24	21	41	64	189
10000	6	24	22	42	64	191
10001	6	25	0	19	129	166
10002	6	25	1	20	129	168
10003	6	25	2	21	193	168
10004	6	25	3	22	193	170
10005	6	25	4	23	225	170
10006	6	25	5	24	225	172
10007	6	25	6	25	241	173
10008	6	25	7	26	241	174
10009	6	25	8	27	249	175
10010	6	25	9	28	249	176
10011	6	25	10	29	253	177
10012	6	25	11	30	253	179
10013	6	25	12	31	255	179
10014	6	25	13	32	255	181
10015	6	25	14	33	256	181
10016	6	25	15	34	256	183
10017	6	25	16	35	128	184
10018	6	25	17	36	128	185
10019	6	25	18	37	64	186
10020	6	25	19	38	64	187
10021	6	25	20	39	32	188
10022	6	25	21	40	32	190
10023	6	26	0	18	193	166
10024	6	26	1	19	225	167
10025	6	26	2	20	225	169
10026	6	26	3	21	241	169
10027	6	26	4	22	241	171
10028	6	26	5	23	249	171
10029	6	26	6	24	249	173
10030	6	26	7	25	253	174
10031	6	26	8	26	253	175
10032	6	26	9	27	255	176
10033	6	26	10	28	255	177
10034	6	26	11	29	256	178
10035	6	26	12	30	256	180
10036	6	26	13	31	128	180
10037	6	26	14	32	128	182
10038	6	26	15	33	64	182
10039	6	26	16	34	64	184
10040	6	26	17	35	32	185
10041	6	26	18	36	32	186
10042	6	26	19	37	16	187
10043	6	26	20	38	16	188
10044	6	27	0	17	241	166
10045	6	27	1	18	241	167
10046	6	27	2	19	249	168
10047	6	27	3	20	249	170
10048	6	27	4	21	253	170
10049	6	27	5	22	253	172
10050	6	27	6	23	255	172
10051	6	27	7	24	255	174
10052	6	27	8	25	256	175
10053	6	27	9	26	256	176
10054	6	27	10	27	128	177
10055	6	27	11	28	128	178
10056	6	27	12	29	64	179
10057	6	27	13	30	64	181
10058	6	27	14	31	32	181
10059	6	27	15	32	32	183
10060	6	27	16	33	16	183
10061	6	27	17	34	16	185
10062	6	27	18	35	8	186
10063	6	27	19	36	8	187
10064	6	28	0	16	249	166
10065	6	28	1	17	253	167
10066	6	28	2	18	253	168
10067	6	28	3	19	255	169
10068	6	28	4	20	255	171
10069	6	28	5	21	256	171
10070	6	28	6	22	256	173
10071	6	28	7	23	128	173
10072	6	28	8	24	128	175
10073	6	28	9	25	64	176
10074	6	28	10	26	64	177
10075	6	28	11	27	32	178
10076	6	28	12	28	32	179
10077	6	28	13	29	16	180
10078	6	28	14	30	16	182
10079	6	28	15	31	8	182
10080	6	28	16	32	8	184
10081	6	28	17	33	4	184
10082	6	28	18	34	4	186
10083	6	29	0	15	255	166
10084	6	29	1	16	255	167
10085	6	29	2	17	256	168
10086	6	29	3	18	256	169
10087	6	29	4	19	128	170
10088	6	29	5	20	128	172
10089	6	29	6	21	64	172
10090	6	29	7	22	64	174
10091	6	29	8	23	32	174
10092	6	29	9	24	32	176
10093	6	29	10	25	16	177
10094	6	29	11	26	16	178
10095	6	29	12	27	8	179
10096	6	29	13	28	8	180
10097	6	29	14	29	4	181
10098	6	29	15	30	4	183
10099	6	29	16	31	2	183
10100	6	29	17	32	2	185
10101	6	30	0	14	256	166
10102	6	30	1	15	128	167
10103	6	30	2	16	128	168
10104	6	30	3	17	64	169
10105	6	30	4	18	64	170
10106	6	30	5	19	32	171
10107	6	30	6	20	32	173
10108	6	30	7	21	16	173
10109	6	30	8	22	16	175
10110	6	30	9	23	8	175
10111	6	30	10	24	8	177
10112	6	30	11	25	4	178
10113	6	30	12	26	4	179
10114	6	30	13	27	2	180
10115	6	30	14	28	2	181
10116	6	30	15	29	1	182
10117	6	30	16	30	1	184
10118	6	31	0	13	64	165
10119	6	31	1	14	64	167
10120	6	31	2	15	32	168
10121	6	31	3	16	32	169
10122	6	31	4	17	16	170
10123	6	31	5	18	16	171
10124	6	31	6	19	8	172
10125	6	31	7	20	8	174
10126	6	31	8	21	4	174
10127	6	31	9	22	4	176
10128	6	31	10	23	2	176
10129	6	31	11	24	2	178
10130	6	31	12	25	1	179
10131	6	31	13	26	1	180
10132	6	31	14	27	129	181
10133	6	31	15	28	129	182
10134	6	32	0	12	32	166
10135	6	32	1	13	16	166
10136	6	32	2	14	16	168
10137	6	32	3	15	8	169
10138	6	32	4	16	8	170
10139	6	32	5	17	4	171
10140	6	32	6	18	4	172
10141	6	32	7	19	2	173
10142	6	32	8	20	2	175
10143	6	32	9	21	1	175
10144	6	32	10	22	1	177
10145	6	32	11	23	129	177
10146	6	32	12	24	129	179
10147	6	32	13	25	193	180
10148	6	32	14	26	193	181
10149	6	33	0	11	8	165
10150	6	33	1	12	8	167
10151	6	33	2	13	4	167
10152	6	33	3	14	4	169
10153	6	33	4	15	2	170
10154	6	33	5	16	2	171
10155	6	33	6	17	1	172
10156	6	33	7	18	1	173
10157	6	33	8	19	129	174
10158	6	33	9	20	129	176
10159	6	33	10	21	193	176
10160	6	33	11	22	193	178
10161	6	33	12	23	225	178
10162	6	33	13	24	225	180
10163	6	34	0	10	4	166
10164	6	34	1	11	2	166
10165	6	34	2	12	2	168
10166	6	34	3	13	1	168
10167	6	34	4	14	1	170
10168	6	34	5	15	129	171
10169	6	34	6	16	129	172
10170	6	34	7	17	193	173
10171	6	34	8	18	193	174
10172	6	34	9	19	225	175
10173	6	34	10	20	225	177
10174	6	34	11	21	241	177
10175	6	34	12	22	241	179
10176	6	35	0	9	1	165
10177	6	35	1	10	1	167
10178	6	35	2	11	129	167
10179	6	35	3	12	129	169
10180	6	35	4	13	193	169
10181	6	35	5	14	193	171
10182	6	35	6	15	225	172
10183	6	35	7	16	225	173
10184	6	35	8	17	241	174
10185	6	35	9	18	241	175
10186	6	35	10	19	249	176
10187	6	35	11	20	249	178
10188	6	36	0	8	129	166
10189	6	36	1	9	193	166
10190	6	36	2	10	193	168
10191	6	36	3	11	225	168
10192	6	36	4	12	225	170
10193	6	36	5	13	241	170
10194	6	36	6	14	241	172
10195	6	36	7	15	249	173
10196	6	36	8	16	249	174
10197	6	36	9	17	253	175
10198	6	36	10	18	253	176
10199	6	37	0	7	225	166
10200	6	37	1	8	225	167
10201	6	37	2	9	241	167
10202	6	37	3	10	241	169
10203	6	37	4	11	249	169
10204	6	37	5	12	249	171
10205	6	37	6	13	253	171
10206	6	37	7	14	253	173
10207	6	37	8	15	255	174
10208	6	37	9	16	255	175
10209	6	38	0	6	241	167
10210	6	38	1	7	249	167
10211	6	38	2	8	249	168
10212	6	38	3	9	253	168
10213	6	38	4	10	253	170
10214	6	38	5	11	255	170
10215	6	38	6	12	255	172
10216	6	38	7	13	256	172
10217	6	38	8	14	256	174
10218	6	39	0	5	253	167
10219	6	39	1	6	253	168
10220	6	39	2	7	255	168
10221	6	39	3	8	255	169
10222	6	39	4	9	256	169
10223	6	39	5	10	256	171
10224	6	39	6	11	128	171
10225	6	39	7	12	128	173
10226	6	40	0	4	255	168
10227	6	40	1	5	256	168
10228	6	40	2	6	256	169
10229	6	40	3	7	128	169
10230	6	40	4	8	128	170
10231	6	40	5	9	64	170
10232	6	40	6	10	64	172
10233	6	41	0	3	128	168
10234	6	41	1	4	128	169
10235	6	41	2	5	64	169
10236	6	41	3	6	64	170
10237	6	41	4	7	32	170
10238	6	41	5	8	32	171
10239	6	42	0	2	64	169
10240	6	42	1	3	32	169
10241	6	42	2	4	32	170
10242	6	42	3	5	16	170
10243	6	42	4	6	16	171
10244	6	43	0	1	32	170
10245	6	43	1	2	16	170
10246	6	43	2	3	8	170
10247	6	43	3	4	8	171
10248	6	44	0	0	16	171
10249	6	44	1	1	8	171
10250	6	44	2	2	4	171
10251	6	45	0	0	16	172
10252	6	45	1	1	8	172
10253	6	46	0	0	16	173
10254	7	0	0	91	73	220
10255	7	0	1	92	73	222
10256	7	0	2	93	165	222
10257	7	0	3	94	165	224
10258	7	0	4	95	211	225
10259	7	0	5	96	211	226
10260	7	0	6	97	234	227
10261	7	0	7	98	234	228
10262	7	0	8	99	117	229
10263	7	0	9	100	117	231
10264	7	0	10	101	187	231
10265	7	0	11	102	187	233
10266	7	0	12	103	222	233
10267	7	0	13	104	222	235
10268	7	0	14	105	111	236
10269	7	0	15	106	111	237
10270	7	0	16	107	184	238
10271	7	0	17	108	184	239
10272	7	0	18	109	92	240
10273	7	0	19	110	92	242
10274	7	0	20	111	46	242
10275	7	0	21	112	46	244
10276	7	0	22	113	23	244
10277	7	0	23	114	23	246
10278	7	0	24	115	140	247
10279	7	0	25	116	140	248
10280	7	0	26	117	70	249
10281	7	0	27	118	70	250
10282	7	0	28	119	35	251
10283	7	0	29	120	35	253
10284	7	0	30	121	146	253
10285	7	0	31	122	146	255
10286	7	0	32	123	73	255
10287	7	0	33	124	73	257
10288	7	0	34	125	165	258
10289	7	0	35	126	165	259
10290	7	0	36	127	211	260
10291	7	0	37	128	211	261
10292	7	0	38	129	234	262
10293	7	1	0	89	55	219
10294	7	1	1	90	55	221
10295	7	1	2	91	156	221
10296	7	1	3	92	156	223
10297	7	1	4	93	78	223
10298	7	1	5	94	78	225
10299	7	1	6	95	39	226
10300	7	1	7	96	39	227
10301	7	1	8	97	148	228
10302	7	1	9	98	148	229
10303	7	1	10	99	74	230
10304	7	1	11	100	74	232
10305	7	1	12	101	37	232
10306	7	1	13	102	37	234
10307	7	1	14	103	147	234
10308	7	1	15	104	147	236
10309	7	1	16	105	202	237
10310	7	1	17	106	202	238
10311	7	1	18	107	101	239
10312	7	1	19	108	101	240
10313	7	1	20	109	179	241
10314	7	1	21	110	179	243
10315	7	1	22	111	218	243
10316	7	1	23	112	218	245
10317	7	1	24	113	109	245
10318	7	1	25	114	109	247
10319	7	1	26	115	183	248
10320	7	1	27	116	183	249
10321	7	1	28	117	220	250
10322	7	1	29	118	220	251
10323	7	1	30	119	110	252
10324	7	1	31	120	110	254
10325	7	1	32	121	55	254
10326	7	1	33	122	55	256
10327	7	1	34	123	156	256
10328	7	1	35	124	156	258
10329	7	1	36	125	78	259
10330	7	1	37	126	78	260
10331	7	2	0	87	52	218
10332	7	2	1	88	52	219
10333	7	2	2	89	26	220
10334	7	2	3	90	26	222
10335	7	2	4	91	13	222
10336	7	2	5	92	13	224
10337	7	2	6	93	135	224
10338	7	2	7	94	135	226
10339	7	2	8	95	196	227
10340	7	2	9	96	196	228
10341	7	2	10	97	98	229
10342	7	2	11	98	98	230
10343	7	2	12	99	49	231
10344	7	2	13	100	49	233
10345	7	2	14	101	153	233
10346	7	2	15	102	153	235
10347	7	2	16	103	205	235
10348	7	2	17	104	205	237
10349	7	2	18	105	231	238
10350	7	2	19	106	231	239
10351	7	2	20	107	244	240
10352	7	2	21	108	244	241
10353	7	2	22	109	122	242
10354	7	2	23	110	122	244
10355	7	2	24	111	61	244
10356	7	2	25	112	61	246
10357	7	2	26	113	159	246
10358	7	2	27	114	159	248
10359	7	2	28	115	208	249
10360	7	2	29	116	208	250
10361	7	2	30	117	104	251
10362	7	2	31	118	104	252
10363	7	2	32	119	52	253
10364	7	2	33	120	52	255
10365	7	2	34	121	26	255
10366	7	2	35	122	26	257
10367	7	2	36	123	13	257
10368	7	3	0	85	180	217
10369	7	3	1	86	180	218
10370	7	3	2	87	90	219
10371	7	3	3	88	90	220
10372	7	3	4	89	45	221
10373	7	3	5	90	45	223
10374	7	3	6	91	151	223
10375	7	3	7	92	151	225
10376	7	3	8	93	204	225
10377	7	3	9	94	204	227
10378	7	3	10	95	102	228
10379	7	3	11	96	102	229
10380	7	3	12	97	51	230
10381	7	3	13	98	51	231
10382	7	3	14	99	154	232
10383	7	3	15	100	154	234
10384	7	3	16	101	77	234
10385	7	3	17	102	77	236
10386	7	3	18	103	167	236
10387	7	3	19	104	167	238
10388	7	3	20	105	212	239
10389	7	3	21	106	212	240
10390	7	3	22	107	106	241
10391	7	3	23	108	106	242
10392	7	3	24	109	53	243
10393	7	3	25	110	53	245
10394	7	3	26	111	155	245
10395	7	3	27	112	155	247
10396	7	3	28	113	206	247
10397	7	3	29	114	206	249
10398	7	3	30	115	103	250
10399	7	3	31	116	103	251
10400	7	3	32	117	180	252
10401	7	3	33	118	180	253
10402	7	3	34	119	90	254
10403	7	3	35	120	90	256
10404	7	4	0	83	30	215
10405	7	4	1	84	30	217
10406	7	4	2	85	15	218
10407	7	4	3	86	15	219
10408	7	4	4	87	136	220
10409	7	4	5	88	136	221
10410	7	4	6	89	68	222
10411	7	4	7	90	68	224
10412	7	4	8	91	34	224
10413	7	4	9	92	34	226
10414	7	4	10	93	17	226
10415	7	4	11	94	17	228
10416	7	4	12	95	137	229
10417	7	4	13	96	137	230
10418	7	4	14	97	197	231
10419	7	4	15	98	197	232
10420	7	4	16	99	227	233
10421	7	4	17	100	227	235
10422	7	4	18	101	242	235
10423	7	4	19	102	242	237
10424	7	4	20	103	121	237
10425	7	4	21	104	121	239
10426	7	4	22	105	189	240
10427	7	4	23	106	189	241
10428	7	4	24	107	223	242
10429	7	4	25	108	223	243
10430	7	4	26	109	240	244
10431	7	4	27	110	240	246
10432	7	4	28	111	120	246
10433	7	4	29	112	120	248
10434	7	4	30	113	60	248
10435	7	4	31	114	60	250
10436	7	4	32	115	30	251
10437	7	4	33	116	30	252
10438	7	4	34	117	15	253
10439	7	5	0	81	5	214
10440	7	5	1	82	5	216
10441	7	5	2	83	131	216
10442	7	5	3	84	131	218
10443	7	5	4	85	194	219
10444	7	5	5	86	194	220
10445	7	5	6	87	97	221
10446	7	5	7	88	97	222
10447	7	5	8	89	177	223
10448	7	5	9	90	177	225
10449	7	5	10	91	217	225
10450	7	5	11	92	217	227
10451	7	5	12	93	237	227
10452	7	5	13	94	237	229
10453	7	5	14	95	247	230
10454	7	5	15	96	247	231
10455	7	5	16	97	252	232
10456	7	5	17	98	252	233
10457	7	5	18	99	126	234
10458	7	5	19	100	126	236
10459	7	5	20	101	63	236
10460	7	5	21	102	63	238
10461	7	5	22	103	160	238
10462	7	5	23	104	160	240
10463	7	5	24	105	80	241
10464	7	5	25	106	80	242
10465	7	5	26	107	40	243
10466	7	5	27	108	40	244
10467	7	5	28	109	20	245
10468	7	5	29	110	20	247
10469	7	5	30	111	10	247
10470	7	5	31	112	10	249
10471	7	5	32	113	5	249
10472	7	5	33	114	5	251
10473	7	6	0	79	215	213
10474	7	6	1	80	215	215
10475	7	6	2	81	236	215
10476	7	6	3	82	236	217
10477	7	6	4	83	118	217
10478	7	6	5	84	118	219
10479	7	6	6	85	59	220
10480	7	6	7	86	59	221
10481	7	6	8	87	158	222
10482	7	6	9	88	158	223
10483	7	6	10	89	79	224
10484	7	6	11	90	79	226
10485	7	6	12	91	168	226
10486	7	6	13	92	168	228
10487	7	6	14	93	84	228
10488	7	6	15	94	84	230
10489	7	6	16	95	42	231
10490	7	6	17	96	42	232
10491	7	6	18	97	21	233
10492	7	6	19	98	21	234
10493	7	6	20	99	139	235
10494	7	6	21	100	139	237
10495	7	6	22	101	198	237
10496	7	6	23	102	198	239
10497	7	6	24	103	99	239
10498	7	6	25	104	99	241
10499	7	6	26	105	178	242
10500	7	6	27	106	178	243
10501	7	6	28	107	89	244
10502	7	6	29	108	89	245
10503	7	6	30	109	173	246
10504	7	6	31	110	173	248
10505	7	6	32	111	215	248
10506	7	7	0	77	250	212
10507	7	7	1	78	250	213
10508	7	7	2	79	125	214
10509	7	7	3	80	125	216
10510	7	7	4	81	191	216
10511	7	7	5	82	191	218
10512	7	7	6	83	224	218
10513	7	7	7	84	224	220
10514	7	7	8	85	112	221
10515	7	7	9	86	112	222
10516	7	7	10	87	56	223
10517	7	7	11	88	56	224
10518	7	7	12	89	28	225
10519	7	7	13	90	28	227
10520	7	7	14	91	14	227
10521	7	7	15	92	14	229
10522	7	7	16	93	7	229
10523	7	7	17	94	7	231
10524	7	7	18	95	132	232
10525	7	7	19	96	132	233
10526	7	7	20	97	66	234
10527	7	7	21	98	66	235
10528	7	7	22	99	33	236
10529	7	7	23	100	33	238
10530	7	7	24	101	145	238
10531	7	7	25	102	145	240
10532	7	7	26	103	201	240
10533	7	7	27	104	201	242
10534	7	7	28	105	229	243
10535	7	7	29	106	229	244
10536	7	7	30	107	243	245
10537	7	7	31	108	243	246
10538	7	8	0	75	213	211
10539	7	8	1	76	213	212
10540	7	8	2	77	235	213
10541	7	8	3	78	235	214
10542	7	8	4	79	246	215
10543	7	8	5	80	246	217
10544	7	8	6	81	123	217
10545	7	8	7	82	123	219
10546	7	8	8	83	190	219
10547	7	8	9	84	190	221
10548	7	8	10	85	95	222
10549	7	8	11	86	95	223
10550	7	8	12	87	176	224
10551	7	8	13	88	176	225
10552	7	8	14	89	88	226
10553	7	8	15	90	88	228
10554	7	8	16	91	44	228
10555	7	8	17	92	44	230
10556	7	8	18	93	22	230
10557	7	8	19	94	22	232
10558	7	8	20	95	11	233
10559	7	8	21	96	11	234
10560	7	8	22	97	134	235
10561	7	8	23	98	134	236
10562	7	8	24	99	67	237
10563	7	8	25	100	67	239
10564	7	8	26	101	162	239
10565	7	8	27	102	162	241
10566	7	8	28	103	81	241
10567	7	8	29	104	81	243
10568	7	8	30	105	169	244
10569	7	9	0	73	164	209
10570	7	9	1	74	164	211
10571	7	9	2	75	82	212
10572	7	9	3	76	82	213
10573	7	9	4	77	41	214
10574	7	9	5	78	41	215
10575	7	9	6	79	149	216
10576	7	9	7	80	149	218
10577	7	9	8	81	203	218
10578	7	9	9	82	203	220
10579	7	9	10	83	230	220
10580	7	9	11	84	230	222
10581	7	9	12	85	115	223
10582	7	9	13	86	115	224
10583	7	9	14	87	186	225
10584	7	9	15	88	186	226
10585	7	9	16	89	93	227
10586	7	9	17	90	93	229
10587	7	9	18	91	175	229
10588	7	9	19	92	175	231
10589	7	9	20	93	216	231
10590	7	9	21	94	216	233
10591	7	9	22	95	108	234
10592	7	9	23	96	108	235
10593	7	9	24	97	54	236
10594	7	9	25	98	54	237
10595	7	9	26	99	27	238
10596	7	9	27	100	27	240
10597	7	9	28	101	142	240
10598	7	9	29	102	142	242
10599	7	10	0	71	113	208
10600	7	10	1	72	113	210
10601	7	10	2	73	185	210
10602	7	10	3	74	185	212
10603	7	10	4	75	221	213
10604	7	10	5	76	221	214
10605	7	10	6	77	239	215
10606	7	10	7	78	239	216
10607	7	10	8	79	248	217
10608	7	10	9	80	248	219
10609	7	10	10	81	124	219
10610	7	10	11	82	124	221
10611	7	10	12	83	62	221
10612	7	10	13	84	62	223
10613	7	10	14	85	31	224
10614	7	10	15	86	31	225
10615	7	10	16	87	144	226
10616	7	10	17	88	144	227
10617	7	10	18	89	72	228
10618	7	10	19	90	72	230
10619	7	10	20	91	36	230
10620	7	10	21	92	36	232
10621	7	10	22	93	18	232
10622	7	10	23	94	18	234
10623	7	10	24	95	9	235
10624	7	10	25	96	9	236
10625	7	10	26	97	133	237
10626	7	10	27	98	133	238
10627	7	10	28	99	195	239
10628	7	11	0	69	233	207
10629	7	11	1	70	233	209
10630	7	11	2	71	245	209
10631	7	11	3	72	245	211
10632	7	11	4	73	251	211
10633	7	11	5	74	251	213
10634	7	11	6	75	254	214
10635	7	11	7	76	254	215
10636	7	11	8	77	127	216
10637	7	11	9	78	127	217
10638	7	11	10	79	192	218
10639	7	11	11	80	192	220
10640	7	11	12	81	96	220
10641	7	11	13	82	96	222
10642	7	11	14	83	48	222
10643	7	11	15	84	48	224
10644	7	11	16	85	24	225
10645	7	11	17	86	24	226
10646	7	11	18	87	12	227
10647	7	11	19	88	12	228
10648	7	11	20	89	6	229
10649	7	11	21	90	6	231
10650	7	11	22	91	3	231
10651	7	11	23	92	3	233
10652	7	11	24	93	130	233
10653	7	11	25	94	130	235
10654	7	11	26	95	65	236
10655	7	11	27	96	65	237
10656	7	12	0	67	253	206
10657	7	12	1	68	253	207
10658	7	12	2	69	255	208
10659	7	12	3	70	255	210
10660	7	12	4	71	256	210
10661	7	12	5	72	256	212
10662	7	12	6	73	128	212
10663	7	12	7	74	128	214
10664	7	12	8	75	64	215
10665	7	12	9	76	64	216
10666	7	12	10	77	32	217
10667	7	12	11	78	32	218
10668	7	12	12	79	16	219
10669	7	12	13	80	16	221
10670	7	12	14	81	8	221
10671	7	12	15	82	8	223
10672	7	12	16	83	4	223
10673	7	12	17	84	4	225
10674	7	12	18	85	2	226
10675	7	12	19	86	2	227
10676	7	12	20	87	1	228
10677	7	12	21	88	1	229
10678	7	12	22	89	129	230
10679	7	12	23	90	129	232
10680	7	12	24	91	193	232
10681	7	12	25	92	193	234
10682	7	12	26	93	225	234
10683	7	13	0	65	85	205
10684	7	13	1	66	85	206
10685	7	13	2	67	171	207
10686	7	13	3	68	171	208
10687	7	13	4	69	214	209
10688	7	13	5	70	214	211
10689	7	13	6	71	107	211
10690	7	13	7	72	107	213
10691	7	13	8	73	182	213
10692	7	13	9	74	182	215
10693	7	13	10	75	91	216
10694	7	13	11	76	91	217
10695	7	13	12	77	174	218
10696	7	13	13	78	174	219
10697	7	13	14	79	87	220
10698	7	13	15	80	87	222
10699	7	13	16	81	172	222
10700	7	13	17	82	172	224
10701	7	13	18	83	86	224
10702	7	13	19	84	86	226
10703	7	13	20	85	43	227
10704	7	13	21	86	43	228
10705	7	13	22	87	150	229
10706	7	13	23	88	150	230
10707	7	13	24	89	75	231
10708	7	13	25	90	75	233
10709	7	14	0	63	57	203
10710	7	14	1	64	57	205
10711	7	14	2	65	157	206
10712	7	14	3	66	157	207
10713	7	14	4	67	207	208
10714	7	14	5	68	207	209
10715	7	14	6	69	232	210
10716	7	14	7	70	232	212
10717	7	14	8	71	116	212
10718	7	14	9	72	116	214
10719	7	14	10	73	58	214
10720	7	14	11	74	58	216
10721	7	14	12	75	29	217
10722	7	14	13	76	29	218
10723	7	14	14	77	143	219
10724	7	14	15	78	143	220
10725	7	14	16	79	200	221
10726	7	14	17	80	200	223
10727	7	14	18	81	100	223
10728	7	14	19	82	100	225
10729	7	14	20	83	50	225
10730	7	14	21	84	50	227
10731	7	14	22	85	25	228
10732	7	14	23	86	25	229
10733	7	14	24	87	141	230
10734	7	15	0	61	138	202
10735	7	15	1	62	138	204
10736	7	15	2	63	69	204
10737	7	15	3	64	69	206
10738	7	15	4	65	163	207
10739	7	15	5	66	163	208
10740	7	15	6	67	210	209
10741	7	15	7	68	210	210
10742	7	15	8	69	105	211
10743	7	15	9	70	105	213
10744	7	15	10	71	181	213
10745	7	15	11	72	181	215
10746	7	15	12	73	219	215
10747	7	15	13	74	219	217
10748	7	15	14	75	238	218
10749	7	15	15	76	238	219
10750	7	15	16	77	119	220
10751	7	15	17	78	119	221
10752	7	15	18	79	188	222
10753	7	15	19	80	188	224
10754	7	15	20	81	94	224
10755	7	15	21	82	94	226
10756	7	15	22	83	47	226
10757	7	15	23	84	47	228
10758	7	16	0	59	23	201
10759	7	16	1	60	23	203
10760	7	16	2	61	140	203
10761	7	16	3	62	140	205
10762	7	16	4	63	70	205
10763	7	16	5	64	70	207
10764	7	16	6	65	35	208
10765	7	16	7	66	35	209
10766	7	16	8	67	146	210
10767	7	16	9	68	146	211
10768	7	16	10	69	73	212
10769	7	16	11	70	73	214
10770	7	16	12	71	165	214
10771	7	16	13	72	165	216
10772	7	16	14	73	211	216
10773	7	16	15	74	211	218
10774	7	16	16	75	234	219
10775	7	16	17	76	234	220
10776	7	16	18	77	117	221
10777	7	16	19	78	117	222
10778	7	16	20	79	187	223
10779	7	16	21	80	187	225
10780	7	16	22	81	222	225
10781	7	17	0	57	218	200
10782	7	17	1	58	218	201
10783	7	17	2	59	109	202
10784	7	17	3	60	109	204
10785	7	17	4	61	183	204
10786	7	17	5	62	183	206
10787	7	17	6	63	220	206
10788	7	17	7	64	220	208
10789	7	17	8	65	110	209
10790	7	17	9	66	110	210
10791	7	17	10	67	55	211
10792	7	17	11	68	55	212
10793	7	17	12	69	156	213
10794	7	17	13	70	156	215
10795	7	17	14	71	78	215
10796	7	17	15	72	78	217
10797	7	17	16	73	39	217
10798	7	17	17	74	39	219
10799	7	17	18	75	148	220
10800	7	17	19	76	148	221
10801	7	17	20	77	74	222
10802	7	17	21	78	74	223
10803	7	18	0	55	122	199
10804	7	18	1	56	122	200
10805	7	18	2	57	61	201
10806	7	18	3	58	61	202
10807	7	18	4	59	159	203
10808	7	18	5	60	159	205
10809	7	18	6	61	208	205
10810	7	18	7	62	208	207
10811	7	18	8	63	104	207
10812	7	18	9	64	104	209
10813	7	18	10	65	52	210
10814	7	18	11	66	52	211
10815	7	18	12	67	26	212
10816	7	18	13	68	26	213
10817	7	18	14	69	13	214
10818	7	18	15	70	13	216
10819	7	18	16	71	135	216
10820	7	18	17	72	135	218
10821	7	18	18	73	196	218
10822	7	18	19	74	196	220
10823	7	18	20	75	98	221
10824	7	19	0	53	106	197
10825	7	19	1	54	106	199
10826	7	19	2	55	53	200
10827	7	19	3	56	53	201
10828	7	19	4	57	155	202
10829	7	19	5	58	155	203
10830	7	19	6	59	206	204
10831	7	19	7	60	206	206
10832	7	19	8	61	103	206
10833	7	19	9	62	103	208
10834	7	19	10	63	180	208
10835	7	19	11	64	180	210
10836	7	19	12	65	90	211
10837	7	19	13	66	90	212
10838	7	19	14	67	45	213
10839	7	19	15	68	45	214
10840	7	19	16	69	151	215
10841	7	19	17	70	151	217
10842	7	19	18	71	204	217
10843	7	19	19	72	204	219
10844	7	20	0	51	189	196
10845	7	20	1	52	189	198
10846	7	20	2	53	223	198
10847	7	20	3	54	223	200
10848	7	20	4	55	240	201
10849	7	20	5	56	240	202
10850	7	20	6	57	120	203
10851	7	20	7	58	120	204
10852	7	20	8	59	60	205
10853	7	20	9	60	60	207
10854	7	20	10	61	30	207
10855	7	20	11	62	30	209
10856	7	20	12	63	15	209
10857	7	20	13	64	15	211
10858	7	20	14	65	136	212
10859	7	20	15	66	136	213
10860	7	20	16	67	68	214
10861	7	20	17	68	68	215
10862	7	20	18	69	34	216
10863	7	21	0	49	160	195
10864	7	21	1	50	160	197
10865	7	21	2	51	80	197
10866	7	21	3	52	80	199
10867	7	21	4	53	40	199
10868	7	21	5	54	40	201
10869	7	21	6	55	20	202
10870	7	21	7	56	20	203
10871	7	21	8	57	10	204
10872	7	21	9	58	10	205
10873	7	21	10	59	5	206
10874	7	21	11	60	5	208
10875	7	21	12	61	131	208
10876	7	21	13	62	131	210
10877	7	21	14	63	194	210
10878	7	21	15	64	194	212
10879	7	21	16	65	97	213
10880	7	21	17	66	97	214
10881	7	22	0	47	198	194
10882	7	22	1	48	198	195
10883	7	22	2	49	99	196
10884	7	22	3	50	99	198
10885	7	22	4	51	178	198
10886	7	22	5	52	178	200
10887	7	22	6	53	89	200
10888	7	22	7	54	89	202
10889	7	22	8	55	173	203
10890	7	22	9	56	173	204
10891	7	22	10	57	215	205
10892	7	22	11	58	215	206
10893	7	22	12	59	236	207
10894	7	22	13	60	236	209
10895	7	22	14	61	118	209
10896	7	22	15	62	118	211
10897	7	22	16	63	59	211
10898	7	23	0	45	33	193
10899	7	23	1	46	33	194
10900	7	23	2	47	145	195
10901	7	23	3	48	145	196
10902	7	23	4	49	201	197
10903	7	23	5	50	201	199
10904	7	23	6	51	229	199
10905	7	23	7	52	229	201
10906	7	23	8	53	243	201
10907	7	23	9	54	243	203
10908	7	23	10	55	250	204
10909	7	23	11	56	250	205
10910	7	23	12	57	125	206
10911	7	23	13	58	125	207
10912	7	23	14	59	191	208
10913	7	23	15	60	191	210
10914	7	24	0	43	134	191
10915	7	24	1	44	134	193
10916	7	24	2	45	67	194
10917	7	24	3	46	67	195
10918	7	24	4	47	162	196
10919	7	24	5	48	162	197
10920	7	24	6	49	81	198
10921	7	24	7	50	81	200
10922	7	24	8	51	169	200
10923	7	24	9	52	169	202
10924	7	24	10	53	213	202
10925	7	24	11	54	213	204
10926	7	24	12	55	235	205
10927	7	24	13	56	235	206
10928	7	24	14	57	246	207
10929	7	25	0	41	108	190
10930	7	25	1	42	108	192
10931	7	25	2	43	54	192
10932	7	25	3	44	54	194
10933	7	25	4	45	27	195
10934	7	25	5	46	27	196
10935	7	25	6	47	142	197
10936	7	25	7	48	142	198
10937	7	25	8	49	71	199
10938	7	25	9	50	71	201
10939	7	25	10	51	164	201
10940	7	25	11	52	164	203
10941	7	25	12	53	82	203
10942	7	25	13	54	82	205
10943	7	26	0	39	18	189
10944	7	26	1	40	18	191
10945	7	26	2	41	9	191
10946	7	26	3	42	9	193
10947	7	26	4	43	133	193
10948	7	26	5	44	133	195
10949	7	26	6	45	195	196
10950	7	26	7	46	195	197
10951	7	26	8	47	226	198
10952	7	26	9	48	226	199
10953	7	26	10	49	113	200
10954	7	26	11	50	113	202
10955	7	26	12	51	185	202
10956	7	27	0	37	3	188
10957	7	27	1	38	3	189
10958	7	27	2	39	130	190
10959	7	27	3	40	130	192
10960	7	27	4	41	65	192
10961	7	27	5	42	65	194
10962	7	27	6	43	161	194
10963	7	27	7	44	161	196
10964	7	27	8	45	209	197
10965	7	27	9	46	209	198
10966	7	27	10	47	233	199
10967	7	27	11	48	233	200
10968	7	28	0	35	129	187
10969	7	28	1	36	129	188
10970	7	28	2	37	193	189
10971	7	28	3	38	193	190
10972	7	28	4	39	225	191
10973	7	28	5	40	225	193
10974	7	28	6	41	241	193
10975	7	28	7	42	241	195
10976	7	28	8	43	249	195
10977	7	28	9	44	249	197
10978	7	28	10	45	253	198
10979	7	29	0	33	150	185
10980	7	29	1	34	150	187
10981	7	29	2	35	75	188
10982	7	29	3	36	75	189
10983	7	29	4	37	166	190
10984	7	29	5	38	166	191
10985	7	29	6	39	83	192
10986	7	29	7	40	83	194
10987	7	29	8	41	170	194
10988	7	29	9	42	170	196
10989	7	30	0	31	25	184
10990	7	30	1	32	25	186
10991	7	30	2	33	141	186
10992	7	30	3	34	141	188
10993	7	30	4	35	199	189
10994	7	30	5	36	199	190
10995	7	30	6	37	228	191
10996	7	30	7	38	228	192
10997	7	30	8	39	114	193
10998	7	31	0	29	47	183
10999	7	31	1	30	47	185
11000	7	31	2	31	152	185
11001	7	31	3	32	152	187
11002	7	31	4	33	76	187
11003	7	31	5	34	76	189
11004	7	31	6	35	38	190
11005	7	31	7	36	38	191
11006	7	32	0	27	222	182
11007	7	32	1	28	222	183
11008	7	32	2	29	111	184
11009	7	32	3	30	111	186
11010	7	32	4	31	184	186
11011	7	32	5	32	184	188
11012	7	32	6	33	92	188
11013	7	33	0	25	37	181
11014	7	33	1	26	37	182
11015	7	33	2	27	147	183
11016	7	33	3	28	147	184
11017	7	33	4	29	202	185
11018	7	33	5	30	202	187
11019	7	34	0	23	49	179
11020	7	34	1	24	49	181
11021	7	34	2	25	153	182
11022	7	34	3	26	153	183
11023	7	34	4	27	205	184
11024	7	35	0	21	51	178
11025	7	35	1	22	51	180
11026	7	35	2	23	154	180
11027	7	35	3	24	154	182
11028	7	36	0	19	137	177
11029	7	36	1	20	137	179
11030	7	36	2	21	197	179
11031	7	37	0	17	237	176
11032	7	37	1	18	237	177
11033	7	38	0	15	168	175
11034	8	0	0	3	67	171
11035	8	0	1	5	136	171
11036	8	0	2	7	184	171
11037	8	0	3	9	128	171
11038	8	0	4	2	59	172
11039	8	0	5	4	216	172
11040	8	0	6	6	254	172
11041	8	0	7	8	29	172
11042	8	0	8	11	134	172
11043	8	0	9	1	58	173
11044	8	0	10	10	97	173
11045	8	0	11	13	103	173
11046	8	0	12	0	101	174
11047	8	0	13	12	116	174
11048	8	0	14	14	187	175
11049	8	0	15	15	148	176
11050	8	0	16	16	74	176
11051	8	0	17	17	196	177
11052	8	0	18	18	98	178
11053	8	0	19	19	204	178
11054	8	0	20	20	204	180
11055	8	0	21	21	34	180
11056	8	0	22	22	34	181
11057	8	0	23	23	177	181
11058	8	0	24	24	177	183
11059	8	0	25	25	59	183
11060	8	0	26	26	158	184
11061	8	0	27	27	224	185
11062	8	0	28	28	112	185
11063	8	0	29	29	123	186
11064	8	0	30	31	72	187
11065	8	0	31	30	56	188
11066	8	0	32	32	149	189
11067	8	0	33	33	239	189
11068	8	1	0	3	67	172
11069	8	1	1	5	136	172
11070	8	1	2	7	184	172
11071	8	1	3	9	128	172
11072	8	1	4	2	59	173
11073	8	1	5	4	216	173
11074	8	1	6	6	254	173
11075	8	1	7	8	29	173
11076	8	1	8	11	134	173
11077	8	1	9	1	58	174
11078	8	1	10	10	97	174
11079	8	1	11	13	103	174
11080	8	1	12	0	101	175
11081	8	1	13	12	116	175
11082	8	1	14	14	187	176
11083	8	1	15	15	148	177
11084	8	1	16	16	74	177
11085	8	1	17	17	196	178
11086	8	1	18	18	98	179
11087	8	1	19	19	204	179
11088	8	1	20	20	204	181
11089	8	1	21	21	34	181
11090	8	1	22	22	34	182
11091	8	1	23	23	177	182
11092	8	1	24	24	177	184
11093	8	1	25	25	59	184
11094	8	1	26	26	158	185
11095	8	1	27	27	224	186
11096	8	1	28	28	112	186
11097	8	1	29	29	123	187
11098	8	1	30	31	72	188
11099	8	1	31	30	56	189
11100	8	1	32	32	149	190
11101	8	2	0	3	67	173
11102	8	2	1	5	136	173
11103	8	2	2	7	184	173
11104	8	2	3	9	128	173
11105	8	2	4	2	59	174
11106	8	2	5	4	216	174
11107	8	2	6	6	254	174
11108	8	2	7	8	29	174
11109	8	2	8	11	134	174
11110	8	2	9	1	58	175
11111	8	2	10	10	97	175
11112	8	2	11	13	103	175
11113	8	2	12	0	101	176
11114	8	2	13	12	116	176
11115	8	2	14	14	187	177
11116	8	2	15	15	148	178
11117	8	2	16	16	74	178
11118	8	2	17	17	196	179
11119	8	2	18	18	98	180
11120	8	2	19	19	204	180
11121	8	2	20	20	204	182
11122	8	2	21	21	34	182
11123	8	2	22	22	34	183
11124	8	2	23	23	177	183
11125	8	2	24	24	177	185
11126	8	2	25	25	59	185
11127	8	2	26	26	158	186
11128	8	2	27	27	224	187
11129	8	2	28	28	112	187
11130	8	2	29	29	123	188
11131	8	2	30	31	72	189
11132	8	2	31	30	56	190
11133	8	3	0	3	67	174
11134	8	3	1	5	136	174
11135	8	3	2	7	184	174
11136	8	3	3	9	128	174
11137	8	3	4	2	59	175
11138	8	3	5	4	216	175
11139	8	3	6	6	254	175
11140	8	3	7	8	29	175
11141	8	3	8	11	134	175
11142	8	3	9	1	58	176
11143	8	3	10	10	97	176
11144	8	3	11	13	103	176
11145	8	3	12	0	101	177
11146	8	3	13	12	116	177
11147	8	3	14	14	187	178
11148	8	3	15	15	148	179
11149	8	3	16	16	74	179
11150	8	3	17	17	196	180
11151	8	3	18	18	98	181
11152	8	3	19	19	204	181
11153	8	3	20	20	204	183
11154	8	3	21	21	34	183
11155	8	3	22	22	34	184
11156	8	3	23	23	177	184
11157	8	3	24	24	177	186
11158	8	3	25	25	59	186
11159	8	3	26	26	158	187
11160	8	3	27	27	224	188
11161	8	3	28	28	112	188
11162	8	3	29	29	123	189
11163	8	3	30	31	72	190
11164	8	4	0	3	67	175
11165	8	4	1	5	136	175
11166	8	4	2	7	184	175
11167	8	4	3	9	128	175
11168	8	4	4	2	59	176
11169	8	4	5	4	216	176
11170	8	4	6	6	254	176
11171	8	4	7	8	29	176
11172	8	4	8	11	134	176
11173	8	4	9	1	58	177
11174	8	4	10	10	97	177
11175	8	4	11	13	103	177
11176	8	4	12	0	101	178
11177	8	4	13	12	116	178
11178	8	4	14	14	187	179
11179	8	4	15	15	148	180
11180	8	4	16	16	74	180
11181	8	4	17	17	196	181
11182	8	4	18	18	98	182
11183	8	4	19	19	204	182
11184	8	4	20	20	204	184
11185	8	4	21	21	34	184
11186	8	4	22	22	34	185
11187	8	4	23	23	177	185
11188	8	4	24	24	177	187
11189	8	4	25	25	59	187
11190	8	4	26	26	158	188
11191	8	4	27	27	224	189
11192	8	4	28	28	112	189
11193	8	4	29	29	123	190
11194	8	5	0	3	67	176
11195	8	5	1	5	136	176
11196	8	5	2	7	184	176
11197	8	5	3	9	128	176
11198	8	5	4	2	59	177
11199	8	5	5	4	216	177
11200	8	5	6	6	254	177
11201	8	5	7	8	29	177
11202	8	5	8	11	134	177
11203	8	5	9	1	58	178
11204	8	5	10	10	97	178
11205	8	5	11	13	103	178
11206	8	5	12	0	101	179
11207	8	5	13	12	116	179
11208	8	5	14	14	187	180
11209	8	5	15	15	148	181
11210	8	5	16	16	74	181
11211	8	5	17	17	196	182
11212	8	5	18	18	98	183
11213	8	5	19	19	204	183
11214	8	5	20	20	204	185
11215	8	5	21	21	34	185
11216	8	5	22	22	34	186
11217	8	5	23	23	177	186
11218	8	5	24	24	177	188
11219	8	5	25	25	59	188
11220	8	5	26	26	158	189
11221	8	5	27	27	224	190
11222	8	5	28	28	112	190
11223	8	6	0	3	67	177
11224	8	6	1	5	136	177
11225	8	6	2	7	184	177
11226	8	6	3	9	128	177
11227	8	6	4	2	59	178
11228	8	6	5	4	216	178
11229	8	6	6	6	254	178
11230	8	6	7	8	29	178
11231	8	6	8	11	134	178
11232	8	6	9	1	58	179
11233	8	6	10	10	97	179
11234	8	6	11	13	103	179
11235	8	6	12	0	101	180
11236	8	6	13	12	116	180
11237	8	6	14	14	187	181
11238	8	6	15	15	148	182
11239	8	6	16	16	74	182
11240	8	6	17	17	196	183
11241	8	6	18	18	98	184
11242	8	6	19	19	204	184
11243	8	6	20	20	204	186
11244	8	6	21	21	34	186
11245	8	6	22	22	34	187
11246	8	6	23	23	177	187
11247	8	6	24	24	177	189
11248	8	6	25	25	59	189
11249	8	6	26	26	158	190
11250	8	6	27	33	7	190
11251	8	7	0	3	67	178
11252	8	7	1	5	136	178
11253	8	7	2	7	184	178
11254	8	7	3	9	128	178
11255	8	7	4	2	59	179
11256	8	7	5	4	216	179
11257	8	7	6	6	254	179
11258	8	7	7	8	29	179
11259	8	7	8	11	134	179
11260	8	7	9	1	58	180
11261	8	7	10	10	97	180
11262	8	7	11	13	103	180
11263	8	7	12	0	101	181
11264	8	7	13	12	116	181
11265	8	7	14	14	187	182
11266	8	7	15	15	148	183
11267	8	7	16	16	74	183
11268	8	7	17	17	196	184
11269	8	7	18	18	98	185
11270	8	7	19	19	204	185
11271	8	7	20	20	204	187
11272	8	7	21	21	34	187
11273	8	7	22	22	34	188
11274	8	7	23	23	177	188
11275	8	7	24	24	177	190
11276	8	7	25	25	59	190
11277	8	7	26	34	105	190
11278	8	8	0	3	67	179
11279	8	8	1	5	136	179
11280	8	8	2	7	184	179
11281	8	8	3	9	128	179
11282	8	8	4	2	59	180
11283	8	8	5	4	216	180
11284	8	8	6	6	254	180
11285	8	8	7	8	29	180
11286	8	8	8	11	134	180
11287	8	8	9	1	58	181
11288	8	8	10	10	97	181
11289	8	8	11	13	103	181
11290	8	8	12	0	101	182
11291	8	8	13	12	116	182
11292	8	8	14	14	187	183
11293	8	8	15	15	148	184
11294	8	8	16	16	74	184
11295	8	8	17	17	196	185
11296	8	8	18	18	98	186
11297	8	8	19	19	204	186
11298	8	8	20	20	204	188
11299	8	8	21	21	34	188
11300	8	8	22	22	34	189
11301	8	8	23	23	177	189
11302	8	8	24	24	177	191
11303	8	8	25	25	59	191
11304	8	9	0	3	67	180
11305	8	9	1	5	136	180
11306	8	9	2	7	184	180
11307	8	9	3	9	128	180
11308	8	9	4	2	59	181
11309	8	9	5	4	216	181
11310	8	9	6	6	254	181
11311	8	9	7	8	29	181
11312	8	9	8	11	134	181
11313	8	9	9	1	58	182
11314	8	9	10	10	97	182
11315	8	9	11	13	103	182
11316	8	9	12	0	101	183
11317	8	9	13	12	116	183
11318	8	9	14	14	187	184
11319	8	9	15	15	148	185
11320	8	9	16	16	74	185
11321	8	9	17	17	196	186
11322	8	9	18	18	98	187
11323	8	9	19	19	204	187
11324	8	9	20	20	204	189
11325	8	9	21	21	34	189
11326	8	9	22	22	34	190
11327	8	9	23	23	177	190
11328	8	9	24	26	151	191
11329	8	10	0	3	67	181
11330	8	10	1	5	136	181
11331	8	10	2	7	184	181
11332	8	10	3	9	128	181
11333	8	10	4	2	59	182
11334	8	10	5	4	216	182
11335	8	10	6	6	254	182
11336	8	10	7	8	29	182
11337	8	10	8	11	134	182
11338	8	10	9	1	58	183
11339	8	10	10	10	97	183
11340	8	10	11	13	103	183
11341	8	10	12	0	101	184
11342	8	10	13	12	116	184
11343	8	10	14	14	187	185
11344	8	10	15	15	148	186
11345	8	10	16	16	74	186
11346	8	10	17	17	196	187
11347	8	10	18	18	98	188
11348	8	10	19	19	204	188
11349	8	10	20	20	204	190
11350	8	10	21	21	34	190
11351	8	10	22	22	34	191
11352	8	10	23	23	177	191
11353	8	11	0	3	67	182
11354	8	11	1	5	136	182
11355	8	11	2	7	184	182
11356	8	11	3	9	128	182
11357	8	11	4	2	59	183
11358	8	11	5	4	216	183
11359	8	11	6	6	254	183
11360	8	11	7	8	29	183
11361	8	11	8	11	134	183
11362	8	11	9	1	58	184
11363	8	11	10	10	97	184
11364	8	11	11	13	103	184
11365	8	11	12	0	101	185
11366	8	11	13	12	116	185
11367	8	11	14	14	187	186
11368	8	11	15	15	148	187
11369	8	11	16	16	74	187
11370	8	11	17	17	196	188
11371	8	11	18	18	98	189
11372	8	11	19	19	204	189
11373	8	11	20	20	204	191
11374	8	11	21	21	34	191
11375	8	11	22	27	143	191
11376	8	12	0	3	67	183
11377	8	12	1	5	136	183
11378	8	12	2	7	184	183
11379	8	12	3	9	128	183
11380	8	12	4	2	59	184
11381	8	12	5	4	216	184
11382	8	12	6	6	254	184
11383	8	12	7	8	29	184
11384	8	12	8	11	134	184
11385	8	12	9	1	58	185
11386	8	12	10	10	97	185
11387	8	12	11	13	103	185
11388	8	12	12	0	101	186
11389	8	12	13	12	116	186
11390	8	12	14	14	187	187
11391	8	12	15	15	148	188
11392	8	12	16	16	74	188
11393	8	12	17	17	196	189
11394	8	12	18	18	98	190
11395	8	12	19	19	204	190
11396	8	12	20	28	162	191
11397	8	12	21	29	33	191
11398	8	13	0	3	67	184
11399	8	13	1	5	136	184
11400	8	13	2	7	184	184
11401	8	13	3	9	128	184
11402	8	13	4	2	59	185
11403	8	13	5	4	216	185
11404	8	13	6	6	254	185
11405	8	13	7	8	29	185
11406	8	13	8	11	134	185
11407	8	13	9	1	58	186
11408	8	13	10	10	97	186
11409	8	13	11	13	103	186
11410	8	13	12	0	101	187
11411	8	13	13	12	116	187
11412	8	13	14	14	187	188
11413	8	13	15	15	148	189
11414	8	13	16	16	74	189
11415	8	13	17	17	196	190
11416	8	13	18	18	98	191
11417	8	13	19	19	204	191
11418	8	13	20	30	233	191
11419	8	14	0	3	67	185
11420	8	14	1	5	136	185
11421	8	14	2	7	184	185
11422	8	14	3	9	128	185
11423	8	14	4	2	59	186
11424	8	14	5	4	216	186
11425	8	14	6	6	254	186
11426	8	14	7	8	29	186
11427	8	14	8	11	134	186
11428	8	14	9	1	58	187
11429	8	14	10	10	97	187
11430	8	14	11	13	103	187
11431	8	14	12	0	101	188
11432	8	14	13	12	116	188
11433	8	14	14	14	187	189
11434	8	14	15	15	148	190
11435	8	14	16	16	74	190
11436	8	14	17	17	196	191
11437	8	14	18	31	246	191
11438	8	14	19	32	72	191
11439	8	15	0	3	67	186
11440	8	15	1	5	136	186
11441	8	15	2	7	184	186
11442	8	15	3	9	128	186
11443	8	15	4	2	59	187
11444	8	15	5	4	216	187
11445	8	15	6	6	254	187
11446	8	15	7	8	29	187
11447	8	15	8	11	134	187
11448	8	15	9	1	58	188
11449	8	15	10	10	97	188
11450	8	15	11	13	103	188
11451	8	15	12	0	101	189
11452	8	15	13	12	116	189
11453	8	15	14	14	187	190
11454	8	15	15	15	148	191
11455	8	15	16	16	74	191
11456	8	15	17	33	197	191
11457	8	15	18	34	45	191
11458	8	16	0	3	67	187
11459	8	16	1	5	136	187
11460	8	16	2	7	184	187
11461	8	16	3	9	128	187
11462	8	16	4	2	59	188
11463	8	16	5	4	216	188
11464	8	16	6	6	254	188
11465	8	16	7	8	29	188
11466	8	16	8	11	134	188
11467	8	16	9	1	58	189
11468	8	16	10	10	97	189
11469	8	16	11	13	103	189
11470	8	16	12	0	101	190
11471	8	16	13	12	116	190
11472	8	16	14	14	187	191
11473	8	16	15	35	220	191
11474	8	16	16	15	77	192
11475	8	16	17	16	20	192
11476	8	17	0	3	67	188
11477	8	17	1	5	136	188
11478	8	17	2	7	184	188
11479	8	17	3	9	128	188
11480	8	17	4	2	59	189
11481	8	17	5	4	216	189
11482	8	17	6	6	254	189
11483	8	17	7	8	29	189
11484	8	17	8	11	134	189
11485	8	17	9	1	58	190
11486	8	17	10	10	97	190
11487	8	17	11	13	103	190
11488	8	17	12	0	101	191
11489	8	17	13	12	116	191
11490	8	17	14	14	187	192
11491	8	17	15	17	58	192
11492	8	17	16	18	245	192
11493	8	18	0	3	67	189
11494	8	18	1	5	136	189
11495	8	18	2	7	184	189
11496	8	18	3	9	128	189
11497	8	18	4	2	59	190
11498	8	18	5	4	216	190
11499	8	18	6	6	254	190
11500	8	18	7	8	29	190
11501	8	18	8	11	134	190
11502	8	18	9	1	58	191
11503	8	18	10	10	97	191
11504	8	18	11	13	103	191
11505	8	18	12	0	101	192
11506	8	18	13	12	116	192
11507	8	18	14	19	5	192
11508	8	18	15	20	252	192
11509	8	19	0	3	67	190
11510	8	19	1	5	136	190
11511	8	19	2	7	184	190
11512	8	19	3	9	128	190
11513	8	19	4	2	59	191
11514	8	19	5	4	216	191
11515	8	19	6	6	254	191
11516	8	19	7	8	29	191
11517	8	19	8	11	134	191
11518	8	19	9	1	58	192
11519	8	19	10	10	97	192
11520	8	19	11	13	103	192
11521	8	19	12	21	53	192
11522	8	19	13	22	255	192
11523	8	19	14	23	129	192
11524	8	20	0	3	67	191
11525	8	20	1	5	136	191
11526	8	20	2	7	184	191
11527	8	20	3	9	128	191
11528	8	20	4	2	59	192
11529	8	20	5	4	216	192
11530	8	20	6	6	254	192
11531	8	20	7	8	29	192
11532	8	20	8	11	134	192
11533	8	20	9	24	215	192
11534	8	20	10	25	45	192
11535	8	20	11	26	195	192
11536	8	20	12	27	15	192
11537	8	20	13	28	73	192
11538	8	21	0	3	67	192
11539	8	21	1	5	136	192
11540	8	21	2	7	184	192
11541	8	21	3	9	128	192
11542	8	21	4	29	101	192
11543	8	21	5	30	58	192
11544	8	21	6	31	227	192
11545	8	21	7	32	199	192
11546	8	21	8	33	44	192
11547	8	21	9	34	129	192
11548	8	21	10	35	89	192
11549	8	21	11	36	241	192
11550	8	21	12	37	114	192
11551	8	22	0	0	88	193
11552	8	22	1	1	73	193
11553	8	22	2	2	42	193
11554	8	22	3	3	223	193
11555	8	22	4	4	202	193
11556	8	22	5	5	9	193
11557	8	22	6	6	95	193
11558	8	22	7	7	80	193
11559	8	22	8	8	55	193
11560	8	22	9	9	185	193
11561	8	22	10	10	24	193
11562	8	22	11	11	50	193
11563	8	23	0	0	88	194
11564	8	23	1	12	55	193
11565	8	23	2	13	74	193
11566	8	23	3	14	10	193
11567	8	23	4	16	139	193
11568	8	23	5	15	79	193
11569	8	23	6	17	196	193
11570	8	23	7	18	252	193
11571	8	23	8	19	233	193
11572	8	23	9	20	75	193
11573	8	23	10	21	47	193
11574	8	24	0	0	88	195
11575	8	24	1	1	186	194
11576	8	24	2	22	150	193
11577	8	24	3	23	68	193
11578	8	24	4	24	243	193
11579	8	24	5	25	30	193
11580	8	24	6	26	189	193
11581	8	24	7	27	28	193
11582	8	24	8	28	11	193
11583	8	24	9	29	160	193
11584	8	25	0	0	88	196
11585	8	25	1	1	186	195
11586	8	25	2	2	31	194
11587	8	25	3	30	146	193
11588	8	25	4	3	40	194
11589	8	25	5	31	201	193
11590	8	25	6	32	183	193
11591	8	25	7	33	168	193
11592	8	25	8	34	254	193
11593	8	26	0	0	88	197
11594	8	26	1	1	186	196
11595	8	26	2	2	31	195
11596	8	26	3	4	231	194
11597	8	26	4	3	40	195
11598	8	26	5	5	174	194
11599	8	26	6	6	141	194
11600	8	26	7	7	181	194
11601	8	27	0	0	88	198
11602	8	27	1	1	186	197
11603	8	27	2	2	31	196
11604	8	27	3	4	231	195
11605	8	27	4	3	40	196
11606	8	27	5	5	174	195
11607	8	27	6	6	141	195
11608	8	28	0	0	88	199
11609	8	28	1	1	186	198
11610	8	28	2	2	31	197
11611	8	28	3	4	231	196
11612	8	28	4	3	40	197
11613	8	28	5	5	174	196
11614	8	29	0	0	88	200
11615	8	29	1	1	186	199
11616	8	29	2	2	31	198
11617	8	29	3	4	231	197
11618	8	29	4	3	40	198
11619	8	30	0	0	88	201
11620	8	30	1	1	186	200
11621	8	30	2	2	31	199
11622	8	30	3	4	231	198
11623	8	31	0	0	88	202
11624	8	31	1	1	186	201
11625	8	31	2	2	31	200
11626	8	32	0	0	88	203
11627	8	32	1	1	186	202
11628	8	33	0	0	88	204
11629	9	0	0	35	89	193
11630	9	0	1	36	47	193
11631	9	0	2	37	247	193
11632	9	0	3	38	92	193
11633	9	0	4	8	68	194
11634	9	0	5	39	188	194
11635	9	0	6	40	188	195
11636	9	0	7	41	117	195
11637	9	0	8	43	150	196
11638	9	0	9	42	121	197
11639	9	0	10	44	148	198
11640	9	0	11	45	135	199
11641	9	0	12	46	196	199
11642	9	0	13	47	151	200
11643	9	0	14	48	204	201
11644	9	0	15	49	68	201
11645	9	0	16	50	68	203
11646	9	0	17	51	97	203
11647	9	0	18	52	97	204
11648	9	0	19	53	59	204
11649	9	0	20	54	59	206
11650	9	0	21	55	191	206
11651	9	0	22	56	224	207
11652	9	0	23	57	246	208
11653	9	0	24	58	123	208
11654	9	0	25	59	41	209
11655	9	0	26	61	50	210
11656	9	0	27	60	194	211
11657	9	0	28	62	221	212
11658	9	0	29	63	251	212
11659	9	0	30	64	251	213
11660	9	0	31	65	255	214
11661	9	0	32	66	256	215
11662	9	0	33	67	171	215
11663	9	0	34	68	214	216
11664	9	0	35	69	157	217
11665	9	0	36	70	157	218
11666	9	1	0	9	233	194
11667	9	1	1	10	199	194
11668	9	1	2	11	40	194
11669	9	1	3	12	6	194
11670	9	1	4	13	104	194
11671	9	1	5	38	10	194
11672	9	1	6	39	89	195
11673	9	1	7	40	89	196
11674	9	1	8	41	229	196
11675	9	1	9	43	178	197
11676	9	1	10	42	186	198
11677	9	1	11	44	81	199
11678	9	1	12	45	27	200
11679	9	1	13	46	142	200
11680	9	1	14	47	133	201
11681	9	1	15	48	195	202
11682	9	1	16	49	65	202
11683	9	1	17	50	65	204
11684	9	1	18	51	225	204
11685	9	1	19	52	225	205
11686	9	1	20	53	166	205
11687	9	1	21	54	166	207
11688	9	1	22	55	141	207
11689	9	1	23	56	199	208
11690	9	1	24	57	152	209
11691	9	1	25	58	76	209
11692	9	1	26	59	111	210
11693	9	1	27	61	231	211
11694	9	1	28	60	163	212
11695	9	1	29	62	147	213
11696	9	1	30	63	153	213
11697	9	1	31	64	153	214
11698	9	1	32	65	51	215
11699	9	1	33	66	154	216
11700	9	1	34	67	137	216
11701	9	1	35	68	197	217
11702	9	2	0	14	217	194
11703	9	2	1	15	38	194
11704	9	2	2	16	65	194
11705	9	2	3	17	115	194
11706	9	2	4	36	12	194
11707	9	2	5	37	4	194
11708	9	2	6	38	2	195
11709	9	2	7	39	172	196
11710	9	2	8	40	172	197
11711	9	2	9	41	200	197
11712	9	2	10	43	168	198
11713	9	2	11	42	201	199
11714	9	2	12	44	119	200
11715	9	2	13	45	211	201
11716	9	2	14	46	234	201
11717	9	2	15	47	78	202
11718	9	2	16	48	39	203
11719	9	2	17	49	13	203
11720	9	2	18	50	13	205
11721	9	2	19	51	45	205
11722	9	2	20	52	45	206
11723	9	2	21	53	136	206
11724	9	2	22	54	136	208
11725	9	2	23	55	131	208
11726	9	2	24	56	194	209
11727	9	2	25	57	236	210
11728	9	2	26	58	118	210
11729	9	2	27	59	125	211
11730	9	2	28	61	39	212
11731	9	2	29	60	143	213
11732	9	2	30	62	235	214
11733	9	2	31	63	82	214
11734	9	2	32	64	82	215
11735	9	2	33	65	113	216
11736	9	2	34	66	185	217
11737	9	3	0	18	152	194
11738	9	3	1	19	174	194
11739	9	3	2	20	151	194
11740	9	3	3	21	135	194
11741	9	3	4	35	159	194
11742	9	3	5	36	208	195
11743	9	3	6	37	155	195
11744	9	3	7	38	206	196
11745	9	3	8	39	240	197
11746	9	3	9	40	240	198
11747	9	3	10	41	40	198
11748	9	3	11	43	204	199
11749	9	3	12	42	81	200
11750	9	3	13	44	178	201
11751	9	3	14	45	145	202
11752	9	3	15	46	201	202
11753	9	3	16	47	67	203
11754	9	3	17	48	162	204
11755	9	3	18	49	54	204
11756	9	3	19	50	54	206
11757	9	3	20	51	9	206
11758	9	3	21	52	9	207
11759	9	3	22	53	130	207
11760	9	3	23	54	130	209
11761	9	3	24	55	129	209
11762	9	3	25	56	193	210
11763	9	3	26	57	150	211
11764	9	3	27	58	75	211
11765	9	3	28	59	25	212
11766	9	3	29	61	140	213
11767	9	3	30	60	166	214
11768	9	3	31	62	47	215
11769	9	3	32	63	222	215
11770	9	3	33	64	222	216
11771	9	4	0	22	68	194
11772	9	4	1	23	199	194
11773	9	4	2	24	33	194
11774	9	4	3	25	1	194
11775	9	4	4	34	44	194
11776	9	4	5	35	186	195
11777	9	4	6	36	93	196
11778	9	4	7	37	31	196
11779	9	4	8	38	144	197
11780	9	4	9	39	48	198
11781	9	4	10	40	48	199
11782	9	4	11	41	8	199
11783	9	4	12	43	116	200
11784	9	4	13	42	251	201
11785	9	4	14	44	87	202
11786	9	4	15	45	29	203
11787	9	4	16	46	143	203
11788	9	4	17	47	219	204
11789	9	4	18	48	238	205
11790	9	4	19	49	165	205
11791	9	4	20	50	165	207
11792	9	4	21	51	156	207
11793	9	4	22	52	156	208
11794	9	4	23	53	26	208
11795	9	4	24	54	26	210
11796	9	4	25	55	180	210
11797	9	4	26	56	90	211
11798	9	4	27	57	30	212
11799	9	4	28	58	15	212
11800	9	4	29	59	5	213
11801	9	4	30	61	75	214
11802	9	4	31	60	157	215
11803	9	4	32	62	215	216
11804	9	5	0	26	82	194
11805	9	5	1	27	47	194
11806	9	5	2	28	157	194
11807	9	5	3	32	207	194
11808	9	5	4	33	163	194
11809	9	5	5	34	163	195
11810	9	5	6	35	140	196
11811	9	5	7	36	70	197
11812	9	5	8	37	109	197
11813	9	5	9	38	183	198
11814	9	5	10	39	61	199
11815	9	5	11	40	61	200
11816	9	5	12	41	53	200
11817	9	5	13	43	213	201
11818	9	5	14	42	181	202
11819	9	5	15	44	223	203
11820	9	5	16	45	160	204
11821	9	5	17	46	80	204
11822	9	5	18	47	198	205
11823	9	5	19	48	99	206
11824	9	5	20	49	33	206
11825	9	5	21	50	33	208
11826	9	5	22	51	134	208
11827	9	5	23	52	134	209
11828	9	5	24	53	108	209
11829	9	5	25	54	108	211
11830	9	5	26	55	36	211
11831	9	5	27	56	18	212
11832	9	5	28	57	6	213
11833	9	5	29	58	3	213
11834	9	5	30	59	1	214
11835	9	5	31	61	230	215
11836	9	6	0	29	74	194
11837	9	6	1	30	179	194
11838	9	6	2	31	153	194
11839	9	6	3	7	190	195
11840	9	6	4	32	247	195
11841	9	6	5	33	84	195
11842	9	6	6	34	84	196
11843	9	6	7	35	28	197
11844	9	6	8	36	14	198
11845	9	6	9	37	176	198
11846	9	6	10	38	88	199
11847	9	6	11	39	115	200
11848	9	6	12	40	115	201
11849	9	6	13	41	62	201
11850	9	6	14	43	60	202
11851	9	6	15	42	55	203
11852	9	6	16	44	96	204
11853	9	6	17	45	32	205
11854	9	6	18	46	16	205
11855	9	6	19	47	91	206
11856	9	6	20	48	174	207
11857	9	6	21	49	58	207
11858	9	6	22	50	58	209
11859	9	6	23	51	181	209
11860	9	6	24	52	181	210
11861	9	6	25	53	73	210
11862	9	6	26	54	73	212
11863	9	6	27	55	110	212
11864	9	6	28	56	55	213
11865	9	6	29	57	104	214
11866	9	6	30	58	52	214
11867	9	7	0	8	6	195
11868	9	7	1	9	42	195
11869	9	7	2	10	185	195
11870	9	7	3	11	33	195
11871	9	7	4	30	169	195
11872	9	7	5	32	255	196
11873	9	7	6	33	171	196
11874	9	7	7	34	171	197
11875	9	7	8	35	57	198
11876	9	7	9	36	157	199
11877	9	7	10	37	138	199
11878	9	7	11	38	69	200
11879	9	7	12	39	23	201
11880	9	7	13	40	23	202
11881	9	7	14	41	218	202
11882	9	7	15	43	108	203
11883	9	7	16	42	144	204
11884	9	7	17	44	122	205
11885	9	7	18	45	212	206
11886	9	7	19	46	106	206
11887	9	7	20	47	121	207
11888	9	7	21	48	189	208
11889	9	7	22	49	63	208
11890	9	7	23	50	63	210
11891	9	7	24	51	139	210
11892	9	7	25	52	139	211
11893	9	7	26	53	66	211
11894	9	7	27	54	66	213
11895	9	7	28	55	22	213
11896	9	7	29	56	11	214
11897	9	8	0	12	175	195
11898	9	8	1	13	39	195
11899	9	8	2	14	127	195
11900	9	8	3	15	75	195
11901	9	8	4	31	213	195
11902	9	8	5	30	86	196
11903	9	8	6	32	51	197
11904	9	8	7	33	137	197
11905	9	8	8	34	137	198
11906	9	8	9	35	217	199
11907	9	8	10	36	237	200
11908	9	8	11	37	79	200
11909	9	8	12	38	168	201
11910	9	8	13	39	56	202
11911	9	8	14	40	56	203
11912	9	8	15	41	95	203
11913	9	8	16	43	195	204
11914	9	8	17	42	112	205
11915	9	8	18	44	230	206
11916	9	8	19	45	248	207
11917	9	8	20	46	124	207
11918	9	8	21	47	127	208
11919	9	8	22	48	192	209
11920	9	8	23	49	64	209
11921	9	8	24	50	64	211
11922	9	8	25	51	182	211
11923	9	8	26	52	182	212
11924	9	8	27	53	116	212
11925	9	8	28	54	116	214
11926	9	9	0	16	36	195
11927	9	9	1	17	2	195
11928	9	9	2	18	59	195
11929	9	9	3	19	243	195
11930	9	9	4	29	164	195
11931	9	9	5	31	145	196
11932	9	9	6	30	193	197
11933	9	9	7	32	113	198
11934	9	9	8	33	233	198
11935	9	9	9	34	233	199
11936	9	9	10	35	249	200
11937	9	9	11	36	253	201
11938	9	9	12	37	170	201
11939	9	9	13	38	85	202
11940	9	9	14	39	114	203
11941	9	9	15	40	114	204
11942	9	9	16	41	19	204
11943	9	9	17	43	12	205
11944	9	9	18	42	227	206
11945	9	9	19	44	46	207
11946	9	9	20	45	101	208
11947	9	9	21	46	179	208
11948	9	9	22	47	231	209
11949	9	9	23	48	244	210
11950	9	9	24	49	167	210
11951	9	9	25	50	167	212
11952	9	9	26	51	242	212
11953	9	9	27	52	242	213
11954	9	10	0	20	226	195
11955	9	10	1	21	123	195
11956	9	10	2	22	46	195
11957	9	10	3	27	94	195
11958	9	10	4	28	47	195
11959	9	10	5	29	187	196
11960	9	10	6	31	142	197
11961	9	10	7	30	22	198
11962	9	10	8	32	74	199
11963	9	10	9	33	98	199
11964	9	10	10	34	98	200
11965	9	10	11	35	204	201
11966	9	10	12	36	102	202
11967	9	10	13	37	34	202
11968	9	10	14	38	17	203
11969	9	10	15	39	177	204
11970	9	10	16	40	177	205
11971	9	10	17	41	158	205
11972	9	10	18	43	254	206
11973	9	10	19	42	159	207
11974	9	10	20	44	112	208
11975	9	10	21	45	123	209
11976	9	10	22	46	190	209
11977	9	10	23	47	149	210
11978	9	10	24	48	203	211
11979	9	10	25	49	239	211
11980	9	10	26	50	239	213
11981	9	11	0	23	30	195
11982	9	11	1	24	30	195
11983	9	11	2	25	10	195
11984	9	11	3	26	5	195
11985	9	11	4	27	173	196
11986	9	11	5	28	215	196
11987	9	11	6	29	243	197
11988	9	11	7	31	51	198
11989	9	11	8	30	253	199
11990	9	11	9	32	169	200
11991	9	11	10	33	71	200
11992	9	11	11	34	71	201
11993	9	11	12	35	195	202
11994	9	11	13	36	226	203
11995	9	11	14	37	161	203
11996	9	11	15	38	209	204
11997	9	11	16	39	241	205
11998	9	11	17	40	241	206
11999	9	11	18	41	83	206
12000	9	11	19	43	60	207
12001	9	11	20	42	250	208
12002	9	11	21	44	228	209
12003	9	11	22	45	76	210
12004	9	11	23	46	38	210
12005	9	11	24	47	184	211
12006	9	11	25	48	92	212
12007	9	12	0	6	244	196
12008	9	12	1	7	183	196
12009	9	12	2	8	242	196
12010	9	12	3	9	147	196
12011	9	12	4	26	1	196
12012	9	12	5	27	86	197
12013	9	12	6	28	43	197
12014	9	12	7	29	100	198
12015	9	12	8	31	25	199
12016	9	12	9	30	19	200
12017	9	12	10	32	188	201
12018	9	12	11	33	117	201
12019	9	12	12	34	117	202
12020	9	12	13	35	39	203
12021	9	12	14	36	148	204
12022	9	12	15	37	135	204
12023	9	12	16	38	196	205
12024	9	12	17	39	151	206
12025	9	12	18	40	151	207
12026	9	12	19	41	68	207
12027	9	12	20	43	240	208
12028	9	12	21	42	131	209
12029	9	12	22	44	97	210
12030	9	12	23	45	118	211
12031	9	12	24	46	59	211
12032	9	13	0	10	37	196
12033	9	13	1	11	53	196
12034	9	13	2	12	4	196
12035	9	13	3	24	104	196
12036	9	13	4	25	206	196
12037	9	13	5	26	103	197
12038	9	13	6	27	120	198
12039	9	13	7	28	60	198
12040	9	13	8	29	20	199
12041	9	13	9	31	193	200
12042	9	13	10	30	76	201
12043	9	13	11	32	89	202
12044	9	13	12	33	229	202
12045	9	13	13	34	229	203
12046	9	13	14	35	162	204
12047	9	13	15	36	81	205
12048	9	13	16	37	27	205
12049	9	13	17	38	142	206
12050	9	13	18	39	133	207
12051	9	13	19	40	133	208
12052	9	13	20	41	65	208
12053	9	13	21	43	145	209
12054	9	13	22	42	165	210
12055	9	13	23	44	225	211
12056	9	14	0	13	210	196
12057	9	14	1	14	61	196
12058	9	14	2	15	132	196
12059	9	14	3	16	19	196
12060	9	14	4	24	175	197
12061	9	14	5	25	144	197
12062	9	14	6	26	72	198
12063	9	14	7	27	24	199
12064	9	14	8	28	12	199
12065	9	14	9	29	4	200
12066	9	14	10	31	179	201
12067	9	14	11	30	22	202
12068	9	14	12	32	172	203
12069	9	14	13	33	200	203
12070	9	14	14	34	200	204
12071	9	14	15	35	238	205
12072	9	14	16	36	119	206
12073	9	14	17	37	211	206
12074	9	14	18	38	234	207
12075	9	14	19	39	78	208
12076	9	14	20	40	78	209
12077	9	14	21	41	13	209
12078	9	14	22	43	254	210
12079	9	15	0	17	45	196
12080	9	15	1	18	179	196
12081	9	15	2	19	187	196
12082	9	15	3	22	210	196
12083	9	15	4	23	35	196
12084	9	15	5	24	35	198
12085	9	15	6	25	183	198
12086	9	15	7	26	220	199
12087	9	15	8	27	159	200
12088	9	15	9	28	208	200
12089	9	15	10	29	155	201
12090	9	15	11	31	105	202
12091	9	15	12	30	123	203
12092	9	15	13	32	240	204
12093	9	15	14	33	40	204
12094	9	15	15	34	40	205
12095	9	15	16	35	99	206
12096	9	15	17	36	178	207
12097	9	15	18	37	145	207
12098	9	15	19	38	201	208
12099	9	15	20	39	67	209
12100	9	15	21	40	67	210
12101	9	16	0	20	131	196
12102	9	16	1	21	98	196
12103	9	16	2	5	246	197
12104	9	16	3	6	237	197
12105	9	16	4	22	42	197
12106	9	16	5	23	7	197
12107	9	16	6	24	7	199
12108	9	16	7	25	88	199
12109	9	16	8	26	44	200
12110	9	16	9	27	186	201
12111	9	16	10	28	93	201
12112	9	16	11	29	31	202
12113	9	16	12	31	4	203
12114	9	16	13	30	142	204
12115	9	16	14	32	48	205
12116	9	16	15	33	8	205
12117	9	16	16	34	8	206
12118	9	16	17	35	174	207
12119	9	16	18	36	87	208
12120	9	16	19	37	29	208
12121	9	16	20	38	143	209
12122	9	17	0	7	72	197
12123	9	17	1	8	54	197
12124	9	17	2	9	102	197
12125	9	17	3	20	256	197
12126	9	17	4	21	214	197
12127	9	17	5	22	214	198
12128	9	17	6	23	207	198
12129	9	17	7	24	207	200
12130	9	17	8	25	69	200
12131	9	17	9	26	163	201
12132	9	17	10	27	140	202
12133	9	17	11	28	70	202
12134	9	17	12	29	109	203
12135	9	17	13	31	203	204
12136	9	17	14	30	185	205
12137	9	17	15	32	61	206
12138	9	17	16	33	53	206
12139	9	17	17	34	53	207
12140	9	17	18	35	189	208
12141	9	17	19	36	223	209
12142	9	18	0	10	170	197
12143	9	18	1	11	72	197
12144	9	18	2	12	219	197
12145	9	18	3	13	216	197
12146	9	18	4	20	154	198
12147	9	18	5	21	197	198
12148	9	18	6	22	197	199
12149	9	18	7	23	247	199
12150	9	18	8	24	247	201
12151	9	18	9	25	168	201
12152	9	18	10	26	84	202
12153	9	18	11	27	28	203
12154	9	18	12	28	14	203
12155	9	18	13	29	176	204
12156	9	18	14	31	153	205
12157	9	18	15	30	76	206
12158	9	18	16	32	115	207
12159	9	18	17	33	62	207
12160	9	18	18	34	62	208
12161	9	19	0	14	239	197
12162	9	19	1	15	69	197
12163	9	19	2	17	246	197
12164	9	19	3	18	41	197
12165	9	19	4	19	185	197
12166	9	19	5	20	185	199
12167	9	19	6	21	245	199
12168	9	19	7	22	245	200
12169	9	19	8	23	255	200
12170	9	19	9	24	255	202
12171	9	19	10	25	85	202
12172	9	19	11	26	171	203
12173	9	19	12	27	57	204
12174	9	19	13	28	157	204
12175	9	19	14	29	138	205
12176	9	19	15	31	197	206
12177	9	19	16	30	130	207
12178	9	19	17	32	23	208
12179	9	20	0	16	148	197
12180	9	20	1	5	121	198
12181	9	20	2	6	156	198
12182	9	20	3	7	38	198
12183	9	20	4	18	111	198
12184	9	20	5	19	37	198
12185	9	20	6	20	37	200
12186	9	20	7	21	49	200
12187	9	20	8	22	49	201
12188	9	20	9	23	51	201
12189	9	20	10	24	51	203
12190	9	20	11	25	17	203
12191	9	20	12	26	137	204
12192	9	20	13	27	217	205
12193	9	20	14	28	237	205
12194	9	20	15	29	79	206
12195	9	20	16	31	11	207
12196	9	21	0	8	194	198
12197	9	21	1	9	12	198
12198	9	21	2	10	98	198
12199	9	21	3	15	244	198
12200	9	21	4	17	250	198
12201	9	21	5	18	125	199
12202	9	21	6	19	213	199
12203	9	21	7	20	213	201
12204	9	21	8	21	164	201
12205	9	21	9	22	164	202
12206	9	21	10	23	113	202
12207	9	21	11	24	113	204
12208	9	21	12	25	209	204
12209	9	21	13	26	233	205
12210	9	21	14	27	249	206
12211	9	21	15	28	253	206
12212	9	22	0	11	71	198
12213	9	22	1	12	157	198
12214	9	22	2	14	130	198
12215	9	22	3	16	166	198
12216	9	22	4	3	88	199
12217	9	22	5	17	50	199
12218	9	22	6	18	25	200
12219	9	22	7	19	94	200
12220	9	22	8	20	94	202
12221	9	22	9	21	187	202
12222	9	22	10	22	187	203
12223	9	22	11	23	74	203
12224	9	22	12	24	74	205
12225	9	22	13	25	196	205
12226	9	22	14	26	98	206
12227	9	23	0	13	62	198
12228	9	23	1	4	135	199
12229	9	23	2	5	43	199
12230	9	23	3	6	194	199
12231	9	23	4	15	60	199
12232	9	23	5	16	30	199
12233	9	23	6	17	10	200
12234	9	23	7	18	5	201
12235	9	23	8	19	173	201
12236	9	23	9	20	173	203
12237	9	23	10	21	243	203
12238	9	23	11	22	243	204
12239	9	23	12	23	169	204
12240	9	23	13	24	169	206
12241	9	24	0	7	218	199
12242	9	24	1	8	158	199
12243	9	24	2	10	121	199
12244	9	24	3	12	225	199
12245	9	24	4	14	36	199
12246	9	24	5	15	12	200
12247	9	24	6	16	6	200
12248	9	24	7	17	2	201
12249	9	24	8	18	1	202
12250	9	24	9	19	86	202
12251	9	24	10	20	86	204
12252	9	24	11	21	100	204
12253	9	24	12	22	100	205
12254	9	25	0	9	8	199
12255	9	25	1	11	249	199
12256	9	25	2	13	9	199
12257	9	25	3	3	38	200
12258	9	25	4	4	107	200
12259	9	25	5	14	110	200
12260	9	25	6	15	208	201
12261	9	25	7	16	104	201
12262	9	25	8	17	206	202
12263	9	25	9	18	103	203
12264	9	25	10	19	120	203
12265	9	25	11	20	120	205
12266	9	26	0	5	49	200
12267	9	26	1	6	250	200
12268	9	26	2	7	129	200
12269	9	26	3	8	104	200
12270	9	26	4	10	100	200
12271	9	26	5	12	105	200
12272	9	26	6	14	22	201
12273	9	26	7	15	93	202
12274	9	26	8	16	175	202
12275	9	26	9	17	144	203
12276	9	26	10	18	72	204
12277	9	27	0	9	17	200
12278	9	27	1	11	240	200
12279	9	27	2	13	244	200
12280	9	27	3	2	93	201
12281	9	27	4	3	30	201
12282	9	27	5	4	168	201
12283	9	27	6	12	93	201
12284	9	27	7	14	210	202
12285	9	27	8	15	70	203
12286	9	27	9	16	35	203
12287	9	28	0	5	134	201
12288	9	28	1	6	67	201
12289	9	28	2	7	146	201
12290	9	28	3	8	192	201
12291	9	28	4	10	165	201
12292	9	28	5	13	49	201
12293	9	28	6	2	106	202
12294	9	28	7	12	77	202
12295	9	28	8	14	42	203
12296	9	29	0	9	4	201
12297	9	29	1	11	253	201
12298	9	29	2	3	32	202
12299	9	29	3	4	90	202
12300	9	29	4	5	134	202
12301	9	29	5	10	252	202
12302	9	29	6	13	127	202
12303	9	29	7	1	218	203
12304	9	30	0	6	17	202
12305	9	30	1	7	7	202
12306	9	30	2	8	75	202
12307	9	30	3	11	167	202
12308	9	30	4	2	109	203
12309	9	30	5	3	228	203
12310	9	30	6	10	195	203
12311	9	31	0	9	137	202
12312	9	31	1	4	169	203
12313	9	31	2	5	220	203
12314	9	31	3	6	124	203
12315	9	31	4	8	59	203
12316	9	31	5	11	236	203
12317	9	32	0	7	32	203
12318	9	32	1	9	75	203
12319	9	32	2	12	97	203
12320	9	32	3	13	54	203
12321	9	32	4	1	206	204
12322	9	33	0	2	209	204
12323	9	33	1	3	192	204
12324	9	33	2	4	175	204
12325	9	33	3	5	12	204
12326	9	34	0	6	188	204
12327	9	34	1	7	190	204
12328	9	34	2	8	244	204
12329	9	35	0	9	16	204
12330	9	35	1	10	178	204
12331	9	36	0	11	210	204
12332	10	0	0	71	123	218
12333	10	0	1	73	83	219
12334	10	0	2	72	30	220
12335	10	0	3	74	149	221
12336	10	0	4	75	221	222
12337	10	0	5	76	239	222
12338	10	0	6	77	251	223
12339	10	0	7	78	254	224
12340	10	0	8	79	256	224
12341	10	0	9	80	256	226
12342	10	0	10	81	214	226
12343	10	0	11	82	214	227
12344	10	0	12	83	207	227
12345	10	0	13	84	207	229
12346	10	0	14	85	69	229
12347	10	0	15	86	163	230
12348	10	0	16	87	140	231
12349	10	0	17	88	70	231
12350	10	0	18	89	109	232
12351	10	0	19	91	220	233
12352	10	0	20	90	13	234
12353	10	0	21	92	61	235
12354	10	0	22	93	53	235
12355	10	0	23	94	53	236
12356	10	0	24	95	189	237
12357	10	0	25	96	223	238
12358	10	0	26	97	160	238
12359	10	0	27	98	80	239
12360	10	0	28	99	198	240
12361	10	0	29	100	198	241
12362	10	0	30	101	33	241
12363	10	0	31	103	254	242
12364	10	0	32	102	189	243
12365	10	0	33	104	134	244
12366	10	0	34	105	216	245
12367	10	0	35	106	108	245
12368	10	0	36	107	36	246
12369	10	0	37	108	18	247
12370	10	0	38	109	6	247
12371	10	0	39	110	6	249
12372	10	0	40	111	1	249
12373	10	0	41	112	1	250
12374	10	1	0	69	95	218
12375	10	1	1	70	95	219
12376	10	1	2	71	230	219
12377	10	1	3	73	136	220
12378	10	1	4	72	138	221
12379	10	1	5	74	124	222
12380	10	1	6	75	127	223
12381	10	1	7	76	192	223
12382	10	1	8	77	64	224
12383	10	1	9	78	32	225
12384	10	1	10	79	182	225
12385	10	1	11	80	182	227
12386	10	1	12	81	116	227
12387	10	1	13	82	116	228
12388	10	1	14	83	105	228
12389	10	1	15	84	105	230
12390	10	1	16	85	35	230
12391	10	1	17	86	146	231
12392	10	1	18	87	220	232
12393	10	1	19	88	110	232
12394	10	1	20	89	208	233
12395	10	1	21	91	5	234
12396	10	1	22	90	117	235
12397	10	1	23	92	206	236
12398	10	1	24	93	120	236
12399	10	1	25	94	120	237
12400	10	1	26	95	40	238
12401	10	1	27	96	20	239
12402	10	1	28	97	178	239
12403	10	1	29	98	89	240
12404	10	1	30	99	201	241
12405	10	1	31	100	201	242
12406	10	1	32	101	162	242
12407	10	1	33	103	72	243
12408	10	1	34	102	132	244
12409	10	1	35	104	27	245
12410	10	1	36	105	9	246
12411	10	1	37	106	133	246
12412	10	1	38	107	130	247
12413	10	1	39	108	65	248
12414	10	1	40	109	193	248
12415	10	2	0	67	88	217
12416	10	2	1	68	44	218
12417	10	2	2	69	186	219
12418	10	2	3	70	186	220
12419	10	2	4	71	31	220
12420	10	2	5	73	191	221
12421	10	2	6	72	116	222
12422	10	2	7	74	48	223
12423	10	2	8	75	16	224
12424	10	2	9	76	8	224
12425	10	2	10	77	174	225
12426	10	2	11	78	87	226
12427	10	2	12	79	29	226
12428	10	2	13	80	29	228
12429	10	2	14	81	219	228
12430	10	2	15	82	219	229
12431	10	2	16	83	165	229
12432	10	2	17	84	165	231
12433	10	2	18	85	55	231
12434	10	2	19	86	156	232
12435	10	2	20	87	52	233
12436	10	2	21	88	26	233
12437	10	2	22	89	180	234
12438	10	2	23	91	191	235
12439	10	2	24	90	222	236
12440	10	2	25	92	30	237
12441	10	2	26	93	5	237
12442	10	2	27	94	5	238
12443	10	2	28	95	173	239
12444	10	2	29	96	215	240
12445	10	2	30	97	243	240
12446	10	2	31	98	250	241
12447	10	2	32	99	169	242
12448	10	2	33	100	169	243
12449	10	2	34	101	71	243
12450	10	2	35	103	176	244
12451	10	2	36	102	233	245
12452	10	2	37	104	226	246
12453	10	2	38	105	161	247
12454	10	2	39	106	209	247
12455	10	3	0	65	22	217
12456	10	3	1	66	11	218
12457	10	3	2	67	175	218
12458	10	3	3	68	216	219
12459	10	3	4	69	72	220
12460	10	3	5	70	72	221
12461	10	3	6	71	12	221
12462	10	3	7	73	212	222
12463	10	3	8	72	189	223
12464	10	3	9	74	2	224
12465	10	3	10	75	172	225
12466	10	3	11	76	86	225
12467	10	3	12	77	200	226
12468	10	3	13	78	100	227
12469	10	3	14	79	119	227
12470	10	3	15	80	119	229
12471	10	3	16	81	234	229
12472	10	3	17	82	234	230
12473	10	3	18	83	39	230
12474	10	3	19	84	39	232
12475	10	3	20	85	13	232
12476	10	3	21	86	135	233
12477	10	3	22	87	45	234
12478	10	3	23	88	151	234
12479	10	3	24	89	136	235
12480	10	3	25	91	11	236
12481	10	3	26	90	78	237
12482	10	3	27	92	194	238
12483	10	3	28	93	118	238
12484	10	3	29	94	118	239
12485	10	3	30	95	125	240
12486	10	3	31	96	191	241
12487	10	3	32	97	235	241
12488	10	3	33	98	246	242
12489	10	3	34	99	82	243
12490	10	3	35	100	82	244
12491	10	3	36	101	185	244
12492	10	3	37	103	218	245
12493	10	3	38	102	121	246
12494	10	4	0	63	67	216
12495	10	4	1	64	67	217
12496	10	4	2	65	108	218
12497	10	4	3	66	54	219
12498	10	4	4	67	18	219
12499	10	4	5	68	9	220
12500	10	4	6	69	3	221
12501	10	4	7	70	3	222
12502	10	4	8	71	129	222
12503	10	4	9	73	74	223
12504	10	4	10	72	190	224
12505	10	4	11	74	150	225
12506	10	4	12	75	50	226
12507	10	4	13	76	25	226
12508	10	4	14	77	94	227
12509	10	4	15	78	47	228
12510	10	4	16	79	187	228
12511	10	4	17	80	187	230
12512	10	4	18	81	74	230
12513	10	4	19	82	74	231
12514	10	4	20	83	98	231
12515	10	4	21	84	98	233
12516	10	4	22	85	204	233
12517	10	4	23	86	102	234
12518	10	4	24	87	34	235
12519	10	4	25	88	17	235
12520	10	4	26	89	177	236
12521	10	4	27	91	250	237
12522	10	4	28	90	30	238
12523	10	4	29	92	158	239
12524	10	4	30	93	112	239
12525	10	4	31	94	112	240
12526	10	4	32	95	123	241
12527	10	4	33	96	190	242
12528	10	4	34	97	149	242
12529	10	4	35	98	203	243
12530	10	4	36	99	239	244
12531	10	4	37	100	239	245
12532	10	5	0	60	3	216
12533	10	5	1	62	81	217
12534	10	5	2	63	142	217
12535	10	5	3	64	142	218
12536	10	5	4	65	133	219
12537	10	5	5	66	195	220
12538	10	5	6	67	65	220
12539	10	5	7	68	161	221
12540	10	5	8	69	225	222
12541	10	5	9	70	225	223
12542	10	5	10	71	166	223
12543	10	5	11	73	29	224
12544	10	5	12	72	75	225
12545	10	5	13	74	199	226
12546	10	5	14	75	152	227
12547	10	5	15	76	76	227
12548	10	5	16	77	111	228
12549	10	5	17	78	184	229
12550	10	5	18	79	147	229
12551	10	5	19	80	147	231
12552	10	5	20	81	153	231
12553	10	5	21	82	153	232
12554	10	5	22	83	154	232
12555	10	5	23	84	154	234
12556	10	5	24	85	137	234
12557	10	5	25	86	197	235
12558	10	5	26	87	237	236
12559	10	5	27	88	247	236
12560	10	5	28	89	168	237
12561	10	5	29	91	40	238
12562	10	5	30	90	88	239
12563	10	5	31	92	28	240
12564	10	5	32	93	176	240
12565	10	5	33	94	176	241
12566	10	5	34	95	230	242
12567	10	5	35	96	115	243
12568	10	5	36	97	124	243
12569	10	6	0	59	213	215
12570	10	6	1	61	165	216
12571	10	6	2	60	78	217
12572	10	6	3	62	164	218
12573	10	6	4	63	113	218
12574	10	6	5	64	113	219
12575	10	6	6	65	209	220
12576	10	6	7	66	233	221
12577	10	6	8	67	249	221
12578	10	6	9	68	253	222
12579	10	6	10	69	170	223
12580	10	6	11	70	170	224
12581	10	6	12	71	114	224
12582	10	6	13	73	71	225
12583	10	6	14	72	136	226
12584	10	6	15	74	19	227
12585	10	6	16	75	92	228
12586	10	6	17	76	46	228
12587	10	6	18	77	101	229
12588	10	6	19	78	179	230
12589	10	6	20	79	231	230
12590	10	6	21	80	231	232
12591	10	6	22	81	167	232
12592	10	6	23	82	167	233
12593	10	6	24	83	242	233
12594	10	6	25	84	242	235
12595	10	6	26	85	252	235
12596	10	6	27	86	126	236
12597	10	6	28	87	42	237
12598	10	6	29	88	21	237
12599	10	6	30	89	7	238
12600	10	6	31	91	143	239
12601	10	6	32	90	156	240
12602	10	6	33	92	44	241
12603	10	6	34	93	93	241
12604	10	6	35	94	93	242
12605	10	7	0	57	246	215
12606	10	7	1	58	123	215
12607	10	7	2	59	41	216
12608	10	7	3	61	157	217
12609	10	7	4	60	160	218
12610	10	7	5	62	221	219
12611	10	7	6	63	251	219
12612	10	7	7	64	251	220
12613	10	7	8	65	255	221
12614	10	7	9	66	256	222
12615	10	7	10	67	171	222
12616	10	7	11	68	214	223
12617	10	7	12	69	157	224
12618	10	7	13	70	157	225
12619	10	7	14	71	69	225
12620	10	7	15	73	183	226
12621	10	7	16	72	200	227
12622	10	7	17	74	140	228
12623	10	7	18	75	218	229
12624	10	7	19	76	109	229
12625	10	7	20	77	122	230
12626	10	7	21	78	61	231
12627	10	7	22	79	106	231
12628	10	7	23	80	106	233
12629	10	7	24	81	189	233
12630	10	7	25	82	189	234
12631	10	7	26	83	160	234
12632	10	7	27	84	160	236
12633	10	7	28	85	139	236
12634	10	7	29	86	198	237
12635	10	7	30	87	66	238
12636	10	7	31	88	33	238
12637	10	7	32	89	11	239
12638	10	7	33	91	251	240
12639	10	7	34	90	139	241
12640	10	8	0	55	190	214
12641	10	8	1	56	95	215
12642	10	8	2	57	203	216
12643	10	8	3	58	230	216
12644	10	8	4	59	248	217
12645	10	8	5	61	65	218
12646	10	8	6	60	239	219
12647	10	8	7	62	127	220
12648	10	8	8	63	64	220
12649	10	8	9	64	64	221
12650	10	8	10	65	107	222
12651	10	8	11	66	182	223
12652	10	8	12	67	232	223
12653	10	8	13	68	116	224
12654	10	8	14	69	210	225
12655	10	8	15	70	210	226
12656	10	8	16	71	35	226
12657	10	8	17	73	211	227
12658	10	8	18	72	78	228
12659	10	8	19	74	220	229
12660	10	8	20	75	159	230
12661	10	8	21	76	208	230
12662	10	8	22	77	155	231
12663	10	8	23	78	206	232
12664	10	8	24	79	240	232
12665	10	8	25	80	240	234
12666	10	8	26	81	40	234
12667	10	8	27	82	40	235
12668	10	8	28	83	178	235
12669	10	8	29	84	178	237
12670	10	8	30	85	145	237
12671	10	8	31	86	201	238
12672	10	8	32	87	67	239
12673	10	8	33	88	162	239
12674	10	9	0	53	88	213
12675	10	9	1	54	88	215
12676	10	9	2	55	115	215
12677	10	9	3	56	186	216
12678	10	9	4	57	62	217
12679	10	9	5	58	31	217
12680	10	9	6	59	96	218
12681	10	9	7	61	168	219
12682	10	9	8	60	101	220
12683	10	9	9	62	16	221
12684	10	9	10	63	174	221
12685	10	9	11	64	174	222
12686	10	9	12	65	58	223
12687	10	9	13	66	29	224
12688	10	9	14	67	181	224
12689	10	9	15	68	219	225
12690	10	9	16	69	73	226
12691	10	9	17	70	73	227
12692	10	9	18	71	55	227
12693	10	9	19	73	206	228
12694	10	9	20	72	46	229
12695	10	9	21	74	52	230
12696	10	9	22	75	103	231
12697	10	9	23	76	180	231
12698	10	9	24	77	60	232
12699	10	9	25	78	30	233
12700	10	9	26	79	10	233
12701	10	9	27	80	10	235
12702	10	9	28	81	173	235
12703	10	9	29	82	173	236
12704	10	9	30	83	243	236
12705	10	9	31	84	243	238
12706	10	9	32	85	81	238
12707	10	10	0	51	22	213
12708	10	10	1	52	22	214
12709	10	10	2	53	175	214
12710	10	10	3	54	175	216
12711	10	10	4	55	144	216
12712	10	10	5	56	72	217
12713	10	10	6	57	24	218
12714	10	10	7	58	12	218
12715	10	10	8	59	4	219
12716	10	10	9	61	100	220
12717	10	10	10	60	209	221
12718	10	10	11	62	172	222
12719	10	10	12	63	200	222
12720	10	10	13	64	200	223
12721	10	10	14	65	238	224
12722	10	10	15	66	119	225
12723	10	10	16	67	211	225
12724	10	10	17	68	234	226
12725	10	10	18	69	78	227
12726	10	10	19	70	78	228
12727	10	10	20	71	13	228
12728	10	10	21	73	11	229
12729	10	10	22	72	87	230
12730	10	10	23	74	45	231
12731	10	10	24	75	15	232
12732	10	10	25	76	136	232
12733	10	10	26	77	131	233
12734	10	10	27	78	194	234
12735	10	10	28	79	236	234
12736	10	10	29	80	236	236
12737	10	10	30	81	125	236
12738	10	10	31	82	125	237
12739	10	11	0	49	134	212
12740	10	11	1	50	134	214
12741	10	11	2	51	108	214
12742	10	11	3	52	108	215
12743	10	11	4	53	18	215
12744	10	11	5	54	18	217
12745	10	11	6	55	6	217
12746	10	11	7	56	3	218
12747	10	11	8	57	1	219
12748	10	11	9	58	129	219
12749	10	11	10	59	43	220
12750	10	11	11	61	83	221
12751	10	11	12	60	228	222
12752	10	11	13	62	50	223
12753	10	11	14	63	94	223
12754	10	11	15	64	94	224
12755	10	11	16	65	117	225
12756	10	11	17	66	187	226
12757	10	11	18	67	148	226
12758	10	11	19	68	74	227
12759	10	11	20	69	196	228
12760	10	11	21	70	196	229
12761	10	11	22	71	204	229
12762	10	11	23	73	171	230
12763	10	11	24	72	248	231
12764	10	11	25	74	34	232
12765	10	11	26	75	97	233
12766	10	11	27	76	177	233
12767	10	11	28	77	59	234
12768	10	11	29	78	158	235
12769	10	11	30	79	224	235
12770	10	12	0	47	162	212
12771	10	12	1	48	81	213
12772	10	12	2	49	27	213
12773	10	12	3	50	27	215
12774	10	12	4	51	133	215
12775	10	12	5	52	133	216
12776	10	12	6	53	65	216
12777	10	12	7	54	65	218
12778	10	12	8	55	193	218
12779	10	12	9	56	225	219
12780	10	12	10	57	75	220
12781	10	12	11	58	166	220
12782	10	12	12	59	141	221
12783	10	12	13	61	187	222
12784	10	12	14	60	174	223
12785	10	12	15	62	152	224
12786	10	12	16	63	111	224
12787	10	12	17	64	111	225
12788	10	12	18	65	37	226
12789	10	12	19	66	147	227
12790	10	12	20	67	49	227
12791	10	12	21	68	153	228
12792	10	12	22	69	51	229
12793	10	12	23	70	51	230
12794	10	12	24	71	137	230
12795	10	12	25	73	12	231
12796	10	12	26	72	57	232
12797	10	12	27	74	237	233
12798	10	12	28	75	79	234
12799	10	12	29	76	168	234
12800	10	13	0	45	169	212
12801	10	13	1	46	213	212
12802	10	13	2	47	71	213
12803	10	13	3	48	164	214
12804	10	13	4	49	226	214
12805	10	13	5	50	226	216
12806	10	13	6	51	209	216
12807	10	13	7	52	209	217
12808	10	13	8	53	249	217
12809	10	13	9	54	249	219
12810	10	13	10	55	83	219
12811	10	13	11	56	170	220
12812	10	13	12	57	228	221
12813	10	13	13	58	114	221
12814	10	13	14	59	38	222
12815	10	13	15	61	131	223
12816	10	13	16	60	195	224
12817	10	13	17	62	92	225
12818	10	13	18	63	101	225
12819	10	13	19	64	101	226
12820	10	13	20	65	205	227
12821	10	13	21	66	231	228
12822	10	13	22	67	77	228
12823	10	13	23	68	167	229
12824	10	13	24	69	227	230
12825	10	13	25	70	227	231
12826	10	13	26	71	252	231
12827	10	13	27	73	77	232
12828	10	13	28	72	213	233
12829	10	14	0	42	38	211
12830	10	14	1	44	246	212
12831	10	14	2	45	82	213
12832	10	14	3	46	41	213
12833	10	14	4	47	185	214
12834	10	14	5	48	221	215
12835	10	14	6	49	245	215
12836	10	14	7	50	245	217
12837	10	14	8	51	255	217
12838	10	14	9	52	255	218
12839	10	14	10	53	171	218
12840	10	14	11	54	171	220
12841	10	14	12	55	57	220
12842	10	14	13	56	157	221
12843	10	14	14	57	138	222
12844	10	14	15	58	69	222
12845	10	14	16	59	23	223
12846	10	14	17	61	144	224
12847	10	14	18	60	33	225
12848	10	14	19	62	218	226
12849	10	14	20	63	122	226
12850	10	14	21	64	122	227
12851	10	14	22	65	212	228
12852	10	14	23	66	106	229
12853	10	14	24	67	121	229
12854	10	14	25	68	189	230
12855	10	14	26	69	63	231
12856	10	14	27	70	63	232
12857	10	15	0	41	190	210
12858	10	15	1	43	232	211
12859	10	15	2	42	155	212
12860	10	15	3	44	203	213
12861	10	15	4	45	239	214
12862	10	15	5	46	248	214
12863	10	15	6	47	254	215
12864	10	15	7	48	127	216
12865	10	15	8	49	128	216
12866	10	15	9	50	128	218
12867	10	15	10	51	107	218
12868	10	15	11	52	107	219
12869	10	15	12	53	232	219
12870	10	15	13	54	232	221
12871	10	15	14	55	163	221
12872	10	15	15	56	210	222
12873	10	15	16	57	70	223
12874	10	15	17	58	35	223
12875	10	15	18	59	183	224
12876	10	15	19	61	213	225
12877	10	15	20	60	48	226
12878	10	15	21	62	159	227
12879	10	15	22	63	155	227
12880	10	15	23	64	155	228
12881	10	15	24	65	223	229
12882	10	15	25	66	240	230
12883	10	15	26	67	80	230
12884	10	16	0	39	176	210
12885	10	16	1	40	176	211
12886	10	16	2	41	115	211
12887	10	16	3	43	92	212
12888	10	16	4	42	51	213
12889	10	16	5	44	62	214
12890	10	16	6	45	192	215
12891	10	16	7	46	96	215
12892	10	16	8	47	32	216
12893	10	16	9	48	16	217
12894	10	16	10	49	91	217
12895	10	16	11	50	91	219
12896	10	16	12	51	58	219
12897	10	16	13	52	58	220
12898	10	16	14	53	181	220
12899	10	16	15	54	181	222
12900	10	16	16	55	146	222
12901	10	16	17	56	73	223
12902	10	16	18	57	110	224
12903	10	16	19	58	55	224
12904	10	16	20	59	104	225
12905	10	16	21	61	146	226
12906	10	16	22	60	247	227
12907	10	16	23	62	103	228
12908	10	16	24	63	60	228
12909	10	16	25	64	60	229
12910	10	17	0	37	44	209
12911	10	17	1	38	22	210
12912	10	17	2	39	93	211
12913	10	17	3	40	93	212
12914	10	17	4	41	144	212
12915	10	17	5	43	225	213
12916	10	17	6	42	108	214
12917	10	17	7	44	24	215
12918	10	17	8	45	8	216
12919	10	17	9	46	4	216
12920	10	17	10	47	87	217
12921	10	17	11	48	172	218
12922	10	17	12	49	143	218
12923	10	17	13	50	143	220
12924	10	17	14	51	238	220
12925	10	17	15	52	238	221
12926	10	17	16	53	211	221
12927	10	17	17	54	211	223
12928	10	17	18	55	156	223
12929	10	17	19	56	78	224
12930	10	17	20	57	26	225
12931	10	17	21	58	13	225
12932	10	17	22	59	90	226
12933	10	17	23	61	64	227
12934	10	17	24	60	3	228
12935	10	18	0	35	11	209
12936	10	18	1	36	134	210
12937	10	18	2	37	216	210
12938	10	18	3	38	108	211
12939	10	18	4	39	36	212
12940	10	18	5	40	36	213
12941	10	18	6	41	6	213
12942	10	18	7	43	181	214
12943	10	18	8	42	88	215
12944	10	18	9	44	1	216
12945	10	18	10	45	86	217
12946	10	18	11	46	43	217
12947	10	18	12	47	100	218
12948	10	18	13	48	50	219
12949	10	18	14	49	188	219
12950	10	18	15	50	188	221
12951	10	18	16	51	117	221
12952	10	18	17	52	117	222
12953	10	18	18	53	148	222
12954	10	18	19	54	148	224
12955	10	18	20	55	135	224
12956	10	18	21	56	196	225
12957	10	18	22	57	151	226
12958	10	18	23	58	204	226
12959	10	19	0	33	162	208
12960	10	19	1	34	162	209
12961	10	19	2	35	54	210
12962	10	19	3	36	27	211
12963	10	19	4	37	9	211
12964	10	19	5	38	133	212
12965	10	19	6	39	130	213
12966	10	19	7	40	130	214
12967	10	19	8	41	193	214
12968	10	19	9	43	8	215
12969	10	19	10	42	86	216
12970	10	19	11	44	75	217
12971	10	19	12	45	25	218
12972	10	19	13	46	141	218
12973	10	19	14	47	47	219
12974	10	19	15	48	152	220
12975	10	19	16	49	222	220
12976	10	19	17	50	222	222
12977	10	19	18	51	37	222
12978	10	19	19	52	37	223
12979	10	19	20	53	49	223
12980	10	19	21	54	49	225
12981	10	19	22	55	102	225
12982	10	20	0	30	118	208
12983	10	20	1	32	169	209
12984	10	20	2	33	71	209
12985	10	20	3	34	71	210
12986	10	20	4	35	195	211
12987	10	20	5	36	226	212
12988	10	20	6	37	161	212
12989	10	20	7	38	209	213
12990	10	20	8	39	241	214
12991	10	20	9	40	241	215
12992	10	20	10	41	83	215
12993	10	20	11	43	24	216
12994	10	20	12	42	111	217
12995	10	20	13	44	228	218
12996	10	20	14	45	76	219
12997	10	20	15	46	38	219
12998	10	20	16	47	184	220
12999	10	20	17	48	92	221
13000	10	20	18	49	202	221
13001	10	20	19	50	202	223
13002	10	20	20	51	205	223
13003	10	20	21	52	205	224
13004	10	21	0	29	235	207
13005	10	21	1	31	193	208
13006	10	21	2	30	20	209
13007	10	21	3	32	82	210
13008	10	21	4	33	185	210
13009	10	21	5	34	185	211
13010	10	21	6	35	233	212
13011	10	21	7	36	245	213
13012	10	21	8	37	253	213
13013	10	21	9	38	255	214
13014	10	21	10	39	85	215
13015	10	21	11	40	85	216
13016	10	21	12	41	57	216
13017	10	21	13	43	234	217
13018	10	21	14	42	85	218
13019	10	21	15	44	138	219
13020	10	21	16	45	46	220
13021	10	21	17	46	23	220
13022	10	21	18	47	179	221
13023	10	21	19	48	218	222
13024	10	21	20	49	244	222
13025	10	22	0	27	123	207
13026	10	22	1	28	190	207
13027	10	22	2	29	149	208
13028	10	22	3	31	142	209
13029	10	22	4	30	113	210
13030	10	22	5	32	239	211
13031	10	22	6	33	254	211
13032	10	22	7	34	254	212
13033	10	22	8	35	256	213
13034	10	22	9	36	128	214
13035	10	22	10	37	214	214
13036	10	22	11	38	107	215
13037	10	22	12	39	207	216
13038	10	22	13	40	207	217
13039	10	22	14	41	163	217
13040	10	22	15	43	73	218
13041	10	22	16	42	238	219
13042	10	22	17	44	70	220
13043	10	22	18	45	109	221
13044	10	22	19	46	183	221
13045	10	23	0	25	95	206
13046	10	23	1	26	176	207
13047	10	23	2	27	230	208
13048	10	23	3	28	115	208
13049	10	23	4	29	124	209
13050	10	23	5	31	169	210
13051	10	23	6	30	107	211
13052	10	23	7	32	192	212
13053	10	23	8	33	32	212
13054	10	23	9	34	32	213
13055	10	23	10	35	182	214
13056	10	23	11	36	91	215
13057	10	23	12	37	116	215
13058	10	23	13	38	58	216
13059	10	23	14	39	105	217
13060	10	23	15	40	105	218
13061	10	23	16	41	146	218
13062	10	23	17	43	3	219
13063	10	23	18	42	215	220
13064	10	24	0	23	44	205
13065	10	24	1	24	44	207
13066	10	24	2	25	186	207
13067	10	24	3	26	93	208
13068	10	24	4	27	31	209
13069	10	24	5	28	144	209
13070	10	24	6	29	48	210
13071	10	24	7	31	170	211
13072	10	24	8	30	31	212
13073	10	24	9	32	8	213
13074	10	24	10	33	87	213
13075	10	24	11	34	87	214
13076	10	24	12	35	29	215
13077	10	24	13	36	143	216
13078	10	24	14	37	219	216
13079	10	24	15	38	238	217
13080	10	24	16	39	165	218
13081	10	24	17	40	165	219
13082	10	25	0	21	11	205
13083	10	25	1	22	11	206
13084	10	25	2	23	216	206
13085	10	25	3	24	216	208
13086	10	25	4	25	72	208
13087	10	25	5	26	36	209
13088	10	25	6	27	12	210
13089	10	25	7	28	6	210
13090	10	25	8	29	2	211
13091	10	25	9	31	75	212
13092	10	25	10	30	241	213
13093	10	25	11	32	86	214
13094	10	25	12	33	100	214
13095	10	25	13	34	100	215
13096	10	25	14	35	119	216
13097	10	25	15	36	188	217
13098	10	25	16	37	234	217
13099	10	26	0	19	67	204
13100	10	26	1	20	67	206
13101	10	26	2	21	54	206
13102	10	26	3	22	54	207
13103	10	26	4	23	9	207
13104	10	26	5	24	9	209
13105	10	26	6	25	3	209
13106	10	26	7	26	130	210
13107	10	26	8	27	129	211
13108	10	26	9	28	193	211
13109	10	26	10	29	150	212
13110	10	26	11	31	246	213
13111	10	26	12	30	154	214
13112	10	26	13	32	25	215
13113	10	26	14	33	47	215
13114	10	26	15	34	47	216
13115	10	27	0	17	81	204
13116	10	27	1	18	169	205
13117	10	27	2	19	142	205
13118	10	27	3	20	142	207
13119	10	27	4	21	195	207
13120	10	27	5	22	195	208
13121	10	27	6	23	161	208
13122	10	27	7	24	161	210
13123	10	27	8	25	225	210
13124	10	27	9	26	241	211
13125	10	27	10	27	166	212
13126	10	27	11	28	83	212
13127	10	27	12	29	199	213
13128	10	27	13	31	11	214
13129	10	27	14	30	97	215
13130	10	28	0	15	213	204
13131	10	28	1	16	235	204
13132	10	28	2	17	164	205
13133	10	28	3	18	82	206
13134	10	28	4	19	113	206
13135	10	28	5	20	113	208
13136	10	28	6	21	233	208
13137	10	28	7	22	233	209
13138	10	28	8	23	253	209
13139	10	28	9	24	253	211
13140	10	28	10	25	170	211
13141	10	28	11	26	85	212
13142	10	28	12	27	114	213
13143	10	28	13	28	57	213
13144	10	29	0	12	254	204
13145	10	29	1	14	123	204
13146	10	29	2	15	41	205
13147	10	29	3	16	149	205
13148	10	29	4	17	221	206
13149	10	29	5	18	239	207
13150	10	29	6	19	251	207
13151	10	29	7	20	251	209
13152	10	29	8	21	256	209
13153	10	29	9	22	256	210
13154	10	29	10	23	214	210
13155	10	29	11	24	214	212
13156	10	29	12	25	157	212
13157	10	30	0	13	231	204
13158	10	30	1	0	187	205
13159	10	30	2	1	248	205
13160	10	30	3	14	230	205
13161	10	30	4	15	248	206
13162	10	30	5	16	124	206
13163	10	30	6	17	127	207
13164	10	30	7	18	192	208
13165	10	30	8	19	64	208
13166	10	30	9	20	64	210
13167	10	30	10	21	182	210
13168	10	30	11	22	182	211
13169	10	31	0	2	61	205
13170	10	31	1	3	136	205
13171	10	31	2	4	115	205
13172	10	31	3	5	216	205
13173	10	31	4	12	131	205
13174	10	31	5	14	31	206
13175	10	31	6	15	96	207
13176	10	31	7	16	48	207
13177	10	31	8	17	16	208
13178	10	31	9	18	8	209
13179	10	31	10	19	174	209
13180	10	32	0	6	238	205
13181	10	32	1	7	72	205
13182	10	32	2	10	96	205
13183	10	32	3	13	178	205
13184	10	32	4	0	12	206
13185	10	32	5	1	100	206
13186	10	32	6	12	6	206
13187	10	32	7	14	12	207
13188	10	32	8	15	4	208
13189	10	32	9	16	2	208
13190	10	33	0	8	108	205
13191	10	33	1	11	161	205
13192	10	33	2	2	80	206
13193	10	33	3	3	182	206
13194	10	33	4	4	250	206
13195	10	33	5	10	248	206
13196	10	33	6	13	251	206
13197	10	33	7	0	185	207
13198	10	33	8	12	3	207
13199	10	34	0	9	48	205
13200	10	34	1	5	142	206
13201	10	34	2	6	211	206
13202	10	34	3	8	245	206
13203	10	34	4	11	241	206
13204	10	34	5	1	201	207
13205	10	34	6	2	135	207
13206	10	34	7	10	1	207
13207	10	35	0	7	65	206
13208	10	35	1	9	225	206
13209	10	35	2	3	57	207
13210	10	35	3	4	256	207
13211	10	35	4	6	226	207
13212	10	35	5	8	6	207
13213	10	35	6	11	178	207
13214	10	36	0	5	254	207
13215	10	36	1	7	128	207
13216	10	36	2	9	107	207
13217	10	36	3	13	82	207
13218	10	36	4	0	234	208
13219	10	36	5	1	112	208
13220	10	37	0	2	212	208
13221	10	37	1	3	196	208
13222	10	37	2	4	116	208
13223	10	37	3	5	55	208
13224	10	37	4	6	70	208
13225	10	38	0	7	88	208
13226	10	38	1	8	10	208
13227	10	38	2	9	62	208
13228	10	38	3	10	148	208
13229	10	39	0	11	16	208
13230	10	39	1	12	15	208
13231	10	39	2	13	99	208
13232	10	40	0	14	81	208
13233	10	40	1	0	151	209
13234	10	41	0	1	60	209
13235	11	0	0	113	114	250
13236	11	0	1	114	114	252
13237	11	0	2	115	38	252
13238	11	0	3	116	19	253
13239	11	0	4	117	92	254
13240	11	0	5	118	46	254
13241	11	0	6	119	101	255
13242	11	0	7	121	240	256
13243	11	0	8	120	163	257
13244	11	0	9	122	231	258
13245	11	0	10	123	167	258
13246	11	0	11	124	167	259
13247	11	0	12	125	227	260
13248	11	0	13	126	242	261
13249	11	0	14	127	252	261
13250	11	0	15	128	126	262
13251	11	0	16	129	42	263
13252	11	0	17	130	42	264
13253	11	1	0	110	114	250
13254	11	1	1	111	19	250
13255	11	1	2	112	19	251
13256	11	1	3	113	46	251
13257	11	1	4	114	46	253
13258	11	1	5	115	101	253
13259	11	1	6	116	179	254
13260	11	1	7	117	231	255
13261	11	1	8	118	244	255
13262	11	1	9	119	167	256
13263	11	1	10	121	225	257
13264	11	1	11	120	251	258
13265	11	1	12	122	242	259
13266	11	1	13	123	126	259
13267	11	1	14	124	126	260
13268	11	1	15	125	42	261
13269	11	1	16	126	21	262
13270	11	1	17	127	7	262
13271	11	2	0	107	19	248
13272	11	2	1	108	138	249
13273	11	2	2	109	46	249
13274	11	2	3	110	46	251
13275	11	2	4	111	179	251
13276	11	2	5	112	179	252
13277	11	2	6	113	244	252
13278	11	2	7	114	244	254
13279	11	2	8	115	167	254
13280	11	2	9	116	212	255
13281	11	2	10	117	242	256
13282	11	2	11	118	121	256
13283	11	2	12	119	126	257
13284	11	2	13	121	236	258
13285	11	2	14	120	126	259
13286	11	2	15	122	21	260
13287	11	2	16	123	132	260
13288	11	3	0	104	138	247
13289	11	3	1	105	46	248
13290	11	3	2	106	23	248
13291	11	3	3	107	179	249
13292	11	3	4	108	218	250
13293	11	3	5	109	244	250
13294	11	3	6	110	244	252
13295	11	3	7	111	212	252
13296	11	3	8	112	212	253
13297	11	3	9	113	121	253
13298	11	3	10	114	121	255
13299	11	3	11	115	126	255
13300	11	3	12	116	63	256
13301	11	3	13	117	21	257
13302	11	3	14	118	139	257
13303	11	3	15	119	132	258
13304	11	3	16	121	29	259
13305	11	4	0	101	23	245
13306	11	4	1	103	73	246
13307	11	4	2	102	220	247
13308	11	4	3	104	218	248
13309	11	4	4	105	244	249
13310	11	4	5	106	122	249
13311	11	4	6	107	212	250
13312	11	4	7	108	106	251
13313	11	4	8	109	121	251
13314	11	4	9	110	121	253
13315	11	4	10	111	63	253
13316	11	4	11	112	63	254
13317	11	4	12	113	139	254
13318	11	4	13	114	139	256
13319	11	4	14	115	132	256
13320	11	4	15	116	66	257
13321	11	5	0	98	140	244
13322	11	5	1	99	218	245
13323	11	5	2	100	218	246
13324	11	5	3	101	122	246
13325	11	5	4	103	251	247
13326	11	5	5	102	185	248
13327	11	5	6	104	106	249
13328	11	5	7	105	121	250
13329	11	5	8	106	189	250
13330	11	5	9	107	63	251
13331	11	5	10	108	160	252
13332	11	5	11	109	139	252
13333	11	5	12	110	139	254
13334	11	5	13	111	66	254
13335	11	5	14	112	66	255
13336	11	5	15	113	11	255
13337	11	6	0	95	218	243
13338	11	6	1	96	109	244
13339	11	6	2	97	122	244
13340	11	6	3	98	61	245
13341	11	6	4	99	106	246
13342	11	6	5	100	106	247
13343	11	6	6	101	189	247
13344	11	6	7	103	141	248
13345	11	6	8	102	48	249
13346	11	6	9	104	160	250
13347	11	6	10	105	139	251
13348	11	6	11	106	198	251
13349	11	6	12	107	66	252
13350	11	6	13	108	33	253
13351	11	6	14	109	11	253
13352	11	7	0	92	109	242
13353	11	7	1	93	61	242
13354	11	7	2	94	61	243
13355	11	7	3	95	106	244
13356	11	7	4	96	53	245
13357	11	7	5	97	189	245
13358	11	7	6	98	223	246
13359	11	7	7	99	160	247
13360	11	7	8	100	160	248
13361	11	7	9	101	198	248
13362	11	7	10	103	59	249
13363	11	7	11	102	33	250
13364	11	7	12	104	33	251
13365	11	7	13	105	11	252
13366	11	7	14	106	134	252
13367	11	8	0	89	61	240
13368	11	8	1	91	95	241
13369	11	8	2	90	85	242
13370	11	8	3	92	53	243
13371	11	8	4	93	223	243
13372	11	8	5	94	223	244
13373	11	8	6	95	160	245
13374	11	8	7	96	80	246
13375	11	8	8	97	198	246
13376	11	8	9	98	99	247
13377	11	8	10	99	33	248
13378	11	8	11	100	33	249
13379	11	8	12	101	134	249
13380	11	8	13	103	93	250
13381	11	9	0	86	159	239
13382	11	9	1	87	53	240
13383	11	9	2	88	155	240
13384	11	9	3	89	223	241
13385	11	9	4	91	216	242
13386	11	9	5	90	222	243
13387	11	9	6	92	80	244
13388	11	9	7	93	99	244
13389	11	9	8	94	99	245
13390	11	9	9	95	33	246
13391	11	9	10	96	145	247
13392	11	9	11	97	134	247
13393	11	9	12	98	67	248
13394	11	9	13	99	108	249
13395	11	10	0	83	155	237
13396	11	10	1	84	155	239
13397	11	10	2	85	223	239
13398	11	10	3	86	240	240
13399	11	10	4	87	80	241
13400	11	10	5	88	40	241
13401	11	10	6	89	99	242
13402	11	10	7	91	237	243
13403	11	10	8	90	11	244
13404	11	10	9	92	145	245
13405	11	10	10	93	67	245
13406	11	10	11	94	67	246
13407	11	10	12	95	108	247
13408	11	11	0	80	155	237
13409	11	11	1	81	240	237
13410	11	11	2	82	240	238
13411	11	11	3	83	40	238
13412	11	11	4	84	40	240
13413	11	11	5	85	99	240
13414	11	11	6	86	178	241
13415	11	11	7	87	145	242
13416	11	11	8	88	201	242
13417	11	11	9	89	67	243
13418	11	11	10	91	13	244
13419	11	11	11	90	38	245
13420	11	11	12	92	54	246
13421	11	12	0	77	240	235
13422	11	12	1	78	120	236
13423	11	12	2	79	40	236
13424	11	12	3	80	40	238
13425	11	12	4	81	178	238
13426	11	12	5	82	178	239
13427	11	12	6	83	201	239
13428	11	12	7	84	201	241
13429	11	12	8	85	67	241
13430	11	12	9	86	162	242
13431	11	12	10	87	54	243
13432	11	12	11	88	27	243
13433	11	13	0	74	120	234
13434	11	13	1	75	40	235
13435	11	13	2	76	20	235
13436	11	13	3	77	178	236
13437	11	13	4	78	89	237
13438	11	13	5	79	201	237
13439	11	13	6	80	201	239
13440	11	13	7	81	162	239
13441	11	13	8	82	162	240
13442	11	13	9	83	27	240
13443	11	13	10	84	27	242
13444	11	13	11	85	9	242
13445	11	14	0	71	20	232
13446	11	14	1	73	78	233
13447	11	14	2	72	221	234
13448	11	14	3	74	89	235
13449	11	14	4	75	201	236
13450	11	14	5	76	229	236
13451	11	14	6	77	162	237
13452	11	14	7	78	81	238
13453	11	14	8	79	27	238
13454	11	14	9	80	27	240
13455	11	14	10	81	133	240
13456	11	15	0	68	10	231
13457	11	15	1	69	89	232
13458	11	15	2	70	89	233
13459	11	15	3	71	229	233
13460	11	15	4	73	151	234
13461	11	15	5	72	255	235
13462	11	15	6	74	81	236
13463	11	15	7	75	27	237
13464	11	15	8	76	142	237
13465	11	15	9	77	133	238
13466	11	15	10	78	195	239
13467	11	16	0	65	89	230
13468	11	16	1	66	173	231
13469	11	16	2	67	229	231
13470	11	16	3	68	243	232
13471	11	16	4	69	81	233
13472	11	16	5	70	81	234
13473	11	16	6	71	142	234
13474	11	16	7	72	142	236
13475	11	16	8	73	195	235
13476	11	16	9	74	195	237
13477	11	17	0	62	173	229
13478	11	17	1	63	243	229
13479	11	17	2	64	243	230
13480	11	17	3	65	81	231
13481	11	17	4	66	169	232
13482	11	17	5	67	142	232
13483	11	17	6	68	71	233
13484	11	17	7	69	195	234
13485	11	17	8	70	195	235
13486	11	17	9	71	161	235
13487	11	18	0	59	243	227
13488	11	18	1	61	211	228
13489	11	18	2	60	105	229
13490	11	18	3	62	169	230
13491	11	18	4	63	71	230
13492	11	18	5	64	71	231
13493	11	18	6	65	195	232
13494	11	18	7	66	226	233
13495	11	18	8	67	161	233
13496	11	19	0	56	250	226
13497	11	19	1	57	169	227
13498	11	19	2	58	213	227
13499	11	19	3	59	71	228
13500	11	19	4	61	93	229
13501	11	19	5	60	195	230
13502	11	19	6	62	226	231
13503	11	19	7	63	209	231
13504	11	19	8	64	209	232
13505	11	20	0	53	213	224
13506	11	20	1	54	213	226
13507	11	20	2	55	71	226
13508	11	20	3	56	164	227
13509	11	20	4	57	226	228
13510	11	20	5	58	113	228
13511	11	20	6	59	209	229
13512	11	20	7	61	169	230
13513	11	21	0	50	213	224
13514	11	21	1	51	164	224
13515	11	21	2	52	164	225
13516	11	21	3	53	113	225
13517	11	21	4	54	113	227
13518	11	21	5	55	209	227
13519	11	21	6	56	233	228
13520	11	21	7	57	249	229
13521	11	22	0	47	164	222
13522	11	22	1	48	82	223
13523	11	22	2	49	113	223
13524	11	22	3	50	113	225
13525	11	22	4	51	233	225
13526	11	22	5	52	233	226
13527	11	22	6	53	253	226
13528	11	23	0	44	82	221
13529	11	23	1	45	113	222
13530	11	23	2	46	185	222
13531	11	23	3	47	233	223
13532	11	23	4	48	245	224
13533	11	23	5	49	253	224
13534	11	23	6	50	253	226
13535	11	24	0	41	185	219
13536	11	24	1	43	96	220
13537	11	24	2	42	248	221
13538	11	24	3	44	245	222
13539	11	24	4	45	253	223
13540	11	24	5	46	255	223
13541	11	25	0	38	221	218
13542	11	25	1	39	245	219
13543	11	25	2	40	245	220
13544	11	25	3	41	255	220
13545	11	25	4	43	255	221
13546	11	25	5	42	86	222
13547	11	26	0	35	245	217
13548	11	26	1	36	251	218
13549	11	26	2	37	255	218
13550	11	26	3	38	256	219
13551	11	26	4	39	171	220
13552	11	27	0	32	251	216
13553	11	27	1	33	256	216
13554	11	27	2	34	256	217
13555	11	27	3	35	171	218
13556	11	27	4	36	214	219
13557	11	28	0	29	256	214
13558	11	28	1	31	128	215
13559	11	28	2	30	86	216
13560	11	28	3	32	214	217
13561	11	29	0	26	128	213
13562	11	29	1	27	214	214
13563	11	29	2	28	107	214
13564	11	29	3	29	207	215
13565	11	30	0	23	107	211
13566	11	30	1	24	107	213
13567	11	30	2	25	207	213
13568	11	31	0	20	107	211
13569	11	31	1	21	232	211
13570	11	31	2	22	232	212
13571	11	32	0	17	232	209
13572	11	32	1	18	116	210
13573	11	33	0	2	110	209
13574	11	33	1	15	210	209
13575	11	34	0	3	146	209
13576	11	35	0	4	189	209
13577	12	0	0	5	192	209
13578	12	0	1	6	185	209
13579	12	0	2	7	188	209
13580	12	0	3	8	95	209
13581	12	0	4	9	22	209
13582	12	0	5	10	179	209
13583	12	0	6	11	188	209
13584	12	0	7	12	214	209
13585	12	0	8	13	70	209
13586	12	0	9	14	88	209
13587	12	0	10	16	236	209
13588	12	0	11	0	31	210
13589	12	0	12	1	40	210
13590	12	0	13	2	148	210
13591	12	0	14	3	100	210
13592	12	0	15	4	223	210
13593	12	0	16	15	28	210
13594	12	0	17	17	83	210
13595	12	0	18	19	35	210
13596	12	0	19	18	256	211
13597	12	0	20	20	57	212
13598	12	0	21	21	69	212
13599	12	0	22	23	35	212
13600	12	0	23	22	94	213
13601	12	0	24	24	35	214
13602	12	0	25	25	165	214
13603	12	0	26	26	55	214
13604	12	1	0	5	192	210
13605	12	1	1	6	185	210
13606	12	1	2	7	188	210
13607	12	1	3	8	95	210
13608	12	1	4	9	22	210
13609	12	1	5	10	179	210
13610	12	1	6	11	188	210
13611	12	1	7	12	214	210
13612	12	1	8	13	70	210
13613	12	1	9	14	88	210
13614	12	1	10	16	236	210
13615	12	1	11	0	31	211
13616	12	1	12	1	40	211
13617	12	1	13	2	148	211
13618	12	1	14	3	100	211
13619	12	1	15	4	223	211
13620	12	1	16	15	28	211
13621	12	1	17	17	83	211
13622	12	1	18	19	35	211
13623	12	1	19	18	256	212
13624	12	1	20	20	57	213
13625	12	1	21	21	69	213
13626	12	1	22	23	35	213
13627	12	1	23	22	94	214
13628	12	1	24	24	35	215
13629	12	1	25	25	165	215
13630	12	2	0	5	192	211
13631	12	2	1	6	185	211
13632	12	2	2	7	188	211
13633	12	2	3	8	95	211
13634	12	2	4	9	22	211
13635	12	2	5	10	179	211
13636	12	2	6	11	188	211
13637	12	2	7	12	214	211
13638	12	2	8	13	70	211
13639	12	2	9	14	88	211
13640	12	2	10	16	236	211
13641	12	2	11	0	31	212
13642	12	2	12	1	40	212
13643	12	2	13	2	148	212
13644	12	2	14	3	100	212
13645	12	2	15	4	223	212
13646	12	2	16	15	28	212
13647	12	2	17	17	83	212
13648	12	2	18	19	35	212
13649	12	2	19	18	256	213
13650	12	2	20	20	57	214
13651	12	2	21	21	69	214
13652	12	2	22	23	35	214
13653	12	2	23	22	94	215
13654	12	2	24	26	22	215
13655	12	3	0	5	192	212
13656	12	3	1	6	185	212
13657	12	3	2	7	188	212
13658	12	3	3	8	95	212
13659	12	3	4	9	22	212
13660	12	3	5	10	179	212
13661	12	3	6	11	188	212
13662	12	3	7	12	214	212
13663	12	3	8	13	70	212
13664	12	3	9	14	88	212
13665	12	3	10	16	236	212
13666	12	3	11	0	31	213
13667	12	3	12	1	40	213
13668	12	3	13	2	148	213
13669	12	3	14	3	100	213
13670	12	3	15	4	223	213
13671	12	3	16	15	28	213
13672	12	3	17	17	83	213
13673	12	3	18	19	35	213
13674	12	3	19	18	256	214
13675	12	3	20	20	57	215
13676	12	3	21	21	69	215
13677	12	3	22	23	35	215
13678	12	3	23	27	236	215
13679	12	4	0	5	192	213
13680	12	4	1	6	185	213
13681	12	4	2	7	188	213
13682	12	4	3	8	95	213
13683	12	4	4	9	22	213
13684	12	4	5	10	179	213
13685	12	4	6	11	188	213
13686	12	4	7	12	214	213
13687	12	4	8	13	70	213
13688	12	4	9	14	88	213
13689	12	4	10	16	236	213
13690	12	4	11	0	31	214
13691	12	4	12	1	40	214
13692	12	4	13	2	148	214
13693	12	4	14	3	100	214
13694	12	4	15	4	223	214
13695	12	4	16	15	28	214
13696	12	4	17	17	83	214
13697	12	4	18	19	35	214
13698	12	4	19	18	256	215
13699	12	4	20	28	91	215
13700	12	4	21	20	69	216
13701	12	4	22	21	178	216
13702	12	5	0	5	192	214
13703	12	5	1	6	185	214
13704	12	5	2	7	188	214
13705	12	5	3	8	95	214
13706	12	5	4	9	22	214
13707	12	5	5	10	179	214
13708	12	5	6	11	188	214
13709	12	5	7	12	214	214
13710	12	5	8	13	70	214
13711	12	5	9	14	88	214
13712	12	5	10	16	236	214
13713	12	5	11	0	31	215
13714	12	5	12	1	40	215
13715	12	5	13	2	148	215
13716	12	5	14	3	100	215
13717	12	5	15	4	223	215
13718	12	5	16	15	28	215
13719	12	5	17	17	83	215
13720	12	5	18	19	35	215
13721	12	5	19	18	256	216
13722	12	5	20	22	214	216
13723	12	5	21	23	131	216
13724	12	6	0	5	192	215
13725	12	6	1	6	185	215
13726	12	6	2	7	188	215
13727	12	6	3	8	95	215
13728	12	6	4	9	22	215
13729	12	6	5	10	179	215
13730	12	6	6	11	188	215
13731	12	6	7	12	214	215
13732	12	6	8	13	70	215
13733	12	6	9	14	88	215
13734	12	6	10	16	236	215
13735	12	6	11	0	31	216
13736	12	6	12	1	40	216
13737	12	6	13	2	148	216
13738	12	6	14	3	100	216
13739	12	6	15	4	223	216
13740	12	6	16	15	28	216
13741	12	6	17	17	83	216
13742	12	6	18	19	35	216
13743	12	6	19	24	62	216
13744	12	6	20	25	209	216
13745	12	7	0	5	192	216
13746	12	7	1	6	185	216
13747	12	7	2	7	188	216
13748	12	7	3	8	95	216
13749	12	7	4	9	22	216
13750	12	7	5	10	179	216
13751	12	7	6	11	188	216
13752	12	7	7	12	214	216
13753	12	7	8	13	70	216
13754	12	7	9	14	88	216
13755	12	7	10	16	236	216
13756	12	7	11	26	163	216
13757	12	7	12	27	64	216
13758	12	7	13	28	234	216
13759	12	7	14	29	41	216
13760	12	7	15	31	110	216
13761	12	7	16	0	61	217
13762	12	7	17	1	22	217
13763	12	7	18	2	97	217
13764	12	7	19	3	45	217
13765	12	8	0	4	60	217
13766	12	8	1	5	196	217
13767	12	8	2	6	230	217
13768	12	8	3	7	87	217
13769	12	8	4	8	81	217
13770	12	8	5	9	78	217
13771	12	8	6	10	114	217
13772	12	8	7	11	157	217
13773	12	8	8	12	92	217
13774	12	8	9	13	199	217
13775	12	8	10	14	89	217
13776	12	8	11	15	101	217
13777	12	8	12	16	13	217
13778	12	8	13	17	13	217
13779	12	8	14	18	80	217
13780	12	8	15	19	182	217
13781	12	8	16	20	99	217
13782	12	8	17	21	7	217
13783	12	8	18	22	230	217
13784	12	9	0	23	175	217
13785	12	9	1	24	85	217
13786	12	9	2	25	95	217
13787	12	9	3	26	80	217
13788	12	9	4	27	23	217
13789	12	9	5	28	211	217
13790	12	9	6	29	248	217
13791	12	9	7	30	27	217
13792	12	9	8	31	36	217
13793	12	9	9	33	236	217
13794	12	9	10	0	65	218
13795	12	9	11	1	130	218
13796	12	9	12	2	117	218
13797	12	9	13	3	103	218
13798	12	9	14	4	48	218
13799	12	9	15	5	184	218
13800	12	9	16	6	148	218
13801	12	9	17	7	243	218
13802	12	10	0	8	10	218
13803	12	10	1	9	159	218
13804	12	10	2	10	173	218
13805	12	10	3	11	87	218
13806	12	10	4	12	248	218
13807	12	10	5	13	43	218
13808	12	10	6	14	95	218
13809	12	10	7	15	218	218
13810	12	10	8	16	76	218
13811	12	10	9	17	127	218
13812	12	10	10	18	77	218
13813	12	10	11	19	27	218
13814	12	10	12	20	170	218
13815	12	10	13	21	252	218
13816	12	10	14	22	67	218
13817	12	10	15	23	188	218
13818	12	10	16	24	63	218
13819	12	11	0	25	105	218
13820	12	11	1	26	57	218
13821	12	11	2	27	58	218
13822	12	11	3	28	150	218
13823	12	11	4	29	101	218
13824	12	11	5	30	134	218
13825	12	11	6	31	209	218
13826	12	11	7	32	155	218
13827	12	11	8	33	227	218
13828	12	11	9	34	193	218
13829	12	11	10	0	216	219
13830	12	11	11	1	196	219
13831	12	11	12	2	31	219
13832	12	11	13	3	185	219
13833	12	11	14	4	63	219
13834	12	11	15	5	175	219
13835	12	12	0	6	171	219
13836	12	12	1	7	111	219
13837	12	12	2	8	69	219
13838	12	12	3	9	93	219
13839	12	12	4	10	138	219
13840	12	12	5	11	54	219
13841	12	12	6	12	22	219
13842	12	12	7	13	179	219
13843	12	12	8	14	193	219
13844	12	12	9	15	192	219
13845	12	12	10	16	177	219
13846	12	12	11	17	248	219
13847	12	12	12	18	71	219
13848	12	12	13	19	234	219
13849	12	12	14	20	136	219
13850	12	13	0	21	251	219
13851	12	13	1	22	135	219
13852	12	13	2	23	70	219
13853	12	13	3	24	44	219
13854	12	13	4	25	77	219
13855	12	13	5	26	248	219
13856	12	13	6	27	221	219
13857	12	13	7	28	2	219
13858	12	13	8	29	72	219
13859	12	13	9	30	107	219
13860	12	13	10	31	114	219
13861	12	13	11	32	94	219
13862	12	13	12	33	167	219
13863	12	13	13	34	22	219
13864	12	14	0	35	185	219
13865	12	14	1	37	140	219
13866	12	14	2	0	65	220
13867	12	14	3	1	65	220
13868	12	14	4	2	157	220
13869	12	14	5	3	75	220
13870	12	14	6	4	62	220
13871	12	14	7	5	67	220
13872	12	14	8	6	166	220
13873	12	14	9	7	73	220
13874	12	14	10	8	12	220
13875	12	14	11	9	95	220
13876	12	14	12	10	184	220
13877	12	15	0	11	126	220
13878	12	15	1	12	151	220
13879	12	15	2	13	138	220
13880	12	15	3	14	87	220
13881	12	15	4	15	205	220
13882	12	15	5	16	41	220
13883	12	15	6	17	252	220
13884	12	15	7	18	94	220
13885	12	15	8	19	62	220
13886	12	15	9	20	233	220
13887	12	15	10	21	225	220
13888	12	15	11	22	71	220
13889	12	16	0	0	55	221
13890	12	16	1	23	191	220
13891	12	16	2	24	213	220
13892	12	16	3	25	15	220
13893	12	16	4	26	107	220
13894	12	16	5	27	133	220
13895	12	16	6	28	240	220
13896	12	16	7	29	56	220
13897	12	16	8	30	70	220
13898	12	16	9	31	34	220
13899	12	16	10	32	138	220
13900	12	17	0	0	55	222
13901	12	17	1	33	118	220
13902	12	17	2	34	89	220
13903	12	17	3	35	195	220
13904	12	17	4	36	114	220
13905	12	17	5	37	7	220
13906	12	17	6	38	220	220
13907	12	17	7	1	174	221
13908	12	17	8	2	89	221
13909	12	17	9	3	113	221
13910	12	18	0	0	55	223
13911	12	18	1	4	17	221
13912	12	18	2	5	209	221
13913	12	18	3	6	190	221
13914	12	18	4	7	86	221
13915	12	18	5	8	129	221
13916	12	18	6	9	193	221
13917	12	18	7	10	63	221
13918	12	18	8	11	96	221
13919	12	19	0	0	55	224
13920	12	19	1	1	13	222
13921	12	19	2	12	133	221
13922	12	19	3	13	8	221
13923	12	19	4	14	115	221
13924	12	19	5	15	6	221
13925	12	19	6	16	24	221
13926	12	19	7	17	130	221
13927	12	20	0	0	55	225
13928	12	20	1	1	13	223
13929	12	20	2	18	177	221
13930	12	20	3	19	98	221
13931	12	20	4	20	188	221
13932	12	20	5	21	132	221
13933	12	20	6	22	233	221
13934	12	21	0	0	55	226
13935	12	21	1	1	13	224
13936	12	21	2	2	204	222
13937	12	21	3	23	140	221
13938	12	21	4	24	223	221
13939	12	21	5	25	90	221
13940	12	22	0	0	55	227
13941	12	22	1	1	13	225
13942	12	22	2	2	204	223
13943	12	22	3	26	51	221
13944	12	22	4	27	177	221
13945	12	23	0	0	55	228
13946	12	23	1	1	13	226
13947	12	23	2	2	204	224
13948	12	23	3	3	137	222
13949	12	24	0	0	55	229
13950	12	24	1	1	13	227
13951	12	24	2	2	204	225
13952	12	25	0	0	55	230
13953	12	25	1	1	13	228
13954	12	26	0	0	55	231
13955	13	0	0	28	168	221
13956	13	0	1	29	67	221
13957	13	0	2	30	110	221
13958	13	0	3	31	53	221
13959	13	0	4	32	200	221
13960	13	0	5	33	104	221
13961	13	0	6	34	115	221
13962	13	0	7	35	57	221
13963	13	0	8	36	227	221
13964	13	0	9	37	228	221
13965	13	0	10	38	96	221
13966	13	0	11	39	29	221
13967	13	0	12	40	27	221
13968	13	0	13	41	2	221
13969	13	0	14	4	157	222
13970	13	0	15	43	148	222
13971	13	0	16	42	123	223
13972	13	0	17	44	150	223
13973	13	0	18	45	166	224
13974	13	0	19	46	199	224
13975	13	0	20	47	114	224
13976	13	0	21	48	38	225
13977	13	0	22	49	69	225
13978	13	0	23	51	168	226
13979	13	0	24	50	164	227
13980	13	0	25	52	35	227
13981	13	0	26	53	110	227
13982	13	0	27	54	110	228
13983	13	0	28	55	78	228
13984	13	0	29	56	26	229
13985	13	1	0	5	85	222
13986	13	1	1	6	243	222
13987	13	1	2	7	38	222
13988	13	1	3	8	22	222
13989	13	1	4	9	146	222
13990	13	1	5	10	143	222
13991	13	1	6	11	163	222
13992	13	1	7	12	126	222
13993	13	1	8	13	135	222
13994	13	1	9	14	31	222
13995	13	1	10	15	160	222
13996	13	1	11	16	133	222
13997	13	1	12	17	219	222
13998	13	1	13	39	8	222
13999	13	1	14	40	4	222
14000	13	1	15	41	86	222
14001	13	1	16	43	89	223
14002	13	1	17	42	126	224
14003	13	1	18	44	25	224
14004	13	1	19	45	199	225
14005	13	1	20	46	76	225
14006	13	1	21	47	19	225
14007	13	1	22	48	92	226
14008	13	1	23	49	140	226
14009	13	1	24	51	98	227
14010	13	1	25	50	69	228
14011	13	1	26	52	220	228
14012	13	1	27	53	104	228
14013	13	1	28	54	104	229
14014	13	2	0	18	127	222
14015	13	2	1	19	16	222
14016	13	2	2	20	100	222
14017	13	2	3	21	229	222
14018	13	2	4	22	123	222
14019	13	2	5	23	2	222
14020	13	2	6	24	119	222
14021	13	2	7	25	48	222
14022	13	2	8	26	71	222
14023	13	2	9	27	124	222
14024	13	2	10	28	114	222
14025	13	2	11	29	59	222
14026	13	2	12	36	188	222
14027	13	2	13	38	91	222
14028	13	2	14	39	87	223
14029	13	2	15	40	172	223
14030	13	2	16	41	100	223
14031	13	2	17	43	254	224
14032	13	2	18	42	196	225
14033	13	2	19	44	47	225
14034	13	2	20	45	76	226
14035	13	2	21	46	184	226
14036	13	2	22	47	46	226
14037	13	2	23	48	101	227
14038	13	2	24	49	109	227
14039	13	2	25	51	28	228
14040	13	2	26	50	253	229
14041	13	2	27	52	208	229
14042	13	3	0	30	67	222
14043	13	3	1	31	249	222
14044	13	3	2	32	73	222
14045	13	3	3	33	99	222
14046	13	3	4	34	193	222
14047	13	3	5	35	55	222
14048	13	3	6	37	114	222
14049	13	3	7	3	164	223
14050	13	3	8	4	53	223
14051	13	3	9	5	227	223
14052	13	3	10	6	94	223
14053	13	3	11	7	245	223
14054	13	3	12	8	60	223
14055	13	3	13	36	131	223
14056	13	3	14	38	58	223
14057	13	3	15	39	143	224
14058	13	3	16	40	200	224
14059	13	3	17	41	188	224
14060	13	3	18	43	175	225
14061	13	3	19	42	89	226
14062	13	3	20	44	222	226
14063	13	3	21	45	184	227
14064	13	3	22	46	202	227
14065	13	3	23	47	179	227
14066	13	3	24	48	231	228
14067	13	3	25	49	61	228
14068	13	3	26	51	78	229
14069	13	4	0	9	198	223
14070	13	4	1	10	37	223
14071	13	4	2	11	248	223
14072	13	4	3	12	133	223
14073	13	4	4	13	165	223
14074	13	4	5	14	87	223
14075	13	4	6	15	144	223
14076	13	4	7	16	60	223
14077	13	4	8	17	87	223
14078	13	4	9	18	202	223
14079	13	4	10	19	210	223
14080	13	4	11	20	102	223
14081	13	4	12	35	182	223
14082	13	4	13	37	115	223
14083	13	4	14	36	51	224
14084	13	4	15	38	181	224
14085	13	4	16	39	238	225
14086	13	4	17	40	119	225
14087	13	4	18	41	117	225
14088	13	4	19	43	37	226
14089	13	4	20	42	140	227
14090	13	4	21	44	37	227
14091	13	4	22	45	202	228
14092	13	4	23	46	205	228
14093	13	4	24	47	244	228
14094	13	4	25	48	167	229
14095	13	5	0	21	20	223
14096	13	5	1	22	226	223
14097	13	5	2	23	236	223
14098	13	5	3	24	209	223
14099	13	5	4	25	216	223
14100	13	5	5	26	128	223
14101	13	5	6	27	13	223
14102	13	5	7	28	132	223
14103	13	5	8	29	44	223
14104	13	5	9	30	219	223
14105	13	5	10	31	60	223
14106	13	5	11	32	172	223
14107	13	5	12	34	207	223
14108	13	5	13	35	116	224
14109	13	5	14	37	91	224
14110	13	5	15	36	147	225
14111	13	5	16	38	73	225
14112	13	5	17	39	211	226
14113	13	5	18	40	234	226
14114	13	5	19	41	148	226
14115	13	5	20	43	86	227
14116	13	5	21	42	89	228
14117	13	5	22	44	49	228
14118	13	5	23	45	205	229
14119	13	5	24	46	77	229
14120	13	6	0	33	223	223
14121	13	6	1	3	224	224
14122	13	6	2	4	161	224
14123	13	6	3	5	182	224
14124	13	6	4	6	107	224
14125	13	6	5	7	110	224
14126	13	6	6	8	202	224
14127	13	6	7	9	202	224
14128	13	6	8	10	176	224
14129	13	6	9	11	56	224
14130	13	6	10	12	32	224
14131	13	6	11	13	119	224
14132	13	6	12	32	102	224
14133	13	6	13	34	163	224
14134	13	6	14	35	105	225
14135	13	6	15	37	20	225
14136	13	6	16	36	161	226
14137	13	6	17	38	55	226
14138	13	6	18	39	78	227
14139	13	6	19	40	39	227
14140	13	6	20	41	196	227
14141	13	6	21	43	149	228
14142	13	6	22	42	64	229
14143	13	6	23	44	51	229
14144	13	7	0	14	189	224
14145	13	7	1	15	194	224
14146	13	7	2	16	163	224
14147	13	7	3	17	232	224
14148	13	7	4	18	26	224
14149	13	7	5	19	46	224
14150	13	7	6	20	47	224
14151	13	7	7	21	224	224
14152	13	7	8	22	228	224
14153	13	7	9	23	247	224
14154	13	7	10	24	113	224
14155	13	7	11	30	93	224
14156	13	7	12	33	21	224
14157	13	7	13	32	108	225
14158	13	7	14	34	70	225
14159	13	7	15	35	146	226
14160	13	7	16	37	254	226
14161	13	7	17	36	132	227
14162	13	7	18	38	52	227
14163	13	7	19	39	13	228
14164	13	7	20	40	135	228
14165	13	7	21	41	204	228
14166	13	7	22	43	33	229
14167	13	8	0	25	219	224
14168	13	8	1	26	163	224
14169	13	8	2	27	153	224
14170	13	8	3	28	2	224
14171	13	8	4	29	108	224
14172	13	8	5	31	128	224
14173	13	8	6	3	140	225
14174	13	8	7	4	156	225
14175	13	8	8	5	145	225
14176	13	8	9	6	34	225
14177	13	8	10	7	149	225
14178	13	8	11	8	252	225
14179	13	8	12	30	22	225
14180	13	8	13	33	15	225
14181	13	8	14	32	107	226
14182	13	8	15	34	183	226
14183	13	8	16	35	110	227
14184	13	8	17	37	27	227
14185	13	8	18	36	209	228
14186	13	8	19	38	180	228
14187	13	8	20	39	45	229
14188	13	8	21	40	151	229
14189	13	9	0	9	151	225
14190	13	9	1	10	165	225
14191	13	9	2	11	138	225
14192	13	9	3	12	141	225
14193	13	9	4	13	66	225
14194	13	9	5	14	46	225
14195	13	9	6	15	230	225
14196	13	9	7	16	30	225
14197	13	9	8	17	225	225
14198	13	9	9	18	10	225
14199	13	9	10	19	240	225
14200	13	9	11	29	92	225
14201	13	9	12	31	67	225
14202	13	9	13	30	230	226
14203	13	9	14	33	240	226
14204	13	9	15	32	238	227
14205	13	9	16	34	159	227
14206	13	9	17	35	104	228
14207	13	9	18	37	159	228
14208	13	9	19	36	121	229
14209	13	9	20	38	30	229
14210	13	10	0	20	105	225
14211	13	10	1	21	242	225
14212	13	10	2	22	99	225
14213	13	10	3	23	181	225
14214	13	10	4	24	38	225
14215	13	10	5	25	218	225
14216	13	10	6	26	209	225
14217	13	10	7	27	245	225
14218	13	10	8	28	66	225
14219	13	10	9	2	143	226
14220	13	10	10	3	28	226
14221	13	10	11	4	166	226
14222	13	10	12	29	101	226
14223	13	10	13	31	15	226
14224	13	10	14	30	138	227
14225	13	10	15	33	101	227
14226	13	10	16	32	137	228
14227	13	10	17	34	155	228
14228	13	10	18	35	103	229
14229	13	10	19	37	245	229
14230	13	11	0	5	100	226
14231	13	11	1	6	83	226
14232	13	11	2	7	253	226
14233	13	11	3	8	243	226
14234	13	11	4	9	27	226
14235	13	11	5	10	155	226
14236	13	11	6	11	145	226
14237	13	11	7	12	226	226
14238	13	11	8	13	87	226
14239	13	11	9	14	29	226
14240	13	11	10	15	172	226
14241	13	11	11	27	147	226
14242	13	11	12	28	153	226
14243	13	11	13	29	231	227
14244	13	11	14	31	253	227
14245	13	11	15	30	82	228
14246	13	11	16	33	27	228
14247	13	11	17	32	143	229
14248	13	11	18	34	240	229
14249	13	12	0	16	136	226
14250	13	12	1	17	190	226
14251	13	12	2	18	140	226
14252	13	12	3	19	225	226
14253	13	12	4	20	229	226
14254	13	12	5	21	143	226
14255	13	12	6	22	247	226
14256	13	12	7	23	44	226
14257	13	12	8	24	112	226
14258	13	12	9	25	52	226
14259	13	12	10	26	175	226
14260	13	12	11	2	239	227
14261	13	12	12	27	153	227
14262	13	12	13	28	154	227
14263	13	12	14	29	167	228
14264	13	12	15	31	191	228
14265	13	12	16	30	46	229
14266	13	12	17	33	99	229
14267	13	13	0	3	86	227
14268	13	13	1	4	104	227
14269	13	13	2	5	190	227
14270	13	13	3	6	124	227
14271	13	13	4	7	131	227
14272	13	13	5	8	197	227
14273	13	13	6	9	171	227
14274	13	13	7	10	122	227
14275	13	13	8	11	96	227
14276	13	13	9	12	205	227
14277	13	13	10	24	135	227
14278	13	13	11	25	49	227
14279	13	13	12	26	102	227
14280	13	13	13	27	154	228
14281	13	13	14	28	197	228
14282	13	13	15	29	242	229
14283	13	13	16	31	178	229
14284	13	14	0	13	44	227
14285	13	14	1	14	221	227
14286	13	14	2	15	48	227
14287	13	14	3	16	139	227
14288	13	14	4	17	195	227
14289	13	14	5	18	29	227
14290	13	14	6	19	191	227
14291	13	14	7	20	79	227
14292	13	14	8	21	85	227
14293	13	14	9	22	67	227
14294	13	14	10	23	88	227
14295	13	14	11	24	151	228
14296	13	14	12	25	51	228
14297	13	14	13	26	17	228
14298	13	14	14	27	197	229
14299	13	14	15	28	247	229
14300	13	15	0	2	221	228
14301	13	15	1	3	53	228
14302	13	15	2	4	233	228
14303	13	15	3	5	199	228
14304	13	15	4	6	148	228
14305	13	15	5	7	215	228
14306	13	15	6	8	68	228
14307	13	15	7	9	192	228
14308	13	15	8	10	34	228
14309	13	15	9	11	228	228
14310	13	15	10	12	126	228
14311	13	15	11	22	7	228
14312	13	15	12	24	68	229
14313	13	15	13	25	137	229
14314	13	15	14	26	217	229
14315	13	16	0	13	227	228
14316	13	16	1	14	223	228
14317	13	16	2	15	211	228
14318	13	16	3	16	178	228
14319	13	16	4	17	196	228
14320	13	16	5	18	79	228
14321	13	16	6	19	100	228
14322	13	16	7	20	29	228
14323	13	16	8	21	227	228
14324	13	16	9	23	162	228
14325	13	16	10	1	248	229
14326	13	16	11	2	97	229
14327	13	16	12	22	146	229
14328	13	16	13	41	174	229
14329	13	17	0	3	72	229
14330	13	17	1	4	125	229
14331	13	17	2	5	198	229
14332	13	17	3	6	100	229
14333	13	17	4	7	223	229
14334	13	17	5	8	229	229
14335	13	17	6	9	230	229
14336	13	17	7	10	207	229
14337	13	17	8	11	211	229
14338	13	17	9	12	35	229
14339	13	17	10	20	30	229
14340	13	17	11	21	131	229
14341	13	17	12	23	35	229
14342	13	18	0	13	92	229
14343	13	18	1	14	146	229
14344	13	18	2	15	164	229
14345	13	18	3	16	84	229
14346	13	18	4	17	33	229
14347	13	18	5	18	254	229
14348	13	18	6	19	68	229
14349	13	18	7	47	67	229
14350	13	18	8	49	233	229
14351	13	18	9	53	53	229
14352	13	18	10	55	191	229
14353	13	18	11	58	142	229
14354	13	19	0	1	222	230
14355	13	19	1	2	256	230
14356	13	19	2	3	8	230
14357	13	19	3	4	231	230
14358	13	19	4	5	65	230
14359	13	19	5	6	52	230
14360	13	19	6	7	145	230
14361	13	19	7	8	126	230
14362	13	19	8	9	62	230
14363	13	19	9	10	90	230
14364	13	19	10	11	39	230
14365	13	20	0	12	172	230
14366	13	20	1	13	76	230
14367	13	20	2	14	82	230
14368	13	20	3	15	31	230
14369	13	20	4	16	246	230
14370	13	20	5	17	57	230
14371	13	20	6	18	176	230
14372	13	20	7	19	224	230
14373	13	20	8	20	9	230
14374	13	20	9	21	199	230
14375	13	21	0	22	146	230
14376	13	21	1	23	176	230
14377	13	21	2	24	253	230
14378	13	21	3	25	123	230
14379	13	21	4	26	205	230
14380	13	21	5	27	201	230
14381	13	21	6	28	150	230
14382	13	21	7	29	46	230
14383	13	21	8	30	41	230
14384	13	22	0	31	163	230
14385	13	22	1	32	19	230
14386	13	22	2	33	4	230
14387	13	22	3	34	38	230
14388	13	22	4	35	151	230
14389	13	22	5	36	238	230
14390	13	22	6	37	141	230
14391	13	22	7	38	250	230
14392	13	23	0	39	30	230
14393	13	23	1	40	181	230
14394	13	23	2	41	58	230
14395	13	23	3	42	36	230
14396	13	23	4	43	124	230
14397	13	23	5	44	66	230
14398	13	23	6	45	219	230
14399	13	24	0	46	231	230
14400	13	24	1	47	15	230
14401	13	24	2	48	223	230
14402	13	24	3	49	141	230
14403	13	24	4	50	211	230
14404	13	24	5	51	226	230
14405	13	25	0	52	169	230
14406	13	25	1	53	24	230
14407	13	25	2	54	253	230
14408	13	25	3	55	80	230
14409	13	25	4	56	7	230
14410	13	26	0	57	177	230
14411	13	26	1	58	209	230
14412	13	26	2	59	98	230
14413	13	26	3	1	228	231
14414	13	27	0	2	47	231
14415	13	27	1	3	167	231
14416	13	27	2	4	26	231
14417	13	28	0	5	78	231
14418	13	28	1	6	117	231
14419	13	29	0	7	47	231
14420	14	0	0	8	205	231
14421	14	0	1	9	227	231
14422	14	0	2	10	206	231
14423	14	0	3	60	3	231
14424	14	0	4	61	213	231
14425	14	0	5	62	196	232
14426	14	0	6	63	102	232
14427	14	0	7	64	51	233
14428	14	0	8	65	77	233
14429	14	0	9	66	197	234
14430	14	0	10	67	121	234
14431	14	0	11	68	126	234
14432	14	0	12	69	160	235
14433	14	0	13	70	80	236
14434	14	0	14	71	178	236
14435	14	0	15	73	103	236
14436	14	0	16	72	124	237
14437	14	0	17	74	243	238
14438	14	0	18	75	125	238
14439	14	0	19	76	235	238
14440	14	0	20	77	123	239
14441	14	0	21	79	194	239
14442	14	0	22	78	166	240
14443	14	0	23	80	230	241
14444	14	0	24	81	62	241
14445	14	0	25	82	31	241
14446	14	0	26	83	24	241
14447	14	0	27	84	24	243
14448	14	0	28	85	3	243
14449	14	0	29	86	1	243
14450	14	0	30	87	193	244
14451	14	0	31	88	75	244
14452	14	0	32	89	83	244
14453	14	0	33	91	49	245
14454	14	0	34	90	108	246
14455	14	0	35	93	178	246
14456	14	1	0	11	104	231
14457	14	1	1	12	201	231
14458	14	1	2	13	196	231
14459	14	1	3	57	40	231
14460	14	1	4	59	169	231
14461	14	1	5	60	163	232
14462	14	1	6	61	208	232
14463	14	1	7	62	82	233
14464	14	1	8	63	221	233
14465	14	1	9	64	239	234
14466	14	1	10	65	124	234
14467	14	1	11	66	127	235
14468	14	1	12	67	48	235
14469	14	1	13	68	16	235
14470	14	1	14	69	4	236
14471	14	1	15	70	2	237
14472	14	1	16	71	43	237
14473	14	1	17	73	184	237
14474	14	1	18	72	245	238
14475	14	1	19	74	141	239
14476	14	1	20	75	228	239
14477	14	1	21	76	38	239
14478	14	1	22	77	138	240
14479	14	1	23	79	201	240
14480	14	1	24	78	186	241
14481	14	1	25	80	70	242
14482	14	1	26	81	220	242
14483	14	1	27	82	110	242
14484	14	1	28	83	52	242
14485	14	1	29	84	52	244
14486	14	1	30	85	135	244
14487	14	1	31	86	45	244
14488	14	1	32	87	204	245
14489	14	1	33	88	34	245
14490	14	1	34	89	137	245
14491	14	2	0	14	90	231
14492	14	2	1	15	198	231
14493	14	2	2	16	237	231
14494	14	2	3	56	200	231
14495	14	2	4	58	214	231
14496	14	2	5	57	187	232
14497	14	2	6	59	152	232
14498	14	2	7	60	114	233
14499	14	2	8	61	37	233
14500	14	2	9	62	92	234
14501	14	2	10	63	179	234
14502	14	2	11	64	218	235
14503	14	2	12	65	183	235
14504	14	2	13	66	61	236
14505	14	2	14	67	104	236
14506	14	2	15	68	206	236
14507	14	2	16	69	180	237
14508	14	2	17	70	90	238
14509	14	2	18	71	136	238
14510	14	2	19	73	221	238
14511	14	2	20	72	69	239
14512	14	2	21	74	177	240
14513	14	2	22	75	237	240
14514	14	2	23	76	168	240
14515	14	2	24	77	42	241
14516	14	2	25	79	203	241
14517	14	2	26	78	217	242
14518	14	2	27	80	66	243
14519	14	2	28	81	134	243
14520	14	2	29	82	67	243
14521	14	2	30	83	27	243
14522	14	2	31	84	27	245
14523	14	2	32	85	164	245
14524	14	2	33	86	226	245
14525	14	3	0	17	109	231
14526	14	3	1	18	49	231
14527	14	3	2	19	29	231
14528	14	3	3	54	120	231
14529	14	3	4	55	15	231
14530	14	3	5	56	5	232
14531	14	3	6	58	231	232
14532	14	3	7	57	149	233
14533	14	3	8	59	158	233
14534	14	3	9	60	150	234
14535	14	3	10	61	146	234
14536	14	3	11	62	28	235
14537	14	3	12	63	88	235
14538	14	3	13	64	44	236
14539	14	3	14	65	11	236
14540	14	3	15	66	175	237
14541	14	3	16	67	54	237
14542	14	3	17	68	18	237
14543	14	3	18	69	133	238
14544	14	3	19	70	195	239
14545	14	3	20	71	209	239
14546	14	3	21	73	151	239
14547	14	3	22	72	30	240
14548	14	3	23	74	255	241
14549	14	3	24	75	128	241
14550	14	3	25	76	107	241
14551	14	3	26	77	91	242
14552	14	3	27	79	86	242
14553	14	3	28	78	94	243
14554	14	3	29	80	143	244
14555	14	3	30	81	119	244
14556	14	3	31	82	188	244
14557	14	3	32	83	187	244
14558	14	4	0	20	153	231
14559	14	4	1	21	147	231
14560	14	4	2	50	202	231
14561	14	4	3	52	36	231
14562	14	4	4	53	3	231
14563	14	4	5	54	3	232
14564	14	4	6	55	161	232
14565	14	4	7	56	225	233
14566	14	4	8	58	182	233
14567	14	4	9	57	256	234
14568	14	4	10	59	171	234
14569	14	4	11	60	72	235
14570	14	4	12	61	37	235
14571	14	4	13	62	232	236
14572	14	4	14	63	105	236
14573	14	4	15	64	181	237
14574	14	4	16	65	238	237
14575	14	4	17	66	165	238
14576	14	4	18	67	117	238
14577	14	4	19	68	39	238
14578	14	4	20	69	74	239
14579	14	4	21	70	37	240
14580	14	4	22	71	153	240
14581	14	4	23	73	138	240
14582	14	4	24	72	178	241
14583	14	4	25	74	167	242
14584	14	4	26	75	106	242
14585	14	4	27	76	189	242
14586	14	4	28	77	240	243
14587	14	4	29	79	155	243
14588	14	4	30	78	28	244
14589	14	4	31	80	10	245
14590	14	5	0	22	18	231
14591	14	5	1	23	239	231
14592	14	5	2	24	231	231
14593	14	5	3	51	46	231
14594	14	5	4	50	110	232
14595	14	5	5	52	78	232
14596	14	5	6	53	135	232
14597	14	5	7	54	135	233
14598	14	5	8	55	49	233
14599	14	5	9	56	102	234
14600	14	5	10	58	154	234
14601	14	5	11	57	60	235
14602	14	5	12	59	242	235
14603	14	5	13	60	79	236
14604	14	5	14	61	103	236
14605	14	5	15	62	160	237
14606	14	5	16	63	99	237
14607	14	5	17	64	178	238
14608	14	5	18	65	173	238
14609	14	5	19	66	229	239
14610	14	5	20	67	125	239
14611	14	5	21	68	213	239
14612	14	5	22	69	246	240
14613	14	5	23	70	123	241
14614	14	5	24	71	203	241
14615	14	5	25	73	139	241
14616	14	5	26	72	172	242
14617	14	5	27	74	62	243
14618	14	5	28	75	144	243
14619	14	5	29	76	24	243
14620	14	5	30	77	6	244
14621	14	6	0	25	228	231
14622	14	6	1	26	248	231
14623	14	6	2	27	231	231
14624	14	6	3	48	66	231
14625	14	6	4	49	201	231
14626	14	6	5	51	120	232
14627	14	6	6	50	192	233
14628	14	6	7	52	169	233
14629	14	6	8	53	164	233
14630	14	6	9	54	164	234
14631	14	6	10	55	149	234
14632	14	6	11	56	221	235
14633	14	6	12	58	227	235
14634	14	6	13	57	39	236
14635	14	6	14	59	96	236
14636	14	6	15	60	90	237
14637	14	6	16	61	227	237
14638	14	6	17	62	4	238
14639	14	6	18	63	86	238
14640	14	6	19	64	43	239
14641	14	6	20	65	75	239
14642	14	6	21	66	25	240
14643	14	6	22	67	228	240
14644	14	6	23	68	76	240
14645	14	6	24	69	19	241
14646	14	6	25	70	138	242
14647	14	6	26	71	140	242
14648	14	6	27	73	83	242
14649	14	6	28	72	242	243
14650	14	6	29	74	220	244
14651	14	7	0	28	201	231
14652	14	7	1	29	144	231
14653	14	7	2	45	16	231
14654	14	7	3	46	174	231
14655	14	7	4	47	172	231
14656	14	7	5	48	143	232
14657	14	7	6	49	50	232
14658	14	7	7	51	147	233
14659	14	7	8	50	255	234
14660	14	7	9	52	152	234
14661	14	7	10	53	184	234
14662	14	7	11	54	184	235
14663	14	7	12	55	23	235
14664	14	7	13	56	179	236
14665	14	7	14	58	18	236
14666	14	7	15	57	216	237
14667	14	7	16	59	208	237
14668	14	7	17	60	12	238
14669	14	7	18	61	36	238
14670	14	7	19	62	180	239
14671	14	7	20	63	15	239
14672	14	7	21	64	136	240
14673	14	7	22	65	34	240
14674	14	7	23	66	97	241
14675	14	7	24	67	237	241
14676	14	7	25	68	79	241
14677	14	7	26	69	84	242
14678	14	7	27	70	42	243
14679	14	7	28	71	132	243
14680	14	8	0	30	90	231
14681	14	8	1	31	217	231
14682	14	8	2	42	125	231
14683	14	8	3	44	53	231
14684	14	8	4	45	206	232
14685	14	8	5	46	120	232
14686	14	8	6	47	30	232
14687	14	8	7	48	10	233
14688	14	8	8	49	194	233
14689	14	8	9	51	245	234
14690	14	8	10	50	140	235
14691	14	8	11	52	158	235
14692	14	8	12	53	56	235
14693	14	8	13	54	56	236
14694	14	8	14	55	7	236
14695	14	8	15	56	88	237
14696	14	8	16	58	176	237
14697	14	8	17	57	203	238
14698	14	8	18	59	108	238
14699	14	8	19	60	15	239
14700	14	8	20	61	238	239
14701	14	8	21	62	133	240
14702	14	8	22	63	161	240
14703	14	8	23	64	209	241
14704	14	8	24	65	245	241
14705	14	8	25	66	253	242
14706	14	8	26	67	128	242
14707	14	8	27	68	214	242
14708	14	9	0	32	24	231
14709	14	9	1	33	145	231
14710	14	9	2	34	150	231
14711	14	9	3	43	43	231
14712	14	9	4	42	89	232
14713	14	9	5	44	72	232
14714	14	9	6	45	18	233
14715	14	9	7	46	3	233
14716	14	9	8	47	65	233
14717	14	9	9	48	193	234
14718	14	9	10	49	249	234
14719	14	9	11	51	136	235
14720	14	9	12	50	5	236
14721	14	9	13	52	171	236
14722	14	9	14	53	207	236
14723	14	9	15	54	207	237
14724	14	9	16	55	58	237
14725	14	9	17	56	105	238
14726	14	9	18	58	207	238
14727	14	9	19	57	183	239
14728	14	9	20	59	234	239
14729	14	9	21	60	180	240
14730	14	9	22	61	199	240
14731	14	9	23	62	74	241
14732	14	9	24	63	49	241
14733	14	9	25	64	153	242
14734	14	9	26	65	231	242
14735	14	10	0	35	106	231
14736	14	10	1	36	109	231
14737	14	10	2	39	163	231
14738	14	10	3	40	210	231
14739	14	10	4	41	146	231
14740	14	10	5	43	7	232
14741	14	10	6	42	124	233
14742	14	10	7	44	156	233
14743	14	10	8	45	39	234
14744	14	10	9	46	135	234
14745	14	10	10	47	98	234
14746	14	10	11	48	204	235
14747	14	10	12	49	154	235
14748	14	10	13	51	46	236
14749	14	10	14	50	201	237
14750	14	10	15	52	242	237
14751	14	10	16	53	63	237
14752	14	10	17	54	63	238
14753	14	10	18	55	40	238
14754	14	10	19	56	99	239
14755	14	10	20	58	185	239
14756	14	10	21	57	151	240
14757	14	10	22	59	250	240
14758	14	10	23	60	217	241
14759	14	10	24	61	133	241
14760	14	10	25	62	246	242
14761	14	11	0	37	156	231
14762	14	11	1	38	213	231
14763	14	11	2	0	151	232
14764	14	11	3	1	101	232
14765	14	11	4	39	139	232
14766	14	11	5	40	198	232
14767	14	11	6	41	145	232
14768	14	11	7	43	164	233
14769	14	11	8	42	118	234
14770	14	11	9	44	81	234
14771	14	11	10	45	213	235
14772	14	11	11	46	164	235
14773	14	11	12	47	41	235
14774	14	11	13	48	185	236
14775	14	11	14	49	248	236
14776	14	11	15	51	132	237
14777	14	11	16	50	200	238
14778	14	11	17	52	96	238
14779	14	11	18	53	8	238
14780	14	11	19	54	8	239
14781	14	11	20	55	1	239
14782	14	11	21	56	86	240
14783	14	11	22	58	194	240
14784	14	11	23	57	84	241
14785	14	11	24	59	199	241
14786	14	12	0	2	185	232
14787	14	12	1	3	147	232
14788	14	12	2	4	190	232
14789	14	12	3	5	218	232
14790	14	12	4	36	86	232
14791	14	12	5	38	91	232
14792	14	12	6	39	87	233
14793	14	12	7	40	172	233
14794	14	12	8	41	100	233
14795	14	12	9	43	71	234
14796	14	12	10	42	227	235
14797	14	12	11	44	47	235
14798	14	12	12	45	76	236
14799	14	12	13	46	184	236
14800	14	12	14	47	46	236
14801	14	12	15	48	101	237
14802	14	12	16	49	109	237
14803	14	12	17	51	199	238
14804	14	12	18	50	126	239
14805	14	12	19	52	208	239
14806	14	12	20	53	103	239
14807	14	12	21	54	103	240
14808	14	12	22	55	45	240
14809	14	12	23	56	15	241
14810	14	13	0	6	187	232
14811	14	13	1	7	240	232
14812	14	13	2	8	142	232
14813	14	13	3	9	196	232
14814	14	13	4	35	61	232
14815	14	13	5	37	109	232
14816	14	13	6	36	217	233
14817	14	13	7	38	240	233
14818	14	13	8	39	60	234
14819	14	13	9	40	30	234
14820	14	13	10	41	131	234
14821	14	13	11	43	166	235
14822	14	13	12	42	116	236
14823	14	13	13	44	59	236
14824	14	13	14	45	79	237
14825	14	13	15	46	56	237
14826	14	13	16	47	14	237
14827	14	13	17	48	176	238
14828	14	13	18	49	22	238
14829	14	13	19	51	157	239
14830	14	13	20	50	212	240
14831	14	13	21	52	108	240
14832	14	13	22	53	9	240
14833	14	14	0	10	172	232
14834	14	14	1	11	67	232
14835	14	14	2	12	131	232
14836	14	14	3	13	194	232
14837	14	14	4	32	24	232
14838	14	14	5	34	186	232
14839	14	14	6	35	175	233
14840	14	14	7	37	17	233
14841	14	14	8	36	165	234
14842	14	14	9	38	6	234
14843	14	14	10	39	130	235
14844	14	14	11	40	65	235
14845	14	14	12	41	241	235
14846	14	14	13	43	179	236
14847	14	14	14	42	88	237
14848	14	14	15	44	85	237
14849	14	14	16	45	214	238
14850	14	14	17	46	207	238
14851	14	14	18	47	116	238
14852	14	14	19	48	210	239
14853	14	14	20	49	219	239
14854	14	14	21	51	253	240
14855	14	15	0	14	118	232
14856	14	15	1	15	256	232
14857	14	15	2	16	163	232
14858	14	15	3	17	103	232
14859	14	15	4	30	229	232
14860	14	15	5	33	148	232
14861	14	15	6	32	116	233
14862	14	15	7	34	146	233
14863	14	15	8	35	165	234
14864	14	15	9	37	26	234
14865	14	15	10	36	46	235
14866	14	15	11	38	13	235
14867	14	15	12	39	196	236
14868	14	15	13	40	98	236
14869	14	15	14	41	51	236
14870	14	15	15	43	182	237
14871	14	15	16	42	31	238
14872	14	15	17	44	227	238
14873	14	15	18	45	121	239
14874	14	15	19	46	63	239
14875	14	15	20	47	80	239
14876	14	16	0	18	27	232
14877	14	16	1	19	13	232
14878	14	16	2	20	177	232
14879	14	16	3	21	164	232
14880	14	16	4	29	252	232
14881	14	16	5	31	72	232
14882	14	16	6	30	156	233
14883	14	16	7	33	183	233
14884	14	16	8	32	253	234
14885	14	16	9	34	145	234
14886	14	16	10	35	229	235
14887	14	16	11	37	40	235
14888	14	16	12	36	24	236
14889	14	16	13	38	71	236
14890	14	16	14	39	82	237
14891	14	16	15	40	41	237
14892	14	16	16	41	239	237
14893	14	16	17	43	84	238
14894	14	16	18	42	188	239
14895	14	16	19	44	192	239
14896	14	17	0	22	187	232
14897	14	17	1	23	25	232
14898	14	17	2	24	136	232
14899	14	17	3	25	14	232
14900	14	17	4	27	254	232
14901	14	17	5	28	128	232
14902	14	17	6	29	32	233
14903	14	17	7	31	89	233
14904	14	17	8	30	90	234
14905	14	17	9	33	241	234
14906	14	17	10	32	188	235
14907	14	17	11	34	100	235
14908	14	17	12	35	25	236
14909	14	17	13	37	37	236
14910	14	17	14	36	182	237
14911	14	17	15	38	111	237
14912	14	17	16	39	92	238
14913	14	17	17	40	46	238
14914	14	17	18	41	218	238
14915	14	18	0	26	41	232
14916	14	18	1	0	199	233
14917	14	18	2	1	36	233
14918	14	18	3	2	239	233
14919	14	18	4	3	201	233
14920	14	18	5	4	58	233
14921	14	18	6	27	122	233
14922	14	18	7	28	106	233
14923	14	18	8	29	155	234
14924	14	18	9	31	219	234
14925	14	18	10	30	123	235
14926	14	18	11	33	121	235
14927	14	18	12	32	40	236
14928	14	18	13	34	131	236
14929	14	18	14	35	97	237
14930	14	18	15	37	201	237
14931	14	18	16	36	194	238
14932	14	18	17	38	112	238
14933	14	19	0	5	31	233
14934	14	19	1	6	49	233
14935	14	19	2	7	201	233
14936	14	19	3	8	80	233
14937	14	19	4	9	24	233
14938	14	19	5	24	190	233
14939	14	19	6	25	88	233
14940	14	19	7	26	115	233
14941	14	19	8	27	93	234
14942	14	19	9	28	144	234
14943	14	19	10	29	36	235
14944	14	19	11	31	110	235
14945	14	19	12	30	121	236
14946	14	19	13	33	114	236
14947	14	19	14	32	41	237
14948	14	19	15	34	241	237
14949	14	19	16	35	253	238
14950	14	20	0	10	144	233
14951	14	20	1	11	234	233
14952	14	20	2	12	243	233
14953	14	20	3	13	87	233
14954	14	20	4	14	64	233
14955	14	20	5	15	247	233
14956	14	20	6	22	59	233
14957	14	20	7	24	69	234
14958	14	20	8	25	105	234
14959	14	20	9	26	35	234
14960	14	20	10	27	73	235
14961	14	20	11	28	55	235
14962	14	20	12	29	78	236
14963	14	20	13	31	241	236
14964	14	20	14	30	56	237
14965	14	20	15	33	133	237
14966	14	21	0	16	55	233
14967	14	21	1	17	12	233
14968	14	21	2	18	26	233
14969	14	21	3	19	80	233
14970	14	21	4	20	190	233
14971	14	21	5	21	90	233
14972	14	21	6	23	87	233
14973	14	21	7	0	146	234
14974	14	21	8	22	238	234
14975	14	21	9	24	21	235
14976	14	21	10	25	99	235
14977	14	21	11	26	33	235
14978	14	21	12	27	201	236
14979	14	21	13	28	162	236
14980	14	21	14	29	169	237
14981	14	22	0	1	82	234
14982	14	22	1	2	236	234
14983	14	22	2	3	202	234
14984	14	22	3	4	20	234
14985	14	22	4	5	85	234
14986	14	22	5	6	134	234
14987	14	22	6	7	244	234
14988	14	22	7	20	254	234
14989	14	22	8	21	64	234
14990	14	22	9	23	226	234
14991	14	22	10	22	105	235
14992	14	22	11	24	174	236
14993	14	22	12	25	86	236
14994	14	22	13	26	200	236
14995	14	23	0	8	31	234
14996	14	23	1	9	155	234
14997	14	23	2	10	206	234
14998	14	23	3	11	200	234
14999	14	23	4	12	255	234
15000	14	23	5	13	38	234
15001	14	23	6	14	65	234
15002	14	23	7	15	96	234
15003	14	23	8	18	49	234
15004	14	23	9	20	122	235
15005	14	23	10	21	53	235
15006	14	23	11	23	28	235
15007	14	23	12	22	70	236
15008	14	24	0	16	41	234
15009	14	24	1	17	183	234
15010	14	24	2	19	60	234
15011	14	24	3	0	241	235
15012	14	24	4	1	242	235
15013	14	24	5	2	151	235
15014	14	24	6	3	142	235
15015	14	24	7	4	11	235
15016	14	24	8	5	66	235
15017	14	24	9	6	110	235
15018	14	24	10	18	30	235
15019	14	24	11	20	93	236
15020	14	25	0	7	253	235
15021	14	25	1	8	153	235
15022	14	25	2	9	18	235
15023	14	25	3	10	135	235
15024	14	25	4	11	248	235
15025	14	25	5	12	252	235
15026	14	25	6	13	191	235
15027	14	25	7	14	97	235
15028	14	25	8	15	144	235
15029	14	25	9	16	156	235
15030	14	25	10	17	210	235
15031	14	26	0	19	253	235
15032	14	26	1	0	174	236
15033	14	26	2	1	207	236
15034	14	26	3	2	9	236
15035	14	26	4	3	107	236
15036	14	26	5	4	8	236
15037	14	26	6	5	152	236
15038	14	26	7	6	189	236
15039	14	26	8	7	239	236
15040	14	26	9	8	10	236
15041	14	27	0	9	82	236
15042	14	27	1	10	124	236
15043	14	27	2	11	200	236
15044	14	27	3	12	220	236
15045	14	27	4	13	151	236
15046	14	27	5	14	94	236
15047	14	27	6	15	234	236
15048	14	27	7	16	219	236
15049	14	27	8	17	190	236
15050	14	28	0	18	255	236
15051	14	28	1	19	82	236
15052	14	28	2	21	236	236
15053	14	28	3	23	41	236
15054	14	28	4	0	101	237
15055	14	28	5	1	21	237
15056	14	28	6	2	242	237
15057	14	28	7	3	165	237
15058	14	29	0	4	140	237
15059	14	29	1	5	183	237
15060	14	29	2	6	120	237
15061	14	29	3	7	42	237
15062	14	29	4	8	20	237
15063	14	29	5	9	255	237
15064	14	29	6	10	8	237
15065	14	30	0	11	51	237
15066	14	30	1	12	203	237
15067	14	30	2	13	111	237
15068	14	30	3	14	27	237
15069	14	30	4	15	256	237
15070	14	30	5	16	173	237
15071	14	31	0	17	14	237
15072	14	31	1	18	5	237
15073	14	31	2	19	96	237
15074	14	31	3	20	107	237
15075	14	31	4	21	50	237
15076	14	32	0	22	191	237
15077	14	32	1	23	11	237
15078	14	32	2	25	37	237
15079	14	32	3	24	94	237
15080	14	33	0	26	85	237
15081	14	33	1	27	15	237
15082	14	33	2	28	34	237
15083	14	34	0	31	137	237
15084	14	34	1	0	251	238
15085	14	35	0	1	125	238
15086	15	0	0	92	192	247
15087	15	0	1	94	106	247
15088	15	0	2	95	155	248
15089	15	0	3	96	223	248
15090	15	0	4	97	60	248
15091	15	0	5	98	20	249
15092	15	0	6	99	5	250
15093	15	0	7	100	131	250
15094	15	0	8	101	118	250
15095	15	0	9	102	234	251
15096	15	0	10	103	107	251
15097	15	0	11	104	112	252
15098	15	0	12	105	28	253
15099	15	0	13	106	176	253
15100	15	0	14	107	44	253
15101	15	0	15	108	186	254
15102	15	0	16	109	216	254
15103	15	0	17	110	216	255
15104	15	0	18	111	18	255
15105	15	0	19	112	9	256
15106	15	0	20	113	65	256
15107	15	0	21	114	65	257
15108	15	0	22	115	233	257
15109	15	0	23	116	249	258
15110	15	0	24	117	255	258
15111	15	0	25	118	171	258
15112	15	0	26	119	107	259
15113	15	0	27	120	116	260
15114	15	0	28	121	182	260
15115	15	0	29	122	58	261
15116	15	0	30	123	219	261
15117	15	0	31	124	238	261
15118	15	0	32	125	188	262
15119	15	0	33	126	234	263
15120	15	0	34	127	222	263
15121	15	0	35	128	74	263
15122	15	0	36	129	147	264
15123	15	0	37	131	3	264
15124	15	0	38	130	123	265
15125	15	0	39	132	231	266
15126	15	1	0	91	116	246
15127	15	1	1	90	27	247
15128	15	1	2	93	26	247
15129	15	1	3	92	229	248
15130	15	1	4	94	40	248
15131	15	1	5	95	10	249
15132	15	1	6	96	89	249
15133	15	1	7	97	236	249
15134	15	1	8	98	250	250
15135	15	1	9	99	191	251
15136	15	1	10	100	224	251
15137	15	1	11	101	190	251
15138	15	1	12	102	172	252
15139	15	1	13	103	136	252
15140	15	1	14	104	115	253
15141	15	1	15	105	93	254
15142	15	1	16	106	144	254
15143	15	1	17	107	36	254
15144	15	1	18	108	12	255
15145	15	1	19	109	130	255
15146	15	1	20	110	130	256
15147	15	1	21	111	225	256
15148	15	1	22	112	241	257
15149	15	1	23	113	170	257
15150	15	1	24	114	170	258
15151	15	1	25	115	214	258
15152	15	1	26	116	157	259
15153	15	1	27	117	232	259
15154	15	1	28	118	210	259
15155	15	1	29	119	181	260
15156	15	1	30	120	214	261
15157	15	1	31	121	98	261
15158	15	1	32	122	211	262
15159	15	1	33	123	39	262
15160	15	1	34	124	148	262
15161	15	1	35	125	37	263
15162	15	1	36	126	98	264
15163	15	1	37	127	205	264
15164	15	1	38	128	154	264
15165	15	2	0	87	242	246
15166	15	2	1	88	126	246
15167	15	2	2	89	160	246
15168	15	2	3	91	127	247
15169	15	2	4	90	140	248
15170	15	2	5	93	22	248
15171	15	2	6	92	63	249
15172	15	2	7	94	243	249
15173	15	2	8	95	125	250
15174	15	2	9	96	213	250
15175	15	2	10	97	123	250
15176	15	2	11	98	41	251
15177	15	2	12	99	203	252
15178	15	2	13	100	230	252
15179	15	2	14	101	62	252
15180	15	2	15	102	248	253
15181	15	2	16	103	6	253
15182	15	2	17	104	24	254
15183	15	2	18	105	6	255
15184	15	2	19	106	1	255
15185	15	2	20	107	193	255
15186	15	2	21	108	150	256
15187	15	2	22	109	83	256
15188	15	2	23	110	83	257
15189	15	2	24	111	114	257
15190	15	2	25	112	57	258
15191	15	2	26	113	69	258
15192	15	2	27	114	69	259
15193	15	2	28	115	105	259
15194	15	2	29	116	35	260
15195	15	2	30	117	73	260
15196	15	2	31	118	55	260
15197	15	2	32	119	78	261
15198	15	2	33	120	75	262
15199	15	2	34	121	173	262
15200	15	2	35	122	196	263
15201	15	2	36	123	102	263
15202	15	2	37	124	51	263
15203	15	3	0	84	247	246
15204	15	3	1	85	63	246
15205	15	3	2	86	21	246
15206	15	3	3	87	198	247
15207	15	3	4	88	33	247
15208	15	3	5	89	201	247
15209	15	3	6	91	213	248
15210	15	3	7	90	112	249
15211	15	3	8	93	214	249
15212	15	3	9	92	17	250
15213	15	3	10	94	82	250
15214	15	3	11	95	149	251
15215	15	3	12	96	221	251
15216	15	3	13	97	124	251
15217	15	3	14	98	127	252
15218	15	3	15	99	96	253
15219	15	3	16	100	48	253
15220	15	3	17	101	4	253
15221	15	3	18	102	142	254
15222	15	3	19	103	146	254
15223	15	3	20	104	43	255
15224	15	3	21	105	75	256
15225	15	3	22	106	141	256
15226	15	3	23	107	228	256
15227	15	3	24	108	76	257
15228	15	3	25	109	138	257
15229	15	3	26	110	138	258
15230	15	3	27	111	140	258
15231	15	3	28	112	70	259
15232	15	3	29	113	220	259
15233	15	3	30	114	220	260
15234	15	3	31	115	156	260
15235	15	3	32	116	52	261
15236	15	3	33	117	13	261
15237	15	3	34	118	45	261
15238	15	3	35	119	204	262
15239	15	3	36	120	177	263
15240	15	4	0	81	84	245
15241	15	4	1	82	42	245
15242	15	4	2	83	132	245
15243	15	4	3	84	132	247
15244	15	4	4	85	145	247
15245	15	4	5	86	134	247
15246	15	4	6	87	162	248
15247	15	4	7	88	27	248
15248	15	4	8	89	71	248
15249	15	4	9	91	66	249
15250	15	4	10	90	241	250
15251	15	4	11	93	242	250
15252	15	4	12	92	183	251
15253	15	4	13	94	254	251
15254	15	4	14	95	192	252
15255	15	4	15	96	64	252
15256	15	4	16	97	8	252
15257	15	4	17	98	174	253
15258	15	4	18	99	172	254
15259	15	4	19	100	86	254
15260	15	4	20	101	50	254
15261	15	4	21	102	9	255
15262	15	4	22	103	102	255
15263	15	4	23	104	152	256
15264	15	4	24	105	38	257
15265	15	4	25	106	92	257
15266	15	4	26	107	23	257
15267	15	4	27	108	179	258
15268	15	4	28	109	183	258
15269	15	4	29	110	183	259
15270	15	4	30	111	208	259
15271	15	4	31	112	104	260
15272	15	4	32	113	180	260
15273	15	4	33	114	180	261
15274	15	4	34	115	151	261
15275	15	4	35	116	136	262
15276	15	5	0	79	92	244
15277	15	5	1	78	141	245
15278	15	5	2	80	7	246
15279	15	5	3	81	22	246
15280	15	5	4	82	11	246
15281	15	5	5	83	108	246
15282	15	5	6	84	108	248
15283	15	5	7	85	142	248
15284	15	5	8	86	133	248
15285	15	5	9	87	226	249
15286	15	5	10	88	209	249
15287	15	5	11	89	245	249
15288	15	5	12	91	44	250
15289	15	5	13	90	105	251
15290	15	5	14	93	240	251
15291	15	5	15	92	40	252
15292	15	5	16	94	91	252
15293	15	5	17	95	87	253
15294	15	5	18	96	29	253
15295	15	5	19	97	100	253
15296	15	5	20	98	119	254
15297	15	5	21	99	94	255
15298	15	5	22	100	47	255
15299	15	5	23	101	111	255
15300	15	5	24	102	11	256
15301	15	5	25	103	108	256
15302	15	5	26	104	101	257
15303	15	5	27	105	218	258
15304	15	5	28	106	122	258
15305	15	5	29	107	159	258
15306	15	5	30	108	53	259
15307	15	5	31	109	103	259
15308	15	5	32	110	103	260
15309	15	5	33	111	30	260
15310	15	5	34	112	15	261
15311	15	6	0	75	28	244
15312	15	6	1	76	176	244
15313	15	6	2	77	44	245
15314	15	6	3	79	73	245
15315	15	6	4	78	196	246
15316	15	6	5	80	216	247
15317	15	6	6	81	18	247
15318	15	6	7	82	9	247
15319	15	6	8	83	65	247
15320	15	6	9	84	65	249
15321	15	6	10	85	233	249
15322	15	6	11	86	249	249
15323	15	6	12	87	255	250
15324	15	6	13	88	171	250
15325	15	6	14	89	107	250
15326	15	6	15	91	168	251
15327	15	6	16	90	217	252
15328	15	6	17	93	184	252
15329	15	6	18	92	174	253
15330	15	6	19	94	238	253
15331	15	6	20	95	188	254
15332	15	6	21	96	234	254
15333	15	6	22	97	222	254
15334	15	6	23	98	74	255
15335	15	6	24	99	147	256
15336	15	6	25	100	202	256
15337	15	6	26	101	231	256
15338	15	6	27	102	218	257
15339	15	6	28	103	242	257
15340	15	6	29	104	106	258
15341	15	6	30	105	155	259
15342	15	6	31	106	240	259
15343	15	6	32	107	60	259
15344	15	6	33	108	20	260
15345	15	7	0	73	172	243
15346	15	7	1	72	121	244
15347	15	7	2	74	115	245
15348	15	7	3	75	93	245
15349	15	7	4	76	144	245
15350	15	7	5	77	36	246
15351	15	7	6	79	43	246
15352	15	7	7	78	149	247
15353	15	7	8	80	130	248
15354	15	7	9	81	225	248
15355	15	7	10	82	241	248
15356	15	7	11	83	170	248
15357	15	7	12	84	170	250
15358	15	7	13	85	214	250
15359	15	7	14	86	157	250
15360	15	7	15	87	232	251
15361	15	7	16	88	210	251
15362	15	7	17	89	181	251
15363	15	7	18	91	152	252
15364	15	7	19	90	234	253
15365	15	7	20	93	253	253
15366	15	7	21	92	194	254
15367	15	7	22	94	148	254
15368	15	7	23	95	37	255
15369	15	7	24	96	98	255
15370	15	7	25	97	205	255
15371	15	7	26	98	154	256
15372	15	7	27	99	167	257
15373	15	7	28	100	212	257
15374	15	7	29	101	189	257
15375	15	7	30	102	69	258
15376	15	7	31	103	9	258
15377	15	7	32	104	40	259
15378	15	8	0	69	203	243
15379	15	8	1	70	230	244
15380	15	8	2	71	62	244
15381	15	8	3	73	60	244
15382	15	8	4	72	78	245
15383	15	8	5	74	24	246
15384	15	8	6	75	6	246
15385	15	8	7	76	1	246
15386	15	8	8	77	193	247
15387	15	8	9	79	13	247
15388	15	8	10	78	11	248
15389	15	8	11	80	83	249
15390	15	8	12	81	114	249
15391	15	8	13	82	57	249
15392	15	8	14	83	69	249
15393	15	8	15	84	69	251
15394	15	8	16	85	105	251
15395	15	8	17	86	35	251
15396	15	8	18	87	73	252
15397	15	8	19	88	55	252
15398	15	8	20	89	78	252
15399	15	8	21	91	166	253
15400	15	8	22	90	168	254
15401	15	8	23	93	191	254
15402	15	8	24	92	116	255
15403	15	8	25	94	51	255
15404	15	8	26	95	77	256
15405	15	8	27	96	197	256
15406	15	8	28	97	121	256
15407	15	8	29	98	126	257
15408	15	8	30	99	160	258
15409	15	8	31	100	80	258
15410	15	9	0	66	221	243
15411	15	9	1	67	124	243
15412	15	9	2	68	127	243
15413	15	9	3	69	96	244
15414	15	9	4	70	48	245
15415	15	9	5	71	4	245
15416	15	9	6	73	68	245
15417	15	9	7	72	194	246
15418	15	9	8	74	43	247
15419	15	9	9	75	75	247
15420	15	9	10	76	141	247
15421	15	9	11	77	228	248
15422	15	9	12	79	224	248
15423	15	9	13	78	201	249
15424	15	9	14	80	138	250
15425	15	9	15	81	140	250
15426	15	9	16	82	70	250
15427	15	9	17	83	220	250
15428	15	9	18	84	220	252
15429	15	9	19	85	156	252
15430	15	9	20	86	52	252
15431	15	9	21	87	13	253
15432	15	9	22	88	45	253
15433	15	9	23	89	204	253
15434	15	9	24	91	189	254
15435	15	9	25	90	154	255
15436	15	9	26	93	3	255
15437	15	9	27	92	114	256
15438	15	9	28	94	252	256
15439	15	9	29	95	63	257
15440	15	9	30	96	21	257
15441	15	10	0	63	251	242
15442	15	10	1	64	254	243
15443	15	10	2	65	192	243
15444	15	10	3	66	64	244
15445	15	10	4	67	8	244
15446	15	10	5	68	174	244
15447	15	10	6	69	172	245
15448	15	10	7	70	86	246
15449	15	10	8	71	50	246
15450	15	10	9	73	35	246
15451	15	10	10	72	150	247
15452	15	10	11	74	152	248
15453	15	10	12	75	38	248
15454	15	10	13	76	92	248
15455	15	10	14	77	23	249
15456	15	10	15	79	35	249
15457	15	10	16	78	26	250
15458	15	10	17	80	183	251
15459	15	10	18	81	208	251
15460	15	10	19	82	104	251
15461	15	10	20	83	180	251
15462	15	10	21	84	180	253
15463	15	10	22	85	151	253
15464	15	10	23	86	136	253
15465	15	10	24	87	34	254
15466	15	10	25	88	177	254
15467	15	10	26	89	237	254
15468	15	10	27	91	247	255
15469	15	10	28	90	173	256
15470	15	10	29	93	236	256
15471	15	11	0	60	96	242
15472	15	11	1	61	241	242
15473	15	11	2	62	128	243
15474	15	11	3	63	182	243
15475	15	11	4	64	91	244
15476	15	11	5	65	87	244
15477	15	11	6	66	29	245
15478	15	11	7	67	100	245
15479	15	11	8	68	119	245
15480	15	11	9	69	94	246
15481	15	11	10	70	47	247
15482	15	11	11	71	111	247
15483	15	11	12	73	16	247
15484	15	11	13	72	247	248
15485	15	11	14	74	101	249
15486	15	11	15	75	218	249
15487	15	11	16	76	122	249
15488	15	11	17	77	159	250
15489	15	11	18	79	56	250
15490	15	11	19	78	210	251
15491	15	11	20	80	103	252
15492	15	11	21	81	30	252
15493	15	11	22	82	15	252
15494	15	11	23	83	194	252
15495	15	11	24	84	194	254
15496	15	11	25	85	217	254
15497	15	11	26	86	158	254
15498	15	11	27	87	168	255
15499	15	11	28	88	28	255
15500	15	12	0	58	136	241
15501	15	12	1	57	97	242
15502	15	12	2	59	107	242
15503	15	12	3	60	100	243
15504	15	12	4	61	170	243
15505	15	12	5	62	58	244
15506	15	12	6	63	219	244
15507	15	12	7	64	238	245
15508	15	12	8	65	188	245
15509	15	12	9	66	234	246
15510	15	12	10	67	222	246
15511	15	12	11	68	74	246
15512	15	12	12	69	147	247
15513	15	12	13	70	202	248
15514	15	12	14	71	231	248
15515	15	12	15	73	7	248
15516	15	12	16	72	100	249
15517	15	12	17	74	106	250
15518	15	12	18	75	155	250
15519	15	12	19	76	240	250
15520	15	12	20	77	60	251
15521	15	12	21	79	236	251
15522	15	12	22	78	137	252
15523	15	12	23	80	131	253
15524	15	12	24	81	118	253
15525	15	12	25	82	59	253
15526	15	12	26	83	112	253
15527	15	12	27	84	112	255
15528	15	13	0	54	170	241
15529	15	13	1	55	214	241
15530	15	13	2	56	157	242
15531	15	13	3	58	246	242
15532	15	13	4	57	247	243
15533	15	13	5	59	181	243
15534	15	13	6	60	93	244
15535	15	13	7	61	173	244
15536	15	13	8	62	211	245
15537	15	13	9	63	39	245
15538	15	13	10	64	148	246
15539	15	13	11	65	37	246
15540	15	13	12	66	98	247
15541	15	13	13	67	205	247
15542	15	13	14	68	154	247
15543	15	13	15	69	167	248
15544	15	13	16	70	212	249
15545	15	13	17	71	189	249
15546	15	13	18	73	245	249
15547	15	13	19	72	116	250
15548	15	13	20	74	40	251
15549	15	13	21	75	10	251
15550	15	13	22	76	173	251
15551	15	13	23	77	236	252
15552	15	13	24	79	234	252
15553	15	13	25	78	200	253
15554	15	13	26	80	224	254
15555	15	14	0	50	202	241
15556	15	14	1	52	57	241
15557	15	14	2	53	69	241
15558	15	14	3	54	69	242
15559	15	14	4	55	105	242
15560	15	14	5	56	35	243
15561	15	14	6	58	63	243
15562	15	14	7	57	128	244
15563	15	14	8	59	78	244
15564	15	14	9	60	64	245
15565	15	14	10	61	14	245
15566	15	14	11	62	196	246
15567	15	14	12	63	102	246
15568	15	14	13	64	51	247
15569	15	14	14	65	77	247
15570	15	14	15	66	197	248
15571	15	14	16	67	121	248
15572	15	14	17	68	126	248
15573	15	14	18	69	160	249
15574	15	14	19	70	80	250
15575	15	14	20	71	178	250
15576	15	14	21	73	84	250
15577	15	14	22	72	201	251
15578	15	14	23	74	243	252
15579	15	14	24	75	125	252
15580	15	14	25	76	235	252
15581	15	15	0	48	76	240
15582	15	15	1	49	138	240
15583	15	15	2	51	231	241
15584	15	15	3	50	150	242
15585	15	15	4	52	70	242
15586	15	15	5	53	220	242
15587	15	15	6	54	220	243
15588	15	15	7	55	156	243
15589	15	15	8	56	52	244
15590	15	15	9	58	17	244
15591	15	15	10	57	147	245
15592	15	15	11	59	204	245
15593	15	15	12	60	240	246
15594	15	15	13	61	155	246
15595	15	15	14	62	137	247
15596	15	15	15	63	247	247
15597	15	15	16	64	252	248
15598	15	15	17	65	63	248
15599	15	15	18	66	21	249
15600	15	15	19	67	99	249
15601	15	15	20	68	33	249
15602	15	15	21	69	201	250
15603	15	15	22	70	229	251
15604	15	15	23	71	169	251
15605	15	15	24	73	120	251
15606	15	16	0	45	38	240
15607	15	16	1	46	92	240
15608	15	16	2	47	23	240
15609	15	16	3	48	179	241
15610	15	16	4	49	183	241
15611	15	16	5	51	237	242
15612	15	16	6	50	207	243
15613	15	16	7	52	104	243
15614	15	16	8	53	180	243
15615	15	16	9	54	180	244
15616	15	16	10	55	151	244
15617	15	16	11	56	136	245
15618	15	16	12	58	26	245
15619	15	16	13	57	243	246
15620	15	16	14	59	237	246
15621	15	16	15	60	112	247
15622	15	16	16	61	121	247
15623	15	16	17	62	42	248
15624	15	16	18	63	132	248
15625	15	16	19	64	66	249
15626	15	16	20	65	145	249
15627	15	16	21	66	134	250
15628	15	16	22	67	81	250
15629	15	16	23	68	27	250
15630	15	17	0	43	70	239
15631	15	17	1	42	218	240
15632	15	17	2	44	101	240
15633	15	17	3	45	218	241
15634	15	17	4	46	122	241
15635	15	17	5	47	159	241
15636	15	17	6	48	53	242
15637	15	17	7	49	103	242
15638	15	17	8	51	93	243
15639	15	17	9	50	116	244
15640	15	17	10	52	15	244
15641	15	17	11	53	194	244
15642	15	17	12	54	194	245
15643	15	17	13	55	217	245
15644	15	17	14	56	158	246
15645	15	17	15	58	114	246
15646	15	17	16	57	94	247
15647	15	17	17	59	7	247
15648	15	17	18	60	252	248
15649	15	17	19	61	36	248
15650	15	17	20	62	11	249
15651	15	17	21	63	108	249
15652	15	17	22	64	54	250
15653	15	18	0	39	147	239
15654	15	18	1	40	202	239
15655	15	18	2	41	231	239
15656	15	18	3	43	168	240
15657	15	18	4	42	47	241
15658	15	18	5	44	106	241
15659	15	18	6	45	155	242
15660	15	18	7	46	240	242
15661	15	18	8	47	60	242
15662	15	18	9	48	20	243
15663	15	18	10	49	131	243
15664	15	18	11	51	53	244
15665	15	18	12	50	169	245
15666	15	18	13	52	59	245
15667	15	18	14	53	112	245
15668	15	18	15	54	112	246
15669	15	18	16	55	14	246
15670	15	18	17	56	176	247
15671	15	18	18	58	201	247
15672	15	18	19	57	18	248
15673	15	18	20	59	216	248
15674	15	18	21	60	108	249
15675	15	19	0	37	119	238
15676	15	19	1	36	194	239
15677	15	19	2	38	154	239
15678	15	19	3	39	167	240
15679	15	19	4	40	212	240
15680	15	19	5	41	189	240
15681	15	19	6	43	73	241
15682	15	19	7	42	164	242
15683	15	19	8	44	40	242
15684	15	19	9	45	10	243
15685	15	19	10	46	173	243
15686	15	19	11	47	236	243
15687	15	19	12	48	250	244
15688	15	19	13	49	224	244
15689	15	19	14	51	222	245
15690	15	19	15	50	188	246
15691	15	19	16	52	95	246
15692	15	19	17	53	115	246
15693	15	19	18	54	115	247
15694	15	19	19	55	175	247
15695	15	19	20	56	144	248
15696	15	20	0	32	12	238
15697	15	20	1	34	51	238
15698	15	20	2	35	77	239
15699	15	20	3	37	181	239
15700	15	20	4	36	175	240
15701	15	20	5	38	126	240
15702	15	20	6	39	160	241
15703	15	20	7	40	80	241
15704	15	20	8	41	178	241
15705	15	20	9	43	247	242
15706	15	20	10	42	162	243
15707	15	20	11	44	243	243
15708	15	20	12	45	125	244
15709	15	20	13	46	235	244
15710	15	20	14	47	123	244
15711	15	20	15	48	41	245
15712	15	20	16	49	230	245
15713	15	20	17	51	160	246
15714	15	20	18	50	200	247
15715	15	20	19	52	31	247
15716	15	21	0	2	222	238
15717	15	21	1	30	3	238
15718	15	21	2	33	49	238
15719	15	21	3	32	243	239
15720	15	21	4	34	252	239
15721	15	21	5	35	63	240
15722	15	21	6	37	2	240
15723	15	21	7	36	117	241
15724	15	21	8	38	33	241
15725	15	21	9	39	201	242
15726	15	21	10	40	229	242
15727	15	21	11	41	169	242
15728	15	21	12	43	230	243
15729	15	21	13	42	123	244
15730	15	21	14	44	82	244
15731	15	21	15	45	149	245
15732	15	21	16	46	239	245
15733	15	21	17	47	124	245
15734	15	21	18	48	127	246
15735	15	22	0	3	243	238
15736	15	22	1	4	135	238
15737	15	22	2	29	237	238
15738	15	22	3	31	40	238
15739	15	22	4	30	21	239
15740	15	22	5	33	40	239
15741	15	22	6	32	67	240
15742	15	22	7	34	66	240
15743	15	22	8	35	145	241
15744	15	22	9	37	103	241
15745	15	22	10	36	214	242
15746	15	22	11	38	27	242
15747	15	22	12	39	71	243
15748	15	22	13	40	164	243
15749	15	22	14	41	185	243
15750	15	22	15	43	245	244
15751	15	22	16	42	18	245
15752	15	22	17	44	254	245
15753	15	23	0	5	7	238
15754	15	23	1	6	251	238
15755	15	23	2	7	41	238
15756	15	23	3	27	168	238
15757	15	23	4	28	28	238
15758	15	23	5	29	7	239
15759	15	23	6	31	206	239
15760	15	23	7	30	193	240
15761	15	23	8	33	90	240
15762	15	23	9	32	141	241
15763	15	23	10	34	54	241
15764	15	23	11	35	142	242
15765	15	23	12	37	78	242
15766	15	23	13	36	206	243
15767	15	23	14	38	209	243
15768	15	23	15	39	245	244
15769	15	23	16	40	251	244
15770	15	24	0	8	18	238
15771	15	24	1	9	244	238
15772	15	24	2	10	7	238
15773	15	24	3	24	112	238
15774	15	24	4	25	14	238
15775	15	24	5	26	176	238
15776	15	24	6	27	44	239
15777	15	24	7	28	93	239
15778	15	24	8	29	216	240
15779	15	24	9	31	185	240
15780	15	24	10	30	27	241
15781	15	24	11	33	112	241
15782	15	24	12	32	199	242
15783	15	24	13	34	161	242
15784	15	24	14	35	233	243
15785	15	24	15	37	184	243
15786	15	25	0	11	114	238
15787	15	25	1	12	59	238
15788	15	25	2	13	18	238
15789	15	25	3	14	15	238
15790	15	25	4	15	232	238
15791	15	25	5	22	43	238
15792	15	25	6	24	115	239
15793	15	25	7	25	175	239
15794	15	25	8	26	144	239
15795	15	25	9	27	36	240
15796	15	25	10	28	6	240
15797	15	25	11	29	130	241
15798	15	25	12	31	65	241
15799	15	25	13	30	32	242
15800	15	25	14	33	174	242
15801	15	26	0	16	198	238
15802	15	26	1	17	183	238
15803	15	26	2	18	120	238
15804	15	26	3	19	195	238
15805	15	26	4	20	215	238
15806	15	26	5	21	226	238
15807	15	26	6	23	76	238
15808	15	26	7	0	128	239
15809	15	26	8	22	8	239
15810	15	26	9	24	24	240
15811	15	26	10	25	3	240
15812	15	26	11	26	1	240
15813	15	26	12	27	193	241
15814	15	26	13	28	75	241
15815	15	27	0	1	85	239
15816	15	27	1	2	78	239
15817	15	27	2	3	126	239
15818	15	27	3	4	142	239
15819	15	27	4	5	150	239
15820	15	27	5	6	89	239
15821	15	27	6	7	96	239
15822	15	27	7	8	48	239
15823	15	27	8	20	48	239
15824	15	27	9	21	4	239
15825	15	27	10	23	83	239
15826	15	27	11	22	225	240
15827	15	27	12	24	43	241
15828	15	28	0	9	196	239
15829	15	28	1	10	72	239
15830	15	28	2	11	159	239
15831	15	28	3	12	152	239
15832	15	28	4	13	49	239
15833	15	28	5	14	114	239
15834	15	28	6	15	176	239
15835	15	28	7	16	172	239
15836	15	28	8	17	65	239
15837	15	28	9	18	188	239
15838	15	28	10	20	4	240
15839	15	28	11	21	86	240
15840	15	29	0	19	86	239
15841	15	29	1	0	100	240
15842	15	29	2	1	157	240
15843	15	29	3	2	95	240
15844	15	29	4	3	171	240
15845	15	29	5	4	172	240
15846	15	29	6	5	12	240
15847	15	29	7	6	125	240
15848	15	29	8	7	194	240
15849	15	29	9	8	116	240
15850	15	29	10	9	1	240
15851	15	30	0	10	37	240
15852	15	30	1	11	28	240
15853	15	30	2	12	39	240
15854	15	30	3	13	233	240
15855	15	30	4	14	26	240
15856	15	30	5	15	221	240
15857	15	30	6	16	27	240
15858	15	30	7	17	36	240
15859	15	30	8	18	181	240
15860	15	30	9	19	178	240
15861	15	31	0	23	15	240
15862	15	31	1	0	31	241
15863	15	31	2	1	32	241
15864	15	31	3	2	235	241
15865	15	31	4	3	231	241
15866	15	31	5	4	84	241
15867	15	31	6	5	192	241
15868	15	31	7	6	96	241
15869	15	31	8	7	26	241
15870	15	32	0	8	204	241
15871	15	32	1	9	185	241
15872	15	32	2	10	173	241
15873	15	32	3	11	63	241
15874	15	32	4	12	89	241
15875	15	32	5	13	199	241
15876	15	32	6	14	97	241
15877	15	32	7	15	113	241
15878	15	33	0	16	9	241
15879	15	33	1	17	8	241
15880	15	33	2	18	81	241
15881	15	33	3	19	217	241
15882	15	33	4	20	188	241
15883	15	33	5	21	68	241
15884	15	33	6	22	137	241
15885	15	34	0	23	27	241
15886	15	34	1	25	220	241
15887	15	34	2	26	146	241
15888	15	34	3	0	65	242
15889	15	34	4	1	30	242
15890	15	34	5	2	169	242
15891	15	35	0	3	180	242
15892	15	35	1	4	87	242
15893	15	35	2	5	205	242
15894	15	35	3	6	240	242
15895	15	35	4	7	131	242
15896	15	36	0	8	189	242
15897	15	36	1	9	29	242
15898	15	36	2	10	25	242
15899	15	36	3	11	153	242
15900	15	37	0	12	184	242
15901	15	37	1	13	102	242
15902	15	37	2	14	228	242
15903	15	38	0	15	238	242
15904	15	38	1	16	163	242
15905	15	39	0	17	220	242
15906	16	0	0	18	75	242
15907	16	0	1	19	97	242
15908	16	0	2	20	198	242
15909	16	0	3	21	7	242
15910	16	0	4	22	118	242
15911	16	0	5	23	196	242
15912	16	0	6	24	226	242
15913	16	0	7	25	188	242
15914	16	0	8	26	102	242
15915	16	0	9	27	110	242
15916	16	0	10	28	213	242
15917	16	0	11	29	256	242
15918	16	0	12	31	6	242
15919	16	0	13	0	26	243
15920	16	0	14	1	139	243
15921	16	0	15	2	224	243
15922	16	0	16	3	243	243
15923	16	0	17	5	97	243
15924	16	0	18	4	202	243
15925	16	0	19	6	13	243
15926	16	1	0	7	224	243
15927	16	1	1	8	11	243
15928	16	1	2	9	78	243
15929	16	1	3	10	58	243
15930	16	1	4	11	80	243
15931	16	1	5	12	6	243
15932	16	1	6	13	129	243
15933	16	1	7	14	167	243
15934	16	1	8	15	192	243
15935	16	1	9	16	154	243
15936	16	1	10	17	7	243
15937	16	1	11	18	256	243
15938	16	1	12	19	135	243
15939	16	1	13	20	184	243
15940	16	1	14	21	108	243
15941	16	1	15	22	222	243
15942	16	1	16	23	93	243
15943	16	1	17	24	246	243
15944	16	1	18	25	48	243
15945	16	2	0	26	91	243
15946	16	2	1	27	226	243
15947	16	2	2	28	145	243
15948	16	2	3	29	129	243
15949	16	2	4	30	3	243
15950	16	2	5	31	96	243
15951	16	2	6	32	129	243
15952	16	2	7	33	15	243
15953	16	2	8	34	252	243
15954	16	2	9	0	112	244
15955	16	2	10	1	168	244
15956	16	2	11	2	144	244
15957	16	2	12	3	142	244
15958	16	2	13	4	186	244
15959	16	2	14	5	174	244
15960	16	2	15	6	249	244
15961	16	2	16	7	193	244
15962	16	2	17	8	237	244
15963	16	3	0	9	224	244
15964	16	3	1	10	61	244
15965	16	3	2	11	238	244
15966	16	3	3	12	209	244
15967	16	3	4	13	8	244
15968	16	3	5	14	124	244
15969	16	3	6	15	119	244
15970	16	3	7	16	190	244
15971	16	3	8	17	212	244
15972	16	3	9	18	94	244
15973	16	3	10	19	251	244
15974	16	3	11	20	47	244
15975	16	3	12	21	29	244
15976	16	3	13	22	232	244
15977	16	3	14	23	182	244
15978	16	3	15	24	239	244
15979	16	3	16	25	142	244
15980	16	4	0	26	191	244
15981	16	4	1	27	201	244
15982	16	4	2	28	56	244
15983	16	4	3	29	123	244
15984	16	4	4	30	8	244
15985	16	4	5	31	247	244
15986	16	4	6	32	21	244
15987	16	4	7	33	168	244
15988	16	4	8	34	251	244
15989	16	4	9	35	256	244
15990	16	4	10	36	36	244
15991	16	4	11	37	57	244
15992	16	4	12	38	57	244
15993	16	4	13	41	134	244
15994	16	4	14	0	6	245
15995	16	4	15	1	243	245
15996	16	5	0	2	142	245
15997	16	5	1	3	189	245
15998	16	5	2	4	73	245
15999	16	5	3	5	113	245
16000	16	5	4	6	17	245
16001	16	5	5	7	13	245
16002	16	5	6	8	231	245
16003	16	5	7	9	74	245
16004	16	5	8	10	234	245
16005	16	5	9	11	141	245
16006	16	5	10	12	101	245
16007	16	5	11	13	50	245
16008	16	5	12	14	186	245
16009	16	5	13	15	41	245
16010	16	5	14	16	30	245
16011	16	6	0	17	249	245
16012	16	6	1	18	66	245
16013	16	6	2	19	122	245
16014	16	6	3	20	203	245
16015	16	6	4	21	150	245
16016	16	6	5	22	250	245
16017	16	6	6	23	16	245
16018	16	6	7	24	145	245
16019	16	6	8	25	93	245
16020	16	6	9	26	78	245
16021	16	6	10	27	43	245
16022	16	6	11	28	185	245
16023	16	6	12	29	86	245
16024	16	6	13	30	39	245
16025	16	7	0	32	186	245
16026	16	7	1	31	217	245
16027	16	7	2	33	76	245
16028	16	7	3	34	80	245
16029	16	7	4	35	107	245
16030	16	7	5	36	240	245
16031	16	7	6	37	80	245
16032	16	7	7	38	112	245
16033	16	7	8	39	149	245
16034	16	7	9	40	54	245
16035	16	7	10	41	231	245
16036	16	7	11	43	57	245
16037	16	7	12	0	7	246
16038	16	8	0	1	82	246
16039	16	8	1	2	44	246
16040	16	8	2	3	242	246
16041	16	8	3	4	54	246
16042	16	8	4	5	99	246
16043	16	8	5	6	110	246
16044	16	8	6	7	180	246
16045	16	8	7	8	154	246
16046	16	8	8	9	85	246
16047	16	8	9	10	135	246
16048	16	8	10	11	195	246
16049	16	8	11	12	140	246
16050	16	9	0	13	26	246
16051	16	9	1	14	164	246
16052	16	9	2	15	104	246
16053	16	9	3	16	239	246
16054	16	9	4	17	153	246
16055	16	9	5	18	41	246
16056	16	9	6	19	26	246
16057	16	9	7	20	239	246
16058	16	9	8	21	206	246
16059	16	9	9	22	152	246
16060	16	9	10	23	132	246
16061	16	10	0	24	1	246
16062	16	10	1	25	85	246
16063	16	10	2	26	30	246
16064	16	10	3	27	177	246
16065	16	10	4	28	244	246
16066	16	10	5	29	35	246
16067	16	10	6	30	81	246
16068	16	10	7	31	36	246
16069	16	10	8	32	57	246
16070	16	10	9	33	94	246
16071	16	11	0	34	151	246
16072	16	11	1	35	19	246
16073	16	11	2	36	67	246
16074	16	11	3	37	140	246
16075	16	11	4	38	60	246
16076	16	11	5	39	92	246
16077	16	11	6	40	145	246
16078	16	11	7	41	243	246
16079	16	11	8	42	104	246
16080	16	12	0	43	254	246
16081	16	12	1	44	109	246
16082	16	12	2	45	39	246
16083	16	12	3	46	81	246
16084	16	12	4	47	231	246
16085	16	12	5	49	148	246
16086	16	12	6	0	32	247
16087	16	12	7	1	244	247
16088	16	13	0	2	99	247
16089	16	13	1	3	145	247
16090	16	13	2	4	202	247
16091	16	13	3	5	109	247
16092	16	13	4	6	107	247
16093	16	13	5	7	58	247
16094	16	13	6	8	131	247
16095	16	14	0	9	82	247
16096	16	14	1	10	111	247
16097	16	14	2	11	67	247
16098	16	14	3	12	256	247
16099	16	14	4	13	9	247
16100	16	14	5	14	242	247
16101	16	15	0	15	64	247
16102	16	15	1	16	45	247
16103	16	15	2	17	164	247
16104	16	15	3	18	110	247
16105	16	15	4	19	117	247
16106	16	16	0	0	137	248
16107	16	16	1	20	204	247
16108	16	16	2	21	81	247
16109	16	16	3	22	156	247
16110	16	17	0	0	137	249
16111	16	17	1	23	78	247
16112	16	17	2	24	198	247
16113	16	18	0	0	137	250
16114	16	18	1	25	230	247
16115	16	19	0	0	137	251
16116	17	0	0	26	45	247
16117	17	0	1	27	201	247
16118	17	0	2	28	20	247
16119	17	0	3	29	7	247
16120	17	0	4	30	253	247
16121	17	0	5	31	104	247
16122	17	0	6	32	153	247
16123	17	0	7	33	112	247
16124	17	0	8	34	17	247
16125	17	0	9	35	2	247
16126	17	0	10	36	92	247
16127	17	0	11	37	169	247
16128	17	0	12	38	210	247
16129	17	0	13	39	11	247
16130	17	0	14	40	90	247
16131	17	0	15	41	128	247
16132	17	0	16	42	102	247
16133	17	0	17	43	230	247
16134	17	0	18	44	42	247
16135	17	0	19	45	90	247
16136	17	0	20	46	126	247
16137	17	0	21	47	99	247
16138	17	0	22	48	165	247
16139	17	1	0	49	180	247
16140	17	1	1	51	155	247
16141	17	1	2	53	5	247
16142	17	1	3	1	24	248
16143	17	1	4	2	96	248
16144	17	1	5	3	239	248
16145	17	1	6	4	40	248
16146	17	1	7	5	97	248
16147	17	1	8	6	86	248
16148	17	1	9	7	37	248
16149	17	1	10	8	114	248
16150	17	1	11	9	256	248
16151	17	1	12	10	188	248
16152	17	1	13	11	104	248
16153	17	1	14	12	71	248
16154	17	1	15	13	75	248
16155	17	1	16	14	66	248
16156	17	1	17	15	251	248
16157	17	1	18	16	58	248
16158	17	1	19	17	38	248
16159	17	1	20	18	91	248
16160	17	1	21	19	181	248
16161	17	2	0	20	103	248
16162	17	2	1	21	153	248
16163	17	2	2	22	41	248
16164	17	2	3	23	111	248
16165	17	2	4	24	192	248
16166	17	2	5	25	89	248
16167	17	2	6	26	199	248
16168	17	2	7	27	253	248
16169	17	2	8	28	129	248
16170	17	2	9	29	248	248
16171	17	2	10	30	185	248
16172	17	2	11	31	58	248
16173	17	2	12	32	104	248
16174	17	2	13	33	171	248
16175	17	2	14	34	47	248
16176	17	2	15	35	179	248
16177	17	2	16	36	219	248
16178	17	2	17	37	29	248
16179	17	2	18	38	61	248
16180	17	2	19	39	210	248
16181	17	2	20	40	176	248
16182	17	3	0	41	5	248
16183	17	3	1	42	151	248
16184	17	3	2	43	186	248
16185	17	3	3	44	246	248
16186	17	3	4	45	123	248
16187	17	3	5	46	86	248
16188	17	3	6	47	76	248
16189	17	3	7	48	86	248
16190	17	3	8	49	62	248
16191	17	3	9	50	192	248
16192	17	3	10	51	9	248
16193	17	3	11	52	71	248
16194	17	3	12	53	231	248
16195	17	3	13	54	219	248
16196	17	3	14	55	184	248
16197	17	3	15	58	234	248
16198	17	3	16	1	125	249
16199	17	3	17	2	86	249
16200	17	3	18	3	134	249
16201	17	3	19	4	65	249
16202	17	4	0	5	231	249
16203	17	4	1	6	106	249
16204	17	4	2	7	41	249
16205	17	4	3	8	142	249
16206	17	4	4	9	147	249
16207	17	4	5	10	134	249
16208	17	4	6	11	112	249
16209	17	4	7	12	13	249
16210	17	4	8	13	162	249
16211	17	4	9	14	168	249
16212	17	4	10	15	44	249
16213	17	4	11	16	6	249
16214	17	4	12	17	133	249
16215	17	4	13	18	52	249
16216	17	4	14	19	146	249
16217	17	4	15	20	32	249
16218	17	4	16	21	126	249
16219	17	4	17	22	247	249
16220	17	4	18	23	135	249
16221	17	5	0	24	97	249
16222	17	5	1	25	194	249
16223	17	5	2	26	250	249
16224	17	5	3	27	110	249
16225	17	5	4	28	226	249
16226	17	5	5	29	35	249
16227	17	5	6	30	216	249
16228	17	5	7	31	113	249
16229	17	5	8	32	30	249
16230	17	5	9	33	98	249
16231	17	5	10	34	210	249
16232	17	5	11	35	173	249
16233	17	5	12	36	169	249
16234	17	5	13	37	217	249
16235	17	5	14	38	104	249
16236	17	5	15	39	18	249
16237	17	5	16	41	79	249
16238	17	5	17	40	43	249
16239	17	6	0	42	46	249
16240	17	6	1	43	32	249
16241	17	6	2	44	97	249
16242	17	6	3	45	169	249
16243	17	6	4	46	156	249
16244	17	6	5	47	157	249
16245	17	6	6	48	176	249
16246	17	6	7	49	104	249
16247	17	6	8	50	251	249
16248	17	6	9	51	102	249
16249	17	6	10	52	228	249
16250	17	6	11	53	219	249
16251	17	6	12	54	198	249
16252	17	6	13	55	151	249
16253	17	6	14	56	150	249
16254	17	6	15	57	81	249
16255	17	6	16	58	243	249
16256	17	7	0	59	173	249
16257	17	7	1	61	46	249
16258	17	7	2	1	24	250
16259	17	7	3	2	9	250
16260	17	7	4	3	134	250
16261	17	7	5	4	38	250
16262	17	7	6	5	89	250
16263	17	7	7	6	232	250
16264	17	7	8	7	145	250
16265	17	7	9	8	195	250
16266	17	7	10	9	53	250
16267	17	7	11	10	146	250
16268	17	7	12	11	249	250
16269	17	7	13	12	3	250
16270	17	7	14	13	237	250
16271	17	7	15	14	205	250
16272	17	8	0	15	127	250
16273	17	8	1	16	100	250
16274	17	8	2	17	67	250
16275	17	8	3	18	46	250
16276	17	8	4	19	36	250
16277	17	8	5	20	104	250
16278	17	8	6	21	250	250
16279	17	8	7	22	142	250
16280	17	8	8	23	133	250
16281	17	8	9	24	245	250
16282	17	8	10	25	206	250
16283	17	8	11	26	46	250
16284	17	8	12	27	238	250
16285	17	8	13	28	53	250
16286	17	8	14	29	249	250
16287	17	9	0	30	65	250
16288	17	9	1	31	60	250
16289	17	9	2	32	222	250
16290	17	9	3	33	36	250
16291	17	9	4	34	151	250
16292	17	9	5	35	4	250
16293	17	9	6	36	98	250
16294	17	9	7	38	24	250
16295	17	9	8	37	45	250
16296	17	9	9	39	125	250
16297	17	9	10	40	74	250
16298	17	9	11	41	229	250
16299	17	9	12	42	96	250
16300	17	9	13	43	97	250
16301	17	10	0	44	87	250
16302	17	10	1	45	224	250
16303	17	10	2	46	114	250
16304	17	10	3	47	248	250
16305	17	10	4	48	43	250
16306	17	10	5	49	196	250
16307	17	10	6	50	29	250
16308	17	10	7	51	189	250
16309	17	10	8	52	78	250
16310	17	10	9	53	13	250
16311	17	10	10	54	113	250
16312	17	10	11	55	100	250
16313	17	10	12	56	182	250
16314	17	11	0	57	182	250
16315	17	11	1	58	118	250
16316	17	11	2	59	10	250
16317	17	11	3	60	36	250
16318	17	11	4	61	185	250
16319	17	11	5	62	16	250
16320	17	11	6	63	106	250
16321	17	11	7	65	110	250
16322	17	11	8	1	242	251
16323	17	11	9	2	162	251
16324	17	11	10	3	94	251
16325	17	11	11	4	221	251
16326	17	12	0	5	147	251
16327	17	12	1	6	182	251
16328	17	12	2	7	35	251
16329	17	12	3	8	73	251
16330	17	12	4	9	74	251
16331	17	12	5	10	229	251
16332	17	12	6	11	49	251
16333	17	12	7	12	15	251
16334	17	12	8	13	64	251
16335	17	12	9	14	224	251
16336	17	12	10	15	197	251
16337	17	13	0	16	64	251
16338	17	13	1	17	254	251
16339	17	13	2	18	80	251
16340	17	13	3	19	191	251
16341	17	13	4	20	184	251
16342	17	13	5	21	254	251
16343	17	13	6	22	109	251
16344	17	13	7	23	45	251
16345	17	13	8	24	119	251
16346	17	13	9	25	2	251
16347	17	14	0	26	213	251
16348	17	14	1	27	193	251
16349	17	14	2	28	35	251
16350	17	14	3	29	220	251
16351	17	14	4	30	246	251
16352	17	14	5	31	94	251
16353	17	14	6	32	203	251
16354	17	14	7	33	140	251
16355	17	14	8	34	22	251
16356	17	15	0	35	175	251
16357	17	15	1	36	102	251
16358	17	15	2	37	146	251
16359	17	15	3	38	122	251
16360	17	15	4	39	195	251
16361	17	15	5	40	133	251
16362	17	15	6	41	34	251
16363	17	15	7	42	71	251
16364	17	16	0	43	237	251
16365	17	16	1	44	121	251
16366	17	16	2	45	18	251
16367	17	16	3	46	96	251
16368	17	16	4	47	45	251
16369	17	16	5	48	81	251
16370	17	16	6	49	20	251
16371	17	17	0	50	113	251
16372	17	17	1	51	214	251
16373	17	17	2	52	132	251
16374	17	17	3	53	254	251
16375	17	17	4	54	36	251
16376	17	17	5	55	189	251
16377	17	18	0	56	81	251
16378	17	18	1	57	85	251
16379	17	18	2	58	2	251
16380	17	18	3	59	244	251
16381	17	18	4	60	76	251
16382	17	19	0	61	13	251
16383	17	19	1	62	39	251
16384	17	19	2	63	28	251
16385	17	19	3	64	194	251
16386	17	20	0	65	48	251
16387	17	20	1	66	58	251
16388	17	20	2	67	43	251
16389	17	21	0	68	218	251
16390	17	21	1	69	208	251
16391	17	22	0	0	253	252
16392	18	0	0	1	163	252
16393	18	0	1	2	243	252
16394	18	0	2	3	144	252
16395	18	0	3	4	201	252
16396	18	0	4	5	161	252
16397	18	0	5	6	168	252
16398	18	0	6	7	199	252
16399	18	0	7	8	31	252
16400	18	0	8	9	110	252
16401	18	0	9	10	23	252
16402	18	0	10	11	201	252
16403	18	0	11	12	129	252
16404	18	0	12	13	30	252
16405	18	0	13	14	127	252
16406	18	0	14	15	3	252
16407	18	0	15	16	123	252
16408	18	0	16	17	24	252
16409	18	0	17	18	241	252
16410	18	0	18	19	73	252
16411	18	0	19	20	140	252
16412	18	0	20	21	32	252
16413	18	0	21	22	230	252
16414	18	0	22	23	21	252
16415	18	0	23	24	179	252
16416	18	0	24	25	251	252
16417	18	0	25	26	214	252
16418	18	0	26	27	243	252
16419	18	0	27	70	180	252
16420	18	1	0	28	189	252
16421	18	1	1	29	103	252
16422	18	1	2	30	236	252
16423	18	1	3	31	195	252
16424	18	1	4	32	198	252
16425	18	1	5	33	100	252
16426	18	1	6	34	52	252
16427	18	1	7	35	152	252
16428	18	1	8	36	48	252
16429	18	1	9	37	69	252
16430	18	1	10	38	92	252
16431	18	1	11	39	143	252
16432	18	1	12	40	223	252
16433	18	1	13	41	213	252
16434	18	1	14	42	204	252
16435	18	1	15	43	165	252
16436	18	1	16	44	115	252
16437	18	1	17	45	161	252
16438	18	1	18	46	244	252
16439	18	1	19	47	71	252
16440	18	1	20	48	15	252
16441	18	1	21	49	11	252
16442	18	1	22	50	149	252
16443	18	1	23	51	126	252
16444	18	1	24	64	237	252
16445	18	1	25	66	3	252
16446	18	1	26	67	103	252
16447	18	2	0	52	49	252
16448	18	2	1	53	101	252
16449	18	2	2	54	175	252
16450	18	2	3	55	201	252
16451	18	2	4	56	207	252
16452	18	2	5	57	195	252
16453	18	2	6	58	196	252
16454	18	2	7	59	220	252
16455	18	2	8	60	76	252
16456	18	2	9	61	122	252
16457	18	2	10	62	212	252
16458	18	2	11	63	226	252
16459	18	2	12	65	181	252
16460	18	2	13	68	232	252
16461	18	2	14	69	165	252
16462	18	2	15	71	239	252
16463	18	2	16	72	160	252
16464	18	2	17	73	188	252
16465	18	2	18	0	9	253
16466	18	2	19	1	116	253
16467	18	2	20	2	68	253
16468	18	2	21	3	87	253
16469	18	2	22	4	83	253
16470	18	2	23	5	3	253
16471	18	2	24	6	17	253
16472	18	2	25	7	201	253
16473	18	3	0	8	193	253
16474	18	3	1	9	141	253
16475	18	3	2	10	211	253
16476	18	3	3	11	159	253
16477	18	3	4	12	137	253
16478	18	3	5	13	232	253
16479	18	3	6	14	37	253
16480	18	3	7	15	69	253
16481	18	3	8	16	147	253
16482	18	3	9	17	28	253
16483	18	3	10	18	9	253
16484	18	3	11	19	203	253
16485	18	3	12	20	18	253
16486	18	3	13	21	111	253
16487	18	3	14	22	193	253
16488	18	3	15	23	39	253
16489	18	3	16	24	98	253
16490	18	3	17	25	103	253
16491	18	3	18	26	22	253
16492	18	3	19	27	225	253
16493	18	3	20	28	114	253
16494	18	3	21	29	125	253
16495	18	3	22	30	161	253
16496	18	3	23	31	185	253
16497	18	3	24	32	170	253
16498	18	4	0	33	122	253
16499	18	4	1	34	196	253
16500	18	4	2	35	119	253
16501	18	4	3	36	126	253
16502	18	4	4	37	193	253
16503	18	4	5	38	47	253
16504	18	4	6	39	178	253
16505	18	4	7	40	190	253
16506	18	4	8	41	246	253
16507	18	4	9	42	149	253
16508	18	4	10	43	131	253
16509	18	4	11	44	7	253
16510	18	4	12	45	57	253
16511	18	4	13	46	55	253
16512	18	4	14	47	230	253
16513	18	4	15	48	65	253
16514	18	4	16	49	134	253
16515	18	4	17	50	138	253
16516	18	4	18	51	41	253
16517	18	4	19	52	65	253
16518	18	4	20	53	177	253
16519	18	4	21	54	20	253
16520	18	4	22	55	208	253
16521	18	4	23	56	70	253
16522	18	5	0	57	87	253
16523	18	5	1	58	71	253
16524	18	5	2	59	74	253
16525	18	5	3	60	67	253
16526	18	5	4	61	59	253
16527	18	5	5	62	101	253
16528	18	5	6	63	28	253
16529	18	5	7	64	70	253
16530	18	5	8	65	123	253
16531	18	5	9	66	183	253
16532	18	5	10	67	93	253
16533	18	5	11	68	214	253
16534	18	5	12	69	235	253
16535	18	5	13	70	250	253
16536	18	5	14	71	2	253
16537	18	5	15	72	176	253
16538	18	5	16	73	190	253
16539	18	5	17	74	189	253
16540	18	5	18	75	94	253
16541	18	5	19	76	194	253
16542	18	5	20	77	247	253
16543	18	5	21	79	175	253
16544	18	5	22	0	169	254
16545	18	6	0	1	219	254
16546	18	6	1	2	93	254
16547	18	6	2	3	203	254
16548	18	6	3	4	11	254
16549	18	6	4	5	23	254
16550	18	6	5	6	113	254
16551	18	6	6	7	48	254
16552	18	6	7	8	90	254
16553	18	6	8	9	72	254
16554	18	6	9	10	46	254
16555	18	6	10	11	221	254
16556	18	6	11	12	194	254
16557	18	6	12	13	138	254
16558	18	6	13	14	172	254
16559	18	6	14	15	15	254
16560	18	6	15	16	105	254
16561	18	6	16	17	168	254
16562	18	6	17	18	184	254
16563	18	6	18	19	198	254
16564	18	6	19	20	213	254
16565	18	6	20	21	159	254
16566	18	6	21	22	179	254
16567	18	7	0	23	194	254
16568	18	7	1	24	191	254
16569	18	7	2	25	41	254
16570	18	7	3	26	246	254
16571	18	7	4	27	184	254
16572	18	7	5	28	152	254
16573	18	7	6	29	187	254
16574	18	7	7	30	84	254
16575	18	7	8	31	3	254
16576	18	7	9	32	142	254
16577	18	7	10	33	66	254
16578	18	7	11	34	204	254
16579	18	7	12	35	235	254
16580	18	7	13	36	246	254
16581	18	7	14	37	97	254
16582	18	7	15	38	44	254
16583	18	7	16	39	29	254
16584	18	7	17	40	18	254
16585	18	7	18	41	176	254
16586	18	7	19	42	128	254
16587	18	7	20	43	219	254
16588	18	8	0	44	168	254
16589	18	8	1	45	55	254
16590	18	8	2	46	3	254
16591	18	8	3	47	11	254
16592	18	8	4	48	167	254
16593	18	8	5	49	245	254
16594	18	8	6	50	16	254
16595	18	8	7	51	68	254
16596	18	8	8	52	22	254
16597	18	8	9	53	242	254
16598	18	8	10	54	66	254
16599	18	8	11	55	6	254
16600	18	8	12	56	71	254
16601	18	8	13	57	48	254
16602	18	8	14	58	99	254
16603	18	8	15	59	186	254
16604	18	8	16	60	91	254
16605	18	8	17	61	1	254
16606	18	8	18	62	107	254
16607	18	8	19	63	205	254
16608	18	9	0	64	116	254
16609	18	9	1	65	1	254
16610	18	9	2	66	132	254
16611	18	9	3	67	179	254
16612	18	9	4	68	228	254
16613	18	9	5	69	25	254
16614	18	9	6	70	159	254
16615	18	9	7	71	170	254
16616	18	9	8	72	222	254
16617	18	9	9	73	187	254
16618	18	9	10	74	194	254
16619	18	9	11	75	83	254
16620	18	9	12	76	185	254
16621	18	9	13	77	118	254
16622	18	9	14	78	256	254
16623	18	9	15	79	136	254
16624	18	9	16	81	4	254
16625	18	9	17	82	95	254
16626	18	9	18	83	129	254
16627	18	10	0	0	220	255
16628	18	10	1	1	41	255
16629	18	10	2	2	3	255
16630	18	10	3	3	122	255
16631	18	10	4	4	143	255
16632	18	10	5	5	31	255
16633	18	10	6	6	256	255
16634	18	10	7	7	74	255
16635	18	10	8	8	67	255
16636	18	10	9	9	80	255
16637	18	10	10	10	241	255
16638	18	10	11	11	117	255
16639	18	10	12	12	203	255
16640	18	10	13	13	167	255
16641	18	10	14	14	80	255
16642	18	10	15	15	10	255
16643	18	10	16	16	85	255
16644	18	10	17	17	80	255
16645	18	11	0	18	218	255
16646	18	11	1	19	33	255
16647	18	11	2	20	167	255
16648	18	11	3	21	220	255
16649	18	11	4	22	105	255
16650	18	11	5	23	219	255
16651	18	11	6	24	256	255
16652	18	11	7	25	171	255
16653	18	11	8	26	225	255
16654	18	11	9	27	37	255
16655	18	11	10	28	149	255
16656	18	11	11	29	25	255
16657	18	11	12	30	52	255
16658	18	11	13	31	185	255
16659	18	11	14	32	56	255
16660	18	11	15	33	193	255
16661	18	11	16	34	207	255
16662	18	12	0	36	103	255
16663	18	12	1	35	186	255
16664	18	12	2	37	131	255
16665	18	12	3	38	254	255
16666	18	12	4	39	207	255
16667	18	12	5	40	254	255
16668	18	12	6	41	95	255
16669	18	12	7	42	253	255
16670	18	12	8	43	53	255
16671	18	12	9	44	103	255
16672	18	12	10	45	142	255
16673	18	12	11	46	236	255
16674	18	12	12	47	193	255
16675	18	12	13	48	52	255
16676	18	12	14	49	170	255
16677	18	12	15	50	95	255
16678	18	13	0	51	181	255
16679	18	13	1	52	154	255
16680	18	13	2	53	128	255
16681	18	13	3	54	142	255
16682	18	13	4	55	63	255
16683	18	13	5	56	114	255
16684	18	13	6	57	140	255
16685	18	13	7	58	2	255
16686	18	13	8	59	185	255
16687	18	13	9	60	99	255
16688	18	13	10	61	169	255
16689	18	13	11	62	16	255
16690	18	13	12	63	38	255
16691	18	13	13	64	160	255
16692	18	13	14	65	145	255
16693	18	14	0	66	53	255
16694	18	14	1	67	33	255
16695	18	14	2	68	54	255
16696	18	14	3	69	87	255
16697	18	14	4	70	192	255
16698	18	14	5	71	72	255
16699	18	14	6	72	171	255
16700	18	14	7	73	223	255
16701	18	14	8	74	64	255
16702	18	14	9	75	22	255
16703	18	14	10	76	120	255
16704	18	14	11	77	164	255
16705	18	14	12	78	208	255
16706	18	14	13	79	74	255
16707	18	15	0	80	127	255
16708	18	15	1	81	24	255
16709	18	15	2	82	12	255
16710	18	15	3	83	232	255
16711	18	15	4	85	254	255
16712	18	15	5	86	125	255
16713	18	15	6	89	93	255
16714	18	15	7	0	256	256
16715	18	15	8	1	128	256
16716	18	15	9	2	161	256
16717	18	15	10	3	65	256
16718	18	15	11	4	136	256
16719	18	15	12	5	95	256
16720	18	16	0	6	105	256
16721	18	16	1	7	242	256
16722	18	16	2	8	244	256
16723	18	16	3	9	190	256
16724	18	16	4	10	126	256
16725	18	16	5	11	196	256
16726	18	16	6	12	156	256
16727	18	16	7	13	82	256
16728	18	16	8	14	93	256
16729	18	16	9	15	200	256
16730	18	16	10	16	208	256
16731	18	16	11	17	220	256
16732	18	17	0	18	255	256
16733	18	17	1	19	200	256
16734	18	17	2	20	120	256
16735	18	17	3	21	126	256
16736	18	17	4	22	140	256
16737	18	17	5	23	27	256
16738	18	17	6	24	66	256
16739	18	17	7	25	202	256
16740	18	17	8	26	136	256
16741	18	17	9	27	71	256
16742	18	17	10	28	51	256
16743	18	18	0	29	116	256
16744	18	18	1	30	37	256
16745	18	18	2	31	118	256
16746	18	18	3	32	217	256
16747	18	18	4	33	160	256
16748	18	18	5	34	99	256
16749	18	18	6	35	105	256
16750	18	18	7	36	130	256
16751	18	18	8	37	84	256
16752	18	18	9	38	191	256
16753	18	19	0	39	186	256
16754	18	19	1	40	164	256
16755	18	19	2	41	68	256
16756	18	19	3	42	165	256
16757	18	19	4	43	95	256
16758	18	19	5	44	149	256
16759	18	19	6	45	48	256
16760	18	19	7	46	171	256
16761	18	19	8	47	230	256
16762	18	20	0	48	169	256
16763	18	20	1	49	81	256
16764	18	20	2	50	24	256
16765	18	20	3	51	248	256
16766	18	20	4	52	240	256
16767	18	20	5	53	252	256
16768	18	20	6	54	255	256
16769	18	20	7	55	237	256
16770	18	21	0	56	226	256
16771	18	21	1	57	165	256
16772	18	21	2	58	180	256
16773	18	21	3	59	114	256
16774	18	21	4	60	127	256
16775	18	21	5	61	154	256
16776	18	21	6	62	107	256
16777	18	22	0	63	13	256
16778	18	22	1	64	125	256
16779	18	22	2	65	131	256
16780	18	22	3	66	202	256
16781	18	22	4	67	214	256
16782	18	22	5	68	243	256
16783	18	23	0	69	196	256
16784	18	23	1	70	64	256
16785	18	23	2	71	74	256
16786	18	23	3	72	148	256
16787	18	23	4	73	19	256
16788	18	24	0	74	125	256
16789	18	24	1	75	89	256
16790	18	24	2	76	100	256
16791	18	24	3	77	130	256
16792	18	25	0	0	116	257
16793	18	25	1	78	93	256
16794	18	25	2	79	168	256
16795	18	26	0	0	116	258
16796	18	26	1	80	201	256
16797	18	27	0	0	116	259
16798	19	0	0	81	203	256
16799	19	0	1	82	158	256
16800	19	0	2	83	39	256
16801	19	0	3	84	12	256
16802	19	0	4	85	165	256
16803	19	0	5	86	150	256
16804	19	0	6	87	150	256
16805	19	0	7	88	31	256
16806	19	0	8	89	174	256
16807	19	0	9	91	53	256
16808	19	0	10	1	9	257
16809	19	0	11	2	194	257
16810	19	0	12	3	229	257
16811	19	0	13	4	245	257
16812	19	0	14	5	211	257
16813	19	0	15	6	63	257
16814	19	0	16	7	150	257
16815	19	0	17	8	75	257
16816	19	0	18	9	186	257
16817	19	0	19	10	42	257
16818	19	0	20	90	91	257
16819	19	0	21	92	85	257
16820	19	0	22	93	144	257
16821	19	0	23	94	169	257
16822	19	0	24	97	124	257
16823	19	0	25	95	95	258
16824	19	0	26	96	51	258
16825	19	0	27	98	191	258
16826	19	0	28	101	165	258
16827	19	0	29	99	5	259
16828	19	0	30	100	58	259
16829	19	0	31	102	135	259
16830	19	0	32	103	244	259
16831	19	0	33	104	114	260
16832	19	0	34	105	177	260
16833	19	1	0	11	90	257
16834	19	1	1	12	173	257
16835	19	1	2	13	177	257
16836	19	1	3	14	177	257
16837	19	1	4	15	185	257
16838	19	1	5	16	233	257
16839	19	1	6	17	64	257
16840	19	1	7	18	148	257
16841	19	1	8	19	201	257
16842	19	1	9	20	83	257
16843	19	1	10	21	249	257
16844	19	1	11	22	38	257
16845	19	1	12	23	54	257
16846	19	1	13	24	9	257
16847	19	1	14	25	62	257
16848	19	1	15	26	61	257
16849	19	1	16	27	135	257
16850	19	1	17	28	87	257
16851	19	1	18	29	165	257
16852	19	1	19	84	58	257
16853	19	1	20	87	114	257
16854	19	1	21	88	143	257
16855	19	1	22	91	214	257
16856	19	1	23	90	75	258
16857	19	1	24	92	147	258
16858	19	1	25	93	162	258
16859	19	1	26	94	74	258
16860	19	1	27	97	38	258
16861	19	1	28	95	178	259
16862	19	1	29	96	245	259
16863	19	1	30	98	184	259
16864	19	1	31	101	198	259
16865	19	1	32	99	48	260
16866	19	1	33	100	85	260
16867	19	2	0	30	232	257
16868	19	2	1	31	39	257
16869	19	2	2	33	123	257
16870	19	2	3	32	138	257
16871	19	2	4	34	206	257
16872	19	2	5	35	13	257
16873	19	2	6	36	233	257
16874	19	2	7	37	38	257
16875	19	2	8	38	151	257
16876	19	2	9	39	237	257
16877	19	2	10	40	94	257
16878	19	2	11	41	74	257
16879	19	2	12	42	132	257
16880	19	2	13	43	43	257
16881	19	2	14	44	167	257
16882	19	2	15	45	92	257
16883	19	2	16	46	147	257
16884	19	2	17	47	148	257
16885	19	2	18	80	65	257
16886	19	2	19	85	128	257
16887	19	2	20	86	45	257
16888	19	2	21	89	18	257
16889	19	2	22	84	7	258
16890	19	2	23	87	93	258
16891	19	2	24	88	119	258
16892	19	2	25	91	255	258
16893	19	2	26	90	92	259
16894	19	2	27	92	116	259
16895	19	2	28	93	174	259
16896	19	2	29	94	113	259
16897	19	2	30	97	27	259
16898	19	2	31	95	58	260
16899	19	2	32	96	15	260
16900	19	3	0	48	43	257
16901	19	3	1	49	36	257
16902	19	3	2	50	104	257
16903	19	3	3	51	225	257
16904	19	3	4	52	170	257
16905	19	3	5	53	131	257
16906	19	3	6	54	31	257
16907	19	3	7	55	217	257
16908	19	3	8	56	148	257
16909	19	3	9	57	127	257
16910	19	3	10	58	198	257
16911	19	3	11	59	174	257
16912	19	3	12	60	139	257
16913	19	3	13	61	214	257
16914	19	3	14	62	222	257
16915	19	3	15	63	24	257
16916	19	3	16	64	46	257
16917	19	3	17	78	186	257
16918	19	3	18	81	235	257
16919	19	3	19	82	46	257
16920	19	3	20	83	5	257
16921	19	3	21	80	40	258
16922	19	3	22	85	135	258
16923	19	3	23	86	150	258
16924	19	3	24	89	90	258
16925	19	3	25	84	144	259
16926	19	3	26	87	217	259
16927	19	3	27	88	43	259
16928	19	3	28	91	27	259
16929	19	3	29	90	20	260
16930	19	3	30	92	55	260
16931	19	3	31	93	16	260
16932	19	4	0	65	236	257
16933	19	4	1	66	31	257
16934	19	4	2	67	118	257
16935	19	4	3	68	243	257
16936	19	4	4	69	149	257
16937	19	4	5	70	50	257
16938	19	4	6	71	132	257
16939	19	4	7	72	182	257
16940	19	4	8	73	112	257
16941	19	4	9	74	144	257
16942	19	4	10	75	222	257
16943	19	4	11	76	107	257
16944	19	4	12	77	242	257
16945	19	4	13	79	67	257
16946	19	4	14	1	21	258
16947	19	4	15	2	142	258
16948	19	4	16	3	214	258
16949	19	4	17	4	43	258
16950	19	4	18	5	210	258
16951	19	4	19	6	39	258
16952	19	4	20	78	82	258
16953	19	4	21	81	192	258
16954	19	4	22	82	42	258
16955	19	4	23	83	205	258
16956	19	4	24	80	102	259
16957	19	4	25	85	206	259
16958	19	4	26	86	107	259
16959	19	4	27	89	61	259
16960	19	4	28	84	240	260
16961	19	4	29	87	105	260
16962	19	4	30	88	47	260
16963	19	5	0	7	85	258
16964	19	5	1	8	227	258
16965	19	5	2	9	56	258
16966	19	5	3	10	45	258
16967	19	5	4	11	149	258
16968	19	5	5	12	34	258
16969	19	5	6	13	77	258
16970	19	5	7	14	141	258
16971	19	5	8	15	256	258
16972	19	5	9	16	89	258
16973	19	5	10	17	205	258
16974	19	5	11	18	105	258
16975	19	5	12	19	15	258
16976	19	5	13	20	134	258
16977	19	5	14	21	150	258
16978	19	5	15	22	34	258
16979	19	5	16	23	165	258
16980	19	5	17	24	91	258
16981	19	5	18	74	162	258
16982	19	5	19	75	119	258
16983	19	5	20	76	117	258
16984	19	5	21	77	229	258
16985	19	5	22	79	11	258
16986	19	5	23	78	200	259
16987	19	5	24	81	157	259
16988	19	5	25	82	192	259
16989	19	5	26	83	99	259
16990	19	5	27	80	209	260
16991	19	5	28	85	227	260
16992	19	5	29	86	11	260
16993	19	6	0	25	220	258
16994	19	6	1	26	150	258
16995	19	6	2	27	253	258
16996	19	6	3	28	70	258
16997	19	6	4	29	50	258
16998	19	6	5	30	193	258
16999	19	6	6	31	3	258
17000	19	6	7	32	165	258
17001	19	6	8	33	255	258
17002	19	6	9	34	111	258
17003	19	6	10	35	156	258
17004	19	6	11	36	52	258
17005	19	6	12	37	6	258
17006	19	6	13	38	181	258
17007	19	6	14	39	125	258
17008	19	6	15	40	176	258
17009	19	6	16	41	100	258
17010	19	6	17	70	52	258
17011	19	6	18	71	54	258
17012	19	6	19	72	203	258
17013	19	6	20	73	109	258
17014	19	6	21	74	39	259
17015	19	6	22	75	81	259
17016	19	6	23	76	71	259
17017	19	6	24	77	117	259
17018	19	6	25	79	196	259
17019	19	6	26	78	139	260
17020	19	6	27	81	111	260
17021	19	6	28	82	118	260
17022	19	7	0	42	237	258
17023	19	7	1	43	254	258
17024	19	7	2	44	190	258
17025	19	7	3	45	83	258
17026	19	7	4	46	134	258
17027	19	7	5	47	30	258
17028	19	7	6	48	147	258
17029	19	7	7	49	144	258
17030	19	7	8	50	100	258
17031	19	7	9	51	14	258
17032	19	7	10	52	59	258
17033	19	7	11	53	65	258
17034	19	7	12	54	33	258
17035	19	7	13	55	152	258
17036	19	7	14	56	162	258
17037	19	7	15	64	100	258
17038	19	7	16	66	3	258
17039	19	7	17	67	103	258
17040	19	7	18	68	45	258
17041	19	7	19	69	9	258
17042	19	7	20	70	3	259
17043	19	7	21	71	13	259
17044	19	7	22	72	107	259
17045	19	7	23	73	210	259
17046	19	7	24	74	195	260
17047	19	7	25	75	148	260
17048	19	7	26	76	98	260
17049	19	7	27	77	71	260
17050	19	8	0	57	207	258
17051	19	8	1	58	240	258
17052	19	8	2	59	46	258
17053	19	8	3	60	43	258
17054	19	8	4	61	174	258
17055	19	8	5	62	71	258
17056	19	8	6	63	90	258
17057	19	8	7	65	33	258
17058	19	8	8	1	6	259
17059	19	8	9	2	118	259
17060	19	8	10	3	180	259
17061	19	8	11	4	174	259
17062	19	8	12	5	78	259
17063	19	8	13	6	241	259
17064	19	8	14	7	252	259
17065	19	8	15	8	152	259
17066	19	8	16	9	34	259
17067	19	8	17	10	1	259
17068	19	8	18	64	67	259
17069	19	8	19	66	15	259
17070	19	8	20	67	1	259
17071	19	8	21	68	225	259
17072	19	8	22	69	45	259
17073	19	8	23	70	15	260
17074	19	8	24	71	65	260
17075	19	8	25	72	107	260
17076	19	8	26	73	110	260
17077	19	9	0	11	194	259
17078	19	9	1	12	85	259
17079	19	9	2	13	146	259
17080	19	9	3	14	121	259
17081	19	9	4	15	33	259
17082	19	9	5	16	25	259
17083	19	9	6	17	92	259
17084	19	9	7	18	54	259
17085	19	9	8	19	106	259
17086	19	9	9	20	47	259
17087	19	9	10	21	184	259
17088	19	9	11	22	70	259
17089	19	9	12	23	224	259
17090	19	9	13	24	26	259
17091	19	9	14	25	182	259
17092	19	9	15	26	223	259
17093	19	9	16	27	186	259
17094	19	9	17	60	104	259
17095	19	9	18	62	100	259
17096	19	9	19	63	5	259
17097	19	9	20	65	77	259
17098	19	9	21	64	117	260
17099	19	9	22	66	75	260
17100	19	9	23	67	5	260
17101	19	9	24	68	97	260
17102	19	9	25	69	225	260
17103	19	10	0	28	198	259
17104	19	10	1	29	254	259
17105	19	10	2	30	198	259
17106	19	10	3	31	125	259
17107	19	10	4	32	110	259
17108	19	10	5	33	181	259
17109	19	10	6	34	143	259
17110	19	10	7	35	144	259
17111	19	10	8	36	195	259
17112	19	10	9	37	131	259
17113	19	10	10	38	61	259
17114	19	10	11	39	161	259
17115	19	10	12	40	198	259
17116	19	10	13	41	149	259
17117	19	10	14	42	141	259
17118	19	10	15	43	180	259
17119	19	10	16	56	3	259
17120	19	10	17	57	66	259
17121	19	10	18	59	119	259
17122	19	10	19	61	128	259
17123	19	10	20	60	9	260
17124	19	10	21	62	243	260
17125	19	10	22	63	25	260
17126	19	10	23	65	64	260
17127	19	10	24	79	86	260
17128	19	11	0	44	97	259
17129	19	11	1	45	139	259
17130	19	11	2	46	43	259
17131	19	11	3	47	137	259
17132	19	11	4	48	112	259
17133	19	11	5	49	38	259
17134	19	11	6	50	221	259
17135	19	11	7	51	166	259
17136	19	11	8	52	19	259
17137	19	11	9	53	212	259
17138	19	11	10	54	164	259
17139	19	11	11	55	87	259
17140	19	11	12	58	126	259
17141	19	11	13	0	241	260
17142	19	11	14	1	249	260
17143	19	11	15	2	38	260
17144	19	11	16	3	31	260
17145	19	11	17	4	45	260
17146	19	11	18	5	36	260
17147	19	11	19	56	206	260
17148	19	11	20	57	149	260
17149	19	11	21	59	81	260
17150	19	11	22	61	63	260
17151	19	11	23	83	19	260
17152	19	12	0	6	38	260
17153	19	12	1	7	135	260
17154	19	12	2	8	178	260
17155	19	12	3	9	180	260
17156	19	12	4	10	35	260
17157	19	12	5	11	174	260
17158	19	12	6	12	124	260
17159	19	12	7	13	117	260
17160	19	12	8	14	26	260
17161	19	12	9	15	110	260
17162	19	12	10	16	161	260
17163	19	12	11	17	93	260
17164	19	12	12	18	215	260
17165	19	12	13	19	235	260
17166	19	12	14	20	65	260
17167	19	12	15	21	5	260
17168	19	12	16	22	124	260
17169	19	12	17	50	243	260
17170	19	12	18	52	146	260
17171	19	12	19	54	133	260
17172	19	12	20	55	26	260
17173	19	12	21	58	187	260
17174	19	12	22	89	179	260
17175	19	13	0	23	125	260
17176	19	13	1	24	135	260
17177	19	13	2	25	200	260
17178	19	13	3	26	40	260
17179	19	13	4	28	228	260
17180	19	13	5	27	82	260
17181	19	13	6	29	198	260
17182	19	13	7	30	79	260
17183	19	13	8	31	81	260
17184	19	13	9	32	23	260
17185	19	13	10	33	211	260
17186	19	13	11	34	224	260
17187	19	13	12	35	11	260
17188	19	13	13	36	130	260
17189	19	13	14	37	237	260
17190	19	13	15	38	253	260
17191	19	13	16	39	49	260
17192	19	13	17	48	240	260
17193	19	13	18	51	201	260
17194	19	13	19	53	1	260
17195	19	13	20	91	208	260
17196	19	13	21	94	105	260
17197	19	14	0	40	47	260
17198	19	14	1	41	55	260
17199	19	14	2	42	144	260
17200	19	14	3	43	234	260
17201	19	14	4	44	205	260
17202	19	14	5	45	80	260
17203	19	14	6	46	187	260
17204	19	14	7	47	28	260
17205	19	14	8	49	45	260
17206	19	14	9	97	253	260
17207	19	14	10	98	84	260
17208	19	14	11	101	183	260
17209	19	14	12	102	201	260
17210	19	14	13	103	144	260
17211	19	14	14	106	223	260
17212	19	14	15	107	60	260
17213	19	14	16	109	13	260
17214	19	14	17	0	195	261
17215	19	14	18	1	128	261
17216	19	14	19	2	213	261
17217	19	14	20	3	202	261
17218	19	15	0	4	28	261
17219	19	15	1	5	147	261
17220	19	15	2	6	71	261
17221	19	15	3	7	135	261
17222	19	15	4	8	50	261
17223	19	15	5	9	252	261
17224	19	15	6	10	215	261
17225	19	15	7	11	114	261
17226	19	15	8	12	164	261
17227	19	15	9	13	29	261
17228	19	15	10	14	223	261
17229	19	15	11	15	151	261
17230	19	15	12	16	223	261
17231	19	15	13	17	217	261
17232	19	15	14	18	123	261
17233	19	15	15	19	90	261
17234	19	15	16	20	49	261
17235	19	15	17	21	67	261
17236	19	15	18	22	125	261
17237	19	15	19	23	118	261
17238	19	16	0	24	80	261
17239	19	16	1	25	78	261
17240	19	16	2	26	220	261
17241	19	16	3	27	96	261
17242	19	16	4	28	256	261
17243	19	16	5	29	166	261
17244	19	16	6	30	87	261
17245	19	16	7	31	217	261
17246	19	16	8	32	45	261
17247	19	16	9	33	185	261
17248	19	16	10	34	67	261
17249	19	16	11	35	176	261
17250	19	16	12	36	109	261
17251	19	16	13	37	124	261
17252	19	16	14	38	8	261
17253	19	16	15	39	139	261
17254	19	16	16	40	194	261
17255	19	16	17	41	18	261
17256	19	16	18	42	221	261
17257	19	17	0	43	55	261
17258	19	17	1	44	212	261
17259	19	17	2	45	99	261
17260	19	17	3	46	178	261
17261	19	17	4	47	152	261
17262	19	17	5	48	119	261
17263	19	17	6	49	180	261
17264	19	17	7	50	229	261
17265	19	17	8	51	67	261
17266	19	17	9	52	71	261
17267	19	17	10	53	47	261
17268	19	17	11	54	52	261
17269	19	17	12	55	186	261
17270	19	17	13	56	234	261
17271	19	17	14	57	88	261
17272	19	17	15	58	217	261
17273	19	17	16	59	207	261
17274	19	17	17	60	236	261
17275	19	18	0	61	116	261
17276	19	18	1	62	65	261
17277	19	18	2	63	36	261
17278	19	18	3	64	198	261
17279	19	18	4	65	177	261
17280	19	18	5	66	56	261
17281	19	18	6	67	50	261
17282	19	18	7	68	31	261
17283	19	18	8	69	237	261
17284	19	18	9	70	33	261
17285	19	18	10	71	35	261
17286	19	18	11	72	55	261
17287	19	18	12	73	220	261
17288	19	18	13	74	86	261
17289	19	18	14	75	132	261
17290	19	18	15	76	41	261
17291	19	18	16	77	82	261
17292	19	19	0	78	36	261
17293	19	19	1	79	208	261
17294	19	19	2	80	68	261
17295	19	19	3	81	129	261
17296	19	19	4	82	215	261
17297	19	19	5	83	85	261
17298	19	19	6	84	26	261
17299	19	19	7	85	206	261
17300	19	19	8	86	200	261
17301	19	19	9	87	211	261
17302	19	19	10	88	80	261
17303	19	19	11	89	9	261
17304	19	19	12	90	233	261
17305	19	19	13	91	160	261
17306	19	19	14	92	102	261
17307	19	19	15	93	256	261
17308	19	20	0	94	154	261
17309	19	20	1	95	170	261
17310	19	20	2	96	152	261
17311	19	20	3	97	60	261
17312	19	20	4	98	37	261
17313	19	20	5	99	151	261
17314	19	20	6	100	52	261
17315	19	20	7	101	13	261
17316	19	20	8	102	176	261
17317	19	20	9	103	54	261
17318	19	20	10	104	15	261
17319	19	20	11	105	93	261
17320	19	20	12	106	216	261
17321	19	20	13	107	110	261
17322	19	20	14	109	87	261
17323	19	21	0	108	105	261
17324	19	21	1	110	190	261
17325	19	21	2	111	125	261
17326	19	21	3	113	29	261
17327	19	21	4	0	239	262
17328	19	21	5	1	43	262
17329	19	21	6	2	251	262
17330	19	21	7	3	9	262
17331	19	21	8	4	236	262
17332	19	21	9	5	3	262
17333	19	21	10	6	2	262
17334	19	21	11	7	16	262
17335	19	21	12	8	159	262
17336	19	21	13	9	87	262
17337	19	22	0	10	15	262
17338	19	22	1	11	162	262
17339	19	22	2	12	219	262
17340	19	22	3	13	185	262
17341	19	22	4	14	166	262
17342	19	22	5	15	168	262
17343	19	22	6	16	51	262
17344	19	22	7	17	35	262
17345	19	22	8	18	81	262
17346	19	22	9	19	10	262
17347	19	22	10	20	72	262
17348	19	22	11	21	246	262
17349	19	22	12	22	181	262
17350	19	23	0	23	69	262
17351	19	23	1	24	210	262
17352	19	23	2	25	209	262
17353	19	23	3	26	58	262
17354	19	23	4	27	46	262
17355	19	23	5	28	173	262
17356	19	23	6	29	9	262
17357	19	23	7	30	150	262
17358	19	23	8	31	202	262
17359	19	23	9	32	65	262
17360	19	23	10	33	132	262
17361	19	23	11	34	152	262
17362	19	24	0	35	8	262
17363	19	24	1	36	101	262
17364	19	24	2	37	256	262
17365	19	24	3	38	116	262
17366	19	24	4	39	91	262
17367	19	24	5	40	216	262
17368	19	24	6	41	254	262
17369	19	24	7	42	115	262
17370	19	24	8	43	95	262
17371	19	24	9	44	97	262
17372	19	24	10	45	40	262
17373	19	25	0	46	118	262
17374	19	25	1	47	114	262
17375	19	25	2	48	25	262
17376	19	25	3	49	30	262
17377	19	25	4	50	102	262
17378	19	25	5	51	256	262
17379	19	25	6	52	109	262
17380	19	25	7	53	115	262
17381	19	25	8	54	85	262
17382	19	25	9	55	107	262
17383	19	26	0	56	117	262
17384	19	26	1	57	32	262
17385	19	26	2	58	126	262
17386	19	26	3	59	2	262
17387	19	26	4	60	6	262
17388	19	26	5	61	232	262
17389	19	26	6	62	89	262
17390	19	26	7	63	79	262
17391	19	26	8	64	227	262
17392	19	27	0	65	232	262
17393	19	27	1	66	42	262
17394	19	27	2	67	188	262
17395	19	27	3	68	190	262
17396	19	27	4	69	118	262
17397	19	27	5	70	15	262
17398	19	27	6	72	56	262
17399	19	27	7	71	232	262
17400	19	28	0	73	158	262
17401	19	28	1	74	152	262
17402	19	28	2	75	102	262
17403	19	28	3	76	188	262
17404	19	28	4	77	96	262
17405	19	28	5	78	144	262
17406	19	28	6	79	157	262
17407	19	29	0	80	185	262
17408	19	29	1	81	163	262
17409	19	29	2	82	9	262
17410	19	29	3	83	98	262
17411	19	29	4	84	234	262
17412	19	29	5	85	5	262
17413	19	30	0	86	68	262
17414	19	30	1	87	36	262
17415	19	30	2	88	126	262
17416	19	30	3	89	61	262
17417	19	30	4	90	110	262
17418	19	31	0	0	149	263
17419	19	31	1	91	175	262
17420	19	31	2	92	181	262
17421	19	31	3	93	236	262
17422	19	32	0	0	149	264
17423	19	32	1	94	120	262
17424	19	32	2	95	181	262
17425	19	33	0	0	149	265
17426	19	33	1	96	179	262
17427	19	34	0	0	149	266
17428	20	0	0	97	99	262
17429	20	0	1	98	87	262
17430	20	0	2	99	95	262
17431	20	0	3	100	48	262
17432	20	0	4	101	221	262
17433	20	0	5	102	179	262
17434	20	0	6	103	84	262
17435	20	0	7	112	2	262
17436	20	0	8	114	52	262
17437	20	0	9	115	72	262
17438	20	0	10	117	235	262
17439	20	0	11	118	59	262
17440	20	0	12	116	19	263
17441	20	0	13	119	54	263
17442	20	0	14	121	217	263
17443	20	0	15	120	194	264
17444	20	0	16	122	39	264
17445	20	0	17	123	169	264
17446	20	0	18	124	71	264
17447	20	0	19	125	117	264
17448	20	0	20	126	222	265
17449	20	0	21	127	169	265
17450	20	0	22	128	246	265
17451	20	0	23	129	152	265
17452	20	1	0	104	99	262
17453	20	1	1	105	142	262
17454	20	1	2	106	68	262
17455	20	1	3	107	168	262
17456	20	1	4	108	38	262
17457	20	1	5	109	60	262
17458	20	1	6	110	237	262
17459	20	1	7	111	61	262
17460	20	1	8	113	195	262
17461	20	1	9	1	162	263
17462	20	1	10	2	105	263
17463	20	1	11	112	210	263
17464	20	1	12	114	34	263
17465	20	1	13	115	225	263
17466	20	1	14	117	100	263
17467	20	1	15	118	174	263
17468	20	1	16	116	213	264
17469	20	1	17	119	233	264
17470	20	1	18	121	167	264
17471	20	1	19	120	96	265
17472	20	1	20	122	154	265
17473	20	1	21	123	239	265
17474	20	1	22	124	254	265
17475	20	1	23	125	205	265
17476	20	2	0	3	243	263
17477	20	2	1	4	66	263
17478	20	2	2	5	159	263
17479	20	2	3	6	34	263
17480	20	2	4	7	180	263
17481	20	2	5	8	95	263
17482	20	2	6	9	73	263
17483	20	2	7	10	245	263
17484	20	2	8	11	159	263
17485	20	2	9	12	209	263
17486	20	2	10	13	167	263
17487	20	2	11	108	46	263
17488	20	2	12	110	56	263
17489	20	2	13	111	157	263
17490	20	2	14	113	177	263
17491	20	2	15	112	222	264
17492	20	2	16	114	42	264
17493	20	2	17	115	157	264
17494	20	2	18	117	109	264
17495	20	2	19	118	105	264
17496	20	2	20	116	115	265
17497	20	2	21	119	182	265
17498	20	2	22	121	53	265
17499	20	3	0	14	203	263
17500	20	3	1	15	92	263
17501	20	3	2	16	203	263
17502	20	3	3	17	179	263
17503	20	3	4	18	206	263
17504	20	3	5	19	141	263
17505	20	3	6	20	112	263
17506	20	3	7	21	161	263
17507	20	3	8	22	15	263
17508	20	3	9	23	69	263
17509	20	3	10	104	61	263
17510	20	3	11	105	115	263
17511	20	3	12	106	31	263
17512	20	3	13	107	183	263
17513	20	3	14	109	198	263
17514	20	3	15	108	34	264
17515	20	3	16	110	175	264
17516	20	3	17	111	73	264
17517	20	3	18	113	172	264
17518	20	3	19	112	249	265
17519	20	3	20	114	67	265
17520	20	3	21	115	73	265
17521	20	3	22	117	42	265
17522	20	4	0	24	32	263
17523	20	4	1	25	222	263
17524	20	4	2	26	56	263
17525	20	4	3	27	99	263
17526	20	4	4	28	242	263
17527	20	4	5	29	241	263
17528	20	4	6	30	7	263
17529	20	4	7	31	181	263
17530	20	4	8	32	14	263
17531	20	4	9	33	224	263
17532	20	4	10	99	1	263
17533	20	4	11	100	221	263
17534	20	4	12	102	88	263
17535	20	4	13	103	246	263
17536	20	4	14	104	30	264
17537	20	4	15	105	6	264
17538	20	4	16	106	129	264
17539	20	4	17	107	90	264
17540	20	4	18	109	214	264
17541	20	4	19	108	74	265
17542	20	4	20	110	65	265
17543	20	4	21	111	196	265
17544	20	5	0	34	60	263
17545	20	5	1	35	199	263
17546	20	5	2	36	21	263
17547	20	5	3	37	255	263
17548	20	5	4	38	94	263
17549	20	5	5	39	121	263
17550	20	5	6	40	152	263
17551	20	5	7	41	8	263
17552	20	5	8	42	198	263
17553	20	5	9	43	68	263
17554	20	5	10	95	220	263
17555	20	5	11	96	129	263
17556	20	5	12	98	152	263
17557	20	5	13	101	98	263
17558	20	5	14	99	213	264
17559	20	5	15	100	74	264
17560	20	5	16	102	61	264
17561	20	5	17	103	52	264
17562	20	5	18	104	158	265
17563	20	5	19	105	83	265
17564	20	5	20	106	114	265
17565	20	5	21	107	217	265
17566	20	6	0	44	131	263
17567	20	6	1	45	69	263
17568	20	6	2	46	242	263
17569	20	6	3	47	72	263
17570	20	6	4	48	232	263
17571	20	6	5	49	5	263
17572	20	6	6	50	136	263
17573	20	6	7	51	93	263
17574	20	6	8	52	107	263
17575	20	6	9	90	249	263
17576	20	6	10	92	199	263
17577	20	6	11	93	214	263
17578	20	6	12	94	205	263
17579	20	6	13	97	57	263
17580	20	6	14	95	148	264
17581	20	6	15	96	223	264
17582	20	6	16	98	218	264
17583	20	6	17	101	194	264
17584	20	6	18	99	102	265
17585	20	6	19	100	71	265
17586	20	6	20	102	68	265
17587	20	7	0	53	152	263
17588	20	7	1	54	161	263
17589	20	7	2	55	136	263
17590	20	7	3	56	14	263
17591	20	7	4	57	37	263
17592	20	7	5	58	20	263
17593	20	7	6	59	213	263
17594	20	7	7	60	175	263
17595	20	7	8	61	57	263
17596	20	7	9	84	205	263
17597	20	7	10	87	108	263
17598	20	7	11	88	71	263
17599	20	7	12	91	128	263
17600	20	7	13	90	34	264
17601	20	7	14	92	188	264
17602	20	7	15	93	92	264
17603	20	7	16	94	223	264
17604	20	7	17	97	173	264
17605	20	7	18	95	120	265
17606	20	7	19	96	19	265
17607	20	7	20	98	103	265
17608	20	8	0	62	251	263
17609	20	8	1	63	43	263
17610	20	8	2	64	132	263
17611	20	8	3	65	256	263
17612	20	8	4	66	137	263
17613	20	8	5	67	118	263
17614	20	8	6	68	78	263
17615	20	8	7	69	121	263
17616	20	8	8	70	225	263
17617	20	8	9	80	170	263
17618	20	8	10	85	94	263
17619	20	8	11	86	146	263
17620	20	8	12	89	226	263
17621	20	8	13	84	159	264
17622	20	8	14	87	99	264
17623	20	8	15	88	152	264
17624	20	8	16	91	59	264
17625	20	8	17	90	141	265
17626	20	8	18	92	95	265
17627	20	8	19	93	192	265
17628	20	9	0	71	212	263
17629	20	9	1	72	138	263
17630	20	9	2	73	144	263
17631	20	9	3	74	101	263
17632	20	9	4	75	120	263
17633	20	9	5	76	198	263
17634	20	9	6	77	17	263
17635	20	9	7	78	70	263
17636	20	9	8	79	17	263
17637	20	9	9	81	216	263
17638	20	9	10	82	195	263
17639	20	9	11	83	5	263
17640	20	9	12	1	46	264
17641	20	9	13	80	158	264
17642	20	9	14	85	249	264
17643	20	9	15	86	239	264
17644	20	9	16	89	167	264
17645	20	9	17	84	104	265
17646	20	9	18	87	127	265
17647	20	9	19	88	118	265
17648	20	10	0	2	73	264
17649	20	10	1	3	130	264
17650	20	10	2	4	191	264
17651	20	10	3	5	22	264
17652	20	10	4	6	52	264
17653	20	10	5	7	175	264
17654	20	10	6	8	14	264
17655	20	10	7	9	177	264
17656	20	10	8	10	23	264
17657	20	10	9	11	39	264
17658	20	10	10	12	87	264
17659	20	10	11	13	83	264
17660	20	10	12	14	176	264
17661	20	10	13	78	5	264
17662	20	10	14	81	56	264
17663	20	10	15	82	195	264
17664	20	10	16	83	53	264
17665	20	10	17	80	9	265
17666	20	10	18	85	52	265
17667	20	11	0	15	193	264
17668	20	11	1	16	77	264
17669	20	11	2	17	29	264
17670	20	11	3	18	181	264
17671	20	11	4	19	239	264
17672	20	11	5	20	203	264
17673	20	11	6	21	238	264
17674	20	11	7	22	126	264
17675	20	11	8	23	136	264
17676	20	11	9	24	141	264
17677	20	11	10	25	253	264
17678	20	11	11	26	85	264
17679	20	11	12	74	163	264
17680	20	11	13	75	42	264
17681	20	11	14	76	132	264
17682	20	11	15	77	232	264
17683	20	11	16	79	165	264
17684	20	11	17	78	15	265
17685	20	11	18	81	255	265
17686	20	12	0	27	85	264
17687	20	12	1	28	115	264
17688	20	12	2	29	8	264
17689	20	12	3	30	79	264
17690	20	12	4	31	36	264
17691	20	12	5	32	208	264
17692	20	12	6	33	237	264
17693	20	12	7	34	138	264
17694	20	12	8	35	199	264
17695	20	12	9	36	67	264
17696	20	12	10	37	80	264
17697	20	12	11	38	109	264
17698	20	12	12	70	208	264
17699	20	12	13	71	216	264
17700	20	12	14	72	20	264
17701	20	12	15	73	20	264
17702	20	12	16	74	156	265
17703	20	12	17	75	67	265
17704	20	13	0	39	196	264
17705	20	13	1	40	160	264
17706	20	13	2	41	44	264
17707	20	13	3	42	221	264
17708	20	13	4	43	13	264
17709	20	13	5	44	102	264
17710	20	13	6	45	197	264
17711	20	13	7	46	251	264
17712	20	13	8	47	124	264
17713	20	13	9	48	113	264
17714	20	13	10	49	88	264
17715	20	13	11	64	240	264
17716	20	13	12	66	136	264
17717	20	13	13	67	129	264
17718	20	13	14	68	241	264
17719	20	13	15	69	151	264
17720	20	13	16	70	136	265
17721	20	13	17	71	161	265
17722	20	14	0	50	38	264
17723	20	14	1	51	52	264
17724	20	14	2	52	90	264
17725	20	14	3	53	69	264
17726	20	14	4	54	175	264
17727	20	14	5	55	56	264
17728	20	14	6	56	227	264
17729	20	14	7	57	193	264
17730	20	14	8	58	114	264
17731	20	14	9	59	113	264
17732	20	14	10	60	114	264
17733	20	14	11	61	46	264
17734	20	14	12	62	224	264
17735	20	14	13	63	114	264
17736	20	14	14	65	45	264
17737	20	14	15	64	135	265
17738	20	14	16	66	168	265
17739	20	15	0	1	225	265
17740	20	15	1	2	86	265
17741	20	15	2	3	131	265
17742	20	15	3	4	193	265
17743	20	15	4	5	12	265
17744	20	15	5	6	140	265
17745	20	15	6	7	63	265
17746	20	15	7	8	45	265
17747	20	15	8	9	154	265
17748	20	15	9	10	230	265
17749	20	15	10	12	227	265
17750	20	15	11	11	117	265
17751	20	15	12	13	227	265
17752	20	15	13	14	119	265
17753	20	15	14	15	108	265
17754	20	15	15	60	177	265
17755	20	15	16	62	186	265
17756	20	16	0	16	171	265
17757	20	16	1	17	34	265
17758	20	16	2	18	14	265
17759	20	16	3	19	196	265
17760	20	16	4	20	196	265
17761	20	16	5	21	196	265
17762	20	16	6	22	149	265
17763	20	16	7	23	158	265
17764	20	16	8	24	186	265
17765	20	16	9	25	63	265
17766	20	16	10	26	58	265
17767	20	16	11	27	238	265
17768	20	16	12	28	53	265
17769	20	16	13	29	33	265
17770	20	16	14	30	82	265
17771	20	16	15	56	56	265
17772	20	17	0	31	250	265
17773	20	17	1	32	172	265
17774	20	17	2	33	150	265
17775	20	17	3	34	103	265
17776	20	17	4	35	25	265
17777	20	17	5	36	198	265
17778	20	17	6	37	181	265
17779	20	17	7	38	213	265
17780	20	17	8	39	193	265
17781	20	17	9	40	16	265
17782	20	17	10	41	25	265
17783	20	17	11	42	41	265
17784	20	17	12	43	130	265
17785	20	17	13	44	205	265
17786	20	17	14	50	246	265
17787	20	17	15	52	147	265
17788	20	18	0	45	239	265
17789	20	18	1	46	108	265
17790	20	18	2	47	1	265
17791	20	18	3	48	134	265
17792	20	18	4	49	228	265
17793	20	18	5	51	249	265
17794	20	18	6	53	53	265
17795	20	18	7	54	88	265
17796	20	18	8	55	198	265
17797	20	18	9	57	4	265
17798	20	18	10	58	169	265
17799	20	18	11	59	103	265
17800	20	18	12	61	253	265
17801	20	18	13	63	12	265
17802	20	18	14	65	139	265
17803	20	19	0	67	174	265
17804	20	19	1	68	112	265
17805	20	19	2	69	176	265
17806	20	19	3	72	125	265
17807	20	19	4	73	158	265
17808	20	19	5	76	192	265
17809	20	19	6	77	115	265
17810	20	19	7	79	248	265
17811	20	19	8	82	219	265
17812	20	19	9	83	192	265
17813	20	19	10	86	10	265
17814	20	19	11	89	144	265
17815	20	19	12	91	22	265
17816	20	19	13	94	112	265
17817	20	19	14	97	24	265
17818	20	20	0	101	150	265
17819	20	20	1	103	46	265
17820	20	20	2	109	203	265
17821	20	20	3	113	172	265
17822	20	20	4	118	19	265
17823	20	20	5	131	130	265
17824	20	20	6	1	158	266
17825	20	20	7	2	45	266
17826	20	20	8	3	115	266
17827	20	20	9	4	194	266
17828	20	20	10	5	140	266
17829	20	20	11	6	185	266
17830	20	20	12	7	149	266
17831	20	20	13	8	88	266
17832	20	21	0	9	74	266
17833	20	21	1	10	132	266
17834	20	21	2	11	74	266
17835	20	21	3	12	154	266
17836	20	21	4	13	240	266
17837	20	21	5	14	33	266
17838	20	21	6	15	28	266
17839	20	21	7	16	189	266
17840	20	21	8	17	245	266
17841	20	21	9	18	132	266
17842	20	21	10	19	43	266
17843	20	21	11	20	235	266
17844	20	21	12	21	131	266
17845	20	21	13	22	42	266
17846	20	22	0	23	153	266
17847	20	22	1	24	236	266
17848	20	22	2	25	170	266
17849	20	22	3	26	167	266
17850	20	22	4	27	76	266
17851	20	22	5	28	220	266
17852	20	22	6	29	15	266
17853	20	22	7	30	103	266
17854	20	22	8	31	209	266
17855	20	22	9	32	243	266
17856	20	22	10	33	252	266
17857	20	22	11	34	178	266
17858	20	22	12	35	203	266
17859	20	23	0	36	31	266
17860	20	23	1	37	165	266
17861	20	23	2	38	197	266
17862	20	23	3	39	112	266
17863	20	23	4	40	248	266
17864	20	23	5	41	238	266
17865	20	23	6	42	226	266
17866	20	23	7	43	226	266
17867	20	23	8	44	114	266
17868	20	23	9	45	24	266
17869	20	23	10	46	69	266
17870	20	23	11	47	63	266
17871	20	23	12	48	161	266
17872	20	24	0	49	56	266
17873	20	24	1	50	151	266
17874	20	24	2	51	184	266
17875	20	24	3	52	223	266
17876	20	24	4	53	156	266
17877	20	24	5	54	140	266
17878	20	24	6	55	7	266
17879	20	24	7	56	217	266
17880	20	24	8	57	237	266
17881	20	24	9	58	168	266
17882	20	24	10	59	162	266
17883	20	24	11	60	136	266
17884	20	25	0	61	138	266
17885	20	25	1	62	16	266
17886	20	25	2	63	209	266
17887	20	25	3	64	225	266
17888	20	25	4	65	213	266
17889	20	25	5	66	207	266
17890	20	25	6	67	11	266
17891	20	25	7	68	212	266
17892	20	25	8	69	219	266
17893	20	25	9	70	182	266
17894	20	25	10	71	193	266
17895	20	25	11	72	26	266
17896	20	26	0	73	148	266
17897	20	26	1	74	126	266
17898	20	26	2	75	200	266
17899	20	26	3	76	211	266
17900	20	26	4	77	48	266
17901	20	26	5	78	70	266
17902	20	26	6	79	178	266
17903	20	26	7	80	61	266
17904	20	26	8	81	203	266
17905	20	26	9	82	69	266
17906	20	26	10	83	189	266
17907	20	27	0	84	104	266
17908	20	27	1	85	109	266
17909	20	27	2	86	50	266
17910	20	27	3	87	222	266
17911	20	27	4	88	88	266
17912	20	27	5	89	166	266
17913	20	27	6	90	251	266
17914	20	27	7	91	138	266
17915	20	27	8	92	234	266
17916	20	27	9	93	91	266
17917	20	27	10	94	143	266
17918	20	28	0	95	173	266
17919	20	28	1	96	31	266
17920	20	28	2	97	71	266
17921	20	28	3	98	254	266
17922	20	28	4	99	83	266
17923	20	28	5	100	148	266
17924	20	28	6	101	211	266
17925	20	28	7	102	164	266
17926	20	28	8	103	187	266
17927	20	28	9	104	168	266
17928	20	29	0	105	199	266
17929	20	29	1	106	182	266
17930	20	29	2	107	110	266
17931	20	29	3	108	178	266
17932	20	29	4	109	37	266
17933	20	29	5	110	149	266
17934	20	29	6	111	2	266
17935	20	29	7	112	49	266
17936	20	29	8	113	184	266
17937	20	29	9	114	43	266
17938	20	30	0	115	83	266
17939	20	30	1	116	218	266
17940	20	30	2	117	41	266
17941	20	30	3	118	183	266
17942	20	30	4	119	190	266
17943	20	30	5	120	120	266
17944	20	30	6	121	37	266
17945	20	30	7	122	89	266
17946	20	30	8	123	36	266
17947	20	31	0	124	16	266
17948	20	31	1	125	233	266
17949	20	31	2	126	187	266
17950	20	31	3	127	175	266
17951	20	31	4	128	84	266
17952	20	31	5	129	220	266
17953	20	31	6	130	209	266
17954	20	31	7	131	103	266
17955	20	31	8	133	149	266
17956	20	32	0	0	20	267
17957	20	32	1	1	151	267
17958	20	32	2	2	105	267
17959	20	32	3	3	16	267
17960	20	32	4	4	214	267
17961	20	32	5	5	9	267
17962	20	32	6	6	156	267
17963	20	32	7	7	25	267
17964	20	33	0	8	14	267
17965	20	33	1	9	38	267
17966	20	33	2	10	92	267
17967	20	33	3	11	114	267
17968	20	33	4	12	23	267
17969	20	33	5	13	195	267
17970	20	33	6	14	13	267
17971	20	33	7	15	22	267
17972	20	34	0	16	148	267
17973	20	34	1	17	57	267
17974	20	34	2	18	2	267
17975	20	34	3	19	184	267
17976	20	34	4	20	164	267
17977	20	34	5	21	188	267
17978	20	34	6	22	118	267
17979	20	35	0	23	9	267
17980	20	35	1	24	139	267
17981	20	35	2	25	151	267
17982	20	35	3	26	66	267
17983	20	35	4	27	116	267
17984	20	35	5	28	224	267
17985	20	35	6	29	225	267
17986	20	36	0	30	45	267
17987	20	36	1	31	189	267
17988	20	36	2	32	237	267
17989	20	36	3	33	44	267
17990	20	36	4	34	184	267
17991	20	36	5	35	111	267
17992	20	37	0	36	78	267
17993	20	37	1	37	167	267
17994	20	37	2	38	197	267
17995	20	37	3	39	65	267
17996	20	37	4	40	175	267
17997	20	37	5	41	4	267
17998	20	38	0	42	15	267
17999	20	38	1	43	76	267
18000	20	38	2	44	126	267
18001	20	38	3	45	75	267
18002	20	38	4	46	236	267
18003	20	39	0	47	6	267
18004	20	39	1	48	93	267
18005	20	39	2	49	40	267
18006	20	39	3	50	89	267
18007	20	39	4	51	172	267
18008	20	40	0	52	118	267
18009	20	40	1	53	58	267
18010	20	40	2	54	175	267
18011	20	40	3	55	254	267
18012	20	41	0	56	154	267
18013	20	41	1	57	7	267
18014	20	41	2	58	205	267
18015	20	41	3	59	56	267
18016	20	42	0	60	137	267
18017	20	42	1	61	176	267
18018	20	42	2	62	12	267
18019	20	43	0	63	3	267
18020	20	43	1	64	18	267
18021	20	43	2	65	10	267
18022	20	44	0	66	189	267
18023	20	44	1	67	174	267
18024	20	45	0	68	161	267
18025	20	45	1	69	67	267
18026	20	46	0	70	61	267
18027	20	47	0	71	55	267
