263 113 13061
0 0 1 0
1 0 1 1
2 0 1 2
3 0 1 3
4 0 1 4
5 0 1 5
6 0 1 6
7 0 1 7
8 0 1 8
9 0 1 9
10 0 1 10
11 0 1 11
12 0 1 12
13 0 1 13
14 0 1 14
15 0 1 15
16 0 1 16
17 0 1 17
18 0 1 18
19 0 1 19
20 0 1 20
21 0 1 21
22 0 1 22
23 0 1 23
24 0 1 24
25 0 1 25
26 0 1 26
27 0 1 27
28 0 1 28
29 0 1 29
30 0 1 30
31 0 1 31
32 0 1 32
33 0 1 33
34 0 1 34
35 0 1 35
36 0 1 36
37 0 1 37
38 0 1 38
39 0 1 39
40 0 1 40
41 0 1 41
42 0 1 42
43 1 1 2
44 1 1 3
45 1 1 4
46 1 1 5
47 1 1 6
48 1 1 7
49 1 1 8
50 1 1 9
51 1 1 10
52 1 1 11
53 1 1 12
54 1 1 13
55 1 1 14
56 1 1 15
57 1 1 16
58 1 1 17
59 1 1 18
60 1 1 19
61 1 1 20
62 1 1 21
63 1 1 22
64 1 1 23
65 1 1 24
66 1 1 25
67 1 1 26
68 1 1 27
69 1 1 28
70 1 1 29
71 1 1 30
72 1 1 31
73 1 1 32
74 1 1 33
75 1 1 34
76 1 1 35
77 1 1 36
78 1 1 37
79 1 1 38
80 1 1 39
81 1 1 40
82 1 1 41
83 1 1 42
84 2 1 4
85 2 1 5
86 2 1 6
87 2 1 7
88 2 1 8
89 2 1 9
90 2 1 10
91 2 1 11
92 2 1 12
93 2 1 13
94 2 1 14
95 2 1 15
96 2 1 16
97 2 1 17
98 2 1 18
99 2 1 19
100 2 1 20
101 2 1 21
102 2 1 22
103 2 1 23
104 2 1 24
105 2 1 25
106 2 1 26
107 2 1 27
108 2 1 28
109 2 1 29
110 2 1 30
111 2 1 31
112 2 1 32
113 2 1 33
114 2 1 34
115 2 1 35
116 2 1 36
117 2 1 37
118 2 1 38
119 2 1 39
120 2 1 40
121 2 1 41
122 2 1 42
123 3 1 6
124 3 1 7
125 3 1 8
126 3 1 9
127 3 1 10
128 3 1 11
129 3 1 12
130 3 1 13
131 3 1 14
132 3 1 15
133 3 1 16
134 3 1 17
135 3 1 18
136 3 1 19
137 3 1 20
138 3 1 21
139 3 1 22
140 3 1 23
141 3 1 24
142 3 1 25
143 3 1 26
144 3 1 27
145 3 1 28
146 3 1 29
147 3 1 30
148 3 1 31
149 3 1 32
150 3 1 33
151 3 1 34
152 3 1 35
153 3 1 36
154 3 1 37
155 3 1 38
156 3 1 39
157 3 1 40
158 3 1 41
159 3 1 42
160 4 1 8
161 4 1 9
162 4 1 10
163 4 1 11
164 4 1 12
165 4 1 13
166 4 1 14
167 4 1 15
168 4 1 16
169 4 1 17
170 4 1 18
171 4 1 19
172 4 1 20
173 4 1 21
174 4 1 22
175 4 1 23
176 4 1 24
177 4 1 25
178 4 1 26
179 4 1 27
180 4 1 28
181 4 1 29
182 4 1 30
183 4 1 31
184 4 1 32
185 4 1 33
186 4 1 34
187 4 1 35
188 4 1 36
189 4 1 37
190 4 1 38
191 4 1 39
192 4 1 40
193 4 1 41
194 4 1 42
195 5 1 10
196 5 1 11
197 5 1 12
198 5 1 13
199 5 1 14
200 5 1 15
201 5 1 16
202 5 1 17
203 5 1 18
204 5 1 19
205 5 1 20
206 5 1 21
207 5 1 22
208 5 1 23
209 5 1 24
210 5 1 25
211 5 1 26
212 5 1 27
213 5 1 28
214 5 1 29
215 5 1 30
216 5 1 31
217 5 1 32
218 5 1 33
219 5 1 34
220 5 1 35
221 5 1 36
222 5 1 37
223 5 1 38
224 5 1 39
225 5 1 40
226 5 1 41
227 5 1 42
228 6 1 12
229 6 1 13
230 6 1 14
231 6 1 15
232 6 1 16
233 6 1 17
234 6 1 18
235 6 1 19
236 6 1 20
237 6 1 21
238 6 1 22
239 6 1 23
240 6 1 24
241 6 1 25
242 6 1 26
243 6 1 27
244 6 1 28
245 6 1 29
246 6 1 30
247 6 1 31
248 6 1 32
249 6 1 33
250 6 1 34
251 6 1 35
252 6 1 36
253 6 1 37
254 6 1 38
255 6 1 39
256 6 1 40
257 6 1 41
258 6 1 42
259 7 1 14
260 7 1 15
261 7 1 16
262 7 1 17
263 7 1 18
264 7 1 19
265 7 1 20
266 7 1 21
267 7 1 22
268 7 1 23
269 7 1 24
270 7 1 25
271 7 1 26
272 7 1 27
273 7 1 28
274 7 1 29
275 7 1 30
276 7 1 31
277 7 1 32
278 7 1 33
279 7 1 34
280 7 1 35
281 7 1 36
282 7 1 37
283 7 1 38
284 7 1 39
285 7 1 40
286 7 1 41
287 7 1 42
288 8 1 16
289 8 1 17
290 8 1 18
291 8 1 19
292 8 1 20
293 8 1 21
294 8 1 22
295 8 1 23
296 8 1 24
297 8 1 25
298 8 1 26
299 8 1 27
300 8 1 28
301 8 1 29
302 8 1 30
303 8 1 31
304 8 1 32
305 8 1 33
306 8 1 34
307 8 1 35
308 8 1 36
309 8 1 37
310 8 1 38
311 8 1 39
312 8 1 40
313 8 1 41
314 8 1 42
315 9 1 18
316 9 1 19
317 9 1 20
318 9 1 21
319 9 1 22
320 9 1 23
321 9 1 24
322 9 1 25
323 9 1 26
324 9 1 27
325 9 1 28
326 9 1 29
327 9 1 30
328 9 1 31
329 9 1 32
330 9 1 33
331 9 1 34
332 9 1 35
333 9 1 36
334 9 1 37
335 9 1 38
336 9 1 39
337 9 1 40
338 9 1 41
339 9 1 42
340 10 1 20
341 10 1 21
342 10 1 22
343 10 1 23
344 10 1 24
345 10 1 25
346 10 1 26
347 10 1 27
348 10 1 28
349 10 1 29
350 10 1 30
351 10 1 31
352 10 1 32
353 10 1 33
354 10 1 34
355 10 1 35
356 10 1 36
357 10 1 37
358 10 1 38
359 10 1 39
360 10 1 40
361 10 1 41
362 10 1 42
363 11 1 22
364 11 1 23
365 11 1 24
366 11 1 25
367 11 1 26
368 11 1 27
369 11 1 28
370 11 1 29
371 11 1 30
372 11 1 31
373 11 1 32
374 11 1 33
375 11 1 34
376 11 1 35
377 11 1 36
378 11 1 37
379 11 1 38
380 11 1 39
381 11 1 40
382 11 1 41
383 11 1 42
384 12 1 24
385 12 1 25
386 12 1 26
387 12 1 27
388 12 1 28
389 12 1 29
390 12 1 30
391 12 1 31
392 12 1 32
393 12 1 33
394 12 1 34
395 12 1 35
396 12 1 36
397 12 1 37
398 12 1 38
399 12 1 39
400 12 1 40
401 12 1 41
402 12 1 42
403 13 1 26
404 13 1 27
405 13 1 28
406 13 1 29
407 13 1 30
408 13 1 31
409 13 1 32
410 13 1 33
411 13 1 34
412 13 1 35
413 13 1 36
414 13 1 37
415 13 1 38
416 13 1 39
417 13 1 40
418 13 1 41
419 13 1 42
420 14 1 28
421 14 1 29
422 14 1 30
423 14 1 31
424 14 1 32
425 14 1 33
426 14 1 34
427 14 1 35
428 14 1 36
429 14 1 37
430 14 1 38
431 14 1 39
432 14 1 40
433 14 1 41
434 14 1 42
435 15 1 30
436 15 1 31
437 15 1 32
438 15 1 33
439 15 1 34
440 15 1 35
441 15 1 36
442 15 1 37
443 15 1 38
444 15 1 39
445 15 1 40
446 15 1 41
447 15 1 42
448 16 1 32
449 16 1 33
450 16 1 34
451 16 1 35
452 16 1 36
453 16 1 37
454 16 1 38
455 16 1 39
456 16 1 40
457 16 1 41
458 16 1 42
459 17 1 34
460 17 1 35
461 17 1 36
462 17 1 37
463 17 1 38
464 17 1 39
465 17 1 40
466 17 1 41
467 17 1 42
468 18 1 36
469 18 1 37
470 18 1 38
471 18 1 39
472 18 1 40
473 18 1 41
474 18 1 42
475 19 1 38
476 19 1 39
477 19 1 40
478 19 1 41
479 19 1 42
480 20 1 40
481 20 1 41
482 20 1 42
483 21 1 42
484 22 1 44
485 21 262 43
486 21 262 44
487 20 1 43
488 20 1 44
489 19 262 43
490 19 262 44
491 18 1 43
492 18 1 44
493 17 262 43
494 17 262 44
495 16 1 43
496 16 1 44
497 15 262 43
498 15 262 44
499 14 1 43
500 14 1 44
501 13 262 43
502 13 262 44
503 12 1 43
504 12 1 44
505 11 262 43
506 11 262 44
507 10 1 43
508 10 1 44
509 9 262 43
510 9 262 44
511 8 1 43
512 8 1 44
513 23 1 46
514 22 262 45
515 22 262 46
516 21 1 45
517 21 1 46
518 20 262 45
519 20 262 46
520 19 1 45
521 19 1 46
522 18 262 45
523 18 262 46
524 17 1 45
525 17 1 46
526 16 262 45
527 16 262 46
528 15 1 45
529 15 1 46
530 14 262 45
531 14 262 46
532 13 1 45
533 13 1 46
534 12 262 45
535 12 262 46
536 11 1 45
537 11 1 46
538 10 262 45
539 10 262 46
540 9 1 45
541 24 1 48
542 23 262 47
543 23 262 48
544 22 1 47
545 22 1 48
546 21 262 47
547 21 262 48
548 20 1 47
549 20 1 48
550 19 262 47
551 19 262 48
552 18 1 47
553 18 1 48
554 17 262 47
555 17 262 48
556 16 1 47
557 16 1 48
558 15 262 47
559 15 262 48
560 14 1 47
561 14 1 48
562 13 262 47
563 13 262 48
564 12 1 47
565 12 1 48
566 11 262 47
567 11 262 48
568 25 1 50
569 24 262 49
570 24 262 50
571 23 1 49
572 23 1 50
573 22 262 49
574 22 262 50
575 21 1 49
576 21 1 50
577 20 262 49
578 20 262 50
579 19 1 49
580 19 1 50
581 18 262 49
582 18 262 50
583 17 1 49
584 17 1 50
585 16 262 49
586 16 262 50
587 15 1 49
588 15 1 50
589 14 262 49
590 14 262 50
591 13 1 49
592 13 1 50
593 12 262 49
594 26 1 52
595 25 262 51
596 25 262 52
597 24 1 51
598 24 1 52
599 23 262 51
600 23 262 52
601 22 1 51
602 22 1 52
603 21 262 51
604 21 262 52
605 20 1 51
606 20 1 52
607 19 262 51
608 19 262 52
609 18 1 51
610 18 1 52
611 17 262 51
612 17 262 52
613 16 1 51
614 16 1 52
615 15 262 51
616 15 262 52
617 14 1 51
618 14 1 52
619 27 1 54
620 26 262 53
621 26 262 54
622 25 1 53
623 25 1 54
624 24 262 53
625 24 262 54
626 23 1 53
627 23 1 54
628 22 262 53
629 22 262 54
630 21 1 53
631 21 1 54
632 20 262 53
633 20 262 54
634 19 1 53
635 19 1 54
636 18 262 53
637 18 262 54
638 17 1 53
639 17 1 54
640 16 262 53
641 16 262 54
642 15 1 53
643 28 1 56
644 27 262 55
645 27 262 56
646 26 1 55
647 26 1 56
648 25 262 55
649 25 262 56
650 24 1 55
651 24 1 56
652 23 262 55
653 23 262 56
654 22 1 55
655 22 1 56
656 21 262 55
657 21 262 56
658 20 1 55
659 20 1 56
660 19 262 55
661 19 262 56
662 18 1 55
663 18 1 56
664 17 262 55
665 17 262 56
666 29 1 58
667 28 262 57
668 28 262 58
669 27 1 57
670 27 1 58
671 26 262 57
672 26 262 58
673 25 1 57
674 25 1 58
675 24 262 57
676 24 262 58
677 23 1 57
678 23 1 58
679 22 262 57
680 22 262 58
681 21 1 57
682 21 1 58
683 20 262 57
684 20 262 58
685 19 1 57
686 19 1 58
687 18 262 57
688 30 1 60
689 29 262 59
690 29 262 60
691 28 1 59
692 28 1 60
693 27 262 59
694 27 262 60
695 26 1 59
696 26 1 60
697 25 262 59
698 25 262 60
699 24 1 59
700 24 1 60
701 23 262 59
702 23 262 60
703 22 1 59
704 22 1 60
705 21 262 59
706 21 262 60
707 20 1 59
708 20 1 60
709 31 1 62
710 30 262 61
711 30 262 62
712 29 1 61
713 29 1 62
714 28 262 61
715 28 262 62
716 27 1 61
717 27 1 62
718 26 262 61
719 26 262 62
720 25 1 61
721 25 1 62
722 24 262 61
723 24 262 62
724 23 1 61
725 23 1 62
726 22 262 61
727 22 262 62
728 21 1 61
729 32 1 64
730 31 262 63
731 31 262 64
732 30 1 63
733 30 1 64
734 29 262 63
735 29 262 64
736 28 1 63
737 28 1 64
738 27 262 63
739 27 262 64
740 26 1 63
741 26 1 64
742 25 262 63
743 25 262 64
744 24 1 63
745 24 1 64
746 23 262 63
747 23 262 64
748 33 1 66
749 32 262 65
750 32 262 66
751 31 1 65
752 31 1 66
753 30 262 65
754 30 262 66
755 29 1 65
756 29 1 66
757 28 262 65
758 28 262 66
759 27 1 65
760 27 1 66
761 26 262 65
762 26 262 66
763 25 1 65
764 25 1 66
765 24 262 65
766 34 1 68
767 33 262 67
768 33 262 68
769 32 1 67
770 32 1 68
771 31 262 67
772 31 262 68
773 30 1 67
774 30 1 68
775 29 262 67
776 29 262 68
777 28 1 67
778 28 1 68
779 27 262 67
780 27 262 68
781 26 1 67
782 26 1 68
783 35 1 70
784 34 262 69
785 34 262 70
786 33 1 69
787 33 1 70
788 32 262 69
789 32 262 70
790 31 1 69
791 31 1 70
792 30 262 69
793 30 262 70
794 29 1 69
795 29 1 70
796 28 262 69
797 28 262 70
798 27 1 69
799 36 1 72
800 35 262 71
801 35 262 72
802 34 1 71
803 34 1 72
804 33 262 71
805 33 262 72
806 32 1 71
807 32 1 72
808 31 262 71
809 31 262 72
810 30 1 71
811 30 1 72
812 29 262 71
813 29 262 72
814 37 1 74
815 36 262 73
816 36 262 74
817 35 1 73
818 35 1 74
819 34 262 73
820 34 262 74
821 33 1 73
822 33 1 74
823 32 262 73
824 32 262 74
825 31 1 73
826 31 1 74
827 30 262 73
828 38 1 76
829 37 262 75
830 37 262 76
831 36 1 75
832 36 1 76
833 35 262 75
834 35 262 76
835 34 1 75
836 34 1 76
837 33 262 75
838 33 262 76
839 32 1 75
840 32 1 76
841 39 1 78
842 38 262 77
843 38 262 78
844 37 1 77
845 37 1 78
846 36 262 77
847 36 262 78
848 35 1 77
849 35 1 78
850 34 262 77
851 34 262 78
852 33 1 77
853 40 1 80
854 39 262 79
855 39 262 80
856 38 1 79
857 38 1 80
858 37 262 79
859 37 262 80
860 36 1 79
861 36 1 80
862 35 262 79
863 35 262 80
864 41 1 82
865 40 262 81
866 40 262 82
867 39 1 81
868 39 1 82
869 38 262 81
870 38 262 82
871 37 1 81
872 37 1 82
873 36 262 81
874 42 1 84
875 41 262 83
876 41 262 84
877 40 1 83
878 40 1 84
879 39 262 83
880 39 262 84
881 38 1 83
882 38 1 84
883 43 1 86
884 42 262 85
885 42 262 86
886 41 1 85
887 41 1 86
888 40 262 85
889 40 262 86
890 39 1 85
891 44 1 88
892 43 262 87
893 43 262 88
894 42 1 87
895 42 1 88
896 41 262 87
897 41 262 88
898 45 1 90
899 44 262 89
900 44 262 90
901 43 1 89
902 43 1 90
903 42 262 89
904 46 1 92
905 45 262 91
906 45 262 92
907 44 1 91
908 44 1 92
909 47 1 94
910 46 262 93
911 46 262 94
912 45 1 93
913 48 1 96
914 47 262 95
915 47 262 96
916 49 1 98
917 48 262 97
918 50 1 100
919 51 84 102
920 49 7 99
921 48 173 98
922 46 124 95
923 45 134 94
924 43 55 91
925 42 157 90
926 40 35 87
927 39 76 86
928 37 94 83
929 36 144 82
930 34 12 79
931 33 259 78
932 31 175 75
933 30 117 74
934 28 207 71
935 27 194 70
936 25 60 67
937 24 243 66
938 22 86 63
939 21 59 62
940 19 246 59
941 18 181 58
942 52 84 104
943 50 7 101
944 49 173 100
945 47 124 97
946 46 134 96
947 44 55 93
948 43 157 92
949 41 35 89
950 40 76 88
951 38 94 85
952 37 144 84
953 35 12 81
954 34 259 80
955 32 175 77
956 31 117 76
957 29 207 73
958 28 194 72
959 26 60 69
960 25 243 68
961 23 86 65
962 22 59 64
963 20 246 61
964 53 84 106
965 51 7 103
966 50 173 102
967 48 124 99
968 47 134 98
969 45 55 95
970 44 157 94
971 42 35 91
972 41 76 90
973 39 94 87
974 38 144 86
975 36 12 83
976 35 259 82
977 33 175 79
978 32 117 78
979 30 207 75
980 29 194 74
981 27 60 71
982 26 243 70
983 24 86 67
984 23 59 66
985 54 84 108
986 52 7 105
987 51 173 104
988 49 124 101
989 48 134 100
990 46 55 97
991 45 157 96
992 43 35 93
993 42 76 92
994 40 94 89
995 39 144 88
996 37 12 85
997 36 259 84
998 34 175 81
999 33 117 80
1000 31 207 77
1001 30 194 76
1002 28 60 73
1003 27 243 72
1004 25 86 69
1005 55 84 110
1006 53 7 107
1007 52 173 106
1008 50 124 103
1009 49 134 102
1010 47 55 99
1011 46 157 98
1012 44 35 95
1013 43 76 94
1014 41 94 91
1015 40 144 90
1016 38 12 87
1017 37 259 86
1018 35 175 83
1019 34 117 82
1020 32 207 79
1021 31 194 78
1022 29 60 75
1023 28 243 74
1024 56 84 112
1025 54 7 109
1026 53 173 108
1027 51 124 105
1028 50 134 104
1029 48 55 101
1030 47 157 100
1031 45 35 97
1032 44 76 96
1033 42 94 93
1034 41 144 92
1035 39 12 89
1036 38 259 88
1037 36 175 85
1038 35 117 84
1039 33 207 81
1040 32 194 80
1041 30 60 77
1042 57 84 114
1043 55 7 111
1044 54 173 110
1045 52 124 107
1046 51 134 106
1047 49 55 103
1048 48 157 102
1049 46 35 99
1050 45 76 98
1051 43 94 95
1052 42 144 94
1053 40 12 91
1054 39 259 90
1055 37 175 87
1056 36 117 86
1057 34 207 83
1058 33 194 82
1059 58 84 116
1060 56 7 113
1061 55 173 112
1062 53 124 109
1063 52 134 108
1064 50 55 105
1065 49 157 104
1066 47 35 101
1067 46 76 100
1068 44 94 97
1069 43 144 96
1070 41 12 93
1071 40 259 92
1072 38 175 89
1073 37 117 88
1074 35 207 85
1075 59 84 118
1076 57 7 115
1077 56 173 114
1078 54 124 111
1079 53 134 110
1080 51 55 107
1081 50 157 106
1082 48 35 103
1083 47 76 102
1084 45 94 99
1085 44 144 98
1086 42 12 95
1087 41 259 94
1088 39 175 91
1089 38 117 90
1090 60 84 120
1091 58 7 117
1092 57 173 116
1093 55 124 113
1094 54 134 112
1095 52 55 109
1096 51 157 108
1097 49 35 105
1098 48 76 104
1099 46 94 101
1100 45 144 100
1101 43 12 97
1102 42 259 96
1103 40 175 93
1104 61 84 122
1105 59 7 119
1106 58 173 118
1107 56 124 115
1108 55 134 114
1109 53 55 111
1110 52 157 110
1111 50 35 107
1112 49 76 106
1113 47 94 103
1114 46 144 102
1115 44 12 99
1116 43 259 98
1117 62 84 124
1118 60 7 121
1119 59 173 120
1120 57 124 117
1121 56 134 116
1122 54 55 113
1123 53 157 112
1124 51 35 109
1125 50 76 108
1126 48 94 105
1127 47 144 104
1128 45 12 101
1129 63 84 126
1130 61 7 123
1131 60 173 122
1132 58 124 119
1133 57 134 118
1134 55 55 115
1135 54 157 114
1136 52 35 111
1137 51 76 110
1138 49 94 107
1139 48 144 106
1140 64 84 128
1141 62 7 125
1142 61 173 124
1143 59 124 121
1144 58 134 120
1145 56 55 117
1146 55 157 116
1147 53 35 113
1148 52 76 112
1149 50 94 109
1150 65 84 130
1151 63 7 127
1152 62 173 126
1153 60 124 123
1154 59 134 122
1155 57 55 119
1156 56 157 118
1157 54 35 115
1158 53 76 114
1159 66 84 132
1160 64 7 129
1161 63 173 128
1162 61 124 125
1163 60 134 124
1164 58 55 121
1165 57 157 120
1166 55 35 117
1167 67 84 134
1168 65 7 131
1169 64 173 130
1170 62 124 127
1171 61 134 126
1172 59 55 123
1173 58 157 122
1174 68 84 136
1175 66 7 133
1176 65 173 132
1177 63 124 129
1178 62 134 128
1179 60 55 125
1180 69 84 138
1181 67 7 135
1182 66 173 134
1183 64 124 131
1184 63 134 130
1185 70 84 140
1186 68 7 137
1187 67 173 136
1188 65 124 133
1189 71 84 142
1190 69 7 139
1191 68 173 138
1192 72 84 144
1193 70 7 141
1194 73 84 146
1195 74 135 148
1196 71 164 143
1197 69 83 140
1198 66 132 135
1199 64 240 132
1200 61 87 127
1201 59 206 124
1202 56 147 119
1203 54 76 116
1204 51 67 111
1205 49 74 108
1206 46 86 103
1207 44 252 100
1208 41 236 95
1209 39 190 92
1210 36 36 87
1211 34 185 84
1212 31 215 79
1213 75 135 150
1214 72 164 145
1215 70 83 142
1216 67 132 137
1217 65 240 134
1218 62 87 129
1219 60 206 126
1220 57 147 121
1221 55 76 118
1222 52 67 113
1223 50 74 110
1224 47 86 105
1225 45 252 102
1226 42 236 97
1227 40 190 94
1228 37 36 89
1229 35 185 86
1230 76 135 152
1231 73 164 147
1232 71 83 144
1233 68 132 139
1234 66 240 136
1235 63 87 131
1236 61 206 128
1237 58 147 123
1238 56 76 120
1239 53 67 115
1240 51 74 112
1241 48 86 107
1242 46 252 104
1243 43 236 99
1244 41 190 96
1245 38 36 91
1246 77 135 154
1247 74 164 149
1248 72 83 146
1249 69 132 141
1250 67 240 138
1251 64 87 133
1252 62 206 130
1253 59 147 125
1254 57 76 122
1255 54 67 117
1256 52 74 114
1257 49 86 109
1258 47 252 106
1259 44 236 101
1260 42 190 98
1261 78 135 156
1262 75 164 151
1263 73 83 148
1264 70 132 143
1265 68 240 140
1266 65 87 135
1267 63 206 132
1268 60 147 127
1269 58 76 124
1270 55 67 119
1271 53 74 116
1272 50 86 111
1273 48 252 108
1274 45 236 103
1275 79 135 158
1276 76 164 153
1277 74 83 150
1278 71 132 145
1279 69 240 142
1280 66 87 137
1281 64 206 134
1282 61 147 129
1283 59 76 126
1284 56 67 121
1285 54 74 118
1286 51 86 113
1287 49 252 110
1288 80 135 160
1289 77 164 155
1290 75 83 152
1291 72 132 147
1292 70 240 144
1293 67 87 139
1294 65 206 136
1295 62 147 131
1296 60 76 128
1297 57 67 123
1298 55 74 120
1299 52 86 115
1300 81 135 162
1301 78 164 157
1302 76 83 154
1303 73 132 149
1304 71 240 146
1305 68 87 141
1306 66 206 138
1307 63 147 133
1308 61 76 130
1309 58 67 125
1310 56 74 122
1311 82 135 164
1312 79 164 159
1313 77 83 156
1314 74 132 151
1315 72 240 148
1316 69 87 143
1317 67 206 140
1318 64 147 135
1319 62 76 132
1320 59 67 127
1321 83 135 166
1322 80 164 161
1323 78 83 158
1324 75 132 153
1325 73 240 150
1326 70 87 145
1327 68 206 142
1328 65 147 137
1329 63 76 134
1330 84 135 168
1331 81 164 163
1332 79 83 160
1333 76 132 155
1334 74 240 152
1335 71 87 147
1336 69 206 144
1337 66 147 139
1338 85 135 170
1339 82 164 165
1340 80 83 162
1341 77 132 157
1342 75 240 154
1343 72 87 149
1344 70 206 146
1345 86 135 172
1346 83 164 167
1347 81 83 164
1348 78 132 159
1349 76 240 156
1350 73 87 151
1351 87 135 174
1352 84 164 169
1353 82 83 166
1354 79 132 161
1355 77 240 158
1356 88 135 176
1357 85 164 171
1358 83 83 168
1359 80 132 163
1360 89 135 178
1361 86 164 173
1362 84 83 170
1363 90 135 180
1364 87 164 175
1365 91 135 182
1366 92 55 184
1367 88 115 177
1368 85 26 172
1369 81 150 165
1370 78 194 160
1371 74 47 153
1372 71 173 148
1373 67 27 141
1374 64 77 136
1375 60 161 129
1376 57 89 124
1377 53 210 117
1378 50 219 112
1379 46 171 105
1380 43 137 100
1381 93 55 186
1382 89 115 179
1383 86 26 174
1384 82 150 167
1385 79 194 162
1386 75 47 155
1387 72 173 150
1388 68 27 143
1389 65 77 138
1390 61 161 131
1391 58 89 126
1392 54 210 119
1393 51 219 114
1394 47 171 107
1395 94 55 188
1396 90 115 181
1397 87 26 176
1398 83 150 169
1399 80 194 164
1400 76 47 157
1401 73 173 152
1402 69 27 145
1403 66 77 140
1404 62 161 133
1405 59 89 128
1406 55 210 121
1407 52 219 116
1408 95 55 190
1409 91 115 183
1410 88 26 178
1411 84 150 171
1412 81 194 166
1413 77 47 159
1414 74 173 154
1415 70 27 147
1416 67 77 142
1417 63 161 135
1418 60 89 130
1419 56 210 123
1420 96 55 192
1421 92 115 185
1422 89 26 180
1423 85 150 173
1424 82 194 168
1425 78 47 161
1426 75 173 156
1427 71 27 149
1428 68 77 144
1429 64 161 137
1430 61 89 132
1431 97 55 194
1432 93 115 187
1433 90 26 182
1434 86 150 175
1435 83 194 170
1436 79 47 163
1437 76 173 158
1438 72 27 151
1439 69 77 146
1440 65 161 139
1441 98 55 196
1442 94 115 189
1443 91 26 184
1444 87 150 177
1445 84 194 172
1446 80 47 165
1447 77 173 160
1448 73 27 153
1449 70 77 148
1450 99 55 198
1451 95 115 191
1452 92 26 186
1453 88 150 179
1454 85 194 174
1455 81 47 167
1456 78 173 162
1457 74 27 155
1458 100 55 200
1459 96 115 193
1460 93 26 188
1461 89 150 181
1462 86 194 176
1463 82 47 169
1464 79 173 164
1465 101 55 202
1466 97 115 195
1467 94 26 190
1468 90 150 183
1469 87 194 178
1470 83 47 171
1471 102 55 204
1472 98 115 197
1473 95 26 192
1474 91 150 185
1475 88 194 180
1476 103 55 206
1477 99 115 199
1478 96 26 194
1479 92 150 187
1480 104 55 208
1481 100 115 201
1482 97 26 196
1483 105 55 210
1484 101 115 203
1485 106 55 212
1486 0 262 43
1487 1 4 43
1488 2 247 43
1489 3 64 43
1490 4 7 43
1491 5 235 43
1492 6 112 43
1493 7 78 43
1494 0 115 44
1495 1 167 44
1496 2 32 44
1497 3 116 44
1498 4 163 44
1499 5 221 44
1500 6 204 44
1501 7 207 44
1502 0 262 45
1503 0 262 46
1504 9 116 46
1505 0 1 47
1506 10 85 47
1507 0 262 48
1508 0 262 49
1509 0 262 50
1510 12 32 50
1511 0 1 51
1512 13 96 51
1513 0 262 52
1514 0 262 53
1515 0 262 54
1516 15 163 54
1517 0 1 55
1518 16 226 55
1519 0 262 56
1520 0 262 57
1521 0 262 58
1522 1 262 45
1523 2 4 45
1524 3 247 45
1525 4 64 45
1526 5 7 45
1527 6 235 45
1528 7 112 45
1529 8 78 45
1530 1 115 46
1531 2 167 46
1532 3 32 46
1533 4 116 46
1534 5 163 46
1535 6 221 46
1536 7 204 46
1537 8 207 46
1538 1 262 47
1539 1 262 48
1540 10 116 48
1541 1 1 49
1542 11 85 49
1543 1 262 50
1544 1 262 51
1545 1 262 52
1546 13 32 52
1547 1 1 53
1548 14 96 53
1549 1 262 54
1550 1 262 55
1551 1 262 56
1552 16 163 56
1553 1 1 57
1554 17 226 57
1555 1 262 58
1556 1 262 59
1557 2 262 47
1558 3 4 47
1559 4 247 47
1560 5 64 47
1561 6 7 47
1562 7 235 47
1563 8 112 47
1564 9 78 47
1565 2 115 48
1566 3 167 48
1567 4 32 48
1568 5 116 48
1569 6 163 48
1570 7 221 48
1571 8 204 48
1572 9 207 48
1573 2 262 49
1574 2 262 50
1575 11 116 50
1576 2 1 51
1577 12 85 51
1578 2 262 52
1579 2 262 53
1580 2 262 54
1581 14 32 54
1582 2 1 55
1583 15 96 55
1584 2 262 56
1585 2 262 57
1586 2 262 58
1587 17 163 58
1588 0 82 59
1589 2 262 59
1590 2 262 60
1591 3 262 49
1592 4 4 49
1593 5 247 49
1594 6 64 49
1595 7 7 49
1596 8 235 49
1597 9 112 49
1598 10 78 49
1599 3 115 50
1600 4 167 50
1601 5 32 50
1602 6 116 50
1603 7 163 50
1604 8 221 50
1605 9 204 50
1606 10 207 50
1607 3 262 51
1608 3 262 52
1609 12 116 52
1610 3 1 53
1611 13 85 53
1612 3 262 54
1613 3 262 55
1614 3 262 56
1615 15 32 56
1616 3 1 57
1617 16 96 57
1618 3 262 58
1619 3 262 59
1620 18 157 59
1621 0 228 60
1622 3 262 60
1623 19 217 60
1624 4 262 51
1625 5 4 51
1626 6 247 51
1627 7 64 51
1628 8 7 51
1629 9 235 51
1630 10 112 51
1631 11 78 51
1632 4 115 52
1633 5 167 52
1634 6 32 52
1635 7 116 52
1636 8 163 52
1637 9 221 52
1638 10 204 52
1639 11 207 52
1640 4 262 53
1641 4 262 54
1642 13 116 54
1643 4 1 55
1644 14 85 55
1645 4 262 56
1646 4 262 57
1647 4 262 58
1648 16 32 58
1649 4 1 59
1650 17 96 59
1651 1 44 60
1652 4 151 60
1653 18 194 60
1654 3 9 61
1655 4 1 61
1656 5 262 53
1657 6 4 53
1658 7 247 53
1659 8 64 53
1660 9 7 53
1661 10 235 53
1662 11 112 53
1663 12 78 53
1664 5 115 54
1665 6 167 54
1666 7 32 54
1667 8 116 54
1668 9 163 54
1669 10 221 54
1670 11 204 54
1671 12 207 54
1672 5 262 55
1673 5 262 56
1674 14 116 56
1675 5 1 57
1676 15 85 57
1677 5 262 58
1678 5 262 59
1679 5 262 60
1680 17 32 60
1681 0 175 61
1682 1 154 61
1683 2 249 61
1684 5 262 61
1685 4 82 62
1686 5 1 62
1687 6 262 55
1688 7 4 55
1689 8 247 55
1690 9 64 55
1691 10 7 55
1692 11 235 55
1693 12 112 55
1694 13 78 55
1695 6 115 56
1696 7 167 56
1697 8 32 56
1698 9 116 56
1699 10 163 56
1700 11 221 56
1701 12 204 56
1702 13 207 56
1703 6 262 57
1704 6 262 58
1705 15 116 58
1706 6 1 59
1707 16 85 59
1708 6 262 60
1709 6 262 61
1710 18 121 61
1711 19 8 61
1712 0 15 62
1713 2 24 62
1714 6 262 62
1715 20 225 62
1716 6 1 63
1717 7 262 57
1718 8 4 57
1719 9 247 57
1720 10 64 57
1721 11 7 57
1722 12 235 57
1723 13 112 57
1724 14 78 57
1725 7 115 58
1726 8 167 58
1727 9 32 58
1728 10 116 58
1729 11 163 58
1730 12 221 58
1731 13 204 58
1732 14 207 58
1733 7 262 59
1734 7 262 60
1735 16 116 60
1736 7 1 61
1737 17 85 61
1738 1 127 62
1739 3 95 62
1740 7 92 62
1741 18 177 62
1742 19 54 62
1743 5 196 63
1744 7 1 63
1745 21 258 63
1746 8 262 59
1747 9 4 59
1748 10 247 59
1749 11 64 59
1750 12 7 59
1751 13 235 59
1752 14 112 59
1753 15 78 59
1754 8 115 60
1755 9 167 60
1756 10 32 60
1757 11 116 60
1758 12 163 60
1759 13 221 60
1760 14 204 60
1761 15 207 60
1762 8 262 61
1763 8 262 62
1764 17 116 62
1765 0 73 63
1766 1 122 63
1767 2 32 63
1768 3 154 63
1769 4 216 63
1770 8 262 63
1771 6 126 64
1772 7 26 64
1773 8 262 64
1774 9 262 61
1775 10 4 61
1776 11 247 61
1777 12 64 61
1778 13 7 61
1779 14 235 61
1780 15 112 61
1781 16 78 61
1782 9 115 62
1783 10 167 62
1784 11 32 62
1785 12 116 62
1786 13 163 62
1787 14 221 62
1788 15 204 62
1789 16 207 62
1790 9 262 63
1791 18 42 63
1792 19 171 63
1793 20 216 63
1794 0 202 64
1795 2 142 64
1796 4 13 64
1797 9 262 64
1798 21 74 64
1799 8 126 65
1800 9 262 65
1801 10 262 63
1802 11 4 63
1803 12 247 63
1804 13 64 63
1805 14 7 63
1806 15 235 63
1807 16 112 63
1808 17 78 63
1809 1 156 64
1810 3 51 64
1811 5 224 64
1812 10 46 64
1813 11 121 64
1814 12 66 64
1815 13 159 64
1816 14 177 64
1817 15 146 64
1818 16 179 64
1819 17 256 64
1820 18 217 64
1821 19 173 64
1822 20 220 64
1823 7 163 65
1824 10 1 65
1825 22 67 65
1826 10 262 66
1827 0 40 65
1828 1 102 65
1829 2 58 65
1830 3 148 65
1831 4 171 65
1832 5 161 65
1833 6 9 65
1834 11 228 65
1835 12 19 65
1836 13 124 65
1837 14 56 65
1838 15 235 65
1839 16 218 65
1840 17 133 65
1841 18 16 65
1842 19 107 65
1843 20 191 65
1844 21 62 65
1845 0 122 66
1846 1 114 66
1847 2 203 66
1848 8 16 66
1849 9 184 66
1850 11 262 66
1851 11 262 67
1852 3 237 66
1853 4 220 66
1854 5 228 66
1855 6 88 66
1856 7 216 66
1857 12 132 66
1858 13 216 66
1859 14 93 66
1860 15 215 66
1861 16 142 66
1862 17 116 66
1863 18 12 66
1864 19 248 66
1865 20 209 66
1866 21 52 66
1867 22 217 66
1868 0 207 67
1869 1 201 67
1870 2 82 67
1871 3 144 67
1872 10 219 67
1873 12 39 67
1874 23 81 67
1875 12 262 68
1876 4 119 67
1877 5 244 67
1878 6 86 67
1879 7 181 67
1880 8 124 67
1881 9 18 67
1882 13 29 67
1883 14 203 67
1884 15 202 67
1885 16 81 67
1886 17 198 67
1887 18 118 67
1888 19 226 67
1889 20 48 67
1890 21 250 67
1891 22 236 67
1892 0 26 68
1893 1 60 68
1894 2 126 68
1895 3 252 68
1896 10 153 68
1897 13 262 68
1898 24 49 68
1899 4 44 68
1900 5 127 68
1901 6 127 68
1902 7 68 68
1903 8 187 68
1904 9 184 68
1905 11 68 68
1906 14 100 68
1907 15 149 68
1908 16 233 68
1909 17 113 68
1910 18 37 68
1911 19 206 68
1912 20 152 68
1913 21 248 68
1914 22 244 68
1915 23 70 68
1916 0 147 69
1917 1 27 69
1918 2 238 69
1919 13 112 69
1920 14 1 69
1921 3 260 69
1922 4 121 69
1923 5 69 69
1924 6 38 69
1925 7 186 69
1926 8 97 69
1927 9 15 69
1928 10 155 69
1929 11 228 69
1930 12 32 69
1931 15 218 69
1932 16 49 69
1933 17 84 69
1934 18 20 69
1935 19 92 69
1936 20 144 69
1937 21 66 69
1938 22 58 69
1939 24 226 69
1940 14 16 70
1941 15 1 70
1942 23 14 69
1943 0 148 70
1944 1 19 70
1945 2 24 70
1946 3 208 70
1947 4 157 70
1948 5 99 70
1949 6 69 70
1950 7 52 70
1951 8 204 70
1952 9 46 70
1953 10 179 70
1954 11 102 70
1955 12 37 70
1956 13 109 70
1957 16 149 70
1958 17 186 70
1959 18 61 70
1960 25 31 70
1961 16 1 71
1962 19 151 70
1963 20 59 70
1964 21 33 70
1965 22 173 70
1966 23 96 70
1967 24 62 70
1968 0 243 71
1969 1 12 71
1970 2 160 71
1971 3 73 71
1972 4 29 71
1973 5 182 71
1974 6 160 71
1975 7 196 71
1976 8 9 71
1977 9 197 71
1978 15 205 71
1979 17 1 71
1980 26 70 71
1981 10 172 71
1982 11 199 71
1983 12 55 71
1984 13 142 71
1985 14 164 71
1986 18 88 71
1987 19 216 71
1988 20 107 71
1989 21 237 71
1990 22 60 71
1991 23 9 71
1992 24 166 71
1993 25 5 71
1994 0 233 72
1995 1 214 72
1996 16 57 72
1997 17 233 72
1998 18 262 72
1999 2 107 72
2000 3 47 72
2001 4 110 72
2002 5 111 72
2003 6 44 72
2004 8 49 72
2005 9 175 72
2006 10 208 72
2007 11 135 72
2008 12 122 72
2009 13 145 72
2010 14 149 72
2011 15 140 72
2012 19 262 72
2013 26 79 72
2014 18 76 73
2015 19 262 73
2016 20 157 72
2017 21 83 72
2018 22 149 72
2019 23 189 72
2020 24 70 72
2021 25 50 72
2022 0 93 73
2023 1 244 73
2024 2 60 73
2025 3 64 73
2026 4 7 73
2027 5 142 73
2028 17 179 73
2029 20 1 73
2030 27 193 73
2031 20 262 74
2032 11 213 73
2033 12 104 73
2034 13 165 73
2035 14 118 73
2036 15 208 73
2037 16 228 73
2038 21 52 73
2039 22 63 73
2040 23 227 73
2041 24 74 73
2042 26 181 73
2043 18 40 74
2044 19 158 74
2045 21 262 74
2046 21 262 75
2047 25 63 73
2048 0 54 74
2049 1 199 74
2050 2 214 74
2051 3 220 74
2052 4 89 74
2053 14 247 74
2054 15 85 74
2055 16 223 74
2056 22 262 74
2057 19 40 75
2058 20 52 75
2059 22 262 75
2060 22 262 76
2061 17 204 74
2062 23 208 74
2063 24 152 74
2064 25 191 74
2065 26 9 74
2066 27 238 74
2067 0 78 75
2068 1 78 75
2069 2 42 75
2070 23 1 75
2071 28 149 75
2072 23 262 76
2073 29 35 76
2074 3 10 75
2075 17 15 75
2076 18 169 75
2077 24 174 75
2078 25 46 75
2079 26 119 75
2080 27 222 75
2081 20 142 76
2082 21 169 76
2083 24 262 76
2084 23 132 77
2085 24 1 77
2086 0 25 76
2087 1 187 76
2088 2 64 76
2089 18 100 76
2090 19 228 76
2091 25 262 76
2092 28 26 76
2093 22 203 77
2094 25 262 77
2095 24 226 78
2096 25 1 78
2097 26 21 76
2098 27 212 76
2099 0 155 77
2100 1 159 77
2101 21 22 77
2102 26 1 77
2103 29 159 77
2104 26 262 78
2105 30 10 78
2106 26 1 79
2107 20 152 77
2108 27 66 77
2109 28 16 77
2110 22 85 78
2111 23 3 78
2112 27 262 78
2113 25 4 79
2114 27 1 79
2115 27 1 80
2116 0 153 78
2117 28 262 78
2118 29 178 78
2119 24 101 79
2120 28 262 79
2121 26 4 80
2122 28 1 80
2123 28 1 81
2124 23 202 79
2125 29 1 79
2126 30 53 79
2127 29 262 80
2128 31 126 80
2129 29 1 81
2130 32 223 81
2131 25 93 80
2132 30 262 80
2133 27 7 81
2134 30 1 81
2135 29 168 82
2136 30 262 82
2137 31 262 81
2138 28 68 82
2139 31 1 82
2140 30 101 83
2141 31 262 83
2142 32 1 82
2143 32 1 83
2144 33 221 83
2145 32 262 84
2146 31 157 84
2147 33 262 84
2148 33 262 85
2149 34 262 85
2150 34 262 86
2151 35 262 87
2152 36 18 88
2153 35 9 88
2154 34 127 87
2155 33 68 86
2156 32 229 85
2157 31 246 85
2158 30 140 84
2159 29 193 83
2160 28 228 83
2161 27 149 82
2162 26 57 81
2163 25 160 81
2164 24 183 80
2165 23 223 80
2166 22 20 79
2167 21 253 78
2168 20 258 78
2169 19 134 77
2170 18 67 77
2171 17 98 76
2172 16 214 75
2173 15 107 75
2174 14 185 75
2175 13 39 74
2176 12 151 74
2177 11 207 74
2178 10 28 73
2179 9 14 73
2180 8 7 73
2181 7 128 72
2182 37 18 90
2183 36 254 89
2184 35 127 89
2185 34 68 88
2186 33 229 87
2187 32 17 86
2188 31 140 86
2189 30 193 85
2190 29 35 84
2191 28 149 84
2192 27 57 83
2193 26 103 82
2194 25 183 82
2195 24 40 81
2196 23 20 81
2197 22 253 80
2198 21 5 79
2199 20 134 79
2200 19 196 78
2201 18 98 78
2202 17 214 77
2203 16 156 76
2204 15 78 76
2205 14 39 76
2206 13 112 75
2207 12 56 75
2208 11 28 75
2209 10 249 74
2210 9 256 74
2211 38 18 92
2212 37 254 91
2213 36 136 90
2214 35 68 90
2215 34 229 89
2216 33 17 88
2217 32 123 87
2218 31 193 87
2219 30 35 86
2220 29 114 85
2221 28 57 85
2222 27 103 84
2223 26 80 83
2224 25 40 83
2225 24 243 82
2226 23 253 82
2227 22 5 81
2228 21 129 80
2229 20 196 80
2230 19 165 79
2231 18 214 79
2232 17 156 78
2233 16 185 77
2234 15 224 77
2235 14 112 77
2236 13 207 76
2237 12 235 76
2238 11 249 76
2239 39 245 93
2240 38 254 93
2241 37 136 92
2242 36 195 91
2243 35 229 91
2244 34 17 90
2245 33 123 89
2246 32 70 88
2247 31 35 88
2248 30 114 87
2249 29 206 86
2250 28 103 86
2251 27 80 85
2252 26 223 84
2253 25 243 84
2254 24 10 83
2255 23 5 83
2256 22 129 82
2257 21 67 81
2258 20 165 81
2259 19 49 80
2260 18 156 80
2261 17 185 79
2262 16 39 78
2263 15 151 78
2264 14 207 78
2265 13 28 77
2266 40 245 95
2267 39 9 94
2268 38 136 94
2269 37 195 93
2270 36 34 92
2271 35 17 92
2272 34 123 91
2273 33 70 90
2274 32 228 89
2275 31 114 89
2276 30 206 88
2277 29 160 87
2278 28 80 87
2279 27 223 86
2280 26 20 85
2281 25 10 85
2282 24 258 84
2283 23 129 84
2284 22 67 83
2285 21 98 82
2286 20 49 82
2287 19 107 81
2288 18 185 81
2289 17 39 80
2290 16 112 79
2291 15 56 79
2292 41 245 97
2293 40 9 96
2294 39 127 95
2295 38 195 95
2296 37 34 94
2297 36 246 93
2298 35 123 93
2299 34 70 92
2300 33 228 91
2301 32 149 90
2302 31 206 90
2303 30 160 89
2304 29 183 88
2305 28 223 88
2306 27 20 87
2307 26 253 86
2308 25 258 86
2309 24 134 85
2310 23 67 85
2311 22 98 84
2312 21 214 83
2313 20 107 83
2314 19 78 82
2315 18 39 82
2316 17 112 81
2317 42 245 99
2318 41 9 98
2319 40 127 97
2320 39 68 96
2321 38 34 96
2322 37 246 95
2323 36 140 94
2324 35 70 94
2325 34 228 93
2326 33 149 92
2327 32 57 91
2328 31 160 91
2329 30 183 90
2330 29 40 89
2331 28 20 89
2332 27 253 88
2333 26 5 87
2334 25 134 87
2335 24 196 86
2336 23 98 86
2337 22 214 85
2338 21 156 84
2339 20 78 84
2340 19 224 83
2341 43 245 101
2342 42 9 100
2343 41 127 99
2344 40 68 98
2345 39 229 97
2346 38 246 97
2347 37 140 96
2348 36 193 95
2349 35 228 95
2350 34 149 94
2351 33 57 93
2352 32 103 92
2353 31 183 92
2354 30 40 91
2355 29 243 90
2356 28 253 90
2357 27 5 89
2358 26 129 88
2359 25 196 88
2360 24 165 87
2361 23 214 87
2362 22 156 86
2363 21 185 85
2364 44 18 102
2365 43 9 102
2366 42 127 101
2367 41 68 100
2368 40 229 99
2369 39 17 98
2370 38 140 98
2371 37 193 97
2372 36 35 96
2373 35 149 96
2374 34 57 95
2375 33 103 94
2376 32 80 93
2377 31 40 93
2378 30 243 92
2379 29 10 91
2380 28 5 91
2381 27 129 90
2382 26 67 89
2383 25 165 89
2384 24 49 88
2385 23 156 88
2386 45 18 104
2387 44 254 103
2388 43 127 103
2389 42 68 102
2390 41 229 101
2391 40 17 100
2392 39 123 99
2393 38 193 99
2394 37 35 98
2395 36 114 97
2396 35 57 97
2397 34 103 96
2398 33 80 95
2399 32 223 94
2400 31 243 94
2401 30 10 93
2402 29 258 92
2403 28 129 92
2404 27 67 91
2405 26 98 90
2406 25 49 90
2407 46 18 106
2408 45 254 105
2409 44 136 104
2410 43 68 104
2411 42 229 103
2412 41 17 102
2413 40 123 101
2414 39 70 100
2415 38 35 100
2416 37 114 99
2417 36 206 98
2418 35 103 98
2419 34 80 97
2420 33 223 96
2421 32 20 95
2422 31 10 95
2423 30 258 94
2424 29 134 93
2425 28 67 93
2426 27 98 92
2427 47 18 108
2428 46 254 107
2429 45 136 106
2430 44 195 105
2431 43 229 105
2432 42 17 104
2433 41 123 103
2434 40 70 102
2435 39 228 101
2436 38 114 101
2437 37 206 100
2438 36 160 99
2439 35 80 99
2440 34 223 98
2441 33 20 97
2442 32 253 96
2443 31 258 96
2444 30 134 95
2445 29 196 94
2446 48 245 109
2447 47 254 109
2448 46 136 108
2449 45 195 107
2450 44 34 106
2451 43 17 106
2452 42 123 105
2453 41 70 104
2454 40 228 103
2455 39 149 102
2456 38 206 102
2457 37 160 101
2458 36 183 100
2459 35 223 100
2460 34 20 99
2461 33 253 98
2462 32 5 97
2463 31 134 97
2464 49 245 111
2465 48 9 110
2466 47 136 110
2467 46 195 109
2468 45 34 108
2469 44 246 107
2470 43 123 107
2471 42 70 106
2472 41 228 105
2473 40 149 104
2474 39 57 103
2475 38 160 103
2476 37 183 102
2477 36 40 101
2478 35 20 101
2479 34 253 100
2480 33 5 99
2481 50 245 113
2482 49 9 112
2483 48 127 111
2484 47 195 111
2485 46 34 110
2486 45 246 109
2487 44 140 108
2488 43 70 108
2489 42 228 107
2490 41 149 106
2491 40 57 105
2492 39 103 104
2493 38 183 104
2494 37 40 103
2495 36 243 102
2496 35 253 102
2497 51 245 115
2498 50 9 114
2499 49 127 113
2500 48 68 112
2501 47 34 112
2502 46 246 111
2503 45 140 110
2504 44 193 109
2505 43 228 109
2506 42 149 108
2507 41 57 107
2508 40 103 106
2509 39 80 105
2510 38 40 105
2511 37 243 104
2512 52 245 117
2513 51 9 116
2514 50 127 115
2515 49 68 114
2516 48 229 113
2517 47 246 113
2518 46 140 112
2519 45 193 111
2520 44 35 110
2521 43 149 110
2522 42 57 109
2523 41 103 108
2524 40 80 107
2525 39 223 106
2526 53 18 118
2527 52 9 118
2528 51 127 117
2529 50 68 116
2530 49 229 115
2531 48 17 114
2532 47 140 114
2533 46 193 113
2534 45 35 112
2535 44 114 111
2536 43 57 111
2537 42 103 110
2538 41 80 109
2539 54 18 120
2540 53 254 119
2541 52 127 119
2542 51 68 118
2543 50 229 117
2544 49 17 116
2545 48 123 115
2546 47 193 115
2547 46 35 114
2548 45 114 113
2549 44 206 112
2550 43 103 112
2551 55 18 122
2552 54 254 121
2553 53 136 120
2554 52 68 120
2555 51 229 119
2556 50 17 118
2557 49 123 117
2558 48 70 116
2559 47 35 116
2560 46 114 115
2561 45 206 114
2562 56 18 124
2563 55 254 123
2564 54 136 122
2565 53 195 121
2566 52 229 121
2567 51 17 120
2568 50 123 119
2569 49 70 118
2570 48 228 117
2571 47 114 117
2572 57 245 125
2573 56 254 125
2574 55 136 124
2575 54 195 123
2576 53 34 122
2577 52 17 122
2578 51 123 121
2579 50 70 120
2580 49 228 119
2581 58 245 127
2582 57 9 126
2583 56 136 126
2584 55 195 125
2585 54 34 124
2586 53 246 123
2587 52 123 123
2588 51 70 122
2589 59 245 129
2590 58 9 128
2591 57 127 127
2592 56 195 127
2593 55 34 126
2594 54 246 125
2595 53 140 124
2596 60 245 131
2597 59 9 130
2598 58 127 129
2599 57 68 128
2600 56 34 128
2601 55 246 127
2602 61 245 133
2603 60 9 132
2604 59 127 131
2605 58 68 130
2606 57 229 129
2607 62 18 134
2608 61 9 134
2609 60 127 133
2610 59 68 132
2611 63 18 136
2612 62 254 135
2613 61 127 135
2614 64 18 138
2615 63 254 137
2616 65 18 140
2617 66 101 141
2618 64 204 139
2619 62 140 136
2620 60 38 134
2621 58 155 131
2622 56 136 129
2623 54 181 126
2624 52 113 124
2625 50 191 121
2626 48 260 118
2627 46 33 116
2628 44 100 113
2629 42 215 111
2630 40 261 108
2631 38 22 106
2632 36 242 103
2633 34 231 101
2634 32 174 98
2635 30 190 96
2636 28 14 94
2637 26 154 91
2638 24 147 89
2639 22 224 87
2640 20 166 85
2641 18 15 83
2642 67 101 143
2643 65 204 141
2644 63 140 138
2645 61 38 136
2646 59 155 133
2647 57 127 130
2648 55 181 128
2649 53 150 125
2650 51 191 123
2651 49 260 120
2652 47 33 118
2653 45 100 115
2654 43 215 113
2655 41 261 110
2656 39 241 107
2657 37 242 105
2658 35 231 103
2659 33 174 100
2660 31 190 98
2661 29 249 95
2662 27 154 93
2663 25 147 91
2664 23 224 89
2665 21 97 86
2666 68 101 145
2667 66 59 142
2668 64 140 140
2669 62 225 137
2670 60 155 135
2671 58 127 132
2672 56 181 130
2673 54 150 127
2674 52 191 125
2675 50 260 122
2676 48 230 119
2677 46 100 117
2678 44 48 114
2679 42 261 112
2680 40 241 109
2681 38 242 107
2682 36 32 104
2683 34 174 102
2684 32 73 99
2685 30 249 97
2686 28 154 95
2687 26 116 92
2688 24 39 90
2689 69 101 147
2690 67 59 144
2691 65 140 142
2692 63 225 139
2693 61 155 137
2694 59 127 134
2695 57 82 131
2696 55 150 129
2697 53 72 126
2698 51 260 124
2699 49 230 121
2700 47 100 119
2701 45 48 116
2702 43 261 114
2703 41 241 111
2704 39 21 108
2705 37 32 106
2706 35 174 104
2707 33 73 101
2708 31 249 99
2709 29 109 96
2710 27 116 94
2711 70 101 149
2712 68 59 146
2713 66 123 143
2714 64 225 141
2715 62 108 138
2716 60 127 136
2717 58 82 133
2718 56 150 131
2719 54 72 128
2720 52 260 126
2721 50 230 123
2722 48 163 120
2723 46 48 118
2724 44 2 115
2725 42 241 113
2726 40 21 110
2727 38 32 108
2728 36 89 105
2729 34 73 103
2730 32 14 100
2731 30 109 98
2732 71 162 150
2733 69 59 148
2734 67 123 145
2735 65 225 143
2736 63 108 140
2737 61 127 138
2738 59 82 135
2739 57 113 132
2740 55 72 130
2741 53 3 127
2742 51 230 125
2743 49 163 122
2744 47 48 120
2745 45 2 117
2746 43 241 115
2747 41 21 112
2748 39 231 109
2749 37 89 107
2750 35 73 105
2751 33 14 102
2752 72 162 152
2753 70 59 150
2754 68 123 147
2755 66 38 144
2756 64 108 142
2757 62 136 139
2758 60 82 137
2759 58 113 134
2760 56 72 132
2761 54 3 129
2762 52 230 127
2763 50 163 124
2764 48 215 121
2765 46 2 119
2766 44 22 116
2767 42 21 114
2768 40 231 111
2769 38 89 109
2770 36 190 106
2771 73 162 154
2772 71 204 151
2773 69 123 149
2774 67 38 146
2775 65 108 144
2776 63 136 141
2777 61 82 139
2778 59 113 136
2779 57 191 133
2780 55 3 131
2781 53 33 128
2782 51 163 126
2783 49 215 123
2784 47 2 121
2785 45 22 118
2786 43 21 116
2787 41 231 113
2788 39 174 110
2789 74 162 156
2790 72 204 153
2791 70 123 151
2792 68 38 148
2793 66 155 145
2794 64 136 143
2795 62 181 140
2796 60 113 138
2797 58 191 135
2798 56 3 133
2799 54 33 130
2800 52 163 128
2801 50 215 125
2802 48 261 122
2803 46 22 120
2804 44 242 117
2805 42 231 115
2806 75 101 157
2807 73 204 155
2808 71 140 152
2809 69 38 150
2810 67 155 147
2811 65 136 145
2812 63 181 142
2813 61 113 140
2814 59 191 137
2815 57 260 134
2816 55 33 132
2817 53 100 129
2818 51 215 127
2819 49 261 124
2820 47 22 122
2821 45 242 119
2822 76 101 159
2823 74 204 157
2824 72 140 154
2825 70 38 152
2826 68 155 149
2827 66 127 146
2828 64 181 144
2829 62 150 141
2830 60 191 139
2831 58 260 136
2832 56 33 134
2833 54 100 131
2834 52 215 129
2835 50 261 126
2836 48 241 123
2837 77 101 161
2838 75 59 158
2839 73 140 156
2840 71 225 153
2841 69 155 151
2842 67 127 148
2843 65 181 146
2844 63 150 143
2845 61 191 141
2846 59 260 138
2847 57 230 135
2848 55 100 133
2849 53 48 130
2850 51 261 128
2851 78 101 163
2852 76 59 160
2853 74 140 158
2854 72 225 155
2855 70 155 153
2856 68 127 150
2857 66 82 147
2858 64 150 145
2859 62 72 142
2860 60 260 140
2861 58 230 137
2862 56 100 135
2863 54 48 132
2864 79 101 165
2865 77 59 162
2866 75 123 159
2867 73 225 157
2868 71 108 154
2869 69 127 152
2870 67 82 149
2871 65 150 147
2872 63 72 144
2873 61 260 142
2874 59 230 139
2875 57 163 136
2876 80 162 166
2877 78 59 164
2878 76 123 161
2879 74 225 159
2880 72 108 156
2881 70 127 154
2882 68 82 151
2883 66 113 148
2884 64 72 146
2885 62 3 143
2886 60 230 141
2887 81 162 168
2888 79 59 166
2889 77 123 163
2890 75 38 160
2891 73 108 158
2892 71 136 155
2893 69 82 153
2894 67 113 150
2895 65 72 148
2896 63 3 145
2897 82 162 170
2898 80 204 167
2899 78 123 165
2900 76 38 162
2901 74 108 160
2902 72 136 157
2903 70 82 155
2904 68 113 152
2905 66 191 149
2906 83 162 172
2907 81 204 169
2908 79 123 167
2909 77 38 164
2910 75 155 161
2911 73 136 159
2912 71 181 156
2913 69 113 154
2914 84 101 173
2915 82 204 171
2916 80 140 168
2917 78 38 166
2918 76 155 163
2919 74 136 161
2920 72 181 158
2921 85 101 175
2922 83 204 173
2923 81 140 170
2924 79 38 168
2925 77 155 165
2926 75 127 162
2927 86 101 177
2928 84 59 174
2929 82 140 172
2930 80 225 169
2931 78 155 167
2932 87 101 179
2933 85 59 176
2934 83 140 174
2935 81 225 171
2936 88 101 181
2937 86 59 178
2938 84 123 175
2939 89 162 182
2940 87 59 180
2941 90 162 184
2942 91 57 186
2943 88 205 182
2944 85 144 177
2945 82 158 173
2946 79 93 169
2947 76 150 164
2948 73 55 160
2949 70 64 156
2950 67 222 151
2951 64 134 147
2952 61 242 143
2953 58 34 138
2954 55 30 134
2955 52 11 130
2956 49 145 125
2957 46 97 121
2958 43 132 117
2959 40 162 112
2960 37 112 108
2961 34 6 104
2962 31 160 100
2963 28 234 96
2964 92 57 188
2965 89 58 183
2966 86 144 179
2967 83 158 175
2968 80 170 170
2969 77 150 166
2970 74 55 162
2971 71 199 157
2972 68 222 153
2973 65 134 149
2974 62 21 144
2975 59 34 140
2976 56 30 136
2977 53 252 131
2978 50 145 127
2979 47 97 123
2980 44 131 118
2981 41 162 114
2982 38 112 110
2983 35 6 106
2984 32 103 101
2985 93 206 189
2986 90 58 185
2987 87 144 181
2988 84 105 176
2989 81 170 172
2990 78 150 168
2991 75 208 163
2992 72 199 159
2993 69 222 155
2994 66 129 150
2995 63 21 146
2996 60 34 142
2997 57 233 137
2998 54 252 133
2999 51 145 129
3000 48 166 124
3001 45 131 120
3002 42 162 116
3003 39 151 111
3004 36 257 107
3005 94 206 191
3006 91 58 187
3007 88 144 183
3008 85 105 178
3009 82 170 174
3010 79 150 170
3011 76 208 165
3012 73 199 161
3013 70 222 157
3014 67 129 152
3015 64 21 148
3016 61 34 144
3017 58 233 139
3018 55 252 135
3019 52 145 131
3020 49 166 126
3021 46 131 122
3022 43 162 118
3023 40 151 113
3024 95 206 193
3025 92 58 189
3026 89 119 184
3027 86 105 180
3028 83 170 176
3029 80 113 171
3030 77 208 167
3031 74 199 163
3032 71 41 158
3033 68 129 154
3034 65 21 150
3035 62 229 145
3036 59 233 141
3037 56 252 137
3038 53 118 132
3039 50 166 128
3040 47 131 124
3041 44 101 119
3042 96 206 195
3043 93 205 190
3044 90 119 186
3045 87 105 182
3046 84 93 177
3047 81 113 173
3048 78 208 169
3049 75 64 164
3050 72 41 160
3051 69 129 156
3052 66 242 151
3053 63 229 147
3054 60 233 143
3055 57 11 138
3056 54 118 134
3057 51 166 130
3058 48 132 125
3059 97 206 197
3060 94 205 192
3061 91 119 188
3062 88 105 184
3063 85 93 179
3064 82 113 175
3065 79 208 171
3066 76 64 166
3067 73 41 162
3068 70 129 158
3069 67 242 153
3070 64 229 149
3071 61 233 145
3072 58 11 140
3073 55 118 136
3074 52 166 132
3075 98 57 198
3076 95 205 194
3077 92 119 190
3078 89 158 185
3079 86 93 181
3080 83 113 177
3081 80 55 172
3082 77 64 168
3083 74 41 164
3084 71 134 159
3085 68 242 155
3086 65 229 151
3087 62 30 146
3088 59 11 142
3089 56 118 138
3090 99 57 200
3091 96 205 196
3092 93 144 191
3093 90 158 187
3094 87 93 183
3095 84 150 178
3096 81 55 174
3097 78 64 170
3098 75 222 165
3099 72 134 161
3100 69 242 157
3101 66 34 152
3102 63 30 148
3103 60 11 144
3104 100 57 202
3105 97 205 198
3106 94 144 193
3107 91 158 189
3108 88 93 185
3109 85 150 180
3110 82 55 176
3111 79 64 172
3112 76 222 167
3113 73 134 163
3114 70 242 159
3115 67 34 154
3116 64 30 150
3117 101 57 204
3118 98 58 199
3119 95 144 195
3120 92 158 191
3121 89 170 186
3122 86 150 182
3123 83 55 178
3124 80 199 173
3125 77 222 169
3126 74 134 165
3127 71 21 160
3128 68 34 156
3129 102 206 205
3130 99 58 201
3131 96 144 197
3132 93 105 192
3133 90 170 188
3134 87 150 184
3135 84 208 179
3136 81 199 175
3137 78 222 171
3138 75 129 166
3139 72 21 162
3140 103 206 207
3141 100 58 203
3142 97 144 199
3143 94 105 194
3144 91 170 190
3145 88 150 186
3146 85 208 181
3147 82 199 177
3148 79 222 173
3149 76 129 168
3150 104 206 209
3151 101 58 205
3152 98 119 200
3153 95 105 196
3154 92 170 192
3155 89 113 187
3156 86 208 183
3157 83 199 179
3158 80 41 174
3159 105 206 211
3160 102 205 206
3161 99 119 202
3162 96 105 198
3163 93 93 193
3164 90 113 189
3165 87 208 185
3166 84 64 180
3167 106 206 213
3168 103 205 208
3169 100 119 204
3170 97 105 200
3171 94 93 195
3172 91 113 191
3173 88 208 187
3174 107 57 214
3175 104 205 210
3176 101 119 206
3177 98 158 201
3178 95 93 197
3179 92 113 193
3180 108 57 216
3181 105 205 212
3182 102 144 207
3183 99 158 203
3184 96 93 199
3185 109 57 218
3186 106 205 214
3187 103 144 209
3188 100 158 205
3189 110 57 220
3190 107 58 215
3191 104 144 211
3192 111 57 222
3193 108 58 217
3194 112 57 224
3195 6 246 73
3196 5 195 74
3197 7 149 73
3198 6 70 74
3199 7 103 74
3200 4 51 75
3201 5 225 75
3202 3 195 76
3203 4 160 76
3204 2 85 77
3205 3 135 77
3206 1 161 78
3207 2 19 78
3208 0 119 79
3209 1 134 79
3210 0 193 80
3211 0 193 81
3212 0 193 82
3213 0 193 83
3214 0 193 84
3215 0 193 85
3216 0 193 86
3217 0 193 87
3218 0 193 88
3219 0 193 89
3220 0 193 90
3221 0 193 91
3222 0 193 92
3223 0 193 93
3224 8 104 74
3225 6 68 75
3226 7 70 75
3227 9 138 75
3228 8 160 75
3229 5 221 76
3230 6 5 76
3231 7 34 76
3232 4 159 77
3233 5 188 77
3234 3 244 78
3235 4 157 78
3236 2 142 79
3237 3 29 79
3238 1 261 80
3239 2 45 80
3240 1 228 81
3241 1 228 82
3242 1 228 83
3243 1 228 84
3244 1 228 85
3245 1 228 86
3246 1 228 87
3247 1 228 88
3248 1 228 89
3249 1 228 90
3250 1 228 91
3251 10 29 75
3252 8 110 76
3253 9 237 76
3254 6 5 77
3255 10 166 76
3256 7 71 77
3257 8 250 77
3258 5 15 78
3259 9 131 77
3260 6 52 78
3261 7 61 78
3262 4 157 79
3263 5 61 79
3264 3 36 80
3265 4 98 80
3266 2 34 81
3267 3 243 81
3268 2 114 82
3269 2 114 83
3270 2 114 84
3271 2 114 85
3272 2 114 86
3273 2 114 87
3274 2 114 88
3275 2 114 89
3276 10 116 77
3277 12 131 77
3278 11 190 77
3279 8 186 78
3280 9 119 78
3281 10 13 78
3282 11 90 78
3283 6 247 79
3284 7 214 79
3285 8 84 79
3286 9 41 79
3287 5 167 80
3288 6 242 80
3289 7 204 80
3290 4 132 81
3291 5 186 81
3292 3 166 82
3293 4 37 82
3294 3 57 83
3295 3 57 84
3296 3 57 85
3297 3 57 86
3298 3 57 87
3299 12 2 78
3300 10 62 79
3301 13 230 78
3302 11 29 79
3303 12 84 79
3304 8 81 80
3305 13 192 79
3306 9 43 80
3307 10 51 80
3308 6 140 81
3309 11 105 80
3310 7 65 81
3311 8 21 81
3312 5 113 82
3313 9 207 81
3314 6 120 82
3315 7 228 82
3316 4 26 83
3317 5 54 83
3318 4 160 84
3319 4 160 85
3320 14 127 79
3321 12 255 80
3322 13 131 80
3323 15 123 80
3324 14 74 80
3325 10 15 81
3326 11 16 81
3327 12 234 81
3328 13 220 81
3329 8 211 82
3330 9 157 82
3331 10 201 82
3332 11 23 82
3333 6 2 83
3334 7 248 83
3335 8 114 83
3336 9 30 83
3337 5 70 84
3338 6 16 84
3339 16 43 80
3340 14 18 81
3341 15 34 81
3342 12 216 82
3343 16 228 81
3344 13 69 82
3345 14 17 82
3346 10 202 83
3347 15 31 82
3348 11 123 83
3349 12 85 83
3350 7 69 84
3351 13 14 83
3352 8 47 84
3353 9 44 84
3354 5 138 85
3355 10 249 84
3356 16 172 82
3357 14 72 83
3358 17 55 82
3359 15 127 83
3360 16 123 83
3361 11 196 84
3362 17 206 83
3363 12 248 84
3364 13 123 84
3365 19 203 84
3366 14 39 84
3367 6 107 85
3368 7 49 85
3369 8 121 85
3370 9 178 85
3371 16 162 84
3372 10 242 85
3373 17 220 84
3374 11 88 85
3375 18 52 84
3376 12 100 85
3377 17 35 85
3378 4 108 86
3379 18 80 85
3380 5 105 86
3381 6 59 86
3382 7 88 86
3383 8 118 86
3384 19 56 85
3385 9 196 86
3386 10 185 86
3387 20 135 86
3388 18 208 86
3389 4 90 87
3390 19 250 86
3391 5 251 87
3392 6 244 87
3393 7 89 87
3394 8 177 87
3395 9 46 87
3396 3 180 88
3397 20 249 87
3398 4 186 88
3399 21 231 87
3400 5 87 88
3401 6 252 88
3402 3 226 89
3403 7 50 88
3404 22 6 88
3405 4 5 89
3406 5 146 89
3407 2 69 90
3408 6 31 89
3409 3 106 90
3410 22 8 89
3411 4 2 90
3412 2 52 91
3413 23 130 90
3414 3 194 91
3415 4 45 91
3416 1 43 92
3417 25 206 92
3418 2 211 92
3419 1 91 93
3420 15 80 84
3421 13 262 85
3422 14 248 85
3423 15 84 85
3424 16 149 85
3425 11 176 86
3426 12 69 86
3427 13 156 86
3428 14 132 86
3429 15 256 86
3430 17 97 86
3431 10 7 87
3432 11 82 87
3433 12 119 87
3434 13 56 87
3435 18 71 87
3436 19 77 87
3437 8 15 88
3438 9 174 88
3439 10 27 88
3440 11 190 88
3441 19 28 88
3442 20 142 88
3443 21 136 88
3444 8 210 89
3445 7 15 89
3446 9 148 89
3447 10 254 89
3448 21 158 89
3449 5 247 90
3450 6 185 90
3451 7 112 90
3452 8 16 90
3453 5 143 91
3454 6 241 91
3455 7 229 91
3456 16 80 86
3457 14 262 87
3458 15 248 87
3459 16 84 87
3460 17 149 87
3461 12 176 88
3462 13 69 88
3463 14 156 88
3464 15 132 88
3465 16 256 88
3466 18 97 88
3467 11 7 89
3468 12 82 89
3469 13 119 89
3470 14 56 89
3471 19 71 89
3472 20 77 89
3473 9 15 90
3474 10 174 90
3475 11 27 90
3476 12 190 90
3477 20 28 90
3478 21 142 90
3479 22 136 90
3480 9 210 91
3481 8 15 91
3482 10 148 91
3483 11 254 91
3484 22 158 91
3485 23 225 91
3486 24 98 91
3487 3 22 92
3488 4 229 92
3489 5 251 92
3490 6 52 92
3491 17 80 88
3492 15 262 89
3493 16 248 89
3494 17 84 89
3495 18 149 89
3496 13 176 90
3497 14 69 90
3498 15 156 90
3499 16 132 90
3500 17 256 90
3501 19 97 90
3502 12 7 91
3503 13 82 91
3504 14 119 91
3505 15 56 91
3506 20 71 91
3507 21 77 91
3508 7 220 92
3509 8 81 92
3510 9 134 92
3511 10 72 92
3512 11 239 92
3513 12 194 92
3514 13 77 92
3515 21 48 92
3516 22 32 92
3517 23 209 92
3518 24 207 92
3519 2 238 93
3520 3 223 93
3521 4 227 93
3522 5 62 93
3523 6 117 93
3524 7 174 93
3525 18 80 90
3526 16 262 91
3527 17 248 91
3528 18 84 91
3529 19 149 91
3530 14 176 92
3531 15 69 92
3532 16 156 92
3533 17 132 92
3534 18 256 92
3535 20 97 92
3536 8 64 93
3537 9 48 93
3538 10 218 93
3539 11 178 93
3540 12 53 93
3541 13 17 93
3542 14 175 93
3543 15 115 93
3544 21 235 93
3545 16 164 93
3546 22 18 93
3547 23 87 93
3548 24 106 93
3549 25 223 93
3550 26 131 93
3551 0 79 94
3552 1 31 94
3553 2 116 94
3554 3 118 94
3555 4 34 94
3556 5 197 94
3557 6 149 94
3558 19 80 92
3559 17 262 93
3560 18 248 93
3561 19 84 93
3562 20 149 93
3563 7 75 94
3564 8 13 94
3565 9 25 94
3566 10 237 94
3567 11 209 94
3568 12 68 94
3569 13 161 94
3570 14 14 94
3571 15 13 94
3572 16 249 94
3573 17 143 94
3574 18 217 94
3575 19 234 94
3576 21 237 94
3577 22 191 94
3578 23 35 94
3579 24 65 94
3580 25 123 94
3581 26 64 94
3582 0 57 95
3583 1 95 95
3584 2 140 95
3585 3 215 95
3586 4 184 95
3587 5 185 95
3588 6 124 95
3589 7 188 95
3590 20 80 94
3591 8 18 95
3592 9 96 95
3593 10 252 95
3594 11 111 95
3595 12 124 95
3596 13 130 95
3597 14 103 95
3598 15 78 95
3599 16 15 95
3600 17 201 95
3601 18 207 95
3602 19 247 95
3603 20 56 95
3604 21 98 95
3605 22 259 95
3606 23 82 95
3607 24 80 95
3608 25 127 95
3609 26 40 95
3610 27 158 95
3611 0 65 96
3612 1 216 96
3613 2 128 96
3614 3 171 96
3615 4 51 96
3616 5 250 96
3617 6 105 96
3618 7 140 96
3619 8 155 96
3620 9 13 96
3621 10 182 96
3622 11 230 96
3623 12 114 96
3624 13 244 96
3625 14 77 96
3626 15 164 96
3627 16 143 96
3628 17 232 96
3629 18 146 96
3630 19 181 96
3631 20 185 96
3632 21 225 96
3633 22 229 96
3634 23 139 96
3635 24 103 96
3636 25 189 96
3637 26 180 96
3638 27 242 96
3639 0 240 97
3640 1 186 97
3641 2 204 97
3642 3 69 97
3643 4 25 97
3644 5 21 97
3645 6 256 97
3646 7 175 97
3647 8 254 97
3648 9 68 97
3649 10 132 97
3650 11 1 97
3651 12 90 97
3652 13 15 97
3653 14 101 97
3654 15 261 97
3655 16 245 97
3656 17 131 97
3657 18 101 97
3658 19 48 97
3659 20 165 97
3660 21 57 97
3661 22 179 97
3662 23 246 97
3663 24 231 97
3664 25 258 97
3665 26 194 97
3666 27 212 97
3667 28 216 97
3668 29 33 97
3669 0 36 98
3670 1 150 98
3671 2 174 98
3672 3 2 98
3673 4 141 98
3674 5 107 98
3675 6 29 98
3676 7 85 98
3677 8 1 98
3678 9 143 98
3679 10 247 98
3680 11 5 98
3681 13 13 98
3682 12 131 98
3683 14 53 98
3684 15 256 98
3685 16 221 98
3686 18 41 98
3687 17 163 98
3688 19 92 98
3689 20 40 98
3690 21 146 98
3691 22 214 98
3692 23 260 98
3693 24 9 98
3694 25 54 98
3695 26 106 98
3696 27 50 98
3697 28 83 98
3698 29 28 98
3699 0 164 99
3700 1 67 99
3701 2 163 99
3702 3 21 99
3703 4 162 99
3704 5 204 99
3705 6 13 99
3706 7 167 99
3707 8 124 99
3708 9 156 99
3709 10 213 99
3710 11 258 99
3711 12 41 99
3712 13 122 99
3713 14 246 99
3714 15 156 99
3715 16 255 99
3716 17 259 99
3717 18 87 99
3718 19 74 99
3719 20 172 99
3720 21 250 99
3721 22 30 99
3722 23 203 99
3723 24 82 99
3724 25 58 99
3725 26 55 99
3726 27 53 99
3727 28 90 99
3728 29 26 99
3729 30 91 99
3730 0 203 100
3731 1 77 100
3732 2 86 100
3733 3 90 100
3734 4 31 100
3735 5 60 100
3736 6 238 100
3737 7 202 100
3738 8 252 100
3739 9 92 100
3740 10 104 100
3741 11 26 100
3742 12 63 100
3743 13 214 100
3744 14 164 100
3745 15 146 100
3746 16 13 100
3747 17 112 100
3748 18 225 100
3749 19 92 100
3750 20 239 100
3751 21 189 100
3752 22 66 100
3753 23 120 100
3754 24 48 100
3755 25 209 100
3756 26 160 100
3757 27 243 100
3758 28 70 100
3759 29 236 100
3760 30 6 100
3761 0 214 101
3762 1 183 101
3763 2 149 101
3764 3 137 101
3765 4 122 101
3766 5 243 101
3767 6 1 101
3768 7 203 101
3769 8 232 101
3770 9 110 101
3771 10 200 101
3772 11 22 101
3773 12 23 101
3774 13 126 101
3775 14 84 101
3776 15 68 101
3777 16 221 101
3778 17 229 101
3779 18 177 101
3780 19 52 101
3781 20 261 101
3782 21 119 101
3783 22 64 101
3784 23 252 101
3785 24 60 101
3786 25 252 101
3787 26 253 101
3788 27 103 101
3789 28 234 101
3790 29 66 101
3791 30 197 101
3792 31 54 101
3793 0 118 102
3794 1 92 102
3795 2 183 102
3796 3 185 102
3797 4 221 102
3798 5 210 102
3799 6 84 102
3800 8 215 102
3801 9 200 102
3802 11 134 102
3803 12 227 102
3804 13 223 102
3805 14 237 102
3806 15 46 102
3807 16 258 102
3808 17 252 102
3809 18 106 102
3810 19 256 102
3811 20 244 102
3812 21 67 102
3813 22 36 102
3814 23 240 102
3815 24 18 102
3816 25 82 102
3817 26 128 102
3818 27 202 102
3819 28 155 102
3820 29 76 102
3821 30 191 102
3822 31 103 102
3823 32 60 102
3824 0 20 103
3825 1 124 103
3826 2 234 103
3827 3 125 103
3828 4 178 103
3829 5 180 103
3830 11 23 103
3831 14 234 103
3832 15 40 103
3833 17 43 103
3834 18 214 103
3835 19 52 103
3836 20 262 103
3837 21 36 103
3838 22 109 103
3839 23 109 103
3840 24 11 103
3841 25 180 103
3842 26 2 103
3843 27 129 103
3844 28 43 103
3845 29 108 103
3846 30 141 103
3847 31 100 103
3848 32 134 103
3849 33 87 103
3850 0 239 104
3851 1 219 104
3852 2 169 104
3853 3 143 104
3854 4 112 104
3855 5 255 104
3856 17 100 104
3857 18 228 104
3858 19 101 104
3859 20 215 104
3860 21 53 104
3861 22 256 104
3862 23 241 104
3863 24 97 104
3864 25 105 104
3865 26 168 104
3866 27 59 104
3867 28 36 104
3868 29 167 104
3869 30 115 104
3870 31 205 104
3871 32 28 104
3872 33 253 104
3873 0 139 105
3874 1 217 105
3875 2 42 105
3876 3 215 105
3877 4 112 105
3878 18 47 105
3879 20 29 105
3880 21 65 105
3881 22 223 105
3882 23 239 105
3883 24 49 105
3884 25 78 105
3885 26 167 105
3886 27 109 105
3887 28 259 105
3888 29 106 105
3889 30 46 105
3890 31 58 105
3891 32 162 105
3892 33 23 105
3893 34 48 105
3894 0 69 106
3895 1 16 106
3896 2 139 106
3897 3 229 106
3898 4 88 106
3899 20 254 106
3900 21 199 106
3901 22 150 106
3902 23 40 106
3903 24 75 106
3904 25 245 106
3905 26 14 106
3906 27 10 106
3907 28 153 106
3908 29 24 106
3909 30 221 106
3910 31 73 106
3911 32 130 106
3912 33 110 106
3913 34 185 106
3914 0 176 107
3915 1 176 107
3916 2 35 107
3917 3 49 107
3918 23 29 107
3919 24 154 107
3920 25 99 107
3921 26 143 107
3922 27 139 107
3923 28 236 107
3924 29 252 107
3925 30 196 107
3926 31 87 107
3927 32 238 107
3928 33 32 107
3929 34 96 107
3930 35 73 107
3931 0 167 108
3932 1 68 108
3933 2 260 108
3934 3 232 108
3935 23 130 108
3936 24 29 108
3937 25 23 108
3938 26 159 108
3939 27 197 108
3940 28 214 108
3941 29 168 108
3942 30 53 108
3943 31 151 108
3944 32 135 108
3945 33 105 108
3946 34 153 108
3947 35 33 108
3948 36 177 108
3949 0 181 109
3950 1 163 109
3951 2 5 109
3952 26 18 109
3953 27 174 109
3954 28 71 109
3955 29 250 109
3956 30 37 109
3957 31 14 109
3958 32 6 109
3959 33 160 109
3960 34 108 109
3961 35 197 109
3962 36 198 109
3963 37 133 109
3964 0 262 110
3965 1 39 110
3966 2 10 110
3967 27 217 110
3968 28 261 110
3969 29 147 110
3970 30 252 110
3971 31 112 110
3972 32 235 110
3973 33 145 110
3974 34 191 110
3975 35 221 110
3976 36 26 110
3977 37 112 110
3978 0 43 111
3979 1 44 111
3980 28 215 111
3981 29 237 111
3982 30 29 111
3983 31 168 111
3984 32 15 111
3985 33 238 111
3986 34 62 111
3987 35 86 111
3988 36 147 111
3989 37 40 111
3990 38 194 111
3991 0 93 112
3992 1 42 112
3993 30 242 112
3994 31 13 112
3995 32 152 112
3996 33 65 112
3997 34 209 112
3998 35 69 112
3999 36 214 112
4000 37 1 112
4001 38 65 112
4002 39 6 112
4003 0 62 113
4004 31 110 113
4005 32 197 113
4006 33 225 113
4007 34 112 113
4008 35 24 113
4009 36 161 113
4010 38 214 113
4011 37 119 113
4012 39 213 113
4013 0 103 114
4014 32 2 114
4015 35 98 114
4016 36 145 114
4017 34 165 114
4018 37 33 114
4019 33 98 114
4020 40 107 114
4021 38 5 114
4022 39 156 114
4023 34 69 115
4024 38 49 115
4025 35 3 115
4026 37 214 115
4027 36 214 115
4028 39 19 115
4029 40 240 115
4030 41 144 115
4031 35 76 116
4032 36 195 116
4033 40 156 116
4034 37 143 116
4035 39 107 116
4036 38 214 116
4037 41 5 116
4038 35 172 117
4039 37 49 117
4040 36 49 117
4041 42 156 117
4042 38 207 117
4043 41 107 117
4044 40 107 117
4045 40 107 118
4046 39 156 117
4047 39 156 118
4048 38 49 118
4049 41 110 118
4050 43 156 119
4051 42 107 118
4052 42 107 119
4053 38 117 119
4054 41 156 119
4055 40 156 119
4056 40 156 120
4057 39 107 119
4058 44 185 120
4059 43 107 120
4060 43 107 121
4061 42 156 120
4062 42 156 121
4063 41 107 120
4064 41 107 121
4065 45 78 121
4066 44 78 121
4067 44 78 122
4068 43 156 122
4069 45 55 122
4070 42 107 122
4071 46 78 123
4072 43 73 123
4073 45 185 123
4074 44 185 123
4075 44 185 124
4076 47 78 125
4077 46 185 124
4078 46 185 125
4079 45 78 124
4080 48 224 126
4081 47 185 126
4082 47 185 127
4083 49 39 127
4084 48 39 127
4085 50 39 129
4086 51 196 131
4087 49 104 128
4088 48 210 128
4089 46 228 126
4090 45 187 125
4091 43 75 124
4092 42 238 123
4093 40 24 121
4094 39 255 120
4095 37 89 118
4096 36 205 118
4097 34 185 116
4098 33 26 115
4099 31 92 114
4100 30 57 113
4101 28 141 112
4102 27 216 111
4103 25 227 109
4104 24 251 109
4105 22 2 107
4106 21 176 107
4107 19 146 105
4108 18 78 106
4109 16 138 103
4110 15 171 104
4111 13 160 103
4112 12 19 103
4113 10 47 102
4114 9 144 103
4115 7 24 102
4116 6 231 103
4117 52 196 133
4118 50 104 130
4119 49 53 129
4120 47 228 128
4121 46 187 127
4122 44 94 125
4123 43 238 125
4124 41 239 122
4125 40 255 122
4126 38 89 120
4127 37 58 119
4128 35 185 118
4129 34 26 117
4130 32 217 115
4131 31 57 115
4132 29 202 112
4133 28 216 113
4134 26 18 110
4135 25 12 110
4136 23 2 109
4137 22 87 108
4138 20 146 107
4139 19 39 106
4140 17 138 105
4141 16 217 104
4142 14 103 104
4143 13 122 104
4144 11 47 104
4145 10 72 103
4146 8 239 103
4147 53 98 133
4148 51 104 132
4149 50 53 131
4150 48 149 129
4151 47 187 129
4152 45 169 126
4153 44 144 126
4154 42 239 124
4155 41 8 123
4156 39 87 121
4157 38 58 121
4158 36 39 119
4159 35 26 119
4160 33 46 116
4161 32 103 116
4162 30 202 114
4163 29 108 113
4164 27 18 112
4165 26 257 111
4166 24 262 110
4167 23 87 110
4168 21 190 108
4169 20 39 108
4170 18 138 107
4171 17 217 106
4172 15 80 105
4173 14 141 105
4174 12 155 104
4175 11 72 105
4176 54 98 135
4177 52 104 134
4178 51 53 133
4179 49 114 130
4180 48 38 130
4181 46 169 128
4182 45 119 127
4183 43 239 126
4184 42 8 125
4185 40 87 123
4186 39 234 122
4187 37 224 120
4188 36 250 120
4189 34 46 118
4190 33 160 117
4191 31 202 116
4192 30 108 115
4193 28 18 114
4194 27 257 113
4195 25 1 111
4196 24 88 111
4197 22 73 109
4198 21 112 109
4199 19 69 107
4200 18 217 108
4201 16 40 105
4202 15 61 106
4203 13 54 105
4204 55 98 137
4205 53 52 134
4206 52 53 135
4207 50 114 132
4208 49 225 131
4209 47 169 130
4210 46 119 129
4211 44 12 127
4212 43 8 127
4213 41 176 124
4214 40 234 124
4215 38 224 122
4216 37 13 121
4217 35 46 120
4218 34 160 119
4219 32 162 117
4220 31 108 117
4221 29 9 114
4222 28 257 115
4223 26 131 112
4224 25 175 112
4225 23 73 111
4226 22 151 110
4227 20 69 109
4228 19 240 108
4229 17 40 107
4230 16 162 106
4231 56 98 139
4232 54 52 136
4233 53 158 135
4234 51 114 134
4235 50 225 133
4236 48 47 131
4237 47 119 131
4238 45 251 128
4239 44 259 128
4240 42 176 126
4241 41 29 125
4242 39 151 123
4243 38 13 123
4244 36 240 121
4245 35 160 121
4246 33 101 118
4247 32 209 118
4248 30 9 116
4249 29 260 115
4250 27 131 114
4251 26 44 113
4252 24 95 112
4253 23 151 112
4254 21 97 110
4255 20 240 110
4256 18 40 109
4257 57 49 139
4258 55 52 138
4259 54 158 137
4260 52 114 136
4261 51 225 135
4262 49 216 132
4263 48 72 132
4264 46 251 130
4265 45 4 129
4266 43 176 128
4267 42 29 127
4268 40 151 125
4269 39 125 124
4270 37 23 122
4271 36 183 122
4272 34 101 120
4273 33 54 119
4274 31 9 118
4275 30 260 117
4276 28 131 116
4277 27 44 115
4278 25 168 113
4279 24 56 113
4280 22 166 111
4281 21 143 111
4282 58 49 141
4283 56 52 140
4284 55 158 139
4285 53 57 136
4286 52 225 137
4287 50 216 134
4288 49 191 133
4289 47 251 132
4290 46 4 131
4291 44 175 129
4292 43 29 129
4293 41 112 126
4294 40 125 126
4295 38 23 124
4296 37 80 123
4297 35 101 122
4298 34 54 121
4299 32 127 119
4300 31 260 119
4301 29 197 116
4302 28 44 117
4303 26 179 114
4304 25 207 114
4305 23 166 113
4306 59 49 143
4307 57 26 140
4308 56 158 141
4309 54 57 138
4310 53 244 137
4311 51 216 136
4312 50 191 135
4313 48 6 133
4314 47 4 133
4315 45 88 130
4316 44 117 130
4317 42 112 128
4318 41 138 127
4319 39 120 125
4320 38 80 125
4321 36 81 123
4322 35 54 123
4323 33 136 120
4324 32 133 120
4325 30 197 118
4326 29 22 117
4327 27 179 116
4328 26 28 115
4329 60 49 145
4330 58 26 142
4331 57 79 141
4332 55 57 140
4333 54 244 139
4334 52 216 138
4335 51 191 137
4336 49 257 134
4337 48 261 134
4338 46 88 132
4339 45 146 131
4340 43 112 130
4341 42 138 129
4342 40 120 127
4343 39 223 126
4344 37 182 124
4345 36 236 124
4346 34 136 122
4347 33 130 121
4348 31 197 120
4349 30 22 119
4350 28 179 118
4351 61 214 146
4352 59 26 144
4353 58 79 143
4354 56 57 142
4355 55 244 141
4356 53 108 138
4357 52 191 139
4358 50 257 136
4359 49 2 135
4360 47 88 134
4361 46 146 133
4362 44 207 131
4363 43 138 131
4364 41 143 128
4365 40 223 128
4366 38 182 126
4367 37 27 125
4368 35 136 124
4369 34 130 123
4370 32 33 121
4371 31 22 121
4372 62 156 147
4373 60 26 146
4374 59 79 145
4375 57 160 142
4376 56 244 143
4377 54 108 140
4378 53 227 139
4379 51 257 138
4380 50 2 137
4381 48 219 135
4382 47 146 135
4383 45 56 132
4384 44 194 132
4385 42 143 130
4386 41 40 129
4387 39 172 127
4388 38 27 127
4389 36 195 125
4390 35 130 125
4391 33 230 122
4392 63 156 149
4393 61 237 147
4394 60 79 147
4395 58 160 144
4396 57 122 143
4397 55 108 142
4398 54 227 141
4399 52 257 140
4400 51 2 139
4401 49 44 136
4402 48 190 136
4403 46 56 134
4404 45 69 133
4405 43 143 132
4406 42 40 131
4407 40 172 129
4408 39 118 128
4409 37 68 126
4410 36 198 126
4411 64 156 151
4412 62 13 148
4413 61 184 148
4414 59 160 146
4415 58 122 145
4416 56 108 144
4417 55 227 143
4418 53 260 140
4419 52 2 141
4420 50 44 138
4421 49 73 137
4422 47 56 136
4423 46 69 135
4424 44 60 133
4425 43 40 133
4426 41 91 130
4427 40 118 130
4428 38 68 128
4429 65 107 152
4430 63 13 150
4431 62 171 149
4432 60 160 148
4433 59 122 147
4434 57 54 144
4435 56 227 145
4436 54 260 142
4437 53 1 141
4438 51 44 140
4439 50 73 139
4440 48 235 137
4441 47 69 137
4442 45 203 134
4443 44 243 134
4444 42 91 132
4445 41 145 131
4446 66 78 153
4447 64 13 152
4448 63 171 151
4449 61 103 149
4450 60 122 149
4451 58 54 146
4452 57 245 145
4453 55 260 144
4454 54 1 143
4455 52 44 142
4456 51 73 141
4457 49 28 138
4458 48 97 138
4459 46 203 136
4460 45 20 135
4461 43 91 134
4462 67 78 155
4463 65 250 153
4464 64 171 153
4465 62 80 150
4466 61 141 150
4467 59 54 148
4468 58 245 147
4469 56 260 146
4470 55 1 145
4471 53 22 142
4472 52 73 143
4473 50 28 140
4474 49 166 139
4475 47 203 138
4476 46 20 137
4477 68 78 157
4478 66 138 154
4479 65 92 154
4480 63 80 152
4481 62 61 151
4482 60 54 150
4483 59 245 149
4484 57 130 146
4485 56 1 147
4486 54 22 144
4487 53 168 143
4488 51 28 142
4489 50 166 141
4490 48 30 139
4491 69 185 158
4492 67 138 156
4493 66 217 155
4494 64 80 154
4495 63 61 153
4496 61 209 151
4497 60 245 151
4498 58 130 148
4499 57 132 147
4500 55 22 146
4501 54 168 145
4502 52 28 144
4503 51 166 143
4504 70 185 160
4505 68 138 158
4506 67 217 157
4507 65 183 155
4508 64 61 155
4509 62 27 152
4510 61 18 152
4511 59 130 150
4512 58 132 149
4513 56 22 148
4514 55 168 147
4515 53 14 144
4516 71 39 161
4517 69 125 159
4518 68 217 159
4519 66 40 156
4520 65 202 156
4521 63 27 154
4522 62 254 153
4523 60 130 152
4524 59 132 151
4525 57 11 148
4526 56 168 149
4527 72 39 163
4528 70 125 161
4529 69 46 160
4530 67 40 158
4531 66 162 157
4532 64 27 156
4533 63 254 155
4534 61 133 153
4535 60 132 153
4536 58 11 150
4537 73 224 164
4538 71 69 162
4539 70 46 162
4540 68 40 160
4541 67 162 159
4542 65 236 157
4543 64 254 157
4544 62 65 154
4545 61 131 154
4546 74 224 166
4547 72 69 164
4548 71 240 163
4549 69 223 161
4550 68 162 161
4551 66 145 158
4552 65 9 158
4553 63 65 156
4554 75 151 167
4555 73 194 165
4556 72 240 165
4557 70 223 163
4558 69 101 162
4559 67 145 160
4560 66 127 159
4561 76 151 169
4562 74 194 167
4563 73 23 166
4564 71 20 164
4565 70 101 164
4566 68 145 162
4567 77 112 170
4568 75 166 168
4569 74 23 168
4570 72 20 166
4571 71 81 165
4572 78 112 172
4573 76 166 170
4574 75 120 169
4575 73 243 167
4576 79 112 174
4577 77 97 171
4578 76 120 171
4579 80 207 175
4580 78 97 173
4581 81 56 176
4582 82 164 178
4583 79 40 175
4584 77 1 172
4585 74 244 169
4586 72 178 167
4587 69 226 163
4588 67 139 161
4589 64 252 158
4590 62 243 155
4591 59 117 152
4592 57 141 149
4593 54 214 146
4594 52 37 145
4595 49 43 140
4596 47 252 139
4597 44 27 135
4598 42 117 133
4599 39 191 129
4600 37 214 127
4601 34 142 124
4602 32 220 122
4603 29 235 118
4604 27 209 117
4605 24 237 114
4606 22 238 112
4607 19 212 109
4608 17 221 108
4609 14 245 106
4610 83 164 180
4611 80 243 176
4612 78 1 174
4613 75 141 170
4614 73 85 168
4615 70 226 165
4616 68 139 163
4617 65 11 159
4618 63 243 157
4619 60 117 154
4620 58 141 151
4621 55 214 148
4622 53 150 145
4623 50 43 142
4624 48 137 140
4625 45 236 136
4626 43 117 135
4627 40 191 131
4628 38 214 129
4629 35 142 126
4630 33 43 123
4631 30 235 120
4632 28 209 119
4633 25 26 115
4634 23 238 114
4635 20 212 111
4636 18 221 110
4637 84 181 181
4638 81 20 177
4639 79 1 176
4640 76 141 172
4641 74 85 170
4642 71 150 166
4643 69 124 164
4644 66 126 160
4645 64 243 159
4646 61 146 155
4647 59 141 153
4648 56 214 150
4649 54 150 147
4650 51 43 144
4651 49 126 141
4652 46 236 138
4653 44 73 136
4654 41 72 132
4655 39 156 130
4656 36 192 127
4657 34 43 125
4658 31 235 122
4659 29 236 119
4660 26 250 116
4661 24 144 115
4662 21 157 112
4663 85 82 182
4664 82 20 179
4665 80 131 177
4666 77 122 173
4667 75 89 171
4668 72 150 168
4669 70 124 166
4670 67 126 162
4671 65 20 160
4672 62 190 156
4673 60 141 155
4674 57 107 150
4675 55 150 149
4676 52 43 146
4677 50 126 143
4678 47 236 140
4679 45 190 137
4680 42 72 134
4681 40 156 132
4682 37 71 128
4683 35 43 127
4684 32 14 123
4685 30 236 121
4686 27 250 118
4687 25 119 116
4688 86 82 184
4689 83 20 181
4690 81 132 178
4691 78 122 175
4692 76 89 173
4693 73 113 169
4694 71 201 167
4695 68 126 164
4696 66 253 161
4697 63 190 158
4698 61 122 156
4699 58 107 152
4700 56 150 151
4701 53 153 146
4702 51 126 145
4703 48 145 141
4704 46 190 139
4705 43 72 136
4706 41 107 133
4707 38 71 130
4708 36 110 128
4709 33 249 124
4710 31 236 123
4711 28 250 120
4712 87 82 186
4713 84 253 182
4714 82 132 180
4715 79 122 177
4716 77 174 174
4717 74 113 171
4718 72 201 169
4719 69 137 165
4720 67 253 163
4721 64 190 160
4722 62 202 157
4723 59 107 154
4724 57 75 151
4725 54 153 148
4726 52 126 147
4727 49 118 142
4728 47 190 141
4729 44 227 137
4730 42 107 135
4731 39 96 131
4732 37 153 129
4733 34 249 126
4734 32 145 124
4735 88 82 188
4736 85 10 183
4737 83 132 182
4738 80 202 178
4739 78 174 176
4740 75 75 172
4741 73 62 170
4742 70 137 167
4743 68 253 165
4744 65 73 161
4745 63 202 159
4746 60 107 156
4747 58 75 153
4748 55 153 150
4749 53 63 147
4750 50 118 144
4751 48 168 142
4752 45 36 138
4753 43 107 137
4754 40 96 133
4755 38 153 131
4756 35 249 128
4757 89 41 188
4758 86 10 185
4759 84 197 183
4760 81 61 179
4761 79 174 178
4762 76 75 174
4763 74 62 172
4764 71 63 168
4765 69 10 166
4766 66 95 162
4767 64 202 161
4768 61 156 157
4769 59 75 155
4770 56 153 152
4771 54 63 149
4772 51 118 146
4773 49 95 143
4774 46 36 140
4775 44 78 138
4776 41 167 134
4777 39 55 132
4778 90 41 190
4779 87 10 187
4780 85 66 184
4781 82 61 181
4782 80 176 179
4783 77 188 175
4784 75 232 173
4785 72 63 170
4786 70 10 168
4787 67 95 164
4788 65 61 162
4789 62 185 158
4790 60 75 157
4791 57 208 152
4792 55 63 151
4793 52 118 148
4794 50 95 145
4795 47 36 142
4796 45 185 139
4797 42 167 136
4798 91 41 192
4799 88 10 189
4800 86 66 186
4801 83 61 183
4802 81 87 180
4803 78 188 177
4804 76 232 175
4805 73 200 171
4806 71 258 169
4807 68 95 166
4808 66 101 163
4809 63 185 160
4810 61 188 158
4811 58 208 154
4812 56 63 153
4813 53 59 148
4814 51 95 147
4815 48 245 143
4816 46 185 141
4817 92 41 194
4818 89 5 189
4819 87 66 188
4820 84 101 184
4821 82 87 182
4822 79 188 179
4823 77 31 176
4824 74 200 173
4825 72 258 171
4826 69 168 167
4827 67 101 165
4828 64 185 162
4829 62 169 159
4830 59 208 156
4831 57 163 153
4832 54 59 150
4833 52 95 149
4834 49 18 144
4835 93 152 194
4836 90 5 191
4837 88 66 190
4838 85 162 185
4839 83 87 184
4840 80 169 180
4841 78 31 178
4842 75 163 174
4843 73 5 172
4844 70 168 169
4845 68 101 167
4846 65 78 163
4847 63 169 161
4848 60 208 158
4849 58 163 155
4850 55 59 152
4851 53 179 149
4852 94 152 196
4853 91 5 193
4854 89 33 190
4855 86 162 187
4856 84 88 185
4857 81 94 181
4858 79 31 180
4859 76 163 176
4860 74 5 174
4861 71 179 170
4862 69 162 168
4863 66 224 164
4864 64 169 163
4865 61 55 159
4866 59 163 157
4867 56 59 154
4868 95 152 198
4869 92 5 195
4870 90 33 192
4871 87 162 189
4872 85 175 186
4873 82 94 183
4874 80 116 181
4875 77 100 177
4876 75 129 175
4877 72 179 172
4878 70 162 170
4879 67 224 166
4880 65 94 164
4881 62 104 160
4882 60 163 159
4883 96 152 200
4884 93 134 195
4885 91 33 194
4886 88 162 191
4887 86 175 188
4888 83 94 185
4889 81 147 182
4890 78 100 179
4891 76 129 177
4892 73 84 173
4893 71 182 171
4894 68 224 168
4895 66 216 165
4896 63 104 162
4897 97 111 201
4898 94 134 197
4899 92 33 196
4900 89 81 191
4901 87 175 190
4902 84 216 186
4903 82 147 184
4904 79 100 181
4905 77 134 178
4906 74 84 175
4907 72 182 173
4908 69 39 169
4909 67 216 167
4910 98 76 202
4911 95 134 199
4912 93 148 196
4913 90 81 193
4914 88 175 192
4915 85 47 187
4916 83 147 186
4917 80 213 182
4918 78 134 180
4919 75 221 176
4920 73 81 174
4921 70 39 171
4922 99 76 204
4923 96 134 201
4924 94 148 198
4925 91 81 195
4926 89 219 192
4927 86 47 189
4928 84 58 187
4929 81 50 183
4930 79 134 182
4931 76 221 178
4932 74 81 176
4933 100 76 206
4934 97 129 202
4935 95 148 200
4936 92 81 197
4937 90 219 194
4938 87 47 191
4939 85 205 188
4940 82 50 185
4941 80 196 183
4942 77 42 179
4943 101 187 207
4944 98 67 203
4945 96 148 202
4946 93 172 197
4947 91 219 196
4948 88 47 193
4949 86 205 190
4950 83 50 187
4951 81 67 184
4952 102 38 208
4953 99 67 205
4954 97 115 203
4955 94 172 199
4956 92 219 198
4957 89 155 193
4958 87 205 192
4959 84 238 188
4960 103 38 210
4961 100 67 207
4962 98 74 204
4963 95 172 201
4964 93 241 198
4965 90 155 195
4966 88 205 194
4967 104 38 212
4968 101 196 208
4969 99 74 206
4970 96 172 203
4971 94 241 200
4972 91 155 197
4973 105 225 213
4974 102 165 209
4975 100 74 208
4976 97 91 204
4977 95 241 202
4978 106 225 215
4979 103 165 211
4980 101 189 209
4981 98 86 205
4982 107 19 216
4983 104 165 213
4984 102 37 210
4985 108 19 218
4986 105 98 214
4987 109 244 219
4988 7 158 103
4989 6 233 104
4990 7 156 104
4991 8 76 104
4992 9 167 104
4993 10 156 104
4994 5 220 105
4995 6 48 105
4996 7 210 105
4997 9 103 105
4998 10 249 105
4999 12 232 105
5000 5 83 106
5001 6 145 106
5002 12 5 106
5003 13 247 106
5004 4 115 107
5005 5 38 107
5006 12 76 107
5007 14 235 107
5008 15 151 107
5009 16 109 107
5010 4 196 108
5011 5 212 108
5012 15 115 108
5013 16 217 108
5014 3 246 109
5015 4 25 109
5016 3 110 110
5017 4 163 110
5018 19 80 110
5019 2 172 111
5020 3 153 111
5021 8 158 105
5022 7 233 106
5023 8 156 106
5024 9 76 106
5025 10 167 106
5026 11 156 106
5027 6 220 107
5028 7 48 107
5029 8 210 107
5030 10 103 107
5031 11 249 107
5032 13 232 107
5033 6 83 108
5034 7 145 108
5035 13 5 108
5036 14 247 108
5037 5 115 109
5038 6 38 109
5039 13 76 109
5040 15 235 109
5041 16 151 109
5042 17 109 109
5043 5 196 110
5044 6 212 110
5045 16 115 110
5046 17 217 110
5047 4 246 111
5048 5 25 111
5049 19 203 111
5050 2 223 112
5051 3 15 112
5052 4 186 112
5053 9 158 107
5054 8 233 108
5055 9 156 108
5056 10 76 108
5057 11 167 108
5058 12 156 108
5059 7 220 109
5060 8 48 109
5061 9 210 109
5062 11 103 109
5063 12 249 109
5064 14 232 109
5065 7 83 110
5066 8 145 110
5067 14 5 110
5068 15 247 110
5069 6 115 111
5070 7 38 111
5071 14 76 111
5072 16 235 111
5073 17 151 111
5074 18 109 111
5075 5 44 112
5076 6 37 112
5077 7 134 112
5078 17 151 112
5079 18 180 112
5080 19 21 112
5081 20 248 112
5082 1 28 113
5083 2 167 113
5084 10 158 109
5085 9 233 110
5086 10 156 110
5087 11 76 110
5088 12 167 110
5089 13 156 110
5090 8 220 111
5091 9 48 111
5092 10 210 111
5093 12 103 111
5094 13 249 111
5095 15 232 111
5096 8 83 112
5097 9 145 112
5098 15 5 112
5099 16 247 112
5100 3 160 113
5101 4 79 113
5102 5 163 113
5103 6 83 113
5104 7 180 113
5105 8 241 113
5106 15 257 113
5107 17 189 113
5108 18 190 113
5109 19 127 113
5110 20 68 113
5111 21 173 113
5112 22 169 113
5113 1 90 114
5114 11 158 111
5115 10 233 112
5116 11 156 112
5117 12 76 112
5118 13 167 112
5119 14 156 112
5120 9 220 113
5121 10 48 113
5122 11 210 113
5123 13 103 113
5124 14 249 113
5125 16 232 113
5126 2 104 114
5127 3 35 114
5128 4 237 114
5129 5 76 114
5130 6 157 114
5131 7 32 114
5132 8 57 114
5133 9 61 114
5134 10 125 114
5135 16 244 114
5136 18 172 114
5137 17 215 114
5138 19 24 114
5139 20 160 114
5140 21 246 114
5141 22 202 114
5142 0 171 115
5143 12 158 113
5144 11 233 114
5145 12 156 114
5146 13 76 114
5147 14 167 114
5148 15 156 114
5149 1 99 115
5150 2 247 115
5151 3 49 115
5152 4 59 115
5153 5 126 115
5154 6 220 115
5155 7 39 115
5156 8 235 115
5157 9 20 115
5158 10 169 115
5159 11 94 115
5160 12 57 115
5161 14 200 115
5162 15 203 115
5163 17 233 115
5164 16 169 115
5165 18 254 115
5166 19 94 115
5167 20 233 115
5168 21 161 115
5169 22 233 115
5170 23 214 115
5171 13 158 115
5172 0 40 116
5173 1 228 116
5174 2 121 116
5175 3 44 116
5176 4 254 116
5177 5 2 116
5178 6 7 116
5179 7 241 116
5180 8 216 116
5181 9 202 116
5182 10 2 116
5183 11 239 116
5184 12 241 116
5185 13 106 116
5186 14 215 116
5187 15 185 116
5188 16 137 116
5189 17 126 116
5190 18 29 116
5191 19 14 116
5192 20 177 116
5193 21 118 116
5194 22 92 116
5195 23 138 116
5196 24 112 116
5197 0 105 117
5198 1 246 117
5199 2 27 117
5200 3 73 117
5201 4 77 117
5202 5 157 117
5203 6 259 117
5204 7 262 117
5205 8 192 117
5206 9 93 117
5207 10 224 117
5208 11 81 117
5209 12 219 117
5210 13 67 117
5211 14 25 117
5212 15 135 117
5213 16 226 117
5214 17 216 117
5215 18 76 117
5216 19 71 117
5217 20 232 117
5218 21 177 117
5219 22 144 117
5220 23 50 117
5221 24 122 117
5222 25 98 117
5223 26 167 117
5224 0 172 118
5225 1 182 118
5226 2 250 118
5227 3 98 118
5228 4 75 118
5229 5 16 118
5230 6 35 118
5231 7 200 118
5232 8 71 118
5233 9 218 118
5234 10 232 118
5235 11 64 118
5236 12 9 118
5237 13 168 118
5238 14 103 118
5239 15 188 118
5240 16 149 118
5241 17 254 118
5242 18 142 118
5243 19 8 118
5244 20 3 118
5245 21 84 118
5246 22 136 118
5247 23 224 118
5248 24 14 118
5249 25 227 118
5250 26 44 118
5251 0 200 119
5252 1 97 119
5253 2 3 119
5254 3 92 119
5255 4 192 119
5256 5 138 119
5257 6 105 119
5258 7 47 119
5259 8 109 119
5260 9 162 119
5261 10 152 119
5262 11 230 119
5263 12 66 119
5264 13 101 119
5265 14 1 119
5266 15 28 119
5267 16 9 119
5268 17 193 119
5269 18 74 119
5270 19 192 119
5271 20 49 119
5272 21 35 119
5273 22 215 119
5274 23 247 119
5275 24 238 119
5276 25 27 119
5277 26 136 119
5278 27 166 119
5279 0 6 120
5280 1 73 120
5281 2 17 120
5282 3 207 120
5283 4 134 120
5284 5 119 120
5285 6 1 120
5286 7 40 120
5287 8 6 120
5288 9 104 120
5289 10 12 120
5290 11 95 120
5291 12 79 120
5292 13 20 120
5293 14 197 120
5294 15 116 120
5295 16 211 120
5296 17 20 120
5297 18 13 120
5298 19 234 120
5299 20 46 120
5300 21 167 120
5301 22 96 120
5302 23 136 120
5303 24 87 120
5304 25 35 120
5305 26 262 120
5306 27 253 120
5307 29 94 120
5308 0 136 121
5309 1 120 121
5310 2 183 121
5311 3 162 121
5312 4 73 121
5313 5 20 121
5314 6 70 121
5315 7 105 121
5316 8 44 121
5317 9 137 121
5318 10 147 121
5319 11 31 121
5320 12 90 121
5321 13 223 121
5322 14 240 121
5323 15 254 121
5324 16 101 121
5325 17 142 121
5326 18 119 121
5327 19 161 121
5328 20 243 121
5329 21 83 121
5330 22 260 121
5331 23 10 121
5332 24 192 121
5333 25 98 121
5334 26 262 121
5335 27 237 121
5336 28 95 121
5337 29 50 121
5338 0 258 122
5339 1 237 122
5340 2 96 122
5341 3 162 122
5342 4 17 122
5343 5 181 122
5344 6 181 122
5345 7 192 122
5346 8 129 122
5347 9 178 122
5348 10 91 122
5349 11 27 122
5350 12 135 122
5351 13 203 122
5352 14 223 122
5353 15 206 122
5354 16 208 122
5355 17 33 122
5356 18 88 122
5357 19 147 122
5358 20 262 122
5359 21 154 122
5360 22 148 122
5361 23 13 122
5362 24 100 122
5363 25 88 122
5364 26 202 122
5365 27 70 122
5366 28 90 122
5367 29 139 122
5368 30 8 122
5369 0 210 123
5370 1 136 123
5371 2 26 123
5372 3 225 123
5373 4 256 123
5374 5 259 123
5375 6 144 123
5376 7 189 123
5377 8 63 123
5378 9 57 123
5379 10 16 123
5380 11 128 123
5381 12 92 123
5382 13 38 123
5383 14 100 123
5384 15 102 123
5385 16 120 123
5386 17 140 123
5387 18 29 123
5388 19 112 123
5389 20 143 123
5390 21 149 123
5391 22 141 123
5392 23 164 123
5393 24 213 123
5394 25 217 123
5395 26 90 123
5396 27 145 123
5397 28 204 123
5398 29 85 123
5399 30 41 123
5400 0 208 124
5401 1 161 124
5402 2 96 124
5403 3 198 124
5404 4 2 124
5405 5 161 124
5406 6 72 124
5407 7 119 124
5408 8 166 124
5409 9 213 124
5410 10 76 124
5411 11 163 124
5412 12 53 124
5413 13 63 124
5414 14 259 124
5415 15 148 124
5416 16 15 124
5417 17 116 124
5418 18 94 124
5419 19 219 124
5420 20 51 124
5421 21 213 124
5422 22 140 124
5423 23 34 124
5424 24 2 124
5425 25 128 124
5426 26 90 124
5427 27 12 124
5428 28 142 124
5429 29 177 124
5430 30 7 124
5431 31 45 124
5432 0 211 125
5433 1 172 125
5434 2 23 125
5435 3 162 125
5436 4 127 125
5437 5 163 125
5438 6 9 125
5439 7 241 125
5440 8 238 125
5441 9 102 125
5442 10 244 125
5443 11 218 125
5444 12 193 125
5445 13 222 125
5446 14 213 125
5447 15 52 125
5448 16 238 125
5449 17 67 125
5450 18 140 125
5451 19 141 125
5452 20 217 125
5453 21 113 125
5454 22 106 125
5455 23 253 125
5456 24 112 125
5457 25 27 125
5458 26 133 125
5459 27 22 125
5460 28 187 125
5461 29 45 125
5462 30 68 125
5463 31 197 125
5464 32 224 125
5465 33 214 125
5466 0 219 126
5467 1 217 126
5468 2 58 126
5469 3 236 126
5470 4 148 126
5471 5 27 126
5472 6 237 126
5473 7 129 126
5474 8 79 126
5475 9 164 126
5476 10 189 126
5477 11 220 126
5478 12 27 126
5479 13 229 126
5480 14 130 126
5481 15 216 126
5482 16 76 126
5483 17 104 126
5484 18 169 126
5485 19 68 126
5486 20 245 126
5487 21 68 126
5488 22 51 126
5489 23 213 126
5490 24 81 126
5491 25 216 126
5492 26 117 126
5493 27 63 126
5494 28 109 126
5495 29 162 126
5496 30 200 126
5497 31 106 126
5498 32 181 126
5499 33 59 126
5500 0 22 127
5501 1 228 127
5502 2 49 127
5503 3 129 127
5504 4 52 127
5505 5 227 127
5506 6 161 127
5507 7 194 127
5508 8 184 127
5509 9 37 127
5510 10 244 127
5511 11 249 127
5512 12 200 127
5513 13 26 127
5514 14 181 127
5515 15 56 127
5516 16 86 127
5517 17 126 127
5518 18 233 127
5519 19 127 127
5520 20 6 127
5521 21 67 127
5522 22 249 127
5523 23 59 127
5524 24 61 127
5525 25 50 127
5526 26 179 127
5527 27 64 127
5528 28 168 127
5529 29 142 127
5530 30 184 127
5531 31 164 127
5532 32 203 127
5533 33 53 127
5534 34 238 127
5535 0 9 128
5536 1 190 128
5537 2 227 128
5538 3 190 128
5539 4 240 128
5540 5 207 128
5541 6 28 128
5542 7 215 128
5543 8 68 128
5544 9 236 128
5545 10 140 128
5546 11 191 128
5547 12 177 128
5548 13 31 128
5549 14 5 128
5550 15 35 128
5551 16 132 128
5552 17 2 128
5553 18 40 128
5554 19 180 128
5555 20 7 128
5556 21 94 128
5557 22 140 128
5558 23 122 128
5559 24 181 128
5560 25 190 128
5561 26 190 128
5562 27 199 128
5563 28 112 128
5564 29 98 128
5565 30 258 128
5566 31 79 128
5567 32 207 128
5568 33 193 128
5569 34 25 128
5570 0 117 129
5571 1 48 129
5572 2 73 129
5573 3 140 129
5574 4 200 129
5575 5 119 129
5576 6 28 129
5577 7 124 129
5578 8 121 129
5579 9 89 129
5580 10 15 129
5581 11 165 129
5582 12 217 129
5583 13 47 129
5584 14 99 129
5585 15 137 129
5586 16 190 129
5587 17 50 129
5588 18 161 129
5589 19 50 129
5590 20 68 129
5591 21 144 129
5592 22 91 129
5593 23 105 129
5594 24 250 129
5595 25 206 129
5596 26 236 129
5597 27 193 129
5598 28 32 129
5599 29 202 129
5600 30 250 129
5601 31 43 129
5602 32 1 129
5603 33 229 129
5604 34 157 129
5605 35 46 129
5606 36 240 129
5607 0 74 130
5608 1 44 130
5609 2 226 130
5610 3 168 130
5611 4 229 130
5612 5 162 130
5613 6 144 130
5614 7 205 130
5615 8 253 130
5616 9 168 130
5617 10 164 130
5618 11 137 130
5619 12 102 130
5620 13 175 130
5621 14 225 130
5622 15 90 130
5623 16 2 130
5624 17 221 130
5625 18 48 130
5626 19 210 130
5627 20 175 130
5628 21 118 130
5629 22 256 130
5630 23 242 130
5631 24 109 130
5632 25 36 130
5633 26 123 130
5634 27 169 130
5635 28 39 130
5636 29 130 130
5637 30 254 130
5638 31 58 130
5639 32 147 130
5640 33 227 130
5641 34 21 130
5642 35 121 130
5643 36 249 130
5644 37 12 130
5645 0 159 131
5646 1 234 131
5647 2 43 131
5648 3 223 131
5649 4 111 131
5650 5 136 131
5651 6 218 131
5652 7 105 131
5653 8 1 131
5654 9 190 131
5655 10 223 131
5656 11 227 131
5657 12 185 131
5658 13 60 131
5659 14 66 131
5660 15 1 131
5661 16 130 131
5662 17 257 131
5663 18 60 131
5664 19 47 131
5665 20 83 131
5666 21 187 131
5667 22 123 131
5668 23 75 131
5669 24 15 131
5670 25 28 131
5671 26 61 131
5672 27 57 131
5673 28 36 131
5674 29 43 131
5675 30 155 131
5676 31 191 131
5677 32 30 131
5678 33 78 131
5679 34 238 131
5680 35 116 131
5681 36 50 131
5682 37 43 131
5683 0 132 132
5684 1 198 132
5685 2 173 132
5686 3 255 132
5687 4 217 132
5688 5 253 132
5689 6 249 132
5690 7 144 132
5691 8 19 132
5692 9 120 132
5693 10 219 132
5694 11 181 132
5695 12 29 132
5696 13 50 132
5697 14 159 132
5698 15 216 132
5699 16 80 132
5700 17 213 132
5701 18 113 132
5702 19 221 132
5703 20 220 132
5704 21 41 132
5705 22 179 132
5706 23 4 132
5707 24 232 132
5708 25 153 132
5709 26 207 132
5710 27 75 132
5711 28 253 132
5712 29 144 132
5713 30 13 132
5714 31 185 132
5715 32 93 132
5716 33 31 132
5717 34 202 132
5718 35 237 132
5719 36 157 132
5720 37 225 132
5721 38 140 132
5722 0 136 133
5723 1 103 133
5724 2 13 133
5725 3 240 133
5726 4 72 133
5727 5 238 133
5728 6 209 133
5729 7 262 133
5730 8 120 133
5731 9 125 133
5732 10 206 133
5733 11 84 133
5734 12 239 133
5735 13 114 133
5736 14 5 133
5737 15 155 133
5738 16 130 133
5739 18 189 133
5740 17 218 133
5741 19 143 133
5742 20 207 133
5743 21 13 133
5744 22 138 133
5745 23 234 133
5746 24 118 133
5747 25 43 133
5748 26 67 133
5749 27 218 133
5750 28 121 133
5751 29 191 133
5752 30 179 133
5753 31 98 133
5754 32 33 133
5755 33 194 133
5756 34 63 133
5757 35 128 133
5758 36 140 133
5759 37 103 133
5760 38 85 133
5761 39 242 133
5762 0 146 134
5763 1 244 134
5764 2 161 134
5765 3 228 134
5766 4 182 134
5767 5 219 134
5768 6 79 134
5769 7 32 134
5770 8 251 134
5771 9 145 134
5772 10 86 134
5773 11 239 134
5774 12 184 134
5775 13 162 134
5776 14 214 134
5777 15 93 134
5778 16 116 134
5779 17 69 134
5780 18 24 134
5781 19 45 134
5782 20 240 134
5783 21 1 134
5784 22 138 134
5785 23 38 134
5786 24 239 134
5787 25 90 134
5788 26 155 134
5789 27 259 134
5790 28 188 134
5791 29 147 134
5792 30 252 134
5793 31 93 134
5794 32 121 134
5795 33 60 134
5796 34 227 134
5797 35 1 134
5798 36 39 134
5799 37 127 134
5800 38 199 134
5801 39 83 134
5802 40 219 134
5803 0 21 135
5804 1 146 135
5805 2 151 135
5806 3 88 135
5807 4 171 135
5808 5 188 135
5809 6 115 135
5810 7 96 135
5811 8 255 135
5812 9 250 135
5813 10 205 135
5814 11 70 135
5815 12 155 135
5816 13 76 135
5817 14 78 135
5818 15 237 135
5819 16 216 135
5820 17 236 135
5821 18 248 135
5822 19 221 135
5823 20 51 135
5824 21 75 135
5825 22 71 135
5826 23 207 135
5827 24 248 135
5828 25 159 135
5829 26 101 135
5830 27 30 135
5831 28 56 135
5832 29 82 135
5833 30 17 135
5834 31 188 135
5835 32 107 135
5836 33 22 135
5837 34 212 135
5838 35 45 135
5839 36 19 135
5840 37 59 135
5841 38 207 135
5842 39 180 135
5843 40 127 135
5844 41 178 135
5845 0 190 136
5846 1 198 136
5847 2 158 136
5848 3 76 136
5849 4 78 136
5850 5 115 136
5851 6 99 136
5852 7 153 136
5853 8 43 136
5854 9 174 136
5855 10 73 136
5856 11 36 136
5857 12 190 136
5858 13 1 136
5859 14 256 136
5860 15 30 136
5861 17 120 136
5862 18 15 136
5863 19 63 136
5864 20 115 136
5865 21 141 136
5866 22 202 136
5867 23 159 136
5868 24 230 136
5869 25 152 136
5870 26 61 136
5871 27 237 136
5872 28 112 136
5873 29 71 136
5874 30 64 136
5875 31 239 136
5876 32 133 136
5877 33 15 136
5878 34 207 136
5879 35 87 136
5880 36 70 136
5881 37 52 136
5882 42 145 137
5883 41 59 136
5884 40 59 136
5885 39 161 136
5886 38 110 136
5887 0 96 137
5888 1 183 137
5889 2 113 137
5890 3 60 137
5891 4 112 137
5892 5 247 137
5893 6 68 137
5894 17 98 137
5895 18 133 137
5896 19 256 137
5897 20 240 137
5898 21 168 137
5899 22 96 137
5900 23 59 137
5901 24 7 137
5902 25 97 137
5903 26 179 137
5904 27 77 137
5905 28 233 137
5906 29 36 137
5907 30 244 137
5908 31 188 137
5909 32 4 137
5910 33 159 137
5911 34 255 137
5912 35 70 137
5913 36 42 137
5914 43 118 138
5915 42 59 138
5916 41 102 137
5917 40 102 137
5918 39 51 137
5919 38 208 137
5920 37 31 137
5921 0 148 138
5922 1 168 138
5923 2 112 138
5924 3 126 138
5925 4 209 138
5926 5 68 138
5927 18 41 138
5928 20 24 138
5929 21 173 138
5930 22 59 138
5931 23 113 138
5932 24 56 138
5933 25 254 138
5934 26 260 138
5935 27 124 138
5936 28 256 138
5937 29 102 138
5938 30 228 138
5939 31 12 138
5940 32 90 138
5941 33 202 138
5942 34 225 138
5943 35 71 138
5944 36 20 138
5945 44 136 139
5946 43 204 139
5947 42 102 139
5948 41 212 138
5949 40 212 138
5950 39 106 138
5951 38 159 138
5952 37 240 138
5953 0 30 139
5954 1 157 139
5955 2 3 139
5956 3 82 139
5957 4 210 139
5958 5 135 139
5959 21 109 139
5960 23 190 139
5961 24 221 139
5962 25 8 139
5963 26 9 139
5964 27 150 139
5965 28 131 139
5966 29 250 139
5967 30 39 139
5968 31 205 139
5969 32 142 139
5970 33 93 139
5971 34 30 139
5972 35 100 139
5973 36 105 139
5974 37 116 139
5975 45 195 140
5976 44 195 140
5977 43 161 140
5978 42 212 140
5979 41 157 139
5980 40 157 139
5981 39 210 139
5982 38 52 139
5983 0 226 140
5984 1 88 140
5985 2 117 140
5986 3 161 140
5987 4 229 140
5988 5 171 140
5989 23 195 140
5990 24 43 140
5991 25 115 140
5992 26 61 140
5993 27 230 140
5994 28 49 140
5995 29 4 140
5996 30 35 140
5997 31 14 140
5998 32 256 140
5999 33 200 140
6000 34 156 140
6001 35 146 140
6002 36 40 140
6003 37 200 140
6004 46 195 142
6005 45 34 141
6006 44 34 141
6007 43 51 141
6008 42 157 141
6009 41 53 140
6010 40 53 140
6011 39 158 140
6012 38 237 140
6013 0 62 141
6014 1 146 141
6015 2 20 141
6016 3 18 141
6017 4 199 141
6018 25 140 141
6019 27 127 141
6020 28 248 141
6021 29 74 141
6022 30 241 141
6023 31 216 141
6024 32 67 141
6025 33 231 141
6026 34 58 141
6027 35 64 141
6028 36 77 141
6029 37 204 141
6030 38 49 141
6031 39 215 141
6032 47 68 143
6033 46 34 143
6034 45 246 142
6035 44 246 142
6036 43 106 142
6037 42 53 142
6038 41 105 141
6039 40 105 141
6040 0 135 142
6041 1 109 142
6042 2 72 142
6043 3 168 142
6044 4 173 142
6045 27 6 142
6046 28 8 142
6047 29 163 142
6048 30 62 142
6049 31 54 142
6050 32 31 142
6051 33 228 142
6052 34 180 142
6053 35 151 142
6054 36 13 142
6055 37 135 142
6056 38 158 142
6057 39 152 142
6058 40 151 142
6059 48 65 144
6060 47 229 144
6061 46 246 144
6062 45 140 143
6063 44 140 143
6064 43 210 143
6065 42 105 143
6066 41 79 142
6067 0 215 143
6068 1 7 143
6069 2 88 143
6070 3 250 143
6071 4 92 143
6072 28 205 143
6073 30 189 143
6074 31 4 143
6075 32 217 143
6076 35 146 143
6077 34 207 143
6078 33 97 143
6079 36 259 143
6080 37 18 143
6081 38 45 143
6082 39 122 143
6083 40 166 143
6084 41 139 143
6085 49 99 145
6086 48 99 145
6087 47 17 145
6088 46 140 145
6089 45 193 144
6090 44 193 144
6091 43 158 144
6092 42 79 144
6093 0 77 144
6094 1 253 144
6095 2 145 144
6096 3 205 144
6097 31 102 144
6098 32 87 144
6099 33 98 144
6100 34 85 144
6101 35 235 144
6102 36 125 144
6103 37 218 144
6104 38 167 144
6105 39 17 144
6106 40 258 144
6107 41 62 144
6108 0 216 145
6109 1 161 145
6110 50 164 146
6111 49 82 146
6112 48 82 146
6113 47 123 146
6114 46 193 146
6115 45 35 145
6116 44 35 145
6117 43 184 145
6118 42 92 145
6119 2 222 145
6120 3 111 145
6121 31 18 145
6122 32 180 145
6123 33 73 145
6124 38 194 145
6125 34 62 145
6126 35 150 145
6127 37 69 145
6128 36 69 145
6129 39 20 145
6130 40 115 145
6131 41 136 145
6132 0 197 146
6133 1 140 146
6134 51 164 148
6135 50 181 147
6136 49 222 147
6137 48 222 147
6138 47 70 147
6139 46 35 147
6140 45 114 146
6141 44 114 146
6142 43 171 146
6143 42 217 146
6144 2 215 146
6145 3 118 146
6146 34 43 146
6147 35 160 146
6148 39 23 146
6149 38 166 146
6150 36 240 146
6151 40 175 146
6152 37 97 146
6153 41 55 146
6154 0 16 147
6155 1 177 147
6156 2 161 147
6157 52 164 150
6158 51 181 149
6159 50 41 148
6160 49 152 148
6161 48 152 148
6162 47 228 148
6163 46 114 148
6164 45 206 147
6165 44 206 147
6166 43 46 147
6167 42 23 147
6168 35 225 147
6169 36 191 147
6170 37 13 147
6171 40 240 147
6172 39 120 147
6173 38 180 147
6174 41 162 147
6175 0 128 148
6176 1 219 148
6177 2 28 148
6178 35 227 148
6179 53 115 150
6180 52 181 151
6181 51 41 150
6182 50 111 149
6183 49 187 149
6184 48 187 149
6185 47 149 149
6186 46 206 149
6187 45 160 148
6188 44 160 148
6189 43 240 148
6190 42 120 148
6191 37 69 148
6192 38 82 148
6193 41 143 148
6194 40 143 148
6195 39 203 148
6196 0 159 149
6197 1 48 149
6198 38 83 149
6199 2 21 149
6200 54 148 151
6201 53 74 151
6202 52 41 152
6203 51 111 151
6204 50 76 150
6205 49 38 150
6206 48 38 150
6207 47 57 150
6208 46 160 150
6209 45 183 149
6210 44 183 149
6211 43 143 149
6212 42 203 149
6213 39 143 149
6214 0 57 150
6215 41 60 149
6216 40 60 149
6217 1 75 150
6218 40 120 150
6219 39 60 150
6220 55 148 153
6221 54 189 152
6222 53 226 152
6223 52 111 153
6224 51 76 152
6225 50 225 151
6226 49 244 151
6227 48 244 151
6228 47 103 151
6229 46 183 151
6230 45 40 150
6231 44 40 150
6232 43 60 150
6233 42 30 150
6234 0 80 151
6235 42 60 151
6236 41 233 150
6237 1 216 151
6238 41 203 151
6239 57 218 154
6240 55 189 154
6241 54 37 153
6242 53 150 153
6243 52 76 154
6244 51 225 153
6245 50 19 152
6246 49 141 152
6247 48 141 152
6248 47 80 152
6249 46 40 152
6250 45 243 151
6251 44 243 151
6252 43 233 151
6253 0 20 152
6254 43 203 152
6255 42 233 152
6256 1 54 152
6257 56 102 155
6258 57 217 155
6259 55 37 155
6260 54 113 154
6261 53 188 154
6262 52 225 155
6263 51 19 154
6264 50 122 153
6265 49 61 153
6266 48 61 153
6267 47 223 153
6268 46 243 153
6269 45 10 152
6270 44 10 152
6271 0 5 153
6272 44 20 153
6273 43 30 153
6274 58 63 156
6275 56 125 156
6276 57 123 156
6277 55 113 156
6278 54 75 155
6279 53 169 155
6280 52 19 156
6281 51 122 155
6282 50 202 154
6283 49 101 154
6284 48 101 154
6285 47 20 154
6286 46 10 154
6287 45 258 153
6288 0 67 154
6289 45 253 154
6290 59 63 158
6291 58 100 157
6292 56 231 157
6293 57 20 157
6294 55 75 157
6295 54 94 156
6296 53 47 156
6297 52 122 157
6298 51 202 156
6299 50 162 155
6300 49 81 155
6301 48 81 155
6302 47 253 155
6303 46 258 155
6304 0 214 155
6305 60 63 160
6306 59 100 159
6307 58 213 158
6308 56 56 158
6309 57 15 158
6310 55 94 158
6311 54 216 157
6312 53 108 157
6313 52 202 158
6314 51 162 157
6315 50 182 156
6316 49 91 156
6317 48 91 156
6318 47 5 156
6319 61 163 160
6320 60 100 161
6321 59 213 160
6322 58 25 159
6323 56 194 159
6324 57 243 159
6325 55 216 159
6326 54 155 158
6327 53 209 158
6328 52 162 159
6329 51 182 158
6330 50 172 157
6331 49 86 157
6332 62 121 161
6333 61 50 161
6334 60 213 162
6335 59 25 161
6336 58 119 160
6337 56 128 160
6338 57 82 160
6339 55 155 160
6340 54 54 159
6341 53 27 159
6342 52 182 160
6343 51 172 159
6344 63 121 163
6345 62 71 162
6346 61 238 162
6347 60 25 163
6348 59 119 162
6349 58 72 161
6350 56 82 161
6351 57 186 161
6352 55 54 161
6353 54 236 160
6354 53 118 160
6355 64 142 164
6356 63 71 164
6357 62 96 163
6358 61 144 163
6359 60 119 164
6360 59 72 163
6361 58 227 162
6362 56 248 162
6363 57 188 162
6364 55 236 162
6365 65 192 165
6366 64 192 165
6367 63 96 165
6368 62 215 164
6369 61 191 164
6370 60 72 165
6371 59 227 164
6372 58 18 163
6373 56 246 163
6374 66 199 166
6375 65 167 166
6376 64 167 166
6377 63 215 166
6378 62 24 165
6379 61 36 165
6380 60 227 166
6381 59 18 165
6382 67 199 168
6383 66 32 167
6384 65 48 167
6385 64 48 167
6386 63 24 167
6387 62 251 166
6388 61 245 166
6389 68 64 169
6390 67 32 169
6391 66 247 168
6392 65 239 168
6393 64 239 168
6394 63 251 168
6395 69 231 170
6396 68 231 170
6397 67 247 170
6398 66 8 169
6399 65 12 169
6400 70 231 172
6401 69 16 171
6402 68 16 171
6403 67 8 171
6404 71 77 172
6405 70 16 173
6406 69 255 172
6407 72 77 174
6408 71 93 173
6409 73 93 175
6410 74 94 177
6411 72 36 175
6412 70 136 174
6413 68 164 172
6414 66 37 170
6415 64 75 169
6416 62 227 167
6417 60 9 167
6418 58 99 164
6419 57 174 163
6420 54 188 161
6421 52 216 161
6422 50 9 158
6423 48 198 157
6424 46 222 156
6425 44 113 154
6426 42 47 153
6427 40 18 151
6428 38 68 150
6429 36 82 148
6430 34 76 147
6431 32 94 146
6432 30 54 144
6433 29 153 143
6434 26 246 141
6435 24 70 141
6436 22 57 139
6437 20 183 139
6438 19 184 138
6439 16 220 136
6440 14 165 137
6441 11 191 137
6442 7 76 137
6443 8 95 137
6444 9 17 137
6445 10 205 137
6446 12 156 137
6447 13 179 137
6448 75 119 177
6449 73 245 176
6450 71 133 174
6451 69 181 173
6452 67 37 172
6453 65 94 170
6454 63 227 169
6455 61 136 167
6456 59 99 166
6457 56 20 164
6458 55 188 163
6459 53 36 161
6460 51 9 160
6461 49 164 158
6462 47 41 157
6463 45 75 155
6464 43 216 154
6465 41 254 152
6466 39 65 151
6467 37 222 149
6468 35 76 149
6469 33 47 146
6470 31 54 146
6471 28 6 144
6472 27 246 143
6473 25 228 142
6474 23 57 141
6475 21 202 140
6476 18 210 139
6477 17 220 138
6478 15 55 137
6479 16 104 137
6480 6 101 138
6481 7 218 138
6482 8 53 138
6483 9 13 138
6484 10 238 138
6485 76 119 179
6486 74 245 178
6487 72 133 176
6488 70 181 175
6489 68 226 173
6490 66 144 171
6491 64 36 170
6492 62 130 168
6493 60 99 168
6494 58 37 165
6495 57 211 164
6496 54 227 162
6497 52 9 162
6498 50 99 159
6499 48 74 158
6500 46 75 157
6501 44 191 155
6502 42 254 154
6503 40 198 152
6504 38 222 151
6505 36 113 149
6506 34 47 148
6507 32 245 147
6508 30 68 145
6509 29 252 144
6510 26 76 142
6511 24 244 142
6512 22 101 140
6513 20 172 140
6514 19 199 139
6515 11 251 138
6516 14 237 138
6517 12 53 138
6518 13 36 138
6519 15 93 138
6520 16 9 138
6521 77 72 180
6522 75 257 178
6523 73 65 177
6524 71 148 175
6525 69 150 174
6526 67 144 173
6527 65 245 171
6528 63 130 170
6529 61 181 168
6530 59 37 167
6531 56 116 165
6532 55 227 164
6533 53 133 162
6534 51 99 161
6535 49 226 159
6536 47 188 158
6537 45 36 156
6538 43 9 155
6539 41 164 153
6540 39 189 152
6541 37 75 150
6542 35 47 150
6543 33 254 147
6544 31 68 147
6545 28 159 145
6546 27 76 144
6547 25 141 143
6548 23 101 142
6549 21 118 141
6550 18 126 140
6551 17 53 139
6552 6 226 139
6553 7 7 139
6554 8 28 139
6555 9 19 139
6556 78 191 181
6557 76 257 180
6558 74 65 179
6559 72 148 177
6560 70 150 176
6561 68 119 174
6562 66 6 172
6563 64 133 171
6564 62 115 169
6565 60 37 169
6566 58 144 166
6567 57 157 165
6568 54 130 163
6569 52 99 163
6570 50 37 160
6571 48 25 159
6572 46 36 158
6573 44 260 156
6574 42 164 155
6575 40 74 153
6576 38 75 152
6577 36 191 150
6578 34 254 149
6579 32 65 148
6580 30 222 146
6581 29 181 145
6582 26 47 143
6583 24 54 143
6584 22 59 141
6585 20 51 141
6586 19 261 140
6587 10 56 139
6588 14 240 139
6589 11 174 139
6590 79 191 183
6591 77 3 181
6592 75 197 179
6593 73 189 178
6594 71 50 176
6595 69 72 175
6596 67 6 174
6597 65 65 172
6598 63 115 171
6599 61 150 169
6600 59 144 168
6601 56 256 166
6602 55 130 165
6603 53 148 163
6604 51 37 162
6605 49 119 160
6606 47 227 159
6607 45 133 157
6608 43 99 156
6609 41 226 154
6610 39 238 153
6611 37 36 151
6612 35 254 151
6613 33 164 148
6614 31 222 148
6615 28 108 146
6616 27 47 145
6617 25 236 144
6618 23 59 143
6619 21 246 142
6620 18 7 141
6621 17 57 140
6622 15 80 139
6623 80 24 184
6624 78 260 182
6625 76 197 181
6626 74 189 180
6627 72 50 178
6628 70 72 177
6629 68 257 175
6630 66 66 173
6631 64 148 172
6632 62 213 170
6633 60 144 170
6634 58 6 167
6635 57 15 166
6636 54 115 164
6637 52 37 164
6638 50 144 161
6639 48 12 160
6640 46 133 159
6641 44 230 157
6642 42 226 156
6643 40 25 154
6644 38 36 153
6645 36 260 151
6646 34 164 150
6647 32 189 149
6648 30 75 147
6649 29 53 146
6650 26 254 144
6651 24 68 144
6652 22 123 142
6653 20 35 142
6654 19 73 141
6655 81 251 185
6656 79 260 184
6657 77 33 182
6658 75 63 180
6659 73 238 179
6660 71 24 177
6661 69 3 176
6662 67 66 175
6663 65 189 173
6664 63 213 172
6665 61 72 170
6666 59 6 169
6667 56 217 167
6668 55 115 166
6669 53 50 164
6670 51 144 163
6671 49 257 161
6672 47 130 160
6673 45 148 158
6674 43 37 157
6675 41 119 155
6676 39 251 154
6677 37 133 152
6678 35 164 152
6679 33 226 149
6680 31 75 149
6681 28 241 147
6682 27 254 146
6683 25 229 145
6684 23 123 144
6685 21 76 143
6686 82 12 186
6687 80 1 185
6688 78 230 183
6689 76 63 182
6690 74 238 181
6691 72 24 179
6692 70 3 178
6693 68 197 176
6694 66 200 174
6695 64 50 173
6696 62 239 171
6697 60 6 171
6698 58 66 168
6699 57 6 167
6700 54 213 165
6701 52 144 165
6702 50 6 162
6703 48 132 161
6704 46 148 160
6705 44 163 158
6706 42 119 157
6707 40 12 155
6708 38 133 154
6709 36 230 152
6710 34 226 151
6711 32 238 150
6712 30 36 148
6713 29 42 147
6714 26 164 145
6715 24 222 145
6716 83 12 188
6717 81 131 186
6718 79 230 185
6719 77 100 183
6720 75 167 181
6721 73 251 180
6722 71 1 178
6723 69 33 177
6724 67 200 176
6725 65 238 174
6726 63 239 173
6727 61 3 171
6728 59 66 170
6729 56 24 168
6730 55 213 167
6731 53 24 165
6732 51 6 164
6733 49 197 162
6734 47 115 161
6735 45 50 159
6736 43 144 158
6737 41 257 156
6738 39 131 155
6739 37 148 153
6740 35 226 153
6741 33 119 150
6742 31 36 150
6743 28 160 148
6744 27 164 147
6745 84 259 189
6746 82 132 187
6747 80 11 186
6748 78 163 184
6749 76 167 183
6750 74 251 182
6751 72 1 180
6752 70 33 179
6753 68 63 177
6754 66 96 175
6755 64 24 174
6756 62 262 172
6757 60 66 172
6758 58 200 169
6759 57 158 168
6760 54 239 166
6761 52 6 166
6762 50 66 163
6763 48 137 162
6764 46 50 161
6765 44 215 159
6766 42 257 158
6767 40 132 156
6768 38 148 155
6769 36 163 153
6770 34 119 152
6771 32 251 151
6772 30 133 149
6773 85 261 189
6774 83 132 189
6775 81 126 187
6776 79 163 186
6777 77 48 184
6778 75 259 182
6779 73 131 181
6780 71 11 179
6781 69 100 178
6782 67 96 177
6783 65 251 175
6784 63 262 174
6785 61 33 172
6786 59 200 171
6787 56 67 169
6788 55 239 168
6789 53 1 166
6790 51 66 165
6791 49 63 163
6792 47 213 162
6793 45 24 160
6794 43 6 159
6795 41 197 157
6796 39 126 156
6797 37 50 154
6798 35 119 154
6799 33 257 151
6800 86 261 191
6801 84 219 190
6802 82 137 188
6803 80 121 187
6804 78 215 185
6805 76 259 184
6806 74 131 183
6807 72 11 181
6808 70 100 180
6809 68 167 178
6810 66 4 176
6811 64 1 175
6812 62 252 173
6813 60 200 173
6814 58 96 170
6815 57 120 169
6816 54 262 167
6817 52 66 167
6818 50 200 164
6819 48 192 163
6820 46 24 162
6821 44 261 160
6822 42 197 159
6823 40 137 157
6824 38 50 156
6825 36 215 154
6826 87 261 193
6827 85 241 190
6828 83 137 190
6829 81 71 188
6830 79 215 187
6831 77 2 185
6832 75 219 183
6833 73 126 182
6834 71 121 180
6835 69 48 179
6836 67 4 178
6837 65 131 176
6838 63 252 175
6839 61 100 173
6840 59 96 172
6841 56 106 170
6842 55 262 169
6843 53 11 167
6844 51 200 166
6845 49 167 164
6846 47 239 163
6847 45 1 161
6848 43 66 160
6849 41 63 158
6850 39 71 157
6851 89 109 194
6852 86 241 192
6853 84 42 191
6854 82 192 189
6855 80 16 188
6856 78 261 186
6857 76 219 185
6858 74 126 184
6859 72 121 182
6860 70 48 181
6861 68 259 179
6862 66 44 177
6863 64 11 176
6864 62 142 174
6865 60 96 174
6866 58 4 171
6867 57 91 170
6868 54 252 168
6869 52 200 168
6870 50 96 165
6871 48 8 164
6872 46 1 163
6873 44 241 161
6874 42 63 160
6875 88 74 195
6876 87 241 194
6877 85 21 191
6878 83 192 191
6879 81 255 189
6880 79 261 188
6881 77 22 186
6882 75 42 184
6883 73 71 183
6884 71 16 181
6885 69 2 180
6886 67 44 179
6887 65 126 177
6888 63 142 176
6889 61 48 174
6890 59 4 173
6891 56 171 171
6892 55 252 170
6893 53 121 168
6894 51 96 167
6895 49 259 165
6896 47 262 164
6897 45 11 162
6898 90 88 196
6899 89 198 195
6900 86 21 193
6901 84 199 192
6902 82 8 190
6903 80 176 189
6904 78 241 187
6905 76 42 186
6906 74 71 185
6907 72 16 183
6908 70 2 182
6909 68 219 180
6910 66 221 178
6911 64 121 177
6912 62 247 175
6913 60 4 175
6914 58 44 172
6915 57 106 171
6916 54 142 169
6917 52 96 169
6918 50 4 166
6919 48 88 165
6920 91 88 198
6921 88 166 196
6922 87 21 195
6923 85 231 192
6924 83 8 192
6925 81 175 190
6926 79 241 189
6927 77 242 187
6928 75 199 185
6929 73 255 184
6930 71 176 182
6931 69 22 181
6932 67 221 180
6933 65 71 178
6934 63 247 177
6935 61 2 175
6936 59 44 174
6937 56 80 172
6938 55 142 171
6939 53 16 169
6940 51 4 168
6941 92 175 199
6942 90 179 197
6943 89 109 196
6944 86 231 194
6945 84 85 193
6946 82 88 191
6947 80 95 190
6948 78 21 188
6949 76 199 187
6950 74 255 186
6951 72 176 184
6952 70 22 183
6953 68 42 181
6954 66 64 179
6955 64 16 178
6956 62 87 176
6957 60 44 176
6958 58 221 173
6959 56 142 173
6960 54 247 170
6961 93 73 199
6962 91 179 199
6963 88 137 197
6964 87 231 196
6965 85 174 193
6966 83 88 193
6967 81 84 191
6968 79 21 190
6969 77 32 188
6970 75 85 186
6971 73 175 185
6972 71 95 183
6973 69 242 182
6974 67 64 181
6975 65 255 179
6976 63 87 178
6977 61 22 176
6978 59 221 175
6979 57 64 172
6980 94 73 201
6981 92 84 200
6982 90 128 198
6983 89 6 197
6984 86 174 195
6985 84 146 194
6986 82 179 192
6987 80 256 191
6988 78 231 189
6989 76 85 188
6990 74 175 187
6991 72 95 185
6992 70 242 184
6993 68 199 182
6994 66 178 180
6995 64 176 179
6996 62 168 177
6997 60 221 177
6998 95 73 203
6999 93 14 200
7000 91 128 200
7001 88 233 198
7002 87 174 197
7003 85 73 194
7004 83 179 194
7005 81 135 192
7006 79 231 191
7007 77 89 189
7008 75 146 187
7009 73 84 186
7010 71 256 184
7011 69 32 183
7012 67 178 182
7013 65 175 180
7014 63 168 179
7015 96 190 204
7016 94 14 202
7017 92 135 201
7018 90 93 199
7019 89 93 198
7020 86 73 196
7021 84 28 195
7022 82 128 193
7023 80 186 192
7024 78 174 190
7025 76 146 189
7026 74 84 188
7027 72 256 186
7028 70 32 185
7029 68 85 183
7030 66 117 181
7031 97 168 205
7032 95 14 204
7033 93 154 201
7034 91 93 201
7035 88 190 199
7036 87 73 198
7037 85 14 195
7038 83 128 195
7039 81 170 193
7040 79 174 192
7041 77 190 190
7042 75 28 188
7043 73 135 187
7044 71 186 185
7045 69 89 184
7046 98 207 206
7047 96 249 205
7048 94 154 203
7049 92 170 202
7050 90 234 200
7051 89 5 199
7052 86 14 197
7053 84 45 196
7054 82 93 194
7055 80 205 193
7056 78 73 191
7057 76 28 190
7058 74 135 189
7059 72 186 187
7060 99 56 207
7061 97 7 206
7062 95 154 205
7063 93 116 202
7064 91 234 202
7065 88 239 200
7066 87 14 199
7067 85 154 196
7068 83 93 196
7069 81 29 194
7070 79 73 193
7071 77 249 191
7072 75 45 189
7073 100 56 209
7074 98 173 207
7075 96 109 206
7076 94 116 204
7077 92 29 203
7078 90 207 201
7079 89 166 200
7080 86 154 198
7081 84 232 197
7082 82 234 195
7083 80 151 194
7084 78 14 192
7085 101 235 210
7086 99 90 208
7087 97 77 207
7088 95 116 206
7089 93 224 203
7090 91 207 203
7091 88 128 201
7092 87 154 200
7093 85 116 197
7094 83 234 197
7095 81 56 195
7096 102 97 211
7097 100 90 210
7098 98 62 208
7099 96 147 207
7100 94 224 205
7101 92 56 204
7102 90 173 202
7103 89 154 201
7104 86 116 199
7105 84 185 198
7106 103 166 212
7107 101 218 211
7108 99 201 209
7109 97 58 208
7110 95 224 207
7111 93 97 204
7112 91 173 204
7113 88 201 202
7114 87 116 201
7115 104 166 214
7116 102 15 212
7117 100 201 211
7118 98 156 209
7119 96 39 208
7120 94 97 206
7121 92 90 205
7122 90 62 203
7123 105 180 215
7124 103 248 213
7125 101 31 212
7126 99 107 210
7127 97 112 209
7128 95 97 208
7129 93 15 205
7130 106 83 216
7131 104 248 215
7132 102 165 213
7133 100 107 212
7134 98 138 210
7135 96 166 209
7136 107 60 217
7137 105 139 216
7138 103 98 214
7139 101 78 213
7140 99 125 211
7141 108 60 219
7142 106 124 217
7143 104 98 216
7144 102 237 214
7145 109 233 220
7146 107 134 218
7147 105 214 217
7148 110 30 221
7149 108 134 220
7150 111 30 223
7151 12 62 139
7152 13 176 139
7153 16 29 139
7154 6 15 140
7155 7 74 140
7156 8 55 140
7157 9 113 140
7158 10 26 140
7159 11 223 140
7160 12 118 140
7161 13 203 140
7162 14 89 140
7163 15 53 140
7164 5 208 141
7165 6 210 141
7166 5 167 142
7167 5 167 143
7168 4 109 144
7169 5 216 144
7170 4 48 145
7171 4 48 146
7172 3 102 147
7173 4 166 147
7174 3 239 148
7175 3 239 149
7176 2 68 150
7177 3 128 150
7178 2 12 151
7179 2 12 152
7180 1 38 153
7181 2 168 153
7182 1 257 154
7183 1 257 155
7184 0 208 156
7185 1 124 156
7186 0 3 157
7187 0 3 158
7188 0 3 159
7189 0 3 160
7190 0 3 161
7191 16 141 140
7192 7 31 141
7193 8 46 141
7194 9 110 141
7195 10 248 141
7196 11 107 141
7197 12 45 141
7198 13 153 141
7199 14 93 141
7200 15 78 141
7201 16 77 141
7202 17 237 141
7203 6 236 142
7204 7 18 142
7205 8 163 142
7206 9 110 142
7207 10 222 142
7208 18 112 142
7209 6 259 143
7210 6 259 144
7211 5 131 145
7212 6 247 145
7213 5 2 146
7214 5 2 147
7215 4 78 148
7216 5 27 148
7217 4 262 149
7218 4 262 150
7219 3 218 151
7220 4 225 151
7221 3 132 152
7222 3 132 153
7223 2 157 154
7224 3 156 154
7225 2 197 155
7226 2 197 156
7227 1 183 157
7228 2 124 157
7229 11 186 142
7230 12 102 142
7231 13 105 142
7232 14 61 142
7233 15 225 142
7234 16 73 142
7235 17 260 142
7236 19 9 142
7237 7 18 143
7238 8 35 143
7239 9 22 143
7240 10 45 143
7241 11 164 143
7242 12 45 143
7243 13 143 143
7244 14 97 143
7245 15 6 143
7246 17 172 143
7247 18 237 143
7248 20 152 143
7249 22 92 143
7250 7 219 144
7251 7 219 145
7252 6 213 146
7253 7 170 146
7254 6 22 147
7255 6 22 148
7256 5 157 149
7257 6 92 149
7258 5 252 150
7259 5 252 151
7260 4 250 152
7261 5 228 152
7262 4 137 153
7263 4 137 154
7264 3 171 155
7265 16 120 143
7266 19 13 143
7267 8 52 144
7268 9 179 144
7269 10 219 144
7270 11 44 144
7271 12 157 144
7272 13 142 144
7273 14 224 144
7274 15 247 144
7275 16 227 144
7276 17 151 144
7277 18 129 144
7278 19 74 144
7279 20 33 144
7280 21 252 144
7281 22 93 144
7282 8 22 145
7283 9 239 145
7284 10 182 145
7285 11 17 145
7286 12 110 145
7287 13 60 145
7288 21 105 145
7289 8 95 146
7290 24 185 146
7291 7 144 147
7292 8 39 147
7293 7 242 148
7294 7 242 149
7295 6 65 150
7296 7 232 150
7297 6 142 151
7298 6 142 152
7299 14 261 145
7300 15 59 145
7301 16 161 145
7302 17 259 145
7303 18 255 145
7304 19 220 145
7305 20 183 145
7306 22 58 145
7307 23 102 145
7308 9 109 146
7309 10 95 146
7310 11 9 146
7311 12 173 146
7312 13 21 146
7313 14 117 146
7314 15 45 146
7315 16 142 146
7316 17 209 146
7317 18 48 146
7318 19 169 146
7319 20 254 146
7320 21 56 146
7321 22 153 146
7322 23 221 146
7323 25 19 146
7324 26 128 146
7325 9 151 147
7326 10 139 147
7327 25 234 147
7328 8 13 148
7329 9 198 148
7330 8 32 149
7331 11 122 147
7332 12 252 147
7333 13 165 147
7334 14 173 147
7335 15 98 147
7336 16 261 147
7337 17 190 147
7338 18 7 147
7339 19 7 147
7340 20 195 147
7341 21 209 147
7342 22 16 147
7343 23 243 147
7344 24 120 147
7345 26 199 147
7346 10 123 148
7347 11 147 148
7348 12 34 148
7349 13 179 148
7350 14 192 148
7351 15 122 148
7352 16 148 148
7353 17 45 148
7354 18 134 148
7355 19 122 148
7356 20 5 148
7357 21 201 148
7358 24 123 148
7359 26 134 148
7360 27 178 148
7361 22 159 148
7362 23 248 148
7363 25 167 148
7364 29 118 148
7365 9 227 149
7366 10 4 149
7367 11 76 149
7368 12 127 149
7369 13 40 149
7370 14 114 149
7371 15 47 149
7372 16 226 149
7373 17 144 149
7374 18 56 149
7375 19 205 149
7376 20 78 149
7377 21 262 149
7378 22 115 149
7379 23 87 149
7380 24 231 149
7381 25 137 149
7382 26 157 149
7383 27 57 149
7384 28 253 149
7385 29 122 149
7386 8 158 150
7387 9 160 150
7388 10 93 150
7389 11 229 150
7390 12 60 150
7391 13 111 150
7392 14 239 150
7393 15 91 150
7394 16 144 150
7395 17 165 150
7396 18 221 150
7397 19 135 150
7398 20 72 150
7399 21 159 150
7400 22 259 150
7401 23 250 150
7402 24 238 150
7403 25 144 150
7404 26 184 150
7405 27 180 150
7406 28 93 150
7407 29 216 150
7408 30 190 150
7409 7 109 151
7410 8 256 151
7411 9 17 151
7412 10 203 151
7413 11 201 151
7414 12 172 151
7415 13 225 151
7416 14 62 151
7417 15 17 151
7418 16 80 151
7419 17 173 151
7420 18 74 151
7421 19 178 151
7422 20 195 151
7423 21 209 151
7424 22 20 151
7425 23 11 151
7426 24 177 151
7427 25 256 151
7428 26 198 151
7429 27 100 151
7430 28 14 151
7431 29 233 151
7432 30 75 151
7433 31 126 151
7434 7 239 152
7435 8 28 152
7436 9 211 152
7437 10 53 152
7438 11 169 152
7439 12 132 152
7440 13 187 152
7441 14 155 152
7442 15 93 152
7443 16 138 152
7444 17 65 152
7445 18 166 152
7446 19 232 152
7447 20 223 152
7448 21 128 152
7449 22 145 152
7450 23 121 152
7451 24 215 152
7452 25 230 152
7453 26 227 152
7454 27 239 152
7455 28 46 152
7456 29 242 152
7457 30 188 152
7458 31 210 152
7459 32 128 152
7460 33 79 152
7461 5 62 153
7462 6 230 153
7463 7 149 153
7464 8 38 153
7465 9 73 153
7466 10 114 153
7467 11 177 153
7468 12 75 153
7469 13 230 153
7470 14 70 153
7471 15 42 153
7472 16 21 153
7473 17 175 153
7474 18 118 153
7475 19 198 153
7476 20 206 153
7477 21 213 153
7478 22 82 153
7479 23 221 153
7480 24 43 153
7481 25 64 153
7482 26 247 153
7483 27 193 153
7484 28 191 153
7485 29 123 153
7486 30 19 153
7487 31 153 153
7488 32 44 153
7489 33 32 153
7490 34 68 153
7491 5 112 154
7492 6 106 154
7493 7 170 154
7494 8 241 154
7495 9 24 154
7496 10 77 154
7497 11 62 154
7498 12 39 154
7499 13 210 154
7500 14 173 154
7501 15 254 154
7502 16 83 154
7503 17 179 154
7504 18 254 154
7505 19 215 154
7506 20 192 154
7507 21 135 154
7508 22 58 154
7509 23 221 154
7510 24 197 154
7511 25 174 154
7512 26 95 154
7513 27 42 154
7514 28 249 154
7515 29 79 154
7516 30 74 154
7517 31 237 154
7518 32 93 154
7519 33 33 154
7520 34 103 154
7521 4 33 155
7522 5 184 155
7523 6 256 155
7524 7 147 155
7525 8 9 155
7526 9 237 155
7527 10 239 155
7528 11 146 155
7529 12 166 155
7530 13 115 155
7531 14 260 155
7532 15 72 155
7533 16 206 155
7534 17 13 155
7535 18 63 155
7536 19 60 155
7537 20 79 155
7538 21 235 155
7539 22 87 155
7540 23 237 155
7541 24 245 155
7542 25 6 155
7543 26 130 155
7544 27 254 155
7545 28 9 155
7546 29 186 155
7547 30 213 155
7548 31 128 155
7549 32 10 155
7550 33 154 155
7551 34 241 155
7552 35 120 155
7553 36 13 155
7554 37 242 155
7555 3 123 156
7556 4 254 156
7557 5 141 156
7558 6 37 156
7559 7 118 156
7560 8 170 156
7561 9 235 156
7562 10 173 156
7563 11 213 156
7564 12 178 156
7565 13 149 156
7566 14 256 156
7567 15 57 156
7568 16 161 156
7569 17 60 156
7570 18 221 156
7571 19 246 156
7572 20 155 156
7573 21 150 156
7574 22 160 156
7575 23 59 156
7576 24 77 156
7577 25 55 156
7578 26 191 156
7579 27 102 156
7580 28 104 156
7581 29 6 156
7582 30 223 156
7583 31 185 156
7584 32 163 156
7585 33 81 156
7586 34 91 156
7587 35 81 156
7588 36 35 156
7589 37 211 156
7590 3 45 157
7591 4 202 157
7592 5 18 157
7593 6 60 157
7594 7 175 157
7595 8 88 157
7596 9 197 157
7597 10 249 157
7598 11 261 157
7599 12 230 157
7600 13 198 157
7601 14 23 157
7602 15 55 157
7603 16 137 157
7604 17 50 157
7605 18 190 157
7606 19 46 157
7607 20 36 157
7608 21 108 157
7609 22 252 157
7610 23 109 157
7611 24 85 157
7612 25 78 157
7613 26 64 157
7614 27 200 157
7615 28 174 157
7616 29 99 157
7617 30 234 157
7618 31 244 157
7619 32 123 157
7620 33 114 157
7621 34 74 157
7622 35 250 157
7623 36 70 157
7624 37 39 157
7625 38 256 157
7626 1 243 158
7627 2 70 158
7628 3 258 158
7629 4 138 158
7630 5 230 158
7631 6 139 158
7632 7 194 158
7633 8 145 158
7634 9 110 158
7635 10 111 158
7636 11 123 158
7637 12 86 158
7638 13 145 158
7639 14 218 158
7640 15 139 158
7641 16 92 158
7642 17 154 158
7643 18 248 158
7644 19 201 158
7645 20 126 158
7646 21 203 158
7647 22 232 158
7648 23 8 158
7649 24 168 158
7650 25 38 158
7651 26 239 158
7652 27 120 158
7653 28 15 158
7654 29 222 158
7655 30 229 158
7656 31 113 158
7657 32 256 158
7658 33 251 158
7659 34 38 158
7660 35 94 158
7661 36 226 158
7662 37 47 158
7663 38 55 158
7664 39 99 158
7665 40 67 158
7666 1 177 159
7667 2 28 159
7668 3 165 159
7669 4 33 159
7670 5 29 159
7671 6 94 159
7672 7 56 159
7673 8 110 159
7674 9 38 159
7675 10 173 159
7676 11 8 159
7677 12 185 159
7678 13 247 159
7679 14 229 159
7680 15 175 159
7681 16 235 159
7682 17 178 159
7683 18 110 159
7684 19 197 159
7685 20 202 159
7686 21 141 159
7687 22 259 159
7688 23 142 159
7689 24 145 159
7690 25 78 159
7691 26 138 159
7692 27 41 159
7693 28 55 159
7694 29 71 159
7695 30 201 159
7696 31 66 159
7697 32 198 159
7698 33 234 159
7699 34 183 159
7700 35 11 159
7701 36 172 159
7702 37 116 159
7703 38 92 159
7704 39 222 159
7705 40 188 159
7706 41 138 159
7707 1 48 160
7708 2 231 160
7709 3 65 160
7710 4 106 160
7711 5 193 160
7712 6 39 160
7713 7 169 160
7714 8 132 160
7715 9 228 160
7716 10 33 160
7717 11 60 160
7718 12 66 160
7719 13 260 160
7720 14 30 160
7721 15 82 160
7722 16 6 160
7723 18 33 160
7724 17 253 160
7725 19 29 160
7726 20 114 160
7727 21 203 160
7728 22 146 160
7729 23 23 160
7730 24 38 160
7731 25 55 160
7732 26 1 160
7733 27 112 160
7734 28 72 160
7735 29 234 160
7736 30 97 160
7737 31 216 160
7738 32 20 160
7739 33 219 160
7740 34 140 160
7741 35 29 160
7742 36 155 160
7743 37 227 160
7744 38 236 160
7745 39 205 160
7746 40 66 160
7747 41 183 160
7748 1 217 161
7749 2 37 161
7750 3 36 161
7751 4 120 161
7752 5 223 161
7753 6 33 161
7754 7 106 161
7755 8 18 161
7756 9 23 161
7757 10 12 161
7758 11 218 161
7759 12 181 161
7760 13 249 161
7761 14 4 161
7762 15 211 161
7763 16 110 161
7764 17 210 161
7765 18 11 161
7766 19 137 161
7767 20 14 161
7768 21 209 161
7769 22 160 161
7770 23 83 161
7771 24 181 161
7772 25 115 161
7773 26 123 161
7774 27 73 161
7775 28 131 161
7776 29 104 161
7777 30 190 161
7778 31 158 161
7779 32 65 161
7780 33 54 161
7781 34 112 161
7782 35 108 161
7783 36 206 161
7784 37 2 161
7785 38 184 161
7786 39 2 161
7787 40 98 161
7788 41 240 161
7789 42 83 161
7790 43 204 161
7791 0 64 162
7792 1 252 162
7793 2 181 162
7794 3 12 162
7795 4 42 162
7796 5 16 162
7797 6 182 162
7798 7 243 162
7799 8 15 162
7800 9 262 162
7801 10 198 162
7802 11 221 162
7803 12 158 162
7804 13 68 162
7805 14 101 162
7806 15 220 162
7807 16 40 162
7808 17 159 162
7809 18 45 162
7810 19 183 162
7811 20 41 162
7812 21 188 162
7813 22 23 162
7814 23 250 162
7815 24 10 162
7816 25 57 162
7817 26 170 162
7818 27 135 162
7819 28 155 162
7820 29 112 162
7821 30 241 162
7822 31 254 162
7823 32 127 162
7824 33 98 162
7825 34 92 162
7826 35 8 162
7827 36 46 162
7828 37 78 162
7829 38 197 162
7830 39 185 162
7831 40 156 162
7832 41 136 162
7833 42 254 162
7834 43 185 162
7835 44 52 162
7836 0 48 163
7837 1 20 163
7838 2 157 163
7839 3 9 163
7840 4 233 163
7841 5 228 163
7842 6 226 163
7843 7 242 163
7844 8 79 163
7845 9 82 163
7846 10 174 163
7847 11 65 163
7848 12 82 163
7849 13 61 163
7850 14 99 163
7851 15 68 163
7852 16 14 163
7853 17 224 163
7854 18 19 163
7855 19 43 163
7856 20 5 163
7857 21 49 163
7858 22 161 163
7859 23 195 163
7860 24 119 163
7861 26 1 163
7862 25 107 163
7863 27 156 163
7864 28 29 163
7865 29 137 163
7866 30 18 163
7867 31 159 163
7868 32 75 163
7869 33 55 163
7870 34 54 163
7871 35 31 163
7872 36 41 163
7873 37 230 163
7874 38 233 163
7875 39 103 163
7876 40 206 163
7877 41 197 163
7878 42 167 163
7879 43 162 163
7880 44 223 163
7881 45 53 163
7882 0 104 164
7883 1 55 164
7884 2 35 164
7885 3 18 164
7886 4 120 164
7887 5 201 164
7888 6 10 164
7889 7 92 164
7890 8 12 164
7891 9 160 164
7892 10 134 164
7893 11 207 164
7894 12 148 164
7895 13 115 164
7896 14 256 164
7897 15 180 164
7898 16 60 164
7899 17 201 164
7900 18 136 164
7901 19 38 164
7902 20 6 164
7903 21 71 164
7904 22 216 164
7905 23 213 164
7906 24 187 164
7907 25 210 164
7908 26 115 164
7909 27 245 164
7910 28 8 164
7911 29 17 164
7912 30 262 164
7913 31 224 164
7914 32 215 164
7915 33 166 164
7916 34 50 164
7917 35 16 164
7918 36 213 164
7919 37 230 164
7920 38 198 164
7921 39 252 164
7922 40 23 164
7923 41 69 164
7924 42 230 164
7925 43 222 164
7926 44 102 164
7927 45 139 164
7928 46 103 164
7929 0 182 165
7930 1 55 165
7931 2 188 165
7932 3 91 165
7933 4 260 165
7934 5 96 165
7935 6 218 165
7936 7 24 165
7937 8 259 165
7938 9 175 165
7939 10 139 165
7940 11 173 165
7941 12 172 165
7942 13 255 165
7943 14 18 165
7944 15 94 165
7945 16 40 165
7946 17 196 165
7947 18 249 165
7948 19 211 165
7949 20 258 165
7950 21 24 165
7951 22 121 165
7952 23 186 165
7953 24 98 165
7954 25 250 165
7955 26 67 165
7956 27 193 165
7957 28 10 165
7958 29 188 165
7959 30 211 165
7960 31 222 165
7961 32 19 165
7962 33 158 165
7963 34 204 165
7964 35 48 165
7965 36 62 165
7966 37 17 165
7967 38 41 165
7968 39 176 165
7969 40 196 165
7970 41 18 165
7971 42 180 165
7972 43 64 165
7973 44 122 165
7974 45 239 165
7975 46 43 165
7976 47 56 165
7977 0 29 166
7978 1 142 166
7979 2 259 166
7980 3 148 166
7981 4 192 166
7982 5 7 166
7983 6 110 166
7984 7 173 166
7985 8 33 166
7986 9 48 166
7987 10 68 166
7988 11 243 166
7989 12 217 166
7990 13 44 166
7991 14 254 166
7992 15 24 166
7993 16 165 166
7994 17 36 166
7995 18 138 166
7996 19 253 166
7997 20 69 166
7998 21 11 166
7999 22 178 166
8000 23 211 166
8001 24 163 166
8002 25 22 166
8003 26 155 166
8004 27 223 166
8005 28 262 166
8006 29 126 166
8007 30 138 166
8008 31 12 166
8009 32 15 166
8010 33 61 166
8011 34 56 166
8012 35 167 166
8013 36 217 166
8014 37 15 166
8015 38 93 166
8016 39 248 166
8017 40 235 166
8018 41 258 166
8019 42 4 166
8020 43 134 166
8021 44 165 166
8022 45 47 166
8023 46 247 166
8024 47 180 166
8025 48 204 166
8026 49 211 166
8027 0 117 167
8028 1 228 167
8029 2 111 167
8030 3 78 167
8031 4 133 167
8032 5 211 167
8033 6 174 167
8034 7 158 167
8035 8 118 167
8036 9 71 167
8037 10 260 167
8038 11 18 167
8039 12 190 167
8040 13 147 167
8041 14 9 167
8042 15 199 167
8043 16 208 167
8044 17 62 167
8045 18 79 167
8046 19 68 167
8047 20 100 167
8048 21 103 167
8049 22 89 167
8050 23 239 167
8051 24 247 167
8052 25 5 167
8053 26 137 167
8054 27 182 167
8055 28 218 167
8056 29 113 167
8057 30 203 167
8058 31 185 167
8059 32 163 167
8060 33 35 167
8061 34 157 167
8062 35 82 167
8063 36 256 167
8064 37 123 167
8065 38 92 167
8066 39 33 167
8067 40 142 167
8068 41 136 167
8069 42 254 167
8070 43 128 167
8071 44 111 167
8072 45 103 167
8073 46 10 167
8074 47 24 167
8075 48 111 167
8076 49 59 167
8077 50 22 167
8078 0 194 168
8079 1 127 168
8080 2 46 168
8081 3 9 168
8082 4 212 168
8083 5 45 168
8084 6 28 168
8085 7 93 168
8086 8 29 168
8087 9 40 168
8088 10 195 168
8089 11 32 168
8090 12 115 168
8091 13 140 168
8092 14 50 168
8093 15 236 168
8094 16 197 168
8095 17 260 168
8096 18 223 168
8097 19 253 168
8098 20 41 168
8099 21 65 168
8100 22 254 168
8101 23 218 168
8102 24 220 168
8103 25 243 168
8104 26 208 168
8105 27 168 168
8106 28 129 168
8107 29 89 168
8108 30 45 168
8109 31 219 168
8110 32 179 168
8111 33 147 168
8112 34 205 168
8113 35 53 168
8114 36 234 168
8115 37 41 168
8116 38 165 168
8117 39 105 168
8118 40 72 168
8119 41 224 168
8120 42 190 168
8121 43 102 168
8122 44 44 168
8123 45 210 168
8124 46 162 168
8125 47 221 168
8126 48 123 168
8127 49 247 168
8128 50 5 168
8129 0 214 169
8130 1 240 169
8131 2 135 169
8132 3 30 169
8133 4 150 169
8134 5 260 169
8135 6 193 169
8136 7 207 169
8137 8 215 169
8138 9 104 169
8139 10 244 169
8140 11 257 169
8141 12 191 169
8142 13 261 169
8143 14 11 169
8144 15 118 169
8145 16 85 169
8146 17 5 169
8147 18 202 169
8148 19 22 169
8149 20 156 169
8150 21 207 169
8151 22 123 169
8152 23 131 169
8153 24 245 169
8154 25 61 169
8155 26 211 169
8156 27 218 169
8157 28 189 169
8158 29 153 169
8159 30 155 169
8160 31 66 169
8161 32 103 169
8162 33 150 169
8163 34 131 169
8164 35 203 169
8165 36 235 169
8166 37 149 169
8167 38 180 169
8168 39 247 169
8169 40 30 169
8170 41 124 169
8171 42 257 169
8172 43 25 169
8173 44 45 169
8174 45 117 169
8175 46 17 169
8176 47 245 169
8177 48 9 169
8178 49 233 169
8179 50 142 169
8180 51 73 169
8181 0 225 170
8182 1 188 170
8183 2 152 170
8184 3 125 170
8185 4 242 170
8186 5 61 170
8187 6 1 170
8188 7 34 170
8189 8 158 170
8190 9 87 170
8191 10 40 170
8192 11 257 170
8193 12 136 170
8194 13 235 170
8195 14 35 170
8196 15 114 170
8197 16 21 170
8198 17 66 170
8199 18 56 170
8200 19 25 170
8201 20 124 170
8202 21 261 170
8203 22 78 170
8204 23 243 170
8205 24 251 170
8206 25 136 170
8207 26 145 170
8208 27 110 170
8209 28 178 170
8210 29 30 170
8211 30 139 170
8212 31 104 170
8213 32 7 170
8214 33 127 170
8215 34 134 170
8216 35 35 170
8217 36 181 170
8218 37 86 170
8219 38 75 170
8220 39 138 170
8221 40 38 170
8222 41 245 170
8223 42 94 170
8224 43 60 170
8225 44 38 170
8226 45 128 170
8227 46 36 170
8228 47 169 170
8229 48 29 170
8230 49 119 170
8231 50 43 170
8232 51 174 170
8233 52 85 170
8234 53 37 170
8235 0 43 171
8236 1 186 171
8237 2 123 171
8238 3 208 171
8239 4 167 171
8240 5 66 171
8241 6 96 171
8242 7 131 171
8243 8 29 171
8244 9 17 171
8245 10 112 171
8246 11 239 171
8247 12 135 171
8248 13 34 171
8249 14 45 171
8250 15 71 171
8251 16 125 171
8252 17 66 171
8253 18 114 171
8254 19 149 171
8255 20 160 171
8256 21 262 171
8257 22 235 171
8258 23 132 171
8259 24 125 171
8260 25 111 171
8261 26 250 171
8262 27 29 171
8263 28 2 171
8264 29 235 171
8265 30 115 171
8266 31 133 171
8267 32 11 171
8268 33 123 171
8269 34 91 171
8270 35 31 171
8271 36 192 171
8272 37 116 171
8273 38 13 171
8274 39 176 171
8275 40 240 171
8276 41 231 171
8277 42 29 171
8278 43 181 171
8279 44 101 171
8280 45 209 171
8281 46 237 171
8282 47 199 171
8283 48 9 171
8284 49 154 171
8285 50 187 171
8286 51 189 171
8287 52 5 171
8288 53 195 171
8289 54 182 171
8290 0 248 172
8291 1 71 172
8292 2 101 172
8293 3 158 172
8294 4 147 172
8295 5 190 172
8296 6 199 172
8297 7 164 172
8298 8 184 172
8299 9 26 172
8300 10 10 172
8301 11 252 172
8302 12 235 172
8303 13 135 172
8304 14 176 172
8305 15 116 172
8306 16 6 172
8307 17 238 172
8308 18 54 172
8309 19 153 172
8310 20 167 172
8311 21 209 172
8312 22 172 172
8313 23 186 172
8314 24 108 172
8315 25 240 172
8316 26 16 172
8317 27 25 172
8318 28 57 172
8319 29 93 172
8320 30 206 172
8321 31 81 172
8322 32 43 172
8323 33 75 172
8324 34 79 172
8325 35 186 172
8326 36 65 172
8327 37 248 172
8328 38 214 172
8329 39 70 172
8330 40 218 172
8331 41 200 172
8332 42 95 172
8333 43 199 172
8334 44 146 172
8335 45 214 172
8336 46 69 172
8337 47 240 172
8338 48 221 172
8339 49 181 172
8340 50 51 172
8341 51 73 172
8342 52 46 172
8343 53 10 172
8344 54 101 172
8345 55 13 172
8346 0 104 173
8347 1 177 173
8348 2 61 173
8349 3 231 173
8350 4 72 173
8351 5 130 173
8352 6 233 173
8353 7 73 173
8354 8 250 173
8355 9 181 173
8356 10 23 173
8357 11 86 173
8358 12 63 173
8359 13 190 173
8360 14 129 173
8361 15 67 173
8362 16 120 173
8363 17 67 173
8364 18 252 173
8365 19 142 173
8366 20 204 173
8367 21 238 173
8368 22 241 173
8369 23 33 173
8370 24 119 173
8371 25 21 173
8372 26 76 173
8373 27 54 173
8374 28 113 173
8375 29 149 173
8376 30 215 173
8377 31 95 173
8378 32 104 173
8379 33 15 173
8380 34 200 173
8381 35 20 173
8382 36 95 173
8383 37 246 173
8384 38 181 173
8385 39 83 173
8386 40 32 173
8387 41 45 173
8388 42 161 173
8389 43 36 173
8390 44 139 173
8391 45 88 173
8392 46 238 173
8393 47 214 173
8394 48 117 173
8395 49 256 173
8396 50 37 173
8397 51 225 173
8398 52 218 173
8399 53 198 173
8400 54 53 173
8401 55 111 173
8402 57 69 173
8403 0 103 174
8404 1 169 174
8405 2 182 174
8406 3 48 174
8407 4 7 174
8408 47 57 174
8409 48 167 174
8410 50 159 174
8411 51 18 174
8412 52 23 174
8413 53 215 174
8414 54 38 174
8415 55 175 174
8416 56 29 174
8417 57 122 174
8418 58 246 174
8419 51 204 175
8420 52 236 175
8421 53 252 175
8422 54 129 175
8423 55 189 175
8424 56 191 175
8425 57 107 175
8426 58 242 175
8427 56 125 176
8428 57 140 176
8429 59 258 176
8430 59 258 177
8431 61 90 177
8432 60 86 178
8433 61 261 178
8434 58 258 176
8435 56 60 177
8436 55 91 176
8437 54 118 176
8438 52 27 176
8439 51 9 176
8440 49 130 174
8441 48 133 175
8442 46 1 174
8443 45 88 174
8444 5 92 174
8445 42 29 174
8446 6 176 174
8447 7 247 174
8448 8 49 174
8449 9 156 174
8450 10 215 174
8451 11 82 174
8452 12 88 174
8453 13 99 174
8454 14 89 174
8455 15 123 174
8456 16 47 174
8457 17 156 174
8458 18 240 174
8459 19 260 174
8460 20 229 174
8461 21 65 174
8462 22 137 174
8463 23 181 174
8464 24 209 174
8465 25 42 174
8466 26 180 174
8467 27 139 174
8468 28 249 174
8469 29 74 174
8470 30 190 174
8471 31 259 174
8472 32 259 174
8473 33 177 174
8474 34 220 174
8475 35 200 174
8476 36 117 174
8477 37 161 174
8478 38 181 174
8479 39 218 174
8480 40 3 174
8481 41 259 174
8482 43 102 174
8483 44 107 174
8484 62 139 178
8485 60 226 179
8486 59 258 178
8487 58 177 177
8488 57 135 177
8489 55 145 177
8490 53 68 176
8491 52 254 177
8492 50 198 175
8493 49 132 175
8494 47 131 175
8495 46 175 175
8496 0 231 175
8497 1 49 175
8498 2 239 175
8499 3 256 175
8500 4 241 175
8501 5 225 175
8502 6 20 175
8503 7 30 175
8504 8 14 175
8505 9 152 175
8506 10 136 175
8507 11 85 175
8508 12 248 175
8509 13 152 175
8510 14 53 175
8511 15 41 175
8512 16 121 175
8513 17 176 175
8514 18 66 175
8515 19 32 175
8516 20 165 175
8517 21 222 175
8518 22 195 175
8519 23 201 175
8520 24 194 175
8521 25 204 175
8522 26 93 175
8523 27 114 175
8524 28 55 175
8525 29 54 175
8526 30 175 175
8527 31 199 175
8528 32 186 175
8529 33 252 175
8530 34 113 175
8531 35 65 175
8532 36 2 175
8533 37 253 175
8534 38 28 175
8535 63 139 180
8536 62 129 179
8537 61 257 179
8538 59 177 179
8539 56 252 178
8540 57 6 178
8541 54 229 177
8542 53 65 177
8543 51 198 177
8544 50 197 176
8545 48 33 176
8546 47 44 176
8547 45 95 175
8548 44 95 175
8549 42 112 175
8550 39 245 175
8551 40 252 175
8552 41 90 175
8553 43 154 175
8554 0 246 176
8555 1 175 176
8556 2 257 176
8557 3 63 176
8558 4 235 176
8559 5 46 176
8560 6 8 176
8561 7 171 176
8562 8 201 176
8563 9 36 176
8564 10 10 176
8565 11 54 176
8566 12 14 176
8567 13 154 176
8568 14 248 176
8569 15 57 176
8570 16 28 176
8571 17 46 176
8572 18 191 176
8573 19 176 176
8574 20 140 176
8575 21 46 176
8576 22 234 176
8577 23 235 176
8578 24 214 176
8579 25 18 176
8580 26 251 176
8581 27 12 176
8582 28 261 176
8583 29 250 176
8584 30 229 176
8585 64 201 180
8586 63 129 181
8587 60 255 180
8588 61 222 180
8589 58 212 178
8590 56 104 179
8591 55 34 178
8592 54 99 178
8593 52 65 178
8594 51 197 178
8595 49 11 176
8596 48 252 177
8597 46 168 176
8598 45 56 176
8599 31 169 176
8600 42 138 176
8601 32 101 176
8602 33 77 176
8603 34 30 176
8604 35 210 176
8605 36 223 176
8606 37 163 176
8607 38 256 176
8608 39 71 176
8609 40 15 176
8610 41 4 176
8611 43 107 176
8612 44 115 176
8613 0 205 177
8614 1 218 177
8615 2 197 177
8616 3 260 177
8617 4 52 177
8618 5 40 177
8619 6 173 177
8620 7 61 177
8621 8 59 177
8622 9 231 177
8623 10 177 177
8624 11 250 177
8625 12 99 177
8626 13 261 177
8627 14 26 177
8628 15 39 177
8629 16 48 177
8630 17 213 177
8631 18 103 177
8632 19 188 177
8633 20 106 177
8634 65 196 181
8635 64 196 181
8636 62 208 180
8637 60 203 181
8638 59 212 180
8639 58 17 179
8640 57 120 179
8641 55 164 179
8642 53 115 178
8643 52 66 179
8644 50 126 177
8645 49 84 177
8646 47 179 177
8647 46 207 177
8648 21 34 177
8649 22 262 177
8650 23 53 177
8651 24 65 177
8652 25 211 177
8653 26 163 177
8654 27 208 177
8655 28 25 177
8656 29 43 177
8657 30 189 177
8658 31 158 177
8659 32 142 177
8660 33 77 177
8661 34 21 177
8662 35 153 177
8663 36 118 177
8664 37 28 177
8665 38 232 177
8666 39 102 177
8667 40 160 177
8668 41 154 177
8669 42 15 177
8670 43 199 177
8671 44 31 177
8672 45 86 177
8673 0 124 178
8674 1 89 178
8675 2 40 178
8676 3 243 178
8677 4 132 178
8678 5 158 178
8679 6 93 178
8680 7 15 178
8681 8 187 178
8682 66 214 182
8683 65 110 182
8684 63 208 182
8685 62 106 181
8686 61 222 181
8687 59 17 181
8688 56 255 180
8689 57 112 180
8690 54 74 179
8691 53 137 179
8692 51 126 179
8693 50 221 178
8694 48 21 178
8695 47 28 178
8696 9 86 178
8697 10 158 178
8698 11 50 178
8699 12 148 178
8700 13 201 178
8701 14 174 178
8702 15 71 178
8703 16 3 178
8704 17 63 178
8705 18 115 178
8706 19 43 178
8707 20 96 178
8708 21 162 178
8709 22 179 178
8710 23 23 178
8711 24 253 178
8712 25 255 178
8713 26 9 178
8714 27 69 178
8715 28 161 178
8716 29 9 178
8717 30 133 178
8718 31 5 178
8719 32 222 178
8720 33 158 178
8721 34 216 178
8722 35 189 178
8723 36 73 178
8724 37 247 178
8725 38 211 178
8726 39 134 178
8727 40 65 178
8728 41 93 178
8729 67 49 183
8730 66 104 183
8731 64 104 182
8732 63 106 183
8733 60 153 182
8734 61 66 182
8735 58 111 180
8736 56 237 181
8737 55 189 180
8738 54 63 180
8739 52 137 180
8740 51 221 180
8741 49 7 178
8742 48 256 179
8743 46 83 178
8744 45 203 178
8745 42 167 178
8746 44 203 178
8747 43 183 178
8748 0 252 179
8749 1 144 179
8750 2 222 179
8751 3 6 179
8752 4 18 179
8753 5 201 179
8754 6 176 179
8755 7 121 179
8756 8 249 179
8757 9 179 179
8758 10 68 179
8759 11 223 179
8760 12 157 179
8761 13 165 179
8762 14 13 179
8763 15 83 179
8764 16 88 179
8765 17 39 179
8766 18 153 179
8767 19 49 179
8768 20 17 179
8769 21 35 179
8770 22 32 179
8771 23 26 179
8772 24 115 179
8773 25 93 179
8774 26 214 179
8775 68 107 184
8776 67 159 184
8777 65 53 183
8778 64 53 183
8779 62 228 182
8780 60 105 183
8781 59 111 182
8782 58 226 181
8783 57 185 181
8784 55 200 181
8785 53 121 180
8786 52 42 181
8787 50 128 179
8788 49 173 179
8789 47 90 179
8790 46 60 179
8791 27 225 179
8792 45 20 179
8793 44 20 179
8794 42 162 179
8795 28 66 179
8796 43 32 179
8797 29 44 179
8798 39 36 179
8799 30 87 179
8800 38 48 179
8801 31 123 179
8802 35 231 179
8803 32 256 179
8804 36 118 179
8805 33 165 179
8806 34 2 179
8807 37 135 179
8808 40 142 179
8809 41 192 179
8810 0 170 180
8811 1 259 180
8812 2 234 180
8813 3 80 180
8814 4 159 180
8815 5 117 180
8816 6 114 180
8817 7 81 180
8818 8 72 180
8819 9 93 180
8820 69 52 185
8821 68 52 185
8822 66 184 184
8823 65 70 184
8824 63 228 184
8825 62 187 183
8826 61 135 183
8827 59 226 183
8828 56 10 182
8829 57 51 182
8830 54 71 181
8831 53 135 181
8832 51 128 181
8833 50 45 180
8834 48 109 180
8835 47 233 180
8836 10 201 180
8837 46 243 180
8838 45 81 180
8839 11 198 180
8840 42 209 180
8841 43 108 180
8842 12 13 180
8843 13 172 180
8844 14 212 180
8845 39 251 180
8846 38 247 180
8847 15 109 180
8848 16 60 180
8849 35 95 180
8850 17 131 180
8851 18 199 180
8852 19 165 180
8853 32 129 180
8854 31 172 180
8855 20 193 180
8856 21 240 180
8857 28 43 180
8858 27 254 180
8859 23 61 180
8860 24 6 180
8861 25 255 180
8862 26 70 180
8863 22 23 180
8864 70 211 186
8865 69 158 186
8866 67 79 185
8867 66 114 185
8868 64 114 184
8869 63 187 185
8870 60 211 184
8871 61 68 184
8872 58 238 182
8873 56 98 183
8874 55 192 182
8875 54 64 182
8876 52 135 182
8877 51 45 182
8878 49 124 180
8879 48 139 181
8880 0 181 181
8881 47 10 181
8882 46 182 181
8883 44 177 180
8884 1 150 181
8885 44 236 181
8886 42 18 181
8887 41 257 180
8888 2 72 181
8889 40 257 180
8890 39 4 181
8891 36 12 180
8892 3 3 181
8893 37 232 180
8894 35 201 181
8895 34 196 180
8896 4 33 181
8897 33 153 180
8898 32 220 181
8899 30 161 180
8900 5 100 181
8901 30 127 181
8902 29 171 180
8903 27 3 181
8904 6 48 181
8905 24 203 181
8906 25 178 181
8907 71 125 186
8908 70 105 187
8909 68 92 186
8910 67 149 186
8911 65 225 185
8912 64 225 185
8913 62 169 184
8914 60 4 185
8915 59 238 184
8916 58 96 183
8917 57 126 183
8918 55 199 183
8919 53 77 182
8920 52 218 183
8921 50 201 181
8922 49 134 181
8923 0 111 182
8924 48 129 182
8925 47 172 182
8926 45 204 181
8927 1 169 182
8928 45 9 182
8929 43 9 181
8930 42 257 182
8931 2 18 182
8932 41 2 181
8933 40 2 181
8934 38 174 181
8935 3 198 182
8936 38 232 182
8937 36 58 181
8938 37 129 181
8939 4 74 182
8940 34 110 181
8941 33 212 181
8942 31 102 181
8943 5 25 182
8944 31 136 182
8945 28 199 181
8946 29 107 181
8947 6 12 182
8948 27 262 182
8949 72 125 188
8950 71 46 187
8951 69 57 187
8952 68 57 187
8953 66 141 186
8954 65 188 186
8955 63 169 186
8956 62 119 185
8957 61 108 185
8958 59 96 185
8959 56 175 184
8960 57 213 184
8961 54 93 183
8962 53 62 183
8963 51 201 183
8964 50 196 182
8965 0 225 183
8966 49 43 182
8967 48 220 183
8968 46 59 182
8969 1 108 183
8970 46 254 183
8971 44 195 182
8972 43 260 182
8973 2 136 183
8974 42 2 183
8975 41 87 182
8976 39 88 182
8977 40 87 182
8978 3 239 183
8979 35 78 182
8980 36 156 182
8981 37 55 182
8982 4 167 183
8983 34 51 182
8984 32 106 182
8985 33 17 182
8986 5 222 183
8987 30 164 182
8988 28 55 182
8989 6 3 183
8990 73 217 188
8991 72 46 189
8992 70 206 188
8993 69 244 188
8994 67 122 187
8995 66 216 187
8996 64 216 186
8997 63 119 187
8998 60 128 186
8999 61 12 186
9000 58 8 184
9001 56 214 185
9002 55 170 184
9003 54 232 184
9004 52 62 184
9005 51 196 184
9006 0 122 184
9007 50 110 183
9008 49 161 183
9009 47 102 183
9010 1 27 184
9011 47 136 184
9012 45 198 183
9013 44 198 183
9014 2 34 184
9015 43 1 183
9016 42 87 184
9017 39 192 183
9018 41 234 183
9019 40 234 183
9020 38 107 183
9021 35 232 183
9022 3 106 184
9023 36 211 183
9024 37 18 183
9025 32 216 183
9026 34 246 183
9027 33 82 183
9028 31 99 183
9029 30 33 183
9030 74 217 190
9031 73 103 189
9032 71 223 188
9033 70 19 189
9034 68 202 188
9035 67 47 188
9036 65 191 187
9037 64 191 187
9038 62 251 186
9039 60 128 187
9040 59 8 186
9041 58 85 185
9042 57 155 185
9043 55 31 185
9044 53 49 184
9045 52 67 185
9046 0 162 185
9047 51 110 185
9048 50 51 184
9049 48 106 184
9050 49 34 184
9051 1 213 185
9052 46 65 184
9053 45 197 184
9054 2 140 185
9055 44 197 184
9056 43 175 184
9057 4 6 184
9058 3 225 185
9059 41 185 184
9060 39 39 184
9061 38 52 184
9062 40 133 184
9063 35 166 184
9064 36 105 184
9065 5 136 184
9066 37 91 184
9067 34 181 184
9068 32 41 184
9069 75 60 190
9070 74 103 191
9071 72 223 190
9072 71 101 189
9073 69 108 189
9074 68 108 189
9075 66 18 188
9076 65 24 188
9077 63 251 188
9078 62 4 187
9079 61 98 187
9080 59 85 187
9081 56 193 186
9082 57 7 186
9083 54 107 185
9084 53 159 185
9085 0 172 186
9086 52 153 186
9087 51 51 186
9088 48 60 185
9089 50 246 185
9090 49 164 185
9091 47 99 185
9092 46 66 185
9093 1 116 186
9094 45 22 185
9095 44 22 185
9096 42 73 185
9097 43 117 185
9098 3 5 186
9099 4 174 185
9100 39 250 185
9101 40 26 185
9102 38 158 185
9103 5 150 185
9104 35 70 185
9105 36 228 185
9106 37 239 185
9107 76 203 191
9108 75 243 191
9109 73 162 190
9110 72 101 191
9111 70 155 190
9112 69 227 190
9113 67 245 189
9114 66 257 189
9115 64 257 188
9116 63 4 189
9117 60 18 188
9118 61 229 188
9119 58 29 186
9120 56 120 187
9121 55 156 186
9122 54 52 186
9123 0 43 187
9124 53 210 186
9125 52 212 187
9126 2 50 186
9127 1 210 187
9128 50 181 186
9129 48 41 186
9130 47 230 186
9131 49 119 186
9132 46 241 186
9133 45 168 186
9134 42 55 186
9135 44 168 186
9136 43 224 186
9137 41 125 185
9138 4 204 186
9139 41 79 186
9140 39 92 186
9141 38 35 186
9142 5 140 186
9143 35 91 186
9144 77 20 192
9145 76 20 192
9146 74 162 192
9147 73 209 191
9148 71 118 190
9149 70 36 191
9150 68 9 190
9151 67 6 190
9152 65 2 189
9153 64 2 189
9154 62 88 188
9155 60 118 189
9156 59 29 188
9157 58 78 187
9158 57 68 187
9159 55 211 187
9160 0 208 188
9161 54 158 187
9162 53 193 187
9163 51 70 187
9164 1 184 188
9165 51 181 188
9166 2 106 187
9167 48 74 187
9168 49 252 187
9169 47 11 187
9170 46 95 187
9171 3 172 187
9172 45 207 187
9173 44 207 187
9174 42 125 187
9175 4 51 187
9176 43 104 187
9177 40 46 186
9178 39 57 187
9179 5 35 187
9180 78 253 193
9181 77 81 193
9182 75 86 192
9183 74 209 193
9184 72 118 192
9185 71 136 191
9186 69 260 191
9187 68 260 191
9188 66 131 190
9189 65 87 190
9190 63 88 190
9191 62 146 189
9192 61 31 189
9193 59 78 189
9194 56 100 188
9195 57 190 188
9196 58 2 188
9197 55 105 188
9198 54 35 188
9199 52 193 188
9200 53 111 188
9201 0 219 189
9202 50 37 187
9203 2 243 188
9204 50 137 188
9205 48 63 188
9206 47 84 188
9207 3 43 188
9208 46 56 188
9209 45 194 188
9210 4 92 188
9211 42 46 188
9212 43 171 188
9213 41 160 187
9214 40 160 187
9215 79 10 194
9216 78 91 194
9217 76 177 193
9218 75 59 193
9219 73 127 192
9220 72 136 193
9221 70 3 192
9222 69 1 192
9223 67 132 191
9224 66 44 191
9225 64 44 190
9226 63 146 191
9227 60 235 190
9228 61 204 190
9229 1 181 189
9230 56 187 189
9231 58 184 189
9232 57 44 189
9233 55 228 189
9234 52 174 189
9235 54 76 189
9236 53 226 189
9237 51 37 189
9238 2 258 189
9239 0 152 190
9240 49 21 188
9241 48 242 189
9242 3 208 189
9243 47 235 189
9244 46 69 189
9245 44 83 188
9246 4 184 189
9247 44 23 189
9248 42 160 189
9249 80 129 195
9250 79 172 195
9251 77 204 194
9252 76 204 194
9253 74 127 194
9254 73 133 193
9255 71 99 192
9256 70 262 193
9257 68 197 192
9258 67 219 192
9259 65 73 191
9260 64 73 191
9261 62 56 190
9262 60 121 191
9263 59 138 190
9264 1 137 190
9265 0 69 191
9266 56 192 190
9267 57 233 190
9268 2 237 190
9269 55 187 190
9270 54 150 190
9271 52 226 190
9272 51 163 190
9273 53 237 190
9274 50 121 189
9275 49 256 189
9276 3 52 190
9277 48 7 190
9278 47 97 190
9279 45 60 189
9280 4 46 190
9281 45 80 190
9282 81 220 196
9283 80 220 196
9284 78 161 195
9285 77 195 195
9286 75 246 194
9287 74 133 195
9288 72 99 194
9289 71 230 193
9290 69 22 193
9291 68 22 193
9292 66 179 192
9293 65 151 192
9294 63 56 192
9295 62 69 191
9296 61 178 191
9297 59 217 191
9298 0 83 192
9299 58 103 190
9300 56 33 191
9301 1 124 191
9302 57 207 191
9303 55 113 191
9304 2 115 191
9305 52 100 191
9306 53 142 191
9307 51 121 191
9308 50 135 190
9309 3 13 191
9310 49 90 190
9311 48 173 191
9312 46 203 190
9313 4 143 191
9314 82 110 196
9315 81 102 197
9316 79 102 196
9317 78 34 196
9318 76 17 195
9319 75 181 195
9320 73 33 194
9321 72 230 195
9322 70 241 194
9323 69 168 194
9324 67 84 193
9325 66 28 193
9326 64 28 192
9327 63 69 193
9328 60 204 192
9329 61 93 192
9330 62 77 192
9331 59 103 192
9332 58 141 191
9333 1 31 192
9334 56 218 192
9335 57 241 192
9336 54 144 191
9337 2 78 192
9338 54 192 192
9339 52 142 192
9340 51 135 192
9341 3 69 192
9342 50 218 191
9343 49 233 191
9344 47 30 191
9345 83 110 198
9346 82 51 197
9347 80 106 197
9348 79 229 197
9349 77 82 196
9350 76 82 196
9351 74 33 196
9352 73 252 195
9353 71 63 194
9354 70 95 195
9355 68 221 194
9356 67 235 194
9357 65 166 193
9358 64 166 193
9359 0 23 193
9360 60 99 193
9361 62 183 193
9362 61 133 193
9363 59 141 193
9364 1 205 193
9365 58 216 192
9366 56 59 193
9367 55 119 192
9368 2 151 193
9369 55 71 193
9370 53 231 192
9371 52 128 193
9372 3 83 193
9373 51 218 193
9374 50 15 192
9375 85 116 198
9376 83 51 199
9377 81 140 198
9378 80 140 198
9379 78 222 197
9380 77 148 197
9381 75 37 196
9382 74 252 197
9383 72 63 196
9384 71 242 195
9385 69 14 195
9386 68 14 195
9387 66 90 194
9388 65 120 194
9389 63 203 194
9390 0 178 194
9391 64 95 194
9392 60 156 194
9393 61 70 194
9394 1 117 194
9395 59 216 194
9396 58 191 193
9397 56 119 194
9398 57 239 193
9399 2 89 194
9400 54 16 193
9401 53 186 193
9402 3 218 194
9403 52 45 194
9404 84 76 199
9405 85 207 199
9406 82 70 198
9407 81 41 199
9408 79 41 198
9409 78 189 198
9410 76 226 197
9411 75 163 197
9412 73 21 196
9413 72 242 197
9414 70 249 196
9415 69 83 196
9416 67 173 195
9417 66 233 195
9418 0 250 195
9419 63 20 195
9420 64 223 195
9421 62 81 194
9422 60 68 195
9423 1 95 195
9424 61 141 195
9425 59 191 195
9426 57 137 194
9427 58 24 194
9428 2 163 195
9429 55 247 194
9430 54 170 194
9431 3 186 195
9432 86 158 200
9433 84 66 200
9434 83 70 200
9435 82 152 199
9436 80 187 199
9437 79 74 199
9438 77 100 198
9439 76 100 198
9440 74 21 198
9441 73 256 197
9442 71 64 196
9443 70 180 197
9444 68 45 196
9445 67 30 196
9446 65 10 195
9447 0 44 196
9448 65 101 196
9449 63 81 196
9450 62 236 195
9451 1 221 196
9452 60 251 196
9453 61 180 196
9454 56 201 195
9455 2 64 196
9456 58 255 195
9457 57 81 195
9458 55 93 195
9459 87 158 202
9460 86 35 201
9461 85 216 200
9462 83 152 201
9463 81 113 200
9464 80 113 200
9465 78 213 199
9466 77 142 199
9467 75 167 198
9468 74 256 199
9469 72 64 198
9470 71 154 197
9471 69 248 197
9472 68 248 197
9473 66 129 196
9474 0 11 197
9475 66 172 197
9476 64 172 196
9477 63 236 197
9478 1 121 197
9479 62 9 196
9480 60 110 197
9481 59 257 196
9482 2 16 197
9483 59 255 197
9484 56 51 196
9485 89 136 202
9486 87 35 203
9487 84 105 201
9488 85 172 201
9489 82 188 200
9490 81 50 201
9491 79 50 200
9492 78 192 200
9493 76 96 199
9494 75 32 199
9495 73 109 198
9496 72 154 199
9497 70 15 198
9498 69 5 198
9499 67 134 197
9500 0 200 198
9501 67 91 198
9502 65 118 197
9503 64 118 197
9504 1 96 198
9505 63 9 198
9506 62 260 197
9507 61 8 197
9508 2 4 198
9509 60 104 198
9510 88 124 203
9511 89 27 203
9512 86 244 202
9513 84 33 202
9514 83 188 202
9515 82 25 201
9516 80 119 201
9517 79 71 201
9518 77 231 200
9519 76 231 200
9520 74 109 200
9521 73 139 199
9522 71 232 198
9523 70 258 199
9524 68 196 198
9525 0 50 199
9526 68 86 199
9527 66 102 198
9528 65 136 198
9529 1 24 199
9530 64 136 198
9531 63 260 199
9532 61 48 198
9533 62 1 198
9534 90 160 204
9535 88 51 204
9536 87 244 204
9537 86 94 203
9538 85 91 202
9539 83 25 203
9540 81 48 202
9541 80 48 202
9542 78 16 201
9543 77 186 201
9544 75 178 200
9545 74 139 201
9546 72 232 200
9547 71 98 199
9548 69 110 199
9549 0 144 200
9550 69 59 200
9551 67 161 199
9552 66 229 199
9553 1 6 200
9554 65 130 199
9555 64 130 199
9556 2 66 199
9557 91 103 205
9558 90 122 205
9559 89 216 204
9560 87 94 205
9561 84 71 203
9562 85 109 203
9563 82 24 202
9564 81 247 203
9565 79 247 202
9566 78 170 202
9567 76 85 201
9568 75 116 201
9569 73 165 200
9570 72 98 201
9571 70 153 200
9572 71 55 200
9573 0 41 201
9574 68 51 200
9575 67 34 200
9576 1 133 201
9577 66 99 200
9578 65 132 200
9579 92 80 206
9580 91 141 206
9581 88 61 205
9582 89 245 205
9583 86 227 204
9584 84 172 204
9585 83 24 204
9586 82 255 203
9587 80 4 203
9588 79 93 203
9589 77 147 202
9590 76 147 202
9591 74 165 202
9592 73 208 201
9593 70 122 201
9594 0 9 202
9595 71 157 201
9596 69 246 201
9597 68 246 201
9598 1 99 202
9599 67 164 201
9600 93 182 206
9601 92 61 207
9602 90 54 206
9603 88 94 206
9604 87 227 206
9605 86 12 205
9606 85 24 204
9607 83 255 205
9608 81 174 204
9609 80 174 204
9610 78 58 203
9611 77 214 203
9612 75 185 202
9613 74 208 203
9614 72 52 202
9615 73 106 202
9616 0 80 203
9617 70 17 202
9618 69 181 202
9619 71 166 202
9620 94 81 207
9621 93 27 207
9622 91 209 207
9623 90 245 207
9624 89 9 206
9625 87 12 207
9626 84 66 205
9627 85 256 205
9628 82 87 204
9629 81 205 205
9630 79 205 204
9631 78 156 204
9632 76 78 203
9633 75 26 203
9634 72 108 203
9635 0 17 204
9636 73 140 203
9637 1 175 203
9638 70 82 203
9639 95 81 209
9640 94 236 208
9641 92 27 208
9642 91 18 208
9643 88 6 207
9644 89 127 207
9645 86 1 206
9646 84 50 206
9647 83 87 206
9648 82 234 205
9649 80 146 205
9650 79 107 205
9651 77 237 204
9652 76 237 204
9653 74 105 204
9654 75 79 204
9655 0 28 205
9656 72 35 204
9657 96 91 210
9658 95 236 210
9659 93 68 208
9660 92 254 209
9661 90 130 208
9662 88 174 208
9663 87 1 208
9664 86 175 207
9665 85 248 206
9666 83 234 207
9667 81 39 206
9668 80 39 206
9669 78 13 205
9670 77 184 205
9671 74 44 205
9672 76 184 205
9673 75 149 205
9674 97 118 210
9675 96 145 211
9676 94 195 209
9677 93 65 209
9678 91 133 209
9679 90 132 209
9680 89 87 208
9681 87 175 209
9682 84 72 207
9683 85 173 207
9684 82 151 206
9685 81 250 207
9686 79 250 206
9687 78 171 206
9688 0 103 206
9689 77 114 206
9690 98 102 211
9691 97 136 211
9692 95 195 211
9693 94 198 210
9694 92 65 210
9695 91 131 210
9696 88 115 209
9697 89 245 209
9698 86 168 208
9699 84 89 208
9700 83 151 208
9701 82 125 207
9702 80 69 207
9703 79 92 207
9704 0 223 207
9705 99 212 212
9706 98 229 212
9707 96 34 212
9708 95 198 212
9709 93 115 210
9710 92 66 211
9711 90 11 210
9712 88 60 210
9713 87 168 210
9714 86 207 209
9715 85 69 208
9716 83 125 209
9717 81 240 208
9718 80 240 208
9719 100 51 213
9720 99 17 213
9721 97 99 212
9722 96 164 213
9723 94 148 211
9724 93 137 211
9725 91 252 211
9726 90 84 211
9727 89 81 210
9728 87 207 211
9729 84 256 209
9730 85 60 209
9731 82 120 208
9732 101 246 214
9733 100 246 214
9734 98 41 213
9735 97 230 213
9736 95 148 213
9737 94 126 212
9738 92 137 212
9739 91 179 212
9740 88 34 211
9741 89 243 211
9742 86 83 210
9743 84 97 210
9744 102 70 215
9745 101 181 215
9746 99 111 214
9747 98 74 214
9748 96 189 214
9749 95 126 214
9750 93 121 212
9751 92 42 213
9752 90 7 212
9753 88 11 212
9754 87 83 212
9755 103 35 215
9756 102 152 216
9757 100 152 215
9758 99 226 215
9759 97 63 214
9760 96 200 215
9761 94 142 213
9762 93 135 213
9763 91 256 213
9764 90 173 213
9765 104 35 217
9766 103 76 216
9767 101 37 216
9768 100 37 216
9769 98 50 215
9770 97 242 215
9771 95 142 215
9772 94 128 214
9773 92 135 214
9774 105 76 218
9775 104 76 218
9776 102 188 217
9777 101 163 217
9778 99 238 216
9779 98 71 216
9780 96 192 216
9781 95 128 216
9782 106 38 218
9783 105 150 219
9784 103 94 217
9785 102 25 218
9786 100 25 217
9787 99 96 217
9788 97 64 216
9789 107 122 219
9790 106 75 219
9791 104 94 219
9792 103 144 218
9793 101 167 218
9794 100 167 218
9795 108 122 221
9796 107 47 220
9797 105 144 220
9798 104 144 220
9799 102 24 219
9800 109 216 221
9801 108 47 222
9802 106 72 220
9803 105 215 221
9804 110 155 222
9805 109 191 222
9806 107 245 221
9807 111 155 224
9808 110 36 223
9809 112 108 225
9810 7 76 181
9811 8 111 181
9812 9 239 181
9813 10 185 181
9814 11 81 181
9815 12 50 181
9816 13 92 181
9817 14 22 181
9818 15 17 181
9819 16 198 181
9820 17 248 181
9821 18 126 181
9822 19 81 181
9823 20 177 181
9824 21 66 181
9825 22 64 181
9826 23 200 181
9827 26 44 181
9828 7 119 182
9829 8 249 182
9830 9 55 182
9831 10 139 182
9832 11 238 182
9833 12 153 182
9834 13 26 182
9835 14 145 182
9836 15 89 182
9837 16 190 182
9838 17 126 182
9839 18 171 182
9840 19 19 182
9841 20 65 182
9842 21 198 182
9843 22 44 182
9844 23 220 182
9845 24 248 182
9846 25 220 182
9847 26 253 182
9848 29 99 182
9849 7 204 183
9850 25 179 183
9851 26 56 183
9852 28 6 183
9853 29 107 183
9854 6 91 184
9855 7 152 184
9856 28 163 184
9857 29 32 184
9858 31 79 184
9859 33 44 184
9860 6 119 185
9861 7 88 185
9862 31 196 185
9863 32 59 185
9864 33 94 185
9865 8 76 183
9866 9 111 183
9867 10 239 183
9868 11 185 183
9869 12 81 183
9870 13 50 183
9871 14 92 183
9872 15 22 183
9873 16 17 183
9874 17 198 183
9875 18 248 183
9876 19 126 183
9877 20 81 183
9878 21 177 183
9879 22 66 183
9880 23 64 183
9881 24 200 183
9882 27 44 183
9883 8 119 184
9884 9 249 184
9885 10 55 184
9886 11 139 184
9887 12 238 184
9888 13 153 184
9889 14 26 184
9890 15 145 184
9891 16 89 184
9892 17 190 184
9893 18 126 184
9894 19 171 184
9895 20 19 184
9896 21 65 184
9897 22 198 184
9898 23 44 184
9899 24 220 184
9900 25 248 184
9901 26 220 184
9902 27 253 184
9903 30 99 184
9904 8 204 185
9905 26 179 185
9906 27 56 185
9907 29 6 185
9908 30 107 185
9909 34 69 185
9910 6 11 186
9911 7 235 186
9912 8 112 186
9913 29 232 186
9914 30 248 186
9915 32 222 186
9916 33 194 186
9917 34 54 186
9918 36 253 186
9919 9 76 185
9920 10 111 185
9921 11 239 185
9922 12 185 185
9923 13 81 185
9924 14 50 185
9925 15 92 185
9926 16 22 185
9927 17 17 185
9928 18 198 185
9929 19 248 185
9930 20 126 185
9931 21 81 185
9932 22 177 185
9933 23 66 185
9934 24 64 185
9935 25 200 185
9936 28 44 185
9937 9 119 186
9938 10 249 186
9939 11 55 186
9940 12 139 186
9941 13 238 186
9942 14 153 186
9943 15 26 186
9944 16 145 186
9945 17 89 186
9946 18 190 186
9947 19 126 186
9948 20 171 186
9949 21 19 186
9950 22 65 186
9951 23 198 186
9952 24 44 186
9953 25 220 186
9954 26 248 186
9955 27 220 186
9956 28 253 186
9957 31 99 186
9958 37 225 186
9959 6 190 187
9960 7 167 187
9961 8 142 187
9962 9 229 187
9963 27 233 187
9964 28 177 187
9965 30 232 187
9966 31 83 187
9967 32 31 187
9968 33 84 187
9969 34 200 187
9970 35 206 187
9971 36 28 187
9972 10 76 187
9973 11 111 187
9974 12 239 187
9975 13 185 187
9976 14 81 187
9977 15 50 187
9978 16 92 187
9979 17 22 187
9980 18 17 187
9981 19 198 187
9982 20 248 187
9983 21 126 187
9984 22 81 187
9985 23 177 187
9986 24 66 187
9987 25 64 187
9988 26 200 187
9989 29 44 187
9990 37 143 187
9991 38 137 187
9992 5 249 188
9993 6 90 188
9994 7 220 188
9995 8 208 188
9996 9 164 188
9997 10 171 188
9998 11 153 188
9999 12 51 188
10000 13 84 188
10001 14 185 188
10002 15 165 188
10003 16 46 188
10004 17 17 188
10005 18 65 188
10006 19 138 188
10007 20 242 188
10008 21 163 188
10009 22 58 188
10010 23 16 188
10011 24 9 188
10012 25 146 188
10013 26 220 188
10014 27 170 188
10015 28 76 188
10016 29 254 188
10017 30 60 188
10018 31 214 188
10019 32 243 188
10020 33 7 188
10021 34 248 188
10022 35 218 188
10023 36 203 188
10024 37 230 188
10025 38 261 188
10026 39 246 188
10027 40 28 188
10028 41 218 188
10029 5 90 189
10030 6 193 189
10031 7 9 189
10032 8 99 189
10033 9 33 189
10034 10 188 189
10035 11 162 189
10036 12 207 189
10037 13 92 189
10038 14 203 189
10039 15 59 189
10040 16 138 189
10041 17 59 189
10042 18 72 189
10043 19 226 189
10044 20 12 189
10045 21 35 189
10046 22 143 189
10047 23 249 189
10048 24 251 189
10049 25 132 189
10050 26 90 189
10051 27 203 189
10052 28 97 189
10053 29 214 189
10054 30 209 189
10055 31 223 189
10056 32 187 189
10057 33 252 189
10058 34 65 189
10059 35 262 189
10060 36 56 189
10061 37 31 189
10062 38 229 189
10063 39 92 189
10064 40 13 189
10065 41 4 189
10066 43 62 189
10067 5 34 190
10068 6 122 190
10069 7 192 190
10070 8 79 190
10071 9 148 190
10072 10 83 190
10073 11 53 190
10074 12 112 190
10075 13 41 190
10076 14 71 190
10077 15 204 190
10078 16 193 190
10079 17 128 190
10080 18 140 190
10081 19 200 190
10082 20 84 190
10083 21 227 190
10084 22 216 190
10085 23 169 190
10086 24 244 190
10087 25 222 190
10088 26 48 190
10089 27 198 190
10090 28 140 190
10091 29 189 190
10092 30 22 190
10093 31 240 190
10094 32 122 190
10095 33 193 190
10096 34 150 190
10097 35 149 190
10098 36 257 190
10099 37 129 190
10100 38 211 190
10101 39 70 190
10102 40 217 190
10103 41 46 190
10104 42 219 190
10105 43 68 190
10106 44 39 190
10107 5 156 191
10108 6 74 191
10109 7 188 191
10110 8 14 191
10111 9 19 191
10112 10 160 191
10113 11 191 191
10114 12 3 191
10115 13 71 191
10116 14 151 191
10117 15 86 191
10118 16 156 191
10119 17 156 191
10120 18 76 191
10121 19 89 191
10122 20 225 191
10123 21 159 191
10124 22 215 191
10125 23 118 191
10126 24 103 191
10127 25 31 191
10128 26 17 191
10129 27 210 191
10130 28 78 191
10131 29 117 191
10132 30 8 191
10133 31 125 191
10134 32 80 191
10135 33 262 191
10136 34 177 191
10137 35 39 191
10138 36 104 191
10139 37 222 191
10140 38 257 191
10141 39 124 191
10142 40 129 191
10143 41 180 191
10144 42 124 191
10145 43 171 191
10146 44 34 191
10147 45 13 191
10148 46 62 191
10149 4 132 192
10150 5 232 192
10151 6 84 192
10152 7 178 192
10153 8 103 192
10154 9 99 192
10155 10 38 192
10156 11 217 192
10157 12 143 192
10158 13 72 192
10159 14 138 192
10160 15 71 192
10161 16 17 192
10162 17 16 192
10163 18 188 192
10164 19 170 192
10165 20 9 192
10166 21 212 192
10167 22 59 192
10168 23 68 192
10169 24 21 192
10170 25 262 192
10171 26 225 192
10172 27 259 192
10173 28 143 192
10174 29 138 192
10175 30 210 192
10176 31 124 192
10177 32 217 192
10178 33 176 192
10179 34 258 192
10180 35 46 192
10181 36 238 192
10182 37 249 192
10183 38 190 192
10184 39 93 192
10185 40 147 192
10186 41 189 192
10187 42 144 192
10188 43 172 192
10189 44 243 192
10190 45 60 192
10191 46 189 192
10192 47 152 192
10193 48 251 192
10194 49 87 192
10195 4 210 193
10196 5 228 193
10197 6 114 193
10198 7 99 193
10199 8 207 193
10200 9 114 193
10201 10 27 193
10202 11 46 193
10203 12 219 193
10204 13 189 193
10205 14 150 193
10206 15 192 193
10207 16 237 193
10208 17 132 193
10209 18 246 193
10210 19 62 193
10211 20 17 193
10212 21 87 193
10213 22 159 193
10214 23 199 193
10215 24 125 193
10216 25 183 193
10217 26 39 193
10218 27 234 193
10219 28 41 193
10220 29 192 193
10221 30 145 193
10222 31 198 193
10223 32 149 193
10224 33 131 193
10225 34 66 193
10226 35 16 193
10227 36 180 193
10228 37 201 193
10229 38 213 193
10230 39 97 193
10231 40 170 193
10232 41 171 193
10233 42 49 193
10234 43 60 193
10235 44 183 193
10236 45 72 193
10237 46 149 193
10238 47 2 193
10239 48 176 193
10240 49 211 193
10241 50 93 193
10242 4 167 194
10243 5 228 194
10244 7 234 194
10245 6 65 194
10246 8 123 194
10247 9 157 194
10248 10 59 194
10249 11 92 194
10250 12 109 194
10251 13 49 194
10252 14 132 194
10253 15 117 194
10254 16 144 194
10255 17 180 194
10256 18 191 194
10257 19 20 194
10258 20 82 194
10259 21 188 194
10260 22 115 194
10261 23 177 194
10262 24 75 194
10263 25 60 194
10264 26 145 194
10265 27 211 194
10266 28 159 194
10267 29 112 194
10268 30 210 194
10269 31 171 194
10270 32 36 194
10271 33 183 194
10272 34 15 194
10273 35 157 194
10274 36 250 194
10275 37 147 194
10276 38 93 194
10277 39 173 194
10278 40 228 194
10279 41 67 194
10280 42 6 194
10281 43 66 194
10282 44 133 194
10283 45 41 194
10284 46 171 194
10285 47 27 194
10286 48 153 194
10287 49 119 194
10288 50 15 194
10289 51 53 194
10290 53 183 194
10291 4 256 195
10292 5 162 195
10293 6 239 195
10294 7 200 195
10295 8 220 195
10296 9 58 195
10297 10 211 195
10298 11 121 195
10299 12 120 195
10300 13 67 195
10301 14 154 195
10302 15 221 195
10303 16 77 195
10304 17 250 195
10305 18 38 195
10306 19 240 195
10307 20 163 195
10308 21 23 195
10309 22 145 195
10310 23 193 195
10311 24 71 195
10312 25 130 195
10313 26 210 195
10314 27 245 195
10315 28 188 195
10316 29 153 195
10317 30 11 195
10318 31 248 195
10319 32 176 195
10320 33 19 195
10321 34 89 195
10322 35 207 195
10323 36 243 195
10324 37 260 195
10325 38 31 195
10326 39 232 195
10327 40 19 195
10328 41 13 195
10329 42 70 195
10330 43 176 195
10331 44 19 195
10332 45 93 195
10333 46 225 195
10334 47 44 195
10335 48 258 195
10336 49 211 195
10337 50 116 195
10338 51 23 195
10339 52 35 195
10340 53 21 195
10341 54 176 195
10342 3 199 196
10343 4 249 196
10344 5 74 196
10345 6 116 196
10346 7 75 196
10347 8 66 196
10348 9 92 196
10349 10 53 196
10350 11 183 196
10351 12 249 196
10352 13 261 196
10353 14 201 196
10354 15 171 196
10355 16 21 196
10356 17 33 196
10357 18 154 196
10358 19 204 196
10359 20 35 196
10360 21 101 196
10361 22 124 196
10362 23 178 196
10363 24 59 196
10364 25 57 196
10365 26 145 196
10366 27 50 196
10367 28 75 196
10368 29 158 196
10369 30 83 196
10370 31 165 196
10371 32 84 196
10372 33 177 196
10373 34 25 196
10374 35 145 196
10375 36 127 196
10376 37 221 196
10377 38 120 196
10378 39 42 196
10379 40 182 196
10380 41 42 196
10381 42 74 196
10382 43 57 196
10383 44 131 196
10384 45 104 196
10385 46 240 196
10386 47 228 196
10387 48 196 196
10388 49 136 196
10389 50 106 196
10390 51 145 196
10391 52 77 196
10392 53 34 196
10393 54 129 196
10394 55 139 196
10395 57 233 196
10396 58 134 196
10397 3 261 197
10398 4 162 197
10399 5 43 197
10400 6 170 197
10401 7 116 197
10402 8 259 197
10403 9 251 197
10404 10 153 197
10405 11 87 197
10406 12 97 197
10407 13 252 197
10408 14 157 197
10409 15 120 197
10410 16 164 197
10411 17 134 197
10412 18 181 197
10413 19 82 197
10414 20 213 197
10415 21 175 197
10416 22 247 197
10417 23 24 197
10418 24 40 197
10419 25 18 197
10420 26 228 197
10421 27 194 197
10422 28 43 197
10423 29 227 197
10424 30 212 197
10425 31 175 197
10426 32 19 197
10427 33 130 197
10428 34 74 197
10429 35 37 197
10430 36 98 197
10431 37 216 197
10432 38 14 197
10433 39 210 197
10434 40 101 197
10435 41 82 197
10436 42 93 197
10437 43 19 197
10438 44 147 197
10439 45 235 197
10440 46 150 197
10441 47 74 197
10442 48 156 197
10443 49 201 197
10444 50 30 197
10445 51 211 197
10446 52 130 197
10447 53 113 197
10448 54 183 197
10449 55 177 197
10450 56 214 197
10451 57 253 197
10452 58 246 197
10453 3 51 198
10454 4 255 198
10455 5 146 198
10456 6 1 198
10457 7 222 198
10458 8 96 198
10459 9 223 198
10460 10 259 198
10461 11 108 198
10462 12 172 198
10463 13 193 198
10464 14 255 198
10465 15 176 198
10466 16 191 198
10467 17 121 198
10468 18 89 198
10469 19 112 198
10470 20 192 198
10471 21 23 198
10472 22 261 198
10473 23 146 198
10474 24 76 198
10475 25 95 198
10476 26 65 198
10477 27 222 198
10478 28 61 198
10479 29 130 198
10480 30 245 198
10481 31 199 198
10482 32 152 198
10483 33 25 198
10484 34 89 198
10485 35 251 198
10486 36 140 198
10487 37 17 198
10488 38 185 198
10489 39 124 198
10490 40 58 198
10491 41 87 198
10492 42 14 198
10493 43 76 198
10494 44 39 198
10495 45 165 198
10496 46 43 198
10497 47 138 198
10498 48 261 198
10499 49 254 198
10500 50 84 198
10501 51 240 198
10502 52 180 198
10503 53 3 198
10504 54 148 198
10505 55 97 198
10506 56 86 198
10507 57 168 198
10508 58 202 198
10509 59 27 198
10510 3 48 199
10511 4 164 199
10512 5 117 199
10513 6 204 199
10514 7 83 199
10515 8 262 199
10516 9 107 199
10517 10 181 199
10518 11 251 199
10519 12 159 199
10520 13 165 199
10521 14 214 199
10522 15 120 199
10523 16 13 199
10524 17 202 199
10525 18 141 199
10526 19 114 199
10527 20 18 199
10528 21 246 199
10529 22 253 199
10530 23 231 199
10531 24 123 199
10532 25 147 199
10533 26 250 199
10534 27 242 199
10535 28 239 199
10536 29 61 199
10537 30 84 199
10538 31 164 199
10539 32 166 199
10540 33 118 199
10541 34 157 199
10542 35 15 199
10543 36 13 199
10544 37 39 199
10545 38 67 199
10546 39 261 199
10547 40 72 199
10548 41 162 199
10549 42 79 199
10550 43 51 199
10551 44 118 199
10552 45 79 199
10553 46 110 199
10554 47 104 199
10555 48 155 199
10556 49 33 199
10557 50 163 199
10558 51 187 199
10559 52 126 199
10560 53 12 199
10561 54 70 199
10562 55 189 199
10563 56 6 199
10564 57 10 199
10565 58 19 199
10566 59 17 199
10567 60 261 199
10568 61 250 199
10569 62 255 199
10570 2 259 200
10571 3 67 200
10572 4 231 200
10573 5 44 200
10574 6 175 200
10575 7 11 200
10576 8 242 200
10577 9 228 200
10578 10 235 200
10579 11 93 200
10580 12 102 200
10581 13 229 200
10582 14 231 200
10583 15 224 200
10584 16 199 200
10585 17 122 200
10586 18 261 200
10587 19 165 200
10588 20 168 200
10589 21 261 200
10590 22 87 200
10591 23 65 200
10592 24 204 200
10593 25 74 200
10594 26 189 200
10595 27 107 200
10596 28 152 200
10597 29 30 200
10598 30 221 200
10599 31 261 200
10600 32 118 200
10601 33 235 200
10602 34 179 200
10603 35 25 200
10604 36 217 200
10605 37 68 200
10606 38 72 200
10607 39 24 200
10608 40 191 200
10609 41 227 200
10610 42 127 200
10611 43 195 200
10612 44 62 200
10613 45 123 200
10614 46 130 200
10615 47 166 200
10616 48 216 200
10617 49 160 200
10618 50 231 200
10619 51 125 200
10620 52 222 200
10621 53 31 200
10622 54 27 200
10623 55 146 200
10624 56 245 200
10625 57 115 200
10626 58 80 200
10627 59 29 200
10628 60 40 200
10629 61 42 200
10630 62 37 200
10631 63 134 200
10632 64 49 200
10633 2 36 201
10634 3 61 201
10635 4 112 201
10636 5 240 201
10637 6 168 201
10638 7 62 201
10639 8 239 201
10640 9 137 201
10641 10 51 201
10642 11 164 201
10643 12 195 201
10644 13 257 201
10645 14 196 201
10646 15 89 201
10647 16 218 201
10648 17 52 201
10649 18 38 201
10650 19 203 201
10651 20 123 201
10652 21 131 201
10653 22 259 201
10654 23 243 201
10655 24 129 201
10656 25 114 201
10657 26 122 201
10658 27 74 201
10659 28 96 201
10660 29 90 201
10661 30 55 201
10662 31 183 201
10663 32 151 201
10664 33 50 201
10665 34 135 201
10666 35 54 201
10667 36 100 201
10668 37 136 201
10669 38 194 201
10670 39 114 201
10671 40 170 201
10672 41 94 201
10673 42 125 201
10674 43 259 201
10675 44 199 201
10676 45 128 201
10677 46 228 201
10678 47 117 201
10679 48 131 201
10680 49 148 201
10681 50 202 201
10682 51 3 201
10683 52 140 201
10684 53 211 201
10685 54 146 201
10686 55 8 201
10687 56 150 201
10688 57 140 201
10689 58 130 201
10690 59 211 201
10691 60 110 201
10692 61 177 201
10693 62 87 201
10694 63 87 201
10695 64 100 201
10696 65 208 201
10697 66 173 201
10698 2 20 202
10699 3 252 202
10700 4 142 202
10701 5 47 202
10702 6 161 202
10703 7 118 202
10704 8 28 202
10705 9 91 202
10706 10 34 202
10707 11 226 202
10708 12 243 202
10709 13 136 202
10710 14 107 202
10711 15 17 202
10712 16 238 202
10713 17 68 202
10714 18 151 202
10715 19 119 202
10716 20 237 202
10717 21 190 202
10718 22 70 202
10719 23 33 202
10720 24 206 202
10721 25 64 202
10722 26 247 202
10723 27 58 202
10724 28 10 202
10725 29 36 202
10726 30 25 202
10727 31 108 202
10728 32 181 202
10729 33 146 202
10730 34 171 202
10731 35 174 202
10732 36 128 202
10733 37 128 202
10734 38 244 202
10735 39 28 202
10736 40 129 202
10737 41 166 202
10738 42 68 202
10739 43 218 202
10740 44 193 202
10741 45 217 202
10742 46 80 202
10743 47 117 202
10744 48 200 202
10745 49 190 202
10746 50 101 202
10747 51 118 202
10748 52 211 202
10749 53 21 202
10750 54 64 202
10751 55 139 202
10752 56 155 202
10753 57 163 202
10754 58 89 202
10755 59 171 202
10756 60 132 202
10757 61 163 202
10758 62 251 202
10759 63 73 202
10760 64 199 202
10761 66 139 202
10762 65 33 202
10763 67 218 202
10764 68 6 202
10765 2 130 203
10766 3 234 203
10767 4 5 203
10768 5 245 203
10769 6 227 203
10770 7 187 203
10771 8 216 203
10772 9 11 203
10773 10 256 203
10774 11 20 203
10775 12 62 203
10776 13 241 203
10777 14 192 203
10778 15 91 203
10779 16 137 203
10780 17 244 203
10781 18 10 203
10782 19 43 203
10783 20 261 203
10784 21 11 203
10785 22 123 203
10786 23 97 203
10787 24 30 203
10788 25 26 203
10789 26 194 203
10790 27 85 203
10791 28 169 203
10792 29 73 203
10793 30 166 203
10794 31 195 203
10795 32 41 203
10796 33 3 203
10797 34 100 203
10798 35 254 203
10799 36 73 203
10800 37 73 203
10801 38 192 203
10802 39 133 203
10803 40 240 203
10804 41 182 203
10805 42 122 203
10806 43 240 203
10807 44 156 203
10808 45 182 203
10809 46 5 203
10810 47 33 203
10811 48 52 203
10812 49 260 203
10813 50 147 203
10814 51 199 203
10815 52 173 203
10816 53 112 203
10817 54 79 203
10818 55 87 203
10819 56 130 203
10820 57 122 203
10821 58 91 203
10822 59 200 203
10823 60 181 203
10824 61 177 203
10825 62 150 203
10826 63 111 203
10827 64 163 203
10828 65 108 203
10829 66 108 203
10830 67 53 203
10831 68 179 203
10832 69 128 203
10833 71 228 203
10834 1 121 204
10835 2 8 204
10836 3 243 204
10837 4 9 204
10838 5 261 204
10839 6 201 204
10840 7 116 204
10841 8 78 204
10842 9 208 204
10843 10 227 204
10844 11 89 204
10845 12 53 204
10846 13 255 204
10847 14 49 204
10848 15 229 204
10849 16 212 204
10850 17 88 204
10851 18 65 204
10852 19 206 204
10853 20 180 204
10854 21 188 204
10855 22 94 204
10856 23 123 204
10857 24 30 204
10858 25 149 204
10859 26 245 204
10860 27 177 204
10861 28 176 204
10862 29 91 204
10863 30 81 204
10864 31 249 204
10865 32 4 204
10866 33 85 204
10867 34 117 204
10868 35 215 204
10869 36 184 204
10870 37 160 204
10871 38 214 204
10872 39 138 204
10873 40 233 204
10874 41 76 204
10875 42 167 204
10876 43 141 204
10877 44 131 204
10878 45 144 204
10879 46 130 204
10880 47 93 204
10881 49 91 204
10882 48 4 204
10883 50 237 204
10884 51 87 204
10885 52 58 204
10886 53 171 204
10887 54 154 204
10888 55 237 204
10889 56 3 204
10890 57 27 204
10891 58 42 204
10892 59 28 204
10893 60 85 204
10894 61 232 204
10895 62 141 204
10896 63 84 204
10897 64 232 204
10898 65 112 204
10899 66 257 204
10900 67 233 204
10901 68 174 204
10902 69 232 204
10903 70 109 204
10904 71 257 204
10905 73 152 204
10906 1 129 205
10907 2 2 205
10908 3 123 205
10909 4 240 205
10910 5 28 205
10911 6 106 205
10912 7 253 205
10913 8 217 205
10914 9 158 205
10915 10 90 205
10916 11 123 205
10917 12 26 205
10918 13 40 205
10919 14 147 205
10920 15 105 205
10921 16 195 205
10922 18 223 205
10923 17 216 205
10924 19 217 205
10925 20 156 205
10926 21 212 205
10927 22 167 205
10928 23 199 205
10929 24 261 205
10930 25 8 205
10931 26 109 205
10932 27 1 205
10933 28 100 205
10934 29 221 205
10935 30 227 205
10936 31 182 205
10937 32 27 205
10938 33 252 205
10939 34 41 205
10940 35 135 205
10941 36 124 205
10942 37 186 205
10943 38 132 205
10944 39 17 205
10945 40 228 205
10946 41 189 205
10947 42 109 205
10948 43 187 205
10949 44 118 205
10950 45 95 205
10951 46 251 205
10952 47 46 205
10953 48 76 205
10954 49 158 205
10955 50 94 205
10956 51 140 205
10957 52 254 205
10958 53 235 205
10959 54 111 205
10960 55 159 205
10961 56 27 205
10962 57 32 205
10963 58 105 205
10964 59 10 205
10965 60 140 205
10966 61 28 205
10967 62 140 205
10968 63 202 205
10969 64 258 205
10970 65 68 205
10971 66 94 205
10972 67 174 205
10973 68 91 205
10974 69 209 205
10975 70 162 205
10976 71 56 205
10977 72 25 205
10978 73 111 205
10979 1 89 206
10980 2 120 206
10981 3 177 206
10982 4 262 206
10983 5 262 206
10984 6 136 206
10985 7 183 206
10986 8 249 206
10987 9 132 206
10988 10 262 206
10989 11 214 206
10990 12 29 206
10991 13 88 206
10992 14 244 206
10993 15 14 206
10994 16 262 206
10995 17 162 206
10996 18 6 206
10997 19 82 206
10998 20 196 206
10999 21 107 206
11000 22 122 206
11001 23 240 206
11002 24 250 206
11003 25 242 206
11004 26 39 206
11005 27 224 206
11006 28 191 206
11007 29 34 206
11008 30 221 206
11009 31 123 206
11010 32 69 206
11011 33 98 206
11012 34 22 206
11013 35 189 206
11014 36 216 206
11015 37 153 206
11016 38 154 206
11017 39 216 206
11018 40 205 206
11019 41 201 206
11020 42 63 206
11021 43 193 206
11022 44 159 206
11023 45 71 206
11024 46 222 206
11025 47 168 206
11026 48 72 206
11027 49 254 206
11028 50 6 206
11029 51 66 206
11030 52 138 206
11031 53 5 206
11032 54 162 206
11033 55 128 206
11034 56 195 206
11035 57 248 206
11036 58 35 206
11037 59 120 206
11038 60 93 206
11039 61 127 206
11040 62 225 206
11041 63 172 206
11042 64 232 206
11043 65 145 206
11044 66 49 206
11045 67 62 206
11046 68 252 206
11047 69 119 206
11048 70 2 206
11049 71 34 206
11050 72 111 206
11051 73 206 206
11052 74 133 206
11053 75 143 206
11054 76 8 206
11055 1 101 207
11056 2 168 207
11057 3 186 207
11058 4 68 207
11059 5 157 207
11060 6 60 207
11061 7 262 207
11062 8 59 207
11063 9 61 207
11064 10 45 207
11065 11 262 207
11066 12 156 207
11067 13 218 207
11068 14 49 207
11069 15 162 207
11070 16 37 207
11071 17 177 207
11072 18 146 207
11073 19 49 207
11074 20 142 207
11075 21 167 207
11076 22 65 207
11077 23 242 207
11078 24 14 207
11079 26 237 207
11080 25 148 207
11081 27 17 207
11082 28 184 207
11083 29 162 207
11084 30 120 207
11085 31 14 207
11086 32 4 207
11087 33 95 207
11088 34 80 207
11089 35 119 207
11090 36 13 207
11091 37 183 207
11092 38 127 207
11093 39 123 207
11094 40 47 207
11095 41 244 207
11096 42 1 207
11097 43 28 207
11098 44 23 207
11099 45 250 207
11100 46 171 207
11101 47 199 207
11102 48 167 207
11103 49 215 207
11104 50 156 207
11105 51 206 207
11106 52 189 207
11107 53 35 207
11108 54 11 207
11109 55 121 207
11110 56 228 207
11111 57 225 207
11112 59 186 207
11113 58 77 207
11114 60 162 207
11115 61 143 207
11116 62 183 207
11117 63 71 207
11118 64 206 207
11119 65 203 207
11120 66 250 207
11121 67 45 207
11122 68 131 207
11123 69 119 207
11124 70 104 207
11125 71 113 207
11126 72 141 207
11127 73 260 207
11128 74 40 207
11129 75 206 207
11130 76 13 207
11131 77 199 207
11132 78 248 207
11133 0 78 208
11134 1 3 208
11135 2 181 208
11136 3 57 208
11137 4 170 208
11138 5 191 208
11139 6 238 208
11140 7 88 208
11141 8 7 208
11142 9 8 208
11143 11 181 208
11144 10 47 208
11145 12 86 208
11146 13 96 208
11147 14 201 208
11148 15 197 208
11149 16 12 208
11150 17 76 208
11151 18 231 208
11152 19 213 208
11153 20 181 208
11154 21 49 208
11155 22 97 208
11156 23 80 208
11157 24 143 208
11158 25 127 208
11159 26 24 208
11160 27 82 208
11161 28 164 208
11162 29 96 208
11163 30 156 208
11164 31 249 208
11165 32 31 208
11166 33 205 208
11167 34 130 208
11168 35 23 208
11169 36 58 208
11170 37 240 208
11171 38 175 208
11172 39 155 208
11173 40 237 208
11174 41 62 208
11175 42 85 208
11176 43 148 208
11177 44 201 208
11178 45 54 208
11179 46 102 208
11180 47 110 208
11181 48 166 208
11182 49 213 208
11183 50 195 208
11184 51 252 208
11185 52 99 208
11186 53 47 208
11187 54 222 208
11188 55 161 208
11189 56 147 208
11190 57 82 208
11191 58 170 208
11192 59 130 208
11193 60 76 208
11194 61 77 208
11195 62 202 208
11196 63 164 208
11197 64 11 208
11198 65 169 208
11199 66 85 208
11200 67 39 208
11201 68 41 208
11202 69 92 208
11203 70 24 208
11204 71 126 208
11205 72 110 208
11206 73 17 208
11207 74 214 208
11208 75 118 208
11209 76 17 208
11210 77 142 208
11211 78 213 208
11212 79 112 208
11213 0 260 209
11214 1 216 209
11215 2 234 209
11216 3 69 209
11217 4 46 209
11218 5 221 209
11219 6 129 209
11220 7 61 209
11221 8 90 209
11222 9 12 209
11223 10 118 209
11224 11 253 209
11225 12 178 209
11226 13 241 209
11227 14 130 209
11228 15 32 209
11229 16 245 209
11230 17 173 209
11231 18 66 209
11232 19 54 209
11233 20 83 209
11234 21 76 209
11235 22 107 209
11236 23 252 209
11237 24 72 209
11238 25 80 209
11239 26 126 209
11240 27 8 209
11241 28 142 209
11242 29 39 209
11243 30 260 209
11244 31 73 209
11245 32 154 209
11246 33 245 209
11247 34 133 209
11248 35 96 209
11249 36 47 209
11250 37 259 209
11251 38 227 209
11252 39 160 209
11253 40 166 209
11254 41 129 209
11255 42 257 209
11256 43 72 209
11257 44 155 209
11258 45 21 209
11259 46 49 209
11260 47 182 209
11261 48 244 209
11262 49 136 209
11263 50 101 209
11264 51 223 209
11265 52 80 209
11266 53 22 209
11267 54 12 209
11268 55 37 209
11269 56 90 209
11270 57 235 209
11271 58 132 209
11272 59 140 209
11273 60 108 209
11274 61 137 209
11275 62 13 209
11276 63 62 209
11277 64 144 209
11278 65 73 209
11279 66 100 209
11280 67 6 209
11281 68 2 209
11282 69 123 209
11283 70 51 209
11284 71 182 209
11285 72 178 209
11286 73 124 209
11287 74 103 209
11288 75 258 209
11289 76 23 209
11290 77 153 209
11291 78 47 209
11292 79 170 209
11293 80 233 209
11294 81 38 209
11295 82 112 209
11296 0 228 210
11297 1 240 210
11298 2 161 210
11299 3 59 210
11300 4 223 210
11301 5 92 210
11302 6 208 210
11303 7 80 210
11304 8 144 210
11305 9 37 210
11306 10 72 210
11307 11 86 210
11308 12 63 210
11309 13 11 210
11310 14 137 210
11311 15 191 210
11312 16 60 210
11313 17 127 210
11314 18 147 210
11315 19 106 210
11316 20 7 210
11317 21 172 210
11318 22 158 210
11319 23 99 210
11320 24 205 210
11321 25 11 210
11322 26 195 210
11323 27 233 210
11324 28 184 210
11325 29 247 210
11326 30 35 210
11327 31 219 210
11328 32 40 210
11329 0 239 211
11330 33 29 210
11331 34 76 210
11332 35 65 210
11333 36 93 210
11334 37 73 210
11335 0 251 212
11336 38 205 210
11337 39 204 210
11338 40 102 210
11339 41 184 210
11340 0 257 213
11341 42 133 210
11342 43 156 210
11343 44 91 210
11344 0 260 214
11345 1 75 211
11346 2 37 211
11347 0 130 215
11348 1 115 212
11349 0 65 216
11350 45 176 210
11351 46 104 210
11352 47 111 210
11353 48 59 210
11354 49 147 210
11355 50 226 210
11356 51 160 210
11357 52 260 210
11358 53 173 210
11359 54 81 210
11360 55 235 210
11361 56 114 210
11362 57 198 210
11363 58 119 210
11364 59 95 210
11365 60 132 210
11366 61 105 210
11367 62 256 210
11368 63 69 210
11369 64 140 210
11370 65 123 210
11371 66 97 210
11372 67 152 210
11373 68 50 210
11374 69 4 210
11375 70 255 210
11376 71 58 210
11377 72 73 210
11378 73 240 210
11379 74 72 210
11380 75 187 210
11381 76 179 210
11382 77 131 210
11383 78 105 210
11384 79 191 210
11385 80 183 210
11386 81 260 210
11387 82 95 210
11388 83 70 210
11389 85 13 210
11390 3 26 211
11391 4 7 211
11392 5 117 211
11393 6 102 211
11394 7 102 211
11395 8 139 211
11396 9 105 211
11397 10 78 211
11398 11 100 211
11399 12 223 211
11400 13 119 211
11401 2 28 212
11402 3 74 212
11403 1 6 213
11404 2 221 213
11405 3 68 213
11406 1 174 214
11407 2 235 214
11408 14 93 211
11409 15 163 211
11410 16 91 211
11411 17 24 211
11412 18 244 211
11413 19 88 211
11414 20 101 211
11415 21 14 211
11416 22 94 211
11417 23 217 211
11418 24 169 211
11419 25 256 211
11420 26 48 211
11421 27 131 211
11422 28 85 211
11423 29 33 211
11424 30 147 211
11425 31 97 211
11426 32 109 211
11427 33 30 211
11428 34 246 211
11429 35 149 211
11430 36 20 211
11431 38 81 211
11432 37 47 211
11433 39 82 211
11434 40 5 211
11435 41 251 211
11436 42 115 211
11437 43 176 211
11438 44 186 211
11439 45 131 211
11440 46 58 211
11441 47 201 211
11442 48 37 211
11443 49 202 211
11444 50 110 211
11445 51 249 211
11446 52 99 211
11447 53 18 211
11448 54 15 211
11449 55 70 211
11450 56 175 211
11451 57 197 211
11452 58 210 211
11453 59 137 211
11454 60 62 211
11455 61 112 211
11456 62 229 211
11457 4 103 212
11458 5 223 212
11459 6 233 212
11460 7 255 212
11461 4 232 213
11462 5 256 213
11463 6 108 213
11464 3 178 214
11465 63 185 211
11466 64 78 211
11467 65 26 211
11468 66 22 211
11469 67 150 211
11470 68 118 211
11471 69 18 211
11472 70 98 211
11473 71 102 211
11474 72 87 211
11475 73 86 211
11476 74 242 211
11477 75 2 211
11478 76 113 211
11479 77 138 211
11480 78 141 211
11481 79 59 211
11482 80 261 211
11483 81 122 211
11484 82 217 211
11485 83 123 211
11486 84 190 211
11487 85 33 211
11488 86 209 211
11489 8 108 212
11490 9 185 212
11491 10 5 212
11492 11 30 212
11493 12 234 212
11494 13 18 212
11495 14 45 212
11496 15 242 212
11497 16 49 212
11498 17 80 212
11499 18 56 212
11500 19 136 212
11501 20 228 212
11502 21 83 212
11503 22 153 212
11504 23 110 212
11505 24 207 212
11506 25 163 212
11507 26 54 212
11508 27 56 212
11509 28 118 212
11510 29 61 212
11511 30 220 212
11512 31 5 212
11513 32 124 212
11514 33 40 212
11515 34 88 212
11516 35 155 212
11517 36 170 212
11518 7 232 213
11519 8 7 213
11520 4 109 214
11521 37 20 212
11522 38 246 212
11523 39 2 212
11524 40 96 212
11525 41 97 212
11526 42 91 212
11527 43 241 212
11528 44 146 212
11529 45 257 212
11530 46 161 212
11531 47 112 212
11532 48 217 212
11533 49 85 212
11534 50 153 212
11535 51 46 212
11536 52 118 212
11537 53 17 212
11538 54 121 212
11539 55 223 212
11540 56 216 212
11541 57 92 212
11542 58 177 212
11543 59 80 212
11544 60 208 212
11545 61 202 212
11546 62 201 212
11547 63 57 212
11548 64 60 212
11549 65 220 212
11550 66 122 212
11551 67 60 212
11552 68 197 212
11553 69 146 212
11554 70 239 212
11555 71 38 212
11556 72 211 212
11557 73 224 212
11558 74 241 212
11559 75 216 212
11560 76 83 212
11561 77 184 212
11562 78 196 212
11563 79 178 212
11564 80 129 212
11565 81 172 212
11566 82 75 212
11567 83 164 212
11568 84 256 212
11569 85 172 212
11570 86 72 212
11571 89 54 212
11572 9 91 213
11573 10 253 213
11574 11 70 213
11575 12 170 213
11576 13 151 213
11577 14 155 213
11578 15 102 213
11579 16 2 213
11580 17 184 213
11581 18 79 213
11582 19 35 213
11583 20 50 213
11584 21 251 213
11585 22 215 213
11586 23 101 213
11587 24 250 213
11588 25 36 213
11589 26 206 213
11590 27 105 213
11591 28 246 213
11592 29 141 213
11593 30 135 213
11594 31 235 213
11595 32 218 213
11596 33 78 213
11597 34 200 213
11598 35 183 213
11599 36 130 213
11600 37 107 213
11601 38 219 213
11602 39 104 213
11603 40 231 213
11604 41 48 213
11605 42 134 213
11606 43 11 213
11607 44 158 213
11608 45 262 213
11609 46 170 213
11610 47 77 213
11611 48 112 213
11612 49 262 213
11613 50 27 213
11614 51 146 213
11615 52 173 213
11616 53 152 213
11617 54 2 213
11618 55 218 213
11619 56 156 213
11620 57 63 213
11621 58 142 213
11622 59 177 213
11623 60 145 213
11624 61 117 213
11625 62 129 213
11626 63 101 213
11627 64 192 213
11628 65 253 213
11629 66 196 213
11630 67 141 213
11631 68 103 213
11632 69 238 213
11633 70 30 213
11634 71 172 213
11635 72 219 213
11636 73 226 213
11637 74 57 213
11638 75 198 213
11639 76 95 213
11640 77 126 213
11641 78 182 213
11642 79 244 213
11643 80 33 213
11644 81 165 213
11645 82 230 213
11646 83 209 213
11647 84 56 213
11648 85 124 213
11649 86 81 213
11650 87 34 213
11651 88 35 213
11652 89 176 213
11653 5 55 214
11654 6 256 214
11655 7 125 214
11656 8 210 214
11657 9 52 214
11658 10 132 214
11659 11 195 214
11660 12 83 214
11661 13 84 214
11662 14 21 214
11663 15 226 214
11664 16 195 214
11665 17 71 214
11666 18 112 214
11667 19 203 214
11668 20 160 214
11669 21 136 214
11670 22 8 214
11671 23 62 214
11672 24 79 214
11673 25 248 214
11674 26 78 214
11675 27 219 214
11676 28 28 214
11677 29 54 214
11678 30 81 214
11679 31 41 214
11680 32 90 214
11681 33 156 214
11682 34 126 214
11683 35 105 214
11684 36 255 214
11685 37 140 214
11686 38 165 214
11687 39 251 214
11688 40 67 214
11689 41 231 214
11690 42 12 214
11691 43 222 214
11692 44 44 214
11693 45 109 214
11694 46 257 214
11695 47 82 214
11696 48 53 214
11697 49 202 214
11698 50 51 214
11699 51 4 214
11700 52 35 214
11701 53 141 214
11702 54 17 214
11703 55 71 214
11704 56 63 214
11705 57 138 214
11706 58 118 214
11707 59 95 214
11708 60 225 214
11709 61 124 214
11710 62 219 214
11711 63 83 214
11712 64 165 214
11713 65 78 214
11714 66 123 214
11715 67 124 214
11716 68 202 214
11717 69 190 214
11718 70 193 214
11719 71 30 214
11720 72 68 214
11721 73 114 214
11722 74 11 214
11723 75 190 214
11724 76 55 214
11725 77 197 214
11726 78 96 214
11727 79 43 214
11728 80 183 214
11729 81 16 214
11730 82 218 214
11731 83 202 214
11732 84 156 214
11733 85 9 214
11734 86 187 214
11735 87 92 214
11736 88 107 214
11737 89 111 214
11738 90 98 214
11739 91 104 214
11740 93 151 214
11741 1 183 215
11742 2 67 215
11743 3 159 215
11744 4 193 215
11745 5 26 215
11746 6 83 215
11747 7 91 215
11748 8 84 215
11749 9 178 215
11750 10 83 215
11751 11 24 215
11752 12 55 215
11753 13 48 215
11754 14 175 215
11755 15 34 215
11756 16 73 215
11757 17 228 215
11758 18 96 215
11759 19 61 215
11760 20 248 215
11761 21 76 215
11762 22 195 215
11763 23 245 215
11764 24 206 215
11765 25 190 215
11766 26 124 215
11767 27 183 215
11768 28 32 215
11769 29 15 215
11770 30 86 215
11771 31 86 215
11772 32 114 215
11773 33 163 215
11774 34 79 215
11775 35 232 215
11776 36 226 215
11777 37 185 215
11778 38 87 215
11779 39 45 215
11780 40 61 215
11781 41 86 215
11782 42 213 215
11783 43 165 215
11784 44 130 215
11785 45 145 215
11786 46 235 215
11787 47 56 215
11788 48 53 215
11789 49 140 215
11790 50 191 215
11791 51 198 215
11792 52 242 215
11793 53 190 215
11794 54 120 215
11795 55 28 215
11796 56 166 215
11797 57 152 215
11798 58 233 215
11799 59 206 215
11800 60 60 215
11801 61 115 215
11802 62 40 215
11803 63 118 215
11804 64 40 215
11805 65 228 215
11806 66 50 215
11807 67 85 215
11808 68 23 215
11809 69 107 215
11810 70 34 215
11811 71 220 215
11812 72 244 215
11813 73 85 215
11814 74 38 215
11815 75 257 215
11816 76 200 215
11817 77 215 215
11818 78 88 215
11819 79 222 215
11820 80 193 215
11821 81 136 215
11822 82 156 215
11823 83 245 215
11824 84 113 215
11825 85 183 215
11826 86 110 215
11827 87 205 215
11828 88 66 215
11829 89 22 215
11830 90 133 215
11831 91 261 215
11832 92 213 215
11833 93 3 215
11834 94 187 215
11835 1 44 216
11836 2 146 216
11837 3 137 216
11838 4 261 216
11839 5 97 216
11840 6 60 216
11841 7 115 216
11842 8 16 216
11843 9 197 216
11844 10 221 216
11845 11 110 216
11846 12 234 216
11847 13 59 216
11848 14 147 216
11849 15 177 216
11850 16 103 216
11851 17 191 216
11852 18 142 216
11853 19 35 216
11854 20 222 216
11855 21 190 216
11856 22 7 216
11857 23 55 216
11858 24 170 216
11859 25 147 216
11860 26 110 216
11861 27 7 216
11862 28 112 216
11863 29 102 216
11864 30 49 216
11865 31 90 216
11866 32 94 216
11867 33 52 216
11868 34 210 216
11869 35 149 216
11870 36 143 216
11871 37 243 216
11872 38 141 216
11873 39 116 216
11874 40 20 216
11875 41 242 216
11876 42 108 216
11877 43 31 216
11878 44 132 216
11879 46 106 216
11880 45 183 216
11881 47 31 216
11882 48 148 216
11883 49 241 216
11884 50 142 216
11885 51 222 216
11886 52 185 216
11887 53 99 216
11888 54 244 216
11889 55 138 216
11890 56 163 216
11891 57 4 216
11892 58 239 216
11893 59 201 216
11894 60 242 216
11895 61 54 216
11896 62 91 216
11897 63 51 216
11898 64 100 216
11899 65 86 216
11900 66 77 216
11901 67 220 216
11902 68 72 216
11903 69 62 216
11904 70 230 216
11905 71 61 216
11906 72 168 216
11907 73 231 216
11908 74 169 216
11909 75 168 216
11910 76 212 216
11911 77 75 216
11912 78 106 216
11913 79 107 216
11914 80 59 216
11915 81 140 216
11916 82 119 216
11917 83 212 216
11918 84 134 216
11919 85 223 216
11920 86 99 216
11921 87 192 216
11922 88 233 216
11923 89 105 216
11924 90 147 216
11925 91 6 216
11926 92 128 216
11927 93 226 216
11928 94 211 216
11929 0 8 217
11930 1 248 217
11931 2 16 217
11932 3 133 217
11933 4 92 217
11934 5 146 217
11935 6 259 217
11936 7 193 217
11937 8 164 217
11938 9 118 217
11939 10 18 217
11940 11 117 217
11941 12 23 217
11942 13 199 217
11943 14 257 217
11944 15 21 217
11945 16 81 217
11946 17 118 217
11947 18 43 217
11948 19 56 217
11949 20 171 217
11950 21 132 217
11951 22 172 217
11952 23 259 217
11953 24 191 217
11954 25 74 217
11955 26 58 217
11956 27 77 217
11957 28 136 217
11958 29 131 217
11959 30 178 217
11960 31 166 217
11961 32 57 217
11962 33 35 217
11963 34 257 217
11964 35 14 217
11965 36 170 217
11966 37 241 217
11967 38 245 217
11968 39 143 217
11969 40 65 217
11970 41 52 217
11971 42 41 217
11972 43 238 217
11973 44 165 217
11974 45 89 217
11975 46 39 217
11976 47 87 217
11977 48 37 217
11978 49 248 217
11979 50 211 217
11980 51 113 217
11981 52 63 217
11982 53 25 217
11983 54 86 217
11984 55 193 217
11985 56 62 217
11986 57 36 217
11987 58 185 217
11988 59 245 217
11989 60 93 217
11990 61 71 217
11991 62 236 217
11992 63 37 217
11993 64 43 217
11994 65 234 217
11995 66 152 217
11996 67 233 217
11997 68 183 217
11998 69 259 217
11999 70 200 217
12000 71 223 217
12001 72 94 217
12002 73 43 217
12003 74 165 217
12004 75 210 217
12005 76 213 217
12006 77 141 217
12007 78 15 217
12008 79 208 217
12009 80 236 217
12010 81 174 217
12011 82 87 217
12012 83 227 217
12013 84 199 217
12014 85 141 217
12015 86 51 217
12016 87 137 217
12017 88 71 217
12018 89 144 217
12019 90 96 217
12020 91 131 217
12021 92 262 217
12022 93 18 217
12023 94 168 217
12024 95 72 217
12025 96 131 217
12026 97 151 217
12027 98 174 217
12028 0 73 218
12029 1 17 218
12030 2 130 218
12031 3 99 218
12032 4 125 218
12033 5 135 218
12034 6 157 218
12035 7 37 218
12036 8 100 218
12037 9 219 218
12038 10 157 218
12039 11 48 218
12040 12 94 218
12041 13 249 218
12042 14 175 218
12043 15 238 218
12044 16 229 218
12045 17 183 218
12046 18 72 218
12047 19 46 218
12048 20 10 218
12049 21 108 218
12050 22 59 218
12051 23 183 218
12052 24 256 218
12053 25 16 218
12054 26 102 218
12055 27 94 218
12056 28 237 218
12057 29 61 218
12058 30 225 218
12059 31 39 218
12060 32 217 218
12061 33 138 218
12062 34 227 218
12063 35 13 218
12064 36 56 218
12065 37 25 218
12066 38 228 218
12067 39 149 218
12068 40 97 218
12069 41 201 218
12070 42 23 218
12071 43 132 218
12072 44 94 218
12073 45 65 218
12074 46 112 218
12075 47 49 218
12076 48 240 218
12077 49 187 218
12078 50 238 218
12079 51 136 218
12080 52 78 218
12081 53 253 218
12082 54 145 218
12083 55 114 218
12084 56 151 218
12085 57 116 218
12086 58 55 218
12087 59 254 218
12088 60 181 218
12089 61 89 218
12090 62 126 218
12091 63 38 218
12092 64 238 218
12093 65 41 218
12094 66 4 218
12095 67 74 218
12096 68 40 218
12097 69 198 218
12098 70 13 218
12099 71 223 218
12100 72 92 218
12101 73 185 218
12102 74 78 218
12103 75 102 218
12104 76 22 218
12105 77 93 218
12106 78 14 218
12107 79 239 218
12108 80 164 218
12109 81 190 218
12110 82 93 218
12111 83 117 218
12112 84 135 218
12113 85 30 218
12114 86 246 218
12115 87 26 218
12116 88 118 218
12117 89 220 218
12118 90 58 218
12119 91 145 218
12120 92 118 218
12121 93 226 218
12122 94 123 218
12123 95 60 218
12124 96 148 218
12125 97 101 218
12126 98 18 218
12127 99 53 218
12128 0 3 219
12129 1 187 219
12130 2 105 219
12131 3 243 219
12132 4 76 219
12133 5 150 219
12134 6 71 219
12135 7 231 219
12136 8 24 219
12137 9 114 219
12138 10 43 219
12139 11 113 219
12140 12 218 219
12141 13 155 219
12142 14 147 219
12143 15 196 219
12144 16 10 219
12145 17 95 219
12146 18 76 219
12147 19 59 219
12148 20 104 219
12149 21 154 219
12150 22 88 219
12151 23 219 219
12152 24 225 219
12153 25 23 219
12154 26 216 219
12155 27 91 219
12156 28 49 219
12157 29 86 219
12158 30 195 219
12159 31 173 219
12160 32 118 219
12161 33 124 219
12162 34 114 219
12163 35 53 219
12164 36 226 219
12165 37 97 219
12166 38 119 219
12167 39 8 219
12168 40 216 219
12169 41 7 219
12170 42 259 219
12171 43 32 219
12172 44 174 219
12173 45 162 219
12174 46 255 219
12175 47 130 219
12176 48 169 219
12177 49 129 219
12178 50 106 219
12179 51 47 219
12180 52 92 219
12181 53 251 219
12182 54 257 219
12183 55 63 219
12184 56 219 219
12185 57 207 219
12186 58 66 219
12187 59 26 219
12188 60 178 219
12189 61 237 219
12190 62 67 219
12191 63 259 219
12192 64 43 219
12193 65 253 219
12194 66 116 219
12195 67 202 219
12196 68 210 219
12197 69 47 219
12198 70 91 219
12199 71 22 219
12200 72 215 219
12201 73 64 219
12202 74 102 219
12203 75 70 219
12204 76 35 219
12205 77 252 219
12206 78 118 219
12207 79 179 219
12208 80 112 219
12209 81 10 219
12210 82 254 219
12211 83 79 219
12212 84 121 219
12213 85 174 219
12214 86 142 219
12215 87 185 219
12216 88 55 219
12217 89 77 219
12218 90 9 219
12219 91 180 219
12220 92 45 219
12221 93 206 219
12222 94 19 219
12223 95 61 219
12224 96 202 219
12225 97 108 219
12226 98 1 219
12227 99 191 219
12228 100 98 219
12229 101 134 219
12230 103 17 219
12231 0 20 220
12232 1 197 220
12233 2 197 220
12234 3 16 220
12235 4 154 220
12236 5 20 220
12237 6 28 220
12238 7 110 220
12239 8 43 220
12240 9 126 220
12241 10 20 220
12242 11 1 220
12243 12 66 220
12244 13 199 220
12245 14 140 220
12246 15 165 220
12247 16 9 220
12248 17 77 220
12249 18 246 220
12250 19 127 220
12251 20 24 220
12252 21 77 220
12253 22 184 220
12254 23 248 220
12255 24 171 220
12256 25 13 220
12257 26 75 220
12258 27 141 220
12259 28 192 220
12260 29 184 220
12261 30 75 220
12262 31 172 220
12263 32 20 220
12264 33 143 220
12265 34 33 220
12266 35 5 220
12267 36 10 220
12268 37 73 220
12269 38 186 220
12270 39 180 220
12271 40 212 220
12272 41 53 220
12273 42 179 220
12274 43 77 220
12275 44 212 220
12276 45 98 220
12277 46 137 220
12278 47 248 220
12279 48 212 220
12280 49 181 220
12281 50 42 220
12282 51 104 220
12283 52 61 220
12284 53 233 220
12285 54 91 220
12286 55 23 220
12287 56 165 220
12288 57 227 220
12289 58 26 220
12290 59 75 220
12291 60 260 220
12292 61 224 220
12293 62 78 220
12294 63 18 220
12295 64 253 220
12296 65 9 220
12297 66 195 220
12298 67 75 220
12299 68 105 220
12300 69 7 220
12301 70 117 220
12302 71 236 220
12303 72 206 220
12304 73 108 220
12305 74 160 220
12306 75 131 220
12307 76 199 220
12308 77 256 220
12309 78 197 220
12310 79 158 220
12311 80 256 220
12312 81 31 220
12313 82 199 220
12314 83 50 220
12315 84 205 220
12316 85 189 220
12317 86 112 220
12318 87 189 220
12319 88 184 220
12320 89 103 220
12321 90 210 220
12322 91 105 220
12323 92 28 220
12324 93 72 220
12325 94 210 220
12326 95 203 220
12327 96 136 220
12328 97 12 220
12329 98 213 220
12330 99 124 220
12331 100 246 220
12332 101 30 220
12333 102 108 220
12334 103 232 220
12335 0 213 221
12336 1 78 221
12337 2 37 221
12338 3 138 221
12339 4 183 221
12340 5 116 221
12341 6 12 221
12342 7 35 221
12343 8 209 221
12344 9 52 221
12345 10 191 221
12346 11 10 221
12347 12 13 221
12348 13 14 221
12349 14 149 221
12350 15 53 221
12351 16 16 221
12352 17 174 221
12353 18 81 221
12354 19 246 221
12355 20 142 221
12356 21 140 221
12357 22 89 221
12358 23 52 221
12359 24 14 221
12360 25 139 221
12361 26 257 221
12362 27 177 221
12363 28 37 221
12364 29 261 221
12365 30 40 221
12366 31 43 221
12367 32 220 221
12368 33 237 221
12369 34 209 221
12370 35 91 221
12371 36 51 221
12372 37 46 221
12373 38 129 221
12374 39 198 221
12375 40 153 221
12376 41 38 221
12377 42 51 221
12378 43 114 221
12379 44 97 221
12380 45 114 221
12381 46 137 221
12382 47 215 221
12383 48 84 221
12384 49 193 221
12385 50 255 221
12386 51 84 221
12387 52 49 221
12388 53 31 221
12389 54 252 221
12390 55 225 221
12391 56 139 221
12392 57 67 221
12393 58 103 221
12394 59 88 221
12395 60 64 221
12396 61 190 221
12397 62 241 221
12398 63 260 221
12399 64 222 221
12400 65 249 221
12401 66 172 221
12402 67 95 221
12403 68 37 221
12404 69 24 221
12405 70 188 221
12406 71 245 221
12407 72 36 221
12408 73 202 221
12409 74 86 221
12410 75 248 221
12411 76 144 221
12412 77 247 221
12413 78 235 221
12414 79 38 221
12415 80 161 221
12416 81 169 221
12417 82 210 221
12418 83 5 221
12419 84 203 221
12420 85 91 221
12421 86 71 221
12422 87 249 221
12423 88 252 221
12424 89 97 221
12425 90 110 221
12426 91 89 221
12427 92 89 221
12428 93 170 221
12429 94 143 221
12430 95 40 221
12431 96 238 221
12432 97 176 221
12433 98 167 221
12434 99 167 221
12435 100 201 221
12436 101 129 221
12437 102 142 221
12438 103 147 221
12439 104 98 221
12440 106 129 221
12441 0 258 222
12442 1 142 222
12443 2 172 222
12444 3 167 222
12445 4 91 222
12446 5 161 222
12447 6 213 222
12448 7 130 222
12449 8 35 222
12450 9 206 222
12451 10 238 222
12452 11 25 222
12453 12 85 222
12454 13 86 222
12455 14 94 222
12456 15 186 222
12457 16 237 222
12458 17 68 222
12459 18 68 222
12460 19 232 222
12461 20 115 222
12462 21 120 222
12463 22 198 222
12464 23 75 222
12465 24 215 222
12466 25 118 222
12467 26 127 222
12468 27 259 222
12469 28 223 222
12470 29 136 222
12471 30 20 222
12472 31 224 222
12473 32 134 222
12474 33 141 222
12475 34 134 222
12476 35 2 222
12477 36 86 222
12478 37 199 222
12479 38 46 222
12480 39 84 222
12481 40 75 222
12482 41 2 222
12483 42 26 222
12484 43 228 222
12485 44 35 222
12486 45 223 222
12487 46 145 222
12488 47 184 222
12489 48 249 222
12490 49 249 222
12491 50 192 222
12492 51 81 222
12493 52 9 222
12494 53 65 222
12495 54 231 222
12496 55 87 222
12497 56 89 222
12498 57 77 222
12499 58 208 222
12500 59 110 222
12501 60 92 222
12502 61 72 222
12503 62 250 222
12504 63 231 222
12505 64 101 222
12506 65 174 222
12507 66 105 222
12508 67 203 222
12509 68 22 222
12510 69 203 222
12511 70 141 222
12512 71 77 222
12513 72 176 222
12514 73 189 222
12515 74 208 222
12516 75 162 222
12517 76 31 222
12518 78 4 222
12519 77 151 222
12520 79 134 222
12521 80 260 222
12522 81 239 222
12523 82 118 222
12524 83 172 222
12525 84 198 222
12526 85 51 222
12527 86 81 222
12528 87 226 222
12529 88 68 222
12530 89 25 222
12531 90 100 222
12532 91 95 222
12533 92 33 222
12534 93 157 222
12535 94 242 222
12536 95 142 222
12537 96 59 222
12538 97 38 222
12539 98 197 222
12540 99 154 222
12541 100 208 222
12542 101 251 222
12543 102 251 222
12544 103 21 222
12545 104 69 222
12546 105 259 222
12547 106 198 222
12548 107 11 222
12549 0 24 223
12550 1 252 223
12551 2 84 223
12552 3 45 223
12553 4 250 223
12554 5 213 223
12555 6 44 223
12556 7 236 223
12557 8 75 223
12558 9 121 223
12559 10 160 223
12560 11 99 223
12561 12 95 223
12562 13 163 223
12563 14 5 223
12564 15 100 223
12565 16 82 223
12566 17 162 223
12567 18 138 223
12568 19 9 223
12569 20 210 223
12570 21 209 223
12571 22 224 223
12572 23 176 223
12573 24 257 223
12574 25 13 223
12575 26 115 223
12576 27 152 223
12577 28 236 223
12578 29 132 223
12579 30 152 223
12580 31 123 223
12581 32 4 223
12582 33 215 223
12583 34 116 223
12584 35 156 223
12585 36 52 223
12586 37 17 223
12587 38 136 223
12588 39 90 223
12589 40 130 223
12590 41 158 223
12591 42 59 223
12592 43 175 223
12593 44 130 223
12594 45 57 223
12595 46 165 223
12596 47 6 223
12597 48 198 223
12598 49 173 223
12599 50 225 223
12600 51 159 223
12601 52 216 223
12602 53 160 223
12603 54 22 223
12604 55 95 223
12605 56 99 223
12606 57 145 223
12607 58 250 223
12608 59 8 223
12609 60 172 223
12610 61 184 223
12611 62 18 223
12612 63 216 223
12613 64 232 223
12614 65 97 223
12615 66 34 223
12616 67 242 223
12617 68 166 223
12618 69 184 223
12619 70 51 223
12620 71 21 223
12621 72 87 223
12622 73 167 223
12623 74 194 223
12624 75 135 223
12625 76 248 223
12626 77 91 223
12627 78 102 223
12628 79 92 223
12629 80 130 223
12630 81 241 223
12631 82 124 223
12632 83 18 223
12633 84 7 223
12634 85 226 223
12635 86 228 223
12636 87 222 223
12637 88 247 223
12638 89 123 223
12639 90 122 223
12640 91 196 223
12641 92 56 223
12642 93 133 223
12643 94 205 223
12644 95 144 223
12645 96 254 223
12646 97 133 223
12647 98 79 223
12648 99 260 223
12649 100 80 223
12650 101 120 223
12651 102 188 223
12652 103 186 223
12653 104 114 223
12654 105 133 223
12655 106 200 223
12656 107 91 223
12657 108 39 223
12658 109 20 223
12659 0 243 224
12660 1 60 224
12661 2 180 224
12662 3 43 224
12663 4 166 224
12664 5 40 224
12665 6 104 224
12666 7 182 224
12667 8 192 224
12668 9 222 224
12669 10 84 224
12670 11 91 224
12671 12 91 224
12672 13 120 224
12673 14 1 224
12674 15 261 224
12675 16 218 224
12676 17 93 224
12677 18 249 224
12678 19 112 224
12679 20 235 224
12680 21 127 224
12681 22 208 224
12682 23 151 224
12683 24 216 224
12684 25 123 224
12685 26 41 224
12686 27 90 224
12687 28 216 224
12688 29 49 224
12689 30 37 224
12690 31 99 224
12691 32 70 224
12692 33 109 224
12693 34 124 224
12694 35 230 224
12695 36 244 224
12696 37 95 224
12697 38 122 224
12698 39 103 224
12699 40 12 224
12700 41 238 224
12701 42 257 224
12702 43 195 224
12703 44 211 224
12704 45 239 224
12705 46 169 224
12706 47 129 224
12707 48 82 224
12708 49 229 224
12709 50 175 224
12710 51 109 224
12711 52 88 224
12712 53 7 224
12713 54 19 224
12714 55 155 224
12715 56 179 224
12716 57 67 224
12717 58 209 224
12718 59 137 224
12719 60 143 224
12720 61 215 224
12721 62 4 224
12722 63 187 224
12723 64 175 224
12724 65 46 224
12725 66 46 224
12726 67 23 224
12727 68 44 224
12728 69 89 224
12729 70 194 224
12730 71 20 224
12731 72 233 224
12732 73 191 224
12733 74 83 224
12734 75 203 224
12735 76 143 224
12736 77 71 224
12737 78 156 224
12738 79 262 224
12739 80 76 224
12740 81 21 224
12741 82 149 224
12742 83 228 224
12743 84 241 224
12744 85 67 224
12745 86 73 224
12746 87 233 224
12747 88 8 224
12748 89 244 224
12749 90 5 224
12750 91 10 224
12751 92 162 224
12752 93 151 224
12753 94 27 224
12754 95 235 224
12755 96 85 224
12756 97 84 224
12757 98 169 224
12758 99 184 224
12759 100 146 224
12760 101 105 224
12761 102 15 224
12762 103 239 224
12763 104 90 224
12764 105 10 224
12765 106 46 224
12766 107 93 224
12767 108 201 224
12768 109 154 224
12769 110 116 224
12770 0 115 225
12771 1 7 225
12772 2 33 225
12773 3 1 225
12774 4 20 225
12775 5 190 225
12776 6 68 225
12777 7 88 225
12778 8 93 225
12779 9 87 225
12780 10 130 225
12781 11 222 225
12782 12 229 225
12783 13 242 225
12784 14 194 225
12785 15 120 225
12786 16 187 225
12787 17 260 225
12788 18 86 225
12789 19 203 225
12790 20 123 225
12791 21 126 225
12792 22 30 225
12793 23 222 225
12794 24 249 225
12795 25 82 225
12796 26 74 225
12797 27 145 225
12798 28 146 225
12799 29 105 225
12800 30 78 225
12801 31 26 225
12802 32 44 225
12803 33 63 225
12804 34 137 225
12805 35 125 225
12806 36 180 225
12807 37 221 225
12808 38 147 225
12809 39 160 225
12810 40 262 225
12811 41 49 225
12812 42 48 225
12813 43 228 225
12814 44 193 225
12815 45 192 225
12816 46 189 225
12817 47 172 225
12818 48 86 225
12819 49 205 225
12820 50 161 225
12821 51 179 225
12822 52 80 225
12823 53 142 225
12824 54 89 225
12825 55 1 225
12826 56 240 225
12827 57 16 225
12828 58 27 225
12829 59 118 225
12830 60 108 225
12831 61 175 225
12832 62 183 225
12833 63 49 225
12834 64 43 225
12835 65 157 225
12836 66 203 225
12837 67 121 225
12838 68 6 225
12839 69 93 225
12840 70 135 225
12841 71 223 225
12842 72 172 225
12843 73 50 225
12844 74 59 225
12845 75 127 225
12846 76 254 225
12847 77 213 225
12848 78 213 225
12849 79 43 225
12850 80 104 225
12851 81 73 225
12852 82 171 225
12853 83 227 225
12854 84 127 225
12855 85 121 225
12856 86 173 225
12857 87 237 225
12858 88 59 225
12859 89 135 225
12860 90 219 225
12861 91 52 225
12862 92 42 225
12863 93 167 225
12864 94 129 225
12865 95 218 225
12866 96 76 225
12867 97 51 225
12868 98 166 225
12869 99 50 225
12870 100 130 225
12871 101 88 225
12872 102 257 225
12873 103 188 225
12874 104 220 225
12875 105 27 225
12876 106 156 225
12877 107 4 225
12878 108 175 225
12879 109 212 225
12880 110 225 225
12881 111 186 225
12882 0 232 226
12883 1 13 226
12884 2 36 226
12885 3 227 226
12886 4 16 226
12887 5 81 226
12888 6 52 226
12889 7 93 226
12890 8 224 226
12891 9 120 226
12892 10 84 226
12893 11 146 226
12894 12 66 226
12895 13 65 226
12896 14 72 226
12897 15 107 226
12898 16 198 226
12899 17 217 226
12900 18 192 226
12901 19 50 226
12902 20 1 226
12903 21 207 226
12904 22 255 226
12905 23 19 226
12906 24 132 226
12907 25 195 226
12908 26 174 226
12909 27 78 226
12910 28 39 226
12911 29 237 226
12912 30 36 226
12913 31 240 226
12914 32 250 226
12915 33 55 226
12916 34 93 226
12917 35 206 226
12918 36 202 226
12919 37 209 226
12920 38 163 226
12921 39 262 226
12922 40 72 226
12923 41 137 226
12924 42 19 226
12925 43 137 226
12926 44 164 226
12927 45 190 226
12928 46 64 226
12929 47 27 226
12930 48 38 226
12931 49 141 226
12932 50 19 226
12933 51 73 226
12934 52 187 226
12935 53 25 226
12936 54 96 226
12937 55 140 226
12938 56 171 226
12939 57 210 226
12940 58 139 226
12941 59 151 226
12942 60 28 226
12943 61 76 226
12944 62 179 226
12945 63 98 226
12946 64 211 226
12947 65 151 226
12948 66 198 226
12949 67 260 226
12950 68 164 226
12951 69 13 226
12952 70 22 226
12953 71 43 226
12954 72 11 226
12955 73 137 226
12956 74 232 226
12957 75 112 226
12958 76 183 226
12959 77 240 226
12960 78 214 226
12961 79 59 226
12962 80 161 226
12963 81 191 226
12964 82 13 226
12965 83 256 226
12966 84 261 226
12967 85 62 226
12968 86 29 226
12969 87 17 226
12970 88 50 226
12971 89 243 226
12972 90 44 226
12973 91 108 226
12974 92 7 226
12975 93 36 226
12976 94 183 226
12977 95 128 226
12978 96 63 226
12979 97 223 226
12980 98 86 226
12981 99 216 226
12982 100 185 226
12983 101 77 226
12984 102 118 226
12985 103 219 226
12986 104 212 226
12987 105 202 226
12988 106 202 226
12989 107 87 226
12990 108 93 226
12991 109 106 226
12992 110 56 226
12993 111 96 226
12994 112 105 226
12995 113 253 226
12996 0 101 227
12997 1 235 227
12998 2 119 227
12999 3 11 227
13000 4 17 227
13001 5 168 227
13002 6 73 227
13003 7 77 227
13004 8 229 227
13005 9 249 227
13006 10 232 227
13007 11 220 227
13008 12 86 227
13009 13 207 227
13010 14 248 227
13011 15 176 227
13012 16 117 227
13013 17 47 227
13014 18 231 227
13015 19 102 227
13016 20 145 227
13017 21 25 227
13018 22 34 227
13019 23 211 227
13020 24 61 227
13021 25 73 227
13022 26 29 227
13023 27 57 227
13024 28 82 227
13025 29 252 227
13026 30 152 227
13027 31 183 227
13028 32 84 227
13029 33 109 227
13030 34 249 227
13031 35 171 227
13032 36 124 227
13033 37 27 227
13034 38 3 227
13035 39 183 227
13036 40 204 227
13037 41 153 227
13038 42 70 227
13039 43 150 227
13040 44 172 227
13041 45 145 227
13042 46 89 227
13043 47 119 227
13044 48 30 227
13045 49 244 227
13046 50 59 227
13047 51 130 227
13048 52 200 227
13049 53 189 227
13050 54 123 227
13051 55 220 227
13052 56 63 227
13053 57 197 227
13054 58 191 227
13055 59 257 227
13056 60 10 227
13057 61 81 227
13058 62 256 227
13059 63 115 227
13060 64 73 227
weights 228 228 228 228 228 228 228 228 228 228 228 228 228 228 228 228 228 228 228 228 228 228 228 228 228 228 228 228 228 228 228 228 228 228 228 228 228 228 228 228 228 228 228 228 228 228 228 228 228 228 228 228 228 228 228 228 228 228 228 228 228 228 228 228 228 227 227 227 227 227 227 227 227 227 227 227 227 227 227 227 227 227 227 227 227 227 227 227 227 227 227 227 227 227 227 227 227 227 227 227 227 227 227 227 227 227 227 227 227 227 227 227 227 227
