p 257 h 89 constraints 8142
0 0 1 0
1 0 1 1
2 0 1 2
3 0 1 3
4 0 1 4
5 0 1 5
6 0 1 6
7 0 1 7
8 0 1 8
9 0 1 9
10 0 1 10
11 0 1 11
12 0 1 12
13 0 1 13
14 0 1 14
15 0 1 15
16 0 1 16
17 0 1 17
18 0 1 18
19 0 1 19
20 0 1 20
21 0 1 21
22 0 1 22
23 0 1 23
24 0 1 24
25 0 1 25
26 0 1 26
27 0 1 27
28 0 1 28
29 0 1 29
30 0 1 30
31 0 1 31
32 0 1 32
33 0 1 33
34 0 1 34
35 0 1 35
36 0 1 36
37 0 1 37
38 0 1 38
39 0 1 39
40 0 1 40
41 0 1 41
42 0 1 42
43 0 1 43
44 0 1 44
45 0 1 45
46 1 1 2
47 1 1 3
48 1 1 4
49 1 1 5
50 1 1 6
51 1 1 7
52 1 1 8
53 1 1 9
54 1 1 10
55 1 1 11
56 1 1 12
57 1 1 13
58 1 1 14
59 1 1 15
60 1 1 16
61 1 1 17
62 1 1 18
63 1 1 19
64 1 1 20
65 1 1 21
66 1 1 22
67 1 1 23
68 1 1 24
69 1 1 25
70 1 1 26
71 1 1 27
72 1 1 28
73 1 1 29
74 1 1 30
75 1 1 31
76 1 1 32
77 1 1 33
78 1 1 34
79 1 1 35
80 1 1 36
81 1 1 37
82 1 1 38
83 1 1 39
84 1 1 40
85 1 1 41
86 1 1 42
87 1 1 43
88 1 1 44
89 1 1 45
90 1 1 46
91 2 1 4
92 2 1 5
93 2 1 6
94 2 1 7
95 2 1 8
96 2 1 9
97 2 1 10
98 2 1 11
99 2 1 12
100 2 1 13
101 2 1 14
102 2 1 15
103 2 1 16
104 2 1 17
105 2 1 18
106 2 1 19
107 2 1 20
108 2 1 21
109 2 1 22
110 2 1 23
111 2 1 24
112 2 1 25
113 2 1 26
114 2 1 27
115 2 1 28
116 2 1 29
117 2 1 30
118 2 1 31
119 2 1 32
120 2 1 33
121 2 1 34
122 2 1 35
123 2 1 36
124 2 1 37
125 2 1 38
126 2 1 39
127 2 1 40
128 2 1 41
129 2 1 42
130 2 1 43
131 2 1 44
132 2 1 45
133 2 1 46
134 2 1 47
135 3 1 6
136 3 1 7
137 3 1 8
138 3 1 9
139 3 1 10
140 3 1 11
141 3 1 12
142 3 1 13
143 3 1 14
144 3 1 15
145 3 1 16
146 3 1 17
147 3 1 18
148 3 1 19
149 3 1 20
150 3 1 21
151 3 1 22
152 3 1 23
153 3 1 24
154 3 1 25
155 3 1 26
156 3 1 27
157 3 1 28
158 3 1 29
159 3 1 30
160 3 1 31
161 3 1 32
162 3 1 33
163 3 1 34
164 3 1 35
165 3 1 36
166 3 1 37
167 3 1 38
168 3 1 39
169 3 1 40
170 3 1 41
171 3 1 42
172 3 1 43
173 3 1 44
174 3 1 45
175 3 1 46
176 3 1 47
177 3 1 48
178 4 1 8
179 4 1 9
180 4 1 10
181 4 1 11
182 4 1 12
183 4 1 13
184 4 1 14
185 4 1 15
186 4 1 16
187 4 1 17
188 4 1 18
189 4 1 19
190 4 1 20
191 4 1 21
192 4 1 22
193 4 1 23
194 4 1 24
195 4 1 25
196 4 1 26
197 4 1 27
198 4 1 28
199 4 1 29
200 4 1 30
201 4 1 31
202 4 1 32
203 4 1 33
204 4 1 34
205 4 1 35
206 4 1 36
207 4 1 37
208 4 1 38
209 4 1 39
210 4 1 40
211 4 1 41
212 4 1 42
213 4 1 43
214 4 1 44
215 4 1 45
216 4 1 46
217 4 1 47
218 4 1 48
219 4 1 49
220 5 1 10
221 5 1 11
222 5 1 12
223 5 1 13
224 5 1 14
225 5 1 15
226 5 1 16
227 5 1 17
228 5 1 18
229 5 1 19
230 5 1 20
231 5 1 21
232 5 1 22
233 5 1 23
234 5 1 24
235 5 1 25
236 5 1 26
237 5 1 27
238 5 1 28
239 5 1 29
240 5 1 30
241 5 1 31
242 5 1 32
243 5 1 33
244 5 1 34
245 5 1 35
246 5 1 36
247 5 1 37
248 5 1 38
249 5 1 39
250 5 1 40
251 5 1 41
252 5 1 42
253 5 1 43
254 5 1 44
255 5 1 45
256 5 1 46
257 5 1 47
258 5 1 48
259 5 1 49
260 5 1 50
261 6 1 12
262 6 1 13
263 6 1 14
264 6 1 15
265 6 1 16
266 6 1 17
267 6 1 18
268 6 1 19
269 6 1 20
270 6 1 21
271 6 1 22
272 6 1 23
273 6 1 24
274 6 1 25
275 6 1 26
276 6 1 27
277 6 1 28
278 6 1 29
279 6 1 30
280 6 1 31
281 6 1 32
282 6 1 33
283 6 1 34
284 6 1 35
285 6 1 36
286 6 1 37
287 6 1 38
288 6 1 39
289 6 1 40
290 6 1 41
291 6 1 42
292 6 1 43
293 6 1 44
294 6 1 45
295 6 1 46
296 6 1 47
297 6 1 48
298 6 1 49
299 6 1 50
300 6 1 51
301 7 1 14
302 7 1 15
303 7 1 16
304 7 1 17
305 7 1 18
306 7 1 19
307 7 1 20
308 7 1 21
309 7 1 22
310 7 1 23
311 7 1 24
312 7 1 25
313 7 1 26
314 7 1 27
315 7 1 28
316 7 1 29
317 7 1 30
318 7 1 31
319 7 1 32
320 7 1 33
321 7 1 34
322 7 1 35
323 7 1 36
324 7 1 37
325 7 1 38
326 7 1 39
327 7 1 40
328 7 1 41
329 7 1 42
330 7 1 43
331 7 1 44
332 7 1 45
333 7 1 46
334 7 1 47
335 7 1 48
336 7 1 49
337 7 1 50
338 7 1 51
339 7 1 52
340 8 1 16
341 8 1 17
342 8 1 18
343 8 1 19
344 8 1 20
345 8 1 21
346 8 1 22
347 8 1 23
348 8 1 24
349 8 1 25
350 8 1 26
351 8 1 27
352 8 1 28
353 8 1 29
354 8 1 30
355 8 1 31
356 8 1 32
357 8 1 33
358 8 1 34
359 8 1 35
360 8 1 36
361 8 1 37
362 8 1 38
363 8 1 39
364 8 1 40
365 8 1 41
366 8 1 42
367 8 1 43
368 8 1 44
369 8 1 45
370 8 1 46
371 8 1 47
372 8 1 48
373 8 1 49
374 8 1 50
375 8 1 51
376 8 1 52
377 8 1 53
378 9 1 18
379 9 1 19
380 9 1 20
381 9 1 21
382 9 1 22
383 9 1 23
384 9 1 24
385 9 1 25
386 9 1 26
387 9 1 27
388 9 1 28
389 9 1 29
390 9 1 30
391 9 1 31
392 9 1 32
393 9 1 33
394 9 1 34
395 9 1 35
396 9 1 36
397 9 1 37
398 9 1 38
399 9 1 39
400 9 1 40
401 9 1 41
402 9 1 42
403 9 1 43
404 9 1 44
405 9 1 45
406 9 1 46
407 9 1 47
408 9 1 48
409 9 1 49
410 9 1 50
411 9 1 51
412 9 1 52
413 9 1 53
414 9 1 54
415 10 1 20
416 10 1 21
417 10 1 22
418 10 1 23
419 10 1 24
420 10 1 25
421 10 1 26
422 10 1 27
423 10 1 28
424 10 1 29
425 10 1 30
426 10 1 31
427 10 1 32
428 10 1 33
429 10 1 34
430 10 1 35
431 10 1 36
432 10 1 37
433 10 1 38
434 10 1 39
435 10 1 40
436 10 1 41
437 10 1 42
438 10 1 43
439 10 1 44
440 10 1 45
441 10 1 46
442 10 1 47
443 10 1 48
444 10 1 49
445 10 1 50
446 10 1 51
447 10 1 52
448 10 1 53
449 10 1 54
450 10 1 55
451 11 1 22
452 11 1 23
453 11 1 24
454 11 1 25
455 11 1 26
456 11 1 27
457 11 1 28
458 11 1 29
459 11 1 30
460 11 1 31
461 11 1 32
462 11 1 33
463 11 1 34
464 11 1 35
465 11 1 36
466 11 1 37
467 11 1 38
468 11 1 39
469 11 1 40
470 11 1 41
471 11 1 42
472 11 1 43
473 11 1 44
474 11 1 45
475 11 1 46
476 11 1 47
477 11 1 48
478 11 1 49
479 11 1 50
480 11 1 51
481 11 1 52
482 11 1 53
483 11 1 54
484 11 1 55
485 11 1 56
486 12 1 24
487 12 1 25
488 12 1 26
489 12 1 27
490 12 1 28
491 12 1 29
492 12 1 30
493 12 1 31
494 12 1 32
495 12 1 33
496 12 1 34
497 12 1 35
498 12 1 36
499 12 1 37
500 12 1 38
501 12 1 39
502 12 1 40
503 12 1 41
504 12 1 42
505 12 1 43
506 12 1 44
507 12 1 45
508 12 1 46
509 12 1 47
510 12 1 48
511 12 1 49
512 12 1 50
513 12 1 51
514 12 1 52
515 12 1 53
516 12 1 54
517 12 1 55
518 12 1 56
519 12 1 57
520 13 1 26
521 13 1 27
522 13 1 28
523 13 1 29
524 13 1 30
525 13 1 31
526 13 1 32
527 13 1 33
528 13 1 34
529 13 1 35
530 13 1 36
531 13 1 37
532 13 1 38
533 13 1 39
534 13 1 40
535 13 1 41
536 13 1 42
537 13 1 43
538 13 1 44
539 13 1 45
540 13 1 46
541 13 1 47
542 13 1 48
543 13 1 49
544 13 1 50
545 13 1 51
546 13 1 52
547 13 1 53
548 13 1 54
549 13 1 55
550 13 1 56
551 13 1 57
552 13 1 58
553 14 1 28
554 14 1 29
555 14 1 30
556 14 1 31
557 14 1 32
558 14 1 33
559 14 1 34
560 14 1 35
561 14 1 36
562 14 1 37
563 14 1 38
564 14 1 39
565 14 1 40
566 14 1 41
567 14 1 42
568 14 1 43
569 14 1 44
570 14 1 45
571 14 1 46
572 14 1 47
573 14 1 48
574 14 1 49
575 14 1 50
576 14 1 51
577 14 1 52
578 14 1 53
579 14 1 54
580 14 1 55
581 14 1 56
582 14 1 57
583 14 1 58
584 14 1 59
585 15 1 30
586 15 1 31
587 15 1 32
588 15 1 33
589 15 1 34
590 15 1 35
591 15 1 36
592 15 1 37
593 15 1 38
594 15 1 39
595 15 1 40
596 15 1 41
597 15 1 42
598 15 1 43
599 15 1 44
600 15 1 45
601 15 1 46
602 15 1 47
603 15 1 48
604 15 1 49
605 15 1 50
606 15 1 51
607 15 1 52
608 15 1 53
609 15 1 54
610 15 1 55
611 15 1 56
612 15 1 57
613 15 1 58
614 15 1 59
615 15 1 60
616 16 1 32
617 16 1 33
618 16 1 34
619 16 1 35
620 16 1 36
621 16 1 37
622 16 1 38
623 16 1 39
624 16 1 40
625 16 1 41
626 16 1 42
627 16 1 43
628 16 1 44
629 16 1 45
630 16 1 46
631 16 1 47
632 16 1 48
633 16 1 49
634 16 1 50
635 16 1 51
636 16 1 52
637 16 1 53
638 16 1 54
639 16 1 55
640 16 1 56
641 16 1 57
642 16 1 58
643 16 1 59
644 16 1 60
645 16 1 61
646 17 1 34
647 17 1 35
648 17 1 36
649 17 1 37
650 17 1 38
651 17 1 39
652 17 1 40
653 17 1 41
654 17 1 42
655 17 1 43
656 17 1 44
657 17 1 45
658 17 1 46
659 17 1 47
660 17 1 48
661 17 1 49
662 17 1 50
663 17 1 51
664 17 1 52
665 17 1 53
666 17 1 54
667 17 1 55
668 17 1 56
669 17 1 57
670 17 1 58
671 17 1 59
672 17 1 60
673 17 1 61
674 17 1 62
675 18 1 36
676 18 1 37
677 18 1 38
678 18 1 39
679 18 1 40
680 18 1 41
681 18 1 42
682 18 1 43
683 18 1 44
684 18 1 45
685 18 1 46
686 18 1 47
687 18 1 48
688 18 1 49
689 18 1 50
690 18 1 51
691 18 1 52
692 18 1 53
693 18 1 54
694 18 1 55
695 18 1 56
696 18 1 57
697 18 1 58
698 18 1 59
699 18 1 60
700 18 1 61
701 18 1 62
702 18 1 63
703 19 1 38
704 19 1 39
705 19 1 40
706 19 1 41
707 19 1 42
708 19 1 43
709 19 1 44
710 19 1 45
711 19 1 46
712 19 1 47
713 19 1 48
714 19 1 49
715 19 1 50
716 19 1 51
717 19 1 52
718 19 1 53
719 19 1 54
720 19 1 55
721 19 1 56
722 19 1 57
723 19 1 58
724 19 1 59
725 19 1 60
726 19 1 61
727 19 1 62
728 19 1 63
729 19 1 64
730 20 1 40
731 20 1 41
732 20 1 42
733 20 1 43
734 20 1 44
735 20 1 45
736 20 1 46
737 20 1 47
738 20 1 48
739 20 1 49
740 20 1 50
741 20 1 51
742 20 1 52
743 20 1 53
744 20 1 54
745 20 1 55
746 20 1 56
747 20 1 57
748 20 1 58
749 20 1 59
750 20 1 60
751 20 1 61
752 20 1 62
753 20 1 63
754 20 1 64
755 20 1 65
756 21 1 42
757 21 1 43
758 21 1 44
759 21 1 45
760 21 1 46
761 21 1 47
762 21 1 48
763 21 1 49
764 21 1 50
765 21 1 51
766 21 1 52
767 21 1 53
768 21 1 54
769 21 1 55
770 21 1 56
771 21 1 57
772 21 1 58
773 21 1 59
774 21 1 60
775 21 1 61
776 21 1 62
777 21 1 63
778 21 1 64
779 21 1 65
780 21 1 66
781 22 1 44
782 22 1 45
783 22 1 46
784 22 1 47
785 22 1 48
786 22 1 49
787 22 1 50
788 22 1 51
789 22 1 52
790 22 1 53
791 22 1 54
792 22 1 55
793 22 1 56
794 22 1 57
795 22 1 58
796 22 1 59
797 22 1 60
798 22 1 61
799 22 1 62
800 22 1 63
801 22 1 64
802 22 1 65
803 22 1 66
804 22 1 67
805 23 1 46
806 23 1 47
807 23 1 48
808 23 1 49
809 23 1 50
810 23 1 51
811 23 1 52
812 23 1 53
813 23 1 54
814 23 1 55
815 23 1 56
816 23 1 57
817 23 1 58
818 23 1 59
819 23 1 60
820 23 1 61
821 23 1 62
822 23 1 63
823 23 1 64
824 23 1 65
825 23 1 66
826 23 1 67
827 23 1 68
828 24 1 48
829 24 1 49
830 24 1 50
831 24 1 51
832 24 1 52
833 24 1 53
834 24 1 54
835 24 1 55
836 24 1 56
837 24 1 57
838 24 1 58
839 24 1 59
840 24 1 60
841 24 1 61
842 24 1 62
843 24 1 63
844 24 1 64
845 24 1 65
846 24 1 66
847 24 1 67
848 24 1 68
849 24 1 69
850 25 1 50
851 25 1 51
852 25 1 52
853 25 1 53
854 25 1 54
855 25 1 55
856 25 1 56
857 25 1 57
858 25 1 58
859 25 1 59
860 25 1 60
861 25 1 61
862 25 1 62
863 25 1 63
864 25 1 64
865 25 1 65
866 25 1 66
867 25 1 67
868 25 1 68
869 25 1 69
870 25 1 70
871 26 1 52
872 26 1 53
873 26 1 54
874 26 1 55
875 26 1 56
876 26 1 57
877 26 1 58
878 26 1 59
879 26 1 60
880 26 1 61
881 26 1 62
882 26 1 63
883 26 1 64
884 26 1 65
885 26 1 66
886 26 1 67
887 26 1 68
888 26 1 69
889 26 1 70
890 26 1 71
891 27 1 54
892 27 1 55
893 27 1 56
894 27 1 57
895 27 1 58
896 27 1 59
897 27 1 60
898 27 1 61
899 27 1 62
900 27 1 63
901 27 1 64
902 27 1 65
903 27 1 66
904 27 1 67
905 27 1 68
906 27 1 69
907 27 1 70
908 27 1 71
909 27 1 72
910 28 1 56
911 28 1 57
912 28 1 58
913 28 1 59
914 28 1 60
915 28 1 61
916 28 1 62
917 28 1 63
918 28 1 64
919 28 1 65
920 28 1 66
921 28 1 67
922 28 1 68
923 28 1 69
924 28 1 70
925 28 1 71
926 28 1 72
927 28 1 73
928 29 1 58
929 29 1 59
930 29 1 60
931 29 1 61
932 29 1 62
933 29 1 63
934 29 1 64
935 29 1 65
936 29 1 66
937 29 1 67
938 29 1 68
939 29 1 69
940 29 1 70
941 29 1 71
942 29 1 72
943 29 1 73
944 29 1 74
945 30 1 60
946 30 1 61
947 30 1 62
948 30 1 63
949 30 1 64
950 30 1 65
951 30 1 66
952 30 1 67
953 30 1 68
954 30 1 69
955 30 1 70
956 30 1 71
957 30 1 72
958 30 1 73
959 30 1 74
960 30 1 75
961 31 1 62
962 31 1 63
963 31 1 64
964 31 1 65
965 31 1 66
966 31 1 67
967 31 1 68
968 31 1 69
969 31 1 70
970 31 1 71
971 31 1 72
972 31 1 73
973 31 1 74
974 31 1 75
975 31 1 76
976 32 1 64
977 32 1 65
978 32 1 66
979 32 1 67
980 32 1 68
981 32 1 69
982 32 1 70
983 32 1 71
984 32 1 72
985 32 1 73
986 32 1 74
987 32 1 75
988 32 1 76
989 32 1 77
990 33 1 66
991 33 1 67
992 33 1 68
993 33 1 69
994 33 1 70
995 33 1 71
996 33 1 72
997 33 1 73
998 33 1 74
999 33 1 75
1000 33 1 76
1001 33 1 77
1002 33 1 78
1003 34 1 68
1004 34 1 69
1005 34 1 70
1006 34 1 71
1007 34 1 72
1008 34 1 73
1009 34 1 74
1010 34 1 75
1011 34 1 76
1012 34 1 77
1013 34 1 78
1014 34 1 79
1015 35 1 70
1016 35 1 71
1017 35 1 72
1018 35 1 73
1019 35 1 74
1020 35 1 75
1021 35 1 76
1022 35 1 77
1023 35 1 78
1024 35 1 79
1025 35 1 80
1026 36 1 72
1027 36 1 73
1028 36 1 74
1029 36 1 75
1030 36 1 76
1031 36 1 77
1032 36 1 78
1033 36 1 79
1034 36 1 80
1035 36 1 81
1036 37 1 74
1037 37 1 75
1038 37 1 76
1039 37 1 77
1040 37 1 78
1041 37 1 79
1042 37 1 80
1043 37 1 81
1044 37 1 82
1045 38 1 76
1046 38 1 77
1047 38 1 78
1048 38 1 79
1049 38 1 80
1050 38 1 81
1051 38 1 82
1052 38 1 83
1053 39 1 78
1054 39 1 79
1055 39 1 80
1056 39 1 81
1057 39 1 82
1058 39 1 83
1059 39 1 84
1060 40 1 80
1061 40 1 81
1062 40 1 82
1063 40 1 83
1064 40 1 84
1065 40 1 85
1066 41 1 82
1067 41 1 83
1068 41 1 84
1069 41 1 85
1070 41 1 86
1071 42 1 84
1072 42 1 85
1073 42 1 86
1074 42 1 87
1075 43 1 86
1076 43 1 87
1077 43 1 88
1078 44 1 88
1079 44 1 89
1080 45 1 90
1081 46 193 92
1082 45 225 91
1083 44 241 90
1084 43 249 89
1085 42 253 88
1086 41 255 87
1087 40 256 86
1088 39 128 85
1089 38 64 84
1090 37 32 83
1091 36 16 82
1092 35 8 81
1093 34 4 80
1094 33 2 79
1095 32 1 78
1096 31 129 77
1097 30 193 76
1098 29 225 75
1099 28 241 74
1100 27 249 73
1101 26 253 72
1102 25 255 71
1103 24 256 70
1104 23 128 69
1105 22 64 68
1106 21 32 67
1107 20 16 66
1108 19 8 65
1109 18 4 64
1110 17 2 63
1111 16 1 62
1112 15 129 61
1113 14 193 60
1114 13 225 59
1115 12 241 58
1116 11 249 57
1117 10 253 56
1118 9 255 55
1119 8 256 54
1120 7 128 53
1121 6 64 52
1122 5 32 51
1123 4 16 50
1124 47 193 94
1125 46 225 93
1126 45 241 92
1127 44 249 91
1128 43 253 90
1129 42 255 89
1130 41 256 88
1131 40 128 87
1132 39 64 86
1133 38 32 85
1134 37 16 84
1135 36 8 83
1136 35 4 82
1137 34 2 81
1138 33 1 80
1139 32 129 79
1140 31 193 78
1141 30 225 77
1142 29 241 76
1143 28 249 75
1144 27 253 74
1145 26 255 73
1146 25 256 72
1147 24 128 71
1148 23 64 70
1149 22 32 69
1150 21 16 68
1151 20 8 67
1152 19 4 66
1153 18 2 65
1154 17 1 64
1155 16 129 63
1156 15 193 62
1157 14 225 61
1158 13 241 60
1159 12 249 59
1160 11 253 58
1161 10 255 57
1162 9 256 56
1163 8 128 55
1164 7 64 54
1165 6 32 53
1166 48 193 96
1167 47 225 95
1168 46 241 94
1169 45 249 93
1170 44 253 92
1171 43 255 91
1172 42 256 90
1173 41 128 89
1174 40 64 88
1175 39 32 87
1176 38 16 86
1177 37 8 85
1178 36 4 84
1179 35 2 83
1180 34 1 82
1181 33 129 81
1182 32 193 80
1183 31 225 79
1184 30 241 78
1185 29 249 77
1186 28 253 76
1187 27 255 75
1188 26 256 74
1189 25 128 73
1190 24 64 72
1191 23 32 71
1192 22 16 70
1193 21 8 69
1194 20 4 68
1195 19 2 67
1196 18 1 66
1197 17 129 65
1198 16 193 64
1199 15 225 63
1200 14 241 62
1201 13 249 61
1202 12 253 60
1203 11 255 59
1204 10 256 58
1205 9 128 57
1206 8 64 56
1207 49 193 98
1208 48 225 97
1209 47 241 96
1210 46 249 95
1211 45 253 94
1212 44 255 93
1213 43 256 92
1214 42 128 91
1215 41 64 90
1216 40 32 89
1217 39 16 88
1218 38 8 87
1219 37 4 86
1220 36 2 85
1221 35 1 84
1222 34 129 83
1223 33 193 82
1224 32 225 81
1225 31 241 80
1226 30 249 79
1227 29 253 78
1228 28 255 77
1229 27 256 76
1230 26 128 75
1231 25 64 74
1232 24 32 73
1233 23 16 72
1234 22 8 71
1235 21 4 70
1236 20 2 69
1237 19 1 68
1238 18 129 67
1239 17 193 66
1240 16 225 65
1241 15 241 64
1242 14 249 63
1243 13 253 62
1244 12 255 61
1245 11 256 60
1246 10 128 59
1247 50 193 100
1248 49 225 99
1249 48 241 98
1250 47 249 97
1251 46 253 96
1252 45 255 95
1253 44 256 94
1254 43 128 93
1255 42 64 92
1256 41 32 91
1257 40 16 90
1258 39 8 89
1259 38 4 88
1260 37 2 87
1261 36 1 86
1262 35 129 85
1263 34 193 84
1264 33 225 83
1265 32 241 82
1266 31 249 81
1267 30 253 80
1268 29 255 79
1269 28 256 78
1270 27 128 77
1271 26 64 76
1272 25 32 75
1273 24 16 74
1274 23 8 73
1275 22 4 72
1276 21 2 71
1277 20 1 70
1278 19 129 69
1279 18 193 68
1280 17 225 67
1281 16 241 66
1282 15 249 65
1283 14 253 64
1284 13 255 63
1285 12 256 62
1286 51 193 102
1287 50 225 101
1288 49 241 100
1289 48 249 99
1290 47 253 98
1291 46 255 97
1292 45 256 96
1293 44 128 95
1294 43 64 94
1295 42 32 93
1296 41 16 92
1297 40 8 91
1298 39 4 90
1299 38 2 89
1300 37 1 88
1301 36 129 87
1302 35 193 86
1303 34 225 85
1304 33 241 84
1305 32 249 83
1306 31 253 82
1307 30 255 81
1308 29 256 80
1309 28 128 79
1310 27 64 78
1311 26 32 77
1312 25 16 76
1313 24 8 75
1314 23 4 74
1315 22 2 73
1316 21 1 72
1317 20 129 71
1318 19 193 70
1319 18 225 69
1320 17 241 68
1321 16 249 67
1322 15 253 66
1323 14 255 65
1324 52 193 104
1325 51 225 103
1326 50 241 102
1327 49 249 101
1328 48 253 100
1329 47 255 99
1330 46 256 98
1331 45 128 97
1332 44 64 96
1333 43 32 95
1334 42 16 94
1335 41 8 93
1336 40 4 92
1337 39 2 91
1338 38 1 90
1339 37 129 89
1340 36 193 88
1341 35 225 87
1342 34 241 86
1343 33 249 85
1344 32 253 84
1345 31 255 83
1346 30 256 82
1347 29 128 81
1348 28 64 80
1349 27 32 79
1350 26 16 78
1351 25 8 77
1352 24 4 76
1353 23 2 75
1354 22 1 74
1355 21 129 73
1356 20 193 72
1357 19 225 71
1358 18 241 70
1359 17 249 69
1360 16 253 68
1361 53 193 106
1362 52 225 105
1363 51 241 104
1364 50 249 103
1365 49 253 102
1366 48 255 101
1367 47 256 100
1368 46 128 99
1369 45 64 98
1370 44 32 97
1371 43 16 96
1372 42 8 95
1373 41 4 94
1374 40 2 93
1375 39 1 92
1376 38 129 91
1377 37 193 90
1378 36 225 89
1379 35 241 88
1380 34 249 87
1381 33 253 86
1382 32 255 85
1383 31 256 84
1384 30 128 83
1385 29 64 82
1386 28 32 81
1387 27 16 80
1388 26 8 79
1389 25 4 78
1390 24 2 77
1391 23 1 76
1392 22 129 75
1393 21 193 74
1394 20 225 73
1395 19 241 72
1396 18 249 71
1397 54 193 108
1398 53 225 107
1399 52 241 106
1400 51 249 105
1401 50 253 104
1402 49 255 103
1403 48 256 102
1404 47 128 101
1405 46 64 100
1406 45 32 99
1407 44 16 98
1408 43 8 97
1409 42 4 96
1410 41 2 95
1411 40 1 94
1412 39 129 93
1413 38 193 92
1414 37 225 91
1415 36 241 90
1416 35 249 89
1417 34 253 88
1418 33 255 87
1419 32 256 86
1420 31 128 85
1421 30 64 84
1422 29 32 83
1423 28 16 82
1424 27 8 81
1425 26 4 80
1426 25 2 79
1427 24 1 78
1428 23 129 77
1429 22 193 76
1430 21 225 75
1431 20 241 74
1432 55 193 110
1433 54 225 109
1434 53 241 108
1435 52 249 107
1436 51 253 106
1437 50 255 105
1438 49 256 104
1439 48 128 103
1440 47 64 102
1441 46 32 101
1442 45 16 100
1443 44 8 99
1444 43 4 98
1445 42 2 97
1446 41 1 96
1447 40 129 95
1448 39 193 94
1449 38 225 93
1450 37 241 92
1451 36 249 91
1452 35 253 90
1453 34 255 89
1454 33 256 88
1455 32 128 87
1456 31 64 86
1457 30 32 85
1458 29 16 84
1459 28 8 83
1460 27 4 82
1461 26 2 81
1462 25 1 80
1463 24 129 79
1464 23 193 78
1465 22 225 77
1466 56 193 112
1467 55 225 111
1468 54 241 110
1469 53 249 109
1470 52 253 108
1471 51 255 107
1472 50 256 106
1473 49 128 105
1474 48 64 104
1475 47 32 103
1476 46 16 102
1477 45 8 101
1478 44 4 100
1479 43 2 99
1480 42 1 98
1481 41 129 97
1482 40 193 96
1483 39 225 95
1484 38 241 94
1485 37 249 93
1486 36 253 92
1487 35 255 91
1488 34 256 90
1489 33 128 89
1490 32 64 88
1491 31 32 87
1492 30 16 86
1493 29 8 85
1494 28 4 84
1495 27 2 83
1496 26 1 82
1497 25 129 81
1498 24 193 80
1499 57 193 114
1500 56 225 113
1501 55 241 112
1502 54 249 111
1503 53 253 110
1504 52 255 109
1505 51 256 108
1506 50 128 107
1507 49 64 106
1508 48 32 105
1509 47 16 104
1510 46 8 103
1511 45 4 102
1512 44 2 101
1513 43 1 100
1514 42 129 99
1515 41 193 98
1516 40 225 97
1517 39 241 96
1518 38 249 95
1519 37 253 94
1520 36 255 93
1521 35 256 92
1522 34 128 91
1523 33 64 90
1524 32 32 89
1525 31 16 88
1526 30 8 87
1527 29 4 86
1528 28 2 85
1529 27 1 84
1530 26 129 83
1531 58 193 116
1532 57 225 115
1533 56 241 114
1534 55 249 113
1535 54 253 112
1536 53 255 111
1537 52 256 110
1538 51 128 109
1539 50 64 108
1540 49 32 107
1541 48 16 106
1542 47 8 105
1543 46 4 104
1544 45 2 103
1545 44 1 102
1546 43 129 101
1547 42 193 100
1548 41 225 99
1549 40 241 98
1550 39 249 97
1551 38 253 96
1552 37 255 95
1553 36 256 94
1554 35 128 93
1555 34 64 92
1556 33 32 91
1557 32 16 90
1558 31 8 89
1559 30 4 88
1560 29 2 87
1561 28 1 86
1562 59 193 118
1563 58 225 117
1564 57 241 116
1565 56 249 115
1566 55 253 114
1567 54 255 113
1568 53 256 112
1569 52 128 111
1570 51 64 110
1571 50 32 109
1572 49 16 108
1573 48 8 107
1574 47 4 106
1575 46 2 105
1576 45 1 104
1577 44 129 103
1578 43 193 102
1579 42 225 101
1580 41 241 100
1581 40 249 99
1582 39 253 98
1583 38 255 97
1584 37 256 96
1585 36 128 95
1586 35 64 94
1587 34 32 93
1588 33 16 92
1589 32 8 91
1590 31 4 90
1591 30 2 89
1592 60 193 120
1593 59 225 119
1594 58 241 118
1595 57 249 117
1596 56 253 116
1597 55 255 115
1598 54 256 114
1599 53 128 113
1600 52 64 112
1601 51 32 111
1602 50 16 110
1603 49 8 109
1604 48 4 108
1605 47 2 107
1606 46 1 106
1607 45 129 105
1608 44 193 104
1609 43 225 103
1610 42 241 102
1611 41 249 101
1612 40 253 100
1613 39 255 99
1614 38 256 98
1615 37 128 97
1616 36 64 96
1617 35 32 95
1618 34 16 94
1619 33 8 93
1620 32 4 92
1621 61 193 122
1622 60 225 121
1623 59 241 120
1624 58 249 119
1625 57 253 118
1626 56 255 117
1627 55 256 116
1628 54 128 115
1629 53 64 114
1630 52 32 113
1631 51 16 112
1632 50 8 111
1633 49 4 110
1634 48 2 109
1635 47 1 108
1636 46 129 107
1637 45 193 106
1638 44 225 105
1639 43 241 104
1640 42 249 103
1641 41 253 102
1642 40 255 101
1643 39 256 100
1644 38 128 99
1645 37 64 98
1646 36 32 97
1647 35 16 96
1648 34 8 95
1649 62 193 124
1650 61 225 123
1651 60 241 122
1652 59 249 121
1653 58 253 120
1654 57 255 119
1655 56 256 118
1656 55 128 117
1657 54 64 116
1658 53 32 115
1659 52 16 114
1660 51 8 113
1661 50 4 112
1662 49 2 111
1663 48 1 110
1664 47 129 109
1665 46 193 108
1666 45 225 107
1667 44 241 106
1668 43 249 105
1669 42 253 104
1670 41 255 103
1671 40 256 102
1672 39 128 101
1673 38 64 100
1674 37 32 99
1675 36 16 98
1676 63 193 126
1677 62 225 125
1678 61 241 124
1679 60 249 123
1680 59 253 122
1681 58 255 121
1682 57 256 120
1683 56 128 119
1684 55 64 118
1685 54 32 117
1686 53 16 116
1687 52 8 115
1688 51 4 114
1689 50 2 113
1690 49 1 112
1691 48 129 111
1692 47 193 110
1693 46 225 109
1694 45 241 108
1695 44 249 107
1696 43 253 106
1697 42 255 105
1698 41 256 104
1699 40 128 103
1700 39 64 102
1701 38 32 101
1702 64 193 128
1703 63 225 127
1704 62 241 126
1705 61 249 125
1706 60 253 124
1707 59 255 123
1708 58 256 122
1709 57 128 121
1710 56 64 120
1711 55 32 119
1712 54 16 118
1713 53 8 117
1714 52 4 116
1715 51 2 115
1716 50 1 114
1717 49 129 113
1718 48 193 112
1719 47 225 111
1720 46 241 110
1721 45 249 109
1722 44 253 108
1723 43 255 107
1724 42 256 106
1725 41 128 105
1726 40 64 104
1727 65 193 130
1728 64 225 129
1729 63 241 128
1730 62 249 127
1731 61 253 126
1732 60 255 125
1733 59 256 124
1734 58 128 123
1735 57 64 122
1736 56 32 121
1737 55 16 120
1738 54 8 119
1739 53 4 118
1740 52 2 117
1741 51 1 116
1742 50 129 115
1743 49 193 114
1744 48 225 113
1745 47 241 112
1746 46 249 111
1747 45 253 110
1748 44 255 109
1749 43 256 108
1750 42 128 107
1751 66 193 132
1752 65 225 131
1753 64 241 130
1754 63 249 129
1755 62 253 128
1756 61 255 127
1757 60 256 126
1758 59 128 125
1759 58 64 124
1760 57 32 123
1761 56 16 122
1762 55 8 121
1763 54 4 120
1764 53 2 119
1765 52 1 118
1766 51 129 117
1767 50 193 116
1768 49 225 115
1769 48 241 114
1770 47 249 113
1771 46 253 112
1772 45 255 111
1773 44 256 110
1774 67 193 134
1775 66 225 133
1776 65 241 132
1777 64 249 131
1778 63 253 130
1779 62 255 129
1780 61 256 128
1781 60 128 127
1782 59 64 126
1783 58 32 125
1784 57 16 124
1785 56 8 123
1786 55 4 122
1787 54 2 121
1788 53 1 120
1789 52 129 119
1790 51 193 118
1791 50 225 117
1792 49 241 116
1793 48 249 115
1794 47 253 114
1795 46 255 113
1796 68 193 136
1797 67 225 135
1798 66 241 134
1799 65 249 133
1800 64 253 132
1801 63 255 131
1802 62 256 130
1803 61 128 129
1804 60 64 128
1805 59 32 127
1806 58 16 126
1807 57 8 125
1808 56 4 124
1809 55 2 123
1810 54 1 122
1811 53 129 121
1812 52 193 120
1813 51 225 119
1814 50 241 118
1815 49 249 117
1816 48 253 116
1817 69 193 138
1818 68 225 137
1819 67 241 136
1820 66 249 135
1821 65 253 134
1822 64 255 133
1823 63 256 132
1824 62 128 131
1825 61 64 130
1826 60 32 129
1827 59 16 128
1828 58 8 127
1829 57 4 126
1830 56 2 125
1831 55 1 124
1832 54 129 123
1833 53 193 122
1834 52 225 121
1835 51 241 120
1836 50 249 119
1837 70 193 140
1838 69 225 139
1839 68 241 138
1840 67 249 137
1841 66 253 136
1842 65 255 135
1843 64 256 134
1844 63 128 133
1845 62 64 132
1846 61 32 131
1847 60 16 130
1848 59 8 129
1849 58 4 128
1850 57 2 127
1851 56 1 126
1852 55 129 125
1853 54 193 124
1854 53 225 123
1855 52 241 122
1856 71 193 142
1857 70 225 141
1858 69 241 140
1859 68 249 139
1860 67 253 138
1861 66 255 137
1862 65 256 136
1863 64 128 135
1864 63 64 134
1865 62 32 133
1866 61 16 132
1867 60 8 131
1868 59 4 130
1869 58 2 129
1870 57 1 128
1871 56 129 127
1872 55 193 126
1873 54 225 125
1874 72 193 144
1875 71 225 143
1876 70 241 142
1877 69 249 141
1878 68 253 140
1879 67 255 139
1880 66 256 138
1881 65 128 137
1882 64 64 136
1883 63 32 135
1884 62 16 134
1885 61 8 133
1886 60 4 132
1887 59 2 131
1888 58 1 130
1889 57 129 129
1890 56 193 128
1891 73 193 146
1892 72 225 145
1893 71 241 144
1894 70 249 143
1895 69 253 142
1896 68 255 141
1897 67 256 140
1898 66 128 139
1899 65 64 138
1900 64 32 137
1901 63 16 136
1902 62 8 135
1903 61 4 134
1904 60 2 133
1905 59 1 132
1906 58 129 131
1907 74 193 148
1908 73 225 147
1909 72 241 146
1910 71 249 145
1911 70 253 144
1912 69 255 143
1913 68 256 142
1914 67 128 141
1915 66 64 140
1916 65 32 139
1917 64 16 138
1918 63 8 137
1919 62 4 136
1920 61 2 135
1921 60 1 134
1922 75 193 150
1923 74 225 149
1924 73 241 148
1925 72 249 147
1926 71 253 146
1927 70 255 145
1928 69 256 144
1929 68 128 143
1930 67 64 142
1931 66 32 141
1932 65 16 140
1933 64 8 139
1934 63 4 138
1935 62 2 137
1936 76 193 152
1937 75 225 151
1938 74 241 150
1939 73 249 149
1940 72 253 148
1941 71 255 147
1942 70 256 146
1943 69 128 145
1944 68 64 144
1945 67 32 143
1946 66 16 142
1947 65 8 141
1948 64 4 140
1949 77 193 154
1950 76 225 153
1951 75 241 152
1952 74 249 151
1953 73 253 150
1954 72 255 149
1955 71 256 148
1956 70 128 147
1957 69 64 146
1958 68 32 145
1959 67 16 144
1960 66 8 143
1961 78 193 156
1962 77 225 155
1963 76 241 154
1964 75 249 153
1965 74 253 152
1966 73 255 151
1967 72 256 150
1968 71 128 149
1969 70 64 148
1970 69 32 147
1971 68 16 146
1972 79 193 158
1973 78 225 157
1974 77 241 156
1975 76 249 155
1976 75 253 154
1977 74 255 153
1978 73 256 152
1979 72 128 151
1980 71 64 150
1981 70 32 149
1982 80 193 160
1983 79 225 159
1984 78 241 158
1985 77 249 157
1986 76 253 156
1987 75 255 155
1988 74 256 154
1989 73 128 153
1990 72 64 152
1991 81 193 162
1992 80 225 161
1993 79 241 160
1994 78 249 159
1995 77 253 158
1996 76 255 157
1997 75 256 156
1998 74 128 155
1999 82 193 164
2000 81 225 163
2001 80 241 162
2002 79 249 161
2003 78 253 160
2004 77 255 159
2005 76 256 158
2006 83 193 166
2007 82 225 165
2008 81 241 164
2009 80 249 163
2010 79 253 162
2011 78 255 161
2012 84 193 168
2013 83 225 167
2014 82 241 166
2015 81 249 165
2016 80 253 164
2017 85 193 170
2018 84 225 169
2019 83 241 168
2020 82 249 167
2021 86 193 172
2022 85 225 171
2023 84 241 170
2024 87 193 174
2025 86 225 173
2026 88 193 176
2027 0 1 46
2028 0 1 47
2029 0 1 48
2030 0 1 49
2031 0 1 50
2032 0 1 51
2033 0 1 52
2034 0 1 53
2035 0 1 54
2036 0 1 55
2037 0 1 56
2038 0 1 57
2039 0 1 58
2040 0 1 59
2041 0 1 60
2042 0 1 61
2043 0 1 62
2044 0 1 63
2045 0 1 64
2046 0 1 65
2047 0 1 66
2048 0 1 67
2049 0 1 68
2050 0 1 69
2051 0 1 70
2052 0 1 71
2053 0 1 72
2054 0 1 73
2055 0 1 74
2056 0 1 75
2057 0 1 76
2058 0 1 77
2059 0 1 78
2060 0 1 79
2061 0 1 80
2062 0 1 81
2063 0 1 82
2064 0 1 83
2065 0 1 84
2066 0 1 85
2067 0 1 86
2068 1 1 47
2069 1 1 48
2070 1 1 49
2071 1 1 50
2072 1 1 51
2073 1 1 52
2074 1 1 53
2075 1 1 54
2076 1 1 55
2077 1 1 56
2078 1 1 57
2079 1 1 58
2080 1 1 59
2081 1 1 60
2082 1 1 61
2083 1 1 62
2084 1 1 63
2085 1 1 64
2086 1 1 65
2087 1 1 66
2088 1 1 67
2089 1 1 68
2090 1 1 69
2091 1 1 70
2092 1 1 71
2093 1 1 72
2094 1 1 73
2095 1 1 74
2096 1 1 75
2097 1 1 76
2098 1 1 77
2099 1 1 78
2100 1 1 79
2101 1 1 80
2102 1 1 81
2103 1 1 82
2104 1 1 83
2105 1 1 84
2106 1 1 85
2107 1 1 86
2108 2 1 48
2109 2 1 49
2110 2 1 50
2111 2 1 51
2112 2 1 52
2113 2 1 53
2114 2 1 54
2115 2 1 55
2116 2 1 56
2117 2 1 57
2118 2 1 58
2119 2 1 59
2120 2 1 60
2121 2 1 61
2122 2 1 62
2123 2 1 63
2124 2 1 64
2125 2 1 65
2126 2 1 66
2127 2 1 67
2128 2 1 68
2129 2 1 69
2130 2 1 70
2131 2 1 71
2132 2 1 72
2133 2 1 73
2134 2 1 74
2135 2 1 75
2136 2 1 76
2137 2 1 77
2138 2 1 78
2139 2 1 79
2140 2 1 80
2141 2 1 81
2142 2 1 82
2143 2 1 83
2144 2 1 84
2145 2 1 85
2146 2 1 86
2147 3 1 49
2148 3 1 50
2149 3 1 51
2150 3 1 52
2151 3 1 53
2152 3 1 54
2153 3 1 55
2154 3 1 56
2155 3 1 57
2156 3 1 58
2157 3 1 59
2158 3 1 60
2159 3 1 61
2160 3 1 62
2161 3 1 63
2162 3 1 64
2163 3 1 65
2164 3 1 66
2165 3 1 67
2166 3 1 68
2167 3 1 69
2168 3 1 70
2169 3 1 71
2170 3 1 72
2171 3 1 73
2172 3 1 74
2173 3 1 75
2174 3 1 76
2175 3 1 77
2176 3 1 78
2177 3 1 79
2178 3 1 80
2179 3 1 81
2180 3 1 82
2181 3 1 83
2182 3 1 84
2183 3 1 85
2184 3 1 86
2185 4 1 51
2186 4 1 52
2187 5 255 52
2188 4 1 53
2189 4 1 54
2190 4 1 55
2191 4 1 56
2192 4 1 57
2193 4 1 58
2194 4 1 59
2195 4 1 60
2196 4 1 61
2197 4 1 62
2198 4 1 63
2199 4 1 64
2200 4 1 65
2201 4 1 66
2202 4 1 67
2203 4 1 68
2204 4 1 69
2205 4 1 70
2206 4 1 71
2207 4 1 72
2208 4 1 73
2209 4 1 74
2210 4 1 75
2211 4 1 76
2212 4 1 77
2213 4 1 78
2214 4 1 79
2215 4 1 80
2216 4 1 81
2217 4 1 82
2218 4 1 83
2219 4 1 84
2220 4 1 85
2221 4 1 86
2222 5 1 53
2223 5 1 54
2224 6 255 54
2225 5 1 55
2226 7 4 55
2227 5 1 56
2228 5 1 57
2229 5 1 58
2230 5 1 59
2231 5 1 60
2232 5 1 61
2233 5 1 62
2234 5 1 63
2235 5 1 64
2236 5 1 65
2237 5 1 66
2238 5 1 67
2239 5 1 68
2240 5 1 69
2241 5 1 70
2242 5 1 71
2243 5 1 72
2244 5 1 73
2245 5 1 74
2246 5 1 75
2247 5 1 76
2248 5 1 77
2249 5 1 78
2250 5 1 79
2251 5 1 80
2252 5 1 81
2253 5 1 82
2254 5 1 83
2255 5 1 84
2256 5 1 85
2257 5 1 86
2258 6 1 55
2259 6 1 56
2260 7 255 56
2261 6 1 57
2262 8 4 57
2263 6 1 58
2264 9 249 58
2265 6 1 59
2266 6 1 60
2267 6 1 61
2268 6 1 62
2269 6 1 63
2270 6 1 64
2271 6 1 65
2272 6 1 66
2273 6 1 67
2274 6 1 68
2275 6 1 69
2276 6 1 70
2277 6 1 71
2278 6 1 72
2279 6 1 73
2280 6 1 74
2281 6 1 75
2282 6 1 76
2283 6 1 77
2284 6 1 78
2285 6 1 79
2286 6 1 80
2287 6 1 81
2288 6 1 82
2289 6 1 83
2290 6 1 84
2291 6 1 85
2292 6 1 86
2293 7 1 57
2294 7 1 58
2295 8 255 58
2296 7 1 59
2297 9 4 59
2298 7 1 60
2299 10 249 60
2300 7 1 61
2301 11 16 61
2302 7 1 62
2303 7 1 63
2304 7 1 64
2305 7 1 65
2306 7 1 66
2307 7 1 67
2308 7 1 68
2309 7 1 69
2310 7 1 70
2311 7 1 71
2312 7 1 72
2313 7 1 73
2314 7 1 74
2315 7 1 75
2316 7 1 76
2317 7 1 77
2318 7 1 78
2319 7 1 79
2320 7 1 80
2321 7 1 81
2322 7 1 82
2323 7 1 83
2324 7 1 84
2325 7 1 85
2326 7 1 86
2327 8 1 59
2328 8 1 60
2329 9 255 60
2330 8 1 61
2331 10 4 61
2332 8 1 62
2333 11 249 62
2334 8 1 63
2335 12 16 63
2336 8 1 64
2337 13 225 64
2338 8 1 65
2339 8 1 66
2340 8 1 67
2341 8 1 68
2342 8 1 69
2343 8 1 70
2344 8 1 71
2345 8 1 72
2346 8 1 73
2347 8 1 74
2348 8 1 75
2349 8 1 76
2350 8 1 77
2351 8 1 78
2352 8 1 79
2353 8 1 80
2354 8 1 81
2355 8 1 82
2356 8 1 83
2357 8 1 84
2358 8 1 85
2359 8 1 86
2360 9 1 61
2361 9 1 62
2362 10 255 62
2363 9 1 63
2364 11 4 63
2365 9 1 64
2366 12 249 64
2367 9 1 65
2368 13 16 65
2369 9 1 66
2370 14 225 66
2371 9 1 67
2372 15 64 67
2373 9 1 68
2374 9 1 69
2375 9 1 70
2376 9 1 71
2377 9 1 72
2378 9 1 73
2379 9 1 74
2380 9 1 75
2381 9 1 76
2382 9 1 77
2383 9 1 78
2384 9 1 79
2385 9 1 80
2386 9 1 81
2387 9 1 82
2388 9 1 83
2389 9 1 84
2390 9 1 85
2391 9 1 86
2392 10 1 63
2393 10 1 64
2394 11 255 64
2395 10 1 65
2396 12 4 65
2397 10 1 66
2398 13 249 66
2399 10 1 67
2400 14 16 67
2401 10 1 68
2402 15 225 68
2403 10 1 69
2404 16 64 69
2405 10 1 70
2406 17 129 70
2407 10 1 71
2408 10 1 72
2409 10 1 73
2410 10 1 74
2411 10 1 75
2412 10 1 76
2413 10 1 77
2414 10 1 78
2415 10 1 79
2416 10 1 80
2417 10 1 81
2418 10 1 82
2419 10 1 83
2420 10 1 84
2421 10 1 85
2422 10 1 86
2423 11 1 65
2424 11 1 66
2425 12 255 66
2426 11 1 67
2427 13 4 67
2428 11 1 68
2429 14 249 68
2430 11 1 69
2431 15 16 69
2432 11 1 70
2433 16 225 70
2434 11 1 71
2435 17 64 71
2436 11 1 72
2437 18 129 72
2438 11 1 73
2439 19 256 73
2440 11 1 74
2441 11 1 75
2442 11 1 76
2443 11 1 77
2444 11 1 78
2445 11 1 79
2446 11 1 80
2447 11 1 81
2448 11 1 82
2449 11 1 83
2450 11 1 84
2451 11 1 85
2452 11 1 86
2453 12 1 67
2454 12 1 68
2455 13 255 68
2456 12 1 69
2457 14 4 69
2458 12 1 70
2459 15 249 70
2460 12 1 71
2461 16 16 71
2462 12 1 72
2463 17 225 72
2464 12 1 73
2465 18 64 73
2466 12 1 74
2467 19 129 74
2468 12 1 75
2469 20 256 75
2470 12 1 76
2471 21 2 76
2472 12 1 77
2473 12 1 78
2474 12 1 79
2475 12 1 80
2476 12 1 81
2477 12 1 82
2478 12 1 83
2479 12 1 84
2480 12 1 85
2481 12 1 86
2482 13 1 69
2483 13 1 70
2484 14 255 70
2485 13 1 71
2486 15 4 71
2487 13 1 72
2488 16 249 72
2489 13 1 73
2490 17 16 73
2491 13 1 74
2492 18 225 74
2493 13 1 75
2494 19 64 75
2495 13 1 76
2496 20 129 76
2497 13 1 77
2498 21 256 77
2499 13 1 78
2500 22 2 78
2501 13 1 79
2502 23 253 79
2503 13 1 80
2504 13 1 81
2505 13 1 82
2506 13 1 83
2507 13 1 84
2508 13 1 85
2509 13 1 86
2510 14 1 71
2511 14 1 72
2512 15 255 72
2513 14 1 73
2514 16 4 73
2515 14 1 74
2516 17 249 74
2517 14 1 75
2518 18 16 75
2519 14 1 76
2520 19 225 76
2521 14 1 77
2522 20 64 77
2523 14 1 78
2524 21 129 78
2525 14 1 79
2526 22 256 79
2527 14 1 80
2528 23 2 80
2529 14 1 81
2530 24 253 81
2531 14 1 82
2532 25 8 82
2533 14 1 83
2534 14 1 84
2535 14 1 85
2536 14 1 86
2537 15 1 73
2538 15 1 74
2539 16 255 74
2540 15 1 75
2541 17 4 75
2542 15 1 76
2543 18 249 76
2544 15 1 77
2545 19 16 77
2546 15 1 78
2547 20 225 78
2548 15 1 79
2549 21 64 79
2550 15 1 80
2551 22 129 80
2552 15 1 81
2553 23 256 81
2554 15 1 82
2555 24 2 82
2556 15 1 83
2557 25 253 83
2558 15 1 84
2559 26 8 84
2560 15 1 85
2561 27 241 85
2562 15 1 86
2563 16 1 75
2564 16 1 76
2565 17 255 76
2566 16 1 77
2567 18 4 77
2568 16 1 78
2569 19 249 78
2570 16 1 79
2571 20 16 79
2572 16 1 80
2573 21 225 80
2574 16 1 81
2575 22 64 81
2576 16 1 82
2577 23 129 82
2578 16 1 83
2579 24 256 83
2580 16 1 84
2581 25 2 84
2582 16 1 85
2583 26 253 85
2584 16 1 86
2585 27 8 86
2586 15 6 87
2587 16 1 87
2588 17 1 77
2589 17 1 78
2590 18 255 78
2591 17 1 79
2592 19 4 79
2593 17 1 80
2594 20 249 80
2595 17 1 81
2596 21 16 81
2597 17 1 82
2598 22 225 82
2599 17 1 83
2600 23 64 83
2601 17 1 84
2602 24 129 84
2603 17 1 85
2604 25 256 85
2605 17 1 86
2606 26 2 86
2607 13 125 87
2608 14 100 87
2609 17 1 87
2610 28 52 87
2611 17 1 88
2612 18 1 79
2613 18 1 80
2614 19 255 80
2615 18 1 81
2616 20 4 81
2617 18 1 82
2618 21 249 82
2619 18 1 83
2620 22 16 83
2621 18 1 84
2622 23 225 84
2623 18 1 85
2624 24 64 85
2625 18 1 86
2626 25 129 86
2627 11 75 87
2628 12 67 87
2629 18 1 87
2630 27 57 87
2631 15 39 88
2632 16 134 88
2633 18 1 88
2634 29 110 88
2635 19 1 81
2636 19 1 82
2637 20 255 82
2638 19 1 83
2639 21 4 83
2640 19 1 84
2641 22 249 84
2642 19 1 85
2643 23 16 85
2644 19 1 86
2645 24 225 86
2646 9 213 87
2647 10 196 87
2648 19 1 87
2649 26 17 87
2650 13 231 88
2651 14 83 88
2652 19 1 88
2653 28 121 88
2654 17 13 89
2655 18 216 89
2656 19 1 89
2657 20 1 83
2658 20 1 84
2659 21 255 84
2660 20 1 85
2661 22 4 85
2662 20 1 86
2663 23 249 86
2664 7 111 87
2665 8 79 87
2666 20 1 87
2667 25 117 87
2668 11 234 88
2669 12 9 88
2670 20 1 88
2671 27 34 88
2672 15 249 89
2673 16 243 89
2674 20 1 89
2675 29 227 89
2676 19 194 90
2677 20 1 90
2678 21 1 85
2679 21 1 86
2680 22 255 86
2681 5 17 87
2682 6 15 87
2683 21 1 87
2684 24 27 87
2685 9 46 88
2686 10 42 88
2687 21 1 88
2688 26 47 88
2689 13 177 89
2690 14 76 89
2691 21 1 89
2692 28 245 89
2693 17 253 90
2694 18 250 90
2695 21 1 90
2696 30 92 90
2697 21 1 91
2698 4 193 87
2699 22 1 87
2700 23 13 87
2701 7 2 88
2702 8 32 88
2703 22 1 88
2704 25 53 88
2705 11 235 89
2706 12 114 89
2707 22 1 89
2708 27 16 89
2709 15 141 90
2710 16 213 90
2711 22 1 90
2712 29 74 90
2713 19 184 91
2714 20 65 91
2715 22 1 91
2716 31 149 91
2717 6 50 88
2718 23 1 88
2719 24 62 88
2720 9 129 89
2721 10 8 89
2722 23 1 89
2723 26 2 89
2724 13 64 90
2725 14 159 90
2726 23 1 90
2727 28 26 90
2728 17 94 91
2729 18 142 91
2730 23 1 91
2731 30 75 91
2732 21 184 92
2733 22 65 92
2734 23 1 92
2735 8 42 89
2736 24 1 89
2737 25 49 89
2738 11 103 90
2739 12 106 90
2740 24 1 90
2741 27 96 90
2742 15 158 91
2743 16 256 91
2744 24 1 91
2745 29 118 91
2746 19 249 92
2747 20 59 92
2748 24 1 92
2749 31 250 92
2750 23 74 93
2751 24 1 93
2752 10 80 90
2753 25 1 90
2754 26 181 90
2755 13 169 91
2756 14 134 91
2757 25 1 91
2758 28 22 91
2759 17 46 92
2760 18 42 92
2761 25 1 92
2762 30 45 92
2763 21 196 93
2764 22 225 93
2765 25 1 93
2766 32 97 93
2767 25 1 94
2768 12 214 91
2769 26 1 91
2770 27 17 91
2771 15 130 92
2772 16 24 92
2773 26 1 92
2774 29 115 92
2775 19 167 93
2776 20 186 93
2777 26 1 93
2778 31 90 93
2779 23 105 94
2780 24 93 94
2781 26 1 94
2782 33 5 94
2783 14 6 92
2784 27 1 92
2785 28 254 92
2786 17 130 93
2787 18 24 93
2788 27 1 93
2789 30 126 93
2790 21 131 94
2791 22 209 94
2792 27 1 94
2793 32 74 94
2794 25 210 95
2795 26 186 95
2796 27 1 95
2797 16 223 93
2798 28 1 93
2799 29 207 93
2800 19 72 94
2801 20 124 94
2802 28 1 94
2803 31 180 94
2804 23 33 95
2805 24 86 95
2806 28 1 95
2807 33 26 95
2808 27 26 96
2809 28 1 96
2810 18 46 94
2811 29 1 94
2812 30 202 94
2813 21 218 95
2814 22 147 95
2815 29 1 95
2816 32 13 95
2817 25 10 96
2818 26 65 96
2819 29 1 96
2820 34 91 96
2821 29 1 97
2822 20 137 95
2823 30 1 95
2824 31 253 95
2825 23 179 96
2826 24 37 96
2827 30 1 96
2828 33 175 96
2829 27 102 97
2830 28 149 97
2831 30 1 97
2832 35 32 97
2833 22 41 96
2834 31 1 96
2835 32 124 96
2836 25 62 97
2837 26 221 97
2838 31 1 97
2839 34 242 97
2840 29 117 98
2841 30 118 98
2842 31 1 98
2843 24 34 97
2844 32 1 97
2845 33 105 97
2846 27 48 98
2847 28 254 98
2848 32 1 98
2849 35 227 98
2850 31 99 99
2851 32 1 99
2852 26 222 98
2853 33 1 98
2854 34 251 98
2855 29 192 99
2856 30 245 99
2857 33 1 99
2858 36 182 99
2859 33 1 100
2860 28 137 99
2861 34 1 99
2862 35 147 99
2863 31 176 100
2864 32 246 100
2865 34 1 100
2866 37 214 100
2867 30 251 100
2868 35 1 100
2869 36 248 100
2870 33 204 101
2871 34 180 101
2872 35 1 101
2873 32 172 101
2874 36 1 101
2875 37 245 101
2876 35 241 102
2877 36 1 102
2878 34 5 102
2879 37 1 102
2880 38 239 102
2881 37 1 103
2882 36 139 103
2883 38 1 103
2884 39 221 103
2885 38 50 104
2886 39 1 104
2887 40 1 105
2888 41 155 106
2889 40 223 106
2890 39 160 105
2891 38 139 105
2892 37 132 104
2893 36 44 104
2894 35 186 103
2895 34 62 103
2896 33 192 102
2897 32 64 102
2898 31 107 101
2899 30 207 101
2900 29 69 100
2901 28 23 100
2902 27 179 99
2903 26 231 99
2904 25 77 98
2905 24 197 98
2906 23 237 97
2907 22 79 97
2908 21 112 96
2909 20 123 96
2910 19 41 95
2911 18 185 95
2912 17 233 94
2913 16 249 94
2914 15 83 93
2915 14 199 93
2916 13 152 92
2917 12 222 92
2918 11 74 91
2919 42 155 108
2920 41 223 107
2921 40 160 107
2922 39 139 106
2923 38 132 106
2924 37 44 105
2925 36 186 105
2926 35 62 104
2927 34 192 104
2928 33 64 103
2929 32 107 103
2930 31 207 102
2931 30 69 102
2932 29 23 101
2933 28 179 101
2934 27 231 100
2935 26 77 100
2936 25 197 99
2937 24 237 99
2938 23 79 98
2939 22 112 98
2940 21 123 97
2941 20 41 97
2942 19 185 96
2943 18 233 96
2944 17 249 95
2945 16 83 95
2946 15 199 94
2947 14 152 94
2948 13 222 93
2949 43 155 109
2950 42 223 109
2951 41 160 108
2952 40 139 108
2953 39 132 107
2954 38 44 107
2955 37 186 106
2956 36 62 106
2957 35 192 105
2958 34 64 105
2959 33 107 104
2960 32 207 104
2961 31 69 103
2962 30 23 103
2963 29 179 102
2964 28 231 102
2965 27 77 101
2966 26 197 101
2967 25 237 100
2968 24 79 100
2969 23 112 99
2970 22 123 99
2971 21 41 98
2972 20 185 98
2973 19 233 97
2974 18 249 97
2975 17 83 96
2976 16 199 96
2977 15 152 95
2978 44 155 111
2979 43 223 110
2980 42 160 110
2981 41 139 109
2982 40 132 109
2983 39 44 108
2984 38 186 108
2985 37 62 107
2986 36 192 107
2987 35 64 106
2988 34 107 106
2989 33 207 105
2990 32 69 105
2991 31 23 104
2992 30 179 104
2993 29 231 103
2994 28 77 103
2995 27 197 102
2996 26 237 102
2997 25 79 101
2998 24 112 101
2999 23 123 100
3000 22 41 100
3001 21 185 99
3002 20 233 99
3003 19 249 98
3004 18 83 98
3005 17 199 97
3006 45 155 112
3007 44 223 112
3008 43 160 111
3009 42 139 111
3010 41 132 110
3011 40 44 110
3012 39 186 109
3013 38 62 109
3014 37 192 108
3015 36 64 108
3016 35 107 107
3017 34 207 107
3018 33 69 106
3019 32 23 106
3020 31 179 105
3021 30 231 105
3022 29 77 104
3023 28 197 104
3024 27 237 103
3025 26 79 103
3026 25 112 102
3027 24 123 102
3028 23 41 101
3029 22 185 101
3030 21 233 100
3031 20 249 100
3032 19 83 99
3033 46 155 114
3034 45 223 113
3035 44 160 113
3036 43 139 112
3037 42 132 112
3038 41 44 111
3039 40 186 111
3040 39 62 110
3041 38 192 110
3042 37 64 109
3043 36 107 109
3044 35 207 108
3045 34 69 108
3046 33 23 107
3047 32 179 107
3048 31 231 106
3049 30 77 106
3050 29 197 105
3051 28 237 105
3052 27 79 104
3053 26 112 104
3054 25 123 103
3055 24 41 103
3056 23 185 102
3057 22 233 102
3058 21 249 101
3059 47 155 115
3060 46 223 115
3061 45 160 114
3062 44 139 114
3063 43 132 113
3064 42 44 113
3065 41 186 112
3066 40 62 112
3067 39 192 111
3068 38 64 111
3069 37 107 110
3070 36 207 110
3071 35 69 109
3072 34 23 109
3073 33 179 108
3074 32 231 108
3075 31 77 107
3076 30 197 107
3077 29 237 106
3078 28 79 106
3079 27 112 105
3080 26 123 105
3081 25 41 104
3082 24 185 104
3083 23 233 103
3084 48 155 117
3085 47 223 116
3086 46 160 116
3087 45 139 115
3088 44 132 115
3089 43 44 114
3090 42 186 114
3091 41 62 113
3092 40 192 113
3093 39 64 112
3094 38 107 112
3095 37 207 111
3096 36 69 111
3097 35 23 110
3098 34 179 110
3099 33 231 109
3100 32 77 109
3101 31 197 108
3102 30 237 108
3103 29 79 107
3104 28 112 107
3105 27 123 106
3106 26 41 106
3107 25 185 105
3108 49 155 118
3109 48 223 118
3110 47 160 117
3111 46 139 117
3112 45 132 116
3113 44 44 116
3114 43 186 115
3115 42 62 115
3116 41 192 114
3117 40 64 114
3118 39 107 113
3119 38 207 113
3120 37 69 112
3121 36 23 112
3122 35 179 111
3123 34 231 111
3124 33 77 110
3125 32 197 110
3126 31 237 109
3127 30 79 109
3128 29 112 108
3129 28 123 108
3130 27 41 107
3131 50 155 120
3132 49 223 119
3133 48 160 119
3134 47 139 118
3135 46 132 118
3136 45 44 117
3137 44 186 117
3138 43 62 116
3139 42 192 116
3140 41 64 115
3141 40 107 115
3142 39 207 114
3143 38 69 114
3144 37 23 113
3145 36 179 113
3146 35 231 112
3147 34 77 112
3148 33 197 111
3149 32 237 111
3150 31 79 110
3151 30 112 110
3152 29 123 109
3153 51 155 121
3154 50 223 121
3155 49 160 120
3156 48 139 120
3157 47 132 119
3158 46 44 119
3159 45 186 118
3160 44 62 118
3161 43 192 117
3162 42 64 117
3163 41 107 116
3164 40 207 116
3165 39 69 115
3166 38 23 115
3167 37 179 114
3168 36 231 114
3169 35 77 113
3170 34 197 113
3171 33 237 112
3172 32 79 112
3173 31 112 111
3174 52 155 123
3175 51 223 122
3176 50 160 122
3177 49 139 121
3178 48 132 121
3179 47 44 120
3180 46 186 120
3181 45 62 119
3182 44 192 119
3183 43 64 118
3184 42 107 118
3185 41 207 117
3186 40 69 117
3187 39 23 116
3188 38 179 116
3189 37 231 115
3190 36 77 115
3191 35 197 114
3192 34 237 114
3193 33 79 113
3194 53 155 124
3195 52 223 124
3196 51 160 123
3197 50 139 123
3198 49 132 122
3199 48 44 122
3200 47 186 121
3201 46 62 121
3202 45 192 120
3203 44 64 120
3204 43 107 119
3205 42 207 119
3206 41 69 118
3207 40 23 118
3208 39 179 117
3209 38 231 117
3210 37 77 116
3211 36 197 116
3212 35 237 115
3213 54 155 126
3214 53 223 125
3215 52 160 125
3216 51 139 124
3217 50 132 124
3218 49 44 123
3219 48 186 123
3220 47 62 122
3221 46 192 122
3222 45 64 121
3223 44 107 121
3224 43 207 120
3225 42 69 120
3226 41 23 119
3227 40 179 119
3228 39 231 118
3229 38 77 118
3230 37 197 117
3231 55 155 127
3232 54 223 127
3233 53 160 126
3234 52 139 126
3235 51 132 125
3236 50 44 125
3237 49 186 124
3238 48 62 124
3239 47 192 123
3240 46 64 123
3241 45 107 122
3242 44 207 122
3243 43 69 121
3244 42 23 121
3245 41 179 120
3246 40 231 120
3247 39 77 119
3248 56 155 129
3249 55 223 128
3250 54 160 128
3251 53 139 127
3252 52 132 127
3253 51 44 126
3254 50 186 126
3255 49 62 125
3256 48 192 125
3257 47 64 124
3258 46 107 124
3259 45 207 123
3260 44 69 123
3261 43 23 122
3262 42 179 122
3263 41 231 121
3264 57 155 130
3265 56 223 130
3266 55 160 129
3267 54 139 129
3268 53 132 128
3269 52 44 128
3270 51 186 127
3271 50 62 127
3272 49 192 126
3273 48 64 126
3274 47 107 125
3275 46 207 125
3276 45 69 124
3277 44 23 124
3278 43 179 123
3279 58 155 132
3280 57 223 131
3281 56 160 131
3282 55 139 130
3283 54 132 130
3284 53 44 129
3285 52 186 129
3286 51 62 128
3287 50 192 128
3288 49 64 127
3289 48 107 127
3290 47 207 126
3291 46 69 126
3292 45 23 125
3293 59 155 133
3294 58 223 133
3295 57 160 132
3296 56 139 132
3297 55 132 131
3298 54 44 131
3299 53 186 130
3300 52 62 130
3301 51 192 129
3302 50 64 129
3303 49 107 128
3304 48 207 128
3305 47 69 127
3306 60 155 135
3307 59 223 134
3308 58 160 134
3309 57 139 133
3310 56 132 133
3311 55 44 132
3312 54 186 132
3313 53 62 131
3314 52 192 131
3315 51 64 130
3316 50 107 130
3317 49 207 129
3318 61 155 136
3319 60 223 136
3320 59 160 135
3321 58 139 135
3322 57 132 134
3323 56 44 134
3324 55 186 133
3325 54 62 133
3326 53 192 132
3327 52 64 132
3328 51 107 131
3329 62 155 138
3330 61 223 137
3331 60 160 137
3332 59 139 136
3333 58 132 136
3334 57 44 135
3335 56 186 135
3336 55 62 134
3337 54 192 134
3338 53 64 133
3339 63 155 139
3340 62 223 139
3341 61 160 138
3342 60 139 138
3343 59 132 137
3344 58 44 137
3345 57 186 136
3346 56 62 136
3347 55 192 135
3348 64 155 141
3349 63 223 140
3350 62 160 140
3351 61 139 139
3352 60 132 139
3353 59 44 138
3354 58 186 138
3355 57 62 137
3356 65 155 142
3357 64 223 142
3358 63 160 141
3359 62 139 141
3360 61 132 140
3361 60 44 140
3362 59 186 139
3363 66 155 144
3364 65 223 143
3365 64 160 143
3366 63 139 142
3367 62 132 142
3368 61 44 141
3369 67 155 145
3370 66 223 145
3371 65 160 144
3372 64 139 144
3373 63 132 143
3374 68 155 147
3375 67 223 146
3376 66 160 146
3377 65 139 145
3378 69 155 148
3379 68 223 148
3380 67 160 147
3381 70 155 150
3382 69 223 149
3383 71 155 151
3384 72 4 153
3385 70 1 151
3386 68 193 149
3387 66 241 147
3388 64 253 145
3389 62 256 143
3390 60 64 141
3391 58 16 139
3392 56 4 137
3393 54 1 135
3394 52 193 133
3395 50 241 131
3396 48 253 129
3397 46 256 127
3398 44 64 125
3399 42 16 123
3400 40 4 121
3401 38 1 119
3402 36 193 117
3403 34 241 115
3404 32 253 113
3405 30 256 111
3406 28 64 109
3407 26 16 107
3408 24 4 105
3409 22 1 103
3410 20 193 101
3411 18 241 99
3412 16 253 97
3413 14 256 95
3414 73 4 154
3415 71 1 152
3416 69 193 150
3417 67 241 148
3418 65 253 146
3419 63 256 144
3420 61 64 142
3421 59 16 140
3422 57 4 138
3423 55 1 136
3424 53 193 134
3425 51 241 132
3426 49 253 130
3427 47 256 128
3428 45 64 126
3429 43 16 124
3430 41 4 122
3431 39 1 120
3432 37 193 118
3433 35 241 116
3434 33 253 114
3435 31 256 112
3436 29 64 110
3437 27 16 108
3438 25 4 106
3439 23 1 104
3440 21 193 102
3441 19 241 100
3442 74 4 156
3443 72 1 154
3444 70 193 152
3445 68 241 150
3446 66 253 148
3447 64 256 146
3448 62 64 144
3449 60 16 142
3450 58 4 140
3451 56 1 138
3452 54 193 136
3453 52 241 134
3454 50 253 132
3455 48 256 130
3456 46 64 128
3457 44 16 126
3458 42 4 124
3459 40 1 122
3460 38 193 120
3461 36 241 118
3462 34 253 116
3463 32 256 114
3464 30 64 112
3465 28 16 110
3466 26 4 108
3467 24 1 106
3468 75 4 157
3469 73 1 155
3470 71 193 153
3471 69 241 151
3472 67 253 149
3473 65 256 147
3474 63 64 145
3475 61 16 143
3476 59 4 141
3477 57 1 139
3478 55 193 137
3479 53 241 135
3480 51 253 133
3481 49 256 131
3482 47 64 129
3483 45 16 127
3484 43 4 125
3485 41 1 123
3486 39 193 121
3487 37 241 119
3488 35 253 117
3489 33 256 115
3490 31 64 113
3491 29 16 111
3492 76 4 159
3493 74 1 157
3494 72 193 155
3495 70 241 153
3496 68 253 151
3497 66 256 149
3498 64 64 147
3499 62 16 145
3500 60 4 143
3501 58 1 141
3502 56 193 139
3503 54 241 137
3504 52 253 135
3505 50 256 133
3506 48 64 131
3507 46 16 129
3508 44 4 127
3509 42 1 125
3510 40 193 123
3511 38 241 121
3512 36 253 119
3513 34 256 117
3514 77 4 160
3515 75 1 158
3516 73 193 156
3517 71 241 154
3518 69 253 152
3519 67 256 150
3520 65 64 148
3521 63 16 146
3522 61 4 144
3523 59 1 142
3524 57 193 140
3525 55 241 138
3526 53 253 136
3527 51 256 134
3528 49 64 132
3529 47 16 130
3530 45 4 128
3531 43 1 126
3532 41 193 124
3533 39 241 122
3534 78 4 162
3535 76 1 160
3536 74 193 158
3537 72 241 156
3538 70 253 154
3539 68 256 152
3540 66 64 150
3541 64 16 148
3542 62 4 146
3543 60 1 144
3544 58 193 142
3545 56 241 140
3546 54 253 138
3547 52 256 136
3548 50 64 134
3549 48 16 132
3550 46 4 130
3551 44 1 128
3552 79 4 163
3553 77 1 161
3554 75 193 159
3555 73 241 157
3556 71 253 155
3557 69 256 153
3558 67 64 151
3559 65 16 149
3560 63 4 147
3561 61 1 145
3562 59 193 143
3563 57 241 141
3564 55 253 139
3565 53 256 137
3566 51 64 135
3567 49 16 133
3568 80 4 165
3569 78 1 163
3570 76 193 161
3571 74 241 159
3572 72 253 157
3573 70 256 155
3574 68 64 153
3575 66 16 151
3576 64 4 149
3577 62 1 147
3578 60 193 145
3579 58 241 143
3580 56 253 141
3581 54 256 139
3582 81 4 166
3583 79 1 164
3584 77 193 162
3585 75 241 160
3586 73 253 158
3587 71 256 156
3588 69 64 154
3589 67 16 152
3590 65 4 150
3591 63 1 148
3592 61 193 146
3593 59 241 144
3594 82 4 168
3595 80 1 166
3596 78 193 164
3597 76 241 162
3598 74 253 160
3599 72 256 158
3600 70 64 156
3601 68 16 154
3602 66 4 152
3603 64 1 150
3604 83 4 169
3605 81 1 167
3606 79 193 165
3607 77 241 163
3608 75 253 161
3609 73 256 159
3610 71 64 157
3611 69 16 155
3612 84 4 171
3613 82 1 169
3614 80 193 167
3615 78 241 165
3616 76 253 163
3617 74 256 161
3618 85 4 172
3619 83 1 170
3620 81 193 168
3621 79 241 166
3622 86 4 174
3623 84 1 172
3624 0 193 87
3625 0 193 88
3626 0 193 89
3627 0 193 90
3628 0 193 91
3629 0 193 92
3630 0 193 93
3631 0 193 94
3632 0 193 95
3633 0 193 96
3634 0 193 97
3635 0 193 98
3636 0 193 99
3637 0 193 100
3638 0 193 101
3639 0 193 102
3640 0 193 103
3641 0 193 104
3642 0 193 105
3643 0 193 106
3644 0 193 107
3645 0 193 108
3646 0 193 109
3647 0 193 110
3648 0 193 111
3649 0 193 112
3650 0 193 113
3651 0 193 114
3652 0 193 115
3653 0 193 116
3654 1 225 87
3655 1 225 88
3656 1 225 89
3657 1 225 90
3658 1 225 91
3659 1 225 92
3660 1 225 93
3661 1 225 94
3662 1 225 95
3663 1 225 96
3664 1 225 97
3665 1 225 98
3666 1 225 99
3667 1 225 100
3668 1 225 101
3669 1 225 102
3670 1 225 103
3671 1 225 104
3672 1 225 105
3673 1 225 106
3674 1 225 107
3675 1 225 108
3676 1 225 109
3677 1 225 110
3678 1 225 111
3679 1 225 112
3680 1 225 113
3681 1 225 114
3682 1 225 115
3683 2 241 87
3684 2 241 88
3685 2 241 89
3686 2 241 90
3687 2 241 91
3688 2 241 92
3689 2 241 93
3690 2 241 94
3691 2 241 95
3692 2 241 96
3693 2 241 97
3694 2 241 98
3695 2 241 99
3696 2 241 100
3697 2 241 101
3698 2 241 102
3699 2 241 103
3700 2 241 104
3701 2 241 105
3702 2 241 106
3703 2 241 107
3704 2 241 108
3705 2 241 109
3706 2 241 110
3707 2 241 111
3708 2 241 112
3709 2 241 113
3710 2 241 114
3711 3 249 87
3712 3 249 88
3713 3 249 89
3714 3 249 90
3715 3 249 91
3716 3 249 92
3717 3 249 93
3718 3 249 94
3719 3 249 95
3720 3 249 96
3721 3 249 97
3722 3 249 98
3723 3 249 99
3724 3 249 100
3725 3 249 101
3726 3 249 102
3727 3 249 103
3728 3 249 104
3729 3 249 105
3730 3 249 106
3731 3 249 107
3732 3 249 108
3733 3 249 109
3734 3 249 110
3735 3 249 111
3736 3 249 112
3737 3 249 113
3738 4 249 88
3739 5 4 88
3740 4 253 89
3741 4 253 90
3742 4 253 91
3743 4 253 92
3744 4 253 93
3745 4 253 94
3746 4 253 95
3747 4 253 96
3748 4 253 97
3749 4 253 98
3750 4 253 99
3751 4 253 100
3752 4 253 101
3753 4 253 102
3754 4 253 103
3755 4 253 104
3756 4 253 105
3757 4 253 106
3758 4 253 107
3759 4 253 108
3760 4 253 109
3761 4 253 110
3762 4 253 111
3763 4 253 112
3764 5 249 89
3765 6 4 89
3766 7 255 89
3767 5 255 90
3768 5 255 91
3769 5 255 92
3770 5 255 93
3771 5 255 94
3772 5 255 95
3773 5 255 96
3774 5 255 97
3775 5 255 98
3776 5 255 99
3777 5 255 100
3778 5 255 101
3779 5 255 102
3780 5 255 103
3781 5 255 104
3782 5 255 105
3783 5 255 106
3784 5 255 107
3785 5 255 108
3786 5 255 109
3787 5 255 110
3788 5 255 111
3789 6 249 90
3790 7 4 90
3791 8 255 90
3792 9 1 90
3793 6 256 91
3794 6 256 92
3795 6 256 93
3796 6 256 94
3797 6 256 95
3798 6 256 96
3799 6 256 97
3800 6 256 98
3801 6 256 99
3802 6 256 100
3803 6 256 101
3804 6 256 102
3805 6 256 103
3806 6 256 104
3807 6 256 105
3808 6 256 106
3809 6 256 107
3810 6 256 108
3811 6 256 109
3812 6 256 110
3813 7 249 91
3814 8 4 91
3815 9 255 91
3816 10 1 91
3817 7 256 92
3818 11 64 92
3819 7 128 93
3820 7 128 94
3821 7 128 95
3822 7 128 96
3823 7 128 97
3824 7 128 98
3825 7 128 99
3826 7 128 100
3827 7 128 101
3828 7 128 102
3829 7 128 103
3830 7 128 104
3831 7 128 105
3832 7 128 106
3833 7 128 107
3834 7 128 108
3835 7 128 109
3836 8 249 92
3837 9 4 92
3838 10 255 92
3839 8 255 93
3840 11 129 93
3841 12 64 93
3842 8 128 94
3843 13 241 94
3844 8 64 95
3845 8 64 96
3846 8 64 97
3847 8 64 98
3848 8 64 99
3849 8 64 100
3850 8 64 101
3851 8 64 102
3852 8 64 103
3853 8 64 104
3854 8 64 105
3855 8 64 106
3856 8 64 107
3857 8 64 108
3858 9 249 93
3859 10 4 93
3860 9 253 94
3861 11 256 94
3862 12 129 94
3863 9 256 95
3864 13 32 95
3865 9 128 96
3866 14 249 96
3867 15 4 96
3868 9 32 97
3869 9 32 98
3870 9 32 99
3871 9 32 100
3872 9 32 101
3873 9 32 102
3874 9 32 103
3875 9 32 104
3876 9 32 105
3877 9 32 106
3878 9 32 107
3879 10 249 94
3880 10 249 95
3881 11 2 95
3882 12 256 95
3883 10 255 96
3884 13 193 96
3885 10 256 97
3886 14 16 97
3887 15 249 97
3888 10 64 98
3889 16 2 98
3890 17 256 98
3891 10 16 99
3892 10 16 100
3893 10 16 101
3894 10 16 102
3895 10 16 103
3896 10 16 104
3897 10 16 105
3898 10 16 106
3899 11 249 96
3900 12 237 96
3901 11 94 97
3902 12 188 97
3903 13 128 97
3904 11 255 98
3905 14 225 98
3906 15 16 98
3907 11 128 99
3908 16 253 99
3909 17 2 99
3910 11 32 100
3911 18 128 100
3912 11 16 101
3913 19 225 101
3914 11 8 102
3915 11 8 103
3916 11 8 104
3917 11 8 105
3918 12 249 98
3919 13 237 98
3920 12 94 99
3921 13 188 99
3922 14 128 99
3923 15 121 99
3924 12 195 100
3925 15 68 100
3926 16 8 100
3927 17 253 100
3928 12 64 101
3929 18 1 101
3930 12 32 102
3931 19 64 102
3932 20 225 102
3933 12 8 103
3934 21 8 103
3935 12 4 104
3936 13 249 100
3937 14 237 100
3938 13 94 101
3939 14 188 101
3940 15 128 101
3941 16 121 101
3942 17 8 101
3943 13 189 102
3944 16 129 102
3945 17 243 102
3946 18 255 102
3947 13 64 103
3948 19 129 103
3949 20 64 103
3950 13 16 104
3951 21 241 104
3952 22 8 104
3953 14 249 102
3954 15 237 102
3955 14 94 103
3956 15 188 103
3957 16 128 103
3958 17 121 103
3959 18 8 103
3960 14 189 104
3961 17 129 104
3962 18 243 104
3963 19 255 104
3964 20 68 104
3965 12 86 105
3966 13 17 105
3967 14 250 105
3968 20 191 105
3969 15 249 104
3970 16 237 104
3971 15 94 105
3972 16 188 105
3973 17 128 105
3974 18 121 105
3975 19 8 105
3976 21 233 105
3977 22 192 105
3978 23 34 105
3979 11 226 106
3980 12 97 106
3981 13 75 106
3982 14 108 106
3983 15 166 106
3984 16 249 106
3985 17 237 106
3986 18 104 106
3987 19 163 106
3988 20 68 106
3989 21 39 106
3990 22 156 106
3991 23 179 106
3992 10 90 107
3993 11 40 107
3994 12 15 107
3995 13 90 107
3996 14 34 107
3997 15 77 107
3998 16 102 107
3999 17 70 107
4000 18 44 107
4001 19 16 107
4002 20 201 107
4003 21 156 107
4004 22 109 107
4005 23 11 107
4006 24 107 107
4007 25 212 107
4008 9 227 108
4009 10 178 108
4010 11 123 108
4011 12 205 108
4012 13 132 108
4013 14 150 108
4014 15 112 108
4015 16 158 108
4016 17 245 108
4017 18 93 108
4018 19 207 108
4019 20 134 108
4020 21 185 108
4021 22 127 108
4022 23 173 108
4023 24 157 108
4024 25 102 108
4025 8 2 109
4026 9 59 109
4027 10 207 109
4028 11 134 109
4029 12 4 109
4030 13 116 109
4031 14 178 109
4032 15 236 109
4033 16 63 109
4034 17 99 109
4035 18 244 109
4036 19 52 109
4037 20 47 109
4038 21 190 109
4039 22 171 109
4040 23 147 109
4041 24 125 109
4042 25 115 109
4043 26 86 109
4044 27 65 109
4045 7 40 110
4046 8 105 110
4047 9 4 110
4048 10 67 110
4049 11 85 110
4050 12 50 110
4051 13 243 110
4052 14 48 110
4053 15 52 110
4054 16 218 110
4055 17 231 110
4056 18 188 110
4057 19 131 110
4058 20 178 110
4059 21 91 110
4060 22 247 110
4061 23 83 110
4062 24 250 110
4063 25 128 110
4064 26 192 110
4065 27 225 110
4066 6 102 111
4067 7 57 111
4068 8 130 111
4069 14 4 111
4070 16 132 111
4071 18 93 111
4072 19 183 111
4073 20 79 111
4074 21 175 111
4075 22 7 111
4076 23 43 111
4077 24 128 111
4078 25 111 111
4079 26 30 111
4080 27 239 111
4081 28 211 111
4082 5 211 112
4083 6 251 112
4084 24 184 112
4085 26 75 112
4086 28 77 112
4087 29 64 112
4088 4 249 113
4089 30 253 113
4090 29 256 113
4091 28 128 113
4092 27 32 112
4093 26 16 113
4094 25 4 112
4095 24 2 113
4096 23 129 112
4097 22 193 112
4098 21 241 112
4099 20 249 112
4100 19 255 112
4101 18 256 112
4102 17 64 111
4103 16 32 112
4104 15 8 111
4105 14 4 112
4106 13 1 111
4107 12 129 111
4108 11 225 111
4109 10 241 111
4110 9 253 111
4111 8 255 112
4112 7 128 112
4113 9 114 112
4114 10 91 112
4115 11 44 112
4116 12 221 112
4117 13 42 112
4118 15 171 112
4119 17 75 112
4120 5 47 113
4121 6 203 113
4122 31 255 114
4123 30 256 114
4124 29 64 114
4125 28 32 114
4126 27 8 113
4127 26 4 114
4128 25 1 113
4129 24 129 114
4130 23 225 113
4131 22 241 113
4132 21 253 113
4133 20 255 113
4134 19 128 113
4135 18 64 113
4136 7 113 113
4137 16 8 113
4138 8 187 113
4139 14 1 113
4140 9 140 113
4141 12 225 113
4142 11 241 113
4143 10 253 113
4144 13 92 113
4145 15 76 113
4146 17 5 113
4147 3 200 114
4148 4 132 114
4149 5 244 114
4150 6 136 114
4151 7 161 114
4152 8 72 114
4153 9 205 114
4154 32 255 115
4155 31 128 115
4156 30 64 115
4157 29 16 115
4158 28 8 115
4159 27 2 114
4160 26 1 115
4161 25 193 114
4162 24 225 115
4163 23 249 114
4164 22 253 114
4165 21 256 114
4166 20 128 114
4167 19 32 114
4168 18 16 114
4169 10 200 114
4170 16 2 114
4171 11 227 114
4172 14 193 114
4173 12 12 114
4174 13 50 114
4175 15 189 114
4176 17 38 114
4177 2 93 115
4178 3 160 115
4179 4 241 115
4180 5 227 115
4181 6 214 115
4182 7 240 115
4183 8 250 115
4184 9 68 115
4185 33 256 116
4186 32 128 116
4187 31 32 116
4188 30 16 116
4189 29 4 116
4190 28 2 116
4191 27 129 115
4192 26 193 116
4193 25 241 115
4194 24 249 116
4195 23 255 115
4196 22 256 115
4197 21 64 115
4198 20 32 115
4199 19 8 115
4200 18 4 115
4201 10 186 115
4202 16 129 115
4203 11 116 115
4204 14 241 115
4205 12 55 115
4206 13 246 115
4207 15 146 115
4208 17 197 115
4209 1 52 116
4210 2 247 116
4211 3 54 116
4212 4 171 116
4213 5 160 116
4214 6 171 116
4215 34 256 118
4216 33 64 117
4217 32 32 117
4218 31 8 117
4219 30 4 117
4220 29 1 117
4221 28 129 117
4222 27 225 116
4223 26 241 117
4224 25 253 116
4225 24 255 117
4226 23 128 116
4227 22 64 116
4228 21 16 116
4229 20 8 116
4230 19 2 116
4231 18 1 116
4232 7 55 116
4233 16 225 116
4234 8 14 116
4235 14 253 116
4236 9 43 116
4237 10 127 116
4238 11 228 116
4239 13 157 116
4240 12 66 116
4241 15 8 116
4242 17 158 116
4243 0 122 117
4244 35 128 118
4245 34 64 119
4246 33 16 118
4247 32 8 118
4248 31 2 118
4249 30 1 118
4250 29 193 118
4251 28 225 118
4252 27 249 117
4253 26 253 118
4254 25 256 117
4255 24 128 118
4256 23 32 117
4257 22 16 117
4258 21 4 117
4259 20 2 117
4260 19 129 117
4261 18 193 117
4262 1 111 117
4263 16 249 117
4264 2 74 117
4265 14 256 117
4266 4 120 117
4267 6 241 117
4268 8 189 117
4269 10 63 117
4270 11 245 117
4271 12 37 117
4272 36 128 120
4273 35 32 119
4274 34 16 120
4275 33 4 119
4276 32 2 119
4277 31 129 119
4278 30 193 119
4279 29 241 119
4280 28 249 119
4281 27 255 118
4282 26 256 119
4283 25 64 118
4284 24 32 119
4285 23 8 118
4286 22 4 118
4287 21 1 118
4288 20 129 118
4289 19 225 118
4290 18 241 118
4291 17 253 117
4292 16 255 118
4293 15 128 117
4294 14 64 118
4295 13 16 117
4296 0 199 118
4297 1 138 118
4298 12 245 118
4299 37 64 120
4300 36 32 121
4301 35 8 120
4302 34 4 121
4303 33 1 120
4304 32 129 120
4305 31 225 120
4306 30 241 120
4307 29 253 120
4308 28 255 120
4309 27 128 119
4310 26 64 120
4311 25 16 119
4312 24 8 120
4313 23 2 119
4314 22 1 119
4315 21 193 119
4316 20 225 119
4317 19 249 119
4318 18 253 119
4319 17 256 118
4320 16 128 119
4321 15 32 118
4322 14 16 119
4323 13 4 118
4324 0 154 119
4325 38 64 122
4326 37 16 121
4327 36 8 122
4328 35 2 121
4329 34 1 122
4330 33 193 121
4331 32 225 121
4332 31 249 121
4333 30 253 121
4334 29 256 121
4335 28 128 121
4336 27 32 120
4337 26 16 121
4338 25 4 120
4339 24 2 121
4340 23 129 120
4341 22 193 120
4342 21 241 120
4343 20 249 120
4344 19 255 120
4345 18 256 120
4346 17 64 119
4347 16 32 120
4348 15 8 119
4349 14 4 120
4350 39 32 123
4351 38 16 123
4352 37 4 122
4353 36 2 123
4354 35 129 122
4355 34 193 123
4356 33 241 122
4357 32 249 122
4358 31 255 122
4359 30 256 122
4360 29 64 122
4361 28 32 122
4362 27 8 121
4363 26 4 122
4364 25 1 121
4365 24 129 122
4366 23 225 121
4367 22 241 121
4368 21 253 121
4369 20 255 121
4370 19 128 121
4371 18 64 121
4372 17 16 120
4373 16 8 121
4374 40 32 124
4375 39 8 124
4376 38 4 124
4377 37 1 123
4378 36 129 124
4379 35 225 123
4380 34 241 124
4381 33 253 123
4382 32 255 123
4383 31 128 123
4384 30 64 123
4385 29 16 123
4386 28 8 123
4387 27 2 122
4388 26 1 123
4389 25 193 122
4390 24 225 123
4391 23 249 122
4392 22 253 122
4393 21 256 122
4394 20 128 122
4395 19 32 122
4396 18 16 122
4397 41 16 125
4398 40 8 125
4399 39 2 125
4400 38 1 125
4401 37 193 124
4402 36 225 125
4403 35 249 124
4404 34 253 125
4405 33 256 124
4406 32 128 124
4407 31 32 124
4408 30 16 124
4409 29 4 124
4410 28 2 124
4411 27 129 123
4412 26 193 124
4413 25 241 123
4414 24 249 124
4415 23 255 123
4416 22 256 123
4417 21 64 123
4418 20 32 123
4419 42 16 126
4420 41 4 126
4421 40 2 126
4422 39 129 126
4423 38 193 126
4424 37 241 125
4425 36 249 126
4426 35 255 125
4427 34 256 126
4428 33 64 125
4429 32 32 125
4430 31 8 125
4431 30 4 125
4432 29 1 125
4433 28 129 125
4434 27 225 124
4435 26 241 125
4436 25 253 124
4437 24 255 125
4438 23 128 124
4439 22 64 124
4440 43 8 127
4441 42 4 127
4442 41 1 127
4443 40 129 127
4444 39 225 127
4445 38 241 127
4446 37 253 126
4447 36 255 127
4448 35 128 126
4449 34 64 127
4450 33 16 126
4451 32 8 126
4452 31 2 126
4453 30 1 126
4454 29 193 126
4455 28 225 126
4456 27 249 125
4457 26 253 126
4458 25 256 125
4459 24 128 126
4460 44 8 129
4461 43 2 128
4462 42 1 128
4463 41 193 128
4464 40 225 128
4465 39 249 128
4466 38 253 128
4467 37 256 127
4468 36 128 128
4469 35 32 127
4470 34 16 128
4471 33 4 127
4472 32 2 127
4473 31 129 127
4474 30 193 127
4475 29 241 127
4476 28 249 127
4477 27 255 126
4478 26 256 127
4479 45 4 129
4480 44 2 130
4481 43 129 129
4482 42 193 129
4483 41 241 129
4484 40 249 129
4485 39 255 129
4486 38 256 129
4487 37 64 128
4488 36 32 129
4489 35 8 128
4490 34 4 129
4491 33 1 128
4492 32 129 128
4493 31 225 128
4494 30 241 128
4495 29 253 128
4496 28 255 128
4497 46 4 131
4498 45 1 130
4499 44 129 131
4500 43 225 130
4501 42 241 130
4502 41 253 130
4503 40 255 130
4504 39 128 130
4505 38 64 130
4506 37 16 129
4507 36 8 130
4508 35 2 129
4509 34 1 130
4510 33 193 129
4511 32 225 129
4512 31 249 129
4513 30 253 129
4514 47 2 131
4515 46 1 132
4516 45 193 131
4517 44 225 132
4518 43 249 131
4519 42 253 131
4520 41 256 131
4521 40 128 131
4522 39 32 131
4523 38 16 131
4524 37 4 130
4525 36 2 131
4526 35 129 130
4527 34 193 131
4528 33 241 130
4529 32 249 130
4530 48 2 133
4531 47 129 132
4532 46 193 133
4533 45 241 132
4534 44 249 133
4535 43 255 132
4536 42 256 132
4537 41 64 132
4538 40 32 132
4539 39 8 132
4540 38 4 132
4541 37 1 131
4542 36 129 132
4543 35 225 131
4544 34 241 132
4545 49 1 134
4546 48 129 134
4547 47 225 133
4548 46 241 134
4549 45 253 133
4550 44 255 134
4551 43 128 133
4552 42 64 133
4553 41 16 133
4554 40 8 133
4555 39 2 133
4556 38 1 133
4557 37 193 132
4558 36 225 133
4559 50 1 135
4560 49 193 135
4561 48 225 135
4562 47 249 134
4563 46 253 135
4564 45 256 134
4565 44 128 135
4566 43 32 134
4567 42 16 134
4568 41 4 134
4569 40 2 134
4570 39 129 134
4571 38 193 134
4572 51 129 136
4573 50 193 136
4574 49 241 136
4575 48 249 136
4576 47 255 135
4577 46 256 136
4578 45 64 135
4579 44 32 136
4580 43 8 135
4581 42 4 135
4582 41 1 135
4583 40 129 135
4584 52 129 137
4585 51 225 137
4586 50 241 137
4587 49 253 137
4588 48 255 137
4589 47 128 136
4590 46 64 137
4591 45 16 136
4592 44 8 137
4593 43 2 136
4594 42 1 136
4595 53 193 138
4596 52 225 138
4597 51 249 138
4598 50 253 138
4599 49 256 138
4600 48 128 138
4601 47 32 137
4602 46 16 138
4603 45 4 137
4604 44 2 138
4605 54 193 140
4606 53 241 139
4607 52 249 139
4608 51 255 139
4609 50 256 139
4610 49 64 139
4611 48 32 139
4612 47 8 138
4613 46 4 139
4614 55 225 140
4615 54 241 141
4616 53 253 140
4617 52 255 140
4618 51 128 140
4619 50 64 140
4620 49 16 140
4621 48 8 140
4622 56 225 142
4623 55 249 141
4624 54 253 142
4625 53 256 141
4626 52 128 141
4627 51 32 141
4628 50 16 141
4629 57 241 142
4630 56 249 143
4631 55 255 142
4632 54 256 143
4633 53 64 142
4634 52 32 142
4635 58 241 144
4636 57 253 143
4637 56 255 144
4638 55 128 143
4639 54 64 144
4640 59 249 145
4641 58 253 145
4642 57 256 144
4643 56 128 145
4644 60 249 146
4645 59 255 146
4646 58 256 146
4647 61 253 147
4648 60 255 147
4649 62 253 148
4650 63 29 149
4651 61 219 148
4652 59 165 147
4653 57 156 145
4654 55 26 144
4655 53 90 143
4656 51 15 142
4657 49 131 141
4658 47 236 139
4659 45 125 138
4660 43 235 137
4661 41 82 136
4662 39 185 135
4663 37 245 133
4664 35 255 132
4665 33 171 131
4666 31 157 130
4667 29 69 129
4668 27 140 127
4669 25 109 126
4670 23 61 125
4671 21 53 124
4672 19 223 123
4673 17 80 121
4674 15 99 120
4675 64 29 151
4676 62 219 149
4677 60 165 148
4678 58 156 147
4679 56 26 146
4680 54 90 145
4681 52 15 143
4682 50 131 142
4683 48 236 141
4684 46 125 140
4685 44 235 139
4686 42 82 137
4687 40 185 136
4688 38 245 135
4689 36 255 134
4690 34 171 133
4691 32 157 131
4692 30 69 130
4693 28 140 129
4694 26 109 128
4695 24 61 127
4696 22 53 125
4697 20 223 124
4698 18 80 123
4699 65 143 151
4700 63 238 150
4701 61 211 149
4702 59 78 148
4703 57 13 146
4704 55 45 145
4705 53 136 144
4706 51 194 143
4707 49 118 142
4708 47 191 140
4709 45 246 139
4710 43 41 138
4711 41 221 137
4712 39 251 136
4713 37 256 134
4714 35 214 133
4715 33 207 132
4716 31 163 131
4717 29 70 130
4718 27 183 128
4719 25 159 127
4720 23 155 126
4721 21 240 125
4722 66 143 153
4723 64 238 152
4724 62 211 150
4725 60 78 149
4726 58 13 148
4727 56 45 147
4728 54 136 146
4729 52 194 144
4730 50 118 143
4731 48 191 142
4732 46 246 141
4733 44 41 140
4734 42 221 138
4735 40 251 137
4736 38 256 136
4737 36 214 135
4738 34 207 134
4739 32 163 132
4740 30 70 131
4741 28 183 130
4742 26 159 129
4743 24 155 128
4744 67 200 153
4745 65 119 152
4746 63 234 151
4747 61 39 150
4748 59 135 149
4749 57 151 147
4750 55 68 146
4751 53 97 145
4752 51 59 144
4753 49 224 143
4754 47 123 141
4755 45 149 140
4756 43 239 139
4757 41 254 138
4758 39 128 137
4759 37 107 135
4760 35 232 134
4761 33 210 133
4762 31 35 132
4763 29 220 131
4764 27 208 129
4765 68 200 155
4766 66 119 154
4767 64 234 153
4768 62 39 151
4769 60 135 150
4770 58 151 149
4771 56 68 148
4772 54 97 147
4773 52 59 145
4774 50 224 144
4775 48 123 143
4776 46 149 142
4777 44 239 141
4778 42 254 139
4779 40 128 138
4780 38 107 137
4781 36 232 136
4782 34 210 135
4783 32 35 133
4784 30 220 132
4785 69 100 156
4786 67 188 154
4787 65 117 153
4788 63 148 152
4789 61 196 151
4790 59 204 150
4791 57 34 148
4792 55 177 147
4793 53 158 146
4794 51 112 145
4795 49 190 144
4796 47 203 142
4797 45 248 141
4798 43 127 140
4799 41 64 139
4800 39 182 138
4801 37 116 136
4802 35 105 135
4803 33 146 134
4804 70 100 157
4805 68 188 156
4806 66 117 155
4807 64 148 154
4808 62 196 152
4809 60 204 151
4810 58 34 150
4811 56 177 149
4812 54 158 148
4813 52 112 146
4814 50 190 145
4815 48 203 144
4816 46 248 143
4817 44 127 142
4818 42 64 140
4819 40 182 139
4820 38 116 138
4821 36 105 137
4822 71 50 158
4823 69 94 157
4824 67 187 155
4825 65 74 154
4826 63 98 153
4827 61 102 152
4828 59 17 151
4829 57 217 149
4830 55 79 148
4831 53 56 147
4832 51 95 146
4833 49 230 145
4834 47 124 143
4835 45 192 142
4836 43 32 141
4837 41 91 140
4838 39 58 139
4839 72 50 159
4840 70 94 158
4841 68 187 157
4842 66 74 156
4843 64 98 155
4844 62 102 153
4845 60 17 152
4846 58 217 151
4847 56 79 150
4848 54 56 149
4849 52 95 147
4850 50 230 146
4851 48 124 145
4852 46 192 144
4853 44 32 143
4854 42 91 141
4855 73 25 160
4856 71 47 159
4857 69 222 158
4858 67 37 156
4859 65 49 155
4860 63 51 154
4861 61 137 153
4862 59 237 152
4863 57 168 150
4864 55 28 149
4865 53 176 148
4866 51 115 147
4867 49 62 146
4868 47 96 144
4869 45 16 143
4870 74 25 162
4871 72 47 160
4872 70 222 159
4873 68 37 158
4874 66 49 157
4875 64 51 156
4876 62 137 154
4877 60 237 153
4878 58 168 152
4879 56 28 151
4880 54 176 150
4881 52 115 148
4882 50 62 147
4883 48 96 146
4884 75 141 162
4885 73 152 161
4886 71 111 160
4887 69 147 159
4888 67 153 157
4889 65 154 156
4890 63 197 155
4891 61 247 154
4892 59 84 153
4893 57 14 151
4894 55 88 150
4895 53 186 149
4896 51 31 148
4897 76 141 164
4898 74 152 163
4899 72 111 161
4900 70 147 160
4901 68 153 159
4902 66 154 158
4903 64 197 157
4904 62 247 155
4905 60 84 154
4906 58 14 153
4907 56 88 152
4908 54 186 151
4909 77 199 164
4910 75 76 163
4911 73 184 162
4912 71 202 161
4913 69 205 160
4914 67 77 158
4915 65 227 157
4916 63 252 156
4917 61 42 155
4918 59 7 154
4919 57 44 152
4920 78 199 166
4921 76 76 165
4922 74 184 164
4923 72 202 162
4924 70 205 161
4925 68 77 160
4926 66 227 159
4927 64 252 158
4928 62 42 156
4929 60 7 155
4930 79 228 167
4931 77 38 165
4932 75 92 164
4933 73 101 163
4934 71 231 162
4935 69 167 161
4936 67 242 159
4937 65 126 158
4938 63 21 157
4939 80 228 168
4940 78 38 167
4941 76 92 166
4942 74 101 165
4943 72 231 163
4944 70 167 162
4945 68 242 161
4946 66 126 160
4947 81 114 169
4948 79 19 168
4949 77 46 166
4950 75 179 165
4951 73 244 164
4952 71 212 163
4953 69 121 162
4954 82 114 170
4955 80 19 169
4956 78 46 168
4957 76 179 167
4958 74 244 166
4959 72 212 164
4960 83 57 171
4961 81 138 170
4962 79 23 169
4963 77 218 167
4964 75 122 166
4965 84 57 173
4966 82 138 171
4967 80 23 170
4968 78 218 169
4969 85 157 173
4970 83 69 172
4971 81 140 171
4972 86 157 175
4973 84 69 174
4974 87 207 175
4975 3 232 117
4976 2 141 118
4977 1 58 119
4978 0 228 120
4979 0 228 121
4980 0 228 122
4981 0 228 123
4982 0 228 124
4983 0 228 125
4984 0 228 126
4985 0 228 127
4986 0 228 128
4987 0 228 129
4988 0 228 130
4989 0 228 131
4990 0 228 132
4991 0 228 133
4992 0 228 134
4993 0 228 135
4994 0 228 136
4995 0 228 137
4996 0 228 138
4997 5 72 117
4998 3 92 118
4999 4 151 118
5000 2 181 119
5001 1 38 120
5002 1 38 121
5003 1 38 122
5004 1 38 123
5005 1 38 124
5006 1 38 125
5007 1 38 126
5008 1 38 127
5009 1 38 128
5010 1 38 129
5011 1 38 130
5012 1 38 131
5013 1 38 132
5014 1 38 133
5015 1 38 134
5016 1 38 135
5017 1 38 136
5018 7 173 117
5019 5 64 118
5020 6 38 118
5021 3 72 119
5022 4 217 119
5023 2 92 120
5024 2 92 121
5025 2 92 122
5026 2 92 123
5027 2 92 124
5028 2 92 125
5029 2 92 126
5030 2 92 127
5031 2 92 128
5032 2 92 129
5033 2 92 130
5034 2 92 131
5035 2 92 132
5036 2 92 133
5037 2 92 134
5038 9 98 117
5039 7 11 118
5040 8 127 118
5041 5 173 119
5042 6 218 119
5043 3 162 120
5044 4 206 120
5045 3 101 121
5046 3 101 122
5047 3 101 123
5048 3 101 124
5049 3 101 125
5050 3 101 126
5051 3 101 127
5052 3 101 128
5053 3 101 129
5054 3 101 130
5055 3 101 131
5056 3 101 132
5057 9 206 118
5058 10 53 118
5059 11 106 118
5060 7 98 119
5061 8 174 119
5062 5 68 120
5063 6 188 120
5064 4 203 121
5065 5 57 121
5066 4 231 122
5067 4 231 123
5068 4 231 124
5069 4 231 125
5070 4 231 126
5071 4 231 127
5072 4 231 128
5073 4 231 129
5074 4 231 130
5075 9 197 119
5076 10 17 119
5077 11 34 119
5078 12 136 119
5079 13 15 119
5080 7 92 120
5081 8 209 120
5082 6 63 121
5083 7 62 121
5084 5 203 122
5085 6 248 122
5086 5 167 123
5087 5 167 124
5088 5 167 125
5089 5 167 126
5090 5 167 127
5091 5 167 128
5092 9 5 120
5093 10 20 120
5094 11 40 120
5095 12 160 120
5096 13 63 120
5097 8 204 121
5098 9 133 121
5099 14 144 121
5100 7 55 122
5101 8 177 122
5102 16 114 122
5103 6 223 123
5104 7 233 123
5105 6 242 124
5106 6 242 125
5107 6 242 126
5108 10 131 121
5109 11 19 121
5110 12 245 121
5111 13 78 121
5112 15 152 121
5113 9 142 122
5114 10 120 122
5115 11 36 122
5116 14 170 122
5117 17 31 122
5118 8 178 123
5119 9 253 123
5120 7 245 124
5121 8 127 124
5122 19 167 124
5123 12 105 122
5124 13 27 122
5125 15 107 122
5126 10 174 123
5127 11 17 123
5128 12 193 123
5129 13 5 123
5130 14 74 123
5131 16 24 123
5132 9 32 124
5133 10 134 124
5134 11 63 124
5135 18 92 124
5136 7 27 125
5137 15 144 123
5138 17 100 123
5139 12 7 124
5140 13 86 124
5141 14 175 124
5142 15 20 124
5143 16 40 124
5144 17 186 124
5145 8 222 125
5146 9 242 125
5147 10 126 125
5148 11 159 125
5149 12 133 125
5150 13 154 125
5151 14 71 125
5152 15 129 125
5153 16 7 125
5154 17 53 125
5155 18 13 125
5156 19 142 125
5157 20 21 125
5158 7 182 126
5159 8 48 126
5160 9 232 126
5161 10 28 126
5162 11 13 126
5163 12 171 126
5164 13 202 126
5165 14 127 126
5166 15 239 126
5167 16 180 126
5168 17 228 126
5169 18 221 126
5170 19 113 126
5171 20 75 126
5172 21 129 126
5173 22 144 126
5174 6 166 127
5175 7 64 127
5176 8 89 127
5177 9 115 127
5178 10 96 127
5179 11 225 127
5180 12 203 127
5181 13 1 127
5182 14 190 127
5183 15 195 127
5184 16 122 127
5185 17 91 127
5186 18 164 127
5187 19 252 127
5188 20 252 127
5189 21 239 127
5190 22 210 127
5191 23 220 127
5192 6 150 128
5193 7 6 128
5194 8 94 128
5195 9 38 128
5196 10 63 128
5197 11 140 128
5198 12 239 128
5199 13 235 128
5200 14 157 128
5201 15 121 128
5202 16 40 128
5203 17 77 128
5204 18 169 128
5205 19 220 128
5206 20 1 128
5207 21 98 128
5208 22 115 128
5209 23 249 128
5210 25 149 128
5211 5 193 129
5212 6 43 129
5213 7 206 129
5214 8 255 129
5215 9 21 129
5216 10 67 129
5217 11 169 129
5218 12 225 129
5219 13 1 129
5220 14 189 129
5221 15 104 129
5222 16 179 129
5223 17 214 129
5224 18 244 129
5225 19 78 129
5226 20 78 129
5227 5 212 130
5228 21 9 129
5229 22 156 129
5230 24 141 129
5231 23 206 129
5232 25 141 129
5233 6 226 130
5234 7 48 130
5235 8 102 130
5236 9 211 130
5237 10 75 130
5238 11 76 130
5239 12 27 130
5240 13 98 130
5241 14 71 130
5242 15 248 130
5243 16 156 130
5244 17 192 130
5245 18 157 130
5246 19 22 130
5247 20 135 130
5248 21 235 130
5249 22 193 130
5250 23 28 130
5251 24 95 130
5252 25 196 130
5253 26 88 130
5254 27 53 130
5255 4 24 131
5256 5 228 131
5257 6 72 131
5258 7 104 131
5259 8 200 131
5260 9 166 131
5261 10 41 131
5262 11 172 131
5263 12 144 131
5264 13 73 131
5265 14 205 131
5266 15 197 131
5267 16 249 131
5268 17 9 131
5269 18 123 131
5270 19 80 131
5271 20 60 131
5272 21 32 131
5273 22 104 131
5274 23 177 131
5275 24 125 131
5276 25 143 131
5277 26 34 131
5278 27 109 131
5279 28 156 131
5280 4 240 132
5281 5 143 132
5282 6 173 132
5283 7 221 132
5284 8 211 132
5285 9 163 132
5286 10 231 132
5287 11 58 132
5288 12 88 132
5289 13 81 132
5290 14 27 132
5291 15 168 132
5292 16 137 132
5293 17 186 132
5294 18 2 132
5295 19 164 132
5296 20 222 132
5297 21 23 132
5298 22 60 132
5299 23 95 132
5300 24 25 132
5301 25 220 132
5302 26 116 132
5303 27 218 132
5304 28 105 132
5305 29 214 132
5306 3 60 133
5307 4 132 133
5308 5 183 133
5309 6 247 133
5310 7 2 133
5311 8 38 133
5312 9 65 133
5313 10 124 133
5314 11 93 133
5315 12 64 133
5316 13 105 133
5317 14 69 133
5318 15 92 133
5319 17 106 133
5320 16 206 133
5321 18 219 133
5322 19 150 133
5323 20 165 133
5324 21 115 133
5325 22 73 133
5326 23 93 133
5327 24 24 133
5328 25 30 133
5329 26 246 133
5330 27 205 133
5331 28 9 133
5332 29 72 133
5333 30 241 133
5334 31 8 133
5335 3 234 134
5336 4 65 134
5337 5 26 134
5338 6 9 134
5339 7 256 134
5340 8 5 134
5341 9 18 134
5342 10 47 134
5343 11 9 134
5344 12 253 134
5345 13 108 134
5346 14 214 134
5347 15 216 134
5348 16 227 134
5349 17 29 134
5350 18 200 134
5351 19 179 134
5352 20 122 134
5353 21 17 134
5354 22 61 134
5355 23 214 134
5356 24 159 134
5357 25 233 134
5358 26 77 134
5359 27 75 134
5360 28 174 134
5361 29 84 134
5362 30 147 134
5363 31 172 134
5364 32 168 134
5365 2 153 135
5366 3 224 135
5367 4 225 135
5368 5 242 135
5369 6 110 135
5370 7 169 135
5371 8 192 135
5372 9 178 135
5373 10 157 135
5374 11 103 135
5375 12 112 135
5376 13 192 135
5377 14 219 135
5378 15 13 135
5379 16 113 135
5380 17 132 135
5381 18 41 135
5382 19 201 135
5383 20 23 135
5384 21 89 135
5385 22 202 135
5386 23 47 135
5387 24 52 135
5388 25 91 135
5389 27 75 135
5390 26 123 135
5391 28 190 135
5392 29 13 135
5393 30 167 135
5394 31 40 135
5395 32 197 135
5396 33 40 135
5397 2 147 136
5398 3 176 136
5399 4 111 136
5400 5 20 136
5401 6 45 136
5402 7 29 136
5403 8 55 136
5404 9 73 136
5405 10 26 136
5406 11 115 136
5407 12 52 136
5408 13 154 136
5409 14 253 136
5410 15 174 136
5411 16 210 136
5412 17 225 136
5413 18 47 136
5414 19 206 136
5415 20 52 136
5416 21 137 136
5417 22 61 136
5418 23 24 136
5419 24 152 136
5420 25 191 136
5421 26 188 136
5422 27 225 136
5423 28 54 136
5424 29 190 136
5425 30 164 136
5426 31 238 136
5427 32 74 136
5428 33 170 136
5429 34 43 136
5430 35 144 136
5431 1 159 137
5432 2 253 137
5433 3 71 137
5434 4 139 137
5435 5 157 137
5436 6 175 137
5437 7 223 137
5438 8 172 137
5439 9 147 137
5440 10 19 137
5441 11 235 137
5442 12 139 137
5443 13 92 137
5444 14 31 137
5445 15 210 137
5446 16 96 137
5447 17 118 137
5448 18 220 137
5449 19 232 137
5450 20 159 137
5451 21 31 137
5452 22 44 137
5453 23 76 137
5454 24 199 137
5455 25 13 137
5456 26 12 137
5457 27 62 137
5458 28 49 137
5459 29 215 137
5460 30 211 137
5461 31 153 137
5462 32 14 137
5463 33 29 137
5464 34 163 137
5465 35 229 137
5466 37 242 137
5467 1 29 138
5468 2 128 138
5469 3 59 138
5470 4 87 138
5471 5 57 138
5472 6 120 138
5473 7 3 138
5474 18 133 138
5475 20 161 138
5476 21 199 138
5477 22 81 138
5478 23 77 138
5479 24 246 138
5480 25 20 138
5481 26 204 138
5482 28 68 138
5483 27 65 138
5484 29 2 138
5485 30 254 138
5486 31 216 138
5487 32 44 138
5488 33 7 138
5489 34 121 138
5490 35 1 138
5491 36 212 138
5492 37 233 138
5493 24 110 139
5494 25 210 139
5495 26 149 139
5496 27 13 139
5497 28 102 139
5498 29 107 139
5499 30 169 139
5500 31 246 139
5501 34 127 139
5502 33 231 139
5503 32 190 139
5504 35 93 139
5505 36 166 139
5506 37 192 139
5507 38 189 139
5508 26 71 140
5509 28 241 140
5510 29 31 140
5511 30 205 140
5512 34 231 140
5513 33 149 140
5514 32 38 140
5515 31 118 140
5516 35 122 140
5517 39 216 140
5518 38 181 140
5519 36 129 140
5520 37 80 140
5521 40 241 140
5522 30 97 141
5523 33 184 141
5524 32 59 141
5525 34 57 141
5526 39 146 141
5527 38 139 141
5528 36 60 141
5529 37 198 141
5530 35 239 141
5531 40 252 141
5532 41 36 141
5533 34 65 142
5534 39 132 142
5535 38 182 142
5536 36 110 142
5537 37 76 142
5538 42 18 142
5539 41 110 142
5540 40 66 142
5541 43 153 142
5542 38 242 143
5543 39 132 143
5544 42 55 143
5545 41 22 143
5546 40 116 143
5547 44 6 144
5548 43 104 143
5549 42 11 144
5550 45 1 144
5551 44 104 145
5552 46 1 145
5553 47 58 145
5554 45 143 145
5555 43 100 144
5556 41 25 144
5557 39 199 144
5558 36 142 143
5559 35 207 142
5560 33 116 142
5561 31 29 141
5562 29 200 141
5563 27 25 140
5564 24 213 140
5565 23 114 139
5566 21 157 139
5567 19 232 138
5568 8 12 138
5569 9 98 138
5570 10 174 138
5571 11 206 138
5572 12 183 138
5573 13 226 138
5574 14 226 138
5575 15 144 138
5576 16 192 138
5577 17 136 138
5578 0 122 139
5579 1 180 139
5580 2 70 139
5581 3 190 139
5582 4 158 139
5583 48 58 147
5584 46 143 146
5585 44 100 146
5586 42 141 145
5587 40 228 144
5588 38 57 144
5589 37 148 143
5590 34 116 143
5591 32 143 142
5592 30 100 142
5593 28 25 141
5594 26 199 141
5595 25 12 140
5596 22 207 139
5597 20 116 139
5598 18 29 139
5599 5 85 139
5600 6 14 139
5601 7 116 139
5602 8 127 139
5603 9 159 139
5604 10 227 139
5605 12 80 139
5606 11 181 139
5607 13 121 139
5608 14 147 139
5609 15 194 139
5610 16 212 139
5611 17 70 139
5612 49 105 147
5613 47 238 146
5614 45 188 146
5615 43 47 145
5616 41 76 145
5617 39 19 145
5618 36 128 144
5619 35 105 143
5620 33 219 143
5621 31 119 142
5622 29 94 142
5623 27 76 141
5624 24 205 141
5625 23 69 140
5626 21 210 140
5627 19 181 139
5628 0 220 140
5629 1 17 140
5630 2 76 140
5631 3 186 140
5632 4 184 140
5633 5 67 140
5634 6 48 140
5635 7 247 140
5636 8 16 140
5637 9 188 140
5638 10 83 140
5639 11 94 140
5640 50 181 148
5641 48 238 148
5642 46 188 147
5643 44 47 147
5644 42 38 146
5645 40 138 145
5646 38 163 145
5647 37 113 144
5648 34 219 144
5649 32 188 143
5650 30 47 143
5651 28 76 142
5652 26 19 142
5653 25 127 141
5654 22 105 140
5655 20 219 140
5656 18 119 140
5657 12 71 140
5658 13 72 140
5659 14 109 140
5660 15 122 140
5661 16 29 140
5662 17 119 140
5663 19 20 140
5664 0 82 141
5665 1 226 141
5666 2 128 141
5667 51 146 149
5668 49 165 148
5669 47 117 147
5670 45 222 147
5671 43 184 146
5672 41 46 146
5673 39 140 146
5674 36 160 145
5675 35 165 144
5676 33 234 144
5677 31 187 143
5678 29 111 143
5679 27 46 142
5680 24 15 142
5681 23 35 141
5682 21 73 141
5683 3 113 141
5684 4 1 141
5685 5 158 141
5686 6 131 141
5687 7 165 141
5688 8 71 141
5689 9 162 141
5690 10 124 141
5691 11 142 141
5692 12 58 141
5693 52 73 149
5694 50 211 149
5695 48 117 149
5696 46 222 148
5697 44 184 148
5698 42 23 147
5699 40 70 146
5700 38 146 146
5701 37 168 145
5702 34 234 145
5703 32 222 144
5704 30 184 144
5705 28 46 143
5706 26 140 143
5707 25 123 142
5708 22 165 141
5709 20 234 141
5710 18 187 141
5711 13 198 141
5712 14 180 141
5713 15 3 141
5714 16 54 141
5715 17 95 141
5716 19 130 141
5717 0 127 142
5718 53 110 150
5719 51 156 150
5720 49 39 149
5721 47 37 148
5722 45 202 148
5723 43 179 147
5724 41 109 147
5725 39 220 147
5726 36 12 146
5727 35 39 145
5728 33 74 145
5729 31 147 144
5730 29 101 144
5731 27 109 143
5732 24 115 143
5733 23 55 142
5734 21 78 142
5735 1 35 142
5736 2 104 142
5737 3 78 142
5738 4 69 142
5739 5 176 142
5740 6 253 142
5741 7 134 142
5742 55 229 151
5743 52 78 150
5744 50 148 150
5745 48 37 150
5746 46 202 149
5747 44 179 149
5748 42 183 148
5749 40 110 147
5750 38 156 147
5751 37 207 146
5752 34 74 146
5753 32 202 145
5754 30 179 145
5755 28 109 144
5756 26 220 144
5757 25 31 143
5758 22 39 142
5759 20 74 142
5760 18 147 142
5761 8 52 142
5762 9 34 142
5763 10 139 142
5764 11 98 142
5765 54 225 152
5766 53 26 151
5767 51 135 151
5768 49 98 150
5769 47 205 149
5770 45 244 149
5771 43 61 148
5772 41 208 148
5773 39 52 148
5774 36 131 147
5775 35 98 146
5776 33 153 146
5777 31 231 145
5778 29 122 145
5779 27 208 144
5780 24 115 144
5781 23 13 143
5782 21 196 143
5783 19 49 142
5784 12 233 142
5785 14 245 142
5786 15 86 142
5787 56 104 153
5788 55 175 152
5789 52 196 151
5790 50 49 151
5791 48 205 151
5792 46 244 150
5793 44 61 150
5794 42 104 149
5795 40 26 148
5796 38 135 148
5797 37 199 147
5798 34 153 147
5799 32 244 146
5800 30 61 146
5801 28 208 145
5802 26 52 145
5803 25 250 144
5804 22 98 143
5805 20 153 143
5806 18 231 143
5807 16 122 142
5808 57 103 153
5809 54 16 153
5810 53 151 152
5811 51 102 152
5812 49 154 151
5813 47 212 150
5814 45 53 150
5815 43 206 149
5816 41 180 149
5817 39 45 149
5818 36 66 148
5819 35 154 147
5820 33 167 147
5821 31 106 146
5822 29 155 146
5823 27 180 145
5824 24 157 145
5825 23 204 144
5826 21 51 144
5827 19 77 143
5828 58 103 154
5829 56 90 154
5830 55 252 153
5831 52 51 152
5832 50 77 152
5833 48 212 152
5834 46 53 151
5835 44 206 151
5836 42 90 150
5837 40 151 149
5838 38 102 149
5839 37 130 148
5840 34 167 148
5841 32 53 147
5842 30 206 147
5843 28 180 146
5844 26 45 146
5845 25 106 145
5846 22 154 144
5847 59 120 155
5848 57 15 154
5849 54 49 154
5850 53 17 153
5851 51 197 153
5852 49 242 152
5853 47 223 151
5854 45 120 151
5855 43 30 150
5856 41 136 150
5857 39 34 150
5858 36 249 149
5859 35 242 148
5860 33 189 148
5861 31 240 147
5862 29 60 147
5863 27 136 146
5864 24 17 146
5865 60 60 156
5866 58 15 155
5867 56 68 155
5868 55 213 154
5869 52 227 153
5870 50 121 153
5871 48 223 153
5872 46 120 152
5873 44 30 152
5874 42 68 151
5875 40 17 150
5876 38 197 150
5877 37 85 149
5878 34 189 149
5879 32 120 148
5880 30 30 148
5881 28 136 147
5882 61 20 156
5883 59 5 156
5884 57 97 155
5885 54 78 155
5886 53 247 154
5887 51 126 154
5888 49 160 153
5889 47 20 152
5890 45 5 152
5891 43 194 151
5892 41 177 151
5893 39 237 151
5894 36 249 150
5895 35 160 149
5896 33 40 149
5897 31 10 148
5898 62 10 157
5899 60 131 157
5900 58 97 156
5901 56 217 156
5902 55 194 155
5903 52 63 154
5904 50 80 154
5905 48 20 154
5906 46 5 153
5907 44 194 153
5908 42 217 152
5909 40 247 151
5910 38 126 151
5911 37 72 150
5912 34 40 150
5913 63 89 158
5914 61 215 157
5915 59 118 157
5916 57 79 156
5917 54 158 156
5918 53 21 155
5919 51 198 155
5920 49 178 154
5921 47 215 153
5922 45 118 153
5923 43 158 152
5924 41 168 152
5925 39 42 152
5926 36 74 151
5927 64 89 159
5928 62 236 158
5929 60 59 158
5930 58 79 157
5931 56 84 157
5932 55 68 156
5933 52 99 155
5934 50 89 155
5935 48 215 155
5936 46 118 154
5937 44 158 154
5938 42 84 153
5939 40 21 152
5940 65 229 159
5941 63 250 159
5942 61 191 158
5943 59 112 158
5944 57 14 157
5945 54 186 157
5946 53 33 156
5947 51 201 156
5948 49 243 155
5949 47 191 154
5950 45 112 154
5951 43 28 153
5952 67 12 160
5953 64 250 160
5954 62 224 159
5955 60 56 159
5956 58 14 158
5957 56 132 158
5958 55 149 157
5959 52 229 156
5960 50 250 156
5961 48 191 156
5962 46 112 155
5963 66 189 161
5964 65 213 160
5965 63 246 160
5966 61 190 159
5967 59 176 159
5968 57 22 158
5969 54 198 158
5970 53 162 157
5971 51 169 157
5972 49 235 156
5973 68 81 162
5974 67 134 161
5975 64 246 161
5976 62 95 160
5977 60 88 160
5978 58 22 159
5979 56 134 159
5980 55 164 158
5981 52 213 157
5982 69 27 163
5983 66 27 162
5984 65 41 161
5985 63 203 161
5986 61 115 160
5987 59 93 160
5988 57 108 159
5989 54 246 159
5990 70 142 163
5991 68 164 163
5992 67 145 162
5993 64 203 162
5994 62 186 161
5995 60 175 161
5996 58 108 160
5997 71 133 164
5998 69 226 164
5999 66 253 163
6000 65 248 162
6001 63 62 162
6002 61 144 161
6003 72 195 165
6004 70 113 164
6005 68 221 164
6006 67 193 163
6007 64 62 163
6008 73 65 165
6009 71 209 165
6010 69 245 165
6011 66 203 164
6012 74 65 167
6013 72 233 166
6014 70 251 165
6015 75 225 167
6016 73 249 166
6017 76 225 168
6018 77 124 168
6019 74 124 168
6020 71 192 166
6021 68 96 165
6022 65 16 163
6023 62 8 162
6024 59 174 161
6025 56 87 160
6026 53 143 158
6027 50 200 157
6028 47 119 155
6029 44 119 155
6030 41 234 153
6031 38 117 152
6032 35 148 150
6033 32 74 149
6034 29 196 148
6035 26 98 147
6036 23 102 145
6037 20 51 144
6038 17 137 142
6039 0 211 143
6040 13 197 142
6041 78 124 170
6042 75 192 168
6043 72 96 167
6044 69 32 166
6045 67 177 164
6046 63 174 163
6047 60 87 162
6048 57 143 160
6049 55 104 159
6050 51 238 158
6051 48 119 157
6052 45 234 155
6053 42 117 154
6054 39 39 153
6055 37 96 151
6056 33 196 150
6057 30 98 149
6058 27 102 147
6059 25 17 146
6060 21 17 145
6061 18 137 144
6062 79 127 170
6063 76 192 169
6064 73 32 167
6065 70 16 166
6066 66 189 165
6067 64 174 164
6068 61 29 162
6069 58 143 161
6070 54 251 160
6071 52 119 158
6072 49 211 157
6073 46 234 156
6074 43 39 154
6075 40 148 153
6076 36 169 152
6077 34 196 151
6078 31 204 149
6079 28 102 148
6080 24 155 147
6081 80 192 171
6082 77 32 169
6083 74 32 169
6084 71 91 167
6085 68 174 166
6086 65 29 164
6087 62 143 163
6088 59 219 162
6089 56 238 161
6090 53 211 159
6091 50 234 158
6092 47 39 156
6093 44 39 156
6094 41 135 154
6095 38 196 153
6096 35 204 151
6097 32 102 150
6098 81 64 172
6099 78 32 171
6100 75 91 169
6101 72 174 168
6102 69 58 167
6103 67 94 165
6104 63 219 164
6105 60 238 163
6106 57 211 161
6107 55 124 160
6108 51 78 159
6109 48 39 158
6110 45 135 156
6111 42 196 155
6112 39 151 154
6113 82 32 172
6114 79 182 171
6115 76 91 170
6116 73 58 168
6117 70 29 167
6118 66 50 166
6119 64 219 165
6120 61 165 163
6121 58 211 162
6122 54 145 161
6123 52 39 159
6124 49 13 158
6125 46 135 157
6126 83 182 173
6127 80 91 172
6128 77 58 170
6129 74 58 170
6130 71 181 168
6131 68 219 167
6132 65 165 165
6133 62 211 164
6134 59 156 163
6135 56 78 162
6136 53 13 160
6137 85 9 174
6138 81 116 173
6139 78 58 172
6140 75 181 170
6141 72 219 169
6142 69 73 168
6143 67 202 166
6144 63 156 165
6145 60 78 164
6146 84 110 175
6147 82 58 173
6148 79 105 172
6149 76 181 171
6150 73 73 169
6151 70 165 168
6152 66 211 167
6153 86 116 176
6154 83 105 174
6155 80 181 173
6156 77 73 171
6157 74 73 171
6158 87 105 176
6159 85 181 175
6160 81 146 174
6161 88 105 177
6162 1 240 143
6163 2 181 143
6164 3 133 143
6165 4 207 143
6166 5 14 143
6167 0 151 144
6168 0 151 145
6169 0 151 146
6170 0 151 147
6171 0 151 148
6172 0 151 149
6173 0 151 150
6174 0 151 151
6175 0 151 152
6176 0 151 153
6177 6 249 143
6178 7 164 143
6179 8 170 143
6180 9 88 143
6181 10 97 143
6182 11 78 143
6183 12 134 143
6184 1 17 144
6185 1 17 145
6186 1 17 146
6187 1 17 147
6188 1 17 148
6189 1 17 149
6190 1 17 150
6191 13 222 143
6192 14 191 143
6193 15 225 143
6194 16 19 143
6195 17 240 143
6196 2 188 144
6197 3 242 144
6198 4 2 144
6199 5 111 144
6200 19 14 144
6201 2 247 145
6202 2 247 146
6203 2 247 147
6204 6 51 144
6205 7 30 144
6206 8 237 144
6207 9 155 144
6208 10 73 144
6209 11 207 144
6210 12 168 144
6211 13 155 144
6212 14 249 144
6213 15 101 144
6214 3 21 145
6215 20 66 145
6216 16 96 144
6217 17 124 144
6218 4 92 145
6219 5 195 145
6220 6 54 145
6221 7 229 145
6222 8 188 145
6223 9 256 145
6224 10 192 145
6225 11 256 145
6226 12 46 145
6227 13 24 145
6228 14 120 145
6229 15 99 145
6230 16 210 145
6231 17 109 145
6232 18 44 145
6233 19 80 145
6234 22 250 145
6235 3 166 146
6236 4 122 146
6237 5 106 146
6238 6 34 146
6239 7 150 146
6240 8 184 146
6241 9 181 146
6242 10 38 146
6243 11 41 146
6244 12 216 146
6245 13 158 146
6246 14 14 146
6247 15 233 146
6248 16 75 146
6249 17 164 146
6250 18 38 146
6251 19 62 146
6252 20 85 146
6253 21 180 146
6254 22 140 146
6255 23 216 146
6256 3 255 147
6257 4 153 147
6258 5 47 147
6259 6 11 147
6260 7 205 147
6261 8 175 147
6262 9 221 147
6263 10 102 147
6264 11 158 147
6265 12 98 147
6266 13 115 147
6267 14 80 147
6268 15 233 147
6269 16 124 147
6270 17 40 147
6271 18 87 147
6272 19 136 147
6273 20 227 147
6274 21 7 147
6275 22 199 147
6276 23 115 147
6277 25 58 147
6278 2 171 148
6279 3 102 148
6280 4 70 148
6281 5 193 148
6282 6 207 148
6283 7 118 148
6284 8 89 148
6285 9 31 148
6286 10 161 148
6287 11 135 148
6288 12 38 148
6289 13 147 148
6290 14 201 148
6291 15 127 148
6292 16 34 148
6293 17 224 148
6294 18 216 148
6295 19 130 148
6296 20 24 148
6297 21 3 148
6298 22 183 148
6299 23 168 148
6300 24 22 148
6301 25 82 148
6302 26 247 148
6303 27 187 148
6304 2 156 149
6305 3 148 149
6306 4 255 149
6307 5 150 149
6308 6 70 149
6309 7 7 149
6310 8 77 149
6311 9 188 149
6312 10 45 149
6313 11 48 149
6314 12 114 149
6315 13 229 149
6316 14 114 149
6317 15 193 149
6318 16 3 149
6319 17 202 149
6320 18 54 149
6321 19 191 149
6322 20 104 149
6323 21 35 149
6324 22 34 149
6325 23 239 149
6326 24 180 149
6327 25 151 149
6328 26 91 149
6329 27 72 149
6330 28 113 149
6331 29 209 149
6332 2 182 150
6333 3 58 150
6334 4 124 150
6335 5 208 150
6336 6 128 150
6337 7 110 150
6338 8 205 150
6339 9 143 150
6340 10 134 150
6341 11 254 150
6342 12 167 150
6343 13 158 150
6344 14 187 150
6345 15 215 150
6346 16 16 150
6347 17 163 150
6348 18 146 150
6349 19 146 150
6350 20 162 150
6351 21 168 150
6352 22 8 150
6353 23 180 150
6354 24 242 150
6355 25 107 150
6356 26 85 150
6357 27 125 150
6358 28 105 150
6359 29 39 150
6360 30 82 150
6361 31 144 150
6362 1 52 151
6363 2 155 151
6364 3 47 151
6365 4 13 151
6366 5 222 151
6367 6 151 151
6368 7 56 151
6369 8 112 151
6370 9 45 151
6371 10 129 151
6372 11 255 151
6373 12 250 151
6374 13 71 151
6375 14 213 151
6376 15 19 151
6377 16 34 151
6378 17 73 151
6379 18 167 151
6380 19 21 151
6381 20 114 151
6382 21 204 151
6383 22 23 151
6384 23 24 151
6385 24 24 151
6386 25 22 151
6387 26 198 151
6388 27 179 151
6389 28 114 151
6390 29 87 151
6391 30 251 151
6392 31 254 151
6393 32 103 151
6394 33 236 151
6395 1 153 152
6396 2 177 152
6397 3 252 152
6398 4 183 152
6399 5 143 152
6400 6 186 152
6401 7 114 152
6402 8 32 152
6403 9 175 152
6404 10 254 152
6405 11 178 152
6406 12 136 152
6407 13 11 152
6408 14 68 152
6409 15 84 152
6410 16 89 152
6411 17 130 152
6412 18 14 152
6413 19 45 152
6414 20 161 152
6415 21 35 152
6416 22 158 152
6417 23 36 152
6418 24 61 152
6419 25 8 152
6420 26 189 152
6421 27 238 152
6422 28 86 152
6423 29 194 152
6424 30 90 152
6425 31 113 152
6426 32 240 152
6427 33 80 152
6428 34 133 152
6429 35 174 152
6430 37 149 152
6431 1 80 153
6432 2 107 153
6433 3 202 153
6434 4 24 153
6435 5 133 153
6436 6 84 153
6437 7 200 153
6438 8 128 153
6439 9 203 153
6440 10 227 153
6441 11 39 153
6442 12 239 153
6443 13 249 153
6444 14 43 153
6445 15 33 153
6446 16 211 153
6447 17 117 153
6448 18 61 153
6449 19 64 153
6450 20 149 153
6451 21 30 153
6452 22 163 153
6453 23 152 153
6454 24 174 153
6455 25 137 153
6456 26 8 153
6457 27 241 153
6458 28 64 153
6459 29 223 153
6460 30 26 153
6461 31 232 153
6462 32 60 153
6463 33 242 153
6464 34 28 153
6465 35 17 153
6466 36 112 153
6467 37 103 153
6468 0 54 154
6469 1 172 154
6470 2 147 154
6471 3 155 154
6472 4 210 154
6473 5 172 154
6474 6 96 154
6475 7 25 154
6476 8 177 154
6477 9 50 154
6478 10 29 154
6479 11 158 154
6480 12 198 154
6481 13 26 154
6482 14 100 154
6483 15 72 154
6484 16 42 154
6485 17 232 154
6486 18 193 154
6487 19 45 154
6488 20 56 154
6489 21 67 154
6490 22 170 154
6491 23 12 154
6492 24 195 154
6493 25 41 154
6494 26 179 154
6495 27 43 154
6496 28 125 154
6497 29 79 154
6498 30 255 154
6499 31 66 154
6500 32 170 154
6501 33 212 154
6502 34 153 154
6503 35 27 154
6504 36 66 154
6505 37 77 154
6506 38 175 154
6507 40 235 154
6508 0 32 155
6509 1 131 155
6510 2 113 155
6511 3 44 155
6512 4 97 155
6513 5 198 155
6514 6 39 155
6515 7 47 155
6516 8 168 155
6517 9 217 155
6518 10 57 155
6519 11 143 155
6520 12 232 155
6521 13 152 155
6522 14 254 155
6523 15 59 155
6524 16 77 155
6525 17 149 155
6526 18 25 155
6527 19 227 155
6528 20 192 155
6529 21 37 155
6530 22 100 155
6531 23 99 155
6532 24 68 155
6533 25 256 155
6534 26 87 155
6535 27 158 155
6536 28 223 155
6537 29 188 155
6538 30 86 155
6539 31 140 155
6540 32 82 155
6541 33 242 155
6542 34 45 155
6543 35 199 155
6544 36 142 155
6545 37 232 155
6546 38 179 155
6547 39 56 155
6548 40 237 155
6549 41 171 155
6550 43 156 155
6551 0 176 156
6552 1 14 156
6553 2 69 156
6554 3 201 156
6555 4 45 156
6556 5 206 156
6557 6 211 156
6558 7 84 156
6559 8 222 156
6560 9 230 156
6561 10 29 156
6562 11 64 156
6563 12 186 156
6564 13 117 156
6565 14 68 156
6566 15 161 156
6567 16 143 156
6568 17 58 156
6569 18 231 156
6570 19 127 156
6571 20 50 156
6572 21 68 156
6573 22 191 156
6574 23 200 156
6575 24 152 156
6576 25 1 156
6577 26 65 156
6578 27 63 156
6579 28 190 156
6580 29 187 156
6581 30 28 156
6582 31 84 156
6583 32 227 156
6584 33 78 156
6585 34 95 156
6586 35 132 156
6587 36 184 156
6588 37 134 156
6589 38 12 156
6590 39 151 156
6591 40 64 156
6592 41 41 156
6593 42 208 156
6594 43 95 156
6595 0 96 157
6596 1 251 157
6597 2 9 157
6598 3 194 157
6599 4 251 157
6600 5 120 157
6601 6 100 157
6602 7 126 157
6603 8 221 157
6604 9 246 157
6605 10 242 157
6606 11 82 157
6607 12 230 157
6608 13 33 157
6609 14 125 157
6610 15 57 157
6611 16 167 157
6612 17 1 157
6613 18 135 157
6614 19 102 157
6615 20 77 157
6616 21 177 157
6617 22 104 157
6618 23 150 157
6619 24 181 157
6620 25 163 157
6621 26 107 157
6622 27 145 157
6623 28 178 157
6624 29 78 157
6625 30 240 157
6626 31 55 157
6627 32 9 157
6628 33 55 157
6629 34 226 157
6630 35 93 157
6631 36 132 157
6632 37 90 157
6633 38 1 157
6634 39 18 157
6635 40 10 157
6636 41 239 157
6637 42 17 157
6638 43 100 157
6639 44 110 157
6640 45 24 157
6641 47 252 157
6642 0 193 158
6643 1 247 158
6644 2 171 158
6645 3 61 158
6646 4 187 158
6647 5 223 158
6648 6 210 158
6649 7 126 158
6650 8 14 158
6651 9 83 158
6652 10 244 158
6653 11 44 158
6654 12 46 158
6655 13 216 158
6656 14 147 158
6657 15 131 158
6658 16 96 158
6659 17 52 158
6660 18 127 158
6661 19 23 158
6662 20 26 158
6663 21 123 158
6664 22 21 158
6665 23 18 158
6666 24 13 158
6667 25 75 158
6668 26 98 158
6669 27 199 158
6670 28 128 158
6671 29 143 158
6672 30 33 158
6673 31 128 158
6674 32 165 158
6675 44 176 158
6676 33 197 158
6677 39 133 158
6678 38 251 158
6679 34 205 158
6680 35 111 158
6681 36 75 158
6682 37 118 158
6683 40 23 158
6684 46 173 158
6685 45 186 158
6686 42 248 158
6687 41 126 158
6688 43 170 158
6689 47 175 158
6690 0 8 159
6691 1 16 159
6692 2 127 159
6693 48 53 159
6694 3 173 159
6695 44 210 159
6696 4 228 159
6697 39 174 159
6698 38 244 159
6699 5 7 159
6700 34 157 159
6701 49 103 159
6702 46 91 159
6703 45 146 159
6704 42 203 159
6705 41 16 159
6706 40 49 159
6707 36 199 159
6708 50 120 159
6709 48 72 160
6710 47 42 159
6711 44 198 160
6712 43 86 159
6713 39 212 160
6714 51 30 160
6715 49 9 160
6716 46 96 160
6717 45 145 160
6718 42 75 160
6719 52 5 160
6720 50 3 160
6721 48 156 161
6722 47 197 160
6723 53 194 161
6724 51 65 161
6725 49 148 161
6726 55 239 161
6727 52 225 161
6728 54 218 162
6729 57 206 162
6730 53 210 162
6731 50 140 161
6732 46 121 161
6733 44 218 161
6734 41 122 160
6735 38 167 160
6736 35 242 159
6737 32 247 159
6738 6 228 159
6739 7 52 159
6740 8 207 159
6741 9 19 159
6742 10 34 159
6743 11 253 159
6744 12 8 159
6745 13 12 159
6746 14 199 159
6747 15 209 159
6748 16 105 159
6749 17 60 159
6750 18 25 159
6751 19 63 159
6752 20 71 159
6753 21 14 159
6754 22 16 159
6755 23 78 159
6756 24 175 159
6757 25 193 159
6758 56 9 163
6759 55 89 162
6760 51 35 162
6761 48 109 162
6762 45 61 161
6763 43 169 160
6764 40 163 160
6765 37 191 159
6766 33 126 159
6767 30 84 159
6768 26 256 159
6769 27 91 159
6770 28 201 159
6771 29 109 159
6772 31 89 159
6773 0 10 160
6774 1 48 160
6775 2 21 160
6776 3 137 160
6777 4 199 160
6778 5 211 160
6779 6 185 160
6780 7 129 160
6781 8 17 160
6782 9 68 160
6783 10 85 160
6784 11 3 160
6785 12 144 160
6786 58 181 163
6787 54 27 163
6788 52 220 162
6789 49 110 162
6790 47 160 161
6791 42 58 161
6792 39 235 161
6793 36 244 160
6794 34 63 160
6795 13 186 160
6796 14 229 160
6797 15 84 160
6798 16 146 160
6799 17 115 160
6800 18 187 160
6801 19 216 160
6802 20 105 160
6803 21 197 160
6804 22 97 160
6805 23 200 160
6806 24 165 160
6807 25 46 160
6808 26 107 160
6809 27 196 160
6810 28 184 160
6811 29 120 160
6812 30 120 160
6813 59 238 164
6814 57 41 163
6815 53 55 163
6816 50 208 162
6817 46 184 162
6818 44 155 162
6819 41 240 161
6820 38 160 161
6821 35 198 160
6822 32 132 160
6823 31 82 160
6824 33 216 160
6825 37 176 160
6826 0 193 161
6827 1 200 161
6828 2 33 161
6829 3 219 161
6830 4 17 161
6831 5 46 161
6832 6 57 161
6833 7 229 161
6834 8 38 161
6835 9 93 161
6836 10 7 161
6837 11 147 161
6838 12 144 161
6839 61 242 164
6840 56 67 164
6841 55 216 163
6842 51 52 163
6843 48 206 163
6844 45 120 162
6845 43 128 161
6846 40 72 161
6847 13 248 161
6848 14 12 161
6849 15 41 161
6850 16 194 161
6851 17 174 161
6852 18 225 161
6853 19 84 161
6854 20 100 161
6855 21 53 161
6856 22 155 161
6857 23 84 161
6858 24 159 161
6859 25 90 161
6860 26 81 161
6861 27 138 161
6862 28 214 161
6863 29 176 161
6864 60 2 165
6865 58 78 164
6866 54 124 164
6867 52 180 163
6868 49 90 163
6869 47 44 162
6870 42 58 162
6871 39 101 162
6872 36 86 161
6873 34 145 161
6874 30 129 161
6875 31 228 161
6876 32 19 161
6877 33 135 161
6878 35 50 161
6879 37 245 161
6880 0 133 162
6881 1 237 162
6882 2 112 162
6883 3 203 162
6884 4 111 162
6885 5 162 162
6886 6 136 162
6887 7 2 162
6888 62 39 165
6889 59 148 165
6890 57 63 164
6891 53 45 164
6892 50 30 163
6893 46 110 163
6894 44 10 163
6895 41 173 162
6896 38 201 162
6897 8 39 162
6898 9 172 162
6899 10 83 162
6900 11 31 162
6901 12 207 162
6902 13 85 162
6903 14 192 162
6904 15 176 162
6905 16 47 162
6906 17 242 162
6907 18 5 162
6908 19 80 162
6909 20 214 162
6910 21 126 162
6911 63 74 166
6912 61 150 165
6913 56 234 165
6914 55 39 164
6915 51 136 164
6916 48 5 164
6917 45 215 163
6918 43 245 162
6919 40 168 162
6920 22 224 162
6921 23 141 162
6922 24 227 162
6923 25 36 162
6924 26 148 162
6925 27 69 162
6926 28 151 162
6927 29 204 162
6928 30 27 162
6929 31 233 162
6930 32 208 162
6931 33 251 162
6932 34 20 162
6933 64 37 166
6934 60 33 166
6935 58 204 165
6936 54 198 165
6937 52 194 164
6938 49 97 164
6939 47 1 163
6940 42 51 163
6941 39 164 163
6942 36 234 162
6943 35 251 162
6944 37 104 162
6945 0 227 163
6946 1 9 163
6947 2 223 163
6948 3 6 163
6949 4 203 163
6950 5 40 163
6951 6 54 163
6952 7 183 163
6953 8 38 163
6954 65 153 166
6955 62 102 166
6956 59 51 166
6957 57 116 165
6958 53 177 165
6959 50 118 164
6960 46 156 164
6961 44 125 164
6962 41 235 163
6963 38 71 163
6964 9 52 163
6965 10 229 163
6966 11 145 163
6967 12 193 163
6968 13 159 163
6969 14 94 163
6970 15 147 163
6971 16 204 163
6972 17 124 163
6973 18 35 163
6974 67 133 167
6975 63 154 167
6976 61 247 166
6977 56 251 166
6978 55 121 165
6979 51 158 165
6980 48 191 165
6981 45 246 164
6982 43 3 163
6983 40 146 163
6984 19 6 163
6985 20 91 163
6986 21 236 163
6987 22 117 163
6988 23 151 163
6989 24 141 163
6990 25 34 163
6991 26 42 163
6992 27 51 163
6993 66 233 168
6994 64 77 167
6995 60 206 167
6996 58 237 166
6997 54 7 166
6998 52 112 165
6999 49 56 165
7000 47 89 164
7001 42 250 164
7002 39 51 164
7003 36 147 163
7004 34 233 163
7005 29 114 163
7006 28 46 163
7007 30 69 163
7008 31 253 163
7009 32 35 163
7010 33 43 163
7011 68 167 168
7012 65 242 167
7013 62 247 167
7014 59 252 167
7015 57 188 166
7016 53 28 166
7017 50 190 165
7018 46 245 165
7019 44 149 165
7020 41 239 164
7021 38 245 164
7022 35 255 163
7023 37 225 163
7024 0 221 164
7025 1 100 164
7026 2 241 164
7027 3 68 164
7028 69 106 169
7029 67 108 168
7030 63 126 168
7031 61 85 167
7032 56 157 167
7033 55 208 166
7034 51 176 166
7035 48 203 166
7036 45 248 165
7037 43 151 164
7038 40 16 164
7039 4 227 164
7040 5 220 164
7041 6 242 164
7042 7 87 164
7043 8 75 164
7044 70 189 169
7045 66 165 169
7046 64 63 168
7047 60 38 168
7048 58 7 167
7049 54 172 167
7050 52 115 166
7051 49 186 166
7052 47 77 165
7053 42 154 165
7054 39 24 165
7055 36 77 164
7056 34 214 164
7057 9 133 164
7058 10 21 164
7059 71 240 169
7060 68 160 169
7061 65 198 168
7062 62 132 168
7063 59 66 168
7064 57 196 167
7065 53 93 167
7066 50 62 166
7067 46 49 166
7068 44 192 166
7069 41 32 165
7070 38 107 165
7071 35 232 164
7072 32 69 164
7073 72 80 170
7074 69 40 170
7075 67 230 169
7076 63 33 169
7077 61 218 168
7078 56 181 168
7079 55 236 167
7080 51 144 167
7081 48 96 167
7082 45 16 166
7083 43 158 165
7084 40 75 165
7085 36 232 165
7086 73 10 170
7087 70 178 170
7088 66 189 170
7089 64 145 169
7090 60 163 169
7091 58 216 168
7092 54 86 168
7093 52 24 167
7094 49 12 167
7095 47 162 166
7096 42 121 166
7097 39 29 166
7098 75 128 171
7099 71 173 170
7100 68 201 170
7101 65 162 169
7102 62 108 169
7103 59 54 169
7104 57 197 168
7105 53 6 168
7106 50 4 167
7107 46 74 167
7108 44 87 167
7109 74 188 172
7110 72 229 171
7111 69 243 171
7112 67 183 170
7113 63 27 170
7114 61 200 169
7115 56 156 169
7116 55 128 168
7117 51 1 168
7118 48 172 168
7119 76 236 172
7120 73 125 171
7121 70 169 171
7122 66 211 171
7123 64 142 170
7124 60 21 170
7125 58 130 169
7126 54 3 169
7127 52 43 168
7128 77 191 172
7129 75 95 172
7130 71 235 171
7131 68 71 171
7132 65 226 170
7133 62 65 170
7134 59 161 170
7135 56 193 170
7136 78 191 173
7137 74 28 173
7138 72 164 172
7139 69 82 172
7140 67 120 171
7141 63 209 171
7142 61 107 170
7143 79 56 173
7144 76 123 173
7145 73 149 172
7146 70 185 172
7147 66 74 172
7148 64 233 171
7149 80 190 174
7150 77 203 173
7151 75 108 173
7152 71 239 172
7153 68 245 172
7154 82 155 174
7155 78 203 174
7156 74 248 174
7157 72 251 173
7158 81 143 175
7159 79 186 174
7160 76 124 174
7161 83 93 175
7162 80 62 175
7163 84 31 176
7164 11 57 164
7165 12 200 164
7166 13 10 164
7167 14 9 164
7168 15 68 164
7169 16 26 164
7170 17 194 164
7171 18 244 164
7172 19 230 164
7173 20 27 164
7174 21 240 164
7175 22 232 164
7176 23 227 164
7177 24 29 164
7178 25 25 164
7179 26 117 164
7180 27 112 164
7181 28 225 164
7182 29 238 164
7183 30 198 164
7184 31 50 164
7185 33 178 164
7186 37 2 164
7187 0 79 165
7188 1 15 165
7189 2 22 165
7190 3 74 165
7191 4 179 165
7192 5 125 165
7193 6 48 165
7194 7 62 165
7195 8 62 165
7196 9 208 165
7197 10 227 165
7198 11 43 165
7199 12 180 165
7200 13 157 165
7201 14 139 165
7202 15 52 165
7203 16 132 165
7204 17 111 165
7205 18 183 165
7206 19 6 165
7207 20 6 165
7208 21 17 165
7209 22 127 165
7210 23 122 165
7211 24 166 165
7212 25 4 165
7213 26 227 165
7214 27 11 165
7215 28 68 165
7216 29 138 165
7217 30 35 165
7218 31 22 165
7219 32 49 165
7220 33 8 165
7221 34 248 165
7222 35 174 165
7223 37 184 165
7224 0 227 166
7225 1 10 166
7226 3 82 166
7227 2 123 166
7228 4 18 166
7229 5 17 166
7230 6 126 166
7231 7 48 166
7232 8 21 166
7233 9 236 166
7234 10 37 166
7235 11 35 166
7236 12 230 166
7237 13 213 166
7238 14 101 166
7239 15 59 166
7240 16 175 166
7241 17 24 166
7242 18 39 166
7243 19 59 166
7244 20 102 166
7245 21 21 166
7246 22 148 166
7247 23 158 166
7248 24 58 166
7249 25 89 166
7250 26 187 166
7251 27 249 166
7252 28 165 166
7253 29 106 166
7254 30 24 166
7255 31 152 166
7256 32 228 166
7257 33 204 166
7258 34 64 166
7259 35 184 166
7260 36 130 166
7261 37 223 166
7262 38 110 166
7263 40 8 166
7264 41 234 166
7265 43 201 166
7266 0 16 167
7267 1 89 167
7268 2 17 167
7269 3 171 167
7270 4 3 167
7271 5 242 167
7272 6 80 167
7273 7 218 167
7274 8 248 167
7275 9 63 167
7276 10 34 167
7277 11 192 167
7278 12 3 167
7279 13 166 167
7280 14 197 167
7281 15 222 167
7282 16 75 167
7283 17 17 167
7284 18 124 167
7285 19 229 167
7286 20 13 167
7287 21 47 167
7288 22 129 167
7289 23 223 167
7290 24 55 167
7291 25 47 167
7292 26 99 167
7293 27 20 167
7294 28 192 167
7295 29 91 167
7296 30 71 167
7297 31 161 167
7298 32 3 167
7299 33 190 167
7300 34 52 167
7301 35 157 167
7302 36 243 167
7303 37 39 167
7304 38 141 167
7305 39 214 167
7306 40 58 167
7307 41 144 167
7308 42 55 167
7309 43 153 167
7310 45 68 167
7311 47 92 167
7312 0 86 168
7313 1 98 168
7314 2 90 168
7315 3 170 168
7316 4 147 168
7317 5 80 168
7318 6 48 168
7319 7 56 168
7320 8 122 168
7321 9 123 168
7322 10 40 168
7323 11 56 168
7324 12 109 168
7325 13 32 168
7326 14 211 168
7327 15 15 168
7328 16 2 168
7329 17 155 168
7330 18 32 168
7331 19 246 168
7332 20 93 168
7333 21 185 168
7334 22 136 168
7335 23 17 168
7336 24 133 168
7337 25 198 168
7338 26 219 168
7339 27 8 168
7340 28 196 168
7341 29 97 168
7342 30 91 168
7343 31 59 168
7344 32 204 168
7345 33 50 168
7346 34 185 168
7347 35 49 168
7348 36 47 168
7349 37 28 168
7350 38 256 168
7351 39 49 168
7352 40 233 168
7353 41 132 168
7354 42 179 168
7355 43 141 168
7356 44 254 168
7357 45 178 168
7358 46 217 168
7359 47 171 168
7360 49 170 168
7361 50 106 168
7362 0 179 169
7363 1 85 169
7364 2 78 169
7365 3 74 169
7366 4 203 169
7367 5 65 169
7368 6 233 169
7369 7 90 169
7370 8 229 169
7371 9 244 169
7372 10 86 169
7373 11 62 169
7374 12 86 169
7375 13 171 169
7376 14 226 169
7377 15 230 169
7378 16 109 169
7379 17 182 169
7380 18 76 169
7381 19 108 169
7382 20 171 169
7383 21 24 169
7384 23 176 169
7385 22 206 169
7386 24 96 169
7387 25 229 169
7388 26 132 169
7389 27 45 169
7390 28 94 169
7391 29 148 169
7392 30 172 169
7393 31 27 169
7394 32 193 169
7395 33 238 169
7396 34 112 169
7397 35 26 169
7398 36 239 169
7399 37 121 169
7400 38 212 169
7401 39 246 169
7402 40 233 169
7403 41 239 169
7404 42 200 169
7405 43 206 169
7406 44 163 169
7407 45 145 169
7408 46 239 169
7409 47 106 169
7410 48 156 169
7411 49 224 169
7412 50 134 169
7413 51 203 169
7414 52 200 169
7415 53 15 169
7416 55 14 169
7417 57 102 169
7418 0 230 170
7419 1 22 170
7420 2 212 170
7421 3 129 170
7422 4 87 170
7423 5 70 170
7424 6 217 170
7425 7 220 170
7426 8 95 170
7427 9 33 170
7428 10 67 170
7429 11 17 170
7430 12 67 170
7431 13 20 170
7432 14 7 170
7433 15 249 170
7434 16 35 170
7435 17 205 170
7436 18 216 170
7437 19 45 170
7438 20 67 170
7439 21 41 170
7440 22 188 170
7441 23 129 170
7442 24 137 170
7443 25 34 170
7444 26 143 170
7445 27 153 170
7446 28 143 170
7447 29 96 170
7448 30 230 170
7449 31 156 170
7450 32 75 170
7451 33 163 170
7452 34 240 170
7453 35 249 170
7454 36 62 170
7455 37 225 170
7456 38 30 170
7457 39 215 170
7458 40 195 170
7459 41 205 170
7460 42 115 170
7461 43 18 170
7462 44 8 170
7463 45 1 170
7464 46 18 170
7465 47 211 170
7466 48 223 170
7467 49 132 170
7468 50 44 170
7469 51 23 170
7470 52 208 170
7471 53 24 170
7472 54 92 170
7473 55 161 170
7474 57 190 170
7475 58 46 170
7476 0 230 171
7477 1 192 171
7478 2 13 171
7479 3 73 171
7480 4 91 171
7481 5 12 171
7482 6 42 171
7483 7 96 171
7484 8 233 171
7485 9 165 171
7486 10 183 171
7487 11 70 171
7488 12 9 171
7489 13 165 171
7490 15 163 171
7491 14 33 171
7492 16 211 171
7493 17 84 171
7494 18 5 171
7495 19 226 171
7496 20 148 171
7497 21 72 171
7498 22 205 171
7499 23 3 171
7500 24 91 171
7501 25 22 171
7502 26 223 171
7503 27 190 171
7504 28 247 171
7505 29 42 171
7506 30 232 171
7507 31 75 171
7508 32 144 171
7509 33 26 171
7510 34 47 171
7511 35 51 171
7512 36 21 171
7513 37 89 171
7514 38 27 171
7515 39 187 171
7516 40 195 171
7517 41 234 171
7518 42 106 171
7519 43 227 171
7520 44 69 171
7521 45 155 171
7522 46 115 171
7523 47 176 171
7524 48 153 171
7525 49 188 171
7526 50 136 171
7527 51 237 171
7528 52 105 171
7529 53 13 171
7530 54 35 171
7531 55 57 171
7532 56 211 171
7533 57 84 171
7534 58 168 171
7535 59 36 171
7536 60 108 171
7537 61 123 171
7538 62 168 171
7539 65 105 171
7540 0 30 172
7541 1 12 172
7542 2 198 172
7543 3 56 172
7544 4 11 172
7545 5 215 172
7546 6 237 172
7547 7 48 172
7548 8 219 172
7549 9 143 172
7550 10 32 172
7551 11 69 172
7552 12 205 172
7553 13 115 172
7554 14 244 172
7555 15 207 172
7556 16 120 172
7557 17 215 172
7558 18 141 172
7559 19 160 172
7560 20 221 172
7561 21 231 172
7562 22 214 172
7563 23 134 172
7564 24 175 172
7565 25 165 172
7566 26 144 172
7567 27 144 172
7568 28 235 172
7569 29 41 172
7570 30 242 172
7571 31 92 172
7572 32 96 172
7573 33 188 172
7574 34 7 172
7575 35 242 172
7576 36 252 172
7577 37 11 172
7578 38 248 172
7579 39 52 172
7580 40 206 172
7581 41 150 172
7582 42 24 172
7583 43 13 172
7584 44 59 172
7585 45 99 172
7586 46 88 172
7587 47 254 172
7588 48 86 172
7589 49 9 172
7590 50 219 172
7591 51 240 172
7592 52 73 172
7593 53 220 172
7594 54 50 172
7595 55 240 172
7596 56 228 172
7597 57 40 172
7598 58 142 172
7599 59 107 172
7600 60 190 172
7601 61 247 172
7602 62 116 172
7603 63 94 172
7604 64 175 172
7605 65 194 172
7606 67 243 172
7607 0 76 173
7608 1 159 173
7609 2 244 173
7610 3 99 173
7611 4 211 173
7612 5 217 173
7613 6 73 173
7614 7 178 173
7615 8 30 173
7616 9 22 173
7617 10 84 173
7618 11 40 173
7619 12 31 173
7620 13 27 173
7621 14 200 173
7622 15 151 173
7623 16 252 173
7624 17 169 173
7625 18 68 173
7626 19 41 173
7627 20 206 173
7628 21 191 173
7629 22 224 173
7630 23 61 173
7631 24 32 173
7632 25 182 173
7633 26 82 173
7634 27 115 173
7635 28 39 173
7636 29 247 173
7637 30 104 173
7638 31 22 173
7639 32 110 173
7640 33 19 173
7641 34 168 173
7642 35 141 173
7643 36 120 173
7644 37 29 173
7645 38 102 173
7646 39 7 173
7647 40 143 173
7648 41 183 173
7649 42 233 173
7650 43 7 173
7651 44 30 173
7652 45 173 173
7653 46 17 173
7654 47 21 173
7655 48 77 173
7656 49 232 173
7657 50 136 173
7658 51 43 173
7659 52 173 173
7660 53 127 173
7661 54 144 173
7662 55 128 173
7663 56 24 173
7664 57 60 173
7665 58 46 173
7666 59 222 173
7667 60 35 173
7668 61 108 173
7669 62 120 173
7670 63 178 173
7671 64 136 173
7672 66 32 173
7673 65 112 173
7674 67 95 173
7675 68 200 173
7676 69 126 173
7677 70 47 173
7678 71 144 173
7679 73 226 173
7680 0 21 174
7681 1 164 174
7682 2 80 174
7683 3 54 174
7684 4 206 174
7685 5 161 174
7686 6 212 174
7687 7 171 174
7688 8 212 174
7689 9 98 174
7690 10 79 174
7691 11 249 174
7692 12 186 174
7693 13 210 174
7694 14 40 174
7695 15 93 174
7696 16 158 174
7697 17 38 174
7698 18 76 174
7699 19 161 174
7700 20 94 174
7701 21 12 174
7702 22 62 174
7703 23 212 174
7704 24 166 174
7705 25 118 174
7706 26 237 174
7707 27 186 174
7708 28 115 174
7709 29 12 174
7710 30 237 174
7711 31 97 174
7712 32 124 174
7713 33 76 174
7714 34 33 174
7715 35 256 174
7716 36 2 174
7717 37 12 174
7718 38 246 174
7719 39 183 174
7720 40 168 174
7721 41 55 174
7722 42 136 174
7723 43 39 174
7724 44 156 174
7725 45 80 174
7726 46 162 174
7727 47 116 174
7728 48 65 174
7729 49 1 174
7730 50 175 174
7731 51 102 174
7732 52 100 174
7733 53 61 174
7734 54 189 174
7735 55 183 174
7736 56 26 174
7737 57 90 174
7738 58 35 174
7739 59 197 174
7740 60 37 174
7741 61 91 174
7742 62 23 174
7743 63 231 174
7744 64 39 174
7745 65 218 174
7746 66 37 174
7747 67 89 174
7748 68 175 174
7749 69 227 174
7750 70 194 174
7751 71 182 174
7752 72 37 174
7753 73 208 174
7754 75 226 174
7755 77 227 174
7756 0 92 175
7757 1 193 175
7758 2 149 175
7759 3 96 175
7760 4 79 175
7761 5 203 175
7762 6 159 175
7763 7 191 175
7764 8 198 175
7765 9 47 175
7766 10 141 175
7767 11 236 175
7768 12 77 175
7769 13 14 175
7770 14 160 175
7771 15 3 175
7772 16 154 175
7773 17 209 175
7774 18 85 175
7775 19 143 175
7776 20 66 175
7777 21 66 175
7778 0 250 176
7779 22 186 175
7780 0 169 177
7781 23 189 175
7782 24 2 175
7783 25 80 175
7784 26 63 175
7785 27 31 175
7786 28 241 175
7787 29 22 175
7788 30 217 175
7789 31 24 175
7790 32 59 175
7791 33 165 175
7792 34 109 175
7793 35 66 175
7794 36 12 175
7795 37 10 175
7796 38 143 175
7797 39 65 175
7798 40 52 175
7799 41 137 175
7800 42 255 175
7801 43 202 175
7802 44 109 175
7803 45 186 175
7804 46 106 175
7805 47 194 175
7806 48 204 175
7807 49 159 175
7808 50 249 175
7809 51 18 175
7810 52 31 175
7811 53 37 175
7812 54 14 175
7813 55 28 175
7814 56 156 175
7815 57 183 175
7816 58 156 175
7817 79 82 175
7818 59 213 175
7819 60 194 175
7820 61 9 175
7821 62 120 175
7822 63 159 175
7823 64 123 175
7824 65 215 175
7825 66 59 175
7826 67 90 175
7827 68 219 175
7828 69 232 175
7829 70 202 175
7830 71 167 175
7831 72 130 175
7832 73 249 175
7833 74 203 175
7834 75 79 175
7835 76 190 175
7836 77 74 175
7837 78 111 175
7838 82 9 175
7839 1 159 176
7840 2 50 176
7841 3 129 176
7842 4 41 176
7843 5 67 176
7844 6 174 176
7845 8 177 176
7846 7 223 176
7847 9 142 176
7848 10 202 176
7849 11 85 176
7850 12 178 176
7851 13 159 176
7852 14 161 176
7853 15 38 176
7854 16 36 176
7855 17 77 176
7856 18 163 176
7857 19 12 176
7858 20 176 176
7859 21 234 176
7860 22 202 176
7861 23 96 176
7862 24 17 176
7863 25 95 176
7864 26 105 176
7865 27 246 176
7866 28 229 176
7867 29 31 176
7868 30 248 176
7869 31 225 176
7870 32 95 176
7871 33 231 176
7872 34 61 176
7873 35 96 176
7874 36 137 176
7875 37 95 176
7876 38 21 176
7877 39 52 176
7878 40 89 176
7879 41 156 176
7880 42 121 176
7881 43 67 176
7882 44 57 176
7883 45 206 176
7884 46 244 176
7885 47 253 176
7886 48 104 176
7887 49 78 176
7888 50 173 176
7889 51 250 176
7890 52 222 176
7891 53 104 176
7892 54 237 176
7893 55 237 176
7894 56 187 176
7895 57 214 176
7896 58 74 176
7897 59 110 176
7898 60 219 176
7899 61 12 176
7900 62 56 176
7901 64 108 176
7902 63 85 176
7903 65 63 176
7904 66 211 176
7905 67 1 176
7906 68 28 176
7907 69 37 176
7908 70 195 176
7909 71 232 176
7910 72 159 176
7911 73 219 176
7912 74 145 176
7913 75 122 176
7914 76 83 176
7915 77 100 176
7916 78 7 176
7917 79 12 176
7918 80 177 176
7919 81 250 176
7920 82 208 176
7921 83 117 176
7922 85 154 176
7923 1 245 177
7924 2 230 177
7925 3 154 177
7926 4 18 177
7927 5 11 177
7928 6 106 177
7929 7 209 177
7930 8 127 177
7931 9 190 177
7932 10 149 177
7933 11 108 177
7934 12 206 177
7935 13 187 177
7936 14 217 177
7937 15 253 177
7938 16 2 177
7939 17 15 177
7940 18 47 177
7941 19 71 177
7942 20 160 177
7943 21 58 177
7944 22 72 177
7945 23 149 177
7946 24 16 177
7947 25 10 177
7948 26 29 177
7949 27 121 177
7950 28 27 177
7951 29 144 177
7952 30 89 177
7953 31 119 177
7954 32 6 177
7955 33 207 177
7956 34 22 177
7957 35 181 177
7958 36 242 177
7959 37 74 177
7960 38 132 177
7961 39 199 177
7962 40 38 177
7963 41 77 177
7964 42 80 177
7965 43 236 177
7966 44 146 177
7967 45 196 177
7968 46 233 177
7969 47 14 177
7970 48 35 177
7971 49 77 177
7972 50 167 177
7973 51 243 177
7974 52 253 177
7975 53 216 177
7976 54 65 177
7977 55 66 177
7978 56 217 177
7979 57 10 177
7980 58 135 177
7981 59 175 177
7982 60 158 177
7983 61 32 177
7984 62 204 177
7985 63 11 177
7986 64 4 177
7987 65 26 177
7988 66 247 177
7989 67 123 177
7990 68 93 177
7991 69 99 177
7992 70 98 177
7993 71 132 177
7994 72 171 177
7995 73 132 177
7996 74 71 177
7997 75 11 177
7998 76 175 177
7999 77 182 177
8000 78 177 177
8001 79 12 177
8002 80 23 177
8003 81 142 177
8004 82 136 177
8005 83 171 177
8006 84 185 177
8007 85 97 177
8008 86 211 177
8009 87 108 177
8010 0 96 178
8011 1 31 178
8012 2 93 178
8013 3 48 178
8014 4 110 178
8015 5 250 178
8016 6 189 178
8017 7 76 178
8018 8 80 178
8019 9 178 178
8020 10 143 178
8021 11 20 178
8022 12 217 178
8023 13 215 178
8024 14 146 178
8025 15 214 178
8026 16 153 178
8027 17 27 178
8028 18 60 178
8029 19 247 178
8030 20 109 178
8031 21 4 178
8032 22 139 178
8033 23 194 178
8034 24 63 178
8035 25 253 178
8036 26 140 178
8037 27 200 178
8038 28 26 178
8039 29 103 178
8040 30 86 178
8041 31 128 178
8042 32 86 178
8043 33 188 178
8044 34 16 178
8045 35 155 178
8046 36 228 178
8047 37 256 178
8048 38 19 178
8049 39 77 178
8050 40 11 178
8051 41 106 178
8052 42 104 178
8053 43 136 178
8054 44 44 178
8055 45 168 178
8056 46 67 178
8057 47 143 178
8058 48 226 178
8059 49 228 178
8060 50 208 178
8061 51 219 178
8062 52 23 178
8063 53 161 178
8064 54 85 178
8065 55 85 178
8066 56 133 178
8067 57 185 178
8068 58 26 178
8069 59 80 178
8070 60 170 178
8071 61 67 178
8072 62 66 178
8073 63 217 178
8074 64 243 178
8075 65 150 178
8076 66 187 178
8077 67 62 178
8078 68 25 178
8079 69 8 178
8080 70 143 178
8081 71 194 178
8082 72 46 178
8083 73 255 178
8084 74 45 178
8085 75 187 178
8086 76 125 178
8087 77 178 178
8088 78 102 178
8089 79 184 178
8090 80 226 178
8091 81 140 178
8092 82 187 178
8093 83 95 178
8094 84 136 178
8095 85 254 178
8096 86 124 178
8097 87 143 178
8098 88 171 178
8099 89 98 178
8100 0 167 179
8101 1 89 179
8102 2 124 179
8103 3 101 179
8104 4 18 179
8105 5 147 179
8106 6 133 179
8107 7 32 179
8108 8 225 179
8109 9 27 179
8110 10 242 179
8111 11 140 179
8112 12 238 179
8113 13 237 179
8114 14 51 179
8115 15 186 179
8116 16 145 179
8117 17 247 179
8118 18 202 179
8119 19 245 179
8120 20 189 179
8121 21 116 179
8122 22 136 179
8123 23 187 179
8124 24 25 179
8125 25 196 179
8126 26 4 179
8127 27 142 179
8128 28 82 179
8129 29 36 179
8130 30 58 179
8131 31 131 179
8132 32 89 179
8133 33 251 179
8134 34 251 179
8135 35 147 179
8136 36 107 179
8137 37 184 179
8138 38 41 179
8139 39 220 179
8140 40 108 179
8141 41 15 179
weights 180 180 180 180 180 180 180 180 180 180 180 180 180 180 180 180 180 180 180 180 180 180 180 180 180 180 180 180 180 180 180 180 180 180 180 180 180 180 180 180 180 180 179 179 179 179 179 179 179 179 179 179 179 179 179 179 179 179 179 179 179 179 179 179 179 179 179 179 179 179 179 179 179 179 179 179 179 179 179 179 179 179 179 179 179 179 179 179 179 179
