2026-09-10T17:50:39.6476783Z Current runner version: '2.337.0'
2026-09-10T17:50:39.6504101Z ##[group]Runner Image Provisioner
2026-09-10T17:50:39.6505085Z Hosted Compute Agent
2026-09-10T17:50:39.6506134Z Version: 20260828.587
2026-09-10T17:50:39.6506890Z Commit: abac92662cab4cc7352de4f9f9d2e2419aad9c29
2026-09-10T17:50:39.6507730Z Build Date: 2026-08-28T16:44:25Z
2026-09-10T17:50:39.6508655Z Worker ID: {12b8644c-4721-482d-9e54-55aef825ac88}
2026-09-10T17:50:39.6509518Z Azure Region: eastus
2026-09-10T17:50:39.6510276Z ##[endgroup]
2026-09-10T17:50:39.6512720Z ##[group]Operating System
2026-09-10T17:50:39.6513509Z Ubuntu
2026-09-10T17:50:39.6514687Z 24.04.5
2026-09-10T17:50:39.6515295Z LTS
2026-09-10T17:50:39.6516155Z ##[endgroup]
2026-09-10T17:50:39.6516825Z ##[group]Runner Image
2026-09-10T17:50:39.6517519Z Image: ubuntu-24.04
2026-09-10T17:50:39.6518375Z Version: 20260907.300.1
2026-09-10T17:50:39.6519914Z Included Software: https://github.com/actions/runner-images/blob/ubuntu24/20260907.300/images/ubuntu/Ubuntu2404-Readme.md
2026-09-10T17:50:39.6521940Z Image Release: https://github.com/actions/runner-images/releases/tag/ubuntu24%2F20260907.300
2026-09-10T17:50:39.6523126Z ##[endgroup]
2026-09-10T17:50:39.6524526Z ##[group]GITHUB_TOKEN Permissions
2026-09-10T17:50:39.6527107Z Contents: read
2026-09-10T17:50:39.6527823Z Metadata: read
2026-09-10T17:50:39.6528476Z ##[endgroup]
2026-09-10T17:50:39.6530979Z Secret source: Actions
2026-09-10T17:50:39.6532072Z Cache mode: write
2026-09-10T17:50:39.6533369Z Prepare workflow directory
2026-09-10T17:50:39.6954098Z Prepare all required actions
2026-09-10T17:50:39.7008396Z Getting action download info
2026-09-10T17:50:39.9216052Z Download action repository 'actions/checkout@3d3c42e5aac5ba805825da76410c181273ba90b1' (SHA:3d3c42e5aac5ba805825da76410c181273ba90b1)
2026-09-10T17:50:40.0457718Z Download action repository 'leanprover/lean-action@50fcf42d2e460296f1a34b402e990d1b24f8b596' (SHA:50fcf42d2e460296f1a34b402e990d1b24f8b596)
2026-09-10T17:50:40.1540383Z Download action repository 'actions/upload-artifact@ea165f8d65b6e75b540449e92b4886f43607fa02' (SHA:ea165f8d65b6e75b540449e92b4886f43607fa02)
2026-09-10T17:50:40.5181932Z Getting action download info
2026-09-10T17:50:40.5821154Z Download action repository 'actions/cache@v5' (SHA:caa296126883cff596d87d8935842f9db880ef25)
2026-09-10T17:50:40.9743928Z Complete job name: finitecover
2026-09-10T17:50:41.0433383Z ##[group]Run actions/checkout@3d3c42e5aac5ba805825da76410c181273ba90b1
2026-09-10T17:50:41.0434762Z with:
2026-09-10T17:50:41.0435662Z   repository: HuanHuanHuanFFF/lean-math-lab
2026-09-10T17:50:41.0441885Z   token: ***
2026-09-10T17:50:41.0442584Z   ssh-strict: true
2026-09-10T17:50:41.0443293Z   ssh-user: git
2026-09-10T17:50:41.0444014Z   persist-credentials: true
2026-09-10T17:50:41.0444790Z   clean: true
2026-09-10T17:50:41.0445620Z   sparse-checkout-cone-mode: true
2026-09-10T17:50:41.0446469Z   fetch-depth: 1
2026-09-10T17:50:41.0447172Z   fetch-tags: false
2026-09-10T17:50:41.0447906Z   show-progress: true
2026-09-10T17:50:41.0448628Z   lfs: false
2026-09-10T17:50:41.0449330Z   submodules: false
2026-09-10T17:50:41.0450068Z   set-safe-directory: true
2026-09-10T17:50:41.0450893Z   allow-unsafe-pr-checkout: false
2026-09-10T17:50:41.0451979Z env:
2026-09-10T17:50:41.0452949Z   B699_RUN: research/tasks/B699-Binomial/runs/20260911-low-index-lean-513dc7cc
2026-09-10T17:50:41.0454158Z ##[endgroup]
2026-09-10T17:50:41.1447126Z Syncing repository: HuanHuanHuanFFF/lean-math-lab
2026-09-10T17:50:41.1450600Z ##[group]Getting Git version info
2026-09-10T17:50:41.1452543Z Working directory is '/home/runner/work/lean-math-lab/lean-math-lab'
2026-09-10T17:50:41.1455508Z [command]/usr/bin/git version
2026-09-10T17:50:41.1505160Z git version 2.55.0
2026-09-10T17:50:41.1535738Z ##[endgroup]
2026-09-10T17:50:41.1544919Z Temporarily overriding HOME='/home/runner/work/_temp/9186908b-410c-4c3e-9783-79e5fbd430a7' before making global git config changes
2026-09-10T17:50:41.1549475Z Adding repository directory to the temporary git global config as a safe directory
2026-09-10T17:50:41.1558403Z [command]/usr/bin/git config --global --add safe.directory /home/runner/work/lean-math-lab/lean-math-lab
2026-09-10T17:50:41.1634509Z Deleting the contents of '/home/runner/work/lean-math-lab/lean-math-lab'
2026-09-10T17:50:41.1638504Z ##[group]Determining repository object format
2026-09-10T17:50:41.1641099Z ##[endgroup]
2026-09-10T17:50:41.1643472Z ##[group]Initializing the repository
2026-09-10T17:50:41.1645765Z [command]/usr/bin/git init /home/runner/work/lean-math-lab/lean-math-lab
2026-09-10T17:50:41.1743331Z hint: Using 'master' as the name for the initial branch. This default branch name
2026-09-10T17:50:41.1762751Z hint: will change to "main" in Git 3.0. To configure the initial branch name
2026-09-10T17:50:41.1767259Z hint: to use in all of your new repositories, which will suppress this warning,
2026-09-10T17:50:41.1769823Z hint: call:
2026-09-10T17:50:41.1772474Z hint:
2026-09-10T17:50:41.1773700Z hint: 	git config --global init.defaultBranch <name>
2026-09-10T17:50:41.1775203Z hint:
2026-09-10T17:50:41.1776725Z hint: Names commonly chosen instead of 'master' are 'main', 'trunk' and
2026-09-10T17:50:41.1778963Z hint: 'development'. The just-created branch can be renamed via this command:
2026-09-10T17:50:41.1780761Z hint:
2026-09-10T17:50:41.1781764Z hint: 	git branch -m <name>
2026-09-10T17:50:41.1782907Z hint:
2026-09-10T17:50:41.1784404Z hint: Disable this message with "git config set advice.defaultBranchName false"
2026-09-10T17:50:41.1787115Z Initialized empty Git repository in /home/runner/work/lean-math-lab/lean-math-lab/.git/
2026-09-10T17:50:41.1791292Z [command]/usr/bin/git remote add origin https://github.com/HuanHuanHuanFFF/lean-math-lab
2026-09-10T17:50:41.1957893Z ##[endgroup]
2026-09-10T17:50:41.1960024Z ##[group]Disabling automatic garbage collection
2026-09-10T17:50:41.1964155Z [command]/usr/bin/git config --local gc.auto 0
2026-09-10T17:50:41.1976919Z ##[endgroup]
2026-09-10T17:50:41.2010666Z ##[group]Setting up auth
2026-09-10T17:50:41.2028331Z Removing SSH command configuration
2026-09-10T17:50:41.2030161Z [command]/usr/bin/git config --local --name-only --get-regexp core\.sshCommand
2026-09-10T17:50:41.2035654Z [command]/usr/bin/git submodule foreach --recursive sh -c "git config --local --name-only --get-regexp 'core\.sshCommand' && git config --local --unset-all 'core.sshCommand' || :"
2026-09-10T17:50:41.2459144Z Removing HTTP extra header
2026-09-10T17:50:41.2461747Z [command]/usr/bin/git config --local --name-only --get-regexp http\.https\:\/\/github\.com\/\.extraheader
2026-09-10T17:50:41.2469797Z [command]/usr/bin/git submodule foreach --recursive sh -c "git config --local --name-only --get-regexp 'http\.https\:\/\/github\.com\/\.extraheader' && git config --local --unset-all 'http.https://github.com/.extraheader' || :"
2026-09-10T17:50:41.2616374Z Removing includeIf entries pointing to credentials config files
2026-09-10T17:50:41.2620735Z [command]/usr/bin/git config --local --name-only --get-regexp ^includeIf\.gitdir:
2026-09-10T17:50:41.2660580Z [command]/usr/bin/git submodule foreach --recursive git config --local --show-origin --name-only --get-regexp remote.origin.url
2026-09-10T17:50:41.2866734Z [command]/usr/bin/git config --file /home/runner/work/_temp/git-credentials-9e75fd69-c3af-487e-b306-7064faf9635a.config http.https://github.com/.extraheader AUTHORIZATION: basic ***
2026-09-10T17:50:41.2900517Z [command]/usr/bin/git config --local includeIf.gitdir:/home/runner/work/lean-math-lab/lean-math-lab/.git.path /home/runner/work/_temp/git-credentials-9e75fd69-c3af-487e-b306-7064faf9635a.config
2026-09-10T17:50:41.2938140Z [command]/usr/bin/git config --local includeIf.gitdir:/home/runner/work/lean-math-lab/lean-math-lab/.git/worktrees/*.path /home/runner/work/_temp/git-credentials-9e75fd69-c3af-487e-b306-7064faf9635a.config
2026-09-10T17:50:41.2970293Z [command]/usr/bin/git config --local includeIf.gitdir:/github/workspace/.git.path /github/runner_temp/git-credentials-9e75fd69-c3af-487e-b306-7064faf9635a.config
2026-09-10T17:50:41.3003629Z [command]/usr/bin/git config --local includeIf.gitdir:/github/workspace/.git/worktrees/*.path /github/runner_temp/git-credentials-9e75fd69-c3af-487e-b306-7064faf9635a.config
2026-09-10T17:50:41.3032802Z ##[endgroup]
2026-09-10T17:50:41.3035066Z ##[group]Fetching the repository
2026-09-10T17:50:41.3040891Z [command]/usr/bin/git -c protocol.version=2 fetch --no-tags --prune --no-recurse-submodules --depth=1 origin +a31cff68eb22b1478e29788c75952f8763d621b6:refs/remotes/origin/GPT-work/b699-low-index-lean-20260911-513dc7cc
2026-09-10T17:50:47.0540937Z From https://github.com/HuanHuanHuanFFF/lean-math-lab
2026-09-10T17:50:47.0565033Z  * [new ref]         a31cff68eb22b1478e29788c75952f8763d621b6 -> origin/GPT-work/b699-low-index-lean-20260911-513dc7cc
2026-09-10T17:50:47.0570980Z [command]/usr/bin/git branch --list --remote origin/GPT-work/b699-low-index-lean-20260911-513dc7cc
2026-09-10T17:50:47.0587429Z   origin/GPT-work/b699-low-index-lean-20260911-513dc7cc
2026-09-10T17:50:47.0607023Z [command]/usr/bin/git rev-parse refs/remotes/origin/GPT-work/b699-low-index-lean-20260911-513dc7cc
2026-09-10T17:50:47.0625200Z a31cff68eb22b1478e29788c75952f8763d621b6
2026-09-10T17:50:47.0633452Z ##[endgroup]
2026-09-10T17:50:47.0634278Z ##[group]Determining the checkout info
2026-09-10T17:50:47.0635089Z ##[endgroup]
2026-09-10T17:50:47.0646866Z [command]/usr/bin/git sparse-checkout disable
2026-09-10T17:50:47.1042608Z [command]/usr/bin/git config --local --unset-all extensions.worktreeConfig
2026-09-10T17:50:47.1400261Z ##[group]Checking out the ref
2026-09-10T17:50:47.1401797Z [command]/usr/bin/git checkout --progress --force -B GPT-work/b699-low-index-lean-20260911-513dc7cc refs/remotes/origin/GPT-work/b699-low-index-lean-20260911-513dc7cc
2026-09-10T17:50:48.1786851Z Updating files:  53% (5403/10097)
2026-09-10T17:50:48.1828064Z Updating files:  54% (5453/10097)
2026-09-10T17:50:48.1889097Z Updating files:  55% (5554/10097)
2026-09-10T17:50:48.1931291Z Updating files:  56% (5655/10097)
2026-09-10T17:50:48.1985844Z Updating files:  57% (5756/10097)
2026-09-10T17:50:48.2088638Z Updating files:  58% (5857/10097)
2026-09-10T17:50:48.2490364Z Updating files:  59% (5958/10097)
2026-09-10T17:50:48.2636510Z Updating files:  60% (6059/10097)
2026-09-10T17:50:48.2676336Z Updating files:  61% (6160/10097)
2026-09-10T17:50:48.2707439Z Updating files:  62% (6261/10097)
2026-09-10T17:50:48.2758248Z Updating files:  63% (6362/10097)
2026-09-10T17:50:48.2861755Z Updating files:  64% (6463/10097)
2026-09-10T17:50:48.2940867Z Updating files:  65% (6564/10097)
2026-09-10T17:50:48.2989133Z Updating files:  66% (6665/10097)
2026-09-10T17:50:48.3092772Z Updating files:  67% (6765/10097)
2026-09-10T17:50:48.3159984Z Updating files:  68% (6866/10097)
2026-09-10T17:50:48.3236742Z Updating files:  69% (6967/10097)
2026-09-10T17:50:48.3296502Z Updating files:  70% (7068/10097)
2026-09-10T17:50:48.3358756Z Updating files:  71% (7169/10097)
2026-09-10T17:50:48.3386982Z Updating files:  72% (7270/10097)
2026-09-10T17:50:48.3418485Z Updating files:  73% (7371/10097)
2026-09-10T17:50:48.3467114Z Updating files:  74% (7472/10097)
2026-09-10T17:50:48.3511964Z Updating files:  75% (7573/10097)
2026-09-10T17:50:48.3550630Z Updating files:  76% (7674/10097)
2026-09-10T17:50:48.3623731Z Updating files:  77% (7775/10097)
2026-09-10T17:50:48.3646317Z Updating files:  78% (7876/10097)
2026-09-10T17:50:48.3674143Z Updating files:  79% (7977/10097)
2026-09-10T17:50:48.3738224Z Updating files:  80% (8078/10097)
2026-09-10T17:50:48.3802991Z Updating files:  81% (8179/10097)
2026-09-10T17:50:48.3887882Z Updating files:  82% (8280/10097)
2026-09-10T17:50:48.4006997Z Updating files:  83% (8381/10097)
2026-09-10T17:50:48.4064959Z Updating files:  84% (8482/10097)
2026-09-10T17:50:48.4124771Z Updating files:  85% (8583/10097)
2026-09-10T17:50:48.4222081Z Updating files:  86% (8684/10097)
2026-09-10T17:50:48.4266856Z Updating files:  87% (8785/10097)
2026-09-10T17:50:48.4326483Z Updating files:  88% (8886/10097)
2026-09-10T17:50:48.4382506Z Updating files:  89% (8987/10097)
2026-09-10T17:50:48.4427541Z Updating files:  90% (9088/10097)
2026-09-10T17:50:48.4464896Z Updating files:  91% (9189/10097)
2026-09-10T17:50:48.4535250Z Updating files:  92% (9290/10097)
2026-09-10T17:50:48.4567217Z Updating files:  93% (9391/10097)
2026-09-10T17:50:48.4670756Z Updating files:  94% (9492/10097)
2026-09-10T17:50:48.4749899Z Updating files:  95% (9593/10097)
2026-09-10T17:50:48.5074735Z Updating files:  96% (9694/10097)
2026-09-10T17:50:48.5109044Z Updating files:  97% (9795/10097)
2026-09-10T17:50:48.5246934Z Updating files:  98% (9896/10097)
2026-09-10T17:50:48.5296285Z Updating files:  99% (9997/10097)
2026-09-10T17:50:48.5296974Z Updating files: 100% (10097/10097)
2026-09-10T17:50:48.5297817Z Updating files: 100% (10097/10097), done.
2026-09-10T17:50:48.7104514Z Switched to a new branch 'GPT-work/b699-low-index-lean-20260911-513dc7cc'
2026-09-10T17:50:48.7126504Z branch 'GPT-work/b699-low-index-lean-20260911-513dc7cc' set up to track 'origin/GPT-work/b699-low-index-lean-20260911-513dc7cc'.
2026-09-10T17:50:48.7164761Z ##[endgroup]
2026-09-10T17:50:48.7212125Z [command]/usr/bin/git log -1 --format=%H
2026-09-10T17:50:48.7240687Z a31cff68eb22b1478e29788c75952f8763d621b6
2026-09-10T17:50:48.7423526Z ##[group]Run python3 - <<'PY'
2026-09-10T17:50:48.7423812Z [36;1mpython3 - <<'PY'[0m
2026-09-10T17:50:48.7424032Z [36;1mfrom pathlib import Path[0m
2026-09-10T17:50:48.7424386Z [36;1mimport shutil, subprocess[0m
2026-09-10T17:50:48.7424788Z [36;1mfor name in ('memory.max', 'memory.current', 'cpu.max'):[0m
2026-09-10T17:50:48.7425164Z [36;1m    p = Path('/sys/fs/cgroup') / name[0m
2026-09-10T17:50:48.7425723Z [36;1m    print(name, p.read_text().strip() if p.exists() else 'unavailable')[0m
2026-09-10T17:50:48.7426064Z [36;1mprint('disk', shutil.disk_usage('.'))[0m
2026-09-10T17:50:48.7426559Z [36;1mprint('meminfo', [line for line in Path('/proc/meminfo').read_text().splitlines() if line.startswith(('MemTotal:', 'MemAvailable:'))])[0m
2026-09-10T17:50:48.7427195Z [36;1mprint(subprocess.check_output(['ps', '-eo', 'pid,ppid,rss,comm', '--sort=-rss'], text=True)[:1500])[0m
2026-09-10T17:50:48.7427570Z [36;1mPY[0m
2026-09-10T17:50:48.7461785Z shell: /usr/bin/bash -e {0}
2026-09-10T17:50:48.7462012Z env:
2026-09-10T17:50:48.7462288Z   B699_RUN: research/tasks/B699-Binomial/runs/20260911-low-index-lean-513dc7cc
2026-09-10T17:50:48.7462599Z ##[endgroup]
2026-09-10T17:50:48.9647969Z memory.max unavailable
2026-09-10T17:50:48.9648660Z memory.current unavailable
2026-09-10T17:50:48.9649388Z cpu.max unavailable
2026-09-10T17:50:48.9649910Z disk usage(total=76887154688, used=63052115968, free=13818261504)
2026-09-10T17:50:48.9650878Z meminfo ['MemTotal:        8128876 kB', 'MemAvailable:    6973232 kB']
2026-09-10T17:50:48.9651630Z     PID    PPID   RSS COMMAND
2026-09-10T17:50:48.9652414Z    1737    1735 140728 provjobd8109985
2026-09-10T17:50:48.9652970Z    1787    1767 131780 Runner.Worker
2026-09-10T17:50:48.9653744Z    1767    1719 95264 Runner.Listener
2026-09-10T17:50:48.9655614Z     954       1 72288 dockerd
2026-09-10T17:50:48.9656112Z     691       1 51604 php-fpm8.3
2026-09-10T17:50:48.9656856Z     202       1 43680 multipathd
2026-09-10T17:50:48.9658878Z     803       1 43460 containerd
2026-09-10T17:50:48.9659195Z    1083     721 37260 python3
2026-09-10T17:50:48.9659500Z     721       1 31880 python3
2026-09-10T17:50:48.9659801Z     926     691 21400 php-fpm8.3
2026-09-10T17:50:48.9660110Z     930     691 21400 php-fpm8.3
2026-09-10T17:50:48.9660416Z     688       1 20896 networkd-dispat
2026-09-10T17:50:48.9660747Z     139       1 17812 systemd-journal
2026-09-10T17:50:48.9661110Z    1719       1 17120 hosted-compute-
2026-09-10T17:50:48.9661440Z       1       0 14444 systemd
2026-09-10T17:50:48.9661725Z     720       1 13860 udisksd
2026-09-10T17:50:48.9661998Z     470       1 13252 systemd-resolve
2026-09-10T17:50:48.9662615Z     953       1 13180 ModemManager
2026-09-10T17:50:48.9662884Z    1935    1934 12912 python3
2026-09-10T17:50:48.9663166Z    1030       1 11664 systemd
2026-09-10T17:50:48.9663466Z     623       1  9796 systemd-network
2026-09-10T17:50:48.9664003Z     706       1  9540 systemd-logind
2026-09-10T17:50:48.9664330Z     695       1  8248 polkitd
2026-09-10T17:50:48.9664652Z     206       1  8024 systemd-udevd
2026-09-10T17:50:48.9664958Z    1029       1  7624 systemd-timedat
2026-09-10T17:50:48.9665221Z    1735    1719  7136 sudo
2026-09-10T17:50:48.9665633Z     773       1  6468 rsyslogd
2026-09-10T17:50:48.9666106Z     683       1  5656 dbus-daemon
2026-09-10T17:50:48.9666387Z     467       1  5100 haveged
2026-09-10T17:50:48.9666651Z    1936    1935  4288 ps
2026-09-10T17:50:48.9666904Z     819       1  3780 chronyd
2026-09-10T17:50:48.9667185Z    1036    1030  3640 (sd-pam)
2026-09-10T17:50:48.9667452Z    1934    1787  3600 bash
2026-09-10T17:50:48.9667725Z     468       1  2972 hv_kvp_daemon
2026-09-10T17:50:48.9668015Z     795       1  2888 cron
2026-09-10T17:50:48.9668284Z     964       1  2224 agetty
2026-09-10T17:50:48.9668561Z     987       1  2108 agetty
2026-09-10T17:50:48.9668836Z     820     819  1280 chronyd
2026-09-10T17:50:48.9669102Z       2       0     0 kthreadd
2026-09-10T17:50:48.9669613Z       3       2     0 pool_workqueue_release
2026-09-10T17:50:48.9669953Z       4       2     0 kworker/R-rcu_gp
2026-09-10T17:50:48.9670295Z       5       2     0 kworker/R-sync_wq
2026-09-10T17:50:48.9670640Z       6       2     0 kworker/R-kvfree_rcu_reclaim
2026-09-10T17:50:48.9670972Z       7       2     0 k
2026-09-10T17:50:48.9934835Z ##[group]Run leanprover/lean-action@50fcf42d2e460296f1a34b402e990d1b24f8b596
2026-09-10T17:50:48.9935161Z with:
2026-09-10T17:50:48.9935332Z   auto-config: false
2026-09-10T17:50:48.9935658Z   build: false
2026-09-10T17:50:48.9935815Z   test: false
2026-09-10T17:50:48.9935966Z   lint: false
2026-09-10T17:50:48.9936133Z   use-mathlib-cache: false
2026-09-10T17:50:48.9936329Z   use-github-cache: false
2026-09-10T17:50:48.9936520Z   mk_all-check: false
2026-09-10T17:50:48.9936713Z   check-reservoir-eligibility: false
2026-09-10T17:50:48.9936928Z   leanchecker: false
2026-09-10T17:50:48.9937112Z   lean4checker: false
2026-09-10T17:50:48.9937275Z   nanoda: false
2026-09-10T17:50:48.9937443Z   nanoda-allow-sorry: true
2026-09-10T17:50:48.9937623Z   axiom-audit: false
2026-09-10T17:50:48.9937882Z   axiom-audit-allow: propext,Classical.choice,Quot.sound
2026-09-10T17:50:48.9938213Z   lake-package-directory: .
2026-09-10T17:50:48.9938438Z   reinstall-transient-toolchain: false
2026-09-10T17:50:48.9938699Z env:
2026-09-10T17:50:48.9938949Z   B699_RUN: research/tasks/B699-Binomial/runs/20260911-low-index-lean-513dc7cc
2026-09-10T17:50:48.9939254Z ##[endgroup]
2026-09-10T17:50:48.9990526Z ##[start-action display=install elan;id=__leanprover_lean-action.__run]
2026-09-10T17:50:49.0011957Z ##[group]Run : Install Elan
2026-09-10T17:50:49.0012204Z [36;1m: Install Elan[0m
2026-09-10T17:50:49.0012437Z [36;1m${GITHUB_ACTION_PATH}/scripts/install_elan.sh[0m
2026-09-10T17:50:49.0045172Z shell: /usr/bin/bash --noprofile --norc -e -o pipefail {0}
2026-09-10T17:50:49.0045611Z env:
2026-09-10T17:50:49.0045985Z   B699_RUN: research/tasks/B699-Binomial/runs/20260911-low-index-lean-513dc7cc
2026-09-10T17:50:49.0046442Z ##[endgroup]
2026-09-10T17:50:49.0420901Z ##[group]Elan Installation Output
2026-09-10T17:50:49.1399665Z info: downloading installer
2026-09-10T17:50:50.6496568Z info: downloading https://releases.lean-lang.org/lean4/v4.33.1/lean-4.33.1-linux.tar.zst
2026-09-10T17:51:01.5854511Z info: installing /home/runner/.elan/toolchains/leanprover--lean4---v4.33.1
2026-09-10T17:51:23.5590129Z Lean (version 4.33.1, x86_64-unknown-linux-gnu, commit 819816b2e0a3bf405af45ae5c7af2491d8f5bee6, Release)
2026-09-10T17:51:23.6041031Z Lake version 5.0.0-src+819816b (Lean version 4.33.1)
2026-09-10T17:51:23.6097847Z ##[endgroup]
2026-09-10T17:51:23.6098252Z 
2026-09-10T17:51:23.6115146Z ##[end-action id=__leanprover_lean-action.__run;outcome=success;conclusion=success;duration_ms=34612]
2026-09-10T17:51:23.6119511Z ##[start-action display=configure `lean-action`;id=__leanprover_lean-action.config]
2026-09-10T17:51:23.6160119Z ##[group]Run : Configure Lean Action
2026-09-10T17:51:23.6160377Z [36;1m: Configure Lean Action[0m
2026-09-10T17:51:23.6160604Z [36;1m${GITHUB_ACTION_PATH}/scripts/config.sh[0m
2026-09-10T17:51:23.6196910Z shell: /usr/bin/bash --noprofile --norc -e -o pipefail {0}
2026-09-10T17:51:23.6197183Z env:
2026-09-10T17:51:23.6197448Z   B699_RUN: research/tasks/B699-Binomial/runs/20260911-low-index-lean-513dc7cc
2026-09-10T17:51:23.6197756Z   AUTO_CONFIG: false
2026-09-10T17:51:23.6197931Z   BUILD: false
2026-09-10T17:51:23.6198095Z   TEST: false
2026-09-10T17:51:23.6198244Z   LINT: false
2026-09-10T17:51:23.6198398Z ##[endgroup]
2026-09-10T17:51:23.6335062Z ##[group]Configure lean-action
2026-09-10T17:51:23.6379150Z ##[end-action id=__leanprover_lean-action.config;outcome=success;conclusion=success;duration_ms=25]
2026-09-10T17:51:23.6382829Z ##[start-action display=reinstall transient toolchain;id=__leanprover_lean-action.__run_2]
2026-09-10T17:51:23.6396783Z ##[end-action id=__leanprover_lean-action.__run_2;outcome=skipped;conclusion=skipped;duration_ms=0]
2026-09-10T17:51:23.6398925Z ##[start-action display=ensure all files are imported;id=__leanprover_lean-action.mk_all]
2026-09-10T17:51:23.6401995Z ##[end-action id=__leanprover_lean-action.mk_all;outcome=skipped;conclusion=skipped;duration_ms=0]
2026-09-10T17:51:23.6403687Z ##[start-action display=Run actions/cache/restore@v5;id=__leanprover_lean-action.__actions_cache]
2026-09-10T17:51:23.6406624Z ##[end-action id=__leanprover_lean-action.__actions_cache;outcome=skipped;conclusion=skipped;duration_ms=0]
2026-09-10T17:51:23.6408076Z ##[start-action display=detect mathlib;id=__leanprover_lean-action.detect-mathlib]
2026-09-10T17:51:23.6410643Z ##[end-action id=__leanprover_lean-action.detect-mathlib;outcome=skipped;conclusion=skipped;duration_ms=0]
2026-09-10T17:51:23.6411974Z ##[start-action display=get mathlib cache;id=__leanprover_lean-action.__run_3]
2026-09-10T17:51:23.6429609Z ##[end-action id=__leanprover_lean-action.__run_3;outcome=skipped;conclusion=skipped;duration_ms=0]
2026-09-10T17:51:23.6449893Z ##[start-action display=build HuanHuanHuanFFF/lean-math-lab;id=__leanprover_lean-action.build]
2026-09-10T17:51:23.6453418Z ##[end-action id=__leanprover_lean-action.build;outcome=skipped;conclusion=skipped;duration_ms=0]
2026-09-10T17:51:23.6454912Z ##[start-action display=Run actions/cache/save@v5;id=__leanprover_lean-action.__actions_cache_2]
2026-09-10T17:51:23.6457883Z ##[end-action id=__leanprover_lean-action.__actions_cache_2;outcome=skipped;conclusion=skipped;duration_ms=0]
2026-09-10T17:51:23.6460504Z ##[start-action display=test HuanHuanHuanFFF/lean-math-lab;id=__leanprover_lean-action.test]
2026-09-10T17:51:23.6463726Z ##[end-action id=__leanprover_lean-action.test;outcome=skipped;conclusion=skipped;duration_ms=0]
2026-09-10T17:51:23.6465879Z ##[start-action display=lint HuanHuanHuanFFF/lean-math-lab;id=__leanprover_lean-action.lint]
2026-09-10T17:51:23.6469260Z ##[end-action id=__leanprover_lean-action.lint;outcome=skipped;conclusion=skipped;duration_ms=0]
2026-09-10T17:51:23.6470677Z ##[start-action display=check reservoir eligibility;id=__leanprover_lean-action.__run_4]
2026-09-10T17:51:23.6473162Z ##[end-action id=__leanprover_lean-action.__run_4;outcome=skipped;conclusion=skipped;duration_ms=0]
2026-09-10T17:51:23.6475100Z ##[start-action display=check environment with leanchecker;id=__leanprover_lean-action.__run_5]
2026-09-10T17:51:23.6478964Z ##[end-action id=__leanprover_lean-action.__run_5;outcome=skipped;conclusion=skipped;duration_ms=0]
2026-09-10T17:51:23.6480627Z ##[start-action display=check environment with nanoda;id=__leanprover_lean-action.nanoda]
2026-09-10T17:51:23.6483061Z ##[end-action id=__leanprover_lean-action.nanoda;outcome=skipped;conclusion=skipped;duration_ms=0]
2026-09-10T17:51:23.6484744Z ##[start-action display=audit axioms with axiom-audit;id=__leanprover_lean-action.axiom-audit]
2026-09-10T17:51:23.6487538Z ##[end-action id=__leanprover_lean-action.axiom-audit;outcome=skipped;conclusion=skipped;duration_ms=0]
2026-09-10T17:51:23.6527912Z ##[group]Run python3 -m py_compile "$B699_RUN"/verification/runner/*.py
2026-09-10T17:51:23.6528315Z [36;1mpython3 -m py_compile "$B699_RUN"/verification/runner/*.py[0m
2026-09-10T17:51:23.6557684Z shell: /usr/bin/bash -e {0}
2026-09-10T17:51:23.6557879Z env:
2026-09-10T17:51:23.6558145Z   B699_RUN: research/tasks/B699-Binomial/runs/20260911-low-index-lean-513dc7cc
2026-09-10T17:51:23.6558451Z ##[endgroup]
2026-09-10T17:51:23.7160239Z ##[group]Run python3 "$B699_RUN/verification/runner/verify_environment.py" --repo . --mode cache
2026-09-10T17:51:23.7160786Z [36;1mpython3 "$B699_RUN/verification/runner/verify_environment.py" --repo . --mode cache[0m
2026-09-10T17:51:23.7190495Z shell: /usr/bin/bash -e {0}
2026-09-10T17:51:23.7190692Z env:
2026-09-10T17:51:23.7190955Z   B699_RUN: research/tasks/B699-Binomial/runs/20260911-low-index-lean-513dc7cc
2026-09-10T17:51:23.7191264Z ##[endgroup]
2026-09-10T17:51:23.8064428Z info: mathlib: cloning https://github.com/leanprover-community/mathlib4
2026-09-10T17:52:03.5929305Z info: mathlib: checking out revision '0df444a360eaa60ab8c11dca51a86af692955474'
2026-09-10T17:52:05.2456724Z info: plausible: cloning https://github.com/leanprover-community/plausible
2026-09-10T17:52:05.5103460Z info: plausible: checking out revision 'b7eb3304aeae834b12dda98993a37f6a41f6f0bb'
2026-09-10T17:52:05.5213464Z info: LeanSearchClient: cloning https://github.com/leanprover-community/LeanSearchClient
2026-09-10T17:52:05.7627361Z info: LeanSearchClient: checking out revision '5f4d51b81cbd3f6b32b156bfad9056621a040404'
2026-09-10T17:52:05.7740779Z info: importGraph: cloning https://github.com/leanprover-community/import-graph
2026-09-10T17:52:06.5456908Z info: importGraph: checking out revision '16f02aa7642864af59f1ff0e384a015994db9118'
2026-09-10T17:52:06.5575059Z info: proofwidgets: cloning https://github.com/leanprover-community/ProofWidgets4
2026-09-10T17:52:07.6196785Z info: proofwidgets: checking out revision '4be2e3d5087eeb272cf5a8853b8f9dd025ef5957'
2026-09-10T17:52:08.1186068Z info: aesop: cloning https://github.com/leanprover-community/aesop
2026-09-10T17:52:08.7116574Z info: aesop: checking out revision '3448c0bcc5ce01b2d1546e483ec3620e32df3d0e'
2026-09-10T17:52:08.7264082Z info: Qq: cloning https://github.com/leanprover-community/quote4
2026-09-10T17:52:09.0042255Z info: Qq: checking out revision '92c15be17b7caf78c2ad767ec40f89052d908d81'
2026-09-10T17:52:09.0152799Z info: batteries: cloning https://github.com/leanprover-community/batteries
2026-09-10T17:52:11.6346665Z info: batteries: checking out revision '4488d40d070b9700d4d5a6aa342f0d40c31b2a2d'
2026-09-10T17:52:11.6558668Z info: Cli: cloning https://github.com/leanprover/lean4-cli
2026-09-10T17:52:11.9247063Z info: Cli: checking out revision '6130a47896ce867c6a4a55373441e59e565bad0f'
2026-09-10T17:52:12.6377552Z ✔ [2/6] Built Cache.Cli (283ms)
2026-09-10T17:52:13.0396747Z ✔ [5/12] Built Cache.Lean (430ms)
2026-09-10T17:52:13.5388035Z ✔ [7/27] Built Cache.Infra (472ms)
2026-09-10T17:52:13.7427867Z ✔ [8/27] Built Batteries.Tactic.OpenPrivate (1.1s)
2026-09-10T17:52:13.7437510Z ✔ [9/27] Built Cache.Cli:c.o (164ms)
2026-09-10T17:52:13.8421520Z ✔ [10/27] Built Cache.Lean:c.o (167ms)
2026-09-10T17:52:14.0436652Z ✔ [11/27] Built Cache.Infra:c.o (248ms)
2026-09-10T17:52:15.3458621Z ✔ [12/27] Built Batteries.Tactic.OpenPrivate:c.o (1.5s)
2026-09-10T17:52:15.7476769Z ✔ [13/27] Built Cache.IO (1.7s)
2026-09-10T17:52:16.7485686Z ✔ [14/27] Built Cache.Hashing (1.0s)
2026-09-10T17:52:17.2660908Z ✔ [15/27] Built Cache.Hashing:c.o (498ms)
2026-09-10T17:52:17.4489964Z ✔ [16/27] Built Cache.IO:c.o (1.8s)
2026-09-10T17:52:18.9606638Z ✔ [17/27] Built Cache.Requests (1.8s)
2026-09-10T17:52:19.7586730Z ✔ [18/27] Built Cache.Marker (748ms)
2026-09-10T17:52:19.8592414Z ✔ [19/27] Built Cache.Marker:c.o (140ms)
2026-09-10T17:52:20.8626637Z ✔ [20/27] Built Cache.Query (975ms)
2026-09-10T17:52:21.2621971Z ✔ [21/27] Built Cache.Query:c.o (350ms)
2026-09-10T17:52:22.0626453Z ✔ [22/27] Built Cache.Warning (883ms)
2026-09-10T17:52:22.1656528Z ✔ [23/27] Built Cache.Requests:c.o (3.2s)
2026-09-10T17:52:22.3639939Z ✔ [24/27] Built Cache.Warning:c.o (294ms)
2026-09-10T17:52:23.1650326Z ✔ [25/27] Built Cache.Main (1.0s)
2026-09-10T17:52:23.8666886Z ✔ [26/27] Built Cache.Main:c.o (701ms)
2026-09-10T17:52:24.6676897Z ✔ [27/27] Built cache:exe (829ms)
2026-09-10T17:52:27.1956293Z Current branch: HEAD
2026-09-10T17:52:27.1969848Z Using cache from origin: (some leanprover-community/mathlib4)
2026-09-10T17:52:27.1996357Z Attempting to download 1169 file(s) from leanprover-community/mathlib4 cache at https://lakecache.blob.core.windows.net/mathlib4-master
2026-09-10T17:52:28.6465358Z 
2026-09-10T17:52:28.7451105Z Downloaded: 1 file(s) [attempted 1/1169 = 0%, 34 KB/s], Decompressed: 0
2026-09-10T17:52:28.8466353Z Downloaded: 72 file(s) [attempted 72/1169 = 6%, 382 KB/s], Decompressed: 1
2026-09-10T17:52:28.9466396Z Downloaded: 173 file(s) [attempted 173/1169 = 14%, 1622 KB/s], Decompressed: 20
2026-09-10T17:52:29.0506650Z Downloaded: 282 file(s) [attempted 282/1169 = 24%, 97 KB/s], Decompressed: 20
2026-09-10T17:52:29.1563169Z Downloaded: 395 file(s) [attempted 395/1169 = 33%, 228 KB/s], Decompressed: 20
2026-09-10T17:52:29.2547503Z Downloaded: 518 file(s) [attempted 518/1169 = 44%, 2023 KB/s], Decompressed: 20
2026-09-10T17:52:29.3578320Z Downloaded: 645 file(s) [attempted 645/1169 = 55%, 5196 KB/s], Decompressed: 20
2026-09-10T17:52:29.4616657Z Downloaded: 753 file(s) [attempted 753/1169 = 64%, 2467 KB/s], Decompressed: 20
2026-09-10T17:52:29.5646605Z Downloaded: 889 file(s) [attempted 889/1169 = 76%, 387 KB/s], Decompressed: 20
2026-09-10T17:52:29.6671650Z Downloaded: 1005 file(s) [attempted 1005/1169 = 85%, 588 KB/s], Decompressed: 20
2026-09-10T17:52:29.8338859Z Downloaded: 1131 file(s) [attempted 1131/1169 = 96%, 438 KB/s], Decompressed: 117
2026-09-10T17:52:29.8451364Z Downloaded: 1168 file(s) [attempted 1168/1169 = 99%, 527 KB/s], Decompressed: 117
2026-09-10T17:52:29.8496100Z Downloaded: 1169 file(s) [attempted 1169/1169 = 100%, 527 KB/s], Decompressed: 117
2026-09-10T17:52:35.3425072Z Decompressed 1169 file(s)
2026-09-10T17:52:35.3425357Z Already decompressed 1169 file(s)
2026-09-10T17:52:35.4027049Z {"source_files_matched": 21, "manifest_matched": true, "lean_compiled": false}
2026-09-10T17:52:35.4027620Z memory.max unavailable
2026-09-10T17:52:35.4027908Z memory.current unavailable
2026-09-10T17:52:35.4028182Z cpu.max unavailable
2026-09-10T17:52:35.4028543Z disk usage(total=76887154688, used=66148491264, free=10721886208)
2026-09-10T17:52:35.4028940Z     PID    PPID   RSS COMMAND
2026-09-10T17:52:35.4029227Z    1737    1735 157624 provjobd8109985
2026-09-10T17:52:35.4029546Z    1787    1767 136392 Runner.Worker
2026-09-10T17:52:35.4029843Z    1767    1719 95568 Runner.Listener
2026-09-10T17:52:35.4030119Z     954       1 72288 dockerd
2026-09-10T17:52:35.4030392Z     691       1 51604 php-fpm8.3
2026-09-10T17:52:35.4030687Z     202       1 43680 multipathd
2026-09-10T17:52:35.4030965Z     803       1 43464 containerd
2026-09-10T17:52:35.4031256Z    1083     721 37260 python3
2026-09-10T17:52:35.4031534Z     721       1 31880 python3
2026-09-10T17:52:35.4031810Z     926     691 21400 php-fpm8.3
2026-09-10T17:52:35.4032100Z     930     691 21400 php-fpm8.3
2026-09-10T17:52:35.4032392Z     688       1 20896 networkd-dispat
2026-09-10T17:52:35.4032703Z     139       1 17812 systemd-journal
2026-09-10T17:52:35.4033006Z    1993    1992 17708 python3
2026-09-10T17:52:35.4033292Z    1719       1 17184 hosted-compute-
2026-09-10T17:52:35.4033596Z       1       0 14444 systemd
2026-09-10T17:52:35.4033864Z     720       1 13860 udisksd
2026-09-10T17:52:35.4034140Z     470       1 13268 systemd-resolve
2026-09-10T17:52:35.4034438Z     953       1 13180 ModemManager
2026-09-10T17:52:35.4037262Z    1030       1 11664 systemd
2026-09-10T17:52:35.4037588Z     623       1  9796 systemd-network
2026-09-10T17:52:35.4037929Z     706       1  9540 systemd-logind
2026-09-10T17:52:35.4038244Z     695       1  8248 polkitd
2026-09-10T17:52:35.4038526Z     206       1  8024 systemd-udevd
2026-09-10T17:52:35.4039269Z    1735    1719  7136 sudo
2026-09-10T17:52:35.4039519Z     773       1  6468 rsyslogd
2026-09-10T17:52:35.4039772Z     683       1  5656 dbus-daemon
2026-09-10T17:52:35.4040052Z     467       1  5100 haveged
2026-09-10T17:52:35.4040311Z    1994    1993  4288 ps
2026-09-10T17:52:35.4040556Z     819       1  3780 chronyd
2026-09-10T17:52:35.4040816Z    1036    1030  3640 (sd-pam)
2026-09-10T17:52:35.4041343Z    1992    1787  3624 bash
2026-09-10T17:52:35.4041622Z     468       1  2972 hv_kvp_daemon
2026-09-10T17:52:35.4041911Z     795       1  2888 cron
2026-09-10T17:52:35.4042166Z     964       1  2224 agetty
2026-09-10T17:52:35.4042430Z     987       1  2108 agetty
2026-09-10T17:52:35.4042676Z     820     819  1280 chronyd
2026-09-10T17:52:35.4042936Z       2       0     0 kthreadd
2026-09-10T17:52:35.4043220Z       3       2     0 pool_workqueue_release
2026-09-10T17:52:35.4043556Z       4       2     0 kworker/R-rcu_gp
2026-09-10T17:52:35.4043868Z       5       2     0 kworker/R-sync_wq
2026-09-10T17:52:35.4044187Z       6       2     0 kworker/R-kvfree_rcu_reclaim
2026-09-10T17:52:35.4044534Z       7       2     0 kworker/R-slub_flushwq
2026-09-10T17:52:35.4044852Z       8       2 
2026-09-10T17:52:35.4870458Z ##[group]Run python3 "$B699_RUN/verification/runner/verify_environment.py" --repo . --mode verify --run-dir "$B699_RUN" --memory-mb 3072 --command-timeout 900
2026-09-10T17:52:35.4871301Z [36;1mpython3 "$B699_RUN/verification/runner/verify_environment.py" --repo . --mode verify --run-dir "$B699_RUN" --memory-mb 3072 --command-timeout 900[0m
2026-09-10T17:52:35.5181944Z shell: /usr/bin/bash -e {0}
2026-09-10T17:52:35.5182179Z env:
2026-09-10T17:52:35.5182462Z   B699_RUN: research/tasks/B699-Binomial/runs/20260911-low-index-lean-513dc7cc
2026-09-10T17:52:35.5182779Z ##[endgroup]
2026-09-10T17:56:16.9626963Z {"source_files_matched": 21, "manifest_matched": true, "lean_compiled": false}
2026-09-10T17:56:16.9627458Z memory.max unavailable
2026-09-10T17:56:16.9627751Z memory.current unavailable
2026-09-10T17:56:16.9628000Z cpu.max unavailable
2026-09-10T17:56:16.9628306Z disk usage(total=76887154688, used=68186030080, free=8684347392)
2026-09-10T17:56:16.9630296Z     PID    PPID   RSS COMMAND
2026-09-10T17:56:16.9630629Z    1737    1735 160948 provjobd8109985
2026-09-10T17:56:16.9630916Z    1787    1767 136796 Runner.Worker
2026-09-10T17:56:16.9631193Z    1767    1719 97300 Runner.Listener
2026-09-10T17:56:16.9631460Z     954       1 70800 dockerd
2026-09-10T17:56:16.9631712Z     691       1 51604 php-fpm8.3
2026-09-10T17:56:16.9631973Z     803       1 45528 containerd
2026-09-10T17:56:16.9632214Z     202       1 43680 multipathd
2026-09-10T17:56:16.9632463Z    1083     721 37276 python3
2026-09-10T17:56:16.9632702Z     721       1 31880 python3
2026-09-10T17:56:16.9632943Z     926     691 21400 php-fpm8.3
2026-09-10T17:56:16.9633190Z     930     691 21400 php-fpm8.3
2026-09-10T17:56:16.9633443Z     688       1 20896 networkd-dispat
2026-09-10T17:56:16.9633724Z     139       1 17824 systemd-journal
2026-09-10T17:56:16.9633986Z    2347    2346 17720 python3
2026-09-10T17:56:16.9634224Z    1719       1 17212 hosted-compute-
2026-09-10T17:56:16.9634474Z       1       0 14444 systemd
2026-09-10T17:56:16.9634700Z     720       1 13848 udisksd
2026-09-10T17:56:16.9634937Z     470       1 13268 systemd-resolve
2026-09-10T17:56:16.9635205Z     953       1 13180 ModemManager
2026-09-10T17:56:16.9635612Z    1030       1 11664 systemd
2026-09-10T17:56:16.9635852Z     623       1  9796 systemd-network
2026-09-10T17:56:16.9636109Z     706       1  9540 systemd-logind
2026-09-10T17:56:16.9636360Z     695       1  8248 polkitd
2026-09-10T17:56:16.9636596Z     206       1  8024 systemd-udevd
2026-09-10T17:56:16.9636855Z    1735    1719  7136 sudo
2026-09-10T17:56:16.9637086Z     773       1  6456 rsyslogd
2026-09-10T17:56:16.9637323Z     683       1  5656 dbus-daemon
2026-09-10T17:56:16.9637566Z     467       1  5100 haveged
2026-09-10T17:56:16.9637794Z    2348    2347  4288 ps
2026-09-10T17:56:16.9638295Z     819       1  3780 chronyd
2026-09-10T17:56:16.9638530Z    1036    1030  3640 (sd-pam)
2026-09-10T17:56:16.9638788Z    2346    1787  3616 bash
2026-09-10T17:56:16.9639022Z     468       1  2972 hv_kvp_daemon
2026-09-10T17:56:16.9639285Z     795       1  2884 cron
2026-09-10T17:56:16.9639509Z     964       1  2224 agetty
2026-09-10T17:56:16.9639736Z     987       1  2108 agetty
2026-09-10T17:56:16.9639955Z     820     819  1280 chronyd
2026-09-10T17:56:16.9640186Z       2       0     0 kthreadd
2026-09-10T17:56:16.9640440Z       3       2     0 pool_workqueue_release
2026-09-10T17:56:16.9640740Z       4       2     0 kworker/R-rcu_gp
2026-09-10T17:56:16.9641018Z       5       2     0 kworker/R-sync_wq
2026-09-10T17:56:16.9641324Z       6       2     0 kworker/R-kvfree_rcu_reclaim
2026-09-10T17:56:16.9641681Z       7       2     0 kworker/R-slub_flushwq
2026-09-10T17:56:16.9641990Z       8       2 
2026-09-10T17:56:16.9642639Z verification output: research/tasks/B699-Binomial/runs/20260911-low-index-lean-513dc7cc/verification/20260910T175235600052Z
2026-09-10T17:56:16.9643390Z verification success: True (exit 0)
2026-09-10T17:56:16.9644302Z verification output: research/tasks/B699-Binomial/runs/20260911-low-index-lean-513dc7cc/verification/20260910T175237670141Z
2026-09-10T17:56:16.9645052Z verification success: True (exit 0)
2026-09-10T17:56:16.9735270Z ##[group]Run python3 "$B699_RUN/verification/runner/compile_probes.py"
2026-09-10T17:56:16.9736082Z [36;1mpython3 "$B699_RUN/verification/runner/compile_probes.py"[0m
2026-09-10T17:56:16.9769656Z shell: /usr/bin/bash -e {0}
2026-09-10T17:56:16.9769859Z env:
2026-09-10T17:56:16.9770120Z   B699_RUN: research/tasks/B699-Binomial/runs/20260911-low-index-lean-513dc7cc
2026-09-10T17:56:16.9770428Z ##[endgroup]
2026-09-10T17:56:17.0155893Z PROBE_START research/tasks/B699-Binomial/runs/20260911-low-index-lean-513dc7cc/lean/Witness000.lean {"disk": [76887154688, 68196323328, 8674054144], "cpu_count": 2, "meminfo": ["MemTotal:        8128876 kB", "MemAvailable:    6917600 kB"], "memory.max": null, "memory.current": null, "cpu.max": null, "processes": "    PID    PPID   RSS COMMAND\n   1737    1735 147588 provjobd8109985\n   1787    1767 139052 Runner.Worker\n   1767    1719 99672 Runner.Listener\n    954       1 70396 dockerd\n    691       1 51604 php-fpm8.3\n    803       1 45584 containerd\n    202       1 43680 multipathd\n   1083     721 37496 python3\n    721       1 31880 python3\n    926     691 21400 php-fpm8.3\n    930     691 21400 php-fpm8.3\n    688       1 20896 networkd-dispat\n    139       1 17848 systemd-journal\n   1719       1 15492 hosted-compute-\n      1       0 14444 systemd\n   2625    2624 13896 python3\n    720       1 13848 udisksd\n    470       1 13268 systemd-resolve\n    953       1 13180 ModemManager\n   1030       1 11664 systemd\n    623       1  9796 systemd-network\n    706       1  9540 systemd-logind\n    695       1  8248 polkitd\n    206       1  8024 systemd-udevd\n   1735    1719  7136 sudo\n    773       1  6456 rsyslogd\n    683       1  5656 dbus-daemon\n    467       1  5100 haveged\n   2626    2625  4268 ps\n    819       1  3780 chronyd\n   1036    1030  3640 (sd-pam)\n   2624    1787  3580 bash\n    468       1  2972 hv_kvp_daemon\n    795       1  2880 cron\n    964       1  2224 agetty\n    987       1  2108 agetty\n    820     819  1280 chronyd\n      2       0     0 kthreadd\n      3       2     0 pool_workqueue_release\n      4       2     0 kworker/R-rcu_gp\n      5       2     0 kworker/R-sync_wq\n      6       2     0 kworker/R-kvfree_rcu_reclaim\n      7       2     0 kworker/R-slub_flushwq\n      8       2     0 kworker/R-netns\n     10       2     0 kworker/0:0H-events_highpri\n     11       2     0 kworker/0:1-events\n     13       2     0 kworker/R-mm_percpu_wq\n     14       2     0 ksoftirqd/0\n     15       2     0 rcu_sched\n     16       2     0 rcu_exp_par_gp_kthread_worker/0\n     17       2     0 "}
2026-09-10T17:56:37.0310692Z PROBE_PROGRESS research/tasks/B699-Binomial/runs/20260911-low-index-lean-513dc7cc/lean/Witness000.lean 20.0 {"disk": [76887154688, 68200644608, 8669732864], "cpu_count": 2, "meminfo": ["MemTotal:        8128876 kB", "MemAvailable:    7150380 kB"], "memory.max": null, "memory.current": null, "cpu.max": null}
2026-09-10T17:56:37.0377269Z COMPILE {"source": "research/tasks/B699-Binomial/runs/20260909-low-index-structure-b41a5a63/lean/TrialPrimeCheck.lean", "seconds": 0.872, "exit_code": 0, "failure": null, "axiom_audit": {"declared_print_axioms": 1, "declared_names": ["B699LowIndex.trialPrimeCheck_sound"], "guarded_print_axioms": 0, "guarded_names": [], "actual_printed": 1, "guard_msgs_in_source": 0, "printed": [{"declared_name": "B699LowIndex.trialPrimeCheck_sound", "axioms": ["propext", "Classical.choice", "Quot.sound"]}], "unexpected_axioms": [], "guarded_output_inferred": false}}
2026-09-10T17:56:37.0382353Z COMPILE {"source": "research/tasks/B699-Binomial/runs/20260911-low-index-lean-513dc7cc/lean/WitnessBridge.lean", "seconds": 1.019, "exit_code": 0, "failure": null, "axiom_audit": {"declared_print_axioms": 1, "declared_names": ["B699LowIndex.LowIndexLean513dc7cc.good_top_prime_checked"], "guarded_print_axioms": 0, "guarded_names": [], "actual_printed": 1, "guard_msgs_in_source": 0, "printed": [{"declared_name": "B699LowIndex.LowIndexLean513dc7cc.good_top_prime_checked", "axioms": ["propext", "Classical.choice", "Quot.sound"]}], "unexpected_axioms": [], "guarded_output_inferred": false}}
2026-09-10T17:56:37.0387457Z COMPILE {"source": "research/tasks/B699-Binomial/runs/20260911-low-index-lean-513dc7cc/lean/Witness000.lean", "seconds": 1.045, "exit_code": 0, "failure": null, "axiom_audit": {"declared_print_axioms": 1, "declared_names": ["B699LowIndex.LowIndexLean513dc7cc.row029_witness000_checked"], "guarded_print_axioms": 0, "guarded_names": [], "actual_printed": 1, "guard_msgs_in_source": 0, "printed": [{"declared_name": "B699LowIndex.LowIndexLean513dc7cc.row029_witness000_checked", "axioms": ["propext", "Classical.choice", "Quot.sound"]}], "unexpected_axioms": [], "guarded_output_inferred": false}}
2026-09-10T17:56:37.0391181Z EVIDENCE research/tasks/B699-Binomial/runs/20260911-low-index-lean-513dc7cc/verification/20260910T175617062823Z/evidence.json
2026-09-10T17:56:37.0392328Z RESULT {"success": true, "exit_code": 0, "compiled_count": 3, "reused_count": 8, "failure": null}
2026-09-10T17:56:37.0392896Z 
2026-09-10T17:56:37.0458510Z PROBE_START research/tasks/B699-Binomial/runs/20260911-low-index-lean-513dc7cc/lean/Witness227.lean {"disk": [76887154688, 68200669184, 8669708288], "cpu_count": 2, "meminfo": ["MemTotal:        8128876 kB", "MemAvailable:    7148968 kB"], "memory.max": null, "memory.current": null, "cpu.max": null, "processes": "    PID    PPID   RSS COMMAND\n   1737    1735 145308 provjobd8109985\n   1787    1767 139952 Runner.Worker\n   1767    1719 99668 Runner.Listener\n    954       1 70396 dockerd\n    691       1 51604 php-fpm8.3\n    803       1 45508 containerd\n    202       1 43680 multipathd\n   1083     721 37496 python3\n    721       1 31880 python3\n    926     691 21400 php-fpm8.3\n    930     691 21400 php-fpm8.3\n    688       1 20896 networkd-dispat\n    139       1 17848 systemd-journal\n   1719       1 15492 hosted-compute-\n   2625    2624 14596 python3\n      1       0 14444 systemd\n    720       1 13848 udisksd\n    470       1 13268 systemd-resolve\n    953       1 13180 ModemManager\n   1030       1 11664 systemd\n    623       1  9796 systemd-network\n    706       1  9540 systemd-logind\n    695       1  8248 polkitd\n    206       1  8024 systemd-udevd\n   1735    1719  7136 sudo\n    773       1  6456 rsyslogd\n    683       1  5656 dbus-daemon\n    467       1  5100 haveged\n   2694    2625  4284 ps\n    819       1  3780 chronyd\n   1036    1030  3640 (sd-pam)\n   2624    1787  3580 bash\n    468       1  2972 hv_kvp_daemon\n    795       1  2880 cron\n    964       1  2224 agetty\n    987       1  2108 agetty\n    820     819  1280 chronyd\n      2       0     0 kthreadd\n      3       2     0 pool_workqueue_release\n      4       2     0 kworker/R-rcu_gp\n      5       2     0 kworker/R-sync_wq\n      6       2     0 kworker/R-kvfree_rcu_reclaim\n      7       2     0 kworker/R-slub_flushwq\n      8       2     0 kworker/R-netns\n     10       2     0 kworker/0:0H-events_highpri\n     11       2     0 kworker/0:1-events\n     13       2     0 kworker/R-mm_percpu_wq\n     14       2     0 ksoftirqd/0\n     15       2     0 rcu_sched\n     16       2     0 rcu_exp_par_gp_kthread_worker/0\n     17       2     0 "}
2026-09-10T17:56:57.0544676Z PROBE_PROGRESS research/tasks/B699-Binomial/runs/20260911-low-index-lean-513dc7cc/lean/Witness227.lean 20.0 {"disk": [76887154688, 68205031424, 8665346048], "cpu_count": 2, "meminfo": ["MemTotal:        8128876 kB", "MemAvailable:    7126144 kB"], "memory.max": null, "memory.current": null, "cpu.max": null}
2026-09-10T17:56:57.0612265Z COMPILE {"source": "research/tasks/B699-Binomial/runs/20260911-low-index-lean-513dc7cc/lean/Witness227.lean", "seconds": 1.058, "exit_code": 0, "failure": null, "axiom_audit": {"declared_print_axioms": 1, "declared_names": ["B699LowIndex.LowIndexLean513dc7cc.row029_witness227_checked"], "guarded_print_axioms": 0, "guarded_names": [], "actual_printed": 1, "guard_msgs_in_source": 0, "printed": [{"declared_name": "B699LowIndex.LowIndexLean513dc7cc.row029_witness227_checked", "axioms": ["propext", "Classical.choice", "Quot.sound"]}], "unexpected_axioms": [], "guarded_output_inferred": false}}
2026-09-10T17:56:57.0615810Z EVIDENCE research/tasks/B699-Binomial/runs/20260911-low-index-lean-513dc7cc/verification/20260910T175637085321Z/evidence.json
2026-09-10T17:56:57.0618299Z RESULT {"success": true, "exit_code": 0, "compiled_count": 1, "reused_count": 10, "failure": null}
2026-09-10T17:56:57.0618712Z 
2026-09-10T17:56:57.0690014Z PROBE_START research/tasks/B699-Binomial/runs/20260911-low-index-lean-513dc7cc/lean/Witness056.lean {"disk": [76887154688, 68205043712, 8665333760], "cpu_count": 2, "meminfo": ["MemTotal:        8128876 kB", "MemAvailable:    7126144 kB"], "memory.max": null, "memory.current": null, "cpu.max": null, "processes": "    PID    PPID   RSS COMMAND\n   1737    1735 148384 provjobd8109985\n   1787    1767 139872 Runner.Worker\n   1767    1719 99920 Runner.Listener\n    954       1 70396 dockerd\n    691       1 51604 php-fpm8.3\n    803       1 45636 containerd\n    202       1 43680 multipathd\n   1083     721 37496 python3\n    721       1 31880 python3\n    926     691 21400 php-fpm8.3\n    930     691 21400 php-fpm8.3\n    688       1 20896 networkd-dispat\n    139       1 17848 systemd-journal\n   1719       1 15900 hosted-compute-\n   2625    2624 14612 python3\n      1       0 14444 systemd\n    720       1 13848 udisksd\n    470       1 13268 systemd-resolve\n    953       1 13180 ModemManager\n   1030       1 11664 systemd\n    623       1  9796 systemd-network\n    706       1  9540 systemd-logind\n    695       1  8248 polkitd\n    206       1  8024 systemd-udevd\n   1735    1719  7136 sudo\n    773       1  6456 rsyslogd\n    683       1  5656 dbus-daemon\n    467       1  5100 haveged\n   2750    2625  4280 ps\n    819       1  3780 chronyd\n   1036    1030  3640 (sd-pam)\n   2624    1787  3580 bash\n    468       1  2972 hv_kvp_daemon\n    795       1  2880 cron\n    964       1  2224 agetty\n    987       1  2108 agetty\n    820     819  1280 chronyd\n      2       0     0 kthreadd\n      3       2     0 pool_workqueue_release\n      4       2     0 kworker/R-rcu_gp\n      5       2     0 kworker/R-sync_wq\n      6       2     0 kworker/R-kvfree_rcu_reclaim\n      7       2     0 kworker/R-slub_flushwq\n      8       2     0 kworker/R-netns\n     10       2     0 kworker/0:0H-events_highpri\n     11       2     0 kworker/0:1-events\n     13       2     0 kworker/R-mm_percpu_wq\n     14       2     0 ksoftirqd/0\n     15       2     0 rcu_sched\n     16       2     0 rcu_exp_par_gp_kthread_worker/0\n     17       2     0 "}
2026-09-10T17:57:17.0766172Z PROBE_PROGRESS research/tasks/B699-Binomial/runs/20260911-low-index-lean-513dc7cc/lean/Witness056.lean 20.0 {"disk": [76887154688, 68209397760, 8660979712], "cpu_count": 2, "meminfo": ["MemTotal:        8128876 kB", "MemAvailable:    7139332 kB"], "memory.max": null, "memory.current": null, "cpu.max": null}
2026-09-10T17:57:17.0832420Z COMPILE {"source": "research/tasks/B699-Binomial/runs/20260911-low-index-lean-513dc7cc/lean/Witness056.lean", "seconds": 1.034, "exit_code": 0, "failure": null, "axiom_audit": {"declared_print_axioms": 1, "declared_names": ["B699LowIndex.LowIndexLean513dc7cc.row029_witness056_checked"], "guarded_print_axioms": 0, "guarded_names": [], "actual_printed": 1, "guard_msgs_in_source": 0, "printed": [{"declared_name": "B699LowIndex.LowIndexLean513dc7cc.row029_witness056_checked", "axioms": ["propext", "Classical.choice", "Quot.sound"]}], "unexpected_axioms": [], "guarded_output_inferred": false}}
2026-09-10T17:57:17.0845611Z EVIDENCE research/tasks/B699-Binomial/runs/20260911-low-index-lean-513dc7cc/verification/20260910T175657108340Z/evidence.json
2026-09-10T17:57:17.0847015Z RESULT {"success": true, "exit_code": 0, "compiled_count": 1, "reused_count": 10, "failure": null}
2026-09-10T17:57:17.0847811Z 
2026-09-10T17:57:17.0915949Z PROBE_START research/tasks/B699-Binomial/runs/20260911-low-index-lean-513dc7cc/lean/Layer000.lean {"disk": [76887154688, 68209414144, 8660963328], "cpu_count": 2, "meminfo": ["MemTotal:        8128876 kB", "MemAvailable:    7139208 kB"], "memory.max": null, "memory.current": null, "cpu.max": null, "processes": "    PID    PPID   RSS COMMAND\n   1737    1735 145336 provjobd8109985\n   1787    1767 139900 Runner.Worker\n   1767    1719 99924 Runner.Listener\n    954       1 70396 dockerd\n    691       1 51604 php-fpm8.3\n    803       1 45636 containerd\n    202       1 43680 multipathd\n   1083     721 37496 python3\n    721       1 31880 python3\n    926     691 21400 php-fpm8.3\n    930     691 21400 php-fpm8.3\n    688       1 20896 networkd-dispat\n    139       1 17848 systemd-journal\n   1719       1 15900 hosted-compute-\n   2625    2624 14616 python3\n      1       0 14444 systemd\n    720       1 13848 udisksd\n    470       1 13268 systemd-resolve\n    953       1 13180 ModemManager\n   1030       1 11664 systemd\n    623       1  9796 systemd-network\n    706       1  9540 systemd-logind\n    695       1  8248 polkitd\n    206       1  8024 systemd-udevd\n   1735    1719  7136 sudo\n    773       1  6456 rsyslogd\n    683       1  5656 dbus-daemon\n    467       1  5100 haveged\n   2806    2625  4288 ps\n    819       1  3780 chronyd\n   1036    1030  3640 (sd-pam)\n   2624    1787  3580 bash\n    468       1  2972 hv_kvp_daemon\n    795       1  2880 cron\n    964       1  2224 agetty\n    987       1  2108 agetty\n    820     819  1280 chronyd\n      2       0     0 kthreadd\n      3       2     0 pool_workqueue_release\n      4       2     0 kworker/R-rcu_gp\n      5       2     0 kworker/R-sync_wq\n      6       2     0 kworker/R-kvfree_rcu_reclaim\n      7       2     0 kworker/R-slub_flushwq\n      8       2     0 kworker/R-netns\n     10       2     0 kworker/0:0H-events_highpri\n     11       2     0 kworker/0:1-events\n     13       2     0 kworker/R-mm_percpu_wq\n     14       2     0 ksoftirqd/0\n     15       2     0 rcu_sched\n     16       2     0 rcu_exp_par_gp_kthread_worker/0\n     17       2     0 "}
2026-09-10T17:57:37.1006720Z PROBE_PROGRESS research/tasks/B699-Binomial/runs/20260911-low-index-lean-513dc7cc/lean/Layer000.lean 20.0 {"disk": [76887154688, 68220329984, 8650047488], "cpu_count": 2, "meminfo": ["MemTotal:        8128876 kB", "MemAvailable:    7156644 kB"], "memory.max": null, "memory.current": null, "cpu.max": null}
2026-09-10T17:57:37.1067791Z COMPILE {"source": "research/tasks/B699-Binomial/runs/20260911-low-index-lean-513dc7cc/lean/Row029Data.lean", "seconds": 1.522, "exit_code": 0, "failure": null, "axiom_audit": {"declared_print_axioms": 1, "declared_names": ["B699LowIndex.LowIndexLean513dc7cc.row029"], "guarded_print_axioms": 0, "guarded_names": [], "actual_printed": 1, "guard_msgs_in_source": 0, "printed": [{"declared_name": "B699LowIndex.LowIndexLean513dc7cc.row029", "axioms": []}], "unexpected_axioms": [], "guarded_output_inferred": false}}
2026-09-10T17:57:37.1072699Z COMPILE {"source": "research/tasks/B699-Binomial/runs/20260911-low-index-lean-513dc7cc/lean/Layer000.lean", "seconds": 6.108, "exit_code": 0, "failure": null, "axiom_audit": {"declared_print_axioms": 1, "declared_names": ["B699LowIndex.LowIndexLean513dc7cc.row029_layer000_checked"], "guarded_print_axioms": 0, "guarded_names": [], "actual_printed": 1, "guard_msgs_in_source": 0, "printed": [{"declared_name": "B699LowIndex.LowIndexLean513dc7cc.row029_layer000_checked", "axioms": ["propext", "Classical.choice", "Quot.sound"]}], "unexpected_axioms": [], "guarded_output_inferred": false}}
2026-09-10T17:57:37.1075878Z EVIDENCE research/tasks/B699-Binomial/runs/20260911-low-index-lean-513dc7cc/verification/20260910T175717130742Z/evidence.json
2026-09-10T17:57:37.1076909Z RESULT {"success": true, "exit_code": 0, "compiled_count": 2, "reused_count": 21, "failure": null}
2026-09-10T17:57:37.1077474Z 
2026-09-10T17:57:37.1149344Z PROBE_START research/tasks/B699-Binomial/runs/20260911-low-index-lean-513dc7cc/lean/Layer113.lean {"disk": [76887154688, 68220342272, 8650035200], "cpu_count": 2, "meminfo": ["MemTotal:        8128876 kB", "MemAvailable:    7155484 kB"], "memory.max": null, "memory.current": null, "cpu.max": null, "processes": "    PID    PPID   RSS COMMAND\n   1737    1735 150256 provjobd8109985\n   1787    1767 139740 Runner.Worker\n   1767    1719 99752 Runner.Listener\n    954       1 70396 dockerd\n    691       1 51284 php-fpm8.3\n    803       1 45636 containerd\n    202       1 43680 multipathd\n   1083     721 37500 python3\n    721       1 31880 python3\n    926     691 21336 php-fpm8.3\n    930     691 21336 php-fpm8.3\n    688       1 20896 networkd-dispat\n    139       1 17848 systemd-journal\n   1719       1 15900 hosted-compute-\n   2625    2624 14772 python3\n      1       0 14444 systemd\n    720       1 13840 udisksd\n    470       1 13252 systemd-resolve\n    953       1 13180 ModemManager\n   1030       1 11664 systemd\n    623       1  9796 systemd-network\n    706       1  9540 systemd-logind\n    695       1  8248 polkitd\n    206       1  8024 systemd-udevd\n   1735    1719  7136 sudo\n    773       1  6456 rsyslogd\n    683       1  5656 dbus-daemon\n    467       1  5100 haveged\n   2866    2625  4284 ps\n    819       1  3780 chronyd\n   1036    1030  3640 (sd-pam)\n   2624    1787  3516 bash\n    468       1  2972 hv_kvp_daemon\n    795       1  2880 cron\n    964       1  2224 agetty\n    987       1  2108 agetty\n    820     819  1280 chronyd\n      2       0     0 kthreadd\n      3       2     0 pool_workqueue_release\n      4       2     0 kworker/R-rcu_gp\n      5       2     0 kworker/R-sync_wq\n      6       2     0 kworker/R-kvfree_rcu_reclaim\n      7       2     0 kworker/R-slub_flushwq\n      8       2     0 kworker/R-netns\n     10       2     0 kworker/0:0H-events_highpri\n     11       2     0 kworker/0:1-events\n     13       2     0 kworker/R-mm_percpu_wq\n     14       2     0 ksoftirqd/0\n     15       2     0 rcu_sched\n     16       2     0 rcu_exp_par_gp_kthread_worker/0\n     17       2     0 "}
2026-09-10T17:57:57.1224967Z PROBE_PROGRESS research/tasks/B699-Binomial/runs/20260911-low-index-lean-513dc7cc/lean/Layer113.lean 20.0 {"disk": [76887154688, 68231249920, 8639127552], "cpu_count": 2, "meminfo": ["MemTotal:        8128876 kB", "MemAvailable:    7185140 kB"], "memory.max": null, "memory.current": null, "cpu.max": null}
2026-09-10T17:57:57.1290223Z COMPILE {"source": "research/tasks/B699-Binomial/runs/20260911-low-index-lean-513dc7cc/lean/Layer113.lean", "seconds": 1.176, "exit_code": 0, "failure": null, "axiom_audit": {"declared_print_axioms": 1, "declared_names": ["B699LowIndex.LowIndexLean513dc7cc.row029_layer113_checked"], "guarded_print_axioms": 0, "guarded_names": [], "actual_printed": 1, "guard_msgs_in_source": 0, "printed": [{"declared_name": "B699LowIndex.LowIndexLean513dc7cc.row029_layer113_checked", "axioms": ["propext", "Classical.choice", "Quot.sound"]}], "unexpected_axioms": [], "guarded_output_inferred": false}}
2026-09-10T17:57:57.1293719Z EVIDENCE research/tasks/B699-Binomial/runs/20260911-low-index-lean-513dc7cc/verification/20260910T175737158505Z/evidence.json
2026-09-10T17:57:57.1294751Z RESULT {"success": true, "exit_code": 0, "compiled_count": 1, "reused_count": 22, "failure": null}
2026-09-10T17:57:57.1295278Z 
2026-09-10T17:57:57.1378579Z ##[group]Run python3 "$B699_RUN/verification/runner/summarize_evidence.py"
2026-09-10T17:57:57.1378989Z [36;1mpython3 "$B699_RUN/verification/runner/summarize_evidence.py"[0m
2026-09-10T17:57:57.1410916Z shell: /usr/bin/bash -e {0}
2026-09-10T17:57:57.1411113Z env:
2026-09-10T17:57:57.1411373Z   B699_RUN: research/tasks/B699-Binomial/runs/20260911-low-index-lean-513dc7cc
2026-09-10T17:57:57.1411679Z ##[endgroup]
2026-09-10T17:57:57.1697735Z B699_EVIDENCE {"success": true, "exit_code": 0, "root_sources": ["research/tasks/B699-Binomial/runs/20260911-low-index-lean-513dc7cc/lean/EnvironmentSmoke.lean"], "manifest_sha256": "fdbefe6c9b737713c8b9c602643afa154f49dda4f48bfc4d2f64183fdea728a0", "toolchain": {"declared": "leanprover/lean4:v4.33.1", "observed": "Lean (version 4.33.1, x86_64-unknown-linux-gnu, commit 819816b2e0a3bf405af45ae5c7af2491d8f5bee6, Release)", "command": ["LEAN", "--version"], "exit_code": 0, "log": "research/tasks/B699-Binomial/runs/20260911-low-index-lean-513dc7cc/verification/20260910T175235600052Z/logs/lean-version.log", "log_sha256": "d41c12917f450fbdd9f81957f35579a5a9e78a8d693035a9f06a7c7392b0ee71"}, "compiled_count": 1, "reused_count": null, "failure": null, "evidence": "research/tasks/B699-Binomial/runs/20260911-low-index-lean-513dc7cc/verification/20260910T175235600052Z/evidence.json", "evidence_sha256": "c2cda16b2ae675e351a60426c1761710a833e0952e3d2d0f61a6d1a6ff5d36dd", "pins": [{"name": "mathlib", "manifest_rev": "0df444a360eaa60ab8c11dca51a86af692955474", "observed_head": "0df444a360eaa60ab8c11dca51a86af692955474", "head_matches": true, "clean": true}, {"name": "plausible", "manifest_rev": "b7eb3304aeae834b12dda98993a37f6a41f6f0bb", "observed_head": "b7eb3304aeae834b12dda98993a37f6a41f6f0bb", "head_matches": true, "clean": true}, {"name": "LeanSearchClient", "manifest_rev": "5f4d51b81cbd3f6b32b156bfad9056621a040404", "observed_head": "5f4d51b81cbd3f6b32b156bfad9056621a040404", "head_matches": true, "clean": true}, {"name": "importGraph", "manifest_rev": "16f02aa7642864af59f1ff0e384a015994db9118", "observed_head": "16f02aa7642864af59f1ff0e384a015994db9118", "head_matches": true, "clean": true}, {"name": "proofwidgets", "manifest_rev": "4be2e3d5087eeb272cf5a8853b8f9dd025ef5957", "observed_head": "4be2e3d5087eeb272cf5a8853b8f9dd025ef5957", "head_matches": true, "clean": true}, {"name": "aesop", "manifest_rev": "3448c0bcc5ce01b2d1546e483ec3620e32df3d0e", "observed_head": "3448c0bcc5ce01b2d1546e483ec3620e32df3d0e", "head_matches": true, "clean": true}, {"name": "Qq", "manifest_rev": "92c15be17b7caf78c2ad767ec40f89052d908d81", "observed_head": "92c15be17b7caf78c2ad767ec40f89052d908d81", "head_matches": true, "clean": true}, {"name": "batteries", "manifest_rev": "4488d40d070b9700d4d5a6aa342f0d40c31b2a2d", "observed_head": "4488d40d070b9700d4d5a6aa342f0d40c31b2a2d", "head_matches": true, "clean": true}, {"name": "Cli", "manifest_rev": "6130a47896ce867c6a4a55373441e59e565bad0f", "observed_head": "6130a47896ce867c6a4a55373441e59e565bad0f", "head_matches": true, "clean": true}]}
2026-09-10T17:57:57.1715048Z B699_COMPILE {"source": "research/tasks/B699-Binomial/runs/20260911-low-index-lean-513dc7cc/lean/EnvironmentSmoke.lean", "source_sha256_before": "19bffddb5400e9fca237dcfb968c835c5aeee111f2c10196dd608cf8687c0b09", "source_sha256_after": "19bffddb5400e9fca237dcfb968c835c5aeee111f2c10196dd608cf8687c0b09", "output_sha256": "ecbec5c051d719b5e34c8b5b9bd3b70391416217ce6d4a6b6b85d8f087f5f5ec", "seconds": 0.859, "exit_code": 0, "failure": null, "log": "research/tasks/B699-Binomial/runs/20260911-low-index-lean-513dc7cc/verification/20260910T175235600052Z/logs/compile-0001-research_tasks_B699-Binomial_runs_20260911-low-index-lean-513dc7cc_lean_EnvironmentSmoke.lean.log", "log_sha256": "d0e2260b00acaef895d4803ae80e986335ce1a801f2672f430195e523b312dda", "axiom_audit": {"declared_print_axioms": 1, "declared_names": ["Nat.prime_two"], "guarded_print_axioms": 0, "guarded_names": [], "actual_printed": 1, "guard_msgs_in_source": 0, "printed": [{"declared_name": "Nat.prime_two", "axioms": ["propext", "Classical.choice", "Quot.sound"]}], "unexpected_axioms": [], "guarded_output_inferred": false}}
2026-09-10T17:57:57.1733451Z B699_EVIDENCE {"success": true, "exit_code": 0, "root_sources": ["research/tasks/B699-Binomial/runs/20260909-low-index-structure-b41a5a63/lean/FiniteCover.lean"], "manifest_sha256": "fdbefe6c9b737713c8b9c602643afa154f49dda4f48bfc4d2f64183fdea728a0", "toolchain": {"declared": "leanprover/lean4:v4.33.1", "observed": "Lean (version 4.33.1, x86_64-unknown-linux-gnu, commit 819816b2e0a3bf405af45ae5c7af2491d8f5bee6, Release)", "command": ["LEAN", "--version"], "exit_code": 0, "log": "research/tasks/B699-Binomial/runs/20260911-low-index-lean-513dc7cc/verification/20260910T175237670141Z/logs/lean-version.log", "log_sha256": "f73b3420d7fbca6d579b869b72bdfbe97e9ac580e8d6c6c279601ae1ea3235ce"}, "compiled_count": 21, "reused_count": null, "failure": null, "evidence": "research/tasks/B699-Binomial/runs/20260911-low-index-lean-513dc7cc/verification/20260910T175237670141Z/evidence.json", "evidence_sha256": "34c717ce5e6c7c27a09fb2be1ddd1f533a9cd4e99b425c7fbfc4c22c6413b438", "pins": [{"name": "mathlib", "manifest_rev": "0df444a360eaa60ab8c11dca51a86af692955474", "observed_head": "0df444a360eaa60ab8c11dca51a86af692955474", "head_matches": true, "clean": true}, {"name": "plausible", "manifest_rev": "b7eb3304aeae834b12dda98993a37f6a41f6f0bb", "observed_head": "b7eb3304aeae834b12dda98993a37f6a41f6f0bb", "head_matches": true, "clean": true}, {"name": "LeanSearchClient", "manifest_rev": "5f4d51b81cbd3f6b32b156bfad9056621a040404", "observed_head": "5f4d51b81cbd3f6b32b156bfad9056621a040404", "head_matches": true, "clean": true}, {"name": "importGraph", "manifest_rev": "16f02aa7642864af59f1ff0e384a015994db9118", "observed_head": "16f02aa7642864af59f1ff0e384a015994db9118", "head_matches": true, "clean": true}, {"name": "proofwidgets", "manifest_rev": "4be2e3d5087eeb272cf5a8853b8f9dd025ef5957", "observed_head": "4be2e3d5087eeb272cf5a8853b8f9dd025ef5957", "head_matches": true, "clean": true}, {"name": "aesop", "manifest_rev": "3448c0bcc5ce01b2d1546e483ec3620e32df3d0e", "observed_head": "3448c0bcc5ce01b2d1546e483ec3620e32df3d0e", "head_matches": true, "clean": true}, {"name": "Qq", "manifest_rev": "92c15be17b7caf78c2ad767ec40f89052d908d81", "observed_head": "92c15be17b7caf78c2ad767ec40f89052d908d81", "head_matches": true, "clean": true}, {"name": "batteries", "manifest_rev": "4488d40d070b9700d4d5a6aa342f0d40c31b2a2d", "observed_head": "4488d40d070b9700d4d5a6aa342f0d40c31b2a2d", "head_matches": true, "clean": true}, {"name": "Cli", "manifest_rev": "6130a47896ce867c6a4a55373441e59e565bad0f", "observed_head": "6130a47896ce867c6a4a55373441e59e565bad0f", "head_matches": true, "clean": true}]}
2026-09-10T17:57:57.1750145Z B699_COMPILE {"source": "Math/B699/CofactorCriterion.lean", "source_sha256_before": "341180b428b6927e72bd7de10c0ca03b3f8d4eb4f778c1aa4a3aeea4f33b9d79", "source_sha256_after": "341180b428b6927e72bd7de10c0ca03b3f8d4eb4f778c1aa4a3aeea4f33b9d79", "output_sha256": "fabd97ac3a10c3da4b22c5279e6368e1489e22850e046a9d5626d5b35887125d", "seconds": 1.906, "exit_code": 0, "failure": null, "log": "research/tasks/B699-Binomial/runs/20260911-low-index-lean-513dc7cc/verification/20260910T175237670141Z/logs/compile-0001-Math_B699_CofactorCriterion.lean.log", "log_sha256": "8961ebdffce93a8692246ea3f214049abb012dfa1380fff60d9f25814aed4222", "axiom_audit": {"declared_print_axioms": 0, "declared_names": [], "guarded_print_axioms": 0, "guarded_names": [], "actual_printed": 0, "guard_msgs_in_source": 0, "printed": [], "unexpected_axioms": [], "guarded_output_inferred": false}}
2026-09-10T17:57:57.1762724Z B699_COMPILE {"source": "research/tasks/B699-Binomial/runs/20260909-large-prime-structure-cb4764f0/lean/GapBridge.lean", "source_sha256_before": "0005d90a062359af36b95c0420440e4ff7c9b4187a6fc319884a286ae6209697", "source_sha256_after": "0005d90a062359af36b95c0420440e4ff7c9b4187a6fc319884a286ae6209697", "output_sha256": "b577c6c4bb96627e654decd78e138334a2b0366f121f0fed6c4e0c3ac66842a0", "seconds": 1.737, "exit_code": 0, "failure": null, "log": "research/tasks/B699-Binomial/runs/20260911-low-index-lean-513dc7cc/verification/20260910T175237670141Z/logs/compile-0002-research_tasks_B699-Binomial_runs_20260909-large-prime-structure-cb4764f0_lean_GapBridge.lean.log", "log_sha256": "0337c70f93577af585b37260c9a73cb30be496dcbcefc95c1daa5cc267d91f48", "axiom_audit": {"declared_print_axioms": 6, "declared_names": ["B699LargePrimeStructure.common_of_mod_certificate", "B699LargePrimeStructure.gap_remainder_eq", "B699LargePrimeStructure.common_of_gap_power", "B699LargePrimeStructure.common_of_gap_prime", "B699LargePrimeStructure.common_of_top_prime", "B699LargePrimeStructure.common_small_index"], "guarded_print_axioms": 0, "guarded_names": [], "actual_printed": 6, "guard_msgs_in_source": 0, "printed": [{"declared_name": "B699LargePrimeStructure.common_of_mod_certificate", "axioms": ["propext", "Classical.choice", "Quot.sound"]}, {"declared_name": "B699LargePrimeStructure.gap_remainder_eq", "axioms": ["propext", "Quot.sound"]}, {"declared_name": "B699LargePrimeStructure.common_of_gap_power", "axioms": ["propext", "Classical.choice", "Quot.sound"]}, {"declared_name": "B699LargePrimeStructure.common_of_gap_prime", "axioms": ["propext", "Classical.choice", "Quot.sound"]}, {"declared_name": "B699LargePrimeStructure.common_of_top_prime", "axioms": ["propext", "Classical.choice", "Quot.sound"]}, {"declared_name": "B699LargePrimeStructure.common_small_index", "axioms": ["propext", "Classical.choice", "Quot.sound"]}], "unexpected_axioms": [], "guarded_output_inferred": false}}
2026-09-10T17:57:57.1774918Z B699_COMPILE {"source": "research/tasks/B699-Binomial/runs/20260908-external-reductions-b3c1b7/lean/DivisorTransfer.lean", "source_sha256_before": "0299face333237445eddd2c11acbf16c554d225028de7b509c8cfe603fc9996e", "source_sha256_after": "0299face333237445eddd2c11acbf16c554d225028de7b509c8cfe603fc9996e", "output_sha256": "59407e31a9b87dba994ce2cf9e9d01bad86bc34da6f5356caee0a6a3ca844388", "seconds": 1.026, "exit_code": 0, "failure": null, "log": "research/tasks/B699-Binomial/runs/20260911-low-index-lean-513dc7cc/verification/20260910T175237670141Z/logs/compile-0003-research_tasks_B699-Binomial_runs_20260908-external-reductions-b3c1b7_lean_DivisorTransfer.lean.log", "log_sha256": "0089eb836009b1996c4567a67acc1d9354024d705ac364b71b6cb26edb4f6d2d", "axiom_audit": {"declared_print_axioms": 4, "declared_names": ["divisor_transfer", "prime_part_dvd", "prime_part_coprime_of_no_common", "actual_prime_part_transfer"], "guarded_print_axioms": 0, "guarded_names": [], "actual_printed": 4, "guard_msgs_in_source": 0, "printed": [{"declared_name": "divisor_transfer", "axioms": ["propext", "Classical.choice", "Quot.sound"]}, {"declared_name": "prime_part_dvd", "axioms": ["propext", "Classical.choice", "Quot.sound"]}, {"declared_name": "prime_part_coprime_of_no_common", "axioms": ["propext", "Classical.choice", "Quot.sound"]}, {"declared_name": "actual_prime_part_transfer", "axioms": ["propext", "Classical.choice", "Quot.sound"]}], "unexpected_axioms": [], "guarded_output_inferred": false}}
2026-09-10T17:57:57.1785772Z B699_COMPILE {"source": "research/tasks/B699-Binomial/runs/20260909-large-prime-structure-cb4764f0/lean/PrimePowerTransfer.lean", "source_sha256_before": "3b0529e66f438bbd6d8c19f08f4a5b5ad132d2cd86e09e8bd1a1601fc49eecf4", "source_sha256_after": "3b0529e66f438bbd6d8c19f08f4a5b5ad132d2cd86e09e8bd1a1601fc49eecf4", "output_sha256": "ba9be75f7662cb5112816e68013530a77c24840ea1d7c0a7022c473351ccb182", "seconds": 1.984, "exit_code": 0, "failure": null, "log": "research/tasks/B699-Binomial/runs/20260911-low-index-lean-513dc7cc/verification/20260910T175237670141Z/logs/compile-0004-research_tasks_B699-Binomial_runs_20260909-large-prime-structure-cb4764f0_lean_PrimePowerTransfer.lean.log", "log_sha256": "fca0ed7ad472106a5a6a47535a30648e4648f2dc01a6ad43e5d29c7c2ca886fd", "axiom_audit": {"declared_print_axioms": 6, "declared_names": ["B699LargePrimeStructure.prime_power_numerator_mod_lt", "B699LargePrimeStructure.prime_power_gap_dvd", "B699LargePrimeStructure.actual_avoiding_part_gap_transfer", "B699LargePrimeStructure.avoidingPart_eq_primePart_of_noCommon", "B699LargePrimeStructure.actual_prime_part_gap_transfer", "B699LargePrimeStructure.common_of_gap_product_not_dvd"], "guarded_print_axioms": 0, "guarded_names": [], "actual_printed": 6, "guard_msgs_in_source": 0, "printed": [{"declared_name": "B699LargePrimeStructure.prime_power_numerator_mod_lt", "axioms": ["propext", "Classical.choice", "Quot.sound"]}, {"declared_name": "B699LargePrimeStructure.prime_power_gap_dvd", "axioms": ["propext", "Classical.choice", "Quot.sound"]}, {"declared_name": "B699LargePrimeStructure.actual_avoiding_part_gap_transfer", "axioms": ["propext", "Classical.choice", "Quot.sound"]}, {"declared_name": "B699LargePrimeStructure.avoidingPart_eq_primePart_of_noCommon", "axioms": ["propext", "Classical.choice", "Quot.sound"]}, {"declared_name": "B699LargePrimeStructure.actual_prime_part_gap_transfer", "axioms": ["propext", "Classical.choice", "Quot.sound"]}, {"declared_name": "B699LargePrimeStructure.common_of_gap_product_not_dvd", "axioms": ["propext", "Classical.choice", "Quot.sound"]}], "unexpected_axioms": [], "guarded_output_inferred": false}}
2026-09-10T17:57:57.1796070Z B699_COMPILE {"source": "research/tasks/B699-Binomial/runs/20260909-large-prime-structure-cb4764f0/lean/SmallPartBound.lean", "source_sha256_before": "b49f7d6f9a83e534e546b65bb73e3a6d5afb60f77d7679366ff575d6615cbbb7", "source_sha256_after": "b49f7d6f9a83e534e546b65bb73e3a6d5afb60f77d7679366ff575d6615cbbb7", "output_sha256": "d0fb014b44d1ff863fe2a2c49b311a6bc3e06a4e079349acc2edf051a9b340ad", "seconds": 1.193, "exit_code": 0, "failure": null, "log": "research/tasks/B699-Binomial/runs/20260911-low-index-lean-513dc7cc/verification/20260910T175237670141Z/logs/compile-0005-research_tasks_B699-Binomial_runs_20260909-large-prime-structure-cb4764f0_lean_SmallPartBound.lean.log", "log_sha256": "4c04de3c5e4074d420c552a052cac23675a824c043d55569f4602c162ace5461", "axiom_audit": {"declared_print_axioms": 4, "declared_names": ["B699LargePrimeStructure.smallPrimePart_mul_primePart", "B699LargePrimeStructure.smallPrimePart_le_pow_smallPrimeCount", "B699LargePrimeStructure.noCommon_choose_le_smallPrime_gap_bound", "B699LargePrimeStructure.common_of_elementary_gap_comparison"], "guarded_print_axioms": 0, "guarded_names": [], "actual_printed": 4, "guard_msgs_in_source": 0, "printed": [{"declared_name": "B699LargePrimeStructure.smallPrimePart_mul_primePart", "axioms": ["propext", "Classical.choice", "Quot.sound"]}, {"declared_name": "B699LargePrimeStructure.smallPrimePart_le_pow_smallPrimeCount", "axioms": ["propext", "Classical.choice", "Quot.sound"]}, {"declared_name": "B699LargePrimeStructure.noCommon_choose_le_smallPrime_gap_bound", "axioms": ["propext", "Classical.choice", "Quot.sound"]}, {"declared_name": "B699LargePrimeStructure.common_of_elementary_gap_comparison", "axioms": ["propext", "Classical.choice", "Quot.sound"]}], "unexpected_axioms": [], "guarded_output_inferred": false}}
2026-09-10T17:57:57.1806458Z B699_COMPILE {"source": "research/tasks/B699-Binomial/runs/20260909-low-index-structure-b41a5a63/lean/ThreeWindowWeights.lean", "source_sha256_before": "17ee0024b94bcb5e1ba0b05f5a0a4229dd8a0e5816c3a83385ba8c45eced6c99", "source_sha256_after": "17ee0024b94bcb5e1ba0b05f5a0a4229dd8a0e5816c3a83385ba8c45eced6c99", "output_sha256": "827fd965c7ef8f4bf8ef43076104d4a22498da98fdf1792c0f42983160f6f9c8", "seconds": 2.222, "exit_code": 0, "failure": null, "log": "research/tasks/B699-Binomial/runs/20260911-low-index-lean-513dc7cc/verification/20260910T175237670141Z/logs/compile-0006-research_tasks_B699-Binomial_runs_20260909-low-index-structure-b41a5a63_lean_ThreeWindowWeights.lean.log", "log_sha256": "493e2196479e79ab33506a23c79e5629c51dad74714e29136d7827a763c05510", "axiom_audit": {"declared_print_axioms": 7, "declared_names": ["B699LowIndex.prime_power_three_positions", "B699LowIndex.prime_power_three_window_dvd", "B699LowIndex.actual_avoiding_part_three_window_transfer", "B699LowIndex.actual_prime_part_three_window_transfer", "B699LowIndex.common_of_three_window_not_dvd", "B699LowIndex.noCommon_three_window_size", "B699LowIndex.common_of_three_window_comparison"], "guarded_print_axioms": 0, "guarded_names": [], "actual_printed": 7, "guard_msgs_in_source": 0, "printed": [{"declared_name": "B699LowIndex.prime_power_three_positions", "axioms": ["propext", "Classical.choice", "Quot.sound"]}, {"declared_name": "B699LowIndex.prime_power_three_window_dvd", "axioms": ["propext", "Classical.choice", "Quot.sound"]}, {"declared_name": "B699LowIndex.actual_avoiding_part_three_window_transfer", "axioms": ["propext", "Classical.choice", "Quot.sound"]}, {"declared_name": "B699LowIndex.actual_prime_part_three_window_transfer", "axioms": ["propext", "Classical.choice", "Quot.sound"]}, {"declared_name": "B699LowIndex.common_of_three_window_not_dvd", "axioms": ["propext", "Classical.choice", "Quot.sound"]}, {"declared_name": "B699LowIndex.noCommon_three_window_size", "axioms": ["propext", "Classical.choice", "Quot.sound"]}, {"declared_name": "B699LowIndex.common_of_three_window_comparison", "axioms": ["propext", "Classical.choice", "Quot.sound"]}], "unexpected_axioms": [], "guarded_output_inferred": false}}
2026-09-10T17:57:57.1816103Z B699_COMPILE {"source": "research/tasks/B699-Binomial/runs/20260909-low-index-structure-b41a5a63/lean/ThreeWindowSize.lean", "source_sha256_before": "4da6cb312eca31e38fb39bc88ff3bbce771ef0a5bb9c9278d925e36d4002c047", "source_sha256_after": "4da6cb312eca31e38fb39bc88ff3bbce771ef0a5bb9c9278d925e36d4002c047", "output_sha256": "aa70e7edfa72cdf13e4e600ce23fedaef0be8c52e1f8b54d03e081f0956a4175", "seconds": 1.778, "exit_code": 0, "failure": null, "log": "research/tasks/B699-Binomial/runs/20260911-low-index-lean-513dc7cc/verification/20260910T175237670141Z/logs/compile-0007-research_tasks_B699-Binomial_runs_20260909-low-index-structure-b41a5a63_lean_ThreeWindowSize.lean.log", "log_sha256": "d43ed970c4e0b3b5ff1f75e79a56d845ec83dcd4a54344815d9856d576ed7686", "axiom_audit": {"declared_print_axioms": 4, "declared_names": ["B699LowIndex.two_window_sum", "B699LowIndex.three_window_scaled_upper", "B699LowIndex.noCommon_scaled_prime_part", "B699LowIndex.common_of_scaled_prime_part"], "guarded_print_axioms": 0, "guarded_names": [], "actual_printed": 4, "guard_msgs_in_source": 0, "printed": [{"declared_name": "B699LowIndex.two_window_sum", "axioms": ["propext", "Classical.choice", "Quot.sound"]}, {"declared_name": "B699LowIndex.three_window_scaled_upper", "axioms": ["propext", "Classical.choice", "Quot.sound"]}, {"declared_name": "B699LowIndex.noCommon_scaled_prime_part", "axioms": ["propext", "Classical.choice", "Quot.sound"]}, {"declared_name": "B699LowIndex.common_of_scaled_prime_part", "axioms": ["propext", "Classical.choice", "Quot.sound"]}], "unexpected_axioms": [], "guarded_output_inferred": false}}
2026-09-10T17:57:57.1822463Z B699_COMPILE {"source": "research/tasks/B699-Binomial/runs/20260909-eees-chain-5a2e10/lean/PowerBounds.lean", "source_sha256_before": "3022f40997b3b9302343b99a8fa91a984228af348eb7b02f69fbd198016fee9a", "source_sha256_after": "3022f40997b3b9302343b99a8fa91a984228af348eb7b02f69fbd198016fee9a", "output_sha256": "c0f95334b064d0dbc044c7c3c2e1505f96dd11657cd0412ac8ce2e59ca5560be", "seconds": 1.275, "exit_code": 0, "failure": null, "log": "research/tasks/B699-Binomial/runs/20260911-low-index-lean-513dc7cc/verification/20260910T175237670141Z/logs/compile-0008-research_tasks_B699-Binomial_runs_20260909-eees-chain-5a2e10_lean_PowerBounds.lean.log", "log_sha256": "913abdfda790163be2e41bf28b6b2ed318c480230fcc3194a7b940697095162a", "axiom_audit": {"declared_print_axioms": 0, "declared_names": [], "guarded_print_axioms": 0, "guarded_names": [], "actual_printed": 0, "guard_msgs_in_source": 0, "printed": [], "unexpected_axioms": [], "guarded_output_inferred": false}}
2026-09-10T17:57:57.1828597Z B699_COMPILE {"source": "research/tasks/B699-Binomial/runs/20260909-low-index-structure-b41a5a63/lean/HeightCertificate.lean", "source_sha256_before": "256a2e13903b7b2b42e5bea2b32c20e2c5df1af4019b9f05931b117ae462bc4d", "source_sha256_after": "256a2e13903b7b2b42e5bea2b32c20e2c5df1af4019b9f05931b117ae462bc4d", "output_sha256": "304419a052b3874278c128a9d2b948af0e9144a84d055511f4324c90f2c13211", "seconds": 1.291, "exit_code": 0, "failure": null, "log": "research/tasks/B699-Binomial/runs/20260911-low-index-lean-513dc7cc/verification/20260910T175237670141Z/logs/compile-0009-research_tasks_B699-Binomial_runs_20260909-low-index-structure-b41a5a63_lean_HeightCertificate.lean.log", "log_sha256": "e5f3ace6aa6a7cdc386e412384229b4817d2484473168e6053c4faf4051b16cd", "axiom_audit": {"declared_print_axioms": 3, "declared_names": ["B699LowIndex.noCommon_scaled_choose", "B699LowIndex.power_cross_mono", "B699LowIndex.common_of_height_certificate"], "guarded_print_axioms": 0, "guarded_names": [], "actual_printed": 3, "guard_msgs_in_source": 0, "printed": [{"declared_name": "B699LowIndex.noCommon_scaled_choose", "axioms": ["propext", "Classical.choice", "Quot.sound"]}, {"declared_name": "B699LowIndex.power_cross_mono", "axioms": ["propext"]}, {"declared_name": "B699LowIndex.common_of_height_certificate", "axioms": ["propext", "Classical.choice", "Quot.sound"]}], "unexpected_axioms": [], "guarded_output_inferred": false}}
2026-09-10T17:57:57.1834728Z B699_COMPILE {"source": "research/tasks/B699-Binomial/runs/20260909-low-index-structure-b41a5a63/lean/HeightCertificateData.lean", "source_sha256_before": "4028f101e9d3e21bb9a3abbcba49dab686260df2e1f303b253503be6f1dcf27a", "source_sha256_after": "4028f101e9d3e21bb9a3abbcba49dab686260df2e1f303b253503be6f1dcf27a", "output_sha256": "3c09335314be516bf22f4c6f17bed1d44e5797ba159d64d103909997e41c0ed4", "seconds": 0.772, "exit_code": 0, "failure": null, "log": "research/tasks/B699-Binomial/runs/20260911-low-index-lean-513dc7cc/verification/20260910T175237670141Z/logs/compile-0010-research_tasks_B699-Binomial_runs_20260909-low-index-structure-b41a5a63_lean_HeightCertificateData.lean.log", "log_sha256": "83ffa70aacb68f69f9579216fe09acc15cbc78fe58383fa06112cc9f1d218956", "axiom_audit": {"declared_print_axioms": 0, "declared_names": [], "guarded_print_axioms": 0, "guarded_names": [], "actual_printed": 0, "guard_msgs_in_source": 0, "printed": [], "unexpected_axioms": [], "guarded_output_inferred": false}}
2026-09-10T17:57:57.1840984Z B699_COMPILE {"source": "research/tasks/B699-Binomial/runs/20260909-low-index-structure-b41a5a63/lean/RegisteredHeights.lean", "source_sha256_before": "9c1c887fa9c6b385ebf356fda79802701068d65111de29aedf82042bbe0f698c", "source_sha256_after": "9c1c887fa9c6b385ebf356fda79802701068d65111de29aedf82042bbe0f698c", "output_sha256": "1b9e45dcde24ecf66f972449e0231fc9cb519e2ccd815de8586d7e4c4bfdfa7e", "seconds": 189.332, "exit_code": 0, "failure": null, "log": "research/tasks/B699-Binomial/runs/20260911-low-index-lean-513dc7cc/verification/20260910T175237670141Z/logs/compile-0011-research_tasks_B699-Binomial_runs_20260909-low-index-structure-b41a5a63_lean_RegisteredHeights.lean.log", "log_sha256": "92b3a6b76b2b7208a295b1cffe797bb5dd5f51e3401eef575ebaedd738335ff1", "axiom_audit": {"declared_print_axioms": 3, "declared_names": ["B699LowIndex.heightCertificateData_valid", "B699LowIndex.heightCertificateData_indices", "B699LowIndex.common_of_registered_height"], "guarded_print_axioms": 0, "guarded_names": [], "actual_printed": 3, "guard_msgs_in_source": 0, "printed": [{"declared_name": "B699LowIndex.heightCertificateData_valid", "axioms": ["propext", "Classical.choice", "Quot.sound"]}, {"declared_name": "B699LowIndex.heightCertificateData_indices", "axioms": []}, {"declared_name": "B699LowIndex.common_of_registered_height", "axioms": ["propext", "Classical.choice", "Quot.sound"]}], "unexpected_axioms": [], "guarded_output_inferred": false}}
2026-09-10T17:57:57.1849581Z B699_COMPILE {"source": "research/tasks/B699-Binomial/runs/20260909-low-index-structure-b41a5a63/lean/LargeSmallPowers.lean", "source_sha256_before": "2ed55e4a8be53589ed8fc82d89cc877c8281a291b34c4c35bfd88e94badf7aa2", "source_sha256_after": "2ed55e4a8be53589ed8fc82d89cc877c8281a291b34c4c35bfd88e94badf7aa2", "output_sha256": "119d4bed88d1238d2b2b1c9c1505dfafd422673295301a65cf2cab6bafc84799", "seconds": 1.259, "exit_code": 0, "failure": null, "log": "research/tasks/B699-Binomial/runs/20260911-low-index-lean-513dc7cc/verification/20260910T175237670141Z/logs/compile-0012-research_tasks_B699-Binomial_runs_20260909-low-index-structure-b41a5a63_lean_LargeSmallPowers.lean.log", "log_sha256": "4ff2be67a5df16fd3f1bdab90aa7e2a5bb1888c1bc71a3b99e1add0562751475", "axiom_audit": {"declared_print_axioms": 5, "declared_names": ["B699LowIndex.nat_prod_lt_pow_of_pointwise_lt", "B699LowIndex.scaled_prod_lt_of_all_but_one_small", "B699LowIndex.exists_two_large_factors_of_scaled_prod", "B699LowIndex.small_prime_part_eq_prod_small_primes", "B699LowIndex.exists_two_large_small_prime_powers"], "guarded_print_axioms": 0, "guarded_names": [], "actual_printed": 5, "guard_msgs_in_source": 0, "printed": [{"declared_name": "B699LowIndex.nat_prod_lt_pow_of_pointwise_lt", "axioms": ["propext", "Classical.choice", "Quot.sound"]}, {"declared_name": "B699LowIndex.scaled_prod_lt_of_all_but_one_small", "axioms": ["propext", "Classical.choice", "Quot.sound"]}, {"declared_name": "B699LowIndex.exists_two_large_factors_of_scaled_prod", "axioms": ["propext", "Classical.choice", "Quot.sound"]}, {"declared_name": "B699LowIndex.small_prime_part_eq_prod_small_primes", "axioms": ["propext", "Classical.choice", "Quot.sound"]}, {"declared_name": "B699LowIndex.exists_two_large_small_prime_powers", "axioms": ["propext", "Classical.choice", "Quot.sound"]}], "unexpected_axioms": [], "guarded_output_inferred": false}}
2026-09-10T17:57:57.1858407Z B699_COMPILE {"source": "research/tasks/B699-Binomial/runs/20260909-low-index-structure-b41a5a63/lean/CofactorCover.lean", "source_sha256_before": "2805041e81314db94f7c7d7837f651a2d64b1c41bf231ca628514d2c18d101c3", "source_sha256_after": "2805041e81314db94f7c7d7837f651a2d64b1c41bf231ca628514d2c18d101c3", "output_sha256": "e813b1440c3c6821c7a030c4f7dcd05a10432827ff37693fe6bb99b2e3868d70", "seconds": 1.851, "exit_code": 0, "failure": null, "log": "research/tasks/B699-Binomial/runs/20260911-low-index-lean-513dc7cc/verification/20260910T175237670141Z/logs/compile-0013-research_tasks_B699-Binomial_runs_20260909-low-index-structure-b41a5a63_lean_CofactorCover.lean.log", "log_sha256": "c2c5131d5acc4274131187b9e71e7c5034a347f13d4a267669343f9f7c210c4a", "axiom_audit": {"declared_print_axioms": 4, "declared_names": ["B699LowIndex.pow_le_two_descFactorial", "B699LowIndex.noCommon_bernoulli_size", "B699LowIndex.noCommon_small_part_lower_of_certificate", "B699LowIndex.noCommon_two_large_small_prime_powers"], "guarded_print_axioms": 0, "guarded_names": [], "actual_printed": 4, "guard_msgs_in_source": 0, "printed": [{"declared_name": "B699LowIndex.pow_le_two_descFactorial", "axioms": ["propext", "Classical.choice", "Quot.sound"]}, {"declared_name": "B699LowIndex.noCommon_bernoulli_size", "axioms": ["propext", "Classical.choice", "Quot.sound"]}, {"declared_name": "B699LowIndex.noCommon_small_part_lower_of_certificate", "axioms": ["propext", "Classical.choice", "Quot.sound"]}, {"declared_name": "B699LowIndex.noCommon_two_large_small_prime_powers", "axioms": ["propext", "Classical.choice", "Quot.sound"]}], "unexpected_axioms": [], "guarded_output_inferred": false}}
2026-09-10T17:57:57.1865283Z B699_COMPILE {"source": "research/tasks/B686-Four/round8/lean/BigPrimeSupport.lean", "source_sha256_before": "cd3b1e0fd5282723597acaa2d5f3290917d9756a9e2c1d682668ac77a6b98d2e", "source_sha256_after": "cd3b1e0fd5282723597acaa2d5f3290917d9756a9e2c1d682668ac77a6b98d2e", "output_sha256": "de9bd7dcc776329d2d3bb97c96f9b55e7e1e1a8b4ae50b189e6585c9d835d3e1", "seconds": 1.314, "exit_code": 0, "failure": null, "log": "research/tasks/B699-Binomial/runs/20260911-low-index-lean-513dc7cc/verification/20260910T175237670141Z/logs/compile-0014-research_tasks_B686-Four_round8_lean_BigPrimeSupport.lean.log", "log_sha256": "ab7604995c562ff3e6cc188eed575938453481a1a98d51174bac436dbeacf19c", "axiom_audit": {"declared_print_axioms": 0, "declared_names": [], "guarded_print_axioms": 4, "guarded_names": ["large_prime_power_dvd_one_factor", "large_prime_power_divides_cross_difference", "common_prime_divides_cross_difference", "large_prime_hits_block_unique"], "actual_printed": 0, "guard_msgs_in_source": 4, "printed": [], "unexpected_axioms": [], "guarded_output_inferred": false}}
2026-09-10T17:57:57.1870743Z B699_COMPILE {"source": "research/tasks/B686-Four/formalization/UniformDistance/SmallPrime.lean", "source_sha256_before": "3d9140131479b10d35ccd87884381e225331b2b77c5c80ae211ab9fe19273a6f", "source_sha256_after": "3d9140131479b10d35ccd87884381e225331b2b77c5c80ae211ab9fe19273a6f", "output_sha256": "e000153c88f0f996ce79c4ed2a13b9d662c753d65e1ad4545de5002b2a62dcf4", "seconds": 1.53, "exit_code": 0, "failure": null, "log": "research/tasks/B699-Binomial/runs/20260911-low-index-lean-513dc7cc/verification/20260910T175237670141Z/logs/compile-0015-research_tasks_B686-Four_formalization_UniformDistance_SmallPrime.lean.log", "log_sha256": "c948b9a1c328b4ab77434f4fc47d7b20a091f8124e371d1794aaaa984ccd2405", "axiom_audit": {"declared_print_axioms": 0, "declared_names": [], "guarded_print_axioms": 2, "guarded_names": ["distance_product_eq_factorials", "small_prime_factorization_bound"], "actual_printed": 0, "guard_msgs_in_source": 2, "printed": [], "unexpected_axioms": [], "guarded_output_inferred": false}}
2026-09-10T17:57:57.1877233Z B699_COMPILE {"source": "research/tasks/B699-Binomial/runs/20260909-low-index-structure-b41a5a63/lean/SmallPrimeLocalization.lean", "source_sha256_before": "663b2129a3b18e1ad8003be7cfef6792caf8375e986284b228f098921a8b6477", "source_sha256_after": "663b2129a3b18e1ad8003be7cfef6792caf8375e986284b228f098921a8b6477", "output_sha256": "e06ac7377b66e06936845202422a9dab1384fd307b072e6e10de964d83a7a9bb", "seconds": 1.335, "exit_code": 0, "failure": null, "log": "research/tasks/B699-Binomial/runs/20260911-low-index-lean-513dc7cc/verification/20260910T175237670141Z/logs/compile-0016-research_tasks_B699-Binomial_runs_20260909-low-index-structure-b41a5a63_lean_SmallPrimeLocalization.lean.log", "log_sha256": "dc8aac1edf45b7142bc7986f6c0e4ceee8d376f5a1217032a39d63daf9d07efd", "axiom_audit": {"declared_print_axioms": 3, "declared_names": ["B699LowIndex.binomial_factorization_add_index_le", "B699LowIndex.binomial_prime_power_localization", "B699LowIndex.binomial_prime_power_localization_of_le"], "guarded_print_axioms": 0, "guarded_names": [], "actual_printed": 3, "guard_msgs_in_source": 0, "printed": [{"declared_name": "B699LowIndex.binomial_factorization_add_index_le", "axioms": ["propext", "Classical.choice", "Quot.sound"]}, {"declared_name": "B699LowIndex.binomial_prime_power_localization", "axioms": ["propext", "Classical.choice", "Quot.sound"]}, {"declared_name": "B699LowIndex.binomial_prime_power_localization_of_le", "axioms": ["propext", "Classical.choice", "Quot.sound"]}], "unexpected_axioms": [], "guarded_output_inferred": false}}
2026-09-10T17:57:57.1886387Z B699_COMPILE {"source": "research/tasks/B699-Binomial/runs/20260909-low-index-structure-b41a5a63/lean/SmallPowerIntervals.lean", "source_sha256_before": "4ee5805b0a37e4ce4b370b6f91895312b75917170943a6970799d4fb4f011d02", "source_sha256_after": "4ee5805b0a37e4ce4b370b6f91895312b75917170943a6970799d4fb4f011d02", "output_sha256": "f723f2aeb8e37b2959144f7c76aa987b66323fe2add447d2971cac2d21546921", "seconds": 1.305, "exit_code": 0, "failure": null, "log": "research/tasks/B699-Binomial/runs/20260911-low-index-lean-513dc7cc/verification/20260910T175237670141Z/logs/compile-0017-research_tasks_B699-Binomial_runs_20260909-low-index-structure-b41a5a63_lean_SmallPowerIntervals.lean.log", "log_sha256": "d79d5b2fb8dba330592c7d86c798117a4016767aba802f85a7118ab326c304c1", "axiom_audit": {"declared_print_axioms": 6, "declared_names": ["B699LowIndex.exists_small_cofactor_of_localized_power", "B699LowIndex.exists_small_cofactor_div_of_localized_power", "B699LowIndex.interval_power_le_of_representation", "B699LowIndex.interval_power_lt_upper_of_representation", "B699LowIndex.binomial_power_interval_of_large_power", "B699LowIndex.exists_two_small_prime_power_intervals"], "guarded_print_axioms": 0, "guarded_names": [], "actual_printed": 6, "guard_msgs_in_source": 0, "printed": [{"declared_name": "B699LowIndex.exists_small_cofactor_of_localized_power", "axioms": ["propext", "Classical.choice", "Quot.sound"]}, {"declared_name": "B699LowIndex.exists_small_cofactor_div_of_localized_power", "axioms": ["propext", "Classical.choice", "Quot.sound"]}, {"declared_name": "B699LowIndex.interval_power_le_of_representation", "axioms": ["propext", "Quot.sound"]}, {"declared_name": "B699LowIndex.interval_power_lt_upper_of_representation", "axioms": ["propext", "Quot.sound"]}, {"declared_name": "B699LowIndex.binomial_power_interval_of_large_power", "axioms": ["propext", "Classical.choice", "Quot.sound"]}, {"declared_name": "B699LowIndex.exists_two_small_prime_power_intervals", "axioms": ["propext", "Classical.choice", "Quot.sound"]}], "unexpected_axioms": [], "guarded_output_inferred": false}}
2026-09-10T17:57:57.1895329Z B699_COMPILE {"source": "research/tasks/B699-Binomial/runs/20260909-low-index-structure-b41a5a63/lean/PrimePowerEnumeration.lean", "source_sha256_before": "00888c3d00cfdb722a48a9ef5b257e172dde26f5cdab9a241025078e0923da6e", "source_sha256_after": "00888c3d00cfdb722a48a9ef5b257e172dde26f5cdab9a241025078e0923da6e", "output_sha256": "5ec288cbf80db9d5a9d1819cae8671cf161e01966dab8d00f3d222d3aff49ef0", "seconds": 1.401, "exit_code": 0, "failure": null, "log": "research/tasks/B699-Binomial/runs/20260911-low-index-lean-513dc7cc/verification/20260910T175237670141Z/logs/compile-0018-research_tasks_B699-Binomial_runs_20260909-low-index-structure-b41a5a63_lean_PrimePowerEnumeration.lean.log", "log_sha256": "7b7e0daa6361f7369b457af4e306f688092ceedf6c0624225eea5c5e4e356530", "axiom_audit": {"declared_print_axioms": 3, "declared_names": ["B699LowIndex.power_interval_mem_of_bounds", "B699LowIndex.power_interval_list_complete", "B699LowIndex.exists_two_colours_in_power_interval_list"], "guarded_print_axioms": 0, "guarded_names": [], "actual_printed": 3, "guard_msgs_in_source": 0, "printed": [{"declared_name": "B699LowIndex.power_interval_mem_of_bounds", "axioms": ["propext", "Classical.choice", "Quot.sound"]}, {"declared_name": "B699LowIndex.power_interval_list_complete", "axioms": ["propext", "Classical.choice", "Quot.sound"]}, {"declared_name": "B699LowIndex.exists_two_colours_in_power_interval_list", "axioms": ["propext", "Classical.choice", "Quot.sound"]}], "unexpected_axioms": [], "guarded_output_inferred": false}}
2026-09-10T17:57:57.1902907Z B699_COMPILE {"source": "research/tasks/B699-Binomial/runs/20260909-low-index-structure-b41a5a63/lean/LargeDivisorWitness.lean", "source_sha256_before": "8123d5ec2a766974bf9cad0753b0261405ef71548cd3dee625fead65ef0c39f0", "source_sha256_after": "8123d5ec2a766974bf9cad0753b0261405ef71548cd3dee625fead65ef0c39f0", "output_sha256": "fcfd4af3ae6dc302ec3b75286773399b0fbe2d752fbccdcbcf80590c67281ca5", "seconds": 1.333, "exit_code": 0, "failure": null, "log": "research/tasks/B699-Binomial/runs/20260911-low-index-lean-513dc7cc/verification/20260910T175237670141Z/logs/compile-0019-research_tasks_B699-Binomial_runs_20260909-low-index-structure-b41a5a63_lean_LargeDivisorWitness.lean.log", "log_sha256": "da36bd935cc8f2a51544886a54a2618af644f3fb137ba6e32f1d88cad92e5ce0", "axiom_audit": {"declared_print_axioms": 3, "declared_names": ["B699LowIndex.large_divisor_dvd_prime_part", "B699LowIndex.common_of_large_divisor", "B699LowIndex.goodSegmentCheck_sound"], "guarded_print_axioms": 0, "guarded_names": [], "actual_printed": 3, "guard_msgs_in_source": 0, "printed": [{"declared_name": "B699LowIndex.large_divisor_dvd_prime_part", "axioms": ["propext", "Classical.choice", "Quot.sound"]}, {"declared_name": "B699LowIndex.common_of_large_divisor", "axioms": ["propext", "Classical.choice", "Quot.sound"]}, {"declared_name": "B699LowIndex.goodSegmentCheck_sound", "axioms": ["propext", "Classical.choice", "Quot.sound"]}], "unexpected_axioms": [], "guarded_output_inferred": false}}
2026-09-10T17:57:57.1910071Z B699_COMPILE {"source": "research/tasks/B699-Binomial/runs/20260909-low-index-structure-b41a5a63/lean/IntervalCover.lean", "source_sha256_before": "eb5b7d8b26101991cf31310739b0319bdc3d2d20f46656f63c48185ef97934b3", "source_sha256_after": "eb5b7d8b26101991cf31310739b0319bdc3d2d20f46656f63c48185ef97934b3", "output_sha256": "730718ddbd51c422eb346e17b6b8669ff0ad2047375dfb4830b9b898130dc050", "seconds": 0.992, "exit_code": 0, "failure": null, "log": "research/tasks/B699-Binomial/runs/20260911-low-index-lean-513dc7cc/verification/20260910T175237670141Z/logs/compile-0020-research_tasks_B699-Binomial_runs_20260909-low-index-structure-b41a5a63_lean_IntervalCover.lean.log", "log_sha256": "1c505aeadb9a709ba8ab7fe4e71d7f1885f17e2e2ee64cf5ad055e01bf78887b", "axiom_audit": {"declared_print_axioms": 2, "declared_names": ["B699LowIndex.coverCheck_sound", "B699LowIndex.pairCoverCheck_sound"], "guarded_print_axioms": 0, "guarded_names": [], "actual_printed": 2, "guard_msgs_in_source": 0, "printed": [{"declared_name": "B699LowIndex.coverCheck_sound", "axioms": ["propext", "Classical.choice", "Quot.sound"]}, {"declared_name": "B699LowIndex.pairCoverCheck_sound", "axioms": ["propext", "Classical.choice", "Quot.sound"]}], "unexpected_axioms": [], "guarded_output_inferred": false}}
2026-09-10T17:57:57.1916683Z B699_COMPILE {"source": "research/tasks/B699-Binomial/runs/20260909-low-index-structure-b41a5a63/lean/FiniteCover.lean", "source_sha256_before": "c5e4a998c58d8c5195fa326d4318915706b64da5c06129ddb47a90766c1e2e8d", "source_sha256_after": "c5e4a998c58d8c5195fa326d4318915706b64da5c06129ddb47a90766c1e2e8d", "output_sha256": "00a7b1bd99f07f4fc7f6fa4f19b9a3feb099a82f01a909db7b59aed84b30e7d7", "seconds": 1.462, "exit_code": 0, "failure": null, "log": "research/tasks/B699-Binomial/runs/20260911-low-index-lean-513dc7cc/verification/20260910T175237670141Z/logs/compile-0021-research_tasks_B699-Binomial_runs_20260909-low-index-structure-b41a5a63_lean_FiniteCover.lean.log", "log_sha256": "f123d0d792106066fc7f7da0bdcdf53868133473e772986a584e0d00940df5f9", "axiom_audit": {"declared_print_axioms": 2, "declared_names": ["B699LowIndex.coverLayerCheck_sound", "B699LowIndex.common_of_finite_cover_row_checked"], "guarded_print_axioms": 0, "guarded_names": [], "actual_printed": 2, "guard_msgs_in_source": 0, "printed": [{"declared_name": "B699LowIndex.coverLayerCheck_sound", "axioms": ["propext", "Classical.choice", "Quot.sound"]}, {"declared_name": "B699LowIndex.common_of_finite_cover_row_checked", "axioms": ["propext", "Classical.choice", "Quot.sound"]}], "unexpected_axioms": [], "guarded_output_inferred": false}}
2026-09-10T17:57:57.1925840Z B699_EVIDENCE {"success": true, "exit_code": 0, "root_sources": ["research/tasks/B699-Binomial/runs/20260911-low-index-lean-513dc7cc/lean/Witness000.lean"], "manifest_sha256": "fdbefe6c9b737713c8b9c602643afa154f49dda4f48bfc4d2f64183fdea728a0", "toolchain": {"declared": "leanprover/lean4:v4.33.1", "observed": "Lean (version 4.33.1, x86_64-unknown-linux-gnu, commit 819816b2e0a3bf405af45ae5c7af2491d8f5bee6, Release)", "exit_code": 0}, "compiled_count": 3, "reused_count": 8, "failure": null, "evidence": "research/tasks/B699-Binomial/runs/20260911-low-index-lean-513dc7cc/verification/20260910T175617062823Z/evidence.json", "evidence_sha256": "4a99871e9cb72958c048fdf3e88eb475bdb0628df6587010c1d517c874092fe5", "pins": [{"name": "mathlib", "manifest_rev": "0df444a360eaa60ab8c11dca51a86af692955474", "observed_head": "0df444a360eaa60ab8c11dca51a86af692955474", "head_matches": true, "clean": true}, {"name": "plausible", "manifest_rev": "b7eb3304aeae834b12dda98993a37f6a41f6f0bb", "observed_head": "b7eb3304aeae834b12dda98993a37f6a41f6f0bb", "head_matches": true, "clean": true}, {"name": "LeanSearchClient", "manifest_rev": "5f4d51b81cbd3f6b32b156bfad9056621a040404", "observed_head": "5f4d51b81cbd3f6b32b156bfad9056621a040404", "head_matches": true, "clean": true}, {"name": "importGraph", "manifest_rev": "16f02aa7642864af59f1ff0e384a015994db9118", "observed_head": "16f02aa7642864af59f1ff0e384a015994db9118", "head_matches": true, "clean": true}, {"name": "proofwidgets", "manifest_rev": "4be2e3d5087eeb272cf5a8853b8f9dd025ef5957", "observed_head": "4be2e3d5087eeb272cf5a8853b8f9dd025ef5957", "head_matches": true, "clean": true}, {"name": "aesop", "manifest_rev": "3448c0bcc5ce01b2d1546e483ec3620e32df3d0e", "observed_head": "3448c0bcc5ce01b2d1546e483ec3620e32df3d0e", "head_matches": true, "clean": true}, {"name": "Qq", "manifest_rev": "92c15be17b7caf78c2ad767ec40f89052d908d81", "observed_head": "92c15be17b7caf78c2ad767ec40f89052d908d81", "head_matches": true, "clean": true}, {"name": "batteries", "manifest_rev": "4488d40d070b9700d4d5a6aa342f0d40c31b2a2d", "observed_head": "4488d40d070b9700d4d5a6aa342f0d40c31b2a2d", "head_matches": true, "clean": true}, {"name": "Cli", "manifest_rev": "6130a47896ce867c6a4a55373441e59e565bad0f", "observed_head": "6130a47896ce867c6a4a55373441e59e565bad0f", "head_matches": true, "clean": true}]}
2026-09-10T17:57:57.1934484Z B699_COMPILE {"source": "research/tasks/B699-Binomial/runs/20260909-low-index-structure-b41a5a63/lean/TrialPrimeCheck.lean", "source_sha256_before": "990a479d4a73d1032fcb7621e4eef098cec4430342c040e3c91581269dd3a23d", "source_sha256_after": "990a479d4a73d1032fcb7621e4eef098cec4430342c040e3c91581269dd3a23d", "output_sha256": "fab939e4f7ec44e4035679fa12fca8adbeecc57f3df93fa25841a9c14ae22ce8", "seconds": 0.872, "exit_code": 0, "failure": null, "log": "research/tasks/B699-Binomial/runs/20260911-low-index-lean-513dc7cc/verification/20260910T175617062823Z/logs/compile-0009-research_tasks_B699-Binomial_runs_20260909-low-index-structure-b41a5a63_lean_TrialPrimeCheck.lean.log", "log_sha256": "0caabfd025c2adc4e18d6b755db81b071ea5bc681cabef4b0700e18818ef6748", "axiom_audit": {"declared_print_axioms": 1, "declared_names": ["B699LowIndex.trialPrimeCheck_sound"], "guarded_print_axioms": 0, "guarded_names": [], "actual_printed": 1, "guard_msgs_in_source": 0, "printed": [{"declared_name": "B699LowIndex.trialPrimeCheck_sound", "axioms": ["propext", "Classical.choice", "Quot.sound"]}], "unexpected_axioms": [], "guarded_output_inferred": false}}
2026-09-10T17:57:57.1940433Z B699_COMPILE {"source": "research/tasks/B699-Binomial/runs/20260911-low-index-lean-513dc7cc/lean/WitnessBridge.lean", "source_sha256_before": "c12b5cdc8c4de62c28af28bae0f1027205dbf6b94266fb9f6383c05e1d7d51c3", "source_sha256_after": "c12b5cdc8c4de62c28af28bae0f1027205dbf6b94266fb9f6383c05e1d7d51c3", "output_sha256": "ca13c62a039e5bf9b2fdd1617314b24caab6e620a52a20d62563ef54f1253db0", "seconds": 1.019, "exit_code": 0, "failure": null, "log": "research/tasks/B699-Binomial/runs/20260911-low-index-lean-513dc7cc/verification/20260910T175617062823Z/logs/compile-0010-research_tasks_B699-Binomial_runs_20260911-low-index-lean-513dc7cc_lean_WitnessBridge.lean.log", "log_sha256": "87fe8b1cb287ffb313a6c731e3ae20c8a7f9a3e03f26fb07417f2254814faf85", "axiom_audit": {"declared_print_axioms": 1, "declared_names": ["B699LowIndex.LowIndexLean513dc7cc.good_top_prime_checked"], "guarded_print_axioms": 0, "guarded_names": [], "actual_printed": 1, "guard_msgs_in_source": 0, "printed": [{"declared_name": "B699LowIndex.LowIndexLean513dc7cc.good_top_prime_checked", "axioms": ["propext", "Classical.choice", "Quot.sound"]}], "unexpected_axioms": [], "guarded_output_inferred": false}}
2026-09-10T17:57:57.1946535Z B699_COMPILE {"source": "research/tasks/B699-Binomial/runs/20260911-low-index-lean-513dc7cc/lean/Witness000.lean", "source_sha256_before": "b7288c5e5c668fd9993c9dfe641e8ce7c7b86016fb0f5f9447a3805c6ea9813b", "source_sha256_after": "b7288c5e5c668fd9993c9dfe641e8ce7c7b86016fb0f5f9447a3805c6ea9813b", "output_sha256": "0afd6bb801d1450615341520fcfdc10be51e5c1e23b0549b55ab4fdbf0a37d7e", "seconds": 1.045, "exit_code": 0, "failure": null, "log": "research/tasks/B699-Binomial/runs/20260911-low-index-lean-513dc7cc/verification/20260910T175617062823Z/logs/compile-0011-research_tasks_B699-Binomial_runs_20260911-low-index-lean-513dc7cc_lean_Witness000.lean.log", "log_sha256": "525361c5582c8c78d0c436fedf83d8491d3c101791e9d65130808e681686469e", "axiom_audit": {"declared_print_axioms": 1, "declared_names": ["B699LowIndex.LowIndexLean513dc7cc.row029_witness000_checked"], "guarded_print_axioms": 0, "guarded_names": [], "actual_printed": 1, "guard_msgs_in_source": 0, "printed": [{"declared_name": "B699LowIndex.LowIndexLean513dc7cc.row029_witness000_checked", "axioms": ["propext", "Classical.choice", "Quot.sound"]}], "unexpected_axioms": [], "guarded_output_inferred": false}}
2026-09-10T17:57:57.1955214Z B699_EVIDENCE {"success": true, "exit_code": 0, "root_sources": ["research/tasks/B699-Binomial/runs/20260911-low-index-lean-513dc7cc/lean/Witness227.lean"], "manifest_sha256": "fdbefe6c9b737713c8b9c602643afa154f49dda4f48bfc4d2f64183fdea728a0", "toolchain": {"declared": "leanprover/lean4:v4.33.1", "observed": "Lean (version 4.33.1, x86_64-unknown-linux-gnu, commit 819816b2e0a3bf405af45ae5c7af2491d8f5bee6, Release)", "exit_code": 0}, "compiled_count": 1, "reused_count": 10, "failure": null, "evidence": "research/tasks/B699-Binomial/runs/20260911-low-index-lean-513dc7cc/verification/20260910T175637085321Z/evidence.json", "evidence_sha256": "f56e0fe2e80a96ea5a2fdaaaad7600d7de92831ea78b70459ecac147288a4ad4", "pins": [{"name": "mathlib", "manifest_rev": "0df444a360eaa60ab8c11dca51a86af692955474", "observed_head": "0df444a360eaa60ab8c11dca51a86af692955474", "head_matches": true, "clean": true}, {"name": "plausible", "manifest_rev": "b7eb3304aeae834b12dda98993a37f6a41f6f0bb", "observed_head": "b7eb3304aeae834b12dda98993a37f6a41f6f0bb", "head_matches": true, "clean": true}, {"name": "LeanSearchClient", "manifest_rev": "5f4d51b81cbd3f6b32b156bfad9056621a040404", "observed_head": "5f4d51b81cbd3f6b32b156bfad9056621a040404", "head_matches": true, "clean": true}, {"name": "importGraph", "manifest_rev": "16f02aa7642864af59f1ff0e384a015994db9118", "observed_head": "16f02aa7642864af59f1ff0e384a015994db9118", "head_matches": true, "clean": true}, {"name": "proofwidgets", "manifest_rev": "4be2e3d5087eeb272cf5a8853b8f9dd025ef5957", "observed_head": "4be2e3d5087eeb272cf5a8853b8f9dd025ef5957", "head_matches": true, "clean": true}, {"name": "aesop", "manifest_rev": "3448c0bcc5ce01b2d1546e483ec3620e32df3d0e", "observed_head": "3448c0bcc5ce01b2d1546e483ec3620e32df3d0e", "head_matches": true, "clean": true}, {"name": "Qq", "manifest_rev": "92c15be17b7caf78c2ad767ec40f89052d908d81", "observed_head": "92c15be17b7caf78c2ad767ec40f89052d908d81", "head_matches": true, "clean": true}, {"name": "batteries", "manifest_rev": "4488d40d070b9700d4d5a6aa342f0d40c31b2a2d", "observed_head": "4488d40d070b9700d4d5a6aa342f0d40c31b2a2d", "head_matches": true, "clean": true}, {"name": "Cli", "manifest_rev": "6130a47896ce867c6a4a55373441e59e565bad0f", "observed_head": "6130a47896ce867c6a4a55373441e59e565bad0f", "head_matches": true, "clean": true}]}
2026-09-10T17:57:57.1963931Z B699_COMPILE {"source": "research/tasks/B699-Binomial/runs/20260911-low-index-lean-513dc7cc/lean/Witness227.lean", "source_sha256_before": "597c259fe20a61fa2727d3c4c7facea3235282ab646ddc16d964d66d848fdbb9", "source_sha256_after": "597c259fe20a61fa2727d3c4c7facea3235282ab646ddc16d964d66d848fdbb9", "output_sha256": "43c4d2f83b23f0b356622d9b804796cb27ebb7936d24715ffec23c8bf9106b3f", "seconds": 1.058, "exit_code": 0, "failure": null, "log": "research/tasks/B699-Binomial/runs/20260911-low-index-lean-513dc7cc/verification/20260910T175637085321Z/logs/compile-0011-research_tasks_B699-Binomial_runs_20260911-low-index-lean-513dc7cc_lean_Witness227.lean.log", "log_sha256": "a8c219850d5b68dbbffba65af29499ce6fd1c608aeeed324d188e7e711af4649", "axiom_audit": {"declared_print_axioms": 1, "declared_names": ["B699LowIndex.LowIndexLean513dc7cc.row029_witness227_checked"], "guarded_print_axioms": 0, "guarded_names": [], "actual_printed": 1, "guard_msgs_in_source": 0, "printed": [{"declared_name": "B699LowIndex.LowIndexLean513dc7cc.row029_witness227_checked", "axioms": ["propext", "Classical.choice", "Quot.sound"]}], "unexpected_axioms": [], "guarded_output_inferred": false}}
2026-09-10T17:57:57.1972910Z B699_EVIDENCE {"success": true, "exit_code": 0, "root_sources": ["research/tasks/B699-Binomial/runs/20260911-low-index-lean-513dc7cc/lean/Witness056.lean"], "manifest_sha256": "fdbefe6c9b737713c8b9c602643afa154f49dda4f48bfc4d2f64183fdea728a0", "toolchain": {"declared": "leanprover/lean4:v4.33.1", "observed": "Lean (version 4.33.1, x86_64-unknown-linux-gnu, commit 819816b2e0a3bf405af45ae5c7af2491d8f5bee6, Release)", "exit_code": 0}, "compiled_count": 1, "reused_count": 10, "failure": null, "evidence": "research/tasks/B699-Binomial/runs/20260911-low-index-lean-513dc7cc/verification/20260910T175657108340Z/evidence.json", "evidence_sha256": "01111516d9db665e3f205386bebf0cbe8bb63efbcdca685372d4ad51750b5c8e", "pins": [{"name": "mathlib", "manifest_rev": "0df444a360eaa60ab8c11dca51a86af692955474", "observed_head": "0df444a360eaa60ab8c11dca51a86af692955474", "head_matches": true, "clean": true}, {"name": "plausible", "manifest_rev": "b7eb3304aeae834b12dda98993a37f6a41f6f0bb", "observed_head": "b7eb3304aeae834b12dda98993a37f6a41f6f0bb", "head_matches": true, "clean": true}, {"name": "LeanSearchClient", "manifest_rev": "5f4d51b81cbd3f6b32b156bfad9056621a040404", "observed_head": "5f4d51b81cbd3f6b32b156bfad9056621a040404", "head_matches": true, "clean": true}, {"name": "importGraph", "manifest_rev": "16f02aa7642864af59f1ff0e384a015994db9118", "observed_head": "16f02aa7642864af59f1ff0e384a015994db9118", "head_matches": true, "clean": true}, {"name": "proofwidgets", "manifest_rev": "4be2e3d5087eeb272cf5a8853b8f9dd025ef5957", "observed_head": "4be2e3d5087eeb272cf5a8853b8f9dd025ef5957", "head_matches": true, "clean": true}, {"name": "aesop", "manifest_rev": "3448c0bcc5ce01b2d1546e483ec3620e32df3d0e", "observed_head": "3448c0bcc5ce01b2d1546e483ec3620e32df3d0e", "head_matches": true, "clean": true}, {"name": "Qq", "manifest_rev": "92c15be17b7caf78c2ad767ec40f89052d908d81", "observed_head": "92c15be17b7caf78c2ad767ec40f89052d908d81", "head_matches": true, "clean": true}, {"name": "batteries", "manifest_rev": "4488d40d070b9700d4d5a6aa342f0d40c31b2a2d", "observed_head": "4488d40d070b9700d4d5a6aa342f0d40c31b2a2d", "head_matches": true, "clean": true}, {"name": "Cli", "manifest_rev": "6130a47896ce867c6a4a55373441e59e565bad0f", "observed_head": "6130a47896ce867c6a4a55373441e59e565bad0f", "head_matches": true, "clean": true}]}
2026-09-10T17:57:57.1981603Z B699_COMPILE {"source": "research/tasks/B699-Binomial/runs/20260911-low-index-lean-513dc7cc/lean/Witness056.lean", "source_sha256_before": "4dcba2bd9c98120165cb54286b1c3a1179cfebaa8efd4c444726b0c0ea198994", "source_sha256_after": "4dcba2bd9c98120165cb54286b1c3a1179cfebaa8efd4c444726b0c0ea198994", "output_sha256": "4b269be63d45b05f95b92c4f888341956dad59168c06e11472f3dc1740e0652f", "seconds": 1.034, "exit_code": 0, "failure": null, "log": "research/tasks/B699-Binomial/runs/20260911-low-index-lean-513dc7cc/verification/20260910T175657108340Z/logs/compile-0011-research_tasks_B699-Binomial_runs_20260911-low-index-lean-513dc7cc_lean_Witness056.lean.log", "log_sha256": "25a7fe7e335e8e02fcbd9febc8f8906aa19fe66066bf17bedfc8782c0beaa4d9", "axiom_audit": {"declared_print_axioms": 1, "declared_names": ["B699LowIndex.LowIndexLean513dc7cc.row029_witness056_checked"], "guarded_print_axioms": 0, "guarded_names": [], "actual_printed": 1, "guard_msgs_in_source": 0, "printed": [{"declared_name": "B699LowIndex.LowIndexLean513dc7cc.row029_witness056_checked", "axioms": ["propext", "Classical.choice", "Quot.sound"]}], "unexpected_axioms": [], "guarded_output_inferred": false}}
2026-09-10T17:57:57.1990318Z B699_EVIDENCE {"success": true, "exit_code": 0, "root_sources": ["research/tasks/B699-Binomial/runs/20260911-low-index-lean-513dc7cc/lean/Layer000.lean"], "manifest_sha256": "fdbefe6c9b737713c8b9c602643afa154f49dda4f48bfc4d2f64183fdea728a0", "toolchain": {"declared": "leanprover/lean4:v4.33.1", "observed": "Lean (version 4.33.1, x86_64-unknown-linux-gnu, commit 819816b2e0a3bf405af45ae5c7af2491d8f5bee6, Release)", "exit_code": 0}, "compiled_count": 2, "reused_count": 21, "failure": null, "evidence": "research/tasks/B699-Binomial/runs/20260911-low-index-lean-513dc7cc/verification/20260910T175717130742Z/evidence.json", "evidence_sha256": "88eec0a47d9dcf383937f942e1bb07cbb36e41200da9531665decc7d25454cab", "pins": [{"name": "mathlib", "manifest_rev": "0df444a360eaa60ab8c11dca51a86af692955474", "observed_head": "0df444a360eaa60ab8c11dca51a86af692955474", "head_matches": true, "clean": true}, {"name": "plausible", "manifest_rev": "b7eb3304aeae834b12dda98993a37f6a41f6f0bb", "observed_head": "b7eb3304aeae834b12dda98993a37f6a41f6f0bb", "head_matches": true, "clean": true}, {"name": "LeanSearchClient", "manifest_rev": "5f4d51b81cbd3f6b32b156bfad9056621a040404", "observed_head": "5f4d51b81cbd3f6b32b156bfad9056621a040404", "head_matches": true, "clean": true}, {"name": "importGraph", "manifest_rev": "16f02aa7642864af59f1ff0e384a015994db9118", "observed_head": "16f02aa7642864af59f1ff0e384a015994db9118", "head_matches": true, "clean": true}, {"name": "proofwidgets", "manifest_rev": "4be2e3d5087eeb272cf5a8853b8f9dd025ef5957", "observed_head": "4be2e3d5087eeb272cf5a8853b8f9dd025ef5957", "head_matches": true, "clean": true}, {"name": "aesop", "manifest_rev": "3448c0bcc5ce01b2d1546e483ec3620e32df3d0e", "observed_head": "3448c0bcc5ce01b2d1546e483ec3620e32df3d0e", "head_matches": true, "clean": true}, {"name": "Qq", "manifest_rev": "92c15be17b7caf78c2ad767ec40f89052d908d81", "observed_head": "92c15be17b7caf78c2ad767ec40f89052d908d81", "head_matches": true, "clean": true}, {"name": "batteries", "manifest_rev": "4488d40d070b9700d4d5a6aa342f0d40c31b2a2d", "observed_head": "4488d40d070b9700d4d5a6aa342f0d40c31b2a2d", "head_matches": true, "clean": true}, {"name": "Cli", "manifest_rev": "6130a47896ce867c6a4a55373441e59e565bad0f", "observed_head": "6130a47896ce867c6a4a55373441e59e565bad0f", "head_matches": true, "clean": true}]}
2026-09-10T17:57:57.1998844Z B699_COMPILE {"source": "research/tasks/B699-Binomial/runs/20260911-low-index-lean-513dc7cc/lean/Row029Data.lean", "source_sha256_before": "10a515963e629aa398493b5e2df2a625ed34253b661c3ad5a3a9fbf595016d8b", "source_sha256_after": "10a515963e629aa398493b5e2df2a625ed34253b661c3ad5a3a9fbf595016d8b", "output_sha256": "df4f893a13237be579194af2038d57ce544d4f155ff5c02979aa52b5ef53a72d", "seconds": 1.522, "exit_code": 0, "failure": null, "log": "research/tasks/B699-Binomial/runs/20260911-low-index-lean-513dc7cc/verification/20260910T175717130742Z/logs/compile-0022-research_tasks_B699-Binomial_runs_20260911-low-index-lean-513dc7cc_lean_Row029Data.lean.log", "log_sha256": "726372adfd672afec7945c2c435b7ad48f28e5f026ae46efff578ea19ccc77a7", "axiom_audit": {"declared_print_axioms": 1, "declared_names": ["B699LowIndex.LowIndexLean513dc7cc.row029"], "guarded_print_axioms": 0, "guarded_names": [], "actual_printed": 1, "guard_msgs_in_source": 0, "printed": [{"declared_name": "B699LowIndex.LowIndexLean513dc7cc.row029", "axioms": []}], "unexpected_axioms": [], "guarded_output_inferred": false}}
2026-09-10T17:57:57.2004550Z B699_COMPILE {"source": "research/tasks/B699-Binomial/runs/20260911-low-index-lean-513dc7cc/lean/Layer000.lean", "source_sha256_before": "a03d2dc787b7ce4236290625bbf511bf5c0bc3df18e6b965f2dd486bbc717997", "source_sha256_after": "a03d2dc787b7ce4236290625bbf511bf5c0bc3df18e6b965f2dd486bbc717997", "output_sha256": "b9edaf95427112a47367263ac8eedf40beb2580ac77de2465a2b354f4ab661e7", "seconds": 6.108, "exit_code": 0, "failure": null, "log": "research/tasks/B699-Binomial/runs/20260911-low-index-lean-513dc7cc/verification/20260910T175717130742Z/logs/compile-0023-research_tasks_B699-Binomial_runs_20260911-low-index-lean-513dc7cc_lean_Layer000.lean.log", "log_sha256": "cb8e895c721db53ee22d1c283c802db7437a7e65c11d6c7a84a1b28385ec7602", "axiom_audit": {"declared_print_axioms": 1, "declared_names": ["B699LowIndex.LowIndexLean513dc7cc.row029_layer000_checked"], "guarded_print_axioms": 0, "guarded_names": [], "actual_printed": 1, "guard_msgs_in_source": 0, "printed": [{"declared_name": "B699LowIndex.LowIndexLean513dc7cc.row029_layer000_checked", "axioms": ["propext", "Classical.choice", "Quot.sound"]}], "unexpected_axioms": [], "guarded_output_inferred": false}}
2026-09-10T17:57:57.2013379Z B699_EVIDENCE {"success": true, "exit_code": 0, "root_sources": ["research/tasks/B699-Binomial/runs/20260911-low-index-lean-513dc7cc/lean/Layer113.lean"], "manifest_sha256": "fdbefe6c9b737713c8b9c602643afa154f49dda4f48bfc4d2f64183fdea728a0", "toolchain": {"declared": "leanprover/lean4:v4.33.1", "observed": "Lean (version 4.33.1, x86_64-unknown-linux-gnu, commit 819816b2e0a3bf405af45ae5c7af2491d8f5bee6, Release)", "exit_code": 0}, "compiled_count": 1, "reused_count": 22, "failure": null, "evidence": "research/tasks/B699-Binomial/runs/20260911-low-index-lean-513dc7cc/verification/20260910T175737158505Z/evidence.json", "evidence_sha256": "7f2a9502d645938b5f1d90bebf7339b301d9e72023a3ba79e95863b2a576e1ca", "pins": [{"name": "mathlib", "manifest_rev": "0df444a360eaa60ab8c11dca51a86af692955474", "observed_head": "0df444a360eaa60ab8c11dca51a86af692955474", "head_matches": true, "clean": true}, {"name": "plausible", "manifest_rev": "b7eb3304aeae834b12dda98993a37f6a41f6f0bb", "observed_head": "b7eb3304aeae834b12dda98993a37f6a41f6f0bb", "head_matches": true, "clean": true}, {"name": "LeanSearchClient", "manifest_rev": "5f4d51b81cbd3f6b32b156bfad9056621a040404", "observed_head": "5f4d51b81cbd3f6b32b156bfad9056621a040404", "head_matches": true, "clean": true}, {"name": "importGraph", "manifest_rev": "16f02aa7642864af59f1ff0e384a015994db9118", "observed_head": "16f02aa7642864af59f1ff0e384a015994db9118", "head_matches": true, "clean": true}, {"name": "proofwidgets", "manifest_rev": "4be2e3d5087eeb272cf5a8853b8f9dd025ef5957", "observed_head": "4be2e3d5087eeb272cf5a8853b8f9dd025ef5957", "head_matches": true, "clean": true}, {"name": "aesop", "manifest_rev": "3448c0bcc5ce01b2d1546e483ec3620e32df3d0e", "observed_head": "3448c0bcc5ce01b2d1546e483ec3620e32df3d0e", "head_matches": true, "clean": true}, {"name": "Qq", "manifest_rev": "92c15be17b7caf78c2ad767ec40f89052d908d81", "observed_head": "92c15be17b7caf78c2ad767ec40f89052d908d81", "head_matches": true, "clean": true}, {"name": "batteries", "manifest_rev": "4488d40d070b9700d4d5a6aa342f0d40c31b2a2d", "observed_head": "4488d40d070b9700d4d5a6aa342f0d40c31b2a2d", "head_matches": true, "clean": true}, {"name": "Cli", "manifest_rev": "6130a47896ce867c6a4a55373441e59e565bad0f", "observed_head": "6130a47896ce867c6a4a55373441e59e565bad0f", "head_matches": true, "clean": true}]}
2026-09-10T17:57:57.2022138Z B699_COMPILE {"source": "research/tasks/B699-Binomial/runs/20260911-low-index-lean-513dc7cc/lean/Layer113.lean", "source_sha256_before": "adde6394e8f7767deddd467d5644dbe5f4e94bb03e2325357321e6e33b192f22", "source_sha256_after": "adde6394e8f7767deddd467d5644dbe5f4e94bb03e2325357321e6e33b192f22", "output_sha256": "a957161923315048915fb8d3fee2115f13323103c25d49c201a0fec96c0d1ad8", "seconds": 1.176, "exit_code": 0, "failure": null, "log": "research/tasks/B699-Binomial/runs/20260911-low-index-lean-513dc7cc/verification/20260910T175737158505Z/logs/compile-0023-research_tasks_B699-Binomial_runs_20260911-low-index-lean-513dc7cc_lean_Layer113.lean.log", "log_sha256": "f4a8f8720871d66860e346599d3fed5839ee8f2fe778f205a3dc8990139409fa", "axiom_audit": {"declared_print_axioms": 1, "declared_names": ["B699LowIndex.LowIndexLean513dc7cc.row029_layer113_checked"], "guarded_print_axioms": 0, "guarded_names": [], "actual_printed": 1, "guard_msgs_in_source": 0, "printed": [{"declared_name": "B699LowIndex.LowIndexLean513dc7cc.row029_layer113_checked", "axioms": ["propext", "Classical.choice", "Quot.sound"]}], "unexpected_axioms": [], "guarded_output_inferred": false}}
2026-09-10T17:57:57.2070532Z Node 20 is being deprecated. This workflow is running with Node 24 by default. If you need to temporarily use Node 20, you can set the ACTIONS_ALLOW_USE_UNSECURE_NODE_VERSION=true environment variable. For more information see: https://github.blog/changelog/2025-09-19-deprecation-of-node-20-on-github-actions-runners/
2026-09-10T17:57:57.2072361Z ##[group]Run actions/upload-artifact@ea165f8d65b6e75b540449e92b4886f43607fa02
2026-09-10T17:57:57.2072669Z with:
2026-09-10T17:57:57.2072845Z   name: b699-row029-acceptance-evidence
2026-09-10T17:57:57.2073180Z   path: research/tasks/B699-Binomial/runs/20260911-low-index-lean-513dc7cc/verification
2026-09-10T17:57:57.2073521Z   if-no-files-found: warn
2026-09-10T17:57:57.2073712Z   compression-level: 6
2026-09-10T17:57:57.2073884Z   overwrite: false
2026-09-10T17:57:57.2074060Z   include-hidden-files: false
2026-09-10T17:57:57.2074251Z env:
2026-09-10T17:57:57.2074517Z   B699_RUN: research/tasks/B699-Binomial/runs/20260911-low-index-lean-513dc7cc
2026-09-10T17:57:57.2074815Z ##[endgroup]
2026-09-10T17:57:57.5386354Z (node:2925) [DEP0040] DeprecationWarning: The `punycode` module is deprecated. Please use a userland alternative instead.
2026-09-10T17:57:57.5388957Z (Use `node --trace-deprecation ...` to show where the warning was created)
2026-09-10T17:57:57.6619010Z With the provided path, there will be 213 files uploaded
2026-09-10T17:57:57.6619903Z Artifact name is valid!
2026-09-10T17:57:57.6620236Z Root directory input is valid!
2026-09-10T17:57:57.8679339Z Beginning upload of artifact content to blob storage
2026-09-10T17:57:58.0767391Z (node:2925) [DEP0169] DeprecationWarning: `url.parse()` behavior is not standardized and prone to errors that have security implications. Use the WHATWG URL API instead. CVEs are not issued for `url.parse()` vulnerabilities.
2026-09-10T17:57:58.1146117Z Uploaded bytes 228604
2026-09-10T17:57:58.1299235Z Finished uploading artifact content to blob storage!
2026-09-10T17:57:58.1300296Z SHA256 digest of uploaded artifact zip is b74a92e8d6cb4ebf94f80b05b5341a57cebb6f4b70056b9eeb7c56802f76f418
2026-09-10T17:57:58.1301211Z Finalizing artifact upload
2026-09-10T17:57:58.3666317Z Artifact b699-row029-acceptance-evidence.zip successfully finalized. Artifact ID 10165915515
2026-09-10T17:57:58.3667281Z Artifact b699-row029-acceptance-evidence has been successfully uploaded! Final size is 228604 bytes. Artifact ID is 10165915515
2026-09-10T17:57:58.3668018Z Artifact download URL: https://github.com/HuanHuanHuanFFF/lean-math-lab/actions/runs/34510677596/artifacts/10165915515
2026-09-10T17:57:58.3835254Z Post job cleanup.
2026-09-10T17:57:58.4642736Z [command]/usr/bin/git version
2026-09-10T17:57:58.4705968Z git version 2.55.0
2026-09-10T17:57:58.4752291Z Temporarily overriding HOME='/home/runner/work/_temp/65d874a4-dd11-4c0a-b370-53f524d2c7e6' before making global git config changes
2026-09-10T17:57:58.4759018Z Adding repository directory to the temporary git global config as a safe directory
2026-09-10T17:57:58.4774808Z [command]/usr/bin/git config --global --add safe.directory /home/runner/work/lean-math-lab/lean-math-lab
2026-09-10T17:57:58.4830881Z Removing SSH command configuration
2026-09-10T17:57:58.4831621Z [command]/usr/bin/git config --local --name-only --get-regexp core\.sshCommand
2026-09-10T17:57:58.4906495Z [command]/usr/bin/git submodule foreach --recursive sh -c "git config --local --name-only --get-regexp 'core\.sshCommand' && git config --local --unset-all 'core.sshCommand' || :"
2026-09-10T17:57:58.5316229Z Removing HTTP extra header
2026-09-10T17:57:58.5335770Z [command]/usr/bin/git config --local --name-only --get-regexp http\.https\:\/\/github\.com\/\.extraheader
2026-09-10T17:57:58.5338588Z [command]/usr/bin/git submodule foreach --recursive sh -c "git config --local --name-only --get-regexp 'http\.https\:\/\/github\.com\/\.extraheader' && git config --local --unset-all 'http.https://github.com/.extraheader' || :"
2026-09-10T17:57:58.5686665Z Removing includeIf entries pointing to credentials config files
2026-09-10T17:57:58.5706076Z [command]/usr/bin/git config --local --name-only --get-regexp ^includeIf\.gitdir:
2026-09-10T17:57:58.5716228Z includeif.gitdir:/home/runner/work/lean-math-lab/lean-math-lab/.git.path
2026-09-10T17:57:58.5726742Z includeif.gitdir:/home/runner/work/lean-math-lab/lean-math-lab/.git/worktrees/*.path
2026-09-10T17:57:58.5736127Z includeif.gitdir:/github/workspace/.git.path
2026-09-10T17:57:58.5746447Z includeif.gitdir:/github/workspace/.git/worktrees/*.path
2026-09-10T17:57:58.5748304Z [command]/usr/bin/git config --local --get-all includeif.gitdir:/home/runner/work/lean-math-lab/lean-math-lab/.git.path
2026-09-10T17:57:58.5772081Z /home/runner/work/_temp/git-credentials-9e75fd69-c3af-487e-b306-7064faf9635a.config
2026-09-10T17:57:58.5797640Z [command]/usr/bin/git config --local --unset includeif.gitdir:/home/runner/work/lean-math-lab/lean-math-lab/.git.path \/home\/runner\/work\/_temp\/git\-credentials\-9e75fd69\-c3af\-487e\-b306\-7064faf9635a\.config
2026-09-10T17:57:58.5852088Z [command]/usr/bin/git config --local --get-all includeif.gitdir:/home/runner/work/lean-math-lab/lean-math-lab/.git/worktrees/*.path
2026-09-10T17:57:58.5886934Z /home/runner/work/_temp/git-credentials-9e75fd69-c3af-487e-b306-7064faf9635a.config
2026-09-10T17:57:58.5899530Z [command]/usr/bin/git config --local --unset includeif.gitdir:/home/runner/work/lean-math-lab/lean-math-lab/.git/worktrees/*.path \/home\/runner\/work\/_temp\/git\-credentials\-9e75fd69\-c3af\-487e\-b306\-7064faf9635a\.config
2026-09-10T17:57:58.5938124Z [command]/usr/bin/git config --local --get-all includeif.gitdir:/github/workspace/.git.path
2026-09-10T17:57:58.5962632Z /github/runner_temp/git-credentials-9e75fd69-c3af-487e-b306-7064faf9635a.config
2026-09-10T17:57:58.5968249Z [command]/usr/bin/git config --local --unset includeif.gitdir:/github/workspace/.git.path \/github\/runner_temp\/git\-credentials\-9e75fd69\-c3af\-487e\-b306\-7064faf9635a\.config
2026-09-10T17:57:58.6000583Z [command]/usr/bin/git config --local --get-all includeif.gitdir:/github/workspace/.git/worktrees/*.path
2026-09-10T17:57:58.6024711Z /github/runner_temp/git-credentials-9e75fd69-c3af-487e-b306-7064faf9635a.config
2026-09-10T17:57:58.6037603Z [command]/usr/bin/git config --local --unset includeif.gitdir:/github/workspace/.git/worktrees/*.path \/github\/runner_temp\/git\-credentials\-9e75fd69\-c3af\-487e\-b306\-7064faf9635a\.config
2026-09-10T17:57:58.6065913Z [command]/usr/bin/git submodule foreach --recursive git config --local --show-origin --name-only --get-regexp remote.origin.url
2026-09-10T17:57:58.6272608Z Removing credentials config '/home/runner/work/_temp/git-credentials-9e75fd69-c3af-487e-b306-7064faf9635a.config'
2026-09-10T17:57:58.6422041Z Cleaning up orphan processes
2026-09-10T17:57:58.6732708Z ##[warning]Node.js 20 is deprecated. The following actions target Node.js 20 but are being forced to run on Node.js 24: actions/upload-artifact@ea165f8d65b6e75b540449e92b4886f43607fa02. For more information see: https://github.blog/changelog/2025-09-19-deprecation-of-node-20-on-github-actions-runners/
