condition	point	a	b	pivot	pivot_value	weight_before
0	0	0	0	0	1	0
1	0	0	1	1	1	2
2	0	0	2	2	1	4
3	0	0	3	3	1	6
4	0	0	4	4	1	8
5	0	0	5	5	1	10
6	0	0	6	6	1	12
7	0	0	7	7	1	14
8	0	0	8	8	1	16
9	0	0	9	9	1	18
10	0	0	10	10	1	20
11	0	0	11	11	1	22
12	0	0	12	12	1	24
13	0	0	13	13	1	26
14	0	0	14	14	1	28
15	0	0	15	15	1	30
16	0	0	16	16	1	32
17	0	0	17	17	1	34
18	0	0	18	18	1	36
19	0	0	19	19	1	38
20	0	0	20	20	1	40
21	0	0	21	21	1	42
22	0	0	22	22	1	44
23	0	0	23	23	1	46
24	0	0	24	24	1	48
25	0	0	25	25	1	50
26	0	0	26	26	1	52
27	0	0	27	27	1	54
28	0	0	28	28	1	56
29	0	0	29	29	1	58
30	0	0	30	30	1	60
31	0	0	31	31	1	62
32	0	0	32	32	1	64
33	0	0	33	33	1	66
34	0	0	34	34	1	68
35	0	0	35	35	1	70
36	0	0	36	36	1	72
37	0	0	37	37	1	74
38	0	0	38	38	1	76
39	0	0	39	39	1	78
40	0	0	40	40	1	80
41	0	0	41	41	1	82
42	0	0	42	42	1	84
43	0	0	43	43	1	86
44	0	0	44	44	1	88
45	0	0	45	45	1	90
46	0	0	46	46	1	92
47	0	0	47	47	1	94
48	0	0	48	48	1	96
49	0	0	49	49	1	98
50	0	0	50	50	1	100
51	0	0	51	51	1	102
52	0	0	52	52	1	104
53	0	0	53	53	1	106
54	0	0	54	54	1	108
55	0	0	55	55	1	110
56	0	0	56	56	1	112
57	0	0	57	57	1	114
58	0	0	58	58	1	116
59	0	0	59	59	1	118
60	0	0	60	60	1	120
61	0	0	61	61	1	122
62	0	0	62	62	1	124
63	0	0	63	63	1	126
64	0	0	64	64	1	128
65	0	0	65	65	1	130
66	0	0	66	66	1	132
67	0	0	67	67	1	134
68	0	0	68	68	1	136
69	0	0	69	69	1	138
70	0	0	70	70	1	140
71	0	0	71	71	1	142
72	0	1	0	0	1	1
73	0	1	1	1	1	3
74	0	1	2	2	1	5
75	0	1	3	3	1	7
76	0	1	4	4	1	9
77	0	1	5	5	1	11
78	0	1	6	6	1	13
79	0	1	7	7	1	15
80	0	1	8	8	1	17
81	0	1	9	9	1	19
82	0	1	10	10	1	21
83	0	1	11	11	1	23
84	0	1	12	12	1	25
85	0	1	13	13	1	27
86	0	1	14	14	1	29
87	0	1	15	15	1	31
88	0	1	16	16	1	33
89	0	1	17	17	1	35
90	0	1	18	18	1	37
91	0	1	19	19	1	39
92	0	1	20	20	1	41
93	0	1	21	21	1	43
94	0	1	22	22	1	45
95	0	1	23	23	1	47
96	0	1	24	24	1	49
97	0	1	25	25	1	51
98	0	1	26	26	1	53
99	0	1	27	27	1	55
100	0	1	28	28	1	57
101	0	1	29	29	1	59
102	0	1	30	30	1	61
103	0	1	31	31	1	63
104	0	1	32	32	1	65
105	0	1	33	33	1	67
106	0	1	34	34	1	69
107	0	1	35	35	1	71
108	0	1	36	36	1	73
109	0	1	37	37	1	75
110	0	1	38	38	1	77
111	0	1	39	39	1	79
112	0	1	40	40	1	81
113	0	1	41	41	1	83
114	0	1	42	42	1	85
115	0	1	43	43	1	87
116	0	1	44	44	1	89
117	0	1	45	45	1	91
118	0	1	46	46	1	93
119	0	1	47	47	1	95
120	0	1	48	48	1	97
121	0	1	49	49	1	99
122	0	1	50	50	1	101
123	0	1	51	51	1	103
124	0	1	52	52	1	105
125	0	1	53	53	1	107
126	0	1	54	54	1	109
127	0	1	55	55	1	111
128	0	1	56	56	1	113
129	0	1	57	57	1	115
130	0	1	58	58	1	117
131	0	1	59	59	1	119
132	0	1	60	60	1	121
133	0	1	61	61	1	123
134	0	1	62	62	1	125
135	0	1	63	63	1	127
136	0	1	64	64	1	129
137	0	1	65	65	1	131
138	0	1	66	66	1	133
139	0	1	67	67	1	135
140	0	1	68	68	1	137
141	0	1	69	69	1	139
142	0	1	70	70	1	141
143	0	2	0	0	1	2
144	0	2	1	1	1	4
145	0	2	2	2	1	6
146	0	2	3	3	1	8
147	0	2	4	4	1	10
148	0	2	5	5	1	12
149	0	2	6	6	1	14
150	0	2	7	7	1	16
151	0	2	8	8	1	18
152	0	2	9	9	1	20
153	0	2	10	10	1	22
154	0	2	11	11	1	24
155	0	2	12	12	1	26
156	0	2	13	13	1	28
157	0	2	14	14	1	30
158	0	2	15	15	1	32
159	0	2	16	16	1	34
160	0	2	17	17	1	36
161	0	2	18	18	1	38
162	0	2	19	19	1	40
163	0	2	20	20	1	42
164	0	2	21	21	1	44
165	0	2	22	22	1	46
166	0	2	23	23	1	48
167	0	2	24	24	1	50
168	0	2	25	25	1	52
169	0	2	26	26	1	54
170	0	2	27	27	1	56
171	0	2	28	28	1	58
172	0	2	29	29	1	60
173	0	2	30	30	1	62
174	0	2	31	31	1	64
175	0	2	32	32	1	66
176	0	2	33	33	1	68
177	0	2	34	34	1	70
178	0	2	35	35	1	72
179	0	2	36	36	1	74
180	0	2	37	37	1	76
181	0	2	38	38	1	78
182	0	2	39	39	1	80
183	0	2	40	40	1	82
184	0	2	41	41	1	84
185	0	2	42	42	1	86
186	0	2	43	43	1	88
187	0	2	44	44	1	90
188	0	2	45	45	1	92
189	0	2	46	46	1	94
190	0	2	47	47	1	96
191	0	2	48	48	1	98
192	0	2	49	49	1	100
193	0	2	50	50	1	102
194	0	2	51	51	1	104
195	0	2	52	52	1	106
196	0	2	53	53	1	108
197	0	2	54	54	1	110
198	0	2	55	55	1	112
199	0	2	56	56	1	114
200	0	2	57	57	1	116
201	0	2	58	58	1	118
202	0	2	59	59	1	120
203	0	2	60	60	1	122
204	0	2	61	61	1	124
205	0	2	62	62	1	126
206	0	2	63	63	1	128
207	0	2	64	64	1	130
208	0	2	65	65	1	132
209	0	2	66	66	1	134
210	0	2	67	67	1	136
211	0	2	68	68	1	138
212	0	2	69	69	1	140
213	0	3	0	0	1	3
214	0	3	1	1	1	5
215	0	3	2	2	1	7
216	0	3	3	3	1	9
217	0	3	4	4	1	11
218	0	3	5	5	1	13
219	0	3	6	6	1	15
220	0	3	7	7	1	17
221	0	3	8	8	1	19
222	0	3	9	9	1	21
223	0	3	10	10	1	23
224	0	3	11	11	1	25
225	0	3	12	12	1	27
226	0	3	13	13	1	29
227	0	3	14	14	1	31
228	0	3	15	15	1	33
229	0	3	16	16	1	35
230	0	3	17	17	1	37
231	0	3	18	18	1	39
232	0	3	19	19	1	41
233	0	3	20	20	1	43
234	0	3	21	21	1	45
235	0	3	22	22	1	47
236	0	3	23	23	1	49
237	0	3	24	24	1	51
238	0	3	25	25	1	53
239	0	3	26	26	1	55
240	0	3	27	27	1	57
241	0	3	28	28	1	59
242	0	3	29	29	1	61
243	0	3	30	30	1	63
244	0	3	31	31	1	65
245	0	3	32	32	1	67
246	0	3	33	33	1	69
247	0	3	34	34	1	71
248	0	3	35	35	1	73
249	0	3	36	36	1	75
250	0	3	37	37	1	77
251	0	3	38	38	1	79
252	0	3	39	39	1	81
253	0	3	40	40	1	83
254	0	3	41	41	1	85
255	0	3	42	42	1	87
256	0	3	43	43	1	89
257	0	3	44	44	1	91
258	0	3	45	45	1	93
259	0	3	46	46	1	95
260	0	3	47	47	1	97
261	0	3	48	48	1	99
262	0	3	49	49	1	101
263	0	3	50	50	1	103
264	0	3	51	51	1	105
265	0	3	52	52	1	107
266	0	3	53	53	1	109
267	0	3	54	54	1	111
268	0	3	55	55	1	113
269	0	3	56	56	1	115
270	0	3	57	57	1	117
271	0	3	58	58	1	119
272	0	3	59	59	1	121
273	0	3	60	60	1	123
274	0	3	61	61	1	125
275	0	3	62	62	1	127
276	0	3	63	63	1	129
277	0	3	64	64	1	131
278	0	3	65	65	1	133
279	0	3	66	66	1	135
280	0	3	67	67	1	137
281	0	3	68	68	1	139
282	0	4	0	0	1	4
283	0	4	1	1	1	6
284	0	4	2	2	1	8
285	0	4	3	3	1	10
286	0	4	4	4	1	12
287	0	4	5	5	1	14
288	0	4	6	6	1	16
289	0	4	7	7	1	18
290	0	4	8	8	1	20
291	0	4	9	9	1	22
292	0	4	10	10	1	24
293	0	4	11	11	1	26
294	0	4	12	12	1	28
295	0	4	13	13	1	30
296	0	4	14	14	1	32
297	0	4	15	15	1	34
298	0	4	16	16	1	36
299	0	4	17	17	1	38
300	0	4	18	18	1	40
301	0	4	19	19	1	42
302	0	4	20	20	1	44
303	0	4	21	21	1	46
304	0	4	22	22	1	48
305	0	4	23	23	1	50
306	0	4	24	24	1	52
307	0	4	25	25	1	54
308	0	4	26	26	1	56
309	0	4	27	27	1	58
310	0	4	28	28	1	60
311	0	4	29	29	1	62
312	0	4	30	30	1	64
313	0	4	31	31	1	66
314	0	4	32	32	1	68
315	0	4	33	33	1	70
316	0	4	34	34	1	72
317	0	4	35	35	1	74
318	0	4	36	36	1	76
319	0	4	37	37	1	78
320	0	4	38	38	1	80
321	0	4	39	39	1	82
322	0	4	40	40	1	84
323	0	4	41	41	1	86
324	0	4	42	42	1	88
325	0	4	43	43	1	90
326	0	4	44	44	1	92
327	0	4	45	45	1	94
328	0	4	46	46	1	96
329	0	4	47	47	1	98
330	0	4	48	48	1	100
331	0	4	49	49	1	102
332	0	4	50	50	1	104
333	0	4	51	51	1	106
334	0	4	52	52	1	108
335	0	4	53	53	1	110
336	0	4	54	54	1	112
337	0	4	55	55	1	114
338	0	4	56	56	1	116
339	0	4	57	57	1	118
340	0	4	58	58	1	120
341	0	4	59	59	1	122
342	0	4	60	60	1	124
343	0	4	61	61	1	126
344	0	4	62	62	1	128
345	0	4	63	63	1	130
346	0	4	64	64	1	132
347	0	4	65	65	1	134
348	0	4	66	66	1	136
349	0	4	67	67	1	138
350	0	5	0	0	1	5
351	0	5	1	1	1	7
352	0	5	2	2	1	9
353	0	5	3	3	1	11
354	0	5	4	4	1	13
355	0	5	5	5	1	15
356	0	5	6	6	1	17
357	0	5	7	7	1	19
358	0	5	8	8	1	21
359	0	5	9	9	1	23
360	0	5	10	10	1	25
361	0	5	11	11	1	27
362	0	5	12	12	1	29
363	0	5	13	13	1	31
364	0	5	14	14	1	33
365	0	5	15	15	1	35
366	0	5	16	16	1	37
367	0	5	17	17	1	39
368	0	5	18	18	1	41
369	0	5	19	19	1	43
370	0	5	20	20	1	45
371	0	5	21	21	1	47
372	0	5	22	22	1	49
373	0	5	23	23	1	51
374	0	5	24	24	1	53
375	0	5	25	25	1	55
376	0	5	26	26	1	57
377	0	5	27	27	1	59
378	0	5	28	28	1	61
379	0	5	29	29	1	63
380	0	5	30	30	1	65
381	0	5	31	31	1	67
382	0	5	32	32	1	69
383	0	5	33	33	1	71
384	0	5	34	34	1	73
385	0	5	35	35	1	75
386	0	5	36	36	1	77
387	0	5	37	37	1	79
388	0	5	38	38	1	81
389	0	5	39	39	1	83
390	0	5	40	40	1	85
391	0	5	41	41	1	87
392	0	5	42	42	1	89
393	0	5	43	43	1	91
394	0	5	44	44	1	93
395	0	5	45	45	1	95
396	0	5	46	46	1	97
397	0	5	47	47	1	99
398	0	5	48	48	1	101
399	0	5	49	49	1	103
400	0	5	50	50	1	105
401	0	5	51	51	1	107
402	0	5	52	52	1	109
403	0	5	53	53	1	111
404	0	5	54	54	1	113
405	0	5	55	55	1	115
406	0	5	56	56	1	117
407	0	5	57	57	1	119
408	0	5	58	58	1	121
409	0	5	59	59	1	123
410	0	5	60	60	1	125
411	0	5	61	61	1	127
412	0	5	62	62	1	129
413	0	5	63	63	1	131
414	0	5	64	64	1	133
415	0	5	65	65	1	135
416	0	5	66	66	1	137
417	0	6	0	0	1	6
418	0	6	1	1	1	8
419	0	6	2	2	1	10
420	0	6	3	3	1	12
421	0	6	4	4	1	14
422	0	6	5	5	1	16
423	0	6	6	6	1	18
424	0	6	7	7	1	20
425	0	6	8	8	1	22
426	0	6	9	9	1	24
427	0	6	10	10	1	26
428	0	6	11	11	1	28
429	0	6	12	12	1	30
430	0	6	13	13	1	32
431	0	6	14	14	1	34
432	0	6	15	15	1	36
433	0	6	16	16	1	38
434	0	6	17	17	1	40
435	0	6	18	18	1	42
436	0	6	19	19	1	44
437	0	6	20	20	1	46
438	0	6	21	21	1	48
439	0	6	22	22	1	50
440	0	6	23	23	1	52
441	0	6	24	24	1	54
442	0	6	25	25	1	56
443	0	6	26	26	1	58
444	0	6	27	27	1	60
445	0	6	28	28	1	62
446	0	6	29	29	1	64
447	0	6	30	30	1	66
448	0	6	31	31	1	68
449	0	6	32	32	1	70
450	0	6	33	33	1	72
451	0	6	34	34	1	74
452	0	6	35	35	1	76
453	0	6	36	36	1	78
454	0	6	37	37	1	80
455	0	6	38	38	1	82
456	0	6	39	39	1	84
457	0	6	40	40	1	86
458	0	6	41	41	1	88
459	0	6	42	42	1	90
460	0	6	43	43	1	92
461	0	6	44	44	1	94
462	0	6	45	45	1	96
463	0	6	46	46	1	98
464	0	6	47	47	1	100
465	0	6	48	48	1	102
466	0	6	49	49	1	104
467	0	6	50	50	1	106
468	0	6	51	51	1	108
469	0	6	52	52	1	110
470	0	6	53	53	1	112
471	0	6	54	54	1	114
472	0	6	55	55	1	116
473	0	6	56	56	1	118
474	0	6	57	57	1	120
475	0	6	58	58	1	122
476	0	6	59	59	1	124
477	0	6	60	60	1	126
478	0	6	61	61	1	128
479	0	6	62	62	1	130
480	0	6	63	63	1	132
481	0	6	64	64	1	134
482	0	6	65	65	1	136
483	0	7	0	0	1	7
484	0	7	1	1	1	9
485	0	7	2	2	1	11
486	0	7	3	3	1	13
487	0	7	4	4	1	15
488	0	7	5	5	1	17
489	0	7	6	6	1	19
490	0	7	7	7	1	21
491	0	7	8	8	1	23
492	0	7	9	9	1	25
493	0	7	10	10	1	27
494	0	7	11	11	1	29
495	0	7	12	12	1	31
496	0	7	13	13	1	33
497	0	7	14	14	1	35
498	0	7	15	15	1	37
499	0	7	16	16	1	39
500	0	7	17	17	1	41
501	0	7	18	18	1	43
502	0	7	19	19	1	45
503	0	7	20	20	1	47
504	0	7	21	21	1	49
505	0	7	22	22	1	51
506	0	7	23	23	1	53
507	0	7	24	24	1	55
508	0	7	25	25	1	57
509	0	7	26	26	1	59
510	0	7	27	27	1	61
511	0	7	28	28	1	63
512	0	7	29	29	1	65
513	0	7	30	30	1	67
514	0	7	31	31	1	69
515	0	7	32	32	1	71
516	0	7	33	33	1	73
517	0	7	34	34	1	75
518	0	7	35	35	1	77
519	0	7	36	36	1	79
520	0	7	37	37	1	81
521	0	7	38	38	1	83
522	0	7	39	39	1	85
523	0	7	40	40	1	87
524	0	7	41	41	1	89
525	0	7	42	42	1	91
526	0	7	43	43	1	93
527	0	7	44	44	1	95
528	0	7	45	45	1	97
529	0	7	46	46	1	99
530	0	7	47	47	1	101
531	0	7	48	48	1	103
532	0	7	49	49	1	105
533	0	7	50	50	1	107
534	0	7	51	51	1	109
535	0	7	52	52	1	111
536	0	7	53	53	1	113
537	0	7	54	54	1	115
538	0	7	55	55	1	117
539	0	7	56	56	1	119
540	0	7	57	57	1	121
541	0	7	58	58	1	123
542	0	7	59	59	1	125
543	0	7	60	60	1	127
544	0	7	61	61	1	129
545	0	7	62	62	1	131
546	0	7	63	63	1	133
547	0	7	64	64	1	135
548	0	8	0	0	1	8
549	0	8	1	1	1	10
550	0	8	2	2	1	12
551	0	8	3	3	1	14
552	0	8	4	4	1	16
553	0	8	5	5	1	18
554	0	8	6	6	1	20
555	0	8	7	7	1	22
556	0	8	8	8	1	24
557	0	8	9	9	1	26
558	0	8	10	10	1	28
559	0	8	11	11	1	30
560	0	8	12	12	1	32
561	0	8	13	13	1	34
562	0	8	14	14	1	36
563	0	8	15	15	1	38
564	0	8	16	16	1	40
565	0	8	17	17	1	42
566	0	8	18	18	1	44
567	0	8	19	19	1	46
568	0	8	20	20	1	48
569	0	8	21	21	1	50
570	0	8	22	22	1	52
571	0	8	23	23	1	54
572	0	8	24	24	1	56
573	0	8	25	25	1	58
574	0	8	26	26	1	60
575	0	8	27	27	1	62
576	0	8	28	28	1	64
577	0	8	29	29	1	66
578	0	8	30	30	1	68
579	0	8	31	31	1	70
580	0	8	32	32	1	72
581	0	8	33	33	1	74
582	0	8	34	34	1	76
583	0	8	35	35	1	78
584	0	8	36	36	1	80
585	0	8	37	37	1	82
586	0	8	38	38	1	84
587	0	8	39	39	1	86
588	0	8	40	40	1	88
589	0	8	41	41	1	90
590	0	8	42	42	1	92
591	0	8	43	43	1	94
592	0	8	44	44	1	96
593	0	8	45	45	1	98
594	0	8	46	46	1	100
595	0	8	47	47	1	102
596	0	8	48	48	1	104
597	0	8	49	49	1	106
598	0	8	50	50	1	108
599	0	8	51	51	1	110
600	0	8	52	52	1	112
601	0	8	53	53	1	114
602	0	8	54	54	1	116
603	0	8	55	55	1	118
604	0	8	56	56	1	120
605	0	8	57	57	1	122
606	0	8	58	58	1	124
607	0	8	59	59	1	126
608	0	8	60	60	1	128
609	0	8	61	61	1	130
610	0	8	62	62	1	132
611	0	8	63	63	1	134
612	0	9	0	0	1	9
613	0	9	1	1	1	11
614	0	9	2	2	1	13
615	0	9	3	3	1	15
616	0	9	4	4	1	17
617	0	9	5	5	1	19
618	0	9	6	6	1	21
619	0	9	7	7	1	23
620	0	9	8	8	1	25
621	0	9	9	9	1	27
622	0	9	10	10	1	29
623	0	9	11	11	1	31
624	0	9	12	12	1	33
625	0	9	13	13	1	35
626	0	9	14	14	1	37
627	0	9	15	15	1	39
628	0	9	16	16	1	41
629	0	9	17	17	1	43
630	0	9	18	18	1	45
631	0	9	19	19	1	47
632	0	9	20	20	1	49
633	0	9	21	21	1	51
634	0	9	22	22	1	53
635	0	9	23	23	1	55
636	0	9	24	24	1	57
637	0	9	25	25	1	59
638	0	9	26	26	1	61
639	0	9	27	27	1	63
640	0	9	28	28	1	65
641	0	9	29	29	1	67
642	0	9	30	30	1	69
643	0	9	31	31	1	71
644	0	9	32	32	1	73
645	0	9	33	33	1	75
646	0	9	34	34	1	77
647	0	9	35	35	1	79
648	0	9	36	36	1	81
649	0	9	37	37	1	83
650	0	9	38	38	1	85
651	0	9	39	39	1	87
652	0	9	40	40	1	89
653	0	9	41	41	1	91
654	0	9	42	42	1	93
655	0	9	43	43	1	95
656	0	9	44	44	1	97
657	0	9	45	45	1	99
658	0	9	46	46	1	101
659	0	9	47	47	1	103
660	0	9	48	48	1	105
661	0	9	49	49	1	107
662	0	9	50	50	1	109
663	0	9	51	51	1	111
664	0	9	52	52	1	113
665	0	9	53	53	1	115
666	0	9	54	54	1	117
667	0	9	55	55	1	119
668	0	9	56	56	1	121
669	0	9	57	57	1	123
670	0	9	58	58	1	125
671	0	9	59	59	1	127
672	0	9	60	60	1	129
673	0	9	61	61	1	131
674	0	9	62	62	1	133
675	0	10	0	0	1	10
676	0	10	1	1	1	12
677	0	10	2	2	1	14
678	0	10	3	3	1	16
679	0	10	4	4	1	18
680	0	10	5	5	1	20
681	0	10	6	6	1	22
682	0	10	7	7	1	24
683	0	10	8	8	1	26
684	0	10	9	9	1	28
685	0	10	10	10	1	30
686	0	10	11	11	1	32
687	0	10	12	12	1	34
688	0	10	13	13	1	36
689	0	10	14	14	1	38
690	0	10	15	15	1	40
691	0	10	16	16	1	42
692	0	10	17	17	1	44
693	0	10	18	18	1	46
694	0	10	19	19	1	48
695	0	10	20	20	1	50
696	0	10	21	21	1	52
697	0	10	22	22	1	54
698	0	10	23	23	1	56
699	0	10	24	24	1	58
700	0	10	25	25	1	60
701	0	10	26	26	1	62
702	0	10	27	27	1	64
703	0	10	28	28	1	66
704	0	10	29	29	1	68
705	0	10	30	30	1	70
706	0	10	31	31	1	72
707	0	10	32	32	1	74
708	0	10	33	33	1	76
709	0	10	34	34	1	78
710	0	10	35	35	1	80
711	0	10	36	36	1	82
712	0	10	37	37	1	84
713	0	10	38	38	1	86
714	0	10	39	39	1	88
715	0	10	40	40	1	90
716	0	10	41	41	1	92
717	0	10	42	42	1	94
718	0	10	43	43	1	96
719	0	10	44	44	1	98
720	0	10	45	45	1	100
721	0	10	46	46	1	102
722	0	10	47	47	1	104
723	0	10	48	48	1	106
724	0	10	49	49	1	108
725	0	10	50	50	1	110
726	0	10	51	51	1	112
727	0	10	52	52	1	114
728	0	10	53	53	1	116
729	0	10	54	54	1	118
730	0	10	55	55	1	120
731	0	10	56	56	1	122
732	0	10	57	57	1	124
733	0	10	58	58	1	126
734	0	10	59	59	1	128
735	0	10	60	60	1	130
736	0	10	61	61	1	132
737	0	11	0	0	1	11
738	0	11	1	1	1	13
739	0	11	2	2	1	15
740	0	11	3	3	1	17
741	0	11	4	4	1	19
742	0	11	5	5	1	21
743	0	11	6	6	1	23
744	0	11	7	7	1	25
745	0	11	8	8	1	27
746	0	11	9	9	1	29
747	0	11	10	10	1	31
748	0	11	11	11	1	33
749	0	11	12	12	1	35
750	0	11	13	13	1	37
751	0	11	14	14	1	39
752	0	11	15	15	1	41
753	0	11	16	16	1	43
754	0	11	17	17	1	45
755	0	11	18	18	1	47
756	0	11	19	19	1	49
757	0	11	20	20	1	51
758	0	11	21	21	1	53
759	0	11	22	22	1	55
760	0	11	23	23	1	57
761	0	11	24	24	1	59
762	0	11	25	25	1	61
763	0	11	26	26	1	63
764	0	11	27	27	1	65
765	0	11	28	28	1	67
766	0	11	29	29	1	69
767	0	11	30	30	1	71
768	0	11	31	31	1	73
769	0	11	32	32	1	75
770	0	11	33	33	1	77
771	0	11	34	34	1	79
772	0	11	35	35	1	81
773	0	11	36	36	1	83
774	0	11	37	37	1	85
775	0	11	38	38	1	87
776	0	11	39	39	1	89
777	0	11	40	40	1	91
778	0	11	41	41	1	93
779	0	11	42	42	1	95
780	0	11	43	43	1	97
781	0	11	44	44	1	99
782	0	11	45	45	1	101
783	0	11	46	46	1	103
784	0	11	47	47	1	105
785	0	11	48	48	1	107
786	0	11	49	49	1	109
787	0	11	50	50	1	111
788	0	11	51	51	1	113
789	0	11	52	52	1	115
790	0	11	53	53	1	117
791	0	11	54	54	1	119
792	0	11	55	55	1	121
793	0	11	56	56	1	123
794	0	11	57	57	1	125
795	0	11	58	58	1	127
796	0	11	59	59	1	129
797	0	11	60	60	1	131
798	0	12	0	0	1	12
799	0	12	1	1	1	14
800	0	12	2	2	1	16
801	0	12	3	3	1	18
802	0	12	4	4	1	20
803	0	12	5	5	1	22
804	0	12	6	6	1	24
805	0	12	7	7	1	26
806	0	12	8	8	1	28
807	0	12	9	9	1	30
808	0	12	10	10	1	32
809	0	12	11	11	1	34
810	0	12	12	12	1	36
811	0	12	13	13	1	38
812	0	12	14	14	1	40
813	0	12	15	15	1	42
814	0	12	16	16	1	44
815	0	12	17	17	1	46
816	0	12	18	18	1	48
817	0	12	19	19	1	50
818	0	12	20	20	1	52
819	0	12	21	21	1	54
820	0	12	22	22	1	56
821	0	12	23	23	1	58
822	0	12	24	24	1	60
823	0	12	25	25	1	62
824	0	12	26	26	1	64
825	0	12	27	27	1	66
826	0	12	28	28	1	68
827	0	12	29	29	1	70
828	0	12	30	30	1	72
829	0	12	31	31	1	74
830	0	12	32	32	1	76
831	0	12	33	33	1	78
832	0	12	34	34	1	80
833	0	12	35	35	1	82
834	0	12	36	36	1	84
835	0	12	37	37	1	86
836	0	12	38	38	1	88
837	0	12	39	39	1	90
838	0	12	40	40	1	92
839	0	12	41	41	1	94
840	0	12	42	42	1	96
841	0	12	43	43	1	98
842	0	12	44	44	1	100
843	0	12	45	45	1	102
844	0	12	46	46	1	104
845	0	12	47	47	1	106
846	0	12	48	48	1	108
847	0	12	49	49	1	110
848	0	12	50	50	1	112
849	0	12	51	51	1	114
850	0	12	52	52	1	116
851	0	12	53	53	1	118
852	0	12	54	54	1	120
853	0	12	55	55	1	122
854	0	12	56	56	1	124
855	0	12	57	57	1	126
856	0	12	58	58	1	128
857	0	12	59	59	1	130
858	0	13	0	0	1	13
859	0	13	1	1	1	15
860	0	13	2	2	1	17
861	0	13	3	3	1	19
862	0	13	4	4	1	21
863	0	13	5	5	1	23
864	0	13	6	6	1	25
865	0	13	7	7	1	27
866	0	13	8	8	1	29
867	0	13	9	9	1	31
868	0	13	10	10	1	33
869	0	13	11	11	1	35
870	0	13	12	12	1	37
871	0	13	13	13	1	39
872	0	13	14	14	1	41
873	0	13	15	15	1	43
874	0	13	16	16	1	45
875	0	13	17	17	1	47
876	0	13	18	18	1	49
877	0	13	19	19	1	51
878	0	13	20	20	1	53
879	0	13	21	21	1	55
880	0	13	22	22	1	57
881	0	13	23	23	1	59
882	0	13	24	24	1	61
883	0	13	25	25	1	63
884	0	13	26	26	1	65
885	0	13	27	27	1	67
886	0	13	28	28	1	69
887	0	13	29	29	1	71
888	0	13	30	30	1	73
889	0	13	31	31	1	75
890	0	13	32	32	1	77
891	0	13	33	33	1	79
892	0	13	34	34	1	81
893	0	13	35	35	1	83
894	0	13	36	36	1	85
895	0	13	37	37	1	87
896	0	13	38	38	1	89
897	0	13	39	39	1	91
898	0	13	40	40	1	93
899	0	13	41	41	1	95
900	0	13	42	42	1	97
901	0	13	43	43	1	99
902	0	13	44	44	1	101
903	0	13	45	45	1	103
904	0	13	46	46	1	105
905	0	13	47	47	1	107
906	0	13	48	48	1	109
907	0	13	49	49	1	111
908	0	13	50	50	1	113
909	0	13	51	51	1	115
910	0	13	52	52	1	117
911	0	13	53	53	1	119
912	0	13	54	54	1	121
913	0	13	55	55	1	123
914	0	13	56	56	1	125
915	0	13	57	57	1	127
916	0	13	58	58	1	129
917	0	14	0	0	1	14
918	0	14	1	1	1	16
919	0	14	2	2	1	18
920	0	14	3	3	1	20
921	0	14	4	4	1	22
922	0	14	5	5	1	24
923	0	14	6	6	1	26
924	0	14	7	7	1	28
925	0	14	8	8	1	30
926	0	14	9	9	1	32
927	0	14	10	10	1	34
928	0	14	11	11	1	36
929	0	14	12	12	1	38
930	0	14	13	13	1	40
931	0	14	14	14	1	42
932	0	14	15	15	1	44
933	0	14	16	16	1	46
934	0	14	17	17	1	48
935	0	14	18	18	1	50
936	0	14	19	19	1	52
937	0	14	20	20	1	54
938	0	14	21	21	1	56
939	0	14	22	22	1	58
940	0	14	23	23	1	60
941	0	14	24	24	1	62
942	0	14	25	25	1	64
943	0	14	26	26	1	66
944	0	14	27	27	1	68
945	0	14	28	28	1	70
946	0	14	29	29	1	72
947	0	14	30	30	1	74
948	0	14	31	31	1	76
949	0	14	32	32	1	78
950	0	14	33	33	1	80
951	0	14	34	34	1	82
952	0	14	35	35	1	84
953	0	14	36	36	1	86
954	0	14	37	37	1	88
955	0	14	38	38	1	90
956	0	14	39	39	1	92
957	0	14	40	40	1	94
958	0	14	41	41	1	96
959	0	14	42	42	1	98
960	0	14	43	43	1	100
961	0	14	44	44	1	102
962	0	14	45	45	1	104
963	0	14	46	46	1	106
964	0	14	47	47	1	108
965	0	14	48	48	1	110
966	0	14	49	49	1	112
967	0	14	50	50	1	114
968	0	14	51	51	1	116
969	0	14	52	52	1	118
970	0	14	53	53	1	120
971	0	14	54	54	1	122
972	0	14	55	55	1	124
973	0	14	56	56	1	126
974	0	14	57	57	1	128
975	0	15	0	0	1	15
976	0	15	1	1	1	17
977	0	15	2	2	1	19
978	0	15	3	3	1	21
979	0	15	4	4	1	23
980	0	15	5	5	1	25
981	0	15	6	6	1	27
982	0	15	7	7	1	29
983	0	15	8	8	1	31
984	0	15	9	9	1	33
985	0	15	10	10	1	35
986	0	15	11	11	1	37
987	0	15	12	12	1	39
988	0	15	13	13	1	41
989	0	15	14	14	1	43
990	0	15	15	15	1	45
991	0	15	16	16	1	47
992	0	15	17	17	1	49
993	0	15	18	18	1	51
994	0	15	19	19	1	53
995	0	15	20	20	1	55
996	0	15	21	21	1	57
997	0	15	22	22	1	59
998	0	15	23	23	1	61
999	0	15	24	24	1	63
1000	0	15	25	25	1	65
1001	0	15	26	26	1	67
1002	0	15	27	27	1	69
1003	0	15	28	28	1	71
1004	0	15	29	29	1	73
1005	0	15	30	30	1	75
1006	0	15	31	31	1	77
1007	0	15	32	32	1	79
1008	0	15	33	33	1	81
1009	0	15	34	34	1	83
1010	0	15	35	35	1	85
1011	0	15	36	36	1	87
1012	0	15	37	37	1	89
1013	0	15	38	38	1	91
1014	0	15	39	39	1	93
1015	0	15	40	40	1	95
1016	0	15	41	41	1	97
1017	0	15	42	42	1	99
1018	0	15	43	43	1	101
1019	0	15	44	44	1	103
1020	0	15	45	45	1	105
1021	0	15	46	46	1	107
1022	0	15	47	47	1	109
1023	0	15	48	48	1	111
1024	0	15	49	49	1	113
1025	0	15	50	50	1	115
1026	0	15	51	51	1	117
1027	0	15	52	52	1	119
1028	0	15	53	53	1	121
1029	0	15	54	54	1	123
1030	0	15	55	55	1	125
1031	0	15	56	56	1	127
1032	0	16	0	0	1	16
1033	0	16	1	1	1	18
1034	0	16	2	2	1	20
1035	0	16	3	3	1	22
1036	0	16	4	4	1	24
1037	0	16	5	5	1	26
1038	0	16	6	6	1	28
1039	0	16	7	7	1	30
1040	0	16	8	8	1	32
1041	0	16	9	9	1	34
1042	0	16	10	10	1	36
1043	0	16	11	11	1	38
1044	0	16	12	12	1	40
1045	0	16	13	13	1	42
1046	0	16	14	14	1	44
1047	0	16	15	15	1	46
1048	0	16	16	16	1	48
1049	0	16	17	17	1	50
1050	0	16	18	18	1	52
1051	0	16	19	19	1	54
1052	0	16	20	20	1	56
1053	0	16	21	21	1	58
1054	0	16	22	22	1	60
1055	0	16	23	23	1	62
1056	0	16	24	24	1	64
1057	0	16	25	25	1	66
1058	0	16	26	26	1	68
1059	0	16	27	27	1	70
1060	0	16	28	28	1	72
1061	0	16	29	29	1	74
1062	0	16	30	30	1	76
1063	0	16	31	31	1	78
1064	0	16	32	32	1	80
1065	0	16	33	33	1	82
1066	0	16	34	34	1	84
1067	0	16	35	35	1	86
1068	0	16	36	36	1	88
1069	0	16	37	37	1	90
1070	0	16	38	38	1	92
1071	0	16	39	39	1	94
1072	0	16	40	40	1	96
1073	0	16	41	41	1	98
1074	0	16	42	42	1	100
1075	0	16	43	43	1	102
1076	0	16	44	44	1	104
1077	0	16	45	45	1	106
1078	0	16	46	46	1	108
1079	0	16	47	47	1	110
1080	0	16	48	48	1	112
1081	0	16	49	49	1	114
1082	0	16	50	50	1	116
1083	0	16	51	51	1	118
1084	0	16	52	52	1	120
1085	0	16	53	53	1	122
1086	0	16	54	54	1	124
1087	0	16	55	55	1	126
1088	0	17	0	0	1	17
1089	0	17	1	1	1	19
1090	0	17	2	2	1	21
1091	0	17	3	3	1	23
1092	0	17	4	4	1	25
1093	0	17	5	5	1	27
1094	0	17	6	6	1	29
1095	0	17	7	7	1	31
1096	0	17	8	8	1	33
1097	0	17	9	9	1	35
1098	0	17	10	10	1	37
1099	0	17	11	11	1	39
1100	0	17	12	12	1	41
1101	0	17	13	13	1	43
1102	0	17	14	14	1	45
1103	0	17	15	15	1	47
1104	0	17	16	16	1	49
1105	0	17	17	17	1	51
1106	0	17	18	18	1	53
1107	0	17	19	19	1	55
1108	0	17	20	20	1	57
1109	0	17	21	21	1	59
1110	0	17	22	22	1	61
1111	0	17	23	23	1	63
1112	0	17	24	24	1	65
1113	0	17	25	25	1	67
1114	0	17	26	26	1	69
1115	0	17	27	27	1	71
1116	0	17	28	28	1	73
1117	0	17	29	29	1	75
1118	0	17	30	30	1	77
1119	0	17	31	31	1	79
1120	0	17	32	32	1	81
1121	0	17	33	33	1	83
1122	0	17	34	34	1	85
1123	0	17	35	35	1	87
1124	0	17	36	36	1	89
1125	0	17	37	37	1	91
1126	0	17	38	38	1	93
1127	0	17	39	39	1	95
1128	0	17	40	40	1	97
1129	0	17	41	41	1	99
1130	0	17	42	42	1	101
1131	0	17	43	43	1	103
1132	0	17	44	44	1	105
1133	0	17	45	45	1	107
1134	0	17	46	46	1	109
1135	0	17	47	47	1	111
1136	0	17	48	48	1	113
1137	0	17	49	49	1	115
1138	0	17	50	50	1	117
1139	0	17	51	51	1	119
1140	0	17	52	52	1	121
1141	0	17	53	53	1	123
1142	0	17	54	54	1	125
1143	0	18	0	0	1	18
1144	0	18	1	1	1	20
1145	0	18	2	2	1	22
1146	0	18	3	3	1	24
1147	0	18	4	4	1	26
1148	0	18	5	5	1	28
1149	0	18	6	6	1	30
1150	0	18	7	7	1	32
1151	0	18	8	8	1	34
1152	0	18	9	9	1	36
1153	0	18	10	10	1	38
1154	0	18	11	11	1	40
1155	0	18	12	12	1	42
1156	0	18	13	13	1	44
1157	0	18	14	14	1	46
1158	0	18	15	15	1	48
1159	0	18	16	16	1	50
1160	0	18	17	17	1	52
1161	0	18	18	18	1	54
1162	0	18	19	19	1	56
1163	0	18	20	20	1	58
1164	0	18	21	21	1	60
1165	0	18	22	22	1	62
1166	0	18	23	23	1	64
1167	0	18	24	24	1	66
1168	0	18	25	25	1	68
1169	0	18	26	26	1	70
1170	0	18	27	27	1	72
1171	0	18	28	28	1	74
1172	0	18	29	29	1	76
1173	0	18	30	30	1	78
1174	0	18	31	31	1	80
1175	0	18	32	32	1	82
1176	0	18	33	33	1	84
1177	0	18	34	34	1	86
1178	0	18	35	35	1	88
1179	0	18	36	36	1	90
1180	0	18	37	37	1	92
1181	0	18	38	38	1	94
1182	0	18	39	39	1	96
1183	0	18	40	40	1	98
1184	0	18	41	41	1	100
1185	0	18	42	42	1	102
1186	0	18	43	43	1	104
1187	0	18	44	44	1	106
1188	0	18	45	45	1	108
1189	0	18	46	46	1	110
1190	0	18	47	47	1	112
1191	0	18	48	48	1	114
1192	0	18	49	49	1	116
1193	0	18	50	50	1	118
1194	0	18	51	51	1	120
1195	0	18	52	52	1	122
1196	0	18	53	53	1	124
1197	0	19	0	0	1	19
1198	0	19	1	1	1	21
1199	0	19	2	2	1	23
1200	0	19	3	3	1	25
1201	0	19	4	4	1	27
1202	0	19	5	5	1	29
1203	0	19	6	6	1	31
1204	0	19	7	7	1	33
1205	0	19	8	8	1	35
1206	0	19	9	9	1	37
1207	0	19	10	10	1	39
1208	0	19	11	11	1	41
1209	0	19	12	12	1	43
1210	0	19	13	13	1	45
1211	0	19	14	14	1	47
1212	0	19	15	15	1	49
1213	0	19	16	16	1	51
1214	0	19	17	17	1	53
1215	0	19	18	18	1	55
1216	0	19	19	19	1	57
1217	0	19	20	20	1	59
1218	0	19	21	21	1	61
1219	0	19	22	22	1	63
1220	0	19	23	23	1	65
1221	0	19	24	24	1	67
1222	0	19	25	25	1	69
1223	0	19	26	26	1	71
1224	0	19	27	27	1	73
1225	0	19	28	28	1	75
1226	0	19	29	29	1	77
1227	0	19	30	30	1	79
1228	0	19	31	31	1	81
1229	0	19	32	32	1	83
1230	0	19	33	33	1	85
1231	0	19	34	34	1	87
1232	0	19	35	35	1	89
1233	0	19	36	36	1	91
1234	0	19	37	37	1	93
1235	0	19	38	38	1	95
1236	0	19	39	39	1	97
1237	0	19	40	40	1	99
1238	0	19	41	41	1	101
1239	0	19	42	42	1	103
1240	0	19	43	43	1	105
1241	0	19	44	44	1	107
1242	0	19	45	45	1	109
1243	0	19	46	46	1	111
1244	0	19	47	47	1	113
1245	0	19	48	48	1	115
1246	0	19	49	49	1	117
1247	0	19	50	50	1	119
1248	0	19	51	51	1	121
1249	0	19	52	52	1	123
1250	0	20	0	0	1	20
1251	0	20	1	1	1	22
1252	0	20	2	2	1	24
1253	0	20	3	3	1	26
1254	0	20	4	4	1	28
1255	0	20	5	5	1	30
1256	0	20	6	6	1	32
1257	0	20	7	7	1	34
1258	0	20	8	8	1	36
1259	0	20	9	9	1	38
1260	0	20	10	10	1	40
1261	0	20	11	11	1	42
1262	0	20	12	12	1	44
1263	0	20	13	13	1	46
1264	0	20	14	14	1	48
1265	0	20	15	15	1	50
1266	0	20	16	16	1	52
1267	0	20	17	17	1	54
1268	0	20	18	18	1	56
1269	0	20	19	19	1	58
1270	0	20	20	20	1	60
1271	0	20	21	21	1	62
1272	0	20	22	22	1	64
1273	0	20	23	23	1	66
1274	0	20	24	24	1	68
1275	0	20	25	25	1	70
1276	0	20	26	26	1	72
1277	0	20	27	27	1	74
1278	0	20	28	28	1	76
1279	0	20	29	29	1	78
1280	0	20	30	30	1	80
1281	0	20	31	31	1	82
1282	0	20	32	32	1	84
1283	0	20	33	33	1	86
1284	0	20	34	34	1	88
1285	0	20	35	35	1	90
1286	0	20	36	36	1	92
1287	0	20	37	37	1	94
1288	0	20	38	38	1	96
1289	0	20	39	39	1	98
1290	0	20	40	40	1	100
1291	0	20	41	41	1	102
1292	0	20	42	42	1	104
1293	0	20	43	43	1	106
1294	0	20	44	44	1	108
1295	0	20	45	45	1	110
1296	0	20	46	46	1	112
1297	0	20	47	47	1	114
1298	0	20	48	48	1	116
1299	0	20	49	49	1	118
1300	0	20	50	50	1	120
1301	0	20	51	51	1	122
1302	0	21	0	0	1	21
1303	0	21	1	1	1	23
1304	0	21	2	2	1	25
1305	0	21	3	3	1	27
1306	0	21	4	4	1	29
1307	0	21	5	5	1	31
1308	0	21	6	6	1	33
1309	0	21	7	7	1	35
1310	0	21	8	8	1	37
1311	0	21	9	9	1	39
1312	0	21	10	10	1	41
1313	0	21	11	11	1	43
1314	0	21	12	12	1	45
1315	0	21	13	13	1	47
1316	0	21	14	14	1	49
1317	0	21	15	15	1	51
1318	0	21	16	16	1	53
1319	0	21	17	17	1	55
1320	0	21	18	18	1	57
1321	0	21	19	19	1	59
1322	0	21	20	20	1	61
1323	0	21	21	21	1	63
1324	0	21	22	22	1	65
1325	0	21	23	23	1	67
1326	0	21	24	24	1	69
1327	0	21	25	25	1	71
1328	0	21	26	26	1	73
1329	0	21	27	27	1	75
1330	0	21	28	28	1	77
1331	0	21	29	29	1	79
1332	0	21	30	30	1	81
1333	0	21	31	31	1	83
1334	0	21	32	32	1	85
1335	0	21	33	33	1	87
1336	0	21	34	34	1	89
1337	0	21	35	35	1	91
1338	0	21	36	36	1	93
1339	0	21	37	37	1	95
1340	0	21	38	38	1	97
1341	0	21	39	39	1	99
1342	0	21	40	40	1	101
1343	0	21	41	41	1	103
1344	0	21	42	42	1	105
1345	0	21	43	43	1	107
1346	0	21	44	44	1	109
1347	0	21	45	45	1	111
1348	0	21	46	46	1	113
1349	0	21	47	47	1	115
1350	0	21	48	48	1	117
1351	0	21	49	49	1	119
1352	0	21	50	50	1	121
1353	0	22	0	0	1	22
1354	0	22	1	1	1	24
1355	0	22	2	2	1	26
1356	0	22	3	3	1	28
1357	0	22	4	4	1	30
1358	0	22	5	5	1	32
1359	0	22	6	6	1	34
1360	0	22	7	7	1	36
1361	0	22	8	8	1	38
1362	0	22	9	9	1	40
1363	0	22	10	10	1	42
1364	0	22	11	11	1	44
1365	0	22	12	12	1	46
1366	0	22	13	13	1	48
1367	0	22	14	14	1	50
1368	0	22	15	15	1	52
1369	0	22	16	16	1	54
1370	0	22	17	17	1	56
1371	0	22	18	18	1	58
1372	0	22	19	19	1	60
1373	0	22	20	20	1	62
1374	0	22	21	21	1	64
1375	0	22	22	22	1	66
1376	0	22	23	23	1	68
1377	0	22	24	24	1	70
1378	0	22	25	25	1	72
1379	0	22	26	26	1	74
1380	0	22	27	27	1	76
1381	0	22	28	28	1	78
1382	0	22	29	29	1	80
1383	0	22	30	30	1	82
1384	0	22	31	31	1	84
1385	0	22	32	32	1	86
1386	0	22	33	33	1	88
1387	0	22	34	34	1	90
1388	0	22	35	35	1	92
1389	0	22	36	36	1	94
1390	0	22	37	37	1	96
1391	0	22	38	38	1	98
1392	0	22	39	39	1	100
1393	0	22	40	40	1	102
1394	0	22	41	41	1	104
1395	0	22	42	42	1	106
1396	0	22	43	43	1	108
1397	0	22	44	44	1	110
1398	0	22	45	45	1	112
1399	0	22	46	46	1	114
1400	0	22	47	47	1	116
1401	0	22	48	48	1	118
1402	0	22	49	49	1	120
1403	0	23	0	0	1	23
1404	0	23	1	1	1	25
1405	0	23	2	2	1	27
1406	0	23	3	3	1	29
1407	0	23	4	4	1	31
1408	0	23	5	5	1	33
1409	0	23	6	6	1	35
1410	0	23	7	7	1	37
1411	0	23	8	8	1	39
1412	0	23	9	9	1	41
1413	0	23	10	10	1	43
1414	0	23	11	11	1	45
1415	0	23	12	12	1	47
1416	0	23	13	13	1	49
1417	0	23	14	14	1	51
1418	0	23	15	15	1	53
1419	0	23	16	16	1	55
1420	0	23	17	17	1	57
1421	0	23	18	18	1	59
1422	0	23	19	19	1	61
1423	0	23	20	20	1	63
1424	0	23	21	21	1	65
1425	0	23	22	22	1	67
1426	0	23	23	23	1	69
1427	0	23	24	24	1	71
1428	0	23	25	25	1	73
1429	0	23	26	26	1	75
1430	0	23	27	27	1	77
1431	0	23	28	28	1	79
1432	0	23	29	29	1	81
1433	0	23	30	30	1	83
1434	0	23	31	31	1	85
1435	0	23	32	32	1	87
1436	0	23	33	33	1	89
1437	0	23	34	34	1	91
1438	0	23	35	35	1	93
1439	0	23	36	36	1	95
1440	0	23	37	37	1	97
1441	0	23	38	38	1	99
1442	0	23	39	39	1	101
1443	0	23	40	40	1	103
1444	0	23	41	41	1	105
1445	0	23	42	42	1	107
1446	0	23	43	43	1	109
1447	0	23	44	44	1	111
1448	0	23	45	45	1	113
1449	0	23	46	46	1	115
1450	0	23	47	47	1	117
1451	0	23	48	48	1	119
1452	0	24	0	0	1	24
1453	0	24	1	1	1	26
1454	0	24	2	2	1	28
1455	0	24	3	3	1	30
1456	0	24	4	4	1	32
1457	0	24	5	5	1	34
1458	0	24	6	6	1	36
1459	0	24	7	7	1	38
1460	0	24	8	8	1	40
1461	0	24	9	9	1	42
1462	0	24	10	10	1	44
1463	0	24	11	11	1	46
1464	0	24	12	12	1	48
1465	0	24	13	13	1	50
1466	0	24	14	14	1	52
1467	0	24	15	15	1	54
1468	0	24	16	16	1	56
1469	0	24	17	17	1	58
1470	0	24	18	18	1	60
1471	0	24	19	19	1	62
1472	0	24	20	20	1	64
1473	0	24	21	21	1	66
1474	0	24	22	22	1	68
1475	0	24	23	23	1	70
1476	0	24	24	24	1	72
1477	0	24	25	25	1	74
1478	0	24	26	26	1	76
1479	0	24	27	27	1	78
1480	0	24	28	28	1	80
1481	0	24	29	29	1	82
1482	0	24	30	30	1	84
1483	0	24	31	31	1	86
1484	0	24	32	32	1	88
1485	0	24	33	33	1	90
1486	0	24	34	34	1	92
1487	0	24	35	35	1	94
1488	0	24	36	36	1	96
1489	0	24	37	37	1	98
1490	0	24	38	38	1	100
1491	0	24	39	39	1	102
1492	0	24	40	40	1	104
1493	0	24	41	41	1	106
1494	0	24	42	42	1	108
1495	0	24	43	43	1	110
1496	0	24	44	44	1	112
1497	0	24	45	45	1	114
1498	0	24	46	46	1	116
1499	0	24	47	47	1	118
1500	0	25	0	0	1	25
1501	0	25	1	1	1	27
1502	0	25	2	2	1	29
1503	0	25	3	3	1	31
1504	0	25	4	4	1	33
1505	0	25	5	5	1	35
1506	0	25	6	6	1	37
1507	0	25	7	7	1	39
1508	0	25	8	8	1	41
1509	0	25	9	9	1	43
1510	0	25	10	10	1	45
1511	0	25	11	11	1	47
1512	0	25	12	12	1	49
1513	0	25	13	13	1	51
1514	0	25	14	14	1	53
1515	0	25	15	15	1	55
1516	0	25	16	16	1	57
1517	0	25	17	17	1	59
1518	0	25	18	18	1	61
1519	0	25	19	19	1	63
1520	0	25	20	20	1	65
1521	0	25	21	21	1	67
1522	0	25	22	22	1	69
1523	0	25	23	23	1	71
1524	0	25	24	24	1	73
1525	0	25	25	25	1	75
1526	0	25	26	26	1	77
1527	0	25	27	27	1	79
1528	0	25	28	28	1	81
1529	0	25	29	29	1	83
1530	0	25	30	30	1	85
1531	0	25	31	31	1	87
1532	0	25	32	32	1	89
1533	0	25	33	33	1	91
1534	0	25	34	34	1	93
1535	0	25	35	35	1	95
1536	0	25	36	36	1	97
1537	0	25	37	37	1	99
1538	0	25	38	38	1	101
1539	0	25	39	39	1	103
1540	0	25	40	40	1	105
1541	0	25	41	41	1	107
1542	0	25	42	42	1	109
1543	0	25	43	43	1	111
1544	0	25	44	44	1	113
1545	0	25	45	45	1	115
1546	0	25	46	46	1	117
1547	0	26	0	0	1	26
1548	0	26	1	1	1	28
1549	0	26	2	2	1	30
1550	0	26	3	3	1	32
1551	0	26	4	4	1	34
1552	0	26	5	5	1	36
1553	0	26	6	6	1	38
1554	0	26	7	7	1	40
1555	0	26	8	8	1	42
1556	0	26	9	9	1	44
1557	0	26	10	10	1	46
1558	0	26	11	11	1	48
1559	0	26	12	12	1	50
1560	0	26	13	13	1	52
1561	0	26	14	14	1	54
1562	0	26	15	15	1	56
1563	0	26	16	16	1	58
1564	0	26	17	17	1	60
1565	0	26	18	18	1	62
1566	0	26	19	19	1	64
1567	0	26	20	20	1	66
1568	0	26	21	21	1	68
1569	0	26	22	22	1	70
1570	0	26	23	23	1	72
1571	0	26	24	24	1	74
1572	0	26	25	25	1	76
1573	0	26	26	26	1	78
1574	0	26	27	27	1	80
1575	0	26	28	28	1	82
1576	0	26	29	29	1	84
1577	0	26	30	30	1	86
1578	0	26	31	31	1	88
1579	0	26	32	32	1	90
1580	0	26	33	33	1	92
1581	0	26	34	34	1	94
1582	0	26	35	35	1	96
1583	0	26	36	36	1	98
1584	0	26	37	37	1	100
1585	0	26	38	38	1	102
1586	0	26	39	39	1	104
1587	0	26	40	40	1	106
1588	0	26	41	41	1	108
1589	0	26	42	42	1	110
1590	0	26	43	43	1	112
1591	0	26	44	44	1	114
1592	0	26	45	45	1	116
1593	0	27	0	0	1	27
1594	0	27	1	1	1	29
1595	0	27	2	2	1	31
1596	0	27	3	3	1	33
1597	0	27	4	4	1	35
1598	0	27	5	5	1	37
1599	0	27	6	6	1	39
1600	0	27	7	7	1	41
1601	0	27	8	8	1	43
1602	0	27	9	9	1	45
1603	0	27	10	10	1	47
1604	0	27	11	11	1	49
1605	0	27	12	12	1	51
1606	0	27	13	13	1	53
1607	0	27	14	14	1	55
1608	0	27	15	15	1	57
1609	0	27	16	16	1	59
1610	0	27	17	17	1	61
1611	0	27	18	18	1	63
1612	0	27	19	19	1	65
1613	0	27	20	20	1	67
1614	0	27	21	21	1	69
1615	0	27	22	22	1	71
1616	0	27	23	23	1	73
1617	0	27	24	24	1	75
1618	0	27	25	25	1	77
1619	0	27	26	26	1	79
1620	0	27	27	27	1	81
1621	0	27	28	28	1	83
1622	0	27	29	29	1	85
1623	0	27	30	30	1	87
1624	0	27	31	31	1	89
1625	0	27	32	32	1	91
1626	0	27	33	33	1	93
1627	0	27	34	34	1	95
1628	0	27	35	35	1	97
1629	0	27	36	36	1	99
1630	0	27	37	37	1	101
1631	0	27	38	38	1	103
1632	0	27	39	39	1	105
1633	0	27	40	40	1	107
1634	0	27	41	41	1	109
1635	0	27	42	42	1	111
1636	0	27	43	43	1	113
1637	0	27	44	44	1	115
1638	0	28	0	0	1	28
1639	0	28	1	1	1	30
1640	0	28	2	2	1	32
1641	0	28	3	3	1	34
1642	0	28	4	4	1	36
1643	0	28	5	5	1	38
1644	0	28	6	6	1	40
1645	0	28	7	7	1	42
1646	0	28	8	8	1	44
1647	0	28	9	9	1	46
1648	0	28	10	10	1	48
1649	0	28	11	11	1	50
1650	0	28	12	12	1	52
1651	0	28	13	13	1	54
1652	0	28	14	14	1	56
1653	0	28	15	15	1	58
1654	0	28	16	16	1	60
1655	0	28	17	17	1	62
1656	0	28	18	18	1	64
1657	0	28	19	19	1	66
1658	0	28	20	20	1	68
1659	0	28	21	21	1	70
1660	0	28	22	22	1	72
1661	0	28	23	23	1	74
1662	0	28	24	24	1	76
1663	0	28	25	25	1	78
1664	0	28	26	26	1	80
1665	0	28	27	27	1	82
1666	0	28	28	28	1	84
1667	0	28	29	29	1	86
1668	0	28	30	30	1	88
1669	0	28	31	31	1	90
1670	0	28	32	32	1	92
1671	0	28	33	33	1	94
1672	0	28	34	34	1	96
1673	0	28	35	35	1	98
1674	0	28	36	36	1	100
1675	0	28	37	37	1	102
1676	0	28	38	38	1	104
1677	0	28	39	39	1	106
1678	0	28	40	40	1	108
1679	0	28	41	41	1	110
1680	0	28	42	42	1	112
1681	0	28	43	43	1	114
1682	0	29	0	0	1	29
1683	0	29	1	1	1	31
1684	0	29	2	2	1	33
1685	0	29	3	3	1	35
1686	0	29	4	4	1	37
1687	0	29	5	5	1	39
1688	0	29	6	6	1	41
1689	0	29	7	7	1	43
1690	0	29	8	8	1	45
1691	0	29	9	9	1	47
1692	0	29	10	10	1	49
1693	0	29	11	11	1	51
1694	0	29	12	12	1	53
1695	0	29	13	13	1	55
1696	0	29	14	14	1	57
1697	0	29	15	15	1	59
1698	0	29	16	16	1	61
1699	0	29	17	17	1	63
1700	0	29	18	18	1	65
1701	0	29	19	19	1	67
1702	0	29	20	20	1	69
1703	0	29	21	21	1	71
1704	0	29	22	22	1	73
1705	0	29	23	23	1	75
1706	0	29	24	24	1	77
1707	0	29	25	25	1	79
1708	0	29	26	26	1	81
1709	0	29	27	27	1	83
1710	0	29	28	28	1	85
1711	0	29	29	29	1	87
1712	0	29	30	30	1	89
1713	0	29	31	31	1	91
1714	0	29	32	32	1	93
1715	0	29	33	33	1	95
1716	0	29	34	34	1	97
1717	0	29	35	35	1	99
1718	0	29	36	36	1	101
1719	0	29	37	37	1	103
1720	0	29	38	38	1	105
1721	0	29	39	39	1	107
1722	0	29	40	40	1	109
1723	0	29	41	41	1	111
1724	0	29	42	42	1	113
1725	0	30	0	0	1	30
1726	0	30	1	1	1	32
1727	0	30	2	2	1	34
1728	0	30	3	3	1	36
1729	0	30	4	4	1	38
1730	0	30	5	5	1	40
1731	0	30	6	6	1	42
1732	0	30	7	7	1	44
1733	0	30	8	8	1	46
1734	0	30	9	9	1	48
1735	0	30	10	10	1	50
1736	0	30	11	11	1	52
1737	0	30	12	12	1	54
1738	0	30	13	13	1	56
1739	0	30	14	14	1	58
1740	0	30	15	15	1	60
1741	0	30	16	16	1	62
1742	0	30	17	17	1	64
1743	0	30	18	18	1	66
1744	0	30	19	19	1	68
1745	0	30	20	20	1	70
1746	0	30	21	21	1	72
1747	0	30	22	22	1	74
1748	0	30	23	23	1	76
1749	0	30	24	24	1	78
1750	0	30	25	25	1	80
1751	0	30	26	26	1	82
1752	0	30	27	27	1	84
1753	0	30	28	28	1	86
1754	0	30	29	29	1	88
1755	0	30	30	30	1	90
1756	0	30	31	31	1	92
1757	0	30	32	32	1	94
1758	0	30	33	33	1	96
1759	0	30	34	34	1	98
1760	0	30	35	35	1	100
1761	0	30	36	36	1	102
1762	0	30	37	37	1	104
1763	0	30	38	38	1	106
1764	0	30	39	39	1	108
1765	0	30	40	40	1	110
1766	0	30	41	41	1	112
1767	0	31	0	0	1	31
1768	0	31	1	1	1	33
1769	0	31	2	2	1	35
1770	0	31	3	3	1	37
1771	0	31	4	4	1	39
1772	0	31	5	5	1	41
1773	0	31	6	6	1	43
1774	0	31	7	7	1	45
1775	0	31	8	8	1	47
1776	0	31	9	9	1	49
1777	0	31	10	10	1	51
1778	0	31	11	11	1	53
1779	0	31	12	12	1	55
1780	0	31	13	13	1	57
1781	0	31	14	14	1	59
1782	0	31	15	15	1	61
1783	0	31	16	16	1	63
1784	0	31	17	17	1	65
1785	0	31	18	18	1	67
1786	0	31	19	19	1	69
1787	0	31	20	20	1	71
1788	0	31	21	21	1	73
1789	0	31	22	22	1	75
1790	0	31	23	23	1	77
1791	0	31	24	24	1	79
1792	0	31	25	25	1	81
1793	0	31	26	26	1	83
1794	0	31	27	27	1	85
1795	0	31	28	28	1	87
1796	0	31	29	29	1	89
1797	0	31	30	30	1	91
1798	0	31	31	31	1	93
1799	0	31	32	32	1	95
1800	0	31	33	33	1	97
1801	0	31	34	34	1	99
1802	0	31	35	35	1	101
1803	0	31	36	36	1	103
1804	0	31	37	37	1	105
1805	0	31	38	38	1	107
1806	0	31	39	39	1	109
1807	0	31	40	40	1	111
1808	0	32	0	0	1	32
1809	0	32	1	1	1	34
1810	0	32	2	2	1	36
1811	0	32	3	3	1	38
1812	0	32	4	4	1	40
1813	0	32	5	5	1	42
1814	0	32	6	6	1	44
1815	0	32	7	7	1	46
1816	0	32	8	8	1	48
1817	0	32	9	9	1	50
1818	0	32	10	10	1	52
1819	0	32	11	11	1	54
1820	0	32	12	12	1	56
1821	0	32	13	13	1	58
1822	0	32	14	14	1	60
1823	0	32	15	15	1	62
1824	0	32	16	16	1	64
1825	0	32	17	17	1	66
1826	0	32	18	18	1	68
1827	0	32	19	19	1	70
1828	0	32	20	20	1	72
1829	0	32	21	21	1	74
1830	0	32	22	22	1	76
1831	0	32	23	23	1	78
1832	0	32	24	24	1	80
1833	0	32	25	25	1	82
1834	0	32	26	26	1	84
1835	0	32	27	27	1	86
1836	0	32	28	28	1	88
1837	0	32	29	29	1	90
1838	0	32	30	30	1	92
1839	0	32	31	31	1	94
1840	0	32	32	32	1	96
1841	0	32	33	33	1	98
1842	0	32	34	34	1	100
1843	0	32	35	35	1	102
1844	0	32	36	36	1	104
1845	0	32	37	37	1	106
1846	0	32	38	38	1	108
1847	0	32	39	39	1	110
1848	0	33	0	0	1	33
1849	0	33	1	1	1	35
1850	0	33	2	2	1	37
1851	0	33	3	3	1	39
1852	0	33	4	4	1	41
1853	0	33	5	5	1	43
1854	0	33	6	6	1	45
1855	0	33	7	7	1	47
1856	0	33	8	8	1	49
1857	0	33	9	9	1	51
1858	0	33	10	10	1	53
1859	0	33	11	11	1	55
1860	0	33	12	12	1	57
1861	0	33	13	13	1	59
1862	0	33	14	14	1	61
1863	0	33	15	15	1	63
1864	0	33	16	16	1	65
1865	0	33	17	17	1	67
1866	0	33	18	18	1	69
1867	0	33	19	19	1	71
1868	0	33	20	20	1	73
1869	0	33	21	21	1	75
1870	0	33	22	22	1	77
1871	0	33	23	23	1	79
1872	0	33	24	24	1	81
1873	0	33	25	25	1	83
1874	0	33	26	26	1	85
1875	0	33	27	27	1	87
1876	0	33	28	28	1	89
1877	0	33	29	29	1	91
1878	0	33	30	30	1	93
1879	0	33	31	31	1	95
1880	0	33	32	32	1	97
1881	0	33	33	33	1	99
1882	0	33	34	34	1	101
1883	0	33	35	35	1	103
1884	0	33	36	36	1	105
1885	0	33	37	37	1	107
1886	0	33	38	38	1	109
1887	0	34	0	0	1	34
1888	0	34	1	1	1	36
1889	0	34	2	2	1	38
1890	0	34	3	3	1	40
1891	0	34	4	4	1	42
1892	0	34	5	5	1	44
1893	0	34	6	6	1	46
1894	0	34	7	7	1	48
1895	0	34	8	8	1	50
1896	0	34	9	9	1	52
1897	0	34	10	10	1	54
1898	0	34	11	11	1	56
1899	0	34	12	12	1	58
1900	0	34	13	13	1	60
1901	0	34	14	14	1	62
1902	0	34	15	15	1	64
1903	0	34	16	16	1	66
1904	0	34	17	17	1	68
1905	0	34	18	18	1	70
1906	0	34	19	19	1	72
1907	0	34	20	20	1	74
1908	0	34	21	21	1	76
1909	0	34	22	22	1	78
1910	0	34	23	23	1	80
1911	0	34	24	24	1	82
1912	0	34	25	25	1	84
1913	0	34	26	26	1	86
1914	0	34	27	27	1	88
1915	0	34	28	28	1	90
1916	0	34	29	29	1	92
1917	0	34	30	30	1	94
1918	0	34	31	31	1	96
1919	0	34	32	32	1	98
1920	0	34	33	33	1	100
1921	0	34	34	34	1	102
1922	0	34	35	35	1	104
1923	0	34	36	36	1	106
1924	0	34	37	37	1	108
1925	0	35	0	0	1	35
1926	0	35	1	1	1	37
1927	0	35	2	2	1	39
1928	0	35	3	3	1	41
1929	0	35	4	4	1	43
1930	0	35	5	5	1	45
1931	0	35	6	6	1	47
1932	0	35	7	7	1	49
1933	0	35	8	8	1	51
1934	0	35	9	9	1	53
1935	0	35	10	10	1	55
1936	0	35	11	11	1	57
1937	0	35	12	12	1	59
1938	0	35	13	13	1	61
1939	0	35	14	14	1	63
1940	0	35	15	15	1	65
1941	0	35	16	16	1	67
1942	0	35	17	17	1	69
1943	0	35	18	18	1	71
1944	0	35	19	19	1	73
1945	0	35	20	20	1	75
1946	0	35	21	21	1	77
1947	0	35	22	22	1	79
1948	0	35	23	23	1	81
1949	0	35	24	24	1	83
1950	0	35	25	25	1	85
1951	0	35	26	26	1	87
1952	0	35	27	27	1	89
1953	0	35	28	28	1	91
1954	0	35	29	29	1	93
1955	0	35	30	30	1	95
1956	0	35	31	31	1	97
1957	0	35	32	32	1	99
1958	0	35	33	33	1	101
1959	0	35	34	34	1	103
1960	0	35	35	35	1	105
1961	0	35	36	36	1	107
1962	0	36	0	0	1	36
1963	0	36	1	1	1	38
1964	0	36	2	2	1	40
1965	0	36	3	3	1	42
1966	0	36	4	4	1	44
1967	0	36	5	5	1	46
1968	0	36	6	6	1	48
1969	0	36	7	7	1	50
1970	0	36	8	8	1	52
1971	0	36	9	9	1	54
1972	0	36	10	10	1	56
1973	0	36	11	11	1	58
1974	0	36	12	12	1	60
1975	0	36	13	13	1	62
1976	0	36	14	14	1	64
1977	0	36	15	15	1	66
1978	0	36	16	16	1	68
1979	0	36	17	17	1	70
1980	0	36	18	18	1	72
1981	0	36	19	19	1	74
1982	0	36	20	20	1	76
1983	0	36	21	21	1	78
1984	0	36	22	22	1	80
1985	0	36	23	23	1	82
1986	0	36	24	24	1	84
1987	0	36	25	25	1	86
1988	0	36	26	26	1	88
1989	0	36	27	27	1	90
1990	0	36	28	28	1	92
1991	0	36	29	29	1	94
1992	0	36	30	30	1	96
1993	0	36	31	31	1	98
1994	0	36	32	32	1	100
1995	0	36	33	33	1	102
1996	0	36	34	34	1	104
1997	0	36	35	35	1	106
1998	0	37	0	0	1	37
1999	0	37	1	1	1	39
2000	0	37	2	2	1	41
2001	0	37	3	3	1	43
2002	0	37	4	4	1	45
2003	0	37	5	5	1	47
2004	0	37	6	6	1	49
2005	0	37	7	7	1	51
2006	0	37	8	8	1	53
2007	0	37	9	9	1	55
2008	0	37	10	10	1	57
2009	0	37	11	11	1	59
2010	0	37	12	12	1	61
2011	0	37	13	13	1	63
2012	0	37	14	14	1	65
2013	0	37	15	15	1	67
2014	0	37	16	16	1	69
2015	0	37	17	17	1	71
2016	0	37	18	18	1	73
2017	0	37	19	19	1	75
2018	0	37	20	20	1	77
2019	0	37	21	21	1	79
2020	0	37	22	22	1	81
2021	0	37	23	23	1	83
2022	0	37	24	24	1	85
2023	0	37	25	25	1	87
2024	0	37	26	26	1	89
2025	0	37	27	27	1	91
2026	0	37	28	28	1	93
2027	0	37	29	29	1	95
2028	0	37	30	30	1	97
2029	0	37	31	31	1	99
2030	0	37	32	32	1	101
2031	0	37	33	33	1	103
2032	0	37	34	34	1	105
2033	0	38	0	0	1	38
2034	0	38	1	1	1	40
2035	0	38	2	2	1	42
2036	0	38	3	3	1	44
2037	0	38	4	4	1	46
2038	0	38	5	5	1	48
2039	0	38	6	6	1	50
2040	0	38	7	7	1	52
2041	0	38	8	8	1	54
2042	0	38	9	9	1	56
2043	0	38	10	10	1	58
2044	0	38	11	11	1	60
2045	0	38	12	12	1	62
2046	0	38	13	13	1	64
2047	0	38	14	14	1	66
2048	0	38	15	15	1	68
2049	0	38	16	16	1	70
2050	0	38	17	17	1	72
2051	0	38	18	18	1	74
2052	0	38	19	19	1	76
2053	0	38	20	20	1	78
2054	0	38	21	21	1	80
2055	0	38	22	22	1	82
2056	0	38	23	23	1	84
2057	0	38	24	24	1	86
2058	0	38	25	25	1	88
2059	0	38	26	26	1	90
2060	0	38	27	27	1	92
2061	0	38	28	28	1	94
2062	0	38	29	29	1	96
2063	0	38	30	30	1	98
2064	0	38	31	31	1	100
2065	0	38	32	32	1	102
2066	0	38	33	33	1	104
2067	0	39	0	0	1	39
2068	0	39	1	1	1	41
2069	0	39	2	2	1	43
2070	0	39	3	3	1	45
2071	0	39	4	4	1	47
2072	0	39	5	5	1	49
2073	0	39	6	6	1	51
2074	0	39	7	7	1	53
2075	0	39	8	8	1	55
2076	0	39	9	9	1	57
2077	0	39	10	10	1	59
2078	0	39	11	11	1	61
2079	0	39	12	12	1	63
2080	0	39	13	13	1	65
2081	0	39	14	14	1	67
2082	0	39	15	15	1	69
2083	0	39	16	16	1	71
2084	0	39	17	17	1	73
2085	0	39	18	18	1	75
2086	0	39	19	19	1	77
2087	0	39	20	20	1	79
2088	0	39	21	21	1	81
2089	0	39	22	22	1	83
2090	0	39	23	23	1	85
2091	0	39	24	24	1	87
2092	0	39	25	25	1	89
2093	0	39	26	26	1	91
2094	0	39	27	27	1	93
2095	0	39	28	28	1	95
2096	0	39	29	29	1	97
2097	0	39	30	30	1	99
2098	0	39	31	31	1	101
2099	0	39	32	32	1	103
2100	0	40	0	0	1	40
2101	0	40	1	1	1	42
2102	0	40	2	2	1	44
2103	0	40	3	3	1	46
2104	0	40	4	4	1	48
2105	0	40	5	5	1	50
2106	0	40	6	6	1	52
2107	0	40	7	7	1	54
2108	0	40	8	8	1	56
2109	0	40	9	9	1	58
2110	0	40	10	10	1	60
2111	0	40	11	11	1	62
2112	0	40	12	12	1	64
2113	0	40	13	13	1	66
2114	0	40	14	14	1	68
2115	0	40	15	15	1	70
2116	0	40	16	16	1	72
2117	0	40	17	17	1	74
2118	0	40	18	18	1	76
2119	0	40	19	19	1	78
2120	0	40	20	20	1	80
2121	0	40	21	21	1	82
2122	0	40	22	22	1	84
2123	0	40	23	23	1	86
2124	0	40	24	24	1	88
2125	0	40	25	25	1	90
2126	0	40	26	26	1	92
2127	0	40	27	27	1	94
2128	0	40	28	28	1	96
2129	0	40	29	29	1	98
2130	0	40	30	30	1	100
2131	0	40	31	31	1	102
2132	0	41	0	0	1	41
2133	0	41	1	1	1	43
2134	0	41	2	2	1	45
2135	0	41	3	3	1	47
2136	0	41	4	4	1	49
2137	0	41	5	5	1	51
2138	0	41	6	6	1	53
2139	0	41	7	7	1	55
2140	0	41	8	8	1	57
2141	0	41	9	9	1	59
2142	0	41	10	10	1	61
2143	0	41	11	11	1	63
2144	0	41	12	12	1	65
2145	0	41	13	13	1	67
2146	0	41	14	14	1	69
2147	0	41	15	15	1	71
2148	0	41	16	16	1	73
2149	0	41	17	17	1	75
2150	0	41	18	18	1	77
2151	0	41	19	19	1	79
2152	0	41	20	20	1	81
2153	0	41	21	21	1	83
2154	0	41	22	22	1	85
2155	0	41	23	23	1	87
2156	0	41	24	24	1	89
2157	0	41	25	25	1	91
2158	0	41	26	26	1	93
2159	0	41	27	27	1	95
2160	0	41	28	28	1	97
2161	0	41	29	29	1	99
2162	0	41	30	30	1	101
2163	0	42	0	0	1	42
2164	0	42	1	1	1	44
2165	0	42	2	2	1	46
2166	0	42	3	3	1	48
2167	0	42	4	4	1	50
2168	0	42	5	5	1	52
2169	0	42	6	6	1	54
2170	0	42	7	7	1	56
2171	0	42	8	8	1	58
2172	0	42	9	9	1	60
2173	0	42	10	10	1	62
2174	0	42	11	11	1	64
2175	0	42	12	12	1	66
2176	0	42	13	13	1	68
2177	0	42	14	14	1	70
2178	0	42	15	15	1	72
2179	0	42	16	16	1	74
2180	0	42	17	17	1	76
2181	0	42	18	18	1	78
2182	0	42	19	19	1	80
2183	0	42	20	20	1	82
2184	0	42	21	21	1	84
2185	0	42	22	22	1	86
2186	0	42	23	23	1	88
2187	0	42	24	24	1	90
2188	0	42	25	25	1	92
2189	0	42	26	26	1	94
2190	0	42	27	27	1	96
2191	0	42	28	28	1	98
2192	0	42	29	29	1	100
2193	0	43	0	0	1	43
2194	0	43	1	1	1	45
2195	0	43	2	2	1	47
2196	0	43	3	3	1	49
2197	0	43	4	4	1	51
2198	0	43	5	5	1	53
2199	0	43	6	6	1	55
2200	0	43	7	7	1	57
2201	0	43	8	8	1	59
2202	0	43	9	9	1	61
2203	0	43	10	10	1	63
2204	0	43	11	11	1	65
2205	0	43	12	12	1	67
2206	0	43	13	13	1	69
2207	0	43	14	14	1	71
2208	0	43	15	15	1	73
2209	0	43	16	16	1	75
2210	0	43	17	17	1	77
2211	0	43	18	18	1	79
2212	0	43	19	19	1	81
2213	0	43	20	20	1	83
2214	0	43	21	21	1	85
2215	0	43	22	22	1	87
2216	0	43	23	23	1	89
2217	0	43	24	24	1	91
2218	0	43	25	25	1	93
2219	0	43	26	26	1	95
2220	0	43	27	27	1	97
2221	0	43	28	28	1	99
2222	0	44	0	0	1	44
2223	0	44	1	1	1	46
2224	0	44	2	2	1	48
2225	0	44	3	3	1	50
2226	0	44	4	4	1	52
2227	0	44	5	5	1	54
2228	0	44	6	6	1	56
2229	0	44	7	7	1	58
2230	0	44	8	8	1	60
2231	0	44	9	9	1	62
2232	0	44	10	10	1	64
2233	0	44	11	11	1	66
2234	0	44	12	12	1	68
2235	0	44	13	13	1	70
2236	0	44	14	14	1	72
2237	0	44	15	15	1	74
2238	0	44	16	16	1	76
2239	0	44	17	17	1	78
2240	0	44	18	18	1	80
2241	0	44	19	19	1	82
2242	0	44	20	20	1	84
2243	0	44	21	21	1	86
2244	0	44	22	22	1	88
2245	0	44	23	23	1	90
2246	0	44	24	24	1	92
2247	0	44	25	25	1	94
2248	0	44	26	26	1	96
2249	0	44	27	27	1	98
2250	0	45	0	0	1	45
2251	0	45	1	1	1	47
2252	0	45	2	2	1	49
2253	0	45	3	3	1	51
2254	0	45	4	4	1	53
2255	0	45	5	5	1	55
2256	0	45	6	6	1	57
2257	0	45	7	7	1	59
2258	0	45	8	8	1	61
2259	0	45	9	9	1	63
2260	0	45	10	10	1	65
2261	0	45	11	11	1	67
2262	0	45	12	12	1	69
2263	0	45	13	13	1	71
2264	0	45	14	14	1	73
2265	0	45	15	15	1	75
2266	0	45	16	16	1	77
2267	0	45	17	17	1	79
2268	0	45	18	18	1	81
2269	0	45	19	19	1	83
2270	0	45	20	20	1	85
2271	0	45	21	21	1	87
2272	0	45	22	22	1	89
2273	0	45	23	23	1	91
2274	0	45	24	24	1	93
2275	0	45	25	25	1	95
2276	0	45	26	26	1	97
2277	0	46	0	0	1	46
2278	0	46	1	1	1	48
2279	0	46	2	2	1	50
2280	0	46	3	3	1	52
2281	0	46	4	4	1	54
2282	0	46	5	5	1	56
2283	0	46	6	6	1	58
2284	0	46	7	7	1	60
2285	0	46	8	8	1	62
2286	0	46	9	9	1	64
2287	0	46	10	10	1	66
2288	0	46	11	11	1	68
2289	0	46	12	12	1	70
2290	0	46	13	13	1	72
2291	0	46	14	14	1	74
2292	0	46	15	15	1	76
2293	0	46	16	16	1	78
2294	0	46	17	17	1	80
2295	0	46	18	18	1	82
2296	0	46	19	19	1	84
2297	0	46	20	20	1	86
2298	0	46	21	21	1	88
2299	0	46	22	22	1	90
2300	0	46	23	23	1	92
2301	0	46	24	24	1	94
2302	0	46	25	25	1	96
2303	0	47	0	0	1	47
2304	0	47	1	1	1	49
2305	0	47	2	2	1	51
2306	0	47	3	3	1	53
2307	0	47	4	4	1	55
2308	0	47	5	5	1	57
2309	0	47	6	6	1	59
2310	0	47	7	7	1	61
2311	0	47	8	8	1	63
2312	0	47	9	9	1	65
2313	0	47	10	10	1	67
2314	0	47	11	11	1	69
2315	0	47	12	12	1	71
2316	0	47	13	13	1	73
2317	0	47	14	14	1	75
2318	0	47	15	15	1	77
2319	0	47	16	16	1	79
2320	0	47	17	17	1	81
2321	0	47	18	18	1	83
2322	0	47	19	19	1	85
2323	0	47	20	20	1	87
2324	0	47	21	21	1	89
2325	0	47	22	22	1	91
2326	0	47	23	23	1	93
2327	0	47	24	24	1	95
2328	0	48	0	0	1	48
2329	0	48	1	1	1	50
2330	0	48	2	2	1	52
2331	0	48	3	3	1	54
2332	0	48	4	4	1	56
2333	0	48	5	5	1	58
2334	0	48	6	6	1	60
2335	0	48	7	7	1	62
2336	0	48	8	8	1	64
2337	0	48	9	9	1	66
2338	0	48	10	10	1	68
2339	0	48	11	11	1	70
2340	0	48	12	12	1	72
2341	0	48	13	13	1	74
2342	0	48	14	14	1	76
2343	0	48	15	15	1	78
2344	0	48	16	16	1	80
2345	0	48	17	17	1	82
2346	0	48	18	18	1	84
2347	0	48	19	19	1	86
2348	0	48	20	20	1	88
2349	0	48	21	21	1	90
2350	0	48	22	22	1	92
2351	0	48	23	23	1	94
2352	0	49	0	0	1	49
2353	0	49	1	1	1	51
2354	0	49	2	2	1	53
2355	0	49	3	3	1	55
2356	0	49	4	4	1	57
2357	0	49	5	5	1	59
2358	0	49	6	6	1	61
2359	0	49	7	7	1	63
2360	0	49	8	8	1	65
2361	0	49	9	9	1	67
2362	0	49	10	10	1	69
2363	0	49	11	11	1	71
2364	0	49	12	12	1	73
2365	0	49	13	13	1	75
2366	0	49	14	14	1	77
2367	0	49	15	15	1	79
2368	0	49	16	16	1	81
2369	0	49	17	17	1	83
2370	0	49	18	18	1	85
2371	0	49	19	19	1	87
2372	0	49	20	20	1	89
2373	0	49	21	21	1	91
2374	0	49	22	22	1	93
2375	0	50	0	0	1	50
2376	0	50	1	1	1	52
2377	0	50	2	2	1	54
2378	0	50	3	3	1	56
2379	0	50	4	4	1	58
2380	0	50	5	5	1	60
2381	0	50	6	6	1	62
2382	0	50	7	7	1	64
2383	0	50	8	8	1	66
2384	0	50	9	9	1	68
2385	0	50	10	10	1	70
2386	0	50	11	11	1	72
2387	0	50	12	12	1	74
2388	0	50	13	13	1	76
2389	0	50	14	14	1	78
2390	0	50	15	15	1	80
2391	0	50	16	16	1	82
2392	0	50	17	17	1	84
2393	0	50	18	18	1	86
2394	0	50	19	19	1	88
2395	0	50	20	20	1	90
2396	0	50	21	21	1	92
2397	0	51	0	0	1	51
2398	0	51	1	1	1	53
2399	0	51	2	2	1	55
2400	0	51	3	3	1	57
2401	0	51	4	4	1	59
2402	0	51	5	5	1	61
2403	0	51	6	6	1	63
2404	0	51	7	7	1	65
2405	0	51	8	8	1	67
2406	0	51	9	9	1	69
2407	0	51	10	10	1	71
2408	0	51	11	11	1	73
2409	0	51	12	12	1	75
2410	0	51	13	13	1	77
2411	0	51	14	14	1	79
2412	0	51	15	15	1	81
2413	0	51	16	16	1	83
2414	0	51	17	17	1	85
2415	0	51	18	18	1	87
2416	0	51	19	19	1	89
2417	0	51	20	20	1	91
2418	0	52	0	0	1	52
2419	0	52	1	1	1	54
2420	0	52	2	2	1	56
2421	0	52	3	3	1	58
2422	0	52	4	4	1	60
2423	0	52	5	5	1	62
2424	0	52	6	6	1	64
2425	0	52	7	7	1	66
2426	0	52	8	8	1	68
2427	0	52	9	9	1	70
2428	0	52	10	10	1	72
2429	0	52	11	11	1	74
2430	0	52	12	12	1	76
2431	0	52	13	13	1	78
2432	0	52	14	14	1	80
2433	0	52	15	15	1	82
2434	0	52	16	16	1	84
2435	0	52	17	17	1	86
2436	0	52	18	18	1	88
2437	0	52	19	19	1	90
2438	0	53	0	0	1	53
2439	0	53	1	1	1	55
2440	0	53	2	2	1	57
2441	0	53	3	3	1	59
2442	0	53	4	4	1	61
2443	0	53	5	5	1	63
2444	0	53	6	6	1	65
2445	0	53	7	7	1	67
2446	0	53	8	8	1	69
2447	0	53	9	9	1	71
2448	0	53	10	10	1	73
2449	0	53	11	11	1	75
2450	0	53	12	12	1	77
2451	0	53	13	13	1	79
2452	0	53	14	14	1	81
2453	0	53	15	15	1	83
2454	0	53	16	16	1	85
2455	0	53	17	17	1	87
2456	0	53	18	18	1	89
2457	0	54	0	0	1	54
2458	0	54	1	1	1	56
2459	0	54	2	2	1	58
2460	0	54	3	3	1	60
2461	0	54	4	4	1	62
2462	0	54	5	5	1	64
2463	0	54	6	6	1	66
2464	0	54	7	7	1	68
2465	0	54	8	8	1	70
2466	0	54	9	9	1	72
2467	0	54	10	10	1	74
2468	0	54	11	11	1	76
2469	0	54	12	12	1	78
2470	0	54	13	13	1	80
2471	0	54	14	14	1	82
2472	0	54	15	15	1	84
2473	0	54	16	16	1	86
2474	0	54	17	17	1	88
2475	0	55	0	0	1	55
2476	0	55	1	1	1	57
2477	0	55	2	2	1	59
2478	0	55	3	3	1	61
2479	0	55	4	4	1	63
2480	0	55	5	5	1	65
2481	0	55	6	6	1	67
2482	0	55	7	7	1	69
2483	0	55	8	8	1	71
2484	0	55	9	9	1	73
2485	0	55	10	10	1	75
2486	0	55	11	11	1	77
2487	0	55	12	12	1	79
2488	0	55	13	13	1	81
2489	0	55	14	14	1	83
2490	0	55	15	15	1	85
2491	0	55	16	16	1	87
2492	0	56	0	0	1	56
2493	0	56	1	1	1	58
2494	0	56	2	2	1	60
2495	0	56	3	3	1	62
2496	0	56	4	4	1	64
2497	0	56	5	5	1	66
2498	0	56	6	6	1	68
2499	0	56	7	7	1	70
2500	0	56	8	8	1	72
2501	0	56	9	9	1	74
2502	0	56	10	10	1	76
2503	0	56	11	11	1	78
2504	0	56	12	12	1	80
2505	0	56	13	13	1	82
2506	0	56	14	14	1	84
2507	0	56	15	15	1	86
2508	0	57	0	0	1	57
2509	0	57	1	1	1	59
2510	0	57	2	2	1	61
2511	0	57	3	3	1	63
2512	0	57	4	4	1	65
2513	0	57	5	5	1	67
2514	0	57	6	6	1	69
2515	0	57	7	7	1	71
2516	0	57	8	8	1	73
2517	0	57	9	9	1	75
2518	0	57	10	10	1	77
2519	0	57	11	11	1	79
2520	0	57	12	12	1	81
2521	0	57	13	13	1	83
2522	0	57	14	14	1	85
2523	0	58	0	0	1	58
2524	0	58	1	1	1	60
2525	0	58	2	2	1	62
2526	0	58	3	3	1	64
2527	0	58	4	4	1	66
2528	0	58	5	5	1	68
2529	0	58	6	6	1	70
2530	0	58	7	7	1	72
2531	0	58	8	8	1	74
2532	0	58	9	9	1	76
2533	0	58	10	10	1	78
2534	0	58	11	11	1	80
2535	0	58	12	12	1	82
2536	0	58	13	13	1	84
2537	0	59	0	0	1	59
2538	0	59	1	1	1	61
2539	0	59	2	2	1	63
2540	0	59	3	3	1	65
2541	0	59	4	4	1	67
2542	0	59	5	5	1	69
2543	0	59	6	6	1	71
2544	0	59	7	7	1	73
2545	0	59	8	8	1	75
2546	0	59	9	9	1	77
2547	0	59	10	10	1	79
2548	0	59	11	11	1	81
2549	0	59	12	12	1	83
2550	0	60	0	0	1	60
2551	0	60	1	1	1	62
2552	0	60	2	2	1	64
2553	0	60	3	3	1	66
2554	0	60	4	4	1	68
2555	0	60	5	5	1	70
2556	0	60	6	6	1	72
2557	0	60	7	7	1	74
2558	0	60	8	8	1	76
2559	0	60	9	9	1	78
2560	0	60	10	10	1	80
2561	0	60	11	11	1	82
2562	0	61	0	0	1	61
2563	0	61	1	1	1	63
2564	0	61	2	2	1	65
2565	0	61	3	3	1	67
2566	0	61	4	4	1	69
2567	0	61	5	5	1	71
2568	0	61	6	6	1	73
2569	0	61	7	7	1	75
2570	0	61	8	8	1	77
2571	0	61	9	9	1	79
2572	0	61	10	10	1	81
2573	0	62	0	0	1	62
2574	0	62	1	1	1	64
2575	0	62	2	2	1	66
2576	0	62	3	3	1	68
2577	0	62	4	4	1	70
2578	0	62	5	5	1	72
2579	0	62	6	6	1	74
2580	0	62	7	7	1	76
2581	0	62	8	8	1	78
2582	0	62	9	9	1	80
2583	0	63	0	0	1	63
2584	0	63	1	1	1	65
2585	0	63	2	2	1	67
2586	0	63	3	3	1	69
2587	0	63	4	4	1	71
2588	0	63	5	5	1	73
2589	0	63	6	6	1	75
2590	0	63	7	7	1	77
2591	0	63	8	8	1	79
2592	0	64	0	0	1	64
2593	0	64	1	1	1	66
2594	0	64	2	2	1	68
2595	0	64	3	3	1	70
2596	0	64	4	4	1	72
2597	0	64	5	5	1	74
2598	0	64	6	6	1	76
2599	0	64	7	7	1	78
2600	0	65	0	0	1	65
2601	0	65	1	1	1	67
2602	0	65	2	2	1	69
2603	0	65	3	3	1	71
2604	0	65	4	4	1	73
2605	0	65	5	5	1	75
2606	0	65	6	6	1	77
2607	0	66	0	0	1	66
2608	0	66	1	1	1	68
2609	0	66	2	2	1	70
2610	0	66	3	3	1	72
2611	0	66	4	4	1	74
2612	0	66	5	5	1	76
2613	0	67	0	0	1	67
2614	0	67	1	1	1	69
2615	0	67	2	2	1	71
2616	0	67	3	3	1	73
2617	0	67	4	4	1	75
2618	0	68	0	0	1	68
2619	0	68	1	1	1	70
2620	0	68	2	2	1	72
2621	0	68	3	3	1	74
2622	0	69	0	0	1	69
2623	0	69	1	1	1	71
2624	0	69	2	2	1	73
2625	0	70	0	0	1	70
2626	0	70	1	1	1	72
2627	0	71	0	0	1	71
2628	1	0	0	72	256	144
2629	1	0	1	73	256	146
2630	1	0	2	74	256	148
2631	1	0	3	75	256	150
2632	1	0	4	76	256	152
2633	1	0	5	77	256	154
2634	1	0	6	78	256	156
2635	1	0	7	79	256	158
2636	1	0	8	80	256	160
2637	1	0	9	81	256	162
2638	1	0	10	82	256	164
2639	1	0	11	83	256	166
2640	1	0	12	84	256	168
2641	1	0	13	85	256	170
2642	1	0	14	86	256	172
2643	1	0	15	87	256	174
2644	1	0	16	88	256	176
2645	1	0	17	89	256	178
2646	1	0	18	90	256	180
2647	1	0	19	91	256	182
2648	1	0	20	92	256	184
2649	1	0	21	93	256	186
2650	1	0	22	94	256	188
2651	1	0	23	95	256	190
2652	1	0	24	96	256	192
2653	1	0	25	97	256	194
2654	1	0	26	98	256	196
2655	1	0	27	99	256	198
2656	1	0	28	100	256	200
2657	1	0	29	101	256	202
2658	1	0	30	102	256	204
2659	1	0	31	103	256	206
2660	1	0	32	104	256	208
2661	1	0	33	105	256	210
2662	1	0	34	106	256	212
2663	1	0	35	107	256	214
2664	1	0	36	108	256	216
2665	1	0	37	109	256	218
2666	1	0	38	110	256	220
2667	1	0	39	111	256	222
2668	1	0	40	112	256	224
2669	1	0	41	113	256	226
2670	1	0	42	114	256	228
2671	1	0	43	115	256	230
2672	1	0	44	116	256	232
2673	1	0	45	117	256	234
2674	1	0	46	118	256	236
2675	1	0	47	119	256	238
2676	1	0	48	120	256	240
2677	1	0	49	121	256	242
2678	1	0	50	122	256	244
2679	1	0	51	123	256	246
2680	1	0	52	124	256	248
2681	1	0	53	125	256	250
2682	1	0	54	126	256	252
2683	1	0	55	127	256	254
2684	1	0	56	128	256	256
2685	1	0	57	129	256	258
2686	1	0	58	130	256	260
2687	1	0	59	131	256	262
2688	1	0	60	132	256	264
2689	1	0	61	133	256	266
2690	1	0	62	134	256	268
2691	1	0	63	135	256	270
2692	1	0	64	136	256	272
2693	1	0	65	137	256	274
2694	1	0	66	138	256	276
2695	1	0	67	139	256	278
2696	1	0	68	140	256	280
2697	1	1	0	71	128	143
2698	1	1	1	72	128	145
2699	1	1	2	73	128	147
2700	1	1	3	74	128	149
2701	1	1	4	75	128	151
2702	1	1	5	76	128	153
2703	1	1	6	77	128	155
2704	1	1	7	78	128	157
2705	1	1	8	79	128	159
2706	1	1	9	80	128	161
2707	1	1	10	81	128	163
2708	1	1	11	82	128	165
2709	1	1	12	83	128	167
2710	1	1	13	84	128	169
2711	1	1	14	85	128	171
2712	1	1	15	86	128	173
2713	1	1	16	87	128	175
2714	1	1	17	88	128	177
2715	1	1	18	89	128	179
2716	1	1	19	90	128	181
2717	1	1	20	91	128	183
2718	1	1	21	92	128	185
2719	1	1	22	93	128	187
2720	1	1	23	94	128	189
2721	1	1	24	95	128	191
2722	1	1	25	96	128	193
2723	1	1	26	97	128	195
2724	1	1	27	98	128	197
2725	1	1	28	99	128	199
2726	1	1	29	100	128	201
2727	1	1	30	101	128	203
2728	1	1	31	102	128	205
2729	1	1	32	103	128	207
2730	1	1	33	104	128	209
2731	1	1	34	105	128	211
2732	1	1	35	106	128	213
2733	1	1	36	107	128	215
2734	1	1	37	108	128	217
2735	1	1	38	109	128	219
2736	1	1	39	110	128	221
2737	1	1	40	111	128	223
2738	1	1	41	112	128	225
2739	1	1	42	113	128	227
2740	1	1	43	114	128	229
2741	1	1	44	115	128	231
2742	1	1	45	116	128	233
2743	1	1	46	117	128	235
2744	1	1	47	118	128	237
2745	1	1	48	119	128	239
2746	1	1	49	120	128	241
2747	1	1	50	121	128	243
2748	1	1	51	122	128	245
2749	1	1	52	123	128	247
2750	1	1	53	124	128	249
2751	1	1	54	125	128	251
2752	1	1	55	126	128	253
2753	1	1	56	127	128	255
2754	1	1	57	128	128	257
2755	1	1	58	129	128	259
2756	1	1	59	130	128	261
2757	1	1	60	131	128	263
2758	1	1	61	132	128	265
2759	1	1	62	133	128	267
2760	1	1	63	134	128	269
2761	1	1	64	135	128	271
2762	1	1	65	136	128	273
2763	1	1	66	137	128	275
2764	1	1	67	138	128	277
2765	1	2	0	70	64	142
2766	1	2	1	71	64	144
2767	1	2	2	72	64	146
2768	1	2	3	73	64	148
2769	1	2	4	74	64	150
2770	1	2	5	75	64	152
2771	1	2	6	76	64	154
2772	1	2	7	77	64	156
2773	1	2	8	78	64	158
2774	1	2	9	79	64	160
2775	1	2	10	80	64	162
2776	1	2	11	81	64	164
2777	1	2	12	82	64	166
2778	1	2	13	83	64	168
2779	1	2	14	84	64	170
2780	1	2	15	85	64	172
2781	1	2	16	86	64	174
2782	1	2	17	87	64	176
2783	1	2	18	88	64	178
2784	1	2	19	89	64	180
2785	1	2	20	90	64	182
2786	1	2	21	91	64	184
2787	1	2	22	92	64	186
2788	1	2	23	93	64	188
2789	1	2	24	94	64	190
2790	1	2	25	95	64	192
2791	1	2	26	96	64	194
2792	1	2	27	97	64	196
2793	1	2	28	98	64	198
2794	1	2	29	99	64	200
2795	1	2	30	100	64	202
2796	1	2	31	101	64	204
2797	1	2	32	102	64	206
2798	1	2	33	103	64	208
2799	1	2	34	104	64	210
2800	1	2	35	105	64	212
2801	1	2	36	106	64	214
2802	1	2	37	107	64	216
2803	1	2	38	108	64	218
2804	1	2	39	109	64	220
2805	1	2	40	110	64	222
2806	1	2	41	111	64	224
2807	1	2	42	112	64	226
2808	1	2	43	113	64	228
2809	1	2	44	114	64	230
2810	1	2	45	115	64	232
2811	1	2	46	116	64	234
2812	1	2	47	117	64	236
2813	1	2	48	118	64	238
2814	1	2	49	119	64	240
2815	1	2	50	120	64	242
2816	1	2	51	121	64	244
2817	1	2	52	122	64	246
2818	1	2	53	123	64	248
2819	1	2	54	124	64	250
2820	1	2	55	125	64	252
2821	1	2	56	126	64	254
2822	1	2	57	127	64	256
2823	1	2	58	128	64	258
2824	1	2	59	129	64	260
2825	1	2	60	130	64	262
2826	1	2	61	131	64	264
2827	1	2	62	132	64	266
2828	1	2	63	133	64	268
2829	1	2	64	134	64	270
2830	1	2	65	135	64	272
2831	1	2	66	136	64	274
2832	1	3	0	69	32	141
2833	1	3	1	70	32	143
2834	1	3	2	71	32	145
2835	1	3	3	72	32	147
2836	1	3	4	73	32	149
2837	1	3	5	74	32	151
2838	1	3	6	75	32	153
2839	1	3	7	76	32	155
2840	1	3	8	77	32	157
2841	1	3	9	78	32	159
2842	1	3	10	79	32	161
2843	1	3	11	80	32	163
2844	1	3	12	81	32	165
2845	1	3	13	82	32	167
2846	1	3	14	83	32	169
2847	1	3	15	84	32	171
2848	1	3	16	85	32	173
2849	1	3	17	86	32	175
2850	1	3	18	87	32	177
2851	1	3	19	88	32	179
2852	1	3	20	89	32	181
2853	1	3	21	90	32	183
2854	1	3	22	91	32	185
2855	1	3	23	92	32	187
2856	1	3	24	93	32	189
2857	1	3	25	94	32	191
2858	1	3	26	95	32	193
2859	1	3	27	96	32	195
2860	1	3	28	97	32	197
2861	1	3	29	98	32	199
2862	1	3	30	99	32	201
2863	1	3	31	100	32	203
2864	1	3	32	101	32	205
2865	1	3	33	102	32	207
2866	1	3	34	103	32	209
2867	1	3	35	104	32	211
2868	1	3	36	105	32	213
2869	1	3	37	106	32	215
2870	1	3	38	107	32	217
2871	1	3	39	108	32	219
2872	1	3	40	109	32	221
2873	1	3	41	110	32	223
2874	1	3	42	111	32	225
2875	1	3	43	112	32	227
2876	1	3	44	113	32	229
2877	1	3	45	114	32	231
2878	1	3	46	115	32	233
2879	1	3	47	116	32	235
2880	1	3	48	117	32	237
2881	1	3	49	118	32	239
2882	1	3	50	119	32	241
2883	1	3	51	120	32	243
2884	1	3	52	121	32	245
2885	1	3	53	122	32	247
2886	1	3	54	123	32	249
2887	1	3	55	124	32	251
2888	1	3	56	125	32	253
2889	1	3	57	126	32	255
2890	1	3	58	127	32	257
2891	1	3	59	128	32	259
2892	1	3	60	129	32	261
2893	1	3	61	130	32	263
2894	1	3	62	131	32	265
2895	1	3	63	132	32	267
2896	1	3	64	133	32	269
2897	1	3	65	134	32	271
2898	1	4	0	68	16	140
2899	1	4	1	69	16	142
2900	1	4	2	70	16	144
2901	1	4	3	71	16	146
2902	1	4	4	72	16	148
2903	1	4	5	73	16	150
2904	1	4	6	74	16	152
2905	1	4	7	75	16	154
2906	1	4	8	76	16	156
2907	1	4	9	77	16	158
2908	1	4	10	78	16	160
2909	1	4	11	79	16	162
2910	1	4	12	80	16	164
2911	1	4	13	81	16	166
2912	1	4	14	82	16	168
2913	1	4	15	83	16	170
2914	1	4	16	84	16	172
2915	1	4	17	85	16	174
2916	1	4	18	86	16	176
2917	1	4	19	87	16	178
2918	1	4	20	88	16	180
2919	1	4	21	89	16	182
2920	1	4	22	90	16	184
2921	1	4	23	91	16	186
2922	1	4	24	92	16	188
2923	1	4	25	93	16	190
2924	1	4	26	94	16	192
2925	1	4	27	95	16	194
2926	1	4	28	96	16	196
2927	1	4	29	97	16	198
2928	1	4	30	98	16	200
2929	1	4	31	99	16	202
2930	1	4	32	100	16	204
2931	1	4	33	101	16	206
2932	1	4	34	102	16	208
2933	1	4	35	103	16	210
2934	1	4	36	104	16	212
2935	1	4	37	105	16	214
2936	1	4	38	106	16	216
2937	1	4	39	107	16	218
2938	1	4	40	108	16	220
2939	1	4	41	109	16	222
2940	1	4	42	110	16	224
2941	1	4	43	111	16	226
2942	1	4	44	112	16	228
2943	1	4	45	113	16	230
2944	1	4	46	114	16	232
2945	1	4	47	115	16	234
2946	1	4	48	116	16	236
2947	1	4	49	117	16	238
2948	1	4	50	118	16	240
2949	1	4	51	119	16	242
2950	1	4	52	120	16	244
2951	1	4	53	121	16	246
2952	1	4	54	122	16	248
2953	1	4	55	123	16	250
2954	1	4	56	124	16	252
2955	1	4	57	125	16	254
2956	1	4	58	126	16	256
2957	1	4	59	127	16	258
2958	1	4	60	128	16	260
2959	1	4	61	129	16	262
2960	1	4	62	130	16	264
2961	1	4	63	131	16	266
2962	1	4	64	132	16	268
2963	1	5	0	67	8	139
2964	1	5	1	68	8	141
2965	1	5	2	69	8	143
2966	1	5	3	70	8	145
2967	1	5	4	71	8	147
2968	1	5	5	72	8	149
2969	1	5	6	73	8	151
2970	1	5	7	74	8	153
2971	1	5	8	75	8	155
2972	1	5	9	76	8	157
2973	1	5	10	77	8	159
2974	1	5	11	78	8	161
2975	1	5	12	79	8	163
2976	1	5	13	80	8	165
2977	1	5	14	81	8	167
2978	1	5	15	82	8	169
2979	1	5	16	83	8	171
2980	1	5	17	84	8	173
2981	1	5	18	85	8	175
2982	1	5	19	86	8	177
2983	1	5	20	87	8	179
2984	1	5	21	88	8	181
2985	1	5	22	89	8	183
2986	1	5	23	90	8	185
2987	1	5	24	91	8	187
2988	1	5	25	92	8	189
2989	1	5	26	93	8	191
2990	1	5	27	94	8	193
2991	1	5	28	95	8	195
2992	1	5	29	96	8	197
2993	1	5	30	97	8	199
2994	1	5	31	98	8	201
2995	1	5	32	99	8	203
2996	1	5	33	100	8	205
2997	1	5	34	101	8	207
2998	1	5	35	102	8	209
2999	1	5	36	103	8	211
3000	1	5	37	104	8	213
3001	1	5	38	105	8	215
3002	1	5	39	106	8	217
3003	1	5	40	107	8	219
3004	1	5	41	108	8	221
3005	1	5	42	109	8	223
3006	1	5	43	110	8	225
3007	1	5	44	111	8	227
3008	1	5	45	112	8	229
3009	1	5	46	113	8	231
3010	1	5	47	114	8	233
3011	1	5	48	115	8	235
3012	1	5	49	116	8	237
3013	1	5	50	117	8	239
3014	1	5	51	118	8	241
3015	1	5	52	119	8	243
3016	1	5	53	120	8	245
3017	1	5	54	121	8	247
3018	1	5	55	122	8	249
3019	1	5	56	123	8	251
3020	1	5	57	124	8	253
3021	1	5	58	125	8	255
3022	1	5	59	126	8	257
3023	1	5	60	127	8	259
3024	1	5	61	128	8	261
3025	1	5	62	129	8	263
3026	1	5	63	130	8	265
3027	1	6	0	66	4	138
3028	1	6	1	67	4	140
3029	1	6	2	68	4	142
3030	1	6	3	69	4	144
3031	1	6	4	70	4	146
3032	1	6	5	71	4	148
3033	1	6	6	72	4	150
3034	1	6	7	73	4	152
3035	1	6	8	74	4	154
3036	1	6	9	75	4	156
3037	1	6	10	76	4	158
3038	1	6	11	77	4	160
3039	1	6	12	78	4	162
3040	1	6	13	79	4	164
3041	1	6	14	80	4	166
3042	1	6	15	81	4	168
3043	1	6	16	82	4	170
3044	1	6	17	83	4	172
3045	1	6	18	84	4	174
3046	1	6	19	85	4	176
3047	1	6	20	86	4	178
3048	1	6	21	87	4	180
3049	1	6	22	88	4	182
3050	1	6	23	89	4	184
3051	1	6	24	90	4	186
3052	1	6	25	91	4	188
3053	1	6	26	92	4	190
3054	1	6	27	93	4	192
3055	1	6	28	94	4	194
3056	1	6	29	95	4	196
3057	1	6	30	96	4	198
3058	1	6	31	97	4	200
3059	1	6	32	98	4	202
3060	1	6	33	99	4	204
3061	1	6	34	100	4	206
3062	1	6	35	101	4	208
3063	1	6	36	102	4	210
3064	1	6	37	103	4	212
3065	1	6	38	104	4	214
3066	1	6	39	105	4	216
3067	1	6	40	106	4	218
3068	1	6	41	107	4	220
3069	1	6	42	108	4	222
3070	1	6	43	109	4	224
3071	1	6	44	110	4	226
3072	1	6	45	111	4	228
3073	1	6	46	112	4	230
3074	1	6	47	113	4	232
3075	1	6	48	114	4	234
3076	1	6	49	115	4	236
3077	1	6	50	116	4	238
3078	1	6	51	117	4	240
3079	1	6	52	118	4	242
3080	1	6	53	119	4	244
3081	1	6	54	120	4	246
3082	1	6	55	121	4	248
3083	1	6	56	122	4	250
3084	1	6	57	123	4	252
3085	1	6	58	124	4	254
3086	1	6	59	125	4	256
3087	1	6	60	126	4	258
3088	1	6	61	127	4	260
3089	1	6	62	128	4	262
3090	1	7	0	65	2	137
3091	1	7	1	66	2	139
3092	1	7	2	67	2	141
3093	1	7	3	68	2	143
3094	1	7	4	69	2	145
3095	1	7	5	70	2	147
3096	1	7	6	71	2	149
3097	1	7	7	72	2	151
3098	1	7	8	73	2	153
3099	1	7	9	74	2	155
3100	1	7	10	75	2	157
3101	1	7	11	76	2	159
3102	1	7	12	77	2	161
3103	1	7	13	78	2	163
3104	1	7	14	79	2	165
3105	1	7	15	80	2	167
3106	1	7	16	81	2	169
3107	1	7	17	82	2	171
3108	1	7	18	83	2	173
3109	1	7	19	84	2	175
3110	1	7	20	85	2	177
3111	1	7	21	86	2	179
3112	1	7	22	87	2	181
3113	1	7	23	88	2	183
3114	1	7	24	89	2	185
3115	1	7	25	90	2	187
3116	1	7	26	91	2	189
3117	1	7	27	92	2	191
3118	1	7	28	93	2	193
3119	1	7	29	94	2	195
3120	1	7	30	95	2	197
3121	1	7	31	96	2	199
3122	1	7	32	97	2	201
3123	1	7	33	98	2	203
3124	1	7	34	99	2	205
3125	1	7	35	100	2	207
3126	1	7	36	101	2	209
3127	1	7	37	102	2	211
3128	1	7	38	103	2	213
3129	1	7	39	104	2	215
3130	1	7	40	105	2	217
3131	1	7	41	106	2	219
3132	1	7	42	107	2	221
3133	1	7	43	108	2	223
3134	1	7	44	109	2	225
3135	1	7	45	110	2	227
3136	1	7	46	111	2	229
3137	1	7	47	112	2	231
3138	1	7	48	113	2	233
3139	1	7	49	114	2	235
3140	1	7	50	115	2	237
3141	1	7	51	116	2	239
3142	1	7	52	117	2	241
3143	1	7	53	118	2	243
3144	1	7	54	119	2	245
3145	1	7	55	120	2	247
3146	1	7	56	121	2	249
3147	1	7	57	122	2	251
3148	1	7	58	123	2	253
3149	1	7	59	124	2	255
3150	1	7	60	125	2	257
3151	1	7	61	126	2	259
3152	1	8	0	64	1	136
3153	1	8	1	65	1	138
3154	1	8	2	66	1	140
3155	1	8	3	67	1	142
3156	1	8	4	68	1	144
3157	1	8	5	69	1	146
3158	1	8	6	70	1	148
3159	1	8	7	71	1	150
3160	1	8	8	72	1	152
3161	1	8	9	73	1	154
3162	1	8	10	74	1	156
3163	1	8	11	75	1	158
3164	1	8	12	76	1	160
3165	1	8	13	77	1	162
3166	1	8	14	78	1	164
3167	1	8	15	79	1	166
3168	1	8	16	80	1	168
3169	1	8	17	81	1	170
3170	1	8	18	82	1	172
3171	1	8	19	83	1	174
3172	1	8	20	84	1	176
3173	1	8	21	85	1	178
3174	1	8	22	86	1	180
3175	1	8	23	87	1	182
3176	1	8	24	88	1	184
3177	1	8	25	89	1	186
3178	1	8	26	90	1	188
3179	1	8	27	91	1	190
3180	1	8	28	92	1	192
3181	1	8	29	93	1	194
3182	1	8	30	94	1	196
3183	1	8	31	95	1	198
3184	1	8	32	96	1	200
3185	1	8	33	97	1	202
3186	1	8	34	98	1	204
3187	1	8	35	99	1	206
3188	1	8	36	100	1	208
3189	1	8	37	101	1	210
3190	1	8	38	102	1	212
3191	1	8	39	103	1	214
3192	1	8	40	104	1	216
3193	1	8	41	105	1	218
3194	1	8	42	106	1	220
3195	1	8	43	107	1	222
3196	1	8	44	108	1	224
3197	1	8	45	109	1	226
3198	1	8	46	110	1	228
3199	1	8	47	111	1	230
3200	1	8	48	112	1	232
3201	1	8	49	113	1	234
3202	1	8	50	114	1	236
3203	1	8	51	115	1	238
3204	1	8	52	116	1	240
3205	1	8	53	117	1	242
3206	1	8	54	118	1	244
3207	1	8	55	119	1	246
3208	1	8	56	120	1	248
3209	1	8	57	121	1	250
3210	1	8	58	122	1	252
3211	1	8	59	123	1	254
3212	1	8	60	124	1	256
3213	1	9	0	63	129	135
3214	1	9	1	64	129	137
3215	1	9	2	65	129	139
3216	1	9	3	66	129	141
3217	1	9	4	67	129	143
3218	1	9	5	68	129	145
3219	1	9	6	69	129	147
3220	1	9	7	70	129	149
3221	1	9	8	71	129	151
3222	1	9	9	72	129	153
3223	1	9	10	73	129	155
3224	1	9	11	74	129	157
3225	1	9	12	75	129	159
3226	1	9	13	76	129	161
3227	1	9	14	77	129	163
3228	1	9	15	78	129	165
3229	1	9	16	79	129	167
3230	1	9	17	80	129	169
3231	1	9	18	81	129	171
3232	1	9	19	82	129	173
3233	1	9	20	83	129	175
3234	1	9	21	84	129	177
3235	1	9	22	85	129	179
3236	1	9	23	86	129	181
3237	1	9	24	87	129	183
3238	1	9	25	88	129	185
3239	1	9	26	89	129	187
3240	1	9	27	90	129	189
3241	1	9	28	91	129	191
3242	1	9	29	92	129	193
3243	1	9	30	93	129	195
3244	1	9	31	94	129	197
3245	1	9	32	95	129	199
3246	1	9	33	96	129	201
3247	1	9	34	97	129	203
3248	1	9	35	98	129	205
3249	1	9	36	99	129	207
3250	1	9	37	100	129	209
3251	1	9	38	101	129	211
3252	1	9	39	102	129	213
3253	1	9	40	103	129	215
3254	1	9	41	104	129	217
3255	1	9	42	105	129	219
3256	1	9	43	106	129	221
3257	1	9	44	107	129	223
3258	1	9	45	108	129	225
3259	1	9	46	109	129	227
3260	1	9	47	110	129	229
3261	1	9	48	111	129	231
3262	1	9	49	112	129	233
3263	1	9	50	113	129	235
3264	1	9	51	114	129	237
3265	1	9	52	115	129	239
3266	1	9	53	116	129	241
3267	1	9	54	117	129	243
3268	1	9	55	118	129	245
3269	1	9	56	119	129	247
3270	1	9	57	120	129	249
3271	1	9	58	121	129	251
3272	1	9	59	122	129	253
3273	1	10	0	62	193	134
3274	1	10	1	63	193	136
3275	1	10	2	64	193	138
3276	1	10	3	65	193	140
3277	1	10	4	66	193	142
3278	1	10	5	67	193	144
3279	1	10	6	68	193	146
3280	1	10	7	69	193	148
3281	1	10	8	70	193	150
3282	1	10	9	71	193	152
3283	1	10	10	72	193	154
3284	1	10	11	73	193	156
3285	1	10	12	74	193	158
3286	1	10	13	75	193	160
3287	1	10	14	76	193	162
3288	1	10	15	77	193	164
3289	1	10	16	78	193	166
3290	1	10	17	79	193	168
3291	1	10	18	80	193	170
3292	1	10	19	81	193	172
3293	1	10	20	82	193	174
3294	1	10	21	83	193	176
3295	1	10	22	84	193	178
3296	1	10	23	85	193	180
3297	1	10	24	86	193	182
3298	1	10	25	87	193	184
3299	1	10	26	88	193	186
3300	1	10	27	89	193	188
3301	1	10	28	90	193	190
3302	1	10	29	91	193	192
3303	1	10	30	92	193	194
3304	1	10	31	93	193	196
3305	1	10	32	94	193	198
3306	1	10	33	95	193	200
3307	1	10	34	96	193	202
3308	1	10	35	97	193	204
3309	1	10	36	98	193	206
3310	1	10	37	99	193	208
3311	1	10	38	100	193	210
3312	1	10	39	101	193	212
3313	1	10	40	102	193	214
3314	1	10	41	103	193	216
3315	1	10	42	104	193	218
3316	1	10	43	105	193	220
3317	1	10	44	106	193	222
3318	1	10	45	107	193	224
3319	1	10	46	108	193	226
3320	1	10	47	109	193	228
3321	1	10	48	110	193	230
3322	1	10	49	111	193	232
3323	1	10	50	112	193	234
3324	1	10	51	113	193	236
3325	1	10	52	114	193	238
3326	1	10	53	115	193	240
3327	1	10	54	116	193	242
3328	1	10	55	117	193	244
3329	1	10	56	118	193	246
3330	1	10	57	119	193	248
3331	1	10	58	120	193	250
3332	1	11	0	61	225	133
3333	1	11	1	62	225	135
3334	1	11	2	63	225	137
3335	1	11	3	64	225	139
3336	1	11	4	65	225	141
3337	1	11	5	66	225	143
3338	1	11	6	67	225	145
3339	1	11	7	68	225	147
3340	1	11	8	69	225	149
3341	1	11	9	70	225	151
3342	1	11	10	71	225	153
3343	1	11	11	72	225	155
3344	1	11	12	73	225	157
3345	1	11	13	74	225	159
3346	1	11	14	75	225	161
3347	1	11	15	76	225	163
3348	1	11	16	77	225	165
3349	1	11	17	78	225	167
3350	1	11	18	79	225	169
3351	1	11	19	80	225	171
3352	1	11	20	81	225	173
3353	1	11	21	82	225	175
3354	1	11	22	83	225	177
3355	1	11	23	84	225	179
3356	1	11	24	85	225	181
3357	1	11	25	86	225	183
3358	1	11	26	87	225	185
3359	1	11	27	88	225	187
3360	1	11	28	89	225	189
3361	1	11	29	90	225	191
3362	1	11	30	91	225	193
3363	1	11	31	92	225	195
3364	1	11	32	93	225	197
3365	1	11	33	94	225	199
3366	1	11	34	95	225	201
3367	1	11	35	96	225	203
3368	1	11	36	97	225	205
3369	1	11	37	98	225	207
3370	1	11	38	99	225	209
3371	1	11	39	100	225	211
3372	1	11	40	101	225	213
3373	1	11	41	102	225	215
3374	1	11	42	103	225	217
3375	1	11	43	104	225	219
3376	1	11	44	105	225	221
3377	1	11	45	106	225	223
3378	1	11	46	107	225	225
3379	1	11	47	108	225	227
3380	1	11	48	109	225	229
3381	1	11	49	110	225	231
3382	1	11	50	111	225	233
3383	1	11	51	112	225	235
3384	1	11	52	113	225	237
3385	1	11	53	114	225	239
3386	1	11	54	115	225	241
3387	1	11	55	116	225	243
3388	1	11	56	117	225	245
3389	1	11	57	118	225	247
3390	1	12	0	60	241	132
3391	1	12	1	61	241	134
3392	1	12	2	62	241	136
3393	1	12	3	63	241	138
3394	1	12	4	64	241	140
3395	1	12	5	65	241	142
3396	1	12	6	66	241	144
3397	1	12	7	67	241	146
3398	1	12	8	68	241	148
3399	1	12	9	69	241	150
3400	1	12	10	70	241	152
3401	1	12	11	71	241	154
3402	1	12	12	72	241	156
3403	1	12	13	73	241	158
3404	1	12	14	74	241	160
3405	1	12	15	75	241	162
3406	1	12	16	76	241	164
3407	1	12	17	77	241	166
3408	1	12	18	78	241	168
3409	1	12	19	79	241	170
3410	1	12	20	80	241	172
3411	1	12	21	81	241	174
3412	1	12	22	82	241	176
3413	1	12	23	83	241	178
3414	1	12	24	84	241	180
3415	1	12	25	85	241	182
3416	1	12	26	86	241	184
3417	1	12	27	87	241	186
3418	1	12	28	88	241	188
3419	1	12	29	89	241	190
3420	1	12	30	90	241	192
3421	1	12	31	91	241	194
3422	1	12	32	92	241	196
3423	1	12	33	93	241	198
3424	1	12	34	94	241	200
3425	1	12	35	95	241	202
3426	1	12	36	96	241	204
3427	1	12	37	97	241	206
3428	1	12	38	98	241	208
3429	1	12	39	99	241	210
3430	1	12	40	100	241	212
3431	1	12	41	101	241	214
3432	1	12	42	102	241	216
3433	1	12	43	103	241	218
3434	1	12	44	104	241	220
3435	1	12	45	105	241	222
3436	1	12	46	106	241	224
3437	1	12	47	107	241	226
3438	1	12	48	108	241	228
3439	1	12	49	109	241	230
3440	1	12	50	110	241	232
3441	1	12	51	111	241	234
3442	1	12	52	112	241	236
3443	1	12	53	113	241	238
3444	1	12	54	114	241	240
3445	1	12	55	115	241	242
3446	1	12	56	116	241	244
3447	1	13	0	59	249	131
3448	1	13	1	60	249	133
3449	1	13	2	61	249	135
3450	1	13	3	62	249	137
3451	1	13	4	63	249	139
3452	1	13	5	64	249	141
3453	1	13	6	65	249	143
3454	1	13	7	66	249	145
3455	1	13	8	67	249	147
3456	1	13	9	68	249	149
3457	1	13	10	69	249	151
3458	1	13	11	70	249	153
3459	1	13	12	71	249	155
3460	1	13	13	72	249	157
3461	1	13	14	73	249	159
3462	1	13	15	74	249	161
3463	1	13	16	75	249	163
3464	1	13	17	76	249	165
3465	1	13	18	77	249	167
3466	1	13	19	78	249	169
3467	1	13	20	79	249	171
3468	1	13	21	80	249	173
3469	1	13	22	81	249	175
3470	1	13	23	82	249	177
3471	1	13	24	83	249	179
3472	1	13	25	84	249	181
3473	1	13	26	85	249	183
3474	1	13	27	86	249	185
3475	1	13	28	87	249	187
3476	1	13	29	88	249	189
3477	1	13	30	89	249	191
3478	1	13	31	90	249	193
3479	1	13	32	91	249	195
3480	1	13	33	92	249	197
3481	1	13	34	93	249	199
3482	1	13	35	94	249	201
3483	1	13	36	95	249	203
3484	1	13	37	96	249	205
3485	1	13	38	97	249	207
3486	1	13	39	98	249	209
3487	1	13	40	99	249	211
3488	1	13	41	100	249	213
3489	1	13	42	101	249	215
3490	1	13	43	102	249	217
3491	1	13	44	103	249	219
3492	1	13	45	104	249	221
3493	1	13	46	105	249	223
3494	1	13	47	106	249	225
3495	1	13	48	107	249	227
3496	1	13	49	108	249	229
3497	1	13	50	109	249	231
3498	1	13	51	110	249	233
3499	1	13	52	111	249	235
3500	1	13	53	112	249	237
3501	1	13	54	113	249	239
3502	1	13	55	114	249	241
3503	1	14	0	58	253	130
3504	1	14	1	59	253	132
3505	1	14	2	60	253	134
3506	1	14	3	61	253	136
3507	1	14	4	62	253	138
3508	1	14	5	63	253	140
3509	1	14	6	64	253	142
3510	1	14	7	65	253	144
3511	1	14	8	66	253	146
3512	1	14	9	67	253	148
3513	1	14	10	68	253	150
3514	1	14	11	69	253	152
3515	1	14	12	70	253	154
3516	1	14	13	71	253	156
3517	1	14	14	72	253	158
3518	1	14	15	73	253	160
3519	1	14	16	74	253	162
3520	1	14	17	75	253	164
3521	1	14	18	76	253	166
3522	1	14	19	77	253	168
3523	1	14	20	78	253	170
3524	1	14	21	79	253	172
3525	1	14	22	80	253	174
3526	1	14	23	81	253	176
3527	1	14	24	82	253	178
3528	1	14	25	83	253	180
3529	1	14	26	84	253	182
3530	1	14	27	85	253	184
3531	1	14	28	86	253	186
3532	1	14	29	87	253	188
3533	1	14	30	88	253	190
3534	1	14	31	89	253	192
3535	1	14	32	90	253	194
3536	1	14	33	91	253	196
3537	1	14	34	92	253	198
3538	1	14	35	93	253	200
3539	1	14	36	94	253	202
3540	1	14	37	95	253	204
3541	1	14	38	96	253	206
3542	1	14	39	97	253	208
3543	1	14	40	98	253	210
3544	1	14	41	99	253	212
3545	1	14	42	100	253	214
3546	1	14	43	101	253	216
3547	1	14	44	102	253	218
3548	1	14	45	103	253	220
3549	1	14	46	104	253	222
3550	1	14	47	105	253	224
3551	1	14	48	106	253	226
3552	1	14	49	107	253	228
3553	1	14	50	108	253	230
3554	1	14	51	109	253	232
3555	1	14	52	110	253	234
3556	1	14	53	111	253	236
3557	1	14	54	112	253	238
3558	1	15	0	57	255	129
3559	1	15	1	58	255	131
3560	1	15	2	59	255	133
3561	1	15	3	60	255	135
3562	1	15	4	61	255	137
3563	1	15	5	62	255	139
3564	1	15	6	63	255	141
3565	1	15	7	64	255	143
3566	1	15	8	65	255	145
3567	1	15	9	66	255	147
3568	1	15	10	67	255	149
3569	1	15	11	68	255	151
3570	1	15	12	69	255	153
3571	1	15	13	70	255	155
3572	1	15	14	71	255	157
3573	1	15	15	72	255	159
3574	1	15	16	73	255	161
3575	1	15	17	74	255	163
3576	1	15	18	75	255	165
3577	1	15	19	76	255	167
3578	1	15	20	77	255	169
3579	1	15	21	78	255	171
3580	1	15	22	79	255	173
3581	1	15	23	80	255	175
3582	1	15	24	81	255	177
3583	1	15	25	82	255	179
3584	1	15	26	83	255	181
3585	1	15	27	84	255	183
3586	1	15	28	85	255	185
3587	1	15	29	86	255	187
3588	1	15	30	87	255	189
3589	1	15	31	88	255	191
3590	1	15	32	89	255	193
3591	1	15	33	90	255	195
3592	1	15	34	91	255	197
3593	1	15	35	92	255	199
3594	1	15	36	93	255	201
3595	1	15	37	94	255	203
3596	1	15	38	95	255	205
3597	1	15	39	96	255	207
3598	1	15	40	97	255	209
3599	1	15	41	98	255	211
3600	1	15	42	99	255	213
3601	1	15	43	100	255	215
3602	1	15	44	101	255	217
3603	1	15	45	102	255	219
3604	1	15	46	103	255	221
3605	1	15	47	104	255	223
3606	1	15	48	105	255	225
3607	1	15	49	106	255	227
3608	1	15	50	107	255	229
3609	1	15	51	108	255	231
3610	1	15	52	109	255	233
3611	1	15	53	110	255	235
3612	1	16	0	56	256	128
3613	1	16	1	57	256	130
3614	1	16	2	58	256	132
3615	1	16	3	59	256	134
3616	1	16	4	60	256	136
3617	1	16	5	61	256	138
3618	1	16	6	62	256	140
3619	1	16	7	63	256	142
3620	1	16	8	64	256	144
3621	1	16	9	65	256	146
3622	1	16	10	66	256	148
3623	1	16	11	67	256	150
3624	1	16	12	68	256	152
3625	1	16	13	69	256	154
3626	1	16	14	70	256	156
3627	1	16	15	71	256	158
3628	1	16	16	72	256	160
3629	1	16	17	73	256	162
3630	1	16	18	74	256	164
3631	1	16	19	75	256	166
3632	1	16	20	76	256	168
3633	1	16	21	77	256	170
3634	1	16	22	78	256	172
3635	1	16	23	79	256	174
3636	1	16	24	80	256	176
3637	1	16	25	81	256	178
3638	1	16	26	82	256	180
3639	1	16	27	83	256	182
3640	1	16	28	84	256	184
3641	1	16	29	85	256	186
3642	1	16	30	86	256	188
3643	1	16	31	87	256	190
3644	1	16	32	88	256	192
3645	1	16	33	89	256	194
3646	1	16	34	90	256	196
3647	1	16	35	91	256	198
3648	1	16	36	92	256	200
3649	1	16	37	93	256	202
3650	1	16	38	94	256	204
3651	1	16	39	95	256	206
3652	1	16	40	96	256	208
3653	1	16	41	97	256	210
3654	1	16	42	98	256	212
3655	1	16	43	99	256	214
3656	1	16	44	100	256	216
3657	1	16	45	101	256	218
3658	1	16	46	102	256	220
3659	1	16	47	103	256	222
3660	1	16	48	104	256	224
3661	1	16	49	105	256	226
3662	1	16	50	106	256	228
3663	1	16	51	107	256	230
3664	1	16	52	108	256	232
3665	1	17	0	55	128	127
3666	1	17	1	56	128	129
3667	1	17	2	57	128	131
3668	1	17	3	58	128	133
3669	1	17	4	59	128	135
3670	1	17	5	60	128	137
3671	1	17	6	61	128	139
3672	1	17	7	62	128	141
3673	1	17	8	63	128	143
3674	1	17	9	64	128	145
3675	1	17	10	65	128	147
3676	1	17	11	66	128	149
3677	1	17	12	67	128	151
3678	1	17	13	68	128	153
3679	1	17	14	69	128	155
3680	1	17	15	70	128	157
3681	1	17	16	71	128	159
3682	1	17	17	72	128	161
3683	1	17	18	73	128	163
3684	1	17	19	74	128	165
3685	1	17	20	75	128	167
3686	1	17	21	76	128	169
3687	1	17	22	77	128	171
3688	1	17	23	78	128	173
3689	1	17	24	79	128	175
3690	1	17	25	80	128	177
3691	1	17	26	81	128	179
3692	1	17	27	82	128	181
3693	1	17	28	83	128	183
3694	1	17	29	84	128	185
3695	1	17	30	85	128	187
3696	1	17	31	86	128	189
3697	1	17	32	87	128	191
3698	1	17	33	88	128	193
3699	1	17	34	89	128	195
3700	1	17	35	90	128	197
3701	1	17	36	91	128	199
3702	1	17	37	92	128	201
3703	1	17	38	93	128	203
3704	1	17	39	94	128	205
3705	1	17	40	95	128	207
3706	1	17	41	96	128	209
3707	1	17	42	97	128	211
3708	1	17	43	98	128	213
3709	1	17	44	99	128	215
3710	1	17	45	100	128	217
3711	1	17	46	101	128	219
3712	1	17	47	102	128	221
3713	1	17	48	103	128	223
3714	1	17	49	104	128	225
3715	1	17	50	105	128	227
3716	1	17	51	106	128	229
3717	1	18	0	54	64	126
3718	1	18	1	55	64	128
3719	1	18	2	56	64	130
3720	1	18	3	57	64	132
3721	1	18	4	58	64	134
3722	1	18	5	59	64	136
3723	1	18	6	60	64	138
3724	1	18	7	61	64	140
3725	1	18	8	62	64	142
3726	1	18	9	63	64	144
3727	1	18	10	64	64	146
3728	1	18	11	65	64	148
3729	1	18	12	66	64	150
3730	1	18	13	67	64	152
3731	1	18	14	68	64	154
3732	1	18	15	69	64	156
3733	1	18	16	70	64	158
3734	1	18	17	71	64	160
3735	1	18	18	72	64	162
3736	1	18	19	73	64	164
3737	1	18	20	74	64	166
3738	1	18	21	75	64	168
3739	1	18	22	76	64	170
3740	1	18	23	77	64	172
3741	1	18	24	78	64	174
3742	1	18	25	79	64	176
3743	1	18	26	80	64	178
3744	1	18	27	81	64	180
3745	1	18	28	82	64	182
3746	1	18	29	83	64	184
3747	1	18	30	84	64	186
3748	1	18	31	85	64	188
3749	1	18	32	86	64	190
3750	1	18	33	87	64	192
3751	1	18	34	88	64	194
3752	1	18	35	89	64	196
3753	1	18	36	90	64	198
3754	1	18	37	91	64	200
3755	1	18	38	92	64	202
3756	1	18	39	93	64	204
3757	1	18	40	94	64	206
3758	1	18	41	95	64	208
3759	1	18	42	96	64	210
3760	1	18	43	97	64	212
3761	1	18	44	98	64	214
3762	1	18	45	99	64	216
3763	1	18	46	100	64	218
3764	1	18	47	101	64	220
3765	1	18	48	102	64	222
3766	1	18	49	103	64	224
3767	1	18	50	104	64	226
3768	1	19	0	53	32	125
3769	1	19	1	54	32	127
3770	1	19	2	55	32	129
3771	1	19	3	56	32	131
3772	1	19	4	57	32	133
3773	1	19	5	58	32	135
3774	1	19	6	59	32	137
3775	1	19	7	60	32	139
3776	1	19	8	61	32	141
3777	1	19	9	62	32	143
3778	1	19	10	63	32	145
3779	1	19	11	64	32	147
3780	1	19	12	65	32	149
3781	1	19	13	66	32	151
3782	1	19	14	67	32	153
3783	1	19	15	68	32	155
3784	1	19	16	69	32	157
3785	1	19	17	70	32	159
3786	1	19	18	71	32	161
3787	1	19	19	72	32	163
3788	1	19	20	73	32	165
3789	1	19	21	74	32	167
3790	1	19	22	75	32	169
3791	1	19	23	76	32	171
3792	1	19	24	77	32	173
3793	1	19	25	78	32	175
3794	1	19	26	79	32	177
3795	1	19	27	80	32	179
3796	1	19	28	81	32	181
3797	1	19	29	82	32	183
3798	1	19	30	83	32	185
3799	1	19	31	84	32	187
3800	1	19	32	85	32	189
3801	1	19	33	86	32	191
3802	1	19	34	87	32	193
3803	1	19	35	88	32	195
3804	1	19	36	89	32	197
3805	1	19	37	90	32	199
3806	1	19	38	91	32	201
3807	1	19	39	92	32	203
3808	1	19	40	93	32	205
3809	1	19	41	94	32	207
3810	1	19	42	95	32	209
3811	1	19	43	96	32	211
3812	1	19	44	97	32	213
3813	1	19	45	98	32	215
3814	1	19	46	99	32	217
3815	1	19	47	100	32	219
3816	1	19	48	101	32	221
3817	1	19	49	102	32	223
3818	1	20	0	52	16	124
3819	1	20	1	53	16	126
3820	1	20	2	54	16	128
3821	1	20	3	55	16	130
3822	1	20	4	56	16	132
3823	1	20	5	57	16	134
3824	1	20	6	58	16	136
3825	1	20	7	59	16	138
3826	1	20	8	60	16	140
3827	1	20	9	61	16	142
3828	1	20	10	62	16	144
3829	1	20	11	63	16	146
3830	1	20	12	64	16	148
3831	1	20	13	65	16	150
3832	1	20	14	66	16	152
3833	1	20	15	67	16	154
3834	1	20	16	68	16	156
3835	1	20	17	69	16	158
3836	1	20	18	70	16	160
3837	1	20	19	71	16	162
3838	1	20	20	72	16	164
3839	1	20	21	73	16	166
3840	1	20	22	74	16	168
3841	1	20	23	75	16	170
3842	1	20	24	76	16	172
3843	1	20	25	77	16	174
3844	1	20	26	78	16	176
3845	1	20	27	79	16	178
3846	1	20	28	80	16	180
3847	1	20	29	81	16	182
3848	1	20	30	82	16	184
3849	1	20	31	83	16	186
3850	1	20	32	84	16	188
3851	1	20	33	85	16	190
3852	1	20	34	86	16	192
3853	1	20	35	87	16	194
3854	1	20	36	88	16	196
3855	1	20	37	89	16	198
3856	1	20	38	90	16	200
3857	1	20	39	91	16	202
3858	1	20	40	92	16	204
3859	1	20	41	93	16	206
3860	1	20	42	94	16	208
3861	1	20	43	95	16	210
3862	1	20	44	96	16	212
3863	1	20	45	97	16	214
3864	1	20	46	98	16	216
3865	1	20	47	99	16	218
3866	1	20	48	100	16	220
3867	1	21	0	51	8	123
3868	1	21	1	52	8	125
3869	1	21	2	53	8	127
3870	1	21	3	54	8	129
3871	1	21	4	55	8	131
3872	1	21	5	56	8	133
3873	1	21	6	57	8	135
3874	1	21	7	58	8	137
3875	1	21	8	59	8	139
3876	1	21	9	60	8	141
3877	1	21	10	61	8	143
3878	1	21	11	62	8	145
3879	1	21	12	63	8	147
3880	1	21	13	64	8	149
3881	1	21	14	65	8	151
3882	1	21	15	66	8	153
3883	1	21	16	67	8	155
3884	1	21	17	68	8	157
3885	1	21	18	69	8	159
3886	1	21	19	70	8	161
3887	1	21	20	71	8	163
3888	1	21	21	72	8	165
3889	1	21	22	73	8	167
3890	1	21	23	74	8	169
3891	1	21	24	75	8	171
3892	1	21	25	76	8	173
3893	1	21	26	77	8	175
3894	1	21	27	78	8	177
3895	1	21	28	79	8	179
3896	1	21	29	80	8	181
3897	1	21	30	81	8	183
3898	1	21	31	82	8	185
3899	1	21	32	83	8	187
3900	1	21	33	84	8	189
3901	1	21	34	85	8	191
3902	1	21	35	86	8	193
3903	1	21	36	87	8	195
3904	1	21	37	88	8	197
3905	1	21	38	89	8	199
3906	1	21	39	90	8	201
3907	1	21	40	91	8	203
3908	1	21	41	92	8	205
3909	1	21	42	93	8	207
3910	1	21	43	94	8	209
3911	1	21	44	95	8	211
3912	1	21	45	96	8	213
3913	1	21	46	97	8	215
3914	1	21	47	98	8	217
3915	1	22	0	50	4	122
3916	1	22	1	51	4	124
3917	1	22	2	52	4	126
3918	1	22	3	53	4	128
3919	1	22	4	54	4	130
3920	1	22	5	55	4	132
3921	1	22	6	56	4	134
3922	1	22	7	57	4	136
3923	1	22	8	58	4	138
3924	1	22	9	59	4	140
3925	1	22	10	60	4	142
3926	1	22	11	61	4	144
3927	1	22	12	62	4	146
3928	1	22	13	63	4	148
3929	1	22	14	64	4	150
3930	1	22	15	65	4	152
3931	1	22	16	66	4	154
3932	1	22	17	67	4	156
3933	1	22	18	68	4	158
3934	1	22	19	69	4	160
3935	1	22	20	70	4	162
3936	1	22	21	71	4	164
3937	1	22	22	72	4	166
3938	1	22	23	73	4	168
3939	1	22	24	74	4	170
3940	1	22	25	75	4	172
3941	1	22	26	76	4	174
3942	1	22	27	77	4	176
3943	1	22	28	78	4	178
3944	1	22	29	79	4	180
3945	1	22	30	80	4	182
3946	1	22	31	81	4	184
3947	1	22	32	82	4	186
3948	1	22	33	83	4	188
3949	1	22	34	84	4	190
3950	1	22	35	85	4	192
3951	1	22	36	86	4	194
3952	1	22	37	87	4	196
3953	1	22	38	88	4	198
3954	1	22	39	89	4	200
3955	1	22	40	90	4	202
3956	1	22	41	91	4	204
3957	1	22	42	92	4	206
3958	1	22	43	93	4	208
3959	1	22	44	94	4	210
3960	1	22	45	95	4	212
3961	1	22	46	96	4	214
3962	1	23	0	49	2	121
3963	1	23	1	50	2	123
3964	1	23	2	51	2	125
3965	1	23	3	52	2	127
3966	1	23	4	53	2	129
3967	1	23	5	54	2	131
3968	1	23	6	55	2	133
3969	1	23	7	56	2	135
3970	1	23	8	57	2	137
3971	1	23	9	58	2	139
3972	1	23	10	59	2	141
3973	1	23	11	60	2	143
3974	1	23	12	61	2	145
3975	1	23	13	62	2	147
3976	1	23	14	63	2	149
3977	1	23	15	64	2	151
3978	1	23	16	65	2	153
3979	1	23	17	66	2	155
3980	1	23	18	67	2	157
3981	1	23	19	68	2	159
3982	1	23	20	69	2	161
3983	1	23	21	70	2	163
3984	1	23	22	71	2	165
3985	1	23	23	72	2	167
3986	1	23	24	73	2	169
3987	1	23	25	74	2	171
3988	1	23	26	75	2	173
3989	1	23	27	76	2	175
3990	1	23	28	77	2	177
3991	1	23	29	78	2	179
3992	1	23	30	79	2	181
3993	1	23	31	80	2	183
3994	1	23	32	81	2	185
3995	1	23	33	82	2	187
3996	1	23	34	83	2	189
3997	1	23	35	84	2	191
3998	1	23	36	85	2	193
3999	1	23	37	86	2	195
4000	1	23	38	87	2	197
4001	1	23	39	88	2	199
4002	1	23	40	89	2	201
4003	1	23	41	90	2	203
4004	1	23	42	91	2	205
4005	1	23	43	92	2	207
4006	1	23	44	93	2	209
4007	1	23	45	94	2	211
4008	1	24	0	48	1	120
4009	1	24	1	49	1	122
4010	1	24	2	50	1	124
4011	1	24	3	51	1	126
4012	1	24	4	52	1	128
4013	1	24	5	53	1	130
4014	1	24	6	54	1	132
4015	1	24	7	55	1	134
4016	1	24	8	56	1	136
4017	1	24	9	57	1	138
4018	1	24	10	58	1	140
4019	1	24	11	59	1	142
4020	1	24	12	60	1	144
4021	1	24	13	61	1	146
4022	1	24	14	62	1	148
4023	1	24	15	63	1	150
4024	1	24	16	64	1	152
4025	1	24	17	65	1	154
4026	1	24	18	66	1	156
4027	1	24	19	67	1	158
4028	1	24	20	68	1	160
4029	1	24	21	69	1	162
4030	1	24	22	70	1	164
4031	1	24	23	71	1	166
4032	1	24	24	72	1	168
4033	1	24	25	73	1	170
4034	1	24	26	74	1	172
4035	1	24	27	75	1	174
4036	1	24	28	76	1	176
4037	1	24	29	77	1	178
4038	1	24	30	78	1	180
4039	1	24	31	79	1	182
4040	1	24	32	80	1	184
4041	1	24	33	81	1	186
4042	1	24	34	82	1	188
4043	1	24	35	83	1	190
4044	1	24	36	84	1	192
4045	1	24	37	85	1	194
4046	1	24	38	86	1	196
4047	1	24	39	87	1	198
4048	1	24	40	88	1	200
4049	1	24	41	89	1	202
4050	1	24	42	90	1	204
4051	1	24	43	91	1	206
4052	1	24	44	92	1	208
4053	1	25	0	47	129	119
4054	1	25	1	48	129	121
4055	1	25	2	49	129	123
4056	1	25	3	50	129	125
4057	1	25	4	51	129	127
4058	1	25	5	52	129	129
4059	1	25	6	53	129	131
4060	1	25	7	54	129	133
4061	1	25	8	55	129	135
4062	1	25	9	56	129	137
4063	1	25	10	57	129	139
4064	1	25	11	58	129	141
4065	1	25	12	59	129	143
4066	1	25	13	60	129	145
4067	1	25	14	61	129	147
4068	1	25	15	62	129	149
4069	1	25	16	63	129	151
4070	1	25	17	64	129	153
4071	1	25	18	65	129	155
4072	1	25	19	66	129	157
4073	1	25	20	67	129	159
4074	1	25	21	68	129	161
4075	1	25	22	69	129	163
4076	1	25	23	70	129	165
4077	1	25	24	71	129	167
4078	1	25	25	72	129	169
4079	1	25	26	73	129	171
4080	1	25	27	74	129	173
4081	1	25	28	75	129	175
4082	1	25	29	76	129	177
4083	1	25	30	77	129	179
4084	1	25	31	78	129	181
4085	1	25	32	79	129	183
4086	1	25	33	80	129	185
4087	1	25	34	81	129	187
4088	1	25	35	82	129	189
4089	1	25	36	83	129	191
4090	1	25	37	84	129	193
4091	1	25	38	85	129	195
4092	1	25	39	86	129	197
4093	1	25	40	87	129	199
4094	1	25	41	88	129	201
4095	1	25	42	89	129	203
4096	1	25	43	90	129	205
4097	1	26	0	46	193	118
4098	1	26	1	47	193	120
4099	1	26	2	48	193	122
4100	1	26	3	49	193	124
4101	1	26	4	50	193	126
4102	1	26	5	51	193	128
4103	1	26	6	52	193	130
4104	1	26	7	53	193	132
4105	1	26	8	54	193	134
4106	1	26	9	55	193	136
4107	1	26	10	56	193	138
4108	1	26	11	57	193	140
4109	1	26	12	58	193	142
4110	1	26	13	59	193	144
4111	1	26	14	60	193	146
4112	1	26	15	61	193	148
4113	1	26	16	62	193	150
4114	1	26	17	63	193	152
4115	1	26	18	64	193	154
4116	1	26	19	65	193	156
4117	1	26	20	66	193	158
4118	1	26	21	67	193	160
4119	1	26	22	68	193	162
4120	1	26	23	69	193	164
4121	1	26	24	70	193	166
4122	1	26	25	71	193	168
4123	1	26	26	72	193	170
4124	1	26	27	73	193	172
4125	1	26	28	74	193	174
4126	1	26	29	75	193	176
4127	1	26	30	76	193	178
4128	1	26	31	77	193	180
4129	1	26	32	78	193	182
4130	1	26	33	79	193	184
4131	1	26	34	80	193	186
4132	1	26	35	81	193	188
4133	1	26	36	82	193	190
4134	1	26	37	83	193	192
4135	1	26	38	84	193	194
4136	1	26	39	85	193	196
4137	1	26	40	86	193	198
4138	1	26	41	87	193	200
4139	1	26	42	88	193	202
4140	1	27	0	45	225	117
4141	1	27	1	46	225	119
4142	1	27	2	47	225	121
4143	1	27	3	48	225	123
4144	1	27	4	49	225	125
4145	1	27	5	50	225	127
4146	1	27	6	51	225	129
4147	1	27	7	52	225	131
4148	1	27	8	53	225	133
4149	1	27	9	54	225	135
4150	1	27	10	55	225	137
4151	1	27	11	56	225	139
4152	1	27	12	57	225	141
4153	1	27	13	58	225	143
4154	1	27	14	59	225	145
4155	1	27	15	60	225	147
4156	1	27	16	61	225	149
4157	1	27	17	62	225	151
4158	1	27	18	63	225	153
4159	1	27	19	64	225	155
4160	1	27	20	65	225	157
4161	1	27	21	66	225	159
4162	1	27	22	67	225	161
4163	1	27	23	68	225	163
4164	1	27	24	69	225	165
4165	1	27	25	70	225	167
4166	1	27	26	71	225	169
4167	1	27	27	72	225	171
4168	1	27	28	73	225	173
4169	1	27	29	74	225	175
4170	1	27	30	75	225	177
4171	1	27	31	76	225	179
4172	1	27	32	77	225	181
4173	1	27	33	78	225	183
4174	1	27	34	79	225	185
4175	1	27	35	80	225	187
4176	1	27	36	81	225	189
4177	1	27	37	82	225	191
4178	1	27	38	83	225	193
4179	1	27	39	84	225	195
4180	1	27	40	85	225	197
4181	1	27	41	86	225	199
4182	1	28	0	44	241	116
4183	1	28	1	45	241	118
4184	1	28	2	46	241	120
4185	1	28	3	47	241	122
4186	1	28	4	48	241	124
4187	1	28	5	49	241	126
4188	1	28	6	50	241	128
4189	1	28	7	51	241	130
4190	1	28	8	52	241	132
4191	1	28	9	53	241	134
4192	1	28	10	54	241	136
4193	1	28	11	55	241	138
4194	1	28	12	56	241	140
4195	1	28	13	57	241	142
4196	1	28	14	58	241	144
4197	1	28	15	59	241	146
4198	1	28	16	60	241	148
4199	1	28	17	61	241	150
4200	1	28	18	62	241	152
4201	1	28	19	63	241	154
4202	1	28	20	64	241	156
4203	1	28	21	65	241	158
4204	1	28	22	66	241	160
4205	1	28	23	67	241	162
4206	1	28	24	68	241	164
4207	1	28	25	69	241	166
4208	1	28	26	70	241	168
4209	1	28	27	71	241	170
4210	1	28	28	72	241	172
4211	1	28	29	73	241	174
4212	1	28	30	74	241	176
4213	1	28	31	75	241	178
4214	1	28	32	76	241	180
4215	1	28	33	77	241	182
4216	1	28	34	78	241	184
4217	1	28	35	79	241	186
4218	1	28	36	80	241	188
4219	1	28	37	81	241	190
4220	1	28	38	82	241	192
4221	1	28	39	83	241	194
4222	1	28	40	84	241	196
4223	1	29	0	43	249	115
4224	1	29	1	44	249	117
4225	1	29	2	45	249	119
4226	1	29	3	46	249	121
4227	1	29	4	47	249	123
4228	1	29	5	48	249	125
4229	1	29	6	49	249	127
4230	1	29	7	50	249	129
4231	1	29	8	51	249	131
4232	1	29	9	52	249	133
4233	1	29	10	53	249	135
4234	1	29	11	54	249	137
4235	1	29	12	55	249	139
4236	1	29	13	56	249	141
4237	1	29	14	57	249	143
4238	1	29	15	58	249	145
4239	1	29	16	59	249	147
4240	1	29	17	60	249	149
4241	1	29	18	61	249	151
4242	1	29	19	62	249	153
4243	1	29	20	63	249	155
4244	1	29	21	64	249	157
4245	1	29	22	65	249	159
4246	1	29	23	66	249	161
4247	1	29	24	67	249	163
4248	1	29	25	68	249	165
4249	1	29	26	69	249	167
4250	1	29	27	70	249	169
4251	1	29	28	71	249	171
4252	1	29	29	72	249	173
4253	1	29	30	73	249	175
4254	1	29	31	74	249	177
4255	1	29	32	75	249	179
4256	1	29	33	76	249	181
4257	1	29	34	77	249	183
4258	1	29	35	78	249	185
4259	1	29	36	79	249	187
4260	1	29	37	80	249	189
4261	1	29	38	81	249	191
4262	1	29	39	82	249	193
4263	1	30	0	42	253	114
4264	1	30	1	43	253	116
4265	1	30	2	44	253	118
4266	1	30	3	45	253	120
4267	1	30	4	46	253	122
4268	1	30	5	47	253	124
4269	1	30	6	48	253	126
4270	1	30	7	49	253	128
4271	1	30	8	50	253	130
4272	1	30	9	51	253	132
4273	1	30	10	52	253	134
4274	1	30	11	53	253	136
4275	1	30	12	54	253	138
4276	1	30	13	55	253	140
4277	1	30	14	56	253	142
4278	1	30	15	57	253	144
4279	1	30	16	58	253	146
4280	1	30	17	59	253	148
4281	1	30	18	60	253	150
4282	1	30	19	61	253	152
4283	1	30	20	62	253	154
4284	1	30	21	63	253	156
4285	1	30	22	64	253	158
4286	1	30	23	65	253	160
4287	1	30	24	66	253	162
4288	1	30	25	67	253	164
4289	1	30	26	68	253	166
4290	1	30	27	69	253	168
4291	1	30	28	70	253	170
4292	1	30	29	71	253	172
4293	1	30	30	72	253	174
4294	1	30	31	73	253	176
4295	1	30	32	74	253	178
4296	1	30	33	75	253	180
4297	1	30	34	76	253	182
4298	1	30	35	77	253	184
4299	1	30	36	78	253	186
4300	1	30	37	79	253	188
4301	1	30	38	80	253	190
4302	1	31	0	41	255	113
4303	1	31	1	42	255	115
4304	1	31	2	43	255	117
4305	1	31	3	44	255	119
4306	1	31	4	45	255	121
4307	1	31	5	46	255	123
4308	1	31	6	47	255	125
4309	1	31	7	48	255	127
4310	1	31	8	49	255	129
4311	1	31	9	50	255	131
4312	1	31	10	51	255	133
4313	1	31	11	52	255	135
4314	1	31	12	53	255	137
4315	1	31	13	54	255	139
4316	1	31	14	55	255	141
4317	1	31	15	56	255	143
4318	1	31	16	57	255	145
4319	1	31	17	58	255	147
4320	1	31	18	59	255	149
4321	1	31	19	60	255	151
4322	1	31	20	61	255	153
4323	1	31	21	62	255	155
4324	1	31	22	63	255	157
4325	1	31	23	64	255	159
4326	1	31	24	65	255	161
4327	1	31	25	66	255	163
4328	1	31	26	67	255	165
4329	1	31	27	68	255	167
4330	1	31	28	69	255	169
4331	1	31	29	70	255	171
4332	1	31	30	71	255	173
4333	1	31	31	72	255	175
4334	1	31	32	73	255	177
4335	1	31	33	74	255	179
4336	1	31	34	75	255	181
4337	1	31	35	76	255	183
4338	1	31	36	77	255	185
4339	1	31	37	78	255	187
4340	1	32	0	40	256	112
4341	1	32	1	41	256	114
4342	1	32	2	42	256	116
4343	1	32	3	43	256	118
4344	1	32	4	44	256	120
4345	1	32	5	45	256	122
4346	1	32	6	46	256	124
4347	1	32	7	47	256	126
4348	1	32	8	48	256	128
4349	1	32	9	49	256	130
4350	1	32	10	50	256	132
4351	1	32	11	51	256	134
4352	1	32	12	52	256	136
4353	1	32	13	53	256	138
4354	1	32	14	54	256	140
4355	1	32	15	55	256	142
4356	1	32	16	56	256	144
4357	1	32	17	57	256	146
4358	1	32	18	58	256	148
4359	1	32	19	59	256	150
4360	1	32	20	60	256	152
4361	1	32	21	61	256	154
4362	1	32	22	62	256	156
4363	1	32	23	63	256	158
4364	1	32	24	64	256	160
4365	1	32	25	65	256	162
4366	1	32	26	66	256	164
4367	1	32	27	67	256	166
4368	1	32	28	68	256	168
4369	1	32	29	69	256	170
4370	1	32	30	70	256	172
4371	1	32	31	71	256	174
4372	1	32	32	72	256	176
4373	1	32	33	73	256	178
4374	1	32	34	74	256	180
4375	1	32	35	75	256	182
4376	1	32	36	76	256	184
4377	1	33	0	39	128	111
4378	1	33	1	40	128	113
4379	1	33	2	41	128	115
4380	1	33	3	42	128	117
4381	1	33	4	43	128	119
4382	1	33	5	44	128	121
4383	1	33	6	45	128	123
4384	1	33	7	46	128	125
4385	1	33	8	47	128	127
4386	1	33	9	48	128	129
4387	1	33	10	49	128	131
4388	1	33	11	50	128	133
4389	1	33	12	51	128	135
4390	1	33	13	52	128	137
4391	1	33	14	53	128	139
4392	1	33	15	54	128	141
4393	1	33	16	55	128	143
4394	1	33	17	56	128	145
4395	1	33	18	57	128	147
4396	1	33	19	58	128	149
4397	1	33	20	59	128	151
4398	1	33	21	60	128	153
4399	1	33	22	61	128	155
4400	1	33	23	62	128	157
4401	1	33	24	63	128	159
4402	1	33	25	64	128	161
4403	1	33	26	65	128	163
4404	1	33	27	66	128	165
4405	1	33	28	67	128	167
4406	1	33	29	68	128	169
4407	1	33	30	69	128	171
4408	1	33	31	70	128	173
4409	1	33	32	71	128	175
4410	1	33	33	72	128	177
4411	1	33	34	73	128	179
4412	1	33	35	74	128	181
4413	1	34	0	38	64	110
4414	1	34	1	39	64	112
4415	1	34	2	40	64	114
4416	1	34	3	41	64	116
4417	1	34	4	42	64	118
4418	1	34	5	43	64	120
4419	1	34	6	44	64	122
4420	1	34	7	45	64	124
4421	1	34	8	46	64	126
4422	1	34	9	47	64	128
4423	1	34	10	48	64	130
4424	1	34	11	49	64	132
4425	1	34	12	50	64	134
4426	1	34	13	51	64	136
4427	1	34	14	52	64	138
4428	1	34	15	53	64	140
4429	1	34	16	54	64	142
4430	1	34	17	55	64	144
4431	1	34	18	56	64	146
4432	1	34	19	57	64	148
4433	1	34	20	58	64	150
4434	1	34	21	59	64	152
4435	1	34	22	60	64	154
4436	1	34	23	61	64	156
4437	1	34	24	62	64	158
4438	1	34	25	63	64	160
4439	1	34	26	64	64	162
4440	1	34	27	65	64	164
4441	1	34	28	66	64	166
4442	1	34	29	67	64	168
4443	1	34	30	68	64	170
4444	1	34	31	69	64	172
4445	1	34	32	70	64	174
4446	1	34	33	71	64	176
4447	1	34	34	72	64	178
4448	1	35	0	37	32	109
4449	1	35	1	38	32	111
4450	1	35	2	39	32	113
4451	1	35	3	40	32	115
4452	1	35	4	41	32	117
4453	1	35	5	42	32	119
4454	1	35	6	43	32	121
4455	1	35	7	44	32	123
4456	1	35	8	45	32	125
4457	1	35	9	46	32	127
4458	1	35	10	47	32	129
4459	1	35	11	48	32	131
4460	1	35	12	49	32	133
4461	1	35	13	50	32	135
4462	1	35	14	51	32	137
4463	1	35	15	52	32	139
4464	1	35	16	53	32	141
4465	1	35	17	54	32	143
4466	1	35	18	55	32	145
4467	1	35	19	56	32	147
4468	1	35	20	57	32	149
4469	1	35	21	58	32	151
4470	1	35	22	59	32	153
4471	1	35	23	60	32	155
4472	1	35	24	61	32	157
4473	1	35	25	62	32	159
4474	1	35	26	63	32	161
4475	1	35	27	64	32	163
4476	1	35	28	65	32	165
4477	1	35	29	66	32	167
4478	1	35	30	67	32	169
4479	1	35	31	68	32	171
4480	1	35	32	69	32	173
4481	1	35	33	70	32	175
4482	1	36	0	36	16	108
4483	1	36	1	37	16	110
4484	1	36	2	38	16	112
4485	1	36	3	39	16	114
4486	1	36	4	40	16	116
4487	1	36	5	41	16	118
4488	1	36	6	42	16	120
4489	1	36	7	43	16	122
4490	1	36	8	44	16	124
4491	1	36	9	45	16	126
4492	1	36	10	46	16	128
4493	1	36	11	47	16	130
4494	1	36	12	48	16	132
4495	1	36	13	49	16	134
4496	1	36	14	50	16	136
4497	1	36	15	51	16	138
4498	1	36	16	52	16	140
4499	1	36	17	53	16	142
4500	1	36	18	54	16	144
4501	1	36	19	55	16	146
4502	1	36	20	56	16	148
4503	1	36	21	57	16	150
4504	1	36	22	58	16	152
4505	1	36	23	59	16	154
4506	1	36	24	60	16	156
4507	1	36	25	61	16	158
4508	1	36	26	62	16	160
4509	1	36	27	63	16	162
4510	1	36	28	64	16	164
4511	1	36	29	65	16	166
4512	1	36	30	66	16	168
4513	1	36	31	67	16	170
4514	1	36	32	68	16	172
4515	1	37	0	35	8	107
4516	1	37	1	36	8	109
4517	1	37	2	37	8	111
4518	1	37	3	38	8	113
4519	1	37	4	39	8	115
4520	1	37	5	40	8	117
4521	1	37	6	41	8	119
4522	1	37	7	42	8	121
4523	1	37	8	43	8	123
4524	1	37	9	44	8	125
4525	1	37	10	45	8	127
4526	1	37	11	46	8	129
4527	1	37	12	47	8	131
4528	1	37	13	48	8	133
4529	1	37	14	49	8	135
4530	1	37	15	50	8	137
4531	1	37	16	51	8	139
4532	1	37	17	52	8	141
4533	1	37	18	53	8	143
4534	1	37	19	54	8	145
4535	1	37	20	55	8	147
4536	1	37	21	56	8	149
4537	1	37	22	57	8	151
4538	1	37	23	58	8	153
4539	1	37	24	59	8	155
4540	1	37	25	60	8	157
4541	1	37	26	61	8	159
4542	1	37	27	62	8	161
4543	1	37	28	63	8	163
4544	1	37	29	64	8	165
4545	1	37	30	65	8	167
4546	1	37	31	66	8	169
4547	1	38	0	34	4	106
4548	1	38	1	35	4	108
4549	1	38	2	36	4	110
4550	1	38	3	37	4	112
4551	1	38	4	38	4	114
4552	1	38	5	39	4	116
4553	1	38	6	40	4	118
4554	1	38	7	41	4	120
4555	1	38	8	42	4	122
4556	1	38	9	43	4	124
4557	1	38	10	44	4	126
4558	1	38	11	45	4	128
4559	1	38	12	46	4	130
4560	1	38	13	47	4	132
4561	1	38	14	48	4	134
4562	1	38	15	49	4	136
4563	1	38	16	50	4	138
4564	1	38	17	51	4	140
4565	1	38	18	52	4	142
4566	1	38	19	53	4	144
4567	1	38	20	54	4	146
4568	1	38	21	55	4	148
4569	1	38	22	56	4	150
4570	1	38	23	57	4	152
4571	1	38	24	58	4	154
4572	1	38	25	59	4	156
4573	1	38	26	60	4	158
4574	1	38	27	61	4	160
4575	1	38	28	62	4	162
4576	1	38	29	63	4	164
4577	1	38	30	64	4	166
4578	1	39	0	33	2	105
4579	1	39	1	34	2	107
4580	1	39	2	35	2	109
4581	1	39	3	36	2	111
4582	1	39	4	37	2	113
4583	1	39	5	38	2	115
4584	1	39	6	39	2	117
4585	1	39	7	40	2	119
4586	1	39	8	41	2	121
4587	1	39	9	42	2	123
4588	1	39	10	43	2	125
4589	1	39	11	44	2	127
4590	1	39	12	45	2	129
4591	1	39	13	46	2	131
4592	1	39	14	47	2	133
4593	1	39	15	48	2	135
4594	1	39	16	49	2	137
4595	1	39	17	50	2	139
4596	1	39	18	51	2	141
4597	1	39	19	52	2	143
4598	1	39	20	53	2	145
4599	1	39	21	54	2	147
4600	1	39	22	55	2	149
4601	1	39	23	56	2	151
4602	1	39	24	57	2	153
4603	1	39	25	58	2	155
4604	1	39	26	59	2	157
4605	1	39	27	60	2	159
4606	1	39	28	61	2	161
4607	1	39	29	62	2	163
4608	1	40	0	32	1	104
4609	1	40	1	33	1	106
4610	1	40	2	34	1	108
4611	1	40	3	35	1	110
4612	1	40	4	36	1	112
4613	1	40	5	37	1	114
4614	1	40	6	38	1	116
4615	1	40	7	39	1	118
4616	1	40	8	40	1	120
4617	1	40	9	41	1	122
4618	1	40	10	42	1	124
4619	1	40	11	43	1	126
4620	1	40	12	44	1	128
4621	1	40	13	45	1	130
4622	1	40	14	46	1	132
4623	1	40	15	47	1	134
4624	1	40	16	48	1	136
4625	1	40	17	49	1	138
4626	1	40	18	50	1	140
4627	1	40	19	51	1	142
4628	1	40	20	52	1	144
4629	1	40	21	53	1	146
4630	1	40	22	54	1	148
4631	1	40	23	55	1	150
4632	1	40	24	56	1	152
4633	1	40	25	57	1	154
4634	1	40	26	58	1	156
4635	1	40	27	59	1	158
4636	1	40	28	60	1	160
4637	1	41	0	31	129	103
4638	1	41	1	32	129	105
4639	1	41	2	33	129	107
4640	1	41	3	34	129	109
4641	1	41	4	35	129	111
4642	1	41	5	36	129	113
4643	1	41	6	37	129	115
4644	1	41	7	38	129	117
4645	1	41	8	39	129	119
4646	1	41	9	40	129	121
4647	1	41	10	41	129	123
4648	1	41	11	42	129	125
4649	1	41	12	43	129	127
4650	1	41	13	44	129	129
4651	1	41	14	45	129	131
4652	1	41	15	46	129	133
4653	1	41	16	47	129	135
4654	1	41	17	48	129	137
4655	1	41	18	49	129	139
4656	1	41	19	50	129	141
4657	1	41	20	51	129	143
4658	1	41	21	52	129	145
4659	1	41	22	53	129	147
4660	1	41	23	54	129	149
4661	1	41	24	55	129	151
4662	1	41	25	56	129	153
4663	1	41	26	57	129	155
4664	1	41	27	58	129	157
4665	1	42	0	30	193	102
4666	1	42	1	31	193	104
4667	1	42	2	32	193	106
4668	1	42	3	33	193	108
4669	1	42	4	34	193	110
4670	1	42	5	35	193	112
4671	1	42	6	36	193	114
4672	1	42	7	37	193	116
4673	1	42	8	38	193	118
4674	1	42	9	39	193	120
4675	1	42	10	40	193	122
4676	1	42	11	41	193	124
4677	1	42	12	42	193	126
4678	1	42	13	43	193	128
4679	1	42	14	44	193	130
4680	1	42	15	45	193	132
4681	1	42	16	46	193	134
4682	1	42	17	47	193	136
4683	1	42	18	48	193	138
4684	1	42	19	49	193	140
4685	1	42	20	50	193	142
4686	1	42	21	51	193	144
4687	1	42	22	52	193	146
4688	1	42	23	53	193	148
4689	1	42	24	54	193	150
4690	1	42	25	55	193	152
4691	1	42	26	56	193	154
4692	1	43	0	29	225	101
4693	1	43	1	30	225	103
4694	1	43	2	31	225	105
4695	1	43	3	32	225	107
4696	1	43	4	33	225	109
4697	1	43	5	34	225	111
4698	1	43	6	35	225	113
4699	1	43	7	36	225	115
4700	1	43	8	37	225	117
4701	1	43	9	38	225	119
4702	1	43	10	39	225	121
4703	1	43	11	40	225	123
4704	1	43	12	41	225	125
4705	1	43	13	42	225	127
4706	1	43	14	43	225	129
4707	1	43	15	44	225	131
4708	1	43	16	45	225	133
4709	1	43	17	46	225	135
4710	1	43	18	47	225	137
4711	1	43	19	48	225	139
4712	1	43	20	49	225	141
4713	1	43	21	50	225	143
4714	1	43	22	51	225	145
4715	1	43	23	52	225	147
4716	1	43	24	53	225	149
4717	1	43	25	54	225	151
4718	1	44	0	28	241	100
4719	1	44	1	29	241	102
4720	1	44	2	30	241	104
4721	1	44	3	31	241	106
4722	1	44	4	32	241	108
4723	1	44	5	33	241	110
4724	1	44	6	34	241	112
4725	1	44	7	35	241	114
4726	1	44	8	36	241	116
4727	1	44	9	37	241	118
4728	1	44	10	38	241	120
4729	1	44	11	39	241	122
4730	1	44	12	40	241	124
4731	1	44	13	41	241	126
4732	1	44	14	42	241	128
4733	1	44	15	43	241	130
4734	1	44	16	44	241	132
4735	1	44	17	45	241	134
4736	1	44	18	46	241	136
4737	1	44	19	47	241	138
4738	1	44	20	48	241	140
4739	1	44	21	49	241	142
4740	1	44	22	50	241	144
4741	1	44	23	51	241	146
4742	1	44	24	52	241	148
4743	1	45	0	27	249	99
4744	1	45	1	28	249	101
4745	1	45	2	29	249	103
4746	1	45	3	30	249	105
4747	1	45	4	31	249	107
4748	1	45	5	32	249	109
4749	1	45	6	33	249	111
4750	1	45	7	34	249	113
4751	1	45	8	35	249	115
4752	1	45	9	36	249	117
4753	1	45	10	37	249	119
4754	1	45	11	38	249	121
4755	1	45	12	39	249	123
4756	1	45	13	40	249	125
4757	1	45	14	41	249	127
4758	1	45	15	42	249	129
4759	1	45	16	43	249	131
4760	1	45	17	44	249	133
4761	1	45	18	45	249	135
4762	1	45	19	46	249	137
4763	1	45	20	47	249	139
4764	1	45	21	48	249	141
4765	1	45	22	49	249	143
4766	1	45	23	50	249	145
4767	1	46	0	26	253	98
4768	1	46	1	27	253	100
4769	1	46	2	28	253	102
4770	1	46	3	29	253	104
4771	1	46	4	30	253	106
4772	1	46	5	31	253	108
4773	1	46	6	32	253	110
4774	1	46	7	33	253	112
4775	1	46	8	34	253	114
4776	1	46	9	35	253	116
4777	1	46	10	36	253	118
4778	1	46	11	37	253	120
4779	1	46	12	38	253	122
4780	1	46	13	39	253	124
4781	1	46	14	40	253	126
4782	1	46	15	41	253	128
4783	1	46	16	42	253	130
4784	1	46	17	43	253	132
4785	1	46	18	44	253	134
4786	1	46	19	45	253	136
4787	1	46	20	46	253	138
4788	1	46	21	47	253	140
4789	1	46	22	48	253	142
4790	1	47	0	25	255	97
4791	1	47	1	26	255	99
4792	1	47	2	27	255	101
4793	1	47	3	28	255	103
4794	1	47	4	29	255	105
4795	1	47	5	30	255	107
4796	1	47	6	31	255	109
4797	1	47	7	32	255	111
4798	1	47	8	33	255	113
4799	1	47	9	34	255	115
4800	1	47	10	35	255	117
4801	1	47	11	36	255	119
4802	1	47	12	37	255	121
4803	1	47	13	38	255	123
4804	1	47	14	39	255	125
4805	1	47	15	40	255	127
4806	1	47	16	41	255	129
4807	1	47	17	42	255	131
4808	1	47	18	43	255	133
4809	1	47	19	44	255	135
4810	1	47	20	45	255	137
4811	1	47	21	46	255	139
4812	1	48	0	24	256	96
4813	1	48	1	25	256	98
4814	1	48	2	26	256	100
4815	1	48	3	27	256	102
4816	1	48	4	28	256	104
4817	1	48	5	29	256	106
4818	1	48	6	30	256	108
4819	1	48	7	31	256	110
4820	1	48	8	32	256	112
4821	1	48	9	33	256	114
4822	1	48	10	34	256	116
4823	1	48	11	35	256	118
4824	1	48	12	36	256	120
4825	1	48	13	37	256	122
4826	1	48	14	38	256	124
4827	1	48	15	39	256	126
4828	1	48	16	40	256	128
4829	1	48	17	41	256	130
4830	1	48	18	42	256	132
4831	1	48	19	43	256	134
4832	1	48	20	44	256	136
4833	1	49	0	23	128	95
4834	1	49	1	24	128	97
4835	1	49	2	25	128	99
4836	1	49	3	26	128	101
4837	1	49	4	27	128	103
4838	1	49	5	28	128	105
4839	1	49	6	29	128	107
4840	1	49	7	30	128	109
4841	1	49	8	31	128	111
4842	1	49	9	32	128	113
4843	1	49	10	33	128	115
4844	1	49	11	34	128	117
4845	1	49	12	35	128	119
4846	1	49	13	36	128	121
4847	1	49	14	37	128	123
4848	1	49	15	38	128	125
4849	1	49	16	39	128	127
4850	1	49	17	40	128	129
4851	1	49	18	41	128	131
4852	1	49	19	42	128	133
4853	1	50	0	22	64	94
4854	1	50	1	23	64	96
4855	1	50	2	24	64	98
4856	1	50	3	25	64	100
4857	1	50	4	26	64	102
4858	1	50	5	27	64	104
4859	1	50	6	28	64	106
4860	1	50	7	29	64	108
4861	1	50	8	30	64	110
4862	1	50	9	31	64	112
4863	1	50	10	32	64	114
4864	1	50	11	33	64	116
4865	1	50	12	34	64	118
4866	1	50	13	35	64	120
4867	1	50	14	36	64	122
4868	1	50	15	37	64	124
4869	1	50	16	38	64	126
4870	1	50	17	39	64	128
4871	1	50	18	40	64	130
4872	1	51	0	21	32	93
4873	1	51	1	22	32	95
4874	1	51	2	23	32	97
4875	1	51	3	24	32	99
4876	1	51	4	25	32	101
4877	1	51	5	26	32	103
4878	1	51	6	27	32	105
4879	1	51	7	28	32	107
4880	1	51	8	29	32	109
4881	1	51	9	30	32	111
4882	1	51	10	31	32	113
4883	1	51	11	32	32	115
4884	1	51	12	33	32	117
4885	1	51	13	34	32	119
4886	1	51	14	35	32	121
4887	1	51	15	36	32	123
4888	1	51	16	37	32	125
4889	1	51	17	38	32	127
4890	1	52	0	20	16	92
4891	1	52	1	21	16	94
4892	1	52	2	22	16	96
4893	1	52	3	23	16	98
4894	1	52	4	24	16	100
4895	1	52	5	25	16	102
4896	1	52	6	26	16	104
4897	1	52	7	27	16	106
4898	1	52	8	28	16	108
4899	1	52	9	29	16	110
4900	1	52	10	30	16	112
4901	1	52	11	31	16	114
4902	1	52	12	32	16	116
4903	1	52	13	33	16	118
4904	1	52	14	34	16	120
4905	1	52	15	35	16	122
4906	1	52	16	36	16	124
4907	1	53	0	19	8	91
4908	1	53	1	20	8	93
4909	1	53	2	21	8	95
4910	1	53	3	22	8	97
4911	1	53	4	23	8	99
4912	1	53	5	24	8	101
4913	1	53	6	25	8	103
4914	1	53	7	26	8	105
4915	1	53	8	27	8	107
4916	1	53	9	28	8	109
4917	1	53	10	29	8	111
4918	1	53	11	30	8	113
4919	1	53	12	31	8	115
4920	1	53	13	32	8	117
4921	1	53	14	33	8	119
4922	1	53	15	34	8	121
4923	1	54	0	18	4	90
4924	1	54	1	19	4	92
4925	1	54	2	20	4	94
4926	1	54	3	21	4	96
4927	1	54	4	22	4	98
4928	1	54	5	23	4	100
4929	1	54	6	24	4	102
4930	1	54	7	25	4	104
4931	1	54	8	26	4	106
4932	1	54	9	27	4	108
4933	1	54	10	28	4	110
4934	1	54	11	29	4	112
4935	1	54	12	30	4	114
4936	1	54	13	31	4	116
4937	1	54	14	32	4	118
4938	1	55	0	17	2	89
4939	1	55	1	18	2	91
4940	1	55	2	19	2	93
4941	1	55	3	20	2	95
4942	1	55	4	21	2	97
4943	1	55	5	22	2	99
4944	1	55	6	23	2	101
4945	1	55	7	24	2	103
4946	1	55	8	25	2	105
4947	1	55	9	26	2	107
4948	1	55	10	27	2	109
4949	1	55	11	28	2	111
4950	1	55	12	29	2	113
4951	1	55	13	30	2	115
4952	1	56	0	16	1	88
4953	1	56	1	17	1	90
4954	1	56	2	18	1	92
4955	1	56	3	19	1	94
4956	1	56	4	20	1	96
4957	1	56	5	21	1	98
4958	1	56	6	22	1	100
4959	1	56	7	23	1	102
4960	1	56	8	24	1	104
4961	1	56	9	25	1	106
4962	1	56	10	26	1	108
4963	1	56	11	27	1	110
4964	1	56	12	28	1	112
4965	1	57	0	15	129	87
4966	1	57	1	16	129	89
4967	1	57	2	17	129	91
4968	1	57	3	18	129	93
4969	1	57	4	19	129	95
4970	1	57	5	20	129	97
4971	1	57	6	21	129	99
4972	1	57	7	22	129	101
4973	1	57	8	23	129	103
4974	1	57	9	24	129	105
4975	1	57	10	25	129	107
4976	1	57	11	26	129	109
4977	1	58	0	14	193	86
4978	1	58	1	15	193	88
4979	1	58	2	16	193	90
4980	1	58	3	17	193	92
4981	1	58	4	18	193	94
4982	1	58	5	19	193	96
4983	1	58	6	20	193	98
4984	1	58	7	21	193	100
4985	1	58	8	22	193	102
4986	1	58	9	23	193	104
4987	1	58	10	24	193	106
4988	1	59	0	13	225	85
4989	1	59	1	14	225	87
4990	1	59	2	15	225	89
4991	1	59	3	16	225	91
4992	1	59	4	17	225	93
4993	1	59	5	18	225	95
4994	1	59	6	19	225	97
4995	1	59	7	20	225	99
4996	1	59	8	21	225	101
4997	1	59	9	22	225	103
4998	1	60	0	12	241	84
4999	1	60	1	13	241	86
5000	1	60	2	14	241	88
5001	1	60	3	15	241	90
5002	1	60	4	16	241	92
5003	1	60	5	17	241	94
5004	1	60	6	18	241	96
5005	1	60	7	19	241	98
5006	1	60	8	20	241	100
5007	1	61	0	11	249	83
5008	1	61	1	12	249	85
5009	1	61	2	13	249	87
5010	1	61	3	14	249	89
5011	1	61	4	15	249	91
5012	1	61	5	16	249	93
5013	1	61	6	17	249	95
5014	1	61	7	18	249	97
5015	1	62	0	10	253	82
5016	1	62	1	11	253	84
5017	1	62	2	12	253	86
5018	1	62	3	13	253	88
5019	1	62	4	14	253	90
5020	1	62	5	15	253	92
5021	1	62	6	16	253	94
5022	1	63	0	9	255	81
5023	1	63	1	10	255	83
5024	1	63	2	11	255	85
5025	1	63	3	12	255	87
5026	1	63	4	13	255	89
5027	1	63	5	14	255	91
5028	1	64	0	8	256	80
5029	1	64	1	9	256	82
5030	1	64	2	10	256	84
5031	1	64	3	11	256	86
5032	1	64	4	12	256	88
5033	1	65	0	7	128	79
5034	1	65	1	8	128	81
5035	1	65	2	9	128	83
5036	1	65	3	10	128	85
5037	1	66	0	6	64	78
5038	1	66	1	7	64	80
5039	1	66	2	8	64	82
5040	1	67	0	5	32	77
5041	1	67	1	6	32	79
5042	1	68	0	4	16	76
5043	2	0	0	0	1	72
5044	2	0	1	1	1	73
5045	2	0	2	2	1	74
5046	2	0	3	3	1	75
5047	2	0	4	4	1	77
5048	2	0	5	5	1	78
5049	2	0	6	6	1	80
5050	2	0	7	7	1	81
5051	2	0	8	8	1	83
5052	2	0	9	9	1	84
5053	2	0	10	10	1	86
5054	2	0	11	11	1	87
5055	2	0	12	12	1	89
5056	2	0	13	13	1	90
5057	2	0	14	14	1	92
5058	2	0	15	15	1	93
5059	2	0	16	16	1	95
5060	2	0	17	17	1	96
5061	2	0	18	18	1	98
5062	2	0	19	19	1	99
5063	2	0	20	20	1	101
5064	2	0	21	21	1	102
5065	2	0	22	22	1	104
5066	2	0	23	23	1	105
5067	2	0	24	24	1	107
5068	2	0	25	25	1	108
5069	2	0	26	26	1	110
5070	2	0	27	27	1	111
5071	2	0	28	28	1	113
5072	2	0	29	29	1	114
5073	2	0	30	30	1	116
5074	2	0	31	31	1	117
5075	2	0	32	32	1	119
5076	2	0	33	33	1	120
5077	2	0	34	34	1	122
5078	2	0	35	35	1	123
5079	2	0	36	36	1	125
5080	2	0	37	37	1	126
5081	2	0	38	38	1	128
5082	2	0	39	39	1	129
5083	2	0	40	40	1	131
5084	2	0	41	41	1	132
5085	2	0	42	42	1	134
5086	2	0	43	43	1	135
5087	2	0	44	44	1	137
5088	2	0	45	45	1	138
5089	2	0	46	46	1	140
5090	2	0	47	47	1	141
5091	2	0	48	48	1	143
5092	2	0	49	49	1	144
5093	2	0	50	50	1	146
5094	2	0	51	51	1	147
5095	2	0	52	52	1	149
5096	2	0	53	53	1	150
5097	2	0	54	54	1	152
5098	2	0	55	55	1	153
5099	2	0	56	56	1	155
5100	2	0	57	57	1	156
5101	2	0	58	58	1	158
5102	2	0	59	59	1	159
5103	2	0	60	60	1	161
5104	2	0	61	61	1	162
5105	2	0	62	62	1	164
5106	2	1	0	0	1	73
5107	2	1	1	1	1	74
5108	2	1	2	2	1	75
5109	2	1	3	3	1	76
5110	2	1	4	4	1	78
5111	2	1	5	5	1	79
5112	2	1	6	6	1	81
5113	2	1	7	7	1	82
5114	2	1	8	8	1	84
5115	2	1	9	9	1	85
5116	2	1	10	10	1	87
5117	2	1	11	11	1	88
5118	2	1	12	12	1	90
5119	2	1	13	13	1	91
5120	2	1	14	14	1	93
5121	2	1	15	15	1	94
5122	2	1	16	16	1	96
5123	2	1	17	17	1	97
5124	2	1	18	18	1	99
5125	2	1	19	19	1	100
5126	2	1	20	20	1	102
5127	2	1	21	21	1	103
5128	2	1	22	22	1	105
5129	2	1	23	23	1	106
5130	2	1	24	24	1	108
5131	2	1	25	25	1	109
5132	2	1	26	26	1	111
5133	2	1	27	27	1	112
5134	2	1	28	28	1	114
5135	2	1	29	29	1	115
5136	2	1	30	30	1	117
5137	2	1	31	31	1	118
5138	2	1	32	32	1	120
5139	2	1	33	33	1	121
5140	2	1	34	34	1	123
5141	2	1	35	35	1	124
5142	2	1	36	36	1	126
5143	2	1	37	37	1	127
5144	2	1	38	38	1	129
5145	2	1	39	39	1	130
5146	2	1	40	40	1	132
5147	2	1	41	41	1	133
5148	2	1	42	42	1	135
5149	2	1	43	43	1	136
5150	2	1	44	44	1	138
5151	2	1	45	45	1	139
5152	2	1	46	46	1	141
5153	2	1	47	47	1	142
5154	2	1	48	48	1	144
5155	2	1	49	49	1	145
5156	2	1	50	50	1	147
5157	2	1	51	51	1	148
5158	2	1	52	52	1	150
5159	2	1	53	53	1	151
5160	2	1	54	54	1	153
5161	2	1	55	55	1	154
5162	2	1	56	56	1	156
5163	2	1	57	57	1	157
5164	2	1	58	58	1	159
5165	2	1	59	59	1	160
5166	2	1	60	60	1	162
5167	2	1	61	61	1	163
5168	2	2	0	0	1	74
5169	2	2	1	1	1	75
5170	2	2	2	2	1	76
5171	2	2	3	3	1	77
5172	2	2	4	4	1	79
5173	2	2	5	5	1	80
5174	2	2	6	6	1	82
5175	2	2	7	7	1	83
5176	2	2	8	8	1	85
5177	2	2	9	9	1	86
5178	2	2	10	10	1	88
5179	2	2	11	11	1	89
5180	2	2	12	12	1	91
5181	2	2	13	13	1	92
5182	2	2	14	14	1	94
5183	2	2	15	15	1	95
5184	2	2	16	16	1	97
5185	2	2	17	17	1	98
5186	2	2	18	18	1	100
5187	2	2	19	19	1	101
5188	2	2	20	20	1	103
5189	2	2	21	21	1	104
5190	2	2	22	22	1	106
5191	2	2	23	23	1	107
5192	2	2	24	24	1	109
5193	2	2	25	25	1	110
5194	2	2	26	26	1	112
5195	2	2	27	27	1	113
5196	2	2	28	28	1	115
5197	2	2	29	29	1	116
5198	2	2	30	30	1	118
5199	2	2	31	31	1	119
5200	2	2	32	32	1	121
5201	2	2	33	33	1	122
5202	2	2	34	34	1	124
5203	2	2	35	35	1	125
5204	2	2	36	36	1	127
5205	2	2	37	37	1	128
5206	2	2	38	38	1	130
5207	2	2	39	39	1	131
5208	2	2	40	40	1	133
5209	2	2	41	41	1	134
5210	2	2	42	42	1	136
5211	2	2	43	43	1	137
5212	2	2	44	44	1	139
5213	2	2	45	45	1	140
5214	2	2	46	46	1	142
5215	2	2	47	47	1	143
5216	2	2	48	48	1	145
5217	2	2	49	49	1	146
5218	2	2	50	50	1	148
5219	2	2	51	51	1	149
5220	2	2	52	52	1	151
5221	2	2	53	53	1	152
5222	2	2	54	54	1	154
5223	2	2	55	55	1	155
5224	2	2	56	56	1	157
5225	2	2	57	57	1	158
5226	2	2	58	58	1	160
5227	2	2	59	59	1	161
5228	2	2	60	60	1	163
5229	2	3	0	0	1	75
5230	2	3	1	1	1	76
5231	2	3	2	2	1	77
5232	2	3	3	3	1	78
5233	2	3	4	4	1	80
5234	2	3	5	5	1	81
5235	2	3	6	6	1	83
5236	2	3	7	7	1	84
5237	2	3	8	8	1	86
5238	2	3	9	9	1	87
5239	2	3	10	10	1	89
5240	2	3	11	11	1	90
5241	2	3	12	12	1	92
5242	2	3	13	13	1	93
5243	2	3	14	14	1	95
5244	2	3	15	15	1	96
5245	2	3	16	16	1	98
5246	2	3	17	17	1	99
5247	2	3	18	18	1	101
5248	2	3	19	19	1	102
5249	2	3	20	20	1	104
5250	2	3	21	21	1	105
5251	2	3	22	22	1	107
5252	2	3	23	23	1	108
5253	2	3	24	24	1	110
5254	2	3	25	25	1	111
5255	2	3	26	26	1	113
5256	2	3	27	27	1	114
5257	2	3	28	28	1	116
5258	2	3	29	29	1	117
5259	2	3	30	30	1	119
5260	2	3	31	31	1	120
5261	2	3	32	32	1	122
5262	2	3	33	33	1	123
5263	2	3	34	34	1	125
5264	2	3	35	35	1	126
5265	2	3	36	36	1	128
5266	2	3	37	37	1	129
5267	2	3	38	38	1	131
5268	2	3	39	39	1	132
5269	2	3	40	40	1	134
5270	2	3	41	41	1	135
5271	2	3	42	42	1	137
5272	2	3	43	43	1	138
5273	2	3	44	44	1	140
5274	2	3	45	45	1	141
5275	2	3	46	46	1	143
5276	2	3	47	47	1	144
5277	2	3	48	48	1	146
5278	2	3	49	49	1	147
5279	2	3	50	50	1	149
5280	2	3	51	51	1	150
5281	2	3	52	52	1	152
5282	2	3	53	53	1	153
5283	2	3	54	54	1	155
5284	2	3	55	55	1	156
5285	2	3	56	56	1	158
5286	2	3	57	57	1	159
5287	2	3	58	58	1	161
5288	2	3	59	59	1	162
5289	2	4	0	0	1	76
5290	2	4	1	1	1	77
5291	2	4	2	2	1	78
5292	2	4	3	3	1	79
5293	2	4	4	4	1	81
5294	2	4	5	5	1	82
5295	2	4	6	6	1	84
5296	2	4	7	7	1	85
5297	2	4	8	8	1	87
5298	2	4	9	9	1	88
5299	2	4	10	10	1	90
5300	2	4	11	11	1	91
5301	2	4	12	12	1	93
5302	2	4	13	13	1	94
5303	2	4	14	14	1	96
5304	2	4	15	15	1	97
5305	2	4	16	16	1	99
5306	2	4	17	17	1	100
5307	2	4	18	18	1	102
5308	2	4	19	19	1	103
5309	2	4	20	20	1	105
5310	2	4	21	21	1	106
5311	2	4	22	22	1	108
5312	2	4	23	23	1	109
5313	2	4	24	24	1	111
5314	2	4	25	25	1	112
5315	2	4	26	26	1	114
5316	2	4	27	27	1	115
5317	2	4	28	28	1	117
5318	2	4	29	29	1	118
5319	2	4	30	30	1	120
5320	2	4	31	31	1	121
5321	2	4	32	32	1	123
5322	2	4	33	33	1	124
5323	2	4	34	34	1	126
5324	2	4	35	35	1	127
5325	2	4	36	36	1	129
5326	2	4	37	37	1	130
5327	2	4	38	38	1	132
5328	2	4	39	39	1	133
5329	2	4	40	40	1	135
5330	2	4	41	41	1	136
5331	2	4	42	42	1	138
5332	2	4	43	43	1	139
5333	2	4	44	44	1	141
5334	2	4	45	45	1	142
5335	2	4	46	46	1	144
5336	2	4	47	47	1	145
5337	2	4	48	48	1	147
5338	2	4	49	49	1	148
5339	2	4	50	50	1	150
5340	2	4	51	51	1	151
5341	2	4	52	52	1	153
5342	2	4	53	53	1	154
5343	2	4	54	54	1	156
5344	2	4	55	55	1	157
5345	2	4	56	56	1	159
5346	2	4	57	57	1	160
5347	2	4	58	58	1	162
5348	2	5	0	0	1	77
5349	2	5	1	1	1	78
5350	2	5	2	2	1	79
5351	2	5	3	3	1	80
5352	2	5	4	4	1	82
5353	2	5	5	5	1	83
5354	2	5	6	6	1	85
5355	2	5	7	7	1	86
5356	2	5	8	8	1	88
5357	2	5	9	9	1	89
5358	2	5	10	10	1	91
5359	2	5	11	11	1	92
5360	2	5	12	12	1	94
5361	2	5	13	13	1	95
5362	2	5	14	14	1	97
5363	2	5	15	15	1	98
5364	2	5	16	16	1	100
5365	2	5	17	17	1	101
5366	2	5	18	18	1	103
5367	2	5	19	19	1	104
5368	2	5	20	20	1	106
5369	2	5	21	21	1	107
5370	2	5	22	22	1	109
5371	2	5	23	23	1	110
5372	2	5	24	24	1	112
5373	2	5	25	25	1	113
5374	2	5	26	26	1	115
5375	2	5	27	27	1	116
5376	2	5	28	28	1	118
5377	2	5	29	29	1	119
5378	2	5	30	30	1	121
5379	2	5	31	31	1	122
5380	2	5	32	32	1	124
5381	2	5	33	33	1	125
5382	2	5	34	34	1	127
5383	2	5	35	35	1	128
5384	2	5	36	36	1	130
5385	2	5	37	37	1	131
5386	2	5	38	38	1	133
5387	2	5	39	39	1	134
5388	2	5	40	40	1	136
5389	2	5	41	41	1	137
5390	2	5	42	42	1	139
5391	2	5	43	43	1	140
5392	2	5	44	44	1	142
5393	2	5	45	45	1	143
5394	2	5	46	46	1	145
5395	2	5	47	47	1	146
5396	2	5	48	48	1	148
5397	2	5	49	49	1	149
5398	2	5	50	50	1	151
5399	2	5	51	51	1	152
5400	2	5	52	52	1	154
5401	2	5	53	53	1	155
5402	2	5	54	54	1	157
5403	2	5	55	55	1	158
5404	2	5	56	56	1	160
5405	2	5	57	57	1	161
5406	2	6	0	0	1	78
5407	2	6	1	1	1	79
5408	2	6	2	2	1	80
5409	2	6	3	3	1	81
5410	2	6	4	4	1	83
5411	2	6	5	5	1	84
5412	2	6	6	6	1	86
5413	2	6	7	7	1	87
5414	2	6	8	8	1	89
5415	2	6	9	9	1	90
5416	2	6	10	10	1	92
5417	2	6	11	11	1	93
5418	2	6	12	12	1	95
5419	2	6	13	13	1	96
5420	2	6	14	14	1	98
5421	2	6	15	15	1	99
5422	2	6	16	16	1	101
5423	2	6	17	17	1	102
5424	2	6	18	18	1	104
5425	2	6	19	19	1	105
5426	2	6	20	20	1	107
5427	2	6	21	21	1	108
5428	2	6	22	22	1	110
5429	2	6	23	23	1	111
5430	2	6	24	24	1	113
5431	2	6	25	25	1	114
5432	2	6	26	26	1	116
5433	2	6	27	27	1	117
5434	2	6	28	28	1	119
5435	2	6	29	29	1	120
5436	2	6	30	30	1	122
5437	2	6	31	31	1	123
5438	2	6	32	32	1	125
5439	2	6	33	33	1	126
5440	2	6	34	34	1	128
5441	2	6	35	35	1	129
5442	2	6	36	36	1	131
5443	2	6	37	37	1	132
5444	2	6	38	38	1	134
5445	2	6	39	39	1	135
5446	2	6	40	40	1	137
5447	2	6	41	41	1	138
5448	2	6	42	42	1	140
5449	2	6	43	43	1	141
5450	2	6	44	44	1	143
5451	2	6	45	45	1	144
5452	2	6	46	46	1	146
5453	2	6	47	47	1	147
5454	2	6	48	48	1	149
5455	2	6	49	49	1	150
5456	2	6	50	50	1	152
5457	2	6	51	51	1	153
5458	2	6	52	52	1	155
5459	2	6	53	53	1	156
5460	2	6	54	54	1	158
5461	2	6	55	55	1	159
5462	2	6	56	56	1	161
5463	2	7	0	0	1	79
5464	2	7	1	1	1	80
5465	2	7	2	2	1	81
5466	2	7	3	3	1	82
5467	2	7	4	4	1	84
5468	2	7	5	5	1	85
5469	2	7	6	6	1	87
5470	2	7	7	7	1	88
5471	2	7	8	8	1	90
5472	2	7	9	9	1	91
5473	2	7	10	10	1	93
5474	2	7	11	11	1	94
5475	2	7	12	12	1	96
5476	2	7	13	13	1	97
5477	2	7	14	14	1	99
5478	2	7	15	15	1	100
5479	2	7	16	16	1	102
5480	2	7	17	17	1	103
5481	2	7	18	18	1	105
5482	2	7	19	19	1	106
5483	2	7	20	20	1	108
5484	2	7	21	21	1	109
5485	2	7	22	22	1	111
5486	2	7	23	23	1	112
5487	2	7	24	24	1	114
5488	2	7	25	25	1	115
5489	2	7	26	26	1	117
5490	2	7	27	27	1	118
5491	2	7	28	28	1	120
5492	2	7	29	29	1	121
5493	2	7	30	30	1	123
5494	2	7	31	31	1	124
5495	2	7	32	32	1	126
5496	2	7	33	33	1	127
5497	2	7	34	34	1	129
5498	2	7	35	35	1	130
5499	2	7	36	36	1	132
5500	2	7	37	37	1	133
5501	2	7	38	38	1	135
5502	2	7	39	39	1	136
5503	2	7	40	40	1	138
5504	2	7	41	41	1	139
5505	2	7	42	42	1	141
5506	2	7	43	43	1	142
5507	2	7	44	44	1	144
5508	2	7	45	45	1	145
5509	2	7	46	46	1	147
5510	2	7	47	47	1	148
5511	2	7	48	48	1	150
5512	2	7	49	49	1	151
5513	2	7	50	50	1	153
5514	2	7	51	51	1	154
5515	2	7	52	52	1	156
5516	2	7	53	53	1	157
5517	2	7	54	54	1	159
5518	2	7	55	55	1	160
5519	2	8	0	0	1	80
5520	2	8	1	1	1	81
5521	2	8	2	2	1	82
5522	2	8	3	3	1	83
5523	2	8	4	4	1	85
5524	2	8	5	5	1	86
5525	2	8	6	6	1	88
5526	2	8	7	7	1	89
5527	2	8	8	8	1	91
5528	2	8	9	9	1	92
5529	2	8	10	10	1	94
5530	2	8	11	11	1	95
5531	2	8	12	12	1	97
5532	2	8	13	13	1	98
5533	2	8	14	14	1	100
5534	2	8	15	15	1	101
5535	2	8	16	16	1	103
5536	2	8	17	17	1	104
5537	2	8	18	18	1	106
5538	2	8	19	19	1	107
5539	2	8	20	20	1	109
5540	2	8	21	21	1	110
5541	2	8	22	22	1	112
5542	2	8	23	23	1	113
5543	2	8	24	24	1	115
5544	2	8	25	25	1	116
5545	2	8	26	26	1	118
5546	2	8	27	27	1	119
5547	2	8	28	28	1	121
5548	2	8	29	29	1	122
5549	2	8	30	30	1	124
5550	2	8	31	31	1	125
5551	2	8	32	32	1	127
5552	2	8	33	33	1	128
5553	2	8	34	34	1	130
5554	2	8	35	35	1	131
5555	2	8	36	36	1	133
5556	2	8	37	37	1	134
5557	2	8	38	38	1	136
5558	2	8	39	39	1	137
5559	2	8	40	40	1	139
5560	2	8	41	41	1	140
5561	2	8	42	42	1	142
5562	2	8	43	43	1	143
5563	2	8	44	44	1	145
5564	2	8	45	45	1	146
5565	2	8	46	46	1	148
5566	2	8	47	47	1	149
5567	2	8	48	48	1	151
5568	2	8	49	49	1	152
5569	2	8	50	50	1	154
5570	2	8	51	51	1	155
5571	2	8	52	52	1	157
5572	2	8	53	53	1	158
5573	2	8	54	54	1	160
5574	2	9	0	0	1	81
5575	2	9	1	1	1	82
5576	2	9	2	2	1	83
5577	2	9	3	3	1	84
5578	2	9	4	4	1	86
5579	2	9	5	5	1	87
5580	2	9	6	6	1	89
5581	2	9	7	7	1	90
5582	2	9	8	8	1	92
5583	2	9	9	9	1	93
5584	2	9	10	10	1	95
5585	2	9	11	11	1	96
5586	2	9	12	12	1	98
5587	2	9	13	13	1	99
5588	2	9	14	14	1	101
5589	2	9	15	15	1	102
5590	2	9	16	16	1	104
5591	2	9	17	17	1	105
5592	2	9	18	18	1	107
5593	2	9	19	19	1	108
5594	2	9	20	20	1	110
5595	2	9	21	21	1	111
5596	2	9	22	22	1	113
5597	2	9	23	23	1	114
5598	2	9	24	24	1	116
5599	2	9	25	25	1	117
5600	2	9	26	26	1	119
5601	2	9	27	27	1	120
5602	2	9	28	28	1	122
5603	2	9	29	29	1	123
5604	2	9	30	30	1	125
5605	2	9	31	31	1	126
5606	2	9	32	32	1	128
5607	2	9	33	33	1	129
5608	2	9	34	34	1	131
5609	2	9	35	35	1	132
5610	2	9	36	36	1	134
5611	2	9	37	37	1	135
5612	2	9	38	38	1	137
5613	2	9	39	39	1	138
5614	2	9	40	40	1	140
5615	2	9	41	41	1	141
5616	2	9	42	42	1	143
5617	2	9	43	43	1	144
5618	2	9	44	44	1	146
5619	2	9	45	45	1	147
5620	2	9	46	46	1	149
5621	2	9	47	47	1	150
5622	2	9	48	48	1	152
5623	2	9	49	49	1	153
5624	2	9	50	50	1	155
5625	2	9	51	51	1	156
5626	2	9	52	52	1	158
5627	2	9	53	53	1	159
5628	2	10	0	0	1	82
5629	2	10	1	1	1	83
5630	2	10	2	2	1	84
5631	2	10	3	3	1	85
5632	2	10	4	4	1	87
5633	2	10	5	5	1	88
5634	2	10	6	6	1	90
5635	2	10	7	7	1	91
5636	2	10	8	8	1	93
5637	2	10	9	9	1	94
5638	2	10	10	10	1	96
5639	2	10	11	11	1	97
5640	2	10	12	12	1	99
5641	2	10	13	13	1	100
5642	2	10	14	14	1	102
5643	2	10	15	15	1	103
5644	2	10	16	16	1	105
5645	2	10	17	17	1	106
5646	2	10	18	18	1	108
5647	2	10	19	19	1	109
5648	2	10	20	20	1	111
5649	2	10	21	21	1	112
5650	2	10	22	22	1	114
5651	2	10	23	23	1	115
5652	2	10	24	24	1	117
5653	2	10	25	25	1	118
5654	2	10	26	26	1	120
5655	2	10	27	27	1	121
5656	2	10	28	28	1	123
5657	2	10	29	29	1	124
5658	2	10	30	30	1	126
5659	2	10	31	31	1	127
5660	2	10	32	32	1	129
5661	2	10	33	33	1	130
5662	2	10	34	34	1	132
5663	2	10	35	35	1	133
5664	2	10	36	36	1	135
5665	2	10	37	37	1	136
5666	2	10	38	38	1	138
5667	2	10	39	39	1	139
5668	2	10	40	40	1	141
5669	2	10	41	41	1	142
5670	2	10	42	42	1	144
5671	2	10	43	43	1	145
5672	2	10	44	44	1	147
5673	2	10	45	45	1	148
5674	2	10	46	46	1	150
5675	2	10	47	47	1	151
5676	2	10	48	48	1	153
5677	2	10	49	49	1	154
5678	2	10	50	50	1	156
5679	2	10	51	51	1	157
5680	2	10	52	52	1	159
5681	2	11	0	0	1	83
5682	2	11	1	1	1	84
5683	2	11	2	2	1	85
5684	2	11	3	3	1	86
5685	2	11	4	4	1	88
5686	2	11	5	5	1	89
5687	2	11	6	6	1	91
5688	2	11	7	7	1	92
5689	2	11	8	8	1	94
5690	2	11	9	9	1	95
5691	2	11	10	10	1	97
5692	2	11	11	11	1	98
5693	2	11	12	12	1	100
5694	2	11	13	13	1	101
5695	2	11	14	14	1	103
5696	2	11	15	15	1	104
5697	2	11	16	16	1	106
5698	2	11	17	17	1	107
5699	2	11	18	18	1	109
5700	2	11	19	19	1	110
5701	2	11	20	20	1	112
5702	2	11	21	21	1	113
5703	2	11	22	22	1	115
5704	2	11	23	23	1	116
5705	2	11	24	24	1	118
5706	2	11	25	25	1	119
5707	2	11	26	26	1	121
5708	2	11	27	27	1	122
5709	2	11	28	28	1	124
5710	2	11	29	29	1	125
5711	2	11	30	30	1	127
5712	2	11	31	31	1	128
5713	2	11	32	32	1	130
5714	2	11	33	33	1	131
5715	2	11	34	34	1	133
5716	2	11	35	35	1	134
5717	2	11	36	36	1	136
5718	2	11	37	37	1	137
5719	2	11	38	38	1	139
5720	2	11	39	39	1	140
5721	2	11	40	40	1	142
5722	2	11	41	41	1	143
5723	2	11	42	42	1	145
5724	2	11	43	43	1	146
5725	2	11	44	44	1	148
5726	2	11	45	45	1	149
5727	2	11	46	46	1	151
5728	2	11	47	47	1	152
5729	2	11	48	48	1	154
5730	2	11	49	49	1	155
5731	2	11	50	50	1	157
5732	2	11	51	51	1	158
5733	2	12	0	0	1	84
5734	2	12	1	1	1	85
5735	2	12	2	2	1	86
5736	2	12	3	3	1	87
5737	2	12	4	4	1	89
5738	2	12	5	5	1	90
5739	2	12	6	6	1	92
5740	2	12	7	7	1	93
5741	2	12	8	8	1	95
5742	2	12	9	9	1	96
5743	2	12	10	10	1	98
5744	2	12	11	11	1	99
5745	2	12	12	12	1	101
5746	2	12	13	13	1	102
5747	2	12	14	14	1	104
5748	2	12	15	15	1	105
5749	2	12	16	16	1	107
5750	2	12	17	17	1	108
5751	2	12	18	18	1	110
5752	2	12	19	19	1	111
5753	2	12	20	20	1	113
5754	2	12	21	21	1	114
5755	2	12	22	22	1	116
5756	2	12	23	23	1	117
5757	2	12	24	24	1	119
5758	2	12	25	25	1	120
5759	2	12	26	26	1	122
5760	2	12	27	27	1	123
5761	2	12	28	28	1	125
5762	2	12	29	29	1	126
5763	2	12	30	30	1	128
5764	2	12	31	31	1	129
5765	2	12	32	32	1	131
5766	2	12	33	33	1	132
5767	2	12	34	34	1	134
5768	2	12	35	35	1	135
5769	2	12	36	36	1	137
5770	2	12	37	37	1	138
5771	2	12	38	38	1	140
5772	2	12	39	39	1	141
5773	2	12	40	40	1	143
5774	2	12	41	41	1	144
5775	2	12	42	42	1	146
5776	2	12	43	43	1	147
5777	2	12	44	44	1	149
5778	2	12	45	45	1	150
5779	2	12	46	46	1	152
5780	2	12	47	47	1	153
5781	2	12	48	48	1	155
5782	2	12	49	49	1	156
5783	2	12	50	50	1	158
5784	2	13	0	0	1	85
5785	2	13	1	1	1	86
5786	2	13	2	2	1	87
5787	2	13	3	3	1	88
5788	2	13	4	4	1	90
5789	2	13	5	5	1	91
5790	2	13	6	6	1	93
5791	2	13	7	7	1	94
5792	2	13	8	8	1	96
5793	2	13	9	9	1	97
5794	2	13	10	10	1	99
5795	2	13	11	11	1	100
5796	2	13	12	12	1	102
5797	2	13	13	13	1	103
5798	2	13	14	14	1	105
5799	2	13	15	15	1	106
5800	2	13	16	16	1	108
5801	2	13	17	17	1	109
5802	2	13	18	18	1	111
5803	2	13	19	19	1	112
5804	2	13	20	20	1	114
5805	2	13	21	21	1	115
5806	2	13	22	22	1	117
5807	2	13	23	23	1	118
5808	2	13	24	24	1	120
5809	2	13	25	25	1	121
5810	2	13	26	26	1	123
5811	2	13	27	27	1	124
5812	2	13	28	28	1	126
5813	2	13	29	29	1	127
5814	2	13	30	30	1	129
5815	2	13	31	31	1	130
5816	2	13	32	32	1	132
5817	2	13	33	33	1	133
5818	2	13	34	34	1	135
5819	2	13	35	35	1	136
5820	2	13	36	36	1	138
5821	2	13	37	37	1	139
5822	2	13	38	38	1	141
5823	2	13	39	39	1	142
5824	2	13	40	40	1	144
5825	2	13	41	41	1	145
5826	2	13	42	42	1	147
5827	2	13	43	43	1	148
5828	2	13	44	44	1	150
5829	2	13	45	45	1	151
5830	2	13	46	46	1	153
5831	2	13	47	47	1	154
5832	2	13	48	48	1	156
5833	2	13	49	49	1	157
5834	2	14	0	0	1	86
5835	2	14	1	1	1	87
5836	2	14	2	2	1	88
5837	2	14	3	3	1	89
5838	2	14	4	4	1	91
5839	2	14	5	5	1	92
5840	2	14	6	6	1	94
5841	2	14	7	7	1	95
5842	2	14	8	8	1	97
5843	2	14	9	9	1	98
5844	2	14	10	10	1	100
5845	2	14	11	11	1	101
5846	2	14	12	12	1	103
5847	2	14	13	13	1	104
5848	2	14	14	14	1	106
5849	2	14	15	15	1	107
5850	2	14	16	16	1	109
5851	2	14	17	17	1	110
5852	2	14	18	18	1	112
5853	2	14	19	19	1	113
5854	2	14	20	20	1	115
5855	2	14	21	21	1	116
5856	2	14	22	22	1	118
5857	2	14	23	23	1	119
5858	2	14	24	24	1	121
5859	2	14	25	25	1	122
5860	2	14	26	26	1	124
5861	2	14	27	27	1	125
5862	2	14	28	28	1	127
5863	2	14	29	29	1	128
5864	2	14	30	30	1	130
5865	2	14	31	31	1	131
5866	2	14	32	32	1	133
5867	2	14	33	33	1	134
5868	2	14	34	34	1	136
5869	2	14	35	35	1	137
5870	2	14	36	36	1	139
5871	2	14	37	37	1	140
5872	2	14	38	38	1	142
5873	2	14	39	39	1	143
5874	2	14	40	40	1	145
5875	2	14	41	41	1	146
5876	2	14	42	42	1	148
5877	2	14	43	43	1	149
5878	2	14	44	44	1	151
5879	2	14	45	45	1	152
5880	2	14	46	46	1	154
5881	2	14	47	47	1	155
5882	2	14	48	48	1	157
5883	2	15	0	0	1	87
5884	2	15	1	1	1	88
5885	2	15	2	2	1	89
5886	2	15	3	3	1	90
5887	2	15	4	4	1	92
5888	2	15	5	5	1	93
5889	2	15	6	6	1	95
5890	2	15	7	7	1	96
5891	2	15	8	8	1	98
5892	2	15	9	9	1	99
5893	2	15	10	10	1	101
5894	2	15	11	11	1	102
5895	2	15	12	12	1	104
5896	2	15	13	13	1	105
5897	2	15	14	14	1	107
5898	2	15	15	15	1	108
5899	2	15	16	16	1	110
5900	2	15	17	17	1	111
5901	2	15	18	18	1	113
5902	2	15	19	19	1	114
5903	2	15	20	20	1	116
5904	2	15	21	21	1	117
5905	2	15	22	22	1	119
5906	2	15	23	23	1	120
5907	2	15	24	24	1	122
5908	2	15	25	25	1	123
5909	2	15	26	26	1	125
5910	2	15	27	27	1	126
5911	2	15	28	28	1	128
5912	2	15	29	29	1	129
5913	2	15	30	30	1	131
5914	2	15	31	31	1	132
5915	2	15	32	32	1	134
5916	2	15	33	33	1	135
5917	2	15	34	34	1	137
5918	2	15	35	35	1	138
5919	2	15	36	36	1	140
5920	2	15	37	37	1	141
5921	2	15	38	38	1	143
5922	2	15	39	39	1	144
5923	2	15	40	40	1	146
5924	2	15	41	41	1	147
5925	2	15	42	42	1	149
5926	2	15	43	43	1	150
5927	2	15	44	44	1	152
5928	2	15	45	45	1	153
5929	2	15	46	46	1	155
5930	2	15	47	47	1	156
5931	2	16	0	0	1	88
5932	2	16	1	1	1	89
5933	2	16	2	2	1	90
5934	2	16	3	3	1	91
5935	2	16	4	4	1	93
5936	2	16	5	5	1	94
5937	2	16	6	6	1	96
5938	2	16	7	7	1	97
5939	2	16	8	8	1	99
5940	2	16	9	9	1	100
5941	2	16	10	10	1	102
5942	2	16	11	11	1	103
5943	2	16	12	12	1	105
5944	2	16	13	13	1	106
5945	2	16	14	14	1	108
5946	2	16	15	15	1	109
5947	2	16	16	16	1	111
5948	2	16	17	17	1	112
5949	2	16	18	18	1	114
5950	2	16	19	19	1	115
5951	2	16	20	20	1	117
5952	2	16	21	21	1	118
5953	2	16	22	22	1	120
5954	2	16	23	23	1	121
5955	2	16	24	24	1	123
5956	2	16	25	25	1	124
5957	2	16	26	26	1	126
5958	2	16	27	27	1	127
5959	2	16	28	28	1	129
5960	2	16	29	29	1	130
5961	2	16	30	30	1	132
5962	2	16	31	31	1	133
5963	2	16	32	32	1	135
5964	2	16	33	33	1	136
5965	2	16	34	34	1	138
5966	2	16	35	35	1	139
5967	2	16	36	36	1	141
5968	2	16	37	37	1	142
5969	2	16	38	38	1	144
5970	2	16	39	39	1	145
5971	2	16	40	40	1	147
5972	2	16	41	41	1	148
5973	2	16	42	42	1	150
5974	2	16	43	43	1	151
5975	2	16	44	44	1	153
5976	2	16	45	45	1	154
5977	2	16	46	46	1	156
5978	2	17	0	0	1	89
5979	2	17	1	1	1	90
5980	2	17	2	2	1	91
5981	2	17	3	3	1	92
5982	2	17	4	4	1	94
5983	2	17	5	5	1	95
5984	2	17	6	6	1	97
5985	2	17	7	7	1	98
5986	2	17	8	8	1	100
5987	2	17	9	9	1	101
5988	2	17	10	10	1	103
5989	2	17	11	11	1	104
5990	2	17	12	12	1	106
5991	2	17	13	13	1	107
5992	2	17	14	14	1	109
5993	2	17	15	15	1	110
5994	2	17	16	16	1	112
5995	2	17	17	17	1	113
5996	2	17	18	18	1	115
5997	2	17	19	19	1	116
5998	2	17	20	20	1	118
5999	2	17	21	21	1	119
6000	2	17	22	22	1	121
6001	2	17	23	23	1	122
6002	2	17	24	24	1	124
6003	2	17	25	25	1	125
6004	2	17	26	26	1	127
6005	2	17	27	27	1	128
6006	2	17	28	28	1	130
6007	2	17	29	29	1	131
6008	2	17	30	30	1	133
6009	2	17	31	31	1	134
6010	2	17	32	32	1	136
6011	2	17	33	33	1	137
6012	2	17	34	34	1	139
6013	2	17	35	35	1	140
6014	2	17	36	36	1	142
6015	2	17	37	37	1	143
6016	2	17	38	38	1	145
6017	2	17	39	39	1	146
6018	2	17	40	40	1	148
6019	2	17	41	41	1	149
6020	2	17	42	42	1	151
6021	2	17	43	43	1	152
6022	2	17	44	44	1	154
6023	2	17	45	45	1	155
6024	2	18	0	0	1	90
6025	2	18	1	1	1	91
6026	2	18	2	2	1	92
6027	2	18	3	3	1	93
6028	2	18	4	4	1	95
6029	2	18	5	5	1	96
6030	2	18	6	6	1	98
6031	2	18	7	7	1	99
6032	2	18	8	8	1	101
6033	2	18	9	9	1	102
6034	2	18	10	10	1	104
6035	2	18	11	11	1	105
6036	2	18	12	12	1	107
6037	2	18	13	13	1	108
6038	2	18	14	14	1	110
6039	2	18	15	15	1	111
6040	2	18	16	16	1	113
6041	2	18	17	17	1	114
6042	2	18	18	18	1	116
6043	2	18	19	19	1	117
6044	2	18	20	20	1	119
6045	2	18	21	21	1	120
6046	2	18	22	22	1	122
6047	2	18	23	23	1	123
6048	2	18	24	24	1	125
6049	2	18	25	25	1	126
6050	2	18	26	26	1	128
6051	2	18	27	27	1	129
6052	2	18	28	28	1	131
6053	2	18	29	29	1	132
6054	2	18	30	30	1	134
6055	2	18	31	31	1	135
6056	2	18	32	32	1	137
6057	2	18	33	33	1	138
6058	2	18	34	34	1	140
6059	2	18	35	35	1	141
6060	2	18	36	36	1	143
6061	2	18	37	37	1	144
6062	2	18	38	38	1	146
6063	2	18	39	39	1	147
6064	2	18	40	40	1	149
6065	2	18	41	41	1	150
6066	2	18	42	42	1	152
6067	2	18	43	43	1	153
6068	2	18	44	44	1	155
6069	2	19	0	0	1	91
6070	2	19	1	1	1	92
6071	2	19	2	2	1	93
6072	2	19	3	3	1	94
6073	2	19	4	4	1	96
6074	2	19	5	5	1	97
6075	2	19	6	6	1	99
6076	2	19	7	7	1	100
6077	2	19	8	8	1	102
6078	2	19	9	9	1	103
6079	2	19	10	10	1	105
6080	2	19	11	11	1	106
6081	2	19	12	12	1	108
6082	2	19	13	13	1	109
6083	2	19	14	14	1	111
6084	2	19	15	15	1	112
6085	2	19	16	16	1	114
6086	2	19	17	17	1	115
6087	2	19	18	18	1	117
6088	2	19	19	19	1	118
6089	2	19	20	20	1	120
6090	2	19	21	21	1	121
6091	2	19	22	22	1	123
6092	2	19	23	23	1	124
6093	2	19	24	24	1	126
6094	2	19	25	25	1	127
6095	2	19	26	26	1	129
6096	2	19	27	27	1	130
6097	2	19	28	28	1	132
6098	2	19	29	29	1	133
6099	2	19	30	30	1	135
6100	2	19	31	31	1	136
6101	2	19	32	32	1	138
6102	2	19	33	33	1	139
6103	2	19	34	34	1	141
6104	2	19	35	35	1	142
6105	2	19	36	36	1	144
6106	2	19	37	37	1	145
6107	2	19	38	38	1	147
6108	2	19	39	39	1	148
6109	2	19	40	40	1	150
6110	2	19	41	41	1	151
6111	2	19	42	42	1	153
6112	2	19	43	43	1	154
6113	2	20	0	0	1	92
6114	2	20	1	1	1	93
6115	2	20	2	2	1	94
6116	2	20	3	3	1	95
6117	2	20	4	4	1	97
6118	2	20	5	5	1	98
6119	2	20	6	6	1	100
6120	2	20	7	7	1	101
6121	2	20	8	8	1	103
6122	2	20	9	9	1	104
6123	2	20	10	10	1	106
6124	2	20	11	11	1	107
6125	2	20	12	12	1	109
6126	2	20	13	13	1	110
6127	2	20	14	14	1	112
6128	2	20	15	15	1	113
6129	2	20	16	16	1	115
6130	2	20	17	17	1	116
6131	2	20	18	18	1	118
6132	2	20	19	19	1	119
6133	2	20	20	20	1	121
6134	2	20	21	21	1	122
6135	2	20	22	22	1	124
6136	2	20	23	23	1	125
6137	2	20	24	24	1	127
6138	2	20	25	25	1	128
6139	2	20	26	26	1	130
6140	2	20	27	27	1	131
6141	2	20	28	28	1	133
6142	2	20	29	29	1	134
6143	2	20	30	30	1	136
6144	2	20	31	31	1	137
6145	2	20	32	32	1	139
6146	2	20	33	33	1	140
6147	2	20	34	34	1	142
6148	2	20	35	35	1	143
6149	2	20	36	36	1	145
6150	2	20	37	37	1	146
6151	2	20	38	38	1	148
6152	2	20	39	39	1	149
6153	2	20	40	40	1	151
6154	2	20	41	41	1	152
6155	2	20	42	42	1	154
6156	2	21	0	0	1	93
6157	2	21	1	1	1	94
6158	2	21	2	2	1	95
6159	2	21	3	3	1	96
6160	2	21	4	4	1	98
6161	2	21	5	5	1	99
6162	2	21	6	6	1	101
6163	2	21	7	7	1	102
6164	2	21	8	8	1	104
6165	2	21	9	9	1	105
6166	2	21	10	10	1	107
6167	2	21	11	11	1	108
6168	2	21	12	12	1	110
6169	2	21	13	13	1	111
6170	2	21	14	14	1	113
6171	2	21	15	15	1	114
6172	2	21	16	16	1	116
6173	2	21	17	17	1	117
6174	2	21	18	18	1	119
6175	2	21	19	19	1	120
6176	2	21	20	20	1	122
6177	2	21	21	21	1	123
6178	2	21	22	22	1	125
6179	2	21	23	23	1	126
6180	2	21	24	24	1	128
6181	2	21	25	25	1	129
6182	2	21	26	26	1	131
6183	2	21	27	27	1	132
6184	2	21	28	28	1	134
6185	2	21	29	29	1	135
6186	2	21	30	30	1	137
6187	2	21	31	31	1	138
6188	2	21	32	32	1	140
6189	2	21	33	33	1	141
6190	2	21	34	34	1	143
6191	2	21	35	35	1	144
6192	2	21	36	36	1	146
6193	2	21	37	37	1	147
6194	2	21	38	38	1	149
6195	2	21	39	39	1	150
6196	2	21	40	40	1	152
6197	2	21	41	41	1	153
6198	2	22	0	0	1	94
6199	2	22	1	1	1	95
6200	2	22	2	2	1	96
6201	2	22	3	3	1	97
6202	2	22	4	4	1	99
6203	2	22	5	5	1	100
6204	2	22	6	6	1	102
6205	2	22	7	7	1	103
6206	2	22	8	8	1	105
6207	2	22	9	9	1	106
6208	2	22	10	10	1	108
6209	2	22	11	11	1	109
6210	2	22	12	12	1	111
6211	2	22	13	13	1	112
6212	2	22	14	14	1	114
6213	2	22	15	15	1	115
6214	2	22	16	16	1	117
6215	2	22	17	17	1	118
6216	2	22	18	18	1	120
6217	2	22	19	19	1	121
6218	2	22	20	20	1	123
6219	2	22	21	21	1	124
6220	2	22	22	22	1	126
6221	2	22	23	23	1	127
6222	2	22	24	24	1	129
6223	2	22	25	25	1	130
6224	2	22	26	26	1	132
6225	2	22	27	27	1	133
6226	2	22	28	28	1	135
6227	2	22	29	29	1	136
6228	2	22	30	30	1	138
6229	2	22	31	31	1	139
6230	2	22	32	32	1	141
6231	2	22	33	33	1	142
6232	2	22	34	34	1	144
6233	2	22	35	35	1	145
6234	2	22	36	36	1	147
6235	2	22	37	37	1	148
6236	2	22	38	38	1	150
6237	2	22	39	39	1	151
6238	2	22	40	40	1	153
6239	2	23	0	0	1	95
6240	2	23	1	1	1	96
6241	2	23	2	2	1	97
6242	2	23	3	3	1	98
6243	2	23	4	4	1	100
6244	2	23	5	5	1	101
6245	2	23	6	6	1	103
6246	2	23	7	7	1	104
6247	2	23	8	8	1	106
6248	2	23	9	9	1	107
6249	2	23	10	10	1	109
6250	2	23	11	11	1	110
6251	2	23	12	12	1	112
6252	2	23	13	13	1	113
6253	2	23	14	14	1	115
6254	2	23	15	15	1	116
6255	2	23	16	16	1	118
6256	2	23	17	17	1	119
6257	2	23	18	18	1	121
6258	2	23	19	19	1	122
6259	2	23	20	20	1	124
6260	2	23	21	21	1	125
6261	2	23	22	22	1	127
6262	2	23	23	23	1	128
6263	2	23	24	24	1	130
6264	2	23	25	25	1	131
6265	2	23	26	26	1	133
6266	2	23	27	27	1	134
6267	2	23	28	28	1	136
6268	2	23	29	29	1	137
6269	2	23	30	30	1	139
6270	2	23	31	31	1	140
6271	2	23	32	32	1	142
6272	2	23	33	33	1	143
6273	2	23	34	34	1	145
6274	2	23	35	35	1	146
6275	2	23	36	36	1	148
6276	2	23	37	37	1	149
6277	2	23	38	38	1	151
6278	2	23	39	39	1	152
6279	2	24	0	0	1	96
6280	2	24	1	1	1	97
6281	2	24	2	2	1	98
6282	2	24	3	3	1	99
6283	2	24	4	4	1	101
6284	2	24	5	5	1	102
6285	2	24	6	6	1	104
6286	2	24	7	7	1	105
6287	2	24	8	8	1	107
6288	2	24	9	9	1	108
6289	2	24	10	10	1	110
6290	2	24	11	11	1	111
6291	2	24	12	12	1	113
6292	2	24	13	13	1	114
6293	2	24	14	14	1	116
6294	2	24	15	15	1	117
6295	2	24	16	16	1	119
6296	2	24	17	17	1	120
6297	2	24	18	18	1	122
6298	2	24	19	19	1	123
6299	2	24	20	20	1	125
6300	2	24	21	21	1	126
6301	2	24	22	22	1	128
6302	2	24	23	23	1	129
6303	2	24	24	24	1	131
6304	2	24	25	25	1	132
6305	2	24	26	26	1	134
6306	2	24	27	27	1	135
6307	2	24	28	28	1	137
6308	2	24	29	29	1	138
6309	2	24	30	30	1	140
6310	2	24	31	31	1	141
6311	2	24	32	32	1	143
6312	2	24	33	33	1	144
6313	2	24	34	34	1	146
6314	2	24	35	35	1	147
6315	2	24	36	36	1	149
6316	2	24	37	37	1	150
6317	2	24	38	38	1	152
6318	2	25	0	0	1	97
6319	2	25	1	1	1	98
6320	2	25	2	2	1	99
6321	2	25	3	3	1	100
6322	2	25	4	4	1	102
6323	2	25	5	5	1	103
6324	2	25	6	6	1	105
6325	2	25	7	7	1	106
6326	2	25	8	8	1	108
6327	2	25	9	9	1	109
6328	2	25	10	10	1	111
6329	2	25	11	11	1	112
6330	2	25	12	12	1	114
6331	2	25	13	13	1	115
6332	2	25	14	14	1	117
6333	2	25	15	15	1	118
6334	2	25	16	16	1	120
6335	2	25	17	17	1	121
6336	2	25	18	18	1	123
6337	2	25	19	19	1	124
6338	2	25	20	20	1	126
6339	2	25	21	21	1	127
6340	2	25	22	22	1	129
6341	2	25	23	23	1	130
6342	2	25	24	24	1	132
6343	2	25	25	25	1	133
6344	2	25	26	26	1	135
6345	2	25	27	27	1	136
6346	2	25	28	28	1	138
6347	2	25	29	29	1	139
6348	2	25	30	30	1	141
6349	2	25	31	31	1	142
6350	2	25	32	32	1	144
6351	2	25	33	33	1	145
6352	2	25	34	34	1	147
6353	2	25	35	35	1	148
6354	2	25	36	36	1	150
6355	2	25	37	37	1	151
6356	2	26	0	0	1	98
6357	2	26	1	1	1	99
6358	2	26	2	2	1	100
6359	2	26	3	3	1	101
6360	2	26	4	4	1	103
6361	2	26	5	5	1	104
6362	2	26	6	6	1	106
6363	2	26	7	7	1	107
6364	2	26	8	8	1	109
6365	2	26	9	9	1	110
6366	2	26	10	10	1	112
6367	2	26	11	11	1	113
6368	2	26	12	12	1	115
6369	2	26	13	13	1	116
6370	2	26	14	14	1	118
6371	2	26	15	15	1	119
6372	2	26	16	16	1	121
6373	2	26	17	17	1	122
6374	2	26	18	18	1	124
6375	2	26	19	19	1	125
6376	2	26	20	20	1	127
6377	2	26	21	21	1	128
6378	2	26	22	22	1	130
6379	2	26	23	23	1	131
6380	2	26	24	24	1	133
6381	2	26	25	25	1	134
6382	2	26	26	26	1	136
6383	2	26	27	27	1	137
6384	2	26	28	28	1	139
6385	2	26	29	29	1	140
6386	2	26	30	30	1	142
6387	2	26	31	31	1	143
6388	2	26	32	32	1	145
6389	2	26	33	33	1	146
6390	2	26	34	34	1	148
6391	2	26	35	35	1	149
6392	2	26	36	36	1	151
6393	2	27	0	0	1	99
6394	2	27	1	1	1	100
6395	2	27	2	2	1	101
6396	2	27	3	3	1	102
6397	2	27	4	4	1	104
6398	2	27	5	5	1	105
6399	2	27	6	6	1	107
6400	2	27	7	7	1	108
6401	2	27	8	8	1	110
6402	2	27	9	9	1	111
6403	2	27	10	10	1	113
6404	2	27	11	11	1	114
6405	2	27	12	12	1	116
6406	2	27	13	13	1	117
6407	2	27	14	14	1	119
6408	2	27	15	15	1	120
6409	2	27	16	16	1	122
6410	2	27	17	17	1	123
6411	2	27	18	18	1	125
6412	2	27	19	19	1	126
6413	2	27	20	20	1	128
6414	2	27	21	21	1	129
6415	2	27	22	22	1	131
6416	2	27	23	23	1	132
6417	2	27	24	24	1	134
6418	2	27	25	25	1	135
6419	2	27	26	26	1	137
6420	2	27	27	27	1	138
6421	2	27	28	28	1	140
6422	2	27	29	29	1	141
6423	2	27	30	30	1	143
6424	2	27	31	31	1	144
6425	2	27	32	32	1	146
6426	2	27	33	33	1	147
6427	2	27	34	34	1	149
6428	2	27	35	35	1	150
6429	2	28	0	0	1	100
6430	2	28	1	1	1	101
6431	2	28	2	2	1	102
6432	2	28	3	3	1	103
6433	2	28	4	4	1	105
6434	2	28	5	5	1	106
6435	2	28	6	6	1	108
6436	2	28	7	7	1	109
6437	2	28	8	8	1	111
6438	2	28	9	9	1	112
6439	2	28	10	10	1	114
6440	2	28	11	11	1	115
6441	2	28	12	12	1	117
6442	2	28	13	13	1	118
6443	2	28	14	14	1	120
6444	2	28	15	15	1	121
6445	2	28	16	16	1	123
6446	2	28	17	17	1	124
6447	2	28	18	18	1	126
6448	2	28	19	19	1	127
6449	2	28	20	20	1	129
6450	2	28	21	21	1	130
6451	2	28	22	22	1	132
6452	2	28	23	23	1	133
6453	2	28	24	24	1	135
6454	2	28	25	25	1	136
6455	2	28	26	26	1	138
6456	2	28	27	27	1	139
6457	2	28	28	28	1	141
6458	2	28	29	29	1	142
6459	2	28	30	30	1	144
6460	2	28	31	31	1	145
6461	2	28	32	32	1	147
6462	2	28	33	33	1	148
6463	2	28	34	34	1	150
6464	2	29	0	0	1	101
6465	2	29	1	1	1	102
6466	2	29	2	2	1	103
6467	2	29	3	3	1	104
6468	2	29	4	4	1	106
6469	2	29	5	5	1	107
6470	2	29	6	6	1	109
6471	2	29	7	7	1	110
6472	2	29	8	8	1	112
6473	2	29	9	9	1	113
6474	2	29	10	10	1	115
6475	2	29	11	11	1	116
6476	2	29	12	12	1	118
6477	2	29	13	13	1	119
6478	2	29	14	14	1	121
6479	2	29	15	15	1	122
6480	2	29	16	16	1	124
6481	2	29	17	17	1	125
6482	2	29	18	18	1	127
6483	2	29	19	19	1	128
6484	2	29	20	20	1	130
6485	2	29	21	21	1	131
6486	2	29	22	22	1	133
6487	2	29	23	23	1	134
6488	2	29	24	24	1	136
6489	2	29	25	25	1	137
6490	2	29	26	26	1	139
6491	2	29	27	27	1	140
6492	2	29	28	28	1	142
6493	2	29	29	29	1	143
6494	2	29	30	30	1	145
6495	2	29	31	31	1	146
6496	2	29	32	32	1	148
6497	2	29	33	33	1	149
6498	2	30	0	0	1	102
6499	2	30	1	1	1	103
6500	2	30	2	2	1	104
6501	2	30	3	3	1	105
6502	2	30	4	4	1	107
6503	2	30	5	5	1	108
6504	2	30	6	6	1	110
6505	2	30	7	7	1	111
6506	2	30	8	8	1	113
6507	2	30	9	9	1	114
6508	2	30	10	10	1	116
6509	2	30	11	11	1	117
6510	2	30	12	12	1	119
6511	2	30	13	13	1	120
6512	2	30	14	14	1	122
6513	2	30	15	15	1	123
6514	2	30	16	16	1	125
6515	2	30	17	17	1	126
6516	2	30	18	18	1	128
6517	2	30	19	19	1	129
6518	2	30	20	20	1	131
6519	2	30	21	21	1	132
6520	2	30	22	22	1	134
6521	2	30	23	23	1	135
6522	2	30	24	24	1	137
6523	2	30	25	25	1	138
6524	2	30	26	26	1	140
6525	2	30	27	27	1	141
6526	2	30	28	28	1	143
6527	2	30	29	29	1	144
6528	2	30	30	30	1	146
6529	2	30	31	31	1	147
6530	2	30	32	32	1	149
6531	2	31	0	0	1	103
6532	2	31	1	1	1	104
6533	2	31	2	2	1	105
6534	2	31	3	3	1	106
6535	2	31	4	4	1	108
6536	2	31	5	5	1	109
6537	2	31	6	6	1	111
6538	2	31	7	7	1	112
6539	2	31	8	8	1	114
6540	2	31	9	9	1	115
6541	2	31	10	10	1	117
6542	2	31	11	11	1	118
6543	2	31	12	12	1	120
6544	2	31	13	13	1	121
6545	2	31	14	14	1	123
6546	2	31	15	15	1	124
6547	2	31	16	16	1	126
6548	2	31	17	17	1	127
6549	2	31	18	18	1	129
6550	2	31	19	19	1	130
6551	2	31	20	20	1	132
6552	2	31	21	21	1	133
6553	2	31	22	22	1	135
6554	2	31	23	23	1	136
6555	2	31	24	24	1	138
6556	2	31	25	25	1	139
6557	2	31	26	26	1	141
6558	2	31	27	27	1	142
6559	2	31	28	28	1	144
6560	2	31	29	29	1	145
6561	2	31	30	30	1	147
6562	2	31	31	31	1	148
6563	2	32	0	0	1	104
6564	2	32	1	1	1	105
6565	2	32	2	2	1	106
6566	2	32	3	3	1	107
6567	2	32	4	4	1	109
6568	2	32	5	5	1	110
6569	2	32	6	6	1	112
6570	2	32	7	7	1	113
6571	2	32	8	8	1	115
6572	2	32	9	9	1	116
6573	2	32	10	10	1	118
6574	2	32	11	11	1	119
6575	2	32	12	12	1	121
6576	2	32	13	13	1	122
6577	2	32	14	14	1	124
6578	2	32	15	15	1	125
6579	2	32	16	16	1	127
6580	2	32	17	17	1	128
6581	2	32	18	18	1	130
6582	2	32	19	19	1	131
6583	2	32	20	20	1	133
6584	2	32	21	21	1	134
6585	2	32	22	22	1	136
6586	2	32	23	23	1	137
6587	2	32	24	24	1	139
6588	2	32	25	25	1	140
6589	2	32	26	26	1	142
6590	2	32	27	27	1	143
6591	2	32	28	28	1	145
6592	2	32	29	29	1	146
6593	2	32	30	30	1	148
6594	2	33	0	0	1	105
6595	2	33	1	1	1	106
6596	2	33	2	2	1	107
6597	2	33	3	3	1	108
6598	2	33	4	4	1	110
6599	2	33	5	5	1	111
6600	2	33	6	6	1	113
6601	2	33	7	7	1	114
6602	2	33	8	8	1	116
6603	2	33	9	9	1	117
6604	2	33	10	10	1	119
6605	2	33	11	11	1	120
6606	2	33	12	12	1	122
6607	2	33	13	13	1	123
6608	2	33	14	14	1	125
6609	2	33	15	15	1	126
6610	2	33	16	16	1	128
6611	2	33	17	17	1	129
6612	2	33	18	18	1	131
6613	2	33	19	19	1	132
6614	2	33	20	20	1	134
6615	2	33	21	21	1	135
6616	2	33	22	22	1	137
6617	2	33	23	23	1	138
6618	2	33	24	24	1	140
6619	2	33	25	25	1	141
6620	2	33	26	26	1	143
6621	2	33	27	27	1	144
6622	2	33	28	28	1	146
6623	2	33	29	29	1	147
6624	2	34	0	0	1	106
6625	2	34	1	1	1	107
6626	2	34	2	2	1	108
6627	2	34	3	3	1	109
6628	2	34	4	4	1	111
6629	2	34	5	5	1	112
6630	2	34	6	6	1	114
6631	2	34	7	7	1	115
6632	2	34	8	8	1	117
6633	2	34	9	9	1	118
6634	2	34	10	10	1	120
6635	2	34	11	11	1	121
6636	2	34	12	12	1	123
6637	2	34	13	13	1	124
6638	2	34	14	14	1	126
6639	2	34	15	15	1	127
6640	2	34	16	16	1	129
6641	2	34	17	17	1	130
6642	2	34	18	18	1	132
6643	2	34	19	19	1	133
6644	2	34	20	20	1	135
6645	2	34	21	21	1	136
6646	2	34	22	22	1	138
6647	2	34	23	23	1	139
6648	2	34	24	24	1	141
6649	2	34	25	25	1	142
6650	2	34	26	26	1	144
6651	2	34	27	27	1	145
6652	2	34	28	28	1	147
6653	2	35	0	0	1	107
6654	2	35	1	1	1	108
6655	2	35	2	2	1	109
6656	2	35	3	3	1	110
6657	2	35	4	4	1	112
6658	2	35	5	5	1	113
6659	2	35	6	6	1	115
6660	2	35	7	7	1	116
6661	2	35	8	8	1	118
6662	2	35	9	9	1	119
6663	2	35	10	10	1	121
6664	2	35	11	11	1	122
6665	2	35	12	12	1	124
6666	2	35	13	13	1	125
6667	2	35	14	14	1	127
6668	2	35	15	15	1	128
6669	2	35	16	16	1	130
6670	2	35	17	17	1	131
6671	2	35	18	18	1	133
6672	2	35	19	19	1	134
6673	2	35	20	20	1	136
6674	2	35	21	21	1	137
6675	2	35	22	22	1	139
6676	2	35	23	23	1	140
6677	2	35	24	24	1	142
6678	2	35	25	25	1	143
6679	2	35	26	26	1	145
6680	2	35	27	27	1	146
6681	2	36	0	0	1	108
6682	2	36	1	1	1	109
6683	2	36	2	2	1	110
6684	2	36	3	3	1	111
6685	2	36	4	4	1	113
6686	2	36	5	5	1	114
6687	2	36	6	6	1	116
6688	2	36	7	7	1	117
6689	2	36	8	8	1	119
6690	2	36	9	9	1	120
6691	2	36	10	10	1	122
6692	2	36	11	11	1	123
6693	2	36	12	12	1	125
6694	2	36	13	13	1	126
6695	2	36	14	14	1	128
6696	2	36	15	15	1	129
6697	2	36	16	16	1	131
6698	2	36	17	17	1	132
6699	2	36	18	18	1	134
6700	2	36	19	19	1	135
6701	2	36	20	20	1	137
6702	2	36	21	21	1	138
6703	2	36	22	22	1	140
6704	2	36	23	23	1	141
6705	2	36	24	24	1	143
6706	2	36	25	25	1	144
6707	2	36	26	26	1	146
6708	2	37	0	0	1	109
6709	2	37	1	1	1	110
6710	2	37	2	2	1	111
6711	2	37	3	3	1	112
6712	2	37	4	4	1	114
6713	2	37	5	5	1	115
6714	2	37	6	6	1	117
6715	2	37	7	7	1	118
6716	2	37	8	8	1	120
6717	2	37	9	9	1	121
6718	2	37	10	10	1	123
6719	2	37	11	11	1	124
6720	2	37	12	12	1	126
6721	2	37	13	13	1	127
6722	2	37	14	14	1	129
6723	2	37	15	15	1	130
6724	2	37	16	16	1	132
6725	2	37	17	17	1	133
6726	2	37	18	18	1	135
6727	2	37	19	19	1	136
6728	2	37	20	20	1	138
6729	2	37	21	21	1	139
6730	2	37	22	22	1	141
6731	2	37	23	23	1	142
6732	2	37	24	24	1	144
6733	2	37	25	25	1	145
6734	2	38	0	0	1	110
6735	2	38	1	1	1	111
6736	2	38	2	2	1	112
6737	2	38	3	3	1	113
6738	2	38	4	4	1	115
6739	2	38	5	5	1	116
6740	2	38	6	6	1	118
6741	2	38	7	7	1	119
6742	2	38	8	8	1	121
6743	2	38	9	9	1	122
6744	2	38	10	10	1	124
6745	2	38	11	11	1	125
6746	2	38	12	12	1	127
6747	2	38	13	13	1	128
6748	2	38	14	14	1	130
6749	2	38	15	15	1	131
6750	2	38	16	16	1	133
6751	2	38	17	17	1	134
6752	2	38	18	18	1	136
6753	2	38	19	19	1	137
6754	2	38	20	20	1	139
6755	2	38	21	21	1	140
6756	2	38	22	22	1	142
6757	2	38	23	23	1	143
6758	2	38	24	24	1	145
6759	2	39	0	0	1	111
6760	2	39	1	1	1	112
6761	2	39	2	2	1	113
6762	2	39	3	3	1	114
6763	2	39	4	4	1	116
6764	2	39	5	5	1	117
6765	2	39	6	6	1	119
6766	2	39	7	7	1	120
6767	2	39	8	8	1	122
6768	2	39	9	9	1	123
6769	2	39	10	10	1	125
6770	2	39	11	11	1	126
6771	2	39	12	12	1	128
6772	2	39	13	13	1	129
6773	2	39	14	14	1	131
6774	2	39	15	15	1	132
6775	2	39	16	16	1	134
6776	2	39	17	17	1	135
6777	2	39	18	18	1	137
6778	2	39	19	19	1	138
6779	2	39	20	20	1	140
6780	2	39	21	21	1	141
6781	2	39	22	22	1	143
6782	2	39	23	23	1	144
6783	2	40	0	0	1	112
6784	2	40	1	1	1	113
6785	2	40	2	2	1	114
6786	2	40	3	3	1	115
6787	2	40	4	4	1	117
6788	2	40	5	5	1	118
6789	2	40	6	6	1	120
6790	2	40	7	7	1	121
6791	2	40	8	8	1	123
6792	2	40	9	9	1	124
6793	2	40	10	10	1	126
6794	2	40	11	11	1	127
6795	2	40	12	12	1	129
6796	2	40	13	13	1	130
6797	2	40	14	14	1	132
6798	2	40	15	15	1	133
6799	2	40	16	16	1	135
6800	2	40	17	17	1	136
6801	2	40	18	18	1	138
6802	2	40	19	19	1	139
6803	2	40	20	20	1	141
6804	2	40	21	21	1	142
6805	2	40	22	22	1	144
6806	2	41	0	0	1	113
6807	2	41	1	1	1	114
6808	2	41	2	2	1	115
6809	2	41	3	3	1	116
6810	2	41	4	4	1	118
6811	2	41	5	5	1	119
6812	2	41	6	6	1	121
6813	2	41	7	7	1	122
6814	2	41	8	8	1	124
6815	2	41	9	9	1	125
6816	2	41	10	10	1	127
6817	2	41	11	11	1	128
6818	2	41	12	12	1	130
6819	2	41	13	13	1	131
6820	2	41	14	14	1	133
6821	2	41	15	15	1	134
6822	2	41	16	16	1	136
6823	2	41	17	17	1	137
6824	2	41	18	18	1	139
6825	2	41	19	19	1	140
6826	2	41	20	20	1	142
6827	2	41	21	21	1	143
6828	2	42	0	0	1	114
6829	2	42	1	1	1	115
6830	2	42	2	2	1	116
6831	2	42	3	3	1	117
6832	2	42	4	4	1	119
6833	2	42	5	5	1	120
6834	2	42	6	6	1	122
6835	2	42	7	7	1	123
6836	2	42	8	8	1	125
6837	2	42	9	9	1	126
6838	2	42	10	10	1	128
6839	2	42	11	11	1	129
6840	2	42	12	12	1	131
6841	2	42	13	13	1	132
6842	2	42	14	14	1	134
6843	2	42	15	15	1	135
6844	2	42	16	16	1	137
6845	2	42	17	17	1	138
6846	2	42	18	18	1	140
6847	2	42	19	19	1	141
6848	2	42	20	20	1	143
6849	2	43	0	0	1	115
6850	2	43	1	1	1	116
6851	2	43	2	2	1	117
6852	2	43	3	3	1	118
6853	2	43	4	4	1	120
6854	2	43	5	5	1	121
6855	2	43	6	6	1	123
6856	2	43	7	7	1	124
6857	2	43	8	8	1	126
6858	2	43	9	9	1	127
6859	2	43	10	10	1	129
6860	2	43	11	11	1	130
6861	2	43	12	12	1	132
6862	2	43	13	13	1	133
6863	2	43	14	14	1	135
6864	2	43	15	15	1	136
6865	2	43	16	16	1	138
6866	2	43	17	17	1	139
6867	2	43	18	18	1	141
6868	2	43	19	19	1	142
6869	2	44	0	0	1	116
6870	2	44	1	1	1	117
6871	2	44	2	2	1	118
6872	2	44	3	3	1	119
6873	2	44	4	4	1	121
6874	2	44	5	5	1	122
6875	2	44	6	6	1	124
6876	2	44	7	7	1	125
6877	2	44	8	8	1	127
6878	2	44	9	9	1	128
6879	2	44	10	10	1	130
6880	2	44	11	11	1	131
6881	2	44	12	12	1	133
6882	2	44	13	13	1	134
6883	2	44	14	14	1	136
6884	2	44	15	15	1	137
6885	2	44	16	16	1	139
6886	2	44	17	17	1	140
6887	2	44	18	18	1	142
6888	2	45	0	0	1	117
6889	2	45	1	1	1	118
6890	2	45	2	2	1	119
6891	2	45	3	3	1	120
6892	2	45	4	4	1	122
6893	2	45	5	5	1	123
6894	2	45	6	6	1	125
6895	2	45	7	7	1	126
6896	2	45	8	8	1	128
6897	2	45	9	9	1	129
6898	2	45	10	10	1	131
6899	2	45	11	11	1	132
6900	2	45	12	12	1	134
6901	2	45	13	13	1	135
6902	2	45	14	14	1	137
6903	2	45	15	15	1	138
6904	2	45	16	16	1	140
6905	2	45	17	17	1	141
6906	2	46	0	0	1	118
6907	2	46	1	1	1	119
6908	2	46	2	2	1	120
6909	2	46	3	3	1	121
6910	2	46	4	4	1	123
6911	2	46	5	5	1	124
6912	2	46	6	6	1	126
6913	2	46	7	7	1	127
6914	2	46	8	8	1	129
6915	2	46	9	9	1	130
6916	2	46	10	10	1	132
6917	2	46	11	11	1	133
6918	2	46	12	12	1	135
6919	2	46	13	13	1	136
6920	2	46	14	14	1	138
6921	2	46	15	15	1	139
6922	2	46	16	16	1	141
6923	2	47	0	0	1	119
6924	2	47	1	1	1	120
6925	2	47	2	2	1	121
6926	2	47	3	3	1	122
6927	2	47	4	4	1	124
6928	2	47	5	5	1	125
6929	2	47	6	6	1	127
6930	2	47	7	7	1	128
6931	2	47	8	8	1	130
6932	2	47	9	9	1	131
6933	2	47	10	10	1	133
6934	2	47	11	11	1	134
6935	2	47	12	12	1	136
6936	2	47	13	13	1	137
6937	2	47	14	14	1	139
6938	2	47	15	15	1	140
6939	2	48	0	0	1	120
6940	2	48	1	1	1	121
6941	2	48	2	2	1	122
6942	2	48	3	3	1	123
6943	2	48	4	4	1	125
6944	2	48	5	5	1	126
6945	2	48	6	6	1	128
6946	2	48	7	7	1	129
6947	2	48	8	8	1	131
6948	2	48	9	9	1	132
6949	2	48	10	10	1	134
6950	2	48	11	11	1	135
6951	2	48	12	12	1	137
6952	2	48	13	13	1	138
6953	2	48	14	14	1	140
6954	2	49	0	0	1	121
6955	2	49	1	1	1	122
6956	2	49	2	2	1	123
6957	2	49	3	3	1	124
6958	2	49	4	4	1	126
6959	2	49	5	5	1	127
6960	2	49	6	6	1	129
6961	2	49	7	7	1	130
6962	2	49	8	8	1	132
6963	2	49	9	9	1	133
6964	2	49	10	10	1	135
6965	2	49	11	11	1	136
6966	2	49	12	12	1	138
6967	2	49	13	13	1	139
6968	2	50	0	0	1	122
6969	2	50	1	1	1	123
6970	2	50	2	2	1	124
6971	2	50	3	3	1	125
6972	2	50	4	4	1	127
6973	2	50	5	5	1	128
6974	2	50	6	6	1	130
6975	2	50	7	7	1	131
6976	2	50	8	8	1	133
6977	2	50	9	9	1	134
6978	2	50	10	10	1	136
6979	2	50	11	11	1	137
6980	2	50	12	12	1	139
6981	2	51	0	0	1	123
6982	2	51	1	1	1	124
6983	2	51	2	2	1	125
6984	2	51	3	3	1	126
6985	2	51	4	4	1	128
6986	2	51	5	5	1	129
6987	2	51	6	6	1	131
6988	2	51	7	7	1	132
6989	2	51	8	8	1	134
6990	2	51	9	9	1	135
6991	2	51	10	10	1	137
6992	2	51	11	11	1	138
6993	2	52	0	0	1	124
6994	2	52	1	1	1	125
6995	2	52	2	2	1	126
6996	2	52	3	3	1	127
6997	2	52	4	4	1	129
6998	2	52	5	5	1	130
6999	2	52	6	6	1	132
7000	2	52	7	7	1	133
7001	2	52	8	8	1	135
7002	2	52	9	9	1	136
7003	2	52	10	10	1	138
7004	2	53	0	0	1	125
7005	2	53	1	1	1	126
7006	2	53	2	2	1	127
7007	2	53	3	3	1	128
7008	2	53	4	4	1	130
7009	2	53	5	5	1	131
7010	2	53	6	6	1	133
7011	2	53	7	7	1	134
7012	2	53	8	8	1	136
7013	2	53	9	9	1	137
7014	2	54	0	0	1	126
7015	2	54	1	1	1	127
7016	2	54	2	2	1	128
7017	2	54	3	3	1	129
7018	2	54	4	4	1	131
7019	2	54	5	5	1	132
7020	2	54	6	6	1	134
7021	2	54	7	7	1	135
7022	2	54	8	8	1	137
7023	2	55	0	0	1	127
7024	2	55	1	1	1	128
7025	2	55	2	2	1	129
7026	2	55	3	3	1	130
7027	2	55	4	4	1	132
7028	2	55	5	5	1	133
7029	2	55	6	6	1	135
7030	2	55	7	7	1	136
7031	2	56	0	0	1	128
7032	2	56	1	1	1	129
7033	2	56	2	2	1	130
7034	2	56	3	3	1	131
7035	2	56	4	4	1	133
7036	2	56	5	5	1	134
7037	2	56	6	6	1	136
7038	2	57	0	0	1	129
7039	2	57	1	1	1	130
7040	2	57	2	2	1	131
7041	2	57	3	3	1	132
7042	2	57	4	4	1	134
7043	2	57	5	5	1	135
7044	2	58	0	0	1	130
7045	2	58	1	1	1	131
7046	2	58	2	2	1	132
7047	2	58	3	3	1	133
7048	2	58	4	4	1	135
7049	2	59	0	0	1	131
7050	2	59	1	1	1	132
7051	2	59	2	2	1	133
7052	2	59	3	3	1	134
7053	2	60	0	0	1	132
7054	2	60	1	1	1	133
7055	2	60	2	2	1	134
7056	2	61	0	0	1	133
7057	2	61	1	1	1	134
7058	2	62	0	0	1	134
7059	3	0	0	63	166	165
7060	3	0	1	64	166	167
7061	3	0	2	65	166	168
7062	3	0	3	66	166	170
7063	3	0	4	67	166	171
7064	3	0	5	68	166	173
7065	3	0	6	69	166	174
7066	3	0	7	70	166	176
7067	3	0	8	71	166	177
7068	3	0	9	72	166	179
7069	3	0	10	73	166	180
7070	3	0	11	74	166	182
7071	3	0	12	75	166	183
7072	3	0	13	76	166	185
7073	3	0	14	77	166	186
7074	3	0	15	78	166	188
7075	3	0	16	79	166	189
7076	3	0	17	80	166	191
7077	3	0	18	81	166	192
7078	3	0	19	82	166	194
7079	3	0	20	83	166	195
7080	3	0	21	84	166	197
7081	3	0	22	85	166	198
7082	3	0	23	86	166	200
7083	3	0	24	87	166	201
7084	3	0	25	88	166	203
7085	3	0	26	89	166	204
7086	3	0	27	90	166	206
7087	3	0	28	91	166	207
7088	3	0	29	92	166	209
7089	3	0	30	93	166	210
7090	3	0	31	94	166	212
7091	3	0	32	95	166	213
7092	3	0	33	96	166	215
7093	3	0	34	97	166	216
7094	3	0	35	98	166	218
7095	3	0	36	99	166	219
7096	3	0	37	100	166	221
7097	3	0	38	101	166	222
7098	3	0	39	102	166	224
7099	3	0	40	103	166	225
7100	3	0	41	104	166	227
7101	3	0	42	105	166	228
7102	3	0	43	106	166	230
7103	3	0	44	107	166	231
7104	3	0	45	108	166	233
7105	3	0	46	109	166	234
7106	3	0	47	110	166	236
7107	3	0	48	111	166	237
7108	3	0	49	112	166	239
7109	3	0	50	113	166	240
7110	3	0	51	114	166	242
7111	3	1	0	62	141	165
7112	3	1	1	63	141	166
7113	3	1	2	64	141	168
7114	3	1	3	65	141	169
7115	3	1	4	66	141	171
7116	3	1	5	67	141	172
7117	3	1	6	68	141	174
7118	3	1	7	69	141	175
7119	3	1	8	70	141	177
7120	3	1	9	71	141	178
7121	3	1	10	72	141	180
7122	3	1	11	73	141	181
7123	3	1	12	74	141	183
7124	3	1	13	75	141	184
7125	3	1	14	76	141	186
7126	3	1	15	77	141	187
7127	3	1	16	78	141	189
7128	3	1	17	79	141	190
7129	3	1	18	80	141	192
7130	3	1	19	81	141	193
7131	3	1	20	82	141	195
7132	3	1	21	83	141	196
7133	3	1	22	84	141	198
7134	3	1	23	85	141	199
7135	3	1	24	86	141	201
7136	3	1	25	87	141	202
7137	3	1	26	88	141	204
7138	3	1	27	89	141	205
7139	3	1	28	90	141	207
7140	3	1	29	91	141	208
7141	3	1	30	92	141	210
7142	3	1	31	93	141	211
7143	3	1	32	94	141	213
7144	3	1	33	95	141	214
7145	3	1	34	96	141	216
7146	3	1	35	97	141	217
7147	3	1	36	98	141	219
7148	3	1	37	99	141	220
7149	3	1	38	100	141	222
7150	3	1	39	101	141	223
7151	3	1	40	102	141	225
7152	3	1	41	103	141	226
7153	3	1	42	104	141	228
7154	3	1	43	105	141	229
7155	3	1	44	106	141	231
7156	3	1	45	107	141	232
7157	3	1	46	108	141	234
7158	3	1	47	109	141	235
7159	3	1	48	110	141	237
7160	3	1	49	111	141	238
7161	3	1	50	112	141	240
7162	3	2	0	61	47	164
7163	3	2	1	62	47	166
7164	3	2	2	63	47	167
7165	3	2	3	64	47	169
7166	3	2	4	65	47	170
7167	3	2	5	66	47	172
7168	3	2	6	67	47	173
7169	3	2	7	68	47	175
7170	3	2	8	69	47	176
7171	3	2	9	70	47	178
7172	3	2	10	71	47	179
7173	3	2	11	72	47	181
7174	3	2	12	73	47	182
7175	3	2	13	74	47	184
7176	3	2	14	75	47	185
7177	3	2	15	76	47	187
7178	3	2	16	77	47	188
7179	3	2	17	78	47	190
7180	3	2	18	79	47	191
7181	3	2	19	80	47	193
7182	3	2	20	81	47	194
7183	3	2	21	82	47	196
7184	3	2	22	83	47	197
7185	3	2	23	84	47	199
7186	3	2	24	85	47	200
7187	3	2	25	86	47	202
7188	3	2	26	87	47	203
7189	3	2	27	88	47	205
7190	3	2	28	89	47	206
7191	3	2	29	90	47	208
7192	3	2	30	91	47	209
7193	3	2	31	92	47	211
7194	3	2	32	93	47	212
7195	3	2	33	94	47	214
7196	3	2	34	95	47	215
7197	3	2	35	96	47	217
7198	3	2	36	97	47	218
7199	3	2	37	98	47	220
7200	3	2	38	99	47	221
7201	3	2	39	100	47	223
7202	3	2	40	101	47	224
7203	3	2	41	102	47	226
7204	3	2	42	103	47	227
7205	3	2	43	104	47	229
7206	3	2	44	105	47	230
7207	3	2	45	106	47	232
7208	3	2	46	107	47	233
7209	3	2	47	108	47	235
7210	3	2	48	109	47	236
7211	3	2	49	110	47	238
7212	3	3	0	60	187	164
7213	3	3	1	61	187	165
7214	3	3	2	62	187	167
7215	3	3	3	63	187	168
7216	3	3	4	64	187	170
7217	3	3	5	65	187	171
7218	3	3	6	66	187	173
7219	3	3	7	67	187	174
7220	3	3	8	68	187	176
7221	3	3	9	69	187	177
7222	3	3	10	70	187	179
7223	3	3	11	71	187	180
7224	3	3	12	72	187	182
7225	3	3	13	73	187	183
7226	3	3	14	74	187	185
7227	3	3	15	75	187	186
7228	3	3	16	76	187	188
7229	3	3	17	77	187	189
7230	3	3	18	78	187	191
7231	3	3	19	79	187	192
7232	3	3	20	80	187	194
7233	3	3	21	81	187	195
7234	3	3	22	82	187	197
7235	3	3	23	83	187	198
7236	3	3	24	84	187	200
7237	3	3	25	85	187	201
7238	3	3	26	86	187	203
7239	3	3	27	87	187	204
7240	3	3	28	88	187	206
7241	3	3	29	89	187	207
7242	3	3	30	90	187	209
7243	3	3	31	91	187	210
7244	3	3	32	92	187	212
7245	3	3	33	93	187	213
7246	3	3	34	94	187	215
7247	3	3	35	95	187	216
7248	3	3	36	96	187	218
7249	3	3	37	97	187	219
7250	3	3	38	98	187	221
7251	3	3	39	99	187	222
7252	3	3	40	100	187	224
7253	3	3	41	101	187	225
7254	3	3	42	102	187	227
7255	3	3	43	103	187	228
7256	3	3	44	104	187	230
7257	3	3	45	105	187	231
7258	3	3	46	106	187	233
7259	3	3	47	107	187	234
7260	3	3	48	108	187	236
7261	3	4	0	59	148	163
7262	3	4	1	60	148	165
7263	3	4	2	61	148	166
7264	3	4	3	62	148	168
7265	3	4	4	63	148	169
7266	3	4	5	64	148	171
7267	3	4	6	65	148	172
7268	3	4	7	66	148	174
7269	3	4	8	67	148	175
7270	3	4	9	68	148	177
7271	3	4	10	69	148	178
7272	3	4	11	70	148	180
7273	3	4	12	71	148	181
7274	3	4	13	72	148	183
7275	3	4	14	73	148	184
7276	3	4	15	74	148	186
7277	3	4	16	75	148	187
7278	3	4	17	76	148	189
7279	3	4	18	77	148	190
7280	3	4	19	78	148	192
7281	3	4	20	79	148	193
7282	3	4	21	80	148	195
7283	3	4	22	81	148	196
7284	3	4	23	82	148	198
7285	3	4	24	83	148	199
7286	3	4	25	84	148	201
7287	3	4	26	85	148	202
7288	3	4	27	86	148	204
7289	3	4	28	87	148	205
7290	3	4	29	88	148	207
7291	3	4	30	89	148	208
7292	3	4	31	90	148	210
7293	3	4	32	91	148	211
7294	3	4	33	92	148	213
7295	3	4	34	93	148	214
7296	3	4	35	94	148	216
7297	3	4	36	95	148	217
7298	3	4	37	96	148	219
7299	3	4	38	97	148	220
7300	3	4	39	98	148	222
7301	3	4	40	99	148	223
7302	3	4	41	100	148	225
7303	3	4	42	101	148	226
7304	3	4	43	102	148	228
7305	3	4	44	103	148	229
7306	3	4	45	104	148	231
7307	3	4	46	105	148	232
7308	3	4	47	106	148	234
7309	3	5	0	58	135	163
7310	3	5	1	59	135	164
7311	3	5	2	60	135	166
7312	3	5	3	61	135	167
7313	3	5	4	62	135	169
7314	3	5	5	63	135	170
7315	3	5	6	64	135	172
7316	3	5	7	65	135	173
7317	3	5	8	66	135	175
7318	3	5	9	67	135	176
7319	3	5	10	68	135	178
7320	3	5	11	69	135	179
7321	3	5	12	70	135	181
7322	3	5	13	71	135	182
7323	3	5	14	72	135	184
7324	3	5	15	73	135	185
7325	3	5	16	74	135	187
7326	3	5	17	75	135	188
7327	3	5	18	76	135	190
7328	3	5	19	77	135	191
7329	3	5	20	78	135	193
7330	3	5	21	79	135	194
7331	3	5	22	80	135	196
7332	3	5	23	81	135	197
7333	3	5	24	82	135	199
7334	3	5	25	83	135	200
7335	3	5	26	84	135	202
7336	3	5	27	85	135	203
7337	3	5	28	86	135	205
7338	3	5	29	87	135	206
7339	3	5	30	88	135	208
7340	3	5	31	89	135	209
7341	3	5	32	90	135	211
7342	3	5	33	91	135	212
7343	3	5	34	92	135	214
7344	3	5	35	93	135	215
7345	3	5	36	94	135	217
7346	3	5	37	95	135	218
7347	3	5	38	96	135	220
7348	3	5	39	97	135	221
7349	3	5	40	98	135	223
7350	3	5	41	99	135	224
7351	3	5	42	100	135	226
7352	3	5	43	101	135	227
7353	3	5	44	102	135	229
7354	3	5	45	103	135	230
7355	3	5	46	104	135	232
7356	3	6	0	57	45	162
7357	3	6	1	58	45	164
7358	3	6	2	59	45	165
7359	3	6	3	60	45	167
7360	3	6	4	61	45	168
7361	3	6	5	62	45	170
7362	3	6	6	63	45	171
7363	3	6	7	64	45	173
7364	3	6	8	65	45	174
7365	3	6	9	66	45	176
7366	3	6	10	67	45	177
7367	3	6	11	68	45	179
7368	3	6	12	69	45	180
7369	3	6	13	70	45	182
7370	3	6	14	71	45	183
7371	3	6	15	72	45	185
7372	3	6	16	73	45	186
7373	3	6	17	74	45	188
7374	3	6	18	75	45	189
7375	3	6	19	76	45	191
7376	3	6	20	77	45	192
7377	3	6	21	78	45	194
7378	3	6	22	79	45	195
7379	3	6	23	80	45	197
7380	3	6	24	81	45	198
7381	3	6	25	82	45	200
7382	3	6	26	83	45	201
7383	3	6	27	84	45	203
7384	3	6	28	85	45	204
7385	3	6	29	86	45	206
7386	3	6	30	87	45	207
7387	3	6	31	88	45	209
7388	3	6	32	89	45	210
7389	3	6	33	90	45	212
7390	3	6	34	91	45	213
7391	3	6	35	92	45	215
7392	3	6	36	93	45	216
7393	3	6	37	94	45	218
7394	3	6	38	95	45	219
7395	3	6	39	96	45	221
7396	3	6	40	97	45	222
7397	3	6	41	98	45	224
7398	3	6	42	99	45	225
7399	3	6	43	100	45	227
7400	3	6	44	101	45	228
7401	3	6	45	102	45	230
7402	3	7	0	56	15	162
7403	3	7	1	57	15	163
7404	3	7	2	58	15	165
7405	3	7	3	59	15	166
7406	3	7	4	60	15	168
7407	3	7	5	61	15	169
7408	3	7	6	62	15	171
7409	3	7	7	63	15	172
7410	3	7	8	64	15	174
7411	3	7	9	65	15	175
7412	3	7	10	66	15	177
7413	3	7	11	67	15	178
7414	3	7	12	68	15	180
7415	3	7	13	69	15	181
7416	3	7	14	70	15	183
7417	3	7	15	71	15	184
7418	3	7	16	72	15	186
7419	3	7	17	73	15	187
7420	3	7	18	74	15	189
7421	3	7	19	75	15	190
7422	3	7	20	76	15	192
7423	3	7	21	77	15	193
7424	3	7	22	78	15	195
7425	3	7	23	79	15	196
7426	3	7	24	80	15	198
7427	3	7	25	81	15	199
7428	3	7	26	82	15	201
7429	3	7	27	83	15	202
7430	3	7	28	84	15	204
7431	3	7	29	85	15	205
7432	3	7	30	86	15	207
7433	3	7	31	87	15	208
7434	3	7	32	88	15	210
7435	3	7	33	89	15	211
7436	3	7	34	90	15	213
7437	3	7	35	91	15	214
7438	3	7	36	92	15	216
7439	3	7	37	93	15	217
7440	3	7	38	94	15	219
7441	3	7	39	95	15	220
7442	3	7	40	96	15	222
7443	3	7	41	97	15	223
7444	3	7	42	98	15	225
7445	3	7	43	99	15	226
7446	3	7	44	100	15	228
7447	3	8	0	55	5	161
7448	3	8	1	56	5	163
7449	3	8	2	57	5	164
7450	3	8	3	58	5	166
7451	3	8	4	59	5	167
7452	3	8	5	60	5	169
7453	3	8	6	61	5	170
7454	3	8	7	62	5	172
7455	3	8	8	63	5	173
7456	3	8	9	64	5	175
7457	3	8	10	65	5	176
7458	3	8	11	66	5	178
7459	3	8	12	67	5	179
7460	3	8	13	68	5	181
7461	3	8	14	69	5	182
7462	3	8	15	70	5	184
7463	3	8	16	71	5	185
7464	3	8	17	72	5	187
7465	3	8	18	73	5	188
7466	3	8	19	74	5	190
7467	3	8	20	75	5	191
7468	3	8	21	76	5	193
7469	3	8	22	77	5	194
7470	3	8	23	78	5	196
7471	3	8	24	79	5	197
7472	3	8	25	80	5	199
7473	3	8	26	81	5	200
7474	3	8	27	82	5	202
7475	3	8	28	83	5	203
7476	3	8	29	84	5	205
7477	3	8	30	85	5	206
7478	3	8	31	86	5	208
7479	3	8	32	87	5	209
7480	3	8	33	88	5	211
7481	3	8	34	89	5	212
7482	3	8	35	90	5	214
7483	3	8	36	91	5	215
7484	3	8	37	92	5	217
7485	3	8	38	93	5	218
7486	3	8	39	94	5	220
7487	3	8	40	95	5	221
7488	3	8	41	96	5	223
7489	3	8	42	97	5	224
7490	3	8	43	98	5	226
7491	3	9	0	54	173	161
7492	3	9	1	55	173	162
7493	3	9	2	56	173	164
7494	3	9	3	57	173	165
7495	3	9	4	58	173	167
7496	3	9	5	59	173	168
7497	3	9	6	60	173	170
7498	3	9	7	61	173	171
7499	3	9	8	62	173	173
7500	3	9	9	63	173	174
7501	3	9	10	64	173	176
7502	3	9	11	65	173	177
7503	3	9	12	66	173	179
7504	3	9	13	67	173	180
7505	3	9	14	68	173	182
7506	3	9	15	69	173	183
7507	3	9	16	70	173	185
7508	3	9	17	71	173	186
7509	3	9	18	72	173	188
7510	3	9	19	73	173	189
7511	3	9	20	74	173	191
7512	3	9	21	75	173	192
7513	3	9	22	76	173	194
7514	3	9	23	77	173	195
7515	3	9	24	78	173	197
7516	3	9	25	79	173	198
7517	3	9	26	80	173	200
7518	3	9	27	81	173	201
7519	3	9	28	82	173	203
7520	3	9	29	83	173	204
7521	3	9	30	84	173	206
7522	3	9	31	85	173	207
7523	3	9	32	86	173	209
7524	3	9	33	87	173	210
7525	3	9	34	88	173	212
7526	3	9	35	89	173	213
7527	3	9	36	90	173	215
7528	3	9	37	91	173	216
7529	3	9	38	92	173	218
7530	3	9	39	93	173	219
7531	3	9	40	94	173	221
7532	3	9	41	95	173	222
7533	3	9	42	96	173	224
7534	3	10	0	53	229	160
7535	3	10	1	54	229	162
7536	3	10	2	55	229	163
7537	3	10	3	56	229	165
7538	3	10	4	57	229	166
7539	3	10	5	58	229	168
7540	3	10	6	59	229	169
7541	3	10	7	60	229	171
7542	3	10	8	61	229	172
7543	3	10	9	62	229	174
7544	3	10	10	63	229	175
7545	3	10	11	64	229	177
7546	3	10	12	65	229	178
7547	3	10	13	66	229	180
7548	3	10	14	67	229	181
7549	3	10	15	68	229	183
7550	3	10	16	69	229	184
7551	3	10	17	70	229	186
7552	3	10	18	71	229	187
7553	3	10	19	72	229	189
7554	3	10	20	73	229	190
7555	3	10	21	74	229	192
7556	3	10	22	75	229	193
7557	3	10	23	76	229	195
7558	3	10	24	77	229	196
7559	3	10	25	78	229	198
7560	3	10	26	79	229	199
7561	3	10	27	80	229	201
7562	3	10	28	81	229	202
7563	3	10	29	82	229	204
7564	3	10	30	83	229	205
7565	3	10	31	84	229	207
7566	3	10	32	85	229	208
7567	3	10	33	86	229	210
7568	3	10	34	87	229	211
7569	3	10	35	88	229	213
7570	3	10	36	89	229	214
7571	3	10	37	90	229	216
7572	3	10	38	91	229	217
7573	3	10	39	92	229	219
7574	3	10	40	93	229	220
7575	3	10	41	94	229	222
7576	3	11	0	52	162	160
7577	3	11	1	53	162	161
7578	3	11	2	54	162	163
7579	3	11	3	55	162	164
7580	3	11	4	56	162	166
7581	3	11	5	57	162	167
7582	3	11	6	58	162	169
7583	3	11	7	59	162	170
7584	3	11	8	60	162	172
7585	3	11	9	61	162	173
7586	3	11	10	62	162	175
7587	3	11	11	63	162	176
7588	3	11	12	64	162	178
7589	3	11	13	65	162	179
7590	3	11	14	66	162	181
7591	3	11	15	67	162	182
7592	3	11	16	68	162	184
7593	3	11	17	69	162	185
7594	3	11	18	70	162	187
7595	3	11	19	71	162	188
7596	3	11	20	72	162	190
7597	3	11	21	73	162	191
7598	3	11	22	74	162	193
7599	3	11	23	75	162	194
7600	3	11	24	76	162	196
7601	3	11	25	77	162	197
7602	3	11	26	78	162	199
7603	3	11	27	79	162	200
7604	3	11	28	80	162	202
7605	3	11	29	81	162	203
7606	3	11	30	82	162	205
7607	3	11	31	83	162	206
7608	3	11	32	84	162	208
7609	3	11	33	85	162	209
7610	3	11	34	86	162	211
7611	3	11	35	87	162	212
7612	3	11	36	88	162	214
7613	3	11	37	89	162	215
7614	3	11	38	90	162	217
7615	3	11	39	91	162	218
7616	3	11	40	92	162	220
7617	3	12	0	51	54	159
7618	3	12	1	52	54	161
7619	3	12	2	53	54	162
7620	3	12	3	54	54	164
7621	3	12	4	55	54	165
7622	3	12	5	56	54	167
7623	3	12	6	57	54	168
7624	3	12	7	58	54	170
7625	3	12	8	59	54	171
7626	3	12	9	60	54	173
7627	3	12	10	61	54	174
7628	3	12	11	62	54	176
7629	3	12	12	63	54	177
7630	3	12	13	64	54	179
7631	3	12	14	65	54	180
7632	3	12	15	66	54	182
7633	3	12	16	67	54	183
7634	3	12	17	68	54	185
7635	3	12	18	69	54	186
7636	3	12	19	70	54	188
7637	3	12	20	71	54	189
7638	3	12	21	72	54	191
7639	3	12	22	73	54	192
7640	3	12	23	74	54	194
7641	3	12	24	75	54	195
7642	3	12	25	76	54	197
7643	3	12	26	77	54	198
7644	3	12	27	78	54	200
7645	3	12	28	79	54	201
7646	3	12	29	80	54	203
7647	3	12	30	81	54	204
7648	3	12	31	82	54	206
7649	3	12	32	83	54	207
7650	3	12	33	84	54	209
7651	3	12	34	85	54	210
7652	3	12	35	86	54	212
7653	3	12	36	87	54	213
7654	3	12	37	88	54	215
7655	3	12	38	89	54	216
7656	3	12	39	90	54	218
7657	3	13	0	50	18	159
7658	3	13	1	51	18	160
7659	3	13	2	52	18	162
7660	3	13	3	53	18	163
7661	3	13	4	54	18	165
7662	3	13	5	55	18	166
7663	3	13	6	56	18	168
7664	3	13	7	57	18	169
7665	3	13	8	58	18	171
7666	3	13	9	59	18	172
7667	3	13	10	60	18	174
7668	3	13	11	61	18	175
7669	3	13	12	62	18	177
7670	3	13	13	63	18	178
7671	3	13	14	64	18	180
7672	3	13	15	65	18	181
7673	3	13	16	66	18	183
7674	3	13	17	67	18	184
7675	3	13	18	68	18	186
7676	3	13	19	69	18	187
7677	3	13	20	70	18	189
7678	3	13	21	71	18	190
7679	3	13	22	72	18	192
7680	3	13	23	73	18	193
7681	3	13	24	74	18	195
7682	3	13	25	75	18	196
7683	3	13	26	76	18	198
7684	3	13	27	77	18	199
7685	3	13	28	78	18	201
7686	3	13	29	79	18	202
7687	3	13	30	80	18	204
7688	3	13	31	81	18	205
7689	3	13	32	82	18	207
7690	3	13	33	83	18	208
7691	3	13	34	84	18	210
7692	3	13	35	85	18	211
7693	3	13	36	86	18	213
7694	3	13	37	87	18	214
7695	3	13	38	88	18	216
7696	3	14	0	49	6	158
7697	3	14	1	50	6	160
7698	3	14	2	51	6	161
7699	3	14	3	52	6	163
7700	3	14	4	53	6	164
7701	3	14	5	54	6	166
7702	3	14	6	55	6	167
7703	3	14	7	56	6	169
7704	3	14	8	57	6	170
7705	3	14	9	58	6	172
7706	3	14	10	59	6	173
7707	3	14	11	60	6	175
7708	3	14	12	61	6	176
7709	3	14	13	62	6	178
7710	3	14	14	63	6	179
7711	3	14	15	64	6	181
7712	3	14	16	65	6	182
7713	3	14	17	66	6	184
7714	3	14	18	67	6	185
7715	3	14	19	68	6	187
7716	3	14	20	69	6	188
7717	3	14	21	70	6	190
7718	3	14	22	71	6	191
7719	3	14	23	72	6	193
7720	3	14	24	73	6	194
7721	3	14	25	74	6	196
7722	3	14	26	75	6	197
7723	3	14	27	76	6	199
7724	3	14	28	77	6	200
7725	3	14	29	78	6	202
7726	3	14	30	79	6	203
7727	3	14	31	80	6	205
7728	3	14	32	81	6	206
7729	3	14	33	82	6	208
7730	3	14	34	83	6	209
7731	3	14	35	84	6	211
7732	3	14	36	85	6	212
7733	3	14	37	86	6	214
7734	3	15	0	48	2	158
7735	3	15	1	49	2	159
7736	3	15	2	50	2	161
7737	3	15	3	51	2	162
7738	3	15	4	52	2	164
7739	3	15	5	53	2	165
7740	3	15	6	54	2	167
7741	3	15	7	55	2	168
7742	3	15	8	56	2	170
7743	3	15	9	57	2	171
7744	3	15	10	58	2	173
7745	3	15	11	59	2	174
7746	3	15	12	60	2	176
7747	3	15	13	61	2	177
7748	3	15	14	62	2	179
7749	3	15	15	63	2	180
7750	3	15	16	64	2	182
7751	3	15	17	65	2	183
7752	3	15	18	66	2	185
7753	3	15	19	67	2	186
7754	3	15	20	68	2	188
7755	3	15	21	69	2	189
7756	3	15	22	70	2	191
7757	3	15	23	71	2	192
7758	3	15	24	72	2	194
7759	3	15	25	73	2	195
7760	3	15	26	74	2	197
7761	3	15	27	75	2	198
7762	3	15	28	76	2	200
7763	3	15	29	77	2	201
7764	3	15	30	78	2	203
7765	3	15	31	79	2	204
7766	3	15	32	80	2	206
7767	3	15	33	81	2	207
7768	3	15	34	82	2	209
7769	3	15	35	83	2	210
7770	3	15	36	84	2	212
7771	3	16	0	47	172	157
7772	3	16	1	48	172	159
7773	3	16	2	49	172	160
7774	3	16	3	50	172	162
7775	3	16	4	51	172	163
7776	3	16	5	52	172	165
7777	3	16	6	53	172	166
7778	3	16	7	54	172	168
7779	3	16	8	55	172	169
7780	3	16	9	56	172	171
7781	3	16	10	57	172	172
7782	3	16	11	58	172	174
7783	3	16	12	59	172	175
7784	3	16	13	60	172	177
7785	3	16	14	61	172	178
7786	3	16	15	62	172	180
7787	3	16	16	63	172	181
7788	3	16	17	64	172	183
7789	3	16	18	65	172	184
7790	3	16	19	66	172	186
7791	3	16	20	67	172	187
7792	3	16	21	68	172	189
7793	3	16	22	69	172	190
7794	3	16	23	70	172	192
7795	3	16	24	71	172	193
7796	3	16	25	72	172	195
7797	3	16	26	73	172	196
7798	3	16	27	74	172	198
7799	3	16	28	75	172	199
7800	3	16	29	76	172	201
7801	3	16	30	77	172	202
7802	3	16	31	78	172	204
7803	3	16	32	79	172	205
7804	3	16	33	80	172	207
7805	3	16	34	81	172	208
7806	3	16	35	82	172	210
7807	3	17	0	46	143	157
7808	3	17	1	47	143	158
7809	3	17	2	48	143	160
7810	3	17	3	49	143	161
7811	3	17	4	50	143	163
7812	3	17	5	51	143	164
7813	3	17	6	52	143	166
7814	3	17	7	53	143	167
7815	3	17	8	54	143	169
7816	3	17	9	55	143	170
7817	3	17	10	56	143	172
7818	3	17	11	57	143	173
7819	3	17	12	58	143	175
7820	3	17	13	59	143	176
7821	3	17	14	60	143	178
7822	3	17	15	61	143	179
7823	3	17	16	62	143	181
7824	3	17	17	63	143	182
7825	3	17	18	64	143	184
7826	3	17	19	65	143	185
7827	3	17	20	66	143	187
7828	3	17	21	67	143	188
7829	3	17	22	68	143	190
7830	3	17	23	69	143	191
7831	3	17	24	70	143	193
7832	3	17	25	71	143	194
7833	3	17	26	72	143	196
7834	3	17	27	73	143	197
7835	3	17	28	74	143	199
7836	3	17	29	75	143	200
7837	3	17	30	76	143	202
7838	3	17	31	77	143	203
7839	3	17	32	78	143	205
7840	3	17	33	79	143	206
7841	3	17	34	80	143	208
7842	3	18	0	45	219	156
7843	3	18	1	46	219	158
7844	3	18	2	47	219	159
7845	3	18	3	48	219	161
7846	3	18	4	49	219	162
7847	3	18	5	50	219	164
7848	3	18	6	51	219	165
7849	3	18	7	52	219	167
7850	3	18	8	53	219	168
7851	3	18	9	54	219	170
7852	3	18	10	55	219	171
7853	3	18	11	56	219	173
7854	3	18	12	57	219	174
7855	3	18	13	58	219	176
7856	3	18	14	59	219	177
7857	3	18	15	60	219	179
7858	3	18	16	61	219	180
7859	3	18	17	62	219	182
7860	3	18	18	63	219	183
7861	3	18	19	64	219	185
7862	3	18	20	65	219	186
7863	3	18	21	66	219	188
7864	3	18	22	67	219	189
7865	3	18	23	68	219	191
7866	3	18	24	69	219	192
7867	3	18	25	70	219	194
7868	3	18	26	71	219	195
7869	3	18	27	72	219	197
7870	3	18	28	73	219	198
7871	3	18	29	74	219	200
7872	3	18	30	75	219	201
7873	3	18	31	76	219	203
7874	3	18	32	77	219	204
7875	3	18	33	78	219	206
7876	3	19	0	44	73	156
7877	3	19	1	45	73	157
7878	3	19	2	46	73	159
7879	3	19	3	47	73	160
7880	3	19	4	48	73	162
7881	3	19	5	49	73	163
7882	3	19	6	50	73	165
7883	3	19	7	51	73	166
7884	3	19	8	52	73	168
7885	3	19	9	53	73	169
7886	3	19	10	54	73	171
7887	3	19	11	55	73	172
7888	3	19	12	56	73	174
7889	3	19	13	57	73	175
7890	3	19	14	58	73	177
7891	3	19	15	59	73	178
7892	3	19	16	60	73	180
7893	3	19	17	61	73	181
7894	3	19	18	62	73	183
7895	3	19	19	63	73	184
7896	3	19	20	64	73	186
7897	3	19	21	65	73	187
7898	3	19	22	66	73	189
7899	3	19	23	67	73	190
7900	3	19	24	68	73	192
7901	3	19	25	69	73	193
7902	3	19	26	70	73	195
7903	3	19	27	71	73	196
7904	3	19	28	72	73	198
7905	3	19	29	73	73	199
7906	3	19	30	74	73	201
7907	3	19	31	75	73	202
7908	3	19	32	76	73	204
7909	3	20	0	43	110	155
7910	3	20	1	44	110	157
7911	3	20	2	45	110	158
7912	3	20	3	46	110	160
7913	3	20	4	47	110	161
7914	3	20	5	48	110	163
7915	3	20	6	49	110	164
7916	3	20	7	50	110	166
7917	3	20	8	51	110	167
7918	3	20	9	52	110	169
7919	3	20	10	53	110	170
7920	3	20	11	54	110	172
7921	3	20	12	55	110	173
7922	3	20	13	56	110	175
7923	3	20	14	57	110	176
7924	3	20	15	58	110	178
7925	3	20	16	59	110	179
7926	3	20	17	60	110	181
7927	3	20	18	61	110	182
7928	3	20	19	62	110	184
7929	3	20	20	63	110	185
7930	3	20	21	64	110	187
7931	3	20	22	65	110	188
7932	3	20	23	66	110	190
7933	3	20	24	67	110	191
7934	3	20	25	68	110	193
7935	3	20	26	69	110	194
7936	3	20	27	70	110	196
7937	3	20	28	71	110	197
7938	3	20	29	72	110	199
7939	3	20	30	73	110	200
7940	3	20	31	74	110	202
7941	3	21	0	42	208	155
7942	3	21	1	43	208	156
7943	3	21	2	44	208	158
7944	3	21	3	45	208	159
7945	3	21	4	46	208	161
7946	3	21	5	47	208	162
7947	3	21	6	48	208	164
7948	3	21	7	49	208	165
7949	3	21	8	50	208	167
7950	3	21	9	51	208	168
7951	3	21	10	52	208	170
7952	3	21	11	53	208	171
7953	3	21	12	54	208	173
7954	3	21	13	55	208	174
7955	3	21	14	56	208	176
7956	3	21	15	57	208	177
7957	3	21	16	58	208	179
7958	3	21	17	59	208	180
7959	3	21	18	60	208	182
7960	3	21	19	61	208	183
7961	3	21	20	62	208	185
7962	3	21	21	63	208	186
7963	3	21	22	64	208	188
7964	3	21	23	65	208	189
7965	3	21	24	66	208	191
7966	3	21	25	67	208	192
7967	3	21	26	68	208	194
7968	3	21	27	69	208	195
7969	3	21	28	70	208	197
7970	3	21	29	71	208	198
7971	3	21	30	72	208	200
7972	3	22	0	41	155	154
7973	3	22	1	42	155	156
7974	3	22	2	43	155	157
7975	3	22	3	44	155	159
7976	3	22	4	45	155	160
7977	3	22	5	46	155	162
7978	3	22	6	47	155	163
7979	3	22	7	48	155	165
7980	3	22	8	49	155	166
7981	3	22	9	50	155	168
7982	3	22	10	51	155	169
7983	3	22	11	52	155	171
7984	3	22	12	53	155	172
7985	3	22	13	54	155	174
7986	3	22	14	55	155	175
7987	3	22	15	56	155	177
7988	3	22	16	57	155	178
7989	3	22	17	58	155	180
7990	3	22	18	59	155	181
7991	3	22	19	60	155	183
7992	3	22	20	61	155	184
7993	3	22	21	62	155	186
7994	3	22	22	63	155	187
7995	3	22	23	64	155	189
7996	3	22	24	65	155	190
7997	3	22	25	66	155	192
7998	3	22	26	67	155	193
7999	3	22	27	68	155	195
8000	3	22	28	69	155	196
8001	3	22	29	70	155	198
8002	3	23	0	40	223	154
8003	3	23	1	41	223	155
8004	3	23	2	42	223	157
8005	3	23	3	43	223	158
8006	3	23	4	44	223	160
8007	3	23	5	45	223	161
8008	3	23	6	46	223	163
8009	3	23	7	47	223	164
8010	3	23	8	48	223	166
8011	3	23	9	49	223	167
8012	3	23	10	50	223	169
8013	3	23	11	51	223	170
8014	3	23	12	52	223	172
8015	3	23	13	53	223	173
8016	3	23	14	54	223	175
8017	3	23	15	55	223	176
8018	3	23	16	56	223	178
8019	3	23	17	57	223	179
8020	3	23	18	58	223	181
8021	3	23	19	59	223	182
8022	3	23	20	60	223	184
8023	3	23	21	61	223	185
8024	3	23	22	62	223	187
8025	3	23	23	63	223	188
8026	3	23	24	64	223	190
8027	3	23	25	65	223	191
8028	3	23	26	66	223	193
8029	3	23	27	67	223	194
8030	3	23	28	68	223	196
8031	3	24	0	39	160	153
8032	3	24	1	40	160	155
8033	3	24	2	41	160	156
8034	3	24	3	42	160	158
8035	3	24	4	43	160	159
8036	3	24	5	44	160	161
8037	3	24	6	45	160	162
8038	3	24	7	46	160	164
8039	3	24	8	47	160	165
8040	3	24	9	48	160	167
8041	3	24	10	49	160	168
8042	3	24	11	50	160	170
8043	3	24	12	51	160	171
8044	3	24	13	52	160	173
8045	3	24	14	53	160	174
8046	3	24	15	54	160	176
8047	3	24	16	55	160	177
8048	3	24	17	56	160	179
8049	3	24	18	57	160	180
8050	3	24	19	58	160	182
8051	3	24	20	59	160	183
8052	3	24	21	60	160	185
8053	3	24	22	61	160	186
8054	3	24	23	62	160	188
8055	3	24	24	63	160	189
8056	3	24	25	64	160	191
8057	3	24	26	65	160	192
8058	3	24	27	66	160	194
8059	3	25	0	38	139	153
8060	3	25	1	39	139	154
8061	3	25	2	40	139	156
8062	3	25	3	41	139	157
8063	3	25	4	42	139	159
8064	3	25	5	43	139	160
8065	3	25	6	44	139	162
8066	3	25	7	45	139	163
8067	3	25	8	46	139	165
8068	3	25	9	47	139	166
8069	3	25	10	48	139	168
8070	3	25	11	49	139	169
8071	3	25	12	50	139	171
8072	3	25	13	51	139	172
8073	3	25	14	52	139	174
8074	3	25	15	53	139	175
8075	3	25	16	54	139	177
8076	3	25	17	55	139	178
8077	3	25	18	56	139	180
8078	3	25	19	57	139	181
8079	3	25	20	58	139	183
8080	3	25	21	59	139	184
8081	3	25	22	60	139	186
8082	3	25	23	61	139	187
8083	3	25	24	62	139	189
8084	3	25	25	63	139	190
8085	3	25	26	64	139	192
8086	3	26	0	37	132	152
8087	3	26	1	38	132	154
8088	3	26	2	39	132	155
8089	3	26	3	40	132	157
8090	3	26	4	41	132	158
8091	3	26	5	42	132	160
8092	3	26	6	43	132	161
8093	3	26	7	44	132	163
8094	3	26	8	45	132	164
8095	3	26	9	46	132	166
8096	3	26	10	47	132	167
8097	3	26	11	48	132	169
8098	3	26	12	49	132	170
8099	3	26	13	50	132	172
8100	3	26	14	51	132	173
8101	3	26	15	52	132	175
8102	3	26	16	53	132	176
8103	3	26	17	54	132	178
8104	3	26	18	55	132	179
8105	3	26	19	56	132	181
8106	3	26	20	57	132	182
8107	3	26	21	58	132	184
8108	3	26	22	59	132	185
8109	3	26	23	60	132	187
8110	3	26	24	61	132	188
8111	3	26	25	62	132	190
8112	3	27	0	36	44	152
8113	3	27	1	37	44	153
8114	3	27	2	38	44	155
8115	3	27	3	39	44	156
8116	3	27	4	40	44	158
8117	3	27	5	41	44	159
8118	3	27	6	42	44	161
8119	3	27	7	43	44	162
8120	3	27	8	44	44	164
8121	3	27	9	45	44	165
8122	3	27	10	46	44	167
8123	3	27	11	47	44	168
8124	3	27	12	48	44	170
8125	3	27	13	49	44	171
8126	3	27	14	50	44	173
8127	3	27	15	51	44	174
8128	3	27	16	52	44	176
8129	3	27	17	53	44	177
8130	3	27	18	54	44	179
8131	3	27	19	55	44	180
8132	3	27	20	56	44	182
8133	3	27	21	57	44	183
8134	3	27	22	58	44	185
8135	3	27	23	59	44	186
8136	3	27	24	60	44	188
8137	3	28	0	35	186	151
8138	3	28	1	36	186	153
8139	3	28	2	37	186	154
8140	3	28	3	38	186	156
8141	3	28	4	39	186	157
8142	3	28	5	40	186	159
8143	3	28	6	41	186	160
8144	3	28	7	42	186	162
8145	3	28	8	43	186	163
8146	3	28	9	44	186	165
8147	3	28	10	45	186	166
8148	3	28	11	46	186	168
8149	3	28	12	47	186	169
8150	3	28	13	48	186	171
8151	3	28	14	49	186	172
8152	3	28	15	50	186	174
8153	3	28	16	51	186	175
8154	3	28	17	52	186	177
8155	3	28	18	53	186	178
8156	3	28	19	54	186	180
8157	3	28	20	55	186	181
8158	3	28	21	56	186	183
8159	3	28	22	57	186	184
8160	3	28	23	58	186	186
8161	3	29	0	34	62	151
8162	3	29	1	35	62	152
8163	3	29	2	36	62	154
8164	3	29	3	37	62	155
8165	3	29	4	38	62	157
8166	3	29	5	39	62	158
8167	3	29	6	40	62	160
8168	3	29	7	41	62	161
8169	3	29	8	42	62	163
8170	3	29	9	43	62	164
8171	3	29	10	44	62	166
8172	3	29	11	45	62	167
8173	3	29	12	46	62	169
8174	3	29	13	47	62	170
8175	3	29	14	48	62	172
8176	3	29	15	49	62	173
8177	3	29	16	50	62	175
8178	3	29	17	51	62	176
8179	3	29	18	52	62	178
8180	3	29	19	53	62	179
8181	3	29	20	54	62	181
8182	3	29	21	55	62	182
8183	3	29	22	56	62	184
8184	3	30	0	33	192	150
8185	3	30	1	34	192	152
8186	3	30	2	35	192	153
8187	3	30	3	36	192	155
8188	3	30	4	37	192	156
8189	3	30	5	38	192	158
8190	3	30	6	39	192	159
8191	3	30	7	40	192	161
8192	3	30	8	41	192	162
8193	3	30	9	42	192	164
8194	3	30	10	43	192	165
8195	3	30	11	44	192	167
8196	3	30	12	45	192	168
8197	3	30	13	46	192	170
8198	3	30	14	47	192	171
8199	3	30	15	48	192	173
8200	3	30	16	49	192	174
8201	3	30	17	50	192	176
8202	3	30	18	51	192	177
8203	3	30	19	52	192	179
8204	3	30	20	53	192	180
8205	3	30	21	54	192	182
8206	3	31	0	32	64	150
8207	3	31	1	33	64	151
8208	3	31	2	34	64	153
8209	3	31	3	35	64	154
8210	3	31	4	36	64	156
8211	3	31	5	37	64	157
8212	3	31	6	38	64	159
8213	3	31	7	39	64	160
8214	3	31	8	40	64	162
8215	3	31	9	41	64	163
8216	3	31	10	42	64	165
8217	3	31	11	43	64	166
8218	3	31	12	44	64	168
8219	3	31	13	45	64	169
8220	3	31	14	46	64	171
8221	3	31	15	47	64	172
8222	3	31	16	48	64	174
8223	3	31	17	49	64	175
8224	3	31	18	50	64	177
8225	3	31	19	51	64	178
8226	3	31	20	52	64	180
8227	3	32	0	31	107	149
8228	3	32	1	32	107	151
8229	3	32	2	33	107	152
8230	3	32	3	34	107	154
8231	3	32	4	35	107	155
8232	3	32	5	36	107	157
8233	3	32	6	37	107	158
8234	3	32	7	38	107	160
8235	3	32	8	39	107	161
8236	3	32	9	40	107	163
8237	3	32	10	41	107	164
8238	3	32	11	42	107	166
8239	3	32	12	43	107	167
8240	3	32	13	44	107	169
8241	3	32	14	45	107	170
8242	3	32	15	46	107	172
8243	3	32	16	47	107	173
8244	3	32	17	48	107	175
8245	3	32	18	49	107	176
8246	3	32	19	50	107	178
8247	3	33	0	30	207	149
8248	3	33	1	31	207	150
8249	3	33	2	32	207	152
8250	3	33	3	33	207	153
8251	3	33	4	34	207	155
8252	3	33	5	35	207	156
8253	3	33	6	36	207	158
8254	3	33	7	37	207	159
8255	3	33	8	38	207	161
8256	3	33	9	39	207	162
8257	3	33	10	40	207	164
8258	3	33	11	41	207	165
8259	3	33	12	42	207	167
8260	3	33	13	43	207	168
8261	3	33	14	44	207	170
8262	3	33	15	45	207	171
8263	3	33	16	46	207	173
8264	3	33	17	47	207	174
8265	3	33	18	48	207	176
8266	3	34	0	29	69	148
8267	3	34	1	30	69	150
8268	3	34	2	31	69	151
8269	3	34	3	32	69	153
8270	3	34	4	33	69	154
8271	3	34	5	34	69	156
8272	3	34	6	35	69	157
8273	3	34	7	36	69	159
8274	3	34	8	37	69	160
8275	3	34	9	38	69	162
8276	3	34	10	39	69	163
8277	3	34	11	40	69	165
8278	3	34	12	41	69	166
8279	3	34	13	42	69	168
8280	3	34	14	43	69	169
8281	3	34	15	44	69	171
8282	3	34	16	45	69	172
8283	3	34	17	46	69	174
8284	3	35	0	28	23	148
8285	3	35	1	29	23	149
8286	3	35	2	30	23	151
8287	3	35	3	31	23	152
8288	3	35	4	32	23	154
8289	3	35	5	33	23	155
8290	3	35	6	34	23	157
8291	3	35	7	35	23	158
8292	3	35	8	36	23	160
8293	3	35	9	37	23	161
8294	3	35	10	38	23	163
8295	3	35	11	39	23	164
8296	3	35	12	40	23	166
8297	3	35	13	41	23	167
8298	3	35	14	42	23	169
8299	3	35	15	43	23	170
8300	3	35	16	44	23	172
8301	3	36	0	27	179	147
8302	3	36	1	28	179	149
8303	3	36	2	29	179	150
8304	3	36	3	30	179	152
8305	3	36	4	31	179	153
8306	3	36	5	32	179	155
8307	3	36	6	33	179	156
8308	3	36	7	34	179	158
8309	3	36	8	35	179	159
8310	3	36	9	36	179	161
8311	3	36	10	37	179	162
8312	3	36	11	38	179	164
8313	3	36	12	39	179	165
8314	3	36	13	40	179	167
8315	3	36	14	41	179	168
8316	3	36	15	42	179	170
8317	3	37	0	26	231	147
8318	3	37	1	27	231	148
8319	3	37	2	28	231	150
8320	3	37	3	29	231	151
8321	3	37	4	30	231	153
8322	3	37	5	31	231	154
8323	3	37	6	32	231	156
8324	3	37	7	33	231	157
8325	3	37	8	34	231	159
8326	3	37	9	35	231	160
8327	3	37	10	36	231	162
8328	3	37	11	37	231	163
8329	3	37	12	38	231	165
8330	3	37	13	39	231	166
8331	3	37	14	40	231	168
8332	3	38	0	25	77	146
8333	3	38	1	26	77	148
8334	3	38	2	27	77	149
8335	3	38	3	28	77	151
8336	3	38	4	29	77	152
8337	3	38	5	30	77	154
8338	3	38	6	31	77	155
8339	3	38	7	32	77	157
8340	3	38	8	33	77	158
8341	3	38	9	34	77	160
8342	3	38	10	35	77	161
8343	3	38	11	36	77	163
8344	3	38	12	37	77	164
8345	3	38	13	38	77	166
8346	3	39	0	24	197	146
8347	3	39	1	25	197	147
8348	3	39	2	26	197	149
8349	3	39	3	27	197	150
8350	3	39	4	28	197	152
8351	3	39	5	29	197	153
8352	3	39	6	30	197	155
8353	3	39	7	31	197	156
8354	3	39	8	32	197	158
8355	3	39	9	33	197	159
8356	3	39	10	34	197	161
8357	3	39	11	35	197	162
8358	3	39	12	36	197	164
8359	3	40	0	23	237	145
8360	3	40	1	24	237	147
8361	3	40	2	25	237	148
8362	3	40	3	26	237	150
8363	3	40	4	27	237	151
8364	3	40	5	28	237	153
8365	3	40	6	29	237	154
8366	3	40	7	30	237	156
8367	3	40	8	31	237	157
8368	3	40	9	32	237	159
8369	3	40	10	33	237	160
8370	3	40	11	34	237	162
8371	3	41	0	22	79	145
8372	3	41	1	23	79	146
8373	3	41	2	24	79	148
8374	3	41	3	25	79	149
8375	3	41	4	26	79	151
8376	3	41	5	27	79	152
8377	3	41	6	28	79	154
8378	3	41	7	29	79	155
8379	3	41	8	30	79	157
8380	3	41	9	31	79	158
8381	3	41	10	32	79	160
8382	3	42	0	21	112	144
8383	3	42	1	22	112	146
8384	3	42	2	23	112	147
8385	3	42	3	24	112	149
8386	3	42	4	25	112	150
8387	3	42	5	26	112	152
8388	3	42	6	27	112	153
8389	3	42	7	28	112	155
8390	3	42	8	29	112	156
8391	3	42	9	30	112	158
8392	3	43	0	20	123	144
8393	3	43	1	21	123	145
8394	3	43	2	22	123	147
8395	3	43	3	23	123	148
8396	3	43	4	24	123	150
8397	3	43	5	25	123	151
8398	3	43	6	26	123	153
8399	3	43	7	27	123	154
8400	3	43	8	28	123	156
8401	3	44	0	19	41	143
8402	3	44	1	20	41	145
8403	3	44	2	21	41	146
8404	3	44	3	22	41	148
8405	3	44	4	23	41	149
8406	3	44	5	24	41	151
8407	3	44	6	25	41	152
8408	3	44	7	26	41	154
8409	3	45	0	18	185	143
8410	3	45	1	19	185	144
8411	3	45	2	20	185	146
8412	3	45	3	21	185	147
8413	3	45	4	22	185	149
8414	3	45	5	23	185	150
8415	3	45	6	24	185	152
8416	3	46	0	17	233	142
8417	3	46	1	18	233	144
8418	3	46	2	19	233	145
8419	3	46	3	20	233	147
8420	3	46	4	21	233	148
8421	3	46	5	22	233	150
8422	3	47	0	16	249	142
8423	3	47	1	17	249	143
8424	3	47	2	18	249	145
8425	3	47	3	19	249	146
8426	3	47	4	20	249	148
8427	3	48	0	15	83	141
8428	3	48	1	16	83	143
8429	3	48	2	17	83	144
8430	3	48	3	18	83	146
8431	3	49	0	14	199	141
8432	3	49	1	15	199	142
8433	3	49	2	16	199	144
8434	3	50	0	13	152	140
8435	3	50	1	14	152	142
8436	3	51	0	12	222	140
8437	4	0	0	115	193	243
8438	4	0	1	116	193	245
8439	4	0	2	117	193	246
8440	4	0	3	118	193	248
8441	4	0	4	119	193	249
8442	4	0	5	120	193	251
8443	4	0	6	121	193	252
8444	4	0	7	122	193	254
8445	4	0	8	123	193	255
8446	4	0	9	124	193	257
8447	4	0	10	125	193	258
8448	4	0	11	126	193	260
8449	4	0	12	127	193	261
8450	4	0	13	128	193	263
8451	4	0	14	129	193	264
8452	4	0	15	130	193	266
8453	4	0	16	131	193	267
8454	4	0	17	132	193	269
8455	4	0	18	133	193	270
8456	4	0	19	134	193	272
8457	4	0	20	135	193	273
8458	4	0	21	136	193	275
8459	4	0	22	137	193	276
8460	4	0	23	138	193	278
8461	4	0	24	139	193	279
8462	4	0	25	140	193	281
8463	4	1	0	113	241	241
8464	4	1	1	114	241	243
8465	4	1	2	115	241	244
8466	4	1	3	116	241	246
8467	4	1	4	117	241	247
8468	4	1	5	118	241	249
8469	4	1	6	119	241	250
8470	4	1	7	120	241	252
8471	4	1	8	121	241	253
8472	4	1	9	122	241	255
8473	4	1	10	123	241	256
8474	4	1	11	124	241	258
8475	4	1	12	125	241	259
8476	4	1	13	126	241	261
8477	4	1	14	127	241	262
8478	4	1	15	128	241	264
8479	4	1	16	129	241	265
8480	4	1	17	130	241	267
8481	4	1	18	131	241	268
8482	4	1	19	132	241	270
8483	4	1	20	133	241	271
8484	4	1	21	134	241	273
8485	4	1	22	135	241	274
8486	4	1	23	136	241	276
8487	4	1	24	137	241	277
8488	4	2	0	111	253	239
8489	4	2	1	112	253	241
8490	4	2	2	113	253	242
8491	4	2	3	114	253	244
8492	4	2	4	115	253	245
8493	4	2	5	116	253	247
8494	4	2	6	117	253	248
8495	4	2	7	118	253	250
8496	4	2	8	119	253	251
8497	4	2	9	120	253	253
8498	4	2	10	121	253	254
8499	4	2	11	122	253	256
8500	4	2	12	123	253	257
8501	4	2	13	124	253	259
8502	4	2	14	125	253	260
8503	4	2	15	126	253	262
8504	4	2	16	127	253	263
8505	4	2	17	128	253	265
8506	4	2	18	129	253	266
8507	4	2	19	130	253	268
8508	4	2	20	131	253	269
8509	4	2	21	132	253	271
8510	4	2	22	133	253	272
8511	4	2	23	134	253	274
8512	4	2	24	135	253	275
8513	4	3	0	109	256	237
8514	4	3	1	110	256	239
8515	4	3	2	111	256	240
8516	4	3	3	112	256	242
8517	4	3	4	113	256	243
8518	4	3	5	114	256	245
8519	4	3	6	115	256	246
8520	4	3	7	116	256	248
8521	4	3	8	117	256	249
8522	4	3	9	118	256	251
8523	4	3	10	119	256	252
8524	4	3	11	120	256	254
8525	4	3	12	121	256	255
8526	4	3	13	122	256	257
8527	4	3	14	123	256	258
8528	4	3	15	124	256	260
8529	4	3	16	125	256	261
8530	4	3	17	126	256	263
8531	4	3	18	127	256	264
8532	4	3	19	128	256	266
8533	4	3	20	129	256	267
8534	4	3	21	130	256	269
8535	4	3	22	131	256	270
8536	4	3	23	132	256	272
8537	4	4	0	107	64	235
8538	4	4	1	108	64	237
8539	4	4	2	109	64	238
8540	4	4	3	110	64	240
8541	4	4	4	111	64	241
8542	4	4	5	112	64	243
8543	4	4	6	113	64	244
8544	4	4	7	114	64	246
8545	4	4	8	115	64	247
8546	4	4	9	116	64	249
8547	4	4	10	117	64	250
8548	4	4	11	118	64	252
8549	4	4	12	119	64	253
8550	4	4	13	120	64	255
8551	4	4	14	121	64	256
8552	4	4	15	122	64	258
8553	4	4	16	123	64	259
8554	4	4	17	124	64	261
8555	4	4	18	125	64	262
8556	4	4	19	126	64	264
8557	4	4	20	127	64	265
8558	4	4	21	128	64	267
8559	4	4	22	129	64	268
8560	4	4	23	130	64	270
8561	4	5	0	105	16	233
8562	4	5	1	106	16	235
8563	4	5	2	107	16	236
8564	4	5	3	108	16	238
8565	4	5	4	109	16	239
8566	4	5	5	110	16	241
8567	4	5	6	111	16	242
8568	4	5	7	112	16	244
8569	4	5	8	113	16	245
8570	4	5	9	114	16	247
8571	4	5	10	115	16	248
8572	4	5	11	116	16	250
8573	4	5	12	117	16	251
8574	4	5	13	118	16	253
8575	4	5	14	119	16	254
8576	4	5	15	120	16	256
8577	4	5	16	121	16	257
8578	4	5	17	122	16	259
8579	4	5	18	123	16	260
8580	4	5	19	124	16	262
8581	4	5	20	125	16	263
8582	4	5	21	126	16	265
8583	4	5	22	127	16	266
8584	4	6	0	103	4	231
8585	4	6	1	104	4	233
8586	4	6	2	105	4	234
8587	4	6	3	106	4	236
8588	4	6	4	107	4	237
8589	4	6	5	108	4	239
8590	4	6	6	109	4	240
8591	4	6	7	110	4	242
8592	4	6	8	111	4	243
8593	4	6	9	112	4	245
8594	4	6	10	113	4	246
8595	4	6	11	114	4	248
8596	4	6	12	115	4	249
8597	4	6	13	116	4	251
8598	4	6	14	117	4	252
8599	4	6	15	118	4	254
8600	4	6	16	119	4	255
8601	4	6	17	120	4	257
8602	4	6	18	121	4	258
8603	4	6	19	122	4	260
8604	4	6	20	123	4	261
8605	4	6	21	124	4	263
8606	4	6	22	125	4	264
8607	4	7	0	101	1	229
8608	4	7	1	102	1	231
8609	4	7	2	103	1	232
8610	4	7	3	104	1	234
8611	4	7	4	105	1	235
8612	4	7	5	106	1	237
8613	4	7	6	107	1	238
8614	4	7	7	108	1	240
8615	4	7	8	109	1	241
8616	4	7	9	110	1	243
8617	4	7	10	111	1	244
8618	4	7	11	112	1	246
8619	4	7	12	113	1	247
8620	4	7	13	114	1	249
8621	4	7	14	115	1	250
8622	4	7	15	116	1	252
8623	4	7	16	117	1	253
8624	4	7	17	118	1	255
8625	4	7	18	119	1	256
8626	4	7	19	120	1	258
8627	4	7	20	121	1	259
8628	4	7	21	122	1	261
8629	4	8	0	99	193	227
8630	4	8	1	100	193	229
8631	4	8	2	101	193	230
8632	4	8	3	102	193	232
8633	4	8	4	103	193	233
8634	4	8	5	104	193	235
8635	4	8	6	105	193	236
8636	4	8	7	106	193	238
8637	4	8	8	107	193	239
8638	4	8	9	108	193	241
8639	4	8	10	109	193	242
8640	4	8	11	110	193	244
8641	4	8	12	111	193	245
8642	4	8	13	112	193	247
8643	4	8	14	113	193	248
8644	4	8	15	114	193	250
8645	4	8	16	115	193	251
8646	4	8	17	116	193	253
8647	4	8	18	117	193	254
8648	4	8	19	118	193	256
8649	4	8	20	119	193	257
8650	4	8	21	120	193	259
8651	4	9	0	97	241	225
8652	4	9	1	98	241	227
8653	4	9	2	99	241	228
8654	4	9	3	100	241	230
8655	4	9	4	101	241	231
8656	4	9	5	102	241	233
8657	4	9	6	103	241	234
8658	4	9	7	104	241	236
8659	4	9	8	105	241	237
8660	4	9	9	106	241	239
8661	4	9	10	107	241	240
8662	4	9	11	108	241	242
8663	4	9	12	109	241	243
8664	4	9	13	110	241	245
8665	4	9	14	111	241	246
8666	4	9	15	112	241	248
8667	4	9	16	113	241	249
8668	4	9	17	114	241	251
8669	4	9	18	115	241	252
8670	4	9	19	116	241	254
8671	4	9	20	117	241	255
8672	4	10	0	95	253	223
8673	4	10	1	96	253	225
8674	4	10	2	97	253	226
8675	4	10	3	98	253	228
8676	4	10	4	99	253	229
8677	4	10	5	100	253	231
8678	4	10	6	101	253	232
8679	4	10	7	102	253	234
8680	4	10	8	103	253	235
8681	4	10	9	104	253	237
8682	4	10	10	105	253	238
8683	4	10	11	106	253	240
8684	4	10	12	107	253	241
8685	4	10	13	108	253	243
8686	4	10	14	109	253	244
8687	4	10	15	110	253	246
8688	4	10	16	111	253	247
8689	4	10	17	112	253	249
8690	4	10	18	113	253	250
8691	4	10	19	114	253	252
8692	4	10	20	115	253	253
8693	4	11	0	93	256	221
8694	4	11	1	94	256	223
8695	4	11	2	95	256	224
8696	4	11	3	96	256	226
8697	4	11	4	97	256	227
8698	4	11	5	98	256	229
8699	4	11	6	99	256	230
8700	4	11	7	100	256	232
8701	4	11	8	101	256	233
8702	4	11	9	102	256	235
8703	4	11	10	103	256	236
8704	4	11	11	104	256	238
8705	4	11	12	105	256	239
8706	4	11	13	106	256	241
8707	4	11	14	107	256	242
8708	4	11	15	108	256	244
8709	4	11	16	109	256	245
8710	4	11	17	110	256	247
8711	4	11	18	111	256	248
8712	4	11	19	112	256	250
8713	4	12	0	91	64	219
8714	4	12	1	92	64	221
8715	4	12	2	93	64	222
8716	4	12	3	94	64	224
8717	4	12	4	95	64	225
8718	4	12	5	96	64	227
8719	4	12	6	97	64	228
8720	4	12	7	98	64	230
8721	4	12	8	99	64	231
8722	4	12	9	100	64	233
8723	4	12	10	101	64	234
8724	4	12	11	102	64	236
8725	4	12	12	103	64	237
8726	4	12	13	104	64	239
8727	4	12	14	105	64	240
8728	4	12	15	106	64	242
8729	4	12	16	107	64	243
8730	4	12	17	108	64	245
8731	4	12	18	109	64	246
8732	4	12	19	110	64	248
8733	4	13	0	89	16	217
8734	4	13	1	90	16	219
8735	4	13	2	91	16	220
8736	4	13	3	92	16	222
8737	4	13	4	93	16	223
8738	4	13	5	94	16	225
8739	4	13	6	95	16	226
8740	4	13	7	96	16	228
8741	4	13	8	97	16	229
8742	4	13	9	98	16	231
8743	4	13	10	99	16	232
8744	4	13	11	100	16	234
8745	4	13	12	101	16	235
8746	4	13	13	102	16	237
8747	4	13	14	103	16	238
8748	4	13	15	104	16	240
8749	4	13	16	105	16	241
8750	4	13	17	106	16	243
8751	4	13	18	107	16	244
8752	4	14	0	87	4	215
8753	4	14	1	88	4	217
8754	4	14	2	89	4	218
8755	4	14	3	90	4	220
8756	4	14	4	91	4	221
8757	4	14	5	92	4	223
8758	4	14	6	93	4	224
8759	4	14	7	94	4	226
8760	4	14	8	95	4	227
8761	4	14	9	96	4	229
8762	4	14	10	97	4	230
8763	4	14	11	98	4	232
8764	4	14	12	99	4	233
8765	4	14	13	100	4	235
8766	4	14	14	101	4	236
8767	4	14	15	102	4	238
8768	4	14	16	103	4	239
8769	4	14	17	104	4	241
8770	4	14	18	105	4	242
8771	4	15	0	85	1	213
8772	4	15	1	86	1	215
8773	4	15	2	87	1	216
8774	4	15	3	88	1	218
8775	4	15	4	89	1	219
8776	4	15	5	90	1	221
8777	4	15	6	91	1	222
8778	4	15	7	92	1	224
8779	4	15	8	93	1	225
8780	4	15	9	94	1	227
8781	4	15	10	95	1	228
8782	4	15	11	96	1	230
8783	4	15	12	97	1	231
8784	4	15	13	98	1	233
8785	4	15	14	99	1	234
8786	4	15	15	100	1	236
8787	4	15	16	101	1	237
8788	4	15	17	102	1	239
8789	4	16	0	83	193	211
8790	4	16	1	84	193	213
8791	4	16	2	85	193	214
8792	4	16	3	86	193	216
8793	4	16	4	87	193	217
8794	4	16	5	88	193	219
8795	4	16	6	89	193	220
8796	4	16	7	90	193	222
8797	4	16	8	91	193	223
8798	4	16	9	92	193	225
8799	4	16	10	93	193	226
8800	4	16	11	94	193	228
8801	4	16	12	95	193	229
8802	4	16	13	96	193	231
8803	4	16	14	97	193	232
8804	4	16	15	98	193	234
8805	4	16	16	99	193	235
8806	4	16	17	100	193	237
8807	4	17	0	81	241	209
8808	4	17	1	82	241	211
8809	4	17	2	83	241	212
8810	4	17	3	84	241	214
8811	4	17	4	85	241	215
8812	4	17	5	86	241	217
8813	4	17	6	87	241	218
8814	4	17	7	88	241	220
8815	4	17	8	89	241	221
8816	4	17	9	90	241	223
8817	4	17	10	91	241	224
8818	4	17	11	92	241	226
8819	4	17	12	93	241	227
8820	4	17	13	94	241	229
8821	4	17	14	95	241	230
8822	4	17	15	96	241	232
8823	4	17	16	97	241	233
8824	4	18	0	79	253	207
8825	4	18	1	80	253	209
8826	4	18	2	81	253	210
8827	4	18	3	82	253	212
8828	4	18	4	83	253	213
8829	4	18	5	84	253	215
8830	4	18	6	85	253	216
8831	4	18	7	86	253	218
8832	4	18	8	87	253	219
8833	4	18	9	88	253	221
8834	4	18	10	89	253	222
8835	4	18	11	90	253	224
8836	4	18	12	91	253	225
8837	4	18	13	92	253	227
8838	4	18	14	93	253	228
8839	4	18	15	94	253	230
8840	4	18	16	95	253	231
8841	4	19	0	77	256	205
8842	4	19	1	78	256	207
8843	4	19	2	79	256	208
8844	4	19	3	80	256	210
8845	4	19	4	81	256	211
8846	4	19	5	82	256	213
8847	4	19	6	83	256	214
8848	4	19	7	84	256	216
8849	4	19	8	85	256	217
8850	4	19	9	86	256	219
8851	4	19	10	87	256	220
8852	4	19	11	88	256	222
8853	4	19	12	89	256	223
8854	4	19	13	90	256	225
8855	4	19	14	91	256	226
8856	4	19	15	92	256	228
8857	4	20	0	75	64	203
8858	4	20	1	76	64	205
8859	4	20	2	77	64	206
8860	4	20	3	78	64	208
8861	4	20	4	79	64	209
8862	4	20	5	80	64	211
8863	4	20	6	81	64	212
8864	4	20	7	82	64	214
8865	4	20	8	83	64	215
8866	4	20	9	84	64	217
8867	4	20	10	85	64	218
8868	4	20	11	86	64	220
8869	4	20	12	87	64	221
8870	4	20	13	88	64	223
8871	4	20	14	89	64	224
8872	4	20	15	90	64	226
8873	4	21	0	73	16	201
8874	4	21	1	74	16	203
8875	4	21	2	75	16	204
8876	4	21	3	76	16	206
8877	4	21	4	77	16	207
8878	4	21	5	78	16	209
8879	4	21	6	79	16	210
8880	4	21	7	80	16	212
8881	4	21	8	81	16	213
8882	4	21	9	82	16	215
8883	4	21	10	83	16	216
8884	4	21	11	84	16	218
8885	4	21	12	85	16	219
8886	4	21	13	86	16	221
8887	4	21	14	87	16	222
8888	4	22	0	71	4	199
8889	4	22	1	72	4	201
8890	4	22	2	73	4	202
8891	4	22	3	74	4	204
8892	4	22	4	75	4	205
8893	4	22	5	76	4	207
8894	4	22	6	77	4	208
8895	4	22	7	78	4	210
8896	4	22	8	79	4	211
8897	4	22	9	80	4	213
8898	4	22	10	81	4	214
8899	4	22	11	82	4	216
8900	4	22	12	83	4	217
8901	4	22	13	84	4	219
8902	4	22	14	85	4	220
8903	4	23	0	69	1	197
8904	4	23	1	70	1	199
8905	4	23	2	71	1	200
8906	4	23	3	72	1	202
8907	4	23	4	73	1	203
8908	4	23	5	74	1	205
8909	4	23	6	75	1	206
8910	4	23	7	76	1	208
8911	4	23	8	77	1	209
8912	4	23	9	78	1	211
8913	4	23	10	79	1	212
8914	4	23	11	80	1	214
8915	4	23	12	81	1	215
8916	4	23	13	82	1	217
8917	4	24	0	67	193	195
8918	4	24	1	68	193	197
8919	4	24	2	69	193	198
8920	4	24	3	70	193	200
8921	4	24	4	71	193	201
8922	4	24	5	72	193	203
8923	4	24	6	73	193	204
8924	4	24	7	74	193	206
8925	4	24	8	75	193	207
8926	4	24	9	76	193	209
8927	4	24	10	77	193	210
8928	4	24	11	78	193	212
8929	4	24	12	79	193	213
8930	4	24	13	80	193	215
8931	4	25	0	65	241	193
8932	4	25	1	66	241	195
8933	4	25	2	67	241	196
8934	4	25	3	68	241	198
8935	4	25	4	69	241	199
8936	4	25	5	70	241	201
8937	4	25	6	71	241	202
8938	4	25	7	72	241	204
8939	4	25	8	73	241	205
8940	4	25	9	74	241	207
8941	4	25	10	75	241	208
8942	4	25	11	76	241	210
8943	4	25	12	77	241	211
8944	4	26	0	63	253	191
8945	4	26	1	64	253	193
8946	4	26	2	65	253	194
8947	4	26	3	66	253	196
8948	4	26	4	67	253	197
8949	4	26	5	68	253	199
8950	4	26	6	69	253	200
8951	4	26	7	70	253	202
8952	4	26	8	71	253	203
8953	4	26	9	72	253	205
8954	4	26	10	73	253	206
8955	4	26	11	74	253	208
8956	4	26	12	75	253	209
8957	4	27	0	61	256	189
8958	4	27	1	62	256	191
8959	4	27	2	63	256	192
8960	4	27	3	64	256	194
8961	4	27	4	65	256	195
8962	4	27	5	66	256	197
8963	4	27	6	67	256	198
8964	4	27	7	68	256	200
8965	4	27	8	69	256	201
8966	4	27	9	70	256	203
8967	4	27	10	71	256	204
8968	4	27	11	72	256	206
8969	4	28	0	59	64	187
8970	4	28	1	60	64	189
8971	4	28	2	61	64	190
8972	4	28	3	62	64	192
8973	4	28	4	63	64	193
8974	4	28	5	64	64	195
8975	4	28	6	65	64	196
8976	4	28	7	66	64	198
8977	4	28	8	67	64	199
8978	4	28	9	68	64	201
8979	4	28	10	69	64	202
8980	4	28	11	70	64	204
8981	4	29	0	57	16	185
8982	4	29	1	58	16	187
8983	4	29	2	59	16	188
8984	4	29	3	60	16	190
8985	4	29	4	61	16	191
8986	4	29	5	62	16	193
8987	4	29	6	63	16	194
8988	4	29	7	64	16	196
8989	4	29	8	65	16	197
8990	4	29	9	66	16	199
8991	4	29	10	67	16	200
8992	4	30	0	55	4	183
8993	4	30	1	56	4	185
8994	4	30	2	57	4	186
8995	4	30	3	58	4	188
8996	4	30	4	59	4	189
8997	4	30	5	60	4	191
8998	4	30	6	61	4	192
8999	4	30	7	62	4	194
9000	4	30	8	63	4	195
9001	4	30	9	64	4	197
9002	4	30	10	65	4	198
9003	4	31	0	53	1	181
9004	4	31	1	54	1	183
9005	4	31	2	55	1	184
9006	4	31	3	56	1	186
9007	4	31	4	57	1	187
9008	4	31	5	58	1	189
9009	4	31	6	59	1	190
9010	4	31	7	60	1	192
9011	4	31	8	61	1	193
9012	4	31	9	62	1	195
9013	4	32	0	51	193	179
9014	4	32	1	52	193	181
9015	4	32	2	53	193	182
9016	4	32	3	54	193	184
9017	4	32	4	55	193	185
9018	4	32	5	56	193	187
9019	4	32	6	57	193	188
9020	4	32	7	58	193	190
9021	4	32	8	59	193	191
9022	4	32	9	60	193	193
9023	4	33	0	49	241	177
9024	4	33	1	50	241	179
9025	4	33	2	51	241	180
9026	4	33	3	52	241	182
9027	4	33	4	53	241	183
9028	4	33	5	54	241	185
9029	4	33	6	55	241	186
9030	4	33	7	56	241	188
9031	4	33	8	57	241	189
9032	4	34	0	47	253	175
9033	4	34	1	48	253	177
9034	4	34	2	49	253	178
9035	4	34	3	50	253	180
9036	4	34	4	51	253	181
9037	4	34	5	52	253	183
9038	4	34	6	53	253	184
9039	4	34	7	54	253	186
9040	4	34	8	55	253	187
9041	4	35	0	45	256	173
9042	4	35	1	46	256	175
9043	4	35	2	47	256	176
9044	4	35	3	48	256	178
9045	4	35	4	49	256	179
9046	4	35	5	50	256	181
9047	4	35	6	51	256	182
9048	4	35	7	52	256	184
9049	4	36	0	43	64	171
9050	4	36	1	44	64	173
9051	4	36	2	45	64	174
9052	4	36	3	46	64	176
9053	4	36	4	47	64	177
9054	4	36	5	48	64	179
9055	4	36	6	49	64	180
9056	4	36	7	50	64	182
9057	4	37	0	41	16	169
9058	4	37	1	42	16	171
9059	4	37	2	43	16	172
9060	4	37	3	44	16	174
9061	4	37	4	45	16	175
9062	4	37	5	46	16	177
9063	4	37	6	47	16	178
9064	4	38	0	39	4	167
9065	4	38	1	40	4	169
9066	4	38	2	41	4	170
9067	4	38	3	42	4	172
9068	4	38	4	43	4	173
9069	4	38	5	44	4	175
9070	4	38	6	45	4	176
9071	4	39	0	37	1	165
9072	4	39	1	38	1	167
9073	4	39	2	39	1	168
9074	4	39	3	40	1	170
9075	4	39	4	41	1	171
9076	4	39	5	42	1	173
9077	4	40	0	35	193	163
9078	4	40	1	36	193	165
9079	4	40	2	37	193	166
9080	4	40	3	38	193	168
9081	4	40	4	39	193	169
9082	4	40	5	40	193	171
9083	4	41	0	33	241	161
9084	4	41	1	34	241	163
9085	4	41	2	35	241	164
9086	4	41	3	36	241	166
9087	4	41	4	37	241	167
9088	4	42	0	31	253	159
9089	4	42	1	32	253	161
9090	4	42	2	33	253	162
9091	4	42	3	34	253	164
9092	4	42	4	35	253	165
9093	4	43	0	29	256	157
9094	4	43	1	30	256	159
9095	4	43	2	31	256	160
9096	4	43	3	32	256	162
9097	4	44	0	27	64	155
9098	4	44	1	28	64	157
9099	4	44	2	29	64	158
9100	4	44	3	30	64	160
9101	4	45	0	25	16	153
9102	4	45	1	26	16	155
9103	4	45	2	27	16	156
9104	4	46	0	23	4	151
9105	4	46	1	24	4	153
9106	4	46	2	25	4	154
9107	4	47	0	21	1	149
9108	4	47	1	22	1	151
9109	4	48	0	19	193	147
9110	4	48	1	20	193	149
9111	4	49	0	17	241	145
9112	4	50	0	15	253	143
9113	5	0	0	0	256	135
9114	5	0	1	1	128	135
9115	5	0	2	2	64	135
9116	5	0	3	3	32	135
9117	5	0	4	4	32	136
9118	5	0	5	5	16	136
9119	5	0	6	6	16	137
9120	5	0	7	7	8	137
9121	5	0	8	8	8	138
9122	5	0	9	9	4	138
9123	5	0	10	10	4	139
9124	5	0	11	11	2	139
9125	5	0	12	12	2	141
9126	5	0	13	13	1	141
9127	5	0	14	14	1	143
9128	5	0	15	15	129	144
9129	5	0	16	16	129	145
9130	5	0	17	17	193	146
9131	5	0	18	18	193	147
9132	5	0	19	19	225	148
9133	5	0	20	20	225	150
9134	5	0	21	21	241	150
9135	5	0	22	22	241	152
9136	5	0	23	23	249	152
9137	5	0	24	24	249	154
9138	5	0	25	25	253	155
9139	5	0	26	26	253	156
9140	5	0	27	27	255	157
9141	5	0	28	28	255	158
9142	5	0	29	29	256	159
9143	5	0	30	30	256	161
9144	5	0	31	31	128	161
9145	5	0	32	32	128	163
9146	5	0	33	33	64	163
9147	5	0	34	34	64	165
9148	5	0	35	35	32	166
9149	5	0	36	36	32	167
9150	5	0	37	37	16	168
9151	5	0	38	38	16	169
9152	5	0	39	39	8	170
9153	5	0	40	40	8	172
9154	5	0	41	41	4	172
9155	5	0	42	42	4	174
9156	5	0	43	43	2	174
9157	5	0	44	44	2	176
9158	5	0	45	45	1	177
9159	5	0	46	46	1	178
9160	5	1	0	0	256	136
9161	5	1	1	1	128	136
9162	5	1	2	2	64	136
9163	5	1	3	3	32	136
9164	5	1	4	4	32	137
9165	5	1	5	5	16	137
9166	5	1	6	6	16	138
9167	5	1	7	7	8	138
9168	5	1	8	8	8	139
9169	5	1	9	9	4	139
9170	5	1	10	10	4	140
9171	5	1	11	11	2	140
9172	5	1	12	12	2	142
9173	5	1	13	13	1	142
9174	5	1	14	14	1	144
9175	5	1	15	15	129	145
9176	5	1	16	16	129	146
9177	5	1	17	17	193	147
9178	5	1	18	18	193	148
9179	5	1	19	19	225	149
9180	5	1	20	20	225	151
9181	5	1	21	21	241	151
9182	5	1	22	22	241	153
9183	5	1	23	23	249	153
9184	5	1	24	24	249	155
9185	5	1	25	25	253	156
9186	5	1	26	26	253	157
9187	5	1	27	27	255	158
9188	5	1	28	28	255	159
9189	5	1	29	29	256	160
9190	5	1	30	30	256	162
9191	5	1	31	31	128	162
9192	5	1	32	32	128	164
9193	5	1	33	33	64	164
9194	5	1	34	34	64	166
9195	5	1	35	35	32	167
9196	5	1	36	36	32	168
9197	5	1	37	37	16	169
9198	5	1	38	38	16	170
9199	5	1	39	39	8	171
9200	5	1	40	40	8	173
9201	5	1	41	41	4	173
9202	5	1	42	42	4	175
9203	5	1	43	43	2	175
9204	5	1	44	44	2	177
9205	5	1	45	45	1	178
9206	5	2	0	0	256	137
9207	5	2	1	1	128	137
9208	5	2	2	2	64	137
9209	5	2	3	3	32	137
9210	5	2	4	4	32	138
9211	5	2	5	5	16	138
9212	5	2	6	6	16	139
9213	5	2	7	7	8	139
9214	5	2	8	8	8	140
9215	5	2	9	9	4	140
9216	5	2	10	10	4	141
9217	5	2	11	11	2	141
9218	5	2	12	12	2	143
9219	5	2	13	13	1	143
9220	5	2	14	14	1	145
9221	5	2	15	15	129	146
9222	5	2	16	16	129	147
9223	5	2	17	17	193	148
9224	5	2	18	18	193	149
9225	5	2	19	19	225	150
9226	5	2	20	20	225	152
9227	5	2	21	21	241	152
9228	5	2	22	22	241	154
9229	5	2	23	23	249	154
9230	5	2	24	24	249	156
9231	5	2	25	25	253	157
9232	5	2	26	26	253	158
9233	5	2	27	27	255	159
9234	5	2	28	28	255	160
9235	5	2	29	29	256	161
9236	5	2	30	30	256	163
9237	5	2	31	31	128	163
9238	5	2	32	32	128	165
9239	5	2	33	33	64	165
9240	5	2	34	34	64	167
9241	5	2	35	35	32	168
9242	5	2	36	36	32	169
9243	5	2	37	37	16	170
9244	5	2	38	38	16	171
9245	5	2	39	39	8	172
9246	5	2	40	40	8	174
9247	5	2	41	41	4	174
9248	5	2	42	42	4	176
9249	5	2	43	43	2	176
9250	5	2	44	44	2	178
9251	5	3	0	0	256	138
9252	5	3	1	1	128	138
9253	5	3	2	2	64	138
9254	5	3	3	3	32	138
9255	5	3	4	4	32	139
9256	5	3	5	5	16	139
9257	5	3	6	6	16	140
9258	5	3	7	7	8	140
9259	5	3	8	8	8	141
9260	5	3	9	9	4	141
9261	5	3	10	10	4	142
9262	5	3	11	11	2	142
9263	5	3	12	12	2	144
9264	5	3	13	13	1	144
9265	5	3	14	14	1	146
9266	5	3	15	15	129	147
9267	5	3	16	16	129	148
9268	5	3	17	17	193	149
9269	5	3	18	18	193	150
9270	5	3	19	19	225	151
9271	5	3	20	20	225	153
9272	5	3	21	21	241	153
9273	5	3	22	22	241	155
9274	5	3	23	23	249	155
9275	5	3	24	24	249	157
9276	5	3	25	25	253	158
9277	5	3	26	26	253	159
9278	5	3	27	27	255	160
9279	5	3	28	28	255	161
9280	5	3	29	29	256	162
9281	5	3	30	30	256	164
9282	5	3	31	31	128	164
9283	5	3	32	32	128	166
9284	5	3	33	33	64	166
9285	5	3	34	34	64	168
9286	5	3	35	35	32	169
9287	5	3	36	36	32	170
9288	5	3	37	37	16	171
9289	5	3	38	38	16	172
9290	5	3	39	39	8	173
9291	5	3	40	40	8	175
9292	5	3	41	41	4	175
9293	5	3	42	42	4	177
9294	5	3	43	43	2	177
9295	5	4	0	0	256	139
9296	5	4	1	1	128	139
9297	5	4	2	2	64	139
9298	5	4	3	3	32	139
9299	5	4	4	4	32	140
9300	5	4	5	5	16	140
9301	5	4	6	6	16	141
9302	5	4	7	7	8	141
9303	5	4	8	8	8	142
9304	5	4	9	9	4	142
9305	5	4	10	10	4	143
9306	5	4	11	11	2	143
9307	5	4	12	12	2	145
9308	5	4	13	13	1	145
9309	5	4	14	14	1	147
9310	5	4	15	15	129	148
9311	5	4	16	16	129	149
9312	5	4	17	17	193	150
9313	5	4	18	18	193	151
9314	5	4	19	19	225	152
9315	5	4	20	20	225	154
9316	5	4	21	21	241	154
9317	5	4	22	22	241	156
9318	5	4	23	23	249	156
9319	5	4	24	24	249	158
9320	5	4	25	25	253	159
9321	5	4	26	26	253	160
9322	5	4	27	27	255	161
9323	5	4	28	28	255	162
9324	5	4	29	29	256	163
9325	5	4	30	30	256	165
9326	5	4	31	31	128	165
9327	5	4	32	32	128	167
9328	5	4	33	33	64	167
9329	5	4	34	34	64	169
9330	5	4	35	35	32	170
9331	5	4	36	36	32	171
9332	5	4	37	37	16	172
9333	5	4	38	38	16	173
9334	5	4	39	39	8	174
9335	5	4	40	40	8	176
9336	5	4	41	41	4	176
9337	5	4	42	42	4	178
9338	5	5	0	0	256	140
9339	5	5	1	1	128	140
9340	5	5	2	2	64	140
9341	5	5	3	3	32	140
9342	5	5	4	4	32	141
9343	5	5	5	5	16	141
9344	5	5	6	6	16	142
9345	5	5	7	7	8	142
9346	5	5	8	8	8	143
9347	5	5	9	9	4	143
9348	5	5	10	10	4	144
9349	5	5	11	11	2	144
9350	5	5	12	12	2	146
9351	5	5	13	13	1	146
9352	5	5	14	14	1	148
9353	5	5	15	15	129	149
9354	5	5	16	16	129	150
9355	5	5	17	17	193	151
9356	5	5	18	18	193	152
9357	5	5	19	19	225	153
9358	5	5	20	20	225	155
9359	5	5	21	21	241	155
9360	5	5	22	22	241	157
9361	5	5	23	23	249	157
9362	5	5	24	24	249	159
9363	5	5	25	25	253	160
9364	5	5	26	26	253	161
9365	5	5	27	27	255	162
9366	5	5	28	28	255	163
9367	5	5	29	29	256	164
9368	5	5	30	30	256	166
9369	5	5	31	31	128	166
9370	5	5	32	32	128	168
9371	5	5	33	33	64	168
9372	5	5	34	34	64	170
9373	5	5	35	35	32	171
9374	5	5	36	36	32	172
9375	5	5	37	37	16	173
9376	5	5	38	38	16	174
9377	5	5	39	39	8	175
9378	5	5	40	40	8	177
9379	5	5	41	41	4	177
9380	5	6	0	0	256	141
9381	5	6	1	1	128	141
9382	5	6	2	2	64	141
9383	5	6	3	3	32	141
9384	5	6	4	4	32	142
9385	5	6	5	5	16	142
9386	5	6	6	6	16	143
9387	5	6	7	7	8	143
9388	5	6	8	8	8	144
9389	5	6	9	9	4	144
9390	5	6	10	10	4	145
9391	5	6	11	11	2	145
9392	5	6	12	12	2	147
9393	5	6	13	13	1	147
9394	5	6	14	14	1	149
9395	5	6	15	15	129	150
9396	5	6	16	16	129	151
9397	5	6	17	17	193	152
9398	5	6	18	18	193	153
9399	5	6	19	19	225	154
9400	5	6	20	20	225	156
9401	5	6	21	21	241	156
9402	5	6	22	22	241	158
9403	5	6	23	23	249	158
9404	5	6	24	24	249	160
9405	5	6	25	25	253	161
9406	5	6	26	26	253	162
9407	5	6	27	27	255	163
9408	5	6	28	28	255	164
9409	5	6	29	29	256	165
9410	5	6	30	30	256	167
9411	5	6	31	31	128	167
9412	5	6	32	32	128	169
9413	5	6	33	33	64	169
9414	5	6	34	34	64	171
9415	5	6	35	35	32	172
9416	5	6	36	36	32	173
9417	5	6	37	37	16	174
9418	5	6	38	38	16	175
9419	5	6	39	39	8	176
9420	5	6	40	40	8	178
9421	5	7	0	0	256	142
9422	5	7	1	1	128	142
9423	5	7	2	2	64	142
9424	5	7	3	3	32	142
9425	5	7	4	4	32	143
9426	5	7	5	5	16	143
9427	5	7	6	6	16	144
9428	5	7	7	7	8	144
9429	5	7	8	8	8	145
9430	5	7	9	9	4	145
9431	5	7	10	10	4	146
9432	5	7	11	11	2	146
9433	5	7	12	12	2	148
9434	5	7	13	13	1	148
9435	5	7	14	14	1	150
9436	5	7	15	15	129	151
9437	5	7	16	16	129	152
9438	5	7	17	17	193	153
9439	5	7	18	18	193	154
9440	5	7	19	19	225	155
9441	5	7	20	20	225	157
9442	5	7	21	21	241	157
9443	5	7	22	22	241	159
9444	5	7	23	23	249	159
9445	5	7	24	24	249	161
9446	5	7	25	25	253	162
9447	5	7	26	26	253	163
9448	5	7	27	27	255	164
9449	5	7	28	28	255	165
9450	5	7	29	29	256	166
9451	5	7	30	30	256	168
9452	5	7	31	31	128	168
9453	5	7	32	32	128	170
9454	5	7	33	33	64	170
9455	5	7	34	34	64	172
9456	5	7	35	35	32	173
9457	5	7	36	36	32	174
9458	5	7	37	37	16	175
9459	5	7	38	38	16	176
9460	5	7	39	39	8	177
9461	5	8	0	0	256	143
9462	5	8	1	1	128	143
9463	5	8	2	2	64	143
9464	5	8	3	3	32	143
9465	5	8	4	4	32	144
9466	5	8	5	5	16	144
9467	5	8	6	6	16	145
9468	5	8	7	7	8	145
9469	5	8	8	8	8	146
9470	5	8	9	9	4	146
9471	5	8	10	10	4	147
9472	5	8	11	11	2	147
9473	5	8	12	12	2	149
9474	5	8	13	13	1	149
9475	5	8	14	14	1	151
9476	5	8	15	15	129	152
9477	5	8	16	16	129	153
9478	5	8	17	17	193	154
9479	5	8	18	18	193	155
9480	5	8	19	19	225	156
9481	5	8	20	20	225	158
9482	5	8	21	21	241	158
9483	5	8	22	22	241	160
9484	5	8	23	23	249	160
9485	5	8	24	24	249	162
9486	5	8	25	25	253	163
9487	5	8	26	26	253	164
9488	5	8	27	27	255	165
9489	5	8	28	28	255	166
9490	5	8	29	29	256	167
9491	5	8	30	30	256	169
9492	5	8	31	31	128	169
9493	5	8	32	32	128	171
9494	5	8	33	33	64	171
9495	5	8	34	34	64	173
9496	5	8	35	35	32	174
9497	5	8	36	36	32	175
9498	5	8	37	37	16	176
9499	5	8	38	38	16	177
9500	5	9	0	0	256	144
9501	5	9	1	1	128	144
9502	5	9	2	2	64	144
9503	5	9	3	3	32	144
9504	5	9	4	4	32	145
9505	5	9	5	5	16	145
9506	5	9	6	6	16	146
9507	5	9	7	7	8	146
9508	5	9	8	8	8	147
9509	5	9	9	9	4	147
9510	5	9	10	10	4	148
9511	5	9	11	11	2	148
9512	5	9	12	12	2	150
9513	5	9	13	13	1	150
9514	5	9	14	14	1	152
9515	5	9	15	15	129	153
9516	5	9	16	16	129	154
9517	5	9	17	17	193	155
9518	5	9	18	18	193	156
9519	5	9	19	19	225	157
9520	5	9	20	20	225	159
9521	5	9	21	21	241	159
9522	5	9	22	22	241	161
9523	5	9	23	23	249	161
9524	5	9	24	24	249	163
9525	5	9	25	25	253	164
9526	5	9	26	26	253	165
9527	5	9	27	27	255	166
9528	5	9	28	28	255	167
9529	5	9	29	29	256	168
9530	5	9	30	30	256	170
9531	5	9	31	31	128	170
9532	5	9	32	32	128	172
9533	5	9	33	33	64	172
9534	5	9	34	34	64	174
9535	5	9	35	35	32	175
9536	5	9	36	36	32	176
9537	5	9	37	37	16	177
9538	5	10	0	0	256	145
9539	5	10	1	1	128	145
9540	5	10	2	2	64	145
9541	5	10	3	3	32	145
9542	5	10	4	4	32	146
9543	5	10	5	5	16	146
9544	5	10	6	6	16	147
9545	5	10	7	7	8	147
9546	5	10	8	8	8	148
9547	5	10	9	9	4	148
9548	5	10	10	10	4	149
9549	5	10	11	11	2	149
9550	5	10	12	12	2	151
9551	5	10	13	13	1	151
9552	5	10	14	14	1	153
9553	5	10	15	15	129	154
9554	5	10	16	16	129	155
9555	5	10	17	17	193	156
9556	5	10	18	18	193	157
9557	5	10	19	19	225	158
9558	5	10	20	20	225	160
9559	5	10	21	21	241	160
9560	5	10	22	22	241	162
9561	5	10	23	23	249	162
9562	5	10	24	24	249	164
9563	5	10	25	25	253	165
9564	5	10	26	26	253	166
9565	5	10	27	27	255	167
9566	5	10	28	28	255	168
9567	5	10	29	29	256	169
9568	5	10	30	30	256	171
9569	5	10	31	31	128	171
9570	5	10	32	32	128	173
9571	5	10	33	33	64	173
9572	5	10	34	34	64	175
9573	5	10	35	35	32	176
9574	5	10	36	36	32	177
9575	5	11	0	0	256	146
9576	5	11	1	1	128	146
9577	5	11	2	2	64	146
9578	5	11	3	3	32	146
9579	5	11	4	4	32	147
9580	5	11	5	5	16	147
9581	5	11	6	6	16	148
9582	5	11	7	7	8	148
9583	5	11	8	8	8	149
9584	5	11	9	9	4	149
9585	5	11	10	10	4	150
9586	5	11	11	11	2	150
9587	5	11	12	12	2	152
9588	5	11	13	13	1	152
9589	5	11	14	14	1	154
9590	5	11	15	15	129	155
9591	5	11	16	16	129	156
9592	5	11	17	17	193	157
9593	5	11	18	18	193	158
9594	5	11	19	19	225	159
9595	5	11	20	20	225	161
9596	5	11	21	21	241	161
9597	5	11	22	22	241	163
9598	5	11	23	23	249	163
9599	5	11	24	24	249	165
9600	5	11	25	25	253	166
9601	5	11	26	26	253	167
9602	5	11	27	27	255	168
9603	5	11	28	28	255	169
9604	5	11	29	29	256	170
9605	5	11	30	30	256	172
9606	5	11	31	31	128	172
9607	5	11	32	32	128	174
9608	5	11	33	33	64	174
9609	5	11	34	34	64	176
9610	5	11	35	35	32	177
9611	5	12	0	0	256	147
9612	5	12	1	1	128	147
9613	5	12	2	2	64	147
9614	5	12	3	3	32	147
9615	5	12	4	4	32	148
9616	5	12	5	5	16	148
9617	5	12	6	6	16	149
9618	5	12	7	7	8	149
9619	5	12	8	8	8	150
9620	5	12	9	9	4	150
9621	5	12	10	10	4	151
9622	5	12	11	11	2	151
9623	5	12	12	12	2	153
9624	5	12	13	13	1	153
9625	5	12	14	14	1	155
9626	5	12	15	15	129	156
9627	5	12	16	16	129	157
9628	5	12	17	17	193	158
9629	5	12	18	18	193	159
9630	5	12	19	19	225	160
9631	5	12	20	20	225	162
9632	5	12	21	21	241	162
9633	5	12	22	22	241	164
9634	5	12	23	23	249	164
9635	5	12	24	24	249	166
9636	5	12	25	25	253	167
9637	5	12	26	26	253	168
9638	5	12	27	27	255	169
9639	5	12	28	28	255	170
9640	5	12	29	29	256	171
9641	5	12	30	30	256	173
9642	5	12	31	31	128	173
9643	5	12	32	32	128	175
9644	5	12	33	33	64	175
9645	5	12	34	34	64	177
9646	5	13	0	0	256	148
9647	5	13	1	1	128	148
9648	5	13	2	2	64	148
9649	5	13	3	3	32	148
9650	5	13	4	4	32	149
9651	5	13	5	5	16	149
9652	5	13	6	6	16	150
9653	5	13	7	7	8	150
9654	5	13	8	8	8	151
9655	5	13	9	9	4	151
9656	5	13	10	10	4	152
9657	5	13	11	11	2	152
9658	5	13	12	12	2	154
9659	5	13	13	13	1	154
9660	5	13	14	14	1	156
9661	5	13	15	15	129	157
9662	5	13	16	16	129	158
9663	5	13	17	17	193	159
9664	5	13	18	18	193	160
9665	5	13	19	19	225	161
9666	5	13	20	20	225	163
9667	5	13	21	21	241	163
9668	5	13	22	22	241	165
9669	5	13	23	23	249	165
9670	5	13	24	24	249	167
9671	5	13	25	25	253	168
9672	5	13	26	26	253	169
9673	5	13	27	27	255	170
9674	5	13	28	28	255	171
9675	5	13	29	29	256	172
9676	5	13	30	30	256	174
9677	5	13	31	31	128	174
9678	5	13	32	32	128	176
9679	5	13	33	33	64	176
9680	5	14	0	0	256	149
9681	5	14	1	1	128	149
9682	5	14	2	2	64	149
9683	5	14	3	3	32	149
9684	5	14	4	4	32	150
9685	5	14	5	5	16	150
9686	5	14	6	6	16	151
9687	5	14	7	7	8	151
9688	5	14	8	8	8	152
9689	5	14	9	9	4	152
9690	5	14	10	10	4	153
9691	5	14	11	11	2	153
9692	5	14	12	12	2	155
9693	5	14	13	13	1	155
9694	5	14	14	14	1	157
9695	5	14	15	15	129	158
9696	5	14	16	16	129	159
9697	5	14	17	17	193	160
9698	5	14	18	18	193	161
9699	5	14	19	19	225	162
9700	5	14	20	20	225	164
9701	5	14	21	21	241	164
9702	5	14	22	22	241	166
9703	5	14	23	23	249	166
9704	5	14	24	24	249	168
9705	5	14	25	25	253	169
9706	5	14	26	26	253	170
9707	5	14	27	27	255	171
9708	5	14	28	28	255	172
9709	5	14	29	29	256	173
9710	5	14	30	30	256	175
9711	5	14	31	31	128	175
9712	5	14	32	32	128	177
9713	5	15	0	0	256	150
9714	5	15	1	1	128	150
9715	5	15	2	2	64	150
9716	5	15	3	3	32	150
9717	5	15	4	4	32	151
9718	5	15	5	5	16	151
9719	5	15	6	6	16	152
9720	5	15	7	7	8	152
9721	5	15	8	8	8	153
9722	5	15	9	9	4	153
9723	5	15	10	10	4	154
9724	5	15	11	11	2	154
9725	5	15	12	12	2	156
9726	5	15	13	13	1	156
9727	5	15	14	14	1	158
9728	5	15	15	15	129	159
9729	5	15	16	16	129	160
9730	5	15	17	17	193	161
9731	5	15	18	18	193	162
9732	5	15	19	19	225	163
9733	5	15	20	20	225	165
9734	5	15	21	21	241	165
9735	5	15	22	22	241	167
9736	5	15	23	23	249	167
9737	5	15	24	24	249	169
9738	5	15	25	25	253	170
9739	5	15	26	26	253	171
9740	5	15	27	27	255	172
9741	5	15	28	28	255	173
9742	5	15	29	29	256	174
9743	5	15	30	30	256	176
9744	5	15	31	31	128	176
9745	5	16	0	0	256	151
9746	5	16	1	1	128	151
9747	5	16	2	2	64	151
9748	5	16	3	3	32	151
9749	5	16	4	4	32	152
9750	5	16	5	5	16	152
9751	5	16	6	6	16	153
9752	5	16	7	7	8	153
9753	5	16	8	8	8	154
9754	5	16	9	9	4	154
9755	5	16	10	10	4	155
9756	5	16	11	11	2	155
9757	5	16	12	12	2	157
9758	5	16	13	13	1	157
9759	5	16	14	14	1	159
9760	5	16	15	15	129	160
9761	5	16	16	16	129	161
9762	5	16	17	17	193	162
9763	5	16	18	18	193	163
9764	5	16	19	19	225	164
9765	5	16	20	20	225	166
9766	5	16	21	21	241	166
9767	5	16	22	22	241	168
9768	5	16	23	23	249	168
9769	5	16	24	24	249	170
9770	5	16	25	25	253	171
9771	5	16	26	26	253	172
9772	5	16	27	27	255	173
9773	5	16	28	28	255	174
9774	5	16	29	29	256	175
9775	5	16	30	30	256	177
9776	5	17	0	0	256	152
9777	5	17	1	1	128	152
9778	5	17	2	2	64	152
9779	5	17	3	3	32	152
9780	5	17	4	4	32	153
9781	5	17	5	5	16	153
9782	5	17	6	6	16	154
9783	5	17	7	7	8	154
9784	5	17	8	8	8	155
9785	5	17	9	9	4	155
9786	5	17	10	10	4	156
9787	5	17	11	11	2	156
9788	5	17	12	12	2	158
9789	5	17	13	13	1	158
9790	5	17	14	14	1	160
9791	5	17	15	15	129	161
9792	5	17	16	16	129	162
9793	5	17	17	17	193	163
9794	5	17	18	18	193	164
9795	5	17	19	19	225	165
9796	5	17	20	20	225	167
9797	5	17	21	21	241	167
9798	5	17	22	22	241	169
9799	5	17	23	23	249	169
9800	5	17	24	24	249	171
9801	5	17	25	25	253	172
9802	5	17	26	26	253	173
9803	5	17	27	27	255	174
9804	5	17	28	28	255	175
9805	5	17	29	29	256	176
9806	5	18	0	0	256	153
9807	5	18	1	1	128	153
9808	5	18	2	2	64	153
9809	5	18	3	3	32	153
9810	5	18	4	4	32	154
9811	5	18	5	5	16	154
9812	5	18	6	6	16	155
9813	5	18	7	7	8	155
9814	5	18	8	8	8	156
9815	5	18	9	9	4	156
9816	5	18	10	10	4	157
9817	5	18	11	11	2	157
9818	5	18	12	12	2	159
9819	5	18	13	13	1	159
9820	5	18	14	14	1	161
9821	5	18	15	15	129	162
9822	5	18	16	16	129	163
9823	5	18	17	17	193	164
9824	5	18	18	18	193	165
9825	5	18	19	19	225	166
9826	5	18	20	20	225	168
9827	5	18	21	21	241	168
9828	5	18	22	22	241	170
9829	5	18	23	23	249	170
9830	5	18	24	24	249	172
9831	5	18	25	25	253	173
9832	5	18	26	26	253	174
9833	5	18	27	27	255	175
9834	5	18	28	28	255	176
9835	5	19	0	0	256	154
9836	5	19	1	1	128	154
9837	5	19	2	2	64	154
9838	5	19	3	3	32	154
9839	5	19	4	4	32	155
9840	5	19	5	5	16	155
9841	5	19	6	6	16	156
9842	5	19	7	7	8	156
9843	5	19	8	8	8	157
9844	5	19	9	9	4	157
9845	5	19	10	10	4	158
9846	5	19	11	11	2	158
9847	5	19	12	12	2	160
9848	5	19	13	13	1	160
9849	5	19	14	14	1	162
9850	5	19	15	15	129	163
9851	5	19	16	16	129	164
9852	5	19	17	17	193	165
9853	5	19	18	18	193	166
9854	5	19	19	19	225	167
9855	5	19	20	20	225	169
9856	5	19	21	21	241	169
9857	5	19	22	22	241	171
9858	5	19	23	23	249	171
9859	5	19	24	24	249	173
9860	5	19	25	25	253	174
9861	5	19	26	26	253	175
9862	5	19	27	27	255	176
9863	5	20	0	0	256	155
9864	5	20	1	1	128	155
9865	5	20	2	2	64	155
9866	5	20	3	3	32	155
9867	5	20	4	4	32	156
9868	5	20	5	5	16	156
9869	5	20	6	6	16	157
9870	5	20	7	7	8	157
9871	5	20	8	8	8	158
9872	5	20	9	9	4	158
9873	5	20	10	10	4	159
9874	5	20	11	11	2	159
9875	5	20	12	12	2	161
9876	5	20	13	13	1	161
9877	5	20	14	14	1	163
9878	5	20	15	15	129	164
9879	5	20	16	16	129	165
9880	5	20	17	17	193	166
9881	5	20	18	18	193	167
9882	5	20	19	19	225	168
9883	5	20	20	20	225	170
9884	5	20	21	21	241	170
9885	5	20	22	22	241	172
9886	5	20	23	23	249	172
9887	5	20	24	24	249	174
9888	5	20	25	25	253	175
9889	5	20	26	26	253	176
9890	5	21	0	0	256	156
9891	5	21	1	1	128	156
9892	5	21	2	2	64	156
9893	5	21	3	3	32	156
9894	5	21	4	4	32	157
9895	5	21	5	5	16	157
9896	5	21	6	6	16	158
9897	5	21	7	7	8	158
9898	5	21	8	8	8	159
9899	5	21	9	9	4	159
9900	5	21	10	10	4	160
9901	5	21	11	11	2	160
9902	5	21	12	12	2	162
9903	5	21	13	13	1	162
9904	5	21	14	14	1	164
9905	5	21	15	15	129	165
9906	5	21	16	16	129	166
9907	5	21	17	17	193	167
9908	5	21	18	18	193	168
9909	5	21	19	19	225	169
9910	5	21	20	20	225	171
9911	5	21	21	21	241	171
9912	5	21	22	22	241	173
9913	5	21	23	23	249	173
9914	5	21	24	24	249	175
9915	5	21	25	25	253	176
9916	5	22	0	0	256	157
9917	5	22	1	1	128	157
9918	5	22	2	2	64	157
9919	5	22	3	3	32	157
9920	5	22	4	4	32	158
9921	5	22	5	5	16	158
9922	5	22	6	6	16	159
9923	5	22	7	7	8	159
9924	5	22	8	8	8	160
9925	5	22	9	9	4	160
9926	5	22	10	10	4	161
9927	5	22	11	11	2	161
9928	5	22	12	12	2	163
9929	5	22	13	13	1	163
9930	5	22	14	14	1	165
9931	5	22	15	15	129	166
9932	5	22	16	16	129	167
9933	5	22	17	17	193	168
9934	5	22	18	18	193	169
9935	5	22	19	19	225	170
9936	5	22	20	20	225	172
9937	5	22	21	21	241	172
9938	5	22	22	22	241	174
9939	5	22	23	23	249	174
9940	5	22	24	24	249	176
9941	5	23	0	0	256	158
9942	5	23	1	1	128	158
9943	5	23	2	2	64	158
9944	5	23	3	3	32	158
9945	5	23	4	4	32	159
9946	5	23	5	5	16	159
9947	5	23	6	6	16	160
9948	5	23	7	7	8	160
9949	5	23	8	8	8	161
9950	5	23	9	9	4	161
9951	5	23	10	10	4	162
9952	5	23	11	11	2	162
9953	5	23	12	12	2	164
9954	5	23	13	13	1	164
9955	5	23	14	14	1	166
9956	5	23	15	15	129	167
9957	5	23	16	16	129	168
9958	5	23	17	17	193	169
9959	5	23	18	18	193	170
9960	5	23	19	19	225	171
9961	5	23	20	20	225	173
9962	5	23	21	21	241	173
9963	5	23	22	22	241	175
9964	5	23	23	23	249	175
9965	5	24	0	0	256	159
9966	5	24	1	1	128	159
9967	5	24	2	2	64	159
9968	5	24	3	3	32	159
9969	5	24	4	4	32	160
9970	5	24	5	5	16	160
9971	5	24	6	6	16	161
9972	5	24	7	7	8	161
9973	5	24	8	8	8	162
9974	5	24	9	9	4	162
9975	5	24	10	10	4	163
9976	5	24	11	11	2	163
9977	5	24	12	12	2	165
9978	5	24	13	13	1	165
9979	5	24	14	14	1	167
9980	5	24	15	15	129	168
9981	5	24	16	16	129	169
9982	5	24	17	17	193	170
9983	5	24	18	18	193	171
9984	5	24	19	19	225	172
9985	5	24	20	20	225	174
9986	5	24	21	21	241	174
9987	5	24	22	22	241	176
9988	5	25	0	0	256	160
9989	5	25	1	1	128	160
9990	5	25	2	2	64	160
9991	5	25	3	3	32	160
9992	5	25	4	4	32	161
9993	5	25	5	5	16	161
9994	5	25	6	6	16	162
9995	5	25	7	7	8	162
9996	5	25	8	8	8	163
9997	5	25	9	9	4	163
9998	5	25	10	10	4	164
9999	5	25	11	11	2	164
10000	5	25	12	12	2	166
10001	5	25	13	13	1	166
10002	5	25	14	14	1	168
10003	5	25	15	15	129	169
10004	5	25	16	16	129	170
10005	5	25	17	17	193	171
10006	5	25	18	18	193	172
10007	5	25	19	19	225	173
10008	5	25	20	20	225	175
10009	5	25	21	21	241	175
10010	5	26	0	0	256	161
10011	5	26	1	1	128	161
10012	5	26	2	2	64	161
10013	5	26	3	3	32	161
10014	5	26	4	4	32	162
10015	5	26	5	5	16	162
10016	5	26	6	6	16	163
10017	5	26	7	7	8	163
10018	5	26	8	8	8	164
10019	5	26	9	9	4	164
10020	5	26	10	10	4	165
10021	5	26	11	11	2	165
10022	5	26	12	12	2	167
10023	5	26	13	13	1	167
10024	5	26	14	14	1	169
10025	5	26	15	15	129	170
10026	5	26	16	16	129	171
10027	5	26	17	17	193	172
10028	5	26	18	18	193	173
10029	5	26	19	19	225	174
10030	5	26	20	20	225	176
10031	5	27	0	0	256	162
10032	5	27	1	1	128	162
10033	5	27	2	2	64	162
10034	5	27	3	3	32	162
10035	5	27	4	4	32	163
10036	5	27	5	5	16	163
10037	5	27	6	6	16	164
10038	5	27	7	7	8	164
10039	5	27	8	8	8	165
10040	5	27	9	9	4	165
10041	5	27	10	10	4	166
10042	5	27	11	11	2	166
10043	5	27	12	12	2	168
10044	5	27	13	13	1	168
10045	5	27	14	14	1	170
10046	5	27	15	15	129	171
10047	5	27	16	16	129	172
10048	5	27	17	17	193	173
10049	5	27	18	18	193	174
10050	5	27	19	19	225	175
10051	5	28	0	0	256	163
10052	5	28	1	1	128	163
10053	5	28	2	2	64	163
10054	5	28	3	3	32	163
10055	5	28	4	4	32	164
10056	5	28	5	5	16	164
10057	5	28	6	6	16	165
10058	5	28	7	7	8	165
10059	5	28	8	8	8	166
10060	5	28	9	9	4	166
10061	5	28	10	10	4	167
10062	5	28	11	11	2	167
10063	5	28	12	12	2	169
10064	5	28	13	13	1	169
10065	5	28	14	14	1	171
10066	5	28	15	15	129	172
10067	5	28	16	16	129	173
10068	5	28	17	17	193	174
10069	5	28	18	18	193	175
10070	5	29	0	0	256	164
10071	5	29	1	1	128	164
10072	5	29	2	2	64	164
10073	5	29	3	3	32	164
10074	5	29	4	4	32	165
10075	5	29	5	5	16	165
10076	5	29	6	6	16	166
10077	5	29	7	7	8	166
10078	5	29	8	8	8	167
10079	5	29	9	9	4	167
10080	5	29	10	10	4	168
10081	5	29	11	11	2	168
10082	5	29	12	12	2	170
10083	5	29	13	13	1	170
10084	5	29	14	14	1	172
10085	5	29	15	15	129	173
10086	5	29	16	16	129	174
10087	5	29	17	17	193	175
10088	5	30	0	0	256	165
10089	5	30	1	1	128	165
10090	5	30	2	2	64	165
10091	5	30	3	3	32	165
10092	5	30	4	4	32	166
10093	5	30	5	5	16	166
10094	5	30	6	6	16	167
10095	5	30	7	7	8	167
10096	5	30	8	8	8	168
10097	5	30	9	9	4	168
10098	5	30	10	10	4	169
10099	5	30	11	11	2	169
10100	5	30	12	12	2	171
10101	5	30	13	13	1	171
10102	5	30	14	14	1	173
10103	5	30	15	15	129	174
10104	5	30	16	16	129	175
10105	5	31	0	0	256	166
10106	5	31	1	1	128	166
10107	5	31	2	2	64	166
10108	5	31	3	3	32	166
10109	5	31	4	4	32	167
10110	5	31	5	5	16	167
10111	5	31	6	6	16	168
10112	5	31	7	7	8	168
10113	5	31	8	8	8	169
10114	5	31	9	9	4	169
10115	5	31	10	10	4	170
10116	5	31	11	11	2	170
10117	5	31	12	12	2	172
10118	5	31	13	13	1	172
10119	5	31	14	14	1	174
10120	5	31	15	15	129	175
10121	5	32	0	0	256	167
10122	5	32	1	1	128	167
10123	5	32	2	2	64	167
10124	5	32	3	3	32	167
10125	5	32	4	4	32	168
10126	5	32	5	5	16	168
10127	5	32	6	6	16	169
10128	5	32	7	7	8	169
10129	5	32	8	8	8	170
10130	5	32	9	9	4	170
10131	5	32	10	10	4	171
10132	5	32	11	11	2	171
10133	5	32	12	12	2	173
10134	5	32	13	13	1	173
10135	5	32	14	14	1	175
10136	5	33	0	0	256	168
10137	5	33	1	1	128	168
10138	5	33	2	2	64	168
10139	5	33	3	3	32	168
10140	5	33	4	4	32	169
10141	5	33	5	5	16	169
10142	5	33	6	6	16	170
10143	5	33	7	7	8	170
10144	5	33	8	8	8	171
10145	5	33	9	9	4	171
10146	5	33	10	10	4	172
10147	5	33	11	11	2	172
10148	5	33	12	12	2	174
10149	5	33	13	13	1	174
10150	5	34	0	0	256	169
10151	5	34	1	1	128	169
10152	5	34	2	2	64	169
10153	5	34	3	3	32	169
10154	5	34	4	4	32	170
10155	5	34	5	5	16	170
10156	5	34	6	6	16	171
10157	5	34	7	7	8	171
10158	5	34	8	8	8	172
10159	5	34	9	9	4	172
10160	5	34	10	10	4	173
10161	5	34	11	11	2	173
10162	5	34	12	12	2	175
10163	5	35	0	0	256	170
10164	5	35	1	1	128	170
10165	5	35	2	2	64	170
10166	5	35	3	3	32	170
10167	5	35	4	4	32	171
10168	5	35	5	5	16	171
10169	5	35	6	6	16	172
10170	5	35	7	7	8	172
10171	5	35	8	8	8	173
10172	5	35	9	9	4	173
10173	5	35	10	10	4	174
10174	5	35	11	11	2	174
10175	5	36	0	0	256	171
10176	5	36	1	1	128	171
10177	5	36	2	2	64	171
10178	5	36	3	3	32	171
10179	5	36	4	4	32	172
10180	5	36	5	5	16	172
10181	5	36	6	6	16	173
10182	5	36	7	7	8	173
10183	5	36	8	8	8	174
10184	5	36	9	9	4	174
10185	5	36	10	10	4	175
10186	5	37	0	0	256	172
10187	5	37	1	1	128	172
10188	5	37	2	2	64	172
10189	5	37	3	3	32	172
10190	5	37	4	4	32	173
10191	5	37	5	5	16	173
10192	5	37	6	6	16	174
10193	5	37	7	7	8	174
10194	5	37	8	8	8	175
10195	5	37	9	9	4	175
10196	5	38	0	0	256	173
10197	5	38	1	1	128	173
10198	5	38	2	2	64	173
10199	5	38	3	3	32	173
10200	5	38	4	4	32	174
10201	5	38	5	5	16	174
10202	5	38	6	6	16	175
10203	5	38	7	7	8	175
10204	5	38	8	8	8	176
10205	5	39	0	0	256	174
10206	5	39	1	1	128	174
10207	5	39	2	2	64	174
10208	5	39	3	3	32	174
10209	5	39	4	4	32	175
10210	5	39	5	5	16	175
10211	5	39	6	6	16	176
10212	5	39	7	7	8	176
10213	5	40	0	0	256	175
10214	5	40	1	1	128	175
10215	5	40	2	2	64	175
10216	5	40	3	3	32	175
10217	5	40	4	4	32	176
10218	5	40	5	5	16	176
10219	5	40	6	6	16	177
10220	5	41	0	0	256	176
10221	5	41	1	1	128	176
10222	5	41	2	2	64	176
10223	5	41	3	3	32	176
10224	5	41	4	4	32	177
10225	5	41	5	5	16	177
10226	5	42	0	0	256	177
10227	5	42	1	1	128	177
10228	5	42	2	2	64	177
10229	5	42	3	3	32	177
10230	5	42	4	4	32	178
10231	5	43	0	0	256	178
10232	5	43	1	1	128	178
10233	5	43	2	2	64	178
10234	5	43	3	3	32	178
10235	5	44	0	0	256	179
10236	5	44	1	1	128	179
10237	5	44	2	2	64	179
10238	5	45	0	0	256	180
10239	5	45	1	1	128	180
10240	5	46	0	0	256	181
10241	6	0	0	47	225	179
10242	6	0	1	48	225	180
10243	6	0	2	49	241	181
10244	6	0	3	50	241	183
10245	6	0	4	51	249	183
10246	6	0	5	52	249	185
10247	6	0	6	53	253	185
10248	6	0	7	54	253	187
10249	6	0	8	55	255	188
10250	6	0	9	56	255	189
10251	6	0	10	57	256	190
10252	6	0	11	58	256	191
10253	6	0	12	59	128	192
10254	6	0	13	60	128	194
10255	6	0	14	61	64	194
10256	6	0	15	62	64	196
10257	6	0	16	63	32	196
10258	6	0	17	64	32	198
10259	6	0	18	65	16	199
10260	6	0	19	66	16	200
10261	6	0	20	67	8	201
10262	6	0	21	68	8	202
10263	6	0	22	69	4	203
10264	6	0	23	70	4	205
10265	6	0	24	71	2	205
10266	6	0	25	72	2	207
10267	6	0	26	73	1	207
10268	6	0	27	74	1	209
10269	6	0	28	75	129	210
10270	6	0	29	76	129	211
10271	6	0	30	77	193	212
10272	6	0	31	78	193	213
10273	6	0	32	79	225	214
10274	6	0	33	80	225	216
10275	6	0	34	81	241	216
10276	6	0	35	82	241	218
10277	6	0	36	83	249	218
10278	6	0	37	84	249	220
10279	6	0	38	85	253	221
10280	6	0	39	86	253	222
10281	6	0	40	87	255	223
10282	6	0	41	88	255	224
10283	6	0	42	89	256	225
10284	6	0	43	90	256	227
10285	6	0	44	91	128	227
10286	6	0	45	92	128	229
10287	6	0	46	93	64	229
10288	6	0	47	94	64	231
10289	6	0	48	95	32	232
10290	6	0	49	96	32	233
10291	6	1	0	46	241	179
10292	6	1	1	47	249	180
10293	6	1	2	48	249	181
10294	6	1	3	49	253	182
10295	6	1	4	50	253	184
10296	6	1	5	51	255	184
10297	6	1	6	52	255	186
10298	6	1	7	53	256	186
10299	6	1	8	54	256	188
10300	6	1	9	55	128	189
10301	6	1	10	56	128	190
10302	6	1	11	57	64	191
10303	6	1	12	58	64	192
10304	6	1	13	59	32	193
10305	6	1	14	60	32	195
10306	6	1	15	61	16	195
10307	6	1	16	62	16	197
10308	6	1	17	63	8	197
10309	6	1	18	64	8	199
10310	6	1	19	65	4	200
10311	6	1	20	66	4	201
10312	6	1	21	67	2	202
10313	6	1	22	68	2	203
10314	6	1	23	69	1	204
10315	6	1	24	70	1	206
10316	6	1	25	71	129	206
10317	6	1	26	72	129	208
10318	6	1	27	73	193	208
10319	6	1	28	74	193	210
10320	6	1	29	75	225	211
10321	6	1	30	76	225	212
10322	6	1	31	77	241	213
10323	6	1	32	78	241	214
10324	6	1	33	79	249	215
10325	6	1	34	80	249	217
10326	6	1	35	81	253	217
10327	6	1	36	82	253	219
10328	6	1	37	83	255	219
10329	6	1	38	84	255	221
10330	6	1	39	85	256	222
10331	6	1	40	86	256	223
10332	6	1	41	87	128	224
10333	6	1	42	88	128	225
10334	6	1	43	89	64	226
10335	6	1	44	90	64	228
10336	6	1	45	91	32	228
10337	6	1	46	92	32	230
10338	6	1	47	93	16	230
10339	6	1	48	94	16	232
10340	6	2	0	45	253	179
10341	6	2	1	46	253	180
10342	6	2	2	47	255	181
10343	6	2	3	48	255	182
10344	6	2	4	49	256	183
10345	6	2	5	50	256	185
10346	6	2	6	51	128	185
10347	6	2	7	52	128	187
10348	6	2	8	53	64	187
10349	6	2	9	54	64	189
10350	6	2	10	55	32	190
10351	6	2	11	56	32	191
10352	6	2	12	57	16	192
10353	6	2	13	58	16	193
10354	6	2	14	59	8	194
10355	6	2	15	60	8	196
10356	6	2	16	61	4	196
10357	6	2	17	62	4	198
10358	6	2	18	63	2	198
10359	6	2	19	64	2	200
10360	6	2	20	65	1	201
10361	6	2	21	66	1	202
10362	6	2	22	67	129	203
10363	6	2	23	68	129	204
10364	6	2	24	69	193	205
10365	6	2	25	70	193	207
10366	6	2	26	71	225	207
10367	6	2	27	72	225	209
10368	6	2	28	73	241	209
10369	6	2	29	74	241	211
10370	6	2	30	75	249	212
10371	6	2	31	76	249	213
10372	6	2	32	77	253	214
10373	6	2	33	78	253	215
10374	6	2	34	79	255	216
10375	6	2	35	80	255	218
10376	6	2	36	81	256	218
10377	6	2	37	82	256	220
10378	6	2	38	83	128	220
10379	6	2	39	84	128	222
10380	6	2	40	85	64	223
10381	6	2	41	86	64	224
10382	6	2	42	87	32	225
10383	6	2	43	88	32	226
10384	6	2	44	89	16	227
10385	6	2	45	90	16	229
10386	6	2	46	91	8	229
10387	6	2	47	92	8	231
10388	6	3	0	44	255	179
10389	6	3	1	45	256	180
10390	6	3	2	46	256	181
10391	6	3	3	47	128	182
10392	6	3	4	48	128	183
10393	6	3	5	49	64	184
10394	6	3	6	50	64	186
10395	6	3	7	51	32	186
10396	6	3	8	52	32	188
10397	6	3	9	53	16	188
10398	6	3	10	54	16	190
10399	6	3	11	55	8	191
10400	6	3	12	56	8	192
10401	6	3	13	57	4	193
10402	6	3	14	58	4	194
10403	6	3	15	59	2	195
10404	6	3	16	60	2	197
10405	6	3	17	61	1	197
10406	6	3	18	62	1	199
10407	6	3	19	63	129	199
10408	6	3	20	64	129	201
10409	6	3	21	65	193	202
10410	6	3	22	66	193	203
10411	6	3	23	67	225	204
10412	6	3	24	68	225	205
10413	6	3	25	69	241	206
10414	6	3	26	70	241	208
10415	6	3	27	71	249	208
10416	6	3	28	72	249	210
10417	6	3	29	73	253	210
10418	6	3	30	74	253	212
10419	6	3	31	75	255	213
10420	6	3	32	76	255	214
10421	6	3	33	77	256	215
10422	6	3	34	78	256	216
10423	6	3	35	79	128	217
10424	6	3	36	80	128	219
10425	6	3	37	81	64	219
10426	6	3	38	82	64	221
10427	6	3	39	83	32	221
10428	6	3	40	84	32	223
10429	6	3	41	85	16	224
10430	6	3	42	86	16	225
10431	6	3	43	87	8	226
10432	6	3	44	88	8	227
10433	6	3	45	89	4	228
10434	6	3	46	90	4	230
10435	6	4	0	43	128	178
10436	6	4	1	44	128	180
10437	6	4	2	45	64	181
10438	6	4	3	46	64	182
10439	6	4	4	47	32	183
10440	6	4	5	48	32	184
10441	6	4	6	49	16	185
10442	6	4	7	50	16	187
10443	6	4	8	51	8	187
10444	6	4	9	52	8	189
10445	6	4	10	53	4	189
10446	6	4	11	54	4	191
10447	6	4	12	55	2	192
10448	6	4	13	56	2	193
10449	6	4	14	57	1	194
10450	6	4	15	58	1	195
10451	6	4	16	59	129	196
10452	6	4	17	60	129	198
10453	6	4	18	61	193	198
10454	6	4	19	62	193	200
10455	6	4	20	63	225	200
10456	6	4	21	64	225	202
10457	6	4	22	65	241	203
10458	6	4	23	66	241	204
10459	6	4	24	67	249	205
10460	6	4	25	68	249	206
10461	6	4	26	69	253	207
10462	6	4	27	70	253	209
10463	6	4	28	71	255	209
10464	6	4	29	72	255	211
10465	6	4	30	73	256	211
10466	6	4	31	74	256	213
10467	6	4	32	75	128	214
10468	6	4	33	76	128	215
10469	6	4	34	77	64	216
10470	6	4	35	78	64	217
10471	6	4	36	79	32	218
10472	6	4	37	80	32	220
10473	6	4	38	81	16	220
10474	6	4	39	82	16	222
10475	6	4	40	83	8	222
10476	6	4	41	84	8	224
10477	6	4	42	85	4	225
10478	6	4	43	86	4	226
10479	6	4	44	87	2	227
10480	6	4	45	88	2	228
10481	6	5	0	42	64	179
10482	6	5	1	43	32	179
10483	6	5	2	44	32	181
10484	6	5	3	45	16	182
10485	6	5	4	46	16	183
10486	6	5	5	47	8	184
10487	6	5	6	48	8	185
10488	6	5	7	49	4	186
10489	6	5	8	50	4	188
10490	6	5	9	51	2	188
10491	6	5	10	52	2	190
10492	6	5	11	53	1	190
10493	6	5	12	54	1	192
10494	6	5	13	55	129	193
10495	6	5	14	56	129	194
10496	6	5	15	57	193	195
10497	6	5	16	58	193	196
10498	6	5	17	59	225	197
10499	6	5	18	60	225	199
10500	6	5	19	61	241	199
10501	6	5	20	62	241	201
10502	6	5	21	63	249	201
10503	6	5	22	64	249	203
10504	6	5	23	65	253	204
10505	6	5	24	66	253	205
10506	6	5	25	67	255	206
10507	6	5	26	68	255	207
10508	6	5	27	69	256	208
10509	6	5	28	70	256	210
10510	6	5	29	71	128	210
10511	6	5	30	72	128	212
10512	6	5	31	73	64	212
10513	6	5	32	74	64	214
10514	6	5	33	75	32	215
10515	6	5	34	76	32	216
10516	6	5	35	77	16	217
10517	6	5	36	78	16	218
10518	6	5	37	79	8	219
10519	6	5	38	80	8	221
10520	6	5	39	81	4	221
10521	6	5	40	82	4	223
10522	6	5	41	83	2	223
10523	6	5	42	84	2	225
10524	6	5	43	85	1	226
10525	6	5	44	86	1	227
10526	6	6	0	41	16	178
10527	6	6	1	42	16	180
10528	6	6	2	43	8	180
10529	6	6	3	44	8	182
10530	6	6	4	45	4	183
10531	6	6	5	46	4	184
10532	6	6	6	47	2	185
10533	6	6	7	48	2	186
10534	6	6	8	49	1	187
10535	6	6	9	50	1	189
10536	6	6	10	51	129	189
10537	6	6	11	52	129	191
10538	6	6	12	53	193	191
10539	6	6	13	54	193	193
10540	6	6	14	55	225	194
10541	6	6	15	56	225	195
10542	6	6	16	57	241	196
10543	6	6	17	58	241	197
10544	6	6	18	59	249	198
10545	6	6	19	60	249	200
10546	6	6	20	61	253	200
10547	6	6	21	62	253	202
10548	6	6	22	63	255	202
10549	6	6	23	64	255	204
10550	6	6	24	65	256	205
10551	6	6	25	66	256	206
10552	6	6	26	67	128	207
10553	6	6	27	68	128	208
10554	6	6	28	69	64	209
10555	6	6	29	70	64	211
10556	6	6	30	71	32	211
10557	6	6	31	72	32	213
10558	6	6	32	73	16	213
10559	6	6	33	74	16	215
10560	6	6	34	75	8	216
10561	6	6	35	76	8	217
10562	6	6	36	77	4	218
10563	6	6	37	78	4	219
10564	6	6	38	79	2	220
10565	6	6	39	80	2	222
10566	6	6	40	81	1	222
10567	6	6	41	82	1	224
10568	6	6	42	83	129	224
10569	6	6	43	84	129	226
10570	6	7	0	40	8	179
10571	6	7	1	41	4	179
10572	6	7	2	42	4	181
10573	6	7	3	43	2	181
10574	6	7	4	44	2	183
10575	6	7	5	45	1	184
10576	6	7	6	46	1	185
10577	6	7	7	47	129	186
10578	6	7	8	48	129	187
10579	6	7	9	49	193	188
10580	6	7	10	50	193	190
10581	6	7	11	51	225	190
10582	6	7	12	52	225	192
10583	6	7	13	53	241	192
10584	6	7	14	54	241	194
10585	6	7	15	55	249	195
10586	6	7	16	56	249	196
10587	6	7	17	57	253	197
10588	6	7	18	58	253	198
10589	6	7	19	59	255	199
10590	6	7	20	60	255	201
10591	6	7	21	61	256	201
10592	6	7	22	62	256	203
10593	6	7	23	63	128	203
10594	6	7	24	64	128	205
10595	6	7	25	65	64	206
10596	6	7	26	66	64	207
10597	6	7	27	67	32	208
10598	6	7	28	68	32	209
10599	6	7	29	69	16	210
10600	6	7	30	70	16	212
10601	6	7	31	71	8	212
10602	6	7	32	72	8	214
10603	6	7	33	73	4	214
10604	6	7	34	74	4	216
10605	6	7	35	75	2	217
10606	6	7	36	76	2	218
10607	6	7	37	77	1	219
10608	6	7	38	78	1	220
10609	6	7	39	79	129	221
10610	6	7	40	80	129	223
10611	6	7	41	81	193	223
10612	6	7	42	82	193	225
10613	6	8	0	39	2	178
10614	6	8	1	40	2	180
10615	6	8	2	41	1	180
10616	6	8	3	42	1	182
10617	6	8	4	43	129	182
10618	6	8	5	44	129	184
10619	6	8	6	45	193	185
10620	6	8	7	46	193	186
10621	6	8	8	47	225	187
10622	6	8	9	48	225	188
10623	6	8	10	49	241	189
10624	6	8	11	50	241	191
10625	6	8	12	51	249	191
10626	6	8	13	52	249	193
10627	6	8	14	53	253	193
10628	6	8	15	54	253	195
10629	6	8	16	55	255	196
10630	6	8	17	56	255	197
10631	6	8	18	57	256	198
10632	6	8	19	58	256	199
10633	6	8	20	59	128	200
10634	6	8	21	60	128	202
10635	6	8	22	61	64	202
10636	6	8	23	62	64	204
10637	6	8	24	63	32	204
10638	6	8	25	64	32	206
10639	6	8	26	65	16	207
10640	6	8	27	66	16	208
10641	6	8	28	67	8	209
10642	6	8	29	68	8	210
10643	6	8	30	69	4	211
10644	6	8	31	70	4	213
10645	6	8	32	71	2	213
10646	6	8	33	72	2	215
10647	6	8	34	73	1	215
10648	6	8	35	74	1	217
10649	6	8	36	75	129	218
10650	6	8	37	76	129	219
10651	6	8	38	77	193	220
10652	6	8	39	78	193	221
10653	6	8	40	79	225	222
10654	6	8	41	80	225	224
10655	6	9	0	38	1	178
10656	6	9	1	39	129	179
10657	6	9	2	40	129	181
10658	6	9	3	41	193	181
10659	6	9	4	42	193	183
10660	6	9	5	43	225	183
10661	6	9	6	44	225	185
10662	6	9	7	45	241	186
10663	6	9	8	46	241	187
10664	6	9	9	47	249	188
10665	6	9	10	48	249	189
10666	6	9	11	49	253	190
10667	6	9	12	50	253	192
10668	6	9	13	51	255	192
10669	6	9	14	52	255	194
10670	6	9	15	53	256	194
10671	6	9	16	54	256	196
10672	6	9	17	55	128	197
10673	6	9	18	56	128	198
10674	6	9	19	57	64	199
10675	6	9	20	58	64	200
10676	6	9	21	59	32	201
10677	6	9	22	60	32	203
10678	6	9	23	61	16	203
10679	6	9	24	62	16	205
10680	6	9	25	63	8	205
10681	6	9	26	64	8	207
10682	6	9	27	65	4	208
10683	6	9	28	66	4	209
10684	6	9	29	67	2	210
10685	6	9	30	68	2	211
10686	6	9	31	69	1	212
10687	6	9	32	70	1	214
10688	6	9	33	71	129	214
10689	6	9	34	72	129	216
10690	6	9	35	73	193	216
10691	6	9	36	74	193	218
10692	6	9	37	75	225	219
10693	6	9	38	76	225	220
10694	6	9	39	77	241	221
10695	6	9	40	78	241	222
10696	6	10	0	37	193	178
10697	6	10	1	38	193	179
10698	6	10	2	39	225	180
10699	6	10	3	40	225	182
10700	6	10	4	41	241	182
10701	6	10	5	42	241	184
10702	6	10	6	43	249	184
10703	6	10	7	44	249	186
10704	6	10	8	45	253	187
10705	6	10	9	46	253	188
10706	6	10	10	47	255	189
10707	6	10	11	48	255	190
10708	6	10	12	49	256	191
10709	6	10	13	50	256	193
10710	6	10	14	51	128	193
10711	6	10	15	52	128	195
10712	6	10	16	53	64	195
10713	6	10	17	54	64	197
10714	6	10	18	55	32	198
10715	6	10	19	56	32	199
10716	6	10	20	57	16	200
10717	6	10	21	58	16	201
10718	6	10	22	59	8	202
10719	6	10	23	60	8	204
10720	6	10	24	61	4	204
10721	6	10	25	62	4	206
10722	6	10	26	63	2	206
10723	6	10	27	64	2	208
10724	6	10	28	65	1	209
10725	6	10	29	66	1	210
10726	6	10	30	67	129	211
10727	6	10	31	68	129	212
10728	6	10	32	69	193	213
10729	6	10	33	70	193	215
10730	6	10	34	71	225	215
10731	6	10	35	72	225	217
10732	6	10	36	73	241	217
10733	6	10	37	74	241	219
10734	6	10	38	75	249	220
10735	6	10	39	76	249	221
10736	6	11	0	36	225	178
10737	6	11	1	37	241	179
10738	6	11	2	38	241	180
10739	6	11	3	39	249	181
10740	6	11	4	40	249	183
10741	6	11	5	41	253	183
10742	6	11	6	42	253	185
10743	6	11	7	43	255	185
10744	6	11	8	44	255	187
10745	6	11	9	45	256	188
10746	6	11	10	46	256	189
10747	6	11	11	47	128	190
10748	6	11	12	48	128	191
10749	6	11	13	49	64	192
10750	6	11	14	50	64	194
10751	6	11	15	51	32	194
10752	6	11	16	52	32	196
10753	6	11	17	53	16	196
10754	6	11	18	54	16	198
10755	6	11	19	55	8	199
10756	6	11	20	56	8	200
10757	6	11	21	57	4	201
10758	6	11	22	58	4	202
10759	6	11	23	59	2	203
10760	6	11	24	60	2	205
10761	6	11	25	61	1	205
10762	6	11	26	62	1	207
10763	6	11	27	63	129	207
10764	6	11	28	64	129	209
10765	6	11	29	65	193	210
10766	6	11	30	66	193	211
10767	6	11	31	67	225	212
10768	6	11	32	68	225	213
10769	6	11	33	69	241	214
10770	6	11	34	70	241	216
10771	6	11	35	71	249	216
10772	6	11	36	72	249	218
10773	6	11	37	73	253	218
10774	6	11	38	74	253	220
10775	6	12	0	35	249	178
10776	6	12	1	36	249	179
10777	6	12	2	37	253	180
10778	6	12	3	38	253	181
10779	6	12	4	39	255	182
10780	6	12	5	40	255	184
10781	6	12	6	41	256	184
10782	6	12	7	42	256	186
10783	6	12	8	43	128	186
10784	6	12	9	44	128	188
10785	6	12	10	45	64	189
10786	6	12	11	46	64	190
10787	6	12	12	47	32	191
10788	6	12	13	48	32	192
10789	6	12	14	49	16	193
10790	6	12	15	50	16	195
10791	6	12	16	51	8	195
10792	6	12	17	52	8	197
10793	6	12	18	53	4	197
10794	6	12	19	54	4	199
10795	6	12	20	55	2	200
10796	6	12	21	56	2	201
10797	6	12	22	57	1	202
10798	6	12	23	58	1	203
10799	6	12	24	59	129	204
10800	6	12	25	60	129	206
10801	6	12	26	61	193	206
10802	6	12	27	62	193	208
10803	6	12	28	63	225	208
10804	6	12	29	64	225	210
10805	6	12	30	65	241	211
10806	6	12	31	66	241	212
10807	6	12	32	67	249	213
10808	6	12	33	68	249	214
10809	6	12	34	69	253	215
10810	6	12	35	70	253	217
10811	6	12	36	71	255	217
10812	6	12	37	72	255	219
10813	6	13	0	34	253	178
10814	6	13	1	35	255	179
10815	6	13	2	36	255	180
10816	6	13	3	37	256	181
10817	6	13	4	38	256	182
10818	6	13	5	39	128	183
10819	6	13	6	40	128	185
10820	6	13	7	41	64	185
10821	6	13	8	42	64	187
10822	6	13	9	43	32	187
10823	6	13	10	44	32	189
10824	6	13	11	45	16	190
10825	6	13	12	46	16	191
10826	6	13	13	47	8	192
10827	6	13	14	48	8	193
10828	6	13	15	49	4	194
10829	6	13	16	50	4	196
10830	6	13	17	51	2	196
10831	6	13	18	52	2	198
10832	6	13	19	53	1	198
10833	6	13	20	54	1	200
10834	6	13	21	55	129	201
10835	6	13	22	56	129	202
10836	6	13	23	57	193	203
10837	6	13	24	58	193	204
10838	6	13	25	59	225	205
10839	6	13	26	60	225	207
10840	6	13	27	61	241	207
10841	6	13	28	62	241	209
10842	6	13	29	63	249	209
10843	6	13	30	64	249	211
10844	6	13	31	65	253	212
10845	6	13	32	66	253	213
10846	6	13	33	67	255	214
10847	6	13	34	68	255	215
10848	6	13	35	69	256	216
10849	6	13	36	70	256	218
10850	6	14	0	33	256	177
10851	6	14	1	34	256	179
10852	6	14	2	35	128	180
10853	6	14	3	36	128	181
10854	6	14	4	37	64	182
10855	6	14	5	38	64	183
10856	6	14	6	39	32	184
10857	6	14	7	40	32	186
10858	6	14	8	41	16	186
10859	6	14	9	42	16	188
10860	6	14	10	43	8	188
10861	6	14	11	44	8	190
10862	6	14	12	45	4	191
10863	6	14	13	46	4	192
10864	6	14	14	47	2	193
10865	6	14	15	48	2	194
10866	6	14	16	49	1	195
10867	6	14	17	50	1	197
10868	6	14	18	51	129	197
10869	6	14	19	52	129	199
10870	6	14	20	53	193	199
10871	6	14	21	54	193	201
10872	6	14	22	55	225	202
10873	6	14	23	56	225	203
10874	6	14	24	57	241	204
10875	6	14	25	58	241	205
10876	6	14	26	59	249	206
10877	6	14	27	60	249	208
10878	6	14	28	61	253	208
10879	6	14	29	62	253	210
10880	6	14	30	63	255	210
10881	6	14	31	64	255	212
10882	6	14	32	65	256	213
10883	6	14	33	66	256	214
10884	6	14	34	67	128	215
10885	6	14	35	68	128	216
10886	6	15	0	32	128	178
10887	6	15	1	33	64	178
10888	6	15	2	34	64	180
10889	6	15	3	35	32	181
10890	6	15	4	36	32	182
10891	6	15	5	37	16	183
10892	6	15	6	38	16	184
10893	6	15	7	39	8	185
10894	6	15	8	40	8	187
10895	6	15	9	41	4	187
10896	6	15	10	42	4	189
10897	6	15	11	43	2	189
10898	6	15	12	44	2	191
10899	6	15	13	45	1	192
10900	6	15	14	46	1	193
10901	6	15	15	47	129	194
10902	6	15	16	48	129	195
10903	6	15	17	49	193	196
10904	6	15	18	50	193	198
10905	6	15	19	51	225	198
10906	6	15	20	52	225	200
10907	6	15	21	53	241	200
10908	6	15	22	54	241	202
10909	6	15	23	55	249	203
10910	6	15	24	56	249	204
10911	6	15	25	57	253	205
10912	6	15	26	58	253	206
10913	6	15	27	59	255	207
10914	6	15	28	60	255	209
10915	6	15	29	61	256	209
10916	6	15	30	62	256	211
10917	6	15	31	63	128	211
10918	6	15	32	64	128	213
10919	6	15	33	65	64	214
10920	6	15	34	66	64	215
10921	6	16	0	31	32	177
10922	6	16	1	32	32	179
10923	6	16	2	33	16	179
10924	6	16	3	34	16	181
10925	6	16	4	35	8	182
10926	6	16	5	36	8	183
10927	6	16	6	37	4	184
10928	6	16	7	38	4	185
10929	6	16	8	39	2	186
10930	6	16	9	40	2	188
10931	6	16	10	41	1	188
10932	6	16	11	42	1	190
10933	6	16	12	43	129	190
10934	6	16	13	44	129	192
10935	6	16	14	45	193	193
10936	6	16	15	46	193	194
10937	6	16	16	47	225	195
10938	6	16	17	48	225	196
10939	6	16	18	49	241	197
10940	6	16	19	50	241	199
10941	6	16	20	51	249	199
10942	6	16	21	52	249	201
10943	6	16	22	53	253	201
10944	6	16	23	54	253	203
10945	6	16	24	55	255	204
10946	6	16	25	56	255	205
10947	6	16	26	57	256	206
10948	6	16	27	58	256	207
10949	6	16	28	59	128	208
10950	6	16	29	60	128	210
10951	6	16	30	61	64	210
10952	6	16	31	62	64	212
10953	6	16	32	63	32	212
10954	6	16	33	64	32	214
10955	6	17	0	30	16	178
10956	6	17	1	31	8	178
10957	6	17	2	32	8	180
10958	6	17	3	33	4	180
10959	6	17	4	34	4	182
10960	6	17	5	35	2	183
10961	6	17	6	36	2	184
10962	6	17	7	37	1	185
10963	6	17	8	38	1	186
10964	6	17	9	39	129	187
10965	6	17	10	40	129	189
10966	6	17	11	41	193	189
10967	6	17	12	42	193	191
10968	6	17	13	43	225	191
10969	6	17	14	44	225	193
10970	6	17	15	45	241	194
10971	6	17	16	46	241	195
10972	6	17	17	47	249	196
10973	6	17	18	48	249	197
10974	6	17	19	49	253	198
10975	6	17	20	50	253	200
10976	6	17	21	51	255	200
10977	6	17	22	52	255	202
10978	6	17	23	53	256	202
10979	6	17	24	54	256	204
10980	6	17	25	55	128	205
10981	6	17	26	56	128	206
10982	6	17	27	57	64	207
10983	6	17	28	58	64	208
10984	6	17	29	59	32	209
10985	6	17	30	60	32	211
10986	6	17	31	61	16	211
10987	6	17	32	62	16	213
10988	6	18	0	29	4	177
10989	6	18	1	30	4	179
10990	6	18	2	31	2	179
10991	6	18	3	32	2	181
10992	6	18	4	33	1	181
10993	6	18	5	34	1	183
10994	6	18	6	35	129	184
10995	6	18	7	36	129	185
10996	6	18	8	37	193	186
10997	6	18	9	38	193	187
10998	6	18	10	39	225	188
10999	6	18	11	40	225	190
11000	6	18	12	41	241	190
11001	6	18	13	42	241	192
11002	6	18	14	43	249	192
11003	6	18	15	44	249	194
11004	6	18	16	45	253	195
11005	6	18	17	46	253	196
11006	6	18	18	47	255	197
11007	6	18	19	48	255	198
11008	6	18	20	49	256	199
11009	6	18	21	50	256	201
11010	6	18	22	51	128	201
11011	6	18	23	52	128	203
11012	6	18	24	53	64	203
11013	6	18	25	54	64	205
11014	6	18	26	55	32	206
11015	6	18	27	56	32	207
11016	6	18	28	57	16	208
11017	6	18	29	58	16	209
11018	6	18	30	59	8	210
11019	6	18	31	60	8	212
11020	6	19	0	28	2	177
11021	6	19	1	29	1	178
11022	6	19	2	30	1	180
11023	6	19	3	31	129	180
11024	6	19	4	32	129	182
11025	6	19	5	33	193	182
11026	6	19	6	34	193	184
11027	6	19	7	35	225	185
11028	6	19	8	36	225	186
11029	6	19	9	37	241	187
11030	6	19	10	38	241	188
11031	6	19	11	39	249	189
11032	6	19	12	40	249	191
11033	6	19	13	41	253	191
11034	6	19	14	42	253	193
11035	6	19	15	43	255	193
11036	6	19	16	44	255	195
11037	6	19	17	45	256	196
11038	6	19	18	46	256	197
11039	6	19	19	47	128	198
11040	6	19	20	48	128	199
11041	6	19	21	49	64	200
11042	6	19	22	50	64	202
11043	6	19	23	51	32	202
11044	6	19	24	52	32	204
11045	6	19	25	53	16	204
11046	6	19	26	54	16	206
11047	6	19	27	55	8	207
11048	6	19	28	56	8	208
11049	6	19	29	57	4	209
11050	6	19	30	58	4	210
11051	6	20	0	27	129	177
11052	6	20	1	28	129	178
11053	6	20	2	29	193	179
11054	6	20	3	30	193	181
11055	6	20	4	31	225	181
11056	6	20	5	32	225	183
11057	6	20	6	33	241	183
11058	6	20	7	34	241	185
11059	6	20	8	35	249	186
11060	6	20	9	36	249	187
11061	6	20	10	37	253	188
11062	6	20	11	38	253	189
11063	6	20	12	39	255	190
11064	6	20	13	40	255	192
11065	6	20	14	41	256	192
11066	6	20	15	42	256	194
11067	6	20	16	43	128	194
11068	6	20	17	44	128	196
11069	6	20	18	45	64	197
11070	6	20	19	46	64	198
11071	6	20	20	47	32	199
11072	6	20	21	48	32	200
11073	6	20	22	49	16	201
11074	6	20	23	50	16	203
11075	6	20	24	51	8	203
11076	6	20	25	52	8	205
11077	6	20	26	53	4	205
11078	6	20	27	54	4	207
11079	6	20	28	55	2	208
11080	6	20	29	56	2	209
11081	6	21	0	26	193	177
11082	6	21	1	27	225	178
11083	6	21	2	28	225	179
11084	6	21	3	29	241	180
11085	6	21	4	30	241	182
11086	6	21	5	31	249	182
11087	6	21	6	32	249	184
11088	6	21	7	33	253	184
11089	6	21	8	34	253	186
11090	6	21	9	35	255	187
11091	6	21	10	36	255	188
11092	6	21	11	37	256	189
11093	6	21	12	38	256	190
11094	6	21	13	39	128	191
11095	6	21	14	40	128	193
11096	6	21	15	41	64	193
11097	6	21	16	42	64	195
11098	6	21	17	43	32	195
11099	6	21	18	44	32	197
11100	6	21	19	45	16	198
11101	6	21	20	46	16	199
11102	6	21	21	47	8	200
11103	6	21	22	48	8	201
11104	6	21	23	49	4	202
11105	6	21	24	50	4	204
11106	6	21	25	51	2	204
11107	6	21	26	52	2	206
11108	6	21	27	53	1	206
11109	6	21	28	54	1	208
11110	6	22	0	25	241	177
11111	6	22	1	26	241	178
11112	6	22	2	27	249	179
11113	6	22	3	28	249	180
11114	6	22	4	29	253	181
11115	6	22	5	30	253	183
11116	6	22	6	31	255	183
11117	6	22	7	32	255	185
11118	6	22	8	33	256	185
11119	6	22	9	34	256	187
11120	6	22	10	35	128	188
11121	6	22	11	36	128	189
11122	6	22	12	37	64	190
11123	6	22	13	38	64	191
11124	6	22	14	39	32	192
11125	6	22	15	40	32	194
11126	6	22	16	41	16	194
11127	6	22	17	42	16	196
11128	6	22	18	43	8	196
11129	6	22	19	44	8	198
11130	6	22	20	45	4	199
11131	6	22	21	46	4	200
11132	6	22	22	47	2	201
11133	6	22	23	48	2	202
11134	6	22	24	49	1	203
11135	6	22	25	50	1	205
11136	6	22	26	51	129	205
11137	6	22	27	52	129	207
11138	6	23	0	24	249	177
11139	6	23	1	25	253	178
11140	6	23	2	26	253	179
11141	6	23	3	27	255	180
11142	6	23	4	28	255	181
11143	6	23	5	29	256	182
11144	6	23	6	30	256	184
11145	6	23	7	31	128	184
11146	6	23	8	32	128	186
11147	6	23	9	33	64	186
11148	6	23	10	34	64	188
11149	6	23	11	35	32	189
11150	6	23	12	36	32	190
11151	6	23	13	37	16	191
11152	6	23	14	38	16	192
11153	6	23	15	39	8	193
11154	6	23	16	40	8	195
11155	6	23	17	41	4	195
11156	6	23	18	42	4	197
11157	6	23	19	43	2	197
11158	6	23	20	44	2	199
11159	6	23	21	45	1	200
11160	6	23	22	46	1	201
11161	6	23	23	47	129	202
11162	6	23	24	48	129	203
11163	6	23	25	49	193	204
11164	6	23	26	50	193	206
11165	6	24	0	23	255	176
11166	6	24	1	24	255	178
11167	6	24	2	25	256	179
11168	6	24	3	26	256	180
11169	6	24	4	27	128	181
11170	6	24	5	28	128	182
11171	6	24	6	29	64	183
11172	6	24	7	30	64	185
11173	6	24	8	31	32	185
11174	6	24	9	32	32	187
11175	6	24	10	33	16	187
11176	6	24	11	34	16	189
11177	6	24	12	35	8	190
11178	6	24	13	36	8	191
11179	6	24	14	37	4	192
11180	6	24	15	38	4	193
11181	6	24	16	39	2	194
11182	6	24	17	40	2	196
11183	6	24	18	41	1	196
11184	6	24	19	42	1	198
11185	6	24	20	43	129	198
11186	6	24	21	44	129	200
11187	6	24	22	45	193	201
11188	6	24	23	46	193	202
11189	6	24	24	47	225	203
11190	6	24	25	48	225	204
11191	6	25	0	22	256	177
11192	6	25	1	23	128	177
11193	6	25	2	24	128	179
11194	6	25	3	25	64	180
11195	6	25	4	26	64	181
11196	6	25	5	27	32	182
11197	6	25	6	28	32	183
11198	6	25	7	29	16	184
11199	6	25	8	30	16	186
11200	6	25	9	31	8	186
11201	6	25	10	32	8	188
11202	6	25	11	33	4	188
11203	6	25	12	34	4	190
11204	6	25	13	35	2	191
11205	6	25	14	36	2	192
11206	6	25	15	37	1	193
11207	6	25	16	38	1	194
11208	6	25	17	39	129	195
11209	6	25	18	40	129	197
11210	6	25	19	41	193	197
11211	6	25	20	42	193	199
11212	6	25	21	43	225	199
11213	6	25	22	44	225	201
11214	6	25	23	45	241	202
11215	6	25	24	46	241	203
11216	6	26	0	21	64	176
11217	6	26	1	22	64	178
11218	6	26	2	23	32	178
11219	6	26	3	24	32	180
11220	6	26	4	25	16	181
11221	6	26	5	26	16	182
11222	6	26	6	27	8	183
11223	6	26	7	28	8	184
11224	6	26	8	29	4	185
11225	6	26	9	30	4	187
11226	6	26	10	31	2	187
11227	6	26	11	32	2	189
11228	6	26	12	33	1	189
11229	6	26	13	34	1	191
11230	6	26	14	35	129	192
11231	6	26	15	36	129	193
11232	6	26	16	37	193	194
11233	6	26	17	38	193	195
11234	6	26	18	39	225	196
11235	6	26	19	40	225	198
11236	6	26	20	41	241	198
11237	6	26	21	42	241	200
11238	6	26	22	43	249	200
11239	6	26	23	44	249	202
11240	6	27	0	20	32	177
11241	6	27	1	21	16	177
11242	6	27	2	22	16	179
11243	6	27	3	23	8	179
11244	6	27	4	24	8	181
11245	6	27	5	25	4	182
11246	6	27	6	26	4	183
11247	6	27	7	27	2	184
11248	6	27	8	28	2	185
11249	6	27	9	29	1	186
11250	6	27	10	30	1	188
11251	6	27	11	31	129	188
11252	6	27	12	32	129	190
11253	6	27	13	33	193	190
11254	6	27	14	34	193	192
11255	6	27	15	35	225	193
11256	6	27	16	36	225	194
11257	6	27	17	37	241	195
11258	6	27	18	38	241	196
11259	6	27	19	39	249	197
11260	6	27	20	40	249	199
11261	6	27	21	41	253	199
11262	6	27	22	42	253	201
11263	6	28	0	19	8	176
11264	6	28	1	20	8	178
11265	6	28	2	21	4	178
11266	6	28	3	22	4	180
11267	6	28	4	23	2	180
11268	6	28	5	24	2	182
11269	6	28	6	25	1	183
11270	6	28	7	26	1	184
11271	6	28	8	27	129	185
11272	6	28	9	28	129	186
11273	6	28	10	29	193	187
11274	6	28	11	30	193	189
11275	6	28	12	31	225	189
11276	6	28	13	32	225	191
11277	6	28	14	33	241	191
11278	6	28	15	34	241	193
11279	6	28	16	35	249	194
11280	6	28	17	36	249	195
11281	6	28	18	37	253	196
11282	6	28	19	38	253	197
11283	6	28	20	39	255	198
11284	6	28	21	40	255	200
11285	6	29	0	18	4	176
11286	6	29	1	19	2	177
11287	6	29	2	20	2	179
11288	6	29	3	21	1	179
11289	6	29	4	22	1	181
11290	6	29	5	23	129	181
11291	6	29	6	24	129	183
11292	6	29	7	25	193	184
11293	6	29	8	26	193	185
11294	6	29	9	27	225	186
11295	6	29	10	28	225	187
11296	6	29	11	29	241	188
11297	6	29	12	30	241	190
11298	6	29	13	31	249	190
11299	6	29	14	32	249	192
11300	6	29	15	33	253	192
11301	6	29	16	34	253	194
11302	6	29	17	35	255	195
11303	6	29	18	36	255	196
11304	6	29	19	37	256	197
11305	6	29	20	38	256	198
11306	6	30	0	17	1	176
11307	6	30	1	18	1	177
11308	6	30	2	19	129	178
11309	6	30	3	20	129	180
11310	6	30	4	21	193	180
11311	6	30	5	22	193	182
11312	6	30	6	23	225	182
11313	6	30	7	24	225	184
11314	6	30	8	25	241	185
11315	6	30	9	26	241	186
11316	6	30	10	27	249	187
11317	6	30	11	28	249	188
11318	6	30	12	29	253	189
11319	6	30	13	30	253	191
11320	6	30	14	31	255	191
11321	6	30	15	32	255	193
11322	6	30	16	33	256	193
11323	6	30	17	34	256	195
11324	6	30	18	35	128	196
11325	6	30	19	36	128	197
11326	6	31	0	16	129	176
11327	6	31	1	17	193	177
11328	6	31	2	18	193	178
11329	6	31	3	19	225	179
11330	6	31	4	20	225	181
11331	6	31	5	21	241	181
11332	6	31	6	22	241	183
11333	6	31	7	23	249	183
11334	6	31	8	24	249	185
11335	6	31	9	25	253	186
11336	6	31	10	26	253	187
11337	6	31	11	27	255	188
11338	6	31	12	28	255	189
11339	6	31	13	29	256	190
11340	6	31	14	30	256	192
11341	6	31	15	31	128	192
11342	6	31	16	32	128	194
11343	6	31	17	33	64	194
11344	6	31	18	34	64	196
11345	6	32	0	15	225	176
11346	6	32	1	16	225	177
11347	6	32	2	17	241	178
11348	6	32	3	18	241	179
11349	6	32	4	19	249	180
11350	6	32	5	20	249	182
11351	6	32	6	21	253	182
11352	6	32	7	22	253	184
11353	6	32	8	23	255	184
11354	6	32	9	24	255	186
11355	6	32	10	25	256	187
11356	6	32	11	26	256	188
11357	6	32	12	27	128	189
11358	6	32	13	28	128	190
11359	6	32	14	29	64	191
11360	6	32	15	30	64	193
11361	6	32	16	31	32	193
11362	6	32	17	32	32	195
11363	6	33	0	14	241	176
11364	6	33	1	15	249	177
11365	6	33	2	16	249	178
11366	6	33	3	17	253	179
11367	6	33	4	18	253	180
11368	6	33	5	19	255	181
11369	6	33	6	20	255	183
11370	6	33	7	21	256	183
11371	6	33	8	22	256	185
11372	6	33	9	23	128	185
11373	6	33	10	24	128	187
11374	6	33	11	25	64	188
11375	6	33	12	26	64	189
11376	6	33	13	27	32	190
11377	6	33	14	28	32	191
11378	6	33	15	29	16	192
11379	6	33	16	30	16	194
11380	6	34	0	13	253	175
11381	6	34	1	14	253	177
11382	6	34	2	15	255	178
11383	6	34	3	16	255	179
11384	6	34	4	17	256	180
11385	6	34	5	18	256	181
11386	6	34	6	19	128	182
11387	6	34	7	20	128	184
11388	6	34	8	21	64	184
11389	6	34	9	22	64	186
11390	6	34	10	23	32	186
11391	6	34	11	24	32	188
11392	6	34	12	25	16	189
11393	6	34	13	26	16	190
11394	6	34	14	27	8	191
11395	6	34	15	28	8	192
11396	6	35	0	12	255	176
11397	6	35	1	13	256	176
11398	6	35	2	14	256	178
11399	6	35	3	15	128	179
11400	6	35	4	16	128	180
11401	6	35	5	17	64	181
11402	6	35	6	18	64	182
11403	6	35	7	19	32	183
11404	6	35	8	20	32	185
11405	6	35	9	21	16	185
11406	6	35	10	22	16	187
11407	6	35	11	23	8	187
11408	6	35	12	24	8	189
11409	6	35	13	25	4	190
11410	6	35	14	26	4	191
11411	6	36	0	11	128	175
11412	6	36	1	12	128	177
11413	6	36	2	13	64	177
11414	6	36	3	14	64	179
11415	6	36	4	15	32	180
11416	6	36	5	16	32	181
11417	6	36	6	17	16	182
11418	6	36	7	18	16	183
11419	6	36	8	19	8	184
11420	6	36	9	20	8	186
11421	6	36	10	21	4	186
11422	6	36	11	22	4	188
11423	6	36	12	23	2	188
11424	6	36	13	24	2	190
11425	6	37	0	10	64	176
11426	6	37	1	11	32	176
11427	6	37	2	12	32	178
11428	6	37	3	13	16	178
11429	6	37	4	14	16	180
11430	6	37	5	15	8	181
11431	6	37	6	16	8	182
11432	6	37	7	17	4	183
11433	6	37	8	18	4	184
11434	6	37	9	19	2	185
11435	6	37	10	20	2	187
11436	6	37	11	21	1	187
11437	6	37	12	22	1	189
11438	6	38	0	9	16	176
11439	6	38	1	10	16	177
11440	6	38	2	11	8	177
11441	6	38	3	12	8	179
11442	6	38	4	13	4	179
11443	6	38	5	14	4	181
11444	6	38	6	15	2	182
11445	6	38	7	16	2	183
11446	6	38	8	17	1	184
11447	6	38	9	18	1	185
11448	6	38	10	19	129	186
11449	6	38	11	20	129	188
11450	6	39	0	8	8	177
11451	6	39	1	9	4	177
11452	6	39	2	10	4	178
11453	6	39	3	11	2	178
11454	6	39	4	12	2	180
11455	6	39	5	13	1	180
11456	6	39	6	14	1	182
11457	6	39	7	15	129	183
11458	6	39	8	16	129	184
11459	6	39	9	17	193	185
11460	6	39	10	18	193	186
11461	6	40	0	7	2	177
11462	6	40	1	8	2	178
11463	6	40	2	9	1	178
11464	6	40	3	10	1	179
11465	6	40	4	11	129	179
11466	6	40	5	12	129	181
11467	6	40	6	13	193	181
11468	6	40	7	14	193	183
11469	6	40	8	15	225	184
11470	6	40	9	16	225	185
11471	6	41	0	6	1	178
11472	6	41	1	7	129	178
11473	6	41	2	8	129	179
11474	6	41	3	9	193	179
11475	6	41	4	10	193	180
11476	6	41	5	11	225	180
11477	6	41	6	12	225	182
11478	6	41	7	13	241	182
11479	6	41	8	14	241	184
11480	6	42	0	5	193	178
11481	6	42	1	6	193	179
11482	6	42	2	7	225	179
11483	6	42	3	8	225	180
11484	6	42	4	9	241	180
11485	6	42	5	10	241	181
11486	6	42	6	11	249	181
11487	6	42	7	12	249	183
11488	6	43	0	4	225	179
11489	6	43	1	5	241	179
11490	6	43	2	6	241	180
11491	6	43	3	7	249	180
11492	6	43	4	8	249	181
11493	6	43	5	9	253	181
11494	6	43	6	10	253	182
11495	6	44	0	3	249	179
11496	6	44	1	4	249	180
11497	6	44	2	5	253	180
11498	6	44	3	6	253	181
11499	6	44	4	7	255	181
11500	6	44	5	8	255	182
11501	6	45	0	2	253	180
11502	6	45	1	3	255	180
11503	6	45	2	4	255	181
11504	6	45	3	5	256	181
11505	6	45	4	6	256	182
11506	6	46	0	1	255	181
11507	6	46	1	2	256	181
11508	6	46	2	3	128	181
11509	6	46	3	4	128	182
11510	6	47	0	0	256	182
11511	6	47	1	1	128	182
11512	6	47	2	2	64	182
11513	6	48	0	0	256	183
11514	6	48	1	1	128	183
11515	6	49	0	0	256	184
11516	7	0	0	97	171	234
11517	7	0	1	98	171	235
11518	7	0	2	99	214	236
11519	7	0	3	100	214	238
11520	7	0	4	101	107	238
11521	7	0	5	102	107	240
11522	7	0	6	103	182	240
11523	7	0	7	104	182	242
11524	7	0	8	105	91	243
11525	7	0	9	106	91	244
11526	7	0	10	107	174	245
11527	7	0	11	108	174	246
11528	7	0	12	109	87	247
11529	7	0	13	110	87	249
11530	7	0	14	111	172	249
11531	7	0	15	112	172	251
11532	7	0	16	113	86	251
11533	7	0	17	114	86	253
11534	7	0	18	115	43	254
11535	7	0	19	116	43	255
11536	7	0	20	117	150	256
11537	7	0	21	118	150	257
11538	7	0	22	119	75	258
11539	7	0	23	120	75	260
11540	7	0	24	121	166	260
11541	7	0	25	122	166	262
11542	7	0	26	123	83	262
11543	7	0	27	124	83	264
11544	7	0	28	125	170	265
11545	7	0	29	126	170	266
11546	7	0	30	127	85	267
11547	7	0	31	128	85	268
11548	7	0	32	129	171	269
11549	7	0	33	130	171	271
11550	7	0	34	131	214	271
11551	7	0	35	132	214	273
11552	7	0	36	133	107	273
11553	7	0	37	134	107	275
11554	7	0	38	135	182	276
11555	7	0	39	136	182	277
11556	7	0	40	137	91	278
11557	7	0	41	138	91	279
11558	7	1	0	95	157	233
11559	7	1	1	96	157	234
11560	7	1	2	97	207	235
11561	7	1	3	98	207	236
11562	7	1	4	99	232	237
11563	7	1	5	100	232	239
11564	7	1	6	101	116	239
11565	7	1	7	102	116	241
11566	7	1	8	103	58	241
11567	7	1	9	104	58	243
11568	7	1	10	105	29	244
11569	7	1	11	106	29	245
11570	7	1	12	107	143	246
11571	7	1	13	108	143	247
11572	7	1	14	109	200	248
11573	7	1	15	110	200	250
11574	7	1	16	111	100	250
11575	7	1	17	112	100	252
11576	7	1	18	113	50	252
11577	7	1	19	114	50	254
11578	7	1	20	115	25	255
11579	7	1	21	116	25	256
11580	7	1	22	117	141	257
11581	7	1	23	118	141	258
11582	7	1	24	119	199	259
11583	7	1	25	120	199	261
11584	7	1	26	121	228	261
11585	7	1	27	122	228	263
11586	7	1	28	123	114	263
11587	7	1	29	124	114	265
11588	7	1	30	125	57	266
11589	7	1	31	126	57	267
11590	7	1	32	127	157	268
11591	7	1	33	128	157	269
11592	7	1	34	129	207	270
11593	7	1	35	130	207	272
11594	7	1	36	131	232	272
11595	7	1	37	132	232	274
11596	7	1	38	133	116	274
11597	7	1	39	134	116	276
11598	7	1	40	135	58	277
11599	7	2	0	93	69	231
11600	7	2	1	94	69	233
11601	7	2	2	95	163	234
11602	7	2	3	96	163	235
11603	7	2	4	97	210	236
11604	7	2	5	98	210	237
11605	7	2	6	99	105	238
11606	7	2	7	100	105	240
11607	7	2	8	101	181	240
11608	7	2	9	102	181	242
11609	7	2	10	103	219	242
11610	7	2	11	104	219	244
11611	7	2	12	105	238	245
11612	7	2	13	106	238	246
11613	7	2	14	107	119	247
11614	7	2	15	108	119	248
11615	7	2	16	109	188	249
11616	7	2	17	110	188	251
11617	7	2	18	111	94	251
11618	7	2	19	112	94	253
11619	7	2	20	113	47	253
11620	7	2	21	114	47	255
11621	7	2	22	115	152	256
11622	7	2	23	116	152	257
11623	7	2	24	117	76	258
11624	7	2	25	118	76	259
11625	7	2	26	119	38	260
11626	7	2	27	120	38	262
11627	7	2	28	121	19	262
11628	7	2	29	122	19	264
11629	7	2	30	123	138	264
11630	7	2	31	124	138	266
11631	7	2	32	125	69	267
11632	7	2	33	126	69	268
11633	7	2	34	127	163	269
11634	7	2	35	128	163	270
11635	7	2	36	129	210	271
11636	7	2	37	130	210	273
11637	7	2	38	131	105	273
11638	7	2	39	132	105	275
11639	7	3	0	91	140	230
11640	7	3	1	92	140	232
11641	7	3	2	93	70	232
11642	7	3	3	94	70	234
11643	7	3	4	95	35	235
11644	7	3	5	96	35	236
11645	7	3	6	97	146	237
11646	7	3	7	98	146	238
11647	7	3	8	99	73	239
11648	7	3	9	100	73	241
11649	7	3	10	101	165	241
11650	7	3	11	102	165	243
11651	7	3	12	103	211	243
11652	7	3	13	104	211	245
11653	7	3	14	105	234	246
11654	7	3	15	106	234	247
11655	7	3	16	107	117	248
11656	7	3	17	108	117	249
11657	7	3	18	109	187	250
11658	7	3	19	110	187	252
11659	7	3	20	111	222	252
11660	7	3	21	112	222	254
11661	7	3	22	113	111	254
11662	7	3	23	114	111	256
11663	7	3	24	115	184	257
11664	7	3	25	116	184	258
11665	7	3	26	117	92	259
11666	7	3	27	118	92	260
11667	7	3	28	119	46	261
11668	7	3	29	120	46	263
11669	7	3	30	121	23	263
11670	7	3	31	122	23	265
11671	7	3	32	123	140	265
11672	7	3	33	124	140	267
11673	7	3	34	125	70	268
11674	7	3	35	126	70	269
11675	7	3	36	127	35	270
11676	7	3	37	128	35	271
11677	7	3	38	129	146	272
11678	7	4	0	89	109	229
11679	7	4	1	90	109	231
11680	7	4	2	91	183	231
11681	7	4	3	92	183	233
11682	7	4	4	93	220	233
11683	7	4	5	94	220	235
11684	7	4	6	95	110	236
11685	7	4	7	96	110	237
11686	7	4	8	97	55	238
11687	7	4	9	98	55	239
11688	7	4	10	99	156	240
11689	7	4	11	100	156	242
11690	7	4	12	101	78	242
11691	7	4	13	102	78	244
11692	7	4	14	103	39	244
11693	7	4	15	104	39	246
11694	7	4	16	105	148	247
11695	7	4	17	106	148	248
11696	7	4	18	107	74	249
11697	7	4	19	108	74	250
11698	7	4	20	109	37	251
11699	7	4	21	110	37	253
11700	7	4	22	111	147	253
11701	7	4	23	112	147	255
11702	7	4	24	113	202	255
11703	7	4	25	114	202	257
11704	7	4	26	115	101	258
11705	7	4	27	116	101	259
11706	7	4	28	117	179	260
11707	7	4	29	118	179	261
11708	7	4	30	119	218	262
11709	7	4	31	120	218	264
11710	7	4	32	121	109	264
11711	7	4	33	122	109	266
11712	7	4	34	123	183	266
11713	7	4	35	124	183	268
11714	7	4	36	125	220	269
11715	7	4	37	126	220	270
11716	7	5	0	87	61	228
11717	7	5	1	88	61	229
11718	7	5	2	89	159	230
11719	7	5	3	90	159	232
11720	7	5	4	91	208	232
11721	7	5	5	92	208	234
11722	7	5	6	93	104	234
11723	7	5	7	94	104	236
11724	7	5	8	95	52	237
11725	7	5	9	96	52	238
11726	7	5	10	97	26	239
11727	7	5	11	98	26	240
11728	7	5	12	99	13	241
11729	7	5	13	100	13	243
11730	7	5	14	101	135	243
11731	7	5	15	102	135	245
11732	7	5	16	103	196	245
11733	7	5	17	104	196	247
11734	7	5	18	105	98	248
11735	7	5	19	106	98	249
11736	7	5	20	107	49	250
11737	7	5	21	108	49	251
11738	7	5	22	109	153	252
11739	7	5	23	110	153	254
11740	7	5	24	111	205	254
11741	7	5	25	112	205	256
11742	7	5	26	113	231	256
11743	7	5	27	114	231	258
11744	7	5	28	115	244	259
11745	7	5	29	116	244	260
11746	7	5	30	117	122	261
11747	7	5	31	118	122	262
11748	7	5	32	119	61	263
11749	7	5	33	120	61	265
11750	7	5	34	121	159	265
11751	7	5	35	122	159	267
11752	7	5	36	123	208	267
11753	7	6	0	85	53	227
11754	7	6	1	86	53	228
11755	7	6	2	87	155	229
11756	7	6	3	88	155	230
11757	7	6	4	89	206	231
11758	7	6	5	90	206	233
11759	7	6	6	91	103	233
11760	7	6	7	92	103	235
11761	7	6	8	93	180	235
11762	7	6	9	94	180	237
11763	7	6	10	95	90	238
11764	7	6	11	96	90	239
11765	7	6	12	97	45	240
11766	7	6	13	98	45	241
11767	7	6	14	99	151	242
11768	7	6	15	100	151	244
11769	7	6	16	101	204	244
11770	7	6	17	102	204	246
11771	7	6	18	103	102	246
11772	7	6	19	104	102	248
11773	7	6	20	105	51	249
11774	7	6	21	106	51	250
11775	7	6	22	107	154	251
11776	7	6	23	108	154	252
11777	7	6	24	109	77	253
11778	7	6	25	110	77	255
11779	7	6	26	111	167	255
11780	7	6	27	112	167	257
11781	7	6	28	113	212	257
11782	7	6	29	114	212	259
11783	7	6	30	115	106	260
11784	7	6	31	116	106	261
11785	7	6	32	117	53	262
11786	7	6	33	118	53	263
11787	7	6	34	119	155	264
11788	7	6	35	120	155	266
11789	7	7	0	83	223	225
11790	7	7	1	84	223	227
11791	7	7	2	85	240	228
11792	7	7	3	86	240	229
11793	7	7	4	87	120	230
11794	7	7	5	88	120	231
11795	7	7	6	89	60	232
11796	7	7	7	90	60	234
11797	7	7	8	91	30	234
11798	7	7	9	92	30	236
11799	7	7	10	93	15	236
11800	7	7	11	94	15	238
11801	7	7	12	95	136	239
11802	7	7	13	96	136	240
11803	7	7	14	97	68	241
11804	7	7	15	98	68	242
11805	7	7	16	99	34	243
11806	7	7	17	100	34	245
11807	7	7	18	101	17	245
11808	7	7	19	102	17	247
11809	7	7	20	103	137	247
11810	7	7	21	104	137	249
11811	7	7	22	105	197	250
11812	7	7	23	106	197	251
11813	7	7	24	107	227	252
11814	7	7	25	108	227	253
11815	7	7	26	109	242	254
11816	7	7	27	110	242	256
11817	7	7	28	111	121	256
11818	7	7	29	112	121	258
11819	7	7	30	113	189	258
11820	7	7	31	114	189	260
11821	7	7	32	115	223	261
11822	7	7	33	116	223	262
11823	7	7	34	117	240	263
11824	7	8	0	81	80	224
11825	7	8	1	82	80	226
11826	7	8	2	83	40	226
11827	7	8	3	84	40	228
11828	7	8	4	85	20	229
11829	7	8	5	86	20	230
11830	7	8	6	87	10	231
11831	7	8	7	88	10	232
11832	7	8	8	89	5	233
11833	7	8	9	90	5	235
11834	7	8	10	91	131	235
11835	7	8	11	92	131	237
11836	7	8	12	93	194	237
11837	7	8	13	94	194	239
11838	7	8	14	95	97	240
11839	7	8	15	96	97	241
11840	7	8	16	97	177	242
11841	7	8	17	98	177	243
11842	7	8	18	99	217	244
11843	7	8	19	100	217	246
11844	7	8	20	101	237	246
11845	7	8	21	102	237	248
11846	7	8	22	103	247	248
11847	7	8	23	104	247	250
11848	7	8	24	105	252	251
11849	7	8	25	106	252	252
11850	7	8	26	107	126	253
11851	7	8	27	108	126	254
11852	7	8	28	109	63	255
11853	7	8	29	110	63	257
11854	7	8	30	111	160	257
11855	7	8	31	112	160	259
11856	7	8	32	113	80	259
11857	7	8	33	114	80	261
11858	7	9	0	79	99	223
11859	7	9	1	80	99	225
11860	7	9	2	81	178	225
11861	7	9	3	82	178	227
11862	7	9	4	83	89	227
11863	7	9	5	84	89	229
11864	7	9	6	85	173	230
11865	7	9	7	86	173	231
11866	7	9	8	87	215	232
11867	7	9	9	88	215	233
11868	7	9	10	89	236	234
11869	7	9	11	90	236	236
11870	7	9	12	91	118	236
11871	7	9	13	92	118	238
11872	7	9	14	93	59	238
11873	7	9	15	94	59	240
11874	7	9	16	95	158	241
11875	7	9	17	96	158	242
11876	7	9	18	97	79	243
11877	7	9	19	98	79	244
11878	7	9	20	99	168	245
11879	7	9	21	100	168	247
11880	7	9	22	101	84	247
11881	7	9	23	102	84	249
11882	7	9	24	103	42	249
11883	7	9	25	104	42	251
11884	7	9	26	105	21	252
11885	7	9	27	106	21	253
11886	7	9	28	107	139	254
11887	7	9	29	108	139	255
11888	7	9	30	109	198	256
11889	7	9	31	110	198	258
11890	7	9	32	111	99	258
11891	7	10	0	77	145	222
11892	7	10	1	78	145	223
11893	7	10	2	79	201	224
11894	7	10	3	80	201	226
11895	7	10	4	81	229	226
11896	7	10	5	82	229	228
11897	7	10	6	83	243	228
11898	7	10	7	84	243	230
11899	7	10	8	85	250	231
11900	7	10	9	86	250	232
11901	7	10	10	87	125	233
11902	7	10	11	88	125	234
11903	7	10	12	89	191	235
11904	7	10	13	90	191	237
11905	7	10	14	91	224	237
11906	7	10	15	92	224	239
11907	7	10	16	93	112	239
11908	7	10	17	94	112	241
11909	7	10	18	95	56	242
11910	7	10	19	96	56	243
11911	7	10	20	97	28	244
11912	7	10	21	98	28	245
11913	7	10	22	99	14	246
11914	7	10	23	100	14	248
11915	7	10	24	101	7	248
11916	7	10	25	102	7	250
11917	7	10	26	103	132	250
11918	7	10	27	104	132	252
11919	7	10	28	105	66	253
11920	7	10	29	106	66	254
11921	7	10	30	107	33	255
11922	7	10	31	108	33	256
11923	7	11	0	75	67	221
11924	7	11	1	76	67	222
11925	7	11	2	77	162	223
11926	7	11	3	78	162	224
11927	7	11	4	79	81	225
11928	7	11	5	80	81	227
11929	7	11	6	81	169	227
11930	7	11	7	82	169	229
11931	7	11	8	83	213	229
11932	7	11	9	84	213	231
11933	7	11	10	85	235	232
11934	7	11	11	86	235	233
11935	7	11	12	87	246	234
11936	7	11	13	88	246	235
11937	7	11	14	89	123	236
11938	7	11	15	90	123	238
11939	7	11	16	91	190	238
11940	7	11	17	92	190	240
11941	7	11	18	93	95	240
11942	7	11	19	94	95	242
11943	7	11	20	95	176	243
11944	7	11	21	96	176	244
11945	7	11	22	97	88	245
11946	7	11	23	98	88	246
11947	7	11	24	99	44	247
11948	7	11	25	100	44	249
11949	7	11	26	101	22	249
11950	7	11	27	102	22	251
11951	7	11	28	103	11	251
11952	7	11	29	104	11	253
11953	7	11	30	105	134	254
11954	7	12	0	73	54	219
11955	7	12	1	74	54	221
11956	7	12	2	75	27	222
11957	7	12	3	76	27	223
11958	7	12	4	77	142	224
11959	7	12	5	78	142	225
11960	7	12	6	79	71	226
11961	7	12	7	80	71	228
11962	7	12	8	81	164	228
11963	7	12	9	82	164	230
11964	7	12	10	83	82	230
11965	7	12	11	84	82	232
11966	7	12	12	85	41	233
11967	7	12	13	86	41	234
11968	7	12	14	87	149	235
11969	7	12	15	88	149	236
11970	7	12	16	89	203	237
11971	7	12	17	90	203	239
11972	7	12	18	91	230	239
11973	7	12	19	92	230	241
11974	7	12	20	93	115	241
11975	7	12	21	94	115	243
11976	7	12	22	95	186	244
11977	7	12	23	96	186	245
11978	7	12	24	97	93	246
11979	7	12	25	98	93	247
11980	7	12	26	99	175	248
11981	7	12	27	100	175	250
11982	7	12	28	101	216	250
11983	7	12	29	102	216	252
11984	7	13	0	71	9	218
11985	7	13	1	72	9	220
11986	7	13	2	73	133	220
11987	7	13	3	74	133	222
11988	7	13	4	75	195	223
11989	7	13	5	76	195	224
11990	7	13	6	77	226	225
11991	7	13	7	78	226	226
11992	7	13	8	79	113	227
11993	7	13	9	80	113	229
11994	7	13	10	81	185	229
11995	7	13	11	82	185	231
11996	7	13	12	83	221	231
11997	7	13	13	84	221	233
11998	7	13	14	85	239	234
11999	7	13	15	86	239	235
12000	7	13	16	87	248	236
12001	7	13	17	88	248	237
12002	7	13	18	89	124	238
12003	7	13	19	90	124	240
12004	7	13	20	91	62	240
12005	7	13	21	92	62	242
12006	7	13	22	93	31	242
12007	7	13	23	94	31	244
12008	7	13	24	95	144	245
12009	7	13	25	96	144	246
12010	7	13	26	97	72	247
12011	7	13	27	98	72	248
12012	7	13	28	99	36	249
12013	7	14	0	69	130	217
12014	7	14	1	70	130	219
12015	7	14	2	71	65	219
12016	7	14	3	72	65	221
12017	7	14	4	73	161	221
12018	7	14	5	74	161	223
12019	7	14	6	75	209	224
12020	7	14	7	76	209	225
12021	7	14	8	77	233	226
12022	7	14	9	78	233	227
12023	7	14	10	79	245	228
12024	7	14	11	80	245	230
12025	7	14	12	81	251	230
12026	7	14	13	82	251	232
12027	7	14	14	83	254	232
12028	7	14	15	84	254	234
12029	7	14	16	85	127	235
12030	7	14	17	86	127	236
12031	7	14	18	87	192	237
12032	7	14	19	88	192	238
12033	7	14	20	89	96	239
12034	7	14	21	90	96	241
12035	7	14	22	91	48	241
12036	7	14	23	92	48	243
12037	7	14	24	93	24	243
12038	7	14	25	94	24	245
12039	7	14	26	95	12	246
12040	7	14	27	96	12	247
12041	7	15	0	67	193	216
12042	7	15	1	68	193	217
12043	7	15	2	69	225	218
12044	7	15	3	70	225	220
12045	7	15	4	71	241	220
12046	7	15	5	72	241	222
12047	7	15	6	73	249	222
12048	7	15	7	74	249	224
12049	7	15	8	75	253	225
12050	7	15	9	76	253	226
12051	7	15	10	77	255	227
12052	7	15	11	78	255	228
12053	7	15	12	79	256	229
12054	7	15	13	80	256	231
12055	7	15	14	81	128	231
12056	7	15	15	82	128	233
12057	7	15	16	83	64	233
12058	7	15	17	84	64	235
12059	7	15	18	85	32	236
12060	7	15	19	86	32	237
12061	7	15	20	87	16	238
12062	7	15	21	88	16	239
12063	7	15	22	89	8	240
12064	7	15	23	90	8	242
12065	7	15	24	91	4	242
12066	7	15	25	92	4	244
12067	7	15	26	93	2	244
12068	7	16	0	65	75	215
12069	7	16	1	66	75	216
12070	7	16	2	67	166	217
12071	7	16	3	68	166	218
12072	7	16	4	69	83	219
12073	7	16	5	70	83	221
12074	7	16	6	71	170	221
12075	7	16	7	72	170	223
12076	7	16	8	73	85	223
12077	7	16	9	74	85	225
12078	7	16	10	75	171	226
12079	7	16	11	76	171	227
12080	7	16	12	77	214	228
12081	7	16	13	78	214	229
12082	7	16	14	79	107	230
12083	7	16	15	80	107	232
12084	7	16	16	81	182	232
12085	7	16	17	82	182	234
12086	7	16	18	83	91	234
12087	7	16	19	84	91	236
12088	7	16	20	85	174	237
12089	7	16	21	86	174	238
12090	7	16	22	87	87	239
12091	7	16	23	88	87	240
12092	7	16	24	89	172	241
12093	7	16	25	90	172	243
12094	7	17	0	63	141	213
12095	7	17	1	64	141	215
12096	7	17	2	65	199	216
12097	7	17	3	66	199	217
12098	7	17	4	67	228	218
12099	7	17	5	68	228	219
12100	7	17	6	69	114	220
12101	7	17	7	70	114	222
12102	7	17	8	71	57	222
12103	7	17	9	72	57	224
12104	7	17	10	73	157	224
12105	7	17	11	74	157	226
12106	7	17	12	75	207	227
12107	7	17	13	76	207	228
12108	7	17	14	77	232	229
12109	7	17	15	78	232	230
12110	7	17	16	79	116	231
12111	7	17	17	80	116	233
12112	7	17	18	81	58	233
12113	7	17	19	82	58	235
12114	7	17	20	83	29	235
12115	7	17	21	84	29	237
12116	7	17	22	85	143	238
12117	7	17	23	86	143	239
12118	7	17	24	87	200	240
12119	7	18	0	61	152	212
12120	7	18	1	62	152	214
12121	7	18	2	63	76	214
12122	7	18	3	64	76	216
12123	7	18	4	65	38	217
12124	7	18	5	66	38	218
12125	7	18	6	67	19	219
12126	7	18	7	68	19	220
12127	7	18	8	69	138	221
12128	7	18	9	70	138	223
12129	7	18	10	71	69	223
12130	7	18	11	72	69	225
12131	7	18	12	73	163	225
12132	7	18	13	74	163	227
12133	7	18	14	75	210	228
12134	7	18	15	76	210	229
12135	7	18	16	77	105	230
12136	7	18	17	78	105	231
12137	7	18	18	79	181	232
12138	7	18	19	80	181	234
12139	7	18	20	81	219	234
12140	7	18	21	82	219	236
12141	7	18	22	83	238	236
12142	7	18	23	84	238	238
12143	7	19	0	59	111	211
12144	7	19	1	60	111	213
12145	7	19	2	61	184	213
12146	7	19	3	62	184	215
12147	7	19	4	63	92	215
12148	7	19	5	64	92	217
12149	7	19	6	65	46	218
12150	7	19	7	66	46	219
12151	7	19	8	67	23	220
12152	7	19	9	68	23	221
12153	7	19	10	69	140	222
12154	7	19	11	70	140	224
12155	7	19	12	71	70	224
12156	7	19	13	72	70	226
12157	7	19	14	73	35	226
12158	7	19	15	74	35	228
12159	7	19	16	75	146	229
12160	7	19	17	76	146	230
12161	7	19	18	77	73	231
12162	7	19	19	78	73	232
12163	7	19	20	79	165	233
12164	7	19	21	80	165	235
12165	7	19	22	81	211	235
12166	7	20	0	57	147	210
12167	7	20	1	58	147	211
12168	7	20	2	59	202	212
12169	7	20	3	60	202	214
12170	7	20	4	61	101	214
12171	7	20	5	62	101	216
12172	7	20	6	63	179	216
12173	7	20	7	64	179	218
12174	7	20	8	65	218	219
12175	7	20	9	66	218	220
12176	7	20	10	67	109	221
12177	7	20	11	68	109	222
12178	7	20	12	69	183	223
12179	7	20	13	70	183	225
12180	7	20	14	71	220	225
12181	7	20	15	72	220	227
12182	7	20	16	73	110	227
12183	7	20	17	74	110	229
12184	7	20	18	75	55	230
12185	7	20	19	76	55	231
12186	7	20	20	77	156	232
12187	7	20	21	78	156	233
12188	7	21	0	55	153	209
12189	7	21	1	56	153	210
12190	7	21	2	57	205	211
12191	7	21	3	58	205	212
12192	7	21	4	59	231	213
12193	7	21	5	60	231	215
12194	7	21	6	61	244	215
12195	7	21	7	62	244	217
12196	7	21	8	63	122	217
12197	7	21	9	64	122	219
12198	7	21	10	65	61	220
12199	7	21	11	66	61	221
12200	7	21	12	67	159	222
12201	7	21	13	68	159	223
12202	7	21	14	69	208	224
12203	7	21	15	70	208	226
12204	7	21	16	71	104	226
12205	7	21	17	72	104	228
12206	7	21	18	73	52	228
12207	7	21	19	74	52	230
12208	7	21	20	75	26	231
12209	7	22	0	53	154	207
12210	7	22	1	54	154	209
12211	7	22	2	55	77	210
12212	7	22	3	56	77	211
12213	7	22	4	57	167	212
12214	7	22	5	58	167	213
12215	7	22	6	59	212	214
12216	7	22	7	60	212	216
12217	7	22	8	61	106	216
12218	7	22	9	62	106	218
12219	7	22	10	63	53	218
12220	7	22	11	64	53	220
12221	7	22	12	65	155	221
12222	7	22	13	66	155	222
12223	7	22	14	67	206	223
12224	7	22	15	68	206	224
12225	7	22	16	69	103	225
12226	7	22	17	70	103	227
12227	7	22	18	71	180	227
12228	7	22	19	72	180	229
12229	7	23	0	51	197	206
12230	7	23	1	52	197	208
12231	7	23	2	53	227	208
12232	7	23	3	54	227	210
12233	7	23	4	55	242	211
12234	7	23	5	56	242	212
12235	7	23	6	57	121	213
12236	7	23	7	58	121	214
12237	7	23	8	59	189	215
12238	7	23	9	60	189	217
12239	7	23	10	61	223	217
12240	7	23	11	62	223	219
12241	7	23	12	63	240	219
12242	7	23	13	64	240	221
12243	7	23	14	65	120	222
12244	7	23	15	66	120	223
12245	7	23	16	67	60	224
12246	7	23	17	68	60	225
12247	7	23	18	69	30	226
12248	7	24	0	49	247	205
12249	7	24	1	50	247	207
12250	7	24	2	51	252	207
12251	7	24	3	52	252	209
12252	7	24	4	53	126	209
12253	7	24	5	54	126	211
12254	7	24	6	55	63	212
12255	7	24	7	56	63	213
12256	7	24	8	57	160	214
12257	7	24	9	58	160	215
12258	7	24	10	59	80	216
12259	7	24	11	60	80	218
12260	7	24	12	61	40	218
12261	7	24	13	62	40	220
12262	7	24	14	63	20	220
12263	7	24	15	64	20	222
12264	7	24	16	65	10	223
12265	7	24	17	66	10	224
12266	7	25	0	47	84	204
12267	7	25	1	48	84	205
12268	7	25	2	49	42	206
12269	7	25	3	50	42	208
12270	7	25	4	51	21	208
12271	7	25	5	52	21	210
12272	7	25	6	53	139	210
12273	7	25	7	54	139	212
12274	7	25	8	55	198	213
12275	7	25	9	56	198	214
12276	7	25	10	57	99	215
12277	7	25	11	58	99	216
12278	7	25	12	59	178	217
12279	7	25	13	60	178	219
12280	7	25	14	61	89	219
12281	7	25	15	62	89	221
12282	7	25	16	63	173	221
12283	7	26	0	45	14	203
12284	7	26	1	46	14	204
12285	7	26	2	47	7	205
12286	7	26	3	48	7	206
12287	7	26	4	49	132	207
12288	7	26	5	50	132	209
12289	7	26	6	51	66	209
12290	7	26	7	52	66	211
12291	7	26	8	53	33	211
12292	7	26	9	54	33	213
12293	7	26	10	55	145	214
12294	7	26	11	56	145	215
12295	7	26	12	57	201	216
12296	7	26	13	58	201	217
12297	7	26	14	59	229	218
12298	7	26	15	60	229	220
12299	7	27	0	43	88	201
12300	7	27	1	44	88	203
12301	7	27	2	45	44	204
12302	7	27	3	46	44	205
12303	7	27	4	47	22	206
12304	7	27	5	48	22	207
12305	7	27	6	49	11	208
12306	7	27	7	50	11	210
12307	7	27	8	51	134	210
12308	7	27	9	52	134	212
12309	7	27	10	53	67	212
12310	7	27	11	54	67	214
12311	7	27	12	55	162	215
12312	7	27	13	56	162	216
12313	7	27	14	57	81	217
12314	7	28	0	41	186	200
12315	7	28	1	42	186	202
12316	7	28	2	43	93	202
12317	7	28	3	44	93	204
12318	7	28	4	45	175	205
12319	7	28	5	46	175	206
12320	7	28	6	47	216	207
12321	7	28	7	48	216	208
12322	7	28	8	49	108	209
12323	7	28	9	50	108	211
12324	7	28	10	51	54	211
12325	7	28	11	52	54	213
12326	7	28	12	53	27	213
12327	7	28	13	54	27	215
12328	7	29	0	39	31	199
12329	7	29	1	40	31	201
12330	7	29	2	41	144	201
12331	7	29	3	42	144	203
12332	7	29	4	43	72	203
12333	7	29	5	44	72	205
12334	7	29	6	45	36	206
12335	7	29	7	46	36	207
12336	7	29	8	47	18	208
12337	7	29	9	48	18	209
12338	7	29	10	49	9	210
12339	7	29	11	50	9	212
12340	7	29	12	51	133	212
12341	7	30	0	37	48	198
12342	7	30	1	38	48	199
12343	7	30	2	39	24	200
12344	7	30	3	40	24	202
12345	7	30	4	41	12	202
12346	7	30	5	42	12	204
12347	7	30	6	43	6	204
12348	7	30	7	44	6	206
12349	7	30	8	45	3	207
12350	7	30	9	46	3	208
12351	7	30	10	47	130	209
12352	7	30	11	48	130	210
12353	7	31	0	35	8	197
12354	7	31	1	36	8	198
12355	7	31	2	37	4	199
12356	7	31	3	38	4	200
12357	7	31	4	39	2	201
12358	7	31	5	40	2	203
12359	7	31	6	41	1	203
12360	7	31	7	42	1	205
12361	7	31	8	43	129	205
12362	7	31	9	44	129	207
12363	7	31	10	45	193	208
12364	7	32	0	33	87	195
12365	7	32	1	34	87	197
12366	7	32	2	35	172	198
12367	7	32	3	36	172	199
12368	7	32	4	37	86	200
12369	7	32	5	38	86	201
12370	7	32	6	39	43	202
12371	7	32	7	40	43	204
12372	7	32	8	41	150	204
12373	7	32	9	42	150	206
12374	7	33	0	31	143	194
12375	7	33	1	32	143	196
12376	7	33	2	33	200	196
12377	7	33	3	34	200	198
12378	7	33	4	35	100	199
12379	7	33	5	36	100	200
12380	7	33	6	37	50	201
12381	7	33	7	38	50	202
12382	7	33	8	39	25	203
12383	7	34	0	29	238	193
12384	7	34	1	30	238	195
12385	7	34	2	31	119	195
12386	7	34	3	32	119	197
12387	7	34	4	33	188	197
12388	7	34	5	34	188	199
12389	7	34	6	35	94	200
12390	7	34	7	36	94	201
12391	7	35	0	27	211	192
12392	7	35	1	28	211	193
12393	7	35	2	29	234	194
12394	7	35	3	30	234	196
12395	7	35	4	31	117	196
12396	7	35	5	32	117	198
12397	7	35	6	33	187	198
12398	7	36	0	25	78	191
12399	7	36	1	26	78	192
12400	7	36	2	27	39	193
12401	7	36	3	28	39	194
12402	7	36	4	29	148	195
12403	7	36	5	30	148	197
12404	7	37	0	23	13	189
12405	7	37	1	24	13	191
12406	7	37	2	25	135	192
12407	7	37	3	26	135	193
12408	7	37	4	27	196	194
12409	7	38	0	21	45	188
12410	7	38	1	22	45	190
12411	7	38	2	23	151	190
12412	7	38	3	24	151	192
12413	7	39	0	19	136	187
12414	7	39	1	20	136	189
12415	7	39	2	21	68	189
12416	7	40	0	17	194	186
12417	7	40	1	18	194	187
12418	7	41	0	15	118	185
12419	8	0	0	3	223	182
12420	8	0	1	5	211	182
12421	8	0	2	7	225	182
12422	8	0	3	9	123	182
12423	8	0	4	11	242	182
12424	8	0	5	2	188	183
12425	8	0	6	4	135	183
12426	8	0	7	6	168	183
12427	8	0	8	8	50	183
12428	8	0	9	10	23	183
12429	8	0	10	13	141	183
12430	8	0	11	1	64	184
12431	8	0	12	12	54	184
12432	8	0	13	0	110	185
12433	8	0	14	14	129	185
12434	8	0	15	15	43	186
12435	8	0	16	16	150	186
12436	8	0	17	17	50	187
12437	8	0	18	18	25	188
12438	8	0	19	19	94	188
12439	8	0	20	20	94	190
12440	8	0	21	21	187	190
12441	8	0	22	22	187	191
12442	8	0	23	23	74	191
12443	8	0	24	24	74	193
12444	8	0	25	25	196	193
12445	8	0	26	26	98	194
12446	8	0	27	27	204	195
12447	8	0	28	28	102	195
12448	8	0	29	29	34	196
12449	8	0	30	31	71	197
12450	8	0	31	30	165	198
12451	8	0	32	32	177	199
12452	8	0	33	33	158	199
12453	8	0	34	34	158	200
12454	8	0	35	35	224	201
12455	8	1	0	3	223	183
12456	8	1	1	5	211	183
12457	8	1	2	7	225	183
12458	8	1	3	9	123	183
12459	8	1	4	11	242	183
12460	8	1	5	2	188	184
12461	8	1	6	4	135	184
12462	8	1	7	6	168	184
12463	8	1	8	8	50	184
12464	8	1	9	10	23	184
12465	8	1	10	13	141	184
12466	8	1	11	1	64	185
12467	8	1	12	12	54	185
12468	8	1	13	0	110	186
12469	8	1	14	14	129	186
12470	8	1	15	15	43	187
12471	8	1	16	16	150	187
12472	8	1	17	17	50	188
12473	8	1	18	18	25	189
12474	8	1	19	19	94	189
12475	8	1	20	20	94	191
12476	8	1	21	21	187	191
12477	8	1	22	22	187	192
12478	8	1	23	23	74	192
12479	8	1	24	24	74	194
12480	8	1	25	25	196	194
12481	8	1	26	26	98	195
12482	8	1	27	27	204	196
12483	8	1	28	28	102	196
12484	8	1	29	29	34	197
12485	8	1	30	31	71	198
12486	8	1	31	30	165	199
12487	8	1	32	32	177	200
12488	8	1	33	33	158	200
12489	8	1	34	34	158	201
12490	8	2	0	3	223	184
12491	8	2	1	5	211	184
12492	8	2	2	7	225	184
12493	8	2	3	9	123	184
12494	8	2	4	11	242	184
12495	8	2	5	2	188	185
12496	8	2	6	4	135	185
12497	8	2	7	6	168	185
12498	8	2	8	8	50	185
12499	8	2	9	10	23	185
12500	8	2	10	13	141	185
12501	8	2	11	1	64	186
12502	8	2	12	12	54	186
12503	8	2	13	0	110	187
12504	8	2	14	14	129	187
12505	8	2	15	15	43	188
12506	8	2	16	16	150	188
12507	8	2	17	17	50	189
12508	8	2	18	18	25	190
12509	8	2	19	19	94	190
12510	8	2	20	20	94	192
12511	8	2	21	21	187	192
12512	8	2	22	22	187	193
12513	8	2	23	23	74	193
12514	8	2	24	24	74	195
12515	8	2	25	25	196	195
12516	8	2	26	26	98	196
12517	8	2	27	27	204	197
12518	8	2	28	28	102	197
12519	8	2	29	29	34	198
12520	8	2	30	31	71	199
12521	8	2	31	30	165	200
12522	8	2	32	32	177	201
12523	8	2	33	33	158	201
12524	8	3	0	3	223	185
12525	8	3	1	5	211	185
12526	8	3	2	7	225	185
12527	8	3	3	9	123	185
12528	8	3	4	11	242	185
12529	8	3	5	2	188	186
12530	8	3	6	4	135	186
12531	8	3	7	6	168	186
12532	8	3	8	8	50	186
12533	8	3	9	10	23	186
12534	8	3	10	13	141	186
12535	8	3	11	1	64	187
12536	8	3	12	12	54	187
12537	8	3	13	0	110	188
12538	8	3	14	14	129	188
12539	8	3	15	15	43	189
12540	8	3	16	16	150	189
12541	8	3	17	17	50	190
12542	8	3	18	18	25	191
12543	8	3	19	19	94	191
12544	8	3	20	20	94	193
12545	8	3	21	21	187	193
12546	8	3	22	22	187	194
12547	8	3	23	23	74	194
12548	8	3	24	24	74	196
12549	8	3	25	25	196	196
12550	8	3	26	26	98	197
12551	8	3	27	27	204	198
12552	8	3	28	28	102	198
12553	8	3	29	29	34	199
12554	8	3	30	31	71	200
12555	8	3	31	30	165	201
12556	8	3	32	32	177	202
12557	8	4	0	3	223	186
12558	8	4	1	5	211	186
12559	8	4	2	7	225	186
12560	8	4	3	9	123	186
12561	8	4	4	11	242	186
12562	8	4	5	2	188	187
12563	8	4	6	4	135	187
12564	8	4	7	6	168	187
12565	8	4	8	8	50	187
12566	8	4	9	10	23	187
12567	8	4	10	13	141	187
12568	8	4	11	1	64	188
12569	8	4	12	12	54	188
12570	8	4	13	0	110	189
12571	8	4	14	14	129	189
12572	8	4	15	15	43	190
12573	8	4	16	16	150	190
12574	8	4	17	17	50	191
12575	8	4	18	18	25	192
12576	8	4	19	19	94	192
12577	8	4	20	20	94	194
12578	8	4	21	21	187	194
12579	8	4	22	22	187	195
12580	8	4	23	23	74	195
12581	8	4	24	24	74	197
12582	8	4	25	25	196	197
12583	8	4	26	26	98	198
12584	8	4	27	27	204	199
12585	8	4	28	28	102	199
12586	8	4	29	29	34	200
12587	8	4	30	31	71	201
12588	8	4	31	30	165	202
12589	8	5	0	3	223	187
12590	8	5	1	5	211	187
12591	8	5	2	7	225	187
12592	8	5	3	9	123	187
12593	8	5	4	11	242	187
12594	8	5	5	2	188	188
12595	8	5	6	4	135	188
12596	8	5	7	6	168	188
12597	8	5	8	8	50	188
12598	8	5	9	10	23	188
12599	8	5	10	13	141	188
12600	8	5	11	1	64	189
12601	8	5	12	12	54	189
12602	8	5	13	0	110	190
12603	8	5	14	14	129	190
12604	8	5	15	15	43	191
12605	8	5	16	16	150	191
12606	8	5	17	17	50	192
12607	8	5	18	18	25	193
12608	8	5	19	19	94	193
12609	8	5	20	20	94	195
12610	8	5	21	21	187	195
12611	8	5	22	22	187	196
12612	8	5	23	23	74	196
12613	8	5	24	24	74	198
12614	8	5	25	25	196	198
12615	8	5	26	26	98	199
12616	8	5	27	27	204	200
12617	8	5	28	28	102	200
12618	8	5	29	29	34	201
12619	8	5	30	31	71	202
12620	8	6	0	3	223	188
12621	8	6	1	5	211	188
12622	8	6	2	7	225	188
12623	8	6	3	9	123	188
12624	8	6	4	11	242	188
12625	8	6	5	2	188	189
12626	8	6	6	4	135	189
12627	8	6	7	6	168	189
12628	8	6	8	8	50	189
12629	8	6	9	10	23	189
12630	8	6	10	13	141	189
12631	8	6	11	1	64	190
12632	8	6	12	12	54	190
12633	8	6	13	0	110	191
12634	8	6	14	14	129	191
12635	8	6	15	15	43	192
12636	8	6	16	16	150	192
12637	8	6	17	17	50	193
12638	8	6	18	18	25	194
12639	8	6	19	19	94	194
12640	8	6	20	20	94	196
12641	8	6	21	21	187	196
12642	8	6	22	22	187	197
12643	8	6	23	23	74	197
12644	8	6	24	24	74	199
12645	8	6	25	25	196	199
12646	8	6	26	26	98	200
12647	8	6	27	27	204	201
12648	8	6	28	28	102	201
12649	8	6	29	29	34	202
12650	8	7	0	3	223	189
12651	8	7	1	5	211	189
12652	8	7	2	7	225	189
12653	8	7	3	9	123	189
12654	8	7	4	11	242	189
12655	8	7	5	2	188	190
12656	8	7	6	4	135	190
12657	8	7	7	6	168	190
12658	8	7	8	8	50	190
12659	8	7	9	10	23	190
12660	8	7	10	13	141	190
12661	8	7	11	1	64	191
12662	8	7	12	12	54	191
12663	8	7	13	0	110	192
12664	8	7	14	14	129	192
12665	8	7	15	15	43	193
12666	8	7	16	16	150	193
12667	8	7	17	17	50	194
12668	8	7	18	18	25	195
12669	8	7	19	19	94	195
12670	8	7	20	20	94	197
12671	8	7	21	21	187	197
12672	8	7	22	22	187	198
12673	8	7	23	23	74	198
12674	8	7	24	24	74	200
12675	8	7	25	25	196	200
12676	8	7	26	26	98	201
12677	8	7	27	27	204	202
12678	8	7	28	28	102	202
12679	8	8	0	3	223	190
12680	8	8	1	5	211	190
12681	8	8	2	7	225	190
12682	8	8	3	9	123	190
12683	8	8	4	11	242	190
12684	8	8	5	2	188	191
12685	8	8	6	4	135	191
12686	8	8	7	6	168	191
12687	8	8	8	8	50	191
12688	8	8	9	10	23	191
12689	8	8	10	13	141	191
12690	8	8	11	1	64	192
12691	8	8	12	12	54	192
12692	8	8	13	0	110	193
12693	8	8	14	14	129	193
12694	8	8	15	15	43	194
12695	8	8	16	16	150	194
12696	8	8	17	17	50	195
12697	8	8	18	18	25	196
12698	8	8	19	19	94	196
12699	8	8	20	20	94	198
12700	8	8	21	21	187	198
12701	8	8	22	22	187	199
12702	8	8	23	23	74	199
12703	8	8	24	24	74	201
12704	8	8	25	25	196	201
12705	8	8	26	26	98	202
12706	8	8	27	33	39	202
12707	8	9	0	3	223	191
12708	8	9	1	5	211	191
12709	8	9	2	7	225	191
12710	8	9	3	9	123	191
12711	8	9	4	11	242	191
12712	8	9	5	2	188	192
12713	8	9	6	4	135	192
12714	8	9	7	6	168	192
12715	8	9	8	8	50	192
12716	8	9	9	10	23	192
12717	8	9	10	13	141	192
12718	8	9	11	1	64	193
12719	8	9	12	12	54	193
12720	8	9	13	0	110	194
12721	8	9	14	14	129	194
12722	8	9	15	15	43	195
12723	8	9	16	16	150	195
12724	8	9	17	17	50	196
12725	8	9	18	18	25	197
12726	8	9	19	19	94	197
12727	8	9	20	20	94	199
12728	8	9	21	21	187	199
12729	8	9	22	22	187	200
12730	8	9	23	23	74	200
12731	8	9	24	24	74	202
12732	8	9	25	25	196	202
12733	8	9	26	34	36	202
12734	8	10	0	3	223	192
12735	8	10	1	5	211	192
12736	8	10	2	7	225	192
12737	8	10	3	9	123	192
12738	8	10	4	11	242	192
12739	8	10	5	2	188	193
12740	8	10	6	4	135	193
12741	8	10	7	6	168	193
12742	8	10	8	8	50	193
12743	8	10	9	10	23	193
12744	8	10	10	13	141	193
12745	8	10	11	1	64	194
12746	8	10	12	12	54	194
12747	8	10	13	0	110	195
12748	8	10	14	14	129	195
12749	8	10	15	15	43	196
12750	8	10	16	16	150	196
12751	8	10	17	17	50	197
12752	8	10	18	18	25	198
12753	8	10	19	19	94	198
12754	8	10	20	20	94	200
12755	8	10	21	21	187	200
12756	8	10	22	22	187	201
12757	8	10	23	23	74	201
12758	8	10	24	35	44	202
12759	8	10	25	36	150	202
12760	8	11	0	3	223	193
12761	8	11	1	5	211	193
12762	8	11	2	7	225	193
12763	8	11	3	9	123	193
12764	8	11	4	11	242	193
12765	8	11	5	2	188	194
12766	8	11	6	4	135	194
12767	8	11	7	6	168	194
12768	8	11	8	8	50	194
12769	8	11	9	10	23	194
12770	8	11	10	13	141	194
12771	8	11	11	1	64	195
12772	8	11	12	12	54	195
12773	8	11	13	0	110	196
12774	8	11	14	14	129	196
12775	8	11	15	15	43	197
12776	8	11	16	16	150	197
12777	8	11	17	17	50	198
12778	8	11	18	18	25	199
12779	8	11	19	19	94	199
12780	8	11	20	20	94	201
12781	8	11	21	21	187	201
12782	8	11	22	22	187	202
12783	8	11	23	23	74	202
12784	8	11	24	37	158	202
12785	8	12	0	3	223	194
12786	8	12	1	5	211	194
12787	8	12	2	7	225	194
12788	8	12	3	9	123	194
12789	8	12	4	11	242	194
12790	8	12	5	2	188	195
12791	8	12	6	4	135	195
12792	8	12	7	6	168	195
12793	8	12	8	8	50	195
12794	8	12	9	10	23	195
12795	8	12	10	13	141	195
12796	8	12	11	1	64	196
12797	8	12	12	12	54	196
12798	8	12	13	0	110	197
12799	8	12	14	14	129	197
12800	8	12	15	15	43	198
12801	8	12	16	16	150	198
12802	8	12	17	17	50	199
12803	8	12	18	18	25	200
12804	8	12	19	19	94	200
12805	8	12	20	20	94	202
12806	8	12	21	21	187	202
12807	8	12	22	22	187	203
12808	8	12	23	23	74	203
12809	8	13	0	3	223	195
12810	8	13	1	5	211	195
12811	8	13	2	7	225	195
12812	8	13	3	9	123	195
12813	8	13	4	11	242	195
12814	8	13	5	2	188	196
12815	8	13	6	4	135	196
12816	8	13	7	6	168	196
12817	8	13	8	8	50	196
12818	8	13	9	10	23	196
12819	8	13	10	13	141	196
12820	8	13	11	1	64	197
12821	8	13	12	12	54	197
12822	8	13	13	0	110	198
12823	8	13	14	14	129	198
12824	8	13	15	15	43	199
12825	8	13	16	16	150	199
12826	8	13	17	17	50	200
12827	8	13	18	18	25	201
12828	8	13	19	19	94	201
12829	8	13	20	20	94	203
12830	8	13	21	21	187	203
12831	8	13	22	24	234	203
12832	8	14	0	3	223	196
12833	8	14	1	5	211	196
12834	8	14	2	7	225	196
12835	8	14	3	9	123	196
12836	8	14	4	11	242	196
12837	8	14	5	2	188	197
12838	8	14	6	4	135	197
12839	8	14	7	6	168	197
12840	8	14	8	8	50	197
12841	8	14	9	10	23	197
12842	8	14	10	13	141	197
12843	8	14	11	1	64	198
12844	8	14	12	12	54	198
12845	8	14	13	0	110	199
12846	8	14	14	14	129	199
12847	8	14	15	15	43	200
12848	8	14	16	16	150	200
12849	8	14	17	17	50	201
12850	8	14	18	18	25	202
12851	8	14	19	19	94	202
12852	8	14	20	25	235	203
12853	8	14	21	26	171	203
12854	8	15	0	3	223	197
12855	8	15	1	5	211	197
12856	8	15	2	7	225	197
12857	8	15	3	9	123	197
12858	8	15	4	11	242	197
12859	8	15	5	2	188	198
12860	8	15	6	4	135	198
12861	8	15	7	6	168	198
12862	8	15	8	8	50	198
12863	8	15	9	10	23	198
12864	8	15	10	13	141	198
12865	8	15	11	1	64	199
12866	8	15	12	12	54	199
12867	8	15	13	0	110	200
12868	8	15	14	14	129	200
12869	8	15	15	15	43	201
12870	8	15	16	16	150	201
12871	8	15	17	17	50	202
12872	8	15	18	18	25	203
12873	8	15	19	19	94	203
12874	8	15	20	27	126	203
12875	8	16	0	3	223	198
12876	8	16	1	5	211	198
12877	8	16	2	7	225	198
12878	8	16	3	9	123	198
12879	8	16	4	11	242	198
12880	8	16	5	2	188	199
12881	8	16	6	4	135	199
12882	8	16	7	6	168	199
12883	8	16	8	8	50	199
12884	8	16	9	10	23	199
12885	8	16	10	13	141	199
12886	8	16	11	1	64	200
12887	8	16	12	12	54	200
12888	8	16	13	0	110	201
12889	8	16	14	14	129	201
12890	8	16	15	15	43	202
12891	8	16	16	16	150	202
12892	8	16	17	17	50	203
12893	8	16	18	28	196	203
12894	8	16	19	29	193	203
12895	8	17	0	3	223	199
12896	8	17	1	5	211	199
12897	8	17	2	7	225	199
12898	8	17	3	9	123	199
12899	8	17	4	11	242	199
12900	8	17	5	2	188	200
12901	8	17	6	4	135	200
12902	8	17	7	6	168	200
12903	8	17	8	8	50	200
12904	8	17	9	10	23	200
12905	8	17	10	13	141	200
12906	8	17	11	1	64	201
12907	8	17	12	12	54	201
12908	8	17	13	0	110	202
12909	8	17	14	14	129	202
12910	8	17	15	15	43	203
12911	8	17	16	16	150	203
12912	8	17	17	30	187	203
12913	8	17	18	31	34	203
12914	8	18	0	3	223	200
12915	8	18	1	5	211	200
12916	8	18	2	7	225	200
12917	8	18	3	9	123	200
12918	8	18	4	11	242	200
12919	8	18	5	2	188	201
12920	8	18	6	4	135	201
12921	8	18	7	6	168	201
12922	8	18	8	8	50	201
12923	8	18	9	10	23	201
12924	8	18	10	13	141	201
12925	8	18	11	1	64	202
12926	8	18	12	12	54	202
12927	8	18	13	0	110	203
12928	8	18	14	14	129	203
12929	8	18	15	32	81	203
12930	8	18	16	33	82	203
12931	8	18	17	34	85	203
12932	8	19	0	3	223	201
12933	8	19	1	5	211	201
12934	8	19	2	7	225	201
12935	8	19	3	9	123	201
12936	8	19	4	11	242	201
12937	8	19	5	2	188	202
12938	8	19	6	4	135	202
12939	8	19	7	6	168	202
12940	8	19	8	8	50	202
12941	8	19	9	10	23	202
12942	8	19	10	13	141	202
12943	8	19	11	1	64	203
12944	8	19	12	12	54	203
12945	8	19	13	35	15	203
12946	8	19	14	36	194	203
12947	8	19	15	37	215	203
12948	8	19	16	38	121	203
12949	8	20	0	3	223	202
12950	8	20	1	5	211	202
12951	8	20	2	7	225	202
12952	8	20	3	9	123	202
12953	8	20	4	11	242	202
12954	8	20	5	2	188	203
12955	8	20	6	4	135	203
12956	8	20	7	6	168	203
12957	8	20	8	8	50	203
12958	8	20	9	10	23	203
12959	8	20	10	13	141	203
12960	8	20	11	0	166	204
12961	8	20	12	1	164	204
12962	8	20	13	12	55	204
12963	8	20	14	14	116	204
12964	8	20	15	15	228	204
12965	8	21	0	3	223	203
12966	8	21	1	5	211	203
12967	8	21	2	7	225	203
12968	8	21	3	9	123	203
12969	8	21	4	11	242	203
12970	8	21	5	2	188	204
12971	8	21	6	4	135	204
12972	8	21	7	6	168	204
12973	8	21	8	8	50	204
12974	8	21	9	10	23	204
12975	8	21	10	13	141	204
12976	8	21	11	16	157	204
12977	8	21	12	17	38	204
12978	8	21	13	18	78	204
12979	8	21	14	19	65	204
12980	8	22	0	3	223	204
12981	8	22	1	5	211	204
12982	8	22	2	7	225	204
12983	8	22	3	9	123	204
12984	8	22	4	11	242	204
12985	8	22	5	20	53	204
12986	8	22	6	21	195	204
12987	8	22	7	22	255	204
12988	8	22	8	23	77	204
12989	8	22	9	24	13	204
12990	8	22	10	25	216	204
12991	8	22	11	26	109	204
12992	8	22	12	27	57	204
12993	8	22	13	28	6	204
12994	8	23	0	0	197	205
12995	8	23	1	29	108	204
12996	8	23	2	30	75	204
12997	8	23	3	31	232	204
12998	8	23	4	32	34	204
12999	8	23	5	33	151	204
13000	8	23	6	34	184	204
13001	8	23	7	35	233	204
13002	8	23	8	36	144	204
13003	8	23	9	37	70	204
13004	8	23	10	38	5	204
13005	8	23	11	39	30	204
13006	8	23	12	1	15	205
13007	8	24	0	0	197	206
13008	8	24	1	2	83	205
13009	8	24	2	3	206	205
13010	8	24	3	4	94	205
13011	8	24	4	5	38	205
13012	8	24	5	6	184	205
13013	8	24	6	7	128	205
13014	8	24	7	8	249	205
13015	8	24	8	9	92	205
13016	8	24	9	10	199	205
13017	8	24	10	11	190	205
13018	8	24	11	12	93	205
13019	8	25	0	0	197	207
13020	8	25	1	1	247	206
13021	8	25	2	13	227	205
13022	8	25	3	14	187	205
13023	8	25	4	15	220	205
13024	8	25	5	16	245	205
13025	8	25	6	17	48	205
13026	8	25	7	18	4	205
13027	8	25	8	19	8	205
13028	8	25	9	20	237	205
13029	8	25	10	21	161	205
13030	8	26	0	0	197	208
13031	8	26	1	1	247	207
13032	8	26	2	2	84	206
13033	8	26	3	22	52	205
13034	8	26	4	23	13	205
13035	8	26	5	24	118	205
13036	8	26	6	25	74	205
13037	8	26	7	26	85	205
13038	8	26	8	27	180	205
13039	8	26	9	28	96	205
13040	8	27	0	0	197	209
13041	8	27	1	1	247	208
13042	8	27	2	2	84	207
13043	8	27	3	3	14	206
13044	8	27	4	29	189	205
13045	8	27	5	30	127	205
13046	8	27	6	31	27	205
13047	8	27	7	32	62	205
13048	8	27	8	33	95	205
13049	8	28	0	0	197	210
13050	8	28	1	1	247	209
13051	8	28	2	2	84	208
13052	8	28	3	3	14	207
13053	8	28	4	4	88	206
13054	8	28	5	5	142	206
13055	8	28	6	6	62	206
13056	8	28	7	40	229	205
13057	8	29	0	0	197	211
13058	8	29	1	1	247	210
13059	8	29	2	2	84	209
13060	8	29	3	3	14	208
13061	8	29	4	4	88	207
13062	8	29	5	5	142	207
13063	8	29	6	6	62	207
13064	8	30	0	0	197	212
13065	8	30	1	1	247	211
13066	8	30	2	2	84	210
13067	8	30	3	3	14	209
13068	8	30	4	4	88	208
13069	8	30	5	5	142	208
13070	8	31	0	0	197	213
13071	8	31	1	1	247	212
13072	8	31	2	2	84	211
13073	8	31	3	3	14	210
13074	8	31	4	4	88	209
13075	8	32	0	0	197	214
13076	8	32	1	1	247	213
13077	8	32	2	2	84	212
13078	8	32	3	3	14	211
13079	8	33	0	0	197	215
13080	8	33	1	1	247	214
13081	8	33	2	2	84	213
13082	8	34	0	0	197	216
13083	8	34	1	1	247	215
13084	8	35	0	0	197	217
13085	9	0	0	34	152	205
13086	9	0	1	35	39	205
13087	9	0	2	36	226	205
13088	9	0	3	37	46	205
13089	9	0	4	41	33	205
13090	9	0	5	7	233	206
13091	9	0	6	43	59	206
13092	9	0	7	42	28	207
13093	9	0	8	44	47	208
13094	9	0	9	45	187	209
13095	9	0	10	46	222	209
13096	9	0	11	47	74	210
13097	9	0	12	48	37	211
13098	9	0	13	49	98	211
13099	9	0	14	50	98	213
13100	9	0	15	51	102	213
13101	9	0	16	52	102	214
13102	9	0	17	53	17	214
13103	9	0	18	54	17	216
13104	9	0	19	55	177	216
13105	9	0	20	56	217	217
13106	9	0	21	57	158	218
13107	9	0	22	58	79	218
13108	9	0	23	59	112	219
13109	9	0	24	61	125	220
13110	9	0	25	60	169	221
13111	9	0	26	62	190	222
13112	9	0	27	63	203	222
13113	9	0	28	64	203	223
13114	9	0	29	65	239	224
13115	9	0	30	66	248	225
13116	9	0	31	67	254	225
13117	9	0	32	68	127	226
13118	9	0	33	69	128	227
13119	9	0	34	70	128	228
13120	9	0	35	71	107	228
13121	9	0	36	73	160	229
13122	9	0	37	72	89	230
13123	9	0	38	74	232	231
13124	9	1	0	38	230	205
13125	9	1	1	39	249	205
13126	9	1	2	8	256	206
13127	9	1	3	9	31	206
13128	9	1	4	10	204	206
13129	9	1	5	40	30	206
13130	9	1	6	41	5	206
13131	9	1	7	43	213	207
13132	9	1	8	42	77	208
13133	9	1	9	44	215	209
13134	9	1	10	45	243	210
13135	9	1	11	46	250	210
13136	9	1	12	47	169	211
13137	9	1	13	48	213	212
13138	9	1	14	49	71	212
13139	9	1	15	50	71	214
13140	9	1	16	51	226	214
13141	9	1	17	52	226	215
13142	9	1	18	53	209	215
13143	9	1	19	54	209	217
13144	9	1	20	55	241	217
13145	9	1	21	56	249	218
13146	9	1	22	57	83	219
13147	9	1	23	58	170	219
13148	9	1	24	59	228	220
13149	9	1	25	61	215	221
13150	9	1	26	60	243	222
13151	9	1	27	62	38	223
13152	9	1	28	63	92	223
13153	9	1	29	64	92	224
13154	9	1	30	65	202	225
13155	9	1	31	66	101	226
13156	9	1	32	67	205	226
13157	9	1	33	68	231	227
13158	9	1	34	69	77	228
13159	9	1	35	70	77	229
13160	9	1	36	71	227	229
13161	9	1	37	73	7	230
13162	9	2	0	11	146	206
13163	9	2	1	12	124	206
13164	9	2	2	13	114	206
13165	9	2	3	14	174	206
13166	9	2	4	15	206	206
13167	9	2	5	39	6	206
13168	9	2	6	40	6	207
13169	9	2	7	41	1	207
13170	9	2	8	43	52	208
13171	9	2	9	42	14	209
13172	9	2	10	44	43	210
13173	9	2	11	45	100	211
13174	9	2	12	46	50	211
13175	9	2	13	47	188	212
13176	9	2	14	48	94	213
13177	9	2	15	49	117	213
13178	9	2	16	50	117	215
13179	9	2	17	51	148	215
13180	9	2	18	52	148	216
13181	9	2	19	53	196	216
13182	9	2	20	54	196	218
13183	9	2	21	55	151	218
13184	9	2	22	56	204	219
13185	9	2	23	57	68	220
13186	9	2	24	58	34	220
13187	9	2	25	59	97	221
13188	9	2	26	61	81	222
13189	9	2	27	60	180	223
13190	9	2	28	62	59	224
13191	9	2	29	63	224	224
13192	9	2	30	64	224	225
13193	9	2	31	65	246	226
13194	9	2	32	66	123	227
13195	9	2	33	67	41	227
13196	9	2	34	68	149	228
13197	9	2	35	69	221	229
13198	9	2	36	70	221	230
13199	9	3	0	16	124	206
13200	9	3	1	17	144	206
13201	9	3	2	18	152	206
13202	9	3	3	19	115	206
13203	9	3	4	20	204	206
13204	9	3	5	38	55	206
13205	9	3	6	39	104	207
13206	9	3	7	40	104	208
13207	9	3	8	41	103	208
13208	9	3	9	43	2	209
13209	9	3	10	42	251	210
13210	9	3	11	44	60	211
13211	9	3	12	45	20	212
13212	9	3	13	46	10	212
13213	9	3	14	47	89	213
13214	9	3	15	48	173	214
13215	9	3	16	49	229	214
13216	9	3	17	50	229	216
13217	9	3	18	51	81	216
13218	9	3	19	52	81	217
13219	9	3	20	53	142	217
13220	9	3	21	54	142	219
13221	9	3	22	55	133	219
13222	9	3	23	56	195	220
13223	9	3	24	57	65	221
13224	9	3	25	58	161	221
13225	9	3	26	59	225	222
13226	9	3	27	61	178	223
13227	9	3	28	60	180	224
13228	9	3	29	62	166	225
13229	9	3	30	63	199	225
13230	9	3	31	64	199	226
13231	9	3	32	65	152	227
13232	9	3	33	66	76	228
13233	9	3	34	67	111	228
13234	9	3	35	68	184	229
13235	9	4	0	21	244	206
13236	9	4	1	22	36	206
13237	9	4	2	23	94	206
13238	9	4	3	24	202	206
13239	9	4	4	36	66	206
13240	9	4	5	37	22	206
13241	9	4	6	38	11	207
13242	9	4	7	39	175	208
13243	9	4	8	40	175	209
13244	9	4	9	41	72	209
13245	9	4	10	43	9	210
13246	9	4	11	42	161	211
13247	9	4	12	44	12	212
13248	9	4	13	45	4	213
13249	9	4	14	46	2	213
13250	9	4	15	47	172	214
13251	9	4	16	48	86	215
13252	9	4	17	49	200	215
13253	9	4	18	50	200	217
13254	9	4	19	51	119	217
13255	9	4	20	52	119	218
13256	9	4	21	53	234	218
13257	9	4	22	54	234	220
13258	9	4	23	55	78	220
13259	9	4	24	56	39	221
13260	9	4	25	57	13	222
13261	9	4	26	58	135	222
13262	9	4	27	59	45	223
13263	9	4	28	61	253	224
13264	9	4	29	60	245	225
13265	9	4	30	62	136	226
13266	9	4	31	63	194	226
13267	9	4	32	64	194	227
13268	9	4	33	65	236	228
13269	9	4	34	66	118	229
13270	9	5	0	25	95	206
13271	9	5	1	26	187	206
13272	9	5	2	27	150	206
13273	9	5	3	34	182	206
13274	9	5	4	35	232	206
13275	9	5	5	36	116	207
13276	9	5	6	37	210	207
13277	9	5	7	38	105	208
13278	9	5	8	39	35	209
13279	9	5	9	40	35	210
13280	9	5	10	41	220	210
13281	9	5	11	43	168	211
13282	9	5	12	42	107	212
13283	9	5	13	44	208	213
13284	9	5	14	45	155	214
13285	9	5	15	46	206	214
13286	9	5	16	47	240	215
13287	9	5	17	48	120	216
13288	9	5	18	49	40	216
13289	9	5	19	50	40	218
13290	9	5	20	51	178	218
13291	9	5	21	52	178	219
13292	9	5	22	53	201	219
13293	9	5	23	54	201	221
13294	9	5	24	55	67	221
13295	9	5	25	56	162	222
13296	9	5	26	57	54	223
13297	9	5	27	58	27	223
13298	9	5	28	59	9	224
13299	9	5	29	61	238	225
13300	9	5	30	60	21	226
13301	9	5	31	62	130	227
13302	9	5	32	63	193	227
13303	9	5	33	64	193	228
13304	9	6	0	28	153	206
13305	9	6	1	29	45	206
13306	9	6	2	30	191	206
13307	9	6	3	32	111	206
13308	9	6	4	7	68	207
13309	9	6	5	35	252	207
13310	9	6	6	36	126	208
13311	9	6	7	37	42	208
13312	9	6	8	38	21	209
13313	9	6	9	39	7	210
13314	9	6	10	40	7	211
13315	9	6	11	41	44	211
13316	9	6	12	43	36	212
13317	9	6	13	42	229	213
13318	9	6	14	44	93	214
13319	9	6	15	45	31	215
13320	9	6	16	46	144	215
13321	9	6	17	47	48	216
13322	9	6	18	48	24	217
13323	9	6	19	49	8	217
13324	9	6	20	50	8	219
13325	9	6	21	51	87	219
13326	9	6	22	52	87	220
13327	9	6	23	53	143	220
13328	9	6	24	54	143	222
13329	9	6	25	55	219	222
13330	9	6	26	56	238	223
13331	9	6	27	57	165	224
13332	9	6	28	58	211	224
13333	9	6	29	59	156	225
13334	9	6	30	61	229	226
13335	9	6	31	60	255	227
13336	9	6	32	62	26	228
13337	9	7	0	31	227	206
13338	9	7	1	33	157	206
13339	9	7	2	8	173	207
13340	9	7	3	9	202	207
13341	9	7	4	10	195	207
13342	9	7	5	34	254	207
13343	9	7	6	35	256	208
13344	9	7	7	36	128	209
13345	9	7	8	37	214	209
13346	9	7	9	38	107	210
13347	9	7	10	39	207	211
13348	9	7	11	40	207	212
13349	9	7	12	41	163	212
13350	9	7	13	43	203	213
13351	9	7	14	42	59	214
13352	9	7	15	44	70	215
13353	9	7	16	45	109	216
13354	9	7	17	46	183	216
13355	9	7	18	47	61	217
13356	9	7	19	48	159	218
13357	9	7	20	49	53	218
13358	9	7	21	50	53	220
13359	9	7	22	51	223	220
13360	9	7	23	52	223	221
13361	9	7	24	53	80	221
13362	9	7	25	54	80	223
13363	9	7	26	55	198	223
13364	9	7	27	56	99	224
13365	9	7	28	57	33	225
13366	9	7	29	58	145	225
13367	9	7	30	59	134	226
13368	9	7	31	61	226	227
13369	9	8	0	11	16	207
13370	9	8	1	12	131	207
13371	9	8	2	13	136	207
13372	9	8	3	14	186	207
13373	9	8	4	32	202	207
13374	9	8	5	33	205	207
13375	9	8	6	34	205	208
13376	9	8	7	35	154	209
13377	9	8	8	36	77	210
13378	9	8	9	37	197	210
13379	9	8	10	38	227	211
13380	9	8	11	39	247	212
13381	9	8	12	40	247	213
13382	9	8	13	41	84	213
13383	9	8	14	43	162	214
13384	9	8	15	42	126	215
13385	9	8	16	44	14	216
13386	9	8	17	45	176	217
13387	9	8	18	46	88	217
13388	9	8	19	47	115	218
13389	9	8	20	48	186	219
13390	9	8	21	49	62	219
13391	9	8	22	50	62	221
13392	9	8	23	51	96	221
13393	9	8	24	52	96	222
13394	9	8	25	53	16	222
13395	9	8	26	54	16	224
13396	9	8	27	55	91	224
13397	9	8	28	56	174	225
13398	9	8	29	57	58	226
13399	9	8	30	58	29	226
13400	9	9	0	15	155	207
13401	9	9	1	16	42	207
13402	9	9	2	17	35	207
13403	9	9	3	18	216	207
13404	9	9	4	30	9	207
13405	9	9	5	32	246	208
13406	9	9	6	33	41	208
13407	9	9	7	34	41	209
13408	9	9	8	35	185	210
13409	9	9	9	36	221	211
13410	9	9	10	37	245	211
13411	9	9	11	38	251	212
13412	9	9	12	39	255	213
13413	9	9	13	40	255	214
13414	9	9	14	41	171	214
13415	9	9	15	43	252	215
13416	9	9	16	42	178	216
13417	9	9	17	44	157	217
13418	9	9	18	45	138	218
13419	9	9	19	46	69	218
13420	9	9	20	47	23	219
13421	9	9	21	48	140	220
13422	9	9	22	49	218	220
13423	9	9	23	50	218	222
13424	9	9	24	51	122	222
13425	9	9	25	52	122	223
13426	9	9	26	53	106	223
13427	9	9	27	54	106	225
13428	9	9	28	55	121	225
13429	9	9	29	56	189	226
13430	9	10	0	19	235	207
13431	9	10	1	20	51	207
13432	9	10	2	21	105	207
13433	9	10	3	22	138	207
13434	9	10	4	31	247	207
13435	9	10	5	30	190	208
13436	9	10	6	32	152	209
13437	9	10	7	33	111	209
13438	9	10	8	34	111	210
13439	9	10	9	35	37	211
13440	9	10	10	36	147	212
13441	9	10	11	37	49	212
13442	9	10	12	38	153	213
13443	9	10	13	39	51	214
13444	9	10	14	40	51	215
13445	9	10	15	41	137	215
13446	9	10	16	43	156	216
13447	9	10	17	42	123	217
13448	9	10	18	44	237	218
13449	9	10	19	45	79	219
13450	9	10	20	46	168	219
13451	9	10	21	47	56	220
13452	9	10	22	48	28	221
13453	9	10	23	49	95	221
13454	9	10	24	50	95	223
13455	9	10	25	51	230	223
13456	9	10	26	52	230	224
13457	9	10	27	53	124	224
13458	9	10	28	54	124	226
13459	9	11	0	23	6	207
13460	9	11	1	24	6	207
13461	9	11	2	25	220	207
13462	9	11	3	28	136	207
13463	9	11	4	29	131	207
13464	9	11	5	31	150	208
13465	9	11	6	30	116	209
13466	9	11	7	32	236	210
13467	9	11	8	33	125	210
13468	9	11	9	34	125	211
13469	9	11	10	35	213	212
13470	9	11	11	36	235	213
13471	9	11	12	37	164	213
13472	9	11	13	38	82	214
13473	9	11	14	39	113	215
13474	9	11	15	40	113	216
13475	9	11	16	41	233	216
13476	9	11	17	43	114	217
13477	9	11	18	42	175	218
13478	9	11	19	44	253	219
13479	9	11	20	45	170	220
13480	9	11	21	46	85	220
13481	9	11	22	47	114	221
13482	9	11	23	48	57	222
13483	9	11	24	49	19	222
13484	9	11	25	50	19	224
13485	9	11	26	51	46	224
13486	9	11	27	52	46	225
13487	9	12	0	26	71	207
13488	9	12	1	27	67	207
13489	9	12	2	6	105	208
13490	9	12	3	7	97	208
13491	9	12	4	8	255	208
13492	9	12	5	29	129	208
13493	9	12	6	31	9	209
13494	9	12	7	30	163	210
13495	9	12	8	32	150	211
13496	9	12	9	33	25	211
13497	9	12	10	34	25	212
13498	9	12	11	35	94	213
13499	9	12	12	36	47	214
13500	9	12	13	37	187	214
13501	9	12	14	38	222	215
13502	9	12	15	39	74	216
13503	9	12	16	40	74	217
13504	9	12	17	41	98	217
13505	9	12	18	43	173	218
13506	9	12	19	42	119	219
13507	9	12	20	44	102	220
13508	9	12	21	45	34	221
13509	9	12	22	46	17	221
13510	9	12	23	47	177	222
13511	9	12	24	48	217	223
13512	9	12	25	49	158	223
13513	9	12	26	50	158	225
13514	9	13	0	9	118	208
13515	9	13	1	10	199	208
13516	9	13	2	11	196	208
13517	9	13	3	12	106	208
13518	9	13	4	27	52	208
13519	9	13	5	28	26	208
13520	9	13	6	29	180	209
13521	9	13	7	31	49	210
13522	9	13	8	30	194	211
13523	9	13	9	32	30	212
13524	9	13	10	33	5	212
13525	9	13	11	34	5	213
13526	9	13	12	35	173	214
13527	9	13	13	36	215	215
13528	9	13	14	37	243	215
13529	9	13	15	38	250	216
13530	9	13	16	39	169	217
13531	9	13	17	40	169	218
13532	9	13	18	41	71	218
13533	9	13	19	43	188	219
13534	9	13	20	42	240	220
13535	9	13	21	44	226	221
13536	9	13	22	45	161	222
13537	9	13	23	46	209	222
13538	9	13	24	47	241	223
13539	9	13	25	48	249	224
13540	9	14	0	13	64	208
13541	9	14	1	14	126	208
13542	9	14	2	15	140	208
13543	9	14	3	16	125	208
13544	9	14	4	26	134	208
13545	9	14	5	27	216	209
13546	9	14	6	28	108	209
13547	9	14	7	29	36	210
13548	9	14	8	31	194	211
13549	9	14	9	30	187	212
13550	9	14	10	32	6	213
13551	9	14	11	33	1	213
13552	9	14	12	34	1	214
13553	9	14	13	35	86	215
13554	9	14	14	36	43	216
13555	9	14	15	37	100	216
13556	9	14	16	38	50	217
13557	9	14	17	39	188	218
13558	9	14	18	40	188	219
13559	9	14	19	41	117	219
13560	9	14	20	43	58	220
13561	9	14	21	42	180	221
13562	9	14	22	44	148	222
13563	9	14	23	45	135	223
13564	9	14	24	46	196	223
13565	9	15	0	17	125	208
13566	9	15	1	18	103	208
13567	9	15	2	19	132	208
13568	9	15	3	24	58	208
13569	9	15	4	25	105	208
13570	9	15	5	26	181	209
13571	9	15	6	27	146	210
13572	9	15	7	28	73	210
13573	9	15	8	29	110	211
13574	9	15	9	31	199	212
13575	9	15	10	30	20	213
13576	9	15	11	32	104	214
13577	9	15	12	33	103	214
13578	9	15	13	34	103	215
13579	9	15	14	35	120	216
13580	9	15	15	36	60	217
13581	9	15	16	37	20	217
13582	9	15	17	38	10	218
13583	9	15	18	39	89	219
13584	9	15	19	40	89	220
13585	9	15	20	41	229	220
13586	9	15	21	43	211	221
13587	9	15	22	42	163	222
13588	9	15	23	44	81	223
13589	9	16	0	20	253	208
13590	9	16	1	21	186	208
13591	9	16	2	22	196	208
13592	9	16	3	23	160	208
13593	9	16	4	24	63	209
13594	9	16	5	25	21	209
13595	9	16	6	26	139	210
13596	9	16	7	27	132	211
13597	9	16	8	28	66	211
13598	9	16	9	29	22	212
13599	9	16	10	31	41	213
13600	9	16	11	30	44	214
13601	9	16	12	32	175	215
13602	9	16	13	33	72	215
13603	9	16	14	34	72	216
13604	9	16	15	35	24	217
13605	9	16	16	36	12	218
13606	9	16	17	37	4	218
13607	9	16	18	38	2	219
13608	9	16	19	39	172	220
13609	9	16	20	40	172	221
13610	9	16	21	41	200	221
13611	9	16	22	43	226	222
13612	9	17	0	5	19	209
13613	9	17	1	6	89	209
13614	9	17	2	7	16	209
13615	9	17	3	8	89	209
13616	9	17	4	9	248	209
13617	9	17	5	24	64	210
13618	9	17	6	25	107	210
13619	9	17	7	26	182	211
13620	9	17	8	27	232	212
13621	9	17	9	28	116	212
13622	9	17	10	29	210	213
13623	9	17	11	31	29	214
13624	9	17	12	30	39	215
13625	9	17	13	32	35	216
13626	9	17	14	33	220	216
13627	9	17	15	34	220	217
13628	9	17	16	35	159	218
13629	9	17	17	36	208	219
13630	9	17	18	37	155	219
13631	9	17	19	38	206	220
13632	9	17	20	39	240	221
13633	9	17	21	40	240	222
13634	9	18	0	10	181	209
13635	9	18	1	11	84	209
13636	9	18	2	12	221	209
13637	9	18	3	13	245	209
13638	9	18	4	22	231	209
13639	9	18	5	23	167	209
13640	9	18	6	24	167	211
13641	9	18	7	25	227	211
13642	9	18	8	26	242	212
13643	9	18	9	27	252	213
13644	9	18	10	28	126	213
13645	9	18	11	29	42	214
13646	9	18	12	31	195	215
13647	9	18	13	30	212	216
13648	9	18	14	32	7	217
13649	9	18	15	33	44	217
13650	9	18	16	34	44	218
13651	9	18	17	35	186	219
13652	9	18	18	36	93	220
13653	9	18	19	37	31	220
13654	9	18	20	38	144	221
13655	9	19	0	14	168	209
13656	9	19	1	15	185	209
13657	9	19	2	16	176	209
13658	9	19	3	20	123	209
13659	9	19	4	21	149	209
13660	9	19	5	22	149	210
13661	9	19	6	23	239	210
13662	9	19	7	24	239	212
13663	9	19	8	25	251	212
13664	9	19	9	26	254	213
13665	9	19	10	27	256	214
13666	9	19	11	28	128	214
13667	9	19	12	29	214	215
13668	9	19	13	31	46	216
13669	9	19	14	30	65	217
13670	9	19	15	32	207	218
13671	9	19	16	33	163	218
13672	9	19	17	34	163	219
13673	9	19	18	35	140	220
13674	9	19	19	36	70	221
13675	9	20	0	17	15	209
13676	9	20	1	18	74	209
13677	9	20	2	19	146	209
13678	9	20	3	4	56	210
13679	9	20	4	20	76	210
13680	9	20	5	21	184	210
13681	9	20	6	22	184	211
13682	9	20	7	23	202	211
13683	9	20	8	24	202	213
13684	9	20	9	25	153	213
13685	9	20	10	26	205	214
13686	9	20	11	27	154	215
13687	9	20	12	28	77	215
13688	9	20	13	29	197	216
13689	9	20	14	31	62	217
13690	9	20	15	30	181	218
13691	9	20	16	32	247	219
13692	9	20	17	33	84	219
13693	9	20	18	34	84	220
13694	9	21	0	5	19	210
13695	9	21	1	6	23	210
13696	9	21	2	7	99	210
13697	9	21	3	8	87	210
13698	9	21	4	9	147	210
13699	9	21	5	20	118	211
13700	9	21	6	21	191	211
13701	9	21	7	22	191	212
13702	9	21	8	23	246	212
13703	9	21	9	24	246	214
13704	9	21	10	25	82	214
13705	9	21	11	26	41	215
13706	9	21	12	27	185	216
13707	9	21	13	28	221	216
13708	9	21	14	29	245	217
13709	9	21	15	31	208	218
13710	9	21	16	30	247	219
13711	9	21	17	32	255	220
13712	9	22	0	10	1	210
13713	9	22	1	11	239	210
13714	9	22	2	15	148	210
13715	9	22	3	17	65	210
13716	9	22	4	18	225	210
13717	9	22	5	19	75	210
13718	9	22	6	20	75	212
13719	9	22	7	21	141	212
13720	9	22	8	22	141	213
13721	9	22	9	23	152	213
13722	9	22	10	24	152	215
13723	9	22	11	25	222	215
13724	9	22	12	26	111	216
13725	9	22	13	27	37	217
13726	9	22	14	28	147	217
13727	9	22	15	29	49	218
13728	9	22	16	31	91	219
13729	9	23	0	12	124	210
13730	9	23	1	14	188	210
13731	9	23	2	16	168	210
13732	9	23	3	4	231	211
13733	9	23	4	5	101	211
13734	9	23	5	18	45	211
13735	9	23	6	19	15	211
13736	9	23	7	20	15	213
13737	9	23	8	21	131	213
13738	9	23	9	22	131	214
13739	9	23	10	23	236	214
13740	9	23	11	24	236	216
13741	9	23	12	25	250	216
13742	9	23	13	26	125	217
13743	9	23	14	27	213	218
13744	9	23	15	28	235	218
13745	9	24	0	13	117	210
13746	9	24	1	6	222	211
13747	9	24	2	7	102	211
13748	9	24	3	8	244	211
13749	9	24	4	15	126	211
13750	9	24	5	17	18	211
13751	9	24	6	18	9	212
13752	9	24	7	19	3	212
13753	9	24	8	20	3	214
13754	9	24	9	21	129	214
13755	9	24	10	22	129	215
13756	9	24	11	23	150	215
13757	9	24	12	24	150	217
13758	9	24	13	25	50	217
13759	9	24	14	26	25	218
13760	9	25	0	9	139	211
13761	9	25	1	10	162	211
13762	9	25	2	12	169	211
13763	9	25	3	14	143	211
13764	9	25	4	16	107	211
13765	9	25	5	3	219	212
13766	9	25	6	17	55	212
13767	9	25	7	18	156	213
13768	9	25	8	19	52	213
13769	9	25	9	20	52	215
13770	9	25	10	21	180	215
13771	9	25	11	22	180	216
13772	9	25	12	23	30	216
13773	9	25	13	24	30	218
13774	9	26	0	11	184	211
13775	9	26	1	13	128	211
13776	9	26	2	4	49	212
13777	9	26	3	5	133	212
13778	9	26	4	6	68	212
13779	9	26	5	15	66	212
13780	9	26	6	16	33	212
13781	9	26	7	17	11	213
13782	9	26	8	18	134	214
13783	9	26	9	19	216	214
13784	9	26	10	20	216	216
13785	9	26	11	21	36	216
13786	9	26	12	22	36	217
13787	9	27	0	7	140	212
13788	9	27	1	8	185	212
13789	9	27	2	9	39	212
13790	9	27	3	10	74	212
13791	9	27	4	12	17	212
13792	9	27	5	14	91	212
13793	9	27	6	15	116	213
13794	9	27	7	16	58	213
13795	9	27	8	17	105	214
13796	9	27	9	18	181	215
13797	9	27	10	19	146	215
13798	9	27	11	20	146	217
13799	9	28	0	11	134	212
13800	9	28	1	13	15	212
13801	9	28	2	3	250	213
13802	9	28	3	4	173	213
13803	9	28	4	5	240	213
13804	9	28	5	6	82	213
13805	9	28	6	14	121	213
13806	9	28	7	15	126	214
13807	9	28	8	16	63	214
13808	9	28	9	17	21	215
13809	9	28	10	18	139	216
13810	9	29	0	7	169	213
13811	9	29	1	8	104	213
13812	9	29	2	9	115	213
13813	9	29	3	10	93	213
13814	9	29	4	12	4	213
13815	9	29	5	2	239	214
13816	9	29	6	3	123	214
13817	9	29	7	14	127	214
13818	9	29	8	15	128	215
13819	9	29	9	16	64	215
13820	9	30	0	11	92	213
13821	9	30	1	13	64	213
13822	9	30	2	4	217	214
13823	9	30	3	5	244	214
13824	9	30	4	6	215	214
13825	9	30	5	7	131	214
13826	9	30	6	12	132	214
13827	9	30	7	2	155	215
13828	9	30	8	14	231	215
13829	9	31	0	8	134	214
13830	9	31	1	9	161	214
13831	9	31	2	10	183	214
13832	9	31	3	13	171	214
13833	9	31	4	3	112	215
13834	9	31	5	4	228	215
13835	9	31	6	5	160	215
13836	9	31	7	12	101	215
13837	9	32	0	11	67	214
13838	9	32	1	6	32	215
13839	9	32	2	7	177	215
13840	9	32	3	8	25	215
13841	9	32	4	10	72	215
13842	9	32	5	13	84	215
13843	9	32	6	1	178	216
13844	9	33	0	9	222	215
13845	9	33	1	11	183	215
13846	9	33	2	2	85	216
13847	9	33	3	3	43	216
13848	9	33	4	4	166	216
13849	9	33	5	5	61	216
13850	9	34	0	6	91	216
13851	9	34	1	7	75	216
13852	9	34	2	8	9	216
13853	9	34	3	9	155	216
13854	9	34	4	10	168	216
13855	9	35	0	11	231	216
13856	9	35	1	12	69	216
13857	9	35	2	13	176	216
13858	9	35	3	14	200	216
13859	9	36	0	15	217	216
13860	9	36	1	16	9	216
13861	9	36	2	17	161	216
13862	9	37	0	19	165	216
13863	9	37	1	1	142	217
13864	9	38	0	2	184	217
13865	10	0	0	75	60	232
13866	10	0	1	76	30	232
13867	10	0	2	77	10	233
13868	10	0	3	78	5	234
13869	10	0	4	79	173	234
13870	10	0	5	80	173	236
13871	10	0	6	81	243	236
13872	10	0	7	82	243	237
13873	10	0	8	83	169	237
13874	10	0	9	84	169	239
13875	10	0	10	85	142	239
13876	10	0	11	86	71	240
13877	10	0	12	87	195	241
13878	10	0	13	88	226	241
13879	10	0	14	89	161	242
13880	10	0	15	91	6	243
13881	10	0	16	90	1	244
13882	10	0	17	92	241	245
13883	10	0	18	93	83	245
13884	10	0	19	94	83	246
13885	10	0	20	95	199	247
13886	10	0	21	96	228	248
13887	10	0	22	97	76	248
13888	10	0	23	98	38	249
13889	10	0	24	99	184	250
13890	10	0	25	100	184	251
13891	10	0	26	101	202	251
13892	10	0	27	103	231	252
13893	10	0	28	102	110	253
13894	10	0	29	104	205	254
13895	10	0	30	105	154	255
13896	10	0	31	106	77	255
13897	10	0	32	107	197	256
13898	10	0	33	108	227	257
13899	10	0	34	109	247	257
13900	10	0	35	110	247	259
13901	10	0	36	111	84	259
13902	10	0	37	112	84	260
13903	10	0	38	113	14	260
13904	10	0	39	114	14	262
13905	10	0	40	115	176	262
13906	10	0	41	116	88	263
13907	10	0	42	117	115	264
13908	10	0	43	118	186	264
13909	10	1	0	72	179	231
13910	10	1	1	74	136	232
13911	10	1	2	75	131	233
13912	10	1	3	76	194	233
13913	10	1	4	77	236	234
13914	10	1	5	78	118	235
13915	10	1	6	79	125	235
13916	10	1	7	80	125	237
13917	10	1	8	81	235	237
13918	10	1	9	82	235	238
13919	10	1	10	83	82	238
13920	10	1	11	84	82	240
13921	10	1	12	85	113	240
13922	10	1	13	86	185	241
13923	10	1	14	87	233	242
13924	10	1	15	88	245	242
13925	10	1	16	89	253	243
13926	10	1	17	91	100	244
13927	10	1	18	90	209	245
13928	10	1	19	92	85	246
13929	10	1	20	93	57	246
13930	10	1	21	94	57	247
13931	10	1	22	95	19	248
13932	10	1	23	96	138	249
13933	10	1	24	97	46	249
13934	10	1	25	98	23	250
13935	10	1	26	99	179	251
13936	10	1	27	100	179	252
13937	10	1	28	101	244	252
13938	10	1	29	103	125	253
13939	10	1	30	102	57	254
13940	10	1	31	104	212	255
13941	10	1	32	105	242	256
13942	10	1	33	106	121	256
13943	10	1	34	107	126	257
13944	10	1	35	108	63	258
13945	10	1	36	109	21	258
13946	10	1	37	110	21	260
13947	10	1	38	111	132	260
13948	10	1	39	112	132	261
13949	10	1	40	113	22	261
13950	10	1	41	114	22	263
13951	10	1	42	115	93	263
13952	10	2	0	71	34	230
13953	10	2	1	73	3	231
13954	10	2	2	72	50	232
13955	10	2	3	74	177	233
13956	10	2	4	75	59	234
13957	10	2	5	76	158	234
13958	10	2	6	77	224	235
13959	10	2	7	78	112	236
13960	10	2	8	79	123	236
13961	10	2	9	80	123	238
13962	10	2	10	81	149	238
13963	10	2	11	82	149	239
13964	10	2	12	83	239	239
13965	10	2	13	84	239	241
13966	10	2	14	85	251	241
13967	10	2	15	86	254	242
13968	10	2	16	87	256	243
13969	10	2	17	88	128	243
13970	10	2	18	89	214	244
13971	10	2	19	91	11	245
13972	10	2	20	90	155	246
13973	10	2	21	92	207	247
13974	10	2	22	93	163	247
13975	10	2	23	94	163	248
13976	10	2	24	95	140	249
13977	10	2	25	96	70	250
13978	10	2	26	97	109	250
13979	10	2	27	98	183	251
13980	10	2	28	99	61	252
13981	10	2	29	100	61	253
13982	10	2	30	101	53	253
13983	10	2	31	103	6	254
13984	10	2	32	102	129	255
13985	10	2	33	104	223	256
13986	10	2	34	105	160	257
13987	10	2	35	106	80	257
13988	10	2	36	107	198	258
13989	10	2	37	108	99	259
13990	10	2	38	109	33	259
13991	10	2	39	110	33	261
13992	10	2	40	111	134	261
13993	10	2	41	112	134	262
13994	10	3	0	69	137	230
13995	10	3	1	70	137	231
13996	10	3	2	71	237	231
13997	10	3	3	73	17	232
13998	10	3	4	72	243	233
13999	10	3	5	74	168	234
14000	10	3	6	75	56	235
14001	10	3	7	76	28	235
14002	10	3	8	77	95	236
14003	10	3	9	78	176	237
14004	10	3	10	79	230	237
14005	10	3	11	80	230	239
14006	10	3	12	81	124	239
14007	10	3	13	82	124	240
14008	10	3	14	83	192	240
14009	10	3	15	84	192	242
14010	10	3	16	85	64	242
14011	10	3	17	86	32	243
14012	10	3	18	87	182	244
14013	10	3	19	88	91	244
14014	10	3	20	89	116	245
14015	10	3	21	91	181	246
14016	10	3	22	90	25	247
14017	10	3	23	92	105	248
14018	10	3	24	93	146	248
14019	10	3	25	94	146	249
14020	10	3	26	95	220	250
14021	10	3	27	96	110	251
14022	10	3	28	97	208	251
14023	10	3	29	98	104	252
14024	10	3	30	99	206	253
14025	10	3	31	100	206	254
14026	10	3	32	101	120	254
14027	10	3	33	103	156	255
14028	10	3	34	102	123	256
14029	10	3	35	104	20	257
14030	10	3	36	105	178	258
14031	10	3	37	106	89	258
14032	10	3	38	107	201	259
14033	10	3	39	108	229	260
14034	10	3	40	109	162	260
14035	10	4	0	67	227	229
14036	10	4	1	68	242	230
14037	10	4	2	69	252	231
14038	10	4	3	70	252	232
14039	10	4	4	71	42	232
14040	10	4	5	73	67	233
14041	10	4	6	72	80	234
14042	10	4	7	74	7	235
14043	10	4	8	75	88	236
14044	10	4	9	76	44	236
14045	10	4	10	77	186	237
14046	10	4	11	78	93	238
14047	10	4	12	79	31	238
14048	10	4	13	80	31	240
14049	10	4	14	81	48	240
14050	10	4	15	82	48	241
14051	10	4	16	83	8	241
14052	10	4	17	84	8	243
14053	10	4	18	85	174	243
14054	10	4	19	86	87	244
14055	10	4	20	87	29	245
14056	10	4	21	88	143	245
14057	10	4	22	89	219	246
14058	10	4	23	91	227	247
14059	10	4	24	90	48	248
14060	10	4	25	92	165	249
14061	10	4	26	93	156	249
14062	10	4	27	94	156	250
14063	10	4	28	95	52	251
14064	10	4	29	96	26	252
14065	10	4	30	97	180	252
14066	10	4	31	98	90	253
14067	10	4	32	99	30	254
14068	10	4	33	100	30	255
14069	10	4	34	101	5	255
14070	10	4	35	103	187	256
14071	10	4	36	102	254	257
14072	10	4	37	104	215	258
14073	10	4	38	105	243	259
14074	10	4	39	106	250	259
14075	10	5	0	65	121	229
14076	10	5	1	66	189	230
14077	10	5	2	67	63	230
14078	10	5	3	68	160	231
14079	10	5	4	69	139	232
14080	10	5	5	70	139	233
14081	10	5	6	71	66	233
14082	10	5	7	73	6	234
14083	10	5	8	72	136	235
14084	10	5	9	74	11	236
14085	10	5	10	75	175	237
14086	10	5	11	76	216	237
14087	10	5	12	77	72	238
14088	10	5	13	78	36	239
14089	10	5	14	79	12	239
14090	10	5	15	80	12	241
14091	10	5	16	81	2	241
14092	10	5	17	82	2	242
14093	10	5	18	83	86	242
14094	10	5	19	84	86	244
14095	10	5	20	85	200	244
14096	10	5	21	86	100	245
14097	10	5	22	87	119	246
14098	10	5	23	88	188	246
14099	10	5	24	89	234	247
14100	10	5	25	91	235	248
14101	10	5	26	90	41	249
14102	10	5	27	92	39	250
14103	10	5	28	93	135	250
14104	10	5	29	94	135	251
14105	10	5	30	95	45	252
14106	10	5	31	96	151	253
14107	10	5	32	97	136	253
14108	10	5	33	98	68	254
14109	10	5	34	99	194	255
14110	10	5	35	100	194	256
14111	10	5	36	101	118	256
14112	10	5	37	103	192	257
14113	10	5	38	102	153	258
14114	10	6	0	63	240	228
14115	10	6	1	64	240	229
14116	10	6	2	65	80	230
14117	10	6	3	66	40	231
14118	10	6	4	67	99	231
14119	10	6	5	68	178	232
14120	10	6	6	69	145	233
14121	10	6	7	70	145	234
14122	10	6	8	71	67	234
14123	10	6	9	73	16	235
14124	10	6	10	72	63	236
14125	10	6	11	74	54	237
14126	10	6	12	75	18	238
14127	10	6	13	76	9	238
14128	10	6	14	77	3	239
14129	10	6	15	78	130	240
14130	10	6	16	79	129	240
14131	10	6	17	80	129	242
14132	10	6	18	81	150	242
14133	10	6	19	82	150	243
14134	10	6	20	83	25	243
14135	10	6	21	84	25	245
14136	10	6	22	85	94	245
14137	10	6	23	86	47	246
14138	10	6	24	87	187	247
14139	10	6	25	88	222	247
14140	10	6	26	89	74	248
14141	10	6	27	91	199	249
14142	10	6	28	90	63	250
14143	10	6	29	92	98	251
14144	10	6	30	93	102	251
14145	10	6	31	94	102	252
14146	10	6	32	95	34	253
14147	10	6	33	96	17	254
14148	10	6	34	97	177	254
14149	10	6	35	98	217	255
14150	10	6	36	99	158	256
14151	10	6	37	100	158	257
14152	10	7	0	60	135	228
14153	10	7	1	62	60	229
14154	10	7	2	63	10	229
14155	10	7	3	64	10	230
14156	10	7	4	65	89	231
14157	10	7	5	66	173	232
14158	10	7	6	67	229	232
14159	10	7	7	68	243	233
14160	10	7	8	69	81	234
14161	10	7	9	70	81	235
14162	10	7	10	71	142	235
14163	10	7	11	73	4	236
14164	10	7	12	72	145	237
14165	10	7	13	74	195	238
14166	10	7	14	75	65	239
14167	10	7	15	76	161	239
14168	10	7	16	77	225	240
14169	10	7	17	78	241	241
14170	10	7	18	79	166	241
14171	10	7	19	80	166	243
14172	10	7	20	81	199	243
14173	10	7	21	82	199	244
14174	10	7	22	83	76	244
14175	10	7	23	84	76	246
14176	10	7	24	85	111	246
14177	10	7	25	86	184	247
14178	10	7	26	87	147	248
14179	10	7	27	88	202	248
14180	10	7	28	89	153	249
14181	10	7	29	91	171	250
14182	10	7	30	90	11	251
14183	10	7	31	92	154	252
14184	10	7	32	93	197	252
14185	10	7	33	94	197	253
14186	10	7	34	95	237	254
14187	10	7	35	96	247	255
14188	10	7	36	97	168	255
14189	10	8	0	59	15	227
14190	10	8	1	61	235	228
14191	10	8	2	60	101	229
14192	10	8	3	62	131	230
14193	10	8	4	63	236	230
14194	10	8	5	64	236	231
14195	10	8	6	65	250	232
14196	10	8	7	66	125	233
14197	10	8	8	67	213	233
14198	10	8	9	68	235	234
14199	10	8	10	69	164	235
14200	10	8	11	70	164	236
14201	10	8	12	71	113	236
14202	10	8	13	73	36	237
14203	10	8	14	72	161	238
14204	10	8	15	74	233	239
14205	10	8	16	75	249	240
14206	10	8	17	76	253	240
14207	10	8	18	77	170	241
14208	10	8	19	78	85	242
14209	10	8	20	79	114	242
14210	10	8	21	80	114	244
14211	10	8	22	81	19	244
14212	10	8	23	82	19	245
14213	10	8	24	83	46	245
14214	10	8	25	84	46	247
14215	10	8	26	85	101	247
14216	10	8	27	86	179	248
14217	10	8	28	87	231	249
14218	10	8	29	88	244	249
14219	10	8	30	89	167	250
14220	10	8	31	91	67	251
14221	10	8	32	90	210	252
14222	10	8	33	92	242	253
14223	10	8	34	93	126	253
14224	10	8	35	94	126	254
14225	10	9	0	57	68	227
14226	10	9	1	58	34	227
14227	10	9	2	59	97	228
14228	10	9	3	61	27	229
14229	10	9	4	60	26	230
14230	10	9	5	62	59	231
14231	10	9	6	63	224	231
14232	10	9	7	64	224	232
14233	10	9	8	65	246	233
14234	10	9	9	66	123	234
14235	10	9	10	67	41	234
14236	10	9	11	68	149	235
14237	10	9	12	69	221	236
14238	10	9	13	70	221	237
14239	10	9	14	71	251	237
14240	10	9	15	73	119	238
14241	10	9	16	72	190	239
14242	10	9	17	74	256	240
14243	10	9	18	75	171	241
14244	10	9	19	76	214	241
14245	10	9	20	77	157	242
14246	10	9	21	78	207	243
14247	10	9	22	79	69	243
14248	10	9	23	80	69	245
14249	10	9	24	81	140	245
14250	10	9	25	82	140	246
14251	10	9	26	83	109	246
14252	10	9	27	84	109	248
14253	10	9	28	85	122	248
14254	10	9	29	86	61	249
14255	10	9	30	87	106	250
14256	10	9	31	88	53	250
14257	10	9	32	89	189	251
14258	10	9	33	91	103	252
14259	10	9	34	90	173	253
14260	10	10	0	55	17	226
14261	10	10	1	56	137	227
14262	10	10	2	57	217	228
14263	10	10	3	58	237	228
14264	10	10	4	59	79	229
14265	10	10	5	61	71	230
14266	10	10	6	60	68	231
14267	10	10	7	62	56	232
14268	10	10	8	63	95	232
14269	10	10	9	64	95	233
14270	10	10	10	65	203	234
14271	10	10	11	66	230	235
14272	10	10	12	67	248	235
14273	10	10	13	68	124	236
14274	10	10	14	69	127	237
14275	10	10	15	70	127	238
14276	10	10	16	71	64	238
14277	10	10	17	73	133	239
14278	10	10	18	72	210	240
14279	10	10	19	74	182	241
14280	10	10	20	75	232	242
14281	10	10	21	76	116	242
14282	10	10	22	77	210	243
14283	10	10	23	78	105	244
14284	10	10	24	79	35	244
14285	10	10	25	80	35	246
14286	10	10	26	81	220	246
14287	10	10	27	82	220	247
14288	10	10	28	83	208	247
14289	10	10	29	84	208	249
14290	10	10	30	85	155	249
14291	10	10	31	86	206	250
14292	10	10	32	87	240	251
14293	10	10	33	88	120	251
14294	10	11	0	53	227	225
14295	10	11	1	54	227	227
14296	10	11	2	55	247	227
14297	10	11	3	56	252	228
14298	10	11	4	57	84	229
14299	10	11	5	58	42	229
14300	10	11	6	59	14	230
14301	10	11	7	61	125	231
14302	10	11	8	60	95	232
14303	10	11	9	62	88	233
14304	10	11	10	63	186	233
14305	10	11	11	64	186	234
14306	10	11	12	65	62	235
14307	10	11	13	66	31	236
14308	10	11	14	67	96	236
14309	10	11	15	68	48	237
14310	10	11	16	69	16	238
14311	10	11	17	70	16	239
14312	10	11	18	71	174	239
14313	10	11	19	73	14	240
14314	10	11	20	72	227	241
14315	10	11	21	74	29	242
14316	10	11	22	75	181	243
14317	10	11	23	76	219	243
14318	10	11	24	77	73	244
14319	10	11	25	78	165	245
14320	10	11	26	79	55	245
14321	10	11	27	80	55	247
14322	10	11	28	81	52	247
14323	10	11	29	82	52	248
14324	10	11	30	83	180	248
14325	10	11	31	84	180	250
14326	10	11	32	85	60	250
14327	10	12	0	51	121	225
14328	10	12	1	52	121	226
14329	10	12	2	53	63	226
14330	10	12	3	54	63	228
14331	10	12	4	55	21	228
14332	10	12	5	56	139	229
14333	10	12	6	57	132	230
14334	10	12	7	58	66	230
14335	10	12	8	59	22	231
14336	10	12	9	61	249	232
14337	10	12	10	60	160	233
14338	10	12	11	62	175	234
14339	10	12	12	63	72	234
14340	10	12	13	64	72	235
14341	10	12	14	65	24	236
14342	10	12	15	66	12	237
14343	10	12	16	67	4	237
14344	10	12	17	68	2	238
14345	10	12	18	69	172	239
14346	10	12	19	70	172	240
14347	10	12	20	71	200	240
14348	10	12	21	73	46	241
14349	10	12	22	72	86	242
14350	10	12	23	74	119	243
14351	10	12	24	75	211	244
14352	10	12	25	76	234	244
14353	10	12	26	77	78	245
14354	10	12	27	78	39	246
14355	10	12	28	79	13	246
14356	10	12	29	80	13	248
14357	10	12	30	81	45	248
14358	10	12	31	82	45	249
14359	10	13	0	49	223	224
14360	10	13	1	50	223	226
14361	10	13	2	51	80	226
14362	10	13	3	52	80	227
14363	10	13	4	53	99	227
14364	10	13	5	54	99	229
14365	10	13	6	55	33	229
14366	10	13	7	56	145	230
14367	10	13	8	57	134	231
14368	10	13	9	58	67	231
14369	10	13	10	59	108	232
14370	10	13	11	61	112	233
14371	10	13	12	60	1	234
14372	10	13	13	62	18	235
14373	10	13	14	63	3	235
14374	10	13	15	64	3	236
14375	10	13	16	65	1	237
14376	10	13	17	66	129	238
14377	10	13	18	67	43	238
14378	10	13	19	68	150	239
14379	10	13	20	69	50	240
14380	10	13	21	70	50	241
14381	10	13	22	71	94	241
14382	10	13	23	73	110	242
14383	10	13	24	72	200	243
14384	10	13	25	74	187	244
14385	10	13	26	75	148	245
14386	10	13	27	76	74	245
14387	10	13	28	77	196	246
14388	10	13	29	78	98	247
14389	10	13	30	79	204	247
14390	10	14	0	47	120	224
14391	10	14	1	48	60	225
14392	10	14	2	49	20	225
14393	10	14	3	50	20	227
14394	10	14	4	51	89	227
14395	10	14	5	52	89	228
14396	10	14	6	53	229	228
14397	10	14	7	54	229	230
14398	10	14	8	55	162	230
14399	10	14	9	56	81	231
14400	10	14	10	57	27	232
14401	10	14	11	58	142	232
14402	10	14	12	59	133	233
14403	10	14	13	61	120	234
14404	10	14	14	60	110	235
14405	10	14	15	62	65	236
14406	10	14	16	63	225	236
14407	10	14	17	64	225	237
14408	10	14	18	65	75	238
14409	10	14	19	66	166	239
14410	10	14	20	67	141	239
14411	10	14	21	68	199	240
14412	10	14	22	69	152	241
14413	10	14	23	70	152	242
14414	10	14	24	71	111	242
14415	10	14	25	73	101	243
14416	10	14	26	72	70	244
14417	10	14	27	74	147	245
14418	10	14	28	75	49	246
14419	10	14	29	76	153	246
14420	10	15	0	45	30	224
14421	10	15	1	46	15	224
14422	10	15	2	47	5	225
14423	10	15	3	48	131	226
14424	10	15	4	49	215	226
14425	10	15	5	50	215	228
14426	10	15	6	51	250	228
14427	10	15	7	52	250	229
14428	10	15	8	53	213	229
14429	10	15	9	54	213	231
14430	10	15	10	55	71	231
14431	10	15	11	56	164	232
14432	10	15	12	57	226	233
14433	10	15	13	58	113	233
14434	10	15	14	59	209	234
14435	10	15	15	61	174	235
14436	10	15	16	60	113	236
14437	10	15	17	62	249	237
14438	10	15	18	63	170	237
14439	10	15	19	64	170	238
14440	10	15	20	65	228	239
14441	10	15	21	66	114	240
14442	10	15	22	67	38	240
14443	10	15	23	68	19	241
14444	10	15	24	69	92	242
14445	10	15	25	70	92	243
14446	10	15	26	71	101	243
14447	10	15	27	73	93	244
14448	10	15	28	72	31	245
14449	10	16	0	42	190	223
14450	10	16	1	44	68	224
14451	10	16	2	45	194	225
14452	10	16	3	46	97	225
14453	10	16	4	47	118	226
14454	10	16	5	48	59	227
14455	10	16	6	49	191	227
14456	10	16	7	50	191	229
14457	10	16	8	51	246	229
14458	10	16	9	52	246	230
14459	10	16	10	53	41	230
14460	10	16	11	54	41	232
14461	10	16	12	55	185	232
14462	10	16	13	56	221	233
14463	10	16	14	57	245	234
14464	10	16	15	58	251	234
14465	10	16	16	59	255	235
14466	10	16	17	61	25	236
14467	10	16	18	60	209	237
14468	10	16	19	62	171	238
14469	10	16	20	63	157	238
14470	10	16	21	64	157	239
14471	10	16	22	65	138	240
14472	10	16	23	66	69	241
14473	10	16	24	67	23	241
14474	10	16	25	68	140	242
14475	10	16	26	69	218	243
14476	10	16	27	70	218	244
14477	10	17	0	41	17	222
14478	10	17	1	43	214	223
14479	10	17	2	42	32	224
14480	10	17	3	44	217	225
14481	10	17	4	45	158	226
14482	10	17	5	46	79	226
14483	10	17	6	47	112	227
14484	10	17	7	48	56	228
14485	10	17	8	49	190	228
14486	10	17	9	50	190	230
14487	10	17	10	51	203	230
14488	10	17	11	52	203	231
14489	10	17	12	53	248	231
14490	10	17	13	54	248	233
14491	10	17	14	55	254	233
14492	10	17	15	56	127	234
14493	10	17	16	57	128	235
14494	10	17	17	58	64	235
14495	10	17	18	59	107	236
14496	10	17	19	61	58	237
14497	10	17	20	60	86	238
14498	10	17	21	62	232	239
14499	10	17	22	63	210	239
14500	10	17	23	64	210	240
14501	10	17	24	65	70	241
14502	10	17	25	66	35	242
14503	10	17	26	67	183	242
14504	10	18	0	39	197	222
14505	10	18	1	40	197	223
14506	10	18	2	41	247	223
14507	10	18	3	43	12	224
14508	10	18	4	42	70	225
14509	10	18	5	44	84	226
14510	10	18	6	45	28	227
14511	10	18	7	46	14	227
14512	10	18	8	47	176	228
14513	10	18	9	48	88	229
14514	10	18	10	49	115	229
14515	10	18	11	50	115	231
14516	10	18	12	51	62	231
14517	10	18	13	52	62	232
14518	10	18	14	53	96	232
14519	10	18	15	54	96	234
14520	10	18	16	55	32	234
14521	10	18	17	56	16	235
14522	10	18	18	57	91	236
14523	10	18	19	58	174	236
14524	10	18	20	59	58	237
14525	10	18	21	61	173	238
14526	10	18	22	60	229	239
14527	10	18	23	62	181	240
14528	10	18	24	63	73	240
14529	10	18	25	64	73	241
14530	10	19	0	37	242	221
14531	10	19	1	38	121	222
14532	10	19	2	39	126	223
14533	10	19	3	40	126	224
14534	10	19	4	41	21	224
14535	10	19	5	43	39	225
14536	10	19	6	42	8	226
14537	10	19	7	44	132	227
14538	10	19	8	45	44	228
14539	10	19	9	46	22	228
14540	10	19	10	47	93	229
14541	10	19	11	48	175	230
14542	10	19	12	49	144	230
14543	10	19	13	50	144	232
14544	10	19	14	51	24	232
14545	10	19	15	52	24	233
14546	10	19	16	53	4	233
14547	10	19	17	54	4	235
14548	10	19	18	55	87	235
14549	10	19	19	56	172	236
14550	10	19	20	57	143	237
14551	10	19	21	58	200	237
14552	10	19	22	59	238	238
14553	10	19	23	61	133	239
14554	10	19	24	60	177	240
14555	10	20	0	35	189	221
14556	10	20	1	36	223	222
14557	10	20	2	37	160	222
14558	10	20	3	38	80	223
14559	10	20	4	39	198	224
14560	10	20	5	40	198	225
14561	10	20	6	41	33	225
14562	10	20	7	43	30	226
14563	10	20	8	42	161	227
14564	10	20	9	44	134	228
14565	10	20	10	45	216	229
14566	10	20	11	46	108	229
14567	10	20	12	47	36	230
14568	10	20	13	48	18	231
14569	10	20	14	49	6	231
14570	10	20	15	50	6	233
14571	10	20	16	51	1	233
14572	10	20	17	52	1	234
14573	10	20	18	53	43	234
14574	10	20	19	54	43	236
14575	10	20	20	55	100	236
14576	10	20	21	56	50	237
14577	10	20	22	57	188	238
14578	10	20	23	58	94	238
14579	10	21	0	33	120	220
14580	10	21	1	34	120	221
14581	10	21	2	35	40	222
14582	10	21	3	36	20	223
14583	10	21	4	37	178	223
14584	10	21	5	38	89	224
14585	10	21	6	39	201	225
14586	10	21	7	40	201	226
14587	10	21	8	41	162	226
14588	10	21	9	43	234	227
14589	10	21	10	42	179	228
14590	10	21	11	44	27	229
14591	10	21	12	45	9	230
14592	10	21	13	46	133	230
14593	10	21	14	47	130	231
14594	10	21	15	48	65	232
14595	10	21	16	49	193	232
14596	10	21	17	50	193	234
14597	10	21	18	51	75	234
14598	10	21	19	52	75	235
14599	10	21	20	53	141	235
14600	10	21	21	54	141	237
14601	10	21	22	55	47	237
14602	10	22	0	30	142	220
14603	10	22	1	32	30	221
14604	10	22	2	33	5	221
14605	10	22	3	34	5	222
14606	10	22	4	35	173	223
14607	10	22	5	36	215	224
14608	10	22	6	37	243	224
14609	10	22	7	38	250	225
14610	10	22	8	39	169	226
14611	10	22	9	40	169	227
14612	10	22	10	41	71	227
14613	10	22	11	43	247	228
14614	10	22	12	42	114	229
14615	10	22	13	44	226	230
14616	10	22	14	45	161	231
14617	10	22	15	46	209	231
14618	10	22	16	47	241	232
14619	10	22	17	48	249	233
14620	10	22	18	49	83	233
14621	10	22	19	50	83	235
14622	10	22	20	51	228	235
14623	10	22	21	52	228	236
14624	10	23	0	29	136	219
14625	10	23	1	31	147	220
14626	10	23	2	30	95	221
14627	10	23	3	32	194	222
14628	10	23	4	33	118	222
14629	10	23	5	34	118	223
14630	10	23	6	35	125	224
14631	10	23	7	36	191	225
14632	10	23	8	37	235	225
14633	10	23	9	38	246	226
14634	10	23	10	39	82	227
14635	10	23	11	40	82	228
14636	10	23	12	41	185	228
14637	10	23	13	43	146	229
14638	10	23	14	42	237	230
14639	10	23	15	44	245	231
14640	10	23	16	45	253	232
14641	10	23	17	46	255	232
14642	10	23	18	47	85	233
14643	10	23	19	48	171	234
14644	10	23	20	49	57	234
14645	10	24	0	27	34	219
14646	10	24	1	28	17	219
14647	10	24	2	29	177	220
14648	10	24	3	31	170	221
14649	10	24	4	30	29	222
14650	10	24	5	32	158	223
14651	10	24	6	33	112	223
14652	10	24	7	34	112	224
14653	10	24	8	35	123	225
14654	10	24	9	36	190	226
14655	10	24	10	37	149	226
14656	10	24	11	38	203	227
14657	10	24	12	39	239	228
14658	10	24	13	40	239	229
14659	10	24	14	41	254	229
14660	10	24	15	43	22	230
14661	10	24	16	42	181	231
14662	10	24	17	44	128	232
14663	10	24	18	45	214	233
14664	10	24	19	46	107	233
14665	10	25	0	25	137	218
14666	10	25	1	26	197	219
14667	10	25	2	27	237	220
14668	10	25	3	28	247	220
14669	10	25	4	29	168	221
14670	10	25	5	31	208	222
14671	10	25	6	30	96	223
14672	10	25	7	32	28	224
14673	10	25	8	33	176	224
14674	10	25	9	34	176	225
14675	10	25	10	35	230	226
14676	10	25	11	36	115	227
14677	10	25	12	37	124	227
14678	10	25	13	38	62	228
14679	10	25	14	39	192	229
14680	10	25	15	40	192	230
14681	10	25	16	41	32	230
14682	10	25	17	43	81	231
14683	10	25	18	42	110	232
14684	10	26	0	23	242	217
14685	10	26	1	24	242	219
14686	10	26	2	25	252	219
14687	10	26	3	26	126	220
14688	10	26	4	27	42	221
14689	10	26	5	28	21	221
14690	10	26	6	29	7	222
14691	10	26	7	31	150	223
14692	10	26	8	30	159	224
14693	10	26	9	32	44	225
14694	10	26	10	33	93	225
14695	10	26	11	34	93	226
14696	10	26	12	35	31	227
14697	10	26	13	36	144	228
14698	10	26	14	37	48	228
14699	10	26	15	38	24	229
14700	10	26	16	39	8	230
14701	10	26	17	40	8	231
14702	10	27	0	21	189	217
14703	10	27	1	22	189	218
14704	10	27	2	23	160	218
14705	10	27	3	24	160	220
14706	10	27	4	25	139	220
14707	10	27	5	26	198	221
14708	10	27	6	27	66	222
14709	10	27	7	28	33	222
14710	10	27	8	29	11	223
14711	10	27	9	31	5	224
14712	10	27	10	30	193	225
14713	10	27	11	32	216	226
14714	10	27	12	33	36	226
14715	10	27	13	34	36	227
14716	10	27	14	35	12	228
14717	10	27	15	36	6	229
14718	10	27	16	37	2	229
14719	10	28	0	3	218	217
14720	10	28	1	20	240	218
14721	10	28	2	21	40	218
14722	10	28	3	22	40	219
14723	10	28	4	23	178	219
14724	10	28	5	24	178	221
14725	10	28	6	25	145	221
14726	10	28	7	26	201	222
14727	10	28	8	27	67	223
14728	10	28	9	28	162	223
14729	10	28	10	29	54	224
14730	10	28	11	31	217	225
14731	10	28	12	30	25	226
14732	10	28	13	32	9	227
14733	10	28	14	33	130	227
14734	10	28	15	34	130	228
14735	10	29	0	4	184	217
14736	10	29	1	18	30	217
14737	10	29	2	19	10	217
14738	10	29	3	20	10	219
14739	10	29	4	21	173	219
14740	10	29	5	22	173	220
14741	10	29	6	23	243	220
14742	10	29	7	24	243	222
14743	10	29	8	25	81	222
14744	10	29	9	26	169	223
14745	10	29	10	27	142	224
14746	10	29	11	28	71	224
14747	10	29	12	29	195	225
14748	10	29	13	31	56	226
14749	10	29	14	30	114	227
14750	10	30	0	5	38	217
14751	10	30	1	6	197	217
14752	10	30	2	17	131	217
14753	10	30	3	18	194	218
14754	10	30	4	19	236	218
14755	10	30	5	20	236	220
14756	10	30	6	21	125	220
14757	10	30	7	22	125	221
14758	10	30	8	23	235	221
14759	10	30	9	24	235	223
14760	10	30	10	25	164	223
14761	10	30	11	26	82	224
14762	10	30	12	27	113	225
14763	10	30	13	28	185	225
14764	10	31	0	7	6	217
14765	10	31	1	8	243	217
14766	10	31	2	15	97	217
14767	10	31	3	16	177	217
14768	10	31	4	17	59	218
14769	10	31	5	18	158	219
14770	10	31	6	19	224	219
14771	10	31	7	20	224	221
14772	10	31	8	21	123	221
14773	10	31	9	22	123	222
14774	10	31	10	23	149	222
14775	10	31	11	24	149	224
14776	10	31	12	25	221	224
14777	10	32	0	9	14	217
14778	10	32	1	10	144	217
14779	10	32	2	14	20	217
14780	10	32	3	0	80	218
14781	10	32	4	15	79	218
14782	10	32	5	16	168	218
14783	10	32	6	17	56	219
14784	10	32	7	18	28	220
14785	10	32	8	19	95	220
14786	10	32	9	20	95	222
14787	10	32	10	21	230	222
14788	10	32	11	22	230	223
14789	10	33	0	11	133	217
14790	10	33	1	12	45	217
14791	10	33	2	1	69	218
14792	10	33	3	2	103	218
14793	10	33	4	3	162	218
14794	10	33	5	14	42	218
14795	10	33	6	15	14	219
14796	10	33	7	16	7	219
14797	10	33	8	17	88	220
14798	10	33	9	18	44	221
14799	10	33	10	19	186	221
14800	10	34	0	13	107	217
14801	10	34	1	4	10	218
14802	10	34	2	5	79	218
14803	10	34	3	6	137	218
14804	10	34	4	12	151	218
14805	10	34	5	0	162	219
14806	10	34	6	1	237	219
14807	10	34	7	14	66	219
14808	10	34	8	15	22	220
14809	10	34	9	16	11	220
14810	10	35	0	7	196	218
14811	10	35	1	8	211	218
14812	10	35	2	10	3	218
14813	10	35	3	13	125	218
14814	10	35	4	2	147	219
14815	10	35	5	3	31	219
14816	10	35	6	4	101	219
14817	10	35	7	12	164	219
14818	10	35	8	0	80	220
14819	10	36	0	9	14	218
14820	10	36	1	11	88	218
14821	10	36	2	5	36	219
14822	10	36	3	6	67	219
14823	10	36	4	8	21	219
14824	10	36	5	10	112	219
14825	10	36	6	13	30	219
14826	10	36	7	1	135	220
14827	10	37	0	7	201	219
14828	10	37	1	9	162	219
14829	10	37	2	11	27	219
14830	10	37	3	2	121	220
14831	10	37	4	3	201	220
14832	10	37	5	4	133	220
14833	10	37	6	6	252	220
14834	10	38	0	5	224	220
14835	10	38	1	7	123	220
14836	10	38	2	8	198	220
14837	10	38	3	9	174	220
14838	10	38	4	10	225	220
14839	10	38	5	11	73	220
14840	10	39	0	12	91	220
14841	10	39	1	13	215	220
14842	10	39	2	14	61	220
14843	10	39	3	0	20	221
14844	10	39	4	1	70	221
14845	10	40	0	2	56	221
14846	10	40	1	3	123	221
14847	10	40	2	4	134	221
14848	10	40	3	5	19	221
14849	10	41	0	6	103	221
14850	10	41	1	7	19	221
14851	10	41	2	8	249	221
14852	10	42	0	9	2	221
14853	10	42	1	10	187	221
14854	10	43	0	11	216	221
14855	11	0	0	119	71	265
14856	11	0	1	121	83	266
14857	11	0	2	120	42	267
14858	11	0	3	122	226	268
14859	11	0	4	123	209	268
14860	11	0	5	124	209	269
14861	11	0	6	125	241	270
14862	11	0	7	126	249	271
14863	11	0	8	127	83	271
14864	11	0	9	128	170	272
14865	11	0	10	129	228	273
14866	11	0	11	130	228	274
14867	11	0	12	131	38	274
14868	11	0	13	133	105	275
14869	11	0	14	132	23	276
14870	11	0	15	134	92	277
14871	11	0	16	135	202	278
14872	11	0	17	136	101	278
14873	11	0	18	137	205	279
14874	11	1	0	116	164	264
14875	11	1	1	117	226	265
14876	11	1	2	118	113	265
14877	11	1	3	119	209	266
14878	11	1	4	121	183	267
14879	11	1	5	120	158	268
14880	11	1	6	122	249	269
14881	11	1	7	123	170	269
14882	11	1	8	124	170	270
14883	11	1	9	125	228	271
14884	11	1	10	126	114	272
14885	11	1	11	127	38	272
14886	11	1	12	128	19	273
14887	11	1	13	129	92	274
14888	11	1	14	130	92	275
14889	11	1	15	131	101	275
14890	11	1	16	133	3	276
14891	11	1	17	132	190	277
14892	11	2	0	113	113	262
14893	11	2	1	114	113	264
14894	11	2	2	115	209	264
14895	11	2	3	116	233	265
14896	11	2	4	117	249	266
14897	11	2	5	118	253	266
14898	11	2	6	119	170	267
14899	11	2	7	121	209	268
14900	11	2	8	120	211	269
14901	11	2	9	122	114	270
14902	11	2	10	123	19	270
14903	11	2	11	124	19	271
14904	11	2	12	125	92	272
14905	11	2	13	126	46	273
14906	11	2	14	127	101	273
14907	11	2	15	128	179	274
14908	11	2	16	129	231	275
14909	11	2	17	130	231	276
14910	11	3	0	110	113	262
14911	11	3	1	111	233	262
14912	11	3	2	112	233	263
14913	11	3	3	113	253	263
14914	11	3	4	114	253	265
14915	11	3	5	115	170	265
14916	11	3	6	116	85	266
14917	11	3	7	117	114	267
14918	11	3	8	118	57	267
14919	11	3	9	119	19	268
14920	11	3	10	121	43	269
14921	11	3	11	120	153	270
14922	11	3	12	122	46	271
14923	11	3	13	123	179	271
14924	11	3	14	124	179	272
14925	11	3	15	125	231	273
14926	11	3	16	126	244	274
14927	11	4	0	107	233	260
14928	11	4	1	108	245	261
14929	11	4	2	109	253	261
14930	11	4	3	110	253	263
14931	11	4	4	111	85	263
14932	11	4	5	112	85	264
14933	11	4	6	113	57	264
14934	11	4	7	114	57	266
14935	11	4	8	115	19	266
14936	11	4	9	116	138	267
14937	11	4	10	117	46	268
14938	11	4	11	118	23	268
14939	11	4	12	119	179	269
14940	11	4	13	121	169	270
14941	11	4	14	120	251	271
14942	11	4	15	122	244	272
14943	11	4	16	123	212	272
14944	11	5	0	104	245	259
14945	11	5	1	105	253	260
14946	11	5	2	106	255	260
14947	11	5	3	107	85	261
14948	11	5	4	108	171	262
14949	11	5	5	109	57	262
14950	11	5	6	110	57	264
14951	11	5	7	111	138	264
14952	11	5	8	112	138	265
14953	11	5	9	113	23	265
14954	11	5	10	114	23	267
14955	11	5	11	115	179	267
14956	11	5	12	116	218	268
14957	11	5	13	117	244	269
14958	11	5	14	118	122	269
14959	11	5	15	119	212	270
14960	11	6	0	101	255	257
14961	11	6	1	103	20	258
14962	11	6	2	102	197	259
14963	11	6	3	104	171	260
14964	11	6	4	105	57	261
14965	11	6	5	106	157	261
14966	11	6	6	107	138	262
14967	11	6	7	108	69	263
14968	11	6	8	109	23	263
14969	11	6	9	110	23	265
14970	11	6	10	111	218	265
14971	11	6	11	112	218	266
14972	11	6	12	113	122	266
14973	11	6	13	114	122	268
14974	11	6	14	115	212	268
14975	11	6	15	116	106	269
14976	11	7	0	98	256	256
14977	11	7	1	99	171	257
14978	11	7	2	100	171	258
14979	11	7	3	101	157	258
14980	11	7	4	103	167	259
14981	11	7	5	102	9	260
14982	11	7	6	104	69	261
14983	11	7	7	105	23	262
14984	11	7	8	106	140	262
14985	11	7	9	107	218	263
14986	11	7	10	108	109	264
14987	11	7	11	109	122	264
14988	11	7	12	110	122	266
14989	11	7	13	111	106	266
14990	11	7	14	112	106	267
14991	11	8	0	95	171	255
14992	11	8	1	96	214	256
14993	11	8	2	97	157	256
14994	11	8	3	98	207	257
14995	11	8	4	99	69	258
14996	11	8	5	100	69	259
14997	11	8	6	101	140	259
14998	11	8	7	103	110	260
14999	11	8	8	102	165	261
15000	11	8	9	104	109	262
15001	11	8	10	105	122	263
15002	11	8	11	106	61	263
15003	11	8	12	107	106	264
15004	11	8	13	108	53	265
15005	11	8	14	109	189	265
15006	11	9	0	92	214	254
15007	11	9	1	93	207	254
15008	11	9	2	94	207	255
15009	11	9	3	95	69	256
15010	11	9	4	96	163	257
15011	11	9	5	97	140	257
15012	11	9	6	98	70	258
15013	11	9	7	99	109	259
15014	11	9	8	100	109	260
15015	11	9	9	101	61	260
15016	11	9	10	103	74	261
15017	11	9	11	102	189	262
15018	11	9	12	104	53	263
15019	11	9	13	105	189	264
15020	11	10	0	89	207	252
15021	11	10	1	91	237	253
15022	11	10	2	90	235	254
15023	11	10	3	92	163	255
15024	11	10	4	93	70	255
15025	11	10	5	94	70	256
15026	11	10	6	95	109	257
15027	11	10	7	96	183	258
15028	11	10	8	97	61	258
15029	11	10	9	98	159	259
15030	11	10	10	99	53	260
15031	11	10	11	100	53	261
15032	11	10	12	101	223	261
15033	11	10	13	103	194	262
15034	11	11	0	86	232	251
15035	11	11	1	87	163	252
15036	11	11	2	88	210	252
15037	11	11	3	89	70	253
15038	11	11	4	91	20	254
15039	11	11	5	90	2	255
15040	11	11	6	92	183	256
15041	11	11	7	93	159	256
15042	11	11	8	94	159	257
15043	11	11	9	95	53	258
15044	11	11	10	96	155	259
15045	11	11	11	97	223	259
15046	11	11	12	98	240	260
15047	11	12	0	83	210	249
15048	11	12	1	84	210	251
15049	11	12	2	85	70	251
15050	11	12	3	86	35	252
15051	11	12	4	87	183	253
15052	11	12	5	88	220	253
15053	11	12	6	89	159	254
15054	11	12	7	91	86	255
15055	11	12	8	90	81	256
15056	11	12	9	92	155	257
15057	11	12	10	93	240	257
15058	11	12	11	94	240	258
15059	11	12	12	95	80	259
15060	11	13	0	80	210	249
15061	11	13	1	81	35	249
15062	11	13	2	82	35	250
15063	11	13	3	83	220	250
15064	11	13	4	84	220	252
15065	11	13	5	85	159	252
15066	11	13	6	86	208	253
15067	11	13	7	87	155	254
15068	11	13	8	88	206	254
15069	11	13	9	89	240	255
15070	11	13	10	91	234	256
15071	11	13	11	90	71	257
15072	11	14	0	77	35	247
15073	11	14	1	78	146	248
15074	11	14	2	79	220	248
15075	11	14	3	80	220	250
15076	11	14	4	81	208	250
15077	11	14	5	82	208	251
15078	11	14	6	83	206	251
15079	11	14	7	84	206	253
15080	11	14	8	85	240	253
15081	11	14	9	86	120	254
15082	11	14	10	87	40	255
15083	11	14	11	88	20	255
15084	11	15	0	74	146	246
15085	11	15	1	75	220	247
15086	11	15	2	76	110	247
15087	11	15	3	77	208	248
15088	11	15	4	78	104	249
15089	11	15	5	79	206	249
15090	11	15	6	80	206	251
15091	11	15	7	81	120	251
15092	11	15	8	82	120	252
15093	11	15	9	83	20	252
15094	11	15	10	84	20	254
15095	11	16	0	71	110	244
15096	11	16	1	73	209	245
15097	11	16	2	72	67	246
15098	11	16	3	74	104	247
15099	11	16	4	75	206	248
15100	11	16	5	76	103	248
15101	11	16	6	77	120	249
15102	11	16	7	78	60	250
15103	11	16	8	79	20	250
15104	11	16	9	80	20	252
15105	11	16	10	81	89	252
15106	11	17	0	68	55	243
15107	11	17	1	69	104	244
15108	11	17	2	70	104	245
15109	11	17	3	71	103	245
15110	11	17	4	73	239	246
15111	11	17	5	72	172	247
15112	11	17	6	74	60	248
15113	11	17	7	75	20	249
15114	11	17	8	76	10	249
15115	11	17	9	77	89	250
15116	11	18	0	65	104	242
15117	11	18	1	66	52	243
15118	11	18	2	67	103	243
15119	11	18	3	68	180	244
15120	11	18	4	69	60	245
15121	11	18	5	70	60	246
15122	11	18	6	71	10	246
15123	11	18	7	73	237	247
15124	11	18	8	72	215	248
15125	11	18	9	74	173	249
15126	11	19	0	62	52	241
15127	11	19	1	63	180	241
15128	11	19	2	64	180	242
15129	11	19	3	65	60	243
15130	11	19	4	66	30	244
15131	11	19	5	67	10	244
15132	11	19	6	68	5	245
15133	11	19	7	69	173	246
15134	11	19	8	70	173	247
15135	11	20	0	59	180	239
15136	11	20	1	61	158	240
15137	11	20	2	60	148	241
15138	11	20	3	62	30	242
15139	11	20	4	63	5	242
15140	11	20	5	64	5	243
15141	11	20	6	65	173	244
15142	11	20	7	66	215	245
15143	11	20	8	67	243	245
15144	11	21	0	56	90	238
15145	11	21	1	57	30	239
15146	11	21	2	58	15	239
15147	11	21	3	59	5	240
15148	11	21	4	61	116	241
15149	11	21	5	60	86	242
15150	11	21	6	62	215	243
15151	11	21	7	63	250	243
15152	11	22	0	53	15	236
15153	11	22	1	54	15	238
15154	11	22	2	55	5	238
15155	11	22	3	56	131	239
15156	11	22	4	57	215	240
15157	11	22	5	58	236	240
15158	11	22	6	59	250	241
15159	11	22	7	61	44	242
15160	11	23	0	50	15	236
15161	11	23	1	51	131	236
15162	11	23	2	52	131	237
15163	11	23	3	53	236	237
15164	11	23	4	54	236	239
15165	11	23	5	55	250	239
15166	11	23	6	56	125	240
15167	11	24	0	47	131	234
15168	11	24	1	48	194	235
15169	11	24	2	49	236	235
15170	11	24	3	50	236	237
15171	11	24	4	51	125	237
15172	11	24	5	52	125	238
15173	11	24	6	53	235	238
15174	11	25	0	44	194	233
15175	11	25	1	45	236	234
15176	11	25	2	46	118	234
15177	11	25	3	47	125	235
15178	11	25	4	48	191	236
15179	11	25	5	49	235	236
15180	11	26	0	41	118	231
15181	11	26	1	43	35	232
15182	11	26	2	42	83	233
15183	11	26	3	44	191	234
15184	11	26	4	45	235	235
15185	11	26	5	46	246	235
15186	11	27	0	38	59	230
15187	11	27	1	39	191	231
15188	11	27	2	40	191	232
15189	11	27	3	41	246	232
15190	11	27	4	43	11	233
15191	11	28	0	35	191	229
15192	11	28	1	36	224	230
15193	11	28	2	37	246	230
15194	11	28	3	38	123	231
15195	11	28	4	39	41	232
15196	11	29	0	32	224	228
15197	11	29	1	33	123	228
15198	11	29	2	34	123	229
15199	11	29	3	35	41	230
15200	11	30	0	29	123	226
15201	11	30	1	31	201	227
15202	11	30	2	30	185	228
15203	11	30	3	32	149	229
15204	11	31	0	26	190	225
15205	11	31	1	27	149	226
15206	11	31	2	28	203	226
15207	11	32	0	23	203	223
15208	11	32	1	24	203	225
15209	11	32	2	25	239	225
15210	11	33	0	20	203	223
15211	11	33	1	21	248	223
15212	11	34	0	17	248	221
15213	11	34	1	18	124	222
15214	11	35	0	15	124	221
15215	11	36	0	12	23	221
15216	12	0	0	13	43	221
15217	12	0	1	14	215	221
15218	12	0	2	16	17	221
15219	12	0	3	0	207	222
15220	12	0	4	1	220	222
15221	12	0	5	2	140	222
15222	12	0	6	3	238	222
15223	12	0	7	4	187	222
15224	12	0	8	5	148	222
15225	12	0	9	6	111	222
15226	12	0	10	7	71	222
15227	12	0	11	8	125	222
15228	12	0	12	9	61	222
15229	12	0	13	10	141	222
15230	12	0	14	11	60	222
15231	12	0	15	12	101	222
15232	12	0	16	15	146	222
15233	12	0	17	17	62	222
15234	12	0	18	19	150	222
15235	12	0	19	18	216	223
15236	12	0	20	20	24	224
15237	12	0	21	21	2	224
15238	12	0	22	22	1	224
15239	12	0	23	23	150	224
15240	12	0	24	24	150	226
15241	12	0	25	25	83	226
15242	12	0	26	26	199	226
15243	12	0	27	27	114	227
15244	12	0	28	28	19	227
15245	12	1	0	13	43	222
15246	12	1	1	14	215	222
15247	12	1	2	16	17	222
15248	12	1	3	0	207	223
15249	12	1	4	1	220	223
15250	12	1	5	2	140	223
15251	12	1	6	3	238	223
15252	12	1	7	4	187	223
15253	12	1	8	5	148	223
15254	12	1	9	6	111	223
15255	12	1	10	7	71	223
15256	12	1	11	8	125	223
15257	12	1	12	9	61	223
15258	12	1	13	10	141	223
15259	12	1	14	11	60	223
15260	12	1	15	12	101	223
15261	12	1	16	15	146	223
15262	12	1	17	17	62	223
15263	12	1	18	19	150	223
15264	12	1	19	18	216	224
15265	12	1	20	20	24	225
15266	12	1	21	21	2	225
15267	12	1	22	22	1	225
15268	12	1	23	23	150	225
15269	12	1	24	24	150	227
15270	12	1	25	25	83	227
15271	12	1	26	26	199	227
15272	12	1	27	29	2	227
15273	12	2	0	13	43	223
15274	12	2	1	14	215	223
15275	12	2	2	16	17	223
15276	12	2	3	0	207	224
15277	12	2	4	1	220	224
15278	12	2	5	2	140	224
15279	12	2	6	3	238	224
15280	12	2	7	4	187	224
15281	12	2	8	5	148	224
15282	12	2	9	6	111	224
15283	12	2	10	7	71	224
15284	12	2	11	8	125	224
15285	12	2	12	9	61	224
15286	12	2	13	10	141	224
15287	12	2	14	11	60	224
15288	12	2	15	12	101	224
15289	12	2	16	15	146	224
15290	12	2	17	17	62	224
15291	12	2	18	19	150	224
15292	12	2	19	18	216	225
15293	12	2	20	20	24	226
15294	12	2	21	21	2	226
15295	12	2	22	22	1	226
15296	12	2	23	23	150	226
15297	12	2	24	24	150	228
15298	12	2	25	25	83	228
15299	12	2	26	26	199	228
15300	12	3	0	13	43	224
15301	12	3	1	14	215	224
15302	12	3	2	16	17	224
15303	12	3	3	0	207	225
15304	12	3	4	1	220	225
15305	12	3	5	2	140	225
15306	12	3	6	3	238	225
15307	12	3	7	4	187	225
15308	12	3	8	5	148	225
15309	12	3	9	6	111	225
15310	12	3	10	7	71	225
15311	12	3	11	8	125	225
15312	12	3	12	9	61	225
15313	12	3	13	10	141	225
15314	12	3	14	11	60	225
15315	12	3	15	12	101	225
15316	12	3	16	15	146	225
15317	12	3	17	17	62	225
15318	12	3	18	19	150	225
15319	12	3	19	18	216	226
15320	12	3	20	20	24	227
15321	12	3	21	21	2	227
15322	12	3	22	22	1	227
15323	12	3	23	23	150	227
15324	12	3	24	27	147	228
15325	12	3	25	28	35	228
15326	12	4	0	13	43	225
15327	12	4	1	14	215	225
15328	12	4	2	16	17	225
15329	12	4	3	0	207	226
15330	12	4	4	1	220	226
15331	12	4	5	2	140	226
15332	12	4	6	3	238	226
15333	12	4	7	4	187	226
15334	12	4	8	5	148	226
15335	12	4	9	6	111	226
15336	12	4	10	7	71	226
15337	12	4	11	8	125	226
15338	12	4	12	9	61	226
15339	12	4	13	10	141	226
15340	12	4	14	11	60	226
15341	12	4	15	12	101	226
15342	12	4	16	15	146	226
15343	12	4	17	17	62	226
15344	12	4	18	19	150	226
15345	12	4	19	18	216	227
15346	12	4	20	20	24	228
15347	12	4	21	21	2	228
15348	12	4	22	22	1	228
15349	12	4	23	23	150	228
15350	12	4	24	29	111	228
15351	12	5	0	13	43	226
15352	12	5	1	14	215	226
15353	12	5	2	16	17	226
15354	12	5	3	0	207	227
15355	12	5	4	1	220	227
15356	12	5	5	2	140	227
15357	12	5	6	3	238	227
15358	12	5	7	4	187	227
15359	12	5	8	5	148	227
15360	12	5	9	6	111	227
15361	12	5	10	7	71	227
15362	12	5	11	8	125	227
15363	12	5	12	9	61	227
15364	12	5	13	10	141	227
15365	12	5	14	11	60	227
15366	12	5	15	12	101	227
15367	12	5	16	15	146	227
15368	12	5	17	17	62	227
15369	12	5	18	19	150	227
15370	12	5	19	18	216	228
15371	12	5	20	31	7	228
15372	12	5	21	20	108	229
15373	12	5	22	21	12	229
15374	12	5	23	22	92	229
15375	12	6	0	13	43	227
15376	12	6	1	14	215	227
15377	12	6	2	16	17	227
15378	12	6	3	0	207	228
15379	12	6	4	1	220	228
15380	12	6	5	2	140	228
15381	12	6	6	3	238	228
15382	12	6	7	4	187	228
15383	12	6	8	5	148	228
15384	12	6	9	6	111	228
15385	12	6	10	7	71	228
15386	12	6	11	8	125	228
15387	12	6	12	9	61	228
15388	12	6	13	10	141	228
15389	12	6	14	11	60	228
15390	12	6	15	12	101	228
15391	12	6	16	15	146	228
15392	12	6	17	17	62	228
15393	12	6	18	19	150	228
15394	12	6	19	18	216	229
15395	12	6	20	23	166	229
15396	12	6	21	24	27	229
15397	12	6	22	25	119	229
15398	12	7	0	13	43	228
15399	12	7	1	14	215	228
15400	12	7	2	16	17	228
15401	12	7	3	0	207	229
15402	12	7	4	1	220	229
15403	12	7	5	2	140	229
15404	12	7	6	3	238	229
15405	12	7	7	4	187	229
15406	12	7	8	5	148	229
15407	12	7	9	6	111	229
15408	12	7	10	7	71	229
15409	12	7	11	8	125	229
15410	12	7	12	9	61	229
15411	12	7	13	10	141	229
15412	12	7	14	11	60	229
15413	12	7	15	12	101	229
15414	12	7	16	15	146	229
15415	12	7	17	17	62	229
15416	12	7	18	19	150	229
15417	12	7	19	26	156	229
15418	12	7	20	27	250	229
15419	12	7	21	28	44	229
15420	12	8	0	13	43	229
15421	12	8	1	14	215	229
15422	12	8	2	16	17	229
15423	12	8	3	29	244	229
15424	12	8	4	30	8	229
15425	12	8	5	31	170	229
15426	12	8	6	33	12	229
15427	12	8	7	0	99	230
15428	12	8	8	1	233	230
15429	12	8	9	2	38	230
15430	12	8	10	3	144	230
15431	12	8	11	4	138	230
15432	12	8	12	5	249	230
15433	12	8	13	6	18	230
15434	12	8	14	7	194	230
15435	12	8	15	8	116	230
15436	12	8	16	9	58	230
15437	12	8	17	10	43	230
15438	12	8	18	11	148	230
15439	12	8	19	12	43	230
15440	12	8	20	15	2	230
15441	12	9	0	13	43	230
15442	12	9	1	14	215	230
15443	12	9	2	16	17	230
15444	12	9	3	17	9	230
15445	12	9	4	18	227	230
15446	12	9	5	19	167	230
15447	12	9	6	20	196	230
15448	12	9	7	21	236	230
15449	12	9	8	22	110	230
15450	12	9	9	23	160	230
15451	12	9	10	24	208	230
15452	12	9	11	25	206	230
15453	12	9	12	26	71	230
15454	12	9	13	27	167	230
15455	12	9	14	28	58	230
15456	12	9	15	29	100	230
15457	12	9	16	30	24	230
15458	12	9	17	31	232	230
15459	12	9	18	32	247	230
15460	12	9	19	33	23	230
15461	12	10	0	34	234	230
15462	12	10	1	0	188	231
15463	12	10	2	1	184	231
15464	12	10	3	2	153	231
15465	12	10	4	3	48	231
15466	12	10	5	4	121	231
15467	12	10	6	5	113	231
15468	12	10	7	6	240	231
15469	12	10	8	7	203	231
15470	12	10	9	8	5	231
15471	12	10	10	9	201	231
15472	12	10	11	10	126	231
15473	12	10	12	12	250	231
15474	12	10	13	11	205	231
15475	12	10	14	13	8	231
15476	12	10	15	14	248	231
15477	12	10	16	15	40	231
15478	12	10	17	16	53	231
15479	12	10	18	17	144	231
15480	12	11	0	18	26	231
15481	12	11	1	19	231	231
15482	12	11	2	20	230	231
15483	12	11	3	21	234	231
15484	12	11	4	22	115	231
15485	12	11	5	23	93	231
15486	12	11	6	24	101	231
15487	12	11	7	25	110	231
15488	12	11	8	26	13	231
15489	12	11	9	27	167	231
15490	12	11	10	28	38	231
15491	12	11	11	29	174	231
15492	12	11	12	30	97	231
15493	12	11	13	31	174	231
15494	12	11	14	32	230	231
15495	12	11	15	33	82	231
15496	12	11	16	34	28	231
15497	12	11	17	35	229	231
15498	12	12	0	36	137	231
15499	12	12	1	37	110	231
15500	12	12	2	0	64	232
15501	12	12	3	1	42	232
15502	12	12	4	2	38	232
15503	12	12	5	3	103	232
15504	12	12	6	4	57	232
15505	12	12	7	5	15	232
15506	12	12	8	6	218	232
15507	12	12	9	7	225	232
15508	12	12	10	8	156	232
15509	12	12	11	9	161	232
15510	12	12	12	10	38	232
15511	12	12	13	11	244	232
15512	12	12	14	12	156	232
15513	12	12	15	13	51	232
15514	12	12	16	14	209	232
15515	12	13	0	15	107	232
15516	12	13	1	16	213	232
15517	12	13	2	17	251	232
15518	12	13	3	18	129	232
15519	12	13	4	19	3	232
15520	12	13	5	20	41	232
15521	12	13	6	21	87	232
15522	12	13	7	22	117	232
15523	12	13	8	23	110	232
15524	12	13	9	24	131	232
15525	12	13	10	25	244	232
15526	12	13	11	26	12	232
15527	12	13	12	27	207	232
15528	12	13	13	28	180	232
15529	12	13	14	29	199	232
15530	12	13	15	30	37	232
15531	12	14	0	31	65	232
15532	12	14	1	32	254	232
15533	12	14	2	33	130	232
15534	12	14	3	34	141	232
15535	12	14	4	35	12	232
15536	12	14	5	36	95	232
15537	12	14	6	37	97	232
15538	12	14	7	38	243	232
15539	12	14	8	0	161	233
15540	12	14	9	1	246	233
15541	12	14	10	2	59	233
15542	12	14	11	3	35	233
15543	12	14	12	4	172	233
15544	12	14	13	5	104	233
15545	12	14	14	6	164	233
15546	12	15	0	7	169	233
15547	12	15	1	8	90	233
15548	12	15	2	9	45	233
15549	12	15	3	10	226	233
15550	12	15	4	11	140	233
15551	12	15	5	12	156	233
15552	12	15	6	13	139	233
15553	12	15	7	14	30	233
15554	12	15	8	15	185	233
15555	12	15	9	16	60	233
15556	12	15	10	17	241	233
15557	12	15	11	18	132	233
15558	12	15	12	19	44	233
15559	12	15	13	20	118	233
15560	12	16	0	0	83	234
15561	12	16	1	21	172	233
15562	12	16	2	22	44	233
15563	12	16	3	23	6	233
15564	12	16	4	24	21	233
15565	12	16	5	25	60	233
15566	12	16	6	26	8	233
15567	12	16	7	27	20	233
15568	12	16	8	28	61	233
15569	12	16	9	29	71	233
15570	12	16	10	30	229	233
15571	12	16	11	31	254	233
15572	12	16	12	32	105	233
15573	12	17	0	0	83	235
15574	12	17	1	33	8	233
15575	12	17	2	34	68	233
15576	12	17	3	35	73	233
15577	12	17	4	36	205	233
15578	12	17	5	37	203	233
15579	12	17	6	38	203	233
15580	12	17	7	39	202	233
15581	12	17	8	40	255	233
15582	12	17	9	41	67	233
15583	12	17	10	1	158	234
15584	12	17	11	2	231	234
15585	12	18	0	0	83	236
15586	12	18	1	3	161	234
15587	12	18	2	4	147	234
15588	12	18	3	5	123	234
15589	12	18	4	6	254	234
15590	12	18	5	7	217	234
15591	12	18	6	8	231	234
15592	12	18	7	9	71	234
15593	12	18	8	10	242	234
15594	12	18	9	11	253	234
15595	12	18	10	12	200	234
15596	12	19	0	0	83	237
15597	12	19	1	1	57	235
15598	12	19	2	13	72	234
15599	12	19	3	14	113	234
15600	12	19	4	15	85	234
15601	12	19	5	16	50	234
15602	12	19	6	17	70	234
15603	12	19	7	18	216	234
15604	12	19	8	19	122	234
15605	12	19	9	20	207	234
15606	12	20	0	0	83	238
15607	12	20	1	1	57	236
15608	12	20	2	21	131	234
15609	12	20	3	22	243	234
15610	12	20	4	23	146	234
15611	12	20	5	24	92	234
15612	12	20	6	25	101	234
15613	12	20	7	26	66	234
15614	12	20	8	27	80	234
15615	12	21	0	0	83	239
15616	12	21	1	1	57	237
15617	12	21	2	2	163	235
15618	12	21	3	28	94	234
15619	12	21	4	29	89	234
15620	12	21	5	30	168	234
15621	12	21	6	31	24	234
15622	12	21	7	32	12	234
15623	12	22	0	0	83	240
15624	12	22	1	1	57	238
15625	12	22	2	2	163	236
15626	12	22	3	33	66	234
15627	12	22	4	34	127	234
15628	12	22	5	35	156	234
15629	12	22	6	36	4	234
15630	12	23	0	0	83	241
15631	12	23	1	1	57	239
15632	12	23	2	2	163	237
15633	12	23	3	3	146	235
15634	12	23	4	37	226	234
15635	12	23	5	38	194	234
15636	12	24	0	0	83	242
15637	12	24	1	1	57	240
15638	12	24	2	2	163	238
15639	12	24	3	3	146	236
15640	12	24	4	39	49	234
15641	12	25	0	0	83	243
15642	12	25	1	1	57	241
15643	12	25	2	2	163	239
15644	12	25	3	3	146	237
15645	12	26	0	0	83	244
15646	12	26	1	1	57	242
15647	12	26	2	2	163	240
15648	12	27	0	0	83	245
15649	12	27	1	1	57	243
15650	12	28	0	0	83	246
15651	13	0	0	40	156	234
15652	13	0	1	41	201	234
15653	13	0	2	42	180	234
15654	13	0	3	43	160	234
15655	13	0	4	4	81	235
15656	13	0	5	5	62	235
15657	13	0	6	6	11	235
15658	13	0	7	7	68	235
15659	13	0	8	8	198	235
15660	13	0	9	9	180	235
15661	13	0	10	10	178	235
15662	13	0	11	11	144	235
15663	13	0	12	12	255	235
15664	13	0	13	13	56	235
15665	13	0	14	14	110	235
15666	13	0	15	44	123	235
15667	13	0	16	45	95	236
15668	13	0	17	46	230	236
15669	13	0	18	47	186	236
15670	13	0	19	48	62	237
15671	13	0	20	49	72	237
15672	13	0	21	50	72	238
15673	13	0	22	51	6	238
15674	13	0	23	52	3	239
15675	13	0	24	53	193	239
15676	13	0	25	54	193	240
15677	13	0	26	55	249	240
15678	13	0	27	56	83	241
15679	13	0	28	57	85	241
15680	13	0	29	58	57	241
15681	13	0	30	59	207	242
15682	13	0	31	60	13	243
15683	13	1	0	15	166	235
15684	13	1	1	16	80	235
15685	13	1	2	17	29	235
15686	13	1	3	18	206	235
15687	13	1	4	19	57	235
15688	13	1	5	20	37	235
15689	13	1	6	21	192	235
15690	13	1	7	22	189	235
15691	13	1	8	23	143	235
15692	13	1	9	24	41	235
15693	13	1	10	25	55	235
15694	13	1	11	26	255	235
15695	13	1	12	27	185	235
15696	13	1	13	28	173	235
15697	13	1	14	42	141	235
15698	13	1	15	43	77	235
15699	13	1	16	44	149	236
15700	13	1	17	45	230	237
15701	13	1	18	46	124	237
15702	13	1	19	47	31	237
15703	13	1	20	48	96	238
15704	13	1	21	49	12	238
15705	13	1	22	50	12	239
15706	13	1	23	51	1	239
15707	13	1	24	52	129	240
15708	13	1	25	53	75	240
15709	13	1	26	54	75	241
15710	13	1	27	55	170	241
15711	13	1	28	56	228	242
15712	13	1	29	57	57	242
15713	13	1	30	58	138	242
15714	13	2	0	29	243	235
15715	13	2	1	30	183	235
15716	13	2	2	31	35	235
15717	13	2	3	32	201	235
15718	13	2	4	33	26	235
15719	13	2	5	34	138	235
15720	13	2	6	35	33	235
15721	13	2	7	36	132	235
15722	13	2	8	37	100	235
15723	13	2	9	38	138	235
15724	13	2	10	39	42	235
15725	13	2	11	40	26	235
15726	13	2	12	41	246	235
15727	13	2	13	4	102	236
15728	13	2	14	5	29	236
15729	13	2	15	42	44	236
15730	13	2	16	43	130	236
15731	13	2	17	44	239	237
15732	13	2	18	45	124	238
15733	13	2	19	46	192	238
15734	13	2	20	47	48	238
15735	13	2	21	48	16	239
15736	13	2	22	49	2	239
15737	13	2	23	50	2	240
15738	13	2	24	51	43	240
15739	13	2	25	52	150	241
15740	13	2	26	53	141	241
15741	13	2	27	54	141	242
15742	13	2	28	55	114	242
15743	13	2	29	56	38	243
15744	13	3	0	6	34	236
15745	13	3	1	7	131	236
15746	13	3	2	8	119	236
15747	13	3	3	9	2	236
15748	13	3	4	10	156	236
15749	13	3	5	11	68	236
15750	13	3	6	12	21	236
15751	13	3	7	13	237	236
15752	13	3	8	14	157	236
15753	13	3	9	15	101	236
15754	13	3	10	16	180	236
15755	13	3	11	17	149	236
15756	13	3	12	18	28	236
15757	13	3	13	39	71	236
15758	13	3	14	40	164	236
15759	13	3	15	41	185	236
15760	13	3	16	42	75	237
15761	13	3	17	43	44	237
15762	13	3	18	44	254	238
15763	13	3	19	45	192	239
15764	13	3	20	46	32	239
15765	13	3	21	47	8	239
15766	13	3	22	48	174	240
15767	13	3	23	49	86	240
15768	13	3	24	50	86	241
15769	13	3	25	51	50	241
15770	13	3	26	52	25	242
15771	13	3	27	53	152	242
15772	13	3	28	54	152	243
15773	13	4	0	19	77	236
15774	13	4	1	20	44	236
15775	13	4	2	21	202	236
15776	13	4	3	22	78	236
15777	13	4	4	23	46	236
15778	13	4	5	24	238	236
15779	13	4	6	25	206	236
15780	13	4	7	26	73	236
15781	13	4	8	27	13	236
15782	13	4	9	28	170	236
15783	13	4	10	29	90	236
15784	13	4	11	30	166	236
15785	13	4	12	31	193	236
15786	13	4	13	38	133	236
15787	13	4	14	39	226	237
15788	13	4	15	40	113	237
15789	13	4	16	41	245	237
15790	13	4	17	42	138	238
15791	13	4	18	43	190	238
15792	13	4	19	44	128	239
15793	13	4	20	45	32	240
15794	13	4	21	46	91	240
15795	13	4	22	47	87	240
15796	13	4	23	48	29	241
15797	13	4	24	49	100	241
15798	13	4	25	50	100	242
15799	13	4	26	51	94	242
15800	13	4	27	52	47	243
15801	13	5	0	32	253	236
15802	13	5	1	33	217	236
15803	13	5	2	34	121	236
15804	13	5	3	35	58	236
15805	13	5	4	36	121	236
15806	13	5	5	37	1	236
15807	13	5	6	4	14	237
15808	13	5	7	5	19	237
15809	13	5	8	6	72	237
15810	13	5	9	7	228	237
15811	13	5	10	8	131	237
15812	13	5	11	9	182	237
15813	13	5	12	10	160	237
15814	13	5	13	11	34	237
15815	13	5	14	38	65	237
15816	13	5	15	39	209	238
15817	13	5	16	40	233	238
15818	13	5	17	41	255	238
15819	13	5	18	42	151	239
15820	13	5	19	43	99	239
15821	13	5	20	44	107	240
15822	13	5	21	45	91	241
15823	13	5	22	46	58	241
15824	13	5	23	47	143	241
15825	13	5	24	48	219	242
15826	13	5	25	49	188	242
15827	13	5	26	50	188	243
15828	13	6	0	12	43	237
15829	13	6	1	13	160	237
15830	13	6	2	14	97	237
15831	13	6	3	15	45	237
15832	13	6	4	16	67	237
15833	13	6	5	17	256	237
15834	13	6	6	18	165	237
15835	13	6	7	19	75	237
15836	13	6	8	20	223	237
15837	13	6	9	21	191	237
15838	13	6	10	22	253	237
15839	13	6	11	23	91	237
15840	13	6	12	35	9	237
15841	13	6	13	36	3	237
15842	13	6	14	37	161	237
15843	13	6	15	38	225	238
15844	13	6	16	39	249	239
15845	13	6	17	40	253	239
15846	13	6	18	41	171	239
15847	13	6	19	42	175	240
15848	13	6	20	43	49	240
15849	13	6	21	44	232	241
15850	13	6	22	45	58	242
15851	13	6	23	46	181	242
15852	13	6	24	47	238	242
15853	13	6	25	48	165	243
15854	13	7	0	24	217	237
15855	13	7	1	25	82	237
15856	13	7	2	26	113	237
15857	13	7	3	27	194	237
15858	13	7	4	28	222	237
15859	13	7	5	29	199	237
15860	13	7	6	30	109	237
15861	13	7	7	31	1	237
15862	13	7	8	32	21	237
15863	13	7	9	33	193	237
15864	13	7	10	34	168	237
15865	13	7	11	3	222	238
15866	13	7	12	4	150	238
15867	13	7	13	35	130	238
15868	13	7	14	36	129	238
15869	13	7	15	37	241	238
15870	13	7	16	38	166	239
15871	13	7	17	39	170	240
15872	13	7	18	40	85	240
15873	13	7	19	41	157	240
15874	13	7	20	42	47	241
15875	13	7	21	43	100	241
15876	13	7	22	44	210	242
15877	13	7	23	45	181	243
15878	13	7	24	46	73	243
15879	13	8	0	5	91	238
15880	13	8	1	6	153	238
15881	13	8	2	7	222	238
15882	13	8	3	8	103	238
15883	13	8	4	9	149	238
15884	13	8	5	10	5	238
15885	13	8	6	11	222	238
15886	13	8	7	12	214	238
15887	13	8	8	13	45	238
15888	13	8	9	14	87	238
15889	13	8	10	15	244	238
15890	13	8	11	16	208	238
15891	13	8	12	32	24	238
15892	13	8	13	34	1	238
15893	13	8	14	35	193	239
15894	13	8	15	36	150	239
15895	13	8	16	37	83	239
15896	13	8	17	38	199	240
15897	13	8	18	39	114	241
15898	13	8	19	40	57	241
15899	13	8	20	41	69	241
15900	13	8	21	42	175	242
15901	13	8	22	43	168	242
15902	13	8	23	44	35	243
15903	13	9	0	17	133	238
15904	13	9	1	18	60	238
15905	13	9	2	19	22	238
15906	13	9	3	20	191	238
15907	13	9	4	21	173	238
15908	13	9	5	22	191	238
15909	13	9	6	23	22	238
15910	13	9	7	24	232	238
15911	13	9	8	25	14	238
15912	13	9	9	26	181	238
15913	13	9	10	27	252	238
15914	13	9	11	30	23	238
15915	13	9	12	33	173	238
15916	13	9	13	32	102	239
15917	13	9	14	34	43	239
15918	13	9	15	35	75	240
15919	13	9	16	36	25	240
15920	13	9	17	37	228	240
15921	13	9	18	38	76	241
15922	13	9	19	39	19	242
15923	13	9	20	40	138	242
15924	13	9	21	41	140	242
15925	13	9	22	42	107	243
15926	13	10	0	28	179	238
15927	13	10	1	29	187	238
15928	13	10	2	31	32	238
15929	13	10	3	3	67	239
15930	13	10	4	4	45	239
15931	13	10	5	5	22	239
15932	13	10	6	6	237	239
15933	13	10	7	7	89	239
15934	13	10	8	8	237	239
15935	13	10	9	9	255	239
15936	13	10	10	10	249	239
15937	13	10	11	11	152	239
15938	13	10	12	30	236	239
15939	13	10	13	33	72	239
15940	13	10	14	32	218	240
15941	13	10	15	34	50	240
15942	13	10	16	35	141	241
15943	13	10	17	36	47	241
15944	13	10	18	37	38	241
15945	13	10	19	38	184	242
15946	13	10	20	39	46	243
15947	13	10	21	40	23	243
15948	13	11	0	12	121	239
15949	13	11	1	13	163	239
15950	13	11	2	14	57	239
15951	13	11	3	15	86	239
15952	13	11	4	16	101	239
15953	13	11	5	17	73	239
15954	13	11	6	18	98	239
15955	13	11	7	19	85	239
15956	13	11	8	20	42	239
15957	13	11	9	21	7	239
15958	13	11	10	22	9	239
15959	13	11	11	23	68	239
15960	13	11	12	31	202	239
15961	13	11	13	30	72	240
15962	13	11	14	33	112	240
15963	13	11	15	32	215	241
15964	13	11	16	34	94	241
15965	13	11	17	35	152	242
15966	13	11	18	36	222	242
15967	13	11	19	37	92	242
15968	13	11	20	38	202	243
15969	13	12	0	24	168	239
15970	13	12	1	25	187	239
15971	13	12	2	26	35	239
15972	13	12	3	27	145	239
15973	13	12	4	28	40	239
15974	13	12	5	29	136	239
15975	13	12	6	3	14	240
15976	13	12	7	4	59	240
15977	13	12	8	5	244	240
15978	13	12	9	6	57	240
15979	13	12	10	7	98	240
15980	13	12	11	8	210	240
15981	13	12	12	9	232	240
15982	13	12	13	31	148	240
15983	13	12	14	30	225	241
15984	13	12	15	33	121	241
15985	13	12	16	32	6	242
15986	13	12	17	34	187	242
15987	13	12	18	35	111	243
15988	13	12	19	36	37	243
15989	13	13	0	10	92	240
15990	13	13	1	11	106	240
15991	13	13	2	12	62	240
15992	13	13	3	13	58	240
15993	13	13	4	14	227	240
15994	13	13	5	15	122	240
15995	13	13	6	16	40	240
15996	13	13	7	17	40	240
15997	13	13	8	18	112	240
15998	13	13	9	19	219	240
15999	13	13	10	20	93	240
16000	13	13	11	27	116	240
16001	13	13	12	28	105	240
16002	13	13	13	29	219	240
16003	13	13	14	31	58	241
16004	13	13	15	30	109	242
16005	13	13	16	33	180	242
16006	13	13	17	32	116	243
16007	13	13	18	34	74	243
16008	13	14	0	21	30	240
16009	13	14	1	22	161	240
16010	13	14	2	23	243	240
16011	13	14	3	24	54	240
16012	13	14	4	25	6	240
16013	13	14	5	26	161	240
16014	13	14	6	2	127	241
16015	13	14	7	3	74	241
16016	13	14	8	4	64	241
16017	13	14	9	5	134	241
16018	13	14	10	6	226	241
16019	13	14	11	7	233	241
16020	13	14	12	27	105	241
16021	13	14	13	28	146	241
16022	13	14	14	29	165	241
16023	13	14	15	31	158	242
16024	13	14	16	30	65	243
16025	13	14	17	33	178	243
16026	13	15	0	8	6	241
16027	13	15	1	9	88	241
16028	13	15	2	10	223	241
16029	13	15	3	11	176	241
16030	13	15	4	12	113	241
16031	13	15	5	13	153	241
16032	13	15	6	14	80	241
16033	13	15	7	15	121	241
16034	13	15	8	16	157	241
16035	13	15	9	17	242	241
16036	13	15	10	24	138	241
16037	13	15	11	25	210	241
16038	13	15	12	26	70	241
16039	13	15	13	27	146	242
16040	13	15	14	28	110	242
16041	13	15	15	29	156	242
16042	13	15	16	31	151	243
16043	13	16	0	18	63	241
16044	13	16	1	19	64	241
16045	13	16	2	20	121	241
16046	13	16	3	21	77	241
16047	13	16	4	22	239	241
16048	13	16	5	23	213	241
16049	13	16	6	2	139	242
16050	13	16	7	3	214	242
16051	13	16	8	4	176	242
16052	13	16	9	5	251	242
16053	13	16	10	6	187	242
16054	13	16	11	24	23	242
16055	13	16	12	25	35	242
16056	13	16	13	26	183	242
16057	13	16	14	27	110	243
16058	13	16	15	28	104	243
16059	13	17	0	7	191	242
16060	13	17	1	8	108	242
16061	13	17	2	9	236	242
16062	13	17	3	10	84	242
16063	13	17	4	11	10	242
16064	13	17	5	12	243	242
16065	13	17	6	13	210	242
16066	13	17	7	14	124	242
16067	13	17	8	15	114	242
16068	13	17	9	16	73	242
16069	13	17	10	17	64	242
16070	13	17	11	18	183	242
16071	13	17	12	24	218	243
16072	13	17	13	25	220	243
16073	13	17	14	26	159	243
16074	13	18	0	19	6	242
16075	13	18	1	20	119	242
16076	13	18	2	21	74	242
16077	13	18	3	22	68	242
16078	13	18	4	23	5	242
16079	13	18	5	2	211	243
16080	13	18	6	3	219	243
16081	13	18	7	4	87	243
16082	13	18	8	5	22	243
16083	13	18	9	6	148	243
16084	13	18	10	7	138	243
16085	13	18	11	8	22	243
16086	13	18	12	9	138	243
16087	13	18	13	29	99	243
16088	13	19	0	10	133	243
16089	13	19	1	11	140	243
16090	13	19	2	12	176	243
16091	13	19	3	13	107	243
16092	13	19	4	14	230	243
16093	13	19	5	15	134	243
16094	13	19	6	16	182	243
16095	13	19	7	17	186	243
16096	13	19	8	18	138	243
16097	13	19	9	19	38	243
16098	13	19	10	20	202	243
16099	13	19	11	21	231	243
16100	13	19	12	22	244	243
16101	13	20	0	23	226	243
16102	13	20	1	37	77	243
16103	13	20	2	41	221	243
16104	13	20	3	43	173	243
16105	13	20	4	47	40	243
16106	13	20	5	49	74	243
16107	13	20	6	51	145	243
16108	13	20	7	53	60	243
16109	13	20	8	55	161	243
16110	13	20	9	57	103	243
16111	13	20	10	58	8	243
16112	13	20	11	59	69	243
16113	13	21	0	61	47	243
16114	13	21	1	1	52	244
16115	13	21	2	2	22	244
16116	13	21	3	3	163	244
16117	13	21	4	4	83	244
16118	13	21	5	5	115	244
16119	13	21	6	6	137	244
16120	13	21	7	7	125	244
16121	13	21	8	8	124	244
16122	13	21	9	9	93	244
16123	13	21	10	10	37	244
16124	13	22	0	11	200	244
16125	13	22	1	12	95	244
16126	13	22	2	13	41	244
16127	13	22	3	14	252	244
16128	13	22	4	15	242	244
16129	13	22	5	17	149	244
16130	13	22	6	16	131	244
16131	13	22	7	18	120	244
16132	13	22	8	19	28	244
16133	13	22	9	20	26	244
16134	13	23	0	21	222	244
16135	13	23	1	22	86	244
16136	13	23	2	23	8	244
16137	13	23	3	24	157	244
16138	13	23	4	25	159	244
16139	13	23	5	26	95	244
16140	13	23	6	27	140	244
16141	13	23	7	28	67	244
16142	13	23	8	29	58	244
16143	13	24	0	30	206	244
16144	13	24	1	31	203	244
16145	13	24	2	32	57	244
16146	13	24	3	33	154	244
16147	13	24	4	34	238	244
16148	13	24	5	35	101	244
16149	13	24	6	36	1	244
16150	13	24	7	37	126	244
16151	13	25	0	38	58	244
16152	13	25	1	39	245	244
16153	13	25	2	40	197	244
16154	13	25	3	41	176	244
16155	13	25	4	42	35	244
16156	13	25	5	43	119	244
16157	13	25	6	44	60	244
16158	13	26	0	45	197	244
16159	13	26	1	46	189	244
16160	13	26	2	47	33	244
16161	13	26	3	48	178	244
16162	13	26	4	49	71	244
16163	13	26	5	50	176	244
16164	13	27	0	51	237	244
16165	13	27	1	52	212	244
16166	13	27	2	53	95	244
16167	13	27	3	54	137	244
16168	13	27	4	55	130	244
16169	13	28	0	56	36	244
16170	13	28	1	57	167	244
16171	13	28	2	58	140	244
16172	13	28	3	59	133	244
16173	13	29	0	60	203	244
16174	13	29	1	61	121	244
16175	13	29	2	62	127	244
16176	13	30	0	63	3	244
16177	13	30	1	64	84	244
16178	13	31	0	1	26	245
16179	14	0	0	2	192	245
16180	14	0	1	3	217	245
16181	14	0	2	4	114	245
16182	14	0	3	5	34	245
16183	14	0	4	65	122	245
16184	14	0	5	66	212	246
16185	14	0	6	67	155	246
16186	14	0	7	68	223	246
16187	14	0	8	69	120	247
16188	14	0	9	71	52	247
16189	14	0	10	70	14	248
16190	14	0	11	73	129	248
16191	14	0	12	72	105	249
16192	14	0	13	74	118	250
16193	14	0	14	75	158	250
16194	14	0	15	76	112	250
16195	14	0	16	77	28	251
16196	14	0	17	78	95	251
16197	14	0	18	79	44	251
16198	14	0	19	80	44	253
16199	14	0	20	81	175	253
16200	14	0	21	82	216	253
16201	14	0	22	83	18	253
16202	14	0	23	85	71	254
16203	14	0	24	84	251	255
16204	14	0	25	86	65	255
16205	14	0	26	87	209	256
16206	14	0	27	88	249	256
16207	14	0	28	89	255	256
16208	14	0	29	91	106	257
16209	14	0	30	90	99	258
16210	14	0	31	92	107	258
16211	14	0	32	93	116	258
16212	14	0	33	94	58	259
16213	14	0	34	95	143	260
16214	14	0	35	96	219	260
16215	14	0	36	97	188	260
16216	14	1	0	6	69	245
16217	14	1	1	7	62	245
16218	14	1	2	8	107	245
16219	14	1	3	62	190	245
16220	14	1	4	63	230	245
16221	14	1	5	64	115	245
16222	14	1	6	65	93	246
16223	14	1	7	66	31	247
16224	14	1	8	67	36	247
16225	14	1	9	68	12	247
16226	14	1	10	69	3	248
16227	14	1	11	71	93	248
16228	14	1	12	70	100	249
16229	14	1	13	73	218	249
16230	14	1	14	72	190	250
16231	14	1	15	74	170	251
16232	14	1	16	75	171	251
16233	14	1	17	76	157	251
16234	14	1	18	77	232	252
16235	14	1	19	78	163	252
16236	14	1	20	79	181	252
16237	14	1	21	80	181	254
16238	14	1	22	81	165	254
16239	14	1	23	82	211	254
16240	14	1	24	83	39	254
16241	14	1	25	85	115	255
16242	14	1	26	84	164	256
16243	14	1	27	86	98	256
16244	14	1	28	87	153	257
16245	14	1	29	88	154	257
16246	14	1	30	89	167	257
16247	14	1	31	91	220	258
16248	14	1	32	90	89	259
16249	14	1	33	92	189	259
16250	14	1	34	93	80	259
16251	14	1	35	94	40	260
16252	14	2	0	9	74	245
16253	14	2	1	10	78	245
16254	14	2	2	11	85	245
16255	14	2	3	60	131	245
16256	14	2	4	61	11	245
16257	14	2	5	62	69	246
16258	14	2	6	63	70	246
16259	14	2	7	64	35	246
16260	14	2	8	65	73	247
16261	14	2	9	66	110	248
16262	14	2	10	67	78	248
16263	14	2	11	68	26	248
16264	14	2	12	69	135	249
16265	14	2	13	71	216	249
16266	14	2	14	70	193	250
16267	14	2	15	73	232	250
16268	14	2	16	72	115	251
16269	14	2	17	74	197	252
16270	14	2	18	75	242	252
16271	14	2	19	76	126	252
16272	14	2	20	77	160	253
16273	14	2	21	78	139	253
16274	14	2	22	79	178	253
16275	14	2	23	80	178	255
16276	14	2	24	81	229	255
16277	14	2	25	82	243	255
16278	14	2	26	83	213	255
16279	14	2	27	85	215	256
16280	14	2	28	84	18	257
16281	14	2	29	86	41	257
16282	14	2	30	87	203	258
16283	14	2	31	88	248	258
16284	14	2	32	89	62	258
16285	14	2	33	91	213	259
16286	14	2	34	90	174	260
16287	14	3	0	12	114	245
16288	14	3	1	13	136	245
16289	14	3	2	14	135	245
16290	14	3	3	15	90	245
16291	14	3	4	59	247	245
16292	14	3	5	60	206	246
16293	14	3	6	61	246	246
16294	14	3	7	62	21	247
16295	14	3	8	63	66	247
16296	14	3	9	64	33	247
16297	14	3	10	65	201	248
16298	14	3	11	66	67	249
16299	14	3	12	67	169	249
16300	14	3	13	68	142	249
16301	14	3	14	69	164	250
16302	14	3	15	71	221	250
16303	14	3	16	70	175	251
16304	14	3	17	73	139	251
16305	14	3	18	72	105	252
16306	14	3	19	74	127	253
16307	14	3	20	75	96	253
16308	14	3	21	76	16	253
16309	14	3	22	77	4	254
16310	14	3	23	78	87	254
16311	14	3	24	79	43	254
16312	14	3	25	80	43	256
16313	14	3	26	81	25	256
16314	14	3	27	82	141	256
16315	14	3	28	83	76	256
16316	14	3	29	85	42	257
16317	14	3	30	84	44	258
16318	14	3	31	86	46	258
16319	14	3	32	87	140	259
16320	14	3	33	88	109	259
16321	14	4	0	17	115	245
16322	14	4	1	16	42	245
16323	14	4	2	18	101	245
16324	14	4	3	56	233	245
16325	14	4	4	57	251	245
16326	14	4	5	58	256	245
16327	14	4	6	59	64	246
16328	14	4	7	60	242	247
16329	14	4	8	61	80	247
16330	14	4	9	62	174	248
16331	14	4	10	63	143	248
16332	14	4	11	64	200	248
16333	14	4	12	65	50	249
16334	14	4	13	66	188	250
16335	14	4	14	67	152	250
16336	14	4	15	68	222	250
16337	14	4	16	69	184	251
16338	14	4	17	71	115	251
16339	14	4	18	70	11	252
16340	14	4	19	73	170	252
16341	14	4	20	72	158	253
16342	14	4	21	74	61	254
16343	14	4	22	75	208	254
16344	14	4	23	76	206	254
16345	14	4	24	77	180	255
16346	14	4	25	78	60	255
16347	14	4	26	79	136	255
16348	14	4	27	80	136	257
16349	14	4	28	81	97	257
16350	14	4	29	82	177	257
16351	14	4	30	83	79	257
16352	14	4	31	85	165	258
16353	14	4	32	84	64	259
16354	14	5	0	19	69	245
16355	14	5	1	20	250	245
16356	14	5	2	21	176	245
16357	14	5	3	54	37	245
16358	14	5	4	55	101	245
16359	14	5	5	56	205	246
16360	14	5	6	57	244	246
16361	14	5	7	58	212	246
16362	14	5	8	59	53	247
16363	14	5	9	60	153	248
16364	14	5	10	61	97	248
16365	14	5	11	62	120	249
16366	14	5	12	63	10	249
16367	14	5	13	64	5	249
16368	14	5	14	65	194	250
16369	14	5	15	66	236	251
16370	14	5	16	67	158	251
16371	14	5	17	68	224	251
16372	14	5	18	69	56	252
16373	14	5	19	71	239	252
16374	14	5	20	70	194	253
16375	14	5	21	73	77	253
16376	14	5	22	72	57	254
16377	14	5	23	74	175	255
16378	14	5	24	75	108	255
16379	14	5	25	76	18	255
16380	14	5	26	77	133	256
16381	14	5	27	78	130	256
16382	14	5	28	79	209	256
16383	14	5	29	80	209	258
16384	14	5	30	81	253	258
16385	14	5	31	82	255	258
16386	14	6	0	22	59	245
16387	14	6	1	23	157	245
16388	14	6	2	24	56	245
16389	14	6	3	52	191	245
16390	14	6	4	53	123	245
16391	14	6	5	54	123	246
16392	14	6	6	55	176	246
16393	14	6	7	56	230	247
16394	14	6	8	57	186	247
16395	14	6	9	58	31	247
16396	14	6	10	59	72	248
16397	14	6	11	60	198	249
16398	14	6	12	61	188	249
16399	14	6	13	62	3	250
16400	14	6	14	63	193	250
16401	14	6	15	64	225	250
16402	14	6	16	65	249	251
16403	14	6	17	66	83	252
16404	14	6	18	67	171	252
16405	14	6	19	68	57	252
16406	14	6	20	69	207	253
16407	14	6	21	71	146	253
16408	14	6	22	70	150	254
16409	14	6	23	73	121	254
16410	14	6	24	72	254	255
16411	14	6	25	74	165	256
16412	14	6	26	75	234	256
16413	14	6	27	76	39	256
16414	14	6	28	77	74	257
16415	14	6	29	78	196	257
16416	14	6	30	79	153	257
16417	14	7	0	25	170	245
16418	14	7	1	26	25	245
16419	14	7	2	27	35	245
16420	14	7	3	50	166	245
16421	14	7	4	51	228	245
16422	14	7	5	52	114	246
16423	14	7	6	53	138	246
16424	14	7	7	54	138	247
16425	14	7	8	55	210	247
16426	14	7	9	56	70	248
16427	14	7	10	57	146	248
16428	14	7	11	58	110	248
16429	14	7	12	59	156	249
16430	14	7	13	60	204	250
16431	14	7	14	61	73	250
16432	14	7	15	62	135	251
16433	14	7	16	63	204	251
16434	14	7	17	64	102	251
16435	14	7	18	65	154	252
16436	14	7	19	66	137	253
16437	14	7	20	67	242	253
16438	14	7	21	68	252	253
16439	14	7	22	69	63	254
16440	14	7	23	71	246	254
16441	14	7	24	70	155	255
16442	14	7	25	73	170	255
16443	14	7	26	72	234	256
16444	14	7	27	74	229	257
16445	14	7	28	75	250	257
16446	14	7	29	76	213	257
16447	14	8	0	28	229	245
16448	14	8	1	29	243	245
16449	14	8	2	30	19	245
16450	14	8	3	48	136	245
16451	14	8	4	49	17	245
16452	14	8	5	50	17	246
16453	14	8	6	51	237	246
16454	14	8	7	52	247	247
16455	14	8	8	53	42	247
16456	14	8	9	54	42	248
16457	14	8	10	55	198	248
16458	14	8	11	56	66	249
16459	14	8	12	57	145	249
16460	14	8	13	58	67	249
16461	14	8	14	59	81	250
16462	14	8	15	60	83	251
16463	14	8	16	61	30	251
16464	14	8	17	62	164	252
16465	14	8	18	63	185	252
16466	14	8	19	64	221	252
16467	14	8	20	65	248	253
16468	14	8	21	66	254	254
16469	14	8	22	67	96	254
16470	14	8	23	68	32	254
16471	14	8	24	69	8	255
16472	14	8	25	71	195	255
16473	14	8	26	70	47	256
16474	14	8	27	73	33	256
16475	14	8	28	72	223	257
16476	14	9	0	31	141	245
16477	14	9	1	32	107	245
16478	14	9	2	45	142	245
16479	14	9	3	46	195	245
16480	14	9	4	47	113	245
16481	14	9	5	48	209	246
16482	14	9	6	49	251	246
16483	14	9	7	50	251	247
16484	14	9	8	51	128	247
16485	14	9	9	52	64	248
16486	14	9	10	53	91	248
16487	14	9	11	54	91	249
16488	14	9	12	55	172	249
16489	14	9	13	56	143	250
16490	14	9	14	57	100	250
16491	14	9	15	58	188	250
16492	14	9	16	59	47	251
16493	14	9	17	60	173	252
16494	14	9	18	61	203	252
16495	14	9	19	62	184	253
16496	14	9	20	63	101	253
16497	14	9	21	64	179	253
16498	14	9	22	65	109	254
16499	14	9	23	66	122	255
16500	14	9	24	67	208	255
16501	14	9	25	68	155	255
16502	14	9	26	69	103	256
16503	14	9	27	71	247	256
16504	14	10	0	33	29	245
16505	14	10	1	34	184	245
16506	14	10	2	35	168	245
16507	14	10	3	44	117	245
16508	14	10	4	45	222	246
16509	14	10	5	46	37	246
16510	14	10	6	47	202	246
16511	14	10	7	48	153	247
16512	14	10	8	49	244	247
16513	14	10	9	50	244	248
16514	14	10	10	51	106	248
16515	14	10	11	52	53	249
16516	14	10	12	53	240	249
16517	14	10	13	54	240	250
16518	14	10	14	55	30	250
16519	14	10	15	56	10	251
16520	14	10	16	57	131	251
16521	14	10	17	58	236	251
16522	14	10	18	59	59	252
16523	14	10	19	60	153	253
16524	14	10	20	61	245	253
16525	14	10	21	62	56	254
16526	14	10	22	63	176	254
16527	14	10	23	64	88	254
16528	14	10	24	65	22	255
16529	14	10	25	66	93	256
16530	14	10	26	67	108	256
16531	14	11	0	36	154	245
16532	14	11	1	37	230	245
16533	14	11	2	38	15	245
16534	14	11	3	42	249	245
16535	14	11	4	43	156	245
16536	14	11	5	44	125	246
16537	14	11	6	45	224	247
16538	14	11	7	46	123	247
16539	14	11	8	47	95	247
16540	14	11	9	48	203	248
16541	14	11	10	49	186	248
16542	14	11	11	50	186	249
16543	14	11	12	51	144	249
16544	14	11	13	52	72	250
16545	14	11	14	53	6	250
16546	14	11	15	54	6	251
16547	14	11	16	55	65	251
16548	14	11	17	56	193	252
16549	14	11	18	57	241	252
16550	14	11	19	58	83	252
16551	14	11	20	59	85	253
16552	14	11	21	60	115	254
16553	14	11	22	61	153	254
16554	14	11	23	62	207	255
16555	14	11	24	63	210	255
16556	14	11	25	64	105	255
16557	14	12	0	39	197	245
16558	14	12	1	40	157	245
16559	14	12	2	41	216	245
16560	14	12	3	1	178	246
16561	14	12	4	2	158	246
16562	14	12	5	42	5	246
16563	14	12	6	43	79	246
16564	14	12	7	44	228	247
16565	14	12	8	45	57	248
16566	14	12	9	46	138	248
16567	14	12	10	47	163	248
16568	14	12	11	48	140	249
16569	14	12	12	49	146	249
16570	14	12	13	50	146	250
16571	14	12	14	51	55	250
16572	14	12	15	52	156	251
16573	14	12	16	53	13	251
16574	14	12	17	54	13	252
16575	14	12	18	55	98	252
16576	14	12	19	56	204	253
16577	14	12	20	57	51	253
16578	14	12	21	58	137	253
16579	14	12	22	59	227	254
16580	14	12	23	60	187	255
16581	14	12	24	61	27	255
16582	14	13	0	3	244	246
16583	14	13	1	4	62	246
16584	14	13	2	5	78	246
16585	14	13	3	6	217	246
16586	14	13	4	39	45	246
16587	14	13	5	40	151	246
16588	14	13	6	41	34	246
16589	14	13	7	42	202	247
16590	14	13	8	43	246	247
16591	14	13	9	44	237	248
16592	14	13	10	45	252	249
16593	14	13	11	46	42	249
16594	14	13	12	47	139	249
16595	14	13	13	48	132	250
16596	14	13	14	49	145	250
16597	14	13	15	50	145	251
16598	14	13	16	51	162	251
16599	14	13	17	52	81	252
16600	14	13	18	53	71	252
16601	14	13	19	54	71	253
16602	14	13	20	55	41	253
16603	14	13	21	56	185	254
16604	14	13	22	57	239	254
16605	14	13	23	58	254	254
16606	14	14	0	7	2	246
16607	14	14	1	8	186	246
16608	14	14	2	9	29	246
16609	14	14	3	10	66	246
16610	14	14	4	11	246	246
16611	14	14	5	38	133	246
16612	14	14	6	39	226	247
16613	14	14	7	40	113	247
16614	14	14	8	41	245	247
16615	14	14	9	42	88	248
16616	14	14	10	43	76	248
16617	14	14	11	44	128	249
16618	14	14	12	45	32	250
16619	14	14	13	46	91	250
16620	14	14	14	47	87	250
16621	14	14	15	48	29	251
16622	14	14	16	49	100	251
16623	14	14	17	50	100	252
16624	14	14	18	51	94	252
16625	14	14	19	52	47	253
16626	14	14	20	53	111	253
16627	14	14	21	54	111	254
16628	14	14	22	55	46	254
16629	14	15	0	12	217	246
16630	14	15	1	13	216	246
16631	14	15	2	14	144	246
16632	14	15	3	15	106	246
16633	14	15	4	35	188	246
16634	14	15	5	36	234	246
16635	14	15	6	37	222	246
16636	14	15	7	38	74	247
16637	14	15	8	39	147	248
16638	14	15	9	40	202	248
16639	14	15	10	41	231	248
16640	14	15	11	42	47	249
16641	14	15	12	43	89	249
16642	14	15	13	44	106	250
16643	14	15	14	45	155	251
16644	14	15	15	46	240	251
16645	14	15	16	47	60	251
16646	14	15	17	48	20	252
16647	14	15	18	49	131	252
16648	14	15	19	50	131	253
16649	14	15	20	51	118	253
16650	14	15	21	52	59	254
16651	14	16	0	16	136	246
16652	14	16	1	17	126	246
16653	14	16	2	18	42	246
16654	14	16	3	19	236	246
16655	14	16	4	32	32	246
16656	14	16	5	34	173	246
16657	14	16	6	35	236	247
16658	14	16	7	36	250	247
16659	14	16	8	37	224	247
16660	14	16	9	38	246	248
16661	14	16	10	39	190	249
16662	14	16	11	40	95	249
16663	14	16	12	41	115	249
16664	14	16	13	42	19	250
16665	14	16	14	43	60	250
16666	14	16	15	44	144	251
16667	14	16	16	45	36	252
16668	14	16	17	46	6	252
16669	14	16	18	47	130	252
16670	14	16	19	48	129	253
16671	14	16	20	49	241	253
16672	14	17	0	20	18	246
16673	14	17	1	21	202	246
16674	14	17	2	22	116	246
16675	14	17	3	23	193	246
16676	14	17	4	30	25	246
16677	14	17	5	33	242	246
16678	14	17	6	32	10	247
16679	14	17	7	34	75	247
16680	14	17	8	35	83	248
16681	14	17	9	36	199	248
16682	14	17	10	37	57	248
16683	14	17	11	38	19	249
16684	14	17	12	39	69	250
16685	14	17	13	40	163	250
16686	14	17	14	41	35	250
16687	14	17	15	42	83	251
16688	14	17	16	43	17	251
16689	14	17	17	44	55	252
16690	14	17	18	45	78	253
16691	14	17	19	46	13	253
16692	14	18	0	24	215	246
16693	14	18	1	25	102	246
16694	14	18	2	26	205	246
16695	14	18	3	27	89	246
16696	14	18	4	28	146	246
16697	14	18	5	31	227	246
16698	14	18	6	30	78	247
16699	14	18	7	33	20	247
16700	14	18	8	32	104	248
16701	14	18	9	34	34	248
16702	14	18	10	35	137	249
16703	14	18	11	36	217	249
16704	14	18	12	37	252	249
16705	14	18	13	38	84	250
16706	14	18	14	39	21	251
16707	14	18	15	40	139	251
16708	14	18	16	41	33	251
16709	14	18	17	42	92	252
16710	14	18	18	43	19	252
16711	14	19	0	29	26	246
16712	14	19	1	0	226	247
16713	14	19	2	1	66	247
16714	14	19	3	2	166	247
16715	14	19	4	3	226	247
16716	14	19	5	4	109	247
16717	14	19	6	5	202	247
16718	14	19	7	31	15	247
16719	14	19	8	30	210	248
16720	14	19	9	33	50	248
16721	14	19	10	32	201	249
16722	14	19	11	34	245	249
16723	14	19	12	35	254	250
16724	14	19	13	36	256	250
16725	14	19	14	37	32	250
16726	14	19	15	38	182	251
16727	14	19	16	39	174	252
16728	14	19	17	40	87	252
16729	14	20	0	6	141	247
16730	14	20	1	7	223	247
16731	14	20	2	8	192	247
16732	14	20	3	9	151	247
16733	14	20	4	10	16	247
16734	14	20	5	11	227	247
16735	14	20	6	27	119	247
16736	14	20	7	28	234	247
16737	14	20	8	29	187	247
16738	14	20	9	31	163	248
16739	14	20	10	30	153	249
16740	14	20	11	33	237	249
16741	14	20	12	32	29	250
16742	14	20	13	34	231	250
16743	14	20	14	35	122	251
16744	14	20	15	36	212	251
16745	14	20	16	37	155	251
16746	14	21	0	12	128	247
16747	14	21	1	13	56	247
16748	14	21	2	14	70	247
16749	14	21	3	15	208	247
16750	14	21	4	16	148	247
16751	14	21	5	24	80	247
16752	14	21	6	25	10	247
16753	14	21	7	26	89	247
16754	14	21	8	27	215	248
16755	14	21	9	28	250	248
16756	14	21	10	29	191	248
16757	14	21	11	31	229	249
16758	14	21	12	30	213	250
16759	14	21	13	33	7	250
16760	14	21	14	32	72	251
16761	14	21	15	34	115	251
16762	14	22	0	17	89	247
16763	14	22	1	18	249	247
16764	14	22	2	19	242	247
16765	14	22	3	20	26	247
16766	14	22	4	21	204	247
16767	14	22	5	22	12	247
16768	14	22	6	23	253	247
16769	14	22	7	24	2	248
16770	14	22	8	25	193	248
16771	14	22	9	26	150	248
16772	14	22	10	27	166	249
16773	14	22	11	28	199	249
16774	14	22	12	29	114	249
16775	14	22	13	31	220	250
16776	14	22	14	30	32	251
16777	14	23	0	0	189	248
16778	14	23	1	1	11	248
16779	14	23	2	2	13	248
16780	14	23	3	3	159	248
16781	14	23	4	4	182	248
16782	14	23	5	5	116	248
16783	14	23	6	6	149	248
16784	14	23	7	7	98	248
16785	14	23	8	8	155	248
16786	14	23	9	24	90	249
16787	14	23	10	25	204	249
16788	14	23	11	26	68	249
16789	14	23	12	27	17	250
16790	14	23	13	28	217	250
16791	14	24	0	9	213	248
16792	14	24	1	10	79	248
16793	14	24	2	11	98	248
16794	14	24	3	12	203	248
16795	14	24	4	13	218	248
16796	14	24	5	14	113	248
16797	14	24	6	15	79	248
16798	14	24	7	20	134	248
16799	14	24	8	21	54	248
16800	14	24	9	22	27	248
16801	14	24	10	23	195	248
16802	14	24	11	24	195	250
16803	14	24	12	25	185	250
16804	14	25	0	16	124	248
16805	14	25	1	17	67	248
16806	14	25	2	18	202	248
16807	14	25	3	19	156	248
16808	14	25	4	0	236	249
16809	14	25	5	1	74	249
16810	14	25	6	2	131	249
16811	14	25	7	3	157	249
16812	14	25	8	4	42	249
16813	14	25	9	20	119	249
16814	14	25	10	21	117	249
16815	14	25	11	22	187	249
16816	14	26	0	5	109	249
16817	14	26	1	6	104	249
16818	14	26	2	7	151	249
16819	14	26	3	8	93	249
16820	14	26	4	9	101	249
16821	14	26	5	10	145	249
16822	14	26	6	11	158	249
16823	14	26	7	12	114	249
16824	14	26	8	13	124	249
16825	14	26	9	14	167	249
16826	14	26	10	18	202	249
16827	14	27	0	15	199	249
16828	14	27	1	16	235	249
16829	14	27	2	17	83	249
16830	14	27	3	19	119	249
16831	14	27	4	23	179	249
16832	14	27	5	0	67	250
16833	14	27	6	1	141	250
16834	14	27	7	2	215	250
16835	14	27	8	3	244	250
16836	14	27	9	4	19	250
16837	14	28	0	5	30	250
16838	14	28	1	6	41	250
16839	14	28	2	7	37	250
16840	14	28	3	8	189	250
16841	14	28	4	9	96	250
16842	14	28	5	10	182	250
16843	14	28	6	11	124	250
16844	14	28	7	12	62	250
16845	14	28	8	13	135	250
16846	14	29	0	14	210	250
16847	14	29	1	15	167	250
16848	14	29	2	16	212	250
16849	14	29	3	17	214	250
16850	14	29	4	18	92	250
16851	14	29	5	19	4	250
16852	14	29	6	20	213	250
16853	14	29	7	21	10	250
16854	14	30	0	22	147	250
16855	14	30	1	23	117	250
16856	14	30	2	26	55	250
16857	14	30	3	29	44	250
16858	14	30	4	0	149	251
16859	14	30	5	1	72	251
16860	14	30	6	2	200	251
16861	14	31	0	3	133	251
16862	14	31	1	4	213	251
16863	14	31	2	5	100	251
16864	14	31	3	6	19	251
16865	14	31	4	7	120	251
16866	14	31	5	8	155	251
16867	14	32	0	9	159	251
16868	14	32	1	10	81	251
16869	14	32	2	11	19	251
16870	14	32	3	12	205	251
16871	14	32	4	13	182	251
16872	14	33	0	14	120	251
16873	14	33	1	15	206	251
16874	14	33	2	16	108	251
16875	14	33	3	17	201	251
16876	14	34	0	18	151	251
16877	14	34	1	19	220	251
16878	14	34	2	20	18	251
16879	14	35	0	21	137	251
16880	14	35	1	22	136	251
16881	14	36	0	23	232	251
16882	15	0	0	98	200	261
16883	15	0	1	99	50	261
16884	15	0	2	100	25	262
16885	15	0	3	101	152	262
16886	15	0	4	102	251	263
16887	15	0	5	103	68	263
16888	15	0	6	104	92	264
16889	15	0	7	106	104	264
16890	15	0	8	105	105	265
16891	15	0	9	107	183	265
16892	15	0	10	108	61	266
16893	15	0	11	109	104	266
16894	15	0	12	110	104	267
16895	15	0	13	111	180	267
16896	15	0	14	113	205	267
16897	15	0	15	112	97	268
16898	15	0	16	114	136	269
16899	15	0	17	115	17	269
16900	15	0	18	116	177	270
16901	15	0	19	117	237	270
16902	15	0	20	118	168	270
16903	15	0	21	119	42	271
16904	15	0	22	121	68	271
16905	15	0	23	120	186	272
16906	15	0	24	122	66	273
16907	15	0	25	123	134	273
16908	15	0	26	124	67	273
16909	15	0	27	125	81	274
16910	15	0	28	127	85	274
16911	15	0	29	126	217	275
16912	15	0	30	128	226	275
16913	15	0	31	129	185	276
16914	15	0	32	131	168	276
16915	15	0	33	130	238	277
16916	15	0	34	133	7	277
16917	15	0	35	132	234	278
16918	15	0	36	134	32	278
16919	15	0	37	135	8	279
16920	15	0	38	136	87	279
16921	15	0	39	137	86	280
16922	15	0	40	138	200	280
16923	15	0	41	139	25	280
16924	15	0	42	140	25	282
16925	15	1	0	95	100	261
16926	15	1	1	96	119	261
16927	15	1	2	97	47	261
16928	15	1	3	98	187	262
16929	15	1	4	99	111	262
16930	15	1	5	100	184	263
16931	15	1	6	101	101	263
16932	15	1	7	102	244	264
16933	15	1	8	103	179	264
16934	15	1	9	104	122	265
16935	15	1	10	106	31	265
16936	15	1	11	105	233	266
16937	15	1	12	107	103	266
16938	15	1	13	108	120	267
16939	15	1	14	109	15	267
16940	15	1	15	110	15	268
16941	15	1	16	111	194	268
16942	15	1	17	113	197	268
16943	15	1	18	112	7	269
16944	15	1	19	114	158	270
16945	15	1	20	115	84	270
16946	15	1	21	116	28	271
16947	15	1	22	117	7	271
16948	15	1	23	118	44	271
16949	15	1	24	119	11	272
16950	15	1	25	121	131	272
16951	15	1	26	120	225	273
16952	15	1	27	122	54	274
16953	15	1	28	123	133	274
16954	15	1	29	124	195	274
16955	15	1	30	125	113	275
16956	15	1	31	127	43	275
16957	15	1	32	126	71	276
16958	15	1	33	128	255	276
16959	15	1	34	129	128	277
16960	15	1	35	131	65	277
16961	15	1	36	130	116	278
16962	15	1	37	133	249	278
16963	15	1	38	132	181	279
16964	15	1	39	134	143	279
16965	15	1	40	135	100	280
16966	15	1	41	136	188	280
16967	15	2	0	92	238	260
16968	15	2	1	93	234	260
16969	15	2	2	94	117	261
16970	15	2	3	95	222	262
16971	15	2	4	96	74	262
16972	15	2	5	97	202	262
16973	15	2	6	98	153	263
16974	15	2	7	99	231	263
16975	15	2	8	100	244	264
16976	15	2	9	101	106	264
16977	15	2	10	102	227	265
16978	15	2	11	103	180	265
16979	15	2	12	104	240	266
16980	15	2	13	106	202	266
16981	15	2	14	105	81	267
16982	15	2	15	107	131	267
16983	15	2	16	108	215	268
16984	15	2	17	109	59	268
16985	15	2	18	110	59	269
16986	15	2	19	111	112	269
16987	15	2	20	113	200	269
16988	15	2	21	112	218	270
16989	15	2	22	114	176	271
16990	15	2	23	115	22	271
16991	15	2	24	116	93	272
16992	15	2	25	117	216	272
16993	15	2	26	118	36	272
16994	15	2	27	119	9	273
16995	15	2	28	121	103	273
16996	15	2	29	120	208	274
16997	15	2	30	122	161	275
16998	15	2	31	123	249	275
16999	15	2	32	124	253	275
17000	15	2	33	125	256	276
17001	15	2	34	127	194	276
17002	15	2	35	126	237	277
17003	15	2	36	128	232	277
17004	15	2	37	129	58	278
17005	15	2	38	131	47	278
17006	15	2	39	130	50	279
17007	15	2	40	133	184	279
17008	15	3	0	89	211	259
17009	15	3	1	91	251	260
17010	15	3	2	90	236	261
17011	15	3	3	92	148	261
17012	15	3	4	93	98	261
17013	15	3	5	94	49	262
17014	15	3	6	95	205	263
17015	15	3	7	96	154	263
17016	15	3	8	97	212	263
17017	15	3	9	98	242	264
17018	15	3	10	99	189	264
17019	15	3	11	100	223	265
17020	15	3	12	101	40	265
17021	15	3	13	102	189	266
17022	15	3	14	103	125	266
17023	15	3	15	104	173	267
17024	15	3	16	106	142	267
17025	15	3	17	105	223	268
17026	15	3	18	107	224	268
17027	15	3	19	108	246	269
17028	15	3	20	109	95	269
17029	15	3	21	110	95	270
17030	15	3	22	111	115	270
17031	15	3	23	113	240	270
17032	15	3	24	112	94	271
17033	15	3	25	114	144	272
17034	15	3	26	115	18	272
17035	15	3	27	116	6	273
17036	15	3	28	117	130	273
17037	15	3	29	118	193	273
17038	15	3	30	119	241	274
17039	15	3	31	121	32	274
17040	15	3	32	120	171	275
17041	15	3	33	122	85	276
17042	15	3	34	123	157	276
17043	15	3	35	124	207	276
17044	15	3	36	125	116	277
17045	15	3	37	127	123	277
17046	15	3	38	126	21	278
17047	15	3	39	128	73	278
17048	15	4	0	86	55	259
17049	15	4	1	87	78	260
17050	15	4	2	88	13	260
17051	15	4	3	89	196	260
17052	15	4	4	91	174	261
17053	15	4	5	90	235	262
17054	15	4	6	92	51	262
17055	15	4	7	93	197	262
17056	15	4	8	94	227	263
17057	15	4	9	95	121	264
17058	15	4	10	96	126	264
17059	15	4	11	97	80	264
17060	15	4	12	98	198	265
17061	15	4	13	99	178	265
17062	15	4	14	100	89	266
17063	15	4	15	101	243	266
17064	15	4	16	102	32	267
17065	15	4	17	103	106	267
17066	15	4	18	104	235	268
17067	15	4	19	106	129	268
17068	15	4	20	105	97	269
17069	15	4	21	107	230	269
17070	15	4	22	108	248	270
17071	15	4	23	109	31	270
17072	15	4	24	110	31	271
17073	15	4	25	111	24	271
17074	15	4	26	113	193	271
17075	15	4	27	112	209	272
17076	15	4	28	114	1	273
17077	15	4	29	115	225	273
17078	15	4	30	116	75	274
17079	15	4	31	117	83	274
17080	15	4	32	118	228	274
17081	15	4	33	119	57	275
17082	15	4	34	121	62	275
17083	15	4	35	120	103	276
17084	15	4	36	122	163	277
17085	15	4	37	123	35	277
17086	15	4	38	124	146	277
17087	15	5	0	83	52	258
17088	15	5	1	85	115	259
17089	15	5	2	84	6	260
17090	15	5	3	86	45	260
17091	15	5	4	87	204	261
17092	15	5	5	88	34	261
17093	15	5	6	89	137	261
17094	15	5	7	91	19	262
17095	15	5	8	90	9	263
17096	15	5	9	92	252	263
17097	15	5	10	93	21	263
17098	15	5	11	94	139	264
17099	15	5	12	95	99	265
17100	15	5	13	96	33	265
17101	15	5	14	97	229	265
17102	15	5	15	98	162	266
17103	15	5	16	99	169	266
17104	15	5	17	100	213	267
17105	15	5	18	101	82	267
17106	15	5	19	102	117	268
17107	15	5	20	103	106	268
17108	15	5	21	104	239	269
17109	15	5	22	106	184	269
17110	15	5	23	105	217	270
17111	15	5	24	107	48	270
17112	15	5	25	108	16	271
17113	15	5	26	109	2	271
17114	15	5	27	110	2	272
17115	15	5	28	111	43	272
17116	15	5	29	113	221	272
17117	15	5	30	112	202	273
17118	15	5	31	114	141	274
17119	15	5	32	115	114	274
17120	15	5	33	116	38	275
17121	15	5	34	117	138	275
17122	15	5	35	118	23	275
17123	15	5	36	119	70	276
17124	15	5	37	121	148	276
17125	15	6	0	80	104	259
17126	15	6	1	81	180	259
17127	15	6	2	82	90	259
17128	15	6	3	83	136	259
17129	15	6	4	85	107	260
17130	15	6	5	84	245	261
17131	15	6	6	86	177	261
17132	15	6	7	87	237	262
17133	15	6	8	88	168	262
17134	15	6	9	89	42	262
17135	15	6	10	91	144	263
17136	15	6	11	90	45	264
17137	15	6	12	92	66	264
17138	15	6	13	93	134	264
17139	15	6	14	94	67	265
17140	15	6	15	95	81	266
17141	15	6	16	96	27	266
17142	15	6	17	97	164	266
17143	15	6	18	98	226	267
17144	15	6	19	99	185	267
17145	15	6	20	100	221	268
17146	15	6	21	101	254	268
17147	15	6	22	102	238	269
17148	15	6	23	103	235	269
17149	15	6	24	104	32	270
17150	15	6	25	106	185	270
17151	15	6	26	105	181	271
17152	15	6	27	107	86	271
17153	15	6	28	108	200	272
17154	15	6	29	109	25	272
17155	15	6	30	110	25	273
17156	15	6	31	111	152	273
17157	15	6	32	113	105	273
17158	15	6	33	112	46	274
17159	15	6	34	114	92	275
17160	15	6	35	115	140	275
17161	15	6	36	116	218	276
17162	15	7	0	77	103	258
17163	15	7	1	78	120	258
17164	15	7	2	79	15	258
17165	15	7	3	80	15	260
17166	15	7	4	81	194	260
17167	15	7	5	82	97	260
17168	15	7	6	83	158	260
17169	15	7	7	85	62	261
17170	15	7	8	84	159	262
17171	15	7	9	86	28	262
17172	15	7	10	87	7	263
17173	15	7	11	88	44	263
17174	15	7	12	89	11	263
17175	15	7	13	91	53	264
17176	15	7	14	90	207	265
17177	15	7	15	92	54	265
17178	15	7	16	93	133	265
17179	15	7	17	94	195	266
17180	15	7	18	95	113	267
17181	15	7	19	96	209	267
17182	15	7	20	97	251	267
17183	15	7	21	98	255	268
17184	15	7	22	99	128	268
17185	15	7	23	100	64	269
17186	15	7	24	101	91	269
17187	15	7	25	102	69	270
17188	15	7	26	103	129	270
17189	15	7	27	104	143	271
17190	15	7	28	106	33	271
17191	15	7	29	105	139	272
17192	15	7	30	107	47	272
17193	15	7	31	108	187	273
17194	15	7	32	109	184	273
17195	15	7	33	110	184	274
17196	15	7	34	111	101	274
17197	15	7	35	113	26	274
17198	15	8	0	74	240	258
17199	15	8	1	75	60	258
17200	15	8	2	76	10	258
17201	15	8	3	77	131	259
17202	15	8	4	78	215	259
17203	15	8	5	79	59	259
17204	15	8	6	80	59	261
17205	15	8	7	81	112	261
17206	15	8	8	82	56	261
17207	15	8	9	83	176	261
17208	15	8	10	85	187	262
17209	15	8	11	84	70	263
17210	15	8	12	86	93	263
17211	15	8	13	87	216	264
17212	15	8	14	88	36	264
17213	15	8	15	89	9	264
17214	15	8	16	91	156	265
17215	15	8	17	90	223	266
17216	15	8	18	92	161	266
17217	15	8	19	93	249	266
17218	15	8	20	94	253	267
17219	15	8	21	95	256	268
17220	15	8	22	96	171	268
17221	15	8	23	97	182	268
17222	15	8	24	98	232	269
17223	15	8	25	99	58	269
17224	15	8	26	100	29	270
17225	15	8	27	101	238	270
17226	15	8	28	102	132	271
17227	15	8	29	103	246	271
17228	15	8	30	104	117	272
17229	15	8	31	106	253	272
17230	15	8	32	105	126	273
17231	15	8	33	107	202	273
17232	15	8	34	108	153	274
17233	15	9	0	70	206	257
17234	15	9	1	73	135	257
17235	15	9	2	72	82	258
17236	15	9	3	74	173	259
17237	15	9	4	75	236	259
17238	15	9	5	76	125	259
17239	15	9	6	77	224	260
17240	15	9	7	78	246	260
17241	15	9	8	79	95	260
17242	15	9	9	80	95	262
17243	15	9	10	81	115	262
17244	15	9	11	82	186	262
17245	15	9	12	83	144	262
17246	15	9	13	85	256	263
17247	15	9	14	84	22	264
17248	15	9	15	86	6	264
17249	15	9	16	87	130	265
17250	15	9	17	88	193	265
17251	15	9	18	89	241	265
17252	15	9	19	91	52	266
17253	15	9	20	90	125	267
17254	15	9	21	92	85	267
17255	15	9	22	93	157	267
17256	15	9	23	94	207	268
17257	15	9	24	95	116	269
17258	15	9	25	96	210	269
17259	15	9	26	97	219	269
17260	15	9	27	98	73	270
17261	15	9	28	99	211	270
17262	15	9	29	100	234	271
17263	15	9	30	101	148	271
17264	15	9	31	102	36	272
17265	15	9	32	103	230	272
17266	15	9	33	104	49	273
17267	15	10	0	68	198	256
17268	15	10	1	69	178	257
17269	15	10	2	71	72	257
17270	15	10	3	70	53	258
17271	15	10	4	73	91	258
17272	15	10	5	72	135	259
17273	15	10	6	74	235	260
17274	15	10	7	75	123	260
17275	15	10	8	76	149	260
17276	15	10	9	77	230	261
17277	15	10	10	78	248	261
17278	15	10	11	79	31	261
17279	15	10	12	80	31	263
17280	15	10	13	81	24	263
17281	15	10	14	82	12	263
17282	15	10	15	83	1	263
17283	15	10	16	85	247	264
17284	15	10	17	84	151	265
17285	15	10	18	86	75	265
17286	15	10	19	87	83	266
17287	15	10	20	88	228	266
17288	15	10	21	89	57	266
17289	15	10	22	91	55	267
17290	15	10	23	90	32	268
17291	15	10	24	92	163	268
17292	15	10	25	93	35	268
17293	15	10	26	94	146	269
17294	15	10	27	95	165	270
17295	15	10	28	96	55	270
17296	15	10	29	97	39	270
17297	15	10	30	98	13	271
17298	15	10	31	99	196	271
17299	15	10	32	100	98	272
17300	15	11	0	65	99	256
17301	15	11	1	66	33	257
17302	15	11	2	67	229	257
17303	15	11	3	68	162	257
17304	15	11	4	69	169	258
17305	15	11	5	71	227	258
17306	15	11	6	70	171	259
17307	15	11	7	73	135	259
17308	15	11	8	72	148	260
17309	15	11	9	74	239	261
17310	15	11	10	75	124	261
17311	15	11	11	76	192	261
17312	15	11	12	77	48	262
17313	15	11	13	78	16	262
17314	15	11	14	79	2	262
17315	15	11	15	80	2	264
17316	15	11	16	81	43	264
17317	15	11	17	82	150	264
17318	15	11	18	83	141	264
17319	15	11	19	85	99	265
17320	15	11	20	84	118	266
17321	15	11	21	86	38	266
17322	15	11	22	87	138	267
17323	15	11	23	88	23	267
17324	15	11	24	89	70	267
17325	15	11	25	91	189	268
17326	15	11	26	90	83	269
17327	15	11	27	92	110	269
17328	15	11	28	93	52	269
17329	15	11	29	94	26	270
17330	15	11	30	95	135	271
17331	15	11	31	96	45	271
17332	15	12	0	62	66	256
17333	15	12	1	63	134	256
17334	15	12	2	64	67	256
17335	15	12	3	65	81	257
17336	15	12	4	66	27	258
17337	15	12	5	67	164	258
17338	15	12	6	68	226	258
17339	15	12	7	69	185	259
17340	15	12	8	71	79	259
17341	15	12	9	70	119	260
17342	15	12	10	73	143	260
17343	15	12	11	72	175	261
17344	15	12	12	74	32	262
17345	15	12	13	75	8	262
17346	15	12	14	76	87	262
17347	15	12	15	77	86	263
17348	15	12	16	78	200	263
17349	15	12	17	79	25	263
17350	15	12	18	80	25	265
17351	15	12	19	81	152	265
17352	15	12	20	82	76	265
17353	15	12	21	83	92	265
17354	15	12	22	85	54	266
17355	15	12	23	84	28	267
17356	15	12	24	86	218	267
17357	15	12	25	87	183	268
17358	15	12	26	88	159	268
17359	15	12	27	89	104	268
17360	15	12	28	91	179	269
17361	15	12	29	90	120	270
17362	15	12	30	92	90	270
17363	15	13	0	59	11	255
17364	15	13	1	60	118	256
17365	15	13	2	61	127	256
17366	15	13	3	62	54	257
17367	15	13	4	63	133	257
17368	15	13	5	64	195	257
17369	15	13	6	65	113	258
17370	15	13	7	66	209	259
17371	15	13	8	67	251	259
17372	15	13	9	68	255	259
17373	15	13	10	69	128	260
17374	15	13	11	71	109	260
17375	15	13	12	70	213	261
17376	15	13	13	73	150	261
17377	15	13	14	72	100	262
17378	15	13	15	74	143	263
17379	15	13	16	75	100	263
17380	15	13	17	76	188	263
17381	15	13	18	77	47	264
17382	15	13	19	78	187	264
17383	15	13	20	79	184	264
17384	15	13	21	80	184	266
17385	15	13	22	81	101	266
17386	15	13	23	82	179	266
17387	15	13	24	83	122	266
17388	15	13	25	85	209	267
17389	15	13	26	84	186	268
17390	15	13	27	86	155	268
17391	15	13	28	87	103	269
17392	15	13	29	88	60	269
17393	15	14	0	56	93	255
17394	15	14	1	57	216	255
17395	15	14	2	58	36	255
17396	15	14	3	59	9	256
17397	15	14	4	60	235	257
17398	15	14	5	61	86	257
17399	15	14	6	62	161	258
17400	15	14	7	63	249	258
17401	15	14	8	64	253	258
17402	15	14	9	65	256	259
17403	15	14	10	66	171	260
17404	15	14	11	67	182	260
17405	15	14	12	68	232	260
17406	15	14	13	69	58	261
17407	15	14	14	71	83	261
17408	15	14	15	70	211	262
17409	15	14	16	73	103	262
17410	15	14	17	72	64	263
17411	15	14	18	74	117	264
17412	15	14	19	75	222	264
17413	15	14	20	76	37	264
17414	15	14	21	77	202	265
17415	15	14	22	78	153	265
17416	15	14	23	79	244	265
17417	15	14	24	80	244	267
17418	15	14	25	81	106	267
17419	15	14	26	82	53	267
17420	15	14	27	83	240	267
17421	15	14	28	84	240	269
17422	15	15	0	53	144	254
17423	15	15	1	54	144	255
17424	15	15	2	55	18	255
17425	15	15	3	56	6	256
17426	15	15	4	57	130	256
17427	15	15	5	58	193	256
17428	15	15	6	59	241	257
17429	15	15	7	60	159	258
17430	15	15	8	61	145	258
17431	15	15	9	62	85	259
17432	15	15	10	63	157	259
17433	15	15	11	64	207	259
17434	15	15	12	65	116	260
17435	15	15	13	66	210	261
17436	15	15	14	67	219	261
17437	15	15	15	68	73	261
17438	15	15	16	69	211	262
17439	15	15	17	71	14	262
17440	15	15	18	70	133	263
17441	15	15	19	73	83	263
17442	15	15	20	72	21	264
17443	15	15	21	74	49	265
17444	15	15	22	75	205	265
17445	15	15	23	76	77	265
17446	15	15	24	77	212	266
17447	15	15	25	78	242	266
17448	15	15	26	79	223	266
17449	15	15	27	80	223	268
17450	15	16	0	50	31	254
17451	15	16	1	51	24	254
17452	15	16	2	52	12	255
17453	15	16	3	53	1	255
17454	15	16	4	54	1	256
17455	15	16	5	55	225	256
17456	15	16	6	56	75	257
17457	15	16	7	57	83	257
17458	15	16	8	58	228	257
17459	15	16	9	59	57	258
17460	15	16	10	60	88	259
17461	15	16	11	61	237	259
17462	15	16	12	62	163	260
17463	15	16	13	63	35	260
17464	15	16	14	64	146	260
17465	15	16	15	65	165	261
17466	15	16	16	66	55	262
17467	15	16	17	67	39	262
17468	15	16	18	68	13	262
17469	15	16	19	69	196	263
17470	15	16	20	71	167	263
17471	15	16	21	70	244	264
17472	15	16	22	73	52	264
17473	15	16	23	72	237	265
17474	15	16	24	74	227	266
17475	15	16	25	75	121	266
17476	15	16	26	76	63	266
17477	15	17	0	47	48	253
17478	15	17	1	48	16	254
17479	15	17	2	49	2	254
17480	15	17	3	50	2	255
17481	15	17	4	51	43	255
17482	15	17	5	52	150	256
17483	15	17	6	53	141	256
17484	15	17	7	54	141	257
17485	15	17	8	55	114	257
17486	15	17	9	56	38	258
17487	15	17	10	57	138	258
17488	15	17	11	58	23	258
17489	15	17	12	59	70	259
17490	15	17	13	60	165	260
17491	15	17	14	61	218	260
17492	15	17	15	62	110	261
17493	15	17	16	63	52	261
17494	15	17	17	64	26	261
17495	15	17	18	65	135	262
17496	15	17	19	66	45	263
17497	15	17	20	67	102	263
17498	15	17	21	68	34	263
17499	15	17	22	69	137	264
17500	15	17	23	71	60	264
17501	15	17	24	70	252	265
17502	15	17	25	73	89	265
17503	15	18	0	44	32	253
17504	15	18	1	45	8	254
17505	15	18	2	46	87	254
17506	15	18	3	47	86	254
17507	15	18	4	48	200	255
17508	15	18	5	49	25	255
17509	15	18	6	50	25	256
17510	15	18	7	51	152	256
17511	15	18	8	52	76	257
17512	15	18	9	53	92	257
17513	15	18	10	54	92	258
17514	15	18	11	55	140	258
17515	15	18	12	56	218	259
17516	15	18	13	57	183	259
17517	15	18	14	58	159	259
17518	15	18	15	59	104	260
17519	15	18	16	60	141	261
17520	15	18	17	61	132	261
17521	15	18	18	62	90	262
17522	15	18	19	63	136	262
17523	15	18	20	64	68	262
17524	15	18	21	65	17	263
17525	15	18	22	66	177	264
17526	15	18	23	67	247	264
17527	15	18	24	68	168	264
17528	15	19	0	41	91	252
17529	15	19	1	42	63	253
17530	15	19	2	43	178	253
17531	15	19	3	44	143	254
17532	15	19	4	45	100	255
17533	15	19	5	46	188	255
17534	15	19	6	47	47	255
17535	15	19	7	48	187	256
17536	15	19	8	49	184	256
17537	15	19	9	50	184	257
17538	15	19	10	51	101	257
17539	15	19	11	52	179	258
17540	15	19	12	53	122	258
17541	15	19	13	54	122	259
17542	15	19	14	55	208	259
17543	15	19	15	56	155	260
17544	15	19	16	57	103	260
17545	15	19	17	58	60	260
17546	15	19	18	59	15	261
17547	15	19	19	60	167	262
17548	15	19	20	61	198	262
17549	15	19	21	62	97	263
17550	15	19	22	63	158	263
17551	15	19	23	64	79	263
17552	15	20	0	38	232	252
17553	15	20	1	39	58	253
17554	15	20	2	40	29	253
17555	15	20	3	41	238	253
17556	15	20	4	42	172	254
17557	15	20	5	43	135	254
17558	15	20	6	44	117	255
17559	15	20	7	45	222	256
17560	15	20	8	46	37	256
17561	15	20	9	47	202	256
17562	15	20	10	48	153	257
17563	15	20	11	49	244	257
17564	15	20	12	50	244	258
17565	15	20	13	51	106	258
17566	15	20	14	52	53	259
17567	15	20	15	53	240	259
17568	15	20	16	54	240	260
17569	15	20	17	55	30	260
17570	15	20	18	56	10	261
17571	15	20	19	57	131	261
17572	15	20	20	58	236	261
17573	15	20	21	59	59	262
17574	15	20	22	60	198	263
17575	15	21	0	35	116	252
17576	15	21	1	36	210	252
17577	15	21	2	37	219	252
17578	15	21	3	38	73	253
17579	15	21	4	39	211	254
17580	15	21	5	40	234	254
17581	15	21	6	41	148	254
17582	15	21	7	42	46	255
17583	15	21	8	43	180	255
17584	15	21	9	44	49	256
17585	15	21	10	45	205	257
17586	15	21	11	46	77	257
17587	15	21	12	47	212	257
17588	15	21	13	48	242	258
17589	15	21	14	49	223	258
17590	15	21	15	50	223	259
17591	15	21	16	51	40	259
17592	15	21	17	52	20	260
17593	15	21	18	53	173	260
17594	15	21	19	54	173	261
17595	15	21	20	55	118	261
17596	15	21	21	56	125	262
17597	15	22	0	33	75	251
17598	15	22	1	32	61	252
17599	15	22	2	34	146	252
17600	15	22	3	35	165	253
17601	15	22	4	36	55	253
17602	15	22	5	37	39	253
17603	15	22	6	38	13	254
17604	15	22	7	39	196	255
17605	15	22	8	40	98	255
17606	15	22	9	41	51	255
17607	15	22	10	42	232	256
17608	15	22	11	43	164	256
17609	15	22	12	44	227	257
17610	15	22	13	45	121	258
17611	15	22	14	46	63	258
17612	15	22	15	47	80	258
17613	15	22	16	48	198	259
17614	15	22	17	49	89	259
17615	15	22	18	50	89	260
17616	15	22	19	51	243	260
17617	15	22	20	52	250	261
17618	15	23	0	24	62	251
17619	15	23	1	31	14	251
17620	15	23	2	30	221	252
17621	15	23	3	33	50	252
17622	15	23	4	32	194	253
17623	15	23	5	34	26	253
17624	15	23	6	35	135	254
17625	15	23	7	36	45	254
17626	15	23	8	37	102	254
17627	15	23	9	38	34	255
17628	15	23	10	39	137	256
17629	15	23	11	40	197	256
17630	15	23	12	41	252	256
17631	15	23	13	42	26	257
17632	15	23	14	43	82	257
17633	15	23	15	44	139	258
17634	15	23	16	45	99	259
17635	15	23	17	46	145	259
17636	15	23	18	47	229	259
17637	15	23	19	48	162	260
17638	15	24	0	25	170	251
17639	15	24	1	27	183	251
17640	15	24	2	28	159	251
17641	15	24	3	29	104	251
17642	15	24	4	31	176	252
17643	15	24	5	30	87	253
17644	15	24	6	33	4	253
17645	15	24	7	32	24	254
17646	15	24	8	34	68	254
17647	15	24	9	35	17	255
17648	15	24	10	36	177	255
17649	15	24	11	37	247	255
17650	15	24	12	38	168	256
17651	15	24	13	39	42	257
17652	15	24	14	40	21	257
17653	15	24	15	41	66	257
17654	15	24	16	42	123	258
17655	15	24	17	43	224	258
17656	15	24	18	44	67	259
17657	15	25	0	26	141	251
17658	15	25	1	0	73	252
17659	15	25	2	1	86	252
17660	15	25	3	2	197	252
17661	15	25	4	27	103	252
17662	15	25	5	28	60	252
17663	15	25	6	29	15	252
17664	15	25	7	31	28	253
17665	15	25	8	30	49	254
17666	15	25	9	33	126	254
17667	15	25	10	32	168	255
17668	15	25	11	34	79	255
17669	15	25	12	35	84	256
17670	15	25	13	36	28	256
17671	15	25	14	37	132	256
17672	15	25	15	38	44	257
17673	15	25	16	39	11	258
17674	15	25	17	40	134	258
17675	15	26	0	3	76	252
17676	15	26	1	4	255	252
17677	15	26	2	5	127	252
17678	15	26	3	6	110	252
17679	15	26	4	24	240	252
17680	15	26	5	25	30	252
17681	15	26	6	26	10	252
17682	15	26	7	27	131	253
17683	15	26	8	28	236	253
17684	15	26	9	29	59	253
17685	15	26	10	31	185	254
17686	15	26	11	30	103	255
17687	15	26	12	33	212	255
17688	15	26	13	32	2	256
17689	15	26	14	34	88	256
17690	15	26	15	35	22	257
17691	15	26	16	36	93	257
17692	15	27	0	7	177	252
17693	15	27	1	8	83	252
17694	15	27	2	9	76	252
17695	15	27	3	10	185	252
17696	15	27	4	11	27	252
17697	15	27	5	12	56	252
17698	15	27	6	13	71	252
17699	15	27	7	24	173	253
17700	15	27	8	25	118	253
17701	15	27	9	26	125	253
17702	15	27	10	27	224	254
17703	15	27	11	28	123	254
17704	15	27	12	29	95	254
17705	15	27	13	31	250	255
17706	15	27	14	30	248	256
17707	15	27	15	33	133	256
17708	15	28	0	14	179	252
17709	15	28	1	15	217	252
17710	15	28	2	16	88	252
17711	15	28	3	17	199	252
17712	15	28	4	18	26	252
17713	15	28	5	19	121	252
17714	15	28	6	20	89	252
17715	15	28	7	21	243	252
17716	15	28	8	22	250	252
17717	15	28	9	23	235	252
17718	15	28	10	24	235	254
17719	15	28	11	25	190	254
17720	15	28	12	26	149	254
17721	15	28	13	27	230	255
17722	15	28	14	28	124	255
17723	15	29	0	0	63	253
17724	15	29	1	1	238	253
17725	15	29	2	2	38	253
17726	15	29	3	3	170	253
17727	15	29	4	4	69	253
17728	15	29	5	5	85	253
17729	15	29	6	6	27	253
17730	15	29	7	7	115	253
17731	15	29	8	8	249	253
17732	15	29	9	20	213	253
17733	15	29	10	21	82	253
17734	15	29	11	22	41	253
17735	15	29	12	23	239	253
17736	15	29	13	24	239	255
17737	15	30	0	9	36	253
17738	15	30	1	10	66	253
17739	15	30	2	11	183	253
17740	15	30	3	12	52	253
17741	15	30	4	13	76	253
17742	15	30	5	14	176	253
17743	15	30	6	15	10	253
17744	15	30	7	16	213	253
17745	15	30	8	17	191	253
17746	15	30	9	18	77	253
17747	15	30	10	19	8	253
17748	15	30	11	20	82	254
17749	15	30	12	21	221	254
17750	15	31	0	0	245	254
17751	15	31	1	1	145	254
17752	15	31	2	2	224	254
17753	15	31	3	3	231	254
17754	15	31	4	4	186	254
17755	15	31	5	5	144	254
17756	15	31	6	6	58	254
17757	15	31	7	7	220	254
17758	15	31	8	8	194	254
17759	15	31	9	9	172	254
17760	15	31	10	10	72	254
17761	15	31	11	11	181	254
17762	15	32	0	12	96	254
17763	15	32	1	13	144	254
17764	15	32	2	14	98	254
17765	15	32	3	15	185	254
17766	15	32	4	16	39	254
17767	15	32	5	17	188	254
17768	15	32	6	18	86	254
17769	15	32	7	19	85	254
17770	15	32	8	22	101	254
17771	15	32	9	23	137	254
17772	15	32	10	0	156	255
17773	15	33	0	1	161	255
17774	15	33	1	2	50	255
17775	15	33	2	3	155	255
17776	15	33	3	4	174	255
17777	15	33	4	5	247	255
17778	15	33	5	6	198	255
17779	15	33	6	7	68	255
17780	15	33	7	8	67	255
17781	15	33	8	9	152	255
17782	15	33	9	10	209	255
17783	15	34	0	11	10	255
17784	15	34	1	12	184	255
17785	15	34	2	13	182	255
17786	15	34	3	14	223	255
17787	15	34	4	15	136	255
17788	15	34	5	16	52	255
17789	15	34	6	17	145	255
17790	15	34	7	18	248	255
17791	15	34	8	19	124	255
17792	15	35	0	20	186	255
17793	15	35	1	21	47	255
17794	15	35	2	22	84	255
17795	15	35	3	23	141	255
17796	15	35	4	25	142	255
17797	15	35	5	26	112	255
17798	15	35	6	29	30	255
17799	15	35	7	0	47	256
17800	15	36	0	1	9	256
17801	15	36	1	2	4	256
17802	15	36	2	3	86	256
17803	15	36	3	4	240	256
17804	15	36	4	5	246	256
17805	15	36	5	6	101	256
17806	15	36	6	7	245	256
17807	15	37	0	8	140	256
17808	15	37	1	9	48	256
17809	15	37	2	10	50	256
17810	15	37	3	11	194	256
17811	15	37	4	12	185	256
17812	15	37	5	13	112	256
17813	15	38	0	14	100	256
17814	15	38	1	15	37	256
17815	15	38	2	16	229	256
17816	15	38	3	17	146	256
17817	15	38	4	18	16	256
17818	15	39	0	19	38	256
17819	15	39	1	20	146	256
17820	15	39	2	21	163	256
17821	15	39	3	22	126	256
17822	15	40	0	23	25	256
17823	15	40	1	24	13	256
17824	15	40	2	25	176	256
17825	15	41	0	26	68	256
17826	15	41	1	27	28	256
17827	15	42	0	28	192	256
17828	16	0	0	29	38	256
17829	16	0	1	31	211	256
17830	16	0	2	0	37	257
17831	16	0	3	1	19	257
17832	16	0	4	2	230	257
17833	16	0	5	3	35	257
17834	16	0	6	4	213	257
17835	16	0	7	5	93	257
17836	16	0	8	6	192	257
17837	16	0	9	7	4	257
17838	16	0	10	8	174	257
17839	16	0	11	9	165	257
17840	16	0	12	10	120	257
17841	16	0	13	11	135	257
17842	16	0	14	12	208	257
17843	16	0	15	13	37	257
17844	16	0	16	14	238	257
17845	16	0	17	15	219	257
17846	16	0	18	16	43	257
17847	16	0	19	17	140	257
17848	16	0	20	18	159	257
17849	16	0	21	19	53	257
17850	16	1	0	20	141	257
17851	16	1	1	21	140	257
17852	16	1	2	22	181	257
17853	16	1	3	23	88	257
17854	16	1	4	24	119	257
17855	16	1	5	25	93	257
17856	16	1	6	26	211	257
17857	16	1	7	27	200	257
17858	16	1	8	28	145	257
17859	16	1	9	29	129	257
17860	16	1	10	30	191	257
17861	16	1	11	31	253	257
17862	16	1	12	32	112	257
17863	16	1	13	33	211	257
17864	16	1	14	34	215	257
17865	16	1	15	37	61	257
17866	16	1	16	0	179	258
17867	16	1	17	1	206	258
17868	16	1	18	2	238	258
17869	16	1	19	3	78	258
17870	16	1	20	4	52	258
17871	16	2	0	5	51	258
17872	16	2	1	6	28	258
17873	16	2	2	7	144	258
17874	16	2	3	8	185	258
17875	16	2	4	9	79	258
17876	16	2	5	10	13	258
17877	16	2	6	11	252	258
17878	16	2	7	12	204	258
17879	16	2	8	13	216	258
17880	16	2	9	14	217	258
17881	16	2	10	15	146	258
17882	16	2	11	16	51	258
17883	16	2	12	17	52	258
17884	16	2	13	18	128	258
17885	16	2	14	19	130	258
17886	16	2	15	20	138	258
17887	16	2	16	21	19	258
17888	16	2	17	22	19	258
17889	16	2	18	23	11	258
17890	16	2	19	24	151	258
17891	16	3	0	25	210	258
17892	16	3	1	26	131	258
17893	16	3	2	27	17	258
17894	16	3	3	28	201	258
17895	16	3	4	29	25	258
17896	16	3	5	30	196	258
17897	16	3	6	31	83	258
17898	16	3	7	32	211	258
17899	16	3	8	33	71	258
17900	16	3	9	34	148	258
17901	16	3	10	35	11	258
17902	16	3	11	36	6	258
17903	16	3	12	37	202	258
17904	16	3	13	38	189	258
17905	16	3	14	41	88	258
17906	16	3	15	0	181	259
17907	16	3	16	1	167	259
17908	16	3	17	2	238	259
17909	16	3	18	3	190	259
17910	16	4	0	4	167	259
17911	16	4	1	5	62	259
17912	16	4	2	6	211	259
17913	16	4	3	7	42	259
17914	16	4	4	8	69	259
17915	16	4	5	9	155	259
17916	16	4	6	10	56	259
17917	16	4	7	11	18	259
17918	16	4	8	12	26	259
17919	16	4	9	13	124	259
17920	16	4	10	14	15	259
17921	16	4	11	15	196	259
17922	16	4	12	16	153	259
17923	16	4	13	17	144	259
17924	16	4	14	18	42	259
17925	16	4	15	19	188	259
17926	16	4	16	20	26	259
17927	16	4	17	21	193	259
17928	16	5	0	22	171	259
17929	16	5	1	23	8	259
17930	16	5	2	24	103	259
17931	16	5	3	25	16	259
17932	16	5	4	26	25	259
17933	16	5	5	27	80	259
17934	16	5	6	28	139	259
17935	16	5	7	29	14	259
17936	16	5	8	30	232	259
17937	16	5	9	31	15	259
17938	16	5	10	32	180	259
17939	16	5	11	33	177	259
17940	16	5	12	34	113	259
17941	16	5	13	35	3	259
17942	16	5	14	36	121	259
17943	16	5	15	37	201	259
17944	16	5	16	38	115	259
17945	16	6	0	39	91	259
17946	16	6	1	40	107	259
17947	16	6	2	41	57	259
17948	16	6	3	42	120	259
17949	16	6	4	43	163	259
17950	16	6	5	0	16	260
17951	16	6	6	1	112	260
17952	16	6	7	2	97	260
17953	16	6	8	3	252	260
17954	16	6	9	4	82	260
17955	16	6	10	5	27	260
17956	16	6	11	6	10	260
17957	16	6	12	7	42	260
17958	16	6	13	8	22	260
17959	16	6	14	9	133	260
17960	16	6	15	10	254	260
17961	16	7	0	11	149	260
17962	16	7	1	12	222	260
17963	16	7	2	13	163	260
17964	16	7	3	14	144	260
17965	16	7	4	15	216	260
17966	16	7	5	16	223	260
17967	16	7	6	17	93	260
17968	16	7	7	18	91	260
17969	16	7	8	19	14	260
17970	16	7	9	20	81	260
17971	16	7	10	21	7	260
17972	16	7	11	22	63	260
17973	16	7	12	23	63	260
17974	16	7	13	24	58	260
17975	16	7	14	25	239	260
17976	16	8	0	26	58	260
17977	16	8	1	27	30	260
17978	16	8	2	28	11	260
17979	16	8	3	29	174	260
17980	16	8	4	30	220	260
17981	16	8	5	31	65	260
17982	16	8	6	32	60	260
17983	16	8	7	33	31	260
17984	16	8	8	34	202	260
17985	16	8	9	35	189	260
17986	16	8	10	36	33	260
17987	16	8	11	37	230	260
17988	16	8	12	38	11	260
17989	16	8	13	39	90	260
17990	16	9	0	40	131	260
17991	16	9	1	41	26	260
17992	16	9	2	42	123	260
17993	16	9	3	43	157	260
17994	16	9	4	44	41	260
17995	16	9	5	45	95	260
17996	16	9	6	46	79	260
17997	16	9	7	47	160	260
17998	16	9	8	49	120	260
17999	16	9	9	0	205	261
18000	16	9	10	1	193	261
18001	16	9	11	2	66	261
18002	16	9	12	3	66	261
18003	16	10	0	4	196	261
18004	16	10	1	5	110	261
18005	16	10	2	6	104	261
18006	16	10	3	7	87	261
18007	16	10	4	8	178	261
18008	16	10	5	9	11	261
18009	16	10	6	10	81	261
18010	16	10	7	11	27	261
18011	16	10	8	12	95	261
18012	16	10	9	13	196	261
18013	16	10	10	14	91	261
18014	16	10	11	15	171	261
18015	16	11	0	16	20	261
18016	16	11	1	17	197	261
18017	16	11	2	18	96	261
18018	16	11	3	19	23	261
18019	16	11	4	20	148	261
18020	16	11	5	21	170	261
18021	16	11	6	22	213	261
18022	16	11	7	23	54	261
18023	16	11	8	24	194	261
18024	16	11	9	25	55	261
18025	16	11	10	26	115	261
18026	16	12	0	27	19	261
18027	16	12	1	28	80	261
18028	16	12	2	29	220	261
18029	16	12	3	30	69	261
18030	16	12	4	31	21	261
18031	16	12	5	32	122	261
18032	16	12	6	33	52	261
18033	16	12	7	34	20	261
18034	16	12	8	35	113	261
18035	16	12	9	36	235	261
18036	16	13	0	37	93	261
18037	16	13	1	38	253	261
18038	16	13	2	39	219	261
18039	16	13	3	40	196	261
18040	16	13	4	41	105	261
18041	16	13	5	42	14	261
18042	16	13	6	43	210	261
18043	16	13	7	44	11	261
18044	16	13	8	45	51	261
18045	16	14	0	46	237	261
18046	16	14	1	47	97	261
18047	16	14	2	48	45	261
18048	16	14	3	49	217	261
18049	16	14	4	50	52	261
18050	16	14	5	51	137	261
18051	16	14	6	53	222	261
18052	16	14	7	0	30	262
18053	16	15	0	1	141	262
18054	16	15	1	2	178	262
18055	16	15	2	3	123	262
18056	16	15	3	4	252	262
18057	16	15	4	5	20	262
18058	16	15	5	6	28	262
18059	16	15	6	7	56	262
18060	16	16	0	0	131	263
18061	16	16	1	8	110	262
18062	16	16	2	9	236	262
18063	16	16	3	10	230	262
18064	16	16	4	11	256	262
18065	16	16	5	12	142	262
18066	16	17	0	0	131	264
18067	16	17	1	13	19	262
18068	16	17	2	14	15	262
18069	16	17	3	15	11	262
18070	16	17	4	16	214	262
18071	16	18	0	0	131	265
18072	16	18	1	17	22	262
18073	16	18	2	18	88	262
18074	16	18	3	19	125	262
18075	16	19	0	0	131	266
18076	16	19	1	1	166	263
18077	16	19	2	20	105	262
18078	16	20	0	0	131	267
18079	16	20	1	1	166	264
18080	16	21	0	0	131	268
18081	17	0	0	21	176	262
18082	17	0	1	22	191	262
18083	17	0	2	23	54	262
18084	17	0	3	24	123	262
18085	17	0	4	25	16	262
18086	17	0	5	26	28	262
18087	17	0	6	27	19	262
18088	17	0	7	28	132	262
18089	17	0	8	29	194	262
18090	17	0	9	30	137	262
18091	17	0	10	31	256	262
18092	17	0	11	32	105	262
18093	17	0	12	33	24	262
18094	17	0	13	34	184	262
18095	17	0	14	35	218	262
18096	17	0	15	36	240	262
18097	17	0	16	37	179	262
18098	17	0	17	38	205	262
18099	17	0	18	39	256	262
18100	17	0	19	40	153	262
18101	17	0	20	41	114	262
18102	17	0	21	42	159	262
18103	17	0	22	43	102	262
18104	17	0	23	44	101	262
18105	17	0	24	45	164	262
18106	17	1	0	46	135	262
18107	17	1	1	47	239	262
18108	17	1	2	48	164	262
18109	17	1	3	49	221	262
18110	17	1	4	50	163	262
18111	17	1	5	51	99	262
18112	17	1	6	52	156	262
18113	17	1	7	53	104	262
18114	17	1	8	54	11	262
18115	17	1	9	55	129	262
18116	17	1	10	57	12	262
18117	17	1	11	58	76	262
18118	17	1	12	2	46	263
18119	17	1	13	3	11	263
18120	17	1	14	4	191	263
18121	17	1	15	5	137	263
18122	17	1	16	6	109	263
18123	17	1	17	7	125	263
18124	17	1	18	8	125	263
18125	17	1	19	9	58	263
18126	17	1	20	10	170	263
18127	17	1	21	11	180	263
18128	17	1	22	12	97	263
18129	17	1	23	13	227	263
18130	17	2	0	14	114	263
18131	17	2	1	15	180	263
18132	17	2	2	16	67	263
18133	17	2	3	17	185	263
18134	17	2	4	18	13	263
18135	17	2	5	19	86	263
18136	17	2	6	20	161	263
18137	17	2	7	21	208	263
18138	17	2	8	22	128	263
18139	17	2	9	23	213	263
18140	17	2	10	24	205	263
18141	17	2	11	25	64	263
18142	17	2	12	26	198	263
18143	17	2	13	27	74	263
18144	17	2	14	28	218	263
18145	17	2	15	29	187	263
18146	17	2	16	30	133	263
18147	17	2	17	31	184	263
18148	17	2	18	32	100	263
18149	17	2	19	33	64	263
18150	17	2	20	34	40	263
18151	17	2	21	35	61	263
18152	17	2	22	36	142	263
18153	17	3	0	37	239	263
18154	17	3	1	38	220	263
18155	17	3	2	39	62	263
18156	17	3	3	40	53	263
18157	17	3	4	41	176	263
18158	17	3	5	42	37	263
18159	17	3	6	43	215	263
18160	17	3	7	44	49	263
18161	17	3	8	45	210	263
18162	17	3	9	46	89	263
18163	17	3	10	47	47	263
18164	17	3	11	48	97	263
18165	17	3	12	49	45	263
18166	17	3	13	50	58	263
18167	17	3	14	51	24	263
18168	17	3	15	52	229	263
18169	17	3	16	53	223	263
18170	17	3	17	54	169	263
18171	17	3	18	55	99	263
18172	17	3	19	56	145	263
18173	17	3	20	57	246	263
18174	17	3	21	58	159	263
18175	17	4	0	59	101	263
18176	17	4	1	61	213	263
18177	17	4	2	2	148	264
18178	17	4	3	3	9	264
18179	17	4	4	4	234	264
18180	17	4	5	5	221	264
18181	17	4	6	6	104	264
18182	17	4	7	7	59	264
18183	17	4	8	8	226	264
18184	17	4	9	9	253	264
18185	17	4	10	10	4	264
18186	17	4	11	11	190	264
18187	17	4	12	12	91	264
18188	17	4	13	13	151	264
18189	17	4	14	14	91	264
18190	17	4	15	15	191	264
18191	17	4	16	16	94	264
18192	17	4	17	17	254	264
18193	17	4	18	18	115	264
18194	17	4	19	19	10	264
18195	17	4	20	20	87	264
18196	17	5	0	21	166	264
18197	17	5	1	22	43	264
18198	17	5	2	23	194	264
18199	17	5	3	24	166	264
18200	17	5	4	25	120	264
18201	17	5	5	26	57	264
18202	17	5	6	27	25	264
18203	17	5	7	28	158	264
18204	17	5	8	29	126	264
18205	17	5	9	30	228	264
18206	17	5	10	31	109	264
18207	17	5	11	32	7	264
18208	17	5	12	33	256	264
18209	17	5	13	34	103	264
18210	17	5	14	35	10	264
18211	17	5	15	36	227	264
18212	17	5	16	37	194	264
18213	17	5	17	38	227	264
18214	17	5	18	39	32	264
18215	17	5	19	40	176	264
18216	17	6	0	41	63	264
18217	17	6	1	42	112	264
18218	17	6	2	43	240	264
18219	17	6	3	44	172	264
18220	17	6	4	45	253	264
18221	17	6	5	46	171	264
18222	17	6	6	47	32	264
18223	17	6	7	48	182	264
18224	17	6	8	49	125	264
18225	17	6	9	50	218	264
18226	17	6	10	51	122	264
18227	17	6	11	52	237	264
18228	17	6	12	53	109	264
18229	17	6	13	54	200	264
18230	17	6	14	55	29	264
18231	17	6	15	56	242	264
18232	17	6	16	57	30	264
18233	17	6	17	58	89	264
18234	17	6	18	59	176	264
18235	17	7	0	60	90	264
18236	17	7	1	61	101	264
18237	17	7	2	62	245	264
18238	17	7	3	63	224	264
18239	17	7	4	64	117	264
18240	17	7	5	65	83	264
18241	17	7	6	1	12	265
18242	17	7	7	2	212	265
18243	17	7	8	3	214	265
18244	17	7	9	4	163	265
18245	17	7	10	5	209	265
18246	17	7	11	6	248	265
18247	17	7	12	7	174	265
18248	17	7	13	8	170	265
18249	17	7	14	9	19	265
18250	17	7	15	10	162	265
18251	17	7	16	11	119	265
18252	17	7	17	12	100	265
18253	17	8	0	13	13	265
18254	17	8	1	14	186	265
18255	17	8	2	15	224	265
18256	17	8	3	16	34	265
18257	17	8	4	17	185	265
18258	17	8	5	18	121	265
18259	17	8	6	19	41	265
18260	17	8	7	20	227	265
18261	17	8	8	21	87	265
18262	17	8	9	22	126	265
18263	17	8	10	23	220	265
18264	17	8	11	24	161	265
18265	17	8	12	25	135	265
18266	17	8	13	26	12	265
18267	17	8	14	27	114	265
18268	17	8	15	28	95	265
18269	17	8	16	29	217	265
18270	17	9	0	30	93	265
18271	17	9	1	31	203	265
18272	17	9	2	32	222	265
18273	17	9	3	33	151	265
18274	17	9	4	34	53	265
18275	17	9	5	35	119	265
18276	17	9	6	36	220	265
18277	17	9	7	37	213	265
18278	17	9	8	38	189	265
18279	17	9	9	39	127	265
18280	17	9	10	40	5	265
18281	17	9	11	41	143	265
18282	17	9	12	42	18	265
18283	17	9	13	43	189	265
18284	17	9	14	44	201	265
18285	17	9	15	45	62	265
18286	17	10	0	46	224	265
18287	17	10	1	47	78	265
18288	17	10	2	48	146	265
18289	17	10	3	49	198	265
18290	17	10	4	50	246	265
18291	17	10	5	51	230	265
18292	17	10	6	52	128	265
18293	17	10	7	53	86	265
18294	17	10	8	54	3	265
18295	17	10	9	55	197	265
18296	17	10	10	56	165	265
18297	17	10	11	57	74	265
18298	17	10	12	58	199	265
18299	17	10	13	59	49	265
18300	17	10	14	60	217	265
18301	17	11	0	61	137	265
18302	17	11	1	62	71	265
18303	17	11	2	63	85	265
18304	17	11	3	64	216	265
18305	17	11	4	65	217	265
18306	17	11	5	66	180	265
18307	17	11	6	67	51	265
18308	17	11	7	68	155	265
18309	17	11	8	69	134	265
18310	17	11	9	71	115	265
18311	17	11	10	1	18	266
18312	17	11	11	2	100	266
18313	17	11	12	3	75	266
18314	17	11	13	4	33	266
18315	17	12	0	5	14	266
18316	17	12	1	6	217	266
18317	17	12	2	7	196	266
18318	17	12	3	8	36	266
18319	17	12	4	9	87	266
18320	17	12	5	10	1	266
18321	17	12	6	11	32	266
18322	17	12	7	12	135	266
18323	17	12	8	13	57	266
18324	17	12	9	14	78	266
18325	17	12	10	15	143	266
18326	17	12	11	16	82	266
18327	17	12	12	17	111	266
18328	17	13	0	18	230	266
18329	17	13	1	19	81	266
18330	17	13	2	20	84	266
18331	17	13	3	21	95	266
18332	17	13	4	22	198	266
18333	17	13	5	23	55	266
18334	17	13	6	24	16	266
18335	17	13	7	25	255	266
18336	17	13	8	26	239	266
18337	17	13	9	27	13	266
18338	17	13	10	28	192	266
18339	17	13	11	29	150	266
18340	17	14	0	30	74	266
18341	17	14	1	31	65	266
18342	17	14	2	32	201	266
18343	17	14	3	33	36	266
18344	17	14	4	34	179	266
18345	17	14	5	35	222	266
18346	17	14	6	36	108	266
18347	17	14	7	37	77	266
18348	17	14	8	38	181	266
18349	17	14	9	39	188	266
18350	17	14	10	40	81	266
18351	17	15	0	41	104	266
18352	17	15	1	42	3	266
18353	17	15	2	43	201	266
18354	17	15	3	44	1	266
18355	17	15	4	45	191	266
18356	17	15	5	46	141	266
18357	17	15	6	47	211	266
18358	17	15	7	48	35	266
18359	17	15	8	49	169	266
18360	17	15	9	50	224	266
18361	17	16	0	51	119	266
18362	17	16	1	52	143	266
18363	17	16	2	53	160	266
18364	17	16	3	54	92	266
18365	17	16	4	55	72	266
18366	17	16	5	56	225	266
18367	17	16	6	57	10	266
18368	17	16	7	58	223	266
18369	17	16	8	59	222	266
18370	17	17	0	60	14	266
18371	17	17	1	61	181	266
18372	17	17	2	62	233	266
18373	17	17	3	63	95	266
18374	17	17	4	64	68	266
18375	17	17	5	65	81	266
18376	17	17	6	66	96	266
18377	17	17	7	67	129	266
18378	17	18	0	68	236	266
18379	17	18	1	69	73	266
18380	17	18	2	70	252	266
18381	17	18	3	71	229	266
18382	17	18	4	72	215	266
18383	17	18	5	73	71	266
18384	17	18	6	1	237	267
18385	17	19	0	2	227	267
18386	17	19	1	3	22	267
18387	17	19	2	4	84	267
18388	17	19	3	5	52	267
18389	17	19	4	6	162	267
18390	17	19	5	7	191	267
18391	17	20	0	8	117	267
18392	17	20	1	9	14	267
18393	17	20	2	10	104	267
18394	17	20	3	11	221	267
18395	17	20	4	12	101	267
18396	17	21	0	13	94	267
18397	17	21	1	14	150	267
18398	17	21	2	15	6	267
18399	17	21	3	16	256	267
18400	17	22	0	17	166	267
18401	17	22	1	18	20	267
18402	17	22	2	19	200	267
18403	17	23	0	20	90	267
18404	17	23	1	21	49	267
18405	17	24	0	1	208	268
18406	18	0	0	22	241	267
18407	18	0	1	23	135	267
18408	18	0	2	24	135	267
18409	18	0	3	25	107	267
18410	18	0	4	26	92	267
18411	18	0	5	27	256	267
18412	18	0	6	28	25	267
18413	18	0	7	29	252	267
18414	18	0	8	30	14	267
18415	18	0	9	31	115	267
18416	18	0	10	32	236	267
18417	18	0	11	33	134	267
18418	18	0	12	34	165	267
18419	18	0	13	35	73	267
18420	18	0	14	36	58	267
18421	18	0	15	37	73	267
18422	18	0	16	38	234	267
18423	18	0	17	39	242	267
18424	18	0	18	40	171	267
18425	18	0	19	41	213	267
18426	18	0	20	42	52	267
18427	18	0	21	43	250	267
18428	18	0	22	44	120	267
18429	18	0	23	45	208	267
18430	18	0	24	46	169	267
18431	18	0	25	47	236	267
18432	18	0	26	48	112	267
18433	18	0	27	74	103	267
18434	18	0	28	75	36	267
18435	18	0	29	76	3	267
18436	18	1	0	49	143	267
18437	18	1	1	50	235	267
18438	18	1	2	51	229	267
18439	18	1	3	52	194	267
18440	18	1	4	53	218	267
18441	18	1	5	54	181	267
18442	18	1	6	55	198	267
18443	18	1	7	56	117	267
18444	18	1	8	57	76	267
18445	18	1	9	58	110	267
18446	18	1	10	59	184	267
18447	18	1	11	60	187	267
18448	18	1	12	61	67	267
18449	18	1	13	62	99	267
18450	18	1	14	63	210	267
18451	18	1	15	64	194	267
18452	18	1	16	65	69	267
18453	18	1	17	66	194	267
18454	18	1	18	67	245	267
18455	18	1	19	68	79	267
18456	18	1	20	69	199	267
18457	18	1	21	70	235	267
18458	18	1	22	71	167	267
18459	18	1	23	72	40	267
18460	18	1	24	73	93	267
18461	18	1	25	77	90	267
18462	18	1	26	78	177	267
18463	18	1	27	79	85	267
18464	18	1	28	2	114	268
18465	18	2	0	3	230	268
18466	18	2	1	4	82	268
18467	18	2	2	5	223	268
18468	18	2	3	6	108	268
18469	18	2	4	7	111	268
18470	18	2	5	8	124	268
18471	18	2	6	9	177	268
18472	18	2	7	10	235	268
18473	18	2	8	11	218	268
18474	18	2	9	12	185	268
18475	18	2	10	13	136	268
18476	18	2	11	14	120	268
18477	18	2	12	15	56	268
18478	18	2	13	16	131	268
18479	18	2	14	17	27	268
18480	18	2	15	18	68	268
18481	18	2	16	19	111	268
18482	18	2	17	20	218	268
18483	18	2	18	21	201	268
18484	18	2	19	22	233	268
18485	18	2	20	23	97	268
18486	18	2	21	24	212	268
18487	18	2	22	25	19	268
18488	18	2	23	26	119	268
18489	18	2	24	27	76	268
18490	18	2	25	28	174	268
18491	18	2	26	29	89	268
18492	18	2	27	30	137	268
18493	18	3	0	31	216	268
18494	18	3	1	32	23	268
18495	18	3	2	33	73	268
18496	18	3	3	34	208	268
18497	18	3	4	35	42	268
18498	18	3	5	36	239	268
18499	18	3	6	37	252	268
18500	18	3	7	38	170	268
18501	18	3	8	39	213	268
18502	18	3	9	40	174	268
18503	18	3	10	41	249	268
18504	18	3	11	42	203	268
18505	18	3	12	43	212	268
18506	18	3	13	44	71	268
18507	18	3	14	45	79	268
18508	18	3	15	46	43	268
18509	18	3	16	47	80	268
18510	18	3	17	48	128	268
18511	18	3	18	49	108	268
18512	18	3	19	50	79	268
18513	18	3	20	51	241	268
18514	18	3	21	52	59	268
18515	18	3	22	53	76	268
18516	18	3	23	54	103	268
18517	18	3	24	55	34	268
18518	18	3	25	56	16	268
18519	18	3	26	57	253	268
18520	18	4	0	58	65	268
18521	18	4	1	59	209	268
18522	18	4	2	60	3	268
18523	18	4	3	61	209	268
18524	18	4	4	62	11	268
18525	18	4	5	63	80	268
18526	18	4	6	64	69	268
18527	18	4	7	65	164	268
18528	18	4	8	66	82	268
18529	18	4	9	67	168	268
18530	18	4	10	68	135	268
18531	18	4	11	69	164	268
18532	18	4	12	70	145	268
18533	18	4	13	71	48	268
18534	18	4	14	72	191	268
18535	18	4	15	73	171	268
18536	18	4	16	74	54	268
18537	18	4	17	75	42	268
18538	18	4	18	76	137	268
18539	18	4	19	77	148	268
18540	18	4	20	78	225	268
18541	18	4	21	79	207	268
18542	18	4	22	81	237	268
18543	18	4	23	82	74	268
18544	18	4	24	83	132	268
18545	18	4	25	85	31	268
18546	18	5	0	0	38	269
18547	18	5	1	1	206	269
18548	18	5	2	2	138	269
18549	18	5	3	3	173	269
18550	18	5	4	4	71	269
18551	18	5	5	5	223	269
18552	18	5	6	6	119	269
18553	18	5	7	7	160	269
18554	18	5	8	8	162	269
18555	18	5	9	9	81	269
18556	18	5	10	10	233	269
18557	18	5	11	11	180	269
18558	18	5	12	12	198	269
18559	18	5	13	13	51	269
18560	18	5	14	14	240	269
18561	18	5	15	15	49	269
18562	18	5	16	16	97	269
18563	18	5	17	17	3	269
18564	18	5	18	18	115	269
18565	18	5	19	19	4	269
18566	18	5	20	20	23	269
18567	18	5	21	21	246	269
18568	18	5	22	22	15	269
18569	18	5	23	23	1	269
18570	18	5	24	24	103	269
18571	18	6	0	25	240	269
18572	18	6	1	26	219	269
18573	18	6	2	27	256	269
18574	18	6	3	28	16	269
18575	18	6	4	29	182	269
18576	18	6	5	30	16	269
18577	18	6	6	31	77	269
18578	18	6	7	32	75	269
18579	18	6	8	33	126	269
18580	18	6	9	34	221	269
18581	18	6	10	35	192	269
18582	18	6	11	36	243	269
18583	18	6	12	37	3	269
18584	18	6	13	38	114	269
18585	18	6	14	39	73	269
18586	18	6	15	40	241	269
18587	18	6	16	41	251	269
18588	18	6	17	42	93	269
18589	18	6	18	43	85	269
18590	18	6	19	44	59	269
18591	18	6	20	45	183	269
18592	18	6	21	46	249	269
18593	18	6	22	47	51	269
18594	18	6	23	48	236	269
18595	18	7	0	49	242	269
18596	18	7	1	50	123	269
18597	18	7	2	51	214	269
18598	18	7	3	52	163	269
18599	18	7	4	53	37	269
18600	18	7	5	54	63	269
18601	18	7	6	55	50	269
18602	18	7	7	56	41	269
18603	18	7	8	57	79	269
18604	18	7	9	58	145	269
18605	18	7	10	59	179	269
18606	18	7	11	60	219	269
18607	18	7	12	61	67	269
18608	18	7	13	62	200	269
18609	18	7	14	63	15	269
18610	18	7	15	65	231	269
18611	18	7	16	64	207	269
18612	18	7	17	66	162	269
18613	18	7	18	67	162	269
18614	18	7	19	68	106	269
18615	18	7	20	69	189	269
18616	18	7	21	70	42	269
18617	18	7	22	71	94	269
18618	18	8	0	72	183	269
18619	18	8	1	73	136	269
18620	18	8	2	74	117	269
18621	18	8	3	75	196	269
18622	18	8	4	76	44	269
18623	18	8	5	77	149	269
18624	18	8	6	78	171	269
18625	18	8	7	79	153	269
18626	18	8	8	80	249	269
18627	18	8	9	81	255	269
18628	18	8	10	82	125	269
18629	18	8	11	83	85	269
18630	18	8	12	85	93	269
18631	18	8	13	86	131	269
18632	18	8	14	89	195	269
18633	18	8	15	0	176	270
18634	18	8	16	1	142	270
18635	18	8	17	2	174	270
18636	18	8	18	3	120	270
18637	18	8	19	4	22	270
18638	18	8	20	5	53	270
18639	18	8	21	6	128	270
18640	18	9	0	7	229	270
18641	18	9	1	8	35	270
18642	18	9	2	9	58	270
18643	18	9	3	10	213	270
18644	18	9	4	11	145	270
18645	18	9	5	12	221	270
18646	18	9	6	13	66	270
18647	18	9	7	14	166	270
18648	18	9	8	15	151	270
18649	18	9	9	16	224	270
18650	18	9	10	17	216	270
18651	18	9	11	18	147	270
18652	18	9	12	19	43	270
18653	18	9	13	20	173	270
18654	18	9	14	21	147	270
18655	18	9	15	22	158	270
18656	18	9	16	23	53	270
18657	18	9	17	24	200	270
18658	18	9	18	25	6	270
18659	18	9	19	26	234	270
18660	18	9	20	27	86	270
18661	18	10	0	28	189	270
18662	18	10	1	29	102	270
18663	18	10	2	30	67	270
18664	18	10	3	31	4	270
18665	18	10	4	32	240	270
18666	18	10	5	33	210	270
18667	18	10	6	34	121	270
18668	18	10	7	35	250	270
18669	18	10	8	36	32	270
18670	18	10	9	37	69	270
18671	18	10	10	38	124	270
18672	18	10	11	39	224	270
18673	18	10	12	40	248	270
18674	18	10	13	41	45	270
18675	18	10	14	42	198	270
18676	18	10	15	43	109	270
18677	18	10	16	44	125	270
18678	18	10	17	45	252	270
18679	18	10	18	46	185	270
18680	18	10	19	47	127	270
18681	18	11	0	48	227	270
18682	18	11	1	49	232	270
18683	18	11	2	50	221	270
18684	18	11	3	51	150	270
18685	18	11	4	52	103	270
18686	18	11	5	53	49	270
18687	18	11	6	54	121	270
18688	18	11	7	55	149	270
18689	18	11	8	56	230	270
18690	18	11	9	57	215	270
18691	18	11	10	58	117	270
18692	18	11	11	59	35	270
18693	18	11	12	60	32	270
18694	18	11	13	61	202	270
18695	18	11	14	62	213	270
18696	18	11	15	63	84	270
18697	18	11	16	64	239	270
18698	18	11	17	65	163	270
18699	18	11	18	66	57	270
18700	18	12	0	67	244	270
18701	18	12	1	68	111	270
18702	18	12	2	69	19	270
18703	18	12	3	70	216	270
18704	18	12	4	71	140	270
18705	18	12	5	72	201	270
18706	18	12	6	73	205	270
18707	18	12	7	74	206	270
18708	18	12	8	75	255	270
18709	18	12	9	76	126	270
18710	18	12	10	77	181	270
18711	18	12	11	78	71	270
18712	18	12	12	79	122	270
18713	18	12	13	80	196	270
18714	18	12	14	81	247	270
18715	18	12	15	82	128	270
18716	18	12	16	83	82	270
18717	18	12	17	84	216	270
18718	18	13	0	85	103	270
18719	18	13	1	86	117	270
18720	18	13	2	87	108	270
18721	18	13	3	88	83	270
18722	18	13	4	89	185	270
18723	18	13	5	91	95	270
18724	18	13	6	93	9	270
18725	18	13	7	0	113	271
18726	18	13	8	1	14	271
18727	18	13	9	2	99	271
18728	18	13	10	3	157	271
18729	18	13	11	4	114	271
18730	18	13	12	5	49	271
18731	18	13	13	6	218	271
18732	18	13	14	7	12	271
18733	18	13	15	8	3	271
18734	18	13	16	9	175	271
18735	18	14	0	10	183	271
18736	18	14	1	11	98	271
18737	18	14	2	12	155	271
18738	18	14	3	13	110	271
18739	18	14	4	14	207	271
18740	18	14	5	15	165	271
18741	18	14	6	16	241	271
18742	18	14	7	17	7	271
18743	18	14	8	18	93	271
18744	18	14	9	19	86	271
18745	18	14	10	20	105	271
18746	18	14	11	21	87	271
18747	18	14	12	22	172	271
18748	18	14	13	23	31	271
18749	18	14	14	24	109	271
18750	18	14	15	25	29	271
18751	18	15	0	26	119	271
18752	18	15	1	27	188	271
18753	18	15	2	28	237	271
18754	18	15	3	29	184	271
18755	18	15	4	30	49	271
18756	18	15	5	31	198	271
18757	18	15	6	32	116	271
18758	18	15	7	33	12	271
18759	18	15	8	34	248	271
18760	18	15	9	35	71	271
18761	18	15	10	36	170	271
18762	18	15	11	37	230	271
18763	18	15	12	38	80	271
18764	18	15	13	39	128	271
18765	18	15	14	40	100	271
18766	18	16	0	41	169	271
18767	18	16	1	42	243	271
18768	18	16	2	43	23	271
18769	18	16	3	44	256	271
18770	18	16	4	45	186	271
18771	18	16	5	46	92	271
18772	18	16	6	47	156	271
18773	18	16	7	48	199	271
18774	18	16	8	49	143	271
18775	18	16	9	50	107	271
18776	18	16	10	51	65	271
18777	18	16	11	52	120	271
18778	18	16	12	53	80	271
18779	18	16	13	54	78	271
18780	18	17	0	55	26	271
18781	18	17	1	56	37	271
18782	18	17	2	57	2	271
18783	18	17	3	58	138	271
18784	18	17	4	59	142	271
18785	18	17	5	60	111	271
18786	18	17	6	61	17	271
18787	18	17	7	62	67	271
18788	18	17	8	63	99	271
18789	18	17	9	64	140	271
18790	18	17	10	65	10	271
18791	18	17	11	66	94	271
18792	18	17	12	67	8	271
18793	18	18	0	68	188	271
18794	18	18	1	69	234	271
18795	18	18	2	70	226	271
18796	18	18	3	71	79	271
18797	18	18	4	72	46	271
18798	18	18	5	73	49	271
18799	18	18	6	74	236	271
18800	18	18	7	75	184	271
18801	18	18	8	76	17	271
18802	18	18	9	77	161	271
18803	18	18	10	78	251	271
18804	18	18	11	79	192	271
18805	18	19	0	80	61	271
18806	18	19	1	81	69	271
18807	18	19	2	82	34	271
18808	18	19	3	83	28	271
18809	18	19	4	84	81	271
18810	18	19	5	85	62	271
18811	18	19	6	86	158	271
18812	18	19	7	87	209	271
18813	18	19	8	88	139	271
18814	18	19	9	89	234	271
18815	18	19	10	90	240	271
18816	18	20	0	91	199	271
18817	18	20	1	92	191	271
18818	18	20	2	93	184	271
18819	18	20	3	94	202	271
18820	18	20	4	97	52	271
18821	18	20	5	0	215	272
18822	18	20	6	1	177	272
18823	18	20	7	2	126	272
18824	18	20	8	3	214	272
18825	18	20	9	4	69	272
18826	18	21	0	5	43	272
18827	18	21	1	6	171	272
18828	18	21	2	7	211	272
18829	18	21	3	8	128	272
18830	18	21	4	9	6	272
18831	18	21	5	10	234	272
18832	18	21	6	11	21	272
18833	18	21	7	12	191	272
18834	18	21	8	13	156	272
18835	18	22	0	14	118	272
18836	18	22	1	15	172	272
18837	18	22	2	16	57	272
18838	18	22	3	17	191	272
18839	18	22	4	18	175	272
18840	18	22	5	19	43	272
18841	18	22	6	20	203	272
18842	18	22	7	21	216	272
18843	18	23	0	22	247	272
18844	18	23	1	23	139	272
18845	18	23	2	24	108	272
18846	18	23	3	25	91	272
18847	18	23	4	26	31	272
18848	18	23	5	27	180	272
18849	18	23	6	28	254	272
18850	18	24	0	29	125	272
18851	18	24	1	30	202	272
18852	18	24	2	31	88	272
18853	18	24	3	32	129	272
18854	18	24	4	33	70	272
18855	18	24	5	34	149	272
18856	18	25	0	35	178	272
18857	18	25	1	36	130	272
18858	18	25	2	37	239	272
18859	18	25	3	38	4	272
18860	18	25	4	39	73	272
18861	18	26	0	40	51	272
18862	18	26	1	41	104	272
18863	18	26	2	42	120	272
18864	18	26	3	43	184	272
18865	18	27	0	44	114	272
18866	18	27	1	45	163	272
18867	18	27	2	46	202	272
18868	18	28	0	47	35	272
18869	18	28	1	48	134	272
18870	18	29	0	49	201	272
18871	19	0	0	50	200	272
18872	19	0	1	51	145	272
18873	19	0	2	52	252	272
18874	19	0	3	53	172	272
18875	19	0	4	54	100	272
18876	19	0	5	55	42	272
18877	19	0	6	56	166	272
18878	19	0	7	57	59	272
18879	19	0	8	58	184	272
18880	19	0	9	59	200	272
18881	19	0	10	60	154	272
18882	19	0	11	61	2	272
18883	19	0	12	62	112	272
18884	19	0	13	63	88	272
18885	19	0	14	64	136	272
18886	19	0	15	65	168	272
18887	19	0	16	66	246	272
18888	19	0	17	67	213	272
18889	19	0	18	68	231	272
18890	19	0	19	95	73	272
18891	19	0	20	96	19	272
18892	19	0	21	98	89	272
18893	19	0	22	99	86	272
18894	19	0	23	101	240	272
18895	19	0	24	100	163	273
18896	19	0	25	102	38	273
18897	19	0	26	103	53	273
18898	19	0	27	106	247	273
18899	19	0	28	104	105	274
18900	19	0	29	105	13	274
18901	19	0	30	107	193	274
18902	19	0	31	109	147	274
18903	19	0	32	108	69	275
18904	19	0	33	110	68	275
18905	19	0	34	111	209	275
18906	19	0	35	112	192	275
18907	19	1	0	69	187	272
18908	19	1	1	70	50	272
18909	19	1	2	71	180	272
18910	19	1	3	72	167	272
18911	19	1	4	73	131	272
18912	19	1	5	74	110	272
18913	19	1	6	75	145	272
18914	19	1	7	76	1	272
18915	19	1	8	77	14	272
18916	19	1	9	78	144	272
18917	19	1	10	79	42	272
18918	19	1	11	80	185	272
18919	19	1	12	81	172	272
18920	19	1	13	82	72	272
18921	19	1	14	83	152	272
18922	19	1	15	84	172	272
18923	19	1	16	85	188	272
18924	19	1	17	86	22	272
18925	19	1	18	90	22	272
18926	19	1	19	92	41	272
18927	19	1	20	94	165	272
18928	19	1	21	97	63	272
18929	19	1	22	95	154	273
18930	19	1	23	96	63	273
18931	19	1	24	98	188	273
18932	19	1	25	99	173	273
18933	19	1	26	101	187	273
18934	19	1	27	100	237	274
18935	19	1	28	102	142	274
18936	19	1	29	103	65	274
18937	19	1	30	106	178	274
18938	19	1	31	104	76	275
18939	19	1	32	105	249	275
18940	19	1	33	107	194	275
18941	19	1	34	109	168	275
18942	19	2	0	87	47	272
18943	19	2	1	88	170	272
18944	19	2	2	89	176	272
18945	19	2	3	91	24	272
18946	19	2	4	93	249	272
18947	19	2	5	0	83	273
18948	19	2	6	1	42	273
18949	19	2	7	2	61	273
18950	19	2	8	3	15	273
18951	19	2	9	4	101	273
18952	19	2	10	5	138	273
18953	19	2	11	6	110	273
18954	19	2	12	7	209	273
18955	19	2	13	8	17	273
18956	19	2	14	9	127	273
18957	19	2	15	10	125	273
18958	19	2	16	11	177	273
18959	19	2	17	12	25	273
18960	19	2	18	13	78	273
18961	19	2	19	14	7	273
18962	19	2	20	15	122	273
18963	19	2	21	90	241	273
18964	19	2	22	92	163	273
18965	19	2	23	94	54	273
18966	19	2	24	97	166	273
18967	19	2	25	95	117	274
18968	19	2	26	96	96	274
18969	19	2	27	98	169	274
18970	19	2	28	99	94	274
18971	19	2	29	101	239	274
18972	19	2	30	100	83	275
18973	19	2	31	102	213	275
18974	19	2	32	103	141	275
18975	19	2	33	106	25	275
18976	19	3	0	17	234	273
18977	19	3	1	16	239	273
18978	19	3	2	18	83	273
18979	19	3	3	19	31	273
18980	19	3	4	20	242	273
18981	19	3	5	21	214	273
18982	19	3	6	22	191	273
18983	19	3	7	23	4	273
18984	19	3	8	24	50	273
18985	19	3	9	25	126	273
18986	19	3	10	26	54	273
18987	19	3	11	27	27	273
18988	19	3	12	28	119	273
18989	19	3	13	29	158	273
18990	19	3	14	30	105	273
18991	19	3	15	31	111	273
18992	19	3	16	32	167	273
18993	19	3	17	33	152	273
18994	19	3	18	34	138	273
18995	19	3	19	84	246	273
18996	19	3	20	87	158	273
18997	19	3	21	88	158	273
18998	19	3	22	91	62	273
18999	19	3	23	93	104	273
19000	19	3	24	90	158	274
19001	19	3	25	92	126	274
19002	19	3	26	94	13	274
19003	19	3	27	97	235	274
19004	19	3	28	95	114	275
19005	19	3	29	96	107	275
19006	19	3	30	98	74	275
19007	19	3	31	99	213	275
19008	19	3	32	101	28	275
19009	19	4	0	35	116	273
19010	19	4	1	36	188	273
19011	19	4	2	37	57	273
19012	19	4	3	38	38	273
19013	19	4	4	39	120	273
19014	19	4	5	40	110	273
19015	19	4	6	41	68	273
19016	19	4	7	42	163	273
19017	19	4	8	43	197	273
19018	19	4	9	44	95	273
19019	19	4	10	45	10	273
19020	19	4	11	46	238	273
19021	19	4	12	47	54	273
19022	19	4	13	48	65	273
19023	19	4	14	49	134	273
19024	19	4	15	50	147	273
19025	19	4	16	51	66	273
19026	19	4	17	52	124	273
19027	19	4	18	53	211	273
19028	19	4	19	80	231	273
19029	19	4	20	86	66	273
19030	19	4	21	89	67	273
19031	19	4	22	84	207	274
19032	19	4	23	87	127	274
19033	19	4	24	88	217	274
19034	19	4	25	91	80	274
19035	19	4	26	93	239	274
19036	19	4	27	90	10	275
19037	19	4	28	92	28	275
19038	19	4	29	94	65	275
19039	19	4	30	97	235	275
19040	19	4	31	113	146	275
19041	19	5	0	54	160	273
19042	19	5	1	55	179	273
19043	19	5	2	56	245	273
19044	19	5	3	57	237	273
19045	19	5	4	58	206	273
19046	19	5	5	59	250	273
19047	19	5	6	60	6	273
19048	19	5	7	61	81	273
19049	19	5	8	62	201	273
19050	19	5	9	63	108	273
19051	19	5	10	64	55	273
19052	19	5	11	65	4	273
19053	19	5	12	66	147	273
19054	19	5	13	67	217	273
19055	19	5	14	68	46	273
19056	19	5	15	69	16	273
19057	19	5	16	70	6	273
19058	19	5	17	71	242	273
19059	19	5	18	81	256	273
19060	19	5	19	82	93	273
19061	19	5	20	83	237	273
19062	19	5	21	85	175	273
19063	19	5	22	80	125	274
19064	19	5	23	86	96	274
19065	19	5	24	89	105	274
19066	19	5	25	84	129	275
19067	19	5	26	87	141	275
19068	19	5	27	88	4	275
19069	19	5	28	91	21	275
19070	19	5	29	93	177	275
19071	19	5	30	90	27	276
19072	19	6	0	72	161	273
19073	19	6	1	73	56	273
19074	19	6	2	74	100	273
19075	19	6	3	75	61	273
19076	19	6	4	76	183	273
19077	19	6	5	77	174	273
19078	19	6	6	78	231	273
19079	19	6	7	79	66	273
19080	19	6	8	0	218	274
19081	19	6	9	1	141	274
19082	19	6	10	2	32	274
19083	19	6	11	3	92	274
19084	19	6	12	4	2	274
19085	19	6	13	5	144	274
19086	19	6	14	6	147	274
19087	19	6	15	7	65	274
19088	19	6	16	8	209	274
19089	19	6	17	9	247	274
19090	19	6	18	10	132	274
19091	19	6	19	11	177	274
19092	19	6	20	12	56	274
19093	19	6	21	81	55	274
19094	19	6	22	82	212	274
19095	19	6	23	83	215	274
19096	19	6	24	85	80	274
19097	19	6	25	80	226	275
19098	19	6	26	86	201	275
19099	19	6	27	89	185	275
19100	19	6	28	84	141	276
19101	19	6	29	87	113	276
19102	19	7	0	13	217	274
19103	19	7	1	14	180	274
19104	19	7	2	15	73	274
19105	19	7	3	16	40	274
19106	19	7	4	17	210	274
19107	19	7	5	18	110	274
19108	19	7	6	19	54	274
19109	19	7	7	20	38	274
19110	19	7	8	21	193	274
19111	19	7	9	22	203	274
19112	19	7	10	23	154	274
19113	19	7	11	24	158	274
19114	19	7	12	25	213	274
19115	19	7	13	26	186	274
19116	19	7	14	27	238	274
19117	19	7	15	28	243	274
19118	19	7	16	29	228	274
19119	19	7	17	30	143	274
19120	19	7	18	74	216	274
19121	19	7	19	75	73	274
19122	19	7	20	76	156	274
19123	19	7	21	77	134	274
19124	19	7	22	78	81	274
19125	19	7	23	79	211	274
19126	19	7	24	81	61	275
19127	19	7	25	82	236	275
19128	19	7	26	83	207	275
19129	19	7	27	85	124	275
19130	19	7	28	80	41	276
19131	19	8	0	31	13	274
19132	19	8	1	32	109	274
19133	19	8	2	33	252	274
19134	19	8	3	34	168	274
19135	19	8	4	35	204	274
19136	19	8	5	36	198	274
19137	19	8	6	37	192	274
19138	19	8	7	38	110	274
19139	19	8	8	39	128	274
19140	19	8	9	40	211	274
19141	19	8	10	41	177	274
19142	19	8	11	42	40	274
19143	19	8	12	43	20	274
19144	19	8	13	44	170	274
19145	19	8	14	45	87	274
19146	19	8	15	46	85	274
19147	19	8	16	47	91	274
19148	19	8	17	48	233	274
19149	19	8	18	70	139	274
19150	19	8	19	72	205	274
19151	19	8	20	73	221	274
19152	19	8	21	74	52	275
19153	19	8	22	75	108	275
19154	19	8	23	76	9	275
19155	19	8	24	77	156	275
19156	19	8	25	78	148	275
19157	19	8	26	79	27	275
19158	19	8	27	81	6	276
19159	19	9	0	49	108	274
19160	19	9	1	50	205	274
19161	19	9	2	51	134	274
19162	19	9	3	52	53	274
19163	19	9	4	53	135	274
19164	19	9	5	54	48	274
19165	19	9	6	55	78	274
19166	19	9	7	56	129	274
19167	19	9	8	57	140	274
19168	19	9	9	58	255	274
19169	19	9	10	59	224	274
19170	19	9	11	60	215	274
19171	19	9	12	61	115	274
19172	19	9	13	62	83	274
19173	19	9	14	63	22	274
19174	19	9	15	64	78	274
19175	19	9	16	66	4	274
19176	19	9	17	67	223	274
19177	19	9	18	68	60	274
19178	19	9	19	69	12	274
19179	19	9	20	71	77	274
19180	19	9	21	70	4	275
19181	19	9	22	72	114	275
19182	19	9	23	73	140	275
19183	19	9	24	74	3	276
19184	19	9	25	75	26	276
19185	19	9	26	76	45	276
19186	19	10	0	65	99	274
19187	19	10	1	0	122	275
19188	19	10	2	1	15	275
19189	19	10	3	2	20	275
19190	19	10	4	3	86	275
19191	19	10	5	4	95	275
19192	19	10	6	5	253	275
19193	19	10	7	6	102	275
19194	19	10	8	7	38	275
19195	19	10	9	8	24	275
19196	19	10	10	9	156	275
19197	19	10	11	10	240	275
19198	19	10	12	11	172	275
19199	19	10	13	12	160	275
19200	19	10	14	13	186	275
19201	19	10	15	14	72	275
19202	19	10	16	15	188	275
19203	19	10	17	16	60	275
19204	19	10	18	17	35	275
19205	19	10	19	66	20	275
19206	19	10	20	67	87	275
19207	19	10	21	68	43	275
19208	19	10	22	69	60	275
19209	19	10	23	71	141	275
19210	19	10	24	70	102	276
19211	19	10	25	72	127	276
19212	19	11	0	18	186	275
19213	19	11	1	19	228	275
19214	19	11	2	20	59	275
19215	19	11	3	21	188	275
19216	19	11	4	22	114	275
19217	19	11	5	23	194	275
19218	19	11	6	24	255	275
19219	19	11	7	25	83	275
19220	19	11	8	26	212	275
19221	19	11	9	27	34	275
19222	19	11	10	28	68	275
19223	19	11	11	29	17	275
19224	19	11	12	30	7	275
19225	19	11	13	31	26	275
19226	19	11	14	32	226	275
19227	19	11	15	33	64	275
19228	19	11	16	34	167	275
19229	19	11	17	60	29	275
19230	19	11	18	62	219	275
19231	19	11	19	63	178	275
19232	19	11	20	64	201	275
19233	19	11	21	65	143	275
19234	19	11	22	66	100	276
19235	19	11	23	67	178	276
19236	19	11	24	68	215	276
19237	19	12	0	35	18	275
19238	19	12	1	36	157	275
19239	19	12	2	37	209	275
19240	19	12	3	38	38	275
19241	19	12	4	39	210	275
19242	19	12	5	40	101	275
19243	19	12	6	41	166	275
19244	19	12	7	42	220	275
19245	19	12	8	43	126	275
19246	19	12	9	44	170	275
19247	19	12	10	45	55	275
19248	19	12	11	46	203	275
19249	19	12	12	47	147	275
19250	19	12	13	48	21	275
19251	19	12	14	49	242	275
19252	19	12	15	50	128	275
19253	19	12	16	51	201	275
19254	19	12	17	56	183	275
19255	19	12	18	59	73	275
19256	19	12	19	61	202	275
19257	19	12	20	60	145	276
19258	19	12	21	62	67	276
19259	19	12	22	63	119	276
19260	19	12	23	64	234	276
19261	19	13	0	52	32	275
19262	19	13	1	53	92	275
19263	19	13	2	54	186	275
19264	19	13	3	55	152	275
19265	19	13	4	57	140	275
19266	19	13	5	58	202	275
19267	19	13	6	0	176	276
19268	19	13	7	1	80	276
19269	19	13	8	2	123	276
19270	19	13	9	3	206	276
19271	19	13	10	4	33	276
19272	19	13	11	5	212	276
19273	19	13	12	6	53	276
19274	19	13	13	7	64	276
19275	19	13	14	8	53	276
19276	19	13	15	9	254	276
19277	19	13	16	10	56	276
19278	19	13	17	11	214	276
19279	19	13	18	12	183	276
19280	19	13	19	13	215	276
19281	19	13	20	56	113	276
19282	19	13	21	59	108	276
19283	19	13	22	61	239	276
19284	19	14	0	14	255	276
19285	19	14	1	15	164	276
19286	19	14	2	16	175	276
19287	19	14	3	17	222	276
19288	19	14	4	18	28	276
19289	19	14	5	19	53	276
19290	19	14	6	20	228	276
19291	19	14	7	21	20	276
19292	19	14	8	22	83	276
19293	19	14	9	23	240	276
19294	19	14	10	24	51	276
19295	19	14	11	25	216	276
19296	19	14	12	26	174	276
19297	19	14	13	27	10	276
19298	19	14	14	28	203	276
19299	19	14	15	29	194	276
19300	19	14	16	30	229	276
19301	19	14	17	31	239	276
19302	19	14	18	52	153	276
19303	19	14	19	54	6	276
19304	19	14	20	55	206	276
19305	19	14	21	57	213	276
19306	19	15	0	32	208	276
19307	19	15	1	33	238	276
19308	19	15	2	34	156	276
19309	19	15	3	35	124	276
19310	19	15	4	36	24	276
19311	19	15	5	37	196	276
19312	19	15	6	38	168	276
19313	19	15	7	39	35	276
19314	19	15	8	40	72	276
19315	19	15	9	41	33	276
19316	19	15	10	42	182	276
19317	19	15	11	43	122	276
19318	19	15	12	44	181	276
19319	19	15	13	45	139	276
19320	19	15	14	46	129	276
19321	19	15	15	47	116	276
19322	19	15	16	48	154	276
19323	19	15	17	49	21	276
19324	19	15	18	50	40	276
19325	19	15	19	51	2	276
19326	19	15	20	53	196	276
19327	19	16	0	58	125	276
19328	19	16	1	65	60	276
19329	19	16	2	69	52	276
19330	19	16	3	71	4	276
19331	19	16	4	73	171	276
19332	19	16	5	77	191	276
19333	19	16	6	78	190	276
19334	19	16	7	79	81	276
19335	19	16	8	82	165	276
19336	19	16	9	83	14	276
19337	19	16	10	85	41	276
19338	19	16	11	86	152	276
19339	19	16	12	88	232	276
19340	19	16	13	89	72	276
19341	19	16	14	91	31	276
19342	19	16	15	92	167	276
19343	19	16	16	93	33	276
19344	19	16	17	94	131	276
19345	19	16	18	95	100	276
19346	19	16	19	96	92	276
19347	19	17	0	97	127	276
19348	19	17	1	98	223	276
19349	19	17	2	99	69	276
19350	19	17	3	100	5	276
19351	19	17	4	101	170	276
19352	19	17	5	102	104	276
19353	19	17	6	103	69	276
19354	19	17	7	104	239	276
19355	19	17	8	105	170	276
19356	19	17	9	106	101	276
19357	19	17	10	107	90	276
19358	19	17	11	108	164	276
19359	19	17	12	109	249	276
19360	19	17	13	110	83	276
19361	19	17	14	111	241	276
19362	19	17	15	112	156	276
19363	19	17	16	113	110	276
19364	19	17	17	114	61	276
19365	19	17	18	115	251	276
19366	19	18	0	117	52	276
19367	19	18	1	118	170	276
19368	19	18	2	0	13	277
19369	19	18	3	1	24	277
19370	19	18	4	2	159	277
19371	19	18	5	3	86	277
19372	19	18	6	4	20	277
19373	19	18	7	5	166	277
19374	19	18	8	6	49	277
19375	19	18	9	7	143	277
19376	19	18	10	8	19	277
19377	19	18	11	9	240	277
19378	19	18	12	10	12	277
19379	19	18	13	11	185	277
19380	19	18	14	12	170	277
19381	19	18	15	13	144	277
19382	19	18	16	14	104	277
19383	19	18	17	15	243	277
19384	19	19	0	16	131	277
19385	19	19	1	17	211	277
19386	19	19	2	18	19	277
19387	19	19	3	19	238	277
19388	19	19	4	20	76	277
19389	19	19	5	21	33	277
19390	19	19	6	22	5	277
19391	19	19	7	23	171	277
19392	19	19	8	24	229	277
19393	19	19	9	25	238	277
19394	19	19	10	26	243	277
19395	19	19	11	27	152	277
19396	19	19	12	28	154	277
19397	19	19	13	29	45	277
19398	19	19	14	30	180	277
19399	19	19	15	31	123	277
19400	19	19	16	32	49	277
19401	19	20	0	33	42	277
19402	19	20	1	34	139	277
19403	19	20	2	35	1	277
19404	19	20	3	36	153	277
19405	19	20	4	37	63	277
19406	19	20	5	38	76	277
19407	19	20	6	39	213	277
19408	19	20	7	40	245	277
19409	19	20	8	41	113	277
19410	19	20	9	42	52	277
19411	19	20	10	43	179	277
19412	19	20	11	44	5	277
19413	19	20	12	45	138	277
19414	19	20	13	46	84	277
19415	19	20	14	47	43	277
19416	19	20	15	48	149	277
19417	19	21	0	49	173	277
19418	19	21	1	50	17	277
19419	19	21	2	51	144	277
19420	19	21	3	52	166	277
19421	19	21	4	53	91	277
19422	19	21	5	54	25	277
19423	19	21	6	55	202	277
19424	19	21	7	56	106	277
19425	19	21	8	57	180	277
19426	19	21	9	58	181	277
19427	19	21	10	59	99	277
19428	19	21	11	60	7	277
19429	19	21	12	61	230	277
19430	19	21	13	62	187	277
19431	19	21	14	63	94	277
19432	19	22	0	64	82	277
19433	19	22	1	65	24	277
19434	19	22	2	66	92	277
19435	19	22	3	67	24	277
19436	19	22	4	68	217	277
19437	19	22	5	69	65	277
19438	19	22	6	70	199	277
19439	19	22	7	71	49	277
19440	19	22	8	72	127	277
19441	19	22	9	73	195	277
19442	19	22	10	74	55	277
19443	19	22	11	75	66	277
19444	19	22	12	76	228	277
19445	19	22	13	77	113	277
19446	19	23	0	78	139	277
19447	19	23	1	79	41	277
19448	19	23	2	80	178	277
19449	19	23	3	81	20	277
19450	19	23	4	82	6	277
19451	19	23	5	83	82	277
19452	19	23	6	84	128	277
19453	19	23	7	85	161	277
19454	19	23	8	86	240	277
19455	19	23	9	87	146	277
19456	19	23	10	88	223	277
19457	19	23	11	89	3	277
19458	19	23	12	90	5	277
19459	19	24	0	91	165	277
19460	19	24	1	92	34	277
19461	19	24	2	93	42	277
19462	19	24	3	94	103	277
19463	19	24	4	96	245	277
19464	19	24	5	95	136	277
19465	19	24	6	97	190	277
19466	19	24	7	98	36	277
19467	19	24	8	99	79	277
19468	19	24	9	100	133	277
19469	19	24	10	101	248	277
19470	19	24	11	102	164	277
19471	19	25	0	103	142	277
19472	19	25	1	104	213	277
19473	19	25	2	105	43	277
19474	19	25	3	106	34	277
19475	19	25	4	107	211	277
19476	19	25	5	108	199	277
19477	19	25	6	109	178	277
19478	19	25	7	110	141	277
19479	19	25	8	111	84	277
19480	19	25	9	112	93	277
19481	19	25	10	113	233	277
19482	19	26	0	114	141	277
19483	19	26	1	115	25	277
19484	19	26	2	116	240	277
19485	19	26	3	117	14	277
19486	19	26	4	118	102	277
19487	19	26	5	119	87	277
19488	19	26	6	120	117	277
19489	19	26	7	121	106	277
19490	19	26	8	0	15	278
19491	19	26	9	1	4	278
19492	19	27	0	2	221	278
19493	19	27	1	3	44	278
19494	19	27	2	4	11	278
19495	19	27	3	5	56	278
19496	19	27	4	6	96	278
19497	19	27	5	7	211	278
19498	19	27	6	8	233	278
19499	19	27	7	9	62	278
19500	19	27	8	10	47	278
19501	19	28	0	11	98	278
19502	19	28	1	12	253	278
19503	19	28	2	13	242	278
19504	19	28	3	14	45	278
19505	19	28	4	15	34	278
19506	19	28	5	16	2	278
19507	19	28	6	17	141	278
19508	19	28	7	18	117	278
19509	19	29	0	19	222	278
19510	19	29	1	20	96	278
19511	19	29	2	21	104	278
19512	19	29	3	22	109	278
19513	19	29	4	23	237	278
19514	19	29	5	24	72	278
19515	19	29	6	25	162	278
19516	19	30	0	26	178	278
19517	19	30	1	27	120	278
19518	19	30	2	28	12	278
19519	19	30	3	29	60	278
19520	19	30	4	30	44	278
19521	19	30	5	31	232	278
19522	19	31	0	32	245	278
19523	19	31	1	33	198	278
19524	19	31	2	34	78	278
19525	19	31	3	35	59	278
19526	19	31	4	36	155	278
19527	19	32	0	37	161	278
19528	19	32	1	38	194	278
19529	19	32	2	39	233	278
19530	19	32	3	40	51	278
19531	19	33	0	0	185	279
19532	19	33	1	41	158	278
19533	19	33	2	42	54	278
19534	19	34	0	0	185	280
19535	19	34	1	43	204	278
19536	19	35	0	0	185	281
19537	20	0	0	44	91	278
19538	20	0	1	45	165	278
19539	20	0	2	46	234	278
19540	20	0	3	47	53	278
19541	20	0	4	48	36	278
19542	20	0	5	49	244	278
19543	20	0	6	50	169	278
19544	20	0	7	51	160	278
19545	20	0	8	52	52	278
19546	20	0	9	122	199	278
19547	20	0	10	123	177	278
19548	20	0	11	124	158	278
19549	20	0	12	125	83	278
19550	20	0	13	127	230	278
19551	20	0	14	126	93	279
19552	20	0	15	128	247	279
19553	20	0	16	129	255	279
19554	20	0	17	131	108	279
19555	20	0	18	130	95	280
19556	20	0	19	132	15	280
19557	20	0	20	133	1	280
19558	20	0	21	134	64	280
19559	20	0	22	135	167	281
19560	20	0	23	136	121	281
19561	20	0	24	137	127	281
19562	20	1	0	53	95	278
19563	20	1	1	54	2	278
19564	20	1	2	55	191	278
19565	20	1	3	56	100	278
19566	20	1	4	57	237	278
19567	20	1	5	58	79	278
19568	20	1	6	59	19	278
19569	20	1	7	60	80	278
19570	20	1	8	61	48	278
19571	20	1	9	116	145	278
19572	20	1	10	119	95	278
19573	20	1	11	120	111	278
19574	20	1	12	121	134	278
19575	20	1	13	122	140	279
19576	20	1	14	123	7	279
19577	20	1	15	124	44	279
19578	20	1	16	125	163	279
19579	20	1	17	127	117	279
19580	20	1	18	126	99	280
19581	20	1	19	128	33	280
19582	20	1	20	129	58	280
19583	20	1	21	131	95	280
19584	20	1	22	130	107	281
19585	20	1	23	132	89	281
19586	20	1	24	133	58	281
19587	20	2	0	62	10	278
19588	20	2	1	63	151	278
19589	20	2	2	64	203	278
19590	20	2	3	65	31	278
19591	20	2	4	66	243	278
19592	20	2	5	67	112	278
19593	20	2	6	68	119	278
19594	20	2	7	69	4	278
19595	20	2	8	70	179	278
19596	20	2	9	114	155	278
19597	20	2	10	115	96	278
19598	20	2	11	117	81	278
19599	20	2	12	118	73	278
19600	20	2	13	116	88	279
19601	20	2	14	119	72	279
19602	20	2	15	120	176	279
19603	20	2	16	121	34	279
19604	20	2	17	122	52	280
19605	20	2	18	123	54	280
19606	20	2	19	124	9	280
19607	20	2	20	125	156	280
19608	20	2	21	127	244	280
19609	20	2	22	126	81	281
19610	20	2	23	128	71	281
19611	20	3	0	71	98	278
19612	20	3	1	72	66	278
19613	20	3	2	73	102	278
19614	20	3	3	74	218	278
19615	20	3	4	75	228	278
19616	20	3	5	76	118	278
19617	20	3	6	77	221	278
19618	20	3	7	78	182	278
19619	20	3	8	108	1	278
19620	20	3	9	110	89	278
19621	20	3	10	111	43	278
19622	20	3	11	112	246	278
19623	20	3	12	113	24	278
19624	20	3	13	114	131	279
19625	20	3	14	115	43	279
19626	20	3	15	117	189	279
19627	20	3	16	118	237	279
19628	20	3	17	116	85	280
19629	20	3	18	119	225	280
19630	20	3	19	120	12	280
19631	20	3	20	121	126	280
19632	20	3	21	122	34	281
19633	20	3	22	123	233	281
19634	20	3	23	124	253	281
19635	20	4	0	79	134	278
19636	20	4	1	80	215	278
19637	20	4	2	81	252	278
19638	20	4	3	82	77	278
19639	20	4	4	83	118	278
19640	20	4	5	84	228	278
19641	20	4	6	85	209	278
19642	20	4	7	86	256	278
19643	20	4	8	104	100	278
19644	20	4	9	105	191	278
19645	20	4	10	107	222	278
19646	20	4	11	109	255	278
19647	20	4	12	108	32	279
19648	20	4	13	110	246	279
19649	20	4	14	111	38	279
19650	20	4	15	112	219	279
19651	20	4	16	113	67	279
19652	20	4	17	114	56	280
19653	20	4	18	115	38	280
19654	20	4	19	117	73	280
19655	20	4	20	118	163	280
19656	20	4	21	116	150	281
19657	20	4	22	119	157	281
19658	20	5	0	87	214	278
19659	20	5	1	88	83	278
19660	20	5	2	89	1	278
19661	20	5	3	90	232	278
19662	20	5	4	91	185	278
19663	20	5	5	92	198	278
19664	20	5	6	93	159	278
19665	20	5	7	94	134	278
19666	20	5	8	100	134	278
19667	20	5	9	102	198	278
19668	20	5	10	103	213	278
19669	20	5	11	106	228	278
19670	20	5	12	104	49	279
19671	20	5	13	105	162	279
19672	20	5	14	107	244	279
19673	20	5	15	109	180	279
19674	20	5	16	108	175	280
19675	20	5	17	110	62	280
19676	20	5	18	111	183	280
19677	20	5	19	112	147	280
19678	20	5	20	113	195	280
19679	20	5	21	114	175	281
19680	20	5	22	115	183	281
19681	20	6	0	95	41	278
19682	20	6	1	96	214	278
19683	20	6	2	97	117	278
19684	20	6	3	98	194	278
19685	20	6	4	99	103	278
19686	20	6	5	101	173	278
19687	20	6	6	1	226	279
19688	20	6	7	2	207	279
19689	20	6	8	3	171	279
19690	20	6	9	4	219	279
19691	20	6	10	5	23	279
19692	20	6	11	6	45	279
19693	20	6	12	100	14	279
19694	20	6	13	102	170	279
19695	20	6	14	103	177	279
19696	20	6	15	106	105	279
19697	20	6	16	104	187	280
19698	20	6	17	105	105	280
19699	20	6	18	107	120	280
19700	20	6	19	109	237	280
19701	20	6	20	108	3	281
19702	20	6	21	110	1	281
19703	20	7	0	7	117	279
19704	20	7	1	8	1	279
19705	20	7	2	9	145	279
19706	20	7	3	10	13	279
19707	20	7	4	11	89	279
19708	20	7	5	12	195	279
19709	20	7	6	13	246	279
19710	20	7	7	14	140	279
19711	20	7	8	15	2	279
19712	20	7	9	16	76	279
19713	20	7	10	17	28	279
19714	20	7	11	95	88	279
19715	20	7	12	96	117	279
19716	20	7	13	98	117	279
19717	20	7	14	99	243	279
19718	20	7	15	101	51	279
19719	20	7	16	100	17	280
19720	20	7	17	102	181	280
19721	20	7	18	103	28	280
19722	20	7	19	106	90	280
19723	20	7	20	104	26	281
19724	20	7	21	105	163	281
19725	20	8	0	18	168	279
19726	20	8	1	19	229	279
19727	20	8	2	20	151	279
19728	20	8	3	21	118	279
19729	20	8	4	22	113	279
19730	20	8	5	23	87	279
19731	20	8	6	24	34	279
19732	20	8	7	25	153	279
19733	20	8	8	26	166	279
19734	20	8	9	27	30	279
19735	20	8	10	28	67	279
19736	20	8	11	90	5	279
19737	20	8	12	92	102	279
19738	20	8	13	94	102	279
19739	20	8	14	97	212	279
19740	20	8	15	95	156	280
19741	20	8	16	96	153	280
19742	20	8	17	98	205	280
19743	20	8	18	99	149	280
19744	20	8	19	101	9	280
19745	20	8	20	100	147	281
19746	20	9	0	29	241	279
19747	20	9	1	30	119	279
19748	20	9	2	31	235	279
19749	20	9	3	32	196	279
19750	20	9	4	33	126	279
19751	20	9	5	34	23	279
19752	20	9	6	35	170	279
19753	20	9	7	36	226	279
19754	20	9	8	37	68	279
19755	20	9	9	38	213	279
19756	20	9	10	84	226	279
19757	20	9	11	87	40	279
19758	20	9	12	88	255	279
19759	20	9	13	91	52	279
19760	20	9	14	93	45	279
19761	20	9	15	90	71	280
19762	20	9	16	92	252	280
19763	20	9	17	94	126	280
19764	20	9	18	97	225	280
19765	20	9	19	96	16	281
19766	20	9	20	95	227	281
19767	20	10	0	39	41	279
19768	20	10	1	41	115	279
19769	20	10	2	40	196	279
19770	20	10	3	42	152	279
19771	20	10	4	43	131	279
19772	20	10	5	44	50	279
19773	20	10	6	45	94	279
19774	20	10	7	46	36	279
19775	20	10	8	47	130	279
19776	20	10	9	48	226	279
19777	20	10	10	49	189	279
19778	20	10	11	80	74	279
19779	20	10	12	86	90	279
19780	20	10	13	89	40	279
19781	20	10	14	84	112	280
19782	20	10	15	87	21	280
19783	20	10	16	88	145	280
19784	20	10	17	91	179	280
19785	20	10	18	93	53	280
19786	20	10	19	92	238	281
19787	20	11	0	50	183	279
19788	20	11	1	51	159	279
19789	20	11	2	52	166	279
19790	20	11	3	53	82	279
19791	20	11	4	54	152	279
19792	20	11	5	55	33	279
19793	20	11	6	56	52	279
19794	20	11	7	57	211	279
19795	20	11	8	58	72	279
19796	20	11	9	59	186	279
19797	20	11	10	60	40	279
19798	20	11	11	81	158	279
19799	20	11	12	82	224	279
19800	20	11	13	83	65	279
19801	20	11	14	85	246	279
19802	20	11	15	80	83	280
19803	20	11	16	86	252	280
19804	20	11	17	89	113	280
19805	20	11	18	84	126	281
19806	20	11	19	87	244	281
19807	20	12	0	61	18	279
19808	20	12	1	62	60	279
19809	20	12	2	63	62	279
19810	20	12	3	64	121	279
19811	20	12	4	65	142	279
19812	20	12	5	66	196	279
19813	20	12	6	67	61	279
19814	20	12	7	68	180	279
19815	20	12	8	69	117	279
19816	20	12	9	74	25	279
19817	20	12	10	75	131	279
19818	20	12	11	76	118	279
19819	20	12	12	77	75	279
19820	20	12	13	78	170	279
19821	20	12	14	79	97	279
19822	20	12	15	81	61	280
19823	20	12	16	82	38	280
19824	20	12	17	83	86	280
19825	20	12	18	85	187	280
19826	20	13	0	70	135	279
19827	20	13	1	71	16	279
19828	20	13	2	72	50	279
19829	20	13	3	73	246	279
19830	20	13	4	1	30	280
19831	20	13	5	2	10	280
19832	20	13	6	3	144	280
19833	20	13	7	4	36	280
19834	20	13	8	5	165	280
19835	20	13	9	6	245	280
19836	20	13	10	7	101	280
19837	20	13	11	8	254	280
19838	20	13	12	9	238	280
19839	20	13	13	74	46	280
19840	20	13	14	75	56	280
19841	20	13	15	76	176	280
19842	20	13	16	77	138	280
19843	20	13	17	78	210	280
19844	20	13	18	79	14	280
19845	20	14	0	10	178	280
19846	20	14	1	11	128	280
19847	20	14	2	12	161	280
19848	20	14	3	13	121	280
19849	20	14	4	14	167	280
19850	20	14	5	15	155	280
19851	20	14	6	16	129	280
19852	20	14	7	17	2	280
19853	20	14	8	18	13	280
19854	20	14	9	19	19	280
19855	20	14	10	20	108	280
19856	20	14	11	21	255	280
19857	20	14	12	22	94	280
19858	20	14	13	23	176	280
19859	20	14	14	70	37	280
19860	20	14	15	73	161	280
19861	20	14	16	72	55	280
19862	20	14	17	74	208	281
19863	20	15	0	24	48	280
19864	20	15	1	25	230	280
19865	20	15	2	26	158	280
19866	20	15	3	27	223	280
19867	20	15	4	28	60	280
19868	20	15	5	29	92	280
19869	20	15	6	30	117	280
19870	20	15	7	31	159	280
19871	20	15	8	32	110	280
19872	20	15	9	33	209	280
19873	20	15	10	34	31	280
19874	20	15	11	35	176	280
19875	20	15	12	36	26	280
19876	20	15	13	66	10	280
19877	20	15	14	67	172	280
19878	20	15	15	68	150	280
19879	20	15	16	69	30	280
19880	20	15	17	71	236	280
19881	20	16	0	37	68	280
19882	20	16	1	38	124	280
19883	20	16	2	39	232	280
19884	20	16	3	40	12	280
19885	20	16	4	41	113	280
19886	20	16	5	42	97	280
19887	20	16	6	43	179	280
19888	20	16	7	44	181	280
19889	20	16	8	45	246	280
19890	20	16	9	46	224	280
19891	20	16	10	47	59	280
19892	20	16	11	48	230	280
19893	20	16	12	60	250	280
19894	20	16	13	62	213	280
19895	20	16	14	63	152	280
19896	20	16	15	64	111	280
19897	20	16	16	65	125	280
19898	20	17	0	49	163	280
19899	20	17	1	50	73	280
19900	20	17	2	51	164	280
19901	20	17	3	52	164	280
19902	20	17	4	53	227	280
19903	20	17	5	54	139	280
19904	20	17	6	55	64	280
19905	20	17	7	56	23	280
19906	20	17	8	57	136	280
19907	20	17	9	58	200	280
19908	20	17	10	59	130	280
19909	20	17	11	61	199	280
19910	20	17	12	1	44	281
19911	20	17	13	2	8	281
19912	20	17	14	3	224	281
19913	20	17	15	4	81	281
19914	20	17	16	60	203	281
19915	20	18	0	5	201	281
19916	20	18	1	6	194	281
19917	20	18	2	7	220	281
19918	20	18	3	8	256	281
19919	20	18	4	9	118	281
19920	20	18	5	10	114	281
19921	20	18	6	11	221	281
19922	20	18	7	12	129	281
19923	20	18	8	13	26	281
19924	20	18	9	14	58	281
19925	20	18	10	15	39	281
19926	20	18	11	16	199	281
19927	20	18	12	17	237	281
19928	20	18	13	18	215	281
19929	20	18	14	19	236	281
19930	20	18	15	20	64	281
19931	20	19	0	21	158	281
19932	20	19	1	22	177	281
19933	20	19	2	23	80	281
19934	20	19	3	24	78	281
19935	20	19	4	25	23	281
19936	20	19	5	26	29	281
19937	20	19	6	27	238	281
19938	20	19	7	28	84	281
19939	20	19	8	29	25	281
19940	20	19	9	30	214	281
19941	20	19	10	31	11	281
19942	20	19	11	32	74	281
19943	20	19	12	33	134	281
19944	20	19	13	34	254	281
19945	20	19	14	35	61	281
19946	20	19	15	36	26	281
19947	20	20	0	37	12	281
19948	20	20	1	38	32	281
19949	20	20	2	39	223	281
19950	20	20	3	40	111	281
19951	20	20	4	41	4	281
19952	20	20	5	42	76	281
19953	20	20	6	43	28	281
19954	20	20	7	44	233	281
19955	20	20	8	45	25	281
19956	20	20	9	46	97	281
19957	20	20	10	47	26	281
19958	20	20	11	48	92	281
19959	20	20	12	49	70	281
19960	20	20	13	50	103	281
19961	20	20	14	51	45	281
19962	20	21	0	52	30	281
19963	20	21	1	53	191	281
19964	20	21	2	54	138	281
19965	20	21	3	55	182	281
19966	20	21	4	56	59	281
19967	20	21	5	57	12	281
19968	20	21	6	58	185	281
19969	20	21	7	59	92	281
19970	20	21	8	61	49	281
19971	20	21	9	62	189	281
19972	20	21	10	63	210	281
19973	20	21	11	64	216	281
19974	20	21	12	65	205	281
19975	20	21	13	66	152	281
19976	20	21	14	67	181	281
19977	20	22	0	68	231	281
19978	20	22	1	69	86	281
19979	20	22	2	70	177	281
19980	20	22	3	71	162	281
19981	20	22	4	72	240	281
19982	20	22	5	73	180	281
19983	20	22	6	75	228	281
19984	20	22	7	76	51	281
19985	20	22	8	77	205	281
19986	20	22	9	78	136	281
19987	20	22	10	79	137	281
19988	20	22	11	80	241	281
19989	20	22	12	81	178	281
19990	20	22	13	82	231	281
19991	20	23	0	83	230	281
19992	20	23	1	85	155	281
19993	20	23	2	86	57	281
19994	20	23	3	88	87	281
19995	20	23	4	89	161	281
19996	20	23	5	90	46	281
19997	20	23	6	91	236	281
19998	20	23	7	93	12	281
19999	20	23	8	94	154	281
20000	20	23	9	97	190	281
20001	20	23	10	98	179	281
20002	20	23	11	99	232	281
20003	20	23	12	101	235	281
20004	20	23	13	102	142	281
20005	20	24	0	103	3	281
20006	20	24	1	106	252	281
20007	20	24	2	107	9	281
20008	20	24	3	109	37	281
20009	20	24	4	111	32	281
20010	20	24	5	112	120	281
20011	20	24	6	113	82	281
20012	20	24	7	117	117	281
20013	20	24	8	118	109	281
20014	20	24	9	120	111	281
20015	20	24	10	121	119	281
20016	20	24	11	125	218	281
20017	20	24	12	127	114	281
20018	20	25	0	129	117	281
20019	20	25	1	131	1	281
20020	20	25	2	134	1	281
20021	20	25	3	138	155	281
20022	20	25	4	139	123	281
20023	20	25	5	0	6	282
20024	20	25	6	1	148	282
20025	20	25	7	2	10	282
20026	20	25	8	3	218	282
20027	20	25	9	4	3	282
20028	20	25	10	5	119	282
20029	20	25	11	6	254	282
20030	20	25	12	7	84	282
20031	20	26	0	8	192	282
20032	20	26	1	9	215	282
20033	20	26	2	10	6	282
20034	20	26	3	11	90	282
20035	20	26	4	12	213	282
20036	20	26	5	13	183	282
20037	20	26	6	14	50	282
20038	20	26	7	15	256	282
20039	20	26	8	16	236	282
20040	20	26	9	17	250	282
20041	20	26	10	18	121	282
20042	20	26	11	19	256	282
20043	20	27	0	20	27	282
20044	20	27	1	21	129	282
20045	20	27	2	22	124	282
20046	20	27	3	23	204	282
20047	20	27	4	24	70	282
20048	20	27	5	25	118	282
20049	20	27	6	26	78	282
20050	20	27	7	27	234	282
20051	20	27	8	28	179	282
20052	20	27	9	29	119	282
20053	20	27	10	30	107	282
20054	20	27	11	31	80	282
20055	20	28	0	32	77	282
20056	20	28	1	33	52	282
20057	20	28	2	35	128	282
20058	20	28	3	34	118	282
20059	20	28	4	36	202	282
20060	20	28	5	37	193	282
20061	20	28	6	38	55	282
20062	20	28	7	39	32	282
20063	20	28	8	40	2	282
20064	20	28	9	41	182	282
20065	20	28	10	42	37	282
20066	20	29	0	43	166	282
20067	20	29	1	44	18	282
20068	20	29	2	45	92	282
20069	20	29	3	46	84	282
20070	20	29	4	47	209	282
20071	20	29	5	48	134	282
20072	20	29	6	49	176	282
20073	20	29	7	50	22	282
20074	20	29	8	51	181	282
20075	20	29	9	52	69	282
20076	20	29	10	53	41	282
20077	20	30	0	54	169	282
20078	20	30	1	55	126	282
20079	20	30	2	56	39	282
20080	20	30	3	57	160	282
20081	20	30	4	58	217	282
20082	20	30	5	59	232	282
20083	20	30	6	60	199	282
20084	20	30	7	61	163	282
20085	20	30	8	62	80	282
20086	20	30	9	63	225	282
20087	20	31	0	64	231	282
20088	20	31	1	65	130	282
20089	20	31	2	66	254	282
20090	20	31	3	67	230	282
20091	20	31	4	68	89	282
20092	20	31	5	69	166	282
20093	20	31	6	70	165	282
20094	20	31	7	71	226	282
20095	20	31	8	72	232	282
20096	20	31	9	73	11	282
20097	20	32	0	74	197	282
20098	20	32	1	75	56	282
20099	20	32	2	76	73	282
20100	20	32	3	77	214	282
20101	20	32	4	78	105	282
20102	20	32	5	79	170	282
20103	20	32	6	80	146	282
20104	20	32	7	81	155	282
20105	20	32	8	82	106	282
20106	20	33	0	83	113	282
20107	20	33	1	84	85	282
20108	20	33	2	85	3	282
20109	20	33	3	86	45	282
20110	20	33	4	87	157	282
20111	20	33	5	88	146	282
20112	20	33	6	89	137	282
20113	20	33	7	90	97	282
20114	20	33	8	91	79	282
20115	20	34	0	92	194	282
20116	20	34	1	93	222	282
20117	20	34	2	94	196	282
20118	20	34	3	95	184	282
20119	20	34	4	96	145	282
20120	20	34	5	97	27	282
20121	20	34	6	98	23	282
20122	20	34	7	99	116	282
20123	20	35	0	100	43	282
20124	20	35	1	101	94	282
20125	20	35	2	102	33	282
20126	20	35	3	103	66	282
20127	20	35	4	104	103	282
20128	20	35	5	105	227	282
20129	20	35	6	106	79	282
20130	20	35	7	107	220	282
20131	20	36	0	108	24	282
20132	20	36	1	109	47	282
20133	20	36	2	110	88	282
20134	20	36	3	111	19	282
20135	20	36	4	112	50	282
20136	20	36	5	113	252	282
20137	20	36	6	114	155	282
20138	20	37	0	115	251	282
20139	20	37	1	116	122	282
20140	20	37	2	117	105	282
20141	20	37	3	118	146	282
20142	20	37	4	119	122	282
20143	20	37	5	120	85	282
20144	20	37	6	121	177	282
20145	20	38	0	122	64	282
20146	20	38	1	123	251	282
20147	20	38	2	124	123	282
20148	20	38	3	125	244	282
20149	20	38	4	126	52	282
20150	20	38	5	127	251	282
20151	20	39	0	128	215	282
20152	20	39	1	129	67	282
20153	20	39	2	130	112	282
20154	20	39	3	131	18	282
20155	20	39	4	132	90	282
20156	20	39	5	133	194	282
20157	20	40	0	134	13	282
20158	20	40	1	135	209	282
20159	20	40	2	136	28	282
20160	20	40	3	137	15	282
20161	20	40	4	138	206	282
20162	20	41	0	139	62	282
20163	20	41	1	141	232	282
20164	20	41	2	0	208	283
20165	20	41	3	1	149	283
20166	20	41	4	2	80	283
20167	20	42	0	3	196	283
20168	20	42	1	4	215	283
20169	20	42	2	5	44	283
20170	20	42	3	6	85	283
20171	20	43	0	7	2	283
20172	20	43	1	8	35	283
20173	20	43	2	9	116	283
20174	20	43	3	10	125	283
20175	20	44	0	11	16	283
20176	20	44	1	12	40	283
20177	20	44	2	13	254	283
20178	20	45	0	14	248	283
20179	20	45	1	15	200	283
20180	20	45	2	16	229	283
20181	20	46	0	17	28	283
20182	20	46	1	18	79	283
20183	20	47	0	19	168	283
20184	20	47	1	20	28	283
20185	20	48	0	21	70	283
20186	20	49	0	22	162	283
