257 121 14935
0 0 1 0
1 0 1 1
2 0 1 2
3 0 1 3
4 0 1 4
5 0 1 5
6 0 1 6
7 0 1 7
8 0 1 8
9 0 1 9
10 0 1 10
11 0 1 11
12 0 1 12
13 0 1 13
14 0 1 14
15 0 1 15
16 0 1 16
17 0 1 17
18 0 1 18
19 0 1 19
20 0 1 20
21 0 1 21
22 0 1 22
23 0 1 23
24 0 1 24
25 0 1 25
26 0 1 26
27 0 1 27
28 0 1 28
29 0 1 29
30 0 1 30
31 0 1 31
32 0 1 32
33 0 1 33
34 0 1 34
35 0 1 35
36 0 1 36
37 0 1 37
38 0 1 38
39 0 1 39
40 0 1 40
41 0 1 41
42 0 1 42
43 0 1 43
44 0 1 44
45 0 1 45
46 0 1 46
47 0 1 47
48 0 1 48
49 0 1 49
50 0 1 50
51 0 1 51
52 0 1 52
53 0 1 53
54 0 1 54
55 0 1 55
56 0 1 56
57 0 1 57
58 0 1 58
59 0 1 59
60 0 1 60
61 0 1 61
62 1 1 2
63 1 1 3
64 1 1 4
65 1 1 5
66 1 1 6
67 1 1 7
68 1 1 8
69 1 1 9
70 1 1 10
71 1 1 11
72 1 1 12
73 1 1 13
74 1 1 14
75 1 1 15
76 1 1 16
77 1 1 17
78 1 1 18
79 1 1 19
80 1 1 20
81 1 1 21
82 1 1 22
83 1 1 23
84 1 1 24
85 1 1 25
86 1 1 26
87 1 1 27
88 1 1 28
89 1 1 29
90 1 1 30
91 1 1 31
92 1 1 32
93 1 1 33
94 1 1 34
95 1 1 35
96 1 1 36
97 1 1 37
98 1 1 38
99 1 1 39
100 1 1 40
101 1 1 41
102 1 1 42
103 1 1 43
104 1 1 44
105 1 1 45
106 1 1 46
107 1 1 47
108 1 1 48
109 1 1 49
110 1 1 50
111 1 1 51
112 1 1 52
113 1 1 53
114 1 1 54
115 1 1 55
116 1 1 56
117 1 1 57
118 1 1 58
119 1 1 59
120 1 1 60
121 1 1 61
122 1 1 62
123 2 1 4
124 2 1 5
125 2 1 6
126 2 1 7
127 2 1 8
128 2 1 9
129 2 1 10
130 2 1 11
131 2 1 12
132 2 1 13
133 2 1 14
134 2 1 15
135 2 1 16
136 2 1 17
137 2 1 18
138 2 1 19
139 2 1 20
140 2 1 21
141 2 1 22
142 2 1 23
143 2 1 24
144 2 1 25
145 2 1 26
146 2 1 27
147 2 1 28
148 2 1 29
149 2 1 30
150 2 1 31
151 2 1 32
152 2 1 33
153 2 1 34
154 2 1 35
155 2 1 36
156 2 1 37
157 2 1 38
158 2 1 39
159 2 1 40
160 2 1 41
161 2 1 42
162 2 1 43
163 2 1 44
164 2 1 45
165 2 1 46
166 2 1 47
167 2 1 48
168 2 1 49
169 2 1 50
170 2 1 51
171 2 1 52
172 2 1 53
173 2 1 54
174 2 1 55
175 2 1 56
176 2 1 57
177 2 1 58
178 2 1 59
179 2 1 60
180 2 1 61
181 2 1 62
182 2 1 63
183 3 1 6
184 3 1 7
185 3 1 8
186 3 1 9
187 3 1 10
188 3 1 11
189 3 1 12
190 3 1 13
191 3 1 14
192 3 1 15
193 3 1 16
194 3 1 17
195 3 1 18
196 3 1 19
197 3 1 20
198 3 1 21
199 3 1 22
200 3 1 23
201 3 1 24
202 3 1 25
203 3 1 26
204 3 1 27
205 3 1 28
206 3 1 29
207 3 1 30
208 3 1 31
209 3 1 32
210 3 1 33
211 3 1 34
212 3 1 35
213 3 1 36
214 3 1 37
215 3 1 38
216 3 1 39
217 3 1 40
218 3 1 41
219 3 1 42
220 3 1 43
221 3 1 44
222 3 1 45
223 3 1 46
224 3 1 47
225 3 1 48
226 3 1 49
227 3 1 50
228 3 1 51
229 3 1 52
230 3 1 53
231 3 1 54
232 3 1 55
233 3 1 56
234 3 1 57
235 3 1 58
236 3 1 59
237 3 1 60
238 3 1 61
239 3 1 62
240 3 1 63
241 3 1 64
242 4 1 8
243 4 1 9
244 4 1 10
245 4 1 11
246 4 1 12
247 4 1 13
248 4 1 14
249 4 1 15
250 4 1 16
251 4 1 17
252 4 1 18
253 4 1 19
254 4 1 20
255 4 1 21
256 4 1 22
257 4 1 23
258 4 1 24
259 4 1 25
260 4 1 26
261 4 1 27
262 4 1 28
263 4 1 29
264 4 1 30
265 4 1 31
266 4 1 32
267 4 1 33
268 4 1 34
269 4 1 35
270 4 1 36
271 4 1 37
272 4 1 38
273 4 1 39
274 4 1 40
275 4 1 41
276 4 1 42
277 4 1 43
278 4 1 44
279 4 1 45
280 4 1 46
281 4 1 47
282 4 1 48
283 4 1 49
284 4 1 50
285 4 1 51
286 4 1 52
287 4 1 53
288 4 1 54
289 4 1 55
290 4 1 56
291 4 1 57
292 4 1 58
293 4 1 59
294 4 1 60
295 4 1 61
296 4 1 62
297 4 1 63
298 4 1 64
299 4 1 65
300 5 1 10
301 5 1 11
302 5 1 12
303 5 1 13
304 5 1 14
305 5 1 15
306 5 1 16
307 5 1 17
308 5 1 18
309 5 1 19
310 5 1 20
311 5 1 21
312 5 1 22
313 5 1 23
314 5 1 24
315 5 1 25
316 5 1 26
317 5 1 27
318 5 1 28
319 5 1 29
320 5 1 30
321 5 1 31
322 5 1 32
323 5 1 33
324 5 1 34
325 5 1 35
326 5 1 36
327 5 1 37
328 5 1 38
329 5 1 39
330 5 1 40
331 5 1 41
332 5 1 42
333 5 1 43
334 5 1 44
335 5 1 45
336 5 1 46
337 5 1 47
338 5 1 48
339 5 1 49
340 5 1 50
341 5 1 51
342 5 1 52
343 5 1 53
344 5 1 54
345 5 1 55
346 5 1 56
347 5 1 57
348 5 1 58
349 5 1 59
350 5 1 60
351 5 1 61
352 5 1 62
353 5 1 63
354 5 1 64
355 5 1 65
356 5 1 66
357 6 1 12
358 6 1 13
359 6 1 14
360 6 1 15
361 6 1 16
362 6 1 17
363 6 1 18
364 6 1 19
365 6 1 20
366 6 1 21
367 6 1 22
368 6 1 23
369 6 1 24
370 6 1 25
371 6 1 26
372 6 1 27
373 6 1 28
374 6 1 29
375 6 1 30
376 6 1 31
377 6 1 32
378 6 1 33
379 6 1 34
380 6 1 35
381 6 1 36
382 6 1 37
383 6 1 38
384 6 1 39
385 6 1 40
386 6 1 41
387 6 1 42
388 6 1 43
389 6 1 44
390 6 1 45
391 6 1 46
392 6 1 47
393 6 1 48
394 6 1 49
395 6 1 50
396 6 1 51
397 6 1 52
398 6 1 53
399 6 1 54
400 6 1 55
401 6 1 56
402 6 1 57
403 6 1 58
404 6 1 59
405 6 1 60
406 6 1 61
407 6 1 62
408 6 1 63
409 6 1 64
410 6 1 65
411 6 1 66
412 6 1 67
413 7 1 14
414 7 1 15
415 7 1 16
416 7 1 17
417 7 1 18
418 7 1 19
419 7 1 20
420 7 1 21
421 7 1 22
422 7 1 23
423 7 1 24
424 7 1 25
425 7 1 26
426 7 1 27
427 7 1 28
428 7 1 29
429 7 1 30
430 7 1 31
431 7 1 32
432 7 1 33
433 7 1 34
434 7 1 35
435 7 1 36
436 7 1 37
437 7 1 38
438 7 1 39
439 7 1 40
440 7 1 41
441 7 1 42
442 7 1 43
443 7 1 44
444 7 1 45
445 7 1 46
446 7 1 47
447 7 1 48
448 7 1 49
449 7 1 50
450 7 1 51
451 7 1 52
452 7 1 53
453 7 1 54
454 7 1 55
455 7 1 56
456 7 1 57
457 7 1 58
458 7 1 59
459 7 1 60
460 7 1 61
461 7 1 62
462 7 1 63
463 7 1 64
464 7 1 65
465 7 1 66
466 7 1 67
467 7 1 68
468 8 1 16
469 8 1 17
470 8 1 18
471 8 1 19
472 8 1 20
473 8 1 21
474 8 1 22
475 8 1 23
476 8 1 24
477 8 1 25
478 8 1 26
479 8 1 27
480 8 1 28
481 8 1 29
482 8 1 30
483 8 1 31
484 8 1 32
485 8 1 33
486 8 1 34
487 8 1 35
488 8 1 36
489 8 1 37
490 8 1 38
491 8 1 39
492 8 1 40
493 8 1 41
494 8 1 42
495 8 1 43
496 8 1 44
497 8 1 45
498 8 1 46
499 8 1 47
500 8 1 48
501 8 1 49
502 8 1 50
503 8 1 51
504 8 1 52
505 8 1 53
506 8 1 54
507 8 1 55
508 8 1 56
509 8 1 57
510 8 1 58
511 8 1 59
512 8 1 60
513 8 1 61
514 8 1 62
515 8 1 63
516 8 1 64
517 8 1 65
518 8 1 66
519 8 1 67
520 8 1 68
521 8 1 69
522 9 1 18
523 9 1 19
524 9 1 20
525 9 1 21
526 9 1 22
527 9 1 23
528 9 1 24
529 9 1 25
530 9 1 26
531 9 1 27
532 9 1 28
533 9 1 29
534 9 1 30
535 9 1 31
536 9 1 32
537 9 1 33
538 9 1 34
539 9 1 35
540 9 1 36
541 9 1 37
542 9 1 38
543 9 1 39
544 9 1 40
545 9 1 41
546 9 1 42
547 9 1 43
548 9 1 44
549 9 1 45
550 9 1 46
551 9 1 47
552 9 1 48
553 9 1 49
554 9 1 50
555 9 1 51
556 9 1 52
557 9 1 53
558 9 1 54
559 9 1 55
560 9 1 56
561 9 1 57
562 9 1 58
563 9 1 59
564 9 1 60
565 9 1 61
566 9 1 62
567 9 1 63
568 9 1 64
569 9 1 65
570 9 1 66
571 9 1 67
572 9 1 68
573 9 1 69
574 9 1 70
575 10 1 20
576 10 1 21
577 10 1 22
578 10 1 23
579 10 1 24
580 10 1 25
581 10 1 26
582 10 1 27
583 10 1 28
584 10 1 29
585 10 1 30
586 10 1 31
587 10 1 32
588 10 1 33
589 10 1 34
590 10 1 35
591 10 1 36
592 10 1 37
593 10 1 38
594 10 1 39
595 10 1 40
596 10 1 41
597 10 1 42
598 10 1 43
599 10 1 44
600 10 1 45
601 10 1 46
602 10 1 47
603 10 1 48
604 10 1 49
605 10 1 50
606 10 1 51
607 10 1 52
608 10 1 53
609 10 1 54
610 10 1 55
611 10 1 56
612 10 1 57
613 10 1 58
614 10 1 59
615 10 1 60
616 10 1 61
617 10 1 62
618 10 1 63
619 10 1 64
620 10 1 65
621 10 1 66
622 10 1 67
623 10 1 68
624 10 1 69
625 10 1 70
626 10 1 71
627 11 1 22
628 11 1 23
629 11 1 24
630 11 1 25
631 11 1 26
632 11 1 27
633 11 1 28
634 11 1 29
635 11 1 30
636 11 1 31
637 11 1 32
638 11 1 33
639 11 1 34
640 11 1 35
641 11 1 36
642 11 1 37
643 11 1 38
644 11 1 39
645 11 1 40
646 11 1 41
647 11 1 42
648 11 1 43
649 11 1 44
650 11 1 45
651 11 1 46
652 11 1 47
653 11 1 48
654 11 1 49
655 11 1 50
656 11 1 51
657 11 1 52
658 11 1 53
659 11 1 54
660 11 1 55
661 11 1 56
662 11 1 57
663 11 1 58
664 11 1 59
665 11 1 60
666 11 1 61
667 11 1 62
668 11 1 63
669 11 1 64
670 11 1 65
671 11 1 66
672 11 1 67
673 11 1 68
674 11 1 69
675 11 1 70
676 11 1 71
677 11 1 72
678 12 1 24
679 12 1 25
680 12 1 26
681 12 1 27
682 12 1 28
683 12 1 29
684 12 1 30
685 12 1 31
686 12 1 32
687 12 1 33
688 12 1 34
689 12 1 35
690 12 1 36
691 12 1 37
692 12 1 38
693 12 1 39
694 12 1 40
695 12 1 41
696 12 1 42
697 12 1 43
698 12 1 44
699 12 1 45
700 12 1 46
701 12 1 47
702 12 1 48
703 12 1 49
704 12 1 50
705 12 1 51
706 12 1 52
707 12 1 53
708 12 1 54
709 12 1 55
710 12 1 56
711 12 1 57
712 12 1 58
713 12 1 59
714 12 1 60
715 12 1 61
716 12 1 62
717 12 1 63
718 12 1 64
719 12 1 65
720 12 1 66
721 12 1 67
722 12 1 68
723 12 1 69
724 12 1 70
725 12 1 71
726 12 1 72
727 12 1 73
728 13 1 26
729 13 1 27
730 13 1 28
731 13 1 29
732 13 1 30
733 13 1 31
734 13 1 32
735 13 1 33
736 13 1 34
737 13 1 35
738 13 1 36
739 13 1 37
740 13 1 38
741 13 1 39
742 13 1 40
743 13 1 41
744 13 1 42
745 13 1 43
746 13 1 44
747 13 1 45
748 13 1 46
749 13 1 47
750 13 1 48
751 13 1 49
752 13 1 50
753 13 1 51
754 13 1 52
755 13 1 53
756 13 1 54
757 13 1 55
758 13 1 56
759 13 1 57
760 13 1 58
761 13 1 59
762 13 1 60
763 13 1 61
764 13 1 62
765 13 1 63
766 13 1 64
767 13 1 65
768 13 1 66
769 13 1 67
770 13 1 68
771 13 1 69
772 13 1 70
773 13 1 71
774 13 1 72
775 13 1 73
776 13 1 74
777 14 1 28
778 14 1 29
779 14 1 30
780 14 1 31
781 14 1 32
782 14 1 33
783 14 1 34
784 14 1 35
785 14 1 36
786 14 1 37
787 14 1 38
788 14 1 39
789 14 1 40
790 14 1 41
791 14 1 42
792 14 1 43
793 14 1 44
794 14 1 45
795 14 1 46
796 14 1 47
797 14 1 48
798 14 1 49
799 14 1 50
800 14 1 51
801 14 1 52
802 14 1 53
803 14 1 54
804 14 1 55
805 14 1 56
806 14 1 57
807 14 1 58
808 14 1 59
809 14 1 60
810 14 1 61
811 14 1 62
812 14 1 63
813 14 1 64
814 14 1 65
815 14 1 66
816 14 1 67
817 14 1 68
818 14 1 69
819 14 1 70
820 14 1 71
821 14 1 72
822 14 1 73
823 14 1 74
824 14 1 75
825 15 1 30
826 15 1 31
827 15 1 32
828 15 1 33
829 15 1 34
830 15 1 35
831 15 1 36
832 15 1 37
833 15 1 38
834 15 1 39
835 15 1 40
836 15 1 41
837 15 1 42
838 15 1 43
839 15 1 44
840 15 1 45
841 15 1 46
842 15 1 47
843 15 1 48
844 15 1 49
845 15 1 50
846 15 1 51
847 15 1 52
848 15 1 53
849 15 1 54
850 15 1 55
851 15 1 56
852 15 1 57
853 15 1 58
854 15 1 59
855 15 1 60
856 15 1 61
857 15 1 62
858 15 1 63
859 15 1 64
860 15 1 65
861 15 1 66
862 15 1 67
863 15 1 68
864 15 1 69
865 15 1 70
866 15 1 71
867 15 1 72
868 15 1 73
869 15 1 74
870 15 1 75
871 15 1 76
872 16 1 32
873 16 1 33
874 16 1 34
875 16 1 35
876 16 1 36
877 16 1 37
878 16 1 38
879 16 1 39
880 16 1 40
881 16 1 41
882 16 1 42
883 16 1 43
884 16 1 44
885 16 1 45
886 16 1 46
887 16 1 47
888 16 1 48
889 16 1 49
890 16 1 50
891 16 1 51
892 16 1 52
893 16 1 53
894 16 1 54
895 16 1 55
896 16 1 56
897 16 1 57
898 16 1 58
899 16 1 59
900 16 1 60
901 16 1 61
902 16 1 62
903 16 1 63
904 16 1 64
905 16 1 65
906 16 1 66
907 16 1 67
908 16 1 68
909 16 1 69
910 16 1 70
911 16 1 71
912 16 1 72
913 16 1 73
914 16 1 74
915 16 1 75
916 16 1 76
917 16 1 77
918 17 1 34
919 17 1 35
920 17 1 36
921 17 1 37
922 17 1 38
923 17 1 39
924 17 1 40
925 17 1 41
926 17 1 42
927 17 1 43
928 17 1 44
929 17 1 45
930 17 1 46
931 17 1 47
932 17 1 48
933 17 1 49
934 17 1 50
935 17 1 51
936 17 1 52
937 17 1 53
938 17 1 54
939 17 1 55
940 17 1 56
941 17 1 57
942 17 1 58
943 17 1 59
944 17 1 60
945 17 1 61
946 17 1 62
947 17 1 63
948 17 1 64
949 17 1 65
950 17 1 66
951 17 1 67
952 17 1 68
953 17 1 69
954 17 1 70
955 17 1 71
956 17 1 72
957 17 1 73
958 17 1 74
959 17 1 75
960 17 1 76
961 17 1 77
962 17 1 78
963 18 1 36
964 18 1 37
965 18 1 38
966 18 1 39
967 18 1 40
968 18 1 41
969 18 1 42
970 18 1 43
971 18 1 44
972 18 1 45
973 18 1 46
974 18 1 47
975 18 1 48
976 18 1 49
977 18 1 50
978 18 1 51
979 18 1 52
980 18 1 53
981 18 1 54
982 18 1 55
983 18 1 56
984 18 1 57
985 18 1 58
986 18 1 59
987 18 1 60
988 18 1 61
989 18 1 62
990 18 1 63
991 18 1 64
992 18 1 65
993 18 1 66
994 18 1 67
995 18 1 68
996 18 1 69
997 18 1 70
998 18 1 71
999 18 1 72
1000 18 1 73
1001 18 1 74
1002 18 1 75
1003 18 1 76
1004 18 1 77
1005 18 1 78
1006 18 1 79
1007 19 1 38
1008 19 1 39
1009 19 1 40
1010 19 1 41
1011 19 1 42
1012 19 1 43
1013 19 1 44
1014 19 1 45
1015 19 1 46
1016 19 1 47
1017 19 1 48
1018 19 1 49
1019 19 1 50
1020 19 1 51
1021 19 1 52
1022 19 1 53
1023 19 1 54
1024 19 1 55
1025 19 1 56
1026 19 1 57
1027 19 1 58
1028 19 1 59
1029 19 1 60
1030 19 1 61
1031 19 1 62
1032 19 1 63
1033 19 1 64
1034 19 1 65
1035 19 1 66
1036 19 1 67
1037 19 1 68
1038 19 1 69
1039 19 1 70
1040 19 1 71
1041 19 1 72
1042 19 1 73
1043 19 1 74
1044 19 1 75
1045 19 1 76
1046 19 1 77
1047 19 1 78
1048 19 1 79
1049 19 1 80
1050 20 1 40
1051 20 1 41
1052 20 1 42
1053 20 1 43
1054 20 1 44
1055 20 1 45
1056 20 1 46
1057 20 1 47
1058 20 1 48
1059 20 1 49
1060 20 1 50
1061 20 1 51
1062 20 1 52
1063 20 1 53
1064 20 1 54
1065 20 1 55
1066 20 1 56
1067 20 1 57
1068 20 1 58
1069 20 1 59
1070 20 1 60
1071 20 1 61
1072 20 1 62
1073 20 1 63
1074 20 1 64
1075 20 1 65
1076 20 1 66
1077 20 1 67
1078 20 1 68
1079 20 1 69
1080 20 1 70
1081 20 1 71
1082 20 1 72
1083 20 1 73
1084 20 1 74
1085 20 1 75
1086 20 1 76
1087 20 1 77
1088 20 1 78
1089 20 1 79
1090 20 1 80
1091 20 1 81
1092 21 1 42
1093 21 1 43
1094 21 1 44
1095 21 1 45
1096 21 1 46
1097 21 1 47
1098 21 1 48
1099 21 1 49
1100 21 1 50
1101 21 1 51
1102 21 1 52
1103 21 1 53
1104 21 1 54
1105 21 1 55
1106 21 1 56
1107 21 1 57
1108 21 1 58
1109 21 1 59
1110 21 1 60
1111 21 1 61
1112 21 1 62
1113 21 1 63
1114 21 1 64
1115 21 1 65
1116 21 1 66
1117 21 1 67
1118 21 1 68
1119 21 1 69
1120 21 1 70
1121 21 1 71
1122 21 1 72
1123 21 1 73
1124 21 1 74
1125 21 1 75
1126 21 1 76
1127 21 1 77
1128 21 1 78
1129 21 1 79
1130 21 1 80
1131 21 1 81
1132 21 1 82
1133 22 1 44
1134 22 1 45
1135 22 1 46
1136 22 1 47
1137 22 1 48
1138 22 1 49
1139 22 1 50
1140 22 1 51
1141 22 1 52
1142 22 1 53
1143 22 1 54
1144 22 1 55
1145 22 1 56
1146 22 1 57
1147 22 1 58
1148 22 1 59
1149 22 1 60
1150 22 1 61
1151 22 1 62
1152 22 1 63
1153 22 1 64
1154 22 1 65
1155 22 1 66
1156 22 1 67
1157 22 1 68
1158 22 1 69
1159 22 1 70
1160 22 1 71
1161 22 1 72
1162 22 1 73
1163 22 1 74
1164 22 1 75
1165 22 1 76
1166 22 1 77
1167 22 1 78
1168 22 1 79
1169 22 1 80
1170 22 1 81
1171 22 1 82
1172 22 1 83
1173 23 1 46
1174 23 1 47
1175 23 1 48
1176 23 1 49
1177 23 1 50
1178 23 1 51
1179 23 1 52
1180 23 1 53
1181 23 1 54
1182 23 1 55
1183 23 1 56
1184 23 1 57
1185 23 1 58
1186 23 1 59
1187 23 1 60
1188 23 1 61
1189 23 1 62
1190 23 1 63
1191 23 1 64
1192 23 1 65
1193 23 1 66
1194 23 1 67
1195 23 1 68
1196 23 1 69
1197 23 1 70
1198 23 1 71
1199 23 1 72
1200 23 1 73
1201 23 1 74
1202 23 1 75
1203 23 1 76
1204 23 1 77
1205 23 1 78
1206 23 1 79
1207 23 1 80
1208 23 1 81
1209 23 1 82
1210 23 1 83
1211 23 1 84
1212 24 1 48
1213 24 1 49
1214 24 1 50
1215 24 1 51
1216 24 1 52
1217 24 1 53
1218 24 1 54
1219 24 1 55
1220 24 1 56
1221 24 1 57
1222 24 1 58
1223 24 1 59
1224 24 1 60
1225 24 1 61
1226 24 1 62
1227 24 1 63
1228 24 1 64
1229 24 1 65
1230 24 1 66
1231 24 1 67
1232 24 1 68
1233 24 1 69
1234 24 1 70
1235 24 1 71
1236 24 1 72
1237 24 1 73
1238 24 1 74
1239 24 1 75
1240 24 1 76
1241 24 1 77
1242 24 1 78
1243 24 1 79
1244 24 1 80
1245 24 1 81
1246 24 1 82
1247 24 1 83
1248 24 1 84
1249 24 1 85
1250 25 1 50
1251 25 1 51
1252 25 1 52
1253 25 1 53
1254 25 1 54
1255 25 1 55
1256 25 1 56
1257 25 1 57
1258 25 1 58
1259 25 1 59
1260 25 1 60
1261 25 1 61
1262 25 1 62
1263 25 1 63
1264 25 1 64
1265 25 1 65
1266 25 1 66
1267 25 1 67
1268 25 1 68
1269 25 1 69
1270 25 1 70
1271 25 1 71
1272 25 1 72
1273 25 1 73
1274 25 1 74
1275 25 1 75
1276 25 1 76
1277 25 1 77
1278 25 1 78
1279 25 1 79
1280 25 1 80
1281 25 1 81
1282 25 1 82
1283 25 1 83
1284 25 1 84
1285 25 1 85
1286 25 1 86
1287 26 1 52
1288 26 1 53
1289 26 1 54
1290 26 1 55
1291 26 1 56
1292 26 1 57
1293 26 1 58
1294 26 1 59
1295 26 1 60
1296 26 1 61
1297 26 1 62
1298 26 1 63
1299 26 1 64
1300 26 1 65
1301 26 1 66
1302 26 1 67
1303 26 1 68
1304 26 1 69
1305 26 1 70
1306 26 1 71
1307 26 1 72
1308 26 1 73
1309 26 1 74
1310 26 1 75
1311 26 1 76
1312 26 1 77
1313 26 1 78
1314 26 1 79
1315 26 1 80
1316 26 1 81
1317 26 1 82
1318 26 1 83
1319 26 1 84
1320 26 1 85
1321 26 1 86
1322 26 1 87
1323 27 1 54
1324 27 1 55
1325 27 1 56
1326 27 1 57
1327 27 1 58
1328 27 1 59
1329 27 1 60
1330 27 1 61
1331 27 1 62
1332 27 1 63
1333 27 1 64
1334 27 1 65
1335 27 1 66
1336 27 1 67
1337 27 1 68
1338 27 1 69
1339 27 1 70
1340 27 1 71
1341 27 1 72
1342 27 1 73
1343 27 1 74
1344 27 1 75
1345 27 1 76
1346 27 1 77
1347 27 1 78
1348 27 1 79
1349 27 1 80
1350 27 1 81
1351 27 1 82
1352 27 1 83
1353 27 1 84
1354 27 1 85
1355 27 1 86
1356 27 1 87
1357 27 1 88
1358 28 1 56
1359 28 1 57
1360 28 1 58
1361 28 1 59
1362 28 1 60
1363 28 1 61
1364 28 1 62
1365 28 1 63
1366 28 1 64
1367 28 1 65
1368 28 1 66
1369 28 1 67
1370 28 1 68
1371 28 1 69
1372 28 1 70
1373 28 1 71
1374 28 1 72
1375 28 1 73
1376 28 1 74
1377 28 1 75
1378 28 1 76
1379 28 1 77
1380 28 1 78
1381 28 1 79
1382 28 1 80
1383 28 1 81
1384 28 1 82
1385 28 1 83
1386 28 1 84
1387 28 1 85
1388 28 1 86
1389 28 1 87
1390 28 1 88
1391 28 1 89
1392 29 1 58
1393 29 1 59
1394 29 1 60
1395 29 1 61
1396 29 1 62
1397 29 1 63
1398 29 1 64
1399 29 1 65
1400 29 1 66
1401 29 1 67
1402 29 1 68
1403 29 1 69
1404 29 1 70
1405 29 1 71
1406 29 1 72
1407 29 1 73
1408 29 1 74
1409 29 1 75
1410 29 1 76
1411 29 1 77
1412 29 1 78
1413 29 1 79
1414 29 1 80
1415 29 1 81
1416 29 1 82
1417 29 1 83
1418 29 1 84
1419 29 1 85
1420 29 1 86
1421 29 1 87
1422 29 1 88
1423 29 1 89
1424 29 1 90
1425 30 1 60
1426 30 1 61
1427 30 1 62
1428 30 1 63
1429 30 1 64
1430 30 1 65
1431 30 1 66
1432 30 1 67
1433 30 1 68
1434 30 1 69
1435 30 1 70
1436 30 1 71
1437 30 1 72
1438 30 1 73
1439 30 1 74
1440 30 1 75
1441 30 1 76
1442 30 1 77
1443 30 1 78
1444 30 1 79
1445 30 1 80
1446 30 1 81
1447 30 1 82
1448 30 1 83
1449 30 1 84
1450 30 1 85
1451 30 1 86
1452 30 1 87
1453 30 1 88
1454 30 1 89
1455 30 1 90
1456 30 1 91
1457 31 1 62
1458 31 1 63
1459 31 1 64
1460 31 1 65
1461 31 1 66
1462 31 1 67
1463 31 1 68
1464 31 1 69
1465 31 1 70
1466 31 1 71
1467 31 1 72
1468 31 1 73
1469 31 1 74
1470 31 1 75
1471 31 1 76
1472 31 1 77
1473 31 1 78
1474 31 1 79
1475 31 1 80
1476 31 1 81
1477 31 1 82
1478 31 1 83
1479 31 1 84
1480 31 1 85
1481 31 1 86
1482 31 1 87
1483 31 1 88
1484 31 1 89
1485 31 1 90
1486 31 1 91
1487 31 1 92
1488 32 1 64
1489 32 1 65
1490 32 1 66
1491 32 1 67
1492 32 1 68
1493 32 1 69
1494 32 1 70
1495 32 1 71
1496 32 1 72
1497 32 1 73
1498 32 1 74
1499 32 1 75
1500 32 1 76
1501 32 1 77
1502 32 1 78
1503 32 1 79
1504 32 1 80
1505 32 1 81
1506 32 1 82
1507 32 1 83
1508 32 1 84
1509 32 1 85
1510 32 1 86
1511 32 1 87
1512 32 1 88
1513 32 1 89
1514 32 1 90
1515 32 1 91
1516 32 1 92
1517 32 1 93
1518 33 1 66
1519 33 1 67
1520 33 1 68
1521 33 1 69
1522 33 1 70
1523 33 1 71
1524 33 1 72
1525 33 1 73
1526 33 1 74
1527 33 1 75
1528 33 1 76
1529 33 1 77
1530 33 1 78
1531 33 1 79
1532 33 1 80
1533 33 1 81
1534 33 1 82
1535 33 1 83
1536 33 1 84
1537 33 1 85
1538 33 1 86
1539 33 1 87
1540 33 1 88
1541 33 1 89
1542 33 1 90
1543 33 1 91
1544 33 1 92
1545 33 1 93
1546 33 1 94
1547 34 1 68
1548 34 1 69
1549 34 1 70
1550 34 1 71
1551 34 1 72
1552 34 1 73
1553 34 1 74
1554 34 1 75
1555 34 1 76
1556 34 1 77
1557 34 1 78
1558 34 1 79
1559 34 1 80
1560 34 1 81
1561 34 1 82
1562 34 1 83
1563 34 1 84
1564 34 1 85
1565 34 1 86
1566 34 1 87
1567 34 1 88
1568 34 1 89
1569 34 1 90
1570 34 1 91
1571 34 1 92
1572 34 1 93
1573 34 1 94
1574 34 1 95
1575 35 1 70
1576 35 1 71
1577 35 1 72
1578 35 1 73
1579 35 1 74
1580 35 1 75
1581 35 1 76
1582 35 1 77
1583 35 1 78
1584 35 1 79
1585 35 1 80
1586 35 1 81
1587 35 1 82
1588 35 1 83
1589 35 1 84
1590 35 1 85
1591 35 1 86
1592 35 1 87
1593 35 1 88
1594 35 1 89
1595 35 1 90
1596 35 1 91
1597 35 1 92
1598 35 1 93
1599 35 1 94
1600 35 1 95
1601 35 1 96
1602 36 1 72
1603 36 1 73
1604 36 1 74
1605 36 1 75
1606 36 1 76
1607 36 1 77
1608 36 1 78
1609 36 1 79
1610 36 1 80
1611 36 1 81
1612 36 1 82
1613 36 1 83
1614 36 1 84
1615 36 1 85
1616 36 1 86
1617 36 1 87
1618 36 1 88
1619 36 1 89
1620 36 1 90
1621 36 1 91
1622 36 1 92
1623 36 1 93
1624 36 1 94
1625 36 1 95
1626 36 1 96
1627 36 1 97
1628 37 1 74
1629 37 1 75
1630 37 1 76
1631 37 1 77
1632 37 1 78
1633 37 1 79
1634 37 1 80
1635 37 1 81
1636 37 1 82
1637 37 1 83
1638 37 1 84
1639 37 1 85
1640 37 1 86
1641 37 1 87
1642 37 1 88
1643 37 1 89
1644 37 1 90
1645 37 1 91
1646 37 1 92
1647 37 1 93
1648 37 1 94
1649 37 1 95
1650 37 1 96
1651 37 1 97
1652 37 1 98
1653 38 1 76
1654 38 1 77
1655 38 1 78
1656 38 1 79
1657 38 1 80
1658 38 1 81
1659 38 1 82
1660 38 1 83
1661 38 1 84
1662 38 1 85
1663 38 1 86
1664 38 1 87
1665 38 1 88
1666 38 1 89
1667 38 1 90
1668 38 1 91
1669 38 1 92
1670 38 1 93
1671 38 1 94
1672 38 1 95
1673 38 1 96
1674 38 1 97
1675 38 1 98
1676 38 1 99
1677 39 1 78
1678 39 1 79
1679 39 1 80
1680 39 1 81
1681 39 1 82
1682 39 1 83
1683 39 1 84
1684 39 1 85
1685 39 1 86
1686 39 1 87
1687 39 1 88
1688 39 1 89
1689 39 1 90
1690 39 1 91
1691 39 1 92
1692 39 1 93
1693 39 1 94
1694 39 1 95
1695 39 1 96
1696 39 1 97
1697 39 1 98
1698 39 1 99
1699 39 1 100
1700 40 1 80
1701 40 1 81
1702 40 1 82
1703 40 1 83
1704 40 1 84
1705 40 1 85
1706 40 1 86
1707 40 1 87
1708 40 1 88
1709 40 1 89
1710 40 1 90
1711 40 1 91
1712 40 1 92
1713 40 1 93
1714 40 1 94
1715 40 1 95
1716 40 1 96
1717 40 1 97
1718 40 1 98
1719 40 1 99
1720 40 1 100
1721 40 1 101
1722 41 1 82
1723 41 1 83
1724 41 1 84
1725 41 1 85
1726 41 1 86
1727 41 1 87
1728 41 1 88
1729 41 1 89
1730 41 1 90
1731 41 1 91
1732 41 1 92
1733 41 1 93
1734 41 1 94
1735 41 1 95
1736 41 1 96
1737 41 1 97
1738 41 1 98
1739 41 1 99
1740 41 1 100
1741 41 1 101
1742 41 1 102
1743 42 1 84
1744 42 1 85
1745 42 1 86
1746 42 1 87
1747 42 1 88
1748 42 1 89
1749 42 1 90
1750 42 1 91
1751 42 1 92
1752 42 1 93
1753 42 1 94
1754 42 1 95
1755 42 1 96
1756 42 1 97
1757 42 1 98
1758 42 1 99
1759 42 1 100
1760 42 1 101
1761 42 1 102
1762 42 1 103
1763 43 1 86
1764 43 1 87
1765 43 1 88
1766 43 1 89
1767 43 1 90
1768 43 1 91
1769 43 1 92
1770 43 1 93
1771 43 1 94
1772 43 1 95
1773 43 1 96
1774 43 1 97
1775 43 1 98
1776 43 1 99
1777 43 1 100
1778 43 1 101
1779 43 1 102
1780 43 1 103
1781 43 1 104
1782 44 1 88
1783 44 1 89
1784 44 1 90
1785 44 1 91
1786 44 1 92
1787 44 1 93
1788 44 1 94
1789 44 1 95
1790 44 1 96
1791 44 1 97
1792 44 1 98
1793 44 1 99
1794 44 1 100
1795 44 1 101
1796 44 1 102
1797 44 1 103
1798 44 1 104
1799 44 1 105
1800 45 1 90
1801 45 1 91
1802 45 1 92
1803 45 1 93
1804 45 1 94
1805 45 1 95
1806 45 1 96
1807 45 1 97
1808 45 1 98
1809 45 1 99
1810 45 1 100
1811 45 1 101
1812 45 1 102
1813 45 1 103
1814 45 1 104
1815 45 1 105
1816 45 1 106
1817 46 1 92
1818 46 1 93
1819 46 1 94
1820 46 1 95
1821 46 1 96
1822 46 1 97
1823 46 1 98
1824 46 1 99
1825 46 1 100
1826 46 1 101
1827 46 1 102
1828 46 1 103
1829 46 1 104
1830 46 1 105
1831 46 1 106
1832 46 1 107
1833 47 1 94
1834 47 1 95
1835 47 1 96
1836 47 1 97
1837 47 1 98
1838 47 1 99
1839 47 1 100
1840 47 1 101
1841 47 1 102
1842 47 1 103
1843 47 1 104
1844 47 1 105
1845 47 1 106
1846 47 1 107
1847 47 1 108
1848 48 1 96
1849 48 1 97
1850 48 1 98
1851 48 1 99
1852 48 1 100
1853 48 1 101
1854 48 1 102
1855 48 1 103
1856 48 1 104
1857 48 1 105
1858 48 1 106
1859 48 1 107
1860 48 1 108
1861 48 1 109
1862 49 1 98
1863 49 1 99
1864 49 1 100
1865 49 1 101
1866 49 1 102
1867 49 1 103
1868 49 1 104
1869 49 1 105
1870 49 1 106
1871 49 1 107
1872 49 1 108
1873 49 1 109
1874 49 1 110
1875 50 1 100
1876 50 1 101
1877 50 1 102
1878 50 1 103
1879 50 1 104
1880 50 1 105
1881 50 1 106
1882 50 1 107
1883 50 1 108
1884 50 1 109
1885 50 1 110
1886 50 1 111
1887 51 1 102
1888 51 1 103
1889 51 1 104
1890 51 1 105
1891 51 1 106
1892 51 1 107
1893 51 1 108
1894 51 1 109
1895 51 1 110
1896 51 1 111
1897 51 1 112
1898 52 1 104
1899 52 1 105
1900 52 1 106
1901 52 1 107
1902 52 1 108
1903 52 1 109
1904 52 1 110
1905 52 1 111
1906 52 1 112
1907 52 1 113
1908 53 1 106
1909 53 1 107
1910 53 1 108
1911 53 1 109
1912 53 1 110
1913 53 1 111
1914 53 1 112
1915 53 1 113
1916 53 1 114
1917 54 1 108
1918 54 1 109
1919 54 1 110
1920 54 1 111
1921 54 1 112
1922 54 1 113
1923 54 1 114
1924 54 1 115
1925 55 1 110
1926 55 1 111
1927 55 1 112
1928 55 1 113
1929 55 1 114
1930 55 1 115
1931 55 1 116
1932 56 1 112
1933 56 1 113
1934 56 1 114
1935 56 1 115
1936 56 1 116
1937 56 1 117
1938 57 1 114
1939 57 1 115
1940 57 1 116
1941 57 1 117
1942 57 1 118
1943 58 1 116
1944 58 1 117
1945 58 1 118
1946 58 1 119
1947 59 1 118
1948 59 1 119
1949 59 1 120
1950 60 1 120
1951 60 1 121
1952 61 1 122
1953 62 193 124
1954 61 225 123
1955 60 241 122
1956 59 249 121
1957 58 253 120
1958 57 255 119
1959 56 256 118
1960 55 128 117
1961 54 64 116
1962 53 32 115
1963 52 16 114
1964 51 8 113
1965 50 4 112
1966 49 2 111
1967 48 1 110
1968 47 129 109
1969 46 193 108
1970 45 225 107
1971 44 241 106
1972 43 249 105
1973 42 253 104
1974 41 255 103
1975 40 256 102
1976 39 128 101
1977 38 64 100
1978 37 32 99
1979 36 16 98
1980 35 8 97
1981 34 4 96
1982 33 2 95
1983 32 1 94
1984 31 129 93
1985 30 193 92
1986 29 225 91
1987 28 241 90
1988 27 249 89
1989 26 253 88
1990 25 255 87
1991 24 256 86
1992 23 128 85
1993 22 64 84
1994 21 32 83
1995 20 16 82
1996 19 8 81
1997 18 4 80
1998 17 2 79
1999 16 1 78
2000 15 129 77
2001 14 193 76
2002 13 225 75
2003 12 241 74
2004 11 249 73
2005 10 253 72
2006 9 255 71
2007 8 256 70
2008 7 128 69
2009 6 64 68
2010 5 32 67
2011 4 16 66
2012 63 193 126
2013 62 225 125
2014 61 241 124
2015 60 249 123
2016 59 253 122
2017 58 255 121
2018 57 256 120
2019 56 128 119
2020 55 64 118
2021 54 32 117
2022 53 16 116
2023 52 8 115
2024 51 4 114
2025 50 2 113
2026 49 1 112
2027 48 129 111
2028 47 193 110
2029 46 225 109
2030 45 241 108
2031 44 249 107
2032 43 253 106
2033 42 255 105
2034 41 256 104
2035 40 128 103
2036 39 64 102
2037 38 32 101
2038 37 16 100
2039 36 8 99
2040 35 4 98
2041 34 2 97
2042 33 1 96
2043 32 129 95
2044 31 193 94
2045 30 225 93
2046 29 241 92
2047 28 249 91
2048 27 253 90
2049 26 255 89
2050 25 256 88
2051 24 128 87
2052 23 64 86
2053 22 32 85
2054 21 16 84
2055 20 8 83
2056 19 4 82
2057 18 2 81
2058 17 1 80
2059 16 129 79
2060 15 193 78
2061 14 225 77
2062 13 241 76
2063 12 249 75
2064 11 253 74
2065 10 255 73
2066 9 256 72
2067 8 128 71
2068 7 64 70
2069 6 32 69
2070 64 193 128
2071 63 225 127
2072 62 241 126
2073 61 249 125
2074 60 253 124
2075 59 255 123
2076 58 256 122
2077 57 128 121
2078 56 64 120
2079 55 32 119
2080 54 16 118
2081 53 8 117
2082 52 4 116
2083 51 2 115
2084 50 1 114
2085 49 129 113
2086 48 193 112
2087 47 225 111
2088 46 241 110
2089 45 249 109
2090 44 253 108
2091 43 255 107
2092 42 256 106
2093 41 128 105
2094 40 64 104
2095 39 32 103
2096 38 16 102
2097 37 8 101
2098 36 4 100
2099 35 2 99
2100 34 1 98
2101 33 129 97
2102 32 193 96
2103 31 225 95
2104 30 241 94
2105 29 249 93
2106 28 253 92
2107 27 255 91
2108 26 256 90
2109 25 128 89
2110 24 64 88
2111 23 32 87
2112 22 16 86
2113 21 8 85
2114 20 4 84
2115 19 2 83
2116 18 1 82
2117 17 129 81
2118 16 193 80
2119 15 225 79
2120 14 241 78
2121 13 249 77
2122 12 253 76
2123 11 255 75
2124 10 256 74
2125 9 128 73
2126 8 64 72
2127 65 193 130
2128 64 225 129
2129 63 241 128
2130 62 249 127
2131 61 253 126
2132 60 255 125
2133 59 256 124
2134 58 128 123
2135 57 64 122
2136 56 32 121
2137 55 16 120
2138 54 8 119
2139 53 4 118
2140 52 2 117
2141 51 1 116
2142 50 129 115
2143 49 193 114
2144 48 225 113
2145 47 241 112
2146 46 249 111
2147 45 253 110
2148 44 255 109
2149 43 256 108
2150 42 128 107
2151 41 64 106
2152 40 32 105
2153 39 16 104
2154 38 8 103
2155 37 4 102
2156 36 2 101
2157 35 1 100
2158 34 129 99
2159 33 193 98
2160 32 225 97
2161 31 241 96
2162 30 249 95
2163 29 253 94
2164 28 255 93
2165 27 256 92
2166 26 128 91
2167 25 64 90
2168 24 32 89
2169 23 16 88
2170 22 8 87
2171 21 4 86
2172 20 2 85
2173 19 1 84
2174 18 129 83
2175 17 193 82
2176 16 225 81
2177 15 241 80
2178 14 249 79
2179 13 253 78
2180 12 255 77
2181 11 256 76
2182 10 128 75
2183 66 193 132
2184 65 225 131
2185 64 241 130
2186 63 249 129
2187 62 253 128
2188 61 255 127
2189 60 256 126
2190 59 128 125
2191 58 64 124
2192 57 32 123
2193 56 16 122
2194 55 8 121
2195 54 4 120
2196 53 2 119
2197 52 1 118
2198 51 129 117
2199 50 193 116
2200 49 225 115
2201 48 241 114
2202 47 249 113
2203 46 253 112
2204 45 255 111
2205 44 256 110
2206 43 128 109
2207 42 64 108
2208 41 32 107
2209 40 16 106
2210 39 8 105
2211 38 4 104
2212 37 2 103
2213 36 1 102
2214 35 129 101
2215 34 193 100
2216 33 225 99
2217 32 241 98
2218 31 249 97
2219 30 253 96
2220 29 255 95
2221 28 256 94
2222 27 128 93
2223 26 64 92
2224 25 32 91
2225 24 16 90
2226 23 8 89
2227 22 4 88
2228 21 2 87
2229 20 1 86
2230 19 129 85
2231 18 193 84
2232 17 225 83
2233 16 241 82
2234 15 249 81
2235 14 253 80
2236 13 255 79
2237 12 256 78
2238 67 193 134
2239 66 225 133
2240 65 241 132
2241 64 249 131
2242 63 253 130
2243 62 255 129
2244 61 256 128
2245 60 128 127
2246 59 64 126
2247 58 32 125
2248 57 16 124
2249 56 8 123
2250 55 4 122
2251 54 2 121
2252 53 1 120
2253 52 129 119
2254 51 193 118
2255 50 225 117
2256 49 241 116
2257 48 249 115
2258 47 253 114
2259 46 255 113
2260 45 256 112
2261 44 128 111
2262 43 64 110
2263 42 32 109
2264 41 16 108
2265 40 8 107
2266 39 4 106
2267 38 2 105
2268 37 1 104
2269 36 129 103
2270 35 193 102
2271 34 225 101
2272 33 241 100
2273 32 249 99
2274 31 253 98
2275 30 255 97
2276 29 256 96
2277 28 128 95
2278 27 64 94
2279 26 32 93
2280 25 16 92
2281 24 8 91
2282 23 4 90
2283 22 2 89
2284 21 1 88
2285 20 129 87
2286 19 193 86
2287 18 225 85
2288 17 241 84
2289 16 249 83
2290 15 253 82
2291 14 255 81
2292 68 193 136
2293 67 225 135
2294 66 241 134
2295 65 249 133
2296 64 253 132
2297 63 255 131
2298 62 256 130
2299 61 128 129
2300 60 64 128
2301 59 32 127
2302 58 16 126
2303 57 8 125
2304 56 4 124
2305 55 2 123
2306 54 1 122
2307 53 129 121
2308 52 193 120
2309 51 225 119
2310 50 241 118
2311 49 249 117
2312 48 253 116
2313 47 255 115
2314 46 256 114
2315 45 128 113
2316 44 64 112
2317 43 32 111
2318 42 16 110
2319 41 8 109
2320 40 4 108
2321 39 2 107
2322 38 1 106
2323 37 129 105
2324 36 193 104
2325 35 225 103
2326 34 241 102
2327 33 249 101
2328 32 253 100
2329 31 255 99
2330 30 256 98
2331 29 128 97
2332 28 64 96
2333 27 32 95
2334 26 16 94
2335 25 8 93
2336 24 4 92
2337 23 2 91
2338 22 1 90
2339 21 129 89
2340 20 193 88
2341 19 225 87
2342 18 241 86
2343 17 249 85
2344 16 253 84
2345 69 193 138
2346 68 225 137
2347 67 241 136
2348 66 249 135
2349 65 253 134
2350 64 255 133
2351 63 256 132
2352 62 128 131
2353 61 64 130
2354 60 32 129
2355 59 16 128
2356 58 8 127
2357 57 4 126
2358 56 2 125
2359 55 1 124
2360 54 129 123
2361 53 193 122
2362 52 225 121
2363 51 241 120
2364 50 249 119
2365 49 253 118
2366 48 255 117
2367 47 256 116
2368 46 128 115
2369 45 64 114
2370 44 32 113
2371 43 16 112
2372 42 8 111
2373 41 4 110
2374 40 2 109
2375 39 1 108
2376 38 129 107
2377 37 193 106
2378 36 225 105
2379 35 241 104
2380 34 249 103
2381 33 253 102
2382 32 255 101
2383 31 256 100
2384 30 128 99
2385 29 64 98
2386 28 32 97
2387 27 16 96
2388 26 8 95
2389 25 4 94
2390 24 2 93
2391 23 1 92
2392 22 129 91
2393 21 193 90
2394 20 225 89
2395 19 241 88
2396 18 249 87
2397 70 193 140
2398 69 225 139
2399 68 241 138
2400 67 249 137
2401 66 253 136
2402 65 255 135
2403 64 256 134
2404 63 128 133
2405 62 64 132
2406 61 32 131
2407 60 16 130
2408 59 8 129
2409 58 4 128
2410 57 2 127
2411 56 1 126
2412 55 129 125
2413 54 193 124
2414 53 225 123
2415 52 241 122
2416 51 249 121
2417 50 253 120
2418 49 255 119
2419 48 256 118
2420 47 128 117
2421 46 64 116
2422 45 32 115
2423 44 16 114
2424 43 8 113
2425 42 4 112
2426 41 2 111
2427 40 1 110
2428 39 129 109
2429 38 193 108
2430 37 225 107
2431 36 241 106
2432 35 249 105
2433 34 253 104
2434 33 255 103
2435 32 256 102
2436 31 128 101
2437 30 64 100
2438 29 32 99
2439 28 16 98
2440 27 8 97
2441 26 4 96
2442 25 2 95
2443 24 1 94
2444 23 129 93
2445 22 193 92
2446 21 225 91
2447 20 241 90
2448 71 193 142
2449 70 225 141
2450 69 241 140
2451 68 249 139
2452 67 253 138
2453 66 255 137
2454 65 256 136
2455 64 128 135
2456 63 64 134
2457 62 32 133
2458 61 16 132
2459 60 8 131
2460 59 4 130
2461 58 2 129
2462 57 1 128
2463 56 129 127
2464 55 193 126
2465 54 225 125
2466 53 241 124
2467 52 249 123
2468 51 253 122
2469 50 255 121
2470 49 256 120
2471 48 128 119
2472 47 64 118
2473 46 32 117
2474 45 16 116
2475 44 8 115
2476 43 4 114
2477 42 2 113
2478 41 1 112
2479 40 129 111
2480 39 193 110
2481 38 225 109
2482 37 241 108
2483 36 249 107
2484 35 253 106
2485 34 255 105
2486 33 256 104
2487 32 128 103
2488 31 64 102
2489 30 32 101
2490 29 16 100
2491 28 8 99
2492 27 4 98
2493 26 2 97
2494 25 1 96
2495 24 129 95
2496 23 193 94
2497 22 225 93
2498 72 193 144
2499 71 225 143
2500 70 241 142
2501 69 249 141
2502 68 253 140
2503 67 255 139
2504 66 256 138
2505 65 128 137
2506 64 64 136
2507 63 32 135
2508 62 16 134
2509 61 8 133
2510 60 4 132
2511 59 2 131
2512 58 1 130
2513 57 129 129
2514 56 193 128
2515 55 225 127
2516 54 241 126
2517 53 249 125
2518 52 253 124
2519 51 255 123
2520 50 256 122
2521 49 128 121
2522 48 64 120
2523 47 32 119
2524 46 16 118
2525 45 8 117
2526 44 4 116
2527 43 2 115
2528 42 1 114
2529 41 129 113
2530 40 193 112
2531 39 225 111
2532 38 241 110
2533 37 249 109
2534 36 253 108
2535 35 255 107
2536 34 256 106
2537 33 128 105
2538 32 64 104
2539 31 32 103
2540 30 16 102
2541 29 8 101
2542 28 4 100
2543 27 2 99
2544 26 1 98
2545 25 129 97
2546 24 193 96
2547 73 193 146
2548 72 225 145
2549 71 241 144
2550 70 249 143
2551 69 253 142
2552 68 255 141
2553 67 256 140
2554 66 128 139
2555 65 64 138
2556 64 32 137
2557 63 16 136
2558 62 8 135
2559 61 4 134
2560 60 2 133
2561 59 1 132
2562 58 129 131
2563 57 193 130
2564 56 225 129
2565 55 241 128
2566 54 249 127
2567 53 253 126
2568 52 255 125
2569 51 256 124
2570 50 128 123
2571 49 64 122
2572 48 32 121
2573 47 16 120
2574 46 8 119
2575 45 4 118
2576 44 2 117
2577 43 1 116
2578 42 129 115
2579 41 193 114
2580 40 225 113
2581 39 241 112
2582 38 249 111
2583 37 253 110
2584 36 255 109
2585 35 256 108
2586 34 128 107
2587 33 64 106
2588 32 32 105
2589 31 16 104
2590 30 8 103
2591 29 4 102
2592 28 2 101
2593 27 1 100
2594 26 129 99
2595 74 193 148
2596 73 225 147
2597 72 241 146
2598 71 249 145
2599 70 253 144
2600 69 255 143
2601 68 256 142
2602 67 128 141
2603 66 64 140
2604 65 32 139
2605 64 16 138
2606 63 8 137
2607 62 4 136
2608 61 2 135
2609 60 1 134
2610 59 129 133
2611 58 193 132
2612 57 225 131
2613 56 241 130
2614 55 249 129
2615 54 253 128
2616 53 255 127
2617 52 256 126
2618 51 128 125
2619 50 64 124
2620 49 32 123
2621 48 16 122
2622 47 8 121
2623 46 4 120
2624 45 2 119
2625 44 1 118
2626 43 129 117
2627 42 193 116
2628 41 225 115
2629 40 241 114
2630 39 249 113
2631 38 253 112
2632 37 255 111
2633 36 256 110
2634 35 128 109
2635 34 64 108
2636 33 32 107
2637 32 16 106
2638 31 8 105
2639 30 4 104
2640 29 2 103
2641 28 1 102
2642 75 193 150
2643 74 225 149
2644 73 241 148
2645 72 249 147
2646 71 253 146
2647 70 255 145
2648 69 256 144
2649 68 128 143
2650 67 64 142
2651 66 32 141
2652 65 16 140
2653 64 8 139
2654 63 4 138
2655 62 2 137
2656 61 1 136
2657 60 129 135
2658 59 193 134
2659 58 225 133
2660 57 241 132
2661 56 249 131
2662 55 253 130
2663 54 255 129
2664 53 256 128
2665 52 128 127
2666 51 64 126
2667 50 32 125
2668 49 16 124
2669 48 8 123
2670 47 4 122
2671 46 2 121
2672 45 1 120
2673 44 129 119
2674 43 193 118
2675 42 225 117
2676 41 241 116
2677 40 249 115
2678 39 253 114
2679 38 255 113
2680 37 256 112
2681 36 128 111
2682 35 64 110
2683 34 32 109
2684 33 16 108
2685 32 8 107
2686 31 4 106
2687 30 2 105
2688 76 193 152
2689 75 225 151
2690 74 241 150
2691 73 249 149
2692 72 253 148
2693 71 255 147
2694 70 256 146
2695 69 128 145
2696 68 64 144
2697 67 32 143
2698 66 16 142
2699 65 8 141
2700 64 4 140
2701 63 2 139
2702 62 1 138
2703 61 129 137
2704 60 193 136
2705 59 225 135
2706 58 241 134
2707 57 249 133
2708 56 253 132
2709 55 255 131
2710 54 256 130
2711 53 128 129
2712 52 64 128
2713 51 32 127
2714 50 16 126
2715 49 8 125
2716 48 4 124
2717 47 2 123
2718 46 1 122
2719 45 129 121
2720 44 193 120
2721 43 225 119
2722 42 241 118
2723 41 249 117
2724 40 253 116
2725 39 255 115
2726 38 256 114
2727 37 128 113
2728 36 64 112
2729 35 32 111
2730 34 16 110
2731 33 8 109
2732 32 4 108
2733 77 193 154
2734 76 225 153
2735 75 241 152
2736 74 249 151
2737 73 253 150
2738 72 255 149
2739 71 256 148
2740 70 128 147
2741 69 64 146
2742 68 32 145
2743 67 16 144
2744 66 8 143
2745 65 4 142
2746 64 2 141
2747 63 1 140
2748 62 129 139
2749 61 193 138
2750 60 225 137
2751 59 241 136
2752 58 249 135
2753 57 253 134
2754 56 255 133
2755 55 256 132
2756 54 128 131
2757 53 64 130
2758 52 32 129
2759 51 16 128
2760 50 8 127
2761 49 4 126
2762 48 2 125
2763 47 1 124
2764 46 129 123
2765 45 193 122
2766 44 225 121
2767 43 241 120
2768 42 249 119
2769 41 253 118
2770 40 255 117
2771 39 256 116
2772 38 128 115
2773 37 64 114
2774 36 32 113
2775 35 16 112
2776 34 8 111
2777 78 193 156
2778 77 225 155
2779 76 241 154
2780 75 249 153
2781 74 253 152
2782 73 255 151
2783 72 256 150
2784 71 128 149
2785 70 64 148
2786 69 32 147
2787 68 16 146
2788 67 8 145
2789 66 4 144
2790 65 2 143
2791 64 1 142
2792 63 129 141
2793 62 193 140
2794 61 225 139
2795 60 241 138
2796 59 249 137
2797 58 253 136
2798 57 255 135
2799 56 256 134
2800 55 128 133
2801 54 64 132
2802 53 32 131
2803 52 16 130
2804 51 8 129
2805 50 4 128
2806 49 2 127
2807 48 1 126
2808 47 129 125
2809 46 193 124
2810 45 225 123
2811 44 241 122
2812 43 249 121
2813 42 253 120
2814 41 255 119
2815 40 256 118
2816 39 128 117
2817 38 64 116
2818 37 32 115
2819 36 16 114
2820 79 193 158
2821 78 225 157
2822 77 241 156
2823 76 249 155
2824 75 253 154
2825 74 255 153
2826 73 256 152
2827 72 128 151
2828 71 64 150
2829 70 32 149
2830 69 16 148
2831 68 8 147
2832 67 4 146
2833 66 2 145
2834 65 1 144
2835 64 129 143
2836 63 193 142
2837 62 225 141
2838 61 241 140
2839 60 249 139
2840 59 253 138
2841 58 255 137
2842 57 256 136
2843 56 128 135
2844 55 64 134
2845 54 32 133
2846 53 16 132
2847 52 8 131
2848 51 4 130
2849 50 2 129
2850 49 1 128
2851 48 129 127
2852 47 193 126
2853 46 225 125
2854 45 241 124
2855 44 249 123
2856 43 253 122
2857 42 255 121
2858 41 256 120
2859 40 128 119
2860 39 64 118
2861 38 32 117
2862 80 193 160
2863 79 225 159
2864 78 241 158
2865 77 249 157
2866 76 253 156
2867 75 255 155
2868 74 256 154
2869 73 128 153
2870 72 64 152
2871 71 32 151
2872 70 16 150
2873 69 8 149
2874 68 4 148
2875 67 2 147
2876 66 1 146
2877 65 129 145
2878 64 193 144
2879 63 225 143
2880 62 241 142
2881 61 249 141
2882 60 253 140
2883 59 255 139
2884 58 256 138
2885 57 128 137
2886 56 64 136
2887 55 32 135
2888 54 16 134
2889 53 8 133
2890 52 4 132
2891 51 2 131
2892 50 1 130
2893 49 129 129
2894 48 193 128
2895 47 225 127
2896 46 241 126
2897 45 249 125
2898 44 253 124
2899 43 255 123
2900 42 256 122
2901 41 128 121
2902 40 64 120
2903 81 193 162
2904 80 225 161
2905 79 241 160
2906 78 249 159
2907 77 253 158
2908 76 255 157
2909 75 256 156
2910 74 128 155
2911 73 64 154
2912 72 32 153
2913 71 16 152
2914 70 8 151
2915 69 4 150
2916 68 2 149
2917 67 1 148
2918 66 129 147
2919 65 193 146
2920 64 225 145
2921 63 241 144
2922 62 249 143
2923 61 253 142
2924 60 255 141
2925 59 256 140
2926 58 128 139
2927 57 64 138
2928 56 32 137
2929 55 16 136
2930 54 8 135
2931 53 4 134
2932 52 2 133
2933 51 1 132
2934 50 129 131
2935 49 193 130
2936 48 225 129
2937 47 241 128
2938 46 249 127
2939 45 253 126
2940 44 255 125
2941 43 256 124
2942 42 128 123
2943 82 193 164
2944 81 225 163
2945 80 241 162
2946 79 249 161
2947 78 253 160
2948 77 255 159
2949 76 256 158
2950 75 128 157
2951 74 64 156
2952 73 32 155
2953 72 16 154
2954 71 8 153
2955 70 4 152
2956 69 2 151
2957 68 1 150
2958 67 129 149
2959 66 193 148
2960 65 225 147
2961 64 241 146
2962 63 249 145
2963 62 253 144
2964 61 255 143
2965 60 256 142
2966 59 128 141
2967 58 64 140
2968 57 32 139
2969 56 16 138
2970 55 8 137
2971 54 4 136
2972 53 2 135
2973 52 1 134
2974 51 129 133
2975 50 193 132
2976 49 225 131
2977 48 241 130
2978 47 249 129
2979 46 253 128
2980 45 255 127
2981 44 256 126
2982 83 193 166
2983 82 225 165
2984 81 241 164
2985 80 249 163
2986 79 253 162
2987 78 255 161
2988 77 256 160
2989 76 128 159
2990 75 64 158
2991 74 32 157
2992 73 16 156
2993 72 8 155
2994 71 4 154
2995 70 2 153
2996 69 1 152
2997 68 129 151
2998 67 193 150
2999 66 225 149
3000 65 241 148
3001 64 249 147
3002 63 253 146
3003 62 255 145
3004 61 256 144
3005 60 128 143
3006 59 64 142
3007 58 32 141
3008 57 16 140
3009 56 8 139
3010 55 4 138
3011 54 2 137
3012 53 1 136
3013 52 129 135
3014 51 193 134
3015 50 225 133
3016 49 241 132
3017 48 249 131
3018 47 253 130
3019 46 255 129
3020 84 193 168
3021 83 225 167
3022 82 241 166
3023 81 249 165
3024 80 253 164
3025 79 255 163
3026 78 256 162
3027 77 128 161
3028 76 64 160
3029 75 32 159
3030 74 16 158
3031 73 8 157
3032 72 4 156
3033 71 2 155
3034 70 1 154
3035 69 129 153
3036 68 193 152
3037 67 225 151
3038 66 241 150
3039 65 249 149
3040 64 253 148
3041 63 255 147
3042 62 256 146
3043 61 128 145
3044 60 64 144
3045 59 32 143
3046 58 16 142
3047 57 8 141
3048 56 4 140
3049 55 2 139
3050 54 1 138
3051 53 129 137
3052 52 193 136
3053 51 225 135
3054 50 241 134
3055 49 249 133
3056 48 253 132
3057 85 193 170
3058 84 225 169
3059 83 241 168
3060 82 249 167
3061 81 253 166
3062 80 255 165
3063 79 256 164
3064 78 128 163
3065 77 64 162
3066 76 32 161
3067 75 16 160
3068 74 8 159
3069 73 4 158
3070 72 2 157
3071 71 1 156
3072 70 129 155
3073 69 193 154
3074 68 225 153
3075 67 241 152
3076 66 249 151
3077 65 253 150
3078 64 255 149
3079 63 256 148
3080 62 128 147
3081 61 64 146
3082 60 32 145
3083 59 16 144
3084 58 8 143
3085 57 4 142
3086 56 2 141
3087 55 1 140
3088 54 129 139
3089 53 193 138
3090 52 225 137
3091 51 241 136
3092 50 249 135
3093 86 193 172
3094 85 225 171
3095 84 241 170
3096 83 249 169
3097 82 253 168
3098 81 255 167
3099 80 256 166
3100 79 128 165
3101 78 64 164
3102 77 32 163
3103 76 16 162
3104 75 8 161
3105 74 4 160
3106 73 2 159
3107 72 1 158
3108 71 129 157
3109 70 193 156
3110 69 225 155
3111 68 241 154
3112 67 249 153
3113 66 253 152
3114 65 255 151
3115 64 256 150
3116 63 128 149
3117 62 64 148
3118 61 32 147
3119 60 16 146
3120 59 8 145
3121 58 4 144
3122 57 2 143
3123 56 1 142
3124 55 129 141
3125 54 193 140
3126 53 225 139
3127 52 241 138
3128 87 193 174
3129 86 225 173
3130 85 241 172
3131 84 249 171
3132 83 253 170
3133 82 255 169
3134 81 256 168
3135 80 128 167
3136 79 64 166
3137 78 32 165
3138 77 16 164
3139 76 8 163
3140 75 4 162
3141 74 2 161
3142 73 1 160
3143 72 129 159
3144 71 193 158
3145 70 225 157
3146 69 241 156
3147 68 249 155
3148 67 253 154
3149 66 255 153
3150 65 256 152
3151 64 128 151
3152 63 64 150
3153 62 32 149
3154 61 16 148
3155 60 8 147
3156 59 4 146
3157 58 2 145
3158 57 1 144
3159 56 129 143
3160 55 193 142
3161 54 225 141
3162 88 193 176
3163 87 225 175
3164 86 241 174
3165 85 249 173
3166 84 253 172
3167 83 255 171
3168 82 256 170
3169 81 128 169
3170 80 64 168
3171 79 32 167
3172 78 16 166
3173 77 8 165
3174 76 4 164
3175 75 2 163
3176 74 1 162
3177 73 129 161
3178 72 193 160
3179 71 225 159
3180 70 241 158
3181 69 249 157
3182 68 253 156
3183 67 255 155
3184 66 256 154
3185 65 128 153
3186 64 64 152
3187 63 32 151
3188 62 16 150
3189 61 8 149
3190 60 4 148
3191 59 2 147
3192 58 1 146
3193 57 129 145
3194 56 193 144
3195 89 193 178
3196 88 225 177
3197 87 241 176
3198 86 249 175
3199 85 253 174
3200 84 255 173
3201 83 256 172
3202 82 128 171
3203 81 64 170
3204 80 32 169
3205 79 16 168
3206 78 8 167
3207 77 4 166
3208 76 2 165
3209 75 1 164
3210 74 129 163
3211 73 193 162
3212 72 225 161
3213 71 241 160
3214 70 249 159
3215 69 253 158
3216 68 255 157
3217 67 256 156
3218 66 128 155
3219 65 64 154
3220 64 32 153
3221 63 16 152
3222 62 8 151
3223 61 4 150
3224 60 2 149
3225 59 1 148
3226 58 129 147
3227 90 193 180
3228 89 225 179
3229 88 241 178
3230 87 249 177
3231 86 253 176
3232 85 255 175
3233 84 256 174
3234 83 128 173
3235 82 64 172
3236 81 32 171
3237 80 16 170
3238 79 8 169
3239 78 4 168
3240 77 2 167
3241 76 1 166
3242 75 129 165
3243 74 193 164
3244 73 225 163
3245 72 241 162
3246 71 249 161
3247 70 253 160
3248 69 255 159
3249 68 256 158
3250 67 128 157
3251 66 64 156
3252 65 32 155
3253 64 16 154
3254 63 8 153
3255 62 4 152
3256 61 2 151
3257 60 1 150
3258 91 193 182
3259 90 225 181
3260 89 241 180
3261 88 249 179
3262 87 253 178
3263 86 255 177
3264 85 256 176
3265 84 128 175
3266 83 64 174
3267 82 32 173
3268 81 16 172
3269 80 8 171
3270 79 4 170
3271 78 2 169
3272 77 1 168
3273 76 129 167
3274 75 193 166
3275 74 225 165
3276 73 241 164
3277 72 249 163
3278 71 253 162
3279 70 255 161
3280 69 256 160
3281 68 128 159
3282 67 64 158
3283 66 32 157
3284 65 16 156
3285 64 8 155
3286 63 4 154
3287 62 2 153
3288 92 193 184
3289 91 225 183
3290 90 241 182
3291 89 249 181
3292 88 253 180
3293 87 255 179
3294 86 256 178
3295 85 128 177
3296 84 64 176
3297 83 32 175
3298 82 16 174
3299 81 8 173
3300 80 4 172
3301 79 2 171
3302 78 1 170
3303 77 129 169
3304 76 193 168
3305 75 225 167
3306 74 241 166
3307 73 249 165
3308 72 253 164
3309 71 255 163
3310 70 256 162
3311 69 128 161
3312 68 64 160
3313 67 32 159
3314 66 16 158
3315 65 8 157
3316 64 4 156
3317 93 193 186
3318 92 225 185
3319 91 241 184
3320 90 249 183
3321 89 253 182
3322 88 255 181
3323 87 256 180
3324 86 128 179
3325 85 64 178
3326 84 32 177
3327 83 16 176
3328 82 8 175
3329 81 4 174
3330 80 2 173
3331 79 1 172
3332 78 129 171
3333 77 193 170
3334 76 225 169
3335 75 241 168
3336 74 249 167
3337 73 253 166
3338 72 255 165
3339 71 256 164
3340 70 128 163
3341 69 64 162
3342 68 32 161
3343 67 16 160
3344 66 8 159
3345 94 193 188
3346 93 225 187
3347 92 241 186
3348 91 249 185
3349 90 253 184
3350 89 255 183
3351 88 256 182
3352 87 128 181
3353 86 64 180
3354 85 32 179
3355 84 16 178
3356 83 8 177
3357 82 4 176
3358 81 2 175
3359 80 1 174
3360 79 129 173
3361 78 193 172
3362 77 225 171
3363 76 241 170
3364 75 249 169
3365 74 253 168
3366 73 255 167
3367 72 256 166
3368 71 128 165
3369 70 64 164
3370 69 32 163
3371 68 16 162
3372 95 193 190
3373 94 225 189
3374 93 241 188
3375 92 249 187
3376 91 253 186
3377 90 255 185
3378 89 256 184
3379 88 128 183
3380 87 64 182
3381 86 32 181
3382 85 16 180
3383 84 8 179
3384 83 4 178
3385 82 2 177
3386 81 1 176
3387 80 129 175
3388 79 193 174
3389 78 225 173
3390 77 241 172
3391 76 249 171
3392 75 253 170
3393 74 255 169
3394 73 256 168
3395 72 128 167
3396 71 64 166
3397 70 32 165
3398 96 193 192
3399 95 225 191
3400 94 241 190
3401 93 249 189
3402 92 253 188
3403 91 255 187
3404 90 256 186
3405 89 128 185
3406 88 64 184
3407 87 32 183
3408 86 16 182
3409 85 8 181
3410 84 4 180
3411 83 2 179
3412 82 1 178
3413 81 129 177
3414 80 193 176
3415 79 225 175
3416 78 241 174
3417 77 249 173
3418 76 253 172
3419 75 255 171
3420 74 256 170
3421 73 128 169
3422 72 64 168
3423 97 193 194
3424 96 225 193
3425 95 241 192
3426 94 249 191
3427 93 253 190
3428 92 255 189
3429 91 256 188
3430 90 128 187
3431 89 64 186
3432 88 32 185
3433 87 16 184
3434 86 8 183
3435 85 4 182
3436 84 2 181
3437 83 1 180
3438 82 129 179
3439 81 193 178
3440 80 225 177
3441 79 241 176
3442 78 249 175
3443 77 253 174
3444 76 255 173
3445 75 256 172
3446 74 128 171
3447 98 193 196
3448 97 225 195
3449 96 241 194
3450 95 249 193
3451 94 253 192
3452 93 255 191
3453 92 256 190
3454 91 128 189
3455 90 64 188
3456 89 32 187
3457 88 16 186
3458 87 8 185
3459 86 4 184
3460 85 2 183
3461 84 1 182
3462 83 129 181
3463 82 193 180
3464 81 225 179
3465 80 241 178
3466 79 249 177
3467 78 253 176
3468 77 255 175
3469 76 256 174
3470 99 193 198
3471 98 225 197
3472 97 241 196
3473 96 249 195
3474 95 253 194
3475 94 255 193
3476 93 256 192
3477 92 128 191
3478 91 64 190
3479 90 32 189
3480 89 16 188
3481 88 8 187
3482 87 4 186
3483 86 2 185
3484 85 1 184
3485 84 129 183
3486 83 193 182
3487 82 225 181
3488 81 241 180
3489 80 249 179
3490 79 253 178
3491 78 255 177
3492 100 193 200
3493 99 225 199
3494 98 241 198
3495 97 249 197
3496 96 253 196
3497 95 255 195
3498 94 256 194
3499 93 128 193
3500 92 64 192
3501 91 32 191
3502 90 16 190
3503 89 8 189
3504 88 4 188
3505 87 2 187
3506 86 1 186
3507 85 129 185
3508 84 193 184
3509 83 225 183
3510 82 241 182
3511 81 249 181
3512 80 253 180
3513 101 193 202
3514 100 225 201
3515 99 241 200
3516 98 249 199
3517 97 253 198
3518 96 255 197
3519 95 256 196
3520 94 128 195
3521 93 64 194
3522 92 32 193
3523 91 16 192
3524 90 8 191
3525 89 4 190
3526 88 2 189
3527 87 1 188
3528 86 129 187
3529 85 193 186
3530 84 225 185
3531 83 241 184
3532 82 249 183
3533 102 193 204
3534 101 225 203
3535 100 241 202
3536 99 249 201
3537 98 253 200
3538 97 255 199
3539 96 256 198
3540 95 128 197
3541 94 64 196
3542 93 32 195
3543 92 16 194
3544 91 8 193
3545 90 4 192
3546 89 2 191
3547 88 1 190
3548 87 129 189
3549 86 193 188
3550 85 225 187
3551 84 241 186
3552 103 193 206
3553 102 225 205
3554 101 241 204
3555 100 249 203
3556 99 253 202
3557 98 255 201
3558 97 256 200
3559 96 128 199
3560 95 64 198
3561 94 32 197
3562 93 16 196
3563 92 8 195
3564 91 4 194
3565 90 2 193
3566 89 1 192
3567 88 129 191
3568 87 193 190
3569 86 225 189
3570 104 193 208
3571 103 225 207
3572 102 241 206
3573 101 249 205
3574 100 253 204
3575 99 255 203
3576 98 256 202
3577 97 128 201
3578 96 64 200
3579 95 32 199
3580 94 16 198
3581 93 8 197
3582 92 4 196
3583 91 2 195
3584 90 1 194
3585 89 129 193
3586 88 193 192
3587 105 193 210
3588 104 225 209
3589 103 241 208
3590 102 249 207
3591 101 253 206
3592 100 255 205
3593 99 256 204
3594 98 128 203
3595 97 64 202
3596 96 32 201
3597 95 16 200
3598 94 8 199
3599 93 4 198
3600 92 2 197
3601 91 1 196
3602 90 129 195
3603 106 193 212
3604 105 225 211
3605 104 241 210
3606 103 249 209
3607 102 253 208
3608 101 255 207
3609 100 256 206
3610 99 128 205
3611 98 64 204
3612 97 32 203
3613 96 16 202
3614 95 8 201
3615 94 4 200
3616 93 2 199
3617 92 1 198
3618 107 193 214
3619 106 225 213
3620 105 241 212
3621 104 249 211
3622 103 253 210
3623 102 255 209
3624 101 256 208
3625 100 128 207
3626 99 64 206
3627 98 32 205
3628 97 16 204
3629 96 8 203
3630 95 4 202
3631 94 2 201
3632 108 193 216
3633 107 225 215
3634 106 241 214
3635 105 249 213
3636 104 253 212
3637 103 255 211
3638 102 256 210
3639 101 128 209
3640 100 64 208
3641 99 32 207
3642 98 16 206
3643 97 8 205
3644 96 4 204
3645 109 193 218
3646 108 225 217
3647 107 241 216
3648 106 249 215
3649 105 253 214
3650 104 255 213
3651 103 256 212
3652 102 128 211
3653 101 64 210
3654 100 32 209
3655 99 16 208
3656 98 8 207
3657 110 193 220
3658 109 225 219
3659 108 241 218
3660 107 249 217
3661 106 253 216
3662 105 255 215
3663 104 256 214
3664 103 128 213
3665 102 64 212
3666 101 32 211
3667 100 16 210
3668 111 193 222
3669 110 225 221
3670 109 241 220
3671 108 249 219
3672 107 253 218
3673 106 255 217
3674 105 256 216
3675 104 128 215
3676 103 64 214
3677 102 32 213
3678 112 193 224
3679 111 225 223
3680 110 241 222
3681 109 249 221
3682 108 253 220
3683 107 255 219
3684 106 256 218
3685 105 128 217
3686 104 64 216
3687 113 193 226
3688 112 225 225
3689 111 241 224
3690 110 249 223
3691 109 253 222
3692 108 255 221
3693 107 256 220
3694 106 128 219
3695 114 193 228
3696 113 225 227
3697 112 241 226
3698 111 249 225
3699 110 253 224
3700 109 255 223
3701 108 256 222
3702 115 193 230
3703 114 225 229
3704 113 241 228
3705 112 249 227
3706 111 253 226
3707 110 255 225
3708 116 193 232
3709 115 225 231
3710 114 241 230
3711 113 249 229
3712 112 253 228
3713 117 193 234
3714 116 225 233
3715 115 241 232
3716 114 249 231
3717 118 193 236
3718 117 225 235
3719 116 241 234
3720 119 193 238
3721 118 225 237
3722 120 193 240
3723 0 1 62
3724 0 1 63
3725 0 1 64
3726 0 1 65
3727 0 1 66
3728 0 1 67
3729 0 1 68
3730 0 1 69
3731 0 1 70
3732 0 1 71
3733 0 1 72
3734 0 1 73
3735 0 1 74
3736 0 1 75
3737 0 1 76
3738 0 1 77
3739 0 1 78
3740 0 1 79
3741 0 1 80
3742 0 1 81
3743 0 1 82
3744 0 1 83
3745 0 1 84
3746 0 1 85
3747 0 1 86
3748 0 1 87
3749 0 1 88
3750 0 1 89
3751 0 1 90
3752 0 1 91
3753 0 1 92
3754 0 1 93
3755 0 1 94
3756 0 1 95
3757 0 1 96
3758 0 1 97
3759 0 1 98
3760 0 1 99
3761 0 1 100
3762 0 1 101
3763 0 1 102
3764 0 1 103
3765 0 1 104
3766 0 1 105
3767 0 1 106
3768 0 1 107
3769 0 1 108
3770 0 1 109
3771 0 1 110
3772 0 1 111
3773 0 1 112
3774 0 1 113
3775 0 1 114
3776 0 1 115
3777 0 1 116
3778 1 1 63
3779 1 1 64
3780 1 1 65
3781 1 1 66
3782 1 1 67
3783 1 1 68
3784 1 1 69
3785 1 1 70
3786 1 1 71
3787 1 1 72
3788 1 1 73
3789 1 1 74
3790 1 1 75
3791 1 1 76
3792 1 1 77
3793 1 1 78
3794 1 1 79
3795 1 1 80
3796 1 1 81
3797 1 1 82
3798 1 1 83
3799 1 1 84
3800 1 1 85
3801 1 1 86
3802 1 1 87
3803 1 1 88
3804 1 1 89
3805 1 1 90
3806 1 1 91
3807 1 1 92
3808 1 1 93
3809 1 1 94
3810 1 1 95
3811 1 1 96
3812 1 1 97
3813 1 1 98
3814 1 1 99
3815 1 1 100
3816 1 1 101
3817 1 1 102
3818 1 1 103
3819 1 1 104
3820 1 1 105
3821 1 1 106
3822 1 1 107
3823 1 1 108
3824 1 1 109
3825 1 1 110
3826 1 1 111
3827 1 1 112
3828 1 1 113
3829 1 1 114
3830 1 1 115
3831 1 1 116
3832 2 1 64
3833 2 1 65
3834 2 1 66
3835 2 1 67
3836 2 1 68
3837 2 1 69
3838 2 1 70
3839 2 1 71
3840 2 1 72
3841 2 1 73
3842 2 1 74
3843 2 1 75
3844 2 1 76
3845 2 1 77
3846 2 1 78
3847 2 1 79
3848 2 1 80
3849 2 1 81
3850 2 1 82
3851 2 1 83
3852 2 1 84
3853 2 1 85
3854 2 1 86
3855 2 1 87
3856 2 1 88
3857 2 1 89
3858 2 1 90
3859 2 1 91
3860 2 1 92
3861 2 1 93
3862 2 1 94
3863 2 1 95
3864 2 1 96
3865 2 1 97
3866 2 1 98
3867 2 1 99
3868 2 1 100
3869 2 1 101
3870 2 1 102
3871 2 1 103
3872 2 1 104
3873 2 1 105
3874 2 1 106
3875 2 1 107
3876 2 1 108
3877 2 1 109
3878 2 1 110
3879 2 1 111
3880 2 1 112
3881 2 1 113
3882 2 1 114
3883 2 1 115
3884 2 1 116
3885 3 1 65
3886 3 1 66
3887 3 1 67
3888 3 1 68
3889 3 1 69
3890 3 1 70
3891 3 1 71
3892 3 1 72
3893 3 1 73
3894 3 1 74
3895 3 1 75
3896 3 1 76
3897 3 1 77
3898 3 1 78
3899 3 1 79
3900 3 1 80
3901 3 1 81
3902 3 1 82
3903 3 1 83
3904 3 1 84
3905 3 1 85
3906 3 1 86
3907 3 1 87
3908 3 1 88
3909 3 1 89
3910 3 1 90
3911 3 1 91
3912 3 1 92
3913 3 1 93
3914 3 1 94
3915 3 1 95
3916 3 1 96
3917 3 1 97
3918 3 1 98
3919 3 1 99
3920 3 1 100
3921 3 1 101
3922 3 1 102
3923 3 1 103
3924 3 1 104
3925 3 1 105
3926 3 1 106
3927 3 1 107
3928 3 1 108
3929 3 1 109
3930 3 1 110
3931 3 1 111
3932 3 1 112
3933 3 1 113
3934 3 1 114
3935 3 1 115
3936 3 1 116
3937 4 1 67
3938 4 1 68
3939 5 255 68
3940 4 1 69
3941 4 1 70
3942 4 1 71
3943 4 1 72
3944 4 1 73
3945 4 1 74
3946 4 1 75
3947 4 1 76
3948 4 1 77
3949 4 1 78
3950 4 1 79
3951 4 1 80
3952 4 1 81
3953 4 1 82
3954 4 1 83
3955 4 1 84
3956 4 1 85
3957 4 1 86
3958 4 1 87
3959 4 1 88
3960 4 1 89
3961 4 1 90
3962 4 1 91
3963 4 1 92
3964 4 1 93
3965 4 1 94
3966 4 1 95
3967 4 1 96
3968 4 1 97
3969 4 1 98
3970 4 1 99
3971 4 1 100
3972 4 1 101
3973 4 1 102
3974 4 1 103
3975 4 1 104
3976 4 1 105
3977 4 1 106
3978 4 1 107
3979 4 1 108
3980 4 1 109
3981 4 1 110
3982 4 1 111
3983 4 1 112
3984 4 1 113
3985 4 1 114
3986 4 1 115
3987 4 1 116
3988 5 1 69
3989 5 1 70
3990 6 255 70
3991 5 1 71
3992 7 4 71
3993 5 1 72
3994 5 1 73
3995 5 1 74
3996 5 1 75
3997 5 1 76
3998 5 1 77
3999 5 1 78
4000 5 1 79
4001 5 1 80
4002 5 1 81
4003 5 1 82
4004 5 1 83
4005 5 1 84
4006 5 1 85
4007 5 1 86
4008 5 1 87
4009 5 1 88
4010 5 1 89
4011 5 1 90
4012 5 1 91
4013 5 1 92
4014 5 1 93
4015 5 1 94
4016 5 1 95
4017 5 1 96
4018 5 1 97
4019 5 1 98
4020 5 1 99
4021 5 1 100
4022 5 1 101
4023 5 1 102
4024 5 1 103
4025 5 1 104
4026 5 1 105
4027 5 1 106
4028 5 1 107
4029 5 1 108
4030 5 1 109
4031 5 1 110
4032 5 1 111
4033 5 1 112
4034 5 1 113
4035 5 1 114
4036 5 1 115
4037 5 1 116
4038 6 1 71
4039 6 1 72
4040 7 255 72
4041 6 1 73
4042 8 4 73
4043 6 1 74
4044 9 249 74
4045 6 1 75
4046 6 1 76
4047 6 1 77
4048 6 1 78
4049 6 1 79
4050 6 1 80
4051 6 1 81
4052 6 1 82
4053 6 1 83
4054 6 1 84
4055 6 1 85
4056 6 1 86
4057 6 1 87
4058 6 1 88
4059 6 1 89
4060 6 1 90
4061 6 1 91
4062 6 1 92
4063 6 1 93
4064 6 1 94
4065 6 1 95
4066 6 1 96
4067 6 1 97
4068 6 1 98
4069 6 1 99
4070 6 1 100
4071 6 1 101
4072 6 1 102
4073 6 1 103
4074 6 1 104
4075 6 1 105
4076 6 1 106
4077 6 1 107
4078 6 1 108
4079 6 1 109
4080 6 1 110
4081 6 1 111
4082 6 1 112
4083 6 1 113
4084 6 1 114
4085 6 1 115
4086 6 1 116
4087 7 1 73
4088 7 1 74
4089 8 255 74
4090 7 1 75
4091 9 4 75
4092 7 1 76
4093 10 249 76
4094 7 1 77
4095 11 16 77
4096 7 1 78
4097 7 1 79
4098 7 1 80
4099 7 1 81
4100 7 1 82
4101 7 1 83
4102 7 1 84
4103 7 1 85
4104 7 1 86
4105 7 1 87
4106 7 1 88
4107 7 1 89
4108 7 1 90
4109 7 1 91
4110 7 1 92
4111 7 1 93
4112 7 1 94
4113 7 1 95
4114 7 1 96
4115 7 1 97
4116 7 1 98
4117 7 1 99
4118 7 1 100
4119 7 1 101
4120 7 1 102
4121 7 1 103
4122 7 1 104
4123 7 1 105
4124 7 1 106
4125 7 1 107
4126 7 1 108
4127 7 1 109
4128 7 1 110
4129 7 1 111
4130 7 1 112
4131 7 1 113
4132 7 1 114
4133 7 1 115
4134 7 1 116
4135 8 1 75
4136 8 1 76
4137 9 255 76
4138 8 1 77
4139 10 4 77
4140 8 1 78
4141 11 249 78
4142 8 1 79
4143 12 16 79
4144 8 1 80
4145 13 225 80
4146 8 1 81
4147 8 1 82
4148 8 1 83
4149 8 1 84
4150 8 1 85
4151 8 1 86
4152 8 1 87
4153 8 1 88
4154 8 1 89
4155 8 1 90
4156 8 1 91
4157 8 1 92
4158 8 1 93
4159 8 1 94
4160 8 1 95
4161 8 1 96
4162 8 1 97
4163 8 1 98
4164 8 1 99
4165 8 1 100
4166 8 1 101
4167 8 1 102
4168 8 1 103
4169 8 1 104
4170 8 1 105
4171 8 1 106
4172 8 1 107
4173 8 1 108
4174 8 1 109
4175 8 1 110
4176 8 1 111
4177 8 1 112
4178 8 1 113
4179 8 1 114
4180 8 1 115
4181 8 1 116
4182 9 1 77
4183 9 1 78
4184 10 255 78
4185 9 1 79
4186 11 4 79
4187 9 1 80
4188 12 249 80
4189 9 1 81
4190 13 16 81
4191 9 1 82
4192 14 225 82
4193 9 1 83
4194 15 64 83
4195 9 1 84
4196 9 1 85
4197 9 1 86
4198 9 1 87
4199 9 1 88
4200 9 1 89
4201 9 1 90
4202 9 1 91
4203 9 1 92
4204 9 1 93
4205 9 1 94
4206 9 1 95
4207 9 1 96
4208 9 1 97
4209 9 1 98
4210 9 1 99
4211 9 1 100
4212 9 1 101
4213 9 1 102
4214 9 1 103
4215 9 1 104
4216 9 1 105
4217 9 1 106
4218 9 1 107
4219 9 1 108
4220 9 1 109
4221 9 1 110
4222 9 1 111
4223 9 1 112
4224 9 1 113
4225 9 1 114
4226 9 1 115
4227 9 1 116
4228 10 1 79
4229 10 1 80
4230 11 255 80
4231 10 1 81
4232 12 4 81
4233 10 1 82
4234 13 249 82
4235 10 1 83
4236 14 16 83
4237 10 1 84
4238 15 225 84
4239 10 1 85
4240 16 64 85
4241 10 1 86
4242 17 129 86
4243 10 1 87
4244 10 1 88
4245 10 1 89
4246 10 1 90
4247 10 1 91
4248 10 1 92
4249 10 1 93
4250 10 1 94
4251 10 1 95
4252 10 1 96
4253 10 1 97
4254 10 1 98
4255 10 1 99
4256 10 1 100
4257 10 1 101
4258 10 1 102
4259 10 1 103
4260 10 1 104
4261 10 1 105
4262 10 1 106
4263 10 1 107
4264 10 1 108
4265 10 1 109
4266 10 1 110
4267 10 1 111
4268 10 1 112
4269 10 1 113
4270 10 1 114
4271 10 1 115
4272 10 1 116
4273 11 1 81
4274 11 1 82
4275 12 255 82
4276 11 1 83
4277 13 4 83
4278 11 1 84
4279 14 249 84
4280 11 1 85
4281 15 16 85
4282 11 1 86
4283 16 225 86
4284 11 1 87
4285 17 64 87
4286 11 1 88
4287 18 129 88
4288 11 1 89
4289 19 256 89
4290 11 1 90
4291 11 1 91
4292 11 1 92
4293 11 1 93
4294 11 1 94
4295 11 1 95
4296 11 1 96
4297 11 1 97
4298 11 1 98
4299 11 1 99
4300 11 1 100
4301 11 1 101
4302 11 1 102
4303 11 1 103
4304 11 1 104
4305 11 1 105
4306 11 1 106
4307 11 1 107
4308 11 1 108
4309 11 1 109
4310 11 1 110
4311 11 1 111
4312 11 1 112
4313 11 1 113
4314 11 1 114
4315 11 1 115
4316 11 1 116
4317 12 1 83
4318 12 1 84
4319 13 255 84
4320 12 1 85
4321 14 4 85
4322 12 1 86
4323 15 249 86
4324 12 1 87
4325 16 16 87
4326 12 1 88
4327 17 225 88
4328 12 1 89
4329 18 64 89
4330 12 1 90
4331 19 129 90
4332 12 1 91
4333 20 256 91
4334 12 1 92
4335 21 2 92
4336 12 1 93
4337 12 1 94
4338 12 1 95
4339 12 1 96
4340 12 1 97
4341 12 1 98
4342 12 1 99
4343 12 1 100
4344 12 1 101
4345 12 1 102
4346 12 1 103
4347 12 1 104
4348 12 1 105
4349 12 1 106
4350 12 1 107
4351 12 1 108
4352 12 1 109
4353 12 1 110
4354 12 1 111
4355 12 1 112
4356 12 1 113
4357 12 1 114
4358 12 1 115
4359 12 1 116
4360 13 1 85
4361 13 1 86
4362 14 255 86
4363 13 1 87
4364 15 4 87
4365 13 1 88
4366 16 249 88
4367 13 1 89
4368 17 16 89
4369 13 1 90
4370 18 225 90
4371 13 1 91
4372 19 64 91
4373 13 1 92
4374 20 129 92
4375 13 1 93
4376 21 256 93
4377 13 1 94
4378 22 2 94
4379 13 1 95
4380 23 253 95
4381 13 1 96
4382 13 1 97
4383 13 1 98
4384 13 1 99
4385 13 1 100
4386 13 1 101
4387 13 1 102
4388 13 1 103
4389 13 1 104
4390 13 1 105
4391 13 1 106
4392 13 1 107
4393 13 1 108
4394 13 1 109
4395 13 1 110
4396 13 1 111
4397 13 1 112
4398 13 1 113
4399 13 1 114
4400 13 1 115
4401 13 1 116
4402 14 1 87
4403 14 1 88
4404 15 255 88
4405 14 1 89
4406 16 4 89
4407 14 1 90
4408 17 249 90
4409 14 1 91
4410 18 16 91
4411 14 1 92
4412 19 225 92
4413 14 1 93
4414 20 64 93
4415 14 1 94
4416 21 129 94
4417 14 1 95
4418 22 256 95
4419 14 1 96
4420 23 2 96
4421 14 1 97
4422 24 253 97
4423 14 1 98
4424 25 8 98
4425 14 1 99
4426 14 1 100
4427 14 1 101
4428 14 1 102
4429 14 1 103
4430 14 1 104
4431 14 1 105
4432 14 1 106
4433 14 1 107
4434 14 1 108
4435 14 1 109
4436 14 1 110
4437 14 1 111
4438 14 1 112
4439 14 1 113
4440 14 1 114
4441 14 1 115
4442 14 1 116
4443 15 1 89
4444 15 1 90
4445 16 255 90
4446 15 1 91
4447 17 4 91
4448 15 1 92
4449 18 249 92
4450 15 1 93
4451 19 16 93
4452 15 1 94
4453 20 225 94
4454 15 1 95
4455 21 64 95
4456 15 1 96
4457 22 129 96
4458 15 1 97
4459 23 256 97
4460 15 1 98
4461 24 2 98
4462 15 1 99
4463 25 253 99
4464 15 1 100
4465 26 8 100
4466 15 1 101
4467 27 241 101
4468 15 1 102
4469 15 1 103
4470 15 1 104
4471 15 1 105
4472 15 1 106
4473 15 1 107
4474 15 1 108
4475 15 1 109
4476 15 1 110
4477 15 1 111
4478 15 1 112
4479 15 1 113
4480 15 1 114
4481 15 1 115
4482 15 1 116
4483 16 1 91
4484 16 1 92
4485 17 255 92
4486 16 1 93
4487 18 4 93
4488 16 1 94
4489 19 249 94
4490 16 1 95
4491 20 16 95
4492 16 1 96
4493 21 225 96
4494 16 1 97
4495 22 64 97
4496 16 1 98
4497 23 129 98
4498 16 1 99
4499 24 256 99
4500 16 1 100
4501 25 2 100
4502 16 1 101
4503 26 253 101
4504 16 1 102
4505 27 8 102
4506 16 1 103
4507 28 241 103
4508 16 1 104
4509 29 32 104
4510 16 1 105
4511 16 1 106
4512 16 1 107
4513 16 1 108
4514 16 1 109
4515 16 1 110
4516 16 1 111
4517 16 1 112
4518 16 1 113
4519 16 1 114
4520 16 1 115
4521 16 1 116
4522 17 1 93
4523 17 1 94
4524 18 255 94
4525 17 1 95
4526 19 4 95
4527 17 1 96
4528 20 249 96
4529 17 1 97
4530 21 16 97
4531 17 1 98
4532 22 225 98
4533 17 1 99
4534 23 64 99
4535 17 1 100
4536 24 129 100
4537 17 1 101
4538 25 256 101
4539 17 1 102
4540 26 2 102
4541 17 1 103
4542 27 253 103
4543 17 1 104
4544 28 8 104
4545 17 1 105
4546 29 241 105
4547 17 1 106
4548 30 32 106
4549 17 1 107
4550 31 193 107
4551 17 1 108
4552 17 1 109
4553 17 1 110
4554 17 1 111
4555 17 1 112
4556 17 1 113
4557 17 1 114
4558 17 1 115
4559 17 1 116
4560 18 1 95
4561 18 1 96
4562 19 255 96
4563 18 1 97
4564 20 4 97
4565 18 1 98
4566 21 249 98
4567 18 1 99
4568 22 16 99
4569 18 1 100
4570 23 225 100
4571 18 1 101
4572 24 64 101
4573 18 1 102
4574 25 129 102
4575 18 1 103
4576 26 256 103
4577 18 1 104
4578 27 2 104
4579 18 1 105
4580 28 253 105
4581 18 1 106
4582 29 8 106
4583 18 1 107
4584 30 241 107
4585 18 1 108
4586 31 32 108
4587 18 1 109
4588 32 193 109
4589 18 1 110
4590 33 128 110
4591 18 1 111
4592 18 1 112
4593 18 1 113
4594 18 1 114
4595 18 1 115
4596 18 1 116
4597 19 1 97
4598 19 1 98
4599 20 255 98
4600 19 1 99
4601 21 4 99
4602 19 1 100
4603 22 249 100
4604 19 1 101
4605 23 16 101
4606 19 1 102
4607 24 225 102
4608 19 1 103
4609 25 64 103
4610 19 1 104
4611 26 129 104
4612 19 1 105
4613 27 256 105
4614 19 1 106
4615 28 2 106
4616 19 1 107
4617 29 253 107
4618 19 1 108
4619 30 8 108
4620 19 1 109
4621 31 241 109
4622 19 1 110
4623 32 32 110
4624 19 1 111
4625 33 193 111
4626 19 1 112
4627 34 128 112
4628 19 1 113
4629 35 1 113
4630 19 1 114
4631 19 1 115
4632 19 1 116
4633 20 1 99
4634 20 1 100
4635 21 255 100
4636 20 1 101
4637 22 4 101
4638 20 1 102
4639 23 249 102
4640 20 1 103
4641 24 16 103
4642 20 1 104
4643 25 225 104
4644 20 1 105
4645 26 64 105
4646 20 1 106
4647 27 129 106
4648 20 1 107
4649 28 256 107
4650 20 1 108
4651 29 2 108
4652 20 1 109
4653 30 253 109
4654 20 1 110
4655 31 8 110
4656 20 1 111
4657 32 241 111
4658 20 1 112
4659 33 32 112
4660 20 1 113
4661 34 193 113
4662 20 1 114
4663 35 128 114
4664 20 1 115
4665 36 1 115
4666 20 1 116
4667 37 255 116
4668 21 1 101
4669 21 1 102
4670 22 255 102
4671 21 1 103
4672 23 4 103
4673 21 1 104
4674 24 249 104
4675 21 1 105
4676 25 16 105
4677 21 1 106
4678 26 225 106
4679 21 1 107
4680 27 64 107
4681 21 1 108
4682 28 129 108
4683 21 1 109
4684 29 256 109
4685 21 1 110
4686 30 2 110
4687 21 1 111
4688 31 253 111
4689 21 1 112
4690 32 8 112
4691 21 1 113
4692 33 241 113
4693 21 1 114
4694 34 32 114
4695 21 1 115
4696 35 193 115
4697 21 1 116
4698 36 128 116
4699 19 34 117
4700 20 137 117
4701 21 1 117
4702 22 1 103
4703 22 1 104
4704 23 255 104
4705 22 1 105
4706 24 4 105
4707 22 1 106
4708 25 249 106
4709 22 1 107
4710 26 16 107
4711 22 1 108
4712 27 225 108
4713 22 1 109
4714 28 64 109
4715 22 1 110
4716 29 129 110
4717 22 1 111
4718 30 256 111
4719 22 1 112
4720 31 2 112
4721 22 1 113
4722 32 253 113
4723 22 1 114
4724 33 8 114
4725 22 1 115
4726 34 241 115
4727 22 1 116
4728 35 32 116
4729 17 75 117
4730 18 127 117
4731 22 1 117
4732 37 254 117
4733 21 4 118
4734 22 1 118
4735 23 1 105
4736 23 1 106
4737 24 255 106
4738 23 1 107
4739 25 4 107
4740 23 1 108
4741 26 249 108
4742 23 1 109
4743 27 16 109
4744 23 1 110
4745 28 225 110
4746 23 1 111
4747 29 64 111
4748 23 1 112
4749 30 129 112
4750 23 1 113
4751 31 256 113
4752 23 1 114
4753 32 2 114
4754 23 1 115
4755 33 253 115
4756 23 1 116
4757 34 8 116
4758 15 233 117
4759 16 225 117
4760 23 1 117
4761 36 187 117
4762 19 94 118
4763 20 214 118
4764 23 1 118
4765 38 103 118
4766 23 1 119
4767 24 1 107
4768 24 1 108
4769 25 255 108
4770 24 1 109
4771 26 4 109
4772 24 1 110
4773 27 249 110
4774 24 1 111
4775 28 16 111
4776 24 1 112
4777 29 225 112
4778 24 1 113
4779 30 64 113
4780 24 1 114
4781 31 129 114
4782 24 1 115
4783 32 256 115
4784 24 1 116
4785 33 2 116
4786 13 79 117
4787 14 71 117
4788 24 1 117
4789 35 132 117
4790 17 11 118
4791 18 186 118
4792 24 1 118
4793 37 5 118
4794 21 7 119
4795 22 5 119
4796 24 1 119
4797 39 106 119
4798 25 1 109
4799 25 1 110
4800 26 255 110
4801 25 1 111
4802 27 4 111
4803 25 1 112
4804 28 249 112
4805 25 1 113
4806 29 16 113
4807 25 1 114
4808 30 225 114
4809 25 1 115
4810 31 64 115
4811 25 1 116
4812 32 129 116
4813 11 207 117
4814 12 82 117
4815 25 1 117
4816 34 132 117
4817 15 85 118
4818 16 187 118
4819 25 1 118
4820 36 185 118
4821 19 31 119
4822 20 127 119
4823 25 1 119
4824 38 214 119
4825 23 99 120
4826 24 34 120
4827 25 1 120
4828 26 1 111
4829 26 1 112
4830 27 255 112
4831 26 1 113
4832 28 4 113
4833 26 1 114
4834 29 249 114
4835 26 1 115
4836 30 16 115
4837 26 1 116
4838 31 225 116
4839 9 60 117
4840 10 83 117
4841 26 1 117
4842 33 35 117
4843 13 240 118
4844 14 69 118
4845 26 1 118
4846 35 240 118
4847 17 72 119
4848 18 107 119
4849 26 1 119
4850 37 182 119
4851 21 147 120
4852 22 196 120
4853 26 1 120
4854 39 199 120
4855 25 207 121
4856 26 1 121
4857 27 1 113
4858 27 1 114
4859 28 255 114
4860 27 1 115
4861 29 4 115
4862 27 1 116
4863 30 249 116
4864 7 191 117
4865 8 111 117
4866 27 1 117
4867 32 159 117
4868 11 169 118
4869 12 101 118
4870 27 1 118
4871 34 181 118
4872 15 48 119
4873 16 168 119
4874 27 1 119
4875 36 199 119
4876 19 24 120
4877 20 207 120
4878 27 1 120
4879 38 173 120
4880 23 202 121
4881 24 98 121
4882 27 1 121
4883 40 79 121
4884 27 1 122
4885 28 1 115
4886 28 1 116
4887 29 255 116
4888 5 209 117
4889 6 181 117
4890 28 1 117
4891 31 101 117
4892 9 106 118
4893 10 32 118
4894 28 1 118
4895 33 236 118
4896 13 228 119
4897 14 7 119
4898 28 1 119
4899 35 61 119
4900 17 191 120
4901 18 26 120
4902 28 1 120
4903 37 141 120
4904 21 102 121
4905 22 173 121
4906 28 1 121
4907 39 91 121
4908 25 49 122
4909 26 151 122
4910 28 1 122
4911 41 78 122
4912 4 128 117
4913 29 1 117
4914 30 105 117
4915 7 253 118
4916 8 165 118
4917 29 1 118
4918 32 129 118
4919 11 66 119
4920 12 146 119
4921 29 1 119
4922 34 117 119
4923 15 17 120
4924 16 182 120
4925 29 1 120
4926 36 118 120
4927 19 142 121
4928 20 240 121
4929 29 1 121
4930 38 139 121
4931 23 128 122
4932 24 76 122
4933 29 1 122
4934 40 20 122
4935 27 42 123
4936 28 56 123
4937 29 1 123
4938 6 185 118
4939 30 1 118
4940 31 9 118
4941 9 44 119
4942 10 241 119
4943 30 1 119
4944 33 217 119
4945 13 129 120
4946 14 5 120
4947 30 1 120
4948 35 156 120
4949 17 183 121
4950 18 9 121
4951 30 1 121
4952 37 123 121
4953 21 144 122
4954 22 247 122
4955 30 1 122
4956 39 24 122
4957 25 51 123
4958 26 215 123
4959 30 1 123
4960 41 179 123
4961 29 65 124
4962 30 1 124
4963 8 245 119
4964 31 1 119
4965 32 208 119
4966 11 12 120
4967 12 19 120
4968 31 1 120
4969 34 39 120
4970 15 103 121
4971 16 2 121
4972 31 1 121
4973 36 175 121
4974 19 16 122
4975 20 5 122
4976 31 1 122
4977 38 132 122
4978 23 108 123
4979 24 121 123
4980 31 1 123
4981 40 60 123
4982 27 51 124
4983 28 215 124
4984 31 1 124
4985 42 7 124
4986 31 1 125
4987 10 198 120
4988 32 1 120
4989 33 120 120
4990 13 78 121
4991 14 252 121
4992 32 1 121
4993 35 61 121
4994 17 203 122
4995 18 231 122
4996 32 1 122
4997 37 183 122
4998 21 102 123
4999 22 64 123
5000 32 1 123
5001 39 149 123
5002 25 255 124
5003 26 250 124
5004 32 1 124
5005 41 168 124
5006 29 43 125
5007 30 146 125
5008 32 1 125
5009 43 84 125
5010 12 72 121
5011 33 1 121
5012 34 126 121
5013 15 39 122
5014 16 126 122
5015 33 1 122
5016 36 217 122
5017 19 221 123
5018 20 154 123
5019 33 1 123
5020 38 195 123
5021 23 25 124
5022 24 56 124
5023 33 1 124
5024 40 183 124
5025 27 218 125
5026 28 249 125
5027 33 1 125
5028 42 32 125
5029 31 193 126
5030 32 219 126
5031 33 1 126
5032 14 71 122
5033 34 1 122
5034 35 65 122
5035 17 214 123
5036 18 39 123
5037 34 1 123
5038 37 209 123
5039 21 182 124
5040 22 21 124
5041 34 1 124
5042 39 50 124
5043 25 198 125
5044 26 94 125
5045 34 1 125
5046 41 109 125
5047 29 203 126
5048 30 68 126
5049 34 1 126
5050 43 128 126
5051 33 164 127
5052 34 1 127
5053 16 94 123
5054 35 1 123
5055 36 140 123
5056 19 195 124
5057 20 116 124
5058 35 1 124
5059 38 162 124
5060 23 182 125
5061 24 21 125
5062 35 1 125
5063 40 75 125
5064 27 71 126
5065 28 231 126
5066 35 1 126
5067 42 22 126
5068 31 167 127
5069 32 199 127
5070 35 1 127
5071 44 190 127
5072 35 1 128
5073 18 191 124
5074 36 1 124
5075 37 118 124
5076 21 244 125
5077 22 215 125
5078 36 1 125
5079 39 61 125
5080 25 167 126
5081 26 128 126
5082 36 1 126
5083 41 31 126
5084 29 129 127
5085 30 217 127
5086 36 1 127
5087 43 207 127
5088 33 77 128
5089 34 141 128
5090 36 1 128
5091 45 101 128
5092 20 27 125
5093 37 1 125
5094 38 29 125
5095 23 146 126
5096 24 17 126
5097 37 1 126
5098 40 12 126
5099 27 55 127
5100 28 36 127
5101 37 1 127
5102 42 211 127
5103 31 108 128
5104 32 98 128
5105 37 1 128
5106 44 248 128
5107 35 82 129
5108 36 30 129
5109 37 1 129
5110 22 210 126
5111 38 1 126
5112 39 168 126
5113 25 109 127
5114 26 194 127
5115 38 1 127
5116 41 62 127
5117 29 14 128
5118 30 140 128
5119 38 1 128
5120 43 68 128
5121 33 2 129
5122 34 97 129
5123 38 1 129
5124 45 227 129
5125 37 37 130
5126 38 1 130
5127 24 134 127
5128 39 1 127
5129 40 180 127
5130 27 208 128
5131 28 158 128
5132 39 1 128
5133 42 132 128
5134 31 28 129
5135 32 23 129
5136 39 1 129
5137 44 39 129
5138 35 108 130
5139 36 98 130
5140 39 1 130
5141 46 122 130
5142 39 1 131
5143 26 128 128
5144 40 1 128
5145 41 95 128
5146 29 127 129
5147 30 94 129
5148 40 1 129
5149 43 176 129
5150 33 183 130
5151 34 31 130
5152 40 1 130
5153 45 78 130
5154 37 79 131
5155 38 105 131
5156 40 1 131
5157 47 205 131
5158 28 146 129
5159 41 1 129
5160 42 210 129
5161 31 61 130
5162 32 118 130
5163 41 1 130
5164 44 242 130
5165 35 204 131
5166 36 241 131
5167 41 1 131
5168 46 47 131
5169 39 232 132
5170 40 201 132
5171 41 1 132
5172 30 35 130
5173 42 1 130
5174 43 159 130
5175 33 202 131
5176 34 20 131
5177 42 1 131
5178 45 52 131
5179 37 166 132
5180 38 118 132
5181 42 1 132
5182 47 211 132
5183 41 106 133
5184 42 1 133
5185 32 253 131
5186 43 1 131
5187 44 252 131
5188 35 92 132
5189 36 60 132
5190 43 1 132
5191 46 78 132
5192 39 150 133
5193 40 215 133
5194 43 1 133
5195 48 96 133
5196 43 1 134
5197 34 176 132
5198 44 1 132
5199 45 23 132
5200 37 13 133
5201 38 42 133
5202 44 1 133
5203 47 22 133
5204 41 31 134
5205 42 53 134
5206 44 1 134
5207 49 62 134
5208 36 152 133
5209 45 1 133
5210 46 58 133
5211 39 248 134
5212 40 50 134
5213 45 1 134
5214 48 167 134
5215 43 186 135
5216 44 61 135
5217 45 1 135
5218 38 203 134
5219 46 1 134
5220 47 103 134
5221 41 174 135
5222 42 147 135
5223 46 1 135
5224 49 77 135
5225 45 180 136
5226 46 1 136
5227 40 14 135
5228 47 1 135
5229 48 163 135
5230 43 74 136
5231 44 160 136
5232 47 1 136
5233 50 64 136
5234 47 1 137
5235 42 76 136
5236 48 1 136
5237 49 247 136
5238 45 78 137
5239 46 252 137
5240 48 1 137
5241 51 256 137
5242 44 164 137
5243 49 1 137
5244 50 116 137
5245 47 48 138
5246 48 76 138
5247 49 1 138
5248 46 144 138
5249 50 1 138
5250 51 69 138
5251 49 190 139
5252 50 1 139
5253 48 42 139
5254 51 1 139
5255 52 232 139
5256 51 1 140
5257 50 130 140
5258 52 1 140
5259 53 207 140
5260 52 36 141
5261 53 1 141
5262 54 1 142
5263 55 5 143
5264 54 173 143
5265 53 229 142
5266 52 162 142
5267 51 54 141
5268 50 18 141
5269 49 6 140
5270 48 2 140
5271 47 172 139
5272 46 143 139
5273 45 219 138
5274 44 73 138
5275 43 110 137
5276 42 208 137
5277 41 155 136
5278 40 223 136
5279 39 160 135
5280 38 139 135
5281 37 132 134
5282 36 44 134
5283 35 186 133
5284 34 62 133
5285 33 192 132
5286 32 64 132
5287 31 107 131
5288 30 207 131
5289 29 69 130
5290 28 23 130
5291 27 179 129
5292 26 231 129
5293 25 77 128
5294 24 197 128
5295 23 237 127
5296 22 79 127
5297 21 112 126
5298 20 123 126
5299 19 41 125
5300 18 185 125
5301 17 233 124
5302 16 249 124
5303 15 83 123
5304 14 199 123
5305 13 152 122
5306 12 222 122
5307 56 5 145
5308 55 173 144
5309 54 229 144
5310 53 162 143
5311 52 54 143
5312 51 18 142
5313 50 6 142
5314 49 2 141
5315 48 172 141
5316 47 143 140
5317 46 219 140
5318 45 73 139
5319 44 110 139
5320 43 208 138
5321 42 155 138
5322 41 223 137
5323 40 160 137
5324 39 139 136
5325 38 132 136
5326 37 44 135
5327 36 186 135
5328 35 62 134
5329 34 192 134
5330 33 64 133
5331 32 107 133
5332 31 207 132
5333 30 69 132
5334 29 23 131
5335 28 179 131
5336 27 231 130
5337 26 77 130
5338 25 197 129
5339 24 237 129
5340 23 79 128
5341 22 112 128
5342 21 123 127
5343 20 41 127
5344 19 185 126
5345 18 233 126
5346 17 249 125
5347 16 83 125
5348 15 199 124
5349 14 152 124
5350 57 5 146
5351 56 173 146
5352 55 229 145
5353 54 162 145
5354 53 54 144
5355 52 18 144
5356 51 6 143
5357 50 2 143
5358 49 172 142
5359 48 143 142
5360 47 219 141
5361 46 73 141
5362 45 110 140
5363 44 208 140
5364 43 155 139
5365 42 223 139
5366 41 160 138
5367 40 139 138
5368 39 132 137
5369 38 44 137
5370 37 186 136
5371 36 62 136
5372 35 192 135
5373 34 64 135
5374 33 107 134
5375 32 207 134
5376 31 69 133
5377 30 23 133
5378 29 179 132
5379 28 231 132
5380 27 77 131
5381 26 197 131
5382 25 237 130
5383 24 79 130
5384 23 112 129
5385 22 123 129
5386 21 41 128
5387 20 185 128
5388 19 233 127
5389 18 249 127
5390 17 83 126
5391 16 199 126
5392 58 5 148
5393 57 173 147
5394 56 229 147
5395 55 162 146
5396 54 54 146
5397 53 18 145
5398 52 6 145
5399 51 2 144
5400 50 172 144
5401 49 143 143
5402 48 219 143
5403 47 73 142
5404 46 110 142
5405 45 208 141
5406 44 155 141
5407 43 223 140
5408 42 160 140
5409 41 139 139
5410 40 132 139
5411 39 44 138
5412 38 186 138
5413 37 62 137
5414 36 192 137
5415 35 64 136
5416 34 107 136
5417 33 207 135
5418 32 69 135
5419 31 23 134
5420 30 179 134
5421 29 231 133
5422 28 77 133
5423 27 197 132
5424 26 237 132
5425 25 79 131
5426 24 112 131
5427 23 123 130
5428 22 41 130
5429 21 185 129
5430 20 233 129
5431 19 249 128
5432 18 83 128
5433 59 5 149
5434 58 173 149
5435 57 229 148
5436 56 162 148
5437 55 54 147
5438 54 18 147
5439 53 6 146
5440 52 2 146
5441 51 172 145
5442 50 143 145
5443 49 219 144
5444 48 73 144
5445 47 110 143
5446 46 208 143
5447 45 155 142
5448 44 223 142
5449 43 160 141
5450 42 139 141
5451 41 132 140
5452 40 44 140
5453 39 186 139
5454 38 62 139
5455 37 192 138
5456 36 64 138
5457 35 107 137
5458 34 207 137
5459 33 69 136
5460 32 23 136
5461 31 179 135
5462 30 231 135
5463 29 77 134
5464 28 197 134
5465 27 237 133
5466 26 79 133
5467 25 112 132
5468 24 123 132
5469 23 41 131
5470 22 185 131
5471 21 233 130
5472 20 249 130
5473 60 5 151
5474 59 173 150
5475 58 229 150
5476 57 162 149
5477 56 54 149
5478 55 18 148
5479 54 6 148
5480 53 2 147
5481 52 172 147
5482 51 143 146
5483 50 219 146
5484 49 73 145
5485 48 110 145
5486 47 208 144
5487 46 155 144
5488 45 223 143
5489 44 160 143
5490 43 139 142
5491 42 132 142
5492 41 44 141
5493 40 186 141
5494 39 62 140
5495 38 192 140
5496 37 64 139
5497 36 107 139
5498 35 207 138
5499 34 69 138
5500 33 23 137
5501 32 179 137
5502 31 231 136
5503 30 77 136
5504 29 197 135
5505 28 237 135
5506 27 79 134
5507 26 112 134
5508 25 123 133
5509 24 41 133
5510 23 185 132
5511 22 233 132
5512 61 5 152
5513 60 173 152
5514 59 229 151
5515 58 162 151
5516 57 54 150
5517 56 18 150
5518 55 6 149
5519 54 2 149
5520 53 172 148
5521 52 143 148
5522 51 219 147
5523 50 73 147
5524 49 110 146
5525 48 208 146
5526 47 155 145
5527 46 223 145
5528 45 160 144
5529 44 139 144
5530 43 132 143
5531 42 44 143
5532 41 186 142
5533 40 62 142
5534 39 192 141
5535 38 64 141
5536 37 107 140
5537 36 207 140
5538 35 69 139
5539 34 23 139
5540 33 179 138
5541 32 231 138
5542 31 77 137
5543 30 197 137
5544 29 237 136
5545 28 79 136
5546 27 112 135
5547 26 123 135
5548 25 41 134
5549 24 185 134
5550 62 5 154
5551 61 173 153
5552 60 229 153
5553 59 162 152
5554 58 54 152
5555 57 18 151
5556 56 6 151
5557 55 2 150
5558 54 172 150
5559 53 143 149
5560 52 219 149
5561 51 73 148
5562 50 110 148
5563 49 208 147
5564 48 155 147
5565 47 223 146
5566 46 160 146
5567 45 139 145
5568 44 132 145
5569 43 44 144
5570 42 186 144
5571 41 62 143
5572 40 192 143
5573 39 64 142
5574 38 107 142
5575 37 207 141
5576 36 69 141
5577 35 23 140
5578 34 179 140
5579 33 231 139
5580 32 77 139
5581 31 197 138
5582 30 237 138
5583 29 79 137
5584 28 112 137
5585 27 123 136
5586 26 41 136
5587 63 5 155
5588 62 173 155
5589 61 229 154
5590 60 162 154
5591 59 54 153
5592 58 18 153
5593 57 6 152
5594 56 2 152
5595 55 172 151
5596 54 143 151
5597 53 219 150
5598 52 73 150
5599 51 110 149
5600 50 208 149
5601 49 155 148
5602 48 223 148
5603 47 160 147
5604 46 139 147
5605 45 132 146
5606 44 44 146
5607 43 186 145
5608 42 62 145
5609 41 192 144
5610 40 64 144
5611 39 107 143
5612 38 207 143
5613 37 69 142
5614 36 23 142
5615 35 179 141
5616 34 231 141
5617 33 77 140
5618 32 197 140
5619 31 237 139
5620 30 79 139
5621 29 112 138
5622 28 123 138
5623 64 5 157
5624 63 173 156
5625 62 229 156
5626 61 162 155
5627 60 54 155
5628 59 18 154
5629 58 6 154
5630 57 2 153
5631 56 172 153
5632 55 143 152
5633 54 219 152
5634 53 73 151
5635 52 110 151
5636 51 208 150
5637 50 155 150
5638 49 223 149
5639 48 160 149
5640 47 139 148
5641 46 132 148
5642 45 44 147
5643 44 186 147
5644 43 62 146
5645 42 192 146
5646 41 64 145
5647 40 107 145
5648 39 207 144
5649 38 69 144
5650 37 23 143
5651 36 179 143
5652 35 231 142
5653 34 77 142
5654 33 197 141
5655 32 237 141
5656 31 79 140
5657 30 112 140
5658 65 5 158
5659 64 173 158
5660 63 229 157
5661 62 162 157
5662 61 54 156
5663 60 18 156
5664 59 6 155
5665 58 2 155
5666 57 172 154
5667 56 143 154
5668 55 219 153
5669 54 73 153
5670 53 110 152
5671 52 208 152
5672 51 155 151
5673 50 223 151
5674 49 160 150
5675 48 139 150
5676 47 132 149
5677 46 44 149
5678 45 186 148
5679 44 62 148
5680 43 192 147
5681 42 64 147
5682 41 107 146
5683 40 207 146
5684 39 69 145
5685 38 23 145
5686 37 179 144
5687 36 231 144
5688 35 77 143
5689 34 197 143
5690 33 237 142
5691 32 79 142
5692 66 5 160
5693 65 173 159
5694 64 229 159
5695 63 162 158
5696 62 54 158
5697 61 18 157
5698 60 6 157
5699 59 2 156
5700 58 172 156
5701 57 143 155
5702 56 219 155
5703 55 73 154
5704 54 110 154
5705 53 208 153
5706 52 155 153
5707 51 223 152
5708 50 160 152
5709 49 139 151
5710 48 132 151
5711 47 44 150
5712 46 186 150
5713 45 62 149
5714 44 192 149
5715 43 64 148
5716 42 107 148
5717 41 207 147
5718 40 69 147
5719 39 23 146
5720 38 179 146
5721 37 231 145
5722 36 77 145
5723 35 197 144
5724 34 237 144
5725 67 5 161
5726 66 173 161
5727 65 229 160
5728 64 162 160
5729 63 54 159
5730 62 18 159
5731 61 6 158
5732 60 2 158
5733 59 172 157
5734 58 143 157
5735 57 219 156
5736 56 73 156
5737 55 110 155
5738 54 208 155
5739 53 155 154
5740 52 223 154
5741 51 160 153
5742 50 139 153
5743 49 132 152
5744 48 44 152
5745 47 186 151
5746 46 62 151
5747 45 192 150
5748 44 64 150
5749 43 107 149
5750 42 207 149
5751 41 69 148
5752 40 23 148
5753 39 179 147
5754 38 231 147
5755 37 77 146
5756 36 197 146
5757 68 5 163
5758 67 173 162
5759 66 229 162
5760 65 162 161
5761 64 54 161
5762 63 18 160
5763 62 6 160
5764 61 2 159
5765 60 172 159
5766 59 143 158
5767 58 219 158
5768 57 73 157
5769 56 110 157
5770 55 208 156
5771 54 155 156
5772 53 223 155
5773 52 160 155
5774 51 139 154
5775 50 132 154
5776 49 44 153
5777 48 186 153
5778 47 62 152
5779 46 192 152
5780 45 64 151
5781 44 107 151
5782 43 207 150
5783 42 69 150
5784 41 23 149
5785 40 179 149
5786 39 231 148
5787 38 77 148
5788 69 5 164
5789 68 173 164
5790 67 229 163
5791 66 162 163
5792 65 54 162
5793 64 18 162
5794 63 6 161
5795 62 2 161
5796 61 172 160
5797 60 143 160
5798 59 219 159
5799 58 73 159
5800 57 110 158
5801 56 208 158
5802 55 155 157
5803 54 223 157
5804 53 160 156
5805 52 139 156
5806 51 132 155
5807 50 44 155
5808 49 186 154
5809 48 62 154
5810 47 192 153
5811 46 64 153
5812 45 107 152
5813 44 207 152
5814 43 69 151
5815 42 23 151
5816 41 179 150
5817 40 231 150
5818 70 5 166
5819 69 173 165
5820 68 229 165
5821 67 162 164
5822 66 54 164
5823 65 18 163
5824 64 6 163
5825 63 2 162
5826 62 172 162
5827 61 143 161
5828 60 219 161
5829 59 73 160
5830 58 110 160
5831 57 208 159
5832 56 155 159
5833 55 223 158
5834 54 160 158
5835 53 139 157
5836 52 132 157
5837 51 44 156
5838 50 186 156
5839 49 62 155
5840 48 192 155
5841 47 64 154
5842 46 107 154
5843 45 207 153
5844 44 69 153
5845 43 23 152
5846 42 179 152
5847 71 5 167
5848 70 173 167
5849 69 229 166
5850 68 162 166
5851 67 54 165
5852 66 18 165
5853 65 6 164
5854 64 2 164
5855 63 172 163
5856 62 143 163
5857 61 219 162
5858 60 73 162
5859 59 110 161
5860 58 208 161
5861 57 155 160
5862 56 223 160
5863 55 160 159
5864 54 139 159
5865 53 132 158
5866 52 44 158
5867 51 186 157
5868 50 62 157
5869 49 192 156
5870 48 64 156
5871 47 107 155
5872 46 207 155
5873 45 69 154
5874 44 23 154
5875 72 5 169
5876 71 173 168
5877 70 229 168
5878 69 162 167
5879 68 54 167
5880 67 18 166
5881 66 6 166
5882 65 2 165
5883 64 172 165
5884 63 143 164
5885 62 219 164
5886 61 73 163
5887 60 110 163
5888 59 208 162
5889 58 155 162
5890 57 223 161
5891 56 160 161
5892 55 139 160
5893 54 132 160
5894 53 44 159
5895 52 186 159
5896 51 62 158
5897 50 192 158
5898 49 64 157
5899 48 107 157
5900 47 207 156
5901 46 69 156
5902 73 5 170
5903 72 173 170
5904 71 229 169
5905 70 162 169
5906 69 54 168
5907 68 18 168
5908 67 6 167
5909 66 2 167
5910 65 172 166
5911 64 143 166
5912 63 219 165
5913 62 73 165
5914 61 110 164
5915 60 208 164
5916 59 155 163
5917 58 223 163
5918 57 160 162
5919 56 139 162
5920 55 132 161
5921 54 44 161
5922 53 186 160
5923 52 62 160
5924 51 192 159
5925 50 64 159
5926 49 107 158
5927 48 207 158
5928 74 5 172
5929 73 173 171
5930 72 229 171
5931 71 162 170
5932 70 54 170
5933 69 18 169
5934 68 6 169
5935 67 2 168
5936 66 172 168
5937 65 143 167
5938 64 219 167
5939 63 73 166
5940 62 110 166
5941 61 208 165
5942 60 155 165
5943 59 223 164
5944 58 160 164
5945 57 139 163
5946 56 132 163
5947 55 44 162
5948 54 186 162
5949 53 62 161
5950 52 192 161
5951 51 64 160
5952 50 107 160
5953 75 5 173
5954 74 173 173
5955 73 229 172
5956 72 162 172
5957 71 54 171
5958 70 18 171
5959 69 6 170
5960 68 2 170
5961 67 172 169
5962 66 143 169
5963 65 219 168
5964 64 73 168
5965 63 110 167
5966 62 208 167
5967 61 155 166
5968 60 223 166
5969 59 160 165
5970 58 139 165
5971 57 132 164
5972 56 44 164
5973 55 186 163
5974 54 62 163
5975 53 192 162
5976 52 64 162
5977 76 5 175
5978 75 173 174
5979 74 229 174
5980 73 162 173
5981 72 54 173
5982 71 18 172
5983 70 6 172
5984 69 2 171
5985 68 172 171
5986 67 143 170
5987 66 219 170
5988 65 73 169
5989 64 110 169
5990 63 208 168
5991 62 155 168
5992 61 223 167
5993 60 160 167
5994 59 139 166
5995 58 132 166
5996 57 44 165
5997 56 186 165
5998 55 62 164
5999 54 192 164
6000 77 5 176
6001 76 173 176
6002 75 229 175
6003 74 162 175
6004 73 54 174
6005 72 18 174
6006 71 6 173
6007 70 2 173
6008 69 172 172
6009 68 143 172
6010 67 219 171
6011 66 73 171
6012 65 110 170
6013 64 208 170
6014 63 155 169
6015 62 223 169
6016 61 160 168
6017 60 139 168
6018 59 132 167
6019 58 44 167
6020 57 186 166
6021 56 62 166
6022 78 5 178
6023 77 173 177
6024 76 229 177
6025 75 162 176
6026 74 54 176
6027 73 18 175
6028 72 6 175
6029 71 2 174
6030 70 172 174
6031 69 143 173
6032 68 219 173
6033 67 73 172
6034 66 110 172
6035 65 208 171
6036 64 155 171
6037 63 223 170
6038 62 160 170
6039 61 139 169
6040 60 132 169
6041 59 44 168
6042 58 186 168
6043 79 5 179
6044 78 173 179
6045 77 229 178
6046 76 162 178
6047 75 54 177
6048 74 18 177
6049 73 6 176
6050 72 2 176
6051 71 172 175
6052 70 143 175
6053 69 219 174
6054 68 73 174
6055 67 110 173
6056 66 208 173
6057 65 155 172
6058 64 223 172
6059 63 160 171
6060 62 139 171
6061 61 132 170
6062 60 44 170
6063 80 5 181
6064 79 173 180
6065 78 229 180
6066 77 162 179
6067 76 54 179
6068 75 18 178
6069 74 6 178
6070 73 2 177
6071 72 172 177
6072 71 143 176
6073 70 219 176
6074 69 73 175
6075 68 110 175
6076 67 208 174
6077 66 155 174
6078 65 223 173
6079 64 160 173
6080 63 139 172
6081 62 132 172
6082 81 5 182
6083 80 173 182
6084 79 229 181
6085 78 162 181
6086 77 54 180
6087 76 18 180
6088 75 6 179
6089 74 2 179
6090 73 172 178
6091 72 143 178
6092 71 219 177
6093 70 73 177
6094 69 110 176
6095 68 208 176
6096 67 155 175
6097 66 223 175
6098 65 160 174
6099 64 139 174
6100 82 5 184
6101 81 173 183
6102 80 229 183
6103 79 162 182
6104 78 54 182
6105 77 18 181
6106 76 6 181
6107 75 2 180
6108 74 172 180
6109 73 143 179
6110 72 219 179
6111 71 73 178
6112 70 110 178
6113 69 208 177
6114 68 155 177
6115 67 223 176
6116 66 160 176
6117 83 5 185
6118 82 173 185
6119 81 229 184
6120 80 162 184
6121 79 54 183
6122 78 18 183
6123 77 6 182
6124 76 2 182
6125 75 172 181
6126 74 143 181
6127 73 219 180
6128 72 73 180
6129 71 110 179
6130 70 208 179
6131 69 155 178
6132 68 223 178
6133 84 5 187
6134 83 173 186
6135 82 229 186
6136 81 162 185
6137 80 54 185
6138 79 18 184
6139 78 6 184
6140 77 2 183
6141 76 172 183
6142 75 143 182
6143 74 219 182
6144 73 73 181
6145 72 110 181
6146 71 208 180
6147 70 155 180
6148 85 5 188
6149 84 173 188
6150 83 229 187
6151 82 162 187
6152 81 54 186
6153 80 18 186
6154 79 6 185
6155 78 2 185
6156 77 172 184
6157 76 143 184
6158 75 219 183
6159 74 73 183
6160 73 110 182
6161 72 208 182
6162 86 5 190
6163 85 173 189
6164 84 229 189
6165 83 162 188
6166 82 54 188
6167 81 18 187
6168 80 6 187
6169 79 2 186
6170 78 172 186
6171 77 143 185
6172 76 219 185
6173 75 73 184
6174 74 110 184
6175 87 5 191
6176 86 173 191
6177 85 229 190
6178 84 162 190
6179 83 54 189
6180 82 18 189
6181 81 6 188
6182 80 2 188
6183 79 172 187
6184 78 143 187
6185 77 219 186
6186 76 73 186
6187 88 5 193
6188 87 173 192
6189 86 229 192
6190 85 162 191
6191 84 54 191
6192 83 18 190
6193 82 6 190
6194 81 2 189
6195 80 172 189
6196 79 143 188
6197 78 219 188
6198 89 5 194
6199 88 173 194
6200 87 229 193
6201 86 162 193
6202 85 54 192
6203 84 18 192
6204 83 6 191
6205 82 2 191
6206 81 172 190
6207 80 143 190
6208 90 5 196
6209 89 173 195
6210 88 229 195
6211 87 162 194
6212 86 54 194
6213 85 18 193
6214 84 6 193
6215 83 2 192
6216 82 172 192
6217 91 5 197
6218 90 173 197
6219 89 229 196
6220 88 162 196
6221 87 54 195
6222 86 18 195
6223 85 6 194
6224 84 2 194
6225 92 5 199
6226 91 173 198
6227 90 229 198
6228 89 162 197
6229 88 54 197
6230 87 18 196
6231 86 6 196
6232 93 5 200
6233 92 173 200
6234 91 229 199
6235 90 162 199
6236 89 54 198
6237 88 18 198
6238 94 5 202
6239 93 173 201
6240 92 229 201
6241 91 162 200
6242 90 54 200
6243 95 5 203
6244 94 173 203
6245 93 229 202
6246 92 162 202
6247 96 5 205
6248 95 173 204
6249 94 229 204
6250 97 5 206
6251 96 173 206
6252 98 5 208
6253 99 193 209
6254 97 241 207
6255 95 253 205
6256 93 256 203
6257 91 64 201
6258 89 16 199
6259 87 4 197
6260 85 1 195
6261 83 193 193
6262 81 241 191
6263 79 253 189
6264 77 256 187
6265 75 64 185
6266 73 16 183
6267 71 4 181
6268 69 1 179
6269 67 193 177
6270 65 241 175
6271 63 253 173
6272 61 256 171
6273 59 64 169
6274 57 16 167
6275 55 4 165
6276 53 1 163
6277 51 193 161
6278 49 241 159
6279 47 253 157
6280 45 256 155
6281 43 64 153
6282 41 16 151
6283 39 4 149
6284 37 1 147
6285 35 193 145
6286 33 241 143
6287 31 253 141
6288 29 256 139
6289 27 64 137
6290 25 16 135
6291 23 4 133
6292 21 1 131
6293 19 193 129
6294 17 241 127
6295 15 253 125
6296 100 193 211
6297 98 241 209
6298 96 253 207
6299 94 256 205
6300 92 64 203
6301 90 16 201
6302 88 4 199
6303 86 1 197
6304 84 193 195
6305 82 241 193
6306 80 253 191
6307 78 256 189
6308 76 64 187
6309 74 16 185
6310 72 4 183
6311 70 1 181
6312 68 193 179
6313 66 241 177
6314 64 253 175
6315 62 256 173
6316 60 64 171
6317 58 16 169
6318 56 4 167
6319 54 1 165
6320 52 193 163
6321 50 241 161
6322 48 253 159
6323 46 256 157
6324 44 64 155
6325 42 16 153
6326 40 4 151
6327 38 1 149
6328 36 193 147
6329 34 241 145
6330 32 253 143
6331 30 256 141
6332 28 64 139
6333 26 16 137
6334 24 4 135
6335 22 1 133
6336 20 193 131
6337 101 193 212
6338 99 241 210
6339 97 253 208
6340 95 256 206
6341 93 64 204
6342 91 16 202
6343 89 4 200
6344 87 1 198
6345 85 193 196
6346 83 241 194
6347 81 253 192
6348 79 256 190
6349 77 64 188
6350 75 16 186
6351 73 4 184
6352 71 1 182
6353 69 193 180
6354 67 241 178
6355 65 253 176
6356 63 256 174
6357 61 64 172
6358 59 16 170
6359 57 4 168
6360 55 1 166
6361 53 193 164
6362 51 241 162
6363 49 253 160
6364 47 256 158
6365 45 64 156
6366 43 16 154
6367 41 4 152
6368 39 1 150
6369 37 193 148
6370 35 241 146
6371 33 253 144
6372 31 256 142
6373 29 64 140
6374 27 16 138
6375 25 4 136
6376 102 193 214
6377 100 241 212
6378 98 253 210
6379 96 256 208
6380 94 64 206
6381 92 16 204
6382 90 4 202
6383 88 1 200
6384 86 193 198
6385 84 241 196
6386 82 253 194
6387 80 256 192
6388 78 64 190
6389 76 16 188
6390 74 4 186
6391 72 1 184
6392 70 193 182
6393 68 241 180
6394 66 253 178
6395 64 256 176
6396 62 64 174
6397 60 16 172
6398 58 4 170
6399 56 1 168
6400 54 193 166
6401 52 241 164
6402 50 253 162
6403 48 256 160
6404 46 64 158
6405 44 16 156
6406 42 4 154
6407 40 1 152
6408 38 193 150
6409 36 241 148
6410 34 253 146
6411 32 256 144
6412 30 64 142
6413 103 193 215
6414 101 241 213
6415 99 253 211
6416 97 256 209
6417 95 64 207
6418 93 16 205
6419 91 4 203
6420 89 1 201
6421 87 193 199
6422 85 241 197
6423 83 253 195
6424 81 256 193
6425 79 64 191
6426 77 16 189
6427 75 4 187
6428 73 1 185
6429 71 193 183
6430 69 241 181
6431 67 253 179
6432 65 256 177
6433 63 64 175
6434 61 16 173
6435 59 4 171
6436 57 1 169
6437 55 193 167
6438 53 241 165
6439 51 253 163
6440 49 256 161
6441 47 64 159
6442 45 16 157
6443 43 4 155
6444 41 1 153
6445 39 193 151
6446 37 241 149
6447 35 253 147
6448 104 193 217
6449 102 241 215
6450 100 253 213
6451 98 256 211
6452 96 64 209
6453 94 16 207
6454 92 4 205
6455 90 1 203
6456 88 193 201
6457 86 241 199
6458 84 253 197
6459 82 256 195
6460 80 64 193
6461 78 16 191
6462 76 4 189
6463 74 1 187
6464 72 193 185
6465 70 241 183
6466 68 253 181
6467 66 256 179
6468 64 64 177
6469 62 16 175
6470 60 4 173
6471 58 1 171
6472 56 193 169
6473 54 241 167
6474 52 253 165
6475 50 256 163
6476 48 64 161
6477 46 16 159
6478 44 4 157
6479 42 1 155
6480 40 193 153
6481 105 193 218
6482 103 241 216
6483 101 253 214
6484 99 256 212
6485 97 64 210
6486 95 16 208
6487 93 4 206
6488 91 1 204
6489 89 193 202
6490 87 241 200
6491 85 253 198
6492 83 256 196
6493 81 64 194
6494 79 16 192
6495 77 4 190
6496 75 1 188
6497 73 193 186
6498 71 241 184
6499 69 253 182
6500 67 256 180
6501 65 64 178
6502 63 16 176
6503 61 4 174
6504 59 1 172
6505 57 193 170
6506 55 241 168
6507 53 253 166
6508 51 256 164
6509 49 64 162
6510 47 16 160
6511 45 4 158
6512 106 193 220
6513 104 241 218
6514 102 253 216
6515 100 256 214
6516 98 64 212
6517 96 16 210
6518 94 4 208
6519 92 1 206
6520 90 193 204
6521 88 241 202
6522 86 253 200
6523 84 256 198
6524 82 64 196
6525 80 16 194
6526 78 4 192
6527 76 1 190
6528 74 193 188
6529 72 241 186
6530 70 253 184
6531 68 256 182
6532 66 64 180
6533 64 16 178
6534 62 4 176
6535 60 1 174
6536 58 193 172
6537 56 241 170
6538 54 253 168
6539 52 256 166
6540 50 64 164
6541 107 193 221
6542 105 241 219
6543 103 253 217
6544 101 256 215
6545 99 64 213
6546 97 16 211
6547 95 4 209
6548 93 1 207
6549 91 193 205
6550 89 241 203
6551 87 253 201
6552 85 256 199
6553 83 64 197
6554 81 16 195
6555 79 4 193
6556 77 1 191
6557 75 193 189
6558 73 241 187
6559 71 253 185
6560 69 256 183
6561 67 64 181
6562 65 16 179
6563 63 4 177
6564 61 1 175
6565 59 193 173
6566 57 241 171
6567 55 253 169
6568 108 193 223
6569 106 241 221
6570 104 253 219
6571 102 256 217
6572 100 64 215
6573 98 16 213
6574 96 4 211
6575 94 1 209
6576 92 193 207
6577 90 241 205
6578 88 253 203
6579 86 256 201
6580 84 64 199
6581 82 16 197
6582 80 4 195
6583 78 1 193
6584 76 193 191
6585 74 241 189
6586 72 253 187
6587 70 256 185
6588 68 64 183
6589 66 16 181
6590 64 4 179
6591 62 1 177
6592 60 193 175
6593 109 193 224
6594 107 241 222
6595 105 253 220
6596 103 256 218
6597 101 64 216
6598 99 16 214
6599 97 4 212
6600 95 1 210
6601 93 193 208
6602 91 241 206
6603 89 253 204
6604 87 256 202
6605 85 64 200
6606 83 16 198
6607 81 4 196
6608 79 1 194
6609 77 193 192
6610 75 241 190
6611 73 253 188
6612 71 256 186
6613 69 64 184
6614 67 16 182
6615 65 4 180
6616 110 193 226
6617 108 241 224
6618 106 253 222
6619 104 256 220
6620 102 64 218
6621 100 16 216
6622 98 4 214
6623 96 1 212
6624 94 193 210
6625 92 241 208
6626 90 253 206
6627 88 256 204
6628 86 64 202
6629 84 16 200
6630 82 4 198
6631 80 1 196
6632 78 193 194
6633 76 241 192
6634 74 253 190
6635 72 256 188
6636 70 64 186
6637 111 193 227
6638 109 241 225
6639 107 253 223
6640 105 256 221
6641 103 64 219
6642 101 16 217
6643 99 4 215
6644 97 1 213
6645 95 193 211
6646 93 241 209
6647 91 253 207
6648 89 256 205
6649 87 64 203
6650 85 16 201
6651 83 4 199
6652 81 1 197
6653 79 193 195
6654 77 241 193
6655 75 253 191
6656 112 193 229
6657 110 241 227
6658 108 253 225
6659 106 256 223
6660 104 64 221
6661 102 16 219
6662 100 4 217
6663 98 1 215
6664 96 193 213
6665 94 241 211
6666 92 253 209
6667 90 256 207
6668 88 64 205
6669 86 16 203
6670 84 4 201
6671 82 1 199
6672 80 193 197
6673 113 193 230
6674 111 241 228
6675 109 253 226
6676 107 256 224
6677 105 64 222
6678 103 16 220
6679 101 4 218
6680 99 1 216
6681 97 193 214
6682 95 241 212
6683 93 253 210
6684 91 256 208
6685 89 64 206
6686 87 16 204
6687 85 4 202
6688 114 193 232
6689 112 241 230
6690 110 253 228
6691 108 256 226
6692 106 64 224
6693 104 16 222
6694 102 4 220
6695 100 1 218
6696 98 193 216
6697 96 241 214
6698 94 253 212
6699 92 256 210
6700 90 64 208
6701 115 193 233
6702 113 241 231
6703 111 253 229
6704 109 256 227
6705 107 64 225
6706 105 16 223
6707 103 4 221
6708 101 1 219
6709 99 193 217
6710 97 241 215
6711 95 253 213
6712 116 193 235
6713 114 241 233
6714 112 253 231
6715 110 256 229
6716 108 64 227
6717 106 16 225
6718 104 4 223
6719 102 1 221
6720 100 193 219
6721 117 193 236
6722 115 241 234
6723 113 253 232
6724 111 256 230
6725 109 64 228
6726 107 16 226
6727 105 4 224
6728 118 193 238
6729 116 241 236
6730 114 253 234
6731 112 256 232
6732 110 64 230
6733 119 193 239
6734 117 241 237
6735 115 253 235
6736 120 193 241
6737 0 193 117
6738 0 193 118
6739 0 193 119
6740 0 193 120
6741 0 193 121
6742 0 193 122
6743 0 193 123
6744 0 193 124
6745 0 193 125
6746 0 193 126
6747 0 193 127
6748 0 193 128
6749 0 193 129
6750 0 193 130
6751 0 193 131
6752 0 193 132
6753 0 193 133
6754 0 193 134
6755 0 193 135
6756 0 193 136
6757 0 193 137
6758 0 193 138
6759 0 193 139
6760 0 193 140
6761 0 193 141
6762 0 193 142
6763 0 193 143
6764 0 193 144
6765 0 193 145
6766 0 193 146
6767 0 193 147
6768 0 193 148
6769 0 193 149
6770 0 193 150
6771 0 193 151
6772 0 193 152
6773 0 193 153
6774 0 193 154
6775 0 193 155
6776 0 193 156
6777 1 225 117
6778 1 225 118
6779 1 225 119
6780 1 225 120
6781 1 225 121
6782 1 225 122
6783 1 225 123
6784 1 225 124
6785 1 225 125
6786 1 225 126
6787 1 225 127
6788 1 225 128
6789 1 225 129
6790 1 225 130
6791 1 225 131
6792 1 225 132
6793 1 225 133
6794 1 225 134
6795 1 225 135
6796 1 225 136
6797 1 225 137
6798 1 225 138
6799 1 225 139
6800 1 225 140
6801 1 225 141
6802 1 225 142
6803 1 225 143
6804 1 225 144
6805 1 225 145
6806 1 225 146
6807 1 225 147
6808 1 225 148
6809 1 225 149
6810 1 225 150
6811 1 225 151
6812 1 225 152
6813 1 225 153
6814 1 225 154
6815 1 225 155
6816 2 241 117
6817 2 241 118
6818 2 241 119
6819 2 241 120
6820 2 241 121
6821 2 241 122
6822 2 241 123
6823 2 241 124
6824 2 241 125
6825 2 241 126
6826 2 241 127
6827 2 241 128
6828 2 241 129
6829 2 241 130
6830 2 241 131
6831 2 241 132
6832 2 241 133
6833 2 241 134
6834 2 241 135
6835 2 241 136
6836 2 241 137
6837 2 241 138
6838 2 241 139
6839 2 241 140
6840 2 241 141
6841 2 241 142
6842 2 241 143
6843 2 241 144
6844 2 241 145
6845 2 241 146
6846 2 241 147
6847 2 241 148
6848 2 241 149
6849 2 241 150
6850 2 241 151
6851 2 241 152
6852 2 241 153
6853 2 241 154
6854 3 249 117
6855 3 249 118
6856 3 249 119
6857 3 249 120
6858 3 249 121
6859 3 249 122
6860 3 249 123
6861 3 249 124
6862 3 249 125
6863 3 249 126
6864 3 249 127
6865 3 249 128
6866 3 249 129
6867 3 249 130
6868 3 249 131
6869 3 249 132
6870 3 249 133
6871 3 249 134
6872 3 249 135
6873 3 249 136
6874 3 249 137
6875 3 249 138
6876 3 249 139
6877 3 249 140
6878 3 249 141
6879 3 249 142
6880 3 249 143
6881 3 249 144
6882 3 249 145
6883 3 249 146
6884 3 249 147
6885 3 249 148
6886 3 249 149
6887 3 249 150
6888 3 249 151
6889 3 249 152
6890 3 249 153
6891 4 249 118
6892 5 4 118
6893 4 253 119
6894 4 253 120
6895 4 253 121
6896 4 253 122
6897 4 253 123
6898 4 253 124
6899 4 253 125
6900 4 253 126
6901 4 253 127
6902 4 253 128
6903 4 253 129
6904 4 253 130
6905 4 253 131
6906 4 253 132
6907 4 253 133
6908 4 253 134
6909 4 253 135
6910 4 253 136
6911 4 253 137
6912 4 253 138
6913 4 253 139
6914 4 253 140
6915 4 253 141
6916 4 253 142
6917 4 253 143
6918 4 253 144
6919 4 253 145
6920 4 253 146
6921 4 253 147
6922 4 253 148
6923 4 253 149
6924 4 253 150
6925 4 253 151
6926 4 253 152
6927 5 249 119
6928 6 4 119
6929 7 255 119
6930 5 255 120
6931 5 255 121
6932 5 255 122
6933 5 255 123
6934 5 255 124
6935 5 255 125
6936 5 255 126
6937 5 255 127
6938 5 255 128
6939 5 255 129
6940 5 255 130
6941 5 255 131
6942 5 255 132
6943 5 255 133
6944 5 255 134
6945 5 255 135
6946 5 255 136
6947 5 255 137
6948 5 255 138
6949 5 255 139
6950 5 255 140
6951 5 255 141
6952 5 255 142
6953 5 255 143
6954 5 255 144
6955 5 255 145
6956 5 255 146
6957 5 255 147
6958 5 255 148
6959 5 255 149
6960 5 255 150
6961 5 255 151
6962 6 249 120
6963 7 4 120
6964 8 255 120
6965 9 1 120
6966 6 256 121
6967 6 256 122
6968 6 256 123
6969 6 256 124
6970 6 256 125
6971 6 256 126
6972 6 256 127
6973 6 256 128
6974 6 256 129
6975 6 256 130
6976 6 256 131
6977 6 256 132
6978 6 256 133
6979 6 256 134
6980 6 256 135
6981 6 256 136
6982 6 256 137
6983 6 256 138
6984 6 256 139
6985 6 256 140
6986 6 256 141
6987 6 256 142
6988 6 256 143
6989 6 256 144
6990 6 256 145
6991 6 256 146
6992 6 256 147
6993 6 256 148
6994 6 256 149
6995 6 256 150
6996 7 249 121
6997 8 4 121
6998 9 255 121
6999 10 1 121
7000 11 128 121
7001 7 128 122
7002 7 128 123
7003 7 128 124
7004 7 128 125
7005 7 128 126
7006 7 128 127
7007 7 128 128
7008 7 128 129
7009 7 128 130
7010 7 128 131
7011 7 128 132
7012 7 128 133
7013 7 128 134
7014 7 128 135
7015 7 128 136
7016 7 128 137
7017 7 128 138
7018 7 128 139
7019 7 128 140
7020 7 128 141
7021 7 128 142
7022 7 128 143
7023 7 128 144
7024 7 128 145
7025 7 128 146
7026 7 128 147
7027 7 128 148
7028 7 128 149
7029 8 249 122
7030 9 4 122
7031 10 255 122
7032 11 1 122
7033 8 256 123
7034 12 64 123
7035 13 225 123
7036 8 64 124
7037 8 64 125
7038 8 64 126
7039 8 64 127
7040 8 64 128
7041 8 64 129
7042 8 64 130
7043 8 64 131
7044 8 64 132
7045 8 64 133
7046 8 64 134
7047 8 64 135
7048 8 64 136
7049 8 64 137
7050 8 64 138
7051 8 64 139
7052 8 64 140
7053 8 64 141
7054 8 64 142
7055 8 64 143
7056 8 64 144
7057 8 64 145
7058 8 64 146
7059 8 64 147
7060 8 64 148
7061 9 249 123
7062 10 4 123
7063 11 255 123
7064 9 255 124
7065 12 129 124
7066 13 64 124
7067 9 128 125
7068 14 241 125
7069 9 64 126
7070 15 4 126
7071 9 32 127
7072 9 32 128
7073 9 32 129
7074 9 32 130
7075 9 32 131
7076 9 32 132
7077 9 32 133
7078 9 32 134
7079 9 32 135
7080 9 32 136
7081 9 32 137
7082 9 32 138
7083 9 32 139
7084 9 32 140
7085 9 32 141
7086 9 32 142
7087 9 32 143
7088 9 32 144
7089 9 32 145
7090 9 32 146
7091 9 32 147
7092 10 249 124
7093 11 4 124
7094 10 253 125
7095 12 256 125
7096 13 129 125
7097 10 256 126
7098 14 32 126
7099 10 128 127
7100 15 249 127
7101 16 4 127
7102 10 32 128
7103 17 256 128
7104 10 16 129
7105 10 16 130
7106 10 16 131
7107 10 16 132
7108 10 16 133
7109 10 16 134
7110 10 16 135
7111 10 16 136
7112 10 16 137
7113 10 16 138
7114 10 16 139
7115 10 16 140
7116 10 16 141
7117 10 16 142
7118 10 16 143
7119 10 16 144
7120 10 16 145
7121 10 16 146
7122 11 249 125
7123 11 249 126
7124 12 2 126
7125 13 256 126
7126 11 255 127
7127 14 193 127
7128 11 256 128
7129 15 16 128
7130 16 249 128
7131 11 64 129
7132 17 2 129
7133 18 256 129
7134 11 16 130
7135 19 193 130
7136 11 8 131
7137 11 8 132
7138 11 8 133
7139 11 8 134
7140 11 8 135
7141 11 8 136
7142 11 8 137
7143 11 8 138
7144 11 8 139
7145 11 8 140
7146 11 8 141
7147 11 8 142
7148 11 8 143
7149 11 8 144
7150 11 8 145
7151 12 249 127
7152 13 237 127
7153 12 94 128
7154 13 188 128
7155 14 128 128
7156 12 255 129
7157 15 225 129
7158 16 16 129
7159 12 128 130
7160 17 253 130
7161 18 2 130
7162 12 32 131
7163 19 128 131
7164 12 16 132
7165 20 225 132
7166 21 16 132
7167 12 4 133
7168 12 4 134
7169 12 4 135
7170 12 4 136
7171 12 4 137
7172 12 4 138
7173 12 4 139
7174 12 4 140
7175 12 4 141
7176 12 4 142
7177 12 4 143
7178 12 4 144
7179 13 249 129
7180 14 237 129
7181 13 94 130
7182 14 188 130
7183 15 128 130
7184 16 121 130
7185 13 195 131
7186 16 68 131
7187 17 8 131
7188 18 253 131
7189 13 64 132
7190 19 1 132
7191 13 32 133
7192 20 64 133
7193 21 225 133
7194 13 8 134
7195 22 8 134
7196 23 253 134
7197 13 2 135
7198 13 2 136
7199 13 2 137
7200 13 2 138
7201 13 2 139
7202 13 2 140
7203 13 2 141
7204 13 2 142
7205 13 2 143
7206 14 249 131
7207 15 237 131
7208 14 94 132
7209 15 188 132
7210 16 128 132
7211 17 121 132
7212 18 8 132
7213 14 189 133
7214 17 129 133
7215 18 243 133
7216 19 255 133
7217 14 64 134
7218 20 129 134
7219 21 64 134
7220 14 16 135
7221 22 241 135
7222 23 8 135
7223 14 4 136
7224 24 255 136
7225 14 2 137
7226 25 129 137
7227 14 1 138
7228 14 1 139
7229 14 1 140
7230 14 1 141
7231 14 1 142
7232 15 249 133
7233 16 237 133
7234 15 94 134
7235 16 188 134
7236 17 128 134
7237 18 121 134
7238 19 8 134
7239 15 189 135
7240 18 129 135
7241 19 243 135
7242 20 255 135
7243 21 68 135
7244 15 124 136
7245 21 104 136
7246 22 32 136
7247 23 241 136
7248 15 8 137
7249 24 4 137
7250 15 4 138
7251 25 256 138
7252 26 129 138
7253 15 1 139
7254 27 32 139
7255 15 129 140
7256 15 129 141
7257 16 249 135
7258 17 237 135
7259 16 94 136
7260 17 188 136
7261 18 128 136
7262 19 121 136
7263 20 8 136
7264 16 189 137
7265 19 129 137
7266 20 243 137
7267 21 255 137
7268 22 68 137
7269 23 18 137
7270 16 55 138
7271 22 5 138
7272 23 76 138
7273 24 249 138
7274 16 8 139
7275 25 2 139
7276 26 256 139
7277 16 2 140
7278 27 193 140
7279 28 32 140
7280 16 129 141
7281 17 249 137
7282 18 237 137
7283 17 94 138
7284 18 188 138
7285 19 128 138
7286 20 121 138
7287 21 8 138
7288 17 189 139
7289 20 129 139
7290 21 243 139
7291 22 255 139
7292 23 68 139
7293 24 18 139
7294 17 55 140
7295 23 5 140
7296 24 76 140
7297 25 249 140
7298 26 88 140
7299 17 148 141
7300 26 252 141
7301 27 128 141
7302 28 193 141
7303 29 176 141
7304 18 249 139
7305 19 237 139
7306 18 94 140
7307 19 188 140
7308 20 128 140
7309 21 121 140
7310 22 8 140
7311 18 189 141
7312 21 129 141
7313 22 243 141
7314 23 255 141
7315 24 68 141
7316 25 18 141
7317 15 52 142
7318 16 143 142
7319 17 23 142
7320 18 33 142
7321 24 59 142
7322 25 188 142
7323 26 186 142
7324 27 254 142
7325 29 44 142
7326 19 249 141
7327 20 237 141
7328 19 94 142
7329 20 188 142
7330 21 128 142
7331 22 121 142
7332 23 8 142
7333 28 177 142
7334 14 189 143
7335 15 232 143
7336 16 250 143
7337 17 94 143
7338 18 209 143
7339 19 58 143
7340 22 154 143
7341 23 17 143
7342 24 75 143
7343 25 123 143
7344 26 105 143
7345 27 165 143
7346 28 22 143
7347 20 249 143
7348 21 237 143
7349 29 210 143
7350 30 233 143
7351 31 32 143
7352 13 80 144
7353 14 85 144
7354 15 178 144
7355 16 234 144
7356 17 128 144
7357 18 226 144
7358 19 106 144
7359 20 156 144
7360 21 11 144
7361 22 40 144
7362 23 5 144
7363 24 110 144
7364 25 120 144
7365 26 13 144
7366 27 92 144
7367 28 221 144
7368 29 44 144
7369 30 253 144
7370 31 35 144
7371 12 48 145
7372 13 248 145
7373 14 97 145
7374 15 76 145
7375 16 70 145
7376 17 152 145
7377 18 12 145
7378 19 218 145
7379 20 85 145
7380 21 85 145
7381 22 121 145
7382 23 87 145
7383 24 113 145
7384 25 32 145
7385 26 156 145
7386 27 147 145
7387 28 41 145
7388 29 83 145
7389 30 53 145
7390 31 202 145
7391 32 244 145
7392 33 235 145
7393 11 120 146
7394 12 203 146
7395 13 192 146
7396 14 256 146
7397 15 225 146
7398 16 247 146
7399 17 94 146
7400 18 127 146
7401 19 19 146
7402 20 22 146
7403 21 256 146
7404 22 196 146
7405 23 228 146
7406 24 181 146
7407 25 12 146
7408 26 26 146
7409 27 202 146
7410 28 224 146
7411 29 90 146
7412 30 164 146
7413 31 160 146
7414 32 70 146
7415 33 113 146
7416 10 55 147
7417 11 218 147
7418 12 173 147
7419 13 201 147
7420 14 221 147
7421 15 27 147
7422 16 135 147
7423 17 174 147
7424 18 247 147
7425 19 23 147
7426 20 139 147
7427 21 253 147
7428 22 79 147
7429 23 119 147
7430 24 188 147
7431 25 32 147
7432 26 56 147
7433 27 100 147
7434 28 76 147
7435 29 225 147
7436 30 157 147
7437 31 189 147
7438 32 83 147
7439 33 30 147
7440 34 83 147
7441 9 129 148
7442 10 56 148
7443 11 53 148
7444 12 92 148
7445 13 56 148
7446 14 112 148
7447 15 197 148
7448 16 124 148
7449 17 230 148
7450 18 154 148
7451 19 23 148
7452 20 216 148
7453 21 3 148
7454 22 189 148
7455 23 127 148
7456 24 29 148
7457 25 240 148
7458 26 137 148
7459 27 148 148
7460 28 3 148
7461 29 106 148
7462 30 158 148
7463 31 137 148
7464 32 13 148
7465 33 157 148
7466 34 68 148
7467 35 201 148
7468 8 111 149
7469 9 197 149
7470 10 240 149
7471 11 179 149
7472 12 189 149
7473 13 99 149
7474 14 115 149
7475 15 211 149
7476 16 166 149
7477 17 35 149
7478 18 111 149
7479 19 242 149
7480 20 181 149
7481 21 137 149
7482 22 13 149
7483 23 135 149
7484 24 193 149
7485 25 3 149
7486 26 191 149
7487 27 99 149
7488 28 53 149
7489 29 45 149
7490 30 95 149
7491 31 254 149
7492 32 41 149
7493 33 145 149
7494 34 178 149
7495 35 154 149
7496 36 240 149
7497 7 209 150
7498 8 223 150
7499 9 148 150
7500 10 66 150
7501 12 253 150
7502 14 27 150
7503 15 9 150
7504 16 73 150
7505 17 12 150
7506 18 17 150
7507 19 183 150
7508 20 157 150
7509 21 190 150
7510 22 78 150
7511 23 168 150
7512 24 139 150
7513 25 159 150
7514 26 182 150
7515 27 139 150
7516 28 231 150
7517 29 53 150
7518 30 182 150
7519 31 86 150
7520 32 94 150
7521 33 177 150
7522 34 150 150
7523 35 25 150
7524 36 40 150
7525 37 255 150
7526 6 40 151
7527 7 206 151
7528 8 112 151
7529 20 60 151
7530 22 205 151
7531 24 86 151
7532 25 93 151
7533 26 174 151
7534 27 216 151
7535 28 154 151
7536 29 10 151
7537 30 233 151
7538 31 229 151
7539 32 21 151
7540 33 42 151
7541 34 28 151
7542 35 10 151
7543 36 139 151
7544 37 9 151
7545 38 159 151
7546 5 48 152
7547 6 150 152
7548 30 190 152
7549 32 56 152
7550 34 19 152
7551 35 147 152
7552 36 3 152
7553 37 204 152
7554 38 189 152
7555 39 2 152
7556 4 249 153
7557 40 255 154
7558 39 128 153
7559 38 64 153
7560 37 16 153
7561 36 8 153
7562 35 2 153
7563 34 1 153
7564 33 193 152
7565 32 225 153
7566 31 249 152
7567 30 253 153
7568 29 256 152
7569 28 128 152
7570 27 32 152
7571 26 16 152
7572 25 4 152
7573 24 2 152
7574 23 129 151
7575 22 193 152
7576 21 241 151
7577 20 249 152
7578 19 255 151
7579 18 256 151
7580 17 64 151
7581 16 32 151
7582 15 8 151
7583 14 4 151
7584 13 1 150
7585 12 129 151
7586 11 225 150
7587 10 241 151
7588 9 253 151
7589 11 141 151
7590 13 138 151
7591 7 165 152
7592 8 161 152
7593 9 228 152
7594 10 37 152
7595 11 244 152
7596 13 43 152
7597 15 123 152
7598 17 71 152
7599 18 1 152
7600 41 256 154
7601 40 128 155
7602 39 32 154
7603 38 16 154
7604 37 4 154
7605 36 2 154
7606 35 129 154
7607 34 193 154
7608 33 241 153
7609 32 249 154
7610 31 255 153
7611 30 256 154
7612 29 64 153
7613 28 32 153
7614 27 8 153
7615 26 4 153
7616 25 1 153
7617 24 129 153
7618 23 225 152
7619 22 241 153
7620 21 253 152
7621 20 255 153
7622 19 128 152
7623 5 40 153
7624 6 253 153
7625 16 8 152
7626 7 106 153
7627 14 1 152
7628 8 132 153
7629 12 225 152
7630 9 51 153
7631 10 253 153
7632 11 213 153
7633 12 58 153
7634 13 148 153
7635 14 40 153
7636 15 184 153
7637 16 2 153
7638 17 149 153
7639 18 118 153
7640 19 185 153
7641 21 54 153
7642 42 256 156
7643 41 64 155
7644 40 32 156
7645 39 8 155
7646 38 4 155
7647 37 1 155
7648 36 129 155
7649 35 225 155
7650 34 241 155
7651 33 253 154
7652 32 255 155
7653 31 128 154
7654 30 64 155
7655 29 16 154
7656 28 8 154
7657 27 2 154
7658 26 1 154
7659 25 193 154
7660 24 225 154
7661 23 249 153
7662 22 253 154
7663 3 121 154
7664 20 128 154
7665 4 116 154
7666 5 74 154
7667 6 29 154
7668 7 18 154
7669 8 202 154
7670 9 125 154
7671 10 49 154
7672 11 112 154
7673 12 16 154
7674 13 209 154
7675 14 120 154
7676 15 124 154
7677 16 231 154
7678 17 93 154
7679 18 93 154
7680 19 215 154
7681 21 234 154
7682 23 186 154
7683 43 128 156
7684 42 64 157
7685 41 16 156
7686 40 8 157
7687 39 2 156
7688 38 1 156
7689 37 193 156
7690 36 225 156
7691 35 249 156
7692 34 253 156
7693 33 256 155
7694 32 128 156
7695 31 32 155
7696 30 16 156
7697 29 4 155
7698 28 2 155
7699 27 129 155
7700 26 193 155
7701 25 241 155
7702 24 249 155
7703 2 135 155
7704 22 256 155
7705 3 7 155
7706 20 32 155
7707 4 30 155
7708 5 151 155
7709 6 243 155
7710 7 87 155
7711 8 140 155
7712 9 179 155
7713 10 107 155
7714 11 59 155
7715 12 249 155
7716 13 185 155
7717 14 197 155
7718 15 153 155
7719 16 65 155
7720 17 59 155
7721 18 155 155
7722 19 205 155
7723 44 128 158
7724 43 32 157
7725 42 16 158
7726 41 4 157
7727 40 2 158
7728 39 129 157
7729 38 193 157
7730 37 241 157
7731 36 249 157
7732 35 255 157
7733 34 256 157
7734 33 64 156
7735 32 32 157
7736 31 8 156
7737 30 4 157
7738 29 1 156
7739 28 129 156
7740 27 225 156
7741 26 241 156
7742 25 253 156
7743 24 255 156
7744 23 128 155
7745 22 64 156
7746 21 16 155
7747 20 8 156
7748 1 200 156
7749 2 48 156
7750 3 48 156
7751 4 174 156
7752 5 182 156
7753 6 144 156
7754 7 227 156
7755 8 96 156
7756 9 51 156
7757 10 204 156
7758 12 66 156
7759 11 227 156
7760 13 110 156
7761 14 244 156
7762 45 64 159
7763 44 32 159
7764 43 8 158
7765 42 4 159
7766 41 1 158
7767 40 129 159
7768 39 225 158
7769 38 241 158
7770 37 253 158
7771 36 255 158
7772 35 128 158
7773 34 64 158
7774 33 16 157
7775 32 8 158
7776 31 2 157
7777 30 1 158
7778 29 193 157
7779 28 225 157
7780 27 249 157
7781 26 253 157
7782 25 256 157
7783 24 128 157
7784 23 32 156
7785 22 16 157
7786 21 4 156
7787 20 2 157
7788 19 129 156
7789 18 193 156
7790 17 241 156
7791 16 249 156
7792 15 255 156
7793 0 23 157
7794 1 98 157
7795 2 110 157
7796 4 193 157
7797 6 169 157
7798 8 30 157
7799 10 138 157
7800 46 64 160
7801 45 16 160
7802 44 8 160
7803 43 2 159
7804 42 1 160
7805 41 193 159
7806 40 225 160
7807 39 249 159
7808 38 253 159
7809 37 256 159
7810 36 128 159
7811 35 32 159
7812 34 16 159
7813 33 4 158
7814 32 2 159
7815 31 129 158
7816 30 193 159
7817 29 241 158
7818 28 249 158
7819 27 255 158
7820 26 256 158
7821 25 64 158
7822 24 32 158
7823 23 8 157
7824 22 4 158
7825 21 1 157
7826 20 129 158
7827 19 225 157
7828 18 241 157
7829 17 253 157
7830 16 255 157
7831 15 128 157
7832 14 64 157
7833 12 154 157
7834 13 48 157
7835 0 124 158
7836 1 216 158
7837 47 32 161
7838 46 16 161
7839 45 4 161
7840 44 2 161
7841 43 129 160
7842 42 193 161
7843 41 241 160
7844 40 249 161
7845 39 255 160
7846 38 256 160
7847 37 64 160
7848 36 32 160
7849 35 8 160
7850 34 4 160
7851 33 1 159
7852 32 129 160
7853 31 225 159
7854 30 241 160
7855 29 253 159
7856 28 255 159
7857 27 128 159
7858 26 64 159
7859 25 16 159
7860 24 8 159
7861 23 2 158
7862 22 1 159
7863 21 193 158
7864 20 225 159
7865 19 249 158
7866 18 253 158
7867 17 256 158
7868 16 128 158
7869 15 32 158
7870 14 16 158
7871 12 59 158
7872 0 154 159
7873 48 32 162
7874 47 8 162
7875 46 4 162
7876 45 1 162
7877 44 129 162
7878 43 225 161
7879 42 241 162
7880 41 253 161
7881 40 255 162
7882 39 128 161
7883 38 64 161
7884 37 16 161
7885 36 8 161
7886 35 2 161
7887 34 1 161
7888 33 193 160
7889 32 225 161
7890 31 249 160
7891 30 253 161
7892 29 256 160
7893 28 128 160
7894 27 32 160
7895 26 16 160
7896 25 4 160
7897 24 2 160
7898 23 129 159
7899 22 193 160
7900 21 241 159
7901 20 249 160
7902 19 255 159
7903 18 256 159
7904 17 64 159
7905 16 32 159
7906 15 8 159
7907 14 4 159
7908 49 16 163
7909 48 8 163
7910 47 2 163
7911 46 1 163
7912 45 193 163
7913 44 225 163
7914 43 249 162
7915 42 253 163
7916 41 256 162
7917 40 128 163
7918 39 32 162
7919 38 16 162
7920 37 4 162
7921 36 2 162
7922 35 129 162
7923 34 193 162
7924 33 241 161
7925 32 249 162
7926 31 255 161
7927 30 256 162
7928 29 64 161
7929 28 32 161
7930 27 8 161
7931 26 4 161
7932 25 1 161
7933 24 129 161
7934 23 225 160
7935 22 241 161
7936 21 253 160
7937 20 255 161
7938 19 128 160
7939 18 64 160
7940 17 16 160
7941 16 8 160
7942 50 16 165
7943 49 4 164
7944 48 2 164
7945 47 129 164
7946 46 193 164
7947 45 241 164
7948 44 249 164
7949 43 255 163
7950 42 256 164
7951 41 64 163
7952 40 32 164
7953 39 8 163
7954 38 4 163
7955 37 1 163
7956 36 129 163
7957 35 225 163
7958 34 241 163
7959 33 253 162
7960 32 255 163
7961 31 128 162
7962 30 64 163
7963 29 16 162
7964 28 8 162
7965 27 2 162
7966 26 1 162
7967 25 193 162
7968 24 225 162
7969 23 249 161
7970 22 253 162
7971 21 256 161
7972 20 128 162
7973 19 32 161
7974 18 16 161
7975 51 8 165
7976 50 4 166
7977 49 1 165
7978 48 129 165
7979 47 225 165
7980 46 241 165
7981 45 253 165
7982 44 255 165
7983 43 128 164
7984 42 64 165
7985 41 16 164
7986 40 8 165
7987 39 2 164
7988 38 1 164
7989 37 193 164
7990 36 225 164
7991 35 249 164
7992 34 253 164
7993 33 256 163
7994 32 128 164
7995 31 32 163
7996 30 16 164
7997 29 4 163
7998 28 2 163
7999 27 129 163
8000 26 193 163
8001 25 241 163
8002 24 249 163
8003 23 255 162
8004 22 256 163
8005 21 64 162
8006 20 32 163
8007 52 8 167
8008 51 2 166
8009 50 1 167
8010 49 193 166
8011 48 225 166
8012 47 249 166
8013 46 253 166
8014 45 256 166
8015 44 128 166
8016 43 32 165
8017 42 16 166
8018 41 4 165
8019 40 2 166
8020 39 129 165
8021 38 193 165
8022 37 241 165
8023 36 249 165
8024 35 255 165
8025 34 256 165
8026 33 64 164
8027 32 32 165
8028 31 8 164
8029 30 4 165
8030 29 1 164
8031 28 129 164
8032 27 225 164
8033 26 241 164
8034 25 253 164
8035 24 255 164
8036 23 128 163
8037 22 64 164
8038 53 4 167
8039 52 2 168
8040 51 129 167
8041 50 193 168
8042 49 241 167
8043 48 249 167
8044 47 255 167
8045 46 256 167
8046 45 64 167
8047 44 32 167
8048 43 8 166
8049 42 4 167
8050 41 1 166
8051 40 129 167
8052 39 225 166
8053 38 241 166
8054 37 253 166
8055 36 255 166
8056 35 128 166
8057 34 64 166
8058 33 16 165
8059 32 8 166
8060 31 2 165
8061 30 1 166
8062 29 193 165
8063 28 225 165
8064 27 249 165
8065 26 253 165
8066 25 256 165
8067 24 128 165
8068 54 4 169
8069 53 1 168
8070 52 129 169
8071 51 225 168
8072 50 241 169
8073 49 253 168
8074 48 255 168
8075 47 128 168
8076 46 64 168
8077 45 16 168
8078 44 8 168
8079 43 2 167
8080 42 1 168
8081 41 193 167
8082 40 225 168
8083 39 249 167
8084 38 253 167
8085 37 256 167
8086 36 128 167
8087 35 32 167
8088 34 16 167
8089 33 4 166
8090 32 2 167
8091 31 129 166
8092 30 193 167
8093 29 241 166
8094 28 249 166
8095 27 255 166
8096 26 256 166
8097 55 2 170
8098 54 1 170
8099 53 193 169
8100 52 225 170
8101 51 249 169
8102 50 253 170
8103 49 256 169
8104 48 128 169
8105 47 32 169
8106 46 16 169
8107 45 4 169
8108 44 2 169
8109 43 129 168
8110 42 193 169
8111 41 241 168
8112 40 249 169
8113 39 255 168
8114 38 256 168
8115 37 64 168
8116 36 32 168
8117 35 8 168
8118 34 4 168
8119 33 1 167
8120 32 129 168
8121 31 225 167
8122 30 241 168
8123 29 253 167
8124 28 255 167
8125 56 2 171
8126 55 129 171
8127 54 193 171
8128 53 241 170
8129 52 249 171
8130 51 255 170
8131 50 256 171
8132 49 64 170
8133 48 32 170
8134 47 8 170
8135 46 4 170
8136 45 1 170
8137 44 129 170
8138 43 225 169
8139 42 241 170
8140 41 253 169
8141 40 255 170
8142 39 128 169
8143 38 64 169
8144 37 16 169
8145 36 8 169
8146 35 2 169
8147 34 1 169
8148 33 193 168
8149 32 225 169
8150 31 249 168
8151 30 253 169
8152 57 1 172
8153 56 129 172
8154 55 225 172
8155 54 241 172
8156 53 253 171
8157 52 255 172
8158 51 128 171
8159 50 64 172
8160 49 16 171
8161 48 8 171
8162 47 2 171
8163 46 1 171
8164 45 193 171
8165 44 225 171
8166 43 249 170
8167 42 253 171
8168 41 256 170
8169 40 128 171
8170 39 32 170
8171 38 16 170
8172 37 4 170
8173 36 2 170
8174 35 129 170
8175 34 193 170
8176 33 241 169
8177 32 249 170
8178 58 1 173
8179 57 193 173
8180 56 225 173
8181 55 249 173
8182 54 253 173
8183 53 256 172
8184 52 128 173
8185 51 32 172
8186 50 16 173
8187 49 4 172
8188 48 2 172
8189 47 129 172
8190 46 193 172
8191 45 241 172
8192 44 249 172
8193 43 255 171
8194 42 256 172
8195 41 64 171
8196 40 32 172
8197 39 8 171
8198 38 4 171
8199 37 1 171
8200 36 129 171
8201 35 225 171
8202 34 241 171
8203 59 129 174
8204 58 193 174
8205 57 241 174
8206 56 249 174
8207 55 255 174
8208 54 256 174
8209 53 64 173
8210 52 32 174
8211 51 8 173
8212 50 4 174
8213 49 1 173
8214 48 129 173
8215 47 225 173
8216 46 241 173
8217 45 253 173
8218 44 255 173
8219 43 128 172
8220 42 64 173
8221 41 16 172
8222 40 8 173
8223 39 2 172
8224 38 1 172
8225 37 193 172
8226 36 225 172
8227 60 129 176
8228 59 225 175
8229 58 241 175
8230 57 253 175
8231 56 255 175
8232 55 128 175
8233 54 64 175
8234 53 16 174
8235 52 8 175
8236 51 2 174
8237 50 1 175
8238 49 193 174
8239 48 225 174
8240 47 249 174
8241 46 253 174
8242 45 256 174
8243 44 128 174
8244 43 32 173
8245 42 16 174
8246 41 4 173
8247 40 2 174
8248 39 129 173
8249 38 193 173
8250 61 193 176
8251 60 225 177
8252 59 249 176
8253 58 253 176
8254 57 256 176
8255 56 128 176
8256 55 32 176
8257 54 16 176
8258 53 4 175
8259 52 2 176
8260 51 129 175
8261 50 193 176
8262 49 241 175
8263 48 249 175
8264 47 255 175
8265 46 256 175
8266 45 64 175
8267 44 32 175
8268 43 8 174
8269 42 4 175
8270 41 1 174
8271 40 129 175
8272 62 193 178
8273 61 241 177
8274 60 249 178
8275 59 255 177
8276 58 256 177
8277 57 64 177
8278 56 32 177
8279 55 8 177
8280 54 4 177
8281 53 1 176
8282 52 129 177
8283 51 225 176
8284 50 241 177
8285 49 253 176
8286 48 255 176
8287 47 128 176
8288 46 64 176
8289 45 16 176
8290 44 8 176
8291 43 2 175
8292 42 1 176
8293 63 225 178
8294 62 241 179
8295 61 253 178
8296 60 255 179
8297 59 128 178
8298 58 64 178
8299 57 16 178
8300 56 8 178
8301 55 2 178
8302 54 1 178
8303 53 193 177
8304 52 225 178
8305 51 249 177
8306 50 253 178
8307 49 256 177
8308 48 128 177
8309 47 32 177
8310 46 16 177
8311 45 4 177
8312 44 2 177
8313 64 225 180
8314 63 249 179
8315 62 253 180
8316 61 256 179
8317 60 128 180
8318 59 32 179
8319 58 16 179
8320 57 4 179
8321 56 2 179
8322 55 129 179
8323 54 193 179
8324 53 241 178
8325 52 249 179
8326 51 255 178
8327 50 256 179
8328 49 64 178
8329 48 32 178
8330 47 8 178
8331 46 4 178
8332 65 241 181
8333 64 249 181
8334 63 255 180
8335 62 256 181
8336 61 64 180
8337 60 32 181
8338 59 8 180
8339 58 4 180
8340 57 1 180
8341 56 129 180
8342 55 225 180
8343 54 241 180
8344 53 253 179
8345 52 255 180
8346 51 128 179
8347 50 64 180
8348 49 16 179
8349 48 8 179
8350 66 241 182
8351 65 253 182
8352 64 255 182
8353 63 128 181
8354 62 64 182
8355 61 16 181
8356 60 8 182
8357 59 2 181
8358 58 1 181
8359 57 193 181
8360 56 225 181
8361 55 249 181
8362 54 253 181
8363 53 256 180
8364 52 128 181
8365 51 32 180
8366 50 16 181
8367 67 249 183
8368 66 253 183
8369 65 256 183
8370 64 128 183
8371 63 32 182
8372 62 16 183
8373 61 4 182
8374 60 2 183
8375 59 129 182
8376 58 193 182
8377 57 241 182
8378 56 249 182
8379 55 255 182
8380 54 256 182
8381 53 64 181
8382 52 32 182
8383 68 249 184
8384 67 255 184
8385 66 256 184
8386 65 64 184
8387 64 32 184
8388 63 8 183
8389 62 4 184
8390 61 1 183
8391 60 129 184
8392 59 225 183
8393 58 241 183
8394 57 253 183
8395 56 255 183
8396 55 128 183
8397 54 64 183
8398 69 253 185
8399 68 255 185
8400 67 128 185
8401 66 64 185
8402 65 16 185
8403 64 8 185
8404 63 2 184
8405 62 1 185
8406 61 193 184
8407 60 225 185
8408 59 249 184
8409 58 253 184
8410 57 256 184
8411 56 128 184
8412 70 253 187
8413 69 256 186
8414 68 128 186
8415 67 32 186
8416 66 16 186
8417 65 4 186
8418 64 2 186
8419 63 129 185
8420 62 193 186
8421 61 241 185
8422 60 249 186
8423 59 255 185
8424 58 256 185
8425 71 255 187
8426 70 256 188
8427 69 64 187
8428 68 32 187
8429 67 8 187
8430 66 4 187
8431 65 1 187
8432 64 129 187
8433 63 225 186
8434 62 241 187
8435 61 253 186
8436 60 255 187
8437 72 255 189
8438 71 128 188
8439 70 64 189
8440 69 16 188
8441 68 8 188
8442 67 2 188
8443 66 1 188
8444 65 193 188
8445 64 225 188
8446 63 249 187
8447 62 253 188
8448 73 256 189
8449 72 128 190
8450 71 32 189
8451 70 16 190
8452 69 4 189
8453 68 2 189
8454 67 129 189
8455 66 193 189
8456 65 241 189
8457 64 249 189
8458 74 256 191
8459 73 64 190
8460 72 32 191
8461 71 8 190
8462 70 4 191
8463 69 1 190
8464 68 129 190
8465 67 225 190
8466 66 241 190
8467 75 128 192
8468 74 64 192
8469 73 16 191
8470 72 8 192
8471 71 2 191
8472 70 1 192
8473 69 193 191
8474 68 225 191
8475 76 128 193
8476 75 32 193
8477 74 16 193
8478 73 4 192
8479 72 2 193
8480 71 129 192
8481 70 193 193
8482 77 64 194
8483 76 32 194
8484 75 8 194
8485 74 4 194
8486 73 1 193
8487 72 129 194
8488 78 64 195
8489 77 16 195
8490 76 8 195
8491 75 2 195
8492 74 1 195
8493 79 32 196
8494 78 16 196
8495 77 4 196
8496 76 2 196
8497 80 32 198
8498 79 8 197
8499 78 4 197
8500 81 16 198
8501 80 8 199
8502 82 16 200
8503 83 137 200
8504 81 237 199
8505 79 168 198
8506 77 28 197
8507 75 176 196
8508 73 115 194
8509 71 62 193
8510 69 96 192
8511 67 16 191
8512 65 174 190
8513 63 29 188
8514 61 219 187
8515 59 165 186
8516 57 156 185
8517 55 26 184
8518 53 90 182
8519 51 15 181
8520 49 131 180
8521 47 236 179
8522 45 125 178
8523 43 235 176
8524 41 82 175
8525 39 185 174
8526 37 245 173
8527 35 255 172
8528 33 171 170
8529 31 157 169
8530 29 69 168
8531 27 140 167
8532 25 109 166
8533 23 61 164
8534 21 53 163
8535 19 223 162
8536 17 80 161
8537 15 99 160
8538 84 137 202
8539 82 237 201
8540 80 168 200
8541 78 28 198
8542 76 176 197
8543 74 115 196
8544 72 62 195
8545 70 96 194
8546 68 16 192
8547 66 174 191
8548 64 29 190
8549 62 219 189
8550 60 165 188
8551 58 156 186
8552 56 26 185
8553 54 90 184
8554 52 15 183
8555 50 131 182
8556 48 236 180
8557 46 125 179
8558 44 235 178
8559 42 82 177
8560 40 185 176
8561 38 245 174
8562 36 255 173
8563 34 171 172
8564 32 157 171
8565 30 69 170
8566 28 140 168
8567 26 109 167
8568 24 61 166
8569 22 53 165
8570 20 223 164
8571 18 80 162
8572 85 197 203
8573 83 247 201
8574 81 84 200
8575 79 14 199
8576 77 88 198
8577 75 186 197
8578 73 31 195
8579 71 48 194
8580 69 8 193
8581 67 87 192
8582 65 143 191
8583 63 238 189
8584 61 211 188
8585 59 78 187
8586 57 13 186
8587 55 45 185
8588 53 136 183
8589 51 194 182
8590 49 118 181
8591 47 191 180
8592 45 246 179
8593 43 41 177
8594 41 221 176
8595 39 251 175
8596 37 256 174
8597 35 214 173
8598 33 207 171
8599 31 163 170
8600 29 70 169
8601 27 183 168
8602 25 159 167
8603 23 155 165
8604 21 240 164
8605 86 197 204
8606 84 247 203
8607 82 84 202
8608 80 14 201
8609 78 88 199
8610 76 186 198
8611 74 31 197
8612 72 48 196
8613 70 8 195
8614 68 87 193
8615 66 143 192
8616 64 238 191
8617 62 211 190
8618 60 78 189
8619 58 13 187
8620 56 45 186
8621 54 136 185
8622 52 194 184
8623 50 118 183
8624 48 191 181
8625 46 246 180
8626 44 41 179
8627 42 221 178
8628 40 251 177
8629 38 256 175
8630 36 214 174
8631 34 207 173
8632 32 163 172
8633 30 70 171
8634 28 183 169
8635 26 159 168
8636 24 155 167
8637 87 227 205
8638 85 252 204
8639 83 42 202
8640 81 7 201
8641 79 44 200
8642 77 93 199
8643 75 144 198
8644 73 24 196
8645 71 4 195
8646 69 172 194
8647 67 200 193
8648 65 119 192
8649 63 234 190
8650 61 39 189
8651 59 135 188
8652 57 151 187
8653 55 68 186
8654 53 97 184
8655 51 59 183
8656 49 224 182
8657 47 123 181
8658 45 149 180
8659 43 239 178
8660 41 254 177
8661 39 128 176
8662 37 107 175
8663 35 232 174
8664 33 210 172
8665 31 35 171
8666 29 220 170
8667 27 208 169
8668 88 227 206
8669 86 252 205
8670 84 42 204
8671 82 7 203
8672 80 44 202
8673 78 93 200
8674 76 144 199
8675 74 24 198
8676 72 4 197
8677 70 172 196
8678 68 200 194
8679 66 119 193
8680 64 234 192
8681 62 39 191
8682 60 135 190
8683 58 151 188
8684 56 68 187
8685 54 97 186
8686 52 59 185
8687 50 224 184
8688 48 123 182
8689 46 149 181
8690 44 239 180
8691 42 254 179
8692 40 128 178
8693 38 107 176
8694 36 232 175
8695 34 210 174
8696 32 35 173
8697 30 220 172
8698 89 242 207
8699 87 126 206
8700 85 21 205
8701 83 132 203
8702 81 22 202
8703 79 175 201
8704 77 72 200
8705 75 12 199
8706 73 2 197
8707 71 86 196
8708 69 100 195
8709 67 188 194
8710 65 117 193
8711 63 148 191
8712 61 196 190
8713 59 204 189
8714 57 34 188
8715 55 177 187
8716 53 158 185
8717 51 112 184
8718 49 190 183
8719 47 203 182
8720 45 248 181
8721 43 127 179
8722 41 64 178
8723 39 182 177
8724 37 116 176
8725 35 105 175
8726 33 146 173
8727 90 242 209
8728 88 126 207
8729 86 21 206
8730 84 132 205
8731 82 22 204
8732 80 175 203
8733 78 72 201
8734 76 12 200
8735 74 2 199
8736 72 86 198
8737 70 100 197
8738 68 188 195
8739 66 117 194
8740 64 148 193
8741 62 196 192
8742 60 204 191
8743 58 34 189
8744 56 177 188
8745 54 158 187
8746 52 112 186
8747 50 190 185
8748 48 203 183
8749 46 248 182
8750 44 127 181
8751 42 64 180
8752 40 182 179
8753 38 116 177
8754 36 105 176
8755 91 121 209
8756 89 63 208
8757 87 139 207
8758 85 66 206
8759 83 11 204
8760 81 216 203
8761 79 36 202
8762 77 6 201
8763 75 1 200
8764 73 43 198
8765 71 50 197
8766 69 94 196
8767 67 187 195
8768 65 74 194
8769 63 98 192
8770 61 102 191
8771 59 17 190
8772 57 217 189
8773 55 79 188
8774 53 56 186
8775 51 95 185
8776 49 230 184
8777 47 124 183
8778 45 192 182
8779 43 32 180
8780 41 91 179
8781 39 58 178
8782 92 121 211
8783 90 63 210
8784 88 139 208
8785 86 66 207
8786 84 11 206
8787 82 216 205
8788 80 36 204
8789 78 6 202
8790 76 1 201
8791 74 43 200
8792 72 50 199
8793 70 94 198
8794 68 187 196
8795 66 74 195
8796 64 98 194
8797 62 102 193
8798 60 17 192
8799 58 217 190
8800 56 79 189
8801 54 56 188
8802 52 95 187
8803 50 230 186
8804 48 124 184
8805 46 192 183
8806 44 32 182
8807 42 91 181
8808 93 189 211
8809 91 160 210
8810 89 198 209
8811 87 33 208
8812 85 134 207
8813 83 108 205
8814 81 18 204
8815 79 3 203
8816 77 129 202
8817 75 150 201
8818 73 25 199
8819 71 47 198
8820 69 222 197
8821 67 37 196
8822 65 49 195
8823 63 51 193
8824 61 137 192
8825 59 237 191
8826 57 168 190
8827 55 28 189
8828 53 176 187
8829 51 115 186
8830 49 62 185
8831 47 96 184
8832 45 16 183
8833 94 189 213
8834 92 160 212
8835 90 198 211
8836 88 33 209
8837 86 134 208
8838 84 108 207
8839 82 18 206
8840 80 3 205
8841 78 129 203
8842 76 150 202
8843 74 25 201
8844 72 47 200
8845 70 222 199
8846 68 37 197
8847 66 49 196
8848 64 51 195
8849 62 137 194
8850 60 237 193
8851 58 168 191
8852 56 28 190
8853 54 176 189
8854 52 115 188
8855 50 62 187
8856 48 96 185
8857 95 223 214
8858 93 80 212
8859 91 99 211
8860 89 145 210
8861 87 67 209
8862 85 54 208
8863 83 9 206
8864 81 130 205
8865 79 193 204
8866 77 75 203
8867 75 141 202
8868 73 152 200
8869 71 111 199
8870 69 147 198
8871 67 153 197
8872 65 154 196
8873 63 197 194
8874 61 247 193
8875 59 84 192
8876 57 14 191
8877 55 88 190
8878 53 186 188
8879 51 31 187
8880 96 223 215
8881 94 80 214
8882 92 99 213
8883 90 145 212
8884 88 67 210
8885 86 54 209
8886 84 9 208
8887 82 130 207
8888 80 193 206
8889 78 75 204
8890 76 141 203
8891 74 152 202
8892 72 111 201
8893 70 147 200
8894 68 153 198
8895 66 154 197
8896 64 197 196
8897 62 247 195
8898 60 84 194
8899 58 14 192
8900 56 88 191
8901 54 186 190
8902 97 240 216
8903 95 40 215
8904 93 178 213
8905 91 201 212
8906 89 162 211
8907 87 27 210
8908 85 133 209
8909 83 65 207
8910 81 225 206
8911 79 166 205
8912 77 199 204
8913 75 76 203
8914 73 184 201
8915 71 202 200
8916 69 205 199
8917 67 77 198
8918 65 227 197
8919 63 252 195
8920 61 42 194
8921 59 7 193
8922 57 44 192
8923 98 240 217
8924 96 40 216
8925 94 178 215
8926 92 201 214
8927 90 162 213
8928 88 27 211
8929 86 133 210
8930 84 65 209
8931 82 225 208
8932 80 166 207
8933 78 199 205
8934 76 76 204
8935 74 184 203
8936 72 202 202
8937 70 205 201
8938 68 77 199
8939 66 227 198
8940 64 252 197
8941 62 42 196
8942 60 7 195
8943 99 120 218
8944 97 20 217
8945 95 89 216
8946 93 229 214
8947 91 81 213
8948 89 142 212
8949 87 195 211
8950 85 161 210
8951 83 241 208
8952 81 83 207
8953 79 228 206
8954 77 38 205
8955 75 92 204
8956 73 101 202
8957 71 231 201
8958 69 167 200
8959 67 242 199
8960 65 126 198
8961 63 21 196
8962 100 120 220
8963 98 20 218
8964 96 89 217
8965 94 229 216
8966 92 81 215
8967 90 142 214
8968 88 195 212
8969 86 161 211
8970 84 241 210
8971 82 83 209
8972 80 228 208
8973 78 38 206
8974 76 92 205
8975 74 101 204
8976 72 231 203
8977 70 167 202
8978 68 242 200
8979 66 126 199
8980 101 60 220
8981 99 10 219
8982 97 173 218
8983 95 243 217
8984 93 169 215
8985 91 71 214
8986 89 226 213
8987 87 209 212
8988 85 249 211
8989 83 170 209
8990 81 114 208
8991 79 19 207
8992 77 46 206
8993 75 179 205
8994 73 244 203
8995 71 212 202
8996 69 121 201
8997 102 60 222
8998 100 10 221
8999 98 173 219
9000 96 243 218
9001 94 169 217
9002 92 71 216
9003 90 226 215
9004 88 209 213
9005 86 249 212
9006 84 170 211
9007 82 114 210
9008 80 19 209
9009 78 46 207
9010 76 179 206
9011 74 244 205
9012 72 212 204
9013 103 30 222
9014 101 5 221
9015 99 215 220
9016 97 250 219
9017 95 213 218
9018 93 164 216
9019 91 113 215
9020 89 233 214
9021 87 253 213
9022 85 85 212
9023 83 57 210
9024 81 138 209
9025 79 23 208
9026 77 218 207
9027 75 122 206
9028 104 30 224
9029 102 5 223
9030 100 215 222
9031 98 250 220
9032 96 213 219
9033 94 164 218
9034 92 113 217
9035 90 233 216
9036 88 253 214
9037 86 85 213
9038 84 57 212
9039 82 138 211
9040 80 23 210
9041 78 218 208
9042 105 15 225
9043 103 131 223
9044 101 236 222
9045 99 125 221
9046 97 235 220
9047 95 82 219
9048 93 185 217
9049 91 245 216
9050 89 255 215
9051 87 171 214
9052 85 157 213
9053 83 69 211
9054 81 140 210
9055 106 15 226
9056 104 131 225
9057 102 236 224
9058 100 125 223
9059 98 235 221
9060 96 82 220
9061 94 185 219
9062 92 245 218
9063 90 255 217
9064 88 171 215
9065 86 157 214
9066 84 69 213
9067 107 136 227
9068 105 194 226
9069 103 118 224
9070 101 191 223
9071 99 246 222
9072 97 41 221
9073 95 221 220
9074 93 251 218
9075 91 256 217
9076 89 214 216
9077 87 207 215
9078 108 136 228
9079 106 194 227
9080 104 118 226
9081 102 191 225
9082 100 246 224
9083 98 41 222
9084 96 221 221
9085 94 251 220
9086 92 256 219
9087 90 214 218
9088 109 68 229
9089 107 97 228
9090 105 59 227
9091 103 224 225
9092 101 123 224
9093 99 149 223
9094 97 239 222
9095 95 254 221
9096 93 128 219
9097 110 68 231
9098 108 97 229
9099 106 59 228
9100 104 224 227
9101 102 123 226
9102 100 149 225
9103 98 239 223
9104 96 254 222
9105 111 34 231
9106 109 177 230
9107 107 158 229
9108 105 112 228
9109 103 190 226
9110 101 203 225
9111 99 248 224
9112 112 34 233
9113 110 177 232
9114 108 158 230
9115 106 112 229
9116 104 190 228
9117 102 203 227
9118 113 17 233
9119 111 217 232
9120 109 79 231
9121 107 56 230
9122 105 95 229
9123 114 17 235
9124 112 217 234
9125 110 79 233
9126 108 56 231
9127 115 137 236
9128 113 237 234
9129 111 168 233
9130 116 137 237
9131 114 237 236
9132 117 197 238
9133 3 50 157
9134 2 232 158
9135 1 141 159
9136 0 58 160
9137 0 58 161
9138 0 58 162
9139 0 58 163
9140 0 58 164
9141 0 58 165
9142 0 58 166
9143 0 58 167
9144 0 58 168
9145 0 58 169
9146 0 58 170
9147 0 58 171
9148 0 58 172
9149 0 58 173
9150 0 58 174
9151 0 58 175
9152 0 58 176
9153 0 58 177
9154 0 58 178
9155 0 58 179
9156 0 58 180
9157 0 58 181
9158 0 58 182
9159 0 58 183
9160 0 58 184
9161 0 58 185
9162 0 58 186
9163 0 58 187
9164 5 113 157
9165 3 73 158
9166 4 212 158
9167 2 152 159
9168 1 181 160
9169 1 181 161
9170 1 181 162
9171 1 181 163
9172 1 181 164
9173 1 181 165
9174 1 181 166
9175 1 181 167
9176 1 181 168
9177 1 181 169
9178 1 181 170
9179 1 181 171
9180 1 181 172
9181 1 181 173
9182 1 181 174
9183 1 181 175
9184 1 181 176
9185 1 181 177
9186 1 181 178
9187 1 181 179
9188 1 181 180
9189 1 181 181
9190 1 181 182
9191 1 181 183
9192 1 181 184
9193 1 181 185
9194 7 168 157
9195 5 129 158
9196 6 181 158
9197 3 113 159
9198 4 80 159
9199 2 73 160
9200 2 73 161
9201 2 73 162
9202 2 73 163
9203 2 73 164
9204 2 73 165
9205 2 73 166
9206 2 73 167
9207 2 73 168
9208 2 73 169
9209 2 73 170
9210 2 73 171
9211 2 73 172
9212 2 73 173
9213 2 73 174
9214 2 73 175
9215 2 73 176
9216 2 73 177
9217 2 73 178
9218 2 73 179
9219 2 73 180
9220 2 73 181
9221 2 73 182
9222 2 73 183
9223 9 61 157
9224 7 235 158
9225 8 3 158
9226 5 168 159
9227 6 78 159
9228 3 190 160
9229 4 102 160
9230 3 55 161
9231 3 55 162
9232 3 55 163
9233 3 55 164
9234 3 55 165
9235 3 55 166
9236 3 55 167
9237 3 55 168
9238 3 55 169
9239 3 55 170
9240 3 55 171
9241 3 55 172
9242 3 55 173
9243 3 55 174
9244 3 55 175
9245 3 55 176
9246 3 55 177
9247 3 55 178
9248 3 55 179
9249 3 55 180
9250 3 55 181
9251 11 143 157
9252 9 197 158
9253 10 125 158
9254 7 61 159
9255 8 166 159
9256 5 121 160
9257 6 138 160
9258 4 108 161
9259 5 143 161
9260 4 52 162
9261 4 52 163
9262 4 52 164
9263 4 52 165
9264 4 52 166
9265 4 52 167
9266 4 52 168
9267 4 52 169
9268 4 52 170
9269 4 52 171
9270 4 52 172
9271 4 52 173
9272 4 52 174
9273 4 52 175
9274 4 52 176
9275 4 52 177
9276 4 52 178
9277 4 52 179
9278 11 138 158
9279 13 86 158
9280 9 121 159
9281 10 41 159
9282 12 254 159
9283 7 73 160
9284 8 96 160
9285 6 131 161
9286 7 133 161
9287 5 108 162
9288 6 18 162
9289 5 180 163
9290 5 180 164
9291 5 180 165
9292 5 180 166
9293 5 180 167
9294 5 180 168
9295 5 180 169
9296 5 180 170
9297 5 180 171
9298 5 180 172
9299 5 180 173
9300 5 180 174
9301 5 180 175
9302 5 180 176
9303 5 180 177
9304 11 117 159
9305 13 207 159
9306 9 97 160
9307 10 18 160
9308 12 193 160
9309 14 10 160
9310 8 62 161
9311 9 22 161
9312 16 115 161
9313 7 131 162
9314 8 236 162
9315 6 68 163
9316 7 48 163
9317 6 30 164
9318 6 30 165
9319 6 30 166
9320 6 30 167
9321 6 30 168
9322 6 30 169
9323 6 30 170
9324 6 30 171
9325 6 30 172
9326 6 30 173
9327 6 30 174
9328 6 30 175
9329 11 183 160
9330 13 47 160
9331 10 181 161
9332 11 13 161
9333 12 91 161
9334 14 42 161
9335 15 84 161
9336 9 10 162
9337 10 34 162
9338 17 195 162
9339 8 158 163
9340 9 8 163
9341 19 58 163
9342 7 239 164
9343 8 218 164
9344 7 5 165
9345 7 5 166
9346 7 5 167
9347 7 5 168
9348 7 5 169
9349 7 5 170
9350 7 5 171
9351 7 5 172
9352 7 5 173
9353 13 233 161
9354 11 154 162
9355 12 252 162
9356 13 128 162
9357 14 199 162
9358 15 255 162
9359 16 57 162
9360 10 61 163
9361 11 244 163
9362 12 182 163
9363 18 192 163
9364 9 79 164
9365 10 212 164
9366 8 240 165
9367 9 216 165
9368 20 197 165
9369 8 215 166
9370 22 51 166
9371 8 215 167
9372 8 215 168
9373 8 215 169
9374 8 215 170
9375 8 215 171
9376 13 152 163
9377 14 230 163
9378 15 206 163
9379 16 31 163
9380 17 31 163
9381 11 142 164
9382 12 102 164
9383 13 70 164
9384 14 1 164
9385 15 143 164
9386 19 122 164
9387 11 28 165
9388 10 131 165
9389 12 22 165
9390 21 146 165
9391 9 200 166
9392 10 24 166
9393 23 137 166
9394 9 250 167
9395 9 250 168
9396 25 155 168
9397 9 250 169
9398 16 113 164
9399 17 242 164
9400 18 20 164
9401 13 27 165
9402 14 147 165
9403 15 37 165
9404 16 30 165
9405 17 147 165
9406 18 81 165
9407 11 214 166
9408 12 249 166
9409 13 98 166
9410 14 5 166
9411 20 102 166
9412 10 234 167
9413 11 70 167
9414 12 82 167
9415 22 168 167
9416 10 213 168
9417 24 217 168
9418 10 213 169
9419 19 177 165
9420 15 170 166
9421 16 74 166
9422 17 140 166
9423 18 118 166
9424 19 93 166
9425 21 122 166
9426 13 199 167
9427 14 25 167
9428 15 161 167
9429 16 132 167
9430 17 117 167
9431 18 226 167
9432 23 255 167
9433 11 58 168
9434 12 118 168
9435 13 244 168
9436 14 224 168
9437 11 145 169
9438 12 160 169
9439 19 164 167
9440 20 167 167
9441 21 54 167
9442 15 228 168
9443 16 67 168
9444 17 225 168
9445 18 12 168
9446 19 165 168
9447 20 98 168
9448 21 64 168
9449 22 83 168
9450 23 97 168
9451 13 84 169
9452 14 36 169
9453 15 4 169
9454 16 119 169
9455 24 176 169
9456 25 64 169
9457 26 110 169
9458 17 182 169
9459 18 224 169
9460 19 223 169
9461 20 211 169
9462 21 238 169
9463 22 101 169
9464 23 84 169
9465 9 255 170
9466 10 150 170
9467 11 25 170
9468 12 209 170
9469 13 9 170
9470 14 116 170
9471 15 136 170
9472 16 221 170
9473 17 65 170
9474 18 224 170
9475 19 192 170
9476 20 95 170
9477 21 119 170
9478 22 64 170
9479 23 54 170
9480 24 188 170
9481 25 124 170
9482 26 171 170
9483 27 195 170
9484 28 162 170
9485 9 224 171
9486 10 99 171
9487 11 162 171
9488 12 146 171
9489 13 41 171
9490 14 206 171
9491 15 200 171
9492 16 235 171
9493 17 183 171
9494 18 202 171
9495 19 187 171
9496 20 118 171
9497 21 167 171
9498 22 141 171
9499 23 92 171
9500 24 235 171
9501 25 45 171
9502 26 138 171
9503 28 31 171
9504 27 109 171
9505 29 240 171
9506 8 73 172
9507 9 91 172
9508 10 71 172
9509 11 176 172
9510 12 36 172
9511 13 57 172
9512 14 194 172
9513 15 103 172
9514 16 4 172
9515 17 83 172
9516 18 14 172
9517 19 234 172
9518 20 248 172
9519 21 116 172
9520 22 126 172
9521 23 52 172
9522 24 88 172
9523 25 49 172
9524 26 177 172
9525 27 65 172
9526 28 226 172
9527 29 90 172
9528 31 229 172
9529 8 101 173
9530 9 87 173
9531 10 75 173
9532 11 180 173
9533 12 177 173
9534 13 72 173
9535 14 95 173
9536 15 231 173
9537 16 8 173
9538 17 68 173
9539 18 233 173
9540 19 114 173
9541 20 251 173
9542 21 165 173
9543 22 48 173
9544 23 57 173
9545 24 23 173
9546 25 174 173
9547 26 124 173
9548 27 118 173
9549 28 113 173
9550 29 97 173
9551 30 46 173
9552 31 80 173
9553 7 25 174
9554 8 193 174
9555 9 226 174
9556 10 41 174
9557 11 168 174
9558 12 159 174
9559 13 45 174
9560 14 189 174
9561 15 112 174
9562 16 183 174
9563 17 38 174
9564 18 124 174
9565 19 113 174
9566 20 140 174
9567 21 69 174
9568 22 29 174
9569 23 198 174
9570 24 184 174
9571 25 14 174
9572 26 164 174
9573 27 169 174
9574 28 94 174
9575 29 133 174
9576 30 225 174
9577 31 242 174
9578 32 75 174
9579 33 209 174
9580 7 56 175
9581 8 208 175
9582 9 50 175
9583 10 116 175
9584 11 119 175
9585 12 218 175
9586 13 252 175
9587 14 240 175
9588 15 182 175
9589 16 110 175
9590 17 248 175
9591 18 30 175
9592 19 163 175
9593 20 51 175
9594 21 197 175
9595 22 233 175
9596 23 215 175
9597 24 47 175
9598 25 94 175
9599 26 66 175
9600 27 180 175
9601 28 38 175
9602 29 203 175
9603 30 125 175
9604 31 245 175
9605 32 153 175
9606 33 23 175
9607 34 54 175
9608 6 216 176
9609 7 42 176
9610 8 210 176
9611 9 80 176
9612 10 240 176
9613 11 9 176
9614 12 241 176
9615 13 223 176
9616 14 59 176
9617 15 100 176
9618 16 110 176
9619 17 37 176
9620 18 132 176
9621 19 86 176
9622 20 243 176
9623 21 117 176
9624 22 101 176
9625 23 188 176
9626 6 12 177
9627 24 175 176
9628 5 1 178
9629 25 208 176
9630 26 242 176
9631 27 52 176
9632 28 28 176
9633 29 46 176
9634 30 122 176
9635 31 57 176
9636 32 6 176
9637 33 16 176
9638 34 85 176
9639 35 84 176
9640 7 39 177
9641 8 219 177
9642 9 84 177
9643 10 223 177
9644 11 87 177
9645 12 119 177
9646 13 43 177
9647 14 4 177
9648 15 196 177
9649 16 6 177
9650 17 127 177
9651 18 104 177
9652 19 20 177
9653 20 174 177
9654 21 224 177
9655 22 213 177
9656 23 105 177
9657 24 35 177
9658 25 230 177
9659 26 101 177
9660 27 84 177
9661 28 63 177
9662 29 240 177
9663 30 43 177
9664 31 54 177
9665 32 54 177
9666 33 30 177
9667 34 149 177
9668 35 187 177
9669 36 91 177
9670 37 185 177
9671 6 65 178
9672 7 41 178
9673 9 200 178
9674 8 66 178
9675 10 94 178
9676 11 33 178
9677 12 86 178
9678 13 111 178
9679 14 235 178
9680 15 66 178
9681 16 128 178
9682 17 105 178
9683 18 123 178
9684 19 135 178
9685 20 32 178
9686 21 10 178
9687 22 169 178
9688 23 241 178
9689 24 106 178
9690 25 158 178
9691 26 19 178
9692 27 223 178
9693 28 214 178
9694 29 109 178
9695 30 108 178
9696 31 256 178
9697 32 37 178
9698 33 195 178
9699 34 142 178
9700 35 51 178
9701 36 112 178
9702 37 250 178
9703 38 51 178
9704 5 127 179
9705 6 6 179
9706 7 48 179
9707 8 84 179
9708 9 171 179
9709 10 6 179
9710 11 233 179
9711 12 47 179
9712 13 126 179
9713 14 207 179
9714 15 236 179
9715 17 52 179
9716 16 2 179
9717 18 115 179
9718 19 149 179
9719 20 44 179
9720 21 147 179
9721 22 232 179
9722 23 73 179
9723 24 132 179
9724 25 229 179
9725 26 92 179
9726 27 171 179
9727 28 157 179
9728 29 238 179
9729 30 31 179
9730 31 191 179
9731 32 90 179
9732 33 72 179
9733 34 92 179
9734 35 78 179
9735 36 90 179
9736 37 211 179
9737 38 19 179
9738 39 222 179
9739 4 140 180
9740 5 40 180
9741 6 159 180
9742 7 42 180
9743 8 17 180
9744 9 203 180
9745 10 132 180
9746 11 156 180
9747 12 152 180
9748 13 78 180
9749 14 188 180
9750 15 136 180
9751 16 205 180
9752 17 111 180
9753 18 156 180
9754 19 25 180
9755 20 157 180
9756 21 130 180
9757 22 243 180
9758 23 148 180
9759 24 223 180
9760 25 186 180
9761 26 183 180
9762 27 174 180
9763 28 164 180
9764 29 119 180
9765 30 18 180
9766 31 125 180
9767 32 175 180
9768 33 247 180
9769 34 172 180
9770 35 99 180
9771 36 239 180
9772 37 169 180
9773 38 245 180
9774 39 187 180
9775 40 247 180
9776 41 125 180
9777 4 108 181
9778 5 246 181
9779 6 165 181
9780 7 200 181
9781 8 151 181
9782 9 231 181
9783 10 221 181
9784 11 141 181
9785 12 129 181
9786 13 244 181
9787 14 131 181
9788 15 250 181
9789 16 100 181
9790 17 185 181
9791 18 122 181
9792 19 136 181
9793 20 94 181
9794 21 195 181
9795 22 21 181
9796 23 58 181
9797 24 203 181
9798 25 106 181
9799 26 18 181
9800 27 132 181
9801 28 23 181
9802 29 251 181
9803 30 141 181
9804 31 237 181
9805 32 187 181
9806 33 157 181
9807 34 148 181
9808 35 24 181
9809 36 229 181
9810 37 43 181
9811 38 131 181
9812 39 21 181
9813 40 98 181
9814 41 235 181
9815 43 38 181
9816 3 88 182
9817 4 39 182
9818 5 183 182
9819 6 2 182
9820 7 73 182
9821 8 240 182
9822 9 132 182
9823 10 227 182
9824 11 110 182
9825 12 8 182
9826 13 132 182
9827 14 240 182
9828 15 196 182
9829 16 1 182
9830 17 207 182
9831 18 138 182
9832 19 141 182
9833 20 250 182
9834 21 205 182
9835 22 104 182
9836 23 53 182
9837 24 108 182
9838 25 220 182
9839 26 21 182
9840 27 125 182
9841 28 148 182
9842 29 73 182
9843 30 12 182
9844 31 107 182
9845 32 204 182
9846 33 59 182
9847 34 209 182
9848 35 35 182
9849 36 222 182
9850 37 164 182
9851 38 240 182
9852 39 23 182
9853 40 123 182
9854 41 184 182
9855 42 21 182
9856 43 162 182
9857 3 117 183
9858 4 83 183
9859 5 192 183
9860 6 151 183
9861 7 93 183
9862 8 163 183
9863 9 70 183
9864 10 85 183
9865 11 185 183
9866 12 3 183
9867 13 178 183
9868 14 171 183
9869 15 51 183
9870 16 162 183
9871 17 16 183
9872 18 244 183
9873 19 93 183
9874 20 29 183
9875 21 32 183
9876 22 90 183
9877 23 4 183
9878 24 233 183
9879 25 41 183
9880 26 19 183
9881 27 183 183
9882 28 246 183
9883 29 125 183
9884 30 100 183
9885 31 40 183
9886 32 154 183
9887 33 208 183
9888 34 233 183
9889 35 168 183
9890 36 24 183
9891 37 16 183
9892 38 15 183
9893 39 66 183
9894 40 171 183
9895 41 225 183
9896 42 102 183
9897 43 105 183
9898 44 3 183
9899 2 162 184
9900 3 63 184
9901 4 197 184
9902 5 4 184
9903 6 243 184
9904 7 229 184
9905 8 182 184
9906 9 51 184
9907 10 248 184
9908 11 147 184
9909 12 158 184
9910 13 18 184
9911 14 23 184
9912 15 120 184
9913 16 157 184
9914 17 32 184
9915 18 108 184
9916 19 238 184
9917 20 203 184
9918 21 223 184
9919 22 43 184
9920 23 6 184
9921 24 16 184
9922 25 201 184
9923 26 179 184
9924 27 65 184
9925 28 87 184
9926 29 95 184
9927 30 36 184
9928 31 255 184
9929 32 146 184
9930 33 151 184
9931 34 208 184
9932 35 174 184
9933 36 92 184
9934 37 248 184
9935 38 109 184
9936 39 84 184
9937 40 85 184
9938 41 115 184
9939 42 231 184
9940 43 17 184
9941 44 99 184
9942 45 22 184
9943 46 199 184
9944 2 253 185
9945 3 45 185
9946 4 251 185
9947 5 18 185
9948 6 53 185
9949 7 117 185
9950 8 100 185
9951 9 135 185
9952 10 124 185
9953 11 140 185
9954 12 209 185
9955 13 148 185
9956 14 1 185
9957 15 176 185
9958 16 205 185
9959 17 10 185
9960 18 207 185
9961 19 130 185
9962 20 61 185
9963 21 66 185
9964 22 34 185
9965 23 160 185
9966 24 236 185
9967 25 222 185
9968 26 105 185
9969 27 7 185
9970 28 116 185
9971 29 95 185
9972 30 234 185
9973 31 63 185
9974 32 214 185
9975 33 224 185
9976 34 198 185
9977 35 230 185
9978 36 255 185
9979 37 17 185
9980 38 45 185
9981 39 209 185
9982 40 82 185
9983 41 158 185
9984 42 71 185
9985 43 78 185
9986 44 75 185
9987 45 228 185
9988 46 168 185
9989 47 153 185
9990 1 61 186
9991 2 230 186
9992 3 153 186
9993 4 132 186
9994 5 64 186
9995 6 219 186
9996 7 51 186
9997 8 27 186
9998 9 95 186
9999 10 214 186
10000 11 150 186
10001 12 229 186
10002 13 121 186
10003 14 173 186
10004 15 117 186
10005 16 128 186
10006 17 214 186
10007 18 198 186
10008 19 218 186
10009 20 183 186
10010 21 146 186
10011 22 195 186
10012 23 234 186
10013 24 60 186
10014 25 37 186
10015 26 32 186
10016 27 105 186
10017 28 23 186
10018 29 121 186
10019 30 20 186
10020 31 8 186
10021 32 181 186
10022 33 245 186
10023 34 200 186
10024 35 180 186
10025 36 89 186
10026 37 215 186
10027 38 90 186
10028 39 238 186
10029 40 180 186
10030 41 122 186
10031 42 35 186
10032 43 110 186
10033 44 206 186
10034 45 75 186
10035 46 26 186
10036 47 22 186
10037 48 172 186
10038 49 4 186
10039 1 171 187
10040 2 234 187
10041 20 194 187
10042 22 11 187
10043 24 69 187
10044 25 52 187
10045 26 195 187
10046 27 41 187
10047 28 193 187
10048 29 159 187
10049 30 36 187
10050 31 108 187
10051 32 154 187
10052 33 216 187
10053 34 227 187
10054 35 172 187
10055 36 66 187
10056 37 176 187
10057 38 169 187
10058 39 212 187
10059 40 92 187
10060 41 9 187
10061 42 127 187
10062 43 103 187
10063 44 80 187
10064 45 103 187
10065 46 130 187
10066 47 112 187
10067 48 247 187
10068 49 168 187
10069 24 158 188
10070 26 237 188
10071 27 27 188
10072 28 32 188
10073 29 185 188
10074 30 133 188
10075 31 191 188
10076 32 201 188
10077 33 82 188
10078 34 167 188
10079 35 93 188
10080 36 229 188
10081 37 122 188
10082 38 169 188
10083 39 247 188
10084 40 247 188
10085 41 190 188
10086 42 61 188
10087 43 141 188
10088 44 127 188
10089 45 167 188
10090 46 235 188
10091 47 91 188
10092 48 104 188
10093 49 203 188
10094 50 127 188
10095 51 233 188
10096 30 75 189
10097 31 174 189
10098 32 216 189
10099 33 172 189
10100 34 134 189
10101 35 23 189
10102 36 234 189
10103 37 166 189
10104 38 107 189
10105 39 98 189
10106 40 194 189
10107 41 13 189
10108 42 113 189
10109 43 40 189
10110 44 62 189
10111 45 235 189
10112 46 147 189
10113 47 101 189
10114 48 52 189
10115 49 200 189
10116 50 227 189
10117 51 67 189
10118 52 239 189
10119 53 177 189
10120 32 3 190
10121 34 112 190
10122 35 197 190
10123 36 128 190
10124 37 197 190
10125 38 212 190
10126 39 192 190
10127 40 88 190
10128 41 171 190
10129 42 150 190
10130 43 183 190
10131 44 245 190
10132 45 14 190
10133 46 137 190
10134 47 27 190
10135 48 234 190
10136 49 90 190
10137 50 50 190
10138 51 92 190
10139 52 36 190
10140 53 103 190
10141 36 206 191
10142 38 62 191
10143 39 248 191
10144 40 154 191
10145 41 17 191
10146 42 225 191
10147 43 114 191
10148 44 78 191
10149 45 201 191
10150 46 9 191
10151 48 110 191
10152 47 44 191
10153 49 244 191
10154 50 226 191
10155 51 19 191
10156 52 117 191
10157 53 65 191
10158 54 37 191
10159 55 23 191
10160 40 34 192
10161 42 107 192
10162 43 166 192
10163 44 49 192
10164 45 135 192
10165 47 163 192
10166 46 252 192
10167 48 207 192
10168 49 113 192
10169 50 62 192
10170 54 213 192
10171 51 28 192
10172 52 10 192
10173 53 193 192
10174 55 99 192
10175 56 172 192
10176 44 195 193
10177 45 177 193
10178 46 256 193
10179 47 145 193
10180 48 108 193
10181 54 94 193
10182 50 174 193
10183 52 2 193
10184 51 206 193
10185 53 136 193
10186 49 70 193
10187 55 103 193
10188 57 102 193
10189 56 164 193
10190 58 106 193
10191 48 13 194
10192 50 13 194
10193 52 206 194
10194 51 144 194
10195 53 101 194
10196 54 201 194
10197 57 226 194
10198 56 187 194
10199 55 229 194
10200 58 83 194
10201 59 110 194
10202 50 167 195
10203 52 170 195
10204 54 239 195
10205 57 148 195
10206 56 243 195
10207 55 200 195
10208 58 116 195
10209 61 164 195
10210 59 209 195
10211 54 145 196
10212 57 81 196
10213 56 100 196
10214 60 211 196
10215 61 147 196
10216 59 196 196
10217 58 169 196
10218 62 217 197
10219 60 139 197
10220 61 227 197
10221 63 79 197
10222 62 249 198
10223 64 79 198
10224 65 200 199
10225 63 25 198
10226 60 255 198
10227 59 114 197
10228 57 157 197
10229 55 232 196
10230 53 29 195
10231 51 200 195
10232 49 50 194
10233 47 141 194
10234 45 228 194
10235 42 159 193
10236 41 232 192
10237 39 58 192
10238 37 143 191
10239 35 100 191
10240 33 141 190
10241 30 154 190
10242 29 57 189
10243 27 207 189
10244 25 116 188
10245 23 143 187
10246 21 100 187
10247 3 12 187
10248 4 62 187
10249 5 186 187
10250 6 233 187
10251 7 50 187
10252 8 141 187
10253 9 151 187
10254 10 181 187
10255 11 253 187
10256 12 237 187
10257 13 111 187
10258 14 215 187
10259 15 163 187
10260 16 60 187
10261 17 146 187
10262 18 249 187
10263 66 100 200
10264 64 25 199
10265 62 199 199
10266 61 244 198
10267 58 207 197
10268 56 116 197
10269 54 29 197
10270 52 200 196
10271 50 50 196
10272 48 199 195
10273 46 114 194
10274 44 157 194
10275 43 33 193
10276 40 58 193
10277 38 200 192
10278 36 50 192
10279 34 141 191
10280 32 228 191
10281 31 192 190
10282 28 232 189
10283 26 58 189
10284 24 143 189
10285 22 100 188
10286 20 25 188
10287 19 95 187
10288 0 31 188
10289 1 46 188
10290 2 28 188
10291 3 186 188
10292 4 189 188
10293 5 252 188
10294 6 6 188
10295 7 46 188
10296 8 251 188
10297 9 161 188
10298 10 104 188
10299 11 56 188
10300 12 147 188
10301 67 119 200
10302 65 94 200
10303 63 76 199
10304 60 48 199
10305 59 69 198
10306 57 210 198
10307 55 181 197
10308 53 119 196
10309 51 94 196
10310 49 152 195
10311 47 38 195
10312 45 138 195
10313 42 89 194
10314 41 181 193
10315 39 238 193
10316 37 188 192
10317 35 47 192
10318 33 38 191
10319 30 208 191
10320 29 163 190
10321 27 105 190
10322 25 219 189
10323 23 188 188
10324 21 47 188
10325 13 45 188
10326 14 65 188
10327 15 244 188
10328 16 191 188
10329 17 22 188
10330 18 127 188
10331 19 48 188
10332 0 117 189
10333 1 143 189
10334 2 133 189
10335 3 39 189
10336 4 39 189
10337 5 142 189
10338 68 188 201
10339 66 47 201
10340 64 76 200
10341 62 19 200
10342 61 51 199
10343 58 105 198
10344 56 219 198
10345 54 119 198
10346 52 94 197
10347 50 152 197
10348 48 19 196
10349 46 69 195
10350 44 210 195
10351 43 194 194
10352 40 238 194
10353 38 94 193
10354 36 152 193
10355 34 38 192
10356 32 138 192
10357 31 7 191
10358 28 181 190
10359 26 238 190
10360 24 188 190
10361 22 47 189
10362 20 76 189
10363 6 72 189
10364 7 96 189
10365 8 32 189
10366 9 28 189
10367 10 186 189
10368 11 56 189
10369 12 233 189
10370 13 253 189
10371 14 40 189
10372 15 170 189
10373 16 158 189
10374 69 234 202
10375 67 187 201
10376 65 111 201
10377 63 46 200
10378 60 249 200
10379 59 35 199
10380 57 73 199
10381 55 211 198
10382 53 187 197
10383 51 111 197
10384 49 92 196
10385 47 23 196
10386 45 70 196
10387 42 18 195
10388 41 211 194
10389 39 117 194
10390 37 222 193
10391 35 184 193
10392 33 23 192
10393 30 169 192
10394 29 146 191
10395 27 165 191
10396 25 234 190
10397 23 222 189
10398 21 184 189
10399 17 9 189
10400 18 176 189
10401 19 73 189
10402 0 81 190
10403 1 87 190
10404 2 30 190
10405 3 248 190
10406 4 156 190
10407 5 59 190
10408 6 36 190
10409 70 234 203
10410 68 222 202
10411 66 184 202
10412 64 46 201
10413 62 140 201
10414 61 77 200
10415 58 165 199
10416 56 234 199
10417 54 187 199
10418 52 111 198
10419 50 92 198
10420 48 140 197
10421 46 35 196
10422 44 73 196
10423 43 245 195
10424 40 117 195
10425 38 111 194
10426 36 92 194
10427 34 23 193
10428 32 70 193
10429 31 193 192
10430 28 211 191
10431 26 117 191
10432 24 222 191
10433 22 184 190
10434 20 46 190
10435 7 60 190
10436 8 11 190
10437 9 116 190
10438 10 127 190
10439 11 31 190
10440 12 175 190
10441 13 253 190
10442 14 189 190
10443 71 39 203
10444 69 74 203
10445 67 147 202
10446 65 101 202
10447 63 109 201
10448 60 157 201
10449 59 55 200
10450 57 78 200
10451 55 148 199
10452 53 147 198
10453 51 101 198
10454 49 218 197
10455 47 183 197
10456 45 110 197
10457 42 215 196
10458 41 148 195
10459 39 37 195
10460 37 202 194
10461 35 179 194
10462 33 183 193
10463 30 10 193
10464 29 156 192
10465 27 39 192
10466 25 74 191
10467 23 202 190
10468 21 179 190
10469 15 13 190
10470 16 101 190
10471 17 75 190
10472 18 187 190
10473 19 4 190
10474 0 122 191
10475 1 107 191
10476 73 97 204
10477 70 74 204
10478 68 202 203
10479 66 179 203
10480 64 109 202
10481 62 220 202
10482 61 179 201
10483 58 39 200
10484 56 74 200
10485 54 147 200
10486 52 101 199
10487 50 218 199
10488 48 220 198
10489 46 55 197
10490 44 78 197
10491 43 228 196
10492 40 37 196
10493 38 101 195
10494 36 218 195
10495 34 183 194
10496 32 110 194
10497 31 112 193
10498 28 148 192
10499 26 37 192
10500 24 202 192
10501 22 179 191
10502 20 109 191
10503 2 251 191
10504 3 220 191
10505 4 58 191
10506 5 29 191
10507 6 121 191
10508 72 57 205
10509 71 98 204
10510 69 153 204
10511 67 231 203
10512 65 122 203
10513 63 208 202
10514 60 208 202
10515 59 13 201
10516 57 196 201
10517 55 49 200
10518 53 231 199
10519 51 122 199
10520 49 159 198
10521 47 104 198
10522 45 26 198
10523 42 247 197
10524 41 49 196
10525 39 205 196
10526 37 244 195
10527 35 61 195
10528 33 104 194
10529 30 129 194
10530 29 135 193
10531 27 98 193
10532 25 153 192
10533 23 244 191
10534 21 61 191
10535 7 1 191
10536 8 127 191
10537 9 174 191
10538 10 74 191
10539 74 135 206
10540 73 173 205
10541 70 153 205
10542 68 244 204
10543 66 61 204
10544 64 208 203
10545 62 52 203
10546 61 42 202
10547 58 98 201
10548 56 153 201
10549 54 231 201
10550 52 122 200
10551 50 159 200
10552 48 52 199
10553 46 13 198
10554 44 196 198
10555 43 185 197
10556 40 205 197
10557 38 122 196
10558 36 159 196
10559 34 104 195
10560 32 26 195
10561 31 38 194
10562 28 49 193
10563 26 205 193
10564 24 244 193
10565 22 61 192
10566 20 208 192
10567 18 26 191
10568 11 104 191
10569 75 45 207
10570 72 119 206
10571 71 154 205
10572 69 167 205
10573 67 106 204
10574 65 155 204
10575 63 180 203
10576 60 188 203
10577 59 204 202
10578 57 51 202
10579 55 77 201
10580 53 106 200
10581 51 155 200
10582 49 103 199
10583 47 90 199
10584 45 151 199
10585 42 24 198
10586 41 77 197
10587 39 212 197
10588 37 53 196
10589 35 206 196
10590 33 90 195
10591 30 79 195
10592 29 102 194
10593 27 154 194
10594 25 167 193
10595 23 53 192
10596 21 206 192
10597 19 180 191
10598 76 151 207
10599 74 102 207
10600 73 236 206
10601 70 167 206
10602 68 53 205
10603 66 206 205
10604 64 180 204
10605 62 45 204
10606 61 183 203
10607 58 154 202
10608 56 167 202
10609 54 106 202
10610 52 155 201
10611 50 103 201
10612 48 45 200
10613 46 204 199
10614 44 51 199
10615 43 181 198
10616 40 212 198
10617 38 155 197
10618 36 103 197
10619 34 90 196
10620 32 151 196
10621 31 210 195
10622 28 77 194
10623 26 212 194
10624 24 53 194
10625 22 206 193
10626 77 136 208
10627 75 34 208
10628 72 74 207
10629 71 242 206
10630 69 189 206
10631 67 240 205
10632 65 60 205
10633 63 136 204
10634 60 59 204
10635 59 137 203
10636 57 227 203
10637 55 121 202
10638 53 240 201
10639 51 60 201
10640 49 15 200
10641 47 68 200
10642 45 17 200
10643 42 44 199
10644 41 121 198
10645 39 223 198
10646 37 120 197
10647 35 30 197
10648 33 68 196
10649 30 190 196
10650 29 197 195
10651 27 242 195
10652 25 189 194
10653 78 68 209
10654 76 17 208
10655 74 197 208
10656 73 68 207
10657 70 189 207
10658 68 120 206
10659 66 30 206
10660 64 136 205
10661 62 34 205
10662 61 141 204
10663 58 242 203
10664 56 189 203
10665 54 240 203
10666 52 60 202
10667 50 15 202
10668 48 34 201
10669 46 137 200
10670 44 227 200
10671 43 133 199
10672 40 223 199
10673 38 60 198
10674 36 15 198
10675 34 68 197
10676 32 17 197
10677 31 220 196
10678 28 121 195
10679 79 194 209
10680 77 177 209
10681 75 237 209
10682 72 247 208
10683 71 160 207
10684 69 40 207
10685 67 10 206
10686 65 131 206
10687 63 177 205
10688 60 65 205
10689 59 252 204
10690 57 63 204
10691 55 80 203
10692 53 10 202
10693 51 131 202
10694 49 97 201
10695 47 217 201
10696 45 247 201
10697 42 105 200
10698 41 80 199
10699 39 20 199
10700 37 5 198
10701 35 194 198
10702 33 217 197
10703 30 44 197
10704 80 194 211
10705 78 217 210
10706 76 247 209
10707 74 126 209
10708 73 82 208
10709 70 40 208
10710 68 5 207
10711 66 194 207
10712 64 177 206
10713 62 237 206
10714 61 243 205
10715 58 160 204
10716 56 40 204
10717 54 10 204
10718 52 131 203
10719 50 97 203
10720 48 237 202
10721 46 252 201
10722 44 63 201
10723 43 13 200
10724 40 20 200
10725 38 131 199
10726 36 97 199
10727 34 217 198
10728 81 118 211
10729 79 158 210
10730 77 168 210
10731 75 42 210
10732 72 159 209
10733 71 178 208
10734 69 173 208
10735 67 236 207
10736 65 59 207
10737 63 168 206
10738 60 242 206
10739 59 139 205
10740 57 99 205
10741 55 89 204
10742 53 236 203
10743 51 59 203
10744 49 79 202
10745 47 84 202
10746 45 21 202
10747 42 142 201
10748 41 89 200
10749 39 215 200
10750 37 118 199
10751 82 118 212
10752 80 158 212
10753 78 84 211
10754 76 21 210
10755 74 198 210
10756 73 137 209
10757 70 173 209
10758 68 118 208
10759 66 158 208
10760 64 168 207
10761 62 42 207
10762 61 190 206
10763 58 178 205
10764 56 173 205
10765 54 236 205
10766 52 59 204
10767 50 79 204
10768 48 42 203
10769 46 139 202
10770 44 99 202
10771 43 153 201
10772 40 215 201
10773 83 191 212
10774 81 112 212
10775 79 28 211
10776 77 7 211
10777 75 66 211
10778 72 54 210
10779 71 243 209
10780 69 125 209
10781 67 224 208
10782 65 56 208
10783 63 7 207
10784 60 252 207
10785 59 145 206
10786 57 229 206
10787 55 250 205
10788 53 224 204
10789 51 56 204
10790 49 14 203
10791 47 132 203
10792 45 33 203
10793 42 65 202
10794 84 191 214
10795 82 112 213
10796 80 28 213
10797 78 132 212
10798 76 33 211
10799 74 201 211
10800 73 55 210
10801 70 125 210
10802 68 112 209
10803 66 28 209
10804 64 7 208
10805 62 66 208
10806 61 81 207
10807 58 243 206
10808 56 125 206
10809 54 224 206
10810 52 56 205
10811 50 14 205
10812 48 66 204
10813 46 145 203
10814 85 235 214
10815 83 190 213
10816 81 176 213
10817 79 44 212
10818 77 11 212
10819 75 67 212
10820 72 29 211
10821 71 235 210
10822 69 123 210
10823 67 95 209
10824 65 88 209
10825 63 11 208
10826 60 191 208
10827 59 81 207
10828 57 213 207
10829 55 246 206
10830 53 95 205
10831 51 88 205
10832 49 22 204
10833 86 246 215
10834 84 190 215
10835 82 176 214
10836 80 44 214
10837 78 134 213
10838 76 162 212
10839 74 169 212
10840 73 144 211
10841 70 123 211
10842 68 176 210
10843 66 44 210
10844 64 11 209
10845 62 67 209
10846 61 184 208
10847 58 235 207
10848 56 123 207
10849 54 95 207
10850 52 88 206
10851 87 82 216
10852 85 149 215
10853 83 115 214
10854 81 93 214
10855 79 216 213
10856 77 54 213
10857 75 142 213
10858 72 191 212
10859 71 149 211
10860 69 230 211
10861 67 186 210
10862 65 175 210
10863 63 54 209
10864 60 147 209
10865 59 164 208
10866 57 41 208
10867 55 203 207
10868 88 41 216
10869 86 203 216
10870 84 115 216
10871 82 93 215
10872 80 216 215
10873 78 27 214
10874 76 71 213
10875 74 82 213
10876 73 65 212
10877 70 230 212
10878 68 93 211
10879 66 216 211
10880 64 54 210
10881 62 142 210
10882 61 137 209
10883 58 149 208
10884 89 185 217
10885 87 239 217
10886 85 124 216
10887 83 144 215
10888 81 36 215
10889 79 9 214
10890 77 195 214
10891 75 113 214
10892 72 235 213
10893 71 124 212
10894 69 31 212
10895 67 72 211
10896 65 18 211
10897 63 195 210
10898 60 163 210
10899 91 244 218
10900 88 248 217
10901 86 62 217
10902 84 144 217
10903 82 36 216
10904 80 9 216
10905 78 226 215
10906 76 185 214
10907 74 239 214
10908 73 48 213
10909 70 31 213
10910 68 36 212
10911 66 9 212
10912 64 195 211
10913 90 106 219
10914 89 254 218
10915 87 192 218
10916 85 48 217
10917 83 6 216
10918 81 130 216
10919 79 161 215
10920 77 233 215
10921 75 251 215
10922 72 18 214
10923 71 48 213
10924 69 12 213
10925 67 3 212
10926 92 245 220
10927 91 176 219
10928 88 96 218
10929 86 24 218
10930 84 6 218
10931 82 130 217
10932 80 161 217
10933 78 245 216
10934 76 254 215
10935 74 192 215
10936 73 90 214
10937 70 12 214
10938 93 255 220
10939 90 119 220
10940 89 32 219
10941 87 8 219
10942 85 2 218
10943 83 193 217
10944 81 241 217
10945 79 253 216
10946 77 256 216
10947 75 64 216
10948 72 30 215
10949 94 255 221
10950 92 128 221
10951 91 66 220
10952 88 4 219
10953 86 1 219
10954 84 193 219
10955 82 241 218
10956 80 253 218
10957 78 128 217
10958 76 32 216
10959 95 85 222
10960 93 107 221
10961 90 135 221
10962 89 87 220
10963 87 86 220
10964 85 150 219
10965 83 83 218
10966 81 85 218
10967 79 214 217
10968 96 171 223
10969 94 107 222
10970 92 91 222
10971 91 98 221
10972 88 43 220
10973 86 75 220
10974 84 83 220
10975 82 85 219
10976 97 57 223
10977 95 207 223
10978 93 58 222
10979 90 54 222
10980 89 100 221
10981 87 25 221
10982 85 199 220
10983 98 157 224
10984 96 232 224
10985 94 58 223
10986 92 143 223
10987 91 166 222
10988 88 141 221
10989 99 138 225
10990 97 163 224
10991 95 105 224
10992 93 238 223
10993 90 184 223
10994 100 138 226
10995 98 210 225
10996 96 181 225
10997 94 238 224
10998 101 23 226
10999 99 70 226
11000 97 146 225
11001 103 20 227
11002 100 70 227
11003 102 32 228
11004 104 63 229
11005 101 139 227
11006 98 198 226
11007 95 66 225
11008 92 33 224
11009 89 134 222
11010 86 67 221
11011 83 54 219
11012 80 54 219
11013 77 9 217
11014 74 133 216
11015 71 65 214
11016 68 161 213
11017 65 225 212
11018 62 241 211
11019 59 83 209
11020 56 170 208
11021 53 114 206
11022 50 114 206
11023 47 19 204
11024 44 138 203
11025 41 23 201
11026 38 140 200
11027 35 218 199
11028 32 109 198
11029 29 61 196
11030 26 159 195
11031 23 155 193
11032 20 155 193
11033 17 240 191
11034 15 120 191
11035 12 72 191
11036 105 21 230
11037 103 152 228
11038 99 66 227
11039 96 33 226
11040 93 134 224
11041 91 105 223
11042 87 108 222
11043 84 54 221
11044 81 9 219
11045 78 133 218
11046 75 130 217
11047 73 252 215
11048 69 225 214
11049 66 241 213
11050 63 83 211
11051 61 70 210
11052 57 228 209
11053 54 114 208
11054 51 19 206
11055 48 138 205
11056 45 46 204
11057 43 9 202
11058 39 218 201
11059 36 109 200
11060 33 61 198
11061 31 37 197
11062 27 53 196
11063 24 155 195
11064 21 240 193
11065 18 120 192
11066 106 139 230
11067 102 58 229
11068 100 66 228
11069 97 11 226
11070 94 134 225
11071 90 244 224
11072 88 54 222
11073 85 18 221
11074 82 9 220
11075 79 130 218
11076 76 65 217
11077 72 98 216
11078 70 225 215
11079 67 166 213
11080 64 83 212
11081 60 251 211
11082 58 114 209
11083 55 38 208
11084 52 19 207
11085 49 46 205
11086 46 23 204
11087 42 14 203
11088 40 218 202
11089 37 122 200
11090 34 61 199
11091 30 121 198
11092 28 155 196
11093 25 223 195
11094 107 132 231
11095 104 66 230
11096 101 11 228
11097 98 134 227
11098 95 216 226
11099 92 108 225
11100 89 18 223
11101 86 9 222
11102 83 130 220
11103 80 130 220
11104 77 193 218
11105 74 225 217
11106 71 166 215
11107 68 83 214
11108 65 199 213
11109 62 228 212
11110 59 38 210
11111 56 19 209
11112 53 46 207
11113 50 46 207
11114 47 179 205
11115 44 218 204
11116 41 122 202
11117 38 61 201
11118 35 106 200
11119 32 53 199
11120 108 66 232
11121 105 22 231
11122 103 87 229
11123 99 216 228
11124 96 108 227
11125 93 18 225
11126 91 152 224
11127 87 3 223
11128 84 130 222
11129 81 193 220
11130 78 225 219
11131 75 75 218
11132 73 223 216
11133 69 199 215
11134 66 228 214
11135 63 38 212
11136 61 162 211
11137 57 92 210
11138 54 46 209
11139 51 179 207
11140 48 218 206
11141 45 244 205
11142 43 135 203
11143 39 106 202
11144 109 22 232
11145 106 11 231
11146 102 17 230
11147 100 216 229
11148 97 36 227
11149 94 18 226
11150 90 118 225
11151 88 130 223
11152 85 129 222
11153 82 193 221
11154 79 75 219
11155 76 166 218
11156 72 125 217
11157 70 199 216
11158 67 76 214
11159 64 38 213
11160 60 191 212
11161 58 46 210
11162 55 101 209
11163 52 179 208
11164 49 244 206
11165 46 122 205
11166 110 22 234
11167 107 175 232
11168 104 216 231
11169 101 36 229
11170 98 18 228
11171 95 6 227
11172 92 3 226
11173 89 129 224
11174 86 193 223
11175 83 75 221
11176 80 75 221
11177 77 141 219
11178 74 199 218
11179 71 76 216
11180 68 38 215
11181 65 184 214
11182 62 92 213
11183 59 101 211
11184 56 179 210
11185 53 244 208
11186 111 175 234
11187 108 216 233
11188 105 72 232
11189 103 65 230
11190 99 6 229
11191 96 3 228
11192 93 129 226
11193 91 191 225
11194 87 150 224
11195 84 75 223
11196 81 141 221
11197 78 199 220
11198 75 152 219
11199 73 105 217
11200 69 184 216
11201 66 92 215
11202 63 101 213
11203 61 26 212
11204 112 175 235
11205 109 72 233
11206 106 36 232
11207 102 226 231
11208 100 6 230
11209 97 1 228
11210 94 129 227
11211 90 153 226
11212 88 75 224
11213 85 25 223
11214 82 141 222
11215 79 152 220
11216 76 76 219
11217 72 92 218
11218 70 184 217
11219 67 202 215
11220 113 72 235
11221 110 72 235
11222 107 12 233
11223 104 6 232
11224 101 1 230
11225 98 129 229
11226 95 43 228
11227 92 150 227
11228 89 25 225
11229 86 141 224
11230 83 152 222
11231 80 152 222
11232 77 111 220
11233 74 184 219
11234 114 72 237
11235 111 12 235
11236 108 6 234
11237 105 2 233
11238 103 254 231
11239 99 43 230
11240 96 150 229
11241 93 25 227
11242 91 185 226
11243 87 47 225
11244 84 152 224
11245 81 111 222
11246 115 24 237
11247 112 12 236
11248 109 2 234
11249 106 1 233
11250 102 100 232
11251 100 43 231
11252 97 50 229
11253 94 25 228
11254 90 77 227
11255 88 152 225
11256 116 12 238
11257 113 2 236
11258 110 2 236
11259 107 86 234
11260 104 43 233
11261 101 50 231
11262 98 25 230
11263 95 94 229
11264 117 4 239
11265 114 2 238
11266 111 86 236
11267 108 43 235
11268 105 100 234
11269 103 138 232
11270 118 2 239
11271 115 172 238
11272 112 86 237
11273 109 100 235
11274 119 172 240
11275 116 86 239
11276 13 252 191
11277 14 15 191
11278 16 146 191
11279 0 11 192
11280 1 124 192
11281 0 80 193
11282 0 80 194
11283 0 80 195
11284 0 80 196
11285 0 80 197
11286 0 80 198
11287 0 80 199
11288 0 80 200
11289 0 80 201
11290 0 80 202
11291 0 80 203
11292 0 80 204
11293 0 80 205
11294 0 80 206
11295 0 80 207
11296 0 80 208
11297 0 80 209
11298 0 80 210
11299 2 202 192
11300 3 204 192
11301 4 145 192
11302 5 210 192
11303 6 226 192
11304 7 116 192
11305 8 72 192
11306 1 89 193
11307 1 89 194
11308 1 89 195
11309 1 89 196
11310 1 89 197
11311 1 89 198
11312 1 89 199
11313 1 89 200
11314 1 89 201
11315 1 89 202
11316 1 89 203
11317 1 89 204
11318 1 89 205
11319 1 89 206
11320 1 89 207
11321 9 72 192
11322 10 12 192
11323 11 10 192
11324 12 30 192
11325 13 219 192
11326 14 158 192
11327 15 32 192
11328 16 18 192
11329 19 175 192
11330 2 250 193
11331 2 250 194
11332 2 250 195
11333 2 250 196
11334 2 250 197
11335 2 250 198
11336 2 250 199
11337 2 250 200
11338 2 250 201
11339 2 250 202
11340 2 250 203
11341 2 250 204
11342 17 179 192
11343 3 86 193
11344 4 158 193
11345 5 180 193
11346 6 146 193
11347 7 91 193
11348 8 68 193
11349 9 97 193
11350 10 56 193
11351 11 129 193
11352 3 246 194
11353 20 149 194
11354 22 206 194
11355 3 246 195
11356 3 246 196
11357 3 246 197
11358 3 246 198
11359 3 246 199
11360 3 246 200
11361 3 246 201
11362 12 11 193
11363 13 44 193
11364 14 67 193
11365 15 43 193
11366 16 89 193
11367 17 15 193
11368 18 103 193
11369 19 239 193
11370 4 18 194
11371 5 1 194
11372 6 147 194
11373 7 80 194
11374 21 133 194
11375 23 227 194
11376 4 203 195
11377 4 203 196
11378 26 256 196
11379 4 203 197
11380 4 203 198
11381 8 25 194
11382 9 126 194
11383 10 33 194
11384 11 153 194
11385 12 20 194
11386 13 76 194
11387 14 163 194
11388 15 152 194
11389 16 244 194
11390 17 95 194
11391 18 226 194
11392 19 202 194
11393 5 16 195
11394 6 93 195
11395 22 226 195
11396 5 62 196
11397 24 136 196
11398 5 62 197
11399 7 92 195
11400 8 239 195
11401 9 69 195
11402 10 204 195
11403 11 52 195
11404 12 58 195
11405 13 215 195
11406 14 136 195
11407 15 62 195
11408 16 178 195
11409 17 240 195
11410 18 110 195
11411 19 253 195
11412 20 101 195
11413 21 99 195
11414 23 12 195
11415 6 24 196
11416 7 57 196
11417 8 69 196
11418 9 38 196
11419 10 223 196
11420 11 225 196
11421 12 72 196
11422 13 94 196
11423 14 153 196
11424 15 165 196
11425 16 233 196
11426 17 164 196
11427 18 75 196
11428 19 67 196
11429 20 69 196
11430 21 256 196
11431 22 205 196
11432 23 63 196
11433 25 198 196
11434 6 3 197
11435 7 192 197
11436 8 8 197
11437 9 41 197
11438 10 161 197
11439 11 125 197
11440 12 20 197
11441 13 197 197
11442 14 177 197
11443 15 237 197
11444 16 76 197
11445 17 250 197
11446 18 214 197
11447 19 84 197
11448 20 147 197
11449 21 5 197
11450 22 225 197
11451 23 84 197
11452 24 61 197
11453 25 99 197
11454 26 212 197
11455 27 255 197
11456 28 106 197
11457 29 222 197
11458 5 148 198
11459 6 159 198
11460 7 65 198
11461 8 43 198
11462 9 69 198
11463 10 250 198
11464 11 215 198
11465 12 229 198
11466 13 53 198
11467 14 197 198
11468 15 9 198
11469 16 231 198
11470 17 142 198
11471 18 44 198
11472 19 233 198
11473 20 96 198
11474 21 163 198
11475 22 29 198
11476 23 111 198
11477 24 113 198
11478 25 243 198
11479 26 48 198
11480 27 13 198
11481 28 153 198
11482 29 30 198
11483 31 69 198
11484 4 104 199
11485 5 19 199
11486 6 197 199
11487 7 255 199
11488 8 176 199
11489 9 193 199
11490 10 217 199
11491 11 159 199
11492 12 28 199
11493 13 43 199
11494 14 88 199
11495 15 103 199
11496 16 153 199
11497 17 234 199
11498 18 3 199
11499 19 35 199
11500 20 238 199
11501 21 219 199
11502 22 117 199
11503 23 144 199
11504 24 201 199
11505 25 114 199
11506 26 62 199
11507 27 211 199
11508 28 35 199
11509 29 58 199
11510 30 38 199
11511 31 84 199
11512 33 27 199
11513 4 35 200
11514 5 149 200
11515 6 188 200
11516 7 218 200
11517 8 146 200
11518 9 144 200
11519 10 47 200
11520 11 77 200
11521 12 211 200
11522 13 37 200
11523 14 80 200
11524 15 241 200
11525 16 156 200
11526 17 85 200
11527 18 114 200
11528 19 8 200
11529 20 143 200
11530 21 134 200
11531 22 53 200
11532 23 226 200
11533 24 94 200
11534 25 158 200
11535 26 162 200
11536 27 125 200
11537 28 3 200
11538 29 73 200
11539 30 133 200
11540 31 73 200
11541 32 175 200
11542 33 34 200
11543 34 51 200
11544 4 233 201
11545 5 98 201
11546 6 34 201
11547 7 228 201
11548 8 83 201
11549 9 48 201
11550 10 97 201
11551 11 92 201
11552 12 252 201
11553 13 250 201
11554 14 99 201
11555 15 148 201
11556 16 74 201
11557 17 5 201
11558 18 71 201
11559 19 2 201
11560 20 70 201
11561 21 66 201
11562 22 195 201
11563 23 20 201
11564 24 168 201
11565 25 128 201
11566 26 182 201
11567 27 129 201
11568 28 98 201
11569 29 225 201
11570 30 155 201
11571 31 16 201
11572 32 226 201
11573 33 53 201
11574 34 234 201
11575 35 26 201
11576 36 173 201
11577 37 82 201
11578 3 31 202
11579 4 191 202
11580 5 9 202
11581 6 65 202
11582 7 195 202
11583 8 252 202
11584 9 22 202
11585 10 158 202
11586 11 24 202
11587 12 169 202
11588 13 253 202
11589 14 8 202
11590 15 178 202
11591 16 108 202
11592 17 255 202
11593 18 202 202
11594 19 148 202
11595 20 197 202
11596 21 53 202
11597 22 180 202
11598 23 207 202
11599 24 85 202
11600 25 60 202
11601 26 10 202
11602 27 64 202
11603 28 30 202
11604 29 248 202
11605 30 177 202
11606 31 239 202
11607 32 176 202
11608 33 233 202
11609 34 255 202
11610 35 58 202
11611 36 25 202
11612 37 77 202
11613 38 69 202
11614 3 76 203
11615 4 97 203
11616 5 115 203
11617 6 39 203
11618 7 169 203
11619 8 85 203
11620 9 106 203
11621 10 62 203
11622 11 233 203
11623 12 101 203
11624 13 123 203
11625 14 252 203
11626 15 174 203
11627 16 198 203
11628 17 8 203
11629 18 49 203
11630 19 125 203
11631 20 201 203
11632 21 70 203
11633 22 208 203
11634 23 61 203
11635 24 232 203
11636 25 200 203
11637 26 160 203
11638 27 18 203
11639 28 233 203
11640 29 143 203
11641 30 190 203
11642 31 125 203
11643 32 179 203
11644 33 11 203
11645 34 66 203
11646 35 208 203
11647 36 224 203
11648 37 235 203
11649 38 125 203
11650 39 222 203
11651 40 198 203
11652 41 252 203
11653 3 97 204
11654 4 35 204
11655 5 119 204
11656 6 13 204
11657 7 183 204
11658 8 101 204
11659 9 250 204
11660 10 181 204
11661 11 4 204
11662 12 14 204
11663 13 249 204
11664 14 37 204
11665 15 164 204
11666 16 119 204
11667 17 15 204
11668 18 54 204
11669 19 44 204
11670 20 56 204
11671 21 172 204
11672 22 184 204
11673 23 231 204
11674 24 9 204
11675 25 63 204
11676 26 36 204
11677 27 52 204
11678 28 124 204
11679 29 143 204
11680 30 6 204
11681 31 172 204
11682 32 68 204
11683 33 142 204
11684 34 16 204
11685 35 149 204
11686 36 240 204
11687 37 236 204
11688 38 148 204
11689 39 230 204
11690 40 43 204
11691 41 236 204
11692 42 79 204
11693 43 57 204
11694 2 206 205
11695 3 56 205
11696 4 14 205
11697 5 131 205
11698 6 216 205
11699 7 182 205
11700 8 170 205
11701 9 84 205
11702 10 70 205
11703 11 145 205
11704 12 46 205
11705 13 55 205
11706 14 7 205
11707 15 24 205
11708 16 19 205
11709 17 50 205
11710 18 23 205
11711 19 111 205
11712 20 195 205
11713 21 113 205
11714 22 67 205
11715 23 175 205
11716 24 155 205
11717 25 123 205
11718 26 49 205
11719 27 251 205
11720 28 16 205
11721 29 9 205
11722 30 101 205
11723 31 70 205
11724 32 21 205
11725 33 35 205
11726 34 84 205
11727 35 234 205
11728 36 240 205
11729 37 248 205
11730 38 136 205
11731 39 156 205
11732 40 163 205
11733 41 245 205
11734 42 177 205
11735 43 122 205
11736 44 56 205
11737 2 174 206
11738 3 8 206
11739 4 85 206
11740 5 239 206
11741 6 142 206
11742 7 60 206
11743 8 153 206
11744 9 172 206
11745 10 5 206
11746 11 63 206
11747 12 156 206
11748 13 213 206
11749 14 135 206
11750 15 19 206
11751 16 74 206
11752 17 115 206
11753 18 95 206
11754 19 195 206
11755 20 166 206
11756 21 221 206
11757 22 250 206
11758 23 142 206
11759 24 18 206
11760 25 157 206
11761 26 227 206
11762 27 192 206
11763 28 12 206
11764 29 100 206
11765 30 170 206
11766 31 57 206
11767 32 178 206
11768 33 194 206
11769 34 126 206
11770 35 38 206
11771 36 30 206
11772 37 111 206
11773 38 173 206
11774 39 137 206
11775 40 19 206
11776 41 116 206
11777 42 231 206
11778 43 37 206
11779 44 245 206
11780 45 40 206
11781 46 73 206
11782 47 223 206
11783 2 216 207
11784 3 200 207
11785 4 166 207
11786 5 16 207
11787 6 24 207
11788 7 77 207
11789 8 57 207
11790 9 255 207
11791 10 88 207
11792 11 144 207
11793 12 215 207
11794 13 42 207
11795 14 100 207
11796 15 183 207
11797 16 145 207
11798 17 95 207
11799 18 63 207
11800 19 121 207
11801 20 176 207
11802 21 225 207
11803 22 157 207
11804 23 55 207
11805 24 88 207
11806 25 56 207
11807 26 255 207
11808 27 124 207
11809 28 226 207
11810 29 206 207
11811 30 6 207
11812 31 166 207
11813 32 214 207
11814 33 27 207
11815 34 254 207
11816 35 86 207
11817 36 170 207
11818 37 155 207
11819 38 160 207
11820 39 92 207
11821 40 162 207
11822 41 253 207
11823 42 236 207
11824 43 114 207
11825 44 79 207
11826 45 103 207
11827 46 189 207
11828 47 177 207
11829 48 37 207
11830 49 3 207
11831 1 133 208
11832 2 170 208
11833 3 65 208
11834 4 94 208
11835 5 126 208
11836 6 119 208
11837 7 21 208
11838 8 253 208
11839 9 50 208
11840 10 81 208
11841 11 153 208
11842 12 37 208
11843 13 52 208
11844 14 209 208
11845 15 30 208
11846 16 173 208
11847 17 207 208
11848 18 35 208
11849 19 191 208
11850 20 241 208
11851 21 7 208
11852 22 78 208
11853 23 221 208
11854 24 95 208
11855 25 17 208
11856 26 88 208
11857 27 176 208
11858 28 86 208
11859 29 241 208
11860 30 53 208
11861 31 113 208
11862 32 197 208
11863 33 11 208
11864 34 206 208
11865 35 19 208
11866 36 158 208
11867 37 219 208
11868 38 182 208
11869 39 132 208
11870 40 166 208
11871 41 166 208
11872 42 72 208
11873 43 220 208
11874 44 112 208
11875 45 229 208
11876 46 199 208
11877 47 174 208
11878 48 126 208
11879 49 196 208
11880 50 115 208
11881 51 115 208
11882 1 108 209
11883 2 170 209
11884 3 53 209
11885 4 215 209
11886 5 114 209
11887 6 249 209
11888 7 244 209
11889 8 130 209
11890 9 105 209
11891 10 140 209
11892 11 67 209
11893 12 101 209
11894 13 231 209
11895 14 197 209
11896 15 241 209
11897 16 60 209
11898 17 131 209
11899 18 88 209
11900 19 80 209
11901 20 231 209
11902 21 123 209
11903 22 29 209
11904 23 249 209
11905 24 216 209
11906 25 28 209
11907 26 127 209
11908 27 136 209
11909 28 14 209
11910 29 133 209
11911 30 159 209
11912 31 25 209
11913 32 102 209
11914 33 90 209
11915 34 137 209
11916 35 253 209
11917 36 129 209
11918 37 67 209
11919 38 254 209
11920 39 198 209
11921 40 96 209
11922 41 229 209
11923 42 182 209
11924 43 63 209
11925 44 20 209
11926 45 181 209
11927 46 167 209
11928 47 31 209
11929 48 197 209
11930 49 15 209
11931 50 59 209
11932 51 137 209
11933 52 5 209
11934 53 60 209
11935 1 96 210
11936 2 85 210
11937 3 98 210
11938 4 147 210
11939 5 240 210
11940 6 55 210
11941 7 25 210
11942 8 13 210
11943 9 142 210
11944 10 133 210
11945 11 247 210
11946 12 108 210
11947 13 253 210
11948 14 105 210
11949 15 29 210
11950 16 164 210
11951 17 60 210
11952 18 105 210
11953 19 61 210
11954 20 196 210
11955 21 25 210
11956 22 20 210
11957 23 209 210
11958 24 53 210
11959 25 62 210
11960 26 6 210
11961 27 227 210
11962 28 189 210
11963 29 242 210
11964 30 207 210
11965 31 146 210
11966 32 122 210
11967 33 141 210
11968 34 60 210
11969 35 136 210
11970 36 174 210
11971 37 18 210
11972 38 53 210
11973 39 7 210
11974 40 63 210
11975 41 55 210
11976 42 17 210
11977 43 207 210
11978 44 89 210
11979 45 246 210
11980 46 118 210
11981 47 15 210
11982 48 152 210
11983 49 186 210
11984 50 238 210
11985 51 207 210
11986 52 83 210
11987 53 67 210
11988 54 13 210
11989 55 53 210
11990 0 222 211
11991 1 95 211
11992 2 125 211
11993 3 70 211
11994 4 14 211
11995 5 234 211
11996 6 22 211
11997 7 58 211
11998 8 44 211
11999 9 208 211
12000 10 197 211
12001 11 186 211
12002 12 142 211
12003 13 132 211
12004 14 246 211
12005 15 218 211
12006 16 45 211
12007 17 109 211
12008 18 70 211
12009 19 199 211
12010 20 42 211
12011 21 40 211
12012 22 7 211
12013 23 36 211
12014 24 246 211
12015 25 117 211
12016 26 13 211
12017 27 90 211
12018 28 129 211
12019 29 51 211
12020 30 141 211
12021 31 172 211
12022 32 39 211
12023 33 114 211
12024 34 115 211
12025 35 230 211
12026 36 127 211
12027 37 62 211
12028 38 69 211
12029 39 189 211
12030 40 135 211
12031 41 196 211
12032 42 17 211
12033 43 209 211
12034 44 42 211
12035 45 91 211
12036 46 26 211
12037 47 116 211
12038 48 69 211
12039 49 4 211
12040 50 138 211
12041 51 233 211
12042 52 86 211
12043 53 236 211
12044 54 233 211
12045 55 91 211
12046 56 223 211
12047 57 209 211
12048 58 230 211
12049 0 108 212
12050 1 90 212
12051 2 187 212
12052 3 40 212
12053 4 69 212
12054 5 197 212
12055 6 226 212
12056 7 98 212
12057 8 158 212
12058 9 106 212
12059 10 132 212
12060 11 236 212
12061 12 67 212
12062 13 250 212
12063 14 171 212
12064 15 230 212
12065 16 30 212
12066 17 119 212
12067 18 180 212
12068 19 150 212
12069 20 21 212
12070 21 246 212
12071 22 68 212
12072 23 212 212
12073 24 165 212
12074 25 138 212
12075 26 204 212
12076 27 180 212
12077 28 248 212
12078 29 2 212
12079 30 231 212
12080 31 88 212
12081 32 191 212
12082 33 200 212
12083 34 108 212
12084 35 58 212
12085 36 32 212
12086 37 63 212
12087 38 123 212
12088 39 230 212
12089 40 156 212
12090 41 197 212
12091 42 229 212
12092 43 224 212
12093 44 76 212
12094 45 121 212
12095 46 128 212
12096 47 245 212
12097 48 17 212
12098 49 236 212
12099 50 3 212
12100 51 103 212
12101 52 89 212
12102 53 197 212
12103 54 88 212
12104 55 111 212
12105 56 223 212
12106 57 27 212
12107 58 73 212
12108 59 203 212
12109 0 14 213
12110 1 12 213
12111 2 203 213
12112 3 235 213
12113 4 5 213
12114 5 191 213
12115 6 203 213
12116 7 200 213
12117 8 120 213
12118 9 13 213
12119 10 33 213
12120 11 130 213
12121 12 197 213
12122 13 206 213
12123 14 152 213
12124 15 191 213
12125 16 245 213
12126 17 238 213
12127 18 228 213
12128 19 38 213
12129 20 90 213
12130 21 94 213
12131 22 94 213
12132 23 9 213
12133 24 202 213
12134 25 42 213
12135 26 31 213
12136 27 169 213
12137 28 172 213
12138 29 100 213
12139 30 128 213
12140 31 37 213
12141 32 71 213
12142 33 144 213
12143 34 176 213
12144 35 196 213
12145 36 138 213
12146 37 190 213
12147 38 135 213
12148 39 45 213
12149 40 148 213
12150 41 166 213
12151 42 127 213
12152 43 46 213
12153 44 151 213
12154 45 73 213
12155 46 67 213
12156 47 71 213
12157 48 185 213
12158 49 44 213
12159 50 150 213
12160 51 224 213
12161 52 216 213
12162 53 38 213
12163 54 255 213
12164 55 19 213
12165 56 99 213
12166 57 52 213
12167 58 71 213
12168 59 234 213
12169 60 176 213
12170 61 92 213
12171 0 82 214
12172 1 27 214
12173 2 250 214
12174 3 145 214
12175 4 194 214
12176 5 168 214
12177 6 145 214
12178 7 252 214
12179 8 211 214
12180 9 177 214
12181 10 95 214
12182 11 252 214
12183 12 99 214
12184 13 179 214
12185 14 139 214
12186 15 18 214
12187 16 120 214
12188 17 97 214
12189 18 9 214
12190 19 193 214
12191 20 20 214
12192 21 95 214
12193 22 147 214
12194 23 90 214
12195 24 173 214
12196 25 26 214
12197 26 64 214
12198 27 140 214
12199 28 81 214
12200 29 220 214
12201 30 178 214
12202 31 182 214
12203 32 178 214
12204 33 126 214
12205 34 217 214
12206 36 215 214
12207 35 206 214
12208 37 73 214
12209 38 58 214
12210 39 76 214
12211 40 65 214
12212 41 81 214
12213 42 30 214
12214 43 128 214
12215 44 139 214
12216 45 184 214
12217 46 92 214
12218 47 224 214
12219 48 227 214
12220 49 89 214
12221 50 55 214
12222 51 89 214
12223 52 222 214
12224 53 46 214
12225 54 40 214
12226 55 251 214
12227 56 124 214
12228 62 167 214
12229 60 48 214
12230 57 38 214
12231 58 253 214
12232 59 45 214
12233 61 2 214
12234 63 220 214
12235 64 200 214
12236 0 171 215
12237 1 42 215
12238 2 201 215
12239 3 145 215
12240 4 217 215
12241 5 169 215
12242 6 249 215
12243 7 165 215
12244 8 143 215
12245 9 195 215
12246 10 25 215
12247 11 253 215
12248 12 240 215
12249 13 42 215
12250 14 211 215
12251 15 228 215
12252 16 128 215
12253 17 55 215
12254 18 173 215
12255 19 153 215
12256 20 125 215
12257 21 227 215
12258 22 168 215
12259 23 194 215
12260 35 195 215
12261 32 153 215
12262 30 68 215
12263 39 129 215
12264 62 62 215
12265 60 80 215
12266 45 98 215
12267 56 214 215
12268 54 77 215
12269 52 203 215
12270 50 19 215
12271 48 158 215
12272 46 253 215
12273 44 49 215
12274 42 80 215
12275 40 199 215
12276 38 194 215
12277 36 65 215
12278 34 148 215
12279 65 240 215
12280 63 48 215
12281 61 128 215
12282 59 132 215
12283 57 182 215
12284 55 106 215
12285 53 124 215
12286 51 23 215
12287 49 84 215
12288 47 256 215
12289 58 124 215
12290 43 4 215
12291 41 38 215
12292 64 46 215
12293 37 233 215
12294 66 80 216
12295 39 187 216
12296 62 220 216
12297 60 207 216
12298 45 173 216
12299 56 121 216
12300 54 124 216
12301 52 140 216
12302 50 84 216
12303 48 171 216
12304 46 77 216
12305 44 149 216
12306 42 67 216
12307 40 217 216
12308 67 10 216
12309 65 6 216
12310 63 104 216
12311 61 78 216
12312 59 29 216
12313 57 223 216
12314 55 144 216
12315 53 183 216
12316 51 7 216
12317 49 182 216
12318 47 212 216
12319 58 86 216
12320 43 201 216
12321 68 89 216
12322 66 2 217
12323 64 52 216
12324 62 134 217
12325 60 36 217
12326 45 55 217
12327 56 48 217
12328 54 183 217
12329 52 132 217
12330 50 182 217
12331 48 242 217
12332 46 124 217
12333 69 215 217
12334 67 193 217
12335 65 13 217
12336 63 54 217
12337 61 103 217
12338 59 20 217
12339 57 12 217
12340 55 55 217
12341 53 11 217
12342 51 58 217
12343 49 223 217
12344 71 246 217
12345 68 150 217
12346 66 90 218
12347 64 27 217
12348 62 119 218
12349 60 148 218
12350 58 2 217
12351 56 104 218
12352 54 11 218
12353 52 29 218
12354 70 126 218
12355 69 166 218
12356 67 204 218
12357 65 71 218
12358 63 117 218
12359 61 36 218
12360 59 129 218
12361 57 26 218
12362 55 162 218
12363 73 225 218
12364 71 73 218
12365 68 68 218
12366 66 195 219
12367 64 187 218
12368 62 215 219
12369 60 44 219
12370 58 90 218
12371 72 90 219
12372 70 233 219
12373 69 17 219
12374 67 185 219
12375 65 111 219
12376 63 125 219
12377 61 218 219
12378 74 190 220
12379 73 40 219
12380 71 61 219
12381 68 233 219
12382 66 37 220
12383 64 191 219
12384 75 176 220
12385 72 176 220
12386 70 132 220
12387 69 251 220
12388 67 101 220
12389 76 115 220
12390 74 69 221
12391 73 38 220
12392 71 43 220
12393 77 93 221
12394 75 210 221
12395 72 249 221
12396 78 31 221
12397 76 35 221
12398 79 36 221
12399 80 221 223
12400 77 251 222
12401 74 253 222
12402 70 245 221
12403 68 228 220
12404 65 114 220
12405 62 76 220
12406 59 184 219
12407 56 37 219
12408 53 49 218
12409 50 98 218
12410 47 102 217
12411 44 68 217
12412 41 97 216
12413 38 236 216
12414 35 118 216
12415 33 63 215
12416 24 196 215
12417 25 40 215
12418 26 139 215
12419 27 163 215
12420 28 81 215
12421 29 165 215
12422 31 158 215
12423 0 82 216
12424 1 29 216
12425 2 64 216
12426 3 156 216
12427 4 149 216
12428 5 112 216
12429 6 75 216
12430 7 183 216
12431 8 185 216
12432 9 97 216
12433 10 175 216
12434 11 193 216
12435 12 132 216
12436 81 254 223
12437 78 255 222
12438 75 256 222
12439 73 62 221
12440 69 57 221
12441 66 38 221
12442 63 92 220
12443 60 58 220
12444 57 202 219
12445 54 49 219
12446 51 51 218
12447 48 34 218
12448 45 17 218
12449 42 166 217
12450 39 59 217
12451 36 125 216
12452 32 226 216
12453 13 58 216
12454 14 79 216
12455 15 125 216
12456 16 179 216
12457 17 73 216
12458 18 196 216
12459 19 90 216
12460 20 44 216
12461 21 225 216
12462 22 120 216
12463 23 25 216
12464 24 8 216
12465 25 57 216
12466 26 11 216
12467 27 111 216
12468 28 215 216
12469 29 151 216
12470 30 47 216
12471 31 4 216
12472 82 127 223
12473 79 64 222
12474 76 214 222
12475 72 110 222
12476 71 153 221
12477 67 69 221
12478 64 46 220
12479 61 45 220
12480 58 205 219
12481 55 231 219
12482 52 154 219
12483 49 197 218
12484 46 217 218
12485 43 57 217
12486 40 158 217
12487 37 112 216
12488 34 246 216
12489 33 83 216
12490 0 217 217
12491 1 207 217
12492 2 28 217
12493 3 247 217
12494 4 240 217
12495 5 41 217
12496 6 188 217
12497 7 145 217
12498 8 227 217
12499 9 24 217
12500 10 198 217
12501 11 108 217
12502 12 83 217
12503 13 254 217
12504 14 129 217
12505 15 4 217
12506 16 18 217
12507 83 32 223
12508 80 64 224
12509 77 182 223
12510 74 207 223
12511 70 209 222
12512 68 23 221
12513 65 140 221
12514 62 179 221
12515 59 244 220
12516 56 77 220
12517 53 227 219
12518 50 197 219
12519 47 247 218
12520 44 79 218
12521 41 56 217
12522 38 123 217
12523 35 190 217
12524 17 232 217
12525 18 221 217
12526 19 80 217
12527 20 107 217
12528 21 127 217
12529 22 243 217
12530 23 67 217
12531 24 199 217
12532 25 164 217
12533 26 39 217
12534 27 210 217
12535 28 107 217
12536 29 226 217
12537 30 95 217
12538 31 161 217
12539 32 224 217
12540 33 117 217
12541 85 131 224
12542 81 91 224
12543 78 232 223
12544 75 116 223
12545 73 97 222
12546 69 70 222
12547 66 218 222
12548 63 122 221
12549 60 146 221
12550 57 212 220
12551 54 227 220
12552 51 252 219
12553 48 168 219
12554 45 84 219
12555 42 237 218
12556 39 95 218
12557 36 149 217
12558 34 200 217
12559 37 116 217
12560 0 52 218
12561 1 117 218
12562 2 219 218
12563 3 56 218
12564 4 188 218
12565 5 143 218
12566 6 149 218
12567 7 24 218
12568 8 170 218
12569 9 90 218
12570 10 198 218
12571 11 141 218
12572 12 212 218
12573 13 238 218
12574 84 103 225
12575 82 174 224
12576 79 29 223
12577 76 105 223
12578 72 62 223
12579 71 129 222
12580 67 220 222
12581 64 61 221
12582 61 247 221
12583 58 121 220
12584 55 189 220
12585 52 126 220
12586 49 21 219
12587 46 14 219
12588 43 62 218
12589 40 176 218
12590 14 254 218
12591 15 222 218
12592 16 86 218
12593 17 253 218
12594 18 244 218
12595 19 168 218
12596 20 251 218
12597 21 66 218
12598 22 74 218
12599 23 38 218
12600 24 84 218
12601 25 211 218
12602 26 235 218
12603 27 184 218
12604 28 214 218
12605 29 155 218
12606 86 87 225
12607 83 143 224
12608 80 29 225
12609 77 219 224
12610 74 146 224
12611 70 10 223
12612 68 159 222
12613 65 208 222
12614 62 53 222
12615 59 223 221
12616 56 63 221
12617 53 139 220
12618 50 21 220
12619 47 132 219
12620 44 88 219
12621 41 186 218
12622 38 124 218
12623 35 62 218
12624 30 125 218
12625 31 59 218
12626 32 165 218
12627 33 49 218
12628 34 93 218
12629 36 58 218
12630 37 5 218
12631 0 166 219
12632 1 45 219
12633 2 51 219
12634 3 117 219
12635 4 199 219
12636 5 206 219
12637 87 86 226
12638 85 196 225
12639 81 238 225
12640 78 73 224
12641 75 165 224
12642 73 62 223
12643 69 104 223
12644 66 155 223
12645 63 240 222
12646 60 113 222
12647 57 80 221
12648 54 139 221
12649 51 66 220
12650 48 44 220
12651 45 22 220
12652 42 162 219
12653 39 31 219
12654 6 53 219
12655 7 200 219
12656 8 17 219
12657 9 21 219
12658 10 111 219
12659 11 49 219
12660 12 60 219
12661 13 39 219
12662 14 106 219
12663 15 44 219
12664 16 30 219
12665 17 121 219
12666 18 20 219
12667 88 100 226
12668 84 113 226
12669 82 119 225
12670 79 234 224
12671 76 156 224
12672 72 186 224
12673 71 200 223
12674 67 180 223
12675 64 120 222
12676 61 19 222
12677 58 99 221
12678 55 178 221
12679 52 33 221
12680 49 134 220
12681 46 175 220
12682 43 254 219
12683 40 144 219
12684 19 96 219
12685 20 83 219
12686 21 125 219
12687 22 31 219
12688 23 79 219
12689 24 224 219
12690 25 256 219
12691 26 213 219
12692 27 70 219
12693 28 200 219
12694 29 51 219
12695 30 25 219
12696 89 25 226
12697 86 188 226
12698 83 117 225
12699 80 234 226
12700 77 39 225
12701 74 26 225
12702 70 28 224
12703 68 60 223
12704 65 30 223
12705 62 20 223
12706 59 89 222
12707 56 145 222
12708 53 67 221
12709 50 134 221
12710 47 108 220
12711 44 72 220
12712 41 12 219
12713 38 8 219
12714 35 4 219
12715 31 13 219
12716 32 138 219
12717 33 143 219
12718 34 74 219
12719 36 32 219
12720 37 176 219
12721 0 37 220
12722 1 214 220
12723 2 20 220
12724 91 49 227
12725 87 47 227
12726 85 44 226
12727 81 148 226
12728 78 13 225
12729 75 135 225
12730 73 79 224
12731 69 15 224
12732 66 10 224
12733 63 173 223
12734 60 187 223
12735 57 229 222
12736 54 67 222
12737 51 54 221
12738 48 36 221
12739 45 18 221
12740 42 236 220
12741 39 2 220
12742 3 66 220
12743 4 177 220
12744 5 106 220
12745 6 25 220
12746 7 244 220
12747 8 18 220
12748 9 222 220
12749 10 159 220
12750 11 93 220
12751 90 192 228
12752 88 222 227
12753 84 213 227
12754 82 74 226
12755 79 98 225
12756 76 151 225
12757 72 147 225
12758 71 71 224
12759 67 194 224
12760 64 215 223
12761 61 86 223
12762 58 81 222
12763 55 169 222
12764 52 27 222
12765 49 133 221
12766 46 3 221
12767 43 220 220
12768 40 1 220
12769 12 13 220
12770 13 110 220
12771 14 252 220
12772 15 56 220
12773 16 152 220
12774 17 88 220
12775 18 70 220
12776 19 226 220
12777 92 76 228
12778 89 184 227
12779 86 37 227
12780 83 49 226
12781 80 98 227
12782 77 102 226
12783 74 68 226
12784 70 35 225
12785 68 236 224
12786 65 118 224
12787 62 250 224
12788 59 213 223
12789 56 142 223
12790 53 195 222
12791 50 133 222
12792 47 65 221
12793 44 129 221
12794 41 150 220
12795 38 100 220
12796 35 50 220
12797 20 3 220
12798 21 129 220
12799 22 63 220
12800 23 16 220
12801 24 116 220
12802 93 92 228
12803 91 209 228
12804 87 202 228
12805 85 30 227
12806 81 51 227
12807 78 34 226
12808 75 17 226
12809 73 126 225
12810 69 59 225
12811 66 125 225
12812 63 235 224
12813 60 190 224
12814 57 164 223
12815 54 195 223
12816 51 161 222
12817 48 193 222
12818 45 225 222
12819 42 248 221
12820 39 25 221
12821 36 188 220
12822 32 197 220
12823 25 188 220
12824 26 214 220
12825 27 46 220
12826 94 46 229
12827 90 215 229
12828 88 205 228
12829 84 111 228
12830 82 154 227
12831 79 197 226
12832 76 217 226
12833 72 84 226
12834 71 80 225
12835 67 112 225
12836 64 246 224
12837 61 142 224
12838 58 113 223
12839 55 185 223
12840 52 209 223
12841 49 249 222
12842 46 166 222
12843 43 110 221
12844 40 141 221
12845 37 152 220
12846 34 187 220
12847 30 13 220
12848 28 5 220
12849 95 140 230
12850 92 179 229
12851 89 244 228
12852 86 77 228
12853 83 227 227
12854 80 197 228
12855 77 247 227
12856 74 79 227
12857 70 95 226
12858 68 123 225
12859 65 190 225
12860 62 41 225
12861 59 221 224
12862 56 233 224
12863 53 253 223
12864 50 249 223
12865 47 170 222
12866 44 199 222
12867 41 76 221
12868 38 222 221
12869 35 111 221
12870 33 122 220
12871 96 218 230
12872 93 122 229
12873 91 203 229
12874 87 212 229
12875 85 43 228
12876 81 252 228
12877 78 168 227
12878 75 84 227
12879 73 251 226
12880 69 95 226
12881 66 149 226
12882 63 239 225
12883 60 139 225
12884 57 251 224
12885 54 253 224
12886 51 85 223
12887 48 228 223
12888 45 114 223
12889 42 165 222
12890 39 184 222
12891 36 37 221
12892 97 220 230
12893 94 61 230
12894 90 249 230
12895 88 121 229
12896 84 96 229
12897 82 126 228
12898 79 21 227
12899 76 14 227
12900 72 136 227
12901 71 94 226
12902 67 115 226
12903 64 248 225
12904 61 152 225
12905 58 256 224
12906 55 128 224
12907 52 171 224
12908 49 157 223
12909 46 19 223
12910 43 219 222
12911 40 92 222
12912 98 159 231
12913 95 208 231
12914 92 53 230
12915 89 223 229
12916 86 63 229
12917 83 139 228
12918 80 21 229
12919 77 132 228
12920 74 88 228
12921 70 122 227
12922 68 124 226
12923 65 62 226
12924 62 127 226
12925 59 64 225
12926 56 214 225
12927 53 207 224
12928 50 157 224
12929 47 69 223
12930 44 46 223
12931 99 104 231
12932 96 155 231
12933 93 240 230
12934 91 239 230
12935 87 80 230
12936 85 114 229
12937 81 66 229
12938 78 44 228
12939 75 22 228
12940 73 80 227
12941 69 31 227
12942 66 192 227
12943 63 32 226
12944 60 130 226
12945 57 182 225
12946 54 207 225
12947 51 163 224
12948 48 23 224
12949 100 52 232
12950 97 180 231
12951 94 120 231
12952 90 105 231
12953 88 99 230
12954 84 58 230
12955 82 33 229
12956 79 134 228
12957 76 175 228
12958 72 141 228
12959 71 130 227
12960 67 24 227
12961 64 16 226
12962 61 228 226
12963 58 116 225
12964 55 58 225
12965 52 210 225
12966 101 90 232
12967 98 60 232
12968 95 30 232
12969 92 20 231
12970 89 89 230
12971 86 145 230
12972 83 67 229
12973 80 134 230
12974 77 108 229
12975 74 72 229
12976 70 133 228
12977 68 8 227
12978 65 4 227
12979 62 174 227
12980 59 29 226
12981 56 105 226
12982 102 56 233
12983 99 15 232
12984 96 10 232
12985 93 173 231
12986 91 149 231
12987 87 229 231
12988 85 179 230
12989 81 54 230
12990 78 36 229
12991 75 18 229
12992 73 239 228
12993 69 2 228
12994 66 87 228
12995 63 143 227
12996 60 228 227
12997 103 146 233
12998 100 136 233
12999 97 194 232
13000 94 215 232
13001 90 68 232
13002 88 81 231
13003 84 188 231
13004 82 27 230
13005 79 133 229
13006 76 3 229
13007 72 86 229
13008 71 256 228
13009 67 43 228
13010 64 200 227
13011 104 68 234
13012 101 97 233
13013 98 236 233
13014 95 118 233
13015 92 250 232
13016 89 213 231
13017 86 142 231
13018 83 195 230
13019 80 133 231
13020 77 65 230
13021 74 129 230
13022 70 150 229
13023 68 100 228
13024 106 104 234
13025 102 243 234
13026 99 59 233
13027 96 125 233
13028 93 235 232
13029 91 241 232
13030 87 164 232
13031 85 155 231
13032 81 161 231
13033 78 193 230
13034 75 225 230
13035 73 157 229
13036 105 224 235
13037 103 242 234
13038 100 158 234
13039 97 112 233
13040 94 246 233
13041 90 80 233
13042 88 113 232
13043 84 74 232
13044 82 209 231
13045 79 249 230
13046 76 166 230
13047 107 247 235
13048 104 79 235
13049 101 56 234
13050 98 123 234
13051 95 190 234
13052 92 41 233
13053 89 221 232
13054 86 233 232
13055 83 253 231
13056 80 249 232
13057 108 168 236
13058 106 38 235
13059 102 152 235
13060 99 95 234
13061 96 149 234
13062 93 239 233
13063 91 27 233
13064 87 251 233
13065 84 253 233
13066 109 21 236
13067 105 199 236
13068 103 73 235
13069 100 176 235
13070 97 115 234
13071 94 248 234
13072 90 255 234
13073 88 256 233
13074 110 21 237
13075 107 132 236
13076 104 88 236
13077 101 186 235
13078 98 124 235
13079 95 62 235
13080 92 127 234
13081 111 66 237
13082 108 44 237
13083 106 120 236
13084 102 205 236
13085 99 31 235
13086 96 192 235
13087 113 191 237
13088 109 134 237
13089 105 75 237
13090 103 39 236
13091 100 144 236
13092 112 162 238
13093 110 134 238
13094 107 108 237
13095 104 72 237
13096 114 67 239
13097 111 54 238
13098 108 36 238
13099 115 169 239
13100 113 248 238
13101 116 142 240
13102 29 8 220
13103 31 39 220
13104 0 236 221
13105 1 159 221
13106 2 182 221
13107 3 233 221
13108 4 224 221
13109 5 68 221
13110 6 54 221
13111 7 88 221
13112 8 188 221
13113 0 244 222
13114 0 244 223
13115 0 244 224
13116 0 244 225
13117 0 244 226
13118 0 244 227
13119 0 244 228
13120 9 148 221
13121 10 212 221
13122 11 180 221
13123 12 253 221
13124 13 191 221
13125 14 78 221
13126 15 232 221
13127 16 236 221
13128 17 16 221
13129 18 154 221
13130 19 104 221
13131 20 101 221
13132 21 72 221
13133 22 149 221
13134 1 62 222
13135 1 62 223
13136 1 62 224
13137 23 149 221
13138 24 138 221
13139 25 207 221
13140 26 251 221
13141 27 222 221
13142 28 249 221
13143 29 56 221
13144 30 182 221
13145 31 6 221
13146 32 89 221
13147 33 177 221
13148 34 249 221
13149 37 233 221
13150 2 71 222
13151 3 200 222
13152 4 170 222
13153 5 38 222
13154 6 213 222
13155 7 252 222
13156 8 9 222
13157 9 47 222
13158 10 74 222
13159 11 47 222
13160 12 101 222
13161 13 194 222
13162 14 62 222
13163 15 185 222
13164 16 117 222
13165 17 167 222
13166 18 199 222
13167 19 119 222
13168 20 27 222
13169 21 104 222
13170 22 69 222
13171 23 131 222
13172 24 78 222
13173 25 110 222
13174 26 25 222
13175 27 89 222
13176 28 247 222
13177 29 55 222
13178 30 54 222
13179 31 125 222
13180 32 47 222
13181 33 19 222
13182 34 168 222
13183 35 161 222
13184 36 204 222
13185 37 112 222
13186 38 209 222
13187 41 68 222
13188 2 190 223
13189 3 256 223
13190 4 40 223
13191 5 203 223
13192 6 218 223
13193 7 130 223
13194 8 173 223
13195 9 43 223
13196 10 239 223
13197 11 197 223
13198 12 111 223
13199 13 15 223
13200 14 224 223
13201 15 151 223
13202 16 165 223
13203 17 103 223
13204 18 122 223
13205 19 24 223
13206 20 48 223
13207 21 167 223
13208 22 215 223
13209 23 227 223
13210 24 94 223
13211 25 107 223
13212 26 92 223
13213 27 20 223
13214 28 93 223
13215 29 241 223
13216 30 119 223
13217 31 234 223
13218 32 64 223
13219 33 246 223
13220 34 165 223
13221 35 255 223
13222 36 88 223
13223 37 131 223
13224 38 81 223
13225 39 215 223
13226 40 41 223
13227 41 54 223
13228 42 12 223
13229 43 89 223
13230 2 215 224
13231 3 161 224
13232 4 239 224
13233 5 133 224
13234 6 37 224
13235 7 223 224
13236 8 66 224
13237 9 21 224
13238 10 237 224
13239 11 2 224
13240 12 218 224
13241 13 202 224
13242 14 227 224
13243 15 2 224
13244 16 133 224
13245 17 9 224
13246 18 173 224
13247 19 2 224
13248 20 46 224
13249 21 54 224
13250 22 209 224
13251 23 92 224
13252 24 213 224
13253 25 215 224
13254 26 10 224
13255 27 173 224
13256 28 15 224
13257 29 28 224
13258 30 211 224
13259 31 205 224
13260 32 33 224
13261 33 32 224
13262 34 90 224
13263 35 159 224
13264 36 243 224
13265 37 159 224
13266 38 59 224
13267 39 248 224
13268 40 58 224
13269 41 128 224
13270 42 248 224
13271 43 186 224
13272 44 204 224
13273 45 187 224
13274 46 250 224
13275 47 249 224
13276 49 162 224
13277 1 225 225
13278 2 246 225
13279 3 221 225
13280 4 22 225
13281 5 205 225
13282 6 192 225
13283 7 100 225
13284 8 251 225
13285 9 115 225
13286 10 109 225
13287 11 239 225
13288 12 74 225
13289 13 222 225
13290 14 117 225
13291 15 105 225
13292 16 187 225
13293 17 84 225
13294 18 156 225
13295 19 184 225
13296 20 244 225
13297 21 127 225
13298 22 90 225
13299 23 223 225
13300 24 8 225
13301 25 65 225
13302 26 125 225
13303 27 6 225
13304 28 65 225
13305 29 168 225
13306 30 188 225
13307 31 217 225
13308 32 137 225
13309 33 110 225
13310 34 138 225
13311 35 63 225
13312 36 3 225
13313 37 252 225
13314 38 188 225
13315 39 10 225
13316 40 241 225
13317 41 120 225
13318 42 33 225
13319 43 200 225
13320 44 200 225
13321 45 54 225
13322 46 35 225
13323 47 73 225
13324 48 242 225
13325 49 62 225
13326 50 133 225
13327 51 56 225
13328 53 165 225
13329 1 50 226
13330 2 70 226
13331 3 131 226
13332 4 217 226
13333 5 83 226
13334 6 215 226
13335 7 132 226
13336 8 24 226
13337 9 11 226
13338 10 17 226
13339 11 213 226
13340 12 89 226
13341 13 154 226
13342 14 65 226
13343 15 201 226
13344 16 225 226
13345 17 231 226
13346 18 149 226
13347 19 36 226
13348 20 91 226
13349 21 72 226
13350 22 224 226
13351 23 210 226
13352 24 201 226
13353 25 111 226
13354 26 113 226
13355 27 116 226
13356 28 68 226
13357 29 156 226
13358 30 85 226
13359 31 84 226
13360 32 46 226
13361 33 78 226
13362 34 206 226
13363 35 32 226
13364 36 200 226
13365 37 192 226
13366 38 87 226
13367 39 218 226
13368 40 186 226
13369 41 4 226
13370 42 134 226
13371 43 151 226
13372 44 199 226
13373 45 116 226
13374 46 11 226
13375 47 164 226
13376 48 118 226
13377 49 59 226
13378 50 122 226
13379 51 165 226
13380 52 81 226
13381 53 223 226
13382 54 120 226
13383 55 90 226
13384 57 89 226
13385 58 159 226
13386 1 26 227
13387 2 2 227
13388 3 118 227
13389 4 162 227
13390 5 188 227
13391 6 172 227
13392 7 200 227
13393 8 22 227
13394 9 216 227
13395 10 37 227
13396 11 225 227
13397 12 96 227
13398 13 245 227
13399 14 9 227
13400 15 59 227
13401 16 148 227
13402 17 166 227
13403 18 40 227
13404 19 185 227
13405 20 199 227
13406 21 8 227
13407 22 59 227
13408 23 61 227
13409 24 120 227
13410 25 81 227
13411 26 159 227
13412 27 79 227
13413 28 185 227
13414 29 233 227
13415 30 214 227
13416 31 76 227
13417 32 244 227
13418 33 219 227
13419 34 102 227
13420 35 47 227
13421 36 37 227
13422 37 128 227
13423 38 122 227
13424 39 120 227
13425 40 3 227
13426 41 18 227
13427 42 20 227
13428 43 120 227
13429 44 13 227
13430 45 128 227
13431 46 239 227
13432 47 125 227
13433 48 112 227
13434 49 229 227
13435 50 201 227
13436 51 21 227
13437 52 127 227
13438 53 92 227
13439 54 160 227
13440 55 50 227
13441 56 26 227
13442 57 219 227
13443 58 6 227
13444 59 52 227
13445 61 74 227
13446 1 247 228
13447 2 188 228
13448 3 168 228
13449 4 44 228
13450 5 194 228
13451 6 111 228
13452 7 175 228
13453 8 156 228
13454 9 24 228
13455 10 141 228
13456 11 229 228
13457 12 256 228
13458 13 91 228
13459 14 237 228
13460 15 10 228
13461 16 57 228
13462 17 60 228
13463 18 78 228
13464 19 119 228
13465 20 117 228
13466 21 73 228
13467 22 87 228
13468 23 126 228
13469 24 154 228
13470 25 151 228
13471 26 196 228
13472 27 44 228
13473 28 21 228
13474 29 98 228
13475 30 126 228
13476 31 221 228
13477 32 141 228
13478 33 18 228
13479 34 82 228
13480 35 206 228
13481 36 68 228
13482 37 192 228
13483 38 154 228
13484 39 11 228
13485 40 97 228
13486 41 89 228
13487 42 111 228
13488 43 208 228
13489 44 36 228
13490 45 136 228
13491 46 183 228
13492 47 78 228
13493 48 156 228
13494 49 75 228
13495 50 87 228
13496 51 63 228
13497 52 180 228
13498 53 209 228
13499 54 130 228
13500 55 169 228
13501 56 28 228
13502 57 167 228
13503 58 239 228
13504 59 139 228
13505 60 252 228
13506 61 82 228
13507 62 20 228
13508 63 172 228
13509 64 53 228
13510 65 161 228
13511 0 235 229
13512 1 213 229
13513 2 23 229
13514 3 72 229
13515 4 190 229
13516 5 70 229
13517 6 2 229
13518 7 106 229
13519 8 126 229
13520 9 62 229
13521 10 21 229
13522 11 20 229
13523 12 3 229
13524 13 74 229
13525 14 3 229
13526 15 96 229
13527 16 155 229
13528 17 164 229
13529 18 149 229
13530 19 199 229
13531 20 92 229
13532 21 183 229
13533 22 235 229
13534 23 142 229
13535 24 19 229
13536 25 3 229
13537 26 40 229
13538 27 124 229
13539 28 65 229
13540 29 151 229
13541 30 194 229
13542 31 68 229
13543 32 56 229
13544 33 6 229
13545 34 139 229
13546 35 3 229
13547 36 68 229
13548 37 115 229
13549 38 6 229
13550 39 6 229
13551 40 108 229
13552 41 239 229
13553 42 119 229
13554 43 10 229
13555 44 91 229
13556 45 182 229
13557 46 15 229
13558 47 179 229
13559 48 210 229
13560 49 139 229
13561 50 93 229
13562 51 73 229
13563 52 101 229
13564 53 116 229
13565 54 142 229
13566 55 164 229
13567 56 225 229
13568 57 60 229
13569 58 156 229
13570 59 9 229
13571 60 127 229
13572 61 131 229
13573 62 160 229
13574 63 163 229
13575 64 215 229
13576 65 245 229
13577 66 156 229
13578 67 107 229
13579 68 32 229
13580 69 63 229
13581 71 112 229
13582 0 237 230
13583 1 19 230
13584 2 210 230
13585 3 215 230
13586 4 50 230
13587 5 51 230
13588 6 25 230
13589 7 136 230
13590 8 170 230
13591 9 221 230
13592 10 148 230
13593 11 243 230
13594 12 49 230
13595 13 217 230
13596 14 238 230
13597 15 194 230
13598 16 240 230
13599 17 117 230
13600 18 154 230
13601 19 53 230
13602 20 112 230
13603 21 171 230
13604 22 183 230
13605 23 72 230
13606 24 49 230
13607 25 106 230
13608 26 26 230
13609 27 247 230
13610 28 125 230
13611 29 147 230
13612 30 183 230
13613 31 86 230
13614 32 256 230
13615 33 177 230
13616 34 11 230
13617 35 4 230
13618 36 118 230
13619 37 211 230
13620 38 165 230
13621 39 118 230
13622 40 249 230
13623 41 237 230
13624 42 13 230
13625 43 95 230
13626 44 120 230
13627 45 187 230
13628 46 49 230
13629 47 190 230
13630 48 63 230
13631 49 76 230
13632 50 91 230
13633 51 58 230
13634 52 108 230
13635 53 82 230
13636 54 67 230
13637 55 66 230
13638 56 137 230
13639 57 96 230
13640 58 201 230
13641 59 196 230
13642 60 13 230
13643 61 153 230
13644 62 54 230
13645 63 243 230
13646 64 145 230
13647 65 227 230
13648 66 191 230
13649 67 149 230
13650 68 250 230
13651 69 204 230
13652 70 129 230
13653 71 205 230
13654 72 143 230
13655 73 9 230
13656 0 145 231
13657 1 140 231
13658 2 209 231
13659 3 250 231
13660 4 126 231
13661 5 176 231
13662 6 161 231
13663 7 236 231
13664 8 11 231
13665 9 194 231
13666 10 9 231
13667 11 79 231
13668 12 64 231
13669 13 248 231
13670 14 197 231
13671 15 185 231
13672 16 29 231
13673 17 106 231
13674 18 255 231
13675 19 206 231
13676 20 18 231
13677 21 238 231
13678 22 58 231
13679 23 200 231
13680 24 65 231
13681 25 24 231
13682 26 186 231
13683 27 161 231
13684 28 33 231
13685 29 168 231
13686 30 53 231
13687 31 64 231
13688 32 83 231
13689 33 227 231
13690 34 6 231
13691 35 243 231
13692 36 244 231
13693 37 161 231
13694 38 32 231
13695 39 220 231
13696 40 165 231
13697 41 44 231
13698 43 153 231
13699 42 161 231
13700 44 120 231
13701 45 108 231
13702 46 102 231
13703 47 21 231
13704 48 34 231
13705 49 54 231
13706 50 48 231
13707 51 66 231
13708 52 112 231
13709 53 47 231
13710 54 238 231
13711 55 69 231
13712 56 109 231
13713 57 157 231
13714 58 40 231
13715 59 14 231
13716 60 190 231
13717 61 252 231
13718 62 16 231
13719 63 154 231
13720 64 47 231
13721 65 195 231
13722 66 140 231
13723 67 243 231
13724 68 145 231
13725 69 234 231
13726 70 193 231
13727 71 209 231
13728 72 59 231
13729 73 114 231
13730 74 231 231
13731 75 71 231
13732 76 46 231
13733 77 194 231
13734 78 28 231
13735 79 212 231
13736 0 202 232
13737 1 110 232
13738 2 200 232
13739 3 188 232
13740 4 25 232
13741 5 30 232
13742 6 224 232
13743 7 80 232
13744 8 139 232
13745 9 213 232
13746 10 50 232
13747 11 141 232
13748 12 52 232
13749 13 114 232
13750 14 218 232
13751 15 157 232
13752 16 22 232
13753 17 239 232
13754 18 164 232
13755 19 222 232
13756 20 93 232
13757 21 84 232
13758 22 95 232
13759 23 119 232
13760 24 84 232
13761 25 11 232
13762 26 13 232
13763 27 246 232
13764 28 86 232
13765 29 80 232
13766 30 101 232
13767 31 63 232
13768 32 198 232
13769 33 196 232
13770 34 132 232
13771 35 179 232
13772 36 170 232
13773 37 64 232
13774 38 214 232
13775 39 134 232
13776 40 161 232
13777 41 149 232
13778 42 42 232
13779 43 91 232
13780 44 63 232
13781 45 232 232
13782 46 226 232
13783 47 47 232
13784 48 179 232
13785 49 227 232
13786 50 193 232
13787 51 44 232
13788 52 241 232
13789 53 56 232
13790 54 222 232
13791 55 181 232
13792 56 200 232
13793 57 11 232
13794 58 236 232
13795 59 148 232
13796 60 43 232
13797 61 108 232
13798 62 215 232
13799 63 18 232
13800 64 142 232
13801 65 205 232
13802 66 52 232
13803 67 190 232
13804 68 10 232
13805 69 99 232
13806 70 175 232
13807 71 75 232
13808 72 178 232
13809 73 79 232
13810 74 7 232
13811 75 86 232
13812 76 217 232
13813 77 131 232
13814 78 6 232
13815 79 49 232
13816 81 49 232
13817 82 190 232
13818 83 242 232
13819 85 33 232
13820 0 195 233
13821 1 169 233
13822 2 142 233
13823 3 188 233
13824 4 137 233
13825 5 85 233
13826 6 197 233
13827 7 37 233
13828 8 107 233
13829 9 37 233
13830 10 98 233
13831 11 190 233
13832 12 234 233
13833 13 244 233
13834 14 196 233
13835 15 220 233
13836 16 174 233
13837 17 45 233
13838 18 133 233
13839 19 3 233
13840 20 84 233
13841 21 33 233
13842 22 217 233
13843 23 184 233
13844 24 174 233
13845 25 43 233
13846 26 16 233
13847 27 193 233
13848 28 18 233
13849 29 63 233
13850 30 6 233
13851 31 212 233
13852 32 158 233
13853 33 113 233
13854 34 29 233
13855 35 65 233
13856 36 103 233
13857 37 106 233
13858 38 106 233
13859 39 52 233
13860 40 28 233
13861 41 84 233
13862 42 186 233
13863 43 111 233
13864 44 255 233
13865 45 223 233
13866 46 69 233
13867 47 112 233
13868 48 100 233
13869 49 43 233
13870 50 44 233
13871 51 254 233
13872 52 66 233
13873 53 182 233
13874 54 233 233
13875 55 242 233
13876 56 6 233
13877 57 45 233
13878 58 178 233
13879 59 19 233
13880 60 52 233
13881 61 2 233
13882 62 125 233
13883 63 17 233
13884 64 188 233
13885 65 149 233
13886 66 15 233
13887 67 115 233
13888 68 178 233
13889 69 35 233
13890 70 167 233
13891 71 143 233
13892 72 32 233
13893 73 140 233
13894 74 218 233
13895 75 104 233
13896 76 188 233
13897 77 200 233
13898 78 93 233
13899 79 38 233
13900 80 74 233
13901 81 50 233
13902 82 120 233
13903 83 117 233
13904 85 198 233
13905 86 212 233
13906 89 156 233
13907 0 110 234
13908 1 237 234
13909 2 229 234
13910 3 142 234
13911 4 12 234
13912 5 174 234
13913 6 24 234
13914 7 22 234
13915 8 187 234
13916 9 187 234
13917 10 122 234
13918 11 47 234
13919 12 199 234
13920 13 8 234
13921 14 197 234
13922 15 134 234
13923 16 221 234
13924 17 4 234
13925 18 102 234
13926 19 163 234
13927 20 199 234
13928 21 84 234
13929 22 184 234
13930 23 68 234
13931 24 88 234
13932 25 61 234
13933 26 193 234
13934 27 33 234
13935 28 19 234
13936 29 25 234
13937 30 133 234
13938 31 195 234
13939 32 45 234
13940 33 132 234
13941 34 76 234
13942 35 73 234
13943 36 88 234
13944 37 76 234
13945 38 178 234
13946 39 59 234
13947 40 144 234
13948 41 214 234
13949 42 154 234
13950 43 241 234
13951 44 157 234
13952 45 113 234
13953 46 157 234
13954 47 30 234
13955 48 35 234
13956 49 245 234
13957 50 196 234
13958 51 61 234
13959 52 152 234
13960 53 39 234
13961 54 49 234
13962 55 110 234
13963 56 156 234
13964 57 141 234
13965 58 163 234
13966 59 231 234
13967 60 81 234
13968 61 7 234
13969 62 230 234
13970 63 187 234
13971 64 52 234
13972 65 21 234
13973 66 119 234
13974 67 197 234
13975 68 99 234
13976 69 128 234
13977 70 26 234
13978 71 139 234
13979 72 32 234
13980 73 169 234
13981 74 5 234
13982 75 158 234
13983 76 11 234
13984 77 244 234
13985 78 85 234
13986 79 61 234
13987 80 174 234
13988 81 219 234
13989 82 84 234
13990 83 249 234
13991 84 115 234
13992 85 149 234
13993 86 189 234
13994 87 177 234
13995 88 215 234
13996 89 220 234
13997 91 6 234
13998 93 39 234
13999 0 77 235
14000 1 22 235
14001 2 254 235
14002 3 57 235
14003 4 48 235
14004 5 106 235
14005 6 245 235
14006 7 172 235
14007 8 142 235
14008 9 175 235
14009 10 47 235
14010 11 251 235
14011 12 104 235
14012 13 74 235
14013 14 153 235
14014 15 130 235
14015 16 49 235
14016 18 190 235
14017 17 235 235
14018 19 128 235
14019 20 11 235
14020 21 245 235
14021 22 57 235
14022 23 170 235
14023 24 22 235
14024 25 241 235
14025 26 156 235
14026 27 66 235
14027 28 233 235
14028 29 59 235
14029 30 102 235
14030 31 98 235
14031 32 117 235
14032 33 58 235
14033 34 1 235
14034 35 159 235
14035 36 50 235
14036 37 143 235
14037 38 116 235
14038 39 155 235
14039 40 201 235
14040 41 235 235
14041 42 154 235
14042 43 69 235
14043 44 249 235
14044 45 141 235
14045 46 95 235
14046 47 121 235
14047 48 62 235
14048 49 173 235
14049 50 181 235
14050 51 99 235
14051 52 81 235
14052 53 140 235
14053 54 44 235
14054 55 25 235
14055 56 244 235
14056 57 245 235
14057 58 171 235
14058 59 149 235
14059 60 216 235
14060 61 178 235
14061 62 47 235
14062 63 7 235
14063 64 156 235
14064 65 182 235
14065 66 197 235
14066 67 59 235
14067 68 113 235
14068 69 196 235
14069 70 96 235
14070 71 217 235
14071 72 235 235
14072 73 156 235
14073 74 99 235
14074 75 127 235
14075 76 239 235
14076 77 222 235
14077 78 198 235
14078 79 101 235
14079 80 18 235
14080 81 6 235
14081 82 131 235
14082 83 231 235
14083 84 66 235
14084 85 45 235
14085 86 254 235
14086 87 39 235
14087 88 127 235
14088 89 12 235
14089 90 135 235
14090 91 164 235
14091 92 243 235
14092 93 118 235
14093 94 3 235
14094 97 242 235
14095 0 204 236
14096 1 238 236
14097 2 134 236
14098 3 86 236
14099 4 102 236
14100 5 252 236
14101 6 203 236
14102 7 240 236
14103 8 119 236
14104 9 120 236
14105 10 197 236
14106 11 242 236
14107 12 83 236
14108 13 147 236
14109 14 126 236
14110 15 16 236
14111 16 88 236
14112 17 89 236
14113 18 190 236
14114 19 15 236
14115 20 151 236
14116 21 116 236
14117 22 103 236
14118 23 47 236
14119 24 112 236
14120 25 7 236
14121 26 25 236
14122 27 163 236
14123 28 220 236
14124 29 130 236
14125 30 181 236
14126 31 168 236
14127 32 24 236
14128 33 233 236
14129 34 126 236
14130 35 77 236
14131 36 167 236
14132 37 198 236
14133 38 254 236
14134 39 24 236
14135 40 154 236
14136 41 80 236
14137 42 111 236
14138 43 188 236
14139 44 213 236
14140 45 232 236
14141 46 147 236
14142 47 17 236
14143 48 82 236
14144 49 176 236
14145 50 153 236
14146 51 193 236
14147 52 159 236
14148 53 102 236
14149 54 197 236
14150 55 90 236
14151 56 198 236
14152 57 87 236
14153 58 9 236
14154 59 29 236
14155 60 128 236
14156 61 1 236
14157 62 125 236
14158 63 177 236
14159 64 94 236
14160 65 82 236
14161 66 38 236
14162 67 226 236
14163 68 58 236
14164 69 212 236
14165 70 222 236
14166 71 62 236
14167 72 226 236
14168 73 168 236
14169 74 250 236
14170 75 62 236
14171 76 249 236
14172 77 36 236
14173 78 18 236
14174 79 5 236
14175 80 140 236
14176 81 215 236
14177 82 184 236
14178 83 196 236
14179 84 142 236
14180 85 160 236
14181 86 185 236
14182 87 189 236
14183 88 218 236
14184 89 241 236
14185 90 185 236
14186 91 38 236
14187 92 164 236
14188 93 87 236
14189 94 183 236
14190 95 240 236
14191 96 20 236
14192 97 138 236
14193 98 224 236
14194 99 75 236
14195 101 48 236
14196 0 235 237
14197 1 4 237
14198 2 199 237
14199 3 117 237
14200 4 135 237
14201 5 27 237
14202 6 82 237
14203 7 209 237
14204 8 137 237
14205 9 16 237
14206 10 49 237
14207 11 1 237
14208 12 58 237
14209 13 174 237
14210 14 17 237
14211 15 246 237
14212 16 124 237
14213 17 235 237
14214 18 98 237
14215 19 79 237
14216 20 164 237
14217 21 217 237
14218 22 144 237
14219 23 100 237
14220 24 185 237
14221 25 197 237
14222 26 25 237
14223 27 187 237
14224 28 206 237
14225 29 239 237
14226 30 46 237
14227 31 192 237
14228 32 205 237
14229 33 86 237
14230 34 160 237
14231 35 158 237
14232 36 233 237
14233 37 151 237
14234 38 220 237
14235 39 223 237
14236 40 8 237
14237 41 30 237
14238 42 45 237
14239 43 9 237
14240 44 56 237
14241 45 149 237
14242 46 76 237
14243 47 4 237
14244 48 62 237
14245 49 155 237
14246 50 1 237
14247 51 114 237
14248 52 60 237
14249 53 253 237
14250 54 229 237
14251 55 86 237
14252 56 9 237
14253 57 247 237
14254 58 115 237
14255 59 91 237
14256 60 214 237
14257 61 43 237
14258 62 244 237
14259 63 53 237
14260 64 45 237
14261 65 123 237
14262 66 181 237
14263 67 105 237
14264 68 6 237
14265 69 231 237
14266 70 130 237
14267 71 100 237
14268 72 144 237
14269 73 84 237
14270 74 40 237
14271 75 249 237
14272 76 233 237
14273 77 8 237
14274 78 245 237
14275 79 32 237
14276 80 141 237
14277 81 129 237
14278 82 117 237
14279 83 61 237
14280 84 173 237
14281 85 199 237
14282 86 112 237
14283 87 107 237
14284 88 230 237
14285 89 109 237
14286 90 73 237
14287 91 198 237
14288 92 144 237
14289 93 23 237
14290 94 39 237
14291 95 23 237
14292 96 227 237
14293 97 229 237
14294 98 29 237
14295 99 199 237
14296 100 156 237
14297 101 17 237
14298 102 17 237
14299 103 227 237
14300 106 218 237
14301 0 189 238
14302 1 244 238
14303 2 44 238
14304 3 230 238
14305 4 109 238
14306 5 64 238
14307 6 40 238
14308 7 133 238
14309 8 202 238
14310 9 93 238
14311 10 140 238
14312 11 111 238
14313 12 221 238
14314 13 37 238
14315 14 147 238
14316 15 179 238
14317 16 195 238
14318 17 213 238
14319 18 155 238
14320 19 71 238
14321 20 169 238
14322 21 169 238
14323 22 170 238
14324 23 8 238
14325 24 175 238
14326 25 162 238
14327 26 182 238
14328 27 142 238
14329 28 144 238
14330 29 187 238
14331 30 44 238
14332 31 105 238
14333 32 27 238
14334 33 123 238
14335 34 8 238
14336 35 104 238
14337 36 102 238
14338 37 88 238
14339 38 52 238
14340 39 157 238
14341 40 128 238
14342 41 74 238
14343 42 247 238
14344 44 222 238
14345 43 177 238
14346 45 80 238
14347 46 26 238
14348 47 198 238
14349 48 63 238
14350 49 50 238
14351 50 11 238
14352 51 140 238
14353 52 105 238
14354 53 23 238
14355 54 194 238
14356 55 29 238
14357 56 37 238
14358 57 219 238
14359 58 181 238
14360 59 2 238
14361 60 174 238
14362 61 250 238
14363 62 93 238
14364 63 169 238
14365 64 3 238
14366 65 27 238
14367 66 86 238
14368 67 251 238
14369 68 199 238
14370 69 233 238
14371 70 83 238
14372 71 160 238
14373 72 116 238
14374 73 195 238
14375 74 154 238
14376 75 243 238
14377 0 68 239
14378 76 42 238
14379 77 85 238
14380 0 194 240
14381 78 118 238
14382 0 236 241
14383 79 177 238
14384 80 206 238
14385 81 25 238
14386 82 126 238
14387 83 212 238
14388 84 191 238
14389 85 10 238
14390 86 44 238
14391 87 213 238
14392 88 71 238
14393 89 52 238
14394 90 141 238
14395 91 217 238
14396 92 15 238
14397 93 77 238
14398 94 121 238
14399 95 226 238
14400 96 15 238
14401 97 42 238
14402 98 30 238
14403 99 85 238
14404 100 246 238
14405 101 64 238
14406 102 47 238
14407 103 246 238
14408 104 186 238
14409 105 78 238
14410 106 208 238
14411 107 121 238
14412 109 122 238
14413 1 92 239
14414 2 4 239
14415 3 253 239
14416 4 71 239
14417 5 111 239
14418 6 172 239
14419 7 173 239
14420 8 186 239
14421 9 114 239
14422 10 29 239
14423 11 156 239
14424 12 36 239
14425 13 232 239
14426 14 124 239
14427 15 240 239
14428 16 97 239
14429 17 39 239
14430 18 51 239
14431 19 227 239
14432 20 236 239
14433 21 179 239
14434 22 49 239
14435 24 11 239
14436 23 45 239
14437 25 224 239
14438 26 102 239
14439 27 32 239
14440 28 36 239
14441 29 240 239
14442 30 11 239
14443 31 50 239
14444 32 132 239
14445 33 127 239
14446 34 137 239
14447 35 114 239
14448 36 90 239
14449 37 157 239
14450 38 137 239
14451 39 129 239
14452 40 57 239
14453 41 241 239
14454 42 254 239
14455 43 140 239
14456 44 223 239
14457 45 15 239
14458 46 130 239
14459 47 87 239
14460 48 127 239
14461 49 194 239
14462 50 31 239
14463 51 67 239
14464 52 55 239
14465 53 238 239
14466 54 191 239
14467 55 221 239
14468 56 144 239
14469 57 208 239
14470 58 56 239
14471 59 21 239
14472 60 256 239
14473 61 19 239
14474 62 193 239
14475 63 9 239
14476 64 89 239
14477 65 110 239
14478 66 139 239
14479 67 150 239
14480 68 61 239
14481 69 187 239
14482 70 9 239
14483 71 174 239
14484 72 196 239
14485 73 23 239
14486 74 25 239
14487 75 56 239
14488 76 234 239
14489 77 131 239
14490 78 198 239
14491 79 131 239
14492 80 190 239
14493 81 173 239
14494 82 155 239
14495 83 99 239
14496 84 69 239
14497 85 180 239
14498 86 247 239
14499 87 109 239
14500 88 222 239
14501 89 103 239
14502 90 31 239
14503 91 34 239
14504 92 238 239
14505 93 65 239
14506 94 137 239
14507 95 254 239
14508 96 211 239
14509 97 113 239
14510 98 52 239
14511 99 213 239
14512 100 188 239
14513 101 241 239
14514 102 216 239
14515 103 103 239
14516 104 22 239
14517 105 216 239
14518 106 16 239
14519 107 255 239
14520 108 90 239
14521 109 46 239
14522 110 40 239
14523 111 29 239
14524 112 128 239
14525 113 229 239
14526 1 105 240
14527 2 69 240
14528 3 248 240
14529 4 30 240
14530 5 180 240
14531 6 22 240
14532 7 165 240
14533 8 248 240
14534 9 167 240
14535 10 100 240
14536 11 182 240
14537 12 53 240
14538 13 197 240
14539 14 248 240
14540 15 85 240
14541 16 109 240
14542 17 127 240
14543 18 89 240
14544 19 253 240
14545 21 181 240
14546 20 85 240
14547 22 17 240
14548 23 112 240
14549 24 70 240
14550 25 247 240
14551 26 64 240
14552 27 107 240
14553 28 180 240
14554 29 159 240
14555 30 120 240
14556 31 47 240
14557 32 246 240
14558 33 172 240
14559 34 19 240
14560 35 204 240
14561 36 205 240
14562 37 251 240
14563 38 112 240
14564 39 248 240
14565 40 111 240
14566 41 208 240
14567 42 124 240
14568 43 121 240
14569 44 181 240
14570 45 132 240
14571 46 27 240
14572 47 56 240
14573 48 103 240
14574 49 203 240
14575 50 205 240
14576 51 139 240
14577 52 150 240
14578 53 132 240
14579 54 148 240
14580 55 55 240
14581 56 74 240
14582 57 200 240
14583 58 126 240
14584 59 163 240
14585 60 168 240
14586 61 137 240
14587 62 75 240
14588 63 70 240
14589 64 123 240
14590 65 103 240
14591 66 148 240
14592 67 215 240
14593 68 65 240
14594 69 223 240
14595 70 82 240
14596 71 105 240
14597 72 21 240
14598 73 53 240
14599 74 181 240
14600 75 99 240
14601 76 89 240
14602 77 155 240
14603 78 242 240
14604 79 241 240
14605 80 205 240
14606 81 74 240
14607 82 185 240
14608 83 246 240
14609 84 175 240
14610 85 128 240
14611 86 83 240
14612 87 192 240
14613 88 53 240
14614 89 202 240
14615 90 124 240
14616 91 49 240
14617 92 206 240
14618 93 174 240
14619 94 116 240
14620 95 98 240
14621 96 99 240
14622 97 188 240
14623 98 195 240
14624 99 79 240
14625 100 63 240
14626 101 158 240
14627 102 81 240
14628 103 148 240
14629 104 68 240
14630 105 45 240
14631 106 104 240
14632 107 222 240
14633 108 8 240
14634 109 149 240
14635 111 101 240
14636 110 49 240
14637 112 131 240
14638 113 174 240
14639 114 40 240
14640 115 27 240
14641 117 191 240
14642 118 114 240
14643 1 83 241
14644 2 119 241
14645 3 237 241
14646 4 249 241
14647 5 2 241
14648 6 5 241
14649 7 45 241
14650 8 160 241
14651 9 4 241
14652 10 28 241
14653 11 205 241
14654 12 125 241
14655 13 119 241
14656 14 200 241
14657 15 140 241
14658 16 189 241
14659 17 67 241
14660 18 139 241
14661 19 184 241
14662 20 96 241
14663 21 122 241
14664 22 223 241
14665 23 122 241
14666 24 64 241
14667 25 249 241
14668 26 202 241
14669 27 229 241
14670 28 14 241
14671 29 177 241
14672 30 13 241
14673 31 225 241
14674 32 189 241
14675 33 138 241
14676 34 74 241
14677 35 60 241
14678 36 33 241
14679 37 53 241
14680 38 8 241
14681 39 214 241
14682 40 26 241
14683 41 120 241
14684 42 232 241
14685 43 135 241
14686 44 191 241
14687 45 197 241
14688 46 250 241
14689 47 144 241
14690 48 251 241
14691 49 136 241
14692 50 214 241
14693 51 198 241
14694 52 214 241
14695 53 222 241
14696 54 171 241
14697 55 207 241
14698 56 242 241
14699 57 115 241
14700 58 197 241
14701 59 150 241
14702 60 216 241
14703 61 219 241
14704 62 61 241
14705 63 224 241
14706 64 208 241
14707 65 152 241
14708 66 62 241
14709 67 214 241
14710 68 255 241
14711 69 124 241
14712 70 53 241
14713 71 132 241
14714 72 157 241
14715 73 178 241
14716 74 103 241
14717 75 249 241
14718 76 219 241
14719 77 175 241
14720 78 101 241
14721 79 220 241
14722 80 64 241
14723 81 109 241
14724 82 16 241
14725 83 181 241
14726 84 13 241
14727 85 188 241
14728 86 147 241
14729 87 54 241
14730 88 49 241
14731 89 72 241
14732 90 214 241
14733 91 157 241
14734 92 229 241
14735 93 240 241
14736 94 63 241
14737 95 143 241
14738 96 147 241
14739 97 100 241
14740 98 132 241
14741 99 84 241
14742 100 78 241
14743 101 251 241
14744 102 84 241
14745 103 113 241
14746 104 136 241
14747 105 86 241
14748 106 29 241
14749 107 117 241
14750 108 71 241
14751 109 112 241
14752 110 161 241
14753 111 37 241
14754 112 184 241
14755 113 79 241
14756 114 84 241
14757 115 1 241
14758 116 13 241
14759 117 237 241
14760 118 90 241
14761 119 196 241
14762 0 246 242
14763 1 215 242
14764 2 95 242
14765 3 116 242
14766 4 142 242
14767 5 145 242
14768 6 168 242
14769 7 52 242
14770 8 71 242
14771 9 108 242
14772 10 57 242
14773 11 196 242
14774 12 140 242
14775 13 44 242
14776 14 160 242
14777 15 135 242
14778 16 88 242
14779 17 218 242
14780 18 157 242
14781 19 125 242
14782 20 11 242
14783 21 103 242
14784 22 136 242
14785 23 78 242
14786 24 29 242
14787 25 102 242
14788 26 136 242
14789 27 13 242
14790 28 72 242
14791 29 106 242
14792 30 66 242
14793 31 63 242
14794 32 164 242
14795 33 123 242
14796 34 132 242
14797 35 5 242
14798 36 39 242
14799 37 161 242
14800 38 125 242
14801 39 127 242
14802 40 42 242
14803 41 161 242
14804 42 24 242
14805 43 10 242
14806 44 237 242
14807 45 51 242
14808 46 248 242
14809 47 75 242
14810 48 129 242
14811 49 65 242
14812 50 43 242
14813 51 189 242
14814 52 83 242
14815 53 39 242
14816 54 75 242
14817 55 90 242
14818 57 53 242
14819 56 181 242
14820 58 130 242
14821 59 103 242
14822 60 237 242
14823 61 46 242
14824 62 151 242
14825 63 86 242
14826 64 227 242
14827 65 7 242
14828 66 238 242
14829 67 189 242
14830 68 221 242
14831 69 203 242
14832 70 110 242
14833 71 165 242
14834 72 1 242
14835 73 84 242
14836 74 219 242
14837 75 212 242
14838 76 69 242
14839 77 41 242
14840 78 59 242
14841 79 255 242
14842 80 153 242
14843 81 155 242
14844 82 163 242
14845 83 99 242
14846 84 108 242
14847 85 244 242
14848 86 43 242
14849 87 145 242
14850 88 134 242
14851 89 198 242
14852 90 32 242
14853 91 188 242
14854 92 133 242
14855 93 21 242
14856 94 77 242
14857 95 229 242
14858 96 206 242
14859 97 113 242
14860 98 173 242
14861 99 192 242
14862 100 66 242
14863 101 132 242
14864 102 101 242
14865 103 84 242
14866 104 4 242
14867 105 161 242
14868 106 198 242
14869 107 256 242
14870 108 197 242
14871 109 113 242
14872 110 18 242
14873 111 180 242
14874 112 8 242
14875 113 191 242
14876 114 25 242
14877 115 232 242
14878 116 234 242
14879 117 53 242
14880 118 234 242
14881 119 79 242
14882 120 155 242
14883 121 31 242
14884 0 254 243
14885 1 164 243
14886 2 49 243
14887 3 246 243
14888 4 228 243
14889 5 160 243
14890 6 181 243
14891 7 70 243
14892 8 248 243
14893 9 65 243
14894 10 66 243
14895 11 87 243
14896 12 115 243
14897 13 255 243
14898 14 90 243
14899 15 256 243
14900 16 29 243
14901 17 164 243
14902 18 209 243
14903 19 232 243
14904 20 21 243
14905 21 121 243
14906 22 231 243
14907 23 162 243
14908 24 239 243
14909 25 128 243
14910 26 227 243
14911 27 144 243
14912 28 28 243
14913 29 256 243
14914 30 196 243
14915 31 219 243
14916 32 229 243
14917 33 153 243
14918 34 109 243
14919 35 99 243
14920 36 156 243
14921 37 246 243
14922 38 36 243
14923 39 215 243
14924 40 181 243
14925 41 150 243
14926 42 15 243
14927 43 71 243
14928 44 227 243
14929 45 61 243
14930 46 131 243
14931 47 44 243
14932 48 145 243
14933 49 58 243
14934 50 79 243
weights 244 244 244 244 244 244 244 244 244 244 244 244 244 244 244 244 244 244 244 244 244 244 244 244 244 244 244 244 244 244 244 244 244 244 244 244 244 244 244 244 244 244 244 244 244 244 244 244 244 244 244 243 243 243 243 243 243 243 243 243 243 243 243 243 243 243 243 243 243 243 243 243 243 243 243 243 243 243 243 243 243 243 243 243 243 243 243 243 243 243 243 243 243 243 243 243 243 243 243 243 243 243 243 243 243 243 243 243 243 243 243 243 243 243 243 243 243 243 243 243 243 243
