p 263 h 125 constraints 15967
0 0 1 0
1 0 1 1
2 0 1 2
3 0 1 3
4 0 1 4
5 0 1 5
6 0 1 6
7 0 1 7
8 0 1 8
9 0 1 9
10 0 1 10
11 0 1 11
12 0 1 12
13 0 1 13
14 0 1 14
15 0 1 15
16 0 1 16
17 0 1 17
18 0 1 18
19 0 1 19
20 0 1 20
21 0 1 21
22 0 1 22
23 0 1 23
24 0 1 24
25 0 1 25
26 0 1 26
27 0 1 27
28 0 1 28
29 0 1 29
30 0 1 30
31 0 1 31
32 0 1 32
33 0 1 33
34 0 1 34
35 0 1 35
36 0 1 36
37 0 1 37
38 0 1 38
39 0 1 39
40 0 1 40
41 0 1 41
42 0 1 42
43 0 1 43
44 0 1 44
45 0 1 45
46 0 1 46
47 1 1 2
48 1 1 3
49 1 1 4
50 1 1 5
51 1 1 6
52 1 1 7
53 1 1 8
54 1 1 9
55 1 1 10
56 1 1 11
57 1 1 12
58 1 1 13
59 1 1 14
60 1 1 15
61 1 1 16
62 1 1 17
63 1 1 18
64 1 1 19
65 1 1 20
66 1 1 21
67 1 1 22
68 1 1 23
69 1 1 24
70 1 1 25
71 1 1 26
72 1 1 27
73 1 1 28
74 1 1 29
75 1 1 30
76 1 1 31
77 1 1 32
78 1 1 33
79 1 1 34
80 1 1 35
81 1 1 36
82 1 1 37
83 1 1 38
84 1 1 39
85 1 1 40
86 1 1 41
87 1 1 42
88 1 1 43
89 1 1 44
90 1 1 45
91 1 1 46
92 2 1 4
93 2 1 5
94 2 1 6
95 2 1 7
96 2 1 8
97 2 1 9
98 2 1 10
99 2 1 11
100 2 1 12
101 2 1 13
102 2 1 14
103 2 1 15
104 2 1 16
105 2 1 17
106 2 1 18
107 2 1 19
108 2 1 20
109 2 1 21
110 2 1 22
111 2 1 23
112 2 1 24
113 2 1 25
114 2 1 26
115 2 1 27
116 2 1 28
117 2 1 29
118 2 1 30
119 2 1 31
120 2 1 32
121 2 1 33
122 2 1 34
123 2 1 35
124 2 1 36
125 2 1 37
126 2 1 38
127 2 1 39
128 2 1 40
129 2 1 41
130 2 1 42
131 2 1 43
132 2 1 44
133 2 1 45
134 2 1 46
135 3 1 6
136 3 1 7
137 3 1 8
138 3 1 9
139 3 1 10
140 3 1 11
141 3 1 12
142 3 1 13
143 3 1 14
144 3 1 15
145 3 1 16
146 3 1 17
147 3 1 18
148 3 1 19
149 3 1 20
150 3 1 21
151 3 1 22
152 3 1 23
153 3 1 24
154 3 1 25
155 3 1 26
156 3 1 27
157 3 1 28
158 3 1 29
159 3 1 30
160 3 1 31
161 3 1 32
162 3 1 33
163 3 1 34
164 3 1 35
165 3 1 36
166 3 1 37
167 3 1 38
168 3 1 39
169 3 1 40
170 3 1 41
171 3 1 42
172 3 1 43
173 3 1 44
174 3 1 45
175 3 1 46
176 4 1 8
177 4 1 9
178 4 1 10
179 4 1 11
180 4 1 12
181 4 1 13
182 4 1 14
183 4 1 15
184 4 1 16
185 4 1 17
186 4 1 18
187 4 1 19
188 4 1 20
189 4 1 21
190 4 1 22
191 4 1 23
192 4 1 24
193 4 1 25
194 4 1 26
195 4 1 27
196 4 1 28
197 4 1 29
198 4 1 30
199 4 1 31
200 4 1 32
201 4 1 33
202 4 1 34
203 4 1 35
204 4 1 36
205 4 1 37
206 4 1 38
207 4 1 39
208 4 1 40
209 4 1 41
210 4 1 42
211 4 1 43
212 4 1 44
213 4 1 45
214 4 1 46
215 5 1 10
216 5 1 11
217 5 1 12
218 5 1 13
219 5 1 14
220 5 1 15
221 5 1 16
222 5 1 17
223 5 1 18
224 5 1 19
225 5 1 20
226 5 1 21
227 5 1 22
228 5 1 23
229 5 1 24
230 5 1 25
231 5 1 26
232 5 1 27
233 5 1 28
234 5 1 29
235 5 1 30
236 5 1 31
237 5 1 32
238 5 1 33
239 5 1 34
240 5 1 35
241 5 1 36
242 5 1 37
243 5 1 38
244 5 1 39
245 5 1 40
246 5 1 41
247 5 1 42
248 5 1 43
249 5 1 44
250 5 1 45
251 5 1 46
252 6 1 12
253 6 1 13
254 6 1 14
255 6 1 15
256 6 1 16
257 6 1 17
258 6 1 18
259 6 1 19
260 6 1 20
261 6 1 21
262 6 1 22
263 6 1 23
264 6 1 24
265 6 1 25
266 6 1 26
267 6 1 27
268 6 1 28
269 6 1 29
270 6 1 30
271 6 1 31
272 6 1 32
273 6 1 33
274 6 1 34
275 6 1 35
276 6 1 36
277 6 1 37
278 6 1 38
279 6 1 39
280 6 1 40
281 6 1 41
282 6 1 42
283 6 1 43
284 6 1 44
285 6 1 45
286 6 1 46
287 7 1 14
288 7 1 15
289 7 1 16
290 7 1 17
291 7 1 18
292 7 1 19
293 7 1 20
294 7 1 21
295 7 1 22
296 7 1 23
297 7 1 24
298 7 1 25
299 7 1 26
300 7 1 27
301 7 1 28
302 7 1 29
303 7 1 30
304 7 1 31
305 7 1 32
306 7 1 33
307 7 1 34
308 7 1 35
309 7 1 36
310 7 1 37
311 7 1 38
312 7 1 39
313 7 1 40
314 7 1 41
315 7 1 42
316 7 1 43
317 7 1 44
318 7 1 45
319 7 1 46
320 8 1 16
321 8 1 17
322 8 1 18
323 8 1 19
324 8 1 20
325 8 1 21
326 8 1 22
327 8 1 23
328 8 1 24
329 8 1 25
330 8 1 26
331 8 1 27
332 8 1 28
333 8 1 29
334 8 1 30
335 8 1 31
336 8 1 32
337 8 1 33
338 8 1 34
339 8 1 35
340 8 1 36
341 8 1 37
342 8 1 38
343 8 1 39
344 8 1 40
345 8 1 41
346 8 1 42
347 8 1 43
348 8 1 44
349 8 1 45
350 8 1 46
351 9 1 18
352 9 1 19
353 9 1 20
354 9 1 21
355 9 1 22
356 9 1 23
357 9 1 24
358 9 1 25
359 9 1 26
360 9 1 27
361 9 1 28
362 9 1 29
363 9 1 30
364 9 1 31
365 9 1 32
366 9 1 33
367 9 1 34
368 9 1 35
369 9 1 36
370 9 1 37
371 9 1 38
372 9 1 39
373 9 1 40
374 9 1 41
375 9 1 42
376 9 1 43
377 9 1 44
378 9 1 45
379 9 1 46
380 10 1 20
381 10 1 21
382 10 1 22
383 10 1 23
384 10 1 24
385 10 1 25
386 10 1 26
387 10 1 27
388 10 1 28
389 10 1 29
390 10 1 30
391 10 1 31
392 10 1 32
393 10 1 33
394 10 1 34
395 10 1 35
396 10 1 36
397 10 1 37
398 10 1 38
399 10 1 39
400 10 1 40
401 10 1 41
402 10 1 42
403 10 1 43
404 10 1 44
405 10 1 45
406 10 1 46
407 11 1 22
408 11 1 23
409 11 1 24
410 11 1 25
411 11 1 26
412 11 1 27
413 11 1 28
414 11 1 29
415 11 1 30
416 11 1 31
417 11 1 32
418 11 1 33
419 11 1 34
420 11 1 35
421 11 1 36
422 11 1 37
423 11 1 38
424 11 1 39
425 11 1 40
426 11 1 41
427 11 1 42
428 11 1 43
429 11 1 44
430 11 1 45
431 11 1 46
432 12 1 24
433 12 1 25
434 12 1 26
435 12 1 27
436 12 1 28
437 12 1 29
438 12 1 30
439 12 1 31
440 12 1 32
441 12 1 33
442 12 1 34
443 12 1 35
444 12 1 36
445 12 1 37
446 12 1 38
447 12 1 39
448 12 1 40
449 12 1 41
450 12 1 42
451 12 1 43
452 12 1 44
453 12 1 45
454 12 1 46
455 13 1 26
456 13 1 27
457 13 1 28
458 13 1 29
459 13 1 30
460 13 1 31
461 13 1 32
462 13 1 33
463 13 1 34
464 13 1 35
465 13 1 36
466 13 1 37
467 13 1 38
468 13 1 39
469 13 1 40
470 13 1 41
471 13 1 42
472 13 1 43
473 13 1 44
474 13 1 45
475 13 1 46
476 14 1 28
477 14 1 29
478 14 1 30
479 14 1 31
480 14 1 32
481 14 1 33
482 14 1 34
483 14 1 35
484 14 1 36
485 14 1 37
486 14 1 38
487 14 1 39
488 14 1 40
489 14 1 41
490 14 1 42
491 14 1 43
492 14 1 44
493 14 1 45
494 14 1 46
495 15 1 30
496 15 1 31
497 15 1 32
498 15 1 33
499 15 1 34
500 15 1 35
501 15 1 36
502 15 1 37
503 15 1 38
504 15 1 39
505 15 1 40
506 15 1 41
507 15 1 42
508 15 1 43
509 15 1 44
510 15 1 45
511 15 1 46
512 16 1 32
513 16 1 33
514 16 1 34
515 16 1 35
516 16 1 36
517 16 1 37
518 16 1 38
519 16 1 39
520 16 1 40
521 16 1 41
522 16 1 42
523 16 1 43
524 16 1 44
525 16 1 45
526 16 1 46
527 17 1 34
528 17 1 35
529 17 1 36
530 17 1 37
531 17 1 38
532 17 1 39
533 17 1 40
534 17 1 41
535 17 1 42
536 17 1 43
537 17 1 44
538 17 1 45
539 17 1 46
540 18 1 36
541 18 1 37
542 18 1 38
543 18 1 39
544 18 1 40
545 18 1 41
546 18 1 42
547 18 1 43
548 18 1 44
549 18 1 45
550 18 1 46
551 19 1 38
552 19 1 39
553 19 1 40
554 19 1 41
555 19 1 42
556 19 1 43
557 19 1 44
558 19 1 45
559 19 1 46
560 20 1 40
561 20 1 41
562 20 1 42
563 20 1 43
564 20 1 44
565 20 1 45
566 20 1 46
567 21 1 42
568 21 1 43
569 21 1 44
570 21 1 45
571 21 1 46
572 22 1 44
573 22 1 45
574 22 1 46
575 23 1 46
576 24 1 48
577 23 262 47
578 23 262 48
579 22 1 47
580 22 1 48
581 21 262 47
582 21 262 48
583 20 1 47
584 20 1 48
585 19 262 47
586 19 262 48
587 18 1 47
588 18 1 48
589 17 262 47
590 17 262 48
591 16 1 47
592 16 1 48
593 15 262 47
594 15 262 48
595 14 1 47
596 14 1 48
597 13 262 47
598 13 262 48
599 12 1 47
600 12 1 48
601 11 262 47
602 11 262 48
603 10 1 47
604 10 1 48
605 9 262 47
606 9 262 48
607 8 1 47
608 8 1 48
609 25 1 50
610 24 262 49
611 24 262 50
612 23 1 49
613 23 1 50
614 22 262 49
615 22 262 50
616 21 1 49
617 21 1 50
618 20 262 49
619 20 262 50
620 19 1 49
621 19 1 50
622 18 262 49
623 18 262 50
624 17 1 49
625 17 1 50
626 16 262 49
627 16 262 50
628 15 1 49
629 15 1 50
630 14 262 49
631 14 262 50
632 13 1 49
633 13 1 50
634 12 262 49
635 12 262 50
636 11 1 49
637 11 1 50
638 10 262 49
639 10 262 50
640 9 1 49
641 26 1 52
642 25 262 51
643 25 262 52
644 24 1 51
645 24 1 52
646 23 262 51
647 23 262 52
648 22 1 51
649 22 1 52
650 21 262 51
651 21 262 52
652 20 1 51
653 20 1 52
654 19 262 51
655 19 262 52
656 18 1 51
657 18 1 52
658 17 262 51
659 17 262 52
660 16 1 51
661 16 1 52
662 15 262 51
663 15 262 52
664 14 1 51
665 14 1 52
666 13 262 51
667 13 262 52
668 12 1 51
669 12 1 52
670 11 262 51
671 11 262 52
672 27 1 54
673 26 262 53
674 26 262 54
675 25 1 53
676 25 1 54
677 24 262 53
678 24 262 54
679 23 1 53
680 23 1 54
681 22 262 53
682 22 262 54
683 21 1 53
684 21 1 54
685 20 262 53
686 20 262 54
687 19 1 53
688 19 1 54
689 18 262 53
690 18 262 54
691 17 1 53
692 17 1 54
693 16 262 53
694 16 262 54
695 15 1 53
696 15 1 54
697 14 262 53
698 14 262 54
699 13 1 53
700 13 1 54
701 12 262 53
702 28 1 56
703 27 262 55
704 27 262 56
705 26 1 55
706 26 1 56
707 25 262 55
708 25 262 56
709 24 1 55
710 24 1 56
711 23 262 55
712 23 262 56
713 22 1 55
714 22 1 56
715 21 262 55
716 21 262 56
717 20 1 55
718 20 1 56
719 19 262 55
720 19 262 56
721 18 1 55
722 18 1 56
723 17 262 55
724 17 262 56
725 16 1 55
726 16 1 56
727 15 262 55
728 15 262 56
729 14 1 55
730 14 1 56
731 29 1 58
732 28 262 57
733 28 262 58
734 27 1 57
735 27 1 58
736 26 262 57
737 26 262 58
738 25 1 57
739 25 1 58
740 24 262 57
741 24 262 58
742 23 1 57
743 23 1 58
744 22 262 57
745 22 262 58
746 21 1 57
747 21 1 58
748 20 262 57
749 20 262 58
750 19 1 57
751 19 1 58
752 18 262 57
753 18 262 58
754 17 1 57
755 17 1 58
756 16 262 57
757 16 262 58
758 15 1 57
759 30 1 60
760 29 262 59
761 29 262 60
762 28 1 59
763 28 1 60
764 27 262 59
765 27 262 60
766 26 1 59
767 26 1 60
768 25 262 59
769 25 262 60
770 24 1 59
771 24 1 60
772 23 262 59
773 23 262 60
774 22 1 59
775 22 1 60
776 21 262 59
777 21 262 60
778 20 1 59
779 20 1 60
780 19 262 59
781 19 262 60
782 18 1 59
783 18 1 60
784 17 262 59
785 17 262 60
786 31 1 62
787 30 262 61
788 30 262 62
789 29 1 61
790 29 1 62
791 28 262 61
792 28 262 62
793 27 1 61
794 27 1 62
795 26 262 61
796 26 262 62
797 25 1 61
798 25 1 62
799 24 262 61
800 24 262 62
801 23 1 61
802 23 1 62
803 22 262 61
804 22 262 62
805 21 1 61
806 21 1 62
807 20 262 61
808 20 262 62
809 19 1 61
810 19 1 62
811 18 262 61
812 32 1 64
813 31 262 63
814 31 262 64
815 30 1 63
816 30 1 64
817 29 262 63
818 29 262 64
819 28 1 63
820 28 1 64
821 27 262 63
822 27 262 64
823 26 1 63
824 26 1 64
825 25 262 63
826 25 262 64
827 24 1 63
828 24 1 64
829 23 262 63
830 23 262 64
831 22 1 63
832 22 1 64
833 21 262 63
834 21 262 64
835 20 1 63
836 20 1 64
837 33 1 66
838 32 262 65
839 32 262 66
840 31 1 65
841 31 1 66
842 30 262 65
843 30 262 66
844 29 1 65
845 29 1 66
846 28 262 65
847 28 262 66
848 27 1 65
849 27 1 66
850 26 262 65
851 26 262 66
852 25 1 65
853 25 1 66
854 24 262 65
855 24 262 66
856 23 1 65
857 23 1 66
858 22 262 65
859 22 262 66
860 21 1 65
861 34 1 68
862 33 262 67
863 33 262 68
864 32 1 67
865 32 1 68
866 31 262 67
867 31 262 68
868 30 1 67
869 30 1 68
870 29 262 67
871 29 262 68
872 28 1 67
873 28 1 68
874 27 262 67
875 27 262 68
876 26 1 67
877 26 1 68
878 25 262 67
879 25 262 68
880 24 1 67
881 24 1 68
882 23 262 67
883 23 262 68
884 35 1 70
885 34 262 69
886 34 262 70
887 33 1 69
888 33 1 70
889 32 262 69
890 32 262 70
891 31 1 69
892 31 1 70
893 30 262 69
894 30 262 70
895 29 1 69
896 29 1 70
897 28 262 69
898 28 262 70
899 27 1 69
900 27 1 70
901 26 262 69
902 26 262 70
903 25 1 69
904 25 1 70
905 24 262 69
906 36 1 72
907 35 262 71
908 35 262 72
909 34 1 71
910 34 1 72
911 33 262 71
912 33 262 72
913 32 1 71
914 32 1 72
915 31 262 71
916 31 262 72
917 30 1 71
918 30 1 72
919 29 262 71
920 29 262 72
921 28 1 71
922 28 1 72
923 27 262 71
924 27 262 72
925 26 1 71
926 26 1 72
927 37 1 74
928 36 262 73
929 36 262 74
930 35 1 73
931 35 1 74
932 34 262 73
933 34 262 74
934 33 1 73
935 33 1 74
936 32 262 73
937 32 262 74
938 31 1 73
939 31 1 74
940 30 262 73
941 30 262 74
942 29 1 73
943 29 1 74
944 28 262 73
945 28 262 74
946 27 1 73
947 38 1 76
948 37 262 75
949 37 262 76
950 36 1 75
951 36 1 76
952 35 262 75
953 35 262 76
954 34 1 75
955 34 1 76
956 33 262 75
957 33 262 76
958 32 1 75
959 32 1 76
960 31 262 75
961 31 262 76
962 30 1 75
963 30 1 76
964 29 262 75
965 29 262 76
966 39 1 78
967 38 262 77
968 38 262 78
969 37 1 77
970 37 1 78
971 36 262 77
972 36 262 78
973 35 1 77
974 35 1 78
975 34 262 77
976 34 262 78
977 33 1 77
978 33 1 78
979 32 262 77
980 32 262 78
981 31 1 77
982 31 1 78
983 30 262 77
984 40 1 80
985 39 262 79
986 39 262 80
987 38 1 79
988 38 1 80
989 37 262 79
990 37 262 80
991 36 1 79
992 36 1 80
993 35 262 79
994 35 262 80
995 34 1 79
996 34 1 80
997 33 262 79
998 33 262 80
999 32 1 79
1000 32 1 80
1001 41 1 82
1002 40 262 81
1003 40 262 82
1004 39 1 81
1005 39 1 82
1006 38 262 81
1007 38 262 82
1008 37 1 81
1009 37 1 82
1010 36 262 81
1011 36 262 82
1012 35 1 81
1013 35 1 82
1014 34 262 81
1015 34 262 82
1016 33 1 81
1017 42 1 84
1018 41 262 83
1019 41 262 84
1020 40 1 83
1021 40 1 84
1022 39 262 83
1023 39 262 84
1024 38 1 83
1025 38 1 84
1026 37 262 83
1027 37 262 84
1028 36 1 83
1029 36 1 84
1030 35 262 83
1031 35 262 84
1032 43 1 86
1033 42 262 85
1034 42 262 86
1035 41 1 85
1036 41 1 86
1037 40 262 85
1038 40 262 86
1039 39 1 85
1040 39 1 86
1041 38 262 85
1042 38 262 86
1043 37 1 85
1044 37 1 86
1045 36 262 85
1046 44 1 88
1047 43 262 87
1048 43 262 88
1049 42 1 87
1050 42 1 88
1051 41 262 87
1052 41 262 88
1053 40 1 87
1054 40 1 88
1055 39 262 87
1056 39 262 88
1057 38 1 87
1058 38 1 88
1059 45 1 90
1060 44 262 89
1061 44 262 90
1062 43 1 89
1063 43 1 90
1064 42 262 89
1065 42 262 90
1066 41 1 89
1067 41 1 90
1068 40 262 89
1069 40 262 90
1070 39 1 89
1071 46 1 92
1072 45 262 91
1073 45 262 92
1074 44 1 91
1075 44 1 92
1076 43 262 91
1077 43 262 92
1078 42 1 91
1079 42 1 92
1080 41 262 91
1081 41 262 92
1082 47 1 94
1083 46 262 93
1084 46 262 94
1085 45 1 93
1086 45 1 94
1087 44 262 93
1088 44 262 94
1089 43 1 93
1090 43 1 94
1091 42 262 93
1092 48 1 96
1093 47 262 95
1094 47 262 96
1095 46 1 95
1096 46 1 96
1097 45 262 95
1098 45 262 96
1099 44 1 95
1100 44 1 96
1101 49 1 98
1102 48 262 97
1103 48 262 98
1104 47 1 97
1105 47 1 98
1106 46 262 97
1107 46 262 98
1108 45 1 97
1109 50 1 100
1110 49 262 99
1111 49 262 100
1112 48 1 99
1113 48 1 100
1114 47 262 99
1115 47 262 100
1116 51 1 102
1117 50 262 101
1118 50 262 102
1119 49 1 101
1120 49 1 102
1121 48 262 101
1122 52 1 104
1123 51 262 103
1124 51 262 104
1125 50 1 103
1126 50 1 104
1127 53 1 106
1128 52 262 105
1129 52 262 106
1130 51 1 105
1131 54 1 108
1132 53 262 107
1133 53 262 108
1134 55 1 110
1135 54 262 109
1136 56 1 112
1137 57 245 114
1138 55 130 111
1139 54 132 110
1140 52 11 107
1141 51 84 106
1142 49 7 103
1143 48 173 102
1144 46 124 99
1145 45 134 98
1146 43 55 95
1147 42 157 94
1148 40 35 91
1149 39 76 90
1150 37 94 87
1151 36 144 86
1152 34 12 83
1153 33 259 82
1154 31 175 79
1155 30 117 78
1156 28 207 75
1157 27 194 74
1158 25 60 71
1159 24 243 70
1160 22 86 67
1161 21 59 66
1162 19 246 63
1163 18 181 62
1164 58 245 116
1165 56 130 113
1166 55 132 112
1167 53 11 109
1168 52 84 108
1169 50 7 105
1170 49 173 104
1171 47 124 101
1172 46 134 100
1173 44 55 97
1174 43 157 96
1175 41 35 93
1176 40 76 92
1177 38 94 89
1178 37 144 88
1179 35 12 85
1180 34 259 84
1181 32 175 81
1182 31 117 80
1183 29 207 77
1184 28 194 76
1185 26 60 73
1186 25 243 72
1187 23 86 69
1188 22 59 68
1189 20 246 65
1190 59 245 118
1191 57 130 115
1192 56 132 114
1193 54 11 111
1194 53 84 110
1195 51 7 107
1196 50 173 106
1197 48 124 103
1198 47 134 102
1199 45 55 99
1200 44 157 98
1201 42 35 95
1202 41 76 94
1203 39 94 91
1204 38 144 90
1205 36 12 87
1206 35 259 86
1207 33 175 83
1208 32 117 82
1209 30 207 79
1210 29 194 78
1211 27 60 75
1212 26 243 74
1213 24 86 71
1214 23 59 70
1215 60 245 120
1216 58 130 117
1217 57 132 116
1218 55 11 113
1219 54 84 112
1220 52 7 109
1221 51 173 108
1222 49 124 105
1223 48 134 104
1224 46 55 101
1225 45 157 100
1226 43 35 97
1227 42 76 96
1228 40 94 93
1229 39 144 92
1230 37 12 89
1231 36 259 88
1232 34 175 85
1233 33 117 84
1234 31 207 81
1235 30 194 80
1236 28 60 77
1237 27 243 76
1238 25 86 73
1239 61 245 122
1240 59 130 119
1241 58 132 118
1242 56 11 115
1243 55 84 114
1244 53 7 111
1245 52 173 110
1246 50 124 107
1247 49 134 106
1248 47 55 103
1249 46 157 102
1250 44 35 99
1251 43 76 98
1252 41 94 95
1253 40 144 94
1254 38 12 91
1255 37 259 90
1256 35 175 87
1257 34 117 86
1258 32 207 83
1259 31 194 82
1260 29 60 79
1261 28 243 78
1262 62 245 124
1263 60 130 121
1264 59 132 120
1265 57 11 117
1266 56 84 116
1267 54 7 113
1268 53 173 112
1269 51 124 109
1270 50 134 108
1271 48 55 105
1272 47 157 104
1273 45 35 101
1274 44 76 100
1275 42 94 97
1276 41 144 96
1277 39 12 93
1278 38 259 92
1279 36 175 89
1280 35 117 88
1281 33 207 85
1282 32 194 84
1283 30 60 81
1284 63 245 126
1285 61 130 123
1286 60 132 122
1287 58 11 119
1288 57 84 118
1289 55 7 115
1290 54 173 114
1291 52 124 111
1292 51 134 110
1293 49 55 107
1294 48 157 106
1295 46 35 103
1296 45 76 102
1297 43 94 99
1298 42 144 98
1299 40 12 95
1300 39 259 94
1301 37 175 91
1302 36 117 90
1303 34 207 87
1304 33 194 86
1305 64 245 128
1306 62 130 125
1307 61 132 124
1308 59 11 121
1309 58 84 120
1310 56 7 117
1311 55 173 116
1312 53 124 113
1313 52 134 112
1314 50 55 109
1315 49 157 108
1316 47 35 105
1317 46 76 104
1318 44 94 101
1319 43 144 100
1320 41 12 97
1321 40 259 96
1322 38 175 93
1323 37 117 92
1324 35 207 89
1325 65 245 130
1326 63 130 127
1327 62 132 126
1328 60 11 123
1329 59 84 122
1330 57 7 119
1331 56 173 118
1332 54 124 115
1333 53 134 114
1334 51 55 111
1335 50 157 110
1336 48 35 107
1337 47 76 106
1338 45 94 103
1339 44 144 102
1340 42 12 99
1341 41 259 98
1342 39 175 95
1343 38 117 94
1344 66 245 132
1345 64 130 129
1346 63 132 128
1347 61 11 125
1348 60 84 124
1349 58 7 121
1350 57 173 120
1351 55 124 117
1352 54 134 116
1353 52 55 113
1354 51 157 112
1355 49 35 109
1356 48 76 108
1357 46 94 105
1358 45 144 104
1359 43 12 101
1360 42 259 100
1361 40 175 97
1362 67 245 134
1363 65 130 131
1364 64 132 130
1365 62 11 127
1366 61 84 126
1367 59 7 123
1368 58 173 122
1369 56 124 119
1370 55 134 118
1371 53 55 115
1372 52 157 114
1373 50 35 111
1374 49 76 110
1375 47 94 107
1376 46 144 106
1377 44 12 103
1378 43 259 102
1379 68 245 136
1380 66 130 133
1381 65 132 132
1382 63 11 129
1383 62 84 128
1384 60 7 125
1385 59 173 124
1386 57 124 121
1387 56 134 120
1388 54 55 117
1389 53 157 116
1390 51 35 113
1391 50 76 112
1392 48 94 109
1393 47 144 108
1394 45 12 105
1395 69 245 138
1396 67 130 135
1397 66 132 134
1398 64 11 131
1399 63 84 130
1400 61 7 127
1401 60 173 126
1402 58 124 123
1403 57 134 122
1404 55 55 119
1405 54 157 118
1406 52 35 115
1407 51 76 114
1408 49 94 111
1409 48 144 110
1410 70 245 140
1411 68 130 137
1412 67 132 136
1413 65 11 133
1414 64 84 132
1415 62 7 129
1416 61 173 128
1417 59 124 125
1418 58 134 124
1419 56 55 121
1420 55 157 120
1421 53 35 117
1422 52 76 116
1423 50 94 113
1424 71 245 142
1425 69 130 139
1426 68 132 138
1427 66 11 135
1428 65 84 134
1429 63 7 131
1430 62 173 130
1431 60 124 127
1432 59 134 126
1433 57 55 123
1434 56 157 122
1435 54 35 119
1436 53 76 118
1437 72 245 144
1438 70 130 141
1439 69 132 140
1440 67 11 137
1441 66 84 136
1442 64 7 133
1443 63 173 132
1444 61 124 129
1445 60 134 128
1446 58 55 125
1447 57 157 124
1448 55 35 121
1449 73 245 146
1450 71 130 143
1451 70 132 142
1452 68 11 139
1453 67 84 138
1454 65 7 135
1455 64 173 134
1456 62 124 131
1457 61 134 130
1458 59 55 127
1459 58 157 126
1460 74 245 148
1461 72 130 145
1462 71 132 144
1463 69 11 141
1464 68 84 140
1465 66 7 137
1466 65 173 136
1467 63 124 133
1468 62 134 132
1469 60 55 129
1470 75 245 150
1471 73 130 147
1472 72 132 146
1473 70 11 143
1474 69 84 142
1475 67 7 139
1476 66 173 138
1477 64 124 135
1478 63 134 134
1479 76 245 152
1480 74 130 149
1481 73 132 148
1482 71 11 145
1483 70 84 144
1484 68 7 141
1485 67 173 140
1486 65 124 137
1487 77 245 154
1488 75 130 151
1489 74 132 150
1490 72 11 147
1491 71 84 146
1492 69 7 143
1493 68 173 142
1494 78 245 156
1495 76 130 153
1496 75 132 152
1497 73 11 149
1498 72 84 148
1499 70 7 145
1500 79 245 158
1501 77 130 155
1502 76 132 154
1503 74 11 151
1504 73 84 150
1505 80 245 160
1506 78 130 157
1507 77 132 156
1508 75 11 153
1509 81 245 162
1510 79 130 159
1511 78 132 158
1512 82 245 164
1513 80 130 161
1514 83 245 166
1515 84 191 168
1516 81 158 163
1517 79 96 160
1518 76 140 155
1519 74 135 152
1520 71 164 147
1521 69 83 144
1522 66 132 139
1523 64 240 136
1524 61 87 131
1525 59 206 128
1526 56 147 123
1527 54 76 120
1528 51 67 115
1529 49 74 112
1530 46 86 107
1531 44 252 104
1532 41 236 99
1533 39 190 96
1534 36 36 91
1535 34 185 88
1536 31 215 83
1537 85 191 170
1538 82 158 165
1539 80 96 162
1540 77 140 157
1541 75 135 154
1542 72 164 149
1543 70 83 146
1544 67 132 141
1545 65 240 138
1546 62 87 133
1547 60 206 130
1548 57 147 125
1549 55 76 122
1550 52 67 117
1551 50 74 114
1552 47 86 109
1553 45 252 106
1554 42 236 101
1555 40 190 98
1556 37 36 93
1557 35 185 90
1558 86 191 172
1559 83 158 167
1560 81 96 164
1561 78 140 159
1562 76 135 156
1563 73 164 151
1564 71 83 148
1565 68 132 143
1566 66 240 140
1567 63 87 135
1568 61 206 132
1569 58 147 127
1570 56 76 124
1571 53 67 119
1572 51 74 116
1573 48 86 111
1574 46 252 108
1575 43 236 103
1576 41 190 100
1577 38 36 95
1578 87 191 174
1579 84 158 169
1580 82 96 166
1581 79 140 161
1582 77 135 158
1583 74 164 153
1584 72 83 150
1585 69 132 145
1586 67 240 142
1587 64 87 137
1588 62 206 134
1589 59 147 129
1590 57 76 126
1591 54 67 121
1592 52 74 118
1593 49 86 113
1594 47 252 110
1595 44 236 105
1596 42 190 102
1597 88 191 176
1598 85 158 171
1599 83 96 168
1600 80 140 163
1601 78 135 160
1602 75 164 155
1603 73 83 152
1604 70 132 147
1605 68 240 144
1606 65 87 139
1607 63 206 136
1608 60 147 131
1609 58 76 128
1610 55 67 123
1611 53 74 120
1612 50 86 115
1613 48 252 112
1614 45 236 107
1615 89 191 178
1616 86 158 173
1617 84 96 170
1618 81 140 165
1619 79 135 162
1620 76 164 157
1621 74 83 154
1622 71 132 149
1623 69 240 146
1624 66 87 141
1625 64 206 138
1626 61 147 133
1627 59 76 130
1628 56 67 125
1629 54 74 122
1630 51 86 117
1631 49 252 114
1632 90 191 180
1633 87 158 175
1634 85 96 172
1635 82 140 167
1636 80 135 164
1637 77 164 159
1638 75 83 156
1639 72 132 151
1640 70 240 148
1641 67 87 143
1642 65 206 140
1643 62 147 135
1644 60 76 132
1645 57 67 127
1646 55 74 124
1647 52 86 119
1648 91 191 182
1649 88 158 177
1650 86 96 174
1651 83 140 169
1652 81 135 166
1653 78 164 161
1654 76 83 158
1655 73 132 153
1656 71 240 150
1657 68 87 145
1658 66 206 142
1659 63 147 137
1660 61 76 134
1661 58 67 129
1662 56 74 126
1663 92 191 184
1664 89 158 179
1665 87 96 176
1666 84 140 171
1667 82 135 168
1668 79 164 163
1669 77 83 160
1670 74 132 155
1671 72 240 152
1672 69 87 147
1673 67 206 144
1674 64 147 139
1675 62 76 136
1676 59 67 131
1677 93 191 186
1678 90 158 181
1679 88 96 178
1680 85 140 173
1681 83 135 170
1682 80 164 165
1683 78 83 162
1684 75 132 157
1685 73 240 154
1686 70 87 149
1687 68 206 146
1688 65 147 141
1689 63 76 138
1690 94 191 188
1691 91 158 183
1692 89 96 180
1693 86 140 175
1694 84 135 172
1695 81 164 167
1696 79 83 164
1697 76 132 159
1698 74 240 156
1699 71 87 151
1700 69 206 148
1701 66 147 143
1702 95 191 190
1703 92 158 185
1704 90 96 182
1705 87 140 177
1706 85 135 174
1707 82 164 169
1708 80 83 166
1709 77 132 161
1710 75 240 158
1711 72 87 153
1712 70 206 150
1713 96 191 192
1714 93 158 187
1715 91 96 184
1716 88 140 179
1717 86 135 176
1718 83 164 171
1719 81 83 168
1720 78 132 163
1721 76 240 160
1722 73 87 155
1723 97 191 194
1724 94 158 189
1725 92 96 186
1726 89 140 181
1727 87 135 178
1728 84 164 173
1729 82 83 170
1730 79 132 165
1731 77 240 162
1732 98 191 196
1733 95 158 191
1734 93 96 188
1735 90 140 183
1736 88 135 180
1737 85 164 175
1738 83 83 172
1739 80 132 167
1740 99 191 198
1741 96 158 193
1742 94 96 190
1743 91 140 185
1744 89 135 182
1745 86 164 177
1746 84 83 174
1747 100 191 200
1748 97 158 195
1749 95 96 192
1750 92 140 187
1751 90 135 184
1752 87 164 179
1753 101 191 202
1754 98 158 197
1755 96 96 194
1756 93 140 189
1757 91 135 186
1758 102 191 204
1759 99 158 199
1760 97 96 196
1761 94 140 191
1762 103 191 206
1763 100 158 201
1764 98 96 198
1765 104 191 208
1766 101 158 203
1767 105 191 210
1768 106 101 212
1769 102 259 205
1770 99 86 200
1771 95 132 193
1772 92 55 188
1773 88 115 181
1774 85 26 176
1775 81 150 169
1776 78 194 164
1777 74 47 157
1778 71 173 152
1779 67 27 145
1780 64 77 140
1781 60 161 133
1782 57 89 128
1783 53 210 121
1784 50 219 116
1785 46 171 109
1786 43 137 104
1787 107 101 214
1788 103 259 207
1789 100 86 202
1790 96 132 195
1791 93 55 190
1792 89 115 183
1793 86 26 178
1794 82 150 171
1795 79 194 166
1796 75 47 159
1797 72 173 154
1798 68 27 147
1799 65 77 142
1800 61 161 135
1801 58 89 130
1802 54 210 123
1803 51 219 118
1804 47 171 111
1805 108 101 216
1806 104 259 209
1807 101 86 204
1808 97 132 197
1809 94 55 192
1810 90 115 185
1811 87 26 180
1812 83 150 173
1813 80 194 168
1814 76 47 161
1815 73 173 156
1816 69 27 149
1817 66 77 144
1818 62 161 137
1819 59 89 132
1820 55 210 125
1821 52 219 120
1822 109 101 218
1823 105 259 211
1824 102 86 206
1825 98 132 199
1826 95 55 194
1827 91 115 187
1828 88 26 182
1829 84 150 175
1830 81 194 170
1831 77 47 163
1832 74 173 158
1833 70 27 151
1834 67 77 146
1835 63 161 139
1836 60 89 134
1837 56 210 127
1838 110 101 220
1839 106 259 213
1840 103 86 208
1841 99 132 201
1842 96 55 196
1843 92 115 189
1844 89 26 184
1845 85 150 177
1846 82 194 172
1847 78 47 165
1848 75 173 160
1849 71 27 153
1850 68 77 148
1851 64 161 141
1852 61 89 136
1853 111 101 222
1854 107 259 215
1855 104 86 210
1856 100 132 203
1857 97 55 198
1858 93 115 191
1859 90 26 186
1860 86 150 179
1861 83 194 174
1862 79 47 167
1863 76 173 162
1864 72 27 155
1865 69 77 150
1866 65 161 143
1867 112 101 224
1868 108 259 217
1869 105 86 212
1870 101 132 205
1871 98 55 200
1872 94 115 193
1873 91 26 188
1874 87 150 181
1875 84 194 176
1876 80 47 169
1877 77 173 164
1878 73 27 157
1879 70 77 152
1880 113 101 226
1881 109 259 219
1882 106 86 214
1883 102 132 207
1884 99 55 202
1885 95 115 195
1886 92 26 190
1887 88 150 183
1888 85 194 178
1889 81 47 171
1890 78 173 166
1891 74 27 159
1892 114 101 228
1893 110 259 221
1894 107 86 216
1895 103 132 209
1896 100 55 204
1897 96 115 197
1898 93 26 192
1899 89 150 185
1900 86 194 180
1901 82 47 173
1902 79 173 168
1903 115 101 230
1904 111 259 223
1905 108 86 218
1906 104 132 211
1907 101 55 206
1908 97 115 199
1909 94 26 194
1910 90 150 187
1911 87 194 182
1912 83 47 175
1913 116 101 232
1914 112 259 225
1915 109 86 220
1916 105 132 213
1917 102 55 208
1918 98 115 201
1919 95 26 196
1920 91 150 189
1921 88 194 184
1922 117 101 234
1923 113 259 227
1924 110 86 222
1925 106 132 215
1926 103 55 210
1927 99 115 203
1928 96 26 198
1929 92 150 191
1930 118 101 236
1931 114 259 229
1932 111 86 224
1933 107 132 217
1934 104 55 212
1935 100 115 205
1936 97 26 200
1937 119 101 238
1938 115 259 231
1939 112 86 226
1940 108 132 219
1941 105 55 214
1942 101 115 207
1943 120 101 240
1944 116 259 233
1945 113 86 228
1946 109 132 221
1947 106 55 216
1948 121 101 242
1949 117 259 235
1950 114 86 230
1951 110 132 223
1952 122 101 244
1953 118 259 237
1954 115 86 232
1955 123 101 246
1956 119 259 239
1957 124 101 248
1958 0 262 47
1959 1 4 47
1960 2 247 47
1961 3 64 47
1962 4 7 47
1963 5 235 47
1964 6 112 47
1965 7 78 47
1966 0 115 48
1967 1 167 48
1968 2 32 48
1969 3 116 48
1970 4 163 48
1971 5 221 48
1972 6 204 48
1973 7 207 48
1974 0 262 49
1975 0 262 50
1976 9 116 50
1977 0 1 51
1978 10 85 51
1979 0 262 52
1980 0 262 53
1981 0 262 54
1982 12 32 54
1983 0 1 55
1984 13 96 55
1985 0 262 56
1986 0 262 57
1987 0 262 58
1988 15 163 58
1989 0 1 59
1990 16 226 59
1991 0 262 60
1992 0 262 61
1993 0 262 62
1994 0 262 63
1995 0 262 64
1996 0 262 65
1997 1 262 49
1998 2 4 49
1999 3 247 49
2000 4 64 49
2001 5 7 49
2002 6 235 49
2003 7 112 49
2004 8 78 49
2005 1 115 50
2006 2 167 50
2007 3 32 50
2008 4 116 50
2009 5 163 50
2010 6 221 50
2011 7 204 50
2012 8 207 50
2013 1 262 51
2014 1 262 52
2015 10 116 52
2016 1 1 53
2017 11 85 53
2018 1 262 54
2019 1 262 55
2020 1 262 56
2021 13 32 56
2022 1 1 57
2023 14 96 57
2024 1 262 58
2025 1 262 59
2026 1 262 60
2027 16 163 60
2028 1 1 61
2029 17 226 61
2030 1 262 62
2031 1 262 63
2032 1 262 64
2033 19 181 64
2034 1 1 65
2035 2 262 51
2036 3 4 51
2037 4 247 51
2038 5 64 51
2039 6 7 51
2040 7 235 51
2041 8 112 51
2042 9 78 51
2043 2 115 52
2044 3 167 52
2045 4 32 52
2046 5 116 52
2047 6 163 52
2048 7 221 52
2049 8 204 52
2050 9 207 52
2051 2 262 53
2052 2 262 54
2053 11 116 54
2054 2 1 55
2055 12 85 55
2056 2 262 56
2057 2 262 57
2058 2 262 58
2059 14 32 58
2060 2 1 59
2061 15 96 59
2062 2 262 60
2063 2 262 61
2064 2 262 62
2065 17 163 62
2066 2 1 63
2067 18 226 63
2068 2 262 64
2069 2 262 65
2070 1 236 66
2071 2 1 66
2072 3 262 53
2073 4 4 53
2074 5 247 53
2075 6 64 53
2076 7 7 53
2077 8 235 53
2078 9 112 53
2079 10 78 53
2080 3 115 54
2081 4 167 54
2082 5 32 54
2083 6 116 54
2084 7 163 54
2085 8 221 54
2086 9 204 54
2087 10 207 54
2088 3 262 55
2089 3 262 56
2090 12 116 56
2091 3 1 57
2092 13 85 57
2093 3 262 58
2094 3 262 59
2095 3 262 60
2096 15 32 60
2097 3 1 61
2098 16 96 61
2099 3 262 62
2100 3 262 63
2101 3 262 64
2102 18 163 64
2103 3 1 65
2104 19 226 65
2105 3 262 66
2106 20 157 66
2107 3 1 67
2108 4 262 55
2109 5 4 55
2110 6 247 55
2111 7 64 55
2112 8 7 55
2113 9 235 55
2114 10 112 55
2115 11 78 55
2116 4 115 56
2117 5 167 56
2118 6 32 56
2119 7 116 56
2120 8 163 56
2121 9 221 56
2122 10 204 56
2123 11 207 56
2124 4 262 57
2125 4 262 58
2126 13 116 58
2127 4 1 59
2128 14 85 59
2129 4 262 60
2130 4 262 61
2131 4 262 62
2132 16 32 62
2133 4 1 63
2134 17 96 63
2135 4 262 64
2136 4 262 65
2137 0 101 66
2138 4 80 66
2139 19 33 66
2140 2 159 67
2141 4 1 67
2142 21 15 67
2143 5 262 57
2144 6 4 57
2145 7 247 57
2146 8 64 57
2147 9 7 57
2148 10 235 57
2149 11 112 57
2150 12 78 57
2151 5 115 58
2152 6 167 58
2153 7 32 58
2154 8 116 58
2155 9 163 58
2156 10 221 58
2157 11 204 58
2158 12 207 58
2159 5 262 59
2160 5 262 60
2161 14 116 60
2162 5 1 61
2163 15 85 61
2164 5 262 62
2165 5 262 63
2166 5 262 64
2167 17 32 64
2168 5 1 65
2169 18 96 65
2170 5 262 66
2171 0 115 67
2172 1 18 67
2173 5 262 67
2174 3 248 68
2175 4 220 68
2176 5 262 68
2177 6 262 59
2178 7 4 59
2179 8 247 59
2180 9 64 59
2181 10 7 59
2182 11 235 59
2183 12 112 59
2184 13 78 59
2185 6 115 60
2186 7 167 60
2187 8 32 60
2188 9 116 60
2189 10 163 60
2190 11 221 60
2191 12 204 60
2192 13 207 60
2193 6 262 61
2194 6 262 62
2195 15 116 62
2196 6 1 63
2197 16 85 63
2198 6 262 64
2199 6 262 65
2200 6 262 66
2201 18 32 66
2202 6 1 67
2203 19 96 67
2204 20 160 67
2205 1 191 68
2206 6 262 68
2207 21 24 68
2208 5 249 69
2209 6 262 69
2210 7 262 61
2211 8 4 61
2212 9 247 61
2213 10 64 61
2214 11 7 61
2215 12 235 61
2216 13 112 61
2217 14 78 61
2218 7 115 62
2219 8 167 62
2220 9 32 62
2221 10 116 62
2222 11 163 62
2223 12 221 62
2224 13 204 62
2225 14 207 62
2226 7 262 63
2227 7 262 64
2228 16 116 64
2229 7 1 65
2230 17 85 65
2231 7 262 66
2232 7 262 67
2233 0 234 68
2234 2 74 68
2235 7 246 68
2236 19 135 68
2237 20 51 68
2238 4 27 69
2239 7 1 69
2240 22 32 69
2241 7 262 70
2242 8 262 63
2243 9 4 63
2244 10 247 63
2245 11 64 63
2246 12 7 63
2247 13 235 63
2248 14 112 63
2249 15 78 63
2250 8 115 64
2251 9 167 64
2252 10 32 64
2253 11 116 64
2254 12 163 64
2255 13 221 64
2256 14 204 64
2257 15 207 64
2258 8 262 65
2259 8 262 66
2260 17 116 66
2261 8 1 67
2262 18 85 67
2263 8 262 68
2264 0 125 69
2265 1 84 69
2266 2 143 69
2267 3 144 69
2268 8 262 69
2269 5 53 70
2270 6 138 70
2271 8 262 70
2272 8 262 71
2273 9 262 65
2274 10 4 65
2275 11 247 65
2276 12 64 65
2277 13 7 65
2278 14 235 65
2279 15 112 65
2280 16 78 65
2281 9 115 66
2282 10 167 66
2283 11 32 66
2284 12 116 66
2285 13 163 66
2286 14 221 66
2287 15 204 66
2288 16 207 66
2289 9 262 67
2290 9 262 68
2291 18 116 68
2292 9 1 69
2293 19 85 69
2294 20 186 69
2295 21 135 69
2296 1 147 70
2297 3 138 70
2298 9 262 70
2299 22 178 70
2300 7 246 71
2301 9 262 71
2302 9 262 72
2303 10 262 67
2304 11 4 67
2305 12 247 67
2306 13 64 67
2307 14 7 67
2308 15 235 67
2309 16 112 67
2310 17 78 67
2311 10 115 68
2312 11 167 68
2313 12 32 68
2314 13 116 68
2315 14 163 68
2316 15 221 68
2317 16 204 68
2318 17 207 68
2319 10 262 69
2320 0 79 70
2321 2 60 70
2322 4 88 70
2323 10 250 70
2324 19 137 70
2325 20 188 70
2326 21 252 70
2327 6 48 71
2328 10 1 71
2329 23 9 71
2330 10 262 72
2331 24 225 72
2332 11 262 69
2333 12 4 69
2334 13 247 69
2335 14 64 69
2336 15 7 69
2337 16 235 69
2338 17 112 69
2339 18 78 69
2340 11 115 70
2341 12 167 70
2342 13 32 70
2343 14 116 70
2344 15 163 70
2345 16 221 70
2346 17 204 70
2347 18 207 70
2348 0 71 71
2349 1 16 71
2350 2 36 71
2351 3 108 71
2352 4 74 71
2353 5 121 71
2354 11 262 71
2355 7 35 72
2356 8 33 72
2357 11 262 72
2358 10 49 73
2359 11 1 73
2360 12 262 71
2361 13 4 71
2362 14 247 71
2363 15 64 71
2364 16 7 71
2365 17 235 71
2366 18 112 71
2367 19 78 71
2368 20 141 71
2369 21 48 71
2370 22 230 71
2371 0 173 72
2372 1 186 72
2373 2 120 72
2374 3 212 72
2375 4 89 72
2376 5 208 72
2377 6 107 72
2378 12 164 72
2379 13 17 72
2380 14 23 72
2381 15 250 72
2382 23 176 72
2383 9 102 73
2384 12 262 73
2385 11 91 74
2386 12 1 74
2387 16 156 72
2388 17 25 72
2389 18 244 72
2390 19 167 72
2391 20 31 72
2392 21 160 72
2393 22 223 72
2394 0 158 73
2395 1 47 73
2396 2 109 73
2397 3 100 73
2398 4 121 73
2399 5 83 73
2400 6 212 73
2401 7 54 73
2402 8 38 73
2403 13 191 73
2404 14 95 73
2405 15 4 73
2406 16 173 73
2407 24 31 73
2408 0 7 74
2409 1 15 74
2410 13 262 74
2411 25 152 74
2412 13 1 75
2413 17 125 73
2414 18 7 73
2415 19 74 73
2416 20 42 73
2417 21 208 73
2418 22 117 73
2419 23 14 73
2420 2 227 74
2421 3 14 74
2422 4 252 74
2423 5 14 74
2424 6 182 74
2425 7 111 74
2426 8 90 74
2427 9 261 74
2428 10 109 74
2429 14 3 74
2430 15 25 74
2431 16 214 74
2432 24 58 74
2433 0 102 75
2434 1 213 75
2435 12 50 75
2436 14 1 75
2437 26 217 75
2438 17 21 74
2439 18 204 74
2440 19 146 74
2441 21 175 74
2442 20 32 74
2443 22 60 74
2444 23 143 74
2445 2 185 75
2446 3 150 75
2447 4 110 75
2448 5 89 75
2449 6 172 75
2450 7 242 75
2451 8 241 75
2452 9 262 75
2453 10 57 75
2454 11 52 75
2455 15 118 75
2456 16 247 75
2457 17 255 75
2458 25 155 75
2459 13 59 76
2460 14 111 76
2461 15 262 76
2462 18 257 75
2463 19 169 75
2464 20 211 75
2465 21 41 75
2466 22 107 75
2467 23 186 75
2468 24 13 75
2469 0 192 76
2470 1 192 76
2471 2 241 76
2472 3 70 76
2473 4 2 76
2474 5 67 76
2475 6 4 76
2476 7 155 76
2477 8 112 76
2478 9 18 76
2479 10 134 76
2480 11 28 76
2481 16 262 76
2482 26 179 76
2483 15 73 77
2484 16 262 77
2485 12 50 76
2486 17 69 76
2487 18 163 76
2488 19 75 76
2489 20 162 76
2490 21 125 76
2491 22 248 76
2492 23 231 76
2493 24 142 76
2494 25 240 76
2495 0 157 77
2496 1 135 77
2497 2 79 77
2498 3 7 77
2499 4 210 77
2500 5 18 77
2501 6 179 77
2502 7 61 77
2503 14 68 77
2504 17 1 77
2505 27 251 77
2506 17 262 78
2507 8 66 77
2508 9 95 77
2509 10 86 77
2510 11 222 77
2511 12 29 77
2512 13 6 77
2513 18 34 77
2514 19 178 77
2515 20 215 77
2516 21 76 77
2517 22 258 77
2518 23 52 77
2519 24 190 77
2520 25 139 77
2521 26 84 77
2522 0 43 78
2523 1 142 78
2524 15 107 78
2525 16 151 78
2526 18 262 78
2527 18 262 79
2528 2 232 78
2529 3 35 78
2530 4 106 78
2531 5 164 78
2532 6 185 78
2533 7 190 78
2534 8 25 78
2535 9 261 78
2536 10 121 78
2537 11 125 78
2538 12 157 78
2539 13 120 78
2540 14 257 78
2541 19 91 78
2542 20 208 78
2543 21 186 78
2544 27 247 78
2545 17 193 79
2546 19 262 79
2547 19 262 80
2548 22 41 78
2549 23 134 78
2550 24 128 78
2551 25 73 78
2552 26 194 78
2553 0 220 79
2554 1 142 79
2555 2 58 79
2556 3 115 79
2557 4 142 79
2558 5 181 79
2559 6 86 79
2560 8 50 79
2561 9 180 79
2562 16 172 79
2563 20 1 79
2564 28 132 79
2565 20 262 80
2566 29 199 80
2567 10 3 79
2568 11 58 79
2569 12 160 79
2570 13 98 79
2571 14 210 79
2572 15 205 79
2573 21 138 79
2574 22 76 79
2575 23 199 79
2576 24 241 79
2577 25 116 79
2578 26 127 79
2579 27 90 79
2580 17 168 80
2581 18 122 80
2582 21 262 80
2583 20 78 81
2584 21 1 81
2585 0 227 80
2586 1 149 80
2587 2 246 80
2588 3 163 80
2589 4 216 80
2590 5 168 80
2591 11 143 80
2592 12 88 80
2593 13 157 80
2594 14 156 80
2595 15 34 80
2596 22 262 80
2597 28 53 80
2598 19 172 81
2599 22 262 81
2600 21 71 82
2601 22 1 82
2602 16 77 80
2603 23 146 80
2604 24 248 80
2605 25 153 80
2606 26 251 80
2607 27 161 80
2608 0 61 81
2609 1 33 81
2610 2 59 81
2611 3 27 81
2612 18 130 81
2613 23 1 81
2614 29 210 81
2615 23 262 82
2616 30 173 82
2617 23 1 83
2618 4 109 81
2619 14 74 81
2620 15 166 81
2621 16 232 81
2622 17 68 81
2623 24 77 81
2624 25 42 81
2625 26 225 81
2626 28 18 81
2627 19 130 82
2628 20 127 82
2629 24 262 82
2630 22 144 83
2631 24 1 83
2632 24 1 84
2633 27 55 81
2634 0 262 82
2635 1 119 82
2636 2 12 82
2637 3 134 82
2638 17 241 82
2639 18 187 82
2640 25 262 82
2641 29 106 82
2642 21 2 83
2643 25 262 83
2644 23 233 84
2645 25 1 84
2646 25 1 85
2647 26 194 82
2648 27 216 82
2649 28 219 82
2650 0 101 83
2651 1 167 83
2652 2 161 83
2653 20 202 83
2654 26 1 83
2655 30 223 83
2656 26 262 84
2657 31 229 84
2658 26 1 85
2659 32 80 85
2660 18 252 83
2661 19 144 83
2662 27 126 83
2663 28 39 83
2664 29 27 83
2665 21 42 84
2666 22 2 84
2667 27 262 84
2668 24 110 85
2669 27 1 85
2670 26 58 86
2671 27 262 86
2672 0 29 84
2673 1 130 84
2674 20 239 84
2675 28 262 84
2676 30 181 84
2677 23 175 85
2678 28 262 85
2679 25 237 86
2680 28 1 86
2681 27 156 87
2682 28 262 87
2683 29 237 84
2684 0 201 85
2685 22 150 85
2686 29 1 85
2687 31 253 85
2688 29 262 86
2689 32 119 86
2690 29 1 87
2691 33 57 87
2692 29 262 88
2693 30 262 85
2694 23 51 86
2695 24 43 86
2696 30 262 86
2697 26 229 87
2698 30 1 87
2699 28 164 88
2700 30 262 88
2701 30 262 89
2702 31 1 86
2703 25 52 87
2704 31 262 87
2705 27 253 88
2706 31 1 88
2707 29 22 89
2708 31 262 89
2709 31 262 90
2710 32 262 87
2711 32 262 88
2712 33 242 88
2713 32 1 89
2714 34 168 89
2715 32 262 90
2716 32 262 91
2717 28 247 89
2718 33 1 89
2719 30 3 90
2720 33 262 90
2721 33 262 91
2722 33 262 92
2723 34 1 90
2724 31 166 91
2725 34 262 91
2726 34 262 92
2727 36 261 92
2728 35 262 91
2729 35 262 92
2730 34 174 93
2731 35 1 93
2732 36 262 93
2733 35 99 94
2734 36 1 94
2735 37 1 94
2736 37 1 95
2737 38 1 96
2738 39 144 97
2739 38 72 97
2740 37 227 96
2741 36 18 95
2742 35 9 95
2743 34 127 94
2744 33 68 93
2745 32 229 92
2746 31 246 92
2747 30 140 91
2748 29 193 90
2749 28 228 90
2750 27 149 89
2751 26 57 88
2752 25 160 88
2753 24 183 87
2754 23 223 87
2755 22 20 86
2756 21 253 85
2757 20 258 85
2758 19 134 84
2759 18 67 84
2760 17 98 83
2761 16 214 82
2762 15 107 82
2763 14 185 82
2764 13 39 81
2765 12 151 81
2766 11 207 81
2767 10 28 80
2768 9 14 80
2769 8 7 80
2770 7 128 79
2771 40 144 99
2772 39 191 98
2773 38 227 98
2774 37 18 97
2775 36 254 96
2776 35 127 96
2777 34 68 95
2778 33 229 94
2779 32 17 93
2780 31 140 93
2781 30 193 92
2782 29 35 91
2783 28 149 91
2784 27 57 90
2785 26 103 89
2786 25 183 89
2787 24 40 88
2788 23 20 88
2789 22 253 87
2790 21 5 86
2791 20 134 86
2792 19 196 85
2793 18 98 85
2794 17 214 84
2795 16 156 83
2796 15 78 83
2797 14 39 83
2798 13 112 82
2799 12 56 82
2800 11 28 82
2801 10 249 81
2802 9 256 81
2803 41 144 101
2804 40 191 100
2805 39 36 99
2806 38 18 99
2807 37 254 98
2808 36 136 97
2809 35 68 97
2810 34 229 96
2811 33 17 95
2812 32 123 94
2813 31 193 94
2814 30 35 93
2815 29 114 92
2816 28 57 92
2817 27 103 91
2818 26 80 90
2819 25 40 90
2820 24 243 89
2821 23 253 89
2822 22 5 88
2823 21 129 87
2824 20 196 87
2825 19 165 86
2826 18 214 86
2827 17 156 85
2828 16 185 84
2829 15 224 84
2830 14 112 84
2831 13 207 83
2832 12 235 83
2833 11 249 83
2834 42 144 103
2835 41 191 102
2836 40 36 101
2837 39 245 100
2838 38 254 100
2839 37 136 99
2840 36 195 98
2841 35 229 98
2842 34 17 97
2843 33 123 96
2844 32 70 95
2845 31 35 95
2846 30 114 94
2847 29 206 93
2848 28 103 93
2849 27 80 92
2850 26 223 91
2851 25 243 91
2852 24 10 90
2853 23 5 90
2854 22 129 89
2855 21 67 88
2856 20 165 88
2857 19 49 87
2858 18 156 87
2859 17 185 86
2860 16 39 85
2861 15 151 85
2862 14 207 85
2863 13 28 84
2864 43 144 105
2865 42 191 104
2866 41 36 103
2867 40 245 102
2868 39 9 101
2869 38 136 101
2870 37 195 100
2871 36 34 99
2872 35 17 99
2873 34 123 98
2874 33 70 97
2875 32 228 96
2876 31 114 96
2877 30 206 95
2878 29 160 94
2879 28 80 94
2880 27 223 93
2881 26 20 92
2882 25 10 92
2883 24 258 91
2884 23 129 91
2885 22 67 90
2886 21 98 89
2887 20 49 89
2888 19 107 88
2889 18 185 88
2890 17 39 87
2891 16 112 86
2892 15 56 86
2893 44 119 106
2894 43 191 106
2895 42 36 105
2896 41 245 104
2897 40 9 103
2898 39 127 102
2899 38 195 102
2900 37 34 101
2901 36 246 100
2902 35 123 100
2903 34 70 99
2904 33 228 98
2905 32 149 97
2906 31 206 97
2907 30 160 96
2908 29 183 95
2909 28 223 95
2910 27 20 94
2911 26 253 93
2912 25 258 93
2913 24 134 92
2914 23 67 92
2915 22 98 91
2916 21 214 90
2917 20 107 90
2918 19 78 89
2919 18 39 89
2920 17 112 88
2921 45 119 108
2922 44 72 107
2923 43 36 107
2924 42 245 106
2925 41 9 105
2926 40 127 104
2927 39 68 103
2928 38 34 103
2929 37 246 102
2930 36 140 101
2931 35 70 101
2932 34 228 100
2933 33 149 99
2934 32 57 98
2935 31 160 98
2936 30 183 97
2937 29 40 96
2938 28 20 96
2939 27 253 95
2940 26 5 94
2941 25 134 94
2942 24 196 93
2943 23 98 93
2944 22 214 92
2945 21 156 91
2946 20 78 91
2947 19 224 90
2948 46 119 110
2949 45 72 109
2950 44 227 108
2951 43 245 108
2952 42 9 107
2953 41 127 106
2954 40 68 105
2955 39 229 104
2956 38 246 104
2957 37 140 103
2958 36 193 102
2959 35 228 102
2960 34 149 101
2961 33 57 100
2962 32 103 99
2963 31 183 99
2964 30 40 98
2965 29 243 97
2966 28 253 97
2967 27 5 96
2968 26 129 95
2969 25 196 95
2970 24 165 94
2971 23 214 94
2972 22 156 93
2973 21 185 92
2974 47 119 112
2975 46 72 111
2976 45 227 110
2977 44 18 109
2978 43 9 109
2979 42 127 108
2980 41 68 107
2981 40 229 106
2982 39 17 105
2983 38 140 105
2984 37 193 104
2985 36 35 103
2986 35 149 103
2987 34 57 102
2988 33 103 101
2989 32 80 100
2990 31 40 100
2991 30 243 99
2992 29 10 98
2993 28 5 98
2994 27 129 97
2995 26 67 96
2996 25 165 96
2997 24 49 95
2998 23 156 95
2999 48 144 113
3000 47 72 113
3001 46 227 112
3002 45 18 111
3003 44 254 110
3004 43 127 110
3005 42 68 109
3006 41 229 108
3007 40 17 107
3008 39 123 106
3009 38 193 106
3010 37 35 105
3011 36 114 104
3012 35 57 104
3013 34 103 103
3014 33 80 102
3015 32 223 101
3016 31 243 101
3017 30 10 100
3018 29 258 99
3019 28 129 99
3020 27 67 98
3021 26 98 97
3022 25 49 97
3023 49 144 115
3024 48 191 114
3025 47 227 114
3026 46 18 113
3027 45 254 112
3028 44 136 111
3029 43 68 111
3030 42 229 110
3031 41 17 109
3032 40 123 108
3033 39 70 107
3034 38 35 107
3035 37 114 106
3036 36 206 105
3037 35 103 105
3038 34 80 104
3039 33 223 103
3040 32 20 102
3041 31 10 102
3042 30 258 101
3043 29 134 100
3044 28 67 100
3045 27 98 99
3046 50 144 117
3047 49 191 116
3048 48 36 115
3049 47 18 115
3050 46 254 114
3051 45 136 113
3052 44 195 112
3053 43 229 112
3054 42 17 111
3055 41 123 110
3056 40 70 109
3057 39 228 108
3058 38 114 108
3059 37 206 107
3060 36 160 106
3061 35 80 106
3062 34 223 105
3063 33 20 104
3064 32 253 103
3065 31 258 103
3066 30 134 102
3067 29 196 101
3068 51 144 119
3069 50 191 118
3070 49 36 117
3071 48 245 116
3072 47 254 116
3073 46 136 115
3074 45 195 114
3075 44 34 113
3076 43 17 113
3077 42 123 112
3078 41 70 111
3079 40 228 110
3080 39 149 109
3081 38 206 109
3082 37 160 108
3083 36 183 107
3084 35 223 107
3085 34 20 106
3086 33 253 105
3087 32 5 104
3088 31 134 104
3089 52 144 121
3090 51 191 120
3091 50 36 119
3092 49 245 118
3093 48 9 117
3094 47 136 117
3095 46 195 116
3096 45 34 115
3097 44 246 114
3098 43 123 114
3099 42 70 113
3100 41 228 112
3101 40 149 111
3102 39 57 110
3103 38 160 110
3104 37 183 109
3105 36 40 108
3106 35 20 108
3107 34 253 107
3108 33 5 106
3109 53 119 122
3110 52 191 122
3111 51 36 121
3112 50 245 120
3113 49 9 119
3114 48 127 118
3115 47 195 118
3116 46 34 117
3117 45 246 116
3118 44 140 115
3119 43 70 115
3120 42 228 114
3121 41 149 113
3122 40 57 112
3123 39 103 111
3124 38 183 111
3125 37 40 110
3126 36 243 109
3127 35 253 109
3128 54 119 124
3129 53 72 123
3130 52 36 123
3131 51 245 122
3132 50 9 121
3133 49 127 120
3134 48 68 119
3135 47 34 119
3136 46 246 118
3137 45 140 117
3138 44 193 116
3139 43 228 116
3140 42 149 115
3141 41 57 114
3142 40 103 113
3143 39 80 112
3144 38 40 112
3145 37 243 111
3146 55 119 126
3147 54 72 125
3148 53 227 124
3149 52 245 124
3150 51 9 123
3151 50 127 122
3152 49 68 121
3153 48 229 120
3154 47 246 120
3155 46 140 119
3156 45 193 118
3157 44 35 117
3158 43 149 117
3159 42 57 116
3160 41 103 115
3161 40 80 114
3162 39 223 113
3163 56 119 128
3164 55 72 127
3165 54 227 126
3166 53 18 125
3167 52 9 125
3168 51 127 124
3169 50 68 123
3170 49 229 122
3171 48 17 121
3172 47 140 121
3173 46 193 120
3174 45 35 119
3175 44 114 118
3176 43 57 118
3177 42 103 117
3178 41 80 116
3179 57 144 129
3180 56 72 129
3181 55 227 128
3182 54 18 127
3183 53 254 126
3184 52 127 126
3185 51 68 125
3186 50 229 124
3187 49 17 123
3188 48 123 122
3189 47 193 122
3190 46 35 121
3191 45 114 120
3192 44 206 119
3193 43 103 119
3194 58 144 131
3195 57 191 130
3196 56 227 130
3197 55 18 129
3198 54 254 128
3199 53 136 127
3200 52 68 127
3201 51 229 126
3202 50 17 125
3203 49 123 124
3204 48 70 123
3205 47 35 123
3206 46 114 122
3207 45 206 121
3208 59 144 133
3209 58 191 132
3210 57 36 131
3211 56 18 131
3212 55 254 130
3213 54 136 129
3214 53 195 128
3215 52 229 128
3216 51 17 127
3217 50 123 126
3218 49 70 125
3219 48 228 124
3220 47 114 124
3221 60 144 135
3222 59 191 134
3223 58 36 133
3224 57 245 132
3225 56 254 132
3226 55 136 131
3227 54 195 130
3228 53 34 129
3229 52 17 129
3230 51 123 128
3231 50 70 127
3232 49 228 126
3233 61 144 137
3234 60 191 136
3235 59 36 135
3236 58 245 134
3237 57 9 133
3238 56 136 133
3239 55 195 132
3240 54 34 131
3241 53 246 130
3242 52 123 130
3243 51 70 129
3244 62 119 138
3245 61 191 138
3246 60 36 137
3247 59 245 136
3248 58 9 135
3249 57 127 134
3250 56 195 134
3251 55 34 133
3252 54 246 132
3253 53 140 131
3254 63 119 140
3255 62 72 139
3256 61 36 139
3257 60 245 138
3258 59 9 137
3259 58 127 136
3260 57 68 135
3261 56 34 135
3262 55 246 134
3263 64 119 142
3264 63 72 141
3265 62 227 140
3266 61 245 140
3267 60 9 139
3268 59 127 138
3269 58 68 137
3270 57 229 136
3271 65 119 144
3272 64 72 143
3273 63 227 142
3274 62 18 141
3275 61 9 141
3276 60 127 140
3277 59 68 139
3278 66 144 145
3279 65 72 145
3280 64 227 144
3281 63 18 143
3282 62 254 142
3283 61 127 142
3284 67 144 147
3285 66 191 146
3286 65 227 146
3287 64 18 145
3288 63 254 144
3289 68 144 149
3290 67 191 148
3291 66 36 147
3292 65 18 147
3293 69 144 151
3294 68 191 150
3295 67 36 149
3296 70 144 153
3297 69 191 152
3298 71 119 154
3299 72 43 156
3300 70 53 154
3301 68 57 151
3302 66 101 148
3303 64 204 146
3304 62 140 143
3305 60 38 141
3306 58 155 138
3307 56 136 136
3308 54 181 133
3309 52 113 131
3310 50 191 128
3311 48 260 125
3312 46 33 123
3313 44 100 120
3314 42 215 118
3315 40 261 115
3316 38 22 113
3317 36 242 110
3318 34 231 108
3319 32 174 105
3320 30 190 103
3321 28 14 101
3322 26 154 98
3323 24 147 96
3324 22 224 94
3325 20 166 92
3326 18 15 90
3327 73 43 158
3328 71 210 155
3329 69 57 153
3330 67 101 150
3331 65 204 148
3332 63 140 145
3333 61 38 143
3334 59 155 140
3335 57 127 137
3336 55 181 135
3337 53 150 132
3338 51 191 130
3339 49 260 127
3340 47 33 125
3341 45 100 122
3342 43 215 120
3343 41 261 117
3344 39 241 114
3345 37 242 112
3346 35 231 110
3347 33 174 107
3348 31 190 105
3349 29 249 102
3350 27 154 100
3351 25 147 98
3352 23 224 96
3353 21 97 93
3354 74 43 160
3355 72 210 157
3356 70 57 155
3357 68 101 152
3358 66 59 149
3359 64 140 147
3360 62 225 144
3361 60 155 142
3362 58 127 139
3363 56 181 137
3364 54 150 134
3365 52 191 132
3366 50 260 129
3367 48 230 126
3368 46 100 124
3369 44 48 121
3370 42 261 119
3371 40 241 116
3372 38 242 114
3373 36 32 111
3374 34 174 109
3375 32 73 106
3376 30 249 104
3377 28 154 102
3378 26 116 99
3379 24 39 97
3380 75 220 161
3381 73 210 159
3382 71 206 156
3383 69 101 154
3384 67 59 151
3385 65 140 149
3386 63 225 146
3387 61 155 144
3388 59 127 141
3389 57 82 138
3390 55 150 136
3391 53 72 133
3392 51 260 131
3393 49 230 128
3394 47 100 126
3395 45 48 123
3396 43 261 121
3397 41 241 118
3398 39 21 115
3399 37 32 113
3400 35 174 111
3401 33 73 108
3402 31 249 106
3403 29 109 103
3404 27 116 101
3405 76 220 163
3406 74 210 161
3407 72 206 158
3408 70 101 156
3409 68 59 153
3410 66 123 150
3411 64 225 148
3412 62 108 145
3413 60 127 143
3414 58 82 140
3415 56 150 138
3416 54 72 135
3417 52 260 133
3418 50 230 130
3419 48 163 127
3420 46 48 125
3421 44 2 122
3422 42 241 120
3423 40 21 117
3424 38 32 115
3425 36 89 112
3426 34 73 110
3427 32 14 107
3428 30 109 105
3429 77 220 165
3430 75 53 162
3431 73 206 160
3432 71 162 157
3433 69 59 155
3434 67 123 152
3435 65 225 150
3436 63 108 147
3437 61 127 145
3438 59 82 142
3439 57 113 139
3440 55 72 137
3441 53 3 134
3442 51 230 132
3443 49 163 129
3444 47 48 127
3445 45 2 124
3446 43 241 122
3447 41 21 119
3448 39 231 116
3449 37 89 114
3450 35 73 112
3451 33 14 109
3452 78 220 167
3453 76 53 164
3454 74 206 162
3455 72 162 159
3456 70 59 157
3457 68 123 154
3458 66 38 151
3459 64 108 149
3460 62 136 146
3461 60 82 144
3462 58 113 141
3463 56 72 139
3464 54 3 136
3465 52 230 134
3466 50 163 131
3467 48 215 128
3468 46 2 126
3469 44 22 123
3470 42 21 121
3471 40 231 118
3472 38 89 116
3473 36 190 113
3474 79 220 169
3475 77 53 166
3476 75 57 163
3477 73 162 161
3478 71 204 158
3479 69 123 156
3480 67 38 153
3481 65 108 151
3482 63 136 148
3483 61 82 146
3484 59 113 143
3485 57 191 140
3486 55 3 138
3487 53 33 135
3488 51 163 133
3489 49 215 130
3490 47 2 128
3491 45 22 125
3492 43 21 123
3493 41 231 120
3494 39 174 117
3495 80 43 170
3496 78 53 168
3497 76 57 165
3498 74 162 163
3499 72 204 160
3500 70 123 158
3501 68 38 155
3502 66 155 152
3503 64 136 150
3504 62 181 147
3505 60 113 145
3506 58 191 142
3507 56 3 140
3508 54 33 137
3509 52 163 135
3510 50 215 132
3511 48 261 129
3512 46 22 127
3513 44 242 124
3514 42 231 122
3515 81 43 172
3516 79 53 170
3517 77 57 167
3518 75 101 164
3519 73 204 162
3520 71 140 159
3521 69 38 157
3522 67 155 154
3523 65 136 152
3524 63 181 149
3525 61 113 147
3526 59 191 144
3527 57 260 141
3528 55 33 139
3529 53 100 136
3530 51 215 134
3531 49 261 131
3532 47 22 129
3533 45 242 126
3534 82 43 174
3535 80 210 171
3536 78 57 169
3537 76 101 166
3538 74 204 164
3539 72 140 161
3540 70 38 159
3541 68 155 156
3542 66 127 153
3543 64 181 151
3544 62 150 148
3545 60 191 146
3546 58 260 143
3547 56 33 141
3548 54 100 138
3549 52 215 136
3550 50 261 133
3551 48 241 130
3552 83 43 176
3553 81 210 173
3554 79 57 171
3555 77 101 168
3556 75 59 165
3557 73 140 163
3558 71 225 160
3559 69 155 158
3560 67 127 155
3561 65 181 153
3562 63 150 150
3563 61 191 148
3564 59 260 145
3565 57 230 142
3566 55 100 140
3567 53 48 137
3568 51 261 135
3569 84 220 177
3570 82 210 175
3571 80 206 172
3572 78 101 170
3573 76 59 167
3574 74 140 165
3575 72 225 162
3576 70 155 160
3577 68 127 157
3578 66 82 154
3579 64 150 152
3580 62 72 149
3581 60 260 147
3582 58 230 144
3583 56 100 142
3584 54 48 139
3585 85 220 179
3586 83 210 177
3587 81 206 174
3588 79 101 172
3589 77 59 169
3590 75 123 166
3591 73 225 164
3592 71 108 161
3593 69 127 159
3594 67 82 156
3595 65 150 154
3596 63 72 151
3597 61 260 149
3598 59 230 146
3599 57 163 143
3600 86 220 181
3601 84 53 178
3602 82 206 176
3603 80 162 173
3604 78 59 171
3605 76 123 168
3606 74 225 166
3607 72 108 163
3608 70 127 161
3609 68 82 158
3610 66 113 155
3611 64 72 153
3612 62 3 150
3613 60 230 148
3614 87 220 183
3615 85 53 180
3616 83 206 178
3617 81 162 175
3618 79 59 173
3619 77 123 170
3620 75 38 167
3621 73 108 165
3622 71 136 162
3623 69 82 160
3624 67 113 157
3625 65 72 155
3626 63 3 152
3627 88 220 185
3628 86 53 182
3629 84 57 179
3630 82 162 177
3631 80 204 174
3632 78 123 172
3633 76 38 169
3634 74 108 167
3635 72 136 164
3636 70 82 162
3637 68 113 159
3638 66 191 156
3639 89 43 186
3640 87 53 184
3641 85 57 181
3642 83 162 179
3643 81 204 176
3644 79 123 174
3645 77 38 171
3646 75 155 168
3647 73 136 166
3648 71 181 163
3649 69 113 161
3650 90 43 188
3651 88 53 186
3652 86 57 183
3653 84 101 180
3654 82 204 178
3655 80 140 175
3656 78 38 173
3657 76 155 170
3658 74 136 168
3659 72 181 165
3660 91 43 190
3661 89 210 187
3662 87 57 185
3663 85 101 182
3664 83 204 180
3665 81 140 177
3666 79 38 175
3667 77 155 172
3668 75 127 169
3669 92 43 192
3670 90 210 189
3671 88 57 187
3672 86 101 184
3673 84 59 181
3674 82 140 179
3675 80 225 176
3676 78 155 174
3677 93 220 193
3678 91 210 191
3679 89 206 188
3680 87 101 186
3681 85 59 183
3682 83 140 181
3683 81 225 178
3684 94 220 195
3685 92 210 193
3686 90 206 190
3687 88 101 188
3688 86 59 185
3689 84 123 182
3690 95 220 197
3691 93 53 194
3692 91 206 192
3693 89 162 189
3694 87 59 187
3695 96 220 199
3696 94 53 196
3697 92 206 194
3698 90 162 191
3699 97 220 201
3700 95 53 198
3701 93 57 195
3702 98 43 202
3703 96 53 200
3704 99 43 204
3705 100 202 206
3706 97 39 202
3707 94 12 197
3708 91 57 193
3709 88 205 189
3710 85 144 184
3711 82 158 180
3712 79 93 176
3713 76 150 171
3714 73 55 167
3715 70 64 163
3716 67 222 158
3717 64 134 154
3718 61 242 150
3719 58 34 145
3720 55 30 141
3721 52 11 137
3722 49 145 132
3723 46 97 128
3724 43 132 124
3725 40 162 119
3726 37 112 115
3727 34 6 111
3728 31 160 107
3729 28 234 103
3730 101 202 208
3731 98 224 203
3732 95 12 199
3733 92 57 195
3734 89 58 190
3735 86 144 186
3736 83 158 182
3737 80 170 177
3738 77 150 173
3739 74 55 169
3740 71 199 164
3741 68 222 160
3742 65 134 156
3743 62 21 151
3744 59 34 147
3745 56 30 143
3746 53 252 138
3747 50 145 134
3748 47 97 130
3749 44 131 125
3750 41 162 121
3751 38 112 117
3752 35 6 113
3753 32 103 108
3754 102 61 209
3755 99 224 205
3756 96 12 201
3757 93 206 196
3758 90 58 192
3759 87 144 188
3760 84 105 183
3761 81 170 179
3762 78 150 175
3763 75 208 170
3764 72 199 166
3765 69 222 162
3766 66 129 157
3767 63 21 153
3768 60 34 149
3769 57 233 144
3770 54 252 140
3771 51 145 136
3772 48 166 131
3773 45 131 127
3774 42 162 123
3775 39 151 118
3776 36 257 114
3777 103 61 211
3778 100 224 207
3779 97 12 203
3780 94 206 198
3781 91 58 194
3782 88 144 190
3783 85 105 185
3784 82 170 181
3785 79 150 177
3786 76 208 172
3787 73 199 168
3788 70 222 164
3789 67 129 159
3790 64 21 155
3791 61 34 151
3792 58 233 146
3793 55 252 142
3794 52 145 138
3795 49 166 133
3796 46 131 129
3797 43 162 125
3798 40 151 120
3799 104 61 213
3800 101 224 209
3801 98 251 204
3802 95 206 200
3803 92 58 196
3804 89 119 191
3805 86 105 187
3806 83 170 183
3807 80 113 178
3808 77 208 174
3809 74 199 170
3810 71 41 165
3811 68 129 161
3812 65 21 157
3813 62 229 152
3814 59 233 148
3815 56 252 144
3816 53 118 139
3817 50 166 135
3818 47 131 131
3819 44 101 126
3820 105 61 215
3821 102 39 210
3822 99 251 206
3823 96 206 202
3824 93 205 197
3825 90 119 193
3826 87 105 189
3827 84 93 184
3828 81 113 180
3829 78 208 176
3830 75 64 171
3831 72 41 167
3832 69 129 163
3833 66 242 158
3834 63 229 154
3835 60 233 150
3836 57 11 145
3837 54 118 141
3838 51 166 137
3839 48 132 132
3840 106 61 217
3841 103 39 212
3842 100 251 208
3843 97 206 204
3844 94 205 199
3845 91 119 195
3846 88 105 191
3847 85 93 186
3848 82 113 182
3849 79 208 178
3850 76 64 173
3851 73 41 169
3852 70 129 165
3853 67 242 160
3854 64 229 156
3855 61 233 152
3856 58 11 147
3857 55 118 143
3858 52 166 139
3859 107 202 218
3860 104 39 214
3861 101 251 210
3862 98 57 205
3863 95 205 201
3864 92 119 197
3865 89 158 192
3866 86 93 188
3867 83 113 184
3868 80 55 179
3869 77 64 175
3870 74 41 171
3871 71 134 166
3872 68 242 162
3873 65 229 158
3874 62 30 153
3875 59 11 149
3876 56 118 145
3877 108 202 220
3878 105 39 216
3879 102 12 211
3880 99 57 207
3881 96 205 203
3882 93 144 198
3883 90 158 194
3884 87 93 190
3885 84 150 185
3886 81 55 181
3887 78 64 177
3888 75 222 172
3889 72 134 168
3890 69 242 164
3891 66 34 159
3892 63 30 155
3893 60 11 151
3894 109 202 222
3895 106 39 218
3896 103 12 213
3897 100 57 209
3898 97 205 205
3899 94 144 200
3900 91 158 196
3901 88 93 192
3902 85 150 187
3903 82 55 183
3904 79 64 179
3905 76 222 174
3906 73 134 170
3907 70 242 166
3908 67 34 161
3909 64 30 157
3910 110 202 224
3911 107 224 219
3912 104 12 215
3913 101 57 211
3914 98 58 206
3915 95 144 202
3916 92 158 198
3917 89 170 193
3918 86 150 189
3919 83 55 185
3920 80 199 180
3921 77 222 176
3922 74 134 172
3923 71 21 167
3924 68 34 163
3925 111 61 225
3926 108 224 221
3927 105 12 217
3928 102 206 212
3929 99 58 208
3930 96 144 204
3931 93 105 199
3932 90 170 195
3933 87 150 191
3934 84 208 186
3935 81 199 182
3936 78 222 178
3937 75 129 173
3938 72 21 169
3939 112 61 227
3940 109 224 223
3941 106 12 219
3942 103 206 214
3943 100 58 210
3944 97 144 206
3945 94 105 201
3946 91 170 197
3947 88 150 193
3948 85 208 188
3949 82 199 184
3950 79 222 180
3951 76 129 175
3952 113 61 229
3953 110 224 225
3954 107 251 220
3955 104 206 216
3956 101 58 212
3957 98 119 207
3958 95 105 203
3959 92 170 199
3960 89 113 194
3961 86 208 190
3962 83 199 186
3963 80 41 181
3964 114 61 231
3965 111 39 226
3966 108 251 222
3967 105 206 218
3968 102 205 213
3969 99 119 209
3970 96 105 205
3971 93 93 200
3972 90 113 196
3973 87 208 192
3974 84 64 187
3975 115 61 233
3976 112 39 228
3977 109 251 224
3978 106 206 220
3979 103 205 215
3980 100 119 211
3981 97 105 207
3982 94 93 202
3983 91 113 198
3984 88 208 194
3985 116 202 234
3986 113 39 230
3987 110 251 226
3988 107 57 221
3989 104 205 217
3990 101 119 213
3991 98 158 208
3992 95 93 204
3993 92 113 200
3994 117 202 236
3995 114 39 232
3996 111 12 227
3997 108 57 223
3998 105 205 219
3999 102 144 214
4000 99 158 210
4001 96 93 206
4002 118 202 238
4003 115 39 234
4004 112 12 229
4005 109 57 225
4006 106 205 221
4007 103 144 216
4008 100 158 212
4009 119 202 240
4010 116 224 235
4011 113 12 231
4012 110 57 227
4013 107 58 222
4014 104 144 218
4015 120 61 241
4016 117 224 237
4017 114 12 233
4018 111 206 228
4019 108 58 224
4020 121 61 243
4021 118 224 239
4022 115 12 235
4023 112 206 230
4024 122 61 245
4025 119 224 241
4026 116 251 236
4027 123 61 247
4028 120 39 242
4029 124 61 249
4030 6 9 80
4031 5 36 81
4032 7 246 80
4033 6 195 81
4034 7 193 81
4035 4 236 82
4036 5 82 82
4037 3 36 83
4038 4 70 83
4039 2 218 84
4040 3 207 84
4041 1 54 85
4042 2 222 85
4043 0 200 86
4044 1 223 86
4045 0 68 87
4046 0 68 88
4047 0 68 89
4048 0 68 90
4049 0 68 91
4050 0 68 92
4051 0 68 93
4052 0 68 94
4053 0 68 95
4054 0 68 96
4055 0 68 97
4056 0 68 98
4057 0 68 99
4058 0 68 100
4059 0 68 101
4060 0 68 102
4061 0 68 103
4062 0 68 104
4063 8 177 81
4064 6 227 82
4065 7 195 82
4066 9 159 82
4067 8 70 82
4068 5 146 83
4069 6 183 83
4070 7 245 83
4071 4 86 84
4072 5 148 84
4073 3 41 85
4074 4 118 85
4075 2 95 86
4076 3 62 86
4077 1 32 87
4078 2 69 87
4079 1 34 88
4080 1 34 89
4081 1 34 90
4082 1 34 91
4083 1 34 92
4084 1 34 93
4085 1 34 94
4086 1 34 95
4087 1 34 96
4088 1 34 97
4089 1 34 98
4090 1 34 99
4091 1 34 100
4092 1 34 101
4093 1 34 102
4094 10 62 82
4095 8 81 83
4096 9 153 83
4097 6 183 84
4098 10 237 83
4099 7 179 84
4100 8 208 84
4101 5 23 85
4102 9 8 84
4103 6 220 85
4104 7 76 85
4105 4 118 86
4106 5 76 86
4107 3 213 87
4108 4 10 87
4109 2 245 88
4110 3 57 88
4111 2 17 89
4112 2 17 90
4113 2 17 91
4114 2 17 92
4115 2 17 93
4116 2 17 94
4117 2 17 95
4118 2 17 96
4119 2 17 97
4120 2 17 98
4121 2 17 99
4122 2 17 100
4123 10 248 84
4124 12 8 84
4125 11 116 84
4126 8 180 85
4127 9 200 85
4128 10 55 85
4129 11 138 85
4130 6 256 86
4131 7 258 86
4132 8 234 86
4133 9 133 86
4134 5 221 87
4135 6 73 87
4136 7 155 87
4137 4 255 88
4138 5 180 88
4139 3 237 89
4140 4 197 89
4141 3 140 90
4142 3 140 91
4143 3 140 92
4144 3 140 93
4145 3 140 94
4146 3 140 95
4147 3 140 96
4148 3 140 97
4149 3 140 98
4150 12 231 85
4151 10 60 86
4152 13 2 85
4153 11 62 86
4154 12 234 86
4155 8 19 87
4156 13 84 86
4157 9 101 87
4158 10 236 87
4159 6 127 88
4160 11 161 87
4161 7 12 88
4162 8 190 88
4163 5 33 89
4164 9 107 88
4165 6 184 89
4166 7 34 89
4167 4 110 90
4168 5 188 90
4169 4 70 91
4170 4 70 92
4171 4 70 93
4172 4 70 94
4173 4 70 95
4174 4 70 96
4175 14 72 86
4176 12 128 87
4177 13 8 87
4178 15 136 87
4179 14 131 87
4180 10 23 88
4181 11 7 88
4182 12 201 88
4183 13 162 88
4184 8 43 89
4185 9 118 89
4186 10 203 89
4187 11 158 89
4188 6 231 90
4189 7 240 90
4190 8 17 90
4191 9 46 90
4192 5 195 91
4193 6 7 91
4194 7 183 91
4195 5 35 92
4196 5 35 93
4197 5 35 94
4198 16 101 87
4199 14 238 88
4200 15 245 88
4201 12 226 89
4202 16 34 88
4203 13 211 89
4204 14 254 89
4205 10 187 90
4206 15 30 89
4207 11 136 90
4208 12 218 90
4209 8 182 91
4210 13 39 90
4211 9 85 91
4212 10 193 91
4213 6 4 92
4214 11 28 91
4215 7 90 92
4216 8 107 92
4217 6 43 93
4218 9 172 92
4219 16 141 89
4220 14 163 90
4221 17 172 89
4222 15 72 90
4223 16 136 90
4224 12 56 91
4225 17 123 90
4226 13 7 91
4227 14 45 91
4228 19 171 91
4229 15 170 91
4230 10 248 92
4231 11 151 92
4232 12 259 92
4233 13 260 92
4234 7 57 93
4235 8 224 93
4236 9 193 93
4237 10 204 93
4238 16 38 91
4239 14 126 92
4240 17 162 91
4241 15 25 92
4242 18 220 91
4243 16 245 92
4244 17 229 92
4245 11 192 93
4246 18 35 92
4247 12 52 93
4248 13 144 93
4249 20 23 93
4250 14 21 93
4251 6 38 94
4252 7 51 94
4253 8 150 94
4254 9 254 94
4255 19 156 92
4256 15 72 93
4257 17 122 93
4258 10 164 94
4259 18 91 93
4260 11 227 94
4261 19 208 93
4262 12 47 94
4263 13 259 94
4264 14 183 94
4265 18 30 94
4266 5 168 95
4267 21 143 94
4268 6 192 95
4269 7 33 95
4270 19 98 94
4271 8 40 95
4272 20 224 94
4273 9 90 95
4274 10 24 95
4275 11 115 95
4276 12 216 95
4277 5 230 96
4278 20 211 95
4279 6 109 96
4280 21 69 95
4281 7 118 96
4282 8 98 96
4283 22 167 95
4284 9 228 96
4285 10 25 96
4286 4 56 97
4287 11 86 96
4288 5 65 97
4289 22 135 96
4290 6 22 97
4291 7 67 97
4292 4 1 98
4293 8 113 97
4294 9 228 97
4295 5 185 98
4296 23 24 97
4297 6 68 98
4298 7 96 98
4299 24 133 98
4300 8 128 98
4301 3 247 99
4302 23 32 98
4303 4 172 99
4304 25 123 99
4305 5 106 99
4306 3 228 100
4307 6 173 99
4308 4 108 100
4309 5 254 100
4310 6 211 100
4311 2 162 101
4312 26 228 100
4313 3 220 101
4314 4 211 101
4315 2 122 102
4316 1 225 103
4317 3 91 102
4318 1 111 104
4319 15 148 94
4320 16 149 93
4321 16 149 94
4322 17 70 94
4323 13 5 95
4324 14 244 95
4325 15 247 95
4326 16 143 95
4327 18 245 95
4328 19 10 95
4329 12 58 96
4330 13 253 96
4331 14 146 96
4332 15 222 96
4333 19 54 96
4334 20 201 96
4335 21 9 96
4336 10 157 97
4337 11 24 97
4338 12 146 97
4339 13 197 97
4340 21 170 97
4341 22 257 97
4342 9 187 98
4343 10 61 98
4344 11 197 98
4345 12 105 98
4346 7 172 99
4347 8 126 99
4348 9 168 99
4349 10 80 99
4350 24 111 99
4351 7 246 100
4352 8 2 100
4353 9 210 100
4354 24 46 100
4355 25 68 100
4356 5 122 101
4357 6 261 101
4358 7 136 101
4359 16 148 96
4360 17 149 95
4361 17 149 96
4362 18 70 96
4363 14 5 97
4364 15 244 97
4365 16 247 97
4366 17 143 97
4367 19 245 97
4368 20 10 97
4369 13 58 98
4370 14 253 98
4371 15 146 98
4372 16 222 98
4373 20 54 98
4374 21 201 98
4375 22 9 98
4376 11 157 99
4377 12 24 99
4378 13 146 99
4379 14 197 99
4380 22 170 99
4381 23 257 99
4382 10 187 100
4383 11 61 100
4384 12 197 100
4385 13 105 100
4386 8 172 101
4387 9 126 101
4388 10 168 101
4389 11 80 101
4390 25 111 101
4391 26 134 101
4392 4 26 102
4393 5 43 102
4394 6 173 102
4395 7 160 102
4396 8 148 102
4397 9 244 102
4398 17 148 98
4399 18 149 97
4400 18 149 98
4401 19 70 98
4402 15 5 99
4403 16 244 99
4404 17 247 99
4405 18 143 99
4406 20 245 99
4407 21 10 99
4408 14 58 100
4409 15 253 100
4410 16 146 100
4411 17 222 100
4412 21 54 100
4413 22 201 100
4414 23 9 100
4415 12 157 101
4416 13 24 101
4417 14 146 101
4418 15 197 101
4419 23 170 101
4420 24 257 101
4421 10 80 102
4422 11 211 102
4423 12 16 102
4424 13 186 102
4425 14 140 102
4426 25 261 102
4427 26 93 102
4428 27 159 102
4429 2 160 103
4430 3 143 103
4431 4 227 103
4432 5 196 103
4433 6 77 103
4434 7 139 103
4435 8 48 103
4436 18 148 100
4437 19 149 99
4438 19 149 100
4439 20 70 100
4440 16 5 101
4441 17 244 101
4442 18 247 101
4443 19 143 101
4444 21 245 101
4445 22 10 101
4446 15 58 102
4447 16 253 102
4448 17 146 102
4449 18 222 102
4450 22 54 102
4451 23 201 102
4452 24 9 102
4453 9 203 103
4454 10 166 103
4455 11 209 103
4456 12 149 103
4457 13 3 103
4458 14 157 103
4459 15 262 103
4460 16 177 103
4461 24 249 103
4462 25 198 103
4463 26 46 103
4464 27 208 103
4465 2 162 104
4466 3 186 104
4467 4 32 104
4468 5 52 104
4469 6 178 104
4470 7 129 104
4471 8 117 104
4472 9 100 104
4473 19 148 102
4474 20 149 101
4475 20 149 102
4476 21 70 102
4477 17 5 103
4478 18 244 103
4479 19 247 103
4480 20 143 103
4481 22 245 103
4482 23 10 103
4483 10 246 104
4484 11 191 104
4485 12 77 104
4486 13 135 104
4487 14 101 104
4488 15 247 104
4489 16 211 104
4490 17 158 104
4491 18 212 104
4492 19 171 104
4493 23 146 104
4494 24 2 104
4495 25 214 104
4496 26 155 104
4497 27 32 104
4498 28 212 104
4499 29 60 104
4500 0 102 105
4501 1 26 105
4502 2 157 105
4503 3 117 105
4504 4 51 105
4505 5 38 105
4506 6 252 105
4507 7 168 105
4508 8 201 105
4509 20 148 104
4510 21 149 103
4511 21 149 104
4512 22 70 104
4513 9 100 105
4514 10 202 105
4515 11 63 105
4516 12 117 105
4517 13 65 105
4518 14 164 105
4519 15 54 105
4520 16 162 105
4521 17 129 105
4522 18 40 105
4523 19 166 105
4524 20 194 105
4525 21 173 105
4526 23 221 105
4527 24 185 105
4528 25 44 105
4529 26 233 105
4530 27 4 105
4531 28 254 105
4532 29 126 105
4533 0 247 106
4534 1 46 106
4535 2 80 106
4536 3 249 106
4537 4 255 106
4538 5 15 106
4539 6 29 106
4540 7 172 106
4541 8 90 106
4542 9 22 106
4543 10 178 106
4544 11 137 106
4545 22 149 105
4546 12 120 106
4547 13 139 106
4548 14 66 106
4549 15 22 106
4550 16 155 106
4551 17 45 106
4552 18 27 106
4553 19 10 106
4554 20 243 106
4555 21 4 106
4556 22 155 106
4557 23 29 106
4558 24 223 106
4559 25 23 106
4560 26 107 106
4561 27 13 106
4562 28 42 106
4563 29 201 106
4564 30 177 106
4565 0 127 107
4566 1 148 107
4567 2 255 107
4568 3 27 107
4569 4 234 107
4570 5 133 107
4571 6 40 107
4572 7 190 107
4573 8 212 107
4574 9 178 107
4575 10 192 107
4576 11 172 107
4577 12 134 107
4578 13 4 107
4579 14 65 107
4580 15 217 107
4581 16 49 107
4582 17 174 107
4583 18 45 107
4584 19 208 107
4585 20 237 107
4586 21 82 107
4587 22 38 107
4588 23 168 107
4589 24 45 107
4590 25 61 107
4591 26 248 107
4592 27 54 107
4593 28 255 107
4594 29 94 107
4595 30 101 107
4596 0 252 108
4597 1 22 108
4598 2 37 108
4599 3 153 108
4600 4 232 108
4601 5 56 108
4602 6 9 108
4603 7 29 108
4604 8 242 108
4605 9 56 108
4606 10 153 108
4607 11 13 108
4608 12 180 108
4609 13 146 108
4610 14 119 108
4611 15 4 108
4612 16 243 108
4613 17 212 108
4614 18 40 108
4615 19 179 108
4616 20 216 108
4617 21 54 108
4618 22 155 108
4619 23 114 108
4620 24 178 108
4621 25 257 108
4622 26 189 108
4623 27 38 108
4624 28 149 108
4625 29 103 108
4626 30 203 108
4627 31 70 108
4628 0 174 109
4629 1 167 109
4630 2 226 109
4631 3 256 109
4632 4 121 109
4633 5 106 109
4634 6 30 109
4635 7 44 109
4636 8 131 109
4637 9 126 109
4638 10 11 109
4639 11 44 109
4640 12 60 109
4641 13 35 109
4642 14 188 109
4643 15 93 109
4644 16 184 109
4645 17 230 109
4646 18 147 109
4647 19 79 109
4648 20 144 109
4649 21 56 109
4650 22 191 109
4651 23 36 109
4652 24 203 109
4653 25 129 109
4654 26 38 109
4655 27 257 109
4656 28 207 109
4657 29 67 109
4658 30 99 109
4659 32 262 109
4660 31 47 109
4661 0 195 110
4662 1 183 110
4663 2 238 110
4664 3 34 110
4665 4 184 110
4666 5 186 110
4667 6 146 110
4668 7 72 110
4669 8 195 110
4670 9 231 110
4671 10 123 110
4672 11 199 110
4673 12 24 110
4674 13 88 110
4675 14 212 110
4676 15 213 110
4677 16 25 110
4678 17 240 110
4679 18 16 110
4680 19 232 110
4681 20 97 110
4682 21 171 110
4683 22 196 110
4684 23 22 110
4685 24 177 110
4686 25 173 110
4687 26 82 110
4688 27 47 110
4689 28 97 110
4690 29 244 110
4691 30 56 110
4692 31 4 110
4693 32 173 110
4694 33 13 110
4695 0 229 111
4696 1 88 111
4697 2 35 111
4698 3 253 111
4699 4 24 111
4700 5 226 111
4701 6 81 111
4702 7 66 111
4703 8 123 111
4704 9 21 111
4705 10 41 111
4706 11 141 111
4707 12 108 111
4708 13 189 111
4709 14 152 111
4710 15 147 111
4711 16 234 111
4712 17 69 111
4713 18 235 111
4714 19 212 111
4715 20 177 111
4716 21 114 111
4717 22 171 111
4718 23 74 111
4719 24 237 111
4720 25 2 111
4721 26 203 111
4722 27 226 111
4723 28 57 111
4724 29 221 111
4725 30 203 111
4726 31 200 111
4727 32 64 111
4728 33 129 111
4729 0 207 112
4730 1 46 112
4731 2 32 112
4732 3 19 112
4733 4 241 112
4734 5 129 112
4735 6 261 112
4736 7 190 112
4737 8 132 112
4738 9 116 112
4739 10 171 112
4740 11 239 112
4741 12 154 112
4742 13 87 112
4743 14 143 112
4744 15 97 112
4745 16 204 112
4746 17 111 112
4747 18 202 112
4748 19 203 112
4749 20 33 112
4750 21 10 112
4751 22 165 112
4752 23 9 112
4753 24 179 112
4754 25 19 112
4755 26 131 112
4756 27 261 112
4757 28 63 112
4758 29 33 112
4759 30 118 112
4760 31 249 112
4761 32 244 112
4762 33 159 112
4763 34 243 112
4764 0 9 113
4765 1 2 113
4766 2 65 113
4767 3 73 113
4768 4 227 113
4769 5 231 113
4770 6 221 113
4771 8 100 113
4772 9 254 113
4773 11 87 113
4774 12 48 113
4775 13 135 113
4776 14 184 113
4777 15 225 113
4778 16 249 113
4779 17 135 113
4780 18 247 113
4781 19 130 113
4782 20 13 113
4783 21 108 113
4784 22 4 113
4785 23 133 113
4786 24 203 113
4787 25 202 113
4788 26 185 113
4789 27 32 113
4790 28 32 113
4791 29 127 113
4792 30 52 113
4793 31 182 113
4794 32 156 113
4795 33 200 113
4796 34 216 113
4797 0 104 114
4798 1 229 114
4799 2 108 114
4800 3 63 114
4801 4 36 114
4802 5 37 114
4803 11 70 114
4804 14 57 114
4805 15 233 114
4806 17 227 114
4807 18 53 114
4808 19 55 114
4809 20 117 114
4810 21 48 114
4811 22 135 114
4812 23 223 114
4813 24 26 114
4814 25 38 114
4815 26 85 114
4816 27 11 114
4817 28 206 114
4818 29 238 114
4819 30 174 114
4820 31 159 114
4821 32 71 114
4822 33 219 114
4823 34 68 114
4824 35 213 114
4825 0 227 115
4826 1 235 115
4827 2 61 115
4828 3 71 115
4829 4 106 115
4830 5 143 115
4831 17 132 115
4832 18 11 115
4833 19 246 115
4834 20 155 115
4835 21 113 115
4836 22 163 115
4837 23 29 115
4838 24 146 115
4839 25 138 115
4840 26 160 115
4841 27 61 115
4842 28 262 115
4843 29 94 115
4844 30 90 115
4845 31 244 115
4846 33 139 115
4847 32 167 115
4848 34 196 115
4849 35 47 115
4850 36 58 115
4851 0 231 116
4852 1 2 116
4853 2 192 116
4854 3 81 116
4855 4 150 116
4856 18 236 116
4857 20 6 116
4858 21 103 116
4859 22 106 116
4860 23 19 116
4861 24 255 116
4862 25 256 116
4863 26 20 116
4864 27 121 116
4865 28 195 116
4866 29 245 116
4867 30 220 116
4868 31 112 116
4869 32 134 116
4870 33 95 116
4871 34 94 116
4872 35 38 116
4873 36 212 116
4874 37 132 116
4875 0 132 117
4876 1 197 117
4877 2 78 117
4878 3 40 117
4879 4 217 117
4880 20 36 117
4881 21 16 117
4882 22 69 117
4883 23 185 117
4884 24 14 117
4885 25 215 117
4886 26 155 117
4887 27 73 117
4888 28 51 117
4889 29 34 117
4890 30 211 117
4891 31 219 117
4892 32 236 117
4893 33 222 117
4894 34 135 117
4895 35 111 117
4896 36 166 117
4897 37 235 117
4898 0 161 118
4899 1 183 118
4900 2 200 118
4901 3 148 118
4902 23 185 118
4903 24 162 118
4904 25 17 118
4905 26 221 118
4906 27 137 118
4907 28 60 118
4908 29 120 118
4909 30 51 118
4910 31 209 118
4911 32 30 118
4912 33 136 118
4913 34 250 118
4914 35 99 118
4915 36 127 118
4916 37 49 118
4917 38 205 118
4918 0 246 119
4919 1 229 119
4920 2 251 119
4921 3 168 119
4922 23 97 119
4923 24 2 119
4924 25 59 119
4925 26 177 119
4926 27 136 119
4927 28 14 119
4928 29 209 119
4929 30 53 119
4930 31 150 119
4931 32 227 119
4932 33 110 119
4933 34 168 119
4934 35 241 119
4935 36 26 119
4936 37 205 119
4937 38 75 119
4938 39 201 119
4939 0 258 120
4940 1 113 120
4941 2 219 120
4942 26 196 120
4943 27 194 120
4944 28 105 120
4945 29 35 120
4946 30 254 120
4947 31 70 120
4948 32 113 120
4949 33 189 120
4950 34 212 120
4951 35 21 120
4952 36 116 120
4953 37 153 120
4954 38 261 120
4955 39 51 120
4956 0 26 121
4957 1 166 121
4958 2 192 121
4959 27 20 121
4960 28 171 121
4961 29 200 121
4962 30 44 121
4963 31 140 121
4964 32 209 121
4965 33 213 121
4966 34 162 121
4967 35 109 121
4968 36 240 121
4969 37 30 121
4970 38 26 121
4971 39 249 121
4972 40 202 121
4973 0 179 122
4974 1 217 122
4975 28 230 122
4976 29 216 122
4977 30 147 122
4978 31 81 122
4979 32 215 122
4980 33 117 122
4981 34 44 122
4982 35 127 122
4983 36 123 122
4984 37 135 122
4985 38 257 122
4986 39 67 122
4987 40 53 122
4988 41 114 122
4989 0 84 123
4990 1 52 123
4991 30 152 123
4992 31 158 123
4993 32 67 123
4994 33 259 123
4995 34 235 123
4996 35 229 123
4997 36 144 123
4998 37 77 123
4999 38 81 123
5000 39 242 123
5001 40 32 123
5002 41 199 123
5003 0 214 124
5004 31 26 124
5005 32 181 124
5006 33 161 124
5007 34 59 124
5008 35 5 124
5009 36 176 124
5010 37 200 124
5011 38 244 124
5012 39 78 124
5013 40 256 124
5014 41 246 124
5015 42 244 124
5016 0 151 125
5017 32 63 125
5018 33 10 125
5019 34 195 125
5020 35 248 125
5021 36 55 125
5022 37 142 125
5023 40 129 125
5024 38 183 125
5025 39 134 125
5026 41 96 125
5027 42 63 125
5028 34 154 126
5029 35 1 126
5030 36 258 126
5031 37 243 126
5032 38 38 126
5033 39 139 126
5034 43 134 126
5035 40 228 126
5036 42 129 126
5037 41 175 126
5038 35 99 127
5039 36 36 127
5040 40 134 127
5041 37 79 127
5042 39 129 127
5043 38 258 127
5044 41 183 127
5045 42 92 127
5046 43 93 127
5047 44 184 127
5048 35 135 128
5049 36 188 128
5050 43 129 128
5051 37 123 128
5052 42 134 128
5053 38 107 128
5054 41 129 128
5055 40 129 128
5056 44 77 128
5057 39 134 128
5058 45 33 128
5059 38 5 129
5060 39 228 129
5061 40 145 129
5062 41 164 129
5063 44 67 129
5064 43 134 129
5065 45 89 129
5066 42 129 129
5067 42 129 130
5068 38 232 130
5069 41 134 130
5070 40 134 130
5071 43 101 130
5072 39 129 130
5073 46 67 130
5074 44 33 130
5075 45 196 130
5076 40 48 131
5077 44 196 131
5078 43 129 131
5079 45 258 131
5080 42 134 131
5081 46 16 131
5082 41 129 131
5083 41 129 132
5084 47 67 132
5085 42 68 132
5086 46 196 132
5087 43 98 132
5088 45 67 132
5089 44 67 132
5090 44 67 133
5091 43 134 133
5092 45 172 133
5093 42 129 133
5094 48 98 133
5095 47 196 133
5096 47 196 134
5097 46 67 133
5098 46 67 134
5099 43 147 134
5100 45 196 134
5101 44 196 134
5102 48 243 134
5103 49 165 134
5104 44 39 135
5105 48 165 135
5106 47 67 135
5107 49 31 135
5108 46 196 135
5109 46 196 136
5110 45 67 135
5111 50 165 136
5112 47 153 136
5113 49 98 136
5114 48 98 136
5115 48 98 137
5116 47 196 137
5117 49 262 137
5118 51 165 138
5119 50 98 137
5120 50 98 138
5121 47 254 138
5122 49 165 138
5123 48 165 138
5124 52 165 140
5125 51 98 139
5126 51 98 140
5127 50 165 139
5128 50 165 140
5129 53 214 140
5130 52 98 141
5131 53 18 141
5132 51 165 141
5133 54 214 142
5134 52 230 142
5135 53 49 142
5136 55 214 144
5137 54 49 143
5138 56 214 146
5139 57 168 146
5140 55 28 145
5141 54 166 144
5142 52 203 143
5143 51 20 142
5144 49 177 139
5145 48 59 139
5146 46 34 137
5147 45 164 136
5148 43 115 135
5149 42 137 134
5150 40 142 132
5151 39 128 131
5152 37 154 129
5153 36 139 129
5154 34 196 127
5155 33 110 126
5156 31 106 125
5157 30 140 124
5158 28 111 123
5159 27 226 122
5160 25 50 120
5161 24 192 120
5162 22 231 118
5163 21 77 118
5164 19 31 116
5165 18 67 117
5166 16 159 114
5167 15 157 115
5168 13 70 114
5169 12 222 114
5170 10 37 113
5171 9 63 114
5172 7 142 113
5173 6 249 114
5174 58 168 148
5175 56 28 147
5176 55 166 146
5177 53 233 143
5178 52 20 144
5179 50 177 141
5180 49 204 140
5181 47 34 139
5182 46 164 138
5183 44 74 136
5184 43 137 136
5185 41 121 133
5186 40 128 133
5187 38 154 131
5188 37 124 130
5189 35 196 129
5190 34 110 128
5191 32 210 126
5192 31 140 126
5193 29 187 123
5194 28 226 124
5195 26 238 121
5196 25 71 121
5197 23 231 120
5198 22 186 119
5199 20 31 118
5200 19 165 117
5201 17 159 116
5202 16 210 115
5203 14 193 115
5204 13 152 115
5205 11 37 115
5206 10 163 114
5207 8 121 114
5208 59 168 150
5209 57 14 147
5210 56 166 148
5211 54 233 145
5212 53 10 144
5213 51 177 143
5214 50 204 142
5215 48 246 140
5216 47 164 140
5217 45 189 137
5218 44 63 137
5219 42 121 135
5220 41 135 134
5221 39 186 132
5222 38 124 132
5223 36 165 130
5224 35 110 130
5225 33 53 127
5226 32 193 127
5227 30 187 125
5228 29 113 124
5229 27 238 123
5230 26 96 122
5231 24 16 121
5232 23 186 121
5233 21 116 119
5234 20 165 119
5235 18 159 118
5236 17 210 117
5237 15 35 116
5238 14 111 116
5239 12 150 115
5240 11 163 116
5241 60 168 152
5242 58 14 149
5243 57 83 148
5244 55 233 147
5245 54 10 146
5246 52 177 145
5247 51 204 144
5248 49 17 141
5249 48 181 141
5250 46 189 139
5251 45 200 138
5252 43 121 137
5253 42 135 136
5254 40 186 134
5255 39 201 133
5256 37 98 131
5257 36 208 131
5258 34 53 129
5259 33 70 128
5260 31 187 127
5261 30 113 126
5262 28 238 125
5263 27 96 124
5264 25 247 122
5265 24 170 122
5266 22 147 120
5267 21 49 120
5268 19 211 118
5269 18 210 119
5270 16 149 116
5271 15 76 117
5272 13 188 116
5273 61 95 153
5274 59 14 151
5275 58 83 150
5276 56 233 149
5277 55 10 148
5278 53 220 145
5279 52 204 146
5280 50 17 143
5281 49 82 142
5282 47 189 141
5283 46 200 140
5284 44 71 138
5285 43 135 138
5286 41 77 135
5287 40 201 135
5288 38 98 133
5289 37 55 132
5290 35 53 131
5291 34 70 130
5292 32 38 128
5293 31 113 128
5294 29 119 125
5295 28 96 126
5296 26 8 123
5297 25 93 123
5298 23 147 122
5299 22 214 121
5300 20 211 120
5301 19 105 119
5302 17 149 118
5303 16 38 117
5304 62 84 154
5305 60 14 153
5306 59 83 152
5307 57 248 149
5308 56 10 150
5309 54 220 147
5310 53 102 146
5311 51 17 145
5312 50 82 144
5313 48 37 142
5314 47 200 142
5315 45 192 139
5316 44 64 139
5317 42 77 137
5318 41 62 136
5319 39 214 134
5320 38 55 134
5321 36 105 132
5322 35 70 132
5323 33 225 129
5324 32 75 129
5325 30 119 127
5326 29 48 126
5327 27 8 125
5328 26 85 124
5329 24 58 123
5330 23 214 123
5331 21 26 121
5332 20 105 121
5333 18 149 120
5334 63 84 156
5335 61 249 154
5336 60 83 154
5337 58 248 151
5338 57 5 150
5339 55 220 149
5340 54 102 148
5341 52 17 147
5342 51 82 146
5343 49 226 143
5344 48 163 143
5345 46 192 141
5346 45 199 140
5347 43 77 139
5348 42 62 138
5349 40 214 136
5350 39 104 135
5351 37 158 133
5352 36 228 133
5353 34 225 131
5354 33 188 130
5355 31 119 129
5356 30 48 128
5357 28 8 127
5358 27 85 126
5359 25 205 124
5360 24 156 124
5361 22 237 122
5362 21 79 122
5363 64 84 158
5364 62 7 155
5365 61 180 155
5366 59 248 153
5367 58 5 152
5368 56 220 151
5369 55 102 150
5370 53 140 147
5371 52 82 148
5372 50 226 145
5373 49 100 144
5374 47 192 143
5375 46 199 142
5376 44 93 140
5377 43 62 140
5378 41 49 137
5379 40 104 137
5380 38 158 135
5381 37 35 134
5382 35 225 133
5383 34 188 132
5384 32 72 130
5385 31 48 130
5386 29 4 127
5387 28 85 128
5388 26 29 125
5389 25 107 125
5390 23 237 124
5391 65 179 159
5392 63 7 157
5393 62 173 156
5394 60 248 155
5395 59 5 154
5396 57 110 151
5397 56 102 152
5398 54 140 149
5399 53 41 148
5400 51 226 147
5401 50 100 146
5402 48 167 144
5403 47 199 144
5404 45 170 141
5405 44 232 141
5406 42 49 139
5407 41 159 138
5408 39 184 136
5409 38 35 136
5410 36 19 134
5411 35 188 134
5412 33 191 131
5413 32 239 131
5414 30 4 129
5415 29 174 128
5416 27 29 127
5417 26 78 126
5418 66 42 160
5419 64 7 159
5420 63 173 158
5421 61 15 156
5422 60 5 156
5423 58 110 153
5424 57 51 152
5425 55 140 151
5426 54 41 150
5427 52 226 149
5428 51 100 148
5429 49 96 145
5430 48 32 145
5431 46 170 143
5432 45 31 142
5433 43 49 141
5434 42 159 140
5435 40 184 138
5436 39 114 137
5437 37 244 135
5438 36 169 135
5439 34 191 133
5440 33 24 132
5441 31 4 131
5442 30 174 130
5443 28 29 129
5444 67 42 162
5445 65 256 160
5446 64 173 160
5447 62 124 157
5448 61 258 157
5449 59 110 155
5450 58 51 154
5451 56 140 153
5452 55 41 152
5453 53 113 149
5454 52 100 150
5455 50 96 147
5456 49 231 146
5457 47 170 145
5458 46 31 144
5459 44 107 142
5460 43 159 142
5461 41 79 139
5462 40 114 139
5463 38 244 137
5464 37 94 136
5465 35 191 135
5466 34 24 134
5467 32 261 132
5468 31 174 132
5469 68 42 164
5470 66 135 161
5471 65 90 161
5472 63 124 159
5473 62 134 158
5474 60 110 157
5475 59 51 156
5476 57 70 153
5477 56 41 154
5478 54 113 151
5479 53 50 150
5480 51 96 149
5481 50 231 148
5482 48 178 146
5483 47 31 146
5484 45 156 143
5485 44 52 143
5486 42 79 141
5487 41 149 140
5488 39 141 138
5489 38 94 138
5490 36 36 136
5491 35 24 136
5492 33 2 133
5493 69 221 165
5494 67 135 163
5495 66 218 162
5496 64 124 161
5497 63 134 160
5498 61 153 158
5499 60 51 158
5500 58 70 155
5501 57 152 154
5502 55 113 153
5503 54 50 152
5504 52 96 151
5505 51 231 150
5506 49 85 147
5507 48 116 147
5508 46 156 145
5509 45 211 144
5510 43 79 143
5511 42 149 142
5512 40 141 140
5513 39 216 139
5514 37 227 137
5515 36 251 137
5516 70 221 167
5517 68 135 165
5518 67 218 164
5519 65 139 162
5520 64 134 162
5521 62 55 159
5522 61 212 159
5523 59 70 157
5524 58 152 156
5525 56 113 155
5526 55 50 154
5527 53 48 151
5528 52 231 152
5529 50 85 149
5530 49 147 148
5531 47 156 147
5532 46 211 146
5533 44 92 144
5534 43 149 144
5535 41 122 141
5536 40 216 141
5537 38 227 139
5538 71 21 168
5539 69 128 166
5540 68 218 166
5541 66 62 163
5542 65 129 163
5543 63 55 161
5544 62 157 160
5545 60 70 159
5546 59 152 158
5547 57 188 155
5548 56 50 156
5549 54 48 153
5550 53 247 152
5551 51 85 151
5552 50 147 150
5553 48 185 148
5554 47 211 148
5555 45 171 145
5556 44 57 145
5557 42 122 143
5558 41 47 142
5559 72 21 170
5560 70 128 168
5561 69 45 167
5562 67 62 165
5563 66 67 164
5564 64 55 163
5565 63 157 162
5566 61 193 160
5567 60 152 160
5568 58 188 157
5569 57 25 156
5570 55 48 155
5571 54 247 154
5572 52 85 153
5573 51 147 152
5574 49 78 149
5575 48 26 149
5576 46 171 147
5577 45 206 146
5578 43 122 145
5579 73 242 171
5580 71 199 169
5581 70 45 169
5582 68 62 167
5583 67 67 166
5584 65 208 164
5585 64 157 164
5586 62 35 161
5587 61 111 161
5588 59 188 159
5589 58 25 158
5590 56 48 157
5591 55 247 156
5592 53 174 153
5593 52 147 154
5594 50 78 151
5595 49 237 150
5596 47 171 149
5597 46 206 148
5598 74 242 173
5599 72 199 171
5600 71 109 170
5601 69 201 168
5602 68 67 168
5603 66 159 165
5604 65 106 165
5605 63 35 163
5606 62 76 162
5607 60 188 161
5608 59 25 160
5609 57 24 157
5610 56 247 158
5611 54 174 155
5612 53 205 154
5613 51 78 153
5614 50 237 152
5615 48 46 150
5616 75 142 174
5617 73 64 172
5618 72 109 172
5619 70 201 170
5620 69 196 169
5621 67 159 167
5622 66 210 166
5623 64 35 165
5624 63 76 164
5625 61 75 162
5626 60 25 162
5627 58 24 159
5628 57 255 158
5629 55 174 157
5630 54 205 156
5631 52 78 155
5632 51 237 154
5633 76 142 176
5634 74 64 174
5635 73 154 173
5636 71 31 171
5637 70 196 171
5638 68 159 169
5639 67 210 168
5640 65 228 166
5641 64 76 166
5642 62 94 163
5643 61 238 163
5644 59 24 161
5645 58 255 160
5646 56 174 159
5647 55 205 158
5648 53 39 155
5649 77 121 177
5650 75 231 175
5651 74 154 175
5652 72 31 173
5653 71 165 172
5654 69 104 170
5655 68 210 170
5656 66 149 167
5657 65 187 167
5658 63 94 165
5659 62 144 164
5660 60 24 163
5661 59 255 162
5662 57 87 159
5663 56 205 160
5664 78 121 179
5665 76 231 177
5666 75 186 176
5667 73 232 174
5668 72 165 174
5669 70 104 172
5670 69 53 171
5671 67 149 169
5672 66 38 168
5673 64 94 167
5674 63 144 166
5675 61 239 164
5676 60 255 164
5677 58 87 161
5678 79 121 181
5679 77 32 178
5680 76 186 178
5681 74 232 176
5682 73 98 175
5683 71 211 173
5684 70 53 173
5685 68 149 171
5686 67 38 170
5687 65 169 168
5688 64 144 168
5689 62 12 165
5690 61 8 165
5691 80 71 182
5692 78 32 180
5693 77 77 179
5694 75 147 177
5695 74 98 177
5696 72 211 175
5697 71 105 174
5698 69 114 172
5699 68 38 172
5700 66 47 169
5701 65 119 169
5702 63 12 167
5703 81 192 183
5704 79 32 182
5705 78 77 181
5706 76 147 179
5707 75 214 178
5708 73 52 176
5709 72 105 176
5710 70 114 174
5711 69 225 173
5712 67 47 171
5713 66 72 170
5714 82 192 185
5715 80 247 183
5716 79 77 183
5717 77 116 180
5718 76 214 180
5719 74 52 178
5720 73 158 177
5721 71 206 175
5722 70 225 175
5723 68 47 173
5724 83 192 187
5725 81 16 184
5726 80 93 184
5727 78 116 182
5728 77 49 181
5729 75 237 179
5730 74 158 179
5731 72 206 177
5732 71 19 176
5733 84 167 188
5734 82 16 186
5735 81 170 185
5736 79 116 184
5737 78 49 183
5738 76 237 181
5739 75 184 180
5740 73 57 178
5741 85 96 189
5742 83 16 188
5743 82 170 187
5744 80 205 185
5745 79 49 185
5746 77 26 182
5747 76 184 182
5748 86 96 191
5749 84 255 189
5750 83 170 189
5751 81 58 186
5752 80 107 186
5753 78 26 184
5754 87 96 193
5755 85 8 190
5756 84 178 190
5757 82 58 188
5758 81 156 187
5759 88 96 195
5760 86 8 192
5761 85 85 191
5762 83 58 190
5763 89 48 195
5764 87 8 194
5765 86 85 193
5766 90 48 197
5767 88 8 196
5768 91 48 199
5769 92 157 201
5770 89 218 196
5771 87 195 195
5772 84 143 191
5773 82 6 189
5774 79 149 186
5775 77 247 183
5776 74 41 180
5777 72 45 178
5778 69 66 174
5779 67 143 172
5780 64 176 169
5781 62 57 166
5782 59 232 163
5783 57 111 160
5784 54 258 157
5785 52 197 156
5786 49 101 151
5787 47 176 150
5788 44 94 146
5789 42 232 144
5790 39 100 140
5791 37 258 138
5792 34 95 135
5793 32 162 133
5794 29 185 129
5795 27 75 128
5796 24 153 125
5797 22 137 123
5798 19 27 120
5799 17 146 119
5800 14 25 117
5801 93 210 201
5802 90 218 198
5803 88 195 197
5804 85 120 192
5805 83 6 191
5806 80 57 187
5807 78 247 185
5808 75 111 181
5809 73 218 179
5810 70 66 176
5811 68 143 174
5812 65 87 170
5813 63 57 168
5814 60 232 165
5815 58 111 162
5816 55 258 159
5817 53 230 156
5818 50 101 153
5819 48 175 151
5820 45 169 147
5821 43 232 146
5822 40 100 142
5823 38 258 140
5824 35 95 137
5825 33 101 134
5826 30 185 131
5827 28 75 130
5828 25 110 126
5829 23 137 125
5830 20 27 122
5831 18 146 121
5832 94 210 203
5833 91 218 200
5834 89 229 197
5835 86 120 194
5836 84 260 192
5837 81 206 188
5838 79 247 187
5839 76 111 183
5840 74 218 181
5841 71 230 177
5842 69 120 175
5843 66 88 171
5844 64 57 170
5845 61 31 166
5846 59 111 164
5847 56 258 161
5848 54 230 158
5849 51 101 155
5850 49 88 152
5851 46 169 149
5852 44 147 147
5853 41 163 143
5854 39 134 141
5855 36 84 138
5856 34 101 136
5857 31 185 133
5858 29 169 130
5859 26 208 127
5860 24 63 126
5861 21 118 123
5862 95 210 205
5863 92 218 202
5864 90 229 199
5865 87 120 196
5866 85 3 193
5867 82 206 190
5868 80 8 188
5869 77 152 184
5870 75 154 182
5871 72 230 179
5872 70 120 177
5873 67 88 173
5874 65 206 171
5875 62 116 167
5876 60 111 166
5877 57 129 161
5878 55 230 160
5879 52 101 157
5880 50 88 154
5881 47 169 151
5882 45 116 148
5883 42 163 145
5884 40 134 143
5885 37 179 139
5886 35 101 138
5887 32 39 134
5888 30 169 132
5889 27 208 129
5890 25 200 127
5891 96 210 207
5892 93 109 202
5893 91 229 201
5894 88 120 198
5895 86 3 195
5896 83 206 192
5897 81 255 189
5898 78 152 186
5899 76 154 184
5900 73 33 180
5901 71 203 178
5902 68 88 175
5903 66 160 172
5904 63 116 169
5905 61 152 167
5906 58 129 163
5907 56 230 162
5908 53 182 157
5909 51 88 156
5910 48 47 152
5911 46 116 150
5912 43 163 147
5913 41 129 144
5914 38 179 141
5915 36 81 139
5916 33 224 135
5917 31 169 134
5918 28 208 131
5919 97 53 208
5920 94 109 204
5921 92 229 203
5922 89 60 198
5923 87 3 197
5924 84 160 193
5925 82 255 191
5926 79 152 188
5927 77 109 185
5928 74 33 182
5929 72 203 180
5930 69 175 176
5931 67 160 174
5932 64 116 171
5933 62 187 168
5934 59 129 165
5935 57 115 162
5936 54 182 159
5937 52 88 158
5938 49 216 153
5939 47 116 152
5940 44 50 148
5941 42 129 146
5942 39 42 142
5943 37 182 140
5944 34 224 137
5945 32 47 135
5946 98 105 209
5947 95 109 206
5948 93 246 203
5949 90 60 200
5950 88 3 199
5951 85 103 194
5952 83 255 193
5953 80 187 189
5954 78 109 187
5955 75 115 183
5956 73 60 181
5957 70 175 178
5958 68 160 176
5959 65 147 172
5960 63 187 170
5961 60 129 167
5962 58 115 164
5963 55 182 161
5964 53 44 158
5965 50 216 155
5966 48 205 153
5967 45 213 149
5968 43 129 148
5969 40 42 144
5970 38 182 142
5971 35 224 139
5972 99 105 211
5973 96 109 208
5974 94 246 205
5975 91 60 202
5976 89 133 199
5977 86 103 196
5978 84 4 194
5979 81 76 190
5980 79 109 189
5981 76 115 185
5982 74 60 183
5983 71 44 179
5984 69 103 177
5985 66 58 173
5986 64 187 172
5987 61 134 168
5988 59 115 166
5989 56 182 163
5990 54 44 160
5991 51 216 157
5992 49 58 154
5993 46 213 151
5994 44 67 149
5995 41 221 145
5996 39 172 143
5997 100 105 213
5998 97 154 209
5999 95 246 207
6000 92 60 204
6001 90 133 201
6002 87 103 198
6003 85 259 195
6004 82 76 192
6005 80 77 190
6006 77 148 186
6007 75 233 184
6008 72 44 181
6009 70 103 179
6010 67 58 175
6011 65 76 173
6012 62 196 169
6013 60 115 168
6014 57 91 163
6015 55 44 162
6016 52 216 159
6017 50 58 156
6018 47 213 153
6019 45 196 150
6020 42 221 147
6021 101 158 214
6022 98 186 210
6023 96 246 209
6024 93 30 204
6025 91 133 203
6026 88 103 200
6027 86 259 197
6028 83 76 194
6029 81 186 191
6030 78 148 188
6031 76 233 186
6032 73 219 182
6033 71 80 180
6034 68 58 177
6035 66 225 174
6036 63 196 171
6037 61 148 169
6038 58 91 165
6039 56 44 164
6040 53 108 159
6041 51 58 158
6042 48 25 154
6043 46 196 152
6044 102 184 215
6045 99 186 212
6046 97 17 210
6047 94 30 206
6048 92 133 205
6049 89 183 200
6050 87 259 199
6051 84 225 195
6052 82 186 193
6053 79 148 190
6054 77 30 187
6055 74 219 184
6056 72 80 182
6057 69 205 178
6058 67 225 176
6059 64 196 173
6060 62 189 170
6061 59 91 167
6062 57 22 164
6063 54 108 161
6064 52 58 160
6065 49 238 155
6066 103 184 217
6067 100 186 214
6068 98 123 211
6069 95 30 208
6070 93 198 205
6071 90 183 202
6072 88 259 201
6073 85 38 196
6074 83 186 195
6075 80 189 191
6076 78 30 189
6077 75 22 185
6078 73 183 183
6079 70 205 180
6080 68 225 178
6081 65 67 174
6082 63 189 172
6083 60 91 169
6084 58 22 166
6085 55 108 163
6086 53 29 160
6087 104 184 219
6088 101 77 215
6089 99 123 213
6090 96 30 210
6091 94 198 207
6092 91 183 204
6093 89 261 201
6094 86 38 198
6095 84 170 196
6096 81 74 192
6097 79 30 191
6098 76 22 187
6099 74 183 185
6100 71 29 181
6101 69 38 179
6102 66 98 175
6103 64 189 174
6104 61 172 170
6105 59 22 168
6106 56 108 165
6107 105 79 220
6108 102 93 216
6109 100 123 215
6110 97 233 211
6111 95 198 209
6112 92 183 206
6113 90 261 203
6114 87 38 200
6115 85 93 197
6116 82 74 194
6117 80 248 192
6118 77 241 188
6119 75 40 186
6120 72 29 183
6121 70 38 181
6122 67 98 177
6123 65 74 175
6124 62 177 171
6125 60 22 170
6126 106 79 222
6127 103 93 218
6128 101 140 216
6129 98 15 212
6130 96 198 211
6131 93 223 206
6132 91 261 205
6133 88 38 202
6134 86 93 199
6135 83 74 196
6136 81 15 193
6137 78 241 190
6138 76 40 188
6139 73 234 184
6140 71 244 182
6141 68 98 179
6142 66 226 176
6143 63 177 173
6144 107 92 223
6145 104 93 220
6146 102 193 217
6147 99 15 214
6148 97 65 212
6149 94 223 208
6150 92 261 207
6151 89 19 202
6152 87 93 201
6153 84 226 197
6154 82 15 195
6155 79 241 192
6156 77 223 189
6157 74 234 186
6158 72 244 184
6159 69 165 180
6160 67 226 178
6161 108 92 225
6162 105 170 221
6163 103 193 219
6164 100 15 216
6165 98 99 213
6166 95 223 210
6167 93 262 207
6168 90 19 204
6169 88 93 203
6170 85 37 198
6171 83 15 197
6172 80 11 193
6173 78 223 191
6174 75 146 187
6175 73 19 185
6176 70 165 182
6177 109 171 226
6178 106 170 223
6179 104 193 221
6180 101 248 217
6181 99 99 215
6182 96 223 212
6183 94 262 209
6184 91 19 206
6185 89 178 203
6186 86 37 200
6187 84 124 198
6188 81 252 194
6189 79 223 193
6190 76 146 189
6191 74 19 187
6192 110 171 228
6193 107 178 224
6194 105 70 222
6195 102 139 218
6196 100 99 217
6197 97 40 213
6198 95 262 211
6199 92 19 208
6200 90 178 205
6201 87 37 202
6202 85 139 199
6203 82 252 196
6204 80 20 194
6205 77 117 190
6206 111 46 229
6207 108 178 226
6208 106 70 224
6209 103 139 220
6210 101 164 218
6211 98 243 214
6212 96 262 213
6213 93 141 208
6214 91 178 207
6215 88 37 204
6216 86 139 201
6217 83 252 198
6218 81 243 195
6219 112 46 231
6220 109 85 227
6221 107 228 225
6222 104 139 222
6223 102 181 219
6224 99 243 216
6225 97 1 214
6226 94 141 210
6227 92 178 209
6228 89 150 204
6229 87 139 203
6230 84 137 199
6231 113 217 232
6232 110 85 229
6233 108 228 227
6234 105 124 223
6235 103 181 221
6236 100 243 218
6237 98 131 215
6238 95 141 212
6239 93 89 209
6240 90 150 206
6241 88 139 205
6242 114 217 234
6243 111 89 230
6244 109 35 228
6245 106 124 225
6246 104 181 223
6247 101 20 219
6248 99 131 217
6249 96 141 214
6250 94 89 211
6251 91 150 208
6252 115 217 236
6253 112 89 232
6254 110 35 230
6255 107 201 226
6256 105 82 224
6257 102 253 220
6258 100 131 219
6259 97 122 215
6260 95 89 213
6261 116 23 237
6262 113 174 233
6263 111 114 231
6264 108 201 228
6265 106 82 226
6266 103 253 222
6267 101 132 220
6268 98 202 216
6269 117 240 238
6270 114 174 235
6271 112 114 233
6272 109 62 229
6273 107 222 227
6274 104 253 224
6275 102 197 221
6276 118 240 240
6277 115 174 237
6278 113 149 234
6279 110 62 231
6280 108 222 229
6281 105 10 225
6282 119 240 242
6283 116 176 238
6284 114 149 236
6285 111 232 232
6286 109 41 230
6287 120 143 243
6288 117 87 239
6289 115 149 238
6290 112 232 234
6291 121 120 244
6292 118 87 241
6293 116 57 239
6294 122 120 246
6295 119 87 243
6296 123 120 248
6297 7 186 114
6298 6 241 115
6299 7 167 115
6300 8 196 115
6301 9 140 115
6302 10 167 115
6303 5 249 116
6304 6 193 116
6305 7 154 116
6306 9 58 116
6307 10 130 116
6308 12 100 116
6309 5 131 117
6310 6 194 117
6311 12 179 117
6312 13 111 117
6313 4 172 118
6314 5 98 118
6315 12 196 118
6316 14 260 118
6317 15 251 118
6318 16 115 118
6319 4 21 119
6320 5 173 119
6321 15 172 119
6322 16 89 119
6323 3 233 120
6324 4 106 120
6325 3 256 121
6326 4 102 121
6327 19 234 121
6328 2 56 122
6329 3 7 122
6330 19 70 122
6331 2 64 123
6332 3 124 123
6333 1 112 124
6334 8 186 116
6335 7 241 117
6336 8 167 117
6337 9 196 117
6338 10 140 117
6339 11 167 117
6340 6 249 118
6341 7 193 118
6342 8 154 118
6343 10 58 118
6344 11 130 118
6345 13 100 118
6346 6 131 119
6347 7 194 119
6348 13 179 119
6349 14 111 119
6350 5 172 120
6351 6 98 120
6352 13 196 120
6353 15 260 120
6354 16 251 120
6355 17 115 120
6356 5 21 121
6357 6 173 121
6358 16 172 121
6359 17 89 121
6360 4 233 122
6361 5 106 122
6362 4 256 123
6363 5 102 123
6364 19 148 123
6365 20 11 123
6366 2 193 124
6367 3 33 124
6368 4 233 124
6369 20 19 124
6370 9 186 118
6371 8 241 119
6372 9 167 119
6373 10 196 119
6374 11 140 119
6375 12 167 119
6376 7 249 120
6377 8 193 120
6378 9 154 120
6379 11 58 120
6380 12 130 120
6381 14 100 120
6382 7 131 121
6383 8 194 121
6384 14 179 121
6385 15 111 121
6386 6 172 122
6387 7 98 122
6388 14 196 122
6389 16 260 122
6390 17 251 122
6391 18 115 122
6392 6 21 123
6393 7 173 123
6394 17 172 123
6395 18 89 123
6396 5 233 124
6397 6 106 124
6398 21 106 124
6399 22 53 124
6400 1 229 125
6401 2 205 125
6402 3 244 125
6403 4 87 125
6404 5 6 125
6405 10 186 120
6406 9 241 121
6407 10 167 121
6408 11 196 121
6409 12 140 121
6410 13 167 121
6411 8 249 122
6412 9 193 122
6413 10 154 122
6414 12 58 122
6415 13 130 122
6416 15 100 122
6417 8 131 123
6418 9 194 123
6419 15 179 123
6420 16 111 123
6421 7 172 124
6422 8 98 124
6423 15 196 124
6424 17 260 124
6425 18 251 124
6426 19 115 124
6427 6 158 125
6428 7 73 125
6429 8 45 125
6430 18 147 125
6431 19 154 125
6432 20 213 125
6433 21 143 125
6434 22 22 125
6435 0 133 126
6436 1 227 126
6437 2 84 126
6438 3 57 126
6439 11 186 122
6440 10 241 123
6441 11 167 123
6442 12 196 123
6443 13 140 123
6444 14 167 123
6445 9 249 124
6446 10 193 124
6447 11 154 124
6448 13 58 124
6449 14 130 124
6450 16 100 124
6451 9 131 125
6452 10 194 125
6453 16 179 125
6454 17 111 125
6455 4 127 126
6456 5 110 126
6457 6 160 126
6458 7 248 126
6459 8 52 126
6460 9 129 126
6461 16 237 126
6462 18 257 126
6463 19 6 126
6464 20 104 126
6465 21 43 126
6466 22 58 126
6467 23 43 126
6468 0 211 127
6469 1 205 127
6470 2 68 127
6471 3 66 127
6472 12 186 124
6473 11 241 125
6474 12 167 125
6475 13 196 125
6476 14 140 125
6477 15 167 125
6478 10 249 126
6479 11 193 126
6480 12 154 126
6481 14 58 126
6482 15 130 126
6483 17 100 126
6484 4 122 127
6485 5 123 127
6486 6 113 127
6487 7 150 127
6488 8 193 127
6489 9 117 127
6490 10 91 127
6491 11 189 127
6492 17 239 127
6493 18 110 127
6494 19 174 127
6495 20 133 127
6496 21 154 127
6497 22 238 127
6498 23 143 127
6499 24 57 127
6500 0 67 128
6501 1 259 128
6502 2 165 128
6503 3 233 128
6504 13 186 126
6505 12 241 127
6506 13 167 127
6507 14 196 127
6508 15 140 127
6509 16 167 127
6510 4 137 128
6511 5 31 128
6512 6 73 128
6513 7 143 128
6514 8 180 128
6515 9 110 128
6516 10 66 128
6517 11 52 128
6518 12 108 128
6519 13 88 128
6520 15 151 128
6521 16 39 128
6522 17 141 128
6523 18 157 128
6524 19 261 128
6525 20 27 128
6526 21 88 128
6527 22 232 128
6528 23 235 128
6529 24 243 128
6530 25 130 128
6531 26 219 128
6532 0 146 129
6533 1 141 129
6534 2 73 129
6535 14 186 128
6536 3 88 129
6537 4 237 129
6538 5 148 129
6539 6 31 129
6540 7 146 129
6541 8 246 129
6542 9 249 129
6543 10 123 129
6544 11 252 129
6545 12 241 129
6546 13 88 129
6547 14 208 129
6548 15 133 129
6549 16 193 129
6550 17 175 129
6551 18 209 129
6552 19 216 129
6553 20 138 129
6554 22 65 129
6555 21 234 129
6556 23 187 129
6557 24 67 129
6558 25 163 129
6559 26 165 129
6560 0 201 130
6561 1 181 130
6562 2 124 130
6563 3 138 130
6564 4 93 130
6565 5 259 130
6566 6 87 130
6567 7 134 130
6568 8 150 130
6569 9 147 130
6570 10 60 130
6571 11 246 130
6572 12 46 130
6573 13 59 130
6574 14 192 130
6575 15 76 130
6576 16 168 130
6577 17 17 130
6578 18 252 130
6579 19 65 130
6580 20 177 130
6581 21 21 130
6582 22 54 130
6583 23 186 130
6584 24 135 130
6585 25 209 130
6586 26 112 130
6587 27 44 130
6588 0 93 131
6589 1 211 131
6590 2 78 131
6591 3 164 131
6592 4 202 131
6593 5 161 131
6594 6 125 131
6595 7 24 131
6596 8 156 131
6597 9 9 131
6598 10 26 131
6599 11 246 131
6600 12 48 131
6601 13 84 131
6602 14 175 131
6603 15 209 131
6604 16 33 131
6605 17 223 131
6606 18 6 131
6607 19 51 131
6608 20 96 131
6609 21 207 131
6610 22 192 131
6611 23 54 131
6612 24 6 131
6613 25 148 131
6614 26 157 131
6615 27 38 131
6616 29 61 131
6617 0 123 132
6618 1 30 132
6619 2 206 132
6620 3 141 132
6621 4 177 132
6622 5 174 132
6623 6 146 132
6624 7 85 132
6625 8 53 132
6626 9 128 132
6627 10 115 132
6628 11 99 132
6629 12 109 132
6630 13 22 132
6631 14 207 132
6632 15 127 132
6633 16 93 132
6634 17 71 132
6635 18 54 132
6636 19 6 132
6637 20 38 132
6638 21 252 132
6639 22 113 132
6640 23 34 132
6641 24 59 132
6642 25 105 132
6643 26 200 132
6644 27 43 132
6645 28 175 132
6646 29 183 132
6647 0 222 133
6648 1 155 133
6649 2 36 133
6650 3 260 133
6651 4 62 133
6652 5 159 133
6653 6 95 133
6654 7 170 133
6655 8 115 133
6656 9 181 133
6657 10 16 133
6658 11 214 133
6659 12 110 133
6660 13 229 133
6661 14 178 133
6662 15 147 133
6663 16 50 133
6664 17 208 133
6665 18 262 133
6666 19 60 133
6667 20 189 133
6668 21 88 133
6669 22 36 133
6670 23 114 133
6671 24 140 133
6672 25 219 133
6673 26 10 133
6674 27 182 133
6675 28 189 133
6676 29 243 133
6677 30 48 133
6678 0 255 134
6679 1 4 134
6680 2 13 134
6681 3 52 134
6682 4 259 134
6683 5 256 134
6684 6 88 134
6685 7 68 134
6686 8 155 134
6687 9 77 134
6688 10 145 134
6689 11 77 134
6690 12 80 134
6691 13 29 134
6692 14 40 134
6693 15 101 134
6694 16 140 134
6695 17 38 134
6696 18 98 134
6697 19 187 134
6698 20 224 134
6699 21 9 134
6700 22 170 134
6701 23 133 134
6702 24 106 134
6703 25 2 134
6704 26 16 134
6705 27 239 134
6706 28 150 134
6707 29 190 134
6708 30 142 134
6709 0 193 135
6710 1 139 135
6711 2 202 135
6712 3 135 135
6713 4 68 135
6714 5 46 135
6715 6 211 135
6716 7 41 135
6717 8 110 135
6718 9 24 135
6719 10 236 135
6720 11 45 135
6721 12 96 135
6722 13 132 135
6723 14 219 135
6724 15 70 135
6725 16 255 135
6726 17 113 135
6727 18 141 135
6728 19 155 135
6729 20 96 135
6730 21 173 135
6731 22 76 135
6732 23 128 135
6733 24 47 135
6734 25 69 135
6735 26 24 135
6736 27 44 135
6737 28 226 135
6738 29 239 135
6739 30 54 135
6740 31 217 135
6741 0 186 136
6742 1 61 136
6743 2 18 136
6744 3 204 136
6745 4 237 136
6746 5 93 136
6747 6 118 136
6748 7 52 136
6749 8 200 136
6750 9 221 136
6751 10 226 136
6752 11 158 136
6753 12 78 136
6754 13 117 136
6755 14 89 136
6756 15 134 136
6757 16 203 136
6758 17 89 136
6759 18 11 136
6760 19 212 136
6761 20 154 136
6762 21 109 136
6763 22 21 136
6764 23 9 136
6765 24 164 136
6766 25 257 136
6767 26 63 136
6768 27 16 136
6769 28 8 136
6770 29 15 136
6771 30 225 136
6772 31 94 136
6773 32 19 136
6774 33 203 136
6775 0 63 137
6776 1 31 137
6777 2 253 137
6778 3 36 137
6779 4 47 137
6780 5 60 137
6781 6 71 137
6782 7 196 137
6783 8 249 137
6784 9 6 137
6785 10 65 137
6786 11 226 137
6787 12 174 137
6788 13 178 137
6789 14 117 137
6790 15 218 137
6791 16 218 137
6792 17 153 137
6793 18 54 137
6794 19 100 137
6795 20 204 137
6796 21 237 137
6797 22 131 137
6798 23 137 137
6799 24 32 137
6800 25 225 137
6801 26 180 137
6802 27 38 137
6803 28 31 137
6804 29 16 137
6805 30 132 137
6806 31 143 137
6807 32 51 137
6808 33 21 137
6809 0 256 138
6810 1 105 138
6811 2 92 138
6812 3 204 138
6813 4 43 138
6814 5 134 138
6815 6 111 138
6816 7 39 138
6817 8 135 138
6818 9 92 138
6819 10 63 138
6820 11 60 138
6821 12 85 138
6822 13 235 138
6823 14 76 138
6824 15 244 138
6825 16 62 138
6826 17 153 138
6827 18 262 138
6828 19 137 138
6829 20 71 138
6830 21 180 138
6831 22 227 138
6832 23 7 138
6833 24 44 138
6834 25 121 138
6835 26 43 138
6836 27 25 138
6837 28 216 138
6838 29 96 138
6839 30 23 138
6840 31 77 138
6841 32 161 138
6842 33 211 138
6843 34 126 138
6844 0 166 139
6845 1 32 139
6846 2 68 139
6847 3 145 139
6848 4 192 139
6849 5 214 139
6850 6 42 139
6851 7 83 139
6852 8 251 139
6853 9 54 139
6854 10 94 139
6855 11 139 139
6856 12 78 139
6857 13 67 139
6858 14 187 139
6859 15 64 139
6860 16 237 139
6861 17 23 139
6862 18 196 139
6863 19 168 139
6864 20 225 139
6865 21 63 139
6866 22 39 139
6867 23 234 139
6868 24 16 139
6869 25 2 139
6870 26 262 139
6871 27 41 139
6872 28 98 139
6873 29 139 139
6874 30 197 139
6875 31 37 139
6876 32 82 139
6877 33 82 139
6878 34 38 139
6879 0 241 140
6880 1 85 140
6881 2 126 140
6882 3 187 140
6883 4 197 140
6884 5 159 140
6885 6 62 140
6886 7 27 140
6887 8 17 140
6888 9 53 140
6889 10 64 140
6890 11 74 140
6891 12 214 140
6892 13 177 140
6893 14 147 140
6894 15 179 140
6895 16 79 140
6896 17 29 140
6897 18 175 140
6898 19 128 140
6899 20 154 140
6900 21 70 140
6901 22 33 140
6902 23 37 140
6903 24 12 140
6904 25 128 140
6905 26 24 140
6906 27 187 140
6907 28 168 140
6908 29 90 140
6909 30 4 140
6910 31 21 140
6911 32 30 140
6912 33 99 140
6913 34 161 140
6914 35 241 140
6915 36 34 140
6916 0 124 141
6917 1 27 141
6918 2 177 141
6919 3 242 141
6920 4 78 141
6921 5 46 141
6922 6 128 141
6923 7 185 141
6924 8 194 141
6925 9 13 141
6926 10 209 141
6927 11 55 141
6928 12 135 141
6929 13 135 141
6930 14 229 141
6931 15 23 141
6932 16 175 141
6933 17 166 141
6934 18 192 141
6935 19 251 141
6936 20 40 141
6937 21 129 141
6938 22 183 141
6939 23 106 141
6940 24 17 141
6941 25 100 141
6942 26 58 141
6943 27 228 141
6944 28 20 141
6945 29 98 141
6946 30 57 141
6947 31 124 141
6948 32 13 141
6949 33 252 141
6950 34 114 141
6951 35 48 141
6952 36 32 141
6953 37 182 141
6954 0 70 142
6955 1 177 142
6956 2 148 142
6957 3 218 142
6958 4 99 142
6959 5 1 142
6960 6 178 142
6961 7 231 142
6962 8 216 142
6963 9 115 142
6964 10 152 142
6965 11 57 142
6966 12 200 142
6967 13 78 142
6968 14 211 142
6969 15 63 142
6970 16 134 142
6971 17 250 142
6972 18 30 142
6973 19 126 142
6974 20 37 142
6975 21 63 142
6976 22 113 142
6977 23 154 142
6978 24 28 142
6979 25 148 142
6980 26 145 142
6981 27 83 142
6982 28 121 142
6983 29 157 142
6984 30 126 142
6985 31 29 142
6986 32 229 142
6987 33 40 142
6988 34 29 142
6989 35 249 142
6990 36 59 142
6991 37 40 142
6992 0 206 143
6993 1 261 143
6994 2 158 143
6995 3 77 143
6996 4 236 143
6997 5 32 143
6998 6 133 143
6999 7 110 143
7000 8 163 143
7001 9 66 143
7002 10 55 143
7003 11 112 143
7004 12 120 143
7005 13 5 143
7006 14 174 143
7007 15 88 143
7008 16 124 143
7009 17 61 143
7010 18 184 143
7011 19 201 143
7012 20 129 143
7013 21 109 143
7014 22 212 143
7015 23 154 143
7016 24 127 143
7017 25 18 143
7018 26 16 143
7019 27 226 143
7020 28 80 143
7021 29 219 143
7022 30 11 143
7023 31 203 143
7024 32 90 143
7025 33 85 143
7026 34 51 143
7027 35 55 143
7028 36 78 143
7029 37 161 143
7030 38 259 143
7031 0 238 144
7032 1 2 144
7033 2 4 144
7034 3 59 144
7035 4 158 144
7036 5 73 144
7037 6 15 144
7038 7 116 144
7039 8 68 144
7040 9 253 144
7041 10 42 144
7042 11 220 144
7043 12 238 144
7044 13 14 144
7045 14 35 144
7046 15 182 144
7047 16 58 144
7048 17 11 144
7049 18 259 144
7050 19 200 144
7051 20 178 144
7052 21 174 144
7053 22 169 144
7054 23 19 144
7055 24 16 144
7056 25 81 144
7057 26 218 144
7058 27 102 144
7059 28 119 144
7060 29 84 144
7061 30 161 144
7062 31 95 144
7063 32 236 144
7064 33 18 144
7065 34 16 144
7066 35 180 144
7067 36 99 144
7068 37 17 144
7069 38 262 144
7070 39 105 144
7071 0 109 145
7072 1 16 145
7073 2 201 145
7074 3 221 145
7075 4 11 145
7076 5 23 145
7077 6 234 145
7078 7 89 145
7079 8 83 145
7080 9 168 145
7081 10 256 145
7082 11 195 145
7083 12 148 145
7084 13 233 145
7085 14 100 145
7086 15 117 145
7087 16 41 145
7088 17 6 145
7089 18 56 145
7090 19 202 145
7091 20 142 145
7092 21 216 145
7093 22 109 145
7094 23 8 145
7095 24 30 145
7096 25 61 145
7097 26 239 145
7098 27 105 145
7099 28 110 145
7100 29 113 145
7101 30 257 145
7102 31 71 145
7103 32 181 145
7104 33 106 145
7105 34 207 145
7106 35 154 145
7107 36 242 145
7108 37 162 145
7109 38 123 145
7110 39 85 145
7111 40 149 145
7112 0 208 146
7113 1 23 146
7114 2 135 146
7115 3 252 146
7116 4 204 146
7117 5 139 146
7118 6 207 146
7119 7 80 146
7120 8 6 146
7121 9 8 146
7122 10 207 146
7123 11 51 146
7124 12 87 146
7125 13 75 146
7126 14 23 146
7127 15 16 146
7128 16 62 146
7129 17 15 146
7130 18 198 146
7131 19 160 146
7132 20 163 146
7133 21 41 146
7134 22 177 146
7135 23 138 146
7136 24 11 146
7137 25 3 146
7138 26 185 146
7139 27 147 146
7140 28 79 146
7141 29 14 146
7142 30 26 146
7143 31 105 146
7144 32 22 146
7145 33 215 146
7146 34 157 146
7147 35 50 146
7148 36 212 146
7149 37 14 146
7150 38 50 146
7151 39 130 146
7152 40 77 146
7153 41 53 146
7154 0 212 147
7155 1 38 147
7156 2 4 147
7157 3 22 147
7158 4 98 147
7159 5 240 147
7160 6 78 147
7161 7 18 147
7162 8 231 147
7163 9 96 147
7164 10 222 147
7165 11 37 147
7166 12 166 147
7167 13 26 147
7168 14 198 147
7169 15 144 147
7170 16 41 147
7171 17 240 147
7172 18 87 147
7173 19 141 147
7174 20 115 147
7175 21 102 147
7176 22 152 147
7177 23 118 147
7178 24 100 147
7179 25 7 147
7180 26 257 147
7181 27 55 147
7182 28 168 147
7183 29 53 147
7184 30 255 147
7185 31 48 147
7186 32 226 147
7187 33 163 147
7188 34 78 147
7189 35 16 147
7190 36 45 147
7191 37 165 147
7192 38 15 147
7193 39 105 147
7194 40 146 147
7195 41 238 147
7196 0 9 148
7197 1 42 148
7198 2 31 148
7199 3 140 148
7200 4 199 148
7201 5 86 148
7202 6 12 148
7203 7 211 148
7204 8 89 148
7205 9 27 148
7206 10 60 148
7207 11 258 148
7208 12 99 148
7209 13 194 148
7210 14 33 148
7211 15 178 148
7212 16 95 148
7213 17 13 148
7214 18 109 148
7215 42 211 148
7216 19 117 148
7217 20 84 148
7218 21 67 148
7219 22 259 148
7220 23 119 148
7221 24 69 148
7222 25 14 148
7223 26 242 148
7224 27 230 148
7225 28 229 148
7226 29 105 148
7227 30 254 148
7228 31 142 148
7229 32 182 148
7230 33 2 148
7231 34 204 148
7232 35 164 148
7233 36 15 148
7234 37 58 148
7235 38 150 148
7236 39 195 148
7237 40 54 148
7238 41 228 148
7239 0 94 149
7240 1 232 149
7241 2 220 149
7242 3 68 149
7243 4 87 149
7244 5 233 149
7245 6 219 149
7246 7 154 149
7247 8 115 149
7248 9 57 149
7249 10 51 149
7250 11 146 149
7251 12 104 149
7252 13 227 149
7253 14 80 149
7254 15 28 149
7255 43 52 149
7256 42 26 149
7257 16 72 149
7258 17 137 149
7259 18 228 149
7260 19 33 149
7261 20 176 149
7262 21 141 149
7263 22 259 149
7264 23 98 149
7265 24 35 149
7266 25 66 149
7267 26 26 149
7268 27 225 149
7269 28 208 149
7270 29 213 149
7271 30 27 149
7272 31 226 149
7273 32 229 149
7274 33 44 149
7275 34 184 149
7276 35 141 149
7277 36 239 149
7278 37 23 149
7279 38 181 149
7280 39 131 149
7281 40 108 149
7282 41 15 149
7283 0 138 150
7284 1 231 150
7285 2 216 150
7286 3 209 150
7287 4 72 150
7288 5 136 150
7289 6 129 150
7290 7 103 150
7291 8 128 150
7292 9 152 150
7293 10 48 150
7294 44 158 150
7295 43 237 150
7296 42 250 150
7297 11 41 150
7298 12 26 150
7299 13 196 150
7300 14 215 150
7301 15 16 150
7302 16 211 150
7303 17 138 150
7304 18 252 150
7305 19 127 150
7306 20 90 150
7307 21 55 150
7308 22 17 150
7309 23 257 150
7310 24 252 150
7311 25 64 150
7312 26 39 150
7313 27 22 150
7314 28 6 150
7315 29 253 150
7316 30 30 150
7317 31 208 150
7318 32 96 150
7319 33 209 150
7320 34 173 150
7321 35 33 150
7322 36 49 150
7323 37 166 150
7324 38 257 150
7325 39 132 150
7326 40 23 150
7327 41 113 150
7328 0 227 151
7329 1 40 151
7330 2 186 151
7331 3 196 151
7332 45 184 151
7333 44 184 151
7334 43 13 151
7335 42 138 151
7336 4 215 151
7337 5 172 151
7338 6 20 151
7339 7 7 151
7340 8 14 151
7341 9 75 151
7342 10 36 151
7343 11 79 151
7344 12 227 151
7345 13 141 151
7346 14 65 151
7347 15 22 151
7348 17 88 151
7349 18 11 151
7350 19 204 151
7351 20 172 151
7352 21 156 151
7353 22 78 151
7354 23 64 151
7355 24 81 151
7356 25 129 151
7357 26 185 151
7358 27 16 151
7359 28 12 151
7360 29 17 151
7361 30 82 151
7362 31 35 151
7363 32 80 151
7364 33 11 151
7365 34 257 151
7366 35 169 151
7367 36 139 151
7368 37 231 151
7369 46 184 153
7370 45 171 152
7371 44 171 152
7372 43 125 152
7373 42 194 152
7374 41 166 151
7375 40 166 151
7376 39 83 151
7377 38 256 151
7378 0 123 152
7379 1 29 152
7380 2 153 152
7381 3 44 152
7382 4 12 152
7383 5 111 152
7384 6 120 152
7385 17 142 152
7386 18 80 152
7387 19 65 152
7388 20 176 152
7389 21 18 152
7390 22 123 152
7391 23 166 152
7392 24 198 152
7393 25 1 152
7394 26 254 152
7395 27 74 152
7396 28 241 152
7397 29 79 152
7398 30 214 152
7399 31 208 152
7400 32 38 152
7401 33 64 152
7402 34 187 152
7403 35 139 152
7404 36 136 152
7405 47 79 154
7406 46 171 154
7407 45 46 153
7408 44 46 153
7409 43 69 153
7410 42 166 153
7411 41 180 152
7412 40 180 152
7413 39 90 152
7414 38 135 152
7415 37 163 152
7416 0 91 153
7417 1 18 153
7418 2 12 153
7419 3 145 153
7420 4 13 153
7421 5 120 153
7422 18 258 153
7423 20 228 153
7424 21 197 153
7425 22 166 153
7426 23 153 153
7427 24 6 153
7428 25 46 153
7429 26 103 153
7430 27 126 153
7431 28 65 153
7432 29 180 153
7433 30 62 153
7434 31 114 153
7435 32 66 153
7436 33 78 153
7437 34 165 153
7438 35 17 153
7439 36 190 153
7440 48 149 155
7441 47 92 155
7442 46 46 155
7443 45 240 154
7444 44 240 154
7445 43 97 154
7446 42 180 154
7447 41 173 153
7448 40 173 153
7449 39 218 153
7450 38 64 153
7451 37 176 153
7452 0 22 154
7453 1 45 154
7454 2 160 154
7455 3 253 154
7456 4 154 154
7457 5 99 154
7458 21 115 154
7459 23 227 154
7460 24 127 154
7461 25 76 154
7462 26 217 154
7463 27 110 154
7464 28 61 154
7465 29 8 154
7466 30 239 154
7467 31 238 154
7468 32 34 154
7469 33 226 154
7470 34 22 154
7471 35 161 154
7472 36 77 154
7473 37 50 154
7474 49 57 156
7475 48 57 156
7476 47 217 156
7477 46 240 156
7478 45 143 155
7479 44 143 155
7480 43 83 155
7481 42 173 155
7482 41 45 154
7483 40 45 154
7484 39 154 154
7485 38 231 154
7486 0 43 155
7487 1 47 155
7488 2 191 155
7489 3 83 155
7490 4 203 155
7491 5 178 155
7492 23 143 155
7493 24 14 155
7494 25 172 155
7495 26 185 155
7496 27 81 155
7497 28 71 155
7498 29 38 155
7499 30 201 155
7500 31 133 155
7501 32 65 155
7502 33 59 155
7503 34 167 155
7504 35 72 155
7505 36 117 155
7506 37 59 155
7507 50 206 157
7508 49 103 157
7509 48 103 157
7510 47 23 157
7511 46 143 157
7512 45 60 156
7513 44 60 156
7514 43 90 156
7515 42 45 156
7516 41 109 155
7517 40 109 155
7518 39 186 155
7519 38 16 155
7520 0 63 156
7521 1 72 156
7522 2 190 156
7523 3 171 156
7524 4 181 156
7525 25 15 156
7526 27 23 156
7527 28 252 156
7528 29 177 156
7529 30 54 156
7530 31 211 156
7531 32 242 156
7532 33 222 156
7533 34 25 156
7534 35 82 156
7535 36 74 156
7536 37 97 156
7537 38 71 156
7538 39 70 156
7539 51 206 159
7540 50 160 158
7541 49 80 158
7542 48 80 158
7543 47 120 158
7544 46 60 158
7545 45 233 157
7546 44 233 157
7547 43 218 157
7548 42 109 157
7549 41 77 156
7550 40 77 156
7551 0 99 157
7552 1 115 157
7553 2 158 157
7554 3 18 157
7555 4 197 157
7556 27 57 157
7557 28 76 157
7558 29 102 157
7559 30 63 157
7560 31 250 157
7561 32 163 157
7562 33 62 157
7563 34 132 157
7564 35 251 157
7565 36 255 157
7566 37 99 157
7567 38 186 157
7568 39 129 157
7569 40 251 157
7570 52 206 161
7571 51 160 160
7572 50 183 159
7573 49 223 159
7574 48 223 159
7575 47 203 159
7576 46 233 159
7577 45 15 158
7578 44 15 158
7579 43 154 158
7580 42 77 158
7581 41 93 157
7582 0 70 158
7583 1 198 158
7584 2 47 158
7585 3 8 158
7586 4 85 158
7587 28 238 158
7588 30 86 158
7589 31 38 158
7590 32 89 158
7591 35 72 158
7592 34 257 158
7593 33 1 158
7594 36 225 158
7595 37 171 158
7596 38 33 158
7597 39 107 158
7598 40 262 158
7599 41 137 158
7600 53 122 161
7601 52 160 162
7602 51 183 161
7603 50 40 160
7604 49 20 160
7605 48 20 160
7606 47 30 160
7607 46 15 160
7608 45 124 159
7609 44 124 159
7610 43 186 159
7611 42 93 159
7612 0 74 159
7613 1 168 159
7614 2 194 159
7615 3 238 159
7616 31 180 159
7617 32 169 159
7618 33 142 159
7619 34 150 159
7620 35 260 159
7621 36 4 159
7622 37 230 159
7623 38 140 159
7624 39 30 159
7625 40 84 159
7626 41 63 159
7627 0 211 160
7628 1 83 160
7629 54 141 162
7630 53 202 162
7631 52 183 163
7632 51 40 162
7633 50 243 161
7634 49 253 161
7635 48 253 161
7636 47 248 161
7637 46 124 161
7638 45 201 160
7639 44 201 160
7640 43 170 160
7641 42 85 160
7642 2 5 160
7643 3 134 160
7644 31 171 160
7645 32 132 160
7646 33 36 160
7647 38 2 160
7648 34 63 160
7649 35 110 160
7650 37 261 160
7651 36 261 160
7652 39 190 160
7653 40 172 160
7654 41 240 160
7655 0 162 161
7656 1 15 161
7657 55 141 164
7658 54 61 163
7659 53 162 163
7660 52 40 164
7661 51 243 163
7662 50 10 162
7663 49 5 162
7664 48 5 162
7665 47 139 162
7666 46 201 162
7667 45 31 161
7668 44 31 161
7669 43 178 161
7670 42 89 161
7671 2 70 161
7672 3 69 161
7673 34 14 161
7674 35 205 161
7675 39 87 161
7676 38 262 161
7677 36 176 161
7678 40 216 161
7679 37 1 161
7680 41 128 161
7681 0 152 162
7682 1 235 162
7683 2 83 162
7684 57 73 165
7685 55 61 165
7686 54 101 164
7687 53 182 164
7688 52 243 165
7689 51 10 164
7690 50 258 163
7691 49 129 163
7692 48 129 163
7693 47 62 163
7694 46 31 163
7695 45 116 162
7696 44 116 162
7697 43 174 162
7698 42 87 162
7699 35 165 162
7700 36 105 162
7701 37 255 162
7702 40 176 162
7703 39 88 162
7704 38 132 162
7705 41 224 162
7706 0 164 163
7707 1 108 163
7708 2 3 163
7709 35 184 163
7710 56 58 166
7711 57 203 166
7712 55 101 166
7713 54 81 165
7714 53 172 165
7715 52 10 166
7716 51 258 165
7717 50 134 164
7718 49 67 164
7719 48 67 164
7720 47 232 164
7721 46 116 164
7722 45 205 163
7723 44 205 163
7724 43 176 163
7725 42 88 163
7726 37 261 163
7727 38 253 163
7728 41 175 163
7729 40 175 163
7730 39 219 163
7731 0 64 164
7732 1 193 164
7733 38 131 164
7734 2 68 164
7735 58 108 167
7736 56 24 167
7737 57 239 167
7738 55 81 167
7739 54 91 166
7740 53 177 166
7741 52 258 167
7742 51 134 166
7743 50 196 165
7744 49 98 165
7745 48 98 165
7746 47 147 165
7747 46 205 165
7748 45 29 164
7749 44 29 164
7750 43 175 164
7751 42 219 164
7752 39 175 164
7753 0 147 165
7754 41 44 164
7755 40 44 164
7756 1 55 165
7757 40 88 165
7758 39 44 165
7759 59 108 169
7760 58 209 168
7761 56 15 168
7762 57 39 168
7763 55 91 168
7764 54 86 167
7765 53 43 167
7766 52 134 168
7767 51 196 167
7768 50 165 166
7769 49 214 166
7770 48 214 166
7771 47 58 166
7772 46 29 166
7773 45 117 165
7774 44 117 165
7775 43 44 165
7776 42 22 165
7777 0 234 166
7778 42 44 166
7779 41 241 165
7780 1 211 166
7781 41 219 166
7782 60 108 171
7783 59 209 170
7784 58 27 169
7785 56 200 169
7786 57 230 169
7787 55 86 169
7788 54 220 168
7789 53 110 168
7790 52 196 169
7791 51 165 168
7792 50 49 167
7793 49 156 167
7794 48 156 167
7795 47 234 167
7796 46 117 167
7797 45 73 166
7798 44 73 166
7799 43 241 166
7800 0 190 167
7801 43 219 167
7802 42 241 167
7803 1 250 167
7804 61 54 171
7805 60 209 172
7806 59 27 171
7807 58 118 170
7808 56 180 170
7809 57 89 170
7810 55 220 170
7811 54 153 169
7812 53 208 169
7813 52 165 170
7814 51 49 169
7815 50 107 168
7816 49 185 168
7817 48 185 168
7818 47 146 168
7819 46 73 168
7820 45 95 167
7821 44 95 167
7822 0 179 168
7823 44 190 168
7824 43 22 168
7825 62 245 172
7826 61 236 172
7827 60 27 173
7828 59 118 172
7829 58 204 171
7830 56 4 171
7831 57 248 171
7832 55 153 171
7833 54 55 170
7834 53 159 170
7835 52 49 171
7836 51 107 170
7837 50 78 169
7838 49 39 169
7839 48 39 169
7840 47 190 169
7841 46 95 169
7842 45 84 168
7843 0 242 169
7844 45 168 169
7845 63 245 174
7846 62 9 173
7847 61 145 173
7848 60 118 174
7849 59 204 173
7850 58 161 172
7851 56 222 172
7852 57 190 172
7853 55 55 172
7854 54 104 171
7855 53 52 171
7856 52 107 172
7857 51 78 171
7858 50 224 170
7859 49 112 170
7860 48 112 170
7861 47 168 170
7862 46 84 170
7863 0 192 170
7864 64 18 175
7865 63 9 175
7866 62 127 174
7867 61 59 174
7868 60 204 175
7869 59 161 174
7870 58 51 173
7871 56 6 173
7872 57 11 173
7873 55 104 173
7874 54 211 172
7875 53 237 172
7876 52 78 173
7877 51 224 172
7878 50 151 171
7879 49 207 171
7880 48 207 171
7881 47 179 171
7882 65 254 176
7883 64 254 176
7884 63 127 176
7885 62 68 175
7886 61 102 175
7887 60 161 176
7888 59 51 175
7889 58 106 174
7890 56 2 174
7891 57 73 174
7892 55 211 174
7893 54 26 173
7894 53 13 173
7895 52 224 174
7896 51 151 173
7897 50 56 172
7898 49 28 172
7899 66 3 177
7900 65 136 177
7901 64 136 177
7902 63 68 177
7903 62 229 176
7904 61 212 176
7905 60 51 177
7906 59 106 176
7907 58 210 175
7908 56 164 175
7909 57 253 175
7910 55 26 175
7911 54 250 174
7912 53 125 174
7913 52 151 175
7914 51 56 174
7915 67 3 179
7916 66 130 178
7917 65 195 178
7918 64 195 178
7919 63 229 178
7920 62 17 177
7921 61 157 177
7922 60 106 178
7923 59 210 177
7924 58 158 176
7925 56 253 176
7926 57 189 176
7927 55 250 176
7928 54 138 175
7929 53 69 175
7930 68 260 180
7931 67 130 180
7932 66 198 179
7933 65 34 179
7934 64 34 179
7935 63 17 179
7936 62 123 178
7937 61 53 178
7938 60 210 179
7939 59 158 178
7940 58 184 177
7941 56 252 177
7942 57 208 177
7943 55 138 177
7944 69 133 181
7945 68 133 181
7946 67 198 181
7947 66 164 180
7948 65 246 180
7949 64 246 180
7950 63 123 180
7951 62 70 179
7952 61 105 179
7953 60 158 180
7954 59 184 179
7955 58 171 178
7956 56 233 178
7957 70 133 183
7958 69 65 182
7959 68 65 182
7960 67 164 182
7961 66 181 181
7962 65 140 181
7963 64 140 181
7964 63 70 181
7965 62 228 180
7966 61 79 180
7967 60 184 181
7968 59 171 180
7969 71 132 183
7970 70 65 184
7971 69 99 183
7972 68 99 183
7973 67 181 183
7974 66 41 182
7975 65 193 182
7976 64 193 182
7977 63 228 182
7978 62 149 181
7979 61 92 181
7980 72 132 185
7981 71 197 184
7982 70 99 185
7983 69 82 184
7984 68 82 184
7985 67 41 184
7986 66 111 183
7987 65 35 183
7988 64 35 183
7989 63 149 183
7990 73 197 186
7991 72 197 186
7992 71 33 185
7993 70 82 186
7994 69 222 185
7995 68 222 185
7996 67 111 185
7997 66 76 184
7998 65 114 184
7999 74 197 188
8000 73 33 187
8001 72 33 187
8002 71 115 186
8003 70 222 187
8004 69 152 186
8005 68 152 186
8006 67 76 186
8007 75 241 188
8008 74 33 189
8009 73 115 188
8010 72 115 188
8011 71 74 187
8012 70 152 188
8013 69 187 187
8014 76 241 190
8015 75 11 189
8016 74 115 190
8017 73 74 189
8018 72 74 189
8019 71 226 188
8020 77 11 191
8021 76 11 191
8022 75 126 190
8023 74 74 191
8024 73 226 190
8025 78 252 192
8026 77 126 192
8027 76 126 192
8028 75 200 191
8029 79 252 194
8030 78 137 193
8031 77 200 193
8032 80 179 195
8033 79 137 195
8034 81 42 196
8035 82 171 197
8036 80 80 196
8037 78 253 194
8038 76 43 193
8039 74 104 192
8040 72 79 190
8041 70 240 189
8042 68 243 187
8043 66 220 185
8044 64 55 184
8045 62 184 182
8046 60 217 182
8047 58 20 179
8048 57 75 178
8049 54 208 176
8050 52 211 176
8051 50 217 173
8052 48 40 172
8053 46 5 171
8054 44 153 169
8055 42 52 168
8056 40 171 166
8057 38 120 165
8058 36 253 163
8059 34 196 162
8060 32 104 161
8061 30 250 159
8062 29 7 158
8063 26 233 156
8064 24 139 156
8065 22 147 154
8066 20 29 154
8067 19 170 153
8068 16 249 151
8069 14 121 152
8070 11 105 152
8071 7 196 152
8072 8 245 152
8073 9 30 152
8074 10 238 152
8075 12 167 152
8076 13 254 152
8077 83 171 199
8078 81 223 197
8079 79 253 196
8080 77 110 194
8081 75 210 192
8082 73 92 191
8083 71 80 189
8084 69 10 188
8085 67 220 187
8086 65 104 185
8087 63 184 184
8088 61 240 182
8089 59 20 181
8090 56 190 179
8091 55 208 178
8092 53 79 176
8093 51 217 175
8094 49 243 173
8095 47 258 172
8096 45 55 170
8097 43 211 169
8098 41 46 167
8099 39 223 166
8100 37 5 164
8101 35 196 164
8102 33 52 161
8103 31 250 161
8104 28 57 159
8105 27 233 158
8106 25 62 157
8107 23 147 156
8108 21 78 155
8109 18 154 154
8110 17 249 153
8111 15 128 152
8112 16 199 152
8113 6 39 153
8114 7 230 153
8115 8 109 153
8116 9 255 153
8117 10 157 153
8118 84 206 200
8119 82 40 198
8120 80 91 197
8121 78 153 195
8122 76 210 194
8123 74 92 193
8124 72 80 191
8125 70 10 190
8126 68 43 188
8127 66 53 186
8128 64 79 185
8129 62 183 183
8130 60 20 183
8131 58 220 180
8132 57 32 179
8133 54 184 177
8134 52 217 177
8135 50 20 174
8136 48 177 173
8137 46 55 172
8138 44 105 170
8139 42 46 169
8140 40 40 167
8141 38 5 166
8142 36 153 164
8143 34 52 163
8144 32 92 162
8145 30 120 160
8146 29 27 159
8147 26 196 157
8148 24 214 157
8149 22 39 155
8150 20 56 155
8151 19 181 154
8152 11 149 153
8153 14 16 153
8154 12 109 153
8155 13 79 153
8156 15 226 153
8157 16 217 153
8158 85 103 200
8159 83 40 200
8160 81 86 198
8161 79 153 197
8162 77 158 195
8163 75 206 193
8164 73 223 192
8165 71 91 190
8166 69 110 189
8167 67 53 188
8168 65 92 186
8169 63 183 185
8170 61 10 183
8171 59 220 182
8172 56 50 180
8173 55 184 179
8174 53 80 177
8175 51 20 176
8176 49 43 174
8177 47 208 173
8178 45 79 171
8179 43 217 170
8180 41 243 168
8181 39 86 167
8182 37 55 165
8183 35 52 165
8184 33 46 162
8185 31 120 162
8186 28 64 160
8187 27 196 159
8188 25 156 158
8189 23 39 157
8190 21 69 156
8191 18 145 155
8192 17 109 154
8193 6 43 154
8194 7 198 154
8195 8 3 154
8196 9 49 154
8197 86 103 202
8198 84 162 201
8199 82 177 199
8200 80 212 198
8201 78 105 196
8202 76 206 195
8203 74 223 194
8204 72 91 192
8205 70 110 191
8206 68 210 189
8207 66 57 187
8208 64 80 186
8209 62 172 184
8210 60 220 184
8211 58 53 181
8212 57 45 180
8213 54 183 178
8214 52 20 178
8215 50 220 175
8216 48 106 174
8217 46 79 173
8218 44 103 171
8219 42 243 170
8220 40 177 168
8221 38 55 167
8222 36 105 165
8223 34 46 164
8224 32 223 163
8225 30 5 161
8226 29 10 160
8227 26 52 158
8228 24 250 158
8229 22 166 156
8230 20 90 156
8231 19 244 155
8232 10 6 154
8233 14 176 154
8234 11 75 154
8235 87 103 204
8236 85 81 201
8237 83 177 201
8238 81 157 199
8239 79 105 198
8240 77 160 196
8241 75 162 194
8242 73 86 193
8243 71 212 191
8244 69 158 190
8245 67 57 189
8246 65 223 187
8247 63 172 186
8248 61 110 184
8249 59 53 183
8250 56 65 181
8251 55 183 180
8252 53 91 178
8253 51 220 177
8254 49 210 175
8255 47 184 174
8256 45 80 172
8257 43 20 171
8258 41 43 169
8259 39 157 168
8260 37 79 166
8261 35 46 166
8262 33 243 163
8263 31 5 163
8264 28 237 161
8265 27 52 160
8266 25 138 159
8267 23 166 158
8268 21 233 157
8269 18 198 156
8270 17 147 155
8271 15 234 154
8272 89 231 205
8273 86 81 203
8274 84 204 202
8275 82 106 200
8276 80 228 199
8277 78 103 197
8278 76 162 196
8279 74 86 195
8280 72 212 193
8281 70 158 192
8282 68 206 190
8283 66 101 188
8284 64 91 187
8285 62 51 185
8286 60 53 185
8287 58 57 182
8288 57 11 181
8289 54 172 179
8290 52 220 179
8291 50 53 176
8292 48 114 175
8293 46 80 174
8294 44 81 172
8295 42 43 171
8296 40 106 169
8297 38 79 168
8298 36 103 166
8299 34 243 165
8300 32 86 164
8301 30 55 162
8302 29 109 161
8303 26 46 159
8304 24 120 159
8305 22 248 157
8306 20 201 157
8307 19 36 156
8308 88 42 206
8309 87 81 205
8310 85 102 202
8311 83 106 202
8312 81 149 200
8313 79 103 199
8314 77 182 197
8315 75 204 195
8316 73 157 194
8317 71 228 192
8318 69 160 191
8319 67 101 190
8320 65 86 188
8321 63 51 187
8322 61 158 185
8323 59 57 184
8324 56 89 182
8325 55 172 181
8326 53 212 179
8327 51 53 178
8328 49 206 176
8329 47 183 175
8330 45 91 173
8331 43 220 172
8332 41 210 170
8333 39 149 169
8334 37 80 167
8335 35 243 167
8336 33 43 164
8337 31 55 164
8338 28 54 162
8339 27 46 161
8340 25 203 160
8341 23 248 159
8342 21 196 158
8343 90 202 207
8344 89 46 206
8345 86 102 204
8346 84 140 203
8347 82 114 201
8348 80 141 200
8349 78 81 198
8350 76 204 197
8351 74 157 196
8352 72 228 194
8353 70 160 193
8354 68 162 191
8355 66 59 189
8356 64 212 188
8357 62 35 186
8358 60 57 186
8359 58 101 183
8360 57 57 182
8361 54 51 180
8362 52 53 180
8363 50 57 177
8364 48 202 176
8365 46 91 175
8366 44 102 173
8367 42 210 172
8368 40 114 170
8369 38 80 169
8370 36 81 167
8371 34 43 166
8372 32 157 165
8373 30 79 163
8374 29 136 162
8375 26 243 160
8376 24 5 160
8377 91 202 209
8378 88 181 207
8379 87 102 206
8380 85 70 203
8381 83 114 203
8382 81 61 201
8383 79 81 200
8384 77 161 198
8385 75 140 196
8386 73 149 195
8387 71 141 193
8388 69 182 192
8389 67 59 191
8390 65 157 189
8391 63 35 188
8392 61 160 186
8393 59 101 185
8394 56 228 183
8395 55 51 182
8396 53 228 180
8397 51 57 179
8398 49 162 177
8399 47 172 176
8400 45 212 174
8401 43 53 173
8402 41 206 171
8403 39 61 170
8404 37 91 168
8405 35 43 168
8406 33 210 165
8407 31 79 165
8408 28 205 163
8409 27 243 162
8410 92 61 210
8411 90 118 208
8412 89 150 207
8413 86 70 205
8414 84 225 204
8415 82 202 202
8416 80 236 201
8417 78 102 199
8418 76 140 198
8419 74 149 197
8420 72 141 195
8421 70 182 194
8422 68 204 192
8423 66 123 190
8424 64 228 189
8425 62 122 187
8426 60 101 187
8427 58 59 184
8428 57 186 183
8429 54 35 181
8430 52 57 181
8431 50 101 178
8432 48 118 177
8433 46 212 176
8434 44 70 174
8435 42 206 173
8436 40 202 171
8437 38 91 170
8438 36 102 168
8439 34 210 167
8440 32 149 166
8441 30 80 164
8442 93 54 210
8443 91 118 210
8444 88 243 208
8445 87 70 207
8446 85 244 204
8447 83 202 204
8448 81 145 202
8449 79 102 201
8450 77 193 199
8451 75 225 197
8452 73 61 196
8453 71 236 194
8454 69 161 193
8455 67 123 192
8456 65 149 190
8457 63 122 189
8458 61 182 187
8459 59 59 186
8460 56 242 184
8461 55 35 183
8462 53 141 181
8463 51 101 180
8464 49 204 178
8465 47 51 177
8466 45 228 175
8467 43 57 174
8468 41 162 172
8469 39 145 171
8470 37 212 169
8471 35 210 169
8472 33 206 166
8473 94 54 212
8474 92 145 211
8475 90 246 209
8476 89 101 208
8477 86 244 206
8478 84 108 205
8479 82 118 203
8480 80 229 202
8481 78 70 200
8482 76 225 199
8483 74 61 198
8484 72 236 196
8485 70 161 195
8486 68 140 193
8487 66 38 191
8488 64 141 190
8489 62 27 188
8490 60 59 188
8491 58 123 185
8492 57 88 184
8493 54 122 182
8494 52 101 182
8495 50 59 179
8496 48 246 178
8497 46 228 177
8498 44 244 175
8499 42 162 174
8500 40 118 172
8501 38 212 171
8502 36 70 169
8503 95 54 214
8504 93 68 211
8505 91 246 211
8506 88 127 209
8507 87 244 208
8508 85 54 205
8509 83 118 205
8510 81 17 203
8511 79 70 202
8512 77 19 200
8513 75 108 198
8514 73 145 197
8515 71 229 195
8516 69 193 194
8517 67 38 193
8518 65 61 191
8519 63 27 190
8520 61 161 188
8521 59 123 187
8522 56 218 185
8523 55 122 184
8524 53 236 182
8525 51 59 181
8526 49 140 179
8527 47 35 178
8528 45 141 176
8529 43 101 175
8530 41 204 173
8531 39 17 172
8532 96 209 215
8533 94 68 213
8534 92 17 212
8535 90 76 210
8536 89 115 209
8537 86 54 207
8538 84 136 206
8539 82 246 204
8540 80 152 203
8541 78 244 201
8542 76 108 200
8543 74 145 199
8544 72 229 197
8545 70 193 196
8546 68 225 194
8547 66 155 192
8548 64 236 191
8549 62 34 189
8550 60 123 189
8551 58 38 186
8552 57 207 185
8553 54 27 183
8554 52 59 183
8555 50 123 180
8556 48 76 179
8557 46 141 178
8558 44 54 176
8559 42 204 175
8560 97 27 216
8561 95 68 215
8562 93 222 212
8563 91 76 212
8564 88 177 210
8565 87 54 209
8566 85 68 206
8567 83 246 206
8568 81 187 204
8569 79 244 203
8570 77 209 201
8571 75 136 199
8572 73 17 198
8573 71 152 196
8574 69 19 195
8575 67 155 194
8576 65 145 192
8577 63 34 191
8578 61 193 189
8579 59 38 188
8580 56 178 186
8581 55 27 185
8582 53 229 183
8583 51 123 182
8584 49 225 180
8585 47 122 179
8586 45 236 177
8587 98 254 217
8588 96 195 216
8589 94 222 214
8590 92 187 213
8591 90 47 211
8592 89 40 210
8593 86 68 208
8594 84 181 207
8595 82 76 205
8596 80 94 204
8597 78 54 202
8598 76 136 201
8599 74 17 200
8600 72 152 198
8601 70 19 197
8602 68 108 195
8603 66 127 193
8604 64 229 192
8605 62 111 190
8606 60 38 190
8607 58 155 187
8608 57 218 186
8609 54 34 184
8610 52 123 184
8611 50 38 181
8612 48 47 180
8613 99 9 218
8614 97 34 217
8615 95 222 216
8616 93 75 213
8617 91 47 213
8618 88 262 211
8619 87 68 210
8620 85 222 207
8621 83 76 207
8622 81 216 205
8623 79 54 204
8624 77 195 202
8625 75 181 200
8626 73 187 199
8627 71 94 197
8628 69 209 196
8629 67 127 195
8630 65 17 193
8631 63 111 192
8632 61 19 190
8633 59 155 189
8634 56 234 187
8635 55 34 186
8636 53 152 184
8637 51 38 183
8638 100 9 220
8639 98 164 218
8640 96 41 217
8641 94 75 215
8642 92 216 214
8643 90 254 212
8644 89 115 211
8645 86 222 209
8646 84 150 208
8647 82 47 206
8648 80 245 205
8649 78 68 203
8650 76 181 202
8651 74 187 201
8652 72 94 199
8653 70 209 198
8654 68 136 196
8655 66 82 194
8656 64 152 193
8657 62 169 191
8658 60 155 191
8659 58 127 188
8660 56 34 188
8661 54 111 185
8662 101 127 221
8663 99 99 219
8664 97 111 218
8665 95 75 217
8666 93 36 214
8667 91 254 214
8668 88 118 212
8669 87 222 211
8670 85 75 208
8671 83 47 208
8672 81 9 206
8673 79 68 205
8674 77 41 203
8675 75 150 201
8676 73 216 200
8677 71 245 198
8678 69 195 197
8679 67 82 196
8680 65 187 194
8681 63 169 193
8682 61 209 191
8683 59 127 190
8684 57 82 187
8685 102 133 222
8686 100 99 221
8687 98 226 219
8688 96 188 218
8689 94 36 216
8690 92 9 215
8691 90 164 213
8692 89 57 212
8693 86 75 210
8694 84 72 209
8695 82 254 207
8696 80 65 206
8697 78 222 204
8698 76 150 203
8699 74 216 202
8700 72 245 200
8701 70 195 199
8702 68 181 197
8703 66 113 195
8704 64 94 194
8705 62 18 192
8706 60 127 192
8707 103 130 223
8708 101 82 222
8709 99 37 220
8710 97 169 219
8711 95 36 218
8712 93 133 215
8713 91 164 215
8714 88 241 213
8715 87 75 212
8716 85 36 209
8717 83 254 209
8718 81 99 207
8719 79 222 206
8720 77 188 204
8721 75 72 202
8722 73 9 201
8723 71 65 199
8724 69 41 198
8725 67 113 197
8726 65 216 195
8727 63 18 194
8728 104 130 225
8729 102 148 223
8730 100 37 222
8731 98 119 220
8732 96 227 219
8733 94 133 217
8734 92 99 216
8735 90 226 214
8736 89 226 213
8737 86 36 211
8738 84 3 210
8739 82 164 208
8740 80 189 207
8741 78 75 205
8742 76 72 204
8743 74 9 203
8744 72 65 201
8745 70 41 200
8746 68 150 198
8747 66 191 196
8748 105 198 226
8749 103 115 224
8750 101 113 223
8751 99 144 221
8752 97 18 220
8753 95 133 219
8754 93 148 216
8755 91 226 216
8756 88 227 214
8757 87 36 213
8758 85 133 210
8759 83 164 210
8760 81 37 208
8761 79 75 207
8762 77 227 205
8763 75 3 203
8764 73 99 202
8765 71 189 200
8766 69 188 199
8767 106 65 227
8768 104 115 226
8769 102 50 224
8770 100 144 223
8771 98 257 221
8772 96 130 220
8773 94 148 218
8774 92 37 217
8775 90 119 215
8776 89 179 214
8777 86 133 212
8778 84 33 211
8779 82 226 209
8780 80 238 208
8781 78 36 206
8782 76 3 205
8783 74 99 204
8784 72 189 202
8785 107 66 228
8786 105 74 227
8787 103 213 225
8788 101 191 224
8789 99 6 222
8790 97 198 221
8791 95 148 220
8792 93 50 217
8793 91 119 217
8794 88 35 215
8795 87 133 214
8796 85 148 211
8797 83 226 211
8798 81 144 209
8799 79 36 208
8800 77 130 206
8801 75 33 204
8802 108 66 230
8803 106 189 228
8804 104 213 227
8805 102 24 225
8806 100 6 224
8807 98 197 222
8808 96 115 221
8809 94 50 219
8810 92 144 218
8811 90 257 216
8812 89 262 215
8813 86 148 213
8814 84 100 212
8815 82 119 210
8816 80 251 209
8817 78 133 207
8818 109 230 231
8819 107 200 229
8820 105 25 228
8821 103 239 226
8822 101 260 225
8823 99 66 223
8824 97 74 222
8825 95 50 221
8826 93 24 218
8827 91 257 218
8828 88 164 216
8829 87 148 215
8830 85 50 212
8831 83 119 212
8832 81 6 210
8833 110 33 232
8834 108 200 231
8835 106 238 229
8836 104 239 228
8837 102 1 226
8838 100 66 225
8839 98 63 223
8840 96 213 222
8841 94 24 220
8842 92 6 219
8843 90 197 217
8844 89 148 216
8845 86 50 214
8846 84 48 213
8847 111 252 233
8848 109 163 232
8849 107 96 230
8850 105 12 229
8851 103 262 227
8852 101 230 226
8853 99 200 224
8854 97 25 223
8855 95 24 222
8856 93 1 219
8857 91 197 219
8858 88 200 217
8859 87 50 216
8860 112 252 235
8861 110 100 233
8862 108 96 232
8863 106 251 230
8864 104 262 229
8865 102 11 227
8866 100 200 226
8867 98 167 224
8868 96 239 223
8869 94 1 221
8870 92 66 220
8871 90 63 218
8872 113 126 235
8873 111 142 234
8874 109 215 233
8875 107 4 231
8876 105 132 230
8877 103 252 228
8878 101 163 227
8879 99 96 225
8880 97 12 224
8881 95 1 223
8882 93 11 220
8883 114 126 237
8884 112 142 236
8885 110 48 234
8886 108 4 233
8887 106 131 231
8888 104 252 230
8889 102 121 228
8890 100 96 227
8891 98 259 225
8892 96 262 224
8893 115 126 239
8894 113 71 236
8895 111 247 235
8896 109 261 234
8897 107 44 232
8898 105 137 231
8899 103 142 229
8900 101 215 228
8901 99 4 226
8902 116 221 240
8903 114 71 238
8904 112 247 237
8905 110 2 235
8906 108 44 234
8907 106 126 232
8908 104 142 231
8909 102 16 229
8910 117 242 240
8911 115 71 240
8912 113 255 237
8913 111 87 236
8914 109 241 235
8915 107 221 233
8916 105 192 232
8917 118 242 242
8918 116 64 241
8919 114 255 239
8920 112 87 238
8921 110 22 236
8922 108 221 235
8923 119 242 244
8924 117 32 241
8925 115 255 241
8926 113 175 238
8927 111 168 237
8928 120 256 244
8929 118 32 243
8930 116 178 242
8931 114 175 240
8932 121 135 245
8933 119 32 245
8934 117 89 242
8935 122 135 247
8936 120 186 245
8937 123 135 249
8938 12 232 154
8939 13 175 154
8940 16 117 154
8941 6 124 155
8942 7 226 155
8943 8 104 155
8944 9 75 155
8945 10 250 155
8946 11 20 155
8947 12 204 155
8948 13 30 155
8949 14 87 155
8950 15 105 155
8951 5 159 156
8952 6 158 156
8953 5 48 157
8954 5 48 158
8955 4 77 159
8956 5 155 159
8957 4 239 160
8958 4 239 161
8959 3 212 162
8960 4 180 162
8961 3 12 163
8962 3 12 164
8963 2 229 165
8964 3 199 165
8965 2 257 166
8966 2 257 167
8967 1 244 168
8968 2 179 168
8969 1 3 169
8970 1 3 170
8971 0 159 171
8972 1 201 171
8973 0 130 172
8974 0 130 173
8975 0 130 174
8976 0 130 175
8977 0 130 176
8978 0 130 177
8979 0 130 178
8980 0 130 179
8981 0 130 180
8982 16 61 155
8983 7 116 156
8984 8 240 156
8985 9 208 156
8986 10 139 156
8987 11 78 156
8988 12 109 156
8989 13 55 156
8990 14 85 156
8991 15 224 156
8992 16 93 156
8993 17 13 156
8994 6 145 157
8995 7 254 157
8996 8 50 157
8997 9 208 157
8998 10 152 157
8999 18 207 157
9000 6 2 158
9001 6 2 159
9002 5 66 160
9003 6 8 160
9004 5 262 161
9005 5 262 162
9006 4 224 163
9007 5 118 163
9008 4 132 164
9009 4 132 165
9010 3 154 166
9011 4 19 166
9012 3 197 167
9013 3 197 168
9014 2 53 169
9015 3 185 169
9016 2 33 170
9017 2 33 171
9018 1 40 172
9019 2 201 172
9020 1 115 173
9021 1 115 174
9022 1 115 175
9023 1 115 176
9024 11 170 157
9025 12 212 157
9026 13 79 157
9027 14 101 157
9028 15 19 157
9029 16 95 157
9030 17 133 157
9031 19 127 157
9032 7 254 158
9033 8 114 158
9034 9 252 158
9035 10 109 158
9036 11 181 158
9037 12 109 158
9038 13 60 158
9039 14 83 158
9040 15 260 158
9041 17 177 158
9042 18 13 158
9043 20 187 158
9044 22 217 158
9045 7 22 159
9046 7 22 160
9047 6 25 161
9048 7 178 161
9049 6 252 162
9050 6 252 163
9051 5 53 164
9052 6 217 164
9053 5 137 165
9054 5 137 166
9055 4 138 167
9056 5 149 167
9057 4 63 168
9058 4 63 169
9059 3 46 170
9060 4 46 170
9061 3 100 171
9062 3 100 172
9063 2 51 173
9064 16 203 158
9065 19 125 158
9066 8 237 159
9067 9 42 159
9068 10 22 159
9069 11 241 159
9070 12 53 159
9071 13 192 159
9072 14 151 159
9073 15 8 159
9074 16 18 159
9075 17 56 159
9076 18 67 159
9077 19 226 159
9078 20 115 159
9079 21 137 159
9080 22 85 159
9081 8 252 160
9082 9 12 160
9083 10 172 160
9084 11 123 160
9085 12 208 160
9086 13 233 160
9087 21 79 160
9088 8 84 161
9089 24 39 161
9090 7 191 162
9091 8 112 162
9092 7 142 163
9093 7 142 164
9094 6 99 165
9095 7 147 165
9096 6 192 166
9097 6 192 167
9098 5 182 168
9099 6 240 168
9100 5 167 169
9101 5 167 170
9102 14 1 160
9103 15 102 160
9104 16 51 160
9105 17 2 160
9106 18 4 160
9107 19 153 160
9108 20 40 160
9109 22 234 160
9110 23 212 160
9111 9 77 161
9112 10 84 161
9113 11 127 161
9114 12 45 161
9115 13 121 161
9116 14 73 161
9117 15 109 161
9118 16 192 161
9119 17 27 161
9120 18 239 161
9121 19 47 161
9122 20 136 161
9123 21 235 161
9124 22 55 161
9125 23 21 161
9126 25 122 161
9127 26 199 161
9128 9 56 162
9129 10 62 162
9130 25 146 162
9131 8 125 163
9132 9 164 163
9133 8 247 164
9134 8 247 165
9135 7 236 166
9136 8 5 166
9137 7 8 167
9138 11 202 162
9139 12 137 162
9140 13 49 162
9141 14 45 162
9142 15 214 162
9143 16 1 162
9144 17 168 162
9145 18 128 162
9146 19 128 162
9147 20 34 162
9148 21 27 162
9149 22 255 162
9150 23 10 162
9151 24 203 162
9152 26 32 162
9153 10 70 163
9154 11 58 163
9155 12 246 163
9156 13 42 163
9157 14 167 163
9158 15 202 163
9159 16 189 163
9160 17 109 163
9161 18 196 163
9162 19 202 163
9163 20 129 163
9164 21 31 163
9165 24 70 163
9166 26 196 163
9167 27 174 163
9168 29 150 163
9169 9 123 164
9170 10 214 164
9171 28 36 164
9172 22 52 163
9173 23 139 163
9174 25 48 163
9175 11 101 164
9176 12 90 164
9177 13 86 164
9178 14 192 164
9179 15 254 164
9180 16 70 164
9181 17 8 164
9182 18 22 164
9183 19 30 164
9184 20 225 164
9185 21 16 164
9186 22 188 164
9187 23 48 164
9188 24 144 164
9189 25 1 164
9190 26 62 164
9191 27 192 164
9192 29 63 164
9193 9 211 165
9194 10 166 165
9195 11 36 165
9196 12 138 165
9197 13 225 165
9198 14 37 165
9199 15 181 165
9200 16 76 165
9201 17 168 165
9202 18 69 165
9203 19 17 165
9204 20 250 165
9205 21 235 165
9206 22 127 165
9207 23 49 165
9208 24 83 165
9209 25 171 165
9210 26 171 165
9211 27 79 165
9212 28 206 165
9213 29 183 165
9214 30 56 165
9215 9 242 166
9216 10 134 166
9217 11 27 166
9218 12 36 166
9219 13 210 166
9220 14 143 166
9221 15 74 166
9222 16 97 166
9223 17 98 166
9224 18 159 166
9225 19 123 166
9226 20 209 166
9227 21 136 166
9228 22 94 166
9229 23 47 166
9230 24 75 166
9231 25 244 166
9232 26 95 166
9233 27 129 166
9234 28 1 166
9235 29 160 166
9236 30 257 166
9237 31 6 166
9238 8 142 167
9239 9 235 167
9240 10 201 167
9241 11 96 167
9242 12 112 167
9243 13 7 167
9244 14 12 167
9245 15 239 167
9246 16 71 167
9247 17 149 167
9248 18 219 167
9249 19 173 167
9250 20 250 167
9251 21 63 167
9252 22 137 167
9253 23 146 167
9254 24 16 167
9255 25 71 167
9256 26 164 167
9257 27 145 167
9258 28 229 167
9259 29 99 167
9260 30 112 167
9261 31 261 167
9262 32 115 167
9263 33 117 167
9264 7 13 168
9265 8 153 168
9266 9 77 168
9267 10 237 168
9268 11 142 168
9269 12 5 168
9270 13 199 168
9271 14 109 168
9272 15 155 168
9273 16 148 168
9274 17 201 168
9275 18 125 168
9276 19 133 168
9277 20 228 168
9278 21 233 168
9279 22 114 168
9280 23 169 168
9281 24 259 168
9282 25 171 168
9283 26 71 168
9284 27 137 168
9285 28 257 168
9286 29 24 168
9287 30 249 168
9288 31 216 168
9289 32 120 168
9290 33 192 168
9291 34 15 168
9292 6 130 169
9293 7 128 169
9294 8 257 169
9295 9 38 169
9296 10 129 169
9297 11 172 169
9298 12 218 169
9299 13 61 169
9300 14 259 169
9301 15 69 169
9302 16 161 169
9303 17 248 169
9304 18 159 169
9305 19 254 169
9306 20 248 169
9307 21 106 169
9308 22 48 169
9309 23 187 169
9310 24 87 169
9311 25 14 169
9312 26 18 169
9313 27 222 169
9314 28 208 169
9315 29 13 169
9316 30 255 169
9317 31 253 169
9318 32 113 169
9319 33 205 169
9320 34 218 169
9321 6 208 170
9322 8 81 170
9323 7 239 170
9324 9 1 170
9325 10 224 170
9326 11 49 170
9327 12 35 170
9328 13 232 170
9329 14 93 170
9330 15 262 170
9331 16 196 170
9332 17 203 170
9333 18 73 170
9334 19 29 170
9335 20 117 170
9336 21 53 170
9337 22 56 170
9338 23 27 170
9339 24 60 170
9340 25 104 170
9341 26 37 170
9342 27 185 170
9343 28 64 170
9344 29 18 170
9345 30 206 170
9346 31 67 170
9347 32 45 170
9348 33 64 170
9349 34 81 170
9350 35 140 170
9351 36 66 170
9352 37 111 170
9353 4 115 171
9354 5 16 171
9355 6 184 171
9356 7 199 171
9357 8 181 171
9358 9 223 171
9359 10 10 171
9360 11 29 171
9361 12 38 171
9362 13 80 171
9363 14 227 171
9364 15 229 171
9365 16 102 171
9366 17 8 171
9367 18 70 171
9368 19 261 171
9369 20 5 171
9370 21 105 171
9371 22 91 171
9372 23 219 171
9373 24 262 171
9374 25 174 171
9375 26 164 171
9376 27 194 171
9377 28 191 171
9378 29 143 171
9379 30 245 171
9380 31 261 171
9381 32 28 171
9382 33 225 171
9383 34 54 171
9384 35 71 171
9385 36 10 171
9386 4 94 172
9387 37 139 171
9388 5 96 172
9389 6 66 172
9390 7 4 172
9391 8 126 172
9392 9 10 172
9393 10 49 172
9394 11 119 172
9395 12 201 172
9396 13 68 172
9397 14 205 172
9398 15 231 172
9399 16 201 172
9400 17 126 172
9401 18 183 172
9402 19 13 172
9403 20 28 172
9404 21 151 172
9405 22 167 172
9406 23 196 172
9407 24 237 172
9408 25 101 172
9409 26 15 172
9410 27 247 172
9411 28 3 172
9412 29 151 172
9413 30 249 172
9414 31 61 172
9415 32 147 172
9416 33 39 172
9417 34 208 172
9418 35 50 172
9419 36 175 172
9420 37 82 172
9421 38 190 172
9422 3 189 173
9423 4 198 173
9424 5 153 173
9425 6 242 173
9426 7 3 173
9427 8 186 173
9428 9 195 173
9429 10 231 173
9430 11 183 173
9431 12 68 173
9432 13 65 173
9433 14 255 173
9434 15 169 173
9435 16 73 173
9436 17 139 173
9437 18 57 173
9438 19 237 173
9439 20 90 173
9440 21 236 173
9441 22 201 173
9442 23 52 173
9443 40 21 173
9444 24 237 173
9445 25 14 173
9446 26 98 173
9447 27 174 173
9448 28 146 173
9449 29 97 173
9450 30 51 173
9451 31 210 173
9452 32 237 173
9453 33 166 173
9454 34 127 173
9455 35 215 173
9456 36 196 173
9457 37 107 173
9458 38 131 173
9459 39 149 173
9460 2 167 174
9461 3 80 174
9462 4 135 174
9463 5 125 174
9464 6 87 174
9465 7 257 174
9466 8 41 174
9467 9 31 174
9468 10 255 174
9469 11 48 174
9470 12 133 174
9471 13 151 174
9472 14 6 174
9473 15 247 174
9474 16 219 174
9475 17 115 174
9476 18 170 174
9477 19 87 174
9478 20 67 174
9479 21 133 174
9480 22 236 174
9481 23 108 174
9482 24 185 174
9483 25 196 174
9484 26 160 174
9485 27 26 174
9486 28 24 174
9487 29 27 174
9488 30 116 174
9489 31 47 174
9490 32 201 174
9491 33 174 174
9492 34 179 174
9493 35 12 174
9494 36 13 174
9495 37 166 174
9496 38 171 174
9497 39 260 174
9498 40 152 174
9499 41 6 174
9500 2 198 175
9501 3 252 175
9502 4 76 175
9503 5 108 175
9504 6 151 175
9505 7 98 175
9506 8 55 175
9507 9 203 175
9508 10 18 175
9509 11 186 175
9510 12 149 175
9511 13 160 175
9512 14 213 175
9513 15 191 175
9514 16 146 175
9515 17 186 175
9516 18 95 175
9517 19 19 175
9518 20 179 175
9519 21 79 175
9520 22 176 175
9521 23 177 175
9522 24 87 175
9523 25 68 175
9524 26 115 175
9525 27 75 175
9526 28 221 175
9527 29 195 175
9528 30 228 175
9529 31 141 175
9530 32 49 175
9531 33 71 175
9532 34 233 175
9533 35 46 175
9534 36 20 175
9535 37 11 175
9536 38 28 175
9537 39 175 175
9538 40 158 175
9539 41 207 175
9540 2 207 176
9541 3 48 176
9542 4 170 176
9543 5 19 176
9544 6 6 176
9545 7 40 176
9546 8 181 176
9547 9 142 176
9548 10 7 176
9549 11 202 176
9550 12 172 176
9551 13 118 176
9552 14 76 176
9553 15 219 176
9554 16 201 176
9555 17 177 176
9556 18 57 176
9557 19 185 176
9558 20 107 176
9559 21 50 176
9560 22 94 176
9561 23 177 176
9562 24 44 176
9563 25 238 176
9564 26 161 176
9565 27 238 176
9566 28 33 176
9567 29 9 176
9568 30 79 176
9569 31 220 176
9570 32 29 176
9571 33 54 176
9572 34 208 176
9573 35 94 176
9574 36 122 176
9575 37 254 176
9576 38 43 176
9577 39 237 176
9578 40 151 176
9579 41 234 176
9580 42 41 176
9581 43 80 176
9582 1 28 177
9583 2 223 177
9584 3 78 177
9585 4 168 177
9586 5 206 177
9587 6 147 177
9588 7 198 177
9589 8 63 177
9590 9 15 177
9591 10 164 177
9592 11 62 177
9593 12 77 177
9594 13 90 177
9595 14 228 177
9596 15 262 177
9597 16 163 177
9598 17 71 177
9599 18 74 177
9600 19 166 177
9601 20 18 177
9602 21 101 177
9603 22 256 177
9604 23 151 177
9605 24 191 177
9606 25 224 177
9607 26 215 177
9608 27 219 177
9609 28 52 177
9610 29 220 177
9611 30 231 177
9612 31 86 177
9613 32 118 177
9614 33 207 177
9615 34 185 177
9616 35 79 177
9617 36 18 177
9618 37 101 177
9619 38 9 177
9620 39 20 177
9621 40 224 177
9622 41 5 177
9623 42 98 177
9624 43 80 177
9625 44 229 177
9626 1 147 178
9627 2 15 178
9628 3 60 178
9629 4 39 178
9630 5 245 178
9631 6 126 178
9632 7 226 178
9633 8 112 178
9634 9 236 178
9635 10 3 178
9636 11 22 178
9637 12 83 178
9638 13 17 178
9639 14 232 178
9640 15 67 178
9641 16 178 178
9642 17 251 178
9643 18 244 178
9644 19 56 178
9645 20 183 178
9646 21 201 178
9647 22 226 178
9648 23 86 178
9649 24 187 178
9650 25 4 178
9651 26 112 178
9652 27 118 178
9653 28 215 178
9654 29 52 178
9655 30 159 178
9656 31 24 178
9657 32 13 178
9658 33 254 178
9659 34 62 178
9660 35 195 178
9661 36 250 178
9662 37 15 178
9663 38 144 178
9664 39 180 178
9665 40 70 178
9666 41 186 178
9667 42 226 178
9668 43 242 178
9669 44 99 178
9670 45 189 178
9671 1 192 179
9672 2 180 179
9673 3 76 179
9674 4 234 179
9675 5 178 179
9676 6 40 179
9677 7 11 179
9678 8 29 179
9679 9 33 179
9680 10 207 179
9681 11 109 179
9682 12 225 179
9683 13 236 179
9684 14 132 179
9685 15 10 179
9686 16 49 179
9687 17 14 179
9688 18 153 179
9689 19 153 179
9690 20 178 179
9691 21 66 179
9692 22 107 179
9693 23 26 179
9694 24 45 179
9695 25 136 179
9696 26 172 179
9697 27 224 179
9698 28 96 179
9699 29 159 179
9700 30 236 179
9701 31 163 179
9702 32 128 179
9703 33 135 179
9704 34 99 179
9705 35 180 179
9706 36 258 179
9707 37 121 179
9708 38 156 179
9709 39 136 179
9710 40 120 179
9711 41 196 179
9712 42 215 179
9713 43 105 179
9714 44 13 179
9715 45 69 179
9716 46 53 179
9717 1 251 180
9718 2 49 180
9719 3 226 180
9720 4 84 180
9721 5 134 180
9722 6 197 180
9723 7 49 180
9724 8 86 180
9725 9 138 180
9726 10 104 180
9727 11 7 180
9728 12 178 180
9729 13 114 180
9730 14 37 180
9731 15 51 180
9732 16 198 180
9733 17 105 180
9734 18 1 180
9735 19 144 180
9736 20 229 180
9737 21 226 180
9738 22 128 180
9739 23 62 180
9740 24 208 180
9741 25 121 180
9742 26 222 180
9743 27 122 180
9744 28 62 180
9745 29 9 180
9746 30 183 180
9747 31 191 180
9748 32 65 180
9749 33 77 180
9750 34 203 180
9751 35 18 180
9752 36 168 180
9753 37 244 180
9754 38 10 180
9755 39 70 180
9756 40 38 180
9757 41 168 180
9758 42 115 180
9759 43 183 180
9760 44 248 180
9761 45 232 180
9762 46 110 180
9763 47 38 180
9764 0 19 181
9765 1 40 181
9766 2 44 181
9767 3 53 181
9768 4 1 181
9769 5 169 181
9770 6 119 181
9771 7 172 181
9772 8 260 181
9773 9 251 181
9774 10 206 181
9775 11 154 181
9776 12 23 181
9777 13 23 181
9778 14 97 181
9779 15 157 181
9780 16 163 181
9781 17 99 181
9782 18 47 181
9783 19 31 181
9784 20 97 181
9785 21 127 181
9786 22 212 181
9787 23 258 181
9788 24 131 181
9789 25 4 181
9790 26 255 181
9791 27 73 181
9792 28 214 181
9793 29 81 181
9794 30 64 181
9795 31 258 181
9796 32 247 181
9797 33 215 181
9798 34 95 181
9799 35 163 181
9800 36 172 181
9801 37 247 181
9802 38 124 181
9803 39 163 181
9804 40 180 181
9805 41 215 181
9806 42 123 181
9807 43 251 181
9808 44 220 181
9809 45 68 181
9810 46 7 181
9811 47 186 181
9812 48 140 181
9813 49 178 181
9814 0 154 182
9815 1 211 182
9816 2 235 182
9817 3 256 182
9818 4 47 182
9819 5 255 182
9820 6 241 182
9821 7 18 182
9822 8 132 182
9823 9 133 182
9824 10 129 182
9825 11 115 182
9826 12 231 182
9827 13 122 182
9828 14 149 182
9829 15 247 182
9830 16 191 182
9831 17 3 182
9832 18 136 182
9833 19 106 182
9834 20 202 182
9835 21 61 182
9836 22 197 182
9837 23 120 182
9838 24 84 182
9839 25 153 182
9840 26 187 182
9841 27 126 182
9842 28 120 182
9843 29 157 182
9844 30 178 182
9845 31 124 182
9846 32 215 182
9847 33 31 182
9848 34 40 182
9849 35 93 182
9850 36 213 182
9851 37 158 182
9852 38 65 182
9853 39 129 182
9854 40 134 182
9855 41 82 182
9856 42 81 182
9857 43 120 182
9858 44 181 182
9859 45 129 182
9860 46 190 182
9861 47 17 182
9862 48 159 182
9863 49 44 182
9864 50 215 182
9865 0 129 183
9866 1 185 183
9867 2 241 183
9868 3 232 183
9869 4 129 183
9870 5 6 183
9871 6 29 183
9872 7 7 183
9873 8 187 183
9874 9 80 183
9875 10 60 183
9876 11 56 183
9877 12 61 183
9878 13 199 183
9879 14 23 183
9880 15 136 183
9881 16 72 183
9882 17 78 183
9883 18 119 183
9884 19 42 183
9885 20 142 183
9886 21 189 183
9887 22 104 183
9888 23 173 183
9889 24 164 183
9890 25 170 183
9891 26 141 183
9892 27 35 183
9893 28 66 183
9894 29 176 183
9895 30 2 183
9896 31 190 183
9897 32 235 183
9898 33 261 183
9899 34 116 183
9900 35 71 183
9901 36 111 183
9902 37 37 183
9903 38 128 183
9904 39 111 183
9905 40 21 183
9906 41 59 183
9907 42 202 183
9908 43 173 183
9909 44 193 183
9910 45 159 183
9911 46 82 183
9912 47 99 183
9913 48 227 183
9914 49 69 183
9915 50 209 183
9916 0 47 184
9917 1 22 184
9918 2 196 184
9919 3 15 184
9920 4 83 184
9921 5 219 184
9922 6 31 184
9923 7 233 184
9924 8 159 184
9925 9 146 184
9926 10 232 184
9927 11 147 184
9928 12 248 184
9929 13 65 184
9930 14 11 184
9931 15 122 184
9932 16 3 184
9933 17 116 184
9934 18 22 184
9935 19 96 184
9936 20 126 184
9937 21 203 184
9938 22 237 184
9939 23 97 184
9940 24 129 184
9941 25 46 184
9942 26 87 184
9943 27 167 184
9944 28 145 184
9945 29 220 184
9946 30 3 184
9947 31 223 184
9948 32 108 184
9949 33 162 184
9950 34 94 184
9951 35 21 184
9952 36 229 184
9953 37 6 184
9954 38 80 184
9955 39 147 184
9956 40 182 184
9957 41 134 184
9958 42 120 184
9959 43 142 184
9960 44 66 184
9961 45 215 184
9962 46 198 184
9963 48 124 184
9964 47 203 184
9965 49 12 184
9966 50 145 184
9967 51 186 184
9968 0 99 185
9969 1 100 185
9970 2 128 185
9971 3 93 185
9972 4 29 185
9973 5 15 185
9974 6 49 185
9975 7 181 185
9976 8 200 185
9977 9 115 185
9978 10 214 185
9979 11 80 185
9980 12 17 185
9981 13 103 185
9982 14 156 185
9983 15 93 185
9984 16 74 185
9985 17 193 185
9986 18 130 185
9987 19 36 185
9988 20 197 185
9989 21 206 185
9990 22 26 185
9991 24 200 185
9992 23 73 185
9993 25 35 185
9994 26 27 185
9995 27 215 185
9996 28 232 185
9997 29 132 185
9998 30 134 185
9999 31 244 185
10000 32 27 185
10001 33 108 185
10002 34 165 185
10003 35 105 185
10004 36 189 185
10005 37 259 185
10006 38 38 185
10007 39 254 185
10008 40 148 185
10009 41 109 185
10010 42 44 185
10011 43 221 185
10012 44 49 185
10013 45 187 185
10014 46 186 185
10015 47 229 185
10016 48 1 185
10017 49 194 185
10018 50 68 185
10019 51 26 185
10020 52 26 185
10021 53 150 185
10022 0 28 186
10023 1 99 186
10024 2 155 186
10025 3 146 186
10026 4 109 186
10027 5 60 186
10028 6 1 186
10029 7 168 186
10030 8 47 186
10031 9 210 186
10032 10 77 186
10033 11 178 186
10034 12 179 186
10035 13 53 186
10036 14 9 186
10037 15 181 186
10038 16 185 186
10039 17 13 186
10040 18 24 186
10041 19 125 186
10042 20 211 186
10043 21 214 186
10044 22 79 186
10045 23 216 186
10046 24 11 186
10047 25 89 186
10048 26 1 186
10049 27 153 186
10050 28 142 186
10051 29 217 186
10052 30 23 186
10053 31 181 186
10054 32 198 186
10055 33 113 186
10056 34 31 186
10057 35 166 186
10058 36 5 186
10059 37 124 186
10060 38 74 186
10061 39 49 186
10062 40 171 186
10063 41 89 186
10064 42 41 186
10065 43 21 186
10066 44 210 186
10067 45 154 186
10068 46 176 186
10069 47 146 186
10070 48 145 186
10071 49 254 186
10072 50 165 186
10073 51 54 186
10074 52 10 186
10075 53 82 186
10076 54 68 186
10077 0 259 187
10078 1 99 187
10079 2 237 187
10080 3 216 187
10081 4 255 187
10082 5 199 187
10083 6 99 187
10084 7 69 187
10085 8 188 187
10086 9 118 187
10087 10 131 187
10088 11 155 187
10089 12 161 187
10090 13 205 187
10091 14 119 187
10092 15 254 187
10093 16 59 187
10094 17 224 187
10095 18 212 187
10096 19 161 187
10097 20 191 187
10098 21 262 187
10099 22 135 187
10100 23 95 187
10101 24 154 187
10102 25 188 187
10103 26 215 187
10104 27 227 187
10105 28 93 187
10106 29 231 187
10107 30 205 187
10108 31 195 187
10109 32 216 187
10110 33 261 187
10111 34 111 187
10112 35 136 187
10113 36 254 187
10114 37 10 187
10115 38 143 187
10116 39 155 187
10117 40 67 187
10118 41 251 187
10119 42 42 187
10120 43 201 187
10121 44 222 187
10122 45 162 187
10123 46 174 187
10124 47 178 187
10125 48 209 187
10126 49 233 187
10127 50 152 187
10128 51 180 187
10129 52 244 187
10130 53 218 187
10131 54 46 187
10132 55 151 187
10133 0 61 188
10134 1 231 188
10135 2 39 188
10136 3 83 188
10137 4 115 188
10138 5 88 188
10139 6 121 188
10140 7 47 188
10141 8 76 188
10142 9 33 188
10143 10 67 188
10144 11 215 188
10145 12 151 188
10146 13 219 188
10147 14 251 188
10148 15 91 188
10149 16 61 188
10150 17 168 188
10151 18 207 188
10152 19 108 188
10153 20 45 188
10154 21 143 188
10155 22 92 188
10156 23 33 188
10157 24 56 188
10158 25 171 188
10159 26 233 188
10160 27 73 188
10161 28 240 188
10162 29 202 188
10163 30 244 188
10164 31 147 188
10165 32 65 188
10166 33 12 188
10167 34 137 188
10168 35 57 188
10169 36 188 188
10170 37 88 188
10171 38 262 188
10172 39 175 188
10173 40 10 188
10174 41 171 188
10175 42 105 188
10176 43 70 188
10177 44 79 188
10178 45 34 188
10179 46 134 188
10180 47 164 188
10181 48 218 188
10182 49 78 188
10183 50 258 188
10184 51 188 188
10185 52 52 188
10186 53 261 188
10187 54 185 188
10188 55 2 188
10189 57 172 188
10190 0 136 189
10191 1 44 189
10192 2 203 189
10193 3 177 189
10194 4 14 189
10195 5 201 189
10196 6 122 189
10197 7 35 189
10198 8 207 189
10199 9 218 189
10200 10 5 189
10201 11 191 189
10202 12 35 189
10203 13 25 189
10204 14 52 189
10205 15 167 189
10206 16 119 189
10207 17 6 189
10208 18 50 189
10209 19 186 189
10210 20 25 189
10211 21 164 189
10212 22 125 189
10213 23 67 189
10214 24 255 189
10215 25 132 189
10216 26 21 189
10217 27 28 189
10218 28 105 189
10219 29 1 189
10220 30 191 189
10221 31 133 189
10222 32 209 189
10223 33 224 189
10224 34 233 189
10225 35 194 189
10226 36 202 189
10227 37 99 189
10228 38 56 189
10229 39 206 189
10230 40 198 189
10231 41 52 189
10232 42 89 189
10233 43 36 189
10234 44 74 189
10235 45 40 189
10236 46 5 189
10237 47 99 189
10238 48 226 189
10239 49 36 189
10240 50 36 189
10241 51 35 189
10242 52 126 189
10243 53 222 189
10244 54 123 189
10245 55 8 189
10246 56 81 189
10247 57 246 189
10248 58 13 189
10249 0 236 190
10250 1 97 190
10251 2 160 190
10252 3 216 190
10253 4 146 190
10254 5 212 190
10255 6 260 190
10256 7 152 190
10257 8 128 190
10258 9 136 190
10259 10 206 190
10260 11 251 190
10261 12 112 190
10262 13 98 190
10263 14 206 190
10264 15 127 190
10265 16 197 190
10266 17 87 190
10267 18 150 190
10268 19 210 190
10269 20 162 190
10270 21 14 190
10271 22 118 190
10272 23 119 190
10273 24 254 190
10274 25 151 190
10275 26 71 190
10276 27 68 190
10277 28 95 190
10278 29 257 190
10279 30 235 190
10280 31 190 190
10281 32 237 190
10282 33 224 190
10283 34 199 190
10284 35 111 190
10285 36 31 190
10286 37 64 190
10287 38 186 190
10288 39 237 190
10289 40 27 190
10290 41 51 190
10291 42 1 190
10292 43 211 190
10293 44 158 190
10294 45 218 190
10295 46 18 190
10296 47 249 190
10297 48 108 190
10298 49 111 190
10299 50 80 190
10300 51 152 190
10301 52 171 190
10302 53 244 190
10303 54 209 190
10304 55 259 190
10305 56 60 190
10306 57 18 190
10307 58 255 190
10308 0 170 191
10309 1 116 191
10310 2 120 191
10311 3 258 191
10312 4 36 191
10313 5 147 191
10314 6 258 191
10315 7 23 191
10316 8 49 191
10317 9 17 191
10318 10 252 191
10319 11 61 191
10320 12 126 191
10321 13 36 191
10322 14 217 191
10323 15 57 191
10324 16 182 191
10325 17 135 191
10326 18 181 191
10327 19 24 191
10328 20 140 191
10329 21 250 191
10330 22 179 191
10331 23 237 191
10332 24 72 191
10333 25 165 191
10334 26 226 191
10335 27 117 191
10336 28 45 191
10337 29 207 191
10338 30 16 191
10339 31 160 191
10340 32 262 191
10341 33 228 191
10342 34 233 191
10343 35 212 191
10344 36 164 191
10345 37 145 191
10346 38 142 191
10347 39 242 191
10348 40 211 191
10349 41 48 191
10350 42 162 191
10351 43 147 191
10352 44 163 191
10353 45 111 191
10354 46 122 191
10355 47 218 191
10356 48 40 191
10357 49 199 191
10358 50 134 191
10359 51 153 191
10360 52 168 191
10361 53 209 191
10362 54 253 191
10363 55 212 191
10364 56 57 191
10365 57 10 191
10366 58 18 191
10367 59 87 191
10368 0 211 192
10369 1 67 192
10370 2 53 192
10371 3 134 192
10372 4 103 192
10373 5 193 192
10374 6 62 192
10375 7 255 192
10376 8 136 192
10377 9 215 192
10378 10 146 192
10379 11 149 192
10380 12 167 192
10381 13 229 192
10382 14 245 192
10383 15 100 192
10384 16 74 192
10385 17 164 192
10386 18 79 192
10387 19 105 192
10388 20 8 192
10389 21 33 192
10390 22 206 192
10391 23 177 192
10392 24 243 192
10393 25 99 192
10394 26 18 192
10395 27 17 192
10396 28 182 192
10397 29 241 192
10398 30 242 192
10399 31 59 192
10400 32 76 192
10401 33 247 192
10402 34 261 192
10403 35 54 192
10404 36 152 192
10405 37 223 192
10406 38 211 192
10407 39 178 192
10408 40 206 192
10409 41 54 192
10410 42 215 192
10411 43 32 192
10412 44 227 192
10413 45 145 192
10414 46 244 192
10415 47 105 192
10416 48 150 192
10417 49 199 192
10418 50 44 192
10419 51 82 192
10420 52 205 192
10421 53 101 192
10422 54 85 192
10423 55 118 192
10424 56 28 192
10425 57 88 192
10426 58 76 192
10427 59 97 192
10428 61 32 192
10429 0 3 193
10430 1 28 193
10431 2 46 193
10432 3 221 193
10433 4 30 193
10434 5 196 193
10435 6 168 193
10436 7 205 193
10437 8 27 193
10438 9 110 193
10439 10 130 193
10440 11 45 193
10441 12 93 193
10442 13 175 193
10443 14 113 193
10444 15 28 193
10445 16 86 193
10446 17 201 193
10447 18 4 193
10448 19 193 193
10449 20 122 193
10450 21 47 193
10451 22 65 193
10452 23 56 193
10453 24 102 193
10454 25 22 193
10455 26 103 193
10456 27 156 193
10457 28 189 193
10458 29 145 193
10459 30 163 193
10460 31 106 193
10461 32 100 193
10462 33 250 193
10463 42 73 193
10464 45 168 193
10465 46 70 193
10466 47 220 193
10467 48 194 193
10468 49 63 193
10469 50 118 193
10470 51 61 193
10471 52 161 193
10472 53 48 193
10473 54 200 193
10474 55 198 193
10475 56 138 193
10476 57 182 193
10477 58 243 193
10478 59 180 193
10479 60 72 193
10480 61 189 193
10481 62 118 193
10482 48 135 194
10483 51 20 194
10484 52 66 194
10485 53 259 194
10486 54 96 194
10487 55 194 194
10488 56 47 194
10489 57 150 194
10490 58 18 194
10491 59 75 194
10492 60 209 194
10493 61 14 194
10494 62 154 194
10495 51 167 195
10496 52 204 195
10497 54 95 195
10498 55 151 195
10499 56 136 195
10500 57 177 195
10501 58 207 195
10502 59 64 195
10503 60 34 195
10504 61 136 195
10505 62 29 195
10506 63 13 195
10507 64 8 195
10508 56 170 196
10509 59 173 196
10510 60 226 196
10511 61 255 196
10512 62 231 196
10513 63 221 196
10514 64 76 196
10515 65 159 196
10516 60 200 197
10517 61 157 197
10518 63 73 197
10519 64 59 197
10520 65 105 197
10521 66 156 197
10522 63 149 198
10523 66 171 198
10524 67 92 198
10525 68 238 199
10526 67 71 199
10527 65 199 198
10528 64 199 198
10529 62 77 197
10530 60 220 198
10531 59 124 197
10532 58 134 196
10533 57 169 196
10534 55 86 196
10535 53 102 195
10536 52 118 196
10537 50 34 194
10538 49 198 194
10539 47 65 194
10540 46 131 194
10541 44 230 193
10542 43 219 193
10543 34 254 193
10544 35 242 193
10545 36 109 193
10546 37 253 193
10547 38 93 193
10548 39 215 193
10549 40 109 193
10550 41 27 193
10551 0 134 194
10552 1 221 194
10553 2 224 194
10554 3 65 194
10555 4 72 194
10556 5 29 194
10557 6 258 194
10558 7 193 194
10559 8 33 194
10560 9 119 194
10561 10 237 194
10562 11 32 194
10563 12 185 194
10564 13 5 194
10565 14 17 194
10566 15 182 194
10567 16 239 194
10568 17 127 194
10569 18 38 194
10570 19 151 194
10571 20 39 194
10572 21 46 194
10573 22 228 194
10574 23 214 194
10575 24 239 194
10576 25 7 194
10577 26 144 194
10578 27 188 194
10579 28 76 194
10580 29 242 194
10581 69 96 200
10582 68 96 200
10583 66 16 199
10584 65 109 199
10585 63 77 199
10586 62 62 198
10587 61 192 198
10588 59 134 198
10589 56 95 197
10590 57 64 197
10591 54 212 196
10592 53 229 196
10593 51 34 196
10594 50 164 195
10595 48 181 195
10596 47 66 195
10597 45 11 194
10598 44 11 194
10599 42 168 194
10600 30 107 194
10601 31 243 194
10602 32 31 194
10603 33 186 194
10604 34 111 194
10605 35 2 194
10606 36 19 194
10607 37 252 194
10608 38 205 194
10609 39 11 194
10610 40 43 194
10611 41 226 194
10612 43 32 194
10613 0 120 195
10614 1 27 195
10615 2 167 195
10616 3 102 195
10617 4 221 195
10618 5 67 195
10619 6 93 195
10620 7 71 195
10621 8 215 195
10622 9 224 195
10623 10 46 195
10624 11 163 195
10625 12 60 195
10626 13 130 195
10627 14 193 195
10628 15 156 195
10629 16 86 195
10630 17 71 195
10631 18 134 195
10632 19 60 195
10633 20 229 195
10634 21 168 195
10635 22 3 195
10636 70 167 201
10637 69 231 201
10638 67 247 200
10639 66 170 200
10640 64 170 199
10641 63 62 200
10642 60 17 199
10643 61 3 199
10644 58 55 197
10645 56 137 198
10646 55 51 197
10647 54 17 197
10648 52 229 197
10649 51 164 197
10650 49 148 195
10651 48 115 196
10652 46 252 195
10653 45 84 195
10654 23 238 195
10655 42 207 195
10656 24 13 195
10657 25 188 195
10658 26 229 195
10659 27 14 195
10660 28 220 195
10661 29 94 195
10662 30 115 195
10663 31 110 195
10664 32 24 195
10665 33 221 195
10666 34 14 195
10667 35 58 195
10668 36 100 195
10669 37 185 195
10670 38 76 195
10671 39 106 195
10672 40 46 195
10673 41 247 195
10674 43 224 195
10675 44 219 195
10676 0 139 196
10677 1 175 196
10678 2 204 196
10679 3 176 196
10680 4 191 196
10681 5 209 196
10682 6 186 196
10683 7 179 196
10684 8 236 196
10685 9 221 196
10686 10 17 196
10687 11 66 196
10688 12 206 196
10689 13 69 196
10690 71 251 201
10691 70 32 202
10692 68 8 201
10693 67 93 201
10694 65 31 200
10695 64 31 200
10696 62 49 199
10697 60 4 200
10698 59 55 199
10699 58 157 198
10700 57 75 198
10701 55 246 198
10702 53 41 197
10703 52 99 198
10704 50 189 196
10705 49 126 196
10706 47 137 196
10707 46 179 196
10708 14 103 196
10709 15 225 196
10710 16 164 196
10711 17 144 196
10712 18 180 196
10713 19 122 196
10714 20 68 196
10715 21 221 196
10716 22 83 196
10717 23 28 196
10718 24 92 196
10719 25 99 196
10720 26 215 196
10721 27 181 196
10722 28 167 196
10723 29 209 196
10724 30 261 196
10725 31 167 196
10726 32 73 196
10727 33 224 196
10728 34 26 196
10729 35 183 196
10730 36 184 196
10731 37 89 196
10732 38 157 196
10733 39 112 196
10734 40 174 196
10735 41 56 196
10736 42 217 196
10737 43 118 196
10738 44 246 196
10739 45 229 196
10740 0 148 197
10741 1 108 197
10742 2 60 197
10743 72 251 203
10744 71 4 202
10745 69 85 202
10746 68 85 202
10747 66 58 201
10748 65 165 201
10749 63 49 201
10750 62 159 200
10751 61 174 200
10752 59 157 200
10753 56 129 199
10754 57 203 199
10755 54 111 198
10756 53 74 198
10757 51 189 198
10758 50 200 197
10759 48 163 197
10760 47 42 197
10761 3 172 197
10762 4 166 197
10763 5 196 197
10764 6 250 197
10765 7 95 197
10766 8 42 197
10767 9 97 197
10768 10 83 197
10769 11 177 197
10770 12 25 197
10771 13 145 197
10772 14 150 197
10773 15 8 197
10774 16 200 197
10775 17 99 197
10776 18 23 197
10777 19 209 197
10778 20 26 197
10779 21 91 197
10780 22 28 197
10781 24 170 197
10782 23 38 197
10783 25 43 197
10784 26 154 197
10785 27 202 197
10786 28 132 197
10787 29 127 197
10788 30 144 197
10789 31 78 197
10790 32 234 197
10791 33 111 197
10792 34 75 197
10793 35 95 197
10794 36 103 197
10795 73 259 203
10796 72 4 204
10797 70 178 203
10798 69 147 203
10799 67 205 202
10800 66 156 202
10801 64 156 201
10802 63 159 202
10803 60 115 201
10804 61 152 201
10805 58 35 199
10806 56 4 200
10807 55 152 199
10808 54 226 199
10809 52 74 199
10810 51 200 199
10811 49 142 197
10812 48 121 198
10813 46 256 197
10814 45 173 197
10815 37 66 197
10816 42 60 197
10817 43 143 197
10818 38 85 197
10819 39 58 197
10820 40 42 197
10821 41 18 197
10822 44 171 197
10823 0 243 198
10824 1 125 198
10825 2 244 198
10826 3 183 198
10827 4 215 198
10828 5 231 198
10829 6 31 198
10830 7 80 198
10831 8 50 198
10832 9 103 198
10833 10 26 198
10834 11 129 198
10835 12 60 198
10836 13 104 198
10837 14 97 198
10838 15 102 198
10839 16 143 198
10840 17 170 198
10841 18 225 198
10842 19 52 198
10843 20 149 198
10844 21 28 198
10845 22 93 198
10846 74 259 205
10847 73 89 204
10848 71 88 203
10849 70 116 204
10850 68 29 203
10851 67 107 203
10852 65 211 202
10853 64 211 202
10854 62 79 201
10855 60 55 202
10856 59 35 201
10857 58 76 200
10858 57 127 200
10859 55 37 200
10860 53 50 199
10861 52 63 200
10862 50 192 198
10863 49 128 198
10864 47 135 198
10865 46 90 198
10866 23 248 198
10867 24 107 198
10868 44 30 198
10869 42 243 198
10870 25 123 198
10871 26 40 198
10872 27 17 198
10873 39 54 198
10874 28 71 198
10875 29 218 198
10876 30 196 198
10877 35 215 198
10878 31 162 198
10879 32 93 198
10880 33 154 198
10881 34 75 198
10882 36 65 198
10883 37 107 198
10884 38 27 198
10885 40 63 198
10886 41 253 198
10887 43 228 198
10888 45 224 198
10889 0 231 199
10890 1 153 199
10891 2 100 199
10892 3 172 199
10893 4 202 199
10894 5 250 199
10895 6 12 199
10896 75 131 205
10897 74 89 206
10898 72 88 205
10899 71 146 204
10900 69 78 204
10901 68 78 204
10902 66 13 203
10903 65 105 203
10904 63 79 203
10905 62 149 202
10906 61 185 202
10907 59 76 202
10908 56 127 201
10909 57 39 201
10910 54 238 200
10911 53 71 200
10912 51 192 200
10913 50 199 199
10914 48 32 199
10915 47 218 199
10916 7 229 199
10917 8 115 199
10918 45 253 199
10919 9 55 199
10920 42 182 199
10921 10 102 199
10922 11 196 199
10923 12 244 199
10924 13 164 199
10925 14 166 199
10926 38 239 199
10927 15 150 199
10928 16 1 199
10929 17 248 199
10930 18 127 199
10931 19 226 199
10932 20 52 199
10933 21 124 199
10934 31 258 199
10935 22 80 199
10936 23 251 199
10937 24 156 199
10938 27 118 199
10939 25 135 199
10940 26 93 199
10941 28 111 199
10942 29 192 199
10943 30 69 199
10944 32 133 199
10945 76 132 206
10946 75 44 206
10947 73 117 205
10948 72 146 206
10949 70 185 205
10950 69 237 205
10951 67 250 204
10952 66 171 204
10953 64 171 203
10954 63 149 204
10955 60 71 203
10956 61 64 203
10957 58 94 201
10958 56 258 202
10959 55 25 201
10960 54 96 201
10961 52 71 201
10962 51 199 201
10963 49 186 199
10964 48 77 200
10965 46 139 199
10966 0 164 200
10967 46 10 200
10968 44 134 199
10969 43 91 199
10970 1 226 200
10971 42 27 200
10972 41 254 199
10973 39 136 199
10974 40 254 199
10975 2 185 200
10976 35 135 199
10977 36 2 199
10978 37 85 199
10979 3 80 200
10980 34 31 199
10981 33 92 199
10982 4 224 200
10983 5 19 200
10984 6 239 200
10985 7 224 200
10986 8 14 200
10987 9 92 200
10988 27 136 200
10989 10 77 200
10990 11 69 200
10991 24 235 200
10992 23 259 200
10993 77 219 207
10994 76 219 207
10995 74 117 207
10996 73 224 206
10997 71 56 205
10998 70 26 206
10999 68 138 205
11000 67 92 205
11001 65 206 204
11002 64 206 204
11003 62 122 203
11004 60 26 204
11005 59 94 203
11006 58 144 202
11007 57 153 202
11008 55 167 202
11009 53 247 201
11010 52 64 202
11011 50 170 200
11012 49 201 200
11013 47 62 200
11014 0 41 201
11015 47 258 201
11016 45 43 200
11017 44 43 200
11018 1 188 201
11019 43 145 200
11020 42 254 201
11021 39 240 200
11022 41 3 200
11023 40 3 200
11024 38 261 200
11025 35 184 200
11026 2 43 201
11027 36 87 200
11028 37 220 200
11029 32 88 200
11030 34 165 200
11031 33 55 200
11032 31 153 200
11033 30 51 200
11034 3 135 201
11035 28 243 200
11036 29 46 200
11037 25 72 200
11038 4 24 201
11039 26 132 200
11040 78 22 208
11041 77 190 208
11042 75 179 207
11043 74 224 208
11044 72 56 207
11045 71 69 206
11046 69 217 206
11047 68 217 206
11048 66 80 205
11049 65 19 205
11050 63 122 205
11051 62 47 204
11052 61 115 204
11053 59 144 204
11054 56 69 203
11055 57 200 203
11056 54 8 202
11057 53 93 202
11058 51 170 202
11059 50 31 201
11060 48 116 201
11061 49 196 201
11062 0 146 202
11063 46 220 201
11064 45 161 201
11065 1 47 202
11066 44 161 201
11067 43 127 201
11068 5 209 201
11069 2 254 202
11070 41 262 201
11071 39 132 201
11072 38 176 201
11073 40 94 201
11074 35 131 201
11075 36 234 201
11076 6 121 201
11077 37 241 201
11078 34 208 201
11079 32 159 201
11080 31 212 201
11081 33 162 201
11082 30 246 201
11083 28 32 201
11084 27 99 201
11085 29 144 201
11086 79 241 209
11087 78 168 209
11088 76 84 208
11089 75 28 208
11090 73 194 207
11091 72 69 208
11092 70 46 207
11093 69 103 207
11094 67 183 206
11095 66 61 206
11096 64 61 205
11097 63 47 206
11098 60 195 205
11099 61 209 205
11100 58 12 203
11101 56 44 204
11102 55 255 203
11103 54 85 203
11104 52 93 203
11105 51 31 203
11106 48 148 202
11107 50 165 202
11108 49 110 202
11109 47 153 202
11110 46 102 202
11111 0 237 203
11112 45 34 202
11113 44 34 202
11114 42 65 202
11115 43 133 202
11116 1 107 203
11117 3 215 202
11118 39 219 202
11119 40 88 202
11120 38 29 202
11121 4 84 202
11122 35 156 202
11123 36 185 202
11124 37 39 202
11125 5 82 202
11126 32 210 202
11127 33 123 202
11128 31 17 202
11129 30 181 202
11130 6 130 202
11131 80 137 210
11132 79 95 210
11133 77 235 209
11134 76 235 209
11135 74 194 209
11136 73 23 208
11137 71 203 207
11138 70 160 208
11139 68 40 207
11140 67 202 207
11141 65 155 206
11142 64 155 206
11143 62 245 205
11144 60 199 206
11145 59 12 205
11146 58 259 204
11147 57 102 204
11148 55 178 204
11149 53 205 203
11150 52 232 204
11151 2 229 203
11152 0 202 204
11153 50 208 203
11154 48 159 203
11155 47 212 203
11156 49 8 203
11157 46 229 203
11158 45 164 203
11159 42 157 203
11160 44 164 203
11161 43 131 203
11162 41 241 202
11163 3 76 203
11164 41 146 203
11165 39 190 203
11166 38 78 203
11167 4 47 203
11168 35 51 203
11169 36 26 203
11170 34 105 202
11171 5 254 203
11172 34 140 203
11173 32 193 203
11174 31 82 203
11175 81 42 211
11176 80 42 211
11177 78 14 210
11178 77 97 210
11179 75 90 209
11180 74 23 210
11181 72 203 209
11182 71 20 208
11183 69 162 208
11184 68 162 208
11185 66 27 207
11186 65 36 207
11187 63 245 207
11188 62 6 206
11189 61 141 206
11190 59 259 206
11191 56 43 205
11192 57 54 205
11193 54 29 204
11194 53 107 204
11195 51 156 204
11196 0 182 205
11197 51 208 205
11198 1 73 204
11199 48 210 204
11200 49 246 204
11201 47 17 204
11202 46 99 204
11203 2 193 204
11204 45 33 204
11205 44 33 204
11206 42 241 204
11207 3 19 204
11208 50 149 204
11209 40 95 203
11210 39 112 204
11211 4 209 204
11212 38 237 204
11213 37 184 203
11214 35 105 204
11215 5 195 204
11216 36 211 204
11217 33 76 203
11218 82 21 211
11219 81 249 212
11220 79 249 211
11221 78 83 211
11222 76 173 210
11223 75 233 210
11224 73 243 209
11225 72 20 210
11226 70 101 209
11227 69 209 209
11228 67 236 208
11229 66 254 208
11230 64 254 207
11231 63 6 208
11232 60 224 207
11233 61 214 207
11234 58 175 205
11235 56 35 206
11236 55 234 205
11237 54 78 205
11238 52 107 205
11239 53 52 205
11240 0 92 206
11241 1 200 205
11242 2 182 205
11243 50 140 205
11244 48 193 205
11245 47 82 205
11246 3 154 205
11247 46 230 205
11248 45 252 205
11249 43 252 204
11250 42 95 205
11251 43 73 205
11252 41 56 204
11253 40 56 204
11254 4 118 205
11255 39 138 205
11256 38 184 205
11257 37 8 204
11258 5 122 205
11259 35 20 205
11260 83 21 213
11261 82 256 212
11262 80 135 212
11263 79 180 212
11264 77 30 211
11265 76 30 211
11266 74 243 211
11267 73 182 210
11268 71 177 209
11269 70 54 210
11270 68 145 209
11271 67 9 209
11272 65 3 208
11273 64 3 208
11274 62 132 207
11275 60 254 208
11276 59 175 207
11277 58 117 206
11278 57 7 206
11279 55 185 206
11280 52 20 206
11281 54 237 206
11282 53 158 206
11283 51 105 206
11284 1 158 206
11285 0 11 207
11286 49 152 205
11287 48 111 206
11288 2 160 206
11289 47 148 206
11290 46 11 206
11291 44 200 205
11292 3 182 206
11293 44 179 206
11294 42 56 206
11295 41 69 205
11296 4 161 206
11297 40 69 205
11298 39 217 206
11299 36 138 205
11300 5 193 206
11301 85 166 213
11302 83 256 214
11303 81 218 213
11304 80 218 213
11305 78 248 212
11306 77 253 212
11307 75 129 211
11308 74 182 212
11309 72 177 211
11310 71 204 210
11311 69 127 210
11312 68 127 210
11313 66 65 209
11314 65 262 209
11315 63 132 209
11316 62 219 208
11317 61 222 208
11318 59 117 208
11319 56 232 207
11320 57 229 207
11321 1 131 207
11322 55 26 207
11323 54 184 207
11324 52 158 207
11325 51 228 207
11326 53 129 207
11327 50 187 206
11328 49 37 206
11329 2 40 207
11330 48 226 207
11331 47 126 207
11332 45 21 206
11333 3 177 207
11334 45 28 207
11335 43 28 206
11336 42 69 207
11337 4 106 207
11338 41 240 206
11339 40 240 206
11340 38 103 206
11341 84 18 214
11342 85 88 214
11343 82 109 213
11344 81 15 214
11345 79 15 213
11346 78 5 213
11347 76 134 212
11348 75 220 212
11349 73 59 211
11350 72 204 212
11351 70 136 211
11352 69 133 211
11353 67 198 210
11354 66 66 210
11355 64 66 209
11356 63 219 210
11357 60 208 209
11358 61 116 209
11359 58 207 207
11360 56 213 208
11361 0 237 208
11362 57 260 208
11363 55 79 208
11364 1 59 208
11365 52 35 208
11366 53 76 208
11367 51 187 208
11368 50 113 207
11369 2 10 208
11370 49 163 207
11371 48 100 208
11372 46 242 207
11373 3 110 208
11374 46 235 208
11375 44 256 207
11376 43 166 207
11377 4 158 208
11378 42 240 208
11379 41 183 207
11380 86 231 215
11381 84 207 215
11382 83 109 215
11383 82 139 214
11384 80 62 214
11385 79 258 214
11386 77 43 213
11387 76 43 213
11388 74 59 213
11389 73 68 212
11390 71 17 211
11391 70 130 212
11392 68 164 211
11393 67 197 211
11394 65 241 210
11395 64 241 210
11396 62 84 209
11397 60 14 210
11398 59 207 209
11399 58 194 208
11400 0 125 209
11401 56 239 209
11402 57 241 209
11403 54 103 208
11404 1 60 209
11405 54 225 209
11406 52 76 209
11407 51 113 209
11408 2 134 209
11409 50 50 208
11410 49 121 208
11411 47 142 208
11412 3 159 209
11413 47 14 209
11414 45 90 208
11415 44 90 208
11416 4 171 209
11417 43 120 208
11418 87 231 217
11419 86 186 216
11420 85 118 215
11421 83 139 216
11422 81 67 215
11423 80 67 215
11424 78 110 214
11425 77 161 214
11426 75 106 213
11427 74 68 214
11428 72 17 213
11429 71 82 212
11430 69 33 212
11431 68 33 212
11432 66 137 211
11433 65 95 211
11434 63 84 211
11435 62 235 210
11436 61 32 210
11437 59 194 210
11438 0 97 210
11439 58 23 209
11440 56 167 210
11441 55 160 209
11442 1 15 210
11443 55 38 210
11444 53 94 209
11445 52 150 210
11446 2 165 210
11447 51 50 210
11448 50 71 209
11449 48 96 209
11450 49 135 209
11451 3 62 210
11452 46 173 209
11453 45 233 209
11454 4 240 210
11455 89 126 217
11456 87 186 218
11457 84 127 216
11458 85 20 216
11459 82 165 215
11460 81 153 216
11461 79 153 215
11462 78 51 215
11463 76 157 214
11464 75 140 214
11465 73 181 213
11466 72 82 214
11467 70 230 213
11468 69 252 213
11469 67 126 212
11470 66 42 212
11471 64 42 211
11472 63 235 212
11473 60 104 211
11474 61 174 211
11475 0 90 211
11476 59 23 211
11477 58 80 210
11478 57 1 210
11479 1 201 211
11480 56 67 211
11481 54 216 210
11482 53 144 210
11483 2 107 211
11484 52 213 211
11485 51 71 211
11486 48 234 210
11487 50 64 210
11488 49 218 210
11489 47 45 210
11490 46 30 210
11491 88 56 218
11492 89 132 218
11493 86 147 217
11494 84 168 217
11495 83 165 217
11496 82 208 216
11497 80 159 216
11498 79 212 216
11499 77 123 215
11500 76 123 215
11501 74 181 215
11502 73 115 214
11503 71 226 213
11504 70 11 214
11505 68 200 213
11506 67 221 213
11507 65 249 212
11508 64 249 212
11509 62 173 211
11510 60 161 212
11511 0 154 212
11512 61 188 212
11513 59 80 212
11514 57 215 211
11515 58 61 211
11516 1 239 212
11517 55 47 211
11518 54 191 211
11519 2 224 212
11520 53 215 211
11521 52 192 212
11522 3 97 211
11523 3 97 212
11524 50 154 211
11525 48 186 211
11526 90 174 219
11527 88 253 219
11528 87 147 219
11529 86 214 218
11530 85 96 217
11531 83 208 218
11532 81 210 217
11533 80 210 217
11534 78 70 216
11535 77 222 216
11536 75 187 215
11537 74 115 216
11538 72 226 215
11539 71 100 214
11540 69 21 214
11541 68 21 214
11542 66 135 213
11543 65 180 213
11544 63 173 213
11545 62 30 212
11546 0 170 213
11547 60 135 213
11548 61 65 213
11549 56 208 212
11550 1 29 213
11551 58 155 212
11552 57 27 212
11553 55 72 212
11554 2 56 213
11555 54 24 212
11556 53 16 212
11557 51 247 212
11558 3 90 213
11559 51 154 213
11560 91 89 220
11561 90 205 220
11562 89 1 219
11563 87 214 220
11564 84 108 218
11565 85 205 218
11566 82 105 217
11567 81 193 218
11568 79 193 217
11569 78 152 217
11570 76 76 216
11571 75 113 216
11572 73 163 215
11573 72 100 216
11574 70 242 215
11575 69 256 215
11576 67 128 214
11577 66 218 214
11578 64 218 213
11579 63 30 214
11580 0 174 214
11581 62 253 213
11582 60 185 214
11583 59 182 213
11584 1 73 214
11585 59 155 214
11586 56 72 213
11587 58 151 213
11588 57 12 213
11589 55 239 213
11590 54 255 213
11591 52 16 213
11592 53 170 213
11593 92 87 221
11594 91 58 221
11595 88 210 220
11596 89 214 220
11597 86 237 219
11598 84 225 219
11599 83 105 219
11600 82 228 218
11601 80 149 218
11602 79 111 218
11603 77 150 217
11604 76 150 217
11605 74 163 217
11606 73 121 216
11607 71 96 215
11608 70 7 216
11609 68 199 215
11610 67 45 215
11611 65 15 214
11612 64 15 214
11613 0 175 215
11614 63 253 215
11615 62 91 214
11616 61 152 214
11617 1 84 215
11618 60 117 215
11619 56 13 214
11620 2 135 214
11621 58 251 214
11622 57 256 214
11623 55 8 214
11624 3 170 214
11625 93 73 221
11626 92 234 222
11627 90 39 221
11628 88 250 221
11629 87 237 221
11630 86 184 220
11631 85 107 219
11632 83 228 220
11633 81 38 219
11634 80 38 219
11635 78 188 218
11636 77 213 218
11637 75 119 217
11638 74 121 218
11639 72 96 217
11640 71 231 216
11641 69 109 216
11642 68 109 216
11643 66 62 215
11644 65 258 215
11645 0 241 216
11646 64 258 215
11647 63 91 216
11648 61 24 215
11649 62 145 215
11650 1 164 216
11651 59 254 215
11652 2 231 215
11653 2 231 216
11654 56 222 215
11655 57 91 215
11656 94 190 222
11657 93 151 222
11658 91 224 222
11659 90 250 222
11660 89 135 221
11661 87 184 222
11662 84 209 220
11663 85 155 220
11664 82 19 219
11665 81 75 220
11666 79 75 219
11667 78 25 219
11668 76 144 218
11669 75 48 218
11670 73 32 217
11671 72 231 218
11672 70 154 217
11673 69 139 217
11674 67 201 216
11675 66 67 216
11676 0 126 217
11677 65 177 216
11678 64 177 216
11679 60 84 216
11680 1 71 217
11681 62 127 216
11682 61 148 216
11683 59 3 216
11684 2 255 217
11685 58 262 215
11686 95 190 224
11687 94 112 223
11688 92 151 223
11689 91 13 223
11690 88 246 222
11691 89 195 222
11692 86 103 221
11693 84 79 221
11694 83 19 221
11695 82 169 220
11696 80 47 220
11697 79 238 220
11698 77 215 219
11699 76 215 219
11700 74 32 219
11701 73 77 218
11702 71 85 217
11703 70 124 218
11704 68 31 217
11705 67 196 217
11706 0 163 218
11707 66 153 217
11708 65 204 217
11709 63 161 217
11710 64 204 217
11711 1 48 218
11712 60 216 217
11713 61 259 217
11714 62 250 217
11715 96 168 225
11716 95 112 225
11717 93 166 223
11718 92 125 224
11719 90 240 223
11720 88 201 223
11721 87 103 223
11722 86 141 222
11723 85 106 221
11724 83 169 222
11725 81 72 221
11726 80 72 221
11727 78 24 220
11728 77 16 220
11729 75 4 219
11730 74 77 220
11731 72 85 219
11732 71 147 218
11733 69 165 218
11734 68 165 218
11735 0 238 219
11736 67 110 218
11737 66 212 218
11738 63 229 218
11739 65 195 218
11740 64 195 218
11741 2 258 218
11742 60 164 218
11743 97 56 225
11744 96 207 226
11745 94 97 224
11746 93 120 224
11747 91 23 224
11748 90 183 224
11749 89 41 223
11750 87 141 224
11751 84 41 222
11752 85 86 222
11753 82 36 221
11754 81 239 222
11755 79 239 221
11756 78 255 221
11757 76 259 220
11758 75 174 220
11759 73 116 219
11760 72 147 220
11761 70 98 219
11762 69 208 219
11763 71 41 219
11764 68 208 219
11765 67 51 219
11766 1 260 219
11767 66 17 219
11768 65 198 219
11769 63 164 219
11770 98 249 226
11771 97 69 226
11772 95 97 226
11773 94 143 225
11774 92 120 225
11775 91 80 225
11776 88 165 224
11777 89 155 224
11778 86 209 223
11779 84 96 223
11780 83 36 223
11781 82 251 222
11782 80 6 222
11783 79 8 222
11784 77 89 221
11785 76 89 221
11786 74 116 221
11787 73 49 220
11788 0 60 220
11789 70 55 220
11790 71 104 220
11791 69 106 220
11792 68 106 220
11793 1 65 220
11794 67 246 220
11795 66 82 220
11796 99 7 227
11797 98 180 227
11798 96 83 227
11799 95 143 227
11800 93 10 225
11801 92 223 226
11802 90 81 225
11803 88 101 225
11804 87 209 225
11805 86 18 224
11806 85 172 223
11807 83 251 224
11808 81 261 223
11809 80 261 223
11810 78 87 222
11811 77 58 222
11812 75 146 221
11813 74 49 222
11814 72 78 221
11815 0 127 221
11816 73 147 221
11817 70 157 221
11818 69 140 221
11819 1 82 221
11820 68 140 221
11821 100 256 228
11822 99 173 228
11823 97 203 227
11824 96 60 228
11825 94 253 226
11826 93 172 226
11827 91 182 226
11828 90 236 226
11829 89 204 225
11830 87 18 226
11831 84 88 224
11832 85 251 224
11833 82 262 223
11834 81 176 224
11835 79 176 223
11836 78 234 223
11837 76 117 222
11838 75 39 222
11839 0 33 222
11840 72 237 222
11841 73 210 222
11842 71 184 221
11843 70 123 222
11844 1 152 222
11845 101 90 229
11846 100 90 229
11847 98 15 228
11848 97 20 228
11849 95 253 228
11850 94 91 227
11851 92 172 227
11852 91 27 227
11853 88 18 226
11854 89 127 226
11855 86 133 225
11856 84 230 225
11857 83 262 225
11858 82 88 224
11859 80 219 224
11860 79 29 224
11861 77 224 223
11862 76 224 223
11863 74 26 223
11864 0 123 223
11865 75 212 223
11866 72 184 223
11867 71 114 222
11868 102 109 230
11869 101 233 230
11870 99 124 229
11871 98 258 229
11872 96 5 229
11873 95 91 229
11874 93 102 227
11875 92 118 228
11876 90 195 227
11877 88 260 227
11878 87 133 227
11879 86 131 226
11880 85 76 225
11881 83 88 226
11882 81 190 225
11883 80 190 225
11884 78 151 224
11885 77 13 224
11886 0 120 224
11887 74 79 224
11888 75 92 224
11889 73 149 223
11890 103 186 230
11891 102 139 231
11892 100 139 230
11893 99 134 230
11894 97 177 229
11895 96 86 230
11896 94 161 228
11897 93 229 228
11898 91 68 228
11899 90 198 228
11900 89 180 227
11901 87 131 228
11902 84 58 226
11903 85 139 226
11904 82 95 225
11905 81 112 226
11906 79 112 225
11907 78 125 225
11908 76 194 224
11909 0 57 225
11910 76 171 225
11911 104 186 232
11912 103 201 231
11913 101 129 231
11914 100 129 231
11915 98 153 230
11916 97 204 230
11917 95 161 230
11918 94 34 229
11919 92 229 229
11920 91 65 229
11921 88 10 228
11922 89 88 228
11923 86 252 227
11924 84 227 227
11925 83 95 227
11926 82 56 226
11927 80 235 226
11928 79 138 226
11929 77 23 225
11930 0 80 226
11931 105 201 233
11932 104 201 233
11933 102 165 232
11934 101 220 232
11935 99 55 231
11936 98 212 231
11937 96 51 231
11938 95 34 231
11939 93 41 229
11940 92 99 230
11941 90 148 229
11942 88 74 229
11943 87 252 229
11944 86 179 228
11945 85 214 227
11946 83 56 228
11947 81 97 227
11948 80 97 227
11949 78 120 226
11950 106 232 233
11951 105 196 234
11952 103 214 232
11953 102 208 233
11954 100 208 232
11955 99 157 232
11956 97 17 231
11957 96 246 232
11958 94 222 230
11959 93 74 230
11960 91 115 230
11961 90 126 230
11962 89 153 229
11963 87 179 230
11964 84 257 228
11965 85 97 228
11966 82 180 227
11967 81 143 228
11968 107 205 234
11969 106 98 234
11970 104 214 234
11971 103 104 233
11972 101 106 233
11973 100 106 233
11974 98 193 232
11975 97 82 232
11976 95 222 232
11977 94 189 231
11978 92 74 231
11979 91 137 231
11980 88 172 230
11981 89 91 230
11982 86 256 229
11983 84 135 229
11984 83 180 229
11985 108 205 236
11986 107 107 235
11987 105 104 235
11988 104 104 235
11989 102 105 234
11990 101 140 234
11991 99 35 233
11992 98 111 233
11993 96 152 233
11994 95 189 233
11995 93 50 231
11996 92 63 232
11997 90 142 231
11998 88 246 231
11999 87 256 231
12000 86 90 230
12001 109 156 236
12002 108 107 237
12003 106 52 235
12004 105 53 236
12005 103 184 234
12006 102 228 235
12007 100 228 234
12008 99 76 234
12009 97 226 233
12010 96 37 234
12011 94 213 232
12012 93 71 232
12013 91 121 232
12014 90 128 232
12015 89 174 231
12016 110 185 237
12017 109 211 237
12018 107 250 236
12019 106 158 236
12020 104 184 236
12021 103 114 235
12022 101 187 235
12023 100 187 235
12024 98 75 234
12025 97 100 234
12026 95 213 234
12027 94 192 233
12028 92 71 233
12029 91 135 233
12030 111 151 238
12031 110 26 238
12032 108 250 238
12033 107 92 237
12034 105 114 237
12035 104 114 237
12036 102 19 236
12037 101 113 236
12038 99 94 235
12039 98 238 235
12040 96 25 235
12041 95 192 235
12042 93 247 233
12043 112 112 239
12044 111 125 239
12045 109 171 238
12046 108 92 239
12047 106 57 237
12048 105 225 238
12049 103 141 236
12050 102 169 237
12051 100 169 236
12052 99 144 236
12053 97 96 235
12054 96 167 236
12055 113 194 239
12056 112 138 240
12057 110 46 239
12058 109 206 239
12059 107 183 238
12060 106 244 238
12061 104 141 238
12062 103 216 237
12063 101 119 237
12064 100 119 237
12065 98 239 236
12066 114 194 241
12067 113 23 240
12068 111 120 240
12069 110 160 240
12070 108 183 240
12071 107 202 239
12072 105 216 239
12073 104 216 239
12074 102 36 238
12075 101 48 238
12076 115 69 242
12077 114 23 242
12078 112 143 241
12079 111 223 241
12080 109 61 240
12081 108 202 241
12082 106 108 239
12083 105 191 240
12084 103 18 238
12085 116 180 243
12086 115 240 243
12087 113 243 241
12088 112 40 242
12089 110 101 241
12090 109 155 241
12091 107 236 240
12092 106 227 240
12093 117 30 243
12094 116 203 244
12095 114 243 243
12096 113 182 242
12097 111 172 242
12098 110 54 242
12099 108 236 242
12100 118 233 244
12101 117 253 244
12102 115 20 244
12103 114 182 244
12104 112 91 243
12105 111 118 243
12106 119 233 246
12107 118 10 245
12108 116 258 245
12109 115 81 245
12110 113 59 243
12111 120 62 246
12112 121 254 246
12113 117 43 245
12114 116 177 246
12115 119 247 247
12116 120 67 247
12117 118 220 246
12118 122 196 248
12119 121 110 247
12120 123 196 250
12121 12 3 200
12122 13 84 200
12123 14 69 200
12124 15 45 200
12125 16 135 200
12126 17 157 200
12127 18 233 200
12128 19 131 200
12129 20 132 200
12130 21 212 200
12131 22 101 200
12132 7 92 201
12133 8 179 201
12134 10 98 201
12135 9 225 201
12136 11 137 201
12137 12 6 201
12138 13 234 201
12139 14 80 201
12140 15 24 201
12141 16 253 201
12142 17 29 201
12143 18 161 201
12144 19 179 201
12145 20 198 201
12146 21 32 201
12147 22 217 201
12148 23 231 201
12149 24 82 201
12150 25 226 201
12151 26 81 201
12152 7 254 202
12153 8 85 202
12154 9 98 202
12155 10 117 202
12156 11 7 202
12157 12 91 202
12158 24 227 202
12159 25 254 202
12160 26 205 202
12161 27 237 202
12162 28 85 202
12163 29 9 202
12164 6 137 203
12165 7 119 203
12166 28 31 203
12167 29 56 203
12168 30 79 203
12169 6 210 204
12170 7 100 204
12171 31 62 204
12172 32 118 204
12173 33 168 204
12174 34 188 204
12175 6 170 205
12176 32 73 205
12177 33 197 205
12178 34 152 205
12179 37 55 205
12180 6 225 206
12181 13 3 202
12182 14 84 202
12183 15 69 202
12184 16 45 202
12185 17 135 202
12186 18 157 202
12187 19 233 202
12188 20 131 202
12189 21 132 202
12190 22 212 202
12191 23 101 202
12192 8 92 203
12193 9 179 203
12194 11 98 203
12195 10 225 203
12196 12 137 203
12197 13 6 203
12198 14 234 203
12199 15 80 203
12200 16 24 203
12201 17 253 203
12202 18 29 203
12203 19 161 203
12204 20 179 203
12205 21 198 203
12206 22 32 203
12207 23 217 203
12208 24 231 203
12209 25 82 203
12210 26 226 203
12211 27 81 203
12212 8 254 204
12213 9 85 204
12214 10 98 204
12215 11 117 204
12216 12 7 204
12217 13 91 204
12218 25 227 204
12219 26 254 204
12220 27 205 204
12221 28 237 204
12222 29 85 204
12223 30 9 204
12224 7 137 205
12225 8 119 205
12226 29 31 205
12227 30 56 205
12228 31 79 205
12229 7 210 206
12230 8 100 206
12231 32 62 206
12232 33 118 206
12233 34 168 206
12234 35 188 206
12235 36 89 206
12236 37 70 206
12237 5 6 207
12238 6 30 207
12239 7 7 207
12240 14 3 204
12241 15 84 204
12242 16 69 204
12243 17 45 204
12244 18 135 204
12245 19 157 204
12246 20 233 204
12247 21 131 204
12248 22 132 204
12249 23 212 204
12250 24 101 204
12251 9 92 205
12252 10 179 205
12253 12 98 205
12254 11 225 205
12255 13 137 205
12256 14 6 205
12257 15 234 205
12258 16 80 205
12259 17 24 205
12260 18 253 205
12261 19 29 205
12262 20 161 205
12263 21 179 205
12264 22 198 205
12265 23 32 205
12266 24 217 205
12267 25 231 205
12268 26 82 205
12269 27 226 205
12270 28 81 205
12271 9 254 206
12272 10 85 206
12273 11 98 206
12274 12 117 206
12275 13 7 206
12276 14 91 206
12277 26 227 206
12278 27 254 206
12279 28 205 206
12280 29 237 206
12281 30 85 206
12282 31 9 206
12283 8 137 207
12284 9 119 207
12285 30 31 207
12286 31 56 207
12287 32 79 207
12288 33 122 207
12289 34 144 207
12290 35 42 207
12291 36 12 207
12292 37 82 207
12293 39 149 207
12294 38 215 207
12295 40 222 207
12296 5 58 208
12297 6 50 208
12298 15 3 206
12299 16 84 206
12300 17 69 206
12301 18 45 206
12302 19 135 206
12303 20 157 206
12304 21 233 206
12305 22 131 206
12306 23 132 206
12307 24 212 206
12308 25 101 206
12309 10 92 207
12310 11 179 207
12311 13 98 207
12312 12 225 207
12313 14 137 207
12314 15 6 207
12315 16 234 207
12316 17 80 207
12317 18 24 207
12318 19 253 207
12319 20 29 207
12320 21 161 207
12321 22 179 207
12322 23 198 207
12323 24 32 207
12324 25 217 207
12325 26 231 207
12326 27 82 207
12327 28 226 207
12328 29 81 207
12329 7 3 208
12330 8 39 208
12331 9 31 208
12332 10 89 208
12333 11 2 208
12334 12 1 208
12335 13 7 208
12336 14 159 208
12337 15 229 208
12338 27 186 208
12339 28 89 208
12340 29 124 208
12341 30 232 208
12342 31 57 208
12343 32 32 208
12344 33 244 208
12345 34 167 208
12346 35 119 208
12347 36 240 208
12348 37 108 208
12349 38 226 208
12350 39 41 208
12351 40 233 208
12352 41 156 208
12353 5 130 209
12354 6 27 209
12355 16 3 208
12356 17 84 208
12357 18 69 208
12358 19 45 208
12359 20 135 208
12360 21 157 208
12361 22 233 208
12362 23 131 208
12363 24 132 208
12364 25 212 208
12365 26 101 208
12366 7 215 209
12367 8 208 209
12368 9 7 209
12369 10 32 209
12370 11 222 209
12371 12 159 209
12372 13 20 209
12373 14 28 209
12374 15 139 209
12375 16 196 209
12376 17 104 209
12377 18 234 209
12378 19 178 209
12379 20 63 209
12380 21 85 209
12381 22 62 209
12382 23 44 209
12383 24 56 209
12384 25 112 209
12385 26 74 209
12386 27 138 209
12387 28 109 209
12388 29 62 209
12389 30 234 209
12390 31 181 209
12391 32 135 209
12392 33 220 209
12393 34 2 209
12394 35 248 209
12395 36 137 209
12396 37 203 209
12397 38 79 209
12398 39 212 209
12399 40 49 209
12400 41 206 209
12401 42 150 209
12402 43 17 209
12403 44 242 209
12404 5 116 210
12405 6 156 210
12406 7 178 210
12407 8 48 210
12408 9 6 210
12409 10 65 210
12410 11 83 210
12411 12 247 210
12412 13 42 210
12413 14 79 210
12414 15 130 210
12415 16 23 210
12416 17 18 210
12417 18 121 210
12418 19 167 210
12419 20 69 210
12420 21 181 210
12421 22 41 210
12422 23 262 210
12423 24 237 210
12424 25 45 210
12425 26 125 210
12426 27 76 210
12427 28 204 210
12428 29 14 210
12429 30 41 210
12430 31 255 210
12431 32 217 210
12432 33 215 210
12433 34 166 210
12434 35 80 210
12435 36 50 210
12436 37 179 210
12437 38 129 210
12438 39 125 210
12439 40 10 210
12440 41 124 210
12441 42 259 210
12442 43 43 210
12443 44 29 210
12444 45 97 210
12445 4 88 211
12446 5 229 211
12447 6 203 211
12448 7 235 211
12449 8 122 211
12450 9 128 211
12451 10 168 211
12452 11 139 211
12453 12 66 211
12454 13 149 211
12455 14 52 211
12456 15 246 211
12457 16 171 211
12458 17 97 211
12459 18 118 211
12460 19 82 211
12461 20 189 211
12462 21 131 211
12463 22 22 211
12464 23 118 211
12465 24 90 211
12466 25 231 211
12467 26 229 211
12468 27 162 211
12469 28 169 211
12470 29 42 211
12471 30 140 211
12472 31 144 211
12473 32 153 211
12474 33 193 211
12475 34 225 211
12476 35 210 211
12477 36 86 211
12478 37 140 211
12479 38 10 211
12480 39 193 211
12481 40 168 211
12482 41 201 211
12483 42 258 211
12484 43 121 211
12485 44 209 211
12486 45 129 211
12487 46 53 211
12488 47 236 211
12489 49 5 211
12490 4 234 212
12491 5 176 212
12492 6 22 212
12493 7 262 212
12494 8 152 212
12495 9 122 212
12496 10 170 212
12497 11 212 212
12498 12 32 212
12499 13 137 212
12500 14 218 212
12501 15 64 212
12502 16 99 212
12503 17 52 212
12504 18 32 212
12505 19 109 212
12506 20 40 212
12507 21 165 212
12508 22 101 212
12509 23 33 212
12510 24 246 212
12511 25 88 212
12512 26 143 212
12513 27 32 212
12514 28 56 212
12515 29 188 212
12516 30 249 212
12517 31 165 212
12518 32 160 212
12519 33 196 212
12520 34 3 212
12521 35 126 212
12522 36 173 212
12523 37 143 212
12524 38 70 212
12525 39 59 212
12526 40 79 212
12527 41 130 212
12528 42 168 212
12529 43 89 212
12530 44 21 212
12531 45 259 212
12532 46 28 212
12533 47 11 212
12534 48 257 212
12535 49 129 212
12536 50 102 212
12537 4 163 213
12538 5 135 213
12539 6 155 213
12540 7 122 213
12541 8 221 213
12542 9 183 213
12543 10 127 213
12544 11 71 213
12545 12 126 213
12546 13 67 213
12547 14 186 213
12548 15 33 213
12549 16 4 213
12550 17 215 213
12551 18 188 213
12552 19 238 213
12553 20 168 213
12554 21 99 213
12555 22 143 213
12556 23 63 213
12557 24 12 213
12558 25 232 213
12559 26 209 213
12560 27 153 213
12561 28 255 213
12562 29 220 213
12563 30 15 213
12564 31 192 213
12565 32 11 213
12566 33 158 213
12567 34 192 213
12568 35 83 213
12569 36 228 213
12570 37 77 213
12571 38 149 213
12572 39 212 213
12573 40 162 213
12574 41 198 213
12575 42 97 213
12576 43 223 213
12577 44 106 213
12578 45 169 213
12579 46 94 213
12580 47 10 213
12581 48 93 213
12582 49 173 213
12583 50 124 213
12584 4 169 214
12585 5 210 214
12586 6 226 214
12587 7 136 214
12588 8 212 214
12589 9 143 214
12590 10 70 214
12591 11 180 214
12592 12 82 214
12593 13 18 214
12594 14 48 214
12595 15 87 214
12596 16 262 214
12597 17 63 214
12598 18 258 214
12599 19 110 214
12600 20 117 214
12601 21 98 214
12602 22 260 214
12603 23 133 214
12604 24 231 214
12605 25 204 214
12606 26 216 214
12607 27 38 214
12608 28 185 214
12609 29 238 214
12610 30 220 214
12611 31 241 214
12612 32 166 214
12613 33 102 214
12614 34 247 214
12615 35 12 214
12616 36 209 214
12617 37 206 214
12618 38 98 214
12619 39 46 214
12620 40 251 214
12621 41 51 214
12622 42 3 214
12623 44 255 214
12624 43 85 214
12625 45 9 214
12626 46 39 214
12627 47 220 214
12628 48 135 214
12629 49 149 214
12630 50 80 214
12631 51 76 214
12632 52 183 214
12633 53 162 214
12634 54 252 214
12635 3 8 215
12636 4 139 215
12637 5 228 215
12638 6 6 215
12639 7 223 215
12640 8 49 215
12641 9 169 215
12642 10 100 215
12643 11 145 215
12644 12 238 215
12645 13 217 215
12646 14 70 215
12647 15 189 215
12648 16 35 215
12649 17 32 215
12650 18 212 215
12651 19 42 215
12652 20 49 215
12653 21 191 215
12654 22 193 215
12655 23 31 215
12656 24 95 215
12657 25 7 215
12658 26 172 215
12659 27 4 215
12660 28 116 215
12661 29 212 215
12662 30 130 215
12663 31 174 215
12664 32 213 215
12665 33 34 215
12666 34 196 215
12667 35 10 215
12668 36 242 215
12669 37 37 215
12670 38 62 215
12671 39 109 215
12672 40 17 215
12673 41 185 215
12674 42 237 215
12675 43 109 215
12676 44 16 215
12677 45 233 215
12678 46 93 215
12679 47 225 215
12680 48 246 215
12681 49 149 215
12682 50 74 215
12683 51 166 215
12684 52 145 215
12685 53 50 215
12686 54 134 215
12687 55 91 215
12688 3 33 216
12689 4 32 216
12690 5 250 216
12691 6 113 216
12692 7 5 216
12693 8 230 216
12694 9 198 216
12695 10 245 216
12696 11 129 216
12697 12 70 216
12698 13 86 216
12699 14 38 216
12700 15 56 216
12701 16 262 216
12702 17 124 216
12703 18 224 216
12704 19 165 216
12705 20 113 216
12706 21 247 216
12707 22 10 216
12708 23 8 216
12709 24 142 216
12710 25 184 216
12711 26 105 216
12712 27 103 216
12713 28 206 216
12714 29 121 216
12715 30 134 216
12716 31 163 216
12717 32 110 216
12718 33 124 216
12719 34 134 216
12720 35 255 216
12721 36 80 216
12722 37 225 216
12723 38 93 216
12724 39 94 216
12725 40 143 216
12726 41 206 216
12727 42 238 216
12728 43 34 216
12729 44 194 216
12730 45 211 216
12731 46 234 216
12732 47 58 216
12733 48 215 216
12734 49 79 216
12735 50 120 216
12736 51 158 216
12737 52 221 216
12738 53 45 216
12739 54 232 216
12740 55 107 216
12741 56 89 216
12742 57 189 216
12743 58 139 216
12744 3 54 217
12745 4 53 217
12746 5 121 217
12747 6 104 217
12748 7 69 217
12749 8 1 217
12750 9 105 217
12751 10 196 217
12752 11 162 217
12753 12 106 217
12754 13 134 217
12755 14 42 217
12756 15 237 217
12757 16 55 217
12758 17 177 217
12759 18 155 217
12760 19 109 217
12761 20 5 217
12762 21 19 217
12763 22 226 217
12764 23 190 217
12765 24 51 217
12766 25 153 217
12767 26 54 217
12768 27 35 217
12769 28 91 217
12770 29 195 217
12771 30 116 217
12772 31 146 217
12773 32 243 217
12774 33 200 217
12775 34 224 217
12776 35 36 217
12777 36 17 217
12778 37 236 217
12779 38 162 217
12780 39 247 217
12781 40 38 217
12782 41 172 217
12783 42 206 217
12784 43 116 217
12785 44 131 217
12786 45 129 217
12787 46 127 217
12788 47 97 217
12789 48 217 217
12790 49 262 217
12791 50 71 217
12792 51 192 217
12793 52 244 217
12794 53 221 217
12795 54 254 217
12796 55 105 217
12797 56 66 217
12798 57 128 217
12799 58 104 217
12800 59 139 217
12801 3 197 218
12802 4 17 218
12803 5 59 218
12804 6 47 218
12805 7 162 218
12806 8 185 218
12807 9 72 218
12808 10 252 218
12809 11 151 218
12810 12 215 218
12811 13 248 218
12812 14 230 218
12813 15 241 218
12814 16 155 218
12815 17 173 218
12816 18 81 218
12817 19 250 218
12818 20 182 218
12819 21 225 218
12820 22 44 218
12821 23 47 218
12822 24 118 218
12823 25 221 218
12824 26 87 218
12825 27 206 218
12826 28 63 218
12827 29 211 218
12828 30 5 218
12829 31 88 218
12830 32 105 218
12831 33 1 218
12832 34 68 218
12833 35 122 218
12834 36 49 218
12835 37 81 218
12836 38 141 218
12837 39 184 218
12838 40 205 218
12839 41 132 218
12840 42 153 218
12841 43 260 218
12842 44 54 218
12843 45 190 218
12844 46 255 218
12845 47 162 218
12846 48 35 218
12847 49 126 218
12848 50 238 218
12849 51 150 218
12850 52 86 218
12851 53 224 218
12852 54 245 218
12853 55 7 218
12854 56 254 218
12855 57 14 218
12856 58 220 218
12857 59 191 218
12858 61 112 218
12859 62 32 218
12860 2 226 219
12861 3 222 219
12862 4 8 219
12863 5 160 219
12864 6 135 219
12865 7 160 219
12866 8 204 219
12867 9 81 219
12868 10 14 219
12869 11 117 219
12870 12 164 219
12871 13 28 219
12872 14 159 219
12873 15 136 219
12874 16 44 219
12875 17 126 219
12876 18 171 219
12877 19 68 219
12878 20 137 219
12879 21 196 219
12880 22 162 219
12881 23 173 219
12882 24 245 219
12883 25 149 219
12884 27 143 219
12885 26 112 219
12886 28 232 219
12887 29 196 219
12888 30 252 219
12889 31 190 219
12890 32 63 219
12891 33 192 219
12892 34 64 219
12893 35 50 219
12894 36 126 219
12895 37 84 219
12896 38 213 219
12897 39 43 219
12898 40 118 219
12899 41 174 219
12900 42 187 219
12901 43 156 219
12902 44 4 219
12903 45 68 219
12904 46 36 219
12905 47 74 219
12906 48 125 219
12907 49 94 219
12908 50 96 219
12909 51 117 219
12910 52 4 219
12911 53 2 219
12912 54 102 219
12913 55 186 219
12914 56 1 219
12915 57 113 219
12916 58 64 219
12917 59 225 219
12918 60 156 219
12919 61 59 219
12920 62 35 219
12921 64 158 219
12922 2 76 220
12923 3 47 220
12924 4 98 220
12925 5 241 220
12926 6 188 220
12927 7 123 220
12928 8 242 220
12929 9 219 220
12930 11 250 220
12931 10 77 220
12932 12 51 220
12933 13 228 220
12934 14 152 220
12935 15 190 220
12936 16 227 220
12937 17 260 220
12938 18 60 220
12939 19 37 220
12940 20 196 220
12941 21 202 220
12942 22 48 220
12943 23 222 220
12944 24 118 220
12945 25 130 220
12946 26 154 220
12947 27 232 220
12948 28 218 220
12949 29 234 220
12950 30 76 220
12951 31 109 220
12952 32 40 220
12953 33 6 220
12954 34 135 220
12955 35 123 220
12956 36 193 220
12957 37 28 220
12958 38 124 220
12959 39 242 220
12960 40 75 220
12961 41 175 220
12962 42 29 220
12963 43 92 220
12964 44 218 220
12965 45 221 220
12966 46 192 220
12967 47 122 220
12968 48 217 220
12969 49 221 220
12970 50 187 220
12971 51 93 220
12972 52 134 220
12973 53 220 220
12974 54 152 220
12975 55 31 220
12976 56 254 220
12977 57 35 220
12978 58 152 220
12979 59 191 220
12980 60 210 220
12981 61 262 220
12982 62 6 220
12983 63 109 220
12984 64 166 220
12985 65 244 220
12986 2 125 221
12987 3 231 221
12988 4 60 221
12989 5 236 221
12990 6 258 221
12991 7 210 221
12992 8 212 221
12993 9 179 221
12994 10 120 221
12995 11 205 221
12996 12 90 221
12997 13 143 221
12998 14 149 221
12999 15 175 221
13000 16 262 221
13001 17 20 221
13002 18 256 221
13003 19 22 221
13004 20 200 221
13005 21 179 221
13006 22 71 221
13007 23 220 221
13008 24 203 221
13009 25 57 221
13010 26 136 221
13011 27 245 221
13012 28 162 221
13013 29 122 221
13014 30 52 221
13015 31 19 221
13016 32 255 221
13017 33 64 221
13018 34 122 221
13019 35 24 221
13020 36 203 221
13021 37 174 221
13022 38 96 221
13023 39 175 221
13024 40 131 221
13025 41 173 221
13026 42 60 221
13027 43 139 221
13028 44 241 221
13029 45 41 221
13030 46 90 221
13031 47 174 221
13032 48 230 221
13033 49 88 221
13034 50 106 221
13035 51 42 221
13036 52 75 221
13037 53 74 221
13038 54 20 221
13039 55 31 221
13040 56 118 221
13041 57 115 221
13042 58 133 221
13043 59 63 221
13044 60 50 221
13045 61 64 221
13046 62 36 221
13047 63 233 221
13048 64 163 221
13049 65 115 221
13050 66 57 221
13051 67 230 221
13052 2 10 222
13053 3 166 222
13054 4 225 222
13055 5 225 222
13056 6 34 222
13057 7 127 222
13058 8 146 222
13059 9 33 222
13060 10 181 222
13061 11 15 222
13062 12 121 222
13063 13 112 222
13064 14 23 222
13065 15 179 222
13066 16 172 222
13067 17 125 222
13068 18 166 222
13069 19 36 222
13070 20 195 222
13071 21 71 222
13072 22 253 222
13073 23 168 222
13074 24 144 222
13075 25 132 222
13076 26 103 222
13077 27 2 222
13078 28 107 222
13079 29 151 222
13080 30 118 222
13081 31 192 222
13082 32 135 222
13083 34 210 222
13084 33 128 222
13085 35 22 222
13086 36 221 222
13087 37 226 222
13088 38 15 222
13089 39 31 222
13090 40 182 222
13091 41 141 222
13092 42 11 222
13093 43 82 222
13094 44 57 222
13095 45 131 222
13096 46 162 222
13097 47 204 222
13098 48 32 222
13099 49 252 222
13100 50 19 222
13101 51 86 222
13102 52 24 222
13103 53 124 222
13104 54 52 222
13105 55 2 222
13106 56 194 222
13107 57 7 222
13108 58 160 222
13109 59 139 222
13110 60 233 222
13111 61 248 222
13112 62 69 222
13113 64 170 222
13114 63 161 222
13115 65 155 222
13116 66 59 222
13117 67 83 222
13118 68 32 222
13119 69 149 222
13120 1 76 223
13121 2 99 223
13122 3 52 223
13123 4 222 223
13124 5 70 223
13125 6 229 223
13126 7 249 223
13127 8 83 223
13128 9 229 223
13129 10 16 223
13130 11 187 223
13131 12 176 223
13132 13 85 223
13133 14 242 223
13134 15 116 223
13135 16 257 223
13136 17 152 223
13137 18 92 223
13138 19 56 223
13139 20 164 223
13140 21 148 223
13141 22 247 223
13142 23 58 223
13143 24 120 223
13144 25 93 223
13145 26 80 223
13146 27 172 223
13147 28 27 223
13148 29 252 223
13149 30 52 223
13150 31 253 223
13151 32 78 223
13152 33 105 223
13153 34 54 223
13154 35 30 223
13155 36 80 223
13156 37 92 223
13157 38 107 223
13158 39 68 223
13159 40 165 223
13160 41 110 223
13161 42 180 223
13162 43 245 223
13163 44 24 223
13164 45 174 223
13165 46 49 223
13166 47 104 223
13167 48 104 223
13168 49 129 223
13169 50 194 223
13170 51 133 223
13171 52 138 223
13172 54 87 223
13173 53 192 223
13174 55 87 223
13175 56 237 223
13176 57 154 223
13177 58 146 223
13178 59 52 223
13179 60 27 223
13180 61 101 223
13181 62 61 223
13182 63 1 223
13183 64 239 223
13184 65 122 223
13185 66 168 223
13186 67 244 223
13187 68 175 223
13188 69 86 223
13189 70 3 223
13190 71 234 223
13191 1 105 224
13192 2 167 224
13193 3 189 224
13194 4 202 224
13195 5 84 224
13196 6 176 224
13197 7 86 224
13198 8 178 224
13199 9 41 224
13200 10 39 224
13201 11 72 224
13202 12 69 224
13203 13 3 224
13204 14 232 224
13205 15 34 224
13206 16 215 224
13207 17 236 224
13208 18 208 224
13209 19 77 224
13210 20 250 224
13211 21 179 224
13212 22 201 224
13213 23 122 224
13214 24 220 224
13215 25 119 224
13216 26 84 224
13217 27 212 224
13218 28 261 224
13219 29 68 224
13220 30 104 224
13221 31 14 224
13222 32 114 224
13223 33 52 224
13224 34 93 224
13225 35 3 224
13226 36 234 224
13227 37 100 224
13228 38 162 224
13229 39 110 224
13230 40 135 224
13231 41 67 224
13232 42 248 224
13233 43 247 224
13234 44 97 224
13235 45 88 224
13236 46 51 224
13237 47 251 224
13238 48 113 224
13239 49 158 224
13240 50 207 224
13241 51 247 224
13242 52 126 224
13243 53 242 224
13244 54 229 224
13245 55 209 224
13246 56 191 224
13247 57 124 224
13248 58 141 224
13249 59 233 224
13250 60 74 224
13251 61 167 224
13252 62 214 224
13253 63 230 224
13254 64 197 224
13255 65 103 224
13256 66 11 224
13257 67 24 224
13258 68 29 224
13259 69 212 224
13260 70 101 224
13261 71 79 224
13262 72 68 224
13263 73 203 224
13264 1 35 225
13265 2 194 225
13266 3 223 225
13267 4 47 225
13268 5 127 225
13269 6 35 225
13270 7 124 225
13271 8 149 225
13272 9 205 225
13273 10 49 225
13274 11 229 225
13275 12 135 225
13276 13 61 225
13277 14 193 225
13278 15 99 225
13279 16 217 225
13280 17 193 225
13281 18 243 225
13282 19 237 225
13283 20 82 225
13284 21 205 225
13285 22 159 225
13286 23 64 225
13287 24 96 225
13288 25 154 225
13289 26 195 225
13290 27 66 225
13291 28 162 225
13292 29 38 225
13293 30 15 225
13294 31 18 225
13295 32 167 225
13296 33 32 225
13297 34 81 225
13298 35 86 225
13299 36 40 225
13300 37 117 225
13301 38 150 225
13302 39 155 225
13303 40 204 225
13304 41 226 225
13305 42 166 225
13306 43 178 225
13307 44 47 225
13308 45 107 225
13309 46 225 225
13310 47 227 225
13311 48 73 225
13312 49 167 225
13313 50 113 225
13314 51 114 225
13315 52 184 225
13316 53 8 225
13317 54 183 225
13318 55 41 225
13319 56 192 225
13320 57 237 225
13321 58 189 225
13322 59 142 225
13323 60 127 225
13324 61 251 225
13325 62 242 225
13326 63 65 225
13327 64 161 225
13328 65 169 225
13329 66 64 225
13330 67 204 225
13331 68 24 225
13332 69 149 225
13333 70 61 225
13334 71 152 225
13335 72 200 225
13336 73 155 225
13337 74 60 225
13338 75 239 225
13339 1 205 226
13340 2 104 226
13341 3 254 226
13342 4 7 226
13343 5 6 226
13344 6 60 226
13345 7 3 226
13346 8 188 226
13347 9 261 226
13348 10 199 226
13349 11 30 226
13350 12 197 226
13351 13 133 226
13352 14 141 226
13353 15 122 226
13354 16 155 226
13355 17 134 226
13356 18 217 226
13357 19 234 226
13358 20 45 226
13359 21 32 226
13360 22 76 226
13361 23 4 226
13362 24 112 226
13363 25 195 226
13364 26 238 226
13365 27 111 226
13366 28 97 226
13367 29 57 226
13368 30 180 226
13369 31 90 226
13370 32 114 226
13371 33 128 226
13372 34 12 226
13373 35 245 226
13374 36 77 226
13375 37 160 226
13376 38 126 226
13377 39 145 226
13378 40 237 226
13379 41 163 226
13380 42 75 226
13381 43 230 226
13382 44 248 226
13383 45 11 226
13384 46 227 226
13385 47 189 226
13386 48 214 226
13387 49 225 226
13388 50 229 226
13389 51 44 226
13390 52 88 226
13391 53 136 226
13392 54 245 226
13393 55 24 226
13394 56 225 226
13395 57 257 226
13396 58 11 226
13397 59 193 226
13398 60 231 226
13399 61 67 226
13400 62 212 226
13401 63 118 226
13402 64 27 226
13403 65 103 226
13404 66 233 226
13405 67 175 226
13406 68 80 226
13407 69 203 226
13408 70 142 226
13409 71 262 226
13410 72 6 226
13411 73 55 226
13412 74 14 226
13413 75 126 226
13414 76 227 226
13415 77 85 226
13416 0 15 227
13417 1 214 227
13418 2 252 227
13419 3 240 227
13420 4 195 227
13421 5 90 227
13422 6 104 227
13423 7 162 227
13424 8 109 227
13425 9 121 227
13426 10 33 227
13427 11 13 227
13428 12 98 227
13429 13 166 227
13430 14 147 227
13431 15 227 227
13432 16 243 227
13433 17 104 227
13434 18 247 227
13435 19 53 227
13436 20 25 227
13437 21 127 227
13438 22 244 227
13439 23 130 227
13440 24 52 227
13441 25 171 227
13442 26 102 227
13443 27 87 227
13444 28 35 227
13445 29 49 227
13446 30 108 227
13447 31 189 227
13448 32 186 227
13449 33 98 227
13450 34 38 227
13451 35 21 227
13452 36 191 227
13453 37 229 227
13454 38 127 227
13455 39 113 227
13456 40 62 227
13457 41 257 227
13458 42 53 227
13459 43 121 227
13460 44 182 227
13461 45 260 227
13462 46 4 227
13463 47 247 227
13464 48 198 227
13465 49 178 227
13466 50 235 227
13467 51 201 227
13468 52 241 227
13469 53 168 227
13470 55 83 227
13471 54 145 227
13472 56 163 227
13473 57 212 227
13474 58 201 227
13475 59 163 227
13476 60 219 227
13477 61 184 227
13478 62 165 227
13479 63 3 227
13480 64 220 227
13481 65 242 227
13482 66 93 227
13483 67 44 227
13484 68 194 227
13485 69 106 227
13486 70 69 227
13487 71 118 227
13488 72 82 227
13489 73 157 227
13490 74 11 227
13491 75 181 227
13492 76 94 227
13493 77 158 227
13494 78 184 227
13495 79 175 227
13496 1 159 228
13497 0 20 228
13498 2 76 228
13499 3 14 228
13500 4 69 228
13501 5 59 228
13502 6 93 228
13503 7 90 228
13504 8 39 228
13505 9 161 228
13506 10 48 228
13507 11 122 228
13508 12 227 228
13509 13 214 228
13510 14 175 228
13511 15 135 228
13512 16 189 228
13513 17 91 228
13514 18 115 228
13515 19 49 228
13516 20 173 228
13517 21 65 228
13518 22 143 228
13519 23 141 228
13520 24 109 228
13521 25 82 228
13522 26 137 228
13523 27 148 228
13524 28 117 228
13525 29 36 228
13526 30 237 228
13527 31 238 228
13528 32 15 228
13529 33 80 228
13530 34 76 228
13531 35 166 228
13532 37 254 228
13533 36 254 228
13534 38 188 228
13535 39 153 228
13536 40 199 228
13537 41 104 228
13538 42 113 228
13539 43 81 228
13540 44 90 228
13541 45 62 228
13542 46 132 228
13543 47 72 228
13544 48 43 228
13545 49 192 228
13546 50 21 228
13547 51 93 228
13548 52 96 228
13549 53 79 228
13550 54 4 228
13551 55 235 228
13552 56 131 228
13553 57 253 228
13554 58 115 228
13555 59 206 228
13556 60 93 228
13557 61 125 228
13558 62 155 228
13559 63 181 228
13560 64 146 228
13561 65 64 228
13562 66 90 228
13563 67 52 228
13564 68 111 228
13565 69 48 228
13566 70 190 228
13567 71 17 228
13568 72 56 228
13569 73 105 228
13570 74 45 228
13571 75 67 228
13572 76 215 228
13573 77 110 228
13574 78 51 228
13575 79 98 228
13576 80 57 228
13577 82 4 228
13578 0 224 229
13579 1 234 229
13580 2 223 229
13581 3 209 229
13582 4 105 229
13583 5 228 229
13584 6 56 229
13585 7 252 229
13586 8 7 229
13587 9 25 229
13588 10 197 229
13589 11 51 229
13590 12 260 229
13591 13 22 229
13592 14 240 229
13593 15 250 229
13594 16 160 229
13595 17 19 229
13596 18 87 229
13597 19 186 229
13598 20 200 229
13599 21 246 229
13600 22 96 229
13601 23 126 229
13602 24 218 229
13603 25 14 229
13604 26 147 229
13605 27 18 229
13606 28 93 229
13607 29 168 229
13608 30 245 229
13609 31 3 229
13610 32 154 229
13611 33 113 229
13612 34 17 229
13613 35 115 229
13614 36 166 229
13615 37 181 229
13616 38 91 229
13617 39 137 229
13618 40 225 229
13619 41 101 229
13620 42 139 229
13621 43 1 229
13622 44 112 229
13623 45 78 229
13624 46 88 229
13625 47 233 229
13626 48 94 229
13627 49 34 229
13628 50 200 229
13629 51 111 229
13630 52 50 229
13631 53 10 229
13632 54 21 229
13633 55 11 229
13634 56 49 229
13635 57 63 229
13636 58 93 229
13637 59 196 229
13638 60 57 229
13639 61 234 229
13640 62 23 229
13641 63 76 229
13642 64 191 229
13643 65 165 229
13644 66 151 229
13645 67 23 229
13646 68 161 229
13647 69 104 229
13648 70 75 229
13649 71 40 229
13650 72 71 229
13651 73 117 229
13652 74 230 229
13653 75 60 229
13654 76 253 229
13655 77 167 229
13656 78 25 229
13657 79 186 229
13658 80 70 229
13659 81 90 229
13660 82 256 229
13661 85 82 229
13662 0 254 230
13663 1 146 230
13664 2 175 230
13665 3 108 230
13666 4 182 230
13667 5 12 230
13668 6 222 230
13669 7 242 230
13670 8 91 230
13671 9 122 230
13672 10 167 230
13673 11 195 230
13674 12 51 230
13675 13 160 230
13676 14 196 230
13677 15 213 230
13678 16 19 230
13679 17 3 230
13680 18 81 230
13681 19 87 230
13682 20 207 230
13683 21 221 230
13684 22 29 230
13685 23 200 230
13686 24 211 230
13687 25 44 230
13688 26 112 230
13689 27 46 230
13690 28 137 230
13691 29 113 230
13692 30 185 230
13693 31 250 230
13694 32 65 230
13695 33 191 230
13696 34 13 230
13697 35 233 230
13698 36 236 230
13699 37 52 230
13700 38 92 230
13701 39 142 230
13702 40 208 230
13703 41 206 230
13704 42 142 230
13705 43 73 230
13706 44 140 230
13707 45 239 230
13708 46 206 230
13709 47 145 230
13710 48 44 230
13711 49 208 230
13712 50 159 230
13713 51 83 230
13714 52 124 230
13715 53 74 230
13716 54 187 230
13717 55 6 230
13718 56 24 230
13719 57 243 230
13720 58 191 230
13721 59 49 230
13722 60 187 230
13723 61 148 230
13724 62 249 230
13725 63 238 230
13726 64 201 230
13727 65 124 230
13728 66 72 230
13729 67 220 230
13730 68 193 230
13731 69 158 230
13732 70 92 230
13733 71 167 230
13734 72 224 230
13735 73 159 230
13736 74 204 230
13737 75 253 230
13738 76 185 230
13739 77 109 230
13740 78 71 230
13741 79 135 230
13742 80 78 230
13743 81 239 230
13744 82 144 230
13745 83 49 230
13746 84 25 230
13747 85 146 230
13748 0 3 231
13749 1 249 231
13750 2 10 231
13751 3 77 231
13752 4 88 231
13753 5 197 231
13754 6 176 231
13755 7 153 231
13756 8 258 231
13757 9 187 231
13758 10 110 231
13759 11 212 231
13760 12 50 231
13761 13 40 231
13762 14 12 231
13763 15 34 231
13764 16 129 231
13765 17 9 231
13766 18 175 231
13767 19 137 231
13768 20 188 231
13769 21 79 231
13770 22 150 231
13771 23 108 231
13772 24 203 231
13773 25 214 231
13774 26 205 231
13775 27 111 231
13776 28 50 231
13777 29 82 231
13778 31 205 231
13779 30 30 231
13780 32 86 231
13781 33 24 231
13782 34 142 231
13783 35 195 231
13784 36 27 231
13785 37 146 231
13786 38 149 231
13787 39 92 231
13788 40 91 231
13789 41 240 231
13790 42 257 231
13791 43 203 231
13792 44 75 231
13793 45 11 231
13794 46 121 231
13795 47 259 231
13796 48 155 231
13797 49 227 231
13798 50 193 231
13799 51 41 231
13800 52 57 231
13801 53 251 231
13802 54 237 231
13803 55 249 231
13804 56 258 231
13805 57 176 231
13806 58 247 231
13807 59 48 231
13808 60 66 231
13809 61 94 231
13810 62 245 231
13811 63 239 231
13812 64 198 231
13813 65 174 231
13814 66 117 231
13815 67 114 231
13816 68 56 231
13817 69 161 231
13818 70 200 231
13819 71 47 231
13820 72 4 231
13821 73 230 231
13822 74 175 231
13823 75 237 231
13824 76 232 231
13825 77 109 231
13826 78 229 231
13827 79 185 231
13828 80 218 231
13829 81 56 231
13830 82 140 231
13831 83 201 231
13832 84 13 231
13833 85 182 231
13834 86 129 231
13835 0 190 232
13836 1 157 232
13837 2 11 232
13838 3 19 232
13839 4 10 232
13840 5 154 232
13841 6 84 232
13842 7 117 232
13843 8 154 232
13844 9 57 232
13845 10 147 232
13846 11 191 232
13847 12 19 232
13848 13 30 232
13849 14 58 232
13850 15 131 232
13851 16 206 232
13852 17 26 232
13853 18 97 232
13854 19 95 232
13855 20 131 232
13856 21 77 232
13857 22 10 232
13858 23 241 232
13859 24 160 232
13860 25 139 232
13861 26 254 232
13862 27 70 232
13863 28 100 232
13864 29 196 232
13865 30 222 232
13866 31 83 232
13867 32 113 232
13868 33 34 232
13869 34 112 232
13870 35 155 232
13871 36 130 232
13872 37 47 232
13873 38 31 232
13874 39 253 232
13875 40 47 232
13876 41 42 232
13877 42 57 232
13878 43 206 232
13879 44 13 232
13880 45 53 232
13881 46 176 232
13882 47 208 232
13883 48 37 232
13884 49 144 232
13885 50 177 232
13886 51 128 232
13887 52 91 232
13888 53 151 232
13889 54 12 232
13890 55 26 232
13891 56 102 232
13892 57 217 232
13893 58 262 232
13894 59 183 232
13895 60 260 232
13896 61 87 232
13897 62 4 232
13898 63 89 232
13899 64 258 232
13900 65 184 232
13901 67 24 232
13902 66 209 232
13903 68 2 232
13904 69 109 232
13905 70 50 232
13906 71 120 232
13907 72 86 232
13908 73 87 232
13909 74 45 232
13910 75 204 232
13911 76 252 232
13912 77 133 232
13913 78 67 232
13914 79 183 232
13915 0 210 233
13916 80 254 232
13917 81 87 232
13918 82 147 232
13919 83 13 232
13920 84 96 232
13921 85 249 232
13922 86 56 232
13923 0 105 234
13924 87 107 232
13925 88 199 232
13926 89 56 232
13927 1 9 233
13928 2 109 233
13929 3 181 233
13930 0 184 235
13931 4 75 233
13932 5 152 233
13933 6 81 233
13934 7 76 233
13935 8 219 233
13936 0 92 236
13937 9 61 233
13938 1 10 234
13939 10 215 233
13940 11 192 233
13941 0 46 237
13942 2 183 234
13943 1 218 235
13944 12 126 233
13945 0 23 238
13946 2 155 235
13947 1 59 236
13948 0 143 239
13949 2 166 236
13950 0 203 240
13951 13 173 233
13952 14 228 233
13953 15 203 233
13954 16 92 233
13955 17 9 233
13956 18 86 233
13957 19 45 233
13958 20 86 233
13959 21 21 233
13960 22 128 233
13961 23 101 233
13962 24 35 233
13963 25 163 233
13964 26 31 233
13965 27 240 233
13966 28 154 233
13967 29 247 233
13968 30 231 233
13969 31 58 233
13970 32 160 233
13971 33 56 233
13972 34 211 233
13973 35 37 233
13974 36 12 233
13975 37 234 233
13976 38 176 233
13977 39 211 233
13978 40 181 233
13979 41 230 233
13980 42 154 233
13981 43 51 233
13982 44 210 233
13983 45 168 233
13984 46 58 233
13985 47 13 233
13986 48 48 233
13987 49 5 233
13988 50 237 233
13989 51 6 233
13990 52 198 233
13991 53 227 233
13992 54 167 233
13993 55 231 233
13994 56 239 233
13995 57 250 233
13996 58 251 233
13997 59 63 233
13998 60 163 233
13999 61 250 233
14000 62 162 233
14001 63 104 233
14002 3 186 234
14003 4 180 234
14004 5 134 234
14005 3 34 235
14006 4 152 235
14007 3 27 236
14008 1 241 237
14009 2 76 237
14010 3 139 237
14011 1 252 238
14012 2 156 238
14013 3 149 238
14014 64 209 233
14015 65 94 233
14016 66 90 233
14017 67 172 233
14018 68 197 233
14019 69 43 233
14020 70 221 233
14021 71 54 233
14022 72 127 233
14023 73 22 233
14024 74 73 233
14025 75 108 233
14026 76 90 233
14027 77 60 233
14028 78 103 233
14029 79 113 233
14030 80 258 233
14031 81 161 233
14032 82 60 233
14033 83 205 233
14034 84 56 233
14035 85 193 233
14036 86 163 233
14037 87 155 233
14038 88 39 233
14039 89 239 233
14040 90 148 233
14041 6 41 234
14042 7 93 234
14043 8 85 234
14044 9 139 234
14045 10 74 234
14046 11 236 234
14047 12 193 234
14048 13 179 234
14049 14 210 234
14050 15 123 234
14051 16 55 234
14052 17 134 234
14053 18 104 234
14054 19 125 234
14055 20 175 234
14056 21 55 234
14057 22 190 234
14058 23 10 234
14059 24 47 234
14060 25 58 234
14061 26 250 234
14062 27 228 234
14063 28 83 234
14064 29 60 234
14065 30 192 234
14066 31 256 234
14067 32 169 234
14068 6 78 235
14069 5 119 235
14070 4 58 236
14071 5 261 236
14072 6 258 236
14073 4 176 237
14074 5 259 237
14075 4 151 238
14076 33 122 234
14077 34 46 234
14078 35 177 234
14079 36 258 234
14080 37 30 234
14081 38 24 234
14082 39 200 234
14083 40 244 234
14084 41 230 234
14085 42 185 234
14086 43 123 234
14087 44 84 234
14088 45 179 234
14089 46 105 234
14090 47 252 234
14091 48 106 234
14092 49 200 234
14093 50 14 234
14094 51 12 234
14095 52 158 234
14096 53 172 234
14097 54 238 234
14098 56 64 234
14099 55 236 234
14100 57 197 234
14101 58 125 234
14102 59 194 234
14103 60 128 234
14104 61 195 234
14105 62 78 234
14106 63 89 234
14107 64 195 234
14108 65 167 234
14109 66 215 234
14110 67 164 234
14111 68 140 234
14112 69 170 234
14113 70 107 234
14114 71 57 234
14115 72 182 234
14116 73 164 234
14117 74 49 234
14118 75 53 234
14119 76 123 234
14120 77 91 234
14121 78 69 234
14122 79 111 234
14123 80 84 234
14124 81 200 234
14125 82 123 234
14126 83 41 234
14127 84 11 234
14128 85 183 234
14129 7 88 235
14130 8 111 235
14131 9 198 235
14132 10 76 235
14133 7 187 236
14134 8 193 236
14135 6 155 237
14136 7 218 237
14137 86 152 234
14138 87 174 234
14139 88 173 234
14140 89 5 234
14141 90 111 234
14142 91 169 234
14143 92 226 234
14144 93 249 234
14145 94 222 234
14146 11 257 235
14147 12 185 235
14148 13 252 235
14149 14 12 235
14150 15 185 235
14151 16 91 235
14152 17 47 235
14153 18 254 235
14154 19 119 235
14155 20 161 235
14156 21 220 235
14157 22 236 235
14158 23 181 235
14159 24 94 235
14160 25 180 235
14161 26 229 235
14162 27 117 235
14163 28 166 235
14164 29 229 235
14165 30 131 235
14166 31 143 235
14167 32 93 235
14168 33 214 235
14169 34 227 235
14170 35 152 235
14171 36 4 235
14172 37 40 235
14173 38 58 235
14174 39 34 235
14175 40 236 235
14176 41 255 235
14177 42 81 235
14178 43 88 235
14179 44 123 235
14180 45 102 235
14181 46 94 235
14182 47 227 235
14183 48 103 235
14184 49 17 235
14185 50 39 235
14186 51 196 235
14187 52 71 235
14188 53 248 235
14189 54 69 235
14190 55 42 235
14191 56 225 235
14192 9 28 236
14193 10 107 236
14194 11 172 236
14195 12 245 236
14196 8 165 237
14197 57 94 235
14198 58 179 235
14199 59 133 235
14200 60 246 235
14201 61 145 235
14202 62 120 235
14203 63 113 235
14204 64 194 235
14205 65 36 235
14206 66 29 235
14207 67 90 235
14208 68 32 235
14209 69 139 235
14210 70 37 235
14211 71 140 235
14212 72 138 235
14213 73 89 235
14214 74 46 235
14215 75 73 235
14216 76 30 235
14217 77 55 235
14218 78 109 235
14219 79 215 235
14220 80 36 235
14221 81 103 235
14222 82 247 235
14223 83 148 235
14224 84 13 235
14225 85 71 235
14226 86 10 235
14227 87 242 235
14228 88 209 235
14229 89 169 235
14230 90 62 235
14231 91 37 235
14232 92 12 235
14233 93 118 235
14234 94 78 235
14235 13 28 236
14236 14 10 236
14237 15 66 236
14238 16 219 236
14239 17 252 236
14240 18 64 236
14241 19 126 236
14242 20 118 236
14243 21 203 236
14244 22 152 236
14245 23 229 236
14246 24 197 236
14247 25 109 236
14248 26 25 236
14249 27 227 236
14250 28 44 236
14251 29 177 236
14252 30 255 236
14253 31 96 236
14254 32 114 236
14255 9 57 237
14256 33 64 236
14257 34 37 236
14258 35 139 236
14259 36 32 236
14260 37 4 236
14261 38 102 236
14262 39 20 236
14263 40 113 236
14264 41 47 236
14265 42 94 236
14266 43 259 236
14267 44 193 236
14268 45 186 236
14269 46 49 236
14270 47 176 236
14271 48 98 236
14272 49 73 236
14273 50 17 236
14274 51 167 236
14275 52 5 236
14276 53 96 236
14277 54 184 236
14278 55 240 236
14279 56 110 236
14280 57 174 236
14281 58 146 236
14282 59 27 236
14283 60 216 236
14284 61 202 236
14285 62 126 236
14286 63 33 236
14287 64 137 236
14288 65 82 236
14289 66 44 236
14290 67 182 236
14291 68 133 236
14292 69 200 236
14293 70 227 236
14294 71 135 236
14295 72 42 236
14296 73 8 236
14297 74 248 236
14298 75 228 236
14299 76 161 236
14300 77 95 236
14301 78 128 236
14302 79 75 236
14303 80 173 236
14304 81 135 236
14305 82 184 236
14306 83 111 236
14307 84 87 236
14308 85 237 236
14309 86 239 236
14310 87 176 236
14311 88 148 236
14312 89 165 236
14313 10 218 237
14314 90 172 236
14315 91 29 236
14316 92 30 236
14317 93 16 236
14318 94 175 236
14319 95 52 236
14320 97 56 236
14321 11 217 237
14322 12 151 237
14323 13 218 237
14324 14 255 237
14325 15 91 237
14326 16 178 237
14327 17 47 237
14328 18 219 237
14329 19 254 237
14330 20 216 237
14331 21 239 237
14332 22 160 237
14333 23 59 237
14334 24 4 237
14335 25 69 237
14336 26 211 237
14337 27 246 237
14338 28 59 237
14339 29 120 237
14340 30 143 237
14341 31 37 237
14342 32 131 237
14343 33 30 237
14344 34 163 237
14345 35 215 237
14346 36 4 237
14347 37 256 237
14348 38 206 237
14349 39 77 237
14350 40 114 237
14351 41 178 237
14352 42 17 237
14353 43 103 237
14354 44 256 237
14355 45 137 237
14356 46 223 237
14357 47 242 237
14358 48 64 237
14359 49 77 237
14360 50 71 237
14361 51 170 237
14362 52 234 237
14363 53 100 237
14364 54 141 237
14365 55 39 237
14366 56 251 237
14367 57 115 237
14368 58 81 237
14369 59 145 237
14370 60 222 237
14371 61 46 237
14372 62 215 237
14373 63 134 237
14374 64 82 237
14375 65 222 237
14376 66 211 237
14377 67 59 237
14378 68 83 237
14379 69 44 237
14380 70 69 237
14381 71 91 237
14382 72 243 237
14383 73 10 237
14384 74 30 237
14385 75 100 237
14386 76 177 237
14387 77 216 237
14388 78 17 237
14389 79 262 237
14390 80 63 237
14391 81 250 237
14392 82 217 237
14393 83 16 237
14394 84 169 237
14395 85 7 237
14396 86 142 237
14397 87 96 237
14398 88 79 237
14399 89 131 237
14400 90 53 237
14401 91 166 237
14402 92 37 237
14403 93 37 237
14404 94 194 237
14405 95 239 237
14406 96 8 237
14407 97 39 237
14408 98 229 237
14409 99 27 237
14410 5 47 238
14411 6 259 238
14412 7 105 238
14413 8 105 238
14414 9 186 238
14415 10 184 238
14416 11 226 238
14417 12 125 238
14418 13 116 238
14419 14 195 238
14420 15 4 238
14421 16 109 238
14422 17 201 238
14423 18 238 238
14424 19 237 238
14425 20 76 238
14426 21 147 238
14427 22 212 238
14428 23 136 238
14429 24 169 238
14430 25 84 238
14431 26 78 238
14432 27 219 238
14433 28 106 238
14434 29 85 238
14435 30 215 238
14436 31 220 238
14437 32 189 238
14438 33 170 238
14439 34 105 238
14440 35 245 238
14441 36 226 238
14442 37 193 238
14443 38 175 238
14444 39 148 238
14445 40 85 238
14446 41 32 238
14447 42 172 238
14448 43 233 238
14449 44 156 238
14450 45 234 238
14451 46 112 238
14452 48 138 238
14453 47 156 238
14454 49 240 238
14455 50 186 238
14456 51 160 238
14457 52 46 238
14458 53 88 238
14459 54 65 238
14460 55 134 238
14461 56 134 238
14462 57 125 238
14463 58 15 238
14464 59 64 238
14465 60 48 238
14466 61 178 238
14467 62 183 238
14468 63 196 238
14469 64 199 238
14470 65 83 238
14471 66 188 238
14472 67 86 238
14473 68 175 238
14474 69 245 238
14475 70 40 238
14476 71 145 238
14477 72 259 238
14478 73 35 238
14479 74 223 238
14480 75 40 238
14481 76 186 238
14482 77 86 238
14483 78 108 238
14484 79 83 238
14485 80 68 238
14486 81 76 238
14487 82 102 238
14488 83 71 238
14489 84 132 238
14490 85 213 238
14491 86 90 238
14492 87 103 238
14493 88 178 238
14494 89 86 238
14495 90 215 238
14496 91 165 238
14497 92 102 238
14498 93 163 238
14499 94 44 238
14500 95 237 238
14501 96 64 238
14502 97 77 238
14503 98 249 238
14504 99 209 238
14505 100 199 238
14506 1 125 239
14507 2 57 239
14508 3 67 239
14509 4 5 239
14510 5 213 239
14511 6 72 239
14512 7 199 239
14513 8 159 239
14514 9 130 239
14515 10 92 239
14516 11 208 239
14517 12 142 239
14518 13 140 239
14519 14 198 239
14520 15 250 239
14521 16 194 239
14522 17 77 239
14523 18 7 239
14524 19 252 239
14525 20 10 239
14526 21 105 239
14527 22 230 239
14528 23 137 239
14529 24 155 239
14530 25 256 239
14531 26 183 239
14532 27 187 239
14533 28 55 239
14534 29 38 239
14535 30 78 239
14536 31 209 239
14537 32 15 239
14538 33 211 239
14539 34 153 239
14540 35 39 239
14541 36 239 239
14542 37 51 239
14543 38 127 239
14544 39 87 239
14545 40 207 239
14546 41 155 239
14547 42 68 239
14548 43 197 239
14549 44 215 239
14550 45 127 239
14551 46 81 239
14552 47 79 239
14553 48 56 239
14554 49 168 239
14555 50 205 239
14556 51 208 239
14557 52 169 239
14558 53 208 239
14559 54 31 239
14560 55 216 239
14561 56 115 239
14562 57 233 239
14563 58 203 239
14564 59 29 239
14565 60 125 239
14566 61 251 239
14567 62 56 239
14568 63 91 239
14569 64 98 239
14570 65 25 239
14571 66 103 239
14572 67 256 239
14573 68 60 239
14574 69 223 239
14575 70 85 239
14576 71 158 239
14577 72 202 239
14578 73 214 239
14579 74 208 239
14580 75 82 239
14581 76 229 239
14582 77 41 239
14583 78 36 239
14584 79 243 239
14585 80 44 239
14586 81 84 239
14587 82 124 239
14588 83 104 239
14589 84 89 239
14590 85 110 239
14591 86 156 239
14592 87 162 239
14593 88 11 239
14594 89 50 239
14595 90 195 239
14596 91 73 239
14597 92 226 239
14598 93 186 239
14599 94 76 239
14600 95 39 239
14601 96 216 239
14602 97 203 239
14603 98 130 239
14604 99 148 239
14605 100 50 239
14606 101 77 239
14607 102 49 239
14608 103 158 239
14609 1 252 240
14610 2 28 240
14611 3 112 240
14612 4 171 240
14613 5 220 240
14614 6 20 240
14615 7 58 240
14616 8 229 240
14617 9 69 240
14618 10 63 240
14619 11 150 240
14620 12 142 240
14621 13 96 240
14622 14 159 240
14623 15 50 240
14624 16 254 240
14625 17 128 240
14626 18 85 240
14627 19 227 240
14628 20 237 240
14629 21 221 240
14630 22 114 240
14631 23 84 240
14632 24 123 240
14633 25 198 240
14634 26 211 240
14635 27 23 240
14636 28 212 240
14637 29 160 240
14638 30 195 240
14639 31 90 240
14640 32 138 240
14641 33 125 240
14642 34 136 240
14643 35 64 240
14644 36 100 240
14645 37 179 240
14646 38 139 240
14647 39 19 240
14648 40 248 240
14649 41 80 240
14650 42 14 240
14651 43 2 240
14652 44 187 240
14653 45 136 240
14654 46 169 240
14655 47 57 240
14656 48 135 240
14657 49 245 240
14658 50 182 240
14659 51 231 240
14660 52 47 240
14661 53 8 240
14662 54 33 240
14663 55 141 240
14664 56 86 240
14665 57 98 240
14666 58 84 240
14667 59 170 240
14668 60 254 240
14669 61 205 240
14670 62 58 240
14671 63 113 240
14672 64 37 240
14673 65 226 240
14674 66 8 240
14675 67 121 240
14676 68 124 240
14677 69 99 240
14678 70 207 240
14679 71 209 240
14680 72 17 240
14681 73 199 240
14682 74 222 240
14683 75 105 240
14684 76 156 240
14685 77 232 240
14686 78 225 240
14687 79 131 240
14688 80 74 240
14689 81 48 240
14690 82 182 240
14691 83 74 240
14692 84 87 240
14693 85 43 240
14694 86 142 240
14695 87 235 240
14696 88 52 240
14697 89 123 240
14698 90 145 240
14699 91 166 240
14700 92 100 240
14701 93 40 240
14702 94 207 240
14703 95 16 240
14704 96 233 240
14705 97 138 240
14706 98 58 240
14707 99 172 240
14708 100 167 240
14709 101 207 240
14710 102 148 240
14711 103 166 240
14712 104 156 240
14713 0 173 241
14714 1 90 241
14715 2 152 241
14716 3 99 241
14717 4 143 241
14718 5 179 241
14719 6 165 241
14720 7 132 241
14721 8 241 241
14722 9 254 241
14723 10 192 241
14724 11 230 241
14725 12 9 241
14726 13 104 241
14727 14 257 241
14728 15 57 241
14729 16 7 241
14730 17 89 241
14731 18 248 241
14732 19 141 241
14733 20 166 241
14734 21 79 241
14735 22 43 241
14736 23 255 241
14737 24 74 241
14738 25 100 241
14739 26 201 241
14740 27 58 241
14741 28 229 241
14742 29 170 241
14743 30 121 241
14744 31 173 241
14745 32 65 241
14746 33 142 241
14747 34 173 241
14748 35 141 241
14749 36 195 241
14750 37 201 241
14751 38 84 241
14752 39 24 241
14753 40 209 241
14754 41 156 241
14755 42 254 241
14756 43 28 241
14757 44 82 241
14758 45 115 241
14759 46 87 241
14760 47 13 241
14761 48 16 241
14762 49 190 241
14763 50 162 241
14764 51 103 241
14765 52 163 241
14766 53 233 241
14767 54 130 241
14768 55 19 241
14769 56 44 241
14770 57 64 241
14771 58 115 241
14772 59 86 241
14773 60 178 241
14774 61 72 241
14775 62 18 241
14776 63 96 241
14777 64 117 241
14778 65 63 241
14779 66 236 241
14780 67 229 241
14781 68 179 241
14782 69 73 241
14783 70 166 241
14784 71 176 241
14785 72 65 241
14786 73 187 241
14787 74 252 241
14788 75 179 241
14789 76 165 241
14790 77 168 241
14791 78 163 241
14792 79 231 241
14793 80 14 241
14794 81 42 241
14795 82 208 241
14796 83 43 241
14797 84 178 241
14798 85 220 241
14799 86 245 241
14800 87 216 241
14801 88 45 241
14802 89 8 241
14803 90 202 241
14804 91 262 241
14805 92 205 241
14806 93 89 241
14807 94 254 241
14808 95 57 241
14809 96 118 241
14810 97 182 241
14811 98 58 241
14812 99 8 241
14813 100 131 241
14814 101 246 241
14815 102 167 241
14816 103 77 241
14817 104 157 241
14818 105 122 241
14819 106 82 241
14820 107 104 241
14821 0 3 242
14822 1 152 242
14823 2 62 242
14824 3 173 242
14825 4 180 242
14826 5 208 242
14827 6 84 242
14828 7 28 242
14829 8 136 242
14830 9 121 242
14831 10 102 242
14832 11 67 242
14833 12 248 242
14834 13 255 242
14835 14 71 242
14836 15 114 242
14837 16 167 242
14838 17 249 242
14839 18 189 242
14840 19 232 242
14841 20 110 242
14842 21 155 242
14843 22 46 242
14844 23 13 242
14845 24 205 242
14846 25 247 242
14847 26 68 242
14848 27 97 242
14849 28 42 242
14850 29 256 242
14851 30 112 242
14852 31 247 242
14853 32 197 242
14854 33 41 242
14855 34 156 242
14856 35 109 242
14857 36 254 242
14858 37 76 242
14859 38 238 242
14860 39 26 242
14861 40 139 242
14862 41 139 242
14863 42 16 242
14864 43 19 242
14865 44 184 242
14866 45 104 242
14867 46 245 242
14868 47 103 242
14869 48 182 242
14870 49 208 242
14871 50 238 242
14872 51 136 242
14873 52 194 242
14874 53 95 242
14875 54 237 242
14876 55 74 242
14877 56 177 242
14878 57 218 242
14879 58 66 242
14880 59 106 242
14881 60 2 242
14882 61 14 242
14883 62 108 242
14884 63 30 242
14885 64 101 242
14886 65 108 242
14887 66 103 242
14888 67 142 242
14889 68 155 242
14890 69 200 242
14891 70 208 242
14892 71 56 242
14893 72 162 242
14894 73 130 242
14895 74 77 242
14896 75 134 242
14897 76 206 242
14898 77 246 242
14899 78 5 242
14900 79 47 242
14901 80 260 242
14902 81 197 242
14903 82 222 242
14904 83 101 242
14905 84 25 242
14906 85 66 242
14907 86 5 242
14908 87 157 242
14909 88 76 242
14910 89 156 242
14911 90 32 242
14912 91 15 242
14913 92 171 242
14914 93 165 242
14915 94 73 242
14916 95 138 242
14917 96 128 242
14918 97 221 242
14919 98 243 242
14920 99 50 242
14921 100 170 242
14922 101 25 242
14923 102 40 242
14924 103 64 242
14925 104 121 242
14926 105 111 242
14927 106 3 242
14928 107 183 242
14929 109 163 242
14930 0 174 243
14931 1 39 243
14932 2 81 243
14933 3 29 243
14934 4 158 243
14935 5 87 243
14936 6 3 243
14937 7 150 243
14938 8 178 243
14939 9 237 243
14940 10 108 243
14941 11 23 243
14942 12 187 243
14943 13 26 243
14944 14 118 243
14945 15 14 243
14946 16 196 243
14947 17 42 243
14948 18 158 243
14949 19 91 243
14950 20 189 243
14951 21 168 243
14952 22 220 243
14953 23 53 243
14954 24 192 243
14955 25 114 243
14956 26 39 243
14957 27 220 243
14958 28 78 243
14959 29 155 243
14960 30 12 243
14961 31 89 243
14962 32 48 243
14963 33 255 243
14964 34 234 243
14965 35 23 243
14966 36 228 243
14967 37 52 243
14968 38 110 243
14969 39 103 243
14970 40 205 243
14971 41 232 243
14972 42 206 243
14973 43 245 243
14974 44 162 243
14975 45 29 243
14976 46 158 243
14977 47 168 243
14978 48 76 243
14979 49 257 243
14980 50 137 243
14981 51 251 243
14982 52 93 243
14983 53 70 243
14984 54 163 243
14985 55 221 243
14986 56 120 243
14987 57 236 243
14988 58 175 243
14989 59 156 243
14990 60 253 243
14991 61 87 243
14992 62 186 243
14993 63 36 243
14994 64 214 243
14995 65 60 243
14996 66 230 243
14997 67 32 243
14998 68 55 243
14999 69 198 243
15000 70 22 243
15001 71 158 243
15002 72 258 243
15003 73 222 243
15004 74 221 243
15005 75 240 243
15006 76 145 243
15007 77 172 243
15008 78 213 243
15009 79 60 243
15010 80 150 243
15011 81 254 243
15012 82 62 243
15013 83 104 243
15014 84 230 243
15015 85 37 243
15016 86 160 243
15017 87 120 243
15018 88 3 243
15019 89 18 243
15020 90 56 243
15021 91 176 243
15022 92 175 243
15023 93 154 243
15024 94 183 243
15025 95 59 243
15026 96 212 243
15027 97 85 243
15028 98 154 243
15029 99 42 243
15030 100 17 243
15031 101 232 243
15032 102 80 243
15033 103 97 243
15034 104 20 243
15035 105 107 243
15036 106 172 243
15037 107 39 243
15038 108 234 243
15039 109 13 243
15040 110 219 243
15041 0 93 244
15042 1 237 244
15043 2 24 244
15044 3 66 244
15045 4 147 244
15046 5 71 244
15047 6 221 244
15048 7 127 244
15049 8 207 244
15050 9 156 244
15051 10 32 244
15052 11 214 244
15053 12 170 244
15054 13 162 244
15055 14 124 244
15056 15 143 244
15057 16 128 244
15058 17 59 244
15059 18 260 244
15060 19 48 244
15061 20 118 244
15062 21 17 244
15063 22 60 244
15064 23 123 244
15065 24 89 244
15066 25 188 244
15067 26 129 244
15068 27 39 244
15069 28 125 244
15070 29 113 244
15071 30 128 244
15072 31 133 244
15073 32 192 244
15074 33 220 244
15075 34 68 244
15076 35 110 244
15077 36 206 244
15078 37 111 244
15079 38 79 244
15080 39 185 244
15081 40 64 244
15082 41 19 244
15083 42 164 244
15084 43 251 244
15085 44 262 244
15086 45 175 244
15087 46 85 244
15088 47 5 244
15089 48 21 244
15090 49 18 244
15091 50 79 244
15092 51 146 244
15093 52 88 244
15094 53 133 244
15095 54 36 244
15096 55 85 244
15097 56 251 244
15098 57 248 244
15099 58 188 244
15100 59 79 244
15101 60 119 244
15102 61 202 244
15103 62 229 244
15104 63 229 244
15105 64 70 244
15106 65 245 244
15107 66 116 244
15108 67 210 244
15109 68 249 244
15110 69 220 244
15111 70 70 244
15112 71 223 244
15113 72 94 244
15114 73 144 244
15115 74 250 244
15116 75 177 244
15117 76 163 244
15118 77 147 244
15119 78 46 244
15120 79 82 244
15121 80 27 244
15122 81 129 244
15123 82 252 244
15124 83 158 244
15125 84 197 244
15126 85 97 244
15127 86 53 244
15128 87 153 244
15129 88 198 244
15130 89 27 244
15131 90 126 244
15132 91 37 244
15133 92 75 244
15134 93 251 244
15135 94 177 244
15136 95 95 244
15137 96 23 244
15138 97 14 244
15139 98 198 244
15140 99 219 244
15141 100 15 244
15142 101 162 244
15143 102 67 244
15144 103 190 244
15145 104 166 244
15146 105 155 244
15147 106 62 244
15148 107 35 244
15149 108 112 244
15150 109 1 244
15151 110 175 244
15152 111 73 244
15153 112 168 244
15154 113 139 244
15155 0 236 245
15156 1 118 245
15157 2 24 245
15158 3 186 245
15159 4 14 245
15160 5 101 245
15161 6 155 245
15162 7 182 245
15163 8 164 245
15164 9 137 245
15165 10 262 245
15166 11 204 245
15167 12 203 245
15168 13 38 245
15169 14 12 245
15170 15 180 245
15171 16 106 245
15172 17 239 245
15173 18 158 245
15174 19 257 245
15175 20 57 245
15176 21 95 245
15177 22 59 245
15178 23 116 245
15179 24 57 245
15180 25 128 245
15181 26 202 245
15182 27 223 245
15183 28 236 245
15184 29 95 245
15185 30 78 245
15186 31 133 245
15187 32 253 245
15188 33 154 245
15189 34 94 245
15190 35 253 245
15191 36 72 245
15192 37 136 245
15193 38 94 245
15194 39 192 245
15195 40 50 245
15196 41 148 245
15197 42 67 245
15198 43 27 245
15199 44 47 245
15200 45 200 245
15201 46 250 245
15202 47 147 245
15203 48 19 245
15204 49 14 245
15205 50 28 245
15206 51 126 245
15207 52 123 245
15208 53 87 245
15209 54 179 245
15210 55 118 245
15211 56 103 245
15212 57 216 245
15213 58 48 245
15214 59 191 245
15215 60 86 245
15216 61 156 245
15217 62 191 245
15218 63 252 245
15219 64 235 245
15220 65 26 245
15221 66 196 245
15222 67 142 245
15223 68 65 245
15224 69 216 245
15225 70 179 245
15226 71 15 245
15227 72 200 245
15228 73 194 245
15229 74 208 245
15230 75 62 245
15231 76 105 245
15232 77 118 245
15233 78 232 245
15234 79 240 245
15235 80 133 245
15236 81 18 245
15237 82 53 245
15238 83 96 245
15239 84 153 245
15240 85 162 245
15241 86 212 245
15242 87 160 245
15243 88 82 245
15244 89 196 245
15245 90 5 245
15246 91 48 245
15247 92 154 245
15248 93 225 245
15249 94 68 245
15250 95 189 245
15251 97 39 245
15252 96 49 245
15253 98 64 245
15254 99 205 245
15255 100 1 245
15256 101 16 245
15257 102 81 245
15258 103 95 245
15259 104 31 245
15260 105 46 245
15261 106 93 245
15262 107 210 245
15263 108 90 245
15264 109 208 245
15265 110 258 245
15266 111 167 245
15267 112 222 245
15268 113 156 245
15269 114 228 245
15270 0 78 246
15271 1 214 246
15272 2 165 246
15273 3 110 246
15274 4 234 246
15275 5 240 246
15276 6 125 246
15277 7 176 246
15278 8 190 246
15279 9 212 246
15280 10 50 246
15281 11 37 246
15282 12 8 246
15283 13 65 246
15284 14 73 246
15285 15 163 246
15286 16 42 246
15287 17 151 246
15288 18 100 246
15289 19 238 246
15290 20 218 246
15291 21 242 246
15292 22 103 246
15293 23 175 246
15294 24 119 246
15295 25 45 246
15296 26 245 246
15297 27 164 246
15298 28 196 246
15299 29 169 246
15300 30 91 246
15301 31 231 246
15302 32 121 246
15303 33 147 246
15304 34 180 246
15305 35 140 246
15306 36 53 246
15307 37 155 246
15308 38 39 246
15309 39 68 246
15310 40 158 246
15311 41 175 246
15312 42 106 246
15313 43 128 246
15314 44 58 246
15315 45 68 246
15316 46 167 246
15317 47 131 246
15318 48 72 246
15319 49 95 246
15320 50 86 246
15321 51 234 246
15322 52 192 246
15323 53 247 246
15324 54 149 246
15325 55 120 246
15326 56 90 246
15327 57 96 246
15328 58 216 246
15329 59 215 246
15330 60 145 246
15331 61 191 246
15332 62 84 246
15333 63 191 246
15334 64 255 246
15335 65 216 246
15336 66 203 246
15337 67 106 246
15338 68 239 246
15339 69 32 246
15340 70 138 246
15341 71 34 246
15342 72 91 246
15343 73 149 246
15344 74 170 246
15345 75 33 246
15346 76 94 246
15347 77 42 246
15348 78 64 246
15349 79 148 246
15350 80 176 246
15351 81 23 246
15352 82 118 246
15353 83 227 246
15354 84 136 246
15355 85 120 246
15356 86 133 246
15357 87 173 246
15358 88 169 246
15359 89 177 246
15360 90 260 246
15361 91 52 246
15362 92 226 246
15363 93 67 246
15364 94 148 246
15365 95 138 246
15366 96 45 246
15367 97 216 246
15368 98 164 246
15369 99 256 246
15370 100 4 246
15371 101 246 246
15372 102 242 246
15373 103 97 246
15374 104 116 246
15375 105 112 246
15376 106 119 246
15377 107 87 246
15378 108 86 246
15379 109 144 246
15380 110 33 246
15381 111 137 246
15382 112 162 246
15383 113 160 246
15384 114 128 246
15385 115 254 246
15386 117 39 246
15387 0 199 247
15388 1 114 247
15389 2 156 247
15390 3 252 247
15391 4 117 247
15392 5 171 247
15393 6 89 247
15394 7 29 247
15395 8 167 247
15396 9 133 247
15397 10 41 247
15398 11 178 247
15399 12 162 247
15400 13 141 247
15401 14 95 247
15402 15 136 247
15403 16 43 247
15404 17 144 247
15405 18 58 247
15406 19 138 247
15407 20 184 247
15408 21 152 247
15409 22 225 247
15410 23 7 247
15411 24 82 247
15412 26 21 247
15413 25 1 247
15414 27 222 247
15415 28 185 247
15416 29 239 247
15417 30 28 247
15418 31 104 247
15419 32 38 247
15420 33 209 247
15421 34 120 247
15422 35 194 247
15423 36 223 247
15424 37 74 247
15425 38 201 247
15426 39 155 247
15427 40 199 247
15428 41 37 247
15429 42 180 247
15430 43 221 247
15431 44 165 247
15432 45 152 247
15433 46 155 247
15434 47 129 247
15435 48 225 247
15436 49 57 247
15437 50 216 247
15438 51 66 247
15439 52 126 247
15440 53 5 247
15441 54 10 247
15442 55 79 247
15443 56 148 247
15444 57 50 247
15445 58 187 247
15446 59 243 247
15447 60 85 247
15448 61 44 247
15449 62 24 247
15450 63 3 247
15451 64 183 247
15452 65 50 247
15453 66 132 247
15454 67 216 247
15455 68 67 247
15456 69 17 247
15457 70 138 247
15458 71 65 247
15459 72 188 247
15460 73 125 247
15461 74 164 247
15462 75 250 247
15463 76 11 247
15464 77 170 247
15465 78 95 247
15466 79 80 247
15467 80 241 247
15468 81 124 247
15469 82 235 247
15470 83 29 247
15471 84 152 247
15472 85 24 247
15473 86 171 247
15474 87 247 247
15475 88 208 247
15476 89 44 247
15477 90 95 247
15478 91 173 247
15479 92 63 247
15480 93 52 247
15481 94 107 247
15482 95 96 247
15483 96 154 247
15484 97 81 247
15485 98 49 247
15486 99 161 247
15487 100 199 247
15488 101 84 247
15489 102 190 247
15490 103 67 247
15491 104 92 247
15492 105 241 247
15493 106 117 247
15494 107 190 247
15495 108 111 247
15496 109 10 247
15497 110 49 247
15498 111 219 247
15499 112 110 247
15500 113 70 247
15501 114 79 247
15502 115 130 247
15503 116 175 247
15504 117 82 247
15505 118 26 247
15506 0 6 248
15507 1 146 248
15508 2 23 248
15509 3 30 248
15510 4 153 248
15511 5 61 248
15512 6 11 248
15513 7 248 248
15514 8 230 248
15515 9 181 248
15516 10 141 248
15517 11 68 248
15518 12 262 248
15519 13 236 248
15520 14 168 248
15521 15 232 248
15522 16 245 248
15523 17 215 248
15524 18 24 248
15525 19 83 248
15526 20 159 248
15527 21 8 248
15528 22 74 248
15529 23 2 248
15530 24 164 248
15531 25 44 248
15532 26 184 248
15533 27 123 248
15534 28 246 248
15535 29 154 248
15536 30 53 248
15537 31 6 248
15538 32 205 248
15539 33 65 248
15540 34 200 248
15541 35 231 248
15542 36 121 248
15543 37 226 248
15544 38 182 248
15545 39 190 248
15546 40 164 248
15547 41 183 248
15548 42 27 248
15549 43 132 248
15550 44 85 248
15551 45 187 248
15552 46 251 248
15553 47 59 248
15554 48 221 248
15555 49 253 248
15556 50 214 248
15557 51 122 248
15558 52 87 248
15559 53 218 248
15560 54 148 248
15561 55 59 248
15562 56 243 248
15563 57 253 248
15564 58 74 248
15565 59 146 248
15566 60 123 248
15567 61 114 248
15568 62 17 248
15569 63 172 248
15570 64 53 248
15571 65 66 248
15572 66 249 248
15573 67 190 248
15574 68 238 248
15575 69 22 248
15576 70 52 248
15577 71 36 248
15578 72 41 248
15579 73 8 248
15580 74 133 248
15581 75 134 248
15582 76 222 248
15583 77 6 248
15584 78 40 248
15585 79 261 248
15586 80 179 248
15587 81 106 248
15588 82 48 248
15589 83 96 248
15590 84 235 248
15591 85 138 248
15592 86 12 248
15593 87 193 248
15594 88 30 248
15595 89 44 248
15596 90 164 248
15597 91 252 248
15598 92 162 248
15599 93 101 248
15600 94 199 248
15601 95 100 248
15602 96 186 248
15603 97 43 248
15604 98 12 248
15605 99 42 248
15606 100 116 248
15607 101 45 248
15608 102 231 248
15609 103 164 248
15610 104 191 248
15611 105 57 248
15612 106 28 248
15613 107 102 248
15614 108 195 248
15615 109 161 248
15616 110 138 248
15617 111 94 248
15618 112 151 248
15619 113 48 248
15620 114 128 248
15621 115 88 248
15622 116 220 248
15623 117 220 248
15624 118 18 248
15625 119 118 248
15626 120 192 248
15627 121 222 248
15628 0 242 249
15629 1 242 249
15630 2 165 249
15631 3 56 249
15632 4 24 249
15633 5 57 249
15634 6 153 249
15635 7 167 249
15636 8 136 249
15637 9 127 249
15638 10 214 249
15639 11 188 249
15640 12 71 249
15641 13 211 249
15642 14 88 249
15643 15 175 249
15644 16 51 249
15645 17 42 249
15646 18 129 249
15647 19 13 249
15648 20 41 249
15649 21 123 249
15650 22 247 249
15651 23 137 249
15652 24 9 249
15653 25 241 249
15654 26 134 249
15655 27 144 249
15656 28 217 249
15657 29 96 249
15658 30 15 249
15659 31 45 249
15660 32 100 249
15661 33 99 249
15662 34 4 249
15663 35 188 249
15664 36 81 249
15665 37 76 249
15666 38 207 249
15667 39 156 249
15668 40 129 249
15669 41 214 249
15670 42 215 249
15671 43 126 249
15672 44 183 249
15673 45 246 249
15674 46 185 249
15675 47 22 249
15676 48 88 249
15677 49 136 249
15678 50 188 249
15679 51 186 249
15680 52 171 249
15681 53 14 249
15682 54 191 249
15683 55 166 249
15684 56 81 249
15685 57 150 249
15686 58 112 249
15687 59 214 249
15688 60 53 249
15689 61 139 249
15690 62 128 249
15691 63 81 249
15692 64 97 249
15693 65 84 249
15694 66 63 249
15695 67 12 249
15696 68 6 249
15697 69 130 249
15698 70 150 249
15699 71 26 249
15700 72 21 249
15701 73 174 249
15702 74 98 249
15703 75 168 249
15704 76 254 249
15705 77 232 249
15706 78 224 249
15707 79 93 249
15708 80 148 249
15709 81 94 249
15710 82 95 249
15711 83 218 249
15712 84 129 249
15713 85 213 249
15714 86 137 249
15715 87 192 249
15716 88 125 249
15717 89 202 249
15718 90 154 249
15719 91 34 249
15720 92 188 249
15721 93 158 249
15722 94 130 249
15723 95 194 249
15724 96 70 249
15725 97 76 249
15726 98 23 249
15727 99 231 249
15728 100 42 249
15729 101 4 249
15730 102 167 249
15731 103 199 249
15732 104 37 249
15733 105 21 249
15734 106 34 249
15735 107 139 249
15736 108 222 249
15737 109 199 249
15738 110 236 249
15739 111 172 249
15740 112 261 249
15741 113 5 249
15742 114 7 249
15743 115 234 249
15744 116 122 249
15745 117 165 249
15746 118 109 249
15747 119 82 249
15748 120 250 249
15749 121 218 249
15750 122 46 249
15751 0 132 250
15752 1 21 250
15753 2 224 250
15754 3 178 250
15755 4 37 250
15756 5 33 250
15757 6 31 250
15758 7 221 250
15759 8 248 250
15760 9 143 250
15761 10 168 250
15762 11 33 250
15763 12 148 250
15764 13 90 250
15765 14 5 250
15766 15 67 250
15767 16 247 250
15768 17 157 250
15769 18 209 250
15770 19 135 250
15771 20 250 250
15772 21 136 250
15773 22 163 250
15774 23 247 250
15775 24 176 250
15776 25 200 250
15777 26 181 250
15778 27 148 250
15779 28 142 250
15780 29 214 250
15781 30 240 250
15782 31 20 250
15783 32 10 250
15784 33 109 250
15785 34 259 250
15786 35 45 250
15787 36 197 250
15788 37 240 250
15789 38 107 250
15790 39 121 250
15791 40 100 250
15792 41 212 250
15793 42 154 250
15794 43 171 250
15795 44 213 250
15796 45 19 250
15797 46 260 250
15798 47 17 250
15799 48 250 250
15800 49 75 250
15801 50 219 250
15802 51 66 250
15803 52 10 250
15804 53 205 250
15805 54 197 250
15806 55 79 250
15807 56 70 250
15808 57 218 250
15809 58 72 250
15810 59 120 250
15811 60 43 250
15812 61 81 250
15813 62 19 250
15814 63 132 250
15815 64 174 250
15816 65 261 250
15817 66 46 250
15818 67 121 250
15819 68 59 250
15820 69 83 250
15821 70 148 250
15822 71 34 250
15823 72 125 250
15824 73 210 250
15825 74 179 250
15826 75 7 250
15827 76 5 250
15828 77 63 250
15829 78 73 250
15830 79 201 250
15831 80 180 250
15832 81 130 250
15833 82 188 250
15834 83 20 250
15835 84 2 250
15836 85 237 250
15837 86 43 250
15838 87 196 250
15839 88 251 250
15840 89 69 250
15841 90 210 250
15842 91 262 250
15843 92 53 250
15844 93 231 250
15845 94 104 250
15846 95 39 250
15847 96 79 250
15848 97 63 250
15849 98 90 250
15850 99 233 250
15851 100 7 250
15852 101 209 250
15853 102 87 250
15854 103 221 250
15855 104 112 250
15856 105 162 250
15857 106 4 250
15858 107 13 250
15859 108 255 250
15860 109 64 250
15861 110 225 250
15862 111 226 250
15863 112 237 250
15864 113 257 250
15865 114 133 250
15866 115 207 250
15867 116 116 250
15868 117 44 250
15869 118 255 250
15870 119 35 250
15871 120 237 250
15872 121 194 250
15873 122 29 250
15874 124 77 250
15875 125 100 250
15876 0 130 251
15877 1 180 251
15878 2 60 251
15879 3 27 251
15880 4 246 251
15881 5 247 251
15882 6 91 251
15883 7 57 251
15884 8 124 251
15885 9 135 251
15886 10 50 251
15887 11 63 251
15888 12 170 251
15889 13 200 251
15890 14 42 251
15891 15 132 251
15892 16 39 251
15893 17 221 251
15894 18 168 251
15895 19 185 251
15896 20 239 251
15897 21 144 251
15898 22 232 251
15899 23 164 251
15900 24 17 251
15901 25 144 251
15902 26 23 251
15903 27 128 251
15904 28 206 251
15905 30 75 251
15906 29 235 251
15907 31 6 251
15908 32 158 251
15909 33 62 251
15910 34 246 251
15911 35 181 251
15912 36 84 251
15913 37 77 251
15914 38 260 251
15915 39 75 251
15916 40 172 251
15917 41 109 251
15918 42 107 251
15919 43 106 251
15920 44 180 251
15921 45 14 251
15922 46 54 251
15923 47 116 251
15924 48 25 251
15925 49 160 251
15926 50 100 251
15927 51 229 251
15928 52 97 251
15929 53 261 251
15930 54 78 251
15931 55 178 251
15932 56 80 251
15933 57 195 251
15934 58 167 251
15935 59 139 251
15936 60 195 251
15937 61 77 251
15938 62 233 251
15939 63 237 251
15940 64 31 251
15941 65 101 251
15942 66 220 251
15943 67 105 251
15944 68 253 251
15945 69 205 251
15946 70 256 251
15947 71 261 251
15948 72 192 251
15949 73 214 251
15950 74 83 251
15951 75 155 251
15952 76 96 251
15953 77 87 251
15954 78 94 251
15955 79 81 251
15956 80 70 251
15957 81 88 251
15958 82 75 251
15959 83 257 251
15960 84 148 251
15961 85 172 251
15962 86 145 251
15963 87 225 251
15964 88 114 251
15965 89 47 251
15966 90 34 251
weights 252 252 252 252 252 252 252 252 252 252 252 252 252 252 252 252 252 252 252 252 252 252 252 252 252 252 252 252 252 252 252 252 252 252 252 252 252 252 252 252 252 252 252 252 252 252 252 252 252 252 252 252 252 252 252 252 252 252 252 252 252 252 252 252 252 252 252 252 252 252 252 252 252 252 252 252 252 252 252 252 252 252 252 252 252 252 252 252 252 252 252 251 251 251 251 251 251 251 251 251 251 251 251 251 251 251 251 251 251 251 251 251 251 251 251 251 251 251 251 251 251 251 251 251 251 251
