p 257 h 93 constraints 8868
0 0 1 0
1 0 1 1
2 0 1 2
3 0 1 3
4 0 1 4
5 0 1 5
6 0 1 6
7 0 1 7
8 0 1 8
9 0 1 9
10 0 1 10
11 0 1 11
12 0 1 12
13 0 1 13
14 0 1 14
15 0 1 15
16 0 1 16
17 0 1 17
18 0 1 18
19 0 1 19
20 0 1 20
21 0 1 21
22 0 1 22
23 0 1 23
24 0 1 24
25 0 1 25
26 0 1 26
27 0 1 27
28 0 1 28
29 0 1 29
30 0 1 30
31 0 1 31
32 0 1 32
33 0 1 33
34 0 1 34
35 0 1 35
36 0 1 36
37 0 1 37
38 0 1 38
39 0 1 39
40 0 1 40
41 0 1 41
42 0 1 42
43 0 1 43
44 0 1 44
45 0 1 45
46 0 1 46
47 0 1 47
48 1 1 2
49 1 1 3
50 1 1 4
51 1 1 5
52 1 1 6
53 1 1 7
54 1 1 8
55 1 1 9
56 1 1 10
57 1 1 11
58 1 1 12
59 1 1 13
60 1 1 14
61 1 1 15
62 1 1 16
63 1 1 17
64 1 1 18
65 1 1 19
66 1 1 20
67 1 1 21
68 1 1 22
69 1 1 23
70 1 1 24
71 1 1 25
72 1 1 26
73 1 1 27
74 1 1 28
75 1 1 29
76 1 1 30
77 1 1 31
78 1 1 32
79 1 1 33
80 1 1 34
81 1 1 35
82 1 1 36
83 1 1 37
84 1 1 38
85 1 1 39
86 1 1 40
87 1 1 41
88 1 1 42
89 1 1 43
90 1 1 44
91 1 1 45
92 1 1 46
93 1 1 47
94 1 1 48
95 2 1 4
96 2 1 5
97 2 1 6
98 2 1 7
99 2 1 8
100 2 1 9
101 2 1 10
102 2 1 11
103 2 1 12
104 2 1 13
105 2 1 14
106 2 1 15
107 2 1 16
108 2 1 17
109 2 1 18
110 2 1 19
111 2 1 20
112 2 1 21
113 2 1 22
114 2 1 23
115 2 1 24
116 2 1 25
117 2 1 26
118 2 1 27
119 2 1 28
120 2 1 29
121 2 1 30
122 2 1 31
123 2 1 32
124 2 1 33
125 2 1 34
126 2 1 35
127 2 1 36
128 2 1 37
129 2 1 38
130 2 1 39
131 2 1 40
132 2 1 41
133 2 1 42
134 2 1 43
135 2 1 44
136 2 1 45
137 2 1 46
138 2 1 47
139 2 1 48
140 2 1 49
141 3 1 6
142 3 1 7
143 3 1 8
144 3 1 9
145 3 1 10
146 3 1 11
147 3 1 12
148 3 1 13
149 3 1 14
150 3 1 15
151 3 1 16
152 3 1 17
153 3 1 18
154 3 1 19
155 3 1 20
156 3 1 21
157 3 1 22
158 3 1 23
159 3 1 24
160 3 1 25
161 3 1 26
162 3 1 27
163 3 1 28
164 3 1 29
165 3 1 30
166 3 1 31
167 3 1 32
168 3 1 33
169 3 1 34
170 3 1 35
171 3 1 36
172 3 1 37
173 3 1 38
174 3 1 39
175 3 1 40
176 3 1 41
177 3 1 42
178 3 1 43
179 3 1 44
180 3 1 45
181 3 1 46
182 3 1 47
183 3 1 48
184 3 1 49
185 3 1 50
186 4 1 8
187 4 1 9
188 4 1 10
189 4 1 11
190 4 1 12
191 4 1 13
192 4 1 14
193 4 1 15
194 4 1 16
195 4 1 17
196 4 1 18
197 4 1 19
198 4 1 20
199 4 1 21
200 4 1 22
201 4 1 23
202 4 1 24
203 4 1 25
204 4 1 26
205 4 1 27
206 4 1 28
207 4 1 29
208 4 1 30
209 4 1 31
210 4 1 32
211 4 1 33
212 4 1 34
213 4 1 35
214 4 1 36
215 4 1 37
216 4 1 38
217 4 1 39
218 4 1 40
219 4 1 41
220 4 1 42
221 4 1 43
222 4 1 44
223 4 1 45
224 4 1 46
225 4 1 47
226 4 1 48
227 4 1 49
228 4 1 50
229 4 1 51
230 5 1 10
231 5 1 11
232 5 1 12
233 5 1 13
234 5 1 14
235 5 1 15
236 5 1 16
237 5 1 17
238 5 1 18
239 5 1 19
240 5 1 20
241 5 1 21
242 5 1 22
243 5 1 23
244 5 1 24
245 5 1 25
246 5 1 26
247 5 1 27
248 5 1 28
249 5 1 29
250 5 1 30
251 5 1 31
252 5 1 32
253 5 1 33
254 5 1 34
255 5 1 35
256 5 1 36
257 5 1 37
258 5 1 38
259 5 1 39
260 5 1 40
261 5 1 41
262 5 1 42
263 5 1 43
264 5 1 44
265 5 1 45
266 5 1 46
267 5 1 47
268 5 1 48
269 5 1 49
270 5 1 50
271 5 1 51
272 5 1 52
273 6 1 12
274 6 1 13
275 6 1 14
276 6 1 15
277 6 1 16
278 6 1 17
279 6 1 18
280 6 1 19
281 6 1 20
282 6 1 21
283 6 1 22
284 6 1 23
285 6 1 24
286 6 1 25
287 6 1 26
288 6 1 27
289 6 1 28
290 6 1 29
291 6 1 30
292 6 1 31
293 6 1 32
294 6 1 33
295 6 1 34
296 6 1 35
297 6 1 36
298 6 1 37
299 6 1 38
300 6 1 39
301 6 1 40
302 6 1 41
303 6 1 42
304 6 1 43
305 6 1 44
306 6 1 45
307 6 1 46
308 6 1 47
309 6 1 48
310 6 1 49
311 6 1 50
312 6 1 51
313 6 1 52
314 6 1 53
315 7 1 14
316 7 1 15
317 7 1 16
318 7 1 17
319 7 1 18
320 7 1 19
321 7 1 20
322 7 1 21
323 7 1 22
324 7 1 23
325 7 1 24
326 7 1 25
327 7 1 26
328 7 1 27
329 7 1 28
330 7 1 29
331 7 1 30
332 7 1 31
333 7 1 32
334 7 1 33
335 7 1 34
336 7 1 35
337 7 1 36
338 7 1 37
339 7 1 38
340 7 1 39
341 7 1 40
342 7 1 41
343 7 1 42
344 7 1 43
345 7 1 44
346 7 1 45
347 7 1 46
348 7 1 47
349 7 1 48
350 7 1 49
351 7 1 50
352 7 1 51
353 7 1 52
354 7 1 53
355 7 1 54
356 8 1 16
357 8 1 17
358 8 1 18
359 8 1 19
360 8 1 20
361 8 1 21
362 8 1 22
363 8 1 23
364 8 1 24
365 8 1 25
366 8 1 26
367 8 1 27
368 8 1 28
369 8 1 29
370 8 1 30
371 8 1 31
372 8 1 32
373 8 1 33
374 8 1 34
375 8 1 35
376 8 1 36
377 8 1 37
378 8 1 38
379 8 1 39
380 8 1 40
381 8 1 41
382 8 1 42
383 8 1 43
384 8 1 44
385 8 1 45
386 8 1 46
387 8 1 47
388 8 1 48
389 8 1 49
390 8 1 50
391 8 1 51
392 8 1 52
393 8 1 53
394 8 1 54
395 8 1 55
396 9 1 18
397 9 1 19
398 9 1 20
399 9 1 21
400 9 1 22
401 9 1 23
402 9 1 24
403 9 1 25
404 9 1 26
405 9 1 27
406 9 1 28
407 9 1 29
408 9 1 30
409 9 1 31
410 9 1 32
411 9 1 33
412 9 1 34
413 9 1 35
414 9 1 36
415 9 1 37
416 9 1 38
417 9 1 39
418 9 1 40
419 9 1 41
420 9 1 42
421 9 1 43
422 9 1 44
423 9 1 45
424 9 1 46
425 9 1 47
426 9 1 48
427 9 1 49
428 9 1 50
429 9 1 51
430 9 1 52
431 9 1 53
432 9 1 54
433 9 1 55
434 9 1 56
435 10 1 20
436 10 1 21
437 10 1 22
438 10 1 23
439 10 1 24
440 10 1 25
441 10 1 26
442 10 1 27
443 10 1 28
444 10 1 29
445 10 1 30
446 10 1 31
447 10 1 32
448 10 1 33
449 10 1 34
450 10 1 35
451 10 1 36
452 10 1 37
453 10 1 38
454 10 1 39
455 10 1 40
456 10 1 41
457 10 1 42
458 10 1 43
459 10 1 44
460 10 1 45
461 10 1 46
462 10 1 47
463 10 1 48
464 10 1 49
465 10 1 50
466 10 1 51
467 10 1 52
468 10 1 53
469 10 1 54
470 10 1 55
471 10 1 56
472 10 1 57
473 11 1 22
474 11 1 23
475 11 1 24
476 11 1 25
477 11 1 26
478 11 1 27
479 11 1 28
480 11 1 29
481 11 1 30
482 11 1 31
483 11 1 32
484 11 1 33
485 11 1 34
486 11 1 35
487 11 1 36
488 11 1 37
489 11 1 38
490 11 1 39
491 11 1 40
492 11 1 41
493 11 1 42
494 11 1 43
495 11 1 44
496 11 1 45
497 11 1 46
498 11 1 47
499 11 1 48
500 11 1 49
501 11 1 50
502 11 1 51
503 11 1 52
504 11 1 53
505 11 1 54
506 11 1 55
507 11 1 56
508 11 1 57
509 11 1 58
510 12 1 24
511 12 1 25
512 12 1 26
513 12 1 27
514 12 1 28
515 12 1 29
516 12 1 30
517 12 1 31
518 12 1 32
519 12 1 33
520 12 1 34
521 12 1 35
522 12 1 36
523 12 1 37
524 12 1 38
525 12 1 39
526 12 1 40
527 12 1 41
528 12 1 42
529 12 1 43
530 12 1 44
531 12 1 45
532 12 1 46
533 12 1 47
534 12 1 48
535 12 1 49
536 12 1 50
537 12 1 51
538 12 1 52
539 12 1 53
540 12 1 54
541 12 1 55
542 12 1 56
543 12 1 57
544 12 1 58
545 12 1 59
546 13 1 26
547 13 1 27
548 13 1 28
549 13 1 29
550 13 1 30
551 13 1 31
552 13 1 32
553 13 1 33
554 13 1 34
555 13 1 35
556 13 1 36
557 13 1 37
558 13 1 38
559 13 1 39
560 13 1 40
561 13 1 41
562 13 1 42
563 13 1 43
564 13 1 44
565 13 1 45
566 13 1 46
567 13 1 47
568 13 1 48
569 13 1 49
570 13 1 50
571 13 1 51
572 13 1 52
573 13 1 53
574 13 1 54
575 13 1 55
576 13 1 56
577 13 1 57
578 13 1 58
579 13 1 59
580 13 1 60
581 14 1 28
582 14 1 29
583 14 1 30
584 14 1 31
585 14 1 32
586 14 1 33
587 14 1 34
588 14 1 35
589 14 1 36
590 14 1 37
591 14 1 38
592 14 1 39
593 14 1 40
594 14 1 41
595 14 1 42
596 14 1 43
597 14 1 44
598 14 1 45
599 14 1 46
600 14 1 47
601 14 1 48
602 14 1 49
603 14 1 50
604 14 1 51
605 14 1 52
606 14 1 53
607 14 1 54
608 14 1 55
609 14 1 56
610 14 1 57
611 14 1 58
612 14 1 59
613 14 1 60
614 14 1 61
615 15 1 30
616 15 1 31
617 15 1 32
618 15 1 33
619 15 1 34
620 15 1 35
621 15 1 36
622 15 1 37
623 15 1 38
624 15 1 39
625 15 1 40
626 15 1 41
627 15 1 42
628 15 1 43
629 15 1 44
630 15 1 45
631 15 1 46
632 15 1 47
633 15 1 48
634 15 1 49
635 15 1 50
636 15 1 51
637 15 1 52
638 15 1 53
639 15 1 54
640 15 1 55
641 15 1 56
642 15 1 57
643 15 1 58
644 15 1 59
645 15 1 60
646 15 1 61
647 15 1 62
648 16 1 32
649 16 1 33
650 16 1 34
651 16 1 35
652 16 1 36
653 16 1 37
654 16 1 38
655 16 1 39
656 16 1 40
657 16 1 41
658 16 1 42
659 16 1 43
660 16 1 44
661 16 1 45
662 16 1 46
663 16 1 47
664 16 1 48
665 16 1 49
666 16 1 50
667 16 1 51
668 16 1 52
669 16 1 53
670 16 1 54
671 16 1 55
672 16 1 56
673 16 1 57
674 16 1 58
675 16 1 59
676 16 1 60
677 16 1 61
678 16 1 62
679 16 1 63
680 17 1 34
681 17 1 35
682 17 1 36
683 17 1 37
684 17 1 38
685 17 1 39
686 17 1 40
687 17 1 41
688 17 1 42
689 17 1 43
690 17 1 44
691 17 1 45
692 17 1 46
693 17 1 47
694 17 1 48
695 17 1 49
696 17 1 50
697 17 1 51
698 17 1 52
699 17 1 53
700 17 1 54
701 17 1 55
702 17 1 56
703 17 1 57
704 17 1 58
705 17 1 59
706 17 1 60
707 17 1 61
708 17 1 62
709 17 1 63
710 17 1 64
711 18 1 36
712 18 1 37
713 18 1 38
714 18 1 39
715 18 1 40
716 18 1 41
717 18 1 42
718 18 1 43
719 18 1 44
720 18 1 45
721 18 1 46
722 18 1 47
723 18 1 48
724 18 1 49
725 18 1 50
726 18 1 51
727 18 1 52
728 18 1 53
729 18 1 54
730 18 1 55
731 18 1 56
732 18 1 57
733 18 1 58
734 18 1 59
735 18 1 60
736 18 1 61
737 18 1 62
738 18 1 63
739 18 1 64
740 18 1 65
741 19 1 38
742 19 1 39
743 19 1 40
744 19 1 41
745 19 1 42
746 19 1 43
747 19 1 44
748 19 1 45
749 19 1 46
750 19 1 47
751 19 1 48
752 19 1 49
753 19 1 50
754 19 1 51
755 19 1 52
756 19 1 53
757 19 1 54
758 19 1 55
759 19 1 56
760 19 1 57
761 19 1 58
762 19 1 59
763 19 1 60
764 19 1 61
765 19 1 62
766 19 1 63
767 19 1 64
768 19 1 65
769 19 1 66
770 20 1 40
771 20 1 41
772 20 1 42
773 20 1 43
774 20 1 44
775 20 1 45
776 20 1 46
777 20 1 47
778 20 1 48
779 20 1 49
780 20 1 50
781 20 1 51
782 20 1 52
783 20 1 53
784 20 1 54
785 20 1 55
786 20 1 56
787 20 1 57
788 20 1 58
789 20 1 59
790 20 1 60
791 20 1 61
792 20 1 62
793 20 1 63
794 20 1 64
795 20 1 65
796 20 1 66
797 20 1 67
798 21 1 42
799 21 1 43
800 21 1 44
801 21 1 45
802 21 1 46
803 21 1 47
804 21 1 48
805 21 1 49
806 21 1 50
807 21 1 51
808 21 1 52
809 21 1 53
810 21 1 54
811 21 1 55
812 21 1 56
813 21 1 57
814 21 1 58
815 21 1 59
816 21 1 60
817 21 1 61
818 21 1 62
819 21 1 63
820 21 1 64
821 21 1 65
822 21 1 66
823 21 1 67
824 21 1 68
825 22 1 44
826 22 1 45
827 22 1 46
828 22 1 47
829 22 1 48
830 22 1 49
831 22 1 50
832 22 1 51
833 22 1 52
834 22 1 53
835 22 1 54
836 22 1 55
837 22 1 56
838 22 1 57
839 22 1 58
840 22 1 59
841 22 1 60
842 22 1 61
843 22 1 62
844 22 1 63
845 22 1 64
846 22 1 65
847 22 1 66
848 22 1 67
849 22 1 68
850 22 1 69
851 23 1 46
852 23 1 47
853 23 1 48
854 23 1 49
855 23 1 50
856 23 1 51
857 23 1 52
858 23 1 53
859 23 1 54
860 23 1 55
861 23 1 56
862 23 1 57
863 23 1 58
864 23 1 59
865 23 1 60
866 23 1 61
867 23 1 62
868 23 1 63
869 23 1 64
870 23 1 65
871 23 1 66
872 23 1 67
873 23 1 68
874 23 1 69
875 23 1 70
876 24 1 48
877 24 1 49
878 24 1 50
879 24 1 51
880 24 1 52
881 24 1 53
882 24 1 54
883 24 1 55
884 24 1 56
885 24 1 57
886 24 1 58
887 24 1 59
888 24 1 60
889 24 1 61
890 24 1 62
891 24 1 63
892 24 1 64
893 24 1 65
894 24 1 66
895 24 1 67
896 24 1 68
897 24 1 69
898 24 1 70
899 24 1 71
900 25 1 50
901 25 1 51
902 25 1 52
903 25 1 53
904 25 1 54
905 25 1 55
906 25 1 56
907 25 1 57
908 25 1 58
909 25 1 59
910 25 1 60
911 25 1 61
912 25 1 62
913 25 1 63
914 25 1 64
915 25 1 65
916 25 1 66
917 25 1 67
918 25 1 68
919 25 1 69
920 25 1 70
921 25 1 71
922 25 1 72
923 26 1 52
924 26 1 53
925 26 1 54
926 26 1 55
927 26 1 56
928 26 1 57
929 26 1 58
930 26 1 59
931 26 1 60
932 26 1 61
933 26 1 62
934 26 1 63
935 26 1 64
936 26 1 65
937 26 1 66
938 26 1 67
939 26 1 68
940 26 1 69
941 26 1 70
942 26 1 71
943 26 1 72
944 26 1 73
945 27 1 54
946 27 1 55
947 27 1 56
948 27 1 57
949 27 1 58
950 27 1 59
951 27 1 60
952 27 1 61
953 27 1 62
954 27 1 63
955 27 1 64
956 27 1 65
957 27 1 66
958 27 1 67
959 27 1 68
960 27 1 69
961 27 1 70
962 27 1 71
963 27 1 72
964 27 1 73
965 27 1 74
966 28 1 56
967 28 1 57
968 28 1 58
969 28 1 59
970 28 1 60
971 28 1 61
972 28 1 62
973 28 1 63
974 28 1 64
975 28 1 65
976 28 1 66
977 28 1 67
978 28 1 68
979 28 1 69
980 28 1 70
981 28 1 71
982 28 1 72
983 28 1 73
984 28 1 74
985 28 1 75
986 29 1 58
987 29 1 59
988 29 1 60
989 29 1 61
990 29 1 62
991 29 1 63
992 29 1 64
993 29 1 65
994 29 1 66
995 29 1 67
996 29 1 68
997 29 1 69
998 29 1 70
999 29 1 71
1000 29 1 72
1001 29 1 73
1002 29 1 74
1003 29 1 75
1004 29 1 76
1005 30 1 60
1006 30 1 61
1007 30 1 62
1008 30 1 63
1009 30 1 64
1010 30 1 65
1011 30 1 66
1012 30 1 67
1013 30 1 68
1014 30 1 69
1015 30 1 70
1016 30 1 71
1017 30 1 72
1018 30 1 73
1019 30 1 74
1020 30 1 75
1021 30 1 76
1022 30 1 77
1023 31 1 62
1024 31 1 63
1025 31 1 64
1026 31 1 65
1027 31 1 66
1028 31 1 67
1029 31 1 68
1030 31 1 69
1031 31 1 70
1032 31 1 71
1033 31 1 72
1034 31 1 73
1035 31 1 74
1036 31 1 75
1037 31 1 76
1038 31 1 77
1039 31 1 78
1040 32 1 64
1041 32 1 65
1042 32 1 66
1043 32 1 67
1044 32 1 68
1045 32 1 69
1046 32 1 70
1047 32 1 71
1048 32 1 72
1049 32 1 73
1050 32 1 74
1051 32 1 75
1052 32 1 76
1053 32 1 77
1054 32 1 78
1055 32 1 79
1056 33 1 66
1057 33 1 67
1058 33 1 68
1059 33 1 69
1060 33 1 70
1061 33 1 71
1062 33 1 72
1063 33 1 73
1064 33 1 74
1065 33 1 75
1066 33 1 76
1067 33 1 77
1068 33 1 78
1069 33 1 79
1070 33 1 80
1071 34 1 68
1072 34 1 69
1073 34 1 70
1074 34 1 71
1075 34 1 72
1076 34 1 73
1077 34 1 74
1078 34 1 75
1079 34 1 76
1080 34 1 77
1081 34 1 78
1082 34 1 79
1083 34 1 80
1084 34 1 81
1085 35 1 70
1086 35 1 71
1087 35 1 72
1088 35 1 73
1089 35 1 74
1090 35 1 75
1091 35 1 76
1092 35 1 77
1093 35 1 78
1094 35 1 79
1095 35 1 80
1096 35 1 81
1097 35 1 82
1098 36 1 72
1099 36 1 73
1100 36 1 74
1101 36 1 75
1102 36 1 76
1103 36 1 77
1104 36 1 78
1105 36 1 79
1106 36 1 80
1107 36 1 81
1108 36 1 82
1109 36 1 83
1110 37 1 74
1111 37 1 75
1112 37 1 76
1113 37 1 77
1114 37 1 78
1115 37 1 79
1116 37 1 80
1117 37 1 81
1118 37 1 82
1119 37 1 83
1120 37 1 84
1121 38 1 76
1122 38 1 77
1123 38 1 78
1124 38 1 79
1125 38 1 80
1126 38 1 81
1127 38 1 82
1128 38 1 83
1129 38 1 84
1130 38 1 85
1131 39 1 78
1132 39 1 79
1133 39 1 80
1134 39 1 81
1135 39 1 82
1136 39 1 83
1137 39 1 84
1138 39 1 85
1139 39 1 86
1140 40 1 80
1141 40 1 81
1142 40 1 82
1143 40 1 83
1144 40 1 84
1145 40 1 85
1146 40 1 86
1147 40 1 87
1148 41 1 82
1149 41 1 83
1150 41 1 84
1151 41 1 85
1152 41 1 86
1153 41 1 87
1154 41 1 88
1155 42 1 84
1156 42 1 85
1157 42 1 86
1158 42 1 87
1159 42 1 88
1160 42 1 89
1161 43 1 86
1162 43 1 87
1163 43 1 88
1164 43 1 89
1165 43 1 90
1166 44 1 88
1167 44 1 89
1168 44 1 90
1169 44 1 91
1170 45 1 90
1171 45 1 91
1172 45 1 92
1173 46 1 92
1174 46 1 93
1175 47 1 94
1176 48 1 96
1177 47 129 95
1178 46 193 94
1179 45 225 93
1180 44 241 92
1181 43 249 91
1182 42 253 90
1183 41 255 89
1184 40 256 88
1185 39 128 87
1186 38 64 86
1187 37 32 85
1188 36 16 84
1189 35 8 83
1190 34 4 82
1191 33 2 81
1192 32 1 80
1193 31 129 79
1194 30 193 78
1195 29 225 77
1196 28 241 76
1197 27 249 75
1198 26 253 74
1199 25 255 73
1200 24 256 72
1201 23 128 71
1202 22 64 70
1203 21 32 69
1204 20 16 68
1205 19 8 67
1206 18 4 66
1207 17 2 65
1208 16 1 64
1209 15 129 63
1210 14 193 62
1211 13 225 61
1212 12 241 60
1213 11 249 59
1214 10 253 58
1215 9 255 57
1216 8 256 56
1217 7 128 55
1218 6 64 54
1219 5 32 53
1220 4 16 52
1221 49 1 98
1222 48 129 97
1223 47 193 96
1224 46 225 95
1225 45 241 94
1226 44 249 93
1227 43 253 92
1228 42 255 91
1229 41 256 90
1230 40 128 89
1231 39 64 88
1232 38 32 87
1233 37 16 86
1234 36 8 85
1235 35 4 84
1236 34 2 83
1237 33 1 82
1238 32 129 81
1239 31 193 80
1240 30 225 79
1241 29 241 78
1242 28 249 77
1243 27 253 76
1244 26 255 75
1245 25 256 74
1246 24 128 73
1247 23 64 72
1248 22 32 71
1249 21 16 70
1250 20 8 69
1251 19 4 68
1252 18 2 67
1253 17 1 66
1254 16 129 65
1255 15 193 64
1256 14 225 63
1257 13 241 62
1258 12 249 61
1259 11 253 60
1260 10 255 59
1261 9 256 58
1262 8 128 57
1263 7 64 56
1264 6 32 55
1265 50 1 100
1266 49 129 99
1267 48 193 98
1268 47 225 97
1269 46 241 96
1270 45 249 95
1271 44 253 94
1272 43 255 93
1273 42 256 92
1274 41 128 91
1275 40 64 90
1276 39 32 89
1277 38 16 88
1278 37 8 87
1279 36 4 86
1280 35 2 85
1281 34 1 84
1282 33 129 83
1283 32 193 82
1284 31 225 81
1285 30 241 80
1286 29 249 79
1287 28 253 78
1288 27 255 77
1289 26 256 76
1290 25 128 75
1291 24 64 74
1292 23 32 73
1293 22 16 72
1294 21 8 71
1295 20 4 70
1296 19 2 69
1297 18 1 68
1298 17 129 67
1299 16 193 66
1300 15 225 65
1301 14 241 64
1302 13 249 63
1303 12 253 62
1304 11 255 61
1305 10 256 60
1306 9 128 59
1307 8 64 58
1308 51 1 102
1309 50 129 101
1310 49 193 100
1311 48 225 99
1312 47 241 98
1313 46 249 97
1314 45 253 96
1315 44 255 95
1316 43 256 94
1317 42 128 93
1318 41 64 92
1319 40 32 91
1320 39 16 90
1321 38 8 89
1322 37 4 88
1323 36 2 87
1324 35 1 86
1325 34 129 85
1326 33 193 84
1327 32 225 83
1328 31 241 82
1329 30 249 81
1330 29 253 80
1331 28 255 79
1332 27 256 78
1333 26 128 77
1334 25 64 76
1335 24 32 75
1336 23 16 74
1337 22 8 73
1338 21 4 72
1339 20 2 71
1340 19 1 70
1341 18 129 69
1342 17 193 68
1343 16 225 67
1344 15 241 66
1345 14 249 65
1346 13 253 64
1347 12 255 63
1348 11 256 62
1349 10 128 61
1350 52 1 104
1351 51 129 103
1352 50 193 102
1353 49 225 101
1354 48 241 100
1355 47 249 99
1356 46 253 98
1357 45 255 97
1358 44 256 96
1359 43 128 95
1360 42 64 94
1361 41 32 93
1362 40 16 92
1363 39 8 91
1364 38 4 90
1365 37 2 89
1366 36 1 88
1367 35 129 87
1368 34 193 86
1369 33 225 85
1370 32 241 84
1371 31 249 83
1372 30 253 82
1373 29 255 81
1374 28 256 80
1375 27 128 79
1376 26 64 78
1377 25 32 77
1378 24 16 76
1379 23 8 75
1380 22 4 74
1381 21 2 73
1382 20 1 72
1383 19 129 71
1384 18 193 70
1385 17 225 69
1386 16 241 68
1387 15 249 67
1388 14 253 66
1389 13 255 65
1390 12 256 64
1391 53 1 106
1392 52 129 105
1393 51 193 104
1394 50 225 103
1395 49 241 102
1396 48 249 101
1397 47 253 100
1398 46 255 99
1399 45 256 98
1400 44 128 97
1401 43 64 96
1402 42 32 95
1403 41 16 94
1404 40 8 93
1405 39 4 92
1406 38 2 91
1407 37 1 90
1408 36 129 89
1409 35 193 88
1410 34 225 87
1411 33 241 86
1412 32 249 85
1413 31 253 84
1414 30 255 83
1415 29 256 82
1416 28 128 81
1417 27 64 80
1418 26 32 79
1419 25 16 78
1420 24 8 77
1421 23 4 76
1422 22 2 75
1423 21 1 74
1424 20 129 73
1425 19 193 72
1426 18 225 71
1427 17 241 70
1428 16 249 69
1429 15 253 68
1430 14 255 67
1431 54 1 108
1432 53 129 107
1433 52 193 106
1434 51 225 105
1435 50 241 104
1436 49 249 103
1437 48 253 102
1438 47 255 101
1439 46 256 100
1440 45 128 99
1441 44 64 98
1442 43 32 97
1443 42 16 96
1444 41 8 95
1445 40 4 94
1446 39 2 93
1447 38 1 92
1448 37 129 91
1449 36 193 90
1450 35 225 89
1451 34 241 88
1452 33 249 87
1453 32 253 86
1454 31 255 85
1455 30 256 84
1456 29 128 83
1457 28 64 82
1458 27 32 81
1459 26 16 80
1460 25 8 79
1461 24 4 78
1462 23 2 77
1463 22 1 76
1464 21 129 75
1465 20 193 74
1466 19 225 73
1467 18 241 72
1468 17 249 71
1469 16 253 70
1470 55 1 110
1471 54 129 109
1472 53 193 108
1473 52 225 107
1474 51 241 106
1475 50 249 105
1476 49 253 104
1477 48 255 103
1478 47 256 102
1479 46 128 101
1480 45 64 100
1481 44 32 99
1482 43 16 98
1483 42 8 97
1484 41 4 96
1485 40 2 95
1486 39 1 94
1487 38 129 93
1488 37 193 92
1489 36 225 91
1490 35 241 90
1491 34 249 89
1492 33 253 88
1493 32 255 87
1494 31 256 86
1495 30 128 85
1496 29 64 84
1497 28 32 83
1498 27 16 82
1499 26 8 81
1500 25 4 80
1501 24 2 79
1502 23 1 78
1503 22 129 77
1504 21 193 76
1505 20 225 75
1506 19 241 74
1507 18 249 73
1508 56 1 112
1509 55 129 111
1510 54 193 110
1511 53 225 109
1512 52 241 108
1513 51 249 107
1514 50 253 106
1515 49 255 105
1516 48 256 104
1517 47 128 103
1518 46 64 102
1519 45 32 101
1520 44 16 100
1521 43 8 99
1522 42 4 98
1523 41 2 97
1524 40 1 96
1525 39 129 95
1526 38 193 94
1527 37 225 93
1528 36 241 92
1529 35 249 91
1530 34 253 90
1531 33 255 89
1532 32 256 88
1533 31 128 87
1534 30 64 86
1535 29 32 85
1536 28 16 84
1537 27 8 83
1538 26 4 82
1539 25 2 81
1540 24 1 80
1541 23 129 79
1542 22 193 78
1543 21 225 77
1544 20 241 76
1545 57 1 114
1546 56 129 113
1547 55 193 112
1548 54 225 111
1549 53 241 110
1550 52 249 109
1551 51 253 108
1552 50 255 107
1553 49 256 106
1554 48 128 105
1555 47 64 104
1556 46 32 103
1557 45 16 102
1558 44 8 101
1559 43 4 100
1560 42 2 99
1561 41 1 98
1562 40 129 97
1563 39 193 96
1564 38 225 95
1565 37 241 94
1566 36 249 93
1567 35 253 92
1568 34 255 91
1569 33 256 90
1570 32 128 89
1571 31 64 88
1572 30 32 87
1573 29 16 86
1574 28 8 85
1575 27 4 84
1576 26 2 83
1577 25 1 82
1578 24 129 81
1579 23 193 80
1580 22 225 79
1581 58 1 116
1582 57 129 115
1583 56 193 114
1584 55 225 113
1585 54 241 112
1586 53 249 111
1587 52 253 110
1588 51 255 109
1589 50 256 108
1590 49 128 107
1591 48 64 106
1592 47 32 105
1593 46 16 104
1594 45 8 103
1595 44 4 102
1596 43 2 101
1597 42 1 100
1598 41 129 99
1599 40 193 98
1600 39 225 97
1601 38 241 96
1602 37 249 95
1603 36 253 94
1604 35 255 93
1605 34 256 92
1606 33 128 91
1607 32 64 90
1608 31 32 89
1609 30 16 88
1610 29 8 87
1611 28 4 86
1612 27 2 85
1613 26 1 84
1614 25 129 83
1615 24 193 82
1616 59 1 118
1617 58 129 117
1618 57 193 116
1619 56 225 115
1620 55 241 114
1621 54 249 113
1622 53 253 112
1623 52 255 111
1624 51 256 110
1625 50 128 109
1626 49 64 108
1627 48 32 107
1628 47 16 106
1629 46 8 105
1630 45 4 104
1631 44 2 103
1632 43 1 102
1633 42 129 101
1634 41 193 100
1635 40 225 99
1636 39 241 98
1637 38 249 97
1638 37 253 96
1639 36 255 95
1640 35 256 94
1641 34 128 93
1642 33 64 92
1643 32 32 91
1644 31 16 90
1645 30 8 89
1646 29 4 88
1647 28 2 87
1648 27 1 86
1649 26 129 85
1650 60 1 120
1651 59 129 119
1652 58 193 118
1653 57 225 117
1654 56 241 116
1655 55 249 115
1656 54 253 114
1657 53 255 113
1658 52 256 112
1659 51 128 111
1660 50 64 110
1661 49 32 109
1662 48 16 108
1663 47 8 107
1664 46 4 106
1665 45 2 105
1666 44 1 104
1667 43 129 103
1668 42 193 102
1669 41 225 101
1670 40 241 100
1671 39 249 99
1672 38 253 98
1673 37 255 97
1674 36 256 96
1675 35 128 95
1676 34 64 94
1677 33 32 93
1678 32 16 92
1679 31 8 91
1680 30 4 90
1681 29 2 89
1682 28 1 88
1683 61 1 122
1684 60 129 121
1685 59 193 120
1686 58 225 119
1687 57 241 118
1688 56 249 117
1689 55 253 116
1690 54 255 115
1691 53 256 114
1692 52 128 113
1693 51 64 112
1694 50 32 111
1695 49 16 110
1696 48 8 109
1697 47 4 108
1698 46 2 107
1699 45 1 106
1700 44 129 105
1701 43 193 104
1702 42 225 103
1703 41 241 102
1704 40 249 101
1705 39 253 100
1706 38 255 99
1707 37 256 98
1708 36 128 97
1709 35 64 96
1710 34 32 95
1711 33 16 94
1712 32 8 93
1713 31 4 92
1714 30 2 91
1715 62 1 124
1716 61 129 123
1717 60 193 122
1718 59 225 121
1719 58 241 120
1720 57 249 119
1721 56 253 118
1722 55 255 117
1723 54 256 116
1724 53 128 115
1725 52 64 114
1726 51 32 113
1727 50 16 112
1728 49 8 111
1729 48 4 110
1730 47 2 109
1731 46 1 108
1732 45 129 107
1733 44 193 106
1734 43 225 105
1735 42 241 104
1736 41 249 103
1737 40 253 102
1738 39 255 101
1739 38 256 100
1740 37 128 99
1741 36 64 98
1742 35 32 97
1743 34 16 96
1744 33 8 95
1745 32 4 94
1746 63 1 126
1747 62 129 125
1748 61 193 124
1749 60 225 123
1750 59 241 122
1751 58 249 121
1752 57 253 120
1753 56 255 119
1754 55 256 118
1755 54 128 117
1756 53 64 116
1757 52 32 115
1758 51 16 114
1759 50 8 113
1760 49 4 112
1761 48 2 111
1762 47 1 110
1763 46 129 109
1764 45 193 108
1765 44 225 107
1766 43 241 106
1767 42 249 105
1768 41 253 104
1769 40 255 103
1770 39 256 102
1771 38 128 101
1772 37 64 100
1773 36 32 99
1774 35 16 98
1775 34 8 97
1776 64 1 128
1777 63 129 127
1778 62 193 126
1779 61 225 125
1780 60 241 124
1781 59 249 123
1782 58 253 122
1783 57 255 121
1784 56 256 120
1785 55 128 119
1786 54 64 118
1787 53 32 117
1788 52 16 116
1789 51 8 115
1790 50 4 114
1791 49 2 113
1792 48 1 112
1793 47 129 111
1794 46 193 110
1795 45 225 109
1796 44 241 108
1797 43 249 107
1798 42 253 106
1799 41 255 105
1800 40 256 104
1801 39 128 103
1802 38 64 102
1803 37 32 101
1804 36 16 100
1805 65 1 130
1806 64 129 129
1807 63 193 128
1808 62 225 127
1809 61 241 126
1810 60 249 125
1811 59 253 124
1812 58 255 123
1813 57 256 122
1814 56 128 121
1815 55 64 120
1816 54 32 119
1817 53 16 118
1818 52 8 117
1819 51 4 116
1820 50 2 115
1821 49 1 114
1822 48 129 113
1823 47 193 112
1824 46 225 111
1825 45 241 110
1826 44 249 109
1827 43 253 108
1828 42 255 107
1829 41 256 106
1830 40 128 105
1831 39 64 104
1832 38 32 103
1833 66 1 132
1834 65 129 131
1835 64 193 130
1836 63 225 129
1837 62 241 128
1838 61 249 127
1839 60 253 126
1840 59 255 125
1841 58 256 124
1842 57 128 123
1843 56 64 122
1844 55 32 121
1845 54 16 120
1846 53 8 119
1847 52 4 118
1848 51 2 117
1849 50 1 116
1850 49 129 115
1851 48 193 114
1852 47 225 113
1853 46 241 112
1854 45 249 111
1855 44 253 110
1856 43 255 109
1857 42 256 108
1858 41 128 107
1859 40 64 106
1860 67 1 134
1861 66 129 133
1862 65 193 132
1863 64 225 131
1864 63 241 130
1865 62 249 129
1866 61 253 128
1867 60 255 127
1868 59 256 126
1869 58 128 125
1870 57 64 124
1871 56 32 123
1872 55 16 122
1873 54 8 121
1874 53 4 120
1875 52 2 119
1876 51 1 118
1877 50 129 117
1878 49 193 116
1879 48 225 115
1880 47 241 114
1881 46 249 113
1882 45 253 112
1883 44 255 111
1884 43 256 110
1885 42 128 109
1886 68 1 136
1887 67 129 135
1888 66 193 134
1889 65 225 133
1890 64 241 132
1891 63 249 131
1892 62 253 130
1893 61 255 129
1894 60 256 128
1895 59 128 127
1896 58 64 126
1897 57 32 125
1898 56 16 124
1899 55 8 123
1900 54 4 122
1901 53 2 121
1902 52 1 120
1903 51 129 119
1904 50 193 118
1905 49 225 117
1906 48 241 116
1907 47 249 115
1908 46 253 114
1909 45 255 113
1910 44 256 112
1911 69 1 138
1912 68 129 137
1913 67 193 136
1914 66 225 135
1915 65 241 134
1916 64 249 133
1917 63 253 132
1918 62 255 131
1919 61 256 130
1920 60 128 129
1921 59 64 128
1922 58 32 127
1923 57 16 126
1924 56 8 125
1925 55 4 124
1926 54 2 123
1927 53 1 122
1928 52 129 121
1929 51 193 120
1930 50 225 119
1931 49 241 118
1932 48 249 117
1933 47 253 116
1934 46 255 115
1935 70 1 140
1936 69 129 139
1937 68 193 138
1938 67 225 137
1939 66 241 136
1940 65 249 135
1941 64 253 134
1942 63 255 133
1943 62 256 132
1944 61 128 131
1945 60 64 130
1946 59 32 129
1947 58 16 128
1948 57 8 127
1949 56 4 126
1950 55 2 125
1951 54 1 124
1952 53 129 123
1953 52 193 122
1954 51 225 121
1955 50 241 120
1956 49 249 119
1957 48 253 118
1958 71 1 142
1959 70 129 141
1960 69 193 140
1961 68 225 139
1962 67 241 138
1963 66 249 137
1964 65 253 136
1965 64 255 135
1966 63 256 134
1967 62 128 133
1968 61 64 132
1969 60 32 131
1970 59 16 130
1971 58 8 129
1972 57 4 128
1973 56 2 127
1974 55 1 126
1975 54 129 125
1976 53 193 124
1977 52 225 123
1978 51 241 122
1979 50 249 121
1980 72 1 144
1981 71 129 143
1982 70 193 142
1983 69 225 141
1984 68 241 140
1985 67 249 139
1986 66 253 138
1987 65 255 137
1988 64 256 136
1989 63 128 135
1990 62 64 134
1991 61 32 133
1992 60 16 132
1993 59 8 131
1994 58 4 130
1995 57 2 129
1996 56 1 128
1997 55 129 127
1998 54 193 126
1999 53 225 125
2000 52 241 124
2001 73 1 146
2002 72 129 145
2003 71 193 144
2004 70 225 143
2005 69 241 142
2006 68 249 141
2007 67 253 140
2008 66 255 139
2009 65 256 138
2010 64 128 137
2011 63 64 136
2012 62 32 135
2013 61 16 134
2014 60 8 133
2015 59 4 132
2016 58 2 131
2017 57 1 130
2018 56 129 129
2019 55 193 128
2020 54 225 127
2021 74 1 148
2022 73 129 147
2023 72 193 146
2024 71 225 145
2025 70 241 144
2026 69 249 143
2027 68 253 142
2028 67 255 141
2029 66 256 140
2030 65 128 139
2031 64 64 138
2032 63 32 137
2033 62 16 136
2034 61 8 135
2035 60 4 134
2036 59 2 133
2037 58 1 132
2038 57 129 131
2039 56 193 130
2040 75 1 150
2041 74 129 149
2042 73 193 148
2043 72 225 147
2044 71 241 146
2045 70 249 145
2046 69 253 144
2047 68 255 143
2048 67 256 142
2049 66 128 141
2050 65 64 140
2051 64 32 139
2052 63 16 138
2053 62 8 137
2054 61 4 136
2055 60 2 135
2056 59 1 134
2057 58 129 133
2058 76 1 152
2059 75 129 151
2060 74 193 150
2061 73 225 149
2062 72 241 148
2063 71 249 147
2064 70 253 146
2065 69 255 145
2066 68 256 144
2067 67 128 143
2068 66 64 142
2069 65 32 141
2070 64 16 140
2071 63 8 139
2072 62 4 138
2073 61 2 137
2074 60 1 136
2075 77 1 154
2076 76 129 153
2077 75 193 152
2078 74 225 151
2079 73 241 150
2080 72 249 149
2081 71 253 148
2082 70 255 147
2083 69 256 146
2084 68 128 145
2085 67 64 144
2086 66 32 143
2087 65 16 142
2088 64 8 141
2089 63 4 140
2090 62 2 139
2091 78 1 156
2092 77 129 155
2093 76 193 154
2094 75 225 153
2095 74 241 152
2096 73 249 151
2097 72 253 150
2098 71 255 149
2099 70 256 148
2100 69 128 147
2101 68 64 146
2102 67 32 145
2103 66 16 144
2104 65 8 143
2105 64 4 142
2106 79 1 158
2107 78 129 157
2108 77 193 156
2109 76 225 155
2110 75 241 154
2111 74 249 153
2112 73 253 152
2113 72 255 151
2114 71 256 150
2115 70 128 149
2116 69 64 148
2117 68 32 147
2118 67 16 146
2119 66 8 145
2120 80 1 160
2121 79 129 159
2122 78 193 158
2123 77 225 157
2124 76 241 156
2125 75 249 155
2126 74 253 154
2127 73 255 153
2128 72 256 152
2129 71 128 151
2130 70 64 150
2131 69 32 149
2132 68 16 148
2133 81 1 162
2134 80 129 161
2135 79 193 160
2136 78 225 159
2137 77 241 158
2138 76 249 157
2139 75 253 156
2140 74 255 155
2141 73 256 154
2142 72 128 153
2143 71 64 152
2144 70 32 151
2145 82 1 164
2146 81 129 163
2147 80 193 162
2148 79 225 161
2149 78 241 160
2150 77 249 159
2151 76 253 158
2152 75 255 157
2153 74 256 156
2154 73 128 155
2155 72 64 154
2156 83 1 166
2157 82 129 165
2158 81 193 164
2159 80 225 163
2160 79 241 162
2161 78 249 161
2162 77 253 160
2163 76 255 159
2164 75 256 158
2165 74 128 157
2166 84 1 168
2167 83 129 167
2168 82 193 166
2169 81 225 165
2170 80 241 164
2171 79 249 163
2172 78 253 162
2173 77 255 161
2174 76 256 160
2175 85 1 170
2176 84 129 169
2177 83 193 168
2178 82 225 167
2179 81 241 166
2180 80 249 165
2181 79 253 164
2182 78 255 163
2183 86 1 172
2184 85 129 171
2185 84 193 170
2186 83 225 169
2187 82 241 168
2188 81 249 167
2189 80 253 166
2190 87 1 174
2191 86 129 173
2192 85 193 172
2193 84 225 171
2194 83 241 170
2195 82 249 169
2196 88 1 176
2197 87 129 175
2198 86 193 174
2199 85 225 173
2200 84 241 172
2201 89 1 178
2202 88 129 177
2203 87 193 176
2204 86 225 175
2205 90 1 180
2206 89 129 179
2207 88 193 178
2208 91 1 182
2209 90 129 181
2210 92 1 184
2211 0 1 48
2212 0 1 49
2213 0 1 50
2214 0 1 51
2215 0 1 52
2216 0 1 53
2217 0 1 54
2218 0 1 55
2219 0 1 56
2220 0 1 57
2221 0 1 58
2222 0 1 59
2223 0 1 60
2224 0 1 61
2225 0 1 62
2226 0 1 63
2227 0 1 64
2228 0 1 65
2229 0 1 66
2230 0 1 67
2231 0 1 68
2232 0 1 69
2233 0 1 70
2234 0 1 71
2235 0 1 72
2236 0 1 73
2237 0 1 74
2238 0 1 75
2239 0 1 76
2240 0 1 77
2241 0 1 78
2242 0 1 79
2243 0 1 80
2244 0 1 81
2245 0 1 82
2246 0 1 83
2247 0 1 84
2248 0 1 85
2249 0 1 86
2250 0 1 87
2251 0 1 88
2252 0 1 89
2253 0 1 90
2254 1 1 49
2255 1 1 50
2256 1 1 51
2257 1 1 52
2258 1 1 53
2259 1 1 54
2260 1 1 55
2261 1 1 56
2262 1 1 57
2263 1 1 58
2264 1 1 59
2265 1 1 60
2266 1 1 61
2267 1 1 62
2268 1 1 63
2269 1 1 64
2270 1 1 65
2271 1 1 66
2272 1 1 67
2273 1 1 68
2274 1 1 69
2275 1 1 70
2276 1 1 71
2277 1 1 72
2278 1 1 73
2279 1 1 74
2280 1 1 75
2281 1 1 76
2282 1 1 77
2283 1 1 78
2284 1 1 79
2285 1 1 80
2286 1 1 81
2287 1 1 82
2288 1 1 83
2289 1 1 84
2290 1 1 85
2291 1 1 86
2292 1 1 87
2293 1 1 88
2294 1 1 89
2295 1 1 90
2296 2 1 50
2297 2 1 51
2298 2 1 52
2299 2 1 53
2300 2 1 54
2301 2 1 55
2302 2 1 56
2303 2 1 57
2304 2 1 58
2305 2 1 59
2306 2 1 60
2307 2 1 61
2308 2 1 62
2309 2 1 63
2310 2 1 64
2311 2 1 65
2312 2 1 66
2313 2 1 67
2314 2 1 68
2315 2 1 69
2316 2 1 70
2317 2 1 71
2318 2 1 72
2319 2 1 73
2320 2 1 74
2321 2 1 75
2322 2 1 76
2323 2 1 77
2324 2 1 78
2325 2 1 79
2326 2 1 80
2327 2 1 81
2328 2 1 82
2329 2 1 83
2330 2 1 84
2331 2 1 85
2332 2 1 86
2333 2 1 87
2334 2 1 88
2335 2 1 89
2336 2 1 90
2337 3 1 51
2338 3 1 52
2339 3 1 53
2340 3 1 54
2341 3 1 55
2342 3 1 56
2343 3 1 57
2344 3 1 58
2345 3 1 59
2346 3 1 60
2347 3 1 61
2348 3 1 62
2349 3 1 63
2350 3 1 64
2351 3 1 65
2352 3 1 66
2353 3 1 67
2354 3 1 68
2355 3 1 69
2356 3 1 70
2357 3 1 71
2358 3 1 72
2359 3 1 73
2360 3 1 74
2361 3 1 75
2362 3 1 76
2363 3 1 77
2364 3 1 78
2365 3 1 79
2366 3 1 80
2367 3 1 81
2368 3 1 82
2369 3 1 83
2370 3 1 84
2371 3 1 85
2372 3 1 86
2373 3 1 87
2374 3 1 88
2375 3 1 89
2376 3 1 90
2377 4 1 53
2378 4 1 54
2379 5 255 54
2380 4 1 55
2381 4 1 56
2382 4 1 57
2383 4 1 58
2384 4 1 59
2385 4 1 60
2386 4 1 61
2387 4 1 62
2388 4 1 63
2389 4 1 64
2390 4 1 65
2391 4 1 66
2392 4 1 67
2393 4 1 68
2394 4 1 69
2395 4 1 70
2396 4 1 71
2397 4 1 72
2398 4 1 73
2399 4 1 74
2400 4 1 75
2401 4 1 76
2402 4 1 77
2403 4 1 78
2404 4 1 79
2405 4 1 80
2406 4 1 81
2407 4 1 82
2408 4 1 83
2409 4 1 84
2410 4 1 85
2411 4 1 86
2412 4 1 87
2413 4 1 88
2414 4 1 89
2415 4 1 90
2416 5 1 55
2417 5 1 56
2418 6 255 56
2419 5 1 57
2420 7 4 57
2421 5 1 58
2422 5 1 59
2423 5 1 60
2424 5 1 61
2425 5 1 62
2426 5 1 63
2427 5 1 64
2428 5 1 65
2429 5 1 66
2430 5 1 67
2431 5 1 68
2432 5 1 69
2433 5 1 70
2434 5 1 71
2435 5 1 72
2436 5 1 73
2437 5 1 74
2438 5 1 75
2439 5 1 76
2440 5 1 77
2441 5 1 78
2442 5 1 79
2443 5 1 80
2444 5 1 81
2445 5 1 82
2446 5 1 83
2447 5 1 84
2448 5 1 85
2449 5 1 86
2450 5 1 87
2451 5 1 88
2452 5 1 89
2453 5 1 90
2454 6 1 57
2455 6 1 58
2456 7 255 58
2457 6 1 59
2458 8 4 59
2459 6 1 60
2460 9 249 60
2461 6 1 61
2462 6 1 62
2463 6 1 63
2464 6 1 64
2465 6 1 65
2466 6 1 66
2467 6 1 67
2468 6 1 68
2469 6 1 69
2470 6 1 70
2471 6 1 71
2472 6 1 72
2473 6 1 73
2474 6 1 74
2475 6 1 75
2476 6 1 76
2477 6 1 77
2478 6 1 78
2479 6 1 79
2480 6 1 80
2481 6 1 81
2482 6 1 82
2483 6 1 83
2484 6 1 84
2485 6 1 85
2486 6 1 86
2487 6 1 87
2488 6 1 88
2489 6 1 89
2490 6 1 90
2491 7 1 59
2492 7 1 60
2493 8 255 60
2494 7 1 61
2495 9 4 61
2496 7 1 62
2497 10 249 62
2498 7 1 63
2499 11 16 63
2500 7 1 64
2501 7 1 65
2502 7 1 66
2503 7 1 67
2504 7 1 68
2505 7 1 69
2506 7 1 70
2507 7 1 71
2508 7 1 72
2509 7 1 73
2510 7 1 74
2511 7 1 75
2512 7 1 76
2513 7 1 77
2514 7 1 78
2515 7 1 79
2516 7 1 80
2517 7 1 81
2518 7 1 82
2519 7 1 83
2520 7 1 84
2521 7 1 85
2522 7 1 86
2523 7 1 87
2524 7 1 88
2525 7 1 89
2526 7 1 90
2527 8 1 61
2528 8 1 62
2529 9 255 62
2530 8 1 63
2531 10 4 63
2532 8 1 64
2533 11 249 64
2534 8 1 65
2535 12 16 65
2536 8 1 66
2537 13 225 66
2538 8 1 67
2539 8 1 68
2540 8 1 69
2541 8 1 70
2542 8 1 71
2543 8 1 72
2544 8 1 73
2545 8 1 74
2546 8 1 75
2547 8 1 76
2548 8 1 77
2549 8 1 78
2550 8 1 79
2551 8 1 80
2552 8 1 81
2553 8 1 82
2554 8 1 83
2555 8 1 84
2556 8 1 85
2557 8 1 86
2558 8 1 87
2559 8 1 88
2560 8 1 89
2561 8 1 90
2562 9 1 63
2563 9 1 64
2564 10 255 64
2565 9 1 65
2566 11 4 65
2567 9 1 66
2568 12 249 66
2569 9 1 67
2570 13 16 67
2571 9 1 68
2572 14 225 68
2573 9 1 69
2574 15 64 69
2575 9 1 70
2576 9 1 71
2577 9 1 72
2578 9 1 73
2579 9 1 74
2580 9 1 75
2581 9 1 76
2582 9 1 77
2583 9 1 78
2584 9 1 79
2585 9 1 80
2586 9 1 81
2587 9 1 82
2588 9 1 83
2589 9 1 84
2590 9 1 85
2591 9 1 86
2592 9 1 87
2593 9 1 88
2594 9 1 89
2595 9 1 90
2596 10 1 65
2597 10 1 66
2598 11 255 66
2599 10 1 67
2600 12 4 67
2601 10 1 68
2602 13 249 68
2603 10 1 69
2604 14 16 69
2605 10 1 70
2606 15 225 70
2607 10 1 71
2608 16 64 71
2609 10 1 72
2610 17 129 72
2611 10 1 73
2612 10 1 74
2613 10 1 75
2614 10 1 76
2615 10 1 77
2616 10 1 78
2617 10 1 79
2618 10 1 80
2619 10 1 81
2620 10 1 82
2621 10 1 83
2622 10 1 84
2623 10 1 85
2624 10 1 86
2625 10 1 87
2626 10 1 88
2627 10 1 89
2628 10 1 90
2629 11 1 67
2630 11 1 68
2631 12 255 68
2632 11 1 69
2633 13 4 69
2634 11 1 70
2635 14 249 70
2636 11 1 71
2637 15 16 71
2638 11 1 72
2639 16 225 72
2640 11 1 73
2641 17 64 73
2642 11 1 74
2643 18 129 74
2644 11 1 75
2645 19 256 75
2646 11 1 76
2647 11 1 77
2648 11 1 78
2649 11 1 79
2650 11 1 80
2651 11 1 81
2652 11 1 82
2653 11 1 83
2654 11 1 84
2655 11 1 85
2656 11 1 86
2657 11 1 87
2658 11 1 88
2659 11 1 89
2660 11 1 90
2661 12 1 69
2662 12 1 70
2663 13 255 70
2664 12 1 71
2665 14 4 71
2666 12 1 72
2667 15 249 72
2668 12 1 73
2669 16 16 73
2670 12 1 74
2671 17 225 74
2672 12 1 75
2673 18 64 75
2674 12 1 76
2675 19 129 76
2676 12 1 77
2677 20 256 77
2678 12 1 78
2679 21 2 78
2680 12 1 79
2681 12 1 80
2682 12 1 81
2683 12 1 82
2684 12 1 83
2685 12 1 84
2686 12 1 85
2687 12 1 86
2688 12 1 87
2689 12 1 88
2690 12 1 89
2691 12 1 90
2692 13 1 71
2693 13 1 72
2694 14 255 72
2695 13 1 73
2696 15 4 73
2697 13 1 74
2698 16 249 74
2699 13 1 75
2700 17 16 75
2701 13 1 76
2702 18 225 76
2703 13 1 77
2704 19 64 77
2705 13 1 78
2706 20 129 78
2707 13 1 79
2708 21 256 79
2709 13 1 80
2710 22 2 80
2711 13 1 81
2712 23 253 81
2713 13 1 82
2714 13 1 83
2715 13 1 84
2716 13 1 85
2717 13 1 86
2718 13 1 87
2719 13 1 88
2720 13 1 89
2721 13 1 90
2722 14 1 73
2723 14 1 74
2724 15 255 74
2725 14 1 75
2726 16 4 75
2727 14 1 76
2728 17 249 76
2729 14 1 77
2730 18 16 77
2731 14 1 78
2732 19 225 78
2733 14 1 79
2734 20 64 79
2735 14 1 80
2736 21 129 80
2737 14 1 81
2738 22 256 81
2739 14 1 82
2740 23 2 82
2741 14 1 83
2742 24 253 83
2743 14 1 84
2744 25 8 84
2745 14 1 85
2746 14 1 86
2747 14 1 87
2748 14 1 88
2749 14 1 89
2750 14 1 90
2751 15 1 75
2752 15 1 76
2753 16 255 76
2754 15 1 77
2755 17 4 77
2756 15 1 78
2757 18 249 78
2758 15 1 79
2759 19 16 79
2760 15 1 80
2761 20 225 80
2762 15 1 81
2763 21 64 81
2764 15 1 82
2765 22 129 82
2766 15 1 83
2767 23 256 83
2768 15 1 84
2769 24 2 84
2770 15 1 85
2771 25 253 85
2772 15 1 86
2773 26 8 86
2774 15 1 87
2775 27 241 87
2776 15 1 88
2777 15 1 89
2778 15 1 90
2779 16 1 77
2780 16 1 78
2781 17 255 78
2782 16 1 79
2783 18 4 79
2784 16 1 80
2785 19 249 80
2786 16 1 81
2787 20 16 81
2788 16 1 82
2789 21 225 82
2790 16 1 83
2791 22 64 83
2792 16 1 84
2793 23 129 84
2794 16 1 85
2795 24 256 85
2796 16 1 86
2797 25 2 86
2798 16 1 87
2799 26 253 87
2800 16 1 88
2801 27 8 88
2802 16 1 89
2803 28 241 89
2804 16 1 90
2805 29 32 90
2806 17 1 79
2807 17 1 80
2808 18 255 80
2809 17 1 81
2810 19 4 81
2811 17 1 82
2812 20 249 82
2813 17 1 83
2814 21 16 83
2815 17 1 84
2816 22 225 84
2817 17 1 85
2818 23 64 85
2819 17 1 86
2820 24 129 86
2821 17 1 87
2822 25 256 87
2823 17 1 88
2824 26 2 88
2825 17 1 89
2826 27 253 89
2827 17 1 90
2828 28 8 90
2829 15 148 91
2830 16 135 91
2831 17 1 91
2832 18 1 81
2833 18 1 82
2834 19 255 82
2835 18 1 83
2836 20 4 83
2837 18 1 84
2838 21 249 84
2839 18 1 85
2840 22 16 85
2841 18 1 86
2842 23 225 86
2843 18 1 87
2844 24 64 87
2845 18 1 88
2846 25 129 88
2847 18 1 89
2848 26 256 89
2849 18 1 90
2850 27 2 90
2851 13 175 91
2852 14 175 91
2853 18 1 91
2854 29 123 91
2855 17 3 92
2856 18 1 92
2857 19 1 83
2858 19 1 84
2859 20 255 84
2860 19 1 85
2861 21 4 85
2862 19 1 86
2863 22 249 86
2864 19 1 87
2865 23 16 87
2866 19 1 88
2867 24 225 88
2868 19 1 89
2869 25 64 89
2870 19 1 90
2871 26 129 90
2872 11 247 91
2873 12 237 91
2874 19 1 91
2875 28 5 91
2876 15 25 92
2877 16 25 92
2878 19 1 92
2879 30 157 92
2880 19 1 93
2881 20 1 85
2882 20 1 86
2883 21 255 86
2884 20 1 87
2885 22 4 87
2886 20 1 88
2887 23 249 88
2888 20 1 89
2889 24 16 89
2890 20 1 90
2891 25 225 90
2892 9 225 91
2893 10 54 91
2894 20 1 91
2895 27 58 91
2896 13 170 92
2897 14 83 92
2898 20 1 92
2899 29 14 92
2900 17 67 93
2901 18 67 93
2902 20 1 93
2903 31 85 93
2904 21 1 87
2905 21 1 88
2906 22 255 88
2907 21 1 89
2908 23 4 89
2909 21 1 90
2910 24 249 90
2911 7 150 91
2912 8 22 91
2913 21 1 91
2914 26 126 91
2915 11 253 92
2916 12 71 92
2917 21 1 92
2918 28 173 92
2919 15 122 93
2920 16 244 93
2921 21 1 93
2922 30 174 93
2923 19 162 94
2924 20 162 94
2925 21 1 94
2926 22 1 89
2927 22 1 90
2928 23 255 90
2929 5 9 91
2930 6 153 91
2931 22 1 91
2932 25 196 91
2933 9 63 92
2934 10 184 92
2935 22 1 92
2936 27 230 92
2937 13 136 93
2938 14 156 93
2939 22 1 93
2940 29 89 93
2941 17 254 94
2942 18 251 94
2943 22 1 94
2944 31 182 94
2945 21 1 95
2946 22 1 95
2947 4 225 91
2948 23 1 91
2949 24 55 91
2950 7 1 92
2951 8 17 92
2952 23 1 92
2953 26 238 92
2954 11 80 93
2955 12 46 93
2956 23 1 93
2957 28 88 93
2958 15 95 94
2959 16 177 94
2960 23 1 94
2961 30 150 94
2962 19 255 95
2963 20 253 95
2964 23 1 95
2965 32 230 95
2966 23 1 96
2967 6 186 92
2968 24 1 92
2969 25 28 92
2970 9 227 93
2971 10 4 93
2972 24 1 93
2973 27 115 93
2974 13 32 94
2975 14 224 94
2976 24 1 94
2977 29 194 94
2978 17 98 95
2979 18 188 95
2980 24 1 95
2981 31 103 95
2982 21 115 96
2983 22 230 96
2984 24 1 96
2985 33 244 96
2986 8 127 93
2987 25 1 93
2988 26 94 93
2989 11 53 94
2990 12 130 94
2991 25 1 94
2992 28 208 94
2993 15 55 95
2994 16 128 95
2995 25 1 95
2996 30 251 95
2997 19 253 96
2998 20 71 96
2999 25 1 96
3000 32 219 96
3001 23 138 97
3002 24 19 97
3003 25 1 97
3004 10 196 94
3005 26 1 94
3006 27 66 94
3007 13 251 95
3008 14 155 95
3009 26 1 95
3010 29 218 95
3011 17 240 96
3012 18 138 96
3013 26 1 96
3014 31 210 96
3015 21 19 97
3016 22 241 97
3017 26 1 97
3018 33 216 97
3019 25 129 98
3020 26 1 98
3021 12 98 95
3022 27 1 95
3023 28 34 95
3024 15 216 96
3025 16 74 96
3026 27 1 96
3027 30 232 96
3028 19 240 97
3029 20 138 97
3030 27 1 97
3031 32 128 97
3032 23 78 98
3033 24 29 98
3034 27 1 98
3035 34 201 98
3036 27 1 99
3037 14 151 96
3038 28 1 96
3039 29 175 96
3040 17 61 97
3041 18 9 97
3042 28 1 97
3043 31 138 97
3044 21 212 98
3045 22 199 98
3046 28 1 98
3047 33 256 98
3048 25 53 99
3049 26 23 99
3050 28 1 99
3051 35 66 99
3052 16 56 97
3053 29 1 97
3054 30 211 97
3055 19 114 98
3056 20 139 98
3057 29 1 98
3058 32 254 98
3059 23 185 99
3060 24 10 99
3061 29 1 99
3062 34 62 99
3063 27 55 100
3064 28 116 100
3065 29 1 100
3066 18 1 98
3067 30 1 98
3068 31 90 98
3069 21 49 99
3070 22 62 99
3071 30 1 99
3072 33 216 99
3073 25 113 100
3074 26 20 100
3075 30 1 100
3076 35 251 100
3077 29 47 101
3078 30 1 101
3079 20 87 99
3080 31 1 99
3081 32 99 99
3082 23 191 100
3083 24 163 100
3084 31 1 100
3085 34 67 100
3086 27 154 101
3087 28 50 101
3088 31 1 101
3089 36 236 101
3090 31 1 102
3091 22 119 100
3092 32 1 100
3093 33 110 100
3094 25 196 101
3095 26 248 101
3096 32 1 101
3097 35 210 101
3098 29 227 102
3099 30 47 102
3100 32 1 102
3101 37 131 102
3102 24 238 101
3103 33 1 101
3104 34 188 101
3105 27 25 102
3106 28 168 102
3107 33 1 102
3108 36 239 102
3109 31 137 103
3110 32 188 103
3111 33 1 103
3112 26 182 102
3113 34 1 102
3114 35 68 102
3115 29 49 103
3116 30 62 103
3117 34 1 103
3118 37 221 103
3119 33 147 104
3120 34 1 104
3121 28 32 103
3122 35 1 103
3123 36 165 103
3124 31 41 104
3125 32 183 104
3126 35 1 104
3127 38 167 104
3128 35 1 105
3129 30 229 104
3130 36 1 104
3131 37 198 104
3132 33 24 105
3133 34 151 105
3134 36 1 105
3135 39 154 105
3136 32 212 105
3137 37 1 105
3138 38 119 105
3139 35 180 106
3140 36 233 106
3141 37 1 106
3142 34 244 106
3143 38 1 106
3144 39 73 106
3145 37 121 107
3146 38 1 107
3147 36 153 107
3148 39 1 107
3149 40 238 107
3150 39 1 108
3151 38 192 108
3152 40 1 108
3153 41 219 108
3154 40 115 109
3155 41 1 109
3156 42 1 110
3157 43 110 111
3158 42 208 111
3159 41 155 110
3160 40 223 110
3161 39 160 109
3162 38 139 109
3163 37 132 108
3164 36 44 108
3165 35 186 107
3166 34 62 107
3167 33 192 106
3168 32 64 106
3169 31 107 105
3170 30 207 105
3171 29 69 104
3172 28 23 104
3173 27 179 103
3174 26 231 103
3175 25 77 102
3176 24 197 102
3177 23 237 101
3178 22 79 101
3179 21 112 100
3180 20 123 100
3181 19 41 99
3182 18 185 99
3183 17 233 98
3184 16 249 98
3185 15 83 97
3186 14 199 97
3187 13 152 96
3188 12 222 96
3189 11 74 95
3190 44 110 113
3191 43 208 112
3192 42 155 112
3193 41 223 111
3194 40 160 111
3195 39 139 110
3196 38 132 110
3197 37 44 109
3198 36 186 109
3199 35 62 108
3200 34 192 108
3201 33 64 107
3202 32 107 107
3203 31 207 106
3204 30 69 106
3205 29 23 105
3206 28 179 105
3207 27 231 104
3208 26 77 104
3209 25 197 103
3210 24 237 103
3211 23 79 102
3212 22 112 102
3213 21 123 101
3214 20 41 101
3215 19 185 100
3216 18 233 100
3217 17 249 99
3218 16 83 99
3219 15 199 98
3220 14 152 98
3221 13 222 97
3222 45 110 114
3223 44 208 114
3224 43 155 113
3225 42 223 113
3226 41 160 112
3227 40 139 112
3228 39 132 111
3229 38 44 111
3230 37 186 110
3231 36 62 110
3232 35 192 109
3233 34 64 109
3234 33 107 108
3235 32 207 108
3236 31 69 107
3237 30 23 107
3238 29 179 106
3239 28 231 106
3240 27 77 105
3241 26 197 105
3242 25 237 104
3243 24 79 104
3244 23 112 103
3245 22 123 103
3246 21 41 102
3247 20 185 102
3248 19 233 101
3249 18 249 101
3250 17 83 100
3251 16 199 100
3252 15 152 99
3253 46 110 116
3254 45 208 115
3255 44 155 115
3256 43 223 114
3257 42 160 114
3258 41 139 113
3259 40 132 113
3260 39 44 112
3261 38 186 112
3262 37 62 111
3263 36 192 111
3264 35 64 110
3265 34 107 110
3266 33 207 109
3267 32 69 109
3268 31 23 108
3269 30 179 108
3270 29 231 107
3271 28 77 107
3272 27 197 106
3273 26 237 106
3274 25 79 105
3275 24 112 105
3276 23 123 104
3277 22 41 104
3278 21 185 103
3279 20 233 103
3280 19 249 102
3281 18 83 102
3282 17 199 101
3283 47 110 117
3284 46 208 117
3285 45 155 116
3286 44 223 116
3287 43 160 115
3288 42 139 115
3289 41 132 114
3290 40 44 114
3291 39 186 113
3292 38 62 113
3293 37 192 112
3294 36 64 112
3295 35 107 111
3296 34 207 111
3297 33 69 110
3298 32 23 110
3299 31 179 109
3300 30 231 109
3301 29 77 108
3302 28 197 108
3303 27 237 107
3304 26 79 107
3305 25 112 106
3306 24 123 106
3307 23 41 105
3308 22 185 105
3309 21 233 104
3310 20 249 104
3311 19 83 103
3312 48 110 119
3313 47 208 118
3314 46 155 118
3315 45 223 117
3316 44 160 117
3317 43 139 116
3318 42 132 116
3319 41 44 115
3320 40 186 115
3321 39 62 114
3322 38 192 114
3323 37 64 113
3324 36 107 113
3325 35 207 112
3326 34 69 112
3327 33 23 111
3328 32 179 111
3329 31 231 110
3330 30 77 110
3331 29 197 109
3332 28 237 109
3333 27 79 108
3334 26 112 108
3335 25 123 107
3336 24 41 107
3337 23 185 106
3338 22 233 106
3339 21 249 105
3340 49 110 120
3341 48 208 120
3342 47 155 119
3343 46 223 119
3344 45 160 118
3345 44 139 118
3346 43 132 117
3347 42 44 117
3348 41 186 116
3349 40 62 116
3350 39 192 115
3351 38 64 115
3352 37 107 114
3353 36 207 114
3354 35 69 113
3355 34 23 113
3356 33 179 112
3357 32 231 112
3358 31 77 111
3359 30 197 111
3360 29 237 110
3361 28 79 110
3362 27 112 109
3363 26 123 109
3364 25 41 108
3365 24 185 108
3366 23 233 107
3367 50 110 122
3368 49 208 121
3369 48 155 121
3370 47 223 120
3371 46 160 120
3372 45 139 119
3373 44 132 119
3374 43 44 118
3375 42 186 118
3376 41 62 117
3377 40 192 117
3378 39 64 116
3379 38 107 116
3380 37 207 115
3381 36 69 115
3382 35 23 114
3383 34 179 114
3384 33 231 113
3385 32 77 113
3386 31 197 112
3387 30 237 112
3388 29 79 111
3389 28 112 111
3390 27 123 110
3391 26 41 110
3392 25 185 109
3393 51 110 123
3394 50 208 123
3395 49 155 122
3396 48 223 122
3397 47 160 121
3398 46 139 121
3399 45 132 120
3400 44 44 120
3401 43 186 119
3402 42 62 119
3403 41 192 118
3404 40 64 118
3405 39 107 117
3406 38 207 117
3407 37 69 116
3408 36 23 116
3409 35 179 115
3410 34 231 115
3411 33 77 114
3412 32 197 114
3413 31 237 113
3414 30 79 113
3415 29 112 112
3416 28 123 112
3417 27 41 111
3418 52 110 125
3419 51 208 124
3420 50 155 124
3421 49 223 123
3422 48 160 123
3423 47 139 122
3424 46 132 122
3425 45 44 121
3426 44 186 121
3427 43 62 120
3428 42 192 120
3429 41 64 119
3430 40 107 119
3431 39 207 118
3432 38 69 118
3433 37 23 117
3434 36 179 117
3435 35 231 116
3436 34 77 116
3437 33 197 115
3438 32 237 115
3439 31 79 114
3440 30 112 114
3441 29 123 113
3442 53 110 126
3443 52 208 126
3444 51 155 125
3445 50 223 125
3446 49 160 124
3447 48 139 124
3448 47 132 123
3449 46 44 123
3450 45 186 122
3451 44 62 122
3452 43 192 121
3453 42 64 121
3454 41 107 120
3455 40 207 120
3456 39 69 119
3457 38 23 119
3458 37 179 118
3459 36 231 118
3460 35 77 117
3461 34 197 117
3462 33 237 116
3463 32 79 116
3464 31 112 115
3465 54 110 128
3466 53 208 127
3467 52 155 127
3468 51 223 126
3469 50 160 126
3470 49 139 125
3471 48 132 125
3472 47 44 124
3473 46 186 124
3474 45 62 123
3475 44 192 123
3476 43 64 122
3477 42 107 122
3478 41 207 121
3479 40 69 121
3480 39 23 120
3481 38 179 120
3482 37 231 119
3483 36 77 119
3484 35 197 118
3485 34 237 118
3486 33 79 117
3487 55 110 129
3488 54 208 129
3489 53 155 128
3490 52 223 128
3491 51 160 127
3492 50 139 127
3493 49 132 126
3494 48 44 126
3495 47 186 125
3496 46 62 125
3497 45 192 124
3498 44 64 124
3499 43 107 123
3500 42 207 123
3501 41 69 122
3502 40 23 122
3503 39 179 121
3504 38 231 121
3505 37 77 120
3506 36 197 120
3507 35 237 119
3508 56 110 131
3509 55 208 130
3510 54 155 130
3511 53 223 129
3512 52 160 129
3513 51 139 128
3514 50 132 128
3515 49 44 127
3516 48 186 127
3517 47 62 126
3518 46 192 126
3519 45 64 125
3520 44 107 125
3521 43 207 124
3522 42 69 124
3523 41 23 123
3524 40 179 123
3525 39 231 122
3526 38 77 122
3527 37 197 121
3528 57 110 132
3529 56 208 132
3530 55 155 131
3531 54 223 131
3532 53 160 130
3533 52 139 130
3534 51 132 129
3535 50 44 129
3536 49 186 128
3537 48 62 128
3538 47 192 127
3539 46 64 127
3540 45 107 126
3541 44 207 126
3542 43 69 125
3543 42 23 125
3544 41 179 124
3545 40 231 124
3546 39 77 123
3547 58 110 134
3548 57 208 133
3549 56 155 133
3550 55 223 132
3551 54 160 132
3552 53 139 131
3553 52 132 131
3554 51 44 130
3555 50 186 130
3556 49 62 129
3557 48 192 129
3558 47 64 128
3559 46 107 128
3560 45 207 127
3561 44 69 127
3562 43 23 126
3563 42 179 126
3564 41 231 125
3565 59 110 135
3566 58 208 135
3567 57 155 134
3568 56 223 134
3569 55 160 133
3570 54 139 133
3571 53 132 132
3572 52 44 132
3573 51 186 131
3574 50 62 131
3575 49 192 130
3576 48 64 130
3577 47 107 129
3578 46 207 129
3579 45 69 128
3580 44 23 128
3581 43 179 127
3582 60 110 137
3583 59 208 136
3584 58 155 136
3585 57 223 135
3586 56 160 135
3587 55 139 134
3588 54 132 134
3589 53 44 133
3590 52 186 133
3591 51 62 132
3592 50 192 132
3593 49 64 131
3594 48 107 131
3595 47 207 130
3596 46 69 130
3597 45 23 129
3598 61 110 138
3599 60 208 138
3600 59 155 137
3601 58 223 137
3602 57 160 136
3603 56 139 136
3604 55 132 135
3605 54 44 135
3606 53 186 134
3607 52 62 134
3608 51 192 133
3609 50 64 133
3610 49 107 132
3611 48 207 132
3612 47 69 131
3613 62 110 140
3614 61 208 139
3615 60 155 139
3616 59 223 138
3617 58 160 138
3618 57 139 137
3619 56 132 137
3620 55 44 136
3621 54 186 136
3622 53 62 135
3623 52 192 135
3624 51 64 134
3625 50 107 134
3626 49 207 133
3627 63 110 141
3628 62 208 141
3629 61 155 140
3630 60 223 140
3631 59 160 139
3632 58 139 139
3633 57 132 138
3634 56 44 138
3635 55 186 137
3636 54 62 137
3637 53 192 136
3638 52 64 136
3639 51 107 135
3640 64 110 143
3641 63 208 142
3642 62 155 142
3643 61 223 141
3644 60 160 141
3645 59 139 140
3646 58 132 140
3647 57 44 139
3648 56 186 139
3649 55 62 138
3650 54 192 138
3651 53 64 137
3652 65 110 144
3653 64 208 144
3654 63 155 143
3655 62 223 143
3656 61 160 142
3657 60 139 142
3658 59 132 141
3659 58 44 141
3660 57 186 140
3661 56 62 140
3662 55 192 139
3663 66 110 146
3664 65 208 145
3665 64 155 145
3666 63 223 144
3667 62 160 144
3668 61 139 143
3669 60 132 143
3670 59 44 142
3671 58 186 142
3672 57 62 141
3673 67 110 147
3674 66 208 147
3675 65 155 146
3676 64 223 146
3677 63 160 145
3678 62 139 145
3679 61 132 144
3680 60 44 144
3681 59 186 143
3682 68 110 149
3683 67 208 148
3684 66 155 148
3685 65 223 147
3686 64 160 147
3687 63 139 146
3688 62 132 146
3689 61 44 145
3690 69 110 150
3691 68 208 150
3692 67 155 149
3693 66 223 149
3694 65 160 148
3695 64 139 148
3696 63 132 147
3697 70 110 152
3698 69 208 151
3699 68 155 151
3700 67 223 150
3701 66 160 150
3702 65 139 149
3703 71 110 153
3704 70 208 153
3705 69 155 152
3706 68 223 152
3707 67 160 151
3708 72 110 155
3709 71 208 154
3710 70 155 154
3711 69 223 153
3712 73 110 156
3713 72 208 156
3714 71 155 155
3715 74 110 158
3716 73 208 157
3717 75 110 159
3718 76 64 161
3719 74 16 159
3720 72 4 157
3721 70 1 155
3722 68 193 153
3723 66 241 151
3724 64 253 149
3725 62 256 147
3726 60 64 145
3727 58 16 143
3728 56 4 141
3729 54 1 139
3730 52 193 137
3731 50 241 135
3732 48 253 133
3733 46 256 131
3734 44 64 129
3735 42 16 127
3736 40 4 125
3737 38 1 123
3738 36 193 121
3739 34 241 119
3740 32 253 117
3741 30 256 115
3742 28 64 113
3743 26 16 111
3744 24 4 109
3745 22 1 107
3746 20 193 105
3747 18 241 103
3748 16 253 101
3749 14 256 99
3750 77 64 162
3751 75 16 160
3752 73 4 158
3753 71 1 156
3754 69 193 154
3755 67 241 152
3756 65 253 150
3757 63 256 148
3758 61 64 146
3759 59 16 144
3760 57 4 142
3761 55 1 140
3762 53 193 138
3763 51 241 136
3764 49 253 134
3765 47 256 132
3766 45 64 130
3767 43 16 128
3768 41 4 126
3769 39 1 124
3770 37 193 122
3771 35 241 120
3772 33 253 118
3773 31 256 116
3774 29 64 114
3775 27 16 112
3776 25 4 110
3777 23 1 108
3778 21 193 106
3779 19 241 104
3780 78 64 164
3781 76 16 162
3782 74 4 160
3783 72 1 158
3784 70 193 156
3785 68 241 154
3786 66 253 152
3787 64 256 150
3788 62 64 148
3789 60 16 146
3790 58 4 144
3791 56 1 142
3792 54 193 140
3793 52 241 138
3794 50 253 136
3795 48 256 134
3796 46 64 132
3797 44 16 130
3798 42 4 128
3799 40 1 126
3800 38 193 124
3801 36 241 122
3802 34 253 120
3803 32 256 118
3804 30 64 116
3805 28 16 114
3806 26 4 112
3807 24 1 110
3808 79 64 165
3809 77 16 163
3810 75 4 161
3811 73 1 159
3812 71 193 157
3813 69 241 155
3814 67 253 153
3815 65 256 151
3816 63 64 149
3817 61 16 147
3818 59 4 145
3819 57 1 143
3820 55 193 141
3821 53 241 139
3822 51 253 137
3823 49 256 135
3824 47 64 133
3825 45 16 131
3826 43 4 129
3827 41 1 127
3828 39 193 125
3829 37 241 123
3830 35 253 121
3831 33 256 119
3832 31 64 117
3833 29 16 115
3834 80 64 167
3835 78 16 165
3836 76 4 163
3837 74 1 161
3838 72 193 159
3839 70 241 157
3840 68 253 155
3841 66 256 153
3842 64 64 151
3843 62 16 149
3844 60 4 147
3845 58 1 145
3846 56 193 143
3847 54 241 141
3848 52 253 139
3849 50 256 137
3850 48 64 135
3851 46 16 133
3852 44 4 131
3853 42 1 129
3854 40 193 127
3855 38 241 125
3856 36 253 123
3857 34 256 121
3858 81 64 168
3859 79 16 166
3860 77 4 164
3861 75 1 162
3862 73 193 160
3863 71 241 158
3864 69 253 156
3865 67 256 154
3866 65 64 152
3867 63 16 150
3868 61 4 148
3869 59 1 146
3870 57 193 144
3871 55 241 142
3872 53 253 140
3873 51 256 138
3874 49 64 136
3875 47 16 134
3876 45 4 132
3877 43 1 130
3878 41 193 128
3879 39 241 126
3880 82 64 170
3881 80 16 168
3882 78 4 166
3883 76 1 164
3884 74 193 162
3885 72 241 160
3886 70 253 158
3887 68 256 156
3888 66 64 154
3889 64 16 152
3890 62 4 150
3891 60 1 148
3892 58 193 146
3893 56 241 144
3894 54 253 142
3895 52 256 140
3896 50 64 138
3897 48 16 136
3898 46 4 134
3899 44 1 132
3900 83 64 171
3901 81 16 169
3902 79 4 167
3903 77 1 165
3904 75 193 163
3905 73 241 161
3906 71 253 159
3907 69 256 157
3908 67 64 155
3909 65 16 153
3910 63 4 151
3911 61 1 149
3912 59 193 147
3913 57 241 145
3914 55 253 143
3915 53 256 141
3916 51 64 139
3917 49 16 137
3918 84 64 173
3919 82 16 171
3920 80 4 169
3921 78 1 167
3922 76 193 165
3923 74 241 163
3924 72 253 161
3925 70 256 159
3926 68 64 157
3927 66 16 155
3928 64 4 153
3929 62 1 151
3930 60 193 149
3931 58 241 147
3932 56 253 145
3933 54 256 143
3934 85 64 174
3935 83 16 172
3936 81 4 170
3937 79 1 168
3938 77 193 166
3939 75 241 164
3940 73 253 162
3941 71 256 160
3942 69 64 158
3943 67 16 156
3944 65 4 154
3945 63 1 152
3946 61 193 150
3947 59 241 148
3948 86 64 176
3949 84 16 174
3950 82 4 172
3951 80 1 170
3952 78 193 168
3953 76 241 166
3954 74 253 164
3955 72 256 162
3956 70 64 160
3957 68 16 158
3958 66 4 156
3959 64 1 154
3960 87 64 177
3961 85 16 175
3962 83 4 173
3963 81 1 171
3964 79 193 169
3965 77 241 167
3966 75 253 165
3967 73 256 163
3968 71 64 161
3969 69 16 159
3970 88 64 179
3971 86 16 177
3972 84 4 175
3973 82 1 173
3974 80 193 171
3975 78 241 169
3976 76 253 167
3977 74 256 165
3978 89 64 180
3979 87 16 178
3980 85 4 176
3981 83 1 174
3982 81 193 172
3983 79 241 170
3984 90 64 182
3985 88 16 180
3986 86 4 178
3987 84 1 176
3988 91 64 183
3989 89 16 181
3990 0 1 91
3991 0 1 92
3992 0 1 93
3993 0 1 94
3994 0 1 95
3995 0 1 96
3996 0 1 97
3997 0 1 98
3998 0 1 99
3999 0 1 100
4000 0 1 101
4001 0 1 102
4002 0 1 103
4003 0 1 104
4004 0 1 105
4005 0 1 106
4006 0 1 107
4007 0 1 108
4008 0 1 109
4009 0 1 110
4010 0 1 111
4011 0 1 112
4012 0 1 113
4013 0 1 114
4014 0 1 115
4015 0 1 116
4016 0 1 117
4017 0 1 118
4018 0 1 119
4019 0 1 120
4020 0 1 121
4021 1 129 91
4022 1 129 92
4023 1 129 93
4024 1 129 94
4025 1 129 95
4026 1 129 96
4027 1 129 97
4028 1 129 98
4029 1 129 99
4030 1 129 100
4031 1 129 101
4032 1 129 102
4033 1 129 103
4034 1 129 104
4035 1 129 105
4036 1 129 106
4037 1 129 107
4038 1 129 108
4039 1 129 109
4040 1 129 110
4041 1 129 111
4042 1 129 112
4043 1 129 113
4044 1 129 114
4045 1 129 115
4046 1 129 116
4047 1 129 117
4048 1 129 118
4049 1 129 119
4050 1 129 120
4051 2 193 91
4052 2 193 92
4053 2 193 93
4054 2 193 94
4055 2 193 95
4056 2 193 96
4057 2 193 97
4058 2 193 98
4059 2 193 99
4060 2 193 100
4061 2 193 101
4062 2 193 102
4063 2 193 103
4064 2 193 104
4065 2 193 105
4066 2 193 106
4067 2 193 107
4068 2 193 108
4069 2 193 109
4070 2 193 110
4071 2 193 111
4072 2 193 112
4073 2 193 113
4074 2 193 114
4075 2 193 115
4076 2 193 116
4077 2 193 117
4078 2 193 118
4079 2 193 119
4080 3 225 91
4081 3 225 92
4082 3 225 93
4083 3 225 94
4084 3 225 95
4085 3 225 96
4086 3 225 97
4087 3 225 98
4088 3 225 99
4089 3 225 100
4090 3 225 101
4091 3 225 102
4092 3 225 103
4093 3 225 104
4094 3 225 105
4095 3 225 106
4096 3 225 107
4097 3 225 108
4098 3 225 109
4099 3 225 110
4100 3 225 111
4101 3 225 112
4102 3 225 113
4103 3 225 114
4104 3 225 115
4105 3 225 116
4106 3 225 117
4107 3 225 118
4108 4 225 92
4109 5 16 92
4110 4 241 93
4111 4 241 94
4112 4 241 95
4113 4 241 96
4114 4 241 97
4115 4 241 98
4116 4 241 99
4117 4 241 100
4118 4 241 101
4119 4 241 102
4120 4 241 103
4121 4 241 104
4122 4 241 105
4123 4 241 106
4124 4 241 107
4125 4 241 108
4126 4 241 109
4127 4 241 110
4128 4 241 111
4129 4 241 112
4130 4 241 113
4131 4 241 114
4132 4 241 115
4133 4 241 116
4134 4 241 117
4135 5 225 93
4136 6 16 93
4137 7 249 93
4138 5 249 94
4139 5 249 95
4140 5 249 96
4141 5 249 97
4142 5 249 98
4143 5 249 99
4144 5 249 100
4145 5 249 101
4146 5 249 102
4147 5 249 103
4148 5 249 104
4149 5 249 105
4150 5 249 106
4151 5 249 107
4152 5 249 108
4153 5 249 109
4154 5 249 110
4155 5 249 111
4156 5 249 112
4157 5 249 113
4158 5 249 114
4159 5 249 115
4160 5 249 116
4161 6 225 94
4162 7 16 94
4163 8 249 94
4164 9 4 94
4165 6 253 95
4166 6 253 96
4167 6 253 97
4168 6 253 98
4169 6 253 99
4170 6 253 100
4171 6 253 101
4172 6 253 102
4173 6 253 103
4174 6 253 104
4175 6 253 105
4176 6 253 106
4177 6 253 107
4178 6 253 108
4179 6 253 109
4180 6 253 110
4181 6 253 111
4182 6 253 112
4183 6 253 113
4184 6 253 114
4185 6 253 115
4186 7 225 95
4187 8 16 95
4188 9 249 95
4189 10 4 95
4190 7 253 96
4191 11 256 96
4192 7 255 97
4193 7 255 98
4194 7 255 99
4195 7 255 100
4196 7 255 101
4197 7 255 102
4198 7 255 103
4199 7 255 104
4200 7 255 105
4201 7 255 106
4202 7 255 107
4203 7 255 108
4204 7 255 109
4205 7 255 110
4206 7 255 111
4207 7 255 112
4208 7 255 113
4209 7 255 114
4210 8 225 96
4211 9 16 96
4212 10 249 96
4213 8 249 97
4214 11 2 97
4215 12 256 97
4216 8 255 98
4217 13 193 98
4218 8 256 99
4219 8 256 100
4220 8 256 101
4221 8 256 102
4222 8 256 103
4223 8 256 104
4224 8 256 105
4225 8 256 106
4226 8 256 107
4227 8 256 108
4228 8 256 109
4229 8 256 110
4230 8 256 111
4231 8 256 112
4232 8 256 113
4233 9 225 97
4234 10 16 97
4235 9 241 98
4236 11 253 98
4237 12 2 98
4238 9 253 99
4239 13 128 99
4240 9 255 100
4241 14 225 100
4242 15 16 100
4243 9 128 101
4244 9 128 102
4245 9 128 103
4246 9 128 104
4247 9 128 105
4248 9 128 106
4249 9 128 107
4250 9 128 108
4251 9 128 109
4252 9 128 110
4253 9 128 111
4254 9 128 112
4255 10 225 98
4256 10 225 99
4257 11 8 99
4258 12 253 99
4259 10 249 100
4260 13 1 100
4261 10 253 101
4262 14 64 101
4263 15 225 101
4264 10 256 102
4265 16 8 102
4266 17 253 102
4267 10 64 103
4268 10 64 104
4269 10 64 105
4270 10 64 106
4271 10 64 107
4272 10 64 108
4273 10 64 109
4274 10 64 110
4275 10 64 111
4276 11 225 100
4277 12 177 100
4278 11 119 101
4279 12 238 101
4280 13 255 101
4281 11 249 102
4282 14 129 102
4283 15 64 102
4284 11 255 103
4285 16 241 103
4286 17 8 103
4287 11 128 104
4288 18 255 104
4289 11 64 105
4290 19 129 105
4291 11 32 106
4292 11 32 107
4293 11 32 108
4294 11 32 109
4295 11 32 110
4296 12 225 102
4297 13 177 102
4298 12 119 103
4299 13 238 103
4300 14 255 103
4301 15 227 103
4302 12 9 104
4303 15 15 104
4304 16 32 104
4305 17 241 104
4306 12 256 105
4307 18 4 105
4308 12 128 106
4309 19 256 106
4310 20 129 106
4311 12 32 107
4312 21 32 107
4313 12 16 108
4314 12 16 109
4315 13 225 104
4316 14 177 104
4317 13 119 105
4318 14 238 105
4319 15 255 105
4320 16 227 105
4321 17 32 105
4322 13 242 106
4323 16 2 106
4324 17 201 106
4325 18 249 106
4326 13 256 107
4327 19 2 107
4328 20 256 107
4329 13 64 108
4330 21 193 108
4331 22 32 108
4332 13 16 109
4333 14 225 106
4334 15 177 106
4335 14 119 107
4336 15 238 107
4337 16 255 107
4338 17 227 107
4339 18 32 107
4340 14 242 108
4341 17 2 108
4342 18 201 108
4343 19 249 108
4344 20 15 108
4345 14 239 109
4346 20 159 109
4347 21 128 109
4348 22 193 109
4349 23 128 109
4350 15 225 108
4351 16 177 108
4352 15 119 109
4353 16 238 109
4354 17 255 109
4355 18 227 109
4356 19 32 109
4357 12 240 110
4358 13 74 110
4359 14 194 110
4360 15 183 110
4361 18 252 110
4362 19 141 110
4363 20 110 110
4364 21 251 110
4365 22 36 110
4366 16 225 110
4367 17 177 110
4368 23 156 110
4369 11 187 111
4370 12 89 111
4371 13 24 111
4372 14 188 111
4373 15 223 111
4374 16 49 111
4375 17 67 111
4376 18 199 111
4377 19 188 111
4378 20 226 111
4379 21 218 111
4380 22 113 111
4381 23 231 111
4382 24 237 111
4383 25 176 111
4384 10 156 112
4385 11 153 112
4386 12 28 112
4387 13 150 112
4388 14 206 112
4389 15 88 112
4390 16 166 112
4391 17 10 112
4392 18 143 112
4393 19 59 112
4394 20 18 112
4395 21 19 112
4396 22 143 112
4397 23 43 112
4398 24 54 112
4399 25 229 112
4400 9 49 113
4401 10 56 113
4402 11 231 113
4403 12 26 113
4404 13 56 113
4405 14 28 113
4406 15 119 113
4407 16 112 113
4408 17 10 113
4409 18 44 113
4410 19 33 113
4411 20 136 113
4412 21 138 113
4413 22 50 113
4414 23 170 113
4415 24 17 113
4416 25 167 113
4417 26 58 113
4418 27 141 113
4419 8 140 114
4420 9 32 114
4421 10 30 114
4422 11 197 114
4423 12 69 114
4424 13 149 114
4425 14 121 114
4426 15 8 114
4427 16 90 114
4428 17 63 114
4429 18 74 114
4430 19 247 114
4431 20 197 114
4432 21 187 114
4433 22 39 114
4434 23 106 114
4435 24 252 114
4436 25 6 114
4437 26 197 114
4438 27 28 114
4439 7 239 115
4440 8 226 115
4441 9 30 115
4442 10 241 115
4443 11 232 115
4444 12 136 115
4445 13 248 115
4446 14 178 115
4447 15 120 115
4448 16 118 115
4449 17 58 115
4450 18 250 115
4451 19 247 115
4452 20 72 115
4453 21 168 115
4454 22 1 115
4455 23 59 115
4456 24 211 115
4457 25 24 115
4458 26 221 115
4459 27 208 115
4460 28 202 115
4461 6 82 116
4462 7 13 116
4463 8 238 116
4464 14 71 116
4465 16 137 116
4466 18 17 116
4467 19 247 116
4468 20 82 116
4469 21 25 116
4470 22 5 116
4471 23 237 116
4472 24 51 116
4473 25 252 116
4474 26 25 116
4475 27 224 116
4476 28 121 116
4477 29 12 116
4478 5 203 117
4479 6 102 117
4480 24 231 117
4481 26 79 117
4482 28 246 117
4483 29 140 117
4484 30 256 117
4485 4 225 118
4486 31 225 118
4487 30 241 118
4488 29 253 118
4489 28 255 118
4490 27 128 117
4491 26 64 118
4492 25 16 117
4493 24 8 118
4494 23 2 117
4495 22 1 117
4496 21 193 117
4497 20 225 117
4498 19 249 117
4499 18 253 117
4500 17 256 116
4501 16 128 117
4502 15 32 116
4503 14 16 117
4504 13 4 116
4505 12 2 116
4506 11 129 116
4507 10 193 116
4508 9 241 116
4509 8 249 117
4510 7 255 117
4511 9 199 117
4512 10 107 117
4513 11 176 117
4514 12 113 117
4515 13 168 117
4516 15 170 117
4517 17 43 117
4518 5 188 118
4519 6 41 118
4520 32 225 119
4521 31 249 119
4522 30 253 119
4523 29 256 119
4524 28 128 119
4525 27 32 118
4526 26 16 119
4527 25 4 118
4528 24 2 119
4529 23 129 118
4530 22 193 118
4531 21 241 118
4532 20 249 118
4533 19 255 118
4534 18 256 118
4535 7 195 118
4536 16 32 118
4537 8 234 118
4538 14 4 118
4539 9 46 118
4540 12 129 118
4541 11 193 118
4542 10 241 118
4543 13 111 118
4544 15 47 118
4545 17 20 118
4546 3 29 119
4547 4 14 119
4548 5 205 119
4549 6 30 119
4550 7 130 119
4551 8 31 119
4552 9 49 119
4553 33 241 120
4554 32 249 120
4555 31 255 120
4556 30 256 120
4557 29 64 120
4558 28 32 120
4559 27 8 119
4560 26 4 120
4561 25 1 119
4562 24 129 120
4563 23 225 119
4564 22 241 119
4565 21 253 119
4566 20 255 119
4567 19 128 119
4568 18 64 119
4569 10 29 119
4570 16 8 119
4571 11 137 119
4572 14 1 119
4573 12 48 119
4574 13 200 119
4575 15 242 119
4576 17 152 119
4577 2 115 120
4578 3 126 120
4579 4 193 120
4580 5 137 120
4581 6 85 120
4582 7 189 120
4583 8 229 120
4584 9 15 120
4585 34 241 122
4586 33 253 121
4587 32 255 121
4588 31 128 121
4589 30 64 121
4590 29 16 121
4591 28 8 121
4592 27 2 120
4593 26 1 121
4594 25 193 120
4595 24 225 121
4596 23 249 120
4597 22 253 120
4598 21 256 120
4599 20 128 120
4600 19 32 120
4601 18 16 120
4602 10 230 120
4603 16 2 120
4604 11 207 120
4605 14 193 120
4606 12 220 120
4607 13 213 120
4608 15 70 120
4609 17 17 120
4610 1 208 121
4611 2 217 121
4612 3 216 121
4613 4 170 121
4614 5 126 121
4615 6 170 121
4616 35 249 122
4617 34 253 123
4618 33 256 122
4619 32 128 122
4620 31 32 122
4621 30 16 122
4622 29 4 122
4623 28 2 122
4624 27 129 121
4625 26 193 122
4626 25 241 121
4627 24 249 122
4628 23 255 121
4629 22 256 121
4630 21 64 121
4631 20 32 121
4632 19 8 121
4633 18 4 121
4634 7 220 121
4635 16 129 121
4636 8 56 121
4637 14 241 121
4638 9 172 121
4639 10 251 121
4640 11 141 121
4641 13 114 121
4642 12 7 121
4643 15 32 121
4644 17 118 121
4645 0 231 122
4646 36 249 124
4647 35 255 123
4648 34 256 124
4649 33 64 123
4650 32 32 123
4651 31 8 123
4652 30 4 123
4653 29 1 123
4654 28 129 123
4655 27 225 122
4656 26 241 123
4657 25 253 122
4658 24 255 123
4659 23 128 122
4660 22 64 122
4661 21 16 122
4662 20 8 122
4663 19 2 122
4664 18 1 122
4665 1 187 122
4666 16 225 122
4667 2 39 122
4668 14 253 122
4669 4 223 122
4670 6 193 122
4671 8 242 122
4672 10 252 122
4673 11 209 122
4674 12 148 122
4675 37 253 124
4676 36 255 125
4677 35 128 124
4678 34 64 125
4679 33 16 124
4680 32 8 124
4681 31 2 124
4682 30 1 124
4683 29 193 124
4684 28 225 124
4685 27 249 123
4686 26 253 124
4687 25 256 123
4688 24 128 124
4689 23 32 123
4690 22 16 123
4691 21 4 123
4692 20 2 123
4693 19 129 123
4694 18 193 123
4695 17 241 122
4696 16 249 123
4697 15 255 122
4698 14 256 123
4699 13 64 122
4700 0 25 123
4701 1 38 123
4702 12 209 123
4703 38 253 126
4704 37 256 125
4705 36 128 126
4706 35 32 125
4707 34 16 126
4708 33 4 125
4709 32 2 125
4710 31 129 125
4711 30 193 125
4712 29 241 125
4713 28 249 125
4714 27 255 124
4715 26 256 125
4716 25 64 124
4717 24 32 125
4718 23 8 124
4719 22 4 124
4720 21 1 124
4721 20 129 124
4722 19 225 124
4723 18 241 124
4724 17 253 123
4725 16 255 124
4726 15 128 123
4727 14 64 124
4728 13 16 123
4729 0 102 124
4730 39 255 127
4731 38 256 127
4732 37 64 126
4733 36 32 127
4734 35 8 126
4735 34 4 127
4736 33 1 126
4737 32 129 126
4738 31 225 126
4739 30 241 126
4740 29 253 126
4741 28 255 126
4742 27 128 125
4743 26 64 126
4744 25 16 125
4745 24 8 126
4746 23 2 125
4747 22 1 125
4748 21 193 125
4749 20 225 125
4750 19 249 125
4751 18 253 125
4752 17 256 124
4753 16 128 125
4754 15 32 124
4755 14 16 125
4756 40 255 128
4757 39 128 128
4758 38 64 128
4759 37 16 127
4760 36 8 128
4761 35 2 127
4762 34 1 128
4763 33 193 127
4764 32 225 127
4765 31 249 127
4766 30 253 127
4767 29 256 127
4768 28 128 127
4769 27 32 126
4770 26 16 127
4771 25 4 126
4772 24 2 127
4773 23 129 126
4774 22 193 126
4775 21 241 126
4776 20 249 126
4777 19 255 126
4778 18 256 126
4779 17 64 125
4780 16 32 126
4781 41 256 129
4782 40 128 129
4783 39 32 129
4784 38 16 129
4785 37 4 128
4786 36 2 129
4787 35 129 128
4788 34 193 129
4789 33 241 128
4790 32 249 128
4791 31 255 128
4792 30 256 128
4793 29 64 128
4794 28 32 128
4795 27 8 127
4796 26 4 128
4797 25 1 127
4798 24 129 128
4799 23 225 127
4800 22 241 127
4801 21 253 127
4802 20 255 127
4803 19 128 127
4804 18 64 127
4805 42 256 130
4806 41 64 130
4807 40 32 130
4808 39 8 130
4809 38 4 130
4810 37 1 129
4811 36 129 130
4812 35 225 129
4813 34 241 130
4814 33 253 129
4815 32 255 129
4816 31 128 129
4817 30 64 129
4818 29 16 129
4819 28 8 129
4820 27 2 128
4821 26 1 129
4822 25 193 128
4823 24 225 129
4824 23 249 128
4825 22 253 128
4826 21 256 128
4827 20 128 128
4828 43 128 131
4829 42 64 131
4830 41 16 131
4831 40 8 131
4832 39 2 131
4833 38 1 131
4834 37 193 130
4835 36 225 131
4836 35 249 130
4837 34 253 131
4838 33 256 130
4839 32 128 130
4840 31 32 130
4841 30 16 130
4842 29 4 130
4843 28 2 130
4844 27 129 129
4845 26 193 130
4846 25 241 129
4847 24 249 130
4848 23 255 129
4849 22 256 129
4850 44 128 133
4851 43 32 132
4852 42 16 132
4853 41 4 132
4854 40 2 132
4855 39 129 132
4856 38 193 132
4857 37 241 131
4858 36 249 132
4859 35 255 131
4860 34 256 132
4861 33 64 131
4862 32 32 131
4863 31 8 131
4864 30 4 131
4865 29 1 131
4866 28 129 131
4867 27 225 130
4868 26 241 131
4869 25 253 130
4870 24 255 131
4871 45 64 133
4872 44 32 134
4873 43 8 133
4874 42 4 133
4875 41 1 133
4876 40 129 133
4877 39 225 133
4878 38 241 133
4879 37 253 132
4880 36 255 133
4881 35 128 132
4882 34 64 133
4883 33 16 132
4884 32 8 132
4885 31 2 132
4886 30 1 132
4887 29 193 132
4888 28 225 132
4889 27 249 131
4890 26 253 132
4891 46 64 135
4892 45 16 134
4893 44 8 135
4894 43 2 134
4895 42 1 134
4896 41 193 134
4897 40 225 134
4898 39 249 134
4899 38 253 134
4900 37 256 133
4901 36 128 134
4902 35 32 133
4903 34 16 134
4904 33 4 133
4905 32 2 133
4906 31 129 133
4907 30 193 133
4908 29 241 133
4909 28 249 133
4910 47 32 135
4911 46 16 136
4912 45 4 135
4913 44 2 136
4914 43 129 135
4915 42 193 135
4916 41 241 135
4917 40 249 135
4918 39 255 135
4919 38 256 135
4920 37 64 134
4921 36 32 135
4922 35 8 134
4923 34 4 135
4924 33 1 134
4925 32 129 134
4926 31 225 134
4927 30 241 134
4928 48 32 137
4929 47 8 136
4930 46 4 137
4931 45 1 136
4932 44 129 137
4933 43 225 136
4934 42 241 136
4935 41 253 136
4936 40 255 136
4937 39 128 136
4938 38 64 136
4939 37 16 135
4940 36 8 136
4941 35 2 135
4942 34 1 136
4943 33 193 135
4944 32 225 135
4945 49 16 138
4946 48 8 138
4947 47 2 137
4948 46 1 138
4949 45 193 137
4950 44 225 138
4951 43 249 137
4952 42 253 137
4953 41 256 137
4954 40 128 137
4955 39 32 137
4956 38 16 137
4957 37 4 136
4958 36 2 137
4959 35 129 136
4960 34 193 137
4961 50 16 139
4962 49 4 139
4963 48 2 139
4964 47 129 138
4965 46 193 139
4966 45 241 138
4967 44 249 139
4968 43 255 138
4969 42 256 138
4970 41 64 138
4971 40 32 138
4972 39 8 138
4973 38 4 138
4974 37 1 137
4975 36 129 138
4976 51 8 140
4977 50 4 140
4978 49 1 140
4979 48 129 140
4980 47 225 139
4981 46 241 140
4982 45 253 139
4983 44 255 140
4984 43 128 139
4985 42 64 139
4986 41 16 139
4987 40 8 139
4988 39 2 139
4989 38 1 139
4990 52 8 141
4991 51 2 141
4992 50 1 141
4993 49 193 141
4994 48 225 141
4995 47 249 140
4996 46 253 141
4997 45 256 140
4998 44 128 141
4999 43 32 140
5000 42 16 140
5001 41 4 140
5002 40 2 140
5003 53 4 142
5004 52 2 142
5005 51 129 142
5006 50 193 142
5007 49 241 142
5008 48 249 142
5009 47 255 141
5010 46 256 142
5011 45 64 141
5012 44 32 142
5013 43 8 141
5014 42 4 141
5015 54 4 144
5016 53 1 143
5017 52 129 143
5018 51 225 143
5019 50 241 143
5020 49 253 143
5021 48 255 143
5022 47 128 142
5023 46 64 143
5024 45 16 142
5025 44 8 143
5026 55 2 144
5027 54 1 145
5028 53 193 144
5029 52 225 144
5030 51 249 144
5031 50 253 144
5032 49 256 144
5033 48 128 144
5034 47 32 143
5035 46 16 144
5036 56 2 146
5037 55 129 145
5038 54 193 146
5039 53 241 145
5040 52 249 145
5041 51 255 145
5042 50 256 145
5043 49 64 145
5044 48 32 145
5045 57 1 146
5046 56 129 147
5047 55 225 146
5048 54 241 147
5049 53 253 146
5050 52 255 146
5051 51 128 146
5052 50 64 146
5053 58 1 148
5054 57 193 147
5055 56 225 148
5056 55 249 147
5057 54 253 148
5058 53 256 147
5059 52 128 147
5060 59 129 149
5061 58 193 149
5062 57 241 148
5063 56 249 149
5064 55 255 148
5065 54 256 149
5066 60 129 150
5067 59 225 150
5068 58 241 150
5069 57 253 149
5070 56 255 150
5071 61 193 151
5072 60 225 151
5073 59 249 151
5074 58 253 151
5075 62 193 152
5076 61 241 152
5077 60 249 152
5078 63 225 153
5079 62 241 153
5080 64 225 155
5081 65 182 155
5082 63 116 154
5083 61 105 153
5084 59 146 152
5085 57 110 150
5086 55 104 149
5087 53 103 148
5088 51 60 147
5089 49 10 146
5090 47 173 144
5091 45 243 143
5092 43 169 142
5093 41 71 141
5094 39 226 140
5095 37 209 138
5096 35 249 137
5097 33 170 136
5098 31 114 135
5099 29 19 134
5100 27 46 132
5101 25 179 131
5102 23 244 130
5103 21 212 129
5104 19 121 128
5105 17 63 126
5106 15 139 125
5107 66 182 157
5108 64 116 156
5109 62 105 154
5110 60 146 153
5111 58 110 152
5112 56 104 151
5113 54 103 150
5114 52 60 148
5115 50 10 147
5116 48 173 146
5117 46 243 145
5118 44 169 144
5119 42 71 142
5120 40 226 141
5121 38 209 140
5122 36 249 139
5123 34 170 138
5124 32 114 136
5125 30 19 135
5126 28 46 134
5127 26 179 133
5128 24 244 132
5129 22 212 130
5130 20 121 129
5131 18 63 128
5132 67 91 157
5133 65 58 156
5134 63 181 155
5135 61 73 154
5136 59 55 153
5137 57 52 151
5138 55 180 150
5139 53 30 149
5140 51 5 148
5141 49 215 147
5142 47 250 145
5143 45 213 144
5144 43 164 143
5145 41 113 142
5146 39 233 141
5147 37 253 139
5148 35 85 138
5149 33 57 137
5150 31 138 136
5151 29 23 135
5152 27 218 133
5153 25 122 132
5154 23 106 131
5155 21 189 130
5156 68 91 159
5157 66 58 158
5158 64 181 157
5159 62 73 155
5160 60 55 154
5161 58 52 153
5162 56 180 152
5163 54 30 151
5164 52 5 149
5165 50 215 148
5166 48 250 147
5167 46 213 146
5168 44 164 145
5169 42 113 143
5170 40 233 142
5171 38 253 141
5172 36 85 140
5173 34 57 139
5174 32 138 137
5175 30 23 136
5176 28 218 135
5177 26 122 134
5178 24 106 133
5179 69 174 160
5180 67 29 158
5181 65 219 157
5182 63 165 156
5183 61 156 155
5184 59 26 154
5185 57 90 152
5186 55 15 151
5187 53 131 150
5188 51 236 149
5189 49 125 148
5190 47 235 146
5191 45 82 145
5192 43 185 144
5193 41 245 143
5194 39 255 142
5195 37 171 140
5196 35 157 139
5197 33 69 138
5198 31 140 137
5199 29 109 136
5200 27 61 134
5201 70 174 161
5202 68 29 160
5203 66 219 159
5204 64 165 158
5205 62 156 156
5206 60 26 155
5207 58 90 154
5208 56 15 153
5209 54 131 152
5210 52 236 150
5211 50 125 149
5212 48 235 148
5213 46 82 147
5214 44 185 146
5215 42 245 144
5216 40 255 143
5217 38 171 142
5218 36 157 141
5219 34 69 140
5220 32 140 138
5221 30 109 137
5222 71 87 162
5223 69 143 161
5224 67 238 159
5225 65 211 158
5226 63 78 157
5227 61 13 156
5228 59 45 155
5229 57 136 153
5230 55 194 152
5231 53 118 151
5232 51 191 150
5233 49 246 149
5234 47 41 147
5235 45 221 146
5236 43 251 145
5237 41 256 144
5238 39 214 143
5239 37 207 141
5240 35 163 140
5241 33 70 139
5242 72 87 163
5243 70 143 162
5244 68 238 161
5245 66 211 160
5246 64 78 159
5247 62 13 157
5248 60 45 156
5249 58 136 155
5250 56 194 154
5251 54 118 153
5252 52 191 151
5253 50 246 150
5254 48 41 149
5255 46 221 148
5256 44 251 147
5257 42 256 145
5258 40 214 144
5259 38 207 143
5260 36 163 142
5261 73 172 164
5262 71 200 163
5263 69 119 162
5264 67 234 160
5265 65 39 159
5266 63 135 158
5267 61 151 157
5268 59 68 156
5269 57 97 154
5270 55 59 153
5271 53 224 152
5272 51 123 151
5273 49 149 150
5274 47 239 148
5275 45 254 147
5276 43 128 146
5277 41 107 145
5278 39 232 144
5279 74 172 166
5280 72 200 164
5281 70 119 163
5282 68 234 162
5283 66 39 161
5284 64 135 160
5285 62 151 158
5286 60 68 157
5287 58 97 156
5288 56 59 155
5289 54 224 154
5290 52 123 152
5291 50 149 151
5292 48 239 150
5293 46 254 149
5294 44 128 148
5295 42 107 146
5296 75 86 166
5297 73 100 165
5298 71 188 164
5299 69 117 163
5300 67 148 161
5301 65 196 160
5302 63 204 159
5303 61 34 158
5304 59 177 157
5305 57 158 155
5306 55 112 154
5307 53 190 153
5308 51 203 152
5309 49 248 151
5310 47 127 149
5311 45 64 148
5312 76 86 168
5313 74 100 167
5314 72 188 165
5315 70 117 164
5316 68 148 163
5317 66 196 162
5318 64 204 161
5319 62 34 159
5320 60 177 158
5321 58 158 157
5322 56 112 156
5323 54 190 155
5324 52 203 153
5325 50 248 152
5326 48 127 151
5327 77 43 168
5328 75 50 167
5329 73 94 166
5330 71 187 165
5331 69 74 164
5332 67 98 162
5333 65 102 161
5334 63 17 160
5335 61 217 159
5336 59 79 158
5337 57 56 156
5338 55 95 155
5339 53 230 154
5340 51 124 153
5341 78 43 170
5342 76 50 169
5343 74 94 168
5344 72 187 166
5345 70 74 165
5346 68 98 164
5347 66 102 163
5348 64 17 162
5349 62 217 160
5350 60 79 159
5351 58 56 158
5352 56 95 157
5353 54 230 156
5354 79 150 171
5355 77 25 169
5356 75 47 168
5357 73 222 167
5358 71 37 166
5359 69 49 165
5360 67 51 163
5361 65 137 162
5362 63 237 161
5363 61 168 160
5364 59 28 159
5365 57 176 157
5366 80 150 172
5367 78 25 171
5368 76 47 170
5369 74 222 169
5370 72 37 167
5371 70 49 166
5372 68 51 165
5373 66 137 164
5374 64 237 163
5375 62 168 161
5376 60 28 160
5377 81 75 173
5378 79 141 172
5379 77 152 170
5380 75 111 169
5381 73 147 168
5382 71 153 167
5383 69 154 166
5384 67 197 164
5385 65 247 163
5386 63 84 162
5387 82 75 174
5388 80 141 173
5389 78 152 172
5390 76 111 171
5391 74 147 170
5392 72 153 168
5393 70 154 167
5394 68 197 166
5395 66 247 165
5396 83 166 175
5397 81 199 174
5398 79 76 173
5399 77 184 171
5400 75 202 170
5401 73 205 169
5402 71 77 168
5403 69 227 167
5404 84 166 177
5405 82 199 175
5406 80 76 174
5407 78 184 173
5408 76 202 172
5409 74 205 171
5410 72 77 169
5411 85 83 177
5412 83 228 176
5413 81 38 175
5414 79 92 174
5415 77 101 172
5416 75 231 171
5417 86 83 179
5418 84 228 178
5419 82 38 176
5420 80 92 175
5421 78 101 174
5422 87 170 179
5423 85 114 178
5424 83 19 177
5425 81 46 176
5426 88 170 181
5427 86 114 180
5428 84 19 179
5429 89 85 182
5430 87 57 180
5431 90 85 183
5432 3 128 122
5433 2 193 123
5434 1 32 124
5435 0 241 125
5436 0 241 126
5437 0 241 127
5438 0 241 128
5439 0 241 129
5440 0 241 130
5441 0 241 131
5442 0 241 132
5443 0 241 133
5444 0 241 134
5445 0 241 135
5446 0 241 136
5447 0 241 137
5448 0 241 138
5449 0 241 139
5450 0 241 140
5451 0 241 141
5452 0 241 142
5453 0 241 143
5454 0 241 144
5455 5 22 122
5456 3 228 123
5457 4 39 123
5458 2 91 124
5459 1 83 125
5460 1 83 126
5461 1 83 127
5462 1 83 128
5463 1 83 129
5464 1 83 130
5465 1 83 131
5466 1 83 132
5467 1 83 133
5468 1 83 134
5469 1 83 135
5470 1 83 136
5471 1 83 137
5472 1 83 138
5473 1 83 139
5474 1 83 140
5475 1 83 141
5476 1 83 142
5477 7 60 122
5478 5 248 123
5479 6 83 123
5480 3 22 124
5481 4 102 124
5482 2 228 125
5483 2 228 126
5484 2 228 127
5485 2 228 128
5486 2 228 129
5487 2 228 130
5488 2 228 131
5489 2 228 132
5490 2 228 133
5491 2 228 134
5492 2 228 135
5493 2 228 136
5494 2 228 137
5495 2 228 138
5496 2 228 139
5497 2 228 140
5498 9 187 122
5499 7 139 123
5500 8 203 123
5501 5 60 124
5502 6 138 124
5503 3 178 125
5504 4 220 125
5505 3 38 126
5506 3 38 127
5507 3 38 128
5508 3 38 129
5509 3 38 130
5510 3 38 131
5511 3 38 132
5512 3 38 133
5513 3 38 134
5514 3 38 135
5515 3 38 136
5516 3 38 137
5517 3 38 138
5518 9 220 123
5519 10 109 123
5520 11 218 123
5521 7 187 124
5522 8 96 124
5523 5 135 125
5524 6 86 125
5525 4 112 126
5526 5 253 126
5527 4 92 127
5528 4 92 128
5529 4 92 129
5530 4 92 130
5531 4 92 131
5532 4 92 132
5533 4 92 133
5534 4 92 134
5535 4 92 135
5536 4 92 136
5537 9 153 124
5538 10 98 124
5539 11 196 124
5540 12 13 124
5541 13 26 124
5542 7 228 125
5543 8 71 125
5544 6 212 126
5545 7 176 126
5546 5 112 127
5547 6 190 127
5548 5 101 128
5549 5 101 129
5550 5 101 130
5551 5 101 131
5552 5 101 132
5553 5 101 133
5554 5 101 134
5555 9 180 125
5556 10 206 125
5557 11 155 125
5558 12 106 125
5559 13 212 125
5560 8 148 126
5561 9 162 126
5562 14 44 126
5563 7 181 127
5564 8 204 127
5565 16 249 127
5566 6 61 128
5567 7 164 128
5568 6 231 129
5569 6 231 130
5570 6 231 131
5571 6 231 132
5572 10 90 126
5573 11 170 126
5574 12 82 126
5575 13 238 126
5576 15 75 126
5577 9 229 127
5578 10 208 127
5579 11 11 127
5580 14 209 127
5581 17 88 127
5582 8 240 128
5583 9 113 128
5584 7 82 129
5585 8 203 129
5586 19 101 129
5587 7 167 130
5588 12 182 127
5589 13 201 127
5590 15 254 127
5591 10 96 128
5592 11 98 128
5593 12 9 128
5594 13 180 128
5595 14 94 128
5596 16 93 128
5597 9 124 129
5598 10 198 129
5599 11 212 129
5600 18 228 129
5601 8 49 130
5602 9 224 130
5603 15 44 128
5604 17 2 128
5605 12 252 129
5606 13 12 129
5607 14 132 129
5608 15 206 129
5609 16 155 129
5610 17 14 129
5611 10 167 130
5612 11 39 130
5613 12 187 130
5614 13 171 130
5615 19 197 130
5616 20 71 130
5617 14 109 130
5618 15 92 130
5619 16 24 130
5620 17 204 130
5621 18 48 130
5622 7 215 131
5623 8 61 131
5624 9 3 131
5625 10 88 131
5626 11 145 131
5627 12 182 131
5628 13 101 131
5629 14 219 131
5630 15 68 131
5631 16 155 131
5632 17 194 131
5633 18 202 131
5634 19 154 131
5635 20 88 131
5636 21 254 131
5637 22 186 131
5638 7 55 132
5639 8 78 132
5640 9 4 132
5641 10 70 132
5642 11 14 132
5643 12 235 132
5644 13 100 132
5645 14 187 132
5646 15 80 132
5647 16 46 132
5648 17 255 132
5649 18 71 132
5650 19 83 132
5651 20 87 132
5652 21 16 132
5653 22 93 132
5654 23 249 132
5655 6 221 133
5656 7 85 133
5657 8 63 133
5658 9 151 133
5659 10 155 133
5660 11 69 133
5661 12 27 133
5662 13 219 133
5663 14 150 133
5664 15 85 133
5665 16 224 133
5666 17 77 133
5667 18 49 133
5668 19 226 133
5669 20 159 133
5670 21 126 133
5671 22 219 133
5672 23 212 133
5673 25 214 133
5674 6 209 134
5675 7 125 134
5676 8 7 134
5677 10 9 134
5678 9 168 134
5679 11 65 134
5680 12 112 134
5681 13 197 134
5682 14 57 134
5683 15 230 134
5684 16 249 134
5685 17 253 134
5686 18 162 134
5687 19 224 134
5688 20 206 134
5689 21 130 134
5690 22 116 134
5691 23 11 134
5692 24 60 134
5693 25 41 134
5694 5 230 135
5695 6 30 135
5696 7 205 135
5697 8 220 135
5698 9 143 135
5699 10 26 135
5700 11 66 135
5701 12 220 135
5702 13 134 135
5703 14 235 135
5704 15 110 135
5705 16 190 135
5706 17 136 135
5707 5 13 136
5708 18 50 135
5709 19 31 135
5710 20 227 135
5711 21 31 135
5712 22 237 135
5713 23 123 135
5714 24 92 135
5715 25 40 135
5716 26 224 135
5717 27 57 135
5718 6 144 136
5719 7 249 136
5720 8 7 136
5721 9 12 136
5722 10 140 136
5723 11 237 136
5724 12 81 136
5725 13 10 136
5726 14 105 136
5727 15 50 136
5728 16 214 136
5729 17 40 136
5730 18 48 136
5731 19 59 136
5732 20 90 136
5733 21 256 136
5734 22 16 136
5735 23 239 136
5736 24 238 136
5737 25 94 136
5738 26 119 136
5739 27 105 136
5740 28 225 136
5741 4 232 137
5742 5 134 137
5743 6 233 137
5744 7 84 137
5745 8 170 137
5746 9 81 137
5747 10 37 137
5748 11 179 137
5749 12 208 137
5750 13 210 137
5751 14 165 137
5752 15 134 137
5753 16 99 137
5754 17 5 137
5755 18 30 137
5756 19 237 137
5757 20 199 137
5758 21 204 137
5759 22 105 137
5760 23 101 137
5761 24 243 137
5762 25 194 137
5763 26 231 137
5764 27 215 137
5765 28 159 137
5766 29 10 137
5767 4 4 138
5768 5 138 138
5769 6 107 138
5770 7 42 138
5771 8 70 138
5772 9 27 138
5773 10 136 138
5774 11 34 138
5775 12 82 138
5776 13 230 138
5777 14 54 138
5778 15 163 138
5779 16 56 138
5780 17 26 138
5781 18 81 138
5782 19 33 138
5783 20 133 138
5784 21 63 138
5785 22 104 138
5786 23 79 138
5787 24 170 138
5788 25 40 138
5789 26 208 138
5790 27 25 138
5791 28 177 138
5792 29 37 138
5793 30 226 138
5794 31 116 138
5795 3 50 139
5796 4 9 139
5797 5 82 139
5798 6 141 139
5799 7 168 139
5800 8 136 139
5801 9 65 139
5802 10 101 139
5803 11 207 139
5804 12 238 139
5805 13 233 139
5806 14 43 139
5807 15 171 139
5808 16 155 139
5809 17 200 139
5810 18 23 139
5811 19 46 139
5812 20 133 139
5813 21 27 139
5814 22 41 139
5815 23 66 139
5816 24 79 139
5817 25 238 139
5818 26 207 139
5819 27 140 139
5820 28 252 139
5821 29 113 139
5822 30 20 139
5823 31 77 139
5824 32 175 139
5825 3 202 140
5826 4 232 140
5827 5 210 140
5828 6 56 140
5829 7 59 140
5830 8 157 140
5831 9 134 140
5832 10 94 140
5833 11 21 140
5834 12 23 140
5835 13 78 140
5836 14 32 140
5837 15 48 140
5838 16 178 140
5839 17 178 140
5840 18 87 140
5841 19 37 140
5842 20 57 140
5843 21 50 140
5844 22 15 140
5845 23 117 140
5846 24 120 140
5847 25 197 140
5848 26 30 140
5849 27 214 140
5850 28 221 140
5851 29 37 140
5852 30 211 140
5853 31 247 140
5854 32 247 140
5855 33 229 140
5856 2 206 141
5857 3 253 141
5858 4 177 141
5859 5 145 141
5860 6 27 141
5861 7 237 141
5862 8 119 141
5863 9 167 141
5864 10 203 141
5865 11 222 141
5866 12 194 141
5867 13 135 141
5868 14 76 141
5869 15 47 141
5870 16 250 141
5871 17 149 141
5872 18 165 141
5873 19 56 141
5874 20 124 141
5875 21 201 141
5876 22 90 141
5877 23 230 141
5878 24 56 141
5879 25 61 141
5880 26 8 141
5881 27 237 141
5882 28 113 141
5883 29 161 141
5884 30 16 141
5885 31 5 141
5886 32 71 141
5887 33 120 141
5888 34 55 141
5889 35 152 141
5890 2 75 142
5891 3 251 142
5892 4 108 142
5893 5 11 142
5894 6 250 142
5895 7 62 142
5896 8 131 142
5897 9 243 142
5898 10 47 142
5899 11 151 142
5900 12 52 142
5901 13 186 142
5902 14 193 142
5903 15 80 142
5904 16 243 142
5905 17 217 142
5906 18 41 142
5907 19 76 142
5908 20 127 142
5909 21 256 142
5910 22 205 142
5911 23 218 142
5912 24 202 142
5913 25 205 142
5914 26 57 142
5915 27 86 142
5916 28 166 142
5917 29 244 142
5918 30 21 142
5919 31 250 142
5920 32 243 142
5921 33 50 142
5922 34 86 142
5923 35 29 142
5924 37 242 142
5925 1 208 143
5926 2 216 143
5927 3 121 143
5928 4 10 143
5929 5 94 143
5930 6 70 143
5931 7 226 143
5932 8 198 143
5933 9 69 143
5934 10 72 143
5935 11 204 143
5936 12 219 143
5937 13 145 143
5938 14 144 143
5939 15 63 143
5940 16 27 143
5941 17 186 143
5942 18 40 143
5943 19 230 143
5944 20 38 143
5945 21 42 143
5946 22 230 143
5947 23 85 143
5948 24 170 143
5949 25 87 143
5950 26 164 143
5951 27 153 143
5952 28 32 143
5953 29 239 143
5954 30 56 143
5955 31 100 143
5956 32 216 143
5957 33 57 143
5958 34 149 143
5959 35 19 143
5960 36 223 143
5961 37 184 143
5962 1 244 144
5963 2 70 144
5964 3 175 144
5965 4 231 144
5966 5 182 144
5967 6 60 144
5968 7 89 144
5969 18 210 144
5970 20 98 144
5971 21 78 144
5972 22 177 144
5973 23 215 144
5974 24 173 144
5975 25 122 144
5976 26 224 144
5977 27 27 144
5978 28 32 144
5979 29 85 144
5980 30 54 144
5981 31 226 144
5982 32 42 144
5983 33 252 144
5984 34 244 144
5985 35 36 144
5986 36 179 144
5987 37 164 144
5988 38 15 144
5989 24 157 145
5990 25 187 145
5991 26 41 145
5992 27 198 145
5993 28 49 145
5994 29 254 145
5995 30 173 145
5996 31 118 145
5997 34 203 145
5998 33 92 145
5999 32 158 145
6000 35 7 145
6001 36 65 145
6002 37 230 145
6003 38 122 145
6004 39 73 145
6005 40 80 145
6006 26 181 146
6007 28 140 146
6008 29 231 146
6009 30 252 146
6010 33 224 146
6011 32 83 146
6012 31 136 146
6013 34 199 146
6014 35 23 146
6015 39 66 146
6016 38 91 146
6017 36 18 146
6018 37 53 146
6019 40 195 146
6020 41 204 146
6021 30 120 147
6022 32 68 147
6023 33 161 147
6024 34 253 147
6025 39 116 147
6026 38 121 147
6027 36 104 147
6028 37 189 147
6029 35 123 147
6030 40 77 147
6031 42 156 147
6032 41 11 147
6033 43 189 147
6034 39 126 148
6035 34 164 148
6036 36 105 148
6037 37 166 148
6038 38 115 148
6039 42 134 148
6040 41 105 148
6041 40 63 148
6042 43 111 148
6043 38 231 149
6044 44 52 149
6045 39 126 149
6046 42 181 149
6047 41 21 149
6048 40 64 149
6049 45 180 149
6050 44 216 150
6051 43 146 149
6052 42 139 150
6053 46 180 150
6054 45 36 150
6055 47 62 150
6056 44 62 151
6057 46 36 151
6058 48 30 152
6059 49 256 152
6060 47 32 151
6061 45 8 151
6062 43 2 150
6063 41 129 150
6064 39 225 150
6065 36 229 149
6066 35 256 148
6067 33 64 148
6068 31 16 147
6069 29 4 147
6070 27 129 146
6071 24 215 146
6072 23 249 145
6073 21 255 145
6074 19 128 144
6075 8 175 144
6076 9 187 144
6077 10 96 144
6078 11 220 144
6079 12 163 144
6080 13 169 144
6081 14 169 144
6082 15 44 144
6083 16 230 144
6084 17 13 144
6085 0 23 145
6086 1 55 145
6087 2 207 145
6088 3 158 145
6089 4 34 145
6090 50 128 153
6091 48 32 153
6092 46 8 152
6093 44 2 152
6094 42 193 151
6095 40 241 150
6096 38 253 150
6097 37 188 149
6098 34 64 149
6099 32 8 148
6100 30 2 148
6101 28 129 147
6102 26 225 147
6103 25 175 146
6104 22 256 145
6105 20 64 145
6106 18 16 145
6107 5 233 145
6108 6 247 145
6109 7 64 145
6110 8 203 145
6111 9 70 145
6112 10 205 145
6113 12 53 145
6114 11 91 145
6115 13 244 145
6116 14 152 145
6117 15 45 145
6118 16 179 145
6119 17 207 145
6120 51 214 154
6121 49 182 153
6122 47 87 152
6123 45 86 152
6124 43 150 151
6125 41 166 151
6126 39 170 151
6127 36 239 150
6128 35 182 149
6129 33 174 149
6130 31 172 148
6131 29 43 148
6132 27 166 147
6133 24 184 147
6134 23 171 146
6135 21 107 146
6136 19 91 145
6137 0 210 146
6138 1 98 146
6139 2 166 146
6140 3 14 146
6141 4 199 146
6142 5 99 146
6143 6 186 146
6144 7 154 146
6145 8 62 146
6146 9 86 146
6147 10 161 146
6148 11 43 146
6149 52 107 154
6150 50 91 154
6151 48 87 154
6152 46 86 153
6153 44 150 153
6154 42 83 152
6155 40 85 151
6156 38 214 151
6157 37 213 150
6158 34 174 150
6159 32 86 149
6160 30 150 149
6161 28 166 148
6162 26 170 148
6163 25 203 147
6164 22 182 146
6165 20 174 146
6166 18 172 146
6167 12 243 146
6168 13 22 146
6169 14 69 146
6170 15 23 146
6171 16 16 146
6172 17 172 146
6173 19 206 146
6174 0 125 147
6175 1 169 147
6176 2 239 147
6177 53 207 155
6178 51 116 155
6179 49 29 154
6180 47 100 153
6181 45 25 153
6182 43 199 152
6183 41 114 152
6184 39 157 152
6185 36 106 151
6186 35 29 150
6187 33 200 150
6188 31 50 149
6189 29 141 149
6190 27 114 148
6191 24 26 148
6192 23 232 147
6193 21 58 147
6194 3 213 147
6195 4 36 147
6196 5 34 147
6197 6 90 147
6198 7 29 147
6199 8 243 147
6200 9 178 147
6201 10 95 147
6202 11 229 147
6203 12 32 147
6204 55 229 156
6205 52 58 155
6206 50 143 155
6207 48 100 155
6208 46 25 154
6209 44 199 154
6210 42 57 153
6211 40 207 152
6212 38 116 152
6213 37 137 151
6214 34 200 151
6215 32 25 150
6216 30 199 150
6217 28 114 149
6218 26 157 149
6219 25 59 148
6220 22 29 147
6221 20 200 147
6222 18 50 147
6223 13 189 147
6224 14 55 147
6225 15 108 147
6226 16 145 147
6227 17 79 147
6228 19 54 147
6229 0 203 148
6230 54 21 157
6231 53 105 156
6232 51 219 156
6233 49 119 155
6234 47 47 154
6235 45 76 154
6236 43 19 153
6237 41 69 153
6238 39 210 153
6239 36 175 152
6240 35 119 151
6241 33 94 151
6242 31 152 150
6243 29 38 150
6244 27 69 149
6245 24 28 149
6246 23 181 148
6247 21 238 148
6248 1 232 148
6249 2 146 148
6250 3 238 148
6251 4 171 148
6252 5 168 148
6253 6 113 148
6254 7 198 148
6255 56 163 158
6256 55 20 157
6257 52 238 156
6258 50 188 156
6259 48 47 156
6260 46 76 155
6261 44 19 155
6262 42 163 154
6263 40 105 153
6264 38 219 153
6265 37 256 152
6266 34 94 152
6267 32 76 151
6268 30 19 151
6269 28 69 150
6270 26 210 150
6271 25 88 149
6272 22 119 148
6273 20 94 148
6274 18 152 148
6275 8 73 148
6276 9 196 148
6277 10 121 148
6278 11 187 148
6279 57 70 158
6280 54 133 158
6281 53 165 157
6282 51 234 157
6283 49 187 156
6284 47 184 155
6285 45 46 155
6286 43 140 154
6287 41 35 154
6288 39 73 154
6289 36 90 153
6290 35 187 152
6291 33 111 152
6292 31 92 151
6293 29 23 151
6294 27 35 150
6295 24 28 150
6296 23 211 149
6297 21 117 149
6298 19 222 148
6299 12 164 148
6300 14 82 148
6301 15 12 148
6302 58 70 159
6303 56 146 159
6304 55 132 158
6305 52 117 157
6306 50 222 157
6307 48 184 157
6308 46 46 156
6309 44 140 156
6310 42 146 155
6311 40 165 154
6312 38 234 154
6313 37 225 153
6314 34 111 153
6315 32 46 152
6316 30 140 152
6317 28 35 151
6318 26 73 151
6319 25 5 150
6320 22 187 149
6321 20 111 149
6322 18 92 149
6323 16 23 148
6324 59 109 160
6325 57 110 159
6326 54 62 159
6327 53 39 158
6328 51 74 158
6329 49 147 157
6330 47 179 156
6331 45 109 156
6332 43 220 155
6333 41 55 155
6334 39 78 155
6335 36 63 154
6336 35 147 153
6337 33 101 153
6338 31 218 152
6339 29 183 152
6340 27 55 151
6341 24 255 151
6342 23 148 150
6343 21 37 150
6344 19 202 149
6345 60 183 161
6346 58 110 160
6347 56 156 160
6348 55 77 159
6349 52 37 158
6350 50 202 158
6351 48 179 158
6352 46 109 157
6353 44 220 157
6354 42 156 156
6355 40 39 155
6356 38 74 155
6357 37 54 154
6358 34 101 154
6359 32 109 153
6360 30 220 153
6361 28 55 152
6362 26 78 152
6363 25 218 151
6364 22 147 150
6365 61 61 161
6366 59 208 161
6367 57 26 160
6368 54 222 160
6369 53 98 159
6370 51 153 159
6371 49 231 158
6372 47 61 157
6373 45 208 157
6374 43 52 156
6375 41 13 156
6376 39 196 156
6377 36 226 155
6378 35 231 154
6379 33 122 154
6380 31 159 153
6381 29 104 153
6382 27 13 152
6383 24 98 152
6384 62 159 162
6385 60 104 162
6386 58 26 161
6387 56 135 161
6388 55 215 160
6389 52 205 159
6390 50 244 159
6391 48 61 159
6392 46 208 158
6393 44 52 158
6394 42 135 157
6395 40 98 156
6396 38 153 156
6397 37 233 155
6398 34 122 155
6399 32 208 154
6400 30 52 154
6401 28 13 153
6402 63 53 163
6403 61 206 162
6404 59 180 162
6405 57 151 161
6406 54 238 161
6407 53 154 160
6408 51 167 160
6409 49 106 159
6410 47 206 158
6411 45 180 158
6412 43 45 157
6413 41 204 157
6414 39 51 157
6415 36 226 156
6416 35 106 155
6417 33 155 155
6418 31 103 154
6419 64 53 164
6420 62 103 163
6421 60 90 163
6422 58 151 162
6423 56 102 162
6424 55 45 161
6425 52 212 160
6426 50 53 160
6427 48 206 160
6428 46 180 159
6429 44 45 159
6430 42 102 158
6431 40 154 157
6432 38 167 157
6433 37 22 156
6434 34 155 156
6435 65 223 164
6436 63 120 164
6437 61 30 163
6438 59 136 163
6439 57 17 162
6440 54 34 162
6441 53 242 161
6442 51 189 161
6443 49 240 160
6444 47 30 159
6445 45 136 159
6446 43 34 158
6447 41 137 158
6448 39 227 158
6449 36 94 157
6450 67 236 165
6451 64 120 165
6452 62 15 164
6453 60 68 164
6454 58 17 163
6455 56 197 163
6456 55 135 162
6457 52 223 161
6458 50 120 161
6459 48 30 161
6460 46 136 160
6461 44 34 160
6462 42 197 159
6463 40 242 158
6464 66 103 166
6465 65 20 165
6466 63 5 165
6467 61 194 164
6468 59 177 164
6469 57 247 163
6470 54 14 163
6471 53 160 162
6472 51 40 162
6473 49 10 161
6474 47 194 160
6475 45 177 160
6476 43 237 159
6477 68 80 167
6478 67 175 166
6479 64 5 166
6480 62 97 165
6481 60 217 165
6482 58 247 164
6483 56 126 164
6484 55 224 163
6485 52 20 162
6486 50 5 162
6487 48 194 162
6488 46 177 161
6489 69 198 168
6490 66 122 167
6491 65 215 166
6492 63 118 166
6493 61 158 165
6494 59 168 165
6495 57 21 164
6496 54 189 164
6497 53 178 163
6498 51 173 163
6499 49 236 162
6500 70 99 168
6501 68 89 168
6502 67 198 167
6503 64 118 167
6504 62 79 166
6505 60 84 166
6506 58 21 165
6507 56 198 165
6508 55 250 164
6509 52 215 163
6510 71 33 169
6511 69 201 169
6512 66 201 168
6513 65 191 167
6514 63 112 167
6515 61 28 166
6516 59 7 166
6517 57 33 165
6518 54 118 165
6519 72 145 170
6520 70 229 169
6521 68 250 169
6522 67 80 168
6523 64 112 168
6524 62 14 167
6525 60 132 167
6526 58 33 166
6527 73 134 170
6528 71 162 170
6529 69 169 170
6530 66 113 169
6531 65 190 168
6532 63 176 168
6533 61 44 167
6534 74 134 172
6535 72 81 171
6536 70 213 170
6537 68 246 170
6538 67 9 169
6539 64 176 169
6540 75 108 172
6541 73 27 171
6542 71 71 171
6543 69 82 171
6544 66 112 170
6545 76 108 173
6546 74 27 173
6547 72 164 172
6548 70 41 171
6549 77 18 173
6550 75 133 173
6551 73 226 172
6552 78 18 175
6553 76 133 174
6554 79 6 175
6555 80 56 176
6556 77 95 174
6557 74 95 174
6558 71 230 172
6559 68 115 171
6560 65 62 169
6561 62 31 168
6562 59 96 167
6563 56 48 166
6564 53 8 164
6565 50 4 163
6566 47 172 161
6567 44 172 161
6568 41 200 159
6569 38 100 158
6570 35 188 156
6571 32 94 155
6572 29 117 154
6573 26 187 153
6574 23 74 151
6575 20 37 150
6576 17 49 148
6577 0 143 149
6578 13 153 148
6579 81 190 177
6580 78 95 176
6581 75 230 174
6582 72 115 173
6583 69 124 172
6584 67 204 170
6585 63 96 169
6586 60 48 168
6587 57 8 166
6588 55 146 165
6589 51 87 164
6590 48 172 163
6591 45 200 161
6592 42 100 160
6593 39 119 159
6594 37 115 157
6595 33 117 156
6596 30 187 155
6597 27 74 153
6598 25 98 152
6599 21 98 151
6600 18 49 150
6601 82 95 177
6602 79 203 176
6603 76 230 175
6604 73 124 173
6605 70 62 172
6606 66 122 171
6607 64 96 170
6608 61 16 168
6609 58 8 167
6610 54 41 166
6611 52 172 164
6612 49 143 163
6613 46 200 162
6614 43 119 160
6615 40 188 159
6616 36 173 158
6617 34 117 157
6618 31 148 155
6619 28 74 154
6620 24 183 153
6621 83 203 178
6622 80 230 177
6623 77 124 175
6624 74 124 175
6625 71 192 173
6626 68 96 172
6627 65 16 170
6628 62 8 169
6629 59 174 168
6630 56 87 167
6631 53 143 165
6632 50 200 164
6633 47 119 162
6634 44 119 162
6635 41 234 160
6636 38 117 159
6637 35 148 157
6638 32 74 156
6639 85 225 179
6640 81 248 178
6641 78 124 177
6642 75 192 175
6643 72 96 174
6644 69 32 173
6645 67 43 171
6646 63 174 170
6647 60 87 169
6648 57 143 167
6649 55 95 166
6650 51 238 165
6651 48 119 164
6652 45 234 162
6653 42 117 161
6654 39 39 160
6655 84 224 180
6656 82 124 178
6657 79 127 177
6658 76 192 176
6659 73 32 174
6660 70 16 173
6661 66 1 172
6662 64 174 171
6663 61 29 169
6664 58 143 168
6665 54 80 167
6666 52 119 165
6667 49 211 164
6668 46 234 163
6669 86 248 181
6670 83 127 179
6671 80 192 178
6672 77 32 176
6673 74 32 176
6674 71 91 174
6675 68 174 173
6676 65 29 171
6677 62 143 170
6678 59 219 169
6679 56 238 168
6680 53 211 166
6681 87 127 181
6682 85 67 180
6683 81 64 179
6684 78 32 178
6685 75 91 176
6686 72 174 175
6687 69 58 174
6688 67 76 172
6689 63 219 171
6690 60 238 170
6691 88 127 182
6692 84 105 181
6693 82 32 179
6694 79 182 178
6695 76 91 177
6696 73 58 175
6697 70 29 174
6698 66 143 173
6699 89 128 183
6700 86 64 182
6701 83 182 180
6702 80 91 179
6703 77 58 177
6704 74 58 177
6705 90 64 184
6706 87 182 182
6707 85 91 181
6708 81 116 180
6709 91 107 184
6710 88 182 183
6711 1 244 149
6712 2 214 149
6713 3 11 149
6714 4 249 149
6715 5 177 149
6716 0 55 150
6717 0 55 151
6718 0 55 152
6719 0 55 153
6720 0 55 154
6721 0 55 155
6722 0 55 156
6723 0 55 157
6724 0 55 158
6725 0 55 159
6726 0 55 160
6727 6 9 149
6728 7 201 149
6729 8 130 149
6730 9 158 149
6731 10 180 149
6732 11 105 149
6733 12 42 149
6734 1 13 150
6735 1 13 151
6736 1 13 152
6737 1 13 153
6738 1 13 154
6739 1 13 155
6740 1 13 156
6741 1 13 157
6742 13 200 149
6743 14 10 149
6744 15 36 149
6745 16 75 149
6746 17 244 149
6747 2 174 150
6748 3 49 150
6749 4 62 150
6750 5 100 150
6751 19 177 150
6752 2 204 151
6753 2 204 152
6754 2 204 153
6755 2 204 154
6756 6 39 150
6757 7 159 150
6758 8 151 150
6759 9 179 150
6760 10 207 150
6761 11 249 150
6762 12 68 150
6763 13 179 150
6764 14 9 150
6765 15 47 150
6766 3 137 151
6767 20 247 151
6768 22 238 151
6769 16 149 150
6770 17 246 150
6771 4 25 151
6772 5 134 151
6773 6 132 151
6774 7 160 151
6775 8 174 151
6776 9 226 151
6777 10 41 151
6778 11 226 151
6779 12 141 151
6780 18 75 151
6781 13 230 151
6782 14 122 151
6783 15 242 151
6784 16 85 151
6785 17 38 151
6786 19 200 151
6787 3 38 152
6788 4 192 152
6789 5 16 152
6790 6 16 152
6791 7 93 152
6792 8 11 152
6793 9 250 152
6794 10 208 152
6795 11 129 152
6796 12 141 152
6797 13 206 152
6798 14 14 152
6799 16 118 152
6800 15 70 152
6801 17 114 152
6802 18 98 152
6803 19 64 152
6804 20 26 152
6805 21 248 152
6806 22 141 152
6807 23 184 152
6808 3 170 153
6809 4 151 153
6810 5 191 153
6811 6 201 153
6812 7 5 153
6813 8 26 153
6814 9 4 153
6815 10 14 153
6816 11 248 153
6817 12 3 153
6818 13 6 153
6819 14 178 153
6820 15 128 153
6821 16 59 153
6822 17 147 153
6823 18 53 153
6824 19 18 153
6825 20 70 153
6826 21 142 153
6827 22 192 153
6828 23 69 153
6829 25 210 153
6830 3 175 154
6831 4 9 154
6832 5 156 154
6833 6 157 154
6834 7 242 154
6835 8 226 154
6836 9 214 154
6837 10 188 154
6838 11 47 154
6839 12 215 154
6840 13 42 154
6841 14 57 154
6842 15 204 154
6843 16 163 154
6844 17 247 154
6845 18 152 154
6846 19 203 154
6847 20 226 154
6848 21 19 154
6849 22 185 154
6850 23 169 154
6851 24 50 154
6852 25 33 154
6853 26 100 154
6854 27 204 154
6855 2 152 155
6856 3 180 155
6857 4 168 155
6858 5 83 155
6859 6 92 155
6860 7 241 155
6861 8 219 155
6862 9 200 155
6863 10 129 155
6864 11 171 155
6865 12 221 155
6866 13 168 155
6867 14 81 155
6868 15 71 155
6869 16 203 155
6870 17 70 155
6871 18 110 155
6872 19 156 155
6873 20 176 155
6874 21 227 155
6875 22 74 155
6876 23 211 155
6877 24 52 155
6878 25 38 155
6879 26 132 155
6880 27 14 155
6881 28 246 155
6882 29 74 155
6883 2 215 156
6884 3 195 156
6885 4 21 156
6886 5 73 156
6887 6 55 156
6888 7 135 156
6889 8 237 156
6890 9 75 156
6891 10 197 156
6892 11 9 156
6893 12 26 156
6894 13 165 156
6895 14 206 156
6896 15 132 156
6897 16 67 156
6898 17 172 156
6899 18 126 156
6900 19 130 156
6901 20 46 156
6902 21 14 156
6903 22 44 156
6904 23 1 156
6905 24 91 156
6906 25 73 156
6907 26 117 156
6908 27 52 156
6909 28 127 156
6910 29 109 156
6911 30 85 156
6912 31 254 156
6913 2 7 157
6914 3 172 157
6915 4 55 157
6916 5 177 157
6917 6 174 157
6918 7 64 157
6919 8 50 157
6920 9 238 157
6921 10 119 157
6922 11 161 157
6923 12 87 157
6924 13 144 157
6925 14 187 157
6926 15 5 157
6927 16 216 157
6928 17 26 157
6929 18 216 157
6930 19 106 157
6931 20 89 157
6932 21 216 157
6933 22 127 157
6934 23 217 157
6935 24 102 157
6936 25 39 157
6937 26 22 157
6938 27 40 157
6939 28 244 157
6940 29 221 157
6941 30 238 157
6942 31 111 157
6943 32 116 157
6944 33 226 157
6945 1 8 158
6946 2 143 158
6947 3 123 158
6948 4 8 158
6949 5 183 158
6950 6 255 158
6951 7 119 158
6952 8 153 158
6953 9 210 158
6954 10 113 158
6955 11 71 158
6956 12 228 158
6957 13 78 158
6958 14 138 158
6959 15 104 158
6960 16 78 158
6961 17 231 158
6962 18 208 158
6963 19 228 158
6964 20 245 158
6965 21 21 158
6966 22 96 158
6967 23 196 158
6968 24 181 158
6969 25 56 158
6970 26 77 158
6971 27 22 158
6972 28 171 158
6973 29 219 158
6974 30 205 158
6975 31 28 158
6976 32 103 158
6977 33 88 158
6978 34 132 158
6979 35 31 158
6980 37 226 158
6981 1 3 159
6982 2 30 159
6983 3 214 159
6984 4 119 159
6985 5 125 159
6986 6 189 159
6987 7 118 159
6988 8 13 159
6989 9 1 159
6990 10 130 159
6991 11 49 159
6992 12 117 159
6993 13 227 159
6994 14 134 159
6995 15 150 159
6996 16 159 159
6997 17 21 159
6998 18 245 159
6999 19 90 159
7000 20 242 159
7001 21 200 159
7002 22 122 159
7003 23 158 159
7004 24 82 159
7005 25 71 159
7006 26 61 159
7007 27 206 159
7008 28 99 159
7009 29 34 159
7010 30 238 159
7011 31 137 159
7012 32 48 159
7013 33 51 159
7014 34 155 159
7015 35 120 159
7016 36 63 159
7017 37 256 159
7018 1 59 160
7019 2 175 160
7020 3 198 160
7021 4 215 160
7022 5 198 160
7023 6 249 160
7024 7 30 160
7025 8 235 160
7026 9 246 160
7027 11 179 160
7028 10 10 160
7029 12 220 160
7030 13 162 160
7031 14 128 160
7032 15 78 160
7033 16 247 160
7034 17 106 160
7035 18 195 160
7036 19 149 160
7037 20 60 160
7038 21 208 160
7039 22 79 160
7040 23 40 160
7041 24 218 160
7042 25 121 160
7043 26 96 160
7044 27 29 160
7045 28 175 160
7046 29 29 160
7047 30 245 160
7048 31 73 160
7049 32 208 160
7050 33 156 160
7051 34 76 160
7052 35 238 160
7053 36 163 160
7054 37 143 160
7055 38 253 160
7056 40 185 160
7057 0 226 161
7058 1 127 161
7059 2 94 161
7060 3 112 161
7061 4 23 161
7062 5 205 161
7063 6 223 161
7064 7 12 161
7065 8 99 161
7066 9 219 161
7067 10 15 161
7068 11 65 161
7069 12 125 161
7070 13 9 161
7071 14 79 161
7072 15 3 161
7073 16 222 161
7074 17 26 161
7075 18 167 161
7076 19 186 161
7077 20 49 161
7078 21 91 161
7079 22 206 161
7080 23 91 161
7081 24 106 161
7082 25 124 161
7083 26 182 161
7084 27 164 161
7085 28 148 161
7086 29 7 161
7087 30 8 161
7088 31 238 161
7089 32 17 161
7090 33 15 161
7091 34 53 161
7092 35 6 161
7093 36 137 161
7094 37 138 161
7095 38 203 161
7096 39 202 161
7097 40 244 161
7098 41 222 161
7099 43 100 161
7100 0 229 162
7101 1 35 162
7102 2 75 162
7103 3 24 162
7104 4 171 162
7105 5 94 162
7106 6 55 162
7107 7 178 162
7108 8 45 162
7109 9 71 162
7110 10 159 162
7111 11 89 162
7112 12 225 162
7113 13 172 162
7114 14 118 162
7115 15 214 162
7116 16 182 162
7117 17 156 162
7118 18 231 162
7119 19 145 162
7120 20 119 162
7121 21 64 162
7122 22 24 162
7123 23 60 162
7124 24 203 162
7125 25 104 162
7126 26 185 162
7127 27 60 162
7128 28 119 162
7129 29 27 162
7130 30 46 162
7131 31 85 162
7132 32 110 162
7133 33 22 162
7134 34 247 162
7135 35 199 162
7136 36 45 162
7137 37 218 162
7138 38 138 162
7139 39 43 162
7140 40 180 162
7141 41 219 162
7142 42 37 162
7143 43 57 162
7144 0 114 163
7145 1 80 163
7146 2 70 163
7147 3 126 163
7148 4 232 163
7149 5 4 163
7150 6 251 163
7151 7 224 163
7152 8 67 163
7153 9 14 163
7154 10 156 163
7155 11 240 163
7156 13 216 163
7157 12 216 163
7158 14 138 163
7159 15 52 163
7160 16 187 163
7161 17 208 163
7162 18 112 163
7163 19 140 163
7164 20 237 163
7165 21 208 163
7166 22 74 163
7167 23 231 163
7168 24 158 163
7169 25 155 163
7170 26 175 163
7171 27 219 163
7172 28 177 163
7173 29 177 163
7174 30 64 163
7175 31 8 163
7176 32 252 163
7177 33 100 163
7178 34 13 163
7179 35 250 163
7180 36 248 163
7181 37 236 163
7182 38 246 163
7183 39 213 163
7184 40 73 163
7185 41 146 163
7186 42 33 163
7187 43 135 163
7188 44 244 163
7189 45 36 163
7190 47 189 163
7191 0 223 164
7192 1 178 164
7193 2 255 164
7194 3 142 164
7195 4 215 164
7196 5 28 164
7197 6 231 164
7198 7 15 164
7199 8 169 164
7200 9 190 164
7201 10 248 164
7202 11 234 164
7203 12 59 164
7204 13 38 164
7205 14 189 164
7206 15 84 164
7207 16 211 164
7208 17 254 164
7209 18 188 164
7210 19 179 164
7211 20 114 164
7212 21 18 164
7213 22 192 164
7214 23 40 164
7215 24 128 164
7216 25 255 164
7217 26 62 164
7218 27 184 164
7219 28 192 164
7220 29 134 164
7221 30 88 164
7222 31 76 164
7223 32 30 164
7224 33 216 164
7225 34 45 164
7226 35 12 164
7227 36 180 164
7228 37 182 164
7229 38 188 164
7230 39 47 164
7231 40 46 164
7232 41 188 164
7233 42 5 164
7234 43 149 164
7235 44 148 164
7236 45 101 164
7237 46 134 164
7238 47 228 164
7239 0 83 165
7240 1 148 165
7241 2 92 165
7242 3 117 165
7243 4 158 165
7244 5 56 165
7245 6 113 165
7246 7 33 165
7247 8 245 165
7248 9 253 165
7249 10 198 165
7250 11 104 165
7251 12 231 165
7252 13 195 165
7253 14 65 165
7254 15 242 165
7255 16 91 165
7256 17 249 165
7257 18 164 165
7258 19 97 165
7259 20 71 165
7260 21 215 165
7261 22 137 165
7262 23 44 165
7263 24 146 165
7264 25 12 165
7265 26 211 165
7266 27 1 165
7267 28 113 165
7268 29 64 165
7269 30 252 165
7270 31 113 165
7271 48 185 165
7272 32 232 165
7273 44 59 165
7274 33 196 165
7275 39 11 165
7276 38 71 165
7277 34 187 165
7278 35 100 165
7279 36 12 165
7280 37 60 165
7281 40 199 165
7282 49 248 165
7283 46 223 165
7284 45 112 165
7285 42 235 165
7286 41 51 165
7287 43 130 165
7288 47 28 165
7289 50 81 165
7290 0 215 166
7291 1 40 166
7292 2 97 166
7293 48 101 166
7294 3 223 166
7295 44 85 166
7296 4 129 166
7297 39 254 166
7298 38 111 166
7299 5 217 166
7300 34 241 166
7301 51 192 166
7302 49 109 166
7303 46 251 166
7304 45 157 166
7305 42 125 166
7306 41 239 166
7307 40 234 166
7308 36 1 166
7309 52 32 166
7310 50 122 166
7311 48 176 167
7312 47 17 166
7313 44 227 167
7314 43 96 166
7315 39 147 167
7316 53 8 167
7317 51 159 167
7318 49 22 167
7319 46 149 167
7320 45 126 167
7321 42 12 167
7322 55 120 167
7323 52 155 167
7324 50 93 167
7325 48 210 168
7326 47 196 167
7327 54 217 168
7328 53 103 168
7329 51 216 168
7330 49 219 168
7331 57 167 168
7332 55 213 168
7333 52 36 168
7334 56 162 169
7335 54 76 169
7336 58 25 169
7337 59 251 170
7338 57 218 169
7339 53 85 169
7340 50 228 168
7341 46 153 168
7342 44 76 168
7343 41 184 167
7344 38 37 167
7345 35 49 166
7346 32 204 166
7347 6 129 166
7348 7 70 166
7349 8 249 166
7350 9 75 166
7351 10 26 166
7352 11 133 166
7353 12 248 166
7354 13 115 166
7355 14 1 166
7356 15 54 166
7357 16 171 166
7358 17 61 166
7359 18 4 166
7360 19 154 166
7361 20 145 166
7362 21 177 166
7363 22 239 166
7364 23 105 166
7365 24 28 166
7366 25 72 166
7367 61 122 170
7368 56 22 170
7369 55 189 169
7370 51 57 169
7371 48 38 169
7372 45 92 168
7373 43 99 167
7374 40 170 167
7375 37 10 166
7376 33 51 166
7377 30 34 166
7378 26 226 166
7379 27 251 166
7380 28 63 166
7381 29 38 166
7382 31 189 166
7383 0 53 167
7384 1 203 167
7385 2 137 167
7386 3 135 167
7387 4 1 167
7388 5 116 167
7389 6 81 167
7390 7 144 167
7391 8 13 167
7392 9 52 167
7393 10 65 167
7394 11 93 167
7395 12 95 167
7396 60 178 171
7397 58 214 170
7398 54 66 170
7399 52 138 169
7400 49 69 169
7401 47 77 168
7402 42 256 168
7403 39 89 168
7404 36 111 167
7405 34 154 167
7406 13 112 167
7407 14 160 167
7408 15 34 167
7409 16 157 167
7410 17 224 167
7411 18 143 167
7412 19 14 167
7413 20 171 167
7414 21 196 167
7415 22 180 167
7416 23 32 167
7417 24 232 167
7418 25 141 167
7419 26 233 167
7420 27 165 167
7421 28 50 167
7422 29 122 167
7423 30 122 167
7424 62 107 171
7425 59 182 171
7426 57 243 170
7427 53 163 170
7428 50 23 169
7429 46 50 169
7430 44 179 169
7431 41 244 168
7432 38 77 168
7433 35 227 167
7434 32 237 167
7435 31 229 167
7436 33 14 167
7437 37 59 167
7438 0 72 168
7439 1 32 168
7440 2 252 168
7441 3 107 168
7442 4 13 168
7443 5 141 168
7444 6 225 168
7445 7 160 168
7446 8 150 168
7447 9 56 168
7448 10 217 168
7449 11 188 168
7450 12 95 168
7451 63 91 172
7452 61 49 171
7453 56 21 171
7454 55 14 170
7455 51 70 170
7456 48 218 170
7457 45 122 169
7458 43 113 168
7459 40 176 168
7460 13 235 168
7461 14 115 168
7462 15 243 168
7463 16 103 168
7464 17 254 168
7465 18 36 168
7466 19 34 168
7467 20 16 168
7468 21 101 168
7469 22 179 168
7470 23 34 168
7471 24 46 168
7472 25 220 168
7473 26 198 168
7474 27 166 168
7475 28 209 168
7476 29 59 168
7477 64 174 172
7478 60 62 172
7479 58 105 171
7480 54 246 171
7481 52 183 170
7482 49 220 170
7483 47 79 169
7484 42 256 169
7485 39 47 169
7486 36 96 168
7487 34 126 168
7488 30 144 168
7489 31 129 168
7490 32 75 168
7491 33 73 168
7492 35 8 168
7493 37 142 168
7494 0 11 169
7495 1 151 169
7496 2 131 169
7497 3 125 169
7498 4 100 169
7499 5 139 169
7500 6 104 169
7501 7 62 169
7502 65 143 172
7503 62 181 172
7504 59 219 172
7505 57 154 171
7506 53 110 171
7507 50 159 170
7508 46 69 170
7509 44 53 170
7510 41 223 169
7511 38 63 169
7512 8 181 169
7513 9 192 169
7514 10 3 169
7515 11 190 169
7516 12 249 169
7517 13 65 169
7518 14 41 169
7519 15 59 169
7520 16 172 169
7521 17 49 169
7522 18 155 169
7523 19 167 169
7524 20 209 169
7525 21 51 169
7526 67 137 173
7527 63 238 173
7528 61 24 172
7529 56 58 172
7530 55 181 171
7531 51 104 171
7532 48 155 171
7533 45 240 170
7534 43 142 169
7535 40 68 169
7536 22 5 169
7537 23 2 169
7538 24 98 169
7539 25 88 169
7540 26 219 169
7541 27 83 169
7542 28 55 169
7543 29 156 169
7544 30 66 169
7545 31 27 169
7546 32 23 169
7547 33 71 169
7548 34 106 169
7549 66 27 174
7550 64 119 173
7551 60 252 173
7552 58 156 172
7553 54 227 172
7554 52 103 171
7555 49 180 171
7556 47 31 170
7557 42 39 170
7558 39 201 170
7559 36 58 169
7560 35 71 169
7561 37 140 169
7562 0 98 170
7563 1 22 170
7564 2 231 170
7565 3 186 170
7566 4 125 170
7567 5 212 170
7568 6 132 170
7569 7 19 170
7570 8 150 170
7571 68 188 174
7572 65 117 173
7573 62 78 173
7574 59 39 173
7575 57 255 172
7576 53 90 172
7577 50 60 171
7578 46 210 171
7579 44 20 171
7580 41 89 170
7581 38 145 170
7582 9 70 170
7583 10 160 170
7584 11 126 170
7585 12 72 170
7586 13 46 170
7587 14 87 170
7588 15 188 170
7589 16 156 170
7590 17 246 170
7591 18 57 170
7592 69 47 175
7593 67 11 174
7594 63 148 174
7595 61 204 173
7596 56 71 173
7597 55 153 172
7598 51 15 172
7599 48 10 172
7600 45 173 171
7601 43 93 170
7602 40 157 170
7603 19 186 170
7604 20 251 170
7605 21 120 170
7606 22 29 170
7607 23 55 170
7608 24 2 170
7609 25 26 170
7610 26 17 170
7611 27 39 170
7612 70 222 175
7613 66 27 175
7614 64 74 174
7615 60 218 174
7616 58 151 173
7617 54 217 173
7618 52 131 172
7619 49 194 172
7620 47 189 171
7621 42 40 171
7622 39 39 171
7623 36 188 170
7624 34 27 170
7625 29 193 170
7626 28 141 170
7627 30 83 170
7628 31 133 170
7629 32 57 170
7630 33 48 170
7631 71 184 175
7632 68 37 175
7633 65 49 174
7634 62 204 174
7635 59 102 174
7636 57 174 173
7637 53 97 173
7638 50 236 172
7639 46 142 172
7640 44 250 172
7641 41 213 171
7642 38 142 171
7643 35 195 170
7644 37 36 170
7645 0 169 171
7646 1 16 171
7647 2 18 171
7648 3 52 171
7649 72 147 176
7650 69 202 176
7651 67 7 175
7652 63 51 175
7653 61 65 174
7654 56 241 174
7655 55 23 173
7656 51 59 173
7657 48 125 173
7658 45 235 172
7659 43 55 171
7660 40 239 171
7661 4 98 171
7662 5 138 171
7663 6 49 171
7664 7 127 171
7665 8 12 171
7666 73 179 176
7667 70 205 176
7668 66 232 176
7669 64 154 175
7670 60 150 175
7671 58 217 174
7672 54 192 174
7673 52 224 173
7674 49 112 173
7675 47 74 172
7676 42 148 172
7677 39 230 172
7678 36 74 171
7679 34 209 171
7680 9 11 171
7681 10 137 171
7682 75 211 177
7683 71 244 176
7684 68 77 176
7685 65 227 175
7686 62 237 175
7687 59 247 175
7688 57 165 174
7689 53 56 174
7690 50 123 173
7691 46 234 173
7692 44 41 173
7693 41 221 172
7694 38 233 172
7695 35 253 171
7696 32 83 171
7697 74 106 178
7698 72 167 177
7699 69 212 177
7700 67 191 176
7701 63 252 176
7702 61 76 175
7703 56 214 175
7704 55 120 174
7705 51 95 174
7706 48 149 174
7707 45 239 173
7708 43 15 172
7709 40 12 172
7710 36 253 172
7711 76 61 178
7712 73 53 177
7713 70 121 177
7714 66 205 177
7715 64 126 176
7716 60 170 176
7717 58 14 175
7718 54 96 175
7719 52 230 174
7720 49 115 174
7721 47 139 173
7722 42 153 173
7723 39 128 173
7724 77 155 178
7725 75 113 178
7726 71 223 177
7727 68 63 177
7728 65 139 176
7729 62 7 176
7730 59 132 176
7731 57 196 175
7732 53 186 175
7733 50 124 174
7734 46 238 174
7735 44 127 174
7736 78 155 179
7737 74 174 179
7738 72 160 178
7739 69 80 178
7740 67 19 177
7741 63 66 177
7742 61 32 176
7743 56 210 176
7744 55 113 175
7745 51 31 175
7746 48 192 175
7747 79 180 179
7748 76 120 179
7749 73 20 178
7750 70 99 178
7751 66 116 178
7752 64 33 177
7753 60 137 177
7754 58 175 176
7755 54 93 176
7756 52 48 175
7757 80 60 180
7758 77 10 179
7759 75 118 179
7760 71 89 178
7761 68 145 178
7762 65 67 177
7763 62 216 177
7764 59 108 177
7765 56 72 177
7766 82 26 180
7767 78 10 180
7768 74 97 180
7769 72 201 179
7770 69 229 179
7771 67 122 178
7772 63 54 178
7773 61 233 177
7774 81 132 181
7775 79 194 180
7776 76 215 180
7777 73 250 179
7778 70 81 179
7779 66 238 179
7780 64 27 178
7781 83 97 181
7782 80 236 181
7783 77 125 180
7784 75 7 180
7785 71 213 179
7786 68 142 179
7787 84 194 182
7788 82 179 181
7789 78 125 181
7790 74 235 181
7791 72 71 180
7792 85 168 182
7793 81 64 182
7794 79 112 181
7795 76 246 181
7796 86 79 183
7797 83 56 182
7798 80 123 182
7799 87 28 183
7800 84 190 183
7801 88 14 184
7802 11 76 171
7803 12 181 171
7804 13 99 171
7805 14 12 171
7806 15 5 171
7807 16 206 171
7808 17 173 171
7809 18 154 171
7810 19 221 171
7811 20 36 171
7812 21 119 171
7813 22 82 171
7814 23 241 171
7815 24 220 171
7816 25 167 171
7817 26 107 171
7818 27 180 171
7819 28 170 171
7820 29 99 171
7821 30 249 171
7822 31 96 171
7823 33 166 171
7824 37 128 171
7825 0 198 172
7826 1 191 172
7827 2 216 172
7828 3 237 172
7829 4 231 172
7830 5 155 172
7831 6 139 172
7832 7 54 172
7833 8 217 172
7834 9 144 172
7835 10 136 172
7836 11 84 172
7837 12 16 172
7838 13 132 172
7839 14 9 172
7840 15 9 172
7841 16 129 172
7842 17 189 172
7843 18 18 172
7844 19 71 172
7845 20 83 172
7846 21 236 172
7847 22 92 172
7848 23 152 172
7849 24 112 172
7850 25 164 172
7851 26 252 172
7852 27 64 172
7853 28 119 172
7854 29 238 172
7855 30 24 172
7856 31 19 172
7857 32 91 172
7858 33 116 172
7859 34 188 172
7860 35 129 172
7861 37 207 172
7862 0 9 173
7863 1 141 173
7864 2 145 173
7865 3 97 173
7866 4 90 173
7867 5 37 173
7868 6 6 173
7869 7 1 173
7870 8 234 173
7871 9 22 173
7872 10 187 173
7873 11 36 173
7874 12 11 173
7875 13 20 173
7876 14 17 173
7877 15 132 173
7878 16 72 173
7879 17 142 173
7880 18 215 173
7881 19 165 173
7882 20 26 173
7883 21 221 173
7884 22 235 173
7885 23 242 173
7886 24 60 173
7887 25 210 173
7888 26 51 173
7889 27 28 173
7890 28 10 173
7891 29 153 173
7892 30 180 173
7893 31 83 173
7894 32 153 173
7895 33 107 173
7896 34 252 173
7897 35 13 173
7898 36 18 173
7899 37 16 173
7900 38 238 173
7901 40 135 173
7902 41 181 173
7903 43 20 173
7904 0 82 174
7905 1 209 174
7906 2 74 174
7907 3 250 174
7908 4 82 174
7909 5 216 174
7910 6 138 174
7911 7 11 174
7912 8 171 174
7913 9 2 174
7914 10 10 174
7915 11 248 174
7916 12 52 174
7917 13 89 174
7918 14 16 174
7919 15 213 174
7920 16 45 174
7921 17 233 174
7922 18 168 174
7923 19 202 174
7924 20 138 174
7925 21 164 174
7926 22 136 174
7927 23 91 174
7928 24 39 174
7929 25 107 174
7930 26 10 174
7931 27 69 174
7932 28 198 174
7933 29 189 174
7934 30 125 174
7935 31 143 174
7936 32 74 174
7937 33 239 174
7938 34 164 174
7939 35 77 174
7940 36 151 174
7941 37 252 174
7942 38 54 174
7943 39 159 174
7944 41 185 174
7945 40 162 174
7946 42 130 174
7947 43 189 174
7948 45 170 174
7949 47 140 174
7950 0 99 175
7951 1 38 175
7952 2 163 175
7953 3 161 175
7954 4 217 175
7955 5 75 175
7956 6 165 175
7957 7 214 175
7958 8 253 175
7959 9 251 175
7960 10 225 175
7961 11 223 175
7962 12 159 175
7963 13 82 175
7964 14 147 175
7965 15 64 175
7966 16 252 175
7967 17 241 175
7968 18 176 175
7969 19 82 175
7970 20 226 175
7971 21 186 175
7972 22 235 175
7973 23 191 175
7974 24 38 175
7975 25 37 175
7976 26 133 175
7977 27 133 175
7978 28 152 175
7979 29 25 175
7980 30 72 175
7981 31 130 175
7982 32 224 175
7983 33 145 175
7984 34 18 175
7985 35 142 175
7986 36 130 175
7987 37 112 175
7988 38 43 175
7989 39 108 175
7990 40 26 175
7991 41 51 175
7992 42 117 175
7993 43 3 175
7994 44 36 175
7995 45 206 175
7996 46 101 175
7997 47 173 175
7998 49 149 175
7999 50 247 175
8000 0 99 176
8001 1 211 176
8002 2 166 176
8003 3 135 176
8004 4 150 176
8005 5 253 176
8006 6 256 176
8007 7 223 176
8008 8 61 176
8009 9 102 176
8010 10 250 176
8011 11 197 176
8012 12 63 176
8013 13 195 176
8014 14 254 176
8015 15 197 176
8016 16 98 176
8017 17 152 176
8018 18 66 176
8019 19 75 176
8020 20 215 176
8021 21 129 176
8022 22 64 176
8023 23 179 176
8024 24 102 176
8025 25 233 176
8026 26 158 176
8027 27 53 176
8028 28 251 176
8029 29 234 176
8030 30 100 176
8031 31 57 176
8032 32 43 176
8033 33 160 176
8034 34 154 176
8035 35 220 176
8036 36 168 176
8037 37 113 176
8038 38 241 176
8039 39 197 176
8040 40 193 176
8041 41 170 176
8042 42 88 176
8043 43 58 176
8044 44 111 176
8045 45 98 176
8046 46 138 176
8047 47 228 176
8048 48 190 176
8049 49 68 176
8050 50 60 176
8051 51 31 176
8052 52 225 176
8053 53 135 176
8054 55 230 176
8055 57 38 176
8056 0 125 177
8057 1 186 177
8058 2 246 177
8059 3 101 177
8060 4 115 177
8061 5 237 177
8062 6 157 177
8063 7 25 177
8064 8 88 177
8065 9 158 177
8066 10 132 177
8067 11 21 177
8068 12 37 177
8069 13 178 177
8070 14 226 177
8071 15 237 177
8072 16 66 177
8073 17 96 177
8074 18 149 177
8075 19 132 177
8076 20 37 177
8077 21 98 177
8078 22 129 177
8079 23 118 177
8080 24 47 177
8081 25 59 177
8082 26 200 177
8083 27 197 177
8084 28 193 177
8085 29 193 177
8086 30 26 177
8087 31 132 177
8088 32 138 177
8089 33 120 177
8090 34 135 177
8091 35 248 177
8092 36 177 177
8093 37 131 177
8094 38 190 177
8095 39 40 177
8096 40 229 177
8097 41 2 177
8098 42 76 177
8099 43 89 177
8100 44 155 177
8101 45 216 177
8102 46 208 177
8103 47 37 177
8104 48 11 177
8105 49 77 177
8106 50 75 177
8107 51 256 177
8108 52 90 177
8109 53 143 177
8110 54 53 177
8111 55 144 177
8112 57 133 177
8113 58 72 177
8114 0 109 178
8115 1 118 178
8116 2 149 178
8117 3 196 178
8118 4 148 178
8119 5 75 178
8120 6 252 178
8121 7 160 178
8122 8 172 178
8123 9 1 178
8124 10 153 178
8125 11 252 178
8126 12 53 178
8127 13 52 178
8128 14 134 178
8129 15 25 178
8130 16 43 178
8131 17 181 178
8132 18 112 178
8133 19 50 178
8134 20 198 178
8135 21 198 178
8136 22 138 178
8137 23 169 178
8138 24 250 178
8139 25 120 178
8140 26 148 178
8141 27 40 178
8142 28 190 178
8143 29 208 178
8144 30 203 178
8145 31 175 178
8146 32 84 178
8147 33 17 178
8148 34 52 178
8149 35 45 178
8150 36 44 178
8151 37 157 178
8152 38 140 178
8153 39 194 178
8154 40 62 178
8155 41 37 178
8156 42 43 178
8157 43 89 178
8158 44 71 178
8159 45 157 178
8160 46 157 178
8161 47 240 178
8162 48 237 178
8163 49 174 178
8164 50 153 178
8165 51 63 178
8166 52 17 178
8167 53 123 178
8168 54 256 178
8169 55 92 178
8170 56 38 178
8171 57 199 178
8172 58 126 178
8173 59 134 178
8174 60 41 178
8175 61 23 178
8176 62 94 178
8177 65 81 178
8178 0 69 179
8179 1 109 179
8180 2 252 179
8181 3 133 179
8182 4 186 179
8183 5 134 179
8184 6 33 179
8185 7 224 179
8186 8 45 179
8187 9 208 179
8188 10 25 179
8189 11 254 179
8190 12 105 179
8191 13 146 179
8192 14 178 179
8193 15 206 179
8194 16 251 179
8195 17 133 179
8196 18 51 179
8197 19 178 179
8198 20 71 179
8199 21 191 179
8200 22 165 179
8201 23 165 179
8202 24 219 179
8203 25 77 179
8204 26 58 179
8205 27 107 179
8206 28 187 179
8207 29 94 179
8208 30 214 179
8209 31 222 179
8210 32 200 179
8211 33 231 179
8212 34 142 179
8213 35 32 179
8214 36 59 179
8215 37 238 179
8216 38 159 179
8217 39 143 179
8218 40 188 179
8219 41 48 179
8220 42 54 179
8221 43 115 179
8222 44 39 179
8223 45 187 179
8224 46 191 179
8225 47 133 179
8226 48 86 179
8227 49 132 179
8228 50 212 179
8229 51 220 179
8230 52 192 179
8231 53 223 179
8232 54 43 179
8233 55 150 179
8234 56 154 179
8235 57 86 179
8236 58 168 179
8237 59 180 179
8238 60 178 179
8239 61 69 179
8240 62 204 179
8241 63 76 179
8242 64 151 179
8243 65 108 179
8244 67 154 179
8245 0 67 180
8246 1 125 180
8247 2 35 180
8248 3 3 180
8249 4 194 180
8250 5 23 180
8251 6 125 180
8252 7 153 180
8253 8 33 180
8254 9 83 180
8255 10 74 180
8256 11 14 180
8257 12 212 180
8258 13 9 180
8259 14 124 180
8260 15 204 180
8261 16 89 180
8262 17 112 180
8263 18 162 180
8264 19 25 180
8265 20 219 180
8266 21 69 180
8267 22 166 180
8268 23 235 180
8269 24 253 180
8270 25 134 180
8271 26 121 180
8272 27 175 180
8273 28 82 180
8274 29 68 180
8275 30 14 180
8276 31 165 180
8277 32 9 180
8278 33 32 180
8279 34 242 180
8280 35 163 180
8281 36 70 180
8282 37 111 180
8283 38 107 180
8284 39 71 180
8285 40 50 180
8286 41 204 180
8287 42 181 180
8288 43 254 180
8289 44 231 180
8290 45 15 180
8291 46 125 180
8292 47 58 180
8293 48 78 180
8294 49 61 180
8295 50 30 180
8296 51 127 180
8297 52 188 180
8298 53 228 180
8299 54 214 180
8300 55 162 180
8301 56 38 180
8302 57 13 180
8303 58 159 180
8304 59 225 180
8305 60 191 180
8306 61 125 180
8307 62 207 180
8308 63 39 180
8309 64 240 180
8310 65 49 180
8311 66 184 180
8312 67 112 180
8313 68 198 180
8314 69 28 180
8315 70 14 180
8316 71 49 180
8317 73 200 180
8318 0 72 181
8319 1 110 181
8320 2 156 181
8321 3 66 181
8322 4 224 181
8323 5 135 181
8324 6 249 181
8325 7 72 181
8326 8 196 181
8327 9 253 181
8328 10 6 181
8329 11 108 181
8330 12 31 181
8331 13 126 181
8332 14 215 181
8333 15 108 181
8334 16 139 181
8335 17 25 181
8336 18 121 181
8337 19 199 181
8338 20 229 181
8339 21 87 181
8340 22 159 181
8341 23 65 181
8342 24 46 181
8343 25 212 181
8344 26 23 181
8345 27 7 181
8346 28 236 181
8347 29 194 181
8348 30 139 181
8349 31 219 181
8350 32 120 181
8351 33 160 181
8352 34 234 181
8353 35 57 181
8354 36 145 181
8355 37 92 181
8356 38 208 181
8357 39 210 181
8358 40 110 181
8359 41 4 181
8360 42 236 181
8361 43 249 181
8362 44 106 181
8363 45 212 181
8364 46 80 181
8365 47 240 181
8366 48 124 181
8367 49 234 181
8368 50 192 181
8369 51 4 181
8370 52 67 181
8371 53 227 181
8372 54 54 181
8373 55 248 181
8374 56 49 181
8375 57 110 181
8376 58 38 181
8377 59 153 181
8378 60 7 181
8379 61 181 181
8380 62 51 181
8381 63 236 181
8382 64 87 181
8383 65 68 181
8384 66 93 181
8385 67 167 181
8386 68 125 181
8387 69 80 181
8388 70 117 181
8389 71 204 181
8390 72 88 181
8391 73 27 181
8392 75 58 181
8393 77 253 181
8394 0 228 182
8395 1 89 182
8396 2 180 182
8397 3 223 182
8398 4 5 182
8399 5 34 182
8400 6 111 182
8401 7 223 182
8402 8 192 182
8403 9 100 182
8404 10 43 182
8405 11 148 182
8406 12 179 182
8407 13 114 182
8408 14 232 182
8409 15 204 182
8410 16 142 182
8411 17 71 182
8412 18 94 182
8413 19 80 182
8414 20 103 182
8415 21 6 182
8416 22 46 182
8417 23 217 182
8418 24 167 182
8419 25 242 182
8420 26 130 182
8421 27 158 182
8422 28 214 182
8423 29 122 182
8424 30 187 182
8425 31 115 182
8426 32 244 182
8427 33 206 182
8428 34 221 182
8429 35 254 182
8430 36 25 182
8431 37 66 182
8432 38 24 182
8433 39 58 182
8434 40 218 182
8435 41 188 182
8436 42 61 182
8437 43 166 182
8438 44 83 182
8439 45 150 182
8440 46 5 182
8441 47 155 182
8442 48 63 182
8443 49 34 182
8444 50 183 182
8445 51 77 182
8446 52 197 182
8447 53 105 182
8448 54 18 182
8449 55 229 182
8450 56 191 182
8451 57 132 182
8452 58 129 182
8453 59 148 182
8454 60 99 182
8455 61 30 182
8456 62 162 182
8457 63 98 182
8458 64 224 182
8459 65 125 182
8460 66 201 182
8461 67 42 182
8462 68 152 182
8463 69 256 182
8464 70 24 182
8465 71 233 182
8466 72 27 182
8467 73 16 182
8468 74 181 182
8469 75 131 182
8470 76 28 182
8471 77 216 182
8472 78 92 182
8473 79 72 182
8474 82 148 182
8475 0 198 183
8476 1 19 183
8477 2 176 183
8478 3 181 183
8479 4 252 183
8480 5 88 183
8481 6 22 183
8482 7 191 183
8483 8 58 183
8484 9 115 183
8485 0 54 184
8486 10 231 183
8487 0 18 185
8488 11 111 183
8489 12 210 183
8490 13 239 183
8491 14 91 183
8492 15 12 183
8493 16 33 183
8494 17 235 183
8495 18 210 183
8496 19 12 183
8497 20 82 183
8498 21 196 183
8499 22 159 183
8500 23 134 183
8501 24 58 183
8502 25 135 183
8503 26 24 183
8504 27 251 183
8505 28 113 183
8506 29 201 183
8507 30 220 183
8508 31 86 183
8509 32 29 183
8510 33 215 183
8511 34 178 183
8512 35 186 183
8513 36 77 183
8514 37 183 183
8515 38 109 183
8516 39 218 183
8517 40 79 183
8518 41 238 183
8519 42 229 183
8520 43 20 183
8521 44 113 183
8522 45 247 183
8523 46 163 183
8524 47 133 183
8525 48 74 183
8526 49 5 183
8527 50 159 183
8528 51 78 183
8529 52 30 183
8530 53 42 183
8531 54 254 183
8532 55 137 183
8533 56 89 183
8534 57 167 183
8535 58 251 183
8536 59 237 183
8537 60 192 183
8538 61 113 183
8539 62 171 183
8540 63 120 183
8541 64 144 183
8542 65 155 183
8543 66 23 183
8544 67 57 183
8545 68 214 183
8546 69 17 183
8547 70 158 183
8548 71 89 183
8549 72 99 183
8550 73 248 183
8551 74 118 183
8552 75 192 183
8553 76 160 183
8554 77 153 183
8555 78 41 183
8556 79 42 183
8557 80 240 183
8558 81 217 183
8559 82 127 183
8560 83 175 183
8561 85 140 183
8562 1 116 184
8563 2 102 184
8564 3 77 184
8565 4 248 184
8566 5 113 184
8567 6 4 184
8568 7 83 184
8569 8 231 184
8570 9 14 184
8571 10 142 184
8572 11 45 184
8573 12 231 184
8574 13 52 184
8575 14 170 184
8576 15 191 184
8577 16 59 184
8578 17 122 184
8579 18 106 184
8580 19 100 184
8581 20 35 184
8582 21 15 184
8583 22 168 184
8584 23 234 184
8585 24 164 184
8586 25 175 184
8587 26 43 184
8588 27 52 184
8589 28 48 184
8590 29 166 184
8591 30 112 184
8592 31 5 184
8593 32 199 184
8594 33 80 184
8595 34 237 184
8596 35 101 184
8597 36 244 184
8598 37 99 184
8599 38 246 184
8600 39 114 184
8601 40 92 184
8602 41 115 184
8603 42 139 184
8604 43 4 184
8605 44 246 184
8606 45 121 184
8607 46 155 184
8608 47 246 184
8609 48 12 184
8610 49 197 184
8611 50 113 184
8612 51 169 184
8613 52 239 184
8614 53 30 184
8615 54 18 184
8616 55 119 184
8617 56 136 184
8618 57 99 184
8619 58 78 184
8620 59 76 184
8621 60 201 184
8622 61 245 184
8623 62 90 184
8624 63 231 184
8625 64 164 184
8626 65 236 184
8627 66 120 184
8628 67 53 184
8629 68 20 184
8630 69 128 184
8631 70 38 184
8632 71 77 184
8633 72 141 184
8634 73 176 184
8635 74 88 184
8636 75 20 184
8637 76 60 184
8638 77 246 184
8639 78 203 184
8640 79 165 184
8641 80 200 184
8642 81 44 184
8643 82 176 184
8644 83 250 184
8645 84 8 184
8646 85 142 184
8647 86 23 184
8648 87 191 184
8649 89 12 184
8650 1 18 185
8651 2 154 185
8652 3 172 185
8653 4 252 185
8654 5 207 185
8655 6 109 185
8656 7 117 185
8657 8 217 185
8658 9 149 185
8659 10 14 185
8660 11 245 185
8661 12 114 185
8662 13 227 185
8663 14 250 185
8664 15 178 185
8665 16 113 185
8666 17 78 185
8667 18 219 185
8668 19 239 185
8669 20 79 185
8670 21 173 185
8671 22 230 185
8672 23 215 185
8673 24 99 185
8674 25 115 185
8675 26 98 185
8676 27 73 185
8677 28 182 185
8678 29 12 185
8679 30 123 185
8680 31 14 185
8681 32 40 185
8682 33 42 185
8683 34 117 185
8684 35 210 185
8685 36 96 185
8686 37 14 185
8687 38 104 185
8688 39 134 185
8689 40 39 185
8690 41 155 185
8691 42 107 185
8692 43 192 185
8693 44 224 185
8694 45 240 185
8695 46 232 185
8696 47 4 185
8697 48 30 185
8698 49 152 185
8699 50 212 185
8700 51 147 185
8701 52 19 185
8702 53 243 185
8703 54 163 185
8704 55 240 185
8705 56 100 185
8706 57 137 185
8707 58 101 185
8708 59 139 185
8709 60 11 185
8710 61 88 185
8711 62 182 185
8712 63 199 185
8713 64 151 185
8714 65 222 185
8715 66 84 185
8716 67 45 185
8717 68 4 185
8718 69 206 185
8719 70 15 185
8720 71 162 185
8721 72 220 185
8722 73 99 185
8723 74 24 185
8724 75 232 185
8725 76 31 185
8726 77 67 185
8727 78 238 185
8728 79 54 185
8729 80 238 185
8730 81 27 185
8731 82 165 185
8732 83 109 185
8733 84 21 185
8734 85 147 185
8735 86 118 185
8736 87 24 185
8737 88 84 185
8738 89 159 185
8739 90 189 185
8740 91 135 185
8741 92 164 185
8742 0 186 186
8743 1 177 186
8744 2 224 186
8745 3 232 186
8746 4 57 186
8747 5 115 186
8748 6 50 186
8749 7 239 186
8750 8 37 186
8751 9 16 186
8752 10 162 186
8753 11 105 186
8754 12 76 186
8755 13 131 186
8756 14 114 186
8757 15 119 186
8758 16 43 186
8759 17 179 186
8760 18 197 186
8761 19 164 186
8762 20 172 186
8763 21 175 186
8764 22 34 186
8765 23 114 186
8766 24 111 186
8767 25 78 186
8768 26 220 186
8769 27 218 186
8770 28 236 186
8771 29 113 186
8772 30 155 186
8773 31 103 186
8774 32 171 186
8775 33 63 186
8776 34 199 186
8777 35 216 186
8778 36 172 186
8779 37 18 186
8780 38 129 186
8781 39 243 186
8782 40 77 186
8783 41 240 186
8784 42 157 186
8785 43 179 186
8786 44 146 186
8787 45 252 186
8788 46 152 186
8789 47 231 186
8790 48 177 186
8791 49 90 186
8792 50 83 186
8793 51 71 186
8794 52 256 186
8795 53 93 186
8796 54 6 186
8797 55 30 186
8798 56 251 186
8799 57 154 186
8800 58 167 186
8801 59 100 186
8802 60 50 186
8803 61 115 186
8804 62 185 186
8805 63 141 186
8806 64 224 186
8807 65 219 186
8808 66 84 186
8809 67 89 186
8810 68 117 186
8811 69 64 186
8812 70 135 186
8813 71 153 186
8814 72 147 186
8815 73 103 186
8816 74 51 186
8817 75 209 186
8818 76 56 186
8819 77 151 186
8820 78 137 186
8821 79 232 186
8822 80 125 186
8823 81 8 186
8824 82 238 186
8825 83 58 186
8826 84 166 186
8827 85 63 186
8828 86 98 186
8829 87 121 186
8830 88 186 186
8831 89 214 186
8832 90 31 186
8833 91 5 186
8834 92 216 186
8835 93 218 186
8836 0 125 187
8837 1 230 187
8838 2 224 187
8839 3 197 187
8840 4 146 187
8841 5 69 187
8842 6 133 187
8843 7 52 187
8844 8 7 187
8845 9 174 187
8846 10 124 187
8847 11 44 187
8848 12 81 187
8849 13 245 187
8850 14 114 187
8851 15 152 187
8852 16 44 187
8853 17 170 187
8854 18 12 187
8855 19 6 187
8856 20 78 187
8857 21 174 187
8858 22 67 187
8859 23 127 187
8860 24 44 187
8861 25 245 187
8862 26 96 187
8863 27 100 187
8864 28 73 187
8865 29 248 187
8866 30 251 187
8867 31 193 187
weights 188 188 188 188 188 188 188 188 188 188 188 188 188 188 188 188 188 188 188 188 188 188 188 188 188 188 188 188 188 188 188 188 187 187 187 187 187 187 187 187 187 187 187 187 187 187 187 187 187 187 187 187 187 187 187 187 187 187 187 187 187 187 187 187 187 187 187 187 187 187 187 187 187 187 187 187 187 187 187 187 187 187 187 187 187 187 187 187 187 187 187 187 187 187
