exact project closure files: 3691
Math/B699/CofactorCriterion.lean
research/tasks/B699-Binomial/runs/20260909-large-prime-structure-cb4764f0/lean/GapBridge.lean
research/tasks/B699-Binomial/runs/20260908-external-reductions-b3c1b7/lean/DivisorTransfer.lean
research/tasks/B699-Binomial/runs/20260909-large-prime-structure-cb4764f0/lean/PrimePowerTransfer.lean
research/tasks/B699-Binomial/runs/20260909-large-prime-structure-cb4764f0/lean/SmallPartBound.lean
research/tasks/B699-Binomial/runs/20260909-low-index-structure-b41a5a63/lean/ThreeWindowWeights.lean
research/tasks/B699-Binomial/runs/20260909-low-index-structure-b41a5a63/lean/ThreeWindowSize.lean
research/tasks/B699-Binomial/runs/20260909-eees-chain-5a2e10/lean/PowerBounds.lean
research/tasks/B699-Binomial/runs/20260909-low-index-structure-b41a5a63/lean/HeightCertificate.lean
research/tasks/B699-Binomial/runs/20260909-low-index-structure-b41a5a63/lean/HeightCertificateData.lean
research/tasks/B699-Binomial/runs/20260909-low-index-structure-b41a5a63/lean/RegisteredHeights.lean
research/tasks/B699-Binomial/runs/20260909-low-index-structure-b41a5a63/lean/LargeSmallPowers.lean
research/tasks/B699-Binomial/runs/20260909-low-index-structure-b41a5a63/lean/CofactorCover.lean
research/tasks/B686-Four/round8/lean/BigPrimeSupport.lean
research/tasks/B686-Four/formalization/UniformDistance/SmallPrime.lean
research/tasks/B699-Binomial/runs/20260909-low-index-structure-b41a5a63/lean/SmallPrimeLocalization.lean
research/tasks/B699-Binomial/runs/20260909-low-index-structure-b41a5a63/lean/SmallPowerIntervals.lean
research/tasks/B699-Binomial/runs/20260909-low-index-structure-b41a5a63/lean/PrimePowerEnumeration.lean
research/tasks/B699-Binomial/runs/20260909-low-index-structure-b41a5a63/lean/LargeDivisorWitness.lean
research/tasks/B699-Binomial/runs/20260909-low-index-structure-b41a5a63/lean/IntervalCover.lean
research/tasks/B699-Binomial/runs/20260909-low-index-structure-b41a5a63/lean/FiniteCover.lean
research/tasks/B699-Binomial/runs/20260911-low-index-lean-513dc7cc/lean/Row029Data.lean
research/tasks/B699-Binomial/runs/20260911-low-index-lean-513dc7cc/lean/Layer000.lean
research/tasks/B699-Binomial/runs/20260911-low-index-lean-513dc7cc/lean/rows/Row029J2/Block008.lean
research/tasks/B699-Binomial/runs/20260911-low-index-lean-513dc7cc/lean/rows/Row029J2/Block009.lean
research/tasks/B699-Binomial/runs/20260911-low-index-lean-513dc7cc/lean/rows/Row029J2/Block010.lean
research/tasks/B699-Binomial/runs/20260911-low-index-lean-513dc7cc/lean/rows/Row029J2/Block011.lean
research/tasks/B699-Binomial/runs/20260911-low-index-lean-513dc7cc/lean/rows/Row029J2/Block012.lean
research/tasks/B699-Binomial/runs/20260911-low-index-lean-513dc7cc/lean/rows/Row029J2/Block013.lean
research/tasks/B699-Binomial/runs/20260911-low-index-lean-513dc7cc/lean/rows/Row029J2/Block014.lean
research/tasks/B699-Binomial/runs/20260911-low-index-lean-513dc7cc/lean/rows/Row029J2/Block015.lean
research/tasks/B699-Binomial/runs/20260911-low-index-lean-513dc7cc/lean/rows/Row029J2/Block016.lean
research/tasks/B699-Binomial/runs/20260911-low-index-lean-513dc7cc/lean/rows/Row029J2/Block017.lean
research/tasks/B699-Binomial/runs/20260911-low-index-lean-513dc7cc/lean/rows/Row029J2/Block018.lean
research/tasks/B699-Binomial/runs/20260911-low-index-lean-513dc7cc/lean/rows/Row029J2/Block019.lean
research/tasks/B699-Binomial/runs/20260911-low-index-lean-513dc7cc/lean/rows/Row029J2/Block020.lean
research/tasks/B699-Binomial/runs/20260911-low-index-lean-513dc7cc/lean/rows/Row029J2/Block021.lean
research/tasks/B699-Binomial/runs/20260911-low-index-lean-513dc7cc/lean/Layer113.lean
research/tasks/B699-Binomial/runs/20260911-low-index-lean-513dc7cc/lean/rows/Row029J2/Block022.lean
research/tasks/B699-Binomial/runs/20260909-low-index-structure-b41a5a63/lean/TrialPrimeCheck.lean
research/tasks/B699-Binomial/runs/20260911-low-index-lean-513dc7cc/lean/WitnessBridge.lean
research/tasks/B699-Binomial/runs/20260911-low-index-lean-513dc7cc/lean/Witness227.lean
research/tasks/B699-Binomial/runs/20260911-low-index-lean-513dc7cc/lean/Witness000.lean
research/tasks/B699-Binomial/runs/20260911-low-index-lean-513dc7cc/lean/rows/Row029J2/Block000.lean
research/tasks/B699-Binomial/runs/20260911-low-index-lean-513dc7cc/lean/Witness056.lean
research/tasks/B699-Binomial/runs/20260911-low-index-lean-513dc7cc/lean/rows/Row029J2/Block001.lean
research/tasks/B699-Binomial/runs/20260911-low-index-lean-513dc7cc/lean/rows/Row029J2/Block002.lean
research/tasks/B699-Binomial/runs/20260911-low-index-lean-513dc7cc/lean/rows/Row029J2/Block003.lean
research/tasks/B699-Binomial/runs/20260911-low-index-lean-513dc7cc/lean/rows/Row029J2/Block004.lean
research/tasks/B699-Binomial/runs/20260911-low-index-lean-513dc7cc/lean/rows/Row029J2/Block005.lean
research/tasks/B699-Binomial/runs/20260911-low-index-lean-513dc7cc/lean/rows/Row029J2/Block006.lean
research/tasks/B699-Binomial/runs/20260911-low-index-lean-513dc7cc/lean/rows/Row029J2/Block007.lean
research/tasks/B699-Binomial/runs/20260911-low-index-lean-513dc7cc/lean/rows/Row029J2/Block023.lean
research/tasks/B699-Binomial/runs/20260911-low-index-lean-513dc7cc/lean/rows/Row029J2/Original.lean
research/tasks/B699-Binomial/runs/20260911-low-index-lean-513dc7cc/lean/rows/Row035J2/Block000.lean
research/tasks/B699-Binomial/runs/20260911-low-index-lean-513dc7cc/lean/LayerParts.lean
research/tasks/B699-Binomial/runs/20260911-low-index-lean-513dc7cc/lean/rows/Row035J2/Block009.lean
research/tasks/B699-Binomial/runs/20260911-low-index-lean-513dc7cc/lean/rows/Row035J2/Block001.lean
research/tasks/B699-Binomial/runs/20260911-low-index-lean-513dc7cc/lean/rows/Row035J2/Block002.lean
research/tasks/B699-Binomial/runs/20260911-low-index-lean-513dc7cc/lean/rows/Row035J2/Block003.lean
research/tasks/B699-Binomial/runs/20260911-low-index-lean-513dc7cc/lean/rows/Row035J2/Block004.lean
research/tasks/B699-Binomial/runs/20260911-low-index-lean-513dc7cc/lean/rows/Row035J2/Block005.lean
research/tasks/B699-Binomial/runs/20260911-low-index-lean-513dc7cc/lean/rows/Row035J2/Block006.lean
research/tasks/B699-Binomial/runs/20260911-low-index-lean-513dc7cc/lean/rows/Row035J2/Block007.lean
research/tasks/B699-Binomial/runs/20260911-low-index-lean-513dc7cc/lean/rows/Row035J2/Block008.lean
research/tasks/B699-Binomial/runs/20260911-low-index-lean-513dc7cc/lean/rows/Row035J2/Block494.lean
research/tasks/B699-Binomial/runs/20260911-low-index-lean-513dc7cc/lean/rows/Row035J2/Block495.lean
research/tasks/B699-Binomial/runs/20260911-low-index-lean-513dc7cc/lean/rows/Row035J2/Block496.lean
research/tasks/B699-Binomial/runs/20260911-low-index-lean-513dc7cc/lean/rows/Row035J2/Block497.lean
research/tasks/B699-Binomial/runs/20260911-low-index-lean-513dc7cc/lean/rows/Row035J2/Block498.lean
research/tasks/B699-Binomial/runs/20260911-low-index-lean-513dc7cc/lean/rows/Row035J2/Block499.lean
research/tasks/B699-Binomial/runs/20260911-low-index-lean-513dc7cc/lean/rows/Row035J2/Block500.lean
research/tasks/B699-Binomial/runs/20260911-low-index-lean-513dc7cc/lean/rows/Row035J2/Block501.lean
research/tasks/B699-Binomial/runs/20260911-low-index-lean-513dc7cc/lean/rows/Row035J2/Block502.lean
research/tasks/B699-Binomial/runs/20260911-low-index-lean-513dc7cc/lean/rows/Row035J2/Block503.lean
research/tasks/B699-Binomial/runs/20260911-low-index-lean-513dc7cc/lean/rows/Row035J2/Block504.lean
research/tasks/B699-Binomial/runs/20260911-low-index-lean-513dc7cc/lean/rows/Row035J2/Block505.lean
research/tasks/B699-Binomial/runs/20260911-low-index-lean-513dc7cc/lean/rows/Row035J2/Block506.lean
research/tasks/B699-Binomial/runs/20260911-low-index-lean-513dc7cc/lean/rows/Row035J2/Block010.lean
research/tasks/B699-Binomial/runs/20260911-low-index-lean-513dc7cc/lean/rows/Row035J2/Block011.lean
research/tasks/B699-Binomial/runs/20260911-low-index-lean-513dc7cc/lean/rows/Row035J2/Block012.lean
research/tasks/B699-Binomial/runs/20260911-low-index-lean-513dc7cc/lean/rows/Row035J2/Block013.lean
research/tasks/B699-Binomial/runs/20260911-low-index-lean-513dc7cc/lean/rows/Row035J2/Block014.lean
research/tasks/B699-Binomial/runs/20260911-low-index-lean-513dc7cc/lean/PairChunks.lean
research/tasks/B699-Binomial/runs/20260911-low-index-lean-513dc7cc/lean/rows/Row035J2/Block015.lean
research/tasks/B699-Binomial/runs/20260911-low-index-lean-513dc7cc/lean/rows/Row035J2/Block016.lean
research/tasks/B699-Binomial/runs/20260911-low-index-lean-513dc7cc/lean/rows/Row035J2/Block017.lean
research/tasks/B699-Binomial/runs/20260911-low-index-lean-513dc7cc/lean/rows/Row035J2/Block018.lean
research/tasks/B699-Binomial/runs/20260911-low-index-lean-513dc7cc/lean/rows/Row035J2/Block019.lean
research/tasks/B699-Binomial/runs/20260911-low-index-lean-513dc7cc/lean/rows/Row035J2/Block020.lean
research/tasks/B699-Binomial/runs/20260911-low-index-lean-513dc7cc/lean/rows/Row035J2/Block021.lean
research/tasks/B699-Binomial/runs/20260911-low-index-lean-513dc7cc/lean/rows/Row035J2/Block022.lean
research/tasks/B699-Binomial/runs/20260911-low-index-lean-513dc7cc/lean/rows/Row035J2/Block023.lean
research/tasks/B699-Binomial/runs/20260911-low-index-lean-513dc7cc/lean/rows/Row035J2/Block024.lean
research/tasks/B699-Binomial/runs/20260911-low-index-lean-513dc7cc/lean/rows/Row035J2/Block025.lean
research/tasks/B699-Binomial/runs/20260911-low-index-lean-513dc7cc/lean/rows/Row035J2/Block026.lean
research/tasks/B699-Binomial/runs/20260911-low-index-lean-513dc7cc/lean/rows/Row035J2/Block027.lean
research/tasks/B699-Binomial/runs/20260911-low-index-lean-513dc7cc/lean/rows/Row035J2/Block028.lean
research/tasks/B699-Binomial/runs/20260911-low-index-lean-513dc7cc/lean/rows/Row035J2/Block029.lean
research/tasks/B699-Binomial/runs/20260911-low-index-lean-513dc7cc/lean/rows/Row035J2/Block031.lean
research/tasks/B699-Binomial/runs/20260911-low-index-lean-513dc7cc/lean/rows/Row035J2/Block032.lean
research/tasks/B699-Binomial/runs/20260911-low-index-lean-513dc7cc/lean/rows/Row035J2/Block033.lean
research/tasks/B699-Binomial/runs/20260911-low-index-lean-513dc7cc/lean/rows/Row035J2/Block034.lean
research/tasks/B699-Binomial/runs/20260911-low-index-lean-513dc7cc/lean/rows/Row035J2/Block030.lean
research/tasks/B699-Binomial/runs/20260911-low-index-lean-513dc7cc/lean/rows/Row035J2/Block035.lean
research/tasks/B699-Binomial/runs/20260911-low-index-lean-513dc7cc/lean/rows/Row035J2/Block036.lean
research/tasks/B699-Binomial/runs/20260911-low-index-lean-513dc7cc/lean/rows/Row035J2/Block038.lean
research/tasks/B699-Binomial/runs/20260911-low-index-lean-513dc7cc/lean/rows/Row035J2/Block039.lean
research/tasks/B699-Binomial/runs/20260911-low-index-lean-513dc7cc/lean/rows/Row035J2/Block040.lean
research/tasks/B699-Binomial/runs/20260911-low-index-lean-513dc7cc/lean/rows/Row035J2/Block041.lean
research/tasks/B699-Binomial/runs/20260911-low-index-lean-513dc7cc/lean/rows/Row035J2/Block037.lean
research/tasks/B699-Binomial/runs/20260911-low-index-lean-513dc7cc/lean/rows/Row035J2/Block042.lean
research/tasks/B699-Binomial/runs/20260911-low-index-lean-513dc7cc/lean/rows/Row035J2/Block043.lean
research/tasks/B699-Binomial/runs/20260911-low-index-lean-513dc7cc/lean/rows/Row035J2/Block044.lean
research/tasks/B699-Binomial/runs/20260911-low-index-lean-513dc7cc/lean/rows/Row035J2/Block045.lean
research/tasks/B699-Binomial/runs/20260911-low-index-lean-513dc7cc/lean/rows/Row035J2/Block046.lean
research/tasks/B699-Binomial/runs/20260911-low-index-lean-513dc7cc/lean/rows/Row035J2/Block047.lean
research/tasks/B699-Binomial/runs/20260911-low-index-lean-513dc7cc/lean/rows/Row035J2/Block048.lean
research/tasks/B699-Binomial/runs/20260911-low-index-lean-513dc7cc/lean/rows/Row035J2/Block049.lean
research/tasks/B699-Binomial/runs/20260911-low-index-lean-513dc7cc/lean/rows/Row035J2/Block050.lean
research/tasks/B699-Binomial/runs/20260911-low-index-lean-513dc7cc/lean/rows/Row035J2/Block051.lean
research/tasks/B699-Binomial/runs/20260911-low-index-lean-513dc7cc/lean/rows/Row035J2/Block052.lean
research/tasks/B699-Binomial/runs/20260911-low-index-lean-513dc7cc/lean/rows/Row035J2/Block053.lean
research/tasks/B699-Binomial/runs/20260911-low-index-lean-513dc7cc/lean/rows/Row035J2/Block054.lean
research/tasks/B699-Binomial/runs/20260911-low-index-lean-513dc7cc/lean/rows/Row035J2/Block055.lean
research/tasks/B699-Binomial/runs/20260911-low-index-lean-513dc7cc/lean/rows/Row035J2/Block056.lean
research/tasks/B699-Binomial/runs/20260911-low-index-lean-513dc7cc/lean/rows/Row035J2/Block057.lean
research/tasks/B699-Binomial/runs/20260911-low-index-lean-513dc7cc/lean/rows/Row035J2/Block058.lean
research/tasks/B699-Binomial/runs/20260911-low-index-lean-513dc7cc/lean/rows/Row035J2/Block059.lean
research/tasks/B699-Binomial/runs/20260911-low-index-lean-513dc7cc/lean/rows/Row035J2/Block060.lean
research/tasks/B699-Binomial/runs/20260911-low-index-lean-513dc7cc/lean/rows/Row035J2/Block061.lean
research/tasks/B699-Binomial/runs/20260911-low-index-lean-513dc7cc/lean/rows/Row035J2/Block063.lean
research/tasks/B699-Binomial/runs/20260911-low-index-lean-513dc7cc/lean/rows/Row035J2/Block064.lean
research/tasks/B699-Binomial/runs/20260911-low-index-lean-513dc7cc/lean/rows/Row035J2/Block065.lean
research/tasks/B699-Binomial/runs/20260911-low-index-lean-513dc7cc/lean/rows/Row035J2/Block066.lean
research/tasks/B699-Binomial/runs/20260911-low-index-lean-513dc7cc/lean/rows/Row035J2/Block062.lean
research/tasks/B699-Binomial/runs/20260911-low-index-lean-513dc7cc/lean/rows/Row035J2/Block067.lean
research/tasks/B699-Binomial/runs/20260911-low-index-lean-513dc7cc/lean/rows/Row035J2/Block068.lean
research/tasks/B699-Binomial/runs/20260911-low-index-lean-513dc7cc/lean/rows/Row035J2/Block069.lean
research/tasks/B699-Binomial/runs/20260911-low-index-lean-513dc7cc/lean/rows/Row035J2/Block070.lean
research/tasks/B699-Binomial/runs/20260911-low-index-lean-513dc7cc/lean/rows/Row035J2/Block071.lean
research/tasks/B699-Binomial/runs/20260911-low-index-lean-513dc7cc/lean/rows/Row035J2/Block072.lean
research/tasks/B699-Binomial/runs/20260911-low-index-lean-513dc7cc/lean/rows/Row035J2/Block073.lean
research/tasks/B699-Binomial/runs/20260911-low-index-lean-513dc7cc/lean/rows/Row035J2/Block074.lean
research/tasks/B699-Binomial/runs/20260911-low-index-lean-513dc7cc/lean/rows/Row035J2/Block075.lean
research/tasks/B699-Binomial/runs/20260911-low-index-lean-513dc7cc/lean/rows/Row035J2/Block076.lean
research/tasks/B699-Binomial/runs/20260911-low-index-lean-513dc7cc/lean/rows/Row035J2/Block077.lean
research/tasks/B699-Binomial/runs/20260911-low-index-lean-513dc7cc/lean/rows/Row035J2/Block078.lean
research/tasks/B699-Binomial/runs/20260911-low-index-lean-513dc7cc/lean/rows/Row035J2/Block079.lean
research/tasks/B699-Binomial/runs/20260911-low-index-lean-513dc7cc/lean/rows/Row035J2/Block080.lean
research/tasks/B699-Binomial/runs/20260911-low-index-lean-513dc7cc/lean/rows/Row035J2/Block081.lean
research/tasks/B699-Binomial/runs/20260911-low-index-lean-513dc7cc/lean/rows/Row035J2/Block082.lean
research/tasks/B699-Binomial/runs/20260911-low-index-lean-513dc7cc/lean/rows/Row035J2/Block083.lean
research/tasks/B699-Binomial/runs/20260911-low-index-lean-513dc7cc/lean/rows/Row035J2/Block084.lean
research/tasks/B699-Binomial/runs/20260911-low-index-lean-513dc7cc/lean/rows/Row035J2/Block085.lean
research/tasks/B699-Binomial/runs/20260911-low-index-lean-513dc7cc/lean/rows/Row035J2/Block086.lean
research/tasks/B699-Binomial/runs/20260911-low-index-lean-513dc7cc/lean/rows/Row035J2/Block088.lean
research/tasks/B699-Binomial/runs/20260911-low-index-lean-513dc7cc/lean/rows/Row035J2/Block089.lean
research/tasks/B699-Binomial/runs/20260911-low-index-lean-513dc7cc/lean/rows/Row035J2/Block090.lean
research/tasks/B699-Binomial/runs/20260911-low-index-lean-513dc7cc/lean/rows/Row035J2/Block087.lean
research/tasks/B699-Binomial/runs/20260911-low-index-lean-513dc7cc/lean/rows/Row035J2/Block091.lean
research/tasks/B699-Binomial/runs/20260911-low-index-lean-513dc7cc/lean/rows/Row035J2/Block092.lean
research/tasks/B699-Binomial/runs/20260911-low-index-lean-513dc7cc/lean/rows/Row035J2/Block093.lean
research/tasks/B699-Binomial/runs/20260911-low-index-lean-513dc7cc/lean/rows/Row035J2/Block094.lean
research/tasks/B699-Binomial/runs/20260911-low-index-lean-513dc7cc/lean/rows/Row035J2/Block095.lean
research/tasks/B699-Binomial/runs/20260911-low-index-lean-513dc7cc/lean/rows/Row035J2/Block096.lean
research/tasks/B699-Binomial/runs/20260911-low-index-lean-513dc7cc/lean/rows/Row035J2/Block097.lean
research/tasks/B699-Binomial/runs/20260911-low-index-lean-513dc7cc/lean/rows/Row035J2/Block098.lean
research/tasks/B699-Binomial/runs/20260911-low-index-lean-513dc7cc/lean/rows/Row035J2/Block099.lean
research/tasks/B699-Binomial/runs/20260911-low-index-lean-513dc7cc/lean/rows/Row035J2/Block100.lean
research/tasks/B699-Binomial/runs/20260911-low-index-lean-513dc7cc/lean/rows/Row035J2/Block101.lean
research/tasks/B699-Binomial/runs/20260911-low-index-lean-513dc7cc/lean/rows/Row035J2/Block102.lean
research/tasks/B699-Binomial/runs/20260911-low-index-lean-513dc7cc/lean/rows/Row035J2/Block103.lean
research/tasks/B699-Binomial/runs/20260911-low-index-lean-513dc7cc/lean/rows/Row035J2/Block105.lean
research/tasks/B699-Binomial/runs/20260911-low-index-lean-513dc7cc/lean/rows/Row035J2/Block106.lean
research/tasks/B699-Binomial/runs/20260911-low-index-lean-513dc7cc/lean/rows/Row035J2/Block107.lean
research/tasks/B699-Binomial/runs/20260911-low-index-lean-513dc7cc/lean/rows/Row035J2/Block104.lean
research/tasks/B699-Binomial/runs/20260911-low-index-lean-513dc7cc/lean/rows/Row035J2/Block108.lean
research/tasks/B699-Binomial/runs/20260911-low-index-lean-513dc7cc/lean/rows/Row035J2/Block109.lean
research/tasks/B699-Binomial/runs/20260911-low-index-lean-513dc7cc/lean/rows/Row035J2/Block126.lean
research/tasks/B699-Binomial/runs/20260911-low-index-lean-513dc7cc/lean/rows/Row035J2/Block127.lean
research/tasks/B699-Binomial/runs/20260911-low-index-lean-513dc7cc/lean/rows/Row035J2/Block128.lean
research/tasks/B699-Binomial/runs/20260911-low-index-lean-513dc7cc/lean/rows/Row035J2/Block129.lean
research/tasks/B699-Binomial/runs/20260911-low-index-lean-513dc7cc/lean/rows/Row035J2/Block130.lean
research/tasks/B699-Binomial/runs/20260911-low-index-lean-513dc7cc/lean/rows/Row035J2/Block111.lean
research/tasks/B699-Binomial/runs/20260911-low-index-lean-513dc7cc/lean/rows/Row035J2/Block112.lean
research/tasks/B699-Binomial/runs/20260911-low-index-lean-513dc7cc/lean/rows/Row035J2/Block113.lean
research/tasks/B699-Binomial/runs/20260911-low-index-lean-513dc7cc/lean/rows/Row035J2/Block110.lean
research/tasks/B699-Binomial/runs/20260911-low-index-lean-513dc7cc/lean/rows/Row035J2/Block114.lean
research/tasks/B699-Binomial/runs/20260911-low-index-lean-513dc7cc/lean/rows/Row035J2/Block115.lean
research/tasks/B699-Binomial/runs/20260911-low-index-lean-513dc7cc/lean/rows/Row035J2/Block116.lean
research/tasks/B699-Binomial/runs/20260911-low-index-lean-513dc7cc/lean/rows/Row035J2/Block117.lean
research/tasks/B699-Binomial/runs/20260911-low-index-lean-513dc7cc/lean/rows/Row035J2/Block118.lean
research/tasks/B699-Binomial/runs/20260911-low-index-lean-513dc7cc/lean/rows/Row035J2/Block119.lean
research/tasks/B699-Binomial/runs/20260911-low-index-lean-513dc7cc/lean/rows/Row035J2/Block120.lean
research/tasks/B699-Binomial/runs/20260911-low-index-lean-513dc7cc/lean/rows/Row035J2/Block121.lean
research/tasks/B699-Binomial/runs/20260911-low-index-lean-513dc7cc/lean/rows/Row035J2/Block122.lean
research/tasks/B699-Binomial/runs/20260911-low-index-lean-513dc7cc/lean/rows/Row035J2/Block123.lean
research/tasks/B699-Binomial/runs/20260911-low-index-lean-513dc7cc/lean/rows/Row035J2/Block124.lean
research/tasks/B699-Binomial/runs/20260911-low-index-lean-513dc7cc/lean/rows/Row035J2/Block125.lean
research/tasks/B699-Binomial/runs/20260911-low-index-lean-513dc7cc/lean/rows/Row035J2/Block131.lean
research/tasks/B699-Binomial/runs/20260911-low-index-lean-513dc7cc/lean/rows/Row035J2/Block132.lean
research/tasks/B699-Binomial/runs/20260911-low-index-lean-513dc7cc/lean/rows/Row035J2/Block133.lean
research/tasks/B699-Binomial/runs/20260911-low-index-lean-513dc7cc/lean/rows/Row035J2/Block134.lean
research/tasks/B699-Binomial/runs/20260911-low-index-lean-513dc7cc/lean/rows/Row035J2/Block135.lean
research/tasks/B699-Binomial/runs/20260911-low-index-lean-513dc7cc/lean/rows/Row035J2/Block136.lean
research/tasks/B699-Binomial/runs/20260911-low-index-lean-513dc7cc/lean/rows/Row035J2/Block137.lean
research/tasks/B699-Binomial/runs/20260911-low-index-lean-513dc7cc/lean/rows/Row035J2/Block138.lean
research/tasks/B699-Binomial/runs/20260911-low-index-lean-513dc7cc/lean/rows/Row035J2/Block139.lean
research/tasks/B699-Binomial/runs/20260911-low-index-lean-513dc7cc/lean/rows/Row035J2/Block140.lean
research/tasks/B699-Binomial/runs/20260911-low-index-lean-513dc7cc/lean/rows/Row035J2/Block141.lean
research/tasks/B699-Binomial/runs/20260911-low-index-lean-513dc7cc/lean/rows/Row035J2/Block142.lean
research/tasks/B699-Binomial/runs/20260911-low-index-lean-513dc7cc/lean/rows/Row035J2/Block143.lean
research/tasks/B699-Binomial/runs/20260911-low-index-lean-513dc7cc/lean/rows/Row035J2/Block144.lean
research/tasks/B699-Binomial/runs/20260911-low-index-lean-513dc7cc/lean/rows/Row035J2/Block145.lean
research/tasks/B699-Binomial/runs/20260911-low-index-lean-513dc7cc/lean/rows/Row035J2/Block146.lean
research/tasks/B699-Binomial/runs/20260911-low-index-lean-513dc7cc/lean/rows/Row035J2/Block147.lean
research/tasks/B699-Binomial/runs/20260911-low-index-lean-513dc7cc/lean/rows/Row035J2/Block149.lean
research/tasks/B699-Binomial/runs/20260911-low-index-lean-513dc7cc/lean/rows/Row035J2/Block150.lean
research/tasks/B699-Binomial/runs/20260911-low-index-lean-513dc7cc/lean/rows/Row035J2/Block151.lean
research/tasks/B699-Binomial/runs/20260911-low-index-lean-513dc7cc/lean/rows/Row035J2/Block148.lean
research/tasks/B699-Binomial/runs/20260911-low-index-lean-513dc7cc/lean/rows/Row035J2/Block152.lean
research/tasks/B699-Binomial/runs/20260911-low-index-lean-513dc7cc/lean/rows/Row035J2/Block153.lean
research/tasks/B699-Binomial/runs/20260911-low-index-lean-513dc7cc/lean/rows/Row035J2/Block154.lean
research/tasks/B699-Binomial/runs/20260911-low-index-lean-513dc7cc/lean/rows/Row035J2/Block155.lean
research/tasks/B699-Binomial/runs/20260911-low-index-lean-513dc7cc/lean/rows/Row035J2/Block156.lean
research/tasks/B699-Binomial/runs/20260911-low-index-lean-513dc7cc/lean/rows/Row035J2/Block157.lean
research/tasks/B699-Binomial/runs/20260911-low-index-lean-513dc7cc/lean/rows/Row035J2/Block158.lean
research/tasks/B699-Binomial/runs/20260911-low-index-lean-513dc7cc/lean/rows/Row035J2/Block159.lean
research/tasks/B699-Binomial/runs/20260911-low-index-lean-513dc7cc/lean/rows/Row035J2/Block160.lean
research/tasks/B699-Binomial/runs/20260911-low-index-lean-513dc7cc/lean/rows/Row035J2/Block161.lean
research/tasks/B699-Binomial/runs/20260911-low-index-lean-513dc7cc/lean/rows/Row035J2/Block162.lean
research/tasks/B699-Binomial/runs/20260911-low-index-lean-513dc7cc/lean/rows/Row035J2/Block163.lean
research/tasks/B699-Binomial/runs/20260911-low-index-lean-513dc7cc/lean/rows/Row035J2/Block164.lean
research/tasks/B699-Binomial/runs/20260911-low-index-lean-513dc7cc/lean/rows/Row035J2/Block165.lean
research/tasks/B699-Binomial/runs/20260911-low-index-lean-513dc7cc/lean/rows/Row035J2/Block166.lean
research/tasks/B699-Binomial/runs/20260911-low-index-lean-513dc7cc/lean/rows/Row035J2/Block167.lean
research/tasks/B699-Binomial/runs/20260911-low-index-lean-513dc7cc/lean/rows/Row035J2/Block168.lean
research/tasks/B699-Binomial/runs/20260911-low-index-lean-513dc7cc/lean/rows/Row035J2/Block169.lean
research/tasks/B699-Binomial/runs/20260911-low-index-lean-513dc7cc/lean/rows/Row035J2/Block170.lean
research/tasks/B699-Binomial/runs/20260911-low-index-lean-513dc7cc/lean/rows/Row035J2/Block171.lean
research/tasks/B699-Binomial/runs/20260911-low-index-lean-513dc7cc/lean/rows/Row035J2/Block184.lean
research/tasks/B699-Binomial/runs/20260911-low-index-lean-513dc7cc/lean/rows/Row035J2/Block185.lean
research/tasks/B699-Binomial/runs/20260911-low-index-lean-513dc7cc/lean/rows/Row035J2/Block172.lean
research/tasks/B699-Binomial/runs/20260911-low-index-lean-513dc7cc/lean/rows/Row035J2/Block173.lean
research/tasks/B699-Binomial/runs/20260911-low-index-lean-513dc7cc/lean/rows/Row035J2/Block174.lean
research/tasks/B699-Binomial/runs/20260911-low-index-lean-513dc7cc/lean/rows/Row035J2/Block175.lean
research/tasks/B699-Binomial/runs/20260911-low-index-lean-513dc7cc/lean/rows/Row035J2/Block176.lean
research/tasks/B699-Binomial/runs/20260911-low-index-lean-513dc7cc/lean/rows/Row035J2/Block177.lean
research/tasks/B699-Binomial/runs/20260911-low-index-lean-513dc7cc/lean/rows/Row035J2/Block178.lean
research/tasks/B699-Binomial/runs/20260911-low-index-lean-513dc7cc/lean/rows/Row035J2/Block179.lean
research/tasks/B699-Binomial/runs/20260911-low-index-lean-513dc7cc/lean/rows/Row035J2/Block180.lean
research/tasks/B699-Binomial/runs/20260911-low-index-lean-513dc7cc/lean/rows/Row035J2/Block181.lean
research/tasks/B699-Binomial/runs/20260911-low-index-lean-513dc7cc/lean/rows/Row035J2/Block182.lean
research/tasks/B699-Binomial/runs/20260911-low-index-lean-513dc7cc/lean/rows/Row035J2/Block183.lean
research/tasks/B699-Binomial/runs/20260911-low-index-lean-513dc7cc/lean/rows/Row035J2/Block186.lean
research/tasks/B699-Binomial/runs/20260911-low-index-lean-513dc7cc/lean/rows/Row035J2/Block197.lean
research/tasks/B699-Binomial/runs/20260911-low-index-lean-513dc7cc/lean/rows/Row035J2/Block198.lean
research/tasks/B699-Binomial/runs/20260911-low-index-lean-513dc7cc/lean/rows/Row035J2/Block187.lean
research/tasks/B699-Binomial/runs/20260911-low-index-lean-513dc7cc/lean/rows/Row035J2/Block188.lean
research/tasks/B699-Binomial/runs/20260911-low-index-lean-513dc7cc/lean/rows/Row035J2/Block189.lean
research/tasks/B699-Binomial/runs/20260911-low-index-lean-513dc7cc/lean/rows/Row035J2/Block190.lean
research/tasks/B699-Binomial/runs/20260911-low-index-lean-513dc7cc/lean/rows/Row035J2/Block191.lean
research/tasks/B699-Binomial/runs/20260911-low-index-lean-513dc7cc/lean/rows/Row035J2/Block192.lean
research/tasks/B699-Binomial/runs/20260911-low-index-lean-513dc7cc/lean/rows/Row035J2/Block193.lean
research/tasks/B699-Binomial/runs/20260911-low-index-lean-513dc7cc/lean/rows/Row035J2/Block194.lean
research/tasks/B699-Binomial/runs/20260911-low-index-lean-513dc7cc/lean/rows/Row035J2/Block195.lean
research/tasks/B699-Binomial/runs/20260911-low-index-lean-513dc7cc/lean/rows/Row035J2/Block196.lean
research/tasks/B699-Binomial/runs/20260911-low-index-lean-513dc7cc/lean/rows/Row035J2/Block199.lean
research/tasks/B699-Binomial/runs/20260911-low-index-lean-513dc7cc/lean/rows/Row035J2/Block200.lean
research/tasks/B699-Binomial/runs/20260911-low-index-lean-513dc7cc/lean/rows/Row035J2/Block201.lean
research/tasks/B699-Binomial/runs/20260911-low-index-lean-513dc7cc/lean/rows/Row035J2/Block202.lean
research/tasks/B699-Binomial/runs/20260911-low-index-lean-513dc7cc/lean/rows/Row035J2/Block203.lean
research/tasks/B699-Binomial/runs/20260911-low-index-lean-513dc7cc/lean/rows/Row035J2/Block204.lean
research/tasks/B699-Binomial/runs/20260911-low-index-lean-513dc7cc/lean/rows/Row035J2/Block205.lean
research/tasks/B699-Binomial/runs/20260911-low-index-lean-513dc7cc/lean/rows/Row035J2/Block206.lean
research/tasks/B699-Binomial/runs/20260911-low-index-lean-513dc7cc/lean/rows/Row035J2/Block207.lean
research/tasks/B699-Binomial/runs/20260911-low-index-lean-513dc7cc/lean/rows/Row035J2/Block208.lean
research/tasks/B699-Binomial/runs/20260911-low-index-lean-513dc7cc/lean/rows/Row035J2/Block209.lean
research/tasks/B699-Binomial/runs/20260911-low-index-lean-513dc7cc/lean/rows/Row035J2/Block210.lean
research/tasks/B699-Binomial/runs/20260911-low-index-lean-513dc7cc/lean/rows/Row035J2/Block218.lean
research/tasks/B699-Binomial/runs/20260911-low-index-lean-513dc7cc/lean/rows/Row035J2/Block219.lean
research/tasks/B699-Binomial/runs/20260911-low-index-lean-513dc7cc/lean/rows/Row035J2/Block211.lean
research/tasks/B699-Binomial/runs/20260911-low-index-lean-513dc7cc/lean/rows/Row035J2/Block212.lean
research/tasks/B699-Binomial/runs/20260911-low-index-lean-513dc7cc/lean/rows/Row035J2/Block213.lean
research/tasks/B699-Binomial/runs/20260911-low-index-lean-513dc7cc/lean/rows/Row035J2/Block214.lean
research/tasks/B699-Binomial/runs/20260911-low-index-lean-513dc7cc/lean/rows/Row035J2/Block215.lean
research/tasks/B699-Binomial/runs/20260911-low-index-lean-513dc7cc/lean/rows/Row035J2/Block216.lean
research/tasks/B699-Binomial/runs/20260911-low-index-lean-513dc7cc/lean/rows/Row035J2/Block217.lean
research/tasks/B699-Binomial/runs/20260911-low-index-lean-513dc7cc/lean/rows/Row035J2/Block220.lean
research/tasks/B699-Binomial/runs/20260911-low-index-lean-513dc7cc/lean/rows/Row035J2/Block221.lean
research/tasks/B699-Binomial/runs/20260911-low-index-lean-513dc7cc/lean/rows/Row035J2/Block222.lean
research/tasks/B699-Binomial/runs/20260911-low-index-lean-513dc7cc/lean/rows/Row035J2/Block223.lean
research/tasks/B699-Binomial/runs/20260911-low-index-lean-513dc7cc/lean/rows/Row035J2/Block224.lean
research/tasks/B699-Binomial/runs/20260911-low-index-lean-513dc7cc/lean/rows/Row035J2/Block225.lean
research/tasks/B699-Binomial/runs/20260911-low-index-lean-513dc7cc/lean/rows/Row035J2/Block226.lean
research/tasks/B699-Binomial/runs/20260911-low-index-lean-513dc7cc/lean/rows/Row035J2/Block227.lean
research/tasks/B699-Binomial/runs/20260911-low-index-lean-513dc7cc/lean/rows/Row035J2/Block228.lean
research/tasks/B699-Binomial/runs/20260911-low-index-lean-513dc7cc/lean/rows/Row035J2/Block229.lean
research/tasks/B699-Binomial/runs/20260911-low-index-lean-513dc7cc/lean/rows/Row035J2/Block230.lean
research/tasks/B699-Binomial/runs/20260911-low-index-lean-513dc7cc/lean/rows/Row035J2/Block231.lean
research/tasks/B699-Binomial/runs/20260911-low-index-lean-513dc7cc/lean/rows/Row035J2/Block239.lean
research/tasks/B699-Binomial/runs/20260911-low-index-lean-513dc7cc/lean/rows/Row035J2/Block240.lean
research/tasks/B699-Binomial/runs/20260911-low-index-lean-513dc7cc/lean/rows/Row035J2/Block232.lean
research/tasks/B699-Binomial/runs/20260911-low-index-lean-513dc7cc/lean/rows/Row035J2/Block233.lean
research/tasks/B699-Binomial/runs/20260911-low-index-lean-513dc7cc/lean/rows/Row035J2/Block234.lean
research/tasks/B699-Binomial/runs/20260911-low-index-lean-513dc7cc/lean/rows/Row035J2/Block235.lean
research/tasks/B699-Binomial/runs/20260911-low-index-lean-513dc7cc/lean/rows/Row035J2/Block236.lean
research/tasks/B699-Binomial/runs/20260911-low-index-lean-513dc7cc/lean/rows/Row035J2/Block237.lean
research/tasks/B699-Binomial/runs/20260911-low-index-lean-513dc7cc/lean/rows/Row035J2/Block238.lean
research/tasks/B699-Binomial/runs/20260911-low-index-lean-513dc7cc/lean/rows/Row035J2/Block241.lean
research/tasks/B699-Binomial/runs/20260911-low-index-lean-513dc7cc/lean/rows/Row035J2/Block242.lean
research/tasks/B699-Binomial/runs/20260911-low-index-lean-513dc7cc/lean/rows/Row035J2/Block243.lean
research/tasks/B699-Binomial/runs/20260911-low-index-lean-513dc7cc/lean/rows/Row035J2/Block244.lean
research/tasks/B699-Binomial/runs/20260911-low-index-lean-513dc7cc/lean/rows/Row035J2/Block245.lean
research/tasks/B699-Binomial/runs/20260911-low-index-lean-513dc7cc/lean/rows/Row035J2/Block246.lean
research/tasks/B699-Binomial/runs/20260911-low-index-lean-513dc7cc/lean/rows/Row035J2/Block247.lean
research/tasks/B699-Binomial/runs/20260911-low-index-lean-513dc7cc/lean/rows/Row035J2/Block248.lean
research/tasks/B699-Binomial/runs/20260911-low-index-lean-513dc7cc/lean/rows/Row035J2/Block249.lean
research/tasks/B699-Binomial/runs/20260911-low-index-lean-513dc7cc/lean/rows/Row035J2/Block250.lean
research/tasks/B699-Binomial/runs/20260911-low-index-lean-513dc7cc/lean/rows/Row035J2/Block251.lean
research/tasks/B699-Binomial/runs/20260911-low-index-lean-513dc7cc/lean/rows/Row035J2/Block252.lean
research/tasks/B699-Binomial/runs/20260911-low-index-lean-513dc7cc/lean/rows/Row035J2/Block260.lean
research/tasks/B699-Binomial/runs/20260911-low-index-lean-513dc7cc/lean/rows/Row035J2/Block261.lean
research/tasks/B699-Binomial/runs/20260911-low-index-lean-513dc7cc/lean/rows/Row035J2/Block253.lean
research/tasks/B699-Binomial/runs/20260911-low-index-lean-513dc7cc/lean/rows/Row035J2/Block254.lean
research/tasks/B699-Binomial/runs/20260911-low-index-lean-513dc7cc/lean/rows/Row035J2/Block255.lean
research/tasks/B699-Binomial/runs/20260911-low-index-lean-513dc7cc/lean/rows/Row035J2/Block256.lean
research/tasks/B699-Binomial/runs/20260911-low-index-lean-513dc7cc/lean/rows/Row035J2/Block257.lean
research/tasks/B699-Binomial/runs/20260911-low-index-lean-513dc7cc/lean/rows/Row035J2/Block258.lean
research/tasks/B699-Binomial/runs/20260911-low-index-lean-513dc7cc/lean/rows/Row035J2/Block259.lean
research/tasks/B699-Binomial/runs/20260911-low-index-lean-513dc7cc/lean/rows/Row035J2/Block262.lean
research/tasks/B699-Binomial/runs/20260911-low-index-lean-513dc7cc/lean/rows/Row035J2/Block263.lean
research/tasks/B699-Binomial/runs/20260911-low-index-lean-513dc7cc/lean/rows/Row035J2/Block264.lean
research/tasks/B699-Binomial/runs/20260911-low-index-lean-513dc7cc/lean/rows/Row035J2/Block265.lean
research/tasks/B699-Binomial/runs/20260911-low-index-lean-513dc7cc/lean/rows/Row035J2/Block266.lean
research/tasks/B699-Binomial/runs/20260911-low-index-lean-513dc7cc/lean/rows/Row035J2/Block267.lean
research/tasks/B699-Binomial/runs/20260911-low-index-lean-513dc7cc/lean/rows/Row035J2/Block268.lean
research/tasks/B699-Binomial/runs/20260911-low-index-lean-513dc7cc/lean/rows/Row035J2/Block269.lean
research/tasks/B699-Binomial/runs/20260911-low-index-lean-513dc7cc/lean/rows/Row035J2/Block270.lean
research/tasks/B699-Binomial/runs/20260911-low-index-lean-513dc7cc/lean/rows/Row035J2/Block271.lean
research/tasks/B699-Binomial/runs/20260911-low-index-lean-513dc7cc/lean/rows/Row035J2/Block272.lean
research/tasks/B699-Binomial/runs/20260911-low-index-lean-513dc7cc/lean/rows/Row035J2/Block273.lean
research/tasks/B699-Binomial/runs/20260911-low-index-lean-513dc7cc/lean/rows/Row035J2/Block281.lean
research/tasks/B699-Binomial/runs/20260911-low-index-lean-513dc7cc/lean/rows/Row035J2/Block282.lean
research/tasks/B699-Binomial/runs/20260911-low-index-lean-513dc7cc/lean/rows/Row035J2/Block274.lean
research/tasks/B699-Binomial/runs/20260911-low-index-lean-513dc7cc/lean/rows/Row035J2/Block275.lean
research/tasks/B699-Binomial/runs/20260911-low-index-lean-513dc7cc/lean/rows/Row035J2/Block276.lean
research/tasks/B699-Binomial/runs/20260911-low-index-lean-513dc7cc/lean/rows/Row035J2/Block277.lean
research/tasks/B699-Binomial/runs/20260911-low-index-lean-513dc7cc/lean/rows/Row035J2/Block278.lean
research/tasks/B699-Binomial/runs/20260911-low-index-lean-513dc7cc/lean/rows/Row035J2/Block279.lean
research/tasks/B699-Binomial/runs/20260911-low-index-lean-513dc7cc/lean/rows/Row035J2/Block280.lean
research/tasks/B699-Binomial/runs/20260911-low-index-lean-513dc7cc/lean/rows/Row035J2/Block283.lean
research/tasks/B699-Binomial/runs/20260911-low-index-lean-513dc7cc/lean/rows/Row035J2/Block284.lean
research/tasks/B699-Binomial/runs/20260911-low-index-lean-513dc7cc/lean/rows/Row035J2/Block285.lean
research/tasks/B699-Binomial/runs/20260911-low-index-lean-513dc7cc/lean/rows/Row035J2/Block286.lean
research/tasks/B699-Binomial/runs/20260911-low-index-lean-513dc7cc/lean/rows/Row035J2/Block287.lean
research/tasks/B699-Binomial/runs/20260911-low-index-lean-513dc7cc/lean/rows/Row035J2/Block288.lean
research/tasks/B699-Binomial/runs/20260911-low-index-lean-513dc7cc/lean/rows/Row035J2/Block289.lean
research/tasks/B699-Binomial/runs/20260911-low-index-lean-513dc7cc/lean/rows/Row035J2/Block290.lean
research/tasks/B699-Binomial/runs/20260911-low-index-lean-513dc7cc/lean/rows/Row035J2/Block291.lean
research/tasks/B699-Binomial/runs/20260911-low-index-lean-513dc7cc/lean/rows/Row035J2/Block292.lean
research/tasks/B699-Binomial/runs/20260911-low-index-lean-513dc7cc/lean/rows/Row035J2/Block293.lean
research/tasks/B699-Binomial/runs/20260911-low-index-lean-513dc7cc/lean/rows/Row035J2/Block294.lean
research/tasks/B699-Binomial/runs/20260911-low-index-lean-513dc7cc/lean/rows/Row035J2/Block302.lean
research/tasks/B699-Binomial/runs/20260911-low-index-lean-513dc7cc/lean/rows/Row035J2/Block303.lean
research/tasks/B699-Binomial/runs/20260911-low-index-lean-513dc7cc/lean/rows/Row035J2/Block295.lean
research/tasks/B699-Binomial/runs/20260911-low-index-lean-513dc7cc/lean/rows/Row035J2/Block296.lean
research/tasks/B699-Binomial/runs/20260911-low-index-lean-513dc7cc/lean/rows/Row035J2/Block297.lean
research/tasks/B699-Binomial/runs/20260911-low-index-lean-513dc7cc/lean/rows/Row035J2/Block298.lean
research/tasks/B699-Binomial/runs/20260911-low-index-lean-513dc7cc/lean/rows/Row035J2/Block299.lean
research/tasks/B699-Binomial/runs/20260911-low-index-lean-513dc7cc/lean/rows/Row035J2/Block300.lean
research/tasks/B699-Binomial/runs/20260911-low-index-lean-513dc7cc/lean/rows/Row035J2/Block301.lean
research/tasks/B699-Binomial/runs/20260911-low-index-lean-513dc7cc/lean/rows/Row035J2/Block304.lean
research/tasks/B699-Binomial/runs/20260911-low-index-lean-513dc7cc/lean/rows/Row035J2/Block305.lean
research/tasks/B699-Binomial/runs/20260911-low-index-lean-513dc7cc/lean/rows/Row035J2/Block306.lean
research/tasks/B699-Binomial/runs/20260911-low-index-lean-513dc7cc/lean/rows/Row035J2/Block307.lean
research/tasks/B699-Binomial/runs/20260911-low-index-lean-513dc7cc/lean/rows/Row035J2/Block308.lean
research/tasks/B699-Binomial/runs/20260911-low-index-lean-513dc7cc/lean/rows/Row035J2/Block309.lean
research/tasks/B699-Binomial/runs/20260911-low-index-lean-513dc7cc/lean/rows/Row035J2/Block310.lean
research/tasks/B699-Binomial/runs/20260911-low-index-lean-513dc7cc/lean/rows/Row035J2/Block311.lean
research/tasks/B699-Binomial/runs/20260911-low-index-lean-513dc7cc/lean/rows/Row035J2/Block312.lean
research/tasks/B699-Binomial/runs/20260911-low-index-lean-513dc7cc/lean/rows/Row035J2/Block313.lean
research/tasks/B699-Binomial/runs/20260911-low-index-lean-513dc7cc/lean/rows/Row035J2/Block314.lean
research/tasks/B699-Binomial/runs/20260911-low-index-lean-513dc7cc/lean/rows/Row035J2/Block315.lean
research/tasks/B699-Binomial/runs/20260911-low-index-lean-513dc7cc/lean/rows/Row035J2/Block323.lean
research/tasks/B699-Binomial/runs/20260911-low-index-lean-513dc7cc/lean/rows/Row035J2/Block324.lean
research/tasks/B699-Binomial/runs/20260911-low-index-lean-513dc7cc/lean/rows/Row035J2/Block316.lean
research/tasks/B699-Binomial/runs/20260911-low-index-lean-513dc7cc/lean/rows/Row035J2/Block317.lean
research/tasks/B699-Binomial/runs/20260911-low-index-lean-513dc7cc/lean/rows/Row035J2/Block318.lean
research/tasks/B699-Binomial/runs/20260911-low-index-lean-513dc7cc/lean/rows/Row035J2/Block319.lean
research/tasks/B699-Binomial/runs/20260911-low-index-lean-513dc7cc/lean/rows/Row035J2/Block320.lean
research/tasks/B699-Binomial/runs/20260911-low-index-lean-513dc7cc/lean/rows/Row035J2/Block321.lean
research/tasks/B699-Binomial/runs/20260911-low-index-lean-513dc7cc/lean/rows/Row035J2/Block322.lean
research/tasks/B699-Binomial/runs/20260911-low-index-lean-513dc7cc/lean/rows/Row035J2/Block325.lean
research/tasks/B699-Binomial/runs/20260911-low-index-lean-513dc7cc/lean/rows/Row035J2/Block326.lean
research/tasks/B699-Binomial/runs/20260911-low-index-lean-513dc7cc/lean/rows/Row035J2/Block327.lean
research/tasks/B699-Binomial/runs/20260911-low-index-lean-513dc7cc/lean/rows/Row035J2/Block328.lean
research/tasks/B699-Binomial/runs/20260911-low-index-lean-513dc7cc/lean/rows/Row035J2/Block329.lean
research/tasks/B699-Binomial/runs/20260911-low-index-lean-513dc7cc/lean/rows/Row035J2/Block330.lean
research/tasks/B699-Binomial/runs/20260911-low-index-lean-513dc7cc/lean/rows/Row035J2/Block331.lean
research/tasks/B699-Binomial/runs/20260911-low-index-lean-513dc7cc/lean/rows/Row035J2/Block332.lean
research/tasks/B699-Binomial/runs/20260911-low-index-lean-513dc7cc/lean/rows/Row035J2/Block333.lean
research/tasks/B699-Binomial/runs/20260911-low-index-lean-513dc7cc/lean/rows/Row035J2/Block334.lean
research/tasks/B699-Binomial/runs/20260911-low-index-lean-513dc7cc/lean/rows/Row035J2/Block335.lean
research/tasks/B699-Binomial/runs/20260911-low-index-lean-513dc7cc/lean/rows/Row035J2/Block336.lean
research/tasks/B699-Binomial/runs/20260911-low-index-lean-513dc7cc/lean/rows/Row035J2/Block344.lean
research/tasks/B699-Binomial/runs/20260911-low-index-lean-513dc7cc/lean/rows/Row035J2/Block345.lean
research/tasks/B699-Binomial/runs/20260911-low-index-lean-513dc7cc/lean/rows/Row035J2/Block337.lean
research/tasks/B699-Binomial/runs/20260911-low-index-lean-513dc7cc/lean/rows/Row035J2/Block338.lean
research/tasks/B699-Binomial/runs/20260911-low-index-lean-513dc7cc/lean/rows/Row035J2/Block339.lean
research/tasks/B699-Binomial/runs/20260911-low-index-lean-513dc7cc/lean/rows/Row035J2/Block340.lean
research/tasks/B699-Binomial/runs/20260911-low-index-lean-513dc7cc/lean/rows/Row035J2/Block341.lean
research/tasks/B699-Binomial/runs/20260911-low-index-lean-513dc7cc/lean/rows/Row035J2/Block342.lean
research/tasks/B699-Binomial/runs/20260911-low-index-lean-513dc7cc/lean/rows/Row035J2/Block343.lean
research/tasks/B699-Binomial/runs/20260911-low-index-lean-513dc7cc/lean/rows/Row035J2/Block346.lean
research/tasks/B699-Binomial/runs/20260911-low-index-lean-513dc7cc/lean/rows/Row035J2/Block347.lean
research/tasks/B699-Binomial/runs/20260911-low-index-lean-513dc7cc/lean/rows/Row035J2/Block348.lean
research/tasks/B699-Binomial/runs/20260911-low-index-lean-513dc7cc/lean/rows/Row035J2/Block349.lean
research/tasks/B699-Binomial/runs/20260911-low-index-lean-513dc7cc/lean/rows/Row035J2/Block350.lean
research/tasks/B699-Binomial/runs/20260911-low-index-lean-513dc7cc/lean/rows/Row035J2/Block351.lean
research/tasks/B699-Binomial/runs/20260911-low-index-lean-513dc7cc/lean/rows/Row035J2/Block352.lean
research/tasks/B699-Binomial/runs/20260911-low-index-lean-513dc7cc/lean/rows/Row035J2/Block353.lean
research/tasks/B699-Binomial/runs/20260911-low-index-lean-513dc7cc/lean/rows/Row035J2/Block354.lean
research/tasks/B699-Binomial/runs/20260911-low-index-lean-513dc7cc/lean/rows/Row035J2/Block355.lean
research/tasks/B699-Binomial/runs/20260911-low-index-lean-513dc7cc/lean/rows/Row035J2/Block356.lean
research/tasks/B699-Binomial/runs/20260911-low-index-lean-513dc7cc/lean/rows/Row035J2/Block357.lean
research/tasks/B699-Binomial/runs/20260911-low-index-lean-513dc7cc/lean/rows/Row035J2/Block365.lean
research/tasks/B699-Binomial/runs/20260911-low-index-lean-513dc7cc/lean/rows/Row035J2/Block366.lean
research/tasks/B699-Binomial/runs/20260911-low-index-lean-513dc7cc/lean/rows/Row035J2/Block358.lean
research/tasks/B699-Binomial/runs/20260911-low-index-lean-513dc7cc/lean/rows/Row035J2/Block359.lean
research/tasks/B699-Binomial/runs/20260911-low-index-lean-513dc7cc/lean/rows/Row035J2/Block360.lean
research/tasks/B699-Binomial/runs/20260911-low-index-lean-513dc7cc/lean/rows/Row035J2/Block361.lean
research/tasks/B699-Binomial/runs/20260911-low-index-lean-513dc7cc/lean/rows/Row035J2/Block362.lean
research/tasks/B699-Binomial/runs/20260911-low-index-lean-513dc7cc/lean/rows/Row035J2/Block363.lean
research/tasks/B699-Binomial/runs/20260911-low-index-lean-513dc7cc/lean/rows/Row035J2/Block364.lean
research/tasks/B699-Binomial/runs/20260911-low-index-lean-513dc7cc/lean/rows/Row035J2/Block367.lean
research/tasks/B699-Binomial/runs/20260911-low-index-lean-513dc7cc/lean/rows/Row035J2/Block368.lean
research/tasks/B699-Binomial/runs/20260911-low-index-lean-513dc7cc/lean/rows/Row035J2/Block369.lean
research/tasks/B699-Binomial/runs/20260911-low-index-lean-513dc7cc/lean/rows/Row035J2/Block370.lean
research/tasks/B699-Binomial/runs/20260911-low-index-lean-513dc7cc/lean/rows/Row035J2/Block371.lean
research/tasks/B699-Binomial/runs/20260911-low-index-lean-513dc7cc/lean/rows/Row035J2/Block372.lean
research/tasks/B699-Binomial/runs/20260911-low-index-lean-513dc7cc/lean/rows/Row035J2/Block373.lean
research/tasks/B699-Binomial/runs/20260911-low-index-lean-513dc7cc/lean/rows/Row035J2/Block374.lean
research/tasks/B699-Binomial/runs/20260911-low-index-lean-513dc7cc/lean/rows/Row035J2/Block375.lean
research/tasks/B699-Binomial/runs/20260911-low-index-lean-513dc7cc/lean/rows/Row035J2/Block376.lean
research/tasks/B699-Binomial/runs/20260911-low-index-lean-513dc7cc/lean/rows/Row035J2/Block377.lean
research/tasks/B699-Binomial/runs/20260911-low-index-lean-513dc7cc/lean/rows/Row035J2/Block378.lean
research/tasks/B699-Binomial/runs/20260911-low-index-lean-513dc7cc/lean/rows/Row035J2/Block386.lean
research/tasks/B699-Binomial/runs/20260911-low-index-lean-513dc7cc/lean/rows/Row035J2/Block387.lean
research/tasks/B699-Binomial/runs/20260911-low-index-lean-513dc7cc/lean/rows/Row035J2/Block379.lean
research/tasks/B699-Binomial/runs/20260911-low-index-lean-513dc7cc/lean/rows/Row035J2/Block380.lean
research/tasks/B699-Binomial/runs/20260911-low-index-lean-513dc7cc/lean/rows/Row035J2/Block381.lean
research/tasks/B699-Binomial/runs/20260911-low-index-lean-513dc7cc/lean/rows/Row035J2/Block382.lean
research/tasks/B699-Binomial/runs/20260911-low-index-lean-513dc7cc/lean/rows/Row035J2/Block383.lean
research/tasks/B699-Binomial/runs/20260911-low-index-lean-513dc7cc/lean/rows/Row035J2/Block384.lean
research/tasks/B699-Binomial/runs/20260911-low-index-lean-513dc7cc/lean/rows/Row035J2/Block385.lean
research/tasks/B699-Binomial/runs/20260911-low-index-lean-513dc7cc/lean/rows/Row035J2/Block388.lean
research/tasks/B699-Binomial/runs/20260911-low-index-lean-513dc7cc/lean/rows/Row035J2/Block389.lean
research/tasks/B699-Binomial/runs/20260911-low-index-lean-513dc7cc/lean/rows/Row035J2/Block390.lean
research/tasks/B699-Binomial/runs/20260911-low-index-lean-513dc7cc/lean/rows/Row035J2/Block391.lean
research/tasks/B699-Binomial/runs/20260911-low-index-lean-513dc7cc/lean/rows/Row035J2/Block392.lean
research/tasks/B699-Binomial/runs/20260911-low-index-lean-513dc7cc/lean/rows/Row035J2/Block393.lean
research/tasks/B699-Binomial/runs/20260911-low-index-lean-513dc7cc/lean/rows/Row035J2/Block394.lean
research/tasks/B699-Binomial/runs/20260911-low-index-lean-513dc7cc/lean/rows/Row035J2/Block395.lean
research/tasks/B699-Binomial/runs/20260911-low-index-lean-513dc7cc/lean/rows/Row035J2/Block396.lean
research/tasks/B699-Binomial/runs/20260911-low-index-lean-513dc7cc/lean/rows/Row035J2/Block397.lean
research/tasks/B699-Binomial/runs/20260911-low-index-lean-513dc7cc/lean/rows/Row035J2/Block398.lean
research/tasks/B699-Binomial/runs/20260911-low-index-lean-513dc7cc/lean/rows/Row035J2/Block399.lean
research/tasks/B699-Binomial/runs/20260911-low-index-lean-513dc7cc/lean/rows/Row035J2/Block407.lean
research/tasks/B699-Binomial/runs/20260911-low-index-lean-513dc7cc/lean/rows/Row035J2/Block408.lean
research/tasks/B699-Binomial/runs/20260911-low-index-lean-513dc7cc/lean/rows/Row035J2/Block400.lean
research/tasks/B699-Binomial/runs/20260911-low-index-lean-513dc7cc/lean/rows/Row035J2/Block401.lean
research/tasks/B699-Binomial/runs/20260911-low-index-lean-513dc7cc/lean/rows/Row035J2/Block402.lean
research/tasks/B699-Binomial/runs/20260911-low-index-lean-513dc7cc/lean/rows/Row035J2/Block403.lean
research/tasks/B699-Binomial/runs/20260911-low-index-lean-513dc7cc/lean/rows/Row035J2/Block404.lean
research/tasks/B699-Binomial/runs/20260911-low-index-lean-513dc7cc/lean/rows/Row035J2/Block405.lean
research/tasks/B699-Binomial/runs/20260911-low-index-lean-513dc7cc/lean/rows/Row035J2/Block406.lean
research/tasks/B699-Binomial/runs/20260911-low-index-lean-513dc7cc/lean/rows/Row035J2/Block409.lean
research/tasks/B699-Binomial/runs/20260911-low-index-lean-513dc7cc/lean/rows/Row035J2/Block410.lean
research/tasks/B699-Binomial/runs/20260911-low-index-lean-513dc7cc/lean/rows/Row035J2/Block411.lean
research/tasks/B699-Binomial/runs/20260911-low-index-lean-513dc7cc/lean/rows/Row035J2/Block412.lean
research/tasks/B699-Binomial/runs/20260911-low-index-lean-513dc7cc/lean/rows/Row035J2/Block413.lean
research/tasks/B699-Binomial/runs/20260911-low-index-lean-513dc7cc/lean/rows/Row035J2/Block414.lean
research/tasks/B699-Binomial/runs/20260911-low-index-lean-513dc7cc/lean/rows/Row035J2/Block415.lean
research/tasks/B699-Binomial/runs/20260911-low-index-lean-513dc7cc/lean/rows/Row035J2/Block416.lean
research/tasks/B699-Binomial/runs/20260911-low-index-lean-513dc7cc/lean/rows/Row035J2/Block417.lean
research/tasks/B699-Binomial/runs/20260911-low-index-lean-513dc7cc/lean/rows/Row035J2/Block418.lean
research/tasks/B699-Binomial/runs/20260911-low-index-lean-513dc7cc/lean/rows/Row035J2/Block419.lean
research/tasks/B699-Binomial/runs/20260911-low-index-lean-513dc7cc/lean/rows/Row035J2/Block420.lean
research/tasks/B699-Binomial/runs/20260911-low-index-lean-513dc7cc/lean/rows/Row035J2/Block428.lean
research/tasks/B699-Binomial/runs/20260911-low-index-lean-513dc7cc/lean/rows/Row035J2/Block429.lean
research/tasks/B699-Binomial/runs/20260911-low-index-lean-513dc7cc/lean/rows/Row035J2/Block421.lean
research/tasks/B699-Binomial/runs/20260911-low-index-lean-513dc7cc/lean/rows/Row035J2/Block422.lean
research/tasks/B699-Binomial/runs/20260911-low-index-lean-513dc7cc/lean/rows/Row035J2/Block423.lean
research/tasks/B699-Binomial/runs/20260911-low-index-lean-513dc7cc/lean/rows/Row035J2/Block424.lean
research/tasks/B699-Binomial/runs/20260911-low-index-lean-513dc7cc/lean/rows/Row035J2/Block425.lean
research/tasks/B699-Binomial/runs/20260911-low-index-lean-513dc7cc/lean/rows/Row035J2/Block426.lean
research/tasks/B699-Binomial/runs/20260911-low-index-lean-513dc7cc/lean/rows/Row035J2/Block427.lean
research/tasks/B699-Binomial/runs/20260911-low-index-lean-513dc7cc/lean/rows/Row035J2/Block430.lean
research/tasks/B699-Binomial/runs/20260911-low-index-lean-513dc7cc/lean/rows/Row035J2/Block431.lean
research/tasks/B699-Binomial/runs/20260911-low-index-lean-513dc7cc/lean/rows/Row035J2/Block432.lean
research/tasks/B699-Binomial/runs/20260911-low-index-lean-513dc7cc/lean/rows/Row035J2/Block433.lean
research/tasks/B699-Binomial/runs/20260911-low-index-lean-513dc7cc/lean/rows/Row035J2/Block434.lean
research/tasks/B699-Binomial/runs/20260911-low-index-lean-513dc7cc/lean/rows/Row035J2/Block435.lean
research/tasks/B699-Binomial/runs/20260911-low-index-lean-513dc7cc/lean/rows/Row035J2/Block436.lean
research/tasks/B699-Binomial/runs/20260911-low-index-lean-513dc7cc/lean/rows/Row035J2/Block437.lean
research/tasks/B699-Binomial/runs/20260911-low-index-lean-513dc7cc/lean/rows/Row035J2/Block438.lean
research/tasks/B699-Binomial/runs/20260911-low-index-lean-513dc7cc/lean/rows/Row035J2/Block439.lean
research/tasks/B699-Binomial/runs/20260911-low-index-lean-513dc7cc/lean/rows/Row035J2/Block440.lean
research/tasks/B699-Binomial/runs/20260911-low-index-lean-513dc7cc/lean/rows/Row035J2/Block441.lean
research/tasks/B699-Binomial/runs/20260911-low-index-lean-513dc7cc/lean/rows/Row035J2/Block449.lean
research/tasks/B699-Binomial/runs/20260911-low-index-lean-513dc7cc/lean/rows/Row035J2/Block450.lean
research/tasks/B699-Binomial/runs/20260911-low-index-lean-513dc7cc/lean/rows/Row035J2/Block442.lean
research/tasks/B699-Binomial/runs/20260911-low-index-lean-513dc7cc/lean/rows/Row035J2/Block443.lean
research/tasks/B699-Binomial/runs/20260911-low-index-lean-513dc7cc/lean/rows/Row035J2/Block444.lean
research/tasks/B699-Binomial/runs/20260911-low-index-lean-513dc7cc/lean/rows/Row035J2/Block445.lean
research/tasks/B699-Binomial/runs/20260911-low-index-lean-513dc7cc/lean/rows/Row035J2/Block446.lean
research/tasks/B699-Binomial/runs/20260911-low-index-lean-513dc7cc/lean/rows/Row035J2/Block447.lean
research/tasks/B699-Binomial/runs/20260911-low-index-lean-513dc7cc/lean/rows/Row035J2/Block448.lean
research/tasks/B699-Binomial/runs/20260911-low-index-lean-513dc7cc/lean/rows/Row035J2/Block451.lean
research/tasks/B699-Binomial/runs/20260911-low-index-lean-513dc7cc/lean/rows/Row035J2/Block452.lean
research/tasks/B699-Binomial/runs/20260911-low-index-lean-513dc7cc/lean/rows/Row035J2/Block453.lean
research/tasks/B699-Binomial/runs/20260911-low-index-lean-513dc7cc/lean/rows/Row035J2/Block454.lean
research/tasks/B699-Binomial/runs/20260911-low-index-lean-513dc7cc/lean/rows/Row035J2/Block455.lean
research/tasks/B699-Binomial/runs/20260911-low-index-lean-513dc7cc/lean/rows/Row035J2/Block456.lean
research/tasks/B699-Binomial/runs/20260911-low-index-lean-513dc7cc/lean/rows/Row035J2/Block457.lean
research/tasks/B699-Binomial/runs/20260911-low-index-lean-513dc7cc/lean/rows/Row035J2/Block458.lean
research/tasks/B699-Binomial/runs/20260911-low-index-lean-513dc7cc/lean/rows/Row035J2/Block459.lean
research/tasks/B699-Binomial/runs/20260911-low-index-lean-513dc7cc/lean/rows/Row035J2/Block460.lean
research/tasks/B699-Binomial/runs/20260911-low-index-lean-513dc7cc/lean/rows/Row035J2/Block461.lean
research/tasks/B699-Binomial/runs/20260911-low-index-lean-513dc7cc/lean/rows/Row035J2/Block462.lean
research/tasks/B699-Binomial/runs/20260911-low-index-lean-513dc7cc/lean/rows/Row035J2/Block470.lean
research/tasks/B699-Binomial/runs/20260911-low-index-lean-513dc7cc/lean/rows/Row035J2/Block471.lean
research/tasks/B699-Binomial/runs/20260911-low-index-lean-513dc7cc/lean/rows/Row035J2/Block463.lean
research/tasks/B699-Binomial/runs/20260911-low-index-lean-513dc7cc/lean/rows/Row035J2/Block464.lean
research/tasks/B699-Binomial/runs/20260911-low-index-lean-513dc7cc/lean/rows/Row035J2/Block465.lean
research/tasks/B699-Binomial/runs/20260911-low-index-lean-513dc7cc/lean/rows/Row035J2/Block466.lean
research/tasks/B699-Binomial/runs/20260911-low-index-lean-513dc7cc/lean/rows/Row035J2/Block467.lean
research/tasks/B699-Binomial/runs/20260911-low-index-lean-513dc7cc/lean/rows/Row035J2/Block468.lean
research/tasks/B699-Binomial/runs/20260911-low-index-lean-513dc7cc/lean/rows/Row035J2/Block469.lean
research/tasks/B699-Binomial/runs/20260911-low-index-lean-513dc7cc/lean/rows/Row035J2/Block472.lean
research/tasks/B699-Binomial/runs/20260911-low-index-lean-513dc7cc/lean/rows/Row035J2/Block473.lean
research/tasks/B699-Binomial/runs/20260911-low-index-lean-513dc7cc/lean/rows/Row035J2/Block474.lean
research/tasks/B699-Binomial/runs/20260911-low-index-lean-513dc7cc/lean/rows/Row035J2/Block475.lean
research/tasks/B699-Binomial/runs/20260911-low-index-lean-513dc7cc/lean/rows/Row035J2/Block476.lean
research/tasks/B699-Binomial/runs/20260911-low-index-lean-513dc7cc/lean/rows/Row035J2/Block477.lean
research/tasks/B699-Binomial/runs/20260911-low-index-lean-513dc7cc/lean/rows/Row035J2/Block478.lean
research/tasks/B699-Binomial/runs/20260911-low-index-lean-513dc7cc/lean/rows/Row035J2/Block479.lean
research/tasks/B699-Binomial/runs/20260911-low-index-lean-513dc7cc/lean/rows/Row035J2/Block480.lean
research/tasks/B699-Binomial/runs/20260911-low-index-lean-513dc7cc/lean/rows/Row035J2/Block481.lean
research/tasks/B699-Binomial/runs/20260911-low-index-lean-513dc7cc/lean/rows/Row035J2/Block482.lean
research/tasks/B699-Binomial/runs/20260911-low-index-lean-513dc7cc/lean/rows/Row035J2/Block483.lean
research/tasks/B699-Binomial/runs/20260911-low-index-lean-513dc7cc/lean/rows/Row035J2/Block491.lean
research/tasks/B699-Binomial/runs/20260911-low-index-lean-513dc7cc/lean/rows/Row035J2/Block492.lean
research/tasks/B699-Binomial/runs/20260911-low-index-lean-513dc7cc/lean/rows/Row035J2/Block484.lean
research/tasks/B699-Binomial/runs/20260911-low-index-lean-513dc7cc/lean/rows/Row035J2/Block485.lean
research/tasks/B699-Binomial/runs/20260911-low-index-lean-513dc7cc/lean/rows/Row035J2/Block486.lean
research/tasks/B699-Binomial/runs/20260911-low-index-lean-513dc7cc/lean/rows/Row035J2/Block487.lean
research/tasks/B699-Binomial/runs/20260911-low-index-lean-513dc7cc/lean/rows/Row035J2/Block488.lean
research/tasks/B699-Binomial/runs/20260911-low-index-lean-513dc7cc/lean/rows/Row035J2/Block489.lean
research/tasks/B699-Binomial/runs/20260911-low-index-lean-513dc7cc/lean/rows/Row035J2/Block490.lean
research/tasks/B699-Binomial/runs/20260911-low-index-lean-513dc7cc/lean/rows/Row035J2/Block493.lean
research/tasks/B699-Binomial/runs/20260911-low-index-lean-513dc7cc/lean/rows/Row035J2/Block507.lean
research/tasks/B699-Binomial/runs/20260911-low-index-lean-513dc7cc/lean/rows/Row035J2/Original.lean
research/tasks/B699-Binomial/runs/20260911-low-index-lean-513dc7cc/lean/rows/Row036J2/Block000.lean
research/tasks/B699-Binomial/runs/20260911-low-index-lean-513dc7cc/lean/rows/Row036J2/Block001.lean
research/tasks/B699-Binomial/runs/20260911-low-index-lean-513dc7cc/lean/rows/Row036J2/Block002.lean
research/tasks/B699-Binomial/runs/20260911-low-index-lean-513dc7cc/lean/rows/Row036J2/Block003.lean
research/tasks/B699-Binomial/runs/20260911-low-index-lean-513dc7cc/lean/rows/Row036J2/Block004.lean
research/tasks/B699-Binomial/runs/20260911-low-index-lean-513dc7cc/lean/rows/Row036J2/Block005.lean
research/tasks/B699-Binomial/runs/20260911-low-index-lean-513dc7cc/lean/rows/Row036J2/Block006.lean
research/tasks/B699-Binomial/runs/20260911-low-index-lean-513dc7cc/lean/rows/Row036T/Block007.lean
research/tasks/B699-Binomial/runs/20260911-low-index-lean-513dc7cc/lean/rows/Row036T/Block008.lean
research/tasks/B699-Binomial/runs/20260911-low-index-lean-513dc7cc/lean/rows/Row036T/Block009.lean
research/tasks/B699-Binomial/runs/20260911-low-index-lean-513dc7cc/lean/rows/Row036T/Block010.lean
research/tasks/B699-Binomial/runs/20260911-low-index-lean-513dc7cc/lean/rows/Row036T/Block011.lean
research/tasks/B699-Binomial/runs/20260911-low-index-lean-513dc7cc/lean/rows/Row036T/Block012.lean
research/tasks/B699-Binomial/runs/20260911-low-index-lean-513dc7cc/lean/rows/Row036T/Block013.lean
research/tasks/B699-Binomial/runs/20260911-low-index-lean-513dc7cc/lean/rows/Row036T/Block014.lean
research/tasks/B699-Binomial/runs/20260911-low-index-lean-513dc7cc/lean/rows/Row036T/Block015.lean
research/tasks/B699-Binomial/runs/20260911-low-index-lean-513dc7cc/lean/rows/Row036T/Block016.lean
research/tasks/B699-Binomial/runs/20260911-low-index-lean-513dc7cc/lean/rows/Row036T/Block017.lean
research/tasks/B699-Binomial/runs/20260911-low-index-lean-513dc7cc/lean/rows/Row036T/Original.lean
research/tasks/B699-Binomial/runs/20260911-low-index-lean-513dc7cc/lean/rows/Row037J32/Block000.lean
research/tasks/B699-Binomial/runs/20260911-low-index-lean-513dc7cc/lean/rows/Row037J32/Block009.lean
research/tasks/B699-Binomial/runs/20260911-low-index-lean-513dc7cc/lean/rows/Row037J32/Block001.lean
research/tasks/B699-Binomial/runs/20260911-low-index-lean-513dc7cc/lean/rows/Row037J32/Block002.lean
research/tasks/B699-Binomial/runs/20260911-low-index-lean-513dc7cc/lean/rows/Row037J32/Block003.lean
research/tasks/B699-Binomial/runs/20260911-low-index-lean-513dc7cc/lean/rows/Row037J32/Block004.lean
research/tasks/B699-Binomial/runs/20260911-low-index-lean-513dc7cc/lean/rows/Row037J32/Block005.lean
research/tasks/B699-Binomial/runs/20260911-low-index-lean-513dc7cc/lean/rows/Row037J32/Block006.lean
research/tasks/B699-Binomial/runs/20260911-low-index-lean-513dc7cc/lean/rows/Row037J32/Block007.lean
research/tasks/B699-Binomial/runs/20260911-low-index-lean-513dc7cc/lean/rows/Row037J32/Block008.lean
research/tasks/B699-Binomial/runs/20260911-low-index-lean-513dc7cc/lean/rows/Row037J32/Original.lean
research/tasks/B699-Binomial/runs/20260911-low-index-lean-513dc7cc/lean/Row038Data.lean
research/tasks/B699-Binomial/runs/20260911-low-index-lean-513dc7cc/lean/rows/Row038/Metadata.lean
research/tasks/B699-Binomial/runs/20260911-low-index-lean-513dc7cc/lean/rows/Row038/Goods000.lean
research/tasks/B699-Binomial/runs/20260911-low-index-lean-513dc7cc/lean/rows/Row038/Goods016.lean
research/tasks/B699-Binomial/runs/20260911-low-index-lean-513dc7cc/lean/rows/Row038/Goods032.lean
research/tasks/B699-Binomial/runs/20260911-low-index-lean-513dc7cc/lean/rows/Row038/Goods048.lean
research/tasks/B699-Binomial/runs/20260911-low-index-lean-513dc7cc/lean/rows/Row038/Goods064.lean
research/tasks/B699-Binomial/runs/20260911-low-index-lean-513dc7cc/lean/rows/Row038/Goods080.lean
research/tasks/B699-Binomial/runs/20260911-low-index-lean-513dc7cc/lean/rows/Row038/Goods096.lean
research/tasks/B699-Binomial/runs/20260911-low-index-lean-513dc7cc/lean/rows/Row038/Goods112.lean
research/tasks/B699-Binomial/runs/20260911-low-index-lean-513dc7cc/lean/rows/Row038/Goods128.lean
research/tasks/B699-Binomial/runs/20260911-low-index-lean-513dc7cc/lean/rows/Row038/Goods144.lean
research/tasks/B699-Binomial/runs/20260911-low-index-lean-513dc7cc/lean/rows/Row038/Goods160.lean
research/tasks/B699-Binomial/runs/20260911-low-index-lean-513dc7cc/lean/rows/Row038/Goods176.lean
research/tasks/B699-Binomial/runs/20260911-low-index-lean-513dc7cc/lean/rows/Row038/Goods192.lean
research/tasks/B699-Binomial/runs/20260911-low-index-lean-513dc7cc/lean/rows/Row038/Goods208.lean
research/tasks/B699-Binomial/runs/20260911-low-index-lean-513dc7cc/lean/rows/Row038/Goods224.lean
research/tasks/B699-Binomial/runs/20260911-low-index-lean-513dc7cc/lean/rows/Row038/Goods240.lean
research/tasks/B699-Binomial/runs/20260911-low-index-lean-513dc7cc/lean/rows/Row038/Goods256.lean
research/tasks/B699-Binomial/runs/20260911-low-index-lean-513dc7cc/lean/rows/Row038/Goods272.lean
research/tasks/B699-Binomial/runs/20260911-low-index-lean-513dc7cc/lean/rows/Row038/GoodsChecked.lean
research/tasks/B699-Binomial/runs/20260911-low-index-lean-513dc7cc/lean/rows/Row038/Geometry.lean
research/tasks/B699-Binomial/runs/20260911-low-index-lean-513dc7cc/lean/rows/Row038/Layer000Arithmetic.lean
research/tasks/B699-Binomial/runs/20260911-low-index-lean-513dc7cc/lean/rows/Row038/Layer000Data.lean
research/tasks/B699-Binomial/runs/20260911-low-index-lean-513dc7cc/lean/rows/Row038/Layer000Enumeration.lean
research/tasks/B699-Binomial/runs/20260911-low-index-lean-513dc7cc/lean/rows/Row038/Layer000PairBlock000.lean
research/tasks/B699-Binomial/runs/20260911-low-index-lean-513dc7cc/lean/rows/Row038/Layer000PairBlock001.lean
research/tasks/B699-Binomial/runs/20260911-low-index-lean-513dc7cc/lean/rows/Row038/Layer000PairBlock002.lean
research/tasks/B699-Binomial/runs/20260911-low-index-lean-513dc7cc/lean/rows/Row038/Layer000PairBlock003.lean
research/tasks/B699-Binomial/runs/20260911-low-index-lean-513dc7cc/lean/rows/Row038/Layer000PairBlock004.lean
research/tasks/B699-Binomial/runs/20260911-low-index-lean-513dc7cc/lean/rows/Row038/Layer000PairBlock005.lean
research/tasks/B699-Binomial/runs/20260911-low-index-lean-513dc7cc/lean/rows/Row038/Layer000PairBlock006.lean
research/tasks/B699-Binomial/runs/20260911-low-index-lean-513dc7cc/lean/rows/Row038/Layer000PairBlock007.lean
research/tasks/B699-Binomial/runs/20260911-low-index-lean-513dc7cc/lean/rows/Row038/Layer000Pairs.lean
research/tasks/B699-Binomial/runs/20260911-low-index-lean-513dc7cc/lean/rows/Row038/Layer000Checked.lean
research/tasks/B699-Binomial/runs/20260911-low-index-lean-513dc7cc/lean/rows/Row038/Layer001Arithmetic.lean
research/tasks/B699-Binomial/runs/20260911-low-index-lean-513dc7cc/lean/rows/Row038/Layer001Data.lean
research/tasks/B699-Binomial/runs/20260911-low-index-lean-513dc7cc/lean/rows/Row038/Layer001Enumeration.lean
research/tasks/B699-Binomial/runs/20260911-low-index-lean-513dc7cc/lean/rows/Row038/Layer001PairBlock000.lean
research/tasks/B699-Binomial/runs/20260911-low-index-lean-513dc7cc/lean/rows/Row038/Layer001PairBlock001.lean
research/tasks/B699-Binomial/runs/20260911-low-index-lean-513dc7cc/lean/rows/Row038/Layer001PairBlock002.lean
research/tasks/B699-Binomial/runs/20260911-low-index-lean-513dc7cc/lean/rows/Row038/Layer001PairBlock003.lean
research/tasks/B699-Binomial/runs/20260911-low-index-lean-513dc7cc/lean/rows/Row038/Layer001PairBlock004.lean
research/tasks/B699-Binomial/runs/20260911-low-index-lean-513dc7cc/lean/rows/Row038/Layer001PairBlock005.lean
research/tasks/B699-Binomial/runs/20260911-low-index-lean-513dc7cc/lean/rows/Row038/Layer001PairBlock006.lean
research/tasks/B699-Binomial/runs/20260911-low-index-lean-513dc7cc/lean/rows/Row038/Layer001PairBlock007.lean
research/tasks/B699-Binomial/runs/20260911-low-index-lean-513dc7cc/lean/rows/Row038/Layer001PairBlock008.lean
research/tasks/B699-Binomial/runs/20260911-low-index-lean-513dc7cc/lean/rows/Row038/Layer001PairBlock009.lean
research/tasks/B699-Binomial/runs/20260911-low-index-lean-513dc7cc/lean/rows/Row038/Layer001Pairs.lean
research/tasks/B699-Binomial/runs/20260911-low-index-lean-513dc7cc/lean/rows/Row038/Layer001Checked.lean
research/tasks/B699-Binomial/runs/20260911-low-index-lean-513dc7cc/lean/rows/Row038/Layer002Arithmetic.lean
research/tasks/B699-Binomial/runs/20260911-low-index-lean-513dc7cc/lean/rows/Row038/Layer002Data.lean
research/tasks/B699-Binomial/runs/20260911-low-index-lean-513dc7cc/lean/rows/Row038/Layer002Enumeration.lean
research/tasks/B699-Binomial/runs/20260911-low-index-lean-513dc7cc/lean/rows/Row038/Layer002PairBlock000.lean
research/tasks/B699-Binomial/runs/20260911-low-index-lean-513dc7cc/lean/rows/Row038/Layer002PairBlock001.lean
research/tasks/B699-Binomial/runs/20260911-low-index-lean-513dc7cc/lean/rows/Row038/Layer002PairBlock002.lean
research/tasks/B699-Binomial/runs/20260911-low-index-lean-513dc7cc/lean/rows/Row038/Layer002PairBlock003.lean
research/tasks/B699-Binomial/runs/20260911-low-index-lean-513dc7cc/lean/rows/Row038/Layer002PairBlock004.lean
research/tasks/B699-Binomial/runs/20260911-low-index-lean-513dc7cc/lean/rows/Row038/Layer002PairBlock005.lean
research/tasks/B699-Binomial/runs/20260911-low-index-lean-513dc7cc/lean/rows/Row038/Layer002PairBlock006.lean
research/tasks/B699-Binomial/runs/20260911-low-index-lean-513dc7cc/lean/rows/Row038/Layer002PairBlock007.lean
research/tasks/B699-Binomial/runs/20260911-low-index-lean-513dc7cc/lean/rows/Row038/Layer002PairBlock008.lean
research/tasks/B699-Binomial/runs/20260911-low-index-lean-513dc7cc/lean/rows/Row038/Layer002PairBlock009.lean
research/tasks/B699-Binomial/runs/20260911-low-index-lean-513dc7cc/lean/rows/Row038/Layer002Pairs.lean
research/tasks/B699-Binomial/runs/20260911-low-index-lean-513dc7cc/lean/rows/Row038/Layer002Checked.lean
research/tasks/B699-Binomial/runs/20260911-low-index-lean-513dc7cc/lean/rows/Row038/Layer003Arithmetic.lean
research/tasks/B699-Binomial/runs/20260911-low-index-lean-513dc7cc/lean/rows/Row038/Layer003Data.lean
research/tasks/B699-Binomial/runs/20260911-low-index-lean-513dc7cc/lean/rows/Row038/Layer003Enumeration.lean
research/tasks/B699-Binomial/runs/20260911-low-index-lean-513dc7cc/lean/rows/Row038/Layer003PairBlock000.lean
research/tasks/B699-Binomial/runs/20260911-low-index-lean-513dc7cc/lean/rows/Row038/Layer003PairBlock001.lean
research/tasks/B699-Binomial/runs/20260911-low-index-lean-513dc7cc/lean/rows/Row038/Layer003PairBlock002.lean
research/tasks/B699-Binomial/runs/20260911-low-index-lean-513dc7cc/lean/rows/Row038/Layer003PairBlock003.lean
research/tasks/B699-Binomial/runs/20260911-low-index-lean-513dc7cc/lean/rows/Row038/Layer003PairBlock004.lean
research/tasks/B699-Binomial/runs/20260911-low-index-lean-513dc7cc/lean/rows/Row038/Layer003PairBlock005.lean
research/tasks/B699-Binomial/runs/20260911-low-index-lean-513dc7cc/lean/rows/Row038/Layer003PairBlock006.lean
research/tasks/B699-Binomial/runs/20260911-low-index-lean-513dc7cc/lean/rows/Row038/Layer003PairBlock007.lean
research/tasks/B699-Binomial/runs/20260911-low-index-lean-513dc7cc/lean/rows/Row038/Layer003PairBlock008.lean
research/tasks/B699-Binomial/runs/20260911-low-index-lean-513dc7cc/lean/rows/Row038/Layer003PairBlock009.lean
research/tasks/B699-Binomial/runs/20260911-low-index-lean-513dc7cc/lean/rows/Row038/Layer003PairBlock010.lean
research/tasks/B699-Binomial/runs/20260911-low-index-lean-513dc7cc/lean/rows/Row038/Layer003Pairs.lean
research/tasks/B699-Binomial/runs/20260911-low-index-lean-513dc7cc/lean/rows/Row038/Layer003Checked.lean
research/tasks/B699-Binomial/runs/20260911-low-index-lean-513dc7cc/lean/rows/Row038/Layers000.lean
research/tasks/B699-Binomial/runs/20260911-low-index-lean-513dc7cc/lean/rows/Row038/Layer004Arithmetic.lean
research/tasks/B699-Binomial/runs/20260911-low-index-lean-513dc7cc/lean/rows/Row038/Layer004Data.lean
research/tasks/B699-Binomial/runs/20260911-low-index-lean-513dc7cc/lean/rows/Row038/Layer004Enumeration.lean
research/tasks/B699-Binomial/runs/20260911-low-index-lean-513dc7cc/lean/rows/Row038/Layer004PairBlock000.lean
research/tasks/B699-Binomial/runs/20260911-low-index-lean-513dc7cc/lean/rows/Row038/Layer004PairBlock001.lean
research/tasks/B699-Binomial/runs/20260911-low-index-lean-513dc7cc/lean/rows/Row038/Layer004PairBlock002.lean
research/tasks/B699-Binomial/runs/20260911-low-index-lean-513dc7cc/lean/rows/Row038/Layer004PairBlock003.lean
research/tasks/B699-Binomial/runs/20260911-low-index-lean-513dc7cc/lean/rows/Row038/Layer004PairBlock004.lean
research/tasks/B699-Binomial/runs/20260911-low-index-lean-513dc7cc/lean/rows/Row038/Layer004PairBlock005.lean
research/tasks/B699-Binomial/runs/20260911-low-index-lean-513dc7cc/lean/rows/Row038/Layer004PairBlock006.lean
research/tasks/B699-Binomial/runs/20260911-low-index-lean-513dc7cc/lean/rows/Row038/Layer004PairBlock007.lean
research/tasks/B699-Binomial/runs/20260911-low-index-lean-513dc7cc/lean/rows/Row038/Layer004PairBlock008.lean
research/tasks/B699-Binomial/runs/20260911-low-index-lean-513dc7cc/lean/rows/Row038/Layer004PairBlock009.lean
research/tasks/B699-Binomial/runs/20260911-low-index-lean-513dc7cc/lean/rows/Row038/Layer004Pairs.lean
research/tasks/B699-Binomial/runs/20260911-low-index-lean-513dc7cc/lean/rows/Row038/Layer004Checked.lean
research/tasks/B699-Binomial/runs/20260911-low-index-lean-513dc7cc/lean/rows/Row038/Layer005Arithmetic.lean
research/tasks/B699-Binomial/runs/20260911-low-index-lean-513dc7cc/lean/rows/Row038/Layer005Data.lean
research/tasks/B699-Binomial/runs/20260911-low-index-lean-513dc7cc/lean/rows/Row038/Layer005Enumeration.lean
research/tasks/B699-Binomial/runs/20260911-low-index-lean-513dc7cc/lean/rows/Row038/Layer005PairBlock000.lean
research/tasks/B699-Binomial/runs/20260911-low-index-lean-513dc7cc/lean/rows/Row038/Layer005PairBlock001.lean
research/tasks/B699-Binomial/runs/20260911-low-index-lean-513dc7cc/lean/rows/Row038/Layer005PairBlock002.lean
research/tasks/B699-Binomial/runs/20260911-low-index-lean-513dc7cc/lean/rows/Row038/Layer005PairBlock003.lean
research/tasks/B699-Binomial/runs/20260911-low-index-lean-513dc7cc/lean/rows/Row038/Layer005PairBlock004.lean
research/tasks/B699-Binomial/runs/20260911-low-index-lean-513dc7cc/lean/rows/Row038/Layer005PairBlock005.lean
research/tasks/B699-Binomial/runs/20260911-low-index-lean-513dc7cc/lean/rows/Row038/Layer005PairBlock006.lean
research/tasks/B699-Binomial/runs/20260911-low-index-lean-513dc7cc/lean/rows/Row038/Layer005PairBlock007.lean
research/tasks/B699-Binomial/runs/20260911-low-index-lean-513dc7cc/lean/rows/Row038/Layer005PairBlock008.lean
research/tasks/B699-Binomial/runs/20260911-low-index-lean-513dc7cc/lean/rows/Row038/Layer005Pairs.lean
research/tasks/B699-Binomial/runs/20260911-low-index-lean-513dc7cc/lean/rows/Row038/Layer005Checked.lean
research/tasks/B699-Binomial/runs/20260911-low-index-lean-513dc7cc/lean/rows/Row038/Layer006Arithmetic.lean
research/tasks/B699-Binomial/runs/20260911-low-index-lean-513dc7cc/lean/rows/Row038/Layer006Data.lean
research/tasks/B699-Binomial/runs/20260911-low-index-lean-513dc7cc/lean/rows/Row038/Layer006Enumeration.lean
research/tasks/B699-Binomial/runs/20260911-low-index-lean-513dc7cc/lean/rows/Row038/Layer006PairBlock000.lean
research/tasks/B699-Binomial/runs/20260911-low-index-lean-513dc7cc/lean/rows/Row038/Layer006PairBlock001.lean
research/tasks/B699-Binomial/runs/20260911-low-index-lean-513dc7cc/lean/rows/Row038/Layer006PairBlock002.lean
research/tasks/B699-Binomial/runs/20260911-low-index-lean-513dc7cc/lean/rows/Row038/Layer006PairBlock003.lean
research/tasks/B699-Binomial/runs/20260911-low-index-lean-513dc7cc/lean/rows/Row038/Layer006PairBlock004.lean
research/tasks/B699-Binomial/runs/20260911-low-index-lean-513dc7cc/lean/rows/Row038/Layer006PairBlock005.lean
research/tasks/B699-Binomial/runs/20260911-low-index-lean-513dc7cc/lean/rows/Row038/Layer006PairBlock006.lean
research/tasks/B699-Binomial/runs/20260911-low-index-lean-513dc7cc/lean/rows/Row038/Layer006Pairs.lean
research/tasks/B699-Binomial/runs/20260911-low-index-lean-513dc7cc/lean/rows/Row038/Layer006Checked.lean
research/tasks/B699-Binomial/runs/20260911-low-index-lean-513dc7cc/lean/rows/Row038/Layer007Arithmetic.lean
research/tasks/B699-Binomial/runs/20260911-low-index-lean-513dc7cc/lean/rows/Row038/Layer007Data.lean
research/tasks/B699-Binomial/runs/20260911-low-index-lean-513dc7cc/lean/rows/Row038/Layer007Enumeration.lean
research/tasks/B699-Binomial/runs/20260911-low-index-lean-513dc7cc/lean/rows/Row038/Layer007PairBlock000.lean
research/tasks/B699-Binomial/runs/20260911-low-index-lean-513dc7cc/lean/rows/Row038/Layer007PairBlock001.lean
research/tasks/B699-Binomial/runs/20260911-low-index-lean-513dc7cc/lean/rows/Row038/Layer007PairBlock002.lean
research/tasks/B699-Binomial/runs/20260911-low-index-lean-513dc7cc/lean/rows/Row038/Layer007PairBlock003.lean
research/tasks/B699-Binomial/runs/20260911-low-index-lean-513dc7cc/lean/rows/Row038/Layer007PairBlock004.lean
research/tasks/B699-Binomial/runs/20260911-low-index-lean-513dc7cc/lean/rows/Row038/Layer007PairBlock005.lean
research/tasks/B699-Binomial/runs/20260911-low-index-lean-513dc7cc/lean/rows/Row038/Layer007PairBlock006.lean
research/tasks/B699-Binomial/runs/20260911-low-index-lean-513dc7cc/lean/rows/Row038/Layer007PairBlock007.lean
research/tasks/B699-Binomial/runs/20260911-low-index-lean-513dc7cc/lean/rows/Row038/Layer007Pairs.lean
research/tasks/B699-Binomial/runs/20260911-low-index-lean-513dc7cc/lean/rows/Row038/Layer007Checked.lean
research/tasks/B699-Binomial/runs/20260911-low-index-lean-513dc7cc/lean/rows/Row038/Layers004.lean
research/tasks/B699-Binomial/runs/20260911-low-index-lean-513dc7cc/lean/rows/Row038/Layer008Arithmetic.lean
research/tasks/B699-Binomial/runs/20260911-low-index-lean-513dc7cc/lean/rows/Row038/Layer008Data.lean
research/tasks/B699-Binomial/runs/20260911-low-index-lean-513dc7cc/lean/rows/Row038/Layer008Enumeration.lean
research/tasks/B699-Binomial/runs/20260911-low-index-lean-513dc7cc/lean/rows/Row038/Layer008PairBlock000.lean
research/tasks/B699-Binomial/runs/20260911-low-index-lean-513dc7cc/lean/rows/Row038/Layer008PairBlock001.lean
research/tasks/B699-Binomial/runs/20260911-low-index-lean-513dc7cc/lean/rows/Row038/Layer008PairBlock002.lean
research/tasks/B699-Binomial/runs/20260911-low-index-lean-513dc7cc/lean/rows/Row038/Layer008PairBlock003.lean
research/tasks/B699-Binomial/runs/20260911-low-index-lean-513dc7cc/lean/rows/Row038/Layer008PairBlock004.lean
research/tasks/B699-Binomial/runs/20260911-low-index-lean-513dc7cc/lean/rows/Row038/Layer008PairBlock005.lean
research/tasks/B699-Binomial/runs/20260911-low-index-lean-513dc7cc/lean/rows/Row038/Layer008PairBlock006.lean
research/tasks/B699-Binomial/runs/20260911-low-index-lean-513dc7cc/lean/rows/Row038/Layer008PairBlock007.lean
research/tasks/B699-Binomial/runs/20260911-low-index-lean-513dc7cc/lean/rows/Row038/Layer008PairBlock008.lean
research/tasks/B699-Binomial/runs/20260911-low-index-lean-513dc7cc/lean/rows/Row038/Layer008PairBlock009.lean
research/tasks/B699-Binomial/runs/20260911-low-index-lean-513dc7cc/lean/rows/Row038/Layer008PairBlock010.lean
research/tasks/B699-Binomial/runs/20260911-low-index-lean-513dc7cc/lean/rows/Row038/Layer008Pairs.lean
research/tasks/B699-Binomial/runs/20260911-low-index-lean-513dc7cc/lean/rows/Row038/Layer008Checked.lean
research/tasks/B699-Binomial/runs/20260911-low-index-lean-513dc7cc/lean/rows/Row038/Layer009Arithmetic.lean
research/tasks/B699-Binomial/runs/20260911-low-index-lean-513dc7cc/lean/rows/Row038/Layer009Data.lean
research/tasks/B699-Binomial/runs/20260911-low-index-lean-513dc7cc/lean/rows/Row038/Layer009Enumeration.lean
research/tasks/B699-Binomial/runs/20260911-low-index-lean-513dc7cc/lean/rows/Row038/Layer009PairBlock000.lean
research/tasks/B699-Binomial/runs/20260911-low-index-lean-513dc7cc/lean/rows/Row038/Layer009PairBlock001.lean
research/tasks/B699-Binomial/runs/20260911-low-index-lean-513dc7cc/lean/rows/Row038/Layer009PairBlock002.lean
research/tasks/B699-Binomial/runs/20260911-low-index-lean-513dc7cc/lean/rows/Row038/Layer009PairBlock003.lean
research/tasks/B699-Binomial/runs/20260911-low-index-lean-513dc7cc/lean/rows/Row038/Layer009PairBlock004.lean
research/tasks/B699-Binomial/runs/20260911-low-index-lean-513dc7cc/lean/rows/Row038/Layer009PairBlock005.lean
research/tasks/B699-Binomial/runs/20260911-low-index-lean-513dc7cc/lean/rows/Row038/Layer009PairBlock006.lean
research/tasks/B699-Binomial/runs/20260911-low-index-lean-513dc7cc/lean/rows/Row038/Layer009Pairs.lean
research/tasks/B699-Binomial/runs/20260911-low-index-lean-513dc7cc/lean/rows/Row038/Layer009Checked.lean
research/tasks/B699-Binomial/runs/20260911-low-index-lean-513dc7cc/lean/rows/Row038/Layer010Arithmetic.lean
research/tasks/B699-Binomial/runs/20260911-low-index-lean-513dc7cc/lean/rows/Row038/Layer010Data.lean
research/tasks/B699-Binomial/runs/20260911-low-index-lean-513dc7cc/lean/rows/Row038/Layer010Enumeration.lean
research/tasks/B699-Binomial/runs/20260911-low-index-lean-513dc7cc/lean/rows/Row038/Layer010PairBlock000.lean
research/tasks/B699-Binomial/runs/20260911-low-index-lean-513dc7cc/lean/rows/Row038/Layer010PairBlock001.lean
research/tasks/B699-Binomial/runs/20260911-low-index-lean-513dc7cc/lean/rows/Row038/Layer010PairBlock002.lean
research/tasks/B699-Binomial/runs/20260911-low-index-lean-513dc7cc/lean/rows/Row038/Layer010PairBlock003.lean
research/tasks/B699-Binomial/runs/20260911-low-index-lean-513dc7cc/lean/rows/Row038/Layer010PairBlock004.lean
research/tasks/B699-Binomial/runs/20260911-low-index-lean-513dc7cc/lean/rows/Row038/Layer010PairBlock005.lean
research/tasks/B699-Binomial/runs/20260911-low-index-lean-513dc7cc/lean/rows/Row038/Layer010PairBlock006.lean
research/tasks/B699-Binomial/runs/20260911-low-index-lean-513dc7cc/lean/rows/Row038/Layer010PairBlock007.lean
research/tasks/B699-Binomial/runs/20260911-low-index-lean-513dc7cc/lean/rows/Row038/Layer010Pairs.lean
research/tasks/B699-Binomial/runs/20260911-low-index-lean-513dc7cc/lean/rows/Row038/Layer010Checked.lean
research/tasks/B699-Binomial/runs/20260911-low-index-lean-513dc7cc/lean/rows/Row038/Layer011Arithmetic.lean
research/tasks/B699-Binomial/runs/20260911-low-index-lean-513dc7cc/lean/rows/Row038/Layer011Data.lean
research/tasks/B699-Binomial/runs/20260911-low-index-lean-513dc7cc/lean/rows/Row038/Layer011Enumeration.lean
research/tasks/B699-Binomial/runs/20260911-low-index-lean-513dc7cc/lean/rows/Row038/Layer011PairBlock000.lean
research/tasks/B699-Binomial/runs/20260911-low-index-lean-513dc7cc/lean/rows/Row038/Layer011PairBlock001.lean
research/tasks/B699-Binomial/runs/20260911-low-index-lean-513dc7cc/lean/rows/Row038/Layer011PairBlock002.lean
research/tasks/B699-Binomial/runs/20260911-low-index-lean-513dc7cc/lean/rows/Row038/Layer011PairBlock003.lean
research/tasks/B699-Binomial/runs/20260911-low-index-lean-513dc7cc/lean/rows/Row038/Layer011PairBlock004.lean
research/tasks/B699-Binomial/runs/20260911-low-index-lean-513dc7cc/lean/rows/Row038/Layer011PairBlock005.lean
research/tasks/B699-Binomial/runs/20260911-low-index-lean-513dc7cc/lean/rows/Row038/Layer011PairBlock006.lean
research/tasks/B699-Binomial/runs/20260911-low-index-lean-513dc7cc/lean/rows/Row038/Layer011Pairs.lean
research/tasks/B699-Binomial/runs/20260911-low-index-lean-513dc7cc/lean/rows/Row038/Layer011Checked.lean
research/tasks/B699-Binomial/runs/20260911-low-index-lean-513dc7cc/lean/rows/Row038/Layers008.lean
research/tasks/B699-Binomial/runs/20260911-low-index-lean-513dc7cc/lean/rows/Row038/Layer012Arithmetic.lean
research/tasks/B699-Binomial/runs/20260911-low-index-lean-513dc7cc/lean/rows/Row038/Layer012Data.lean
research/tasks/B699-Binomial/runs/20260911-low-index-lean-513dc7cc/lean/rows/Row038/Layer012Enumeration.lean
research/tasks/B699-Binomial/runs/20260911-low-index-lean-513dc7cc/lean/rows/Row038/Layer012PairBlock000.lean
research/tasks/B699-Binomial/runs/20260911-low-index-lean-513dc7cc/lean/rows/Row038/Layer012PairBlock001.lean
research/tasks/B699-Binomial/runs/20260911-low-index-lean-513dc7cc/lean/rows/Row038/Layer012PairBlock002.lean
research/tasks/B699-Binomial/runs/20260911-low-index-lean-513dc7cc/lean/rows/Row038/Layer012PairBlock003.lean
research/tasks/B699-Binomial/runs/20260911-low-index-lean-513dc7cc/lean/rows/Row038/Layer012PairBlock004.lean
research/tasks/B699-Binomial/runs/20260911-low-index-lean-513dc7cc/lean/rows/Row038/Layer012PairBlock005.lean
research/tasks/B699-Binomial/runs/20260911-low-index-lean-513dc7cc/lean/rows/Row038/Layer012PairBlock006.lean
research/tasks/B699-Binomial/runs/20260911-low-index-lean-513dc7cc/lean/rows/Row038/Layer012Pairs.lean
research/tasks/B699-Binomial/runs/20260911-low-index-lean-513dc7cc/lean/rows/Row038/Layer012Checked.lean
research/tasks/B699-Binomial/runs/20260911-low-index-lean-513dc7cc/lean/rows/Row038/Layer013Arithmetic.lean
research/tasks/B699-Binomial/runs/20260911-low-index-lean-513dc7cc/lean/rows/Row038/Layer013Data.lean
research/tasks/B699-Binomial/runs/20260911-low-index-lean-513dc7cc/lean/rows/Row038/Layer013Enumeration.lean
research/tasks/B699-Binomial/runs/20260911-low-index-lean-513dc7cc/lean/rows/Row038/Layer013PairBlock000.lean
research/tasks/B699-Binomial/runs/20260911-low-index-lean-513dc7cc/lean/rows/Row038/Layer013PairBlock001.lean
research/tasks/B699-Binomial/runs/20260911-low-index-lean-513dc7cc/lean/rows/Row038/Layer013PairBlock002.lean
research/tasks/B699-Binomial/runs/20260911-low-index-lean-513dc7cc/lean/rows/Row038/Layer013PairBlock003.lean
research/tasks/B699-Binomial/runs/20260911-low-index-lean-513dc7cc/lean/rows/Row038/Layer013PairBlock004.lean
research/tasks/B699-Binomial/runs/20260911-low-index-lean-513dc7cc/lean/rows/Row038/Layer013PairBlock005.lean
research/tasks/B699-Binomial/runs/20260911-low-index-lean-513dc7cc/lean/rows/Row038/Layer013PairBlock006.lean
research/tasks/B699-Binomial/runs/20260911-low-index-lean-513dc7cc/lean/rows/Row038/Layer013PairBlock007.lean
research/tasks/B699-Binomial/runs/20260911-low-index-lean-513dc7cc/lean/rows/Row038/Layer013Pairs.lean
research/tasks/B699-Binomial/runs/20260911-low-index-lean-513dc7cc/lean/rows/Row038/Layer013Checked.lean
research/tasks/B699-Binomial/runs/20260911-low-index-lean-513dc7cc/lean/rows/Row038/Layer014Arithmetic.lean
research/tasks/B699-Binomial/runs/20260911-low-index-lean-513dc7cc/lean/rows/Row038/Layer014Data.lean
research/tasks/B699-Binomial/runs/20260911-low-index-lean-513dc7cc/lean/rows/Row038/Layer014Enumeration.lean
research/tasks/B699-Binomial/runs/20260911-low-index-lean-513dc7cc/lean/rows/Row038/Layer014PairBlock000.lean
research/tasks/B699-Binomial/runs/20260911-low-index-lean-513dc7cc/lean/rows/Row038/Layer014PairBlock001.lean
research/tasks/B699-Binomial/runs/20260911-low-index-lean-513dc7cc/lean/rows/Row038/Layer014PairBlock002.lean
research/tasks/B699-Binomial/runs/20260911-low-index-lean-513dc7cc/lean/rows/Row038/Layer014PairBlock003.lean
research/tasks/B699-Binomial/runs/20260911-low-index-lean-513dc7cc/lean/rows/Row038/Layer014PairBlock004.lean
research/tasks/B699-Binomial/runs/20260911-low-index-lean-513dc7cc/lean/rows/Row038/Layer014PairBlock005.lean
research/tasks/B699-Binomial/runs/20260911-low-index-lean-513dc7cc/lean/rows/Row038/Layer014PairBlock006.lean
research/tasks/B699-Binomial/runs/20260911-low-index-lean-513dc7cc/lean/rows/Row038/Layer014PairBlock007.lean
research/tasks/B699-Binomial/runs/20260911-low-index-lean-513dc7cc/lean/rows/Row038/Layer014Pairs.lean
research/tasks/B699-Binomial/runs/20260911-low-index-lean-513dc7cc/lean/rows/Row038/Layer014Checked.lean
research/tasks/B699-Binomial/runs/20260911-low-index-lean-513dc7cc/lean/rows/Row038/Layer015Arithmetic.lean
research/tasks/B699-Binomial/runs/20260911-low-index-lean-513dc7cc/lean/rows/Row038/Layer015Data.lean
research/tasks/B699-Binomial/runs/20260911-low-index-lean-513dc7cc/lean/rows/Row038/Layer015Enumeration.lean
research/tasks/B699-Binomial/runs/20260911-low-index-lean-513dc7cc/lean/rows/Row038/Layer015PairBlock000.lean
research/tasks/B699-Binomial/runs/20260911-low-index-lean-513dc7cc/lean/rows/Row038/Layer015PairBlock001.lean
research/tasks/B699-Binomial/runs/20260911-low-index-lean-513dc7cc/lean/rows/Row038/Layer015PairBlock002.lean
research/tasks/B699-Binomial/runs/20260911-low-index-lean-513dc7cc/lean/rows/Row038/Layer015PairBlock003.lean
research/tasks/B699-Binomial/runs/20260911-low-index-lean-513dc7cc/lean/rows/Row038/Layer015PairBlock004.lean
research/tasks/B699-Binomial/runs/20260911-low-index-lean-513dc7cc/lean/rows/Row038/Layer015PairBlock005.lean
research/tasks/B699-Binomial/runs/20260911-low-index-lean-513dc7cc/lean/rows/Row038/Layer015Pairs.lean
research/tasks/B699-Binomial/runs/20260911-low-index-lean-513dc7cc/lean/rows/Row038/Layer015Checked.lean
research/tasks/B699-Binomial/runs/20260911-low-index-lean-513dc7cc/lean/rows/Row038/Layers012.lean
research/tasks/B699-Binomial/runs/20260911-low-index-lean-513dc7cc/lean/rows/Row038/Layer016Arithmetic.lean
research/tasks/B699-Binomial/runs/20260911-low-index-lean-513dc7cc/lean/rows/Row038/Layer016Data.lean
research/tasks/B699-Binomial/runs/20260911-low-index-lean-513dc7cc/lean/rows/Row038/Layer016Enumeration.lean
research/tasks/B699-Binomial/runs/20260911-low-index-lean-513dc7cc/lean/rows/Row038/Layer016PairBlock000.lean
research/tasks/B699-Binomial/runs/20260911-low-index-lean-513dc7cc/lean/rows/Row038/Layer016PairBlock001.lean
research/tasks/B699-Binomial/runs/20260911-low-index-lean-513dc7cc/lean/rows/Row038/Layer016PairBlock002.lean
research/tasks/B699-Binomial/runs/20260911-low-index-lean-513dc7cc/lean/rows/Row038/Layer016PairBlock003.lean
research/tasks/B699-Binomial/runs/20260911-low-index-lean-513dc7cc/lean/rows/Row038/Layer016PairBlock004.lean
research/tasks/B699-Binomial/runs/20260911-low-index-lean-513dc7cc/lean/rows/Row038/Layer016PairBlock005.lean
research/tasks/B699-Binomial/runs/20260911-low-index-lean-513dc7cc/lean/rows/Row038/Layer016PairBlock006.lean
research/tasks/B699-Binomial/runs/20260911-low-index-lean-513dc7cc/lean/rows/Row038/Layer016Pairs.lean
research/tasks/B699-Binomial/runs/20260911-low-index-lean-513dc7cc/lean/rows/Row038/Layer016Checked.lean
research/tasks/B699-Binomial/runs/20260911-low-index-lean-513dc7cc/lean/rows/Row038/Layer017Arithmetic.lean
research/tasks/B699-Binomial/runs/20260911-low-index-lean-513dc7cc/lean/rows/Row038/Layer017Data.lean
research/tasks/B699-Binomial/runs/20260911-low-index-lean-513dc7cc/lean/rows/Row038/Layer017Enumeration.lean
research/tasks/B699-Binomial/runs/20260911-low-index-lean-513dc7cc/lean/rows/Row038/Layer017PairBlock000.lean
research/tasks/B699-Binomial/runs/20260911-low-index-lean-513dc7cc/lean/rows/Row038/Layer017PairBlock001.lean
research/tasks/B699-Binomial/runs/20260911-low-index-lean-513dc7cc/lean/rows/Row038/Layer017PairBlock002.lean
research/tasks/B699-Binomial/runs/20260911-low-index-lean-513dc7cc/lean/rows/Row038/Layer017PairBlock003.lean
research/tasks/B699-Binomial/runs/20260911-low-index-lean-513dc7cc/lean/rows/Row038/Layer017PairBlock004.lean
research/tasks/B699-Binomial/runs/20260911-low-index-lean-513dc7cc/lean/rows/Row038/Layer017PairBlock005.lean
research/tasks/B699-Binomial/runs/20260911-low-index-lean-513dc7cc/lean/rows/Row038/Layer017Pairs.lean
research/tasks/B699-Binomial/runs/20260911-low-index-lean-513dc7cc/lean/rows/Row038/Layer017Checked.lean
research/tasks/B699-Binomial/runs/20260911-low-index-lean-513dc7cc/lean/rows/Row038/Layer018Arithmetic.lean
research/tasks/B699-Binomial/runs/20260911-low-index-lean-513dc7cc/lean/rows/Row038/Layer018Data.lean
research/tasks/B699-Binomial/runs/20260911-low-index-lean-513dc7cc/lean/rows/Row038/Layer018Enumeration.lean
research/tasks/B699-Binomial/runs/20260911-low-index-lean-513dc7cc/lean/rows/Row038/Layer018PairBlock000.lean
research/tasks/B699-Binomial/runs/20260911-low-index-lean-513dc7cc/lean/rows/Row038/Layer018PairBlock001.lean
research/tasks/B699-Binomial/runs/20260911-low-index-lean-513dc7cc/lean/rows/Row038/Layer018PairBlock002.lean
research/tasks/B699-Binomial/runs/20260911-low-index-lean-513dc7cc/lean/rows/Row038/Layer018PairBlock003.lean
research/tasks/B699-Binomial/runs/20260911-low-index-lean-513dc7cc/lean/rows/Row038/Layer018PairBlock004.lean
research/tasks/B699-Binomial/runs/20260911-low-index-lean-513dc7cc/lean/rows/Row038/Layer018PairBlock005.lean
research/tasks/B699-Binomial/runs/20260911-low-index-lean-513dc7cc/lean/rows/Row038/Layer018PairBlock006.lean
research/tasks/B699-Binomial/runs/20260911-low-index-lean-513dc7cc/lean/rows/Row038/Layer018PairBlock007.lean
research/tasks/B699-Binomial/runs/20260911-low-index-lean-513dc7cc/lean/rows/Row038/Layer018Pairs.lean
research/tasks/B699-Binomial/runs/20260911-low-index-lean-513dc7cc/lean/rows/Row038/Layer018Checked.lean
research/tasks/B699-Binomial/runs/20260911-low-index-lean-513dc7cc/lean/rows/Row038/Layer019Arithmetic.lean
research/tasks/B699-Binomial/runs/20260911-low-index-lean-513dc7cc/lean/rows/Row038/Layer019Data.lean
research/tasks/B699-Binomial/runs/20260911-low-index-lean-513dc7cc/lean/rows/Row038/Layer019Enumeration.lean
research/tasks/B699-Binomial/runs/20260911-low-index-lean-513dc7cc/lean/rows/Row038/Layer019PairBlock000.lean
research/tasks/B699-Binomial/runs/20260911-low-index-lean-513dc7cc/lean/rows/Row038/Layer019PairBlock001.lean
research/tasks/B699-Binomial/runs/20260911-low-index-lean-513dc7cc/lean/rows/Row038/Layer019PairBlock002.lean
research/tasks/B699-Binomial/runs/20260911-low-index-lean-513dc7cc/lean/rows/Row038/Layer019PairBlock003.lean
research/tasks/B699-Binomial/runs/20260911-low-index-lean-513dc7cc/lean/rows/Row038/Layer019PairBlock004.lean
research/tasks/B699-Binomial/runs/20260911-low-index-lean-513dc7cc/lean/rows/Row038/Layer019PairBlock005.lean
research/tasks/B699-Binomial/runs/20260911-low-index-lean-513dc7cc/lean/rows/Row038/Layer019PairBlock006.lean
research/tasks/B699-Binomial/runs/20260911-low-index-lean-513dc7cc/lean/rows/Row038/Layer019Pairs.lean
research/tasks/B699-Binomial/runs/20260911-low-index-lean-513dc7cc/lean/rows/Row038/Layer019Checked.lean
research/tasks/B699-Binomial/runs/20260911-low-index-lean-513dc7cc/lean/rows/Row038/Layers016.lean
research/tasks/B699-Binomial/runs/20260911-low-index-lean-513dc7cc/lean/rows/Row038/Layer020Arithmetic.lean
research/tasks/B699-Binomial/runs/20260911-low-index-lean-513dc7cc/lean/rows/Row038/Layer020Data.lean
research/tasks/B699-Binomial/runs/20260911-low-index-lean-513dc7cc/lean/rows/Row038/Layer020Enumeration.lean
research/tasks/B699-Binomial/runs/20260911-low-index-lean-513dc7cc/lean/rows/Row038/Layer020PairBlock000.lean
research/tasks/B699-Binomial/runs/20260911-low-index-lean-513dc7cc/lean/rows/Row038/Layer020PairBlock001.lean
research/tasks/B699-Binomial/runs/20260911-low-index-lean-513dc7cc/lean/rows/Row038/Layer020PairBlock002.lean
research/tasks/B699-Binomial/runs/20260911-low-index-lean-513dc7cc/lean/rows/Row038/Layer020PairBlock003.lean
research/tasks/B699-Binomial/runs/20260911-low-index-lean-513dc7cc/lean/rows/Row038/Layer020PairBlock004.lean
research/tasks/B699-Binomial/runs/20260911-low-index-lean-513dc7cc/lean/rows/Row038/Layer020Pairs.lean
research/tasks/B699-Binomial/runs/20260911-low-index-lean-513dc7cc/lean/rows/Row038/Layer020Checked.lean
research/tasks/B699-Binomial/runs/20260911-low-index-lean-513dc7cc/lean/rows/Row038/Layer021Arithmetic.lean
research/tasks/B699-Binomial/runs/20260911-low-index-lean-513dc7cc/lean/rows/Row038/Layer021Data.lean
research/tasks/B699-Binomial/runs/20260911-low-index-lean-513dc7cc/lean/rows/Row038/Layer021Enumeration.lean
research/tasks/B699-Binomial/runs/20260911-low-index-lean-513dc7cc/lean/rows/Row038/Layer021PairBlock000.lean
research/tasks/B699-Binomial/runs/20260911-low-index-lean-513dc7cc/lean/rows/Row038/Layer021PairBlock001.lean
research/tasks/B699-Binomial/runs/20260911-low-index-lean-513dc7cc/lean/rows/Row038/Layer021PairBlock002.lean
research/tasks/B699-Binomial/runs/20260911-low-index-lean-513dc7cc/lean/rows/Row038/Layer021PairBlock003.lean
research/tasks/B699-Binomial/runs/20260911-low-index-lean-513dc7cc/lean/rows/Row038/Layer021PairBlock004.lean
research/tasks/B699-Binomial/runs/20260911-low-index-lean-513dc7cc/lean/rows/Row038/Layer021PairBlock005.lean
research/tasks/B699-Binomial/runs/20260911-low-index-lean-513dc7cc/lean/rows/Row038/Layer021Pairs.lean
research/tasks/B699-Binomial/runs/20260911-low-index-lean-513dc7cc/lean/rows/Row038/Layer021Checked.lean
research/tasks/B699-Binomial/runs/20260911-low-index-lean-513dc7cc/lean/rows/Row038/Layer022Arithmetic.lean
research/tasks/B699-Binomial/runs/20260911-low-index-lean-513dc7cc/lean/rows/Row038/Layer022Data.lean
research/tasks/B699-Binomial/runs/20260911-low-index-lean-513dc7cc/lean/rows/Row038/Layer022Enumeration.lean
research/tasks/B699-Binomial/runs/20260911-low-index-lean-513dc7cc/lean/rows/Row038/Layer022PairBlock000.lean
research/tasks/B699-Binomial/runs/20260911-low-index-lean-513dc7cc/lean/rows/Row038/Layer022PairBlock001.lean
research/tasks/B699-Binomial/runs/20260911-low-index-lean-513dc7cc/lean/rows/Row038/Layer022PairBlock002.lean
research/tasks/B699-Binomial/runs/20260911-low-index-lean-513dc7cc/lean/rows/Row038/Layer022PairBlock003.lean
research/tasks/B699-Binomial/runs/20260911-low-index-lean-513dc7cc/lean/rows/Row038/Layer022PairBlock004.lean
research/tasks/B699-Binomial/runs/20260911-low-index-lean-513dc7cc/lean/rows/Row038/Layer022PairBlock005.lean
research/tasks/B699-Binomial/runs/20260911-low-index-lean-513dc7cc/lean/rows/Row038/Layer022Pairs.lean
research/tasks/B699-Binomial/runs/20260911-low-index-lean-513dc7cc/lean/rows/Row038/Layer022Checked.lean
research/tasks/B699-Binomial/runs/20260911-low-index-lean-513dc7cc/lean/rows/Row038/Layer023Arithmetic.lean
research/tasks/B699-Binomial/runs/20260911-low-index-lean-513dc7cc/lean/rows/Row038/Layer023Data.lean
research/tasks/B699-Binomial/runs/20260911-low-index-lean-513dc7cc/lean/rows/Row038/Layer023Enumeration.lean
research/tasks/B699-Binomial/runs/20260911-low-index-lean-513dc7cc/lean/rows/Row038/Layer023PairBlock000.lean
research/tasks/B699-Binomial/runs/20260911-low-index-lean-513dc7cc/lean/rows/Row038/Layer023PairBlock001.lean
research/tasks/B699-Binomial/runs/20260911-low-index-lean-513dc7cc/lean/rows/Row038/Layer023PairBlock002.lean
research/tasks/B699-Binomial/runs/20260911-low-index-lean-513dc7cc/lean/rows/Row038/Layer023PairBlock003.lean
research/tasks/B699-Binomial/runs/20260911-low-index-lean-513dc7cc/lean/rows/Row038/Layer023PairBlock004.lean
research/tasks/B699-Binomial/runs/20260911-low-index-lean-513dc7cc/lean/rows/Row038/Layer023PairBlock005.lean
research/tasks/B699-Binomial/runs/20260911-low-index-lean-513dc7cc/lean/rows/Row038/Layer023Pairs.lean
research/tasks/B699-Binomial/runs/20260911-low-index-lean-513dc7cc/lean/rows/Row038/Layer023Checked.lean
research/tasks/B699-Binomial/runs/20260911-low-index-lean-513dc7cc/lean/rows/Row038/Layers020.lean
research/tasks/B699-Binomial/runs/20260911-low-index-lean-513dc7cc/lean/rows/Row038/Layer024Arithmetic.lean
research/tasks/B699-Binomial/runs/20260911-low-index-lean-513dc7cc/lean/rows/Row038/Layer024Data.lean
research/tasks/B699-Binomial/runs/20260911-low-index-lean-513dc7cc/lean/rows/Row038/Layer024Enumeration.lean
research/tasks/B699-Binomial/runs/20260911-low-index-lean-513dc7cc/lean/rows/Row038/Layer024PairBlock000.lean
research/tasks/B699-Binomial/runs/20260911-low-index-lean-513dc7cc/lean/rows/Row038/Layer024PairBlock001.lean
research/tasks/B699-Binomial/runs/20260911-low-index-lean-513dc7cc/lean/rows/Row038/Layer024PairBlock002.lean
research/tasks/B699-Binomial/runs/20260911-low-index-lean-513dc7cc/lean/rows/Row038/Layer024PairBlock003.lean
research/tasks/B699-Binomial/runs/20260911-low-index-lean-513dc7cc/lean/rows/Row038/Layer024PairBlock004.lean
research/tasks/B699-Binomial/runs/20260911-low-index-lean-513dc7cc/lean/rows/Row038/Layer024PairBlock005.lean
research/tasks/B699-Binomial/runs/20260911-low-index-lean-513dc7cc/lean/rows/Row038/Layer024Pairs.lean
research/tasks/B699-Binomial/runs/20260911-low-index-lean-513dc7cc/lean/rows/Row038/Layer024Checked.lean
research/tasks/B699-Binomial/runs/20260911-low-index-lean-513dc7cc/lean/rows/Row038/Layer025Arithmetic.lean
research/tasks/B699-Binomial/runs/20260911-low-index-lean-513dc7cc/lean/rows/Row038/Layer025Data.lean
research/tasks/B699-Binomial/runs/20260911-low-index-lean-513dc7cc/lean/rows/Row038/Layer025Enumeration.lean
research/tasks/B699-Binomial/runs/20260911-low-index-lean-513dc7cc/lean/rows/Row038/Layer025PairBlock000.lean
research/tasks/B699-Binomial/runs/20260911-low-index-lean-513dc7cc/lean/rows/Row038/Layer025PairBlock001.lean
research/tasks/B699-Binomial/runs/20260911-low-index-lean-513dc7cc/lean/rows/Row038/Layer025PairBlock002.lean
research/tasks/B699-Binomial/runs/20260911-low-index-lean-513dc7cc/lean/rows/Row038/Layer025PairBlock003.lean
research/tasks/B699-Binomial/runs/20260911-low-index-lean-513dc7cc/lean/rows/Row038/Layer025PairBlock004.lean
research/tasks/B699-Binomial/runs/20260911-low-index-lean-513dc7cc/lean/rows/Row038/Layer025PairBlock005.lean
research/tasks/B699-Binomial/runs/20260911-low-index-lean-513dc7cc/lean/rows/Row038/Layer025Pairs.lean
research/tasks/B699-Binomial/runs/20260911-low-index-lean-513dc7cc/lean/rows/Row038/Layer025Checked.lean
research/tasks/B699-Binomial/runs/20260911-low-index-lean-513dc7cc/lean/rows/Row038/Layer026Arithmetic.lean
research/tasks/B699-Binomial/runs/20260911-low-index-lean-513dc7cc/lean/rows/Row038/Layer026Data.lean
research/tasks/B699-Binomial/runs/20260911-low-index-lean-513dc7cc/lean/rows/Row038/Layer026Enumeration.lean
research/tasks/B699-Binomial/runs/20260911-low-index-lean-513dc7cc/lean/rows/Row038/Layer026PairBlock000.lean
research/tasks/B699-Binomial/runs/20260911-low-index-lean-513dc7cc/lean/rows/Row038/Layer026PairBlock001.lean
research/tasks/B699-Binomial/runs/20260911-low-index-lean-513dc7cc/lean/rows/Row038/Layer026PairBlock002.lean
research/tasks/B699-Binomial/runs/20260911-low-index-lean-513dc7cc/lean/rows/Row038/Layer026PairBlock003.lean
research/tasks/B699-Binomial/runs/20260911-low-index-lean-513dc7cc/lean/rows/Row038/Layer026PairBlock004.lean
research/tasks/B699-Binomial/runs/20260911-low-index-lean-513dc7cc/lean/rows/Row038/Layer026Pairs.lean
research/tasks/B699-Binomial/runs/20260911-low-index-lean-513dc7cc/lean/rows/Row038/Layer026Checked.lean
research/tasks/B699-Binomial/runs/20260911-low-index-lean-513dc7cc/lean/rows/Row038/Layer027Arithmetic.lean
research/tasks/B699-Binomial/runs/20260911-low-index-lean-513dc7cc/lean/rows/Row038/Layer027Data.lean
research/tasks/B699-Binomial/runs/20260911-low-index-lean-513dc7cc/lean/rows/Row038/Layer027Enumeration.lean
research/tasks/B699-Binomial/runs/20260911-low-index-lean-513dc7cc/lean/rows/Row038/Layer027PairBlock000.lean
research/tasks/B699-Binomial/runs/20260911-low-index-lean-513dc7cc/lean/rows/Row038/Layer027PairBlock001.lean
research/tasks/B699-Binomial/runs/20260911-low-index-lean-513dc7cc/lean/rows/Row038/Layer027PairBlock002.lean
research/tasks/B699-Binomial/runs/20260911-low-index-lean-513dc7cc/lean/rows/Row038/Layer027PairBlock003.lean
research/tasks/B699-Binomial/runs/20260911-low-index-lean-513dc7cc/lean/rows/Row038/Layer027PairBlock004.lean
research/tasks/B699-Binomial/runs/20260911-low-index-lean-513dc7cc/lean/rows/Row038/Layer027PairBlock005.lean
research/tasks/B699-Binomial/runs/20260911-low-index-lean-513dc7cc/lean/rows/Row038/Layer027Pairs.lean
research/tasks/B699-Binomial/runs/20260911-low-index-lean-513dc7cc/lean/rows/Row038/Layer027Checked.lean
research/tasks/B699-Binomial/runs/20260911-low-index-lean-513dc7cc/lean/rows/Row038/Layers024.lean
research/tasks/B699-Binomial/runs/20260911-low-index-lean-513dc7cc/lean/rows/Row038/Layer028Arithmetic.lean
research/tasks/B699-Binomial/runs/20260911-low-index-lean-513dc7cc/lean/rows/Row038/Layer028Data.lean
research/tasks/B699-Binomial/runs/20260911-low-index-lean-513dc7cc/lean/rows/Row038/Layer028Enumeration.lean
research/tasks/B699-Binomial/runs/20260911-low-index-lean-513dc7cc/lean/rows/Row038/Layer028PairBlock000.lean
research/tasks/B699-Binomial/runs/20260911-low-index-lean-513dc7cc/lean/rows/Row038/Layer028PairBlock001.lean
research/tasks/B699-Binomial/runs/20260911-low-index-lean-513dc7cc/lean/rows/Row038/Layer028PairBlock002.lean
research/tasks/B699-Binomial/runs/20260911-low-index-lean-513dc7cc/lean/rows/Row038/Layer028PairBlock003.lean
research/tasks/B699-Binomial/runs/20260911-low-index-lean-513dc7cc/lean/rows/Row038/Layer028PairBlock004.lean
research/tasks/B699-Binomial/runs/20260911-low-index-lean-513dc7cc/lean/rows/Row038/Layer028Pairs.lean
research/tasks/B699-Binomial/runs/20260911-low-index-lean-513dc7cc/lean/rows/Row038/Layer028Checked.lean
research/tasks/B699-Binomial/runs/20260911-low-index-lean-513dc7cc/lean/rows/Row038/Layer029Arithmetic.lean
research/tasks/B699-Binomial/runs/20260911-low-index-lean-513dc7cc/lean/rows/Row038/Layer029Data.lean
research/tasks/B699-Binomial/runs/20260911-low-index-lean-513dc7cc/lean/rows/Row038/Layer029Enumeration.lean
research/tasks/B699-Binomial/runs/20260911-low-index-lean-513dc7cc/lean/rows/Row038/Layer029PairBlock000.lean
research/tasks/B699-Binomial/runs/20260911-low-index-lean-513dc7cc/lean/rows/Row038/Layer029PairBlock001.lean
research/tasks/B699-Binomial/runs/20260911-low-index-lean-513dc7cc/lean/rows/Row038/Layer029PairBlock002.lean
research/tasks/B699-Binomial/runs/20260911-low-index-lean-513dc7cc/lean/rows/Row038/Layer029PairBlock003.lean
research/tasks/B699-Binomial/runs/20260911-low-index-lean-513dc7cc/lean/rows/Row038/Layer029PairBlock004.lean
research/tasks/B699-Binomial/runs/20260911-low-index-lean-513dc7cc/lean/rows/Row038/Layer029Pairs.lean
research/tasks/B699-Binomial/runs/20260911-low-index-lean-513dc7cc/lean/rows/Row038/Layer029Checked.lean
research/tasks/B699-Binomial/runs/20260911-low-index-lean-513dc7cc/lean/rows/Row038/Layer030Arithmetic.lean
research/tasks/B699-Binomial/runs/20260911-low-index-lean-513dc7cc/lean/rows/Row038/Layer030Data.lean
research/tasks/B699-Binomial/runs/20260911-low-index-lean-513dc7cc/lean/rows/Row038/Layer030Enumeration.lean
research/tasks/B699-Binomial/runs/20260911-low-index-lean-513dc7cc/lean/rows/Row038/Layer030PairBlock000.lean
research/tasks/B699-Binomial/runs/20260911-low-index-lean-513dc7cc/lean/rows/Row038/Layer030PairBlock001.lean
research/tasks/B699-Binomial/runs/20260911-low-index-lean-513dc7cc/lean/rows/Row038/Layer030PairBlock002.lean
research/tasks/B699-Binomial/runs/20260911-low-index-lean-513dc7cc/lean/rows/Row038/Layer030PairBlock003.lean
research/tasks/B699-Binomial/runs/20260911-low-index-lean-513dc7cc/lean/rows/Row038/Layer030PairBlock004.lean
research/tasks/B699-Binomial/runs/20260911-low-index-lean-513dc7cc/lean/rows/Row038/Layer030PairBlock005.lean
research/tasks/B699-Binomial/runs/20260911-low-index-lean-513dc7cc/lean/rows/Row038/Layer030Pairs.lean
research/tasks/B699-Binomial/runs/20260911-low-index-lean-513dc7cc/lean/rows/Row038/Layer030Checked.lean
research/tasks/B699-Binomial/runs/20260911-low-index-lean-513dc7cc/lean/rows/Row038/Layer031Arithmetic.lean
research/tasks/B699-Binomial/runs/20260911-low-index-lean-513dc7cc/lean/rows/Row038/Layer031Data.lean
research/tasks/B699-Binomial/runs/20260911-low-index-lean-513dc7cc/lean/rows/Row038/Layer031Enumeration.lean
research/tasks/B699-Binomial/runs/20260911-low-index-lean-513dc7cc/lean/rows/Row038/Layer031PairBlock000.lean
research/tasks/B699-Binomial/runs/20260911-low-index-lean-513dc7cc/lean/rows/Row038/Layer031PairBlock001.lean
research/tasks/B699-Binomial/runs/20260911-low-index-lean-513dc7cc/lean/rows/Row038/Layer031PairBlock002.lean
research/tasks/B699-Binomial/runs/20260911-low-index-lean-513dc7cc/lean/rows/Row038/Layer031PairBlock003.lean
research/tasks/B699-Binomial/runs/20260911-low-index-lean-513dc7cc/lean/rows/Row038/Layer031PairBlock004.lean
research/tasks/B699-Binomial/runs/20260911-low-index-lean-513dc7cc/lean/rows/Row038/Layer031Pairs.lean
research/tasks/B699-Binomial/runs/20260911-low-index-lean-513dc7cc/lean/rows/Row038/Layer031Checked.lean
research/tasks/B699-Binomial/runs/20260911-low-index-lean-513dc7cc/lean/rows/Row038/Layers028.lean
research/tasks/B699-Binomial/runs/20260911-low-index-lean-513dc7cc/lean/rows/Row038/Layer032Arithmetic.lean
research/tasks/B699-Binomial/runs/20260911-low-index-lean-513dc7cc/lean/rows/Row038/Layer032Data.lean
research/tasks/B699-Binomial/runs/20260911-low-index-lean-513dc7cc/lean/rows/Row038/Layer032Enumeration.lean
research/tasks/B699-Binomial/runs/20260911-low-index-lean-513dc7cc/lean/rows/Row038/Layer032PairBlock000.lean
research/tasks/B699-Binomial/runs/20260911-low-index-lean-513dc7cc/lean/rows/Row038/Layer032PairBlock001.lean
research/tasks/B699-Binomial/runs/20260911-low-index-lean-513dc7cc/lean/rows/Row038/Layer032PairBlock002.lean
research/tasks/B699-Binomial/runs/20260911-low-index-lean-513dc7cc/lean/rows/Row038/Layer032PairBlock003.lean
research/tasks/B699-Binomial/runs/20260911-low-index-lean-513dc7cc/lean/rows/Row038/Layer032PairBlock004.lean
research/tasks/B699-Binomial/runs/20260911-low-index-lean-513dc7cc/lean/rows/Row038/Layer032Pairs.lean
research/tasks/B699-Binomial/runs/20260911-low-index-lean-513dc7cc/lean/rows/Row038/Layer032Checked.lean
research/tasks/B699-Binomial/runs/20260911-low-index-lean-513dc7cc/lean/rows/Row038/Layer033Arithmetic.lean
research/tasks/B699-Binomial/runs/20260911-low-index-lean-513dc7cc/lean/rows/Row038/Layer033Data.lean
research/tasks/B699-Binomial/runs/20260911-low-index-lean-513dc7cc/lean/rows/Row038/Layer033Enumeration.lean
research/tasks/B699-Binomial/runs/20260911-low-index-lean-513dc7cc/lean/rows/Row038/Layer033PairBlock000.lean
research/tasks/B699-Binomial/runs/20260911-low-index-lean-513dc7cc/lean/rows/Row038/Layer033PairBlock001.lean
research/tasks/B699-Binomial/runs/20260911-low-index-lean-513dc7cc/lean/rows/Row038/Layer033PairBlock002.lean
research/tasks/B699-Binomial/runs/20260911-low-index-lean-513dc7cc/lean/rows/Row038/Layer033PairBlock003.lean
research/tasks/B699-Binomial/runs/20260911-low-index-lean-513dc7cc/lean/rows/Row038/Layer033PairBlock004.lean
research/tasks/B699-Binomial/runs/20260911-low-index-lean-513dc7cc/lean/rows/Row038/Layer033Pairs.lean
research/tasks/B699-Binomial/runs/20260911-low-index-lean-513dc7cc/lean/rows/Row038/Layer033Checked.lean
research/tasks/B699-Binomial/runs/20260911-low-index-lean-513dc7cc/lean/rows/Row038/Layer034Arithmetic.lean
research/tasks/B699-Binomial/runs/20260911-low-index-lean-513dc7cc/lean/rows/Row038/Layer034Data.lean
research/tasks/B699-Binomial/runs/20260911-low-index-lean-513dc7cc/lean/rows/Row038/Layer034Enumeration.lean
research/tasks/B699-Binomial/runs/20260911-low-index-lean-513dc7cc/lean/rows/Row038/Layer034PairBlock000.lean
research/tasks/B699-Binomial/runs/20260911-low-index-lean-513dc7cc/lean/rows/Row038/Layer034PairBlock001.lean
research/tasks/B699-Binomial/runs/20260911-low-index-lean-513dc7cc/lean/rows/Row038/Layer034PairBlock002.lean
research/tasks/B699-Binomial/runs/20260911-low-index-lean-513dc7cc/lean/rows/Row038/Layer034PairBlock003.lean
research/tasks/B699-Binomial/runs/20260911-low-index-lean-513dc7cc/lean/rows/Row038/Layer034PairBlock004.lean
research/tasks/B699-Binomial/runs/20260911-low-index-lean-513dc7cc/lean/rows/Row038/Layer034PairBlock005.lean
research/tasks/B699-Binomial/runs/20260911-low-index-lean-513dc7cc/lean/rows/Row038/Layer034Pairs.lean
research/tasks/B699-Binomial/runs/20260911-low-index-lean-513dc7cc/lean/rows/Row038/Layer034Checked.lean
research/tasks/B699-Binomial/runs/20260911-low-index-lean-513dc7cc/lean/rows/Row038/Layers032.lean
research/tasks/B699-Binomial/runs/20260911-low-index-lean-513dc7cc/lean/rows/Row038/Layer037Arithmetic.lean
research/tasks/B699-Binomial/runs/20260911-low-index-lean-513dc7cc/lean/rows/Row038/Layer037Data.lean
research/tasks/B699-Binomial/runs/20260911-low-index-lean-513dc7cc/lean/rows/Row038/Layer037Enumeration.lean
research/tasks/B699-Binomial/runs/20260911-low-index-lean-513dc7cc/lean/rows/Row038/Layer037PairBlock000.lean
research/tasks/B699-Binomial/runs/20260911-low-index-lean-513dc7cc/lean/rows/Row038/Layer037PairBlock001.lean
research/tasks/B699-Binomial/runs/20260911-low-index-lean-513dc7cc/lean/rows/Row038/Layer037PairBlock002.lean
research/tasks/B699-Binomial/runs/20260911-low-index-lean-513dc7cc/lean/rows/Row038/Layer037PairBlock003.lean
research/tasks/B699-Binomial/runs/20260911-low-index-lean-513dc7cc/lean/rows/Row038/Layer037PairBlock004.lean
research/tasks/B699-Binomial/runs/20260911-low-index-lean-513dc7cc/lean/rows/Row038/Layer037Pairs.lean
research/tasks/B699-Binomial/runs/20260911-low-index-lean-513dc7cc/lean/rows/Row038/Layer037Checked.lean
research/tasks/B699-Binomial/runs/20260911-low-index-lean-513dc7cc/lean/rows/Row038/Layer038Arithmetic.lean
research/tasks/B699-Binomial/runs/20260911-low-index-lean-513dc7cc/lean/rows/Row038/Layer038Data.lean
research/tasks/B699-Binomial/runs/20260911-low-index-lean-513dc7cc/lean/rows/Row038/Layer038Enumeration.lean
research/tasks/B699-Binomial/runs/20260911-low-index-lean-513dc7cc/lean/rows/Row038/Layer038PairBlock000.lean
research/tasks/B699-Binomial/runs/20260911-low-index-lean-513dc7cc/lean/rows/Row038/Layer038PairBlock001.lean
research/tasks/B699-Binomial/runs/20260911-low-index-lean-513dc7cc/lean/rows/Row038/Layer038PairBlock002.lean
research/tasks/B699-Binomial/runs/20260911-low-index-lean-513dc7cc/lean/rows/Row038/Layer038PairBlock003.lean
research/tasks/B699-Binomial/runs/20260911-low-index-lean-513dc7cc/lean/rows/Row038/Layer038PairBlock004.lean
research/tasks/B699-Binomial/runs/20260911-low-index-lean-513dc7cc/lean/rows/Row038/Layer038Pairs.lean
research/tasks/B699-Binomial/runs/20260911-low-index-lean-513dc7cc/lean/rows/Row038/Layer038Checked.lean
research/tasks/B699-Binomial/runs/20260911-low-index-lean-513dc7cc/lean/rows/Row038/Layers036.lean
research/tasks/B699-Binomial/runs/20260911-low-index-lean-513dc7cc/lean/rows/Row038/Layer041Arithmetic.lean
research/tasks/B699-Binomial/runs/20260911-low-index-lean-513dc7cc/lean/rows/Row038/Layer041Data.lean
research/tasks/B699-Binomial/runs/20260911-low-index-lean-513dc7cc/lean/rows/Row038/Layer041Enumeration.lean
research/tasks/B699-Binomial/runs/20260911-low-index-lean-513dc7cc/lean/rows/Row038/Layer041PairBlock000.lean
research/tasks/B699-Binomial/runs/20260911-low-index-lean-513dc7cc/lean/rows/Row038/Layer041PairBlock001.lean
research/tasks/B699-Binomial/runs/20260911-low-index-lean-513dc7cc/lean/rows/Row038/Layer041PairBlock002.lean
research/tasks/B699-Binomial/runs/20260911-low-index-lean-513dc7cc/lean/rows/Row038/Layer041PairBlock003.lean
research/tasks/B699-Binomial/runs/20260911-low-index-lean-513dc7cc/lean/rows/Row038/Layer041PairBlock004.lean
research/tasks/B699-Binomial/runs/20260911-low-index-lean-513dc7cc/lean/rows/Row038/Layer041Pairs.lean
research/tasks/B699-Binomial/runs/20260911-low-index-lean-513dc7cc/lean/rows/Row038/Layer041Checked.lean
research/tasks/B699-Binomial/runs/20260911-low-index-lean-513dc7cc/lean/rows/Row038/Layers040.lean
research/tasks/B699-Binomial/runs/20260911-low-index-lean-513dc7cc/lean/rows/Row038/Layers044.lean
research/tasks/B699-Binomial/runs/20260911-low-index-lean-513dc7cc/lean/rows/Row038/Layers048.lean
research/tasks/B699-Binomial/runs/20260911-low-index-lean-513dc7cc/lean/rows/Row038/Layers052.lean
research/tasks/B699-Binomial/runs/20260911-low-index-lean-513dc7cc/lean/rows/Row038/Layers056.lean
research/tasks/B699-Binomial/runs/20260911-low-index-lean-513dc7cc/lean/rows/Row038/Layers060.lean
research/tasks/B699-Binomial/runs/20260911-low-index-lean-513dc7cc/lean/rows/Row038/Layers064.lean
research/tasks/B699-Binomial/runs/20260911-low-index-lean-513dc7cc/lean/rows/Row038/Layers068.lean
research/tasks/B699-Binomial/runs/20260911-low-index-lean-513dc7cc/lean/rows/Row038/Layers072.lean
research/tasks/B699-Binomial/runs/20260911-low-index-lean-513dc7cc/lean/rows/Row038/Layers076.lean
research/tasks/B699-Binomial/runs/20260911-low-index-lean-513dc7cc/lean/rows/Row038/Layers080.lean
research/tasks/B699-Binomial/runs/20260911-low-index-lean-513dc7cc/lean/rows/Row038/Layers084.lean
research/tasks/B699-Binomial/runs/20260911-low-index-lean-513dc7cc/lean/rows/Row038/Layers088.lean
research/tasks/B699-Binomial/runs/20260911-low-index-lean-513dc7cc/lean/rows/Row038/Layers092.lean
research/tasks/B699-Binomial/runs/20260911-low-index-lean-513dc7cc/lean/rows/Row038/Layers096.lean
research/tasks/B699-Binomial/runs/20260911-low-index-lean-513dc7cc/lean/rows/Row038/Layers100.lean
research/tasks/B699-Binomial/runs/20260911-low-index-lean-513dc7cc/lean/rows/Row038/Layers104.lean
research/tasks/B699-Binomial/runs/20260911-low-index-lean-513dc7cc/lean/rows/Row038/Layers108.lean
research/tasks/B699-Binomial/runs/20260911-low-index-lean-513dc7cc/lean/rows/Row038/Layers112.lean
research/tasks/B699-Binomial/runs/20260911-low-index-lean-513dc7cc/lean/rows/Row038/Layers116.lean
research/tasks/B699-Binomial/runs/20260911-low-index-lean-513dc7cc/lean/rows/Row038/Layers120.lean
research/tasks/B699-Binomial/runs/20260911-low-index-lean-513dc7cc/lean/rows/Row038/Layers124.lean
research/tasks/B699-Binomial/runs/20260911-low-index-lean-513dc7cc/lean/rows/Row038/Layers128.lean
research/tasks/B699-Binomial/runs/20260911-low-index-lean-513dc7cc/lean/rows/Row038/Layers132.lean
research/tasks/B699-Binomial/runs/20260911-low-index-lean-513dc7cc/lean/rows/Row038/Layers136.lean
research/tasks/B699-Binomial/runs/20260911-low-index-lean-513dc7cc/lean/rows/Row038/Layers140.lean
research/tasks/B699-Binomial/runs/20260911-low-index-lean-513dc7cc/lean/rows/Row038/Layers144.lean
research/tasks/B699-Binomial/runs/20260911-low-index-lean-513dc7cc/lean/rows/Row038/Layers148.lean
research/tasks/B699-Binomial/runs/20260911-low-index-lean-513dc7cc/lean/rows/Row038/Layers152.lean
research/tasks/B699-Binomial/runs/20260911-low-index-lean-513dc7cc/lean/rows/Row038/Layers156.lean
research/tasks/B699-Binomial/runs/20260911-low-index-lean-513dc7cc/lean/rows/Row038/Layers160.lean
research/tasks/B699-Binomial/runs/20260911-low-index-lean-513dc7cc/lean/rows/Row038/Layers164.lean
research/tasks/B699-Binomial/runs/20260911-low-index-lean-513dc7cc/lean/rows/Row038/Layers168.lean
research/tasks/B699-Binomial/runs/20260911-low-index-lean-513dc7cc/lean/rows/Row038/LayersChecked.lean
research/tasks/B699-Binomial/runs/20260911-low-index-lean-513dc7cc/lean/rows/Row038/Checked.lean
research/tasks/B699-Binomial/runs/20260911-low-index-lean-513dc7cc/lean/rows/Row038/Original.lean
research/tasks/B699-Binomial/runs/20260911-low-index-lean-513dc7cc/lean/Row039Data.lean
research/tasks/B699-Binomial/runs/20260911-low-index-lean-513dc7cc/lean/rows/Row039/Metadata.lean
research/tasks/B699-Binomial/runs/20260911-low-index-lean-513dc7cc/lean/rows/Row039/Goods000.lean
research/tasks/B699-Binomial/runs/20260911-low-index-lean-513dc7cc/lean/rows/Row039/Goods016.lean
research/tasks/B699-Binomial/runs/20260911-low-index-lean-513dc7cc/lean/rows/Row039/Goods032.lean
research/tasks/B699-Binomial/runs/20260911-low-index-lean-513dc7cc/lean/rows/Row039/Goods048.lean
research/tasks/B699-Binomial/runs/20260911-low-index-lean-513dc7cc/lean/rows/Row039/Goods064.lean
research/tasks/B699-Binomial/runs/20260911-low-index-lean-513dc7cc/lean/rows/Row039/Goods080.lean
research/tasks/B699-Binomial/runs/20260911-low-index-lean-513dc7cc/lean/rows/Row039/Goods096.lean
research/tasks/B699-Binomial/runs/20260911-low-index-lean-513dc7cc/lean/rows/Row039/Goods112.lean
research/tasks/B699-Binomial/runs/20260911-low-index-lean-513dc7cc/lean/rows/Row039/Goods128.lean
research/tasks/B699-Binomial/runs/20260911-low-index-lean-513dc7cc/lean/rows/Row039/Goods144.lean
research/tasks/B699-Binomial/runs/20260911-low-index-lean-513dc7cc/lean/rows/Row039/Goods160.lean
research/tasks/B699-Binomial/runs/20260911-low-index-lean-513dc7cc/lean/rows/Row039/Goods176.lean
research/tasks/B699-Binomial/runs/20260911-low-index-lean-513dc7cc/lean/rows/Row039/Goods192.lean
research/tasks/B699-Binomial/runs/20260911-low-index-lean-513dc7cc/lean/rows/Row039/Goods208.lean
research/tasks/B699-Binomial/runs/20260911-low-index-lean-513dc7cc/lean/rows/Row039/Goods224.lean
research/tasks/B699-Binomial/runs/20260911-low-index-lean-513dc7cc/lean/rows/Row039/Goods240.lean
research/tasks/B699-Binomial/runs/20260911-low-index-lean-513dc7cc/lean/rows/Row039/GoodsChecked.lean
research/tasks/B699-Binomial/runs/20260911-low-index-lean-513dc7cc/lean/rows/Row039/Geometry.lean
research/tasks/B699-Binomial/runs/20260911-low-index-lean-513dc7cc/lean/rows/Row039/Layer000Arithmetic.lean
research/tasks/B699-Binomial/runs/20260911-low-index-lean-513dc7cc/lean/rows/Row039/Layer000Data.lean
research/tasks/B699-Binomial/runs/20260911-low-index-lean-513dc7cc/lean/rows/Row039/Layer000Enumeration.lean
research/tasks/B699-Binomial/runs/20260911-low-index-lean-513dc7cc/lean/rows/Row039/Layer000PairBlock000.lean
research/tasks/B699-Binomial/runs/20260911-low-index-lean-513dc7cc/lean/rows/Row039/Layer000PairBlock001.lean
research/tasks/B699-Binomial/runs/20260911-low-index-lean-513dc7cc/lean/rows/Row039/Layer000PairBlock002.lean
research/tasks/B699-Binomial/runs/20260911-low-index-lean-513dc7cc/lean/rows/Row039/Layer000PairBlock003.lean
research/tasks/B699-Binomial/runs/20260911-low-index-lean-513dc7cc/lean/rows/Row039/Layer000PairBlock004.lean
research/tasks/B699-Binomial/runs/20260911-low-index-lean-513dc7cc/lean/rows/Row039/Layer000PairBlock005.lean
research/tasks/B699-Binomial/runs/20260911-low-index-lean-513dc7cc/lean/rows/Row039/Layer000PairBlock006.lean
research/tasks/B699-Binomial/runs/20260911-low-index-lean-513dc7cc/lean/rows/Row039/Layer000Pairs.lean
research/tasks/B699-Binomial/runs/20260911-low-index-lean-513dc7cc/lean/rows/Row039/Layer000Checked.lean
research/tasks/B699-Binomial/runs/20260911-low-index-lean-513dc7cc/lean/rows/Row039/Layer001Arithmetic.lean
research/tasks/B699-Binomial/runs/20260911-low-index-lean-513dc7cc/lean/rows/Row039/Layer001Data.lean
research/tasks/B699-Binomial/runs/20260911-low-index-lean-513dc7cc/lean/rows/Row039/Layer001Enumeration.lean
research/tasks/B699-Binomial/runs/20260911-low-index-lean-513dc7cc/lean/rows/Row039/Layer001PairBlock000.lean
research/tasks/B699-Binomial/runs/20260911-low-index-lean-513dc7cc/lean/rows/Row039/Layer001PairBlock001.lean
research/tasks/B699-Binomial/runs/20260911-low-index-lean-513dc7cc/lean/rows/Row039/Layer001PairBlock002.lean
research/tasks/B699-Binomial/runs/20260911-low-index-lean-513dc7cc/lean/rows/Row039/Layer001PairBlock003.lean
research/tasks/B699-Binomial/runs/20260911-low-index-lean-513dc7cc/lean/rows/Row039/Layer001PairBlock004.lean
research/tasks/B699-Binomial/runs/20260911-low-index-lean-513dc7cc/lean/rows/Row039/Layer001PairBlock005.lean
research/tasks/B699-Binomial/runs/20260911-low-index-lean-513dc7cc/lean/rows/Row039/Layer001PairBlock006.lean
research/tasks/B699-Binomial/runs/20260911-low-index-lean-513dc7cc/lean/rows/Row039/Layer001PairBlock007.lean
research/tasks/B699-Binomial/runs/20260911-low-index-lean-513dc7cc/lean/rows/Row039/Layer001Pairs.lean
research/tasks/B699-Binomial/runs/20260911-low-index-lean-513dc7cc/lean/rows/Row039/Layer001Checked.lean
research/tasks/B699-Binomial/runs/20260911-low-index-lean-513dc7cc/lean/rows/Row039/Layer002Arithmetic.lean
research/tasks/B699-Binomial/runs/20260911-low-index-lean-513dc7cc/lean/rows/Row039/Layer002Data.lean
research/tasks/B699-Binomial/runs/20260911-low-index-lean-513dc7cc/lean/rows/Row039/Layer002Enumeration.lean
research/tasks/B699-Binomial/runs/20260911-low-index-lean-513dc7cc/lean/rows/Row039/Layer002PairBlock000.lean
research/tasks/B699-Binomial/runs/20260911-low-index-lean-513dc7cc/lean/rows/Row039/Layer002PairBlock001.lean
research/tasks/B699-Binomial/runs/20260911-low-index-lean-513dc7cc/lean/rows/Row039/Layer002PairBlock002.lean
research/tasks/B699-Binomial/runs/20260911-low-index-lean-513dc7cc/lean/rows/Row039/Layer002PairBlock003.lean
research/tasks/B699-Binomial/runs/20260911-low-index-lean-513dc7cc/lean/rows/Row039/Layer002PairBlock004.lean
research/tasks/B699-Binomial/runs/20260911-low-index-lean-513dc7cc/lean/rows/Row039/Layer002PairBlock005.lean
research/tasks/B699-Binomial/runs/20260911-low-index-lean-513dc7cc/lean/rows/Row039/Layer002PairBlock006.lean
research/tasks/B699-Binomial/runs/20260911-low-index-lean-513dc7cc/lean/rows/Row039/Layer002PairBlock007.lean
research/tasks/B699-Binomial/runs/20260911-low-index-lean-513dc7cc/lean/rows/Row039/Layer002PairBlock008.lean
research/tasks/B699-Binomial/runs/20260911-low-index-lean-513dc7cc/lean/rows/Row039/Layer002Pairs.lean
research/tasks/B699-Binomial/runs/20260911-low-index-lean-513dc7cc/lean/rows/Row039/Layer002Checked.lean
research/tasks/B699-Binomial/runs/20260911-low-index-lean-513dc7cc/lean/rows/Row039/Layer003Arithmetic.lean
research/tasks/B699-Binomial/runs/20260911-low-index-lean-513dc7cc/lean/rows/Row039/Layer003Data.lean
research/tasks/B699-Binomial/runs/20260911-low-index-lean-513dc7cc/lean/rows/Row039/Layer003Enumeration.lean
research/tasks/B699-Binomial/runs/20260911-low-index-lean-513dc7cc/lean/rows/Row039/Layer003PairBlock000.lean
research/tasks/B699-Binomial/runs/20260911-low-index-lean-513dc7cc/lean/rows/Row039/Layer003PairBlock001.lean
research/tasks/B699-Binomial/runs/20260911-low-index-lean-513dc7cc/lean/rows/Row039/Layer003PairBlock002.lean
research/tasks/B699-Binomial/runs/20260911-low-index-lean-513dc7cc/lean/rows/Row039/Layer003PairBlock003.lean
research/tasks/B699-Binomial/runs/20260911-low-index-lean-513dc7cc/lean/rows/Row039/Layer003PairBlock004.lean
research/tasks/B699-Binomial/runs/20260911-low-index-lean-513dc7cc/lean/rows/Row039/Layer003PairBlock005.lean
research/tasks/B699-Binomial/runs/20260911-low-index-lean-513dc7cc/lean/rows/Row039/Layer003PairBlock006.lean
research/tasks/B699-Binomial/runs/20260911-low-index-lean-513dc7cc/lean/rows/Row039/Layer003PairBlock007.lean
research/tasks/B699-Binomial/runs/20260911-low-index-lean-513dc7cc/lean/rows/Row039/Layer003Pairs.lean
research/tasks/B699-Binomial/runs/20260911-low-index-lean-513dc7cc/lean/rows/Row039/Layer003Checked.lean
research/tasks/B699-Binomial/runs/20260911-low-index-lean-513dc7cc/lean/rows/Row039/Layers000.lean
research/tasks/B699-Binomial/runs/20260911-low-index-lean-513dc7cc/lean/rows/Row039/Layer004Arithmetic.lean
research/tasks/B699-Binomial/runs/20260911-low-index-lean-513dc7cc/lean/rows/Row039/Layer004Data.lean
research/tasks/B699-Binomial/runs/20260911-low-index-lean-513dc7cc/lean/rows/Row039/Layer004Enumeration.lean
research/tasks/B699-Binomial/runs/20260911-low-index-lean-513dc7cc/lean/rows/Row039/Layer004PairBlock000.lean
research/tasks/B699-Binomial/runs/20260911-low-index-lean-513dc7cc/lean/rows/Row039/Layer004PairBlock001.lean
research/tasks/B699-Binomial/runs/20260911-low-index-lean-513dc7cc/lean/rows/Row039/Layer004PairBlock002.lean
research/tasks/B699-Binomial/runs/20260911-low-index-lean-513dc7cc/lean/rows/Row039/Layer004PairBlock003.lean
research/tasks/B699-Binomial/runs/20260911-low-index-lean-513dc7cc/lean/rows/Row039/Layer004PairBlock004.lean
research/tasks/B699-Binomial/runs/20260911-low-index-lean-513dc7cc/lean/rows/Row039/Layer004PairBlock005.lean
research/tasks/B699-Binomial/runs/20260911-low-index-lean-513dc7cc/lean/rows/Row039/Layer004PairBlock006.lean
research/tasks/B699-Binomial/runs/20260911-low-index-lean-513dc7cc/lean/rows/Row039/Layer004Pairs.lean
research/tasks/B699-Binomial/runs/20260911-low-index-lean-513dc7cc/lean/rows/Row039/Layer004Checked.lean
research/tasks/B699-Binomial/runs/20260911-low-index-lean-513dc7cc/lean/rows/Row039/Layer005Arithmetic.lean
research/tasks/B699-Binomial/runs/20260911-low-index-lean-513dc7cc/lean/rows/Row039/Layer005Data.lean
research/tasks/B699-Binomial/runs/20260911-low-index-lean-513dc7cc/lean/rows/Row039/Layer005Enumeration.lean
research/tasks/B699-Binomial/runs/20260911-low-index-lean-513dc7cc/lean/rows/Row039/Layer005PairBlock000.lean
research/tasks/B699-Binomial/runs/20260911-low-index-lean-513dc7cc/lean/rows/Row039/Layer005PairBlock001.lean
research/tasks/B699-Binomial/runs/20260911-low-index-lean-513dc7cc/lean/rows/Row039/Layer005PairBlock002.lean
research/tasks/B699-Binomial/runs/20260911-low-index-lean-513dc7cc/lean/rows/Row039/Layer005PairBlock003.lean
research/tasks/B699-Binomial/runs/20260911-low-index-lean-513dc7cc/lean/rows/Row039/Layer005PairBlock004.lean
research/tasks/B699-Binomial/runs/20260911-low-index-lean-513dc7cc/lean/rows/Row039/Layer005PairBlock005.lean
research/tasks/B699-Binomial/runs/20260911-low-index-lean-513dc7cc/lean/rows/Row039/Layer005Pairs.lean
research/tasks/B699-Binomial/runs/20260911-low-index-lean-513dc7cc/lean/rows/Row039/Layer005Checked.lean
research/tasks/B699-Binomial/runs/20260911-low-index-lean-513dc7cc/lean/rows/Row039/Layer006Arithmetic.lean
research/tasks/B699-Binomial/runs/20260911-low-index-lean-513dc7cc/lean/rows/Row039/Layer006Data.lean
research/tasks/B699-Binomial/runs/20260911-low-index-lean-513dc7cc/lean/rows/Row039/Layer006Enumeration.lean
research/tasks/B699-Binomial/runs/20260911-low-index-lean-513dc7cc/lean/rows/Row039/Layer006PairBlock000.lean
research/tasks/B699-Binomial/runs/20260911-low-index-lean-513dc7cc/lean/rows/Row039/Layer006PairBlock001.lean
research/tasks/B699-Binomial/runs/20260911-low-index-lean-513dc7cc/lean/rows/Row039/Layer006PairBlock002.lean
research/tasks/B699-Binomial/runs/20260911-low-index-lean-513dc7cc/lean/rows/Row039/Layer006PairBlock003.lean
research/tasks/B699-Binomial/runs/20260911-low-index-lean-513dc7cc/lean/rows/Row039/Layer006PairBlock004.lean
research/tasks/B699-Binomial/runs/20260911-low-index-lean-513dc7cc/lean/rows/Row039/Layer006PairBlock005.lean
research/tasks/B699-Binomial/runs/20260911-low-index-lean-513dc7cc/lean/rows/Row039/Layer006PairBlock006.lean
research/tasks/B699-Binomial/runs/20260911-low-index-lean-513dc7cc/lean/rows/Row039/Layer006Pairs.lean
research/tasks/B699-Binomial/runs/20260911-low-index-lean-513dc7cc/lean/rows/Row039/Layer006Checked.lean
research/tasks/B699-Binomial/runs/20260911-low-index-lean-513dc7cc/lean/rows/Row039/Layer007Arithmetic.lean
research/tasks/B699-Binomial/runs/20260911-low-index-lean-513dc7cc/lean/rows/Row039/Layer007Data.lean
research/tasks/B699-Binomial/runs/20260911-low-index-lean-513dc7cc/lean/rows/Row039/Layer007Enumeration.lean
research/tasks/B699-Binomial/runs/20260911-low-index-lean-513dc7cc/lean/rows/Row039/Layer007PairBlock000.lean
research/tasks/B699-Binomial/runs/20260911-low-index-lean-513dc7cc/lean/rows/Row039/Layer007PairBlock001.lean
research/tasks/B699-Binomial/runs/20260911-low-index-lean-513dc7cc/lean/rows/Row039/Layer007PairBlock002.lean
research/tasks/B699-Binomial/runs/20260911-low-index-lean-513dc7cc/lean/rows/Row039/Layer007PairBlock003.lean
research/tasks/B699-Binomial/runs/20260911-low-index-lean-513dc7cc/lean/rows/Row039/Layer007PairBlock004.lean
research/tasks/B699-Binomial/runs/20260911-low-index-lean-513dc7cc/lean/rows/Row039/Layer007PairBlock005.lean
research/tasks/B699-Binomial/runs/20260911-low-index-lean-513dc7cc/lean/rows/Row039/Layer007PairBlock006.lean
research/tasks/B699-Binomial/runs/20260911-low-index-lean-513dc7cc/lean/rows/Row039/Layer007Pairs.lean
research/tasks/B699-Binomial/runs/20260911-low-index-lean-513dc7cc/lean/rows/Row039/Layer007Checked.lean
research/tasks/B699-Binomial/runs/20260911-low-index-lean-513dc7cc/lean/rows/Row039/Layers004.lean
research/tasks/B699-Binomial/runs/20260911-low-index-lean-513dc7cc/lean/rows/Row039/Layer008Arithmetic.lean
research/tasks/B699-Binomial/runs/20260911-low-index-lean-513dc7cc/lean/rows/Row039/Layer008Data.lean
research/tasks/B699-Binomial/runs/20260911-low-index-lean-513dc7cc/lean/rows/Row039/Layer008Enumeration.lean
research/tasks/B699-Binomial/runs/20260911-low-index-lean-513dc7cc/lean/rows/Row039/Layer008PairBlock000.lean
research/tasks/B699-Binomial/runs/20260911-low-index-lean-513dc7cc/lean/rows/Row039/Layer008PairBlock001.lean
research/tasks/B699-Binomial/runs/20260911-low-index-lean-513dc7cc/lean/rows/Row039/Layer008PairBlock002.lean
research/tasks/B699-Binomial/runs/20260911-low-index-lean-513dc7cc/lean/rows/Row039/Layer008PairBlock003.lean
research/tasks/B699-Binomial/runs/20260911-low-index-lean-513dc7cc/lean/rows/Row039/Layer008PairBlock004.lean
research/tasks/B699-Binomial/runs/20260911-low-index-lean-513dc7cc/lean/rows/Row039/Layer008PairBlock005.lean
research/tasks/B699-Binomial/runs/20260911-low-index-lean-513dc7cc/lean/rows/Row039/Layer008Pairs.lean
research/tasks/B699-Binomial/runs/20260911-low-index-lean-513dc7cc/lean/rows/Row039/Layer008Checked.lean
research/tasks/B699-Binomial/runs/20260911-low-index-lean-513dc7cc/lean/rows/Row039/Layer009Arithmetic.lean
research/tasks/B699-Binomial/runs/20260911-low-index-lean-513dc7cc/lean/rows/Row039/Layer009Data.lean
research/tasks/B699-Binomial/runs/20260911-low-index-lean-513dc7cc/lean/rows/Row039/Layer009Enumeration.lean
research/tasks/B699-Binomial/runs/20260911-low-index-lean-513dc7cc/lean/rows/Row039/Layer009PairBlock000.lean
research/tasks/B699-Binomial/runs/20260911-low-index-lean-513dc7cc/lean/rows/Row039/Layer009PairBlock001.lean
research/tasks/B699-Binomial/runs/20260911-low-index-lean-513dc7cc/lean/rows/Row039/Layer009PairBlock002.lean
research/tasks/B699-Binomial/runs/20260911-low-index-lean-513dc7cc/lean/rows/Row039/Layer009PairBlock003.lean
research/tasks/B699-Binomial/runs/20260911-low-index-lean-513dc7cc/lean/rows/Row039/Layer009PairBlock004.lean
research/tasks/B699-Binomial/runs/20260911-low-index-lean-513dc7cc/lean/rows/Row039/Layer009PairBlock005.lean
research/tasks/B699-Binomial/runs/20260911-low-index-lean-513dc7cc/lean/rows/Row039/Layer009Pairs.lean
research/tasks/B699-Binomial/runs/20260911-low-index-lean-513dc7cc/lean/rows/Row039/Layer009Checked.lean
research/tasks/B699-Binomial/runs/20260911-low-index-lean-513dc7cc/lean/rows/Row039/Layer010Arithmetic.lean
research/tasks/B699-Binomial/runs/20260911-low-index-lean-513dc7cc/lean/rows/Row039/Layer010Data.lean
research/tasks/B699-Binomial/runs/20260911-low-index-lean-513dc7cc/lean/rows/Row039/Layer010Enumeration.lean
research/tasks/B699-Binomial/runs/20260911-low-index-lean-513dc7cc/lean/rows/Row039/Layer010PairBlock000.lean
research/tasks/B699-Binomial/runs/20260911-low-index-lean-513dc7cc/lean/rows/Row039/Layer010PairBlock001.lean
research/tasks/B699-Binomial/runs/20260911-low-index-lean-513dc7cc/lean/rows/Row039/Layer010PairBlock002.lean
research/tasks/B699-Binomial/runs/20260911-low-index-lean-513dc7cc/lean/rows/Row039/Layer010PairBlock003.lean
research/tasks/B699-Binomial/runs/20260911-low-index-lean-513dc7cc/lean/rows/Row039/Layer010PairBlock004.lean
research/tasks/B699-Binomial/runs/20260911-low-index-lean-513dc7cc/lean/rows/Row039/Layer010PairBlock005.lean
research/tasks/B699-Binomial/runs/20260911-low-index-lean-513dc7cc/lean/rows/Row039/Layer010Pairs.lean
research/tasks/B699-Binomial/runs/20260911-low-index-lean-513dc7cc/lean/rows/Row039/Layer010Checked.lean
research/tasks/B699-Binomial/runs/20260911-low-index-lean-513dc7cc/lean/rows/Row039/Layer011Arithmetic.lean
research/tasks/B699-Binomial/runs/20260911-low-index-lean-513dc7cc/lean/rows/Row039/Layer011Data.lean
research/tasks/B699-Binomial/runs/20260911-low-index-lean-513dc7cc/lean/rows/Row039/Layer011Enumeration.lean
research/tasks/B699-Binomial/runs/20260911-low-index-lean-513dc7cc/lean/rows/Row039/Layer011PairBlock000.lean
research/tasks/B699-Binomial/runs/20260911-low-index-lean-513dc7cc/lean/rows/Row039/Layer011PairBlock001.lean
research/tasks/B699-Binomial/runs/20260911-low-index-lean-513dc7cc/lean/rows/Row039/Layer011PairBlock002.lean
research/tasks/B699-Binomial/runs/20260911-low-index-lean-513dc7cc/lean/rows/Row039/Layer011PairBlock003.lean
research/tasks/B699-Binomial/runs/20260911-low-index-lean-513dc7cc/lean/rows/Row039/Layer011PairBlock004.lean
research/tasks/B699-Binomial/runs/20260911-low-index-lean-513dc7cc/lean/rows/Row039/Layer011Pairs.lean
research/tasks/B699-Binomial/runs/20260911-low-index-lean-513dc7cc/lean/rows/Row039/Layer011Checked.lean
research/tasks/B699-Binomial/runs/20260911-low-index-lean-513dc7cc/lean/rows/Row039/Layers008.lean
research/tasks/B699-Binomial/runs/20260911-low-index-lean-513dc7cc/lean/rows/Row039/Layer012Arithmetic.lean
research/tasks/B699-Binomial/runs/20260911-low-index-lean-513dc7cc/lean/rows/Row039/Layer012Data.lean
research/tasks/B699-Binomial/runs/20260911-low-index-lean-513dc7cc/lean/rows/Row039/Layer012Enumeration.lean
research/tasks/B699-Binomial/runs/20260911-low-index-lean-513dc7cc/lean/rows/Row039/Layer012PairBlock000.lean
research/tasks/B699-Binomial/runs/20260911-low-index-lean-513dc7cc/lean/rows/Row039/Layer012PairBlock001.lean
research/tasks/B699-Binomial/runs/20260911-low-index-lean-513dc7cc/lean/rows/Row039/Layer012PairBlock002.lean
research/tasks/B699-Binomial/runs/20260911-low-index-lean-513dc7cc/lean/rows/Row039/Layer012PairBlock003.lean
research/tasks/B699-Binomial/runs/20260911-low-index-lean-513dc7cc/lean/rows/Row039/Layer012PairBlock004.lean
research/tasks/B699-Binomial/runs/20260911-low-index-lean-513dc7cc/lean/rows/Row039/Layer012Pairs.lean
research/tasks/B699-Binomial/runs/20260911-low-index-lean-513dc7cc/lean/rows/Row039/Layer012Checked.lean
research/tasks/B699-Binomial/runs/20260911-low-index-lean-513dc7cc/lean/rows/Row039/Layer013Arithmetic.lean
research/tasks/B699-Binomial/runs/20260911-low-index-lean-513dc7cc/lean/rows/Row039/Layer013Data.lean
research/tasks/B699-Binomial/runs/20260911-low-index-lean-513dc7cc/lean/rows/Row039/Layer013Enumeration.lean
research/tasks/B699-Binomial/runs/20260911-low-index-lean-513dc7cc/lean/rows/Row039/Layer013PairBlock000.lean
research/tasks/B699-Binomial/runs/20260911-low-index-lean-513dc7cc/lean/rows/Row039/Layer013PairBlock001.lean
research/tasks/B699-Binomial/runs/20260911-low-index-lean-513dc7cc/lean/rows/Row039/Layer013PairBlock002.lean
research/tasks/B699-Binomial/runs/20260911-low-index-lean-513dc7cc/lean/rows/Row039/Layer013PairBlock003.lean
research/tasks/B699-Binomial/runs/20260911-low-index-lean-513dc7cc/lean/rows/Row039/Layer013PairBlock004.lean
research/tasks/B699-Binomial/runs/20260911-low-index-lean-513dc7cc/lean/rows/Row039/Layer013PairBlock005.lean
research/tasks/B699-Binomial/runs/20260911-low-index-lean-513dc7cc/lean/rows/Row039/Layer013Pairs.lean
research/tasks/B699-Binomial/runs/20260911-low-index-lean-513dc7cc/lean/rows/Row039/Layer013Checked.lean
research/tasks/B699-Binomial/runs/20260911-low-index-lean-513dc7cc/lean/rows/Row039/Layer014Arithmetic.lean
research/tasks/B699-Binomial/runs/20260911-low-index-lean-513dc7cc/lean/rows/Row039/Layer014Data.lean
research/tasks/B699-Binomial/runs/20260911-low-index-lean-513dc7cc/lean/rows/Row039/Layer014Enumeration.lean
research/tasks/B699-Binomial/runs/20260911-low-index-lean-513dc7cc/lean/rows/Row039/Layer014PairBlock000.lean
research/tasks/B699-Binomial/runs/20260911-low-index-lean-513dc7cc/lean/rows/Row039/Layer014PairBlock001.lean
research/tasks/B699-Binomial/runs/20260911-low-index-lean-513dc7cc/lean/rows/Row039/Layer014PairBlock002.lean
research/tasks/B699-Binomial/runs/20260911-low-index-lean-513dc7cc/lean/rows/Row039/Layer014PairBlock003.lean
research/tasks/B699-Binomial/runs/20260911-low-index-lean-513dc7cc/lean/rows/Row039/Layer014PairBlock004.lean
research/tasks/B699-Binomial/runs/20260911-low-index-lean-513dc7cc/lean/rows/Row039/Layer014Pairs.lean
research/tasks/B699-Binomial/runs/20260911-low-index-lean-513dc7cc/lean/rows/Row039/Layer014Checked.lean
research/tasks/B699-Binomial/runs/20260911-low-index-lean-513dc7cc/lean/rows/Row039/Layers012.lean
research/tasks/B699-Binomial/runs/20260911-low-index-lean-513dc7cc/lean/rows/Row039/Layer017Arithmetic.lean
research/tasks/B699-Binomial/runs/20260911-low-index-lean-513dc7cc/lean/rows/Row039/Layer017Data.lean
research/tasks/B699-Binomial/runs/20260911-low-index-lean-513dc7cc/lean/rows/Row039/Layer017Enumeration.lean
research/tasks/B699-Binomial/runs/20260911-low-index-lean-513dc7cc/lean/rows/Row039/Layer017PairBlock000.lean
research/tasks/B699-Binomial/runs/20260911-low-index-lean-513dc7cc/lean/rows/Row039/Layer017PairBlock001.lean
research/tasks/B699-Binomial/runs/20260911-low-index-lean-513dc7cc/lean/rows/Row039/Layer017PairBlock002.lean
research/tasks/B699-Binomial/runs/20260911-low-index-lean-513dc7cc/lean/rows/Row039/Layer017PairBlock003.lean
research/tasks/B699-Binomial/runs/20260911-low-index-lean-513dc7cc/lean/rows/Row039/Layer017PairBlock004.lean
research/tasks/B699-Binomial/runs/20260911-low-index-lean-513dc7cc/lean/rows/Row039/Layer017Pairs.lean
research/tasks/B699-Binomial/runs/20260911-low-index-lean-513dc7cc/lean/rows/Row039/Layer017Checked.lean
research/tasks/B699-Binomial/runs/20260911-low-index-lean-513dc7cc/lean/rows/Row039/Layer018Arithmetic.lean
research/tasks/B699-Binomial/runs/20260911-low-index-lean-513dc7cc/lean/rows/Row039/Layer018Data.lean
research/tasks/B699-Binomial/runs/20260911-low-index-lean-513dc7cc/lean/rows/Row039/Layer018Enumeration.lean
research/tasks/B699-Binomial/runs/20260911-low-index-lean-513dc7cc/lean/rows/Row039/Layer018PairBlock000.lean
research/tasks/B699-Binomial/runs/20260911-low-index-lean-513dc7cc/lean/rows/Row039/Layer018PairBlock001.lean
research/tasks/B699-Binomial/runs/20260911-low-index-lean-513dc7cc/lean/rows/Row039/Layer018PairBlock002.lean
research/tasks/B699-Binomial/runs/20260911-low-index-lean-513dc7cc/lean/rows/Row039/Layer018PairBlock003.lean
research/tasks/B699-Binomial/runs/20260911-low-index-lean-513dc7cc/lean/rows/Row039/Layer018PairBlock004.lean
research/tasks/B699-Binomial/runs/20260911-low-index-lean-513dc7cc/lean/rows/Row039/Layer018Pairs.lean
research/tasks/B699-Binomial/runs/20260911-low-index-lean-513dc7cc/lean/rows/Row039/Layer018Checked.lean
research/tasks/B699-Binomial/runs/20260911-low-index-lean-513dc7cc/lean/rows/Row039/Layers016.lean
research/tasks/B699-Binomial/runs/20260911-low-index-lean-513dc7cc/lean/rows/Row039/Layers020.lean
research/tasks/B699-Binomial/runs/20260911-low-index-lean-513dc7cc/lean/rows/Row039/Layers024.lean
research/tasks/B699-Binomial/runs/20260911-low-index-lean-513dc7cc/lean/rows/Row039/Layers028.lean
research/tasks/B699-Binomial/runs/20260911-low-index-lean-513dc7cc/lean/rows/Row039/Layers032.lean
research/tasks/B699-Binomial/runs/20260911-low-index-lean-513dc7cc/lean/rows/Row039/Layers036.lean
research/tasks/B699-Binomial/runs/20260911-low-index-lean-513dc7cc/lean/rows/Row039/Layers040.lean
research/tasks/B699-Binomial/runs/20260911-low-index-lean-513dc7cc/lean/rows/Row039/Layers044.lean
research/tasks/B699-Binomial/runs/20260911-low-index-lean-513dc7cc/lean/rows/Row039/Layers048.lean
research/tasks/B699-Binomial/runs/20260911-low-index-lean-513dc7cc/lean/rows/Row039/Layers052.lean
research/tasks/B699-Binomial/runs/20260911-low-index-lean-513dc7cc/lean/rows/Row039/Layers056.lean
research/tasks/B699-Binomial/runs/20260911-low-index-lean-513dc7cc/lean/rows/Row039/Layers060.lean
research/tasks/B699-Binomial/runs/20260911-low-index-lean-513dc7cc/lean/rows/Row039/Layers064.lean
research/tasks/B699-Binomial/runs/20260911-low-index-lean-513dc7cc/lean/rows/Row039/Layers068.lean
research/tasks/B699-Binomial/runs/20260911-low-index-lean-513dc7cc/lean/rows/Row039/Layers072.lean
research/tasks/B699-Binomial/runs/20260911-low-index-lean-513dc7cc/lean/rows/Row039/Layers076.lean
research/tasks/B699-Binomial/runs/20260911-low-index-lean-513dc7cc/lean/rows/Row039/Layers080.lean
research/tasks/B699-Binomial/runs/20260911-low-index-lean-513dc7cc/lean/rows/Row039/Layers084.lean
research/tasks/B699-Binomial/runs/20260911-low-index-lean-513dc7cc/lean/rows/Row039/LayersChecked.lean
research/tasks/B699-Binomial/runs/20260911-low-index-lean-513dc7cc/lean/rows/Row039/Checked.lean
research/tasks/B699-Binomial/runs/20260911-low-index-lean-513dc7cc/lean/rows/Row039/Original.lean
research/tasks/B699-Binomial/runs/20260911-low-index-lean-513dc7cc/lean/Row040Data.lean
research/tasks/B699-Binomial/runs/20260911-low-index-lean-513dc7cc/lean/rows/Row040/Metadata.lean
research/tasks/B699-Binomial/runs/20260911-low-index-lean-513dc7cc/lean/rows/Row040/Goods000.lean
research/tasks/B699-Binomial/runs/20260911-low-index-lean-513dc7cc/lean/rows/Row040/Goods016.lean
research/tasks/B699-Binomial/runs/20260911-low-index-lean-513dc7cc/lean/rows/Row040/Goods032.lean
research/tasks/B699-Binomial/runs/20260911-low-index-lean-513dc7cc/lean/rows/Row040/Goods048.lean
research/tasks/B699-Binomial/runs/20260911-low-index-lean-513dc7cc/lean/rows/Row040/Goods064.lean
research/tasks/B699-Binomial/runs/20260911-low-index-lean-513dc7cc/lean/rows/Row040/Goods080.lean
research/tasks/B699-Binomial/runs/20260911-low-index-lean-513dc7cc/lean/rows/Row040/Goods096.lean
research/tasks/B699-Binomial/runs/20260911-low-index-lean-513dc7cc/lean/rows/Row040/Goods112.lean
research/tasks/B699-Binomial/runs/20260911-low-index-lean-513dc7cc/lean/rows/Row040/Goods128.lean
research/tasks/B699-Binomial/runs/20260911-low-index-lean-513dc7cc/lean/rows/Row040/Goods144.lean
research/tasks/B699-Binomial/runs/20260911-low-index-lean-513dc7cc/lean/rows/Row040/Goods160.lean
research/tasks/B699-Binomial/runs/20260911-low-index-lean-513dc7cc/lean/rows/Row040/Goods176.lean
research/tasks/B699-Binomial/runs/20260911-low-index-lean-513dc7cc/lean/rows/Row040/GoodsChecked.lean
research/tasks/B699-Binomial/runs/20260911-low-index-lean-513dc7cc/lean/rows/Row040/Geometry.lean
research/tasks/B699-Binomial/runs/20260911-low-index-lean-513dc7cc/lean/rows/Row040/Layer000Arithmetic.lean
research/tasks/B699-Binomial/runs/20260911-low-index-lean-513dc7cc/lean/rows/Row040/Layer000Data.lean
research/tasks/B699-Binomial/runs/20260911-low-index-lean-513dc7cc/lean/rows/Row040/Layer000Enumeration.lean
research/tasks/B699-Binomial/runs/20260911-low-index-lean-513dc7cc/lean/rows/Row040/Layer000PairBlock000.lean
research/tasks/B699-Binomial/runs/20260911-low-index-lean-513dc7cc/lean/rows/Row040/Layer000PairBlock001.lean
research/tasks/B699-Binomial/runs/20260911-low-index-lean-513dc7cc/lean/rows/Row040/Layer000PairBlock002.lean
research/tasks/B699-Binomial/runs/20260911-low-index-lean-513dc7cc/lean/rows/Row040/Layer000PairBlock003.lean
research/tasks/B699-Binomial/runs/20260911-low-index-lean-513dc7cc/lean/rows/Row040/Layer000PairBlock004.lean
research/tasks/B699-Binomial/runs/20260911-low-index-lean-513dc7cc/lean/rows/Row040/Layer000Pairs.lean
research/tasks/B699-Binomial/runs/20260911-low-index-lean-513dc7cc/lean/rows/Row040/Layer000Checked.lean
research/tasks/B699-Binomial/runs/20260911-low-index-lean-513dc7cc/lean/rows/Row040/Layer001Arithmetic.lean
research/tasks/B699-Binomial/runs/20260911-low-index-lean-513dc7cc/lean/rows/Row040/Layer001Data.lean
research/tasks/B699-Binomial/runs/20260911-low-index-lean-513dc7cc/lean/rows/Row040/Layer001Enumeration.lean
research/tasks/B699-Binomial/runs/20260911-low-index-lean-513dc7cc/lean/rows/Row040/Layer001PairBlock000.lean
research/tasks/B699-Binomial/runs/20260911-low-index-lean-513dc7cc/lean/rows/Row040/Layer001PairBlock001.lean
research/tasks/B699-Binomial/runs/20260911-low-index-lean-513dc7cc/lean/rows/Row040/Layer001PairBlock002.lean
research/tasks/B699-Binomial/runs/20260911-low-index-lean-513dc7cc/lean/rows/Row040/Layer001PairBlock003.lean
research/tasks/B699-Binomial/runs/20260911-low-index-lean-513dc7cc/lean/rows/Row040/Layer001PairBlock004.lean
research/tasks/B699-Binomial/runs/20260911-low-index-lean-513dc7cc/lean/rows/Row040/Layer001PairBlock005.lean
research/tasks/B699-Binomial/runs/20260911-low-index-lean-513dc7cc/lean/rows/Row040/Layer001Pairs.lean
research/tasks/B699-Binomial/runs/20260911-low-index-lean-513dc7cc/lean/rows/Row040/Layer001Checked.lean
research/tasks/B699-Binomial/runs/20260911-low-index-lean-513dc7cc/lean/rows/Row040/Layer002Arithmetic.lean
research/tasks/B699-Binomial/runs/20260911-low-index-lean-513dc7cc/lean/rows/Row040/Layer002Data.lean
research/tasks/B699-Binomial/runs/20260911-low-index-lean-513dc7cc/lean/rows/Row040/Layer002Enumeration.lean
research/tasks/B699-Binomial/runs/20260911-low-index-lean-513dc7cc/lean/rows/Row040/Layer002PairBlock000.lean
research/tasks/B699-Binomial/runs/20260911-low-index-lean-513dc7cc/lean/rows/Row040/Layer002PairBlock001.lean
research/tasks/B699-Binomial/runs/20260911-low-index-lean-513dc7cc/lean/rows/Row040/Layer002PairBlock002.lean
research/tasks/B699-Binomial/runs/20260911-low-index-lean-513dc7cc/lean/rows/Row040/Layer002PairBlock003.lean
research/tasks/B699-Binomial/runs/20260911-low-index-lean-513dc7cc/lean/rows/Row040/Layer002PairBlock004.lean
research/tasks/B699-Binomial/runs/20260911-low-index-lean-513dc7cc/lean/rows/Row040/Layer002PairBlock005.lean
research/tasks/B699-Binomial/runs/20260911-low-index-lean-513dc7cc/lean/rows/Row040/Layer002PairBlock006.lean
research/tasks/B699-Binomial/runs/20260911-low-index-lean-513dc7cc/lean/rows/Row040/Layer002Pairs.lean
research/tasks/B699-Binomial/runs/20260911-low-index-lean-513dc7cc/lean/rows/Row040/Layer002Checked.lean
research/tasks/B699-Binomial/runs/20260911-low-index-lean-513dc7cc/lean/rows/Row040/Layer003Arithmetic.lean
research/tasks/B699-Binomial/runs/20260911-low-index-lean-513dc7cc/lean/rows/Row040/Layer003Data.lean
research/tasks/B699-Binomial/runs/20260911-low-index-lean-513dc7cc/lean/rows/Row040/Layer003Enumeration.lean
research/tasks/B699-Binomial/runs/20260911-low-index-lean-513dc7cc/lean/rows/Row040/Layer003PairBlock000.lean
research/tasks/B699-Binomial/runs/20260911-low-index-lean-513dc7cc/lean/rows/Row040/Layer003PairBlock001.lean
research/tasks/B699-Binomial/runs/20260911-low-index-lean-513dc7cc/lean/rows/Row040/Layer003PairBlock002.lean
research/tasks/B699-Binomial/runs/20260911-low-index-lean-513dc7cc/lean/rows/Row040/Layer003PairBlock003.lean
research/tasks/B699-Binomial/runs/20260911-low-index-lean-513dc7cc/lean/rows/Row040/Layer003PairBlock004.lean
research/tasks/B699-Binomial/runs/20260911-low-index-lean-513dc7cc/lean/rows/Row040/Layer003PairBlock005.lean
research/tasks/B699-Binomial/runs/20260911-low-index-lean-513dc7cc/lean/rows/Row040/Layer003Pairs.lean
research/tasks/B699-Binomial/runs/20260911-low-index-lean-513dc7cc/lean/rows/Row040/Layer003Checked.lean
research/tasks/B699-Binomial/runs/20260911-low-index-lean-513dc7cc/lean/rows/Row040/Layers000.lean
research/tasks/B699-Binomial/runs/20260911-low-index-lean-513dc7cc/lean/rows/Row040/Layer004Arithmetic.lean
research/tasks/B699-Binomial/runs/20260911-low-index-lean-513dc7cc/lean/rows/Row040/Layer004Data.lean
research/tasks/B699-Binomial/runs/20260911-low-index-lean-513dc7cc/lean/rows/Row040/Layer004Enumeration.lean
research/tasks/B699-Binomial/runs/20260911-low-index-lean-513dc7cc/lean/rows/Row040/Layer004PairBlock000.lean
research/tasks/B699-Binomial/runs/20260911-low-index-lean-513dc7cc/lean/rows/Row040/Layer004PairBlock001.lean
research/tasks/B699-Binomial/runs/20260911-low-index-lean-513dc7cc/lean/rows/Row040/Layer004PairBlock002.lean
research/tasks/B699-Binomial/runs/20260911-low-index-lean-513dc7cc/lean/rows/Row040/Layer004PairBlock003.lean
research/tasks/B699-Binomial/runs/20260911-low-index-lean-513dc7cc/lean/rows/Row040/Layer004PairBlock004.lean
research/tasks/B699-Binomial/runs/20260911-low-index-lean-513dc7cc/lean/rows/Row040/Layer004Pairs.lean
research/tasks/B699-Binomial/runs/20260911-low-index-lean-513dc7cc/lean/rows/Row040/Layer004Checked.lean
research/tasks/B699-Binomial/runs/20260911-low-index-lean-513dc7cc/lean/rows/Row040/Layer006Arithmetic.lean
research/tasks/B699-Binomial/runs/20260911-low-index-lean-513dc7cc/lean/rows/Row040/Layer006Data.lean
research/tasks/B699-Binomial/runs/20260911-low-index-lean-513dc7cc/lean/rows/Row040/Layer006Enumeration.lean
research/tasks/B699-Binomial/runs/20260911-low-index-lean-513dc7cc/lean/rows/Row040/Layer006PairBlock000.lean
research/tasks/B699-Binomial/runs/20260911-low-index-lean-513dc7cc/lean/rows/Row040/Layer006PairBlock001.lean
research/tasks/B699-Binomial/runs/20260911-low-index-lean-513dc7cc/lean/rows/Row040/Layer006PairBlock002.lean
research/tasks/B699-Binomial/runs/20260911-low-index-lean-513dc7cc/lean/rows/Row040/Layer006PairBlock003.lean
research/tasks/B699-Binomial/runs/20260911-low-index-lean-513dc7cc/lean/rows/Row040/Layer006PairBlock004.lean
research/tasks/B699-Binomial/runs/20260911-low-index-lean-513dc7cc/lean/rows/Row040/Layer006Pairs.lean
research/tasks/B699-Binomial/runs/20260911-low-index-lean-513dc7cc/lean/rows/Row040/Layer006Checked.lean
research/tasks/B699-Binomial/runs/20260911-low-index-lean-513dc7cc/lean/rows/Row040/Layer007Arithmetic.lean
research/tasks/B699-Binomial/runs/20260911-low-index-lean-513dc7cc/lean/rows/Row040/Layer007Data.lean
research/tasks/B699-Binomial/runs/20260911-low-index-lean-513dc7cc/lean/rows/Row040/Layer007Enumeration.lean
research/tasks/B699-Binomial/runs/20260911-low-index-lean-513dc7cc/lean/rows/Row040/Layer007PairBlock000.lean
research/tasks/B699-Binomial/runs/20260911-low-index-lean-513dc7cc/lean/rows/Row040/Layer007PairBlock001.lean
research/tasks/B699-Binomial/runs/20260911-low-index-lean-513dc7cc/lean/rows/Row040/Layer007PairBlock002.lean
research/tasks/B699-Binomial/runs/20260911-low-index-lean-513dc7cc/lean/rows/Row040/Layer007PairBlock003.lean
research/tasks/B699-Binomial/runs/20260911-low-index-lean-513dc7cc/lean/rows/Row040/Layer007PairBlock004.lean
research/tasks/B699-Binomial/runs/20260911-low-index-lean-513dc7cc/lean/rows/Row040/Layer007Pairs.lean
research/tasks/B699-Binomial/runs/20260911-low-index-lean-513dc7cc/lean/rows/Row040/Layer007Checked.lean
research/tasks/B699-Binomial/runs/20260911-low-index-lean-513dc7cc/lean/rows/Row040/Layers004.lean
research/tasks/B699-Binomial/runs/20260911-low-index-lean-513dc7cc/lean/rows/Row040/Layers008.lean
research/tasks/B699-Binomial/runs/20260911-low-index-lean-513dc7cc/lean/rows/Row040/Layers012.lean
research/tasks/B699-Binomial/runs/20260911-low-index-lean-513dc7cc/lean/rows/Row040/Layers016.lean
research/tasks/B699-Binomial/runs/20260911-low-index-lean-513dc7cc/lean/rows/Row040/Layers020.lean
research/tasks/B699-Binomial/runs/20260911-low-index-lean-513dc7cc/lean/rows/Row040/Layers024.lean
research/tasks/B699-Binomial/runs/20260911-low-index-lean-513dc7cc/lean/rows/Row040/Layers028.lean
research/tasks/B699-Binomial/runs/20260911-low-index-lean-513dc7cc/lean/rows/Row040/Layers032.lean
research/tasks/B699-Binomial/runs/20260911-low-index-lean-513dc7cc/lean/rows/Row040/Layers036.lean
research/tasks/B699-Binomial/runs/20260911-low-index-lean-513dc7cc/lean/rows/Row040/Layers040.lean
research/tasks/B699-Binomial/runs/20260911-low-index-lean-513dc7cc/lean/rows/Row040/Layers044.lean
research/tasks/B699-Binomial/runs/20260911-low-index-lean-513dc7cc/lean/rows/Row040/Layers048.lean
research/tasks/B699-Binomial/runs/20260911-low-index-lean-513dc7cc/lean/rows/Row040/Layers052.lean
research/tasks/B699-Binomial/runs/20260911-low-index-lean-513dc7cc/lean/rows/Row040/LayersChecked.lean
research/tasks/B699-Binomial/runs/20260911-low-index-lean-513dc7cc/lean/rows/Row040/Checked.lean
research/tasks/B699-Binomial/runs/20260911-low-index-lean-513dc7cc/lean/rows/Row040/Original.lean
research/tasks/B699-Binomial/runs/20260911-low-index-lean-513dc7cc/lean/Row041Data.lean
research/tasks/B699-Binomial/runs/20260911-low-index-lean-513dc7cc/lean/rows/Row041/Metadata.lean
research/tasks/B699-Binomial/runs/20260911-low-index-lean-513dc7cc/lean/rows/Row041/Goods000.lean
research/tasks/B699-Binomial/runs/20260911-low-index-lean-513dc7cc/lean/rows/Row041/Goods016.lean
research/tasks/B699-Binomial/runs/20260911-low-index-lean-513dc7cc/lean/rows/Row041/Goods032.lean
research/tasks/B699-Binomial/runs/20260911-low-index-lean-513dc7cc/lean/rows/Row041/Goods048.lean
research/tasks/B699-Binomial/runs/20260911-low-index-lean-513dc7cc/lean/rows/Row041/Goods064.lean
research/tasks/B699-Binomial/runs/20260911-low-index-lean-513dc7cc/lean/rows/Row041/Goods080.lean
research/tasks/B699-Binomial/runs/20260911-low-index-lean-513dc7cc/lean/rows/Row041/Goods096.lean
research/tasks/B699-Binomial/runs/20260911-low-index-lean-513dc7cc/lean/rows/Row041/Goods112.lean
research/tasks/B699-Binomial/runs/20260911-low-index-lean-513dc7cc/lean/rows/Row041/Goods128.lean
research/tasks/B699-Binomial/runs/20260911-low-index-lean-513dc7cc/lean/rows/Row041/Goods144.lean
research/tasks/B699-Binomial/runs/20260911-low-index-lean-513dc7cc/lean/rows/Row041/Goods160.lean
research/tasks/B699-Binomial/runs/20260911-low-index-lean-513dc7cc/lean/rows/Row041/Goods176.lean
research/tasks/B699-Binomial/runs/20260911-low-index-lean-513dc7cc/lean/rows/Row041/Goods192.lean
research/tasks/B699-Binomial/runs/20260911-low-index-lean-513dc7cc/lean/rows/Row041/Goods208.lean
research/tasks/B699-Binomial/runs/20260911-low-index-lean-513dc7cc/lean/rows/Row041/Goods224.lean
research/tasks/B699-Binomial/runs/20260911-low-index-lean-513dc7cc/lean/rows/Row041/GoodsChecked.lean
research/tasks/B699-Binomial/runs/20260911-low-index-lean-513dc7cc/lean/rows/Row041/Geometry.lean
research/tasks/B699-Binomial/runs/20260911-low-index-lean-513dc7cc/lean/rows/Row041/Layer000Arithmetic.lean
research/tasks/B699-Binomial/runs/20260911-low-index-lean-513dc7cc/lean/rows/Row041/Layer000Data.lean
research/tasks/B699-Binomial/runs/20260911-low-index-lean-513dc7cc/lean/rows/Row041/Layer000Enumeration.lean
research/tasks/B699-Binomial/runs/20260911-low-index-lean-513dc7cc/lean/rows/Row041/Layer000PairBlock000.lean
research/tasks/B699-Binomial/runs/20260911-low-index-lean-513dc7cc/lean/rows/Row041/Layer000PairBlock001.lean
research/tasks/B699-Binomial/runs/20260911-low-index-lean-513dc7cc/lean/rows/Row041/Layer000PairBlock002.lean
research/tasks/B699-Binomial/runs/20260911-low-index-lean-513dc7cc/lean/rows/Row041/Layer000PairBlock003.lean
research/tasks/B699-Binomial/runs/20260911-low-index-lean-513dc7cc/lean/rows/Row041/Layer000PairBlock004.lean
research/tasks/B699-Binomial/runs/20260911-low-index-lean-513dc7cc/lean/rows/Row041/Layer000PairBlock005.lean
research/tasks/B699-Binomial/runs/20260911-low-index-lean-513dc7cc/lean/rows/Row041/Layer000PairBlock006.lean
research/tasks/B699-Binomial/runs/20260911-low-index-lean-513dc7cc/lean/rows/Row041/Layer000PairBlock007.lean
research/tasks/B699-Binomial/runs/20260911-low-index-lean-513dc7cc/lean/rows/Row041/Layer000Pairs.lean
research/tasks/B699-Binomial/runs/20260911-low-index-lean-513dc7cc/lean/rows/Row041/Layer000Checked.lean
research/tasks/B699-Binomial/runs/20260911-low-index-lean-513dc7cc/lean/rows/Row041/Layer001Arithmetic.lean
research/tasks/B699-Binomial/runs/20260911-low-index-lean-513dc7cc/lean/rows/Row041/Layer001Data.lean
research/tasks/B699-Binomial/runs/20260911-low-index-lean-513dc7cc/lean/rows/Row041/Layer001Enumeration.lean
research/tasks/B699-Binomial/runs/20260911-low-index-lean-513dc7cc/lean/rows/Row041/Layer001PairBlock000.lean
research/tasks/B699-Binomial/runs/20260911-low-index-lean-513dc7cc/lean/rows/Row041/Layer001PairBlock001.lean
research/tasks/B699-Binomial/runs/20260911-low-index-lean-513dc7cc/lean/rows/Row041/Layer001PairBlock002.lean
research/tasks/B699-Binomial/runs/20260911-low-index-lean-513dc7cc/lean/rows/Row041/Layer001PairBlock003.lean
research/tasks/B699-Binomial/runs/20260911-low-index-lean-513dc7cc/lean/rows/Row041/Layer001PairBlock004.lean
research/tasks/B699-Binomial/runs/20260911-low-index-lean-513dc7cc/lean/rows/Row041/Layer001PairBlock005.lean
research/tasks/B699-Binomial/runs/20260911-low-index-lean-513dc7cc/lean/rows/Row041/Layer001PairBlock006.lean
research/tasks/B699-Binomial/runs/20260911-low-index-lean-513dc7cc/lean/rows/Row041/Layer001PairBlock007.lean
research/tasks/B699-Binomial/runs/20260911-low-index-lean-513dc7cc/lean/rows/Row041/Layer001Pairs.lean
research/tasks/B699-Binomial/runs/20260911-low-index-lean-513dc7cc/lean/rows/Row041/Layer001Checked.lean
research/tasks/B699-Binomial/runs/20260911-low-index-lean-513dc7cc/lean/rows/Row041/Layer002Arithmetic.lean
research/tasks/B699-Binomial/runs/20260911-low-index-lean-513dc7cc/lean/rows/Row041/Layer002Data.lean
research/tasks/B699-Binomial/runs/20260911-low-index-lean-513dc7cc/lean/rows/Row041/Layer002Enumeration.lean
research/tasks/B699-Binomial/runs/20260911-low-index-lean-513dc7cc/lean/rows/Row041/Layer002PairBlock000.lean
research/tasks/B699-Binomial/runs/20260911-low-index-lean-513dc7cc/lean/rows/Row041/Layer002PairBlock001.lean
research/tasks/B699-Binomial/runs/20260911-low-index-lean-513dc7cc/lean/rows/Row041/Layer002PairBlock002.lean
research/tasks/B699-Binomial/runs/20260911-low-index-lean-513dc7cc/lean/rows/Row041/Layer002PairBlock003.lean
research/tasks/B699-Binomial/runs/20260911-low-index-lean-513dc7cc/lean/rows/Row041/Layer002PairBlock004.lean
research/tasks/B699-Binomial/runs/20260911-low-index-lean-513dc7cc/lean/rows/Row041/Layer002PairBlock005.lean
research/tasks/B699-Binomial/runs/20260911-low-index-lean-513dc7cc/lean/rows/Row041/Layer002PairBlock006.lean
research/tasks/B699-Binomial/runs/20260911-low-index-lean-513dc7cc/lean/rows/Row041/Layer002Pairs.lean
research/tasks/B699-Binomial/runs/20260911-low-index-lean-513dc7cc/lean/rows/Row041/Layer002Checked.lean
research/tasks/B699-Binomial/runs/20260911-low-index-lean-513dc7cc/lean/rows/Row041/Layer003Arithmetic.lean
research/tasks/B699-Binomial/runs/20260911-low-index-lean-513dc7cc/lean/rows/Row041/Layer003Data.lean
research/tasks/B699-Binomial/runs/20260911-low-index-lean-513dc7cc/lean/rows/Row041/Layer003Enumeration.lean
research/tasks/B699-Binomial/runs/20260911-low-index-lean-513dc7cc/lean/rows/Row041/Layer003PairBlock000.lean
research/tasks/B699-Binomial/runs/20260911-low-index-lean-513dc7cc/lean/rows/Row041/Layer003PairBlock001.lean
research/tasks/B699-Binomial/runs/20260911-low-index-lean-513dc7cc/lean/rows/Row041/Layer003PairBlock002.lean
research/tasks/B699-Binomial/runs/20260911-low-index-lean-513dc7cc/lean/rows/Row041/Layer003PairBlock003.lean
research/tasks/B699-Binomial/runs/20260911-low-index-lean-513dc7cc/lean/rows/Row041/Layer003PairBlock004.lean
research/tasks/B699-Binomial/runs/20260911-low-index-lean-513dc7cc/lean/rows/Row041/Layer003PairBlock005.lean
research/tasks/B699-Binomial/runs/20260911-low-index-lean-513dc7cc/lean/rows/Row041/Layer003PairBlock006.lean
research/tasks/B699-Binomial/runs/20260911-low-index-lean-513dc7cc/lean/rows/Row041/Layer003Pairs.lean
research/tasks/B699-Binomial/runs/20260911-low-index-lean-513dc7cc/lean/rows/Row041/Layer003Checked.lean
research/tasks/B699-Binomial/runs/20260911-low-index-lean-513dc7cc/lean/rows/Row041/Layers000.lean
research/tasks/B699-Binomial/runs/20260911-low-index-lean-513dc7cc/lean/rows/Row041/Layer004Arithmetic.lean
research/tasks/B699-Binomial/runs/20260911-low-index-lean-513dc7cc/lean/rows/Row041/Layer004Data.lean
research/tasks/B699-Binomial/runs/20260911-low-index-lean-513dc7cc/lean/rows/Row041/Layer004Enumeration.lean
research/tasks/B699-Binomial/runs/20260911-low-index-lean-513dc7cc/lean/rows/Row041/Layer004PairBlock000.lean
research/tasks/B699-Binomial/runs/20260911-low-index-lean-513dc7cc/lean/rows/Row041/Layer004PairBlock001.lean
research/tasks/B699-Binomial/runs/20260911-low-index-lean-513dc7cc/lean/rows/Row041/Layer004PairBlock002.lean
research/tasks/B699-Binomial/runs/20260911-low-index-lean-513dc7cc/lean/rows/Row041/Layer004PairBlock003.lean
research/tasks/B699-Binomial/runs/20260911-low-index-lean-513dc7cc/lean/rows/Row041/Layer004PairBlock004.lean
research/tasks/B699-Binomial/runs/20260911-low-index-lean-513dc7cc/lean/rows/Row041/Layer004PairBlock005.lean
research/tasks/B699-Binomial/runs/20260911-low-index-lean-513dc7cc/lean/rows/Row041/Layer004Pairs.lean
research/tasks/B699-Binomial/runs/20260911-low-index-lean-513dc7cc/lean/rows/Row041/Layer004Checked.lean
research/tasks/B699-Binomial/runs/20260911-low-index-lean-513dc7cc/lean/rows/Row041/Layer005Arithmetic.lean
research/tasks/B699-Binomial/runs/20260911-low-index-lean-513dc7cc/lean/rows/Row041/Layer005Data.lean
research/tasks/B699-Binomial/runs/20260911-low-index-lean-513dc7cc/lean/rows/Row041/Layer005Enumeration.lean
research/tasks/B699-Binomial/runs/20260911-low-index-lean-513dc7cc/lean/rows/Row041/Layer005PairBlock000.lean
research/tasks/B699-Binomial/runs/20260911-low-index-lean-513dc7cc/lean/rows/Row041/Layer005PairBlock001.lean
research/tasks/B699-Binomial/runs/20260911-low-index-lean-513dc7cc/lean/rows/Row041/Layer005PairBlock002.lean
research/tasks/B699-Binomial/runs/20260911-low-index-lean-513dc7cc/lean/rows/Row041/Layer005PairBlock003.lean
research/tasks/B699-Binomial/runs/20260911-low-index-lean-513dc7cc/lean/rows/Row041/Layer005PairBlock004.lean
research/tasks/B699-Binomial/runs/20260911-low-index-lean-513dc7cc/lean/rows/Row041/Layer005Pairs.lean
research/tasks/B699-Binomial/runs/20260911-low-index-lean-513dc7cc/lean/rows/Row041/Layer005Checked.lean
research/tasks/B699-Binomial/runs/20260911-low-index-lean-513dc7cc/lean/rows/Row041/Layer006Arithmetic.lean
research/tasks/B699-Binomial/runs/20260911-low-index-lean-513dc7cc/lean/rows/Row041/Layer006Data.lean
research/tasks/B699-Binomial/runs/20260911-low-index-lean-513dc7cc/lean/rows/Row041/Layer006Enumeration.lean
research/tasks/B699-Binomial/runs/20260911-low-index-lean-513dc7cc/lean/rows/Row041/Layer006PairBlock000.lean
research/tasks/B699-Binomial/runs/20260911-low-index-lean-513dc7cc/lean/rows/Row041/Layer006PairBlock001.lean
research/tasks/B699-Binomial/runs/20260911-low-index-lean-513dc7cc/lean/rows/Row041/Layer006PairBlock002.lean
research/tasks/B699-Binomial/runs/20260911-low-index-lean-513dc7cc/lean/rows/Row041/Layer006PairBlock003.lean
research/tasks/B699-Binomial/runs/20260911-low-index-lean-513dc7cc/lean/rows/Row041/Layer006PairBlock004.lean
research/tasks/B699-Binomial/runs/20260911-low-index-lean-513dc7cc/lean/rows/Row041/Layer006Pairs.lean
research/tasks/B699-Binomial/runs/20260911-low-index-lean-513dc7cc/lean/rows/Row041/Layer006Checked.lean
research/tasks/B699-Binomial/runs/20260911-low-index-lean-513dc7cc/lean/rows/Row041/Layer007Arithmetic.lean
research/tasks/B699-Binomial/runs/20260911-low-index-lean-513dc7cc/lean/rows/Row041/Layer007Data.lean
research/tasks/B699-Binomial/runs/20260911-low-index-lean-513dc7cc/lean/rows/Row041/Layer007Enumeration.lean
research/tasks/B699-Binomial/runs/20260911-low-index-lean-513dc7cc/lean/rows/Row041/Layer007PairBlock000.lean
research/tasks/B699-Binomial/runs/20260911-low-index-lean-513dc7cc/lean/rows/Row041/Layer007PairBlock001.lean
research/tasks/B699-Binomial/runs/20260911-low-index-lean-513dc7cc/lean/rows/Row041/Layer007PairBlock002.lean
research/tasks/B699-Binomial/runs/20260911-low-index-lean-513dc7cc/lean/rows/Row041/Layer007PairBlock003.lean
research/tasks/B699-Binomial/runs/20260911-low-index-lean-513dc7cc/lean/rows/Row041/Layer007PairBlock004.lean
research/tasks/B699-Binomial/runs/20260911-low-index-lean-513dc7cc/lean/rows/Row041/Layer007Pairs.lean
research/tasks/B699-Binomial/runs/20260911-low-index-lean-513dc7cc/lean/rows/Row041/Layer007Checked.lean
research/tasks/B699-Binomial/runs/20260911-low-index-lean-513dc7cc/lean/rows/Row041/Layers004.lean
research/tasks/B699-Binomial/runs/20260911-low-index-lean-513dc7cc/lean/rows/Row041/Layers008.lean
research/tasks/B699-Binomial/runs/20260911-low-index-lean-513dc7cc/lean/rows/Row041/Layers012.lean
research/tasks/B699-Binomial/runs/20260911-low-index-lean-513dc7cc/lean/rows/Row041/Layers016.lean
research/tasks/B699-Binomial/runs/20260911-low-index-lean-513dc7cc/lean/rows/Row041/Layers020.lean
research/tasks/B699-Binomial/runs/20260911-low-index-lean-513dc7cc/lean/rows/Row041/Layers024.lean
research/tasks/B699-Binomial/runs/20260911-low-index-lean-513dc7cc/lean/rows/Row041/Layers028.lean
research/tasks/B699-Binomial/runs/20260911-low-index-lean-513dc7cc/lean/rows/Row041/Layers032.lean
research/tasks/B699-Binomial/runs/20260911-low-index-lean-513dc7cc/lean/rows/Row041/Layers036.lean
research/tasks/B699-Binomial/runs/20260911-low-index-lean-513dc7cc/lean/rows/Row041/Layers040.lean
research/tasks/B699-Binomial/runs/20260911-low-index-lean-513dc7cc/lean/rows/Row041/LayersChecked.lean
research/tasks/B699-Binomial/runs/20260911-low-index-lean-513dc7cc/lean/rows/Row041/Checked.lean
research/tasks/B699-Binomial/runs/20260911-low-index-lean-513dc7cc/lean/rows/Row041/Original.lean
research/tasks/B699-Binomial/runs/20260911-low-index-lean-513dc7cc/lean/Row042Data.lean
research/tasks/B699-Binomial/runs/20260911-low-index-lean-513dc7cc/lean/rows/Row042/Metadata.lean
research/tasks/B699-Binomial/runs/20260911-low-index-lean-513dc7cc/lean/rows/Row042/Goods000.lean
research/tasks/B699-Binomial/runs/20260911-low-index-lean-513dc7cc/lean/rows/Row042/Goods016.lean
research/tasks/B699-Binomial/runs/20260911-low-index-lean-513dc7cc/lean/rows/Row042/Goods032.lean
research/tasks/B699-Binomial/runs/20260911-low-index-lean-513dc7cc/lean/rows/Row042/Goods048.lean
research/tasks/B699-Binomial/runs/20260911-low-index-lean-513dc7cc/lean/rows/Row042/Goods064.lean
research/tasks/B699-Binomial/runs/20260911-low-index-lean-513dc7cc/lean/rows/Row042/Goods080.lean
research/tasks/B699-Binomial/runs/20260911-low-index-lean-513dc7cc/lean/rows/Row042/Goods096.lean
research/tasks/B699-Binomial/runs/20260911-low-index-lean-513dc7cc/lean/rows/Row042/Goods112.lean
research/tasks/B699-Binomial/runs/20260911-low-index-lean-513dc7cc/lean/rows/Row042/Goods128.lean
research/tasks/B699-Binomial/runs/20260911-low-index-lean-513dc7cc/lean/rows/Row042/Goods144.lean
research/tasks/B699-Binomial/runs/20260911-low-index-lean-513dc7cc/lean/rows/Row042/Goods160.lean
research/tasks/B699-Binomial/runs/20260911-low-index-lean-513dc7cc/lean/rows/Row042/Goods176.lean
research/tasks/B699-Binomial/runs/20260911-low-index-lean-513dc7cc/lean/rows/Row042/Goods192.lean
research/tasks/B699-Binomial/runs/20260911-low-index-lean-513dc7cc/lean/rows/Row042/Goods208.lean
research/tasks/B699-Binomial/runs/20260911-low-index-lean-513dc7cc/lean/rows/Row042/Goods224.lean
research/tasks/B699-Binomial/runs/20260911-low-index-lean-513dc7cc/lean/rows/Row042/Goods240.lean
research/tasks/B699-Binomial/runs/20260911-low-index-lean-513dc7cc/lean/rows/Row042/Goods256.lean
research/tasks/B699-Binomial/runs/20260911-low-index-lean-513dc7cc/lean/rows/Row042/GoodsChecked.lean
research/tasks/B699-Binomial/runs/20260911-low-index-lean-513dc7cc/lean/rows/Row042/Geometry.lean
research/tasks/B699-Binomial/runs/20260911-low-index-lean-513dc7cc/lean/rows/Row042/Layer000Arithmetic.lean
research/tasks/B699-Binomial/runs/20260911-low-index-lean-513dc7cc/lean/rows/Row042/Layer000Data.lean
research/tasks/B699-Binomial/runs/20260911-low-index-lean-513dc7cc/lean/rows/Row042/Layer000Enumeration.lean
research/tasks/B699-Binomial/runs/20260911-low-index-lean-513dc7cc/lean/rows/Row042/Layer000PairBlock000.lean
research/tasks/B699-Binomial/runs/20260911-low-index-lean-513dc7cc/lean/rows/Row042/Layer000PairBlock001.lean
research/tasks/B699-Binomial/runs/20260911-low-index-lean-513dc7cc/lean/rows/Row042/Layer000PairBlock002.lean
research/tasks/B699-Binomial/runs/20260911-low-index-lean-513dc7cc/lean/rows/Row042/Layer000PairBlock003.lean
research/tasks/B699-Binomial/runs/20260911-low-index-lean-513dc7cc/lean/rows/Row042/Layer000PairBlock004.lean
research/tasks/B699-Binomial/runs/20260911-low-index-lean-513dc7cc/lean/rows/Row042/Layer000PairBlock005.lean
research/tasks/B699-Binomial/runs/20260911-low-index-lean-513dc7cc/lean/rows/Row042/Layer000PairBlock006.lean
research/tasks/B699-Binomial/runs/20260911-low-index-lean-513dc7cc/lean/rows/Row042/Layer000Pairs.lean
research/tasks/B699-Binomial/runs/20260911-low-index-lean-513dc7cc/lean/rows/Row042/Layer000Checked.lean
research/tasks/B699-Binomial/runs/20260911-low-index-lean-513dc7cc/lean/rows/Row042/Layer001Arithmetic.lean
research/tasks/B699-Binomial/runs/20260911-low-index-lean-513dc7cc/lean/rows/Row042/Layer001Data.lean
research/tasks/B699-Binomial/runs/20260911-low-index-lean-513dc7cc/lean/rows/Row042/Layer001Enumeration.lean
research/tasks/B699-Binomial/runs/20260911-low-index-lean-513dc7cc/lean/rows/Row042/Layer001PairBlock000.lean
research/tasks/B699-Binomial/runs/20260911-low-index-lean-513dc7cc/lean/rows/Row042/Layer001PairBlock001.lean
research/tasks/B699-Binomial/runs/20260911-low-index-lean-513dc7cc/lean/rows/Row042/Layer001PairBlock002.lean
research/tasks/B699-Binomial/runs/20260911-low-index-lean-513dc7cc/lean/rows/Row042/Layer001PairBlock003.lean
research/tasks/B699-Binomial/runs/20260911-low-index-lean-513dc7cc/lean/rows/Row042/Layer001PairBlock004.lean
research/tasks/B699-Binomial/runs/20260911-low-index-lean-513dc7cc/lean/rows/Row042/Layer001PairBlock005.lean
research/tasks/B699-Binomial/runs/20260911-low-index-lean-513dc7cc/lean/rows/Row042/Layer001PairBlock006.lean
research/tasks/B699-Binomial/runs/20260911-low-index-lean-513dc7cc/lean/rows/Row042/Layer001PairBlock007.lean
research/tasks/B699-Binomial/runs/20260911-low-index-lean-513dc7cc/lean/rows/Row042/Layer001Pairs.lean
research/tasks/B699-Binomial/runs/20260911-low-index-lean-513dc7cc/lean/rows/Row042/Layer001Checked.lean
research/tasks/B699-Binomial/runs/20260911-low-index-lean-513dc7cc/lean/rows/Row042/Layer002Arithmetic.lean
research/tasks/B699-Binomial/runs/20260911-low-index-lean-513dc7cc/lean/rows/Row042/Layer002Data.lean
research/tasks/B699-Binomial/runs/20260911-low-index-lean-513dc7cc/lean/rows/Row042/Layer002Enumeration.lean
research/tasks/B699-Binomial/runs/20260911-low-index-lean-513dc7cc/lean/rows/Row042/Layer002PairBlock000.lean
research/tasks/B699-Binomial/runs/20260911-low-index-lean-513dc7cc/lean/rows/Row042/Layer002PairBlock001.lean
research/tasks/B699-Binomial/runs/20260911-low-index-lean-513dc7cc/lean/rows/Row042/Layer002PairBlock002.lean
research/tasks/B699-Binomial/runs/20260911-low-index-lean-513dc7cc/lean/rows/Row042/Layer002PairBlock003.lean
research/tasks/B699-Binomial/runs/20260911-low-index-lean-513dc7cc/lean/rows/Row042/Layer002PairBlock004.lean
research/tasks/B699-Binomial/runs/20260911-low-index-lean-513dc7cc/lean/rows/Row042/Layer002PairBlock005.lean
research/tasks/B699-Binomial/runs/20260911-low-index-lean-513dc7cc/lean/rows/Row042/Layer002PairBlock006.lean
research/tasks/B699-Binomial/runs/20260911-low-index-lean-513dc7cc/lean/rows/Row042/Layer002PairBlock007.lean
research/tasks/B699-Binomial/runs/20260911-low-index-lean-513dc7cc/lean/rows/Row042/Layer002Pairs.lean
research/tasks/B699-Binomial/runs/20260911-low-index-lean-513dc7cc/lean/rows/Row042/Layer002Checked.lean
research/tasks/B699-Binomial/runs/20260911-low-index-lean-513dc7cc/lean/rows/Row042/Layer003Arithmetic.lean
research/tasks/B699-Binomial/runs/20260911-low-index-lean-513dc7cc/lean/rows/Row042/Layer003Data.lean
research/tasks/B699-Binomial/runs/20260911-low-index-lean-513dc7cc/lean/rows/Row042/Layer003Enumeration.lean
research/tasks/B699-Binomial/runs/20260911-low-index-lean-513dc7cc/lean/rows/Row042/Layer003PairBlock000.lean
research/tasks/B699-Binomial/runs/20260911-low-index-lean-513dc7cc/lean/rows/Row042/Layer003PairBlock001.lean
research/tasks/B699-Binomial/runs/20260911-low-index-lean-513dc7cc/lean/rows/Row042/Layer003PairBlock002.lean
research/tasks/B699-Binomial/runs/20260911-low-index-lean-513dc7cc/lean/rows/Row042/Layer003PairBlock003.lean
research/tasks/B699-Binomial/runs/20260911-low-index-lean-513dc7cc/lean/rows/Row042/Layer003PairBlock004.lean
research/tasks/B699-Binomial/runs/20260911-low-index-lean-513dc7cc/lean/rows/Row042/Layer003PairBlock005.lean
research/tasks/B699-Binomial/runs/20260911-low-index-lean-513dc7cc/lean/rows/Row042/Layer003PairBlock006.lean
research/tasks/B699-Binomial/runs/20260911-low-index-lean-513dc7cc/lean/rows/Row042/Layer003PairBlock007.lean
research/tasks/B699-Binomial/runs/20260911-low-index-lean-513dc7cc/lean/rows/Row042/Layer003Pairs.lean
research/tasks/B699-Binomial/runs/20260911-low-index-lean-513dc7cc/lean/rows/Row042/Layer003Checked.lean
research/tasks/B699-Binomial/runs/20260911-low-index-lean-513dc7cc/lean/rows/Row042/Layers000.lean
research/tasks/B699-Binomial/runs/20260911-low-index-lean-513dc7cc/lean/rows/Row042/Layer004Arithmetic.lean
research/tasks/B699-Binomial/runs/20260911-low-index-lean-513dc7cc/lean/rows/Row042/Layer004Data.lean
research/tasks/B699-Binomial/runs/20260911-low-index-lean-513dc7cc/lean/rows/Row042/Layer004Enumeration.lean
research/tasks/B699-Binomial/runs/20260911-low-index-lean-513dc7cc/lean/rows/Row042/Layer004PairBlock000.lean
research/tasks/B699-Binomial/runs/20260911-low-index-lean-513dc7cc/lean/rows/Row042/Layer004PairBlock001.lean
research/tasks/B699-Binomial/runs/20260911-low-index-lean-513dc7cc/lean/rows/Row042/Layer004PairBlock002.lean
research/tasks/B699-Binomial/runs/20260911-low-index-lean-513dc7cc/lean/rows/Row042/Layer004PairBlock003.lean
research/tasks/B699-Binomial/runs/20260911-low-index-lean-513dc7cc/lean/rows/Row042/Layer004PairBlock004.lean
research/tasks/B699-Binomial/runs/20260911-low-index-lean-513dc7cc/lean/rows/Row042/Layer004PairBlock005.lean
research/tasks/B699-Binomial/runs/20260911-low-index-lean-513dc7cc/lean/rows/Row042/Layer004PairBlock006.lean
research/tasks/B699-Binomial/runs/20260911-low-index-lean-513dc7cc/lean/rows/Row042/Layer004PairBlock007.lean
research/tasks/B699-Binomial/runs/20260911-low-index-lean-513dc7cc/lean/rows/Row042/Layer004Pairs.lean
research/tasks/B699-Binomial/runs/20260911-low-index-lean-513dc7cc/lean/rows/Row042/Layer004Checked.lean
research/tasks/B699-Binomial/runs/20260911-low-index-lean-513dc7cc/lean/rows/Row042/Layer005Arithmetic.lean
research/tasks/B699-Binomial/runs/20260911-low-index-lean-513dc7cc/lean/rows/Row042/Layer005Data.lean
research/tasks/B699-Binomial/runs/20260911-low-index-lean-513dc7cc/lean/rows/Row042/Layer005Enumeration.lean
research/tasks/B699-Binomial/runs/20260911-low-index-lean-513dc7cc/lean/rows/Row042/Layer005PairBlock000.lean
research/tasks/B699-Binomial/runs/20260911-low-index-lean-513dc7cc/lean/rows/Row042/Layer005PairBlock001.lean
research/tasks/B699-Binomial/runs/20260911-low-index-lean-513dc7cc/lean/rows/Row042/Layer005PairBlock002.lean
research/tasks/B699-Binomial/runs/20260911-low-index-lean-513dc7cc/lean/rows/Row042/Layer005PairBlock003.lean
research/tasks/B699-Binomial/runs/20260911-low-index-lean-513dc7cc/lean/rows/Row042/Layer005PairBlock004.lean
research/tasks/B699-Binomial/runs/20260911-low-index-lean-513dc7cc/lean/rows/Row042/Layer005PairBlock005.lean
research/tasks/B699-Binomial/runs/20260911-low-index-lean-513dc7cc/lean/rows/Row042/Layer005Pairs.lean
research/tasks/B699-Binomial/runs/20260911-low-index-lean-513dc7cc/lean/rows/Row042/Layer005Checked.lean
research/tasks/B699-Binomial/runs/20260911-low-index-lean-513dc7cc/lean/rows/Row042/Layer006Arithmetic.lean
research/tasks/B699-Binomial/runs/20260911-low-index-lean-513dc7cc/lean/rows/Row042/Layer006Data.lean
research/tasks/B699-Binomial/runs/20260911-low-index-lean-513dc7cc/lean/rows/Row042/Layer006Enumeration.lean
research/tasks/B699-Binomial/runs/20260911-low-index-lean-513dc7cc/lean/rows/Row042/Layer006PairBlock000.lean
research/tasks/B699-Binomial/runs/20260911-low-index-lean-513dc7cc/lean/rows/Row042/Layer006PairBlock001.lean
research/tasks/B699-Binomial/runs/20260911-low-index-lean-513dc7cc/lean/rows/Row042/Layer006PairBlock002.lean
research/tasks/B699-Binomial/runs/20260911-low-index-lean-513dc7cc/lean/rows/Row042/Layer006PairBlock003.lean
research/tasks/B699-Binomial/runs/20260911-low-index-lean-513dc7cc/lean/rows/Row042/Layer006PairBlock004.lean
research/tasks/B699-Binomial/runs/20260911-low-index-lean-513dc7cc/lean/rows/Row042/Layer006PairBlock005.lean
research/tasks/B699-Binomial/runs/20260911-low-index-lean-513dc7cc/lean/rows/Row042/Layer006Pairs.lean
research/tasks/B699-Binomial/runs/20260911-low-index-lean-513dc7cc/lean/rows/Row042/Layer006Checked.lean
research/tasks/B699-Binomial/runs/20260911-low-index-lean-513dc7cc/lean/rows/Row042/Layer007Arithmetic.lean
research/tasks/B699-Binomial/runs/20260911-low-index-lean-513dc7cc/lean/rows/Row042/Layer007Data.lean
research/tasks/B699-Binomial/runs/20260911-low-index-lean-513dc7cc/lean/rows/Row042/Layer007Enumeration.lean
research/tasks/B699-Binomial/runs/20260911-low-index-lean-513dc7cc/lean/rows/Row042/Layer007PairBlock000.lean
research/tasks/B699-Binomial/runs/20260911-low-index-lean-513dc7cc/lean/rows/Row042/Layer007PairBlock001.lean
research/tasks/B699-Binomial/runs/20260911-low-index-lean-513dc7cc/lean/rows/Row042/Layer007PairBlock002.lean
research/tasks/B699-Binomial/runs/20260911-low-index-lean-513dc7cc/lean/rows/Row042/Layer007PairBlock003.lean
research/tasks/B699-Binomial/runs/20260911-low-index-lean-513dc7cc/lean/rows/Row042/Layer007PairBlock004.lean
research/tasks/B699-Binomial/runs/20260911-low-index-lean-513dc7cc/lean/rows/Row042/Layer007PairBlock005.lean
research/tasks/B699-Binomial/runs/20260911-low-index-lean-513dc7cc/lean/rows/Row042/Layer007PairBlock006.lean
research/tasks/B699-Binomial/runs/20260911-low-index-lean-513dc7cc/lean/rows/Row042/Layer007Pairs.lean
research/tasks/B699-Binomial/runs/20260911-low-index-lean-513dc7cc/lean/rows/Row042/Layer007Checked.lean
research/tasks/B699-Binomial/runs/20260911-low-index-lean-513dc7cc/lean/rows/Row042/Layers004.lean
research/tasks/B699-Binomial/runs/20260911-low-index-lean-513dc7cc/lean/rows/Row042/Layer008Arithmetic.lean
research/tasks/B699-Binomial/runs/20260911-low-index-lean-513dc7cc/lean/rows/Row042/Layer008Data.lean
research/tasks/B699-Binomial/runs/20260911-low-index-lean-513dc7cc/lean/rows/Row042/Layer008Enumeration.lean
research/tasks/B699-Binomial/runs/20260911-low-index-lean-513dc7cc/lean/rows/Row042/Layer008PairBlock000.lean
research/tasks/B699-Binomial/runs/20260911-low-index-lean-513dc7cc/lean/rows/Row042/Layer008PairBlock001.lean
research/tasks/B699-Binomial/runs/20260911-low-index-lean-513dc7cc/lean/rows/Row042/Layer008PairBlock002.lean
research/tasks/B699-Binomial/runs/20260911-low-index-lean-513dc7cc/lean/rows/Row042/Layer008PairBlock003.lean
research/tasks/B699-Binomial/runs/20260911-low-index-lean-513dc7cc/lean/rows/Row042/Layer008PairBlock004.lean
research/tasks/B699-Binomial/runs/20260911-low-index-lean-513dc7cc/lean/rows/Row042/Layer008PairBlock005.lean
research/tasks/B699-Binomial/runs/20260911-low-index-lean-513dc7cc/lean/rows/Row042/Layer008PairBlock006.lean
research/tasks/B699-Binomial/runs/20260911-low-index-lean-513dc7cc/lean/rows/Row042/Layer008Pairs.lean
research/tasks/B699-Binomial/runs/20260911-low-index-lean-513dc7cc/lean/rows/Row042/Layer008Checked.lean
research/tasks/B699-Binomial/runs/20260911-low-index-lean-513dc7cc/lean/rows/Row042/Layer009Arithmetic.lean
research/tasks/B699-Binomial/runs/20260911-low-index-lean-513dc7cc/lean/rows/Row042/Layer009Data.lean
research/tasks/B699-Binomial/runs/20260911-low-index-lean-513dc7cc/lean/rows/Row042/Layer009Enumeration.lean
research/tasks/B699-Binomial/runs/20260911-low-index-lean-513dc7cc/lean/rows/Row042/Layer009PairBlock000.lean
research/tasks/B699-Binomial/runs/20260911-low-index-lean-513dc7cc/lean/rows/Row042/Layer009PairBlock001.lean
research/tasks/B699-Binomial/runs/20260911-low-index-lean-513dc7cc/lean/rows/Row042/Layer009PairBlock002.lean
research/tasks/B699-Binomial/runs/20260911-low-index-lean-513dc7cc/lean/rows/Row042/Layer009PairBlock003.lean
research/tasks/B699-Binomial/runs/20260911-low-index-lean-513dc7cc/lean/rows/Row042/Layer009PairBlock004.lean
research/tasks/B699-Binomial/runs/20260911-low-index-lean-513dc7cc/lean/rows/Row042/Layer009PairBlock005.lean
research/tasks/B699-Binomial/runs/20260911-low-index-lean-513dc7cc/lean/rows/Row042/Layer009Pairs.lean
research/tasks/B699-Binomial/runs/20260911-low-index-lean-513dc7cc/lean/rows/Row042/Layer009Checked.lean
research/tasks/B699-Binomial/runs/20260911-low-index-lean-513dc7cc/lean/rows/Row042/Layer010Arithmetic.lean
research/tasks/B699-Binomial/runs/20260911-low-index-lean-513dc7cc/lean/rows/Row042/Layer010Data.lean
research/tasks/B699-Binomial/runs/20260911-low-index-lean-513dc7cc/lean/rows/Row042/Layer010Enumeration.lean
research/tasks/B699-Binomial/runs/20260911-low-index-lean-513dc7cc/lean/rows/Row042/Layer010PairBlock000.lean
research/tasks/B699-Binomial/runs/20260911-low-index-lean-513dc7cc/lean/rows/Row042/Layer010PairBlock001.lean
research/tasks/B699-Binomial/runs/20260911-low-index-lean-513dc7cc/lean/rows/Row042/Layer010PairBlock002.lean
research/tasks/B699-Binomial/runs/20260911-low-index-lean-513dc7cc/lean/rows/Row042/Layer010PairBlock003.lean
research/tasks/B699-Binomial/runs/20260911-low-index-lean-513dc7cc/lean/rows/Row042/Layer010PairBlock004.lean
research/tasks/B699-Binomial/runs/20260911-low-index-lean-513dc7cc/lean/rows/Row042/Layer010Pairs.lean
research/tasks/B699-Binomial/runs/20260911-low-index-lean-513dc7cc/lean/rows/Row042/Layer010Checked.lean
research/tasks/B699-Binomial/runs/20260911-low-index-lean-513dc7cc/lean/rows/Row042/Layer011Arithmetic.lean
research/tasks/B699-Binomial/runs/20260911-low-index-lean-513dc7cc/lean/rows/Row042/Layer011Data.lean
research/tasks/B699-Binomial/runs/20260911-low-index-lean-513dc7cc/lean/rows/Row042/Layer011Enumeration.lean
research/tasks/B699-Binomial/runs/20260911-low-index-lean-513dc7cc/lean/rows/Row042/Layer011PairBlock000.lean
research/tasks/B699-Binomial/runs/20260911-low-index-lean-513dc7cc/lean/rows/Row042/Layer011PairBlock001.lean
research/tasks/B699-Binomial/runs/20260911-low-index-lean-513dc7cc/lean/rows/Row042/Layer011PairBlock002.lean
research/tasks/B699-Binomial/runs/20260911-low-index-lean-513dc7cc/lean/rows/Row042/Layer011PairBlock003.lean
research/tasks/B699-Binomial/runs/20260911-low-index-lean-513dc7cc/lean/rows/Row042/Layer011PairBlock004.lean
research/tasks/B699-Binomial/runs/20260911-low-index-lean-513dc7cc/lean/rows/Row042/Layer011Pairs.lean
research/tasks/B699-Binomial/runs/20260911-low-index-lean-513dc7cc/lean/rows/Row042/Layer011Checked.lean
research/tasks/B699-Binomial/runs/20260911-low-index-lean-513dc7cc/lean/rows/Row042/Layers008.lean
research/tasks/B699-Binomial/runs/20260911-low-index-lean-513dc7cc/lean/rows/Row042/Layer012Arithmetic.lean
research/tasks/B699-Binomial/runs/20260911-low-index-lean-513dc7cc/lean/rows/Row042/Layer012Data.lean
research/tasks/B699-Binomial/runs/20260911-low-index-lean-513dc7cc/lean/rows/Row042/Layer012Enumeration.lean
research/tasks/B699-Binomial/runs/20260911-low-index-lean-513dc7cc/lean/rows/Row042/Layer012PairBlock000.lean
research/tasks/B699-Binomial/runs/20260911-low-index-lean-513dc7cc/lean/rows/Row042/Layer012PairBlock001.lean
research/tasks/B699-Binomial/runs/20260911-low-index-lean-513dc7cc/lean/rows/Row042/Layer012PairBlock002.lean
research/tasks/B699-Binomial/runs/20260911-low-index-lean-513dc7cc/lean/rows/Row042/Layer012PairBlock003.lean
research/tasks/B699-Binomial/runs/20260911-low-index-lean-513dc7cc/lean/rows/Row042/Layer012PairBlock004.lean
research/tasks/B699-Binomial/runs/20260911-low-index-lean-513dc7cc/lean/rows/Row042/Layer012Pairs.lean
research/tasks/B699-Binomial/runs/20260911-low-index-lean-513dc7cc/lean/rows/Row042/Layer012Checked.lean
research/tasks/B699-Binomial/runs/20260911-low-index-lean-513dc7cc/lean/rows/Row042/Layer013Arithmetic.lean
research/tasks/B699-Binomial/runs/20260911-low-index-lean-513dc7cc/lean/rows/Row042/Layer013Data.lean
research/tasks/B699-Binomial/runs/20260911-low-index-lean-513dc7cc/lean/rows/Row042/Layer013Enumeration.lean
research/tasks/B699-Binomial/runs/20260911-low-index-lean-513dc7cc/lean/rows/Row042/Layer013PairBlock000.lean
research/tasks/B699-Binomial/runs/20260911-low-index-lean-513dc7cc/lean/rows/Row042/Layer013PairBlock001.lean
research/tasks/B699-Binomial/runs/20260911-low-index-lean-513dc7cc/lean/rows/Row042/Layer013PairBlock002.lean
research/tasks/B699-Binomial/runs/20260911-low-index-lean-513dc7cc/lean/rows/Row042/Layer013PairBlock003.lean
research/tasks/B699-Binomial/runs/20260911-low-index-lean-513dc7cc/lean/rows/Row042/Layer013PairBlock004.lean
research/tasks/B699-Binomial/runs/20260911-low-index-lean-513dc7cc/lean/rows/Row042/Layer013PairBlock005.lean
research/tasks/B699-Binomial/runs/20260911-low-index-lean-513dc7cc/lean/rows/Row042/Layer013Pairs.lean
research/tasks/B699-Binomial/runs/20260911-low-index-lean-513dc7cc/lean/rows/Row042/Layer013Checked.lean
research/tasks/B699-Binomial/runs/20260911-low-index-lean-513dc7cc/lean/rows/Row042/Layer014Arithmetic.lean
research/tasks/B699-Binomial/runs/20260911-low-index-lean-513dc7cc/lean/rows/Row042/Layer014Data.lean
research/tasks/B699-Binomial/runs/20260911-low-index-lean-513dc7cc/lean/rows/Row042/Layer014Enumeration.lean
research/tasks/B699-Binomial/runs/20260911-low-index-lean-513dc7cc/lean/rows/Row042/Layer014PairBlock000.lean
research/tasks/B699-Binomial/runs/20260911-low-index-lean-513dc7cc/lean/rows/Row042/Layer014PairBlock001.lean
research/tasks/B699-Binomial/runs/20260911-low-index-lean-513dc7cc/lean/rows/Row042/Layer014PairBlock002.lean
research/tasks/B699-Binomial/runs/20260911-low-index-lean-513dc7cc/lean/rows/Row042/Layer014PairBlock003.lean
research/tasks/B699-Binomial/runs/20260911-low-index-lean-513dc7cc/lean/rows/Row042/Layer014PairBlock004.lean
research/tasks/B699-Binomial/runs/20260911-low-index-lean-513dc7cc/lean/rows/Row042/Layer014PairBlock005.lean
research/tasks/B699-Binomial/runs/20260911-low-index-lean-513dc7cc/lean/rows/Row042/Layer014Pairs.lean
research/tasks/B699-Binomial/runs/20260911-low-index-lean-513dc7cc/lean/rows/Row042/Layer014Checked.lean
research/tasks/B699-Binomial/runs/20260911-low-index-lean-513dc7cc/lean/rows/Row042/Layers012.lean
research/tasks/B699-Binomial/runs/20260911-low-index-lean-513dc7cc/lean/rows/Row042/Layer017Arithmetic.lean
research/tasks/B699-Binomial/runs/20260911-low-index-lean-513dc7cc/lean/rows/Row042/Layer017Data.lean
research/tasks/B699-Binomial/runs/20260911-low-index-lean-513dc7cc/lean/rows/Row042/Layer017Enumeration.lean
research/tasks/B699-Binomial/runs/20260911-low-index-lean-513dc7cc/lean/rows/Row042/Layer017PairBlock000.lean
research/tasks/B699-Binomial/runs/20260911-low-index-lean-513dc7cc/lean/rows/Row042/Layer017PairBlock001.lean
research/tasks/B699-Binomial/runs/20260911-low-index-lean-513dc7cc/lean/rows/Row042/Layer017PairBlock002.lean
research/tasks/B699-Binomial/runs/20260911-low-index-lean-513dc7cc/lean/rows/Row042/Layer017PairBlock003.lean
research/tasks/B699-Binomial/runs/20260911-low-index-lean-513dc7cc/lean/rows/Row042/Layer017PairBlock004.lean
research/tasks/B699-Binomial/runs/20260911-low-index-lean-513dc7cc/lean/rows/Row042/Layer017Pairs.lean
research/tasks/B699-Binomial/runs/20260911-low-index-lean-513dc7cc/lean/rows/Row042/Layer017Checked.lean
research/tasks/B699-Binomial/runs/20260911-low-index-lean-513dc7cc/lean/rows/Row042/Layer018Arithmetic.lean
research/tasks/B699-Binomial/runs/20260911-low-index-lean-513dc7cc/lean/rows/Row042/Layer018Data.lean
research/tasks/B699-Binomial/runs/20260911-low-index-lean-513dc7cc/lean/rows/Row042/Layer018Enumeration.lean
research/tasks/B699-Binomial/runs/20260911-low-index-lean-513dc7cc/lean/rows/Row042/Layer018PairBlock000.lean
research/tasks/B699-Binomial/runs/20260911-low-index-lean-513dc7cc/lean/rows/Row042/Layer018PairBlock001.lean
research/tasks/B699-Binomial/runs/20260911-low-index-lean-513dc7cc/lean/rows/Row042/Layer018PairBlock002.lean
research/tasks/B699-Binomial/runs/20260911-low-index-lean-513dc7cc/lean/rows/Row042/Layer018PairBlock003.lean
research/tasks/B699-Binomial/runs/20260911-low-index-lean-513dc7cc/lean/rows/Row042/Layer018PairBlock004.lean
research/tasks/B699-Binomial/runs/20260911-low-index-lean-513dc7cc/lean/rows/Row042/Layer018Pairs.lean
research/tasks/B699-Binomial/runs/20260911-low-index-lean-513dc7cc/lean/rows/Row042/Layer018Checked.lean
research/tasks/B699-Binomial/runs/20260911-low-index-lean-513dc7cc/lean/rows/Row042/Layers016.lean
research/tasks/B699-Binomial/runs/20260911-low-index-lean-513dc7cc/lean/rows/Row042/Layers020.lean
research/tasks/B699-Binomial/runs/20260911-low-index-lean-513dc7cc/lean/rows/Row042/Layers024.lean
research/tasks/B699-Binomial/runs/20260911-low-index-lean-513dc7cc/lean/rows/Row042/Layers028.lean
research/tasks/B699-Binomial/runs/20260911-low-index-lean-513dc7cc/lean/rows/Row042/Layers032.lean
research/tasks/B699-Binomial/runs/20260911-low-index-lean-513dc7cc/lean/rows/Row042/Layers036.lean
research/tasks/B699-Binomial/runs/20260911-low-index-lean-513dc7cc/lean/rows/Row042/Layers040.lean
research/tasks/B699-Binomial/runs/20260911-low-index-lean-513dc7cc/lean/rows/Row042/Layers044.lean
research/tasks/B699-Binomial/runs/20260911-low-index-lean-513dc7cc/lean/rows/Row042/Layers048.lean
research/tasks/B699-Binomial/runs/20260911-low-index-lean-513dc7cc/lean/rows/Row042/Layers052.lean
research/tasks/B699-Binomial/runs/20260911-low-index-lean-513dc7cc/lean/rows/Row042/Layers056.lean
research/tasks/B699-Binomial/runs/20260911-low-index-lean-513dc7cc/lean/rows/Row042/Layers060.lean
research/tasks/B699-Binomial/runs/20260911-low-index-lean-513dc7cc/lean/rows/Row042/Layers064.lean
research/tasks/B699-Binomial/runs/20260911-low-index-lean-513dc7cc/lean/rows/Row042/Layers068.lean
research/tasks/B699-Binomial/runs/20260911-low-index-lean-513dc7cc/lean/rows/Row042/Layers072.lean
research/tasks/B699-Binomial/runs/20260911-low-index-lean-513dc7cc/lean/rows/Row042/Layers076.lean
research/tasks/B699-Binomial/runs/20260911-low-index-lean-513dc7cc/lean/rows/Row042/Layers080.lean
research/tasks/B699-Binomial/runs/20260911-low-index-lean-513dc7cc/lean/rows/Row042/Layers084.lean
research/tasks/B699-Binomial/runs/20260911-low-index-lean-513dc7cc/lean/rows/Row042/Layers088.lean
research/tasks/B699-Binomial/runs/20260911-low-index-lean-513dc7cc/lean/rows/Row042/Layers092.lean
research/tasks/B699-Binomial/runs/20260911-low-index-lean-513dc7cc/lean/rows/Row042/LayersChecked.lean
research/tasks/B699-Binomial/runs/20260911-low-index-lean-513dc7cc/lean/rows/Row042/Checked.lean
research/tasks/B699-Binomial/runs/20260911-low-index-lean-513dc7cc/lean/rows/Row042/Original.lean
research/tasks/B699-Binomial/runs/20260911-low-index-lean-513dc7cc/lean/Row043Data.lean
research/tasks/B699-Binomial/runs/20260911-low-index-lean-513dc7cc/lean/rows/Row043/Metadata.lean
research/tasks/B699-Binomial/runs/20260911-low-index-lean-513dc7cc/lean/rows/Row043/Goods000.lean
research/tasks/B699-Binomial/runs/20260911-low-index-lean-513dc7cc/lean/rows/Row043/Goods016.lean
research/tasks/B699-Binomial/runs/20260911-low-index-lean-513dc7cc/lean/rows/Row043/Goods032.lean
research/tasks/B699-Binomial/runs/20260911-low-index-lean-513dc7cc/lean/rows/Row043/Goods048.lean
research/tasks/B699-Binomial/runs/20260911-low-index-lean-513dc7cc/lean/rows/Row043/Goods064.lean
research/tasks/B699-Binomial/runs/20260911-low-index-lean-513dc7cc/lean/rows/Row043/Goods080.lean
research/tasks/B699-Binomial/runs/20260911-low-index-lean-513dc7cc/lean/rows/Row043/Goods096.lean
research/tasks/B699-Binomial/runs/20260911-low-index-lean-513dc7cc/lean/rows/Row043/Goods112.lean
research/tasks/B699-Binomial/runs/20260911-low-index-lean-513dc7cc/lean/rows/Row043/Goods128.lean
research/tasks/B699-Binomial/runs/20260911-low-index-lean-513dc7cc/lean/rows/Row043/Goods144.lean
research/tasks/B699-Binomial/runs/20260911-low-index-lean-513dc7cc/lean/rows/Row043/Goods160.lean
research/tasks/B699-Binomial/runs/20260911-low-index-lean-513dc7cc/lean/rows/Row043/Goods176.lean
research/tasks/B699-Binomial/runs/20260911-low-index-lean-513dc7cc/lean/rows/Row043/Goods192.lean
research/tasks/B699-Binomial/runs/20260911-low-index-lean-513dc7cc/lean/rows/Row043/Goods208.lean
research/tasks/B699-Binomial/runs/20260911-low-index-lean-513dc7cc/lean/rows/Row043/Goods224.lean
research/tasks/B699-Binomial/runs/20260911-low-index-lean-513dc7cc/lean/rows/Row043/Goods240.lean
research/tasks/B699-Binomial/runs/20260911-low-index-lean-513dc7cc/lean/rows/Row043/Goods256.lean
research/tasks/B699-Binomial/runs/20260911-low-index-lean-513dc7cc/lean/rows/Row043/Goods272.lean
research/tasks/B699-Binomial/runs/20260911-low-index-lean-513dc7cc/lean/rows/Row043/Goods288.lean
research/tasks/B699-Binomial/runs/20260911-low-index-lean-513dc7cc/lean/rows/Row043/GoodsChecked.lean
research/tasks/B699-Binomial/runs/20260911-low-index-lean-513dc7cc/lean/rows/Row043/Geometry.lean
research/tasks/B699-Binomial/runs/20260911-low-index-lean-513dc7cc/lean/rows/Row043/Layer000Arithmetic.lean
research/tasks/B699-Binomial/runs/20260911-low-index-lean-513dc7cc/lean/rows/Row043/Layer000Data.lean
research/tasks/B699-Binomial/runs/20260911-low-index-lean-513dc7cc/lean/rows/Row043/Layer000Enumeration.lean
research/tasks/B699-Binomial/runs/20260911-low-index-lean-513dc7cc/lean/rows/Row043/Layer000PairBlock000.lean
research/tasks/B699-Binomial/runs/20260911-low-index-lean-513dc7cc/lean/rows/Row043/Layer000PairBlock001.lean
research/tasks/B699-Binomial/runs/20260911-low-index-lean-513dc7cc/lean/rows/Row043/Layer000PairBlock002.lean
research/tasks/B699-Binomial/runs/20260911-low-index-lean-513dc7cc/lean/rows/Row043/Layer000PairBlock003.lean
research/tasks/B699-Binomial/runs/20260911-low-index-lean-513dc7cc/lean/rows/Row043/Layer000PairBlock004.lean
research/tasks/B699-Binomial/runs/20260911-low-index-lean-513dc7cc/lean/rows/Row043/Layer000PairBlock005.lean
research/tasks/B699-Binomial/runs/20260911-low-index-lean-513dc7cc/lean/rows/Row043/Layer000PairBlock006.lean
research/tasks/B699-Binomial/runs/20260911-low-index-lean-513dc7cc/lean/rows/Row043/Layer000PairBlock007.lean
research/tasks/B699-Binomial/runs/20260911-low-index-lean-513dc7cc/lean/rows/Row043/Layer000PairBlock008.lean
research/tasks/B699-Binomial/runs/20260911-low-index-lean-513dc7cc/lean/rows/Row043/Layer000Pairs.lean
research/tasks/B699-Binomial/runs/20260911-low-index-lean-513dc7cc/lean/rows/Row043/Layer000Checked.lean
research/tasks/B699-Binomial/runs/20260911-low-index-lean-513dc7cc/lean/rows/Row043/Layer001Arithmetic.lean
research/tasks/B699-Binomial/runs/20260911-low-index-lean-513dc7cc/lean/rows/Row043/Layer001Data.lean
research/tasks/B699-Binomial/runs/20260911-low-index-lean-513dc7cc/lean/rows/Row043/Layer001Enumeration.lean
research/tasks/B699-Binomial/runs/20260911-low-index-lean-513dc7cc/lean/rows/Row043/Layer001PairBlock000.lean
research/tasks/B699-Binomial/runs/20260911-low-index-lean-513dc7cc/lean/rows/Row043/Layer001PairBlock001.lean
research/tasks/B699-Binomial/runs/20260911-low-index-lean-513dc7cc/lean/rows/Row043/Layer001PairBlock002.lean
research/tasks/B699-Binomial/runs/20260911-low-index-lean-513dc7cc/lean/rows/Row043/Layer001PairBlock003.lean
research/tasks/B699-Binomial/runs/20260911-low-index-lean-513dc7cc/lean/rows/Row043/Layer001PairBlock004.lean
research/tasks/B699-Binomial/runs/20260911-low-index-lean-513dc7cc/lean/rows/Row043/Layer001PairBlock005.lean
research/tasks/B699-Binomial/runs/20260911-low-index-lean-513dc7cc/lean/rows/Row043/Layer001PairBlock006.lean
research/tasks/B699-Binomial/runs/20260911-low-index-lean-513dc7cc/lean/rows/Row043/Layer001PairBlock007.lean
research/tasks/B699-Binomial/runs/20260911-low-index-lean-513dc7cc/lean/rows/Row043/Layer001PairBlock008.lean
research/tasks/B699-Binomial/runs/20260911-low-index-lean-513dc7cc/lean/rows/Row043/Layer001PairBlock009.lean
research/tasks/B699-Binomial/runs/20260911-low-index-lean-513dc7cc/lean/rows/Row043/Layer001PairBlock010.lean
research/tasks/B699-Binomial/runs/20260911-low-index-lean-513dc7cc/lean/rows/Row043/Layer001PairBlock011.lean
research/tasks/B699-Binomial/runs/20260911-low-index-lean-513dc7cc/lean/rows/Row043/Layer001Pairs.lean
research/tasks/B699-Binomial/runs/20260911-low-index-lean-513dc7cc/lean/rows/Row043/Layer001Checked.lean
research/tasks/B699-Binomial/runs/20260911-low-index-lean-513dc7cc/lean/rows/Row043/Layer002Arithmetic.lean
research/tasks/B699-Binomial/runs/20260911-low-index-lean-513dc7cc/lean/rows/Row043/Layer002Data.lean
research/tasks/B699-Binomial/runs/20260911-low-index-lean-513dc7cc/lean/rows/Row043/Layer002Enumeration.lean
research/tasks/B699-Binomial/runs/20260911-low-index-lean-513dc7cc/lean/rows/Row043/Layer002PairBlock000.lean
research/tasks/B699-Binomial/runs/20260911-low-index-lean-513dc7cc/lean/rows/Row043/Layer002PairBlock001.lean
research/tasks/B699-Binomial/runs/20260911-low-index-lean-513dc7cc/lean/rows/Row043/Layer002PairBlock002.lean
research/tasks/B699-Binomial/runs/20260911-low-index-lean-513dc7cc/lean/rows/Row043/Layer002PairBlock003.lean
research/tasks/B699-Binomial/runs/20260911-low-index-lean-513dc7cc/lean/rows/Row043/Layer002PairBlock004.lean
research/tasks/B699-Binomial/runs/20260911-low-index-lean-513dc7cc/lean/rows/Row043/Layer002PairBlock005.lean
research/tasks/B699-Binomial/runs/20260911-low-index-lean-513dc7cc/lean/rows/Row043/Layer002PairBlock006.lean
research/tasks/B699-Binomial/runs/20260911-low-index-lean-513dc7cc/lean/rows/Row043/Layer002PairBlock007.lean
research/tasks/B699-Binomial/runs/20260911-low-index-lean-513dc7cc/lean/rows/Row043/Layer002PairBlock008.lean
research/tasks/B699-Binomial/runs/20260911-low-index-lean-513dc7cc/lean/rows/Row043/Layer002PairBlock009.lean
research/tasks/B699-Binomial/runs/20260911-low-index-lean-513dc7cc/lean/rows/Row043/Layer002PairBlock010.lean
research/tasks/B699-Binomial/runs/20260911-low-index-lean-513dc7cc/lean/rows/Row043/Layer002Pairs.lean
research/tasks/B699-Binomial/runs/20260911-low-index-lean-513dc7cc/lean/rows/Row043/Layer002Checked.lean
research/tasks/B699-Binomial/runs/20260911-low-index-lean-513dc7cc/lean/rows/Row043/Layer003Arithmetic.lean
research/tasks/B699-Binomial/runs/20260911-low-index-lean-513dc7cc/lean/rows/Row043/Layer003Data.lean
research/tasks/B699-Binomial/runs/20260911-low-index-lean-513dc7cc/lean/rows/Row043/Layer003Enumeration.lean
research/tasks/B699-Binomial/runs/20260911-low-index-lean-513dc7cc/lean/rows/Row043/Layer003PairBlock000.lean
research/tasks/B699-Binomial/runs/20260911-low-index-lean-513dc7cc/lean/rows/Row043/Layer003PairBlock001.lean
research/tasks/B699-Binomial/runs/20260911-low-index-lean-513dc7cc/lean/rows/Row043/Layer003PairBlock002.lean
research/tasks/B699-Binomial/runs/20260911-low-index-lean-513dc7cc/lean/rows/Row043/Layer003PairBlock003.lean
research/tasks/B699-Binomial/runs/20260911-low-index-lean-513dc7cc/lean/rows/Row043/Layer003PairBlock004.lean
research/tasks/B699-Binomial/runs/20260911-low-index-lean-513dc7cc/lean/rows/Row043/Layer003PairBlock005.lean
research/tasks/B699-Binomial/runs/20260911-low-index-lean-513dc7cc/lean/rows/Row043/Layer003PairBlock006.lean
research/tasks/B699-Binomial/runs/20260911-low-index-lean-513dc7cc/lean/rows/Row043/Layer003PairBlock007.lean
research/tasks/B699-Binomial/runs/20260911-low-index-lean-513dc7cc/lean/rows/Row043/Layer003PairBlock008.lean
research/tasks/B699-Binomial/runs/20260911-low-index-lean-513dc7cc/lean/rows/Row043/Layer003PairBlock009.lean
research/tasks/B699-Binomial/runs/20260911-low-index-lean-513dc7cc/lean/rows/Row043/Layer003PairBlock010.lean
research/tasks/B699-Binomial/runs/20260911-low-index-lean-513dc7cc/lean/rows/Row043/Layer003Pairs.lean
research/tasks/B699-Binomial/runs/20260911-low-index-lean-513dc7cc/lean/rows/Row043/Layer003Checked.lean
research/tasks/B699-Binomial/runs/20260911-low-index-lean-513dc7cc/lean/rows/Row043/Layers000.lean
research/tasks/B699-Binomial/runs/20260911-low-index-lean-513dc7cc/lean/rows/Row043/Layer004Arithmetic.lean
research/tasks/B699-Binomial/runs/20260911-low-index-lean-513dc7cc/lean/rows/Row043/Layer004Data.lean
research/tasks/B699-Binomial/runs/20260911-low-index-lean-513dc7cc/lean/rows/Row043/Layer004Enumeration.lean
research/tasks/B699-Binomial/runs/20260911-low-index-lean-513dc7cc/lean/rows/Row043/Layer004PairBlock000.lean
research/tasks/B699-Binomial/runs/20260911-low-index-lean-513dc7cc/lean/rows/Row043/Layer004PairBlock001.lean
research/tasks/B699-Binomial/runs/20260911-low-index-lean-513dc7cc/lean/rows/Row043/Layer004PairBlock002.lean
research/tasks/B699-Binomial/runs/20260911-low-index-lean-513dc7cc/lean/rows/Row043/Layer004PairBlock003.lean
research/tasks/B699-Binomial/runs/20260911-low-index-lean-513dc7cc/lean/rows/Row043/Layer004PairBlock004.lean
research/tasks/B699-Binomial/runs/20260911-low-index-lean-513dc7cc/lean/rows/Row043/Layer004PairBlock005.lean
research/tasks/B699-Binomial/runs/20260911-low-index-lean-513dc7cc/lean/rows/Row043/Layer004PairBlock006.lean
research/tasks/B699-Binomial/runs/20260911-low-index-lean-513dc7cc/lean/rows/Row043/Layer004PairBlock007.lean
research/tasks/B699-Binomial/runs/20260911-low-index-lean-513dc7cc/lean/rows/Row043/Layer004Pairs.lean
research/tasks/B699-Binomial/runs/20260911-low-index-lean-513dc7cc/lean/rows/Row043/Layer004Checked.lean
research/tasks/B699-Binomial/runs/20260911-low-index-lean-513dc7cc/lean/rows/Row043/Layer005Arithmetic.lean
research/tasks/B699-Binomial/runs/20260911-low-index-lean-513dc7cc/lean/rows/Row043/Layer005Data.lean
research/tasks/B699-Binomial/runs/20260911-low-index-lean-513dc7cc/lean/rows/Row043/Layer005Enumeration.lean
research/tasks/B699-Binomial/runs/20260911-low-index-lean-513dc7cc/lean/rows/Row043/Layer005PairBlock000.lean
research/tasks/B699-Binomial/runs/20260911-low-index-lean-513dc7cc/lean/rows/Row043/Layer005PairBlock001.lean
research/tasks/B699-Binomial/runs/20260911-low-index-lean-513dc7cc/lean/rows/Row043/Layer005PairBlock002.lean
research/tasks/B699-Binomial/runs/20260911-low-index-lean-513dc7cc/lean/rows/Row043/Layer005PairBlock003.lean
research/tasks/B699-Binomial/runs/20260911-low-index-lean-513dc7cc/lean/rows/Row043/Layer005PairBlock004.lean
research/tasks/B699-Binomial/runs/20260911-low-index-lean-513dc7cc/lean/rows/Row043/Layer005PairBlock005.lean
research/tasks/B699-Binomial/runs/20260911-low-index-lean-513dc7cc/lean/rows/Row043/Layer005Pairs.lean
research/tasks/B699-Binomial/runs/20260911-low-index-lean-513dc7cc/lean/rows/Row043/Layer005Checked.lean
research/tasks/B699-Binomial/runs/20260911-low-index-lean-513dc7cc/lean/rows/Row043/Layer006Arithmetic.lean
research/tasks/B699-Binomial/runs/20260911-low-index-lean-513dc7cc/lean/rows/Row043/Layer006Data.lean
research/tasks/B699-Binomial/runs/20260911-low-index-lean-513dc7cc/lean/rows/Row043/Layer006Enumeration.lean
research/tasks/B699-Binomial/runs/20260911-low-index-lean-513dc7cc/lean/rows/Row043/Layer006PairBlock000.lean
research/tasks/B699-Binomial/runs/20260911-low-index-lean-513dc7cc/lean/rows/Row043/Layer006PairBlock001.lean
research/tasks/B699-Binomial/runs/20260911-low-index-lean-513dc7cc/lean/rows/Row043/Layer006PairBlock002.lean
research/tasks/B699-Binomial/runs/20260911-low-index-lean-513dc7cc/lean/rows/Row043/Layer006PairBlock003.lean
research/tasks/B699-Binomial/runs/20260911-low-index-lean-513dc7cc/lean/rows/Row043/Layer006PairBlock004.lean
research/tasks/B699-Binomial/runs/20260911-low-index-lean-513dc7cc/lean/rows/Row043/Layer006PairBlock005.lean
research/tasks/B699-Binomial/runs/20260911-low-index-lean-513dc7cc/lean/rows/Row043/Layer006PairBlock006.lean
research/tasks/B699-Binomial/runs/20260911-low-index-lean-513dc7cc/lean/rows/Row043/Layer006Pairs.lean
research/tasks/B699-Binomial/runs/20260911-low-index-lean-513dc7cc/lean/rows/Row043/Layer006Checked.lean
research/tasks/B699-Binomial/runs/20260911-low-index-lean-513dc7cc/lean/rows/Row043/Layer007Arithmetic.lean
research/tasks/B699-Binomial/runs/20260911-low-index-lean-513dc7cc/lean/rows/Row043/Layer007Data.lean
research/tasks/B699-Binomial/runs/20260911-low-index-lean-513dc7cc/lean/rows/Row043/Layer007Enumeration.lean
research/tasks/B699-Binomial/runs/20260911-low-index-lean-513dc7cc/lean/rows/Row043/Layer007PairBlock000.lean
research/tasks/B699-Binomial/runs/20260911-low-index-lean-513dc7cc/lean/rows/Row043/Layer007PairBlock001.lean
research/tasks/B699-Binomial/runs/20260911-low-index-lean-513dc7cc/lean/rows/Row043/Layer007PairBlock002.lean
research/tasks/B699-Binomial/runs/20260911-low-index-lean-513dc7cc/lean/rows/Row043/Layer007PairBlock003.lean
research/tasks/B699-Binomial/runs/20260911-low-index-lean-513dc7cc/lean/rows/Row043/Layer007PairBlock004.lean
research/tasks/B699-Binomial/runs/20260911-low-index-lean-513dc7cc/lean/rows/Row043/Layer007PairBlock005.lean
research/tasks/B699-Binomial/runs/20260911-low-index-lean-513dc7cc/lean/rows/Row043/Layer007PairBlock006.lean
research/tasks/B699-Binomial/runs/20260911-low-index-lean-513dc7cc/lean/rows/Row043/Layer007PairBlock007.lean
research/tasks/B699-Binomial/runs/20260911-low-index-lean-513dc7cc/lean/rows/Row043/Layer007Pairs.lean
research/tasks/B699-Binomial/runs/20260911-low-index-lean-513dc7cc/lean/rows/Row043/Layer007Checked.lean
research/tasks/B699-Binomial/runs/20260911-low-index-lean-513dc7cc/lean/rows/Row043/Layers004.lean
research/tasks/B699-Binomial/runs/20260911-low-index-lean-513dc7cc/lean/rows/Row043/Layer008Arithmetic.lean
research/tasks/B699-Binomial/runs/20260911-low-index-lean-513dc7cc/lean/rows/Row043/Layer008Data.lean
research/tasks/B699-Binomial/runs/20260911-low-index-lean-513dc7cc/lean/rows/Row043/Layer008Enumeration.lean
research/tasks/B699-Binomial/runs/20260911-low-index-lean-513dc7cc/lean/rows/Row043/Layer008PairBlock000.lean
research/tasks/B699-Binomial/runs/20260911-low-index-lean-513dc7cc/lean/rows/Row043/Layer008PairBlock001.lean
research/tasks/B699-Binomial/runs/20260911-low-index-lean-513dc7cc/lean/rows/Row043/Layer008PairBlock002.lean
research/tasks/B699-Binomial/runs/20260911-low-index-lean-513dc7cc/lean/rows/Row043/Layer008PairBlock003.lean
research/tasks/B699-Binomial/runs/20260911-low-index-lean-513dc7cc/lean/rows/Row043/Layer008PairBlock004.lean
research/tasks/B699-Binomial/runs/20260911-low-index-lean-513dc7cc/lean/rows/Row043/Layer008PairBlock005.lean
research/tasks/B699-Binomial/runs/20260911-low-index-lean-513dc7cc/lean/rows/Row043/Layer008PairBlock006.lean
research/tasks/B699-Binomial/runs/20260911-low-index-lean-513dc7cc/lean/rows/Row043/Layer008Pairs.lean
research/tasks/B699-Binomial/runs/20260911-low-index-lean-513dc7cc/lean/rows/Row043/Layer008Checked.lean
research/tasks/B699-Binomial/runs/20260911-low-index-lean-513dc7cc/lean/rows/Row043/Layer009Arithmetic.lean
research/tasks/B699-Binomial/runs/20260911-low-index-lean-513dc7cc/lean/rows/Row043/Layer009Data.lean
research/tasks/B699-Binomial/runs/20260911-low-index-lean-513dc7cc/lean/rows/Row043/Layer009Enumeration.lean
research/tasks/B699-Binomial/runs/20260911-low-index-lean-513dc7cc/lean/rows/Row043/Layer009PairBlock000.lean
research/tasks/B699-Binomial/runs/20260911-low-index-lean-513dc7cc/lean/rows/Row043/Layer009PairBlock001.lean
research/tasks/B699-Binomial/runs/20260911-low-index-lean-513dc7cc/lean/rows/Row043/Layer009PairBlock002.lean
research/tasks/B699-Binomial/runs/20260911-low-index-lean-513dc7cc/lean/rows/Row043/Layer009PairBlock003.lean
research/tasks/B699-Binomial/runs/20260911-low-index-lean-513dc7cc/lean/rows/Row043/Layer009PairBlock004.lean
research/tasks/B699-Binomial/runs/20260911-low-index-lean-513dc7cc/lean/rows/Row043/Layer009PairBlock005.lean
research/tasks/B699-Binomial/runs/20260911-low-index-lean-513dc7cc/lean/rows/Row043/Layer009PairBlock006.lean
research/tasks/B699-Binomial/runs/20260911-low-index-lean-513dc7cc/lean/rows/Row043/Layer009Pairs.lean
research/tasks/B699-Binomial/runs/20260911-low-index-lean-513dc7cc/lean/rows/Row043/Layer009Checked.lean
research/tasks/B699-Binomial/runs/20260911-low-index-lean-513dc7cc/lean/rows/Row043/Layer010Arithmetic.lean
research/tasks/B699-Binomial/runs/20260911-low-index-lean-513dc7cc/lean/rows/Row043/Layer010Data.lean
research/tasks/B699-Binomial/runs/20260911-low-index-lean-513dc7cc/lean/rows/Row043/Layer010Enumeration.lean
research/tasks/B699-Binomial/runs/20260911-low-index-lean-513dc7cc/lean/rows/Row043/Layer010PairBlock000.lean
research/tasks/B699-Binomial/runs/20260911-low-index-lean-513dc7cc/lean/rows/Row043/Layer010PairBlock001.lean
research/tasks/B699-Binomial/runs/20260911-low-index-lean-513dc7cc/lean/rows/Row043/Layer010PairBlock002.lean
research/tasks/B699-Binomial/runs/20260911-low-index-lean-513dc7cc/lean/rows/Row043/Layer010PairBlock003.lean
research/tasks/B699-Binomial/runs/20260911-low-index-lean-513dc7cc/lean/rows/Row043/Layer010PairBlock004.lean
research/tasks/B699-Binomial/runs/20260911-low-index-lean-513dc7cc/lean/rows/Row043/Layer010PairBlock005.lean
research/tasks/B699-Binomial/runs/20260911-low-index-lean-513dc7cc/lean/rows/Row043/Layer010Pairs.lean
research/tasks/B699-Binomial/runs/20260911-low-index-lean-513dc7cc/lean/rows/Row043/Layer010Checked.lean
research/tasks/B699-Binomial/runs/20260911-low-index-lean-513dc7cc/lean/rows/Row043/Layer011Arithmetic.lean
research/tasks/B699-Binomial/runs/20260911-low-index-lean-513dc7cc/lean/rows/Row043/Layer011Data.lean
research/tasks/B699-Binomial/runs/20260911-low-index-lean-513dc7cc/lean/rows/Row043/Layer011Enumeration.lean
research/tasks/B699-Binomial/runs/20260911-low-index-lean-513dc7cc/lean/rows/Row043/Layer011PairBlock000.lean
research/tasks/B699-Binomial/runs/20260911-low-index-lean-513dc7cc/lean/rows/Row043/Layer011PairBlock001.lean
research/tasks/B699-Binomial/runs/20260911-low-index-lean-513dc7cc/lean/rows/Row043/Layer011PairBlock002.lean
research/tasks/B699-Binomial/runs/20260911-low-index-lean-513dc7cc/lean/rows/Row043/Layer011PairBlock003.lean
research/tasks/B699-Binomial/runs/20260911-low-index-lean-513dc7cc/lean/rows/Row043/Layer011PairBlock004.lean
research/tasks/B699-Binomial/runs/20260911-low-index-lean-513dc7cc/lean/rows/Row043/Layer011PairBlock005.lean
research/tasks/B699-Binomial/runs/20260911-low-index-lean-513dc7cc/lean/rows/Row043/Layer011Pairs.lean
research/tasks/B699-Binomial/runs/20260911-low-index-lean-513dc7cc/lean/rows/Row043/Layer011Checked.lean
research/tasks/B699-Binomial/runs/20260911-low-index-lean-513dc7cc/lean/rows/Row043/Layers008.lean
research/tasks/B699-Binomial/runs/20260911-low-index-lean-513dc7cc/lean/rows/Row043/Layer012Arithmetic.lean
research/tasks/B699-Binomial/runs/20260911-low-index-lean-513dc7cc/lean/rows/Row043/Layer012Data.lean
research/tasks/B699-Binomial/runs/20260911-low-index-lean-513dc7cc/lean/rows/Row043/Layer012Enumeration.lean
research/tasks/B699-Binomial/runs/20260911-low-index-lean-513dc7cc/lean/rows/Row043/Layer012PairBlock000.lean
research/tasks/B699-Binomial/runs/20260911-low-index-lean-513dc7cc/lean/rows/Row043/Layer012PairBlock001.lean
research/tasks/B699-Binomial/runs/20260911-low-index-lean-513dc7cc/lean/rows/Row043/Layer012PairBlock002.lean
research/tasks/B699-Binomial/runs/20260911-low-index-lean-513dc7cc/lean/rows/Row043/Layer012PairBlock003.lean
research/tasks/B699-Binomial/runs/20260911-low-index-lean-513dc7cc/lean/rows/Row043/Layer012PairBlock004.lean
research/tasks/B699-Binomial/runs/20260911-low-index-lean-513dc7cc/lean/rows/Row043/Layer012PairBlock005.lean
research/tasks/B699-Binomial/runs/20260911-low-index-lean-513dc7cc/lean/rows/Row043/Layer012Pairs.lean
research/tasks/B699-Binomial/runs/20260911-low-index-lean-513dc7cc/lean/rows/Row043/Layer012Checked.lean
research/tasks/B699-Binomial/runs/20260911-low-index-lean-513dc7cc/lean/rows/Row043/Layer013Arithmetic.lean
research/tasks/B699-Binomial/runs/20260911-low-index-lean-513dc7cc/lean/rows/Row043/Layer013Data.lean
research/tasks/B699-Binomial/runs/20260911-low-index-lean-513dc7cc/lean/rows/Row043/Layer013Enumeration.lean
research/tasks/B699-Binomial/runs/20260911-low-index-lean-513dc7cc/lean/rows/Row043/Layer013PairBlock000.lean
research/tasks/B699-Binomial/runs/20260911-low-index-lean-513dc7cc/lean/rows/Row043/Layer013PairBlock001.lean
research/tasks/B699-Binomial/runs/20260911-low-index-lean-513dc7cc/lean/rows/Row043/Layer013PairBlock002.lean
research/tasks/B699-Binomial/runs/20260911-low-index-lean-513dc7cc/lean/rows/Row043/Layer013PairBlock003.lean
research/tasks/B699-Binomial/runs/20260911-low-index-lean-513dc7cc/lean/rows/Row043/Layer013PairBlock004.lean
research/tasks/B699-Binomial/runs/20260911-low-index-lean-513dc7cc/lean/rows/Row043/Layer013PairBlock005.lean
research/tasks/B699-Binomial/runs/20260911-low-index-lean-513dc7cc/lean/rows/Row043/Layer013Pairs.lean
research/tasks/B699-Binomial/runs/20260911-low-index-lean-513dc7cc/lean/rows/Row043/Layer013Checked.lean
research/tasks/B699-Binomial/runs/20260911-low-index-lean-513dc7cc/lean/rows/Row043/Layer014Arithmetic.lean
research/tasks/B699-Binomial/runs/20260911-low-index-lean-513dc7cc/lean/rows/Row043/Layer014Data.lean
research/tasks/B699-Binomial/runs/20260911-low-index-lean-513dc7cc/lean/rows/Row043/Layer014Enumeration.lean
research/tasks/B699-Binomial/runs/20260911-low-index-lean-513dc7cc/lean/rows/Row043/Layer014PairBlock000.lean
research/tasks/B699-Binomial/runs/20260911-low-index-lean-513dc7cc/lean/rows/Row043/Layer014PairBlock001.lean
research/tasks/B699-Binomial/runs/20260911-low-index-lean-513dc7cc/lean/rows/Row043/Layer014PairBlock002.lean
research/tasks/B699-Binomial/runs/20260911-low-index-lean-513dc7cc/lean/rows/Row043/Layer014PairBlock003.lean
research/tasks/B699-Binomial/runs/20260911-low-index-lean-513dc7cc/lean/rows/Row043/Layer014PairBlock004.lean
research/tasks/B699-Binomial/runs/20260911-low-index-lean-513dc7cc/lean/rows/Row043/Layer014Pairs.lean
research/tasks/B699-Binomial/runs/20260911-low-index-lean-513dc7cc/lean/rows/Row043/Layer014Checked.lean
research/tasks/B699-Binomial/runs/20260911-low-index-lean-513dc7cc/lean/rows/Row043/Layers012.lean
research/tasks/B699-Binomial/runs/20260911-low-index-lean-513dc7cc/lean/rows/Row043/Layers016.lean
research/tasks/B699-Binomial/runs/20260911-low-index-lean-513dc7cc/lean/rows/Row043/Layers020.lean
research/tasks/B699-Binomial/runs/20260911-low-index-lean-513dc7cc/lean/rows/Row043/Layers024.lean
research/tasks/B699-Binomial/runs/20260911-low-index-lean-513dc7cc/lean/rows/Row043/Layers028.lean
research/tasks/B699-Binomial/runs/20260911-low-index-lean-513dc7cc/lean/rows/Row043/Layers032.lean
research/tasks/B699-Binomial/runs/20260911-low-index-lean-513dc7cc/lean/rows/Row043/Layers036.lean
research/tasks/B699-Binomial/runs/20260911-low-index-lean-513dc7cc/lean/rows/Row043/Layers040.lean
research/tasks/B699-Binomial/runs/20260911-low-index-lean-513dc7cc/lean/rows/Row043/Layers044.lean
research/tasks/B699-Binomial/runs/20260911-low-index-lean-513dc7cc/lean/rows/Row043/Layers048.lean
research/tasks/B699-Binomial/runs/20260911-low-index-lean-513dc7cc/lean/rows/Row043/Layers052.lean
research/tasks/B699-Binomial/runs/20260911-low-index-lean-513dc7cc/lean/rows/Row043/Layers056.lean
research/tasks/B699-Binomial/runs/20260911-low-index-lean-513dc7cc/lean/rows/Row043/Layers060.lean
research/tasks/B699-Binomial/runs/20260911-low-index-lean-513dc7cc/lean/rows/Row043/LayersChecked.lean
research/tasks/B699-Binomial/runs/20260911-low-index-lean-513dc7cc/lean/rows/Row043/Checked.lean
research/tasks/B699-Binomial/runs/20260911-low-index-lean-513dc7cc/lean/rows/Row043/Original.lean
research/tasks/B699-Binomial/runs/20260911-low-index-lean-513dc7cc/lean/Row044Data.lean
research/tasks/B699-Binomial/runs/20260911-low-index-lean-513dc7cc/lean/rows/Row044/Metadata.lean
research/tasks/B699-Binomial/runs/20260911-low-index-lean-513dc7cc/lean/rows/Row044/Goods000.lean
research/tasks/B699-Binomial/runs/20260911-low-index-lean-513dc7cc/lean/rows/Row044/Goods016.lean
research/tasks/B699-Binomial/runs/20260911-low-index-lean-513dc7cc/lean/rows/Row044/Goods032.lean
research/tasks/B699-Binomial/runs/20260911-low-index-lean-513dc7cc/lean/rows/Row044/Goods048.lean
research/tasks/B699-Binomial/runs/20260911-low-index-lean-513dc7cc/lean/rows/Row044/Goods064.lean
research/tasks/B699-Binomial/runs/20260911-low-index-lean-513dc7cc/lean/rows/Row044/Goods080.lean
research/tasks/B699-Binomial/runs/20260911-low-index-lean-513dc7cc/lean/rows/Row044/Goods096.lean
research/tasks/B699-Binomial/runs/20260911-low-index-lean-513dc7cc/lean/rows/Row044/Goods112.lean
research/tasks/B699-Binomial/runs/20260911-low-index-lean-513dc7cc/lean/rows/Row044/Goods128.lean
research/tasks/B699-Binomial/runs/20260911-low-index-lean-513dc7cc/lean/rows/Row044/Goods144.lean
research/tasks/B699-Binomial/runs/20260911-low-index-lean-513dc7cc/lean/rows/Row044/Goods160.lean
research/tasks/B699-Binomial/runs/20260911-low-index-lean-513dc7cc/lean/rows/Row044/Goods176.lean
research/tasks/B699-Binomial/runs/20260911-low-index-lean-513dc7cc/lean/rows/Row044/Goods192.lean
research/tasks/B699-Binomial/runs/20260911-low-index-lean-513dc7cc/lean/rows/Row044/Goods208.lean
research/tasks/B699-Binomial/runs/20260911-low-index-lean-513dc7cc/lean/rows/Row044/Goods224.lean
research/tasks/B699-Binomial/runs/20260911-low-index-lean-513dc7cc/lean/rows/Row044/Goods240.lean
research/tasks/B699-Binomial/runs/20260911-low-index-lean-513dc7cc/lean/rows/Row044/Goods256.lean
research/tasks/B699-Binomial/runs/20260911-low-index-lean-513dc7cc/lean/rows/Row044/Goods272.lean
research/tasks/B699-Binomial/runs/20260911-low-index-lean-513dc7cc/lean/rows/Row044/Goods288.lean
research/tasks/B699-Binomial/runs/20260911-low-index-lean-513dc7cc/lean/rows/Row044/Goods304.lean
research/tasks/B699-Binomial/runs/20260911-low-index-lean-513dc7cc/lean/rows/Row044/Goods320.lean
research/tasks/B699-Binomial/runs/20260911-low-index-lean-513dc7cc/lean/rows/Row044/Goods336.lean
research/tasks/B699-Binomial/runs/20260911-low-index-lean-513dc7cc/lean/rows/Row044/Goods352.lean
research/tasks/B699-Binomial/runs/20260911-low-index-lean-513dc7cc/lean/rows/Row044/GoodsChecked.lean
research/tasks/B699-Binomial/runs/20260911-low-index-lean-513dc7cc/lean/rows/Row044/Geometry.lean
research/tasks/B699-Binomial/runs/20260911-low-index-lean-513dc7cc/lean/rows/Row044/Layer000Arithmetic.lean
research/tasks/B699-Binomial/runs/20260911-low-index-lean-513dc7cc/lean/rows/Row044/Layer000Data.lean
research/tasks/B699-Binomial/runs/20260911-low-index-lean-513dc7cc/lean/rows/Row044/Layer000Enumeration.lean
research/tasks/B699-Binomial/runs/20260911-low-index-lean-513dc7cc/lean/rows/Row044/Layer000PairBlock000.lean
research/tasks/B699-Binomial/runs/20260911-low-index-lean-513dc7cc/lean/rows/Row044/Layer000PairBlock001.lean
research/tasks/B699-Binomial/runs/20260911-low-index-lean-513dc7cc/lean/rows/Row044/Layer000PairBlock002.lean
research/tasks/B699-Binomial/runs/20260911-low-index-lean-513dc7cc/lean/rows/Row044/Layer000PairBlock003.lean
research/tasks/B699-Binomial/runs/20260911-low-index-lean-513dc7cc/lean/rows/Row044/Layer000PairBlock004.lean
research/tasks/B699-Binomial/runs/20260911-low-index-lean-513dc7cc/lean/rows/Row044/Layer000PairBlock005.lean
research/tasks/B699-Binomial/runs/20260911-low-index-lean-513dc7cc/lean/rows/Row044/Layer000PairBlock006.lean
research/tasks/B699-Binomial/runs/20260911-low-index-lean-513dc7cc/lean/rows/Row044/Layer000PairBlock007.lean
research/tasks/B699-Binomial/runs/20260911-low-index-lean-513dc7cc/lean/rows/Row044/Layer000Pairs.lean
research/tasks/B699-Binomial/runs/20260911-low-index-lean-513dc7cc/lean/rows/Row044/Layer000Checked.lean
research/tasks/B699-Binomial/runs/20260911-low-index-lean-513dc7cc/lean/rows/Row044/Layer001Arithmetic.lean
research/tasks/B699-Binomial/runs/20260911-low-index-lean-513dc7cc/lean/rows/Row044/Layer001Data.lean
research/tasks/B699-Binomial/runs/20260911-low-index-lean-513dc7cc/lean/rows/Row044/Layer001Enumeration.lean
research/tasks/B699-Binomial/runs/20260911-low-index-lean-513dc7cc/lean/rows/Row044/Layer001PairBlock000.lean
research/tasks/B699-Binomial/runs/20260911-low-index-lean-513dc7cc/lean/rows/Row044/Layer001PairBlock001.lean
research/tasks/B699-Binomial/runs/20260911-low-index-lean-513dc7cc/lean/rows/Row044/Layer001PairBlock002.lean
research/tasks/B699-Binomial/runs/20260911-low-index-lean-513dc7cc/lean/rows/Row044/Layer001PairBlock003.lean
research/tasks/B699-Binomial/runs/20260911-low-index-lean-513dc7cc/lean/rows/Row044/Layer001PairBlock004.lean
research/tasks/B699-Binomial/runs/20260911-low-index-lean-513dc7cc/lean/rows/Row044/Layer001PairBlock005.lean
research/tasks/B699-Binomial/runs/20260911-low-index-lean-513dc7cc/lean/rows/Row044/Layer001PairBlock006.lean
research/tasks/B699-Binomial/runs/20260911-low-index-lean-513dc7cc/lean/rows/Row044/Layer001PairBlock007.lean
research/tasks/B699-Binomial/runs/20260911-low-index-lean-513dc7cc/lean/rows/Row044/Layer001PairBlock008.lean
research/tasks/B699-Binomial/runs/20260911-low-index-lean-513dc7cc/lean/rows/Row044/Layer001PairBlock009.lean
research/tasks/B699-Binomial/runs/20260911-low-index-lean-513dc7cc/lean/rows/Row044/Layer001PairBlock010.lean
research/tasks/B699-Binomial/runs/20260911-low-index-lean-513dc7cc/lean/rows/Row044/Layer001PairBlock011.lean
research/tasks/B699-Binomial/runs/20260911-low-index-lean-513dc7cc/lean/rows/Row044/Layer001Pairs.lean
research/tasks/B699-Binomial/runs/20260911-low-index-lean-513dc7cc/lean/rows/Row044/Layer001Checked.lean
research/tasks/B699-Binomial/runs/20260911-low-index-lean-513dc7cc/lean/rows/Row044/Layer002Arithmetic.lean
research/tasks/B699-Binomial/runs/20260911-low-index-lean-513dc7cc/lean/rows/Row044/Layer002Data.lean
research/tasks/B699-Binomial/runs/20260911-low-index-lean-513dc7cc/lean/rows/Row044/Layer002Enumeration.lean
research/tasks/B699-Binomial/runs/20260911-low-index-lean-513dc7cc/lean/rows/Row044/Layer002PairBlock000.lean
research/tasks/B699-Binomial/runs/20260911-low-index-lean-513dc7cc/lean/rows/Row044/Layer002PairBlock001.lean
research/tasks/B699-Binomial/runs/20260911-low-index-lean-513dc7cc/lean/rows/Row044/Layer002PairBlock002.lean
research/tasks/B699-Binomial/runs/20260911-low-index-lean-513dc7cc/lean/rows/Row044/Layer002PairBlock003.lean
research/tasks/B699-Binomial/runs/20260911-low-index-lean-513dc7cc/lean/rows/Row044/Layer002PairBlock004.lean
research/tasks/B699-Binomial/runs/20260911-low-index-lean-513dc7cc/lean/rows/Row044/Layer002PairBlock005.lean
research/tasks/B699-Binomial/runs/20260911-low-index-lean-513dc7cc/lean/rows/Row044/Layer002PairBlock006.lean
research/tasks/B699-Binomial/runs/20260911-low-index-lean-513dc7cc/lean/rows/Row044/Layer002PairBlock007.lean
research/tasks/B699-Binomial/runs/20260911-low-index-lean-513dc7cc/lean/rows/Row044/Layer002PairBlock008.lean
research/tasks/B699-Binomial/runs/20260911-low-index-lean-513dc7cc/lean/rows/Row044/Layer002PairBlock009.lean
research/tasks/B699-Binomial/runs/20260911-low-index-lean-513dc7cc/lean/rows/Row044/Layer002PairBlock010.lean
research/tasks/B699-Binomial/runs/20260911-low-index-lean-513dc7cc/lean/rows/Row044/Layer002PairBlock011.lean
research/tasks/B699-Binomial/runs/20260911-low-index-lean-513dc7cc/lean/rows/Row044/Layer002PairBlock012.lean
research/tasks/B699-Binomial/runs/20260911-low-index-lean-513dc7cc/lean/rows/Row044/Layer002PairBlock013.lean
research/tasks/B699-Binomial/runs/20260911-low-index-lean-513dc7cc/lean/rows/Row044/Layer002PairBlock014.lean
research/tasks/B699-Binomial/runs/20260911-low-index-lean-513dc7cc/lean/rows/Row044/Layer002PairBlock015.lean
research/tasks/B699-Binomial/runs/20260911-low-index-lean-513dc7cc/lean/rows/Row044/Layer002Pairs.lean
research/tasks/B699-Binomial/runs/20260911-low-index-lean-513dc7cc/lean/rows/Row044/Layer002Checked.lean
research/tasks/B699-Binomial/runs/20260911-low-index-lean-513dc7cc/lean/rows/Row044/Layer003Arithmetic.lean
research/tasks/B699-Binomial/runs/20260911-low-index-lean-513dc7cc/lean/rows/Row044/Layer003Data.lean
research/tasks/B699-Binomial/runs/20260911-low-index-lean-513dc7cc/lean/rows/Row044/Layer003Enumeration.lean
research/tasks/B699-Binomial/runs/20260911-low-index-lean-513dc7cc/lean/rows/Row044/Layer003PairBlock000.lean
research/tasks/B699-Binomial/runs/20260911-low-index-lean-513dc7cc/lean/rows/Row044/Layer003PairBlock001.lean
research/tasks/B699-Binomial/runs/20260911-low-index-lean-513dc7cc/lean/rows/Row044/Layer003PairBlock002.lean
research/tasks/B699-Binomial/runs/20260911-low-index-lean-513dc7cc/lean/rows/Row044/Layer003PairBlock003.lean
research/tasks/B699-Binomial/runs/20260911-low-index-lean-513dc7cc/lean/rows/Row044/Layer003PairBlock004.lean
research/tasks/B699-Binomial/runs/20260911-low-index-lean-513dc7cc/lean/rows/Row044/Layer003PairBlock005.lean
research/tasks/B699-Binomial/runs/20260911-low-index-lean-513dc7cc/lean/rows/Row044/Layer003PairBlock006.lean
research/tasks/B699-Binomial/runs/20260911-low-index-lean-513dc7cc/lean/rows/Row044/Layer003PairBlock007.lean
research/tasks/B699-Binomial/runs/20260911-low-index-lean-513dc7cc/lean/rows/Row044/Layer003PairBlock008.lean
research/tasks/B699-Binomial/runs/20260911-low-index-lean-513dc7cc/lean/rows/Row044/Layer003PairBlock009.lean
research/tasks/B699-Binomial/runs/20260911-low-index-lean-513dc7cc/lean/rows/Row044/Layer003PairBlock010.lean
research/tasks/B699-Binomial/runs/20260911-low-index-lean-513dc7cc/lean/rows/Row044/Layer003PairBlock011.lean
research/tasks/B699-Binomial/runs/20260911-low-index-lean-513dc7cc/lean/rows/Row044/Layer003PairBlock012.lean
research/tasks/B699-Binomial/runs/20260911-low-index-lean-513dc7cc/lean/rows/Row044/Layer003PairBlock013.lean
research/tasks/B699-Binomial/runs/20260911-low-index-lean-513dc7cc/lean/rows/Row044/Layer003PairBlock014.lean
research/tasks/B699-Binomial/runs/20260911-low-index-lean-513dc7cc/lean/rows/Row044/Layer003Pairs.lean
research/tasks/B699-Binomial/runs/20260911-low-index-lean-513dc7cc/lean/rows/Row044/Layer003Checked.lean
research/tasks/B699-Binomial/runs/20260911-low-index-lean-513dc7cc/lean/rows/Row044/Layers000.lean
research/tasks/B699-Binomial/runs/20260911-low-index-lean-513dc7cc/lean/rows/Row044/Layer004Arithmetic.lean
research/tasks/B699-Binomial/runs/20260911-low-index-lean-513dc7cc/lean/rows/Row044/Layer004Data.lean
research/tasks/B699-Binomial/runs/20260911-low-index-lean-513dc7cc/lean/rows/Row044/Layer004Enumeration.lean
research/tasks/B699-Binomial/runs/20260911-low-index-lean-513dc7cc/lean/rows/Row044/Layer004PairBlock000.lean
research/tasks/B699-Binomial/runs/20260911-low-index-lean-513dc7cc/lean/rows/Row044/Layer004PairBlock001.lean
research/tasks/B699-Binomial/runs/20260911-low-index-lean-513dc7cc/lean/rows/Row044/Layer004PairBlock002.lean
research/tasks/B699-Binomial/runs/20260911-low-index-lean-513dc7cc/lean/rows/Row044/Layer004PairBlock003.lean
research/tasks/B699-Binomial/runs/20260911-low-index-lean-513dc7cc/lean/rows/Row044/Layer004PairBlock004.lean
research/tasks/B699-Binomial/runs/20260911-low-index-lean-513dc7cc/lean/rows/Row044/Layer004PairBlock005.lean
research/tasks/B699-Binomial/runs/20260911-low-index-lean-513dc7cc/lean/rows/Row044/Layer004PairBlock006.lean
research/tasks/B699-Binomial/runs/20260911-low-index-lean-513dc7cc/lean/rows/Row044/Layer004PairBlock007.lean
research/tasks/B699-Binomial/runs/20260911-low-index-lean-513dc7cc/lean/rows/Row044/Layer004PairBlock008.lean
research/tasks/B699-Binomial/runs/20260911-low-index-lean-513dc7cc/lean/rows/Row044/Layer004PairBlock009.lean
research/tasks/B699-Binomial/runs/20260911-low-index-lean-513dc7cc/lean/rows/Row044/Layer004PairBlock010.lean
research/tasks/B699-Binomial/runs/20260911-low-index-lean-513dc7cc/lean/rows/Row044/Layer004PairBlock011.lean
research/tasks/B699-Binomial/runs/20260911-low-index-lean-513dc7cc/lean/rows/Row044/Layer004PairBlock012.lean
research/tasks/B699-Binomial/runs/20260911-low-index-lean-513dc7cc/lean/rows/Row044/Layer004PairBlock013.lean
research/tasks/B699-Binomial/runs/20260911-low-index-lean-513dc7cc/lean/rows/Row044/Layer004Pairs.lean
research/tasks/B699-Binomial/runs/20260911-low-index-lean-513dc7cc/lean/rows/Row044/Layer004Checked.lean
research/tasks/B699-Binomial/runs/20260911-low-index-lean-513dc7cc/lean/rows/Row044/Layer005Arithmetic.lean
research/tasks/B699-Binomial/runs/20260911-low-index-lean-513dc7cc/lean/rows/Row044/Layer005Data.lean
research/tasks/B699-Binomial/runs/20260911-low-index-lean-513dc7cc/lean/rows/Row044/Layer005Enumeration.lean
research/tasks/B699-Binomial/runs/20260911-low-index-lean-513dc7cc/lean/rows/Row044/Layer005PairBlock000.lean
research/tasks/B699-Binomial/runs/20260911-low-index-lean-513dc7cc/lean/rows/Row044/Layer005PairBlock001.lean
research/tasks/B699-Binomial/runs/20260911-low-index-lean-513dc7cc/lean/rows/Row044/Layer005PairBlock002.lean
research/tasks/B699-Binomial/runs/20260911-low-index-lean-513dc7cc/lean/rows/Row044/Layer005PairBlock003.lean
research/tasks/B699-Binomial/runs/20260911-low-index-lean-513dc7cc/lean/rows/Row044/Layer005PairBlock004.lean
research/tasks/B699-Binomial/runs/20260911-low-index-lean-513dc7cc/lean/rows/Row044/Layer005PairBlock005.lean
research/tasks/B699-Binomial/runs/20260911-low-index-lean-513dc7cc/lean/rows/Row044/Layer005PairBlock006.lean
research/tasks/B699-Binomial/runs/20260911-low-index-lean-513dc7cc/lean/rows/Row044/Layer005PairBlock007.lean
research/tasks/B699-Binomial/runs/20260911-low-index-lean-513dc7cc/lean/rows/Row044/Layer005PairBlock008.lean
research/tasks/B699-Binomial/runs/20260911-low-index-lean-513dc7cc/lean/rows/Row044/Layer005PairBlock009.lean
research/tasks/B699-Binomial/runs/20260911-low-index-lean-513dc7cc/lean/rows/Row044/Layer005PairBlock010.lean
research/tasks/B699-Binomial/runs/20260911-low-index-lean-513dc7cc/lean/rows/Row044/Layer005PairBlock011.lean
research/tasks/B699-Binomial/runs/20260911-low-index-lean-513dc7cc/lean/rows/Row044/Layer005Pairs.lean
research/tasks/B699-Binomial/runs/20260911-low-index-lean-513dc7cc/lean/rows/Row044/Layer005Checked.lean
research/tasks/B699-Binomial/runs/20260911-low-index-lean-513dc7cc/lean/rows/Row044/Layer006Arithmetic.lean
research/tasks/B699-Binomial/runs/20260911-low-index-lean-513dc7cc/lean/rows/Row044/Layer006Data.lean
research/tasks/B699-Binomial/runs/20260911-low-index-lean-513dc7cc/lean/rows/Row044/Layer006Enumeration.lean
research/tasks/B699-Binomial/runs/20260911-low-index-lean-513dc7cc/lean/rows/Row044/Layer006PairBlock000.lean
research/tasks/B699-Binomial/runs/20260911-low-index-lean-513dc7cc/lean/rows/Row044/Layer006PairBlock001.lean
research/tasks/B699-Binomial/runs/20260911-low-index-lean-513dc7cc/lean/rows/Row044/Layer006PairBlock002.lean
research/tasks/B699-Binomial/runs/20260911-low-index-lean-513dc7cc/lean/rows/Row044/Layer006PairBlock003.lean
research/tasks/B699-Binomial/runs/20260911-low-index-lean-513dc7cc/lean/rows/Row044/Layer006PairBlock004.lean
research/tasks/B699-Binomial/runs/20260911-low-index-lean-513dc7cc/lean/rows/Row044/Layer006PairBlock005.lean
research/tasks/B699-Binomial/runs/20260911-low-index-lean-513dc7cc/lean/rows/Row044/Layer006PairBlock006.lean
research/tasks/B699-Binomial/runs/20260911-low-index-lean-513dc7cc/lean/rows/Row044/Layer006PairBlock007.lean
research/tasks/B699-Binomial/runs/20260911-low-index-lean-513dc7cc/lean/rows/Row044/Layer006Pairs.lean
research/tasks/B699-Binomial/runs/20260911-low-index-lean-513dc7cc/lean/rows/Row044/Layer006Checked.lean
research/tasks/B699-Binomial/runs/20260911-low-index-lean-513dc7cc/lean/rows/Row044/Layer007Arithmetic.lean
research/tasks/B699-Binomial/runs/20260911-low-index-lean-513dc7cc/lean/rows/Row044/Layer007Data.lean
research/tasks/B699-Binomial/runs/20260911-low-index-lean-513dc7cc/lean/rows/Row044/Layer007Enumeration.lean
research/tasks/B699-Binomial/runs/20260911-low-index-lean-513dc7cc/lean/rows/Row044/Layer007PairBlock000.lean
research/tasks/B699-Binomial/runs/20260911-low-index-lean-513dc7cc/lean/rows/Row044/Layer007PairBlock001.lean
research/tasks/B699-Binomial/runs/20260911-low-index-lean-513dc7cc/lean/rows/Row044/Layer007PairBlock002.lean
research/tasks/B699-Binomial/runs/20260911-low-index-lean-513dc7cc/lean/rows/Row044/Layer007PairBlock003.lean
research/tasks/B699-Binomial/runs/20260911-low-index-lean-513dc7cc/lean/rows/Row044/Layer007PairBlock004.lean
research/tasks/B699-Binomial/runs/20260911-low-index-lean-513dc7cc/lean/rows/Row044/Layer007PairBlock005.lean
research/tasks/B699-Binomial/runs/20260911-low-index-lean-513dc7cc/lean/rows/Row044/Layer007PairBlock006.lean
research/tasks/B699-Binomial/runs/20260911-low-index-lean-513dc7cc/lean/rows/Row044/Layer007PairBlock007.lean
research/tasks/B699-Binomial/runs/20260911-low-index-lean-513dc7cc/lean/rows/Row044/Layer007PairBlock008.lean
research/tasks/B699-Binomial/runs/20260911-low-index-lean-513dc7cc/lean/rows/Row044/Layer007PairBlock009.lean
research/tasks/B699-Binomial/runs/20260911-low-index-lean-513dc7cc/lean/rows/Row044/Layer007Pairs.lean
research/tasks/B699-Binomial/runs/20260911-low-index-lean-513dc7cc/lean/rows/Row044/Layer007Checked.lean
research/tasks/B699-Binomial/runs/20260911-low-index-lean-513dc7cc/lean/rows/Row044/Layers004.lean
research/tasks/B699-Binomial/runs/20260911-low-index-lean-513dc7cc/lean/rows/Row044/Layer008Arithmetic.lean
research/tasks/B699-Binomial/runs/20260911-low-index-lean-513dc7cc/lean/rows/Row044/Layer008Data.lean
research/tasks/B699-Binomial/runs/20260911-low-index-lean-513dc7cc/lean/rows/Row044/Layer008Enumeration.lean
research/tasks/B699-Binomial/runs/20260911-low-index-lean-513dc7cc/lean/rows/Row044/Layer008PairBlock000.lean
research/tasks/B699-Binomial/runs/20260911-low-index-lean-513dc7cc/lean/rows/Row044/Layer008PairBlock001.lean
research/tasks/B699-Binomial/runs/20260911-low-index-lean-513dc7cc/lean/rows/Row044/Layer008PairBlock002.lean
research/tasks/B699-Binomial/runs/20260911-low-index-lean-513dc7cc/lean/rows/Row044/Layer008PairBlock003.lean
research/tasks/B699-Binomial/runs/20260911-low-index-lean-513dc7cc/lean/rows/Row044/Layer008PairBlock004.lean
research/tasks/B699-Binomial/runs/20260911-low-index-lean-513dc7cc/lean/rows/Row044/Layer008PairBlock005.lean
research/tasks/B699-Binomial/runs/20260911-low-index-lean-513dc7cc/lean/rows/Row044/Layer008PairBlock006.lean
research/tasks/B699-Binomial/runs/20260911-low-index-lean-513dc7cc/lean/rows/Row044/Layer008PairBlock007.lean
research/tasks/B699-Binomial/runs/20260911-low-index-lean-513dc7cc/lean/rows/Row044/Layer008PairBlock008.lean
research/tasks/B699-Binomial/runs/20260911-low-index-lean-513dc7cc/lean/rows/Row044/Layer008PairBlock009.lean
research/tasks/B699-Binomial/runs/20260911-low-index-lean-513dc7cc/lean/rows/Row044/Layer008PairBlock010.lean
research/tasks/B699-Binomial/runs/20260911-low-index-lean-513dc7cc/lean/rows/Row044/Layer008PairBlock011.lean
research/tasks/B699-Binomial/runs/20260911-low-index-lean-513dc7cc/lean/rows/Row044/Layer008PairBlock012.lean
research/tasks/B699-Binomial/runs/20260911-low-index-lean-513dc7cc/lean/rows/Row044/Layer008PairBlock013.lean
research/tasks/B699-Binomial/runs/20260911-low-index-lean-513dc7cc/lean/rows/Row044/Layer008Pairs.lean
research/tasks/B699-Binomial/runs/20260911-low-index-lean-513dc7cc/lean/rows/Row044/Layer008Checked.lean
research/tasks/B699-Binomial/runs/20260911-low-index-lean-513dc7cc/lean/rows/Row044/Layer009Arithmetic.lean
research/tasks/B699-Binomial/runs/20260911-low-index-lean-513dc7cc/lean/rows/Row044/Layer009Data.lean
research/tasks/B699-Binomial/runs/20260911-low-index-lean-513dc7cc/lean/rows/Row044/Layer009Enumeration.lean
research/tasks/B699-Binomial/runs/20260911-low-index-lean-513dc7cc/lean/rows/Row044/Layer009PairBlock000.lean
research/tasks/B699-Binomial/runs/20260911-low-index-lean-513dc7cc/lean/rows/Row044/Layer009PairBlock001.lean
research/tasks/B699-Binomial/runs/20260911-low-index-lean-513dc7cc/lean/rows/Row044/Layer009PairBlock002.lean
research/tasks/B699-Binomial/runs/20260911-low-index-lean-513dc7cc/lean/rows/Row044/Layer009PairBlock003.lean
research/tasks/B699-Binomial/runs/20260911-low-index-lean-513dc7cc/lean/rows/Row044/Layer009PairBlock004.lean
research/tasks/B699-Binomial/runs/20260911-low-index-lean-513dc7cc/lean/rows/Row044/Layer009PairBlock005.lean
research/tasks/B699-Binomial/runs/20260911-low-index-lean-513dc7cc/lean/rows/Row044/Layer009PairBlock006.lean
research/tasks/B699-Binomial/runs/20260911-low-index-lean-513dc7cc/lean/rows/Row044/Layer009PairBlock007.lean
research/tasks/B699-Binomial/runs/20260911-low-index-lean-513dc7cc/lean/rows/Row044/Layer009PairBlock008.lean
research/tasks/B699-Binomial/runs/20260911-low-index-lean-513dc7cc/lean/rows/Row044/Layer009PairBlock009.lean
research/tasks/B699-Binomial/runs/20260911-low-index-lean-513dc7cc/lean/rows/Row044/Layer009PairBlock010.lean
research/tasks/B699-Binomial/runs/20260911-low-index-lean-513dc7cc/lean/rows/Row044/Layer009Pairs.lean
research/tasks/B699-Binomial/runs/20260911-low-index-lean-513dc7cc/lean/rows/Row044/Layer009Checked.lean
research/tasks/B699-Binomial/runs/20260911-low-index-lean-513dc7cc/lean/rows/Row044/Layer010Arithmetic.lean
research/tasks/B699-Binomial/runs/20260911-low-index-lean-513dc7cc/lean/rows/Row044/Layer010Data.lean
research/tasks/B699-Binomial/runs/20260911-low-index-lean-513dc7cc/lean/rows/Row044/Layer010Enumeration.lean
research/tasks/B699-Binomial/runs/20260911-low-index-lean-513dc7cc/lean/rows/Row044/Layer010PairBlock000.lean
research/tasks/B699-Binomial/runs/20260911-low-index-lean-513dc7cc/lean/rows/Row044/Layer010PairBlock001.lean
research/tasks/B699-Binomial/runs/20260911-low-index-lean-513dc7cc/lean/rows/Row044/Layer010PairBlock002.lean
research/tasks/B699-Binomial/runs/20260911-low-index-lean-513dc7cc/lean/rows/Row044/Layer010PairBlock003.lean
research/tasks/B699-Binomial/runs/20260911-low-index-lean-513dc7cc/lean/rows/Row044/Layer010PairBlock004.lean
research/tasks/B699-Binomial/runs/20260911-low-index-lean-513dc7cc/lean/rows/Row044/Layer010PairBlock005.lean
research/tasks/B699-Binomial/runs/20260911-low-index-lean-513dc7cc/lean/rows/Row044/Layer010PairBlock006.lean
research/tasks/B699-Binomial/runs/20260911-low-index-lean-513dc7cc/lean/rows/Row044/Layer010PairBlock007.lean
research/tasks/B699-Binomial/runs/20260911-low-index-lean-513dc7cc/lean/rows/Row044/Layer010PairBlock008.lean
research/tasks/B699-Binomial/runs/20260911-low-index-lean-513dc7cc/lean/rows/Row044/Layer010PairBlock009.lean
research/tasks/B699-Binomial/runs/20260911-low-index-lean-513dc7cc/lean/rows/Row044/Layer010PairBlock010.lean
research/tasks/B699-Binomial/runs/20260911-low-index-lean-513dc7cc/lean/rows/Row044/Layer010Pairs.lean
research/tasks/B699-Binomial/runs/20260911-low-index-lean-513dc7cc/lean/rows/Row044/Layer010Checked.lean
research/tasks/B699-Binomial/runs/20260911-low-index-lean-513dc7cc/lean/rows/Row044/Layer011Arithmetic.lean
research/tasks/B699-Binomial/runs/20260911-low-index-lean-513dc7cc/lean/rows/Row044/Layer011Data.lean
research/tasks/B699-Binomial/runs/20260911-low-index-lean-513dc7cc/lean/rows/Row044/Layer011Enumeration.lean
research/tasks/B699-Binomial/runs/20260911-low-index-lean-513dc7cc/lean/rows/Row044/Layer011PairBlock000.lean
research/tasks/B699-Binomial/runs/20260911-low-index-lean-513dc7cc/lean/rows/Row044/Layer011PairBlock001.lean
research/tasks/B699-Binomial/runs/20260911-low-index-lean-513dc7cc/lean/rows/Row044/Layer011PairBlock002.lean
research/tasks/B699-Binomial/runs/20260911-low-index-lean-513dc7cc/lean/rows/Row044/Layer011PairBlock003.lean
research/tasks/B699-Binomial/runs/20260911-low-index-lean-513dc7cc/lean/rows/Row044/Layer011PairBlock004.lean
research/tasks/B699-Binomial/runs/20260911-low-index-lean-513dc7cc/lean/rows/Row044/Layer011PairBlock005.lean
research/tasks/B699-Binomial/runs/20260911-low-index-lean-513dc7cc/lean/rows/Row044/Layer011PairBlock006.lean
research/tasks/B699-Binomial/runs/20260911-low-index-lean-513dc7cc/lean/rows/Row044/Layer011PairBlock007.lean
research/tasks/B699-Binomial/runs/20260911-low-index-lean-513dc7cc/lean/rows/Row044/Layer011Pairs.lean
research/tasks/B699-Binomial/runs/20260911-low-index-lean-513dc7cc/lean/rows/Row044/Layer011Checked.lean
research/tasks/B699-Binomial/runs/20260911-low-index-lean-513dc7cc/lean/rows/Row044/Layers008.lean
research/tasks/B699-Binomial/runs/20260911-low-index-lean-513dc7cc/lean/rows/Row044/Layer012Arithmetic.lean
research/tasks/B699-Binomial/runs/20260911-low-index-lean-513dc7cc/lean/rows/Row044/Layer012Data.lean
research/tasks/B699-Binomial/runs/20260911-low-index-lean-513dc7cc/lean/rows/Row044/Layer012Enumeration.lean
research/tasks/B699-Binomial/runs/20260911-low-index-lean-513dc7cc/lean/rows/Row044/Layer012PairBlock000.lean
research/tasks/B699-Binomial/runs/20260911-low-index-lean-513dc7cc/lean/rows/Row044/Layer012PairBlock001.lean
research/tasks/B699-Binomial/runs/20260911-low-index-lean-513dc7cc/lean/rows/Row044/Layer012PairBlock002.lean
research/tasks/B699-Binomial/runs/20260911-low-index-lean-513dc7cc/lean/rows/Row044/Layer012PairBlock003.lean
research/tasks/B699-Binomial/runs/20260911-low-index-lean-513dc7cc/lean/rows/Row044/Layer012PairBlock004.lean
research/tasks/B699-Binomial/runs/20260911-low-index-lean-513dc7cc/lean/rows/Row044/Layer012PairBlock005.lean
research/tasks/B699-Binomial/runs/20260911-low-index-lean-513dc7cc/lean/rows/Row044/Layer012PairBlock006.lean
research/tasks/B699-Binomial/runs/20260911-low-index-lean-513dc7cc/lean/rows/Row044/Layer012PairBlock007.lean
research/tasks/B699-Binomial/runs/20260911-low-index-lean-513dc7cc/lean/rows/Row044/Layer012PairBlock008.lean
research/tasks/B699-Binomial/runs/20260911-low-index-lean-513dc7cc/lean/rows/Row044/Layer012Pairs.lean
research/tasks/B699-Binomial/runs/20260911-low-index-lean-513dc7cc/lean/rows/Row044/Layer012Checked.lean
research/tasks/B699-Binomial/runs/20260911-low-index-lean-513dc7cc/lean/rows/Row044/Layer013Arithmetic.lean
research/tasks/B699-Binomial/runs/20260911-low-index-lean-513dc7cc/lean/rows/Row044/Layer013Data.lean
research/tasks/B699-Binomial/runs/20260911-low-index-lean-513dc7cc/lean/rows/Row044/Layer013Enumeration.lean
research/tasks/B699-Binomial/runs/20260911-low-index-lean-513dc7cc/lean/rows/Row044/Layer013PairBlock000.lean
research/tasks/B699-Binomial/runs/20260911-low-index-lean-513dc7cc/lean/rows/Row044/Layer013PairBlock001.lean
research/tasks/B699-Binomial/runs/20260911-low-index-lean-513dc7cc/lean/rows/Row044/Layer013PairBlock002.lean
research/tasks/B699-Binomial/runs/20260911-low-index-lean-513dc7cc/lean/rows/Row044/Layer013PairBlock003.lean
research/tasks/B699-Binomial/runs/20260911-low-index-lean-513dc7cc/lean/rows/Row044/Layer013PairBlock004.lean
research/tasks/B699-Binomial/runs/20260911-low-index-lean-513dc7cc/lean/rows/Row044/Layer013PairBlock005.lean
research/tasks/B699-Binomial/runs/20260911-low-index-lean-513dc7cc/lean/rows/Row044/Layer013PairBlock006.lean
research/tasks/B699-Binomial/runs/20260911-low-index-lean-513dc7cc/lean/rows/Row044/Layer013PairBlock007.lean
research/tasks/B699-Binomial/runs/20260911-low-index-lean-513dc7cc/lean/rows/Row044/Layer013PairBlock008.lean
research/tasks/B699-Binomial/runs/20260911-low-index-lean-513dc7cc/lean/rows/Row044/Layer013PairBlock009.lean
research/tasks/B699-Binomial/runs/20260911-low-index-lean-513dc7cc/lean/rows/Row044/Layer013Pairs.lean
research/tasks/B699-Binomial/runs/20260911-low-index-lean-513dc7cc/lean/rows/Row044/Layer013Checked.lean
research/tasks/B699-Binomial/runs/20260911-low-index-lean-513dc7cc/lean/rows/Row044/Layer014Arithmetic.lean
research/tasks/B699-Binomial/runs/20260911-low-index-lean-513dc7cc/lean/rows/Row044/Layer014Data.lean
research/tasks/B699-Binomial/runs/20260911-low-index-lean-513dc7cc/lean/rows/Row044/Layer014Enumeration.lean
research/tasks/B699-Binomial/runs/20260911-low-index-lean-513dc7cc/lean/rows/Row044/Layer014PairBlock000.lean
research/tasks/B699-Binomial/runs/20260911-low-index-lean-513dc7cc/lean/rows/Row044/Layer014PairBlock001.lean
research/tasks/B699-Binomial/runs/20260911-low-index-lean-513dc7cc/lean/rows/Row044/Layer014PairBlock002.lean
research/tasks/B699-Binomial/runs/20260911-low-index-lean-513dc7cc/lean/rows/Row044/Layer014PairBlock003.lean
research/tasks/B699-Binomial/runs/20260911-low-index-lean-513dc7cc/lean/rows/Row044/Layer014PairBlock004.lean
research/tasks/B699-Binomial/runs/20260911-low-index-lean-513dc7cc/lean/rows/Row044/Layer014PairBlock005.lean
research/tasks/B699-Binomial/runs/20260911-low-index-lean-513dc7cc/lean/rows/Row044/Layer014PairBlock006.lean
research/tasks/B699-Binomial/runs/20260911-low-index-lean-513dc7cc/lean/rows/Row044/Layer014PairBlock007.lean
research/tasks/B699-Binomial/runs/20260911-low-index-lean-513dc7cc/lean/rows/Row044/Layer014PairBlock008.lean
research/tasks/B699-Binomial/runs/20260911-low-index-lean-513dc7cc/lean/rows/Row044/Layer014PairBlock009.lean
research/tasks/B699-Binomial/runs/20260911-low-index-lean-513dc7cc/lean/rows/Row044/Layer014PairBlock010.lean
research/tasks/B699-Binomial/runs/20260911-low-index-lean-513dc7cc/lean/rows/Row044/Layer014PairBlock011.lean
research/tasks/B699-Binomial/runs/20260911-low-index-lean-513dc7cc/lean/rows/Row044/Layer014Pairs.lean
research/tasks/B699-Binomial/runs/20260911-low-index-lean-513dc7cc/lean/rows/Row044/Layer014Checked.lean
research/tasks/B699-Binomial/runs/20260911-low-index-lean-513dc7cc/lean/rows/Row044/Layer015Arithmetic.lean
research/tasks/B699-Binomial/runs/20260911-low-index-lean-513dc7cc/lean/rows/Row044/Layer015Data.lean
research/tasks/B699-Binomial/runs/20260911-low-index-lean-513dc7cc/lean/rows/Row044/Layer015Enumeration.lean
research/tasks/B699-Binomial/runs/20260911-low-index-lean-513dc7cc/lean/rows/Row044/Layer015PairBlock000.lean
research/tasks/B699-Binomial/runs/20260911-low-index-lean-513dc7cc/lean/rows/Row044/Layer015PairBlock001.lean
research/tasks/B699-Binomial/runs/20260911-low-index-lean-513dc7cc/lean/rows/Row044/Layer015PairBlock002.lean
research/tasks/B699-Binomial/runs/20260911-low-index-lean-513dc7cc/lean/rows/Row044/Layer015PairBlock003.lean
research/tasks/B699-Binomial/runs/20260911-low-index-lean-513dc7cc/lean/rows/Row044/Layer015PairBlock004.lean
research/tasks/B699-Binomial/runs/20260911-low-index-lean-513dc7cc/lean/rows/Row044/Layer015PairBlock005.lean
research/tasks/B699-Binomial/runs/20260911-low-index-lean-513dc7cc/lean/rows/Row044/Layer015PairBlock006.lean
research/tasks/B699-Binomial/runs/20260911-low-index-lean-513dc7cc/lean/rows/Row044/Layer015PairBlock007.lean
research/tasks/B699-Binomial/runs/20260911-low-index-lean-513dc7cc/lean/rows/Row044/Layer015Pairs.lean
research/tasks/B699-Binomial/runs/20260911-low-index-lean-513dc7cc/lean/rows/Row044/Layer015Checked.lean
research/tasks/B699-Binomial/runs/20260911-low-index-lean-513dc7cc/lean/rows/Row044/Layers012.lean
research/tasks/B699-Binomial/runs/20260911-low-index-lean-513dc7cc/lean/rows/Row044/Layer016Arithmetic.lean
research/tasks/B699-Binomial/runs/20260911-low-index-lean-513dc7cc/lean/rows/Row044/Layer016Data.lean
research/tasks/B699-Binomial/runs/20260911-low-index-lean-513dc7cc/lean/rows/Row044/Layer016Enumeration.lean
research/tasks/B699-Binomial/runs/20260911-low-index-lean-513dc7cc/lean/rows/Row044/Layer016PairBlock000.lean
research/tasks/B699-Binomial/runs/20260911-low-index-lean-513dc7cc/lean/rows/Row044/Layer016PairBlock001.lean
research/tasks/B699-Binomial/runs/20260911-low-index-lean-513dc7cc/lean/rows/Row044/Layer016PairBlock002.lean
research/tasks/B699-Binomial/runs/20260911-low-index-lean-513dc7cc/lean/rows/Row044/Layer016PairBlock003.lean
research/tasks/B699-Binomial/runs/20260911-low-index-lean-513dc7cc/lean/rows/Row044/Layer016PairBlock004.lean
research/tasks/B699-Binomial/runs/20260911-low-index-lean-513dc7cc/lean/rows/Row044/Layer016PairBlock005.lean
research/tasks/B699-Binomial/runs/20260911-low-index-lean-513dc7cc/lean/rows/Row044/Layer016PairBlock006.lean
research/tasks/B699-Binomial/runs/20260911-low-index-lean-513dc7cc/lean/rows/Row044/Layer016PairBlock007.lean
research/tasks/B699-Binomial/runs/20260911-low-index-lean-513dc7cc/lean/rows/Row044/Layer016Pairs.lean
research/tasks/B699-Binomial/runs/20260911-low-index-lean-513dc7cc/lean/rows/Row044/Layer016Checked.lean
research/tasks/B699-Binomial/runs/20260911-low-index-lean-513dc7cc/lean/rows/Row044/Layer017Arithmetic.lean
research/tasks/B699-Binomial/runs/20260911-low-index-lean-513dc7cc/lean/rows/Row044/Layer017Data.lean
research/tasks/B699-Binomial/runs/20260911-low-index-lean-513dc7cc/lean/rows/Row044/Layer017Enumeration.lean
research/tasks/B699-Binomial/runs/20260911-low-index-lean-513dc7cc/lean/rows/Row044/Layer017PairBlock000.lean
research/tasks/B699-Binomial/runs/20260911-low-index-lean-513dc7cc/lean/rows/Row044/Layer017PairBlock001.lean
research/tasks/B699-Binomial/runs/20260911-low-index-lean-513dc7cc/lean/rows/Row044/Layer017PairBlock002.lean
research/tasks/B699-Binomial/runs/20260911-low-index-lean-513dc7cc/lean/rows/Row044/Layer017PairBlock003.lean
research/tasks/B699-Binomial/runs/20260911-low-index-lean-513dc7cc/lean/rows/Row044/Layer017PairBlock004.lean
research/tasks/B699-Binomial/runs/20260911-low-index-lean-513dc7cc/lean/rows/Row044/Layer017PairBlock005.lean
research/tasks/B699-Binomial/runs/20260911-low-index-lean-513dc7cc/lean/rows/Row044/Layer017PairBlock006.lean
research/tasks/B699-Binomial/runs/20260911-low-index-lean-513dc7cc/lean/rows/Row044/Layer017Pairs.lean
research/tasks/B699-Binomial/runs/20260911-low-index-lean-513dc7cc/lean/rows/Row044/Layer017Checked.lean
research/tasks/B699-Binomial/runs/20260911-low-index-lean-513dc7cc/lean/rows/Row044/Layer018Arithmetic.lean
research/tasks/B699-Binomial/runs/20260911-low-index-lean-513dc7cc/lean/rows/Row044/Layer018Data.lean
research/tasks/B699-Binomial/runs/20260911-low-index-lean-513dc7cc/lean/rows/Row044/Layer018Enumeration.lean
research/tasks/B699-Binomial/runs/20260911-low-index-lean-513dc7cc/lean/rows/Row044/Layer018PairBlock000.lean
research/tasks/B699-Binomial/runs/20260911-low-index-lean-513dc7cc/lean/rows/Row044/Layer018PairBlock001.lean
research/tasks/B699-Binomial/runs/20260911-low-index-lean-513dc7cc/lean/rows/Row044/Layer018PairBlock002.lean
research/tasks/B699-Binomial/runs/20260911-low-index-lean-513dc7cc/lean/rows/Row044/Layer018PairBlock003.lean
research/tasks/B699-Binomial/runs/20260911-low-index-lean-513dc7cc/lean/rows/Row044/Layer018PairBlock004.lean
research/tasks/B699-Binomial/runs/20260911-low-index-lean-513dc7cc/lean/rows/Row044/Layer018PairBlock005.lean
research/tasks/B699-Binomial/runs/20260911-low-index-lean-513dc7cc/lean/rows/Row044/Layer018PairBlock006.lean
research/tasks/B699-Binomial/runs/20260911-low-index-lean-513dc7cc/lean/rows/Row044/Layer018PairBlock007.lean
research/tasks/B699-Binomial/runs/20260911-low-index-lean-513dc7cc/lean/rows/Row044/Layer018PairBlock008.lean
research/tasks/B699-Binomial/runs/20260911-low-index-lean-513dc7cc/lean/rows/Row044/Layer018Pairs.lean
research/tasks/B699-Binomial/runs/20260911-low-index-lean-513dc7cc/lean/rows/Row044/Layer018Checked.lean
research/tasks/B699-Binomial/runs/20260911-low-index-lean-513dc7cc/lean/rows/Row044/Layer019Arithmetic.lean
research/tasks/B699-Binomial/runs/20260911-low-index-lean-513dc7cc/lean/rows/Row044/Layer019Data.lean
research/tasks/B699-Binomial/runs/20260911-low-index-lean-513dc7cc/lean/rows/Row044/Layer019Enumeration.lean
research/tasks/B699-Binomial/runs/20260911-low-index-lean-513dc7cc/lean/rows/Row044/Layer019PairBlock000.lean
research/tasks/B699-Binomial/runs/20260911-low-index-lean-513dc7cc/lean/rows/Row044/Layer019PairBlock001.lean
research/tasks/B699-Binomial/runs/20260911-low-index-lean-513dc7cc/lean/rows/Row044/Layer019PairBlock002.lean
research/tasks/B699-Binomial/runs/20260911-low-index-lean-513dc7cc/lean/rows/Row044/Layer019PairBlock003.lean
research/tasks/B699-Binomial/runs/20260911-low-index-lean-513dc7cc/lean/rows/Row044/Layer019PairBlock004.lean
research/tasks/B699-Binomial/runs/20260911-low-index-lean-513dc7cc/lean/rows/Row044/Layer019PairBlock005.lean
research/tasks/B699-Binomial/runs/20260911-low-index-lean-513dc7cc/lean/rows/Row044/Layer019PairBlock006.lean
research/tasks/B699-Binomial/runs/20260911-low-index-lean-513dc7cc/lean/rows/Row044/Layer019PairBlock007.lean
research/tasks/B699-Binomial/runs/20260911-low-index-lean-513dc7cc/lean/rows/Row044/Layer019PairBlock008.lean
research/tasks/B699-Binomial/runs/20260911-low-index-lean-513dc7cc/lean/rows/Row044/Layer019Pairs.lean
research/tasks/B699-Binomial/runs/20260911-low-index-lean-513dc7cc/lean/rows/Row044/Layer019Checked.lean
research/tasks/B699-Binomial/runs/20260911-low-index-lean-513dc7cc/lean/rows/Row044/Layers016.lean
research/tasks/B699-Binomial/runs/20260911-low-index-lean-513dc7cc/lean/rows/Row044/Layer020Arithmetic.lean
research/tasks/B699-Binomial/runs/20260911-low-index-lean-513dc7cc/lean/rows/Row044/Layer020Data.lean
research/tasks/B699-Binomial/runs/20260911-low-index-lean-513dc7cc/lean/rows/Row044/Layer020Enumeration.lean
research/tasks/B699-Binomial/runs/20260911-low-index-lean-513dc7cc/lean/rows/Row044/Layer020PairBlock000.lean
research/tasks/B699-Binomial/runs/20260911-low-index-lean-513dc7cc/lean/rows/Row044/Layer020PairBlock001.lean
research/tasks/B699-Binomial/runs/20260911-low-index-lean-513dc7cc/lean/rows/Row044/Layer020PairBlock002.lean
research/tasks/B699-Binomial/runs/20260911-low-index-lean-513dc7cc/lean/rows/Row044/Layer020PairBlock003.lean
research/tasks/B699-Binomial/runs/20260911-low-index-lean-513dc7cc/lean/rows/Row044/Layer020PairBlock004.lean
research/tasks/B699-Binomial/runs/20260911-low-index-lean-513dc7cc/lean/rows/Row044/Layer020PairBlock005.lean
research/tasks/B699-Binomial/runs/20260911-low-index-lean-513dc7cc/lean/rows/Row044/Layer020PairBlock006.lean
research/tasks/B699-Binomial/runs/20260911-low-index-lean-513dc7cc/lean/rows/Row044/Layer020Pairs.lean
research/tasks/B699-Binomial/runs/20260911-low-index-lean-513dc7cc/lean/rows/Row044/Layer020Checked.lean
research/tasks/B699-Binomial/runs/20260911-low-index-lean-513dc7cc/lean/rows/Row044/Layer021Arithmetic.lean
research/tasks/B699-Binomial/runs/20260911-low-index-lean-513dc7cc/lean/rows/Row044/Layer021Data.lean
research/tasks/B699-Binomial/runs/20260911-low-index-lean-513dc7cc/lean/rows/Row044/Layer021Enumeration.lean
research/tasks/B699-Binomial/runs/20260911-low-index-lean-513dc7cc/lean/rows/Row044/Layer021PairBlock000.lean
research/tasks/B699-Binomial/runs/20260911-low-index-lean-513dc7cc/lean/rows/Row044/Layer021PairBlock001.lean
research/tasks/B699-Binomial/runs/20260911-low-index-lean-513dc7cc/lean/rows/Row044/Layer021PairBlock002.lean
research/tasks/B699-Binomial/runs/20260911-low-index-lean-513dc7cc/lean/rows/Row044/Layer021PairBlock003.lean
research/tasks/B699-Binomial/runs/20260911-low-index-lean-513dc7cc/lean/rows/Row044/Layer021PairBlock004.lean
research/tasks/B699-Binomial/runs/20260911-low-index-lean-513dc7cc/lean/rows/Row044/Layer021PairBlock005.lean
research/tasks/B699-Binomial/runs/20260911-low-index-lean-513dc7cc/lean/rows/Row044/Layer021PairBlock006.lean
research/tasks/B699-Binomial/runs/20260911-low-index-lean-513dc7cc/lean/rows/Row044/Layer021Pairs.lean
research/tasks/B699-Binomial/runs/20260911-low-index-lean-513dc7cc/lean/rows/Row044/Layer021Checked.lean
research/tasks/B699-Binomial/runs/20260911-low-index-lean-513dc7cc/lean/rows/Row044/Layer022Arithmetic.lean
research/tasks/B699-Binomial/runs/20260911-low-index-lean-513dc7cc/lean/rows/Row044/Layer022Data.lean
research/tasks/B699-Binomial/runs/20260911-low-index-lean-513dc7cc/lean/rows/Row044/Layer022Enumeration.lean
research/tasks/B699-Binomial/runs/20260911-low-index-lean-513dc7cc/lean/rows/Row044/Layer022PairBlock000.lean
research/tasks/B699-Binomial/runs/20260911-low-index-lean-513dc7cc/lean/rows/Row044/Layer022PairBlock001.lean
research/tasks/B699-Binomial/runs/20260911-low-index-lean-513dc7cc/lean/rows/Row044/Layer022PairBlock002.lean
research/tasks/B699-Binomial/runs/20260911-low-index-lean-513dc7cc/lean/rows/Row044/Layer022PairBlock003.lean
research/tasks/B699-Binomial/runs/20260911-low-index-lean-513dc7cc/lean/rows/Row044/Layer022PairBlock004.lean
research/tasks/B699-Binomial/runs/20260911-low-index-lean-513dc7cc/lean/rows/Row044/Layer022PairBlock005.lean
research/tasks/B699-Binomial/runs/20260911-low-index-lean-513dc7cc/lean/rows/Row044/Layer022PairBlock006.lean
research/tasks/B699-Binomial/runs/20260911-low-index-lean-513dc7cc/lean/rows/Row044/Layer022Pairs.lean
research/tasks/B699-Binomial/runs/20260911-low-index-lean-513dc7cc/lean/rows/Row044/Layer022Checked.lean
research/tasks/B699-Binomial/runs/20260911-low-index-lean-513dc7cc/lean/rows/Row044/Layer023Arithmetic.lean
research/tasks/B699-Binomial/runs/20260911-low-index-lean-513dc7cc/lean/rows/Row044/Layer023Data.lean
research/tasks/B699-Binomial/runs/20260911-low-index-lean-513dc7cc/lean/rows/Row044/Layer023Enumeration.lean
research/tasks/B699-Binomial/runs/20260911-low-index-lean-513dc7cc/lean/rows/Row044/Layer023PairBlock000.lean
research/tasks/B699-Binomial/runs/20260911-low-index-lean-513dc7cc/lean/rows/Row044/Layer023PairBlock001.lean
research/tasks/B699-Binomial/runs/20260911-low-index-lean-513dc7cc/lean/rows/Row044/Layer023PairBlock002.lean
research/tasks/B699-Binomial/runs/20260911-low-index-lean-513dc7cc/lean/rows/Row044/Layer023PairBlock003.lean
research/tasks/B699-Binomial/runs/20260911-low-index-lean-513dc7cc/lean/rows/Row044/Layer023PairBlock004.lean
research/tasks/B699-Binomial/runs/20260911-low-index-lean-513dc7cc/lean/rows/Row044/Layer023PairBlock005.lean
research/tasks/B699-Binomial/runs/20260911-low-index-lean-513dc7cc/lean/rows/Row044/Layer023PairBlock006.lean
research/tasks/B699-Binomial/runs/20260911-low-index-lean-513dc7cc/lean/rows/Row044/Layer023PairBlock007.lean
research/tasks/B699-Binomial/runs/20260911-low-index-lean-513dc7cc/lean/rows/Row044/Layer023Pairs.lean
research/tasks/B699-Binomial/runs/20260911-low-index-lean-513dc7cc/lean/rows/Row044/Layer023Checked.lean
research/tasks/B699-Binomial/runs/20260911-low-index-lean-513dc7cc/lean/rows/Row044/Layers020.lean
research/tasks/B699-Binomial/runs/20260911-low-index-lean-513dc7cc/lean/rows/Row044/Layer024Arithmetic.lean
research/tasks/B699-Binomial/runs/20260911-low-index-lean-513dc7cc/lean/rows/Row044/Layer024Data.lean
research/tasks/B699-Binomial/runs/20260911-low-index-lean-513dc7cc/lean/rows/Row044/Layer024Enumeration.lean
research/tasks/B699-Binomial/runs/20260911-low-index-lean-513dc7cc/lean/rows/Row044/Layer024PairBlock000.lean
research/tasks/B699-Binomial/runs/20260911-low-index-lean-513dc7cc/lean/rows/Row044/Layer024PairBlock001.lean
research/tasks/B699-Binomial/runs/20260911-low-index-lean-513dc7cc/lean/rows/Row044/Layer024PairBlock002.lean
research/tasks/B699-Binomial/runs/20260911-low-index-lean-513dc7cc/lean/rows/Row044/Layer024PairBlock003.lean
research/tasks/B699-Binomial/runs/20260911-low-index-lean-513dc7cc/lean/rows/Row044/Layer024PairBlock004.lean
research/tasks/B699-Binomial/runs/20260911-low-index-lean-513dc7cc/lean/rows/Row044/Layer024PairBlock005.lean
research/tasks/B699-Binomial/runs/20260911-low-index-lean-513dc7cc/lean/rows/Row044/Layer024Pairs.lean
research/tasks/B699-Binomial/runs/20260911-low-index-lean-513dc7cc/lean/rows/Row044/Layer024Checked.lean
research/tasks/B699-Binomial/runs/20260911-low-index-lean-513dc7cc/lean/rows/Row044/Layer025Arithmetic.lean
research/tasks/B699-Binomial/runs/20260911-low-index-lean-513dc7cc/lean/rows/Row044/Layer025Data.lean
research/tasks/B699-Binomial/runs/20260911-low-index-lean-513dc7cc/lean/rows/Row044/Layer025Enumeration.lean
research/tasks/B699-Binomial/runs/20260911-low-index-lean-513dc7cc/lean/rows/Row044/Layer025PairBlock000.lean
research/tasks/B699-Binomial/runs/20260911-low-index-lean-513dc7cc/lean/rows/Row044/Layer025PairBlock001.lean
research/tasks/B699-Binomial/runs/20260911-low-index-lean-513dc7cc/lean/rows/Row044/Layer025PairBlock002.lean
research/tasks/B699-Binomial/runs/20260911-low-index-lean-513dc7cc/lean/rows/Row044/Layer025PairBlock003.lean
research/tasks/B699-Binomial/runs/20260911-low-index-lean-513dc7cc/lean/rows/Row044/Layer025PairBlock004.lean
research/tasks/B699-Binomial/runs/20260911-low-index-lean-513dc7cc/lean/rows/Row044/Layer025PairBlock005.lean
research/tasks/B699-Binomial/runs/20260911-low-index-lean-513dc7cc/lean/rows/Row044/Layer025PairBlock006.lean
research/tasks/B699-Binomial/runs/20260911-low-index-lean-513dc7cc/lean/rows/Row044/Layer025Pairs.lean
research/tasks/B699-Binomial/runs/20260911-low-index-lean-513dc7cc/lean/rows/Row044/Layer025Checked.lean
research/tasks/B699-Binomial/runs/20260911-low-index-lean-513dc7cc/lean/rows/Row044/Layer026Arithmetic.lean
research/tasks/B699-Binomial/runs/20260911-low-index-lean-513dc7cc/lean/rows/Row044/Layer026Data.lean
research/tasks/B699-Binomial/runs/20260911-low-index-lean-513dc7cc/lean/rows/Row044/Layer026Enumeration.lean
research/tasks/B699-Binomial/runs/20260911-low-index-lean-513dc7cc/lean/rows/Row044/Layer026PairBlock000.lean
research/tasks/B699-Binomial/runs/20260911-low-index-lean-513dc7cc/lean/rows/Row044/Layer026PairBlock001.lean
research/tasks/B699-Binomial/runs/20260911-low-index-lean-513dc7cc/lean/rows/Row044/Layer026PairBlock002.lean
research/tasks/B699-Binomial/runs/20260911-low-index-lean-513dc7cc/lean/rows/Row044/Layer026PairBlock003.lean
research/tasks/B699-Binomial/runs/20260911-low-index-lean-513dc7cc/lean/rows/Row044/Layer026PairBlock004.lean
research/tasks/B699-Binomial/runs/20260911-low-index-lean-513dc7cc/lean/rows/Row044/Layer026PairBlock005.lean
research/tasks/B699-Binomial/runs/20260911-low-index-lean-513dc7cc/lean/rows/Row044/Layer026PairBlock006.lean
research/tasks/B699-Binomial/runs/20260911-low-index-lean-513dc7cc/lean/rows/Row044/Layer026Pairs.lean
research/tasks/B699-Binomial/runs/20260911-low-index-lean-513dc7cc/lean/rows/Row044/Layer026Checked.lean
research/tasks/B699-Binomial/runs/20260911-low-index-lean-513dc7cc/lean/rows/Row044/Layer027Arithmetic.lean
research/tasks/B699-Binomial/runs/20260911-low-index-lean-513dc7cc/lean/rows/Row044/Layer027Data.lean
research/tasks/B699-Binomial/runs/20260911-low-index-lean-513dc7cc/lean/rows/Row044/Layer027Enumeration.lean
research/tasks/B699-Binomial/runs/20260911-low-index-lean-513dc7cc/lean/rows/Row044/Layer027PairBlock000.lean
research/tasks/B699-Binomial/runs/20260911-low-index-lean-513dc7cc/lean/rows/Row044/Layer027PairBlock001.lean
research/tasks/B699-Binomial/runs/20260911-low-index-lean-513dc7cc/lean/rows/Row044/Layer027PairBlock002.lean
research/tasks/B699-Binomial/runs/20260911-low-index-lean-513dc7cc/lean/rows/Row044/Layer027PairBlock003.lean
research/tasks/B699-Binomial/runs/20260911-low-index-lean-513dc7cc/lean/rows/Row044/Layer027PairBlock004.lean
research/tasks/B699-Binomial/runs/20260911-low-index-lean-513dc7cc/lean/rows/Row044/Layer027PairBlock005.lean
research/tasks/B699-Binomial/runs/20260911-low-index-lean-513dc7cc/lean/rows/Row044/Layer027PairBlock006.lean
research/tasks/B699-Binomial/runs/20260911-low-index-lean-513dc7cc/lean/rows/Row044/Layer027Pairs.lean
research/tasks/B699-Binomial/runs/20260911-low-index-lean-513dc7cc/lean/rows/Row044/Layer027Checked.lean
research/tasks/B699-Binomial/runs/20260911-low-index-lean-513dc7cc/lean/rows/Row044/Layers024.lean
research/tasks/B699-Binomial/runs/20260911-low-index-lean-513dc7cc/lean/rows/Row044/Layer028Arithmetic.lean
research/tasks/B699-Binomial/runs/20260911-low-index-lean-513dc7cc/lean/rows/Row044/Layer028Data.lean
research/tasks/B699-Binomial/runs/20260911-low-index-lean-513dc7cc/lean/rows/Row044/Layer028Enumeration.lean
research/tasks/B699-Binomial/runs/20260911-low-index-lean-513dc7cc/lean/rows/Row044/Layer028PairBlock000.lean
research/tasks/B699-Binomial/runs/20260911-low-index-lean-513dc7cc/lean/rows/Row044/Layer028PairBlock001.lean
research/tasks/B699-Binomial/runs/20260911-low-index-lean-513dc7cc/lean/rows/Row044/Layer028PairBlock002.lean
research/tasks/B699-Binomial/runs/20260911-low-index-lean-513dc7cc/lean/rows/Row044/Layer028PairBlock003.lean
research/tasks/B699-Binomial/runs/20260911-low-index-lean-513dc7cc/lean/rows/Row044/Layer028PairBlock004.lean
research/tasks/B699-Binomial/runs/20260911-low-index-lean-513dc7cc/lean/rows/Row044/Layer028PairBlock005.lean
research/tasks/B699-Binomial/runs/20260911-low-index-lean-513dc7cc/lean/rows/Row044/Layer028Pairs.lean
research/tasks/B699-Binomial/runs/20260911-low-index-lean-513dc7cc/lean/rows/Row044/Layer028Checked.lean
research/tasks/B699-Binomial/runs/20260911-low-index-lean-513dc7cc/lean/rows/Row044/Layer029Arithmetic.lean
research/tasks/B699-Binomial/runs/20260911-low-index-lean-513dc7cc/lean/rows/Row044/Layer029Data.lean
research/tasks/B699-Binomial/runs/20260911-low-index-lean-513dc7cc/lean/rows/Row044/Layer029Enumeration.lean
research/tasks/B699-Binomial/runs/20260911-low-index-lean-513dc7cc/lean/rows/Row044/Layer029PairBlock000.lean
research/tasks/B699-Binomial/runs/20260911-low-index-lean-513dc7cc/lean/rows/Row044/Layer029PairBlock001.lean
research/tasks/B699-Binomial/runs/20260911-low-index-lean-513dc7cc/lean/rows/Row044/Layer029PairBlock002.lean
research/tasks/B699-Binomial/runs/20260911-low-index-lean-513dc7cc/lean/rows/Row044/Layer029PairBlock003.lean
research/tasks/B699-Binomial/runs/20260911-low-index-lean-513dc7cc/lean/rows/Row044/Layer029PairBlock004.lean
research/tasks/B699-Binomial/runs/20260911-low-index-lean-513dc7cc/lean/rows/Row044/Layer029PairBlock005.lean
research/tasks/B699-Binomial/runs/20260911-low-index-lean-513dc7cc/lean/rows/Row044/Layer029PairBlock006.lean
research/tasks/B699-Binomial/runs/20260911-low-index-lean-513dc7cc/lean/rows/Row044/Layer029Pairs.lean
research/tasks/B699-Binomial/runs/20260911-low-index-lean-513dc7cc/lean/rows/Row044/Layer029Checked.lean
research/tasks/B699-Binomial/runs/20260911-low-index-lean-513dc7cc/lean/rows/Row044/Layer030Arithmetic.lean
research/tasks/B699-Binomial/runs/20260911-low-index-lean-513dc7cc/lean/rows/Row044/Layer030Data.lean
research/tasks/B699-Binomial/runs/20260911-low-index-lean-513dc7cc/lean/rows/Row044/Layer030Enumeration.lean
research/tasks/B699-Binomial/runs/20260911-low-index-lean-513dc7cc/lean/rows/Row044/Layer030PairBlock000.lean
research/tasks/B699-Binomial/runs/20260911-low-index-lean-513dc7cc/lean/rows/Row044/Layer030PairBlock001.lean
research/tasks/B699-Binomial/runs/20260911-low-index-lean-513dc7cc/lean/rows/Row044/Layer030PairBlock002.lean
research/tasks/B699-Binomial/runs/20260911-low-index-lean-513dc7cc/lean/rows/Row044/Layer030PairBlock003.lean
research/tasks/B699-Binomial/runs/20260911-low-index-lean-513dc7cc/lean/rows/Row044/Layer030PairBlock004.lean
research/tasks/B699-Binomial/runs/20260911-low-index-lean-513dc7cc/lean/rows/Row044/Layer030PairBlock005.lean
research/tasks/B699-Binomial/runs/20260911-low-index-lean-513dc7cc/lean/rows/Row044/Layer030PairBlock006.lean
research/tasks/B699-Binomial/runs/20260911-low-index-lean-513dc7cc/lean/rows/Row044/Layer030PairBlock007.lean
research/tasks/B699-Binomial/runs/20260911-low-index-lean-513dc7cc/lean/rows/Row044/Layer030Pairs.lean
research/tasks/B699-Binomial/runs/20260911-low-index-lean-513dc7cc/lean/rows/Row044/Layer030Checked.lean
research/tasks/B699-Binomial/runs/20260911-low-index-lean-513dc7cc/lean/rows/Row044/Layer031Arithmetic.lean
research/tasks/B699-Binomial/runs/20260911-low-index-lean-513dc7cc/lean/rows/Row044/Layer031Data.lean
research/tasks/B699-Binomial/runs/20260911-low-index-lean-513dc7cc/lean/rows/Row044/Layer031Enumeration.lean
research/tasks/B699-Binomial/runs/20260911-low-index-lean-513dc7cc/lean/rows/Row044/Layer031PairBlock000.lean
research/tasks/B699-Binomial/runs/20260911-low-index-lean-513dc7cc/lean/rows/Row044/Layer031PairBlock001.lean
research/tasks/B699-Binomial/runs/20260911-low-index-lean-513dc7cc/lean/rows/Row044/Layer031PairBlock002.lean
research/tasks/B699-Binomial/runs/20260911-low-index-lean-513dc7cc/lean/rows/Row044/Layer031PairBlock003.lean
research/tasks/B699-Binomial/runs/20260911-low-index-lean-513dc7cc/lean/rows/Row044/Layer031PairBlock004.lean
research/tasks/B699-Binomial/runs/20260911-low-index-lean-513dc7cc/lean/rows/Row044/Layer031PairBlock005.lean
research/tasks/B699-Binomial/runs/20260911-low-index-lean-513dc7cc/lean/rows/Row044/Layer031Pairs.lean
research/tasks/B699-Binomial/runs/20260911-low-index-lean-513dc7cc/lean/rows/Row044/Layer031Checked.lean
research/tasks/B699-Binomial/runs/20260911-low-index-lean-513dc7cc/lean/rows/Row044/Layers028.lean
research/tasks/B699-Binomial/runs/20260911-low-index-lean-513dc7cc/lean/rows/Row044/Layer032Arithmetic.lean
research/tasks/B699-Binomial/runs/20260911-low-index-lean-513dc7cc/lean/rows/Row044/Layer032Data.lean
research/tasks/B699-Binomial/runs/20260911-low-index-lean-513dc7cc/lean/rows/Row044/Layer032Enumeration.lean
research/tasks/B699-Binomial/runs/20260911-low-index-lean-513dc7cc/lean/rows/Row044/Layer032PairBlock000.lean
research/tasks/B699-Binomial/runs/20260911-low-index-lean-513dc7cc/lean/rows/Row044/Layer032PairBlock001.lean
research/tasks/B699-Binomial/runs/20260911-low-index-lean-513dc7cc/lean/rows/Row044/Layer032PairBlock002.lean
research/tasks/B699-Binomial/runs/20260911-low-index-lean-513dc7cc/lean/rows/Row044/Layer032PairBlock003.lean
research/tasks/B699-Binomial/runs/20260911-low-index-lean-513dc7cc/lean/rows/Row044/Layer032PairBlock004.lean
research/tasks/B699-Binomial/runs/20260911-low-index-lean-513dc7cc/lean/rows/Row044/Layer032PairBlock005.lean
research/tasks/B699-Binomial/runs/20260911-low-index-lean-513dc7cc/lean/rows/Row044/Layer032Pairs.lean
research/tasks/B699-Binomial/runs/20260911-low-index-lean-513dc7cc/lean/rows/Row044/Layer032Checked.lean
research/tasks/B699-Binomial/runs/20260911-low-index-lean-513dc7cc/lean/rows/Row044/Layer033Arithmetic.lean
research/tasks/B699-Binomial/runs/20260911-low-index-lean-513dc7cc/lean/rows/Row044/Layer033Data.lean
research/tasks/B699-Binomial/runs/20260911-low-index-lean-513dc7cc/lean/rows/Row044/Layer033Enumeration.lean
research/tasks/B699-Binomial/runs/20260911-low-index-lean-513dc7cc/lean/rows/Row044/Layer033PairBlock000.lean
research/tasks/B699-Binomial/runs/20260911-low-index-lean-513dc7cc/lean/rows/Row044/Layer033PairBlock001.lean
research/tasks/B699-Binomial/runs/20260911-low-index-lean-513dc7cc/lean/rows/Row044/Layer033PairBlock002.lean
research/tasks/B699-Binomial/runs/20260911-low-index-lean-513dc7cc/lean/rows/Row044/Layer033PairBlock003.lean
research/tasks/B699-Binomial/runs/20260911-low-index-lean-513dc7cc/lean/rows/Row044/Layer033PairBlock004.lean
research/tasks/B699-Binomial/runs/20260911-low-index-lean-513dc7cc/lean/rows/Row044/Layer033PairBlock005.lean
research/tasks/B699-Binomial/runs/20260911-low-index-lean-513dc7cc/lean/rows/Row044/Layer033Pairs.lean
research/tasks/B699-Binomial/runs/20260911-low-index-lean-513dc7cc/lean/rows/Row044/Layer033Checked.lean
research/tasks/B699-Binomial/runs/20260911-low-index-lean-513dc7cc/lean/rows/Row044/Layer034Arithmetic.lean
research/tasks/B699-Binomial/runs/20260911-low-index-lean-513dc7cc/lean/rows/Row044/Layer034Data.lean
research/tasks/B699-Binomial/runs/20260911-low-index-lean-513dc7cc/lean/rows/Row044/Layer034Enumeration.lean
research/tasks/B699-Binomial/runs/20260911-low-index-lean-513dc7cc/lean/rows/Row044/Layer034PairBlock000.lean
research/tasks/B699-Binomial/runs/20260911-low-index-lean-513dc7cc/lean/rows/Row044/Layer034PairBlock001.lean
research/tasks/B699-Binomial/runs/20260911-low-index-lean-513dc7cc/lean/rows/Row044/Layer034PairBlock002.lean
research/tasks/B699-Binomial/runs/20260911-low-index-lean-513dc7cc/lean/rows/Row044/Layer034PairBlock003.lean
research/tasks/B699-Binomial/runs/20260911-low-index-lean-513dc7cc/lean/rows/Row044/Layer034PairBlock004.lean
research/tasks/B699-Binomial/runs/20260911-low-index-lean-513dc7cc/lean/rows/Row044/Layer034PairBlock005.lean
research/tasks/B699-Binomial/runs/20260911-low-index-lean-513dc7cc/lean/rows/Row044/Layer034Pairs.lean
research/tasks/B699-Binomial/runs/20260911-low-index-lean-513dc7cc/lean/rows/Row044/Layer034Checked.lean
research/tasks/B699-Binomial/runs/20260911-low-index-lean-513dc7cc/lean/rows/Row044/Layer035Arithmetic.lean
research/tasks/B699-Binomial/runs/20260911-low-index-lean-513dc7cc/lean/rows/Row044/Layer035Data.lean
research/tasks/B699-Binomial/runs/20260911-low-index-lean-513dc7cc/lean/rows/Row044/Layer035Enumeration.lean
research/tasks/B699-Binomial/runs/20260911-low-index-lean-513dc7cc/lean/rows/Row044/Layer035PairBlock000.lean
research/tasks/B699-Binomial/runs/20260911-low-index-lean-513dc7cc/lean/rows/Row044/Layer035PairBlock001.lean
research/tasks/B699-Binomial/runs/20260911-low-index-lean-513dc7cc/lean/rows/Row044/Layer035PairBlock002.lean
research/tasks/B699-Binomial/runs/20260911-low-index-lean-513dc7cc/lean/rows/Row044/Layer035PairBlock003.lean
research/tasks/B699-Binomial/runs/20260911-low-index-lean-513dc7cc/lean/rows/Row044/Layer035PairBlock004.lean
research/tasks/B699-Binomial/runs/20260911-low-index-lean-513dc7cc/lean/rows/Row044/Layer035PairBlock005.lean
research/tasks/B699-Binomial/runs/20260911-low-index-lean-513dc7cc/lean/rows/Row044/Layer035Pairs.lean
research/tasks/B699-Binomial/runs/20260911-low-index-lean-513dc7cc/lean/rows/Row044/Layer035Checked.lean
research/tasks/B699-Binomial/runs/20260911-low-index-lean-513dc7cc/lean/rows/Row044/Layers032.lean
research/tasks/B699-Binomial/runs/20260911-low-index-lean-513dc7cc/lean/rows/Row044/Layer036Arithmetic.lean
research/tasks/B699-Binomial/runs/20260911-low-index-lean-513dc7cc/lean/rows/Row044/Layer036Data.lean
research/tasks/B699-Binomial/runs/20260911-low-index-lean-513dc7cc/lean/rows/Row044/Layer036Enumeration.lean
research/tasks/B699-Binomial/runs/20260911-low-index-lean-513dc7cc/lean/rows/Row044/Layer036PairBlock000.lean
research/tasks/B699-Binomial/runs/20260911-low-index-lean-513dc7cc/lean/rows/Row044/Layer036PairBlock001.lean
research/tasks/B699-Binomial/runs/20260911-low-index-lean-513dc7cc/lean/rows/Row044/Layer036PairBlock002.lean
research/tasks/B699-Binomial/runs/20260911-low-index-lean-513dc7cc/lean/rows/Row044/Layer036PairBlock003.lean
research/tasks/B699-Binomial/runs/20260911-low-index-lean-513dc7cc/lean/rows/Row044/Layer036PairBlock004.lean
research/tasks/B699-Binomial/runs/20260911-low-index-lean-513dc7cc/lean/rows/Row044/Layer036PairBlock005.lean
research/tasks/B699-Binomial/runs/20260911-low-index-lean-513dc7cc/lean/rows/Row044/Layer036Pairs.lean
research/tasks/B699-Binomial/runs/20260911-low-index-lean-513dc7cc/lean/rows/Row044/Layer036Checked.lean
research/tasks/B699-Binomial/runs/20260911-low-index-lean-513dc7cc/lean/rows/Row044/Layer037Arithmetic.lean
research/tasks/B699-Binomial/runs/20260911-low-index-lean-513dc7cc/lean/rows/Row044/Layer037Data.lean
research/tasks/B699-Binomial/runs/20260911-low-index-lean-513dc7cc/lean/rows/Row044/Layer037Enumeration.lean
research/tasks/B699-Binomial/runs/20260911-low-index-lean-513dc7cc/lean/rows/Row044/Layer037PairBlock000.lean
research/tasks/B699-Binomial/runs/20260911-low-index-lean-513dc7cc/lean/rows/Row044/Layer037PairBlock001.lean
research/tasks/B699-Binomial/runs/20260911-low-index-lean-513dc7cc/lean/rows/Row044/Layer037PairBlock002.lean
research/tasks/B699-Binomial/runs/20260911-low-index-lean-513dc7cc/lean/rows/Row044/Layer037PairBlock003.lean
research/tasks/B699-Binomial/runs/20260911-low-index-lean-513dc7cc/lean/rows/Row044/Layer037PairBlock004.lean
research/tasks/B699-Binomial/runs/20260911-low-index-lean-513dc7cc/lean/rows/Row044/Layer037PairBlock005.lean
research/tasks/B699-Binomial/runs/20260911-low-index-lean-513dc7cc/lean/rows/Row044/Layer037PairBlock006.lean
research/tasks/B699-Binomial/runs/20260911-low-index-lean-513dc7cc/lean/rows/Row044/Layer037Pairs.lean
research/tasks/B699-Binomial/runs/20260911-low-index-lean-513dc7cc/lean/rows/Row044/Layer037Checked.lean
research/tasks/B699-Binomial/runs/20260911-low-index-lean-513dc7cc/lean/rows/Row044/Layer038Arithmetic.lean
research/tasks/B699-Binomial/runs/20260911-low-index-lean-513dc7cc/lean/rows/Row044/Layer038Data.lean
research/tasks/B699-Binomial/runs/20260911-low-index-lean-513dc7cc/lean/rows/Row044/Layer038Enumeration.lean
research/tasks/B699-Binomial/runs/20260911-low-index-lean-513dc7cc/lean/rows/Row044/Layer038PairBlock000.lean
research/tasks/B699-Binomial/runs/20260911-low-index-lean-513dc7cc/lean/rows/Row044/Layer038PairBlock001.lean
research/tasks/B699-Binomial/runs/20260911-low-index-lean-513dc7cc/lean/rows/Row044/Layer038PairBlock002.lean
research/tasks/B699-Binomial/runs/20260911-low-index-lean-513dc7cc/lean/rows/Row044/Layer038PairBlock003.lean
research/tasks/B699-Binomial/runs/20260911-low-index-lean-513dc7cc/lean/rows/Row044/Layer038PairBlock004.lean
research/tasks/B699-Binomial/runs/20260911-low-index-lean-513dc7cc/lean/rows/Row044/Layer038Pairs.lean
research/tasks/B699-Binomial/runs/20260911-low-index-lean-513dc7cc/lean/rows/Row044/Layer038Checked.lean
research/tasks/B699-Binomial/runs/20260911-low-index-lean-513dc7cc/lean/rows/Row044/Layer039Arithmetic.lean
research/tasks/B699-Binomial/runs/20260911-low-index-lean-513dc7cc/lean/rows/Row044/Layer039Data.lean
research/tasks/B699-Binomial/runs/20260911-low-index-lean-513dc7cc/lean/rows/Row044/Layer039Enumeration.lean
research/tasks/B699-Binomial/runs/20260911-low-index-lean-513dc7cc/lean/rows/Row044/Layer039PairBlock000.lean
research/tasks/B699-Binomial/runs/20260911-low-index-lean-513dc7cc/lean/rows/Row044/Layer039PairBlock001.lean
research/tasks/B699-Binomial/runs/20260911-low-index-lean-513dc7cc/lean/rows/Row044/Layer039PairBlock002.lean
research/tasks/B699-Binomial/runs/20260911-low-index-lean-513dc7cc/lean/rows/Row044/Layer039PairBlock003.lean
research/tasks/B699-Binomial/runs/20260911-low-index-lean-513dc7cc/lean/rows/Row044/Layer039PairBlock004.lean
research/tasks/B699-Binomial/runs/20260911-low-index-lean-513dc7cc/lean/rows/Row044/Layer039Pairs.lean
research/tasks/B699-Binomial/runs/20260911-low-index-lean-513dc7cc/lean/rows/Row044/Layer039Checked.lean
research/tasks/B699-Binomial/runs/20260911-low-index-lean-513dc7cc/lean/rows/Row044/Layers036.lean
research/tasks/B699-Binomial/runs/20260911-low-index-lean-513dc7cc/lean/rows/Row044/Layer040Arithmetic.lean
research/tasks/B699-Binomial/runs/20260911-low-index-lean-513dc7cc/lean/rows/Row044/Layer040Data.lean
research/tasks/B699-Binomial/runs/20260911-low-index-lean-513dc7cc/lean/rows/Row044/Layer040Enumeration.lean
research/tasks/B699-Binomial/runs/20260911-low-index-lean-513dc7cc/lean/rows/Row044/Layer040PairBlock000.lean
research/tasks/B699-Binomial/runs/20260911-low-index-lean-513dc7cc/lean/rows/Row044/Layer040PairBlock001.lean
research/tasks/B699-Binomial/runs/20260911-low-index-lean-513dc7cc/lean/rows/Row044/Layer040PairBlock002.lean
research/tasks/B699-Binomial/runs/20260911-low-index-lean-513dc7cc/lean/rows/Row044/Layer040PairBlock003.lean
research/tasks/B699-Binomial/runs/20260911-low-index-lean-513dc7cc/lean/rows/Row044/Layer040PairBlock004.lean
research/tasks/B699-Binomial/runs/20260911-low-index-lean-513dc7cc/lean/rows/Row044/Layer040Pairs.lean
research/tasks/B699-Binomial/runs/20260911-low-index-lean-513dc7cc/lean/rows/Row044/Layer040Checked.lean
research/tasks/B699-Binomial/runs/20260911-low-index-lean-513dc7cc/lean/rows/Row044/Layer041Arithmetic.lean
research/tasks/B699-Binomial/runs/20260911-low-index-lean-513dc7cc/lean/rows/Row044/Layer041Data.lean
research/tasks/B699-Binomial/runs/20260911-low-index-lean-513dc7cc/lean/rows/Row044/Layer041Enumeration.lean
research/tasks/B699-Binomial/runs/20260911-low-index-lean-513dc7cc/lean/rows/Row044/Layer041PairBlock000.lean
research/tasks/B699-Binomial/runs/20260911-low-index-lean-513dc7cc/lean/rows/Row044/Layer041PairBlock001.lean
research/tasks/B699-Binomial/runs/20260911-low-index-lean-513dc7cc/lean/rows/Row044/Layer041PairBlock002.lean
research/tasks/B699-Binomial/runs/20260911-low-index-lean-513dc7cc/lean/rows/Row044/Layer041PairBlock003.lean
research/tasks/B699-Binomial/runs/20260911-low-index-lean-513dc7cc/lean/rows/Row044/Layer041PairBlock004.lean
research/tasks/B699-Binomial/runs/20260911-low-index-lean-513dc7cc/lean/rows/Row044/Layer041PairBlock005.lean
research/tasks/B699-Binomial/runs/20260911-low-index-lean-513dc7cc/lean/rows/Row044/Layer041Pairs.lean
research/tasks/B699-Binomial/runs/20260911-low-index-lean-513dc7cc/lean/rows/Row044/Layer041Checked.lean
research/tasks/B699-Binomial/runs/20260911-low-index-lean-513dc7cc/lean/rows/Row044/Layer042Arithmetic.lean
research/tasks/B699-Binomial/runs/20260911-low-index-lean-513dc7cc/lean/rows/Row044/Layer042Data.lean
research/tasks/B699-Binomial/runs/20260911-low-index-lean-513dc7cc/lean/rows/Row044/Layer042Enumeration.lean
research/tasks/B699-Binomial/runs/20260911-low-index-lean-513dc7cc/lean/rows/Row044/Layer042PairBlock000.lean
research/tasks/B699-Binomial/runs/20260911-low-index-lean-513dc7cc/lean/rows/Row044/Layer042PairBlock001.lean
research/tasks/B699-Binomial/runs/20260911-low-index-lean-513dc7cc/lean/rows/Row044/Layer042PairBlock002.lean
research/tasks/B699-Binomial/runs/20260911-low-index-lean-513dc7cc/lean/rows/Row044/Layer042PairBlock003.lean
research/tasks/B699-Binomial/runs/20260911-low-index-lean-513dc7cc/lean/rows/Row044/Layer042PairBlock004.lean
research/tasks/B699-Binomial/runs/20260911-low-index-lean-513dc7cc/lean/rows/Row044/Layer042PairBlock005.lean
research/tasks/B699-Binomial/runs/20260911-low-index-lean-513dc7cc/lean/rows/Row044/Layer042Pairs.lean
research/tasks/B699-Binomial/runs/20260911-low-index-lean-513dc7cc/lean/rows/Row044/Layer042Checked.lean
research/tasks/B699-Binomial/runs/20260911-low-index-lean-513dc7cc/lean/rows/Row044/Layers040.lean
research/tasks/B699-Binomial/runs/20260911-low-index-lean-513dc7cc/lean/rows/Row044/Layer044Arithmetic.lean
research/tasks/B699-Binomial/runs/20260911-low-index-lean-513dc7cc/lean/rows/Row044/Layer044Data.lean
research/tasks/B699-Binomial/runs/20260911-low-index-lean-513dc7cc/lean/rows/Row044/Layer044Enumeration.lean
research/tasks/B699-Binomial/runs/20260911-low-index-lean-513dc7cc/lean/rows/Row044/Layer044PairBlock000.lean
research/tasks/B699-Binomial/runs/20260911-low-index-lean-513dc7cc/lean/rows/Row044/Layer044PairBlock001.lean
research/tasks/B699-Binomial/runs/20260911-low-index-lean-513dc7cc/lean/rows/Row044/Layer044PairBlock002.lean
research/tasks/B699-Binomial/runs/20260911-low-index-lean-513dc7cc/lean/rows/Row044/Layer044PairBlock003.lean
research/tasks/B699-Binomial/runs/20260911-low-index-lean-513dc7cc/lean/rows/Row044/Layer044PairBlock004.lean
research/tasks/B699-Binomial/runs/20260911-low-index-lean-513dc7cc/lean/rows/Row044/Layer044Pairs.lean
research/tasks/B699-Binomial/runs/20260911-low-index-lean-513dc7cc/lean/rows/Row044/Layer044Checked.lean
research/tasks/B699-Binomial/runs/20260911-low-index-lean-513dc7cc/lean/rows/Row044/Layer045Arithmetic.lean
research/tasks/B699-Binomial/runs/20260911-low-index-lean-513dc7cc/lean/rows/Row044/Layer045Data.lean
research/tasks/B699-Binomial/runs/20260911-low-index-lean-513dc7cc/lean/rows/Row044/Layer045Enumeration.lean
research/tasks/B699-Binomial/runs/20260911-low-index-lean-513dc7cc/lean/rows/Row044/Layer045PairBlock000.lean
research/tasks/B699-Binomial/runs/20260911-low-index-lean-513dc7cc/lean/rows/Row044/Layer045PairBlock001.lean
research/tasks/B699-Binomial/runs/20260911-low-index-lean-513dc7cc/lean/rows/Row044/Layer045PairBlock002.lean
research/tasks/B699-Binomial/runs/20260911-low-index-lean-513dc7cc/lean/rows/Row044/Layer045PairBlock003.lean
research/tasks/B699-Binomial/runs/20260911-low-index-lean-513dc7cc/lean/rows/Row044/Layer045PairBlock004.lean
research/tasks/B699-Binomial/runs/20260911-low-index-lean-513dc7cc/lean/rows/Row044/Layer045Pairs.lean
research/tasks/B699-Binomial/runs/20260911-low-index-lean-513dc7cc/lean/rows/Row044/Layer045Checked.lean
research/tasks/B699-Binomial/runs/20260911-low-index-lean-513dc7cc/lean/rows/Row044/Layer046Arithmetic.lean
research/tasks/B699-Binomial/runs/20260911-low-index-lean-513dc7cc/lean/rows/Row044/Layer046Data.lean
research/tasks/B699-Binomial/runs/20260911-low-index-lean-513dc7cc/lean/rows/Row044/Layer046Enumeration.lean
research/tasks/B699-Binomial/runs/20260911-low-index-lean-513dc7cc/lean/rows/Row044/Layer046PairBlock000.lean
research/tasks/B699-Binomial/runs/20260911-low-index-lean-513dc7cc/lean/rows/Row044/Layer046PairBlock001.lean
research/tasks/B699-Binomial/runs/20260911-low-index-lean-513dc7cc/lean/rows/Row044/Layer046PairBlock002.lean
research/tasks/B699-Binomial/runs/20260911-low-index-lean-513dc7cc/lean/rows/Row044/Layer046PairBlock003.lean
research/tasks/B699-Binomial/runs/20260911-low-index-lean-513dc7cc/lean/rows/Row044/Layer046PairBlock004.lean
research/tasks/B699-Binomial/runs/20260911-low-index-lean-513dc7cc/lean/rows/Row044/Layer046PairBlock005.lean
research/tasks/B699-Binomial/runs/20260911-low-index-lean-513dc7cc/lean/rows/Row044/Layer046Pairs.lean
research/tasks/B699-Binomial/runs/20260911-low-index-lean-513dc7cc/lean/rows/Row044/Layer046Checked.lean
research/tasks/B699-Binomial/runs/20260911-low-index-lean-513dc7cc/lean/rows/Row044/Layer047Arithmetic.lean
research/tasks/B699-Binomial/runs/20260911-low-index-lean-513dc7cc/lean/rows/Row044/Layer047Data.lean
research/tasks/B699-Binomial/runs/20260911-low-index-lean-513dc7cc/lean/rows/Row044/Layer047Enumeration.lean
research/tasks/B699-Binomial/runs/20260911-low-index-lean-513dc7cc/lean/rows/Row044/Layer047PairBlock000.lean
research/tasks/B699-Binomial/runs/20260911-low-index-lean-513dc7cc/lean/rows/Row044/Layer047PairBlock001.lean
research/tasks/B699-Binomial/runs/20260911-low-index-lean-513dc7cc/lean/rows/Row044/Layer047PairBlock002.lean
research/tasks/B699-Binomial/runs/20260911-low-index-lean-513dc7cc/lean/rows/Row044/Layer047PairBlock003.lean
research/tasks/B699-Binomial/runs/20260911-low-index-lean-513dc7cc/lean/rows/Row044/Layer047PairBlock004.lean
research/tasks/B699-Binomial/runs/20260911-low-index-lean-513dc7cc/lean/rows/Row044/Layer047Pairs.lean
research/tasks/B699-Binomial/runs/20260911-low-index-lean-513dc7cc/lean/rows/Row044/Layer047Checked.lean
research/tasks/B699-Binomial/runs/20260911-low-index-lean-513dc7cc/lean/rows/Row044/Layers044.lean
research/tasks/B699-Binomial/runs/20260911-low-index-lean-513dc7cc/lean/rows/Row044/Layer048Arithmetic.lean
research/tasks/B699-Binomial/runs/20260911-low-index-lean-513dc7cc/lean/rows/Row044/Layer048Data.lean
research/tasks/B699-Binomial/runs/20260911-low-index-lean-513dc7cc/lean/rows/Row044/Layer048Enumeration.lean
research/tasks/B699-Binomial/runs/20260911-low-index-lean-513dc7cc/lean/rows/Row044/Layer048PairBlock000.lean
research/tasks/B699-Binomial/runs/20260911-low-index-lean-513dc7cc/lean/rows/Row044/Layer048PairBlock001.lean
research/tasks/B699-Binomial/runs/20260911-low-index-lean-513dc7cc/lean/rows/Row044/Layer048PairBlock002.lean
research/tasks/B699-Binomial/runs/20260911-low-index-lean-513dc7cc/lean/rows/Row044/Layer048PairBlock003.lean
research/tasks/B699-Binomial/runs/20260911-low-index-lean-513dc7cc/lean/rows/Row044/Layer048PairBlock004.lean
research/tasks/B699-Binomial/runs/20260911-low-index-lean-513dc7cc/lean/rows/Row044/Layer048Pairs.lean
research/tasks/B699-Binomial/runs/20260911-low-index-lean-513dc7cc/lean/rows/Row044/Layer048Checked.lean
research/tasks/B699-Binomial/runs/20260911-low-index-lean-513dc7cc/lean/rows/Row044/Layer050Arithmetic.lean
research/tasks/B699-Binomial/runs/20260911-low-index-lean-513dc7cc/lean/rows/Row044/Layer050Data.lean
research/tasks/B699-Binomial/runs/20260911-low-index-lean-513dc7cc/lean/rows/Row044/Layer050Enumeration.lean
research/tasks/B699-Binomial/runs/20260911-low-index-lean-513dc7cc/lean/rows/Row044/Layer050PairBlock000.lean
research/tasks/B699-Binomial/runs/20260911-low-index-lean-513dc7cc/lean/rows/Row044/Layer050PairBlock001.lean
research/tasks/B699-Binomial/runs/20260911-low-index-lean-513dc7cc/lean/rows/Row044/Layer050PairBlock002.lean
research/tasks/B699-Binomial/runs/20260911-low-index-lean-513dc7cc/lean/rows/Row044/Layer050PairBlock003.lean
research/tasks/B699-Binomial/runs/20260911-low-index-lean-513dc7cc/lean/rows/Row044/Layer050PairBlock004.lean
research/tasks/B699-Binomial/runs/20260911-low-index-lean-513dc7cc/lean/rows/Row044/Layer050Pairs.lean
research/tasks/B699-Binomial/runs/20260911-low-index-lean-513dc7cc/lean/rows/Row044/Layer050Checked.lean
research/tasks/B699-Binomial/runs/20260911-low-index-lean-513dc7cc/lean/rows/Row044/Layer051Arithmetic.lean
research/tasks/B699-Binomial/runs/20260911-low-index-lean-513dc7cc/lean/rows/Row044/Layer051Data.lean
research/tasks/B699-Binomial/runs/20260911-low-index-lean-513dc7cc/lean/rows/Row044/Layer051Enumeration.lean
research/tasks/B699-Binomial/runs/20260911-low-index-lean-513dc7cc/lean/rows/Row044/Layer051PairBlock000.lean
research/tasks/B699-Binomial/runs/20260911-low-index-lean-513dc7cc/lean/rows/Row044/Layer051PairBlock001.lean
research/tasks/B699-Binomial/runs/20260911-low-index-lean-513dc7cc/lean/rows/Row044/Layer051PairBlock002.lean
research/tasks/B699-Binomial/runs/20260911-low-index-lean-513dc7cc/lean/rows/Row044/Layer051PairBlock003.lean
research/tasks/B699-Binomial/runs/20260911-low-index-lean-513dc7cc/lean/rows/Row044/Layer051PairBlock004.lean
research/tasks/B699-Binomial/runs/20260911-low-index-lean-513dc7cc/lean/rows/Row044/Layer051Pairs.lean
research/tasks/B699-Binomial/runs/20260911-low-index-lean-513dc7cc/lean/rows/Row044/Layer051Checked.lean
research/tasks/B699-Binomial/runs/20260911-low-index-lean-513dc7cc/lean/rows/Row044/Layers048.lean
research/tasks/B699-Binomial/runs/20260911-low-index-lean-513dc7cc/lean/rows/Row044/Layer052Arithmetic.lean
research/tasks/B699-Binomial/runs/20260911-low-index-lean-513dc7cc/lean/rows/Row044/Layer052Data.lean
research/tasks/B699-Binomial/runs/20260911-low-index-lean-513dc7cc/lean/rows/Row044/Layer052Enumeration.lean
research/tasks/B699-Binomial/runs/20260911-low-index-lean-513dc7cc/lean/rows/Row044/Layer052PairBlock000.lean
research/tasks/B699-Binomial/runs/20260911-low-index-lean-513dc7cc/lean/rows/Row044/Layer052PairBlock001.lean
research/tasks/B699-Binomial/runs/20260911-low-index-lean-513dc7cc/lean/rows/Row044/Layer052PairBlock002.lean
research/tasks/B699-Binomial/runs/20260911-low-index-lean-513dc7cc/lean/rows/Row044/Layer052PairBlock003.lean
research/tasks/B699-Binomial/runs/20260911-low-index-lean-513dc7cc/lean/rows/Row044/Layer052PairBlock004.lean
research/tasks/B699-Binomial/runs/20260911-low-index-lean-513dc7cc/lean/rows/Row044/Layer052Pairs.lean
research/tasks/B699-Binomial/runs/20260911-low-index-lean-513dc7cc/lean/rows/Row044/Layer052Checked.lean
research/tasks/B699-Binomial/runs/20260911-low-index-lean-513dc7cc/lean/rows/Row044/Layer055Arithmetic.lean
research/tasks/B699-Binomial/runs/20260911-low-index-lean-513dc7cc/lean/rows/Row044/Layer055Data.lean
research/tasks/B699-Binomial/runs/20260911-low-index-lean-513dc7cc/lean/rows/Row044/Layer055Enumeration.lean
research/tasks/B699-Binomial/runs/20260911-low-index-lean-513dc7cc/lean/rows/Row044/Layer055PairBlock000.lean
research/tasks/B699-Binomial/runs/20260911-low-index-lean-513dc7cc/lean/rows/Row044/Layer055PairBlock001.lean
research/tasks/B699-Binomial/runs/20260911-low-index-lean-513dc7cc/lean/rows/Row044/Layer055PairBlock002.lean
research/tasks/B699-Binomial/runs/20260911-low-index-lean-513dc7cc/lean/rows/Row044/Layer055PairBlock003.lean
research/tasks/B699-Binomial/runs/20260911-low-index-lean-513dc7cc/lean/rows/Row044/Layer055PairBlock004.lean
research/tasks/B699-Binomial/runs/20260911-low-index-lean-513dc7cc/lean/rows/Row044/Layer055Pairs.lean
research/tasks/B699-Binomial/runs/20260911-low-index-lean-513dc7cc/lean/rows/Row044/Layer055Checked.lean
research/tasks/B699-Binomial/runs/20260911-low-index-lean-513dc7cc/lean/rows/Row044/Layers052.lean
research/tasks/B699-Binomial/runs/20260911-low-index-lean-513dc7cc/lean/rows/Row044/Layer056Arithmetic.lean
research/tasks/B699-Binomial/runs/20260911-low-index-lean-513dc7cc/lean/rows/Row044/Layer056Data.lean
research/tasks/B699-Binomial/runs/20260911-low-index-lean-513dc7cc/lean/rows/Row044/Layer056Enumeration.lean
research/tasks/B699-Binomial/runs/20260911-low-index-lean-513dc7cc/lean/rows/Row044/Layer056PairBlock000.lean
research/tasks/B699-Binomial/runs/20260911-low-index-lean-513dc7cc/lean/rows/Row044/Layer056PairBlock001.lean
research/tasks/B699-Binomial/runs/20260911-low-index-lean-513dc7cc/lean/rows/Row044/Layer056PairBlock002.lean
research/tasks/B699-Binomial/runs/20260911-low-index-lean-513dc7cc/lean/rows/Row044/Layer056PairBlock003.lean
research/tasks/B699-Binomial/runs/20260911-low-index-lean-513dc7cc/lean/rows/Row044/Layer056PairBlock004.lean
research/tasks/B699-Binomial/runs/20260911-low-index-lean-513dc7cc/lean/rows/Row044/Layer056Pairs.lean
research/tasks/B699-Binomial/runs/20260911-low-index-lean-513dc7cc/lean/rows/Row044/Layer056Checked.lean
research/tasks/B699-Binomial/runs/20260911-low-index-lean-513dc7cc/lean/rows/Row044/Layers056.lean
research/tasks/B699-Binomial/runs/20260911-low-index-lean-513dc7cc/lean/rows/Row044/Layer060Arithmetic.lean
research/tasks/B699-Binomial/runs/20260911-low-index-lean-513dc7cc/lean/rows/Row044/Layer060Data.lean
research/tasks/B699-Binomial/runs/20260911-low-index-lean-513dc7cc/lean/rows/Row044/Layer060Enumeration.lean
research/tasks/B699-Binomial/runs/20260911-low-index-lean-513dc7cc/lean/rows/Row044/Layer060PairBlock000.lean
research/tasks/B699-Binomial/runs/20260911-low-index-lean-513dc7cc/lean/rows/Row044/Layer060PairBlock001.lean
research/tasks/B699-Binomial/runs/20260911-low-index-lean-513dc7cc/lean/rows/Row044/Layer060PairBlock002.lean
research/tasks/B699-Binomial/runs/20260911-low-index-lean-513dc7cc/lean/rows/Row044/Layer060PairBlock003.lean
research/tasks/B699-Binomial/runs/20260911-low-index-lean-513dc7cc/lean/rows/Row044/Layer060PairBlock004.lean
research/tasks/B699-Binomial/runs/20260911-low-index-lean-513dc7cc/lean/rows/Row044/Layer060Pairs.lean
research/tasks/B699-Binomial/runs/20260911-low-index-lean-513dc7cc/lean/rows/Row044/Layer060Checked.lean
research/tasks/B699-Binomial/runs/20260911-low-index-lean-513dc7cc/lean/rows/Row044/Layers060.lean
research/tasks/B699-Binomial/runs/20260911-low-index-lean-513dc7cc/lean/rows/Row044/Layers064.lean
research/tasks/B699-Binomial/runs/20260911-low-index-lean-513dc7cc/lean/rows/Row044/Layers068.lean
research/tasks/B699-Binomial/runs/20260911-low-index-lean-513dc7cc/lean/rows/Row044/Layers072.lean
research/tasks/B699-Binomial/runs/20260911-low-index-lean-513dc7cc/lean/rows/Row044/Layers076.lean
research/tasks/B699-Binomial/runs/20260911-low-index-lean-513dc7cc/lean/rows/Row044/Layers080.lean
research/tasks/B699-Binomial/runs/20260911-low-index-lean-513dc7cc/lean/rows/Row044/Layers084.lean
research/tasks/B699-Binomial/runs/20260911-low-index-lean-513dc7cc/lean/rows/Row044/Layers088.lean
research/tasks/B699-Binomial/runs/20260911-low-index-lean-513dc7cc/lean/rows/Row044/Layers092.lean
research/tasks/B699-Binomial/runs/20260911-low-index-lean-513dc7cc/lean/rows/Row044/Layers096.lean
research/tasks/B699-Binomial/runs/20260911-low-index-lean-513dc7cc/lean/rows/Row044/Layers100.lean
research/tasks/B699-Binomial/runs/20260911-low-index-lean-513dc7cc/lean/rows/Row044/Layers104.lean
research/tasks/B699-Binomial/runs/20260911-low-index-lean-513dc7cc/lean/rows/Row044/Layers108.lean
research/tasks/B699-Binomial/runs/20260911-low-index-lean-513dc7cc/lean/rows/Row044/Layers112.lean
research/tasks/B699-Binomial/runs/20260911-low-index-lean-513dc7cc/lean/rows/Row044/Layers116.lean
research/tasks/B699-Binomial/runs/20260911-low-index-lean-513dc7cc/lean/rows/Row044/Layers120.lean
research/tasks/B699-Binomial/runs/20260911-low-index-lean-513dc7cc/lean/rows/Row044/Layers124.lean
research/tasks/B699-Binomial/runs/20260911-low-index-lean-513dc7cc/lean/rows/Row044/Layers128.lean
research/tasks/B699-Binomial/runs/20260911-low-index-lean-513dc7cc/lean/rows/Row044/Layers132.lean
research/tasks/B699-Binomial/runs/20260911-low-index-lean-513dc7cc/lean/rows/Row044/Layers136.lean
research/tasks/B699-Binomial/runs/20260911-low-index-lean-513dc7cc/lean/rows/Row044/Layers140.lean
research/tasks/B699-Binomial/runs/20260911-low-index-lean-513dc7cc/lean/rows/Row044/Layers144.lean
research/tasks/B699-Binomial/runs/20260911-low-index-lean-513dc7cc/lean/rows/Row044/Layers148.lean
research/tasks/B699-Binomial/runs/20260911-low-index-lean-513dc7cc/lean/rows/Row044/Layers152.lean
research/tasks/B699-Binomial/runs/20260911-low-index-lean-513dc7cc/lean/rows/Row044/Layers156.lean
research/tasks/B699-Binomial/runs/20260911-low-index-lean-513dc7cc/lean/rows/Row044/Layers160.lean
research/tasks/B699-Binomial/runs/20260911-low-index-lean-513dc7cc/lean/rows/Row044/Layers164.lean
research/tasks/B699-Binomial/runs/20260911-low-index-lean-513dc7cc/lean/rows/Row044/Layers168.lean
research/tasks/B699-Binomial/runs/20260911-low-index-lean-513dc7cc/lean/rows/Row044/Layers172.lean
research/tasks/B699-Binomial/runs/20260911-low-index-lean-513dc7cc/lean/rows/Row044/Layers176.lean
research/tasks/B699-Binomial/runs/20260911-low-index-lean-513dc7cc/lean/rows/Row044/Layers180.lean
research/tasks/B699-Binomial/runs/20260911-low-index-lean-513dc7cc/lean/rows/Row044/Layers184.lean
research/tasks/B699-Binomial/runs/20260911-low-index-lean-513dc7cc/lean/rows/Row044/Layers188.lean
research/tasks/B699-Binomial/runs/20260911-low-index-lean-513dc7cc/lean/rows/Row044/Layers192.lean
research/tasks/B699-Binomial/runs/20260911-low-index-lean-513dc7cc/lean/rows/Row044/Layers196.lean
research/tasks/B699-Binomial/runs/20260911-low-index-lean-513dc7cc/lean/rows/Row044/Layers200.lean
research/tasks/B699-Binomial/runs/20260911-low-index-lean-513dc7cc/lean/rows/Row044/Layers204.lean
research/tasks/B699-Binomial/runs/20260911-low-index-lean-513dc7cc/lean/rows/Row044/Layers208.lean
research/tasks/B699-Binomial/runs/20260911-low-index-lean-513dc7cc/lean/rows/Row044/LayersChecked.lean
research/tasks/B699-Binomial/runs/20260911-low-index-lean-513dc7cc/lean/rows/Row044/Checked.lean
research/tasks/B699-Binomial/runs/20260911-low-index-lean-513dc7cc/lean/rows/Row044/Original.lean
research/tasks/B699-Binomial/runs/20260911-low-index-lean-513dc7cc/lean/Row045Data.lean
research/tasks/B699-Binomial/runs/20260911-low-index-lean-513dc7cc/lean/rows/Row045/Metadata.lean
research/tasks/B699-Binomial/runs/20260911-low-index-lean-513dc7cc/lean/rows/Row045/Goods000.lean
research/tasks/B699-Binomial/runs/20260911-low-index-lean-513dc7cc/lean/rows/Row045/Goods016.lean
research/tasks/B699-Binomial/runs/20260911-low-index-lean-513dc7cc/lean/rows/Row045/Goods032.lean
research/tasks/B699-Binomial/runs/20260911-low-index-lean-513dc7cc/lean/rows/Row045/Goods048.lean
research/tasks/B699-Binomial/runs/20260911-low-index-lean-513dc7cc/lean/rows/Row045/Goods064.lean
research/tasks/B699-Binomial/runs/20260911-low-index-lean-513dc7cc/lean/rows/Row045/Goods080.lean
research/tasks/B699-Binomial/runs/20260911-low-index-lean-513dc7cc/lean/rows/Row045/Goods096.lean
research/tasks/B699-Binomial/runs/20260911-low-index-lean-513dc7cc/lean/rows/Row045/Goods112.lean
research/tasks/B699-Binomial/runs/20260911-low-index-lean-513dc7cc/lean/rows/Row045/Goods128.lean
research/tasks/B699-Binomial/runs/20260911-low-index-lean-513dc7cc/lean/rows/Row045/Goods144.lean
research/tasks/B699-Binomial/runs/20260911-low-index-lean-513dc7cc/lean/rows/Row045/Goods160.lean
research/tasks/B699-Binomial/runs/20260911-low-index-lean-513dc7cc/lean/rows/Row045/Goods176.lean
research/tasks/B699-Binomial/runs/20260911-low-index-lean-513dc7cc/lean/rows/Row045/Goods192.lean
research/tasks/B699-Binomial/runs/20260911-low-index-lean-513dc7cc/lean/rows/Row045/Goods208.lean
research/tasks/B699-Binomial/runs/20260911-low-index-lean-513dc7cc/lean/rows/Row045/Goods224.lean
research/tasks/B699-Binomial/runs/20260911-low-index-lean-513dc7cc/lean/rows/Row045/Goods240.lean
research/tasks/B699-Binomial/runs/20260911-low-index-lean-513dc7cc/lean/rows/Row045/Goods256.lean
research/tasks/B699-Binomial/runs/20260911-low-index-lean-513dc7cc/lean/rows/Row045/Goods272.lean
research/tasks/B699-Binomial/runs/20260911-low-index-lean-513dc7cc/lean/rows/Row045/Goods288.lean
research/tasks/B699-Binomial/runs/20260911-low-index-lean-513dc7cc/lean/rows/Row045/Goods304.lean
research/tasks/B699-Binomial/runs/20260911-low-index-lean-513dc7cc/lean/rows/Row045/GoodsChecked.lean
research/tasks/B699-Binomial/runs/20260911-low-index-lean-513dc7cc/lean/rows/Row045/Geometry.lean
research/tasks/B699-Binomial/runs/20260911-low-index-lean-513dc7cc/lean/rows/Row045/Layer000Arithmetic.lean
research/tasks/B699-Binomial/runs/20260911-low-index-lean-513dc7cc/lean/rows/Row045/Layer000Data.lean
research/tasks/B699-Binomial/runs/20260911-low-index-lean-513dc7cc/lean/rows/Row045/Layer000Enumeration.lean
research/tasks/B699-Binomial/runs/20260911-low-index-lean-513dc7cc/lean/rows/Row045/Layer000PairBlock000.lean
research/tasks/B699-Binomial/runs/20260911-low-index-lean-513dc7cc/lean/rows/Row045/Layer000PairBlock001.lean
research/tasks/B699-Binomial/runs/20260911-low-index-lean-513dc7cc/lean/rows/Row045/Layer000PairBlock002.lean
research/tasks/B699-Binomial/runs/20260911-low-index-lean-513dc7cc/lean/rows/Row045/Layer000PairBlock003.lean
research/tasks/B699-Binomial/runs/20260911-low-index-lean-513dc7cc/lean/rows/Row045/Layer000PairBlock004.lean
research/tasks/B699-Binomial/runs/20260911-low-index-lean-513dc7cc/lean/rows/Row045/Layer000PairBlock005.lean
research/tasks/B699-Binomial/runs/20260911-low-index-lean-513dc7cc/lean/rows/Row045/Layer000PairBlock006.lean
research/tasks/B699-Binomial/runs/20260911-low-index-lean-513dc7cc/lean/rows/Row045/Layer000Pairs.lean
research/tasks/B699-Binomial/runs/20260911-low-index-lean-513dc7cc/lean/rows/Row045/Layer000Checked.lean
research/tasks/B699-Binomial/runs/20260911-low-index-lean-513dc7cc/lean/rows/Row045/Layer001Arithmetic.lean
research/tasks/B699-Binomial/runs/20260911-low-index-lean-513dc7cc/lean/rows/Row045/Layer001Data.lean
research/tasks/B699-Binomial/runs/20260911-low-index-lean-513dc7cc/lean/rows/Row045/Layer001Enumeration.lean
research/tasks/B699-Binomial/runs/20260911-low-index-lean-513dc7cc/lean/rows/Row045/Layer001PairBlock000.lean
research/tasks/B699-Binomial/runs/20260911-low-index-lean-513dc7cc/lean/rows/Row045/Layer001PairBlock001.lean
research/tasks/B699-Binomial/runs/20260911-low-index-lean-513dc7cc/lean/rows/Row045/Layer001PairBlock002.lean
research/tasks/B699-Binomial/runs/20260911-low-index-lean-513dc7cc/lean/rows/Row045/Layer001PairBlock003.lean
research/tasks/B699-Binomial/runs/20260911-low-index-lean-513dc7cc/lean/rows/Row045/Layer001PairBlock004.lean
research/tasks/B699-Binomial/runs/20260911-low-index-lean-513dc7cc/lean/rows/Row045/Layer001PairBlock005.lean
research/tasks/B699-Binomial/runs/20260911-low-index-lean-513dc7cc/lean/rows/Row045/Layer001PairBlock006.lean
research/tasks/B699-Binomial/runs/20260911-low-index-lean-513dc7cc/lean/rows/Row045/Layer001PairBlock007.lean
research/tasks/B699-Binomial/runs/20260911-low-index-lean-513dc7cc/lean/rows/Row045/Layer001PairBlock008.lean
research/tasks/B699-Binomial/runs/20260911-low-index-lean-513dc7cc/lean/rows/Row045/Layer001PairBlock009.lean
research/tasks/B699-Binomial/runs/20260911-low-index-lean-513dc7cc/lean/rows/Row045/Layer001Pairs.lean
research/tasks/B699-Binomial/runs/20260911-low-index-lean-513dc7cc/lean/rows/Row045/Layer001Checked.lean
research/tasks/B699-Binomial/runs/20260911-low-index-lean-513dc7cc/lean/rows/Row045/Layer002Arithmetic.lean
research/tasks/B699-Binomial/runs/20260911-low-index-lean-513dc7cc/lean/rows/Row045/Layer002Data.lean
research/tasks/B699-Binomial/runs/20260911-low-index-lean-513dc7cc/lean/rows/Row045/Layer002Enumeration.lean
research/tasks/B699-Binomial/runs/20260911-low-index-lean-513dc7cc/lean/rows/Row045/Layer002PairBlock000.lean
research/tasks/B699-Binomial/runs/20260911-low-index-lean-513dc7cc/lean/rows/Row045/Layer002PairBlock001.lean
research/tasks/B699-Binomial/runs/20260911-low-index-lean-513dc7cc/lean/rows/Row045/Layer002PairBlock002.lean
research/tasks/B699-Binomial/runs/20260911-low-index-lean-513dc7cc/lean/rows/Row045/Layer002PairBlock003.lean
research/tasks/B699-Binomial/runs/20260911-low-index-lean-513dc7cc/lean/rows/Row045/Layer002PairBlock004.lean
research/tasks/B699-Binomial/runs/20260911-low-index-lean-513dc7cc/lean/rows/Row045/Layer002PairBlock005.lean
research/tasks/B699-Binomial/runs/20260911-low-index-lean-513dc7cc/lean/rows/Row045/Layer002PairBlock006.lean
research/tasks/B699-Binomial/runs/20260911-low-index-lean-513dc7cc/lean/rows/Row045/Layer002PairBlock007.lean
research/tasks/B699-Binomial/runs/20260911-low-index-lean-513dc7cc/lean/rows/Row045/Layer002PairBlock008.lean
research/tasks/B699-Binomial/runs/20260911-low-index-lean-513dc7cc/lean/rows/Row045/Layer002PairBlock009.lean
research/tasks/B699-Binomial/runs/20260911-low-index-lean-513dc7cc/lean/rows/Row045/Layer002PairBlock010.lean
research/tasks/B699-Binomial/runs/20260911-low-index-lean-513dc7cc/lean/rows/Row045/Layer002PairBlock011.lean
research/tasks/B699-Binomial/runs/20260911-low-index-lean-513dc7cc/lean/rows/Row045/Layer002PairBlock012.lean
research/tasks/B699-Binomial/runs/20260911-low-index-lean-513dc7cc/lean/rows/Row045/Layer002Pairs.lean
research/tasks/B699-Binomial/runs/20260911-low-index-lean-513dc7cc/lean/rows/Row045/Layer002Checked.lean
research/tasks/B699-Binomial/runs/20260911-low-index-lean-513dc7cc/lean/rows/Row045/Layer003Arithmetic.lean
research/tasks/B699-Binomial/runs/20260911-low-index-lean-513dc7cc/lean/rows/Row045/Layer003Data.lean
research/tasks/B699-Binomial/runs/20260911-low-index-lean-513dc7cc/lean/rows/Row045/Layer003Enumeration.lean
research/tasks/B699-Binomial/runs/20260911-low-index-lean-513dc7cc/lean/rows/Row045/Layer003PairBlock000.lean
research/tasks/B699-Binomial/runs/20260911-low-index-lean-513dc7cc/lean/rows/Row045/Layer003PairBlock001.lean
research/tasks/B699-Binomial/runs/20260911-low-index-lean-513dc7cc/lean/rows/Row045/Layer003PairBlock002.lean
research/tasks/B699-Binomial/runs/20260911-low-index-lean-513dc7cc/lean/rows/Row045/Layer003PairBlock003.lean
research/tasks/B699-Binomial/runs/20260911-low-index-lean-513dc7cc/lean/rows/Row045/Layer003PairBlock004.lean
research/tasks/B699-Binomial/runs/20260911-low-index-lean-513dc7cc/lean/rows/Row045/Layer003PairBlock005.lean
research/tasks/B699-Binomial/runs/20260911-low-index-lean-513dc7cc/lean/rows/Row045/Layer003PairBlock006.lean
research/tasks/B699-Binomial/runs/20260911-low-index-lean-513dc7cc/lean/rows/Row045/Layer003PairBlock007.lean
research/tasks/B699-Binomial/runs/20260911-low-index-lean-513dc7cc/lean/rows/Row045/Layer003PairBlock008.lean
research/tasks/B699-Binomial/runs/20260911-low-index-lean-513dc7cc/lean/rows/Row045/Layer003PairBlock009.lean
research/tasks/B699-Binomial/runs/20260911-low-index-lean-513dc7cc/lean/rows/Row045/Layer003PairBlock010.lean
research/tasks/B699-Binomial/runs/20260911-low-index-lean-513dc7cc/lean/rows/Row045/Layer003PairBlock011.lean
research/tasks/B699-Binomial/runs/20260911-low-index-lean-513dc7cc/lean/rows/Row045/Layer003Pairs.lean
research/tasks/B699-Binomial/runs/20260911-low-index-lean-513dc7cc/lean/rows/Row045/Layer003Checked.lean
research/tasks/B699-Binomial/runs/20260911-low-index-lean-513dc7cc/lean/rows/Row045/Layers000.lean
research/tasks/B699-Binomial/runs/20260911-low-index-lean-513dc7cc/lean/rows/Row045/Layer004Arithmetic.lean
research/tasks/B699-Binomial/runs/20260911-low-index-lean-513dc7cc/lean/rows/Row045/Layer004Data.lean
research/tasks/B699-Binomial/runs/20260911-low-index-lean-513dc7cc/lean/rows/Row045/Layer004Enumeration.lean
research/tasks/B699-Binomial/runs/20260911-low-index-lean-513dc7cc/lean/rows/Row045/Layer004PairBlock000.lean
research/tasks/B699-Binomial/runs/20260911-low-index-lean-513dc7cc/lean/rows/Row045/Layer004PairBlock001.lean
research/tasks/B699-Binomial/runs/20260911-low-index-lean-513dc7cc/lean/rows/Row045/Layer004PairBlock002.lean
research/tasks/B699-Binomial/runs/20260911-low-index-lean-513dc7cc/lean/rows/Row045/Layer004PairBlock003.lean
research/tasks/B699-Binomial/runs/20260911-low-index-lean-513dc7cc/lean/rows/Row045/Layer004PairBlock004.lean
research/tasks/B699-Binomial/runs/20260911-low-index-lean-513dc7cc/lean/rows/Row045/Layer004PairBlock005.lean
research/tasks/B699-Binomial/runs/20260911-low-index-lean-513dc7cc/lean/rows/Row045/Layer004PairBlock006.lean
research/tasks/B699-Binomial/runs/20260911-low-index-lean-513dc7cc/lean/rows/Row045/Layer004PairBlock007.lean
research/tasks/B699-Binomial/runs/20260911-low-index-lean-513dc7cc/lean/rows/Row045/Layer004PairBlock008.lean
research/tasks/B699-Binomial/runs/20260911-low-index-lean-513dc7cc/lean/rows/Row045/Layer004PairBlock009.lean
research/tasks/B699-Binomial/runs/20260911-low-index-lean-513dc7cc/lean/rows/Row045/Layer004PairBlock010.lean
research/tasks/B699-Binomial/runs/20260911-low-index-lean-513dc7cc/lean/rows/Row045/Layer004PairBlock011.lean
research/tasks/B699-Binomial/runs/20260911-low-index-lean-513dc7cc/lean/rows/Row045/Layer004Pairs.lean
research/tasks/B699-Binomial/runs/20260911-low-index-lean-513dc7cc/lean/rows/Row045/Layer004Checked.lean
research/tasks/B699-Binomial/runs/20260911-low-index-lean-513dc7cc/lean/rows/Row045/Layer005Arithmetic.lean
research/tasks/B699-Binomial/runs/20260911-low-index-lean-513dc7cc/lean/rows/Row045/Layer005Data.lean
research/tasks/B699-Binomial/runs/20260911-low-index-lean-513dc7cc/lean/rows/Row045/Layer005Enumeration.lean
research/tasks/B699-Binomial/runs/20260911-low-index-lean-513dc7cc/lean/rows/Row045/Layer005PairBlock000.lean
research/tasks/B699-Binomial/runs/20260911-low-index-lean-513dc7cc/lean/rows/Row045/Layer005PairBlock001.lean
research/tasks/B699-Binomial/runs/20260911-low-index-lean-513dc7cc/lean/rows/Row045/Layer005PairBlock002.lean
research/tasks/B699-Binomial/runs/20260911-low-index-lean-513dc7cc/lean/rows/Row045/Layer005PairBlock003.lean
research/tasks/B699-Binomial/runs/20260911-low-index-lean-513dc7cc/lean/rows/Row045/Layer005PairBlock004.lean
research/tasks/B699-Binomial/runs/20260911-low-index-lean-513dc7cc/lean/rows/Row045/Layer005PairBlock005.lean
research/tasks/B699-Binomial/runs/20260911-low-index-lean-513dc7cc/lean/rows/Row045/Layer005PairBlock006.lean
research/tasks/B699-Binomial/runs/20260911-low-index-lean-513dc7cc/lean/rows/Row045/Layer005Pairs.lean
research/tasks/B699-Binomial/runs/20260911-low-index-lean-513dc7cc/lean/rows/Row045/Layer005Checked.lean
research/tasks/B699-Binomial/runs/20260911-low-index-lean-513dc7cc/lean/rows/Row045/Layer006Arithmetic.lean
research/tasks/B699-Binomial/runs/20260911-low-index-lean-513dc7cc/lean/rows/Row045/Layer006Data.lean
research/tasks/B699-Binomial/runs/20260911-low-index-lean-513dc7cc/lean/rows/Row045/Layer006Enumeration.lean
research/tasks/B699-Binomial/runs/20260911-low-index-lean-513dc7cc/lean/rows/Row045/Layer006PairBlock000.lean
research/tasks/B699-Binomial/runs/20260911-low-index-lean-513dc7cc/lean/rows/Row045/Layer006PairBlock001.lean
research/tasks/B699-Binomial/runs/20260911-low-index-lean-513dc7cc/lean/rows/Row045/Layer006PairBlock002.lean
research/tasks/B699-Binomial/runs/20260911-low-index-lean-513dc7cc/lean/rows/Row045/Layer006PairBlock003.lean
research/tasks/B699-Binomial/runs/20260911-low-index-lean-513dc7cc/lean/rows/Row045/Layer006PairBlock004.lean
research/tasks/B699-Binomial/runs/20260911-low-index-lean-513dc7cc/lean/rows/Row045/Layer006PairBlock005.lean
research/tasks/B699-Binomial/runs/20260911-low-index-lean-513dc7cc/lean/rows/Row045/Layer006PairBlock006.lean
research/tasks/B699-Binomial/runs/20260911-low-index-lean-513dc7cc/lean/rows/Row045/Layer006Pairs.lean
research/tasks/B699-Binomial/runs/20260911-low-index-lean-513dc7cc/lean/rows/Row045/Layer006Checked.lean
research/tasks/B699-Binomial/runs/20260911-low-index-lean-513dc7cc/lean/rows/Row045/Layer007Arithmetic.lean
research/tasks/B699-Binomial/runs/20260911-low-index-lean-513dc7cc/lean/rows/Row045/Layer007Data.lean
research/tasks/B699-Binomial/runs/20260911-low-index-lean-513dc7cc/lean/rows/Row045/Layer007Enumeration.lean
research/tasks/B699-Binomial/runs/20260911-low-index-lean-513dc7cc/lean/rows/Row045/Layer007PairBlock000.lean
research/tasks/B699-Binomial/runs/20260911-low-index-lean-513dc7cc/lean/rows/Row045/Layer007PairBlock001.lean
research/tasks/B699-Binomial/runs/20260911-low-index-lean-513dc7cc/lean/rows/Row045/Layer007PairBlock002.lean
research/tasks/B699-Binomial/runs/20260911-low-index-lean-513dc7cc/lean/rows/Row045/Layer007PairBlock003.lean
research/tasks/B699-Binomial/runs/20260911-low-index-lean-513dc7cc/lean/rows/Row045/Layer007PairBlock004.lean
research/tasks/B699-Binomial/runs/20260911-low-index-lean-513dc7cc/lean/rows/Row045/Layer007PairBlock005.lean
research/tasks/B699-Binomial/runs/20260911-low-index-lean-513dc7cc/lean/rows/Row045/Layer007PairBlock006.lean
research/tasks/B699-Binomial/runs/20260911-low-index-lean-513dc7cc/lean/rows/Row045/Layer007PairBlock007.lean
research/tasks/B699-Binomial/runs/20260911-low-index-lean-513dc7cc/lean/rows/Row045/Layer007PairBlock008.lean
research/tasks/B699-Binomial/runs/20260911-low-index-lean-513dc7cc/lean/rows/Row045/Layer007Pairs.lean
research/tasks/B699-Binomial/runs/20260911-low-index-lean-513dc7cc/lean/rows/Row045/Layer007Checked.lean
research/tasks/B699-Binomial/runs/20260911-low-index-lean-513dc7cc/lean/rows/Row045/Layers004.lean
research/tasks/B699-Binomial/runs/20260911-low-index-lean-513dc7cc/lean/rows/Row045/Layer008Arithmetic.lean
research/tasks/B699-Binomial/runs/20260911-low-index-lean-513dc7cc/lean/rows/Row045/Layer008Data.lean
research/tasks/B699-Binomial/runs/20260911-low-index-lean-513dc7cc/lean/rows/Row045/Layer008Enumeration.lean
research/tasks/B699-Binomial/runs/20260911-low-index-lean-513dc7cc/lean/rows/Row045/Layer008PairBlock000.lean
research/tasks/B699-Binomial/runs/20260911-low-index-lean-513dc7cc/lean/rows/Row045/Layer008PairBlock001.lean
research/tasks/B699-Binomial/runs/20260911-low-index-lean-513dc7cc/lean/rows/Row045/Layer008PairBlock002.lean
research/tasks/B699-Binomial/runs/20260911-low-index-lean-513dc7cc/lean/rows/Row045/Layer008PairBlock003.lean
research/tasks/B699-Binomial/runs/20260911-low-index-lean-513dc7cc/lean/rows/Row045/Layer008PairBlock004.lean
research/tasks/B699-Binomial/runs/20260911-low-index-lean-513dc7cc/lean/rows/Row045/Layer008PairBlock005.lean
research/tasks/B699-Binomial/runs/20260911-low-index-lean-513dc7cc/lean/rows/Row045/Layer008PairBlock006.lean
research/tasks/B699-Binomial/runs/20260911-low-index-lean-513dc7cc/lean/rows/Row045/Layer008PairBlock007.lean
research/tasks/B699-Binomial/runs/20260911-low-index-lean-513dc7cc/lean/rows/Row045/Layer008Pairs.lean
research/tasks/B699-Binomial/runs/20260911-low-index-lean-513dc7cc/lean/rows/Row045/Layer008Checked.lean
research/tasks/B699-Binomial/runs/20260911-low-index-lean-513dc7cc/lean/rows/Row045/Layer009Arithmetic.lean
research/tasks/B699-Binomial/runs/20260911-low-index-lean-513dc7cc/lean/rows/Row045/Layer009Data.lean
research/tasks/B699-Binomial/runs/20260911-low-index-lean-513dc7cc/lean/rows/Row045/Layer009Enumeration.lean
research/tasks/B699-Binomial/runs/20260911-low-index-lean-513dc7cc/lean/rows/Row045/Layer009PairBlock000.lean
research/tasks/B699-Binomial/runs/20260911-low-index-lean-513dc7cc/lean/rows/Row045/Layer009PairBlock001.lean
research/tasks/B699-Binomial/runs/20260911-low-index-lean-513dc7cc/lean/rows/Row045/Layer009PairBlock002.lean
research/tasks/B699-Binomial/runs/20260911-low-index-lean-513dc7cc/lean/rows/Row045/Layer009PairBlock003.lean
research/tasks/B699-Binomial/runs/20260911-low-index-lean-513dc7cc/lean/rows/Row045/Layer009PairBlock004.lean
research/tasks/B699-Binomial/runs/20260911-low-index-lean-513dc7cc/lean/rows/Row045/Layer009PairBlock005.lean
research/tasks/B699-Binomial/runs/20260911-low-index-lean-513dc7cc/lean/rows/Row045/Layer009PairBlock006.lean
research/tasks/B699-Binomial/runs/20260911-low-index-lean-513dc7cc/lean/rows/Row045/Layer009PairBlock007.lean
research/tasks/B699-Binomial/runs/20260911-low-index-lean-513dc7cc/lean/rows/Row045/Layer009Pairs.lean
research/tasks/B699-Binomial/runs/20260911-low-index-lean-513dc7cc/lean/rows/Row045/Layer009Checked.lean
research/tasks/B699-Binomial/runs/20260911-low-index-lean-513dc7cc/lean/rows/Row045/Layer010Arithmetic.lean
research/tasks/B699-Binomial/runs/20260911-low-index-lean-513dc7cc/lean/rows/Row045/Layer010Data.lean
research/tasks/B699-Binomial/runs/20260911-low-index-lean-513dc7cc/lean/rows/Row045/Layer010Enumeration.lean
research/tasks/B699-Binomial/runs/20260911-low-index-lean-513dc7cc/lean/rows/Row045/Layer010PairBlock000.lean
research/tasks/B699-Binomial/runs/20260911-low-index-lean-513dc7cc/lean/rows/Row045/Layer010PairBlock001.lean
research/tasks/B699-Binomial/runs/20260911-low-index-lean-513dc7cc/lean/rows/Row045/Layer010PairBlock002.lean
research/tasks/B699-Binomial/runs/20260911-low-index-lean-513dc7cc/lean/rows/Row045/Layer010PairBlock003.lean
research/tasks/B699-Binomial/runs/20260911-low-index-lean-513dc7cc/lean/rows/Row045/Layer010PairBlock004.lean
research/tasks/B699-Binomial/runs/20260911-low-index-lean-513dc7cc/lean/rows/Row045/Layer010PairBlock005.lean
research/tasks/B699-Binomial/runs/20260911-low-index-lean-513dc7cc/lean/rows/Row045/Layer010PairBlock006.lean
research/tasks/B699-Binomial/runs/20260911-low-index-lean-513dc7cc/lean/rows/Row045/Layer010Pairs.lean
research/tasks/B699-Binomial/runs/20260911-low-index-lean-513dc7cc/lean/rows/Row045/Layer010Checked.lean
research/tasks/B699-Binomial/runs/20260911-low-index-lean-513dc7cc/lean/rows/Row045/Layer011Arithmetic.lean
research/tasks/B699-Binomial/runs/20260911-low-index-lean-513dc7cc/lean/rows/Row045/Layer011Data.lean
research/tasks/B699-Binomial/runs/20260911-low-index-lean-513dc7cc/lean/rows/Row045/Layer011Enumeration.lean
research/tasks/B699-Binomial/runs/20260911-low-index-lean-513dc7cc/lean/rows/Row045/Layer011PairBlock000.lean
research/tasks/B699-Binomial/runs/20260911-low-index-lean-513dc7cc/lean/rows/Row045/Layer011PairBlock001.lean
research/tasks/B699-Binomial/runs/20260911-low-index-lean-513dc7cc/lean/rows/Row045/Layer011PairBlock002.lean
research/tasks/B699-Binomial/runs/20260911-low-index-lean-513dc7cc/lean/rows/Row045/Layer011PairBlock003.lean
research/tasks/B699-Binomial/runs/20260911-low-index-lean-513dc7cc/lean/rows/Row045/Layer011PairBlock004.lean
research/tasks/B699-Binomial/runs/20260911-low-index-lean-513dc7cc/lean/rows/Row045/Layer011PairBlock005.lean
research/tasks/B699-Binomial/runs/20260911-low-index-lean-513dc7cc/lean/rows/Row045/Layer011Pairs.lean
research/tasks/B699-Binomial/runs/20260911-low-index-lean-513dc7cc/lean/rows/Row045/Layer011Checked.lean
research/tasks/B699-Binomial/runs/20260911-low-index-lean-513dc7cc/lean/rows/Row045/Layers008.lean
research/tasks/B699-Binomial/runs/20260911-low-index-lean-513dc7cc/lean/rows/Row045/Layer012Arithmetic.lean
research/tasks/B699-Binomial/runs/20260911-low-index-lean-513dc7cc/lean/rows/Row045/Layer012Data.lean
research/tasks/B699-Binomial/runs/20260911-low-index-lean-513dc7cc/lean/rows/Row045/Layer012Enumeration.lean
research/tasks/B699-Binomial/runs/20260911-low-index-lean-513dc7cc/lean/rows/Row045/Layer012PairBlock000.lean
research/tasks/B699-Binomial/runs/20260911-low-index-lean-513dc7cc/lean/rows/Row045/Layer012PairBlock001.lean
research/tasks/B699-Binomial/runs/20260911-low-index-lean-513dc7cc/lean/rows/Row045/Layer012PairBlock002.lean
research/tasks/B699-Binomial/runs/20260911-low-index-lean-513dc7cc/lean/rows/Row045/Layer012PairBlock003.lean
research/tasks/B699-Binomial/runs/20260911-low-index-lean-513dc7cc/lean/rows/Row045/Layer012PairBlock004.lean
research/tasks/B699-Binomial/runs/20260911-low-index-lean-513dc7cc/lean/rows/Row045/Layer012PairBlock005.lean
research/tasks/B699-Binomial/runs/20260911-low-index-lean-513dc7cc/lean/rows/Row045/Layer012Pairs.lean
research/tasks/B699-Binomial/runs/20260911-low-index-lean-513dc7cc/lean/rows/Row045/Layer012Checked.lean
research/tasks/B699-Binomial/runs/20260911-low-index-lean-513dc7cc/lean/rows/Row045/Layer013Arithmetic.lean
research/tasks/B699-Binomial/runs/20260911-low-index-lean-513dc7cc/lean/rows/Row045/Layer013Data.lean
research/tasks/B699-Binomial/runs/20260911-low-index-lean-513dc7cc/lean/rows/Row045/Layer013Enumeration.lean
research/tasks/B699-Binomial/runs/20260911-low-index-lean-513dc7cc/lean/rows/Row045/Layer013PairBlock000.lean
research/tasks/B699-Binomial/runs/20260911-low-index-lean-513dc7cc/lean/rows/Row045/Layer013PairBlock001.lean
research/tasks/B699-Binomial/runs/20260911-low-index-lean-513dc7cc/lean/rows/Row045/Layer013PairBlock002.lean
research/tasks/B699-Binomial/runs/20260911-low-index-lean-513dc7cc/lean/rows/Row045/Layer013PairBlock003.lean
research/tasks/B699-Binomial/runs/20260911-low-index-lean-513dc7cc/lean/rows/Row045/Layer013PairBlock004.lean
research/tasks/B699-Binomial/runs/20260911-low-index-lean-513dc7cc/lean/rows/Row045/Layer013PairBlock005.lean
research/tasks/B699-Binomial/runs/20260911-low-index-lean-513dc7cc/lean/rows/Row045/Layer013PairBlock006.lean
research/tasks/B699-Binomial/runs/20260911-low-index-lean-513dc7cc/lean/rows/Row045/Layer013Pairs.lean
research/tasks/B699-Binomial/runs/20260911-low-index-lean-513dc7cc/lean/rows/Row045/Layer013Checked.lean
research/tasks/B699-Binomial/runs/20260911-low-index-lean-513dc7cc/lean/rows/Row045/Layer014Arithmetic.lean
research/tasks/B699-Binomial/runs/20260911-low-index-lean-513dc7cc/lean/rows/Row045/Layer014Data.lean
research/tasks/B699-Binomial/runs/20260911-low-index-lean-513dc7cc/lean/rows/Row045/Layer014Enumeration.lean
research/tasks/B699-Binomial/runs/20260911-low-index-lean-513dc7cc/lean/rows/Row045/Layer014PairBlock000.lean
research/tasks/B699-Binomial/runs/20260911-low-index-lean-513dc7cc/lean/rows/Row045/Layer014PairBlock001.lean
research/tasks/B699-Binomial/runs/20260911-low-index-lean-513dc7cc/lean/rows/Row045/Layer014PairBlock002.lean
research/tasks/B699-Binomial/runs/20260911-low-index-lean-513dc7cc/lean/rows/Row045/Layer014PairBlock003.lean
research/tasks/B699-Binomial/runs/20260911-low-index-lean-513dc7cc/lean/rows/Row045/Layer014PairBlock004.lean
research/tasks/B699-Binomial/runs/20260911-low-index-lean-513dc7cc/lean/rows/Row045/Layer014PairBlock005.lean
research/tasks/B699-Binomial/runs/20260911-low-index-lean-513dc7cc/lean/rows/Row045/Layer014PairBlock006.lean
research/tasks/B699-Binomial/runs/20260911-low-index-lean-513dc7cc/lean/rows/Row045/Layer014Pairs.lean
research/tasks/B699-Binomial/runs/20260911-low-index-lean-513dc7cc/lean/rows/Row045/Layer014Checked.lean
research/tasks/B699-Binomial/runs/20260911-low-index-lean-513dc7cc/lean/rows/Row045/Layer015Arithmetic.lean
research/tasks/B699-Binomial/runs/20260911-low-index-lean-513dc7cc/lean/rows/Row045/Layer015Data.lean
research/tasks/B699-Binomial/runs/20260911-low-index-lean-513dc7cc/lean/rows/Row045/Layer015Enumeration.lean
research/tasks/B699-Binomial/runs/20260911-low-index-lean-513dc7cc/lean/rows/Row045/Layer015PairBlock000.lean
research/tasks/B699-Binomial/runs/20260911-low-index-lean-513dc7cc/lean/rows/Row045/Layer015PairBlock001.lean
research/tasks/B699-Binomial/runs/20260911-low-index-lean-513dc7cc/lean/rows/Row045/Layer015PairBlock002.lean
research/tasks/B699-Binomial/runs/20260911-low-index-lean-513dc7cc/lean/rows/Row045/Layer015PairBlock003.lean
research/tasks/B699-Binomial/runs/20260911-low-index-lean-513dc7cc/lean/rows/Row045/Layer015PairBlock004.lean
research/tasks/B699-Binomial/runs/20260911-low-index-lean-513dc7cc/lean/rows/Row045/Layer015PairBlock005.lean
research/tasks/B699-Binomial/runs/20260911-low-index-lean-513dc7cc/lean/rows/Row045/Layer015Pairs.lean
research/tasks/B699-Binomial/runs/20260911-low-index-lean-513dc7cc/lean/rows/Row045/Layer015Checked.lean
research/tasks/B699-Binomial/runs/20260911-low-index-lean-513dc7cc/lean/rows/Row045/Layers012.lean
research/tasks/B699-Binomial/runs/20260911-low-index-lean-513dc7cc/lean/rows/Row045/Layer016Arithmetic.lean
research/tasks/B699-Binomial/runs/20260911-low-index-lean-513dc7cc/lean/rows/Row045/Layer016Data.lean
research/tasks/B699-Binomial/runs/20260911-low-index-lean-513dc7cc/lean/rows/Row045/Layer016Enumeration.lean
research/tasks/B699-Binomial/runs/20260911-low-index-lean-513dc7cc/lean/rows/Row045/Layer016PairBlock000.lean
research/tasks/B699-Binomial/runs/20260911-low-index-lean-513dc7cc/lean/rows/Row045/Layer016PairBlock001.lean
research/tasks/B699-Binomial/runs/20260911-low-index-lean-513dc7cc/lean/rows/Row045/Layer016PairBlock002.lean
research/tasks/B699-Binomial/runs/20260911-low-index-lean-513dc7cc/lean/rows/Row045/Layer016PairBlock003.lean
research/tasks/B699-Binomial/runs/20260911-low-index-lean-513dc7cc/lean/rows/Row045/Layer016PairBlock004.lean
research/tasks/B699-Binomial/runs/20260911-low-index-lean-513dc7cc/lean/rows/Row045/Layer016Pairs.lean
research/tasks/B699-Binomial/runs/20260911-low-index-lean-513dc7cc/lean/rows/Row045/Layer016Checked.lean
research/tasks/B699-Binomial/runs/20260911-low-index-lean-513dc7cc/lean/rows/Row045/Layer017Arithmetic.lean
research/tasks/B699-Binomial/runs/20260911-low-index-lean-513dc7cc/lean/rows/Row045/Layer017Data.lean
research/tasks/B699-Binomial/runs/20260911-low-index-lean-513dc7cc/lean/rows/Row045/Layer017Enumeration.lean
research/tasks/B699-Binomial/runs/20260911-low-index-lean-513dc7cc/lean/rows/Row045/Layer017PairBlock000.lean
research/tasks/B699-Binomial/runs/20260911-low-index-lean-513dc7cc/lean/rows/Row045/Layer017PairBlock001.lean
research/tasks/B699-Binomial/runs/20260911-low-index-lean-513dc7cc/lean/rows/Row045/Layer017PairBlock002.lean
research/tasks/B699-Binomial/runs/20260911-low-index-lean-513dc7cc/lean/rows/Row045/Layer017PairBlock003.lean
research/tasks/B699-Binomial/runs/20260911-low-index-lean-513dc7cc/lean/rows/Row045/Layer017PairBlock004.lean
research/tasks/B699-Binomial/runs/20260911-low-index-lean-513dc7cc/lean/rows/Row045/Layer017PairBlock005.lean
research/tasks/B699-Binomial/runs/20260911-low-index-lean-513dc7cc/lean/rows/Row045/Layer017Pairs.lean
research/tasks/B699-Binomial/runs/20260911-low-index-lean-513dc7cc/lean/rows/Row045/Layer017Checked.lean
research/tasks/B699-Binomial/runs/20260911-low-index-lean-513dc7cc/lean/rows/Row045/Layer018Arithmetic.lean
research/tasks/B699-Binomial/runs/20260911-low-index-lean-513dc7cc/lean/rows/Row045/Layer018Data.lean
research/tasks/B699-Binomial/runs/20260911-low-index-lean-513dc7cc/lean/rows/Row045/Layer018Enumeration.lean
research/tasks/B699-Binomial/runs/20260911-low-index-lean-513dc7cc/lean/rows/Row045/Layer018PairBlock000.lean
research/tasks/B699-Binomial/runs/20260911-low-index-lean-513dc7cc/lean/rows/Row045/Layer018PairBlock001.lean
research/tasks/B699-Binomial/runs/20260911-low-index-lean-513dc7cc/lean/rows/Row045/Layer018PairBlock002.lean
research/tasks/B699-Binomial/runs/20260911-low-index-lean-513dc7cc/lean/rows/Row045/Layer018PairBlock003.lean
research/tasks/B699-Binomial/runs/20260911-low-index-lean-513dc7cc/lean/rows/Row045/Layer018PairBlock004.lean
research/tasks/B699-Binomial/runs/20260911-low-index-lean-513dc7cc/lean/rows/Row045/Layer018PairBlock005.lean
research/tasks/B699-Binomial/runs/20260911-low-index-lean-513dc7cc/lean/rows/Row045/Layer018Pairs.lean
research/tasks/B699-Binomial/runs/20260911-low-index-lean-513dc7cc/lean/rows/Row045/Layer018Checked.lean
research/tasks/B699-Binomial/runs/20260911-low-index-lean-513dc7cc/lean/rows/Row045/Layer019Arithmetic.lean
research/tasks/B699-Binomial/runs/20260911-low-index-lean-513dc7cc/lean/rows/Row045/Layer019Data.lean
research/tasks/B699-Binomial/runs/20260911-low-index-lean-513dc7cc/lean/rows/Row045/Layer019Enumeration.lean
research/tasks/B699-Binomial/runs/20260911-low-index-lean-513dc7cc/lean/rows/Row045/Layer019PairBlock000.lean
research/tasks/B699-Binomial/runs/20260911-low-index-lean-513dc7cc/lean/rows/Row045/Layer019PairBlock001.lean
research/tasks/B699-Binomial/runs/20260911-low-index-lean-513dc7cc/lean/rows/Row045/Layer019PairBlock002.lean
research/tasks/B699-Binomial/runs/20260911-low-index-lean-513dc7cc/lean/rows/Row045/Layer019PairBlock003.lean
research/tasks/B699-Binomial/runs/20260911-low-index-lean-513dc7cc/lean/rows/Row045/Layer019PairBlock004.lean
research/tasks/B699-Binomial/runs/20260911-low-index-lean-513dc7cc/lean/rows/Row045/Layer019Pairs.lean
research/tasks/B699-Binomial/runs/20260911-low-index-lean-513dc7cc/lean/rows/Row045/Layer019Checked.lean
research/tasks/B699-Binomial/runs/20260911-low-index-lean-513dc7cc/lean/rows/Row045/Layers016.lean
research/tasks/B699-Binomial/runs/20260911-low-index-lean-513dc7cc/lean/rows/Row045/Layer020Arithmetic.lean
research/tasks/B699-Binomial/runs/20260911-low-index-lean-513dc7cc/lean/rows/Row045/Layer020Data.lean
research/tasks/B699-Binomial/runs/20260911-low-index-lean-513dc7cc/lean/rows/Row045/Layer020Enumeration.lean
research/tasks/B699-Binomial/runs/20260911-low-index-lean-513dc7cc/lean/rows/Row045/Layer020PairBlock000.lean
research/tasks/B699-Binomial/runs/20260911-low-index-lean-513dc7cc/lean/rows/Row045/Layer020PairBlock001.lean
research/tasks/B699-Binomial/runs/20260911-low-index-lean-513dc7cc/lean/rows/Row045/Layer020PairBlock002.lean
research/tasks/B699-Binomial/runs/20260911-low-index-lean-513dc7cc/lean/rows/Row045/Layer020PairBlock003.lean
research/tasks/B699-Binomial/runs/20260911-low-index-lean-513dc7cc/lean/rows/Row045/Layer020PairBlock004.lean
research/tasks/B699-Binomial/runs/20260911-low-index-lean-513dc7cc/lean/rows/Row045/Layer020Pairs.lean
research/tasks/B699-Binomial/runs/20260911-low-index-lean-513dc7cc/lean/rows/Row045/Layer020Checked.lean
research/tasks/B699-Binomial/runs/20260911-low-index-lean-513dc7cc/lean/rows/Row045/Layer021Arithmetic.lean
research/tasks/B699-Binomial/runs/20260911-low-index-lean-513dc7cc/lean/rows/Row045/Layer021Data.lean
research/tasks/B699-Binomial/runs/20260911-low-index-lean-513dc7cc/lean/rows/Row045/Layer021Enumeration.lean
research/tasks/B699-Binomial/runs/20260911-low-index-lean-513dc7cc/lean/rows/Row045/Layer021PairBlock000.lean
research/tasks/B699-Binomial/runs/20260911-low-index-lean-513dc7cc/lean/rows/Row045/Layer021PairBlock001.lean
research/tasks/B699-Binomial/runs/20260911-low-index-lean-513dc7cc/lean/rows/Row045/Layer021PairBlock002.lean
research/tasks/B699-Binomial/runs/20260911-low-index-lean-513dc7cc/lean/rows/Row045/Layer021PairBlock003.lean
research/tasks/B699-Binomial/runs/20260911-low-index-lean-513dc7cc/lean/rows/Row045/Layer021PairBlock004.lean
research/tasks/B699-Binomial/runs/20260911-low-index-lean-513dc7cc/lean/rows/Row045/Layer021Pairs.lean
research/tasks/B699-Binomial/runs/20260911-low-index-lean-513dc7cc/lean/rows/Row045/Layer021Checked.lean
research/tasks/B699-Binomial/runs/20260911-low-index-lean-513dc7cc/lean/rows/Row045/Layer022Arithmetic.lean
research/tasks/B699-Binomial/runs/20260911-low-index-lean-513dc7cc/lean/rows/Row045/Layer022Data.lean
research/tasks/B699-Binomial/runs/20260911-low-index-lean-513dc7cc/lean/rows/Row045/Layer022Enumeration.lean
research/tasks/B699-Binomial/runs/20260911-low-index-lean-513dc7cc/lean/rows/Row045/Layer022PairBlock000.lean
research/tasks/B699-Binomial/runs/20260911-low-index-lean-513dc7cc/lean/rows/Row045/Layer022PairBlock001.lean
research/tasks/B699-Binomial/runs/20260911-low-index-lean-513dc7cc/lean/rows/Row045/Layer022PairBlock002.lean
research/tasks/B699-Binomial/runs/20260911-low-index-lean-513dc7cc/lean/rows/Row045/Layer022PairBlock003.lean
research/tasks/B699-Binomial/runs/20260911-low-index-lean-513dc7cc/lean/rows/Row045/Layer022PairBlock004.lean
research/tasks/B699-Binomial/runs/20260911-low-index-lean-513dc7cc/lean/rows/Row045/Layer022Pairs.lean
research/tasks/B699-Binomial/runs/20260911-low-index-lean-513dc7cc/lean/rows/Row045/Layer022Checked.lean
research/tasks/B699-Binomial/runs/20260911-low-index-lean-513dc7cc/lean/rows/Row045/Layers020.lean
research/tasks/B699-Binomial/runs/20260911-low-index-lean-513dc7cc/lean/rows/Row045/Layer024Arithmetic.lean
research/tasks/B699-Binomial/runs/20260911-low-index-lean-513dc7cc/lean/rows/Row045/Layer024Data.lean
research/tasks/B699-Binomial/runs/20260911-low-index-lean-513dc7cc/lean/rows/Row045/Layer024Enumeration.lean
research/tasks/B699-Binomial/runs/20260911-low-index-lean-513dc7cc/lean/rows/Row045/Layer024PairBlock000.lean
research/tasks/B699-Binomial/runs/20260911-low-index-lean-513dc7cc/lean/rows/Row045/Layer024PairBlock001.lean
research/tasks/B699-Binomial/runs/20260911-low-index-lean-513dc7cc/lean/rows/Row045/Layer024PairBlock002.lean
research/tasks/B699-Binomial/runs/20260911-low-index-lean-513dc7cc/lean/rows/Row045/Layer024PairBlock003.lean
research/tasks/B699-Binomial/runs/20260911-low-index-lean-513dc7cc/lean/rows/Row045/Layer024PairBlock004.lean
research/tasks/B699-Binomial/runs/20260911-low-index-lean-513dc7cc/lean/rows/Row045/Layer024Pairs.lean
research/tasks/B699-Binomial/runs/20260911-low-index-lean-513dc7cc/lean/rows/Row045/Layer024Checked.lean
research/tasks/B699-Binomial/runs/20260911-low-index-lean-513dc7cc/lean/rows/Row045/Layer025Arithmetic.lean
research/tasks/B699-Binomial/runs/20260911-low-index-lean-513dc7cc/lean/rows/Row045/Layer025Data.lean
research/tasks/B699-Binomial/runs/20260911-low-index-lean-513dc7cc/lean/rows/Row045/Layer025Enumeration.lean
research/tasks/B699-Binomial/runs/20260911-low-index-lean-513dc7cc/lean/rows/Row045/Layer025PairBlock000.lean
research/tasks/B699-Binomial/runs/20260911-low-index-lean-513dc7cc/lean/rows/Row045/Layer025PairBlock001.lean
research/tasks/B699-Binomial/runs/20260911-low-index-lean-513dc7cc/lean/rows/Row045/Layer025PairBlock002.lean
research/tasks/B699-Binomial/runs/20260911-low-index-lean-513dc7cc/lean/rows/Row045/Layer025PairBlock003.lean
research/tasks/B699-Binomial/runs/20260911-low-index-lean-513dc7cc/lean/rows/Row045/Layer025PairBlock004.lean
research/tasks/B699-Binomial/runs/20260911-low-index-lean-513dc7cc/lean/rows/Row045/Layer025Pairs.lean
research/tasks/B699-Binomial/runs/20260911-low-index-lean-513dc7cc/lean/rows/Row045/Layer025Checked.lean
research/tasks/B699-Binomial/runs/20260911-low-index-lean-513dc7cc/lean/rows/Row045/Layers024.lean
research/tasks/B699-Binomial/runs/20260911-low-index-lean-513dc7cc/lean/rows/Row045/Layer029Arithmetic.lean
research/tasks/B699-Binomial/runs/20260911-low-index-lean-513dc7cc/lean/rows/Row045/Layer029Data.lean
research/tasks/B699-Binomial/runs/20260911-low-index-lean-513dc7cc/lean/rows/Row045/Layer029Enumeration.lean
research/tasks/B699-Binomial/runs/20260911-low-index-lean-513dc7cc/lean/rows/Row045/Layer029PairBlock000.lean
research/tasks/B699-Binomial/runs/20260911-low-index-lean-513dc7cc/lean/rows/Row045/Layer029PairBlock001.lean
research/tasks/B699-Binomial/runs/20260911-low-index-lean-513dc7cc/lean/rows/Row045/Layer029PairBlock002.lean
research/tasks/B699-Binomial/runs/20260911-low-index-lean-513dc7cc/lean/rows/Row045/Layer029PairBlock003.lean
research/tasks/B699-Binomial/runs/20260911-low-index-lean-513dc7cc/lean/rows/Row045/Layer029PairBlock004.lean
research/tasks/B699-Binomial/runs/20260911-low-index-lean-513dc7cc/lean/rows/Row045/Layer029Pairs.lean
research/tasks/B699-Binomial/runs/20260911-low-index-lean-513dc7cc/lean/rows/Row045/Layer029Checked.lean
research/tasks/B699-Binomial/runs/20260911-low-index-lean-513dc7cc/lean/rows/Row045/Layers028.lean
research/tasks/B699-Binomial/runs/20260911-low-index-lean-513dc7cc/lean/rows/Row045/Layers032.lean
research/tasks/B699-Binomial/runs/20260911-low-index-lean-513dc7cc/lean/rows/Row045/Layers036.lean
research/tasks/B699-Binomial/runs/20260911-low-index-lean-513dc7cc/lean/rows/Row045/Layers040.lean
research/tasks/B699-Binomial/runs/20260911-low-index-lean-513dc7cc/lean/rows/Row045/Layers044.lean
research/tasks/B699-Binomial/runs/20260911-low-index-lean-513dc7cc/lean/rows/Row045/Layers048.lean
research/tasks/B699-Binomial/runs/20260911-low-index-lean-513dc7cc/lean/rows/Row045/Layers052.lean
research/tasks/B699-Binomial/runs/20260911-low-index-lean-513dc7cc/lean/rows/Row045/Layers056.lean
research/tasks/B699-Binomial/runs/20260911-low-index-lean-513dc7cc/lean/rows/Row045/Layers060.lean
research/tasks/B699-Binomial/runs/20260911-low-index-lean-513dc7cc/lean/rows/Row045/Layers064.lean
research/tasks/B699-Binomial/runs/20260911-low-index-lean-513dc7cc/lean/rows/Row045/Layers068.lean
research/tasks/B699-Binomial/runs/20260911-low-index-lean-513dc7cc/lean/rows/Row045/Layers072.lean
research/tasks/B699-Binomial/runs/20260911-low-index-lean-513dc7cc/lean/rows/Row045/Layers076.lean
research/tasks/B699-Binomial/runs/20260911-low-index-lean-513dc7cc/lean/rows/Row045/Layers080.lean
research/tasks/B699-Binomial/runs/20260911-low-index-lean-513dc7cc/lean/rows/Row045/Layers084.lean
research/tasks/B699-Binomial/runs/20260911-low-index-lean-513dc7cc/lean/rows/Row045/Layers088.lean
research/tasks/B699-Binomial/runs/20260911-low-index-lean-513dc7cc/lean/rows/Row045/Layers092.lean
research/tasks/B699-Binomial/runs/20260911-low-index-lean-513dc7cc/lean/rows/Row045/Layers096.lean
research/tasks/B699-Binomial/runs/20260911-low-index-lean-513dc7cc/lean/rows/Row045/Layers100.lean
research/tasks/B699-Binomial/runs/20260911-low-index-lean-513dc7cc/lean/rows/Row045/LayersChecked.lean
research/tasks/B699-Binomial/runs/20260911-low-index-lean-513dc7cc/lean/rows/Row045/Checked.lean
research/tasks/B699-Binomial/runs/20260911-low-index-lean-513dc7cc/lean/rows/Row045/Original.lean
research/tasks/B699-Binomial/runs/20260911-low-index-lean-513dc7cc/lean/HuanRecoveredOriginals.lean
research/tasks/B699-Binomial/runs/20260911-low-index-lean-513dc7cc/lean/rows/Row046B8/Block000.lean
research/tasks/B699-Binomial/runs/20260911-low-index-lean-513dc7cc/lean/rows/Row046B8/Block001.lean
research/tasks/B699-Binomial/runs/20260911-low-index-lean-513dc7cc/lean/rows/Row046B8/Block002.lean
research/tasks/B699-Binomial/runs/20260911-low-index-lean-513dc7cc/lean/rows/Row046B8/Block003.lean
research/tasks/B699-Binomial/runs/20260911-low-index-lean-513dc7cc/lean/rows/Row046B8/Block004.lean
research/tasks/B699-Binomial/runs/20260911-low-index-lean-513dc7cc/lean/rows/Row046B8/Block005.lean
research/tasks/B699-Binomial/runs/20260911-low-index-lean-513dc7cc/lean/rows/Row046B8/Block006.lean
research/tasks/B699-Binomial/runs/20260911-low-index-lean-513dc7cc/lean/rows/Row046B8/Block007.lean
research/tasks/B699-Binomial/runs/20260911-low-index-lean-513dc7cc/lean/rows/Row046B8/Block008.lean
research/tasks/B699-Binomial/runs/20260911-low-index-lean-513dc7cc/lean/rows/Row046B8/Block009.lean
research/tasks/B699-Binomial/runs/20260911-low-index-lean-513dc7cc/lean/rows/Row046B8/Block010.lean
research/tasks/B699-Binomial/runs/20260911-low-index-lean-513dc7cc/lean/rows/Row046B8/Block015.lean
research/tasks/B699-Binomial/runs/20260911-low-index-lean-513dc7cc/lean/rows/Row046B8/Block011.lean
research/tasks/B699-Binomial/runs/20260911-low-index-lean-513dc7cc/lean/rows/Row046B8/Block012.lean
research/tasks/B699-Binomial/runs/20260911-low-index-lean-513dc7cc/lean/rows/Row046B8/Block013.lean
research/tasks/B699-Binomial/runs/20260911-low-index-lean-513dc7cc/lean/rows/Row046B8/Block014.lean
research/tasks/B699-Binomial/runs/20260911-low-index-lean-513dc7cc/lean/rows/Row046B8/Block016.lean
research/tasks/B699-Binomial/runs/20260911-low-index-lean-513dc7cc/lean/rows/Row046B8/Block021.lean
research/tasks/B699-Binomial/runs/20260911-low-index-lean-513dc7cc/lean/rows/Row046B8/Block017.lean
research/tasks/B699-Binomial/runs/20260911-low-index-lean-513dc7cc/lean/rows/Row046B8/Block018.lean
research/tasks/B699-Binomial/runs/20260911-low-index-lean-513dc7cc/lean/rows/Row046B8/Block019.lean
research/tasks/B699-Binomial/runs/20260911-low-index-lean-513dc7cc/lean/rows/Row046B8/Block020.lean
research/tasks/B699-Binomial/runs/20260911-low-index-lean-513dc7cc/lean/rows/Row046B8/Block022.lean
research/tasks/B699-Binomial/runs/20260911-low-index-lean-513dc7cc/lean/rows/Row046B8/Block023.lean
research/tasks/B699-Binomial/runs/20260911-low-index-lean-513dc7cc/lean/rows/Row046B8/Block024.lean
research/tasks/B699-Binomial/runs/20260911-low-index-lean-513dc7cc/lean/rows/Row046B8/Block025.lean
research/tasks/B699-Binomial/runs/20260911-low-index-lean-513dc7cc/lean/rows/Row046B8/Block026.lean
research/tasks/B699-Binomial/runs/20260911-low-index-lean-513dc7cc/lean/rows/Row046B8/Block027.lean
research/tasks/B699-Binomial/runs/20260911-low-index-lean-513dc7cc/lean/rows/Row046B8/Block028.lean
research/tasks/B699-Binomial/runs/20260911-low-index-lean-513dc7cc/lean/rows/Row046B8/Original.lean
research/tasks/B699-Binomial/runs/20260911-low-index-lean-513dc7cc/lean/rows/Row047B8/Block000.lean
research/tasks/B699-Binomial/runs/20260911-low-index-lean-513dc7cc/lean/rows/Row047B8/Block001.lean
research/tasks/B699-Binomial/runs/20260911-low-index-lean-513dc7cc/lean/rows/Row047B8/Block002.lean
research/tasks/B699-Binomial/runs/20260911-low-index-lean-513dc7cc/lean/rows/Row047B8/Block003.lean
research/tasks/B699-Binomial/runs/20260911-low-index-lean-513dc7cc/lean/rows/Row047B8/Block004.lean
research/tasks/B699-Binomial/runs/20260911-low-index-lean-513dc7cc/lean/rows/Row047B8/Block005.lean
research/tasks/B699-Binomial/runs/20260911-low-index-lean-513dc7cc/lean/rows/Row047B8/Block006.lean
research/tasks/B699-Binomial/runs/20260911-low-index-lean-513dc7cc/lean/rows/Row047B8/Block007.lean
research/tasks/B699-Binomial/runs/20260911-low-index-lean-513dc7cc/lean/rows/Row047B8/Block008.lean
research/tasks/B699-Binomial/runs/20260911-low-index-lean-513dc7cc/lean/rows/Row047B8/Block009.lean
research/tasks/B699-Binomial/runs/20260911-low-index-lean-513dc7cc/lean/rows/Row047B8/Block010.lean
research/tasks/B699-Binomial/runs/20260911-low-index-lean-513dc7cc/lean/rows/Row047B8/Block011.lean
research/tasks/B699-Binomial/runs/20260911-low-index-lean-513dc7cc/lean/rows/Row047B8/Block012.lean
research/tasks/B699-Binomial/runs/20260911-low-index-lean-513dc7cc/lean/rows/Row047B8/Block013.lean
research/tasks/B699-Binomial/runs/20260911-low-index-lean-513dc7cc/lean/rows/Row047B8/Block014.lean
research/tasks/B699-Binomial/runs/20260911-low-index-lean-513dc7cc/lean/rows/Row047B8/Block015.lean
research/tasks/B699-Binomial/runs/20260911-low-index-lean-513dc7cc/lean/rows/Row047B8/Block016.lean
research/tasks/B699-Binomial/runs/20260911-low-index-lean-513dc7cc/lean/rows/Row047B8/Block017.lean
research/tasks/B699-Binomial/runs/20260911-low-index-lean-513dc7cc/lean/rows/Row047B8/Block018.lean
research/tasks/B699-Binomial/runs/20260911-low-index-lean-513dc7cc/lean/rows/Row047B8/Block019.lean
research/tasks/B699-Binomial/runs/20260911-low-index-lean-513dc7cc/lean/rows/Row047B8/Block020.lean
research/tasks/B699-Binomial/runs/20260911-low-index-lean-513dc7cc/lean/rows/Row047B8/Block021.lean
research/tasks/B699-Binomial/runs/20260911-low-index-lean-513dc7cc/lean/rows/Row047B8/Block022.lean
research/tasks/B699-Binomial/runs/20260911-low-index-lean-513dc7cc/lean/rows/Row047B8/Block023.lean
research/tasks/B699-Binomial/runs/20260911-low-index-lean-513dc7cc/lean/rows/Row047B8/Block024.lean
research/tasks/B699-Binomial/runs/20260911-low-index-lean-513dc7cc/lean/rows/Row047B8/Block025.lean
research/tasks/B699-Binomial/runs/20260911-low-index-lean-513dc7cc/lean/rows/Row047B8/Original.lean
research/tasks/B699-Binomial/runs/20260911-low-index-lean-513dc7cc/lean/rows/Row048B8/Block000.lean
research/tasks/B699-Binomial/runs/20260911-low-index-lean-513dc7cc/lean/rows/Row048B8/Block003.lean
research/tasks/B699-Binomial/runs/20260911-low-index-lean-513dc7cc/lean/rows/Row048B8/Block004.lean
research/tasks/B699-Binomial/runs/20260911-low-index-lean-513dc7cc/lean/rows/Row048B8/Block005.lean
research/tasks/B699-Binomial/runs/20260911-low-index-lean-513dc7cc/lean/rows/Row048B8/Block006.lean
research/tasks/B699-Binomial/runs/20260911-low-index-lean-513dc7cc/lean/rows/Row048B8/Block007.lean
research/tasks/B699-Binomial/runs/20260911-low-index-lean-513dc7cc/lean/rows/Row048B8/Block008.lean
research/tasks/B699-Binomial/runs/20260911-low-index-lean-513dc7cc/lean/rows/Row048B8/Block009.lean
research/tasks/B699-Binomial/runs/20260911-low-index-lean-513dc7cc/lean/rows/Row048B8/Block010.lean
research/tasks/B699-Binomial/runs/20260911-low-index-lean-513dc7cc/lean/rows/Row048B8/Block011.lean
research/tasks/B699-Binomial/runs/20260911-low-index-lean-513dc7cc/lean/rows/Row048B8/Block012.lean
research/tasks/B699-Binomial/runs/20260911-low-index-lean-513dc7cc/lean/rows/Row048B8/Block013.lean
research/tasks/B699-Binomial/runs/20260911-low-index-lean-513dc7cc/lean/rows/Row048B8/Block014.lean
research/tasks/B699-Binomial/runs/20260911-low-index-lean-513dc7cc/lean/rows/Row048B8/Block015.lean
research/tasks/B699-Binomial/runs/20260911-low-index-lean-513dc7cc/lean/rows/Row048B8/Block016.lean
research/tasks/B699-Binomial/runs/20260911-low-index-lean-513dc7cc/lean/rows/Row048B8/Block017.lean
research/tasks/B699-Binomial/runs/20260911-low-index-lean-513dc7cc/lean/rows/Row048B8/Block018.lean
research/tasks/B699-Binomial/runs/20260911-low-index-lean-513dc7cc/lean/rows/Row048B8/Block020.lean
research/tasks/B699-Binomial/runs/20260911-low-index-lean-513dc7cc/lean/rows/Row048B8/Block021.lean
research/tasks/B699-Binomial/runs/20260911-low-index-lean-513dc7cc/lean/rows/Row048B8/Block022.lean
research/tasks/B699-Binomial/runs/20260911-low-index-lean-513dc7cc/lean/rows/Row048B8/Block023.lean
research/tasks/B699-Binomial/runs/20260911-low-index-lean-513dc7cc/lean/rows/Row048B8/Block019.lean
research/tasks/B699-Binomial/runs/20260911-low-index-lean-513dc7cc/lean/rows/Row048B8/Block024.lean
research/tasks/B699-Binomial/runs/20260911-low-index-lean-513dc7cc/lean/rows/Row048B8/Block025.lean
research/tasks/B699-Binomial/runs/20260911-low-index-lean-513dc7cc/lean/rows/Row048B8/Block026.lean
research/tasks/B699-Binomial/runs/20260911-low-index-lean-513dc7cc/lean/rows/Row048B8/Block027.lean
research/tasks/B699-Binomial/runs/20260911-low-index-lean-513dc7cc/lean/rows/Row048B8/Block028.lean
research/tasks/B699-Binomial/runs/20260911-low-index-lean-513dc7cc/lean/rows/Row048B8/Block029.lean
research/tasks/B699-Binomial/runs/20260911-low-index-lean-513dc7cc/lean/rows/Row048B8/Block030.lean
research/tasks/B699-Binomial/runs/20260911-low-index-lean-513dc7cc/lean/rows/Row048B8/Block031.lean
research/tasks/B699-Binomial/runs/20260911-low-index-lean-513dc7cc/lean/rows/Row048B8/Block032.lean
research/tasks/B699-Binomial/runs/20260911-low-index-lean-513dc7cc/lean/rows/Row048B8/Block033.lean
research/tasks/B699-Binomial/runs/20260911-low-index-lean-513dc7cc/lean/rows/Row048B8/Block034.lean
research/tasks/B699-Binomial/runs/20260911-low-index-lean-513dc7cc/lean/rows/Row048B8/Block035.lean
research/tasks/B699-Binomial/runs/20260911-low-index-lean-513dc7cc/lean/rows/Row048B8/Block036.lean
research/tasks/B699-Binomial/runs/20260911-low-index-lean-513dc7cc/lean/rows/Row048B8/Block037.lean
research/tasks/B699-Binomial/runs/20260911-low-index-lean-513dc7cc/lean/rows/Row048B8/Block038.lean
research/tasks/B699-Binomial/runs/20260911-low-index-lean-513dc7cc/lean/rows/Row048B8/Block039.lean
research/tasks/B699-Binomial/runs/20260911-low-index-lean-513dc7cc/lean/rows/Row048B8/Block040.lean
research/tasks/B699-Binomial/runs/20260911-low-index-lean-513dc7cc/lean/rows/Row048B8/Block041.lean
research/tasks/B699-Binomial/runs/20260911-low-index-lean-513dc7cc/lean/rows/Row048B8/Block044.lean
research/tasks/B699-Binomial/runs/20260911-low-index-lean-513dc7cc/lean/rows/Row048B8/Block042.lean
research/tasks/B699-Binomial/runs/20260911-low-index-lean-513dc7cc/lean/rows/Row048B8/Block043.lean
research/tasks/B699-Binomial/runs/20260911-low-index-lean-513dc7cc/lean/rows/Row048B8/Block045.lean
research/tasks/B699-Binomial/runs/20260911-low-index-lean-513dc7cc/lean/rows/Row048B8/Block046.lean
research/tasks/B699-Binomial/runs/20260911-low-index-lean-513dc7cc/lean/rows/Row048B8/Block047.lean
research/tasks/B699-Binomial/runs/20260911-low-index-lean-513dc7cc/lean/rows/Row048B8/Block048.lean
research/tasks/B699-Binomial/runs/20260911-low-index-lean-513dc7cc/lean/rows/Row048B8/Block001.lean
research/tasks/B699-Binomial/runs/20260911-low-index-lean-513dc7cc/lean/rows/Row048B8/Block002.lean
research/tasks/B699-Binomial/runs/20260911-low-index-lean-513dc7cc/lean/rows/Row048B8/Original.lean
research/tasks/B699-Binomial/runs/20260911-low-index-lean-513dc7cc/lean/rows/Row049B64/Block000.lean
research/tasks/B699-Binomial/runs/20260911-low-index-lean-513dc7cc/lean/rows/Row049B64/Block001.lean
research/tasks/B699-Binomial/runs/20260911-low-index-lean-513dc7cc/lean/rows/Row049B64/Block002.lean
research/tasks/B699-Binomial/runs/20260911-low-index-lean-513dc7cc/lean/rows/Row049B64/Block003.lean
research/tasks/B699-Binomial/runs/20260911-low-index-lean-513dc7cc/lean/rows/Row049B64/Original.lean
research/tasks/B699-Binomial/runs/20260911-low-index-lean-513dc7cc/lean/rows/Row050B64/Block000.lean
research/tasks/B699-Binomial/runs/20260911-low-index-lean-513dc7cc/lean/rows/Row050B64/Block001.lean
research/tasks/B699-Binomial/runs/20260911-low-index-lean-513dc7cc/lean/rows/Row050B64/Block002.lean
research/tasks/B699-Binomial/runs/20260911-low-index-lean-513dc7cc/lean/rows/Row050B64/Original.lean
research/tasks/B699-Binomial/runs/20260911-low-index-lean-513dc7cc/lean/rows/Row051B64/Block000.lean
research/tasks/B699-Binomial/runs/20260911-low-index-lean-513dc7cc/lean/rows/Row051B64/Block001.lean
research/tasks/B699-Binomial/runs/20260911-low-index-lean-513dc7cc/lean/rows/Row051B64/Original.lean
research/tasks/B699-Binomial/runs/20260911-low-index-lean-513dc7cc/lean/rows/Row052B64/Block000.lean
research/tasks/B699-Binomial/runs/20260911-low-index-lean-513dc7cc/lean/rows/Row052B64/Original.lean
research/tasks/B699-Binomial/runs/20260911-low-index-lean-513dc7cc/lean/rows/Row053B64/Block000.lean
research/tasks/B699-Binomial/runs/20260911-low-index-lean-513dc7cc/lean/rows/Row053B64/Original.lean
research/tasks/B699-Binomial/runs/20260911-low-index-lean-513dc7cc/lean/rows/Row054B64/Block000.lean
research/tasks/B699-Binomial/runs/20260911-low-index-lean-513dc7cc/lean/rows/Row054B64/Block001.lean
research/tasks/B699-Binomial/runs/20260911-low-index-lean-513dc7cc/lean/rows/Row054B64/Original.lean
research/tasks/B699-Binomial/runs/20260911-low-index-lean-513dc7cc/lean/rows/Row055B64/Block000.lean
research/tasks/B699-Binomial/runs/20260911-low-index-lean-513dc7cc/lean/rows/Row055B64/Block001.lean
research/tasks/B699-Binomial/runs/20260911-low-index-lean-513dc7cc/lean/rows/Row055B64/Original.lean
research/tasks/B699-Binomial/runs/20260911-low-index-lean-513dc7cc/lean/rows/Row056B64/Block000.lean
research/tasks/B699-Binomial/runs/20260911-low-index-lean-513dc7cc/lean/rows/Row056B64/Original.lean
research/tasks/B699-Binomial/runs/20260911-low-index-lean-513dc7cc/lean/rows/Row057B64/Block000.lean
research/tasks/B699-Binomial/runs/20260911-low-index-lean-513dc7cc/lean/rows/Row057B64/Original.lean
research/tasks/B699-Binomial/runs/20260911-low-index-lean-513dc7cc/lean/rows/Row058B64/Block000.lean
research/tasks/B699-Binomial/runs/20260911-low-index-lean-513dc7cc/lean/rows/Row058B64/Original.lean
research/tasks/B699-Binomial/runs/20260911-low-index-lean-513dc7cc/lean/rows/Row059B64/Block000.lean
research/tasks/B699-Binomial/runs/20260911-low-index-lean-513dc7cc/lean/rows/Row059B64/Original.lean
research/tasks/B699-Binomial/runs/20260911-low-index-lean-513dc7cc/lean/rows/Row060B64/Block000.lean
research/tasks/B699-Binomial/runs/20260911-low-index-lean-513dc7cc/lean/rows/Row060B64/Original.lean
research/tasks/B699-Binomial/runs/20260911-low-index-lean-513dc7cc/lean/rows/Row061B64/Block000.lean
research/tasks/B699-Binomial/runs/20260911-low-index-lean-513dc7cc/lean/rows/Row061B64/Original.lean
research/tasks/B699-Binomial/runs/20260911-low-index-lean-513dc7cc/lean/rows/Row062B64/Block000.lean
research/tasks/B699-Binomial/runs/20260911-low-index-lean-513dc7cc/lean/rows/Row062B64/Block001.lean
research/tasks/B699-Binomial/runs/20260911-low-index-lean-513dc7cc/lean/rows/Row062B64/Original.lean
research/tasks/B699-Binomial/runs/20260911-low-index-lean-513dc7cc/lean/rows/Row063B64/Block000.lean
research/tasks/B699-Binomial/runs/20260911-low-index-lean-513dc7cc/lean/rows/Row063B64/Block001.lean
research/tasks/B699-Binomial/runs/20260911-low-index-lean-513dc7cc/lean/rows/Row063B64/Original.lean
research/tasks/B699-Binomial/runs/20260911-low-index-lean-513dc7cc/lean/rows/Row064B64/Block000.lean
research/tasks/B699-Binomial/runs/20260911-low-index-lean-513dc7cc/lean/rows/Row064B64/Original.lean
research/tasks/B699-Binomial/runs/20260911-low-index-lean-513dc7cc/lean/rows/Row065B64/Block000.lean
research/tasks/B699-Binomial/runs/20260911-low-index-lean-513dc7cc/lean/rows/Row065B64/Original.lean
research/tasks/B699-Binomial/runs/20260911-low-index-lean-513dc7cc/lean/rows/Row066B64/Block000.lean
research/tasks/B699-Binomial/runs/20260911-low-index-lean-513dc7cc/lean/rows/Row066B64/Original.lean
research/tasks/B699-Binomial/runs/20260911-low-index-lean-513dc7cc/lean/rows/Row067B64/Block000.lean
research/tasks/B699-Binomial/runs/20260911-low-index-lean-513dc7cc/lean/rows/Row067B64/Original.lean
research/tasks/B699-Binomial/runs/20260911-low-index-lean-513dc7cc/lean/rows/Row068B64/Block000.lean
research/tasks/B699-Binomial/runs/20260911-low-index-lean-513dc7cc/lean/rows/Row068B64/Original.lean
research/tasks/B699-Binomial/runs/20260911-low-index-lean-513dc7cc/lean/rows/Row069B64/Block000.lean
research/tasks/B699-Binomial/runs/20260911-low-index-lean-513dc7cc/lean/rows/Row069B64/Original.lean
research/tasks/B699-Binomial/runs/20260911-low-index-lean-513dc7cc/lean/rows/Row070B64/Block000.lean
research/tasks/B699-Binomial/runs/20260911-low-index-lean-513dc7cc/lean/rows/Row070B64/Original.lean
research/tasks/B699-Binomial/runs/20260911-low-index-lean-513dc7cc/lean/rows/Row071B64/Block000.lean
research/tasks/B699-Binomial/runs/20260911-low-index-lean-513dc7cc/lean/rows/Row071B64/Original.lean
research/tasks/B699-Binomial/runs/20260911-low-index-lean-513dc7cc/lean/rows/Row072B32/Block000.lean
research/tasks/B699-Binomial/runs/20260911-low-index-lean-513dc7cc/lean/rows/Row072B32/Block001.lean
research/tasks/B699-Binomial/runs/20260911-low-index-lean-513dc7cc/lean/rows/Row072B32/Original.lean
research/tasks/B699-Binomial/runs/20260911-low-index-lean-513dc7cc/lean/rows/Row073B32/Block000.lean
research/tasks/B699-Binomial/runs/20260911-low-index-lean-513dc7cc/lean/rows/Row073B32/Block001.lean
research/tasks/B699-Binomial/runs/20260911-low-index-lean-513dc7cc/lean/rows/Row073B32/Block002.lean
research/tasks/B699-Binomial/runs/20260911-low-index-lean-513dc7cc/lean/rows/Row073B32/Block003.lean
research/tasks/B699-Binomial/runs/20260911-low-index-lean-513dc7cc/lean/rows/Row073B32/Original.lean
research/tasks/B699-Binomial/runs/20260911-low-index-lean-513dc7cc/lean/rows/Row074B32/Block000.lean
research/tasks/B699-Binomial/runs/20260911-low-index-lean-513dc7cc/lean/rows/Row074B32/Block001.lean
research/tasks/B699-Binomial/runs/20260911-low-index-lean-513dc7cc/lean/rows/Row074B32/Block002.lean
research/tasks/B699-Binomial/runs/20260911-low-index-lean-513dc7cc/lean/rows/Row074B32/Block003.lean
research/tasks/B699-Binomial/runs/20260911-low-index-lean-513dc7cc/lean/rows/Row074B32/Block004.lean
research/tasks/B699-Binomial/runs/20260911-low-index-lean-513dc7cc/lean/rows/Row074B32/Original.lean
research/tasks/B699-Binomial/runs/20260911-low-index-lean-513dc7cc/lean/rows/Row075B32/Block000.lean
research/tasks/B699-Binomial/runs/20260911-low-index-lean-513dc7cc/lean/rows/Row075B32/Block001.lean
research/tasks/B699-Binomial/runs/20260911-low-index-lean-513dc7cc/lean/rows/Row075B32/Block002.lean
research/tasks/B699-Binomial/runs/20260911-low-index-lean-513dc7cc/lean/rows/Row075B32/Block003.lean
research/tasks/B699-Binomial/runs/20260911-low-index-lean-513dc7cc/lean/rows/Row075B32/Original.lean
research/tasks/B699-Binomial/runs/20260911-low-index-lean-513dc7cc/lean/rows/Row076B16/Block000.lean
research/tasks/B699-Binomial/runs/20260911-low-index-lean-513dc7cc/lean/rows/Row076B16/Block001.lean
research/tasks/B699-Binomial/runs/20260911-low-index-lean-513dc7cc/lean/rows/Row076B16/Block005.lean
research/tasks/B699-Binomial/runs/20260911-low-index-lean-513dc7cc/lean/rows/Row076B16/Block002.lean
research/tasks/B699-Binomial/runs/20260911-low-index-lean-513dc7cc/lean/rows/Row076B16/Block003.lean
research/tasks/B699-Binomial/runs/20260911-low-index-lean-513dc7cc/lean/rows/Row076B16/Block004.lean
research/tasks/B699-Binomial/runs/20260911-low-index-lean-513dc7cc/lean/rows/Row076B16/Original.lean
research/tasks/B699-Binomial/runs/20260911-low-index-lean-513dc7cc/lean/rows/Row077B16/Block000.lean
research/tasks/B699-Binomial/runs/20260911-low-index-lean-513dc7cc/lean/rows/Row077B16/Block001.lean
research/tasks/B699-Binomial/runs/20260911-low-index-lean-513dc7cc/lean/rows/Row077B16/Block002.lean
research/tasks/B699-Binomial/runs/20260911-low-index-lean-513dc7cc/lean/rows/Row077B16/Block003.lean
research/tasks/B699-Binomial/runs/20260911-low-index-lean-513dc7cc/lean/rows/Row077B16/Block004.lean
research/tasks/B699-Binomial/runs/20260911-low-index-lean-513dc7cc/lean/rows/Row077B16/Block005.lean
research/tasks/B699-Binomial/runs/20260911-low-index-lean-513dc7cc/lean/rows/Row077B16/Original.lean
research/tasks/B699-Binomial/runs/20260911-low-index-lean-513dc7cc/lean/rows/Row078B32/Block000.lean
research/tasks/B699-Binomial/runs/20260911-low-index-lean-513dc7cc/lean/rows/Row078B32/Block001.lean
research/tasks/B699-Binomial/runs/20260911-low-index-lean-513dc7cc/lean/rows/Row078B32/Original.lean
research/tasks/B699-Binomial/runs/20260911-low-index-lean-513dc7cc/lean/rows/Row079B32/Block000.lean
research/tasks/B699-Binomial/runs/20260911-low-index-lean-513dc7cc/lean/rows/Row079B32/Block001.lean
research/tasks/B699-Binomial/runs/20260911-low-index-lean-513dc7cc/lean/rows/Row079B32/Original.lean
research/tasks/B699-Binomial/runs/20260911-low-index-lean-513dc7cc/lean/rows/Row080B32/Block000.lean
research/tasks/B699-Binomial/runs/20260911-low-index-lean-513dc7cc/lean/rows/Row080B32/Block001.lean
research/tasks/B699-Binomial/runs/20260911-low-index-lean-513dc7cc/lean/rows/Row080B32/Block002.lean
research/tasks/B699-Binomial/runs/20260911-low-index-lean-513dc7cc/lean/rows/Row080B32/Original.lean
research/tasks/B699-Binomial/runs/20260911-low-index-lean-513dc7cc/lean/rows/Row081B16/Block000.lean
research/tasks/B699-Binomial/runs/20260911-low-index-lean-513dc7cc/lean/rows/Row081B16/Block001.lean
research/tasks/B699-Binomial/runs/20260911-low-index-lean-513dc7cc/lean/rows/Row081B16/Block002.lean
research/tasks/B699-Binomial/runs/20260911-low-index-lean-513dc7cc/lean/rows/Row081B16/Block003.lean
research/tasks/B699-Binomial/runs/20260911-low-index-lean-513dc7cc/lean/rows/Row081B16/Block004.lean
research/tasks/B699-Binomial/runs/20260911-low-index-lean-513dc7cc/lean/rows/Row081B16/Block005.lean
research/tasks/B699-Binomial/runs/20260911-low-index-lean-513dc7cc/lean/rows/Row081B16/Block006.lean
research/tasks/B699-Binomial/runs/20260911-low-index-lean-513dc7cc/lean/rows/Row081B16/Original.lean
research/tasks/B699-Binomial/runs/20260911-low-index-lean-513dc7cc/lean/rows/Row082B32/Block000.lean
research/tasks/B699-Binomial/runs/20260911-low-index-lean-513dc7cc/lean/rows/Row082B32/Block001.lean
research/tasks/B699-Binomial/runs/20260911-low-index-lean-513dc7cc/lean/rows/Row082B32/Original.lean
research/tasks/B699-Binomial/runs/20260911-low-index-lean-513dc7cc/lean/rows/Row083B16/Block000.lean
research/tasks/B699-Binomial/runs/20260911-low-index-lean-513dc7cc/lean/rows/Row083B16/Block001.lean
research/tasks/B699-Binomial/runs/20260911-low-index-lean-513dc7cc/lean/rows/Row083B16/Block002.lean
research/tasks/B699-Binomial/runs/20260911-low-index-lean-513dc7cc/lean/rows/Row083B16/Block003.lean
research/tasks/B699-Binomial/runs/20260911-low-index-lean-513dc7cc/lean/rows/Row083B16/Block004.lean
research/tasks/B699-Binomial/runs/20260911-low-index-lean-513dc7cc/lean/rows/Row083B16/Block005.lean
research/tasks/B699-Binomial/runs/20260911-low-index-lean-513dc7cc/lean/rows/Row083B16/Original.lean
research/tasks/B699-Binomial/runs/20260911-low-index-lean-513dc7cc/lean/rows/Row084B16/Block000.lean
research/tasks/B699-Binomial/runs/20260911-low-index-lean-513dc7cc/lean/rows/Row084B16/Block001.lean
research/tasks/B699-Binomial/runs/20260911-low-index-lean-513dc7cc/lean/rows/Row084B16/Block002.lean
research/tasks/B699-Binomial/runs/20260911-low-index-lean-513dc7cc/lean/rows/Row084B16/Block003.lean
research/tasks/B699-Binomial/runs/20260911-low-index-lean-513dc7cc/lean/rows/Row084B16/Block004.lean
research/tasks/B699-Binomial/runs/20260911-low-index-lean-513dc7cc/lean/rows/Row084B16/Original.lean
research/tasks/B699-Binomial/runs/20260911-low-index-lean-513dc7cc/lean/rows/Row085B32/Block000.lean
research/tasks/B699-Binomial/runs/20260911-low-index-lean-513dc7cc/lean/rows/Row085B32/Block001.lean
research/tasks/B699-Binomial/runs/20260911-low-index-lean-513dc7cc/lean/rows/Row085B32/Block002.lean
research/tasks/B699-Binomial/runs/20260911-low-index-lean-513dc7cc/lean/rows/Row085B32/Original.lean
research/tasks/B699-Binomial/runs/20260911-low-index-lean-513dc7cc/lean/rows/Row086B16/Block000.lean
research/tasks/B699-Binomial/runs/20260911-low-index-lean-513dc7cc/lean/rows/Row086B16/Block001.lean
research/tasks/B699-Binomial/runs/20260911-low-index-lean-513dc7cc/lean/rows/Row086B16/Block002.lean
research/tasks/B699-Binomial/runs/20260911-low-index-lean-513dc7cc/lean/rows/Row086B16/Block003.lean
research/tasks/B699-Binomial/runs/20260911-low-index-lean-513dc7cc/lean/rows/Row086B16/Block004.lean
research/tasks/B699-Binomial/runs/20260911-low-index-lean-513dc7cc/lean/rows/Row086B16/Block005.lean
research/tasks/B699-Binomial/runs/20260911-low-index-lean-513dc7cc/lean/rows/Row086B16/Original.lean
research/tasks/B699-Binomial/runs/20260911-low-index-lean-513dc7cc/lean/rows/Row087B32/Block000.lean
research/tasks/B699-Binomial/runs/20260911-low-index-lean-513dc7cc/lean/rows/Row087B32/Block001.lean
research/tasks/B699-Binomial/runs/20260911-low-index-lean-513dc7cc/lean/rows/Row087B32/Original.lean
research/tasks/B699-Binomial/runs/20260911-low-index-lean-513dc7cc/lean/rows/Row088B32/Block000.lean
research/tasks/B699-Binomial/runs/20260911-low-index-lean-513dc7cc/lean/rows/Row088B32/Original.lean
research/tasks/B699-Binomial/runs/20260911-low-index-lean-513dc7cc/lean/rows/Row089B16/Block000.lean
research/tasks/B699-Binomial/runs/20260911-low-index-lean-513dc7cc/lean/rows/Row089B16/Block001.lean
research/tasks/B699-Binomial/runs/20260911-low-index-lean-513dc7cc/lean/rows/Row089B16/Block002.lean
research/tasks/B699-Binomial/runs/20260911-low-index-lean-513dc7cc/lean/rows/Row089B16/Block003.lean
research/tasks/B699-Binomial/runs/20260911-low-index-lean-513dc7cc/lean/rows/Row089B16/Original.lean
research/tasks/B699-Binomial/runs/20260911-low-index-lean-513dc7cc/lean/rows/Row090B16/Block000.lean
research/tasks/B699-Binomial/runs/20260911-low-index-lean-513dc7cc/lean/rows/Row090B16/Block001.lean
research/tasks/B699-Binomial/runs/20260911-low-index-lean-513dc7cc/lean/rows/Row090B16/Block003.lean
research/tasks/B699-Binomial/runs/20260911-low-index-lean-513dc7cc/lean/rows/Row090B16/Block002.lean
research/tasks/B699-Binomial/runs/20260911-low-index-lean-513dc7cc/lean/rows/Row090B16/Block004.lean
research/tasks/B699-Binomial/runs/20260911-low-index-lean-513dc7cc/lean/rows/Row090B16/Original.lean
research/tasks/B699-Binomial/runs/20260911-low-index-lean-513dc7cc/lean/rows/Row091B32/Block000.lean
research/tasks/B699-Binomial/runs/20260911-low-index-lean-513dc7cc/lean/rows/Row091B32/Block001.lean
research/tasks/B699-Binomial/runs/20260911-low-index-lean-513dc7cc/lean/rows/Row091B32/Original.lean
research/tasks/B699-Binomial/runs/20260911-low-index-lean-513dc7cc/lean/rows/Row092B16/Block000.lean
research/tasks/B699-Binomial/runs/20260911-low-index-lean-513dc7cc/lean/rows/Row092B16/Block001.lean
research/tasks/B699-Binomial/runs/20260911-low-index-lean-513dc7cc/lean/rows/Row092B16/Block002.lean
research/tasks/B699-Binomial/runs/20260911-low-index-lean-513dc7cc/lean/rows/Row092B16/Block003.lean
research/tasks/B699-Binomial/runs/20260911-low-index-lean-513dc7cc/lean/rows/Row092B16/Original.lean
research/tasks/B699-Binomial/runs/20260911-low-index-lean-513dc7cc/lean/rows/Row093B32/Block000.lean
research/tasks/B699-Binomial/runs/20260911-low-index-lean-513dc7cc/lean/rows/Row093B32/Block001.lean
research/tasks/B699-Binomial/runs/20260911-low-index-lean-513dc7cc/lean/rows/Row093B32/Original.lean
research/tasks/B699-Binomial/runs/20260911-low-index-lean-513dc7cc/lean/rows/Row094B32/Block000.lean
research/tasks/B699-Binomial/runs/20260911-low-index-lean-513dc7cc/lean/rows/Row094B32/Block001.lean
research/tasks/B699-Binomial/runs/20260911-low-index-lean-513dc7cc/lean/rows/Row094B32/Original.lean
research/tasks/B699-Binomial/runs/20260911-low-index-lean-513dc7cc/lean/rows/Row095B32/Block000.lean
research/tasks/B699-Binomial/runs/20260911-low-index-lean-513dc7cc/lean/rows/Row095B32/Original.lean
research/tasks/B699-Binomial/runs/20260911-low-index-lean-513dc7cc/lean/rows/Row096B32/Block000.lean
research/tasks/B699-Binomial/runs/20260911-low-index-lean-513dc7cc/lean/rows/Row096B32/Original.lean
research/tasks/B699-Binomial/runs/20260911-low-index-lean-513dc7cc/lean/rows/Row097B32/Block000.lean
research/tasks/B699-Binomial/runs/20260911-low-index-lean-513dc7cc/lean/rows/Row097B32/Original.lean
research/tasks/B699-Binomial/runs/20260911-low-index-lean-513dc7cc/lean/rows/Row098B16/Block000.lean
research/tasks/B699-Binomial/runs/20260911-low-index-lean-513dc7cc/lean/rows/Row098B16/Block001.lean
research/tasks/B699-Binomial/runs/20260911-low-index-lean-513dc7cc/lean/rows/Row098B16/Block002.lean
research/tasks/B699-Binomial/runs/20260911-low-index-lean-513dc7cc/lean/rows/Row098B16/Block003.lean
research/tasks/B699-Binomial/runs/20260911-low-index-lean-513dc7cc/lean/rows/Row098B16/Original.lean
research/tasks/B699-Binomial/runs/20260911-low-index-lean-513dc7cc/lean/rows/Row099B32/Block000.lean
research/tasks/B699-Binomial/runs/20260911-low-index-lean-513dc7cc/lean/rows/Row099B32/Original.lean
research/tasks/B699-Binomial/runs/20260911-low-index-lean-513dc7cc/lean/rows/Row100B32/Block000.lean
research/tasks/B699-Binomial/runs/20260911-low-index-lean-513dc7cc/lean/rows/Row100B32/Original.lean
research/tasks/B699-Binomial/runs/20260911-low-index-lean-513dc7cc/lean/rows/Row101B16/Block000.lean
research/tasks/B699-Binomial/runs/20260911-low-index-lean-513dc7cc/lean/rows/Row101B16/Block001.lean
research/tasks/B699-Binomial/runs/20260911-low-index-lean-513dc7cc/lean/rows/Row101B16/Block002.lean
research/tasks/B699-Binomial/runs/20260911-low-index-lean-513dc7cc/lean/rows/Row101B16/Original.lean
research/tasks/B699-Binomial/runs/20260911-low-index-lean-513dc7cc/lean/rows/Row102B16/Block000.lean
research/tasks/B699-Binomial/runs/20260911-low-index-lean-513dc7cc/lean/rows/Row102B16/Block001.lean
research/tasks/B699-Binomial/runs/20260911-low-index-lean-513dc7cc/lean/rows/Row102B16/Block002.lean
research/tasks/B699-Binomial/runs/20260911-low-index-lean-513dc7cc/lean/rows/Row102B16/Original.lean
research/tasks/B699-Binomial/runs/20260911-low-index-lean-513dc7cc/lean/rows/Row103B16/Block000.lean
research/tasks/B699-Binomial/runs/20260911-low-index-lean-513dc7cc/lean/rows/Row103B16/Block001.lean
research/tasks/B699-Binomial/runs/20260911-low-index-lean-513dc7cc/lean/rows/Row103B16/Block002.lean
research/tasks/B699-Binomial/runs/20260911-low-index-lean-513dc7cc/lean/rows/Row103B16/Block003.lean
research/tasks/B699-Binomial/runs/20260911-low-index-lean-513dc7cc/lean/rows/Row103B16/Original.lean
research/tasks/B699-Binomial/runs/20260911-low-index-lean-513dc7cc/lean/rows/Row104B32/Block000.lean
research/tasks/B699-Binomial/runs/20260911-low-index-lean-513dc7cc/lean/rows/Row104B32/Block001.lean
research/tasks/B699-Binomial/runs/20260911-low-index-lean-513dc7cc/lean/rows/Row104B32/Original.lean
research/tasks/B699-Binomial/runs/20260911-low-index-lean-513dc7cc/lean/rows/Row105B32/Block000.lean
research/tasks/B699-Binomial/runs/20260911-low-index-lean-513dc7cc/lean/rows/Row105B32/Block001.lean
research/tasks/B699-Binomial/runs/20260911-low-index-lean-513dc7cc/lean/rows/Row105B32/Original.lean
research/tasks/B699-Binomial/runs/20260911-low-index-lean-513dc7cc/lean/rows/Row106B32/Block000.lean
research/tasks/B699-Binomial/runs/20260911-low-index-lean-513dc7cc/lean/rows/Row106B32/Block001.lean
research/tasks/B699-Binomial/runs/20260911-low-index-lean-513dc7cc/lean/rows/Row106B32/Original.lean
research/tasks/B699-Binomial/runs/20260911-low-index-lean-513dc7cc/lean/rows/Row107B32/Block000.lean
research/tasks/B699-Binomial/runs/20260911-low-index-lean-513dc7cc/lean/rows/Row107B32/Block001.lean
research/tasks/B699-Binomial/runs/20260911-low-index-lean-513dc7cc/lean/rows/Row107B32/Original.lean
research/tasks/B699-Binomial/runs/20260911-low-index-lean-513dc7cc/lean/rows/Row108B32/Block000.lean
research/tasks/B699-Binomial/runs/20260911-low-index-lean-513dc7cc/lean/rows/Row108B32/Block001.lean
research/tasks/B699-Binomial/runs/20260911-low-index-lean-513dc7cc/lean/rows/Row108B32/Original.lean
research/tasks/B699-Binomial/runs/20260911-low-index-lean-513dc7cc/lean/rows/Row109B32/Block000.lean
research/tasks/B699-Binomial/runs/20260911-low-index-lean-513dc7cc/lean/rows/Row109B32/Block001.lean
research/tasks/B699-Binomial/runs/20260911-low-index-lean-513dc7cc/lean/rows/Row109B32/Block002.lean
research/tasks/B699-Binomial/runs/20260911-low-index-lean-513dc7cc/lean/rows/Row109B32/Original.lean
research/tasks/B699-Binomial/runs/20260911-low-index-lean-513dc7cc/lean/rows/Row110B32/Block000.lean
research/tasks/B699-Binomial/runs/20260911-low-index-lean-513dc7cc/lean/rows/Row110B32/Block001.lean
research/tasks/B699-Binomial/runs/20260911-low-index-lean-513dc7cc/lean/rows/Row110B32/Block002.lean
research/tasks/B699-Binomial/runs/20260911-low-index-lean-513dc7cc/lean/rows/Row110B32/Original.lean
research/tasks/B699-Binomial/runs/20260911-low-index-lean-513dc7cc/lean/rows/Row111B32/Block000.lean
research/tasks/B699-Binomial/runs/20260911-low-index-lean-513dc7cc/lean/rows/Row111B32/Block001.lean
research/tasks/B699-Binomial/runs/20260911-low-index-lean-513dc7cc/lean/rows/Row111B32/Block002.lean
research/tasks/B699-Binomial/runs/20260911-low-index-lean-513dc7cc/lean/rows/Row111B32/Original.lean
research/tasks/B699-Binomial/runs/20260911-low-index-lean-513dc7cc/lean/rows/Row112B32/Block000.lean
research/tasks/B699-Binomial/runs/20260911-low-index-lean-513dc7cc/lean/rows/Row112B32/Block001.lean
research/tasks/B699-Binomial/runs/20260911-low-index-lean-513dc7cc/lean/rows/Row112B32/Original.lean
research/tasks/B699-Binomial/runs/20260911-low-index-lean-513dc7cc/lean/rows/Row113B32/Block000.lean
research/tasks/B699-Binomial/runs/20260911-low-index-lean-513dc7cc/lean/rows/Row113B32/Block001.lean
research/tasks/B699-Binomial/runs/20260911-low-index-lean-513dc7cc/lean/rows/Row113B32/Block002.lean
research/tasks/B699-Binomial/runs/20260911-low-index-lean-513dc7cc/lean/rows/Row113B32/Original.lean
research/tasks/B699-Binomial/runs/20260911-low-index-lean-513dc7cc/lean/rows/Row114B32/Block000.lean
research/tasks/B699-Binomial/runs/20260911-low-index-lean-513dc7cc/lean/rows/Row114B32/Block001.lean
research/tasks/B699-Binomial/runs/20260911-low-index-lean-513dc7cc/lean/rows/Row114B32/Block002.lean
research/tasks/B699-Binomial/runs/20260911-low-index-lean-513dc7cc/lean/rows/Row114B32/Original.lean
research/tasks/B699-Binomial/runs/20260911-low-index-lean-513dc7cc/lean/rows/Row115B32/Block000.lean
research/tasks/B699-Binomial/runs/20260911-low-index-lean-513dc7cc/lean/rows/Row115B32/Block001.lean
research/tasks/B699-Binomial/runs/20260911-low-index-lean-513dc7cc/lean/rows/Row115B32/Block002.lean
research/tasks/B699-Binomial/runs/20260911-low-index-lean-513dc7cc/lean/rows/Row115B32/Original.lean
research/tasks/B699-Binomial/runs/20260911-low-index-lean-513dc7cc/lean/rows/Row116B32/Block000.lean
research/tasks/B699-Binomial/runs/20260911-low-index-lean-513dc7cc/lean/rows/Row116B32/Block001.lean
research/tasks/B699-Binomial/runs/20260911-low-index-lean-513dc7cc/lean/rows/Row116B32/Original.lean
research/tasks/B699-Binomial/runs/20260911-low-index-lean-513dc7cc/lean/rows/Row117B32/Block000.lean
research/tasks/B699-Binomial/runs/20260911-low-index-lean-513dc7cc/lean/rows/Row117B32/Block001.lean
research/tasks/B699-Binomial/runs/20260911-low-index-lean-513dc7cc/lean/rows/Row117B32/Original.lean
research/tasks/B699-Binomial/runs/20260911-low-index-lean-513dc7cc/lean/rows/Row118B32/Block000.lean
research/tasks/B699-Binomial/runs/20260911-low-index-lean-513dc7cc/lean/rows/Row118B32/Block001.lean
research/tasks/B699-Binomial/runs/20260911-low-index-lean-513dc7cc/lean/rows/Row118B32/Original.lean
research/tasks/B699-Binomial/runs/20260911-low-index-lean-513dc7cc/lean/rows/Row119B32/Block000.lean
research/tasks/B699-Binomial/runs/20260911-low-index-lean-513dc7cc/lean/rows/Row119B32/Block001.lean
research/tasks/B699-Binomial/runs/20260911-low-index-lean-513dc7cc/lean/rows/Row119B32/Original.lean
research/tasks/B699-Binomial/runs/20260911-low-index-lean-513dc7cc/lean/rows/Row120B32/Block000.lean
research/tasks/B699-Binomial/runs/20260911-low-index-lean-513dc7cc/lean/rows/Row120B32/Block001.lean
research/tasks/B699-Binomial/runs/20260911-low-index-lean-513dc7cc/lean/rows/Row120B32/Original.lean
research/tasks/B699-Binomial/runs/20260911-low-index-lean-513dc7cc/lean/rows/Row121B32/Block000.lean
research/tasks/B699-Binomial/runs/20260911-low-index-lean-513dc7cc/lean/rows/Row121B32/Block001.lean
research/tasks/B699-Binomial/runs/20260911-low-index-lean-513dc7cc/lean/rows/Row121B32/Original.lean
research/tasks/B699-Binomial/runs/20260911-low-index-lean-513dc7cc/lean/rows/Row122B32/Block000.lean
research/tasks/B699-Binomial/runs/20260911-low-index-lean-513dc7cc/lean/rows/Row122B32/Original.lean
research/tasks/B699-Binomial/runs/20260911-low-index-lean-513dc7cc/lean/rows/Row123B32/Block000.lean
research/tasks/B699-Binomial/runs/20260911-low-index-lean-513dc7cc/lean/rows/Row123B32/Original.lean
research/tasks/B699-Binomial/runs/20260911-low-index-lean-513dc7cc/lean/rows/Row124B32/Block000.lean
research/tasks/B699-Binomial/runs/20260911-low-index-lean-513dc7cc/lean/rows/Row124B32/Original.lean
research/tasks/B699-Binomial/runs/20260911-low-index-lean-513dc7cc/lean/rows/Row125B32/Block000.lean
research/tasks/B699-Binomial/runs/20260911-low-index-lean-513dc7cc/lean/rows/Row125B32/Original.lean
research/tasks/B699-Binomial/runs/20260911-low-index-lean-513dc7cc/lean/rows/Row126B32/Block000.lean
research/tasks/B699-Binomial/runs/20260911-low-index-lean-513dc7cc/lean/rows/Row126B32/Original.lean
research/tasks/B699-Binomial/runs/20260911-low-index-lean-513dc7cc/lean/rows/Row127B32/Block000.lean
research/tasks/B699-Binomial/runs/20260911-low-index-lean-513dc7cc/lean/rows/Row127B32/Original.lean
research/tasks/B699-Binomial/runs/20260911-low-index-lean-513dc7cc/lean/rows/Row128B32/Block000.lean
research/tasks/B699-Binomial/runs/20260911-low-index-lean-513dc7cc/lean/rows/Row128B32/Original.lean
research/tasks/B699-Binomial/runs/20260911-low-index-lean-513dc7cc/lean/rows/Row129B32/Block000.lean
research/tasks/B699-Binomial/runs/20260911-low-index-lean-513dc7cc/lean/rows/Row129B32/Original.lean
research/tasks/B699-Binomial/runs/20260911-low-index-lean-513dc7cc/lean/rows/Row130B32/Block000.lean
research/tasks/B699-Binomial/runs/20260911-low-index-lean-513dc7cc/lean/rows/Row130B32/Original.lean
research/tasks/B699-Binomial/runs/20260911-low-index-lean-513dc7cc/lean/rows/Row131B32/Block000.lean
research/tasks/B699-Binomial/runs/20260911-low-index-lean-513dc7cc/lean/rows/Row131B32/Original.lean
research/tasks/B699-Binomial/runs/20260911-low-index-lean-513dc7cc/lean/rows/Row132B32/Block000.lean
research/tasks/B699-Binomial/runs/20260911-low-index-lean-513dc7cc/lean/rows/Row132B32/Original.lean
research/tasks/B699-Binomial/runs/20260911-low-index-lean-513dc7cc/lean/rows/Row133B32/Block000.lean
research/tasks/B699-Binomial/runs/20260911-low-index-lean-513dc7cc/lean/rows/Row133B32/Block001.lean
research/tasks/B699-Binomial/runs/20260911-low-index-lean-513dc7cc/lean/rows/Row133B32/Original.lean
research/tasks/B699-Binomial/runs/20260911-low-index-lean-513dc7cc/lean/rows/Row134B32/Block000.lean
research/tasks/B699-Binomial/runs/20260911-low-index-lean-513dc7cc/lean/rows/Row134B32/Original.lean
research/tasks/B699-Binomial/runs/20260911-low-index-lean-513dc7cc/lean/rows/Row135B32/Block000.lean
research/tasks/B699-Binomial/runs/20260911-low-index-lean-513dc7cc/lean/rows/Row135B32/Original.lean
research/tasks/B699-Binomial/runs/20260911-low-index-lean-513dc7cc/lean/rows/Row136B32/Block000.lean
research/tasks/B699-Binomial/runs/20260911-low-index-lean-513dc7cc/lean/rows/Row136B32/Original.lean
research/tasks/B699-Binomial/runs/20260911-low-index-lean-513dc7cc/lean/rows/Row137B32/Block000.lean
research/tasks/B699-Binomial/runs/20260911-low-index-lean-513dc7cc/lean/rows/Row137B32/Original.lean
research/tasks/B699-Binomial/runs/20260911-low-index-lean-513dc7cc/lean/rows/Row138B32/Block000.lean
research/tasks/B699-Binomial/runs/20260911-low-index-lean-513dc7cc/lean/rows/Row138B32/Original.lean
research/tasks/B699-Binomial/runs/20260911-low-index-lean-513dc7cc/lean/rows/Row139B32/Block000.lean
research/tasks/B699-Binomial/runs/20260911-low-index-lean-513dc7cc/lean/rows/Row139B32/Block001.lean
research/tasks/B699-Binomial/runs/20260911-low-index-lean-513dc7cc/lean/rows/Row139B32/Original.lean
research/tasks/B699-Binomial/runs/20260911-low-index-lean-513dc7cc/lean/rows/Row140B32/Block000.lean
research/tasks/B699-Binomial/runs/20260911-low-index-lean-513dc7cc/lean/rows/Row140B32/Block001.lean
research/tasks/B699-Binomial/runs/20260911-low-index-lean-513dc7cc/lean/rows/Row140B32/Original.lean
research/tasks/B699-Binomial/runs/20260911-low-index-lean-513dc7cc/lean/rows/Row141B32/Block000.lean
research/tasks/B699-Binomial/runs/20260911-low-index-lean-513dc7cc/lean/rows/Row141B32/Block001.lean
research/tasks/B699-Binomial/runs/20260911-low-index-lean-513dc7cc/lean/rows/Row141B32/Original.lean
research/tasks/B699-Binomial/runs/20260911-low-index-lean-513dc7cc/lean/rows/Row142B32/Block000.lean
research/tasks/B699-Binomial/runs/20260911-low-index-lean-513dc7cc/lean/rows/Row142B32/Block001.lean
research/tasks/B699-Binomial/runs/20260911-low-index-lean-513dc7cc/lean/rows/Row142B32/Original.lean
research/tasks/B699-Binomial/runs/20260911-low-index-lean-513dc7cc/lean/rows/Row143B32/Block000.lean
research/tasks/B699-Binomial/runs/20260911-low-index-lean-513dc7cc/lean/rows/Row143B32/Block001.lean
research/tasks/B699-Binomial/runs/20260911-low-index-lean-513dc7cc/lean/rows/Row143B32/Original.lean
research/tasks/B699-Binomial/runs/20260911-low-index-lean-513dc7cc/lean/rows/Row144B32/Block000.lean
research/tasks/B699-Binomial/runs/20260911-low-index-lean-513dc7cc/lean/rows/Row144B32/Original.lean
research/tasks/B699-Binomial/runs/20260911-low-index-lean-513dc7cc/lean/rows/Row145B32/Block000.lean
research/tasks/B699-Binomial/runs/20260911-low-index-lean-513dc7cc/lean/rows/Row145B32/Original.lean
research/tasks/B699-Binomial/runs/20260911-low-index-lean-513dc7cc/lean/rows/Row146B32/Block000.lean
research/tasks/B699-Binomial/runs/20260911-low-index-lean-513dc7cc/lean/rows/Row146B32/Original.lean
research/tasks/B699-Binomial/runs/20260911-low-index-lean-513dc7cc/lean/rows/Row147B32/Block000.lean
research/tasks/B699-Binomial/runs/20260911-low-index-lean-513dc7cc/lean/rows/Row147B32/Original.lean
research/tasks/B699-Binomial/runs/20260911-low-index-lean-513dc7cc/lean/rows/Row148B32/Block000.lean
research/tasks/B699-Binomial/runs/20260911-low-index-lean-513dc7cc/lean/rows/Row148B32/Original.lean
research/tasks/B699-Binomial/runs/20260911-low-index-lean-513dc7cc/lean/rows/Row149B32/Block000.lean
research/tasks/B699-Binomial/runs/20260911-low-index-lean-513dc7cc/lean/rows/Row149B32/Original.lean
research/tasks/B699-Binomial/runs/20260911-low-index-lean-513dc7cc/lean/rows/Row150B32/Block000.lean
research/tasks/B699-Binomial/runs/20260911-low-index-lean-513dc7cc/lean/rows/Row150B32/Original.lean
research/tasks/B699-Binomial/runs/20260911-low-index-lean-513dc7cc/lean/rows/Row151B32/Block000.lean
research/tasks/B699-Binomial/runs/20260911-low-index-lean-513dc7cc/lean/rows/Row151B32/Original.lean
research/tasks/B699-Binomial/runs/20260911-low-index-lean-513dc7cc/lean/rows/Row152B32/Block000.lean
research/tasks/B699-Binomial/runs/20260911-low-index-lean-513dc7cc/lean/rows/Row152B32/Original.lean
research/tasks/B699-Binomial/runs/20260911-low-index-lean-513dc7cc/lean/rows/Row153B32/Block000.lean
research/tasks/B699-Binomial/runs/20260911-low-index-lean-513dc7cc/lean/rows/Row153B32/Original.lean
research/tasks/B699-Binomial/runs/20260911-low-index-lean-513dc7cc/lean/rows/Row154B32/Block000.lean
research/tasks/B699-Binomial/runs/20260911-low-index-lean-513dc7cc/lean/rows/Row154B32/Original.lean
research/tasks/B699-Binomial/runs/20260911-low-index-lean-513dc7cc/lean/rows/Row155B32/Block000.lean
research/tasks/B699-Binomial/runs/20260911-low-index-lean-513dc7cc/lean/rows/Row155B32/Original.lean
research/tasks/B699-Binomial/runs/20260911-low-index-lean-513dc7cc/lean/rows/Row156B32/Block000.lean
research/tasks/B699-Binomial/runs/20260911-low-index-lean-513dc7cc/lean/rows/Row156B32/Original.lean
research/tasks/B699-Binomial/runs/20260911-low-index-lean-513dc7cc/lean/rows/Row157B32/Block000.lean
research/tasks/B699-Binomial/runs/20260911-low-index-lean-513dc7cc/lean/rows/Row157B32/Original.lean
research/tasks/B699-Binomial/runs/20260911-low-index-lean-513dc7cc/lean/rows/Row158B32/Block000.lean
research/tasks/B699-Binomial/runs/20260911-low-index-lean-513dc7cc/lean/rows/Row158B32/Original.lean
research/tasks/B699-Binomial/runs/20260911-low-index-lean-513dc7cc/lean/rows/Row159B32/Block000.lean
research/tasks/B699-Binomial/runs/20260911-low-index-lean-513dc7cc/lean/rows/Row159B32/Original.lean
research/tasks/B699-Binomial/runs/20260911-low-index-lean-513dc7cc/lean/rows/Row160B32/Block000.lean
research/tasks/B699-Binomial/runs/20260911-low-index-lean-513dc7cc/lean/rows/Row160B32/Original.lean
research/tasks/B699-Binomial/runs/20260911-low-index-lean-513dc7cc/lean/rows/Row161B32/Block000.lean
research/tasks/B699-Binomial/runs/20260911-low-index-lean-513dc7cc/lean/rows/Row161B32/Original.lean
research/tasks/B699-Binomial/runs/20260911-low-index-lean-513dc7cc/lean/rows/Row162B32/Block000.lean
research/tasks/B699-Binomial/runs/20260911-low-index-lean-513dc7cc/lean/rows/Row162B32/Original.lean
research/tasks/B699-Binomial/runs/20260911-low-index-lean-513dc7cc/lean/rows/Row163B32/Block000.lean
research/tasks/B699-Binomial/runs/20260911-low-index-lean-513dc7cc/lean/rows/Row163B32/Original.lean
research/tasks/B699-Binomial/runs/20260911-low-index-lean-513dc7cc/lean/rows/Row164B32/Block000.lean
research/tasks/B699-Binomial/runs/20260911-low-index-lean-513dc7cc/lean/rows/Row164B32/Original.lean
research/tasks/B699-Binomial/runs/20260911-low-index-lean-513dc7cc/lean/rows/Row165B32/Block000.lean
research/tasks/B699-Binomial/runs/20260911-low-index-lean-513dc7cc/lean/rows/Row165B32/Original.lean
research/tasks/B699-Binomial/runs/20260911-low-index-lean-513dc7cc/lean/rows/Row166B32/Block000.lean
research/tasks/B699-Binomial/runs/20260911-low-index-lean-513dc7cc/lean/rows/Row166B32/Original.lean
research/tasks/B699-Binomial/runs/20260911-low-index-lean-513dc7cc/lean/rows/Row167B32/Block000.lean
research/tasks/B699-Binomial/runs/20260911-low-index-lean-513dc7cc/lean/rows/Row167B32/Original.lean
research/tasks/B699-Binomial/runs/20260911-low-index-lean-513dc7cc/lean/rows/Row168B32/Block000.lean
research/tasks/B699-Binomial/runs/20260911-low-index-lean-513dc7cc/lean/rows/Row168B32/Original.lean
research/tasks/B699-Binomial/runs/20260911-low-index-lean-513dc7cc/lean/rows/Row169B32/Block000.lean
research/tasks/B699-Binomial/runs/20260911-low-index-lean-513dc7cc/lean/rows/Row169B32/Original.lean
research/tasks/B699-Binomial/runs/20260911-low-index-lean-513dc7cc/lean/rows/Row170B32/Block000.lean
research/tasks/B699-Binomial/runs/20260911-low-index-lean-513dc7cc/lean/rows/Row170B32/Original.lean
research/tasks/B699-Binomial/runs/20260911-low-index-lean-513dc7cc/lean/rows/Row171B32/Block000.lean
research/tasks/B699-Binomial/runs/20260911-low-index-lean-513dc7cc/lean/rows/Row171B32/Original.lean
research/tasks/B699-Binomial/runs/20260911-low-index-lean-513dc7cc/lean/rows/Row172B32/Block000.lean
research/tasks/B699-Binomial/runs/20260911-low-index-lean-513dc7cc/lean/rows/Row172B32/Original.lean
research/tasks/B699-Binomial/runs/20260911-low-index-lean-513dc7cc/lean/rows/Row173B32/Block000.lean
research/tasks/B699-Binomial/runs/20260911-low-index-lean-513dc7cc/lean/rows/Row173B32/Original.lean
research/tasks/B699-Binomial/runs/20260911-low-index-lean-513dc7cc/lean/rows/Row174B32/Block000.lean
research/tasks/B699-Binomial/runs/20260911-low-index-lean-513dc7cc/lean/rows/Row174B32/Original.lean
research/tasks/B699-Binomial/runs/20260911-low-index-lean-513dc7cc/lean/rows/Row175B32/Block000.lean
research/tasks/B699-Binomial/runs/20260911-low-index-lean-513dc7cc/lean/rows/Row175B32/Original.lean
research/tasks/B699-Binomial/runs/20260911-low-index-lean-513dc7cc/lean/rows/Row176B32/Block000.lean
research/tasks/B699-Binomial/runs/20260911-low-index-lean-513dc7cc/lean/rows/Row176B32/Original.lean
research/tasks/B699-Binomial/runs/20260911-low-index-lean-513dc7cc/lean/rows/Row177B32/Block000.lean
research/tasks/B699-Binomial/runs/20260911-low-index-lean-513dc7cc/lean/rows/Row177B32/Original.lean
research/tasks/B699-Binomial/runs/20260911-low-index-lean-513dc7cc/lean/rows/Row178B32/Block000.lean
research/tasks/B699-Binomial/runs/20260911-low-index-lean-513dc7cc/lean/rows/Row178B32/Original.lean
research/tasks/B699-Binomial/runs/20260911-low-index-lean-513dc7cc/lean/rows/Row179B32/Block000.lean
research/tasks/B699-Binomial/runs/20260911-low-index-lean-513dc7cc/lean/rows/Row179B32/Original.lean
research/tasks/B699-Binomial/runs/20260911-low-index-lean-513dc7cc/lean/rows/Row180B32/Block000.lean
research/tasks/B699-Binomial/runs/20260911-low-index-lean-513dc7cc/lean/rows/Row180B32/Original.lean
research/tasks/B699-Binomial/runs/20260911-low-index-lean-513dc7cc/lean/rows/Row181B16/Block000.lean
research/tasks/B699-Binomial/runs/20260911-low-index-lean-513dc7cc/lean/rows/Row181B16/Block001.lean
research/tasks/B699-Binomial/runs/20260911-low-index-lean-513dc7cc/lean/rows/Row181B16/Block002.lean
research/tasks/B699-Binomial/runs/20260911-low-index-lean-513dc7cc/lean/rows/Row181B16/Original.lean
research/tasks/B699-Binomial/runs/20260911-low-index-lean-513dc7cc/lean/rows/Row182B8/Block000.lean
research/tasks/B699-Binomial/runs/20260911-low-index-lean-513dc7cc/lean/rows/Row182B8/Block001.lean
research/tasks/B699-Binomial/runs/20260911-low-index-lean-513dc7cc/lean/rows/Row182B8/Block002.lean
research/tasks/B699-Binomial/runs/20260911-low-index-lean-513dc7cc/lean/rows/Row182B8/Block006.lean
research/tasks/B699-Binomial/runs/20260911-low-index-lean-513dc7cc/lean/rows/Row182B8/Block003.lean
research/tasks/B699-Binomial/runs/20260911-low-index-lean-513dc7cc/lean/rows/Row182B8/Block004.lean
research/tasks/B699-Binomial/runs/20260911-low-index-lean-513dc7cc/lean/rows/Row182B8/Block005.lean
research/tasks/B699-Binomial/runs/20260911-low-index-lean-513dc7cc/lean/rows/Row182B8/Original.lean
research/tasks/B699-Binomial/runs/20260911-low-index-lean-513dc7cc/lean/rows/Row183B32/Block000.lean
research/tasks/B699-Binomial/runs/20260911-low-index-lean-513dc7cc/lean/rows/Row183B32/Original.lean
research/tasks/B699-Binomial/runs/20260911-low-index-lean-513dc7cc/lean/rows/Row184B32/Block000.lean
research/tasks/B699-Binomial/runs/20260911-low-index-lean-513dc7cc/lean/rows/Row184B32/Original.lean
research/tasks/B699-Binomial/runs/20260911-low-index-lean-513dc7cc/lean/HuanAllA.lean

Source policy passed for exact project closure.
