2026-09-10T19:33:08.3296347Z Current runner version: '2.337.0'
2026-09-10T19:33:08.3366509Z ##[group]Runner Image Provisioner
2026-09-10T19:33:08.3368252Z Hosted Compute Agent
2026-09-10T19:33:08.3369280Z Version: 20260828.587
2026-09-10T19:33:08.3370560Z Commit: abac92662cab4cc7352de4f9f9d2e2419aad9c29
2026-09-10T19:33:08.3371979Z Build Date: 2026-08-28T16:44:25Z
2026-09-10T19:33:08.3373765Z Worker ID: {46e9f4b3-7138-4cfd-a6ce-1023be80d03a}
2026-09-10T19:33:08.3375335Z Azure Region: westus
2026-09-10T19:33:08.3376680Z ##[endgroup]
2026-09-10T19:33:08.3379453Z ##[group]Operating System
2026-09-10T19:33:08.3380638Z Ubuntu
2026-09-10T19:33:08.3381577Z 24.04.5
2026-09-10T19:33:08.3382635Z LTS
2026-09-10T19:33:08.3383513Z ##[endgroup]
2026-09-10T19:33:08.3384594Z ##[group]Runner Image
2026-09-10T19:33:08.3406475Z Image: ubuntu-24.04
2026-09-10T19:33:08.3407993Z Version: 20260907.300.1
2026-09-10T19:33:08.3410297Z Included Software: https://github.com/actions/runner-images/blob/ubuntu24/20260907.300/images/ubuntu/Ubuntu2404-Readme.md
2026-09-10T19:33:08.3413316Z Image Release: https://github.com/actions/runner-images/releases/tag/ubuntu24%2F20260907.300
2026-09-10T19:33:08.3415188Z ##[endgroup]
2026-09-10T19:33:08.3417775Z ##[group]GITHUB_TOKEN Permissions
2026-09-10T19:33:08.3421402Z Contents: read
2026-09-10T19:33:08.3422550Z Metadata: read
2026-09-10T19:33:08.3423588Z ##[endgroup]
2026-09-10T19:33:08.3447636Z Secret source: Actions
2026-09-10T19:33:08.3449503Z Cache mode: write
2026-09-10T19:33:08.3451409Z Prepare workflow directory
2026-09-10T19:33:08.4111186Z Prepare all required actions
2026-09-10T19:33:08.4162676Z Getting action download info
2026-09-10T19:33:08.7649748Z Download action repository 'actions/checkout@3d3c42e5aac5ba805825da76410c181273ba90b1' (SHA:3d3c42e5aac5ba805825da76410c181273ba90b1)
2026-09-10T19:33:08.8894420Z Download action repository 'leanprover/lean-action@50fcf42d2e460296f1a34b402e990d1b24f8b596' (SHA:50fcf42d2e460296f1a34b402e990d1b24f8b596)
2026-09-10T19:33:09.2024051Z Download action repository 'actions/upload-artifact@ea165f8d65b6e75b540449e92b4886f43607fa02' (SHA:ea165f8d65b6e75b540449e92b4886f43607fa02)
2026-09-10T19:33:09.4522644Z Getting action download info
2026-09-10T19:33:09.5984356Z Download action repository 'actions/cache@v5' (SHA:caa296126883cff596d87d8935842f9db880ef25)
2026-09-10T19:33:09.9071198Z Complete job name: shared
2026-09-10T19:33:10.0246576Z ##[group]Run actions/checkout@3d3c42e5aac5ba805825da76410c181273ba90b1
2026-09-10T19:33:10.0248502Z with:
2026-09-10T19:33:10.0249475Z   repository: HuanHuanHuanFFF/lean-math-lab
2026-09-10T19:33:10.0260926Z   token: ***
2026-09-10T19:33:10.0261863Z   ssh-strict: true
2026-09-10T19:33:10.0262769Z   ssh-user: git
2026-09-10T19:33:10.0335440Z   persist-credentials: true
2026-09-10T19:33:10.0337430Z   clean: true
2026-09-10T19:33:10.0339797Z   sparse-checkout-cone-mode: true
2026-09-10T19:33:10.0341717Z   fetch-depth: 1
2026-09-10T19:33:10.0343134Z   fetch-tags: false
2026-09-10T19:33:10.0344432Z   show-progress: true
2026-09-10T19:33:10.0345365Z   lfs: false
2026-09-10T19:33:10.0346775Z   submodules: false
2026-09-10T19:33:10.0347734Z   set-safe-directory: true
2026-09-10T19:33:10.0348795Z   allow-unsafe-pr-checkout: false
2026-09-10T19:33:10.0351134Z env:
2026-09-10T19:33:10.0352418Z   B699_RUN: research/tasks/B699-Binomial/runs/20260911-low-index-lean-513dc7cc
2026-09-10T19:33:10.0354174Z   B699_RAW: .tools/20260911-low-index-lean-513dc7cc
2026-09-10T19:33:10.0355386Z ##[endgroup]
2026-09-10T19:33:10.1658919Z Syncing repository: HuanHuanHuanFFF/lean-math-lab
2026-09-10T19:33:10.1663810Z ##[group]Getting Git version info
2026-09-10T19:33:10.1666750Z Working directory is '/home/runner/work/lean-math-lab/lean-math-lab'
2026-09-10T19:33:10.1670738Z [command]/usr/bin/git version
2026-09-10T19:33:10.1839103Z git version 2.55.0
2026-09-10T19:33:10.1873689Z ##[endgroup]
2026-09-10T19:33:10.1911113Z Temporarily overriding HOME='/home/runner/work/_temp/9b00dd68-d7cc-4982-be6f-9ac9474dc8c8' before making global git config changes
2026-09-10T19:33:10.1921398Z Adding repository directory to the temporary git global config as a safe directory
2026-09-10T19:33:10.1926624Z [command]/usr/bin/git config --global --add safe.directory /home/runner/work/lean-math-lab/lean-math-lab
2026-09-10T19:33:10.2011406Z Deleting the contents of '/home/runner/work/lean-math-lab/lean-math-lab'
2026-09-10T19:33:10.2016259Z ##[group]Determining repository object format
2026-09-10T19:33:10.2019435Z ##[endgroup]
2026-09-10T19:33:10.2022134Z ##[group]Initializing the repository
2026-09-10T19:33:10.2024964Z [command]/usr/bin/git init /home/runner/work/lean-math-lab/lean-math-lab
2026-09-10T19:33:10.2167970Z hint: Using 'master' as the name for the initial branch. This default branch name
2026-09-10T19:33:10.2184253Z hint: will change to "main" in Git 3.0. To configure the initial branch name
2026-09-10T19:33:10.2208418Z hint: to use in all of your new repositories, which will suppress this warning,
2026-09-10T19:33:10.2211663Z hint: call:
2026-09-10T19:33:10.2213440Z hint:
2026-09-10T19:33:10.2215487Z hint: 	git config --global init.defaultBranch <name>
2026-09-10T19:33:10.2218217Z hint:
2026-09-10T19:33:10.2220421Z hint: Names commonly chosen instead of 'master' are 'main', 'trunk' and
2026-09-10T19:33:10.2223861Z hint: 'development'. The just-created branch can be renamed via this command:
2026-09-10T19:33:10.2227112Z hint:
2026-09-10T19:33:10.2228903Z hint: 	git branch -m <name>
2026-09-10T19:33:10.2230923Z hint:
2026-09-10T19:33:10.2233348Z hint: Disable this message with "git config set advice.defaultBranchName false"
2026-09-10T19:33:10.2237901Z Initialized empty Git repository in /home/runner/work/lean-math-lab/lean-math-lab/.git/
2026-09-10T19:33:10.2245065Z [command]/usr/bin/git remote add origin https://github.com/HuanHuanHuanFFF/lean-math-lab
2026-09-10T19:33:10.2289498Z ##[endgroup]
2026-09-10T19:33:10.2292579Z ##[group]Disabling automatic garbage collection
2026-09-10T19:33:10.2298988Z [command]/usr/bin/git config --local gc.auto 0
2026-09-10T19:33:10.2370946Z ##[endgroup]
2026-09-10T19:33:10.2398872Z ##[group]Setting up auth
2026-09-10T19:33:10.2417172Z Removing SSH command configuration
2026-09-10T19:33:10.2439782Z [command]/usr/bin/git config --local --name-only --get-regexp core\.sshCommand
2026-09-10T19:33:10.2469658Z [command]/usr/bin/git submodule foreach --recursive sh -c "git config --local --name-only --get-regexp 'core\.sshCommand' && git config --local --unset-all 'core.sshCommand' || :"
2026-09-10T19:33:10.3107062Z Removing HTTP extra header
2026-09-10T19:33:10.3128426Z [command]/usr/bin/git config --local --name-only --get-regexp http\.https\:\/\/github\.com\/\.extraheader
2026-09-10T19:33:10.3162060Z [command]/usr/bin/git submodule foreach --recursive sh -c "git config --local --name-only --get-regexp 'http\.https\:\/\/github\.com\/\.extraheader' && git config --local --unset-all 'http.https://github.com/.extraheader' || :"
2026-09-10T19:33:10.3413779Z Removing includeIf entries pointing to credentials config files
2026-09-10T19:33:10.3418602Z [command]/usr/bin/git config --local --name-only --get-regexp ^includeIf\.gitdir:
2026-09-10T19:33:10.3468370Z [command]/usr/bin/git submodule foreach --recursive git config --local --show-origin --name-only --get-regexp remote.origin.url
2026-09-10T19:33:10.3770153Z [command]/usr/bin/git config --file /home/runner/work/_temp/git-credentials-17553099-77c7-4f01-a917-f47236e7e18c.config http.https://github.com/.extraheader AUTHORIZATION: basic ***
2026-09-10T19:33:10.3834200Z [command]/usr/bin/git config --local includeIf.gitdir:/home/runner/work/lean-math-lab/lean-math-lab/.git.path /home/runner/work/_temp/git-credentials-17553099-77c7-4f01-a917-f47236e7e18c.config
2026-09-10T19:33:10.3878686Z [command]/usr/bin/git config --local includeIf.gitdir:/home/runner/work/lean-math-lab/lean-math-lab/.git/worktrees/*.path /home/runner/work/_temp/git-credentials-17553099-77c7-4f01-a917-f47236e7e18c.config
2026-09-10T19:33:10.3929451Z [command]/usr/bin/git config --local includeIf.gitdir:/github/workspace/.git.path /github/runner_temp/git-credentials-17553099-77c7-4f01-a917-f47236e7e18c.config
2026-09-10T19:33:10.3973548Z [command]/usr/bin/git config --local includeIf.gitdir:/github/workspace/.git/worktrees/*.path /github/runner_temp/git-credentials-17553099-77c7-4f01-a917-f47236e7e18c.config
2026-09-10T19:33:10.4014458Z ##[endgroup]
2026-09-10T19:33:10.4018468Z ##[group]Fetching the repository
2026-09-10T19:33:10.4025396Z [command]/usr/bin/git -c protocol.version=2 fetch --no-tags --prune --no-recurse-submodules --depth=1 origin +0102ae7d1a8c776b329730e5746c2b59ecd06ded:refs/remotes/origin/GPT-work/b699-low-index-lean-20260911-513dc7cc
2026-09-10T19:33:14.7650484Z From https://github.com/HuanHuanHuanFFF/lean-math-lab
2026-09-10T19:33:14.7657610Z  * [new ref]         0102ae7d1a8c776b329730e5746c2b59ecd06ded -> origin/GPT-work/b699-low-index-lean-20260911-513dc7cc
2026-09-10T19:33:14.7664273Z [command]/usr/bin/git branch --list --remote origin/GPT-work/b699-low-index-lean-20260911-513dc7cc
2026-09-10T19:33:14.7706122Z   origin/GPT-work/b699-low-index-lean-20260911-513dc7cc
2026-09-10T19:33:14.7735074Z [command]/usr/bin/git rev-parse refs/remotes/origin/GPT-work/b699-low-index-lean-20260911-513dc7cc
2026-09-10T19:33:14.7762904Z 0102ae7d1a8c776b329730e5746c2b59ecd06ded
2026-09-10T19:33:14.7767599Z ##[endgroup]
2026-09-10T19:33:14.7768903Z ##[group]Determining the checkout info
2026-09-10T19:33:14.7770206Z ##[endgroup]
2026-09-10T19:33:14.7774649Z [command]/usr/bin/git sparse-checkout disable
2026-09-10T19:33:14.7838543Z [command]/usr/bin/git config --local --unset-all extensions.worktreeConfig
2026-09-10T19:33:14.7878959Z ##[group]Checking out the ref
2026-09-10T19:33:14.7885132Z [command]/usr/bin/git checkout --progress --force -B GPT-work/b699-low-index-lean-20260911-513dc7cc refs/remotes/origin/GPT-work/b699-low-index-lean-20260911-513dc7cc
2026-09-10T19:33:15.8124562Z Updating files:  31% (3272/10473)
2026-09-10T19:33:15.8330092Z Updating files:  32% (3352/10473)
2026-09-10T19:33:15.8390922Z Updating files:  33% (3457/10473)
2026-09-10T19:33:15.8724373Z Updating files:  34% (3561/10473)
2026-09-10T19:33:15.8886034Z Updating files:  35% (3666/10473)
2026-09-10T19:33:15.8949542Z Updating files:  36% (3771/10473)
2026-09-10T19:33:15.9078758Z Updating files:  37% (3876/10473)
2026-09-10T19:33:15.9136878Z Updating files:  38% (3980/10473)
2026-09-10T19:33:15.9261274Z Updating files:  39% (4085/10473)
2026-09-10T19:33:15.9399657Z Updating files:  40% (4190/10473)
2026-09-10T19:33:15.9514110Z Updating files:  41% (4294/10473)
2026-09-10T19:33:15.9636901Z Updating files:  42% (4399/10473)
2026-09-10T19:33:15.9687051Z Updating files:  43% (4504/10473)
2026-09-10T19:33:15.9857155Z Updating files:  44% (4609/10473)
2026-09-10T19:33:15.9930465Z Updating files:  45% (4713/10473)
2026-09-10T19:33:15.9994480Z Updating files:  46% (4818/10473)
2026-09-10T19:33:16.0056616Z Updating files:  47% (4923/10473)
2026-09-10T19:33:16.0123974Z Updating files:  48% (5028/10473)
2026-09-10T19:33:16.0225166Z Updating files:  49% (5132/10473)
2026-09-10T19:33:16.0499326Z Updating files:  50% (5237/10473)
2026-09-10T19:33:16.0589480Z Updating files:  51% (5342/10473)
2026-09-10T19:33:16.0660822Z Updating files:  52% (5446/10473)
2026-09-10T19:33:16.0729686Z Updating files:  53% (5551/10473)
2026-09-10T19:33:16.0784866Z Updating files:  54% (5656/10473)
2026-09-10T19:33:16.0850442Z Updating files:  55% (5761/10473)
2026-09-10T19:33:16.0983661Z Updating files:  56% (5865/10473)
2026-09-10T19:33:16.1461207Z Updating files:  57% (5970/10473)
2026-09-10T19:33:16.1586063Z Updating files:  58% (6075/10473)
2026-09-10T19:33:16.1631605Z Updating files:  59% (6180/10473)
2026-09-10T19:33:16.1722743Z Updating files:  60% (6284/10473)
2026-09-10T19:33:16.1776124Z Updating files:  61% (6389/10473)
2026-09-10T19:33:16.1897749Z Updating files:  62% (6494/10473)
2026-09-10T19:33:16.1981709Z Updating files:  63% (6598/10473)
2026-09-10T19:33:16.2092323Z Updating files:  64% (6703/10473)
2026-09-10T19:33:16.2181828Z Updating files:  65% (6808/10473)
2026-09-10T19:33:16.2275656Z Updating files:  66% (6913/10473)
2026-09-10T19:33:16.2376611Z Updating files:  67% (7017/10473)
2026-09-10T19:33:16.2457189Z Updating files:  68% (7122/10473)
2026-09-10T19:33:16.2522464Z Updating files:  69% (7227/10473)
2026-09-10T19:33:16.2572772Z Updating files:  70% (7332/10473)
2026-09-10T19:33:16.2633124Z Updating files:  71% (7436/10473)
2026-09-10T19:33:16.2697369Z Updating files:  72% (7541/10473)
2026-09-10T19:33:16.2746542Z Updating files:  73% (7646/10473)
2026-09-10T19:33:16.2829937Z Updating files:  74% (7751/10473)
2026-09-10T19:33:16.2866911Z Updating files:  75% (7855/10473)
2026-09-10T19:33:16.2906674Z Updating files:  76% (7960/10473)
2026-09-10T19:33:16.2987412Z Updating files:  77% (8065/10473)
2026-09-10T19:33:16.3077004Z Updating files:  78% (8169/10473)
2026-09-10T19:33:16.3170138Z Updating files:  79% (8274/10473)
2026-09-10T19:33:16.3339241Z Updating files:  80% (8379/10473)
2026-09-10T19:33:16.3413726Z Updating files:  81% (8484/10473)
2026-09-10T19:33:16.3495114Z Updating files:  82% (8588/10473)
2026-09-10T19:33:16.3621020Z Updating files:  83% (8693/10473)
2026-09-10T19:33:16.3693978Z Updating files:  84% (8798/10473)
2026-09-10T19:33:16.3776026Z Updating files:  85% (8903/10473)
2026-09-10T19:33:16.3825961Z Updating files:  86% (9007/10473)
2026-09-10T19:33:16.3881374Z Updating files:  87% (9112/10473)
2026-09-10T19:33:16.3932541Z Updating files:  88% (9217/10473)
2026-09-10T19:33:16.4036443Z Updating files:  89% (9321/10473)
2026-09-10T19:33:16.4101243Z Updating files:  90% (9426/10473)
2026-09-10T19:33:16.4244029Z Updating files:  91% (9531/10473)
2026-09-10T19:33:16.4356615Z Updating files:  92% (9636/10473)
2026-09-10T19:33:16.4581121Z Updating files:  93% (9740/10473)
2026-09-10T19:33:16.4646201Z Updating files:  94% (9845/10473)
2026-09-10T19:33:16.4844952Z Updating files:  95% (9950/10473)
2026-09-10T19:33:16.4894596Z Updating files:  96% (10055/10473)
2026-09-10T19:33:16.4939706Z Updating files:  97% (10159/10473)
2026-09-10T19:33:16.5021261Z Updating files:  98% (10264/10473)
2026-09-10T19:33:16.5100200Z Updating files:  99% (10369/10473)
2026-09-10T19:33:16.5102570Z Updating files: 100% (10473/10473)
2026-09-10T19:33:16.5103376Z Updating files: 100% (10473/10473), done.
2026-09-10T19:33:16.7496590Z Switched to a new branch 'GPT-work/b699-low-index-lean-20260911-513dc7cc'
2026-09-10T19:33:16.7505291Z branch 'GPT-work/b699-low-index-lean-20260911-513dc7cc' set up to track 'origin/GPT-work/b699-low-index-lean-20260911-513dc7cc'.
2026-09-10T19:33:16.7613823Z ##[endgroup]
2026-09-10T19:33:16.7657720Z [command]/usr/bin/git log -1 --format=%H
2026-09-10T19:33:16.7703846Z 0102ae7d1a8c776b329730e5746c2b59ecd06ded
2026-09-10T19:33:16.7948810Z ##[group]Run python3 - <<'PY'
2026-09-10T19:33:16.7949520Z [36;1mpython3 - <<'PY'[0m
2026-09-10T19:33:16.7949964Z [36;1mimport json, os[0m
2026-09-10T19:33:16.7950252Z [36;1mfrom pathlib import Path[0m
2026-09-10T19:33:16.7950568Z [36;1mrun = Path(os.environ['B699_RUN'])[0m
2026-09-10T19:33:16.7951014Z [36;1mstate = json.loads((run/'target-status.json').read_text())[0m
2026-09-10T19:33:16.7952057Z [36;1maccepted = {r['i'] for r in state['targets'] if r['full_original_statement_accepted']}[0m
2026-09-10T19:33:16.7952845Z [36;1mif 29 not in accepted:[0m
2026-09-10T19:33:16.7953493Z [36;1m    raise RuntimeError('Complete Row029 acceptance is required first')[0m
2026-09-10T19:33:16.7954275Z [36;1mbatch = json.loads((run/'verification/runner/phase-a-batch.json').read_text())[0m
2026-09-10T19:33:16.7955177Z [36;1mif len(set(batch)) != len(batch) or not all(35 <= i <= 184 for i in batch):[0m
2026-09-10T19:33:16.7956149Z [36;1m    raise RuntimeError('Batch is outside the remaining 150 phase A indices')[0m
2026-09-10T19:33:16.7957279Z [36;1mpending = [i for i in batch if i not in accepted][0m
2026-09-10T19:33:16.7957978Z [36;1mwith open(os.environ['GITHUB_OUTPUT'], 'a') as out:[0m
2026-09-10T19:33:16.7958701Z [36;1m    out.write('matrix=' + json.dumps({'i': pending}) + '\n')[0m
2026-09-10T19:33:16.7959470Z [36;1m    out.write('has_work=' + ('true' if pending else 'false') + '\n')[0m
2026-09-10T19:33:16.7960637Z [36;1mprint('pending indices', pending, 'already fixed acceptance', sorted(accepted))[0m
2026-09-10T19:33:16.7961410Z [36;1mPY[0m
2026-09-10T19:33:16.8018683Z shell: /usr/bin/bash -e {0}
2026-09-10T19:33:16.8019333Z env:
2026-09-10T19:33:16.8019913Z   B699_RUN: research/tasks/B699-Binomial/runs/20260911-low-index-lean-513dc7cc
2026-09-10T19:33:16.8020819Z   B699_RAW: .tools/20260911-low-index-lean-513dc7cc
2026-09-10T19:33:16.8021345Z ##[endgroup]
2026-09-10T19:33:16.8736028Z pending indices [35, 37] already fixed acceptance [29, 36]
2026-09-10T19:33:16.8862426Z ##[group]Run python3 -m py_compile "$B699_RUN"/verification/runner/*.py
2026-09-10T19:33:16.8862991Z [36;1mpython3 -m py_compile "$B699_RUN"/verification/runner/*.py[0m
2026-09-10T19:33:16.8863651Z [36;1mpython3 "$B699_RUN/verification/runner/generate_row.py" --i 29 --plan "$B699_RUN/verification/generator-row029.json"[0m
2026-09-10T19:33:16.8864218Z [36;1mpython3 - <<'PY'[0m
2026-09-10T19:33:16.8864475Z [36;1mimport json, os, runpy[0m
2026-09-10T19:33:16.8864736Z [36;1mfrom pathlib import Path[0m
2026-09-10T19:33:16.8865022Z [36;1mrun = Path(os.environ['B699_RUN'])[0m
2026-09-10T19:33:16.8865547Z [36;1mprint(json.dumps(runpy.run_path(str(run/'verification/runner/compile_probes.py'))['resources']()))[0m
2026-09-10T19:33:16.8866459Z [36;1mPY[0m
2026-09-10T19:33:16.8909262Z shell: /usr/bin/bash -e {0}
2026-09-10T19:33:16.8909733Z env:
2026-09-10T19:33:16.8910309Z   B699_RUN: research/tasks/B699-Binomial/runs/20260911-low-index-lean-513dc7cc
2026-09-10T19:33:16.8911160Z   B699_RAW: .tools/20260911-low-index-lean-513dc7cc
2026-09-10T19:33:16.8911685Z ##[endgroup]
2026-09-10T19:33:17.1329172Z B699_PLAN {"kind": "uncompiled_candidates", "i": 29, "frozen_source": "research/tasks/B699-Binomial/runs/20260909-low-index-structure-b41a5a63/lean/coverage/rows/Row029.lean", "frozen_source_sha256": "e323322cf1ef7262ece3947616b7980219010e7cdc82a3c433db4038173e048d", "height": [29, 9, 19, 37], "goods": 228, "layers": 114, "root": "research/tasks/B699-Binomial/runs/20260911-low-index-lean-513dc7cc/lean/rows/Row029/Original.lean"}
2026-09-10T19:33:17.3079743Z {"disk": [76887154688, 63059001344, 13811376128], "cpu_count": 2, "meminfo": ["MemTotal:        8128872 kB", "MemAvailable:    6892384 kB"], "memory.max": null, "memory.current": null, "cpu.max": null, "processes": "    PID    PPID   RSS COMMAND\n   1824    1822 148616 provjobd2231016\n   1878    1858 127440 Runner.Worker\n   1858    1809 95188 Runner.Listener\n   1010       1 72364 dockerd\n    786       1 51900 php-fpm8.3\n    881       1 43988 containerd\n    202       1 43844 multipathd\n   1066     820 37948 python3\n    820       1 30992 python3\n   1002     786 21420 php-fpm8.3\n   1013     786 21420 php-fpm8.3\n    783       1 20940 networkd-dispat\n    141       1 17712 systemd-journal\n   1809       1 16572 hosted-compute-\n      1       0 14324 systemd\n   2032    2029 14196 python3\n    817       1 13720 udisksd\n    479       1 13188 systemd-resolve\n    992       1 12876 ModemManager\n    923       1 11648 systemd\n    812       1  9856 systemd-logind\n    695       1  9748 systemd-network\n    790       1  8164 polkitd\n    206       1  7952 systemd-udevd\n   1221       1  7576 systemd-timedat\n   1822    1809  7080 sudo\n    947       1  5960 rsyslogd\n    778       1  5588 dbus-daemon\n    558       1  5032 haveged\n   2033    2032  4224 ps\n    919       1  3636 chronyd\n    987     923  3572 (sd-pam)\n   2029    1878  3528 bash\n    352       1  2904 hv_kvp_daemon\n    846       1  2752 cron\n    886       1  2164 agetty\n    902       1  2044 agetty\n    921     919  1284 chronyd\n      2       0     0 kthreadd\n      3       2     0 pool_workqueue_release\n      4       2     0 kworker/R-rcu_gp\n      5       2     0 kworker/R-sync_wq\n      6       2     0 kworker/R-kvfree_rcu_reclaim\n      7       2     0 kworker/R-slub_flushwq\n      8       2     0 kworker/R-netns\n      9       2     0 kworker/0:0-events\n     10       2     0 kworker/0:1-events\n     11       2     0 kworker/0:0H-events_highpri\n     12       2     0 kworker/u8:0+flush-8:0\n     13       2     0 kworker/R-mm_percpu_wq\n     14       2   "}
2026-09-10T19:33:17.3498313Z ##[group]Run leanprover/lean-action@50fcf42d2e460296f1a34b402e990d1b24f8b596
2026-09-10T19:33:17.3498750Z with:
2026-09-10T19:33:17.3498941Z   auto-config: false
2026-09-10T19:33:17.3499152Z   build: false
2026-09-10T19:33:17.3499339Z   test: false
2026-09-10T19:33:17.3499528Z   lint: false
2026-09-10T19:33:17.3499717Z   use-mathlib-cache: false
2026-09-10T19:33:17.3499952Z   use-github-cache: false
2026-09-10T19:33:17.3500172Z   mk_all-check: false
2026-09-10T19:33:17.3500405Z   check-reservoir-eligibility: false
2026-09-10T19:33:17.3500669Z   leanchecker: false
2026-09-10T19:33:17.3500873Z   lean4checker: false
2026-09-10T19:33:17.3501073Z   nanoda: false
2026-09-10T19:33:17.3501272Z   nanoda-allow-sorry: true
2026-09-10T19:33:17.3501496Z   axiom-audit: false
2026-09-10T19:33:17.3501791Z   axiom-audit-allow: propext,Classical.choice,Quot.sound
2026-09-10T19:33:17.3502191Z   lake-package-directory: .
2026-09-10T19:33:17.3502449Z   reinstall-transient-toolchain: false
2026-09-10T19:33:17.3502758Z env:
2026-09-10T19:33:17.3503068Z   B699_RUN: research/tasks/B699-Binomial/runs/20260911-low-index-lean-513dc7cc
2026-09-10T19:33:17.3503498Z   B699_RAW: .tools/20260911-low-index-lean-513dc7cc
2026-09-10T19:33:17.3503785Z ##[endgroup]
2026-09-10T19:33:17.3611360Z ##[start-action display=install elan;id=__leanprover_lean-action.__run]
2026-09-10T19:33:17.3643373Z ##[group]Run : Install Elan
2026-09-10T19:33:17.3643664Z [36;1m: Install Elan[0m
2026-09-10T19:33:17.3643965Z [36;1m${GITHUB_ACTION_PATH}/scripts/install_elan.sh[0m
2026-09-10T19:33:17.3684686Z shell: /usr/bin/bash --noprofile --norc -e -o pipefail {0}
2026-09-10T19:33:17.3685099Z env:
2026-09-10T19:33:17.3685476Z   B699_RUN: research/tasks/B699-Binomial/runs/20260911-low-index-lean-513dc7cc
2026-09-10T19:33:17.3692433Z   B699_RAW: .tools/20260911-low-index-lean-513dc7cc
2026-09-10T19:33:17.3692805Z ##[endgroup]
2026-09-10T19:33:17.5527876Z ##[group]Elan Installation Output
2026-09-10T19:33:18.0630593Z info: downloading installer
2026-09-10T19:33:21.8342827Z info: downloading https://releases.lean-lang.org/lean4/v4.33.1/lean-4.33.1-linux.tar.zst
2026-09-10T19:33:27.5530011Z info: installing /home/runner/.elan/toolchains/leanprover--lean4---v4.33.1
2026-09-10T19:33:38.7077629Z Lean (version 4.33.1, x86_64-unknown-linux-gnu, commit 819816b2e0a3bf405af45ae5c7af2491d8f5bee6, Release)
2026-09-10T19:33:38.7647027Z Lake version 5.0.0-src+819816b (Lean version 4.33.1)
2026-09-10T19:33:38.7649465Z ##[endgroup]
2026-09-10T19:33:38.7649826Z 
2026-09-10T19:33:38.7682760Z ##[end-action id=__leanprover_lean-action.__run;outcome=success;conclusion=success;duration_ms=21406]
2026-09-10T19:33:38.7689739Z ##[start-action display=configure `lean-action`;id=__leanprover_lean-action.config]
2026-09-10T19:33:38.7714577Z ##[group]Run : Configure Lean Action
2026-09-10T19:33:38.7715119Z [36;1m: Configure Lean Action[0m
2026-09-10T19:33:38.7715606Z [36;1m${GITHUB_ACTION_PATH}/scripts/config.sh[0m
2026-09-10T19:33:38.7770747Z shell: /usr/bin/bash --noprofile --norc -e -o pipefail {0}
2026-09-10T19:33:38.7771333Z env:
2026-09-10T19:33:38.7771865Z   B699_RUN: research/tasks/B699-Binomial/runs/20260911-low-index-lean-513dc7cc
2026-09-10T19:33:38.7772595Z   B699_RAW: .tools/20260911-low-index-lean-513dc7cc
2026-09-10T19:33:38.7773082Z   AUTO_CONFIG: false
2026-09-10T19:33:38.7773416Z   BUILD: false
2026-09-10T19:33:38.7773717Z   TEST: false
2026-09-10T19:33:38.7774012Z   LINT: false
2026-09-10T19:33:38.7774312Z ##[endgroup]
2026-09-10T19:33:38.8586748Z ##[group]Configure lean-action
2026-09-10T19:33:38.8626698Z ##[end-action id=__leanprover_lean-action.config;outcome=success;conclusion=success;duration_ms=93]
2026-09-10T19:33:38.8629430Z ##[start-action display=reinstall transient toolchain;id=__leanprover_lean-action.__run_2]
2026-09-10T19:33:38.8637047Z ##[end-action id=__leanprover_lean-action.__run_2;outcome=skipped;conclusion=skipped;duration_ms=0]
2026-09-10T19:33:38.8640504Z ##[start-action display=ensure all files are imported;id=__leanprover_lean-action.mk_all]
2026-09-10T19:33:38.8644188Z ##[end-action id=__leanprover_lean-action.mk_all;outcome=skipped;conclusion=skipped;duration_ms=0]
2026-09-10T19:33:38.8646670Z ##[start-action display=Run actions/cache/restore@v5;id=__leanprover_lean-action.__actions_cache]
2026-09-10T19:33:38.8650238Z ##[end-action id=__leanprover_lean-action.__actions_cache;outcome=skipped;conclusion=skipped;duration_ms=0]
2026-09-10T19:33:38.8652146Z ##[start-action display=detect mathlib;id=__leanprover_lean-action.detect-mathlib]
2026-09-10T19:33:38.8655537Z ##[end-action id=__leanprover_lean-action.detect-mathlib;outcome=skipped;conclusion=skipped;duration_ms=0]
2026-09-10T19:33:38.8657917Z ##[start-action display=get mathlib cache;id=__leanprover_lean-action.__run_3]
2026-09-10T19:33:38.8682849Z ##[end-action id=__leanprover_lean-action.__run_3;outcome=skipped;conclusion=skipped;duration_ms=0]
2026-09-10T19:33:38.8711087Z ##[start-action display=build HuanHuanHuanFFF/lean-math-lab;id=__leanprover_lean-action.build]
2026-09-10T19:33:38.8716249Z ##[end-action id=__leanprover_lean-action.build;outcome=skipped;conclusion=skipped;duration_ms=0]
2026-09-10T19:33:38.8718583Z ##[start-action display=Run actions/cache/save@v5;id=__leanprover_lean-action.__actions_cache_2]
2026-09-10T19:33:38.8722146Z ##[end-action id=__leanprover_lean-action.__actions_cache_2;outcome=skipped;conclusion=skipped;duration_ms=0]
2026-09-10T19:33:38.8726263Z ##[start-action display=test HuanHuanHuanFFF/lean-math-lab;id=__leanprover_lean-action.test]
2026-09-10T19:33:38.8730672Z ##[end-action id=__leanprover_lean-action.test;outcome=skipped;conclusion=skipped;duration_ms=0]
2026-09-10T19:33:38.8733681Z ##[start-action display=lint HuanHuanHuanFFF/lean-math-lab;id=__leanprover_lean-action.lint]
2026-09-10T19:33:38.8738565Z ##[end-action id=__leanprover_lean-action.lint;outcome=skipped;conclusion=skipped;duration_ms=0]
2026-09-10T19:33:38.8740564Z ##[start-action display=check reservoir eligibility;id=__leanprover_lean-action.__run_4]
2026-09-10T19:33:38.8744022Z ##[end-action id=__leanprover_lean-action.__run_4;outcome=skipped;conclusion=skipped;duration_ms=0]
2026-09-10T19:33:38.8747234Z ##[start-action display=check environment with leanchecker;id=__leanprover_lean-action.__run_5]
2026-09-10T19:33:38.8751880Z ##[end-action id=__leanprover_lean-action.__run_5;outcome=skipped;conclusion=skipped;duration_ms=0]
2026-09-10T19:33:38.8754229Z ##[start-action display=check environment with nanoda;id=__leanprover_lean-action.nanoda]
2026-09-10T19:33:38.8757707Z ##[end-action id=__leanprover_lean-action.nanoda;outcome=skipped;conclusion=skipped;duration_ms=0]
2026-09-10T19:33:38.8760231Z ##[start-action display=audit axioms with axiom-audit;id=__leanprover_lean-action.axiom-audit]
2026-09-10T19:33:38.8763515Z ##[end-action id=__leanprover_lean-action.axiom-audit;outcome=skipped;conclusion=skipped;duration_ms=0]
2026-09-10T19:33:38.8824345Z ##[group]Run python3 "$B699_RUN/verification/runner/verify_environment.py" --repo . --mode cache
2026-09-10T19:33:38.8825094Z [36;1mpython3 "$B699_RUN/verification/runner/verify_environment.py" --repo . --mode cache[0m
2026-09-10T19:33:38.8826438Z [36;1mpython3 "$B699_RUN/verification/runner/verify_incremental.py" --repo . --root "$B699_RUN/lean/SharedEnvironment.lean" --memory-mb 3072 --timeout 900[0m
2026-09-10T19:33:38.8827362Z [36;1mpython3 "$B699_RUN/verification/runner/cache_bundle.py" export --archive "$B699_RAW/export/shared.zip"[0m
2026-09-10T19:33:38.8864282Z shell: /usr/bin/bash -e {0}
2026-09-10T19:33:38.8864547Z env:
2026-09-10T19:33:38.8864896Z   B699_RUN: research/tasks/B699-Binomial/runs/20260911-low-index-lean-513dc7cc
2026-09-10T19:33:38.8865338Z   B699_RAW: .tools/20260911-low-index-lean-513dc7cc
2026-09-10T19:33:38.8865635Z ##[endgroup]
2026-09-10T19:33:39.0112627Z info: mathlib: cloning https://github.com/leanprover-community/mathlib4
2026-09-10T19:34:21.5831004Z info: mathlib: checking out revision '0df444a360eaa60ab8c11dca51a86af692955474'
2026-09-10T19:34:23.7677994Z info: plausible: cloning https://github.com/leanprover-community/plausible
2026-09-10T19:34:24.2507256Z info: plausible: checking out revision 'b7eb3304aeae834b12dda98993a37f6a41f6f0bb'
2026-09-10T19:34:24.2640036Z info: LeanSearchClient: cloning https://github.com/leanprover-community/LeanSearchClient
2026-09-10T19:34:24.7844575Z info: LeanSearchClient: checking out revision '5f4d51b81cbd3f6b32b156bfad9056621a040404'
2026-09-10T19:34:24.7983773Z info: importGraph: cloning https://github.com/leanprover-community/import-graph
2026-09-10T19:34:25.7777181Z info: importGraph: checking out revision '16f02aa7642864af59f1ff0e384a015994db9118'
2026-09-10T19:34:25.7977110Z info: proofwidgets: cloning https://github.com/leanprover-community/ProofWidgets4
2026-09-10T19:34:26.7247275Z info: proofwidgets: checking out revision '4be2e3d5087eeb272cf5a8853b8f9dd025ef5957'
2026-09-10T19:34:27.4787252Z info: aesop: cloning https://github.com/leanprover-community/aesop
2026-09-10T19:34:28.4777084Z info: aesop: checking out revision '3448c0bcc5ce01b2d1546e483ec3620e32df3d0e'
2026-09-10T19:34:28.4965029Z info: Qq: cloning https://github.com/leanprover-community/quote4
2026-09-10T19:34:29.0997772Z info: Qq: checking out revision '92c15be17b7caf78c2ad767ec40f89052d908d81'
2026-09-10T19:34:29.1142757Z info: batteries: cloning https://github.com/leanprover-community/batteries
2026-09-10T19:34:33.2581720Z info: batteries: checking out revision '4488d40d070b9700d4d5a6aa342f0d40c31b2a2d'
2026-09-10T19:34:33.2848128Z info: Cli: cloning https://github.com/leanprover/lean4-cli
2026-09-10T19:34:33.8616756Z info: Cli: checking out revision '6130a47896ce867c6a4a55373441e59e565bad0f'
2026-09-10T19:34:34.8827347Z ✔ [2/6] Built Cache.Cli (374ms)
2026-09-10T19:34:35.4817952Z ✔ [5/12] Built Cache.Lean (599ms)
2026-09-10T19:34:36.1840683Z ✔ [7/27] Built Cache.Infra (724ms)
2026-09-10T19:34:36.4844985Z ✔ [8/27] Built Cache.Cli:c.o (232ms)
2026-09-10T19:34:36.5847427Z ✔ [9/27] Built Batteries.Tactic.OpenPrivate (1.6s)
2026-09-10T19:34:36.6839667Z ✔ [10/27] Built Cache.Lean:c.o (247ms)
2026-09-10T19:34:36.9844355Z ✔ [11/27] Built Cache.Infra:c.o (386ms)
2026-09-10T19:34:38.9897890Z ✔ [12/27] Built Batteries.Tactic.OpenPrivate:c.o (2.3s)
2026-09-10T19:34:39.4947245Z ✔ [13/27] Built Cache.IO (2.5s)
2026-09-10T19:34:40.9957111Z ✔ [14/27] Built Cache.Hashing (1.5s)
2026-09-10T19:34:41.7967109Z ✔ [15/27] Built Cache.Hashing:c.o (772ms)
2026-09-10T19:34:42.3989135Z ✔ [16/27] Built Cache.IO:c.o (2.9s)
2026-09-10T19:34:44.6068605Z ✔ [17/27] Built Cache.Requests (2.8s)
2026-09-10T19:34:45.6077447Z ✔ [18/27] Built Cache.Marker (1.1s)
2026-09-10T19:34:45.9107357Z ✔ [19/27] Built Cache.Marker:c.o (229ms)
2026-09-10T19:34:47.2097221Z ✔ [20/27] Built Cache.Query (1.4s)
2026-09-10T19:34:47.8106990Z ✔ [21/27] Built Cache.Query:c.o (556ms)
2026-09-10T19:34:49.0124224Z ✔ [22/27] Built Cache.Warning (1.2s)
2026-09-10T19:34:49.5131527Z ✔ [23/27] Built Cache.Warning:c.o (470ms)
2026-09-10T19:34:49.7147881Z ✔ [24/27] Built Cache.Requests:c.o (5.1s)
2026-09-10T19:34:50.9157317Z ✔ [25/27] Built Cache.Main (1.4s)
2026-09-10T19:34:52.0177059Z ✔ [26/27] Built Cache.Main:c.o (1.1s)
2026-09-10T19:34:53.0207589Z ✔ [27/27] Built cache:exe (1.0s)
2026-09-10T19:34:55.8916785Z Current branch: HEAD
2026-09-10T19:34:55.8917891Z Using cache from origin: (some leanprover-community/mathlib4)
2026-09-10T19:34:55.8920033Z Attempting to download 1169 file(s) from leanprover-community/mathlib4 cache at https://lakecache.blob.core.windows.net/mathlib4-master
2026-09-10T19:34:57.2340452Z 
2026-09-10T19:34:57.3366662Z Downloaded: 1 file(s) [attempted 1/1169 = 0%, 27 KB/s], Decompressed: 0
2026-09-10T19:34:57.4469124Z Downloaded: 55 file(s) [attempted 55/1169 = 4%, 54 KB/s], Decompressed: 11
2026-09-10T19:34:57.5487857Z Downloaded: 131 file(s) [attempted 131/1169 = 11%, 1587 KB/s], Decompressed: 33
2026-09-10T19:34:57.6471141Z Downloaded: 210 file(s) [attempted 210/1169 = 17%, 1474 KB/s], Decompressed: 33
2026-09-10T19:34:57.7499178Z Downloaded: 292 file(s) [attempted 292/1169 = 24%, 309 KB/s], Decompressed: 33
2026-09-10T19:34:57.8587118Z Downloaded: 378 file(s) [attempted 378/1169 = 32%, 333 KB/s], Decompressed: 33
2026-09-10T19:34:57.9637402Z Downloaded: 469 file(s) [attempted 469/1169 = 40%, 2357 KB/s], Decompressed: 33
2026-09-10T19:34:58.0697273Z Downloaded: 555 file(s) [attempted 555/1169 = 47%, 154 KB/s], Decompressed: 33
2026-09-10T19:34:58.1690805Z Downloaded: 618 file(s) [attempted 618/1169 = 52%, 154 KB/s], Decompressed: 33
2026-09-10T19:34:58.2717771Z Downloaded: 700 file(s) [attempted 700/1169 = 59%, 772 KB/s], Decompressed: 129
2026-09-10T19:34:58.3962401Z Downloaded: 788 file(s) [attempted 788/1169 = 67%, 131 KB/s], Decompressed: 129
2026-09-10T19:34:58.4999421Z Downloaded: 858 file(s) [attempted 858/1169 = 73%, 1165 KB/s], Decompressed: 129
2026-09-10T19:34:58.6117594Z Downloaded: 956 file(s) [attempted 956/1169 = 81%, 160 KB/s], Decompressed: 129
2026-09-10T19:34:58.7184898Z Downloaded: 1015 file(s) [attempted 1015/1169 = 86%, 575 KB/s], Decompressed: 129
2026-09-10T19:34:58.8861516Z Downloaded: 1112 file(s) [attempted 1112/1169 = 95%, 572 KB/s], Decompressed: 129
2026-09-10T19:34:58.8928753Z Downloaded: 1168 file(s) [attempted 1168/1169 = 99%, 806 KB/s], Decompressed: 129
2026-09-10T19:34:58.8930088Z Downloaded: 1169 file(s) [attempted 1169/1169 = 100%, 806 KB/s], Decompressed: 129
2026-09-10T19:35:04.5790407Z Decompressed 1169 file(s)
2026-09-10T19:35:04.5790923Z Already decompressed 1169 file(s)
2026-09-10T19:35:04.6581109Z {"source_files_matched": 21, "manifest_matched": true, "lean_compiled": false}
2026-09-10T19:35:04.6582023Z memory.max unavailable
2026-09-10T19:35:04.6582705Z memory.current unavailable
2026-09-10T19:35:04.6583296Z cpu.max unavailable
2026-09-10T19:35:04.6584002Z disk usage(total=76887154688, used=66155270144, free=10715107328)
2026-09-10T19:35:04.6584850Z     PID    PPID   RSS COMMAND
2026-09-10T19:35:04.6585496Z    1824    1822 134496 provjobd2231016
2026-09-10T19:35:04.6586659Z    1878    1858 132996 Runner.Worker
2026-09-10T19:35:04.6587293Z    1858    1809 95252 Runner.Listener
2026-09-10T19:35:04.6587910Z    1010       1 72364 dockerd
2026-09-10T19:35:04.6588484Z     786       1 51900 php-fpm8.3
2026-09-10T19:35:04.6589102Z     881       1 43988 containerd
2026-09-10T19:35:04.6589711Z     202       1 43844 multipathd
2026-09-10T19:35:04.6590280Z    1066     820 37952 python3
2026-09-10T19:35:04.6590851Z     820       1 30992 python3
2026-09-10T19:35:04.6591441Z    1002     786 21420 php-fpm8.3
2026-09-10T19:35:04.6592032Z    1013     786 21420 php-fpm8.3
2026-09-10T19:35:04.6592569Z     783       1 20940 networkd-dispat
2026-09-10T19:35:04.6593165Z     141       1 17716 systemd-journal
2026-09-10T19:35:04.6593825Z    2085    2084 17660 python3
2026-09-10T19:35:04.6594398Z    1809       1 16636 hosted-compute-
2026-09-10T19:35:04.6594983Z       1       0 14324 systemd
2026-09-10T19:35:04.6595538Z     817       1 13720 udisksd
2026-09-10T19:35:04.6605043Z     479       1 13188 systemd-resolve
2026-09-10T19:35:04.6606114Z     992       1 12876 ModemManager
2026-09-10T19:35:04.6606759Z     923       1 11648 systemd
2026-09-10T19:35:04.6607455Z     812       1  9856 systemd-logind
2026-09-10T19:35:04.6608139Z     695       1  9748 systemd-network
2026-09-10T19:35:04.6608792Z     790       1  8164 polkitd
2026-09-10T19:35:04.6609420Z     206       1  7952 systemd-udevd
2026-09-10T19:35:04.6610039Z    1822    1809  7080 sudo
2026-09-10T19:35:04.6610597Z     947       1  5960 rsyslogd
2026-09-10T19:35:04.6611188Z     778       1  5588 dbus-daemon
2026-09-10T19:35:04.6611796Z     558       1  5032 haveged
2026-09-10T19:35:04.6612408Z    2086    2085  4220 ps
2026-09-10T19:35:04.6612999Z     919       1  3636 chronyd
2026-09-10T19:35:04.6613548Z     987     923  3572 (sd-pam)
2026-09-10T19:35:04.6614129Z    2084    1878  3516 bash
2026-09-10T19:35:04.6614727Z     352       1  2904 hv_kvp_daemon
2026-09-10T19:35:04.6615327Z     846       1  2752 cron
2026-09-10T19:35:04.6634590Z     886       1  2164 agetty
2026-09-10T19:35:04.6635246Z     902       1  2044 agetty
2026-09-10T19:35:04.6636242Z     921     919  1284 chronyd
2026-09-10T19:35:04.6636824Z       2       0     0 kthreadd
2026-09-10T19:35:04.6637467Z       3       2     0 pool_workqueue_release
2026-09-10T19:35:04.6638168Z       4       2     0 kworker/R-rcu_gp
2026-09-10T19:35:04.6638831Z       5       2     0 kworker/R-sync_wq
2026-09-10T19:35:04.6639550Z       6       2     0 kworker/R-kvfree_rcu_reclaim
2026-09-10T19:35:04.6640265Z       7       2     0 kworker/R-slub_flushwq
2026-09-10T19:35:04.6640938Z       8       2 
2026-09-10T19:35:06.3411559Z RESOURCE {"source": "Math/B699/CofactorCriterion.lean", "cpu_count": 2, "disk": [76887154688, 68193042432, 8677335040], "meminfo": ["MemTotal:        8128872 kB", "MemAvailable:    7153016 kB"], "memory.max": null, "memory.current": null, "cpu.max": null}
2026-09-10T19:35:08.6972417Z COMPILE {"source": "Math/B699/CofactorCriterion.lean", "seconds": 2.348, "exit_code": 0, "failure": null, "axiom_audit": {"declared_print_axioms": 0, "declared_names": [], "guarded_print_axioms": 0, "guarded_names": [], "actual_printed": 0, "guard_msgs_in_source": 0, "printed": [], "unexpected_axioms": [], "guarded_output_inferred": false}}
2026-09-10T19:35:08.7068605Z RESOURCE {"source": "research/tasks/B699-Binomial/runs/20260909-large-prime-structure-cb4764f0/lean/GapBridge.lean", "cpu_count": 2, "disk": [76887154688, 68193628160, 8676749312], "meminfo": ["MemTotal:        8128872 kB", "MemAvailable:    7150484 kB"], "memory.max": null, "memory.current": null, "cpu.max": null}
2026-09-10T19:35:11.1784868Z COMPILE {"source": "research/tasks/B699-Binomial/runs/20260909-large-prime-structure-cb4764f0/lean/GapBridge.lean", "seconds": 2.466, "exit_code": 0, "failure": null, "axiom_audit": {"declared_print_axioms": 6, "declared_names": ["B699LargePrimeStructure.common_of_mod_certificate", "B699LargePrimeStructure.gap_remainder_eq", "B699LargePrimeStructure.common_of_gap_power", "B699LargePrimeStructure.common_of_gap_prime", "B699LargePrimeStructure.common_of_top_prime", "B699LargePrimeStructure.common_small_index"], "guarded_print_axioms": 0, "guarded_names": [], "actual_printed": 6, "guard_msgs_in_source": 0, "printed": [{"declared_name": "B699LargePrimeStructure.common_of_mod_certificate", "axioms": ["propext", "Classical.choice", "Quot.sound"]}, {"declared_name": "B699LargePrimeStructure.gap_remainder_eq", "axioms": ["propext", "Quot.sound"]}, {"declared_name": "B699LargePrimeStructure.common_of_gap_power", "axioms": ["propext", "Classical.choice", "Quot.sound"]}, {"declared_name": "B699LargePrimeStructure.common_of_gap_prime", "axioms": ["propext", "Classical.choice", "Quot.sound"]}, {"declared_name": "B699LargePrimeStructure.common_of_top_prime", "axioms": ["propext", "Classical.choice", "Quot.sound"]}, {"declared_name": "B699LargePrimeStructure.common_small_index", "axioms": ["propext", "Classical.choice", "Quot.sound"]}], "unexpected_axioms": [], "guarded_output_inferred": false}}
2026-09-10T19:35:11.1889361Z RESOURCE {"source": "research/tasks/B699-Binomial/runs/20260908-external-reductions-b3c1b7/lean/DivisorTransfer.lean", "cpu_count": 2, "disk": [76887154688, 68194193408, 8676184064], "meminfo": ["MemTotal:        8128872 kB", "MemAvailable:    7136164 kB"], "memory.max": null, "memory.current": null, "cpu.max": null}
2026-09-10T19:35:12.5819327Z COMPILE {"source": "research/tasks/B699-Binomial/runs/20260908-external-reductions-b3c1b7/lean/DivisorTransfer.lean", "seconds": 1.39, "exit_code": 0, "failure": null, "axiom_audit": {"declared_print_axioms": 4, "declared_names": ["divisor_transfer", "prime_part_dvd", "prime_part_coprime_of_no_common", "actual_prime_part_transfer"], "guarded_print_axioms": 0, "guarded_names": [], "actual_printed": 4, "guard_msgs_in_source": 0, "printed": [{"declared_name": "divisor_transfer", "axioms": ["propext", "Classical.choice", "Quot.sound"]}, {"declared_name": "prime_part_dvd", "axioms": ["propext", "Classical.choice", "Quot.sound"]}, {"declared_name": "prime_part_coprime_of_no_common", "axioms": ["propext", "Classical.choice", "Quot.sound"]}, {"declared_name": "actual_prime_part_transfer", "axioms": ["propext", "Classical.choice", "Quot.sound"]}], "unexpected_axioms": [], "guarded_output_inferred": false}}
2026-09-10T19:35:12.5918578Z RESOURCE {"source": "research/tasks/B699-Binomial/runs/20260909-large-prime-structure-cb4764f0/lean/PrimePowerTransfer.lean", "cpu_count": 2, "disk": [76887154688, 68194275328, 8676102144], "meminfo": ["MemTotal:        8128872 kB", "MemAvailable:    7156316 kB"], "memory.max": null, "memory.current": null, "cpu.max": null}
2026-09-10T19:35:15.3071657Z COMPILE {"source": "research/tasks/B699-Binomial/runs/20260909-large-prime-structure-cb4764f0/lean/PrimePowerTransfer.lean", "seconds": 2.707, "exit_code": 0, "failure": null, "axiom_audit": {"declared_print_axioms": 6, "declared_names": ["B699LargePrimeStructure.prime_power_numerator_mod_lt", "B699LargePrimeStructure.prime_power_gap_dvd", "B699LargePrimeStructure.actual_avoiding_part_gap_transfer", "B699LargePrimeStructure.avoidingPart_eq_primePart_of_noCommon", "B699LargePrimeStructure.actual_prime_part_gap_transfer", "B699LargePrimeStructure.common_of_gap_product_not_dvd"], "guarded_print_axioms": 0, "guarded_names": [], "actual_printed": 6, "guard_msgs_in_source": 0, "printed": [{"declared_name": "B699LargePrimeStructure.prime_power_numerator_mod_lt", "axioms": ["propext", "Classical.choice", "Quot.sound"]}, {"declared_name": "B699LargePrimeStructure.prime_power_gap_dvd", "axioms": ["propext", "Classical.choice", "Quot.sound"]}, {"declared_name": "B699LargePrimeStructure.actual_avoiding_part_gap_transfer", "axioms": ["propext", "Classical.choice", "Quot.sound"]}, {"declared_name": "B699LargePrimeStructure.avoidingPart_eq_primePart_of_noCommon", "axioms": ["propext", "Classical.choice", "Quot.sound"]}, {"declared_name": "B699LargePrimeStructure.actual_prime_part_gap_transfer", "axioms": ["propext", "Classical.choice", "Quot.sound"]}, {"declared_name": "B699LargePrimeStructure.common_of_gap_product_not_dvd", "axioms": ["propext", "Classical.choice", "Quot.sound"]}], "unexpected_axioms": [], "guarded_output_inferred": false}}
2026-09-10T19:35:15.3178761Z RESOURCE {"source": "research/tasks/B699-Binomial/runs/20260909-large-prime-structure-cb4764f0/lean/SmallPartBound.lean", "cpu_count": 2, "disk": [76887154688, 68195028992, 8675348480], "meminfo": ["MemTotal:        8128872 kB", "MemAvailable:    7152232 kB"], "memory.max": null, "memory.current": null, "cpu.max": null}
2026-09-10T19:35:16.8495297Z COMPILE {"source": "research/tasks/B699-Binomial/runs/20260909-large-prime-structure-cb4764f0/lean/SmallPartBound.lean", "seconds": 1.528, "exit_code": 0, "failure": null, "axiom_audit": {"declared_print_axioms": 4, "declared_names": ["B699LargePrimeStructure.smallPrimePart_mul_primePart", "B699LargePrimeStructure.smallPrimePart_le_pow_smallPrimeCount", "B699LargePrimeStructure.noCommon_choose_le_smallPrime_gap_bound", "B699LargePrimeStructure.common_of_elementary_gap_comparison"], "guarded_print_axioms": 0, "guarded_names": [], "actual_printed": 4, "guard_msgs_in_source": 0, "printed": [{"declared_name": "B699LargePrimeStructure.smallPrimePart_mul_primePart", "axioms": ["propext", "Classical.choice", "Quot.sound"]}, {"declared_name": "B699LargePrimeStructure.smallPrimePart_le_pow_smallPrimeCount", "axioms": ["propext", "Classical.choice", "Quot.sound"]}, {"declared_name": "B699LargePrimeStructure.noCommon_choose_le_smallPrime_gap_bound", "axioms": ["propext", "Classical.choice", "Quot.sound"]}, {"declared_name": "B699LargePrimeStructure.common_of_elementary_gap_comparison", "axioms": ["propext", "Classical.choice", "Quot.sound"]}], "unexpected_axioms": [], "guarded_output_inferred": false}}
2026-09-10T19:35:16.8596663Z RESOURCE {"source": "research/tasks/B699-Binomial/runs/20260909-low-index-structure-b41a5a63/lean/ThreeWindowWeights.lean", "cpu_count": 2, "disk": [76887154688, 68195192832, 8675184640], "meminfo": ["MemTotal:        8128872 kB", "MemAvailable:    7146140 kB"], "memory.max": null, "memory.current": null, "cpu.max": null}
2026-09-10T19:35:19.8902473Z COMPILE {"source": "research/tasks/B699-Binomial/runs/20260909-low-index-structure-b41a5a63/lean/ThreeWindowWeights.lean", "seconds": 3.022, "exit_code": 0, "failure": null, "axiom_audit": {"declared_print_axioms": 7, "declared_names": ["B699LowIndex.prime_power_three_positions", "B699LowIndex.prime_power_three_window_dvd", "B699LowIndex.actual_avoiding_part_three_window_transfer", "B699LowIndex.actual_prime_part_three_window_transfer", "B699LowIndex.common_of_three_window_not_dvd", "B699LowIndex.noCommon_three_window_size", "B699LowIndex.common_of_three_window_comparison"], "guarded_print_axioms": 0, "guarded_names": [], "actual_printed": 7, "guard_msgs_in_source": 0, "printed": [{"declared_name": "B699LowIndex.prime_power_three_positions", "axioms": ["propext", "Classical.choice", "Quot.sound"]}, {"declared_name": "B699LowIndex.prime_power_three_window_dvd", "axioms": ["propext", "Classical.choice", "Quot.sound"]}, {"declared_name": "B699LowIndex.actual_avoiding_part_three_window_transfer", "axioms": ["propext", "Classical.choice", "Quot.sound"]}, {"declared_name": "B699LowIndex.actual_prime_part_three_window_transfer", "axioms": ["propext", "Classical.choice", "Quot.sound"]}, {"declared_name": "B699LowIndex.common_of_three_window_not_dvd", "axioms": ["propext", "Classical.choice", "Quot.sound"]}, {"declared_name": "B699LowIndex.noCommon_three_window_size", "axioms": ["propext", "Classical.choice", "Quot.sound"]}, {"declared_name": "B699LowIndex.common_of_three_window_comparison", "axioms": ["propext", "Classical.choice", "Quot.sound"]}], "unexpected_axioms": [], "guarded_output_inferred": false}}
2026-09-10T19:35:19.9016524Z RESOURCE {"source": "research/tasks/B699-Binomial/runs/20260909-low-index-structure-b41a5a63/lean/ThreeWindowSize.lean", "cpu_count": 2, "disk": [76887154688, 68196102144, 8674275328], "meminfo": ["MemTotal:        8128872 kB", "MemAvailable:    7144956 kB"], "memory.max": null, "memory.current": null, "cpu.max": null}
2026-09-10T19:35:22.3431233Z COMPILE {"source": "research/tasks/B699-Binomial/runs/20260909-low-index-structure-b41a5a63/lean/ThreeWindowSize.lean", "seconds": 2.436, "exit_code": 0, "failure": null, "axiom_audit": {"declared_print_axioms": 4, "declared_names": ["B699LowIndex.two_window_sum", "B699LowIndex.three_window_scaled_upper", "B699LowIndex.noCommon_scaled_prime_part", "B699LowIndex.common_of_scaled_prime_part"], "guarded_print_axioms": 0, "guarded_names": [], "actual_printed": 4, "guard_msgs_in_source": 0, "printed": [{"declared_name": "B699LowIndex.two_window_sum", "axioms": ["propext", "Classical.choice", "Quot.sound"]}, {"declared_name": "B699LowIndex.three_window_scaled_upper", "axioms": ["propext", "Classical.choice", "Quot.sound"]}, {"declared_name": "B699LowIndex.noCommon_scaled_prime_part", "axioms": ["propext", "Classical.choice", "Quot.sound"]}, {"declared_name": "B699LowIndex.common_of_scaled_prime_part", "axioms": ["propext", "Classical.choice", "Quot.sound"]}], "unexpected_axioms": [], "guarded_output_inferred": false}}
2026-09-10T19:35:22.3534410Z RESOURCE {"source": "research/tasks/B699-Binomial/runs/20260909-eees-chain-5a2e10/lean/PowerBounds.lean", "cpu_count": 2, "disk": [76887154688, 68196642816, 8673734656], "meminfo": ["MemTotal:        8128872 kB", "MemAvailable:    7141316 kB"], "memory.max": null, "memory.current": null, "cpu.max": null}
2026-09-10T19:35:24.0590848Z COMPILE {"source": "research/tasks/B699-Binomial/runs/20260909-eees-chain-5a2e10/lean/PowerBounds.lean", "seconds": 1.702, "exit_code": 0, "failure": null, "axiom_audit": {"declared_print_axioms": 0, "declared_names": [], "guarded_print_axioms": 0, "guarded_names": [], "actual_printed": 0, "guard_msgs_in_source": 0, "printed": [], "unexpected_axioms": [], "guarded_output_inferred": false}}
2026-09-10T19:35:24.0699192Z RESOURCE {"source": "research/tasks/B699-Binomial/runs/20260909-low-index-structure-b41a5a63/lean/HeightCertificate.lean", "cpu_count": 2, "disk": [76887154688, 68197027840, 8673349632], "meminfo": ["MemTotal:        8128872 kB", "MemAvailable:    7155092 kB"], "memory.max": null, "memory.current": null, "cpu.max": null}
2026-09-10T19:35:25.7497109Z COMPILE {"source": "research/tasks/B699-Binomial/runs/20260909-low-index-structure-b41a5a63/lean/HeightCertificate.lean", "seconds": 1.676, "exit_code": 0, "failure": null, "axiom_audit": {"declared_print_axioms": 3, "declared_names": ["B699LowIndex.noCommon_scaled_choose", "B699LowIndex.power_cross_mono", "B699LowIndex.common_of_height_certificate"], "guarded_print_axioms": 0, "guarded_names": [], "actual_printed": 3, "guard_msgs_in_source": 0, "printed": [{"declared_name": "B699LowIndex.noCommon_scaled_choose", "axioms": ["propext", "Classical.choice", "Quot.sound"]}, {"declared_name": "B699LowIndex.power_cross_mono", "axioms": ["propext"]}, {"declared_name": "B699LowIndex.common_of_height_certificate", "axioms": ["propext", "Classical.choice", "Quot.sound"]}], "unexpected_axioms": [], "guarded_output_inferred": false}}
2026-09-10T19:35:25.7589012Z RESOURCE {"source": "research/tasks/B699-Binomial/runs/20260909-low-index-structure-b41a5a63/lean/HeightCertificateData.lean", "cpu_count": 2, "disk": [76887154688, 68197273600, 8673103872], "meminfo": ["MemTotal:        8128872 kB", "MemAvailable:    7130244 kB"], "memory.max": null, "memory.current": null, "cpu.max": null}
2026-09-10T19:35:26.7979040Z COMPILE {"source": "research/tasks/B699-Binomial/runs/20260909-low-index-structure-b41a5a63/lean/HeightCertificateData.lean", "seconds": 1.032, "exit_code": 0, "failure": null, "axiom_audit": {"declared_print_axioms": 0, "declared_names": [], "guarded_print_axioms": 0, "guarded_names": [], "actual_printed": 0, "guard_msgs_in_source": 0, "printed": [], "unexpected_axioms": [], "guarded_output_inferred": false}}
2026-09-10T19:35:26.8076958Z RESOURCE {"source": "research/tasks/B699-Binomial/runs/20260909-low-index-structure-b41a5a63/lean/RegisteredHeights.lean", "cpu_count": 2, "disk": [76887154688, 68197941248, 8672436224], "meminfo": ["MemTotal:        8128872 kB", "MemAvailable:    7139056 kB"], "memory.max": null, "memory.current": null, "cpu.max": null}
2026-09-10T19:39:48.8182619Z COMPILE {"source": "research/tasks/B699-Binomial/runs/20260909-low-index-structure-b41a5a63/lean/RegisteredHeights.lean", "seconds": 261.996, "exit_code": 0, "failure": null, "axiom_audit": {"declared_print_axioms": 3, "declared_names": ["B699LowIndex.heightCertificateData_valid", "B699LowIndex.heightCertificateData_indices", "B699LowIndex.common_of_registered_height"], "guarded_print_axioms": 0, "guarded_names": [], "actual_printed": 3, "guard_msgs_in_source": 0, "printed": [{"declared_name": "B699LowIndex.heightCertificateData_valid", "axioms": ["propext", "Classical.choice", "Quot.sound"]}, {"declared_name": "B699LowIndex.heightCertificateData_indices", "axioms": []}, {"declared_name": "B699LowIndex.common_of_registered_height", "axioms": ["propext", "Classical.choice", "Quot.sound"]}], "unexpected_axioms": [], "guarded_output_inferred": false}}
2026-09-10T19:39:48.8279511Z RESOURCE {"source": "research/tasks/B699-Binomial/runs/20260909-low-index-structure-b41a5a63/lean/LargeSmallPowers.lean", "cpu_count": 2, "disk": [76887154688, 68198514688, 8671862784], "meminfo": ["MemTotal:        8128872 kB", "MemAvailable:    7160040 kB"], "memory.max": null, "memory.current": null, "cpu.max": null}
2026-09-10T19:39:50.4825393Z COMPILE {"source": "research/tasks/B699-Binomial/runs/20260909-low-index-structure-b41a5a63/lean/LargeSmallPowers.lean", "seconds": 1.649, "exit_code": 0, "failure": null, "axiom_audit": {"declared_print_axioms": 5, "declared_names": ["B699LowIndex.nat_prod_lt_pow_of_pointwise_lt", "B699LowIndex.scaled_prod_lt_of_all_but_one_small", "B699LowIndex.exists_two_large_factors_of_scaled_prod", "B699LowIndex.small_prime_part_eq_prod_small_primes", "B699LowIndex.exists_two_large_small_prime_powers"], "guarded_print_axioms": 0, "guarded_names": [], "actual_printed": 5, "guard_msgs_in_source": 0, "printed": [{"declared_name": "B699LowIndex.nat_prod_lt_pow_of_pointwise_lt", "axioms": ["propext", "Classical.choice", "Quot.sound"]}, {"declared_name": "B699LowIndex.scaled_prod_lt_of_all_but_one_small", "axioms": ["propext", "Classical.choice", "Quot.sound"]}, {"declared_name": "B699LowIndex.exists_two_large_factors_of_scaled_prod", "axioms": ["propext", "Classical.choice", "Quot.sound"]}, {"declared_name": "B699LowIndex.small_prime_part_eq_prod_small_primes", "axioms": ["propext", "Classical.choice", "Quot.sound"]}, {"declared_name": "B699LowIndex.exists_two_large_small_prime_powers", "axioms": ["propext", "Classical.choice", "Quot.sound"]}], "unexpected_axioms": [], "guarded_output_inferred": false}}
2026-09-10T19:39:50.4916527Z RESOURCE {"source": "research/tasks/B699-Binomial/runs/20260909-low-index-structure-b41a5a63/lean/CofactorCover.lean", "cpu_count": 2, "disk": [76887154688, 68198739968, 8671637504], "meminfo": ["MemTotal:        8128872 kB", "MemAvailable:    7113188 kB"], "memory.max": null, "memory.current": null, "cpu.max": null}
2026-09-10T19:39:53.0826483Z COMPILE {"source": "research/tasks/B699-Binomial/runs/20260909-low-index-structure-b41a5a63/lean/CofactorCover.lean", "seconds": 2.585, "exit_code": 0, "failure": null, "axiom_audit": {"declared_print_axioms": 4, "declared_names": ["B699LowIndex.pow_le_two_descFactorial", "B699LowIndex.noCommon_bernoulli_size", "B699LowIndex.noCommon_small_part_lower_of_certificate", "B699LowIndex.noCommon_two_large_small_prime_powers"], "guarded_print_axioms": 0, "guarded_names": [], "actual_printed": 4, "guard_msgs_in_source": 0, "printed": [{"declared_name": "B699LowIndex.pow_le_two_descFactorial", "axioms": ["propext", "Classical.choice", "Quot.sound"]}, {"declared_name": "B699LowIndex.noCommon_bernoulli_size", "axioms": ["propext", "Classical.choice", "Quot.sound"]}, {"declared_name": "B699LowIndex.noCommon_small_part_lower_of_certificate", "axioms": ["propext", "Classical.choice", "Quot.sound"]}, {"declared_name": "B699LowIndex.noCommon_two_large_small_prime_powers", "axioms": ["propext", "Classical.choice", "Quot.sound"]}], "unexpected_axioms": [], "guarded_output_inferred": false}}
2026-09-10T19:39:53.0915594Z RESOURCE {"source": "research/tasks/B686-Four/round8/lean/BigPrimeSupport.lean", "cpu_count": 2, "disk": [76887154688, 68199190528, 8671186944], "meminfo": ["MemTotal:        8128872 kB", "MemAvailable:    7083668 kB"], "memory.max": null, "memory.current": null, "cpu.max": null}
2026-09-10T19:39:54.7952913Z COMPILE {"source": "research/tasks/B686-Four/round8/lean/BigPrimeSupport.lean", "seconds": 1.698, "exit_code": 0, "failure": null, "axiom_audit": {"declared_print_axioms": 0, "declared_names": [], "guarded_print_axioms": 4, "guarded_names": ["large_prime_power_dvd_one_factor", "large_prime_power_divides_cross_difference", "common_prime_divides_cross_difference", "large_prime_hits_block_unique"], "actual_printed": 0, "guard_msgs_in_source": 4, "printed": [], "unexpected_axioms": [], "guarded_output_inferred": false}}
2026-09-10T19:39:54.8042714Z RESOURCE {"source": "research/tasks/B686-Four/formalization/UniformDistance/SmallPrime.lean", "cpu_count": 2, "disk": [76887154688, 68199444480, 8670932992], "meminfo": ["MemTotal:        8128872 kB", "MemAvailable:    7049896 kB"], "memory.max": null, "memory.current": null, "cpu.max": null}
2026-09-10T19:39:56.7574579Z COMPILE {"source": "research/tasks/B686-Four/formalization/UniformDistance/SmallPrime.lean", "seconds": 1.948, "exit_code": 0, "failure": null, "axiom_audit": {"declared_print_axioms": 0, "declared_names": [], "guarded_print_axioms": 2, "guarded_names": ["distance_product_eq_factorials", "small_prime_factorization_bound"], "actual_printed": 0, "guard_msgs_in_source": 2, "printed": [], "unexpected_axioms": [], "guarded_output_inferred": false}}
2026-09-10T19:39:56.7670147Z RESOURCE {"source": "research/tasks/B699-Binomial/runs/20260909-low-index-structure-b41a5a63/lean/SmallPrimeLocalization.lean", "cpu_count": 2, "disk": [76887154688, 68200067072, 8670310400], "meminfo": ["MemTotal:        8128872 kB", "MemAvailable:    7046372 kB"], "memory.max": null, "memory.current": null, "cpu.max": null}
2026-09-10T19:39:58.4883730Z COMPILE {"source": "research/tasks/B699-Binomial/runs/20260909-low-index-structure-b41a5a63/lean/SmallPrimeLocalization.lean", "seconds": 1.717, "exit_code": 0, "failure": null, "axiom_audit": {"declared_print_axioms": 3, "declared_names": ["B699LowIndex.binomial_factorization_add_index_le", "B699LowIndex.binomial_prime_power_localization", "B699LowIndex.binomial_prime_power_localization_of_le"], "guarded_print_axioms": 0, "guarded_names": [], "actual_printed": 3, "guard_msgs_in_source": 0, "printed": [{"declared_name": "B699LowIndex.binomial_factorization_add_index_le", "axioms": ["propext", "Classical.choice", "Quot.sound"]}, {"declared_name": "B699LowIndex.binomial_prime_power_localization", "axioms": ["propext", "Classical.choice", "Quot.sound"]}, {"declared_name": "B699LowIndex.binomial_prime_power_localization_of_le", "axioms": ["propext", "Classical.choice", "Quot.sound"]}], "unexpected_axioms": [], "guarded_output_inferred": false}}
2026-09-10T19:39:58.4980383Z RESOURCE {"source": "research/tasks/B699-Binomial/runs/20260909-low-index-structure-b41a5a63/lean/SmallPowerIntervals.lean", "cpu_count": 2, "disk": [76887154688, 68200456192, 8669921280], "meminfo": ["MemTotal:        8128872 kB", "MemAvailable:    7114800 kB"], "memory.max": null, "memory.current": null, "cpu.max": null}
2026-09-10T19:40:00.1332641Z COMPILE {"source": "research/tasks/B699-Binomial/runs/20260909-low-index-structure-b41a5a63/lean/SmallPowerIntervals.lean", "seconds": 1.631, "exit_code": 0, "failure": null, "axiom_audit": {"declared_print_axioms": 6, "declared_names": ["B699LowIndex.exists_small_cofactor_of_localized_power", "B699LowIndex.exists_small_cofactor_div_of_localized_power", "B699LowIndex.interval_power_le_of_representation", "B699LowIndex.interval_power_lt_upper_of_representation", "B699LowIndex.binomial_power_interval_of_large_power", "B699LowIndex.exists_two_small_prime_power_intervals"], "guarded_print_axioms": 0, "guarded_names": [], "actual_printed": 6, "guard_msgs_in_source": 0, "printed": [{"declared_name": "B699LowIndex.exists_small_cofactor_of_localized_power", "axioms": ["propext", "Classical.choice", "Quot.sound"]}, {"declared_name": "B699LowIndex.exists_small_cofactor_div_of_localized_power", "axioms": ["propext", "Classical.choice", "Quot.sound"]}, {"declared_name": "B699LowIndex.interval_power_le_of_representation", "axioms": ["propext", "Quot.sound"]}, {"declared_name": "B699LowIndex.interval_power_lt_upper_of_representation", "axioms": ["propext", "Quot.sound"]}, {"declared_name": "B699LowIndex.binomial_power_interval_of_large_power", "axioms": ["propext", "Classical.choice", "Quot.sound"]}, {"declared_name": "B699LowIndex.exists_two_small_prime_power_intervals", "axioms": ["propext", "Classical.choice", "Quot.sound"]}], "unexpected_axioms": [], "guarded_output_inferred": false}}
2026-09-10T19:40:00.1418725Z RESOURCE {"source": "research/tasks/B699-Binomial/runs/20260909-low-index-structure-b41a5a63/lean/PrimePowerEnumeration.lean", "cpu_count": 2, "disk": [76887154688, 68200710144, 8669667328], "meminfo": ["MemTotal:        8128872 kB", "MemAvailable:    7061456 kB"], "memory.max": null, "memory.current": null, "cpu.max": null}
2026-09-10T19:40:01.8829651Z COMPILE {"source": "research/tasks/B699-Binomial/runs/20260909-low-index-structure-b41a5a63/lean/PrimePowerEnumeration.lean", "seconds": 1.736, "exit_code": 0, "failure": null, "axiom_audit": {"declared_print_axioms": 3, "declared_names": ["B699LowIndex.power_interval_mem_of_bounds", "B699LowIndex.power_interval_list_complete", "B699LowIndex.exists_two_colours_in_power_interval_list"], "guarded_print_axioms": 0, "guarded_names": [], "actual_printed": 3, "guard_msgs_in_source": 0, "printed": [{"declared_name": "B699LowIndex.power_interval_mem_of_bounds", "axioms": ["propext", "Classical.choice", "Quot.sound"]}, {"declared_name": "B699LowIndex.power_interval_list_complete", "axioms": ["propext", "Classical.choice", "Quot.sound"]}, {"declared_name": "B699LowIndex.exists_two_colours_in_power_interval_list", "axioms": ["propext", "Classical.choice", "Quot.sound"]}], "unexpected_axioms": [], "guarded_output_inferred": false}}
2026-09-10T19:40:01.8918427Z RESOURCE {"source": "research/tasks/B699-Binomial/runs/20260909-low-index-structure-b41a5a63/lean/LargeDivisorWitness.lean", "cpu_count": 2, "disk": [76887154688, 68201140224, 8669237248], "meminfo": ["MemTotal:        8128872 kB", "MemAvailable:    7013392 kB"], "memory.max": null, "memory.current": null, "cpu.max": null}
2026-09-10T19:40:03.5743104Z COMPILE {"source": "research/tasks/B699-Binomial/runs/20260909-low-index-structure-b41a5a63/lean/LargeDivisorWitness.lean", "seconds": 1.678, "exit_code": 0, "failure": null, "axiom_audit": {"declared_print_axioms": 3, "declared_names": ["B699LowIndex.large_divisor_dvd_prime_part", "B699LowIndex.common_of_large_divisor", "B699LowIndex.goodSegmentCheck_sound"], "guarded_print_axioms": 0, "guarded_names": [], "actual_printed": 3, "guard_msgs_in_source": 0, "printed": [{"declared_name": "B699LowIndex.large_divisor_dvd_prime_part", "axioms": ["propext", "Classical.choice", "Quot.sound"]}, {"declared_name": "B699LowIndex.common_of_large_divisor", "axioms": ["propext", "Classical.choice", "Quot.sound"]}, {"declared_name": "B699LowIndex.goodSegmentCheck_sound", "axioms": ["propext", "Classical.choice", "Quot.sound"]}], "unexpected_axioms": [], "guarded_output_inferred": false}}
2026-09-10T19:40:03.5833775Z RESOURCE {"source": "research/tasks/B699-Binomial/runs/20260909-low-index-structure-b41a5a63/lean/IntervalCover.lean", "cpu_count": 2, "disk": [76887154688, 68201582592, 8668794880], "meminfo": ["MemTotal:        8128872 kB", "MemAvailable:    7091500 kB"], "memory.max": null, "memory.current": null, "cpu.max": null}
2026-09-10T19:40:04.8257268Z COMPILE {"source": "research/tasks/B699-Binomial/runs/20260909-low-index-structure-b41a5a63/lean/IntervalCover.lean", "seconds": 1.236, "exit_code": 0, "failure": null, "axiom_audit": {"declared_print_axioms": 2, "declared_names": ["B699LowIndex.coverCheck_sound", "B699LowIndex.pairCoverCheck_sound"], "guarded_print_axioms": 0, "guarded_names": [], "actual_printed": 2, "guard_msgs_in_source": 0, "printed": [{"declared_name": "B699LowIndex.coverCheck_sound", "axioms": ["propext", "Classical.choice", "Quot.sound"]}, {"declared_name": "B699LowIndex.pairCoverCheck_sound", "axioms": ["propext", "Classical.choice", "Quot.sound"]}], "unexpected_axioms": [], "guarded_output_inferred": false}}
2026-09-10T19:40:04.8328019Z RESOURCE {"source": "research/tasks/B699-Binomial/runs/20260909-low-index-structure-b41a5a63/lean/FiniteCover.lean", "cpu_count": 2, "disk": [76887154688, 68201832448, 8668545024], "meminfo": ["MemTotal:        8128872 kB", "MemAvailable:    6984368 kB"], "memory.max": null, "memory.current": null, "cpu.max": null}
2026-09-10T19:40:06.6975378Z COMPILE {"source": "research/tasks/B699-Binomial/runs/20260909-low-index-structure-b41a5a63/lean/FiniteCover.lean", "seconds": 1.859, "exit_code": 0, "failure": null, "axiom_audit": {"declared_print_axioms": 2, "declared_names": ["B699LowIndex.coverLayerCheck_sound", "B699LowIndex.common_of_finite_cover_row_checked"], "guarded_print_axioms": 0, "guarded_names": [], "actual_printed": 2, "guard_msgs_in_source": 0, "printed": [{"declared_name": "B699LowIndex.coverLayerCheck_sound", "axioms": ["propext", "Classical.choice", "Quot.sound"]}, {"declared_name": "B699LowIndex.common_of_finite_cover_row_checked", "axioms": ["propext", "Classical.choice", "Quot.sound"]}], "unexpected_axioms": [], "guarded_output_inferred": false}}
2026-09-10T19:40:06.7064988Z RESOURCE {"source": "research/tasks/B699-Binomial/runs/20260909-low-index-structure-b41a5a63/lean/TrialPrimeCheck.lean", "cpu_count": 2, "disk": [76887154688, 68202483712, 8667893760], "meminfo": ["MemTotal:        8128872 kB", "MemAvailable:    6965864 kB"], "memory.max": null, "memory.current": null, "cpu.max": null}
2026-09-10T19:40:07.7737395Z COMPILE {"source": "research/tasks/B699-Binomial/runs/20260909-low-index-structure-b41a5a63/lean/TrialPrimeCheck.lean", "seconds": 1.064, "exit_code": 0, "failure": null, "axiom_audit": {"declared_print_axioms": 1, "declared_names": ["B699LowIndex.trialPrimeCheck_sound"], "guarded_print_axioms": 0, "guarded_names": [], "actual_printed": 1, "guard_msgs_in_source": 0, "printed": [{"declared_name": "B699LowIndex.trialPrimeCheck_sound", "axioms": ["propext", "Classical.choice", "Quot.sound"]}], "unexpected_axioms": [], "guarded_output_inferred": false}}
2026-09-10T19:40:07.7838420Z RESOURCE {"source": "research/tasks/B699-Binomial/runs/20260911-low-index-lean-513dc7cc/lean/WitnessBridge.lean", "cpu_count": 2, "disk": [76887154688, 68202569728, 8667807744], "meminfo": ["MemTotal:        8128872 kB", "MemAvailable:    6927136 kB"], "memory.max": null, "memory.current": null, "cpu.max": null}
2026-09-10T19:40:09.0593188Z COMPILE {"source": "research/tasks/B699-Binomial/runs/20260911-low-index-lean-513dc7cc/lean/WitnessBridge.lean", "seconds": 1.273, "exit_code": 0, "failure": null, "axiom_audit": {"declared_print_axioms": 1, "declared_names": ["B699LowIndex.LowIndexLean513dc7cc.good_top_prime_checked"], "guarded_print_axioms": 0, "guarded_names": [], "actual_printed": 1, "guard_msgs_in_source": 0, "printed": [{"declared_name": "B699LowIndex.LowIndexLean513dc7cc.good_top_prime_checked", "axioms": ["propext", "Classical.choice", "Quot.sound"]}], "unexpected_axioms": [], "guarded_output_inferred": false}}
2026-09-10T19:40:09.0685349Z RESOURCE {"source": "research/tasks/B699-Binomial/runs/20260911-low-index-lean-513dc7cc/lean/LayerParts.lean", "cpu_count": 2, "disk": [76887154688, 68202610688, 8667766784], "meminfo": ["MemTotal:        8128872 kB", "MemAvailable:    7003984 kB"], "memory.max": null, "memory.current": null, "cpu.max": null}
2026-09-10T19:40:10.3362719Z COMPILE {"source": "research/tasks/B699-Binomial/runs/20260911-low-index-lean-513dc7cc/lean/LayerParts.lean", "seconds": 1.263, "exit_code": 0, "failure": null, "axiom_audit": {"declared_print_axioms": 1, "declared_names": ["B699LowIndex.LowIndexLean513dc7cc.coverLayerCheck_of_parts"], "guarded_print_axioms": 0, "guarded_names": [], "actual_printed": 1, "guard_msgs_in_source": 0, "printed": [{"declared_name": "B699LowIndex.LowIndexLean513dc7cc.coverLayerCheck_of_parts", "axioms": ["propext", "Classical.choice", "Quot.sound"]}], "unexpected_axioms": [], "guarded_output_inferred": false}}
2026-09-10T19:40:10.3448693Z RESOURCE {"source": "research/tasks/B699-Binomial/runs/20260911-low-index-lean-513dc7cc/lean/PairChunks.lean", "cpu_count": 2, "disk": [76887154688, 68202639360, 8667738112], "meminfo": ["MemTotal:        8128872 kB", "MemAvailable:    6992040 kB"], "memory.max": null, "memory.current": null, "cpu.max": null}
2026-09-10T19:40:11.3730441Z COMPILE {"source": "research/tasks/B699-Binomial/runs/20260911-low-index-lean-513dc7cc/lean/PairChunks.lean", "seconds": 1.021, "exit_code": 0, "failure": null, "axiom_audit": {"declared_print_axioms": 1, "declared_names": ["B699LowIndex.LowIndexLean513dc7cc.pairCoverCheck_of_chunks"], "guarded_print_axioms": 0, "guarded_names": [], "actual_printed": 1, "guard_msgs_in_source": 0, "printed": [{"declared_name": "B699LowIndex.LowIndexLean513dc7cc.pairCoverCheck_of_chunks", "axioms": ["propext", "Quot.sound"]}], "unexpected_axioms": [], "guarded_output_inferred": false}}
2026-09-10T19:40:11.3788285Z RESOURCE {"source": "research/tasks/B699-Binomial/runs/20260911-low-index-lean-513dc7cc/lean/SharedEnvironment.lean", "cpu_count": 2, "disk": [76887154688, 68202672128, 8667705344], "meminfo": ["MemTotal:        8128872 kB", "MemAvailable:    6923916 kB"], "memory.max": null, "memory.current": null, "cpu.max": null}
2026-09-10T19:40:12.6031013Z COMPILE {"source": "research/tasks/B699-Binomial/runs/20260911-low-index-lean-513dc7cc/lean/SharedEnvironment.lean", "seconds": 1.219, "exit_code": 0, "failure": null, "axiom_audit": {"declared_print_axioms": 4, "declared_names": ["B699LowIndex.common_of_finite_cover_row_checked", "B699LowIndex.LowIndexLean513dc7cc.good_top_prime_checked", "B699LowIndex.LowIndexLean513dc7cc.coverLayerCheck_of_parts", "B699LowIndex.LowIndexLean513dc7cc.pairCoverCheck_of_chunks"], "guarded_print_axioms": 0, "guarded_names": [], "actual_printed": 4, "guard_msgs_in_source": 0, "printed": [{"declared_name": "B699LowIndex.common_of_finite_cover_row_checked", "axioms": ["propext", "Classical.choice", "Quot.sound"]}, {"declared_name": "B699LowIndex.LowIndexLean513dc7cc.good_top_prime_checked", "axioms": ["propext", "Classical.choice", "Quot.sound"]}, {"declared_name": "B699LowIndex.LowIndexLean513dc7cc.coverLayerCheck_of_parts", "axioms": ["propext", "Classical.choice", "Quot.sound"]}, {"declared_name": "B699LowIndex.LowIndexLean513dc7cc.pairCoverCheck_of_chunks", "axioms": ["propext", "Quot.sound"]}], "unexpected_axioms": [], "guarded_output_inferred": false}}
2026-09-10T19:40:12.6084895Z EVIDENCE research/tasks/B699-Binomial/runs/20260911-low-index-lean-513dc7cc/verification/20260910T193504764901Z/evidence.json
2026-09-10T19:40:12.6086665Z RESULT {"success": true, "exit_code": 0, "compiled_count": 26, "reused_count": 0, "failure": null}
2026-09-10T19:40:12.8111673Z B699_CACHE_EXPORT {"evidence": "research/tasks/B699-Binomial/runs/20260911-low-index-lean-513dc7cc/verification/20260910T193504764901Z/evidence.json", "archive_sha256": "c0c66b59bc7b3879c587388aa265a7fcf009b5f6837e62c32a3d2409fcc8b708", "archive_size": 3289215, "objects_and_logs": 73}
2026-09-10T19:40:12.8279792Z Node 20 is being deprecated. This workflow is running with Node 24 by default. If you need to temporarily use Node 20, you can set the ACTIONS_ALLOW_USE_UNSECURE_NODE_VERSION=true environment variable. For more information see: https://github.blog/changelog/2025-09-19-deprecation-of-node-20-on-github-actions-runners/
2026-09-10T19:40:12.8283367Z ##[group]Run actions/upload-artifact@ea165f8d65b6e75b540449e92b4886f43607fa02
2026-09-10T19:40:12.8284077Z with:
2026-09-10T19:40:12.8284429Z   name: b699-shared-acceptance
2026-09-10T19:40:12.8284869Z   retention-days: 1
2026-09-10T19:40:12.8285392Z   path: .tools/20260911-low-index-lean-513dc7cc/export/shared.zip
2026-09-10T19:40:12.8286296Z   include-hidden-files: true
2026-09-10T19:40:12.8286758Z   if-no-files-found: error
2026-09-10T19:40:12.8287178Z   compression-level: 6
2026-09-10T19:40:12.8287568Z   overwrite: false
2026-09-10T19:40:12.8287901Z env:
2026-09-10T19:40:12.8288486Z   B699_RUN: research/tasks/B699-Binomial/runs/20260911-low-index-lean-513dc7cc
2026-09-10T19:40:12.8289241Z   B699_RAW: .tools/20260911-low-index-lean-513dc7cc
2026-09-10T19:40:12.8289759Z ##[endgroup]
2026-09-10T19:40:13.2619890Z (node:2803) [DEP0040] DeprecationWarning: The `punycode` module is deprecated. Please use a userland alternative instead.
2026-09-10T19:40:13.2621589Z (Use `node --trace-deprecation ...` to show where the warning was created)
2026-09-10T19:40:13.2698647Z With the provided path, there will be 1 file uploaded
2026-09-10T19:40:13.2702131Z Artifact name is valid!
2026-09-10T19:40:13.2702885Z Root directory input is valid!
2026-09-10T19:40:13.6770286Z Beginning upload of artifact content to blob storage
2026-09-10T19:40:13.8599381Z (node:2803) [DEP0169] DeprecationWarning: `url.parse()` behavior is not standardized and prone to errors that have security implications. Use the WHATWG URL API instead. CVEs are not issued for `url.parse()` vulnerabilities.
2026-09-10T19:40:14.5838423Z Uploaded bytes 3228924
2026-09-10T19:40:14.6563927Z Finished uploading artifact content to blob storage!
2026-09-10T19:40:14.6565969Z SHA256 digest of uploaded artifact zip is 7c9e9959fa1b7ced28ce54e87d519186762aa824066f841606633f219eff83b9
2026-09-10T19:40:14.6568628Z Finalizing artifact upload
2026-09-10T19:40:14.9229049Z Artifact b699-shared-acceptance.zip successfully finalized. Artifact ID 10169926315
2026-09-10T19:40:14.9230896Z Artifact b699-shared-acceptance has been successfully uploaded! Final size is 3228924 bytes. Artifact ID is 10169926315
2026-09-10T19:40:14.9236843Z Artifact download URL: https://github.com/HuanHuanHuanFFF/lean-math-lab/actions/runs/34521061213/artifacts/10169926315
2026-09-10T19:40:14.9380002Z ##[group]Run python3 "$B699_RUN/verification/runner/summarize_evidence.py"
2026-09-10T19:40:14.9380719Z [36;1mpython3 "$B699_RUN/verification/runner/summarize_evidence.py"[0m
2026-09-10T19:40:14.9468683Z shell: /usr/bin/bash -e {0}
2026-09-10T19:40:14.9468964Z env:
2026-09-10T19:40:14.9469313Z   B699_RUN: research/tasks/B699-Binomial/runs/20260911-low-index-lean-513dc7cc
2026-09-10T19:40:14.9469805Z   B699_RAW: .tools/20260911-low-index-lean-513dc7cc
2026-09-10T19:40:14.9470144Z ##[endgroup]
2026-09-10T19:40:14.9950483Z B699_EVIDENCE {"success": true, "exit_code": 0, "root_sources": ["research/tasks/B699-Binomial/runs/20260911-low-index-lean-513dc7cc/lean/SharedEnvironment.lean"], "manifest_sha256": "fdbefe6c9b737713c8b9c602643afa154f49dda4f48bfc4d2f64183fdea728a0", "toolchain": {"declared": "leanprover/lean4:v4.33.1", "observed": "Lean (version 4.33.1, x86_64-unknown-linux-gnu, commit 819816b2e0a3bf405af45ae5c7af2491d8f5bee6, Release)", "exit_code": 0}, "compiled_count": 26, "reused_count": 0, "failure": null, "evidence": "research/tasks/B699-Binomial/runs/20260911-low-index-lean-513dc7cc/verification/20260910T193504764901Z/evidence.json", "evidence_sha256": "9dbfbb8c0db0614ffa72209eed764335d3cc13d944f1d582c4cc474cfa6fb2f5", "pins": [{"name": "mathlib", "manifest_rev": "0df444a360eaa60ab8c11dca51a86af692955474", "observed_head": "0df444a360eaa60ab8c11dca51a86af692955474", "head_matches": true, "clean": true}, {"name": "plausible", "manifest_rev": "b7eb3304aeae834b12dda98993a37f6a41f6f0bb", "observed_head": "b7eb3304aeae834b12dda98993a37f6a41f6f0bb", "head_matches": true, "clean": true}, {"name": "LeanSearchClient", "manifest_rev": "5f4d51b81cbd3f6b32b156bfad9056621a040404", "observed_head": "5f4d51b81cbd3f6b32b156bfad9056621a040404", "head_matches": true, "clean": true}, {"name": "importGraph", "manifest_rev": "16f02aa7642864af59f1ff0e384a015994db9118", "observed_head": "16f02aa7642864af59f1ff0e384a015994db9118", "head_matches": true, "clean": true}, {"name": "proofwidgets", "manifest_rev": "4be2e3d5087eeb272cf5a8853b8f9dd025ef5957", "observed_head": "4be2e3d5087eeb272cf5a8853b8f9dd025ef5957", "head_matches": true, "clean": true}, {"name": "aesop", "manifest_rev": "3448c0bcc5ce01b2d1546e483ec3620e32df3d0e", "observed_head": "3448c0bcc5ce01b2d1546e483ec3620e32df3d0e", "head_matches": true, "clean": true}, {"name": "Qq", "manifest_rev": "92c15be17b7caf78c2ad767ec40f89052d908d81", "observed_head": "92c15be17b7caf78c2ad767ec40f89052d908d81", "head_matches": true, "clean": true}, {"name": "batteries", "manifest_rev": "4488d40d070b9700d4d5a6aa342f0d40c31b2a2d", "observed_head": "4488d40d070b9700d4d5a6aa342f0d40c31b2a2d", "head_matches": true, "clean": true}, {"name": "Cli", "manifest_rev": "6130a47896ce867c6a4a55373441e59e565bad0f", "observed_head": "6130a47896ce867c6a4a55373441e59e565bad0f", "head_matches": true, "clean": true}]}
2026-09-10T19:40:14.9970890Z B699_COMPILE {"source": "Math/B699/CofactorCriterion.lean", "source_sha256_before": "341180b428b6927e72bd7de10c0ca03b3f8d4eb4f778c1aa4a3aeea4f33b9d79", "source_sha256_after": "341180b428b6927e72bd7de10c0ca03b3f8d4eb4f778c1aa4a3aeea4f33b9d79", "output_sha256": "fabd97ac3a10c3da4b22c5279e6368e1489e22850e046a9d5626d5b35887125d", "seconds": 2.348, "exit_code": 0, "failure": null, "log": "research/tasks/B699-Binomial/runs/20260911-low-index-lean-513dc7cc/verification/20260910T193504764901Z/logs/compile-0001-Math_B699_CofactorCriterion.lean.log", "log_sha256": "5d249aff64c1134b8456ef69297c65706defa135dbd3240ade49c80b9dc89ced", "axiom_audit": {"declared_print_axioms": 0, "declared_names": [], "guarded_print_axioms": 0, "guarded_names": [], "actual_printed": 0, "guard_msgs_in_source": 0, "printed": [], "unexpected_axioms": [], "guarded_output_inferred": false}}
2026-09-10T19:40:14.9989800Z B699_COMPILE {"source": "research/tasks/B699-Binomial/runs/20260909-large-prime-structure-cb4764f0/lean/GapBridge.lean", "source_sha256_before": "0005d90a062359af36b95c0420440e4ff7c9b4187a6fc319884a286ae6209697", "source_sha256_after": "0005d90a062359af36b95c0420440e4ff7c9b4187a6fc319884a286ae6209697", "output_sha256": "b577c6c4bb96627e654decd78e138334a2b0366f121f0fed6c4e0c3ac66842a0", "seconds": 2.466, "exit_code": 0, "failure": null, "log": "research/tasks/B699-Binomial/runs/20260911-low-index-lean-513dc7cc/verification/20260910T193504764901Z/logs/compile-0002-research_tasks_B699-Binomial_runs_20260909-large-prime-structure-cb4764f0_lean_GapBridge.lean.log", "log_sha256": "e16be1f04c1dda32e7d7aed8bec0bf6435ac05877e86e08ad2bea56e927bddbb", "axiom_audit": {"declared_print_axioms": 6, "declared_names": ["B699LargePrimeStructure.common_of_mod_certificate", "B699LargePrimeStructure.gap_remainder_eq", "B699LargePrimeStructure.common_of_gap_power", "B699LargePrimeStructure.common_of_gap_prime", "B699LargePrimeStructure.common_of_top_prime", "B699LargePrimeStructure.common_small_index"], "guarded_print_axioms": 0, "guarded_names": [], "actual_printed": 6, "guard_msgs_in_source": 0, "printed": [{"declared_name": "B699LargePrimeStructure.common_of_mod_certificate", "axioms": ["propext", "Classical.choice", "Quot.sound"]}, {"declared_name": "B699LargePrimeStructure.gap_remainder_eq", "axioms": ["propext", "Quot.sound"]}, {"declared_name": "B699LargePrimeStructure.common_of_gap_power", "axioms": ["propext", "Classical.choice", "Quot.sound"]}, {"declared_name": "B699LargePrimeStructure.common_of_gap_prime", "axioms": ["propext", "Classical.choice", "Quot.sound"]}, {"declared_name": "B699LargePrimeStructure.common_of_top_prime", "axioms": ["propext", "Classical.choice", "Quot.sound"]}, {"declared_name": "B699LargePrimeStructure.common_small_index", "axioms": ["propext", "Classical.choice", "Quot.sound"]}], "unexpected_axioms": [], "guarded_output_inferred": false}}
2026-09-10T19:40:15.0011689Z B699_COMPILE {"source": "research/tasks/B699-Binomial/runs/20260908-external-reductions-b3c1b7/lean/DivisorTransfer.lean", "source_sha256_before": "0299face333237445eddd2c11acbf16c554d225028de7b509c8cfe603fc9996e", "source_sha256_after": "0299face333237445eddd2c11acbf16c554d225028de7b509c8cfe603fc9996e", "output_sha256": "59407e31a9b87dba994ce2cf9e9d01bad86bc34da6f5356caee0a6a3ca844388", "seconds": 1.39, "exit_code": 0, "failure": null, "log": "research/tasks/B699-Binomial/runs/20260911-low-index-lean-513dc7cc/verification/20260910T193504764901Z/logs/compile-0003-research_tasks_B699-Binomial_runs_20260908-external-reductions-b3c1b7_lean_DivisorTransfer.lean.log", "log_sha256": "c5cd52a89cd31247a9794b05ac119ae1b1b11716f74de9127e168c7d695893a1", "axiom_audit": {"declared_print_axioms": 4, "declared_names": ["divisor_transfer", "prime_part_dvd", "prime_part_coprime_of_no_common", "actual_prime_part_transfer"], "guarded_print_axioms": 0, "guarded_names": [], "actual_printed": 4, "guard_msgs_in_source": 0, "printed": [{"declared_name": "divisor_transfer", "axioms": ["propext", "Classical.choice", "Quot.sound"]}, {"declared_name": "prime_part_dvd", "axioms": ["propext", "Classical.choice", "Quot.sound"]}, {"declared_name": "prime_part_coprime_of_no_common", "axioms": ["propext", "Classical.choice", "Quot.sound"]}, {"declared_name": "actual_prime_part_transfer", "axioms": ["propext", "Classical.choice", "Quot.sound"]}], "unexpected_axioms": [], "guarded_output_inferred": false}}
2026-09-10T19:40:15.0031104Z B699_COMPILE {"source": "research/tasks/B699-Binomial/runs/20260909-large-prime-structure-cb4764f0/lean/PrimePowerTransfer.lean", "source_sha256_before": "3b0529e66f438bbd6d8c19f08f4a5b5ad132d2cd86e09e8bd1a1601fc49eecf4", "source_sha256_after": "3b0529e66f438bbd6d8c19f08f4a5b5ad132d2cd86e09e8bd1a1601fc49eecf4", "output_sha256": "ba9be75f7662cb5112816e68013530a77c24840ea1d7c0a7022c473351ccb182", "seconds": 2.707, "exit_code": 0, "failure": null, "log": "research/tasks/B699-Binomial/runs/20260911-low-index-lean-513dc7cc/verification/20260910T193504764901Z/logs/compile-0004-research_tasks_B699-Binomial_runs_20260909-large-prime-structure-cb4764f0_lean_PrimePowerTransfer.lean.log", "log_sha256": "61be13e688385cce5a944c4a64d931b416a0d7f87b7bbd2e9cfd0a7d0881e4fe", "axiom_audit": {"declared_print_axioms": 6, "declared_names": ["B699LargePrimeStructure.prime_power_numerator_mod_lt", "B699LargePrimeStructure.prime_power_gap_dvd", "B699LargePrimeStructure.actual_avoiding_part_gap_transfer", "B699LargePrimeStructure.avoidingPart_eq_primePart_of_noCommon", "B699LargePrimeStructure.actual_prime_part_gap_transfer", "B699LargePrimeStructure.common_of_gap_product_not_dvd"], "guarded_print_axioms": 0, "guarded_names": [], "actual_printed": 6, "guard_msgs_in_source": 0, "printed": [{"declared_name": "B699LargePrimeStructure.prime_power_numerator_mod_lt", "axioms": ["propext", "Classical.choice", "Quot.sound"]}, {"declared_name": "B699LargePrimeStructure.prime_power_gap_dvd", "axioms": ["propext", "Classical.choice", "Quot.sound"]}, {"declared_name": "B699LargePrimeStructure.actual_avoiding_part_gap_transfer", "axioms": ["propext", "Classical.choice", "Quot.sound"]}, {"declared_name": "B699LargePrimeStructure.avoidingPart_eq_primePart_of_noCommon", "axioms": ["propext", "Classical.choice", "Quot.sound"]}, {"declared_name": "B699LargePrimeStructure.actual_prime_part_gap_transfer", "axioms": ["propext", "Classical.choice", "Quot.sound"]}, {"declared_name": "B699LargePrimeStructure.common_of_gap_product_not_dvd", "axioms": ["propext", "Classical.choice", "Quot.sound"]}], "unexpected_axioms": [], "guarded_output_inferred": false}}
2026-09-10T19:40:15.0050930Z B699_COMPILE {"source": "research/tasks/B699-Binomial/runs/20260909-large-prime-structure-cb4764f0/lean/SmallPartBound.lean", "source_sha256_before": "b49f7d6f9a83e534e546b65bb73e3a6d5afb60f77d7679366ff575d6615cbbb7", "source_sha256_after": "b49f7d6f9a83e534e546b65bb73e3a6d5afb60f77d7679366ff575d6615cbbb7", "output_sha256": "d0fb014b44d1ff863fe2a2c49b311a6bc3e06a4e079349acc2edf051a9b340ad", "seconds": 1.528, "exit_code": 0, "failure": null, "log": "research/tasks/B699-Binomial/runs/20260911-low-index-lean-513dc7cc/verification/20260910T193504764901Z/logs/compile-0005-research_tasks_B699-Binomial_runs_20260909-large-prime-structure-cb4764f0_lean_SmallPartBound.lean.log", "log_sha256": "36cb29021bd5b40c14ce96ff0f4b48e245cd981b3d920f35eb8f1f66d481289f", "axiom_audit": {"declared_print_axioms": 4, "declared_names": ["B699LargePrimeStructure.smallPrimePart_mul_primePart", "B699LargePrimeStructure.smallPrimePart_le_pow_smallPrimeCount", "B699LargePrimeStructure.noCommon_choose_le_smallPrime_gap_bound", "B699LargePrimeStructure.common_of_elementary_gap_comparison"], "guarded_print_axioms": 0, "guarded_names": [], "actual_printed": 4, "guard_msgs_in_source": 0, "printed": [{"declared_name": "B699LargePrimeStructure.smallPrimePart_mul_primePart", "axioms": ["propext", "Classical.choice", "Quot.sound"]}, {"declared_name": "B699LargePrimeStructure.smallPrimePart_le_pow_smallPrimeCount", "axioms": ["propext", "Classical.choice", "Quot.sound"]}, {"declared_name": "B699LargePrimeStructure.noCommon_choose_le_smallPrime_gap_bound", "axioms": ["propext", "Classical.choice", "Quot.sound"]}, {"declared_name": "B699LargePrimeStructure.common_of_elementary_gap_comparison", "axioms": ["propext", "Classical.choice", "Quot.sound"]}], "unexpected_axioms": [], "guarded_output_inferred": false}}
2026-09-10T19:40:15.0065160Z B699_COMPILE {"source": "research/tasks/B699-Binomial/runs/20260909-low-index-structure-b41a5a63/lean/ThreeWindowWeights.lean", "source_sha256_before": "17ee0024b94bcb5e1ba0b05f5a0a4229dd8a0e5816c3a83385ba8c45eced6c99", "source_sha256_after": "17ee0024b94bcb5e1ba0b05f5a0a4229dd8a0e5816c3a83385ba8c45eced6c99", "output_sha256": "827fd965c7ef8f4bf8ef43076104d4a22498da98fdf1792c0f42983160f6f9c8", "seconds": 3.022, "exit_code": 0, "failure": null, "log": "research/tasks/B699-Binomial/runs/20260911-low-index-lean-513dc7cc/verification/20260910T193504764901Z/logs/compile-0006-research_tasks_B699-Binomial_runs_20260909-low-index-structure-b41a5a63_lean_ThreeWindowWeights.lean.log", "log_sha256": "6d0d37a82985522dbc9afa58a1e65f48b44a6043deacd31dd4b855f9a0d7bbc7", "axiom_audit": {"declared_print_axioms": 7, "declared_names": ["B699LowIndex.prime_power_three_positions", "B699LowIndex.prime_power_three_window_dvd", "B699LowIndex.actual_avoiding_part_three_window_transfer", "B699LowIndex.actual_prime_part_three_window_transfer", "B699LowIndex.common_of_three_window_not_dvd", "B699LowIndex.noCommon_three_window_size", "B699LowIndex.common_of_three_window_comparison"], "guarded_print_axioms": 0, "guarded_names": [], "actual_printed": 7, "guard_msgs_in_source": 0, "printed": [{"declared_name": "B699LowIndex.prime_power_three_positions", "axioms": ["propext", "Classical.choice", "Quot.sound"]}, {"declared_name": "B699LowIndex.prime_power_three_window_dvd", "axioms": ["propext", "Classical.choice", "Quot.sound"]}, {"declared_name": "B699LowIndex.actual_avoiding_part_three_window_transfer", "axioms": ["propext", "Classical.choice", "Quot.sound"]}, {"declared_name": "B699LowIndex.actual_prime_part_three_window_transfer", "axioms": ["propext", "Classical.choice", "Quot.sound"]}, {"declared_name": "B699LowIndex.common_of_three_window_not_dvd", "axioms": ["propext", "Classical.choice", "Quot.sound"]}, {"declared_name": "B699LowIndex.noCommon_three_window_size", "axioms": ["propext", "Classical.choice", "Quot.sound"]}, {"declared_name": "B699LowIndex.common_of_three_window_comparison", "axioms": ["propext", "Classical.choice", "Quot.sound"]}], "unexpected_axioms": [], "guarded_output_inferred": false}}
2026-09-10T19:40:15.0078786Z B699_COMPILE {"source": "research/tasks/B699-Binomial/runs/20260909-low-index-structure-b41a5a63/lean/ThreeWindowSize.lean", "source_sha256_before": "4da6cb312eca31e38fb39bc88ff3bbce771ef0a5bb9c9278d925e36d4002c047", "source_sha256_after": "4da6cb312eca31e38fb39bc88ff3bbce771ef0a5bb9c9278d925e36d4002c047", "output_sha256": "aa70e7edfa72cdf13e4e600ce23fedaef0be8c52e1f8b54d03e081f0956a4175", "seconds": 2.436, "exit_code": 0, "failure": null, "log": "research/tasks/B699-Binomial/runs/20260911-low-index-lean-513dc7cc/verification/20260910T193504764901Z/logs/compile-0007-research_tasks_B699-Binomial_runs_20260909-low-index-structure-b41a5a63_lean_ThreeWindowSize.lean.log", "log_sha256": "0af48549f5ff76411b030b639fcb15d7e78b07f0f37ab4fbe2bdbc6c92662da8", "axiom_audit": {"declared_print_axioms": 4, "declared_names": ["B699LowIndex.two_window_sum", "B699LowIndex.three_window_scaled_upper", "B699LowIndex.noCommon_scaled_prime_part", "B699LowIndex.common_of_scaled_prime_part"], "guarded_print_axioms": 0, "guarded_names": [], "actual_printed": 4, "guard_msgs_in_source": 0, "printed": [{"declared_name": "B699LowIndex.two_window_sum", "axioms": ["propext", "Classical.choice", "Quot.sound"]}, {"declared_name": "B699LowIndex.three_window_scaled_upper", "axioms": ["propext", "Classical.choice", "Quot.sound"]}, {"declared_name": "B699LowIndex.noCommon_scaled_prime_part", "axioms": ["propext", "Classical.choice", "Quot.sound"]}, {"declared_name": "B699LowIndex.common_of_scaled_prime_part", "axioms": ["propext", "Classical.choice", "Quot.sound"]}], "unexpected_axioms": [], "guarded_output_inferred": false}}
2026-09-10T19:40:15.0087927Z B699_COMPILE {"source": "research/tasks/B699-Binomial/runs/20260909-eees-chain-5a2e10/lean/PowerBounds.lean", "source_sha256_before": "3022f40997b3b9302343b99a8fa91a984228af348eb7b02f69fbd198016fee9a", "source_sha256_after": "3022f40997b3b9302343b99a8fa91a984228af348eb7b02f69fbd198016fee9a", "output_sha256": "c0f95334b064d0dbc044c7c3c2e1505f96dd11657cd0412ac8ce2e59ca5560be", "seconds": 1.702, "exit_code": 0, "failure": null, "log": "research/tasks/B699-Binomial/runs/20260911-low-index-lean-513dc7cc/verification/20260910T193504764901Z/logs/compile-0008-research_tasks_B699-Binomial_runs_20260909-eees-chain-5a2e10_lean_PowerBounds.lean.log", "log_sha256": "ad317940eeac53bd824752b6d0037c1c89617ee8069e1f6bb1a93ea36d472a2b", "axiom_audit": {"declared_print_axioms": 0, "declared_names": [], "guarded_print_axioms": 0, "guarded_names": [], "actual_printed": 0, "guard_msgs_in_source": 0, "printed": [], "unexpected_axioms": [], "guarded_output_inferred": false}}
2026-09-10T19:40:15.0096452Z B699_COMPILE {"source": "research/tasks/B699-Binomial/runs/20260909-low-index-structure-b41a5a63/lean/HeightCertificate.lean", "source_sha256_before": "256a2e13903b7b2b42e5bea2b32c20e2c5df1af4019b9f05931b117ae462bc4d", "source_sha256_after": "256a2e13903b7b2b42e5bea2b32c20e2c5df1af4019b9f05931b117ae462bc4d", "output_sha256": "304419a052b3874278c128a9d2b948af0e9144a84d055511f4324c90f2c13211", "seconds": 1.676, "exit_code": 0, "failure": null, "log": "research/tasks/B699-Binomial/runs/20260911-low-index-lean-513dc7cc/verification/20260910T193504764901Z/logs/compile-0009-research_tasks_B699-Binomial_runs_20260909-low-index-structure-b41a5a63_lean_HeightCertificate.lean.log", "log_sha256": "30c4b49ce4337d28a60f2960b1495ffa76c71d0d827444ded216d376229bf6f2", "axiom_audit": {"declared_print_axioms": 3, "declared_names": ["B699LowIndex.noCommon_scaled_choose", "B699LowIndex.power_cross_mono", "B699LowIndex.common_of_height_certificate"], "guarded_print_axioms": 0, "guarded_names": [], "actual_printed": 3, "guard_msgs_in_source": 0, "printed": [{"declared_name": "B699LowIndex.noCommon_scaled_choose", "axioms": ["propext", "Classical.choice", "Quot.sound"]}, {"declared_name": "B699LowIndex.power_cross_mono", "axioms": ["propext"]}, {"declared_name": "B699LowIndex.common_of_height_certificate", "axioms": ["propext", "Classical.choice", "Quot.sound"]}], "unexpected_axioms": [], "guarded_output_inferred": false}}
2026-09-10T19:40:15.0104995Z B699_COMPILE {"source": "research/tasks/B699-Binomial/runs/20260909-low-index-structure-b41a5a63/lean/HeightCertificateData.lean", "source_sha256_before": "4028f101e9d3e21bb9a3abbcba49dab686260df2e1f303b253503be6f1dcf27a", "source_sha256_after": "4028f101e9d3e21bb9a3abbcba49dab686260df2e1f303b253503be6f1dcf27a", "output_sha256": "3c09335314be516bf22f4c6f17bed1d44e5797ba159d64d103909997e41c0ed4", "seconds": 1.032, "exit_code": 0, "failure": null, "log": "research/tasks/B699-Binomial/runs/20260911-low-index-lean-513dc7cc/verification/20260910T193504764901Z/logs/compile-0010-research_tasks_B699-Binomial_runs_20260909-low-index-structure-b41a5a63_lean_HeightCertificateData.lean.log", "log_sha256": "a4b7ea83dab0d07eb3812eb5d33ec59e9b786c02aa47ac94ec6139d4384b1130", "axiom_audit": {"declared_print_axioms": 0, "declared_names": [], "guarded_print_axioms": 0, "guarded_names": [], "actual_printed": 0, "guard_msgs_in_source": 0, "printed": [], "unexpected_axioms": [], "guarded_output_inferred": false}}
2026-09-10T19:40:15.0113597Z B699_COMPILE {"source": "research/tasks/B699-Binomial/runs/20260909-low-index-structure-b41a5a63/lean/RegisteredHeights.lean", "source_sha256_before": "9c1c887fa9c6b385ebf356fda79802701068d65111de29aedf82042bbe0f698c", "source_sha256_after": "9c1c887fa9c6b385ebf356fda79802701068d65111de29aedf82042bbe0f698c", "output_sha256": "1b9e45dcde24ecf66f972449e0231fc9cb519e2ccd815de8586d7e4c4bfdfa7e", "seconds": 261.996, "exit_code": 0, "failure": null, "log": "research/tasks/B699-Binomial/runs/20260911-low-index-lean-513dc7cc/verification/20260910T193504764901Z/logs/compile-0011-research_tasks_B699-Binomial_runs_20260909-low-index-structure-b41a5a63_lean_RegisteredHeights.lean.log", "log_sha256": "8c333eb3e658abcb220faf30757df1bf598a96eac6c710df2b9865428b92f20e", "axiom_audit": {"declared_print_axioms": 3, "declared_names": ["B699LowIndex.heightCertificateData_valid", "B699LowIndex.heightCertificateData_indices", "B699LowIndex.common_of_registered_height"], "guarded_print_axioms": 0, "guarded_names": [], "actual_printed": 3, "guard_msgs_in_source": 0, "printed": [{"declared_name": "B699LowIndex.heightCertificateData_valid", "axioms": ["propext", "Classical.choice", "Quot.sound"]}, {"declared_name": "B699LowIndex.heightCertificateData_indices", "axioms": []}, {"declared_name": "B699LowIndex.common_of_registered_height", "axioms": ["propext", "Classical.choice", "Quot.sound"]}], "unexpected_axioms": [], "guarded_output_inferred": false}}
2026-09-10T19:40:15.0125413Z B699_COMPILE {"source": "research/tasks/B699-Binomial/runs/20260909-low-index-structure-b41a5a63/lean/LargeSmallPowers.lean", "source_sha256_before": "2ed55e4a8be53589ed8fc82d89cc877c8281a291b34c4c35bfd88e94badf7aa2", "source_sha256_after": "2ed55e4a8be53589ed8fc82d89cc877c8281a291b34c4c35bfd88e94badf7aa2", "output_sha256": "119d4bed88d1238d2b2b1c9c1505dfafd422673295301a65cf2cab6bafc84799", "seconds": 1.649, "exit_code": 0, "failure": null, "log": "research/tasks/B699-Binomial/runs/20260911-low-index-lean-513dc7cc/verification/20260910T193504764901Z/logs/compile-0012-research_tasks_B699-Binomial_runs_20260909-low-index-structure-b41a5a63_lean_LargeSmallPowers.lean.log", "log_sha256": "3635470a353cba67bc8a50f0792f1eebe3cd77d28d3638ed086d3586493aa16e", "axiom_audit": {"declared_print_axioms": 5, "declared_names": ["B699LowIndex.nat_prod_lt_pow_of_pointwise_lt", "B699LowIndex.scaled_prod_lt_of_all_but_one_small", "B699LowIndex.exists_two_large_factors_of_scaled_prod", "B699LowIndex.small_prime_part_eq_prod_small_primes", "B699LowIndex.exists_two_large_small_prime_powers"], "guarded_print_axioms": 0, "guarded_names": [], "actual_printed": 5, "guard_msgs_in_source": 0, "printed": [{"declared_name": "B699LowIndex.nat_prod_lt_pow_of_pointwise_lt", "axioms": ["propext", "Classical.choice", "Quot.sound"]}, {"declared_name": "B699LowIndex.scaled_prod_lt_of_all_but_one_small", "axioms": ["propext", "Classical.choice", "Quot.sound"]}, {"declared_name": "B699LowIndex.exists_two_large_factors_of_scaled_prod", "axioms": ["propext", "Classical.choice", "Quot.sound"]}, {"declared_name": "B699LowIndex.small_prime_part_eq_prod_small_primes", "axioms": ["propext", "Classical.choice", "Quot.sound"]}, {"declared_name": "B699LowIndex.exists_two_large_small_prime_powers", "axioms": ["propext", "Classical.choice", "Quot.sound"]}], "unexpected_axioms": [], "guarded_output_inferred": false}}
2026-09-10T19:40:15.0138099Z B699_COMPILE {"source": "research/tasks/B699-Binomial/runs/20260909-low-index-structure-b41a5a63/lean/CofactorCover.lean", "source_sha256_before": "2805041e81314db94f7c7d7837f651a2d64b1c41bf231ca628514d2c18d101c3", "source_sha256_after": "2805041e81314db94f7c7d7837f651a2d64b1c41bf231ca628514d2c18d101c3", "output_sha256": "e813b1440c3c6821c7a030c4f7dcd05a10432827ff37693fe6bb99b2e3868d70", "seconds": 2.585, "exit_code": 0, "failure": null, "log": "research/tasks/B699-Binomial/runs/20260911-low-index-lean-513dc7cc/verification/20260910T193504764901Z/logs/compile-0013-research_tasks_B699-Binomial_runs_20260909-low-index-structure-b41a5a63_lean_CofactorCover.lean.log", "log_sha256": "16667ce9e1d363abed5e79704f2f3bb4513a6e5b7bc030b9567329747f1c498f", "axiom_audit": {"declared_print_axioms": 4, "declared_names": ["B699LowIndex.pow_le_two_descFactorial", "B699LowIndex.noCommon_bernoulli_size", "B699LowIndex.noCommon_small_part_lower_of_certificate", "B699LowIndex.noCommon_two_large_small_prime_powers"], "guarded_print_axioms": 0, "guarded_names": [], "actual_printed": 4, "guard_msgs_in_source": 0, "printed": [{"declared_name": "B699LowIndex.pow_le_two_descFactorial", "axioms": ["propext", "Classical.choice", "Quot.sound"]}, {"declared_name": "B699LowIndex.noCommon_bernoulli_size", "axioms": ["propext", "Classical.choice", "Quot.sound"]}, {"declared_name": "B699LowIndex.noCommon_small_part_lower_of_certificate", "axioms": ["propext", "Classical.choice", "Quot.sound"]}, {"declared_name": "B699LowIndex.noCommon_two_large_small_prime_powers", "axioms": ["propext", "Classical.choice", "Quot.sound"]}], "unexpected_axioms": [], "guarded_output_inferred": false}}
2026-09-10T19:40:15.0147759Z B699_COMPILE {"source": "research/tasks/B686-Four/round8/lean/BigPrimeSupport.lean", "source_sha256_before": "cd3b1e0fd5282723597acaa2d5f3290917d9756a9e2c1d682668ac77a6b98d2e", "source_sha256_after": "cd3b1e0fd5282723597acaa2d5f3290917d9756a9e2c1d682668ac77a6b98d2e", "output_sha256": "de9bd7dcc776329d2d3bb97c96f9b55e7e1e1a8b4ae50b189e6585c9d835d3e1", "seconds": 1.698, "exit_code": 0, "failure": null, "log": "research/tasks/B699-Binomial/runs/20260911-low-index-lean-513dc7cc/verification/20260910T193504764901Z/logs/compile-0014-research_tasks_B686-Four_round8_lean_BigPrimeSupport.lean.log", "log_sha256": "3add5634995c7d3f9f017e32d968767256e3b6d961a840faf3f3e60968464b1e", "axiom_audit": {"declared_print_axioms": 0, "declared_names": [], "guarded_print_axioms": 4, "guarded_names": ["large_prime_power_dvd_one_factor", "large_prime_power_divides_cross_difference", "common_prime_divides_cross_difference", "large_prime_hits_block_unique"], "actual_printed": 0, "guard_msgs_in_source": 4, "printed": [], "unexpected_axioms": [], "guarded_output_inferred": false}}
2026-09-10T19:40:15.0154946Z B699_COMPILE {"source": "research/tasks/B686-Four/formalization/UniformDistance/SmallPrime.lean", "source_sha256_before": "3d9140131479b10d35ccd87884381e225331b2b77c5c80ae211ab9fe19273a6f", "source_sha256_after": "3d9140131479b10d35ccd87884381e225331b2b77c5c80ae211ab9fe19273a6f", "output_sha256": "e000153c88f0f996ce79c4ed2a13b9d662c753d65e1ad4545de5002b2a62dcf4", "seconds": 1.948, "exit_code": 0, "failure": null, "log": "research/tasks/B699-Binomial/runs/20260911-low-index-lean-513dc7cc/verification/20260910T193504764901Z/logs/compile-0015-research_tasks_B686-Four_formalization_UniformDistance_SmallPrime.lean.log", "log_sha256": "f0a9f99875b92e93a4ae0085dc33926423708214e9b74e69608b9eedafe41c88", "axiom_audit": {"declared_print_axioms": 0, "declared_names": [], "guarded_print_axioms": 2, "guarded_names": ["distance_product_eq_factorials", "small_prime_factorization_bound"], "actual_printed": 0, "guard_msgs_in_source": 2, "printed": [], "unexpected_axioms": [], "guarded_output_inferred": false}}
2026-09-10T19:40:15.0163891Z B699_COMPILE {"source": "research/tasks/B699-Binomial/runs/20260909-low-index-structure-b41a5a63/lean/SmallPrimeLocalization.lean", "source_sha256_before": "663b2129a3b18e1ad8003be7cfef6792caf8375e986284b228f098921a8b6477", "source_sha256_after": "663b2129a3b18e1ad8003be7cfef6792caf8375e986284b228f098921a8b6477", "output_sha256": "e06ac7377b66e06936845202422a9dab1384fd307b072e6e10de964d83a7a9bb", "seconds": 1.717, "exit_code": 0, "failure": null, "log": "research/tasks/B699-Binomial/runs/20260911-low-index-lean-513dc7cc/verification/20260910T193504764901Z/logs/compile-0016-research_tasks_B699-Binomial_runs_20260909-low-index-structure-b41a5a63_lean_SmallPrimeLocalization.lean.log", "log_sha256": "650f1b8828b00a385c3fa7a74d9d9592201a8c0c2a650e9967c4b16b3f63cd05", "axiom_audit": {"declared_print_axioms": 3, "declared_names": ["B699LowIndex.binomial_factorization_add_index_le", "B699LowIndex.binomial_prime_power_localization", "B699LowIndex.binomial_prime_power_localization_of_le"], "guarded_print_axioms": 0, "guarded_names": [], "actual_printed": 3, "guard_msgs_in_source": 0, "printed": [{"declared_name": "B699LowIndex.binomial_factorization_add_index_le", "axioms": ["propext", "Classical.choice", "Quot.sound"]}, {"declared_name": "B699LowIndex.binomial_prime_power_localization", "axioms": ["propext", "Classical.choice", "Quot.sound"]}, {"declared_name": "B699LowIndex.binomial_prime_power_localization_of_le", "axioms": ["propext", "Classical.choice", "Quot.sound"]}], "unexpected_axioms": [], "guarded_output_inferred": false}}
2026-09-10T19:40:15.0177324Z B699_COMPILE {"source": "research/tasks/B699-Binomial/runs/20260909-low-index-structure-b41a5a63/lean/SmallPowerIntervals.lean", "source_sha256_before": "4ee5805b0a37e4ce4b370b6f91895312b75917170943a6970799d4fb4f011d02", "source_sha256_after": "4ee5805b0a37e4ce4b370b6f91895312b75917170943a6970799d4fb4f011d02", "output_sha256": "f723f2aeb8e37b2959144f7c76aa987b66323fe2add447d2971cac2d21546921", "seconds": 1.631, "exit_code": 0, "failure": null, "log": "research/tasks/B699-Binomial/runs/20260911-low-index-lean-513dc7cc/verification/20260910T193504764901Z/logs/compile-0017-research_tasks_B699-Binomial_runs_20260909-low-index-structure-b41a5a63_lean_SmallPowerIntervals.lean.log", "log_sha256": "724ea19ccdbdaa6d00a438425c4c86a5f441153af37c1df91ba94a884bc247b1", "axiom_audit": {"declared_print_axioms": 6, "declared_names": ["B699LowIndex.exists_small_cofactor_of_localized_power", "B699LowIndex.exists_small_cofactor_div_of_localized_power", "B699LowIndex.interval_power_le_of_representation", "B699LowIndex.interval_power_lt_upper_of_representation", "B699LowIndex.binomial_power_interval_of_large_power", "B699LowIndex.exists_two_small_prime_power_intervals"], "guarded_print_axioms": 0, "guarded_names": [], "actual_printed": 6, "guard_msgs_in_source": 0, "printed": [{"declared_name": "B699LowIndex.exists_small_cofactor_of_localized_power", "axioms": ["propext", "Classical.choice", "Quot.sound"]}, {"declared_name": "B699LowIndex.exists_small_cofactor_div_of_localized_power", "axioms": ["propext", "Classical.choice", "Quot.sound"]}, {"declared_name": "B699LowIndex.interval_power_le_of_representation", "axioms": ["propext", "Quot.sound"]}, {"declared_name": "B699LowIndex.interval_power_lt_upper_of_representation", "axioms": ["propext", "Quot.sound"]}, {"declared_name": "B699LowIndex.binomial_power_interval_of_large_power", "axioms": ["propext", "Classical.choice", "Quot.sound"]}, {"declared_name": "B699LowIndex.exists_two_small_prime_power_intervals", "axioms": ["propext", "Classical.choice", "Quot.sound"]}], "unexpected_axioms": [], "guarded_output_inferred": false}}
2026-09-10T19:40:15.0189830Z B699_COMPILE {"source": "research/tasks/B699-Binomial/runs/20260909-low-index-structure-b41a5a63/lean/PrimePowerEnumeration.lean", "source_sha256_before": "00888c3d00cfdb722a48a9ef5b257e172dde26f5cdab9a241025078e0923da6e", "source_sha256_after": "00888c3d00cfdb722a48a9ef5b257e172dde26f5cdab9a241025078e0923da6e", "output_sha256": "5ec288cbf80db9d5a9d1819cae8671cf161e01966dab8d00f3d222d3aff49ef0", "seconds": 1.736, "exit_code": 0, "failure": null, "log": "research/tasks/B699-Binomial/runs/20260911-low-index-lean-513dc7cc/verification/20260910T193504764901Z/logs/compile-0018-research_tasks_B699-Binomial_runs_20260909-low-index-structure-b41a5a63_lean_PrimePowerEnumeration.lean.log", "log_sha256": "5f0a7aa8fab9eb571e4e58ff1443bfb8bfdeb8e42fc53874d0179f14b19e96a2", "axiom_audit": {"declared_print_axioms": 3, "declared_names": ["B699LowIndex.power_interval_mem_of_bounds", "B699LowIndex.power_interval_list_complete", "B699LowIndex.exists_two_colours_in_power_interval_list"], "guarded_print_axioms": 0, "guarded_names": [], "actual_printed": 3, "guard_msgs_in_source": 0, "printed": [{"declared_name": "B699LowIndex.power_interval_mem_of_bounds", "axioms": ["propext", "Classical.choice", "Quot.sound"]}, {"declared_name": "B699LowIndex.power_interval_list_complete", "axioms": ["propext", "Classical.choice", "Quot.sound"]}, {"declared_name": "B699LowIndex.exists_two_colours_in_power_interval_list", "axioms": ["propext", "Classical.choice", "Quot.sound"]}], "unexpected_axioms": [], "guarded_output_inferred": false}}
2026-09-10T19:40:15.0200170Z B699_COMPILE {"source": "research/tasks/B699-Binomial/runs/20260909-low-index-structure-b41a5a63/lean/LargeDivisorWitness.lean", "source_sha256_before": "8123d5ec2a766974bf9cad0753b0261405ef71548cd3dee625fead65ef0c39f0", "source_sha256_after": "8123d5ec2a766974bf9cad0753b0261405ef71548cd3dee625fead65ef0c39f0", "output_sha256": "fcfd4af3ae6dc302ec3b75286773399b0fbe2d752fbccdcbcf80590c67281ca5", "seconds": 1.678, "exit_code": 0, "failure": null, "log": "research/tasks/B699-Binomial/runs/20260911-low-index-lean-513dc7cc/verification/20260910T193504764901Z/logs/compile-0019-research_tasks_B699-Binomial_runs_20260909-low-index-structure-b41a5a63_lean_LargeDivisorWitness.lean.log", "log_sha256": "de9dc8cc4bdd395c97a2695c7c9f3eedc368b839a001b5571d7aa001a7772f59", "axiom_audit": {"declared_print_axioms": 3, "declared_names": ["B699LowIndex.large_divisor_dvd_prime_part", "B699LowIndex.common_of_large_divisor", "B699LowIndex.goodSegmentCheck_sound"], "guarded_print_axioms": 0, "guarded_names": [], "actual_printed": 3, "guard_msgs_in_source": 0, "printed": [{"declared_name": "B699LowIndex.large_divisor_dvd_prime_part", "axioms": ["propext", "Classical.choice", "Quot.sound"]}, {"declared_name": "B699LowIndex.common_of_large_divisor", "axioms": ["propext", "Classical.choice", "Quot.sound"]}, {"declared_name": "B699LowIndex.goodSegmentCheck_sound", "axioms": ["propext", "Classical.choice", "Quot.sound"]}], "unexpected_axioms": [], "guarded_output_inferred": false}}
2026-09-10T19:40:15.0209777Z B699_COMPILE {"source": "research/tasks/B699-Binomial/runs/20260909-low-index-structure-b41a5a63/lean/IntervalCover.lean", "source_sha256_before": "eb5b7d8b26101991cf31310739b0319bdc3d2d20f46656f63c48185ef97934b3", "source_sha256_after": "eb5b7d8b26101991cf31310739b0319bdc3d2d20f46656f63c48185ef97934b3", "output_sha256": "730718ddbd51c422eb346e17b6b8669ff0ad2047375dfb4830b9b898130dc050", "seconds": 1.236, "exit_code": 0, "failure": null, "log": "research/tasks/B699-Binomial/runs/20260911-low-index-lean-513dc7cc/verification/20260910T193504764901Z/logs/compile-0020-research_tasks_B699-Binomial_runs_20260909-low-index-structure-b41a5a63_lean_IntervalCover.lean.log", "log_sha256": "b0f879111d4fc52f427ecb3392d03dae11eb0f4a643da3a0462bd1b1eeb44d35", "axiom_audit": {"declared_print_axioms": 2, "declared_names": ["B699LowIndex.coverCheck_sound", "B699LowIndex.pairCoverCheck_sound"], "guarded_print_axioms": 0, "guarded_names": [], "actual_printed": 2, "guard_msgs_in_source": 0, "printed": [{"declared_name": "B699LowIndex.coverCheck_sound", "axioms": ["propext", "Classical.choice", "Quot.sound"]}, {"declared_name": "B699LowIndex.pairCoverCheck_sound", "axioms": ["propext", "Classical.choice", "Quot.sound"]}], "unexpected_axioms": [], "guarded_output_inferred": false}}
2026-09-10T19:40:15.0218962Z B699_COMPILE {"source": "research/tasks/B699-Binomial/runs/20260909-low-index-structure-b41a5a63/lean/FiniteCover.lean", "source_sha256_before": "c5e4a998c58d8c5195fa326d4318915706b64da5c06129ddb47a90766c1e2e8d", "source_sha256_after": "c5e4a998c58d8c5195fa326d4318915706b64da5c06129ddb47a90766c1e2e8d", "output_sha256": "00a7b1bd99f07f4fc7f6fa4f19b9a3feb099a82f01a909db7b59aed84b30e7d7", "seconds": 1.859, "exit_code": 0, "failure": null, "log": "research/tasks/B699-Binomial/runs/20260911-low-index-lean-513dc7cc/verification/20260910T193504764901Z/logs/compile-0021-research_tasks_B699-Binomial_runs_20260909-low-index-structure-b41a5a63_lean_FiniteCover.lean.log", "log_sha256": "bc917e2f0d2cf4365325ab1ff9f1d2d764563b3e3fddcd58bbc49ac7ce8694a7", "axiom_audit": {"declared_print_axioms": 2, "declared_names": ["B699LowIndex.coverLayerCheck_sound", "B699LowIndex.common_of_finite_cover_row_checked"], "guarded_print_axioms": 0, "guarded_names": [], "actual_printed": 2, "guard_msgs_in_source": 0, "printed": [{"declared_name": "B699LowIndex.coverLayerCheck_sound", "axioms": ["propext", "Classical.choice", "Quot.sound"]}, {"declared_name": "B699LowIndex.common_of_finite_cover_row_checked", "axioms": ["propext", "Classical.choice", "Quot.sound"]}], "unexpected_axioms": [], "guarded_output_inferred": false}}
2026-09-10T19:40:15.0227545Z B699_COMPILE {"source": "research/tasks/B699-Binomial/runs/20260909-low-index-structure-b41a5a63/lean/TrialPrimeCheck.lean", "source_sha256_before": "990a479d4a73d1032fcb7621e4eef098cec4430342c040e3c91581269dd3a23d", "source_sha256_after": "990a479d4a73d1032fcb7621e4eef098cec4430342c040e3c91581269dd3a23d", "output_sha256": "fab939e4f7ec44e4035679fa12fca8adbeecc57f3df93fa25841a9c14ae22ce8", "seconds": 1.064, "exit_code": 0, "failure": null, "log": "research/tasks/B699-Binomial/runs/20260911-low-index-lean-513dc7cc/verification/20260910T193504764901Z/logs/compile-0022-research_tasks_B699-Binomial_runs_20260909-low-index-structure-b41a5a63_lean_TrialPrimeCheck.lean.log", "log_sha256": "af7959ea2d33c08e831bd3b240322d10bee4c1542735a374b858962f9a307c47", "axiom_audit": {"declared_print_axioms": 1, "declared_names": ["B699LowIndex.trialPrimeCheck_sound"], "guarded_print_axioms": 0, "guarded_names": [], "actual_printed": 1, "guard_msgs_in_source": 0, "printed": [{"declared_name": "B699LowIndex.trialPrimeCheck_sound", "axioms": ["propext", "Classical.choice", "Quot.sound"]}], "unexpected_axioms": [], "guarded_output_inferred": false}}
2026-09-10T19:40:15.0235843Z B699_COMPILE {"source": "research/tasks/B699-Binomial/runs/20260911-low-index-lean-513dc7cc/lean/WitnessBridge.lean", "source_sha256_before": "c12b5cdc8c4de62c28af28bae0f1027205dbf6b94266fb9f6383c05e1d7d51c3", "source_sha256_after": "c12b5cdc8c4de62c28af28bae0f1027205dbf6b94266fb9f6383c05e1d7d51c3", "output_sha256": "ca13c62a039e5bf9b2fdd1617314b24caab6e620a52a20d62563ef54f1253db0", "seconds": 1.273, "exit_code": 0, "failure": null, "log": "research/tasks/B699-Binomial/runs/20260911-low-index-lean-513dc7cc/verification/20260910T193504764901Z/logs/compile-0023-research_tasks_B699-Binomial_runs_20260911-low-index-lean-513dc7cc_lean_WitnessBridge.lean.log", "log_sha256": "d2235f9490d8ddeeff3efb9c27380116263252455ccec44905ad5f084161541a", "axiom_audit": {"declared_print_axioms": 1, "declared_names": ["B699LowIndex.LowIndexLean513dc7cc.good_top_prime_checked"], "guarded_print_axioms": 0, "guarded_names": [], "actual_printed": 1, "guard_msgs_in_source": 0, "printed": [{"declared_name": "B699LowIndex.LowIndexLean513dc7cc.good_top_prime_checked", "axioms": ["propext", "Classical.choice", "Quot.sound"]}], "unexpected_axioms": [], "guarded_output_inferred": false}}
2026-09-10T19:40:15.0244068Z B699_COMPILE {"source": "research/tasks/B699-Binomial/runs/20260911-low-index-lean-513dc7cc/lean/LayerParts.lean", "source_sha256_before": "370e906e1b38079874790c2328c86a90f91ce184103d39eb2979314f5c348fe4", "source_sha256_after": "370e906e1b38079874790c2328c86a90f91ce184103d39eb2979314f5c348fe4", "output_sha256": "ba0afa73e5d6cf11e2a63a2811d4d8493bb3eacdaf820f7e3013f27685a4afc1", "seconds": 1.263, "exit_code": 0, "failure": null, "log": "research/tasks/B699-Binomial/runs/20260911-low-index-lean-513dc7cc/verification/20260910T193504764901Z/logs/compile-0024-research_tasks_B699-Binomial_runs_20260911-low-index-lean-513dc7cc_lean_LayerParts.lean.log", "log_sha256": "dd658de1193000191729d100e59d4f3d49c15b76af8c341fa4c1c2c9462cd23e", "axiom_audit": {"declared_print_axioms": 1, "declared_names": ["B699LowIndex.LowIndexLean513dc7cc.coverLayerCheck_of_parts"], "guarded_print_axioms": 0, "guarded_names": [], "actual_printed": 1, "guard_msgs_in_source": 0, "printed": [{"declared_name": "B699LowIndex.LowIndexLean513dc7cc.coverLayerCheck_of_parts", "axioms": ["propext", "Classical.choice", "Quot.sound"]}], "unexpected_axioms": [], "guarded_output_inferred": false}}
2026-09-10T19:40:15.0252201Z B699_COMPILE {"source": "research/tasks/B699-Binomial/runs/20260911-low-index-lean-513dc7cc/lean/PairChunks.lean", "source_sha256_before": "b8d24938732b6abee6fe3745e0804e49fd75c74d3395975d06ec1027c5b612ad", "source_sha256_after": "b8d24938732b6abee6fe3745e0804e49fd75c74d3395975d06ec1027c5b612ad", "output_sha256": "32d96de1d17e87917814ba48939b07ca0b44b366e772af7a36b3369e4d570e62", "seconds": 1.021, "exit_code": 0, "failure": null, "log": "research/tasks/B699-Binomial/runs/20260911-low-index-lean-513dc7cc/verification/20260910T193504764901Z/logs/compile-0025-research_tasks_B699-Binomial_runs_20260911-low-index-lean-513dc7cc_lean_PairChunks.lean.log", "log_sha256": "1130813d4f3d38330c9218fbf4f15ba5b19fed1f0885e04f26653bf9d6520d06", "axiom_audit": {"declared_print_axioms": 1, "declared_names": ["B699LowIndex.LowIndexLean513dc7cc.pairCoverCheck_of_chunks"], "guarded_print_axioms": 0, "guarded_names": [], "actual_printed": 1, "guard_msgs_in_source": 0, "printed": [{"declared_name": "B699LowIndex.LowIndexLean513dc7cc.pairCoverCheck_of_chunks", "axioms": ["propext", "Quot.sound"]}], "unexpected_axioms": [], "guarded_output_inferred": false}}
2026-09-10T19:40:15.0262478Z B699_COMPILE {"source": "research/tasks/B699-Binomial/runs/20260911-low-index-lean-513dc7cc/lean/SharedEnvironment.lean", "source_sha256_before": "01abf60cfd38742e95f7865f362d38c615eca361b7c10f5c149992337b00c220", "source_sha256_after": "01abf60cfd38742e95f7865f362d38c615eca361b7c10f5c149992337b00c220", "output_sha256": "9ba8d2451affbf64e501650394c70dea41096cc7c2a90810acf034912adb7e06", "seconds": 1.219, "exit_code": 0, "failure": null, "log": "research/tasks/B699-Binomial/runs/20260911-low-index-lean-513dc7cc/verification/20260910T193504764901Z/logs/compile-0026-research_tasks_B699-Binomial_runs_20260911-low-index-lean-513dc7cc_lean_SharedEnvironment.lean.log", "log_sha256": "28169ba57241272e85c7265e367e8b9d4d7b75d134ec9c0d701d956065057de3", "axiom_audit": {"declared_print_axioms": 4, "declared_names": ["B699LowIndex.common_of_finite_cover_row_checked", "B699LowIndex.LowIndexLean513dc7cc.good_top_prime_checked", "B699LowIndex.LowIndexLean513dc7cc.coverLayerCheck_of_parts", "B699LowIndex.LowIndexLean513dc7cc.pairCoverCheck_of_chunks"], "guarded_print_axioms": 0, "guarded_names": [], "actual_printed": 4, "guard_msgs_in_source": 0, "printed": [{"declared_name": "B699LowIndex.common_of_finite_cover_row_checked", "axioms": ["propext", "Classical.choice", "Quot.sound"]}, {"declared_name": "B699LowIndex.LowIndexLean513dc7cc.good_top_prime_checked", "axioms": ["propext", "Classical.choice", "Quot.sound"]}, {"declared_name": "B699LowIndex.LowIndexLean513dc7cc.coverLayerCheck_of_parts", "axioms": ["propext", "Classical.choice", "Quot.sound"]}, {"declared_name": "B699LowIndex.LowIndexLean513dc7cc.pairCoverCheck_of_chunks", "axioms": ["propext", "Quot.sound"]}], "unexpected_axioms": [], "guarded_output_inferred": false}}
2026-09-10T19:40:15.0311812Z ##[group]Run python3 "$B699_RUN/verification/runner/stage_evidence.py"
2026-09-10T19:40:15.0312404Z [36;1mpython3 "$B699_RUN/verification/runner/stage_evidence.py"[0m
2026-09-10T19:40:15.0349555Z shell: /usr/bin/bash -e {0}
2026-09-10T19:40:15.0349814Z env:
2026-09-10T19:40:15.0350147Z   B699_RUN: research/tasks/B699-Binomial/runs/20260911-low-index-lean-513dc7cc
2026-09-10T19:40:15.0350608Z   B699_RAW: .tools/20260911-low-index-lean-513dc7cc
2026-09-10T19:40:15.0350910Z ##[endgroup]
2026-09-10T19:40:15.0938071Z B699_EVIDENCE_STAGING {"source_commit": "0102ae7d1a8c776b329730e5746c2b59ecd06ded", "i": null, "files": 51, "missing": [], "acceptance": "Determined by raw Lean evidence, never by upload status"}
2026-09-10T19:40:15.1046972Z Node 20 is being deprecated. This workflow is running with Node 24 by default. If you need to temporarily use Node 20, you can set the ACTIONS_ALLOW_USE_UNSECURE_NODE_VERSION=true environment variable. For more information see: https://github.blog/changelog/2025-09-19-deprecation-of-node-20-on-github-actions-runners/
2026-09-10T19:40:15.1048443Z ##[group]Run actions/upload-artifact@ea165f8d65b6e75b540449e92b4886f43607fa02
2026-09-10T19:40:15.1048884Z with:
2026-09-10T19:40:15.1049095Z   name: b699-shared-evidence
2026-09-10T19:40:15.1049454Z   path: .tools/20260911-low-index-lean-513dc7cc/evidence-export/shared
2026-09-10T19:40:15.1049833Z   include-hidden-files: true
2026-09-10T19:40:15.1050071Z   retention-days: 1
2026-09-10T19:40:15.1050290Z   if-no-files-found: error
2026-09-10T19:40:15.1050523Z   compression-level: 6
2026-09-10T19:40:15.1050733Z   overwrite: false
2026-09-10T19:40:15.1050927Z env:
2026-09-10T19:40:15.1051265Z   B699_RUN: research/tasks/B699-Binomial/runs/20260911-low-index-lean-513dc7cc
2026-09-10T19:40:15.1051697Z   B699_RAW: .tools/20260911-low-index-lean-513dc7cc
2026-09-10T19:40:15.1051993Z ##[endgroup]
2026-09-10T19:40:15.2954951Z (node:2822) [DEP0040] DeprecationWarning: The `punycode` module is deprecated. Please use a userland alternative instead.
2026-09-10T19:40:15.2956781Z (Use `node --trace-deprecation ...` to show where the warning was created)
2026-09-10T19:40:15.3512405Z With the provided path, there will be 52 files uploaded
2026-09-10T19:40:15.3512954Z Artifact name is valid!
2026-09-10T19:40:15.3513188Z Root directory input is valid!
2026-09-10T19:40:15.6951113Z Beginning upload of artifact content to blob storage
2026-09-10T19:40:15.7873191Z (node:2822) [DEP0169] DeprecationWarning: `url.parse()` behavior is not standardized and prone to errors that have security implications. Use the WHATWG URL API instead. CVEs are not issued for `url.parse()` vulnerabilities.
2026-09-10T19:40:16.1846272Z Uploaded bytes 63806
2026-09-10T19:40:16.2614574Z Finished uploading artifact content to blob storage!
2026-09-10T19:40:16.2616602Z SHA256 digest of uploaded artifact zip is 03fb0f60ad9c1d8c7af33719c07bb4aefcfd2cf72e72912709ceb41e08b2cdaa
2026-09-10T19:40:16.2619666Z Finalizing artifact upload
2026-09-10T19:40:16.5440189Z Artifact b699-shared-evidence.zip successfully finalized. Artifact ID 10169927294
2026-09-10T19:40:16.5442059Z Artifact b699-shared-evidence has been successfully uploaded! Final size is 63806 bytes. Artifact ID is 10169927294
2026-09-10T19:40:16.5446579Z Artifact download URL: https://github.com/HuanHuanHuanFFF/lean-math-lab/actions/runs/34521061213/artifacts/10169927294
2026-09-10T19:40:16.5644573Z Post job cleanup.
2026-09-10T19:40:16.6692223Z [command]/usr/bin/git version
2026-09-10T19:40:16.6772531Z git version 2.55.0
2026-09-10T19:40:16.6852424Z Temporarily overriding HOME='/home/runner/work/_temp/8d7794ac-8d89-4c17-b058-ee6eee023097' before making global git config changes
2026-09-10T19:40:16.6854167Z Adding repository directory to the temporary git global config as a safe directory
2026-09-10T19:40:16.6859997Z [command]/usr/bin/git config --global --add safe.directory /home/runner/work/lean-math-lab/lean-math-lab
2026-09-10T19:40:16.6947722Z Removing SSH command configuration
2026-09-10T19:40:16.6948647Z [command]/usr/bin/git config --local --name-only --get-regexp core\.sshCommand
2026-09-10T19:40:16.7018334Z [command]/usr/bin/git submodule foreach --recursive sh -c "git config --local --name-only --get-regexp 'core\.sshCommand' && git config --local --unset-all 'core.sshCommand' || :"
2026-09-10T19:40:16.7486885Z Removing HTTP extra header
2026-09-10T19:40:16.7506889Z [command]/usr/bin/git config --local --name-only --get-regexp http\.https\:\/\/github\.com\/\.extraheader
2026-09-10T19:40:16.7542740Z [command]/usr/bin/git submodule foreach --recursive sh -c "git config --local --name-only --get-regexp 'http\.https\:\/\/github\.com\/\.extraheader' && git config --local --unset-all 'http.https://github.com/.extraheader' || :"
2026-09-10T19:40:16.8033425Z Removing includeIf entries pointing to credentials config files
2026-09-10T19:40:16.8060562Z [command]/usr/bin/git config --local --name-only --get-regexp ^includeIf\.gitdir:
2026-09-10T19:40:16.8167075Z includeif.gitdir:/home/runner/work/lean-math-lab/lean-math-lab/.git.path
2026-09-10T19:40:16.8187043Z includeif.gitdir:/home/runner/work/lean-math-lab/lean-math-lab/.git/worktrees/*.path
2026-09-10T19:40:16.8206120Z includeif.gitdir:/github/workspace/.git.path
2026-09-10T19:40:16.8226705Z includeif.gitdir:/github/workspace/.git/worktrees/*.path
2026-09-10T19:40:16.8260085Z [command]/usr/bin/git config --local --get-all includeif.gitdir:/home/runner/work/lean-math-lab/lean-math-lab/.git.path
2026-09-10T19:40:16.8337125Z /home/runner/work/_temp/git-credentials-17553099-77c7-4f01-a917-f47236e7e18c.config
2026-09-10T19:40:16.8384008Z [command]/usr/bin/git config --local --unset includeif.gitdir:/home/runner/work/lean-math-lab/lean-math-lab/.git.path \/home\/runner\/work\/_temp\/git\-credentials\-17553099\-77c7\-4f01\-a917\-f47236e7e18c\.config
2026-09-10T19:40:16.8472378Z [command]/usr/bin/git config --local --get-all includeif.gitdir:/home/runner/work/lean-math-lab/lean-math-lab/.git/worktrees/*.path
2026-09-10T19:40:16.8542594Z /home/runner/work/_temp/git-credentials-17553099-77c7-4f01-a917-f47236e7e18c.config
2026-09-10T19:40:16.8589841Z [command]/usr/bin/git config --local --unset includeif.gitdir:/home/runner/work/lean-math-lab/lean-math-lab/.git/worktrees/*.path \/home\/runner\/work\/_temp\/git\-credentials\-17553099\-77c7\-4f01\-a917\-f47236e7e18c\.config
2026-09-10T19:40:16.8687180Z [command]/usr/bin/git config --local --get-all includeif.gitdir:/github/workspace/.git.path
2026-09-10T19:40:16.8749484Z /github/runner_temp/git-credentials-17553099-77c7-4f01-a917-f47236e7e18c.config
2026-09-10T19:40:16.8760372Z [command]/usr/bin/git config --local --unset includeif.gitdir:/github/workspace/.git.path \/github\/runner_temp\/git\-credentials\-17553099\-77c7\-4f01\-a917\-f47236e7e18c\.config
2026-09-10T19:40:16.8866839Z [command]/usr/bin/git config --local --get-all includeif.gitdir:/github/workspace/.git/worktrees/*.path
2026-09-10T19:40:16.8888652Z /github/runner_temp/git-credentials-17553099-77c7-4f01-a917-f47236e7e18c.config
2026-09-10T19:40:16.8926084Z [command]/usr/bin/git config --local --unset includeif.gitdir:/github/workspace/.git/worktrees/*.path \/github\/runner_temp\/git\-credentials\-17553099\-77c7\-4f01\-a917\-f47236e7e18c\.config
2026-09-10T19:40:16.8973528Z [command]/usr/bin/git submodule foreach --recursive git config --local --show-origin --name-only --get-regexp remote.origin.url
2026-09-10T19:40:16.9239640Z Removing credentials config '/home/runner/work/_temp/git-credentials-17553099-77c7-4f01-a917-f47236e7e18c.config'
2026-09-10T19:40:16.9419955Z Evaluate and set job outputs
2026-09-10T19:40:16.9425134Z Set output 'matrix'
2026-09-10T19:40:16.9427323Z Set output 'has_work'
2026-09-10T19:40:16.9428396Z Cleaning up orphan processes
2026-09-10T19:40:16.9751742Z ##[warning]Node.js 20 is deprecated. The following actions target Node.js 20 but are being forced to run on Node.js 24: actions/upload-artifact@ea165f8d65b6e75b540449e92b4886f43607fa02. For more information see: https://github.blog/changelog/2025-09-19-deprecation-of-node-20-on-github-actions-runners/
