p 257 h 130 constraints 17281
0 0 1 0
1 0 1 1
2 0 1 2
3 0 1 3
4 0 1 4
5 0 1 5
6 0 1 6
7 0 1 7
8 0 1 8
9 0 1 9
10 0 1 10
11 0 1 11
12 0 1 12
13 0 1 13
14 0 1 14
15 0 1 15
16 0 1 16
17 0 1 17
18 0 1 18
19 0 1 19
20 0 1 20
21 0 1 21
22 0 1 22
23 0 1 23
24 0 1 24
25 0 1 25
26 0 1 26
27 0 1 27
28 0 1 28
29 0 1 29
30 0 1 30
31 0 1 31
32 0 1 32
33 0 1 33
34 0 1 34
35 0 1 35
36 0 1 36
37 0 1 37
38 0 1 38
39 0 1 39
40 0 1 40
41 0 1 41
42 0 1 42
43 0 1 43
44 0 1 44
45 0 1 45
46 0 1 46
47 0 1 47
48 0 1 48
49 0 1 49
50 0 1 50
51 0 1 51
52 0 1 52
53 0 1 53
54 0 1 54
55 0 1 55
56 0 1 56
57 0 1 57
58 0 1 58
59 0 1 59
60 0 1 60
61 0 1 61
62 0 1 62
63 0 1 63
64 0 1 64
65 0 1 65
66 0 1 66
67 1 1 2
68 1 1 3
69 1 1 4
70 1 1 5
71 1 1 6
72 1 1 7
73 1 1 8
74 1 1 9
75 1 1 10
76 1 1 11
77 1 1 12
78 1 1 13
79 1 1 14
80 1 1 15
81 1 1 16
82 1 1 17
83 1 1 18
84 1 1 19
85 1 1 20
86 1 1 21
87 1 1 22
88 1 1 23
89 1 1 24
90 1 1 25
91 1 1 26
92 1 1 27
93 1 1 28
94 1 1 29
95 1 1 30
96 1 1 31
97 1 1 32
98 1 1 33
99 1 1 34
100 1 1 35
101 1 1 36
102 1 1 37
103 1 1 38
104 1 1 39
105 1 1 40
106 1 1 41
107 1 1 42
108 1 1 43
109 1 1 44
110 1 1 45
111 1 1 46
112 1 1 47
113 1 1 48
114 1 1 49
115 1 1 50
116 1 1 51
117 1 1 52
118 1 1 53
119 1 1 54
120 1 1 55
121 1 1 56
122 1 1 57
123 1 1 58
124 1 1 59
125 1 1 60
126 1 1 61
127 1 1 62
128 1 1 63
129 1 1 64
130 1 1 65
131 1 1 66
132 1 1 67
133 2 1 4
134 2 1 5
135 2 1 6
136 2 1 7
137 2 1 8
138 2 1 9
139 2 1 10
140 2 1 11
141 2 1 12
142 2 1 13
143 2 1 14
144 2 1 15
145 2 1 16
146 2 1 17
147 2 1 18
148 2 1 19
149 2 1 20
150 2 1 21
151 2 1 22
152 2 1 23
153 2 1 24
154 2 1 25
155 2 1 26
156 2 1 27
157 2 1 28
158 2 1 29
159 2 1 30
160 2 1 31
161 2 1 32
162 2 1 33
163 2 1 34
164 2 1 35
165 2 1 36
166 2 1 37
167 2 1 38
168 2 1 39
169 2 1 40
170 2 1 41
171 2 1 42
172 2 1 43
173 2 1 44
174 2 1 45
175 2 1 46
176 2 1 47
177 2 1 48
178 2 1 49
179 2 1 50
180 2 1 51
181 2 1 52
182 2 1 53
183 2 1 54
184 2 1 55
185 2 1 56
186 2 1 57
187 2 1 58
188 2 1 59
189 2 1 60
190 2 1 61
191 2 1 62
192 2 1 63
193 2 1 64
194 2 1 65
195 2 1 66
196 2 1 67
197 2 1 68
198 3 1 6
199 3 1 7
200 3 1 8
201 3 1 9
202 3 1 10
203 3 1 11
204 3 1 12
205 3 1 13
206 3 1 14
207 3 1 15
208 3 1 16
209 3 1 17
210 3 1 18
211 3 1 19
212 3 1 20
213 3 1 21
214 3 1 22
215 3 1 23
216 3 1 24
217 3 1 25
218 3 1 26
219 3 1 27
220 3 1 28
221 3 1 29
222 3 1 30
223 3 1 31
224 3 1 32
225 3 1 33
226 3 1 34
227 3 1 35
228 3 1 36
229 3 1 37
230 3 1 38
231 3 1 39
232 3 1 40
233 3 1 41
234 3 1 42
235 3 1 43
236 3 1 44
237 3 1 45
238 3 1 46
239 3 1 47
240 3 1 48
241 3 1 49
242 3 1 50
243 3 1 51
244 3 1 52
245 3 1 53
246 3 1 54
247 3 1 55
248 3 1 56
249 3 1 57
250 3 1 58
251 3 1 59
252 3 1 60
253 3 1 61
254 3 1 62
255 3 1 63
256 3 1 64
257 3 1 65
258 3 1 66
259 3 1 67
260 3 1 68
261 3 1 69
262 4 1 8
263 4 1 9
264 4 1 10
265 4 1 11
266 4 1 12
267 4 1 13
268 4 1 14
269 4 1 15
270 4 1 16
271 4 1 17
272 4 1 18
273 4 1 19
274 4 1 20
275 4 1 21
276 4 1 22
277 4 1 23
278 4 1 24
279 4 1 25
280 4 1 26
281 4 1 27
282 4 1 28
283 4 1 29
284 4 1 30
285 4 1 31
286 4 1 32
287 4 1 33
288 4 1 34
289 4 1 35
290 4 1 36
291 4 1 37
292 4 1 38
293 4 1 39
294 4 1 40
295 4 1 41
296 4 1 42
297 4 1 43
298 4 1 44
299 4 1 45
300 4 1 46
301 4 1 47
302 4 1 48
303 4 1 49
304 4 1 50
305 4 1 51
306 4 1 52
307 4 1 53
308 4 1 54
309 4 1 55
310 4 1 56
311 4 1 57
312 4 1 58
313 4 1 59
314 4 1 60
315 4 1 61
316 4 1 62
317 4 1 63
318 4 1 64
319 4 1 65
320 4 1 66
321 4 1 67
322 4 1 68
323 4 1 69
324 4 1 70
325 5 1 10
326 5 1 11
327 5 1 12
328 5 1 13
329 5 1 14
330 5 1 15
331 5 1 16
332 5 1 17
333 5 1 18
334 5 1 19
335 5 1 20
336 5 1 21
337 5 1 22
338 5 1 23
339 5 1 24
340 5 1 25
341 5 1 26
342 5 1 27
343 5 1 28
344 5 1 29
345 5 1 30
346 5 1 31
347 5 1 32
348 5 1 33
349 5 1 34
350 5 1 35
351 5 1 36
352 5 1 37
353 5 1 38
354 5 1 39
355 5 1 40
356 5 1 41
357 5 1 42
358 5 1 43
359 5 1 44
360 5 1 45
361 5 1 46
362 5 1 47
363 5 1 48
364 5 1 49
365 5 1 50
366 5 1 51
367 5 1 52
368 5 1 53
369 5 1 54
370 5 1 55
371 5 1 56
372 5 1 57
373 5 1 58
374 5 1 59
375 5 1 60
376 5 1 61
377 5 1 62
378 5 1 63
379 5 1 64
380 5 1 65
381 5 1 66
382 5 1 67
383 5 1 68
384 5 1 69
385 5 1 70
386 5 1 71
387 6 1 12
388 6 1 13
389 6 1 14
390 6 1 15
391 6 1 16
392 6 1 17
393 6 1 18
394 6 1 19
395 6 1 20
396 6 1 21
397 6 1 22
398 6 1 23
399 6 1 24
400 6 1 25
401 6 1 26
402 6 1 27
403 6 1 28
404 6 1 29
405 6 1 30
406 6 1 31
407 6 1 32
408 6 1 33
409 6 1 34
410 6 1 35
411 6 1 36
412 6 1 37
413 6 1 38
414 6 1 39
415 6 1 40
416 6 1 41
417 6 1 42
418 6 1 43
419 6 1 44
420 6 1 45
421 6 1 46
422 6 1 47
423 6 1 48
424 6 1 49
425 6 1 50
426 6 1 51
427 6 1 52
428 6 1 53
429 6 1 54
430 6 1 55
431 6 1 56
432 6 1 57
433 6 1 58
434 6 1 59
435 6 1 60
436 6 1 61
437 6 1 62
438 6 1 63
439 6 1 64
440 6 1 65
441 6 1 66
442 6 1 67
443 6 1 68
444 6 1 69
445 6 1 70
446 6 1 71
447 6 1 72
448 7 1 14
449 7 1 15
450 7 1 16
451 7 1 17
452 7 1 18
453 7 1 19
454 7 1 20
455 7 1 21
456 7 1 22
457 7 1 23
458 7 1 24
459 7 1 25
460 7 1 26
461 7 1 27
462 7 1 28
463 7 1 29
464 7 1 30
465 7 1 31
466 7 1 32
467 7 1 33
468 7 1 34
469 7 1 35
470 7 1 36
471 7 1 37
472 7 1 38
473 7 1 39
474 7 1 40
475 7 1 41
476 7 1 42
477 7 1 43
478 7 1 44
479 7 1 45
480 7 1 46
481 7 1 47
482 7 1 48
483 7 1 49
484 7 1 50
485 7 1 51
486 7 1 52
487 7 1 53
488 7 1 54
489 7 1 55
490 7 1 56
491 7 1 57
492 7 1 58
493 7 1 59
494 7 1 60
495 7 1 61
496 7 1 62
497 7 1 63
498 7 1 64
499 7 1 65
500 7 1 66
501 7 1 67
502 7 1 68
503 7 1 69
504 7 1 70
505 7 1 71
506 7 1 72
507 7 1 73
508 8 1 16
509 8 1 17
510 8 1 18
511 8 1 19
512 8 1 20
513 8 1 21
514 8 1 22
515 8 1 23
516 8 1 24
517 8 1 25
518 8 1 26
519 8 1 27
520 8 1 28
521 8 1 29
522 8 1 30
523 8 1 31
524 8 1 32
525 8 1 33
526 8 1 34
527 8 1 35
528 8 1 36
529 8 1 37
530 8 1 38
531 8 1 39
532 8 1 40
533 8 1 41
534 8 1 42
535 8 1 43
536 8 1 44
537 8 1 45
538 8 1 46
539 8 1 47
540 8 1 48
541 8 1 49
542 8 1 50
543 8 1 51
544 8 1 52
545 8 1 53
546 8 1 54
547 8 1 55
548 8 1 56
549 8 1 57
550 8 1 58
551 8 1 59
552 8 1 60
553 8 1 61
554 8 1 62
555 8 1 63
556 8 1 64
557 8 1 65
558 8 1 66
559 8 1 67
560 8 1 68
561 8 1 69
562 8 1 70
563 8 1 71
564 8 1 72
565 8 1 73
566 8 1 74
567 9 1 18
568 9 1 19
569 9 1 20
570 9 1 21
571 9 1 22
572 9 1 23
573 9 1 24
574 9 1 25
575 9 1 26
576 9 1 27
577 9 1 28
578 9 1 29
579 9 1 30
580 9 1 31
581 9 1 32
582 9 1 33
583 9 1 34
584 9 1 35
585 9 1 36
586 9 1 37
587 9 1 38
588 9 1 39
589 9 1 40
590 9 1 41
591 9 1 42
592 9 1 43
593 9 1 44
594 9 1 45
595 9 1 46
596 9 1 47
597 9 1 48
598 9 1 49
599 9 1 50
600 9 1 51
601 9 1 52
602 9 1 53
603 9 1 54
604 9 1 55
605 9 1 56
606 9 1 57
607 9 1 58
608 9 1 59
609 9 1 60
610 9 1 61
611 9 1 62
612 9 1 63
613 9 1 64
614 9 1 65
615 9 1 66
616 9 1 67
617 9 1 68
618 9 1 69
619 9 1 70
620 9 1 71
621 9 1 72
622 9 1 73
623 9 1 74
624 9 1 75
625 10 1 20
626 10 1 21
627 10 1 22
628 10 1 23
629 10 1 24
630 10 1 25
631 10 1 26
632 10 1 27
633 10 1 28
634 10 1 29
635 10 1 30
636 10 1 31
637 10 1 32
638 10 1 33
639 10 1 34
640 10 1 35
641 10 1 36
642 10 1 37
643 10 1 38
644 10 1 39
645 10 1 40
646 10 1 41
647 10 1 42
648 10 1 43
649 10 1 44
650 10 1 45
651 10 1 46
652 10 1 47
653 10 1 48
654 10 1 49
655 10 1 50
656 10 1 51
657 10 1 52
658 10 1 53
659 10 1 54
660 10 1 55
661 10 1 56
662 10 1 57
663 10 1 58
664 10 1 59
665 10 1 60
666 10 1 61
667 10 1 62
668 10 1 63
669 10 1 64
670 10 1 65
671 10 1 66
672 10 1 67
673 10 1 68
674 10 1 69
675 10 1 70
676 10 1 71
677 10 1 72
678 10 1 73
679 10 1 74
680 10 1 75
681 10 1 76
682 11 1 22
683 11 1 23
684 11 1 24
685 11 1 25
686 11 1 26
687 11 1 27
688 11 1 28
689 11 1 29
690 11 1 30
691 11 1 31
692 11 1 32
693 11 1 33
694 11 1 34
695 11 1 35
696 11 1 36
697 11 1 37
698 11 1 38
699 11 1 39
700 11 1 40
701 11 1 41
702 11 1 42
703 11 1 43
704 11 1 44
705 11 1 45
706 11 1 46
707 11 1 47
708 11 1 48
709 11 1 49
710 11 1 50
711 11 1 51
712 11 1 52
713 11 1 53
714 11 1 54
715 11 1 55
716 11 1 56
717 11 1 57
718 11 1 58
719 11 1 59
720 11 1 60
721 11 1 61
722 11 1 62
723 11 1 63
724 11 1 64
725 11 1 65
726 11 1 66
727 11 1 67
728 11 1 68
729 11 1 69
730 11 1 70
731 11 1 71
732 11 1 72
733 11 1 73
734 11 1 74
735 11 1 75
736 11 1 76
737 11 1 77
738 12 1 24
739 12 1 25
740 12 1 26
741 12 1 27
742 12 1 28
743 12 1 29
744 12 1 30
745 12 1 31
746 12 1 32
747 12 1 33
748 12 1 34
749 12 1 35
750 12 1 36
751 12 1 37
752 12 1 38
753 12 1 39
754 12 1 40
755 12 1 41
756 12 1 42
757 12 1 43
758 12 1 44
759 12 1 45
760 12 1 46
761 12 1 47
762 12 1 48
763 12 1 49
764 12 1 50
765 12 1 51
766 12 1 52
767 12 1 53
768 12 1 54
769 12 1 55
770 12 1 56
771 12 1 57
772 12 1 58
773 12 1 59
774 12 1 60
775 12 1 61
776 12 1 62
777 12 1 63
778 12 1 64
779 12 1 65
780 12 1 66
781 12 1 67
782 12 1 68
783 12 1 69
784 12 1 70
785 12 1 71
786 12 1 72
787 12 1 73
788 12 1 74
789 12 1 75
790 12 1 76
791 12 1 77
792 12 1 78
793 13 1 26
794 13 1 27
795 13 1 28
796 13 1 29
797 13 1 30
798 13 1 31
799 13 1 32
800 13 1 33
801 13 1 34
802 13 1 35
803 13 1 36
804 13 1 37
805 13 1 38
806 13 1 39
807 13 1 40
808 13 1 41
809 13 1 42
810 13 1 43
811 13 1 44
812 13 1 45
813 13 1 46
814 13 1 47
815 13 1 48
816 13 1 49
817 13 1 50
818 13 1 51
819 13 1 52
820 13 1 53
821 13 1 54
822 13 1 55
823 13 1 56
824 13 1 57
825 13 1 58
826 13 1 59
827 13 1 60
828 13 1 61
829 13 1 62
830 13 1 63
831 13 1 64
832 13 1 65
833 13 1 66
834 13 1 67
835 13 1 68
836 13 1 69
837 13 1 70
838 13 1 71
839 13 1 72
840 13 1 73
841 13 1 74
842 13 1 75
843 13 1 76
844 13 1 77
845 13 1 78
846 13 1 79
847 14 1 28
848 14 1 29
849 14 1 30
850 14 1 31
851 14 1 32
852 14 1 33
853 14 1 34
854 14 1 35
855 14 1 36
856 14 1 37
857 14 1 38
858 14 1 39
859 14 1 40
860 14 1 41
861 14 1 42
862 14 1 43
863 14 1 44
864 14 1 45
865 14 1 46
866 14 1 47
867 14 1 48
868 14 1 49
869 14 1 50
870 14 1 51
871 14 1 52
872 14 1 53
873 14 1 54
874 14 1 55
875 14 1 56
876 14 1 57
877 14 1 58
878 14 1 59
879 14 1 60
880 14 1 61
881 14 1 62
882 14 1 63
883 14 1 64
884 14 1 65
885 14 1 66
886 14 1 67
887 14 1 68
888 14 1 69
889 14 1 70
890 14 1 71
891 14 1 72
892 14 1 73
893 14 1 74
894 14 1 75
895 14 1 76
896 14 1 77
897 14 1 78
898 14 1 79
899 14 1 80
900 15 1 30
901 15 1 31
902 15 1 32
903 15 1 33
904 15 1 34
905 15 1 35
906 15 1 36
907 15 1 37
908 15 1 38
909 15 1 39
910 15 1 40
911 15 1 41
912 15 1 42
913 15 1 43
914 15 1 44
915 15 1 45
916 15 1 46
917 15 1 47
918 15 1 48
919 15 1 49
920 15 1 50
921 15 1 51
922 15 1 52
923 15 1 53
924 15 1 54
925 15 1 55
926 15 1 56
927 15 1 57
928 15 1 58
929 15 1 59
930 15 1 60
931 15 1 61
932 15 1 62
933 15 1 63
934 15 1 64
935 15 1 65
936 15 1 66
937 15 1 67
938 15 1 68
939 15 1 69
940 15 1 70
941 15 1 71
942 15 1 72
943 15 1 73
944 15 1 74
945 15 1 75
946 15 1 76
947 15 1 77
948 15 1 78
949 15 1 79
950 15 1 80
951 15 1 81
952 16 1 32
953 16 1 33
954 16 1 34
955 16 1 35
956 16 1 36
957 16 1 37
958 16 1 38
959 16 1 39
960 16 1 40
961 16 1 41
962 16 1 42
963 16 1 43
964 16 1 44
965 16 1 45
966 16 1 46
967 16 1 47
968 16 1 48
969 16 1 49
970 16 1 50
971 16 1 51
972 16 1 52
973 16 1 53
974 16 1 54
975 16 1 55
976 16 1 56
977 16 1 57
978 16 1 58
979 16 1 59
980 16 1 60
981 16 1 61
982 16 1 62
983 16 1 63
984 16 1 64
985 16 1 65
986 16 1 66
987 16 1 67
988 16 1 68
989 16 1 69
990 16 1 70
991 16 1 71
992 16 1 72
993 16 1 73
994 16 1 74
995 16 1 75
996 16 1 76
997 16 1 77
998 16 1 78
999 16 1 79
1000 16 1 80
1001 16 1 81
1002 16 1 82
1003 17 1 34
1004 17 1 35
1005 17 1 36
1006 17 1 37
1007 17 1 38
1008 17 1 39
1009 17 1 40
1010 17 1 41
1011 17 1 42
1012 17 1 43
1013 17 1 44
1014 17 1 45
1015 17 1 46
1016 17 1 47
1017 17 1 48
1018 17 1 49
1019 17 1 50
1020 17 1 51
1021 17 1 52
1022 17 1 53
1023 17 1 54
1024 17 1 55
1025 17 1 56
1026 17 1 57
1027 17 1 58
1028 17 1 59
1029 17 1 60
1030 17 1 61
1031 17 1 62
1032 17 1 63
1033 17 1 64
1034 17 1 65
1035 17 1 66
1036 17 1 67
1037 17 1 68
1038 17 1 69
1039 17 1 70
1040 17 1 71
1041 17 1 72
1042 17 1 73
1043 17 1 74
1044 17 1 75
1045 17 1 76
1046 17 1 77
1047 17 1 78
1048 17 1 79
1049 17 1 80
1050 17 1 81
1051 17 1 82
1052 17 1 83
1053 18 1 36
1054 18 1 37
1055 18 1 38
1056 18 1 39
1057 18 1 40
1058 18 1 41
1059 18 1 42
1060 18 1 43
1061 18 1 44
1062 18 1 45
1063 18 1 46
1064 18 1 47
1065 18 1 48
1066 18 1 49
1067 18 1 50
1068 18 1 51
1069 18 1 52
1070 18 1 53
1071 18 1 54
1072 18 1 55
1073 18 1 56
1074 18 1 57
1075 18 1 58
1076 18 1 59
1077 18 1 60
1078 18 1 61
1079 18 1 62
1080 18 1 63
1081 18 1 64
1082 18 1 65
1083 18 1 66
1084 18 1 67
1085 18 1 68
1086 18 1 69
1087 18 1 70
1088 18 1 71
1089 18 1 72
1090 18 1 73
1091 18 1 74
1092 18 1 75
1093 18 1 76
1094 18 1 77
1095 18 1 78
1096 18 1 79
1097 18 1 80
1098 18 1 81
1099 18 1 82
1100 18 1 83
1101 18 1 84
1102 19 1 38
1103 19 1 39
1104 19 1 40
1105 19 1 41
1106 19 1 42
1107 19 1 43
1108 19 1 44
1109 19 1 45
1110 19 1 46
1111 19 1 47
1112 19 1 48
1113 19 1 49
1114 19 1 50
1115 19 1 51
1116 19 1 52
1117 19 1 53
1118 19 1 54
1119 19 1 55
1120 19 1 56
1121 19 1 57
1122 19 1 58
1123 19 1 59
1124 19 1 60
1125 19 1 61
1126 19 1 62
1127 19 1 63
1128 19 1 64
1129 19 1 65
1130 19 1 66
1131 19 1 67
1132 19 1 68
1133 19 1 69
1134 19 1 70
1135 19 1 71
1136 19 1 72
1137 19 1 73
1138 19 1 74
1139 19 1 75
1140 19 1 76
1141 19 1 77
1142 19 1 78
1143 19 1 79
1144 19 1 80
1145 19 1 81
1146 19 1 82
1147 19 1 83
1148 19 1 84
1149 19 1 85
1150 20 1 40
1151 20 1 41
1152 20 1 42
1153 20 1 43
1154 20 1 44
1155 20 1 45
1156 20 1 46
1157 20 1 47
1158 20 1 48
1159 20 1 49
1160 20 1 50
1161 20 1 51
1162 20 1 52
1163 20 1 53
1164 20 1 54
1165 20 1 55
1166 20 1 56
1167 20 1 57
1168 20 1 58
1169 20 1 59
1170 20 1 60
1171 20 1 61
1172 20 1 62
1173 20 1 63
1174 20 1 64
1175 20 1 65
1176 20 1 66
1177 20 1 67
1178 20 1 68
1179 20 1 69
1180 20 1 70
1181 20 1 71
1182 20 1 72
1183 20 1 73
1184 20 1 74
1185 20 1 75
1186 20 1 76
1187 20 1 77
1188 20 1 78
1189 20 1 79
1190 20 1 80
1191 20 1 81
1192 20 1 82
1193 20 1 83
1194 20 1 84
1195 20 1 85
1196 20 1 86
1197 21 1 42
1198 21 1 43
1199 21 1 44
1200 21 1 45
1201 21 1 46
1202 21 1 47
1203 21 1 48
1204 21 1 49
1205 21 1 50
1206 21 1 51
1207 21 1 52
1208 21 1 53
1209 21 1 54
1210 21 1 55
1211 21 1 56
1212 21 1 57
1213 21 1 58
1214 21 1 59
1215 21 1 60
1216 21 1 61
1217 21 1 62
1218 21 1 63
1219 21 1 64
1220 21 1 65
1221 21 1 66
1222 21 1 67
1223 21 1 68
1224 21 1 69
1225 21 1 70
1226 21 1 71
1227 21 1 72
1228 21 1 73
1229 21 1 74
1230 21 1 75
1231 21 1 76
1232 21 1 77
1233 21 1 78
1234 21 1 79
1235 21 1 80
1236 21 1 81
1237 21 1 82
1238 21 1 83
1239 21 1 84
1240 21 1 85
1241 21 1 86
1242 21 1 87
1243 22 1 44
1244 22 1 45
1245 22 1 46
1246 22 1 47
1247 22 1 48
1248 22 1 49
1249 22 1 50
1250 22 1 51
1251 22 1 52
1252 22 1 53
1253 22 1 54
1254 22 1 55
1255 22 1 56
1256 22 1 57
1257 22 1 58
1258 22 1 59
1259 22 1 60
1260 22 1 61
1261 22 1 62
1262 22 1 63
1263 22 1 64
1264 22 1 65
1265 22 1 66
1266 22 1 67
1267 22 1 68
1268 22 1 69
1269 22 1 70
1270 22 1 71
1271 22 1 72
1272 22 1 73
1273 22 1 74
1274 22 1 75
1275 22 1 76
1276 22 1 77
1277 22 1 78
1278 22 1 79
1279 22 1 80
1280 22 1 81
1281 22 1 82
1282 22 1 83
1283 22 1 84
1284 22 1 85
1285 22 1 86
1286 22 1 87
1287 22 1 88
1288 23 1 46
1289 23 1 47
1290 23 1 48
1291 23 1 49
1292 23 1 50
1293 23 1 51
1294 23 1 52
1295 23 1 53
1296 23 1 54
1297 23 1 55
1298 23 1 56
1299 23 1 57
1300 23 1 58
1301 23 1 59
1302 23 1 60
1303 23 1 61
1304 23 1 62
1305 23 1 63
1306 23 1 64
1307 23 1 65
1308 23 1 66
1309 23 1 67
1310 23 1 68
1311 23 1 69
1312 23 1 70
1313 23 1 71
1314 23 1 72
1315 23 1 73
1316 23 1 74
1317 23 1 75
1318 23 1 76
1319 23 1 77
1320 23 1 78
1321 23 1 79
1322 23 1 80
1323 23 1 81
1324 23 1 82
1325 23 1 83
1326 23 1 84
1327 23 1 85
1328 23 1 86
1329 23 1 87
1330 23 1 88
1331 23 1 89
1332 24 1 48
1333 24 1 49
1334 24 1 50
1335 24 1 51
1336 24 1 52
1337 24 1 53
1338 24 1 54
1339 24 1 55
1340 24 1 56
1341 24 1 57
1342 24 1 58
1343 24 1 59
1344 24 1 60
1345 24 1 61
1346 24 1 62
1347 24 1 63
1348 24 1 64
1349 24 1 65
1350 24 1 66
1351 24 1 67
1352 24 1 68
1353 24 1 69
1354 24 1 70
1355 24 1 71
1356 24 1 72
1357 24 1 73
1358 24 1 74
1359 24 1 75
1360 24 1 76
1361 24 1 77
1362 24 1 78
1363 24 1 79
1364 24 1 80
1365 24 1 81
1366 24 1 82
1367 24 1 83
1368 24 1 84
1369 24 1 85
1370 24 1 86
1371 24 1 87
1372 24 1 88
1373 24 1 89
1374 24 1 90
1375 25 1 50
1376 25 1 51
1377 25 1 52
1378 25 1 53
1379 25 1 54
1380 25 1 55
1381 25 1 56
1382 25 1 57
1383 25 1 58
1384 25 1 59
1385 25 1 60
1386 25 1 61
1387 25 1 62
1388 25 1 63
1389 25 1 64
1390 25 1 65
1391 25 1 66
1392 25 1 67
1393 25 1 68
1394 25 1 69
1395 25 1 70
1396 25 1 71
1397 25 1 72
1398 25 1 73
1399 25 1 74
1400 25 1 75
1401 25 1 76
1402 25 1 77
1403 25 1 78
1404 25 1 79
1405 25 1 80
1406 25 1 81
1407 25 1 82
1408 25 1 83
1409 25 1 84
1410 25 1 85
1411 25 1 86
1412 25 1 87
1413 25 1 88
1414 25 1 89
1415 25 1 90
1416 25 1 91
1417 26 1 52
1418 26 1 53
1419 26 1 54
1420 26 1 55
1421 26 1 56
1422 26 1 57
1423 26 1 58
1424 26 1 59
1425 26 1 60
1426 26 1 61
1427 26 1 62
1428 26 1 63
1429 26 1 64
1430 26 1 65
1431 26 1 66
1432 26 1 67
1433 26 1 68
1434 26 1 69
1435 26 1 70
1436 26 1 71
1437 26 1 72
1438 26 1 73
1439 26 1 74
1440 26 1 75
1441 26 1 76
1442 26 1 77
1443 26 1 78
1444 26 1 79
1445 26 1 80
1446 26 1 81
1447 26 1 82
1448 26 1 83
1449 26 1 84
1450 26 1 85
1451 26 1 86
1452 26 1 87
1453 26 1 88
1454 26 1 89
1455 26 1 90
1456 26 1 91
1457 26 1 92
1458 27 1 54
1459 27 1 55
1460 27 1 56
1461 27 1 57
1462 27 1 58
1463 27 1 59
1464 27 1 60
1465 27 1 61
1466 27 1 62
1467 27 1 63
1468 27 1 64
1469 27 1 65
1470 27 1 66
1471 27 1 67
1472 27 1 68
1473 27 1 69
1474 27 1 70
1475 27 1 71
1476 27 1 72
1477 27 1 73
1478 27 1 74
1479 27 1 75
1480 27 1 76
1481 27 1 77
1482 27 1 78
1483 27 1 79
1484 27 1 80
1485 27 1 81
1486 27 1 82
1487 27 1 83
1488 27 1 84
1489 27 1 85
1490 27 1 86
1491 27 1 87
1492 27 1 88
1493 27 1 89
1494 27 1 90
1495 27 1 91
1496 27 1 92
1497 27 1 93
1498 28 1 56
1499 28 1 57
1500 28 1 58
1501 28 1 59
1502 28 1 60
1503 28 1 61
1504 28 1 62
1505 28 1 63
1506 28 1 64
1507 28 1 65
1508 28 1 66
1509 28 1 67
1510 28 1 68
1511 28 1 69
1512 28 1 70
1513 28 1 71
1514 28 1 72
1515 28 1 73
1516 28 1 74
1517 28 1 75
1518 28 1 76
1519 28 1 77
1520 28 1 78
1521 28 1 79
1522 28 1 80
1523 28 1 81
1524 28 1 82
1525 28 1 83
1526 28 1 84
1527 28 1 85
1528 28 1 86
1529 28 1 87
1530 28 1 88
1531 28 1 89
1532 28 1 90
1533 28 1 91
1534 28 1 92
1535 28 1 93
1536 28 1 94
1537 29 1 58
1538 29 1 59
1539 29 1 60
1540 29 1 61
1541 29 1 62
1542 29 1 63
1543 29 1 64
1544 29 1 65
1545 29 1 66
1546 29 1 67
1547 29 1 68
1548 29 1 69
1549 29 1 70
1550 29 1 71
1551 29 1 72
1552 29 1 73
1553 29 1 74
1554 29 1 75
1555 29 1 76
1556 29 1 77
1557 29 1 78
1558 29 1 79
1559 29 1 80
1560 29 1 81
1561 29 1 82
1562 29 1 83
1563 29 1 84
1564 29 1 85
1565 29 1 86
1566 29 1 87
1567 29 1 88
1568 29 1 89
1569 29 1 90
1570 29 1 91
1571 29 1 92
1572 29 1 93
1573 29 1 94
1574 29 1 95
1575 30 1 60
1576 30 1 61
1577 30 1 62
1578 30 1 63
1579 30 1 64
1580 30 1 65
1581 30 1 66
1582 30 1 67
1583 30 1 68
1584 30 1 69
1585 30 1 70
1586 30 1 71
1587 30 1 72
1588 30 1 73
1589 30 1 74
1590 30 1 75
1591 30 1 76
1592 30 1 77
1593 30 1 78
1594 30 1 79
1595 30 1 80
1596 30 1 81
1597 30 1 82
1598 30 1 83
1599 30 1 84
1600 30 1 85
1601 30 1 86
1602 30 1 87
1603 30 1 88
1604 30 1 89
1605 30 1 90
1606 30 1 91
1607 30 1 92
1608 30 1 93
1609 30 1 94
1610 30 1 95
1611 30 1 96
1612 31 1 62
1613 31 1 63
1614 31 1 64
1615 31 1 65
1616 31 1 66
1617 31 1 67
1618 31 1 68
1619 31 1 69
1620 31 1 70
1621 31 1 71
1622 31 1 72
1623 31 1 73
1624 31 1 74
1625 31 1 75
1626 31 1 76
1627 31 1 77
1628 31 1 78
1629 31 1 79
1630 31 1 80
1631 31 1 81
1632 31 1 82
1633 31 1 83
1634 31 1 84
1635 31 1 85
1636 31 1 86
1637 31 1 87
1638 31 1 88
1639 31 1 89
1640 31 1 90
1641 31 1 91
1642 31 1 92
1643 31 1 93
1644 31 1 94
1645 31 1 95
1646 31 1 96
1647 31 1 97
1648 32 1 64
1649 32 1 65
1650 32 1 66
1651 32 1 67
1652 32 1 68
1653 32 1 69
1654 32 1 70
1655 32 1 71
1656 32 1 72
1657 32 1 73
1658 32 1 74
1659 32 1 75
1660 32 1 76
1661 32 1 77
1662 32 1 78
1663 32 1 79
1664 32 1 80
1665 32 1 81
1666 32 1 82
1667 32 1 83
1668 32 1 84
1669 32 1 85
1670 32 1 86
1671 32 1 87
1672 32 1 88
1673 32 1 89
1674 32 1 90
1675 32 1 91
1676 32 1 92
1677 32 1 93
1678 32 1 94
1679 32 1 95
1680 32 1 96
1681 32 1 97
1682 32 1 98
1683 33 1 66
1684 33 1 67
1685 33 1 68
1686 33 1 69
1687 33 1 70
1688 33 1 71
1689 33 1 72
1690 33 1 73
1691 33 1 74
1692 33 1 75
1693 33 1 76
1694 33 1 77
1695 33 1 78
1696 33 1 79
1697 33 1 80
1698 33 1 81
1699 33 1 82
1700 33 1 83
1701 33 1 84
1702 33 1 85
1703 33 1 86
1704 33 1 87
1705 33 1 88
1706 33 1 89
1707 33 1 90
1708 33 1 91
1709 33 1 92
1710 33 1 93
1711 33 1 94
1712 33 1 95
1713 33 1 96
1714 33 1 97
1715 33 1 98
1716 33 1 99
1717 34 1 68
1718 34 1 69
1719 34 1 70
1720 34 1 71
1721 34 1 72
1722 34 1 73
1723 34 1 74
1724 34 1 75
1725 34 1 76
1726 34 1 77
1727 34 1 78
1728 34 1 79
1729 34 1 80
1730 34 1 81
1731 34 1 82
1732 34 1 83
1733 34 1 84
1734 34 1 85
1735 34 1 86
1736 34 1 87
1737 34 1 88
1738 34 1 89
1739 34 1 90
1740 34 1 91
1741 34 1 92
1742 34 1 93
1743 34 1 94
1744 34 1 95
1745 34 1 96
1746 34 1 97
1747 34 1 98
1748 34 1 99
1749 34 1 100
1750 35 1 70
1751 35 1 71
1752 35 1 72
1753 35 1 73
1754 35 1 74
1755 35 1 75
1756 35 1 76
1757 35 1 77
1758 35 1 78
1759 35 1 79
1760 35 1 80
1761 35 1 81
1762 35 1 82
1763 35 1 83
1764 35 1 84
1765 35 1 85
1766 35 1 86
1767 35 1 87
1768 35 1 88
1769 35 1 89
1770 35 1 90
1771 35 1 91
1772 35 1 92
1773 35 1 93
1774 35 1 94
1775 35 1 95
1776 35 1 96
1777 35 1 97
1778 35 1 98
1779 35 1 99
1780 35 1 100
1781 35 1 101
1782 36 1 72
1783 36 1 73
1784 36 1 74
1785 36 1 75
1786 36 1 76
1787 36 1 77
1788 36 1 78
1789 36 1 79
1790 36 1 80
1791 36 1 81
1792 36 1 82
1793 36 1 83
1794 36 1 84
1795 36 1 85
1796 36 1 86
1797 36 1 87
1798 36 1 88
1799 36 1 89
1800 36 1 90
1801 36 1 91
1802 36 1 92
1803 36 1 93
1804 36 1 94
1805 36 1 95
1806 36 1 96
1807 36 1 97
1808 36 1 98
1809 36 1 99
1810 36 1 100
1811 36 1 101
1812 36 1 102
1813 37 1 74
1814 37 1 75
1815 37 1 76
1816 37 1 77
1817 37 1 78
1818 37 1 79
1819 37 1 80
1820 37 1 81
1821 37 1 82
1822 37 1 83
1823 37 1 84
1824 37 1 85
1825 37 1 86
1826 37 1 87
1827 37 1 88
1828 37 1 89
1829 37 1 90
1830 37 1 91
1831 37 1 92
1832 37 1 93
1833 37 1 94
1834 37 1 95
1835 37 1 96
1836 37 1 97
1837 37 1 98
1838 37 1 99
1839 37 1 100
1840 37 1 101
1841 37 1 102
1842 37 1 103
1843 38 1 76
1844 38 1 77
1845 38 1 78
1846 38 1 79
1847 38 1 80
1848 38 1 81
1849 38 1 82
1850 38 1 83
1851 38 1 84
1852 38 1 85
1853 38 1 86
1854 38 1 87
1855 38 1 88
1856 38 1 89
1857 38 1 90
1858 38 1 91
1859 38 1 92
1860 38 1 93
1861 38 1 94
1862 38 1 95
1863 38 1 96
1864 38 1 97
1865 38 1 98
1866 38 1 99
1867 38 1 100
1868 38 1 101
1869 38 1 102
1870 38 1 103
1871 38 1 104
1872 39 1 78
1873 39 1 79
1874 39 1 80
1875 39 1 81
1876 39 1 82
1877 39 1 83
1878 39 1 84
1879 39 1 85
1880 39 1 86
1881 39 1 87
1882 39 1 88
1883 39 1 89
1884 39 1 90
1885 39 1 91
1886 39 1 92
1887 39 1 93
1888 39 1 94
1889 39 1 95
1890 39 1 96
1891 39 1 97
1892 39 1 98
1893 39 1 99
1894 39 1 100
1895 39 1 101
1896 39 1 102
1897 39 1 103
1898 39 1 104
1899 39 1 105
1900 40 1 80
1901 40 1 81
1902 40 1 82
1903 40 1 83
1904 40 1 84
1905 40 1 85
1906 40 1 86
1907 40 1 87
1908 40 1 88
1909 40 1 89
1910 40 1 90
1911 40 1 91
1912 40 1 92
1913 40 1 93
1914 40 1 94
1915 40 1 95
1916 40 1 96
1917 40 1 97
1918 40 1 98
1919 40 1 99
1920 40 1 100
1921 40 1 101
1922 40 1 102
1923 40 1 103
1924 40 1 104
1925 40 1 105
1926 40 1 106
1927 41 1 82
1928 41 1 83
1929 41 1 84
1930 41 1 85
1931 41 1 86
1932 41 1 87
1933 41 1 88
1934 41 1 89
1935 41 1 90
1936 41 1 91
1937 41 1 92
1938 41 1 93
1939 41 1 94
1940 41 1 95
1941 41 1 96
1942 41 1 97
1943 41 1 98
1944 41 1 99
1945 41 1 100
1946 41 1 101
1947 41 1 102
1948 41 1 103
1949 41 1 104
1950 41 1 105
1951 41 1 106
1952 41 1 107
1953 42 1 84
1954 42 1 85
1955 42 1 86
1956 42 1 87
1957 42 1 88
1958 42 1 89
1959 42 1 90
1960 42 1 91
1961 42 1 92
1962 42 1 93
1963 42 1 94
1964 42 1 95
1965 42 1 96
1966 42 1 97
1967 42 1 98
1968 42 1 99
1969 42 1 100
1970 42 1 101
1971 42 1 102
1972 42 1 103
1973 42 1 104
1974 42 1 105
1975 42 1 106
1976 42 1 107
1977 42 1 108
1978 43 1 86
1979 43 1 87
1980 43 1 88
1981 43 1 89
1982 43 1 90
1983 43 1 91
1984 43 1 92
1985 43 1 93
1986 43 1 94
1987 43 1 95
1988 43 1 96
1989 43 1 97
1990 43 1 98
1991 43 1 99
1992 43 1 100
1993 43 1 101
1994 43 1 102
1995 43 1 103
1996 43 1 104
1997 43 1 105
1998 43 1 106
1999 43 1 107
2000 43 1 108
2001 43 1 109
2002 44 1 88
2003 44 1 89
2004 44 1 90
2005 44 1 91
2006 44 1 92
2007 44 1 93
2008 44 1 94
2009 44 1 95
2010 44 1 96
2011 44 1 97
2012 44 1 98
2013 44 1 99
2014 44 1 100
2015 44 1 101
2016 44 1 102
2017 44 1 103
2018 44 1 104
2019 44 1 105
2020 44 1 106
2021 44 1 107
2022 44 1 108
2023 44 1 109
2024 44 1 110
2025 45 1 90
2026 45 1 91
2027 45 1 92
2028 45 1 93
2029 45 1 94
2030 45 1 95
2031 45 1 96
2032 45 1 97
2033 45 1 98
2034 45 1 99
2035 45 1 100
2036 45 1 101
2037 45 1 102
2038 45 1 103
2039 45 1 104
2040 45 1 105
2041 45 1 106
2042 45 1 107
2043 45 1 108
2044 45 1 109
2045 45 1 110
2046 45 1 111
2047 46 1 92
2048 46 1 93
2049 46 1 94
2050 46 1 95
2051 46 1 96
2052 46 1 97
2053 46 1 98
2054 46 1 99
2055 46 1 100
2056 46 1 101
2057 46 1 102
2058 46 1 103
2059 46 1 104
2060 46 1 105
2061 46 1 106
2062 46 1 107
2063 46 1 108
2064 46 1 109
2065 46 1 110
2066 46 1 111
2067 46 1 112
2068 47 1 94
2069 47 1 95
2070 47 1 96
2071 47 1 97
2072 47 1 98
2073 47 1 99
2074 47 1 100
2075 47 1 101
2076 47 1 102
2077 47 1 103
2078 47 1 104
2079 47 1 105
2080 47 1 106
2081 47 1 107
2082 47 1 108
2083 47 1 109
2084 47 1 110
2085 47 1 111
2086 47 1 112
2087 47 1 113
2088 48 1 96
2089 48 1 97
2090 48 1 98
2091 48 1 99
2092 48 1 100
2093 48 1 101
2094 48 1 102
2095 48 1 103
2096 48 1 104
2097 48 1 105
2098 48 1 106
2099 48 1 107
2100 48 1 108
2101 48 1 109
2102 48 1 110
2103 48 1 111
2104 48 1 112
2105 48 1 113
2106 48 1 114
2107 49 1 98
2108 49 1 99
2109 49 1 100
2110 49 1 101
2111 49 1 102
2112 49 1 103
2113 49 1 104
2114 49 1 105
2115 49 1 106
2116 49 1 107
2117 49 1 108
2118 49 1 109
2119 49 1 110
2120 49 1 111
2121 49 1 112
2122 49 1 113
2123 49 1 114
2124 49 1 115
2125 50 1 100
2126 50 1 101
2127 50 1 102
2128 50 1 103
2129 50 1 104
2130 50 1 105
2131 50 1 106
2132 50 1 107
2133 50 1 108
2134 50 1 109
2135 50 1 110
2136 50 1 111
2137 50 1 112
2138 50 1 113
2139 50 1 114
2140 50 1 115
2141 50 1 116
2142 51 1 102
2143 51 1 103
2144 51 1 104
2145 51 1 105
2146 51 1 106
2147 51 1 107
2148 51 1 108
2149 51 1 109
2150 51 1 110
2151 51 1 111
2152 51 1 112
2153 51 1 113
2154 51 1 114
2155 51 1 115
2156 51 1 116
2157 51 1 117
2158 52 1 104
2159 52 1 105
2160 52 1 106
2161 52 1 107
2162 52 1 108
2163 52 1 109
2164 52 1 110
2165 52 1 111
2166 52 1 112
2167 52 1 113
2168 52 1 114
2169 52 1 115
2170 52 1 116
2171 52 1 117
2172 52 1 118
2173 53 1 106
2174 53 1 107
2175 53 1 108
2176 53 1 109
2177 53 1 110
2178 53 1 111
2179 53 1 112
2180 53 1 113
2181 53 1 114
2182 53 1 115
2183 53 1 116
2184 53 1 117
2185 53 1 118
2186 53 1 119
2187 54 1 108
2188 54 1 109
2189 54 1 110
2190 54 1 111
2191 54 1 112
2192 54 1 113
2193 54 1 114
2194 54 1 115
2195 54 1 116
2196 54 1 117
2197 54 1 118
2198 54 1 119
2199 54 1 120
2200 55 1 110
2201 55 1 111
2202 55 1 112
2203 55 1 113
2204 55 1 114
2205 55 1 115
2206 55 1 116
2207 55 1 117
2208 55 1 118
2209 55 1 119
2210 55 1 120
2211 55 1 121
2212 56 1 112
2213 56 1 113
2214 56 1 114
2215 56 1 115
2216 56 1 116
2217 56 1 117
2218 56 1 118
2219 56 1 119
2220 56 1 120
2221 56 1 121
2222 56 1 122
2223 57 1 114
2224 57 1 115
2225 57 1 116
2226 57 1 117
2227 57 1 118
2228 57 1 119
2229 57 1 120
2230 57 1 121
2231 57 1 122
2232 57 1 123
2233 58 1 116
2234 58 1 117
2235 58 1 118
2236 58 1 119
2237 58 1 120
2238 58 1 121
2239 58 1 122
2240 58 1 123
2241 58 1 124
2242 59 1 118
2243 59 1 119
2244 59 1 120
2245 59 1 121
2246 59 1 122
2247 59 1 123
2248 59 1 124
2249 59 1 125
2250 60 1 120
2251 60 1 121
2252 60 1 122
2253 60 1 123
2254 60 1 124
2255 60 1 125
2256 60 1 126
2257 61 1 122
2258 61 1 123
2259 61 1 124
2260 61 1 125
2261 61 1 126
2262 61 1 127
2263 62 1 124
2264 62 1 125
2265 62 1 126
2266 62 1 127
2267 62 1 128
2268 63 1 126
2269 63 1 127
2270 63 1 128
2271 63 1 129
2272 64 1 128
2273 64 1 129
2274 64 1 130
2275 65 1 130
2276 65 1 131
2277 66 1 132
2278 67 8 134
2279 66 4 133
2280 65 2 132
2281 64 1 131
2282 63 129 130
2283 62 193 129
2284 61 225 128
2285 60 241 127
2286 59 249 126
2287 58 253 125
2288 57 255 124
2289 56 256 123
2290 55 128 122
2291 54 64 121
2292 53 32 120
2293 52 16 119
2294 51 8 118
2295 50 4 117
2296 49 2 116
2297 48 1 115
2298 47 129 114
2299 46 193 113
2300 45 225 112
2301 44 241 111
2302 43 249 110
2303 42 253 109
2304 41 255 108
2305 40 256 107
2306 39 128 106
2307 38 64 105
2308 37 32 104
2309 36 16 103
2310 35 8 102
2311 34 4 101
2312 33 2 100
2313 32 1 99
2314 31 129 98
2315 30 193 97
2316 29 225 96
2317 28 241 95
2318 27 249 94
2319 26 253 93
2320 25 255 92
2321 24 256 91
2322 23 128 90
2323 22 64 89
2324 21 32 88
2325 20 16 87
2326 19 8 86
2327 18 4 85
2328 17 2 84
2329 16 1 83
2330 15 129 82
2331 14 193 81
2332 13 225 80
2333 12 241 79
2334 11 249 78
2335 10 253 77
2336 9 255 76
2337 8 256 75
2338 7 128 74
2339 6 64 73
2340 5 32 72
2341 68 8 136
2342 67 4 135
2343 66 2 134
2344 65 1 133
2345 64 129 132
2346 63 193 131
2347 62 225 130
2348 61 241 129
2349 60 249 128
2350 59 253 127
2351 58 255 126
2352 57 256 125
2353 56 128 124
2354 55 64 123
2355 54 32 122
2356 53 16 121
2357 52 8 120
2358 51 4 119
2359 50 2 118
2360 49 1 117
2361 48 129 116
2362 47 193 115
2363 46 225 114
2364 45 241 113
2365 44 249 112
2366 43 253 111
2367 42 255 110
2368 41 256 109
2369 40 128 108
2370 39 64 107
2371 38 32 106
2372 37 16 105
2373 36 8 104
2374 35 4 103
2375 34 2 102
2376 33 1 101
2377 32 129 100
2378 31 193 99
2379 30 225 98
2380 29 241 97
2381 28 249 96
2382 27 253 95
2383 26 255 94
2384 25 256 93
2385 24 128 92
2386 23 64 91
2387 22 32 90
2388 21 16 89
2389 20 8 88
2390 19 4 87
2391 18 2 86
2392 17 1 85
2393 16 129 84
2394 15 193 83
2395 14 225 82
2396 13 241 81
2397 12 249 80
2398 11 253 79
2399 10 255 78
2400 9 256 77
2401 8 128 76
2402 7 64 75
2403 69 8 138
2404 68 4 137
2405 67 2 136
2406 66 1 135
2407 65 129 134
2408 64 193 133
2409 63 225 132
2410 62 241 131
2411 61 249 130
2412 60 253 129
2413 59 255 128
2414 58 256 127
2415 57 128 126
2416 56 64 125
2417 55 32 124
2418 54 16 123
2419 53 8 122
2420 52 4 121
2421 51 2 120
2422 50 1 119
2423 49 129 118
2424 48 193 117
2425 47 225 116
2426 46 241 115
2427 45 249 114
2428 44 253 113
2429 43 255 112
2430 42 256 111
2431 41 128 110
2432 40 64 109
2433 39 32 108
2434 38 16 107
2435 37 8 106
2436 36 4 105
2437 35 2 104
2438 34 1 103
2439 33 129 102
2440 32 193 101
2441 31 225 100
2442 30 241 99
2443 29 249 98
2444 28 253 97
2445 27 255 96
2446 26 256 95
2447 25 128 94
2448 24 64 93
2449 23 32 92
2450 22 16 91
2451 21 8 90
2452 20 4 89
2453 19 2 88
2454 18 1 87
2455 17 129 86
2456 16 193 85
2457 15 225 84
2458 14 241 83
2459 13 249 82
2460 12 253 81
2461 11 255 80
2462 10 256 79
2463 9 128 78
2464 70 8 140
2465 69 4 139
2466 68 2 138
2467 67 1 137
2468 66 129 136
2469 65 193 135
2470 64 225 134
2471 63 241 133
2472 62 249 132
2473 61 253 131
2474 60 255 130
2475 59 256 129
2476 58 128 128
2477 57 64 127
2478 56 32 126
2479 55 16 125
2480 54 8 124
2481 53 4 123
2482 52 2 122
2483 51 1 121
2484 50 129 120
2485 49 193 119
2486 48 225 118
2487 47 241 117
2488 46 249 116
2489 45 253 115
2490 44 255 114
2491 43 256 113
2492 42 128 112
2493 41 64 111
2494 40 32 110
2495 39 16 109
2496 38 8 108
2497 37 4 107
2498 36 2 106
2499 35 1 105
2500 34 129 104
2501 33 193 103
2502 32 225 102
2503 31 241 101
2504 30 249 100
2505 29 253 99
2506 28 255 98
2507 27 256 97
2508 26 128 96
2509 25 64 95
2510 24 32 94
2511 23 16 93
2512 22 8 92
2513 21 4 91
2514 20 2 90
2515 19 1 89
2516 18 129 88
2517 17 193 87
2518 16 225 86
2519 15 241 85
2520 14 249 84
2521 13 253 83
2522 12 255 82
2523 11 256 81
2524 71 8 142
2525 70 4 141
2526 69 2 140
2527 68 1 139
2528 67 129 138
2529 66 193 137
2530 65 225 136
2531 64 241 135
2532 63 249 134
2533 62 253 133
2534 61 255 132
2535 60 256 131
2536 59 128 130
2537 58 64 129
2538 57 32 128
2539 56 16 127
2540 55 8 126
2541 54 4 125
2542 53 2 124
2543 52 1 123
2544 51 129 122
2545 50 193 121
2546 49 225 120
2547 48 241 119
2548 47 249 118
2549 46 253 117
2550 45 255 116
2551 44 256 115
2552 43 128 114
2553 42 64 113
2554 41 32 112
2555 40 16 111
2556 39 8 110
2557 38 4 109
2558 37 2 108
2559 36 1 107
2560 35 129 106
2561 34 193 105
2562 33 225 104
2563 32 241 103
2564 31 249 102
2565 30 253 101
2566 29 255 100
2567 28 256 99
2568 27 128 98
2569 26 64 97
2570 25 32 96
2571 24 16 95
2572 23 8 94
2573 22 4 93
2574 21 2 92
2575 20 1 91
2576 19 129 90
2577 18 193 89
2578 17 225 88
2579 16 241 87
2580 15 249 86
2581 14 253 85
2582 13 255 84
2583 72 8 144
2584 71 4 143
2585 70 2 142
2586 69 1 141
2587 68 129 140
2588 67 193 139
2589 66 225 138
2590 65 241 137
2591 64 249 136
2592 63 253 135
2593 62 255 134
2594 61 256 133
2595 60 128 132
2596 59 64 131
2597 58 32 130
2598 57 16 129
2599 56 8 128
2600 55 4 127
2601 54 2 126
2602 53 1 125
2603 52 129 124
2604 51 193 123
2605 50 225 122
2606 49 241 121
2607 48 249 120
2608 47 253 119
2609 46 255 118
2610 45 256 117
2611 44 128 116
2612 43 64 115
2613 42 32 114
2614 41 16 113
2615 40 8 112
2616 39 4 111
2617 38 2 110
2618 37 1 109
2619 36 129 108
2620 35 193 107
2621 34 225 106
2622 33 241 105
2623 32 249 104
2624 31 253 103
2625 30 255 102
2626 29 256 101
2627 28 128 100
2628 27 64 99
2629 26 32 98
2630 25 16 97
2631 24 8 96
2632 23 4 95
2633 22 2 94
2634 21 1 93
2635 20 129 92
2636 19 193 91
2637 18 225 90
2638 17 241 89
2639 16 249 88
2640 15 253 87
2641 73 8 146
2642 72 4 145
2643 71 2 144
2644 70 1 143
2645 69 129 142
2646 68 193 141
2647 67 225 140
2648 66 241 139
2649 65 249 138
2650 64 253 137
2651 63 255 136
2652 62 256 135
2653 61 128 134
2654 60 64 133
2655 59 32 132
2656 58 16 131
2657 57 8 130
2658 56 4 129
2659 55 2 128
2660 54 1 127
2661 53 129 126
2662 52 193 125
2663 51 225 124
2664 50 241 123
2665 49 249 122
2666 48 253 121
2667 47 255 120
2668 46 256 119
2669 45 128 118
2670 44 64 117
2671 43 32 116
2672 42 16 115
2673 41 8 114
2674 40 4 113
2675 39 2 112
2676 38 1 111
2677 37 129 110
2678 36 193 109
2679 35 225 108
2680 34 241 107
2681 33 249 106
2682 32 253 105
2683 31 255 104
2684 30 256 103
2685 29 128 102
2686 28 64 101
2687 27 32 100
2688 26 16 99
2689 25 8 98
2690 24 4 97
2691 23 2 96
2692 22 1 95
2693 21 129 94
2694 20 193 93
2695 19 225 92
2696 18 241 91
2697 17 249 90
2698 74 8 148
2699 73 4 147
2700 72 2 146
2701 71 1 145
2702 70 129 144
2703 69 193 143
2704 68 225 142
2705 67 241 141
2706 66 249 140
2707 65 253 139
2708 64 255 138
2709 63 256 137
2710 62 128 136
2711 61 64 135
2712 60 32 134
2713 59 16 133
2714 58 8 132
2715 57 4 131
2716 56 2 130
2717 55 1 129
2718 54 129 128
2719 53 193 127
2720 52 225 126
2721 51 241 125
2722 50 249 124
2723 49 253 123
2724 48 255 122
2725 47 256 121
2726 46 128 120
2727 45 64 119
2728 44 32 118
2729 43 16 117
2730 42 8 116
2731 41 4 115
2732 40 2 114
2733 39 1 113
2734 38 129 112
2735 37 193 111
2736 36 225 110
2737 35 241 109
2738 34 249 108
2739 33 253 107
2740 32 255 106
2741 31 256 105
2742 30 128 104
2743 29 64 103
2744 28 32 102
2745 27 16 101
2746 26 8 100
2747 25 4 99
2748 24 2 98
2749 23 1 97
2750 22 129 96
2751 21 193 95
2752 20 225 94
2753 19 241 93
2754 75 8 150
2755 74 4 149
2756 73 2 148
2757 72 1 147
2758 71 129 146
2759 70 193 145
2760 69 225 144
2761 68 241 143
2762 67 249 142
2763 66 253 141
2764 65 255 140
2765 64 256 139
2766 63 128 138
2767 62 64 137
2768 61 32 136
2769 60 16 135
2770 59 8 134
2771 58 4 133
2772 57 2 132
2773 56 1 131
2774 55 129 130
2775 54 193 129
2776 53 225 128
2777 52 241 127
2778 51 249 126
2779 50 253 125
2780 49 255 124
2781 48 256 123
2782 47 128 122
2783 46 64 121
2784 45 32 120
2785 44 16 119
2786 43 8 118
2787 42 4 117
2788 41 2 116
2789 40 1 115
2790 39 129 114
2791 38 193 113
2792 37 225 112
2793 36 241 111
2794 35 249 110
2795 34 253 109
2796 33 255 108
2797 32 256 107
2798 31 128 106
2799 30 64 105
2800 29 32 104
2801 28 16 103
2802 27 8 102
2803 26 4 101
2804 25 2 100
2805 24 1 99
2806 23 129 98
2807 22 193 97
2808 21 225 96
2809 76 8 152
2810 75 4 151
2811 74 2 150
2812 73 1 149
2813 72 129 148
2814 71 193 147
2815 70 225 146
2816 69 241 145
2817 68 249 144
2818 67 253 143
2819 66 255 142
2820 65 256 141
2821 64 128 140
2822 63 64 139
2823 62 32 138
2824 61 16 137
2825 60 8 136
2826 59 4 135
2827 58 2 134
2828 57 1 133
2829 56 129 132
2830 55 193 131
2831 54 225 130
2832 53 241 129
2833 52 249 128
2834 51 253 127
2835 50 255 126
2836 49 256 125
2837 48 128 124
2838 47 64 123
2839 46 32 122
2840 45 16 121
2841 44 8 120
2842 43 4 119
2843 42 2 118
2844 41 1 117
2845 40 129 116
2846 39 193 115
2847 38 225 114
2848 37 241 113
2849 36 249 112
2850 35 253 111
2851 34 255 110
2852 33 256 109
2853 32 128 108
2854 31 64 107
2855 30 32 106
2856 29 16 105
2857 28 8 104
2858 27 4 103
2859 26 2 102
2860 25 1 101
2861 24 129 100
2862 23 193 99
2863 77 8 154
2864 76 4 153
2865 75 2 152
2866 74 1 151
2867 73 129 150
2868 72 193 149
2869 71 225 148
2870 70 241 147
2871 69 249 146
2872 68 253 145
2873 67 255 144
2874 66 256 143
2875 65 128 142
2876 64 64 141
2877 63 32 140
2878 62 16 139
2879 61 8 138
2880 60 4 137
2881 59 2 136
2882 58 1 135
2883 57 129 134
2884 56 193 133
2885 55 225 132
2886 54 241 131
2887 53 249 130
2888 52 253 129
2889 51 255 128
2890 50 256 127
2891 49 128 126
2892 48 64 125
2893 47 32 124
2894 46 16 123
2895 45 8 122
2896 44 4 121
2897 43 2 120
2898 42 1 119
2899 41 129 118
2900 40 193 117
2901 39 225 116
2902 38 241 115
2903 37 249 114
2904 36 253 113
2905 35 255 112
2906 34 256 111
2907 33 128 110
2908 32 64 109
2909 31 32 108
2910 30 16 107
2911 29 8 106
2912 28 4 105
2913 27 2 104
2914 26 1 103
2915 25 129 102
2916 78 8 156
2917 77 4 155
2918 76 2 154
2919 75 1 153
2920 74 129 152
2921 73 193 151
2922 72 225 150
2923 71 241 149
2924 70 249 148
2925 69 253 147
2926 68 255 146
2927 67 256 145
2928 66 128 144
2929 65 64 143
2930 64 32 142
2931 63 16 141
2932 62 8 140
2933 61 4 139
2934 60 2 138
2935 59 1 137
2936 58 129 136
2937 57 193 135
2938 56 225 134
2939 55 241 133
2940 54 249 132
2941 53 253 131
2942 52 255 130
2943 51 256 129
2944 50 128 128
2945 49 64 127
2946 48 32 126
2947 47 16 125
2948 46 8 124
2949 45 4 123
2950 44 2 122
2951 43 1 121
2952 42 129 120
2953 41 193 119
2954 40 225 118
2955 39 241 117
2956 38 249 116
2957 37 253 115
2958 36 255 114
2959 35 256 113
2960 34 128 112
2961 33 64 111
2962 32 32 110
2963 31 16 109
2964 30 8 108
2965 29 4 107
2966 28 2 106
2967 27 1 105
2968 79 8 158
2969 78 4 157
2970 77 2 156
2971 76 1 155
2972 75 129 154
2973 74 193 153
2974 73 225 152
2975 72 241 151
2976 71 249 150
2977 70 253 149
2978 69 255 148
2979 68 256 147
2980 67 128 146
2981 66 64 145
2982 65 32 144
2983 64 16 143
2984 63 8 142
2985 62 4 141
2986 61 2 140
2987 60 1 139
2988 59 129 138
2989 58 193 137
2990 57 225 136
2991 56 241 135
2992 55 249 134
2993 54 253 133
2994 53 255 132
2995 52 256 131
2996 51 128 130
2997 50 64 129
2998 49 32 128
2999 48 16 127
3000 47 8 126
3001 46 4 125
3002 45 2 124
3003 44 1 123
3004 43 129 122
3005 42 193 121
3006 41 225 120
3007 40 241 119
3008 39 249 118
3009 38 253 117
3010 37 255 116
3011 36 256 115
3012 35 128 114
3013 34 64 113
3014 33 32 112
3015 32 16 111
3016 31 8 110
3017 30 4 109
3018 29 2 108
3019 80 8 160
3020 79 4 159
3021 78 2 158
3022 77 1 157
3023 76 129 156
3024 75 193 155
3025 74 225 154
3026 73 241 153
3027 72 249 152
3028 71 253 151
3029 70 255 150
3030 69 256 149
3031 68 128 148
3032 67 64 147
3033 66 32 146
3034 65 16 145
3035 64 8 144
3036 63 4 143
3037 62 2 142
3038 61 1 141
3039 60 129 140
3040 59 193 139
3041 58 225 138
3042 57 241 137
3043 56 249 136
3044 55 253 135
3045 54 255 134
3046 53 256 133
3047 52 128 132
3048 51 64 131
3049 50 32 130
3050 49 16 129
3051 48 8 128
3052 47 4 127
3053 46 2 126
3054 45 1 125
3055 44 129 124
3056 43 193 123
3057 42 225 122
3058 41 241 121
3059 40 249 120
3060 39 253 119
3061 38 255 118
3062 37 256 117
3063 36 128 116
3064 35 64 115
3065 34 32 114
3066 33 16 113
3067 32 8 112
3068 31 4 111
3069 81 8 162
3070 80 4 161
3071 79 2 160
3072 78 1 159
3073 77 129 158
3074 76 193 157
3075 75 225 156
3076 74 241 155
3077 73 249 154
3078 72 253 153
3079 71 255 152
3080 70 256 151
3081 69 128 150
3082 68 64 149
3083 67 32 148
3084 66 16 147
3085 65 8 146
3086 64 4 145
3087 63 2 144
3088 62 1 143
3089 61 129 142
3090 60 193 141
3091 59 225 140
3092 58 241 139
3093 57 249 138
3094 56 253 137
3095 55 255 136
3096 54 256 135
3097 53 128 134
3098 52 64 133
3099 51 32 132
3100 50 16 131
3101 49 8 130
3102 48 4 129
3103 47 2 128
3104 46 1 127
3105 45 129 126
3106 44 193 125
3107 43 225 124
3108 42 241 123
3109 41 249 122
3110 40 253 121
3111 39 255 120
3112 38 256 119
3113 37 128 118
3114 36 64 117
3115 35 32 116
3116 34 16 115
3117 33 8 114
3118 82 8 164
3119 81 4 163
3120 80 2 162
3121 79 1 161
3122 78 129 160
3123 77 193 159
3124 76 225 158
3125 75 241 157
3126 74 249 156
3127 73 253 155
3128 72 255 154
3129 71 256 153
3130 70 128 152
3131 69 64 151
3132 68 32 150
3133 67 16 149
3134 66 8 148
3135 65 4 147
3136 64 2 146
3137 63 1 145
3138 62 129 144
3139 61 193 143
3140 60 225 142
3141 59 241 141
3142 58 249 140
3143 57 253 139
3144 56 255 138
3145 55 256 137
3146 54 128 136
3147 53 64 135
3148 52 32 134
3149 51 16 133
3150 50 8 132
3151 49 4 131
3152 48 2 130
3153 47 1 129
3154 46 129 128
3155 45 193 127
3156 44 225 126
3157 43 241 125
3158 42 249 124
3159 41 253 123
3160 40 255 122
3161 39 256 121
3162 38 128 120
3163 37 64 119
3164 36 32 118
3165 35 16 117
3166 83 8 166
3167 82 4 165
3168 81 2 164
3169 80 1 163
3170 79 129 162
3171 78 193 161
3172 77 225 160
3173 76 241 159
3174 75 249 158
3175 74 253 157
3176 73 255 156
3177 72 256 155
3178 71 128 154
3179 70 64 153
3180 69 32 152
3181 68 16 151
3182 67 8 150
3183 66 4 149
3184 65 2 148
3185 64 1 147
3186 63 129 146
3187 62 193 145
3188 61 225 144
3189 60 241 143
3190 59 249 142
3191 58 253 141
3192 57 255 140
3193 56 256 139
3194 55 128 138
3195 54 64 137
3196 53 32 136
3197 52 16 135
3198 51 8 134
3199 50 4 133
3200 49 2 132
3201 48 1 131
3202 47 129 130
3203 46 193 129
3204 45 225 128
3205 44 241 127
3206 43 249 126
3207 42 253 125
3208 41 255 124
3209 40 256 123
3210 39 128 122
3211 38 64 121
3212 37 32 120
3213 84 8 168
3214 83 4 167
3215 82 2 166
3216 81 1 165
3217 80 129 164
3218 79 193 163
3219 78 225 162
3220 77 241 161
3221 76 249 160
3222 75 253 159
3223 74 255 158
3224 73 256 157
3225 72 128 156
3226 71 64 155
3227 70 32 154
3228 69 16 153
3229 68 8 152
3230 67 4 151
3231 66 2 150
3232 65 1 149
3233 64 129 148
3234 63 193 147
3235 62 225 146
3236 61 241 145
3237 60 249 144
3238 59 253 143
3239 58 255 142
3240 57 256 141
3241 56 128 140
3242 55 64 139
3243 54 32 138
3244 53 16 137
3245 52 8 136
3246 51 4 135
3247 50 2 134
3248 49 1 133
3249 48 129 132
3250 47 193 131
3251 46 225 130
3252 45 241 129
3253 44 249 128
3254 43 253 127
3255 42 255 126
3256 41 256 125
3257 40 128 124
3258 39 64 123
3259 85 8 170
3260 84 4 169
3261 83 2 168
3262 82 1 167
3263 81 129 166
3264 80 193 165
3265 79 225 164
3266 78 241 163
3267 77 249 162
3268 76 253 161
3269 75 255 160
3270 74 256 159
3271 73 128 158
3272 72 64 157
3273 71 32 156
3274 70 16 155
3275 69 8 154
3276 68 4 153
3277 67 2 152
3278 66 1 151
3279 65 129 150
3280 64 193 149
3281 63 225 148
3282 62 241 147
3283 61 249 146
3284 60 253 145
3285 59 255 144
3286 58 256 143
3287 57 128 142
3288 56 64 141
3289 55 32 140
3290 54 16 139
3291 53 8 138
3292 52 4 137
3293 51 2 136
3294 50 1 135
3295 49 129 134
3296 48 193 133
3297 47 225 132
3298 46 241 131
3299 45 249 130
3300 44 253 129
3301 43 255 128
3302 42 256 127
3303 41 128 126
3304 86 8 172
3305 85 4 171
3306 84 2 170
3307 83 1 169
3308 82 129 168
3309 81 193 167
3310 80 225 166
3311 79 241 165
3312 78 249 164
3313 77 253 163
3314 76 255 162
3315 75 256 161
3316 74 128 160
3317 73 64 159
3318 72 32 158
3319 71 16 157
3320 70 8 156
3321 69 4 155
3322 68 2 154
3323 67 1 153
3324 66 129 152
3325 65 193 151
3326 64 225 150
3327 63 241 149
3328 62 249 148
3329 61 253 147
3330 60 255 146
3331 59 256 145
3332 58 128 144
3333 57 64 143
3334 56 32 142
3335 55 16 141
3336 54 8 140
3337 53 4 139
3338 52 2 138
3339 51 1 137
3340 50 129 136
3341 49 193 135
3342 48 225 134
3343 47 241 133
3344 46 249 132
3345 45 253 131
3346 44 255 130
3347 43 256 129
3348 87 8 174
3349 86 4 173
3350 85 2 172
3351 84 1 171
3352 83 129 170
3353 82 193 169
3354 81 225 168
3355 80 241 167
3356 79 249 166
3357 78 253 165
3358 77 255 164
3359 76 256 163
3360 75 128 162
3361 74 64 161
3362 73 32 160
3363 72 16 159
3364 71 8 158
3365 70 4 157
3366 69 2 156
3367 68 1 155
3368 67 129 154
3369 66 193 153
3370 65 225 152
3371 64 241 151
3372 63 249 150
3373 62 253 149
3374 61 255 148
3375 60 256 147
3376 59 128 146
3377 58 64 145
3378 57 32 144
3379 56 16 143
3380 55 8 142
3381 54 4 141
3382 53 2 140
3383 52 1 139
3384 51 129 138
3385 50 193 137
3386 49 225 136
3387 48 241 135
3388 47 249 134
3389 46 253 133
3390 45 255 132
3391 88 8 176
3392 87 4 175
3393 86 2 174
3394 85 1 173
3395 84 129 172
3396 83 193 171
3397 82 225 170
3398 81 241 169
3399 80 249 168
3400 79 253 167
3401 78 255 166
3402 77 256 165
3403 76 128 164
3404 75 64 163
3405 74 32 162
3406 73 16 161
3407 72 8 160
3408 71 4 159
3409 70 2 158
3410 69 1 157
3411 68 129 156
3412 67 193 155
3413 66 225 154
3414 65 241 153
3415 64 249 152
3416 63 253 151
3417 62 255 150
3418 61 256 149
3419 60 128 148
3420 59 64 147
3421 58 32 146
3422 57 16 145
3423 56 8 144
3424 55 4 143
3425 54 2 142
3426 53 1 141
3427 52 129 140
3428 51 193 139
3429 50 225 138
3430 49 241 137
3431 48 249 136
3432 47 253 135
3433 89 8 178
3434 88 4 177
3435 87 2 176
3436 86 1 175
3437 85 129 174
3438 84 193 173
3439 83 225 172
3440 82 241 171
3441 81 249 170
3442 80 253 169
3443 79 255 168
3444 78 256 167
3445 77 128 166
3446 76 64 165
3447 75 32 164
3448 74 16 163
3449 73 8 162
3450 72 4 161
3451 71 2 160
3452 70 1 159
3453 69 129 158
3454 68 193 157
3455 67 225 156
3456 66 241 155
3457 65 249 154
3458 64 253 153
3459 63 255 152
3460 62 256 151
3461 61 128 150
3462 60 64 149
3463 59 32 148
3464 58 16 147
3465 57 8 146
3466 56 4 145
3467 55 2 144
3468 54 1 143
3469 53 129 142
3470 52 193 141
3471 51 225 140
3472 50 241 139
3473 49 249 138
3474 90 8 180
3475 89 4 179
3476 88 2 178
3477 87 1 177
3478 86 129 176
3479 85 193 175
3480 84 225 174
3481 83 241 173
3482 82 249 172
3483 81 253 171
3484 80 255 170
3485 79 256 169
3486 78 128 168
3487 77 64 167
3488 76 32 166
3489 75 16 165
3490 74 8 164
3491 73 4 163
3492 72 2 162
3493 71 1 161
3494 70 129 160
3495 69 193 159
3496 68 225 158
3497 67 241 157
3498 66 249 156
3499 65 253 155
3500 64 255 154
3501 63 256 153
3502 62 128 152
3503 61 64 151
3504 60 32 150
3505 59 16 149
3506 58 8 148
3507 57 4 147
3508 56 2 146
3509 55 1 145
3510 54 129 144
3511 53 193 143
3512 52 225 142
3513 51 241 141
3514 91 8 182
3515 90 4 181
3516 89 2 180
3517 88 1 179
3518 87 129 178
3519 86 193 177
3520 85 225 176
3521 84 241 175
3522 83 249 174
3523 82 253 173
3524 81 255 172
3525 80 256 171
3526 79 128 170
3527 78 64 169
3528 77 32 168
3529 76 16 167
3530 75 8 166
3531 74 4 165
3532 73 2 164
3533 72 1 163
3534 71 129 162
3535 70 193 161
3536 69 225 160
3537 68 241 159
3538 67 249 158
3539 66 253 157
3540 65 255 156
3541 64 256 155
3542 63 128 154
3543 62 64 153
3544 61 32 152
3545 60 16 151
3546 59 8 150
3547 58 4 149
3548 57 2 148
3549 56 1 147
3550 55 129 146
3551 54 193 145
3552 53 225 144
3553 92 8 184
3554 91 4 183
3555 90 2 182
3556 89 1 181
3557 88 129 180
3558 87 193 179
3559 86 225 178
3560 85 241 177
3561 84 249 176
3562 83 253 175
3563 82 255 174
3564 81 256 173
3565 80 128 172
3566 79 64 171
3567 78 32 170
3568 77 16 169
3569 76 8 168
3570 75 4 167
3571 74 2 166
3572 73 1 165
3573 72 129 164
3574 71 193 163
3575 70 225 162
3576 69 241 161
3577 68 249 160
3578 67 253 159
3579 66 255 158
3580 65 256 157
3581 64 128 156
3582 63 64 155
3583 62 32 154
3584 61 16 153
3585 60 8 152
3586 59 4 151
3587 58 2 150
3588 57 1 149
3589 56 129 148
3590 55 193 147
3591 93 8 186
3592 92 4 185
3593 91 2 184
3594 90 1 183
3595 89 129 182
3596 88 193 181
3597 87 225 180
3598 86 241 179
3599 85 249 178
3600 84 253 177
3601 83 255 176
3602 82 256 175
3603 81 128 174
3604 80 64 173
3605 79 32 172
3606 78 16 171
3607 77 8 170
3608 76 4 169
3609 75 2 168
3610 74 1 167
3611 73 129 166
3612 72 193 165
3613 71 225 164
3614 70 241 163
3615 69 249 162
3616 68 253 161
3617 67 255 160
3618 66 256 159
3619 65 128 158
3620 64 64 157
3621 63 32 156
3622 62 16 155
3623 61 8 154
3624 60 4 153
3625 59 2 152
3626 58 1 151
3627 57 129 150
3628 94 8 188
3629 93 4 187
3630 92 2 186
3631 91 1 185
3632 90 129 184
3633 89 193 183
3634 88 225 182
3635 87 241 181
3636 86 249 180
3637 85 253 179
3638 84 255 178
3639 83 256 177
3640 82 128 176
3641 81 64 175
3642 80 32 174
3643 79 16 173
3644 78 8 172
3645 77 4 171
3646 76 2 170
3647 75 1 169
3648 74 129 168
3649 73 193 167
3650 72 225 166
3651 71 241 165
3652 70 249 164
3653 69 253 163
3654 68 255 162
3655 67 256 161
3656 66 128 160
3657 65 64 159
3658 64 32 158
3659 63 16 157
3660 62 8 156
3661 61 4 155
3662 60 2 154
3663 59 1 153
3664 95 8 190
3665 94 4 189
3666 93 2 188
3667 92 1 187
3668 91 129 186
3669 90 193 185
3670 89 225 184
3671 88 241 183
3672 87 249 182
3673 86 253 181
3674 85 255 180
3675 84 256 179
3676 83 128 178
3677 82 64 177
3678 81 32 176
3679 80 16 175
3680 79 8 174
3681 78 4 173
3682 77 2 172
3683 76 1 171
3684 75 129 170
3685 74 193 169
3686 73 225 168
3687 72 241 167
3688 71 249 166
3689 70 253 165
3690 69 255 164
3691 68 256 163
3692 67 128 162
3693 66 64 161
3694 65 32 160
3695 64 16 159
3696 63 8 158
3697 62 4 157
3698 61 2 156
3699 96 8 192
3700 95 4 191
3701 94 2 190
3702 93 1 189
3703 92 129 188
3704 91 193 187
3705 90 225 186
3706 89 241 185
3707 88 249 184
3708 87 253 183
3709 86 255 182
3710 85 256 181
3711 84 128 180
3712 83 64 179
3713 82 32 178
3714 81 16 177
3715 80 8 176
3716 79 4 175
3717 78 2 174
3718 77 1 173
3719 76 129 172
3720 75 193 171
3721 74 225 170
3722 73 241 169
3723 72 249 168
3724 71 253 167
3725 70 255 166
3726 69 256 165
3727 68 128 164
3728 67 64 163
3729 66 32 162
3730 65 16 161
3731 64 8 160
3732 63 4 159
3733 97 8 194
3734 96 4 193
3735 95 2 192
3736 94 1 191
3737 93 129 190
3738 92 193 189
3739 91 225 188
3740 90 241 187
3741 89 249 186
3742 88 253 185
3743 87 255 184
3744 86 256 183
3745 85 128 182
3746 84 64 181
3747 83 32 180
3748 82 16 179
3749 81 8 178
3750 80 4 177
3751 79 2 176
3752 78 1 175
3753 77 129 174
3754 76 193 173
3755 75 225 172
3756 74 241 171
3757 73 249 170
3758 72 253 169
3759 71 255 168
3760 70 256 167
3761 69 128 166
3762 68 64 165
3763 67 32 164
3764 66 16 163
3765 65 8 162
3766 98 8 196
3767 97 4 195
3768 96 2 194
3769 95 1 193
3770 94 129 192
3771 93 193 191
3772 92 225 190
3773 91 241 189
3774 90 249 188
3775 89 253 187
3776 88 255 186
3777 87 256 185
3778 86 128 184
3779 85 64 183
3780 84 32 182
3781 83 16 181
3782 82 8 180
3783 81 4 179
3784 80 2 178
3785 79 1 177
3786 78 129 176
3787 77 193 175
3788 76 225 174
3789 75 241 173
3790 74 249 172
3791 73 253 171
3792 72 255 170
3793 71 256 169
3794 70 128 168
3795 69 64 167
3796 68 32 166
3797 67 16 165
3798 99 8 198
3799 98 4 197
3800 97 2 196
3801 96 1 195
3802 95 129 194
3803 94 193 193
3804 93 225 192
3805 92 241 191
3806 91 249 190
3807 90 253 189
3808 89 255 188
3809 88 256 187
3810 87 128 186
3811 86 64 185
3812 85 32 184
3813 84 16 183
3814 83 8 182
3815 82 4 181
3816 81 2 180
3817 80 1 179
3818 79 129 178
3819 78 193 177
3820 77 225 176
3821 76 241 175
3822 75 249 174
3823 74 253 173
3824 73 255 172
3825 72 256 171
3826 71 128 170
3827 70 64 169
3828 69 32 168
3829 100 8 200
3830 99 4 199
3831 98 2 198
3832 97 1 197
3833 96 129 196
3834 95 193 195
3835 94 225 194
3836 93 241 193
3837 92 249 192
3838 91 253 191
3839 90 255 190
3840 89 256 189
3841 88 128 188
3842 87 64 187
3843 86 32 186
3844 85 16 185
3845 84 8 184
3846 83 4 183
3847 82 2 182
3848 81 1 181
3849 80 129 180
3850 79 193 179
3851 78 225 178
3852 77 241 177
3853 76 249 176
3854 75 253 175
3855 74 255 174
3856 73 256 173
3857 72 128 172
3858 71 64 171
3859 101 8 202
3860 100 4 201
3861 99 2 200
3862 98 1 199
3863 97 129 198
3864 96 193 197
3865 95 225 196
3866 94 241 195
3867 93 249 194
3868 92 253 193
3869 91 255 192
3870 90 256 191
3871 89 128 190
3872 88 64 189
3873 87 32 188
3874 86 16 187
3875 85 8 186
3876 84 4 185
3877 83 2 184
3878 82 1 183
3879 81 129 182
3880 80 193 181
3881 79 225 180
3882 78 241 179
3883 77 249 178
3884 76 253 177
3885 75 255 176
3886 74 256 175
3887 73 128 174
3888 102 8 204
3889 101 4 203
3890 100 2 202
3891 99 1 201
3892 98 129 200
3893 97 193 199
3894 96 225 198
3895 95 241 197
3896 94 249 196
3897 93 253 195
3898 92 255 194
3899 91 256 193
3900 90 128 192
3901 89 64 191
3902 88 32 190
3903 87 16 189
3904 86 8 188
3905 85 4 187
3906 84 2 186
3907 83 1 185
3908 82 129 184
3909 81 193 183
3910 80 225 182
3911 79 241 181
3912 78 249 180
3913 77 253 179
3914 76 255 178
3915 75 256 177
3916 103 8 206
3917 102 4 205
3918 101 2 204
3919 100 1 203
3920 99 129 202
3921 98 193 201
3922 97 225 200
3923 96 241 199
3924 95 249 198
3925 94 253 197
3926 93 255 196
3927 92 256 195
3928 91 128 194
3929 90 64 193
3930 89 32 192
3931 88 16 191
3932 87 8 190
3933 86 4 189
3934 85 2 188
3935 84 1 187
3936 83 129 186
3937 82 193 185
3938 81 225 184
3939 80 241 183
3940 79 249 182
3941 78 253 181
3942 77 255 180
3943 104 8 208
3944 103 4 207
3945 102 2 206
3946 101 1 205
3947 100 129 204
3948 99 193 203
3949 98 225 202
3950 97 241 201
3951 96 249 200
3952 95 253 199
3953 94 255 198
3954 93 256 197
3955 92 128 196
3956 91 64 195
3957 90 32 194
3958 89 16 193
3959 88 8 192
3960 87 4 191
3961 86 2 190
3962 85 1 189
3963 84 129 188
3964 83 193 187
3965 82 225 186
3966 81 241 185
3967 80 249 184
3968 79 253 183
3969 105 8 210
3970 104 4 209
3971 103 2 208
3972 102 1 207
3973 101 129 206
3974 100 193 205
3975 99 225 204
3976 98 241 203
3977 97 249 202
3978 96 253 201
3979 95 255 200
3980 94 256 199
3981 93 128 198
3982 92 64 197
3983 91 32 196
3984 90 16 195
3985 89 8 194
3986 88 4 193
3987 87 2 192
3988 86 1 191
3989 85 129 190
3990 84 193 189
3991 83 225 188
3992 82 241 187
3993 81 249 186
3994 106 8 212
3995 105 4 211
3996 104 2 210
3997 103 1 209
3998 102 129 208
3999 101 193 207
4000 100 225 206
4001 99 241 205
4002 98 249 204
4003 97 253 203
4004 96 255 202
4005 95 256 201
4006 94 128 200
4007 93 64 199
4008 92 32 198
4009 91 16 197
4010 90 8 196
4011 89 4 195
4012 88 2 194
4013 87 1 193
4014 86 129 192
4015 85 193 191
4016 84 225 190
4017 83 241 189
4018 107 8 214
4019 106 4 213
4020 105 2 212
4021 104 1 211
4022 103 129 210
4023 102 193 209
4024 101 225 208
4025 100 241 207
4026 99 249 206
4027 98 253 205
4028 97 255 204
4029 96 256 203
4030 95 128 202
4031 94 64 201
4032 93 32 200
4033 92 16 199
4034 91 8 198
4035 90 4 197
4036 89 2 196
4037 88 1 195
4038 87 129 194
4039 86 193 193
4040 85 225 192
4041 108 8 216
4042 107 4 215
4043 106 2 214
4044 105 1 213
4045 104 129 212
4046 103 193 211
4047 102 225 210
4048 101 241 209
4049 100 249 208
4050 99 253 207
4051 98 255 206
4052 97 256 205
4053 96 128 204
4054 95 64 203
4055 94 32 202
4056 93 16 201
4057 92 8 200
4058 91 4 199
4059 90 2 198
4060 89 1 197
4061 88 129 196
4062 87 193 195
4063 109 8 218
4064 108 4 217
4065 107 2 216
4066 106 1 215
4067 105 129 214
4068 104 193 213
4069 103 225 212
4070 102 241 211
4071 101 249 210
4072 100 253 209
4073 99 255 208
4074 98 256 207
4075 97 128 206
4076 96 64 205
4077 95 32 204
4078 94 16 203
4079 93 8 202
4080 92 4 201
4081 91 2 200
4082 90 1 199
4083 89 129 198
4084 110 8 220
4085 109 4 219
4086 108 2 218
4087 107 1 217
4088 106 129 216
4089 105 193 215
4090 104 225 214
4091 103 241 213
4092 102 249 212
4093 101 253 211
4094 100 255 210
4095 99 256 209
4096 98 128 208
4097 97 64 207
4098 96 32 206
4099 95 16 205
4100 94 8 204
4101 93 4 203
4102 92 2 202
4103 91 1 201
4104 111 8 222
4105 110 4 221
4106 109 2 220
4107 108 1 219
4108 107 129 218
4109 106 193 217
4110 105 225 216
4111 104 241 215
4112 103 249 214
4113 102 253 213
4114 101 255 212
4115 100 256 211
4116 99 128 210
4117 98 64 209
4118 97 32 208
4119 96 16 207
4120 95 8 206
4121 94 4 205
4122 93 2 204
4123 112 8 224
4124 111 4 223
4125 110 2 222
4126 109 1 221
4127 108 129 220
4128 107 193 219
4129 106 225 218
4130 105 241 217
4131 104 249 216
4132 103 253 215
4133 102 255 214
4134 101 256 213
4135 100 128 212
4136 99 64 211
4137 98 32 210
4138 97 16 209
4139 96 8 208
4140 95 4 207
4141 113 8 226
4142 112 4 225
4143 111 2 224
4144 110 1 223
4145 109 129 222
4146 108 193 221
4147 107 225 220
4148 106 241 219
4149 105 249 218
4150 104 253 217
4151 103 255 216
4152 102 256 215
4153 101 128 214
4154 100 64 213
4155 99 32 212
4156 98 16 211
4157 97 8 210
4158 114 8 228
4159 113 4 227
4160 112 2 226
4161 111 1 225
4162 110 129 224
4163 109 193 223
4164 108 225 222
4165 107 241 221
4166 106 249 220
4167 105 253 219
4168 104 255 218
4169 103 256 217
4170 102 128 216
4171 101 64 215
4172 100 32 214
4173 99 16 213
4174 115 8 230
4175 114 4 229
4176 113 2 228
4177 112 1 227
4178 111 129 226
4179 110 193 225
4180 109 225 224
4181 108 241 223
4182 107 249 222
4183 106 253 221
4184 105 255 220
4185 104 256 219
4186 103 128 218
4187 102 64 217
4188 101 32 216
4189 116 8 232
4190 115 4 231
4191 114 2 230
4192 113 1 229
4193 112 129 228
4194 111 193 227
4195 110 225 226
4196 109 241 225
4197 108 249 224
4198 107 253 223
4199 106 255 222
4200 105 256 221
4201 104 128 220
4202 103 64 219
4203 117 8 234
4204 116 4 233
4205 115 2 232
4206 114 1 231
4207 113 129 230
4208 112 193 229
4209 111 225 228
4210 110 241 227
4211 109 249 226
4212 108 253 225
4213 107 255 224
4214 106 256 223
4215 105 128 222
4216 118 8 236
4217 117 4 235
4218 116 2 234
4219 115 1 233
4220 114 129 232
4221 113 193 231
4222 112 225 230
4223 111 241 229
4224 110 249 228
4225 109 253 227
4226 108 255 226
4227 107 256 225
4228 119 8 238
4229 118 4 237
4230 117 2 236
4231 116 1 235
4232 115 129 234
4233 114 193 233
4234 113 225 232
4235 112 241 231
4236 111 249 230
4237 110 253 229
4238 109 255 228
4239 120 8 240
4240 119 4 239
4241 118 2 238
4242 117 1 237
4243 116 129 236
4244 115 193 235
4245 114 225 234
4246 113 241 233
4247 112 249 232
4248 111 253 231
4249 121 8 242
4250 120 4 241
4251 119 2 240
4252 118 1 239
4253 117 129 238
4254 116 193 237
4255 115 225 236
4256 114 241 235
4257 113 249 234
4258 122 8 244
4259 121 4 243
4260 120 2 242
4261 119 1 241
4262 118 129 240
4263 117 193 239
4264 116 225 238
4265 115 241 237
4266 123 8 246
4267 122 4 245
4268 121 2 244
4269 120 1 243
4270 119 129 242
4271 118 193 241
4272 117 225 240
4273 124 8 248
4274 123 4 247
4275 122 2 246
4276 121 1 245
4277 120 129 244
4278 119 193 243
4279 125 8 250
4280 124 4 249
4281 123 2 248
4282 122 1 247
4283 121 129 246
4284 126 8 252
4285 125 4 251
4286 124 2 250
4287 123 1 249
4288 127 8 254
4289 126 4 253
4290 125 2 252
4291 128 8 256
4292 127 4 255
4293 129 8 258
4294 0 1 67
4295 0 1 68
4296 0 1 69
4297 0 1 70
4298 0 1 71
4299 0 1 72
4300 0 1 73
4301 0 1 74
4302 0 1 75
4303 0 1 76
4304 0 1 77
4305 0 1 78
4306 0 1 79
4307 0 1 80
4308 0 1 81
4309 0 1 82
4310 0 1 83
4311 0 1 84
4312 0 1 85
4313 0 1 86
4314 0 1 87
4315 0 1 88
4316 0 1 89
4317 0 1 90
4318 0 1 91
4319 0 1 92
4320 0 1 93
4321 0 1 94
4322 0 1 95
4323 0 1 96
4324 0 1 97
4325 0 1 98
4326 0 1 99
4327 0 1 100
4328 0 1 101
4329 0 1 102
4330 0 1 103
4331 0 1 104
4332 0 1 105
4333 0 1 106
4334 0 1 107
4335 0 1 108
4336 0 1 109
4337 0 1 110
4338 0 1 111
4339 0 1 112
4340 0 1 113
4341 0 1 114
4342 0 1 115
4343 0 1 116
4344 0 1 117
4345 0 1 118
4346 0 1 119
4347 0 1 120
4348 0 1 121
4349 0 1 122
4350 0 1 123
4351 0 1 124
4352 1 1 68
4353 1 1 69
4354 1 1 70
4355 1 1 71
4356 1 1 72
4357 1 1 73
4358 1 1 74
4359 1 1 75
4360 1 1 76
4361 1 1 77
4362 1 1 78
4363 1 1 79
4364 1 1 80
4365 1 1 81
4366 1 1 82
4367 1 1 83
4368 1 1 84
4369 1 1 85
4370 1 1 86
4371 1 1 87
4372 1 1 88
4373 1 1 89
4374 1 1 90
4375 1 1 91
4376 1 1 92
4377 1 1 93
4378 1 1 94
4379 1 1 95
4380 1 1 96
4381 1 1 97
4382 1 1 98
4383 1 1 99
4384 1 1 100
4385 1 1 101
4386 1 1 102
4387 1 1 103
4388 1 1 104
4389 1 1 105
4390 1 1 106
4391 1 1 107
4392 1 1 108
4393 1 1 109
4394 1 1 110
4395 1 1 111
4396 1 1 112
4397 1 1 113
4398 1 1 114
4399 1 1 115
4400 1 1 116
4401 1 1 117
4402 1 1 118
4403 1 1 119
4404 1 1 120
4405 1 1 121
4406 1 1 122
4407 1 1 123
4408 1 1 124
4409 2 1 69
4410 2 1 70
4411 2 1 71
4412 2 1 72
4413 2 1 73
4414 2 1 74
4415 2 1 75
4416 2 1 76
4417 2 1 77
4418 2 1 78
4419 2 1 79
4420 2 1 80
4421 2 1 81
4422 2 1 82
4423 2 1 83
4424 2 1 84
4425 2 1 85
4426 2 1 86
4427 2 1 87
4428 2 1 88
4429 2 1 89
4430 2 1 90
4431 2 1 91
4432 2 1 92
4433 2 1 93
4434 2 1 94
4435 2 1 95
4436 2 1 96
4437 2 1 97
4438 2 1 98
4439 2 1 99
4440 2 1 100
4441 2 1 101
4442 2 1 102
4443 2 1 103
4444 2 1 104
4445 2 1 105
4446 2 1 106
4447 2 1 107
4448 2 1 108
4449 2 1 109
4450 2 1 110
4451 2 1 111
4452 2 1 112
4453 2 1 113
4454 2 1 114
4455 2 1 115
4456 2 1 116
4457 2 1 117
4458 2 1 118
4459 2 1 119
4460 2 1 120
4461 2 1 121
4462 2 1 122
4463 2 1 123
4464 2 1 124
4465 3 1 70
4466 3 1 71
4467 3 1 72
4468 3 1 73
4469 3 1 74
4470 3 1 75
4471 3 1 76
4472 3 1 77
4473 3 1 78
4474 3 1 79
4475 3 1 80
4476 3 1 81
4477 3 1 82
4478 3 1 83
4479 3 1 84
4480 3 1 85
4481 3 1 86
4482 3 1 87
4483 3 1 88
4484 3 1 89
4485 3 1 90
4486 3 1 91
4487 3 1 92
4488 3 1 93
4489 3 1 94
4490 3 1 95
4491 3 1 96
4492 3 1 97
4493 3 1 98
4494 3 1 99
4495 3 1 100
4496 3 1 101
4497 3 1 102
4498 3 1 103
4499 3 1 104
4500 3 1 105
4501 3 1 106
4502 3 1 107
4503 3 1 108
4504 3 1 109
4505 3 1 110
4506 3 1 111
4507 3 1 112
4508 3 1 113
4509 3 1 114
4510 3 1 115
4511 3 1 116
4512 3 1 117
4513 3 1 118
4514 3 1 119
4515 3 1 120
4516 3 1 121
4517 3 1 122
4518 3 1 123
4519 3 1 124
4520 4 1 71
4521 4 1 72
4522 4 1 73
4523 4 1 74
4524 4 1 75
4525 4 1 76
4526 4 1 77
4527 4 1 78
4528 4 1 79
4529 4 1 80
4530 4 1 81
4531 4 1 82
4532 4 1 83
4533 4 1 84
4534 4 1 85
4535 4 1 86
4536 4 1 87
4537 4 1 88
4538 4 1 89
4539 4 1 90
4540 4 1 91
4541 4 1 92
4542 4 1 93
4543 4 1 94
4544 4 1 95
4545 4 1 96
4546 4 1 97
4547 4 1 98
4548 4 1 99
4549 4 1 100
4550 4 1 101
4551 4 1 102
4552 4 1 103
4553 4 1 104
4554 4 1 105
4555 4 1 106
4556 4 1 107
4557 4 1 108
4558 4 1 109
4559 4 1 110
4560 4 1 111
4561 4 1 112
4562 4 1 113
4563 4 1 114
4564 4 1 115
4565 4 1 116
4566 4 1 117
4567 4 1 118
4568 4 1 119
4569 4 1 120
4570 4 1 121
4571 4 1 122
4572 4 1 123
4573 4 1 124
4574 5 1 73
4575 5 1 74
4576 6 255 74
4577 5 1 75
4578 5 1 76
4579 5 1 77
4580 5 1 78
4581 5 1 79
4582 5 1 80
4583 5 1 81
4584 5 1 82
4585 5 1 83
4586 5 1 84
4587 5 1 85
4588 5 1 86
4589 5 1 87
4590 5 1 88
4591 5 1 89
4592 5 1 90
4593 5 1 91
4594 5 1 92
4595 5 1 93
4596 5 1 94
4597 5 1 95
4598 5 1 96
4599 5 1 97
4600 5 1 98
4601 5 1 99
4602 5 1 100
4603 5 1 101
4604 5 1 102
4605 5 1 103
4606 5 1 104
4607 5 1 105
4608 5 1 106
4609 5 1 107
4610 5 1 108
4611 5 1 109
4612 5 1 110
4613 5 1 111
4614 5 1 112
4615 5 1 113
4616 5 1 114
4617 5 1 115
4618 5 1 116
4619 5 1 117
4620 5 1 118
4621 5 1 119
4622 5 1 120
4623 5 1 121
4624 5 1 122
4625 5 1 123
4626 5 1 124
4627 6 1 75
4628 6 1 76
4629 7 255 76
4630 6 1 77
4631 8 4 77
4632 6 1 78
4633 6 1 79
4634 6 1 80
4635 6 1 81
4636 6 1 82
4637 6 1 83
4638 6 1 84
4639 6 1 85
4640 6 1 86
4641 6 1 87
4642 6 1 88
4643 6 1 89
4644 6 1 90
4645 6 1 91
4646 6 1 92
4647 6 1 93
4648 6 1 94
4649 6 1 95
4650 6 1 96
4651 6 1 97
4652 6 1 98
4653 6 1 99
4654 6 1 100
4655 6 1 101
4656 6 1 102
4657 6 1 103
4658 6 1 104
4659 6 1 105
4660 6 1 106
4661 6 1 107
4662 6 1 108
4663 6 1 109
4664 6 1 110
4665 6 1 111
4666 6 1 112
4667 6 1 113
4668 6 1 114
4669 6 1 115
4670 6 1 116
4671 6 1 117
4672 6 1 118
4673 6 1 119
4674 6 1 120
4675 6 1 121
4676 6 1 122
4677 6 1 123
4678 6 1 124
4679 7 1 77
4680 7 1 78
4681 8 255 78
4682 7 1 79
4683 9 4 79
4684 7 1 80
4685 10 249 80
4686 7 1 81
4687 7 1 82
4688 7 1 83
4689 7 1 84
4690 7 1 85
4691 7 1 86
4692 7 1 87
4693 7 1 88
4694 7 1 89
4695 7 1 90
4696 7 1 91
4697 7 1 92
4698 7 1 93
4699 7 1 94
4700 7 1 95
4701 7 1 96
4702 7 1 97
4703 7 1 98
4704 7 1 99
4705 7 1 100
4706 7 1 101
4707 7 1 102
4708 7 1 103
4709 7 1 104
4710 7 1 105
4711 7 1 106
4712 7 1 107
4713 7 1 108
4714 7 1 109
4715 7 1 110
4716 7 1 111
4717 7 1 112
4718 7 1 113
4719 7 1 114
4720 7 1 115
4721 7 1 116
4722 7 1 117
4723 7 1 118
4724 7 1 119
4725 7 1 120
4726 7 1 121
4727 7 1 122
4728 7 1 123
4729 7 1 124
4730 8 1 79
4731 8 1 80
4732 9 255 80
4733 8 1 81
4734 10 4 81
4735 8 1 82
4736 11 249 82
4737 8 1 83
4738 12 16 83
4739 8 1 84
4740 8 1 85
4741 8 1 86
4742 8 1 87
4743 8 1 88
4744 8 1 89
4745 8 1 90
4746 8 1 91
4747 8 1 92
4748 8 1 93
4749 8 1 94
4750 8 1 95
4751 8 1 96
4752 8 1 97
4753 8 1 98
4754 8 1 99
4755 8 1 100
4756 8 1 101
4757 8 1 102
4758 8 1 103
4759 8 1 104
4760 8 1 105
4761 8 1 106
4762 8 1 107
4763 8 1 108
4764 8 1 109
4765 8 1 110
4766 8 1 111
4767 8 1 112
4768 8 1 113
4769 8 1 114
4770 8 1 115
4771 8 1 116
4772 8 1 117
4773 8 1 118
4774 8 1 119
4775 8 1 120
4776 8 1 121
4777 8 1 122
4778 8 1 123
4779 8 1 124
4780 9 1 81
4781 9 1 82
4782 10 255 82
4783 9 1 83
4784 11 4 83
4785 9 1 84
4786 12 249 84
4787 9 1 85
4788 13 16 85
4789 9 1 86
4790 14 225 86
4791 9 1 87
4792 9 1 88
4793 9 1 89
4794 9 1 90
4795 9 1 91
4796 9 1 92
4797 9 1 93
4798 9 1 94
4799 9 1 95
4800 9 1 96
4801 9 1 97
4802 9 1 98
4803 9 1 99
4804 9 1 100
4805 9 1 101
4806 9 1 102
4807 9 1 103
4808 9 1 104
4809 9 1 105
4810 9 1 106
4811 9 1 107
4812 9 1 108
4813 9 1 109
4814 9 1 110
4815 9 1 111
4816 9 1 112
4817 9 1 113
4818 9 1 114
4819 9 1 115
4820 9 1 116
4821 9 1 117
4822 9 1 118
4823 9 1 119
4824 9 1 120
4825 9 1 121
4826 9 1 122
4827 9 1 123
4828 9 1 124
4829 10 1 83
4830 10 1 84
4831 11 255 84
4832 10 1 85
4833 12 4 85
4834 10 1 86
4835 13 249 86
4836 10 1 87
4837 14 16 87
4838 10 1 88
4839 15 225 88
4840 10 1 89
4841 16 64 89
4842 10 1 90
4843 10 1 91
4844 10 1 92
4845 10 1 93
4846 10 1 94
4847 10 1 95
4848 10 1 96
4849 10 1 97
4850 10 1 98
4851 10 1 99
4852 10 1 100
4853 10 1 101
4854 10 1 102
4855 10 1 103
4856 10 1 104
4857 10 1 105
4858 10 1 106
4859 10 1 107
4860 10 1 108
4861 10 1 109
4862 10 1 110
4863 10 1 111
4864 10 1 112
4865 10 1 113
4866 10 1 114
4867 10 1 115
4868 10 1 116
4869 10 1 117
4870 10 1 118
4871 10 1 119
4872 10 1 120
4873 10 1 121
4874 10 1 122
4875 10 1 123
4876 10 1 124
4877 11 1 85
4878 11 1 86
4879 12 255 86
4880 11 1 87
4881 13 4 87
4882 11 1 88
4883 14 249 88
4884 11 1 89
4885 15 16 89
4886 11 1 90
4887 16 225 90
4888 11 1 91
4889 17 64 91
4890 11 1 92
4891 18 129 92
4892 11 1 93
4893 11 1 94
4894 11 1 95
4895 11 1 96
4896 11 1 97
4897 11 1 98
4898 11 1 99
4899 11 1 100
4900 11 1 101
4901 11 1 102
4902 11 1 103
4903 11 1 104
4904 11 1 105
4905 11 1 106
4906 11 1 107
4907 11 1 108
4908 11 1 109
4909 11 1 110
4910 11 1 111
4911 11 1 112
4912 11 1 113
4913 11 1 114
4914 11 1 115
4915 11 1 116
4916 11 1 117
4917 11 1 118
4918 11 1 119
4919 11 1 120
4920 11 1 121
4921 11 1 122
4922 11 1 123
4923 11 1 124
4924 12 1 87
4925 12 1 88
4926 13 255 88
4927 12 1 89
4928 14 4 89
4929 12 1 90
4930 15 249 90
4931 12 1 91
4932 16 16 91
4933 12 1 92
4934 17 225 92
4935 12 1 93
4936 18 64 93
4937 12 1 94
4938 19 129 94
4939 12 1 95
4940 20 256 95
4941 12 1 96
4942 12 1 97
4943 12 1 98
4944 12 1 99
4945 12 1 100
4946 12 1 101
4947 12 1 102
4948 12 1 103
4949 12 1 104
4950 12 1 105
4951 12 1 106
4952 12 1 107
4953 12 1 108
4954 12 1 109
4955 12 1 110
4956 12 1 111
4957 12 1 112
4958 12 1 113
4959 12 1 114
4960 12 1 115
4961 12 1 116
4962 12 1 117
4963 12 1 118
4964 12 1 119
4965 12 1 120
4966 12 1 121
4967 12 1 122
4968 12 1 123
4969 12 1 124
4970 13 1 89
4971 13 1 90
4972 14 255 90
4973 13 1 91
4974 15 4 91
4975 13 1 92
4976 16 249 92
4977 13 1 93
4978 17 16 93
4979 13 1 94
4980 18 225 94
4981 13 1 95
4982 19 64 95
4983 13 1 96
4984 20 129 96
4985 13 1 97
4986 21 256 97
4987 13 1 98
4988 22 2 98
4989 13 1 99
4990 13 1 100
4991 13 1 101
4992 13 1 102
4993 13 1 103
4994 13 1 104
4995 13 1 105
4996 13 1 106
4997 13 1 107
4998 13 1 108
4999 13 1 109
5000 13 1 110
5001 13 1 111
5002 13 1 112
5003 13 1 113
5004 13 1 114
5005 13 1 115
5006 13 1 116
5007 13 1 117
5008 13 1 118
5009 13 1 119
5010 13 1 120
5011 13 1 121
5012 13 1 122
5013 13 1 123
5014 13 1 124
5015 14 1 91
5016 14 1 92
5017 15 255 92
5018 14 1 93
5019 16 4 93
5020 14 1 94
5021 17 249 94
5022 14 1 95
5023 18 16 95
5024 14 1 96
5025 19 225 96
5026 14 1 97
5027 20 64 97
5028 14 1 98
5029 21 129 98
5030 14 1 99
5031 22 256 99
5032 14 1 100
5033 23 2 100
5034 14 1 101
5035 24 253 101
5036 14 1 102
5037 14 1 103
5038 14 1 104
5039 14 1 105
5040 14 1 106
5041 14 1 107
5042 14 1 108
5043 14 1 109
5044 14 1 110
5045 14 1 111
5046 14 1 112
5047 14 1 113
5048 14 1 114
5049 14 1 115
5050 14 1 116
5051 14 1 117
5052 14 1 118
5053 14 1 119
5054 14 1 120
5055 14 1 121
5056 14 1 122
5057 14 1 123
5058 14 1 124
5059 15 1 93
5060 15 1 94
5061 16 255 94
5062 15 1 95
5063 17 4 95
5064 15 1 96
5065 18 249 96
5066 15 1 97
5067 19 16 97
5068 15 1 98
5069 20 225 98
5070 15 1 99
5071 21 64 99
5072 15 1 100
5073 22 129 100
5074 15 1 101
5075 23 256 101
5076 15 1 102
5077 24 2 102
5078 15 1 103
5079 25 253 103
5080 15 1 104
5081 26 8 104
5082 15 1 105
5083 15 1 106
5084 15 1 107
5085 15 1 108
5086 15 1 109
5087 15 1 110
5088 15 1 111
5089 15 1 112
5090 15 1 113
5091 15 1 114
5092 15 1 115
5093 15 1 116
5094 15 1 117
5095 15 1 118
5096 15 1 119
5097 15 1 120
5098 15 1 121
5099 15 1 122
5100 15 1 123
5101 15 1 124
5102 16 1 95
5103 16 1 96
5104 17 255 96
5105 16 1 97
5106 18 4 97
5107 16 1 98
5108 19 249 98
5109 16 1 99
5110 20 16 99
5111 16 1 100
5112 21 225 100
5113 16 1 101
5114 22 64 101
5115 16 1 102
5116 23 129 102
5117 16 1 103
5118 24 256 103
5119 16 1 104
5120 25 2 104
5121 16 1 105
5122 26 253 105
5123 16 1 106
5124 27 8 106
5125 16 1 107
5126 28 241 107
5127 16 1 108
5128 16 1 109
5129 16 1 110
5130 16 1 111
5131 16 1 112
5132 16 1 113
5133 16 1 114
5134 16 1 115
5135 16 1 116
5136 16 1 117
5137 16 1 118
5138 16 1 119
5139 16 1 120
5140 16 1 121
5141 16 1 122
5142 16 1 123
5143 16 1 124
5144 17 1 97
5145 17 1 98
5146 18 255 98
5147 17 1 99
5148 19 4 99
5149 17 1 100
5150 20 249 100
5151 17 1 101
5152 21 16 101
5153 17 1 102
5154 22 225 102
5155 17 1 103
5156 23 64 103
5157 17 1 104
5158 24 129 104
5159 17 1 105
5160 25 256 105
5161 17 1 106
5162 26 2 106
5163 17 1 107
5164 27 253 107
5165 17 1 108
5166 28 8 108
5167 17 1 109
5168 29 241 109
5169 17 1 110
5170 30 32 110
5171 17 1 111
5172 17 1 112
5173 17 1 113
5174 17 1 114
5175 17 1 115
5176 17 1 116
5177 17 1 117
5178 17 1 118
5179 17 1 119
5180 17 1 120
5181 17 1 121
5182 17 1 122
5183 17 1 123
5184 17 1 124
5185 18 1 99
5186 18 1 100
5187 19 255 100
5188 18 1 101
5189 20 4 101
5190 18 1 102
5191 21 249 102
5192 18 1 103
5193 22 16 103
5194 18 1 104
5195 23 225 104
5196 18 1 105
5197 24 64 105
5198 18 1 106
5199 25 129 106
5200 18 1 107
5201 26 256 107
5202 18 1 108
5203 27 2 108
5204 18 1 109
5205 28 253 109
5206 18 1 110
5207 29 8 110
5208 18 1 111
5209 30 241 111
5210 18 1 112
5211 31 32 112
5212 18 1 113
5213 32 193 113
5214 18 1 114
5215 18 1 115
5216 18 1 116
5217 18 1 117
5218 18 1 118
5219 18 1 119
5220 18 1 120
5221 18 1 121
5222 18 1 122
5223 18 1 123
5224 18 1 124
5225 19 1 101
5226 19 1 102
5227 20 255 102
5228 19 1 103
5229 21 4 103
5230 19 1 104
5231 22 249 104
5232 19 1 105
5233 23 16 105
5234 19 1 106
5235 24 225 106
5236 19 1 107
5237 25 64 107
5238 19 1 108
5239 26 129 108
5240 19 1 109
5241 27 256 109
5242 19 1 110
5243 28 2 110
5244 19 1 111
5245 29 253 111
5246 19 1 112
5247 30 8 112
5248 19 1 113
5249 31 241 113
5250 19 1 114
5251 32 32 114
5252 19 1 115
5253 33 193 115
5254 19 1 116
5255 34 128 116
5256 19 1 117
5257 19 1 118
5258 19 1 119
5259 19 1 120
5260 19 1 121
5261 19 1 122
5262 19 1 123
5263 19 1 124
5264 20 1 103
5265 20 1 104
5266 21 255 104
5267 20 1 105
5268 22 4 105
5269 20 1 106
5270 23 249 106
5271 20 1 107
5272 24 16 107
5273 20 1 108
5274 25 225 108
5275 20 1 109
5276 26 64 109
5277 20 1 110
5278 27 129 110
5279 20 1 111
5280 28 256 111
5281 20 1 112
5282 29 2 112
5283 20 1 113
5284 30 253 113
5285 20 1 114
5286 31 8 114
5287 20 1 115
5288 32 241 115
5289 20 1 116
5290 33 32 116
5291 20 1 117
5292 34 193 117
5293 20 1 118
5294 35 128 118
5295 20 1 119
5296 36 1 119
5297 20 1 120
5298 20 1 121
5299 20 1 122
5300 20 1 123
5301 20 1 124
5302 21 1 105
5303 21 1 106
5304 22 255 106
5305 21 1 107
5306 23 4 107
5307 21 1 108
5308 24 249 108
5309 21 1 109
5310 25 16 109
5311 21 1 110
5312 26 225 110
5313 21 1 111
5314 27 64 111
5315 21 1 112
5316 28 129 112
5317 21 1 113
5318 29 256 113
5319 21 1 114
5320 30 2 114
5321 21 1 115
5322 31 253 115
5323 21 1 116
5324 32 8 116
5325 21 1 117
5326 33 241 117
5327 21 1 118
5328 34 32 118
5329 21 1 119
5330 35 193 119
5331 21 1 120
5332 36 128 120
5333 21 1 121
5334 37 1 121
5335 21 1 122
5336 38 255 122
5337 21 1 123
5338 21 1 124
5339 22 1 107
5340 22 1 108
5341 23 255 108
5342 22 1 109
5343 24 4 109
5344 22 1 110
5345 25 249 110
5346 22 1 111
5347 26 16 111
5348 22 1 112
5349 27 225 112
5350 22 1 113
5351 28 64 113
5352 22 1 114
5353 29 129 114
5354 22 1 115
5355 30 256 115
5356 22 1 116
5357 31 2 116
5358 22 1 117
5359 32 253 117
5360 22 1 118
5361 33 8 118
5362 22 1 119
5363 34 241 119
5364 22 1 120
5365 35 32 120
5366 22 1 121
5367 36 193 121
5368 22 1 122
5369 37 128 122
5370 22 1 123
5371 38 1 123
5372 22 1 124
5373 39 255 124
5374 22 1 125
5375 23 1 109
5376 23 1 110
5377 24 255 110
5378 23 1 111
5379 25 4 111
5380 23 1 112
5381 26 249 112
5382 23 1 113
5383 27 16 113
5384 23 1 114
5385 28 225 114
5386 23 1 115
5387 29 64 115
5388 23 1 116
5389 30 129 116
5390 23 1 117
5391 31 256 117
5392 23 1 118
5393 32 2 118
5394 23 1 119
5395 33 253 119
5396 23 1 120
5397 34 8 120
5398 23 1 121
5399 35 241 121
5400 23 1 122
5401 36 32 122
5402 23 1 123
5403 37 193 123
5404 23 1 124
5405 38 128 124
5406 20 102 125
5407 21 231 125
5408 23 1 125
5409 40 221 125
5410 24 1 111
5411 24 1 112
5412 25 255 112
5413 24 1 113
5414 26 4 113
5415 24 1 114
5416 27 249 114
5417 24 1 115
5418 28 16 115
5419 24 1 116
5420 29 225 116
5421 24 1 117
5422 30 64 117
5423 24 1 118
5424 31 129 118
5425 24 1 119
5426 32 256 119
5427 24 1 120
5428 33 2 120
5429 24 1 121
5430 34 253 121
5431 24 1 122
5432 35 8 122
5433 24 1 123
5434 36 241 123
5435 24 1 124
5436 37 32 124
5437 18 183 125
5438 19 10 125
5439 24 1 125
5440 39 94 125
5441 22 97 126
5442 23 197 126
5443 24 1 126
5444 25 1 113
5445 25 1 114
5446 26 255 114
5447 25 1 115
5448 27 4 115
5449 25 1 116
5450 28 249 116
5451 25 1 117
5452 29 16 117
5453 25 1 118
5454 30 225 118
5455 25 1 119
5456 31 64 119
5457 25 1 120
5458 32 129 120
5459 25 1 121
5460 33 256 121
5461 25 1 122
5462 34 2 122
5463 25 1 123
5464 35 253 123
5465 25 1 124
5466 36 8 124
5467 16 59 125
5468 17 217 125
5469 25 1 125
5470 38 18 125
5471 20 141 126
5472 21 231 126
5473 25 1 126
5474 40 50 126
5475 24 174 127
5476 25 1 127
5477 26 1 115
5478 26 1 116
5479 27 255 116
5480 26 1 117
5481 28 4 117
5482 26 1 118
5483 29 249 118
5484 26 1 119
5485 30 16 119
5486 26 1 120
5487 31 225 120
5488 26 1 121
5489 32 64 121
5490 26 1 122
5491 33 129 122
5492 26 1 123
5493 34 256 123
5494 26 1 124
5495 35 2 124
5496 14 37 125
5497 15 243 125
5498 26 1 125
5499 37 171 125
5500 18 83 126
5501 19 253 126
5502 26 1 126
5503 39 57 126
5504 22 117 127
5505 23 137 127
5506 26 1 127
5507 41 168 127
5508 26 1 128
5509 27 1 117
5510 27 1 118
5511 28 255 118
5512 27 1 119
5513 29 4 119
5514 27 1 120
5515 30 249 120
5516 27 1 121
5517 31 16 121
5518 27 1 122
5519 32 225 122
5520 27 1 123
5521 33 64 123
5522 27 1 124
5523 34 129 124
5524 12 49 125
5525 13 248 125
5526 27 1 125
5527 36 122 125
5528 16 28 126
5529 17 170 126
5530 27 1 126
5531 38 123 126
5532 20 31 127
5533 21 175 127
5534 27 1 127
5535 40 51 127
5536 24 132 128
5537 25 3 128
5538 27 1 128
5539 42 118 128
5540 28 1 119
5541 28 1 120
5542 29 255 120
5543 28 1 121
5544 30 4 121
5545 28 1 122
5546 31 249 122
5547 28 1 123
5548 32 16 123
5549 28 1 124
5550 33 225 124
5551 10 124 125
5552 11 230 125
5553 28 1 125
5554 35 73 125
5555 14 168 126
5556 15 116 126
5557 28 1 126
5558 37 85 126
5559 18 57 127
5560 19 34 127
5561 28 1 127
5562 39 3 127
5563 22 96 128
5564 23 144 128
5565 28 1 128
5566 41 24 128
5567 26 66 129
5568 27 130 129
5569 28 1 129
5570 29 1 121
5571 29 1 122
5572 30 255 122
5573 29 1 123
5574 31 4 123
5575 29 1 124
5576 32 249 124
5577 8 256 125
5578 9 118 125
5579 29 1 125
5580 34 176 125
5581 12 89 126
5582 13 20 126
5583 29 1 126
5584 36 227 126
5585 16 32 127
5586 17 120 127
5587 29 1 127
5588 38 248 127
5589 20 18 128
5590 21 146 128
5591 29 1 128
5592 40 228 128
5593 24 151 129
5594 25 98 129
5595 29 1 129
5596 42 128 129
5597 28 44 130
5598 29 1 130
5599 30 1 123
5600 30 1 124
5601 31 255 124
5602 6 232 125
5603 7 171 125
5604 30 1 125
5605 33 61 125
5606 10 107 126
5607 11 224 126
5608 30 1 126
5609 35 25 126
5610 14 133 127
5611 15 27 127
5612 30 1 127
5613 37 212 127
5614 18 61 128
5615 19 36 128
5616 30 1 128
5617 39 60 128
5618 22 8 129
5619 23 122 129
5620 30 1 129
5621 41 132 129
5622 26 255 130
5623 27 254 130
5624 30 1 130
5625 43 189 130
5626 30 1 131
5627 5 64 125
5628 31 1 125
5629 32 111 125
5630 8 255 126
5631 9 209 126
5632 31 1 126
5633 34 33 126
5634 12 108 127
5635 13 106 127
5636 31 1 127
5637 36 244 127
5638 16 38 128
5639 17 228 128
5640 31 1 128
5641 38 168 128
5642 20 188 129
5643 21 191 129
5644 31 1 129
5645 40 120 129
5646 24 171 130
5647 25 102 130
5648 31 1 130
5649 42 114 130
5650 28 204 131
5651 29 49 131
5652 31 1 131
5653 44 76 131
5654 7 84 126
5655 32 1 126
5656 33 212 126
5657 10 171 127
5658 11 249 127
5659 32 1 127
5660 35 205 127
5661 14 193 128
5662 15 99 128
5663 32 1 128
5664 37 256 128
5665 18 118 129
5666 19 194 129
5667 32 1 129
5668 39 9 129
5669 22 133 130
5670 23 49 130
5671 32 1 130
5672 41 255 130
5673 26 64 131
5674 27 205 131
5675 32 1 131
5676 43 42 131
5677 30 204 132
5678 31 49 132
5679 32 1 132
5680 9 34 127
5681 33 1 127
5682 34 143 127
5683 12 134 128
5684 13 132 128
5685 33 1 128
5686 36 48 128
5687 16 98 129
5688 17 1 129
5689 33 1 129
5690 38 170 129
5691 20 8 130
5692 21 48 130
5693 33 1 130
5694 40 225 130
5695 24 109 131
5696 25 216 131
5697 33 1 131
5698 42 179 131
5699 28 94 132
5700 29 20 132
5701 33 1 132
5702 44 196 132
5703 32 172 133
5704 33 1 133
5705 11 137 128
5706 34 1 128
5707 35 21 128
5708 14 2 129
5709 15 48 129
5710 34 1 129
5711 37 56 129
5712 18 49 130
5713 19 129 130
5714 34 1 130
5715 39 194 130
5716 22 91 131
5717 23 32 131
5718 34 1 131
5719 41 254 131
5720 26 256 132
5721 27 189 132
5722 34 1 132
5723 43 62 132
5724 30 34 133
5725 31 133 133
5726 34 1 133
5727 45 246 133
5728 34 1 134
5729 13 70 129
5730 35 1 129
5731 36 22 129
5732 16 209 130
5733 17 133 130
5734 35 1 130
5735 38 81 130
5736 20 58 131
5737 21 95 131
5738 35 1 131
5739 40 150 131
5740 24 211 132
5741 25 238 132
5742 35 1 132
5743 42 166 132
5744 28 136 133
5745 29 253 133
5746 35 1 133
5747 44 225 133
5748 32 225 134
5749 33 26 134
5750 35 1 134
5751 46 125 134
5752 15 172 130
5753 36 1 130
5754 37 203 130
5755 18 74 131
5756 19 234 131
5757 36 1 131
5758 39 48 131
5759 22 245 132
5760 23 131 132
5761 36 1 132
5762 41 84 132
5763 26 211 133
5764 27 238 133
5765 36 1 133
5766 43 247 133
5767 30 28 134
5768 31 105 134
5769 36 1 134
5770 45 153 134
5771 34 118 135
5772 35 129 135
5773 36 1 135
5774 17 135 131
5775 37 1 131
5776 38 119 131
5777 20 41 132
5778 21 213 132
5779 37 1 132
5780 40 109 132
5781 24 155 133
5782 25 214 133
5783 37 1 133
5784 42 239 133
5785 28 99 134
5786 29 80 134
5787 37 1 134
5788 44 237 134
5789 32 221 135
5790 33 122 135
5791 37 1 135
5792 46 98 135
5793 36 236 136
5794 37 1 136
5795 19 223 132
5796 38 1 132
5797 39 197 132
5798 22 65 133
5799 23 18 133
5800 38 1 133
5801 41 114 133
5802 26 78 134
5803 27 48 134
5804 38 1 134
5805 43 230 134
5806 30 68 135
5807 31 151 135
5808 38 1 135
5809 45 128 135
5810 34 191 136
5811 35 138 136
5812 38 1 136
5813 47 25 136
5814 38 1 137
5815 21 39 133
5816 39 1 133
5817 40 133 133
5818 24 220 134
5819 25 140 134
5820 39 1 134
5821 42 81 134
5822 28 104 135
5823 29 64 135
5824 39 1 135
5825 44 215 135
5826 32 36 136
5827 33 216 136
5828 39 1 136
5829 46 153 136
5830 36 113 137
5831 37 231 137
5832 39 1 137
5833 48 250 137
5834 23 39 134
5835 40 1 134
5836 41 61 134
5837 26 18 135
5838 27 175 135
5839 40 1 135
5840 43 37 135
5841 30 90 136
5842 31 174 136
5843 40 1 136
5844 45 253 136
5845 34 72 137
5846 35 175 137
5847 40 1 137
5848 47 228 137
5849 38 191 138
5850 39 138 138
5851 40 1 138
5852 25 61 135
5853 41 1 135
5854 42 185 135
5855 28 232 136
5856 29 171 136
5857 41 1 136
5858 44 234 136
5859 32 8 137
5860 33 84 137
5861 41 1 137
5862 46 140 137
5863 36 30 138
5864 37 180 138
5865 41 1 138
5866 48 246 138
5867 40 223 139
5868 41 1 139
5869 27 116 136
5870 42 1 136
5871 43 33 136
5872 30 104 137
5873 31 183 137
5874 42 1 137
5875 45 150 137
5876 34 103 138
5877 35 182 138
5878 42 1 138
5879 47 171 138
5880 38 84 139
5881 39 247 139
5882 42 1 139
5883 49 79 139
5884 42 1 140
5885 29 237 137
5886 43 1 137
5887 44 253 137
5888 32 208 138
5889 33 109 138
5890 43 1 138
5891 46 200 138
5892 36 122 139
5893 37 253 139
5894 43 1 139
5895 48 85 139
5896 40 23 140
5897 41 138 140
5898 43 1 140
5899 50 118 140
5900 31 73 138
5901 44 1 138
5902 45 167 138
5903 34 57 139
5904 35 83 139
5905 44 1 139
5906 47 18 139
5907 38 109 140
5908 39 245 140
5909 44 1 140
5910 49 127 140
5911 42 92 141
5912 43 38 141
5913 44 1 141
5914 33 177 139
5915 45 1 139
5916 46 42 139
5917 36 62 140
5918 37 203 140
5919 45 1 140
5920 48 246 140
5921 40 102 141
5922 41 43 141
5923 45 1 141
5924 50 253 141
5925 44 43 142
5926 45 1 142
5927 35 57 140
5928 46 1 140
5929 47 149 140
5930 38 147 141
5931 39 187 141
5932 46 1 141
5933 49 112 141
5934 42 48 142
5935 43 247 142
5936 46 1 142
5937 51 243 142
5938 46 1 143
5939 37 49 141
5940 47 1 141
5941 48 137 141
5942 40 127 142
5943 41 221 142
5944 47 1 142
5945 50 25 142
5946 44 100 143
5947 45 22 143
5948 47 1 143
5949 52 173 143
5950 39 218 142
5951 48 1 142
5952 49 122 142
5953 42 186 143
5954 43 95 143
5955 48 1 143
5956 51 108 143
5957 46 205 144
5958 47 225 144
5959 48 1 144
5960 41 101 143
5961 49 1 143
5962 50 66 143
5963 44 202 144
5964 45 222 144
5965 49 1 144
5966 52 216 144
5967 48 98 145
5968 49 1 145
5969 43 30 144
5970 50 1 144
5971 51 77 144
5972 46 233 145
5973 47 195 145
5974 50 1 145
5975 53 26 145
5976 50 1 146
5977 45 98 145
5978 51 1 145
5979 52 41 145
5980 48 4 146
5981 49 96 146
5982 51 1 146
5983 54 104 146
5984 47 172 146
5985 52 1 146
5986 53 244 146
5987 50 44 147
5988 51 28 147
5989 52 1 147
5990 49 23 147
5991 53 1 147
5992 54 154 147
5993 52 75 148
5994 53 1 148
5995 51 136 148
5996 54 1 148
5997 55 231 148
5998 54 1 149
5999 53 120 149
6000 55 1 149
6001 56 205 149
6002 55 173 150
6003 56 1 150
6004 57 1 151
6005 58 135 152
6006 57 45 152
6007 56 15 151
6008 55 5 151
6009 54 173 150
6010 53 229 150
6011 52 162 149
6012 51 54 149
6013 50 18 148
6014 49 6 148
6015 48 2 147
6016 47 172 147
6017 46 143 146
6018 45 219 146
6019 44 73 145
6020 43 110 145
6021 42 208 144
6022 41 155 144
6023 40 223 143
6024 39 160 143
6025 38 139 142
6026 37 132 142
6027 36 44 141
6028 35 186 141
6029 34 62 140
6030 33 192 140
6031 32 64 139
6032 31 107 139
6033 30 207 138
6034 29 69 138
6035 28 23 137
6036 27 179 137
6037 26 231 136
6038 25 77 136
6039 24 197 135
6040 23 237 135
6041 22 79 134
6042 21 112 134
6043 20 123 133
6044 19 41 133
6045 18 185 132
6046 17 233 132
6047 16 249 131
6048 15 83 131
6049 14 199 130
6050 13 152 130
6051 12 222 129
6052 11 74 129
6053 59 135 154
6054 58 45 153
6055 57 15 153
6056 56 5 152
6057 55 173 152
6058 54 229 151
6059 53 162 151
6060 52 54 150
6061 51 18 150
6062 50 6 149
6063 49 2 149
6064 48 172 148
6065 47 143 148
6066 46 219 147
6067 45 73 147
6068 44 110 146
6069 43 208 146
6070 42 155 145
6071 41 223 145
6072 40 160 144
6073 39 139 144
6074 38 132 143
6075 37 44 143
6076 36 186 142
6077 35 62 142
6078 34 192 141
6079 33 64 141
6080 32 107 140
6081 31 207 140
6082 30 69 139
6083 29 23 139
6084 28 179 138
6085 27 231 138
6086 26 77 137
6087 25 197 137
6088 24 237 136
6089 23 79 136
6090 22 112 135
6091 21 123 135
6092 20 41 134
6093 19 185 134
6094 18 233 133
6095 17 249 133
6096 16 83 132
6097 15 199 132
6098 14 152 131
6099 13 222 131
6100 60 135 155
6101 59 45 155
6102 58 15 154
6103 57 5 154
6104 56 173 153
6105 55 229 153
6106 54 162 152
6107 53 54 152
6108 52 18 151
6109 51 6 151
6110 50 2 150
6111 49 172 150
6112 48 143 149
6113 47 219 149
6114 46 73 148
6115 45 110 148
6116 44 208 147
6117 43 155 147
6118 42 223 146
6119 41 160 146
6120 40 139 145
6121 39 132 145
6122 38 44 144
6123 37 186 144
6124 36 62 143
6125 35 192 143
6126 34 64 142
6127 33 107 142
6128 32 207 141
6129 31 69 141
6130 30 23 140
6131 29 179 140
6132 28 231 139
6133 27 77 139
6134 26 197 138
6135 25 237 138
6136 24 79 137
6137 23 112 137
6138 22 123 136
6139 21 41 136
6140 20 185 135
6141 19 233 135
6142 18 249 134
6143 17 83 134
6144 16 199 133
6145 15 152 133
6146 61 135 157
6147 60 45 156
6148 59 15 156
6149 58 5 155
6150 57 173 155
6151 56 229 154
6152 55 162 154
6153 54 54 153
6154 53 18 153
6155 52 6 152
6156 51 2 152
6157 50 172 151
6158 49 143 151
6159 48 219 150
6160 47 73 150
6161 46 110 149
6162 45 208 149
6163 44 155 148
6164 43 223 148
6165 42 160 147
6166 41 139 147
6167 40 132 146
6168 39 44 146
6169 38 186 145
6170 37 62 145
6171 36 192 144
6172 35 64 144
6173 34 107 143
6174 33 207 143
6175 32 69 142
6176 31 23 142
6177 30 179 141
6178 29 231 141
6179 28 77 140
6180 27 197 140
6181 26 237 139
6182 25 79 139
6183 24 112 138
6184 23 123 138
6185 22 41 137
6186 21 185 137
6187 20 233 136
6188 19 249 136
6189 18 83 135
6190 17 199 135
6191 62 135 158
6192 61 45 158
6193 60 15 157
6194 59 5 157
6195 58 173 156
6196 57 229 156
6197 56 162 155
6198 55 54 155
6199 54 18 154
6200 53 6 154
6201 52 2 153
6202 51 172 153
6203 50 143 152
6204 49 219 152
6205 48 73 151
6206 47 110 151
6207 46 208 150
6208 45 155 150
6209 44 223 149
6210 43 160 149
6211 42 139 148
6212 41 132 148
6213 40 44 147
6214 39 186 147
6215 38 62 146
6216 37 192 146
6217 36 64 145
6218 35 107 145
6219 34 207 144
6220 33 69 144
6221 32 23 143
6222 31 179 143
6223 30 231 142
6224 29 77 142
6225 28 197 141
6226 27 237 141
6227 26 79 140
6228 25 112 140
6229 24 123 139
6230 23 41 139
6231 22 185 138
6232 21 233 138
6233 20 249 137
6234 19 83 137
6235 63 135 160
6236 62 45 159
6237 61 15 159
6238 60 5 158
6239 59 173 158
6240 58 229 157
6241 57 162 157
6242 56 54 156
6243 55 18 156
6244 54 6 155
6245 53 2 155
6246 52 172 154
6247 51 143 154
6248 50 219 153
6249 49 73 153
6250 48 110 152
6251 47 208 152
6252 46 155 151
6253 45 223 151
6254 44 160 150
6255 43 139 150
6256 42 132 149
6257 41 44 149
6258 40 186 148
6259 39 62 148
6260 38 192 147
6261 37 64 147
6262 36 107 146
6263 35 207 146
6264 34 69 145
6265 33 23 145
6266 32 179 144
6267 31 231 144
6268 30 77 143
6269 29 197 143
6270 28 237 142
6271 27 79 142
6272 26 112 141
6273 25 123 141
6274 24 41 140
6275 23 185 140
6276 22 233 139
6277 21 249 139
6278 64 135 161
6279 63 45 161
6280 62 15 160
6281 61 5 160
6282 60 173 159
6283 59 229 159
6284 58 162 158
6285 57 54 158
6286 56 18 157
6287 55 6 157
6288 54 2 156
6289 53 172 156
6290 52 143 155
6291 51 219 155
6292 50 73 154
6293 49 110 154
6294 48 208 153
6295 47 155 153
6296 46 223 152
6297 45 160 152
6298 44 139 151
6299 43 132 151
6300 42 44 150
6301 41 186 150
6302 40 62 149
6303 39 192 149
6304 38 64 148
6305 37 107 148
6306 36 207 147
6307 35 69 147
6308 34 23 146
6309 33 179 146
6310 32 231 145
6311 31 77 145
6312 30 197 144
6313 29 237 144
6314 28 79 143
6315 27 112 143
6316 26 123 142
6317 25 41 142
6318 24 185 141
6319 23 233 141
6320 65 135 163
6321 64 45 162
6322 63 15 162
6323 62 5 161
6324 61 173 161
6325 60 229 160
6326 59 162 160
6327 58 54 159
6328 57 18 159
6329 56 6 158
6330 55 2 158
6331 54 172 157
6332 53 143 157
6333 52 219 156
6334 51 73 156
6335 50 110 155
6336 49 208 155
6337 48 155 154
6338 47 223 154
6339 46 160 153
6340 45 139 153
6341 44 132 152
6342 43 44 152
6343 42 186 151
6344 41 62 151
6345 40 192 150
6346 39 64 150
6347 38 107 149
6348 37 207 149
6349 36 69 148
6350 35 23 148
6351 34 179 147
6352 33 231 147
6353 32 77 146
6354 31 197 146
6355 30 237 145
6356 29 79 145
6357 28 112 144
6358 27 123 144
6359 26 41 143
6360 25 185 143
6361 66 135 164
6362 65 45 164
6363 64 15 163
6364 63 5 163
6365 62 173 162
6366 61 229 162
6367 60 162 161
6368 59 54 161
6369 58 18 160
6370 57 6 160
6371 56 2 159
6372 55 172 159
6373 54 143 158
6374 53 219 158
6375 52 73 157
6376 51 110 157
6377 50 208 156
6378 49 155 156
6379 48 223 155
6380 47 160 155
6381 46 139 154
6382 45 132 154
6383 44 44 153
6384 43 186 153
6385 42 62 152
6386 41 192 152
6387 40 64 151
6388 39 107 151
6389 38 207 150
6390 37 69 150
6391 36 23 149
6392 35 179 149
6393 34 231 148
6394 33 77 148
6395 32 197 147
6396 31 237 147
6397 30 79 146
6398 29 112 146
6399 28 123 145
6400 27 41 145
6401 67 135 166
6402 66 45 165
6403 65 15 165
6404 64 5 164
6405 63 173 164
6406 62 229 163
6407 61 162 163
6408 60 54 162
6409 59 18 162
6410 58 6 161
6411 57 2 161
6412 56 172 160
6413 55 143 160
6414 54 219 159
6415 53 73 159
6416 52 110 158
6417 51 208 158
6418 50 155 157
6419 49 223 157
6420 48 160 156
6421 47 139 156
6422 46 132 155
6423 45 44 155
6424 44 186 154
6425 43 62 154
6426 42 192 153
6427 41 64 153
6428 40 107 152
6429 39 207 152
6430 38 69 151
6431 37 23 151
6432 36 179 150
6433 35 231 150
6434 34 77 149
6435 33 197 149
6436 32 237 148
6437 31 79 148
6438 30 112 147
6439 29 123 147
6440 68 135 167
6441 67 45 167
6442 66 15 166
6443 65 5 166
6444 64 173 165
6445 63 229 165
6446 62 162 164
6447 61 54 164
6448 60 18 163
6449 59 6 163
6450 58 2 162
6451 57 172 162
6452 56 143 161
6453 55 219 161
6454 54 73 160
6455 53 110 160
6456 52 208 159
6457 51 155 159
6458 50 223 158
6459 49 160 158
6460 48 139 157
6461 47 132 157
6462 46 44 156
6463 45 186 156
6464 44 62 155
6465 43 192 155
6466 42 64 154
6467 41 107 154
6468 40 207 153
6469 39 69 153
6470 38 23 152
6471 37 179 152
6472 36 231 151
6473 35 77 151
6474 34 197 150
6475 33 237 150
6476 32 79 149
6477 31 112 149
6478 69 135 169
6479 68 45 168
6480 67 15 168
6481 66 5 167
6482 65 173 167
6483 64 229 166
6484 63 162 166
6485 62 54 165
6486 61 18 165
6487 60 6 164
6488 59 2 164
6489 58 172 163
6490 57 143 163
6491 56 219 162
6492 55 73 162
6493 54 110 161
6494 53 208 161
6495 52 155 160
6496 51 223 160
6497 50 160 159
6498 49 139 159
6499 48 132 158
6500 47 44 158
6501 46 186 157
6502 45 62 157
6503 44 192 156
6504 43 64 156
6505 42 107 155
6506 41 207 155
6507 40 69 154
6508 39 23 154
6509 38 179 153
6510 37 231 153
6511 36 77 152
6512 35 197 152
6513 34 237 151
6514 33 79 151
6515 70 135 170
6516 69 45 170
6517 68 15 169
6518 67 5 169
6519 66 173 168
6520 65 229 168
6521 64 162 167
6522 63 54 167
6523 62 18 166
6524 61 6 166
6525 60 2 165
6526 59 172 165
6527 58 143 164
6528 57 219 164
6529 56 73 163
6530 55 110 163
6531 54 208 162
6532 53 155 162
6533 52 223 161
6534 51 160 161
6535 50 139 160
6536 49 132 160
6537 48 44 159
6538 47 186 159
6539 46 62 158
6540 45 192 158
6541 44 64 157
6542 43 107 157
6543 42 207 156
6544 41 69 156
6545 40 23 155
6546 39 179 155
6547 38 231 154
6548 37 77 154
6549 36 197 153
6550 35 237 153
6551 71 135 172
6552 70 45 171
6553 69 15 171
6554 68 5 170
6555 67 173 170
6556 66 229 169
6557 65 162 169
6558 64 54 168
6559 63 18 168
6560 62 6 167
6561 61 2 167
6562 60 172 166
6563 59 143 166
6564 58 219 165
6565 57 73 165
6566 56 110 164
6567 55 208 164
6568 54 155 163
6569 53 223 163
6570 52 160 162
6571 51 139 162
6572 50 132 161
6573 49 44 161
6574 48 186 160
6575 47 62 160
6576 46 192 159
6577 45 64 159
6578 44 107 158
6579 43 207 158
6580 42 69 157
6581 41 23 157
6582 40 179 156
6583 39 231 156
6584 38 77 155
6585 37 197 155
6586 72 135 173
6587 71 45 173
6588 70 15 172
6589 69 5 172
6590 68 173 171
6591 67 229 171
6592 66 162 170
6593 65 54 170
6594 64 18 169
6595 63 6 169
6596 62 2 168
6597 61 172 168
6598 60 143 167
6599 59 219 167
6600 58 73 166
6601 57 110 166
6602 56 208 165
6603 55 155 165
6604 54 223 164
6605 53 160 164
6606 52 139 163
6607 51 132 163
6608 50 44 162
6609 49 186 162
6610 48 62 161
6611 47 192 161
6612 46 64 160
6613 45 107 160
6614 44 207 159
6615 43 69 159
6616 42 23 158
6617 41 179 158
6618 40 231 157
6619 39 77 157
6620 73 135 175
6621 72 45 174
6622 71 15 174
6623 70 5 173
6624 69 173 173
6625 68 229 172
6626 67 162 172
6627 66 54 171
6628 65 18 171
6629 64 6 170
6630 63 2 170
6631 62 172 169
6632 61 143 169
6633 60 219 168
6634 59 73 168
6635 58 110 167
6636 57 208 167
6637 56 155 166
6638 55 223 166
6639 54 160 165
6640 53 139 165
6641 52 132 164
6642 51 44 164
6643 50 186 163
6644 49 62 163
6645 48 192 162
6646 47 64 162
6647 46 107 161
6648 45 207 161
6649 44 69 160
6650 43 23 160
6651 42 179 159
6652 41 231 159
6653 74 135 176
6654 73 45 176
6655 72 15 175
6656 71 5 175
6657 70 173 174
6658 69 229 174
6659 68 162 173
6660 67 54 173
6661 66 18 172
6662 65 6 172
6663 64 2 171
6664 63 172 171
6665 62 143 170
6666 61 219 170
6667 60 73 169
6668 59 110 169
6669 58 208 168
6670 57 155 168
6671 56 223 167
6672 55 160 167
6673 54 139 166
6674 53 132 166
6675 52 44 165
6676 51 186 165
6677 50 62 164
6678 49 192 164
6679 48 64 163
6680 47 107 163
6681 46 207 162
6682 45 69 162
6683 44 23 161
6684 43 179 161
6685 75 135 178
6686 74 45 177
6687 73 15 177
6688 72 5 176
6689 71 173 176
6690 70 229 175
6691 69 162 175
6692 68 54 174
6693 67 18 174
6694 66 6 173
6695 65 2 173
6696 64 172 172
6697 63 143 172
6698 62 219 171
6699 61 73 171
6700 60 110 170
6701 59 208 170
6702 58 155 169
6703 57 223 169
6704 56 160 168
6705 55 139 168
6706 54 132 167
6707 53 44 167
6708 52 186 166
6709 51 62 166
6710 50 192 165
6711 49 64 165
6712 48 107 164
6713 47 207 164
6714 46 69 163
6715 45 23 163
6716 76 135 179
6717 75 45 179
6718 74 15 178
6719 73 5 178
6720 72 173 177
6721 71 229 177
6722 70 162 176
6723 69 54 176
6724 68 18 175
6725 67 6 175
6726 66 2 174
6727 65 172 174
6728 64 143 173
6729 63 219 173
6730 62 73 172
6731 61 110 172
6732 60 208 171
6733 59 155 171
6734 58 223 170
6735 57 160 170
6736 56 139 169
6737 55 132 169
6738 54 44 168
6739 53 186 168
6740 52 62 167
6741 51 192 167
6742 50 64 166
6743 49 107 166
6744 48 207 165
6745 47 69 165
6746 77 135 181
6747 76 45 180
6748 75 15 180
6749 74 5 179
6750 73 173 179
6751 72 229 178
6752 71 162 178
6753 70 54 177
6754 69 18 177
6755 68 6 176
6756 67 2 176
6757 66 172 175
6758 65 143 175
6759 64 219 174
6760 63 73 174
6761 62 110 173
6762 61 208 173
6763 60 155 172
6764 59 223 172
6765 58 160 171
6766 57 139 171
6767 56 132 170
6768 55 44 170
6769 54 186 169
6770 53 62 169
6771 52 192 168
6772 51 64 168
6773 50 107 167
6774 49 207 167
6775 78 135 182
6776 77 45 182
6777 76 15 181
6778 75 5 181
6779 74 173 180
6780 73 229 180
6781 72 162 179
6782 71 54 179
6783 70 18 178
6784 69 6 178
6785 68 2 177
6786 67 172 177
6787 66 143 176
6788 65 219 176
6789 64 73 175
6790 63 110 175
6791 62 208 174
6792 61 155 174
6793 60 223 173
6794 59 160 173
6795 58 139 172
6796 57 132 172
6797 56 44 171
6798 55 186 171
6799 54 62 170
6800 53 192 170
6801 52 64 169
6802 51 107 169
6803 79 135 184
6804 78 45 183
6805 77 15 183
6806 76 5 182
6807 75 173 182
6808 74 229 181
6809 73 162 181
6810 72 54 180
6811 71 18 180
6812 70 6 179
6813 69 2 179
6814 68 172 178
6815 67 143 178
6816 66 219 177
6817 65 73 177
6818 64 110 176
6819 63 208 176
6820 62 155 175
6821 61 223 175
6822 60 160 174
6823 59 139 174
6824 58 132 173
6825 57 44 173
6826 56 186 172
6827 55 62 172
6828 54 192 171
6829 53 64 171
6830 80 135 185
6831 79 45 185
6832 78 15 184
6833 77 5 184
6834 76 173 183
6835 75 229 183
6836 74 162 182
6837 73 54 182
6838 72 18 181
6839 71 6 181
6840 70 2 180
6841 69 172 180
6842 68 143 179
6843 67 219 179
6844 66 73 178
6845 65 110 178
6846 64 208 177
6847 63 155 177
6848 62 223 176
6849 61 160 176
6850 60 139 175
6851 59 132 175
6852 58 44 174
6853 57 186 174
6854 56 62 173
6855 55 192 173
6856 81 135 187
6857 80 45 186
6858 79 15 186
6859 78 5 185
6860 77 173 185
6861 76 229 184
6862 75 162 184
6863 74 54 183
6864 73 18 183
6865 72 6 182
6866 71 2 182
6867 70 172 181
6868 69 143 181
6869 68 219 180
6870 67 73 180
6871 66 110 179
6872 65 208 179
6873 64 155 178
6874 63 223 178
6875 62 160 177
6876 61 139 177
6877 60 132 176
6878 59 44 176
6879 58 186 175
6880 57 62 175
6881 82 135 188
6882 81 45 188
6883 80 15 187
6884 79 5 187
6885 78 173 186
6886 77 229 186
6887 76 162 185
6888 75 54 185
6889 74 18 184
6890 73 6 184
6891 72 2 183
6892 71 172 183
6893 70 143 182
6894 69 219 182
6895 68 73 181
6896 67 110 181
6897 66 208 180
6898 65 155 180
6899 64 223 179
6900 63 160 179
6901 62 139 178
6902 61 132 178
6903 60 44 177
6904 59 186 177
6905 83 135 190
6906 82 45 189
6907 81 15 189
6908 80 5 188
6909 79 173 188
6910 78 229 187
6911 77 162 187
6912 76 54 186
6913 75 18 186
6914 74 6 185
6915 73 2 185
6916 72 172 184
6917 71 143 184
6918 70 219 183
6919 69 73 183
6920 68 110 182
6921 67 208 182
6922 66 155 181
6923 65 223 181
6924 64 160 180
6925 63 139 180
6926 62 132 179
6927 61 44 179
6928 84 135 191
6929 83 45 191
6930 82 15 190
6931 81 5 190
6932 80 173 189
6933 79 229 189
6934 78 162 188
6935 77 54 188
6936 76 18 187
6937 75 6 187
6938 74 2 186
6939 73 172 186
6940 72 143 185
6941 71 219 185
6942 70 73 184
6943 69 110 184
6944 68 208 183
6945 67 155 183
6946 66 223 182
6947 65 160 182
6948 64 139 181
6949 63 132 181
6950 85 135 193
6951 84 45 192
6952 83 15 192
6953 82 5 191
6954 81 173 191
6955 80 229 190
6956 79 162 190
6957 78 54 189
6958 77 18 189
6959 76 6 188
6960 75 2 188
6961 74 172 187
6962 73 143 187
6963 72 219 186
6964 71 73 186
6965 70 110 185
6966 69 208 185
6967 68 155 184
6968 67 223 184
6969 66 160 183
6970 65 139 183
6971 86 135 194
6972 85 45 194
6973 84 15 193
6974 83 5 193
6975 82 173 192
6976 81 229 192
6977 80 162 191
6978 79 54 191
6979 78 18 190
6980 77 6 190
6981 76 2 189
6982 75 172 189
6983 74 143 188
6984 73 219 188
6985 72 73 187
6986 71 110 187
6987 70 208 186
6988 69 155 186
6989 68 223 185
6990 67 160 185
6991 87 135 196
6992 86 45 195
6993 85 15 195
6994 84 5 194
6995 83 173 194
6996 82 229 193
6997 81 162 193
6998 80 54 192
6999 79 18 192
7000 78 6 191
7001 77 2 191
7002 76 172 190
7003 75 143 190
7004 74 219 189
7005 73 73 189
7006 72 110 188
7007 71 208 188
7008 70 155 187
7009 69 223 187
7010 88 135 197
7011 87 45 197
7012 86 15 196
7013 85 5 196
7014 84 173 195
7015 83 229 195
7016 82 162 194
7017 81 54 194
7018 80 18 193
7019 79 6 193
7020 78 2 192
7021 77 172 192
7022 76 143 191
7023 75 219 191
7024 74 73 190
7025 73 110 190
7026 72 208 189
7027 71 155 189
7028 89 135 199
7029 88 45 198
7030 87 15 198
7031 86 5 197
7032 85 173 197
7033 84 229 196
7034 83 162 196
7035 82 54 195
7036 81 18 195
7037 80 6 194
7038 79 2 194
7039 78 172 193
7040 77 143 193
7041 76 219 192
7042 75 73 192
7043 74 110 191
7044 73 208 191
7045 90 135 200
7046 89 45 200
7047 88 15 199
7048 87 5 199
7049 86 173 198
7050 85 229 198
7051 84 162 197
7052 83 54 197
7053 82 18 196
7054 81 6 196
7055 80 2 195
7056 79 172 195
7057 78 143 194
7058 77 219 194
7059 76 73 193
7060 75 110 193
7061 91 135 202
7062 90 45 201
7063 89 15 201
7064 88 5 200
7065 87 173 200
7066 86 229 199
7067 85 162 199
7068 84 54 198
7069 83 18 198
7070 82 6 197
7071 81 2 197
7072 80 172 196
7073 79 143 196
7074 78 219 195
7075 77 73 195
7076 92 135 203
7077 91 45 203
7078 90 15 202
7079 89 5 202
7080 88 173 201
7081 87 229 201
7082 86 162 200
7083 85 54 200
7084 84 18 199
7085 83 6 199
7086 82 2 198
7087 81 172 198
7088 80 143 197
7089 79 219 197
7090 93 135 205
7091 92 45 204
7092 91 15 204
7093 90 5 203
7094 89 173 203
7095 88 229 202
7096 87 162 202
7097 86 54 201
7098 85 18 201
7099 84 6 200
7100 83 2 200
7101 82 172 199
7102 81 143 199
7103 94 135 206
7104 93 45 206
7105 92 15 205
7106 91 5 205
7107 90 173 204
7108 89 229 204
7109 88 162 203
7110 87 54 203
7111 86 18 202
7112 85 6 202
7113 84 2 201
7114 83 172 201
7115 95 135 208
7116 94 45 207
7117 93 15 207
7118 92 5 206
7119 91 173 206
7120 90 229 205
7121 89 162 205
7122 88 54 204
7123 87 18 204
7124 86 6 203
7125 85 2 203
7126 96 135 209
7127 95 45 209
7128 94 15 208
7129 93 5 208
7130 92 173 207
7131 91 229 207
7132 90 162 206
7133 89 54 206
7134 88 18 205
7135 87 6 205
7136 97 135 211
7137 96 45 210
7138 95 15 210
7139 94 5 209
7140 93 173 209
7141 92 229 208
7142 91 162 208
7143 90 54 207
7144 89 18 207
7145 98 135 212
7146 97 45 212
7147 96 15 211
7148 95 5 211
7149 94 173 210
7150 93 229 210
7151 92 162 209
7152 91 54 209
7153 99 135 214
7154 98 45 213
7155 97 15 213
7156 96 5 212
7157 95 173 212
7158 94 229 211
7159 93 162 211
7160 100 135 215
7161 99 45 215
7162 98 15 214
7163 97 5 214
7164 96 173 213
7165 95 229 213
7166 101 135 217
7167 100 45 216
7168 99 15 216
7169 98 5 215
7170 97 173 215
7171 102 135 218
7172 101 45 218
7173 100 15 217
7174 99 5 217
7175 103 135 220
7176 102 45 219
7177 101 15 219
7178 104 135 221
7179 103 45 221
7180 105 135 223
7181 106 16 224
7182 104 4 222
7183 102 1 220
7184 100 193 218
7185 98 241 216
7186 96 253 214
7187 94 256 212
7188 92 64 210
7189 90 16 208
7190 88 4 206
7191 86 1 204
7192 84 193 202
7193 82 241 200
7194 80 253 198
7195 78 256 196
7196 76 64 194
7197 74 16 192
7198 72 4 190
7199 70 1 188
7200 68 193 186
7201 66 241 184
7202 64 253 182
7203 62 256 180
7204 60 64 178
7205 58 16 176
7206 56 4 174
7207 54 1 172
7208 52 193 170
7209 50 241 168
7210 48 253 166
7211 46 256 164
7212 44 64 162
7213 42 16 160
7214 40 4 158
7215 38 1 156
7216 36 193 154
7217 34 241 152
7218 32 253 150
7219 30 256 148
7220 28 64 146
7221 26 16 144
7222 24 4 142
7223 22 1 140
7224 20 193 138
7225 18 241 136
7226 16 253 134
7227 14 256 132
7228 107 16 226
7229 105 4 224
7230 103 1 222
7231 101 193 220
7232 99 241 218
7233 97 253 216
7234 95 256 214
7235 93 64 212
7236 91 16 210
7237 89 4 208
7238 87 1 206
7239 85 193 204
7240 83 241 202
7241 81 253 200
7242 79 256 198
7243 77 64 196
7244 75 16 194
7245 73 4 192
7246 71 1 190
7247 69 193 188
7248 67 241 186
7249 65 253 184
7250 63 256 182
7251 61 64 180
7252 59 16 178
7253 57 4 176
7254 55 1 174
7255 53 193 172
7256 51 241 170
7257 49 253 168
7258 47 256 166
7259 45 64 164
7260 43 16 162
7261 41 4 160
7262 39 1 158
7263 37 193 156
7264 35 241 154
7265 33 253 152
7266 31 256 150
7267 29 64 148
7268 27 16 146
7269 25 4 144
7270 23 1 142
7271 21 193 140
7272 19 241 138
7273 108 16 227
7274 106 4 225
7275 104 1 223
7276 102 193 221
7277 100 241 219
7278 98 253 217
7279 96 256 215
7280 94 64 213
7281 92 16 211
7282 90 4 209
7283 88 1 207
7284 86 193 205
7285 84 241 203
7286 82 253 201
7287 80 256 199
7288 78 64 197
7289 76 16 195
7290 74 4 193
7291 72 1 191
7292 70 193 189
7293 68 241 187
7294 66 253 185
7295 64 256 183
7296 62 64 181
7297 60 16 179
7298 58 4 177
7299 56 1 175
7300 54 193 173
7301 52 241 171
7302 50 253 169
7303 48 256 167
7304 46 64 165
7305 44 16 163
7306 42 4 161
7307 40 1 159
7308 38 193 157
7309 36 241 155
7310 34 253 153
7311 32 256 151
7312 30 64 149
7313 28 16 147
7314 26 4 145
7315 24 1 143
7316 109 16 229
7317 107 4 227
7318 105 1 225
7319 103 193 223
7320 101 241 221
7321 99 253 219
7322 97 256 217
7323 95 64 215
7324 93 16 213
7325 91 4 211
7326 89 1 209
7327 87 193 207
7328 85 241 205
7329 83 253 203
7330 81 256 201
7331 79 64 199
7332 77 16 197
7333 75 4 195
7334 73 1 193
7335 71 193 191
7336 69 241 189
7337 67 253 187
7338 65 256 185
7339 63 64 183
7340 61 16 181
7341 59 4 179
7342 57 1 177
7343 55 193 175
7344 53 241 173
7345 51 253 171
7346 49 256 169
7347 47 64 167
7348 45 16 165
7349 43 4 163
7350 41 1 161
7351 39 193 159
7352 37 241 157
7353 35 253 155
7354 33 256 153
7355 31 64 151
7356 29 16 149
7357 110 16 230
7358 108 4 228
7359 106 1 226
7360 104 193 224
7361 102 241 222
7362 100 253 220
7363 98 256 218
7364 96 64 216
7365 94 16 214
7366 92 4 212
7367 90 1 210
7368 88 193 208
7369 86 241 206
7370 84 253 204
7371 82 256 202
7372 80 64 200
7373 78 16 198
7374 76 4 196
7375 74 1 194
7376 72 193 192
7377 70 241 190
7378 68 253 188
7379 66 256 186
7380 64 64 184
7381 62 16 182
7382 60 4 180
7383 58 1 178
7384 56 193 176
7385 54 241 174
7386 52 253 172
7387 50 256 170
7388 48 64 168
7389 46 16 166
7390 44 4 164
7391 42 1 162
7392 40 193 160
7393 38 241 158
7394 36 253 156
7395 34 256 154
7396 111 16 232
7397 109 4 230
7398 107 1 228
7399 105 193 226
7400 103 241 224
7401 101 253 222
7402 99 256 220
7403 97 64 218
7404 95 16 216
7405 93 4 214
7406 91 1 212
7407 89 193 210
7408 87 241 208
7409 85 253 206
7410 83 256 204
7411 81 64 202
7412 79 16 200
7413 77 4 198
7414 75 1 196
7415 73 193 194
7416 71 241 192
7417 69 253 190
7418 67 256 188
7419 65 64 186
7420 63 16 184
7421 61 4 182
7422 59 1 180
7423 57 193 178
7424 55 241 176
7425 53 253 174
7426 51 256 172
7427 49 64 170
7428 47 16 168
7429 45 4 166
7430 43 1 164
7431 41 193 162
7432 39 241 160
7433 112 16 233
7434 110 4 231
7435 108 1 229
7436 106 193 227
7437 104 241 225
7438 102 253 223
7439 100 256 221
7440 98 64 219
7441 96 16 217
7442 94 4 215
7443 92 1 213
7444 90 193 211
7445 88 241 209
7446 86 253 207
7447 84 256 205
7448 82 64 203
7449 80 16 201
7450 78 4 199
7451 76 1 197
7452 74 193 195
7453 72 241 193
7454 70 253 191
7455 68 256 189
7456 66 64 187
7457 64 16 185
7458 62 4 183
7459 60 1 181
7460 58 193 179
7461 56 241 177
7462 54 253 175
7463 52 256 173
7464 50 64 171
7465 48 16 169
7466 46 4 167
7467 44 1 165
7468 113 16 235
7469 111 4 233
7470 109 1 231
7471 107 193 229
7472 105 241 227
7473 103 253 225
7474 101 256 223
7475 99 64 221
7476 97 16 219
7477 95 4 217
7478 93 1 215
7479 91 193 213
7480 89 241 211
7481 87 253 209
7482 85 256 207
7483 83 64 205
7484 81 16 203
7485 79 4 201
7486 77 1 199
7487 75 193 197
7488 73 241 195
7489 71 253 193
7490 69 256 191
7491 67 64 189
7492 65 16 187
7493 63 4 185
7494 61 1 183
7495 59 193 181
7496 57 241 179
7497 55 253 177
7498 53 256 175
7499 51 64 173
7500 49 16 171
7501 114 16 236
7502 112 4 234
7503 110 1 232
7504 108 193 230
7505 106 241 228
7506 104 253 226
7507 102 256 224
7508 100 64 222
7509 98 16 220
7510 96 4 218
7511 94 1 216
7512 92 193 214
7513 90 241 212
7514 88 253 210
7515 86 256 208
7516 84 64 206
7517 82 16 204
7518 80 4 202
7519 78 1 200
7520 76 193 198
7521 74 241 196
7522 72 253 194
7523 70 256 192
7524 68 64 190
7525 66 16 188
7526 64 4 186
7527 62 1 184
7528 60 193 182
7529 58 241 180
7530 56 253 178
7531 54 256 176
7532 115 16 238
7533 113 4 236
7534 111 1 234
7535 109 193 232
7536 107 241 230
7537 105 253 228
7538 103 256 226
7539 101 64 224
7540 99 16 222
7541 97 4 220
7542 95 1 218
7543 93 193 216
7544 91 241 214
7545 89 253 212
7546 87 256 210
7547 85 64 208
7548 83 16 206
7549 81 4 204
7550 79 1 202
7551 77 193 200
7552 75 241 198
7553 73 253 196
7554 71 256 194
7555 69 64 192
7556 67 16 190
7557 65 4 188
7558 63 1 186
7559 61 193 184
7560 59 241 182
7561 116 16 239
7562 114 4 237
7563 112 1 235
7564 110 193 233
7565 108 241 231
7566 106 253 229
7567 104 256 227
7568 102 64 225
7569 100 16 223
7570 98 4 221
7571 96 1 219
7572 94 193 217
7573 92 241 215
7574 90 253 213
7575 88 256 211
7576 86 64 209
7577 84 16 207
7578 82 4 205
7579 80 1 203
7580 78 193 201
7581 76 241 199
7582 74 253 197
7583 72 256 195
7584 70 64 193
7585 68 16 191
7586 66 4 189
7587 64 1 187
7588 117 16 241
7589 115 4 239
7590 113 1 237
7591 111 193 235
7592 109 241 233
7593 107 253 231
7594 105 256 229
7595 103 64 227
7596 101 16 225
7597 99 4 223
7598 97 1 221
7599 95 193 219
7600 93 241 217
7601 91 253 215
7602 89 256 213
7603 87 64 211
7604 85 16 209
7605 83 4 207
7606 81 1 205
7607 79 193 203
7608 77 241 201
7609 75 253 199
7610 73 256 197
7611 71 64 195
7612 69 16 193
7613 118 16 242
7614 116 4 240
7615 114 1 238
7616 112 193 236
7617 110 241 234
7618 108 253 232
7619 106 256 230
7620 104 64 228
7621 102 16 226
7622 100 4 224
7623 98 1 222
7624 96 193 220
7625 94 241 218
7626 92 253 216
7627 90 256 214
7628 88 64 212
7629 86 16 210
7630 84 4 208
7631 82 1 206
7632 80 193 204
7633 78 241 202
7634 76 253 200
7635 74 256 198
7636 119 16 244
7637 117 4 242
7638 115 1 240
7639 113 193 238
7640 111 241 236
7641 109 253 234
7642 107 256 232
7643 105 64 230
7644 103 16 228
7645 101 4 226
7646 99 1 224
7647 97 193 222
7648 95 241 220
7649 93 253 218
7650 91 256 216
7651 89 64 214
7652 87 16 212
7653 85 4 210
7654 83 1 208
7655 81 193 206
7656 79 241 204
7657 120 16 245
7658 118 4 243
7659 116 1 241
7660 114 193 239
7661 112 241 237
7662 110 253 235
7663 108 256 233
7664 106 64 231
7665 104 16 229
7666 102 4 227
7667 100 1 225
7668 98 193 223
7669 96 241 221
7670 94 253 219
7671 92 256 217
7672 90 64 215
7673 88 16 213
7674 86 4 211
7675 84 1 209
7676 121 16 247
7677 119 4 245
7678 117 1 243
7679 115 193 241
7680 113 241 239
7681 111 253 237
7682 109 256 235
7683 107 64 233
7684 105 16 231
7685 103 4 229
7686 101 1 227
7687 99 193 225
7688 97 241 223
7689 95 253 221
7690 93 256 219
7691 91 64 217
7692 89 16 215
7693 122 16 248
7694 120 4 246
7695 118 1 244
7696 116 193 242
7697 114 241 240
7698 112 253 238
7699 110 256 236
7700 108 64 234
7701 106 16 232
7702 104 4 230
7703 102 1 228
7704 100 193 226
7705 98 241 224
7706 96 253 222
7707 94 256 220
7708 123 16 250
7709 121 4 248
7710 119 1 246
7711 117 193 244
7712 115 241 242
7713 113 253 240
7714 111 256 238
7715 109 64 236
7716 107 16 234
7717 105 4 232
7718 103 1 230
7719 101 193 228
7720 99 241 226
7721 124 16 251
7722 122 4 249
7723 120 1 247
7724 118 193 245
7725 116 241 243
7726 114 253 241
7727 112 256 239
7728 110 64 237
7729 108 16 235
7730 106 4 233
7731 104 1 231
7732 125 16 253
7733 123 4 251
7734 121 1 249
7735 119 193 247
7736 117 241 245
7737 115 253 243
7738 113 256 241
7739 111 64 239
7740 109 16 237
7741 126 16 254
7742 124 4 252
7743 122 1 250
7744 120 193 248
7745 118 241 246
7746 116 253 244
7747 114 256 242
7748 127 16 256
7749 125 4 254
7750 123 1 252
7751 121 193 250
7752 119 241 248
7753 128 16 257
7754 126 4 255
7755 124 1 253
7756 129 16 259
7757 0 8 125
7758 0 8 126
7759 0 8 127
7760 0 8 128
7761 0 8 129
7762 0 8 130
7763 0 8 131
7764 0 8 132
7765 0 8 133
7766 0 8 134
7767 0 8 135
7768 0 8 136
7769 0 8 137
7770 0 8 138
7771 0 8 139
7772 0 8 140
7773 0 8 141
7774 0 8 142
7775 0 8 143
7776 0 8 144
7777 0 8 145
7778 0 8 146
7779 0 8 147
7780 0 8 148
7781 0 8 149
7782 0 8 150
7783 0 8 151
7784 0 8 152
7785 0 8 153
7786 0 8 154
7787 0 8 155
7788 0 8 156
7789 0 8 157
7790 0 8 158
7791 0 8 159
7792 0 8 160
7793 0 8 161
7794 0 8 162
7795 0 8 163
7796 0 8 164
7797 0 8 165
7798 0 8 166
7799 0 8 167
7800 0 8 168
7801 1 4 125
7802 1 4 126
7803 1 4 127
7804 1 4 128
7805 1 4 129
7806 1 4 130
7807 1 4 131
7808 1 4 132
7809 1 4 133
7810 1 4 134
7811 1 4 135
7812 1 4 136
7813 1 4 137
7814 1 4 138
7815 1 4 139
7816 1 4 140
7817 1 4 141
7818 1 4 142
7819 1 4 143
7820 1 4 144
7821 1 4 145
7822 1 4 146
7823 1 4 147
7824 1 4 148
7825 1 4 149
7826 1 4 150
7827 1 4 151
7828 1 4 152
7829 1 4 153
7830 1 4 154
7831 1 4 155
7832 1 4 156
7833 1 4 157
7834 1 4 158
7835 1 4 159
7836 1 4 160
7837 1 4 161
7838 1 4 162
7839 1 4 163
7840 1 4 164
7841 1 4 165
7842 1 4 166
7843 1 4 167
7844 2 2 125
7845 2 2 126
7846 2 2 127
7847 2 2 128
7848 2 2 129
7849 2 2 130
7850 2 2 131
7851 2 2 132
7852 2 2 133
7853 2 2 134
7854 2 2 135
7855 2 2 136
7856 2 2 137
7857 2 2 138
7858 2 2 139
7859 2 2 140
7860 2 2 141
7861 2 2 142
7862 2 2 143
7863 2 2 144
7864 2 2 145
7865 2 2 146
7866 2 2 147
7867 2 2 148
7868 2 2 149
7869 2 2 150
7870 2 2 151
7871 2 2 152
7872 2 2 153
7873 2 2 154
7874 2 2 155
7875 2 2 156
7876 2 2 157
7877 2 2 158
7878 2 2 159
7879 2 2 160
7880 2 2 161
7881 2 2 162
7882 2 2 163
7883 2 2 164
7884 2 2 165
7885 2 2 166
7886 3 1 125
7887 3 1 126
7888 3 1 127
7889 3 1 128
7890 3 1 129
7891 3 1 130
7892 3 1 131
7893 3 1 132
7894 3 1 133
7895 3 1 134
7896 3 1 135
7897 3 1 136
7898 3 1 137
7899 3 1 138
7900 3 1 139
7901 3 1 140
7902 3 1 141
7903 3 1 142
7904 3 1 143
7905 3 1 144
7906 3 1 145
7907 3 1 146
7908 3 1 147
7909 3 1 148
7910 3 1 149
7911 3 1 150
7912 3 1 151
7913 3 1 152
7914 3 1 153
7915 3 1 154
7916 3 1 155
7917 3 1 156
7918 3 1 157
7919 3 1 158
7920 3 1 159
7921 3 1 160
7922 3 1 161
7923 3 1 162
7924 3 1 163
7925 3 1 164
7926 3 1 165
7927 4 129 125
7928 4 129 126
7929 4 129 127
7930 4 129 128
7931 4 129 129
7932 4 129 130
7933 4 129 131
7934 4 129 132
7935 4 129 133
7936 4 129 134
7937 4 129 135
7938 4 129 136
7939 4 129 137
7940 4 129 138
7941 4 129 139
7942 4 129 140
7943 4 129 141
7944 4 129 142
7945 4 129 143
7946 4 129 144
7947 4 129 145
7948 4 129 146
7949 4 129 147
7950 4 129 148
7951 4 129 149
7952 4 129 150
7953 4 129 151
7954 4 129 152
7955 4 129 153
7956 4 129 154
7957 4 129 155
7958 4 129 156
7959 4 129 157
7960 4 129 158
7961 4 129 159
7962 4 129 160
7963 4 129 161
7964 4 129 162
7965 4 129 163
7966 4 129 164
7967 5 129 126
7968 6 64 126
7969 5 193 127
7970 5 193 128
7971 5 193 129
7972 5 193 130
7973 5 193 131
7974 5 193 132
7975 5 193 133
7976 5 193 134
7977 5 193 135
7978 5 193 136
7979 5 193 137
7980 5 193 138
7981 5 193 139
7982 5 193 140
7983 5 193 141
7984 5 193 142
7985 5 193 143
7986 5 193 144
7987 5 193 145
7988 5 193 146
7989 5 193 147
7990 5 193 148
7991 5 193 149
7992 5 193 150
7993 5 193 151
7994 5 193 152
7995 5 193 153
7996 5 193 154
7997 5 193 155
7998 5 193 156
7999 5 193 157
8000 5 193 158
8001 5 193 159
8002 5 193 160
8003 5 193 161
8004 5 193 162
8005 5 193 163
8006 6 129 127
8007 7 64 127
8008 8 225 127
8009 6 225 128
8010 6 225 129
8011 6 225 130
8012 6 225 131
8013 6 225 132
8014 6 225 133
8015 6 225 134
8016 6 225 135
8017 6 225 136
8018 6 225 137
8019 6 225 138
8020 6 225 139
8021 6 225 140
8022 6 225 141
8023 6 225 142
8024 6 225 143
8025 6 225 144
8026 6 225 145
8027 6 225 146
8028 6 225 147
8029 6 225 148
8030 6 225 149
8031 6 225 150
8032 6 225 151
8033 6 225 152
8034 6 225 153
8035 6 225 154
8036 6 225 155
8037 6 225 156
8038 6 225 157
8039 6 225 158
8040 6 225 159
8041 6 225 160
8042 6 225 161
8043 6 225 162
8044 7 129 128
8045 8 64 128
8046 9 225 128
8047 10 16 128
8048 7 241 129
8049 7 241 130
8050 7 241 131
8051 7 241 132
8052 7 241 133
8053 7 241 134
8054 7 241 135
8055 7 241 136
8056 7 241 137
8057 7 241 138
8058 7 241 139
8059 7 241 140
8060 7 241 141
8061 7 241 142
8062 7 241 143
8063 7 241 144
8064 7 241 145
8065 7 241 146
8066 7 241 147
8067 7 241 148
8068 7 241 149
8069 7 241 150
8070 7 241 151
8071 7 241 152
8072 7 241 153
8073 7 241 154
8074 7 241 155
8075 7 241 156
8076 7 241 157
8077 7 241 158
8078 7 241 159
8079 7 241 160
8080 7 241 161
8081 8 129 129
8082 9 64 129
8083 10 225 129
8084 8 225 130
8085 11 8 130
8086 12 253 130
8087 8 249 131
8088 8 249 132
8089 8 249 133
8090 8 249 134
8091 8 249 135
8092 8 249 136
8093 8 249 137
8094 8 249 138
8095 8 249 139
8096 8 249 140
8097 8 249 141
8098 8 249 142
8099 8 249 143
8100 8 249 144
8101 8 249 145
8102 8 249 146
8103 8 249 147
8104 8 249 148
8105 8 249 149
8106 8 249 150
8107 8 249 151
8108 8 249 152
8109 8 249 153
8110 8 249 154
8111 8 249 155
8112 8 249 156
8113 8 249 157
8114 8 249 158
8115 8 249 159
8116 8 249 160
8117 9 129 130
8118 10 64 130
8119 9 193 131
8120 11 241 131
8121 12 8 131
8122 9 241 132
8123 13 255 132
8124 9 249 133
8125 14 129 133
8126 9 253 134
8127 9 253 135
8128 9 253 136
8129 9 253 137
8130 9 253 138
8131 9 253 139
8132 9 253 140
8133 9 253 141
8134 9 253 142
8135 9 253 143
8136 9 253 144
8137 9 253 145
8138 9 253 146
8139 9 253 147
8140 9 253 148
8141 9 253 149
8142 9 253 150
8143 9 253 151
8144 9 253 152
8145 9 253 153
8146 9 253 154
8147 9 253 155
8148 9 253 156
8149 9 253 157
8150 9 253 158
8151 9 253 159
8152 10 129 131
8153 10 129 132
8154 11 32 132
8155 12 241 132
8156 10 225 133
8157 13 4 133
8158 10 241 134
8159 14 256 134
8160 15 129 134
8161 10 253 135
8162 16 32 135
8163 10 255 136
8164 10 255 137
8165 10 255 138
8166 10 255 139
8167 10 255 140
8168 10 255 141
8169 10 255 142
8170 10 255 143
8171 10 255 144
8172 10 255 145
8173 10 255 146
8174 10 255 147
8175 10 255 148
8176 10 255 149
8177 10 255 150
8178 10 255 151
8179 10 255 152
8180 10 255 153
8181 10 255 154
8182 10 255 155
8183 10 255 156
8184 10 255 157
8185 10 255 158
8186 11 129 133
8187 12 194 133
8188 11 219 134
8189 12 181 134
8190 13 249 134
8191 11 225 135
8192 14 2 135
8193 15 256 135
8194 11 249 136
8195 16 193 136
8196 17 32 136
8197 11 255 137
8198 18 249 137
8199 11 256 138
8200 11 256 139
8201 11 256 140
8202 11 256 141
8203 11 256 142
8204 11 256 143
8205 11 256 144
8206 11 256 145
8207 11 256 146
8208 11 256 147
8209 11 256 148
8210 11 256 149
8211 11 256 150
8212 11 256 151
8213 11 256 152
8214 11 256 153
8215 11 256 154
8216 11 256 155
8217 11 256 156
8218 11 256 157
8219 12 129 135
8220 13 194 135
8221 12 219 136
8222 13 181 136
8223 14 249 136
8224 15 137 136
8225 12 36 137
8226 15 60 137
8227 16 128 137
8228 17 193 137
8229 12 253 138
8230 18 16 138
8231 12 255 139
8232 19 253 139
8233 20 2 139
8234 12 128 140
8235 12 128 141
8236 12 128 142
8237 12 128 143
8238 12 128 144
8239 12 128 145
8240 12 128 146
8241 12 128 147
8242 12 128 148
8243 12 128 149
8244 12 128 150
8245 12 128 151
8246 12 128 152
8247 12 128 153
8248 12 128 154
8249 12 128 155
8250 12 128 156
8251 13 129 137
8252 14 194 137
8253 13 219 138
8254 14 181 138
8255 15 249 138
8256 16 137 138
8257 17 128 138
8258 13 197 139
8259 16 8 139
8260 17 33 139
8261 18 225 139
8262 13 253 140
8263 19 8 140
8264 20 253 140
8265 13 256 141
8266 21 1 141
8267 22 128 141
8268 13 64 142
8269 13 64 143
8270 13 64 144
8271 13 64 145
8272 13 64 146
8273 13 64 147
8274 13 64 148
8275 13 64 149
8276 13 64 150
8277 13 64 151
8278 13 64 152
8279 13 64 153
8280 13 64 154
8281 13 64 155
8282 14 129 139
8283 15 194 139
8284 14 219 140
8285 15 181 140
8286 16 249 140
8287 17 137 140
8288 18 128 140
8289 14 197 141
8290 17 8 141
8291 18 33 141
8292 19 225 141
8293 20 60 141
8294 14 185 142
8295 20 122 142
8296 21 255 142
8297 22 1 142
8298 14 128 143
8299 23 64 143
8300 14 64 144
8301 24 241 144
8302 14 32 145
8303 14 32 146
8304 14 32 147
8305 14 32 148
8306 14 32 149
8307 14 32 150
8308 14 32 151
8309 14 32 152
8310 14 32 153
8311 14 32 154
8312 15 129 141
8313 16 194 141
8314 15 219 142
8315 16 181 142
8316 17 249 142
8317 18 137 142
8318 19 128 142
8319 15 197 143
8320 18 8 143
8321 19 33 143
8322 20 225 143
8323 21 60 143
8324 22 31 143
8325 15 109 144
8326 21 80 144
8327 22 188 144
8328 23 129 144
8329 15 128 145
8330 24 32 145
8331 25 241 145
8332 15 32 146
8333 26 4 146
8334 15 16 147
8335 15 16 148
8336 15 16 149
8337 15 16 150
8338 15 16 151
8339 15 16 152
8340 15 16 153
8341 16 129 143
8342 17 194 143
8343 16 219 144
8344 17 181 144
8345 18 249 144
8346 19 137 144
8347 20 128 144
8348 16 197 145
8349 19 8 145
8350 20 33 145
8351 21 225 145
8352 22 60 145
8353 23 31 145
8354 16 109 146
8355 22 80 146
8356 23 188 146
8357 24 129 146
8358 25 123 146
8359 16 55 147
8360 25 177 147
8361 26 249 147
8362 27 4 147
8363 16 16 148
8364 28 256 148
8365 16 8 149
8366 16 8 150
8367 16 8 151
8368 16 8 152
8369 17 129 145
8370 18 194 145
8371 17 219 146
8372 18 181 146
8373 19 249 146
8374 20 137 146
8375 21 128 146
8376 17 197 147
8377 20 8 147
8378 21 33 147
8379 22 225 147
8380 23 60 147
8381 24 31 147
8382 17 109 148
8383 23 80 148
8384 24 188 148
8385 25 129 148
8386 26 123 148
8387 27 41 148
8388 17 13 149
8389 26 201 149
8390 27 252 149
8391 28 2 149
8392 17 16 150
8393 29 128 150
8394 30 193 150
8395 17 4 151
8396 18 129 147
8397 19 194 147
8398 18 219 148
8399 19 181 148
8400 20 249 148
8401 21 137 148
8402 22 128 148
8403 18 197 149
8404 21 8 149
8405 22 33 149
8406 23 225 149
8407 24 60 149
8408 25 31 149
8409 18 109 150
8410 24 80 150
8411 25 188 150
8412 26 129 150
8413 27 123 150
8414 28 41 150
8415 18 13 151
8416 27 201 151
8417 28 252 151
8418 29 2 151
8419 30 119 151
8420 17 231 152
8421 18 1 152
8422 19 129 149
8423 20 194 149
8424 19 219 150
8425 20 181 150
8426 21 249 150
8427 22 137 150
8428 23 128 150
8429 19 197 151
8430 22 8 151
8431 23 33 151
8432 24 225 151
8433 25 60 151
8434 26 31 151
8435 19 109 152
8436 25 80 152
8437 26 188 152
8438 27 129 152
8439 28 123 152
8440 29 41 152
8441 30 218 152
8442 31 248 152
8443 32 36 152
8444 16 185 153
8445 17 135 153
8446 18 96 153
8447 20 129 151
8448 21 194 151
8449 20 219 152
8450 21 181 152
8451 22 249 152
8452 23 137 152
8453 24 128 152
8454 19 120 153
8455 20 217 153
8456 23 223 153
8457 24 20 153
8458 25 18 153
8459 26 228 153
8460 27 109 153
8461 28 37 153
8462 29 175 153
8463 30 174 153
8464 31 204 153
8465 32 15 153
8466 15 74 154
8467 16 29 154
8468 17 150 154
8469 18 24 154
8470 19 113 154
8471 21 129 153
8472 22 194 153
8473 20 139 154
8474 21 174 154
8475 22 117 154
8476 23 241 154
8477 24 91 154
8478 25 196 154
8479 26 183 154
8480 28 157 154
8481 27 201 154
8482 29 42 154
8483 30 218 154
8484 31 10 154
8485 32 111 154
8486 33 179 154
8487 14 247 155
8488 15 5 155
8489 16 124 155
8490 17 178 155
8491 18 71 155
8492 19 159 155
8493 20 36 155
8494 21 208 155
8495 22 190 155
8496 23 223 155
8497 24 91 155
8498 25 197 155
8499 26 23 155
8500 27 194 155
8501 28 23 155
8502 29 109 155
8503 30 192 155
8504 31 10 155
8505 32 41 155
8506 33 215 155
8507 34 164 155
8508 13 154 156
8509 14 22 156
8510 15 152 156
8511 16 85 156
8512 17 22 156
8513 18 170 156
8514 19 66 156
8515 20 187 156
8516 21 127 156
8517 22 156 156
8518 23 230 156
8519 24 87 156
8520 25 168 156
8521 26 185 156
8522 27 47 156
8523 28 227 156
8524 29 28 156
8525 30 185 156
8526 31 134 156
8527 32 58 156
8528 33 66 156
8529 34 3 156
8530 35 50 156
8531 12 208 157
8532 13 69 157
8533 14 32 157
8534 15 29 157
8535 16 94 157
8536 17 3 157
8537 18 213 157
8538 19 157 157
8539 20 244 157
8540 21 243 157
8541 22 142 157
8542 23 237 157
8543 24 116 157
8544 25 191 157
8545 26 108 157
8546 27 30 157
8547 28 110 157
8548 29 49 157
8549 30 145 157
8550 31 203 157
8551 32 249 157
8552 33 40 157
8553 34 13 157
8554 35 172 157
8555 36 132 157
8556 11 92 158
8557 12 174 158
8558 13 127 158
8559 14 30 158
8560 15 19 158
8561 16 255 158
8562 17 170 158
8563 18 124 158
8564 19 217 158
8565 20 243 158
8566 21 206 158
8567 22 25 158
8568 23 254 158
8569 24 168 158
8570 25 95 158
8571 26 21 158
8572 27 105 158
8573 28 147 158
8574 29 98 158
8575 30 206 158
8576 31 37 158
8577 32 129 158
8578 33 249 158
8579 34 19 158
8580 35 154 158
8581 36 118 158
8582 37 149 158
8583 10 74 159
8584 11 162 159
8585 12 167 159
8586 13 244 159
8587 14 169 159
8588 15 39 159
8589 16 99 159
8590 17 185 159
8591 18 30 159
8592 19 164 159
8593 20 55 159
8594 21 101 159
8595 22 248 159
8596 23 125 159
8597 24 13 159
8598 25 149 159
8599 26 175 159
8600 27 108 159
8601 28 36 159
8602 29 102 159
8603 30 175 159
8604 31 147 159
8605 32 177 159
8606 33 128 159
8607 34 121 159
8608 35 86 159
8609 36 248 159
8610 37 96 159
8611 38 255 159
8612 9 17 160
8613 10 138 160
8614 11 21 160
8615 12 63 160
8616 13 225 160
8617 14 253 160
8618 15 222 160
8619 16 157 160
8620 17 169 160
8621 18 90 160
8622 19 70 160
8623 20 67 160
8624 21 189 160
8625 22 24 160
8626 23 6 160
8627 24 118 160
8628 25 15 160
8629 26 163 160
8630 27 225 160
8631 28 53 160
8632 29 34 160
8633 30 98 160
8634 31 2 160
8635 32 80 160
8636 33 26 160
8637 34 149 160
8638 35 142 160
8639 36 236 160
8640 37 6 160
8641 38 238 160
8642 8 24 161
8643 9 95 161
8644 10 102 161
8645 11 191 161
8646 12 173 161
8647 13 185 161
8648 14 137 161
8649 15 30 161
8650 16 37 161
8651 17 220 161
8652 18 198 161
8653 19 217 161
8654 20 110 161
8655 21 252 161
8656 22 224 161
8657 23 43 161
8658 24 225 161
8659 25 189 161
8660 26 204 161
8661 27 191 161
8662 28 4 161
8663 29 208 161
8664 30 53 161
8665 31 209 161
8666 32 126 161
8667 33 154 161
8668 34 78 161
8669 35 164 161
8670 36 4 161
8671 37 135 161
8672 38 71 161
8673 39 99 161
8674 40 172 161
8675 7 2 162
8676 8 80 162
8677 9 248 162
8678 11 28 162
8679 13 184 162
8680 14 145 162
8681 15 190 162
8682 16 27 162
8683 17 97 162
8684 18 236 162
8685 19 245 162
8686 20 133 162
8687 21 255 162
8688 22 71 162
8689 23 18 162
8690 24 239 162
8691 25 130 162
8692 26 227 162
8693 27 61 162
8694 28 25 162
8695 29 187 162
8696 30 192 162
8697 31 82 162
8698 32 16 162
8699 33 99 162
8700 34 52 162
8701 35 164 162
8702 36 117 162
8703 37 255 162
8704 38 200 162
8705 39 48 162
8706 40 172 162
8707 6 76 163
8708 7 23 163
8709 19 100 163
8710 21 223 163
8711 23 191 163
8712 24 155 163
8713 25 183 163
8714 26 147 163
8715 27 247 163
8716 28 211 163
8717 29 161 163
8718 30 244 163
8719 31 63 163
8720 32 251 163
8721 33 59 163
8722 34 62 163
8723 35 228 163
8724 36 174 163
8725 37 241 163
8726 38 220 163
8727 39 73 163
8728 40 70 163
8729 41 163 163
8730 42 238 163
8731 5 36 164
8732 29 176 164
8733 31 138 164
8734 33 152 164
8735 34 94 164
8736 35 209 164
8737 36 37 164
8738 37 113 164
8739 38 2 164
8740 39 208 164
8741 40 82 164
8742 41 160 164
8743 42 220 164
8744 39 75 165
8745 41 130 165
8746 43 241 165
8747 44 8 166
8748 43 4 166
8749 42 1 165
8750 41 129 166
8751 40 225 165
8752 39 241 166
8753 38 253 165
8754 37 255 165
8755 36 128 165
8756 35 64 165
8757 34 16 165
8758 33 8 165
8759 32 2 164
8760 31 1 165
8761 30 193 164
8762 29 225 165
8763 28 249 164
8764 27 253 164
8765 26 256 164
8766 25 128 164
8767 24 32 164
8768 23 16 164
8769 22 4 163
8770 21 2 164
8771 20 129 163
8772 19 193 164
8773 18 241 163
8774 17 249 163
8775 16 255 163
8776 15 256 163
8777 14 64 163
8778 13 32 163
8779 12 8 162
8780 11 4 163
8781 10 1 162
8782 9 129 163
8783 8 225 163
8784 10 100 163
8785 12 76 163
8786 6 35 164
8787 7 3 164
8788 8 25 164
8789 9 39 164
8790 10 153 164
8791 12 87 164
8792 14 213 164
8793 16 54 164
8794 45 8 167
8795 44 2 167
8796 43 1 167
8797 42 193 166
8798 41 225 167
8799 40 249 166
8800 39 253 167
8801 38 256 166
8802 37 128 166
8803 36 32 166
8804 35 16 166
8805 34 4 166
8806 33 2 166
8807 32 129 165
8808 31 193 166
8809 30 241 165
8810 29 249 166
8811 28 255 165
8812 27 256 165
8813 26 64 165
8814 25 32 165
8815 24 8 165
8816 23 4 165
8817 22 1 164
8818 21 129 165
8819 20 225 164
8820 19 241 165
8821 18 253 164
8822 17 255 164
8823 4 130 165
8824 15 64 164
8825 5 24 165
8826 13 8 164
8827 6 41 165
8828 11 1 164
8829 7 8 165
8830 8 144 165
8831 9 14 165
8832 10 215 165
8833 11 11 165
8834 12 66 165
8835 13 32 165
8836 14 136 165
8837 15 66 165
8838 16 241 165
8839 17 55 165
8840 46 4 168
8841 45 2 168
8842 44 129 168
8843 43 193 168
8844 42 241 167
8845 41 249 168
8846 40 255 167
8847 39 256 168
8848 38 64 167
8849 37 32 167
8850 36 8 167
8851 35 4 167
8852 34 1 167
8853 33 129 167
8854 32 225 166
8855 31 241 167
8856 30 253 166
8857 29 255 167
8858 28 128 166
8859 27 64 166
8860 26 16 166
8861 25 8 166
8862 24 2 166
8863 23 1 166
8864 22 193 165
8865 21 225 166
8866 20 249 165
8867 19 253 166
8868 18 256 165
8869 3 253 166
8870 4 131 166
8871 5 224 166
8872 6 186 166
8873 7 108 166
8874 8 69 166
8875 9 165 166
8876 10 68 166
8877 11 129 166
8878 12 196 166
8879 13 137 166
8880 14 163 166
8881 15 237 166
8882 16 91 166
8883 17 173 166
8884 18 15 166
8885 47 4 169
8886 46 1 169
8887 45 129 169
8888 44 225 169
8889 43 241 169
8890 42 253 168
8891 41 255 169
8892 40 128 168
8893 39 64 169
8894 38 16 168
8895 37 8 168
8896 36 2 168
8897 35 1 168
8898 34 193 168
8899 33 225 168
8900 32 249 167
8901 31 253 168
8902 30 256 167
8903 29 128 168
8904 28 32 167
8905 27 16 167
8906 26 4 167
8907 25 2 167
8908 24 129 167
8909 23 193 167
8910 22 241 166
8911 21 249 167
8912 20 255 166
8913 19 256 167
8914 2 32 167
8915 3 51 167
8916 4 146 167
8917 5 235 167
8918 6 141 167
8919 7 144 167
8920 8 235 167
8921 9 65 167
8922 10 226 167
8923 11 79 167
8924 12 253 167
8925 13 215 167
8926 14 58 167
8927 15 150 167
8928 16 21 167
8929 48 2 170
8930 47 1 170
8931 46 193 170
8932 45 225 170
8933 44 249 170
8934 43 253 170
8935 42 256 169
8936 41 128 170
8937 40 32 169
8938 39 16 170
8939 38 4 169
8940 37 2 169
8941 36 129 169
8942 35 193 169
8943 34 241 169
8944 33 249 169
8945 32 255 168
8946 31 256 169
8947 30 64 168
8948 29 32 169
8949 28 8 168
8950 27 4 168
8951 26 1 168
8952 25 129 168
8953 24 225 168
8954 23 241 168
8955 22 253 167
8956 21 255 168
8957 20 128 167
8958 19 64 168
8959 18 16 167
8960 17 8 167
8961 1 169 168
8962 2 156 168
8963 3 145 168
8964 4 91 168
8965 5 23 168
8966 6 135 168
8967 7 227 168
8968 8 72 168
8969 9 159 168
8970 10 107 168
8971 11 86 168
8972 49 2 172
8973 48 129 171
8974 47 193 171
8975 46 241 171
8976 45 249 171
8977 44 255 171
8978 43 256 171
8979 42 64 170
8980 41 32 171
8981 40 8 170
8982 39 4 171
8983 38 1 170
8984 37 129 170
8985 36 225 170
8986 35 241 170
8987 34 253 170
8988 33 255 170
8989 32 128 169
8990 31 64 170
8991 30 16 169
8992 29 8 170
8993 28 2 169
8994 27 1 169
8995 26 193 169
8996 25 225 169
8997 24 249 169
8998 23 253 169
8999 22 256 168
9000 21 128 169
9001 20 32 168
9002 19 16 169
9003 18 4 168
9004 17 2 168
9005 16 129 168
9006 15 193 168
9007 14 241 168
9008 13 249 168
9009 12 9 168
9010 0 99 169
9011 1 82 169
9012 2 85 169
9013 11 124 169
9014 50 1 172
9015 49 129 173
9016 48 225 172
9017 47 241 172
9018 46 253 172
9019 45 255 172
9020 44 128 172
9021 43 64 172
9022 42 16 171
9023 41 8 172
9024 40 2 171
9025 39 1 172
9026 38 193 171
9027 37 225 171
9028 36 249 171
9029 35 253 171
9030 34 256 171
9031 33 128 171
9032 32 32 170
9033 31 16 171
9034 30 4 170
9035 29 2 171
9036 28 129 170
9037 27 193 170
9038 26 241 170
9039 25 249 170
9040 24 255 170
9041 23 256 170
9042 22 64 169
9043 21 32 170
9044 20 8 169
9045 19 4 170
9046 18 1 169
9047 17 129 169
9048 16 225 169
9049 15 241 169
9050 14 253 169
9051 13 255 169
9052 12 36 169
9053 0 13 170
9054 1 218 170
9055 51 1 174
9056 50 193 173
9057 49 225 174
9058 48 249 173
9059 47 253 173
9060 46 256 173
9061 45 128 173
9062 44 32 173
9063 43 16 173
9064 42 4 172
9065 41 2 173
9066 40 129 172
9067 39 193 173
9068 38 241 172
9069 37 249 172
9070 36 255 172
9071 35 256 172
9072 34 64 172
9073 33 32 172
9074 32 8 171
9075 31 4 172
9076 30 1 171
9077 29 129 172
9078 28 225 171
9079 27 241 171
9080 26 253 171
9081 25 255 171
9082 24 128 171
9083 23 64 171
9084 22 16 170
9085 21 8 171
9086 20 2 170
9087 19 1 171
9088 18 193 170
9089 17 225 170
9090 16 249 170
9091 15 253 170
9092 14 256 170
9093 13 128 170
9094 0 45 171
9095 52 129 174
9096 51 193 175
9097 50 241 174
9098 49 249 175
9099 48 255 174
9100 47 256 174
9101 46 64 174
9102 45 32 174
9103 44 8 174
9104 43 4 174
9105 42 1 173
9106 41 129 174
9107 40 225 173
9108 39 241 174
9109 38 253 173
9110 37 255 173
9111 36 128 173
9112 35 64 173
9113 34 16 173
9114 33 8 173
9115 32 2 172
9116 31 1 173
9117 30 193 172
9118 29 225 173
9119 28 249 172
9120 27 253 172
9121 26 256 172
9122 25 128 172
9123 24 32 172
9124 23 16 172
9125 22 4 171
9126 21 2 172
9127 20 129 171
9128 19 193 172
9129 18 241 171
9130 17 249 171
9131 16 255 171
9132 15 256 171
9133 14 64 171
9134 53 129 176
9135 52 225 175
9136 51 241 176
9137 50 253 175
9138 49 255 176
9139 48 128 175
9140 47 64 175
9141 46 16 175
9142 45 8 175
9143 44 2 175
9144 43 1 175
9145 42 193 174
9146 41 225 175
9147 40 249 174
9148 39 253 175
9149 38 256 174
9150 37 128 174
9151 36 32 174
9152 35 16 174
9153 34 4 174
9154 33 2 174
9155 32 129 173
9156 31 193 174
9157 30 241 173
9158 29 249 174
9159 28 255 173
9160 27 256 173
9161 26 64 173
9162 25 32 173
9163 24 8 173
9164 23 4 173
9165 22 1 172
9166 21 129 173
9167 20 225 172
9168 19 241 173
9169 18 253 172
9170 17 255 172
9171 16 128 172
9172 54 193 177
9173 53 225 177
9174 52 249 176
9175 51 253 177
9176 50 256 176
9177 49 128 177
9178 48 32 176
9179 47 16 176
9180 46 4 176
9181 45 2 176
9182 44 129 176
9183 43 193 176
9184 42 241 175
9185 41 249 176
9186 40 255 175
9187 39 256 176
9188 38 64 175
9189 37 32 175
9190 36 8 175
9191 35 4 175
9192 34 1 175
9193 33 129 175
9194 32 225 174
9195 31 241 175
9196 30 253 174
9197 29 255 175
9198 28 128 174
9199 27 64 174
9200 26 16 174
9201 25 8 174
9202 24 2 174
9203 23 1 174
9204 22 193 173
9205 21 225 174
9206 20 249 173
9207 19 253 174
9208 18 256 173
9209 55 193 178
9210 54 241 178
9211 53 249 178
9212 52 255 177
9213 51 256 178
9214 50 64 177
9215 49 32 178
9216 48 8 177
9217 47 4 177
9218 46 1 177
9219 45 129 177
9220 44 225 177
9221 43 241 177
9222 42 253 176
9223 41 255 177
9224 40 128 176
9225 39 64 177
9226 38 16 176
9227 37 8 176
9228 36 2 176
9229 35 1 176
9230 34 193 176
9231 33 225 176
9232 32 249 175
9233 31 253 176
9234 30 256 175
9235 29 128 176
9236 28 32 175
9237 27 16 175
9238 26 4 175
9239 25 2 175
9240 24 129 175
9241 23 193 175
9242 22 241 174
9243 21 249 175
9244 20 255 174
9245 56 225 179
9246 55 241 179
9247 54 253 179
9248 53 255 179
9249 52 128 178
9250 51 64 179
9251 50 16 178
9252 49 8 179
9253 48 2 178
9254 47 1 178
9255 46 193 178
9256 45 225 178
9257 44 249 178
9258 43 253 178
9259 42 256 177
9260 41 128 178
9261 40 32 177
9262 39 16 178
9263 38 4 177
9264 37 2 177
9265 36 129 177
9266 35 193 177
9267 34 241 177
9268 33 249 177
9269 32 255 176
9270 31 256 177
9271 30 64 176
9272 29 32 177
9273 28 8 176
9274 27 4 176
9275 26 1 176
9276 25 129 176
9277 24 225 176
9278 23 241 176
9279 22 253 175
9280 57 225 180
9281 56 249 180
9282 55 253 180
9283 54 256 180
9284 53 128 180
9285 52 32 179
9286 51 16 180
9287 50 4 179
9288 49 2 180
9289 48 129 179
9290 47 193 179
9291 46 241 179
9292 45 249 179
9293 44 255 179
9294 43 256 179
9295 42 64 178
9296 41 32 179
9297 40 8 178
9298 39 4 179
9299 38 1 178
9300 37 129 178
9301 36 225 178
9302 35 241 178
9303 34 253 178
9304 33 255 178
9305 32 128 177
9306 31 64 178
9307 30 16 177
9308 29 8 178
9309 28 2 177
9310 27 1 177
9311 26 193 177
9312 25 225 177
9313 24 249 177
9314 58 241 181
9315 57 249 181
9316 56 255 181
9317 55 256 181
9318 54 64 181
9319 53 32 181
9320 52 8 180
9321 51 4 181
9322 50 1 180
9323 49 129 181
9324 48 225 180
9325 47 241 180
9326 46 253 180
9327 45 255 180
9328 44 128 180
9329 43 64 180
9330 42 16 179
9331 41 8 180
9332 40 2 179
9333 39 1 180
9334 38 193 179
9335 37 225 179
9336 36 249 179
9337 35 253 179
9338 34 256 179
9339 33 128 179
9340 32 32 178
9341 31 16 179
9342 30 4 178
9343 29 2 179
9344 28 129 178
9345 27 193 178
9346 26 241 178
9347 59 241 183
9348 58 253 182
9349 57 255 182
9350 56 128 182
9351 55 64 182
9352 54 16 182
9353 53 8 182
9354 52 2 181
9355 51 1 182
9356 50 193 181
9357 49 225 182
9358 48 249 181
9359 47 253 181
9360 46 256 181
9361 45 128 181
9362 44 32 181
9363 43 16 181
9364 42 4 180
9365 41 2 181
9366 40 129 180
9367 39 193 181
9368 38 241 180
9369 37 249 180
9370 36 255 180
9371 35 256 180
9372 34 64 180
9373 33 32 180
9374 32 8 179
9375 31 4 180
9376 30 1 179
9377 29 129 180
9378 28 225 179
9379 60 249 183
9380 59 253 184
9381 58 256 183
9382 57 128 183
9383 56 32 183
9384 55 16 183
9385 54 4 183
9386 53 2 183
9387 52 129 182
9388 51 193 183
9389 50 241 182
9390 49 249 183
9391 48 255 182
9392 47 256 182
9393 46 64 182
9394 45 32 182
9395 44 8 182
9396 43 4 182
9397 42 1 181
9398 41 129 182
9399 40 225 181
9400 39 241 182
9401 38 253 181
9402 37 255 181
9403 36 128 181
9404 35 64 181
9405 34 16 181
9406 33 8 181
9407 32 2 180
9408 31 1 181
9409 30 193 180
9410 61 249 185
9411 60 255 184
9412 59 256 185
9413 58 64 184
9414 57 32 184
9415 56 8 184
9416 55 4 184
9417 54 1 184
9418 53 129 184
9419 52 225 183
9420 51 241 184
9421 50 253 183
9422 49 255 184
9423 48 128 183
9424 47 64 183
9425 46 16 183
9426 45 8 183
9427 44 2 183
9428 43 1 183
9429 42 193 182
9430 41 225 183
9431 40 249 182
9432 39 253 183
9433 38 256 182
9434 37 128 182
9435 36 32 182
9436 35 16 182
9437 34 4 182
9438 33 2 182
9439 32 129 181
9440 62 253 185
9441 61 255 186
9442 60 128 185
9443 59 64 186
9444 58 16 185
9445 57 8 185
9446 56 2 185
9447 55 1 185
9448 54 193 185
9449 53 225 185
9450 52 249 184
9451 51 253 185
9452 50 256 184
9453 49 128 185
9454 48 32 184
9455 47 16 184
9456 46 4 184
9457 45 2 184
9458 44 129 184
9459 43 193 184
9460 42 241 183
9461 41 249 184
9462 40 255 183
9463 39 256 184
9464 38 64 183
9465 37 32 183
9466 36 8 183
9467 35 4 183
9468 34 1 183
9469 63 253 187
9470 62 256 186
9471 61 128 187
9472 60 32 186
9473 59 16 187
9474 58 4 186
9475 57 2 186
9476 56 129 186
9477 55 193 186
9478 54 241 186
9479 53 249 186
9480 52 255 185
9481 51 256 186
9482 50 64 185
9483 49 32 186
9484 48 8 185
9485 47 4 185
9486 46 1 185
9487 45 129 185
9488 44 225 185
9489 43 241 185
9490 42 253 184
9491 41 255 185
9492 40 128 184
9493 39 64 185
9494 38 16 184
9495 37 8 184
9496 36 2 184
9497 64 255 188
9498 63 256 188
9499 62 64 187
9500 61 32 188
9501 60 8 187
9502 59 4 188
9503 58 1 187
9504 57 129 187
9505 56 225 187
9506 55 241 187
9507 54 253 187
9508 53 255 187
9509 52 128 186
9510 51 64 187
9511 50 16 186
9512 49 8 187
9513 48 2 186
9514 47 1 186
9515 46 193 186
9516 45 225 186
9517 44 249 186
9518 43 253 186
9519 42 256 185
9520 41 128 186
9521 40 32 185
9522 39 16 186
9523 38 4 185
9524 65 255 189
9525 64 128 189
9526 63 64 189
9527 62 16 188
9528 61 8 189
9529 60 2 188
9530 59 1 189
9531 58 193 188
9532 57 225 188
9533 56 249 188
9534 55 253 188
9535 54 256 188
9536 53 128 188
9537 52 32 187
9538 51 16 188
9539 50 4 187
9540 49 2 188
9541 48 129 187
9542 47 193 187
9543 46 241 187
9544 45 249 187
9545 44 255 187
9546 43 256 187
9547 42 64 186
9548 41 32 187
9549 40 8 186
9550 66 256 190
9551 65 128 190
9552 64 32 190
9553 63 16 190
9554 62 4 189
9555 61 2 190
9556 60 129 189
9557 59 193 190
9558 58 241 189
9559 57 249 189
9560 56 255 189
9561 55 256 189
9562 54 64 189
9563 53 32 189
9564 52 8 188
9565 51 4 189
9566 50 1 188
9567 49 129 189
9568 48 225 188
9569 47 241 188
9570 46 253 188
9571 45 255 188
9572 44 128 188
9573 43 64 188
9574 42 16 187
9575 67 256 191
9576 66 64 191
9577 65 32 191
9578 64 8 191
9579 63 4 191
9580 62 1 190
9581 61 129 191
9582 60 225 190
9583 59 241 191
9584 58 253 190
9585 57 255 190
9586 56 128 190
9587 55 64 190
9588 54 16 190
9589 53 8 190
9590 52 2 189
9591 51 1 190
9592 50 193 189
9593 49 225 190
9594 48 249 189
9595 47 253 189
9596 46 256 189
9597 45 128 189
9598 44 32 189
9599 68 128 192
9600 67 64 192
9601 66 16 192
9602 65 8 192
9603 64 2 192
9604 63 1 192
9605 62 193 191
9606 61 225 192
9607 60 249 191
9608 59 253 192
9609 58 256 191
9610 57 128 191
9611 56 32 191
9612 55 16 191
9613 54 4 191
9614 53 2 191
9615 52 129 190
9616 51 193 191
9617 50 241 190
9618 49 249 191
9619 48 255 190
9620 47 256 190
9621 46 64 190
9622 69 128 194
9623 68 32 193
9624 67 16 193
9625 66 4 193
9626 65 2 193
9627 64 129 193
9628 63 193 193
9629 62 241 192
9630 61 249 193
9631 60 255 192
9632 59 256 193
9633 58 64 192
9634 57 32 192
9635 56 8 192
9636 55 4 192
9637 54 1 192
9638 53 129 192
9639 52 225 191
9640 51 241 192
9641 50 253 191
9642 49 255 192
9643 48 128 191
9644 70 64 194
9645 69 32 195
9646 68 8 194
9647 67 4 194
9648 66 1 194
9649 65 129 194
9650 64 225 194
9651 63 241 194
9652 62 253 193
9653 61 255 194
9654 60 128 193
9655 59 64 194
9656 58 16 193
9657 57 8 193
9658 56 2 193
9659 55 1 193
9660 54 193 193
9661 53 225 193
9662 52 249 192
9663 51 253 193
9664 50 256 192
9665 71 64 196
9666 70 16 195
9667 69 8 196
9668 68 2 195
9669 67 1 195
9670 66 193 195
9671 65 225 195
9672 64 249 195
9673 63 253 195
9674 62 256 194
9675 61 128 195
9676 60 32 194
9677 59 16 195
9678 58 4 194
9679 57 2 194
9680 56 129 194
9681 55 193 194
9682 54 241 194
9683 53 249 194
9684 52 255 193
9685 72 32 196
9686 71 16 197
9687 70 4 196
9688 69 2 197
9689 68 129 196
9690 67 193 196
9691 66 241 196
9692 65 249 196
9693 64 255 196
9694 63 256 196
9695 62 64 195
9696 61 32 196
9697 60 8 195
9698 59 4 196
9699 58 1 195
9700 57 129 195
9701 56 225 195
9702 55 241 195
9703 54 253 195
9704 73 32 198
9705 72 8 197
9706 71 4 198
9707 70 1 197
9708 69 129 198
9709 68 225 197
9710 67 241 197
9711 66 253 197
9712 65 255 197
9713 64 128 197
9714 63 64 197
9715 62 16 196
9716 61 8 197
9717 60 2 196
9718 59 1 197
9719 58 193 196
9720 57 225 196
9721 56 249 196
9722 74 16 199
9723 73 8 199
9724 72 2 198
9725 71 1 199
9726 70 193 198
9727 69 225 199
9728 68 249 198
9729 67 253 198
9730 66 256 198
9731 65 128 198
9732 64 32 198
9733 63 16 198
9734 62 4 197
9735 61 2 198
9736 60 129 197
9737 59 193 198
9738 58 241 197
9739 75 16 200
9740 74 4 200
9741 73 2 200
9742 72 129 199
9743 71 193 200
9744 70 241 199
9745 69 249 200
9746 68 255 199
9747 67 256 199
9748 66 64 199
9749 65 32 199
9750 64 8 199
9751 63 4 199
9752 62 1 198
9753 61 129 199
9754 60 225 198
9755 76 8 201
9756 75 4 201
9757 74 1 201
9758 73 129 201
9759 72 225 200
9760 71 241 201
9761 70 253 200
9762 69 255 201
9763 68 128 200
9764 67 64 200
9765 66 16 200
9766 65 8 200
9767 64 2 200
9768 63 1 200
9769 62 193 199
9770 77 8 202
9771 76 2 202
9772 75 1 202
9773 74 193 202
9774 73 225 202
9775 72 249 201
9776 71 253 202
9777 70 256 201
9778 69 128 202
9779 68 32 201
9780 67 16 201
9781 66 4 201
9782 65 2 201
9783 64 129 201
9784 78 4 203
9785 77 2 203
9786 76 129 203
9787 75 193 203
9788 74 241 203
9789 73 249 203
9790 72 255 202
9791 71 256 203
9792 70 64 202
9793 69 32 203
9794 68 8 202
9795 67 4 202
9796 66 1 202
9797 79 4 205
9798 78 1 204
9799 77 129 204
9800 76 225 204
9801 75 241 204
9802 74 253 204
9803 73 255 204
9804 72 128 203
9805 71 64 204
9806 70 16 203
9807 69 8 204
9808 68 2 203
9809 80 2 205
9810 79 1 206
9811 78 193 205
9812 77 225 205
9813 76 249 205
9814 75 253 205
9815 74 256 205
9816 73 128 205
9817 72 32 204
9818 71 16 205
9819 70 4 204
9820 81 2 207
9821 80 129 206
9822 79 193 207
9823 78 241 206
9824 77 249 206
9825 76 255 206
9826 75 256 206
9827 74 64 206
9828 73 32 206
9829 72 8 205
9830 82 1 207
9831 81 129 208
9832 80 225 207
9833 79 241 208
9834 78 253 207
9835 77 255 207
9836 76 128 207
9837 75 64 207
9838 74 16 207
9839 83 1 209
9840 82 193 208
9841 81 225 209
9842 80 249 208
9843 79 253 209
9844 78 256 208
9845 77 128 208
9846 76 32 208
9847 84 129 210
9848 83 193 210
9849 82 241 209
9850 81 249 210
9851 80 255 209
9852 79 256 210
9853 78 64 209
9854 85 129 211
9855 84 225 211
9856 83 241 211
9857 82 253 210
9858 81 255 211
9859 80 128 210
9860 86 193 212
9861 85 225 212
9862 84 249 212
9863 83 253 212
9864 82 256 211
9865 87 193 213
9866 86 241 213
9867 85 249 213
9868 84 255 213
9869 88 225 214
9870 87 241 214
9871 86 253 214
9872 89 225 216
9873 88 249 215
9874 90 241 216
9875 91 165 218
9876 89 156 217
9877 87 26 215
9878 85 90 214
9879 83 15 213
9880 81 131 212
9881 79 236 211
9882 77 125 209
9883 75 235 208
9884 73 82 207
9885 71 185 206
9886 69 245 205
9887 67 255 203
9888 65 171 202
9889 63 157 201
9890 61 69 200
9891 59 140 199
9892 57 109 197
9893 55 61 196
9894 53 53 195
9895 51 223 194
9896 49 80 193
9897 47 99 191
9898 45 145 190
9899 43 67 189
9900 41 54 188
9901 39 9 187
9902 37 130 185
9903 35 193 184
9904 33 75 183
9905 31 141 182
9906 29 152 181
9907 27 111 179
9908 25 147 178
9909 23 153 177
9910 21 154 176
9911 19 197 175
9912 17 247 173
9913 92 211 218
9914 90 78 217
9915 88 13 216
9916 86 45 215
9917 84 136 214
9918 82 194 212
9919 80 118 211
9920 78 191 210
9921 76 246 209
9922 74 41 208
9923 72 221 206
9924 70 251 205
9925 68 256 204
9926 66 214 203
9927 64 207 202
9928 62 163 200
9929 60 70 199
9930 58 183 198
9931 56 159 197
9932 54 155 196
9933 52 240 194
9934 50 40 193
9935 48 178 192
9936 46 201 191
9937 44 162 190
9938 42 27 188
9939 40 133 187
9940 38 65 186
9941 36 225 185
9942 34 166 184
9943 32 199 182
9944 30 76 181
9945 28 184 180
9946 26 202 179
9947 24 205 178
9948 22 77 176
9949 20 227 175
9950 93 211 220
9951 91 78 219
9952 89 13 218
9953 87 45 216
9954 85 136 215
9955 83 194 214
9956 81 118 213
9957 79 191 212
9958 77 246 210
9959 75 41 209
9960 73 221 208
9961 71 251 207
9962 69 256 206
9963 67 214 204
9964 65 207 203
9965 63 163 202
9966 61 70 201
9967 59 183 200
9968 57 159 198
9969 55 155 197
9970 53 240 196
9971 51 40 195
9972 49 178 194
9973 47 201 192
9974 45 162 191
9975 43 27 190
9976 41 133 189
9977 39 65 188
9978 37 225 186
9979 35 166 185
9980 33 199 184
9981 31 76 183
9982 29 184 182
9983 27 202 180
9984 25 205 179
9985 23 77 178
9986 94 234 221
9987 92 39 219
9988 90 135 218
9989 88 151 217
9990 86 68 216
9991 84 97 215
9992 82 59 213
9993 80 224 212
9994 78 123 211
9995 76 149 210
9996 74 239 209
9997 72 254 207
9998 70 128 206
9999 68 107 205
10000 66 232 204
10001 64 210 203
10002 62 35 201
10003 60 220 200
10004 58 208 199
10005 56 206 198
10006 54 120 197
10007 52 20 195
10008 50 89 194
10009 48 229 193
10010 46 81 192
10011 44 142 191
10012 42 195 189
10013 40 161 188
10014 38 241 187
10015 36 83 186
10016 34 228 185
10017 32 38 183
10018 30 92 182
10019 28 101 181
10020 26 231 180
10021 95 234 222
10022 93 39 221
10023 91 135 220
10024 89 151 219
10025 87 68 217
10026 85 97 216
10027 83 59 215
10028 81 224 214
10029 79 123 213
10030 77 149 211
10031 75 239 210
10032 73 254 209
10033 71 128 208
10034 69 107 207
10035 67 232 205
10036 65 210 204
10037 63 35 203
10038 61 220 202
10039 59 208 201
10040 57 206 199
10041 55 120 198
10042 53 20 197
10043 51 89 196
10044 49 229 195
10045 47 81 193
10046 45 142 192
10047 43 195 191
10048 41 161 190
10049 39 241 189
10050 37 83 187
10051 35 228 186
10052 33 38 185
10053 31 92 184
10054 29 101 183
10055 96 117 223
10056 94 148 222
10057 92 196 220
10058 90 204 219
10059 88 34 218
10060 86 177 217
10061 84 158 216
10062 82 112 214
10063 80 190 213
10064 78 203 212
10065 76 248 211
10066 74 127 210
10067 72 64 208
10068 70 182 207
10069 68 116 206
10070 66 105 205
10071 64 146 204
10072 62 110 202
10073 60 104 201
10074 58 103 200
10075 56 60 199
10076 54 10 198
10077 52 173 196
10078 50 243 195
10079 48 169 194
10080 46 71 193
10081 44 226 192
10082 42 209 190
10083 40 249 189
10084 38 170 188
10085 36 114 187
10086 34 19 186
10087 32 46 184
10088 97 117 224
10089 95 148 223
10090 93 196 222
10091 91 204 221
10092 89 34 220
10093 87 177 218
10094 85 158 217
10095 83 112 216
10096 81 190 215
10097 79 203 214
10098 77 248 212
10099 75 127 211
10100 73 64 210
10101 71 182 209
10102 69 116 208
10103 67 105 206
10104 65 146 205
10105 63 110 204
10106 61 104 203
10107 59 103 202
10108 57 60 200
10109 55 10 199
10110 53 173 198
10111 51 243 197
10112 49 169 196
10113 47 71 194
10114 45 226 193
10115 43 209 192
10116 41 249 191
10117 39 170 190
10118 37 114 188
10119 35 19 187
10120 98 187 225
10121 96 74 224
10122 94 98 223
10123 92 102 221
10124 90 17 220
10125 88 217 219
10126 86 79 218
10127 84 56 217
10128 82 95 215
10129 80 230 214
10130 78 124 213
10131 76 192 212
10132 74 32 211
10133 72 91 209
10134 70 58 208
10135 68 181 207
10136 66 73 206
10137 64 55 205
10138 62 52 203
10139 60 180 202
10140 58 30 201
10141 56 5 200
10142 54 215 199
10143 52 250 197
10144 50 213 196
10145 48 164 195
10146 46 113 194
10147 44 233 193
10148 42 253 191
10149 40 85 190
10150 38 57 189
10151 99 187 227
10152 97 74 225
10153 95 98 224
10154 93 102 223
10155 91 17 222
10156 89 217 221
10157 87 79 219
10158 85 56 218
10159 83 95 217
10160 81 230 216
10161 79 124 215
10162 77 192 213
10163 75 32 212
10164 73 91 211
10165 71 58 210
10166 69 181 209
10167 67 73 207
10168 65 55 206
10169 63 52 205
10170 61 180 204
10171 59 30 203
10172 57 5 201
10173 55 215 200
10174 53 250 199
10175 51 213 198
10176 49 164 197
10177 47 113 195
10178 45 233 194
10179 43 253 193
10180 41 85 192
10181 100 222 227
10182 98 37 226
10183 96 49 225
10184 94 51 224
10185 92 137 222
10186 90 237 221
10187 88 168 220
10188 86 28 219
10189 84 176 218
10190 82 115 216
10191 80 62 215
10192 78 96 214
10193 76 16 213
10194 74 174 212
10195 72 29 210
10196 70 219 209
10197 68 165 208
10198 66 156 207
10199 64 26 206
10200 62 90 204
10201 60 15 203
10202 58 131 202
10203 56 236 201
10204 54 125 200
10205 52 235 198
10206 50 82 197
10207 48 185 196
10208 46 245 195
10209 44 255 194
10210 101 222 229
10211 99 37 228
10212 97 49 226
10213 95 51 225
10214 93 137 224
10215 91 237 223
10216 89 168 222
10217 87 28 220
10218 85 176 219
10219 83 115 218
10220 81 62 217
10221 79 96 216
10222 77 16 214
10223 75 174 213
10224 73 29 212
10225 71 219 211
10226 69 165 210
10227 67 156 208
10228 65 26 207
10229 63 90 206
10230 61 15 205
10231 59 131 204
10232 57 236 202
10233 55 125 201
10234 53 235 200
10235 51 82 199
10236 49 185 198
10237 47 245 196
10238 102 111 229
10239 100 147 228
10240 98 153 227
10241 96 154 226
10242 94 197 225
10243 92 247 223
10244 90 84 222
10245 88 14 221
10246 86 88 220
10247 84 186 219
10248 82 31 217
10249 80 48 216
10250 78 8 215
10251 76 87 214
10252 74 143 213
10253 72 238 211
10254 70 211 210
10255 68 78 209
10256 66 13 208
10257 64 45 207
10258 62 136 205
10259 60 194 204
10260 58 118 203
10261 56 191 202
10262 54 246 201
10263 52 41 199
10264 50 221 198
10265 103 111 231
10266 101 147 230
10267 99 153 229
10268 97 154 227
10269 95 197 226
10270 93 247 225
10271 91 84 224
10272 89 14 223
10273 87 88 221
10274 85 186 220
10275 83 31 219
10276 81 48 218
10277 79 8 217
10278 77 87 215
10279 75 143 214
10280 73 238 213
10281 71 211 212
10282 69 78 211
10283 67 13 209
10284 65 45 208
10285 63 136 207
10286 61 194 206
10287 59 118 205
10288 57 191 203
10289 55 246 202
10290 53 41 201
10291 104 184 232
10292 102 202 230
10293 100 205 229
10294 98 77 228
10295 96 227 227
10296 94 252 226
10297 92 42 224
10298 90 7 223
10299 88 44 222
10300 86 93 221
10301 84 144 220
10302 82 24 218
10303 80 4 217
10304 78 172 216
10305 76 200 215
10306 74 119 214
10307 72 234 212
10308 70 39 211
10309 68 135 210
10310 66 151 209
10311 64 68 208
10312 62 97 206
10313 60 59 205
10314 58 224 204
10315 56 123 203
10316 105 184 233
10317 103 202 232
10318 101 205 231
10319 99 77 230
10320 97 227 228
10321 95 252 227
10322 93 42 226
10323 91 7 225
10324 89 44 224
10325 87 93 222
10326 85 144 221
10327 83 24 220
10328 81 4 219
10329 79 172 218
10330 77 200 216
10331 75 119 215
10332 73 234 214
10333 71 39 213
10334 69 135 212
10335 67 151 210
10336 65 68 209
10337 63 97 208
10338 61 59 207
10339 59 224 206
10340 106 92 234
10341 104 101 233
10342 102 231 231
10343 100 167 230
10344 98 242 229
10345 96 126 228
10346 94 21 227
10347 92 132 225
10348 90 22 224
10349 88 175 223
10350 86 72 222
10351 84 12 221
10352 82 2 219
10353 80 86 218
10354 78 100 217
10355 76 188 216
10356 74 117 215
10357 72 148 213
10358 70 196 212
10359 68 204 211
10360 66 34 210
10361 64 177 209
10362 62 158 207
10363 107 92 235
10364 105 101 234
10365 103 231 233
10366 101 167 232
10367 99 242 231
10368 97 126 229
10369 95 21 228
10370 93 132 227
10371 91 22 226
10372 89 175 225
10373 87 72 223
10374 85 12 222
10375 83 2 221
10376 81 86 220
10377 79 100 219
10378 77 188 217
10379 75 117 216
10380 73 148 215
10381 71 196 214
10382 69 204 213
10383 67 34 211
10384 65 177 210
10385 108 46 236
10386 106 179 235
10387 104 244 234
10388 102 212 232
10389 100 121 231
10390 98 63 230
10391 96 139 229
10392 94 66 228
10393 92 11 226
10394 90 216 225
10395 88 36 224
10396 86 6 223
10397 84 1 222
10398 82 43 220
10399 80 50 219
10400 78 94 218
10401 76 187 217
10402 74 74 216
10403 72 98 214
10404 70 102 213
10405 68 17 212
10406 109 46 238
10407 107 179 236
10408 105 244 235
10409 103 212 234
10410 101 121 233
10411 99 63 232
10412 97 139 230
10413 95 66 229
10414 93 11 228
10415 91 216 227
10416 89 36 226
10417 87 6 224
10418 85 1 223
10419 83 43 222
10420 81 50 221
10421 79 94 220
10422 77 187 218
10423 75 74 217
10424 73 98 216
10425 71 102 215
10426 110 23 238
10427 108 218 237
10428 106 122 236
10429 104 106 235
10430 102 189 233
10431 100 160 232
10432 98 198 231
10433 96 33 230
10434 94 134 229
10435 92 108 227
10436 90 18 226
10437 88 3 225
10438 86 129 224
10439 84 150 223
10440 82 25 221
10441 80 47 220
10442 78 222 219
10443 76 37 218
10444 74 49 217
10445 111 23 240
10446 109 218 239
10447 107 122 237
10448 105 106 236
10449 103 189 235
10450 101 160 234
10451 99 198 233
10452 97 33 231
10453 95 134 230
10454 93 108 229
10455 91 18 228
10456 89 3 227
10457 87 129 225
10458 85 150 224
10459 83 25 223
10460 81 47 222
10461 79 222 221
10462 77 37 219
10463 112 140 240
10464 110 109 239
10465 108 61 238
10466 106 53 237
10467 104 223 236
10468 102 80 234
10469 100 99 233
10470 98 145 232
10471 96 67 231
10472 94 54 230
10473 92 9 228
10474 90 130 227
10475 88 193 226
10476 86 75 225
10477 84 141 224
10478 82 152 222
10479 80 111 221
10480 113 140 242
10481 111 109 241
10482 109 61 240
10483 107 53 238
10484 105 223 237
10485 103 80 236
10486 101 99 235
10487 99 145 234
10488 97 67 232
10489 95 54 231
10490 93 9 230
10491 91 130 229
10492 89 193 228
10493 87 75 226
10494 85 141 225
10495 83 152 224
10496 114 70 243
10497 112 183 241
10498 110 159 240
10499 108 155 239
10500 106 240 238
10501 104 40 237
10502 102 178 235
10503 100 201 234
10504 98 162 233
10505 96 27 232
10506 94 133 231
10507 92 65 229
10508 90 225 228
10509 88 166 227
10510 86 199 226
10511 115 70 244
10512 113 183 243
10513 111 159 242
10514 109 155 241
10515 107 240 239
10516 105 40 238
10517 103 178 237
10518 101 201 236
10519 99 162 235
10520 97 27 233
10521 95 133 232
10522 93 65 231
10523 91 225 230
10524 89 166 229
10525 116 35 245
10526 114 220 244
10527 112 208 242
10528 110 206 241
10529 108 120 240
10530 106 20 239
10531 104 89 238
10532 102 229 236
10533 100 81 235
10534 98 142 234
10535 96 195 233
10536 94 161 232
10537 92 241 230
10538 117 35 246
10539 115 220 245
10540 113 208 244
10541 111 206 243
10542 109 120 242
10543 107 20 240
10544 105 89 239
10545 103 229 238
10546 101 81 237
10547 99 142 236
10548 97 195 234
10549 95 161 233
10550 118 146 247
10551 116 110 246
10552 114 104 245
10553 112 103 243
10554 110 60 242
10555 108 10 241
10556 106 173 240
10557 104 243 239
10558 102 169 237
10559 100 71 236
10560 98 226 235
10561 119 146 249
10562 117 110 247
10563 115 104 246
10564 113 103 245
10565 111 60 244
10566 109 10 243
10567 107 173 241
10568 105 243 240
10569 103 169 239
10570 101 71 238
10571 120 73 249
10572 118 55 248
10573 116 52 247
10574 114 180 246
10575 112 30 244
10576 110 5 243
10577 108 215 242
10578 106 250 241
10579 104 213 240
10580 121 73 251
10581 119 55 250
10582 117 52 248
10583 115 180 247
10584 113 30 246
10585 111 5 245
10586 109 215 244
10587 107 250 242
10588 122 165 251
10589 120 156 250
10590 118 26 249
10591 116 90 248
10592 114 15 247
10593 112 131 245
10594 110 236 244
10595 123 165 253
10596 121 156 252
10597 119 26 251
10598 117 90 249
10599 115 15 248
10600 113 131 247
10601 124 211 254
10602 122 78 252
10603 120 13 251
10604 118 45 250
10605 116 136 249
10606 125 211 255
10607 123 78 254
10608 121 13 253
10609 119 45 252
10610 126 234 256
10611 124 39 255
10612 122 135 253
10613 127 234 257
10614 125 39 256
10615 128 117 258
10616 3 54 169
10617 2 230 170
10618 1 142 171
10619 0 186 172
10620 0 186 173
10621 0 186 174
10622 0 186 175
10623 0 186 176
10624 0 186 177
10625 0 186 178
10626 0 186 179
10627 0 186 180
10628 0 186 181
10629 0 186 182
10630 0 186 183
10631 0 186 184
10632 0 186 185
10633 0 186 186
10634 0 186 187
10635 0 186 188
10636 0 186 189
10637 0 186 190
10638 0 186 191
10639 0 186 192
10640 0 186 193
10641 0 186 194
10642 0 186 195
10643 0 186 196
10644 0 186 197
10645 0 186 198
10646 0 186 199
10647 0 186 200
10648 0 186 201
10649 4 9 169
10650 5 36 169
10651 3 124 170
10652 2 195 171
10653 1 31 172
10654 1 31 173
10655 1 31 174
10656 1 31 175
10657 1 31 176
10658 1 31 177
10659 1 31 178
10660 1 31 179
10661 1 31 180
10662 1 31 181
10663 1 31 182
10664 1 31 183
10665 1 31 184
10666 1 31 185
10667 1 31 186
10668 1 31 187
10669 1 31 188
10670 1 31 189
10671 1 31 190
10672 1 31 191
10673 1 31 192
10674 1 31 193
10675 1 31 194
10676 1 31 195
10677 1 31 196
10678 1 31 197
10679 1 31 198
10680 1 31 199
10681 6 118 169
10682 7 215 169
10683 4 13 170
10684 5 157 170
10685 3 161 171
10686 2 48 172
10687 2 48 173
10688 2 48 174
10689 2 48 175
10690 2 48 176
10691 2 48 177
10692 2 48 178
10693 2 48 179
10694 2 48 180
10695 2 48 181
10696 2 48 182
10697 2 48 183
10698 2 48 184
10699 2 48 185
10700 2 48 186
10701 2 48 187
10702 2 48 188
10703 2 48 189
10704 2 48 190
10705 2 48 191
10706 2 48 192
10707 2 48 193
10708 2 48 194
10709 2 48 195
10710 2 48 196
10711 2 48 197
10712 8 205 169
10713 9 49 169
10714 6 199 170
10715 7 31 170
10716 4 235 171
10717 5 60 171
10718 3 8 172
10719 3 8 173
10720 3 8 174
10721 3 8 175
10722 3 8 176
10723 3 8 177
10724 3 8 178
10725 3 8 179
10726 3 8 180
10727 3 8 181
10728 3 8 182
10729 3 8 183
10730 3 8 184
10731 3 8 185
10732 3 8 186
10733 3 8 187
10734 3 8 188
10735 3 8 189
10736 3 8 190
10737 3 8 191
10738 3 8 192
10739 3 8 193
10740 3 8 194
10741 3 8 195
10742 10 232 169
10743 8 68 170
10744 9 201 170
10745 11 53 170
10746 6 197 171
10747 7 187 171
10748 4 202 172
10749 5 56 172
10750 4 87 173
10751 4 87 174
10752 4 87 175
10753 4 87 176
10754 4 87 177
10755 4 87 178
10756 4 87 179
10757 4 87 180
10758 4 87 181
10759 4 87 182
10760 4 87 183
10761 4 87 184
10762 4 87 185
10763 4 87 186
10764 4 87 187
10765 4 87 188
10766 4 87 189
10767 4 87 190
10768 4 87 191
10769 4 87 192
10770 4 87 193
10771 10 152 170
10772 12 91 170
10773 8 137 171
10774 9 142 171
10775 11 209 171
10776 13 136 171
10777 6 107 172
10778 7 106 172
10779 5 19 173
10780 6 247 173
10781 5 143 174
10782 5 143 175
10783 5 143 176
10784 5 143 177
10785 5 143 178
10786 5 143 179
10787 5 143 180
10788 5 143 181
10789 5 143 182
10790 5 143 183
10791 5 143 184
10792 5 143 185
10793 5 143 186
10794 5 143 187
10795 5 143 188
10796 5 143 189
10797 5 143 190
10798 5 143 191
10799 10 73 171
10800 12 228 171
10801 8 10 172
10802 9 31 172
10803 11 4 172
10804 13 160 172
10805 14 63 172
10806 15 252 172
10807 7 192 173
10808 8 183 173
10809 6 114 174
10810 7 122 174
10811 6 238 175
10812 6 238 176
10813 6 238 177
10814 6 238 178
10815 6 238 179
10816 6 238 180
10817 6 238 181
10818 6 238 182
10819 6 238 183
10820 6 238 184
10821 6 238 185
10822 6 238 186
10823 6 238 187
10824 6 238 188
10825 6 238 189
10826 10 101 172
10827 12 238 172
10828 9 69 173
10829 10 208 173
10830 11 171 173
10831 13 158 173
10832 14 59 173
10833 15 236 173
10834 16 215 173
10835 8 39 174
10836 9 135 174
10837 18 31 174
10838 7 171 175
10839 8 163 175
10840 7 211 176
10841 7 211 177
10842 7 211 178
10843 7 211 179
10844 7 211 180
10845 7 211 181
10846 7 211 182
10847 7 211 183
10848 7 211 184
10849 7 211 185
10850 7 211 186
10851 7 211 187
10852 12 130 173
10853 10 151 174
10854 11 177 174
10855 12 249 174
10856 13 100 174
10857 14 225 174
10858 15 141 174
10859 16 14 174
10860 17 189 174
10861 9 79 175
10862 10 143 175
10863 11 113 175
10864 8 66 176
10865 9 201 176
10866 19 92 176
10867 8 78 177
10868 21 76 177
10869 8 78 178
10870 8 78 179
10871 8 78 180
10872 8 78 181
10873 8 78 182
10874 8 78 183
10875 8 78 184
10876 8 78 185
10877 12 119 175
10878 13 82 175
10879 14 212 175
10880 15 239 175
10881 16 239 175
10882 17 161 175
10883 18 145 175
10884 10 234 176
10885 11 116 176
10886 12 215 176
10887 13 22 176
10888 14 93 176
10889 20 84 176
10890 9 16 177
10891 10 178 177
10892 11 218 177
10893 22 184 177
10894 9 13 178
10895 9 13 179
10896 24 105 179
10897 9 13 180
10898 9 13 181
10899 9 13 182
10900 9 13 183
10901 15 9 176
10902 16 17 176
10903 17 63 176
10904 18 19 176
10905 12 223 177
10906 13 189 177
10907 14 135 177
10908 15 128 177
10909 16 239 177
10910 17 56 177
10911 19 171 177
10912 10 229 178
10913 11 138 178
10914 12 239 178
10915 13 130 178
10916 21 115 178
10917 10 45 179
10918 11 67 179
10919 23 147 179
10920 10 45 180
10921 25 222 180
10922 10 45 181
10923 27 94 181
10924 18 5 177
10925 20 82 177
10926 14 192 178
10927 15 112 178
10928 16 75 178
10929 17 80 178
10930 18 79 178
10931 19 55 178
10932 20 10 178
10933 22 107 178
10934 12 195 179
10935 13 125 179
10936 14 108 179
10937 15 68 179
10938 16 107 179
10939 11 45 180
10940 12 91 180
10941 13 124 180
10942 24 105 180
10943 11 86 181
10944 12 68 181
10945 26 220 181
10946 17 100 179
10947 18 174 179
10948 19 213 179
10949 20 140 179
10950 21 169 179
10951 22 103 179
10952 14 206 180
10953 15 54 180
10954 16 54 180
10955 17 121 180
10956 18 159 180
10957 19 30 180
10958 20 208 180
10959 23 191 180
10960 13 37 181
10961 14 26 181
10962 15 192 181
10963 25 29 181
10964 10 126 182
10965 11 4 182
10966 12 147 182
10967 21 30 180
10968 22 228 180
10969 16 31 181
10970 17 11 181
10971 18 223 181
10972 19 160 181
10973 20 224 181
10974 21 67 181
10975 22 122 181
10976 23 130 181
10977 24 144 181
10978 13 210 182
10979 14 45 182
10980 15 185 182
10981 16 108 182
10982 17 89 182
10983 18 126 182
10984 19 159 182
10985 26 14 182
10986 27 76 182
10987 20 86 182
10988 21 16 182
10989 22 250 182
10990 23 69 182
10991 24 241 182
10992 25 165 182
10993 28 45 182
10994 10 55 183
10995 11 61 183
10996 12 41 183
10997 13 117 183
10998 14 134 183
10999 15 95 183
11000 16 174 183
11001 17 161 183
11002 18 22 183
11003 19 230 183
11004 20 17 183
11005 21 171 183
11006 22 175 183
11007 23 230 183
11008 24 229 183
11009 25 12 183
11010 26 174 183
11011 27 85 183
11012 28 87 183
11013 30 1 183
11014 9 71 184
11015 10 196 184
11016 11 71 184
11017 12 192 184
11018 13 221 184
11019 14 157 184
11020 15 243 184
11021 16 50 184
11022 17 136 184
11023 18 77 184
11024 19 233 184
11025 20 58 184
11026 21 176 184
11027 22 146 184
11028 23 52 184
11029 24 156 184
11030 25 136 184
11031 26 149 184
11032 27 70 184
11033 28 57 184
11034 29 50 184
11035 30 153 184
11036 9 75 185
11037 10 71 185
11038 11 98 185
11039 12 6 185
11040 13 141 185
11041 14 163 185
11042 15 255 185
11043 16 157 185
11044 17 118 185
11045 18 208 185
11046 19 68 185
11047 20 71 185
11048 21 111 185
11049 22 24 185
11050 23 30 185
11051 24 124 185
11052 25 117 185
11053 26 91 185
11054 27 149 185
11055 28 235 185
11056 29 206 185
11057 30 119 185
11058 31 72 185
11059 32 251 185
11060 8 39 186
11061 9 142 186
11062 10 111 186
11063 11 52 186
11064 12 12 186
11065 13 158 186
11066 14 246 186
11067 15 247 186
11068 16 201 186
11069 17 110 186
11070 18 83 186
11071 19 41 186
11072 20 9 186
11073 21 239 186
11074 22 51 186
11075 23 53 186
11076 24 135 186
11077 25 14 186
11078 26 74 186
11079 27 241 186
11080 28 156 186
11081 29 132 186
11082 30 249 186
11083 31 131 186
11084 32 7 186
11085 33 29 186
11086 8 96 187
11087 9 44 187
11088 10 194 187
11089 11 106 187
11090 12 19 187
11091 13 192 187
11092 14 197 187
11093 15 72 187
11094 16 45 187
11095 17 191 187
11096 18 3 187
11097 19 70 187
11098 20 176 187
11099 21 224 187
11100 22 183 187
11101 23 51 187
11102 24 117 187
11103 25 83 187
11104 26 154 187
11105 27 47 187
11106 28 78 187
11107 29 183 187
11108 30 38 187
11109 31 54 187
11110 32 75 187
11111 33 105 187
11112 34 128 187
11113 7 82 188
11114 8 148 188
11115 9 153 188
11116 10 59 188
11117 11 114 188
11118 12 175 188
11119 13 221 188
11120 14 238 188
11121 15 49 188
11122 16 134 188
11123 17 13 188
11124 18 60 188
11125 19 72 188
11126 20 37 188
11127 21 225 188
11128 22 86 188
11129 23 113 188
11130 24 142 188
11131 25 8 188
11132 26 36 188
11133 27 249 188
11134 28 215 188
11135 29 106 188
11136 30 52 188
11137 31 157 188
11138 32 3 188
11139 33 16 188
11140 34 184 188
11141 35 243 188
11142 36 101 188
11143 7 59 189
11144 8 15 189
11145 9 179 189
11146 10 24 189
11147 11 183 189
11148 12 169 189
11149 13 168 189
11150 14 213 189
11151 15 222 189
11152 16 36 189
11153 17 169 189
11154 18 215 189
11155 19 118 189
11156 20 102 189
11157 21 183 189
11158 22 136 189
11159 23 123 189
11160 24 203 189
11161 25 81 189
11162 26 123 189
11163 27 6 189
11164 28 199 189
11165 29 196 189
11166 30 203 189
11167 6 139 190
11168 31 28 189
11169 32 133 189
11170 33 53 189
11171 6 191 191
11172 37 77 189
11173 7 160 190
11174 5 123 192
11175 8 188 190
11176 5 108 193
11177 34 61 189
11178 35 47 189
11179 36 113 189
11180 9 126 190
11181 10 18 190
11182 11 119 190
11183 12 50 190
11184 13 195 190
11185 14 199 190
11186 15 4 190
11187 16 89 190
11188 17 250 190
11189 18 236 190
11190 19 120 190
11191 20 184 190
11192 21 158 190
11193 22 29 190
11194 23 12 190
11195 24 210 190
11196 25 26 190
11197 26 37 190
11198 27 151 190
11199 28 113 190
11200 29 83 190
11201 31 28 190
11202 30 119 190
11203 32 228 190
11204 33 239 190
11205 34 4 190
11206 35 155 190
11207 36 242 190
11208 37 57 190
11209 38 138 190
11210 7 5 191
11211 8 1 191
11212 9 58 191
11213 10 88 191
11214 11 87 191
11215 12 233 191
11216 13 96 191
11217 14 188 191
11218 15 27 191
11219 16 121 191
11220 17 102 191
11221 18 115 191
11222 19 212 191
11223 20 160 191
11224 21 222 191
11225 22 176 191
11226 23 90 191
11227 24 113 191
11228 25 170 191
11229 26 34 191
11230 27 44 191
11231 28 126 191
11232 29 23 191
11233 30 132 191
11234 31 89 191
11235 32 162 191
11236 33 187 191
11237 34 189 191
11238 35 219 191
11239 36 204 191
11240 37 21 191
11241 38 144 191
11242 39 63 191
11243 40 95 191
11244 6 31 192
11245 7 106 192
11246 8 213 192
11247 9 132 192
11248 10 57 192
11249 11 236 192
11250 12 90 192
11251 13 203 192
11252 14 120 192
11253 15 157 192
11254 16 39 192
11255 17 33 192
11256 18 106 192
11257 19 131 192
11258 20 70 192
11259 21 122 192
11260 22 78 192
11261 23 110 192
11262 24 201 192
11263 25 228 192
11264 26 63 192
11265 27 183 192
11266 28 149 192
11267 29 85 192
11268 30 163 192
11269 31 256 192
11270 32 31 192
11271 33 190 192
11272 34 163 192
11273 35 152 192
11274 36 100 192
11275 37 30 192
11276 38 189 192
11277 39 95 192
11278 40 187 192
11279 42 161 192
11280 6 126 193
11281 7 192 193
11282 8 38 193
11283 9 214 193
11284 11 143 193
11285 10 3 193
11286 12 143 193
11287 13 4 193
11288 14 56 193
11289 15 157 193
11290 16 186 193
11291 17 119 193
11292 18 78 193
11293 19 106 193
11294 20 223 193
11295 21 132 193
11296 22 199 193
11297 23 175 193
11298 24 87 193
11299 25 184 193
11300 26 205 193
11301 27 162 193
11302 28 155 193
11303 29 90 193
11304 30 226 193
11305 31 112 193
11306 32 190 193
11307 33 56 193
11308 34 65 193
11309 35 153 193
11310 36 97 193
11311 37 25 193
11312 38 203 193
11313 39 226 193
11314 40 17 193
11315 41 242 193
11316 42 208 193
11317 4 193 194
11318 5 191 194
11319 6 96 194
11320 7 255 194
11321 8 145 194
11322 9 155 194
11323 10 222 194
11324 11 70 194
11325 12 199 194
11326 13 102 194
11327 14 63 194
11328 15 107 194
11329 16 16 194
11330 17 61 194
11331 18 223 194
11332 19 4 194
11333 20 60 194
11334 21 92 194
11335 22 109 194
11336 23 139 194
11337 24 97 194
11338 25 86 194
11339 26 97 194
11340 27 192 194
11341 28 237 194
11342 29 216 194
11343 30 203 194
11344 31 166 194
11345 32 108 194
11346 33 133 194
11347 34 173 194
11348 35 192 194
11349 36 51 194
11350 37 5 194
11351 38 227 194
11352 39 61 194
11353 40 86 194
11354 41 41 194
11355 42 2 194
11356 43 221 194
11357 4 135 195
11358 5 20 195
11359 6 250 195
11360 8 163 195
11361 7 168 195
11362 9 1 195
11363 10 214 195
11364 11 36 195
11365 12 68 195
11366 13 12 195
11367 14 146 195
11368 15 184 195
11369 16 13 195
11370 17 168 195
11371 18 79 195
11372 19 209 195
11373 20 192 195
11374 21 225 195
11375 22 158 195
11376 23 160 195
11377 24 228 195
11378 25 181 195
11379 26 248 195
11380 27 61 195
11381 28 57 195
11382 29 234 195
11383 30 105 195
11384 31 127 195
11385 32 224 195
11386 33 174 195
11387 34 35 195
11388 35 143 195
11389 36 51 195
11390 37 219 195
11391 38 240 195
11392 39 64 195
11393 40 71 195
11394 41 195 195
11395 42 144 195
11396 43 5 195
11397 44 153 195
11398 45 84 195
11399 3 131 196
11400 4 199 196
11401 5 177 196
11402 6 229 196
11403 7 255 196
11404 8 218 196
11405 9 241 196
11406 10 225 196
11407 11 208 196
11408 12 211 196
11409 13 26 196
11410 14 114 196
11411 15 113 196
11412 16 116 196
11413 17 208 196
11414 18 112 196
11415 19 44 196
11416 20 225 196
11417 21 110 196
11418 22 190 196
11419 23 2 196
11420 24 68 196
11421 25 66 196
11422 26 216 196
11423 27 152 196
11424 28 108 196
11425 29 66 196
11426 30 32 196
11427 31 166 196
11428 32 127 196
11429 33 177 196
11430 34 103 196
11431 35 227 196
11432 36 255 196
11433 37 81 196
11434 38 224 196
11435 39 226 196
11436 40 97 196
11437 41 144 196
11438 42 204 196
11439 43 99 196
11440 44 179 196
11441 45 106 196
11442 46 205 196
11443 3 69 197
11444 4 106 197
11445 5 53 197
11446 6 255 197
11447 7 70 197
11448 8 146 197
11449 9 70 197
11450 10 24 197
11451 11 138 197
11452 12 223 197
11453 13 239 197
11454 14 244 197
11455 15 243 197
11456 16 174 197
11457 17 3 197
11458 18 35 197
11459 19 33 197
11460 20 183 197
11461 21 119 197
11462 22 26 197
11463 23 18 197
11464 24 19 197
11465 25 187 197
11466 26 34 197
11467 27 207 197
11468 28 103 197
11469 29 227 197
11470 30 22 197
11471 31 248 197
11472 32 112 197
11473 33 81 197
11474 34 114 197
11475 35 232 197
11476 36 112 197
11477 37 203 197
11478 38 153 197
11479 39 11 197
11480 40 120 197
11481 41 64 197
11482 42 54 197
11483 43 104 197
11484 44 186 197
11485 45 17 197
11486 46 18 197
11487 47 132 197
11488 48 85 197
11489 2 44 198
11490 3 116 198
11491 4 84 198
11492 5 98 198
11493 6 236 198
11494 7 15 198
11495 8 191 198
11496 9 140 198
11497 10 186 198
11498 11 68 198
11499 12 254 198
11500 13 115 198
11501 14 63 198
11502 15 132 198
11503 16 205 198
11504 17 101 198
11505 18 108 198
11506 19 154 198
11507 20 123 198
11508 21 182 198
11509 22 143 198
11510 23 188 198
11511 24 103 198
11512 25 122 198
11513 26 203 198
11514 27 59 198
11515 28 121 198
11516 29 82 198
11517 30 65 198
11518 31 17 198
11519 32 203 198
11520 33 89 198
11521 34 180 198
11522 35 190 198
11523 36 120 198
11524 37 150 198
11525 38 160 198
11526 39 189 198
11527 40 110 198
11528 41 20 198
11529 42 161 198
11530 43 187 198
11531 44 86 198
11532 45 203 198
11533 46 234 198
11534 47 15 198
11535 48 84 198
11536 2 31 199
11537 3 238 199
11538 4 57 199
11539 5 230 199
11540 6 33 199
11541 7 129 199
11542 8 119 199
11543 9 225 199
11544 10 245 199
11545 11 26 199
11546 12 149 199
11547 13 22 199
11548 14 108 199
11549 15 236 199
11550 16 136 199
11551 17 107 199
11552 18 247 199
11553 19 164 199
11554 20 95 199
11555 21 183 199
11556 22 24 199
11557 23 141 199
11558 24 37 199
11559 25 183 199
11560 26 2 199
11561 27 78 199
11562 28 96 199
11563 29 214 199
11564 30 54 199
11565 31 109 199
11566 32 252 199
11567 33 12 199
11568 34 242 199
11569 35 17 199
11570 36 190 199
11571 37 17 199
11572 38 167 199
11573 39 171 199
11574 40 32 199
11575 41 64 199
11576 42 230 199
11577 43 30 199
11578 44 199 199
11579 45 1 199
11580 46 43 199
11581 47 72 199
11582 48 22 199
11583 49 59 199
11584 50 219 199
11585 1 141 200
11586 2 26 200
11587 3 11 200
11588 4 244 200
11589 5 252 200
11590 6 119 200
11591 7 29 200
11592 8 118 200
11593 9 105 200
11594 10 102 200
11595 11 70 200
11596 12 116 200
11597 14 209 200
11598 13 126 200
11599 16 210 200
11600 17 142 200
11601 19 126 200
11602 20 249 200
11603 21 169 200
11604 22 105 200
11605 23 73 200
11606 24 146 200
11607 25 95 200
11608 26 206 200
11609 27 118 200
11610 28 147 200
11611 29 174 200
11612 30 219 200
11613 31 221 200
11614 32 127 200
11615 33 84 200
11616 34 169 200
11617 35 41 200
11618 36 133 200
11619 37 90 200
11620 38 90 200
11621 39 222 200
11622 40 129 200
11623 41 169 200
11624 42 62 200
11625 43 44 200
11626 44 244 200
11627 45 27 200
11628 46 65 200
11629 47 119 200
11630 48 149 200
11631 49 133 200
11632 50 130 200
11633 51 38 200
11634 52 62 200
11635 23 75 201
11636 24 236 201
11637 25 175 201
11638 26 14 201
11639 27 107 201
11640 28 14 201
11641 29 131 201
11642 30 217 201
11643 31 148 201
11644 32 248 201
11645 33 202 201
11646 34 119 201
11647 35 188 201
11648 36 187 201
11649 37 190 201
11650 38 97 201
11651 39 155 201
11652 40 103 201
11653 41 32 201
11654 42 152 201
11655 43 13 201
11656 44 194 201
11657 45 208 201
11658 46 39 201
11659 47 193 201
11660 48 39 201
11661 49 113 201
11662 51 109 201
11663 50 98 201
11664 52 71 201
11665 26 68 202
11666 28 128 202
11667 29 169 202
11668 30 19 202
11669 31 178 202
11670 32 2 202
11671 33 166 202
11672 34 45 202
11673 35 121 202
11674 36 97 202
11675 37 92 202
11676 38 30 202
11677 39 238 202
11678 40 222 202
11679 41 123 202
11680 42 99 202
11681 43 252 202
11682 44 247 202
11683 45 17 202
11684 46 42 202
11685 47 76 202
11686 48 138 202
11687 49 28 202
11688 50 219 202
11689 51 240 202
11690 52 90 202
11691 53 219 202
11692 54 178 202
11693 29 176 203
11694 31 143 203
11695 32 78 203
11696 33 198 203
11697 34 222 203
11698 35 251 203
11699 36 65 203
11700 37 218 203
11701 38 245 203
11702 39 97 203
11703 40 208 203
11704 41 188 203
11705 42 82 203
11706 43 119 203
11707 44 100 203
11708 45 232 203
11709 46 1 203
11710 47 46 203
11711 48 39 203
11712 49 21 203
11713 50 157 203
11714 51 53 203
11715 52 173 203
11716 53 190 203
11717 54 73 203
11718 55 221 203
11719 34 239 204
11720 35 143 204
11721 36 51 204
11722 37 229 204
11723 38 230 204
11724 39 247 204
11725 40 191 204
11726 41 4 204
11727 42 147 204
11728 43 78 204
11729 44 7 204
11730 45 170 204
11731 46 214 204
11732 47 180 204
11733 48 71 204
11734 49 91 204
11735 50 218 204
11736 51 196 204
11737 52 186 204
11738 53 238 204
11739 54 7 204
11740 55 107 204
11741 56 7 204
11742 57 63 204
11743 38 25 205
11744 39 96 205
11745 40 207 205
11746 41 181 205
11747 42 27 205
11748 43 195 205
11749 44 147 205
11750 45 169 205
11751 46 204 205
11752 47 5 205
11753 48 35 205
11754 49 169 205
11755 50 138 205
11756 51 81 205
11757 52 136 205
11758 53 109 205
11759 54 134 205
11760 55 16 205
11761 56 223 205
11762 57 61 205
11763 58 41 205
11764 41 3 206
11765 43 242 206
11766 44 160 206
11767 45 26 206
11768 46 27 206
11769 47 163 206
11770 48 98 206
11771 49 128 206
11772 50 116 206
11773 51 248 206
11774 52 4 206
11775 53 80 206
11776 54 132 206
11777 55 216 206
11778 56 44 206
11779 57 240 206
11780 58 73 206
11781 60 5 206
11782 44 55 207
11783 46 138 207
11784 47 97 207
11785 49 65 207
11786 50 123 207
11787 48 205 207
11788 51 220 207
11789 52 168 207
11790 53 120 207
11791 56 5 207
11792 55 3 207
11793 54 104 207
11794 57 124 207
11795 58 13 207
11796 59 98 207
11797 60 223 207
11798 49 165 208
11799 50 173 208
11800 51 237 208
11801 53 206 208
11802 56 1 208
11803 55 52 208
11804 54 175 208
11805 57 79 208
11806 52 21 208
11807 61 153 208
11808 59 56 208
11809 60 4 208
11810 58 215 208
11811 62 198 208
11812 53 168 209
11813 55 216 209
11814 54 35 209
11815 56 238 209
11816 61 82 209
11817 59 90 209
11818 60 120 209
11819 58 43 209
11820 57 180 209
11821 62 51 209
11822 63 154 209
11823 56 147 210
11824 61 222 210
11825 59 216 210
11826 60 17 210
11827 58 60 210
11828 64 137 210
11829 63 185 210
11830 62 37 210
11831 61 250 211
11832 59 191 211
11833 65 197 211
11834 64 233 211
11835 63 37 211
11836 62 213 211
11837 66 237 211
11838 65 245 212
11839 64 98 212
11840 67 247 212
11841 66 253 212
11842 68 168 213
11843 69 230 214
11844 67 93 213
11845 65 216 213
11846 63 54 212
11847 61 142 212
11848 60 156 211
11849 57 149 210
11850 55 230 210
11851 53 186 210
11852 51 175 209
11853 49 108 209
11854 47 142 208
11855 45 164 207
11856 43 41 207
11857 42 210 206
11858 39 115 206
11859 37 175 205
11860 35 108 205
11861 33 27 204
11862 31 71 204
11863 30 75 203
11864 27 203 202
11865 25 115 202
11866 23 93 202
11867 21 216 201
11868 19 54 201
11869 18 105 200
11870 15 164 200
11871 1 39 201
11872 2 134 201
11873 3 27 201
11874 4 115 201
11875 5 150 201
11876 6 99 201
11877 7 249 201
11878 8 57 201
11879 9 32 201
11880 10 210 201
11881 11 234 201
11882 12 253 201
11883 13 111 201
11884 70 124 214
11885 68 31 214
11886 66 72 213
11887 64 18 213
11888 62 195 212
11889 59 13 212
11890 58 221 211
11891 56 248 211
11892 54 62 210
11893 52 72 209
11894 50 18 209
11895 48 133 208
11896 46 226 208
11897 44 185 208
11898 41 240 207
11899 40 62 206
11900 38 144 206
11901 36 36 205
11902 34 9 205
11903 32 226 204
11904 29 89 204
11905 28 239 203
11906 26 124 203
11907 24 31 202
11908 22 36 201
11909 20 9 201
11910 14 216 201
11911 15 205 201
11912 16 150 201
11913 17 207 201
11914 18 171 201
11915 0 256 202
11916 1 227 202
11917 2 137 202
11918 3 167 202
11919 4 51 202
11920 5 45 202
11921 6 120 202
11922 7 42 202
11923 8 146 202
11924 72 194 215
11925 69 31 215
11926 67 36 214
11927 65 9 214
11928 63 195 213
11929 61 113 213
11930 60 69 212
11931 57 124 211
11932 55 31 211
11933 53 72 211
11934 51 18 210
11935 49 133 210
11936 47 113 209
11937 45 221 208
11938 43 248 208
11939 42 101 207
11940 39 144 207
11941 37 18 206
11942 35 133 206
11943 33 226 205
11944 31 185 205
11945 30 195 204
11946 27 62 203
11947 25 144 203
11948 23 36 203
11949 21 9 202
11950 19 195 202
11951 9 121 202
11952 10 161 202
11953 11 140 202
11954 12 120 202
11955 13 35 202
11956 14 133 202
11957 15 244 202
11958 16 97 202
11959 17 79 202
11960 18 94 202
11961 20 177 202
11962 22 43 202
11963 71 23 216
11964 70 48 215
11965 68 12 215
11966 66 3 214
11967 64 65 214
11968 62 233 213
11969 59 198 213
11970 58 127 212
11971 56 96 212
11972 54 24 211
11973 52 3 210
11974 50 65 210
11975 48 209 209
11976 46 245 209
11977 44 254 209
11978 41 137 208
11979 40 24 207
11980 38 6 207
11981 36 130 206
11982 34 161 206
11983 32 245 205
11984 29 233 205
11985 28 192 204
11986 26 48 204
11987 24 12 203
11988 0 41 203
11989 1 256 203
11990 2 45 203
11991 3 183 203
11992 4 151 203
11993 5 254 203
11994 6 230 203
11995 7 62 203
11996 8 246 203
11997 9 116 203
11998 10 80 203
11999 11 243 203
12000 12 198 203
12001 73 192 217
12002 72 246 216
12003 69 12 216
12004 67 130 215
12005 65 161 215
12006 63 233 214
12007 61 251 214
12008 60 225 213
12009 57 48 212
12010 55 12 212
12011 53 3 212
12012 51 65 211
12013 49 209 211
12014 47 251 210
12015 45 127 209
12016 43 96 209
12017 42 166 208
12018 39 6 208
12019 37 65 207
12020 35 209 207
12021 33 245 206
12022 31 254 206
12023 30 71 205
12024 27 24 204
12025 25 6 204
12026 23 130 204
12027 21 161 203
12028 19 233 203
12029 13 201 203
12030 14 80 203
12031 15 55 203
12032 16 168 203
12033 17 112 203
12034 18 105 203
12035 20 222 203
12036 22 151 203
12037 0 144 204
12038 74 64 218
12039 71 105 217
12040 70 2 216
12041 68 129 216
12042 66 225 215
12043 64 249 215
12044 62 256 214
12045 59 254 214
12046 58 16 213
12047 56 4 213
12048 54 1 212
12049 52 225 211
12050 50 249 211
12051 48 255 210
12052 46 128 210
12053 44 32 210
12054 41 18 209
12055 40 1 208
12056 38 193 208
12057 36 241 207
12058 34 253 207
12059 32 128 206
12060 29 232 206
12061 28 8 205
12062 26 2 205
12063 24 129 204
12064 1 179 204
12065 2 216 204
12066 3 205 204
12067 4 54 204
12068 5 128 204
12069 6 189 204
12070 7 128 204
12071 8 72 204
12072 9 179 204
12073 10 190 204
12074 75 32 218
12075 73 8 218
12076 72 121 217
12077 69 129 217
12078 67 241 216
12079 65 253 216
12080 63 256 215
12081 61 64 215
12082 60 28 214
12083 57 2 213
12084 55 129 213
12085 53 225 213
12086 51 249 212
12087 49 255 212
12088 47 64 211
12089 45 16 210
12090 43 4 210
12091 42 73 209
12092 39 193 209
12093 37 249 208
12094 35 255 208
12095 33 128 207
12096 31 32 207
12097 30 114 206
12098 27 1 205
12099 25 193 205
12100 23 241 205
12101 21 253 204
12102 19 256 204
12103 11 234 204
12104 12 231 204
12105 13 251 204
12106 14 75 204
12107 15 66 204
12108 16 149 204
12109 76 182 219
12110 74 174 219
12111 71 160 218
12112 70 150 217
12113 68 166 217
12114 66 170 216
12115 64 171 216
12116 62 182 215
12117 59 231 215
12118 58 172 214
12119 56 43 214
12120 54 75 213
12121 52 170 212
12122 50 171 212
12123 48 107 211
12124 46 91 211
12125 44 87 211
12126 41 186 210
12127 40 75 209
12128 38 83 209
12129 36 85 208
12130 34 214 208
12131 32 91 207
12132 29 48 207
12133 28 86 206
12134 26 150 206
12135 24 166 205
12136 22 85 204
12137 20 214 204
12138 17 99 204
12139 18 154 204
12140 0 229 205
12141 1 41 205
12142 2 25 205
12143 77 91 220
12144 75 87 219
12145 73 86 219
12146 72 98 218
12147 69 166 218
12148 67 85 217
12149 65 214 217
12150 63 182 216
12151 61 174 216
12152 60 188 215
12153 57 150 214
12154 55 166 214
12155 53 170 214
12156 51 171 213
12157 49 107 213
12158 47 174 212
12159 45 172 211
12160 43 43 211
12161 42 87 210
12162 39 83 210
12163 37 171 209
12164 35 107 209
12165 33 91 208
12166 31 87 208
12167 30 141 207
12168 27 75 206
12169 25 83 206
12170 23 85 206
12171 21 214 205
12172 19 182 205
12173 3 10 205
12174 4 142 205
12175 5 238 205
12176 78 116 220
12177 76 29 220
12178 74 200 220
12179 71 203 219
12180 70 199 218
12181 68 114 218
12182 66 157 217
12183 64 232 217
12184 62 29 216
12185 59 249 216
12186 58 50 215
12187 56 141 215
12188 54 228 214
12189 52 157 213
12190 50 232 213
12191 48 58 212
12192 46 143 212
12193 44 100 212
12194 41 100 211
12195 40 228 210
12196 38 57 210
12197 36 207 209
12198 34 116 209
12199 32 143 208
12200 29 83 208
12201 28 25 207
12202 26 199 207
12203 24 114 206
12204 22 207 205
12205 20 116 205
12206 6 217 205
12207 7 10 205
12208 79 116 222
12209 77 143 221
12210 75 100 220
12211 73 25 220
12212 72 219 219
12213 69 114 219
12214 67 207 218
12215 65 116 218
12216 63 29 217
12217 61 200 217
12218 60 228 216
12219 57 199 215
12220 55 114 215
12221 53 157 215
12222 51 232 214
12223 49 58 214
12224 47 200 213
12225 45 50 212
12226 43 141 212
12227 42 4 211
12228 39 57 211
12229 37 232 210
12230 35 58 210
12231 33 143 209
12232 31 100 209
12233 30 41 208
12234 27 228 207
12235 25 57 207
12236 23 207 207
12237 21 116 206
12238 19 29 206
12239 80 105 222
12240 78 219 221
12241 76 119 221
12242 74 94 221
12243 71 141 220
12244 70 19 219
12245 68 69 219
12246 66 210 218
12247 64 181 218
12248 62 119 217
12249 59 38 217
12250 58 152 216
12251 56 38 216
12252 54 138 215
12253 52 210 214
12254 50 181 214
12255 48 238 213
12256 46 188 213
12257 44 47 213
12258 41 147 212
12259 40 138 211
12260 38 163 211
12261 36 105 210
12262 34 219 210
12263 32 188 209
12264 29 197 209
12265 28 76 208
12266 26 19 208
12267 24 69 207
12268 22 105 206
12269 81 105 223
12270 79 219 223
12271 77 188 222
12272 75 47 221
12273 73 76 221
12274 72 226 220
12275 69 69 220
12276 67 105 219
12277 65 219 219
12278 63 119 218
12279 61 94 218
12280 60 74 217
12281 57 19 216
12282 55 69 216
12283 53 210 216
12284 51 181 215
12285 49 238 215
12286 47 94 214
12287 45 152 213
12288 43 38 213
12289 42 39 212
12290 39 163 212
12291 37 181 211
12292 35 238 211
12293 33 188 210
12294 31 47 210
12295 30 216 209
12296 27 138 208
12297 25 163 208
12298 82 146 223
12299 80 165 223
12300 78 234 222
12301 76 187 222
12302 74 111 222
12303 71 194 221
12304 70 140 220
12305 68 35 220
12306 66 73 219
12307 64 211 219
12308 62 187 218
12309 59 29 218
12310 58 92 217
12311 56 23 217
12312 54 70 216
12313 52 73 215
12314 50 211 215
12315 48 117 214
12316 46 222 214
12317 44 184 214
12318 41 57 213
12319 40 70 212
12320 38 146 212
12321 36 165 211
12322 34 234 211
12323 32 222 210
12324 29 59 210
12325 28 46 209
12326 83 146 225
12327 81 165 224
12328 79 234 224
12329 77 222 223
12330 75 184 222
12331 73 46 222
12332 72 159 221
12333 69 35 221
12334 67 165 220
12335 65 234 220
12336 63 187 219
12337 61 111 219
12338 60 236 218
12339 57 140 217
12340 55 35 217
12341 53 73 217
12342 51 211 216
12343 49 117 216
12344 47 111 215
12345 45 92 214
12346 43 23 214
12347 42 55 213
12348 39 146 213
12349 37 211 212
12350 35 117 212
12351 33 222 211
12352 31 184 211
12353 84 220 225
12354 82 156 224
12355 80 39 224
12356 78 74 223
12357 76 147 223
12358 74 101 223
12359 71 119 222
12360 70 220 221
12361 68 55 221
12362 66 78 220
12363 64 148 220
12364 62 147 219
12365 59 161 219
12366 58 218 218
12367 56 183 218
12368 54 110 217
12369 52 78 216
12370 50 148 216
12371 48 37 215
12372 46 202 215
12373 44 179 215
12374 41 211 214
12375 40 110 213
12376 38 156 213
12377 36 39 212
12378 34 74 212
12379 85 110 226
12380 83 156 226
12381 81 39 225
12382 79 74 225
12383 77 202 224
12384 75 179 223
12385 73 109 223
12386 72 78 222
12387 69 55 222
12388 67 39 221
12389 65 74 221
12390 63 147 220
12391 61 101 220
12392 60 24 219
12393 57 220 218
12394 55 55 218
12395 53 78 218
12396 51 148 217
12397 49 37 217
12398 47 101 216
12399 45 218 215
12400 43 183 215
12401 42 129 214
12402 39 156 214
12403 37 148 213
12404 86 208 227
12405 84 52 226
12406 82 135 225
12407 80 98 225
12408 78 153 224
12409 76 231 224
12410 74 122 224
12411 71 13 223
12412 70 52 222
12413 68 13 222
12414 66 196 221
12415 64 49 221
12416 62 231 220
12417 59 134 220
12418 58 159 219
12419 56 104 219
12420 54 26 218
12421 52 196 217
12422 50 49 217
12423 48 205 216
12424 46 244 216
12425 44 61 216
12426 41 250 215
12427 40 26 214
12428 87 104 227
12429 85 26 227
12430 83 135 227
12431 81 98 226
12432 79 153 226
12433 77 244 225
12434 75 61 224
12435 73 208 224
12436 72 120 223
12437 69 13 223
12438 67 98 222
12439 65 153 222
12440 63 231 221
12441 61 122 221
12442 60 164 220
12443 57 52 219
12444 55 13 219
12445 53 196 219
12446 51 49 218
12447 49 205 218
12448 47 122 217
12449 45 159 216
12450 43 104 216
12451 88 206 228
12452 86 180 228
12453 84 45 227
12454 82 102 226
12455 80 154 226
12456 78 167 225
12457 76 106 225
12458 74 155 225
12459 71 179 224
12460 70 45 223
12461 68 204 223
12462 66 51 222
12463 64 77 222
12464 62 106 221
12465 59 8 221
12466 58 103 220
12467 56 90 220
12468 54 151 219
12469 52 51 218
12470 50 77 218
12471 48 212 217
12472 46 53 217
12473 90 215 229
12474 87 90 228
12475 85 151 228
12476 83 102 228
12477 81 154 227
12478 79 167 227
12479 77 53 226
12480 75 206 225
12481 73 180 225
12482 72 216 224
12483 69 204 224
12484 67 154 223
12485 65 167 223
12486 63 106 222
12487 61 155 222
12488 60 110 221
12489 57 45 220
12490 55 204 220
12491 53 51 220
12492 51 77 219
12493 49 212 219
12494 89 148 230
12495 88 30 229
12496 86 136 229
12497 84 34 228
12498 82 197 227
12499 80 242 227
12500 78 189 226
12501 76 240 226
12502 74 60 226
12503 71 143 225
12504 70 34 224
12505 68 137 224
12506 66 227 223
12507 64 121 223
12508 62 240 222
12509 59 84 222
12510 58 15 221
12511 56 68 221
12512 54 17 220
12513 52 227 219
12514 91 120 231
12515 90 246 230
12516 87 68 229
12517 85 17 229
12518 83 197 229
12519 81 242 228
12520 79 189 228
12521 77 120 227
12522 75 30 226
12523 73 136 226
12524 72 157 225
12525 69 137 225
12526 67 242 224
12527 65 189 224
12528 63 240 223
12529 61 60 223
12530 60 182 222
12531 57 34 221
12532 55 137 221
12533 92 20 231
12534 89 37 231
12535 88 194 230
12536 86 177 230
12537 84 237 229
12538 82 126 228
12539 80 160 228
12540 78 40 227
12541 76 10 227
12542 74 131 227
12543 71 127 226
12544 70 237 225
12545 68 252 225
12546 66 63 224
12547 64 80 224
12548 62 10 223
12549 59 129 223
12550 58 97 222
12551 93 20 232
12552 91 5 232
12553 90 216 231
12554 87 217 230
12555 85 247 230
12556 83 126 230
12557 81 160 229
12558 79 40 229
12559 77 5 228
12560 75 194 227
12561 73 177 227
12562 72 2 226
12563 69 252 226
12564 67 160 225
12565 65 40 225
12566 63 10 224
12567 61 131 224
12568 94 178 233
12569 92 215 232
12570 89 13 232
12571 88 158 231
12572 86 168 231
12573 84 42 230
12574 82 198 229
12575 80 178 229
12576 78 173 228
12577 76 236 228
12578 74 59 228
12579 71 138 227
12580 70 42 226
12581 68 139 226
12582 66 99 225
12583 64 89 225
12584 95 89 234
12585 93 215 233
12586 91 118 233
12587 90 213 232
12588 87 84 231
12589 85 21 231
12590 83 198 231
12591 81 178 230
12592 79 173 230
12593 77 118 229
12594 75 158 228
12595 73 168 228
12596 72 227 227
12597 69 139 227
12598 67 178 226
12599 96 201 234
12600 94 243 234
12601 92 191 233
12602 89 5 233
12603 88 28 232
12604 86 7 232
12605 84 66 231
12606 82 201 230
12607 80 243 230
12608 78 125 229
12609 76 224 229
12610 74 56 229
12611 71 164 228
12612 70 66 227
12613 97 229 235
12614 95 250 235
12615 93 191 234
12616 91 112 234
12617 90 178 233
12618 87 132 232
12619 85 33 232
12620 83 201 232
12621 81 243 231
12622 79 125 231
12623 77 112 230
12624 75 28 229
12625 73 7 229
12626 98 162 236
12627 96 169 235
12628 94 235 235
12629 92 190 234
12630 89 186 234
12631 88 44 233
12632 86 11 233
12633 84 67 232
12634 82 169 231
12635 80 235 231
12636 78 123 230
12637 76 95 230
12638 99 162 237
12639 97 213 236
12640 95 246 236
12641 93 190 235
12642 91 176 235
12643 90 238 234
12644 87 134 233
12645 85 162 233
12646 83 169 233
12647 81 235 232
12648 79 123 232
12649 100 27 237
12650 98 71 237
12651 96 82 236
12652 94 149 236
12653 92 115 235
12654 89 26 235
12655 88 216 234
12656 86 54 234
12657 84 142 233
12658 82 82 232
12659 102 12 238
12660 99 71 238
12661 97 41 237
12662 95 203 237
12663 93 115 236
12664 91 93 236
12665 90 256 235
12666 87 27 234
12667 85 71 234
12668 101 22 239
12669 100 226 238
12670 98 185 238
12671 96 239 237
12672 94 124 237
12673 92 144 236
12674 89 66 236
12675 88 9 235
12676 103 133 240
12677 102 115 239
12678 99 185 239
12679 97 248 238
12680 95 62 238
12681 93 144 237
12682 91 36 237
12683 104 130 241
12684 101 253 240
12685 100 245 239
12686 98 254 239
12687 96 192 238
12688 94 48 238
12689 105 65 241
12690 103 209 241
12691 102 122 240
12692 99 254 240
12693 97 96 239
12694 106 193 242
12695 104 241 242
12696 101 63 241
12697 100 128 240
12698 107 225 243
12699 105 249 242
12700 103 255 242
12701 108 75 243
12702 106 83 243
12703 109 75 245
12704 110 46 245
12705 107 23 244
12706 104 179 243
12707 102 190 241
12708 98 122 240
12709 95 61 239
12710 92 53 237
12711 90 7 236
12712 86 223 235
12713 83 240 234
12714 80 40 232
12715 77 20 231
12716 74 178 230
12717 72 41 228
12718 68 229 227
12719 65 243 226
12720 62 169 224
12721 60 7 223
12722 56 71 222
12723 53 164 221
12724 50 113 219
12725 47 185 218
12726 44 233 217
12727 42 18 215
12728 38 255 214
12729 35 256 213
12730 32 214 211
12731 30 157 210
12732 26 207 209
12733 23 232 208
12734 20 210 206
12735 17 105 205
12736 8 195 205
12737 111 46 246
12738 108 179 244
12739 105 218 243
12740 101 209 242
12741 99 122 241
12742 96 106 239
12743 93 53 238
12744 89 184 237
12745 87 240 235
12746 84 80 234
12747 81 40 233
12748 78 178 231
12749 75 89 230
12750 71 136 229
12751 69 229 228
12752 66 81 226
12753 63 169 225
12754 59 195 224
12755 57 164 222
12756 54 226 221
12757 51 113 220
12758 48 233 218
12759 45 245 217
12760 41 170 216
12761 39 255 215
12762 36 171 213
12763 33 214 212
12764 29 150 211
12765 27 232 209
12766 24 163 208
12767 21 210 207
12768 112 179 246
12769 109 179 246
12770 106 244 244
12771 103 122 243
12772 100 106 241
12773 97 53 240
12774 94 189 239
12775 91 223 238
12776 88 80 236
12777 85 40 235
12778 82 178 233
12779 79 178 233
12780 76 201 231
12781 73 229 230
12782 70 81 228
12783 67 169 227
12784 64 142 226
12785 61 71 225
12786 58 226 223
12787 55 113 222
12788 52 233 220
12789 49 233 220
12790 46 253 218
12791 43 255 217
12792 40 171 215
12793 37 214 214
12794 34 157 213
12795 31 207 212
12796 28 163 210
12797 113 179 248
12798 110 244 246
12799 107 122 245
12800 104 212 244
12801 102 67 242
12802 98 189 241
12803 95 223 240
12804 92 80 238
12805 90 194 237
12806 86 99 236
12807 83 178 235
12808 80 201 233
12809 77 229 232
12810 74 162 231
12811 72 183 229
12812 68 142 228
12813 65 71 227
12814 62 226 225
12815 60 192 224
12816 56 209 223
12817 53 233 222
12818 50 253 220
12819 47 255 219
12820 44 85 218
12821 42 14 216
12822 38 157 215
12823 35 207 214
12824 114 231 248
12825 111 244 247
12826 108 212 245
12827 105 106 244
12828 101 238 243
12829 99 189 242
12830 96 160 240
12831 93 80 239
12832 89 89 238
12833 87 178 236
12834 84 145 235
12835 81 201 234
12836 78 162 232
12837 75 81 231
12838 71 211 230
12839 69 142 229
12840 66 195 227
12841 63 226 226
12842 59 185 225
12843 57 233 223
12844 54 249 222
12845 51 253 221
12846 48 85 219
12847 45 171 218
12848 41 120 217
12849 115 244 249
12850 112 212 247
12851 109 212 247
12852 106 121 245
12853 103 189 244
12854 100 160 242
12855 97 80 241
12856 94 198 240
12857 91 99 239
12858 88 145 237
12859 85 201 236
12860 82 162 234
12861 79 162 234
12862 76 27 232
12863 73 142 231
12864 70 195 229
12865 67 226 228
12866 64 161 227
12867 61 209 226
12868 58 249 224
12869 55 253 223
12870 52 85 221
12871 49 85 221
12872 116 167 250
12873 113 212 249
12874 110 121 247
12875 107 189 246
12876 104 63 245
12877 102 211 243
12878 98 198 242
12879 95 99 241
12880 92 145 239
12881 90 101 238
12882 86 67 237
12883 83 162 236
12884 80 27 234
12885 77 142 233
12886 74 133 232
12887 72 96 230
12888 68 161 229
12889 65 209 228
12890 62 249 226
12891 60 158 225
12892 56 170 224
12893 117 212 250
12894 114 242 249
12895 111 121 248
12896 108 63 246
12897 105 160 245
12898 101 130 244
12899 99 198 243
12900 96 33 241
12901 93 145 240
12902 89 143 239
12903 87 162 237
12904 84 54 236
12905 81 27 235
12906 78 133 233
12907 75 195 232
12908 71 195 231
12909 69 161 230
12910 66 241 228
12911 63 249 227
12912 118 242 251
12913 115 121 250
12914 112 63 248
12915 109 63 248
12916 106 139 246
12917 103 198 245
12918 100 33 243
12919 97 145 242
12920 94 134 241
12921 91 67 240
12922 88 54 238
12923 85 27 237
12924 82 133 235
12925 79 133 235
12926 76 65 233
12927 73 161 232
12928 70 241 230
12929 120 40 252
12930 116 126 251
12931 113 63 250
12932 110 139 248
12933 107 198 247
12934 104 66 246
12935 102 90 244
12936 98 134 243
12937 95 67 242
12938 92 54 240
12939 90 36 239
12940 86 9 238
12941 83 133 237
12942 80 65 235
12943 77 161 234
12944 119 240 253
12945 117 63 251
12946 114 21 250
12947 111 139 249
12948 108 66 247
12949 105 33 246
12950 101 225 245
12951 99 134 244
12952 96 108 242
12953 93 54 241
12954 89 115 240
12955 87 133 238
12956 84 130 237
12957 121 126 254
12958 118 21 252
12959 115 139 251
12960 112 66 249
12961 109 66 249
12962 106 11 247
12963 103 134 246
12964 100 108 244
12965 97 54 243
12966 94 18 242
12967 91 9 241
12968 122 21 254
12969 120 250 253
12970 116 132 252
12971 113 66 251
12972 110 11 249
12973 107 134 248
12974 104 216 247
12975 102 126 245
12976 98 18 244
12977 123 21 255
12978 119 139 254
12979 117 66 252
12980 114 22 251
12981 111 11 250
12982 108 216 248
12983 105 108 247
12984 124 7 256
12985 121 132 255
12986 118 22 253
12987 115 11 252
12988 112 216 250
12989 125 132 257
12990 122 22 255
12991 120 44 254
12992 126 44 257
12993 9 155 205
12994 10 120 205
12995 11 81 205
12996 12 151 205
12997 0 26 206
12998 0 26 207
12999 0 26 208
13000 0 26 209
13001 0 26 210
13002 0 26 211
13003 0 26 212
13004 0 26 213
13005 0 26 214
13006 0 26 215
13007 0 26 216
13008 0 26 217
13009 0 26 218
13010 0 26 219
13011 0 26 220
13012 0 26 221
13013 0 26 222
13014 0 26 223
13015 0 26 224
13016 0 26 225
13017 0 26 226
13018 0 26 227
13019 13 251 205
13020 14 197 205
13021 15 247 205
13022 16 127 205
13023 18 168 205
13024 1 239 206
13025 2 95 206
13026 1 151 207
13027 1 151 208
13028 1 151 209
13029 1 151 210
13030 1 151 211
13031 1 151 212
13032 1 151 213
13033 1 151 214
13034 1 151 215
13035 1 151 216
13036 1 151 217
13037 1 151 218
13038 1 151 219
13039 1 151 220
13040 1 151 221
13041 1 151 222
13042 1 151 223
13043 1 151 224
13044 3 86 206
13045 4 144 206
13046 5 96 206
13047 6 137 206
13048 7 84 206
13049 8 3 206
13050 9 221 206
13051 10 108 206
13052 11 234 206
13053 2 17 207
13054 2 17 208
13055 2 17 209
13056 2 17 210
13057 2 17 211
13058 2 17 212
13059 2 17 213
13060 2 17 214
13061 2 17 215
13062 2 17 216
13063 2 17 217
13064 2 17 218
13065 2 17 219
13066 2 17 220
13067 2 17 221
13068 12 17 206
13069 13 25 206
13070 14 99 206
13071 15 157 206
13072 16 225 206
13073 17 67 206
13074 18 173 206
13075 3 184 207
13076 4 107 207
13077 5 246 207
13078 19 95 207
13079 22 179 207
13080 3 247 208
13081 3 247 209
13082 3 247 210
13083 3 247 211
13084 3 247 212
13085 3 247 213
13086 3 247 214
13087 3 247 215
13088 3 247 216
13089 3 247 217
13090 3 247 218
13091 6 177 207
13092 7 129 207
13093 8 11 207
13094 9 203 207
13095 10 29 207
13096 11 215 207
13097 12 122 207
13098 13 151 207
13099 14 53 207
13100 15 210 207
13101 16 115 207
13102 20 71 207
13103 4 21 208
13104 4 21 209
13105 23 148 209
13106 25 127 209
13107 4 21 210
13108 4 21 211
13109 4 21 212
13110 4 21 213
13111 4 21 214
13112 4 21 215
13113 17 130 207
13114 18 182 207
13115 5 159 208
13116 6 251 208
13117 7 8 208
13118 8 104 208
13119 9 13 208
13120 10 145 208
13121 11 191 208
13122 12 73 208
13123 13 190 208
13124 14 19 208
13125 19 219 208
13126 21 82 208
13127 5 33 209
13128 24 159 209
13129 5 33 210
13130 26 32 210
13131 5 33 211
13132 30 73 211
13133 5 33 212
13134 15 142 208
13135 16 192 208
13136 17 18 208
13137 18 249 208
13138 20 120 208
13139 22 248 208
13140 6 114 209
13141 7 224 209
13142 8 247 209
13143 9 1 209
13144 10 207 209
13145 11 60 209
13146 12 75 209
13147 13 199 209
13148 14 210 209
13149 15 202 209
13150 6 162 210
13151 25 52 210
13152 27 253 210
13153 6 162 211
13154 16 164 209
13155 17 81 209
13156 18 42 209
13157 19 243 209
13158 20 235 209
13159 21 231 209
13160 22 185 209
13161 7 145 210
13162 8 51 210
13163 9 254 210
13164 10 182 210
13165 11 121 210
13166 12 47 210
13167 13 222 210
13168 14 134 210
13169 15 15 210
13170 16 236 210
13171 23 124 210
13172 7 71 211
13173 17 210 210
13174 18 200 210
13175 19 238 210
13176 20 61 210
13177 21 194 210
13178 22 251 210
13179 24 151 210
13180 8 151 211
13181 9 94 211
13182 10 252 211
13183 11 106 211
13184 12 249 211
13185 13 153 211
13186 14 122 211
13187 15 103 211
13188 16 167 211
13189 17 236 211
13190 18 143 211
13191 19 250 211
13192 20 247 211
13193 21 163 211
13194 22 25 211
13195 23 105 211
13196 24 176 211
13197 25 206 211
13198 26 9 211
13199 27 20 211
13200 28 217 211
13201 6 59 212
13202 7 79 212
13203 8 22 212
13204 9 22 212
13205 10 229 212
13206 11 73 212
13207 12 214 212
13208 13 243 212
13209 14 207 212
13210 15 28 212
13211 16 67 212
13212 17 172 212
13213 18 240 212
13214 19 88 212
13215 20 243 212
13216 21 188 212
13217 22 119 212
13218 23 226 212
13219 24 212 212
13220 25 175 212
13221 26 115 212
13222 27 92 212
13223 28 224 212
13224 29 42 212
13225 30 191 212
13226 32 214 212
13227 5 104 213
13228 6 32 213
13229 7 76 213
13230 8 68 213
13231 9 52 213
13232 10 65 213
13233 11 159 213
13234 12 21 213
13235 13 130 213
13236 14 170 213
13237 15 156 213
13238 16 44 213
13239 17 194 213
13240 18 256 213
13241 19 100 213
13242 20 6 213
13243 21 49 213
13244 22 6 213
13245 23 163 213
13246 24 89 213
13247 25 47 213
13248 26 242 213
13249 27 223 213
13250 28 150 213
13251 29 162 213
13252 30 178 213
13253 31 176 213
13254 32 100 213
13255 33 50 213
13256 5 127 214
13257 6 241 214
13258 7 136 214
13259 8 212 214
13260 9 245 214
13261 10 110 214
13262 11 56 214
13263 12 27 214
13264 13 144 214
13265 14 150 214
13266 15 108 214
13267 16 54 214
13268 17 177 214
13269 18 221 214
13270 19 183 214
13271 20 103 214
13272 21 50 214
13273 22 209 214
13274 23 91 214
13275 24 190 214
13276 25 90 214
13277 26 45 214
13278 27 234 214
13279 28 126 214
13280 29 209 214
13281 30 247 214
13282 31 229 214
13283 32 83 214
13284 33 11 214
13285 34 242 214
13286 36 111 214
13287 5 243 215
13288 6 214 215
13289 7 200 215
13290 8 220 215
13291 9 92 215
13292 10 2 215
13293 11 196 215
13294 12 107 215
13295 13 157 215
13296 14 25 215
13297 15 18 215
13298 16 228 215
13299 17 87 215
13300 18 104 215
13301 19 98 215
13302 20 88 215
13303 21 230 215
13304 22 83 215
13305 23 6 215
13306 24 244 215
13307 25 43 215
13308 26 49 215
13309 27 191 215
13310 28 32 215
13311 29 112 215
13312 30 32 215
13313 31 35 215
13314 32 186 215
13315 33 139 215
13316 34 82 215
13317 35 245 215
13318 36 100 215
13319 37 145 215
13320 4 178 216
13321 5 212 216
13322 6 132 216
13323 7 103 216
13324 8 220 216
13325 9 198 216
13326 10 179 216
13327 11 12 216
13328 12 195 216
13329 13 44 216
13330 14 206 216
13331 15 108 216
13332 16 56 216
13333 17 230 216
13334 18 52 216
13335 19 15 216
13336 20 114 216
13337 21 96 216
13338 22 35 216
13339 23 123 216
13340 24 204 216
13341 25 59 216
13342 26 86 216
13343 27 99 216
13344 28 10 216
13345 29 144 216
13346 30 79 216
13347 31 150 216
13348 32 221 216
13349 33 167 216
13350 34 107 216
13351 35 36 216
13352 36 109 216
13353 37 133 216
13354 38 36 216
13355 39 32 216
13356 40 45 216
13357 4 89 217
13358 5 170 217
13359 6 35 217
13360 7 122 217
13361 8 214 217
13362 9 62 217
13363 10 207 217
13364 11 86 217
13365 12 180 217
13366 13 6 217
13367 14 134 217
13368 15 242 217
13369 16 80 217
13370 17 210 217
13371 18 231 217
13372 19 136 217
13373 20 231 217
13374 21 245 217
13375 22 74 217
13376 23 189 217
13377 24 212 217
13378 25 147 217
13379 26 129 217
13380 27 133 217
13381 28 173 217
13382 29 6 217
13383 30 44 217
13384 31 205 217
13385 32 27 217
13386 33 113 217
13387 34 87 217
13388 35 219 217
13389 36 171 217
13390 37 232 217
13391 38 109 217
13392 39 72 217
13393 40 136 217
13394 42 76 217
13395 4 136 218
13396 5 208 218
13397 6 167 218
13398 7 38 218
13399 8 135 218
13400 9 241 218
13401 10 159 218
13402 11 202 218
13403 12 225 218
13404 13 241 218
13405 14 173 218
13406 15 147 218
13407 16 15 218
13408 17 108 218
13409 18 179 218
13410 19 103 218
13411 20 66 218
13412 21 171 218
13413 22 37 218
13414 23 227 218
13415 24 21 218
13416 25 107 218
13417 26 198 218
13418 27 53 218
13419 28 42 218
13420 29 36 218
13421 30 21 218
13422 31 85 218
13423 32 204 218
13424 33 236 218
13425 34 37 218
13426 35 112 218
13427 36 108 218
13428 37 211 218
13429 38 146 218
13430 39 4 218
13431 40 25 218
13432 41 227 218
13433 42 247 218
13434 43 50 218
13435 4 36 219
13436 3 219 219
13437 5 33 219
13438 6 28 219
13439 7 215 219
13440 8 180 219
13441 9 91 219
13442 10 167 219
13443 11 117 219
13444 12 172 219
13445 13 210 219
13446 14 225 219
13447 15 248 219
13448 16 153 219
13449 17 147 219
13450 18 98 219
13451 19 44 219
13452 20 70 219
13453 21 220 219
13454 22 18 219
13455 23 3 219
13456 24 222 219
13457 25 22 219
13458 26 55 219
13459 27 72 219
13460 28 7 219
13461 29 48 219
13462 30 3 219
13463 31 205 219
13464 32 96 219
13465 33 251 219
13466 34 2 219
13467 35 205 219
13468 36 221 219
13469 37 144 219
13470 38 42 219
13471 39 103 219
13472 40 118 219
13473 41 50 219
13474 42 132 219
13475 43 256 219
13476 44 137 219
13477 45 108 219
13478 46 159 219
13479 3 231 220
13480 4 53 220
13481 5 3 220
13482 6 140 220
13483 7 117 220
13484 8 252 220
13485 9 92 220
13486 10 8 220
13487 11 85 220
13488 12 234 220
13489 13 220 220
13490 14 147 220
13491 15 180 220
13492 16 127 220
13493 17 208 220
13494 18 57 220
13495 19 172 220
13496 20 168 220
13497 21 41 220
13498 22 80 220
13499 23 68 220
13500 24 78 220
13501 25 172 220
13502 26 205 220
13503 27 31 220
13504 28 58 220
13505 29 256 220
13506 30 224 220
13507 31 93 220
13508 32 226 220
13509 33 156 220
13510 34 24 220
13511 35 222 220
13512 36 44 220
13513 37 159 220
13514 38 131 220
13515 39 58 220
13516 40 203 220
13517 41 226 220
13518 42 211 220
13519 43 233 220
13520 44 216 220
13521 45 252 220
13522 46 133 220
13523 47 255 220
13524 48 222 220
13525 3 223 221
13526 4 128 221
13527 5 9 221
13528 6 59 221
13529 7 53 221
13530 8 247 221
13531 9 142 221
13532 10 115 221
13533 11 163 221
13534 12 241 221
13535 13 62 221
13536 14 110 221
13537 15 67 221
13538 16 1 221
13539 17 101 221
13540 18 52 221
13541 19 111 221
13542 20 230 221
13543 21 243 221
13544 22 111 221
13545 23 54 221
13546 24 181 221
13547 25 81 221
13548 26 63 221
13549 27 21 221
13550 28 88 221
13551 29 21 221
13552 30 122 221
13553 31 103 221
13554 32 238 221
13555 33 46 221
13556 34 16 221
13557 35 213 221
13558 36 82 221
13559 37 163 221
13560 38 82 221
13561 39 251 221
13562 40 3 221
13563 41 241 221
13564 42 108 221
13565 43 86 221
13566 45 138 221
13567 44 81 221
13568 46 4 221
13569 47 50 221
13570 48 230 221
13571 50 80 221
13572 2 124 222
13573 3 197 222
13574 4 70 222
13575 5 183 222
13576 6 158 222
13577 7 35 222
13578 8 61 222
13579 9 139 222
13580 10 209 222
13581 11 166 222
13582 12 166 222
13583 13 128 222
13584 14 206 222
13585 15 127 222
13586 16 144 222
13587 17 176 222
13588 18 94 222
13589 19 220 222
13590 20 251 222
13591 21 242 222
13592 22 162 222
13593 23 116 222
13594 24 29 222
13595 25 83 222
13596 26 25 222
13597 27 93 222
13598 28 122 222
13599 29 222 222
13600 30 254 222
13601 31 104 222
13602 32 81 222
13603 33 183 222
13604 34 139 222
13605 35 198 222
13606 36 48 222
13607 37 178 222
13608 38 18 222
13609 39 210 222
13610 40 88 222
13611 41 215 222
13612 42 230 222
13613 43 142 222
13614 44 195 222
13615 45 26 222
13616 46 127 222
13617 47 210 222
13618 48 151 222
13619 49 166 222
13620 50 86 222
13621 51 167 222
13622 52 61 222
13623 2 54 223
13624 3 66 223
13625 4 222 223
13626 5 116 223
13627 6 201 223
13628 7 216 223
13629 8 61 223
13630 9 51 223
13631 10 247 223
13632 11 82 223
13633 12 139 223
13634 13 186 223
13635 14 13 223
13636 15 88 223
13637 16 12 223
13638 17 55 223
13639 18 15 223
13640 19 117 223
13641 20 105 223
13642 21 136 223
13643 22 11 223
13644 23 256 223
13645 24 89 223
13646 25 48 223
13647 26 53 223
13648 27 73 223
13649 28 154 223
13650 29 71 223
13651 30 183 223
13652 31 30 223
13653 32 103 223
13654 33 225 223
13655 34 214 223
13656 35 168 223
13657 36 238 223
13658 37 204 223
13659 38 156 223
13660 39 8 223
13661 40 187 223
13662 41 122 223
13663 42 219 223
13664 43 192 223
13665 44 136 223
13666 45 170 223
13667 46 133 223
13668 47 47 223
13669 48 5 223
13670 49 227 223
13671 50 4 223
13672 51 51 223
13673 52 169 223
13674 53 130 223
13675 54 174 223
13676 2 168 224
13677 3 116 224
13678 4 78 224
13679 5 90 224
13680 6 93 224
13681 7 106 224
13682 8 67 224
13683 9 14 224
13684 10 14 224
13685 11 43 224
13686 12 136 224
13687 13 164 224
13688 14 72 224
13689 15 104 224
13690 16 194 224
13691 17 157 224
13692 18 7 224
13693 19 190 224
13694 20 234 224
13695 21 41 224
13696 22 58 224
13697 23 134 224
13698 24 55 224
13699 25 124 224
13700 26 251 224
13701 27 191 224
13702 28 50 224
13703 29 42 224
13704 30 205 224
13705 31 73 224
13706 32 157 224
13707 33 255 224
13708 34 231 224
13709 35 144 224
13710 36 78 224
13711 37 101 224
13712 38 20 224
13713 39 163 224
13714 40 16 224
13715 41 225 224
13716 42 197 224
13717 43 191 224
13718 44 7 224
13719 45 42 224
13720 46 256 224
13721 47 159 224
13722 48 226 224
13723 49 51 224
13724 50 74 224
13725 51 73 224
13726 52 219 224
13727 53 149 224
13728 54 112 224
13729 55 104 224
13730 57 119 224
13731 1 169 225
13732 2 247 225
13733 3 239 225
13734 4 26 225
13735 5 52 225
13736 6 193 225
13737 7 207 225
13738 8 83 225
13739 9 16 225
13740 10 91 225
13741 11 10 225
13742 12 74 225
13743 13 169 225
13744 14 176 225
13745 15 103 225
13746 16 62 225
13747 17 246 225
13748 18 38 225
13749 19 131 225
13750 20 67 225
13751 21 153 225
13752 22 165 225
13753 23 24 225
13754 24 157 225
13755 25 121 225
13756 26 127 225
13757 27 80 225
13758 28 185 225
13759 29 61 225
13760 30 94 225
13761 31 100 225
13762 32 124 225
13763 33 197 225
13764 34 228 225
13765 35 13 225
13766 36 246 225
13767 37 137 225
13768 38 109 225
13769 39 204 225
13770 40 179 225
13771 41 152 225
13772 42 192 225
13773 43 191 225
13774 44 177 225
13775 45 233 225
13776 46 250 225
13777 47 5 225
13778 48 220 225
13779 49 254 225
13780 50 175 225
13781 51 23 225
13782 52 167 225
13783 53 71 225
13784 54 215 225
13785 55 6 225
13786 56 61 225
13787 57 213 225
13788 58 88 225
13789 1 220 226
13790 2 130 226
13791 3 235 226
13792 4 20 226
13793 5 36 226
13794 6 85 226
13795 7 177 226
13796 9 53 226
13797 8 132 226
13798 10 213 226
13799 11 171 226
13800 12 94 226
13801 13 26 226
13802 14 10 226
13803 15 144 226
13804 16 1 226
13805 17 59 226
13806 18 23 226
13807 19 48 226
13808 20 177 226
13809 21 68 226
13810 22 215 226
13811 23 220 226
13812 24 36 226
13813 25 90 226
13814 26 54 226
13815 27 82 226
13816 28 176 226
13817 29 167 226
13818 30 217 226
13819 31 154 226
13820 32 206 226
13821 33 216 226
13822 34 245 226
13823 35 36 226
13824 36 149 226
13825 37 25 226
13826 38 35 226
13827 39 196 226
13828 40 119 226
13829 41 140 226
13830 42 13 226
13831 43 194 226
13832 44 56 226
13833 45 156 226
13834 46 205 226
13835 47 170 226
13836 48 186 226
13837 49 38 226
13838 50 209 226
13839 51 154 226
13840 52 202 226
13841 53 192 226
13842 54 223 226
13843 55 137 226
13844 56 140 226
13845 57 154 226
13846 58 116 226
13847 59 190 226
13848 60 256 226
13849 1 140 227
13850 2 224 227
13851 3 169 227
13852 4 154 227
13853 5 18 227
13854 6 117 227
13855 7 50 227
13856 8 115 227
13857 9 105 227
13858 10 90 227
13859 11 238 227
13860 12 92 227
13861 13 79 227
13862 14 111 227
13863 15 245 227
13864 16 161 227
13865 17 193 227
13866 18 171 227
13867 19 14 227
13868 20 229 227
13869 21 25 227
13870 22 109 227
13871 23 106 227
13872 24 179 227
13873 25 61 227
13874 26 189 227
13875 27 23 227
13876 28 96 227
13877 29 6 227
13878 30 211 227
13879 31 81 227
13880 32 35 227
13881 33 76 227
13882 34 193 227
13883 35 155 227
13884 36 186 227
13885 37 85 227
13886 38 78 227
13887 39 38 227
13888 40 114 227
13889 41 218 227
13890 42 229 227
13891 43 124 227
13892 44 75 227
13893 45 82 227
13894 46 224 227
13895 47 32 227
13896 48 231 227
13897 49 54 227
13898 50 220 227
13899 51 197 227
13900 52 91 227
13901 53 191 227
13902 54 118 227
13903 55 240 227
13904 56 220 227
13905 57 7 227
13906 58 219 227
13907 59 61 227
13908 60 209 227
13909 61 245 227
13910 62 40 227
13911 0 2 228
13912 1 248 228
13913 2 98 228
13914 3 68 228
13915 4 13 228
13916 5 103 228
13917 6 1 228
13918 7 238 228
13919 8 225 228
13920 9 244 228
13921 10 97 228
13922 11 59 228
13923 12 83 228
13924 13 109 228
13925 14 106 228
13926 15 243 228
13927 16 40 228
13928 17 94 228
13929 18 169 228
13930 19 255 228
13931 20 24 228
13932 21 5 228
13933 22 218 228
13934 23 231 228
13935 24 87 228
13936 25 92 228
13937 26 184 228
13938 27 204 228
13939 28 27 228
13940 29 83 228
13941 30 239 228
13942 31 166 228
13943 32 106 228
13944 33 22 228
13945 34 80 228
13946 35 153 228
13947 36 156 228
13948 37 84 228
13949 38 201 228
13950 39 45 228
13951 40 36 228
13952 41 152 228
13953 42 172 228
13954 43 182 228
13955 44 195 228
13956 45 151 228
13957 46 24 228
13958 47 122 228
13959 48 68 228
13960 49 146 228
13961 50 148 228
13962 51 234 228
13963 52 154 228
13964 53 14 228
13965 54 75 228
13966 55 1 228
13967 56 70 228
13968 57 159 228
13969 58 178 228
13970 59 236 228
13971 60 201 228
13972 61 174 228
13973 62 51 228
13974 63 152 228
13975 64 171 228
13976 0 210 229
13977 1 9 229
13978 2 230 229
13979 3 218 229
13980 4 102 229
13981 5 242 229
13982 6 142 229
13983 7 192 229
13984 8 30 229
13985 9 192 229
13986 10 163 229
13987 11 144 229
13988 12 45 229
13989 13 198 229
13990 14 86 229
13991 15 233 229
13992 16 236 229
13993 17 92 229
13994 18 61 229
13995 19 126 229
13996 20 61 229
13997 21 240 229
13998 22 213 229
13999 23 235 229
14000 24 81 229
14001 25 239 229
14002 26 95 229
14003 27 146 229
14004 28 150 229
14005 29 33 229
14006 30 99 229
14007 31 27 229
14008 32 151 229
14009 33 85 229
14010 34 126 229
14011 35 101 229
14012 36 6 229
14013 37 166 229
14014 38 191 229
14015 39 141 229
14016 40 3 229
14017 41 67 229
14018 42 232 229
14019 43 115 229
14020 44 134 229
14021 45 117 229
14022 46 171 229
14023 47 8 229
14024 48 207 229
14025 49 35 229
14026 50 12 229
14027 51 74 229
14028 52 255 229
14029 53 87 229
14030 54 165 229
14031 55 225 229
14032 56 256 229
14033 57 204 229
14034 58 192 229
14035 59 225 229
14036 60 57 229
14037 61 27 229
14038 62 222 229
14039 63 205 229
14040 64 228 229
14041 65 215 229
14042 66 196 229
14043 67 200 229
14044 0 252 230
14045 1 160 230
14046 2 208 230
14047 3 18 230
14048 4 191 230
14049 5 64 230
14050 6 124 230
14051 7 229 230
14052 8 196 230
14053 9 111 230
14054 10 172 230
14055 11 164 230
14056 12 201 230
14057 13 7 230
14058 14 236 230
14059 15 240 230
14060 16 56 230
14061 17 172 230
14062 18 253 230
14063 19 242 230
14064 20 12 230
14065 21 256 230
14066 22 155 230
14067 23 100 230
14068 24 15 230
14069 25 118 230
14070 26 135 230
14071 27 115 230
14072 28 219 230
14073 29 133 230
14074 30 146 230
14075 31 165 230
14076 32 173 230
14077 33 183 230
14078 34 164 230
14079 35 154 230
14080 36 26 230
14081 37 130 230
14082 38 84 230
14083 39 72 230
14084 40 174 230
14085 41 101 230
14086 42 208 230
14087 43 234 230
14088 44 130 230
14089 45 104 230
14090 46 221 230
14091 47 16 230
14092 48 239 230
14093 49 184 230
14094 50 238 230
14095 51 108 230
14096 52 39 230
14097 53 112 230
14098 54 236 230
14099 55 103 230
14100 56 13 230
14101 57 171 230
14102 58 155 230
14103 59 101 230
14104 60 227 230
14105 61 106 230
14106 62 91 230
14107 63 160 230
14108 64 16 230
14109 65 60 230
14110 66 16 230
14111 67 32 230
14112 68 2 230
14113 0 33 231
14114 1 102 231
14115 2 167 231
14116 3 40 231
14117 4 243 231
14118 5 178 231
14119 6 94 231
14120 7 215 231
14121 8 208 231
14122 9 256 231
14123 10 152 231
14124 11 171 231
14125 12 23 231
14126 13 34 231
14127 14 221 231
14128 15 33 231
14129 16 84 231
14130 17 154 231
14131 18 193 231
14132 19 239 231
14133 20 235 231
14134 21 246 231
14135 22 25 231
14136 23 211 231
14137 24 147 231
14138 25 203 231
14139 26 153 231
14140 27 152 231
14141 28 83 231
14142 29 109 231
14143 30 237 231
14144 31 127 231
14145 32 15 231
14146 33 140 231
14147 34 36 231
14148 35 15 231
14149 36 41 231
14150 37 40 231
14151 38 61 231
14152 39 6 231
14153 40 100 231
14154 41 232 231
14155 44 28 231
14156 42 113 231
14157 43 57 231
14158 45 131 231
14159 46 195 231
14160 47 57 231
14161 48 225 231
14162 49 79 231
14163 50 140 231
14164 69 43 231
14165 51 184 231
14166 65 36 231
14167 63 165 231
14168 61 99 231
14169 59 46 231
14170 56 86 231
14171 55 93 231
14172 53 210 231
14173 52 234 231
14174 54 212 231
14175 57 115 231
14176 58 234 231
14177 60 189 231
14178 62 178 231
14179 64 39 231
14180 66 53 231
14181 67 154 231
14182 68 26 231
14183 70 150 231
14184 72 251 231
14185 0 83 232
14186 1 1 232
14187 2 41 232
14188 3 107 232
14189 4 37 232
14190 5 119 232
14191 6 142 232
14192 7 122 232
14193 8 55 232
14194 9 141 232
14195 10 226 232
14196 11 37 232
14197 12 218 232
14198 41 24 232
14199 13 126 232
14200 38 179 232
14201 35 116 232
14202 34 171 232
14203 44 74 232
14204 69 136 232
14205 49 80 232
14206 65 78 232
14207 63 229 232
14208 61 86 232
14209 59 145 232
14210 56 26 232
14211 55 73 232
14212 53 198 232
14213 51 8 232
14214 50 193 232
14215 47 186 232
14216 45 210 232
14217 43 126 232
14218 42 7 232
14219 39 218 232
14220 37 95 232
14221 71 256 232
14222 70 97 232
14223 68 161 232
14224 66 74 232
14225 64 250 232
14226 62 50 232
14227 60 117 232
14228 58 9 232
14229 57 187 232
14230 54 89 232
14231 52 172 232
14232 67 120 232
14233 48 216 232
14234 46 181 232
14235 72 18 232
14236 41 187 233
14237 40 61 232
14238 73 76 233
14239 44 198 233
14240 69 209 233
14241 49 66 233
14242 65 169 233
14243 63 25 233
14244 61 15 233
14245 59 84 233
14246 56 147 233
14247 55 201 233
14248 53 172 233
14249 51 103 233
14250 50 199 233
14251 47 146 233
14252 45 198 233
14253 43 16 233
14254 74 19 233
14255 71 70 233
14256 70 253 233
14257 68 49 233
14258 66 246 233
14259 64 199 233
14260 62 194 233
14261 60 210 233
14262 58 148 233
14263 57 244 233
14264 54 150 233
14265 52 30 233
14266 67 148 233
14267 48 211 233
14268 46 178 233
14269 75 46 233
14270 73 79 234
14271 72 34 233
14272 69 153 234
14273 49 91 234
14274 65 152 234
14275 63 97 234
14276 61 161 234
14277 59 233 234
14278 56 75 234
14279 55 50 234
14280 53 30 234
14281 51 9 234
14282 50 249 234
14283 76 140 234
14284 74 84 234
14285 71 131 234
14286 70 77 234
14287 68 149 234
14288 66 19 234
14289 64 217 234
14290 62 249 234
14291 60 169 234
14292 58 235 234
14293 57 1 234
14294 54 68 234
14295 52 65 234
14296 78 68 234
14297 75 14 234
14298 73 214 235
14299 72 140 234
14300 69 203 235
14301 67 92 234
14302 65 158 235
14303 63 253 235
14304 61 49 235
14305 59 187 235
14306 56 156 235
14307 55 194 235
14308 77 232 235
14309 76 132 235
14310 74 182 235
14311 71 229 235
14312 70 124 235
14313 68 23 235
14314 66 84 235
14315 64 256 235
14316 62 154 235
14317 60 179 235
14318 58 38 235
14319 79 220 236
14320 78 53 235
14321 75 116 235
14322 73 121 236
14323 72 33 235
14324 69 140 236
14325 67 28 235
14326 65 171 236
14327 63 77 236
14328 61 149 236
14329 80 104 236
14330 77 170 236
14331 76 29 236
14332 74 223 236
14333 71 100 236
14334 70 183 236
14335 68 7 236
14336 66 182 236
14337 64 212 236
14338 81 52 236
14339 82 90 236
14340 78 196 236
14341 75 80 236
14342 73 48 237
14343 72 114 236
14344 69 132 237
14345 67 232 236
14346 79 123 237
14347 80 54 237
14348 77 193 237
14349 76 20 237
14350 74 12 237
14351 71 63 237
14352 70 11 237
14353 83 90 238
14354 81 27 237
14355 82 97 237
14356 78 8 237
14357 75 2 237
14358 73 104 238
14359 84 204 238
14360 79 137 238
14361 80 117 238
14362 77 35 238
14363 76 129 238
14364 85 68 238
14365 83 195 239
14366 81 187 238
14367 82 165 238
14368 86 17 239
14369 84 185 239
14370 79 201 239
14371 87 217 239
14372 85 233 239
14373 88 247 239
14374 90 219 240
14375 86 160 240
14376 83 21 240
14377 80 132 239
14378 78 76 238
14379 74 44 238
14380 72 50 237
14381 68 62 237
14382 65 127 237
14383 62 64 236
14384 59 43 236
14385 57 102 235
14386 53 157 235
14387 49 53 235
14388 47 46 234
14389 44 23 234
14390 42 110 233
14391 38 231 233
14392 36 67 232
14393 31 147 232
14394 14 22 232
14395 15 13 232
14396 16 90 232
14397 17 252 232
14398 18 63 232
14399 19 223 232
14400 20 17 232
14401 21 115 232
14402 22 136 232
14403 23 61 232
14404 24 178 232
14405 25 183 232
14406 26 55 232
14407 27 118 232
14408 28 71 232
14409 29 16 232
14410 30 154 232
14411 32 226 232
14412 33 6 232
14413 0 155 233
14414 89 226 241
14415 87 198 240
14416 84 99 240
14417 81 66 239
14418 77 109 239
14419 75 93 238
14420 71 80 238
14421 69 31 238
14422 66 48 237
14423 63 32 237
14424 60 241 236
14425 56 190 236
14426 54 116 235
14427 51 163 235
14428 48 70 234
14429 45 218 234
14430 41 159 234
14431 39 244 233
14432 35 207 233
14433 1 185 233
14434 2 180 233
14435 3 61 233
14436 4 65 233
14437 5 12 233
14438 6 207 233
14439 7 151 233
14440 8 3 233
14441 9 116 233
14442 10 32 233
14443 11 137 233
14444 12 94 233
14445 13 84 233
14446 14 133 233
14447 15 53 233
14448 16 43 233
14449 17 206 233
14450 18 213 233
14451 19 10 233
14452 20 103 233
14453 92 72 241
14454 88 178 240
14455 85 33 240
14456 82 134 239
14457 79 11 240
14458 76 216 239
14459 73 144 239
14460 70 24 238
14461 67 16 237
14462 64 8 237
14463 61 91 237
14464 58 58 236
14465 55 210 236
14466 52 35 235
14467 50 32 235
14468 46 183 234
14469 43 122 234
14470 40 106 233
14471 37 242 233
14472 34 121 233
14473 21 237 233
14474 22 193 233
14475 23 67 233
14476 24 219 233
14477 25 100 233
14478 26 181 233
14479 27 24 233
14480 28 202 233
14481 29 168 233
14482 30 244 233
14483 31 98 233
14484 32 246 233
14485 33 122 233
14486 36 22 233
14487 0 241 234
14488 1 87 234
14489 2 157 234
14490 3 8 234
14491 91 179 242
14492 90 16 241
14493 86 201 241
14494 83 134 241
14495 80 108 240
14496 78 102 239
14497 74 36 239
14498 72 131 238
14499 68 4 238
14500 65 174 238
14501 62 29 237
14502 59 123 237
14503 57 165 236
14504 53 35 236
14505 49 97 236
14506 47 61 235
14507 44 159 235
14508 42 7 234
14509 38 189 234
14510 4 61 234
14511 5 242 234
14512 6 59 234
14513 7 109 234
14514 8 115 234
14515 9 182 234
14516 10 206 234
14517 11 85 234
14518 12 59 234
14519 13 139 234
14520 14 77 234
14521 15 235 234
14522 16 191 234
14523 17 242 234
14524 18 45 234
14525 19 51 234
14526 20 39 234
14527 21 184 234
14528 93 173 242
14529 89 220 242
14530 87 162 241
14531 84 81 241
14532 81 54 240
14533 77 39 240
14534 75 6 239
14535 71 196 239
14536 69 2 239
14537 66 86 238
14538 63 143 238
14539 60 177 237
14540 56 152 237
14541 54 165 236
14542 51 110 236
14543 48 104 235
14544 45 155 235
14545 41 184 235
14546 39 223 234
14547 35 207 234
14548 22 184 234
14549 23 213 234
14550 24 196 234
14551 25 49 234
14552 26 53 234
14553 27 184 234
14554 28 37 234
14555 29 166 234
14556 30 195 234
14557 31 236 234
14558 32 101 234
14559 33 49 234
14560 34 15 234
14561 36 39 234
14562 37 108 234
14563 40 253 234
14564 94 236 243
14565 92 20 242
14566 88 169 241
14567 85 27 241
14568 82 133 240
14569 79 9 241
14570 76 130 240
14571 73 1 240
14572 70 43 239
14573 67 200 238
14574 64 100 238
14575 61 238 238
14576 58 211 237
14577 55 55 237
14578 52 52 236
14579 50 145 236
14580 46 103 235
14581 43 240 235
14582 0 27 235
14583 1 105 235
14584 2 206 235
14585 3 233 235
14586 4 116 235
14587 5 175 235
14588 6 213 235
14589 7 48 235
14590 8 22 235
14591 9 202 235
14592 10 166 235
14593 11 137 235
14594 12 74 235
14595 13 48 235
14596 14 80 235
14597 15 256 235
14598 16 37 235
14599 95 250 243
14600 91 72 243
14601 90 41 242
14602 86 71 242
14603 83 133 242
14604 80 65 241
14605 78 184 240
14606 74 193 240
14607 72 217 239
14608 68 50 239
14609 65 119 239
14610 62 234 238
14611 59 147 238
14612 57 138 237
14613 53 52 237
14614 49 57 237
14615 47 120 236
14616 44 60 236
14617 42 78 235
14618 38 178 235
14619 17 224 235
14620 18 75 235
14621 19 228 235
14622 20 57 235
14623 21 87 235
14624 22 159 235
14625 23 121 235
14626 24 87 235
14627 25 105 235
14628 26 120 235
14629 27 249 235
14630 28 162 235
14631 29 115 235
14632 30 137 235
14633 96 224 243
14634 93 235 243
14635 89 176 243
14636 87 226 242
14637 84 113 242
14638 81 161 241
14639 77 190 241
14640 75 75 240
14641 71 158 240
14642 69 25 240
14643 66 47 239
14644 63 117 239
14645 60 146 238
14646 56 15 238
14647 54 135 237
14648 51 90 237
14649 48 15 236
14650 45 10 236
14651 41 221 236
14652 39 89 235
14653 35 151 235
14654 31 116 235
14655 32 138 235
14656 33 197 235
14657 34 203 235
14658 36 108 235
14659 37 242 235
14660 40 87 235
14661 0 153 236
14662 1 72 236
14663 2 228 236
14664 3 58 236
14665 4 51 236
14666 97 246 244
14667 94 123 244
14668 92 44 243
14669 88 185 242
14670 85 209 242
14671 82 249 241
14672 79 241 242
14673 76 83 241
14674 73 141 241
14675 70 152 240
14676 67 187 239
14677 64 222 239
14678 61 148 239
14679 58 196 238
14680 55 45 238
14681 52 136 237
14682 50 167 237
14683 46 131 236
14684 43 173 236
14685 5 114 236
14686 6 174 236
14687 7 210 236
14688 8 7 236
14689 9 98 236
14690 10 128 236
14691 11 247 236
14692 12 74 236
14693 13 102 236
14694 14 218 236
14695 15 12 236
14696 16 26 236
14697 17 69 236
14698 98 190 245
14699 95 41 244
14700 91 254 244
14701 90 67 243
14702 86 245 243
14703 83 249 243
14704 80 170 242
14705 78 99 241
14706 74 228 241
14707 72 55 240
14708 68 111 240
14709 65 74 240
14710 62 98 239
14711 59 69 239
14712 57 92 238
14713 53 136 238
14714 49 118 238
14715 47 215 237
14716 44 236 237
14717 42 21 236
14718 38 169 236
14719 18 114 236
14720 19 197 236
14721 20 196 236
14722 21 141 236
14723 22 77 236
14724 23 26 236
14725 24 222 236
14726 25 100 236
14727 26 220 236
14728 27 60 236
14729 99 95 245
14730 96 230 244
14731 93 239 244
14732 89 85 244
14733 87 255 243
14734 84 256 243
14735 81 85 242
14736 77 158 242
14737 75 38 241
14738 71 199 241
14739 69 184 241
14740 66 202 240
14741 63 49 240
14742 60 89 239
14743 56 14 239
14744 54 17 238
14745 51 97 238
14746 48 59 237
14747 45 125 237
14748 41 71 237
14749 39 213 236
14750 35 201 236
14751 28 196 236
14752 29 68 236
14753 30 126 236
14754 31 118 236
14755 32 43 236
14756 33 97 236
14757 34 188 236
14758 36 23 236
14759 100 115 245
14760 97 248 245
14761 94 124 245
14762 92 31 244
14763 88 128 243
14764 85 171 243
14765 82 157 242
14766 79 57 243
14767 76 138 242
14768 73 92 242
14769 70 101 241
14770 67 153 240
14771 64 205 240
14772 61 51 240
14773 58 137 239
14774 55 177 239
14775 52 158 238
14776 50 87 238
14777 46 224 237
14778 43 235 237
14779 40 82 236
14780 37 226 236
14781 0 229 237
14782 1 58 237
14783 2 167 237
14784 3 240 237
14785 4 217 237
14786 5 232 237
14787 6 26 237
14788 101 4 246
14789 98 62 246
14790 95 127 245
14791 91 172 245
14792 90 216 244
14793 86 107 244
14794 83 157 244
14795 80 69 243
14796 78 196 242
14797 74 23 242
14798 72 172 241
14799 68 231 241
14800 65 154 241
14801 62 197 240
14802 59 23 240
14803 57 141 239
14804 53 158 239
14805 49 184 239
14806 47 246 238
14807 44 123 238
14808 42 31 237
14809 38 185 237
14810 7 204 237
14811 8 236 237
14812 9 148 237
14813 10 220 237
14814 11 108 237
14815 12 245 237
14816 102 28 246
14817 99 31 246
14818 96 48 245
14819 93 32 245
14820 89 165 245
14821 87 232 244
14822 84 116 244
14823 81 163 243
14824 77 57 243
14825 75 218 242
14826 71 21 242
14827 69 244 242
14828 66 212 241
14829 63 227 241
14830 60 149 240
14831 56 166 240
14832 54 84 239
14833 51 56 239
14834 48 95 238
14835 45 149 238
14836 41 230 238
14837 39 221 237
14838 35 204 237
14839 13 82 237
14840 14 138 237
14841 15 231 237
14842 16 153 237
14843 103 144 247
14844 100 24 246
14845 97 16 246
14846 94 8 246
14847 92 68 245
14848 88 58 244
14849 85 210 244
14850 82 35 243
14851 79 70 244
14852 76 183 243
14853 73 122 243
14854 70 106 242
14855 67 242 241
14856 64 121 241
14857 61 252 241
14858 58 42 240
14859 55 28 240
14860 52 176 239
14861 50 175 239
14862 46 230 238
14863 43 239 238
14864 40 254 237
14865 37 255 237
14866 34 256 237
14867 31 85 237
14868 17 116 237
14869 104 36 248
14870 101 143 247
14871 98 4 247
14872 95 174 246
14873 91 33 246
14874 90 7 245
14875 86 181 245
14876 83 35 245
14877 80 220 244
14878 78 161 243
14879 74 159 243
14880 72 11 242
14881 68 189 242
14882 65 126 242
14883 62 21 241
14884 59 138 241
14885 57 201 240
14886 53 176 240
14887 49 11 240
14888 47 248 239
14889 44 124 239
14890 42 128 238
14891 38 128 238
14892 36 236 237
14893 18 200 237
14894 105 6 248
14895 102 108 247
14896 99 2 247
14897 96 86 246
14898 93 143 246
14899 89 84 246
14900 87 73 245
14901 84 165 245
14902 81 110 244
14903 77 216 244
14904 75 155 243
14905 71 47 243
14906 69 223 243
14907 66 80 242
14908 63 139 242
14909 60 143 241
14910 56 134 241
14911 54 22 240
14912 51 186 240
14913 48 31 239
14914 45 192 239
14915 41 65 239
14916 39 64 238
14917 35 197 238
14918 106 130 248
14919 103 1 248
14920 100 43 247
14921 97 200 247
14922 94 100 247
14923 92 133 246
14924 88 211 245
14925 85 55 245
14926 82 52 244
14927 79 104 245
14928 76 103 244
14929 73 240 244
14930 70 40 243
14931 67 198 242
14932 64 99 242
14933 61 66 242
14934 58 11 241
14935 55 93 241
14936 52 144 240
14937 50 226 240
14938 46 48 239
14939 43 32 239
14940 40 91 238
14941 107 129 249
14942 104 193 249
14943 101 123 248
14944 98 50 248
14945 95 119 247
14946 91 217 247
14947 90 92 246
14948 86 78 246
14949 83 52 246
14950 80 180 245
14951 78 128 244
14952 74 60 244
14953 72 128 243
14954 68 178 243
14955 65 33 243
14956 62 134 242
14957 59 49 242
14958 57 20 241
14959 53 144 241
14960 49 24 241
14961 47 16 240
14962 44 8 240
14963 108 241 249
14964 105 75 249
14965 102 206 248
14966 99 25 248
14967 96 47 247
14968 93 117 247
14969 89 74 247
14970 87 13 246
14971 84 135 246
14972 81 90 245
14973 77 2 245
14974 75 10 244
14975 71 219 244
14976 69 89 244
14977 66 229 243
14978 63 67 243
14979 60 138 242
14980 56 228 242
14981 54 18 241
14982 51 12 241
14983 48 2 240
14984 109 241 250
14985 106 83 249
14986 103 141 249
14987 100 152 248
14988 97 187 248
14989 94 222 248
14990 92 153 247
14991 88 196 246
14992 85 45 246
14993 82 136 245
14994 79 15 246
14995 76 131 245
14996 73 173 245
14997 70 243 244
14998 67 162 243
14999 64 81 243
15000 61 54 243
15001 58 9 242
15002 55 6 242
15003 52 1 241
15004 110 170 250
15005 107 199 250
15006 104 228 250
15007 101 199 249
15008 98 111 249
15009 95 74 248
15010 91 179 248
15011 90 114 247
15012 86 204 247
15013 83 136 247
15014 80 194 246
15015 78 210 245
15016 74 236 245
15017 72 132 244
15018 68 169 244
15019 65 27 244
15020 62 133 243
15021 59 94 243
15022 57 255 242
15023 111 85 251
15024 108 57 250
15025 105 38 250
15026 102 202 249
15027 99 184 249
15028 96 202 248
15029 93 49 248
15030 89 7 248
15031 87 34 247
15032 84 17 247
15033 81 97 246
15034 77 166 246
15035 75 125 245
15036 71 169 245
15037 69 213 245
15038 66 164 244
15039 63 195 244
15040 60 215 243
15041 112 157 251
15042 109 57 251
15043 106 138 250
15044 103 92 250
15045 100 101 249
15046 97 153 249
15047 94 205 249
15048 92 70 248
15049 88 137 247
15050 85 177 247
15051 82 158 246
15052 79 59 247
15053 76 224 246
15054 73 235 246
15055 70 82 245
15056 67 226 244
15057 64 113 244
15058 113 157 252
15059 110 69 251
15060 107 46 251
15061 104 23 251
15062 101 84 250
15063 98 231 250
15064 95 154 249
15065 91 7 249
15066 90 40 248
15067 86 237 248
15068 83 158 248
15069 80 112 247
15070 78 156 246
15071 74 123 246
15072 72 5 245
15073 68 185 245
15074 114 116 252
15075 111 163 252
15076 108 70 251
15077 105 218 251
15078 102 214 250
15079 99 244 250
15080 96 212 249
15081 93 227 249
15082 89 242 249
15083 87 168 248
15084 84 84 248
15085 81 56 247
15086 77 38 247
15087 75 149 246
15088 71 141 246
15089 115 210 253
15090 112 35 252
15091 109 70 252
15092 106 183 251
15093 103 122 251
15094 100 106 250
15095 97 242 250
15096 94 121 250
15097 92 10 249
15098 88 42 248
15099 85 28 248
15100 82 176 247
15101 79 95 248
15102 76 230 247
15103 116 181 253
15104 113 35 253
15105 110 220 252
15106 107 61 252
15107 104 159 252
15108 101 240 251
15109 98 189 251
15110 95 126 250
15111 91 139 250
15112 90 21 249
15113 86 7 249
15114 83 176 249
15115 80 115 248
15116 117 73 253
15117 114 165 253
15118 111 110 253
15119 108 104 252
15120 105 155 252
15121 102 106 251
15122 99 223 251
15123 96 80 250
15124 93 139 250
15125 89 125 250
15126 87 44 249
15127 84 22 249
15128 118 211 254
15129 115 55 254
15130 112 52 253
15131 109 104 253
15132 106 103 252
15133 103 240 252
15134 100 40 251
15135 97 198 251
15136 94 99 251
15137 92 235 250
15138 88 11 249
15139 119 1 255
15140 116 78 254
15141 113 52 254
15142 110 180 253
15143 107 120 253
15144 104 60 253
15145 101 71 252
15146 98 178 252
15147 95 33 251
15148 91 145 251
15149 120 131 255
15150 117 13 254
15151 114 135 254
15152 111 90 254
15153 108 15 253
15154 105 10 253
15155 102 159 252
15156 99 89 252
15157 96 229 251
15158 121 148 256
15159 118 196 255
15160 115 45 255
15161 112 136 254
15162 109 15 254
15163 106 131 253
15164 103 173 253
15165 100 243 252
15166 122 98 256
15167 119 145 256
15168 116 204 255
15169 113 136 255
15170 110 194 254
15171 107 215 254
15172 104 236 254
15173 123 49 256
15174 120 232 256
15175 117 34 255
15176 114 17 255
15177 111 97 255
15178 108 59 254
15179 124 205 257
15180 121 51 257
15181 118 137 256
15182 115 177 256
15183 112 158 255
15184 125 154 258
15185 122 197 257
15186 119 192 257
15187 116 237 256
15188 126 212 258
15189 123 227 257
15190 120 228 257
15191 127 242 258
15192 124 121 258
15193 128 189 259
15194 19 125 237
15195 20 60 237
15196 21 87 237
15197 22 27 237
15198 23 22 237
15199 24 198 237
15200 25 120 237
15201 26 25 237
15202 27 25 237
15203 28 242 237
15204 0 254 238
15205 0 254 239
15206 0 254 240
15207 0 254 241
15208 0 254 242
15209 0 254 243
15210 0 254 244
15211 0 254 245
15212 0 254 246
15213 0 254 247
15214 29 104 237
15215 30 253 237
15216 32 45 237
15217 33 74 237
15218 1 7 238
15219 2 197 238
15220 3 72 238
15221 4 241 238
15222 5 11 238
15223 6 12 238
15224 7 193 238
15225 8 243 238
15226 9 50 238
15227 10 93 238
15228 1 212 239
15229 1 212 240
15230 1 212 241
15231 1 212 242
15232 1 212 243
15233 11 31 238
15234 12 105 238
15235 13 90 238
15236 14 146 238
15237 15 101 238
15238 16 215 238
15239 17 40 238
15240 18 115 238
15241 19 159 238
15242 20 131 238
15243 21 183 238
15244 22 239 238
15245 23 226 238
15246 24 255 238
15247 25 241 238
15248 26 193 238
15249 27 20 238
15250 2 96 239
15251 28 219 238
15252 29 104 238
15253 30 18 238
15254 31 44 238
15255 32 221 238
15256 33 131 238
15257 34 233 238
15258 36 70 238
15259 37 5 238
15260 3 149 239
15261 4 166 239
15262 5 98 239
15263 6 233 239
15264 7 111 239
15265 8 133 239
15266 9 136 239
15267 10 15 239
15268 11 24 239
15269 12 183 239
15270 13 229 239
15271 14 28 239
15272 15 234 239
15273 16 90 239
15274 17 172 239
15275 18 224 239
15276 19 142 239
15277 20 16 239
15278 21 48 239
15279 22 127 239
15280 23 125 239
15281 24 169 239
15282 25 197 239
15283 26 144 239
15284 27 148 239
15285 28 217 239
15286 29 70 239
15287 30 50 239
15288 31 248 239
15289 32 116 239
15290 33 108 239
15291 34 99 239
15292 35 110 239
15293 36 213 239
15294 37 40 239
15295 38 192 239
15296 39 78 239
15297 40 28 239
15298 42 252 239
15299 2 176 240
15300 3 127 240
15301 4 177 240
15302 5 240 240
15303 6 154 240
15304 7 94 240
15305 8 46 240
15306 9 2 240
15307 10 219 240
15308 11 119 240
15309 12 2 240
15310 13 203 240
15311 14 2 240
15312 15 94 240
15313 16 41 240
15314 17 209 240
15315 18 154 240
15316 19 144 240
15317 20 154 240
15318 21 92 240
15319 22 83 240
15320 23 75 240
15321 24 228 240
15322 25 89 240
15323 26 12 240
15324 27 185 240
15325 28 77 240
15326 29 24 240
15327 30 160 240
15328 31 173 240
15329 32 129 240
15330 33 130 240
15331 34 216 240
15332 35 89 240
15333 36 178 240
15334 37 135 240
15335 38 11 240
15336 39 141 240
15337 40 134 240
15338 41 203 240
15339 42 56 240
15340 43 242 240
15341 45 96 240
15342 46 151 240
15343 2 163 241
15344 3 169 241
15345 4 224 241
15346 5 115 241
15347 6 24 241
15348 7 41 241
15349 8 208 241
15350 9 81 241
15351 10 95 241
15352 11 213 241
15353 12 135 241
15354 13 214 241
15355 14 79 241
15356 15 157 241
15357 16 38 241
15358 17 51 241
15359 18 222 241
15360 19 249 241
15361 20 167 241
15362 21 24 241
15363 22 96 241
15364 23 220 241
15365 24 23 241
15366 25 113 241
15367 27 184 241
15368 26 238 241
15369 28 252 241
15370 29 118 241
15371 30 169 241
15372 31 19 241
15373 32 185 241
15374 33 119 241
15375 34 134 241
15376 35 29 241
15377 36 173 241
15378 37 149 241
15379 38 98 241
15380 39 178 241
15381 40 81 241
15382 41 251 241
15383 42 157 241
15384 43 16 241
15385 44 116 241
15386 45 149 241
15387 46 89 241
15388 47 145 241
15389 48 18 241
15390 50 244 241
15391 2 216 242
15392 3 80 242
15393 4 142 242
15394 5 29 242
15395 6 10 242
15396 7 221 242
15397 8 216 242
15398 9 10 242
15399 10 149 242
15400 11 58 242
15401 12 41 242
15402 13 54 242
15403 14 210 242
15404 15 126 242
15405 16 194 242
15406 17 188 242
15407 18 22 242
15408 19 208 242
15409 20 56 242
15410 21 232 242
15411 22 134 242
15412 23 231 242
15413 24 172 242
15414 25 102 242
15415 26 251 242
15416 27 32 242
15417 28 144 242
15418 29 39 242
15419 30 84 242
15420 31 221 242
15421 32 56 242
15422 33 133 242
15423 34 40 242
15424 35 212 242
15425 36 96 242
15426 37 82 242
15427 38 81 242
15428 39 189 242
15429 40 56 242
15430 41 71 242
15431 42 242 242
15432 43 6 242
15433 44 8 242
15434 45 239 242
15435 46 83 242
15436 47 207 242
15437 48 133 242
15438 49 144 242
15439 50 28 242
15440 51 37 242
15441 52 68 242
15442 53 142 242
15443 54 216 242
15444 2 192 243
15445 3 25 243
15446 4 146 243
15447 5 103 243
15448 6 73 243
15449 7 22 243
15450 8 132 243
15451 9 62 243
15452 10 181 243
15453 11 216 243
15454 12 223 243
15455 13 100 243
15456 14 167 243
15457 15 207 243
15458 16 96 243
15459 17 116 243
15460 18 135 243
15461 19 147 243
15462 20 169 243
15463 21 237 243
15464 22 151 243
15465 23 198 243
15466 24 230 243
15467 25 167 243
15468 26 170 243
15469 27 116 243
15470 28 29 243
15471 29 146 243
15472 30 215 243
15473 31 126 243
15474 32 179 243
15475 33 80 243
15476 34 131 243
15477 35 231 243
15478 36 26 243
15479 37 90 243
15480 38 51 243
15481 39 240 243
15482 40 46 243
15483 41 226 243
15484 42 30 243
15485 43 121 243
15486 44 130 243
15487 45 228 243
15488 46 73 243
15489 47 112 243
15490 48 211 243
15491 49 15 243
15492 50 231 243
15493 51 85 243
15494 52 1 243
15495 53 183 243
15496 54 106 243
15497 55 36 243
15498 56 104 243
15499 57 225 243
15500 58 182 243
15501 1 245 244
15502 2 102 244
15503 3 47 244
15504 4 155 244
15505 5 3 244
15506 6 20 244
15507 7 123 244
15508 8 49 244
15509 9 243 244
15510 10 241 244
15511 11 164 244
15512 12 145 244
15513 13 182 244
15514 14 242 244
15515 15 111 244
15516 16 131 244
15517 17 208 244
15518 18 215 244
15519 19 200 244
15520 20 142 244
15521 21 66 244
15522 22 236 244
15523 23 246 244
15524 24 128 244
15525 25 114 244
15526 26 76 244
15527 27 93 244
15528 28 249 244
15529 29 255 244
15530 30 227 244
15531 31 211 244
15532 32 170 244
15533 33 143 244
15534 34 57 244
15535 35 65 244
15536 36 246 244
15537 37 86 244
15538 38 229 244
15539 39 120 244
15540 40 43 244
15541 41 3 244
15542 42 145 244
15543 43 159 244
15544 44 123 244
15545 45 24 244
15546 46 235 244
15547 47 145 244
15548 48 115 244
15549 49 123 244
15550 50 70 244
15551 51 210 244
15552 52 65 244
15553 53 160 244
15554 54 240 244
15555 55 55 244
15556 56 126 244
15557 57 195 244
15558 58 218 244
15559 59 195 244
15560 60 250 244
15561 61 161 244
15562 62 202 244
15563 1 26 245
15564 2 127 245
15565 3 14 245
15566 4 240 245
15567 5 23 245
15568 6 162 245
15569 7 253 245
15570 8 217 245
15571 9 150 245
15572 10 34 245
15573 11 199 245
15574 12 136 245
15575 13 28 245
15576 14 103 245
15577 15 233 245
15578 16 220 245
15579 17 209 245
15580 18 222 245
15581 19 181 245
15582 20 201 245
15583 21 50 245
15584 22 154 245
15585 23 116 245
15586 24 250 245
15587 25 144 245
15588 26 169 245
15589 27 248 245
15590 28 2 245
15591 29 55 245
15592 30 125 245
15593 31 61 245
15594 32 93 245
15595 33 234 245
15596 34 169 245
15597 35 227 245
15598 36 73 245
15599 37 241 245
15600 38 246 245
15601 39 255 245
15602 40 125 245
15603 41 136 245
15604 42 226 245
15605 43 212 245
15606 44 86 245
15607 45 110 245
15608 46 212 245
15609 47 164 245
15610 48 43 245
15611 49 3 245
15612 50 3 245
15613 51 34 245
15614 52 226 245
15615 53 231 245
15616 54 147 245
15617 55 108 245
15618 56 218 245
15619 57 159 245
15620 58 65 245
15621 59 155 245
15622 60 165 245
15623 61 15 245
15624 62 31 245
15625 63 119 245
15626 64 25 245
15627 65 155 245
15628 66 65 245
15629 67 132 245
15630 1 97 246
15631 2 58 246
15632 3 87 246
15633 4 98 246
15634 5 170 246
15635 6 228 246
15636 7 56 246
15637 8 230 246
15638 9 175 246
15639 10 34 246
15640 11 164 246
15641 12 4 246
15642 13 130 246
15643 14 83 246
15644 15 60 246
15645 16 175 246
15646 17 126 246
15647 18 248 246
15648 19 47 246
15649 20 249 246
15650 21 26 246
15651 22 109 246
15652 23 235 246
15653 24 26 246
15654 25 206 246
15655 26 195 246
15656 27 89 246
15657 28 236 246
15658 29 253 246
15659 30 113 246
15660 31 148 246
15661 32 132 246
15662 33 130 246
15663 34 220 246
15664 35 41 246
15665 36 256 246
15666 37 16 246
15667 38 136 246
15668 39 251 246
15669 40 40 246
15670 41 81 246
15671 42 115 246
15672 43 153 246
15673 44 220 246
15674 45 149 246
15675 46 55 246
15676 47 34 246
15677 48 169 246
15678 49 230 246
15679 1 119 247
15680 50 70 246
15681 51 131 246
15682 52 209 246
15683 53 224 246
15684 54 69 246
15685 55 197 246
15686 56 163 246
15687 57 172 246
15688 58 76 246
15689 59 111 246
15690 60 196 246
15691 61 246 246
15692 62 38 246
15693 63 223 246
15694 64 127 246
15695 65 164 246
15696 66 4 246
15697 67 118 246
15698 68 29 246
15699 69 89 246
15700 70 187 246
15701 72 83 246
15702 2 77 247
15703 3 69 247
15704 4 159 247
15705 5 185 247
15706 6 31 247
15707 7 239 247
15708 8 14 247
15709 9 195 247
15710 10 186 247
15711 11 182 247
15712 12 186 247
15713 13 64 247
15714 14 230 247
15715 15 97 247
15716 16 222 247
15717 17 202 247
15718 18 131 247
15719 19 9 247
15720 20 108 247
15721 21 244 247
15722 22 232 247
15723 23 106 247
15724 24 55 247
15725 25 85 247
15726 26 136 247
15727 27 42 247
15728 28 240 247
15729 29 59 247
15730 30 109 247
15731 31 213 247
15732 32 12 247
15733 33 34 247
15734 34 213 247
15735 35 150 247
15736 36 197 247
15737 37 82 247
15738 38 185 247
15739 39 250 247
15740 40 47 247
15741 41 132 247
15742 42 179 247
15743 43 57 247
15744 44 185 247
15745 45 203 247
15746 46 149 247
15747 47 134 247
15748 48 38 247
15749 49 25 247
15750 50 102 247
15751 51 113 247
15752 52 95 247
15753 53 56 247
15754 54 215 247
15755 55 107 247
15756 56 92 247
15757 57 167 247
15758 58 182 247
15759 59 61 247
15760 60 72 247
15761 61 183 247
15762 62 236 247
15763 63 166 247
15764 64 189 247
15765 65 249 247
15766 66 89 247
15767 67 157 247
15768 68 46 247
15769 69 246 247
15770 70 145 247
15771 71 211 247
15772 72 233 247
15773 73 129 247
15774 74 49 247
15775 75 178 247
15776 78 50 247
15777 0 235 248
15778 1 46 248
15779 2 150 248
15780 3 158 248
15781 4 248 248
15782 5 148 248
15783 6 139 248
15784 7 87 248
15785 8 59 248
15786 9 61 248
15787 10 87 248
15788 11 150 248
15789 12 138 248
15790 13 229 248
15791 14 148 248
15792 15 247 248
15793 16 39 248
15794 17 118 248
15795 18 131 248
15796 19 118 248
15797 20 245 248
15798 21 38 248
15799 22 221 248
15800 23 142 248
15801 24 243 248
15802 25 31 248
15803 26 124 248
15804 27 160 248
15805 28 114 248
15806 29 256 248
15807 30 99 248
15808 31 108 248
15809 32 70 248
15810 33 160 248
15811 34 145 248
15812 35 46 248
15813 36 11 248
15814 37 111 248
15815 38 12 248
15816 39 127 248
15817 40 111 248
15818 41 54 248
15819 42 224 248
15820 43 176 248
15821 44 9 248
15822 45 185 248
15823 46 44 248
15824 47 103 248
15825 48 122 248
15826 49 175 248
15827 50 32 248
15828 51 97 248
15829 52 57 248
15830 53 149 248
15831 54 81 248
15832 55 40 248
15833 56 109 248
15834 57 175 248
15835 58 161 248
15836 59 6 248
15837 60 242 248
15838 61 143 248
15839 62 149 248
15840 63 85 248
15841 64 25 248
15842 65 139 248
15843 66 191 248
15844 67 170 248
15845 68 214 248
15846 69 159 248
15847 70 191 248
15848 71 45 248
15849 72 249 248
15850 73 62 248
15851 74 193 248
15852 75 154 248
15853 76 240 248
15854 77 236 248
15855 78 181 248
15856 81 48 248
15857 82 17 248
15858 0 13 249
15859 1 246 249
15860 2 174 249
15861 3 8 249
15862 4 77 249
15863 5 150 249
15864 6 93 249
15865 7 234 249
15866 8 47 249
15867 9 41 249
15868 10 129 249
15869 11 105 249
15870 12 49 249
15871 13 40 249
15872 14 116 249
15873 15 79 249
15874 16 147 249
15875 17 193 249
15876 18 162 249
15877 19 212 249
15878 20 145 249
15879 21 46 249
15880 22 228 249
15881 23 55 249
15882 24 198 249
15883 25 254 249
15884 26 138 249
15885 27 47 249
15886 28 123 249
15887 29 79 249
15888 30 234 249
15889 31 242 249
15890 32 54 249
15891 33 91 249
15892 34 63 249
15893 35 113 249
15894 36 43 249
15895 37 150 249
15896 38 73 249
15897 39 39 249
15898 40 191 249
15899 41 10 249
15900 42 45 249
15901 43 111 249
15902 44 228 249
15903 45 20 249
15904 46 34 249
15905 47 223 249
15906 48 27 249
15907 49 202 249
15908 50 143 249
15909 51 153 249
15910 52 150 249
15911 53 49 249
15912 54 137 249
15913 55 223 249
15914 56 123 249
15915 57 91 249
15916 58 249 249
15917 59 60 249
15918 60 22 249
15919 61 10 249
15920 62 194 249
15921 63 151 249
15922 64 20 249
15923 65 194 249
15924 66 28 249
15925 67 73 249
15926 68 99 249
15927 69 224 249
15928 70 149 249
15929 71 237 249
15930 72 146 249
15931 73 154 249
15932 74 216 249
15933 75 251 249
15934 76 89 249
15935 77 60 249
15936 78 241 249
15937 79 87 249
15938 80 69 249
15939 81 111 249
15940 82 131 249
15941 85 225 249
15942 0 14 250
15943 1 198 250
15944 2 44 250
15945 3 166 250
15946 4 40 250
15947 5 200 250
15948 6 250 250
15949 7 128 250
15950 8 31 250
15951 9 104 250
15952 10 22 250
15953 11 3 250
15954 12 174 250
15955 13 115 250
15956 14 36 250
15957 15 20 250
15958 16 25 250
15959 17 10 250
15960 18 194 250
15961 19 114 250
15962 20 2 250
15963 21 153 250
15964 22 195 250
15965 23 231 250
15966 24 136 250
15967 25 185 250
15968 26 201 250
15969 27 211 250
15970 28 232 250
15971 29 187 250
15972 30 213 250
15973 31 3 250
15974 32 175 250
15975 33 42 250
15976 34 118 250
15977 35 2 250
15978 36 122 250
15979 37 253 250
15980 38 145 250
15981 39 190 250
15982 40 106 250
15983 41 141 250
15984 42 76 250
15985 43 205 250
15986 44 231 250
15987 45 47 250
15988 46 182 250
15989 47 15 250
15990 48 247 250
15991 49 235 250
15992 50 57 250
15993 51 34 250
15994 52 188 250
15995 53 245 250
15996 54 49 250
15997 55 204 250
15998 56 24 250
15999 57 82 250
16000 58 59 250
16001 59 200 250
16002 60 236 250
16003 61 81 250
16004 62 49 250
16005 63 142 250
16006 64 89 250
16007 65 87 250
16008 66 225 250
16009 67 145 250
16010 68 51 250
16011 69 35 250
16012 70 231 250
16013 71 161 250
16014 72 144 250
16015 73 10 250
16016 74 234 250
16017 75 51 250
16018 76 73 250
16019 77 128 250
16020 78 178 250
16021 79 65 250
16022 80 234 250
16023 81 87 250
16024 82 158 250
16025 83 59 250
16026 84 117 250
16027 85 245 250
16028 86 95 250
16029 87 230 250
16030 88 48 250
16031 90 198 250
16032 0 230 251
16033 1 38 251
16034 2 201 251
16035 3 117 251
16036 4 164 251
16037 5 163 251
16038 6 240 251
16039 7 65 251
16040 8 65 251
16041 9 138 251
16042 10 118 251
16043 11 13 251
16044 12 25 251
16045 13 106 251
16046 14 7 251
16047 15 40 251
16048 16 107 251
16049 17 102 251
16050 18 254 251
16051 19 15 251
16052 20 5 251
16053 21 88 251
16054 22 179 251
16055 23 12 251
16056 24 107 251
16057 25 225 251
16058 26 122 251
16059 27 127 251
16060 28 226 251
16061 29 14 251
16062 30 91 251
16063 31 232 251
16064 32 229 251
16065 33 109 251
16066 34 216 251
16067 35 239 251
16068 36 84 251
16069 37 172 251
16070 38 111 251
16071 39 221 251
16072 40 252 251
16073 41 200 251
16074 42 175 251
16075 43 221 251
16076 44 158 251
16077 45 245 251
16078 46 177 251
16079 47 147 251
16080 48 148 251
16081 49 79 251
16082 50 115 251
16083 51 18 251
16084 52 153 251
16085 53 188 251
16086 54 242 251
16087 55 107 251
16088 56 135 251
16089 57 253 251
16090 58 27 251
16091 59 250 251
16092 60 192 251
16093 61 170 251
16094 62 206 251
16095 63 14 251
16096 64 114 251
16097 65 70 251
16098 66 38 251
16099 67 130 251
16100 68 141 251
16101 69 113 251
16102 70 189 251
16103 71 217 251
16104 72 6 251
16105 73 130 251
16106 74 102 251
16107 75 214 251
16108 76 181 251
16109 77 148 251
16110 78 10 251
16111 79 234 251
16112 80 98 251
16113 81 197 251
16114 82 94 251
16115 83 13 251
16116 84 84 251
16117 85 223 251
16118 86 90 251
16119 87 253 251
16120 88 83 251
16121 89 25 251
16122 90 80 251
16123 92 213 251
16124 93 223 251
16125 0 15 252
16126 1 107 252
16127 2 256 252
16128 3 221 252
16129 4 85 252
16130 5 46 252
16131 6 129 252
16132 7 139 252
16133 8 53 252
16134 9 47 252
16135 10 41 252
16136 11 38 252
16137 12 104 252
16138 13 78 252
16139 14 243 252
16140 15 166 252
16141 16 44 252
16142 17 203 252
16143 18 69 252
16144 19 158 252
16145 20 221 252
16146 21 217 252
16147 22 124 252
16148 23 200 252
16149 24 9 252
16150 25 58 252
16151 26 97 252
16152 27 256 252
16153 28 227 252
16154 29 90 252
16155 30 100 252
16156 31 121 252
16157 32 60 252
16158 33 202 252
16159 34 161 252
16160 35 157 252
16161 36 254 252
16162 37 185 252
16163 38 135 252
16164 39 160 252
16165 40 244 252
16166 41 76 252
16167 42 22 252
16168 43 246 252
16169 44 39 252
16170 45 24 252
16171 46 242 252
16172 47 196 252
16173 48 116 252
16174 49 16 252
16175 50 232 252
16176 51 105 252
16177 52 143 252
16178 53 54 252
16179 54 82 252
16180 55 28 252
16181 56 89 252
16182 57 55 252
16183 58 206 252
16184 59 113 252
16185 60 110 252
16186 61 46 252
16187 62 252 252
16188 63 233 252
16189 64 219 252
16190 65 223 252
16191 66 22 252
16192 67 148 252
16193 68 160 252
16194 69 23 252
16195 70 37 252
16196 71 225 252
16197 72 225 252
16198 73 187 252
16199 74 203 252
16200 75 103 252
16201 76 143 252
16202 77 64 252
16203 78 198 252
16204 79 222 252
16205 80 13 252
16206 81 174 252
16207 82 42 252
16208 83 22 252
16209 84 177 252
16210 85 208 252
16211 86 26 252
16212 87 143 252
16213 88 55 252
16214 89 230 252
16215 90 97 252
16216 91 23 252
16217 92 161 252
16218 93 53 252
16219 94 86 252
16220 95 201 252
16221 96 182 252
16222 97 238 252
16223 0 150 253
16224 1 148 253
16225 2 210 253
16226 3 24 253
16227 4 219 253
16228 5 221 253
16229 6 99 253
16230 7 154 253
16231 8 14 253
16232 9 216 253
16233 10 96 253
16234 11 229 253
16235 12 180 253
16236 13 155 253
16237 14 188 253
16238 15 249 253
16239 16 26 253
16240 17 143 253
16241 18 220 253
16242 19 192 253
16243 20 209 253
16244 21 71 253
16245 22 130 253
16246 23 105 253
16247 24 26 253
16248 25 231 253
16249 26 159 253
16250 27 195 253
16251 28 256 253
16252 29 76 253
16253 30 24 253
16254 31 23 253
16255 32 205 253
16256 33 208 253
16257 34 76 253
16258 35 27 253
16259 36 240 253
16260 37 29 253
16261 38 92 253
16262 39 78 253
16263 40 185 253
16264 41 113 253
16265 42 247 253
16266 43 101 253
16267 44 16 253
16268 45 13 253
16269 46 107 253
16270 47 183 253
16271 48 202 253
16272 49 175 253
16273 50 181 253
16274 51 187 253
16275 53 24 253
16276 52 87 253
16277 54 35 253
16278 55 112 253
16279 56 135 253
16280 57 112 253
16281 58 203 253
16282 59 74 253
16283 60 247 253
16284 61 213 253
16285 62 6 253
16286 63 237 253
16287 64 54 253
16288 65 102 253
16289 66 62 253
16290 67 82 253
16291 68 105 253
16292 69 70 253
16293 70 101 253
16294 71 193 253
16295 72 166 253
16296 73 64 253
16297 74 104 253
16298 75 144 253
16299 76 4 253
16300 77 69 253
16301 78 118 253
16302 79 125 253
16303 80 192 253
16304 81 184 253
16305 82 25 253
16306 83 54 253
16307 84 144 253
16308 85 180 253
16309 86 82 253
16310 87 256 253
16311 88 74 253
16312 89 227 253
16313 90 197 253
16314 91 35 253
16315 92 140 253
16316 93 21 253
16317 94 188 253
16318 95 128 253
16319 96 4 253
16320 97 145 253
16321 98 75 253
16322 99 28 253
16323 100 156 253
16324 101 83 253
16325 102 125 253
16326 0 90 254
16327 1 142 254
16328 2 236 254
16329 3 220 254
16330 4 67 254
16331 5 190 254
16332 6 142 254
16333 7 230 254
16334 8 14 254
16335 9 236 254
16336 10 92 254
16337 11 14 254
16338 12 110 254
16339 13 236 254
16340 14 2 254
16341 15 172 254
16342 16 70 254
16343 17 102 254
16344 18 185 254
16345 19 94 254
16346 20 219 254
16347 21 193 254
16348 22 120 254
16349 23 165 254
16350 24 110 254
16351 25 135 254
16352 26 205 254
16353 27 200 254
16354 28 109 254
16355 29 41 254
16356 30 33 254
16357 31 102 254
16358 32 19 254
16359 33 84 254
16360 34 192 254
16361 35 41 254
16362 36 8 254
16363 37 148 254
16364 38 188 254
16365 39 109 254
16366 40 94 254
16367 41 182 254
16368 42 65 254
16369 43 66 254
16370 44 29 254
16371 45 66 254
16372 46 188 254
16373 47 71 254
16374 48 158 254
16375 49 183 254
16376 50 107 254
16377 51 102 254
16378 52 227 254
16379 53 12 254
16380 54 36 254
16381 55 60 254
16382 56 142 254
16383 57 178 254
16384 58 97 254
16385 59 18 254
16386 60 15 254
16387 61 160 254
16388 62 166 254
16389 63 89 254
16390 64 230 254
16391 65 16 254
16392 66 160 254
16393 67 11 254
16394 68 117 254
16395 69 5 254
16396 70 11 254
16397 71 132 254
16398 72 66 254
16399 73 113 254
16400 74 97 254
16401 75 250 254
16402 76 136 254
16403 77 29 254
16404 78 112 254
16405 79 70 254
16406 80 91 254
16407 81 42 254
16408 82 56 254
16409 83 11 254
16410 84 38 254
16411 85 28 254
16412 86 10 254
16413 87 196 254
16414 88 114 254
16415 89 77 254
16416 90 247 254
16417 91 79 254
16418 92 25 254
16419 93 127 254
16420 94 171 254
16421 95 127 254
16422 96 43 254
16423 97 95 254
16424 98 62 254
16425 99 8 254
16426 100 109 254
16427 101 128 254
16428 102 28 254
16429 103 65 254
16430 105 149 254
16431 106 221 254
16432 0 55 255
16433 1 225 255
16434 2 91 255
16435 3 90 255
16436 4 194 255
16437 5 153 255
16438 6 81 255
16439 7 205 255
16440 8 140 255
16441 9 171 255
16442 10 72 255
16443 11 15 255
16444 12 139 255
16445 13 39 255
16446 14 170 255
16447 15 157 255
16448 16 250 255
16449 17 190 255
16450 18 88 255
16451 19 228 255
16452 20 133 255
16453 21 202 255
16454 22 139 255
16455 23 175 255
16456 24 194 255
16457 25 89 255
16458 26 255 255
16459 27 244 255
16460 28 246 255
16461 29 61 255
16462 30 192 255
16463 31 219 255
16464 32 133 255
16465 33 210 255
16466 34 3 255
16467 35 110 255
16468 36 7 255
16469 37 135 255
16470 38 122 255
16471 39 7 255
16472 40 148 255
16473 41 161 255
16474 42 131 255
16475 43 17 255
16476 44 90 255
16477 45 67 255
16478 46 148 255
16479 47 138 255
16480 48 4 255
16481 49 210 255
16482 50 130 255
16483 51 21 255
16484 52 150 255
16485 53 47 255
16486 54 100 255
16487 55 140 255
16488 56 117 255
16489 57 95 255
16490 58 57 255
16491 59 256 255
16492 60 39 255
16493 61 241 255
16494 62 247 255
16495 63 178 255
16496 64 30 255
16497 65 91 255
16498 66 226 255
16499 67 115 255
16500 68 68 255
16501 69 136 255
16502 70 237 255
16503 71 29 255
16504 72 39 255
16505 73 180 255
16506 74 13 255
16507 75 94 255
16508 76 110 255
16509 77 77 255
16510 78 161 255
16511 79 236 255
16512 80 100 255
16513 81 130 255
16514 82 250 255
16515 83 206 255
16516 84 205 255
16517 85 31 255
16518 86 143 255
16519 87 147 255
16520 88 2 255
16521 89 252 255
16522 90 233 255
16523 91 128 255
16524 92 233 255
16525 93 181 255
16526 94 28 255
16527 95 123 255
16528 96 127 255
16529 97 191 255
16530 98 175 255
16531 99 175 255
16532 100 98 255
16533 101 198 255
16534 102 137 255
16535 103 55 255
16536 104 68 255
16537 105 159 255
16538 106 77 255
16539 107 83 255
16540 108 58 255
16541 109 15 255
16542 110 237 255
16543 0 146 256
16544 1 201 256
16545 2 77 256
16546 3 76 256
16547 4 26 256
16548 5 175 256
16549 6 244 256
16550 7 162 256
16551 8 183 256
16552 9 25 256
16553 10 12 256
16554 11 198 256
16555 12 58 256
16556 13 233 256
16557 15 152 256
16558 14 28 256
16559 16 169 256
16560 17 148 256
16561 18 85 256
16562 19 215 256
16563 20 158 256
16564 21 101 256
16565 22 22 256
16566 23 179 256
16567 24 54 256
16568 25 46 256
16569 26 93 256
16570 27 19 256
16571 28 179 256
16572 29 227 256
16573 30 166 256
16574 31 48 256
16575 32 13 256
16576 33 130 256
16577 34 201 256
16578 35 139 256
16579 36 55 256
16580 37 72 256
16581 38 43 256
16582 39 139 256
16583 40 199 256
16584 41 222 256
16585 42 102 256
16586 43 129 256
16587 44 217 256
16588 45 91 256
16589 46 35 256
16590 47 224 256
16591 48 206 256
16592 49 135 256
16593 50 16 256
16594 51 16 256
16595 52 190 256
16596 53 2 256
16597 54 225 256
16598 55 15 256
16599 56 100 256
16600 57 39 256
16601 58 58 256
16602 59 23 256
16603 60 135 256
16604 61 47 256
16605 62 232 256
16606 63 200 256
16607 64 24 256
16608 65 17 256
16609 66 135 256
16610 67 174 256
16611 68 227 256
16612 69 77 256
16613 70 201 256
16614 71 64 256
16615 72 253 256
16616 73 100 256
16617 74 191 256
16618 75 18 256
16619 76 211 256
16620 77 192 256
16621 78 158 256
16622 79 124 256
16623 80 249 256
16624 81 228 256
16625 82 77 256
16626 83 205 256
16627 84 155 256
16628 85 76 256
16629 86 11 256
16630 87 168 256
16631 88 255 256
16632 89 137 256
16633 90 148 256
16634 91 237 256
16635 92 45 256
16636 93 219 256
16637 94 236 256
16638 95 92 256
16639 96 217 256
16640 97 137 256
16641 98 167 256
16642 99 97 256
16643 100 69 256
16644 101 7 256
16645 102 220 256
16646 103 116 256
16647 104 43 256
16648 105 188 256
16649 106 182 256
16650 107 129 256
16651 108 55 256
16652 109 244 256
16653 110 72 256
16654 111 240 256
16655 112 80 256
16656 113 156 256
16657 114 44 256
16658 117 36 256
16659 0 8 257
16660 1 85 257
16661 2 182 257
16662 3 179 257
16663 4 118 257
16664 5 16 257
16665 6 198 257
16666 7 52 257
16667 8 24 257
16668 9 190 257
16669 10 189 257
16670 11 156 257
16671 12 88 257
16672 13 68 257
16673 14 149 257
16674 15 95 257
16675 16 102 257
16676 17 65 257
16677 18 130 257
16678 0 78 258
16679 19 236 257
16680 0 26 259
16681 20 78 257
16682 21 15 257
16683 22 33 257
16684 23 120 257
16685 24 138 257
16686 25 84 257
16687 26 251 257
16688 27 44 257
16689 28 49 257
16690 29 89 257
16691 30 9 257
16692 31 182 257
16693 32 243 257
16694 33 195 257
16695 34 12 257
16696 35 36 257
16697 36 229 257
16698 37 62 257
16699 38 19 257
16700 39 42 257
16701 40 186 257
16702 41 81 257
16703 42 39 257
16704 43 154 257
16705 44 198 257
16706 45 182 257
16707 46 45 257
16708 47 12 257
16709 48 60 257
16710 49 115 257
16711 50 226 257
16712 51 193 257
16713 52 86 257
16714 53 20 257
16715 54 224 257
16716 55 40 257
16717 56 133 257
16718 57 21 257
16719 58 108 257
16720 59 186 257
16721 60 36 257
16722 61 20 257
16723 62 14 257
16724 63 157 257
16725 64 41 257
16726 65 11 257
16727 66 161 257
16728 67 4 257
16729 68 97 257
16730 69 160 257
16731 70 21 257
16732 71 147 257
16733 72 173 257
16734 73 126 257
16735 74 129 257
16736 75 239 257
16737 76 68 257
16738 77 211 257
16739 78 152 257
16740 79 15 257
16741 80 68 257
16742 81 252 257
16743 82 241 257
16744 83 98 257
16745 84 116 257
16746 85 224 257
16747 87 75 257
16748 86 51 257
16749 88 195 257
16750 89 140 257
16751 90 248 257
16752 91 61 257
16753 92 222 257
16754 93 116 257
16755 94 73 257
16756 95 176 257
16757 96 223 257
16758 97 250 257
16759 98 6 257
16760 99 37 257
16761 100 224 257
16762 101 140 257
16763 102 66 257
16764 103 111 257
16765 104 216 257
16766 105 190 257
16767 106 214 257
16768 107 98 257
16769 108 220 257
16770 109 1 257
16771 110 97 257
16772 111 248 257
16773 112 217 257
16774 113 107 257
16775 114 171 257
16776 115 16 257
16777 116 206 257
16778 117 150 257
16779 118 112 257
16780 1 67 258
16781 2 29 258
16782 3 26 258
16783 4 254 258
16784 5 241 258
16785 6 241 258
16786 7 123 258
16787 8 187 258
16788 9 126 258
16789 10 183 258
16790 11 82 258
16791 12 7 258
16792 13 185 258
16793 14 116 258
16794 15 215 258
16795 16 52 258
16796 17 165 258
16797 18 253 258
16798 19 101 258
16799 20 199 258
16800 22 15 258
16801 21 173 258
16802 23 14 258
16803 24 179 258
16804 25 56 258
16805 26 28 258
16806 27 240 258
16807 28 84 258
16808 29 92 258
16809 30 237 258
16810 31 74 258
16811 32 114 258
16812 33 10 258
16813 34 215 258
16814 36 198 258
16815 35 83 258
16816 37 8 258
16817 38 169 258
16818 39 138 258
16819 40 89 258
16820 41 192 258
16821 42 156 258
16822 43 157 258
16823 44 35 258
16824 45 163 258
16825 46 99 258
16826 47 120 258
16827 48 162 258
16828 49 214 258
16829 50 79 258
16830 51 120 258
16831 52 131 258
16832 53 90 258
16833 54 146 258
16834 55 14 258
16835 56 15 258
16836 57 101 258
16837 58 205 258
16838 59 73 258
16839 60 231 258
16840 61 65 258
16841 62 120 258
16842 63 75 258
16843 64 189 258
16844 65 66 258
16845 66 48 258
16846 67 98 258
16847 68 7 258
16848 69 146 258
16849 70 117 258
16850 71 110 258
16851 72 71 258
16852 73 239 258
16853 74 122 258
16854 75 233 258
16855 76 143 258
16856 77 82 258
16857 78 98 258
16858 79 24 258
16859 80 128 258
16860 81 130 258
16861 82 47 258
16862 83 165 258
16863 84 57 258
16864 85 143 258
16865 86 194 258
16866 87 43 258
16867 88 245 258
16868 89 83 258
16869 90 255 258
16870 91 122 258
16871 92 252 258
16872 93 66 258
16873 94 145 258
16874 95 244 258
16875 96 36 258
16876 97 99 258
16877 98 116 258
16878 99 84 258
16879 100 179 258
16880 101 77 258
16881 102 97 258
16882 103 79 258
16883 104 175 258
16884 105 50 258
16885 106 144 258
16886 107 145 258
16887 108 165 258
16888 109 184 258
16889 110 173 258
16890 111 90 258
16891 112 224 258
16892 113 93 258
16893 114 81 258
16894 115 109 258
16895 116 126 258
16896 117 70 258
16897 118 204 258
16898 119 196 258
16899 120 202 258
16900 121 232 258
16901 122 220 258
16902 123 217 258
16903 1 237 259
16904 2 88 259
16905 3 157 259
16906 4 206 259
16907 5 58 259
16908 6 78 259
16909 7 111 259
16910 8 128 259
16911 9 96 259
16912 10 25 259
16913 11 82 259
16914 12 186 259
16915 13 1 259
16916 14 84 259
16917 15 219 259
16918 16 102 259
16919 17 191 259
16920 18 115 259
16921 19 229 259
16922 20 124 259
16923 21 137 259
16924 22 30 259
16925 23 142 259
16926 24 35 259
16927 25 222 259
16928 26 104 259
16929 27 97 259
16930 28 142 259
16931 29 141 259
16932 30 100 259
16933 31 242 259
16934 32 41 259
16935 33 145 259
16936 34 118 259
16937 35 187 259
16938 36 199 259
16939 37 22 259
16940 38 43 259
16941 39 177 259
16942 40 75 259
16943 41 179 259
16944 42 61 259
16945 43 50 259
16946 44 117 259
16947 45 75 259
16948 46 181 259
16949 47 39 259
16950 48 7 259
16951 49 136 259
16952 50 173 259
16953 51 57 259
16954 52 100 259
16955 53 224 259
16956 54 30 259
16957 55 189 259
16958 56 158 259
16959 57 53 259
16960 58 30 259
16961 59 107 259
16962 60 27 259
16963 61 59 259
16964 62 84 259
16965 63 132 259
16966 64 147 259
16967 65 8 259
16968 66 36 259
16969 67 137 259
16970 68 188 259
16971 69 208 259
16972 70 64 259
16973 71 227 259
16974 72 67 259
16975 73 104 259
16976 74 198 259
16977 75 177 259
16978 76 83 259
16979 77 212 259
16980 78 209 259
16981 79 237 259
16982 80 249 259
16983 81 80 259
16984 82 220 259
16985 83 227 259
16986 84 197 259
16987 85 99 259
16988 86 155 259
16989 87 182 259
16990 88 122 259
16991 89 61 259
16992 90 143 259
16993 91 191 259
16994 92 155 259
16995 93 190 259
16996 94 206 259
16997 95 224 259
16998 96 84 259
16999 97 198 259
17000 98 185 259
17001 99 240 259
17002 100 17 259
17003 101 165 259
17004 102 255 259
17005 103 2 259
17006 104 236 259
17007 105 164 259
17008 106 58 259
17009 107 182 259
17010 108 241 259
17011 109 111 259
17012 110 133 259
17013 111 170 259
17014 112 102 259
17015 113 106 259
17016 114 212 259
17017 115 179 259
17018 116 238 259
17019 117 96 259
17020 118 68 259
17021 119 178 259
17022 120 143 259
17023 121 102 259
17024 122 55 259
17025 123 97 259
17026 124 56 259
17027 125 36 259
17028 126 132 259
17029 127 214 259
17030 0 176 260
17031 1 98 260
17032 2 101 260
17033 3 121 260
17034 4 200 260
17035 5 153 260
17036 6 53 260
17037 7 248 260
17038 8 19 260
17039 9 229 260
17040 10 54 260
17041 11 124 260
17042 12 17 260
17043 13 190 260
17044 14 61 260
17045 15 126 260
17046 16 18 260
17047 17 253 260
17048 18 88 260
17049 19 122 260
17050 20 52 260
17051 21 97 260
17052 22 31 260
17053 23 194 260
17054 24 47 260
17055 25 54 260
17056 26 74 260
17057 27 11 260
17058 28 184 260
17059 29 207 260
17060 30 55 260
17061 31 96 260
17062 32 229 260
17063 33 75 260
17064 34 20 260
17065 35 106 260
17066 37 231 260
17067 36 20 260
17068 38 231 260
17069 39 126 260
17070 40 57 260
17071 41 3 260
17072 42 228 260
17073 43 186 260
17074 44 36 260
17075 45 19 260
17076 46 140 260
17077 47 207 260
17078 48 63 260
17079 49 212 260
17080 50 61 260
17081 51 251 260
17082 52 242 260
17083 53 109 260
17084 54 64 260
17085 55 138 260
17086 56 71 260
17087 57 225 260
17088 58 196 260
17089 59 244 260
17090 60 171 260
17091 62 55 260
17092 61 239 260
17093 63 28 260
17094 64 57 260
17095 65 129 260
17096 66 101 260
17097 67 206 260
17098 68 53 260
17099 69 54 260
17100 70 191 260
17101 71 164 260
17102 72 196 260
17103 73 227 260
17104 74 89 260
17105 75 230 260
17106 76 255 260
17107 77 140 260
17108 78 21 260
17109 79 105 260
17110 80 256 260
17111 81 120 260
17112 82 82 260
17113 83 28 260
17114 84 231 260
17115 85 43 260
17116 86 134 260
17117 87 16 260
17118 88 170 260
17119 89 153 260
17120 90 224 260
17121 91 38 260
17122 92 10 260
17123 93 90 260
17124 94 225 260
17125 95 53 260
17126 96 106 260
17127 97 240 260
17128 98 155 260
17129 99 53 260
17130 100 176 260
17131 101 70 260
17132 102 190 260
17133 103 212 260
17134 104 230 260
17135 105 217 260
17136 106 222 260
17137 107 209 260
17138 108 139 260
17139 109 242 260
17140 110 154 260
17141 111 241 260
17142 112 187 260
17143 113 91 260
17144 114 239 260
17145 115 120 260
17146 116 85 260
17147 117 184 260
17148 118 81 260
17149 119 196 260
17150 120 193 260
17151 121 42 260
17152 122 1 260
17153 123 41 260
17154 124 140 260
17155 125 58 260
17156 126 118 260
17157 127 96 260
17158 128 70 260
17159 129 179 260
17160 130 171 260
17161 0 208 261
17162 1 40 261
17163 2 190 261
17164 3 151 261
17165 4 55 261
17166 5 64 261
17167 6 48 261
17168 7 236 261
17169 8 114 261
17170 9 161 261
17171 10 139 261
17172 11 12 261
17173 12 110 261
17174 13 196 261
17175 14 229 261
17176 15 117 261
17177 16 83 261
17178 17 221 261
17179 18 35 261
17180 19 156 261
17181 20 23 261
17182 21 43 261
17183 22 155 261
17184 23 147 261
17185 24 46 261
17186 25 1 261
17187 26 165 261
17188 27 141 261
17189 28 56 261
17190 29 195 261
17191 30 171 261
17192 31 86 261
17193 32 116 261
17194 33 56 261
17195 34 75 261
17196 35 224 261
17197 36 39 261
17198 37 170 261
17199 38 232 261
17200 39 122 261
17201 40 28 261
17202 41 139 261
17203 42 74 261
17204 43 200 261
17205 44 163 261
17206 45 175 261
17207 46 129 261
17208 47 187 261
17209 48 44 261
17210 49 77 261
17211 50 231 261
17212 51 106 261
17213 52 132 261
17214 53 166 261
17215 54 54 261
17216 55 125 261
17217 56 245 261
17218 57 172 261
17219 58 110 261
17220 59 41 261
17221 60 138 261
17222 61 37 261
17223 62 2 261
17224 63 248 261
17225 64 123 261
17226 65 15 261
17227 66 115 261
17228 67 48 261
17229 68 76 261
17230 69 63 261
17231 70 204 261
17232 71 10 261
17233 72 181 261
17234 73 16 261
17235 74 206 261
17236 75 203 261
17237 76 21 261
17238 77 119 261
17239 78 153 261
17240 79 146 261
17241 80 56 261
17242 81 141 261
17243 82 126 261
17244 83 139 261
17245 84 232 261
17246 85 151 261
17247 86 30 261
17248 87 245 261
17249 88 38 261
17250 89 105 261
17251 90 250 261
17252 91 32 261
17253 92 192 261
17254 93 236 261
17255 94 170 261
17256 95 157 261
17257 96 127 261
17258 97 93 261
17259 98 244 261
17260 99 11 261
17261 100 60 261
17262 101 131 261
17263 102 202 261
17264 103 37 261
17265 104 106 261
17266 105 162 261
17267 106 17 261
17268 107 98 261
17269 108 32 261
17270 109 46 261
17271 110 219 261
17272 111 32 261
17273 112 237 261
17274 113 219 261
17275 114 97 261
17276 115 105 261
17277 116 18 261
17278 117 43 261
17279 118 107 261
17280 119 59 261
weights 262 262 262 262 262 262 262 262 262 262 262 262 262 262 262 262 262 262 262 262 262 262 262 262 262 262 262 262 262 262 262 262 262 262 262 262 262 262 262 262 262 262 262 262 262 262 262 262 262 262 262 262 262 262 262 262 262 262 262 262 262 262 262 262 262 262 262 262 262 262 262 262 262 262 262 262 262 262 262 262 262 262 262 262 262 262 262 262 262 262 262 262 262 262 262 262 262 262 262 262 262 262 262 262 262 262 262 262 262 262 262 262 262 262 262 262 262 262 262 262 261 261 261 261 261 261 261 261 261 261 261
