p 257 h 121 constraints 14986
0 0 1 0
1 0 1 1
2 0 1 2
3 0 1 3
4 0 1 4
5 0 1 5
6 0 1 6
7 0 1 7
8 0 1 8
9 0 1 9
10 0 1 10
11 0 1 11
12 0 1 12
13 0 1 13
14 0 1 14
15 0 1 15
16 0 1 16
17 0 1 17
18 0 1 18
19 0 1 19
20 0 1 20
21 0 1 21
22 0 1 22
23 0 1 23
24 0 1 24
25 0 1 25
26 0 1 26
27 0 1 27
28 0 1 28
29 0 1 29
30 0 1 30
31 0 1 31
32 0 1 32
33 0 1 33
34 0 1 34
35 0 1 35
36 0 1 36
37 0 1 37
38 0 1 38
39 0 1 39
40 0 1 40
41 0 1 41
42 0 1 42
43 0 1 43
44 0 1 44
45 0 1 45
46 0 1 46
47 0 1 47
48 0 1 48
49 0 1 49
50 0 1 50
51 0 1 51
52 0 1 52
53 0 1 53
54 0 1 54
55 0 1 55
56 0 1 56
57 0 1 57
58 0 1 58
59 0 1 59
60 0 1 60
61 0 1 61
62 1 1 2
63 1 1 3
64 1 1 4
65 1 1 5
66 1 1 6
67 1 1 7
68 1 1 8
69 1 1 9
70 1 1 10
71 1 1 11
72 1 1 12
73 1 1 13
74 1 1 14
75 1 1 15
76 1 1 16
77 1 1 17
78 1 1 18
79 1 1 19
80 1 1 20
81 1 1 21
82 1 1 22
83 1 1 23
84 1 1 24
85 1 1 25
86 1 1 26
87 1 1 27
88 1 1 28
89 1 1 29
90 1 1 30
91 1 1 31
92 1 1 32
93 1 1 33
94 1 1 34
95 1 1 35
96 1 1 36
97 1 1 37
98 1 1 38
99 1 1 39
100 1 1 40
101 1 1 41
102 1 1 42
103 1 1 43
104 1 1 44
105 1 1 45
106 1 1 46
107 1 1 47
108 1 1 48
109 1 1 49
110 1 1 50
111 1 1 51
112 1 1 52
113 1 1 53
114 1 1 54
115 1 1 55
116 1 1 56
117 1 1 57
118 1 1 58
119 1 1 59
120 1 1 60
121 1 1 61
122 1 1 62
123 2 1 4
124 2 1 5
125 2 1 6
126 2 1 7
127 2 1 8
128 2 1 9
129 2 1 10
130 2 1 11
131 2 1 12
132 2 1 13
133 2 1 14
134 2 1 15
135 2 1 16
136 2 1 17
137 2 1 18
138 2 1 19
139 2 1 20
140 2 1 21
141 2 1 22
142 2 1 23
143 2 1 24
144 2 1 25
145 2 1 26
146 2 1 27
147 2 1 28
148 2 1 29
149 2 1 30
150 2 1 31
151 2 1 32
152 2 1 33
153 2 1 34
154 2 1 35
155 2 1 36
156 2 1 37
157 2 1 38
158 2 1 39
159 2 1 40
160 2 1 41
161 2 1 42
162 2 1 43
163 2 1 44
164 2 1 45
165 2 1 46
166 2 1 47
167 2 1 48
168 2 1 49
169 2 1 50
170 2 1 51
171 2 1 52
172 2 1 53
173 2 1 54
174 2 1 55
175 2 1 56
176 2 1 57
177 2 1 58
178 2 1 59
179 2 1 60
180 2 1 61
181 2 1 62
182 2 1 63
183 3 1 6
184 3 1 7
185 3 1 8
186 3 1 9
187 3 1 10
188 3 1 11
189 3 1 12
190 3 1 13
191 3 1 14
192 3 1 15
193 3 1 16
194 3 1 17
195 3 1 18
196 3 1 19
197 3 1 20
198 3 1 21
199 3 1 22
200 3 1 23
201 3 1 24
202 3 1 25
203 3 1 26
204 3 1 27
205 3 1 28
206 3 1 29
207 3 1 30
208 3 1 31
209 3 1 32
210 3 1 33
211 3 1 34
212 3 1 35
213 3 1 36
214 3 1 37
215 3 1 38
216 3 1 39
217 3 1 40
218 3 1 41
219 3 1 42
220 3 1 43
221 3 1 44
222 3 1 45
223 3 1 46
224 3 1 47
225 3 1 48
226 3 1 49
227 3 1 50
228 3 1 51
229 3 1 52
230 3 1 53
231 3 1 54
232 3 1 55
233 3 1 56
234 3 1 57
235 3 1 58
236 3 1 59
237 3 1 60
238 3 1 61
239 3 1 62
240 3 1 63
241 3 1 64
242 4 1 8
243 4 1 9
244 4 1 10
245 4 1 11
246 4 1 12
247 4 1 13
248 4 1 14
249 4 1 15
250 4 1 16
251 4 1 17
252 4 1 18
253 4 1 19
254 4 1 20
255 4 1 21
256 4 1 22
257 4 1 23
258 4 1 24
259 4 1 25
260 4 1 26
261 4 1 27
262 4 1 28
263 4 1 29
264 4 1 30
265 4 1 31
266 4 1 32
267 4 1 33
268 4 1 34
269 4 1 35
270 4 1 36
271 4 1 37
272 4 1 38
273 4 1 39
274 4 1 40
275 4 1 41
276 4 1 42
277 4 1 43
278 4 1 44
279 4 1 45
280 4 1 46
281 4 1 47
282 4 1 48
283 4 1 49
284 4 1 50
285 4 1 51
286 4 1 52
287 4 1 53
288 4 1 54
289 4 1 55
290 4 1 56
291 4 1 57
292 4 1 58
293 4 1 59
294 4 1 60
295 4 1 61
296 4 1 62
297 4 1 63
298 4 1 64
299 4 1 65
300 5 1 10
301 5 1 11
302 5 1 12
303 5 1 13
304 5 1 14
305 5 1 15
306 5 1 16
307 5 1 17
308 5 1 18
309 5 1 19
310 5 1 20
311 5 1 21
312 5 1 22
313 5 1 23
314 5 1 24
315 5 1 25
316 5 1 26
317 5 1 27
318 5 1 28
319 5 1 29
320 5 1 30
321 5 1 31
322 5 1 32
323 5 1 33
324 5 1 34
325 5 1 35
326 5 1 36
327 5 1 37
328 5 1 38
329 5 1 39
330 5 1 40
331 5 1 41
332 5 1 42
333 5 1 43
334 5 1 44
335 5 1 45
336 5 1 46
337 5 1 47
338 5 1 48
339 5 1 49
340 5 1 50
341 5 1 51
342 5 1 52
343 5 1 53
344 5 1 54
345 5 1 55
346 5 1 56
347 5 1 57
348 5 1 58
349 5 1 59
350 5 1 60
351 5 1 61
352 5 1 62
353 5 1 63
354 5 1 64
355 5 1 65
356 5 1 66
357 6 1 12
358 6 1 13
359 6 1 14
360 6 1 15
361 6 1 16
362 6 1 17
363 6 1 18
364 6 1 19
365 6 1 20
366 6 1 21
367 6 1 22
368 6 1 23
369 6 1 24
370 6 1 25
371 6 1 26
372 6 1 27
373 6 1 28
374 6 1 29
375 6 1 30
376 6 1 31
377 6 1 32
378 6 1 33
379 6 1 34
380 6 1 35
381 6 1 36
382 6 1 37
383 6 1 38
384 6 1 39
385 6 1 40
386 6 1 41
387 6 1 42
388 6 1 43
389 6 1 44
390 6 1 45
391 6 1 46
392 6 1 47
393 6 1 48
394 6 1 49
395 6 1 50
396 6 1 51
397 6 1 52
398 6 1 53
399 6 1 54
400 6 1 55
401 6 1 56
402 6 1 57
403 6 1 58
404 6 1 59
405 6 1 60
406 6 1 61
407 6 1 62
408 6 1 63
409 6 1 64
410 6 1 65
411 6 1 66
412 6 1 67
413 7 1 14
414 7 1 15
415 7 1 16
416 7 1 17
417 7 1 18
418 7 1 19
419 7 1 20
420 7 1 21
421 7 1 22
422 7 1 23
423 7 1 24
424 7 1 25
425 7 1 26
426 7 1 27
427 7 1 28
428 7 1 29
429 7 1 30
430 7 1 31
431 7 1 32
432 7 1 33
433 7 1 34
434 7 1 35
435 7 1 36
436 7 1 37
437 7 1 38
438 7 1 39
439 7 1 40
440 7 1 41
441 7 1 42
442 7 1 43
443 7 1 44
444 7 1 45
445 7 1 46
446 7 1 47
447 7 1 48
448 7 1 49
449 7 1 50
450 7 1 51
451 7 1 52
452 7 1 53
453 7 1 54
454 7 1 55
455 7 1 56
456 7 1 57
457 7 1 58
458 7 1 59
459 7 1 60
460 7 1 61
461 7 1 62
462 7 1 63
463 7 1 64
464 7 1 65
465 7 1 66
466 7 1 67
467 7 1 68
468 8 1 16
469 8 1 17
470 8 1 18
471 8 1 19
472 8 1 20
473 8 1 21
474 8 1 22
475 8 1 23
476 8 1 24
477 8 1 25
478 8 1 26
479 8 1 27
480 8 1 28
481 8 1 29
482 8 1 30
483 8 1 31
484 8 1 32
485 8 1 33
486 8 1 34
487 8 1 35
488 8 1 36
489 8 1 37
490 8 1 38
491 8 1 39
492 8 1 40
493 8 1 41
494 8 1 42
495 8 1 43
496 8 1 44
497 8 1 45
498 8 1 46
499 8 1 47
500 8 1 48
501 8 1 49
502 8 1 50
503 8 1 51
504 8 1 52
505 8 1 53
506 8 1 54
507 8 1 55
508 8 1 56
509 8 1 57
510 8 1 58
511 8 1 59
512 8 1 60
513 8 1 61
514 8 1 62
515 8 1 63
516 8 1 64
517 8 1 65
518 8 1 66
519 8 1 67
520 8 1 68
521 8 1 69
522 9 1 18
523 9 1 19
524 9 1 20
525 9 1 21
526 9 1 22
527 9 1 23
528 9 1 24
529 9 1 25
530 9 1 26
531 9 1 27
532 9 1 28
533 9 1 29
534 9 1 30
535 9 1 31
536 9 1 32
537 9 1 33
538 9 1 34
539 9 1 35
540 9 1 36
541 9 1 37
542 9 1 38
543 9 1 39
544 9 1 40
545 9 1 41
546 9 1 42
547 9 1 43
548 9 1 44
549 9 1 45
550 9 1 46
551 9 1 47
552 9 1 48
553 9 1 49
554 9 1 50
555 9 1 51
556 9 1 52
557 9 1 53
558 9 1 54
559 9 1 55
560 9 1 56
561 9 1 57
562 9 1 58
563 9 1 59
564 9 1 60
565 9 1 61
566 9 1 62
567 9 1 63
568 9 1 64
569 9 1 65
570 9 1 66
571 9 1 67
572 9 1 68
573 9 1 69
574 9 1 70
575 10 1 20
576 10 1 21
577 10 1 22
578 10 1 23
579 10 1 24
580 10 1 25
581 10 1 26
582 10 1 27
583 10 1 28
584 10 1 29
585 10 1 30
586 10 1 31
587 10 1 32
588 10 1 33
589 10 1 34
590 10 1 35
591 10 1 36
592 10 1 37
593 10 1 38
594 10 1 39
595 10 1 40
596 10 1 41
597 10 1 42
598 10 1 43
599 10 1 44
600 10 1 45
601 10 1 46
602 10 1 47
603 10 1 48
604 10 1 49
605 10 1 50
606 10 1 51
607 10 1 52
608 10 1 53
609 10 1 54
610 10 1 55
611 10 1 56
612 10 1 57
613 10 1 58
614 10 1 59
615 10 1 60
616 10 1 61
617 10 1 62
618 10 1 63
619 10 1 64
620 10 1 65
621 10 1 66
622 10 1 67
623 10 1 68
624 10 1 69
625 10 1 70
626 10 1 71
627 11 1 22
628 11 1 23
629 11 1 24
630 11 1 25
631 11 1 26
632 11 1 27
633 11 1 28
634 11 1 29
635 11 1 30
636 11 1 31
637 11 1 32
638 11 1 33
639 11 1 34
640 11 1 35
641 11 1 36
642 11 1 37
643 11 1 38
644 11 1 39
645 11 1 40
646 11 1 41
647 11 1 42
648 11 1 43
649 11 1 44
650 11 1 45
651 11 1 46
652 11 1 47
653 11 1 48
654 11 1 49
655 11 1 50
656 11 1 51
657 11 1 52
658 11 1 53
659 11 1 54
660 11 1 55
661 11 1 56
662 11 1 57
663 11 1 58
664 11 1 59
665 11 1 60
666 11 1 61
667 11 1 62
668 11 1 63
669 11 1 64
670 11 1 65
671 11 1 66
672 11 1 67
673 11 1 68
674 11 1 69
675 11 1 70
676 11 1 71
677 11 1 72
678 12 1 24
679 12 1 25
680 12 1 26
681 12 1 27
682 12 1 28
683 12 1 29
684 12 1 30
685 12 1 31
686 12 1 32
687 12 1 33
688 12 1 34
689 12 1 35
690 12 1 36
691 12 1 37
692 12 1 38
693 12 1 39
694 12 1 40
695 12 1 41
696 12 1 42
697 12 1 43
698 12 1 44
699 12 1 45
700 12 1 46
701 12 1 47
702 12 1 48
703 12 1 49
704 12 1 50
705 12 1 51
706 12 1 52
707 12 1 53
708 12 1 54
709 12 1 55
710 12 1 56
711 12 1 57
712 12 1 58
713 12 1 59
714 12 1 60
715 12 1 61
716 12 1 62
717 12 1 63
718 12 1 64
719 12 1 65
720 12 1 66
721 12 1 67
722 12 1 68
723 12 1 69
724 12 1 70
725 12 1 71
726 12 1 72
727 12 1 73
728 13 1 26
729 13 1 27
730 13 1 28
731 13 1 29
732 13 1 30
733 13 1 31
734 13 1 32
735 13 1 33
736 13 1 34
737 13 1 35
738 13 1 36
739 13 1 37
740 13 1 38
741 13 1 39
742 13 1 40
743 13 1 41
744 13 1 42
745 13 1 43
746 13 1 44
747 13 1 45
748 13 1 46
749 13 1 47
750 13 1 48
751 13 1 49
752 13 1 50
753 13 1 51
754 13 1 52
755 13 1 53
756 13 1 54
757 13 1 55
758 13 1 56
759 13 1 57
760 13 1 58
761 13 1 59
762 13 1 60
763 13 1 61
764 13 1 62
765 13 1 63
766 13 1 64
767 13 1 65
768 13 1 66
769 13 1 67
770 13 1 68
771 13 1 69
772 13 1 70
773 13 1 71
774 13 1 72
775 13 1 73
776 13 1 74
777 14 1 28
778 14 1 29
779 14 1 30
780 14 1 31
781 14 1 32
782 14 1 33
783 14 1 34
784 14 1 35
785 14 1 36
786 14 1 37
787 14 1 38
788 14 1 39
789 14 1 40
790 14 1 41
791 14 1 42
792 14 1 43
793 14 1 44
794 14 1 45
795 14 1 46
796 14 1 47
797 14 1 48
798 14 1 49
799 14 1 50
800 14 1 51
801 14 1 52
802 14 1 53
803 14 1 54
804 14 1 55
805 14 1 56
806 14 1 57
807 14 1 58
808 14 1 59
809 14 1 60
810 14 1 61
811 14 1 62
812 14 1 63
813 14 1 64
814 14 1 65
815 14 1 66
816 14 1 67
817 14 1 68
818 14 1 69
819 14 1 70
820 14 1 71
821 14 1 72
822 14 1 73
823 14 1 74
824 14 1 75
825 15 1 30
826 15 1 31
827 15 1 32
828 15 1 33
829 15 1 34
830 15 1 35
831 15 1 36
832 15 1 37
833 15 1 38
834 15 1 39
835 15 1 40
836 15 1 41
837 15 1 42
838 15 1 43
839 15 1 44
840 15 1 45
841 15 1 46
842 15 1 47
843 15 1 48
844 15 1 49
845 15 1 50
846 15 1 51
847 15 1 52
848 15 1 53
849 15 1 54
850 15 1 55
851 15 1 56
852 15 1 57
853 15 1 58
854 15 1 59
855 15 1 60
856 15 1 61
857 15 1 62
858 15 1 63
859 15 1 64
860 15 1 65
861 15 1 66
862 15 1 67
863 15 1 68
864 15 1 69
865 15 1 70
866 15 1 71
867 15 1 72
868 15 1 73
869 15 1 74
870 15 1 75
871 15 1 76
872 16 1 32
873 16 1 33
874 16 1 34
875 16 1 35
876 16 1 36
877 16 1 37
878 16 1 38
879 16 1 39
880 16 1 40
881 16 1 41
882 16 1 42
883 16 1 43
884 16 1 44
885 16 1 45
886 16 1 46
887 16 1 47
888 16 1 48
889 16 1 49
890 16 1 50
891 16 1 51
892 16 1 52
893 16 1 53
894 16 1 54
895 16 1 55
896 16 1 56
897 16 1 57
898 16 1 58
899 16 1 59
900 16 1 60
901 16 1 61
902 16 1 62
903 16 1 63
904 16 1 64
905 16 1 65
906 16 1 66
907 16 1 67
908 16 1 68
909 16 1 69
910 16 1 70
911 16 1 71
912 16 1 72
913 16 1 73
914 16 1 74
915 16 1 75
916 16 1 76
917 16 1 77
918 17 1 34
919 17 1 35
920 17 1 36
921 17 1 37
922 17 1 38
923 17 1 39
924 17 1 40
925 17 1 41
926 17 1 42
927 17 1 43
928 17 1 44
929 17 1 45
930 17 1 46
931 17 1 47
932 17 1 48
933 17 1 49
934 17 1 50
935 17 1 51
936 17 1 52
937 17 1 53
938 17 1 54
939 17 1 55
940 17 1 56
941 17 1 57
942 17 1 58
943 17 1 59
944 17 1 60
945 17 1 61
946 17 1 62
947 17 1 63
948 17 1 64
949 17 1 65
950 17 1 66
951 17 1 67
952 17 1 68
953 17 1 69
954 17 1 70
955 17 1 71
956 17 1 72
957 17 1 73
958 17 1 74
959 17 1 75
960 17 1 76
961 17 1 77
962 17 1 78
963 18 1 36
964 18 1 37
965 18 1 38
966 18 1 39
967 18 1 40
968 18 1 41
969 18 1 42
970 18 1 43
971 18 1 44
972 18 1 45
973 18 1 46
974 18 1 47
975 18 1 48
976 18 1 49
977 18 1 50
978 18 1 51
979 18 1 52
980 18 1 53
981 18 1 54
982 18 1 55
983 18 1 56
984 18 1 57
985 18 1 58
986 18 1 59
987 18 1 60
988 18 1 61
989 18 1 62
990 18 1 63
991 18 1 64
992 18 1 65
993 18 1 66
994 18 1 67
995 18 1 68
996 18 1 69
997 18 1 70
998 18 1 71
999 18 1 72
1000 18 1 73
1001 18 1 74
1002 18 1 75
1003 18 1 76
1004 18 1 77
1005 18 1 78
1006 18 1 79
1007 19 1 38
1008 19 1 39
1009 19 1 40
1010 19 1 41
1011 19 1 42
1012 19 1 43
1013 19 1 44
1014 19 1 45
1015 19 1 46
1016 19 1 47
1017 19 1 48
1018 19 1 49
1019 19 1 50
1020 19 1 51
1021 19 1 52
1022 19 1 53
1023 19 1 54
1024 19 1 55
1025 19 1 56
1026 19 1 57
1027 19 1 58
1028 19 1 59
1029 19 1 60
1030 19 1 61
1031 19 1 62
1032 19 1 63
1033 19 1 64
1034 19 1 65
1035 19 1 66
1036 19 1 67
1037 19 1 68
1038 19 1 69
1039 19 1 70
1040 19 1 71
1041 19 1 72
1042 19 1 73
1043 19 1 74
1044 19 1 75
1045 19 1 76
1046 19 1 77
1047 19 1 78
1048 19 1 79
1049 19 1 80
1050 20 1 40
1051 20 1 41
1052 20 1 42
1053 20 1 43
1054 20 1 44
1055 20 1 45
1056 20 1 46
1057 20 1 47
1058 20 1 48
1059 20 1 49
1060 20 1 50
1061 20 1 51
1062 20 1 52
1063 20 1 53
1064 20 1 54
1065 20 1 55
1066 20 1 56
1067 20 1 57
1068 20 1 58
1069 20 1 59
1070 20 1 60
1071 20 1 61
1072 20 1 62
1073 20 1 63
1074 20 1 64
1075 20 1 65
1076 20 1 66
1077 20 1 67
1078 20 1 68
1079 20 1 69
1080 20 1 70
1081 20 1 71
1082 20 1 72
1083 20 1 73
1084 20 1 74
1085 20 1 75
1086 20 1 76
1087 20 1 77
1088 20 1 78
1089 20 1 79
1090 20 1 80
1091 20 1 81
1092 21 1 42
1093 21 1 43
1094 21 1 44
1095 21 1 45
1096 21 1 46
1097 21 1 47
1098 21 1 48
1099 21 1 49
1100 21 1 50
1101 21 1 51
1102 21 1 52
1103 21 1 53
1104 21 1 54
1105 21 1 55
1106 21 1 56
1107 21 1 57
1108 21 1 58
1109 21 1 59
1110 21 1 60
1111 21 1 61
1112 21 1 62
1113 21 1 63
1114 21 1 64
1115 21 1 65
1116 21 1 66
1117 21 1 67
1118 21 1 68
1119 21 1 69
1120 21 1 70
1121 21 1 71
1122 21 1 72
1123 21 1 73
1124 21 1 74
1125 21 1 75
1126 21 1 76
1127 21 1 77
1128 21 1 78
1129 21 1 79
1130 21 1 80
1131 21 1 81
1132 21 1 82
1133 22 1 44
1134 22 1 45
1135 22 1 46
1136 22 1 47
1137 22 1 48
1138 22 1 49
1139 22 1 50
1140 22 1 51
1141 22 1 52
1142 22 1 53
1143 22 1 54
1144 22 1 55
1145 22 1 56
1146 22 1 57
1147 22 1 58
1148 22 1 59
1149 22 1 60
1150 22 1 61
1151 22 1 62
1152 22 1 63
1153 22 1 64
1154 22 1 65
1155 22 1 66
1156 22 1 67
1157 22 1 68
1158 22 1 69
1159 22 1 70
1160 22 1 71
1161 22 1 72
1162 22 1 73
1163 22 1 74
1164 22 1 75
1165 22 1 76
1166 22 1 77
1167 22 1 78
1168 22 1 79
1169 22 1 80
1170 22 1 81
1171 22 1 82
1172 22 1 83
1173 23 1 46
1174 23 1 47
1175 23 1 48
1176 23 1 49
1177 23 1 50
1178 23 1 51
1179 23 1 52
1180 23 1 53
1181 23 1 54
1182 23 1 55
1183 23 1 56
1184 23 1 57
1185 23 1 58
1186 23 1 59
1187 23 1 60
1188 23 1 61
1189 23 1 62
1190 23 1 63
1191 23 1 64
1192 23 1 65
1193 23 1 66
1194 23 1 67
1195 23 1 68
1196 23 1 69
1197 23 1 70
1198 23 1 71
1199 23 1 72
1200 23 1 73
1201 23 1 74
1202 23 1 75
1203 23 1 76
1204 23 1 77
1205 23 1 78
1206 23 1 79
1207 23 1 80
1208 23 1 81
1209 23 1 82
1210 23 1 83
1211 23 1 84
1212 24 1 48
1213 24 1 49
1214 24 1 50
1215 24 1 51
1216 24 1 52
1217 24 1 53
1218 24 1 54
1219 24 1 55
1220 24 1 56
1221 24 1 57
1222 24 1 58
1223 24 1 59
1224 24 1 60
1225 24 1 61
1226 24 1 62
1227 24 1 63
1228 24 1 64
1229 24 1 65
1230 24 1 66
1231 24 1 67
1232 24 1 68
1233 24 1 69
1234 24 1 70
1235 24 1 71
1236 24 1 72
1237 24 1 73
1238 24 1 74
1239 24 1 75
1240 24 1 76
1241 24 1 77
1242 24 1 78
1243 24 1 79
1244 24 1 80
1245 24 1 81
1246 24 1 82
1247 24 1 83
1248 24 1 84
1249 24 1 85
1250 25 1 50
1251 25 1 51
1252 25 1 52
1253 25 1 53
1254 25 1 54
1255 25 1 55
1256 25 1 56
1257 25 1 57
1258 25 1 58
1259 25 1 59
1260 25 1 60
1261 25 1 61
1262 25 1 62
1263 25 1 63
1264 25 1 64
1265 25 1 65
1266 25 1 66
1267 25 1 67
1268 25 1 68
1269 25 1 69
1270 25 1 70
1271 25 1 71
1272 25 1 72
1273 25 1 73
1274 25 1 74
1275 25 1 75
1276 25 1 76
1277 25 1 77
1278 25 1 78
1279 25 1 79
1280 25 1 80
1281 25 1 81
1282 25 1 82
1283 25 1 83
1284 25 1 84
1285 25 1 85
1286 25 1 86
1287 26 1 52
1288 26 1 53
1289 26 1 54
1290 26 1 55
1291 26 1 56
1292 26 1 57
1293 26 1 58
1294 26 1 59
1295 26 1 60
1296 26 1 61
1297 26 1 62
1298 26 1 63
1299 26 1 64
1300 26 1 65
1301 26 1 66
1302 26 1 67
1303 26 1 68
1304 26 1 69
1305 26 1 70
1306 26 1 71
1307 26 1 72
1308 26 1 73
1309 26 1 74
1310 26 1 75
1311 26 1 76
1312 26 1 77
1313 26 1 78
1314 26 1 79
1315 26 1 80
1316 26 1 81
1317 26 1 82
1318 26 1 83
1319 26 1 84
1320 26 1 85
1321 26 1 86
1322 26 1 87
1323 27 1 54
1324 27 1 55
1325 27 1 56
1326 27 1 57
1327 27 1 58
1328 27 1 59
1329 27 1 60
1330 27 1 61
1331 27 1 62
1332 27 1 63
1333 27 1 64
1334 27 1 65
1335 27 1 66
1336 27 1 67
1337 27 1 68
1338 27 1 69
1339 27 1 70
1340 27 1 71
1341 27 1 72
1342 27 1 73
1343 27 1 74
1344 27 1 75
1345 27 1 76
1346 27 1 77
1347 27 1 78
1348 27 1 79
1349 27 1 80
1350 27 1 81
1351 27 1 82
1352 27 1 83
1353 27 1 84
1354 27 1 85
1355 27 1 86
1356 27 1 87
1357 27 1 88
1358 28 1 56
1359 28 1 57
1360 28 1 58
1361 28 1 59
1362 28 1 60
1363 28 1 61
1364 28 1 62
1365 28 1 63
1366 28 1 64
1367 28 1 65
1368 28 1 66
1369 28 1 67
1370 28 1 68
1371 28 1 69
1372 28 1 70
1373 28 1 71
1374 28 1 72
1375 28 1 73
1376 28 1 74
1377 28 1 75
1378 28 1 76
1379 28 1 77
1380 28 1 78
1381 28 1 79
1382 28 1 80
1383 28 1 81
1384 28 1 82
1385 28 1 83
1386 28 1 84
1387 28 1 85
1388 28 1 86
1389 28 1 87
1390 28 1 88
1391 28 1 89
1392 29 1 58
1393 29 1 59
1394 29 1 60
1395 29 1 61
1396 29 1 62
1397 29 1 63
1398 29 1 64
1399 29 1 65
1400 29 1 66
1401 29 1 67
1402 29 1 68
1403 29 1 69
1404 29 1 70
1405 29 1 71
1406 29 1 72
1407 29 1 73
1408 29 1 74
1409 29 1 75
1410 29 1 76
1411 29 1 77
1412 29 1 78
1413 29 1 79
1414 29 1 80
1415 29 1 81
1416 29 1 82
1417 29 1 83
1418 29 1 84
1419 29 1 85
1420 29 1 86
1421 29 1 87
1422 29 1 88
1423 29 1 89
1424 29 1 90
1425 30 1 60
1426 30 1 61
1427 30 1 62
1428 30 1 63
1429 30 1 64
1430 30 1 65
1431 30 1 66
1432 30 1 67
1433 30 1 68
1434 30 1 69
1435 30 1 70
1436 30 1 71
1437 30 1 72
1438 30 1 73
1439 30 1 74
1440 30 1 75
1441 30 1 76
1442 30 1 77
1443 30 1 78
1444 30 1 79
1445 30 1 80
1446 30 1 81
1447 30 1 82
1448 30 1 83
1449 30 1 84
1450 30 1 85
1451 30 1 86
1452 30 1 87
1453 30 1 88
1454 30 1 89
1455 30 1 90
1456 30 1 91
1457 31 1 62
1458 31 1 63
1459 31 1 64
1460 31 1 65
1461 31 1 66
1462 31 1 67
1463 31 1 68
1464 31 1 69
1465 31 1 70
1466 31 1 71
1467 31 1 72
1468 31 1 73
1469 31 1 74
1470 31 1 75
1471 31 1 76
1472 31 1 77
1473 31 1 78
1474 31 1 79
1475 31 1 80
1476 31 1 81
1477 31 1 82
1478 31 1 83
1479 31 1 84
1480 31 1 85
1481 31 1 86
1482 31 1 87
1483 31 1 88
1484 31 1 89
1485 31 1 90
1486 31 1 91
1487 31 1 92
1488 32 1 64
1489 32 1 65
1490 32 1 66
1491 32 1 67
1492 32 1 68
1493 32 1 69
1494 32 1 70
1495 32 1 71
1496 32 1 72
1497 32 1 73
1498 32 1 74
1499 32 1 75
1500 32 1 76
1501 32 1 77
1502 32 1 78
1503 32 1 79
1504 32 1 80
1505 32 1 81
1506 32 1 82
1507 32 1 83
1508 32 1 84
1509 32 1 85
1510 32 1 86
1511 32 1 87
1512 32 1 88
1513 32 1 89
1514 32 1 90
1515 32 1 91
1516 32 1 92
1517 32 1 93
1518 33 1 66
1519 33 1 67
1520 33 1 68
1521 33 1 69
1522 33 1 70
1523 33 1 71
1524 33 1 72
1525 33 1 73
1526 33 1 74
1527 33 1 75
1528 33 1 76
1529 33 1 77
1530 33 1 78
1531 33 1 79
1532 33 1 80
1533 33 1 81
1534 33 1 82
1535 33 1 83
1536 33 1 84
1537 33 1 85
1538 33 1 86
1539 33 1 87
1540 33 1 88
1541 33 1 89
1542 33 1 90
1543 33 1 91
1544 33 1 92
1545 33 1 93
1546 33 1 94
1547 34 1 68
1548 34 1 69
1549 34 1 70
1550 34 1 71
1551 34 1 72
1552 34 1 73
1553 34 1 74
1554 34 1 75
1555 34 1 76
1556 34 1 77
1557 34 1 78
1558 34 1 79
1559 34 1 80
1560 34 1 81
1561 34 1 82
1562 34 1 83
1563 34 1 84
1564 34 1 85
1565 34 1 86
1566 34 1 87
1567 34 1 88
1568 34 1 89
1569 34 1 90
1570 34 1 91
1571 34 1 92
1572 34 1 93
1573 34 1 94
1574 34 1 95
1575 35 1 70
1576 35 1 71
1577 35 1 72
1578 35 1 73
1579 35 1 74
1580 35 1 75
1581 35 1 76
1582 35 1 77
1583 35 1 78
1584 35 1 79
1585 35 1 80
1586 35 1 81
1587 35 1 82
1588 35 1 83
1589 35 1 84
1590 35 1 85
1591 35 1 86
1592 35 1 87
1593 35 1 88
1594 35 1 89
1595 35 1 90
1596 35 1 91
1597 35 1 92
1598 35 1 93
1599 35 1 94
1600 35 1 95
1601 35 1 96
1602 36 1 72
1603 36 1 73
1604 36 1 74
1605 36 1 75
1606 36 1 76
1607 36 1 77
1608 36 1 78
1609 36 1 79
1610 36 1 80
1611 36 1 81
1612 36 1 82
1613 36 1 83
1614 36 1 84
1615 36 1 85
1616 36 1 86
1617 36 1 87
1618 36 1 88
1619 36 1 89
1620 36 1 90
1621 36 1 91
1622 36 1 92
1623 36 1 93
1624 36 1 94
1625 36 1 95
1626 36 1 96
1627 36 1 97
1628 37 1 74
1629 37 1 75
1630 37 1 76
1631 37 1 77
1632 37 1 78
1633 37 1 79
1634 37 1 80
1635 37 1 81
1636 37 1 82
1637 37 1 83
1638 37 1 84
1639 37 1 85
1640 37 1 86
1641 37 1 87
1642 37 1 88
1643 37 1 89
1644 37 1 90
1645 37 1 91
1646 37 1 92
1647 37 1 93
1648 37 1 94
1649 37 1 95
1650 37 1 96
1651 37 1 97
1652 37 1 98
1653 38 1 76
1654 38 1 77
1655 38 1 78
1656 38 1 79
1657 38 1 80
1658 38 1 81
1659 38 1 82
1660 38 1 83
1661 38 1 84
1662 38 1 85
1663 38 1 86
1664 38 1 87
1665 38 1 88
1666 38 1 89
1667 38 1 90
1668 38 1 91
1669 38 1 92
1670 38 1 93
1671 38 1 94
1672 38 1 95
1673 38 1 96
1674 38 1 97
1675 38 1 98
1676 38 1 99
1677 39 1 78
1678 39 1 79
1679 39 1 80
1680 39 1 81
1681 39 1 82
1682 39 1 83
1683 39 1 84
1684 39 1 85
1685 39 1 86
1686 39 1 87
1687 39 1 88
1688 39 1 89
1689 39 1 90
1690 39 1 91
1691 39 1 92
1692 39 1 93
1693 39 1 94
1694 39 1 95
1695 39 1 96
1696 39 1 97
1697 39 1 98
1698 39 1 99
1699 39 1 100
1700 40 1 80
1701 40 1 81
1702 40 1 82
1703 40 1 83
1704 40 1 84
1705 40 1 85
1706 40 1 86
1707 40 1 87
1708 40 1 88
1709 40 1 89
1710 40 1 90
1711 40 1 91
1712 40 1 92
1713 40 1 93
1714 40 1 94
1715 40 1 95
1716 40 1 96
1717 40 1 97
1718 40 1 98
1719 40 1 99
1720 40 1 100
1721 40 1 101
1722 41 1 82
1723 41 1 83
1724 41 1 84
1725 41 1 85
1726 41 1 86
1727 41 1 87
1728 41 1 88
1729 41 1 89
1730 41 1 90
1731 41 1 91
1732 41 1 92
1733 41 1 93
1734 41 1 94
1735 41 1 95
1736 41 1 96
1737 41 1 97
1738 41 1 98
1739 41 1 99
1740 41 1 100
1741 41 1 101
1742 41 1 102
1743 42 1 84
1744 42 1 85
1745 42 1 86
1746 42 1 87
1747 42 1 88
1748 42 1 89
1749 42 1 90
1750 42 1 91
1751 42 1 92
1752 42 1 93
1753 42 1 94
1754 42 1 95
1755 42 1 96
1756 42 1 97
1757 42 1 98
1758 42 1 99
1759 42 1 100
1760 42 1 101
1761 42 1 102
1762 42 1 103
1763 43 1 86
1764 43 1 87
1765 43 1 88
1766 43 1 89
1767 43 1 90
1768 43 1 91
1769 43 1 92
1770 43 1 93
1771 43 1 94
1772 43 1 95
1773 43 1 96
1774 43 1 97
1775 43 1 98
1776 43 1 99
1777 43 1 100
1778 43 1 101
1779 43 1 102
1780 43 1 103
1781 43 1 104
1782 44 1 88
1783 44 1 89
1784 44 1 90
1785 44 1 91
1786 44 1 92
1787 44 1 93
1788 44 1 94
1789 44 1 95
1790 44 1 96
1791 44 1 97
1792 44 1 98
1793 44 1 99
1794 44 1 100
1795 44 1 101
1796 44 1 102
1797 44 1 103
1798 44 1 104
1799 44 1 105
1800 45 1 90
1801 45 1 91
1802 45 1 92
1803 45 1 93
1804 45 1 94
1805 45 1 95
1806 45 1 96
1807 45 1 97
1808 45 1 98
1809 45 1 99
1810 45 1 100
1811 45 1 101
1812 45 1 102
1813 45 1 103
1814 45 1 104
1815 45 1 105
1816 45 1 106
1817 46 1 92
1818 46 1 93
1819 46 1 94
1820 46 1 95
1821 46 1 96
1822 46 1 97
1823 46 1 98
1824 46 1 99
1825 46 1 100
1826 46 1 101
1827 46 1 102
1828 46 1 103
1829 46 1 104
1830 46 1 105
1831 46 1 106
1832 46 1 107
1833 47 1 94
1834 47 1 95
1835 47 1 96
1836 47 1 97
1837 47 1 98
1838 47 1 99
1839 47 1 100
1840 47 1 101
1841 47 1 102
1842 47 1 103
1843 47 1 104
1844 47 1 105
1845 47 1 106
1846 47 1 107
1847 47 1 108
1848 48 1 96
1849 48 1 97
1850 48 1 98
1851 48 1 99
1852 48 1 100
1853 48 1 101
1854 48 1 102
1855 48 1 103
1856 48 1 104
1857 48 1 105
1858 48 1 106
1859 48 1 107
1860 48 1 108
1861 48 1 109
1862 49 1 98
1863 49 1 99
1864 49 1 100
1865 49 1 101
1866 49 1 102
1867 49 1 103
1868 49 1 104
1869 49 1 105
1870 49 1 106
1871 49 1 107
1872 49 1 108
1873 49 1 109
1874 49 1 110
1875 50 1 100
1876 50 1 101
1877 50 1 102
1878 50 1 103
1879 50 1 104
1880 50 1 105
1881 50 1 106
1882 50 1 107
1883 50 1 108
1884 50 1 109
1885 50 1 110
1886 50 1 111
1887 51 1 102
1888 51 1 103
1889 51 1 104
1890 51 1 105
1891 51 1 106
1892 51 1 107
1893 51 1 108
1894 51 1 109
1895 51 1 110
1896 51 1 111
1897 51 1 112
1898 52 1 104
1899 52 1 105
1900 52 1 106
1901 52 1 107
1902 52 1 108
1903 52 1 109
1904 52 1 110
1905 52 1 111
1906 52 1 112
1907 52 1 113
1908 53 1 106
1909 53 1 107
1910 53 1 108
1911 53 1 109
1912 53 1 110
1913 53 1 111
1914 53 1 112
1915 53 1 113
1916 53 1 114
1917 54 1 108
1918 54 1 109
1919 54 1 110
1920 54 1 111
1921 54 1 112
1922 54 1 113
1923 54 1 114
1924 54 1 115
1925 55 1 110
1926 55 1 111
1927 55 1 112
1928 55 1 113
1929 55 1 114
1930 55 1 115
1931 55 1 116
1932 56 1 112
1933 56 1 113
1934 56 1 114
1935 56 1 115
1936 56 1 116
1937 56 1 117
1938 57 1 114
1939 57 1 115
1940 57 1 116
1941 57 1 117
1942 57 1 118
1943 58 1 116
1944 58 1 117
1945 58 1 118
1946 58 1 119
1947 59 1 118
1948 59 1 119
1949 59 1 120
1950 60 1 120
1951 60 1 121
1952 61 1 122
1953 62 193 124
1954 61 225 123
1955 60 241 122
1956 59 249 121
1957 58 253 120
1958 57 255 119
1959 56 256 118
1960 55 128 117
1961 54 64 116
1962 53 32 115
1963 52 16 114
1964 51 8 113
1965 50 4 112
1966 49 2 111
1967 48 1 110
1968 47 129 109
1969 46 193 108
1970 45 225 107
1971 44 241 106
1972 43 249 105
1973 42 253 104
1974 41 255 103
1975 40 256 102
1976 39 128 101
1977 38 64 100
1978 37 32 99
1979 36 16 98
1980 35 8 97
1981 34 4 96
1982 33 2 95
1983 32 1 94
1984 31 129 93
1985 30 193 92
1986 29 225 91
1987 28 241 90
1988 27 249 89
1989 26 253 88
1990 25 255 87
1991 24 256 86
1992 23 128 85
1993 22 64 84
1994 21 32 83
1995 20 16 82
1996 19 8 81
1997 18 4 80
1998 17 2 79
1999 16 1 78
2000 15 129 77
2001 14 193 76
2002 13 225 75
2003 12 241 74
2004 11 249 73
2005 10 253 72
2006 9 255 71
2007 8 256 70
2008 7 128 69
2009 6 64 68
2010 5 32 67
2011 4 16 66
2012 63 193 126
2013 62 225 125
2014 61 241 124
2015 60 249 123
2016 59 253 122
2017 58 255 121
2018 57 256 120
2019 56 128 119
2020 55 64 118
2021 54 32 117
2022 53 16 116
2023 52 8 115
2024 51 4 114
2025 50 2 113
2026 49 1 112
2027 48 129 111
2028 47 193 110
2029 46 225 109
2030 45 241 108
2031 44 249 107
2032 43 253 106
2033 42 255 105
2034 41 256 104
2035 40 128 103
2036 39 64 102
2037 38 32 101
2038 37 16 100
2039 36 8 99
2040 35 4 98
2041 34 2 97
2042 33 1 96
2043 32 129 95
2044 31 193 94
2045 30 225 93
2046 29 241 92
2047 28 249 91
2048 27 253 90
2049 26 255 89
2050 25 256 88
2051 24 128 87
2052 23 64 86
2053 22 32 85
2054 21 16 84
2055 20 8 83
2056 19 4 82
2057 18 2 81
2058 17 1 80
2059 16 129 79
2060 15 193 78
2061 14 225 77
2062 13 241 76
2063 12 249 75
2064 11 253 74
2065 10 255 73
2066 9 256 72
2067 8 128 71
2068 7 64 70
2069 6 32 69
2070 64 193 128
2071 63 225 127
2072 62 241 126
2073 61 249 125
2074 60 253 124
2075 59 255 123
2076 58 256 122
2077 57 128 121
2078 56 64 120
2079 55 32 119
2080 54 16 118
2081 53 8 117
2082 52 4 116
2083 51 2 115
2084 50 1 114
2085 49 129 113
2086 48 193 112
2087 47 225 111
2088 46 241 110
2089 45 249 109
2090 44 253 108
2091 43 255 107
2092 42 256 106
2093 41 128 105
2094 40 64 104
2095 39 32 103
2096 38 16 102
2097 37 8 101
2098 36 4 100
2099 35 2 99
2100 34 1 98
2101 33 129 97
2102 32 193 96
2103 31 225 95
2104 30 241 94
2105 29 249 93
2106 28 253 92
2107 27 255 91
2108 26 256 90
2109 25 128 89
2110 24 64 88
2111 23 32 87
2112 22 16 86
2113 21 8 85
2114 20 4 84
2115 19 2 83
2116 18 1 82
2117 17 129 81
2118 16 193 80
2119 15 225 79
2120 14 241 78
2121 13 249 77
2122 12 253 76
2123 11 255 75
2124 10 256 74
2125 9 128 73
2126 8 64 72
2127 65 193 130
2128 64 225 129
2129 63 241 128
2130 62 249 127
2131 61 253 126
2132 60 255 125
2133 59 256 124
2134 58 128 123
2135 57 64 122
2136 56 32 121
2137 55 16 120
2138 54 8 119
2139 53 4 118
2140 52 2 117
2141 51 1 116
2142 50 129 115
2143 49 193 114
2144 48 225 113
2145 47 241 112
2146 46 249 111
2147 45 253 110
2148 44 255 109
2149 43 256 108
2150 42 128 107
2151 41 64 106
2152 40 32 105
2153 39 16 104
2154 38 8 103
2155 37 4 102
2156 36 2 101
2157 35 1 100
2158 34 129 99
2159 33 193 98
2160 32 225 97
2161 31 241 96
2162 30 249 95
2163 29 253 94
2164 28 255 93
2165 27 256 92
2166 26 128 91
2167 25 64 90
2168 24 32 89
2169 23 16 88
2170 22 8 87
2171 21 4 86
2172 20 2 85
2173 19 1 84
2174 18 129 83
2175 17 193 82
2176 16 225 81
2177 15 241 80
2178 14 249 79
2179 13 253 78
2180 12 255 77
2181 11 256 76
2182 10 128 75
2183 66 193 132
2184 65 225 131
2185 64 241 130
2186 63 249 129
2187 62 253 128
2188 61 255 127
2189 60 256 126
2190 59 128 125
2191 58 64 124
2192 57 32 123
2193 56 16 122
2194 55 8 121
2195 54 4 120
2196 53 2 119
2197 52 1 118
2198 51 129 117
2199 50 193 116
2200 49 225 115
2201 48 241 114
2202 47 249 113
2203 46 253 112
2204 45 255 111
2205 44 256 110
2206 43 128 109
2207 42 64 108
2208 41 32 107
2209 40 16 106
2210 39 8 105
2211 38 4 104
2212 37 2 103
2213 36 1 102
2214 35 129 101
2215 34 193 100
2216 33 225 99
2217 32 241 98
2218 31 249 97
2219 30 253 96
2220 29 255 95
2221 28 256 94
2222 27 128 93
2223 26 64 92
2224 25 32 91
2225 24 16 90
2226 23 8 89
2227 22 4 88
2228 21 2 87
2229 20 1 86
2230 19 129 85
2231 18 193 84
2232 17 225 83
2233 16 241 82
2234 15 249 81
2235 14 253 80
2236 13 255 79
2237 12 256 78
2238 67 193 134
2239 66 225 133
2240 65 241 132
2241 64 249 131
2242 63 253 130
2243 62 255 129
2244 61 256 128
2245 60 128 127
2246 59 64 126
2247 58 32 125
2248 57 16 124
2249 56 8 123
2250 55 4 122
2251 54 2 121
2252 53 1 120
2253 52 129 119
2254 51 193 118
2255 50 225 117
2256 49 241 116
2257 48 249 115
2258 47 253 114
2259 46 255 113
2260 45 256 112
2261 44 128 111
2262 43 64 110
2263 42 32 109
2264 41 16 108
2265 40 8 107
2266 39 4 106
2267 38 2 105
2268 37 1 104
2269 36 129 103
2270 35 193 102
2271 34 225 101
2272 33 241 100
2273 32 249 99
2274 31 253 98
2275 30 255 97
2276 29 256 96
2277 28 128 95
2278 27 64 94
2279 26 32 93
2280 25 16 92
2281 24 8 91
2282 23 4 90
2283 22 2 89
2284 21 1 88
2285 20 129 87
2286 19 193 86
2287 18 225 85
2288 17 241 84
2289 16 249 83
2290 15 253 82
2291 14 255 81
2292 68 193 136
2293 67 225 135
2294 66 241 134
2295 65 249 133
2296 64 253 132
2297 63 255 131
2298 62 256 130
2299 61 128 129
2300 60 64 128
2301 59 32 127
2302 58 16 126
2303 57 8 125
2304 56 4 124
2305 55 2 123
2306 54 1 122
2307 53 129 121
2308 52 193 120
2309 51 225 119
2310 50 241 118
2311 49 249 117
2312 48 253 116
2313 47 255 115
2314 46 256 114
2315 45 128 113
2316 44 64 112
2317 43 32 111
2318 42 16 110
2319 41 8 109
2320 40 4 108
2321 39 2 107
2322 38 1 106
2323 37 129 105
2324 36 193 104
2325 35 225 103
2326 34 241 102
2327 33 249 101
2328 32 253 100
2329 31 255 99
2330 30 256 98
2331 29 128 97
2332 28 64 96
2333 27 32 95
2334 26 16 94
2335 25 8 93
2336 24 4 92
2337 23 2 91
2338 22 1 90
2339 21 129 89
2340 20 193 88
2341 19 225 87
2342 18 241 86
2343 17 249 85
2344 16 253 84
2345 69 193 138
2346 68 225 137
2347 67 241 136
2348 66 249 135
2349 65 253 134
2350 64 255 133
2351 63 256 132
2352 62 128 131
2353 61 64 130
2354 60 32 129
2355 59 16 128
2356 58 8 127
2357 57 4 126
2358 56 2 125
2359 55 1 124
2360 54 129 123
2361 53 193 122
2362 52 225 121
2363 51 241 120
2364 50 249 119
2365 49 253 118
2366 48 255 117
2367 47 256 116
2368 46 128 115
2369 45 64 114
2370 44 32 113
2371 43 16 112
2372 42 8 111
2373 41 4 110
2374 40 2 109
2375 39 1 108
2376 38 129 107
2377 37 193 106
2378 36 225 105
2379 35 241 104
2380 34 249 103
2381 33 253 102
2382 32 255 101
2383 31 256 100
2384 30 128 99
2385 29 64 98
2386 28 32 97
2387 27 16 96
2388 26 8 95
2389 25 4 94
2390 24 2 93
2391 23 1 92
2392 22 129 91
2393 21 193 90
2394 20 225 89
2395 19 241 88
2396 18 249 87
2397 70 193 140
2398 69 225 139
2399 68 241 138
2400 67 249 137
2401 66 253 136
2402 65 255 135
2403 64 256 134
2404 63 128 133
2405 62 64 132
2406 61 32 131
2407 60 16 130
2408 59 8 129
2409 58 4 128
2410 57 2 127
2411 56 1 126
2412 55 129 125
2413 54 193 124
2414 53 225 123
2415 52 241 122
2416 51 249 121
2417 50 253 120
2418 49 255 119
2419 48 256 118
2420 47 128 117
2421 46 64 116
2422 45 32 115
2423 44 16 114
2424 43 8 113
2425 42 4 112
2426 41 2 111
2427 40 1 110
2428 39 129 109
2429 38 193 108
2430 37 225 107
2431 36 241 106
2432 35 249 105
2433 34 253 104
2434 33 255 103
2435 32 256 102
2436 31 128 101
2437 30 64 100
2438 29 32 99
2439 28 16 98
2440 27 8 97
2441 26 4 96
2442 25 2 95
2443 24 1 94
2444 23 129 93
2445 22 193 92
2446 21 225 91
2447 20 241 90
2448 71 193 142
2449 70 225 141
2450 69 241 140
2451 68 249 139
2452 67 253 138
2453 66 255 137
2454 65 256 136
2455 64 128 135
2456 63 64 134
2457 62 32 133
2458 61 16 132
2459 60 8 131
2460 59 4 130
2461 58 2 129
2462 57 1 128
2463 56 129 127
2464 55 193 126
2465 54 225 125
2466 53 241 124
2467 52 249 123
2468 51 253 122
2469 50 255 121
2470 49 256 120
2471 48 128 119
2472 47 64 118
2473 46 32 117
2474 45 16 116
2475 44 8 115
2476 43 4 114
2477 42 2 113
2478 41 1 112
2479 40 129 111
2480 39 193 110
2481 38 225 109
2482 37 241 108
2483 36 249 107
2484 35 253 106
2485 34 255 105
2486 33 256 104
2487 32 128 103
2488 31 64 102
2489 30 32 101
2490 29 16 100
2491 28 8 99
2492 27 4 98
2493 26 2 97
2494 25 1 96
2495 24 129 95
2496 23 193 94
2497 22 225 93
2498 72 193 144
2499 71 225 143
2500 70 241 142
2501 69 249 141
2502 68 253 140
2503 67 255 139
2504 66 256 138
2505 65 128 137
2506 64 64 136
2507 63 32 135
2508 62 16 134
2509 61 8 133
2510 60 4 132
2511 59 2 131
2512 58 1 130
2513 57 129 129
2514 56 193 128
2515 55 225 127
2516 54 241 126
2517 53 249 125
2518 52 253 124
2519 51 255 123
2520 50 256 122
2521 49 128 121
2522 48 64 120
2523 47 32 119
2524 46 16 118
2525 45 8 117
2526 44 4 116
2527 43 2 115
2528 42 1 114
2529 41 129 113
2530 40 193 112
2531 39 225 111
2532 38 241 110
2533 37 249 109
2534 36 253 108
2535 35 255 107
2536 34 256 106
2537 33 128 105
2538 32 64 104
2539 31 32 103
2540 30 16 102
2541 29 8 101
2542 28 4 100
2543 27 2 99
2544 26 1 98
2545 25 129 97
2546 24 193 96
2547 73 193 146
2548 72 225 145
2549 71 241 144
2550 70 249 143
2551 69 253 142
2552 68 255 141
2553 67 256 140
2554 66 128 139
2555 65 64 138
2556 64 32 137
2557 63 16 136
2558 62 8 135
2559 61 4 134
2560 60 2 133
2561 59 1 132
2562 58 129 131
2563 57 193 130
2564 56 225 129
2565 55 241 128
2566 54 249 127
2567 53 253 126
2568 52 255 125
2569 51 256 124
2570 50 128 123
2571 49 64 122
2572 48 32 121
2573 47 16 120
2574 46 8 119
2575 45 4 118
2576 44 2 117
2577 43 1 116
2578 42 129 115
2579 41 193 114
2580 40 225 113
2581 39 241 112
2582 38 249 111
2583 37 253 110
2584 36 255 109
2585 35 256 108
2586 34 128 107
2587 33 64 106
2588 32 32 105
2589 31 16 104
2590 30 8 103
2591 29 4 102
2592 28 2 101
2593 27 1 100
2594 26 129 99
2595 74 193 148
2596 73 225 147
2597 72 241 146
2598 71 249 145
2599 70 253 144
2600 69 255 143
2601 68 256 142
2602 67 128 141
2603 66 64 140
2604 65 32 139
2605 64 16 138
2606 63 8 137
2607 62 4 136
2608 61 2 135
2609 60 1 134
2610 59 129 133
2611 58 193 132
2612 57 225 131
2613 56 241 130
2614 55 249 129
2615 54 253 128
2616 53 255 127
2617 52 256 126
2618 51 128 125
2619 50 64 124
2620 49 32 123
2621 48 16 122
2622 47 8 121
2623 46 4 120
2624 45 2 119
2625 44 1 118
2626 43 129 117
2627 42 193 116
2628 41 225 115
2629 40 241 114
2630 39 249 113
2631 38 253 112
2632 37 255 111
2633 36 256 110
2634 35 128 109
2635 34 64 108
2636 33 32 107
2637 32 16 106
2638 31 8 105
2639 30 4 104
2640 29 2 103
2641 28 1 102
2642 75 193 150
2643 74 225 149
2644 73 241 148
2645 72 249 147
2646 71 253 146
2647 70 255 145
2648 69 256 144
2649 68 128 143
2650 67 64 142
2651 66 32 141
2652 65 16 140
2653 64 8 139
2654 63 4 138
2655 62 2 137
2656 61 1 136
2657 60 129 135
2658 59 193 134
2659 58 225 133
2660 57 241 132
2661 56 249 131
2662 55 253 130
2663 54 255 129
2664 53 256 128
2665 52 128 127
2666 51 64 126
2667 50 32 125
2668 49 16 124
2669 48 8 123
2670 47 4 122
2671 46 2 121
2672 45 1 120
2673 44 129 119
2674 43 193 118
2675 42 225 117
2676 41 241 116
2677 40 249 115
2678 39 253 114
2679 38 255 113
2680 37 256 112
2681 36 128 111
2682 35 64 110
2683 34 32 109
2684 33 16 108
2685 32 8 107
2686 31 4 106
2687 30 2 105
2688 76 193 152
2689 75 225 151
2690 74 241 150
2691 73 249 149
2692 72 253 148
2693 71 255 147
2694 70 256 146
2695 69 128 145
2696 68 64 144
2697 67 32 143
2698 66 16 142
2699 65 8 141
2700 64 4 140
2701 63 2 139
2702 62 1 138
2703 61 129 137
2704 60 193 136
2705 59 225 135
2706 58 241 134
2707 57 249 133
2708 56 253 132
2709 55 255 131
2710 54 256 130
2711 53 128 129
2712 52 64 128
2713 51 32 127
2714 50 16 126
2715 49 8 125
2716 48 4 124
2717 47 2 123
2718 46 1 122
2719 45 129 121
2720 44 193 120
2721 43 225 119
2722 42 241 118
2723 41 249 117
2724 40 253 116
2725 39 255 115
2726 38 256 114
2727 37 128 113
2728 36 64 112
2729 35 32 111
2730 34 16 110
2731 33 8 109
2732 32 4 108
2733 77 193 154
2734 76 225 153
2735 75 241 152
2736 74 249 151
2737 73 253 150
2738 72 255 149
2739 71 256 148
2740 70 128 147
2741 69 64 146
2742 68 32 145
2743 67 16 144
2744 66 8 143
2745 65 4 142
2746 64 2 141
2747 63 1 140
2748 62 129 139
2749 61 193 138
2750 60 225 137
2751 59 241 136
2752 58 249 135
2753 57 253 134
2754 56 255 133
2755 55 256 132
2756 54 128 131
2757 53 64 130
2758 52 32 129
2759 51 16 128
2760 50 8 127
2761 49 4 126
2762 48 2 125
2763 47 1 124
2764 46 129 123
2765 45 193 122
2766 44 225 121
2767 43 241 120
2768 42 249 119
2769 41 253 118
2770 40 255 117
2771 39 256 116
2772 38 128 115
2773 37 64 114
2774 36 32 113
2775 35 16 112
2776 34 8 111
2777 78 193 156
2778 77 225 155
2779 76 241 154
2780 75 249 153
2781 74 253 152
2782 73 255 151
2783 72 256 150
2784 71 128 149
2785 70 64 148
2786 69 32 147
2787 68 16 146
2788 67 8 145
2789 66 4 144
2790 65 2 143
2791 64 1 142
2792 63 129 141
2793 62 193 140
2794 61 225 139
2795 60 241 138
2796 59 249 137
2797 58 253 136
2798 57 255 135
2799 56 256 134
2800 55 128 133
2801 54 64 132
2802 53 32 131
2803 52 16 130
2804 51 8 129
2805 50 4 128
2806 49 2 127
2807 48 1 126
2808 47 129 125
2809 46 193 124
2810 45 225 123
2811 44 241 122
2812 43 249 121
2813 42 253 120
2814 41 255 119
2815 40 256 118
2816 39 128 117
2817 38 64 116
2818 37 32 115
2819 36 16 114
2820 79 193 158
2821 78 225 157
2822 77 241 156
2823 76 249 155
2824 75 253 154
2825 74 255 153
2826 73 256 152
2827 72 128 151
2828 71 64 150
2829 70 32 149
2830 69 16 148
2831 68 8 147
2832 67 4 146
2833 66 2 145
2834 65 1 144
2835 64 129 143
2836 63 193 142
2837 62 225 141
2838 61 241 140
2839 60 249 139
2840 59 253 138
2841 58 255 137
2842 57 256 136
2843 56 128 135
2844 55 64 134
2845 54 32 133
2846 53 16 132
2847 52 8 131
2848 51 4 130
2849 50 2 129
2850 49 1 128
2851 48 129 127
2852 47 193 126
2853 46 225 125
2854 45 241 124
2855 44 249 123
2856 43 253 122
2857 42 255 121
2858 41 256 120
2859 40 128 119
2860 39 64 118
2861 38 32 117
2862 80 193 160
2863 79 225 159
2864 78 241 158
2865 77 249 157
2866 76 253 156
2867 75 255 155
2868 74 256 154
2869 73 128 153
2870 72 64 152
2871 71 32 151
2872 70 16 150
2873 69 8 149
2874 68 4 148
2875 67 2 147
2876 66 1 146
2877 65 129 145
2878 64 193 144
2879 63 225 143
2880 62 241 142
2881 61 249 141
2882 60 253 140
2883 59 255 139
2884 58 256 138
2885 57 128 137
2886 56 64 136
2887 55 32 135
2888 54 16 134
2889 53 8 133
2890 52 4 132
2891 51 2 131
2892 50 1 130
2893 49 129 129
2894 48 193 128
2895 47 225 127
2896 46 241 126
2897 45 249 125
2898 44 253 124
2899 43 255 123
2900 42 256 122
2901 41 128 121
2902 40 64 120
2903 81 193 162
2904 80 225 161
2905 79 241 160
2906 78 249 159
2907 77 253 158
2908 76 255 157
2909 75 256 156
2910 74 128 155
2911 73 64 154
2912 72 32 153
2913 71 16 152
2914 70 8 151
2915 69 4 150
2916 68 2 149
2917 67 1 148
2918 66 129 147
2919 65 193 146
2920 64 225 145
2921 63 241 144
2922 62 249 143
2923 61 253 142
2924 60 255 141
2925 59 256 140
2926 58 128 139
2927 57 64 138
2928 56 32 137
2929 55 16 136
2930 54 8 135
2931 53 4 134
2932 52 2 133
2933 51 1 132
2934 50 129 131
2935 49 193 130
2936 48 225 129
2937 47 241 128
2938 46 249 127
2939 45 253 126
2940 44 255 125
2941 43 256 124
2942 42 128 123
2943 82 193 164
2944 81 225 163
2945 80 241 162
2946 79 249 161
2947 78 253 160
2948 77 255 159
2949 76 256 158
2950 75 128 157
2951 74 64 156
2952 73 32 155
2953 72 16 154
2954 71 8 153
2955 70 4 152
2956 69 2 151
2957 68 1 150
2958 67 129 149
2959 66 193 148
2960 65 225 147
2961 64 241 146
2962 63 249 145
2963 62 253 144
2964 61 255 143
2965 60 256 142
2966 59 128 141
2967 58 64 140
2968 57 32 139
2969 56 16 138
2970 55 8 137
2971 54 4 136
2972 53 2 135
2973 52 1 134
2974 51 129 133
2975 50 193 132
2976 49 225 131
2977 48 241 130
2978 47 249 129
2979 46 253 128
2980 45 255 127
2981 44 256 126
2982 83 193 166
2983 82 225 165
2984 81 241 164
2985 80 249 163
2986 79 253 162
2987 78 255 161
2988 77 256 160
2989 76 128 159
2990 75 64 158
2991 74 32 157
2992 73 16 156
2993 72 8 155
2994 71 4 154
2995 70 2 153
2996 69 1 152
2997 68 129 151
2998 67 193 150
2999 66 225 149
3000 65 241 148
3001 64 249 147
3002 63 253 146
3003 62 255 145
3004 61 256 144
3005 60 128 143
3006 59 64 142
3007 58 32 141
3008 57 16 140
3009 56 8 139
3010 55 4 138
3011 54 2 137
3012 53 1 136
3013 52 129 135
3014 51 193 134
3015 50 225 133
3016 49 241 132
3017 48 249 131
3018 47 253 130
3019 46 255 129
3020 84 193 168
3021 83 225 167
3022 82 241 166
3023 81 249 165
3024 80 253 164
3025 79 255 163
3026 78 256 162
3027 77 128 161
3028 76 64 160
3029 75 32 159
3030 74 16 158
3031 73 8 157
3032 72 4 156
3033 71 2 155
3034 70 1 154
3035 69 129 153
3036 68 193 152
3037 67 225 151
3038 66 241 150
3039 65 249 149
3040 64 253 148
3041 63 255 147
3042 62 256 146
3043 61 128 145
3044 60 64 144
3045 59 32 143
3046 58 16 142
3047 57 8 141
3048 56 4 140
3049 55 2 139
3050 54 1 138
3051 53 129 137
3052 52 193 136
3053 51 225 135
3054 50 241 134
3055 49 249 133
3056 48 253 132
3057 85 193 170
3058 84 225 169
3059 83 241 168
3060 82 249 167
3061 81 253 166
3062 80 255 165
3063 79 256 164
3064 78 128 163
3065 77 64 162
3066 76 32 161
3067 75 16 160
3068 74 8 159
3069 73 4 158
3070 72 2 157
3071 71 1 156
3072 70 129 155
3073 69 193 154
3074 68 225 153
3075 67 241 152
3076 66 249 151
3077 65 253 150
3078 64 255 149
3079 63 256 148
3080 62 128 147
3081 61 64 146
3082 60 32 145
3083 59 16 144
3084 58 8 143
3085 57 4 142
3086 56 2 141
3087 55 1 140
3088 54 129 139
3089 53 193 138
3090 52 225 137
3091 51 241 136
3092 50 249 135
3093 86 193 172
3094 85 225 171
3095 84 241 170
3096 83 249 169
3097 82 253 168
3098 81 255 167
3099 80 256 166
3100 79 128 165
3101 78 64 164
3102 77 32 163
3103 76 16 162
3104 75 8 161
3105 74 4 160
3106 73 2 159
3107 72 1 158
3108 71 129 157
3109 70 193 156
3110 69 225 155
3111 68 241 154
3112 67 249 153
3113 66 253 152
3114 65 255 151
3115 64 256 150
3116 63 128 149
3117 62 64 148
3118 61 32 147
3119 60 16 146
3120 59 8 145
3121 58 4 144
3122 57 2 143
3123 56 1 142
3124 55 129 141
3125 54 193 140
3126 53 225 139
3127 52 241 138
3128 87 193 174
3129 86 225 173
3130 85 241 172
3131 84 249 171
3132 83 253 170
3133 82 255 169
3134 81 256 168
3135 80 128 167
3136 79 64 166
3137 78 32 165
3138 77 16 164
3139 76 8 163
3140 75 4 162
3141 74 2 161
3142 73 1 160
3143 72 129 159
3144 71 193 158
3145 70 225 157
3146 69 241 156
3147 68 249 155
3148 67 253 154
3149 66 255 153
3150 65 256 152
3151 64 128 151
3152 63 64 150
3153 62 32 149
3154 61 16 148
3155 60 8 147
3156 59 4 146
3157 58 2 145
3158 57 1 144
3159 56 129 143
3160 55 193 142
3161 54 225 141
3162 88 193 176
3163 87 225 175
3164 86 241 174
3165 85 249 173
3166 84 253 172
3167 83 255 171
3168 82 256 170
3169 81 128 169
3170 80 64 168
3171 79 32 167
3172 78 16 166
3173 77 8 165
3174 76 4 164
3175 75 2 163
3176 74 1 162
3177 73 129 161
3178 72 193 160
3179 71 225 159
3180 70 241 158
3181 69 249 157
3182 68 253 156
3183 67 255 155
3184 66 256 154
3185 65 128 153
3186 64 64 152
3187 63 32 151
3188 62 16 150
3189 61 8 149
3190 60 4 148
3191 59 2 147
3192 58 1 146
3193 57 129 145
3194 56 193 144
3195 89 193 178
3196 88 225 177
3197 87 241 176
3198 86 249 175
3199 85 253 174
3200 84 255 173
3201 83 256 172
3202 82 128 171
3203 81 64 170
3204 80 32 169
3205 79 16 168
3206 78 8 167
3207 77 4 166
3208 76 2 165
3209 75 1 164
3210 74 129 163
3211 73 193 162
3212 72 225 161
3213 71 241 160
3214 70 249 159
3215 69 253 158
3216 68 255 157
3217 67 256 156
3218 66 128 155
3219 65 64 154
3220 64 32 153
3221 63 16 152
3222 62 8 151
3223 61 4 150
3224 60 2 149
3225 59 1 148
3226 58 129 147
3227 90 193 180
3228 89 225 179
3229 88 241 178
3230 87 249 177
3231 86 253 176
3232 85 255 175
3233 84 256 174
3234 83 128 173
3235 82 64 172
3236 81 32 171
3237 80 16 170
3238 79 8 169
3239 78 4 168
3240 77 2 167
3241 76 1 166
3242 75 129 165
3243 74 193 164
3244 73 225 163
3245 72 241 162
3246 71 249 161
3247 70 253 160
3248 69 255 159
3249 68 256 158
3250 67 128 157
3251 66 64 156
3252 65 32 155
3253 64 16 154
3254 63 8 153
3255 62 4 152
3256 61 2 151
3257 60 1 150
3258 91 193 182
3259 90 225 181
3260 89 241 180
3261 88 249 179
3262 87 253 178
3263 86 255 177
3264 85 256 176
3265 84 128 175
3266 83 64 174
3267 82 32 173
3268 81 16 172
3269 80 8 171
3270 79 4 170
3271 78 2 169
3272 77 1 168
3273 76 129 167
3274 75 193 166
3275 74 225 165
3276 73 241 164
3277 72 249 163
3278 71 253 162
3279 70 255 161
3280 69 256 160
3281 68 128 159
3282 67 64 158
3283 66 32 157
3284 65 16 156
3285 64 8 155
3286 63 4 154
3287 62 2 153
3288 92 193 184
3289 91 225 183
3290 90 241 182
3291 89 249 181
3292 88 253 180
3293 87 255 179
3294 86 256 178
3295 85 128 177
3296 84 64 176
3297 83 32 175
3298 82 16 174
3299 81 8 173
3300 80 4 172
3301 79 2 171
3302 78 1 170
3303 77 129 169
3304 76 193 168
3305 75 225 167
3306 74 241 166
3307 73 249 165
3308 72 253 164
3309 71 255 163
3310 70 256 162
3311 69 128 161
3312 68 64 160
3313 67 32 159
3314 66 16 158
3315 65 8 157
3316 64 4 156
3317 93 193 186
3318 92 225 185
3319 91 241 184
3320 90 249 183
3321 89 253 182
3322 88 255 181
3323 87 256 180
3324 86 128 179
3325 85 64 178
3326 84 32 177
3327 83 16 176
3328 82 8 175
3329 81 4 174
3330 80 2 173
3331 79 1 172
3332 78 129 171
3333 77 193 170
3334 76 225 169
3335 75 241 168
3336 74 249 167
3337 73 253 166
3338 72 255 165
3339 71 256 164
3340 70 128 163
3341 69 64 162
3342 68 32 161
3343 67 16 160
3344 66 8 159
3345 94 193 188
3346 93 225 187
3347 92 241 186
3348 91 249 185
3349 90 253 184
3350 89 255 183
3351 88 256 182
3352 87 128 181
3353 86 64 180
3354 85 32 179
3355 84 16 178
3356 83 8 177
3357 82 4 176
3358 81 2 175
3359 80 1 174
3360 79 129 173
3361 78 193 172
3362 77 225 171
3363 76 241 170
3364 75 249 169
3365 74 253 168
3366 73 255 167
3367 72 256 166
3368 71 128 165
3369 70 64 164
3370 69 32 163
3371 68 16 162
3372 95 193 190
3373 94 225 189
3374 93 241 188
3375 92 249 187
3376 91 253 186
3377 90 255 185
3378 89 256 184
3379 88 128 183
3380 87 64 182
3381 86 32 181
3382 85 16 180
3383 84 8 179
3384 83 4 178
3385 82 2 177
3386 81 1 176
3387 80 129 175
3388 79 193 174
3389 78 225 173
3390 77 241 172
3391 76 249 171
3392 75 253 170
3393 74 255 169
3394 73 256 168
3395 72 128 167
3396 71 64 166
3397 70 32 165
3398 96 193 192
3399 95 225 191
3400 94 241 190
3401 93 249 189
3402 92 253 188
3403 91 255 187
3404 90 256 186
3405 89 128 185
3406 88 64 184
3407 87 32 183
3408 86 16 182
3409 85 8 181
3410 84 4 180
3411 83 2 179
3412 82 1 178
3413 81 129 177
3414 80 193 176
3415 79 225 175
3416 78 241 174
3417 77 249 173
3418 76 253 172
3419 75 255 171
3420 74 256 170
3421 73 128 169
3422 72 64 168
3423 97 193 194
3424 96 225 193
3425 95 241 192
3426 94 249 191
3427 93 253 190
3428 92 255 189
3429 91 256 188
3430 90 128 187
3431 89 64 186
3432 88 32 185
3433 87 16 184
3434 86 8 183
3435 85 4 182
3436 84 2 181
3437 83 1 180
3438 82 129 179
3439 81 193 178
3440 80 225 177
3441 79 241 176
3442 78 249 175
3443 77 253 174
3444 76 255 173
3445 75 256 172
3446 74 128 171
3447 98 193 196
3448 97 225 195
3449 96 241 194
3450 95 249 193
3451 94 253 192
3452 93 255 191
3453 92 256 190
3454 91 128 189
3455 90 64 188
3456 89 32 187
3457 88 16 186
3458 87 8 185
3459 86 4 184
3460 85 2 183
3461 84 1 182
3462 83 129 181
3463 82 193 180
3464 81 225 179
3465 80 241 178
3466 79 249 177
3467 78 253 176
3468 77 255 175
3469 76 256 174
3470 99 193 198
3471 98 225 197
3472 97 241 196
3473 96 249 195
3474 95 253 194
3475 94 255 193
3476 93 256 192
3477 92 128 191
3478 91 64 190
3479 90 32 189
3480 89 16 188
3481 88 8 187
3482 87 4 186
3483 86 2 185
3484 85 1 184
3485 84 129 183
3486 83 193 182
3487 82 225 181
3488 81 241 180
3489 80 249 179
3490 79 253 178
3491 78 255 177
3492 100 193 200
3493 99 225 199
3494 98 241 198
3495 97 249 197
3496 96 253 196
3497 95 255 195
3498 94 256 194
3499 93 128 193
3500 92 64 192
3501 91 32 191
3502 90 16 190
3503 89 8 189
3504 88 4 188
3505 87 2 187
3506 86 1 186
3507 85 129 185
3508 84 193 184
3509 83 225 183
3510 82 241 182
3511 81 249 181
3512 80 253 180
3513 101 193 202
3514 100 225 201
3515 99 241 200
3516 98 249 199
3517 97 253 198
3518 96 255 197
3519 95 256 196
3520 94 128 195
3521 93 64 194
3522 92 32 193
3523 91 16 192
3524 90 8 191
3525 89 4 190
3526 88 2 189
3527 87 1 188
3528 86 129 187
3529 85 193 186
3530 84 225 185
3531 83 241 184
3532 82 249 183
3533 102 193 204
3534 101 225 203
3535 100 241 202
3536 99 249 201
3537 98 253 200
3538 97 255 199
3539 96 256 198
3540 95 128 197
3541 94 64 196
3542 93 32 195
3543 92 16 194
3544 91 8 193
3545 90 4 192
3546 89 2 191
3547 88 1 190
3548 87 129 189
3549 86 193 188
3550 85 225 187
3551 84 241 186
3552 103 193 206
3553 102 225 205
3554 101 241 204
3555 100 249 203
3556 99 253 202
3557 98 255 201
3558 97 256 200
3559 96 128 199
3560 95 64 198
3561 94 32 197
3562 93 16 196
3563 92 8 195
3564 91 4 194
3565 90 2 193
3566 89 1 192
3567 88 129 191
3568 87 193 190
3569 86 225 189
3570 104 193 208
3571 103 225 207
3572 102 241 206
3573 101 249 205
3574 100 253 204
3575 99 255 203
3576 98 256 202
3577 97 128 201
3578 96 64 200
3579 95 32 199
3580 94 16 198
3581 93 8 197
3582 92 4 196
3583 91 2 195
3584 90 1 194
3585 89 129 193
3586 88 193 192
3587 105 193 210
3588 104 225 209
3589 103 241 208
3590 102 249 207
3591 101 253 206
3592 100 255 205
3593 99 256 204
3594 98 128 203
3595 97 64 202
3596 96 32 201
3597 95 16 200
3598 94 8 199
3599 93 4 198
3600 92 2 197
3601 91 1 196
3602 90 129 195
3603 106 193 212
3604 105 225 211
3605 104 241 210
3606 103 249 209
3607 102 253 208
3608 101 255 207
3609 100 256 206
3610 99 128 205
3611 98 64 204
3612 97 32 203
3613 96 16 202
3614 95 8 201
3615 94 4 200
3616 93 2 199
3617 92 1 198
3618 107 193 214
3619 106 225 213
3620 105 241 212
3621 104 249 211
3622 103 253 210
3623 102 255 209
3624 101 256 208
3625 100 128 207
3626 99 64 206
3627 98 32 205
3628 97 16 204
3629 96 8 203
3630 95 4 202
3631 94 2 201
3632 108 193 216
3633 107 225 215
3634 106 241 214
3635 105 249 213
3636 104 253 212
3637 103 255 211
3638 102 256 210
3639 101 128 209
3640 100 64 208
3641 99 32 207
3642 98 16 206
3643 97 8 205
3644 96 4 204
3645 109 193 218
3646 108 225 217
3647 107 241 216
3648 106 249 215
3649 105 253 214
3650 104 255 213
3651 103 256 212
3652 102 128 211
3653 101 64 210
3654 100 32 209
3655 99 16 208
3656 98 8 207
3657 110 193 220
3658 109 225 219
3659 108 241 218
3660 107 249 217
3661 106 253 216
3662 105 255 215
3663 104 256 214
3664 103 128 213
3665 102 64 212
3666 101 32 211
3667 100 16 210
3668 111 193 222
3669 110 225 221
3670 109 241 220
3671 108 249 219
3672 107 253 218
3673 106 255 217
3674 105 256 216
3675 104 128 215
3676 103 64 214
3677 102 32 213
3678 112 193 224
3679 111 225 223
3680 110 241 222
3681 109 249 221
3682 108 253 220
3683 107 255 219
3684 106 256 218
3685 105 128 217
3686 104 64 216
3687 113 193 226
3688 112 225 225
3689 111 241 224
3690 110 249 223
3691 109 253 222
3692 108 255 221
3693 107 256 220
3694 106 128 219
3695 114 193 228
3696 113 225 227
3697 112 241 226
3698 111 249 225
3699 110 253 224
3700 109 255 223
3701 108 256 222
3702 115 193 230
3703 114 225 229
3704 113 241 228
3705 112 249 227
3706 111 253 226
3707 110 255 225
3708 116 193 232
3709 115 225 231
3710 114 241 230
3711 113 249 229
3712 112 253 228
3713 117 193 234
3714 116 225 233
3715 115 241 232
3716 114 249 231
3717 118 193 236
3718 117 225 235
3719 116 241 234
3720 119 193 238
3721 118 225 237
3722 120 193 240
3723 0 1 62
3724 0 1 63
3725 0 1 64
3726 0 1 65
3727 0 1 66
3728 0 1 67
3729 0 1 68
3730 0 1 69
3731 0 1 70
3732 0 1 71
3733 0 1 72
3734 0 1 73
3735 0 1 74
3736 0 1 75
3737 0 1 76
3738 0 1 77
3739 0 1 78
3740 0 1 79
3741 0 1 80
3742 0 1 81
3743 0 1 82
3744 0 1 83
3745 0 1 84
3746 0 1 85
3747 0 1 86
3748 0 1 87
3749 0 1 88
3750 0 1 89
3751 0 1 90
3752 0 1 91
3753 0 1 92
3754 0 1 93
3755 0 1 94
3756 0 1 95
3757 0 1 96
3758 0 1 97
3759 0 1 98
3760 0 1 99
3761 0 1 100
3762 0 1 101
3763 0 1 102
3764 0 1 103
3765 0 1 104
3766 0 1 105
3767 0 1 106
3768 0 1 107
3769 0 1 108
3770 0 1 109
3771 0 1 110
3772 0 1 111
3773 0 1 112
3774 0 1 113
3775 0 1 114
3776 0 1 115
3777 1 1 63
3778 1 1 64
3779 1 1 65
3780 1 1 66
3781 1 1 67
3782 1 1 68
3783 1 1 69
3784 1 1 70
3785 1 1 71
3786 1 1 72
3787 1 1 73
3788 1 1 74
3789 1 1 75
3790 1 1 76
3791 1 1 77
3792 1 1 78
3793 1 1 79
3794 1 1 80
3795 1 1 81
3796 1 1 82
3797 1 1 83
3798 1 1 84
3799 1 1 85
3800 1 1 86
3801 1 1 87
3802 1 1 88
3803 1 1 89
3804 1 1 90
3805 1 1 91
3806 1 1 92
3807 1 1 93
3808 1 1 94
3809 1 1 95
3810 1 1 96
3811 1 1 97
3812 1 1 98
3813 1 1 99
3814 1 1 100
3815 1 1 101
3816 1 1 102
3817 1 1 103
3818 1 1 104
3819 1 1 105
3820 1 1 106
3821 1 1 107
3822 1 1 108
3823 1 1 109
3824 1 1 110
3825 1 1 111
3826 1 1 112
3827 1 1 113
3828 1 1 114
3829 1 1 115
3830 2 1 64
3831 2 1 65
3832 2 1 66
3833 2 1 67
3834 2 1 68
3835 2 1 69
3836 2 1 70
3837 2 1 71
3838 2 1 72
3839 2 1 73
3840 2 1 74
3841 2 1 75
3842 2 1 76
3843 2 1 77
3844 2 1 78
3845 2 1 79
3846 2 1 80
3847 2 1 81
3848 2 1 82
3849 2 1 83
3850 2 1 84
3851 2 1 85
3852 2 1 86
3853 2 1 87
3854 2 1 88
3855 2 1 89
3856 2 1 90
3857 2 1 91
3858 2 1 92
3859 2 1 93
3860 2 1 94
3861 2 1 95
3862 2 1 96
3863 2 1 97
3864 2 1 98
3865 2 1 99
3866 2 1 100
3867 2 1 101
3868 2 1 102
3869 2 1 103
3870 2 1 104
3871 2 1 105
3872 2 1 106
3873 2 1 107
3874 2 1 108
3875 2 1 109
3876 2 1 110
3877 2 1 111
3878 2 1 112
3879 2 1 113
3880 2 1 114
3881 2 1 115
3882 3 1 65
3883 3 1 66
3884 3 1 67
3885 3 1 68
3886 3 1 69
3887 3 1 70
3888 3 1 71
3889 3 1 72
3890 3 1 73
3891 3 1 74
3892 3 1 75
3893 3 1 76
3894 3 1 77
3895 3 1 78
3896 3 1 79
3897 3 1 80
3898 3 1 81
3899 3 1 82
3900 3 1 83
3901 3 1 84
3902 3 1 85
3903 3 1 86
3904 3 1 87
3905 3 1 88
3906 3 1 89
3907 3 1 90
3908 3 1 91
3909 3 1 92
3910 3 1 93
3911 3 1 94
3912 3 1 95
3913 3 1 96
3914 3 1 97
3915 3 1 98
3916 3 1 99
3917 3 1 100
3918 3 1 101
3919 3 1 102
3920 3 1 103
3921 3 1 104
3922 3 1 105
3923 3 1 106
3924 3 1 107
3925 3 1 108
3926 3 1 109
3927 3 1 110
3928 3 1 111
3929 3 1 112
3930 3 1 113
3931 3 1 114
3932 3 1 115
3933 4 1 67
3934 4 1 68
3935 5 255 68
3936 4 1 69
3937 4 1 70
3938 4 1 71
3939 4 1 72
3940 4 1 73
3941 4 1 74
3942 4 1 75
3943 4 1 76
3944 4 1 77
3945 4 1 78
3946 4 1 79
3947 4 1 80
3948 4 1 81
3949 4 1 82
3950 4 1 83
3951 4 1 84
3952 4 1 85
3953 4 1 86
3954 4 1 87
3955 4 1 88
3956 4 1 89
3957 4 1 90
3958 4 1 91
3959 4 1 92
3960 4 1 93
3961 4 1 94
3962 4 1 95
3963 4 1 96
3964 4 1 97
3965 4 1 98
3966 4 1 99
3967 4 1 100
3968 4 1 101
3969 4 1 102
3970 4 1 103
3971 4 1 104
3972 4 1 105
3973 4 1 106
3974 4 1 107
3975 4 1 108
3976 4 1 109
3977 4 1 110
3978 4 1 111
3979 4 1 112
3980 4 1 113
3981 4 1 114
3982 4 1 115
3983 5 1 69
3984 5 1 70
3985 6 255 70
3986 5 1 71
3987 7 4 71
3988 5 1 72
3989 5 1 73
3990 5 1 74
3991 5 1 75
3992 5 1 76
3993 5 1 77
3994 5 1 78
3995 5 1 79
3996 5 1 80
3997 5 1 81
3998 5 1 82
3999 5 1 83
4000 5 1 84
4001 5 1 85
4002 5 1 86
4003 5 1 87
4004 5 1 88
4005 5 1 89
4006 5 1 90
4007 5 1 91
4008 5 1 92
4009 5 1 93
4010 5 1 94
4011 5 1 95
4012 5 1 96
4013 5 1 97
4014 5 1 98
4015 5 1 99
4016 5 1 100
4017 5 1 101
4018 5 1 102
4019 5 1 103
4020 5 1 104
4021 5 1 105
4022 5 1 106
4023 5 1 107
4024 5 1 108
4025 5 1 109
4026 5 1 110
4027 5 1 111
4028 5 1 112
4029 5 1 113
4030 5 1 114
4031 5 1 115
4032 6 1 71
4033 6 1 72
4034 7 255 72
4035 6 1 73
4036 8 4 73
4037 6 1 74
4038 9 249 74
4039 6 1 75
4040 6 1 76
4041 6 1 77
4042 6 1 78
4043 6 1 79
4044 6 1 80
4045 6 1 81
4046 6 1 82
4047 6 1 83
4048 6 1 84
4049 6 1 85
4050 6 1 86
4051 6 1 87
4052 6 1 88
4053 6 1 89
4054 6 1 90
4055 6 1 91
4056 6 1 92
4057 6 1 93
4058 6 1 94
4059 6 1 95
4060 6 1 96
4061 6 1 97
4062 6 1 98
4063 6 1 99
4064 6 1 100
4065 6 1 101
4066 6 1 102
4067 6 1 103
4068 6 1 104
4069 6 1 105
4070 6 1 106
4071 6 1 107
4072 6 1 108
4073 6 1 109
4074 6 1 110
4075 6 1 111
4076 6 1 112
4077 6 1 113
4078 6 1 114
4079 6 1 115
4080 7 1 73
4081 7 1 74
4082 8 255 74
4083 7 1 75
4084 9 4 75
4085 7 1 76
4086 10 249 76
4087 7 1 77
4088 11 16 77
4089 7 1 78
4090 7 1 79
4091 7 1 80
4092 7 1 81
4093 7 1 82
4094 7 1 83
4095 7 1 84
4096 7 1 85
4097 7 1 86
4098 7 1 87
4099 7 1 88
4100 7 1 89
4101 7 1 90
4102 7 1 91
4103 7 1 92
4104 7 1 93
4105 7 1 94
4106 7 1 95
4107 7 1 96
4108 7 1 97
4109 7 1 98
4110 7 1 99
4111 7 1 100
4112 7 1 101
4113 7 1 102
4114 7 1 103
4115 7 1 104
4116 7 1 105
4117 7 1 106
4118 7 1 107
4119 7 1 108
4120 7 1 109
4121 7 1 110
4122 7 1 111
4123 7 1 112
4124 7 1 113
4125 7 1 114
4126 7 1 115
4127 8 1 75
4128 8 1 76
4129 9 255 76
4130 8 1 77
4131 10 4 77
4132 8 1 78
4133 11 249 78
4134 8 1 79
4135 12 16 79
4136 8 1 80
4137 13 225 80
4138 8 1 81
4139 8 1 82
4140 8 1 83
4141 8 1 84
4142 8 1 85
4143 8 1 86
4144 8 1 87
4145 8 1 88
4146 8 1 89
4147 8 1 90
4148 8 1 91
4149 8 1 92
4150 8 1 93
4151 8 1 94
4152 8 1 95
4153 8 1 96
4154 8 1 97
4155 8 1 98
4156 8 1 99
4157 8 1 100
4158 8 1 101
4159 8 1 102
4160 8 1 103
4161 8 1 104
4162 8 1 105
4163 8 1 106
4164 8 1 107
4165 8 1 108
4166 8 1 109
4167 8 1 110
4168 8 1 111
4169 8 1 112
4170 8 1 113
4171 8 1 114
4172 8 1 115
4173 9 1 77
4174 9 1 78
4175 10 255 78
4176 9 1 79
4177 11 4 79
4178 9 1 80
4179 12 249 80
4180 9 1 81
4181 13 16 81
4182 9 1 82
4183 14 225 82
4184 9 1 83
4185 15 64 83
4186 9 1 84
4187 9 1 85
4188 9 1 86
4189 9 1 87
4190 9 1 88
4191 9 1 89
4192 9 1 90
4193 9 1 91
4194 9 1 92
4195 9 1 93
4196 9 1 94
4197 9 1 95
4198 9 1 96
4199 9 1 97
4200 9 1 98
4201 9 1 99
4202 9 1 100
4203 9 1 101
4204 9 1 102
4205 9 1 103
4206 9 1 104
4207 9 1 105
4208 9 1 106
4209 9 1 107
4210 9 1 108
4211 9 1 109
4212 9 1 110
4213 9 1 111
4214 9 1 112
4215 9 1 113
4216 9 1 114
4217 9 1 115
4218 10 1 79
4219 10 1 80
4220 11 255 80
4221 10 1 81
4222 12 4 81
4223 10 1 82
4224 13 249 82
4225 10 1 83
4226 14 16 83
4227 10 1 84
4228 15 225 84
4229 10 1 85
4230 16 64 85
4231 10 1 86
4232 17 129 86
4233 10 1 87
4234 10 1 88
4235 10 1 89
4236 10 1 90
4237 10 1 91
4238 10 1 92
4239 10 1 93
4240 10 1 94
4241 10 1 95
4242 10 1 96
4243 10 1 97
4244 10 1 98
4245 10 1 99
4246 10 1 100
4247 10 1 101
4248 10 1 102
4249 10 1 103
4250 10 1 104
4251 10 1 105
4252 10 1 106
4253 10 1 107
4254 10 1 108
4255 10 1 109
4256 10 1 110
4257 10 1 111
4258 10 1 112
4259 10 1 113
4260 10 1 114
4261 10 1 115
4262 11 1 81
4263 11 1 82
4264 12 255 82
4265 11 1 83
4266 13 4 83
4267 11 1 84
4268 14 249 84
4269 11 1 85
4270 15 16 85
4271 11 1 86
4272 16 225 86
4273 11 1 87
4274 17 64 87
4275 11 1 88
4276 18 129 88
4277 11 1 89
4278 19 256 89
4279 11 1 90
4280 11 1 91
4281 11 1 92
4282 11 1 93
4283 11 1 94
4284 11 1 95
4285 11 1 96
4286 11 1 97
4287 11 1 98
4288 11 1 99
4289 11 1 100
4290 11 1 101
4291 11 1 102
4292 11 1 103
4293 11 1 104
4294 11 1 105
4295 11 1 106
4296 11 1 107
4297 11 1 108
4298 11 1 109
4299 11 1 110
4300 11 1 111
4301 11 1 112
4302 11 1 113
4303 11 1 114
4304 11 1 115
4305 12 1 83
4306 12 1 84
4307 13 255 84
4308 12 1 85
4309 14 4 85
4310 12 1 86
4311 15 249 86
4312 12 1 87
4313 16 16 87
4314 12 1 88
4315 17 225 88
4316 12 1 89
4317 18 64 89
4318 12 1 90
4319 19 129 90
4320 12 1 91
4321 20 256 91
4322 12 1 92
4323 21 2 92
4324 12 1 93
4325 12 1 94
4326 12 1 95
4327 12 1 96
4328 12 1 97
4329 12 1 98
4330 12 1 99
4331 12 1 100
4332 12 1 101
4333 12 1 102
4334 12 1 103
4335 12 1 104
4336 12 1 105
4337 12 1 106
4338 12 1 107
4339 12 1 108
4340 12 1 109
4341 12 1 110
4342 12 1 111
4343 12 1 112
4344 12 1 113
4345 12 1 114
4346 12 1 115
4347 13 1 85
4348 13 1 86
4349 14 255 86
4350 13 1 87
4351 15 4 87
4352 13 1 88
4353 16 249 88
4354 13 1 89
4355 17 16 89
4356 13 1 90
4357 18 225 90
4358 13 1 91
4359 19 64 91
4360 13 1 92
4361 20 129 92
4362 13 1 93
4363 21 256 93
4364 13 1 94
4365 22 2 94
4366 13 1 95
4367 23 253 95
4368 13 1 96
4369 13 1 97
4370 13 1 98
4371 13 1 99
4372 13 1 100
4373 13 1 101
4374 13 1 102
4375 13 1 103
4376 13 1 104
4377 13 1 105
4378 13 1 106
4379 13 1 107
4380 13 1 108
4381 13 1 109
4382 13 1 110
4383 13 1 111
4384 13 1 112
4385 13 1 113
4386 13 1 114
4387 13 1 115
4388 14 1 87
4389 14 1 88
4390 15 255 88
4391 14 1 89
4392 16 4 89
4393 14 1 90
4394 17 249 90
4395 14 1 91
4396 18 16 91
4397 14 1 92
4398 19 225 92
4399 14 1 93
4400 20 64 93
4401 14 1 94
4402 21 129 94
4403 14 1 95
4404 22 256 95
4405 14 1 96
4406 23 2 96
4407 14 1 97
4408 24 253 97
4409 14 1 98
4410 25 8 98
4411 14 1 99
4412 14 1 100
4413 14 1 101
4414 14 1 102
4415 14 1 103
4416 14 1 104
4417 14 1 105
4418 14 1 106
4419 14 1 107
4420 14 1 108
4421 14 1 109
4422 14 1 110
4423 14 1 111
4424 14 1 112
4425 14 1 113
4426 14 1 114
4427 14 1 115
4428 15 1 89
4429 15 1 90
4430 16 255 90
4431 15 1 91
4432 17 4 91
4433 15 1 92
4434 18 249 92
4435 15 1 93
4436 19 16 93
4437 15 1 94
4438 20 225 94
4439 15 1 95
4440 21 64 95
4441 15 1 96
4442 22 129 96
4443 15 1 97
4444 23 256 97
4445 15 1 98
4446 24 2 98
4447 15 1 99
4448 25 253 99
4449 15 1 100
4450 26 8 100
4451 15 1 101
4452 27 241 101
4453 15 1 102
4454 15 1 103
4455 15 1 104
4456 15 1 105
4457 15 1 106
4458 15 1 107
4459 15 1 108
4460 15 1 109
4461 15 1 110
4462 15 1 111
4463 15 1 112
4464 15 1 113
4465 15 1 114
4466 15 1 115
4467 16 1 91
4468 16 1 92
4469 17 255 92
4470 16 1 93
4471 18 4 93
4472 16 1 94
4473 19 249 94
4474 16 1 95
4475 20 16 95
4476 16 1 96
4477 21 225 96
4478 16 1 97
4479 22 64 97
4480 16 1 98
4481 23 129 98
4482 16 1 99
4483 24 256 99
4484 16 1 100
4485 25 2 100
4486 16 1 101
4487 26 253 101
4488 16 1 102
4489 27 8 102
4490 16 1 103
4491 28 241 103
4492 16 1 104
4493 29 32 104
4494 16 1 105
4495 16 1 106
4496 16 1 107
4497 16 1 108
4498 16 1 109
4499 16 1 110
4500 16 1 111
4501 16 1 112
4502 16 1 113
4503 16 1 114
4504 16 1 115
4505 17 1 93
4506 17 1 94
4507 18 255 94
4508 17 1 95
4509 19 4 95
4510 17 1 96
4511 20 249 96
4512 17 1 97
4513 21 16 97
4514 17 1 98
4515 22 225 98
4516 17 1 99
4517 23 64 99
4518 17 1 100
4519 24 129 100
4520 17 1 101
4521 25 256 101
4522 17 1 102
4523 26 2 102
4524 17 1 103
4525 27 253 103
4526 17 1 104
4527 28 8 104
4528 17 1 105
4529 29 241 105
4530 17 1 106
4531 30 32 106
4532 17 1 107
4533 31 193 107
4534 17 1 108
4535 17 1 109
4536 17 1 110
4537 17 1 111
4538 17 1 112
4539 17 1 113
4540 17 1 114
4541 17 1 115
4542 18 1 95
4543 18 1 96
4544 19 255 96
4545 18 1 97
4546 20 4 97
4547 18 1 98
4548 21 249 98
4549 18 1 99
4550 22 16 99
4551 18 1 100
4552 23 225 100
4553 18 1 101
4554 24 64 101
4555 18 1 102
4556 25 129 102
4557 18 1 103
4558 26 256 103
4559 18 1 104
4560 27 2 104
4561 18 1 105
4562 28 253 105
4563 18 1 106
4564 29 8 106
4565 18 1 107
4566 30 241 107
4567 18 1 108
4568 31 32 108
4569 18 1 109
4570 32 193 109
4571 18 1 110
4572 33 128 110
4573 18 1 111
4574 18 1 112
4575 18 1 113
4576 18 1 114
4577 18 1 115
4578 19 1 97
4579 19 1 98
4580 20 255 98
4581 19 1 99
4582 21 4 99
4583 19 1 100
4584 22 249 100
4585 19 1 101
4586 23 16 101
4587 19 1 102
4588 24 225 102
4589 19 1 103
4590 25 64 103
4591 19 1 104
4592 26 129 104
4593 19 1 105
4594 27 256 105
4595 19 1 106
4596 28 2 106
4597 19 1 107
4598 29 253 107
4599 19 1 108
4600 30 8 108
4601 19 1 109
4602 31 241 109
4603 19 1 110
4604 32 32 110
4605 19 1 111
4606 33 193 111
4607 19 1 112
4608 34 128 112
4609 19 1 113
4610 35 1 113
4611 19 1 114
4612 19 1 115
4613 20 1 99
4614 20 1 100
4615 21 255 100
4616 20 1 101
4617 22 4 101
4618 20 1 102
4619 23 249 102
4620 20 1 103
4621 24 16 103
4622 20 1 104
4623 25 225 104
4624 20 1 105
4625 26 64 105
4626 20 1 106
4627 27 129 106
4628 20 1 107
4629 28 256 107
4630 20 1 108
4631 29 2 108
4632 20 1 109
4633 30 253 109
4634 20 1 110
4635 31 8 110
4636 20 1 111
4637 32 241 111
4638 20 1 112
4639 33 32 112
4640 20 1 113
4641 34 193 113
4642 20 1 114
4643 35 128 114
4644 20 1 115
4645 36 1 115
4646 20 1 116
4647 21 1 101
4648 21 1 102
4649 22 255 102
4650 21 1 103
4651 23 4 103
4652 21 1 104
4653 24 249 104
4654 21 1 105
4655 25 16 105
4656 21 1 106
4657 26 225 106
4658 21 1 107
4659 27 64 107
4660 21 1 108
4661 28 129 108
4662 21 1 109
4663 29 256 109
4664 21 1 110
4665 30 2 110
4666 21 1 111
4667 31 253 111
4668 21 1 112
4669 32 8 112
4670 21 1 113
4671 33 241 113
4672 21 1 114
4673 34 32 114
4674 21 1 115
4675 35 193 115
4676 18 85 116
4677 19 34 116
4678 21 1 116
4679 37 17 116
4680 22 1 103
4681 22 1 104
4682 23 255 104
4683 22 1 105
4684 24 4 105
4685 22 1 106
4686 25 249 106
4687 22 1 107
4688 26 16 107
4689 22 1 108
4690 27 225 108
4691 22 1 109
4692 28 64 109
4693 22 1 110
4694 29 129 110
4695 22 1 111
4696 30 256 111
4697 22 1 112
4698 31 2 112
4699 22 1 113
4700 32 253 113
4701 22 1 114
4702 33 8 114
4703 22 1 115
4704 34 241 115
4705 16 17 116
4706 17 75 116
4707 22 1 116
4708 36 226 116
4709 20 10 117
4710 21 4 117
4711 22 1 117
4712 23 1 105
4713 23 1 106
4714 24 255 106
4715 23 1 107
4716 25 4 107
4717 23 1 108
4718 26 249 108
4719 23 1 109
4720 27 16 109
4721 23 1 110
4722 28 225 110
4723 23 1 111
4724 29 64 111
4725 23 1 112
4726 30 129 112
4727 23 1 113
4728 31 256 113
4729 23 1 114
4730 32 2 114
4731 23 1 115
4732 33 253 115
4733 14 71 116
4734 15 233 116
4735 23 1 116
4736 35 30 116
4737 18 59 117
4738 19 94 117
4739 23 1 117
4740 37 167 117
4741 22 131 118
4742 23 1 118
4743 24 1 107
4744 24 1 108
4745 25 255 108
4746 24 1 109
4747 26 4 109
4748 24 1 110
4749 27 249 110
4750 24 1 111
4751 28 16 111
4752 24 1 112
4753 29 225 112
4754 24 1 113
4755 30 64 113
4756 24 1 114
4757 31 129 114
4758 24 1 115
4759 32 256 115
4760 12 126 116
4761 13 79 116
4762 24 1 116
4763 34 249 116
4764 16 21 117
4765 17 11 117
4766 24 1 117
4767 36 90 117
4768 20 29 118
4769 21 7 118
4770 24 1 118
4771 38 51 118
4772 24 1 119
4773 25 1 109
4774 25 1 110
4775 26 255 110
4776 25 1 111
4777 27 4 111
4778 25 1 112
4779 28 249 112
4780 25 1 113
4781 29 16 113
4782 25 1 114
4783 30 225 114
4784 25 1 115
4785 31 64 115
4786 10 74 116
4787 11 207 116
4788 25 1 116
4789 33 117 116
4790 14 64 117
4791 15 85 117
4792 25 1 117
4793 35 183 117
4794 18 176 118
4795 19 31 118
4796 25 1 118
4797 37 49 118
4798 22 43 119
4799 23 99 119
4800 25 1 119
4801 39 251 119
4802 26 1 111
4803 26 1 112
4804 27 255 112
4805 26 1 113
4806 28 4 113
4807 26 1 114
4808 29 249 114
4809 26 1 115
4810 30 16 115
4811 8 94 116
4812 9 60 116
4813 26 1 116
4814 32 88 116
4815 12 56 117
4816 13 240 117
4817 26 1 117
4818 34 195 117
4819 16 27 118
4820 17 72 118
4821 26 1 118
4822 36 219 118
4823 20 47 119
4824 21 147 119
4825 26 1 119
4826 38 196 119
4827 24 160 120
4828 25 207 120
4829 26 1 120
4830 27 1 113
4831 27 1 114
4832 28 255 114
4833 27 1 115
4834 29 4 115
4835 6 32 116
4836 7 191 116
4837 27 1 116
4838 31 87 116
4839 10 102 117
4840 11 169 117
4841 27 1 117
4842 33 226 117
4843 14 114 118
4844 15 48 118
4845 27 1 118
4846 35 220 118
4847 18 9 119
4848 19 24 119
4849 27 1 119
4850 37 128 119
4851 22 152 120
4852 23 202 120
4853 27 1 120
4854 39 209 120
4855 26 151 121
4856 27 1 121
4857 28 1 115
4858 4 256 116
4859 5 209 116
4860 28 1 116
4861 30 238 116
4862 8 81 117
4863 9 106 117
4864 28 1 117
4865 32 192 117
4866 12 203 118
4867 13 228 118
4868 28 1 118
4869 34 176 118
4870 16 36 119
4871 17 191 119
4872 28 1 119
4873 36 139 119
4874 20 231 120
4875 21 102 120
4876 28 1 120
4877 38 170 120
4878 24 187 121
4879 25 49 121
4880 28 1 121
4881 40 178 121
4882 28 1 122
4883 29 1 116
4884 6 107 117
4885 7 253 117
4886 29 1 117
4887 31 175 117
4888 10 225 118
4889 11 66 118
4890 29 1 118
4891 33 86 118
4892 14 138 119
4893 15 17 119
4894 29 1 119
4895 35 20 119
4896 18 16 120
4897 19 142 120
4898 29 1 120
4899 37 234 120
4900 22 48 121
4901 23 128 121
4902 29 1 121
4903 39 253 121
4904 26 197 122
4905 27 42 122
4906 29 1 122
4907 41 1 122
4908 30 1 117
4909 8 108 118
4910 9 44 118
4911 30 1 118
4912 32 64 118
4913 12 101 119
4914 13 129 119
4915 30 1 119
4916 34 236 119
4917 16 4 120
4918 17 183 120
4919 30 1 120
4920 36 30 120
4921 20 85 121
4922 21 144 121
4923 30 1 121
4924 38 211 121
4925 24 244 122
4926 25 51 122
4927 30 1 122
4928 40 243 122
4929 28 54 123
4930 29 65 123
4931 30 1 123
4932 31 1 118
4933 10 193 119
4934 11 12 119
4935 31 1 119
4936 33 206 119
4937 14 246 120
4938 15 103 120
4939 31 1 120
4940 35 179 120
4941 18 145 121
4942 19 16 121
4943 31 1 121
4944 37 23 121
4945 22 128 122
4946 23 108 122
4947 31 1 122
4948 39 85 122
4949 26 244 123
4950 27 51 123
4951 31 1 123
4952 41 25 123
4953 30 72 124
4954 31 1 124
4955 32 1 119
4956 12 98 120
4957 13 78 120
4958 32 1 120
4959 34 29 120
4960 16 143 121
4961 17 203 121
4962 32 1 121
4963 36 120 121
4964 20 57 122
4965 21 102 122
4966 32 1 122
4967 38 191 122
4968 24 188 123
4969 25 255 123
4970 32 1 123
4971 40 27 123
4972 28 241 124
4973 29 43 124
4974 32 1 124
4975 42 150 124
4976 32 1 125
4977 33 1 120
4978 14 49 121
4979 15 39 121
4980 33 1 121
4981 35 108 121
4982 18 181 122
4983 19 221 122
4984 33 1 122
4985 37 236 122
4986 22 82 123
4987 23 25 123
4988 33 1 123
4989 39 147 123
4990 26 68 124
4991 27 218 124
4992 33 1 124
4993 41 173 124
4994 30 233 125
4995 31 193 125
4996 33 1 125
4997 43 108 125
4998 34 1 121
4999 16 58 122
5000 17 214 122
5001 34 1 122
5002 36 250 122
5003 20 13 123
5004 21 182 123
5005 34 1 123
5006 38 229 123
5007 24 156 124
5008 25 198 124
5009 34 1 124
5010 40 193 124
5011 28 193 125
5012 29 203 125
5013 34 1 125
5014 42 5 125
5015 32 190 126
5016 33 164 126
5017 34 1 126
5018 35 1 122
5019 18 245 123
5020 19 195 123
5021 35 1 123
5022 37 112 123
5023 22 13 124
5024 23 182 124
5025 35 1 124
5026 39 102 124
5027 26 17 125
5028 27 71 125
5029 35 1 125
5030 41 28 125
5031 30 236 126
5032 31 167 126
5033 35 1 126
5034 43 104 126
5035 34 161 127
5036 35 1 127
5037 36 1 123
5038 20 155 124
5039 21 244 124
5040 36 1 124
5041 38 128 124
5042 24 67 125
5043 25 167 125
5044 36 1 125
5045 40 40 125
5046 28 125 126
5047 29 129 126
5048 36 1 126
5049 42 56 126
5050 32 215 127
5051 33 77 127
5052 36 1 127
5053 44 6 127
5054 36 1 128
5055 37 1 124
5056 22 78 125
5057 23 146 125
5058 37 1 125
5059 39 207 125
5060 26 59 126
5061 27 55 126
5062 37 1 126
5063 41 172 126
5064 30 15 127
5065 31 108 127
5066 37 1 127
5067 43 226 127
5068 34 2 128
5069 35 82 128
5070 37 1 128
5071 45 54 128
5072 38 1 125
5073 24 104 126
5074 25 109 126
5075 38 1 126
5076 40 113 126
5077 28 1 127
5078 29 14 127
5079 38 1 127
5080 42 1 127
5081 32 243 128
5082 33 2 128
5083 38 1 128
5084 44 51 128
5085 36 120 129
5086 37 37 129
5087 38 1 129
5088 39 1 126
5089 26 90 127
5090 27 208 127
5091 39 1 127
5092 41 227 127
5093 30 2 128
5094 31 28 128
5095 39 1 128
5096 43 75 128
5097 34 15 129
5098 35 108 129
5099 39 1 129
5100 45 153 129
5101 38 163 130
5102 39 1 130
5103 40 1 127
5104 28 8 128
5105 29 127 128
5106 40 1 128
5107 42 221 128
5108 32 215 129
5109 33 183 129
5110 40 1 129
5111 44 125 129
5112 36 218 130
5113 37 79 130
5114 40 1 130
5115 46 98 130
5116 40 1 131
5117 41 1 128
5118 30 103 129
5119 31 61 129
5120 41 1 129
5121 43 213 129
5122 34 88 130
5123 35 204 130
5124 41 1 130
5125 45 225 130
5126 38 175 131
5127 39 232 131
5128 41 1 131
5129 47 172 131
5130 42 1 129
5131 32 122 130
5132 33 202 130
5133 42 1 130
5134 44 202 130
5135 36 122 131
5136 37 166 131
5137 42 1 131
5138 46 193 131
5139 40 29 132
5140 41 106 132
5141 42 1 132
5142 43 1 130
5143 34 109 131
5144 35 92 131
5145 43 1 131
5146 45 223 131
5147 38 231 132
5148 39 150 132
5149 43 1 132
5150 47 22 132
5151 42 250 133
5152 43 1 133
5153 44 1 131
5154 36 102 132
5155 37 13 132
5156 44 1 132
5157 46 126 132
5158 40 94 133
5159 41 31 133
5160 44 1 133
5161 48 66 133
5162 44 1 134
5163 45 1 132
5164 38 48 133
5165 39 248 133
5166 45 1 133
5167 47 125 133
5168 42 50 134
5169 43 186 134
5170 45 1 134
5171 49 73 134
5172 46 1 133
5173 40 100 134
5174 41 174 134
5175 46 1 134
5176 48 59 134
5177 44 123 135
5178 45 180 135
5179 46 1 135
5180 47 1 134
5181 42 205 135
5182 43 74 135
5183 47 1 135
5184 49 184 135
5185 46 202 136
5186 47 1 136
5187 48 1 135
5188 44 98 136
5189 45 78 136
5190 48 1 136
5191 50 111 136
5192 48 1 137
5193 49 1 136
5194 46 1 137
5195 47 48 137
5196 49 1 137
5197 51 76 137
5198 50 1 137
5199 48 186 138
5200 49 190 138
5201 50 1 138
5202 51 1 138
5203 50 166 139
5204 51 1 139
5205 52 1 139
5206 52 1 140
5207 53 1 140
5208 54 173 142
5209 53 229 141
5210 52 162 141
5211 51 54 140
5212 50 18 140
5213 49 6 139
5214 48 2 139
5215 47 172 138
5216 46 143 138
5217 45 219 137
5218 44 73 137
5219 43 110 136
5220 42 208 136
5221 41 155 135
5222 40 223 135
5223 39 160 134
5224 38 139 134
5225 37 132 133
5226 36 44 133
5227 35 186 132
5228 34 62 132
5229 33 192 131
5230 32 64 131
5231 31 107 130
5232 30 207 130
5233 29 69 129
5234 28 23 129
5235 27 179 128
5236 26 231 128
5237 25 77 127
5238 24 197 127
5239 23 237 126
5240 22 79 126
5241 21 112 125
5242 20 123 125
5243 19 41 124
5244 18 185 124
5245 17 233 123
5246 16 249 123
5247 15 83 122
5248 14 199 122
5249 13 152 121
5250 12 222 121
5251 11 74 120
5252 55 173 143
5253 54 229 143
5254 53 162 142
5255 52 54 142
5256 51 18 141
5257 50 6 141
5258 49 2 140
5259 48 172 140
5260 47 143 139
5261 46 219 139
5262 45 73 138
5263 44 110 138
5264 43 208 137
5265 42 155 137
5266 41 223 136
5267 40 160 136
5268 39 139 135
5269 38 132 135
5270 37 44 134
5271 36 186 134
5272 35 62 133
5273 34 192 133
5274 33 64 132
5275 32 107 132
5276 31 207 131
5277 30 69 131
5278 29 23 130
5279 28 179 130
5280 27 231 129
5281 26 77 129
5282 25 197 128
5283 24 237 128
5284 23 79 127
5285 22 112 127
5286 21 123 126
5287 20 41 126
5288 19 185 125
5289 18 233 125
5290 17 249 124
5291 16 83 124
5292 15 199 123
5293 14 152 123
5294 13 222 122
5295 56 173 145
5296 55 229 144
5297 54 162 144
5298 53 54 143
5299 52 18 143
5300 51 6 142
5301 50 2 142
5302 49 172 141
5303 48 143 141
5304 47 219 140
5305 46 73 140
5306 45 110 139
5307 44 208 139
5308 43 155 138
5309 42 223 138
5310 41 160 137
5311 40 139 137
5312 39 132 136
5313 38 44 136
5314 37 186 135
5315 36 62 135
5316 35 192 134
5317 34 64 134
5318 33 107 133
5319 32 207 133
5320 31 69 132
5321 30 23 132
5322 29 179 131
5323 28 231 131
5324 27 77 130
5325 26 197 130
5326 25 237 129
5327 24 79 129
5328 23 112 128
5329 22 123 128
5330 21 41 127
5331 20 185 127
5332 19 233 126
5333 18 249 126
5334 17 83 125
5335 16 199 125
5336 15 152 124
5337 57 173 146
5338 56 229 146
5339 55 162 145
5340 54 54 145
5341 53 18 144
5342 52 6 144
5343 51 2 143
5344 50 172 143
5345 49 143 142
5346 48 219 142
5347 47 73 141
5348 46 110 141
5349 45 208 140
5350 44 155 140
5351 43 223 139
5352 42 160 139
5353 41 139 138
5354 40 132 138
5355 39 44 137
5356 38 186 137
5357 37 62 136
5358 36 192 136
5359 35 64 135
5360 34 107 135
5361 33 207 134
5362 32 69 134
5363 31 23 133
5364 30 179 133
5365 29 231 132
5366 28 77 132
5367 27 197 131
5368 26 237 131
5369 25 79 130
5370 24 112 130
5371 23 123 129
5372 22 41 129
5373 21 185 128
5374 20 233 128
5375 19 249 127
5376 18 83 127
5377 17 199 126
5378 58 173 148
5379 57 229 147
5380 56 162 147
5381 55 54 146
5382 54 18 146
5383 53 6 145
5384 52 2 145
5385 51 172 144
5386 50 143 144
5387 49 219 143
5388 48 73 143
5389 47 110 142
5390 46 208 142
5391 45 155 141
5392 44 223 141
5393 43 160 140
5394 42 139 140
5395 41 132 139
5396 40 44 139
5397 39 186 138
5398 38 62 138
5399 37 192 137
5400 36 64 137
5401 35 107 136
5402 34 207 136
5403 33 69 135
5404 32 23 135
5405 31 179 134
5406 30 231 134
5407 29 77 133
5408 28 197 133
5409 27 237 132
5410 26 79 132
5411 25 112 131
5412 24 123 131
5413 23 41 130
5414 22 185 130
5415 21 233 129
5416 20 249 129
5417 19 83 128
5418 59 173 149
5419 58 229 149
5420 57 162 148
5421 56 54 148
5422 55 18 147
5423 54 6 147
5424 53 2 146
5425 52 172 146
5426 51 143 145
5427 50 219 145
5428 49 73 144
5429 48 110 144
5430 47 208 143
5431 46 155 143
5432 45 223 142
5433 44 160 142
5434 43 139 141
5435 42 132 141
5436 41 44 140
5437 40 186 140
5438 39 62 139
5439 38 192 139
5440 37 64 138
5441 36 107 138
5442 35 207 137
5443 34 69 137
5444 33 23 136
5445 32 179 136
5446 31 231 135
5447 30 77 135
5448 29 197 134
5449 28 237 134
5450 27 79 133
5451 26 112 133
5452 25 123 132
5453 24 41 132
5454 23 185 131
5455 22 233 131
5456 21 249 130
5457 60 173 151
5458 59 229 150
5459 58 162 150
5460 57 54 149
5461 56 18 149
5462 55 6 148
5463 54 2 148
5464 53 172 147
5465 52 143 147
5466 51 219 146
5467 50 73 146
5468 49 110 145
5469 48 208 145
5470 47 155 144
5471 46 223 144
5472 45 160 143
5473 44 139 143
5474 43 132 142
5475 42 44 142
5476 41 186 141
5477 40 62 141
5478 39 192 140
5479 38 64 140
5480 37 107 139
5481 36 207 139
5482 35 69 138
5483 34 23 138
5484 33 179 137
5485 32 231 137
5486 31 77 136
5487 30 197 136
5488 29 237 135
5489 28 79 135
5490 27 112 134
5491 26 123 134
5492 25 41 133
5493 24 185 133
5494 23 233 132
5495 61 173 152
5496 60 229 152
5497 59 162 151
5498 58 54 151
5499 57 18 150
5500 56 6 150
5501 55 2 149
5502 54 172 149
5503 53 143 148
5504 52 219 148
5505 51 73 147
5506 50 110 147
5507 49 208 146
5508 48 155 146
5509 47 223 145
5510 46 160 145
5511 45 139 144
5512 44 132 144
5513 43 44 143
5514 42 186 143
5515 41 62 142
5516 40 192 142
5517 39 64 141
5518 38 107 141
5519 37 207 140
5520 36 69 140
5521 35 23 139
5522 34 179 139
5523 33 231 138
5524 32 77 138
5525 31 197 137
5526 30 237 137
5527 29 79 136
5528 28 112 136
5529 27 123 135
5530 26 41 135
5531 25 185 134
5532 62 173 154
5533 61 229 153
5534 60 162 153
5535 59 54 152
5536 58 18 152
5537 57 6 151
5538 56 2 151
5539 55 172 150
5540 54 143 150
5541 53 219 149
5542 52 73 149
5543 51 110 148
5544 50 208 148
5545 49 155 147
5546 48 223 147
5547 47 160 146
5548 46 139 146
5549 45 132 145
5550 44 44 145
5551 43 186 144
5552 42 62 144
5553 41 192 143
5554 40 64 143
5555 39 107 142
5556 38 207 142
5557 37 69 141
5558 36 23 141
5559 35 179 140
5560 34 231 140
5561 33 77 139
5562 32 197 139
5563 31 237 138
5564 30 79 138
5565 29 112 137
5566 28 123 137
5567 27 41 136
5568 63 173 155
5569 62 229 155
5570 61 162 154
5571 60 54 154
5572 59 18 153
5573 58 6 153
5574 57 2 152
5575 56 172 152
5576 55 143 151
5577 54 219 151
5578 53 73 150
5579 52 110 150
5580 51 208 149
5581 50 155 149
5582 49 223 148
5583 48 160 148
5584 47 139 147
5585 46 132 147
5586 45 44 146
5587 44 186 146
5588 43 62 145
5589 42 192 145
5590 41 64 144
5591 40 107 144
5592 39 207 143
5593 38 69 143
5594 37 23 142
5595 36 179 142
5596 35 231 141
5597 34 77 141
5598 33 197 140
5599 32 237 140
5600 31 79 139
5601 30 112 139
5602 29 123 138
5603 64 173 157
5604 63 229 156
5605 62 162 156
5606 61 54 155
5607 60 18 155
5608 59 6 154
5609 58 2 154
5610 57 172 153
5611 56 143 153
5612 55 219 152
5613 54 73 152
5614 53 110 151
5615 52 208 151
5616 51 155 150
5617 50 223 150
5618 49 160 149
5619 48 139 149
5620 47 132 148
5621 46 44 148
5622 45 186 147
5623 44 62 147
5624 43 192 146
5625 42 64 146
5626 41 107 145
5627 40 207 145
5628 39 69 144
5629 38 23 144
5630 37 179 143
5631 36 231 143
5632 35 77 142
5633 34 197 142
5634 33 237 141
5635 32 79 141
5636 31 112 140
5637 65 173 158
5638 64 229 158
5639 63 162 157
5640 62 54 157
5641 61 18 156
5642 60 6 156
5643 59 2 155
5644 58 172 155
5645 57 143 154
5646 56 219 154
5647 55 73 153
5648 54 110 153
5649 53 208 152
5650 52 155 152
5651 51 223 151
5652 50 160 151
5653 49 139 150
5654 48 132 150
5655 47 44 149
5656 46 186 149
5657 45 62 148
5658 44 192 148
5659 43 64 147
5660 42 107 147
5661 41 207 146
5662 40 69 146
5663 39 23 145
5664 38 179 145
5665 37 231 144
5666 36 77 144
5667 35 197 143
5668 34 237 143
5669 33 79 142
5670 66 173 160
5671 65 229 159
5672 64 162 159
5673 63 54 158
5674 62 18 158
5675 61 6 157
5676 60 2 157
5677 59 172 156
5678 58 143 156
5679 57 219 155
5680 56 73 155
5681 55 110 154
5682 54 208 154
5683 53 155 153
5684 52 223 153
5685 51 160 152
5686 50 139 152
5687 49 132 151
5688 48 44 151
5689 47 186 150
5690 46 62 150
5691 45 192 149
5692 44 64 149
5693 43 107 148
5694 42 207 148
5695 41 69 147
5696 40 23 147
5697 39 179 146
5698 38 231 146
5699 37 77 145
5700 36 197 145
5701 35 237 144
5702 67 173 161
5703 66 229 161
5704 65 162 160
5705 64 54 160
5706 63 18 159
5707 62 6 159
5708 61 2 158
5709 60 172 158
5710 59 143 157
5711 58 219 157
5712 57 73 156
5713 56 110 156
5714 55 208 155
5715 54 155 155
5716 53 223 154
5717 52 160 154
5718 51 139 153
5719 50 132 153
5720 49 44 152
5721 48 186 152
5722 47 62 151
5723 46 192 151
5724 45 64 150
5725 44 107 150
5726 43 207 149
5727 42 69 149
5728 41 23 148
5729 40 179 148
5730 39 231 147
5731 38 77 147
5732 37 197 146
5733 68 173 163
5734 67 229 162
5735 66 162 162
5736 65 54 161
5737 64 18 161
5738 63 6 160
5739 62 2 160
5740 61 172 159
5741 60 143 159
5742 59 219 158
5743 58 73 158
5744 57 110 157
5745 56 208 157
5746 55 155 156
5747 54 223 156
5748 53 160 155
5749 52 139 155
5750 51 132 154
5751 50 44 154
5752 49 186 153
5753 48 62 153
5754 47 192 152
5755 46 64 152
5756 45 107 151
5757 44 207 151
5758 43 69 150
5759 42 23 150
5760 41 179 149
5761 40 231 149
5762 39 77 148
5763 69 173 164
5764 68 229 164
5765 67 162 163
5766 66 54 163
5767 65 18 162
5768 64 6 162
5769 63 2 161
5770 62 172 161
5771 61 143 160
5772 60 219 160
5773 59 73 159
5774 58 110 159
5775 57 208 158
5776 56 155 158
5777 55 223 157
5778 54 160 157
5779 53 139 156
5780 52 132 156
5781 51 44 155
5782 50 186 155
5783 49 62 154
5784 48 192 154
5785 47 64 153
5786 46 107 153
5787 45 207 152
5788 44 69 152
5789 43 23 151
5790 42 179 151
5791 41 231 150
5792 70 173 166
5793 69 229 165
5794 68 162 165
5795 67 54 164
5796 66 18 164
5797 65 6 163
5798 64 2 163
5799 63 172 162
5800 62 143 162
5801 61 219 161
5802 60 73 161
5803 59 110 160
5804 58 208 160
5805 57 155 159
5806 56 223 159
5807 55 160 158
5808 54 139 158
5809 53 132 157
5810 52 44 157
5811 51 186 156
5812 50 62 156
5813 49 192 155
5814 48 64 155
5815 47 107 154
5816 46 207 154
5817 45 69 153
5818 44 23 153
5819 43 179 152
5820 71 173 167
5821 70 229 167
5822 69 162 166
5823 68 54 166
5824 67 18 165
5825 66 6 165
5826 65 2 164
5827 64 172 164
5828 63 143 163
5829 62 219 163
5830 61 73 162
5831 60 110 162
5832 59 208 161
5833 58 155 161
5834 57 223 160
5835 56 160 160
5836 55 139 159
5837 54 132 159
5838 53 44 158
5839 52 186 158
5840 51 62 157
5841 50 192 157
5842 49 64 156
5843 48 107 156
5844 47 207 155
5845 46 69 155
5846 45 23 154
5847 72 173 169
5848 71 229 168
5849 70 162 168
5850 69 54 167
5851 68 18 167
5852 67 6 166
5853 66 2 166
5854 65 172 165
5855 64 143 165
5856 63 219 164
5857 62 73 164
5858 61 110 163
5859 60 208 163
5860 59 155 162
5861 58 223 162
5862 57 160 161
5863 56 139 161
5864 55 132 160
5865 54 44 160
5866 53 186 159
5867 52 62 159
5868 51 192 158
5869 50 64 158
5870 49 107 157
5871 48 207 157
5872 47 69 156
5873 73 173 170
5874 72 229 170
5875 71 162 169
5876 70 54 169
5877 69 18 168
5878 68 6 168
5879 67 2 167
5880 66 172 167
5881 65 143 166
5882 64 219 166
5883 63 73 165
5884 62 110 165
5885 61 208 164
5886 60 155 164
5887 59 223 163
5888 58 160 163
5889 57 139 162
5890 56 132 162
5891 55 44 161
5892 54 186 161
5893 53 62 160
5894 52 192 160
5895 51 64 159
5896 50 107 159
5897 49 207 158
5898 74 173 172
5899 73 229 171
5900 72 162 171
5901 71 54 170
5902 70 18 170
5903 69 6 169
5904 68 2 169
5905 67 172 168
5906 66 143 168
5907 65 219 167
5908 64 73 167
5909 63 110 166
5910 62 208 166
5911 61 155 165
5912 60 223 165
5913 59 160 164
5914 58 139 164
5915 57 132 163
5916 56 44 163
5917 55 186 162
5918 54 62 162
5919 53 192 161
5920 52 64 161
5921 51 107 160
5922 75 173 173
5923 74 229 173
5924 73 162 172
5925 72 54 172
5926 71 18 171
5927 70 6 171
5928 69 2 170
5929 68 172 170
5930 67 143 169
5931 66 219 169
5932 65 73 168
5933 64 110 168
5934 63 208 167
5935 62 155 167
5936 61 223 166
5937 60 160 166
5938 59 139 165
5939 58 132 165
5940 57 44 164
5941 56 186 164
5942 55 62 163
5943 54 192 163
5944 53 64 162
5945 76 173 175
5946 75 229 174
5947 74 162 174
5948 73 54 173
5949 72 18 173
5950 71 6 172
5951 70 2 172
5952 69 172 171
5953 68 143 171
5954 67 219 170
5955 66 73 170
5956 65 110 169
5957 64 208 169
5958 63 155 168
5959 62 223 168
5960 61 160 167
5961 60 139 167
5962 59 132 166
5963 58 44 166
5964 57 186 165
5965 56 62 165
5966 55 192 164
5967 77 173 176
5968 76 229 176
5969 75 162 175
5970 74 54 175
5971 73 18 174
5972 72 6 174
5973 71 2 173
5974 70 172 173
5975 69 143 172
5976 68 219 172
5977 67 73 171
5978 66 110 171
5979 65 208 170
5980 64 155 170
5981 63 223 169
5982 62 160 169
5983 61 139 168
5984 60 132 168
5985 59 44 167
5986 58 186 167
5987 57 62 166
5988 78 173 178
5989 77 229 177
5990 76 162 177
5991 75 54 176
5992 74 18 176
5993 73 6 175
5994 72 2 175
5995 71 172 174
5996 70 143 174
5997 69 219 173
5998 68 73 173
5999 67 110 172
6000 66 208 172
6001 65 155 171
6002 64 223 171
6003 63 160 170
6004 62 139 170
6005 61 132 169
6006 60 44 169
6007 59 186 168
6008 79 173 179
6009 78 229 179
6010 77 162 178
6011 76 54 178
6012 75 18 177
6013 74 6 177
6014 73 2 176
6015 72 172 176
6016 71 143 175
6017 70 219 175
6018 69 73 174
6019 68 110 174
6020 67 208 173
6021 66 155 173
6022 65 223 172
6023 64 160 172
6024 63 139 171
6025 62 132 171
6026 61 44 170
6027 80 173 181
6028 79 229 180
6029 78 162 180
6030 77 54 179
6031 76 18 179
6032 75 6 178
6033 74 2 178
6034 73 172 177
6035 72 143 177
6036 71 219 176
6037 70 73 176
6038 69 110 175
6039 68 208 175
6040 67 155 174
6041 66 223 174
6042 65 160 173
6043 64 139 173
6044 63 132 172
6045 81 173 182
6046 80 229 182
6047 79 162 181
6048 78 54 181
6049 77 18 180
6050 76 6 180
6051 75 2 179
6052 74 172 179
6053 73 143 178
6054 72 219 178
6055 71 73 177
6056 70 110 177
6057 69 208 176
6058 68 155 176
6059 67 223 175
6060 66 160 175
6061 65 139 174
6062 82 173 184
6063 81 229 183
6064 80 162 183
6065 79 54 182
6066 78 18 182
6067 77 6 181
6068 76 2 181
6069 75 172 180
6070 74 143 180
6071 73 219 179
6072 72 73 179
6073 71 110 178
6074 70 208 178
6075 69 155 177
6076 68 223 177
6077 67 160 176
6078 83 173 185
6079 82 229 185
6080 81 162 184
6081 80 54 184
6082 79 18 183
6083 78 6 183
6084 77 2 182
6085 76 172 182
6086 75 143 181
6087 74 219 181
6088 73 73 180
6089 72 110 180
6090 71 208 179
6091 70 155 179
6092 69 223 178
6093 84 173 187
6094 83 229 186
6095 82 162 186
6096 81 54 185
6097 80 18 185
6098 79 6 184
6099 78 2 184
6100 77 172 183
6101 76 143 183
6102 75 219 182
6103 74 73 182
6104 73 110 181
6105 72 208 181
6106 71 155 180
6107 85 173 188
6108 84 229 188
6109 83 162 187
6110 82 54 187
6111 81 18 186
6112 80 6 186
6113 79 2 185
6114 78 172 185
6115 77 143 184
6116 76 219 184
6117 75 73 183
6118 74 110 183
6119 73 208 182
6120 86 173 190
6121 85 229 189
6122 84 162 189
6123 83 54 188
6124 82 18 188
6125 81 6 187
6126 80 2 187
6127 79 172 186
6128 78 143 186
6129 77 219 185
6130 76 73 185
6131 75 110 184
6132 87 173 191
6133 86 229 191
6134 85 162 190
6135 84 54 190
6136 83 18 189
6137 82 6 189
6138 81 2 188
6139 80 172 188
6140 79 143 187
6141 78 219 187
6142 77 73 186
6143 88 173 193
6144 87 229 192
6145 86 162 192
6146 85 54 191
6147 84 18 191
6148 83 6 190
6149 82 2 190
6150 81 172 189
6151 80 143 189
6152 79 219 188
6153 89 173 194
6154 88 229 194
6155 87 162 193
6156 86 54 193
6157 85 18 192
6158 84 6 192
6159 83 2 191
6160 82 172 191
6161 81 143 190
6162 90 173 196
6163 89 229 195
6164 88 162 195
6165 87 54 194
6166 86 18 194
6167 85 6 193
6168 84 2 193
6169 83 172 192
6170 91 173 197
6171 90 229 197
6172 89 162 196
6173 88 54 196
6174 87 18 195
6175 86 6 195
6176 85 2 194
6177 92 173 199
6178 91 229 198
6179 90 162 198
6180 89 54 197
6181 88 18 197
6182 87 6 196
6183 93 173 200
6184 92 229 200
6185 91 162 199
6186 90 54 199
6187 89 18 198
6188 94 173 202
6189 93 229 201
6190 92 162 201
6191 91 54 200
6192 95 173 203
6193 94 229 203
6194 93 162 202
6195 96 173 205
6196 95 229 204
6197 97 173 206
6198 98 241 208
6199 96 253 206
6200 94 256 204
6201 92 64 202
6202 90 16 200
6203 88 4 198
6204 86 1 196
6205 84 193 194
6206 82 241 192
6207 80 253 190
6208 78 256 188
6209 76 64 186
6210 74 16 184
6211 72 4 182
6212 70 1 180
6213 68 193 178
6214 66 241 176
6215 64 253 174
6216 62 256 172
6217 60 64 170
6218 58 16 168
6219 56 4 166
6220 54 1 164
6221 52 193 162
6222 50 241 160
6223 48 253 158
6224 46 256 156
6225 44 64 154
6226 42 16 152
6227 40 4 150
6228 38 1 148
6229 36 193 146
6230 34 241 144
6231 32 253 142
6232 30 256 140
6233 28 64 138
6234 26 16 136
6235 24 4 134
6236 22 1 132
6237 20 193 130
6238 18 241 128
6239 16 253 126
6240 14 256 124
6241 99 241 209
6242 97 253 207
6243 95 256 205
6244 93 64 203
6245 91 16 201
6246 89 4 199
6247 87 1 197
6248 85 193 195
6249 83 241 193
6250 81 253 191
6251 79 256 189
6252 77 64 187
6253 75 16 185
6254 73 4 183
6255 71 1 181
6256 69 193 179
6257 67 241 177
6258 65 253 175
6259 63 256 173
6260 61 64 171
6261 59 16 169
6262 57 4 167
6263 55 1 165
6264 53 193 163
6265 51 241 161
6266 49 253 159
6267 47 256 157
6268 45 64 155
6269 43 16 153
6270 41 4 151
6271 39 1 149
6272 37 193 147
6273 35 241 145
6274 33 253 143
6275 31 256 141
6276 29 64 139
6277 27 16 137
6278 25 4 135
6279 23 1 133
6280 21 193 131
6281 19 241 129
6282 100 241 211
6283 98 253 209
6284 96 256 207
6285 94 64 205
6286 92 16 203
6287 90 4 201
6288 88 1 199
6289 86 193 197
6290 84 241 195
6291 82 253 193
6292 80 256 191
6293 78 64 189
6294 76 16 187
6295 74 4 185
6296 72 1 183
6297 70 193 181
6298 68 241 179
6299 66 253 177
6300 64 256 175
6301 62 64 173
6302 60 16 171
6303 58 4 169
6304 56 1 167
6305 54 193 165
6306 52 241 163
6307 50 253 161
6308 48 256 159
6309 46 64 157
6310 44 16 155
6311 42 4 153
6312 40 1 151
6313 38 193 149
6314 36 241 147
6315 34 253 145
6316 32 256 143
6317 30 64 141
6318 28 16 139
6319 26 4 137
6320 24 1 135
6321 101 241 212
6322 99 253 210
6323 97 256 208
6324 95 64 206
6325 93 16 204
6326 91 4 202
6327 89 1 200
6328 87 193 198
6329 85 241 196
6330 83 253 194
6331 81 256 192
6332 79 64 190
6333 77 16 188
6334 75 4 186
6335 73 1 184
6336 71 193 182
6337 69 241 180
6338 67 253 178
6339 65 256 176
6340 63 64 174
6341 61 16 172
6342 59 4 170
6343 57 1 168
6344 55 193 166
6345 53 241 164
6346 51 253 162
6347 49 256 160
6348 47 64 158
6349 45 16 156
6350 43 4 154
6351 41 1 152
6352 39 193 150
6353 37 241 148
6354 35 253 146
6355 33 256 144
6356 31 64 142
6357 29 16 140
6358 102 241 214
6359 100 253 212
6360 98 256 210
6361 96 64 208
6362 94 16 206
6363 92 4 204
6364 90 1 202
6365 88 193 200
6366 86 241 198
6367 84 253 196
6368 82 256 194
6369 80 64 192
6370 78 16 190
6371 76 4 188
6372 74 1 186
6373 72 193 184
6374 70 241 182
6375 68 253 180
6376 66 256 178
6377 64 64 176
6378 62 16 174
6379 60 4 172
6380 58 1 170
6381 56 193 168
6382 54 241 166
6383 52 253 164
6384 50 256 162
6385 48 64 160
6386 46 16 158
6387 44 4 156
6388 42 1 154
6389 40 193 152
6390 38 241 150
6391 36 253 148
6392 34 256 146
6393 103 241 215
6394 101 253 213
6395 99 256 211
6396 97 64 209
6397 95 16 207
6398 93 4 205
6399 91 1 203
6400 89 193 201
6401 87 241 199
6402 85 253 197
6403 83 256 195
6404 81 64 193
6405 79 16 191
6406 77 4 189
6407 75 1 187
6408 73 193 185
6409 71 241 183
6410 69 253 181
6411 67 256 179
6412 65 64 177
6413 63 16 175
6414 61 4 173
6415 59 1 171
6416 57 193 169
6417 55 241 167
6418 53 253 165
6419 51 256 163
6420 49 64 161
6421 47 16 159
6422 45 4 157
6423 43 1 155
6424 41 193 153
6425 39 241 151
6426 104 241 217
6427 102 253 215
6428 100 256 213
6429 98 64 211
6430 96 16 209
6431 94 4 207
6432 92 1 205
6433 90 193 203
6434 88 241 201
6435 86 253 199
6436 84 256 197
6437 82 64 195
6438 80 16 193
6439 78 4 191
6440 76 1 189
6441 74 193 187
6442 72 241 185
6443 70 253 183
6444 68 256 181
6445 66 64 179
6446 64 16 177
6447 62 4 175
6448 60 1 173
6449 58 193 171
6450 56 241 169
6451 54 253 167
6452 52 256 165
6453 50 64 163
6454 48 16 161
6455 46 4 159
6456 44 1 157
6457 105 241 218
6458 103 253 216
6459 101 256 214
6460 99 64 212
6461 97 16 210
6462 95 4 208
6463 93 1 206
6464 91 193 204
6465 89 241 202
6466 87 253 200
6467 85 256 198
6468 83 64 196
6469 81 16 194
6470 79 4 192
6471 77 1 190
6472 75 193 188
6473 73 241 186
6474 71 253 184
6475 69 256 182
6476 67 64 180
6477 65 16 178
6478 63 4 176
6479 61 1 174
6480 59 193 172
6481 57 241 170
6482 55 253 168
6483 53 256 166
6484 51 64 164
6485 49 16 162
6486 106 241 220
6487 104 253 218
6488 102 256 216
6489 100 64 214
6490 98 16 212
6491 96 4 210
6492 94 1 208
6493 92 193 206
6494 90 241 204
6495 88 253 202
6496 86 256 200
6497 84 64 198
6498 82 16 196
6499 80 4 194
6500 78 1 192
6501 76 193 190
6502 74 241 188
6503 72 253 186
6504 70 256 184
6505 68 64 182
6506 66 16 180
6507 64 4 178
6508 62 1 176
6509 60 193 174
6510 58 241 172
6511 56 253 170
6512 54 256 168
6513 107 241 221
6514 105 253 219
6515 103 256 217
6516 101 64 215
6517 99 16 213
6518 97 4 211
6519 95 1 209
6520 93 193 207
6521 91 241 205
6522 89 253 203
6523 87 256 201
6524 85 64 199
6525 83 16 197
6526 81 4 195
6527 79 1 193
6528 77 193 191
6529 75 241 189
6530 73 253 187
6531 71 256 185
6532 69 64 183
6533 67 16 181
6534 65 4 179
6535 63 1 177
6536 61 193 175
6537 59 241 173
6538 108 241 223
6539 106 253 221
6540 104 256 219
6541 102 64 217
6542 100 16 215
6543 98 4 213
6544 96 1 211
6545 94 193 209
6546 92 241 207
6547 90 253 205
6548 88 256 203
6549 86 64 201
6550 84 16 199
6551 82 4 197
6552 80 1 195
6553 78 193 193
6554 76 241 191
6555 74 253 189
6556 72 256 187
6557 70 64 185
6558 68 16 183
6559 66 4 181
6560 64 1 179
6561 109 241 224
6562 107 253 222
6563 105 256 220
6564 103 64 218
6565 101 16 216
6566 99 4 214
6567 97 1 212
6568 95 193 210
6569 93 241 208
6570 91 253 206
6571 89 256 204
6572 87 64 202
6573 85 16 200
6574 83 4 198
6575 81 1 196
6576 79 193 194
6577 77 241 192
6578 75 253 190
6579 73 256 188
6580 71 64 186
6581 69 16 184
6582 110 241 226
6583 108 253 224
6584 106 256 222
6585 104 64 220
6586 102 16 218
6587 100 4 216
6588 98 1 214
6589 96 193 212
6590 94 241 210
6591 92 253 208
6592 90 256 206
6593 88 64 204
6594 86 16 202
6595 84 4 200
6596 82 1 198
6597 80 193 196
6598 78 241 194
6599 76 253 192
6600 74 256 190
6601 111 241 227
6602 109 253 225
6603 107 256 223
6604 105 64 221
6605 103 16 219
6606 101 4 217
6607 99 1 215
6608 97 193 213
6609 95 241 211
6610 93 253 209
6611 91 256 207
6612 89 64 205
6613 87 16 203
6614 85 4 201
6615 83 1 199
6616 81 193 197
6617 79 241 195
6618 112 241 229
6619 110 253 227
6620 108 256 225
6621 106 64 223
6622 104 16 221
6623 102 4 219
6624 100 1 217
6625 98 193 215
6626 96 241 213
6627 94 253 211
6628 92 256 209
6629 90 64 207
6630 88 16 205
6631 86 4 203
6632 84 1 201
6633 113 241 230
6634 111 253 228
6635 109 256 226
6636 107 64 224
6637 105 16 222
6638 103 4 220
6639 101 1 218
6640 99 193 216
6641 97 241 214
6642 95 253 212
6643 93 256 210
6644 91 64 208
6645 89 16 206
6646 114 241 232
6647 112 253 230
6648 110 256 228
6649 108 64 226
6650 106 16 224
6651 104 4 222
6652 102 1 220
6653 100 193 218
6654 98 241 216
6655 96 253 214
6656 94 256 212
6657 115 241 233
6658 113 253 231
6659 111 256 229
6660 109 64 227
6661 107 16 225
6662 105 4 223
6663 103 1 221
6664 101 193 219
6665 99 241 217
6666 116 241 235
6667 114 253 233
6668 112 256 231
6669 110 64 229
6670 108 16 227
6671 106 4 225
6672 104 1 223
6673 117 241 236
6674 115 253 234
6675 113 256 232
6676 111 64 230
6677 109 16 228
6678 118 241 238
6679 116 253 236
6680 114 256 234
6681 119 241 239
6682 0 193 116
6683 0 193 117
6684 0 193 118
6685 0 193 119
6686 0 193 120
6687 0 193 121
6688 0 193 122
6689 0 193 123
6690 0 193 124
6691 0 193 125
6692 0 193 126
6693 0 193 127
6694 0 193 128
6695 0 193 129
6696 0 193 130
6697 0 193 131
6698 0 193 132
6699 0 193 133
6700 0 193 134
6701 0 193 135
6702 0 193 136
6703 0 193 137
6704 0 193 138
6705 0 193 139
6706 0 193 140
6707 0 193 141
6708 0 193 142
6709 0 193 143
6710 0 193 144
6711 0 193 145
6712 0 193 146
6713 0 193 147
6714 0 193 148
6715 0 193 149
6716 0 193 150
6717 0 193 151
6718 0 193 152
6719 0 193 153
6720 0 193 154
6721 0 193 155
6722 0 193 156
6723 1 225 116
6724 1 225 117
6725 1 225 118
6726 1 225 119
6727 1 225 120
6728 1 225 121
6729 1 225 122
6730 1 225 123
6731 1 225 124
6732 1 225 125
6733 1 225 126
6734 1 225 127
6735 1 225 128
6736 1 225 129
6737 1 225 130
6738 1 225 131
6739 1 225 132
6740 1 225 133
6741 1 225 134
6742 1 225 135
6743 1 225 136
6744 1 225 137
6745 1 225 138
6746 1 225 139
6747 1 225 140
6748 1 225 141
6749 1 225 142
6750 1 225 143
6751 1 225 144
6752 1 225 145
6753 1 225 146
6754 1 225 147
6755 1 225 148
6756 1 225 149
6757 1 225 150
6758 1 225 151
6759 1 225 152
6760 1 225 153
6761 1 225 154
6762 1 225 155
6763 2 241 116
6764 2 241 117
6765 2 241 118
6766 2 241 119
6767 2 241 120
6768 2 241 121
6769 2 241 122
6770 2 241 123
6771 2 241 124
6772 2 241 125
6773 2 241 126
6774 2 241 127
6775 2 241 128
6776 2 241 129
6777 2 241 130
6778 2 241 131
6779 2 241 132
6780 2 241 133
6781 2 241 134
6782 2 241 135
6783 2 241 136
6784 2 241 137
6785 2 241 138
6786 2 241 139
6787 2 241 140
6788 2 241 141
6789 2 241 142
6790 2 241 143
6791 2 241 144
6792 2 241 145
6793 2 241 146
6794 2 241 147
6795 2 241 148
6796 2 241 149
6797 2 241 150
6798 2 241 151
6799 2 241 152
6800 2 241 153
6801 2 241 154
6802 3 249 116
6803 3 249 117
6804 3 249 118
6805 3 249 119
6806 3 249 120
6807 3 249 121
6808 3 249 122
6809 3 249 123
6810 3 249 124
6811 3 249 125
6812 3 249 126
6813 3 249 127
6814 3 249 128
6815 3 249 129
6816 3 249 130
6817 3 249 131
6818 3 249 132
6819 3 249 133
6820 3 249 134
6821 3 249 135
6822 3 249 136
6823 3 249 137
6824 3 249 138
6825 3 249 139
6826 3 249 140
6827 3 249 141
6828 3 249 142
6829 3 249 143
6830 3 249 144
6831 3 249 145
6832 3 249 146
6833 3 249 147
6834 3 249 148
6835 3 249 149
6836 3 249 150
6837 3 249 151
6838 3 249 152
6839 3 249 153
6840 4 249 117
6841 5 4 117
6842 4 253 118
6843 4 253 119
6844 4 253 120
6845 4 253 121
6846 4 253 122
6847 4 253 123
6848 4 253 124
6849 4 253 125
6850 4 253 126
6851 4 253 127
6852 4 253 128
6853 4 253 129
6854 4 253 130
6855 4 253 131
6856 4 253 132
6857 4 253 133
6858 4 253 134
6859 4 253 135
6860 4 253 136
6861 4 253 137
6862 4 253 138
6863 4 253 139
6864 4 253 140
6865 4 253 141
6866 4 253 142
6867 4 253 143
6868 4 253 144
6869 4 253 145
6870 4 253 146
6871 4 253 147
6872 4 253 148
6873 4 253 149
6874 4 253 150
6875 4 253 151
6876 4 253 152
6877 5 249 118
6878 6 4 118
6879 7 255 118
6880 5 255 119
6881 5 255 120
6882 5 255 121
6883 5 255 122
6884 5 255 123
6885 5 255 124
6886 5 255 125
6887 5 255 126
6888 5 255 127
6889 5 255 128
6890 5 255 129
6891 5 255 130
6892 5 255 131
6893 5 255 132
6894 5 255 133
6895 5 255 134
6896 5 255 135
6897 5 255 136
6898 5 255 137
6899 5 255 138
6900 5 255 139
6901 5 255 140
6902 5 255 141
6903 5 255 142
6904 5 255 143
6905 5 255 144
6906 5 255 145
6907 5 255 146
6908 5 255 147
6909 5 255 148
6910 5 255 149
6911 5 255 150
6912 5 255 151
6913 6 249 119
6914 7 4 119
6915 8 255 119
6916 9 1 119
6917 6 256 120
6918 6 256 121
6919 6 256 122
6920 6 256 123
6921 6 256 124
6922 6 256 125
6923 6 256 126
6924 6 256 127
6925 6 256 128
6926 6 256 129
6927 6 256 130
6928 6 256 131
6929 6 256 132
6930 6 256 133
6931 6 256 134
6932 6 256 135
6933 6 256 136
6934 6 256 137
6935 6 256 138
6936 6 256 139
6937 6 256 140
6938 6 256 141
6939 6 256 142
6940 6 256 143
6941 6 256 144
6942 6 256 145
6943 6 256 146
6944 6 256 147
6945 6 256 148
6946 6 256 149
6947 6 256 150
6948 7 249 120
6949 8 4 120
6950 9 255 120
6951 10 1 120
6952 7 256 121
6953 11 64 121
6954 7 128 122
6955 7 128 123
6956 7 128 124
6957 7 128 125
6958 7 128 126
6959 7 128 127
6960 7 128 128
6961 7 128 129
6962 7 128 130
6963 7 128 131
6964 7 128 132
6965 7 128 133
6966 7 128 134
6967 7 128 135
6968 7 128 136
6969 7 128 137
6970 7 128 138
6971 7 128 139
6972 7 128 140
6973 7 128 141
6974 7 128 142
6975 7 128 143
6976 7 128 144
6977 7 128 145
6978 7 128 146
6979 7 128 147
6980 7 128 148
6981 7 128 149
6982 8 249 121
6983 9 4 121
6984 10 255 121
6985 8 255 122
6986 11 129 122
6987 12 64 122
6988 8 128 123
6989 13 241 123
6990 8 64 124
6991 8 64 125
6992 8 64 126
6993 8 64 127
6994 8 64 128
6995 8 64 129
6996 8 64 130
6997 8 64 131
6998 8 64 132
6999 8 64 133
7000 8 64 134
7001 8 64 135
7002 8 64 136
7003 8 64 137
7004 8 64 138
7005 8 64 139
7006 8 64 140
7007 8 64 141
7008 8 64 142
7009 8 64 143
7010 8 64 144
7011 8 64 145
7012 8 64 146
7013 8 64 147
7014 8 64 148
7015 9 249 122
7016 10 4 122
7017 9 253 123
7018 11 256 123
7019 12 129 123
7020 9 256 124
7021 13 32 124
7022 9 128 125
7023 14 249 125
7024 15 4 125
7025 9 32 126
7026 9 32 127
7027 9 32 128
7028 9 32 129
7029 9 32 130
7030 9 32 131
7031 9 32 132
7032 9 32 133
7033 9 32 134
7034 9 32 135
7035 9 32 136
7036 9 32 137
7037 9 32 138
7038 9 32 139
7039 9 32 140
7040 9 32 141
7041 9 32 142
7042 9 32 143
7043 9 32 144
7044 9 32 145
7045 9 32 146
7046 9 32 147
7047 10 249 123
7048 10 249 124
7049 11 2 124
7050 12 256 124
7051 10 255 125
7052 13 193 125
7053 10 256 126
7054 14 16 126
7055 15 249 126
7056 10 64 127
7057 16 2 127
7058 17 256 127
7059 10 16 128
7060 10 16 129
7061 10 16 130
7062 10 16 131
7063 10 16 132
7064 10 16 133
7065 10 16 134
7066 10 16 135
7067 10 16 136
7068 10 16 137
7069 10 16 138
7070 10 16 139
7071 10 16 140
7072 10 16 141
7073 10 16 142
7074 10 16 143
7075 10 16 144
7076 10 16 145
7077 10 16 146
7078 11 249 125
7079 12 237 125
7080 11 94 126
7081 12 188 126
7082 13 128 126
7083 11 255 127
7084 14 225 127
7085 15 16 127
7086 11 128 128
7087 16 253 128
7088 17 2 128
7089 11 32 129
7090 18 128 129
7091 11 16 130
7092 19 225 130
7093 11 8 131
7094 11 8 132
7095 11 8 133
7096 11 8 134
7097 11 8 135
7098 11 8 136
7099 11 8 137
7100 11 8 138
7101 11 8 139
7102 11 8 140
7103 11 8 141
7104 11 8 142
7105 11 8 143
7106 11 8 144
7107 11 8 145
7108 12 249 127
7109 13 237 127
7110 12 94 128
7111 13 188 128
7112 14 128 128
7113 15 121 128
7114 12 195 129
7115 15 68 129
7116 16 8 129
7117 17 253 129
7118 12 64 130
7119 18 1 130
7120 12 32 131
7121 19 64 131
7122 20 225 131
7123 12 8 132
7124 21 8 132
7125 12 4 133
7126 12 4 134
7127 12 4 135
7128 12 4 136
7129 12 4 137
7130 12 4 138
7131 12 4 139
7132 12 4 140
7133 12 4 141
7134 12 4 142
7135 12 4 143
7136 12 4 144
7137 13 249 129
7138 14 237 129
7139 13 94 130
7140 14 188 130
7141 15 128 130
7142 16 121 130
7143 17 8 130
7144 13 189 131
7145 16 129 131
7146 17 243 131
7147 18 255 131
7148 13 64 132
7149 19 129 132
7150 20 64 132
7151 13 16 133
7152 21 241 133
7153 22 8 133
7154 13 4 134
7155 23 255 134
7156 13 2 135
7157 13 2 136
7158 13 2 137
7159 13 2 138
7160 13 2 139
7161 13 2 140
7162 13 2 141
7163 13 2 142
7164 13 2 143
7165 14 249 131
7166 15 237 131
7167 14 94 132
7168 15 188 132
7169 16 128 132
7170 17 121 132
7171 18 8 132
7172 14 189 133
7173 17 129 133
7174 18 243 133
7175 19 255 133
7176 20 68 133
7177 14 124 134
7178 20 104 134
7179 21 32 134
7180 22 241 134
7181 14 8 135
7182 23 4 135
7183 14 4 136
7184 24 256 136
7185 25 129 136
7186 14 1 137
7187 14 1 138
7188 14 1 139
7189 14 1 140
7190 14 1 141
7191 14 1 142
7192 15 249 133
7193 16 237 133
7194 15 94 134
7195 16 188 134
7196 17 128 134
7197 18 121 134
7198 19 8 134
7199 15 189 135
7200 18 129 135
7201 19 243 135
7202 20 255 135
7203 21 68 135
7204 22 18 135
7205 15 55 136
7206 21 5 136
7207 22 76 136
7208 23 249 136
7209 15 8 137
7210 24 2 137
7211 25 256 137
7212 15 2 138
7213 26 193 138
7214 27 32 138
7215 15 129 139
7216 15 129 140
7217 15 129 141
7218 16 249 135
7219 17 237 135
7220 16 94 136
7221 17 188 136
7222 18 128 136
7223 19 121 136
7224 20 8 136
7225 16 189 137
7226 19 129 137
7227 20 243 137
7228 21 255 137
7229 22 68 137
7230 23 18 137
7231 16 55 138
7232 22 5 138
7233 23 76 138
7234 24 249 138
7235 25 88 138
7236 16 148 139
7237 25 252 139
7238 26 128 139
7239 27 193 139
7240 16 1 140
7241 28 16 140
7242 16 129 141
7243 17 249 137
7244 18 237 137
7245 17 94 138
7246 18 188 138
7247 19 128 138
7248 20 121 138
7249 21 8 138
7250 17 189 139
7251 20 129 139
7252 21 243 139
7253 22 255 139
7254 23 68 139
7255 24 18 139
7256 17 55 140
7257 23 5 140
7258 24 76 140
7259 25 249 140
7260 26 88 140
7261 27 115 140
7262 17 49 141
7263 26 125 141
7264 27 80 141
7265 28 225 141
7266 29 96 141
7267 18 249 139
7268 19 237 139
7269 18 94 140
7270 19 188 140
7271 20 128 140
7272 21 121 140
7273 22 8 140
7274 18 189 141
7275 21 129 141
7276 22 243 141
7277 23 255 141
7278 24 68 141
7279 25 18 141
7280 15 71 142
7281 16 139 142
7282 17 105 142
7283 18 82 142
7284 24 161 142
7285 25 1 142
7286 26 59 142
7287 27 135 142
7288 28 121 142
7289 29 61 142
7290 19 249 141
7291 20 237 141
7292 19 94 142
7293 20 188 142
7294 21 128 142
7295 22 121 142
7296 23 8 142
7297 30 245 142
7298 14 184 143
7299 15 16 143
7300 16 138 143
7301 17 195 143
7302 18 159 143
7303 19 28 143
7304 22 151 143
7305 23 128 143
7306 24 72 143
7307 25 234 143
7308 26 104 143
7309 27 231 143
7310 28 158 143
7311 29 215 143
7312 20 249 143
7313 21 237 143
7314 30 151 143
7315 31 233 143
7316 13 180 144
7317 14 35 144
7318 15 176 144
7319 16 146 144
7320 17 119 144
7321 18 5 144
7322 19 170 144
7323 20 102 144
7324 21 96 144
7325 22 241 144
7326 23 73 144
7327 24 152 144
7328 25 112 144
7329 26 234 144
7330 27 88 144
7331 28 247 144
7332 29 25 144
7333 30 79 144
7334 31 64 144
7335 32 22 144
7336 12 128 145
7337 13 255 145
7338 14 124 145
7339 15 119 145
7340 16 124 145
7341 17 228 145
7342 18 130 145
7343 19 142 145
7344 20 154 145
7345 21 144 145
7346 22 97 145
7347 23 208 145
7348 24 149 145
7349 25 124 145
7350 26 45 145
7351 27 199 145
7352 28 178 145
7353 29 116 145
7354 30 105 145
7355 31 153 145
7356 32 175 145
7357 33 75 145
7358 11 47 146
7359 12 4 146
7360 13 177 146
7361 14 235 146
7362 15 125 146
7363 16 195 146
7364 17 12 146
7365 18 153 146
7366 19 200 146
7367 20 143 146
7368 21 222 146
7369 22 108 146
7370 23 131 146
7371 24 128 146
7372 25 243 146
7373 26 172 146
7374 27 48 146
7375 28 236 146
7376 29 148 146
7377 30 126 146
7378 31 143 146
7379 32 189 146
7380 33 225 146
7381 10 241 147
7382 11 44 147
7383 12 207 147
7384 13 134 147
7385 14 250 147
7386 15 58 147
7387 16 223 147
7388 17 114 147
7389 18 26 147
7390 19 102 147
7391 20 204 147
7392 21 146 147
7393 22 48 147
7394 23 68 147
7395 24 170 147
7396 25 199 147
7397 26 119 147
7398 27 243 147
7399 28 94 147
7400 29 68 147
7401 30 99 147
7402 31 231 147
7403 32 122 147
7404 33 189 147
7405 34 16 147
7406 35 173 147
7407 9 234 148
7408 10 149 148
7409 11 28 148
7410 12 90 148
7411 13 254 148
7412 14 134 148
7413 15 60 148
7414 16 13 148
7415 17 145 148
7416 18 171 148
7417 19 5 148
7418 20 96 148
7419 21 39 148
7420 22 61 148
7421 23 160 148
7422 24 154 148
7423 25 184 148
7424 26 48 148
7425 27 155 148
7426 28 109 148
7427 29 113 148
7428 30 4 148
7429 31 25 148
7430 32 213 148
7431 33 8 148
7432 34 210 148
7433 35 148 148
7434 8 150 149
7435 9 25 149
7436 10 30 149
7437 11 2 149
7438 12 106 149
7439 13 106 149
7440 14 235 149
7441 15 182 149
7442 16 93 149
7443 17 195 149
7444 18 110 149
7445 19 220 149
7446 20 151 149
7447 21 160 149
7448 22 243 149
7449 23 97 149
7450 24 13 149
7451 25 70 149
7452 26 157 149
7453 27 240 149
7454 28 104 149
7455 29 42 149
7456 30 236 149
7457 31 1 149
7458 32 124 149
7459 33 101 149
7460 34 80 149
7461 35 237 149
7462 36 243 149
7463 37 136 149
7464 7 146 150
7465 8 34 150
7466 9 148 150
7467 10 50 150
7468 11 49 150
7469 12 20 150
7470 13 170 150
7471 14 142 150
7472 15 129 150
7473 16 213 150
7474 17 216 150
7475 18 6 150
7476 19 63 150
7477 20 205 150
7478 21 99 150
7479 22 7 150
7480 23 89 150
7481 24 145 150
7482 25 210 150
7483 26 187 150
7484 27 57 150
7485 28 4 150
7486 29 43 150
7487 30 186 150
7488 31 237 150
7489 32 29 150
7490 33 179 150
7491 34 153 150
7492 35 63 150
7493 36 165 150
7494 37 245 150
7495 6 21 151
7496 7 153 151
7497 8 79 151
7498 14 256 151
7499 16 205 151
7500 18 58 151
7501 19 242 151
7502 20 71 151
7503 21 79 151
7504 22 36 151
7505 23 24 151
7506 24 232 151
7507 25 198 151
7508 26 172 151
7509 27 202 151
7510 28 96 151
7511 29 176 151
7512 30 162 151
7513 31 11 151
7514 32 28 151
7515 33 124 151
7516 34 141 151
7517 35 63 151
7518 36 49 151
7519 37 109 151
7520 38 194 151
7521 5 142 152
7522 6 201 152
7523 24 194 152
7524 26 100 152
7525 28 21 152
7526 29 110 152
7527 30 190 152
7528 31 200 152
7529 32 186 152
7530 33 238 152
7531 34 112 152
7532 35 52 152
7533 36 177 152
7534 37 173 152
7535 38 229 152
7536 39 167 152
7537 4 116 153
7538 34 94 153
7539 36 198 153
7540 38 228 153
7541 39 255 153
7542 40 255 153
7543 41 253 154
7544 40 255 154
7545 39 128 154
7546 38 64 154
7547 37 16 153
7548 36 8 154
7549 35 2 153
7550 34 1 154
7551 33 193 153
7552 32 225 153
7553 31 249 153
7554 30 253 153
7555 29 256 153
7556 28 128 153
7557 27 32 152
7558 26 16 153
7559 25 4 152
7560 24 2 153
7561 23 129 152
7562 22 193 152
7563 21 241 152
7564 20 249 152
7565 19 255 152
7566 18 256 152
7567 17 64 151
7568 16 32 152
7569 15 8 151
7570 14 4 152
7571 13 1 151
7572 12 129 151
7573 11 225 151
7574 10 241 151
7575 9 253 151
7576 8 255 152
7577 7 128 152
7578 9 114 152
7579 10 91 152
7580 11 44 152
7581 12 221 152
7582 13 42 152
7583 15 171 152
7584 17 75 152
7585 5 47 153
7586 6 203 153
7587 42 253 155
7588 41 256 155
7589 40 128 155
7590 39 32 155
7591 38 16 155
7592 37 4 154
7593 36 2 155
7594 35 129 154
7595 34 193 155
7596 33 241 154
7597 32 249 154
7598 31 255 154
7599 30 256 154
7600 29 64 154
7601 28 32 154
7602 27 8 153
7603 26 4 154
7604 25 1 153
7605 24 129 154
7606 23 225 153
7607 22 241 153
7608 21 253 153
7609 20 255 153
7610 19 128 153
7611 18 64 153
7612 7 113 153
7613 16 8 153
7614 8 187 153
7615 14 1 153
7616 9 140 153
7617 12 225 153
7618 11 241 153
7619 10 253 153
7620 13 92 153
7621 15 76 153
7622 17 5 153
7623 3 200 154
7624 4 132 154
7625 5 244 154
7626 6 136 154
7627 7 161 154
7628 8 72 154
7629 9 205 154
7630 43 255 156
7631 42 256 156
7632 41 64 156
7633 40 32 156
7634 39 8 156
7635 38 4 156
7636 37 1 155
7637 36 129 156
7638 35 225 155
7639 34 241 156
7640 33 253 155
7641 32 255 155
7642 31 128 155
7643 30 64 155
7644 29 16 155
7645 28 8 155
7646 27 2 154
7647 26 1 155
7648 25 193 154
7649 24 225 155
7650 23 249 154
7651 22 253 154
7652 21 256 154
7653 20 128 154
7654 19 32 154
7655 18 16 154
7656 10 200 154
7657 16 2 154
7658 11 227 154
7659 14 193 154
7660 12 12 154
7661 13 50 154
7662 15 189 154
7663 17 38 154
7664 2 93 155
7665 3 160 155
7666 4 241 155
7667 5 227 155
7668 6 214 155
7669 7 240 155
7670 8 250 155
7671 9 68 155
7672 44 255 158
7673 43 128 157
7674 42 64 157
7675 41 16 157
7676 40 8 157
7677 39 2 157
7678 38 1 157
7679 37 193 156
7680 36 225 157
7681 35 249 156
7682 34 253 157
7683 33 256 156
7684 32 128 156
7685 31 32 156
7686 30 16 156
7687 29 4 156
7688 28 2 156
7689 27 129 155
7690 26 193 156
7691 25 241 155
7692 24 249 156
7693 23 255 155
7694 22 256 155
7695 21 64 155
7696 20 32 155
7697 19 8 155
7698 18 4 155
7699 10 186 155
7700 16 129 155
7701 11 116 155
7702 14 241 155
7703 12 55 155
7704 13 246 155
7705 15 146 155
7706 17 197 155
7707 1 52 156
7708 2 247 156
7709 3 54 156
7710 4 171 156
7711 5 160 156
7712 6 171 156
7713 45 256 158
7714 44 128 159
7715 43 32 158
7716 42 16 158
7717 41 4 158
7718 40 2 158
7719 39 129 158
7720 38 193 158
7721 37 241 157
7722 36 249 158
7723 35 255 157
7724 34 256 158
7725 33 64 157
7726 32 32 157
7727 31 8 157
7728 30 4 157
7729 29 1 157
7730 28 129 157
7731 27 225 156
7732 26 241 157
7733 25 253 156
7734 24 255 157
7735 23 128 156
7736 22 64 156
7737 21 16 156
7738 20 8 156
7739 19 2 156
7740 18 1 156
7741 7 55 156
7742 16 225 156
7743 8 14 156
7744 14 253 156
7745 9 43 156
7746 10 127 156
7747 11 228 156
7748 13 157 156
7749 12 66 156
7750 15 8 156
7751 17 158 156
7752 0 122 157
7753 46 256 160
7754 45 64 159
7755 44 32 160
7756 43 8 159
7757 42 4 159
7758 41 1 159
7759 40 129 159
7760 39 225 159
7761 38 241 159
7762 37 253 158
7763 36 255 159
7764 35 128 158
7765 34 64 159
7766 33 16 158
7767 32 8 158
7768 31 2 158
7769 30 1 158
7770 29 193 158
7771 28 225 158
7772 27 249 157
7773 26 253 158
7774 25 256 157
7775 24 128 158
7776 23 32 157
7777 22 16 157
7778 21 4 157
7779 20 2 157
7780 19 129 157
7781 18 193 157
7782 1 111 157
7783 16 249 157
7784 2 74 157
7785 14 256 157
7786 4 120 157
7787 6 241 157
7788 8 189 157
7789 10 63 157
7790 11 245 157
7791 12 37 157
7792 47 128 160
7793 46 64 161
7794 45 16 160
7795 44 8 161
7796 43 2 160
7797 42 1 160
7798 41 193 160
7799 40 225 160
7800 39 249 160
7801 38 253 160
7802 37 256 159
7803 36 128 160
7804 35 32 159
7805 34 16 160
7806 33 4 159
7807 32 2 159
7808 31 129 159
7809 30 193 159
7810 29 241 159
7811 28 249 159
7812 27 255 158
7813 26 256 159
7814 25 64 158
7815 24 32 159
7816 23 8 158
7817 22 4 158
7818 21 1 158
7819 20 129 158
7820 19 225 158
7821 18 241 158
7822 17 253 157
7823 16 255 158
7824 15 128 157
7825 14 64 158
7826 13 16 157
7827 0 199 158
7828 1 138 158
7829 12 245 158
7830 48 128 162
7831 47 32 161
7832 46 16 162
7833 45 4 161
7834 44 2 162
7835 43 129 161
7836 42 193 161
7837 41 241 161
7838 40 249 161
7839 39 255 161
7840 38 256 161
7841 37 64 160
7842 36 32 161
7843 35 8 160
7844 34 4 161
7845 33 1 160
7846 32 129 160
7847 31 225 160
7848 30 241 160
7849 29 253 160
7850 28 255 160
7851 27 128 159
7852 26 64 160
7853 25 16 159
7854 24 8 160
7855 23 2 159
7856 22 1 159
7857 21 193 159
7858 20 225 159
7859 19 249 159
7860 18 253 159
7861 17 256 158
7862 16 128 159
7863 15 32 158
7864 14 16 159
7865 13 4 158
7866 0 154 159
7867 49 64 163
7868 48 32 163
7869 47 8 162
7870 46 4 163
7871 45 1 162
7872 44 129 163
7873 43 225 162
7874 42 241 162
7875 41 253 162
7876 40 255 162
7877 39 128 162
7878 38 64 162
7879 37 16 161
7880 36 8 162
7881 35 2 161
7882 34 1 162
7883 33 193 161
7884 32 225 161
7885 31 249 161
7886 30 253 161
7887 29 256 161
7888 28 128 161
7889 27 32 160
7890 26 16 161
7891 25 4 160
7892 24 2 161
7893 23 129 160
7894 22 193 160
7895 21 241 160
7896 20 249 160
7897 19 255 160
7898 18 256 160
7899 17 64 159
7900 16 32 160
7901 15 8 159
7902 14 4 160
7903 50 64 164
7904 49 16 164
7905 48 8 164
7906 47 2 163
7907 46 1 164
7908 45 193 163
7909 44 225 164
7910 43 249 163
7911 42 253 163
7912 41 256 163
7913 40 128 163
7914 39 32 163
7915 38 16 163
7916 37 4 162
7917 36 2 163
7918 35 129 162
7919 34 193 163
7920 33 241 162
7921 32 249 162
7922 31 255 162
7923 30 256 162
7924 29 64 162
7925 28 32 162
7926 27 8 161
7927 26 4 162
7928 25 1 161
7929 24 129 162
7930 23 225 161
7931 22 241 161
7932 21 253 161
7933 20 255 161
7934 19 128 161
7935 18 64 161
7936 17 16 160
7937 16 8 161
7938 51 32 165
7939 50 16 165
7940 49 4 165
7941 48 2 165
7942 47 129 164
7943 46 193 165
7944 45 241 164
7945 44 249 165
7946 43 255 164
7947 42 256 164
7948 41 64 164
7949 40 32 164
7950 39 8 164
7951 38 4 164
7952 37 1 163
7953 36 129 164
7954 35 225 163
7955 34 241 164
7956 33 253 163
7957 32 255 163
7958 31 128 163
7959 30 64 163
7960 29 16 163
7961 28 8 163
7962 27 2 162
7963 26 1 163
7964 25 193 162
7965 24 225 163
7966 23 249 162
7967 22 253 162
7968 21 256 162
7969 20 128 162
7970 19 32 162
7971 18 16 162
7972 52 32 166
7973 51 8 166
7974 50 4 166
7975 49 1 166
7976 48 129 166
7977 47 225 165
7978 46 241 166
7979 45 253 165
7980 44 255 166
7981 43 128 165
7982 42 64 165
7983 41 16 165
7984 40 8 165
7985 39 2 165
7986 38 1 165
7987 37 193 164
7988 36 225 165
7989 35 249 164
7990 34 253 165
7991 33 256 164
7992 32 128 164
7993 31 32 164
7994 30 16 164
7995 29 4 164
7996 28 2 164
7997 27 129 163
7998 26 193 164
7999 25 241 163
8000 24 249 164
8001 23 255 163
8002 22 256 163
8003 21 64 163
8004 20 32 163
8005 53 16 167
8006 52 8 167
8007 51 2 167
8008 50 1 167
8009 49 193 167
8010 48 225 167
8011 47 249 166
8012 46 253 167
8013 45 256 166
8014 44 128 167
8015 43 32 166
8016 42 16 166
8017 41 4 166
8018 40 2 166
8019 39 129 166
8020 38 193 166
8021 37 241 165
8022 36 249 166
8023 35 255 165
8024 34 256 166
8025 33 64 165
8026 32 32 165
8027 31 8 165
8028 30 4 165
8029 29 1 165
8030 28 129 165
8031 27 225 164
8032 26 241 165
8033 25 253 164
8034 24 255 165
8035 23 128 164
8036 22 64 164
8037 54 16 169
8038 53 4 168
8039 52 2 168
8040 51 129 168
8041 50 193 168
8042 49 241 168
8043 48 249 168
8044 47 255 167
8045 46 256 168
8046 45 64 167
8047 44 32 168
8048 43 8 167
8049 42 4 167
8050 41 1 167
8051 40 129 167
8052 39 225 167
8053 38 241 167
8054 37 253 166
8055 36 255 167
8056 35 128 166
8057 34 64 167
8058 33 16 166
8059 32 8 166
8060 31 2 166
8061 30 1 166
8062 29 193 166
8063 28 225 166
8064 27 249 165
8065 26 253 166
8066 25 256 165
8067 24 128 166
8068 55 8 169
8069 54 4 170
8070 53 1 169
8071 52 129 169
8072 51 225 169
8073 50 241 169
8074 49 253 169
8075 48 255 169
8076 47 128 168
8077 46 64 169
8078 45 16 168
8079 44 8 169
8080 43 2 168
8081 42 1 168
8082 41 193 168
8083 40 225 168
8084 39 249 168
8085 38 253 168
8086 37 256 167
8087 36 128 168
8088 35 32 167
8089 34 16 168
8090 33 4 167
8091 32 2 167
8092 31 129 167
8093 30 193 167
8094 29 241 167
8095 28 249 167
8096 27 255 166
8097 26 256 167
8098 56 8 171
8099 55 2 170
8100 54 1 171
8101 53 193 170
8102 52 225 170
8103 51 249 170
8104 50 253 170
8105 49 256 170
8106 48 128 170
8107 47 32 169
8108 46 16 170
8109 45 4 169
8110 44 2 170
8111 43 129 169
8112 42 193 169
8113 41 241 169
8114 40 249 169
8115 39 255 169
8116 38 256 169
8117 37 64 168
8118 36 32 169
8119 35 8 168
8120 34 4 169
8121 33 1 168
8122 32 129 168
8123 31 225 168
8124 30 241 168
8125 29 253 168
8126 28 255 168
8127 57 4 171
8128 56 2 172
8129 55 129 171
8130 54 193 172
8131 53 241 171
8132 52 249 171
8133 51 255 171
8134 50 256 171
8135 49 64 171
8136 48 32 171
8137 47 8 170
8138 46 4 171
8139 45 1 170
8140 44 129 171
8141 43 225 170
8142 42 241 170
8143 41 253 170
8144 40 255 170
8145 39 128 170
8146 38 64 170
8147 37 16 169
8148 36 8 170
8149 35 2 169
8150 34 1 170
8151 33 193 169
8152 32 225 169
8153 31 249 169
8154 30 253 169
8155 58 4 173
8156 57 1 172
8157 56 129 173
8158 55 225 172
8159 54 241 173
8160 53 253 172
8161 52 255 172
8162 51 128 172
8163 50 64 172
8164 49 16 172
8165 48 8 172
8166 47 2 171
8167 46 1 172
8168 45 193 171
8169 44 225 172
8170 43 249 171
8171 42 253 171
8172 41 256 171
8173 40 128 171
8174 39 32 171
8175 38 16 171
8176 37 4 170
8177 36 2 171
8178 35 129 170
8179 34 193 171
8180 33 241 170
8181 32 249 170
8182 59 2 174
8183 58 1 174
8184 57 193 173
8185 56 225 174
8186 55 249 173
8187 54 253 174
8188 53 256 173
8189 52 128 173
8190 51 32 173
8191 50 16 173
8192 49 4 173
8193 48 2 173
8194 47 129 172
8195 46 193 173
8196 45 241 172
8197 44 249 173
8198 43 255 172
8199 42 256 172
8200 41 64 172
8201 40 32 172
8202 39 8 172
8203 38 4 172
8204 37 1 171
8205 36 129 172
8206 35 225 171
8207 34 241 172
8208 60 2 175
8209 59 129 175
8210 58 193 175
8211 57 241 174
8212 56 249 175
8213 55 255 174
8214 54 256 175
8215 53 64 174
8216 52 32 174
8217 51 8 174
8218 50 4 174
8219 49 1 174
8220 48 129 174
8221 47 225 173
8222 46 241 174
8223 45 253 173
8224 44 255 174
8225 43 128 173
8226 42 64 173
8227 41 16 173
8228 40 8 173
8229 39 2 173
8230 38 1 173
8231 37 193 172
8232 36 225 173
8233 61 1 176
8234 60 129 176
8235 59 225 176
8236 58 241 176
8237 57 253 175
8238 56 255 176
8239 55 128 175
8240 54 64 176
8241 53 16 175
8242 52 8 175
8243 51 2 175
8244 50 1 175
8245 49 193 175
8246 48 225 175
8247 47 249 174
8248 46 253 175
8249 45 256 174
8250 44 128 175
8251 43 32 174
8252 42 16 174
8253 41 4 174
8254 40 2 174
8255 39 129 174
8256 38 193 174
8257 62 1 177
8258 61 193 177
8259 60 225 177
8260 59 249 177
8261 58 253 177
8262 57 256 176
8263 56 128 177
8264 55 32 176
8265 54 16 177
8266 53 4 176
8267 52 2 176
8268 51 129 176
8269 50 193 176
8270 49 241 176
8271 48 249 176
8272 47 255 175
8273 46 256 176
8274 45 64 175
8275 44 32 176
8276 43 8 175
8277 42 4 175
8278 41 1 175
8279 40 129 175
8280 63 129 178
8281 62 193 178
8282 61 241 178
8283 60 249 178
8284 59 255 178
8285 58 256 178
8286 57 64 177
8287 56 32 178
8288 55 8 177
8289 54 4 178
8290 53 1 177
8291 52 129 177
8292 51 225 177
8293 50 241 177
8294 49 253 177
8295 48 255 177
8296 47 128 176
8297 46 64 177
8298 45 16 176
8299 44 8 177
8300 43 2 176
8301 42 1 176
8302 64 129 180
8303 63 225 179
8304 62 241 179
8305 61 253 179
8306 60 255 179
8307 59 128 179
8308 58 64 179
8309 57 16 178
8310 56 8 179
8311 55 2 178
8312 54 1 179
8313 53 193 178
8314 52 225 178
8315 51 249 178
8316 50 253 178
8317 49 256 178
8318 48 128 178
8319 47 32 177
8320 46 16 178
8321 45 4 177
8322 44 2 178
8323 65 193 180
8324 64 225 181
8325 63 249 180
8326 62 253 180
8327 61 256 180
8328 60 128 180
8329 59 32 180
8330 58 16 180
8331 57 4 179
8332 56 2 180
8333 55 129 179
8334 54 193 180
8335 53 241 179
8336 52 249 179
8337 51 255 179
8338 50 256 179
8339 49 64 179
8340 48 32 179
8341 47 8 178
8342 46 4 179
8343 66 193 182
8344 65 241 181
8345 64 249 182
8346 63 255 181
8347 62 256 181
8348 61 64 181
8349 60 32 181
8350 59 8 181
8351 58 4 181
8352 57 1 180
8353 56 129 181
8354 55 225 180
8355 54 241 181
8356 53 253 180
8357 52 255 180
8358 51 128 180
8359 50 64 180
8360 49 16 180
8361 48 8 180
8362 67 225 182
8363 66 241 183
8364 65 253 182
8365 64 255 183
8366 63 128 182
8367 62 64 182
8368 61 16 182
8369 60 8 182
8370 59 2 182
8371 58 1 182
8372 57 193 181
8373 56 225 182
8374 55 249 181
8375 54 253 182
8376 53 256 181
8377 52 128 181
8378 51 32 181
8379 50 16 181
8380 68 225 184
8381 67 249 183
8382 66 253 184
8383 65 256 183
8384 64 128 184
8385 63 32 183
8386 62 16 183
8387 61 4 183
8388 60 2 183
8389 59 129 183
8390 58 193 183
8391 57 241 182
8392 56 249 183
8393 55 255 182
8394 54 256 183
8395 53 64 182
8396 52 32 182
8397 69 241 185
8398 68 249 185
8399 67 255 184
8400 66 256 185
8401 65 64 184
8402 64 32 185
8403 63 8 184
8404 62 4 184
8405 61 1 184
8406 60 129 184
8407 59 225 184
8408 58 241 184
8409 57 253 183
8410 56 255 184
8411 55 128 183
8412 54 64 184
8413 70 241 186
8414 69 253 186
8415 68 255 186
8416 67 128 185
8417 66 64 186
8418 65 16 185
8419 64 8 186
8420 63 2 185
8421 62 1 185
8422 61 193 185
8423 60 225 185
8424 59 249 185
8425 58 253 185
8426 57 256 184
8427 56 128 185
8428 71 249 187
8429 70 253 187
8430 69 256 187
8431 68 128 187
8432 67 32 186
8433 66 16 187
8434 65 4 186
8435 64 2 187
8436 63 129 186
8437 62 193 186
8438 61 241 186
8439 60 249 186
8440 59 255 186
8441 58 256 186
8442 72 249 188
8443 71 255 188
8444 70 256 188
8445 69 64 188
8446 68 32 188
8447 67 8 187
8448 66 4 188
8449 65 1 187
8450 64 129 188
8451 63 225 187
8452 62 241 187
8453 61 253 187
8454 60 255 187
8455 73 253 189
8456 72 255 189
8457 71 128 189
8458 70 64 189
8459 69 16 189
8460 68 8 189
8461 67 2 188
8462 66 1 189
8463 65 193 188
8464 64 225 189
8465 63 249 188
8466 62 253 188
8467 74 253 191
8468 73 256 190
8469 72 128 190
8470 71 32 190
8471 70 16 190
8472 69 4 190
8473 68 2 190
8474 67 129 189
8475 66 193 190
8476 65 241 189
8477 64 249 190
8478 75 255 191
8479 74 256 192
8480 73 64 191
8481 72 32 191
8482 71 8 191
8483 70 4 191
8484 69 1 191
8485 68 129 191
8486 67 225 190
8487 66 241 191
8488 76 255 193
8489 75 128 192
8490 74 64 193
8491 73 16 192
8492 72 8 192
8493 71 2 192
8494 70 1 192
8495 69 193 192
8496 68 225 192
8497 77 256 193
8498 76 128 194
8499 75 32 193
8500 74 16 194
8501 73 4 193
8502 72 2 193
8503 71 129 193
8504 70 193 193
8505 78 256 195
8506 77 64 194
8507 76 32 195
8508 75 8 194
8509 74 4 195
8510 73 1 194
8511 72 129 194
8512 79 128 196
8513 78 64 196
8514 77 16 195
8515 76 8 196
8516 75 2 195
8517 74 1 196
8518 80 128 197
8519 79 32 197
8520 78 16 197
8521 77 4 196
8522 76 2 197
8523 81 64 198
8524 80 32 198
8525 79 8 198
8526 78 4 198
8527 82 64 199
8528 81 16 199
8529 80 8 199
8530 83 32 200
8531 82 16 200
8532 84 32 202
8533 85 51 202
8534 83 137 201
8535 81 237 200
8536 79 168 199
8537 77 28 197
8538 75 176 196
8539 73 115 195
8540 71 62 194
8541 69 96 193
8542 67 16 191
8543 65 174 190
8544 63 29 189
8545 61 219 188
8546 59 165 187
8547 57 156 185
8548 55 26 184
8549 53 90 183
8550 51 15 182
8551 49 131 181
8552 47 236 179
8553 45 125 178
8554 43 235 177
8555 41 82 176
8556 39 185 175
8557 37 245 173
8558 35 255 172
8559 33 171 171
8560 31 157 170
8561 29 69 169
8562 27 140 167
8563 25 109 166
8564 23 61 165
8565 21 53 164
8566 19 223 163
8567 17 80 161
8568 15 99 160
8569 86 51 204
8570 84 137 203
8571 82 237 201
8572 80 168 200
8573 78 28 199
8574 76 176 198
8575 74 115 197
8576 72 62 195
8577 70 96 194
8578 68 16 193
8579 66 174 192
8580 64 29 191
8581 62 219 189
8582 60 165 188
8583 58 156 187
8584 56 26 186
8585 54 90 185
8586 52 15 183
8587 50 131 182
8588 48 236 181
8589 46 125 180
8590 44 235 179
8591 42 82 177
8592 40 185 176
8593 38 245 175
8594 36 255 174
8595 34 171 173
8596 32 157 171
8597 30 69 170
8598 28 140 169
8599 26 109 168
8600 24 61 167
8601 22 53 165
8602 20 223 164
8603 18 80 163
8604 87 154 204
8605 85 197 203
8606 83 247 202
8607 81 84 201
8608 79 14 200
8609 77 88 198
8610 75 186 197
8611 73 31 196
8612 71 48 195
8613 69 8 194
8614 67 87 192
8615 65 143 191
8616 63 238 190
8617 61 211 189
8618 59 78 188
8619 57 13 186
8620 55 45 185
8621 53 136 184
8622 51 194 183
8623 49 118 182
8624 47 191 180
8625 45 246 179
8626 43 41 178
8627 41 221 177
8628 39 251 176
8629 37 256 174
8630 35 214 173
8631 33 207 172
8632 31 163 171
8633 29 70 170
8634 27 183 168
8635 25 159 167
8636 23 155 166
8637 21 240 165
8638 88 154 206
8639 86 197 205
8640 84 247 204
8641 82 84 202
8642 80 14 201
8643 78 88 200
8644 76 186 199
8645 74 31 198
8646 72 48 196
8647 70 8 195
8648 68 87 194
8649 66 143 193
8650 64 238 192
8651 62 211 190
8652 60 78 189
8653 58 13 188
8654 56 45 187
8655 54 136 186
8656 52 194 184
8657 50 118 183
8658 48 191 182
8659 46 246 181
8660 44 41 180
8661 42 221 178
8662 40 251 177
8663 38 256 176
8664 36 214 175
8665 34 207 174
8666 32 163 172
8667 30 70 171
8668 28 183 170
8669 26 159 169
8670 24 155 168
8671 89 77 207
8672 87 227 205
8673 85 252 204
8674 83 42 203
8675 81 7 202
8676 79 44 201
8677 77 93 199
8678 75 144 198
8679 73 24 197
8680 71 4 196
8681 69 172 195
8682 67 200 193
8683 65 119 192
8684 63 234 191
8685 61 39 190
8686 59 135 189
8687 57 151 187
8688 55 68 186
8689 53 97 185
8690 51 59 184
8691 49 224 183
8692 47 123 181
8693 45 149 180
8694 43 239 179
8695 41 254 178
8696 39 128 177
8697 37 107 175
8698 35 232 174
8699 33 210 173
8700 31 35 172
8701 29 220 171
8702 27 208 169
8703 90 77 208
8704 88 227 207
8705 86 252 206
8706 84 42 205
8707 82 7 203
8708 80 44 202
8709 78 93 201
8710 76 144 200
8711 74 24 199
8712 72 4 197
8713 70 172 196
8714 68 200 195
8715 66 119 194
8716 64 234 193
8717 62 39 191
8718 60 135 190
8719 58 151 189
8720 56 68 188
8721 54 97 187
8722 52 59 185
8723 50 224 184
8724 48 123 183
8725 46 149 182
8726 44 239 181
8727 42 254 179
8728 40 128 178
8729 38 107 177
8730 36 232 176
8731 34 210 175
8732 32 35 173
8733 30 220 172
8734 91 167 209
8735 89 242 208
8736 87 126 206
8737 85 21 205
8738 83 132 204
8739 81 22 203
8740 79 175 202
8741 77 72 200
8742 75 12 199
8743 73 2 198
8744 71 86 197
8745 69 100 196
8746 67 188 194
8747 65 117 193
8748 63 148 192
8749 61 196 191
8750 59 204 190
8751 57 34 188
8752 55 177 187
8753 53 158 186
8754 51 112 185
8755 49 190 184
8756 47 203 182
8757 45 248 181
8758 43 127 180
8759 41 64 179
8760 39 182 178
8761 37 116 176
8762 35 105 175
8763 33 146 174
8764 92 167 210
8765 90 242 209
8766 88 126 208
8767 86 21 207
8768 84 132 206
8769 82 22 204
8770 80 175 203
8771 78 72 202
8772 76 12 201
8773 74 2 200
8774 72 86 198
8775 70 100 197
8776 68 188 196
8777 66 117 195
8778 64 148 194
8779 62 196 192
8780 60 204 191
8781 58 34 190
8782 56 177 189
8783 54 158 188
8784 52 112 186
8785 50 190 185
8786 48 203 184
8787 46 248 183
8788 44 127 182
8789 42 64 180
8790 40 182 179
8791 38 116 178
8792 36 105 177
8793 93 212 211
8794 91 121 210
8795 89 63 209
8796 87 139 207
8797 85 66 206
8798 83 11 205
8799 81 216 204
8800 79 36 203
8801 77 6 201
8802 75 1 200
8803 73 43 199
8804 71 50 198
8805 69 94 197
8806 67 187 195
8807 65 74 194
8808 63 98 193
8809 61 102 192
8810 59 17 191
8811 57 217 189
8812 55 79 188
8813 53 56 187
8814 51 95 186
8815 49 230 185
8816 47 124 183
8817 45 192 182
8818 43 32 181
8819 41 91 180
8820 39 58 179
8821 94 212 213
8822 92 121 211
8823 90 63 210
8824 88 139 209
8825 86 66 208
8826 84 11 207
8827 82 216 205
8828 80 36 204
8829 78 6 203
8830 76 1 202
8831 74 43 201
8832 72 50 199
8833 70 94 198
8834 68 187 197
8835 66 74 196
8836 64 98 195
8837 62 102 193
8838 60 17 192
8839 58 217 191
8840 56 79 190
8841 54 56 189
8842 52 95 187
8843 50 230 186
8844 48 124 185
8845 46 192 184
8846 44 32 183
8847 42 91 181
8848 95 106 213
8849 93 189 212
8850 91 160 211
8851 89 198 210
8852 87 33 208
8853 85 134 207
8854 83 108 206
8855 81 18 205
8856 79 3 204
8857 77 129 202
8858 75 150 201
8859 73 25 200
8860 71 47 199
8861 69 222 198
8862 67 37 196
8863 65 49 195
8864 63 51 194
8865 61 137 193
8866 59 237 192
8867 57 168 190
8868 55 28 189
8869 53 176 188
8870 51 115 187
8871 49 62 186
8872 47 96 184
8873 45 16 183
8874 96 106 215
8875 94 189 214
8876 92 160 212
8877 90 198 211
8878 88 33 210
8879 86 134 209
8880 84 108 208
8881 82 18 206
8882 80 3 205
8883 78 129 204
8884 76 150 203
8885 74 25 202
8886 72 47 200
8887 70 222 199
8888 68 37 198
8889 66 49 197
8890 64 51 196
8891 62 137 194
8892 60 237 193
8893 58 168 192
8894 56 28 191
8895 54 176 190
8896 52 115 188
8897 50 62 187
8898 48 96 186
8899 97 53 215
8900 95 223 214
8901 93 80 213
8902 91 99 212
8903 89 145 211
8904 87 67 209
8905 85 54 208
8906 83 9 207
8907 81 130 206
8908 79 193 205
8909 77 75 203
8910 75 141 202
8911 73 152 201
8912 71 111 200
8913 69 147 199
8914 67 153 197
8915 65 154 196
8916 63 197 195
8917 61 247 194
8918 59 84 193
8919 57 14 191
8920 55 88 190
8921 53 186 189
8922 51 31 188
8923 98 53 217
8924 96 223 216
8925 94 80 215
8926 92 99 213
8927 90 145 212
8928 88 67 211
8929 86 54 210
8930 84 9 209
8931 82 130 207
8932 80 193 206
8933 78 75 205
8934 76 141 204
8935 74 152 203
8936 72 111 201
8937 70 147 200
8938 68 153 199
8939 66 154 198
8940 64 197 197
8941 62 247 195
8942 60 84 194
8943 58 14 193
8944 56 88 192
8945 54 186 191
8946 99 155 218
8947 97 240 216
8948 95 40 215
8949 93 178 214
8950 91 201 213
8951 89 162 212
8952 87 27 210
8953 85 133 209
8954 83 65 208
8955 81 225 207
8956 79 166 206
8957 77 199 204
8958 75 76 203
8959 73 184 202
8960 71 202 201
8961 69 205 200
8962 67 77 198
8963 65 227 197
8964 63 252 196
8965 61 42 195
8966 59 7 194
8967 57 44 192
8968 100 155 219
8969 98 240 218
8970 96 40 217
8971 94 178 216
8972 92 201 214
8973 90 162 213
8974 88 27 212
8975 86 133 211
8976 84 65 210
8977 82 225 208
8978 80 166 207
8979 78 199 206
8980 76 76 205
8981 74 184 204
8982 72 202 202
8983 70 205 201
8984 68 77 200
8985 66 227 199
8986 64 252 198
8987 62 42 196
8988 60 7 195
8989 101 206 220
8990 99 120 219
8991 97 20 217
8992 95 89 216
8993 93 229 215
8994 91 81 214
8995 89 142 213
8996 87 195 211
8997 85 161 210
8998 83 241 209
8999 81 83 208
9000 79 228 207
9001 77 38 205
9002 75 92 204
9003 73 101 203
9004 71 231 202
9005 69 167 201
9006 67 242 199
9007 65 126 198
9008 63 21 197
9009 102 206 221
9010 100 120 220
9011 98 20 219
9012 96 89 218
9013 94 229 217
9014 92 81 215
9015 90 142 214
9016 88 195 213
9017 86 161 212
9018 84 241 211
9019 82 83 209
9020 80 228 208
9021 78 38 207
9022 76 92 206
9023 74 101 205
9024 72 231 203
9025 70 167 202
9026 68 242 201
9027 66 126 200
9028 103 103 222
9029 101 60 221
9030 99 10 220
9031 97 173 218
9032 95 243 217
9033 93 169 216
9034 91 71 215
9035 89 226 214
9036 87 209 212
9037 85 249 211
9038 83 170 210
9039 81 114 209
9040 79 19 208
9041 77 46 206
9042 75 179 205
9043 73 244 204
9044 71 212 203
9045 69 121 202
9046 104 103 224
9047 102 60 222
9048 100 10 221
9049 98 173 220
9050 96 243 219
9051 94 169 218
9052 92 71 216
9053 90 226 215
9054 88 209 214
9055 86 249 213
9056 84 170 212
9057 82 114 210
9058 80 19 209
9059 78 46 208
9060 76 179 207
9061 74 244 206
9062 72 212 204
9063 105 180 224
9064 103 30 223
9065 101 5 222
9066 99 215 221
9067 97 250 219
9068 95 213 218
9069 93 164 217
9070 91 113 216
9071 89 233 215
9072 87 253 213
9073 85 85 212
9074 83 57 211
9075 81 138 210
9076 79 23 209
9077 77 218 207
9078 75 122 206
9079 106 180 226
9080 104 30 225
9081 102 5 223
9082 100 215 222
9083 98 250 221
9084 96 213 220
9085 94 164 219
9086 92 113 217
9087 90 233 216
9088 88 253 215
9089 86 85 214
9090 84 57 213
9091 82 138 211
9092 80 23 210
9093 78 218 209
9094 107 90 226
9095 105 15 225
9096 103 131 224
9097 101 236 223
9098 99 125 222
9099 97 235 220
9100 95 82 219
9101 93 185 218
9102 91 245 217
9103 89 255 216
9104 87 171 214
9105 85 157 213
9106 83 69 212
9107 81 140 211
9108 108 90 228
9109 106 15 227
9110 104 131 226
9111 102 236 224
9112 100 125 223
9113 98 235 222
9114 96 82 221
9115 94 185 220
9116 92 245 218
9117 90 255 217
9118 88 171 216
9119 86 157 215
9120 84 69 214
9121 109 45 229
9122 107 136 227
9123 105 194 226
9124 103 118 225
9125 101 191 224
9126 99 246 223
9127 97 41 221
9128 95 221 220
9129 93 251 219
9130 91 256 218
9131 89 214 217
9132 87 207 215
9133 110 45 230
9134 108 136 229
9135 106 194 228
9136 104 118 227
9137 102 191 225
9138 100 246 224
9139 98 41 223
9140 96 221 222
9141 94 251 221
9142 92 256 219
9143 90 214 218
9144 111 151 231
9145 109 68 230
9146 107 97 228
9147 105 59 227
9148 103 224 226
9149 101 123 225
9150 99 149 224
9151 97 239 222
9152 95 254 221
9153 93 128 220
9154 112 151 232
9155 110 68 231
9156 108 97 230
9157 106 59 229
9158 104 224 228
9159 102 123 226
9160 100 149 225
9161 98 239 224
9162 96 254 223
9163 113 204 233
9164 111 34 232
9165 109 177 231
9166 107 158 229
9167 105 112 228
9168 103 190 227
9169 101 203 226
9170 99 248 225
9171 114 204 235
9172 112 34 233
9173 110 177 232
9174 108 158 231
9175 106 112 230
9176 104 190 229
9177 102 203 227
9178 115 102 235
9179 113 17 234
9180 111 217 233
9181 109 79 232
9182 107 56 230
9183 105 95 229
9184 116 102 237
9185 114 17 236
9186 112 217 234
9187 110 79 233
9188 108 56 232
9189 117 51 237
9190 115 137 236
9191 113 237 235
9192 111 168 234
9193 118 51 239
9194 116 137 238
9195 114 237 237
9196 119 154 240
9197 117 197 238
9198 120 154 241
9199 3 25 157
9200 2 116 158
9201 1 199 159
9202 0 29 160
9203 0 29 161
9204 0 29 162
9205 0 29 163
9206 0 29 164
9207 0 29 165
9208 0 29 166
9209 0 29 167
9210 0 29 168
9211 0 29 169
9212 0 29 170
9213 0 29 171
9214 0 29 172
9215 0 29 173
9216 0 29 174
9217 0 29 175
9218 0 29 176
9219 0 29 177
9220 0 29 178
9221 0 29 179
9222 0 29 180
9223 0 29 181
9224 0 29 182
9225 0 29 183
9226 0 29 184
9227 0 29 185
9228 0 29 186
9229 5 185 157
9230 3 165 158
9231 4 106 158
9232 2 76 159
9233 1 219 160
9234 1 219 161
9235 1 219 162
9236 1 219 163
9237 1 219 164
9238 1 219 165
9239 1 219 166
9240 1 219 167
9241 1 219 168
9242 1 219 169
9243 1 219 170
9244 1 219 171
9245 1 219 172
9246 1 219 173
9247 1 219 174
9248 1 219 175
9249 1 219 176
9250 1 219 177
9251 1 219 178
9252 1 219 179
9253 1 219 180
9254 1 219 181
9255 1 219 182
9256 1 219 183
9257 1 219 184
9258 7 84 157
9259 5 193 158
9260 6 219 158
9261 3 185 159
9262 4 40 159
9263 2 165 160
9264 2 165 161
9265 2 165 162
9266 2 165 163
9267 2 165 164
9268 2 165 165
9269 2 165 166
9270 2 165 167
9271 2 165 168
9272 2 165 169
9273 2 165 170
9274 2 165 171
9275 2 165 172
9276 2 165 173
9277 2 165 174
9278 2 165 175
9279 2 165 176
9280 2 165 177
9281 2 165 178
9282 2 165 179
9283 2 165 180
9284 2 165 181
9285 2 165 182
9286 9 159 157
9287 7 246 158
9288 8 130 158
9289 5 84 159
9290 6 39 159
9291 3 95 160
9292 4 51 160
9293 3 156 161
9294 3 156 162
9295 3 156 163
9296 3 156 164
9297 3 156 165
9298 3 156 166
9299 3 156 167
9300 3 156 168
9301 3 156 169
9302 3 156 170
9303 3 156 171
9304 3 156 172
9305 3 156 173
9306 3 156 174
9307 3 156 175
9308 3 156 176
9309 3 156 177
9310 3 156 178
9311 3 156 179
9312 3 156 180
9313 9 51 158
9314 10 204 158
9315 11 151 158
9316 7 159 159
9317 8 83 159
9318 5 189 160
9319 6 69 160
9320 4 54 161
9321 5 200 161
9322 4 26 162
9323 4 26 163
9324 4 26 164
9325 4 26 165
9326 4 26 166
9327 4 26 167
9328 4 26 168
9329 4 26 169
9330 4 26 170
9331 4 26 171
9332 4 26 172
9333 4 26 173
9334 4 26 174
9335 4 26 175
9336 4 26 176
9337 4 26 177
9338 4 26 178
9339 9 60 159
9340 10 240 159
9341 11 223 159
9342 12 121 159
9343 13 242 159
9344 7 165 160
9345 8 48 160
9346 6 194 161
9347 7 195 161
9348 5 54 162
9349 6 9 162
9350 5 90 163
9351 5 90 164
9352 5 90 165
9353 5 90 166
9354 5 90 167
9355 5 90 168
9356 5 90 169
9357 5 90 170
9358 5 90 171
9359 5 90 172
9360 5 90 173
9361 5 90 174
9362 5 90 175
9363 5 90 176
9364 9 252 160
9365 10 237 160
9366 11 217 160
9367 12 97 160
9368 13 194 160
9369 8 53 161
9370 9 124 161
9371 14 113 161
9372 7 202 162
9373 8 80 162
9374 16 143 162
9375 6 34 163
9376 7 24 163
9377 6 15 164
9378 6 15 165
9379 6 15 166
9380 6 15 167
9381 6 15 168
9382 6 15 169
9383 6 15 170
9384 6 15 171
9385 6 15 172
9386 6 15 173
9387 6 15 174
9388 10 126 161
9389 11 238 161
9390 12 12 161
9391 13 179 161
9392 15 105 161
9393 9 115 162
9394 10 137 162
9395 11 221 162
9396 14 87 162
9397 17 226 162
9398 8 79 163
9399 9 4 163
9400 7 12 164
9401 8 130 164
9402 19 90 164
9403 7 131 165
9404 7 131 166
9405 7 131 167
9406 7 131 168
9407 7 131 169
9408 7 131 170
9409 7 131 171
9410 7 131 172
9411 12 152 162
9412 13 230 162
9413 15 150 162
9414 10 83 163
9415 11 240 163
9416 12 64 163
9417 13 252 163
9418 14 183 163
9419 16 233 163
9420 9 225 164
9421 10 123 164
9422 11 194 164
9423 18 165 164
9424 8 120 165
9425 9 108 165
9426 20 227 165
9427 8 236 166
9428 22 154 166
9429 8 236 167
9430 8 236 168
9431 8 236 169
9432 8 236 170
9433 15 113 163
9434 17 157 163
9435 12 250 164
9436 13 171 164
9437 14 82 164
9438 15 237 164
9439 16 217 164
9440 17 71 164
9441 10 131 165
9442 11 106 165
9443 12 159 165
9444 13 188 165
9445 19 173 165
9446 9 102 166
9447 10 217 166
9448 11 46 166
9449 21 5 166
9450 9 125 167
9451 23 60 167
9452 9 125 168
9453 25 206 168
9454 14 204 165
9455 15 26 165
9456 16 85 165
9457 17 80 165
9458 18 170 165
9459 12 97 166
9460 13 98 166
9461 14 77 166
9462 15 160 166
9463 16 95 166
9464 17 143 166
9465 20 219 166
9466 10 31 167
9467 11 17 167
9468 12 138 167
9469 13 231 167
9470 22 202 167
9471 10 237 168
9472 11 169 168
9473 9 57 169
9474 18 164 166
9475 19 167 166
9476 14 225 167
9477 15 79 167
9478 16 53 167
9479 17 249 167
9480 18 113 167
9481 19 152 167
9482 20 65 167
9483 21 80 167
9484 12 91 168
9485 13 40 168
9486 14 77 168
9487 15 90 168
9488 16 46 168
9489 23 7 168
9490 10 216 169
9491 11 126 169
9492 12 198 169
9493 17 196 168
9494 18 156 168
9495 19 253 168
9496 20 223 168
9497 21 101 168
9498 22 131 168
9499 13 228 169
9500 14 186 169
9501 15 75 169
9502 16 158 169
9503 17 215 169
9504 18 9 169
9505 19 235 169
9506 20 45 169
9507 24 66 169
9508 22 58 169
9509 25 140 169
9510 9 17 170
9511 21 213 169
9512 23 160 169
9513 10 253 170
9514 11 238 170
9515 12 232 170
9516 13 167 170
9517 14 218 170
9518 15 97 170
9519 16 150 170
9520 17 114 170
9521 18 14 170
9522 19 92 170
9523 20 161 170
9524 21 101 170
9525 22 28 170
9526 23 108 170
9527 24 16 170
9528 25 123 170
9529 26 71 170
9530 27 143 170
9531 8 192 171
9532 9 65 171
9533 10 114 171
9534 11 56 171
9535 12 143 171
9536 13 136 171
9537 14 146 171
9538 15 85 171
9539 16 23 171
9540 17 221 171
9541 18 209 171
9542 19 255 171
9543 20 163 171
9544 21 110 171
9545 22 64 171
9546 23 222 171
9547 24 190 171
9548 25 238 171
9549 26 29 171
9550 27 6 171
9551 28 5 171
9552 8 30 172
9553 9 249 172
9554 10 95 172
9555 11 100 172
9556 12 62 172
9557 13 22 172
9558 14 238 172
9559 15 195 172
9560 16 32 172
9561 17 247 172
9562 18 209 172
9563 19 226 172
9564 20 226 172
9565 21 148 172
9566 22 125 172
9567 23 49 172
9568 24 187 172
9569 25 189 172
9570 26 10 172
9571 27 20 172
9572 28 14 172
9573 29 234 172
9574 7 236 173
9575 8 251 173
9576 9 106 173
9577 10 244 173
9578 11 202 173
9579 12 212 173
9580 13 159 173
9581 14 204 173
9582 15 256 173
9583 16 204 173
9584 17 135 173
9585 18 16 173
9586 19 118 173
9587 20 252 173
9588 21 166 173
9589 22 141 173
9590 23 130 173
9591 24 167 173
9592 25 90 173
9593 26 24 173
9594 27 177 173
9595 28 43 173
9596 29 109 173
9597 30 158 173
9598 31 239 173
9599 7 220 174
9600 8 212 174
9601 9 81 174
9602 10 164 174
9603 11 126 174
9604 12 39 174
9605 13 222 174
9606 14 187 174
9607 15 8 174
9608 16 3 174
9609 17 54 174
9610 18 166 174
9611 19 190 174
9612 20 42 174
9613 21 84 174
9614 22 68 174
9615 23 90 174
9616 24 229 174
9617 25 46 174
9618 26 176 174
9619 27 188 174
9620 28 226 174
9621 29 46 174
9622 30 200 174
9623 31 98 174
9624 32 228 174
9625 6 235 175
9626 7 39 175
9627 8 32 175
9628 9 49 175
9629 10 184 175
9630 11 220 175
9631 12 191 175
9632 13 63 175
9633 14 136 175
9634 15 251 175
9635 16 199 175
9636 17 196 175
9637 18 246 175
9638 19 68 175
9639 20 255 175
9640 21 91 175
9641 22 13 175
9642 23 225 175
9643 24 91 175
9644 25 218 175
9645 26 5 175
9646 27 119 175
9647 28 189 175
9648 29 134 175
9649 30 37 175
9650 31 4 175
9651 32 116 175
9652 33 222 175
9653 6 186 176
9654 7 181 176
9655 8 41 176
9656 9 223 176
9657 10 80 176
9658 11 39 176
9659 12 28 176
9660 13 88 176
9661 5 36 177
9662 14 66 176
9663 5 251 178
9664 15 137 176
9665 16 249 176
9666 17 11 176
9667 18 254 176
9668 19 30 176
9669 20 102 176
9670 21 163 176
9671 22 16 176
9672 23 121 176
9673 24 166 176
9674 25 39 176
9675 26 177 176
9676 27 171 176
9677 28 30 176
9678 29 119 176
9679 30 69 176
9680 31 211 176
9681 32 155 176
9682 33 197 176
9683 34 162 176
9684 35 147 176
9685 6 49 177
9686 7 148 177
9687 8 39 177
9688 9 163 177
9689 10 57 177
9690 11 70 177
9691 12 242 177
9692 13 225 177
9693 14 116 177
9694 15 166 177
9695 16 107 177
9696 17 74 177
9697 18 248 177
9698 19 49 177
9699 20 151 177
9700 21 193 177
9701 22 48 177
9702 23 158 177
9703 24 102 177
9704 25 57 177
9705 26 186 177
9706 27 252 177
9707 28 124 177
9708 29 185 177
9709 30 120 177
9710 31 178 177
9711 32 82 177
9712 33 129 177
9713 34 150 177
9714 35 114 177
9715 37 178 177
9716 6 70 178
9717 7 129 178
9718 8 181 178
9719 9 125 178
9720 10 199 178
9721 11 115 178
9722 12 155 178
9723 13 224 178
9724 14 153 178
9725 15 236 178
9726 16 90 178
9727 17 232 178
9728 18 77 178
9729 19 44 178
9730 20 25 178
9731 21 183 178
9732 22 165 178
9733 23 78 178
9734 24 48 178
9735 25 80 178
9736 26 7 178
9737 27 115 178
9738 28 21 178
9739 29 229 178
9740 30 60 178
9741 31 102 178
9742 32 56 178
9743 33 174 178
9744 34 204 178
9745 35 71 178
9746 36 247 178
9747 37 127 178
9748 4 229 179
9749 5 50 179
9750 6 237 179
9751 7 13 179
9752 8 95 179
9753 9 160 179
9754 10 159 179
9755 11 63 179
9756 12 185 179
9757 13 119 179
9758 14 30 179
9759 15 72 179
9760 16 98 179
9761 17 84 179
9762 18 232 179
9763 19 216 179
9764 20 162 179
9765 21 142 179
9766 22 112 179
9767 23 85 179
9768 24 232 179
9769 25 44 179
9770 26 225 179
9771 27 120 179
9772 28 123 179
9773 29 99 179
9774 30 118 179
9775 31 136 179
9776 32 247 179
9777 33 221 179
9778 34 212 179
9779 35 132 179
9780 36 88 179
9781 37 230 179
9782 38 108 179
9783 4 62 180
9784 5 220 180
9785 6 220 180
9786 7 99 180
9787 8 113 180
9788 9 4 180
9789 10 137 180
9790 11 53 180
9791 12 135 180
9792 13 101 180
9793 14 91 180
9794 15 171 180
9795 16 68 180
9796 17 165 180
9797 18 103 180
9798 19 136 180
9799 20 19 180
9800 21 85 180
9801 22 176 180
9802 23 154 180
9803 24 220 180
9804 25 225 180
9805 26 138 180
9806 27 104 180
9807 28 87 180
9808 29 110 180
9809 30 223 180
9810 31 122 180
9811 32 187 180
9812 33 145 180
9813 34 124 180
9814 35 239 180
9815 36 247 180
9816 37 64 180
9817 38 251 180
9818 39 73 180
9819 40 140 180
9820 3 69 181
9821 4 225 181
9822 5 111 181
9823 6 36 181
9824 7 63 181
9825 8 50 181
9826 9 139 181
9827 10 180 181
9828 11 187 181
9829 12 157 181
9830 13 153 181
9831 14 78 181
9832 15 32 181
9833 16 245 181
9834 17 238 181
9835 18 58 181
9836 19 122 181
9837 20 178 181
9838 21 186 181
9839 22 214 181
9840 23 253 181
9841 24 188 181
9842 25 220 181
9843 26 129 181
9844 27 192 181
9845 28 222 181
9846 29 102 181
9847 30 144 181
9848 31 39 181
9849 32 185 181
9850 33 33 181
9851 34 255 181
9852 35 108 181
9853 36 224 181
9854 37 122 181
9855 38 200 181
9856 39 101 181
9857 40 224 181
9858 41 223 181
9859 3 141 182
9860 4 18 182
9861 5 171 182
9862 6 37 182
9863 7 39 182
9864 8 133 182
9865 9 13 182
9866 10 134 182
9867 11 31 182
9868 12 126 182
9869 13 194 182
9870 14 42 182
9871 15 177 182
9872 16 9 182
9873 17 173 182
9874 18 28 182
9875 19 236 182
9876 20 27 182
9877 21 255 182
9878 22 256 182
9879 23 213 182
9880 24 73 182
9881 25 59 182
9882 26 97 182
9883 27 250 182
9884 28 162 182
9885 29 29 182
9886 30 99 182
9887 31 118 182
9888 32 104 182
9889 33 120 182
9890 34 233 182
9891 35 140 182
9892 36 9 182
9893 37 216 182
9894 38 167 182
9895 39 233 182
9896 40 136 182
9897 41 191 182
9898 42 75 182
9899 43 225 182
9900 2 50 183
9901 3 218 183
9902 4 216 183
9903 5 156 183
9904 6 30 183
9905 7 223 183
9906 8 230 183
9907 9 135 183
9908 10 59 183
9909 11 248 183
9910 12 159 183
9911 13 171 183
9912 14 111 183
9913 15 195 183
9914 16 41 183
9915 17 116 183
9916 18 48 183
9917 19 45 183
9918 20 153 183
9919 21 33 183
9920 22 235 183
9921 23 48 183
9922 24 247 183
9923 25 29 183
9924 26 205 183
9925 27 57 183
9926 28 159 183
9927 29 150 183
9928 30 234 183
9929 31 160 183
9930 32 219 183
9931 33 191 183
9932 34 150 183
9933 35 155 183
9934 36 137 183
9935 37 21 183
9936 38 93 183
9937 39 28 183
9938 40 63 183
9939 41 25 183
9940 42 244 183
9941 43 145 183
9942 2 219 184
9943 3 239 184
9944 4 232 184
9945 5 9 184
9946 6 66 184
9947 7 101 184
9948 8 26 184
9949 9 142 184
9950 10 178 184
9951 11 157 184
9952 12 181 184
9953 13 223 184
9954 14 30 184
9955 15 185 184
9956 16 169 184
9957 17 52 184
9958 18 256 184
9959 19 143 184
9960 20 210 184
9961 21 85 184
9962 22 65 184
9963 23 212 184
9964 24 158 184
9965 25 125 184
9966 26 193 184
9967 27 188 184
9968 28 238 184
9969 29 143 184
9970 30 80 184
9971 31 176 184
9972 32 136 184
9973 33 230 184
9974 34 13 184
9975 35 214 184
9976 36 111 184
9977 37 140 184
9978 38 118 184
9979 39 250 184
9980 40 24 184
9981 41 105 184
9982 42 235 184
9983 43 166 184
9984 44 246 184
9985 45 26 184
9986 1 205 185
9987 2 22 185
9988 3 94 185
9989 4 1 185
9990 5 93 185
9991 6 187 185
9992 7 212 185
9993 8 151 185
9994 9 162 185
9995 10 98 185
9996 11 201 185
9997 12 52 185
9998 13 66 185
9999 14 144 185
10000 15 61 185
10001 16 73 185
10002 17 179 185
10003 18 70 185
10004 19 165 185
10005 20 109 185
10006 21 69 185
10007 22 111 185
10008 23 157 185
10009 24 99 185
10010 25 237 185
10011 26 124 185
10012 27 218 185
10013 28 183 185
10014 29 182 185
10015 30 222 185
10016 31 138 185
10017 32 234 185
10018 33 114 185
10019 34 183 185
10020 35 18 185
10021 36 87 185
10022 37 142 185
10023 38 249 185
10024 39 68 185
10025 40 208 185
10026 41 124 185
10027 42 55 185
10028 43 196 185
10029 44 63 185
10030 45 6 185
10031 46 18 185
10032 47 186 185
10033 1 78 186
10034 2 141 186
10035 3 207 186
10036 4 47 186
10037 5 243 186
10038 6 13 186
10039 7 100 186
10040 18 200 186
10041 20 205 186
10042 21 159 186
10043 22 26 186
10044 23 119 186
10045 24 9 186
10046 25 7 186
10047 26 149 186
10048 27 188 186
10049 28 207 186
10050 29 10 186
10051 30 76 186
10052 31 147 186
10053 32 106 186
10054 33 119 186
10055 34 121 186
10056 35 44 186
10057 36 125 186
10058 37 143 186
10059 38 49 186
10060 39 178 186
10061 40 25 186
10062 41 222 186
10063 42 97 186
10064 43 238 186
10065 44 96 186
10066 45 87 186
10067 46 159 186
10068 47 21 186
10069 24 230 187
10070 25 127 187
10071 26 5 187
10072 27 45 187
10073 28 178 187
10074 29 192 187
10075 30 141 187
10076 31 129 187
10077 32 103 187
10078 33 155 187
10079 34 246 187
10080 35 11 187
10081 36 106 187
10082 37 230 187
10083 38 71 187
10084 39 255 187
10085 40 96 187
10086 41 217 187
10087 42 39 187
10088 43 189 187
10089 44 256 187
10090 45 202 187
10091 46 67 187
10092 47 102 187
10093 48 92 187
10094 49 127 187
10095 26 19 188
10096 28 173 188
10097 29 125 188
10098 30 41 188
10099 31 187 188
10100 32 49 188
10101 33 65 188
10102 34 93 188
10103 35 207 188
10104 36 52 188
10105 37 195 188
10106 38 83 188
10107 39 231 188
10108 40 174 188
10109 41 170 188
10110 42 69 188
10111 43 93 188
10112 44 112 188
10113 45 160 188
10114 46 132 188
10115 47 152 188
10116 48 229 188
10117 49 42 188
10118 50 145 188
10119 30 1 189
10120 32 5 189
10121 33 174 189
10122 34 114 189
10123 35 173 189
10124 36 154 189
10125 37 103 189
10126 38 255 189
10127 39 193 189
10128 40 136 189
10129 41 90 189
10130 42 114 189
10131 43 207 189
10132 44 48 189
10133 45 87 189
10134 46 124 189
10135 47 139 189
10136 48 180 189
10137 49 209 189
10138 50 201 189
10139 51 127 189
10140 52 72 189
10141 34 137 190
10142 36 117 190
10143 37 95 190
10144 38 206 190
10145 39 185 190
10146 40 158 190
10147 41 100 190
10148 42 53 190
10149 43 92 190
10150 44 25 190
10151 45 215 190
10152 46 132 190
10153 47 214 190
10154 48 85 190
10155 49 185 190
10156 50 187 190
10157 51 45 190
10158 52 183 190
10159 53 2 190
10160 38 31 191
10161 39 209 191
10162 40 123 191
10163 41 235 191
10164 42 45 191
10165 44 231 191
10166 45 252 191
10167 46 112 191
10168 43 153 191
10169 47 129 191
10170 48 185 191
10171 49 249 191
10172 51 10 191
10173 50 6 191
10174 52 60 191
10175 53 15 191
10176 55 73 191
10177 42 25 192
10178 44 172 192
10179 45 34 192
10180 46 116 192
10181 47 188 192
10182 48 45 192
10183 51 2 192
10184 50 104 192
10185 49 93 192
10186 52 115 192
10187 53 169 192
10188 54 80 192
10189 55 3 192
10190 44 181 193
10191 46 76 193
10192 48 244 193
10193 51 206 193
10194 50 175 193
10195 49 70 193
10196 52 53 193
10197 56 164 193
10198 54 126 193
10199 55 226 193
10200 53 86 193
10201 57 7 193
10202 48 248 194
10203 50 35 194
10204 51 71 194
10205 56 187 194
10206 54 154 194
10207 55 134 194
10208 53 120 194
10209 52 72 194
10210 58 113 194
10211 57 74 194
10212 56 243 195
10213 54 212 195
10214 55 24 195
10215 59 209 195
10216 58 74 195
10217 57 169 195
10218 56 100 196
10219 60 233 196
10220 59 196 196
10221 58 169 196
10222 61 249 196
10223 60 98 197
10224 62 253 197
10225 63 25 198
10226 61 199 197
10227 59 114 197
10228 57 207 196
10229 54 191 196
10230 53 29 195
10231 51 200 195
10232 49 50 194
10233 47 199 193
10234 45 114 193
10235 43 157 192
10236 41 232 192
10237 39 58 192
10238 36 115 191
10239 35 50 190
10240 33 141 190
10241 31 228 189
10242 29 57 189
10243 27 232 188
10244 24 44 188
10245 23 143 187
10246 21 100 187
10247 19 25 186
10248 8 245 186
10249 9 159 186
10250 10 83 186
10251 11 51 186
10252 12 74 186
10253 13 31 186
10254 14 31 186
10255 15 113 186
10256 16 65 186
10257 17 121 186
10258 0 135 187
10259 1 77 187
10260 2 187 187
10261 3 67 187
10262 4 99 187
10263 64 25 199
10264 62 228 198
10265 60 57 198
10266 58 207 197
10267 56 116 197
10268 55 256 196
10269 52 100 195
10270 50 25 195
10271 48 199 195
10272 46 114 194
10273 44 157 194
10274 42 116 193
10275 40 29 192
10276 38 200 192
10277 37 109 191
10278 34 141 191
10279 32 114 190
10280 30 157 190
10281 28 232 189
10282 26 58 189
10283 25 245 188
10284 22 50 187
10285 20 141 187
10286 18 228 187
10287 5 172 187
10288 6 243 187
10289 7 141 187
10290 8 130 187
10291 9 98 187
10292 10 30 187
10293 12 177 187
10294 11 76 187
10295 13 136 187
10296 14 110 187
10297 15 63 187
10298 16 45 187
10299 17 187 187
10300 65 47 199
10301 63 76 199
10302 61 19 198
10303 59 69 198
10304 57 105 197
10305 54 183 197
10306 53 119 196
10307 51 94 196
10308 49 152 195
10309 47 19 194
10310 45 69 194
10311 43 210 193
10312 41 181 193
10313 39 238 193
10314 36 129 192
10315 35 152 191
10316 33 38 191
10317 31 138 190
10318 29 163 190
10319 27 181 189
10320 24 52 189
10321 23 188 188
10322 21 47 188
10323 19 76 187
10324 0 37 188
10325 1 240 188
10326 2 181 188
10327 3 71 188
10328 4 73 188
10329 5 190 188
10330 6 209 188
10331 7 10 188
10332 8 241 188
10333 9 69 188
10334 10 174 188
10335 11 163 188
10336 67 86 200
10337 64 76 200
10338 62 138 199
10339 60 163 199
10340 58 105 198
10341 56 219 198
10342 55 186 197
10343 52 47 196
10344 50 76 196
10345 48 19 196
10346 46 69 195
10347 44 210 195
10348 42 219 194
10349 40 119 193
10350 38 94 193
10351 37 144 192
10352 34 38 192
10353 32 69 191
10354 30 210 191
10355 28 181 190
10356 26 238 190
10357 25 130 189
10358 22 152 188
10359 20 38 188
10360 18 138 188
10361 12 186 188
10362 13 185 188
10363 14 148 188
10364 15 135 188
10365 16 228 188
10366 17 138 188
10367 19 237 188
10368 0 175 189
10369 1 31 189
10370 2 129 189
10371 66 52 201
10372 65 184 200
10373 63 46 200
10374 61 140 199
10375 59 35 199
10376 57 165 198
10377 54 99 198
10378 53 187 197
10379 51 111 197
10380 49 92 196
10381 47 140 195
10382 45 35 195
10383 43 73 194
10384 41 211 194
10385 39 117 194
10386 36 97 193
10387 35 92 192
10388 33 23 192
10389 31 70 191
10390 29 146 191
10391 27 211 190
10392 24 242 190
10393 23 222 189
10394 21 184 189
10395 3 144 189
10396 4 256 189
10397 5 99 189
10398 6 126 189
10399 7 92 189
10400 8 186 189
10401 9 95 189
10402 10 133 189
10403 11 115 189
10404 12 199 189
10405 68 222 202
10406 67 191 201
10407 64 46 201
10408 62 70 200
10409 60 146 200
10410 58 165 199
10411 56 234 199
10412 55 115 198
10413 52 184 197
10414 50 46 197
10415 48 140 197
10416 46 35 196
10417 44 73 196
10418 42 234 195
10419 40 187 194
10420 38 111 194
10421 37 89 193
10422 34 23 193
10423 32 35 192
10424 30 73 192
10425 28 211 191
10426 26 117 191
10427 25 134 190
10428 22 92 189
10429 20 23 189
10430 18 70 189
10431 13 59 189
10432 14 77 189
10433 15 254 189
10434 16 203 189
10435 17 162 189
10436 19 127 189
10437 0 130 190
10438 69 74 203
10439 66 18 202
10440 65 179 201
10441 63 109 201
10442 61 220 200
10443 59 55 200
10444 57 39 199
10445 54 235 199
10446 53 147 198
10447 51 101 198
10448 49 218 197
10449 47 220 196
10450 45 55 196
10451 43 78 195
10452 41 148 195
10453 39 37 195
10454 36 245 194
10455 35 218 193
10456 33 183 193
10457 31 110 192
10458 29 156 192
10459 27 148 191
10460 24 142 191
10461 23 202 190
10462 21 179 190
10463 1 222 190
10464 2 153 190
10465 3 179 190
10466 4 188 190
10467 5 81 190
10468 6 4 190
10469 7 123 190
10470 70 37 203
10471 68 202 203
10472 67 47 202
10473 64 109 202
10474 62 110 201
10475 60 156 201
10476 58 39 200
10477 56 74 200
10478 55 28 199
10479 52 179 198
10480 50 109 198
10481 48 220 198
10482 46 55 197
10483 44 78 197
10484 42 74 196
10485 40 147 195
10486 38 101 195
10487 37 50 194
10488 34 183 194
10489 32 55 193
10490 30 78 193
10491 28 148 192
10492 26 37 192
10493 25 226 191
10494 22 218 190
10495 20 183 190
10496 18 110 190
10497 8 205 190
10498 9 223 190
10499 10 118 190
10500 11 159 190
10501 71 98 204
10502 69 153 204
10503 66 137 203
10504 65 61 202
10505 63 208 202
10506 61 52 201
10507 59 13 201
10508 57 98 200
10509 54 32 200
10510 53 231 199
10511 51 122 199
10512 49 159 198
10513 47 52 197
10514 45 13 197
10515 43 196 196
10516 41 49 196
10517 39 205 196
10518 36 126 195
10519 35 159 194
10520 33 104 194
10521 31 26 193
10522 29 135 193
10523 27 49 192
10524 24 142 192
10525 23 244 191
10526 21 61 191
10527 19 208 190
10528 12 24 190
10529 14 12 190
10530 15 171 190
10531 72 49 205
10532 70 205 204
10533 68 244 204
10534 67 253 203
10535 64 208 203
10536 62 26 202
10537 60 135 202
10538 58 98 201
10539 56 153 201
10540 55 82 200
10541 52 61 199
10542 50 208 199
10543 48 52 199
10544 46 13 198
10545 44 196 198
10546 42 153 197
10547 40 231 196
10548 38 122 196
10549 37 58 195
10550 34 104 195
10551 32 13 194
10552 30 196 194
10553 28 49 193
10554 26 205 193
10555 25 7 192
10556 22 159 191
10557 20 104 191
10558 18 26 191
10559 16 135 190
10560 73 102 205
10561 71 154 205
10562 69 167 205
10563 66 230 204
10564 65 206 203
10565 63 180 203
10566 61 45 202
10567 59 204 202
10568 57 154 201
10569 54 241 201
10570 53 106 200
10571 51 155 200
10572 49 103 199
10573 47 45 198
10574 45 204 198
10575 43 51 197
10576 41 77 197
10577 39 212 197
10578 36 191 196
10579 35 103 195
10580 33 90 195
10581 31 151 194
10582 29 102 194
10583 27 77 193
10584 24 100 193
10585 23 53 192
10586 21 206 192
10587 19 180 191
10588 74 102 207
10589 72 77 206
10590 70 212 205
10591 68 53 205
10592 67 249 204
10593 64 180 204
10594 62 151 203
10595 60 102 203
10596 58 154 202
10597 56 167 202
10598 55 5 201
10599 52 206 200
10600 50 180 200
10601 48 45 200
10602 46 204 199
10603 44 51 199
10604 42 167 198
10605 40 106 197
10606 38 155 197
10607 37 127 196
10608 34 90 196
10609 32 204 195
10610 30 51 195
10611 28 77 194
10612 26 212 194
10613 25 151 193
10614 22 103 192
10615 75 17 207
10616 73 197 206
10617 71 242 206
10618 69 189 206
10619 66 6 205
10620 65 30 204
10621 63 136 204
10622 61 34 203
10623 59 137 203
10624 57 242 202
10625 54 208 202
10626 53 240 201
10627 51 60 201
10628 49 15 200
10629 47 34 199
10630 45 137 199
10631 43 227 198
10632 41 121 198
10633 39 223 198
10634 36 8 197
10635 35 15 196
10636 33 68 196
10637 31 17 195
10638 29 197 195
10639 27 121 194
10640 24 240 194
10641 76 17 208
10642 74 197 208
10643 72 121 207
10644 70 223 206
10645 68 120 206
10646 67 226 205
10647 64 136 205
10648 62 17 204
10649 60 197 204
10650 58 242 203
10651 56 189 203
10652 55 44 202
10653 52 30 201
10654 50 136 201
10655 48 34 201
10656 46 137 200
10657 44 227 200
10658 42 189 199
10659 40 240 198
10660 38 60 198
10661 37 172 197
10662 34 68 197
10663 32 137 196
10664 30 227 196
10665 28 121 195
10666 77 217 208
10667 75 247 208
10668 73 126 207
10669 71 160 207
10670 69 40 207
10671 66 38 206
10672 65 194 205
10673 63 177 205
10674 61 237 204
10675 59 252 204
10676 57 160 203
10677 54 179 203
10678 53 10 202
10679 51 131 202
10680 49 97 201
10681 47 237 200
10682 45 252 200
10683 43 63 199
10684 41 80 199
10685 39 20 199
10686 36 8 198
10687 35 97 197
10688 33 217 197
10689 31 247 196
10690 78 217 210
10691 76 247 209
10692 74 126 209
10693 72 80 208
10694 70 20 207
10695 68 5 207
10696 67 1 206
10697 64 177 206
10698 62 247 205
10699 60 126 205
10700 58 160 204
10701 56 40 204
10702 55 63 203
10703 52 194 202
10704 50 177 202
10705 48 237 202
10706 46 252 201
10707 44 63 201
10708 42 40 200
10709 40 10 199
10710 38 131 199
10711 37 185 198
10712 34 217 198
10713 79 158 210
10714 77 84 209
10715 75 21 209
10716 73 198 208
10717 71 178 208
10718 69 173 208
10719 66 238 207
10720 65 158 206
10721 63 168 206
10722 61 42 205
10723 59 139 205
10724 57 178 204
10725 54 99 204
10726 53 236 203
10727 51 59 203
10728 49 79 202
10729 47 42 201
10730 45 139 201
10731 43 99 200
10732 41 89 200
10733 39 215 200
10734 36 183 199
10735 80 79 211
10736 78 84 211
10737 76 21 210
10738 74 198 210
10739 72 89 209
10740 70 215 208
10741 68 118 208
10742 67 22 207
10743 64 168 207
10744 62 21 206
10745 60 198 206
10746 58 178 205
10747 56 173 205
10748 55 189 204
10749 52 158 203
10750 50 168 203
10751 48 42 203
10752 46 139 202
10753 44 99 202
10754 42 173 201
10755 40 236 200
10756 81 112 212
10757 79 28 211
10758 77 132 210
10759 75 33 210
10760 73 201 209
10761 71 243 209
10762 69 125 209
10763 66 247 208
10764 65 28 207
10765 63 7 207
10766 61 66 206
10767 59 145 206
10768 57 243 205
10769 54 71 205
10770 53 224 204
10771 51 56 204
10772 49 14 203
10773 47 66 202
10774 45 145 202
10775 43 229 201
10776 82 56 212
10777 80 14 212
10778 78 132 212
10779 76 33 211
10780 74 201 211
10781 72 250 210
10782 70 191 209
10783 68 112 209
10784 67 245 208
10785 64 7 208
10786 62 33 207
10787 60 201 207
10788 58 243 206
10789 56 125 206
10790 55 108 205
10791 52 28 204
10792 50 7 204
10793 48 66 204
10794 46 145 203
10795 83 190 213
10796 81 176 213
10797 79 44 212
10798 77 134 211
10799 75 162 211
10800 73 169 210
10801 71 235 210
10802 69 123 210
10803 66 68 209
10804 65 44 208
10805 63 11 208
10806 61 67 207
10807 59 81 207
10808 57 235 206
10809 54 59 206
10810 53 95 205
10811 51 88 205
10812 49 22 204
10813 85 124 214
10814 82 88 213
10815 80 22 213
10816 78 134 213
10817 76 162 212
10818 74 169 212
10819 72 246 211
10820 70 190 210
10821 68 176 210
10822 67 123 209
10823 64 11 209
10824 62 162 208
10825 60 169 208
10826 58 235 207
10827 56 123 207
10828 55 93 206
10829 52 44 205
10830 84 33 215
10831 83 115 214
10832 81 93 214
10833 79 216 213
10834 77 27 212
10835 75 71 212
10836 73 82 211
10837 71 149 211
10838 69 230 211
10839 66 230 210
10840 65 216 209
10841 63 54 209
10842 61 142 208
10843 59 164 208
10844 57 149 207
10845 54 11 207
10846 86 203 216
10847 85 216 215
10848 82 175 214
10849 80 108 214
10850 78 27 214
10851 76 71 213
10852 74 82 213
10853 72 203 212
10854 70 115 211
10855 68 93 211
10856 67 112 210
10857 64 54 210
10858 62 71 209
10859 60 82 209
10860 58 149 208
10861 87 248 216
10862 84 36 216
10863 83 144 215
10864 81 36 215
10865 79 9 214
10866 77 226 213
10867 75 185 213
10868 73 239 212
10869 71 124 212
10870 69 31 212
10871 66 4 211
10872 65 9 210
10873 63 195 210
10874 61 113 209
10875 88 248 217
10876 86 62 217
10877 85 16 216
10878 82 18 215
10879 80 133 215
10880 78 226 215
10881 76 185 214
10882 74 239 214
10883 72 62 213
10884 70 144 212
10885 68 36 212
10886 67 64 211
10887 64 195 211
10888 89 254 218
10889 87 96 217
10890 84 41 217
10891 83 6 216
10892 81 130 216
10893 79 161 215
10894 77 245 214
10895 75 254 214
10896 73 192 213
10897 71 48 213
10898 69 12 213
10899 66 54 212
10900 90 127 219
10901 88 96 218
10902 86 24 218
10903 85 183 217
10904 82 65 216
10905 80 209 216
10906 78 245 216
10907 76 254 215
10908 74 192 215
10909 72 24 214
10910 70 6 213
10911 91 128 219
10912 89 32 219
10913 87 4 218
10914 84 139 218
10915 83 193 217
10916 81 241 217
10917 79 253 216
10918 77 128 215
10919 75 32 215
10920 73 8 214
10921 92 64 220
10922 90 16 220
10923 88 4 219
10924 86 1 219
10925 85 158 218
10926 82 249 217
10927 80 255 217
10928 78 128 217
10929 76 32 216
10930 93 107 221
10931 91 91 220
10932 89 87 220
10933 87 43 219
10934 84 154 219
10935 83 83 218
10936 81 85 218
10937 79 214 217
10938 94 107 222
10939 92 174 221
10940 90 172 221
10941 88 43 220
10942 86 75 220
10943 85 223 219
10944 82 171 218
10945 95 232 222
10946 93 58 222
10947 91 143 221
10948 89 100 221
10949 87 141 220
10950 84 224 220
10951 97 137 223
10952 94 58 223
10953 92 200 222
10954 90 50 222
10955 88 141 221
10956 96 149 224
10957 95 181 223
10958 93 238 223
10959 91 188 222
10960 98 210 225
10961 97 27 224
10962 94 238 224
10963 99 70 226
10964 96 215 225
10965 100 35 226
10966 101 139 227
10967 98 198 226
10968 95 33 224
10969 92 145 223
10970 89 134 222
10971 86 67 221
10972 83 54 219
10973 80 27 218
10974 77 133 216
10975 74 133 216
10976 71 65 214
10977 68 161 213
10978 65 241 211
10979 62 249 210
10980 59 83 209
10981 56 170 208
10982 53 114 206
10983 50 57 205
10984 47 138 203
10985 44 138 203
10986 41 23 201
10987 38 140 200
10988 35 109 198
10989 32 183 197
10990 29 61 196
10991 26 159 195
10992 23 155 193
10993 20 206 192
10994 17 120 190
10995 0 46 191
10996 102 198 228
10997 99 66 227
10998 97 239 225
10999 93 134 224
11000 90 67 223
11001 87 54 221
11002 85 163 220
11003 81 9 219
11004 78 133 218
11005 75 65 216
11006 72 161 215
11007 69 225 214
11008 67 80 212
11009 63 83 211
11010 60 170 210
11011 57 114 208
11012 55 153 207
11013 51 19 206
11014 48 138 205
11015 45 23 203
11016 42 140 202
11017 39 218 201
11018 37 161 199
11019 33 61 198
11020 30 159 197
11021 27 155 195
11022 25 240 194
11023 21 240 193
11024 103 66 228
11025 100 33 227
11026 96 160 226
11027 94 134 225
11028 91 108 223
11029 88 54 222
11030 84 120 221
11031 82 133 219
11032 79 130 218
11033 76 65 217
11034 73 225 215
11035 70 241 214
11036 66 68 213
11037 64 83 212
11038 61 228 210
11039 58 114 209
11040 54 6 208
11041 52 138 206
11042 49 46 205
11043 46 23 204
11044 43 218 202
11045 40 109 201
11046 36 88 200
11047 34 61 199
11048 31 53 197
11049 28 155 196
11050 104 66 230
11051 101 11 228
11052 98 134 227
11053 95 108 225
11054 92 54 224
11055 89 18 223
11056 86 9 222
11057 83 130 220
11058 80 65 219
11059 77 225 217
11060 74 225 217
11061 71 166 215
11062 68 83 214
11063 65 228 212
11064 62 114 211
11065 59 38 210
11066 56 19 209
11067 53 46 207
11068 50 23 206
11069 47 218 204
11070 44 218 204
11071 41 122 202
11072 38 61 201
11073 35 53 199
11074 105 11 230
11075 102 134 229
11076 99 216 228
11077 97 123 226
11078 93 18 225
11079 90 9 224
11080 87 130 222
11081 85 58 221
11082 81 193 220
11083 78 225 219
11084 75 166 217
11085 72 83 216
11086 69 199 215
11087 67 163 213
11088 63 38 212
11089 60 19 211
11090 57 46 209
11091 55 133 208
11092 51 179 207
11093 48 218 206
11094 45 122 204
11095 42 61 203
11096 106 11 231
11097 103 216 229
11098 100 108 228
11099 96 3 227
11100 94 18 226
11101 91 3 224
11102 88 130 223
11103 84 108 222
11104 82 225 220
11105 79 75 219
11106 76 166 218
11107 73 199 216
11108 70 228 215
11109 66 207 214
11110 64 38 213
11111 61 92 211
11112 58 46 210
11113 54 112 209
11114 52 218 207
11115 49 244 206
11116 107 216 231
11117 104 216 231
11118 101 36 229
11119 98 18 228
11120 95 3 226
11121 92 130 225
11122 89 129 224
11123 86 193 223
11124 83 75 221
11125 80 166 220
11126 77 199 218
11127 74 199 218
11128 71 76 216
11129 68 38 215
11130 65 92 213
11131 62 46 212
11132 59 101 211
11133 56 179 210
11134 108 216 233
11135 105 36 231
11136 102 18 230
11137 99 6 229
11138 97 246 227
11139 93 129 226
11140 90 193 225
11141 87 75 223
11142 85 248 222
11143 81 141 221
11144 78 199 220
11145 75 76 218
11146 72 38 217
11147 69 184 216
11148 67 55 214
11149 63 101 213
11150 109 72 233
11151 106 36 232
11152 103 6 230
11153 100 3 229
11154 96 152 228
11155 94 129 227
11156 91 150 225
11157 88 75 224
11158 84 147 223
11159 82 199 221
11160 79 152 220
11161 76 76 219
11162 73 184 217
11163 70 92 216
11164 110 36 234
11165 107 6 232
11166 104 6 232
11167 101 1 230
11168 98 129 229
11169 95 150 227
11170 92 75 226
11171 89 25 225
11172 86 141 224
11173 83 152 222
11174 80 76 221
11175 77 184 219
11176 111 12 235
11177 108 6 234
11178 105 1 232
11179 102 129 231
11180 99 43 230
11181 97 57 228
11182 93 25 227
11183 90 141 226
11184 87 152 224
11185 85 76 223
11186 112 6 235
11187 109 2 234
11188 106 1 233
11189 103 43 231
11190 100 150 230
11191 96 83 229
11192 94 25 228
11193 91 47 226
11194 113 2 236
11195 110 1 235
11196 107 43 233
11197 104 43 233
11198 101 50 231
11199 98 25 230
11200 115 256 237
11201 111 86 236
11202 108 43 235
11203 105 50 233
11204 114 172 238
11205 112 43 236
11206 13 157 190
11207 1 107 191
11208 2 26 191
11209 3 206 191
11210 4 13 191
11211 0 139 192
11212 0 139 193
11213 0 139 194
11214 0 139 195
11215 0 139 196
11216 0 139 197
11217 0 139 198
11218 0 139 199
11219 0 139 200
11220 0 139 201
11221 0 139 202
11222 0 139 203
11223 0 139 204
11224 0 139 205
11225 0 139 206
11226 0 139 207
11227 0 139 208
11228 0 139 209
11229 0 139 210
11230 5 149 191
11231 6 195 191
11232 7 21 191
11233 8 195 191
11234 9 163 191
11235 10 216 191
11236 11 137 191
11237 1 145 192
11238 1 145 193
11239 1 145 194
11240 1 145 195
11241 1 145 196
11242 1 145 197
11243 1 145 198
11244 1 145 199
11245 1 145 200
11246 1 145 201
11247 1 145 202
11248 1 145 203
11249 1 145 204
11250 1 145 205
11251 1 145 206
11252 1 145 207
11253 12 168 191
11254 13 83 191
11255 14 236 191
11256 15 187 191
11257 16 161 191
11258 17 69 191
11259 2 237 192
11260 3 9 192
11261 4 229 192
11262 18 192 192
11263 2 81 193
11264 2 81 194
11265 2 81 195
11266 2 81 196
11267 2 81 197
11268 2 81 198
11269 2 81 199
11270 2 81 200
11271 2 81 201
11272 2 81 202
11273 2 81 203
11274 2 81 204
11275 5 56 192
11276 6 183 192
11277 7 4 192
11278 8 232 192
11279 9 12 192
11280 10 40 192
11281 11 7 192
11282 12 8 192
11283 13 223 192
11284 14 52 192
11285 19 241 192
11286 3 164 193
11287 22 223 193
11288 3 164 194
11289 3 164 195
11290 3 164 196
11291 3 164 197
11292 3 164 198
11293 3 164 199
11294 3 164 200
11295 3 164 201
11296 15 185 192
11297 16 25 192
11298 17 156 192
11299 4 97 193
11300 5 50 193
11301 6 149 193
11302 7 133 193
11303 8 93 193
11304 9 62 193
11305 10 116 193
11306 11 15 193
11307 18 26 193
11308 20 255 193
11309 4 221 194
11310 23 40 194
11311 4 221 195
11312 24 199 195
11313 4 221 196
11314 4 221 197
11315 4 221 198
11316 12 234 193
11317 13 42 193
11318 14 67 193
11319 15 212 193
11320 16 28 193
11321 17 229 193
11322 19 228 193
11323 5 110 194
11324 6 169 194
11325 7 40 194
11326 8 247 194
11327 9 116 194
11328 10 182 194
11329 11 254 194
11330 21 214 194
11331 5 127 195
11332 25 237 195
11333 5 127 196
11334 26 238 196
11335 12 81 194
11336 13 65 194
11337 14 232 194
11338 15 230 194
11339 16 105 194
11340 17 100 194
11341 18 233 194
11342 19 51 194
11343 20 232 194
11344 22 246 194
11345 6 99 195
11346 7 240 195
11347 8 45 195
11348 9 17 195
11349 10 65 195
11350 11 109 195
11351 12 130 195
11352 6 16 196
11353 13 195 195
11354 14 231 195
11355 15 181 195
11356 16 8 195
11357 17 223 195
11358 18 129 195
11359 19 145 195
11360 20 43 195
11361 22 155 195
11362 21 123 195
11363 23 53 195
11364 7 8 196
11365 8 159 196
11366 9 228 196
11367 10 9 196
11368 11 158 196
11369 12 25 196
11370 13 108 196
11371 14 232 196
11372 15 184 196
11373 16 80 196
11374 17 63 196
11375 18 66 196
11376 19 252 196
11377 20 151 196
11378 21 44 196
11379 22 59 196
11380 23 114 196
11381 24 185 196
11382 25 175 196
11383 27 220 196
11384 5 247 197
11385 6 246 197
11386 7 11 197
11387 8 126 197
11388 9 39 197
11389 10 102 197
11390 11 204 197
11391 12 26 197
11392 13 71 197
11393 14 74 197
11394 15 1 197
11395 16 79 197
11396 17 38 197
11397 18 77 197
11398 19 216 197
11399 20 53 197
11400 21 168 197
11401 22 253 197
11402 23 87 197
11403 24 201 197
11404 25 95 197
11405 26 143 197
11406 27 144 197
11407 28 140 197
11408 29 30 197
11409 5 103 198
11410 6 252 198
11411 7 118 198
11412 8 189 198
11413 9 199 198
11414 10 164 198
11415 11 239 198
11416 12 220 198
11417 13 241 198
11418 14 186 198
11419 15 115 198
11420 16 215 198
11421 17 132 198
11422 18 29 198
11423 19 172 198
11424 20 46 198
11425 21 118 198
11426 22 185 198
11427 23 122 198
11428 24 56 198
11429 25 35 198
11430 26 189 198
11431 27 106 198
11432 28 167 198
11433 29 151 198
11434 30 189 198
11435 31 256 198
11436 32 228 198
11437 4 42 199
11438 5 157 199
11439 6 181 199
11440 7 84 199
11441 8 58 199
11442 9 150 199
11443 10 245 199
11444 11 61 199
11445 12 217 199
11446 13 39 199
11447 14 117 199
11448 15 10 199
11449 16 55 199
11450 17 231 199
11451 18 246 199
11452 19 80 199
11453 20 188 199
11454 21 69 199
11455 22 245 199
11456 23 248 199
11457 24 122 199
11458 25 5 199
11459 26 98 199
11460 27 241 199
11461 28 45 199
11462 29 93 199
11463 30 141 199
11464 31 168 199
11465 32 86 199
11466 33 128 199
11467 4 247 200
11468 5 22 200
11469 6 132 200
11470 7 116 200
11471 8 11 200
11472 9 95 200
11473 10 253 200
11474 11 149 200
11475 12 69 200
11476 13 207 200
11477 14 57 200
11478 15 7 200
11479 16 240 200
11480 17 43 200
11481 18 111 200
11482 19 165 200
11483 20 9 200
11484 21 17 200
11485 22 253 200
11486 23 166 200
11487 24 39 200
11488 25 239 200
11489 26 209 200
11490 27 71 200
11491 28 119 200
11492 29 249 200
11493 30 128 200
11494 31 202 200
11495 32 209 200
11496 33 102 200
11497 34 178 200
11498 35 84 200
11499 37 88 200
11500 4 191 201
11501 5 180 201
11502 6 93 201
11503 7 179 201
11504 8 204 201
11505 9 120 201
11506 10 130 201
11507 11 230 201
11508 12 108 201
11509 13 170 201
11510 14 63 201
11511 15 59 201
11512 16 208 201
11513 17 24 201
11514 18 104 201
11515 19 123 201
11516 20 179 201
11517 21 112 201
11518 22 71 201
11519 23 187 201
11520 24 240 201
11521 25 249 201
11522 26 122 201
11523 27 164 201
11524 28 220 201
11525 29 135 201
11526 30 44 201
11527 31 139 201
11528 32 254 201
11529 33 192 201
11530 34 47 201
11531 35 214 201
11532 36 158 201
11533 37 55 201
11534 3 189 202
11535 4 154 202
11536 5 62 202
11537 6 95 202
11538 7 7 202
11539 8 65 202
11540 9 129 202
11541 10 169 202
11542 11 204 202
11543 12 173 202
11544 13 124 202
11545 14 196 202
11546 15 7 202
11547 16 218 202
11548 17 238 202
11549 18 183 202
11550 19 118 202
11551 20 82 202
11552 21 174 202
11553 22 187 202
11554 23 156 202
11555 24 27 202
11556 25 76 202
11557 26 166 202
11558 27 23 202
11559 28 151 202
11560 29 206 202
11561 30 80 202
11562 31 89 202
11563 32 110 202
11564 33 207 202
11565 34 163 202
11566 35 34 202
11567 36 171 202
11568 37 237 202
11569 38 247 202
11570 39 70 202
11571 40 29 202
11572 3 249 203
11573 4 140 203
11574 5 228 203
11575 6 30 203
11576 7 246 203
11577 8 125 203
11578 9 15 203
11579 10 144 203
11580 11 104 203
11581 12 88 203
11582 13 8 203
11583 14 128 203
11584 15 159 203
11585 16 172 203
11586 17 172 203
11587 18 244 203
11588 19 71 203
11589 20 128 203
11590 21 252 203
11591 22 131 203
11592 23 156 203
11593 24 150 203
11594 25 55 203
11595 26 254 203
11596 27 185 203
11597 28 140 203
11598 29 212 203
11599 30 146 203
11600 31 69 203
11601 32 143 203
11602 33 165 203
11603 34 215 203
11604 35 186 203
11605 36 162 203
11606 37 254 203
11607 38 11 203
11608 39 80 203
11609 40 22 203
11610 41 104 203
11611 43 172 203
11612 3 102 204
11613 4 181 204
11614 5 194 204
11615 6 187 204
11616 7 117 204
11617 8 226 204
11618 9 98 204
11619 10 247 204
11620 11 219 204
11621 12 196 204
11622 13 256 204
11623 14 89 204
11624 15 141 204
11625 16 161 204
11626 17 142 204
11627 18 59 204
11628 19 192 204
11629 20 3 204
11630 21 223 204
11631 22 87 204
11632 23 72 204
11633 24 237 204
11634 25 82 204
11635 26 155 204
11636 27 101 204
11637 28 243 204
11638 29 129 204
11639 30 70 204
11640 31 202 204
11641 32 41 204
11642 33 139 204
11643 34 19 204
11644 36 108 204
11645 35 46 204
11646 37 123 204
11647 38 177 204
11648 40 195 204
11649 39 87 204
11650 41 113 204
11651 42 76 204
11652 43 8 204
11653 2 1 205
11654 3 201 205
11655 4 17 205
11656 5 229 205
11657 6 235 205
11658 7 114 205
11659 8 241 205
11660 9 148 205
11661 10 60 205
11662 11 149 205
11663 12 61 205
11664 13 132 205
11665 14 166 205
11666 15 113 205
11667 16 158 205
11668 17 126 205
11669 18 192 205
11670 19 13 205
11671 20 129 205
11672 21 16 205
11673 22 28 205
11674 23 214 205
11675 24 10 205
11676 25 130 205
11677 26 20 205
11678 27 130 205
11679 28 175 205
11680 29 34 205
11681 30 202 205
11682 31 91 205
11683 32 55 205
11684 33 6 205
11685 34 165 205
11686 35 211 205
11687 36 87 205
11688 37 172 205
11689 38 70 205
11690 39 246 205
11691 40 71 205
11692 41 71 205
11693 42 220 205
11694 43 54 205
11695 44 67 205
11696 45 250 205
11697 46 9 205
11698 47 188 205
11699 2 228 206
11700 3 188 206
11701 4 18 206
11702 5 205 206
11703 6 62 206
11704 7 25 206
11705 9 14 206
11706 8 93 206
11707 10 92 206
11708 11 101 206
11709 12 121 206
11710 13 173 206
11711 14 208 206
11712 15 254 206
11713 16 47 206
11714 17 72 206
11715 18 49 206
11716 19 9 206
11717 20 167 206
11718 21 245 206
11719 22 88 206
11720 23 153 206
11721 24 208 206
11722 25 128 206
11723 26 238 206
11724 27 148 206
11725 28 103 206
11726 29 83 206
11727 30 112 206
11728 31 45 206
11729 32 73 206
11730 33 244 206
11731 34 115 206
11732 35 255 206
11733 36 189 206
11734 37 119 206
11735 38 106 206
11736 39 166 206
11737 40 91 206
11738 41 187 206
11739 42 102 206
11740 43 137 206
11741 44 231 206
11742 45 216 206
11743 46 36 206
11744 47 253 206
11745 2 126 207
11746 3 160 207
11747 4 87 207
11748 5 72 207
11749 6 108 207
11750 7 73 207
11751 8 142 207
11752 9 215 207
11753 10 154 207
11754 11 219 207
11755 12 78 207
11756 13 228 207
11757 14 57 207
11758 15 76 207
11759 16 65 207
11760 17 174 207
11761 18 219 207
11762 19 144 207
11763 20 64 207
11764 21 175 207
11765 22 142 207
11766 23 48 207
11767 24 178 207
11768 25 187 207
11769 26 254 207
11770 27 145 207
11771 28 8 207
11772 29 162 207
11773 30 110 207
11774 31 212 207
11775 32 195 207
11776 33 239 207
11777 34 142 207
11778 35 128 207
11779 36 178 207
11780 37 247 207
11781 38 165 207
11782 39 36 207
11783 40 58 207
11784 41 128 207
11785 42 35 207
11786 43 43 207
11787 44 185 207
11788 45 133 207
11789 46 106 207
11790 47 236 207
11791 48 154 207
11792 49 148 207
11793 50 241 207
11794 1 15 208
11795 2 252 208
11796 3 128 208
11797 4 209 208
11798 5 25 208
11799 6 25 208
11800 7 70 208
11801 8 80 208
11802 9 55 208
11803 10 38 208
11804 11 134 208
11805 12 155 208
11806 13 181 208
11807 14 197 208
11808 15 56 208
11809 16 171 208
11810 17 52 208
11811 18 12 208
11812 19 7 208
11813 20 164 208
11814 21 252 208
11815 22 164 208
11816 23 93 208
11817 24 223 208
11818 25 26 208
11819 26 107 208
11820 27 3 208
11821 28 135 208
11822 29 147 208
11823 30 203 208
11824 31 201 208
11825 32 177 208
11826 33 77 208
11827 34 71 208
11828 35 207 208
11829 36 122 208
11830 37 199 208
11831 38 249 208
11832 39 217 208
11833 40 247 208
11834 41 3 208
11835 42 217 208
11836 43 155 208
11837 44 202 208
11838 45 150 208
11839 47 116 208
11840 46 234 208
11841 48 41 208
11842 49 133 208
11843 50 199 208
11844 51 53 208
11845 52 74 208
11846 53 98 208
11847 1 231 209
11848 2 156 209
11849 3 212 209
11850 4 152 209
11851 5 198 209
11852 6 167 209
11853 7 245 209
11854 8 113 209
11855 9 105 209
11856 10 73 209
11857 11 76 209
11858 12 12 209
11859 13 126 209
11860 14 61 209
11861 15 146 209
11862 16 136 209
11863 17 40 209
11864 18 184 209
11865 19 23 209
11866 20 27 209
11867 21 235 209
11868 22 178 209
11869 23 174 209
11870 24 174 209
11871 26 237 209
11872 25 27 209
11873 27 188 209
11874 28 80 209
11875 29 244 209
11876 30 72 209
11877 31 210 209
11878 32 144 209
11879 33 252 209
11880 34 173 209
11881 35 105 209
11882 36 140 209
11883 37 84 209
11884 38 66 209
11885 39 244 209
11886 40 255 209
11887 41 180 209
11888 42 47 209
11889 43 106 209
11890 44 206 209
11891 45 196 209
11892 46 171 209
11893 47 28 209
11894 48 6 209
11895 49 201 209
11896 50 100 209
11897 51 131 209
11898 52 244 209
11899 53 183 209
11900 55 216 209
11901 1 237 210
11902 2 74 210
11903 3 74 210
11904 4 46 210
11905 5 103 210
11906 6 38 210
11907 7 71 210
11908 8 122 210
11909 9 141 210
11910 10 21 210
11911 11 215 210
11912 12 77 210
11913 13 207 210
11914 14 249 210
11915 15 44 210
11916 16 163 210
11917 17 102 210
11918 18 192 210
11919 19 87 210
11920 20 14 210
11921 21 93 210
11922 22 14 210
11923 23 245 210
11924 24 98 210
11925 25 46 210
11926 26 192 210
11927 27 25 210
11928 28 66 210
11929 29 30 210
11930 30 25 210
11931 31 42 210
11932 32 17 210
11933 33 178 210
11934 34 161 210
11935 35 35 210
11936 36 139 210
11937 37 195 210
11938 38 232 210
11939 39 172 210
11940 40 7 210
11941 41 232 210
11942 42 145 210
11943 43 91 210
11944 44 247 210
11945 45 28 210
11946 46 94 210
11947 47 241 210
11948 48 164 210
11949 49 64 210
11950 50 205 210
11951 51 49 210
11952 52 72 210
11953 53 228 210
11954 54 49 210
11955 55 82 210
11956 57 200 210
11957 0 26 211
11958 1 202 211
11959 2 214 211
11960 3 110 211
11961 4 228 211
11962 5 36 211
11963 6 221 211
11964 7 8 211
11965 8 192 211
11966 9 165 211
11967 10 224 211
11968 11 242 211
11969 12 150 211
11970 13 131 211
11971 14 240 211
11972 15 249 211
11973 16 211 211
11974 17 185 211
11975 18 32 211
11976 19 101 211
11977 20 204 211
11978 21 11 211
11979 22 235 211
11980 23 100 211
11981 24 155 211
11982 25 99 211
11983 26 210 211
11984 27 227 211
11985 28 156 211
11986 29 9 211
11987 30 238 211
11988 31 169 211
11989 33 107 211
11990 32 106 211
11991 34 122 211
11992 35 158 211
11993 36 202 211
11994 37 175 211
11995 38 5 211
11996 39 48 211
11997 40 45 211
11998 41 51 211
11999 42 10 211
12000 43 191 211
12001 44 251 211
12002 45 66 211
12003 46 195 211
12004 47 31 211
12005 48 240 211
12006 49 93 211
12007 50 55 211
12008 51 161 211
12009 52 122 211
12010 53 90 211
12011 54 248 211
12012 55 224 211
12013 56 186 211
12014 57 16 211
12015 58 111 211
12016 0 77 212
12017 1 224 212
12018 2 8 212
12019 3 69 212
12020 4 226 212
12021 5 164 212
12022 6 25 212
12023 7 18 212
12024 8 155 212
12025 9 146 212
12026 10 85 212
12027 11 109 212
12028 12 84 212
12029 13 51 212
12030 14 52 212
12031 15 68 212
12032 16 153 212
12033 17 220 212
12034 18 150 212
12035 19 79 212
12036 20 147 212
12037 21 214 212
12038 22 115 212
12039 23 59 212
12040 24 21 212
12041 25 76 212
12042 26 250 212
12043 27 126 212
12044 28 130 212
12045 29 65 212
12046 30 41 212
12047 31 230 212
12048 32 208 212
12049 33 119 212
12050 34 117 212
12051 35 150 212
12052 36 58 212
12053 37 124 212
12054 38 57 212
12055 39 253 212
12056 40 170 212
12057 41 49 212
12058 42 167 212
12059 43 65 212
12060 44 210 212
12061 45 55 212
12062 46 10 212
12063 47 161 212
12064 48 6 212
12065 49 213 212
12066 50 239 212
12067 51 11 212
12068 52 162 212
12069 53 6 212
12070 54 131 212
12071 55 181 212
12072 56 86 212
12073 57 81 212
12074 58 254 212
12075 59 226 212
12076 60 176 212
12077 61 79 212
12078 0 58 213
12079 1 50 213
12080 2 118 213
12081 3 227 213
12082 4 200 213
12083 5 212 213
12084 6 6 213
12085 7 122 213
12086 8 53 213
12087 9 232 213
12088 10 240 213
12089 11 49 213
12090 12 120 213
12091 13 40 213
12092 14 177 213
12093 15 108 213
12094 16 36 213
12095 17 171 213
12096 18 61 213
12097 19 207 213
12098 20 27 213
12099 21 136 213
12100 22 124 213
12101 23 240 213
12102 24 113 213
12103 25 150 213
12104 26 7 213
12105 27 254 213
12106 28 35 213
12107 29 97 213
12108 30 143 213
12109 31 98 213
12110 32 40 213
12111 33 246 213
12112 34 62 213
12113 35 246 213
12114 36 140 213
12115 37 236 213
12116 38 230 213
12117 39 12 213
12118 40 39 213
12119 41 233 213
12120 42 48 213
12121 43 172 213
12122 44 237 213
12123 45 233 213
12124 46 60 213
12125 47 195 213
12126 48 250 213
12127 49 29 213
12128 50 57 213
12129 51 54 213
12130 52 216 213
12131 53 111 213
12132 54 236 213
12133 55 178 213
12134 56 96 213
12135 57 204 213
12136 58 55 213
12137 59 38 213
12138 60 30 213
12139 61 107 213
12140 62 150 213
12141 0 84 214
12142 1 243 214
12143 2 66 214
12144 3 152 214
12145 4 150 214
12146 5 14 214
12147 6 165 214
12148 7 156 214
12149 8 215 214
12150 9 229 214
12151 10 43 214
12152 11 106 214
12153 12 87 214
12154 13 120 214
12155 14 59 214
12156 15 209 214
12157 16 106 214
12158 17 138 214
12159 18 64 214
12160 19 197 214
12161 20 253 214
12162 21 126 214
12163 22 205 214
12164 23 233 214
12165 24 23 214
12166 25 106 214
12167 26 141 214
12168 27 233 214
12169 28 211 214
12170 29 248 214
12171 30 218 214
12172 31 236 214
12173 32 204 214
12174 33 185 214
12175 34 116 214
12176 35 35 214
12177 36 74 214
12178 37 4 214
12179 38 166 214
12180 39 36 214
12181 40 256 214
12182 41 181 214
12183 42 11 214
12184 43 50 214
12185 44 54 214
12186 45 16 214
12187 46 21 214
12188 47 85 214
12189 48 141 214
12190 49 210 214
12191 50 23 214
12192 51 217 214
12193 52 219 214
12194 53 146 214
12195 54 105 214
12196 55 187 214
12197 56 116 214
12198 57 183 214
12199 58 174 214
12200 59 143 214
12201 60 112 214
12202 63 171 214
12203 61 136 214
12204 62 74 214
12205 64 153 214
12206 65 168 214
12207 0 19 215
12208 1 147 215
12209 2 67 215
12210 3 194 215
12211 4 242 215
12212 5 253 215
12213 6 200 215
12214 7 54 215
12215 8 120 215
12216 9 91 215
12217 10 2 215
12218 11 134 215
12219 12 181 215
12220 13 150 215
12221 14 242 215
12222 15 143 215
12223 16 183 215
12224 17 74 215
12225 18 156 215
12226 19 70 215
12227 20 210 215
12228 21 12 215
12229 22 230 215
12230 23 97 215
12231 24 87 215
12232 25 33 215
12233 26 21 215
12234 27 242 215
12235 28 33 215
12236 29 73 215
12237 30 209 215
12238 31 248 215
12239 32 23 215
12240 33 194 215
12241 34 198 215
12242 63 242 215
12243 38 70 215
12244 59 23 215
12245 56 105 215
12246 54 215 215
12247 48 199 215
12248 51 41 215
12249 49 38 215
12250 44 143 215
12251 45 241 215
12252 42 150 215
12253 41 213 215
12254 39 25 215
12255 36 164 215
12256 35 130 215
12257 37 76 215
12258 40 153 215
12259 66 12 215
12260 64 121 215
12261 62 127 215
12262 60 179 215
12263 58 28 215
12264 57 134 215
12265 55 160 215
12266 52 221 215
12267 50 184 215
12268 53 25 215
12269 46 249 215
12270 47 10 215
12271 43 89 215
12272 61 67 215
12273 65 110 215
12274 67 62 215
12275 0 149 216
12276 1 43 216
12277 34 90 216
12278 63 96 216
12279 38 40 216
12280 59 7 216
12281 56 106 216
12282 54 159 216
12283 48 196 216
12284 51 46 216
12285 49 168 216
12286 44 195 216
12287 45 51 216
12288 42 129 216
12289 41 76 216
12290 39 97 216
12291 36 110 216
12292 68 181 216
12293 66 49 216
12294 64 48 216
12295 62 61 216
12296 60 88 216
12297 58 232 216
12298 57 230 216
12299 55 63 216
12300 52 179 216
12301 50 56 216
12302 53 138 216
12303 46 154 216
12304 47 131 216
12305 43 23 216
12306 40 59 216
12307 69 238 217
12308 67 41 216
12309 65 4 216
12310 63 208 217
12311 61 11 216
12312 59 58 217
12313 56 222 217
12314 54 234 217
12315 48 188 217
12316 51 14 217
12317 49 107 217
12318 44 235 217
12319 45 239 217
12320 42 35 217
12321 70 211 217
12322 68 178 217
12323 66 156 217
12324 64 104 217
12325 62 175 217
12326 60 105 217
12327 58 160 217
12328 57 182 217
12329 55 93 217
12330 52 88 217
12331 50 207 217
12332 53 240 217
12333 46 248 217
12334 71 117 217
12335 69 173 218
12336 67 67 217
12337 65 180 217
12338 63 108 218
12339 61 238 217
12340 59 40 218
12341 56 185 218
12342 54 226 218
12343 48 67 218
12344 51 116 218
12345 49 189 218
12346 72 39 218
12347 70 243 218
12348 68 43 218
12349 66 139 218
12350 64 54 218
12351 62 165 218
12352 60 99 218
12353 58 4 218
12354 57 123 218
12355 55 43 218
12356 52 105 218
12357 73 37 218
12358 71 125 218
12359 69 75 219
12360 67 202 218
12361 65 133 218
12362 63 234 219
12363 61 173 218
12364 59 1 219
12365 56 87 219
12366 54 136 219
12367 74 37 219
12368 72 213 219
12369 70 141 219
12370 68 136 219
12371 66 127 219
12372 64 117 219
12373 62 229 219
12374 60 86 219
12375 58 180 219
12376 75 153 219
12377 73 123 219
12378 71 228 219
12379 69 34 220
12380 67 144 219
12381 65 74 219
12382 63 250 220
12383 61 75 219
12384 76 205 220
12385 74 123 220
12386 72 76 220
12387 70 177 220
12388 68 209 220
12389 66 62 220
12390 64 125 220
12391 77 167 220
12392 75 203 220
12393 73 138 220
12394 71 237 220
12395 69 245 221
12396 67 108 220
12397 78 167 221
12398 76 230 221
12399 74 138 221
12400 72 79 221
12401 70 255 221
12402 79 53 221
12403 77 62 221
12404 75 140 221
12405 73 42 221
12406 80 189 222
12407 78 62 222
12408 76 70 222
12409 81 240 222
12410 79 72 222
12411 82 40 222
12412 83 221 223
12413 80 233 223
12414 77 253 222
12415 74 249 222
12416 71 170 221
12417 68 199 221
12418 65 76 220
12419 62 222 220
12420 59 111 220
12421 57 79 219
12422 53 98 218
12423 50 151 218
12424 47 68 217
12425 44 136 218
12426 41 194 217
12427 38 215 217
12428 35 250 216
12429 2 89 216
12430 3 73 216
12431 4 166 216
12432 5 168 216
12433 6 56 216
12434 7 5 216
12435 8 110 216
12436 9 177 216
12437 10 50 216
12438 11 82 216
12439 12 89 216
12440 13 110 216
12441 14 108 216
12442 15 109 216
12443 16 13 216
12444 17 225 216
12445 18 249 216
12446 19 143 216
12447 20 143 216
12448 21 69 216
12449 22 219 216
12450 84 219 224
12451 81 251 223
12452 78 253 223
12453 75 85 222
12454 72 228 222
12455 69 114 222
12456 66 193 221
12457 63 184 221
12458 60 37 220
12459 56 107 220
12460 55 230 219
12461 51 102 219
12462 48 68 219
12463 45 97 218
12464 43 96 217
12465 39 118 217
12466 37 72 216
12467 33 213 216
12468 30 142 216
12469 23 101 216
12470 24 63 216
12471 25 248 216
12472 26 195 216
12473 27 197 216
12474 28 168 216
12475 29 190 216
12476 31 39 216
12477 32 108 216
12478 0 103 217
12479 1 238 217
12480 2 181 217
12481 3 57 217
12482 4 5 217
12483 5 237 217
12484 6 104 217
12485 7 234 217
12486 8 68 217
12487 85 215 224
12488 82 256 223
12489 79 128 223
12490 76 171 223
12491 73 157 222
12492 70 19 222
12493 67 106 221
12494 64 92 221
12495 61 101 220
12496 58 153 220
12497 54 64 220
12498 52 17 219
12499 49 137 219
12500 46 177 218
12501 42 147 218
12502 40 191 217
12503 36 131 217
12504 34 235 217
12505 9 61 217
12506 10 1 217
12507 11 46 217
12508 12 74 217
12509 13 24 217
12510 14 149 217
12511 15 183 217
12512 16 29 217
12513 17 252 217
12514 18 26 217
12515 19 30 217
12516 20 207 217
12517 21 219 217
12518 22 2 217
12519 23 17 217
12520 24 169 217
12521 25 161 217
12522 26 210 217
12523 86 127 225
12524 83 64 224
12525 80 214 224
12526 77 207 223
12527 74 157 223
12528 71 69 222
12529 68 46 222
12530 65 179 221
12531 62 205 221
12532 59 231 221
12533 57 2 220
12534 53 197 219
12535 50 217 219
12536 47 79 218
12537 44 158 219
12538 41 112 218
12539 38 246 218
12540 35 41 217
12541 27 111 217
12542 28 254 217
12543 29 149 217
12544 30 246 217
12545 31 127 217
12546 32 44 217
12547 33 237 217
12548 37 134 217
12549 0 217 218
12550 1 216 218
12551 2 116 218
12552 3 101 218
12553 4 170 218
12554 5 226 218
12555 6 242 218
12556 7 101 218
12557 8 115 218
12558 87 32 225
12559 84 18 225
12560 81 182 224
12561 78 207 224
12562 75 163 223
12563 72 23 223
12564 69 140 223
12565 66 33 222
12566 63 244 222
12567 60 77 221
12568 56 254 221
12569 55 255 220
12570 51 247 220
12571 48 79 220
12572 45 56 219
12573 43 94 218
12574 39 190 218
12575 9 102 218
12576 10 179 218
12577 11 189 218
12578 12 106 218
12579 13 60 218
12580 14 148 218
12581 15 23 218
12582 17 256 218
12583 16 137 218
12584 18 73 218
12585 19 148 218
12586 20 63 218
12587 21 9 218
12588 22 69 218
12589 23 22 218
12590 24 79 218
12591 25 59 218
12592 88 16 225
12593 85 19 225
12594 82 116 224
12595 79 58 224
12596 76 210 224
12597 73 35 223
12598 70 109 223
12599 67 253 222
12600 64 122 222
12601 61 106 221
12602 58 242 221
12603 54 75 221
12604 52 84 220
12605 49 42 220
12606 46 28 219
12607 42 147 219
12608 40 203 218
12609 36 23 218
12610 34 239 218
12611 26 123 218
12612 27 133 218
12613 28 44 218
12614 29 224 218
12615 30 109 218
12616 31 214 218
12617 32 210 218
12618 33 223 218
12619 35 31 218
12620 37 234 218
12621 0 179 219
12622 1 138 219
12623 2 223 219
12624 3 34 219
12625 89 4 226
12626 86 174 226
12627 83 29 225
12628 80 105 225
12629 77 146 224
12630 74 35 224
12631 71 220 223
12632 68 61 223
12633 65 53 222
12634 62 121 222
12635 59 189 222
12636 57 235 221
12637 53 21 220
12638 50 14 220
12639 47 88 219
12640 44 176 220
12641 41 115 219
12642 38 248 219
12643 4 227 219
12644 5 120 219
12645 6 128 219
12646 7 82 219
12647 8 174 219
12648 9 145 219
12649 10 242 219
12650 11 8 219
12651 12 221 219
12652 13 43 219
12653 14 11 219
12654 15 20 219
12655 16 193 219
12656 17 149 219
12657 90 87 227
12658 87 143 226
12659 84 91 226
12660 81 219 225
12661 78 146 225
12662 75 110 224
12663 72 159 224
12664 69 208 224
12665 66 31 223
12666 63 223 223
12667 60 63 222
12668 56 212 222
12669 55 121 221
12670 51 132 221
12671 48 88 221
12672 45 186 220
12673 43 200 219
12674 39 62 219
12675 18 144 219
12676 19 185 219
12677 20 151 219
12678 21 118 219
12679 22 36 219
12680 23 132 219
12681 24 160 219
12682 25 223 219
12683 26 181 219
12684 27 149 219
12685 28 2 219
12686 29 31 219
12687 30 194 219
12688 91 43 227
12689 88 200 226
12690 85 117 226
12691 82 165 225
12692 79 211 225
12693 76 55 225
12694 73 52 224
12695 70 206 224
12696 67 172 223
12697 64 240 223
12698 61 40 222
12699 58 198 222
12700 54 41 222
12701 52 22 221
12702 49 11 221
12703 46 93 220
12704 42 178 220
12705 40 96 219
12706 36 212 219
12707 34 32 219
12708 31 137 219
12709 32 41 219
12710 33 12 219
12711 35 216 219
12712 37 126 219
12713 0 9 220
12714 1 142 220
12715 2 176 220
12716 3 180 220
12717 4 116 220
12718 92 100 227
12719 89 50 227
12720 86 119 227
12721 83 234 226
12722 80 156 226
12723 77 26 225
12724 74 52 225
12725 71 180 224
12726 68 120 224
12727 65 20 223
12728 62 99 223
12729 59 178 223
12730 57 37 222
12731 53 134 221
12732 50 175 221
12733 47 72 220
12734 44 144 221
12735 41 24 220
12736 38 16 220
12737 5 224 220
12738 6 120 220
12739 7 214 220
12740 8 233 220
12741 9 25 220
12742 10 158 220
12743 11 170 220
12744 12 195 220
12745 13 214 220
12746 14 234 220
12747 93 25 228
12748 90 188 228
12749 87 117 227
12750 84 105 227
12751 81 39 226
12752 78 26 226
12753 75 90 225
12754 72 60 225
12755 69 30 225
12756 66 52 224
12757 63 89 224
12758 60 145 223
12759 56 100 223
12760 55 125 222
12761 51 108 222
12762 48 72 222
12763 45 12 221
12764 43 207 220
12765 39 4 220
12766 15 70 220
12767 16 91 220
12768 17 86 220
12769 18 88 220
12770 19 227 220
12771 20 178 220
12772 21 64 220
12773 22 38 220
12774 23 94 220
12775 95 85 228
12776 91 152 228
12777 88 187 227
12778 85 231 227
12779 82 135 226
12780 79 196 226
12781 76 45 226
12782 73 136 225
12783 70 5 225
12784 67 142 224
12785 64 173 224
12786 61 243 223
12787 58 162 223
12788 54 226 223
12789 52 18 222
12790 49 9 222
12791 46 6 221
12792 42 31 221
12793 40 172 220
12794 36 120 220
12795 34 143 220
12796 24 224 220
12797 25 99 220
12798 26 121 220
12799 27 68 220
12800 28 147 220
12801 29 187 220
12802 94 140 229
12803 92 222 228
12804 89 111 228
12805 86 74 228
12806 83 98 227
12807 80 151 227
12808 77 68 226
12809 74 136 226
12810 71 194 225
12811 68 215 225
12812 65 250 224
12813 62 81 224
12814 59 169 224
12815 57 122 223
12816 53 133 222
12817 50 3 222
12818 47 129 221
12819 44 1 222
12820 41 43 221
12821 38 200 221
12822 35 119 220
12823 30 60 220
12824 31 146 220
12825 32 57 220
12826 33 157 220
12827 37 175 220
12828 97 134 229
12829 93 184 229
12830 90 37 229
12831 87 49 228
12832 84 164 228
12833 81 102 227
12834 78 68 227
12835 75 97 226
12836 72 236 226
12837 69 118 226
12838 66 247 225
12839 63 213 225
12840 60 142 224
12841 56 39 224
12842 55 217 223
12843 51 65 223
12844 48 129 223
12845 45 150 222
12846 43 139 221
12847 39 50 221
12848 0 8 221
12849 1 73 221
12850 2 170 221
12851 3 124 221
12852 4 28 221
12853 96 112 230
12854 95 145 229
12855 91 101 229
12856 88 153 228
12857 85 255 228
12858 82 17 227
12859 79 137 227
12860 76 177 227
12861 73 158 226
12862 70 191 226
12863 67 18 225
12864 64 235 225
12865 61 82 224
12866 58 226 224
12867 54 46 224
12868 52 225 223
12869 49 241 223
12870 46 75 222
12871 42 89 222
12872 40 94 221
12873 36 173 221
12874 34 117 221
12875 5 115 221
12876 6 109 221
12877 98 46 231
12878 94 248 230
12879 92 205 229
12880 89 231 229
12881 86 154 229
12882 83 197 228
12883 80 217 228
12884 77 79 227
12885 74 158 227
12886 71 112 226
12887 68 246 226
12888 65 41 225
12889 62 113 225
12890 59 185 225
12891 57 160 224
12892 53 249 223
12893 50 166 223
12894 47 199 222
12895 44 141 223
12896 41 152 222
12897 38 187 222
12898 35 74 221
12899 7 254 221
12900 99 140 231
12901 97 68 230
12902 93 244 230
12903 90 77 230
12904 87 227 229
12905 84 94 229
12906 81 247 228
12907 78 79 228
12908 75 56 227
12909 72 123 227
12910 69 190 227
12911 66 106 226
12912 63 221 226
12913 60 233 225
12914 56 153 225
12915 55 93 224
12916 51 170 224
12917 48 199 224
12918 45 76 223
12919 43 108 222
12920 39 111 222
12921 36 74 222
12922 100 109 231
12923 96 138 231
12924 95 174 230
12925 91 106 230
12926 88 242 229
12927 85 18 229
12928 82 84 228
12929 79 42 228
12930 76 28 228
12931 73 176 227
12932 70 203 227
12933 67 222 226
12934 64 239 226
12935 61 254 225
12936 58 255 225
12937 54 23 225
12938 52 114 224
12939 49 57 224
12940 46 38 223
12941 42 125 223
12942 40 147 222
12943 101 220 232
12944 98 61 232
12945 94 81 231
12946 92 121 230
12947 89 189 230
12948 86 126 230
12949 83 21 229
12950 80 14 229
12951 77 88 228
12952 74 176 228
12953 71 115 227
12954 68 248 227
12955 65 127 226
12956 62 256 226
12957 59 128 226
12958 57 229 225
12959 53 157 224
12960 50 19 224
12961 47 46 223
12962 44 92 224
12963 102 159 232
12964 99 208 232
12965 97 166 231
12966 93 223 231
12967 90 63 231
12968 87 139 230
12969 84 112 230
12970 81 132 229
12971 78 88 229
12972 75 186 228
12973 72 124 228
12974 69 62 228
12975 66 229 227
12976 63 64 227
12977 60 214 226
12978 56 227 226
12979 55 94 225
12980 51 69 225
12981 48 46 225
12982 103 52 232
12983 100 206 232
12984 96 36 232
12985 95 5 231
12986 91 40 231
12987 88 198 230
12988 85 215 230
12989 82 22 229
12990 79 11 229
12991 76 93 229
12992 73 144 228
12993 70 96 228
12994 67 111 227
12995 64 32 227
12996 61 91 226
12997 58 232 226
12998 54 207 226
12999 52 140 225
13000 104 52 234
13001 101 180 233
13002 98 120 233
13003 94 68 232
13004 92 99 231
13005 89 178 231
13006 86 33 231
13007 83 134 230
13008 80 175 230
13009 77 72 229
13010 74 144 229
13011 71 24 228
13012 68 16 228
13013 65 174 227
13014 62 116 227
13015 59 58 227
13016 56 210 227
13017 105 90 234
13018 102 60 233
13019 99 30 233
13020 97 207 232
13021 93 89 232
13022 90 145 232
13023 87 67 231
13024 84 63 231
13025 81 108 230
13026 78 72 230
13027 75 12 229
13028 72 8 229
13029 69 4 229
13030 66 85 228
13031 63 29 228
13032 60 105 227
13033 106 45 234
13034 103 136 233
13035 100 5 233
13036 96 86 233
13037 95 51 232
13038 91 243 232
13039 88 162 231
13040 85 241 231
13041 82 18 230
13042 79 9 230
13043 76 6 230
13044 73 1 229
13045 70 172 229
13046 67 228 228
13047 64 143 228
13048 107 68 234
13049 104 136 235
13050 101 194 234
13051 98 215 234
13052 94 185 233
13053 92 81 232
13054 89 169 232
13055 86 27 232
13056 83 133 231
13057 80 3 231
13058 77 129 230
13059 74 1 230
13060 71 43 229
13061 68 200 229
13062 109 135 235
13063 105 97 235
13064 102 236 234
13065 99 118 234
13066 97 183 233
13067 93 213 233
13068 90 142 233
13069 87 195 232
13070 84 9 232
13071 81 65 231
13072 78 129 231
13073 75 150 230
13074 72 100 230
13075 108 89 236
13076 106 177 235
13077 103 158 234
13078 100 191 234
13079 96 199 234
13080 95 44 233
13081 91 82 233
13082 88 226 232
13083 85 233 232
13084 82 225 231
13085 79 241 231
13086 76 75 231
13087 110 217 236
13088 107 79 235
13089 104 158 236
13090 101 112 235
13091 98 246 235
13092 94 149 234
13093 92 113 233
13094 89 185 233
13095 86 209 233
13096 83 249 232
13097 80 166 232
13098 111 247 237
13099 109 86 236
13100 105 56 236
13101 102 123 235
13102 99 190 235
13103 97 180 234
13104 93 221 234
13105 90 233 234
13106 87 253 233
13107 84 83 233
13108 112 84 237
13109 108 69 237
13110 106 28 236
13111 103 176 235
13112 100 203 235
13113 96 92 235
13114 95 6 234
13115 91 254 234
13116 88 255 233
13117 113 21 237
13118 110 14 237
13119 107 88 236
13120 104 176 237
13121 101 115 236
13122 98 248 236
13123 94 124 235
13124 92 256 234
13125 115 45 238
13126 111 132 238
13127 109 10 237
13128 105 186 237
13129 102 124 236
13130 99 62 236
13131 96 127 236
13132 114 36 239
13133 112 22 238
13134 108 6 238
13135 106 93 237
13136 103 144 236
13137 100 96 236
13138 116 33 239
13139 113 134 238
13140 110 175 238
13141 107 72 237
13142 104 144 238
13143 117 67 239
13144 115 203 239
13145 111 108 239
13146 109 48 238
13147 118 162 240
13148 114 67 240
13149 112 18 239
13150 119 169 241
13151 116 27 240
13152 120 142 242
13153 8 176 221
13154 9 90 221
13155 10 250 221
13156 11 165 221
13157 12 154 221
13158 13 16 221
13159 14 13 221
13160 15 11 221
13161 16 233 221
13162 17 233 221
13163 18 85 221
13164 0 220 222
13165 0 220 223
13166 0 220 224
13167 0 220 225
13168 0 220 226
13169 0 220 227
13170 0 220 228
13171 19 251 221
13172 20 123 221
13173 21 139 221
13174 22 101 221
13175 23 199 221
13176 24 64 221
13177 25 24 221
13178 26 251 221
13179 27 219 221
13180 28 91 221
13181 29 24 221
13182 30 103 221
13183 31 244 221
13184 32 227 221
13185 1 216 222
13186 1 216 223
13187 1 216 224
13188 33 34 221
13189 37 139 221
13190 2 68 222
13191 3 241 222
13192 4 29 222
13193 5 109 222
13194 6 187 222
13195 7 245 222
13196 8 230 222
13197 9 83 222
13198 10 93 222
13199 11 142 222
13200 12 171 222
13201 13 158 222
13202 14 166 222
13203 15 43 222
13204 16 156 222
13205 17 94 222
13206 18 113 222
13207 19 116 222
13208 20 65 222
13209 21 170 222
13210 22 44 222
13211 23 239 222
13212 24 223 222
13213 25 194 222
13214 26 172 222
13215 27 176 222
13216 28 195 222
13217 29 200 222
13218 30 132 222
13219 31 106 222
13220 32 44 222
13221 33 160 222
13222 34 2 222
13223 35 118 222
13224 37 174 222
13225 2 37 223
13226 3 77 223
13227 4 140 223
13228 5 208 223
13229 6 116 223
13230 7 7 223
13231 8 100 223
13232 9 250 223
13233 10 158 223
13234 11 149 223
13235 12 135 223
13236 13 226 223
13237 14 32 223
13238 15 190 223
13239 16 42 223
13240 17 54 223
13241 18 222 223
13242 19 176 223
13243 20 57 223
13244 21 222 223
13245 22 112 223
13246 23 13 223
13247 24 142 223
13248 25 169 223
13249 26 133 223
13250 27 123 223
13251 28 157 223
13252 29 163 223
13253 30 122 223
13254 31 73 223
13255 32 213 223
13256 33 153 223
13257 34 7 223
13258 35 228 223
13259 36 46 223
13260 37 105 223
13261 38 20 223
13262 39 201 223
13263 40 158 223
13264 41 67 223
13265 43 18 223
13266 2 120 224
13267 3 120 224
13268 4 182 224
13269 5 192 224
13270 6 20 224
13271 7 87 224
13272 8 29 224
13273 9 136 224
13274 10 77 224
13275 11 147 224
13276 12 159 224
13277 13 132 224
13278 14 19 224
13279 15 184 224
13280 16 1 224
13281 17 251 224
13282 18 127 224
13283 19 122 224
13284 20 52 224
13285 21 228 224
13286 22 166 224
13287 23 94 224
13288 24 176 224
13289 25 82 224
13290 26 70 224
13291 27 159 224
13292 28 207 224
13293 29 207 224
13294 30 112 224
13295 31 42 224
13296 32 32 224
13297 33 60 224
13298 34 12 224
13299 35 239 224
13300 36 9 224
13301 37 216 224
13302 38 40 224
13303 39 171 224
13304 40 56 224
13305 41 243 224
13306 42 128 224
13307 43 114 224
13308 45 13 224
13309 46 215 224
13310 47 118 224
13311 1 12 225
13312 2 176 225
13313 3 247 225
13314 4 213 225
13315 5 125 225
13316 6 177 225
13317 7 81 225
13318 8 70 225
13319 9 1 225
13320 10 247 225
13321 11 63 225
13322 12 211 225
13323 13 235 225
13324 14 10 225
13325 15 207 225
13326 16 189 225
13327 17 4 225
13328 18 155 225
13329 19 176 225
13330 20 120 225
13331 21 96 225
13332 22 207 225
13333 23 126 225
13334 24 255 225
13335 25 26 225
13336 26 64 225
13337 27 141 225
13338 28 161 225
13339 29 229 225
13340 30 76 225
13341 31 41 225
13342 32 127 225
13343 33 59 225
13344 34 142 225
13345 35 181 225
13346 36 216 225
13347 37 206 225
13348 38 117 225
13349 39 224 225
13350 40 128 225
13351 41 86 225
13352 42 170 225
13353 43 156 225
13354 44 168 225
13355 45 153 225
13356 46 242 225
13357 47 10 225
13358 49 138 225
13359 50 203 225
13360 53 185 225
13361 1 221 226
13362 2 118 226
13363 3 47 226
13364 4 50 226
13365 5 34 226
13366 6 236 226
13367 7 90 226
13368 8 1 226
13369 9 128 226
13370 10 212 226
13371 11 59 226
13372 12 222 226
13373 13 113 226
13374 14 171 226
13375 15 39 226
13376 16 201 226
13377 17 17 226
13378 18 256 226
13379 19 181 226
13380 20 197 226
13381 21 171 226
13382 22 71 226
13383 23 31 226
13384 24 172 226
13385 25 151 226
13386 26 172 226
13387 27 189 226
13388 28 130 226
13389 29 40 226
13390 30 124 226
13391 31 69 226
13392 32 82 226
13393 33 249 226
13394 34 174 226
13395 35 55 226
13396 36 187 226
13397 37 42 226
13398 38 84 226
13399 39 14 226
13400 40 49 226
13401 41 92 226
13402 42 57 226
13403 43 98 226
13404 44 234 226
13405 45 142 226
13406 46 198 226
13407 47 84 226
13408 48 194 226
13409 49 121 226
13410 50 142 226
13411 51 113 226
13412 52 177 226
13413 53 56 226
13414 55 6 226
13415 57 56 226
13416 1 173 227
13417 2 165 227
13418 3 90 227
13419 4 206 227
13420 5 14 227
13421 6 218 227
13422 7 211 227
13423 8 155 227
13424 9 17 227
13425 10 67 227
13426 11 127 227
13427 12 249 227
13428 13 180 227
13429 14 9 227
13430 15 144 227
13431 16 145 227
13432 17 104 227
13433 18 237 227
13434 19 213 227
13435 20 154 227
13436 21 223 227
13437 22 85 227
13438 23 146 227
13439 24 21 227
13440 25 42 227
13441 26 78 227
13442 27 111 227
13443 28 5 227
13444 29 245 227
13445 30 45 227
13446 31 184 227
13447 32 42 227
13448 33 97 227
13449 34 20 227
13450 35 136 227
13451 36 96 227
13452 37 122 227
13453 38 204 227
13454 39 97 227
13455 40 8 227
13456 41 91 227
13457 42 226 227
13458 43 206 227
13459 44 131 227
13460 45 91 227
13461 46 76 227
13462 47 245 227
13463 48 109 227
13464 49 122 227
13465 50 128 227
13466 51 209 227
13467 52 192 227
13468 53 215 227
13469 54 8 227
13470 55 17 227
13471 57 51 227
13472 58 83 227
13473 61 19 227
13474 1 13 228
13475 2 255 228
13476 3 158 228
13477 4 66 228
13478 5 20 228
13479 6 232 228
13480 7 92 228
13481 8 87 228
13482 9 207 228
13483 10 80 228
13484 11 138 228
13485 12 21 228
13486 13 213 228
13487 14 113 228
13488 15 107 228
13489 16 58 228
13490 17 121 228
13491 18 218 228
13492 19 41 228
13493 20 17 228
13494 21 124 228
13495 22 32 228
13496 23 84 228
13497 24 205 228
13498 25 62 228
13499 26 108 228
13500 27 69 228
13501 28 248 228
13502 29 185 228
13503 30 136 228
13504 31 194 228
13505 32 145 228
13506 33 152 228
13507 34 84 228
13508 35 32 228
13509 36 62 228
13510 37 39 228
13511 38 118 228
13512 39 68 228
13513 40 87 228
13514 41 151 228
13515 42 4 228
13516 43 114 228
13517 44 254 228
13518 45 228 228
13519 46 54 228
13520 47 114 228
13521 48 229 228
13522 49 182 228
13523 50 39 228
13524 51 1 228
13525 52 40 228
13526 53 244 228
13527 54 175 228
13528 55 219 228
13529 56 101 228
13530 57 124 228
13531 58 56 228
13532 59 37 228
13533 60 23 228
13534 61 191 228
13535 62 233 228
13536 65 21 228
13537 0 195 229
13538 1 41 229
13539 2 92 229
13540 3 68 229
13541 4 163 229
13542 5 77 229
13543 6 183 229
13544 7 49 229
13545 8 26 229
13546 9 116 229
13547 10 193 229
13548 11 136 229
13549 12 235 229
13550 13 135 229
13551 14 89 229
13552 15 62 229
13553 16 95 229
13554 17 139 229
13555 18 222 229
13556 19 203 229
13557 21 87 229
13558 20 130 229
13559 22 147 229
13560 23 87 229
13561 24 81 229
13562 25 154 229
13563 26 236 229
13564 27 252 229
13565 28 151 229
13566 29 235 229
13567 30 233 229
13568 31 171 229
13569 32 207 229
13570 33 70 229
13571 34 173 229
13572 35 116 229
13573 36 226 229
13574 37 176 229
13575 38 95 229
13576 39 124 229
13577 40 174 229
13578 41 133 229
13579 42 252 229
13580 43 57 229
13581 44 36 229
13582 45 98 229
13583 46 155 229
13584 47 141 229
13585 48 153 229
13586 49 115 229
13587 50 90 229
13588 51 107 229
13589 52 164 229
13590 53 174 229
13591 54 1 229
13592 55 5 229
13593 56 192 229
13594 57 188 229
13595 58 244 229
13596 59 212 229
13597 60 118 229
13598 61 34 229
13599 62 57 229
13600 63 125 229
13601 64 175 229
13602 65 253 229
13603 66 148 229
13604 67 7 229
13605 0 177 230
13606 1 225 230
13607 2 10 230
13608 3 245 230
13609 4 130 230
13610 5 135 230
13611 6 123 230
13612 7 66 230
13613 8 180 230
13614 9 216 230
13615 10 96 230
13616 11 113 230
13617 12 66 230
13618 13 99 230
13619 14 187 230
13620 15 83 230
13621 16 162 230
13622 17 163 230
13623 18 231 230
13624 19 7 230
13625 20 22 230
13626 21 97 230
13627 22 69 230
13628 23 89 230
13629 24 52 230
13630 25 184 230
13631 26 250 230
13632 27 57 230
13633 28 119 230
13634 29 6 230
13635 30 186 230
13636 31 89 230
13637 32 202 230
13638 33 11 230
13639 34 220 230
13640 35 40 230
13641 36 155 230
13642 37 197 230
13643 38 107 230
13644 39 184 230
13645 40 9 230
13646 41 64 230
13647 42 255 230
13648 43 217 230
13649 44 97 230
13650 45 59 230
13651 46 186 230
13652 47 18 230
13653 48 13 230
13654 49 3 230
13655 50 10 230
13656 51 24 230
13657 52 219 230
13658 53 30 230
13659 54 186 230
13660 55 31 230
13661 56 144 230
13662 57 169 230
13663 58 247 230
13664 59 110 230
13665 60 114 230
13666 61 146 230
13667 62 39 230
13668 63 2 230
13669 64 50 230
13670 65 48 230
13671 66 135 230
13672 67 25 230
13673 68 103 230
13674 69 242 230
13675 70 178 230
13676 71 249 230
13677 73 179 230
13678 0 158 231
13679 1 223 231
13680 2 178 231
13681 3 148 231
13682 4 234 231
13683 5 123 231
13684 6 177 231
13685 7 240 231
13686 8 61 231
13687 9 170 231
13688 10 141 231
13689 11 256 231
13690 12 55 231
13691 13 241 231
13692 14 145 231
13693 15 191 231
13694 16 156 231
13695 17 35 231
13696 18 114 231
13697 19 19 231
13698 20 218 231
13699 21 228 231
13700 22 67 231
13701 23 138 231
13702 24 35 231
13703 25 51 231
13704 26 52 231
13705 27 43 231
13706 28 192 231
13707 29 208 231
13708 30 231 231
13709 31 160 231
13710 32 30 231
13711 33 233 231
13712 34 13 231
13713 35 191 231
13714 36 237 231
13715 38 210 231
13716 37 97 231
13717 39 81 231
13718 40 20 231
13719 41 47 231
13720 42 15 231
13721 43 197 231
13722 44 50 231
13723 45 109 231
13724 46 81 231
13725 47 137 231
13726 48 161 231
13727 49 175 231
13728 50 115 231
13729 51 37 231
13730 52 73 231
13731 53 77 231
13732 54 95 231
13733 55 256 231
13734 56 101 231
13735 57 206 231
13736 58 34 231
13737 59 146 231
13738 60 189 231
13739 61 236 231
13740 62 228 231
13741 63 131 231
13742 64 23 231
13743 65 96 231
13744 66 37 231
13745 67 21 231
13746 68 212 231
13747 69 124 231
13748 70 137 231
13749 71 77 231
13750 72 28 231
13751 73 121 231
13752 74 109 231
13753 75 46 231
13754 77 200 231
13755 0 147 232
13756 1 236 232
13757 2 220 232
13758 3 77 232
13759 4 104 232
13760 5 202 232
13761 6 197 232
13762 7 220 232
13763 8 60 232
13764 9 229 232
13765 10 128 232
13766 11 124 232
13767 12 249 232
13768 13 224 232
13769 14 72 232
13770 15 218 232
13771 16 47 232
13772 17 90 232
13773 18 128 232
13774 19 110 232
13775 20 47 232
13776 21 198 232
13777 22 40 232
13778 23 29 232
13779 24 166 232
13780 25 21 232
13781 26 17 232
13782 27 72 232
13783 28 68 232
13784 29 124 232
13785 30 24 232
13786 31 31 232
13787 32 256 232
13788 33 93 232
13789 34 39 232
13790 35 246 232
13791 36 71 232
13792 37 80 232
13793 38 197 232
13794 39 150 232
13795 40 11 232
13796 41 213 232
13797 42 88 232
13798 43 73 232
13799 44 67 232
13800 45 226 232
13801 46 55 232
13802 47 179 232
13803 48 59 232
13804 49 33 232
13805 50 43 232
13806 51 21 232
13807 52 96 232
13808 53 56 232
13809 54 193 232
13810 55 232 232
13811 56 32 232
13812 57 153 232
13813 59 199 232
13814 58 108 232
13815 60 125 232
13816 61 173 232
13817 62 87 232
13818 63 194 232
13819 64 70 232
13820 65 209 232
13821 66 64 232
13822 67 47 232
13823 68 52 232
13824 69 188 232
13825 70 97 232
13826 71 213 232
13827 72 131 232
13828 73 235 232
13829 74 171 232
13830 75 95 232
13831 76 106 232
13832 77 122 232
13833 78 166 232
13834 79 220 232
13835 81 179 232
13836 82 3 232
13837 0 188 233
13838 1 27 233
13839 2 78 233
13840 3 102 233
13841 4 40 233
13842 5 82 233
13843 6 247 233
13844 7 116 233
13845 8 60 233
13846 9 237 233
13847 10 215 233
13848 11 250 233
13849 12 250 233
13850 13 91 233
13851 14 233 233
13852 15 196 233
13853 16 169 233
13854 17 28 233
13855 18 24 233
13856 19 42 233
13857 20 21 233
13858 21 164 233
13859 22 106 233
13860 23 228 233
13861 24 200 233
13862 25 140 233
13863 26 141 233
13864 27 226 233
13865 28 79 233
13866 29 198 233
13867 30 102 233
13868 31 22 233
13869 32 238 233
13870 33 1 233
13871 34 193 233
13872 35 62 233
13873 36 56 233
13874 37 156 233
13875 38 249 233
13876 39 69 233
13877 40 30 233
13878 41 228 233
13879 42 205 233
13880 43 142 233
13881 44 176 233
13882 45 190 233
13883 46 100 233
13884 47 85 233
13885 48 150 233
13886 49 46 233
13887 50 225 233
13888 51 150 233
13889 52 237 233
13890 53 244 233
13891 54 5 233
13892 55 201 233
13893 56 107 233
13894 57 121 233
13895 58 181 233
13896 59 155 233
13897 60 114 233
13898 61 7 233
13899 62 254 233
13900 63 10 233
13901 64 42 233
13902 65 105 233
13903 66 117 233
13904 67 84 233
13905 68 89 233
13906 69 69 233
13907 70 83 233
13908 71 220 233
13909 72 115 233
13910 73 1 233
13911 74 83 233
13912 75 78 233
13913 76 232 233
13914 77 62 233
13915 78 192 233
13916 79 19 233
13917 80 122 233
13918 81 251 233
13919 82 180 233
13920 83 221 233
13921 85 221 233
13922 0 58 234
13923 1 161 234
13924 2 58 234
13925 3 158 234
13926 4 147 234
13927 5 144 234
13928 6 40 234
13929 7 134 234
13930 8 139 234
13931 9 192 234
13932 10 49 234
13933 11 106 234
13934 12 182 234
13935 13 183 234
13936 14 178 234
13937 15 109 234
13938 16 113 234
13939 17 135 234
13940 18 255 234
13941 19 138 234
13942 20 200 234
13943 21 95 234
13944 22 177 234
13945 23 196 234
13946 24 12 234
13947 25 14 234
13948 26 131 234
13949 27 239 234
13950 28 255 234
13951 29 248 234
13952 30 213 234
13953 31 81 234
13954 32 250 234
13955 33 4 234
13956 34 150 234
13957 35 87 234
13958 36 94 234
13959 37 198 234
13960 38 49 234
13961 39 249 234
13962 40 6 234
13963 41 78 234
13964 42 224 234
13965 43 106 234
13966 44 134 234
13967 45 130 234
13968 46 204 234
13969 47 215 234
13970 48 216 234
13971 49 27 234
13972 50 116 234
13973 51 208 234
13974 52 76 234
13975 53 7 234
13976 54 236 234
13977 55 45 234
13978 56 24 234
13979 57 245 234
13980 58 249 234
13981 59 171 234
13982 60 104 234
13983 61 225 234
13984 62 213 234
13985 63 162 234
13986 64 244 234
13987 65 202 234
13988 66 248 234
13989 67 54 234
13990 68 197 234
13991 69 76 234
13992 70 243 234
13993 71 177 234
13994 72 225 234
13995 73 64 234
13996 74 194 234
13997 75 236 234
13998 76 116 234
13999 77 62 234
14000 78 238 234
14001 79 105 234
14002 80 147 234
14003 81 13 234
14004 82 168 234
14005 83 237 234
14006 84 73 234
14007 85 216 234
14008 86 30 234
14009 87 63 234
14010 88 49 234
14011 89 27 234
14012 0 93 235
14013 1 254 235
14014 2 72 235
14015 3 36 235
14016 4 13 235
14017 5 250 235
14018 6 49 235
14019 7 48 235
14020 8 39 235
14021 9 233 235
14022 10 88 235
14023 11 121 235
14024 12 190 235
14025 13 150 235
14026 14 241 235
14027 15 35 235
14028 16 244 235
14029 17 128 235
14030 18 206 235
14031 19 246 235
14032 20 59 235
14033 21 229 235
14034 22 152 235
14035 23 133 235
14036 24 34 235
14037 25 62 235
14038 26 105 235
14039 27 80 235
14040 28 234 235
14041 29 123 235
14042 30 199 235
14043 31 136 235
14044 32 18 235
14045 33 160 235
14046 34 238 235
14047 35 204 235
14048 36 60 235
14049 37 74 235
14050 38 247 235
14051 39 18 235
14052 40 187 235
14053 41 97 235
14054 42 63 235
14055 43 169 235
14056 44 237 235
14057 45 203 235
14058 46 149 235
14059 47 14 235
14060 48 39 235
14061 49 227 235
14062 50 222 235
14063 51 190 235
14064 52 16 235
14065 53 72 235
14066 54 124 235
14067 55 251 235
14068 56 31 235
14069 57 2 235
14070 58 158 235
14071 59 226 235
14072 60 227 235
14073 61 12 235
14074 62 216 235
14075 63 24 235
14076 64 242 235
14077 65 181 235
14078 66 250 235
14079 67 218 235
14080 68 125 235
14081 69 87 235
14082 70 240 235
14083 71 84 235
14084 72 202 235
14085 73 30 235
14086 74 42 235
14087 75 181 235
14088 76 182 235
14089 77 163 235
14090 78 197 235
14091 79 141 235
14092 80 203 235
14093 81 216 235
14094 82 121 235
14095 83 219 235
14096 84 50 235
14097 85 79 235
14098 86 77 235
14099 87 234 235
14100 88 29 235
14101 89 197 235
14102 90 115 235
14103 91 196 235
14104 92 179 235
14105 93 4 235
14106 95 116 235
14107 97 57 235
14108 0 234 236
14109 1 47 236
14110 2 240 236
14111 3 58 236
14112 4 87 236
14113 5 190 236
14114 6 14 236
14115 7 110 236
14116 8 219 236
14117 9 218 236
14118 10 155 236
14119 11 6 236
14120 12 150 236
14121 13 175 236
14122 14 196 236
14123 15 222 236
14124 16 173 236
14125 17 196 236
14126 18 243 236
14127 19 155 236
14128 20 137 236
14129 21 247 236
14130 22 175 236
14131 23 148 236
14132 24 223 236
14133 25 4 236
14134 26 44 236
14135 27 131 236
14136 28 185 236
14137 29 230 236
14138 30 14 236
14139 31 244 236
14140 32 133 236
14141 33 96 236
14142 34 138 236
14143 35 31 236
14144 36 177 236
14145 37 228 236
14146 38 200 236
14147 39 197 236
14148 40 169 236
14149 41 233 236
14150 42 207 236
14151 43 208 236
14152 44 173 236
14153 45 106 236
14154 46 150 236
14155 47 18 236
14156 48 53 236
14157 49 87 236
14158 50 44 236
14159 51 159 236
14160 52 128 236
14161 53 170 236
14162 54 108 236
14163 55 155 236
14164 56 53 236
14165 57 4 236
14166 58 45 236
14167 59 10 236
14168 60 229 236
14169 61 239 236
14170 62 22 236
14171 63 76 236
14172 64 70 236
14173 65 128 236
14174 66 246 236
14175 67 218 236
14176 68 203 236
14177 69 216 236
14178 70 137 236
14179 71 90 236
14180 72 167 236
14181 73 50 236
14182 74 100 236
14183 75 159 236
14184 76 130 236
14185 77 24 236
14186 78 69 236
14187 79 236 236
14188 80 214 236
14189 81 154 236
14190 82 197 236
14191 83 129 236
14192 84 35 236
14193 85 29 236
14194 86 166 236
14195 87 196 236
14196 88 85 236
14197 89 222 236
14198 90 185 236
14199 91 97 236
14200 92 153 236
14201 93 60 236
14202 94 86 236
14203 95 87 236
14204 97 114 236
14205 0 99 237
14206 1 190 237
14207 2 182 237
14208 3 90 237
14209 4 60 237
14210 5 77 237
14211 6 181 237
14212 7 196 237
14213 8 127 237
14214 9 3 237
14215 10 73 237
14216 11 28 237
14217 12 203 237
14218 13 177 237
14219 14 195 237
14220 15 146 237
14221 16 186 237
14222 17 185 237
14223 18 235 237
14224 19 193 237
14225 20 86 237
14226 21 94 237
14227 22 130 237
14228 23 50 237
14229 24 239 237
14230 25 111 237
14231 26 84 237
14232 27 91 237
14233 28 212 237
14234 29 239 237
14235 30 168 237
14236 31 48 237
14237 32 14 237
14238 33 108 237
14239 34 199 237
14240 35 50 237
14241 36 13 237
14242 37 71 237
14243 38 254 237
14244 39 181 237
14245 40 153 237
14246 41 221 237
14247 42 222 237
14248 43 4 237
14249 44 85 237
14250 45 33 237
14251 46 29 237
14252 47 5 237
14253 48 130 237
14254 49 148 237
14255 50 68 237
14256 51 220 237
14257 52 58 237
14258 53 115 237
14259 54 68 237
14260 55 93 237
14261 56 105 237
14262 57 107 237
14263 58 183 237
14264 59 214 237
14265 60 206 237
14266 61 207 237
14267 62 45 237
14268 63 172 237
14269 64 61 237
14270 65 135 237
14271 66 135 237
14272 67 106 237
14273 68 238 237
14274 69 1 237
14275 70 153 237
14276 71 156 237
14277 72 217 237
14278 73 104 237
14279 74 46 237
14280 75 57 237
14281 76 171 237
14282 77 191 237
14283 78 234 237
14284 79 17 237
14285 80 18 237
14286 81 243 237
14287 82 57 237
14288 83 65 237
14289 84 242 237
14290 85 12 237
14291 86 223 237
14292 87 157 237
14293 88 246 237
14294 89 98 237
14295 90 61 237
14296 91 225 237
14297 92 100 237
14298 93 240 237
14299 94 119 237
14300 95 196 237
14301 96 187 237
14302 97 239 237
14303 98 85 237
14304 99 109 237
14305 100 74 237
14306 101 73 237
14307 102 107 237
14308 103 71 237
14309 0 166 238
14310 1 144 238
14311 2 120 238
14312 3 54 238
14313 4 173 238
14314 5 145 238
14315 6 173 238
14316 7 69 238
14317 8 84 238
14318 9 54 238
14319 10 194 238
14320 11 100 238
14321 12 130 238
14322 13 178 238
14323 14 230 238
14324 15 80 238
14325 16 224 238
14326 17 83 238
14327 18 75 238
14328 19 130 238
14329 20 49 238
14330 21 77 238
14331 22 205 238
14332 23 22 238
14333 24 218 238
14334 25 41 238
14335 26 160 238
14336 27 111 238
14337 28 15 238
14338 29 75 238
14339 30 66 238
14340 31 10 238
14341 32 189 238
14342 33 231 238
14343 34 131 238
14344 35 254 238
14345 36 105 238
14346 37 16 238
14347 38 220 238
14348 39 253 238
14349 40 180 238
14350 41 143 238
14351 42 92 238
14352 43 140 238
14353 44 116 238
14354 45 61 238
14355 46 117 238
14356 47 157 238
14357 48 80 238
14358 49 166 238
14359 50 54 238
14360 51 247 238
14361 52 215 238
14362 53 242 238
14363 54 80 238
14364 55 141 238
14365 56 211 238
14366 57 46 238
14367 58 16 238
14368 59 187 238
14369 60 26 238
14370 61 66 238
14371 62 125 238
14372 63 142 238
14373 64 17 238
14374 65 79 238
14375 66 76 238
14376 67 81 238
14377 68 164 238
14378 69 248 238
14379 70 179 238
14380 71 175 238
14381 72 139 238
14382 73 238 238
14383 74 128 238
14384 75 98 238
14385 76 22 238
14386 77 110 238
14387 78 221 238
14388 79 196 238
14389 80 235 238
14390 81 155 238
14391 82 11 238
14392 83 246 238
14393 84 138 238
14394 85 165 238
14395 86 176 238
14396 87 2 238
14397 88 29 238
14398 89 229 238
14399 90 207 238
14400 91 213 238
14401 92 213 238
14402 93 106 238
14403 94 24 238
14404 95 252 238
14405 96 140 238
14406 97 113 238
14407 98 180 238
14408 99 182 238
14409 100 78 238
14410 101 185 238
14411 102 125 238
14412 103 10 238
14413 105 8 238
14414 106 167 238
14415 107 71 238
14416 0 182 239
14417 1 29 239
14418 2 105 239
14419 3 250 239
14420 4 222 239
14421 5 46 239
14422 6 41 239
14423 7 10 239
14424 8 131 239
14425 9 82 239
14426 10 36 239
14427 11 47 239
14428 12 17 239
14429 13 122 239
14430 14 184 239
14431 0 17 240
14432 15 116 239
14433 0 177 241
14434 16 201 239
14435 17 246 239
14436 18 114 239
14437 19 182 239
14438 20 9 239
14439 21 195 239
14440 22 21 239
14441 23 70 239
14442 24 161 239
14443 26 183 239
14444 25 78 239
14445 27 1 239
14446 28 135 239
14447 29 181 239
14448 30 191 239
14449 31 146 239
14450 32 234 239
14451 33 114 239
14452 34 171 239
14453 35 205 239
14454 36 205 239
14455 37 55 239
14456 38 93 239
14457 39 46 239
14458 40 206 239
14459 41 154 239
14460 42 209 239
14461 43 90 239
14462 44 166 239
14463 45 54 239
14464 46 68 239
14465 47 6 239
14466 48 225 239
14467 49 3 239
14468 50 215 239
14469 51 3 239
14470 52 201 239
14471 53 117 239
14472 54 239 239
14473 55 173 239
14474 56 248 239
14475 57 209 239
14476 58 36 239
14477 59 92 239
14478 60 136 239
14479 61 255 239
14480 62 88 239
14481 63 30 239
14482 64 232 239
14483 65 116 239
14484 66 115 239
14485 67 24 239
14486 68 160 239
14487 69 161 239
14488 70 218 239
14489 71 65 239
14490 72 131 239
14491 73 6 239
14492 74 181 239
14493 75 234 239
14494 76 247 239
14495 77 241 239
14496 78 32 239
14497 79 11 239
14498 80 18 239
14499 81 249 239
14500 82 201 239
14501 83 34 239
14502 84 13 239
14503 85 104 239
14504 86 51 239
14505 87 153 239
14506 88 178 239
14507 89 60 239
14508 90 185 239
14509 91 169 239
14510 92 254 239
14511 93 205 239
14512 94 18 239
14513 95 254 239
14514 96 68 239
14515 97 155 239
14516 98 73 239
14517 99 39 239
14518 100 27 239
14519 101 64 239
14520 102 23 239
14521 103 19 239
14522 104 184 239
14523 105 248 239
14524 106 194 239
14525 107 130 239
14526 108 254 239
14527 109 182 239
14528 110 220 239
14529 113 30 239
14530 1 241 240
14531 2 213 240
14532 3 121 240
14533 4 219 240
14534 5 89 240
14535 6 251 240
14536 7 241 240
14537 8 23 240
14538 9 42 240
14539 10 44 240
14540 11 190 240
14541 12 20 240
14542 13 242 240
14543 14 241 240
14544 15 122 240
14545 16 36 240
14546 17 133 240
14547 18 18 240
14548 19 79 240
14549 20 226 240
14550 21 240 240
14551 22 9 240
14552 23 201 240
14553 24 98 240
14554 25 13 240
14555 26 122 240
14556 27 232 240
14557 28 192 240
14558 29 256 240
14559 30 175 240
14560 31 58 240
14561 32 83 240
14562 33 162 240
14563 35 4 240
14564 34 77 240
14565 36 192 240
14566 37 23 240
14567 38 55 240
14568 39 29 240
14569 40 153 240
14570 41 138 240
14571 42 221 240
14572 43 234 240
14573 44 176 240
14574 45 60 240
14575 46 184 240
14576 47 75 240
14577 48 125 240
14578 49 211 240
14579 50 113 240
14580 51 209 240
14581 52 46 240
14582 53 102 240
14583 54 151 240
14584 55 160 240
14585 56 193 240
14586 57 144 240
14587 58 250 240
14588 59 73 240
14589 60 93 240
14590 61 92 240
14591 62 22 240
14592 63 154 240
14593 64 123 240
14594 65 177 240
14595 66 122 240
14596 67 82 240
14597 68 211 240
14598 69 48 240
14599 71 107 240
14600 70 207 240
14601 72 111 240
14602 73 180 240
14603 74 214 240
14604 75 89 240
14605 76 113 240
14606 77 228 240
14607 78 211 240
14608 79 245 240
14609 80 164 240
14610 81 56 240
14611 82 36 240
14612 83 218 240
14613 84 237 240
14614 85 112 240
14615 86 124 240
14616 87 105 240
14617 88 125 240
14618 89 23 240
14619 90 224 240
14620 91 94 240
14621 92 60 240
14622 93 52 240
14623 94 79 240
14624 95 230 240
14625 96 179 240
14626 97 237 240
14627 98 134 240
14628 99 189 240
14629 100 83 240
14630 101 170 240
14631 102 179 240
14632 103 248 240
14633 104 256 240
14634 105 100 240
14635 106 56 240
14636 107 77 240
14637 108 38 240
14638 109 243 240
14639 110 242 240
14640 111 194 240
14641 112 61 240
14642 113 4 240
14643 115 128 240
14644 117 256 240
14645 1 230 241
14646 2 136 241
14647 3 147 241
14648 4 184 241
14649 5 21 241
14650 6 45 241
14651 7 89 241
14652 8 249 241
14653 9 234 241
14654 10 166 241
14655 11 114 241
14656 12 156 241
14657 13 201 241
14658 14 66 241
14659 15 14 241
14660 16 149 241
14661 17 66 241
14662 18 69 241
14663 19 14 241
14664 20 99 241
14665 21 192 241
14666 22 29 241
14667 23 199 241
14668 24 54 241
14669 25 1 241
14670 26 118 241
14671 27 60 241
14672 28 172 241
14673 29 38 241
14674 30 177 241
14675 31 31 241
14676 32 105 241
14677 33 59 241
14678 34 173 241
14679 35 72 241
14680 36 159 241
14681 37 204 241
14682 38 195 241
14683 39 236 241
14684 40 255 241
14685 41 38 241
14686 42 247 241
14687 43 12 241
14688 44 143 241
14689 45 61 241
14690 46 63 241
14691 47 114 241
14692 48 220 241
14693 49 243 241
14694 50 253 241
14695 51 106 241
14696 52 45 241
14697 53 47 241
14698 54 41 241
14699 55 158 241
14700 56 161 241
14701 57 88 241
14702 58 96 241
14703 59 218 241
14704 60 13 241
14705 61 89 241
14706 62 256 241
14707 63 6 241
14708 64 77 241
14709 65 127 241
14710 66 226 241
14711 67 221 241
14712 68 19 241
14713 69 162 241
14714 70 89 241
14715 71 175 241
14716 72 26 241
14717 73 254 241
14718 74 97 241
14719 75 120 241
14720 76 120 241
14721 77 253 241
14722 78 25 241
14723 79 121 241
14724 80 105 241
14725 81 2 241
14726 82 83 241
14727 83 165 241
14728 84 102 241
14729 85 209 241
14730 86 158 241
14731 87 29 241
14732 88 85 241
14733 89 183 241
14734 90 58 241
14735 91 227 241
14736 92 220 241
14737 93 60 241
14738 94 252 241
14739 95 48 241
14740 96 57 241
14741 97 26 241
14742 98 169 241
14743 99 189 241
14744 100 240 241
14745 101 209 241
14746 102 131 241
14747 103 20 241
14748 104 215 241
14749 105 36 241
14750 106 127 241
14751 107 11 241
14752 108 142 241
14753 109 128 241
14754 110 54 241
14755 111 177 241
14756 112 144 241
14757 113 248 241
14758 114 95 241
14759 115 238 241
14760 116 100 241
14761 117 164 241
14762 118 30 241
14763 0 153 242
14764 1 57 242
14765 2 34 242
14766 3 69 242
14767 4 111 242
14768 5 95 242
14769 6 117 242
14770 7 174 242
14771 8 245 242
14772 9 249 242
14773 10 126 242
14774 11 78 242
14775 12 17 242
14776 13 158 242
14777 14 252 242
14778 15 63 242
14779 16 157 242
14780 17 216 242
14781 18 218 242
14782 19 61 242
14783 20 235 242
14784 21 146 242
14785 22 25 242
14786 23 93 242
14787 24 66 242
14788 25 162 242
14789 26 89 242
14790 27 2 242
14791 28 195 242
14792 29 225 242
14793 30 231 242
14794 31 74 242
14795 32 242 242
14796 33 226 242
14797 34 138 242
14798 35 66 242
14799 36 30 242
14800 37 54 242
14801 38 175 242
14802 39 9 242
14803 40 119 242
14804 41 147 242
14805 42 73 242
14806 43 105 242
14807 44 248 242
14808 45 62 242
14809 46 181 242
14810 47 63 242
14811 48 151 242
14812 49 210 242
14813 50 157 242
14814 51 5 242
14815 52 53 242
14816 53 96 242
14817 54 101 242
14818 55 231 242
14819 56 40 242
14820 57 73 242
14821 58 90 242
14822 59 211 242
14823 60 189 242
14824 61 252 242
14825 62 218 242
14826 63 115 242
14827 64 95 242
14828 65 156 242
14829 66 78 242
14830 67 53 242
14831 68 34 242
14832 69 195 242
14833 70 247 242
14834 71 183 242
14835 72 117 242
14836 73 69 242
14837 74 158 242
14838 75 141 242
14839 76 204 242
14840 77 245 242
14841 78 195 242
14842 79 20 242
14843 80 86 242
14844 81 60 242
14845 82 220 242
14846 83 242 242
14847 84 96 242
14848 85 68 242
14849 86 116 242
14850 87 117 242
14851 88 151 242
14852 89 2 242
14853 90 17 242
14854 91 106 242
14855 92 159 242
14856 93 156 242
14857 94 198 242
14858 95 184 242
14859 96 15 242
14860 97 53 242
14861 98 172 242
14862 99 44 242
14863 100 185 242
14864 101 165 242
14865 102 9 242
14866 103 202 242
14867 104 93 242
14868 105 222 242
14869 106 63 242
14870 107 248 242
14871 108 152 242
14872 109 54 242
14873 110 117 242
14874 111 41 242
14875 112 172 242
14876 113 185 242
14877 114 228 242
14878 115 124 242
14879 116 80 242
14880 117 212 242
14881 118 124 242
14882 119 201 242
14883 121 163 242
14884 0 236 243
14885 1 15 243
14886 2 123 243
14887 3 237 243
14888 4 229 243
14889 5 34 243
14890 6 192 243
14891 7 239 243
14892 8 82 243
14893 9 62 243
14894 10 85 243
14895 11 40 243
14896 12 66 243
14897 13 61 243
14898 14 169 243
14899 15 69 243
14900 16 161 243
14901 17 157 243
14902 18 32 243
14903 19 130 243
14904 20 178 243
14905 21 194 243
14906 22 70 243
14907 23 146 243
14908 24 94 243
14909 25 255 243
14910 26 200 243
14911 27 34 243
14912 28 219 243
14913 29 130 243
14914 30 241 243
14915 31 246 243
14916 32 23 243
14917 33 73 243
14918 34 167 243
14919 35 207 243
14920 36 77 243
14921 37 51 243
14922 38 14 243
14923 39 221 243
14924 40 200 243
14925 41 233 243
14926 42 71 243
14927 43 173 243
14928 44 58 243
14929 45 249 243
14930 46 105 243
14931 47 207 243
14932 48 226 243
14933 49 239 243
14934 50 69 243
14935 51 32 243
14936 52 98 243
14937 53 148 243
14938 54 97 243
14939 55 195 243
14940 56 158 243
14941 57 225 243
14942 58 66 243
14943 59 71 243
14944 60 83 243
14945 61 189 243
14946 62 105 243
14947 63 97 243
14948 64 208 243
14949 65 251 243
14950 66 201 243
14951 67 224 243
14952 68 213 243
14953 69 209 243
14954 70 43 243
14955 71 49 243
14956 72 21 243
14957 73 152 243
14958 74 29 243
14959 75 216 243
14960 76 155 243
14961 77 67 243
14962 78 150 243
14963 79 39 243
14964 80 115 243
14965 81 24 243
14966 82 135 243
14967 83 114 243
14968 84 44 243
14969 85 6 243
14970 86 183 243
14971 87 10 243
14972 88 232 243
14973 89 174 243
14974 90 164 243
14975 91 18 243
14976 92 162 243
14977 93 159 243
14978 94 145 243
14979 95 255 243
14980 96 63 243
14981 97 185 243
14982 98 162 243
14983 99 85 243
14984 100 114 243
14985 101 44 243
weights 244 244 244 244 244 244 244 244 244 244 244 244 244 244 244 244 244 244 244 244 244 244 244 244 244 244 244 244 244 244 244 244 244 244 244 244 244 244 244 244 244 244 244 244 244 244 244 244 244 244 244 244 244 244 244 244 244 244 244 244 244 244 244 244 244 244 244 244 244 244 244 244 244 244 244 244 244 244 244 244 244 244 244 244 244 244 244 244 244 244 244 244 244 244 244 244 244 244 244 244 244 244 243 243 243 243 243 243 243 243 243 243 243 243 243 243 243 243 243 243 243 243
