sha256	size	canonical_path	source_count
000b6d90816a08339a6f8975f22b04e07250c961e1abb810663d37c15cae68f3	217005	objects/00/000b6d90816a08339a6f8975f22b04e07250c961e1abb810663d37c15cae68f3/1765_B22_plane5_k4.txt	1
00434fcf7a297be6601e39a2adba9a0d2bb356ab9fb2915be83f8414ca81a9aa	3733	objects/00/00434fcf7a297be6601e39a2adba9a0d2bb356ab9fb2915be83f8414ca81a9aa/queries173.txt	1
0080d20ac081c770d6e41a5b4ec729b7cf634d464461c984684da062d3af31fb	8196	objects/00/0080d20ac081c770d6e41a5b4ec729b7cf634d464461c984684da062d3af31fb/PROOFS.md	4
00810c262efee747dc3b64623d20c246f826c8888908239f01fae93d429b7772	151	objects/00/00810c262efee747dc3b64623d20c246f826c8888908239f01fae93d429b7772/case_1765_B22_plane0_k6.txt	1
008513b550756adf25441c780809030020fdb25cae753d3740aadcf0de652d0c	517	objects/00/008513b550756adf25441c780809030020fdb25cae753d3740aadcf0de652d0c/UPSTREAM_ARCHIVES.json	1
00931af02135501077afceaa63521131621e4ce0f4f9ac76411314b0c82d13a7	277	objects/00/00931af02135501077afceaa63521131621e4ce0f4f9ac76411314b0c82d13a7/module_1808_B22_plane1_k4_p263.json	1
00c93cad44ef77bcbe5cb9f1a55a4a8dcc17a88deafef3f28487119ba5f49c80	283	objects/00/00c93cad44ef77bcbe5cb9f1a55a4a8dcc17a88deafef3f28487119ba5f49c80/minors_q6_45_32749.json	1
00edbdb8496d5e78c1f030c474a563dcbe3604444ee40988e5ae1ace8e205245	29	objects/00/00edbdb8496d5e78c1f030c474a563dcbe3604444ee40988e5ae1ace8e205245/D_delta4_delta8_q6.gates.stdout	2
012637ea0bed5ea8f5be2d483ec954862a29d3d3f6b90153cb7792fddb2c3fb6	93232	objects/01/012637ea0bed5ea8f5be2d483ec954862a29d3d3f6b90153cb7792fddb2c3fb6/q16r5.ranks	1
015a59b7a2bb74698b0ca05c341da83d5e98230f9a2174afc57be89afceac200	79349	objects/01/015a59b7a2bb74698b0ca05c341da83d5e98230f9a2174afc57be89afceac200/1037_p257.txt	2
01c68760a5aca1f3b30bb884d58f8a4d3c875a864667f2a4e71483fb7474a446	1526	objects/01/01c68760a5aca1f3b30bb884d58f8a4d3c875a864667f2a4e71483fb7474a446/cross_prime_spot_checks.json	2
01e8f52d20ee04c2afd0cd1e87b492f750d30bb680d004bcbacd1ec1b08f926c	278	objects/01/01e8f52d20ee04c2afd0cd1e87b492f750d30bb680d004bcbacd1ec1b08f926c/module_1904_B22_plane3_k6_p257.json	1
01f75870683880cab96cf8c77b465101c24b25c921e59f7af249cfa7a23f78c6	151	objects/01/01f75870683880cab96cf8c77b465101c24b25c921e59f7af249cfa7a23f78c6/case_1894_B22_plane4_k4.txt	1
0208dce3e83a4b21b2736799fc972c1944da9798a86cfd9767e74ce63a2752d1	310	objects/02/0208dce3e83a4b21b2736799fc972c1944da9798a86cfd9767e74ce63a2752d1/jets_q16_32749.json	1
0244f82aeb5767e6b5e875e7250392c4d9c0c050eeef737a7fb8407e9a728686	289	objects/02/0244f82aeb5767e6b5e875e7250392c4d9c0c050eeef737a7fb8407e9a728686/module_1800_263.json	1
026bea2142fd19a484eb8e05284e9b67725a44d838b0c890eaf52d771eb568a8	328679	objects/02/026bea2142fd19a484eb8e05284e9b67725a44d838b0c890eaf52d771eb568a8/2004.txt	1
02728ebaa012dc6cf78ba2261d419980e6f15da8198b832bd902512e6f9f532b	90	objects/02/02728ebaa012dc6cf78ba2261d419980e6f15da8198b832bd902512e6f9f532b/module_1772_257.log	2
0275f2ecde40ca8b0ad0db90460c15b4f9f357cff8c5823563c9d715aa2257d3	278	objects/02/0275f2ecde40ca8b0ad0db90460c15b4f9f357cff8c5823563c9d715aa2257d3/module_1894_B22_plane1_k4_p263.json	1
0281cf045da7032e4d610b70ca1c823b6542cdcf50dd4570d94c44ad3bc50170	512	objects/02/0281cf045da7032e4d610b70ca1c823b6542cdcf50dd4570d94c44ad3bc50170/state_1623_b.txt	1
02a770b9460aac1d9d44d64bdcd6ffa0e3ba02f0cc2cbac688549091a04ba70f	3723	objects/02/02a770b9460aac1d9d44d64bdcd6ffa0e3ba02f0cc2cbac688549091a04ba70f/quotient_module.cpp	2
02c80c41c2528191fa02632d6b42b6663aec09c414ab00c4bd85a78fad4a60a3	132425	objects/02/02c80c41c2528191fa02632d6b42b6663aec09c414ab00c4bd85a78fad4a60a3/state_1623_forward.txt.basis	1
02cb289b9601b720d46aa928f26b9fb72d1ef94561e0f9cf298c6ca6af75eb50	10459669	originals/research_rounds/R07_FULL-JET-MODULE-H109__B699-ProA-FULL-JET-MODULE-H109-20260924-evidence.zip	2
02ff07b33ba09e9619af74bf963420e1d9812bc493a0b684c0c09c6edecd762e	3695	objects/02/02ff07b33ba09e9619af74bf963420e1d9812bc493a0b684c0c09c6edecd762e/rational58_jets.cpp	2
032e7c58fe8e5b67a7d0927d8f3b840506f955f67c094ecc7f2e39c6522b87e9	173406	objects/03/032e7c58fe8e5b67a7d0927d8f3b840506f955f67c094ecc7f2e39c6522b87e9/1584_p257.txt	2
034417731ecde84a5bce4ef4a10424e4a6efc49808a73d13088e9e11da7539be	151	objects/03/034417731ecde84a5bce4ef4a10424e4a6efc49808a73d13088e9e11da7539be/case_1765_B22_plane1_k6.txt	1
036566c5e35e74ac084224f0949b8e6a663f1e7b4295577dbb69eafa357efbc9	249244	objects/03/036566c5e35e74ac084224f0949b8e6a663f1e7b4295577dbb69eafa357efbc9/1847_B22_plane3_k4.txt	1
036735b29065166c03f4430b501ff2edbd1b971f1f07360a132b46c06712f420	228168	objects/03/036735b29065166c03f4430b501ff2edbd1b971f1f07360a132b46c06712f420/1805_B22_plane1_k6.txt	1
038b06e57d577bc6b2b718be62dd01eb636c299d94aadb44078e042d0326e96d	151	objects/03/038b06e57d577bc6b2b718be62dd01eb636c299d94aadb44078e042d0326e96d/case_1888_B22_plane0_k6.txt	1
03a7b7da79cde5b85f80e48487b0e41b850fe31c0413f2bad169951957a3c194	90	objects/03/03a7b7da79cde5b85f80e48487b0e41b850fe31c0413f2bad169951957a3c194/1627_S4_p257.log	8
03b9d294eddd17794bb3c2ce318ea69dd2e6a2d035348a36fdf9eef8677da299	806515	objects/03/03b9d294eddd17794bb3c2ce318ea69dd2e6a2d035348a36fdf9eef8677da299/chunk_000.out	2
03bad01dcc85584a365d7764b9282fdb66fb55c36356e9df1dcc4ddf4a66a2af	263844	objects/03/03bad01dcc85584a365d7764b9282fdb66fb55c36356e9df1dcc4ddf4a66a2af/1894_S5.txt	1
03f16729f979c626b3dbc96c341ab18ad54eb4a60527d75e803b2e8b26adc90b	212530	objects/03/03f16729f979c626b3dbc96c341ab18ad54eb4a60527d75e803b2e8b26adc90b/1765_B22_plane4_k6.txt	1
03f9398cb7a185093817910d5abe976f0e4a188d88061cdb83bdfde4bfeb187c	227192	objects/03/03f9398cb7a185093817910d5abe976f0e4a188d88061cdb83bdfde4bfeb187c/1800.txt	1
040507683eba843bd32efbd9bdf982e2c807fabb7e85ca09204a759875b721b2	219	objects/04/040507683eba843bd32efbd9bdf982e2c807fabb7e85ca09204a759875b721b2/f58_q7_generate.log	2
046a9e0c17c0e4844fba4d3189ebaa99b49f20e4c16a47a83ca1014b2137c5fe	185659	objects/04/046a9e0c17c0e4844fba4d3189ebaa99b49f20e4c16a47a83ca1014b2137c5fe/1652.txt	1
0471abcbadf0d48bc22c5e5808e6cb85f252698f0a6ffa8994fcfad6b94757c6	90	objects/04/0471abcbadf0d48bc22c5e5808e6cb85f252698f0a6ffa8994fcfad6b94757c6/1627_B22_plane0_k4_p257.log	4
04a9fb8378670c4825961fffd60827650e5431b37aae46a652f5c3adc84cf7ef	256	objects/04/04a9fb8378670c4825961fffd60827650e5431b37aae46a652f5c3adc84cf7ef/module_1715_S5_p257.json	1
04b9d13d4c1b679f876a77a64e570198e2fbba7d04b779dac055e9ee132a9694	90	objects/04/04b9d13d4c1b679f876a77a64e570198e2fbba7d04b779dac055e9ee132a9694/1894_B22_plane1_k6_p257.log	4
04de6345d58bf03c8be6306e941a6930a15f4d442f163a902f436db6503529d9	248605	objects/04/04de6345d58bf03c8be6306e941a6930a15f4d442f163a902f436db6503529d9/1847_S4.txt	1
04e4fa9a7aa1fcd56b0b83a2cc0b57ef4933fd8449ccadf50fe8bdf0ded39293	143852	objects/04/04e4fa9a7aa1fcd56b0b83a2cc0b57ef4933fd8449ccadf50fe8bdf0ded39293/1446_p263.txt	2
0510a879966c4b89d41d3ca5f8bb5ebccf5afd4cf4b3aea18d50cafd8e511b60	231523	objects/05/0510a879966c4b89d41d3ca5f8bb5ebccf5afd4cf4b3aea18d50cafd8e511b60/1805_S5.txt	1
051ef59cd14e9e49215246896b5026168fa123fc27e6c8e7f382a46d3bc75d6d	278	objects/05/051ef59cd14e9e49215246896b5026168fa123fc27e6c8e7f382a46d3bc75d6d/module_1969_B22_plane5_k4_p257.json	1
0521fe47330e133dfa898a2ae51d472a60c5a5d796b8ee30dc208ffd3e6222e6	6204	objects/05/0521fe47330e133dfa898a2ae51d472a60c5a5d796b8ee30dc208ffd3e6222e6/coarse_direct.tsv	4
05245688b900b5a4c80ac9b54cc56b7ff415eaca4916bfaa302029dbae483c73	309549	objects/05/05245688b900b5a4c80ac9b54cc56b7ff415eaca4916bfaa302029dbae483c73/1968.txt	1
053a17fe04d1652c3707cc3df396097c9eddc8a25002450cf3dd03e678970623	289	objects/05/053a17fe04d1652c3707cc3df396097c9eddc8a25002450cf3dd03e678970623/module_1844_257.json	1
053eac13a57ef88c581aa11d7e225d485a808d30d4ce6afc12f0323ceccbccb4	290	objects/05/053eac13a57ef88c581aa11d7e225d485a808d30d4ce6afc12f0323ceccbccb4/compile_fees.json	1
0545ed5836c085e678628f4f19774edabd06b812490ba9b0ac353a1bb3fc7a21	256	objects/05/0545ed5836c085e678628f4f19774edabd06b812490ba9b0ac353a1bb3fc7a21/module_1720_S5_p257.json	1
0552db63ee313d28c27a8c1720c81b8331d639e652f0259b06c4203eb0097f7b	51644	objects/05/0552db63ee313d28c27a8c1720c81b8331d639e652f0259b06c4203eb0097f7b/gates_full.txt	2
056746759899483fa01fc7669cf40253d8d919dba08fcb1e1a2500188834a299	6761	objects/05/056746759899483fa01fc7669cf40253d8d919dba08fcb1e1a2500188834a299/withoutS5.txt	1
05680f3160fd7c3d5656ab8ac121ab2c3c42e2696ffb7285344be05a87aad526	88569	objects/05/05680f3160fd7c3d5656ab8ac121ab2c3c42e2696ffb7285344be05a87aad526/1091_p257.txt	2
057f2b991d7fc8e3c5032851860bcdd60a537b9a7f250f57af815150742d207a	6019	objects/05/057f2b991d7fc8e3c5032851860bcdd60a537b9a7f250f57af815150742d207a/generate_module.cpp	1
05846bdacc2c1ade6d877cef1aec3a57b8b8795038226782e90c4b25047fe063	16813	objects/05/05846bdacc2c1ade6d877cef1aec3a57b8b8795038226782e90c4b25047fe063/controls.json	1
05d19993f715a4c96babb11b51e68e3d1825a2e9937f8623592603f7f7cf2712	278	objects/05/05d19993f715a4c96babb11b51e68e3d1825a2e9937f8623592603f7f7cf2712/module_1808_B22_plane3_k6_p257.json	1
05dfee5532a0985bba140e2fc89da3b1272660d2f28b618ed220a51c7739c651	800	objects/05/05dfee5532a0985bba140e2fc89da3b1272660d2f28b618ed220a51c7739c651/noquartic.py	1
05e46e84312cbbfaa547d46fc1e9004f0395900e248530d8117392b66705b392	212587	objects/05/05e46e84312cbbfaa547d46fc1e9004f0395900e248530d8117392b66705b392/1765_B22_plane2_k6.txt	1
05f8b40d5916d6c189213ecdc1c4316246f9e07fbdc9342457d1eb13209441ce	43	objects/05/05f8b40d5916d6c189213ecdc1c4316246f9e07fbdc9342457d1eb13209441ce/A_delta6_delta7_q5.p32719.stderr	2
0603ef6730ac437faee5a4dbd235328dba91efdaae2347b11858197025445ae6	3498	objects/06/0603ef6730ac437faee5a4dbd235328dba91efdaae2347b11858197025445ae6/rank_p32749.txt	2
060ea71ffabb70165d98264887ab1aaf6f5889e12a7567404257cc01c10c5240	175161	objects/06/060ea71ffabb70165d98264887ab1aaf6f5889e12a7567404257cc01c10c5240/1627_B22_plane0_k6.txt	1
0624bd0be45d0ebb837e5151f10f18bcbaf5df9aeb12564873812eb800b53f5b	27266	objects/06/0624bd0be45d0ebb837e5151f10f18bcbaf5df9aeb12564873812eb800b53f5b/MANIFEST.sha256	2
0628313db102196d9b2402b21a50039eb64241487e3dcff4c4b018dd1bd51c45	151	objects/06/0628313db102196d9b2402b21a50039eb64241487e3dcff4c4b018dd1bd51c45/case_1720_S5.txt	1
062a8899a1f0981ef2beeda5289107c84520d7fdfc2314b946f76ec50235d973	2058	objects/06/062a8899a1f0981ef2beeda5289107c84520d7fdfc2314b946f76ec50235d973/stage_63.stdout	4
063f64b237e91b253484ee7e45f584acc9e1c5cbfe124f9567fb3ad57b9a0ba0	196163	objects/06/063f64b237e91b253484ee7e45f584acc9e1c5cbfe124f9567fb3ad57b9a0ba0/1714.txt	1
0695801413b928544e1abe69ad8ff688ddb9803bbb2302e4a15244685d1880ad	835332	objects/06/0695801413b928544e1abe69ad8ff688ddb9803bbb2302e4a15244685d1880ad/chunk_004.out	2
06ced12f5d1f6f154424cb1d556c34e7b4cd43046a4800f918e70e2425947096	74347	objects/06/06ced12f5d1f6f154424cb1d556c34e7b4cd43046a4800f918e70e2425947096/quotient_cases.json	1
06f3aa61074beb62d31b1be9049ab34e0b6369f735e761c0f8efac525c5d4c4b	256	objects/06/06f3aa61074beb62d31b1be9049ab34e0b6369f735e761c0f8efac525c5d4c4b/module_1629_S4_p263.json	1
06f80e5b3b113d85f68f3f3d3648e52860a8dfb4bdc611641a2deb685b8bc78f	26	objects/06/06f80e5b3b113d85f68f3f3d3648e52860a8dfb4bdc611641a2deb685b8bc78f/fees_1.log	1
06fdb72517a97fd12a8b66f8e121d246219a5a9a2ef092a6e2394de9a41ca9e2	21618	objects/06/06fdb72517a97fd12a8b66f8e121d246219a5a9a2ef092a6e2394de9a41ca9e2/rank_p32719.txt	2
07019669fd10ef9ef258f7b408ca2b1312a0e512cb57f7f51eac17a7932dcf01	186	objects/07/07019669fd10ef9ef258f7b408ca2b1312a0e512cb57f7f51eac17a7932dcf01/q5_mod32719.stderr	2
075eb18a712661c8ea2d8aa310129d2f4d90632005056991fac4f13de6ead675	243830	objects/07/075eb18a712661c8ea2d8aa310129d2f4d90632005056991fac4f13de6ead675/1847_S4.txt	1
0771e7b827d7d08cbbc7873c0e905b1f6c0f8862fe15d17512a7c16c08b5c646	221	objects/07/0771e7b827d7d08cbbc7873c0e905b1f6c0f8862fe15d17512a7c16c08b5c646/gates_q6_47.json	1
07738facd671c1cbdf40537a37be4d552734b9d67bfce19b753ae724a86c90d4	799990	objects/07/07738facd671c1cbdf40537a37be4d552734b9d67bfce19b753ae724a86c90d4/chunk_005.out	2
0784a54816b8b412ad973bd401609d3fa91cfc5b9e7a6e35fd2a93bc3b3c9f44	7870	objects/07/0784a54816b8b412ad973bd401609d3fa91cfc5b9e7a6e35fd2a93bc3b3c9f44/stage_0.tsv	6
07a5c231252b48a16b73a0f9b6eea70e8e268a82b6160cff254b695388c1e6be	153381	objects/07/07a5c231252b48a16b73a0f9b6eea70e8e268a82b6160cff254b695388c1e6be/1506_p257.txt	2
07cc976fa7a28c76f95e500d0d5c9ecc3aadbac6c304a48d2d4f64d6530df809	643	objects/07/07cc976fa7a28c76f95e500d0d5c9ecc3aadbac6c304a48d2d4f64d6530df809/EVIDENCE_LEVEL.md	2
07d532f22cfc9d2b1801d8e7a24b61c3b1c36ef2bfe7d942fc0cbcc8cc07bf09	423	objects/07/07d532f22cfc9d2b1801d8e7a24b61c3b1c36ef2bfe7d942fc0cbcc8cc07bf09/compile_fee_cells.log	1
07d7757e46e76c473eb00020e522baf724754b0a61ef963d546c08ae4ec539ce	185632	objects/07/07d7757e46e76c473eb00020e522baf724754b0a61ef963d546c08ae4ec539ce/1647.txt	1
07dd08dad0c22ee96c7f9ee279ba3028cdd7c9e98c5a4fb1b3675a0f30680e2a	5905	objects/07/07dd08dad0c22ee96c7f9ee279ba3028cdd7c9e98c5a4fb1b3675a0f30680e2a/eight_frontier_direct.cpp	2
07dfdd62acc45e657a5d3b4634351ef50521d783f0cbb0378109a4578f7ed0b2	278	objects/07/07dfdd62acc45e657a5d3b4634351ef50521d783f0cbb0378109a4578f7ed0b2/module_1894_B22_plane2_k6_p263.json	1
07f773eb2a9cbe519bc31261ee4897967d0cf252fa9ee5f6e3b2d0fee35cfd47	177218	objects/07/07f773eb2a9cbe519bc31261ee4897967d0cf252fa9ee5f6e3b2d0fee35cfd47/1586_p263.txt	2
08658fe83afe8f804f3fc18f6014f514eead29293d58cc34ebc3a9253be87c5d	256	objects/08/08658fe83afe8f804f3fc18f6014f514eead29293d58cc34ebc3a9253be87c5d/module_1630_S5_p257.json	1
087578b4163923118262c777b647e7710b0b23a834ff154a852e87fe8aa5caf3	151	objects/08/087578b4163923118262c777b647e7710b0b23a834ff154a852e87fe8aa5caf3/case_1969_B22_plane4_k6.txt	1
0877f3ca6b9a87e61baf4c44c3f37ba19ebf28825ffdb65e86b1223cab047714	196151	objects/08/0877f3ca6b9a87e61baf4c44c3f37ba19ebf28825ffdb65e86b1223cab047714/1705.txt	1
088b4d0e5674f5246fe2e319f338ead67eb205a7c65ec78c0199fe38e6515e13	249346	objects/08/088b4d0e5674f5246fe2e319f338ead67eb205a7c65ec78c0199fe38e6515e13/1847_B22_plane2_k4.txt	1
08b5db2c42c4ef5e3e1b27bff2c6d2fb97a04c8d40ebb904ded4b870d6b8e39a	26	objects/08/08b5db2c42c4ef5e3e1b27bff2c6d2fb97a04c8d40ebb904ded4b870d6b8e39a/fees_withoutS5_0.log	1
08b7ff838e26419b1539656a74837694f0c93ea5152234b6cdf99f34476acea0	41939	objects/08/08b7ff838e26419b1539656a74837694f0c93ea5152234b6cdf99f34476acea0/q7_57.32719.minors	1
08c8c8df95cd4456aea6198c67f3e34eece93dbb9c28daee6f3b7074fa76db20	277	objects/08/08c8c8df95cd4456aea6198c67f3e34eece93dbb9c28daee6f3b7074fa76db20/module_1803_B22_plane0_k4_p263.json	1
091bf39cbffd2d6ed00950aa1f1714943f55b7bf4047b137ba72766d5f079823	5859	objects/09/091bf39cbffd2d6ed00950aa1f1714943f55b7bf4047b137ba72766d5f079823/q5_45.independent.json	1
092dcdeb9aeb6f70b075bf23583205ad05722e1bcf1254b602df303612bba91e	199882	objects/09/092dcdeb9aeb6f70b075bf23583205ad05722e1bcf1254b602df303612bba91e/1729.txt	1
093283de3b7f67c7a69f3cab4fcc3f4bfde1c06e12bff719546691aadd3248e3	3412	objects/09/093283de3b7f67c7a69f3cab4fcc3f4bfde1c06e12bff719546691aadd3248e3/negative_tests.py	1
093ad3d1454ae0960391748822c33f0bfb98a559411e7903b3508a003ed45e34	171689	objects/09/093ad3d1454ae0960391748822c33f0bfb98a559411e7903b3508a003ed45e34/state_1619_forward.txt	1
098d25e148e94d16dc7d92b91a77316d0906c1a468b68c7cc6c308b61e386ad2	196164	objects/09/098d25e148e94d16dc7d92b91a77316d0906c1a468b68c7cc6c308b61e386ad2/1720_S5.txt	1
099b8075c307e12df3c907b06cd8c702a32f64f2243f11705f60edaef2ec0d1e	132331	objects/09/099b8075c307e12df3c907b06cd8c702a32f64f2243f11705f60edaef2ec0d1e/1367_p263.txt	2
09a948226803d7384727b19251cc8af731dafd4a1f56c271e00f42af28d7835b	74545	objects/09/09a948226803d7384727b19251cc8af731dafd4a1f56c271e00f42af28d7835b/partial_trace.json	2
09e94aed406939afb19fcc2463ba0a43e12a17367f2c26374e66dcc7d32917bd	146998	objects/09/09e94aed406939afb19fcc2463ba0a43e12a17367f2c26374e66dcc7d32917bd/1491_p257.txt	2
0a1054b23622bc612974148146109d6d49cbc90b82876861940c8680941e0574	151	objects/0a/0a1054b23622bc612974148146109d6d49cbc90b82876861940c8680941e0574/case_1805_B22_plane5_k6.txt	1
0a13f457411222d09e45a59d1140562b4eeca1c345c13c5f8355436058bc72de	1834	objects/0a/0a13f457411222d09e45a59d1140562b4eeca1c345c13c5f8355436058bc72de/gates.txt	2
0a143eac4ab2bc780ffc605d8655e1547cb55b64f3aba264cfc3777c2d7776a3	255	objects/0a/0a143eac4ab2bc780ffc605d8655e1547cb55b64f3aba264cfc3777c2d7776a3/module_1904_S5_p263.json	1
0a19a0ecf196afa75e18f01b87054295365ae948d72f51644408f2f9eafbe134	277	objects/0a/0a19a0ecf196afa75e18f01b87054295365ae948d72f51644408f2f9eafbe134/module_1627_B22_plane0_k4_p263.json	1
0a1e792e44ceab3816c7d726e0ac307256ea08a2516cb4dc4240a82d805acc9d	151	objects/0a/0a1e792e44ceab3816c7d726e0ac307256ea08a2516cb4dc4240a82d805acc9d/case_1847_S4.txt	1
0a1f41c00237ea81cec1c7bc7f29b782331d659d50364f7965dc09495b78d14b	66	objects/0a/0a1f41c00237ea81cec1c7bc7f29b782331d659d50364f7965dc09495b78d14b/r3_q14_generate.log	2
0a43d29463815867bd4e51a3b4c204b681c00fc669903c8a9674aeefa95b0322	5957	objects/0a/0a43d29463815867bd4e51a3b4c204b681c00fc669903c8a9674aeefa95b0322/eight_frontier_raw_reverse.cpp	2
0a89f7daccae34a189b8f344a0677668b656cf4c1103dec2dc23e4e959c6df79	472644	objects/0a/0a89f7daccae34a189b8f344a0677668b656cf4c1103dec2dc23e4e959c6df79/chunk_002.out	2
0ad13f93cb2bc169e2da1c3daa10c704d76d5c500fb4656b20783b19c9c78ef1	159	objects/0a/0ad13f93cb2bc169e2da1c3daa10c704d76d5c500fb4656b20783b19c9c78ef1/C_2delta6_q6.gates.stderr	2
0ae220675052d87c61ccf1d6fa19f34f112e0897e0adb22de6715651b3a78aef	151	objects/0a/0ae220675052d87c61ccf1d6fa19f34f112e0897e0adb22de6715651b3a78aef/case_1811_B22_plane1_k4.txt	1
0af5cd726e1fa715104a22216ce7c383cee1d9f441e6b7356e3ed030a7d3fd01	227963	objects/0a/0af5cd726e1fa715104a22216ce7c383cee1d9f441e6b7356e3ed030a7d3fd01/1801_B22_plane0_k6.txt	1
0afedc6a48ecf5fd759cecd45942a8d0a61eba4c67b82a96c505df7bd19f00d5	215648	objects/0a/0afedc6a48ecf5fd759cecd45942a8d0a61eba4c67b82a96c505df7bd19f00d5/1752.txt	1
0b215de88f51925268e1bc95985b8f0946532477ff621cdef92fc9bdd42c028a	118968	objects/0b/0b215de88f51925268e1bc95985b8f0946532477ff621cdef92fc9bdd42c028a/1311_p257.txt	2
0b5b12e43d85e39902f2a513814e8f50af30e1258bde99b60e8f9512cf88dfbe	675493	objects/0b/0b5b12e43d85e39902f2a513814e8f50af30e1258bde99b60e8f9512cf88dfbe/state_1623_14000_16105.txt	2
0b753744b2b0dca449a87a02a413e73f8c863e3f1a16c40a80956fb9c5666cec	216729	objects/0b/0b753744b2b0dca449a87a02a413e73f8c863e3f1a16c40a80956fb9c5666cec/1765_B22_plane2_k4.txt	1
0b8670acc7f925b0578b02a88109acee530fba6ba0a9a131d45e893e3c1da651	216664	objects/0b/0b8670acc7f925b0578b02a88109acee530fba6ba0a9a131d45e893e3c1da651/1765_B22_plane3_k4.txt	1
0ba405c5a0d633f8943216a4aa94af71a977cd09d7b817315c88162c815dd864	306615	objects/0b/0ba405c5a0d633f8943216a4aa94af71a977cd09d7b817315c88162c815dd864/1960_B22_plane5_k6.txt	1
0c1094b89014dc3891695f1d3b03b8ed2fab88deb6e64589fecc63da7e34440b	21605	objects/0c/0c1094b89014dc3891695f1d3b03b8ed2fab88deb6e64589fecc63da7e34440b/rank_p32749.txt	2
0c18d71127a6f2021cfcbff779f65fa18e15bd49fbaa3b8f6bdf207f95d5eaaf	235434	objects/0c/0c18d71127a6f2021cfcbff779f65fa18e15bd49fbaa3b8f6bdf207f95d5eaaf/1811_S5.txt	1
0c6830eacc522f90ec6beb9e71bc89b95079b34d667ad1ef1bda4c40b8f7e034	232017	objects/0c/0c6830eacc522f90ec6beb9e71bc89b95079b34d667ad1ef1bda4c40b8f7e034/1811_B22_plane0_k4.txt	1
0c6af5a1382fdea52611f832a981bf697b48a9e4c58c104af5ffbee7814a8435	197036	objects/0c/0c6af5a1382fdea52611f832a981bf697b48a9e4c58c104af5ffbee7814a8435/1717_B22_plane0_k6.txt	1
0c6bcf7430eefa25dcde9570e310bc2908fa7e951336c1c74c1a6378ff9d62be	121755	objects/0c/0c6bcf7430eefa25dcde9570e310bc2908fa7e951336c1c74c1a6378ff9d62be/1339_p257.txt	2
0cad2249f9997f16d57d9102b8cbd6e4c2b85f0c1beab207c9287d53869c1241	288	objects/0c/0cad2249f9997f16d57d9102b8cbd6e4c2b85f0c1beab207c9287d53869c1241/module_1917_263.json	1
0cadc9fc3a88763fde570042642293dd525798183f9f2f82bdebdcc395f08dc6	178936	objects/0c/0cadc9fc3a88763fde570042642293dd525798183f9f2f82bdebdcc395f08dc6/1627_S4.txt	1
0cc26ec0b49f89d31bdb7dcb6fd89145a1cefe0de7c3a8303f4c8a071cb841ba	81	objects/0c/0cc26ec0b49f89d31bdb7dcb6fd89145a1cefe0de7c3a8303f4c8a071cb841ba/q17r5.gates_cross.log	1
0cc4fb042dad006e51095ca4f36d9beba8e752f82ab47f9e60d12fa004b5cd66	105954	objects/0c/0cc4fb042dad006e51095ca4f36d9beba8e752f82ab47f9e60d12fa004b5cd66/state_1622_forward.txt.basis	1
0ce4daf65f6484a5992476a8df3d61f777b71834bd59bb01271c12038fe8fd73	278	objects/0c/0ce4daf65f6484a5992476a8df3d61f777b71834bd59bb01271c12038fe8fd73/module_1765_B22_plane4_k4_p257.json	1
0d0998066faac27f21bbb8d2eef7dde88254116bed6947af969047cc87fa1ae1	277	objects/0d/0d0998066faac27f21bbb8d2eef7dde88254116bed6947af969047cc87fa1ae1/module_1904_B22_plane1_k4_p257.json	1
0d24c4757c4d1dd1077a48d73976b33bded76d931686d67575b126e06959b5bb	283	objects/0d/0d24c4757c4d1dd1077a48d73976b33bded76d931686d67575b126e06959b5bb/minors_q7_45_32749.json	1
0d2a3f93d4b419542e928ee3b655abe4f3a07360f5bd443ddc0fcd41586d6621	277	objects/0d/0d2a3f93d4b419542e928ee3b655abe4f3a07360f5bd443ddc0fcd41586d6621/module_1765_B22_plane1_k6_p257.json	1
0d37371854d152cf405813f03b999657ede165bfd8dff3943e48f56330d7d2e8	278	objects/0d/0d37371854d152cf405813f03b999657ede165bfd8dff3943e48f56330d7d2e8/module_1894_B22_plane1_k4_p257.json	1
0d7befa75404535da7c49f1a769b6944eed624bd1f7bfe2886074a14764ecc77	232153	objects/0d/0d7befa75404535da7c49f1a769b6944eed624bd1f7bfe2886074a14764ecc77/1811_B22_plane1_k6.txt	1
0da09cbe58a5e5fd8a5907e17eecc571a6181774bb206e90611c1d0207073e21	278	objects/0d/0da09cbe58a5e5fd8a5907e17eecc571a6181774bb206e90611c1d0207073e21/module_1888_B22_plane2_k6_p263.json	1
0db2d7e8749760ab297197d873df3afb65d657fdfd54ecb3b608e3ee6287995b	278	objects/0d/0db2d7e8749760ab297197d873df3afb65d657fdfd54ecb3b608e3ee6287995b/module_1894_B22_plane0_k4_p257.json	1
0db4542e5e33cfc6401ffebccf6ee3f690caa71ea7e787b8f50330f8fa23a369	277	objects/0d/0db4542e5e33cfc6401ffebccf6ee3f690caa71ea7e787b8f50330f8fa23a369/module_1805_B22_plane1_k6_p257.json	1
0dbf3c8b3f88042a06e0d2b02ef2aa076d28dc02a5aecd2ee82394524ee82a3c	256	objects/0d/0dbf3c8b3f88042a06e0d2b02ef2aa076d28dc02a5aecd2ee82394524ee82a3c/module_1894_S5_p257.json	1
0dc480109e785f58cadc9ce4acd8405031210be5c48fd7ad0cf80538558e3768	90	objects/0d/0dc480109e785f58cadc9ce4acd8405031210be5c48fd7ad0cf80538558e3768/1888_S5_p257.log	4
0dd5fed5f2ea8a132a23465b9dea3e90a534d1104e9c275a4dd471419aa73925	49521	objects/0d/0dd5fed5f2ea8a132a23465b9dea3e90a534d1104e9c275a4dd471419aa73925/parity_price_1626.json	1
0e0bc1ebf2a6e2257daf651fe2dc37a8640ebc862339f3a9b2f9f51d0a2871e6	3476	objects/0e/0e0bc1ebf2a6e2257daf651fe2dc37a8640ebc862339f3a9b2f9f51d0a2871e6/check_certificate.py	2
0e21b02b08e34d5b5716aad2ebc09b6ea942aaca0bce421a106f8397311bea80	146918	objects/0e/0e21b02b08e34d5b5716aad2ebc09b6ea942aaca0bce421a106f8397311bea80/1487_p263.txt	2
0e3990d080e3805beb11f842bb8c4ca76f609b364796c0758795b9755ffe231b	168	objects/0e/0e3990d080e3805beb11f842bb8c4ca76f609b364796c0758795b9755ffe231b/replay.log	2
0e606bd5cb09c3df127fadfb28e829bd21dbb2dc0caeb8515b01ac92d7530eea	173688	objects/0e/0e606bd5cb09c3df127fadfb28e829bd21dbb2dc0caeb8515b01ac92d7530eea/1556_p263.txt	2
0e640c295c641fc1cdb9bb05c8b22394e7822efa26a58b450b605a4162af2eb9	2618	objects/0e/0e640c295c641fc1cdb9bb05c8b22394e7822efa26a58b450b605a4162af2eb9/double_gates.cpp	1
0e7a3ad65144c783d448102331f8568ffbec822078d27ad1bc5ecabd84c0c733	49029	objects/0e/0e7a3ad65144c783d448102331f8568ffbec822078d27ad1bc5ecabd84c0c733/q7_47.alt	1
0e7b8d516bf840415ba9dedd3adc4860858e6e547a5e312c515f00ef241f95cb	151	objects/0e/0e7b8d516bf840415ba9dedd3adc4860858e6e547a5e312c515f00ef241f95cb/case_1811_S5.txt	1
0e93388e7de7b759f8820a20624d51b13f3f9a00982caf88a8c4d7359b8f5755	778	objects/0e/0e93388e7de7b759f8820a20624d51b13f3f9a00982caf88a8c4d7359b8f5755/IMPLEMENTATION_CORRECTION.md	2
0ef44aaf127d63e4b5bf1503b9c0b189d6ecd4a2b1ac7bdeabb916464f348bd0	7540	objects/0e/0ef44aaf127d63e4b5bf1503b9c0b189d6ecd4a2b1ac7bdeabb916464f348bd0/B699-ProA-DOUBLE457-MOD4-FRONTIER123-20260924-evidence.CLEAN_REPLAY_RECEIPT.json	1
0efad5bf1d0a6b96bdeea5f363b9760247fcea72888c205d3645647b863b7ccd	269	objects/0e/0efad5bf1d0a6b96bdeea5f363b9760247fcea72888c205d3645647b863b7ccd/compile_gates.json	1
0f01d7f57d3159f43490c338108cdea5535beff3778d7b549237193713394493	90	objects/0f/0f01d7f57d3159f43490c338108cdea5535beff3778d7b549237193713394493/module_1995_257.log	2
0f16ccce758acf7379a40c03e179822b8b1c95ae161f325a1b8f72fd632682a9	531	objects/0f/0f16ccce758acf7379a40c03e179822b8b1c95ae161f325a1b8f72fd632682a9/UPSTREAM_ZIP_HASHES.json	1
0f1d77fe10f252432efed7f3c1a623768a9b030a894b0ff616e81f1d9b739879	196226	objects/0f/0f1d77fe10f252432efed7f3c1a623768a9b030a894b0ff616e81f1d9b739879/1706_S5.txt	1
0f28f08e8e5e1787fa3aec619442473f2c8bc8606443ca41e22af8fee91a52c3	26	objects/0f/0f28f08e8e5e1787fa3aec619442473f2c8bc8606443ca41e22af8fee91a52c3/fees_all_1.log	1
0f298b5a2ade5dbc1f0e7be9ca09d48cee441a08df846c1ed8d8c4d54370643d	132295	objects/0f/0f298b5a2ade5dbc1f0e7be9ca09d48cee441a08df846c1ed8d8c4d54370643d/1360_p263.txt	2
0f4ac5fdc03012875c60049062b4eafe9d1a0706764348ec5ae9d294ba7267b1	5060	objects/0f/0f4ac5fdc03012875c60049062b4eafe9d1a0706764348ec5ae9d294ba7267b1/REPORT.md	2
0f4b628db5fa87bed9ab3504e4ad6ca872a2d6132d1bb2aab4d14247e2f31684	90	objects/0f/0f4b628db5fa87bed9ab3504e4ad6ca872a2d6132d1bb2aab4d14247e2f31684/1847_B22_plane0_k4_p257.log	4
0f50ca14e834ca73a067579c4c20ca5bfaf907601d4ef2728aa77f217df5491f	278	objects/0f/0f50ca14e834ca73a067579c4c20ca5bfaf907601d4ef2728aa77f217df5491f/module_1969_B22_plane1_k6_p257.json	1
0f64799e3cb950c5a252e80fae11f74e7cb086a59d9ecc14257d4bd96f9a3ea5	151	objects/0f/0f64799e3cb950c5a252e80fae11f74e7cb086a59d9ecc14257d4bd96f9a3ea5/case_1888_B22_plane1_k4.txt	1
0f703fbcfe26f73faef59532a08a928affde83c427a100403066f7afb98210c9	269527	objects/0f/0f703fbcfe26f73faef59532a08a928affde83c427a100403066f7afb98210c9/1904_B22_plane5_k4.txt	1
0f937a59ca4206f113003f8b66e5aab8b368a1e0627f77fb5874e8b83cf16de2	141155	objects/0f/0f937a59ca4206f113003f8b66e5aab8b368a1e0627f77fb5874e8b83cf16de2/1423_p257.txt	2
0fa19cfd9d47970a2124a7059046d6bbb190c54c8a9bc5e3fb35a6f59e851c65	215723	objects/0f/0fa19cfd9d47970a2124a7059046d6bbb190c54c8a9bc5e3fb35a6f59e851c65/1753.txt	1
0fb0f1604bcf2b58f57e93c6cb4c89244e8a1bc9c9a40efc8e60fd17f51539fb	1322742	objects/0f/0fb0f1604bcf2b58f57e93c6cb4c89244e8a1bc9c9a40efc8e60fd17f51539fb/chunk_004.out	2
0fb1fa23fc1940c739554f52dcd5004054d2a68256b461e14ace98045c066caf	838	objects/0f/0fb1fa23fc1940c739554f52dcd5004054d2a68256b461e14ace98045c066caf/final_verify.log	2
0fb71bb5fc5e718d7d1d0a9f2db4e27917d867bbb0896e6dba7a092913bd1819	1501	objects/0f/0fb71bb5fc5e718d7d1d0a9f2db4e27917d867bbb0896e6dba7a092913bd1819/README.md	1
0ff25d61a5c36b6deff4ce4517f68753a3ca7baaf41875e8c7b839485b463240	4420	objects/0f/0ff25d61a5c36b6deff4ce4517f68753a3ca7baaf41875e8c7b839485b463240/cases.tsv	2
1004f98eab14fa02698ffd0dfe6c0b1d98328ce57bb979381853a49ab75e14f1	211544	objects/10/1004f98eab14fa02698ffd0dfe6c0b1d98328ce57bb979381853a49ab75e14f1/1765_S5.txt	1
101528a4567b5b17c28921f5b3fd3be3d315449c8decd5da564aac09be5b2247	1311	objects/10/101528a4567b5b17c28921f5b3fd3be3d315449c8decd5da564aac09be5b2247/SOURCE_MANIFEST.json	2
10464e39857a74b410e37c130ece5a0ae516f66795f73ecf32182ac776198687	922	objects/10/10464e39857a74b410e37c130ece5a0ae516f66795f73ecf32182ac776198687/make_manifest.py	2
106e49656e11e1191f26e7b2c2260b9d2f1772f25ef1cc67123f3470466f222e	256	objects/10/106e49656e11e1191f26e7b2c2260b9d2f1772f25ef1cc67123f3470466f222e/module_1888_S5_p263.json	1
1116a047fd912635e5c7cc3b6d70508312c478dadf1bf87a987e32a38744ae90	72	objects/11/1116a047fd912635e5c7cc3b6d70508312c478dadf1bf87a987e32a38744ae90/q16r4.jets.log	2
1161ce918d59643e5f5688063af5e999771a137445d5ae82d433596767495979	78051	objects/11/1161ce918d59643e5f5688063af5e999771a137445d5ae82d433596767495979/state_1615_reverse.txt.basis	1
11a4969adc43ee31aeca8bc01ec74c5c0578b05dc0263a86fe58a1f9f5b4a53b	232280	objects/11/11a4969adc43ee31aeca8bc01ec74c5c0578b05dc0263a86fe58a1f9f5b4a53b/1808_B22_plane1_k6.txt	1
11c89b9a91fdfca70dbecc01749e6c616ee857511a1773fb7c8b6de6004eca38	6730	objects/11/11c89b9a91fdfca70dbecc01749e6c616ee857511a1773fb7c8b6de6004eca38/signatures_all.txt	1
11e3164b2179ed4b0b61b3c3087e3edb84be165d593d2ff0ee39457edbf77cd1	1599	objects/11/11e3164b2179ed4b0b61b3c3087e3edb84be165d593d2ff0ee39457edbf77cd1/FROZEN_RUN_INPUTS.json	1
12156afa0e423ce0bda0db73c5e6c0d71ef173fd0861100c6638d5a031a81985	215667	objects/12/12156afa0e423ce0bda0db73c5e6c0d71ef173fd0861100c6638d5a031a81985/1754.txt	1
1215a66f79ab2e85440bf11fba756fb1c5eb8b3d1197f2264dad3fb30e2724b3	289	objects/12/1215a66f79ab2e85440bf11fba756fb1c5eb8b3d1197f2264dad3fb30e2724b3/module_1667_263.json	1
1229d62adc586b9eaa10cbae6b0483e031897959178bd01428a01eae50d721c4	244258	objects/12/1229d62adc586b9eaa10cbae6b0483e031897959178bd01428a01eae50d721c4/1847_B22_plane3_k6.txt	1
12552500603de9d019b32b350fbf3c61a1be30ae511bbe73968eedec6f066cc7	727	objects/12/12552500603de9d019b32b350fbf3c61a1be30ae511bbe73968eedec6f066cc7/RECEIPT.json	1
1259895ca7fc7e2462ea542eefb4c5d869166043d7d40c75faa205868d2b9983	243305	objects/12/1259895ca7fc7e2462ea542eefb4c5d869166043d7d40c75faa205868d2b9983/1847_S5.txt	1
1272053e3fd37466725897a0a1d8ac6d610df23d617e53958ef488a8ef26992b	403	objects/12/1272053e3fd37466725897a0a1d8ac6d610df23d617e53958ef488a8ef26992b/aggregates_1636_0.json	1
12826dd7fd4c4839f106bd629ab14062f697f57013a2104530354dd7887730a9	12773	objects/12/12826dd7fd4c4839f106bd629ab14062f697f57013a2104530354dd7887730a9/r3_q14_gates.txt	2
12fffd3682a8aedd790179d4f7a53bbdbe15a6c2af395380a01c1a210a616bfa	228140	objects/12/12fffd3682a8aedd790179d4f7a53bbdbe15a6c2af395380a01c1a210a616bfa/1803_B22_plane0_k4.txt	1
130730d94939b3a6fcc9f78fc146e17fb38463f4b2662b343097767a5dd77c1b	2442	objects/13/130730d94939b3a6fcc9f78fc146e17fb38463f4b2662b343097767a5dd77c1b/conic_filter.cpp	2
1318319ffd765a2e8f637afb0e536db4d45e9c0bda2cab130fe7403a3412091e	11245	objects/13/1318319ffd765a2e8f637afb0e536db4d45e9c0bda2cab130fe7403a3412091e/PROOFS.md	4
132e0313426eda6ee8183ecccd570524b39bd5f5bfd41cf7420015a93f76c39a	7490	objects/13/132e0313426eda6ee8183ecccd570524b39bd5f5bfd41cf7420015a93f76c39a/chunk_003.in	2
133e8b012f38f11c20eb078430020ba1d0e5bc8b26c13ce2f2faafc489e5c039	259625	objects/13/133e8b012f38f11c20eb078430020ba1d0e5bc8b26c13ce2f2faafc489e5c039/1877.txt	1
134b1ed953d51ea2b272d2c7cb7e92a2eb224ad23790073e09758b2528475bca	5989	objects/13/134b1ed953d51ea2b272d2c7cb7e92a2eb224ad23790073e09758b2528475bca/SHA256SUMS.txt	2
1357a2ed082501224420cfcd5aae5da7e99659808eb1bd5af5565ba32897f877	2093	objects/13/1357a2ed082501224420cfcd5aae5da7e99659808eb1bd5af5565ba32897f877/chunk_005.in	2
1359fc911124c8f7678ac9a2486489d466abb35e1b9f6818325ce0d39b90d031	5017	objects/13/1359fc911124c8f7678ac9a2486489d466abb35e1b9f6818325ce0d39b90d031/omitted_gate.gates	1
13831fbb3f78f6078267160cf38de3bb58d1c508c41dcd32db080cd6f5533b3a	81203	objects/13/13831fbb3f78f6078267160cf38de3bb58d1c508c41dcd32db080cd6f5533b3a/1037_p263.txt	2
138ad41bd650a10a0b43b9dac1965aea6971421e9b71321e9d22d32ddffafb28	4352	objects/13/138ad41bd650a10a0b43b9dac1965aea6971421e9b71321e9d22d32ddffafb28/verify_minors.cpp	4
13a5453dbbbf08fe06716bdee99aa8fc5c4929179cedda8978d585565e8c132e	232247	objects/13/13a5453dbbbf08fe06716bdee99aa8fc5c4929179cedda8978d585565e8c132e/1811_B22_plane1_k4.txt	1
13adf522c72bea19c4ae34a213882ec7042a80349cf0a1cb8b807ce901142bc4	90	objects/13/13adf522c72bea19c4ae34a213882ec7042a80349cf0a1cb8b807ce901142bc4/1717_S5_p257.log	6
13dbd1dd8d6d57e05fc4db8c3af7bd360da6d5a681477a5b24bb1ccea1f8aef6	255	objects/13/13dbd1dd8d6d57e05fc4db8c3af7bd360da6d5a681477a5b24bb1ccea1f8aef6/module_1717_S4_p263.json	1
13dffe8c406ab3e392950a2af1b9c044749945beb97924c429e6f9845ef5dbca	49921	objects/13/13dffe8c406ab3e392950a2af1b9c044749945beb97924c429e6f9845ef5dbca/q7_47.independent.json	1
13e3532280c9ad6b752c3532b497c58cdf8d2302499ef02e431a89fb150bf9ce	90	objects/13/13e3532280c9ad6b752c3532b497c58cdf8d2302499ef02e431a89fb150bf9ce/1847_B22_plane3_k6_p257.log	4
14547941c5a57ce84475fc158ef1a25c841f4edbba4eb2bb9431fa49b73bc0f8	90	objects/14/14547941c5a57ce84475fc158ef1a25c841f4edbba4eb2bb9431fa49b73bc0f8/1888_B22_plane4_k6_p257.log	4
148bfd5b3465ef33a0252831c1af462ac146e8eb658a130b089f2a16de886cb4	29	objects/14/148bfd5b3465ef33a0252831c1af462ac146e8eb658a130b089f2a16de886cb4/D_delta4_delta8_q7.gates.stdout	2
1494add985c742476edf995e339782e8183bfc2f3656299fde4fd114b251e73b	4030	objects/14/1494add985c742476edf995e339782e8183bfc2f3656299fde4fd114b251e73b/pattern_A_delta6_delta7_jets.cpp	2
14ab214eb71e14d5a17c01471ab39a9073b6e1cd7dc21b7f9060dfa7ef268b1e	98161	objects/14/14ab214eb71e14d5a17c01471ab39a9073b6e1cd7dc21b7f9060dfa7ef268b1e/1163_p257.txt	2
14f04c4e364ed2daa953ddc8ec281e164099f8c9cedbb716eb79442cf774bba2	283	objects/14/14f04c4e364ed2daa953ddc8ec281e164099f8c9cedbb716eb79442cf774bba2/minors_q5_45_32719.json	1
1501db3529a426bbefe84eb76fc0f22a6ac872a688fcb7c1f8f137420be4af06	277	objects/15/1501db3529a426bbefe84eb76fc0f22a6ac872a688fcb7c1f8f137420be4af06/module_1805_B22_plane1_k4_p263.json	1
15287dad3c9ee2e9e05c1e6d0f6dae3d1d812ae5f6a6c14f8a70e1d7cdd36a0c	2009	objects/15/15287dad3c9ee2e9e05c1e6d0f6dae3d1d812ae5f6a6c14f8a70e1d7cdd36a0c/RUN_INPUT_HASHES.json	1
157aa707cf504a1acd29030c4f27319e4b9b5d3483784fb64f73048cc7f82d07	742	objects/15/157aa707cf504a1acd29030c4f27319e4b9b5d3483784fb64f73048cc7f82d07/IMPLEMENTATION_FIXES.md	2
1587435d5454b4c2b7c3c62f8ad0b5b9f0ba792f649e6effa9199936a4e0494d	200227	objects/15/1587435d5454b4c2b7c3c62f8ad0b5b9f0ba792f649e6effa9199936a4e0494d/1720_S5.txt	1
158b7c6d75a9912da5d93de6443944c6927656d6f4cb102d9efddab68107e93a	184255	objects/15/158b7c6d75a9912da5d93de6443944c6927656d6f4cb102d9efddab68107e93a/1615_boundary_p263.txt	2
1590ff9846f9f7d291e9a88f157a36ccb3d5ca365929d0cd2032498152bb6ad8	90	objects/15/1590ff9846f9f7d291e9a88f157a36ccb3d5ca365929d0cd2032498152bb6ad8/1765_B22_plane1_k4_p257.log	4
15918a09de88198aae1f0bef7fde6801afbc5900c9974bba6dcca7289870e2d8	276	objects/15/15918a09de88198aae1f0bef7fde6801afbc5900c9974bba6dcca7289870e2d8/module_1894_B22_plane3_k4_p257.json	1
15b31747b9f23b05f34c92f2cf5a37d51769c9c561794a42bd8faae412639a26	256	objects/15/15b31747b9f23b05f34c92f2cf5a37d51769c9c561794a42bd8faae412639a26/module_1791_S5_p263.json	1
15ba8ce2199851e0efeb86f78e92884e2fae114aa86fccf51a59f27b83aa8223	640902	objects/15/15ba8ce2199851e0efeb86f78e92884e2fae114aa86fccf51a59f27b83aa8223/state_1623_04000_06000.txt	2
16374e032913a3e47a4af600f0af82b6a7f8a9f115b37039c21f38efa879215d	673851	objects/16/16374e032913a3e47a4af600f0af82b6a7f8a9f115b37039c21f38efa879215d/f58_q9_gates.txt	2
1650bc171520ca697d15eca7057b5fa6fd30de878b9ec4ebb9f68c9415068159	99	objects/16/1650bc171520ca697d15eca7057b5fa6fd30de878b9ec4ebb9f68c9415068159/q3_exact.stdout	2
167c0ce25d4eef8efb1daeaf7d5d78c27db38f4fe1982470583993852aaad5c4	6468	objects/16/167c0ce25d4eef8efb1daeaf7d5d78c27db38f4fe1982470583993852aaad5c4/chunk_000.in	2
16895ebea8ea52fc690733948fd4c09131922ff86230ec15220d962a463d77a9	277	objects/16/16895ebea8ea52fc690733948fd4c09131922ff86230ec15220d962a463d77a9/module_1969_B22_plane5_k4_p263.json	1
16bc0c35618cbad1a74a80fb3b6221a34d39dac295e518fca8cd046f1878c524	103256	objects/16/16bc0c35618cbad1a74a80fb3b6221a34d39dac295e518fca8cd046f1878c524/1195_p257.txt	2
16cd5c9a1177904155d1c2ffb9bbef0f903cc5b7128c5296f5670a860fd1ab10	269452	objects/16/16cd5c9a1177904155d1c2ffb9bbef0f903cc5b7128c5296f5670a860fd1ab10/1894_S4.txt	1
16e23e64c14a71e718dfdd4033d919e91764776bf2bae0025c06332e48d62c12	90	objects/16/16e23e64c14a71e718dfdd4033d919e91764776bf2bae0025c06332e48d62c12/1969_B22_plane5_k6_p257.log	4
171e4217ee7f4a299f1aa9079d509e1fe8a23b9bffe9aad37c6c13cd7dae1249	276	objects/17/171e4217ee7f4a299f1aa9079d509e1fe8a23b9bffe9aad37c6c13cd7dae1249/module_1811_B22_plane4_k6_p257.json	1
17219bf7a7e93c01425ac23a89914b8323182843e615dabe580c7abbeba3d60d	278	objects/17/17219bf7a7e93c01425ac23a89914b8323182843e615dabe580c7abbeba3d60d/module_1888_B22_plane5_k4_p263.json	1
17254553ac92f09e3da98ada49ac5d29f032acd077a813ec3b5723fa8d9c28ae	278	objects/17/17254553ac92f09e3da98ada49ac5d29f032acd077a813ec3b5723fa8d9c28ae/module_1888_B22_plane4_k6_p263.json	1
17458459380379a22af1104409de1153476e2ea4879181fc33e923675adbc864	216214	objects/17/17458459380379a22af1104409de1153476e2ea4879181fc33e923675adbc864/1765_B22_plane0_k6.txt	1
176a774eef56b8615e3b9d9ad06fd72fa5636c493376f138c2384b2d6fc8e33b	177163	objects/17/176a774eef56b8615e3b9d9ad06fd72fa5636c493376f138c2384b2d6fc8e33b/1589_p263.txt	2
178041dba4af3b4771a0594f9567e01e82dfe7b9aa3037d848dfa78fdef4bd53	121131	objects/17/178041dba4af3b4771a0594f9567e01e82dfe7b9aa3037d848dfa78fdef4bd53/1311_p263.txt	2
1785818173702c2302832491f06d7ebc3e6a30af2ae397b124736413e3e69c32	42818	objects/17/1785818173702c2302832491f06d7ebc3e6a30af2ae397b124736413e3e69c32/gates_full.txt	2
1796bdd77f19261ac1df5e3bda144162ea49bc4e6db3af71996bb678abaadc88	20	objects/17/1796bdd77f19261ac1df5e3bda144162ea49bc4e6db3af71996bb678abaadc88/conic_filtered.txt	2
17e07e3ae5e07d6ae144ce706c65cf590c7247adf0aa669ee7b3b749ca6e82d3	419	objects/17/17e07e3ae5e07d6ae144ce706c65cf590c7247adf0aa669ee7b3b749ca6e82d3/check_extensions.log	1
17ed8d89b012cbe4c7a2abf158931050bf4145fabcdf8814a4c2ecf738025687	1790	objects/17/17ed8d89b012cbe4c7a2abf158931050bf4145fabcdf8814a4c2ecf738025687/A-i9-ALL-SESSION-OUTPUTS-2026-09-24.ARCHIVE_CHECK.json	2
17f2a304814f8964435b6655033aaf6d6305501f8600e545719dae27e3d023d2	15145	objects/17/17f2a304814f8964435b6655033aaf6d6305501f8600e545719dae27e3d023d2/q7_57.independent.json	1
18066bb3b561b34e16aab63f53be2a551e375c74fed56844a8503d5cfc355027	151	objects/18/18066bb3b561b34e16aab63f53be2a551e375c74fed56844a8503d5cfc355027/case_1894_B22_plane3_k6.txt	1
183d1d1caa5a6422cc5ce15fd7dd4f138e08637012ca8faefdface524619cb3d	90	objects/18/183d1d1caa5a6422cc5ce15fd7dd4f138e08637012ca8faefdface524619cb3d/1847_B22_plane4_k6_p257.log	4
184c317d5ee4884917b1b507af438fa0ba3fb2d3cf973261834222ee73eb5a6a	44	objects/18/184c317d5ee4884917b1b507af438fa0ba3fb2d3cf973261834222ee73eb5a6a/A_delta6_delta7_q6.p32719.stderr	2
1853986a39f7267ba2098d55f4a55ec46d72932dd256aa1b4063b3f68b12092a	264719	objects/18/1853986a39f7267ba2098d55f4a55ec46d72932dd256aa1b4063b3f68b12092a/1877.txt	1
18823f8dd27291d134fba0b058d0a837bbb59ad1e4798095bb6dfceb572b0558	827	objects/18/18823f8dd27291d134fba0b058d0a837bbb59ad1e4798095bb6dfceb572b0558/README.md	1
189d57f9934c6c54be74b24cacd1a86ece15d4bccb0729ae2070453bcd6cee39	174	objects/18/189d57f9934c6c54be74b24cacd1a86ece15d4bccb0729ae2070453bcd6cee39/E_delta4_delta6_q5.gates.stderr	2
18e72d83f592a64457c797a1f3f031137f8ae009cd655d0f4d2d8348bc181161	134730	objects/18/18e72d83f592a64457c797a1f3f031137f8ae009cd655d0f4d2d8348bc181161/1629_mod11.txt.basis	1
18eb7f90b611f4ed466f684475aef7cdbb9415811d07b6c041ebfb78a691b6a6	211424	objects/18/18eb7f90b611f4ed466f684475aef7cdbb9415811d07b6c041ebfb78a691b6a6/1759.txt	1
191038f85fad296ace1d58e47974d53a276fad805da8dc3bf59227b12f09677f	353034	objects/19/191038f85fad296ace1d58e47974d53a276fad805da8dc3bf59227b12f09677f/2033.txt	1
191250f624dfc43d166ba4a8dcedf028eaf4b00b93db2e0bd51441bd89b45442	2997	objects/19/191250f624dfc43d166ba4a8dcedf028eaf4b00b93db2e0bd51441bd89b45442/SOURCE_BYTES.json	1
191c0a1800bc3a8d2cac506d08f8c6714f40ee813a4a6124bd1f624b11ed28fb	278	objects/19/191c0a1800bc3a8d2cac506d08f8c6714f40ee813a4a6124bd1f624b11ed28fb/module_1811_B22_plane0_k6_p263.json	1
194b57454af7b0d04818b428b7c769fe4f2390d269f4fd96de01b21efa82d3be	151	objects/19/194b57454af7b0d04818b428b7c769fe4f2390d269f4fd96de01b21efa82d3be/case_1801_B22_plane0_k6.txt	1
196a8cb4cb3752ca1322938341502ec95712e7bd7ae5b3c8e4a8d34179fc3131	278	objects/19/196a8cb4cb3752ca1322938341502ec95712e7bd7ae5b3c8e4a8d34179fc3131/module_1904_B22_plane3_k4_p257.json	1
19744abc4556a07960d024ef84258e13d86e29be9a4f88021a66d1b2f430f632	173334	objects/19/19744abc4556a07960d024ef84258e13d86e29be9a4f88021a66d1b2f430f632/1589_p257.txt	2
1980f3f1d86996cc0d2cd2802a295d829eeda76ece1bfc8b1c5f6c8c53a8b311	1366	objects/19/1980f3f1d86996cc0d2cd2802a295d829eeda76ece1bfc8b1c5f6c8c53a8b311/negative_tests.json	1
198aa37de9e29d40a576c5e96091d0ce4605b7076e0faa2b319042f3f47842d7	310867	objects/19/198aa37de9e29d40a576c5e96091d0ce4605b7076e0faa2b319042f3f47842d7/1969_B22_plane4_k6.txt	1
19a794aa1d754f4ec1c4e72e037279e8dab3de7f79fad593613d3cff1209b86a	2101	objects/19/19a794aa1d754f4ec1c4e72e037279e8dab3de7f79fad593613d3cff1209b86a/mandatory_1610.json	2
19cd0010a8185fdd071bf5ba5cb1805106b1466f17089c5052ebc852e1b4ee49	6477	objects/19/19cd0010a8185fdd071bf5ba5cb1805106b1466f17089c5052ebc852e1b4ee49/verify.py	2
19e92ab73d4349cfa3fe5d193fdf56be7c751997c1f0674095a8beb80b22c76f	223	objects/19/19e92ab73d4349cfa3fe5d193fdf56be7c751997c1f0674095a8beb80b22c76f/alt_q7_47.json	1
19eadfba6212a62d04923e4a451eb90d4c9963ab40b13c9346552c9cc486c320	289	objects/19/19eadfba6212a62d04923e4a451eb90d4c9963ab40b13c9346552c9cc486c320/module_1687_257.json	1
19fb76ab2c077e6fc533f0f33b9b64c2436cc38cd3733a79be7942aafd1772ba	222	objects/19/19fb76ab2c077e6fc533f0f33b9b64c2436cc38cd3733a79be7942aafd1772ba/clean_generation.log	1
1a3498e4f18aee4378bc5c241f29db35cfb93728da9e74f4a8f21cb852ca0ea9	67	objects/1a/1a3498e4f18aee4378bc5c241f29db35cfb93728da9e74f4a8f21cb852ca0ea9/r3_q15_generate.log	2
1a61fb179566a0d4756bf2b1b0da3399aafe4631ddcade1fb2c3b0c543b34fe5	255	objects/1a/1a61fb179566a0d4756bf2b1b0da3399aafe4631ddcade1fb2c3b0c543b34fe5/module_1805_S5_p263.json	1
1aade72be1ac57e0c939f2bf4f9fd41f948eccbf83932a4b348bb973fe8a7595	232302	objects/1a/1aade72be1ac57e0c939f2bf4f9fd41f948eccbf83932a4b348bb973fe8a7595/1811_B22_plane2_k6.txt	1
1ab1b7bbfd1b78ec1d9b19f196fad0b56a1d50cd12f4baa7b309bcbe9443ed1a	249630	objects/1a/1ab1b7bbfd1b78ec1d9b19f196fad0b56a1d50cd12f4baa7b309bcbe9443ed1a/1847_B22_plane5_k4.txt	1
1ad733aa595c99e0904a50b49dfe1c8067ccee7512ae3aa15d9e1b6cdafd7790	171	objects/1a/1ad733aa595c99e0904a50b49dfe1c8067ccee7512ae3aa15d9e1b6cdafd7790/B_delta6_delta8_q7.gates.stderr	2
1afc905d7d608c78701fa208139453e834687b5806baca0de5e566311f0d50b5	2076	objects/1a/1afc905d7d608c78701fa208139453e834687b5806baca0de5e566311f0d50b5/stage_7.stdout	2
1b164142624fbe4d0fdbd21dd0eafcd036a3d5133de1c036f1126f451f5218c6	277	objects/1b/1b164142624fbe4d0fdbd21dd0eafcd036a3d5133de1c036f1126f451f5218c6/module_1811_B22_plane3_k6_p263.json	1
1b50318c74bf724d04abe864f16632a5749ca28297d69085411714d95f17fe2f	46185	objects/1b/1b50318c74bf724d04abe864f16632a5749ca28297d69085411714d95f17fe2f/BYTE_COMPARISON.json	1
1b9dfc8d1371e3b5cf5a22954ab9e8c9471ce5913209d0bc54c22bca4877748b	6722	objects/1b/1b9dfc8d1371e3b5cf5a22954ab9e8c9471ce5913209d0bc54c22bca4877748b/stage_31.tsv	2
1ba1d4384d4b8bc3aac64d6df2995efa1cbf6d27bfbd3ea6d6142a06e13494a0	23	objects/1b/1ba1d4384d4b8bc3aac64d6df2995efa1cbf6d27bfbd3ea6d6142a06e13494a0/E_delta4_delta6_q5.32719.stderr	4
1ba54a7e37d82aeba2bf6ce79342dfcf85fbbbd24041354d3acea66e901677c1	25628	objects/1b/1ba54a7e37d82aeba2bf6ce79342dfcf85fbbbd24041354d3acea66e901677c1/mapping.json	1
1bd2289e312d83cb71ce0b656d39e8db0d96c573a9787b9ddd7cdbb2a854d486	97619	objects/1b/1bd2289e312d83cb71ce0b656d39e8db0d96c573a9787b9ddd7cdbb2a854d486/1156_p263.txt	2
1be1779eb19648209dc9b4f32d1c128b687aa48a6406daf51c58cf9c930115f0	236431	objects/1b/1be1779eb19648209dc9b4f32d1c128b687aa48a6406daf51c58cf9c930115f0/1811_B22_plane1_k6.txt	1
1bfb1f4189a5dcf6a6bb4e638320efc30d9d5065eb5d325ff8368ebd5d200761	4886	objects/1b/1bfb1f4189a5dcf6a6bb4e638320efc30d9d5065eb5d325ff8368ebd5d200761/replay.py	1
1c0c6e8be33c694cfaf7b80c50ca7d26a06653907e25fcf8b813c5e12c1dcec3	90	objects/1c/1c0c6e8be33c694cfaf7b80c50ca7d26a06653907e25fcf8b813c5e12c1dcec3/1888_B22_plane2_k6_p257.log	8
1c36e5a2f66f66199661209aafd0e17c5b35d7359c95340961d2e6240747e7e5	298749	objects/1c/1c36e5a2f66f66199661209aafd0e17c5b35d7359c95340961d2e6240747e7e5/1954.txt	1
1c47cce53f2c37b98d847891c6850fd59a20d18b6f49835abf77d6a68b771db1	43	objects/1c/1c47cce53f2c37b98d847891c6850fd59a20d18b6f49835abf77d6a68b771db1/D_delta4_delta8_q6.32719.stdout	4
1c5595df4cbaf6544b4a94054a3b050b7c8060995e8532089aff0e52eccd1a34	13847	objects/1c/1c5595df4cbaf6544b4a94054a3b050b7c8060995e8532089aff0e52eccd1a34/MANIFEST.sha256	1
1c600f53630c9c6c2809c2a6b48e4464d94c2b0ba1cd7aff9182cd39b5d79278	289	objects/1c/1c600f53630c9c6c2809c2a6b48e4464d94c2b0ba1cd7aff9182cd39b5d79278/module_1759_263.json	1
1c82480caf5e94b3238e1ffda029e1c5b1b618e2a5c6f6f78e1e178aa1637715	112610	objects/1c/1c82480caf5e94b3238e1ffda029e1c5b1b618e2a5c6f6f78e1e178aa1637715/rank_p32719.txt	2
1c832878c080ba99db01caaed81b85b57f89bdd6d097a76a0ee9d61ca03ab4f2	1222815	objects/1c/1c832878c080ba99db01caaed81b85b57f89bdd6d097a76a0ee9d61ca03ab4f2/chunk_002.out	2
1c893e29d81dca951f8a83b4f9ba9038f23adf6f05ae171639c76b9b52736e5e	265718	objects/1c/1c893e29d81dca951f8a83b4f9ba9038f23adf6f05ae171639c76b9b52736e5e/1888_B22_plane1_k6.txt	1
1d1539482f548713cf3fd0790c65ed09401addb165f0644d70c51de8cebe759c	283	objects/1d/1d1539482f548713cf3fd0790c65ed09401addb165f0644d70c51de8cebe759c/minors_q6_47_32719.json	1
1d2d2084ee54dcfb82b04bf717661c54db5ab61b3eb4b560165c27e97c85131c	879	objects/1d/1d2d2084ee54dcfb82b04bf717661c54db5ab61b3eb4b560165c27e97c85131c/REPLAY.md	1
1d4879441de68bff660055d6bc21f9e6b548dfc02c822e8171f43fea2e418325	227141	objects/1d/1d4879441de68bff660055d6bc21f9e6b548dfc02c822e8171f43fea2e418325/1808_S5.txt	1
1da372c737f728771b40611e9c3c70e33e4235c9534100bb71453c2a30d4e764	100675	objects/1d/1da372c737f728771b40611e9c3c70e33e4235c9534100bb71453c2a30d4e764/1177_p257.txt	2
1df978e797e980f86dc037635c2051e26c7e5059accd0cce60defc665743c2ff	277	objects/1d/1df978e797e980f86dc037635c2051e26c7e5059accd0cce60defc665743c2ff/module_1847_B22_plane3_k6_p257.json	1
1e073909c0a4f7b27a9842560df516c7341bdc6cf46db260a76981957529852a	365	objects/1e/1e073909c0a4f7b27a9842560df516c7341bdc6cf46db260a76981957529852a/q4_mod32719.txt	4
1e0cc3592d9ae895991d10017f716ca6926a40e63413aca4e0f525cd804cbe97	177202	objects/1e/1e0cc3592d9ae895991d10017f716ca6926a40e63413aca4e0f525cd804cbe97/1596_p263.txt	2
1e2123274a26b97fdfc2353ea7098ba9ae52fa5085dde599c4ef1b15ea7e7222	90	objects/1e/1e2123274a26b97fdfc2353ea7098ba9ae52fa5085dde599c4ef1b15ea7e7222/1805_B22_plane3_k4_p257.log	4
1e21474c98de61eeeafb7aa48e03b4e3714bba0883acf5a552f03e3b67794c86	1013217	objects/1e/1e21474c98de61eeeafb7aa48e03b4e3714bba0883acf5a552f03e3b67794c86/chunk_005.out	2
1e4ae8835cd60fe14f19a7d6a9fd3d22804053b0da0ae8d67f86a218db02467e	9288	objects/1e/1e4ae8835cd60fe14f19a7d6a9fd3d22804053b0da0ae8d67f86a218db02467e/replay.py	1
1e72f33533c22021a0a54876cedaf32d8fa7b26569079528ee54b129725d3555	2522	objects/1e/1e72f33533c22021a0a54876cedaf32d8fa7b26569079528ee54b129725d3555/receipt.json	2
1e7e7ee24c001de2c9b5dda34d68ad38447bd9856fd1786136edadf45c830436	278	objects/1e/1e7e7ee24c001de2c9b5dda34d68ad38447bd9856fd1786136edadf45c830436/module_1847_B22_plane1_k6_p257.json	1
1e9891e3352f8ecc48bf91139276e5ba2bc89a81ca80d25bd198724c480a728d	289	objects/1e/1e9891e3352f8ecc48bf91139276e5ba2bc89a81ca80d25bd198724c480a728d/module_1710_257.json	1
1eb3ef81561932045e311a7fd9d6b7eeb3b0d6174f7fdd5e4b1a55ecc3927338	2117	objects/1e/1eb3ef81561932045e311a7fd9d6b7eeb3b0d6174f7fdd5e4b1a55ecc3927338/rank_p32749.txt	2
1ec6d9cdd4cff5633a59e92280056f6f7db818b0073a5285335f30b99cae86f4	151	objects/1e/1ec6d9cdd4cff5633a59e92280056f6f7db818b0073a5285335f30b99cae86f4/case_1630_S4.txt	1
1ed47813b73ff16c6721b0e799c323090154e54ba55a711ae7af850cadf1dce3	192	objects/1e/1ed47813b73ff16c6721b0e799c323090154e54ba55a711ae7af850cadf1dce3/environment.json	1
1ed91fb64bedeae4bb830a3e58b5dd6bb6c5e8b7bfbab37b195df6ffe9e1d11c	2689	objects/1e/1ed91fb64bedeae4bb830a3e58b5dd6bb6c5e8b7bfbab37b195df6ffe9e1d11c/queries.txt	1
1edf73debd858e9a80144883b409daad901913db9a66fe716cd0c9eac47abee0	100154	objects/1e/1edf73debd858e9a80144883b409daad901913db9a66fe716cd0c9eac47abee0/1160_p263.txt	2
1ef351e96ed75d1fbff5aea4cd9ae07ea9314d6223f054ca8e7ed04920ab3290	232213	objects/1e/1ef351e96ed75d1fbff5aea4cd9ae07ea9314d6223f054ca8e7ed04920ab3290/1811_B22_plane3_k4.txt	1
1ef57b230482d66d9b5f8db24181e7080d7c27006ae595f9bb2448d4f5f22c2b	256	objects/1e/1ef57b230482d66d9b5f8db24181e7080d7c27006ae595f9bb2448d4f5f22c2b/module_1847_S5_p257.json	1
1f150c607f8296e6b83c19fd4a112137baaacf7dada484add801ea0827e1ad37	17192	objects/1f/1f150c607f8296e6b83c19fd4a112137baaacf7dada484add801ea0827e1ad37/f58_q6_gates.txt	2
1f363bf22a18300f7ea993b7ac13b2f95ca8fa31f72592a6fdc998ec91cb871b	21	objects/1f/1f363bf22a18300f7ea993b7ac13b2f95ca8fa31f72592a6fdc998ec91cb871b/E_delta4_delta6_q5.gates.stdout	2
1f5ab2629c94bb4bb5297619e3746e79dd18e5c67508943c65dce6ecd69e1490	236575	objects/1f/1f5ab2629c94bb4bb5297619e3746e79dd18e5c67508943c65dce6ecd69e1490/1811_B22_plane2_k6.txt	1
1f636b7dc932c324d3fb280f8bb8f49d65edf16fee357707889a347432e9cd26	4273	objects/1f/1f636b7dc932c324d3fb280f8bb8f49d65edf16fee357707889a347432e9cd26/check_certificates.py	2
1f81f837bb148d4ca3b186784db19b67b06da34f9f3b81206b8f0c4031c5016a	278	objects/1f/1f81f837bb148d4ca3b186784db19b67b06da34f9f3b81206b8f0c4031c5016a/module_1626_B22_plane0_k6_p263.json	1
1fb8a95fb43d3a3a26a847969c36e1758fbed0a82966607922f40a36772e264e	464046	objects/1f/1fb8a95fb43d3a3a26a847969c36e1758fbed0a82966607922f40a36772e264e/chunk_005.out	2
1feec8ac8f8c156c955e39a90db4d177fc565d9805a5f68db5a0e5331aa26d58	244448	objects/1f/1feec8ac8f8c156c955e39a90db4d177fc565d9805a5f68db5a0e5331aa26d58/1847_B22_plane4_k6.txt	1
1ff30dca0010656db043b9dcfda5b288ef74a5ab112905558abf94f2ba96939b	90	objects/1f/1ff30dca0010656db043b9dcfda5b288ef74a5ab112905558abf94f2ba96939b/1717_B22_plane0_k6_p257.log	4
2000d35cb02e0996bb941e5c43f8a2b4e032ae341daa28107842d7c225d059d2	278	objects/20/2000d35cb02e0996bb941e5c43f8a2b4e032ae341daa28107842d7c225d059d2/module_1847_B22_plane5_k6_p257.json	1
200b46de188aa4b62cab5eb4ffb80f6fa47406ed6053f50e708aa76dcf48bd66	132217	objects/20/200b46de188aa4b62cab5eb4ffb80f6fa47406ed6053f50e708aa76dcf48bd66/1369_p263.txt	2
2061a5045f15be5321064d9b173691ae5bf334c391ecfb981cbb5b1487c17167	1013	objects/20/2061a5045f15be5321064d9b173691ae5bf334c391ecfb981cbb5b1487c17167/RESEARCH_LOG.md	2
2061d93cf7ad590eae6d6b5d3d4a7cef119e5ba6672ccbb706cfae47fce6fe58	6868	objects/20/2061d93cf7ad590eae6d6b5d3d4a7cef119e5ba6672ccbb706cfae47fce6fe58/chunk_003.in	2
20681890002c222f4d2eb8d61e1ff4102a0f997c1b12d434217c1efd10c3dd6c	12393	objects/20/20681890002c222f4d2eb8d61e1ff4102a0f997c1b12d434217c1efd10c3dd6c/q18r4.cross.gates	1
207acb94762e9ba9ba624c91dd66a9ff3542927b20e283f83a7cddd33569aba6	1328647	objects/20/207acb94762e9ba9ba624c91dd66a9ff3542927b20e283f83a7cddd33569aba6/chunk_002.out	2
207f55b824daebc3d9f2b9eea0949b70cc550d98da5a1929fc40723075937144	90	objects/20/207f55b824daebc3d9f2b9eea0949b70cc550d98da5a1929fc40723075937144/1626_B22_plane0_k4_p257.log	8
20974cea85555ad7e901ebd1128e923186256212e3e5e12369ec9b6b3cd9331a	215321	objects/20/20974cea85555ad7e901ebd1128e923186256212e3e5e12369ec9b6b3cd9331a/1772.txt	1
20b36ce948150523d440af6c0de1d0d93a121dfb891ba681e6319d44ecad9d5c	4202	objects/20/20b36ce948150523d440af6c0de1d0d93a121dfb891ba681e6319d44ecad9d5c/REPORT.md	4
20c5946c6257c189d58996298c3960af7a65de021b37d754fe8c28c1b23cecb1	306	objects/20/20c5946c6257c189d58996298c3960af7a65de021b37d754fe8c28c1b23cecb1/compile_verify_minors.json	1
20dfdd5cfb141789fa28de4446395b23ba53ceefee35de89b8d714ca0867449b	44	objects/20/20dfdd5cfb141789fa28de4446395b23ba53ceefee35de89b8d714ca0867449b/A_delta6_delta7_q7.p32749.stderr	2
2103d8c9f067f22f1df4fa2811117964779dd5348c054b0a73135a1944d8b0f7	4072	objects/21/2103d8c9f067f22f1df4fa2811117964779dd5348c054b0a73135a1944d8b0f7/q5_45.32749.minors	1
2116b249753edc875e9236870ff688ad07fb5e73589cf0d2c1751c58b499e963	57	objects/21/2116b249753edc875e9236870ff688ad07fb5e73589cf0d2c1751c58b499e963/one_valid.gates	1
211ea257da77087ce41cf5bf4ea4d8aacbc4c0f8f25ed5ef3ec4f8561fa5dbde	278	objects/21/211ea257da77087ce41cf5bf4ea4d8aacbc4c0f8f25ed5ef3ec4f8561fa5dbde/module_1847_B22_plane2_k6_p257.json	1
212736eb276760dac5b841e952fa016d055a6a73fa947a45b77ef04e6c8e65bf	121183	objects/21/212736eb276760dac5b841e952fa016d055a6a73fa947a45b77ef04e6c8e65bf/1318_p263.txt	2
21507093f82162f0e6fcc752617e64075f99a6cfb260bc70cf9885b2b747d91a	66	objects/21/21507093f82162f0e6fcc752617e64075f99a6cfb260bc70cf9885b2b747d91a/r3_q15_alternate_minor.log	2
2152a2f60dc3df0029a0ac27420679cddbe43b14bcc9506d98c90c69e19d4bc9	90	objects/21/2152a2f60dc3df0029a0ac27420679cddbe43b14bcc9506d98c90c69e19d4bc9/1717_B22_plane0_k4_p257.log	4
215900a19603013e4406890482013ded6282995c9a151642a8560314ab9fb63f	13221	objects/21/215900a19603013e4406890482013ded6282995c9a151642a8560314ab9fb63f/chunk_002.in	2
217708ac23772a59c29ef8b0800f8fa4b1cd6d416d21181d8f100e957b025689	90	objects/21/217708ac23772a59c29ef8b0800f8fa4b1cd6d416d21181d8f100e957b025689/module_1636_257.log	2
21888d5f061ce73a92d6a3dccc2e710cb629f4d22fb6f267b3eb75995ccec4b1	2083	objects/21/21888d5f061ce73a92d6a3dccc2e710cb629f4d22fb6f267b3eb75995ccec4b1/chunk_006.in	2
21a100210247330be07629ef885afc2e853bf2260113c400aeb5c292c207e8de	28618	objects/21/21a100210247330be07629ef885afc2e853bf2260113c400aeb5c292c207e8de/q6_45.32719.minors	1
21b9ba0153f4116eeb02274cff49b61f51a02b05559c8b89e8d3c26a1c47b70f	283	objects/21/21b9ba0153f4116eeb02274cff49b61f51a02b05559c8b89e8d3c26a1c47b70f/minors_q7_57_32719.json	1
2201c9f7332cf192622837c81eb8596d9fbff4186d0e664f6ebb65d6de977bbd	276	objects/22/2201c9f7332cf192622837c81eb8596d9fbff4186d0e664f6ebb65d6de977bbd/module_1847_B22_plane4_k6_p263.json	1
220300379b47b83bdca1e064301ccf553b97988aed9f86abeaf87fc872c0da15	90	objects/22/220300379b47b83bdca1e064301ccf553b97988aed9f86abeaf87fc872c0da15/1811_S5_p257.log	4
223bb9d7e1d08c2062d49ada1bdc5e01849c493d8346e56f68b5d79544d7e605	466	objects/22/223bb9d7e1d08c2062d49ada1bdc5e01849c493d8346e56f68b5d79544d7e605/moment_frontier.stdout	2
224b36e0296074555e4e547abe2d895dd1d00f055d46dbe07aef46369d5e0652	90	objects/22/224b36e0296074555e4e547abe2d895dd1d00f055d46dbe07aef46369d5e0652/module_1858_257.log	2
227f19e8e582b0f3f6540d1a8d98d13e498ea54c1bc7c9049f605ad0871aa534	248743	objects/22/227f19e8e582b0f3f6540d1a8d98d13e498ea54c1bc7c9049f605ad0871aa534/1847_B22_plane0_k6.txt	1
2299cd5208e5480ec8ef00e862841590da34797a689a622b3ceff512014eb819	188835	objects/22/2299cd5208e5480ec8ef00e862841590da34797a689a622b3ceff512014eb819/1680.txt	1
22a30c526fbec8cd9f7567c99cf15fcf42e163d1691dbc61b7f234559846d385	90	objects/22/22a30c526fbec8cd9f7567c99cf15fcf42e163d1691dbc61b7f234559846d385/1847_B22_plane2_k6_p257.log	8
22b72dfc827f9c04161035b4a910afde0777de2c9c94f53ac3dca49807e763a8	200283	objects/22/22b72dfc827f9c04161035b4a910afde0777de2c9c94f53ac3dca49807e763a8/1711.txt	1
22bf3c42e9f2efa20e56aceaddd1c282d2b4bb4d1b8d722d7e9aecac525657ea	289	objects/22/22bf3c42e9f2efa20e56aceaddd1c282d2b4bb4d1b8d722d7e9aecac525657ea/module_1705_257.json	1
22d0290e48c16c59fccc5ec505c87f00589f38064b7e7077a00675b73f26cbda	151	objects/22/22d0290e48c16c59fccc5ec505c87f00589f38064b7e7077a00675b73f26cbda/case_1736_B22_plane1_k4.txt	1
22d1ced5cd3d964044930d0faa7a9affa3b92891db572c4af5bc948ff1a80a3f	289	objects/22/22d1ced5cd3d964044930d0faa7a9affa3b92891db572c4af5bc948ff1a80a3f/module_1754_257.json	1
22d8e25aa4e0d01954efd0330b73b01673beecb80d63f515f060cf124a95558f	109676	objects/22/22d8e25aa4e0d01954efd0330b73b01673beecb80d63f515f060cf124a95558f/frozen_signatures.json	7
233710311c7afe4c61b2df3f9168ae9d7bde9c06b11b48bfa383d1bb543879df	13	objects/23/233710311c7afe4c61b2df3f9168ae9d7bde9c06b11b48bfa383d1bb543879df/1626newfees.txt	2
2362558eab9afeb9223994a0137e29de7ef16dba288303d1e7e533fe548c1846	615	objects/23/2362558eab9afeb9223994a0137e29de7ef16dba288303d1e7e533fe548c1846/README.md	2
239a6a0727e71913f7f443ed6c4eb08c5fd5fdd1b6d44f546388cbd6973c5d72	90	objects/23/239a6a0727e71913f7f443ed6c4eb08c5fd5fdd1b6d44f546388cbd6973c5d72/1720_B22_plane1_k6_p257.log	4
23a0c1727a132b1dfe16673aea1ec82f1a1709d26655932fbb5b06cb9356b0af	1013221	objects/23/23a0c1727a132b1dfe16673aea1ec82f1a1709d26655932fbb5b06cb9356b0af/chunk_002.out	2
23a34f441ea608a2fb5ea05bc7ff774dea256ee7ee000211b13741f3a986fa36	129946	objects/23/23a34f441ea608a2fb5ea05bc7ff774dea256ee7ee000211b13741f3a986fa36/1372_p257.txt	2
23cc6fb68d536b1cc7d95bd35039e5ea1335816a6d67cd70afd177de53bbe368	2674	objects/23/23cc6fb68d536b1cc7d95bd35039e5ea1335816a6d67cd70afd177de53bbe368/verification.json	2
2400c336e947d8db151ec39b781f5aa37b9a6685646097a2531184e2a9af9949	231336	objects/24/2400c336e947d8db151ec39b781f5aa37b9a6685646097a2531184e2a9af9949/1802.txt	1
24061c92ec02be5d7f502f1b20ec22800ee3ce67eeb8dc5fffb3e97e78190aa4	277	objects/24/24061c92ec02be5d7f502f1b20ec22800ee3ce67eeb8dc5fffb3e97e78190aa4/module_1969_B22_plane3_k4_p263.json	1
2411f29d035481a2a1a2de9c3fe399a6ee69655cdbef61718990e9b1e6bbfff5	3656	objects/24/2411f29d035481a2a1a2de9c3fe399a6ee69655cdbef61718990e9b1e6bbfff5/pattern_F_delta5_delta8_jets.cpp	4
246b9bf71fad7e590ff43050c079d832fd6fbb3fb457d4f2568bd5f0be117a48	151	objects/24/246b9bf71fad7e590ff43050c079d832fd6fbb3fb457d4f2568bd5f0be117a48/case_1736_B22_plane1_k6.txt	1
24c700bdc5bafbd7cf347d8272eefddc49496095d5a76e3184f44f5fd66fb8d2	229082	objects/24/24c700bdc5bafbd7cf347d8272eefddc49496095d5a76e3184f44f5fd66fb8d2/f58_q8_gates.txt	2
24d1d0cfbbc4a64d775e7eee5b98ca7936c32d90a60c06fadbed836129a88d1d	151	objects/24/24d1d0cfbbc4a64d775e7eee5b98ca7936c32d90a60c06fadbed836129a88d1d/case_1629_B22_plane0_k6.txt	1
24e33fe11e8992542c1034c962b9355a3139082bdce5056fce9b8fb2f6179a9b	233124	objects/24/24e33fe11e8992542c1034c962b9355a3139082bdce5056fce9b8fb2f6179a9b/1805_B22_plane5_k4.txt	1
24e5cf515f4a44d6b5be51e14a5187a0c6c6f3d34ff5b98a09ddbb4b4b1f0467	90	objects/24/24e5cf515f4a44d6b5be51e14a5187a0c6c6f3d34ff5b98a09ddbb4b4b1f0467/module_1680_257.log	4
24e670d58b3edd20ebf9055ce03df002b4b7108d93d30826140b0bc600e6e749	3094	objects/24/24e670d58b3edd20ebf9055ce03df002b4b7108d93d30826140b0bc600e6e749/ledger_independent.json	2
24fae653f74db10bbb352b2a7bd9e8b2d34fb202e381f29a50c4ca0c4c0126f6	1540	objects/24/24fae653f74db10bbb352b2a7bd9e8b2d34fb202e381f29a50c4ca0c4c0126f6/REPLAY.md	1
251dbfcacfd67d5e2ea6a8d67cb1de9eca258e1b5ed6db1eb91dd42f8acfca7f	111841	objects/25/251dbfcacfd67d5e2ea6a8d67cb1de9eca258e1b5ed6db1eb91dd42f8acfca7f/signatures481.json	2
251de1f8615884ac8b8db2e1a111fb53f0f9882808cd9546cea0edbe8af90a5c	561	objects/25/251de1f8615884ac8b8db2e1a111fb53f0f9882808cd9546cea0edbe8af90a5c/NEXT_BOUNDARY.md	1
25938bf027368093ca4d867859290c329030017908575d4d37dec76458e04937	232916	objects/25/25938bf027368093ca4d867859290c329030017908575d4d37dec76458e04937/1805_B22_plane5_k6.txt	1
25a3ce4fa67c1881685082776eac70513d42685612162b58af450b677f5d61d4	151	objects/25/25a3ce4fa67c1881685082776eac70513d42685612162b58af450b677f5d61d4/case_1969_B22_plane5_k6.txt	1
25c167cd0e918376734f4e78ee4f04b7df4028d38b6a583c612b8f41b5360b50	90	objects/25/25c167cd0e918376734f4e78ee4f04b7df4028d38b6a583c612b8f41b5360b50/1808_B22_plane3_k4_p257.log	4
25c333a21746559f3f79ffe25fec9e481c166ca50d5eb0e8367885245a091f0e	322	objects/25/25c333a21746559f3f79ffe25fec9e481c166ca50d5eb0e8367885245a091f0e/independent_local_minors.json	1
25c649fd487580d857859a8efc1efd41af6e286ade18c5080c84dd6f6a37d591	48161	objects/25/25c649fd487580d857859a8efc1efd41af6e286ade18c5080c84dd6f6a37d591/gates.txt	4
25ee0a0107f2eb757806924c143255d3093694d881c0a62409ec6f27cf1f4dce	274673	objects/25/25ee0a0107f2eb757806924c143255d3093694d881c0a62409ec6f27cf1f4dce/1904_B22_plane3_k6.txt	1
25f997482c734f5bba2e32682b59c290c06ce89ea20d3fc88272e12adf9885e8	90	objects/25/25f997482c734f5bba2e32682b59c290c06ce89ea20d3fc88272e12adf9885e8/module_1916_257.log	2
261d091e0f08a06c7be459d3671651086074bd13c0cb926982b4de94257ee79e	196621	objects/26/261d091e0f08a06c7be459d3671651086074bd13c0cb926982b4de94257ee79e/1715_S4.txt	1
262b79913e5a245f19960b2c965f51cc414fea0c4765837bf7130579d46f4566	227107	objects/26/262b79913e5a245f19960b2c965f51cc414fea0c4765837bf7130579d46f4566/1797.txt	1
26517eef4b1dbba9b563702b7801ba22fcffe50c5667595e0a81ba8c49a251a0	231595	objects/26/26517eef4b1dbba9b563702b7801ba22fcffe50c5667595e0a81ba8c49a251a0/1801_S5.txt	1
2663a777b07781f8f711deddc5a5d92a1cf7a0cba5417e3d869e776ef15f79ca	41	objects/26/2663a777b07781f8f711deddc5a5d92a1cf7a0cba5417e3d869e776ef15f79ca/B_delta6_delta8_q6.32719.stdout	4
26865879805ff2aee7d9a9a290edf260a5b7fbe6a95a4640b217fb1a0941bb19	289	objects/26/26865879805ff2aee7d9a9a290edf260a5b7fbe6a95a4640b217fb1a0941bb19/module_1687_263.json	1
26b8506a60b8816d1c0fb789a560f29eca749b878f172251228f6f57f6c25f0e	144097	objects/26/26b8506a60b8816d1c0fb789a560f29eca749b878f172251228f6f57f6c25f0e/1430_p263.txt	2
26bcf9ad0f16f15048d359e3499bac9aaa68ad3769b461c765dff8edc6a978a0	14	objects/26/26bcf9ad0f16f15048d359e3499bac9aaa68ad3769b461c765dff8edc6a978a0/aggregates_1636_0.log	2
26c084352e8e00910c536b7d5e7f4d16f8c22943606eaa82bb1522cb28e2f660	7553	objects/26/26c084352e8e00910c536b7d5e7f4d16f8c22943606eaa82bb1522cb28e2f660/chunk_000.in	2
26c095b662599462d46f168d9314c0ef683686f836c66e1a8f23cd66469d8c68	289	objects/26/26c095b662599462d46f168d9314c0ef683686f836c66e1a8f23cd66469d8c68/module_1636_263.json	1
27450143baef1bebd0028d6b0578f3fd072712fa85a62f0d0d5ff9bdffbc21d0	266412	objects/27/27450143baef1bebd0028d6b0578f3fd072712fa85a62f0d0d5ff9bdffbc21d0/1888_B22_plane5_k4.txt	1
275d2efca36516a990d9bb48c83a88240aaa40e970e62e71b7b3df1a8161738f	278	objects/27/275d2efca36516a990d9bb48c83a88240aaa40e970e62e71b7b3df1a8161738f/module_1847_B22_plane5_k4_p257.json	1
276877b63377a0153c5ac1011a9f1c501d5b20969accc1fbe5b1ce646b73a25c	129573	objects/27/276877b63377a0153c5ac1011a9f1c501d5b20969accc1fbe5b1ce646b73a25c/1350_p263.txt	2
27a4533cc143da30a5dec9869cb52941ae571e069d275dbf3b5a69277b206c41	288	objects/27/27a4533cc143da30a5dec9869cb52941ae571e069d275dbf3b5a69277b206c41/module_2005_263.json	1
27aacc75c23c7f0fdbfd0a900e387557e4c6948f6cdeca7f87b9128a893a1b03	304676	objects/27/27aacc75c23c7f0fdbfd0a900e387557e4c6948f6cdeca7f87b9128a893a1b03/1969_B22_plane1_k6.txt	1
27be60dd14bca929bdc44be8f9cd7d6107a1cccbf412bec1540e89798c7fbe5c	228270	objects/27/27be60dd14bca929bdc44be8f9cd7d6107a1cccbf412bec1540e89798c7fbe5c/1805_B22_plane1_k4.txt	1
27e77d546380d6e9cce4951e00ad5621fb1df072c6986d5ffd8455a97c9aab61	256	objects/27/27e77d546380d6e9cce4951e00ad5621fb1df072c6986d5ffd8455a97c9aab61/module_1803_S4_p263.json	1
27fcb5fc3f268af8eab7294ff1cc4b09f3a6fbffffb5bac6ba4dcbfc8a47e65f	326	objects/27/27fcb5fc3f268af8eab7294ff1cc4b09f3a6fbffffb5bac6ba4dcbfc8a47e65f/AUTHOR_RECEIPT.json	1
28098cabdc09045ad56219f2eae0409191607f89b076fb24948a57a2d1d1f511	90	objects/28/28098cabdc09045ad56219f2eae0409191607f89b076fb24948a57a2d1d1f511/1629_S5_p257.log	8
281c5ac7903028a6806a4e795a2b93e02f9c238e3cc892b30f8219c284af2b41	90	objects/28/281c5ac7903028a6806a4e795a2b93e02f9c238e3cc892b30f8219c284af2b41/1720_B22_plane5_k6_p257.log	4
282e8662a4ae9410954b25c5d546a23d4025e6f5159e533f5d77c104b32bbb19	278	objects/28/282e8662a4ae9410954b25c5d546a23d4025e6f5159e533f5d77c104b32bbb19/module_1717_B22_plane0_k4_p257.json	1
28379e3423b47aaf326e45a6ddf2c9415c19241f12a877a4c45c84fef8f40ec4	278	objects/28/28379e3423b47aaf326e45a6ddf2c9415c19241f12a877a4c45c84fef8f40ec4/module_1765_B22_plane0_k4_p257.json	1
2851c2e2b4a868fd4458917c0165f37da0d18549285f63c5d23ad5ddd53d4d48	129962	objects/28/2851c2e2b4a868fd4458917c0165f37da0d18549285f63c5d23ad5ddd53d4d48/1361_p257.txt	2
28710c53f2e8c4ac5e324c92ed6277468814eb86f460a7aa9ec4e3ddb716f9f2	8072	objects/28/28710c53f2e8c4ac5e324c92ed6277468814eb86f460a7aa9ec4e3ddb716f9f2/q17r4.cross.gates	1
28a2830ab0539b75926240d7487e1216f51a71f1d933f9cbc3c7a54c27d8f4aa	144122	objects/28/28a2830ab0539b75926240d7487e1216f51a71f1d933f9cbc3c7a54c27d8f4aa/1407_p263.txt	2
28a66f82172f4ff8289c5a0d49858b7711c38ab00f0cf37301c78897aa43a8b1	90	objects/28/28a66f82172f4ff8289c5a0d49858b7711c38ab00f0cf37301c78897aa43a8b1/1805_B22_plane3_k6_p257.log	4
28b347d8966fe271f233034e0cb14f79ccfca9a40101b3d2b323125e552984f5	78885	originals/research_rounds/R03_ODD-SAT3-5-EDGE8__B699-ProA-ODD-SAT3-5-EDGE8-20260922-evidence.zip	2
28c07cbf8adee95a417ce9380e766b1a07f3930331af2f60894b929a23d690bc	115724	objects/28/28c07cbf8adee95a417ce9380e766b1a07f3930331af2f60894b929a23d690bc/1294_p263.txt	2
28e11f5ceff57a2f14c19a538b76cc648ccdf45349be4287a254a04354f52d71	245	objects/28/28e11f5ceff57a2f14c19a538b76cc648ccdf45349be4287a254a04354f52d71/INPUT_ARCHIVE_CHECK.json	2
28e46dbcb687d83471da1f005088d489c492ff307a463de2f25daf8195d9a1bc	284	objects/28/28e46dbcb687d83471da1f005088d489c492ff307a463de2f25daf8195d9a1bc/minors_q5_47_32719.json	1
28f35070492e2c8911ce159509023bd0ca6cca98d503adac8301141dfcd4685b	27	objects/28/28f35070492e2c8911ce159509023bd0ca6cca98d503adac8301141dfcd4685b/fees_mode1.log	1
290200047849137054b99e1a41550547ba8e31e49129e69a2ab677e38ac6921e	1232	objects/29/290200047849137054b99e1a41550547ba8e31e49129e69a2ab677e38ac6921e/FROZEN_INPUTS.json	1
292afdf766e8a368f7318dfdae270dd605bad4f75f462c1fdbeae4b412a9d0e6	278	objects/29/292afdf766e8a368f7318dfdae270dd605bad4f75f462c1fdbeae4b412a9d0e6/module_1811_B22_plane3_k6_p257.json	1
293b6852bf26164f26274b6fb9a886372b265042e6531ba37cf49a13e45c4f60	249289	objects/29/293b6852bf26164f26274b6fb9a886372b265042e6531ba37cf49a13e45c4f60/1847_B22_plane4_k6.txt	1
294bb570736da61572d89616b89960996f09b00adb9a7a6e7400c6a44038f735	90	objects/29/294bb570736da61572d89616b89960996f09b00adb9a7a6e7400c6a44038f735/module_1732_257.log	2
295cbf265b024cd6c027c29737772bd2af266544d5ff425a3784f3f91e938d43	249414	objects/29/295cbf265b024cd6c027c29737772bd2af266544d5ff425a3784f3f91e938d43/1847_B22_plane4_k4.txt	1
29c6f7742a159700943ce330c26466c14bc5cb539092bf59a77172a02ec74c64	4109	objects/29/29c6f7742a159700943ce330c26466c14bc5cb539092bf59a77172a02ec74c64/removed_states.json	1
29e1b48ff70a37f5c4598fc72d49a3f9b68b8374d3ed05f0033195402cd182af	46	objects/29/29e1b48ff70a37f5c4598fc72d49a3f9b68b8374d3ed05f0033195402cd182af/alt_q6_57.log	1
2a1ac8f2b04eea1ba7b69c7e1f0c89cc12d6c767c0be034fdda33d5732f44113	76	objects/2a/2a1ac8f2b04eea1ba7b69c7e1f0c89cc12d6c767c0be034fdda33d5732f44113/q17r5.jets.log	2
2ad5e1f8ac9ae3376f0038f8d1b379cf5aecd7fc4c4a60e44297670f1fef268a	1390	objects/2a/2ad5e1f8ac9ae3376f0038f8d1b379cf5aecd7fc4c4a60e44297670f1fef268a/nonnecessary_jet.ranks	1
2ad723d12cf63b398cd580eacebc1870a87c42b90dece1ba29b8163152ee4dd5	256	objects/2a/2ad723d12cf63b398cd580eacebc1870a87c42b90dece1ba29b8163152ee4dd5/module_1888_S5_p257.json	1
2ade9c3baf1bfbed07c1a113b18fa2ec4d0d2ac3cab338fcea69f62fb5c8744c	2668	objects/2a/2ade9c3baf1bfbed07c1a113b18fa2ec4d0d2ac3cab338fcea69f62fb5c8744c/frontier_key_states.json	2
2ae3f627df7f1f7e57fdd37ab5f08aa5adf571e0f2e7da1445ea77c524039eca	163414	objects/2a/2ae3f627df7f1f7e57fdd37ab5f08aa5adf571e0f2e7da1445ea77c524039eca/1530_p263.txt	2
2b3e107ff80622c3303c0dd6035079e63a9b9084b0b75803e585d1b0a01e0709	71	objects/2b/2b3e107ff80622c3303c0dd6035079e63a9b9084b0b75803e585d1b0a01e0709/jets_q16_32719.log	2
2be993c6919135de3f02bbd3e15c86d29608a584ff8c76f4434069cea27a8c0a	256	objects/2b/2be993c6919135de3f02bbd3e15c86d29608a584ff8c76f4434069cea27a8c0a/module_1630_S4_p263.json	1
2c14947a15345b582b998ee5ed4e14b1e481eb7638eb04cdb74a9072be2ef445	57324	objects/2c/2c14947a15345b582b998ee5ed4e14b1e481eb7638eb04cdb74a9072be2ef445/q7_45.gates	1
2c4b99388a86869c962aa518238762cf2a34a885b54d2a358a492716a47438ab	197039	objects/2c/2c4b99388a86869c962aa518238762cf2a34a885b54d2a358a492716a47438ab/1717_B22_plane0_k4.txt	1
2ca00dd1f8d552e5f7c501a1ab2247c815e13a987cdbc3244c4c14d0bbe1953a	172	objects/2c/2ca00dd1f8d552e5f7c501a1ab2247c815e13a987cdbc3244c4c14d0bbe1953a/D_delta4_delta8_q5.gates.stderr	2
2cc5e37be9a5f98dcc4ec8a14deeaa7efc7d5362365f4170ef9c3c1f92c45292	90	objects/2c/2cc5e37be9a5f98dcc4ec8a14deeaa7efc7d5362365f4170ef9c3c1f92c45292/1888_B22_plane0_k6_p257.log	4
2cdf9840bd50ebe573fb128e886c92211a328744045212956a4d2e13f8c8942a	642135	objects/2c/2cdf9840bd50ebe573fb128e886c92211a328744045212956a4d2e13f8c8942a/accepted_1623_06000_08000.txt	1
2d1fb835e558a3d6bc4c233017bea24f9484a35aa5593ddd70571ce261844525	47	objects/2d/2d1fb835e558a3d6bc4c233017bea24f9484a35aa5593ddd70571ce261844525/gates_q7_57.log	1
2d3e748735937f87ac74fcca67fc7824a27dc81f874b3aab8967ed8c4adc1da5	318	objects/2d/2d3e748735937f87ac74fcca67fc7824a27dc81f874b3aab8967ed8c4adc1da5/compile_module263.json	1
2d527ad8d7793aca2c139e40c5d42ed581460229118aa8e1e137ee9dd7adf6be	231057	objects/2d/2d527ad8d7793aca2c139e40c5d42ed581460229118aa8e1e137ee9dd7adf6be/1811_S5.txt	1
2d5814263f92a4793fa268a9a06326de9cec89500f9553b0af346f4c390a77ff	2247	objects/2d/2d5814263f92a4793fa268a9a06326de9cec89500f9553b0af346f4c390a77ff/withoutS5_fees_0.txt	2
2d5a5d26a60bb38406078e614ea7f775dd4ebc48346e1649436eb2c4b7db05b6	288	objects/2d/2d5a5d26a60bb38406078e614ea7f775dd4ebc48346e1649436eb2c4b7db05b6/module_1843_263.json	1
2d625d053f24bb6cee810ba931fe8b226a862f88f18f95ea8fdfdda145bbb5e2	328640	objects/2d/2d625d053f24bb6cee810ba931fe8b226a862f88f18f95ea8fdfdda145bbb5e2/2005.txt	1
2d824d06a3043526a3217463af5ad25d32dc6cbb723f7f5dba3a7c999bc6c5e1	200160	objects/2d/2d824d06a3043526a3217463af5ad25d32dc6cbb723f7f5dba3a7c999bc6c5e1/1710.txt	1
2d894ef422527f1d2cb0da882a3ffd74e979f3c689d16fbe4ae2947bb4cc83de	255	objects/2d/2d894ef422527f1d2cb0da882a3ffd74e979f3c689d16fbe4ae2947bb4cc83de/module_1706_S5_p263.json	1
2da59b867a7cbfae0f7f969237b124a754121e33e3b20d78426a90266ccf80a1	799985	objects/2d/2da59b867a7cbfae0f7f969237b124a754121e33e3b20d78426a90266ccf80a1/chunk_002.out	2
2db281f5612077d1a6cdbc888abd5f1c7cfdac9cea542d7dd531195b809bd17d	641044	objects/2d/2db281f5612077d1a6cdbc888abd5f1c7cfdac9cea542d7dd531195b809bd17d/state_1623_10000_12000.txt	2
2dc155279d38e7e58263774254337ca572f17de65a4e339f21397589db73e206	522	objects/2d/2dc155279d38e7e58263774254337ca572f17de65a4e339f21397589db73e206/state_1623_a.txt	1
2dd4aff6510f2a1edf3f0080b7c441cd550968158a4484be256e7711ef5e1cee	304743	objects/2d/2dd4aff6510f2a1edf3f0080b7c441cd550968158a4484be256e7711ef5e1cee/1969_B22_plane4_k6.txt	1
2def21c0a439420daaf401c808ca8f447a1871e3eaec8e87e826886edeadddc8	297637	objects/2d/2def21c0a439420daaf401c808ca8f447a1871e3eaec8e87e826886edeadddc8/chunk_008.out	2
2e11aac175d3e716a4b2b17ffab912c7b4a4fbbba58937497f2811849104336b	14237	objects/2e/2e11aac175d3e716a4b2b17ffab912c7b4a4fbbba58937497f2811849104336b/q6_47.independent.json	1
2e1423db7e38c4204e75784335e2af5a926dd1490aee15277d948e5390ba5a77	132405	objects/2e/2e1423db7e38c4204e75784335e2af5a926dd1490aee15277d948e5390ba5a77/1358_p263.txt	2
2e1cc0e28810177549feb2df0dcaa722e9f8a3a52f932a1d1816871aad0b8109	137718	objects/2e/2e1cc0e28810177549feb2df0dcaa722e9f8a3a52f932a1d1816871aad0b8109/q7_47.32749.minors	1
2e219472098a16c75d80fcad7f92b564ead1903d254d9e3bfe24d5886629d008	212709	objects/2e/2e219472098a16c75d80fcad7f92b564ead1903d254d9e3bfe24d5886629d008/1736_B22_plane3_k6.txt	1
2e3f04bc666c55cbe72a0752af58b0446c99e26d660d404ed64a5c41af9579b5	278	objects/2e/2e3f04bc666c55cbe72a0752af58b0446c99e26d660d404ed64a5c41af9579b5/module_1765_B22_plane3_k6_p257.json	1
2e4d3b6ed35f793b6c9c4dc9161b8594a5d63a64c5b541fd7600573203271608	278	objects/2e/2e4d3b6ed35f793b6c9c4dc9161b8594a5d63a64c5b541fd7600573203271608/module_1847_B22_plane0_k4_p263.json	1
2e966b704861365c77908418cfe88a39c039f472acae1c574392b2ac01a6f9d4	1940	objects/2e/2e966b704861365c77908418cfe88a39c039f472acae1c574392b2ac01a6f9d4/ledger_direct.log	2
2eaeba75aeeb5156014b885e7a731f755a6a2da8d47e17f10d982992c7a05a7d	304535	objects/2e/2eaeba75aeeb5156014b885e7a731f755a6a2da8d47e17f10d982992c7a05a7d/1969_B22_plane3_k6.txt	1
2ed369902ec2c477b027bea4723aa8b16638468d874bc82304b059f416b96798	179179	objects/2e/2ed369902ec2c477b027bea4723aa8b16638468d874bc82304b059f416b96798/1626_B22_plane0_k4.txt	1
2eedb99ae1c2463d8691cb085efd749862f7ac9015172ee5ad022034069aca39	7317	objects/2e/2eedb99ae1c2463d8691cb085efd749862f7ac9015172ee5ad022034069aca39/PROOFS.md	6
2efba686325d64dfe49eb96dcf989a1c57d86cf18106cbd8eb0d35c1bb653e95	151	objects/2e/2efba686325d64dfe49eb96dcf989a1c57d86cf18106cbd8eb0d35c1bb653e95/case_1904_B22_plane1_k6.txt	1
2f4a8a6f96c495a52bf1894d38c664c748f663868d87e60cb84786dcaffdd37f	132318	objects/2f/2f4a8a6f96c495a52bf1894d38c664c748f663868d87e60cb84786dcaffdd37f/1368_p263.txt	2
2f54095abcc9b843dede83d11b9c0c3785ec05b5be517967b93580809174d170	278	objects/2f/2f54095abcc9b843dede83d11b9c0c3785ec05b5be517967b93580809174d170/module_1904_B22_plane1_k6_p257.json	1
2f7eb5d903ced08b763edce6ddfc48aff30fbbce13f9dbffef96624611912233	90	objects/2f/2f7eb5d903ced08b763edce6ddfc48aff30fbbce13f9dbffef96624611912233/1811_B22_plane1_k4_p257.log	4
2f8afe8044a7b3800ce65a07c69d446f3eb984a553576a67a8771a08f0819821	277	objects/2f/2f8afe8044a7b3800ce65a07c69d446f3eb984a553576a67a8771a08f0819821/module_1888_B22_plane5_k6_p263.json	1
2f8e4bb7304f185a3409eced0ca2848e1e7af1eeb04722bf737308b325fc6750	203706	objects/2f/2f8e4bb7304f185a3409eced0ca2848e1e7af1eeb04722bf737308b325fc6750/1732.txt	1
300711a98a1b278ffe6e3a5be4a271004f721761fc385100d888b3e53f6a4e82	108315	objects/30/300711a98a1b278ffe6e3a5be4a271004f721761fc385100d888b3e53f6a4e82/1230_p257.txt	2
300ead493a36bcf123254f54812786ba13c89bc4d5b87eb8ea65c5f605865616	287	objects/30/300ead493a36bcf123254f54812786ba13c89bc4d5b87eb8ea65c5f605865616/module_1877_263.json	1
3030658e9ca903840ddd4980f3425ccf2d854634a2108568dad33f6edc13bc49	196201	objects/30/3030658e9ca903840ddd4980f3425ccf2d854634a2108568dad33f6edc13bc49/1719.txt	1
306a03d39e29efea6198ff014800113e229d1a057b12d1f6df189a37d0bf85cb	173824	objects/30/306a03d39e29efea6198ff014800113e229d1a057b12d1f6df189a37d0bf85cb/weak_P4_1626.txt	1
3070f7948d7ba970c984b27ac769d5dc56f7b9451527082e6fcb4cfc29dcf1bd	82	objects/30/3070f7948d7ba970c984b27ac769d5dc56f7b9451527082e6fcb4cfc29dcf1bd/q18r4.gates.log	1
3117d40ec421152505770e7963725b271ff6bd86ca17b570c1b18022b61011f8	46280	objects/31/3117d40ec421152505770e7963725b271ff6bd86ca17b570c1b18022b61011f8/B699-ProA-PROJECTIVE-FACTOR-COVER-H111-20260924-evidence.CLEAN_REPLAY_RECEIPT.json	1
312f1b7701cb80a88f0552c7e7e80f9b87fb8e8881bbf778d0cd6cae03056185	232278	objects/31/312f1b7701cb80a88f0552c7e7e80f9b87fb8e8881bbf778d0cd6cae03056185/1811_B22_plane4_k6.txt	1
3143ae56c76aebecf566c8f166023e92278f417b899cb058aa73c1c3fe0ca1d9	278	objects/31/3143ae56c76aebecf566c8f166023e92278f417b899cb058aa73c1c3fe0ca1d9/module_1805_B22_plane3_k6_p257.json	1
31567863c390e67d1005b5f225d0aa55473e809e6d1ca4f1919115ce6dc19e5f	90	objects/31/31567863c390e67d1005b5f225d0aa55473e809e6d1ca4f1919115ce6dc19e5f/module_1860_257.log	2
319b28deb2d798a9e5c82cbd2917851160402b22058d543719b1df00d061fc48	90	objects/31/319b28deb2d798a9e5c82cbd2917851160402b22058d543719b1df00d061fc48/1847_B22_plane5_k4_p257.log	4
31a1c54b1af65f4ef575a6e8e1e9b12948765e4a3fd0afe1ebcba93dd43d9d2a	90	objects/31/31a1c54b1af65f4ef575a6e8e1e9b12948765e4a3fd0afe1ebcba93dd43d9d2a/1960_B22_plane5_k6_p257.log	4
32113d9993421e8071586e665d0782d9b46e787ae091a3a20777eea87637ad50	10466	objects/32/32113d9993421e8071586e665d0782d9b46e787ae091a3a20777eea87637ad50/MANIFEST.json	2
3232791deae834f39d9c006d47335c559ac065b881969cc67cad0831ebdc2179	278	objects/32/3232791deae834f39d9c006d47335c559ac065b881969cc67cad0831ebdc2179/module_1847_B22_plane4_k4_p263.json	1
32419915d6877ded6be232c5838973d7552ae964d4bbc095e0f9d1fbd9cd1979	278	objects/32/32419915d6877ded6be232c5838973d7552ae964d4bbc095e0f9d1fbd9cd1979/module_1765_B22_plane1_k4_p257.json	1
325c6008a7bb5ac84221767735d7a15a610f9734ced6a3da5394d8e2a2b834d4	289	objects/32/325c6008a7bb5ac84221767735d7a15a610f9734ced6a3da5394d8e2a2b834d4/module_1647_257.json	1
3282829a20d1c5829a26729a92a60623fe7ed9044b94da540e49db3922843c3e	5439	objects/32/3282829a20d1c5829a26729a92a60623fe7ed9044b94da540e49db3922843c3e/REPORT.md	2
329c14c9ce5ccdf0673b2fc439eebfb4a4886477c3c0480c97b0ef52ce270095	278	objects/32/329c14c9ce5ccdf0673b2fc439eebfb4a4886477c3c0480c97b0ef52ce270095/module_1736_B22_plane3_k4_p257.json	1
32a1d818f95a33f11c4fb193ec99cfd1171f171a9931ffdb209489f355eae07d	277	objects/32/32a1d818f95a33f11c4fb193ec99cfd1171f171a9931ffdb209489f355eae07d/module_1960_B22_plane1_k6_p257.json	1
32b8c3e4e8e920ee74dfeded4165c91f7da3b1d6247c7a7bb64cc3d4bb65815a	725	objects/32/32b8c3e4e8e920ee74dfeded4165c91f7da3b1d6247c7a7bb64cc3d4bb65815a/README.md	2
32e42f6accb38db6a567d6ea8661f377acc841b1ee000e89dacee0e2993d3a82	1013222	objects/32/32e42f6accb38db6a567d6ea8661f377acc841b1ee000e89dacee0e2993d3a82/chunk_004.out	2
331e0368ed82bc1e29ca677dde47b787ba918817494538e6356c87be73c10e46	278	objects/33/331e0368ed82bc1e29ca677dde47b787ba918817494538e6356c87be73c10e46/module_1736_B22_plane3_k6_p263.json	1
3337f43b8693312274eb891cb957e31b47fb0188d445bacf1435385f0cb5d8e1	3063	objects/33/3337f43b8693312274eb891cb957e31b47fb0188d445bacf1435385f0cb5d8e1/VERIFY_ARCHIVE.py	1
339bf8ecbc13d026172421a53fcadbdeb8ae3e9752cbe4ba815b166ce2cbbe25	289	objects/33/339bf8ecbc13d026172421a53fcadbdeb8ae3e9752cbe4ba815b166ce2cbbe25/module_1719_263.json	1
33c0c6294d46a9ae32c6daae31d9dfb040bacc0b35705ee305370b4165b6353d	79368	objects/33/33c0c6294d46a9ae32c6daae31d9dfb040bacc0b35705ee305370b4165b6353d/1036_p257.txt	2
340bdb030266dba1e1b347fcdcf10d37ef2639c6d1ddcb7a0c6fcf47ecc2d4b3	108409	objects/34/340bdb030266dba1e1b347fcdcf10d37ef2639c6d1ddcb7a0c6fcf47ecc2d4b3/1224_p257.txt	2
346bc6dee16380a85f41268aa1b523f4b95313756174256d6f0043f96fc0d56f	289	objects/34/346bc6dee16380a85f41268aa1b523f4b95313756174256d6f0043f96fc0d56f/module_1711_257.json	1
347df5fe90bb85075bb2f6c6bfb8ca4c50fa6bdca084a9a1836c2be90a70edda	67	objects/34/347df5fe90bb85075bb2f6c6bfb8ca4c50fa6bdca084a9a1836c2be90a70edda/f58_q7_alternate_minor.log	2
34c8310ba7c42e9d540d28240af7b027c175ff6deaa5a53d6a3970b452ad2624	44	objects/34/34c8310ba7c42e9d540d28240af7b027c175ff6deaa5a53d6a3970b452ad2624/gates_q5_57.log	1
34d220f37e1f3e5c1a86a3fab0267e34a7ec1d70b572ae451788ce8e2f03ea82	151	objects/34/34d220f37e1f3e5c1a86a3fab0267e34a7ec1d70b572ae451788ce8e2f03ea82/case_1630_B22_plane0_k6.txt	1
3519737899e07828d6a6979dd1b132b84c29c23eee4937bcf72174a3c942d8a8	403	objects/35/3519737899e07828d6a6979dd1b132b84c29c23eee4937bcf72174a3c942d8a8/aggregates_1633_0.json	1
35267ede3dea2c16f6a2b61c567c60931a3a8d644d36a8ceac13086a950536e5	6432	objects/35/35267ede3dea2c16f6a2b61c567c60931a3a8d644d36a8ceac13086a950536e5/verify_existing.py	2
356c45092142cd6e69175a2a2f39504bed9631b0f9649fcf99f9ac29f5938685	121	objects/35/356c45092142cd6e69175a2a2f39504bed9631b0f9649fcf99f9ac29f5938685/B699-ProA-MIDDOUBLE5-7-TRACE-H57-20260922-evidence.zip.sha256	2
357608c5b196cd8c26257a8a6298892e885b40a9cd775c175d44e86b0ffe2796	295	objects/35/357608c5b196cd8c26257a8a6298892e885b40a9cd775c175d44e86b0ffe2796/trace_lattice_refinement.log	2
3585cec69462e6445488ea9c435cf678eda4c625869ef38b5524ccff41df0377	28	objects/35/3585cec69462e6445488ea9c435cf678eda4c625869ef38b5524ccff41df0377/A_delta6_delta7_q5.gates.stdout	2
358c3d1c80c8ff658d631e07d4633f1d2ade3abc5b21c4a4f4d6097d299108af	110303	objects/35/358c3d1c80c8ff658d631e07d4633f1d2ade3abc5b21c4a4f4d6097d299108af/1235_p263.txt	2
3599285cf4249dc0085344a5cf06b33b66a8735cf1dccc3ceb3a0e0357e6498c	278	objects/35/3599285cf4249dc0085344a5cf06b33b66a8735cf1dccc3ceb3a0e0357e6498c/module_1765_B22_plane1_k6_p263.json	1
359adf8c5a3c43a541af862abb2c44cd3bfcd208e1dc74f6edbea2bd8a1ddb76	90	objects/35/359adf8c5a3c43a541af862abb2c44cd3bfcd208e1dc74f6edbea2bd8a1ddb76/1888_B22_plane3_k6_p257.log	4
35aa2d8dfc71844dc4d9beb54897f09e6505b5607a02b3e7627ea604b9f40537	231417	objects/35/35aa2d8dfc71844dc4d9beb54897f09e6505b5607a02b3e7627ea604b9f40537/1797.txt	1
35c5020d6b14efa88ca1bb7dd0b8172b5c2fb49f9053db896f049ddc89544aca	270185	objects/35/35c5020d6b14efa88ca1bb7dd0b8172b5c2fb49f9053db896f049ddc89544aca/1894_B22_plane2_k6.txt	1
35c9dd6e21956535040099a59aea16dc64bd9d2b5119eddb4e4347954d26c1e5	678	objects/35/35c9dd6e21956535040099a59aea16dc64bd9d2b5119eddb4e4347954d26c1e5/OMITTED_REBUILDABLES.json	1
35d35cc545c229c8efc56d9c228f43726bada0482d5dee753c506c85d5407c52	28	objects/35/35d35cc545c229c8efc56d9c228f43726bada0482d5dee753c506c85d5407c52/D_delta4_delta8_q5.gates.stdout	2
35ef6a5da57786d3cfe4752b8201a440216e4d8cbbc1f493f86d7f939534781b	5281	objects/35/35ef6a5da57786d3cfe4752b8201a440216e4d8cbbc1f493f86d7f939534781b/eight_frontier_raw_reverse.cpp	2
35f7bcb6ccfe87f486ce09387f14610cd35c70dc0f925570dc5d13e3a7032f35	2959	objects/35/35f7bcb6ccfe87f486ce09387f14610cd35c70dc0f925570dc5d13e3a7032f35/pattern_E_delta4_delta6_q5_gates.cpp	2
35f90e4afa18a1ae08b532e618bc4471ec2ff288a2bca2fbcbfa41bfd23b6d7f	62376	objects/35/35f90e4afa18a1ae08b532e618bc4471ec2ff288a2bca2fbcbfa41bfd23b6d7f/B699-ProA-R3K16-S5-COFACTOR-H113-20260924-evidence.CLEAN_REPLAY_RECEIPT.json	1
3604dd4e62a63653bf55d0a8099355299d3d954ebe0930211339683f2da128e7	373	objects/36/3604dd4e62a63653bf55d0a8099355299d3d954ebe0930211339683f2da128e7/check_1620.json	1
3607b644021ba13bd6e23691286ea94ec69e424df98eb831bedc5af068eb21b8	66	objects/36/3607b644021ba13bd6e23691286ea94ec69e424df98eb831bedc5af068eb21b8/r3_q13_generate.log	2
36101203a02a20a89a5adb243defba707a0266ba2f984ec84be4aefe2968fbb8	1099	objects/36/36101203a02a20a89a5adb243defba707a0266ba2f984ec84be4aefe2968fbb8/compare_replay.py	2
361ea74037cf7f5597ee8e7c496ca91967e0f3e05f0b3c6a474b4ec63f1420e2	278	objects/36/361ea74037cf7f5597ee8e7c496ca91967e0f3e05f0b3c6a474b4ec63f1420e2/module_1969_B22_plane5_k6_p263.json	1
363c8f09ca2f2978b3fc3ca34214783e9517daedd0dcc4f8248e1ff707e76718	12393	objects/36/363c8f09ca2f2978b3fc3ca34214783e9517daedd0dcc4f8248e1ff707e76718/q18r4.gates	1
3641419f05ad97ca5bdae4033b0a5f9feccc523e33c09317a6944476509d34f1	13927	objects/36/3641419f05ad97ca5bdae4033b0a5f9feccc523e33c09317a6944476509d34f1/module_slice_257_0_46.json	1
3644796d9d3bf26563232d2a0c017d79bb03935549cee95a7a13268a9abb0577	278	objects/36/3644796d9d3bf26563232d2a0c017d79bb03935549cee95a7a13268a9abb0577/module_1627_B22_plane0_k4_p257.json	1
364c5b506c669e2dbce7994a6305517703b3fefd4518765a8be1501e243a0329	289	objects/36/364c5b506c669e2dbce7994a6305517703b3fefd4518765a8be1501e243a0329/module_1802_257.json	1
365395a17e9f8464941d6e066494fe75f278d24f62842f47ac06976584839046	90	objects/36/365395a17e9f8464941d6e066494fe75f278d24f62842f47ac06976584839046/1894_S4_p257.log	4
366129952a4f73e360ee7c0eb3df7e2b978c90939296a3a8458315156d11a578	79416	objects/36/366129952a4f73e360ee7c0eb3df7e2b978c90939296a3a8458315156d11a578/1039_p257.txt	2
3682bd5618b4ebe7693edc5742f46f3757ff073209965e7a443efcafe83963ca	151	objects/36/3682bd5618b4ebe7693edc5742f46f3757ff073209965e7a443efcafe83963ca/case_1811_B22_plane2_k6.txt	1
36c0343e2534ab44ad21e50ae24bb3626407681635ba50fa6c502cf4c4f2ad9b	151	objects/36/36c0343e2534ab44ad21e50ae24bb3626407681635ba50fa6c502cf4c4f2ad9b/case_1803_S5.txt	1
36d6737859626e8fc945ceefc76a0ef78f9d02c42008c95c426a1f34e9ad2d3c	278	objects/36/36d6737859626e8fc945ceefc76a0ef78f9d02c42008c95c426a1f34e9ad2d3c/module_1736_B22_plane1_k4_p257.json	1
370d76adbd0f09e0b2478e7895f60258f49e04b2c6153943e34b0c5b0531716e	660028	objects/37/370d76adbd0f09e0b2478e7895f60258f49e04b2c6153943e34b0c5b0531716e/minors32749.txt	1
373cd06c8caba341fd60ceb76e62a23fbf880200c223de80a9fd5031805b1432	799985	objects/37/373cd06c8caba341fd60ceb76e62a23fbf880200c223de80a9fd5031805b1432/chunk_000.out	2
375a808f954c85c6e5b6dce1652382a308fa4035c9febc0ad8aaa8729d4365eb	278	objects/37/375a808f954c85c6e5b6dce1652382a308fa4035c9febc0ad8aaa8729d4365eb/module_1811_B22_plane0_k4_p257.json	1
37bbfc220633e9b8294d2efab09f4be40d35ea9ebfefe4d5ac38dfcc8677708b	289	objects/37/37bbfc220633e9b8294d2efab09f4be40d35ea9ebfefe4d5ac38dfcc8677708b/module_1852_257.json	1
37c57f0480e7bb34efe3c4f1771152730af85ff2400530c3c1202f2bbaf1101a	244456	objects/37/37c57f0480e7bb34efe3c4f1771152730af85ff2400530c3c1202f2bbaf1101a/1847_B22_plane4_k4.txt	1
37fe32eb98fbfdd03f2e363678ab6d74f21cf42fab6fcbbf2af373177b66c211	151	objects/37/37fe32eb98fbfdd03f2e363678ab6d74f21cf42fab6fcbbf2af373177b66c211/case_1801_S4.txt	1
3807a2de492dc2edb21e539a6a3e86976fb5320c80f4b3ab34821b102f92b122	6314	objects/38/3807a2de492dc2edb21e539a6a3e86976fb5320c80f4b3ab34821b102f92b122/removed_states.json	2
383b92a390772a206261b3c9f08490629a03a58f640454b29e4764e3910e3a0f	6605	objects/38/383b92a390772a206261b3c9f08490629a03a58f640454b29e4764e3910e3a0f/PROOFS.md	6
3870b5fd952fa723d5365d4b6921622bf99408a1388b1cd915154f2f72940688	2149	objects/38/3870b5fd952fa723d5365d4b6921622bf99408a1388b1cd915154f2f72940688/stage_3.stdout	2
387347b534435828e16c517493facfb2d35ab2e1abc4c4a325fe8544d507e759	177270	objects/38/387347b534435828e16c517493facfb2d35ab2e1abc4c4a325fe8544d507e759/1593_p263.txt	2
387ace8e709d6194abcdd7e5bcdd7b44dc6332b07e71d618a1932e3e76107926	141373	objects/38/387ace8e709d6194abcdd7e5bcdd7b44dc6332b07e71d618a1932e3e76107926/1402_p257.txt	2
38a997b631e8deb96da913206c9677063e953e2f2a2379c7f9b05c465046d24b	26	objects/38/38a997b631e8deb96da913206c9677063e953e2f2a2379c7f9b05c465046d24b/all_new_fees.log	1
38bf5e9bd5c04964da82700f25ebce980aca66a1b827455c82b9e35cc7568e6a	177428	objects/38/38bf5e9bd5c04964da82700f25ebce980aca66a1b827455c82b9e35cc7568e6a/rank_p32749.txt	2
38f7322fcf942ad825746054bf13532a03eade32e6d5c4e103fe79100b31bb60	297634	objects/38/38f7322fcf942ad825746054bf13532a03eade32e6d5c4e103fe79100b31bb60/chunk_005.out	2
39183748b47f583b2eb17db42cc791dd94be662dbff6a9f43f0ebd61af53912b	298	objects/39/39183748b47f583b2eb17db42cc791dd94be662dbff6a9f43f0ebd61af53912b/compile_aggregate.json	1
3963644ec343f235197b91d32b597447d845c38c098bfa2a864a4a001fed7fdf	207631	objects/39/3963644ec343f235197b91d32b597447d845c38c098bfa2a864a4a001fed7fdf/1736_S5.txt	1
39848a7832e9fe623110f4b816a004df1c0dd96c346aa1cbf5bbba5b32d4c0cf	3618	objects/39/39848a7832e9fe623110f4b816a004df1c0dd96c346aa1cbf5bbba5b32d4c0cf/near3_jets.cpp	4
39abd11a0ab91198eed2b5dd649c08c50dad300dd62d74d7c7f5898d93ee9488	278	objects/39/39abd11a0ab91198eed2b5dd649c08c50dad300dd62d74d7c7f5898d93ee9488/module_1720_B22_plane3_k6_p263.json	1
39d665354452fe0219fd8632769840ddc8185be343c7c847d2e0d115e1dbb97e	278	objects/39/39d665354452fe0219fd8632769840ddc8185be343c7c847d2e0d115e1dbb97e/module_1808_B22_plane1_k6_p263.json	1
39e190215f302b5ad7bc19ed8647f8fa1a841bf030523fc89cc2f8c864ecc8d4	256	objects/39/39e190215f302b5ad7bc19ed8647f8fa1a841bf030523fc89cc2f8c864ecc8d4/module_1736_S5_p257.json	1
39e97ab1846f0e51fb09c9ef11db194767cb3e43d1f789afbb75bdfac95b7f41	2820	objects/39/39e97ab1846f0e51fb09c9ef11db194767cb3e43d1f789afbb75bdfac95b7f41/module_slice_p263_134_141.json	1
39fa93da0314acb88df792b61abf62ec80afd86d768351c4464754382c9c0698	141257	objects/39/39fa93da0314acb88df792b61abf62ec80afd86d768351c4464754382c9c0698/1421_p257.txt	2
3a471111d853fca0078968a8720f656bd7738bd3eddc91c8a30c506003873e81	278	objects/3a/3a471111d853fca0078968a8720f656bd7738bd3eddc91c8a30c506003873e81/module_1847_B22_plane3_k4_p257.json	1
3a8ab8f30acb334bab3f26fea180300fb5835aa759982e9709ab432e74b7b713	90	objects/3a/3a8ab8f30acb334bab3f26fea180300fb5835aa759982e9709ab432e74b7b713/1811_B22_plane3_k6_p257.log	4
3aa76385177098aa6d49dda8254b0981de8149503b8834f7a6d977f4cee9852c	3646	objects/3a/3aa76385177098aa6d49dda8254b0981de8149503b8834f7a6d977f4cee9852c/early_near_jets.cpp	1
3afd755663d0e0ea7cc805e4f5e00f8e097954169e04beed0858196e3aff08c1	66	objects/3a/3afd755663d0e0ea7cc805e4f5e00f8e097954169e04beed0858196e3aff08c1/q17r5.minors.log	1
3b1c28fe075198e344e746f1ce86b173356c37a9c875e522917538745aaebcc8	223	objects/3b/3b1c28fe075198e344e746f1ce86b173356c37a9c875e522917538745aaebcc8/alt_q7_45.json	1
3b2c9a2f63b8c20ba6925fd19c60a282e18f9b3487b16bc18e1cb14179137ab7	110686	objects/3b/3b2c9a2f63b8c20ba6925fd19c60a282e18f9b3487b16bc18e1cb14179137ab7/1205_p263.txt	2
3b6856e5b9cd2b1564e3fbc804aeb58342aaa4201ae49a098a372437f15fdd54	270228	objects/3b/3b6856e5b9cd2b1564e3fbc804aeb58342aaa4201ae49a098a372437f15fdd54/1894_B22_plane3_k4.txt	1
3b7ebb8aa58de4c1deaa7e9a821c5140e85507835900f9ab56003c50461d162f	45	objects/3b/3b7ebb8aa58de4c1deaa7e9a821c5140e85507835900f9ab56003c50461d162f/alt_q5_45.log	1
3b80306d61596a98032354f646221366ec569abd21b0641a4f1669a44d9a8cb7	151	objects/3b/3b80306d61596a98032354f646221366ec569abd21b0641a4f1669a44d9a8cb7/case_1681_S5.txt	1
3b8ec479e01fd3e196a8c7febb5e1407cfdc3ec35aad504d1d3d9a7dd932ef98	90	objects/3b/3b8ec479e01fd3e196a8c7febb5e1407cfdc3ec35aad504d1d3d9a7dd932ef98/1791_S5_p257.log	14
3bc41a8041318a721a7dca7cb69e5e94ff36d4b1edc5616ac2371e1c97d1b52d	278	objects/3b/3bc41a8041318a721a7dca7cb69e5e94ff36d4b1edc5616ac2371e1c97d1b52d/module_1765_B22_plane4_k4_p263.json	1
3bfffdc45fc133c3bb269dca5fc9d6cf3944bc1de33a22e7fa9a7c6749faf1fe	245	objects/3b/3bfffdc45fc133c3bb269dca5fc9d6cf3944bc1de33a22e7fa9a7c6749faf1fe/input_integrity.json	2
3c043f7b71c604890f48eb6c8113794bef2496c6eb023b6cc50633bf542d5fd1	76	objects/3c/3c043f7b71c604890f48eb6c8113794bef2496c6eb023b6cc50633bf542d5fd1/q18r4.jets.log	2
3c4c1654ab400d4f4ff92726fc4e7aa752c12667886f50f0012e98b10be0daf8	7427	objects/3c/3c4c1654ab400d4f4ff92726fc4e7aa752c12667886f50f0012e98b10be0daf8/REPORT.md	4
3c58bb8637ce15167715637cbc9ed39c99510fe214b10e2ea0ccd3faf414b78b	153428	objects/3c/3c58bb8637ce15167715637cbc9ed39c99510fe214b10e2ea0ccd3faf414b78b/1508_p257.txt	2
3c5e8d384636abd300662b740f0c6774444f1075baa0e24583fb7e56eed72bff	160891	objects/3c/3c5e8d384636abd300662b740f0c6774444f1075baa0e24583fb7e56eed72bff/q7_45.32719.minors	1
3c868af2970ccfbb7c08c2ad4df25adb1a41cad498ec038c33a5d36ec7ccf469	90	objects/3c/3c868af2970ccfbb7c08c2ad4df25adb1a41cad498ec038c33a5d36ec7ccf469/1811_B22_plane2_k6_p257.log	8
3c986face464b53c8278d46562344cf43dd99e7df48c4950bfc3de01b50d341e	277	objects/3c/3c986face464b53c8278d46562344cf43dd99e7df48c4950bfc3de01b50d341e/module_1805_B22_plane1_k4_p257.json	1
3c9b629cebda0fa0d04a2173c6bec89dab3212afb4d7bd6614a155a3dfb590aa	255	objects/3c/3c9b629cebda0fa0d04a2173c6bec89dab3212afb4d7bd6614a155a3dfb590aa/module_1681_S5_p257.json	1
3c9eeda695d230c203ec80ec4136be6f2c410ff54fea891a1ce55b85431a728f	401	objects/3c/3c9eeda695d230c203ec80ec4136be6f2c410ff54fea891a1ce55b85431a728f/check_1623_06000_08000.json	1
3cb3b8b81853f83a9b3a18c8df0d515b9ed5dfa39fdc383a6eb743f56ed7c91a	151	objects/3c/3cb3b8b81853f83a9b3a18c8df0d515b9ed5dfa39fdc383a6eb743f56ed7c91a/case_1720_B22_plane1_k6.txt	1
3cca8cd80415535bab41551a182a03b1483265aae224ab8ae137f0cef1c66faa	227161	objects/3c/3cca8cd80415535bab41551a182a03b1483265aae224ab8ae137f0cef1c66faa/1805_S5.txt	1
3cf26fd9586def633b2de7827ee2b5643804147de2df6076551027a26d1cc04f	1234045	objects/3c/3cf26fd9586def633b2de7827ee2b5643804147de2df6076551027a26d1cc04f/chunk_000.out	2
3d221920ef6f630884513c19574a9715f376cace10e31ec0e37d15180fb072f9	1071	objects/3d/3d221920ef6f630884513c19574a9715f376cace10e31ec0e37d15180fb072f9/probe_kappa.py	1
3d3af8e59621684fd5a87e47ab65153824f98e13f1af983bb534e127d1e2af25	146921	objects/3d/3d3af8e59621684fd5a87e47ab65153824f98e13f1af983bb534e127d1e2af25/1493_p257.txt	2
3d51a87fd53c5042d5d545d571f817a6206c0aeb3ac137a61e36d98c2c8c9974	76	objects/3d/3d51a87fd53c5042d5d545d571f817a6206c0aeb3ac137a61e36d98c2c8c9974/q18r5.jets.log	2
3d57560410460031392bca16e2a3674df2aa53368d73987176f459d808de436f	188823	objects/3d/3d57560410460031392bca16e2a3674df2aa53368d73987176f459d808de436f/1682.txt	1
3d69c6b84098e2e298f25af958db0b4469d3b7e87805aaa8fa98f1d78c69b53a	277	objects/3d/3d69c6b84098e2e298f25af958db0b4469d3b7e87805aaa8fa98f1d78c69b53a/module_1894_B22_plane1_k6_p263.json	1
3d7c87d96a39a97f835453048521cf5bd3e47c25e7edecf51cfc228add1e9a00	278	objects/3d/3d7c87d96a39a97f835453048521cf5bd3e47c25e7edecf51cfc228add1e9a00/module_1888_B22_plane1_k4_p257.json	1
3d7ec5159e0030676284563dd12d916efd2d8a85776ff5f4d25889cbb4eb85d9	90	objects/3d/3d7ec5159e0030676284563dd12d916efd2d8a85776ff5f4d25889cbb4eb85d9/1801_B22_plane0_k6_p257.log	4
3d8c1d183dd4db64d48346083386b58b24b585fd4fa7eff4647c95c05b6c14fd	232209	objects/3d/3d8c1d183dd4db64d48346083386b58b24b585fd4fa7eff4647c95c05b6c14fd/1803_B22_plane0_k4.txt	1
3d8c2d0d19c4c6a01fe30890368dfc994fc2a0fc8d376cebba2f25246c32ef52	967	objects/3d/3d8c2d0d19c4c6a01fe30890368dfc994fc2a0fc8d376cebba2f25246c32ef52/ARCHIVE_BYTE_CHECKS.json	1
3d9a2d73e15cee9f4bbb72f1c911ef2306e20fccd5ad5fa9f197c66b32daa78f	1161521	objects/3d/3d9a2d73e15cee9f4bbb72f1c911ef2306e20fccd5ad5fa9f197c66b32daa78f/f58_q8_p32719.txt	2
3da329f6ff7d81dc9d6f728fefa3c47fe96f998e859dcb68e2c67c7e3f7f2117	3269	objects/3d/3da329f6ff7d81dc9d6f728fefa3c47fe96f998e859dcb68e2c67c7e3f7f2117/FAILURE_BOUNDARIES.md	1
3dc1edde58648fd7d7f15bcad69b16df630dff0ca74363ddd4ac4d00739e6650	151	objects/3d/3dc1edde58648fd7d7f15bcad69b16df630dff0ca74363ddd4ac4d00739e6650/case_1811_B22_plane1_k6.txt	1
3dda1ec52a1e1fe8979f5f33d5f24b8f93f200deff842ba8e58a55ec13420e9c	232109	objects/3d/3dda1ec52a1e1fe8979f5f33d5f24b8f93f200deff842ba8e58a55ec13420e9c/1811_B22_plane3_k6.txt	1
3e372ea0dfeb9ac487fe72d556ddb5f9075d6d3fd7940efb6fa645fadc0d7c69	283	objects/3e/3e372ea0dfeb9ac487fe72d556ddb5f9075d6d3fd7940efb6fa645fadc0d7c69/minors_q7_57_32749.json	1
3e3912df35d97d23181b90df8125e98dcbf37466314ceb773547890da8dcde7c	4453	objects/3e/3e3912df35d97d23181b90df8125e98dcbf37466314ceb773547890da8dcde7c/verify_early_minors.cpp	1
3e39b6a269560ca1bce98c4d71f354f0185f6d027bec0ff20be8bc3bd7ba9435	151	objects/3e/3e39b6a269560ca1bce98c4d71f354f0185f6d027bec0ff20be8bc3bd7ba9435/case_1960_B22_plane5_k6.txt	1
3e5db24740b8ef0c5f16040520f68d712f3220aad1f27805294edd896d3d7c85	236525	objects/3e/3e5db24740b8ef0c5f16040520f68d712f3220aad1f27805294edd896d3d7c85/1811_B22_plane1_k4.txt	1
3e77ae2831a033f4fec6cbbf4c4e0e65bc6c2f57ea01f2c5233463ec1a7fd260	6875	objects/3e/3e77ae2831a033f4fec6cbbf4c4e0e65bc6c2f57ea01f2c5233463ec1a7fd260/chunk_002.in	2
3e7b1647b465f9165a88b7c46a9440cf29131b55bb9582eef63b9c4e8ae6ac9d	15056	objects/3e/3e7b1647b465f9165a88b7c46a9440cf29131b55bb9582eef63b9c4e8ae6ac9d/q6_45.alt	1
3e9082f2cdca3d1502a3ee344318b586bbf0d381589e109b01344e0989b63835	232468	objects/3e/3e9082f2cdca3d1502a3ee344318b586bbf0d381589e109b01344e0989b63835/current_posttrace.json	2
3e985aa2beaf03b14ca112ff1f5e074035b46642d2338246a43d6b6bfc6346f7	289	objects/3e/3e985aa2beaf03b14ca112ff1f5e074035b46642d2338246a43d6b6bfc6346f7/compile_fee.json	1
3eb573438ce3e54ec7934cac428a02dc762bbca942f0fc51a4054d575b000577	305118	objects/3e/3eb573438ce3e54ec7934cac428a02dc762bbca942f0fc51a4054d575b000577/1969_B22_plane5_k4.txt	1
3ec225e4d1a843e9a45a19ba2b35f724036589a7cbe2632650a7c3b17a41cb63	215	objects/3e/3ec225e4d1a843e9a45a19ba2b35f724036589a7cbe2632650a7c3b17a41cb63/f58_q6_generate.log	2
3edb9867974938b8dc4b87d1795555503b428db531867e6e345b659ab84a2df9	212821	objects/3e/3edb9867974938b8dc4b87d1795555503b428db531867e6e345b659ab84a2df9/1765_B22_plane5_k4.txt	1
3ef44b1e71ad8658cd722ecc4d3d83da69c872ad9a9c93ad8cf571a40f95a3ae	289	objects/3e/3ef44b1e71ad8658cd722ecc4d3d83da69c872ad9a9c93ad8cf571a40f95a3ae/module_1844_263.json	1
3f35d43f5c78c0952737fb2ec9712532feb980f94eeb379c547341d7eb48463e	300518	objects/3f/3f35d43f5c78c0952737fb2ec9712532feb980f94eeb379c547341d7eb48463e/1960_B22_plane5_k6.txt	1
3f403102cf4f26fa8604de03da20e763dbc4c4d2e8f6cb30f82872e290336cab	278	objects/3f/3f403102cf4f26fa8604de03da20e763dbc4c4d2e8f6cb30f82872e290336cab/module_1811_B22_plane1_k4_p257.json	1
3f431e03e4a16bfa6a21f40ddedfceb08a608fbff59af3fe38044612c1342b85	225	objects/3f/3f431e03e4a16bfa6a21f40ddedfceb08a608fbff59af3fe38044612c1342b85/f58_q9_generate.log	2
3f4359771516fa5ce173dbd8e72e7527a3ea08d1f46682436f727bbbe66140e6	252130	objects/3f/3f4359771516fa5ce173dbd8e72e7527a3ea08d1f46682436f727bbbe66140e6/1852.txt	1
3f47c1a25259079bb9732c65a335e695e6f373cef908d026fe1a311a23b29cdf	31928	objects/3f/3f47c1a25259079bb9732c65a335e695e6f373cef908d026fe1a311a23b29cdf/positive_payoff.json	2
3f48461d25201ac8c2c530d2a29709478c244e5c00a280bb5ca375021fd76b49	1610	objects/3f/3f48461d25201ac8c2c530d2a29709478c244e5c00a280bb5ca375021fd76b49/diagnostic_noS5_fees.txt	1
3fb6f4c685fa1b6abd25bd5ecacd97cb01c53077b1e5e12ec81deb44f02064fa	57690	objects/3f/3fb6f4c685fa1b6abd25bd5ecacd97cb01c53077b1e5e12ec81deb44f02064fa/FILES.md	1
3fe36f4ee59a3f7e18524eb78e9013dfd84987e2e350dc3b8dba2f1f5f949678	256	objects/3f/3fe36f4ee59a3f7e18524eb78e9013dfd84987e2e350dc3b8dba2f1f5f949678/module_1627_S4_p257.json	1
3ff1cfe6c4f6fd395e4b55f85993effd678ec9b32f5408ce8c1868d0d7cbf818	986	objects/3f/3ff1cfe6c4f6fd395e4b55f85993effd678ec9b32f5408ce8c1868d0d7cbf818/REPLAY.md	2
3ff5c32590041253e68d8eae984f373545ea1ae35a290f190b3369e5c76f4ade	178994	objects/3f/3ff5c32590041253e68d8eae984f373545ea1ae35a290f190b3369e5c76f4ade/1626_B22_plane0_k6.txt	1
4024cbaf7eebc818155c9b7d22a4f763566f5624479cb10c66d6b7132a4f8c73	3369	objects/40/4024cbaf7eebc818155c9b7d22a4f763566f5624479cb10c66d6b7132a4f8c73/odd_q3_zero_cost.cpp	2
4030092746594cf5e8d4ec35c705b168ce787747194e747e6508bc6fa7e11c82	151	objects/40/4030092746594cf5e8d4ec35c705b168ce787747194e747e6508bc6fa7e11c82/case_1969_B22_plane3_k4.txt	1
4039eb52307146212618865617a1cef28dbaa682d3a4153529f79aaedd71d8c5	278	objects/40/4039eb52307146212618865617a1cef28dbaa682d3a4153529f79aaedd71d8c5/module_1888_B22_plane2_k6_p257.json	1
40601813623a4511722b114fe09be622c6570158b8a078371b09262b150c65ac	4404	objects/40/40601813623a4511722b114fe09be622c6570158b8a078371b09262b150c65ac/ledger_cover8.py	2
40ab41d3d4cb62dc25965852ca4d13ab82b7118bb325fa5f0046dacd5e1f819d	278	objects/40/40ab41d3d4cb62dc25965852ca4d13ab82b7118bb325fa5f0046dacd5e1f819d/module_1847_B22_plane0_k6_p263.json	1
40ad797cce34dd075f2d9ed58d29e3748fe1c798c7c547539f26f5aed281e222	151	objects/40/40ad797cce34dd075f2d9ed58d29e3748fe1c798c7c547539f26f5aed281e222/case_1808_B22_plane1_k6.txt	1
40d30362d14d5b5ff6b75ddb642e58a745e5d6b1bd500b61ed350967f52c8fca	27	objects/40/40d30362d14d5b5ff6b75ddb642e58a745e5d6b1bd500b61ed350967f52c8fca/B_delta6_delta8_q6.32719.stderr	4
40d79d4385f70e9cd1bec33b834c8d83fb063268b6cfb5ea93a86ae0cc35baf5	90421	objects/40/40d79d4385f70e9cd1bec33b834c8d83fb063268b6cfb5ea93a86ae0cc35baf5/1102_p263.txt	2
40ed162c1aa57ee0e8db9258689819d4c5a4dcb8a260c67d929615e3a70df423	208523	objects/40/40ed162c1aa57ee0e8db9258689819d4c5a4dcb8a260c67d929615e3a70df423/1736_B22_plane1_k6.txt	1
413b579ecc5a7b441463413f6d151f29adadaa058eb21432ab29e677f50c6086	72	objects/41/413b579ecc5a7b441463413f6d151f29adadaa058eb21432ab29e677f50c6086/q16r5.jets.log	2
4140a6937aa37ec4459870c0ae91d9405204e17ec9126aa0062ec16592fbf87d	26443	objects/41/4140a6937aa37ec4459870c0ae91d9405204e17ec9126aa0062ec16592fbf87d/state_1619_forward.txt.basis	2
4145ecbf95d3d2cabcb2f9faff72038ca9def360c68e3f29597289527c2b8373	278	objects/41/4145ecbf95d3d2cabcb2f9faff72038ca9def360c68e3f29597289527c2b8373/module_1969_B22_plane2_k6_p263.json	1
414ee6eec21921067aaf4c0210151cb3871f9ce4ca60005f29d760d5244a2186	835321	objects/41/414ee6eec21921067aaf4c0210151cb3871f9ce4ca60005f29d760d5244a2186/chunk_001.out	2
41772cbc40d881ec225cd82b789c3855a38526423c6600972e523c8937353ef4	994	objects/41/41772cbc40d881ec225cd82b789c3855a38526423c6600972e523c8937353ef4/aggregate.cpp	1
41885dabd86d4f5a5b73df5b7be5895404075506e378ec182d0274bcd4476ae7	179955	objects/41/41885dabd86d4f5a5b73df5b7be5895404075506e378ec182d0274bcd4476ae7/1629_mod11.txt	1
41b4c699c1f327ec88875aa2682e2121de228571368974407131509f4c9824bb	183858	objects/41/41b4c699c1f327ec88875aa2682e2121de228571368974407131509f4c9824bb/state_1641_reverse.txt	1
41c4695eb6e0b169396cff4121fefa5f3d9732d817a4fc0bdcdcc2a31c82a959	151	objects/41/41c4695eb6e0b169396cff4121fefa5f3d9732d817a4fc0bdcdcc2a31c82a959/case_1765_B22_plane5_k4.txt	1
41c72eaab4d23efae1cc97617798c7cc957011a693253c518d336af8ca989351	144025	objects/41/41c72eaab4d23efae1cc97617798c7cc957011a693253c518d336af8ca989351/1466_p263.txt	2
41dad9bc3424c9fd5aa1831bf6087098edb5bf07703826c51eea2cc2bc8cc5f3	48682	originals/research_rounds/R01_KSAT2-31-POSTTRACE__B699-ProA-KSAT2-31-POSTTRACE-20260922-evidence.zip	2
420d543936bd0bdd5e35993fae81d1d280be5e1d98344d4ac2c6701289fa9266	41	objects/42/420d543936bd0bdd5e35993fae81d1d280be5e1d98344d4ac2c6701289fa9266/D_delta4_delta8_q5.32719.stdout	4
423b149a9e730f5d3a3e554636b4d5f6d207a582282fc7f4f3199d81c8c1587a	260776	objects/42/423b149a9e730f5d3a3e554636b4d5f6d207a582282fc7f4f3199d81c8c1587a/1888_B22_plane1_k6.txt	1
4256be2d8d661cf1264232988202348ab0ec7cd9a06fcecf0b28d58444df7780	269923	objects/42/4256be2d8d661cf1264232988202348ab0ec7cd9a06fcecf0b28d58444df7780/1894_B22_plane0_k4.txt	1
425ddcd3bb022083ca03c634dce57572e9d28e3eef6b8d8439ba21af95742e75	235901	objects/42/425ddcd3bb022083ca03c634dce57572e9d28e3eef6b8d8439ba21af95742e75/1811_S4.txt	1
428afc05695356c9e0849afe41e8a2c13f6f12b83d4ab01e64a3ea1693ab8b1f	2739	objects/42/428afc05695356c9e0849afe41e8a2c13f6f12b83d4ab01e64a3ea1693ab8b1f/negative_tests.py	1
42aa61e771fa3d936a3b3ed6566ebf0484b21f639c71fe80bdd6cf9f7e824d73	147030	objects/42/42aa61e771fa3d936a3b3ed6566ebf0484b21f639c71fe80bdd6cf9f7e824d73/1494_p257.txt	2
42b581defa9c0d371693748993d4366c9a66ead69d9fc3ec44080d3f75af139a	1605	objects/42/42b581defa9c0d371693748993d4366c9a66ead69d9fc3ec44080d3f75af139a/fees0.txt	3
42bf0736f468f1c9914cdfbe5d6fe64646c9e7d1d703dac0155e4f64af998b32	44	objects/42/42bf0736f468f1c9914cdfbe5d6fe64646c9e7d1d703dac0155e4f64af998b32/coarse_frontier_raw_reverse.stderr	2
42ea0e53126b3b5717775b28435e38c5c0d189c81024cdd784bd379a9ebe59e8	2277	objects/42/42ea0e53126b3b5717775b28435e38c5c0d189c81024cdd784bd379a9ebe59e8/stage_1.stdout	2
433baf997ab3ecc0550d99f79e3b665c1833cafe422deaa85c7bf230eff2b1ea	1390	objects/43/433baf997ab3ecc0550d99f79e3b665c1833cafe422deaa85c7bf230eff2b1ea/valid_minor_control.ranks	1
434d5fb889cfa2da049737d1d5555f475428440d467cbeae0e36d8069bd95ed7	90	objects/43/434d5fb889cfa2da049737d1d5555f475428440d467cbeae0e36d8069bd95ed7/module_1852_257.log	2
43a89c4b133538612f25e473a2488102c0677e2b8daa13dd51bd6ebaf3e477cb	265041	objects/43/43a89c4b133538612f25e473a2488102c0677e2b8daa13dd51bd6ebaf3e477cb/1894_B22_plane1_k4.txt	1
43bf2b90b57673fcf8c5e6fc94b84c8781fd325b3323304601131f0629de4906	6189	objects/43/43bf2b90b57673fcf8c5e6fc94b84c8781fd325b3323304601131f0629de4906/verify_geometry.py	1
43cd7b8170b34251d3528ac6c04b4ec7ae268efebcaaa6ede86c220325978902	113596	objects/43/43cd7b8170b34251d3528ac6c04b4ec7ae268efebcaaa6ede86c220325978902/1297_p257.txt	2
43cf19d37baf72aa58463bacc752238f3d93e86cab1f9e3c427b62d2ec05e1bf	374	objects/43/43cf19d37baf72aa58463bacc752238f3d93e86cab1f9e3c427b62d2ec05e1bf/check_1622.json	1
43dd8f805229a89716dc0be0f88df97b90f9cda3f300f3cf4b544d0a51a5a31f	151	objects/43/43dd8f805229a89716dc0be0f88df97b90f9cda3f300f3cf4b544d0a51a5a31f/case_1888_B22_plane5_k4.txt	1
43f896d1ddd2713e608a043e05f3a06b2fdc39ea63c5b996a6279e3a4638a8f1	835	objects/43/43f896d1ddd2713e608a043e05f3a06b2fdc39ea63c5b996a6279e3a4638a8f1/SOURCE_HASHES.json	1
441c693b22aee875a5e6b9be1050712727376cc72881fc9587c61f3ea572cb9e	175959	objects/44/441c693b22aee875a5e6b9be1050712727376cc72881fc9587c61f3ea572cb9e/state_1620_reverse.txt	1
442748a21a5a96a4080015d2128155a71bd3c716c1bae8d52a2dceadd58090f7	11396	objects/44/442748a21a5a96a4080015d2128155a71bd3c716c1bae8d52a2dceadd58090f7/gates.txt	4
442b8f3bb5143a3e4686d3579e9d2e38529b407b6ee6b0f10ceb1dd108587824	1222830	objects/44/442b8f3bb5143a3e4686d3579e9d2e38529b407b6ee6b0f10ceb1dd108587824/chunk_004.out	2
442f469999a16ae68de557fba86048cc4d5f98a87a72707ef95c4c22c6a4810d	255	objects/44/442f469999a16ae68de557fba86048cc4d5f98a87a72707ef95c4c22c6a4810d/module_1803_S5_p263.json	1
444e9d0f4885e59cf6843410e92243e06c1a5b49b44d2cb24d06d67b864e9e49	278	objects/44/444e9d0f4885e59cf6843410e92243e06c1a5b49b44d2cb24d06d67b864e9e49/module_1717_B22_plane0_k6_p257.json	1
4454a0df04355fa188b56ac45edfbdff356c785b65f1a8c29a85559df45532ac	1215	objects/44/4454a0df04355fa188b56ac45edfbdff356c785b65f1a8c29a85559df45532ac/q5_57.32749.minors	1
448e74fb207aa9312a1c4fab6a3373ba02a70dfb2de85c59fd98a61101d013a0	173433	objects/44/448e74fb207aa9312a1c4fab6a3373ba02a70dfb2de85c59fd98a61101d013a0/1601_p257.txt	2
448e8df4b4a1680158f41ea31a856f6e7d47c1592b60259e6d5b73889677c62b	312861	objects/44/448e8df4b4a1680158f41ea31a856f6e7d47c1592b60259e6d5b73889677c62b/1995.txt	1
4494ba9de6f28623c3d5cf7470b43cd3dfe0333f98cf521b889fa67b0c31442c	319087	objects/44/4494ba9de6f28623c3d5cf7470b43cd3dfe0333f98cf521b889fa67b0c31442c/1995.txt	1
44c1ba9504650001b199031f769a56b231f454b0a6d869c5cd05c95e23a8dd03	247158	objects/44/44c1ba9504650001b199031f769a56b231f454b0a6d869c5cd05c95e23a8dd03/1852.txt	1
44e211107412a9ef4a6a4bad30bad7566014db47c9007b422d8b3e11d06a5dae	256	objects/44/44e211107412a9ef4a6a4bad30bad7566014db47c9007b422d8b3e11d06a5dae/module_1808_S5_p263.json	1
44f57aded3fdb03193040a3c7ee67004475d954d8bb57f03e7f143c8a5903cca	135135	objects/44/44f57aded3fdb03193040a3c7ee67004475d954d8bb57f03e7f143c8a5903cca/1388_p263.txt	2
450bbfe4a0210cd0ac499334cf56c8c041a56dc22e6801d58b8c9f1b7bac65f9	151	objects/45/450bbfe4a0210cd0ac499334cf56c8c041a56dc22e6801d58b8c9f1b7bac65f9/case_1808_S5.txt	1
4512617ea85ccf6cb3d691747b7cae8efdbb5abd2d8089d7b9e6c5e26cf7253b	289	objects/45/4512617ea85ccf6cb3d691747b7cae8efdbb5abd2d8089d7b9e6c5e26cf7253b/module_2019_257.json	1
452b7d178a858a3ea555f07d500d28f0149dd24122ee5204ddd775df9f879d4e	221	objects/45/452b7d178a858a3ea555f07d500d28f0149dd24122ee5204ddd775df9f879d4e/gates_q7_47.json	1
456d15756fb5ed96df6e02f196773045633402a1119a48a180f4b8a94d74e18b	81186	objects/45/456d15756fb5ed96df6e02f196773045633402a1119a48a180f4b8a94d74e18b/1039_p263.txt	2
4573af601e7771bd98f0f975e394a880cc08cf97cd2f115040897e64b0a00c89	66	objects/45/4573af601e7771bd98f0f975e394a880cc08cf97cd2f115040897e64b0a00c89/r3_q13_alternate_minor.log	2
4598aaa81fa05cb4774591be42fc7af5acdd31129b570d49035036d2c86a1c6e	278	objects/45/4598aaa81fa05cb4774591be42fc7af5acdd31129b570d49035036d2c86a1c6e/module_1715_B22_plane0_k6_p257.json	1
45b8468186933c730f0ede21690a26a578d001b013e03c112ee781a9e9e53b4e	259631	objects/45/45b8468186933c730f0ede21690a26a578d001b013e03c112ee781a9e9e53b4e/1882.txt	1
45bbebd886601c7f714e1fcd4eafe3ff1e311f530f7772bc75841f9f2fffc044	535963	objects/45/45bbebd886601c7f714e1fcd4eafe3ff1e311f530f7772bc75841f9f2fffc044/source_descent_all347.json	2
45c664eb74d687f6fe4073e7ab37c16a59b8fb0ee16ee58265b3be35e1da9178	150038	objects/45/45c664eb74d687f6fe4073e7ab37c16a59b8fb0ee16ee58265b3be35e1da9178/1491_p263.txt	2
45ca6a59a0a8b3a2a50b32b0809d601cd982822c10ce0eaae1ab8c66fa26a335	90	objects/45/45ca6a59a0a8b3a2a50b32b0809d601cd982822c10ce0eaae1ab8c66fa26a335/1626_S4_p257.log	8
45f034f96d6d6ab5cfa9c32f2c39f4afbe37a481bd0d8daf2466bc31620b906d	26	objects/45/45f034f96d6d6ab5cfa9c32f2c39f4afbe37a481bd0d8daf2466bc31620b906d/stage_0.stderr	4
460886ed44ab72bac7c1e0bd8bbccf631d404a168dd7b6cf7a5ab921f564d8f9	256456	objects/46/460886ed44ab72bac7c1e0bd8bbccf631d404a168dd7b6cf7a5ab921f564d8f9/1860.txt	1
465430a8a3488e5c88faaa8271856811df6a2a3b84fb3ae2dbf7f6c2d0d484e5	1163	objects/46/465430a8a3488e5c88faaa8271856811df6a2a3b84fb3ae2dbf7f6c2d0d484e5/PACKAGE_CONTENTS.md	2
4698b3be65eb10dc37cecb9251aa011916e248b3df473acaa902a02e4ec5fe1b	26	objects/46/4698b3be65eb10dc37cecb9251aa011916e248b3df473acaa902a02e4ec5fe1b/fees_0.log	1
46cbf0db13b13ba887c55d87e1f055344b88785aba14b3cfec657d2d755d9abb	70	objects/46/46cbf0db13b13ba887c55d87e1f055344b88785aba14b3cfec657d2d755d9abb/minors_q6_47_32719.log	2
46d345c1daec03ff51aac124a760fc4843f1144c5797b814d6285a40daf8a983	108324	objects/46/46d345c1daec03ff51aac124a760fc4843f1144c5797b814d6285a40daf8a983/1229_p257.txt	2
4718799ee64f22a9a9de977544279743513d41063028d52cb1847f7a5e9615e6	144161	objects/47/4718799ee64f22a9a9de977544279743513d41063028d52cb1847f7a5e9615e6/1405_p263.txt	2
471cecd7ce2a24613a27942279cb0867bdae794d6ca61b00e16f1b88ee63f551	90	objects/47/471cecd7ce2a24613a27942279cb0867bdae794d6ca61b00e16f1b88ee63f551/module_1710_257.log	2
4720f9ffa4f3f6957a96262a7929fa8af94e29f2e2fd65b4c0536ddb50d18de0	82	objects/47/4720f9ffa4f3f6957a96262a7929fa8af94e29f2e2fd65b4c0536ddb50d18de0/q18r5.gates.log	1
47268ec4977dd30301e15e2c1980c1d3a92d9523d29bf4b4a4956495a26124ca	3028	objects/47/47268ec4977dd30301e15e2c1980c1d3a92d9523d29bf4b4a4956495a26124ca/q5_47.alt	2
47327f90acd55442f11b1e534f2c4d0ad9245182b377096c49536f569735d45a	47	objects/47/47327f90acd55442f11b1e534f2c4d0ad9245182b377096c49536f569735d45a/C_2delta6_q7.32719.stdout	4
47340839f0fa082dea5d292862576c38b43b1dcf6b2dd7c34285a72673252c3e	232590	objects/47/47340839f0fa082dea5d292862576c38b43b1dcf6b2dd7c34285a72673252c3e/1805_B22_plane3_k6.txt	1
473750eb5e7ad7327dcb09ca4839a2bf6904c5975175b816a3930b5ada213f06	41953	objects/47/473750eb5e7ad7327dcb09ca4839a2bf6904c5975175b816a3930b5ada213f06/q7_57.32749.minors	1
474da6c637f888cb4c4a9343aab212f13ec3e4f376f37e60d900b464636df61a	212824	objects/47/474da6c637f888cb4c4a9343aab212f13ec3e4f376f37e60d900b464636df61a/1736_B22_plane3_k4.txt	1
476b84046c3883952b07b849ecc957d55d688b1375072363146235280b299bb3	298947	objects/47/476b84046c3883952b07b849ecc957d55d688b1375072363146235280b299bb3/1960_S5.txt	1
476de3150f0eb94a2926f88df9700c3a5df378e5e4d0f499473abd8566ca05dd	129949	objects/47/476de3150f0eb94a2926f88df9700c3a5df378e5e4d0f499473abd8566ca05dd/1363_p257.txt	2
476f576b82ac62de029fc05c0cac5be4350abb09aa8d625d8f11f049fdaa547d	5075	objects/47/476f576b82ac62de029fc05c0cac5be4350abb09aa8d625d8f11f049fdaa547d/q16r4.gates	1
4787ae93f47da8d09fb207276d2edb398a7c63fd8ab3c55c332113af53915dc0	1768	objects/47/4787ae93f47da8d09fb207276d2edb398a7c63fd8ab3c55c332113af53915dc0/geometry_summary.json	1
479b122b7385a959219912051f65476c4a4ac05f9a83f5f58dc57e9e145e1d6e	141223	objects/47/479b122b7385a959219912051f65476c4a4ac05f9a83f5f58dc57e9e145e1d6e/1426_p257.txt	2
47d1de5c85c4155f387a65c7351f44718848d0b6e244551818de3a1e7e05ab39	43	objects/47/47d1de5c85c4155f387a65c7351f44718848d0b6e244551818de3a1e7e05ab39/B_delta6_delta8_q7.32719.stdout	4
4815908b299c14f09d367d3744f00d21747a732f5a5a4012e8389ced075133f1	276	objects/48/4815908b299c14f09d367d3744f00d21747a732f5a5a4012e8389ced075133f1/module_1805_B22_plane5_k6_p263.json	1
488300513c853fcf454c76ad8f41b3770002e777240b8ab6abb7b762828dc7fe	232267	objects/48/488300513c853fcf454c76ad8f41b3770002e777240b8ab6abb7b762828dc7fe/1808_B22_plane3_k6.txt	1
489b2e73940aaadd0c411b3b30df2f2effa95dc6a30a0c80baf015b171a03ad8	278	objects/48/489b2e73940aaadd0c411b3b30df2f2effa95dc6a30a0c80baf015b171a03ad8/module_1811_B22_plane1_k4_p263.json	1
48b2210df81d46594224b3d2ceb5ae096459e6e40ad27a0de0fcfec292acb580	289	objects/48/48b2210df81d46594224b3d2ceb5ae096459e6e40ad27a0de0fcfec292acb580/module_1680_263.json	1
48ba73f429e52b4a8e08284c74c38b2151eda7d03f9349baad63ec3538cb0bea	288	objects/48/48ba73f429e52b4a8e08284c74c38b2151eda7d03f9349baad63ec3538cb0bea/module_1995_257.json	1
48f37dc88d3575c8b177ab39a4d180aa26f165a4cf93e3ffc4ce0747c419d3b5	90	objects/48/48f37dc88d3575c8b177ab39a4d180aa26f165a4cf93e3ffc4ce0747c419d3b5/1801_S4_p257.log	8
491ab643f18fa4569b3b7ddb7e3739f67da1cf6386535f6b585e8a83da749915	18904	objects/49/491ab643f18fa4569b3b7ddb7e3739f67da1cf6386535f6b585e8a83da749915/FILES.md	1
4967b40cbb7cce08356e241047096f5e6208c81fd1fb2e22904405b06dd3343c	338592	objects/49/4967b40cbb7cce08356e241047096f5e6208c81fd1fb2e22904405b06dd3343c/2019.txt	1
4971802fa90366127c6b9f5118e4069cc5f52a55abc1eed453f762bb346e79e7	151	objects/49/4971802fa90366127c6b9f5118e4069cc5f52a55abc1eed453f762bb346e79e7/case_1888_B22_plane3_k6.txt	1
4991da75b1044a96af7f70cf108f18ca7ea434aaaa0b20cf38abddf597c21305	1390	objects/49/4991da75b1044a96af7f70cf108f18ca7ea434aaaa0b20cf38abddf597c21305/replay.log	4
49b1be1ca17d9d9660d8b74af924fbdbf4b3e9f973344054795a39738b5a4eaf	278	objects/49/49b1be1ca17d9d9660d8b74af924fbdbf4b3e9f973344054795a39738b5a4eaf/module_1629_B22_plane0_k6_p263.json	1
49c1627b95128b3dc44ca9be528b19d5129ab46b95f037e56650e89ed365c8d0	1387	objects/49/49c1627b95128b3dc44ca9be528b19d5129ab46b95f037e56650e89ed365c8d0/changed_determinant.ranks	1
49d8d9f23644426601a01a65ba88a67d8f2b908a77a80167042877f20c694934	141218	objects/49/49d8d9f23644426601a01a65ba88a67d8f2b908a77a80167042877f20c694934/1431_p257.txt	2
49dfbb94be91869520a2ee89c03d0597df4a92f81cd87faabf69d7e497b4a100	192701	objects/49/49dfbb94be91869520a2ee89c03d0597df4a92f81cd87faabf69d7e497b4a100/1687.txt	1
49ee2a83ef07a882ba57b3640430024d23af8ce9e194b41a6ec51ebab278410b	289	objects/49/49ee2a83ef07a882ba57b3640430024d23af8ce9e194b41a6ec51ebab278410b/module_1714_257.json	1
49f1dad13292ee4bba3279efcf2f082df23700f35e207f8d188777af62d5a724	29	objects/49/49f1dad13292ee4bba3279efcf2f082df23700f35e207f8d188777af62d5a724/A_delta6_delta7_q6.gates.stdout	2
4a4e332cb0827a33d13cc8db61565a4e1a594ff556b5d573c8caa0a73a1b8f88	90	objects/4a/4a4e332cb0827a33d13cc8db61565a4e1a594ff556b5d573c8caa0a73a1b8f88/1847_B22_plane1_k6_p257.log	4
4a5af9defd415fddd00325ffadc5504bc1cb2adbff9428043c246df0e91759de	189167	objects/4a/4a5af9defd415fddd00325ffadc5504bc1cb2adbff9428043c246df0e91759de/1667.txt	1
4a67f11c7135d0a107b7d6f324d4cc7f79bfa7530330b4fb7e61fecda8a50694	129166	objects/4a/4a67f11c7135d0a107b7d6f324d4cc7f79bfa7530330b4fb7e61fecda8a50694/rank_p32749.txt	2
4a80131bd9bc8bceb08e18d8e2bb3f0cb3b16276ba01b961258b2511de795572	90	objects/4a/4a80131bd9bc8bceb08e18d8e2bb3f0cb3b16276ba01b961258b2511de795572/1803_S5_p257.log	6
4a8518093a265fa2087eaa514be12b9a5008d9788c200110d496b04830afe18e	5756	objects/4a/4a8518093a265fa2087eaa514be12b9a5008d9788c200110d496b04830afe18e/eight_frontier_stagewise.cpp	2
4a91e94f7fbfda107648199c6efe18b00d643be98dc2930be5e08ac516edafe9	151	objects/4a/4a91e94f7fbfda107648199c6efe18b00d643be98dc2930be5e08ac516edafe9/case_1904_B22_plane3_k4.txt	1
4ab4cfd4eafa2a2cd7f9e21813e1a22771de45d76fc6fd089039fe9cbeab36b9	7667	objects/4a/4ab4cfd4eafa2a2cd7f9e21813e1a22771de45d76fc6fd089039fe9cbeab36b9/B699-ProA-EARLY-NEAR16-18-H112-20260924-evidence.CLEAN_REPLAY_RECEIPT.json	1
4ad5a387242d834c57d08cebf011ed82507bd5f9bf661589a323f98b480c56c5	4397	reference/OVERVIEW-2026-09-22.md.txt	18
4b0a11bfd61ce7a6f241adcfbf17bde6488a30066623e4697d5d6983534f6cf8	151	objects/4b/4b0a11bfd61ce7a6f241adcfbf17bde6488a30066623e4697d5d6983534f6cf8/case_1808_B22_plane5_k4.txt	1
4b2a1033e71407118a7f39bfed92582e46e592080c276a458978482ee6c18ce8	283	objects/4b/4b2a1033e71407118a7f39bfed92582e46e592080c276a458978482ee6c18ce8/minors_q7_45_32719.json	1
4b2eedf69c477c28a8310b37ca8108fbb274d663beb78a0caf5b5c8d28a153ee	90	objects/4b/4b2eedf69c477c28a8310b37ca8108fbb274d663beb78a0caf5b5c8d28a153ee/module_1754_257.log	2
4b7460706f72d379c46443e1a4c18c3e4a632c63d24b9e9d278d6b903daaec28	544875	objects/4b/4b7460706f72d379c46443e1a4c18c3e4a632c63d24b9e9d278d6b903daaec28/reference_1636.txt	1
4b794c178f4dc932a9bc8701ba0c80db36ceb075229cb6d06d8c0bef9d6ea662	151	objects/4b/4b794c178f4dc932a9bc8701ba0c80db36ceb075229cb6d06d8c0bef9d6ea662/case_1808_B22_plane5_k6.txt	1
4b9589f8b061c07b542dab5e1ed3db61b3bdc7bed44e341dc8f4ce8431db4a46	151	objects/4b/4b9589f8b061c07b542dab5e1ed3db61b3bdc7bed44e341dc8f4ce8431db4a46/case_1765_B22_plane3_k6.txt	1
4b96bf7e9921e24a733e4ceb0834dae76aa3b630f2e49446318a8616f9f11f36	5797	objects/4b/4b96bf7e9921e24a733e4ceb0834dae76aa3b630f2e49446318a8616f9f11f36/h109_frontier.tsv	5
4bb5372edd3edfabe289b0b342b71b9bbba809562d8f767e2de32ecc07a05771	6768	objects/4b/4bb5372edd3edfabe289b0b342b71b9bbba809562d8f767e2de32ecc07a05771/stage_7.tsv	2
4bc867739b9b5987df47fcca0ea635b91c5164b70626a908650b7abeea0a5965	110234	objects/4b/4bc867739b9b5987df47fcca0ea635b91c5164b70626a908650b7abeea0a5965/1226_p263.txt	2
4bdaeeed6ba6e1b4b6bb433e2655528bbabba9c7760a1b4c3fe547147fa07472	224	objects/4b/4bdaeeed6ba6e1b4b6bb433e2655528bbabba9c7760a1b4c3fe547147fa07472/alt_q5_45.json	1
4bdd62f102d574ded4853be1aad8271e449b5d8f758bf523f1b580f88e53713a	269070	objects/4b/4bdd62f102d574ded4853be1aad8271e449b5d8f758bf523f1b580f88e53713a/1904_B22_plane3_k6.txt	1
4be039bbad615acd02f917b3727ec5eacbd616b640010dfb65edf186d89bae4d	166539	objects/4b/4be039bbad615acd02f917b3727ec5eacbd616b640010dfb65edf186d89bae4d/1550_p257.txt	2
4be895a5d41b45b7e122e70b2e046c3041eb26cd9412fa74e528b99187cf4094	278	objects/4b/4be895a5d41b45b7e122e70b2e046c3041eb26cd9412fa74e528b99187cf4094/module_1894_B22_plane3_k6_p263.json	1
4be91ab481385c58d47dfe24b3d895474f6301dcb48b693e6c8a0cfdc42bb537	1887	objects/4b/4be91ab481385c58d47dfe24b3d895474f6301dcb48b693e6c8a0cfdc42bb537/module_slice_263_40_46.json	1
4bf1ef3e2ccc800fda674993916b2a5811643fbcd172d5ddaae5df7a1da56da7	2398	objects/4b/4bf1ef3e2ccc800fda674993916b2a5811643fbcd172d5ddaae5df7a1da56da7/eight_raw_reverse.stdout	2
4bf4db91d6428caf2010eedf745570b1f4d1a8942516a5c2899a35432049ce84	28641	objects/4b/4bf4db91d6428caf2010eedf745570b1f4d1a8942516a5c2899a35432049ce84/signature_mapping.json	1
4c03aa01fadf76bdc144c762b4e10af4cbb2df9dce5fde6607a8c0dc7fc74aeb	232825	objects/4c/4c03aa01fadf76bdc144c762b4e10af4cbb2df9dce5fde6607a8c0dc7fc74aeb/1808_B22_plane5_k4.txt	1
4c06a9797e9257e109aafb73d3201aaaa91082a7cb3f127fe0ec5b30637d1527	1027	objects/4c/4c06a9797e9257e109aafb73d3201aaaa91082a7cb3f127fe0ec5b30637d1527/q5_57.alt	2
4c1bce9998ccab013191a964b6f960885a9ef9cc9c152db4559ac2d4a5e5349f	3149	objects/4c/4c1bce9998ccab013191a964b6f960885a9ef9cc9c152db4559ac2d4a5e5349f/SOURCE_ADOPTION.md	1
4c5a8cebfd9e83cfa867612da5c5200ffa386b0ac528f6ae980b39a1be91701a	73782	objects/4c/4c5a8cebfd9e83cfa867612da5c5200ffa386b0ac528f6ae980b39a1be91701a/quartic_slices.json	1
4c9cfd1567db6e929fcf83227e23b504109cb39ff0756ad52797127a315b7f0d	3846	objects/4c/4c9cfd1567db6e929fcf83227e23b504109cb39ff0756ad52797127a315b7f0d/source_module.cpp	3
4ccdf524216c2b6cda8776ff5d3c3bb3f031054d70fd6c7f52d80f6e3887e23c	260512	objects/4c/4ccdf524216c2b6cda8776ff5d3c3bb3f031054d70fd6c7f52d80f6e3887e23c/1888_B22_plane0_k6.txt	1
4ce85df89f83153aa73229a59d6d9265ce824833136b619d9c0189fce6743091	90	objects/4c/4ce85df89f83153aa73229a59d6d9265ce824833136b619d9c0189fce6743091/1904_B22_plane3_k4_p257.log	4
4d2e113e755f6a3b2de7157a5f975710026c05985bd7d6380cf505d2088dae99	141229	objects/4d/4d2e113e755f6a3b2de7157a5f975710026c05985bd7d6380cf505d2088dae99/1448_p257.txt	2
4d3b83d8eb233e94c0202c3db832f31c752668cb95ad7103e33b0c94fb8bba05	255	objects/4d/4d3b83d8eb233e94c0202c3db832f31c752668cb95ad7103e33b0c94fb8bba05/module_1969_S5_p257.json	1
4d55f7bc8ab63a9060cee66b90ed90d057cb36bb9fabadbc34fbd77c2ebab234	90	objects/4d/4d55f7bc8ab63a9060cee66b90ed90d057cb36bb9fabadbc34fbd77c2ebab234/module_1876_257.log	4
4ddc79bb30f07238505fb1e02aa537bacbb7fbea2878ee802a6a3fdb5fa75db3	675	objects/4d/4ddc79bb30f07238505fb1e02aa537bacbb7fbea2878ee802a6a3fdb5fa75db3/README.md	2
4de10b64550774118a67cab1ab3baf218b154c6db6287694e328354b1eafc7ec	1013216	objects/4d/4de10b64550774118a67cab1ab3baf218b154c6db6287694e328354b1eafc7ec/chunk_003.out	2
4de1196b6d8b39a182010946c2af9976c3b392e3f6bf2bc1889c6a16accfb369	8919	objects/4d/4de1196b6d8b39a182010946c2af9976c3b392e3f6bf2bc1889c6a16accfb369/q18r5.gates	1
4de8cbec2c46a6645d3c9139a365af3b4ee1cab1be26d4face1be98723733cac	58299	objects/4d/4de8cbec2c46a6645d3c9139a365af3b4ee1cab1be26d4face1be98723733cac/q7_45.independent.json	1
4e2988032d25c625c267ada4a9149aa0c6a3f9ce1fffb5d9bae00b1a6c73b3df	277	objects/4e/4e2988032d25c625c267ada4a9149aa0c6a3f9ce1fffb5d9bae00b1a6c73b3df/module_1969_B22_plane5_k6_p257.json	1
4e4ec41d6861fb8ad469f2b81690e4e8580df5aa6adff194fc27784a054d86c8	150187	objects/4e/4e4ec41d6861fb8ad469f2b81690e4e8580df5aa6adff194fc27784a054d86c8/1501_p257.txt	2
4e724adcc0f46810d61522367eda7c50effc13fecba03721ad3406f9c43e7636	29682	objects/4e/4e724adcc0f46810d61522367eda7c50effc13fecba03721ad3406f9c43e7636/gates_full.txt	2
4e99f9ef299ef8c1092157bf48c1b90c295f3bb5618e3bd805def422b0eda4c5	2773	objects/4e/4e99f9ef299ef8c1092157bf48c1b90c295f3bb5618e3bd805def422b0eda4c5/pattern_C_2delta6_gates.cpp	2
4eb16c06efc5c70f1be85ead465b205341140e03d16a8d014c0e3b41923df701	151	objects/4e/4eb16c06efc5c70f1be85ead465b205341140e03d16a8d014c0e3b41923df701/case_1626_B22_plane0_k4.txt	1
4eb831676eb981a46d7afdc0f8bef91908b9152702b3a645e77488ae08025dc6	173472	objects/4e/4eb831676eb981a46d7afdc0f8bef91908b9152702b3a645e77488ae08025dc6/1596_p257.txt	2
4ef032f51370f9717e8698948a7ee8c88b6000aa5547e581dfce5b5f75ee706b	5624	objects/4e/4ef032f51370f9717e8698948a7ee8c88b6000aa5547e581dfce5b5f75ee706b/h111_frontier.tsv	3
4f4381ddad9e8692487e6fabf3e25e3d6567aad2caae4d09e4dde00d31567fb3	332044	objects/4f/4f4381ddad9e8692487e6fabf3e25e3d6567aad2caae4d09e4dde00d31567fb3/2018.txt	1
4f44f6e4260447604930fc56e7c5c0720f77e89aa96bb7a103bf47b040ca16d7	123753	objects/4f/4f44f6e4260447604930fc56e7c5c0720f77e89aa96bb7a103bf47b040ca16d7/1339_p263.txt	2
4f604263f154d8f78722fe291ce4a4dda5cd90f681ca3833f8f08c8078345ac3	26839	objects/4f/4f604263f154d8f78722fe291ce4a4dda5cd90f681ca3833f8f08c8078345ac3/MANIFEST.json	2
4f755a91a01605d5d1315dfebcb61c526292a3cd481e86193ae33ae2b03836f6	641866	objects/4f/4f755a91a01605d5d1315dfebcb61c526292a3cd481e86193ae33ae2b03836f6/state_1623_00000_02000.txt	2
4fad01f894745cf91a142249074ea5854074759ebcfab64dc505d9d85984a9d3	174643	objects/4f/4fad01f894745cf91a142249074ea5854074759ebcfab64dc505d9d85984a9d3/1627_S5.txt	1
4fb34206d6322ad02afdf2a3d45e5ab236e3a0ffe76fec9f9e47720b4649c5ee	474	objects/4f/4fb34206d6322ad02afdf2a3d45e5ab236e3a0ffe76fec9f9e47720b4649c5ee/check_extensions.json	1
4ff2fdc67be2231796b3bb1c5a77ff07afd80ad54b2d3fae0ab6676517e85fcf	108341	objects/4f/4ff2fdc67be2231796b3bb1c5a77ff07afd80ad54b2d3fae0ab6676517e85fcf/1226_p257.txt	2
4ff5b895de21d507ed5ed2b319bada64526e95cf2f6b0838764436afae33af72	3572	objects/4f/4ff5b895de21d507ed5ed2b319bada64526e95cf2f6b0838764436afae33af72/chunk_001.in	2
5007ff245ff6bc35f4e0ad3c068335848682d9205581a3079e7638731a744919	228292	objects/50/5007ff245ff6bc35f4e0ad3c068335848682d9205581a3079e7638731a744919/1808_B22_plane1_k4.txt	1
50193bd07db063c10d0af7064eea2d5fb53c5b70e832b2bf46f5b2c92c67f23d	151	objects/50/50193bd07db063c10d0af7064eea2d5fb53c5b70e832b2bf46f5b2c92c67f23d/case_1969_S5.txt	1
5027de68b519a93e8bc0c249e2f4f87965f4fd048925e4b33edc0e94ff0e135d	216076	objects/50/5027de68b519a93e8bc0c249e2f4f87965f4fd048925e4b33edc0e94ff0e135d/1765_S4.txt	1
504ea615d0f92fca0a7c917347f57a07b0857baa357c42a79c041e9660c4fb96	256	objects/50/504ea615d0f92fca0a7c917347f57a07b0857baa357c42a79c041e9660c4fb96/module_1803_S4_p257.json	1
5072a600a79ab48f0bee4e53f97f82dbbefb3afdc3cb84f5e64437e7c7cad1fb	196205	objects/50/5072a600a79ab48f0bee4e53f97f82dbbefb3afdc3cb84f5e64437e7c7cad1fb/1710.txt	1
50760d5d4d7009000b36de3c26149aae68a2cab677574e329b09af9b24ba6204	3783	objects/50/50760d5d4d7009000b36de3c26149aae68a2cab677574e329b09af9b24ba6204/q16r5.cross.gates	1
507efb3765b507e4e9da0baf1f271adc84a3538a0fcc3f09a8655f5330a14f60	83832	objects/50/507efb3765b507e4e9da0baf1f271adc84a3538a0fcc3f09a8655f5330a14f60/1067_p257.txt	2
5081cdc1a7392fd0b2b10dfa19e5d2b705f02d0c2a0582d107ba180128c88615	6534	objects/50/5081cdc1a7392fd0b2b10dfa19e5d2b705f02d0c2a0582d107ba180128c88615/signatures_without_quartics.txt	1
5096b42b848a5a50098fa63617390f7115b565185e1a3a18ef5625b6b14a9e96	278	objects/50/5096b42b848a5a50098fa63617390f7115b565185e1a3a18ef5625b6b14a9e96/module_1847_B22_plane4_k4_p257.json	1
5110cb28ae782748ec7bc9281f505636d003f60aed4bfa3d4eadb7aeee497c48	289	objects/51/5110cb28ae782748ec7bc9281f505636d003f60aed4bfa3d4eadb7aeee497c48/module_1680_257.json	1
5143a21174fe3af22d63918790d79f75dd298507c14f0c7009b4528f1c199511	3887	objects/51/5143a21174fe3af22d63918790d79f75dd298507c14f0c7009b4528f1c199511/state_1641_p11.txt	1
5150bfcff863dceae21dbf2b6f2bef01687aff35b7ccab4157e5903296e06ad6	4474	objects/51/5150bfcff863dceae21dbf2b6f2bef01687aff35b7ccab4157e5903296e06ad6/replay_full.py	2
5178bd71f4620e3759b2e3987396f7c1ec3e1f323b558003fb0a151ec776a921	22005	objects/51/5178bd71f4620e3759b2e3987396f7c1ec3e1f323b558003fb0a151ec776a921/rank_p32749.txt	2
5186ed66e86dc1f8f542f8448e9bbd7775e538af7e339dddc7d8c88f8f14a7e5	286876	objects/51/5186ed66e86dc1f8f542f8448e9bbd7775e538af7e339dddc7d8c88f8f14a7e5/1917.txt	1
51d31b958d05a59fad730934d9954554402c75fffaa6d512bec5321bac7f49ce	278	objects/51/51d31b958d05a59fad730934d9954554402c75fffaa6d512bec5321bac7f49ce/module_1765_B22_plane2_k4_p257.json	1
5220490582da8d17058d94444f28df25560d54fdb1ef47fa7fa61fb172297361	2107	objects/52/5220490582da8d17058d94444f28df25560d54fdb1ef47fa7fa61fb172297361/rank_p32719.txt	2
5225c6ff00c6303f29c2f9b12287d82f55f8ffd1646db24627b5fc7495592eb7	170288	objects/52/5225c6ff00c6303f29c2f9b12287d82f55f8ffd1646db24627b5fc7495592eb7/1552_p263.txt	2
526289b9a2c3eeef81751cb42c3957c28f7a4a1708bdc7706ebeb61a8f639844	32606	objects/52/526289b9a2c3eeef81751cb42c3957c28f7a4a1708bdc7706ebeb61a8f639844/MANIFEST.json	2
526f85938436ade1c04a0d72ef619a614f594cd56f973031d02495fecf6e360f	266	objects/52/526f85938436ade1c04a0d72ef619a614f594cd56f973031d02495fecf6e360f/full_clean_replay_result.json	2
528638effee974ec20e7fd506fe797fd02c6fa4f33ec11bc9efbb10668df7e27	90	objects/52/528638effee974ec20e7fd506fe797fd02c6fa4f33ec11bc9efbb10668df7e27/1715_S5_p257.log	12
529ce4787ce4c568f717fd3b4b3e52a5326db52fdcfcd7ecd7e39978358242ae	264753	objects/52/529ce4787ce4c568f717fd3b4b3e52a5326db52fdcfcd7ecd7e39978358242ae/1882.txt	1
52a8d84e49dcba61b227ae3842e33af602da15c6c5234867bc2ce7195c0f78be	114871	objects/52/52a8d84e49dcba61b227ae3842e33af602da15c6c5234867bc2ce7195c0f78be/signatures493.json	1
52b56be6010febff4a8f51e4452c2b30db02b6e70b967c45118d5fb515aa69d5	277	objects/52/52b56be6010febff4a8f51e4452c2b30db02b6e70b967c45118d5fb515aa69d5/module_1894_B22_plane2_k4_p263.json	1
52e0bf93fb4ce3ce343145f074d656929c62c4b3b34364d19760323bb8b6b29d	29	objects/52/52e0bf93fb4ce3ce343145f074d656929c62c4b3b34364d19760323bb8b6b29d/F_delta5_delta8_q6.32719.stderr	4
5316891af3db3d0956faa91d823b34466a14635bbd203d25663f656a92090c3a	151	objects/53/5316891af3db3d0956faa91d823b34466a14635bbd203d25663f656a92090c3a/case_1715_S5.txt	1
532c11b36b9fa9e2196db018ebc14f90148ee89f87917552a1c04ba42541161d	13	objects/53/532c11b36b9fa9e2196db018ebc14f90148ee89f87917552a1c04ba42541161d/aggregates_1633_0.log	2
5335ddb6a7f85f0d97f71f5eb2013b34167cb2eb943690eef0ccc0fbb72d2025	1287	objects/53/5335ddb6a7f85f0d97f71f5eb2013b34167cb2eb943690eef0ccc0fbb72d2025/REPLAY.md	2
534f82ff18d33091c31215a30ef3352e6fa1736d6f1684a0e2ad19e655d05622	28585	objects/53/534f82ff18d33091c31215a30ef3352e6fa1736d6f1684a0e2ad19e655d05622/q6_45.32749.minors	1
534fb081397294d9800b564d90f57bd6730ec239279afca9e5c563fe79257247	59971	objects/53/534fb081397294d9800b564d90f57bd6730ec239279afca9e5c563fe79257247/gates_full.txt	2
535abc5fe339ec4cf708588d244456d278de22b2e19b28e40a2baa7306e4add0	2994	objects/53/535abc5fe339ec4cf708588d244456d278de22b2e19b28e40a2baa7306e4add0/pattern_F_delta5_delta8_gates.cpp	4
5371ca369223ecea06dea394d91e43eca8577623459d896a82bd64b4fd679ebf	144044	objects/53/5371ca369223ecea06dea394d91e43eca8577623459d896a82bd64b4fd679ebf/1426_p263.txt	2
5398456905b5f1e5e394f64612a85e9cd9213a8c275cbb8ef7d138053372a727	90	objects/53/5398456905b5f1e5e394f64612a85e9cd9213a8c275cbb8ef7d138053372a727/module_1912_257.log	2
53b7a56e9d86b2c11dfd47378e6de27bc49d9171dcc9c49464c43ba907cd68ab	90	objects/53/53b7a56e9d86b2c11dfd47378e6de27bc49d9171dcc9c49464c43ba907cd68ab/1626_B22_plane0_k6_p257.log	8
5412b724fd71909fd2a6020431fa09efe129efea495329dad3dda4e2aafcf9c4	799983	objects/54/5412b724fd71909fd2a6020431fa09efe129efea495329dad3dda4e2aafcf9c4/chunk_001.out	2
5416bcceec465009ed24e8ca5af897ddb4b5b8a7adc4adf6b23236e9166b2432	34816	objects/54/5416bcceec465009ed24e8ca5af897ddb4b5b8a7adc4adf6b23236e9166b2432/FILES.md	1
5427a449bc33731d8009c51e231a2e3bab4e0d21b29722d2e0b558a3f0c763de	141184	objects/54/5427a449bc33731d8009c51e231a2e3bab4e0d21b29722d2e0b558a3f0c763de/1446_p257.txt	2
542f90bc93d217da548f297e9d9000629ac0f94395fffe1e44b1aacc73ff2ef9	212405	objects/54/542f90bc93d217da548f297e9d9000629ac0f94395fffe1e44b1aacc73ff2ef9/1765_B22_plane1_k4.txt	1
544b33f56287c459003040300e60d0c927473038bdcee6ed4c940945e66b1682	747971	originals/research_rounds/R04_MIDDOUBLE5-7-TRACE-H57__B699-ProA-MIDDOUBLE5-7-TRACE-H57-20260922-evidence.zip	2
546653dc2653aa8952ece2c1d8cec0b8c640705668e85d3589f4d77579eaf64f	264986	objects/54/546653dc2653aa8952ece2c1d8cec0b8c640705668e85d3589f4d77579eaf64f/1894_B22_plane1_k6.txt	1
546b858b8e60f7afe977ea9822dbb9a63cddcddb90af6098c299935cd639e824	403	objects/54/546b858b8e60f7afe977ea9822dbb9a63cddcddb90af6098c299935cd639e824/aggregates_1636_1.json	1
547e7063386bdf68fc1dcca3d496e7b6f6ef17d9f142a5332fababbfea89e9f8	90	objects/54/547e7063386bdf68fc1dcca3d496e7b6f6ef17d9f142a5332fababbfea89e9f8/1904_B22_plane5_k4_p257.log	4
54a2acb2a93b49f4c764755d1e89cf49b44f4f8e5e6fc05bc3c184620d32296a	289	objects/54/54a2acb2a93b49f4c764755d1e89cf49b44f4f8e5e6fc05bc3c184620d32296a/module_1797_263.json	1
54ad3cbfef6fe46a21d6a6facc15f37a88ac6ad551a28833e39042e646cb6f23	475	objects/54/54ad3cbfef6fe46a21d6a6facc15f37a88ac6ad551a28833e39042e646cb6f23/independent_reference.json	1
54c0382fae160552f7add755952000214c2be642d0839d2e5e7b1c2053f6b052	127443	objects/54/54c0382fae160552f7add755952000214c2be642d0839d2e5e7b1c2053f6b052/r3_q13_p32749.txt	2
54c80e7c8440119f7bc8b45a88b0ef4c98b3a301f627c805200a20843d9d7f0c	177944	objects/54/54c80e7c8440119f7bc8b45a88b0ef4c98b3a301f627c805200a20843d9d7f0c/1636.txt	1
54d35b0e5ab210442b08e292ac39c1763559fecd562392a686f27aba8a1dbd31	200890	objects/54/54d35b0e5ab210442b08e292ac39c1763559fecd562392a686f27aba8a1dbd31/1715_B22_plane0_k6.txt	1
54d4d6dc4853773740fc2780b8203e792762c94649d06465f27c86170bf409e4	41988	objects/54/54d4d6dc4853773740fc2780b8203e792762c94649d06465f27c86170bf409e4/RECOVERY_MAP.json	1
54e0f30f87823efe3bca6633688e8e475a8b881db8f6d77e2a3ca51e6b01e0c6	90	objects/54/54e0f30f87823efe3bca6633688e8e475a8b881db8f6d77e2a3ca51e6b01e0c6/module_1687_257.log	2
54efdf783274dcd2097dcc212a92b0f6a9a4d610c98cf619b93c256a09d47b2c	90	objects/54/54efdf783274dcd2097dcc212a92b0f6a9a4d610c98cf619b93c256a09d47b2c/1629_B22_plane0_k4_p257.log	4
550db56afbc1304760faaa7558e69dd7df351f7e8bfc3ed2b1d2066077f61875	278	objects/55/550db56afbc1304760faaa7558e69dd7df351f7e8bfc3ed2b1d2066077f61875/module_1888_B22_plane1_k6_p257.json	1
550f26afd35927286c9547771257e9c85113837e5be25998b0f820c286095a0b	3511	objects/55/550f26afd35927286c9547771257e9c85113837e5be25998b0f820c286095a0b/receipt.json	2
551a258f16ed0b5753ce50e6ea3f365e9c9db1858fb3b38bf665cbd89fbba604	42070	objects/55/551a258f16ed0b5753ce50e6ea3f365e9c9db1858fb3b38bf665cbd89fbba604/state_1615_p11.txt	1
555751f39b82e55446f91a2482aaed8c5edd412390d1adbcbef1fc70a3022f3c	641961	objects/55/555751f39b82e55446f91a2482aaed8c5edd412390d1adbcbef1fc70a3022f3c/accepted_1623_12000_14000.txt	1
556ef330849e2f218c91dcb56d24d7713b53e8221fc15bb2a28054f419288b9a	277	objects/55/556ef330849e2f218c91dcb56d24d7713b53e8221fc15bb2a28054f419288b9a/module_1630_B22_plane0_k4_p263.json	1
55716b25889672ba62b30e457c79d9af0614d5e785d250d94a731e237cdc05b7	800000	objects/55/55716b25889672ba62b30e457c79d9af0614d5e785d250d94a731e237cdc05b7/chunk_007.out	2
557e644eb98092bbf5ab282661da67c5ae9023fcb000ca91fafd3044192d8988	376	objects/55/557e644eb98092bbf5ab282661da67c5ae9023fcb000ca91fafd3044192d8988/check_1619.json	1
55ae699ad735bb17ab3f5db7861d0cc5f5522babb6c533e970789de34f70c77d	276	objects/55/55ae699ad735bb17ab3f5db7861d0cc5f5522babb6c533e970789de34f70c77d/module_1894_B22_plane2_k4_p257.json	1
55b68fe1a6613b166148366942dd648ac32603f52d369979c06056c8769fe6a1	265275	objects/55/55b68fe1a6613b166148366942dd648ac32603f52d369979c06056c8769fe6a1/1894_B22_plane2_k4.txt	1
55b75de63e2e44ff07763ac51030b442991c3f68c098337bdb05c3318e73f6ba	141242	objects/55/55b75de63e2e44ff07763ac51030b442991c3f68c098337bdb05c3318e73f6ba/1445_p257.txt	2
55caedfdba93599be805bd1f221ff55ed86952339e183df86f198960c8ba720d	7548	objects/55/55caedfdba93599be805bd1f221ff55ed86952339e183df86f198960c8ba720d/chunk_001.in	2
55ea4d281f0640f8672f4f7b12e8ffdf3b01ef70ccf1c7535090bf460d5f5ef6	255	objects/55/55ea4d281f0640f8672f4f7b12e8ffdf3b01ef70ccf1c7535090bf460d5f5ef6/module_1626_S4_p257.json	1
55f4723c19d67a8fda251fcb0a6d4fce5745f34ed2c26cf3e76ff2c4c209c15e	236090	objects/55/55f4723c19d67a8fda251fcb0a6d4fce5745f34ed2c26cf3e76ff2c4c209c15e/1811_B22_plane0_k6.txt	1
562e94cb7e4aafc25fc84d0f63d1dcea6aa1f8844fc66af86c4ea1011f653114	105251	objects/56/562e94cb7e4aafc25fc84d0f63d1dcea6aa1f8844fc66af86c4ea1011f653114/1195_p263.txt	2
56f3396c8473f8ba548438bb37ebbd300885c3b22c1ca3dddf5e5caf7b580ba6	2559	objects/56/56f3396c8473f8ba548438bb37ebbd300885c3b22c1ca3dddf5e5caf7b580ba6/reference.json	1
571733439242699e21c6c717233b6e5849376da53fbb108b5bd9025c8d4daf96	256	objects/57/571733439242699e21c6c717233b6e5849376da53fbb108b5bd9025c8d4daf96/module_1960_S5_p257.json	1
573b7566677f07cf1182e383071108ab5ccbdd9f9a603e835f39fdc38b195e52	244729	objects/57/573b7566677f07cf1182e383071108ab5ccbdd9f9a603e835f39fdc38b195e52/1847_B22_plane5_k4.txt	1
575df7121277556836e0b6474f59462e38ac4101e8b567d1acf7f5f26b2595c7	125235	objects/57/575df7121277556836e0b6474f59462e38ac4101e8b567d1acf7f5f26b2595c7/q16r4.ranks	1
578661263a5ac117151f7494ab73b05d75530d42d9b61412ca04b37bb802fd97	10774	objects/57/578661263a5ac117151f7494ab73b05d75530d42d9b61412ca04b37bb802fd97/MANIFEST.sha256	2
578d5ccb60eb25ffdf2d3775463402e277c7671a99a503c20c8d76c4b6ce21d3	2532	objects/57/578d5ccb60eb25ffdf2d3775463402e277c7671a99a503c20c8d76c4b6ce21d3/quartic_slices.py	1
57b43d0930edfe9e98176c9f452f37bf441546c2b5b2f89c09eddd59a774bd5f	178416	objects/57/57b43d0930edfe9e98176c9f452f37bf441546c2b5b2f89c09eddd59a774bd5f/1629_S5.txt	1
57c197ea25a46e0148f38ea9b792ed24f32fb38720edb34ddc6bdceec7fcac37	260583	objects/57/57c197ea25a46e0148f38ea9b792ed24f32fb38720edb34ddc6bdceec7fcac37/1888_B22_plane3_k6.txt	1
57cd6031be02bea5a2c3ed4aade213824c368222b3e202776061e62d9f08bac5	197544	objects/57/57cd6031be02bea5a2c3ed4aade213824c368222b3e202776061e62d9f08bac5/1720_B22_plane5_k6.txt	1
581642c2839acea3a80fc5d7ebe4b792789ea56bb57d926558f46c06c20ae287	90	objects/58/581642c2839acea3a80fc5d7ebe4b792789ea56bb57d926558f46c06c20ae287/1765_B22_plane4_k6_p257.log	4
5821a4a48eba2cfed3201c7c64f57c2f711de1ba56149b823b49392040fee416	19512	objects/58/5821a4a48eba2cfed3201c7c64f57c2f711de1ba56149b823b49392040fee416/module_slice_p263_50_100.json	1
5824ee91534f04875d508526a9e8acc72b6019f486121526328975cdd289ad8d	182449	objects/58/5824ee91534f04875d508526a9e8acc72b6019f486121526328975cdd289ad8d/1626_mod11.txt	2
587571d6afe8deff8dba3feb103e49717ae6484ecc2b0a459301173e4990f552	151	objects/58/587571d6afe8deff8dba3feb103e49717ae6484ecc2b0a459301173e4990f552/case_1765_B22_plane5_k6.txt	1
587845b2009e91e458c1bee2c43eacd6bb31e064610a556e3de2e0ed3789fe7b	264670	objects/58/587845b2009e91e458c1bee2c43eacd6bb31e064610a556e3de2e0ed3789fe7b/1876.txt	1
5879730bd701a81977fada1a05a25c9f213e717fb83ccac822c6a0881a168097	2028	objects/58/5879730bd701a81977fada1a05a25c9f213e717fb83ccac822c6a0881a168097/FAILURE_BOUNDARIES.md	2
5887581b09624e0ffe8975fc193751eb80383c09216485e5e9e4854bdaa265d5	222	objects/58/5887581b09624e0ffe8975fc193751eb80383c09216485e5e9e4854bdaa265d5/gates_q6_45.json	1
58954d414f6932810afe9dde576944241b6c253143d95ec317753a80d254eda7	867	objects/58/58954d414f6932810afe9dde576944241b6c253143d95ec317753a80d254eda7/RESEARCH_LOG.md	2
58b70d8a068e5092b14b85a9a466c3d21e56d102002045ffe767b3871b8ab5c1	80	objects/58/58b70d8a068e5092b14b85a9a466c3d21e56d102002045ffe767b3871b8ab5c1/q16r4.gates.log	1
58b8ea658a9361d0a4b10776e786eb64460eef3cab6aa5c35db53a4d7bbf1c15	153	objects/58/58b8ea658a9361d0a4b10776e786eb64460eef3cab6aa5c35db53a4d7bbf1c15/check_1620.log	1
58e91ff5c870d0c2daf3d0bde3fd0cf4d00f1e79fa519474e81006b69ca2e55c	897	objects/58/58e91ff5c870d0c2daf3d0bde3fd0cf4d00f1e79fa519474e81006b69ca2e55c/compare_certificates.py	2
59170037044c19347f64c5ba4c827e56d4d6feae8923ae9f64f1beb016b816df	477500	objects/59/59170037044c19347f64c5ba4c827e56d4d6feae8923ae9f64f1beb016b816df/rank_p32749.txt	2
592730a45f4206af69bf4049bb3e8f1c9ee02333ea26b2919f448735f07a1c20	99	objects/59/592730a45f4206af69bf4049bb3e8f1c9ee02333ea26b2919f448735f07a1c20/nonnecessary_jet.log	1
59359204d23d6c481e6c4970e85cd986dbf175e6684751204fe8b90839c1828d	90	objects/59/59359204d23d6c481e6c4970e85cd986dbf175e6684751204fe8b90839c1828d/1805_B22_plane1_k6_p257.log	4
594ad8276920e68152d7aec6d508fffa12152eddac0f0c1ce5d62f10aaac7907	19512	objects/59/594ad8276920e68152d7aec6d508fffa12152eddac0f0c1ce5d62f10aaac7907/module_slice_p257_50_100.json	1
594e75654729cc996e09c3124b99f6ea10bafa1a60ad705a647178950c319b82	310	objects/59/594e75654729cc996e09c3124b99f6ea10bafa1a60ad705a647178950c319b82/jets_q16_32719.json	1
5965e6e5a860b3a91a5977eea7795b697e98ae52dda5b44e9179935819ade1e8	256	objects/59/5965e6e5a860b3a91a5977eea7795b697e98ae52dda5b44e9179935819ade1e8/module_1736_S5_p263.json	1
59736dfa407ef0485e0eab973fc6fff2e194cd29ee0a699f6216725964e6240b	6096	objects/59/59736dfa407ef0485e0eab973fc6fff2e194cd29ee0a699f6216725964e6240b/q17r5.gates	1
59829265b0ff90d21351aa7355cef760fd1620dd0ce52516e2cfda749a2f3bd8	151	objects/59/59829265b0ff90d21351aa7355cef760fd1620dd0ce52516e2cfda749a2f3bd8/case_1808_B22_plane3_k4.txt	1
59896359b873ba272ab1cdd92adfe3384ab47ddaa1fb8a5088cad9c9bcbfe81d	151	objects/59/59896359b873ba272ab1cdd92adfe3384ab47ddaa1fb8a5088cad9c9bcbfe81d/case_1888_B22_plane2_k6.txt	1
598b0ad1f0f82a01ac6b208044ad9ecdbd31b372297031489455a21f34ee9cc2	138081	objects/59/598b0ad1f0f82a01ac6b208044ad9ecdbd31b372297031489455a21f34ee9cc2/1395_p263.txt	2
59e4532aa135d1e39b0320c4c13dd6bad1966f160230643c7b39253b30b21d90	2215	objects/59/59e4532aa135d1e39b0320c4c13dd6bad1966f160230643c7b39253b30b21d90/HANDOFF.md	3
5a0a72bf66788715572e61d846e39d592bf2317a6c5f912ded5bd0c055f0f18b	163157	objects/5a/5a0a72bf66788715572e61d846e39d592bf2317a6c5f912ded5bd0c055f0f18b/1529_p263.txt	2
5a23048347dc25b6560da8721364631716ced3adca05311ca50877ad9e648f35	238	objects/5a/5a23048347dc25b6560da8721364631716ced3adca05311ca50877ad9e648f35/gates_reanchor_q16.json	1
5a2873b99a4b5967d298980bdb5a968b63564c63dec7c6f82626439c76c07d91	170626	objects/5a/5a2873b99a4b5967d298980bdb5a968b63564c63dec7c6f82626439c76c07d91/q17r5.cross.ranks	1
5a2ec41c0c476fc7662286937c56edd76a227b916c696d214678e4a8a875e34c	232380	objects/5a/5a2ec41c0c476fc7662286937c56edd76a227b916c696d214678e4a8a875e34c/1811_B22_plane2_k4.txt	1
5a36ef196da436e7b13c0090879a4507e37e6795aa023d7dd3cdea35cf6e30c9	277	objects/5a/5a36ef196da436e7b13c0090879a4507e37e6795aa023d7dd3cdea35cf6e30c9/module_1847_B22_plane3_k4_p263.json	1
5a6d67a9c16ca663e7850855b2200aab9ea12f277fd1296dee0849506ad1cbe0	144301	objects/5a/5a6d67a9c16ca663e7850855b2200aab9ea12f277fd1296dee0849506ad1cbe0/1402_p263.txt	2
5a6fea3119c179d6bddf9c054910615a3a4ff59c034ebda1f97c6cb3b26741e6	232331	objects/5a/5a6fea3119c179d6bddf9c054910615a3a4ff59c034ebda1f97c6cb3b26741e6/1801_B22_plane0_k4.txt	1
5ab4edb75dc004daec935776facf60605a0502c6d8cfcb4e2cdff21cb9db2b36	278	objects/5a/5ab4edb75dc004daec935776facf60605a0502c6d8cfcb4e2cdff21cb9db2b36/module_1894_B22_plane4_k6_p257.json	1
5abb7a58cb91ac4ea904e5ae3245e11d88ad8567dad594f0b462ccdfffcd9cec	233	objects/5a/5abb7a58cb91ac4ea904e5ae3245e11d88ad8567dad594f0b462ccdfffcd9cec/ENVIRONMENT.json	2
5ad9bf385a06440d07fe1adb1dbfaed5cb9f0da6578709c67c3b2420c546c78d	182015	objects/5a/5ad9bf385a06440d07fe1adb1dbfaed5cb9f0da6578709c67c3b2420c546c78d/1636.txt	1
5adb60684e8494c0bcccc439a20da50983cc79bf905dbe71e523fe1453254579	90	objects/5a/5adb60684e8494c0bcccc439a20da50983cc79bf905dbe71e523fe1453254579/1894_B22_plane4_k6_p257.log	4
5af936a31402db5fc2eac5356b0b5fb6aa9dd1b7ec28d70279455d3bd01c2c48	90	objects/5a/5af936a31402db5fc2eac5356b0b5fb6aa9dd1b7ec28d70279455d3bd01c2c48/1811_S4_p257.log	4
5b06ffa0d3bdcb63c638bc40cf123240a7e6ed5512899baaf47b532e5e75f855	80057	objects/5b/5b06ffa0d3bdcb63c638bc40cf123240a7e6ed5512899baaf47b532e5e75f855/h73_boundary_diagnostics.json	2
5b19c2be6a50d088c25fcb7a54194fda29673120bd066b649e494e7bbb5357a2	289	objects/5b/5b19c2be6a50d088c25fcb7a54194fda29673120bd066b649e494e7bbb5357a2/module_1752_257.json	1
5b3197e389a9b5827be28d0063ec6fd6b7fd9e1de30d5ad1be89b7b8bd1e5912	180018	objects/5b/5b3197e389a9b5827be28d0063ec6fd6b7fd9e1de30d5ad1be89b7b8bd1e5912/1627_mod11.txt	1
5b402dc6e3772fd0611da0b47f0849dcb5633ff544df3aa28474adb888f7e59f	265558	objects/5b/5b402dc6e3772fd0611da0b47f0849dcb5633ff544df3aa28474adb888f7e59f/1888_B22_plane0_k6.txt	1
5b7a65ccf1f9ad06c72e8707b9dbbe85a1ec6d1109d65eb89f4a52cdbe23b1bf	2263	objects/5b/5b7a65ccf1f9ad06c72e8707b9dbbe85a1ec6d1109d65eb89f4a52cdbe23b1bf/gates.txt	2
5ba64123d02ac16e1327138c4b734a13448431b1874495635506bbbd90d0444b	695	objects/5b/5ba64123d02ac16e1327138c4b734a13448431b1874495635506bbbd90d0444b/REPLAY.md	2
5bb09293baf7812dc603c6d47c74cd577a9c7bee73f9f91d24c7d4ba334c22f1	90	objects/5b/5bb09293baf7812dc603c6d47c74cd577a9c7bee73f9f91d24c7d4ba334c22f1/1960_B22_plane1_k6_p257.log	4
5be2ce9d9b5fc270ed9d9b4b14d4c0cd948589e62f19af3e2b8c6a71878e4613	144115	objects/5b/5be2ce9d9b5fc270ed9d9b4b14d4c0cd948589e62f19af3e2b8c6a71878e4613/1411_p263.txt	2
5bf20a57eb270952a05a42258e0f61c4e61af92bf1d11084e49c653cc2a7bdc1	289	objects/5b/5bf20a57eb270952a05a42258e0f61c4e61af92bf1d11084e49c653cc2a7bdc1/module_1948_257.json	1
5c1a052cc3fd6a3e24e24ff99f88d28e5ea63b5f131855dcd52eaacea7a694b8	433	objects/5c/5c1a052cc3fd6a3e24e24ff99f88d28e5ea63b5f131855dcd52eaacea7a694b8/author_receipt.json	2
5c28246f6d825f02d6e2ab98e28c2f7331004d30090e80516cf2f9027933602f	9139	objects/5c/5c28246f6d825f02d6e2ab98e28c2f7331004d30090e80516cf2f9027933602f/q6_57.32719.minors	1
5c2d680440eb76fe9b5bf98a580f6b6b2075061444ddddd46fc6025a1a8f4846	283	objects/5c/5c2d680440eb76fe9b5bf98a580f6b6b2075061444ddddd46fc6025a1a8f4846/minors_q7_47_32719.json	1
5c33d8f4114570bd2d0b3abe502303468144b9c3fa1754be02ec5930ba97713c	6480	objects/5c/5c33d8f4114570bd2d0b3abe502303468144b9c3fa1754be02ec5930ba97713c/chunk_004.in	2
5c400a316d10db3280b18eadd394f325ca4eff3820cdfdd7f8cb5d10b4998c84	289	objects/5c/5c400a316d10db3280b18eadd394f325ca4eff3820cdfdd7f8cb5d10b4998c84/module_1954_257.json	1
5c416db5571116699a8a2dec9cb16369bdae731bae9b91345ba6e201c7e974ca	196695	objects/5c/5c416db5571116699a8a2dec9cb16369bdae731bae9b91345ba6e201c7e974ca/1717_S4.txt	1
5c5b1129c08d332dba9e25d465f3476a018a367b4701f88492f92a005deb9def	289	objects/5c/5c5b1129c08d332dba9e25d465f3476a018a367b4701f88492f92a005deb9def/module_1732_263.json	1
5c682f69b900ed1f3d9a5b33ec0b8f6971a8f0291284b4b068083fd4ec6bcd7d	278	objects/5c/5c682f69b900ed1f3d9a5b33ec0b8f6971a8f0291284b4b068083fd4ec6bcd7d/module_1736_B22_plane3_k6_p257.json	1
5cae544f4a323c6377235113e97490cc402253d25742cd14ef2e1c0582cc0c52	159949	objects/5c/5cae544f4a323c6377235113e97490cc402253d25742cd14ef2e1c0582cc0c52/1529_p257.txt	2
5cd86e39a1f7b1ff0823e7120fe1f1c2c34cd977665cdcfccf825a7ab9c14974	256	objects/5c/5cd86e39a1f7b1ff0823e7120fe1f1c2c34cd977665cdcfccf825a7ab9c14974/module_1765_S4_p263.json	1
5d2cd8a3d01cda17738238bbc46efd78257c30e63406e618a88f77bfa47384e8	264810	objects/5d/5d2cd8a3d01cda17738238bbc46efd78257c30e63406e618a88f77bfa47384e8/1894_B22_plane0_k4.txt	1
5d3ad4055619b9e26259c124617204b5cee0fcd9750850a652a4a07c8f328333	2996	objects/5d/5d3ad4055619b9e26259c124617204b5cee0fcd9750850a652a4a07c8f328333/pattern_D_delta4_delta8_gates.cpp	2
5d9781a093bd81a1710990536c5f239bf20ec872301464397ba76badc54aa1ef	4871	objects/5d/5d9781a093bd81a1710990536c5f239bf20ec872301464397ba76badc54aa1ef/q6_57.independent.json	1
5da216b6220f79c11546dded87aa11adb87acddc395082eef24647b1f36cdde0	255	objects/5d/5da216b6220f79c11546dded87aa11adb87acddc395082eef24647b1f36cdde0/module_1847_S5_p263.json	1
5db0841a73d2ce4b59fd6f7377d85a1238ba853dd91e7bea7de2d2bfc6869b28	278	objects/5d/5db0841a73d2ce4b59fd6f7377d85a1238ba853dd91e7bea7de2d2bfc6869b28/module_1717_B22_plane0_k6_p263.json	1
5db87fcfd5d0f31ff89cb2f5309ae4b47ff022fdca5a6fb44a7f4e47dee5e2a6	3027729	objects/5d/5db87fcfd5d0f31ff89cb2f5309ae4b47ff022fdca5a6fb44a7f4e47dee5e2a6/rank_p32749.txt	2
5dbbda4782dceb882330f7140fe51ac3f43514c12b8327e9ee0a58805bdc53cb	44	objects/5d/5dbbda4782dceb882330f7140fe51ac3f43514c12b8327e9ee0a58805bdc53cb/eight_raw_reverse.stderr	2
5e11340382c06d263f92d7d59af2847577fc5ce11c1e82ca27479980f671ab5c	43	objects/5e/5e11340382c06d263f92d7d59af2847577fc5ce11c1e82ca27479980f671ab5c/D_delta4_delta8_q7.32719.stdout	4
5e1eb10e3ca35aef0114ad88c1fb4178102c979085d3cb5a531c9b13aa3b6e3a	71	objects/5e/5e1eb10e3ca35aef0114ad88c1fb4178102c979085d3cb5a531c9b13aa3b6e3a/r3_q15_rank_32719.log	4
5e2f66bea5c04b33265dd8b022790b52e5bb48869c8a4877334267694127910f	224	objects/5e/5e2f66bea5c04b33265dd8b022790b52e5bb48869c8a4877334267694127910f/alt_q6_45.json	1
5e6a92ca0b9efe43034aae332beda46dec49e2cbe3d52467516cf6de01d6a549	151	objects/5e/5e6a92ca0b9efe43034aae332beda46dec49e2cbe3d52467516cf6de01d6a549/case_1847_B22_plane1_k6.txt	1
5e9b1772e2114b2cc23d77bace2da95b73a51c53898438f665fcea02459d6dd4	49	objects/5e/5e9b1772e2114b2cc23d77bace2da95b73a51c53898438f665fcea02459d6dd4/gates_q7_47.log	1
5ed3871da58d73d1c1120a644f0e8072592fc586b54d760a75cccb198cec85df	341770	objects/5e/5ed3871da58d73d1c1120a644f0e8072592fc586b54d760a75cccb198cec85df/rank_summary.json	2
5edd78a1a694324f1afee122a08df5b304932ff153c5cf43dbe004515a1b37ac	159908	objects/5e/5edd78a1a694324f1afee122a08df5b304932ff153c5cf43dbe004515a1b37ac/1512_p263.txt	2
5ee3cc782633db4c5bd5b0d257e3ef8a08abea3f0c94b0387cdb1a3c21f429e4	31	objects/5e/5ee3cc782633db4c5bd5b0d257e3ef8a08abea3f0c94b0387cdb1a3c21f429e4/C_2delta6_q6.32719.stderr	4
5ef4cc8a9c5bc687f94952760204cabb2652193f64b242e92a13d18cbd1695af	289	objects/5e/5ef4cc8a9c5bc687f94952760204cabb2652193f64b242e92a13d18cbd1695af/module_2034_257.json	1
5f17c15a922ff4434579b4229d15a55c4cd9383dd14ac6bbcd83fa2fd3f9a7ac	258	objects/5f/5f17c15a922ff4434579b4229d15a55c4cd9383dd14ac6bbcd83fa2fd3f9a7ac/ENVIRONMENT.json	1
5f545e65ba4103f8356a025d052a183fb6df6977cc9c34caa96fb5222c9ee9c5	3496	objects/5f/5f545e65ba4103f8356a025d052a183fb6df6977cc9c34caa96fb5222c9ee9c5/gates.txt	2
5f73e85ee926c03000266f5a4a92ab2f3806e90c3cc864a3b5674bc588f2fb30	102163	objects/5f/5f73e85ee926c03000266f5a4a92ab2f3806e90c3cc864a3b5674bc588f2fb30/module_receipts.json	1
5f75dcb26a1cb389b6b7992aa13d8d7b6c698a5cac0c3f034ed053eb2d518c5a	207879	objects/5f/5f75dcb26a1cb389b6b7992aa13d8d7b6c698a5cac0c3f034ed053eb2d518c5a/1732.txt	1
5f86ead04f3f58eeb7eee4095b89de5d5f61358aac8e1e11a8f67dc7b2e4c0f3	254	objects/5f/5f86ead04f3f58eeb7eee4095b89de5d5f61358aac8e1e11a8f67dc7b2e4c0f3/module_1801_S5_p263.json	1
5f90d6a52449b4da2c36438598aa166f88f7b14c7062ea661ab2babf180573c0	141234	objects/5f/5f90d6a52449b4da2c36438598aa166f88f7b14c7062ea661ab2babf180573c0/1453_p257.txt	2
5f9c16492f9ded737fbe15cb451fbcd0103bd466d5f608b45e4465fb91016139	176855	objects/5f/5f9c16492f9ded737fbe15cb451fbcd0103bd466d5f608b45e4465fb91016139/1610_plus_p257.txt	2
5fa9ad41dec3ff405819e72d9100d72327ddd3dd475a1ee18c7b429d3ffc3119	464046	objects/5f/5fa9ad41dec3ff405819e72d9100d72327ddd3dd475a1ee18c7b429d3ffc3119/chunk_001.out	2
60644b8a5c0344780af4154738f67e62a30df4c1da10010a0d0b1e4fab30fbaf	188640	objects/60/60644b8a5c0344780af4154738f67e62a30df4c1da10010a0d0b1e4fab30fbaf/1626_mod11.txt.basis	1
606cc32de4cf269c89baccda9de6b57ee221c5baafab286ae49f30bb93ade733	64	objects/60/606cc32de4cf269c89baccda9de6b57ee221c5baafab286ae49f30bb93ade733/valid_minor_control.log	1
608d3966d2fd2aa573ca21a0ee534e7eb10f235549053c5c24bc32cbbe065e4b	4521	objects/60/608d3966d2fd2aa573ca21a0ee534e7eb10f235549053c5c24bc32cbbe065e4b/ledger_model.py	8
60921362daefe931536c2ad26a0d45abee3c73c161d1c8152fbd59311ce152ac	151	objects/60/60921362daefe931536c2ad26a0d45abee3c73c161d1c8152fbd59311ce152ac/case_1717_B22_plane0_k4.txt	1
60bb52182041bef398ebc713e0f9954697dc71a21d90bd341837ef59b1112517	2901	objects/60/60bb52182041bef398ebc713e0f9954697dc71a21d90bd341837ef59b1112517/REPLAY.md	1
60c80ffdc1f5002655f584bb01124e82c71399fd63d51b9d3880fa514ed5a38c	304798	objects/60/60c80ffdc1f5002655f584bb01124e82c71399fd63d51b9d3880fa514ed5a38c/1969_B22_plane1_k4.txt	1
60ca47c67122a5582713ec9f6b3609864adb362c1e9f444d625c2d91c86ea7c0	134	objects/60/60ca47c67122a5582713ec9f6b3609864adb362c1e9f444d625c2d91c86ea7c0/previous_COVER8_zip.sha256	4
61054abfb3cd0d54f8583923c4fe02bc5047d240ec46c681cb976a1bad2b5d6e	151	objects/61/61054abfb3cd0d54f8583923c4fe02bc5047d240ec46c681cb976a1bad2b5d6e/case_1894_B22_plane0_k4.txt	1
61318b7bff81f3d1939c6fbcece1df59a7c300e45fb7030636252ff5fadb5f2c	5370	objects/61/61318b7bff81f3d1939c6fbcece1df59a7c300e45fb7030636252ff5fadb5f2c/chunk_006.in	2
614446dd0287cc4f96f1cc314f077ae1fc5404061be9583b17976a649c459fc4	201216	objects/61/614446dd0287cc4f96f1cc314f077ae1fc5404061be9583b17976a649c459fc4/1720_B22_plane1_k6.txt	1
6152a977e2fff03ab0f96325ffef251b6c0a53e2be44350714e73e5bca2bb8b7	66	objects/61/6152a977e2fff03ab0f96325ffef251b6c0a53e2be44350714e73e5bca2bb8b7/minors_q5_45_32719.log	2
615b99583f54e446c80f0d5b7ac3d521d820b7288b68a0a68e0885339d96ba8e	1663	objects/61/615b99583f54e446c80f0d5b7ac3d521d820b7288b68a0a68e0885339d96ba8e/FAILURE_BOUNDARIES.md	2
617884b52c533d48d5f18c85f18f62c5d54e72b52eecc64eef6bad4ab6f5736d	30990	objects/61/617884b52c533d48d5f18c85f18f62c5d54e72b52eecc64eef6bad4ab6f5736d/dimension_diagnostic.json	2
617a96c97e423236b679a6649000f782accfae5b9918d055036bc089543041cb	310448	objects/61/617a96c97e423236b679a6649000f782accfae5b9918d055036bc089543041cb/1969_B22_plane0_k6.txt	1
61b49941479ae5f4a82ce7605d062337dbc10cddfa46c8402909cdd90224c411	70	objects/61/61b49941479ae5f4a82ce7605d062337dbc10cddfa46c8402909cdd90224c411/minors_q6_45_32719.log	2
61b87befdb1d6c8fd232ee2a5044749ac2b74284ceecf50d6073b9ec469032bb	163371	objects/61/61b87befdb1d6c8fd232ee2a5044749ac2b74284ceecf50d6073b9ec469032bb/1532_p263.txt	2
61cb2bd814cbea1f31445f78b31de27478e9e892d5ff9123bf293233dd81bdbd	1613159	originals/research_rounds/R02_KSAT37-42-KSAT2-31-COVER8__B699-ProA-KSAT37-42-KSAT2-31-COVER8-20260922-evidence.zip	2
61d5dd2154e703753c7d2f497804dc9b4037c47605abdd61b68c51e62b1e6768	287	objects/61/61d5dd2154e703753c7d2f497804dc9b4037c47605abdd61b68c51e62b1e6768/module_2034_263.json	1
61ee34dfdb146a1cd42118235f43bce02dee4058901c938005c39571f30e7797	102696	objects/61/61ee34dfdb146a1cd42118235f43bce02dee4058901c938005c39571f30e7797/1177_p263.txt	2
622deb647c4f5cc0201043fd257af2f8f47f1e65b0eccbdd6935044129aae866	278	objects/62/622deb647c4f5cc0201043fd257af2f8f47f1e65b0eccbdd6935044129aae866/module_1904_B22_plane1_k4_p263.json	1
6250b0485b4a24d63104f238d691df0d701e999ade13842687b1bda966cfacb5	192	objects/62/6250b0485b4a24d63104f238d691df0d701e999ade13842687b1bda966cfacb5/A_delta6_delta7_q7.gates.stderr	2
625c7284dde691c15d392158e4cd883c3401232982ac62272fc47544f7fe5314	151	objects/62/625c7284dde691c15d392158e4cd883c3401232982ac62272fc47544f7fe5314/case_1803_B22_plane0_k4.txt	1
626b41aec70c0ea4e7ed5ef43b309897177276e14fe0cb689ada8cfaa945ec25	6938	objects/62/626b41aec70c0ea4e7ed5ef43b309897177276e14fe0cb689ada8cfaa945ec25/chunk_000.in	2
626e80731710f93b3ebf466551aaa458d02b9a04eb5cbdb1ec6707634213e649	278	objects/62/626e80731710f93b3ebf466551aaa458d02b9a04eb5cbdb1ec6707634213e649/module_1629_B22_plane0_k6_p257.json	1
627e20cc37c0dd5679f3d93b3b091357a56505b756921908c0830f8becad6213	170792	objects/62/627e20cc37c0dd5679f3d93b3b091357a56505b756921908c0830f8becad6213/state_1615_forward.txt	1
6283cb421805fe283da18e5309d2782e27caa2884431bc1633d3654e56b35d7a	1605	objects/62/6283cb421805fe283da18e5309d2782e27caa2884431bc1633d3654e56b35d7a/hypothetical_two_pair_fees_through_8.txt	1
6298b4785e863a90701b020d68784f5b57a045273d0237d5194c6aa73da07a8b	127376	objects/62/6298b4785e863a90701b020d68784f5b57a045273d0237d5194c6aa73da07a8b/1350_p257.txt	2
6299269c418a372b94d8e2e0b285b2ee6257a44bb64ef02db118cfa2bc96fb2a	70	objects/62/6299269c418a372b94d8e2e0b285b2ee6257a44bb64ef02db118cfa2bc96fb2a/minors_q7_47_32719.log	2
629daf31ac3655b7f36d5e395a8e07ae461182611d1209c5e0579c2a9f694851	121036	objects/62/629daf31ac3655b7f36d5e395a8e07ae461182611d1209c5e0579c2a9f694851/1319_p263.txt	2
62b0bcd7c946db23016655132cc91e12b565c19924a7911977819efd884879f1	228057	objects/62/62b0bcd7c946db23016655132cc91e12b565c19924a7911977819efd884879f1/1803_B22_plane0_k6.txt	1
62b91d49d004d04afebfcb1794b3bd4e813b3782dd683d7803bf763eac4b7a3f	151	objects/62/62b91d49d004d04afebfcb1794b3bd4e813b3782dd683d7803bf763eac4b7a3f/case_1765_S5.txt	1
62c6036009b152fc5234d0a0c00d3c56999428286f4a72cdcd67dbe3cca4857c	256	objects/62/62c6036009b152fc5234d0a0c00d3c56999428286f4a72cdcd67dbe3cca4857c/module_1805_S5_p257.json	1
62ccd1d42e0ac28c13ea565ab1b32a429d020829abdc49ff54805dfaf487a4b0	936319	objects/62/62ccd1d42e0ac28c13ea565ab1b32a429d020829abdc49ff54805dfaf487a4b0/chunk_004.out	2
62dc9a953c2b197a96f93cf69de62c6f011b876c6280d1d53cde7c017500ab74	3780	objects/62/62dc9a953c2b197a96f93cf69de62c6f011b876c6280d1d53cde7c017500ab74/PROOFS.md	2
6312bfaf7629b854c2006068d226831bf38b549742d229704fc0aac4c8e7a1b4	179120	objects/63/6312bfaf7629b854c2006068d226831bf38b549742d229704fc0aac4c8e7a1b4/1629_B22_plane0_k4.txt	1
633a5139f204379891ba5765302b4020198c01e3b08f2ad060fd737f4929481a	299	objects/63/633a5139f204379891ba5765302b4020198c01e3b08f2ad060fd737f4929481a/compile_jets32749.json	1
633af9b85f983654fe19e2cd0c9ed5d24cea9fb9c7544028272ec1706eff667d	265984	objects/63/633af9b85f983654fe19e2cd0c9ed5d24cea9fb9c7544028272ec1706eff667d/1888_B22_plane3_k4.txt	1
6341ef7898b9e4f66f76e32e8b55b1bc5bc7b1fccedb09fb4f0d4bd2d3da85a1	211428	objects/63/6341ef7898b9e4f66f76e32e8b55b1bc5bc7b1fccedb09fb4f0d4bd2d3da85a1/1754.txt	1
634b3df24325dfe6cc003e74f91b7ae50163694a563a76ebc3fbe61abadf2b29	227348	objects/63/634b3df24325dfe6cc003e74f91b7ae50163694a563a76ebc3fbe61abadf2b29/1803_S5.txt	1
634ccc7f7e59d6d47a4a2c3809504da94e325581e9edf4d128b6428c157ffeba	327	objects/63/634ccc7f7e59d6d47a4a2c3809504da94e325581e9edf4d128b6428c157ffeba/fees_0.json	1
6386ffd67d662684fd7e5e95114af67cdfeedefd551781a9a7b555ccdd5d9190	159944	objects/63/6386ffd67d662684fd7e5e95114af67cdfeedefd551781a9a7b555ccdd5d9190/1522_p257.txt	2
639ccf865e0122dafc10618d42331c95e7468eff819d3ded610d191143fafcea	16060	objects/63/639ccf865e0122dafc10618d42331c95e7468eff819d3ded610d191143fafcea/module_slice_p257_100_141.json	1
63ac632ac8053a58a21f145ac790e6f6c3b5466b74591a3fc0de459d2a3cd252	270357	objects/63/63ac632ac8053a58a21f145ac790e6f6c3b5466b74591a3fc0de459d2a3cd252/1894_B22_plane2_k4.txt	1
63e0ef1e15b471bdcdd7f3c4820b0329b97a388817b1128049a7ebbbb610257b	88466	objects/63/63e0ef1e15b471bdcdd7f3c4820b0329b97a388817b1128049a7ebbbb610257b/1108_p257.txt	2
63f7ce1f91f36c9350816480edfa71f58a17bcc5fc8d892acc816c4cbe8660e8	278	objects/63/63f7ce1f91f36c9350816480edfa71f58a17bcc5fc8d892acc816c4cbe8660e8/module_1805_B22_plane5_k6_p257.json	1
63f8fd199c8b0bf5fb886e66116d0538456eb4af0de82a93795adaf116c654d6	141263	objects/63/63f8fd199c8b0bf5fb886e66116d0538456eb4af0de82a93795adaf116c654d6/1432_p257.txt	2
642fab7c15d16efbfd2987da4f60bdd7e66d95d2306b39f5e33fbf4a9ce7193d	90	objects/64/642fab7c15d16efbfd2987da4f60bdd7e66d95d2306b39f5e33fbf4a9ce7193d/1805_B22_plane5_k6_p257.log	8
64dc7e9709909a640cce931d71874f30f1d0e96ec4375873194dee5e8ed5e440	200333	objects/64/64dc7e9709909a640cce931d71874f30f1d0e96ec4375873194dee5e8ed5e440/1706_S5.txt	1
64e5545d29adc512f8fbef7b21bd7b81db3f95a45d6e33f4b1f875416e3feac0	1302	objects/64/64e5545d29adc512f8fbef7b21bd7b81db3f95a45d6e33f4b1f875416e3feac0/PACKAGE_CONTENTS.md	2
64ee676e1a6b610fe1e4a285f1583f01da5ea0240d0274192014928e28d703c6	151	objects/64/64ee676e1a6b610fe1e4a285f1583f01da5ea0240d0274192014928e28d703c6/case_1717_B22_plane0_k6.txt	1
653e3e5dcb0dbc3694962f3118dcc4ee8dab1ebabedcde0c6fa1b6f1ea6d1aba	151	objects/65/653e3e5dcb0dbc3694962f3118dcc4ee8dab1ebabedcde0c6fa1b6f1ea6d1aba/case_1894_S4.txt	1
6541db5ed56f504245bfda6b0a980e1e8da666949f6861a046d24bf3a8de1ee0	105982	objects/65/6541db5ed56f504245bfda6b0a980e1e8da666949f6861a046d24bf3a8de1ee0/state_1620_forward.txt.basis	1
656a3498e7288746dae064edbcb828cd55364b85654b744f323b794cf961997b	289	objects/65/656a3498e7288746dae064edbcb828cd55364b85654b744f323b794cf961997b/module_1876_257.json	1
657d1f6edfe9bbb5dbe0390454eed0dcae9590f39bbd2dde13051361d2e7937d	2448	objects/65/657d1f6edfe9bbb5dbe0390454eed0dcae9590f39bbd2dde13051361d2e7937d/HANDOFF.md	3
657dca94b1aa6593a26efe7e45e3827bdd935589ce58a5a2cc73a2e3233b29f1	29	objects/65/657dca94b1aa6593a26efe7e45e3827bdd935589ce58a5a2cc73a2e3233b29f1/F_delta5_delta8_q6.gates.stdout	2
65982b871cc5cbc1739cfc18314b13afdd854d528e794577fbdcb140df4ad741	277	objects/65/65982b871cc5cbc1739cfc18314b13afdd854d528e794577fbdcb140df4ad741/module_1801_B22_plane0_k4_p257.json	1
660dd9b5aed83427c436f383dc24ac57bfc9698cce3e3b1c7ec6de6925615ddd	115555	objects/66/660dd9b5aed83427c436f383dc24ac57bfc9698cce3e3b1c7ec6de6925615ddd/1297_p263.txt	2
660e9343294aca3486791411cf4137a1146cfbf872bc64519d9ccd3b717e872d	1002540	objects/66/660e9343294aca3486791411cf4137a1146cfbf872bc64519d9ccd3b717e872d/chunk_007.out	2
661047148ee5a01ef005bece5ecc68b1f8bd826932694a23b808378c6b324203	173398	objects/66/661047148ee5a01ef005bece5ecc68b1f8bd826932694a23b808378c6b324203/1598_p257.txt	2
6696cebae0f247af0992ff716a081a08b6eed8339afa3ddd55e58e9b6d2d4c18	1200	objects/66/6696cebae0f247af0992ff716a081a08b6eed8339afa3ddd55e58e9b6d2d4c18/FAILURE_BOUNDARIES.md	2
66bad7556a55450c47b43a8e09333f1f54ad1577ad970bbf239bdc7827e49812	6472	objects/66/66bad7556a55450c47b43a8e09333f1f54ad1577ad970bbf239bdc7827e49812/chunk_002.in	2
66c24f11159bab0ede85c172351bd7616a1fcb541c2b3bf7757f85a41b202e46	69686	objects/66/66c24f11159bab0ede85c172351bd7616a1fcb541c2b3bf7757f85a41b202e46/dense_reference.json	2
66cefeb8dec1b1854140d421e329e8d48ff66b68b365893e3ca97ba02ecf88c5	325	objects/66/66cefeb8dec1b1854140d421e329e8d48ff66b68b365893e3ca97ba02ecf88c5/BATCH_RECORD.json	1
67163fac61c5c671eaa54dad3141602e90b4cd3796be1e7833d26e9efeea6712	289	objects/67/67163fac61c5c671eaa54dad3141602e90b4cd3796be1e7833d26e9efeea6712/module_1843_257.json	1
67256225fdeb87e0e8a0274de6c7f98b8b11d345c6cd6417f928bf3b5db906c0	256	objects/67/67256225fdeb87e0e8a0274de6c7f98b8b11d345c6cd6417f928bf3b5db906c0/module_1801_S4_p263.json	1
6725a8b0a4de8df6dab619ca3e36514435e51e0120fc7f3c4ceca455fbf5efd4	1007	objects/67/6725a8b0a4de8df6dab619ca3e36514435e51e0120fc7f3c4ceca455fbf5efd4/REPLAY.md	2
6759567af3b211618d37553f3e765df5282d5a193a00e05fbe7ed7ec786ed7a9	22000	objects/67/6759567af3b211618d37553f3e765df5282d5a193a00e05fbe7ed7ec786ed7a9/rank_p32719.txt	2
676b16c18dd6643856e0ee5b56a288d86b3cd65d841d9ced1c94451203d14fcf	90	objects/67/676b16c18dd6643856e0ee5b56a288d86b3cd65d841d9ced1c94451203d14fcf/1715_B22_plane0_k6_p257.log	4
67775b31432be3a96ef10b8a395fff63693e2a9bd2e50146fe390c6a6ebd24e6	844936	objects/67/67775b31432be3a96ef10b8a395fff63693e2a9bd2e50146fe390c6a6ebd24e6/chunk_002.out	2
67cdfa7098029c3b653c5ecdda28bffeef3c74e56a5204f0e004e19b93868808	151	objects/67/67cdfa7098029c3b653c5ecdda28bffeef3c74e56a5204f0e004e19b93868808/case_1715_B22_plane0_k4.txt	1
6828af86e2a9fabce85f1b1e5aea954c9b2d2ae08c2f741784089b1c3f70d0be	1186	objects/68/6828af86e2a9fabce85f1b1e5aea954c9b2d2ae08c2f741784089b1c3f70d0be/PACKAGE_CONTENTS.md	2
6848301bad9f839cbd99d046b73bbbb94489618d88994747199cb533fd0fd8b4	292	objects/68/6848301bad9f839cbd99d046b73bbbb94489618d88994747199cb533fd0fd8b4/SOURCE_CODE_HASHES.json	1
68534acc81000c914841fcb1aded6c37f0ef96547a6ada3647f1a9fab36871f8	5504	objects/68/68534acc81000c914841fcb1aded6c37f0ef96547a6ada3647f1a9fab36871f8/chunk_003.in	2
68582f3372837a304e48403d3725710cb0b05e771da9351460f382e9c4a3e073	41	objects/68/68582f3372837a304e48403d3725710cb0b05e771da9351460f382e9c4a3e073/A_delta6_delta7_q5.p32719.stdout	4
6869c9ef5be274c9a886d8368eeff914c15101726f7f40645af9c8d696ea8147	253653	objects/68/6869c9ef5be274c9a886d8368eeff914c15101726f7f40645af9c8d696ea8147/f58_q7_p32719.txt	2
687f2980af9d4d2198e11939623880502c4a6dfab652fd6b344d28873638a20f	141289	objects/68/687f2980af9d4d2198e11939623880502c4a6dfab652fd6b344d28873638a20f/1424_p257.txt	2
68b85fb9fe1ad22a873bece401bd88d1425703c6eba05e6d637d2bb5c1c63ec2	5928	objects/68/68b85fb9fe1ad22a873bece401bd88d1425703c6eba05e6d637d2bb5c1c63ec2/chunk_002.in	2
68dc5cb04c635012bd42c8910cd682b17481e951dd94d1ec6c09e10e2fe1e287	256	objects/68/68dc5cb04c635012bd42c8910cd682b17481e951dd94d1ec6c09e10e2fe1e287/module_1626_S5_p263.json	1
691d4717729ce453fdb3234bee960110810901b5268386db290eb468ac13e31d	991	objects/69/691d4717729ce453fdb3234bee960110810901b5268386db290eb468ac13e31d/negative_tests.json	1
692ba6959a4f16a0aedca416fddbb7b71815a0ebc81f4f7d9f7e8268b5d7e6ff	151	objects/69/692ba6959a4f16a0aedca416fddbb7b71815a0ebc81f4f7d9f7e8268b5d7e6ff/case_1904_S5.txt	1
69303fc564967efb25d19b90f5e8ea62b8028584d286f2c87ec4f14ff1a05a8f	178529	objects/69/69303fc564967efb25d19b90f5e8ea62b8028584d286f2c87ec4f14ff1a05a8f/1627_S5.txt	1
6931c24ff4e328ee06feee2e8704db8ea356a3918e303c8f8669874c44682cf1	1150	objects/69/6931c24ff4e328ee06feee2e8704db8ea356a3918e303c8f8669874c44682cf1/ORIGINAL_ZIPS.sha256	1
693949a418e2b76d7dabb2bb33a67e74308aba2d0d71986b134356b6d153c03a	66	objects/69/693949a418e2b76d7dabb2bb33a67e74308aba2d0d71986b134356b6d153c03a/minors_q6_57_32719.log	2
693ea2567e5d27754e2c2dc0643f00fbba53bed47f52dd3fe7d2694893b56446	151	objects/69/693ea2567e5d27754e2c2dc0643f00fbba53bed47f52dd3fe7d2694893b56446/case_1969_B22_plane1_k6.txt	1
6956794b87fd2908cab3784724eadba3fb47a3b79d56b9fc3f219517e56cb923	1958	objects/69/6956794b87fd2908cab3784724eadba3fb47a3b79d56b9fc3f219517e56cb923/ledger_raw_reverse.log	2
696b33b076086125b46d25400600f501dd55e5d600f65553055b412d70c53395	71	objects/69/696b33b076086125b46d25400600f501dd55e5d600f65553055b412d70c53395/r3_q13_rank_32719.log	4
69834fd45d15930f1f551e4b5861648db32b72e9289b8e03a41f5ea54763f17a	151	objects/69/69834fd45d15930f1f551e4b5861648db32b72e9289b8e03a41f5ea54763f17a/case_1805_B22_plane3_k6.txt	1
69ba1f1d8810a0b571568f1cb9f3c742d21c263c5e21b14bd76e4e106083c8a6	26	objects/69/69ba1f1d8810a0b571568f1cb9f3c742d21c263c5e21b14bd76e4e106083c8a6/fees_mode0.log	1
69baa1a3827c93fae7d58ff143dc45a0b141fe348b540861f750118ab63c9036	151	objects/69/69baa1a3827c93fae7d58ff143dc45a0b141fe348b540861f750118ab63c9036/case_1791_S5.txt	1
69f2a1c9df567c5984bb407fa55d136732e87a6a26513918afbed170d644688c	178	objects/69/69f2a1c9df567c5984bb407fa55d136732e87a6a26513918afbed170d644688c/F_delta5_delta8_q6.gates.stderr	2
6a17534f4b9e227d805713ae1d8552145ee9c2cd39383de724f24253c6c1bbe8	156744	objects/6a/6a17534f4b9e227d805713ae1d8552145ee9c2cd39383de724f24253c6c1bbe8/1512_p257.txt	2
6a4c7e99384d68e5bd5704b36fa691539f3daa8e8d41bcedd47b82de9e1b6b32	90	objects/6a/6a4c7e99384d68e5bd5704b36fa691539f3daa8e8d41bcedd47b82de9e1b6b32/module_1917_257.log	2
6a4d9513fd341463b89b6f9a5094bbf00084251d548838540007b722d55b8e7d	90	objects/6a/6a4d9513fd341463b89b6f9a5094bbf00084251d548838540007b722d55b8e7d/1801_B22_plane0_k4_p257.log	8
6a513375c7a004f63a629729e946a49292b1c0cd759518ac714d6cc21cea10e1	278	objects/6a/6a513375c7a004f63a629729e946a49292b1c0cd759518ac714d6cc21cea10e1/module_1630_B22_plane0_k4_p257.json	1
6a83e217defcaf9d5c8d7e99e77fe4a778a362ce6a61078e595bb1dcf281342e	352	objects/6a/6a83e217defcaf9d5c8d7e99e77fe4a778a362ce6a61078e595bb1dcf281342e/state_1619_p11.txt	1
6a918f3422dbae7aa92bbab382ffcab0758b8e66d7fd5edeadfae4e13e20af6c	4781	objects/6a/6a918f3422dbae7aa92bbab382ffcab0758b8e66d7fd5edeadfae4e13e20af6c/q6_57.alt	2
6abf2b5221d0ae63820447648a365ddaef8030b5e64fc9844c68fe606f6583d8	90	objects/6a/6abf2b5221d0ae63820447648a365ddaef8030b5e64fc9844c68fe606f6583d8/1765_B22_plane5_k4_p257.log	4
6acec4acf079f64e946939e84417b1ae1da9c5a5990ef25e22d68432db1c9676	151	objects/6a/6acec4acf079f64e946939e84417b1ae1da9c5a5990ef25e22d68432db1c9676/case_1765_B22_plane4_k4.txt	1
6af0cc436b56cbffe5adab63b87af009c4791bdf1c2d87fd9408087965e678e9	277	objects/6a/6af0cc436b56cbffe5adab63b87af009c4791bdf1c2d87fd9408087965e678e9/module_1805_B22_plane5_k4_p263.json	1
6b0ffa041bee323f74cb9fbe3de983d7c954685bbcc824a9307da2b55ce7dac5	88482	objects/6b/6b0ffa041bee323f74cb9fbe3de983d7c954685bbcc824a9307da2b55ce7dac5/1100_p257.txt	2
6b5e6e89bddf04fc92d40e71e628508b6308db8dcde0768a6e9c5d87f031d3d1	130026	objects/6b/6b5e6e89bddf04fc92d40e71e628508b6308db8dcde0768a6e9c5d87f031d3d1/1368_p257.txt	2
6b63812549eaf600878ba28e8d5c0677f6d6ce5c126f5082d074badf0e63c8d5	1077	objects/6b/6b63812549eaf600878ba28e8d5c0677f6d6ce5c126f5082d074badf0e63c8d5/PACKAGE_CONTENTS.md	2
6b7a6cf4c935f1867ece193ccaf8dffb34d14b00fb68d7d2d49a22a12d8fcd69	31	objects/6b/6b7a6cf4c935f1867ece193ccaf8dffb34d14b00fb68d7d2d49a22a12d8fcd69/C_2delta6_q7.gates.stdout	2
6b85759ccbb8e687a9fdfdca349a4480a1d516f9ee2bfbfbfe9cb9ba737e3299	837143	objects/6b/6b85759ccbb8e687a9fdfdca349a4480a1d516f9ee2bfbfbfe9cb9ba737e3299/gates.txt	2
6b9d56e18d66daecf21fa2eb3a1206fa4635e7ae63939bc310023b2e7e9be579	47	objects/6b/6b9d56e18d66daecf21fa2eb3a1206fa4635e7ae63939bc310023b2e7e9be579/gates_q6_47.log	1
6bd7ab989bb992691b29549ffe69465b8c1b24acc633bb4770bca858eafb6f64	151	objects/6b/6bd7ab989bb992691b29549ffe69465b8c1b24acc633bb4770bca858eafb6f64/case_1894_B22_plane2_k6.txt	1
6bde2ef646286bb34e73f84b00b41110441fd9c0bc7af7809c25e6a5477e6ef8	200970	objects/6b/6bde2ef646286bb34e73f84b00b41110441fd9c0bc7af7809c25e6a5477e6ef8/1717_B22_plane0_k4.txt	1
6bdf10ee885aaed47853d06b968fa969717109685047e842aa4214502b494d05	17359	objects/6b/6bdf10ee885aaed47853d06b968fa969717109685047e842aa4214502b494d05/boundary1615.json	2
6be34b7f24b044b8cb701dd56fb63ee03c02a0448a0482a64b24f5df642558bf	177178	objects/6b/6be34b7f24b044b8cb701dd56fb63ee03c02a0448a0482a64b24f5df642558bf/1594_p263.txt	2
6bf1dead2a9f67007e5722971d597413ca01cac6f13dca10c7f16deb7972fa8c	284	objects/6b/6bf1dead2a9f67007e5722971d597413ca01cac6f13dca10c7f16deb7972fa8c/minors_q5_57_32749.json	1
6bf457b8fe7f12be5c613947726a5e17953c456d07a162f7f25f5a92e9a9e20c	5075	objects/6b/6bf457b8fe7f12be5c613947726a5e17953c456d07a162f7f25f5a92e9a9e20c/changed_extra_root.gates	1
6c1667859e8b1e7b2c3908a4f8c0159d66bf195c8c92db8f81337b9e01ca1e84	174957	objects/6c/6c1667859e8b1e7b2c3908a4f8c0159d66bf195c8c92db8f81337b9e01ca1e84/1626_S4.txt	1
6c378b2aab5347fcc0b7216dae21908b222ae8691c44533ac9d05f3af95bfdf3	151	objects/6c/6c378b2aab5347fcc0b7216dae21908b222ae8691c44533ac9d05f3af95bfdf3/case_1736_B22_plane3_k4.txt	1
6c7a6257087fd2860a5064125e5ddc6d908e628ba52842dfa8c4282d7b5619d6	283	objects/6c/6c7a6257087fd2860a5064125e5ddc6d908e628ba52842dfa8c4282d7b5619d6/minors_q5_57_32719.json	1
6c7e4c3a9020902bce1e4e27641537deb9bfe9a871ff9516ba621e99888d7920	289	objects/6c/6c7e4c3a9020902bce1e4e27641537deb9bfe9a871ff9516ba621e99888d7920/module_1852_263.json	1
6c8767e05b7c807aeadad4fce7d8a145f08ffe00e3852fa38320f4461878192d	3213	objects/6c/6c8767e05b7c807aeadad4fce7d8a145f08ffe00e3852fa38320f4461878192d/clean_replay_compare.json	2
6cac2a24177fc8d95547bc1e38c072df92a29e6d278f981c211947e643585968	110558	objects/6c/6cac2a24177fc8d95547bc1e38c072df92a29e6d278f981c211947e643585968/1208_p263.txt	2
6ce28da3d4b696bd44616c248f9f397135b6461a2e079e4af28dde36db7d82ae	322	objects/6c/6ce28da3d4b696bd44616c248f9f397135b6461a2e079e4af28dde36db7d82ae/compile_jets32719.json	1
6ce90d4f3c107f6140924bde6d4279b0f6a0aec3abf3938cb903d8c9e160f03b	90	objects/6c/6ce90d4f3c107f6140924bde6d4279b0f6a0aec3abf3938cb903d8c9e160f03b/1847_B22_plane4_k4_p257.log	4
6d03043dd76f026d6ec0ee5e6bf6bd9cd4e1b57c02d4d41801f500a85788227d	43	objects/6d/6d03043dd76f026d6ec0ee5e6bf6bd9cd4e1b57c02d4d41801f500a85788227d/A_delta6_delta7_q6.p32719.stdout	4
6d41f62c30b73a7b223ae863e80736f637e0888840b1fbb703a8ca5b871bc61c	288	objects/6d/6d41f62c30b73a7b223ae863e80736f637e0888840b1fbb703a8ca5b871bc61c/module_1682_263.json	1
6d4c3b64d8e88f709c1321d64d14bbe4cbfb69f6fb52023593ab39b407288ae4	270235	objects/6d/6d4c3b64d8e88f709c1321d64d14bbe4cbfb69f6fb52023593ab39b407288ae4/1894_B22_plane4_k6.txt	1
6d8a54e6db065ee9c1eb6849b992008293fda2e897e544b5ff52d7e2ed316cff	26	objects/6d/6d8a54e6db065ee9c1eb6849b992008293fda2e897e544b5ff52d7e2ed316cff/fees_all_0.log	1
6da10f95110dcc043c35fe70a8fd3b30cb77c9f506a370d2f6b1c1c8304e7aeb	159947	objects/6d/6da10f95110dcc043c35fe70a8fd3b30cb77c9f506a370d2f6b1c1c8304e7aeb/1530_p257.txt	2
6da4e181e7a1fd5c40cdf1f1644cd78fe74f5198eb52f86f0e1ef936610cfeb7	16869	objects/6d/6da4e181e7a1fd5c40cdf1f1644cd78fe74f5198eb52f86f0e1ef936610cfeb7/stagewise_payoff.json	2
6dcaa67e4d991cb648305a79d9ec0d5287abca3041a90da7a5646abe7c12ba57	3010	objects/6d/6dcaa67e4d991cb648305a79d9ec0d5287abca3041a90da7a5646abe7c12ba57/rank_p32749.txt	2
6ddc84352e6df2469014c23d807f579e6ad0929c80b4d88b4e58df2318fdf188	29	objects/6d/6ddc84352e6df2469014c23d807f579e6ad0929c80b4d88b4e58df2318fdf188/D_delta4_delta8_q7.32719.stderr	4
6ddd83497ddbeb89863a6cfec23ab41386008d6389270eb8d5189c46b9ae7e22	143952	objects/6d/6ddd83497ddbeb89863a6cfec23ab41386008d6389270eb8d5189c46b9ae7e22/1469_p263.txt	2
6e469e4ff164919d8d281e3ef22c7a86c56d1dcca7f3277ae2162342de88eb50	232799	objects/6e/6e469e4ff164919d8d281e3ef22c7a86c56d1dcca7f3277ae2162342de88eb50/1808_B22_plane5_k6.txt	1
6e859c80c487269a582f4ae4ebd26f28defde85930f65946fe4074b27b73fc15	90	objects/6e/6e859c80c487269a582f4ae4ebd26f28defde85930f65946fe4074b27b73fc15/1811_B22_plane1_k6_p257.log	4
6ea2ae1011254070a03eb77972d91b1ec315ba875ab1f0c0abe8ac275dad2490	224	objects/6e/6ea2ae1011254070a03eb77972d91b1ec315ba875ab1f0c0abe8ac275dad2490/alt_q6_47.json	1
6ecae6dc54b5e40b1e73067bc869ae5f6b12e7cb4d245b0b236d27697230545d	298	objects/6e/6ecae6dc54b5e40b1e73067bc869ae5f6b12e7cb4d245b0b236d27697230545d/full_clean_replay.log	2
6f22b368d3bac003de5e804b817f8ad33739f39baf179de00de90692c8dc988e	5620	objects/6f/6f22b368d3bac003de5e804b817f8ad33739f39baf179de00de90692c8dc988e/eight_frontier_direct.cpp	2
6f587380e7fa2f035c690757a821f180ab25949916a4425f1e3b8b94d0132c6d	170618	objects/6f/6f587380e7fa2f035c690757a821f180ab25949916a4425f1e3b8b94d0132c6d/q17r5.ranks	1
6fbb178b7ddeb4cede66e67bd2011ada94894706bbae3a78e5d70b7d93e35bca	151	objects/6f/6fbb178b7ddeb4cede66e67bd2011ada94894706bbae3a78e5d70b7d93e35bca/case_1765_B22_plane0_k4.txt	1
6fdebeb3cb89e61142fe292211065d2db795b232f521581f58bcfc92350bcec3	65	objects/6f/6fdebeb3cb89e61142fe292211065d2db795b232f521581f58bcfc92350bcec3/q16r5.minors.log	1
703a47a07d64410b316497efdc38404b752dff888469d296773967f3cdfcd571	1949	objects/70/703a47a07d64410b316497efdc38404b752dff888469d296773967f3cdfcd571/HANDOFF.md	5
7060bea6cfee1e690fa83c8bc4585b3281c76fac85763e079685d79e0a703695	277	objects/70/7060bea6cfee1e690fa83c8bc4585b3281c76fac85763e079685d79e0a703695/module_1969_B22_plane0_k6_p263.json	1
707fd7f6e1572583cf0ede4a3736cfc81013613df3481b1fe3cdb7855d814d81	6409	objects/70/707fd7f6e1572583cf0ede4a3736cfc81013613df3481b1fe3cdb7855d814d81/chunk_007.in	2
70acdbd85e80bac045fcbd450fa0f8c765ae0b98b2755c5f28ef08b1f940ff96	249507	objects/70/70acdbd85e80bac045fcbd450fa0f8c765ae0b98b2755c5f28ef08b1f940ff96/1847_B22_plane5_k6.txt	1
70c0ed717218e6d19c6f8afec107feb6754480a03023346a624178bb51e6af5c	393245	objects/70/70c0ed717218e6d19c6f8afec107feb6754480a03023346a624178bb51e6af5c/q18r4.ranks	1
70c22461bada978c95f024ede9903dd2620f61b64b292605cab8ae7efdfcd4e6	175249	objects/70/70c22461bada978c95f024ede9903dd2620f61b64b292605cab8ae7efdfcd4e6/1627_B22_plane0_k4.txt	1
70cf1b2b284a906b78dae6333a489e43d6d2fde5fe1c612188d31352e4bb6ced	6737	objects/70/70cf1b2b284a906b78dae6333a489e43d6d2fde5fe1c612188d31352e4bb6ced/stage_15.tsv	2
70d199b970acb765d6ad5636303fd438e2c2cd3c5d9837e2bf61dcebc652a1e8	224	objects/70/70d199b970acb765d6ad5636303fd438e2c2cd3c5d9837e2bf61dcebc652a1e8/alt_q6_57.json	1
70eb77848f4415327b74bfccd8991c4a8a10f10377476834fb95299be727cc5a	2028	objects/70/70eb77848f4415327b74bfccd8991c4a8a10f10377476834fb95299be727cc5a/dual_candidate.json	1
70f341932b105667069889d4841a1486d93f08d85f574d024db5a155162d83a9	231835	objects/70/70f341932b105667069889d4841a1486d93f08d85f574d024db5a155162d83a9/1803_S4.txt	1
70f89d62675b48618673d607d019e15c2f37e856641abce78726366301b5b9e2	554	objects/70/70f89d62675b48618673d607d019e15c2f37e856641abce78726366301b5b9e2/RESEARCH_LOG.md	2
7117338e7380b267b7c6f9e1d78c8b4b3db7ae6a65011b180f94d5dba0384dd6	80	objects/71/7117338e7380b267b7c6f9e1d78c8b4b3db7ae6a65011b180f94d5dba0384dd6/q16r4.gates_cross.log	1
7131749ff0ce81c2ba74cdbb325a7b42c9b3c3f7867b133266809556e9bcdc30	289	objects/71/7131749ff0ce81c2ba74cdbb325a7b42c9b3c3f7867b133266809556e9bcdc30/module_1800_257.json	1
7137963b9451e2c4ea9b8731924f7e33a25c1a61d4b42638cc6c9761c35c4352	78043	objects/71/7137963b9451e2c4ea9b8731924f7e33a25c1a61d4b42638cc6c9761c35c4352/state_1615_forward.txt.basis	1
715f3e3a064eb795fd12073ecc63aff1195c862c9aa2ada44a51cdc226dc8b93	183	objects/71/715f3e3a064eb795fd12073ecc63aff1195c862c9aa2ada44a51cdc226dc8b93/F_delta5_delta8_q7.gates.stderr	2
71b7c18a4eb819367b7dd89400fb4ab3cf1bca9ce57dae88e74608f70a133896	269842	objects/71/71b7c18a4eb819367b7dd89400fb4ab3cf1bca9ce57dae88e74608f70a133896/1894_B22_plane0_k6.txt	1
71cc339805d0a26e0677584988d475a2db966cbb4b04b044bbc48ade0617b9fd	26	objects/71/71cc339805d0a26e0677584988d475a2db966cbb4b04b044bbc48ade0617b9fd/stage_7.stderr	2
71dfaf03dc40b1466ebaefc0e3c5bf29326f1934456f6ff327b93377f08299b8	40777	objects/71/71dfaf03dc40b1466ebaefc0e3c5bf29326f1934456f6ff327b93377f08299b8/MANIFEST.sha256	1
720a38e24d29098f132342df89c56aced88c7f5685a225f4f6778ed55cd6dac4	1091	objects/72/720a38e24d29098f132342df89c56aced88c7f5685a225f4f6778ed55cd6dac4/preliminary_stats.json	1
7245b2ac3a4061f9b8fe1ea9cbbf94bc581ca5ecbeb236688b11c4ba6006f5e7	3998	objects/72/7245b2ac3a4061f9b8fe1ea9cbbf94bc581ca5ecbeb236688b11c4ba6006f5e7/check_boundary.py	1
72583eb98eff5c2b6e5d351c9fd7e478c113e1965f2cf4236bee040467873372	289	objects/72/72583eb98eff5c2b6e5d351c9fd7e478c113e1965f2cf4236bee040467873372/module_1796_263.json	1
728e75757934d5c57e71f6e5d6d5ecfd91b52e68a34b554e8b16e62ad01a460d	177349	objects/72/728e75757934d5c57e71f6e5d6d5ecfd91b52e68a34b554e8b16e62ad01a460d/1598_p263.txt	2
72969cb32ff7aebc17ff9d539076739dc088239faceccb17534c72384f07ee77	232450	objects/72/72969cb32ff7aebc17ff9d539076739dc088239faceccb17534c72384f07ee77/conditional_ksat2_31_posttrace.json	2
72a0c2898290a2065436c3cf8dd3745e40b522b2c5b121af4e076625aaebfdc1	85836	objects/72/72a0c2898290a2065436c3cf8dd3745e40b522b2c5b121af4e076625aaebfdc1/1056_p263.txt	2
73061d7357abb7ae0666e695a82a4a27864c1950996f201d06c086408da57995	706	objects/73/73061d7357abb7ae0666e695a82a4a27864c1950996f201d06c086408da57995/extension_receipt.json	1
731733a9b4e6564c672b8f56a566b55e1d3ae0dfeac1fadcce3803ecc50a9f86	196286	objects/73/731733a9b4e6564c672b8f56a566b55e1d3ae0dfeac1fadcce3803ecc50a9f86/1717_S5.txt	1
73477adef8b2a8d13943b6f39c56383b1d6368f554af4752fd923c0053c4ca19	26620	objects/73/73477adef8b2a8d13943b6f39c56383b1d6368f554af4752fd923c0053c4ca19/q6_47.32749.minors	1
734d3d551197712dff3f3d944745c3929e14843dab52c4ad65cbb45ada59638b	277	objects/73/734d3d551197712dff3f3d944745c3929e14843dab52c4ad65cbb45ada59638b/module_1888_B22_plane0_k6_p257.json	1
7356e7b50405fab843624cf8855635cc8ab38310fddb4acda09874714575ea40	289	objects/73/7356e7b50405fab843624cf8855635cc8ab38310fddb4acda09874714575ea40/module_2005_257.json	1
735ff5c6c8fa20314a41c61b5df03f9bb70bd319163fa1200146734deba0bf74	132283	objects/73/735ff5c6c8fa20314a41c61b5df03f9bb70bd319163fa1200146734deba0bf74/1372_p263.txt	2
741ca26c49412bc05c78d563f78599aef4738cc57a7debf78510e9b86702029d	58615	objects/74/741ca26c49412bc05c78d563f78599aef4738cc57a7debf78510e9b86702029d/state1626_bound.json	2
7424ede296b0c73bb8f6553067f1d2a7afe3234044a9300d484c831223b0fa44	201159	objects/74/7424ede296b0c73bb8f6553067f1d2a7afe3234044a9300d484c831223b0fa44/1720_B22_plane3_k6.txt	1
743308f1f1cff5420e144a642a0f491aba5616d94bf90bedb75f0e973ee089ed	2179	objects/74/743308f1f1cff5420e144a642a0f491aba5616d94bf90bedb75f0e973ee089ed/receipt.json	2
744994d7361821cd3abe736089f21cfdb6cd8e59d637213ec693656fa8a25aae	4560227	objects/74/744994d7361821cd3abe736089f21cfdb6cd8e59d637213ec693656fa8a25aae/f58_q9_p32749.txt	2
74665af2cbfd71975e488a699683c261ed3320a0265fd1c0df1f202a885064a4	1100	objects/74/74665af2cbfd71975e488a699683c261ed3320a0265fd1c0df1f202a885064a4/REPLAY.md	2
7468bd896bbda862be34dc933e05df48bca720e7131a3c9478ce01d08eb147ea	170160	objects/74/7468bd896bbda862be34dc933e05df48bca720e7131a3c9478ce01d08eb147ea/1548_p263.txt	2
7469441be399aff0d755b3dd5c6e75cba615f59f22c6524f01f3e895bb098ac0	19497	objects/74/7469441be399aff0d755b3dd5c6e75cba615f59f22c6524f01f3e895bb098ac0/r3_q15_gates.txt	2
7476c9cc0aac88c12caaaa50f9df7456067fc565126e677b4d2273754f24e966	288	objects/74/7476c9cc0aac88c12caaaa50f9df7456067fc565126e677b4d2273754f24e966/module_1917_257.json	1
74b37588f2eb2ecffa9c87d13c97e3854c33f74271463a5173b5760bd58a5156	269112	objects/74/74b37588f2eb2ecffa9c87d13c97e3854c33f74271463a5173b5760bd58a5156/1904_B22_plane3_k4.txt	1
74b9c3e3bcae0e638cc52a427e3c0b56ba59d866c997491afeb61fe5125917e7	138179	objects/74/74b9c3e3bcae0e638cc52a427e3c0b56ba59d866c997491afeb61fe5125917e7/1392_p263.txt	2
74bc0aa2c4cb96533017fceb261dbfdf1f7ae50c0048ff6dd28ea887e17f415e	7454	objects/74/74bc0aa2c4cb96533017fceb261dbfdf1f7ae50c0048ff6dd28ea887e17f415e/stage_1.tsv	2
74e64fbb6e66aa86604aa1a24a298152db62f6709a9b289e73610a04361ba214	215298	objects/74/74e64fbb6e66aa86604aa1a24a298152db62f6709a9b289e73610a04361ba214/1770.txt	1
74e7689a0884c5c1eca06a9e53397894b63083a4eadbb9d4568437089639db49	2148	objects/74/74e7689a0884c5c1eca06a9e53397894b63083a4eadbb9d4568437089639db49/HANDOFF.md	6
75156724884b1bc0761060f8548accb831775cd9203e86d18662242d910ac8af	212698	objects/75/75156724884b1bc0761060f8548accb831775cd9203e86d18662242d910ac8af/1765_B22_plane5_k6.txt	1
7530d74a9dab5a6c1a507b3e51a9afa4a73cfcacc697d09089e473db08e0b40c	305909	objects/75/7530d74a9dab5a6c1a507b3e51a9afa4a73cfcacc697d09089e473db08e0b40c/1960_B22_plane1_k6.txt	1
7556432f2ea43bf0dbb88a0008eb9ab465d387e86a4d98dc64225d5fa8a67a51	90	objects/75/7556432f2ea43bf0dbb88a0008eb9ab465d387e86a4d98dc64225d5fa8a67a51/1681_S5_p257.log	4
75661af4407e8114de7a403440e229964f1cc812290fa943b5b93f25b459ac3d	151	objects/75/75661af4407e8114de7a403440e229964f1cc812290fa943b5b93f25b459ac3d/case_1717_S4.txt	1
756658dcc87e5d2a0558b2e3a4bb8b3aaf01c53a65c3bd28bfb5b89439b2151a	461	objects/75/756658dcc87e5d2a0558b2e3a4bb8b3aaf01c53a65c3bd28bfb5b89439b2151a/SOURCE_BYTES.json	1
7588e40315a3419e967dac08b000e866a31ec7eea7d78b51554990b3e5c468fa	179169	objects/75/7588e40315a3419e967dac08b000e866a31ec7eea7d78b51554990b3e5c468fa/1627_B22_plane0_k6.txt	1
75e83680fa6e4eb9fe5c27af0d17dcb21c31bf4ec76313f8a149d31352140a62	466	objects/75/75e83680fa6e4eb9fe5c27af0d17dcb21c31bf4ec76313f8a149d31352140a62/README.md	2
7605c4e189083ed2e2376999d443ccf03aee675d17fb4b58e872e3996f12e12b	141228	objects/76/7605c4e189083ed2e2376999d443ccf03aee675d17fb4b58e872e3996f12e12b/1411_p257.txt	2
760a8af14766d39937455bb541185d59a4afc4d49532c0c0fb93561d507f3353	247996	objects/76/760a8af14766d39937455bb541185d59a4afc4d49532c0c0fb93561d507f3353/1844.txt	1
7628e8a1d6f5447ef8969cb65af26ff9a3963cbcb81c3b8861532aa88f65ab37	4254	objects/76/7628e8a1d6f5447ef8969cb65af26ff9a3963cbcb81c3b8861532aa88f65ab37/frontier173.tsv	4
765c76539a4775c9017bb5d246478ce40f4c0fbffb01e3717f0c68acc975d82a	255	objects/76/765c76539a4775c9017bb5d246478ce40f4c0fbffb01e3717f0c68acc975d82a/module_1894_S4_p263.json	1
76759ed299e2588d5eafecd8404a63553cf4128bf2891f687360dbc0e79dab61	5340	objects/76/76759ed299e2588d5eafecd8404a63553cf4128bf2891f687360dbc0e79dab61/chunk_000.in	2
76def5405bbeeb7aea884cb37034638b0891938de9f4a4dca66221037a95edc0	278	objects/76/76def5405bbeeb7aea884cb37034638b0891938de9f4a4dca66221037a95edc0/module_1736_B22_plane1_k6_p257.json	1
7705b25a4e8332b2ae735ab2afdc6935b9f7ffed4de48a60c759f5b001b479ee	5870	objects/77/7705b25a4e8332b2ae735ab2afdc6935b9f7ffed4de48a60c759f5b001b479ee/chunk_004.in	2
7715c88cffff22b5c354b954548b36d5892ccc803d5edbeb0efdd7d6a74123b4	130034	objects/77/7715c88cffff22b5c354b954548b36d5892ccc803d5edbeb0efdd7d6a74123b4/1358_p257.txt	2
77321a89613eec71999c76375e6d2c4e47e04499652964b2cd85e0534aa176e3	151	objects/77/77321a89613eec71999c76375e6d2c4e47e04499652964b2cd85e0534aa176e3/case_1847_S5.txt	1
776285f7293b97be10e90622ef9c46c10c5e2ad5f2fdfff746ab41d200358b93	238542	objects/77/776285f7293b97be10e90622ef9c46c10c5e2ad5f2fdfff746ab41d200358b93/r3_q14_p32749.txt	2
77646d021dead4b3bff9f47739ce8c4cc4339a1adc446d7f0355ac7fc5441c61	11363	objects/77/77646d021dead4b3bff9f47739ce8c4cc4339a1adc446d7f0355ac7fc5441c61/replay.py	1
7767ede9b52c16a7976efd2f005fb078ed3c6eb0e5fbfcace8c8b3e56b5b3dd6	173366	objects/77/7767ede9b52c16a7976efd2f005fb078ed3c6eb0e5fbfcace8c8b3e56b5b3dd6/1586_p257.txt	2
779e7814d49035a5382347f0fb5b3090cdf0ee857b1e5482d9a25b90ce49e2fe	16536	objects/77/779e7814d49035a5382347f0fb5b3090cdf0ee857b1e5482d9a25b90ce49e2fe/q3_exact.json	2
77a17ae6ac74616ee13688ec5f0cdf5f73c61de0428d8b843e7c5ac40150bc14	153425	objects/77/77a17ae6ac74616ee13688ec5f0cdf5f73c61de0428d8b843e7c5ac40150bc14/1509_p257.txt	2
77ab25cd9bb4c208200ed3b4b2d5545749a6a7d03e768aa1b30564f1dcf9fac4	166644	objects/77/77ab25cd9bb4c208200ed3b4b2d5545749a6a7d03e768aa1b30564f1dcf9fac4/1552_p257.txt	2
77ae75d0ec37bffe2516cfce783cf39b381cedd30fc323942eafcf7e952c873c	283	objects/77/77ae75d0ec37bffe2516cfce783cf39b381cedd30fc323942eafcf7e952c873c/minors_q7_47_32749.json	1
77af707634943a36be4a3a9387d5f06d52ab8ffe7b4ed2d18acb0f4c97bad3e2	2030	objects/77/77af707634943a36be4a3a9387d5f06d52ab8ffe7b4ed2d18acb0f4c97bad3e2/B699-ProA-SOURCE-LINE-DESCENT-H73-20260924-evidence.CLEAN_REPLAY_RECEIPT.json	2
77d8cb284fbf78414936b162f4ab2272d4f1f975c9a8026ec49b534b594a1c1e	327	objects/77/77d8cb284fbf78414936b162f4ab2272d4f1f975c9a8026ec49b534b594a1c1e/fees_1.json	1
77e330b8e44ab2341e179b9fb2858fc24627a617560bce377d34a2e4fec97a9c	420	objects/77/77e330b8e44ab2341e179b9fb2858fc24627a617560bce377d34a2e4fec97a9c/receipt.json	1
782a2b6ac6319cc762412146e630c2559d41cb2df14f968aa89c054e7e6a25aa	15309	objects/78/782a2b6ac6319cc762412146e630c2559d41cb2df14f968aa89c054e7e6a25aa/q6_45.independent.json	1
7842aa6e85a314542869a8226871283e230824e3cbe81ff210c21b93d457d1e3	173383	objects/78/7842aa6e85a314542869a8226871283e230824e3cbe81ff210c21b93d457d1e3/1594_p257.txt	2
785b60f8d53156e813066fb239c3ac82d38e7ddbb9805e91f1bc8367880d2e90	256	objects/78/785b60f8d53156e813066fb239c3ac82d38e7ddbb9805e91f1bc8367880d2e90/module_1626_S5_p257.json	1
7862af32613924e895d70c984979f599bed999a4b0e263391031dbbc1846a343	2441	objects/78/7862af32613924e895d70c984979f599bed999a4b0e263391031dbbc1846a343/profile_candidates.py	1
786a1942c478d17f962d68fdbb791d0e61e82e100b9a9c7964d925bfb2b9f62b	2565	objects/78/786a1942c478d17f962d68fdbb791d0e61e82e100b9a9c7964d925bfb2b9f62b/satgates_zero_range.cpp	2
78b6c20a41c0266d4637b815abd79e7ffaed6a7b319d69596a4c4b8ebc39b7e3	208496	objects/78/78b6c20a41c0266d4637b815abd79e7ffaed6a7b319d69596a4c4b8ebc39b7e3/1736_B22_plane3_k4.txt	1
78d0a15ca6625d210c37bbd4d560e1aa1abfa2bd4543fb8c0eda945d5127ed47	4675	objects/78/78d0a15ca6625d210c37bbd4d560e1aa1abfa2bd4543fb8c0eda945d5127ed47/checks.py	1
78f790b18e29f2c49cf7f264a3a79fabcad14c60cd0dbb01f9ad09e9a70ad279	197198	objects/78/78f790b18e29f2c49cf7f264a3a79fabcad14c60cd0dbb01f9ad09e9a70ad279/1720_B22_plane3_k6.txt	1
78fa2be4f7f4de3fa397c7e49ffefff40be1db863f0ccda8d5abc3d671e23878	3688	objects/78/78fa2be4f7f4de3fa397c7e49ffefff40be1db863f0ccda8d5abc3d671e23878/MANIFEST.sha256	4
792af778b2ff97cb23d632707d65daa503585d59cace8d7654dd4af334bef57d	338528	objects/79/792af778b2ff97cb23d632707d65daa503585d59cace8d7654dd4af334bef57d/2018.txt	1
7942493de965b4f570e07828d55cf0968d340434225f0889b12e410774e70c86	144022	objects/79/7942493de965b4f570e07828d55cf0968d340434225f0889b12e410774e70c86/1433_p263.txt	2
7950fb8b1079923d257529eb367e6473bd55c207c4404a6b41b4865a1caaa01c	8821	objects/79/7950fb8b1079923d257529eb367e6473bd55c207c4404a6b41b4865a1caaa01c/replay.py	2
796a25118f1f7ce5426eda3718bce574a14f21423059f84d63240acd2705ef27	57324	objects/79/796a25118f1f7ce5426eda3718bce574a14f21423059f84d63240acd2705ef27/q7_45.alt	1
798c0bb050af851e4e68b8b3d7ed06fac18d33be25517542a758a52b511e71d8	278	objects/79/798c0bb050af851e4e68b8b3d7ed06fac18d33be25517542a758a52b511e71d8/module_1888_B22_plane3_k6_p257.json	1
79bd5d3c6edaa10d0a7bfd69f03189780b869ed4b5dde4f270f155d89ec4db61	25	objects/79/79bd5d3c6edaa10d0a7bfd69f03189780b869ed4b5dde4f270f155d89ec4db61/1626newfees_raw.log	1
79d13f82d8f2716b399c227c3b59c38a5ce503f56f49d081e815bdb803f6bccd	2085	objects/79/79d13f82d8f2716b399c227c3b59c38a5ce503f56f49d081e815bdb803f6bccd/chunk_008.in	2
7a7d821b53f895557feb76b4d28e81c40e0f4bea6c22e2dde9dc7a69b325069c	151	objects/7a/7a7d821b53f895557feb76b4d28e81c40e0f4bea6c22e2dde9dc7a69b325069c/case_1847_B22_plane5_k4.txt	1
7a802090bda68f85622a92d61cfd0ad6c89e99e151a66b6f6cd7ece267f90f14	42159	objects/7a/7a802090bda68f85622a92d61cfd0ad6c89e99e151a66b6f6cd7ece267f90f14/f58_q6_p32749.txt	2
7a9acfe8ace86181acf0808627a159c6d11f07f294f5cad538a6da693cbe9ab5	198	objects/7a/7a9acfe8ace86181acf0808627a159c6d11f07f294f5cad538a6da693cbe9ab5/ENVIRONMENT.json	2
7aa27495e87d8ff0c8c550e9afb3269e536b972672bdae0be4be87ac03bbf2f6	216595	objects/7a/7aa27495e87d8ff0c8c550e9afb3269e536b972672bdae0be4be87ac03bbf2f6/1765_B22_plane3_k6.txt	1
7ad8f9ee1a1564a5de5afc42afdbcfcb77884ffee7c71b434b9c85b5880907d0	244503	objects/7a/7ad8f9ee1a1564a5de5afc42afdbcfcb77884ffee7c71b434b9c85b5880907d0/1847_B22_plane1_k4.txt	1
7ae4c0f9b85e39087d319383a70a96be95fbdd7b66bef3a1c5bd5c64bdeb432a	23130	objects/7a/7ae4c0f9b85e39087d319383a70a96be95fbdd7b66bef3a1c5bd5c64bdeb432a/conic_states.txt	2
7b11fb7dac1da0257262c7dc8a083c04b3fd7fd2c46fe80016689045e8c38250	1115	objects/7b/7b11fb7dac1da0257262c7dc8a083c04b3fd7fd2c46fe80016689045e8c38250/CLEAN_REPLAY_CORE_RECEIPT.json	2
7b3adc8d6462ba385e6123917c0ba27b7c62f664660646876808ca6bc228e29b	236787	objects/7b/7b3adc8d6462ba385e6123917c0ba27b7c62f664660646876808ca6bc228e29b/1811_B22_plane4_k4.txt	1
7b48d7b3f349b0edf6b4f35bcb73b3be575853fdbf086c91d276fda147e49b46	3400	objects/7b/7b48d7b3f349b0edf6b4f35bcb73b3be575853fdbf086c91d276fda147e49b46/pattern_A_delta6_delta7_gates.cpp	2
7bbc0d2ff4117c03b82963bfd1da261bbde2d7947c3b9a751125e4870ef6d61a	141167	objects/7b/7bbc0d2ff4117c03b82963bfd1da261bbde2d7947c3b9a751125e4870ef6d61a/1427_p257.txt	2
7bc7b100d6b36acc21d8b253ceacc22e72a4b98d03b4d0faa7749f9f19547e9d	298924	objects/7b/7bc7b100d6b36acc21d8b253ceacc22e72a4b98d03b4d0faa7749f9f19547e9d/1948.txt	1
7bee49f4ae2dc3cf078b61c0e30f46e63fe6b0d865fcf00ff697dc95dc21c99a	401	objects/7b/7bee49f4ae2dc3cf078b61c0e30f46e63fe6b0d865fcf00ff697dc95dc21c99a/check_1623_04000_06000.json	1
7c08ba51e55a1a41fcf47b34e08eb56049bb1e4132f8d03db1c19f86a762cfc8	1538325	objects/7c/7c08ba51e55a1a41fcf47b34e08eb56049bb1e4132f8d03db1c19f86a762cfc8/chunk_000.out	2
7c2b257888b3a997e6a9f55495c200737a40b59d00e9a6915bbcafca3c6ccd05	179	objects/7c/7c2b257888b3a997e6a9f55495c200737a40b59d00e9a6915bbcafca3c6ccd05/D_delta4_delta8_q7.gates.stderr	2
7c3266bbd2d3f11a265beec58d794d014862a8b1050c7e022d5a7330103fc171	151	objects/7c/7c3266bbd2d3f11a265beec58d794d014862a8b1050c7e022d5a7330103fc171/case_1803_S4.txt	1
7c46f1041305e9724961211299d1800322a4a8a3fbff76626bc7db8b71aad29a	281074	objects/7c/7c46f1041305e9724961211299d1800322a4a8a3fbff76626bc7db8b71aad29a/1916.txt	1
7c4d57c2cf74d3e932632482bf779a9ffff44ef06e27fc478a74a51ed199b9b6	236571	objects/7c/7c4d57c2cf74d3e932632482bf779a9ffff44ef06e27fc478a74a51ed199b9b6/1811_B22_plane3_k4.txt	1
7c5618ad772725f717051cca76767d995b1d79b8fee8f4c92a5930a8da3d7acf	49029	objects/7c/7c5618ad772725f717051cca76767d995b1d79b8fee8f4c92a5930a8da3d7acf/q7_47.gates	1
7c58206800d563a8aa511788e9cf21c78168c97ccc48fe011e91b80bcaf07046	936313	objects/7c/7c58206800d563a8aa511788e9cf21c78168c97ccc48fe011e91b80bcaf07046/chunk_001.out	2
7c62ded1ad072b80524548973d7bddba2ec5c7beb34397b2b5c8445308f2bb60	278	objects/7c/7c62ded1ad072b80524548973d7bddba2ec5c7beb34397b2b5c8445308f2bb60/module_1803_B22_plane0_k6_p257.json	1
7c87dabb4bec49e35475975e70f65a8e7731d6dd02704937597e595b32ffa3e6	7477	objects/7c/7c87dabb4bec49e35475975e70f65a8e7731d6dd02704937597e595b32ffa3e6/chunk_004.in	2
7cca8ca0bc90ed5627f7c26179e7651b4639ca74a74d91ad86017dc181246b21	146981	objects/7c/7cca8ca0bc90ed5627f7c26179e7651b4639ca74a74d91ad86017dc181246b21/1492_p257.txt	2
7cd8195e2c97973ab0ddb9050664fd888bc08e09d37567578380be8873b34d43	223	objects/7c/7cd8195e2c97973ab0ddb9050664fd888bc08e09d37567578380be8873b34d43/gates_q16.json	1
7cda1efa8a1c0bfa89c848aaa42fa1202c3be28d933b8e16feeb744969f43b4d	3551	objects/7c/7cda1efa8a1c0bfa89c848aaa42fa1202c3be28d933b8e16feeb744969f43b4d/REPORT.md	2
7d1b72f8709e29fbeb954032ec17d6440859150a2501a6f83bdb3a1dfe77ec8d	819	objects/7d/7d1b72f8709e29fbeb954032ec17d6440859150a2501a6f83bdb3a1dfe77ec8d/README.md	2
7d5b9a1185be7e0a00c9ca43f3395773d2aad848875a4e9713fbdfd92ec730ac	232046	objects/7d/7d5b9a1185be7e0a00c9ca43f3395773d2aad848875a4e9713fbdfd92ec730ac/1801_S4.txt	1
7d6cca08363fd95af6a75f9e103717874b4e8b92a35e30309e7d1c6e11e8773b	11846	objects/7d/7d6cca08363fd95af6a75f9e103717874b4e8b92a35e30309e7d1c6e11e8773b/chunk_000.in	2
7d7ee81c7c3c5088fc55e896a511d022362b838da2213d6a0ada459019570142	256	objects/7d/7d7ee81c7c3c5088fc55e896a511d022362b838da2213d6a0ada459019570142/module_1717_S4_p257.json	1
7d80563e35fbc14f7a1e8428f571b200d655ba91dc61580ccf6a0fc21f8c679a	90	objects/7d/7d80563e35fbc14f7a1e8428f571b200d655ba91dc61580ccf6a0fc21f8c679a/module_1667_257.log	2
7de10cf53c5dd8e16f2a39e266befa34a464b18402fd804be9742ade57e3b195	99	objects/7d/7de10cf53c5dd8e16f2a39e266befa34a464b18402fd804be9742ade57e3b195/q4_exact.stdout	2
7e07b53c25c807d5ef1d93e5934c503bd2a92208b335e3598631ed6ddc022428	90596	objects/7e/7e07b53c25c807d5ef1d93e5934c503bd2a92208b335e3598631ed6ddc022428/1091_p263.txt	2
7e3c21201b4862115f128ff831ef76771a5b819d100f5e995b0dfa5ce3d30c85	232457	objects/7e/7e3c21201b4862115f128ff831ef76771a5b819d100f5e995b0dfa5ce3d30c85/1808_B22_plane3_k4.txt	1
7e3c8bc584a260038c3f46160e623de2f48a324b46424beecaf86d8d7c7eecb8	175018	objects/7e/7e3c8bc584a260038c3f46160e623de2f48a324b46424beecaf86d8d7c7eecb8/1630_S4.txt	1
7e5cc8204b1ed99d8cde440eaa82178d65b548dbf2dd8f629daf6c18e94f2acc	132804	objects/7e/7e5cc8204b1ed99d8cde440eaa82178d65b548dbf2dd8f629daf6c18e94f2acc/1388_p257.txt	2
7e699af91864b2256944b805086ec312a4291d6c6ce140e3330a2c6a53c22221	5855	objects/7e/7e699af91864b2256944b805086ec312a4291d6c6ce140e3330a2c6a53c22221/chunk_001.in	2
7e7ced3f269d87f59b79aa1ed4040bc014f92eed87eb6a693efb962421766baa	144209	objects/7e/7e7ced3f269d87f59b79aa1ed4040bc014f92eed87eb6a693efb962421766baa/1487_p257.txt	2
7ea74929096d78b1394423472aad763dbd1bdadd9e1f656f43722761d9a89375	3950	objects/7e/7ea74929096d78b1394423472aad763dbd1bdadd9e1f656f43722761d9a89375/double_jets.cpp	1
7eb704046bea84c813d684dd75932248befaa3bfc27f173c344680fdb835607b	144054	objects/7e/7eb704046bea84c813d684dd75932248befaa3bfc27f173c344680fdb835607b/1424_p263.txt	2
7ecda3af994f86b11941ed0ae4778fdddba96ff478258887d118ae98259fd97a	277	objects/7e/7ecda3af994f86b11941ed0ae4778fdddba96ff478258887d118ae98259fd97a/module_1960_B22_plane5_k6_p263.json	1
7f22b323fd15e63be5bf6bc0f325cfe3c3ae4545b2b3a9fb6b0c1e68ac2c46fc	212425	objects/7f/7f22b323fd15e63be5bf6bc0f325cfe3c3ae4545b2b3a9fb6b0c1e68ac2c46fc/1765_B22_plane1_k6.txt	1
7f4da8ef12db95f1b416aeed676e5cd834c2aa09ec337558fff9a57b34c316ad	532	objects/7f/7f4da8ef12db95f1b416aeed676e5cd834c2aa09ec337558fff9a57b34c316ad/implementation_correction.json	2
7f9e1030ed8d2f3e3f338f3ae78bc2086fe185bd1681f43b041f66a8d0f8651e	93237	objects/7f/7f9e1030ed8d2f3e3f338f3ae78bc2086fe185bd1681f43b041f66a8d0f8651e/q16r5.cross.ranks	1
7fbc08809da2c06c626c0256f25547df949cbc4f9c5521b92c2ae8b1790d8dba	151	objects/7f/7fbc08809da2c06c626c0256f25547df949cbc4f9c5521b92c2ae8b1790d8dba/case_1811_B22_plane2_k4.txt	1
7fd3babda84541f4159000822e9c1e903c4063a2b9234d90f24d27475586f87c	151	objects/7f/7fd3babda84541f4159000822e9c1e903c4063a2b9234d90f24d27475586f87c/case_1847_B22_plane2_k6.txt	1
7fd527d50083e6d1637748844c06ee121b5a96b61fdd6a0176fdc01c3ae6e15b	151	objects/7f/7fd527d50083e6d1637748844c06ee121b5a96b61fdd6a0176fdc01c3ae6e15b/case_1811_B22_plane4_k6.txt	1
7ff254f632fef9616dc89541776c3700059ea76b959e9ad5ac6e4693ef987c9a	466994	objects/7f/7ff254f632fef9616dc89541776c3700059ea76b959e9ad5ac6e4693ef987c9a/state_1622_p11.txt	1
8036eb5d572b831446554fff784f477ab31195a0b69d9103d6388147a736563a	1357	objects/80/8036eb5d572b831446554fff784f477ab31195a0b69d9103d6388147a736563a/MANIFEST.json	2
8041d48a69dfd929fa0403dd6fc2b068a1aa175ef5ccef4772eb158b2c2a48cf	25671	objects/80/8041d48a69dfd929fa0403dd6fc2b068a1aa175ef5ccef4772eb158b2c2a48cf/module_receipts.json	1
804efbde81a42c41d987f8cf0c8ec8aa9985350f0509c16a19eb849232563e8b	57731	objects/80/804efbde81a42c41d987f8cf0c8ec8aa9985350f0509c16a19eb849232563e8b/rank_p32749.txt	2
805ca474330f8bb45898340e2be6168ecca8eb6ac6ecc30073de4496ef4305b9	74333	objects/80/805ca474330f8bb45898340e2be6168ecca8eb6ac6ecc30073de4496ef4305b9/targeted_moments.json	2
8093a8360d86fc32b44d7a8bd182acb4584c49f08a25dd9cae93c912443aac7c	459	objects/80/8093a8360d86fc32b44d7a8bd182acb4584c49f08a25dd9cae93c912443aac7c/README.md	1
8097928618658364ff93bb78d652c8f455061bce8287a4b8839b2e5a317e86d4	48671	objects/80/8097928618658364ff93bb78d652c8f455061bce8287a4b8839b2e5a317e86d4/FILES.md	1
8099fafc3959efc44738e209899008a822ec5894f55cb14f08505a53ef6dca75	1002547	objects/80/8099fafc3959efc44738e209899008a822ec5894f55cb14f08505a53ef6dca75/chunk_006.out	2
80b95424ebc77831a3bd842d7a8973243431e724201dd0243010c23bd93f7604	232437	objects/80/80b95424ebc77831a3bd842d7a8973243431e724201dd0243010c23bd93f7604/1808_B22_plane1_k4.txt	1
80ca676281232060e0f364b92141ad6e78fbf4d6f5da166e0ead2737554f0598	151	objects/80/80ca676281232060e0f364b92141ad6e78fbf4d6f5da166e0ead2737554f0598/case_1811_S4.txt	1
80d044b42dd9a0d783ae6e0bbc8891c206e2f6784a50f9a40e1db2263649eab6	799986	objects/80/80d044b42dd9a0d783ae6e0bbc8891c206e2f6784a50f9a40e1db2263649eab6/chunk_006.out	2
80e2615a2eeeb219a37c759c930d7c46dba94a86aef93fadbf385e8bd54dd164	66	objects/80/80e2615a2eeeb219a37c759c930d7c46dba94a86aef93fadbf385e8bd54dd164/minors_q5_57_32719.log	2
8111850eff40853a98655d3ccac4d5bce1f6d8ae2b39dc46664e0233b93c6401	178	objects/81/8111850eff40853a98655d3ccac4d5bce1f6d8ae2b39dc46664e0233b93c6401/D_delta4_delta8_q6.gates.stderr	2
8128aade33cf1d2a2f8e9b14ec33cdcfc0ecdce9236541f034c6cc19ec048c71	293	objects/81/8128aade33cf1d2a2f8e9b14ec33cdcfc0ecdce9236541f034c6cc19ec048c71/compile_gates_alt.json	1
813a3cdc6e85f9d1e3faffd7169595b9d001be20ec2a36b4f2ee17f6e6357a8b	12354	objects/81/813a3cdc6e85f9d1e3faffd7169595b9d001be20ec2a36b4f2ee17f6e6357a8b/state666_all_multisets.json	2
814142884ca7491696bbcfe3fc5c517ff68b071faf0b32cf6e41f2025f36c40c	5428	objects/81/814142884ca7491696bbcfe3fc5c517ff68b071faf0b32cf6e41f2025f36c40c/REPORT.md	6
8175262bd896b12725787411935711b9d9e4d84c82dbed6debffc15160eba74d	3250	objects/81/8175262bd896b12725787411935711b9d9e4d84c82dbed6debffc15160eba74d/early_near_gates.cpp	1
81766dda121b2d2210651d160f5b72b412d556f32e9d6f40ceb9b0db7c2bd32b	642297	objects/81/81766dda121b2d2210651d160f5b72b412d556f32e9d6f40ceb9b0db7c2bd32b/state_1623_12000_14000.txt	1
817dedcf283b4e7be5e9bc984a819b30de5216c6bd4ce995fb42ccc51e98debd	14045	objects/81/817dedcf283b4e7be5e9bc984a819b30de5216c6bd4ce995fb42ccc51e98debd/q6_47.alt	1
81d578287526c3a90b04d1991a3998f3417c3f9ca47fa660c8dce39770206877	151	objects/81/81d578287526c3a90b04d1991a3998f3417c3f9ca47fa660c8dce39770206877/case_1715_B22_plane0_k6.txt	1
81d6bf0b9cddb2dd5aa32fc2ca934447a53d7780e1aebd60cde7a9786093f3e4	236469	objects/81/81d6bf0b9cddb2dd5aa32fc2ca934447a53d7780e1aebd60cde7a9786093f3e4/1811_B22_plane3_k6.txt	1
81ecb2d5367e8bb102ee38e0b571faea0e6cce06e49aeb5231eb77d514b978ad	278	objects/81/81ecb2d5367e8bb102ee38e0b571faea0e6cce06e49aeb5231eb77d514b978ad/module_1805_B22_plane3_k4_p263.json	1
821e6df694f6da094b10052f31500ff6518a33a3700aa15ca7edcdd955e4bd7f	151	objects/82/821e6df694f6da094b10052f31500ff6518a33a3700aa15ca7edcdd955e4bd7f/case_1627_S4.txt	1
822572c07432e7c13ddbba96ede41fb20692d84167b64f130ca4adf93d29236d	304680	objects/82/822572c07432e7c13ddbba96ede41fb20692d84167b64f130ca4adf93d29236d/1969_B22_plane3_k4.txt	1
823e4465d2da888322916e5934d016f55f75761b4df0963942f0c98333f66d47	256	objects/82/823e4465d2da888322916e5934d016f55f75761b4df0963942f0c98333f66d47/module_1627_S5_p257.json	1
82445c22cf719457183aa3cfa77d85772eac6c6f92900bf2790825dad63937ee	236245	objects/82/82445c22cf719457183aa3cfa77d85772eac6c6f92900bf2790825dad63937ee/1811_B22_plane0_k4.txt	1
828abf53592310abe17e0401d32df04e2decf634eb10638a4a0386dd64553c43	256	objects/82/828abf53592310abe17e0401d32df04e2decf634eb10638a4a0386dd64553c43/module_1904_S5_p257.json	1
82c106c9ac5f8e5e2317a2d13b4eb5ca5c584f19c30960eb5fc17c85b545d946	48	objects/82/82c106c9ac5f8e5e2317a2d13b4eb5ca5c584f19c30960eb5fc17c85b545d946/gates_q7_45.log	1
82e9745a0e6faf201a5de91c9ed9ee6e01c7a4ffd4d24407aadd311177b23e4a	283	objects/82/82e9745a0e6faf201a5de91c9ed9ee6e01c7a4ffd4d24407aadd311177b23e4a/minors_q6_47_32749.json	1
830adcd8b4950313b1f4870bbd3cd3fb769a22a7221cd03029886b37546aba6f	14795	objects/83/830adcd8b4950313b1f4870bbd3cd3fb769a22a7221cd03029886b37546aba6f/q7_57.gates	1
8322bdc2115e21b5b2ad8027ecbfea39ce3515cb44c49a0280323cbe832a7bde	1082	objects/83/8322bdc2115e21b5b2ad8027ecbfea39ce3515cb44c49a0280323cbe832a7bde/CLEAN_REPLAY_RECEIPT.json	2
832754524d1b5781dd255ef06593bf2ea3820e601a34dc23c71dd2fe238433b5	277	objects/83/832754524d1b5781dd255ef06593bf2ea3820e601a34dc23c71dd2fe238433b5/module_1847_B22_plane1_k4_p263.json	1
8355e8ef892a43c6720a06494de9b73abab67354d0e0a19c5f13acbfee5bac92	255	objects/83/8355e8ef892a43c6720a06494de9b73abab67354d0e0a19c5f13acbfee5bac92/module_1627_S4_p263.json	1
83833d5d8f2bb0f1a011a295ecef825f96811d5eb67370ba9a6a669bb293e8ec	90	objects/83/83833d5d8f2bb0f1a011a295ecef825f96811d5eb67370ba9a6a669bb293e8ec/1715_B22_plane0_k4_p257.log	4
838e6bbf02bc7e2d78588fb3f6c738408b726d64b424cd81c59b3f92b6c4f6ef	1868	objects/83/838e6bbf02bc7e2d78588fb3f6c738408b726d64b424cd81c59b3f92b6c4f6ef/make_stagewise.py	2
83aea8a8ec9470a8e42bbf511c18ffbcde8a29d928c7c5cbbacd86d84cbbad76	288	objects/83/83aea8a8ec9470a8e42bbf511c18ffbcde8a29d928c7c5cbbacd86d84cbbad76/module_2004_257.json	1
83b256476283b19eb645d7c340e2b0ab003617787fae941e8969737d6b50b3d5	278	objects/83/83b256476283b19eb645d7c340e2b0ab003617787fae941e8969737d6b50b3d5/module_1765_B22_plane3_k4_p257.json	1
83fd51355ed7d585c423a59e9529d1173a5e1faf740fd0cd8352aaaa9cbdd522	57706	objects/83/83fd51355ed7d585c423a59e9529d1173a5e1faf740fd0cd8352aaaa9cbdd522/rank_p32719.txt	2
840ba67b9d8073151739a29ec83dbf7c9d6aadae41e03633a239c9162b19c689	119044	objects/84/840ba67b9d8073151739a29ec83dbf7c9d6aadae41e03633a239c9162b19c689/1320_p257.txt	2
84321478ff861429ec6a4a47de58f6674fe75c560dd9da573f4f5f4a55db0169	108430	objects/84/84321478ff861429ec6a4a47de58f6674fe75c560dd9da573f4f5f4a55db0169/1208_p257.txt	2
8496948e2bcfe28edf598cf73fad27cc80e6217225214d6e7ff82200253d1f20	7771	objects/84/8496948e2bcfe28edf598cf73fad27cc80e6217225214d6e7ff82200253d1f20/ledger_cover8.json	2
84beb05aec6a4ca633d48851cb6f6597b728d2fa96882c1e62a5540b975b8fbb	1388	objects/84/84beb05aec6a4ca633d48851cb6f6597b728d2fa96882c1e62a5540b975b8fbb/replay.py	2
84c8609e8602c19d835ce3fd05e659bb96e96b895260a574d0af6f08db66163d	254	objects/84/84c8609e8602c19d835ce3fd05e659bb96e96b895260a574d0af6f08db66163d/module_1765_S5_p263.json	1
84df158cf402cfa8d82d4053f98c4c35efa161382b8109c9e85665f809a7087b	259491	objects/84/84df158cf402cfa8d82d4053f98c4c35efa161382b8109c9e85665f809a7087b/1876.txt	1
85030165cedfa6d05e44e6f14bc84e2c2c9ea7e1d845a07c65c88792553b84ad	160	objects/85/85030165cedfa6d05e44e6f14bc84e2c2c9ea7e1d845a07c65c88792553b84ad/check_1623_10000_12000.log	1
851e18148484c31b1ad8f8afc629a96473197674a89abe9c401a7c5c01cded7f	90	objects/85/851e18148484c31b1ad8f8afc629a96473197674a89abe9c401a7c5c01cded7f/1969_B22_plane2_k6_p257.log	8
8524a9237a1f308ae3f52010b527461a5af4c591ec7675bbe7cfa20560b06258	255	objects/85/8524a9237a1f308ae3f52010b527461a5af4c591ec7675bbe7cfa20560b06258/module_1847_S4_p257.json	1
855d767406d27cde03c226b8c2ccfe103b701677e9b152a5bfd72a5f1fd91e49	161649	objects/85/855d767406d27cde03c226b8c2ccfe103b701677e9b152a5bfd72a5f1fd91e49/1630_mod11.txt.basis	1
85906f7099bc1e992332aac24b3c06c46b4cb33dc83d2ce04dece052f35cabcd	311296	objects/85/85906f7099bc1e992332aac24b3c06c46b4cb33dc83d2ce04dece052f35cabcd/1969_B22_plane5_k6.txt	1
85b249920ca82c2c90c7ffc9316afa07923afeb60bc0d4671e723d59feec022c	14795	objects/85/85b249920ca82c2c90c7ffc9316afa07923afeb60bc0d4671e723d59feec022c/q7_57.alt	1
85b39de6c6518b75e85df2e28af0689445c0c9c36be7e80604cac302b6a9f1c4	278	objects/85/85b39de6c6518b75e85df2e28af0689445c0c9c36be7e80604cac302b6a9f1c4/module_1736_B22_plane3_k4_p263.json	1
85c65b9633c9ea1861f34501431e150ce2319da43f2c5c3248ce7f32fc16dd70	160	objects/85/85c65b9633c9ea1861f34501431e150ce2319da43f2c5c3248ce7f32fc16dd70/check_1623_02000_04000.log	1
85fb531fee797398af72f53ce9ae27c12d67fcc8c5bdac89b88fc09eb7d923b2	231402	objects/85/85fb531fee797398af72f53ce9ae27c12d67fcc8c5bdac89b88fc09eb7d923b2/1803_S5.txt	1
85fda2788949ee7ee27444cf5e196d33ebcffe6e6faabcb89b6d4c3e03f68091	151	objects/85/85fda2788949ee7ee27444cf5e196d33ebcffe6e6faabcb89b6d4c3e03f68091/case_1847_B22_plane4_k6.txt	1
862d34eda9d029a2bb5f1c38724c39e45cd3dc529b77ff0d16262b1bb90a4f0d	289	objects/86/862d34eda9d029a2bb5f1c38724c39e45cd3dc529b77ff0d16262b1bb90a4f0d/module_1995_263.json	1
862faf1278c2018e77ce6f9f0f3f87b5bc71e31437cc8f490e94b39a7bc08696	256	objects/86/862faf1278c2018e77ce6f9f0f3f87b5bc71e31437cc8f490e94b39a7bc08696/module_1847_S4_p263.json	1
865440fd5de8f41577f14cedbb691b0fe90789205e15f55797f74b6c8a6c1939	288	objects/86/865440fd5de8f41577f14cedbb691b0fe90789205e15f55797f74b6c8a6c1939/module_1860_257.json	1
86dbca1efb7f063200f84622341be182839b3855a3fd7b2adf889001e983cb14	289	objects/86/86dbca1efb7f063200f84622341be182839b3855a3fd7b2adf889001e983cb14/module_1882_263.json	1
86dd13d81ff41d8f1dd479dc7c1086327bf2bac715870c2f84c95283d1697014	151	objects/86/86dd13d81ff41d8f1dd479dc7c1086327bf2bac715870c2f84c95283d1697014/case_1717_S5.txt	1
872ab2bd1fce411dc6e66ae76dbe402f9db647ec1a45519403a8375e72c0a463	90	objects/87/872ab2bd1fce411dc6e66ae76dbe402f9db647ec1a45519403a8375e72c0a463/1717_S4_p257.log	4
873c798b6aab5c04341c7820dd028fe55f9274c82cfb253bd9724f6f6ed66051	289	objects/87/873c798b6aab5c04341c7820dd028fe55f9274c82cfb253bd9724f6f6ed66051/module_1705_263.json	1
8755e992e2f0535e73724b3e6177c5ad49657b5a7234b7714175111023d906ca	710	objects/87/8755e992e2f0535e73724b3e6177c5ad49657b5a7234b7714175111023d906ca/cases.json	1
876e9b01a6ab1cb3f41c0d749ea44124229bcb35bc2b5d3281b8c17ba99359c5	2063	objects/87/876e9b01a6ab1cb3f41c0d749ea44124229bcb35bc2b5d3281b8c17ba99359c5/stage_31.stdout	2
8778659f18edc3e47369eafd289d7ccc9854a41b3e09e29dd319ce9f628bcd99	289	objects/87/8778659f18edc3e47369eafd289d7ccc9854a41b3e09e29dd319ce9f628bcd99/module_1667_257.json	1
878e9503335550b429b2f0580c8701c5863353623ca843e8610ddeecbe2d86c8	90	objects/87/878e9503335550b429b2f0580c8701c5863353623ca843e8610ddeecbe2d86c8/1888_B22_plane5_k4_p257.log	4
87b511b0837c1e5535d9a967fbcd7c4558eb50b9f1d5b3a585df986fbe54f3e4	180428	objects/87/87b511b0837c1e5535d9a967fbcd7c4558eb50b9f1d5b3a585df986fbe54f3e4/1615_boundary_p257.txt	2
87c00f1026273e9255c2bcdb35ee3190c75f8049468e689e79e3f67bb3811b11	71	objects/87/87c00f1026273e9255c2bcdb35ee3190c75f8049468e689e79e3f67bb3811b11/r3_q14_rank_32719.log	4
87d724a02178fcbd22e275bd059770db5c3a679ec6f6e2d8dbc7e1914bafae30	289	objects/87/87d724a02178fcbd22e275bd059770db5c3a679ec6f6e2d8dbc7e1914bafae30/module_1710_263.json	1
87dcb0834987c856f716cacf823e40b64ffe0ce32342bd8146371a7ec580bc02	232	objects/87/87dcb0834987c856f716cacf823e40b64ffe0ce32342bd8146371a7ec580bc02/strictness_tests.json	2
8800251b57b01acffc5b082b94b523fb364b646a1f0e8e3edec2993ee84e43d7	256	objects/88/8800251b57b01acffc5b082b94b523fb364b646a1f0e8e3edec2993ee84e43d7/module_1791_S5_p257.json	1
880abf05d29a0305315df3e3762daf6d7259e1768f05c4ed7176734bde3b9607	281087	objects/88/880abf05d29a0305315df3e3762daf6d7259e1768f05c4ed7176734bde3b9607/1917.txt	1
880cf7a8710629e001b883e2a2583a2d9a6a28faccf95e34b924ae7b9bf76ec6	336	objects/88/880cf7a8710629e001b883e2a2583a2d9a6a28faccf95e34b924ae7b9bf76ec6/q3_mod32719.txt	4
88111f346a8b424c4d4c65bd419054d2d2cf0f445166f1ac492efdbf45d816c1	55774	objects/88/88111f346a8b424c4d4c65bd419054d2d2cf0f445166f1ac492efdbf45d816c1/state_1641_forward.txt.basis	2
8833db995d146be7cda29aff00187790829e989ce6be38707879a92be22ce3bd	2339	objects/88/8833db995d146be7cda29aff00187790829e989ce6be38707879a92be22ce3bd/SCOPE.md	1
884838964b53fd77a2c116536f6652126279bcabbe2db36c8d8cd8778889ef74	156853	objects/88/884838964b53fd77a2c116536f6652126279bcabbe2db36c8d8cd8778889ef74/1515_p257.txt	2
8878bf7ebd858338e3fe59e07a96332872cdc35ae8be8c0e33163ef80a0ac8af	259678	objects/88/8878bf7ebd858338e3fe59e07a96332872cdc35ae8be8c0e33163ef80a0ac8af/1888_S5.txt	1
887e3a493cbd18626a18af2610cd64ed83b235a039d44875ea31f9e23755140e	211967	objects/88/887e3a493cbd18626a18af2610cd64ed83b235a039d44875ea31f9e23755140e/1765_S4.txt	1
889e922e0e0ff41415a7d0b700e0d8ceeb243fe874e95be8c2243c3349a40bb8	6704	objects/88/889e922e0e0ff41415a7d0b700e0d8ceeb243fe874e95be8c2243c3349a40bb8/stage_63.tsv	6
88a8d723d7f67c9f0f71da36def8f466eed66ea2ca81775891f8c385231e4576	160	objects/88/88a8d723d7f67c9f0f71da36def8f466eed66ea2ca81775891f8c385231e4576/q4_mod32719.stderr	2
88b22433b058460b3aa30be41301559d928bc1eb086e8f44b9015ac5d53c1998	19422	objects/88/88b22433b058460b3aa30be41301559d928bc1eb086e8f44b9015ac5d53c1998/module_slice_p263_0_50.json	1
88f5fa2b3941861195d7c13ce4b08026f3897a7d94ff7a6c239993a4ac4ec7c8	5341	objects/88/88f5fa2b3941861195d7c13ce4b08026f3897a7d94ff7a6c239993a4ac4ec7c8/chunk_002.in	2
88f9a9274ad8b94b6c11ae74706f382be002b7e8a6f58e199122f431169bf0fb	4420	objects/88/88f9a9274ad8b94b6c11ae74706f382be002b7e8a6f58e199122f431169bf0fb/205queries.txt	1
895866c18a6d00aa4bedd1729d30fc710eeba18bf60ce0af3dce5ab3f565c581	215566	objects/89/895866c18a6d00aa4bedd1729d30fc710eeba18bf60ce0af3dce5ab3f565c581/1759.txt	1
8968e413be470a676300ac78ca509ae15ccc9b5b3f7fea755823bbb4b3eb21fb	278	objects/89/8968e413be470a676300ac78ca509ae15ccc9b5b3f7fea755823bbb4b3eb21fb/module_1801_B22_plane0_k6_p263.json	1
898314dfd3adf0bd454387d4cd1fe8dfa9815208ef2e4efb2e51270ae83788d9	66	objects/89/898314dfd3adf0bd454387d4cd1fe8dfa9815208ef2e4efb2e51270ae83788d9/q18r4.minors.log	1
89c19f3537cf36ec66774171e9a833f79185a6c02d925b870a1a481f625a5389	5145	objects/89/89c19f3537cf36ec66774171e9a833f79185a6c02d925b870a1a481f625a5389/q5_47.independent.json	1
89c59fe3d4db9360777c9c42d02462f39f11c059a4068f88b2094f66f7b352e7	108539	objects/89/89c59fe3d4db9360777c9c42d02462f39f11c059a4068f88b2094f66f7b352e7/1205_p257.txt	2
89f2946576cf1e166f362a15e9829e791340ba8d1461b1386bbb08a85d5999cf	8072	objects/89/89f2946576cf1e166f362a15e9829e791340ba8d1461b1386bbb08a85d5999cf/q17r4.gates	1
89f6dd898195ad26e7c0a3c96477fda27557d3236abb75b9bc4270d6063b4a35	90	objects/89/89f6dd898195ad26e7c0a3c96477fda27557d3236abb75b9bc4270d6063b4a35/1765_B22_plane1_k6_p257.log	4
8a3fb9fd498942bb4ee6ae5b399f360d82a8a9922937866b34b8e366a628e980	4077	objects/8a/8a3fb9fd498942bb4ee6ae5b399f360d82a8a9922937866b34b8e366a628e980/q5_45.32719.minors	1
8a4868555ce766621515669276e15b4c1da3c6de6f2b950331a886488c812e83	42144	objects/8a/8a4868555ce766621515669276e15b4c1da3c6de6f2b950331a886488c812e83/f58_q6_p32719.txt	2
8a5947f4d7a57b5ad7f53aedde87d64d68c42a4b3bf9469c07f880ce512a790b	274637	objects/8a/8a5947f4d7a57b5ad7f53aedde87d64d68c42a4b3bf9469c07f880ce512a790b/1904_B22_plane1_k6.txt	1
8a9115f5db4ba0b44eb30e44b4e64fc7da27814be4caa8978717554f43212c4d	278	objects/8a/8a9115f5db4ba0b44eb30e44b4e64fc7da27814be4caa8978717554f43212c4d/module_1894_B22_plane1_k6_p257.json	1
8a936e3533236df5d419ed984f3b60850580a819b4d3056e0d4e3276b2b699be	181519	objects/8a/8a936e3533236df5d419ed984f3b60850580a819b4d3056e0d4e3276b2b699be/1647.txt	1
8a9b127a74c74b4ba0c53f66eded9010fd4f0bb6f32aaa30353860f6f58db311	278	objects/8a/8a9b127a74c74b4ba0c53f66eded9010fd4f0bb6f32aaa30353860f6f58db311/module_1888_B22_plane5_k4_p257.json	1
8ad290680765856a1dd5fffa37522f366391fa5e6ff251ddd526b3e0dcd6ef9b	175896	objects/8a/8ad290680765856a1dd5fffa37522f366391fa5e6ff251ddd526b3e0dcd6ef9b/state_1622_reverse.txt	1
8b02b0a4aeb0aca812393c050fbe8b2d323cc881b232e9620f9b8ed7e0fb23f2	196864	objects/8b/8b02b0a4aeb0aca812393c050fbe8b2d323cc881b232e9620f9b8ed7e0fb23f2/1715_B22_plane0_k6.txt	1
8b408f3e51beb361963a98965363e6fb88b89672e3053a5240eded745440a10e	231497	objects/8b/8b408f3e51beb361963a98965363e6fb88b89672e3053a5240eded745440a10e/1800.txt	1
8bc0744841681d3feb6b2d39516859641aaf1e40ae6c7e48b65eb3a44c49af24	4729	objects/8b/8bc0744841681d3feb6b2d39516859641aaf1e40ae6c7e48b65eb3a44c49af24/generate_factor_cover.cpp	1
8be38a7088acaad55435ce746a2dc3b721947fdc0b8ea16215b7a4651c8325f2	256	objects/8b/8be38a7088acaad55435ce746a2dc3b721947fdc0b8ea16215b7a4651c8325f2/module_1720_S5_p263.json	1
8be8998378a63cdb37d889053f2f895347a38a41eea3a6161742e25b7d3b4323	278	objects/8b/8be8998378a63cdb37d889053f2f895347a38a41eea3a6161742e25b7d3b4323/module_1811_B22_plane2_k6_p257.json	1
8c067619b07dbbea53875bce499f46a268675e1d34a95c1afbf02752583bcf71	288	objects/8c/8c067619b07dbbea53875bce499f46a268675e1d34a95c1afbf02752583bcf71/module_2033_263.json	1
8c408edd02e66bfa443b65498183dd766a770ae22d70ecfc4a5fce88918f9bca	208589	objects/8c/8c408edd02e66bfa443b65498183dd766a770ae22d70ecfc4a5fce88918f9bca/1736_B22_plane1_k4.txt	1
8c471e6380c0686e988c4d9955835b10ad42a73bb1116b7bb3527ee1c0a12161	90	objects/8c/8c471e6380c0686e988c4d9955835b10ad42a73bb1116b7bb3527ee1c0a12161/1765_B22_plane4_k4_p257.log	4
8c51f1f5bf77d9bf3bfbadf26c93911beec04a56a45acbb95cf94f97cb0ebd9a	265845	objects/8c/8c51f1f5bf77d9bf3bfbadf26c93911beec04a56a45acbb95cf94f97cb0ebd9a/1888_B22_plane1_k4.txt	1
8c6db1c3b6c48cb1dfda52122903947a847d6f063290af5df65360998b814211	216719	objects/8c/8c6db1c3b6c48cb1dfda52122903947a847d6f063290af5df65360998b814211/1765_B22_plane2_k6.txt	1
8c7ff18f067e8b23f4b87f05ac70e9605bb5d7090829025b2f5870c89027f9fa	159	objects/8c/8c7ff18f067e8b23f4b87f05ac70e9605bb5d7090829025b2f5870c89027f9fa/check_1623_00000_02000.log	1
8c8e515a7f1330d50637715c041717bac33f4be40a1ab0bb03925391d0b738f5	7439	objects/8c/8c8e515a7f1330d50637715c041717bac33f4be40a1ab0bb03925391d0b738f5/check_coefficients_and_prime_cover.cpp	1
8c9679586ced2340ca9ece1bfc20df4acc8712d17edb946c77211e67f5e3b066	277	objects/8c/8c9679586ced2340ca9ece1bfc20df4acc8712d17edb946c77211e67f5e3b066/module_1960_B22_plane5_k6_p257.json	1
8c9d48f0c32eddbd43e3137a36cd77368d47f9ff24cd2a59a2a6b171306d4d8d	278	objects/8c/8c9d48f0c32eddbd43e3137a36cd77368d47f9ff24cd2a59a2a6b171306d4d8d/module_1720_B22_plane5_k6_p257.json	1
8cb81e1bf5b6dd9e6742534d4a61cfc0ecae7c79a9ae4d1141fd4168d0be92f0	323	objects/8c/8cb81e1bf5b6dd9e6742534d4a61cfc0ecae7c79a9ae4d1141fd4168d0be92f0/compile_module263.json	1
8cba710999ce197ebf85496532004f19fa4943b304f911525e5b3848d9c2f5c4	1831	objects/8c/8cba710999ce197ebf85496532004f19fa4943b304f911525e5b3848d9c2f5c4/SOURCE_ADOPTION.md	3
8cbbdf9b5cf14ba4249191b04d31015431a58c0ef9842372d7a3897a7ac5ab6e	8740	objects/8c/8cbbdf9b5cf14ba4249191b04d31015431a58c0ef9842372d7a3897a7ac5ab6e/rank_p32719.txt	2
8cd3fddf583efff0ff8554c80c8758818d3b4a68c11bfc35886418e9ef6664a5	90	objects/8c/8cd3fddf583efff0ff8554c80c8758818d3b4a68c11bfc35886418e9ef6664a5/1904_S5_p257.log	4
8cf891a82f83d3c656148d5389eaf2b36c7f4ca932109a362e16c74707e28ae8	160	objects/8c/8cf891a82f83d3c656148d5389eaf2b36c7f4ca932109a362e16c74707e28ae8/check_1623_04000_06000.log	1
8d373dd4190e675d5f6227bef1a7218a75d0d506902807758e3430b80f3cb9c7	256	objects/8d/8d373dd4190e675d5f6227bef1a7218a75d0d506902807758e3430b80f3cb9c7/module_1706_S5_p257.json	1
8d43f288e7ec2f0dc233ea6da7ece6b2860ef89c9524dfead142c749a4d9bdde	278	objects/8d/8d43f288e7ec2f0dc233ea6da7ece6b2860ef89c9524dfead142c749a4d9bdde/module_1808_B22_plane5_k4_p263.json	1
8da3854f45974a32ebd20b9caeae33844ff69a64b350ed07f35a1b65b5271b6d	401	objects/8d/8da3854f45974a32ebd20b9caeae33844ff69a64b350ed07f35a1b65b5271b6d/check_1623_10000_12000.json	1
8da715c1dfcfa76379293a4b5a59f11884bf330bdcd0b9d21037dd757f6fdab3	289	objects/8d/8da715c1dfcfa76379293a4b5a59f11884bf330bdcd0b9d21037dd757f6fdab3/module_1770_263.json	1
8dc912928841b51dde37b820d81a02cc598af09096078bd94badbc3d74884186	304783	objects/8d/8dc912928841b51dde37b820d81a02cc598af09096078bd94badbc3d74884186/1969_B22_plane2_k6.txt	1
8dd7bc44c229ae1c070cf00c6631f63ec3c4f2b966a67a928bbdbbe3ea9fe0eb	264768	objects/8d/8dd7bc44c229ae1c070cf00c6631f63ec3c4f2b966a67a928bbdbbe3ea9fe0eb/1888_S5.txt	1
8dfbb70610de76174ef6ed24ffe298891107090059930c48229cfcb01dbe5ddc	90	objects/8d/8dfbb70610de76174ef6ed24ffe298891107090059930c48229cfcb01dbe5ddc/1888_B22_plane1_k6_p257.log	4
8e4b73e49ffba29ade409cad89a0c3e763204f52758237d940a1d44aa9e90ccf	278	objects/8e/8e4b73e49ffba29ade409cad89a0c3e763204f52758237d940a1d44aa9e90ccf/module_1847_B22_plane5_k4_p263.json	1
8e4d20a3402b7950809b153a4db043cf8e789aac85408740dbd0e1c2a761c206	401	objects/8e/8e4d20a3402b7950809b153a4db043cf8e789aac85408740dbd0e1c2a761c206/check_1623_14000_16105.json	1
8e715f2f59c8a17f82cb17050137f5bf7ce208ff69a440fb264f9b86d21b24bc	269291	objects/8e/8e715f2f59c8a17f82cb17050137f5bf7ce208ff69a440fb264f9b86d21b24bc/1904_B22_plane1_k6.txt	1
8e981c08f18176d17813dd4dbf973edb6777f30b0cfcf6bfd4c24011b926458c	231416	objects/8e/8e981c08f18176d17813dd4dbf973edb6777f30b0cfcf6bfd4c24011b926458c/1796.txt	1
8e99bf66f9ec839eab894b2ede0cb823a60175b586eedcb7375762f18d417a76	227864	objects/8e/8e99bf66f9ec839eab894b2ede0cb823a60175b586eedcb7375762f18d417a76/1803_S4.txt	1
8ea5d11067ccab713a6561332cdff7480a2056f0e130f43d276d3b1a743054d1	151	objects/8e/8ea5d11067ccab713a6561332cdff7480a2056f0e130f43d276d3b1a743054d1/case_1715_S4.txt	1
8ea9ae89a9a21f99efaf6409050794ece4a0b6500b5a684eb7ea2117ec2cce59	100730	objects/8e/8ea9ae89a9a21f99efaf6409050794ece4a0b6500b5a684eb7ea2117ec2cce59/1168_p257.txt	2
8ed5b6ede1be9f3757867343f9ffc4adef2871aa4a5eb9a855aa83b1f3905892	5343	objects/8e/8ed5b6ede1be9f3757867343f9ffc4adef2871aa4a5eb9a855aa83b1f3905892/chunk_007.in	2
8efe393cedf37000a3004ed47ccb0c00ce25865797590f9911fafdd8facc1ada	278	objects/8e/8efe393cedf37000a3004ed47ccb0c00ce25865797590f9911fafdd8facc1ada/module_1969_B22_plane3_k4_p257.json	1
8f19e6c18a96480821f9169dd7d16814d6e6ad88afd798297c942ce637c44faf	26	objects/8f/8f19e6c18a96480821f9169dd7d16814d6e6ad88afd798297c942ce637c44faf/stage_1.stderr	2
8f49a9ee374ad778fe0c8bc2807f9bef07af1abde29bd0ae832580c2e69b4a2e	1221	objects/8f/8f49a9ee374ad778fe0c8bc2807f9bef07af1abde29bd0ae832580c2e69b4a2e/README.md	2
8f4bf8c9be7592edbaaa0e0925166af6e42569be0f5c317002b93ec09c0a0365	284	objects/8f/8f4bf8c9be7592edbaaa0e0925166af6e42569be0f5c317002b93ec09c0a0365/minors_q6_57_32749.json	1
8f649f2f11cd2909569e2e593df41b2de7e2d66f020332e0aca8e5685fe32e9f	212223	objects/8f/8f649f2f11cd2909569e2e593df41b2de7e2d66f020332e0aca8e5685fe32e9f/1765_B22_plane0_k4.txt	1
8f7180d4cc6219809f48d4ce0b7cfc85a0befef82833cd559f30e970bd3319b3	3617	objects/8f/8f7180d4cc6219809f48d4ce0b7cfc85a0befef82833cd559f30e970bd3319b3/chunk_002.in	2
8f983e5401ade5879f576a28fd654add6c1ca36744769c90b1f93ecee4d7564f	304785	objects/8f/8f983e5401ade5879f576a28fd654add6c1ca36744769c90b1f93ecee4d7564f/1960_S5.txt	1
8fc893188bb6a2fc4ea9a5a74e65c37e2deed4390083b99fc551cd407ed96ea7	211378	objects/8f/8fc893188bb6a2fc4ea9a5a74e65c37e2deed4390083b99fc551cd407ed96ea7/1753.txt	1
8fedfd88f991fbf2db7e7ded76d0d196b30a301846b98941c6b0e52f3d37ec8f	289	objects/8f/8fedfd88f991fbf2db7e7ded76d0d196b30a301846b98941c6b0e52f3d37ec8f/module_1719_257.json	1
8ff565c844605fc7ab1496a84ae4112b518205f17c23673833bb7326e4d655fa	278	objects/8f/8ff565c844605fc7ab1496a84ae4112b518205f17c23673833bb7326e4d655fa/module_1715_B22_plane0_k4_p263.json	1
900061397269d97b9f25605218b386cebbf604ec7f7fa9225c910dbecf730509	90	objects/90/900061397269d97b9f25605218b386cebbf604ec7f7fa9225c910dbecf730509/module_2004_257.log	4
9014b25603efa56393649f4f413a7dd8ff9bfae93a18a2e86613311343049604	3511	objects/90/9014b25603efa56393649f4f413a7dd8ff9bfae93a18a2e86613311343049604/receipt.json	2
902443d69feddc63d5ee9dabfd26fcebb329f5786b087db73c3c6c553412a7e5	151	objects/90/902443d69feddc63d5ee9dabfd26fcebb329f5786b087db73c3c6c553412a7e5/case_1888_S5.txt	1
90428de57ad67e83c55bd096ede5f41bd567a91efc7c0f1f96fb1576e30d7f06	115597	objects/90/90428de57ad67e83c55bd096ede5f41bd567a91efc7c0f1f96fb1576e30d7f06/1295_p263.txt	2
90454fba9bb363551cce6bfd8823cbe90de8285581fefea380e2da71f2105559	2447	objects/90/90454fba9bb363551cce6bfd8823cbe90de8285581fefea380e2da71f2105559/README.md	1
90834e041ce472ae317f9d9a6d8268b6b696631505c19900cd2e9bae25444f02	1358	objects/90/90834e041ce472ae317f9d9a6d8268b6b696631505c19900cd2e9bae25444f02/gates.txt	2
9087cb51d2aa75ab91387d3fd3d8abda0abd39c3bf1fb9e0ccca784d967133d1	34818	objects/90/9087cb51d2aa75ab91387d3fd3d8abda0abd39c3bf1fb9e0ccca784d967133d1/gates.txt	2
90a0db7abc8c80456389723ea871f9fdbd21d0b72c3d371c7512e110cfe871cf	129990	objects/90/90a0db7abc8c80456389723ea871f9fdbd21d0b72c3d371c7512e110cfe871cf/1367_p257.txt	2
90ec89be13118c5f95683c7505ba2428933553512a0ef679f4fba0d55fe3ba53	90	objects/90/90ec89be13118c5f95683c7505ba2428933553512a0ef679f4fba0d55fe3ba53/1765_B22_plane3_k4_p257.log	4
90fc7e953541a37b26f869c6871c3b46fe754dd037b5560ff65252290a55c0d0	68	objects/90/90fc7e953541a37b26f869c6871c3b46fe754dd037b5560ff65252290a55c0d0/f58_q9_alternate_minor.log	2
910083a91940a94c859bdc76131219f08893ebda9ffd572a8dd3212bbb090137	278	objects/91/910083a91940a94c859bdc76131219f08893ebda9ffd572a8dd3212bbb090137/module_1888_B22_plane4_k6_p257.json	1
911f841007d199f96db02d9fb724ec3ef672c66b3c4263cd1479fc8942f9c536	81280	objects/91/911f841007d199f96db02d9fb724ec3ef672c66b3c4263cd1479fc8942f9c536/1027_p263.txt	2
915c867075dc2a4af6ebe7a9c8186baedcf8a42b999faf6c79468c5edf901de3	90	objects/91/915c867075dc2a4af6ebe7a9c8186baedcf8a42b999faf6c79468c5edf901de3/module_2018_257.log	2
915e9cb642a7cc1677a1b7e402b2a8b11e5c02c914875c89b11bfc28b5e45e55	90	objects/91/915e9cb642a7cc1677a1b7e402b2a8b11e5c02c914875c89b11bfc28b5e45e55/1904_B22_plane3_k6_p257.log	4
9171b538009e3f6356a83a39f752ac4a74155ef92b4902360f436c718e382f8b	175337	objects/91/9171b538009e3f6356a83a39f752ac4a74155ef92b4902360f436c718e382f8b/state_1620_forward.txt	1
919f170acc540578f213fd387e775441ff9e65d523cd4c499a9638b96d1139d1	66	objects/91/919f170acc540578f213fd387e775441ff9e65d523cd4c499a9638b96d1139d1/minors_q5_47_32719.log	2
91a1e0b407f89674aa4ccd7fe318c46f6ed9e06ffbf18684c46a23f6492220a4	170146	objects/91/91a1e0b407f89674aa4ccd7fe318c46f6ed9e06ffbf18684c46a23f6492220a4/1556_p257.txt	2
91c78a44b5e52d057b80e2b8b3793abee8a5f2c4491eb495fb04322a5c7905ec	151	objects/91/91c78a44b5e52d057b80e2b8b3793abee8a5f2c4491eb495fb04322a5c7905ec/case_1805_B22_plane1_k4.txt	1
91ceece0b986e2695c1c47533bd3cad2950d60955fecd4bfec32c7bf0b6cf771	278	objects/91/91ceece0b986e2695c1c47533bd3cad2950d60955fecd4bfec32c7bf0b6cf771/module_1847_B22_plane2_k4_p263.json	1
91f195d8825ad7d2ffd868994e43527836d381aa32d5d1f0660eedbbdccbbc4c	141267	objects/91/91f195d8825ad7d2ffd868994e43527836d381aa32d5d1f0660eedbbdccbbc4c/1436_p257.txt	2
9206d3fe7af8eeee171e9fe8db7a36408c87f4d3528e60d895daffd101b04edd	1234038	objects/92/9206d3fe7af8eeee171e9fe8db7a36408c87f4d3528e60d895daffd101b04edd/chunk_001.out	2
92194de899ad4f0160d75335d691557654491c083b35388f8b2eb5df0c2e0ee8	311602	originals/research_rounds/R12_DOUBLE457-MOD4-FRONTIER123__B699-ProA-DOUBLE457-MOD4-FRONTIER123-20260924-evidence.zip	1
929a932885979969387ee5e2e76dbb880da865a2f949df515dec786fc746c01b	25	objects/92/929a932885979969387ee5e2e76dbb880da865a2f949df515dec786fc746c01b/1626newfees.log	1
929ce7da15c264073c2f490298b93745b239bd9c3abb7c58eba91e76634e9625	300299	objects/92/929ce7da15c264073c2f490298b93745b239bd9c3abb7c58eba91e76634e9625/1960_B22_plane1_k6.txt	1
92b0905b47335663a671f5de9df4a9d7dbeb940be6609f291f0730c32d78d715	1161397	objects/92/92b0905b47335663a671f5de9df4a9d7dbeb940be6609f291f0730c32d78d715/f58_q8_p32749.txt	2
932c9cbee93c31f2491d5628b41a0ca1012252ab62d9b0b3d43cebc2be7a611f	310829	objects/93/932c9cbee93c31f2491d5628b41a0ca1012252ab62d9b0b3d43cebc2be7a611f/1969_B22_plane2_k6.txt	1
938b1eb08f2ba2d2c24a858853c08721fdf282c46d1f7f52f6459dca04be256f	5132	objects/93/938b1eb08f2ba2d2c24a858853c08721fdf282c46d1f7f52f6459dca04be256f/duplicate_gate.gates	1
93a7e08234804dbc75f4322906e9aaf9c285e8a5a681a4cb4fa042623c951852	126524	objects/93/93a7e08234804dbc75f4322906e9aaf9c285e8a5a681a4cb4fa042623c951852/1346_p263.txt	2
93a99a1985a71486557a1989e73d45535e8864986f17279399379f7879c5d3f8	151	objects/93/93a99a1985a71486557a1989e73d45535e8864986f17279399379f7879c5d3f8/case_1847_B22_plane5_k6.txt	1
93cb23f2b1299a8ca05b9dd77f821427e65da0b1ba4d32c22277e5963df843de	160026	objects/93/93cb23f2b1299a8ca05b9dd77f821427e65da0b1ba4d32c22277e5963df843de/1515_p263.txt	2
93cc42fc1c8ed23db35d88c593a24142f3b93772dadb615b144504eb6a70a274	2067	objects/93/93cc42fc1c8ed23db35d88c593a24142f3b93772dadb615b144504eb6a70a274/stage_15.stdout	2
93e160c8c6b29ac21b3967f643be071fe234344f9987340619151bbfdbc0d44e	177221	objects/93/93e160c8c6b29ac21b3967f643be071fe234344f9987340619151bbfdbc0d44e/1584_p263.txt	2
93f29c987bf05e1bae34c78dc7ea206858c49ea82ee72a7c7916a54b7027ed17	212373	originals/research_rounds/R10_EARLY-NEAR16-18-H112__B699-ProA-EARLY-NEAR16-18-H112-20260924-evidence.zip	1
9414d58c6897f137602cb14abedd31367853feeab64d635a4151de853c818cb6	22	objects/94/9414d58c6897f137602cb14abedd31367853feeab64d635a4151de853c818cb6/1626query.txt	1
944cd815b2582c9add37342df0ce4df86dbad785141f390f0fbfb00935f555b8	184417	objects/94/944cd815b2582c9add37342df0ce4df86dbad785141f390f0fbfb00935f555b8/1612_p263.txt	2
94770fe22cc4cdb1fd85b90ec0014a2b21aca69b93136dfe65592983363135a7	85680	objects/94/94770fe22cc4cdb1fd85b90ec0014a2b21aca69b93136dfe65592983363135a7/1067_p263.txt	2
947e936d77a7b46eac56f8a7c45a9bfb6e1cc54233b0ed418bab764143cc3f1f	288	objects/94/947e936d77a7b46eac56f8a7c45a9bfb6e1cc54233b0ed418bab764143cc3f1f/module_2018_263.json	1
9485107a141d8ea5e1c29e440f3c47d85dc003b13f984c28b5d8efb21f5a7122	3419	objects/94/9485107a141d8ea5e1c29e440f3c47d85dc003b13f984c28b5d8efb21f5a7122/MISSING.md	2
94890848f9b8f52077ae13c8cb688afbd4d614565bb75d8cccdec25dd5ef5fe8	90	objects/94/94890848f9b8f52077ae13c8cb688afbd4d614565bb75d8cccdec25dd5ef5fe8/1894_S5_p257.log	4
94a689fb906dc1aabecd86e1619e47d9ba7ad4d8e8177d635bce1a460a385975	425993	objects/94/94a689fb906dc1aabecd86e1619e47d9ba7ad4d8e8177d635bce1a460a385975/r3_q15_p32749.txt	2
94ac8ea7dec55f70b8cb8320aa8eccc9e00939eef13360d4112dd6794afe8bf3	278	objects/94/94ac8ea7dec55f70b8cb8320aa8eccc9e00939eef13360d4112dd6794afe8bf3/module_1960_B22_plane3_k6_p257.json	1
94e9669b94208fc8756d4187709699241e4bf48b535980edf25658db2fa24b38	26	objects/94/94e9669b94208fc8756d4187709699241e4bf48b535980edf25658db2fa24b38/stage_3.stderr	2
953f835ebe26f32ab5c5cb0d9c5353c3ddc06cbca86acd9091bcb589ac847554	12318	objects/95/953f835ebe26f32ab5c5cb0d9c5353c3ddc06cbca86acd9091bcb589ac847554/noquartic_possible.json	1
955263e982b5f638f183578016acf1e6a764e4682723bed97e58abbde377ef8f	296	objects/95/955263e982b5f638f183578016acf1e6a764e4682723bed97e58abbde377ef8f/compile_gates.json	1
9554a717744ba80699b2e850b37445e78384dfa702641259af77e315e0ac4220	277	objects/95/9554a717744ba80699b2e850b37445e78384dfa702641259af77e315e0ac4220/module_1888_B22_plane3_k6_p263.json	1
955722c16d84841f9473528f686a8d39727e8decf4b6236dfcfc8054d6ca244a	90	objects/95/955722c16d84841f9473528f686a8d39727e8decf4b6236dfcfc8054d6ca244a/1847_B22_plane0_k6_p257.log	4
95592660f7ab20f4c9fc37a0693493c91b6166e8e3d5de7ff99dde2844e900fe	288	objects/95/95592660f7ab20f4c9fc37a0693493c91b6166e8e3d5de7ff99dde2844e900fe/module_1682_257.json	1
956216c5e57d02f27370d5ba8eb6c1ccfb53ae355e0dbeb536800d3c188686cd	1723	objects/95/956216c5e57d02f27370d5ba8eb6c1ccfb53ae355e0dbeb536800d3c188686cd/RESEARCH_LOG.md	1
95704aef1c49ae74e32d412b9904b9bd2d001b06d28c7f660074b704e9bb12ad	256	objects/95/95704aef1c49ae74e32d412b9904b9bd2d001b06d28c7f660074b704e9bb12ad/module_1803_S5_p257.json	1
957fc1fbbf97f20714174760a6af050c6b0d48f8f9162e49cdfe302f624a922b	297641	objects/95/957fc1fbbf97f20714174760a6af050c6b0d48f8f9162e49cdfe302f624a922b/chunk_006.out	2
95c47ba304ea4e4e0d97c4c4cff24ce4bab4a0b9a8012e05d8f2b661d8139f70	135474	objects/95/95c47ba304ea4e4e0d97c4c4cff24ce4bab4a0b9a8012e05d8f2b661d8139f70/1395_p257.txt	2
95eae10d69c5385d724fc96086377e2808e05b3111976f0cc6518991c4a3c602	90	objects/95/95eae10d69c5385d724fc96086377e2808e05b3111976f0cc6518991c4a3c602/1715_S4_p257.log	4
960fad7a68f82d27c6e4b4ba88a88180fabe35a316c1e7fa1f8d8889fd731e06	88486	objects/96/960fad7a68f82d27c6e4b4ba88a88180fabe35a316c1e7fa1f8d8889fd731e06/1103_p257.txt	2
9620020d7373e171c83c0d73f614c578310b61f974d5a733d0d90794d6316a99	185159	objects/96/9620020d7373e171c83c0d73f614c578310b61f974d5a733d0d90794d6316a99/1667.txt	1
96566163cf483fc59a7146857ba7dcf653cdef89b8c09e69f69176c76df8ee3a	7480	objects/96/96566163cf483fc59a7146857ba7dcf653cdef89b8c09e69f69176c76df8ee3a/chunk_006.in	2
96654de6ffa7839766c525d13cd77811a2f0e271885427d82191738997ac9198	1955	objects/96/96654de6ffa7839766c525d13cd77811a2f0e271885427d82191738997ac9198/HANDOFF.md	6
9680e288c158fe4c979475e4821daf4e6cb27213c32896da1631f5ab48e7d8b5	90	objects/96/9680e288c158fe4c979475e4821daf4e6cb27213c32896da1631f5ab48e7d8b5/module_1770_257.log	2
968e641f1d4b6c807dea14bfca5b026b998106ffdc7470b14a8e582fcf409f2c	151	objects/96/968e641f1d4b6c807dea14bfca5b026b998106ffdc7470b14a8e582fcf409f2c/case_1969_B22_plane5_k4.txt	1
96a300942f3796505de60c5f1339251c1f747000779a915b0ac6073461a88c8d	186	objects/96/96a300942f3796505de60c5f1339251c1f747000779a915b0ac6073461a88c8d/q5_mod32749.stderr	2
96bb930fa6b75adb03537525265ee691db1beec65e2bf803a20306f8705f9bce	289	objects/96/96bb930fa6b75adb03537525265ee691db1beec65e2bf803a20306f8705f9bce/module_1759_257.json	1
96cd9ec25482778c4b38c0b6099c02180547d9a5940c066f8f4ec2ad7f65f1b7	228070	objects/96/96cd9ec25482778c4b38c0b6099c02180547d9a5940c066f8f4ec2ad7f65f1b7/1808_B22_plane3_k6.txt	1
971d6781209a3ea521144e142d57bb8c2b1d4950ff0a81c6b28fb73116f62a63	249108	objects/97/971d6781209a3ea521144e142d57bb8c2b1d4950ff0a81c6b28fb73116f62a63/1847_B22_plane1_k4.txt	1
977034771af96560a74f029f52a73119a91a87467f139492f811e646f8f454d5	251316	objects/97/977034771af96560a74f029f52a73119a91a87467f139492f811e646f8f454d5/1858.txt	1
97ad68d81345d91317859960840f6bbd0c6d8e3599b9eb3a26f164ea8b20cc96	278	objects/97/97ad68d81345d91317859960840f6bbd0c6d8e3599b9eb3a26f164ea8b20cc96/module_1629_B22_plane0_k4_p263.json	1
97c3372ed43424a21cb060ba1ad7b80bc5902ac9723d94694f829a36a69303fc	278	objects/97/97c3372ed43424a21cb060ba1ad7b80bc5902ac9723d94694f829a36a69303fc/module_1960_B22_plane3_k6_p263.json	1
97e1380e30696f9a741e019c31fb4ab4359787c05c0ffb15f783b097afb914d3	3504	objects/97/97e1380e30696f9a741e019c31fb4ab4359787c05c0ffb15f783b097afb914d3/pattern_E_delta4_delta6_q5_jets.cpp	2
97e887a318db410d80c9cd36e80acc3e6c273c13fb81b2c0f7ff3ce9c885478a	212443	objects/97/97e887a318db410d80c9cd36e80acc3e6c273c13fb81b2c0f7ff3ce9c885478a/1765_B22_plane3_k6.txt	1
97f1a4b4ce21a6a718cc7863f2ea13b287ff5fe5751c2d814bab4b5040047ee2	9971	objects/97/97f1a4b4ce21a6a718cc7863f2ea13b287ff5fe5751c2d814bab4b5040047ee2/REPORT.md	6
9805c491aa8abb3e34fa4dfd81f53a217d70aac14d127de391d2ab940361388a	89	objects/98/9805c491aa8abb3e34fa4dfd81f53a217d70aac14d127de391d2ab940361388a/f58_q9_rank_32719.log	4
9815a3a8b01ef169313673caf65cd55653ea32271c6a45c72280359d86b6aa5e	283	objects/98/9815a3a8b01ef169313673caf65cd55653ea32271c6a45c72280359d86b6aa5e/minors_q5_47_32749.json	1
981f47fb59adbdaa959d67d05a92de6698523a31d846affb8c9410591edf7e6e	6483	objects/98/981f47fb59adbdaa959d67d05a92de6698523a31d846affb8c9410591edf7e6e/chunk_001.in	2
987048bc2a70f0c872b75d7d0886f884d3d5560ec20d1dd88a1473713f96f66b	264824	objects/98/987048bc2a70f0c872b75d7d0886f884d3d5560ec20d1dd88a1473713f96f66b/1894_B22_plane4_k6.txt	1
989ab251e5334f26bfbf18bd9bf59ba9f6b6a18f36002198eeabfeacbaaa280f	6832	objects/98/989ab251e5334f26bfbf18bd9bf59ba9f6b6a18f36002198eeabfeacbaaa280f/tests.py	1
991388668eeb858b3bf9c0ffd29f4d67a09532534faefed55aa6e4a2519c36c1	28514	objects/99/991388668eeb858b3bf9c0ffd29f4d67a09532534faefed55aa6e4a2519c36c1/summary.json	4
9939872d42f0fb549c0ac57ec980e71caa0bd484f0146d7ca28601197369a378	67	objects/99/9939872d42f0fb549c0ac57ec980e71caa0bd484f0146d7ca28601197369a378/f58_q8_alternate_minor.log	2
9957604866f5cd5f130e3f32a2e87449ccf424f20914fe9a4b7008d1710df1ec	90	objects/99/9957604866f5cd5f130e3f32a2e87449ccf424f20914fe9a4b7008d1710df1ec/1765_B22_plane2_k6_p257.log	4
9982668e95cde929d63d93df24ea2ea9d19659df388fce9b8629937601b6291a	278	objects/99/9982668e95cde929d63d93df24ea2ea9d19659df388fce9b8629937601b6291a/module_1627_B22_plane0_k6_p263.json	1
999cac7f4715eba5e920fd0162f9c8b58eb6e22c3203981224e3346585db3fe2	81	objects/99/999cac7f4715eba5e920fd0162f9c8b58eb6e22c3203981224e3346585db3fe2/q17r4.gates.log	1
99a548d6da1c18abac7a9d488e57b57e3842e07027da949184b4826b0fd4577f	30461	objects/99/99a548d6da1c18abac7a9d488e57b57e3842e07027da949184b4826b0fd4577f/gates.txt	2
99c12d5a388d0fbedc8da783c2a2ec31061ae372b2e5b9d69a1f2d64ee530b19	151	objects/99/99c12d5a388d0fbedc8da783c2a2ec31061ae372b2e5b9d69a1f2d64ee530b19/case_1808_B22_plane1_k4.txt	1
99e0252f3e363857d3d4ee739af9f99aca1069179b94c1ce7bddbfada80dd59c	660009	objects/99/99e0252f3e363857d3d4ee739af9f99aca1069179b94c1ce7bddbfada80dd59c/minors32719.txt	1
99e6240c37685ed8a2db4fe90fe4a3d569c218643c697e16209b983c8ef0c8e9	151	objects/99/99e6240c37685ed8a2db4fe90fe4a3d569c218643c697e16209b983c8ef0c8e9/case_1969_B22_plane2_k6.txt	1
99f85a7bc713813eb87e2b6c88b0d1115172af5dd61f6b2949ca81811e72ec1e	278	objects/99/99f85a7bc713813eb87e2b6c88b0d1115172af5dd61f6b2949ca81811e72ec1e/module_1847_B22_plane5_k6_p263.json	1
9a030aa7072e998377f244ea851513becf6405804cf5d65b8f194614f1e52a81	228605	objects/9a/9a030aa7072e998377f244ea851513becf6405804cf5d65b8f194614f1e52a81/1805_B22_plane5_k4.txt	1
9a0b9c0f16935e17cbd75f96f107f97c011a103580fdeed96d794e5fbf074013	151	objects/9a/9a0b9c0f16935e17cbd75f96f107f97c011a103580fdeed96d794e5fbf074013/case_1629_S4.txt	1
9a0eaca43da85d065b3ecd7e735d64a87e4d3d837feeece51c2ea61884e50388	2947	objects/9a/9a0eaca43da85d065b3ecd7e735d64a87e4d3d837feeece51c2ea61884e50388/pattern_B_delta6_delta8_gates.cpp	2
9a1a27b636a7c100a119b8cd1500480325a23926348b6c68ff09c1325e3d4783	151	objects/9a/9a1a27b636a7c100a119b8cd1500480325a23926348b6c68ff09c1325e3d4783/case_1894_B22_plane3_k4.txt	1
9a2a1fb3302aaf8f8cb79ddb6a8325b3c50bd0099b797641012f6db6256b773f	110336	objects/9a/9a2a1fb3302aaf8f8cb79ddb6a8325b3c50bd0099b797641012f6db6256b773f/1229_p263.txt	2
9a380dcbcc97eaf417cc8ef980014908c0c2a2fa5b73671392e8f7ab389a5fad	289	objects/9a/9a380dcbcc97eaf417cc8ef980014908c0c2a2fa5b73671392e8f7ab389a5fad/module_1772_257.json	1
9aca59da016f085251d40df38f6915446fe3d8f92cee3d03205b8f43abebcc52	178857	objects/9a/9aca59da016f085251d40df38f6915446fe3d8f92cee3d03205b8f43abebcc52/1630_S4.txt	1
9ad341ae492cc3f37e988989b5151a73a34a949098b3053617cb3692818e4c68	249268	objects/9a/9ad341ae492cc3f37e988989b5151a73a34a949098b3053617cb3692818e4c68/1847_B22_plane2_k6.txt	1
9b22364d28f78139334ad6e4b9fe1d363c74958f4d30e95894af6de9ab8bdc60	278	objects/9b/9b22364d28f78139334ad6e4b9fe1d363c74958f4d30e95894af6de9ab8bdc60/module_1904_B22_plane3_k4_p263.json	1
9b458a42d180b5e11162b47a407da9fa295140fa0517acc40fa4913bdcf7e87a	178795	objects/9b/9b458a42d180b5e11162b47a407da9fa295140fa0517acc40fa4913bdcf7e87a/1629_S4.txt	1
9b4fa89f8c682716bccb89ab1b9859abb74c87c873bb7d98b8989f732545c02e	4765	objects/9b/9b4fa89f8c682716bccb89ab1b9859abb74c87c873bb7d98b8989f732545c02e/check_small_and_negative.py	1
9b7b0ec8384657dfc97fbdbf43f0e955a3b84f17037e22ef998bea7f66340a44	1322748	objects/9b/9b7b0ec8384657dfc97fbdbf43f0e955a3b84f17037e22ef998bea7f66340a44/chunk_003.out	2
9b8076733e53c72d143e8d64e6cd47b626a09664714ee5eb6f94f01cfbabc66f	2398	objects/9b/9b8076733e53c72d143e8d64e6cd47b626a09664714ee5eb6f94f01cfbabc66f/stage_0.stdout	4
9ba4b41ad39bca0ab8e1bec57d42447b42f9863573a11e6e475ea6485f1ff027	95664	objects/9b/9ba4b41ad39bca0ab8e1bec57d42447b42f9863573a11e6e475ea6485f1ff027/1156_p257.txt	2
9bca481f4411a45513277ccccbbfaf68a1ad6931a8ce212627777bc9e0a836af	256	objects/9b/9bca481f4411a45513277ccccbbfaf68a1ad6931a8ce212627777bc9e0a836af/module_1630_S4_p257.json	1
9bd9697f9b33c1596cd9591e583088a82cec75f381498c9051a1d49d9251cfca	237	objects/9b/9bd9697f9b33c1596cd9591e583088a82cec75f381498c9051a1d49d9251cfca/AUTHOR_RECEIPT.json	1
9be072456730ea118f6ce052ff6a348069adb46b73f0f6bd66625c347276b540	121719	objects/9b/9be072456730ea118f6ce052ff6a348069adb46b73f0f6bd66625c347276b540/1336_p257.txt	2
9c06f027680a8076776ac0f912e0d4ab7a3b52c5edb58f0aca0e48bca8588366	90	objects/9c/9c06f027680a8076776ac0f912e0d4ab7a3b52c5edb58f0aca0e48bca8588366/1888_B22_plane1_k4_p257.log	4
9c15813fa6c5b7452bbbb5de32ac0e4f9b0318f9a176351bde249cd41a079e56	90	objects/9c/9c15813fa6c5b7452bbbb5de32ac0e4f9b0318f9a176351bde249cd41a079e56/module_2034_257.log	2
9c215d4d89975aa20844259531561b5cf40faf358f4a064b50c2fd9e3a5c372a	29	objects/9c/9c215d4d89975aa20844259531561b5cf40faf358f4a064b50c2fd9e3a5c372a/A_delta6_delta7_q7.gates.stdout	2
9c556f6d7a6970bac140b0dcd1e33d9550038d64e31d180be8de46156b2e88f3	266241	objects/9c/9c556f6d7a6970bac140b0dcd1e33d9550038d64e31d180be8de46156b2e88f3/1888_B22_plane5_k6.txt	1
9c561f091fdc1907932dccd661033e6ce0dd31902fcd3d93eef028d2142b789d	151	objects/9c/9c561f091fdc1907932dccd661033e6ce0dd31902fcd3d93eef028d2142b789d/case_1629_B22_plane0_k4.txt	1
9c57a99870927464a2e146d63c3bf546a91d3950e62a6eb81ee42735345fd7d8	244197	objects/9c/9c57a99870927464a2e146d63c3bf546a91d3950e62a6eb81ee42735345fd7d8/1847_B22_plane0_k4.txt	1
9c61140589f760c543dda7c1e61d8c725c030f19657cd47424d35f75146fa888	288	objects/9c/9c61140589f760c543dda7c1e61d8c725c030f19657cd47424d35f75146fa888/module_1858_257.json	1
9c6a3cc7dc8751ef1375a8dd9b3ec765f221dce2e4fa35d5f7bb4473eda9e6ec	102	objects/9c/9c6a3cc7dc8751ef1375a8dd9b3ec765f221dce2e4fa35d5f7bb4473eda9e6ec/changed_determinant.log	1
9c7a189a68a77cba7673120755e2d4b13ff302b467b13e45424d9ddcb1889d6b	166542	objects/9c/9c7a189a68a77cba7673120755e2d4b13ff302b467b13e45424d9ddcb1889d6b/1551_p257.txt	2
9c7c1bd8ec192f81c021eef21848f09f46224c62dbd832f345f6bd26d2500e8e	190	objects/9c/9c7c1bd8ec192f81c021eef21848f09f46224c62dbd832f345f6bd26d2500e8e/A_delta6_delta7_q6.gates.stderr	2
9c7f7a1461859567d1fd195dfd5402d2430573db555ac3d3828deafdf364ee1a	371	objects/9c/9c7f7a1461859567d1fd195dfd5402d2430573db555ac3d3828deafdf364ee1a/fees_all_1.json	1
9caf6405e6b0a95d158adea7da3e789362ad18c42881879bbe81e9f84fac6c1a	228486	objects/9c/9caf6405e6b0a95d158adea7da3e789362ad18c42881879bbe81e9f84fac6c1a/1808_B22_plane5_k6.txt	1
9cc3018f1f9401a7e81fdf909e460b44a6329afe4dab66b2d7d2536d95b535e7	6468	objects/9c/9cc3018f1f9401a7e81fdf909e460b44a6329afe4dab66b2d7d2536d95b535e7/chunk_005.in	2
9ce6106a24e6d268ed4a8d9f606c2d560238355aa1273c7eb3732646ca65d3d6	895	objects/9c/9ce6106a24e6d268ed4a8d9f606c2d560238355aa1273c7eb3732646ca65d3d6/SOURCE_MANIFEST.json	2
9cfd0a6482ccd69de36cde54899aa75518499e0ec691e5d0490ae212b3ee939a	66	objects/9c/9cfd0a6482ccd69de36cde54899aa75518499e0ec691e5d0490ae212b3ee939a/r3_q14_alternate_minor.log	2
9d0648b822937e7f8203f3b2575f021b00467bd6a93ef2be8a4faccb20195e94	175217	objects/9d/9d0648b822937e7f8203f3b2575f021b00467bd6a93ef2be8a4faccb20195e94/1629_B22_plane0_k6.txt	1
9d57548e9e3d4d0588401a35988da39b4cb75af57f5695ed90e0dc954c27a505	223	objects/9d/9d57548e9e3d4d0588401a35988da39b4cb75af57f5695ed90e0dc954c27a505/gates_q5_57.json	1
9d66dfbcd9b9169c1210aa8b14d211784fabf548a7dd793ae110699b28c107e5	278	objects/9d/9d66dfbcd9b9169c1210aa8b14d211784fabf548a7dd793ae110699b28c107e5/module_1765_B22_plane5_k4_p257.json	1
9d83e379690f11be319b50ec4ba5cab2752b7f289eac3a5c9f13d810a99976b1	144078	objects/9d/9d83e379690f11be319b50ec4ba5cab2752b7f289eac3a5c9f13d810a99976b1/1436_p263.txt	2
9d946b0418ec3d38db38c7355c2f14e5e769005051962f391a49c91725601574	215529	objects/9d/9d946b0418ec3d38db38c7355c2f14e5e769005051962f391a49c91725601574/1765_S5.txt	1
9db04ed7b75c1efd77bda11d217376ee1862345d2e872adea8543129e4a16116	2404	objects/9d/9db04ed7b75c1efd77bda11d217376ee1862345d2e872adea8543129e4a16116/summary.json	4
9dc1fe0cdf70e9566937e27b9243a645def8b93537c0e0dbea0fdcdd993c719a	127	objects/9d/9dc1fe0cdf70e9566937e27b9243a645def8b93537c0e0dbea0fdcdd993c719a/positive_payoff.stdout	2
9de0c7b0e02ab8204f98cd5db9bfa4ecd778affeff005d6a8ac5b7c73d3b7d14	90	objects/9d/9de0c7b0e02ab8204f98cd5db9bfa4ecd778affeff005d6a8ac5b7c73d3b7d14/1803_B22_plane0_k6_p257.log	4
9e0358302efdfaf08e0969bdd0cfca7311c687d2c2f31f66e140f8dadc229f71	810	objects/9e/9e0358302efdfaf08e0969bdd0cfca7311c687d2c2f31f66e140f8dadc229f71/check_quartic.py	1
9e20ae45409f2e3b8bd04209e242f94c7fe6125614dfc481afa0ff20b94cbe61	216868	objects/9e/9e20ae45409f2e3b8bd04209e242f94c7fe6125614dfc481afa0ff20b94cbe61/1765_B22_plane5_k6.txt	1
9e76c53e1c4f7feb299c955f23195adc1c8a12ab9f37035e10e1330dd9a6b783	129	objects/9e/9e76c53e1c4f7feb299c955f23195adc1c8a12ab9f37035e10e1330dd9a6b783/check_1641.log	1
9e885adcb060b7aaec9f5475acf3bda0e8d26b59dbbf82d69600fc591da83a7d	264676	objects/9e/9e885adcb060b7aaec9f5475acf3bda0e8d26b59dbbf82d69600fc591da83a7d/1894_B22_plane0_k6.txt	1
9e97f29b5a4ae070440ea71e79caf22e9f7e15d707026c7a9a0b3efeffde64e4	227088	objects/9e/9e97f29b5a4ae070440ea71e79caf22e9f7e15d707026c7a9a0b3efeffde64e4/1791_S5.txt	1
9ec33aeebc99b791c10133e7baea4b4ee19dc087517fb72282f5163a47d3ada5	125	objects/9e/9ec33aeebc99b791c10133e7baea4b4ee19dc087517fb72282f5163a47d3ada5/previous_EDGE8_zip.sha256	2
9ef68921b5bcbd071ec3d80f57de4d3793af291d38603b277ee734375a001958	300025	objects/9e/9ef68921b5bcbd071ec3d80f57de4d3793af291d38603b277ee734375a001958/1960_B22_plane3_k6.txt	1
9efd875161451d7cd8d945956d5a4b92ca14f44e67eb34abebed2574fdbedc3c	196158	objects/9e/9efd875161451d7cd8d945956d5a4b92ca14f44e67eb34abebed2574fdbedc3c/1715_S5.txt	1
9f04194146890a5c469994ac60893cd22f535edb08a0f0957ce62e716ab26ce7	1516	objects/9f/9f04194146890a5c469994ac60893cd22f535edb08a0f0957ce62e716ab26ce7/SOURCE_ADOPTION.md	2
9f12f3c0fa1742a726d07c4a8da2560b5c10bf421207aa8540533923e4b4a416	197090	objects/9f/9f12f3c0fa1742a726d07c4a8da2560b5c10bf421207aa8540533923e4b4a416/1720_B22_plane1_k6.txt	1
9f612f022414b03fb34c1d2984979f11ab1c663fd900a3e12f9a9eb6b50cc5e2	2229	objects/9f/9f612f022414b03fb34c1d2984979f11ab1c663fd900a3e12f9a9eb6b50cc5e2/B699-ProA-QUARTIC-COFACTOR-JETS-FRONTIER205-20260924-evidence.CLEAN_REPLAY_RECEIPT.json	1
9f83df15bc09be01c32f625afc67f6f58406110988db4e9c8a7e90fa354bc58d	305918	objects/9f/9f83df15bc09be01c32f625afc67f6f58406110988db4e9c8a7e90fa354bc58d/1960_B22_plane3_k6.txt	1
9f96c75c9ef3fe77fc2c1c8bf2db5f731c7cb835146e2411c738e8fd0f5a508e	151	objects/9f/9f96c75c9ef3fe77fc2c1c8bf2db5f731c7cb835146e2411c738e8fd0f5a508e/case_1736_B22_plane3_k6.txt	1
9fafb760a242f362ba6615631c2d3e43cee000fb804f13ef48688767c90b249c	90	objects/9f/9fafb760a242f362ba6615631c2d3e43cee000fb804f13ef48688767c90b249c/module_1844_257.log	4
9fe1f1f3e285b1ee8ef7fe02f37a353e3dc743f5d2e12d0f8018d378db15040a	6733	objects/9f/9fe1f1f3e285b1ee8ef7fe02f37a353e3dc743f5d2e12d0f8018d378db15040a/verify.py	2
a0097fc4b82ceb0d140dad2ea1a9465d3b7e313f8d795acedd5c5125b6630ecc	49	objects/a0/a0097fc4b82ceb0d140dad2ea1a9465d3b7e313f8d795acedd5c5125b6630ecc/alt_q7_47.log	1
a06f0d3471dac0d7a214424778f7c15d3a03ddaa8ee25035a13b512a520105ff	277	objects/a0/a06f0d3471dac0d7a214424778f7c15d3a03ddaa8ee25035a13b512a520105ff/module_1626_B22_plane0_k6_p257.json	1
a07cf9056d4ee170ea64ed19ae0663ae49b53ceb186e97d1079ee3bc754b94f5	265844	objects/a0/a07cf9056d4ee170ea64ed19ae0663ae49b53ceb186e97d1079ee3bc754b94f5/1888_B22_plane3_k6.txt	1
a07d67e63f893da299b8faccb7b934f7b172bbd06ee8f3f5f9053483fe050138	151	objects/a0/a07d67e63f893da299b8faccb7b934f7b172bbd06ee8f3f5f9053483fe050138/case_1894_B22_plane2_k4.txt	1
a0950e20ac1d76305ee25dba8e0917558c6d5c5600d990b86b6f5f8e4d071ea1	2058	objects/a0/a0950e20ac1d76305ee25dba8e0917558c6d5c5600d990b86b6f5f8e4d071ea1/coarse_frontier_raw_reverse.stdout	2
a0a524538bb36b5fa973906cf2876c5b1e6c5db7606857b9d4a13cdd1a651d69	88457	objects/a0/a0a524538bb36b5fa973906cf2876c5b1e6c5db7606857b9d4a13cdd1a651d69/1093_p257.txt	2
a0bc7bbd4ced0f12226b43c7f476921e342c77cbe1435dc4ecc5ca3b2d21321d	278	objects/a0/a0bc7bbd4ced0f12226b43c7f476921e342c77cbe1435dc4ecc5ca3b2d21321d/module_1888_B22_plane1_k6_p263.json	1
a10154a38688b916b27c5e29d1da4ce7ff30c4cb16970376200b1b052a9590a5	90	objects/a1/a10154a38688b916b27c5e29d1da4ce7ff30c4cb16970376200b1b052a9590a5/1904_B22_plane1_k6_p257.log	4
a10254f59f89cc49c2776768b29fa8e6b3bf769a9110dbafd506a1e8db45d04b	336	objects/a1/a10254f59f89cc49c2776768b29fa8e6b3bf769a9110dbafd506a1e8db45d04b/compile_extension.json	1
a1116744296518070403f28a2e314e4a157b02726cf2a4eb195a1c0606a347ce	289	objects/a1/a1116744296518070403f28a2e314e4a157b02726cf2a4eb195a1c0606a347ce/module_1729_257.json	1
a1203b31a27790e13ecbc615417ae52bc8cd78104af66fabe43eb02787b0abf5	90354	objects/a1/a1203b31a27790e13ecbc615417ae52bc8cd78104af66fabe43eb02787b0abf5/1101_p263.txt	2
a127809808723cd9bf273f863d9f169c7f720c127cc7584d5932413975901f2b	3516	objects/a1/a127809808723cd9bf273f863d9f169c7f720c127cc7584d5932413975901f2b/chunk_004.in	2
a15152107bf651abe9fb92b34c1b7603601a9ef7f11677ae4d371cfea3c95e45	278	objects/a1/a15152107bf651abe9fb92b34c1b7603601a9ef7f11677ae4d371cfea3c95e45/module_1811_B22_plane4_k4_p257.json	1
a161e98fd9c9b8dc00f5ebe6b38494f4e47abfc2297d5dbb8b36e97a61ed96ea	1762	objects/a1/a161e98fd9c9b8dc00f5ebe6b38494f4e47abfc2297d5dbb8b36e97a61ed96ea/diag_rows.txt	1
a165a367a2a7ea4ba21777d0a22736e588da818ac5145f8828c0a4c6052e889c	353049	objects/a1/a165a367a2a7ea4ba21777d0a22736e588da818ac5145f8828c0a4c6052e889c/2034.txt	1
a16f7909a9bf00382c8fdc332e7f3e70b679bd9dd0bee16112ec61acb16d9b13	256	objects/a1/a16f7909a9bf00382c8fdc332e7f3e70b679bd9dd0bee16112ec61acb16d9b13/module_1765_S4_p257.json	1
a183c0bb8153bc52c5666d4ddc1c5c7eb773c1eda5eb5bc50f0ed30f88f75de3	310848	objects/a1/a183c0bb8153bc52c5666d4ddc1c5c7eb773c1eda5eb5bc50f0ed30f88f75de3/1969_B22_plane1_k4.txt	1
a19f388f9687259402347ec5b5617f19bc5368c0060be88cc7e868220c7e40ba	28319	objects/a1/a19f388f9687259402347ec5b5617f19bc5368c0060be88cc7e868220c7e40ba/rank_p32719.txt	2
a1da5890d42787ce203a3db862e20899d202fc52d8f2a7e9d2f129942917b31d	26142	objects/a1/a1da5890d42787ce203a3db862e20899d202fc52d8f2a7e9d2f129942917b31d/gates_alt.txt	1
a1eb44d91ba938671ed090caffb791f4ccce4e1d8d7860740b53b0460880f28f	588	objects/a1/a1eb44d91ba938671ed090caffb791f4ccce4e1d8d7860740b53b0460880f28f/IMPLEMENTATION_CORRECTION.md	2
a1ebb5f6b932554b4aeae437e16a71f5caeae30534b717f5057a749d7c8c10a9	290	objects/a1/a1ebb5f6b932554b4aeae437e16a71f5caeae30534b717f5057a749d7c8c10a9/INPUT_INTEGRITY.json	1
a1f35701526393e3390edd92a0f85e3ad41aac6b7b42bfc65bc59126140b5eb8	31	objects/a1/a1f35701526393e3390edd92a0f85e3ad41aac6b7b42bfc65bc59126140b5eb8/fee_subcapacities_cpp.log	1
a1f42b1c6c963e2e2d88eb5a4e652c13c6883e3b2eb909f29b2f5e2ab9580e05	90	objects/a1/a1f42b1c6c963e2e2d88eb5a4e652c13c6883e3b2eb909f29b2f5e2ab9580e05/1765_B22_plane5_k6_p257.log	4
a1f59912b7b42a9e1f56473bea2f90104c6be9262adce82d3bdd16870b35fb24	200605	objects/a1/a1f59912b7b42a9e1f56473bea2f90104c6be9262adce82d3bdd16870b35fb24/1715_S4.txt	1
a1fa11016e67377c1a08aa054facc97bca7eb0f00f005a77c768e89924989b9d	2945	objects/a1/a1fa11016e67377c1a08aa054facc97bca7eb0f00f005a77c768e89924989b9d/fees_noP4.txt	2
a208c18d900e90dc815345adb5c49bc53b30d7e2ff0376fb495afb302e11a1ac	225	objects/a2/a208c18d900e90dc815345adb5c49bc53b30d7e2ff0376fb495afb302e11a1ac/alt_q5_57.json	1
a20f00e7bc820fb24494745c9ea714ac24c6ad27521c57e120fef70cb82e3dba	21475	objects/a2/a20f00e7bc820fb24494745c9ea714ac24c6ad27521c57e120fef70cb82e3dba/CLEAN_REPLAY_CORE_RECEIPT.json	2
a22c2dd1538d93bc84380da5c07b1fab356e470c68e7f399d0c51b088b824352	44	objects/a2/a22c2dd1538d93bc84380da5c07b1fab356e470c68e7f399d0c51b088b824352/A_delta6_delta7_q7.p32719.stderr	2
a235ca84c15dd51de5e374043dcc5f4952dd5d2ab36f09dee63b4b31dcbaed6f	278	objects/a2/a235ca84c15dd51de5e374043dcc5f4952dd5d2ab36f09dee63b4b31dcbaed6f/module_1847_B22_plane0_k6_p257.json	1
a241801128d0b81db73e6d16d8c52908661a71dd2648596a16ba65fc35ee162a	44	objects/a2/a241801128d0b81db73e6d16d8c52908661a71dd2648596a16ba65fc35ee162a/alt_q5_57.log	1
a25a416f1fec67e805769b20ff07a8290efa875f51e77d8148e7a98f24689293	179178	objects/a2/a25a416f1fec67e805769b20ff07a8290efa875f51e77d8148e7a98f24689293/1627_B22_plane0_k4.txt	1
a268a9ee84aecb94191294736ce5e3f75591844498633587264e00b6e872b673	172833	objects/a2/a268a9ee84aecb94191294736ce5e3f75591844498633587264e00b6e872b673/MANIFEST.sha256	1
a268b5117257dbbca2d24b84feed35f12c9a73adbca5ae8fe7703b2a0d056bd0	160	objects/a2/a268b5117257dbbca2d24b84feed35f12c9a73adbca5ae8fe7703b2a0d056bd0/q4_mod32749.stderr	2
a285732ead8823e9e561680f81f31f1684c35a61ea784d9be704af10070b769e	6096	objects/a2/a285732ead8823e9e561680f81f31f1684c35a61ea784d9be704af10070b769e/q17r5.cross.gates	1
a28a47f9aaa4193d8cc039c3c13613abf785cb572976c85d856c8e68a12a80e6	151	objects/a2/a28a47f9aaa4193d8cc039c3c13613abf785cb572976c85d856c8e68a12a80e6/case_1706_S5.txt	1
a2a0f3239065090b118c21f80b063a15d441fc264b5d52d6f37427e670bd98a4	90	objects/a2/a2a0f3239065090b118c21f80b063a15d441fc264b5d52d6f37427e670bd98a4/module_1882_257.log	2
a2bd12ef7a4bf0f8e79a06dad84267b066b2d03ea9424c2761d4e00c982fa955	10936	objects/a2/a2bd12ef7a4bf0f8e79a06dad84267b066b2d03ea9424c2761d4e00c982fa955/PROOFS.md	5
a2f61508f6b1ff7ac159fec783d3b58324f5f62898d6e370b2289db51dc1cc7c	273502	objects/a2/a2f61508f6b1ff7ac159fec783d3b58324f5f62898d6e370b2289db51dc1cc7c/1904_S5.txt	1
a31523d68769edb6abe30f50a34dc7a2b5b599e1b88e218a5cd04ee3af4e62ef	256459	objects/a3/a31523d68769edb6abe30f50a34dc7a2b5b599e1b88e218a5cd04ee3af4e62ef/1858.txt	1
a3719fd94c11f95526636216329a0965f625c9691879cf0f6e3ea0f09fc7140b	278	objects/a3/a3719fd94c11f95526636216329a0965f625c9691879cf0f6e3ea0f09fc7140b/module_1765_B22_plane4_k6_p263.json	1
a3a2b33c4cf1f6cf682de4b1d314d790bc63c3d6dd124e00b9fbf20fd84da186	66	objects/a3/a3a2b33c4cf1f6cf682de4b1d314d790bc63c3d6dd124e00b9fbf20fd84da186/q17r4.minors.log	1
a3ad18a288075ba7d7d460dfc52a1648a74bb342cd5dbd71f650109c04921010	6856	objects/a3/a3ad18a288075ba7d7d460dfc52a1648a74bb342cd5dbd71f650109c04921010/chunk_001.in	2
a3e08d212efa2db8892e0260e6f9fdd03f61ca38bb21a7fab2b9ac5d56ebb6b7	90	objects/a3/a3e08d212efa2db8892e0260e6f9fdd03f61ca38bb21a7fab2b9ac5d56ebb6b7/1706_S5_p257.log	4
a3e3af44681d950e32aeadcabea40bb5aa8805c21dcd04001bf6a603580c18d0	6775	objects/a3/a3e3af44681d950e32aeadcabea40bb5aa8805c21dcd04001bf6a603580c18d0/all.txt	1
a405925b672af2a1146d758fcb9f82796ab00eb27639e00f759fb5dd579e685d	83849	objects/a4/a405925b672af2a1146d758fcb9f82796ab00eb27639e00f759fb5dd579e685d/1056_p257.txt	2
a43364e3f67a62ec06733d2bf04bbc4691eae33d779e881503aed0b4840a5442	66206	objects/a4/a43364e3f67a62ec06733d2bf04bbc4691eae33d779e881503aed0b4840a5442/gates_full.txt	2
a482c0b68a0ccbe791681569c11ef568a5f630e779a68678775821b18838e38e	256	objects/a4/a482c0b68a0ccbe791681569c11ef568a5f630e779a68678775821b18838e38e/module_1801_S4_p257.json	1
a49145b68092fbfcf3d3b656e6a2eb42070409efdde2df0642dcfd8bb3ddb8fd	121193	objects/a4/a49145b68092fbfcf3d3b656e6a2eb42070409efdde2df0642dcfd8bb3ddb8fd/1309_p263.txt	2
a4b133a70d53e15edaba119f888941eba81ab36cba51d416609a4d1560fbf6bb	98145	objects/a4/a4b133a70d53e15edaba119f888941eba81ab36cba51d416609a4d1560fbf6bb/1160_p257.txt	2
a4c42158315184f223319da3696607e11565195cf1483303cf4998c3948e087e	4560310	objects/a4/a4c42158315184f223319da3696607e11565195cf1483303cf4998c3948e087e/f58_q9_p32719.txt	2
a4d15547e801b2bfa33ebc3fb2f03a8a4eee250b4bf03dc7ebbc0edfd43114d4	277	objects/a4/a4d15547e801b2bfa33ebc3fb2f03a8a4eee250b4bf03dc7ebbc0edfd43114d4/module_1811_B22_plane0_k6_p257.json	1
a4e18374cc8cc1866bcb9d58599faf449550ea1daa4041db658e4feaa907ef26	151	objects/a4/a4e18374cc8cc1866bcb9d58599faf449550ea1daa4041db658e4feaa907ef26/case_1847_B22_plane0_k6.txt	1
a51aae83c78578d94317eb8eead8ac89fe13893be7f34a3a98ce83ee266d126f	787324	objects/a5/a51aae83c78578d94317eb8eead8ac89fe13893be7f34a3a98ce83ee266d126f/chunk_003.out	2
a52aed57a66e27a8da1a34d915939746922e72ea5271ab6b91b386e73c4f6937	278	objects/a5/a52aed57a66e27a8da1a34d915939746922e72ea5271ab6b91b386e73c4f6937/module_1765_B22_plane2_k6_p257.json	1
a55864eeff1c73a71d01248d6095c85a2e5c02718e3f1ff10f63580e2cb03864	384	objects/a5/a55864eeff1c73a71d01248d6095c85a2e5c02718e3f1ff10f63580e2cb03864/fees_withoutS5_1.json	1
a58199687e3142bee7fbfaeacb038aa877052b8f38981c3a1f43d4267386d223	8078998	originals/research_rounds/R11_R3K16-S5-COFACTOR-H113__B699-ProA-R3K16-S5-COFACTOR-H113-20260924-evidence.zip	1
a584c04a8e1368a9d8aa4e50680bd49bad05ab5c0d90f06f6088ee22775b6812	90	objects/a5/a584c04a8e1368a9d8aa4e50680bd49bad05ab5c0d90f06f6088ee22775b6812/1969_B22_plane1_k4_p257.log	4
a590831eced09bf87accb89ecc5adf510054c5b275e260ffc38ce26bcd2aee4e	47	objects/a5/a590831eced09bf87accb89ecc5adf510054c5b275e260ffc38ce26bcd2aee4e/alt_q7_57.log	1
a5b959dfb76911c8fadace303aa4f719b00af256a35a67d32e4969ff66da950e	287	objects/a5/a5b959dfb76911c8fadace303aa4f719b00af256a35a67d32e4969ff66da950e/module_2004_263.json	1
a5e2e7b8ae5bc55fb9f8f6cb4a21b3cb35685d00cf4d68ab3e6c6fb0eac31974	90	objects/a5/a5e2e7b8ae5bc55fb9f8f6cb4a21b3cb35685d00cf4d68ab3e6c6fb0eac31974/1904_B22_plane1_k4_p257.log	4
a6018bd65d2910004585335d224071a655d5531965f05c96ad8630e867b123d4	10835	objects/a6/a6018bd65d2910004585335d224071a655d5531965f05c96ad8630e867b123d4/PROOFS.md	7
a61a69be8fa04e71f3252b7848e720738786f4a253b2a53de0d34eda329865bf	80	objects/a6/a61a69be8fa04e71f3252b7848e720738786f4a253b2a53de0d34eda329865bf/q16r5.gates_cross.log	1
a6238bddd1987b1fc2cc5ecab1652e67d54d8f887d3df19b8aa170e5bdf39d3c	43	objects/a6/a6238bddd1987b1fc2cc5ecab1652e67d54d8f887d3df19b8aa170e5bdf39d3c/F_delta5_delta8_q6.32719.stdout	4
a6c5a5db51e2347153fef2b5224469af6f26f1e0fdfc9186bf8e3fa765733e8b	270	objects/a6/a6c5a5db51e2347153fef2b5224469af6f26f1e0fdfc9186bf8e3fa765733e8b/compile_fee_cells.json	1
a6e4644e56d55d4d580f97d680d4c2447bdea3b1eba7061d014ee480051431c4	17516	objects/a6/a6e4644e56d55d4d580f97d680d4c2447bdea3b1eba7061d014ee480051431c4/FROZEN_INPUTS.json	1
a72ce501e4960e8d8ebc56114c52a36b8df29aa6295c46b0f6806aeb91948152	221	objects/a7/a72ce501e4960e8d8ebc56114c52a36b8df29aa6295c46b0f6806aeb91948152/f58_q8_generate.log	2
a72fe5b1d6d82024edbb552cbda08a7b2d3d32bd504b10cb517bbe026199dec3	151	objects/a7/a72fe5b1d6d82024edbb552cbda08a7b2d3d32bd504b10cb517bbe026199dec3/case_1904_B22_plane3_k6.txt	1
a74011aa36d0850b5343faf5f94def01c7ee4e15daddaf49c1e95353cf4dfc1b	216631	objects/a7/a74011aa36d0850b5343faf5f94def01c7ee4e15daddaf49c1e95353cf4dfc1b/1765_B22_plane1_k4.txt	1
a750067b8434824bb3fa79a460ab631fa4598be4b2e5aee9e06acd1d9e32af36	3177	objects/a7/a750067b8434824bb3fa79a460ab631fa4598be4b2e5aee9e06acd1d9e32af36/CLEAN_REPLAY_RECEIPT.json	8
a769f72630f139bca2590991cd2f897743ad0608e7e70a8ffbb31d5816d09d8d	1586	objects/a7/a769f72630f139bca2590991cd2f897743ad0608e7e70a8ffbb31d5816d09d8d/SOURCE_ADOPTION.md	2
a7715bfaa39c98e6158cecc9d6f206cd6aaf87436ea712b8a8259e8a4dc571b4	641306	objects/a7/a7715bfaa39c98e6158cecc9d6f206cd6aaf87436ea712b8a8259e8a4dc571b4/state_1623_02000_04000.txt	2
a78ed0d549b5efbb99283dc15ba50ad6eea6e52445adf9b9f0fafcc4a0a75902	216450	objects/a7/a78ed0d549b5efbb99283dc15ba50ad6eea6e52445adf9b9f0fafcc4a0a75902/1765_B22_plane1_k6.txt	1
a7a2962d4c87d7f240cb84c5e988aa194dd94c298f37080ac8e11d0fec238657	274560	objects/a7/a7a2962d4c87d7f240cb84c5e988aa194dd94c298f37080ac8e11d0fec238657/1904_B22_plane1_k4.txt	1
a7bdf26547bb1948dbad85aa01ad06156499c9b74a51e9165045e290da1ea34a	208464	objects/a7/a7bdf26547bb1948dbad85aa01ad06156499c9b74a51e9165045e290da1ea34a/1736_B22_plane3_k6.txt	1
a7e6cf091f0986a757a60d9a368a884d24ad0d832f31dbabc8b99ee6cc56357b	278	objects/a7/a7e6cf091f0986a757a60d9a368a884d24ad0d832f31dbabc8b99ee6cc56357b/module_1904_B22_plane1_k6_p263.json	1
a83235fe6d5de3c99f2379c66485715384f79fd36d70de8dbedb24c039a5ae44	249020	objects/a8/a83235fe6d5de3c99f2379c66485715384f79fd36d70de8dbedb24c039a5ae44/1847_B22_plane3_k6.txt	1
a8371aed40d50e552f897a318fcbd456a9c5fa9957c788638ea528a9be899961	265869	objects/a8/a8371aed40d50e552f897a318fcbd456a9c5fa9957c788638ea528a9be899961/1888_B22_plane2_k6.txt	1
a841851ac865e6f5accc015ae80f57a972bef6329080d51ccedf5e3b2a18723c	288	objects/a8/a841851ac865e6f5accc015ae80f57a972bef6329080d51ccedf5e3b2a18723c/module_1877_257.json	1
a85ef1d4d710a0ec604e3f31db81da1fc5c51229554f3cff7aeb4511070dab8e	151	objects/a8/a85ef1d4d710a0ec604e3f31db81da1fc5c51229554f3cff7aeb4511070dab8e/case_1969_B22_plane0_k6.txt	1
a87133f882a2d10233b79819989100df0ceeac2d6f6c4603523a61668e798ee5	141197	objects/a8/a87133f882a2d10233b79819989100df0ceeac2d6f6c4603523a61668e798ee5/1405_p257.txt	2
a872c5e910caf3b397be3e63a9a75e89e5a180b2423c6c93e1456cc118e63ccb	79446	objects/a8/a872c5e910caf3b397be3e63a9a75e89e5a180b2423c6c93e1456cc118e63ccb/1027_p257.txt	2
a87fd02614b620f6b4abed4b86320dfcae5d5670af42745edda033af70ee4825	236658	objects/a8/a87fd02614b620f6b4abed4b86320dfcae5d5670af42745edda033af70ee4825/1811_B22_plane2_k4.txt	1
a88cf602d674a035d9848d37a16d20c5785ee9942a272b8115e49e57dbfa0918	9136	objects/a8/a88cf602d674a035d9848d37a16d20c5785ee9942a272b8115e49e57dbfa0918/q6_57.32749.minors	1
a8e7b922d7e8cb31ed42f9b25569d6a11673b651d6aaf89403cd98b337665895	156566	objects/a8/a8e7b922d7e8cb31ed42f9b25569d6a11673b651d6aaf89403cd98b337665895/1509_p263.txt	2
a92e57fdbc860f8fe4a0a057ae2829082befbc93206519894f8ac603842c5436	278	objects/a9/a92e57fdbc860f8fe4a0a057ae2829082befbc93206519894f8ac603842c5436/module_1888_B22_plane5_k6_p257.json	1
a9304a0324d99473c6ae704d0631f8f45f9aee8bf6d3f7e5b31814c0ed471dfe	1512	objects/a9/a9304a0324d99473c6ae704d0631f8f45f9aee8bf6d3f7e5b31814c0ed471dfe/SOURCE_ADOPTION.md	4
a93cdaeb56e9af3276c1627ae906d86938bff4258b9cc1c4e788a6ab72fb4f70	90	objects/a9/a93cdaeb56e9af3276c1627ae906d86938bff4258b9cc1c4e788a6ab72fb4f70/1969_B22_plane5_k4_p257.log	4
a947515fcff832ede226d22bc5b8001ffa24e48f66274035fae9bc4b1c5b6b5f	455450	objects/a9/a947515fcff832ede226d22bc5b8001ffa24e48f66274035fae9bc4b1c5b6b5f/chunk_004.out	2
a94eac14c1a6c948808ef53a59534491b2c1b8cb178cd413898ca8445bd50846	1013215	objects/a9/a94eac14c1a6c948808ef53a59534491b2c1b8cb178cd413898ca8445bd50846/chunk_000.out	2
a95bfb0749bc2ce063974775da47ed97a9503fec8b6e94c11aa01fcbfff8b74b	2225	objects/a9/a95bfb0749bc2ce063974775da47ed97a9503fec8b6e94c11aa01fcbfff8b74b/FAILURE_BOUNDARIES.md	2
a97231bf2bdc39f920fb9901c1f2541d192c21b322d5bfa2d5d88b5fa019ea53	264841	objects/a9/a97231bf2bdc39f920fb9901c1f2541d192c21b322d5bfa2d5d88b5fa019ea53/1894_B22_plane3_k4.txt	1
a9745b4d75f6ee1d78c336d388e0c2dc12b112f7bbc654cee05c87b023c2013b	95194	objects/a9/a9745b4d75f6ee1d78c336d388e0c2dc12b112f7bbc654cee05c87b023c2013b/1135_p263.txt	2
a97cb9bd9f10bf990f55686da5f4d5a0e1e733355d40915b8244ae8772eace43	159	objects/a9/a97cb9bd9f10bf990f55686da5f4d5a0e1e733355d40915b8244ae8772eace43/check_1623_06000_08000.log	1
a996a373a71c40d9d2064e44093a5d7e05821019936840b929f6dacdb76b771b	173414	objects/a9/a996a373a71c40d9d2064e44093a5d7e05821019936840b929f6dacdb76b771b/1587_p257.txt	2
a9dcd2d13b171d18acfffb9127bb41d0f6e838e0d0ff75ea3134e57aa9413f82	2326	objects/a9/a9dcd2d13b171d18acfffb9127bb41d0f6e838e0d0ff75ea3134e57aa9413f82/HANDOFF.md	3
aa084efb56a266ac536d8e9f93731c7028324888ab92652abf1278a4f0517935	28236	objects/aa/aa084efb56a266ac536d8e9f93731c7028324888ab92652abf1278a4f0517935/B699-ProA-FULL-JET-MODULE-H109-20260924-evidence.CLEAN_REPLAY_RECEIPT.json	2
aa2f26df9b8204dfa717cc8cca98368037ecb19327be4a34417a108edfaab08c	288	objects/aa/aa2f26df9b8204dfa717cc8cca98368037ecb19327be4a34417a108edfaab08c/module_1968_263.json	1
aa3e80001e9aeeed1ef3d3fc5f1c3be077455e05bbd47c6be360c5e5cfd8fc2d	261094	objects/aa/aa3e80001e9aeeed1ef3d3fc5f1c3be077455e05bbd47c6be360c5e5cfd8fc2d/1888_B22_plane5_k6.txt	1
aa50927d0a1f644e0ced48d9dd8cd8e21bab3a2ed9851710f4587e5ebbec70d5	278	objects/aa/aa50927d0a1f644e0ced48d9dd8cd8e21bab3a2ed9851710f4587e5ebbec70d5/module_1808_B22_plane3_k4_p257.json	1
aa8fd3c9fc534e1373399e318a6936f1567d21a31352549aabf25e6e7863a14a	251306	objects/aa/aa8fd3c9fc534e1373399e318a6936f1567d21a31352549aabf25e6e7863a14a/1860.txt	1
aa9561ea90100fb9a4df4a510d06fc25e6b2c7d1ed60e4db45314a4de460403d	178875	objects/aa/aa9561ea90100fb9a4df4a510d06fc25e6b2c7d1ed60e4db45314a4de460403d/1626_S4.txt	1
aab631f83e738751afc1524537efdaa08f679f4b64dc0d33b77e87ad127636ef	151	objects/aa/aab631f83e738751afc1524537efdaa08f679f4b64dc0d33b77e87ad127636ef/case_1801_S5.txt	1
aab9c8255fec41d241661944ec7ae712c349c8ddef7c236158a28ba5ae0c7659	264749	objects/aa/aab9c8255fec41d241661944ec7ae712c349c8ddef7c236158a28ba5ae0c7659/1894_B22_plane3_k6.txt	1
aac92f0783a9cca63f75ac3beae4927ea110f02c551ea331326e4234f0dbc044	256	objects/aa/aac92f0783a9cca63f75ac3beae4927ea110f02c551ea331326e4234f0dbc044/module_1801_S5_p257.json	1
aacc68a34aae11fb7f3c469c3bb2098096bd44ae993176b738dbf3edac177387	44	objects/aa/aacc68a34aae11fb7f3c469c3bb2098096bd44ae993176b738dbf3edac177387/gates_q5_45.log	1
aacd3b63d72f9374ae6f664348f80e8f1e481d663930ba8f156e8ce22426339e	13262	objects/aa/aacd3b63d72f9374ae6f664348f80e8f1e481d663930ba8f156e8ce22426339e/chunk_000.in	2
aad83221a225a55835375649481f58863f4629db1557f70ac697b94aa0c15adf	270245	objects/aa/aad83221a225a55835375649481f58863f4629db1557f70ac697b94aa0c15adf/1894_B22_plane1_k4.txt	1
aae12a4fdf0589735768f906a55e29a0ddf94af01d46005ccdfe4ea5dcc6015b	135	objects/aa/aae12a4fdf0589735768f906a55e29a0ddf94af01d46005ccdfe4ea5dcc6015b/failed_p7.log	1
aae5fdecbc54cad378e3de1677338a9d92dadfda9bc6fab6948aa5084868d096	181527	objects/aa/aae5fdecbc54cad378e3de1677338a9d92dadfda9bc6fab6948aa5084868d096/1652.txt	1
aaec7ca11a5c8137fbe4a067e0b1cdb3f81d3576c312b462a263b57dbf28274c	278	objects/aa/aaec7ca11a5c8137fbe4a067e0b1cdb3f81d3576c312b462a263b57dbf28274c/module_1894_B22_plane4_k4_p263.json	1
ab10f844bf1f6f76aa3135e98e3633224739ed72d3922f910846386b436a1fec	256	objects/ab/ab10f844bf1f6f76aa3135e98e3633224739ed72d3922f910846386b436a1fec/module_1811_S4_p257.json	1
ab2dfe6cb95c4be7dac03aae54e0f32a7f9291b273dd558bbedacb8c001a7342	151	objects/ab/ab2dfe6cb95c4be7dac03aae54e0f32a7f9291b273dd558bbedacb8c001a7342/case_1805_B22_plane1_k6.txt	1
ab4f85799b55386aa1c55b571ee4381a13ace5e31c825af17f1d4bb418c4ded5	3799	objects/ab/ab4f85799b55386aa1c55b571ee4381a13ace5e31c825af17f1d4bb418c4ded5/case_generation.json	1
ab638873bf1f818cb6352cf7bdf2966d1b5b57433ec6e854ec253d03794a5938	656	objects/ab/ab638873bf1f818cb6352cf7bdf2966d1b5b57433ec6e854ec253d03794a5938/fee_cells.cpp	1
ab7ed338fcfd42986168b6ef034a81b36379df1b67f631e71092b7c6d3830b31	85	objects/ab/ab7ed338fcfd42986168b6ef034a81b36379df1b67f631e71092b7c6d3830b31/f58_q8_rank_32719.log	4
ab812969eb8187ec43531a3689ffadb8d838ca8bab37eb00d0ae2933503379fb	3619	objects/ab/ab812969eb8187ec43531a3689ffadb8d838ca8bab37eb00d0ae2933503379fb/pattern_B_delta6_delta8_jets.cpp	2
ab8d9b8a62f960260955d7d20a3a87e070051b88bae3f116c3ce0f2bf59ed913	270090	objects/ab/ab8d9b8a62f960260955d7d20a3a87e070051b88bae3f116c3ce0f2bf59ed913/1894_B22_plane3_k6.txt	1
ab8db2f2c6b163cd16461945d0222d38b85f77681d19bc8e7ca77a9f559c588b	9031	objects/ab/ab8db2f2c6b163cd16461945d0222d38b85f77681d19bc8e7ca77a9f559c588b/frontier_refine.py	4
ab950342c3217ddc8ce788ab1c173b382df6587a01680f45b1932fc51e63a3e9	200134	objects/ab/ab950342c3217ddc8ce788ab1c173b382df6587a01680f45b1932fc51e63a3e9/1705.txt	1
ab9775ebff0cc4ce5443bc8918c16351ded7bd271e0e60d70ac726d0004c1fb3	255	objects/ab/ab9775ebff0cc4ce5443bc8918c16351ded7bd271e0e60d70ac726d0004c1fb3/module_1811_S4_p263.json	1
ab9cad6668147e81f3f30d1cb781ff503e5bdc81da7d6b20393804d2fd928eef	68	objects/ab/ab9cad6668147e81f3f30d1cb781ff503e5bdc81da7d6b20393804d2fd928eef/gates_q16.log	1
abb0c8b08168f000e947e064569caf09e609197efad5e24f20955c5144078ebf	277	objects/ab/abb0c8b08168f000e947e064569caf09e609197efad5e24f20955c5144078ebf/module_1969_B22_plane4_k6_p257.json	1
abbb361d9833c943a7cd5f2656b7fc6bd3ed9fa7c4be983e6d1de006006b6c87	153436	objects/ab/abbb361d9833c943a7cd5f2656b7fc6bd3ed9fa7c4be983e6d1de006006b6c87/1505_p257.txt	2
ac0aa7f0aaf0a8198841b3429bbfd519c780fb2f8b1cbffd5c39b7d4ec6b8573	425990	objects/ac/ac0aa7f0aaf0a8198841b3429bbfd519c780fb2f8b1cbffd5c39b7d4ec6b8573/r3_q15_p32719.txt	2
ac21298bd56487194ac0d46abc8e814509509fc0dcd871a166b0a9850071da45	180722	objects/ac/ac21298bd56487194ac0d46abc8e814509509fc0dcd871a166b0a9850071da45/1610_plus_p263.txt	2
ac459839283bc9ff4fce68ca66cbc08b607f5afd7db215b52113eead2247bf66	224862	objects/ac/ac459839283bc9ff4fce68ca66cbc08b607f5afd7db215b52113eead2247bf66/reference_cpp.txt	2
ac4d3d743d652fce42a2fab0b922eb450aeb3841ad43a216de193e02928520b6	2013	objects/ac/ac4d3d743d652fce42a2fab0b922eb450aeb3841ad43a216de193e02928520b6/chunk_007.in	2
ac4f8b78c1c9ac1900854824279352aa552753a3126d8855612fbfebdd7aa46e	278	objects/ac/ac4f8b78c1c9ac1900854824279352aa552753a3126d8855612fbfebdd7aa46e/module_1626_B22_plane0_k4_p257.json	1
ac55fee01f2b196960cc5d26f0f9d60e7db1735afe6f6aeb921b72e0539dfd8e	201461	objects/ac/ac55fee01f2b196960cc5d26f0f9d60e7db1735afe6f6aeb921b72e0539dfd8e/1720_B22_plane5_k6.txt	1
ac69e9943a04fa18c95cfa133442f0715d5a749d0f51ca1dc041c22a8e19e552	2296	objects/ac/ac69e9943a04fa18c95cfa133442f0715d5a749d0f51ca1dc041c22a8e19e552/FAILURE_BOUNDARIES.md	1
ac6bde0e528e0f94bb066683965ff3238d3d697168a9bcc47beb9c945a1630be	178405	objects/ac/ac6bde0e528e0f94bb066683965ff3238d3d697168a9bcc47beb9c945a1630be/1630_S5.txt	1
ac88800fa96afc72bd476c6dcdc18c744c456fe3cc5ff0c39695bc455411c11d	2994	objects/ac/ac88800fa96afc72bd476c6dcdc18c744c456fe3cc5ff0c39695bc455411c11d/final_E0_frontier.tsv	2
ace60decb6287d80db0d6b54b008b1ff13c7f462f0459c191b334367175e0dd9	232305	objects/ac/ace60decb6287d80db0d6b54b008b1ff13c7f462f0459c191b334367175e0dd9/1811_B22_plane4_k4.txt	1
ad04fd35809d4fe052ddf1bb6f96628e27aece320a755bc8e696eb47d66a5c88	151	objects/ad/ad04fd35809d4fe052ddf1bb6f96628e27aece320a755bc8e696eb47d66a5c88/case_1626_S4.txt	1
ad1d7cb28c9508e15d1a77c8f308ff3470763f0364cc3b20bf44931d83050188	278	objects/ad/ad1d7cb28c9508e15d1a77c8f308ff3470763f0364cc3b20bf44931d83050188/module_1904_B22_plane5_k6_p257.json	1
ad5e2f635d0275de883d53ed613af9cfb3aa029ecc11bb08ac26699a44b00079	255	objects/ad/ad5e2f635d0275de883d53ed613af9cfb3aa029ecc11bb08ac26699a44b00079/module_1894_S4_p257.json	1
ad6e9c4636f22555fd66d78d99192dfb9f3ed4cf668665095dee2e95f01e4e97	750	objects/ad/ad6e9c4636f22555fd66d78d99192dfb9f3ed4cf668665095dee2e95f01e4e97/README.md	1
ad8c4de4259602e2f53807e1124d9bef0a8e835d229df7d2e8762d9815b84a82	289	objects/ad/ad8c4de4259602e2f53807e1124d9bef0a8e835d229df7d2e8762d9815b84a82/module_1845_257.json	1
adc5f8207e025080aca86806d6d00d79af459684f084a60602b5bfc8b24693f0	151	objects/ad/adc5f8207e025080aca86806d6d00d79af459684f084a60602b5bfc8b24693f0/case_1626_B22_plane0_k6.txt	1
adc7dc743c7bd701632368e0e88001d3539ac3cc42979cfe8fbe9c121ab77fa8	160012	objects/ad/adc7dc743c7bd701632368e0e88001d3539ac3cc42979cfe8fbe9c121ab77fa8/1532_p257.txt	2
adf209a615e9e88fd8dcbd3eb60357d94476a0fd8d4175489defa4cbbdbe10b3	81	objects/ad/adf209a615e9e88fd8dcbd3eb60357d94476a0fd8d4175489defa4cbbdbe10b3/q17r4.gates_cross.log	1
ae09f45e12abcafb28166cd727c70f633bf09e05661409343abda8e341a73c5e	7478	objects/ae/ae09f45e12abcafb28166cd727c70f633bf09e05661409343abda8e341a73c5e/chunk_002.in	2
ae16685506043ad26eea77b54a5eac96f86d1faff57d624aee43db6467e68c7c	984	objects/ae/ae16685506043ad26eea77b54a5eac96f86d1faff57d624aee43db6467e68c7c/probe_near.py	1
ae62daa0b50d7d289cc5a10f62a212eb9897f965f823f4fbb9178b6f3b51d25f	2996	objects/ae/ae62daa0b50d7d289cc5a10f62a212eb9897f965f823f4fbb9178b6f3b51d25f/SOURCE_ADOPTION.md	1
ae98f5e6073fa8359a794d493e14e766a36999281a0fed23f11cb23cd63d98ec	929	objects/ae/ae98f5e6073fa8359a794d493e14e766a36999281a0fed23f11cb23cd63d98ec/README.md	2
aeba385bb9fcd20ad098198fbc54530bb709c647efa2d46417b01ec9b8bd06f3	294	objects/ae/aeba385bb9fcd20ad098198fbc54530bb709c647efa2d46417b01ec9b8bd06f3/compile_jets32719.json	1
aed812f07c5d4ec2ac1dde9b229f625735a421ad196a2b5f8d21abf7c596324e	286	objects/ae/aed812f07c5d4ec2ac1dde9b229f625735a421ad196a2b5f8d21abf7c596324e/PACKAGE_CONTENTS.md	2
af034ca0cc1802fc9f7d1fcfa8cef20fc4b40023811e50ec892377c09c0422cb	134831	objects/af/af034ca0cc1802fc9f7d1fcfa8cef20fc4b40023811e50ec892377c09c0422cb/1627_mod11.txt.basis	1
af0d459c67debc06e9fbcbfd7936f8b3776fbb3bc5ca5cd93f60628ba1fd034f	1025	objects/af/af0d459c67debc06e9fbcbfd7936f8b3776fbb3bc5ca5cd93f60628ba1fd034f/stagewise_summary.txt	2
af2e456a6dec083b5c19a12bc1a5d2bfbf4347ff2017b6770b5278c7a1025df3	402	objects/af/af2e456a6dec083b5c19a12bc1a5d2bfbf4347ff2017b6770b5278c7a1025df3/check_1623_02000_04000.json	1
af303c214d2513d28c4b20ba0fb00408e6a3315ca0bd2031d2d97228cc412f9f	168	objects/af/af303c214d2513d28c4b20ba0fb00408e6a3315ca0bd2031d2d97228cc412f9f/environment.json	4
af3a0070af15e4a7ff6d3b362c8ce10e521e57be6ad16385cf0a78bf7a25e4f1	278	objects/af/af3a0070af15e4a7ff6d3b362c8ce10e521e57be6ad16385cf0a78bf7a25e4f1/module_1847_B22_plane3_k6_p263.json	1
af52be351f1f1fc13b5849c0f0e09d394f343dbb53c5e2e3b1236448833b1aae	244113	objects/af/af52be351f1f1fc13b5849c0f0e09d394f343dbb53c5e2e3b1236448833b1aae/1847_B22_plane0_k6.txt	1
af56cc406fe929ca5bcc68022b0254aac395d989a78a01a122eeb6af2aa0bd52	110289	objects/af/af56cc406fe929ca5bcc68022b0254aac395d989a78a01a122eeb6af2aa0bd52/1250_p263.txt	2
af86b0fcb9b82b963da5aadbc93038228365bfab65a4aed31ce779db12c74e69	13525	objects/af/af86b0fcb9b82b963da5aadbc93038228365bfab65a4aed31ce779db12c74e69/FILES.md	1
af8b5b5e2e4dd6a0cabecf86bf5e3e6682863116eb2c6827db7aa8c813638faf	1938	objects/af/af8b5b5e2e4dd6a0cabecf86bf5e3e6682863116eb2c6827db7aa8c813638faf/summary.json	2
af94ed91987ccae982077ef493abcf72a27b394077f138e7bd63084dba5166f5	289	objects/af/af94ed91987ccae982077ef493abcf72a27b394077f138e7bd63084dba5166f5/module_2033_257.json	1
af969c060546fcb334893bdee21fbef69aba3b2883392875845ea45a572da077	11467	objects/af/af969c060546fcb334893bdee21fbef69aba3b2883392875845ea45a572da077/small_and_negative_receipt.json	1
afa18b9cd5f0cd89799e3dbabac2740ddda1c54bca7a3c9ab0f07e89bd957f8b	151	objects/af/afa18b9cd5f0cd89799e3dbabac2740ddda1c54bca7a3c9ab0f07e89bd957f8b/case_1811_B22_plane0_k6.txt	1
afd2d0c0e479bc932373975296581b90223dae216495499aa018b70d3044ddd2	7023	objects/af/afd2d0c0e479bc932373975296581b90223dae216495499aa018b70d3044ddd2/stage_3.tsv	2
afef0eadde6e4c342620d05a95e2bd24fddf28e4c110c08959d748b117b32203	163221	objects/af/afef0eadde6e4c342620d05a95e2bd24fddf28e4c110c08959d748b117b32203/1531_p263.txt	2
b00d9594c7d8156b0d190a8efa709b5bee72b0d1b4f02411f6f431b7bf651c1f	368	objects/b0/b00d9594c7d8156b0d190a8efa709b5bee72b0d1b4f02411f6f431b7bf651c1f/aggregates_1636_0.txt	2
b05cfd7331a05b70789480a311de720b3cd8fad6447d08262fba678f73e3fe83	221	objects/b0/b05cfd7331a05b70789480a311de720b3cd8fad6447d08262fba678f73e3fe83/gates_q5_47.json	1
b05dc54b56d6f6a4a786150f5e4efb3a074b954872ac2e8088363609321e2395	276724	objects/b0/b05dc54b56d6f6a4a786150f5e4efb3a074b954872ac2e8088363609321e2395/1912.txt	1
b062f9e07f0993ed6997d3720d6bdb7d1a4700c7e72432865e295d9da611ca76	261021	objects/b0/b062f9e07f0993ed6997d3720d6bdb7d1a4700c7e72432865e295d9da611ca76/1888_B22_plane1_k4.txt	1
b0c4bb1822a905f29cc6a0825dc3066e366376083888aa8bb05247a5fddd1ccb	26622	objects/b0/b0c4bb1822a905f29cc6a0825dc3066e366376083888aa8bb05247a5fddd1ccb/q6_47.32719.minors	1
b0d7bef773b831a1324f62e190506d8dd779279fb7040bf9d4c090f50d958838	541	objects/b0/b0d7bef773b831a1324f62e190506d8dd779279fb7040bf9d4c090f50d958838/README.md	2
b10d61722bea70a3cb3d6fbeb6003aca0ba9674af418e108303d141672e9c081	151	objects/b1/b10d61722bea70a3cb3d6fbeb6003aca0ba9674af418e108303d141672e9c081/case_1803_B22_plane0_k6.txt	1
b10d6453a895c1a9e1a21ff1d1db5f997b6770e3477c0ff2bb81027938dd8067	2317	objects/b1/b10d6453a895c1a9e1a21ff1d1db5f997b6770e3477c0ff2bb81027938dd8067/near3_gates.cpp	4
b1488b8b0da5a3837e428477a53577a2014c1a4b88c061ad0eb38bf037f4abbf	799993	objects/b1/b1488b8b0da5a3837e428477a53577a2014c1a4b88c061ad0eb38bf037f4abbf/chunk_004.out	2
b1aa88e900f0ccff1561978a2839fe24ac368a97ab4ba98f19edb322f78a464b	4325	objects/b1/b1aa88e900f0ccff1561978a2839fe24ac368a97ab4ba98f19edb322f78a464b/jets_zero_p257_fast.cpp	2
b1e691eedf4afc1737eb153491507c6826675ca7bf9202c560ad151a47725123	90	objects/b1/b1e691eedf4afc1737eb153491507c6826675ca7bf9202c560ad151a47725123/module_1711_257.log	2
b1f099cd2454370d444e7dd03c79bc06db5b664261eeb19310e8f037de946a14	8744	objects/b1/b1f099cd2454370d444e7dd03c79bc06db5b664261eeb19310e8f037de946a14/rank_p32749.txt	2
b1fcdd7804d4ac7e35ff1f08270e1bfd5a4ee137a3736229e73e74ee4bddc8ba	289	objects/b1/b1fcdd7804d4ac7e35ff1f08270e1bfd5a4ee137a3736229e73e74ee4bddc8ba/module_1858_263.json	1
b1fe1dabffbb02f9a0929cd0b7b874b545addcbe7fe9fc981bc356348493ef59	151	objects/b1/b1fe1dabffbb02f9a0929cd0b7b874b545addcbe7fe9fc981bc356348493ef59/case_1847_B22_plane2_k4.txt	1
b20de7e72bb31cc23de1b5aa04904598eecc888dd3f42874201da88d571d2b76	310756	objects/b2/b20de7e72bb31cc23de1b5aa04904598eecc888dd3f42874201da88d571d2b76/1969_B22_plane1_k6.txt	1
b2141057531ad0c84b4064d04145b6125755418d0c12e4a20e81d1db5d58c7eb	113519	objects/b2/b2141057531ad0c84b4064d04145b6125755418d0c12e4a20e81d1db5d58c7eb/1294_p257.txt	2
b25bf026b1de301a758b84ed59431b4fc14a49f4ee74f53f1441423286b6668a	26	objects/b2/b25bf026b1de301a758b84ed59431b4fc14a49f4ee74f53f1441423286b6668a/stage_15.stderr	2
b2848cf56c7ebabc7afc72a56ae9410faf0b02403b41a2a64e754e1e2cd5d0e7	331855	objects/b2/b2848cf56c7ebabc7afc72a56ae9410faf0b02403b41a2a64e754e1e2cd5d0e7/2019.txt	1
b2a415904d7f776c3bf8b5584ea878550461ee03a0fca61c8a7a7ae04303a72a	90393	objects/b2/b2a415904d7f776c3bf8b5584ea878550461ee03a0fca61c8a7a7ae04303a72a/1108_p263.txt	2
b2c0d77b8ef1aa5657e4b116cb0c7a78dcc1f734862e088430192ec40db2cfdb	275034	objects/b2/b2c0d77b8ef1aa5657e4b116cb0c7a78dcc1f734862e088430192ec40db2cfdb/1904_B22_plane5_k6.txt	1
b2f02a766a2fdfc15f2d1d3aaaa5240ff03dd93fbbb62252842958ac27ad3876	278	objects/b2/b2f02a766a2fdfc15f2d1d3aaaa5240ff03dd93fbbb62252842958ac27ad3876/module_1808_B22_plane5_k4_p257.json	1
b31265a44c54bc7d3ef084b1b017e0fa73ad3193538039d764ebe7803248c599	289	objects/b3/b31265a44c54bc7d3ef084b1b017e0fa73ad3193538039d764ebe7803248c599/module_1772_263.json	1
b318a73118e3461760664ca30c6252e5cde5e4e1668d90a8c920bd4490bb009a	220	objects/b3/b318a73118e3461760664ca30c6252e5cde5e4e1668d90a8c920bd4490bb009a/gates_q7_45.json	1
b31ec280778b10d23e59661fdc51e093a6786c76648bbec019eed63d3a9d8dd3	4651	objects/b3/b31ec280778b10d23e59661fdc51e093a6786c76648bbec019eed63d3a9d8dd3/moment_core.py	10
b321bb90ae794de1350926f62050cdb97786218160530d8e90b43759db35ecbb	227010	objects/b3/b321bb90ae794de1350926f62050cdb97786218160530d8e90b43759db35ecbb/1796.txt	1
b322649bab178d0d1aa66513bae29b76db89509346e0bc94555eba75c4f3848e	277	objects/b3/b322649bab178d0d1aa66513bae29b76db89509346e0bc94555eba75c4f3848e/module_1894_B22_plane3_k4_p263.json	1
b32efa4aee86927b6eac334842fdec696b93fa4875cb28c17e007676c05a323c	29	objects/b3/b32efa4aee86927b6eac334842fdec696b93fa4875cb28c17e007676c05a323c/B_delta6_delta8_q7.32719.stderr	4
b339edb059560ef4e8c8fffbf97b4219ea7898369dcc9385fe3c67a11a7d907b	46	objects/b3/b339edb059560ef4e8c8fffbf97b4219ea7898369dcc9385fe3c67a11a7d907b/gates_q6_57.log	1
b3623ec1c7913aba33489c8683267713bad41ae2ee19c4cd22ca642b65ac15fb	1013219	objects/b3/b3623ec1c7913aba33489c8683267713bad41ae2ee19c4cd22ca642b65ac15fb/chunk_001.out	2
b375414ca1c1446336bf4cf6cc5f0b8e27addf89ff6e856decca9bc86a54c573	278	objects/b3/b375414ca1c1446336bf4cf6cc5f0b8e27addf89ff6e856decca9bc86a54c573/module_1894_B22_plane3_k6_p257.json	1
b37c36988e3ac91e1d7bb1f5d817ba609b59af2e47d1e75470a4eead1a4ad840	232549	objects/b3/b37c36988e3ac91e1d7bb1f5d817ba609b59af2e47d1e75470a4eead1a4ad840/1805_B22_plane1_k6.txt	1
b398ef9dfdfbf91f242b8feb2211e979bafbe9ac1f9472bc213f36493e0c34a5	176645	objects/b3/b398ef9dfdfbf91f242b8feb2211e979bafbe9ac1f9472bc213f36493e0c34a5/state_1623_forward.txt	1
b3ca279a6811aa7201ef30fff1f469e00541622b3f8c7aa09cf5c53bad8d51fb	141247	objects/b3/b3ca279a6811aa7201ef30fff1f469e00541622b3f8c7aa09cf5c53bad8d51fb/1430_p257.txt	2
b3f6c4c28d58dfe986765949dd95f5f2e78badcd7501dec9f9859985b2eaaa5e	90	objects/b3/b3f6c4c28d58dfe986765949dd95f5f2e78badcd7501dec9f9859985b2eaaa5e/module_1968_257.log	2
b3ff8dc348eefd4b47d75a8011236eb3e49cd5f83bf9e9cff52882d9e5f967a3	5672	objects/b3/b3ff8dc348eefd4b47d75a8011236eb3e49cd5f83bf9e9cff52882d9e5f967a3/eight_frontier_raw_reverse.cpp	2
b4001e0e311cba1f0f58341ce2cc7768d90b4002439d4790e1dfcb4630d8c319	90	objects/b4/b4001e0e311cba1f0f58341ce2cc7768d90b4002439d4790e1dfcb4630d8c319/1894_B22_plane4_k4_p257.log	4
b4016470439c25e011874dd513a9d9a55a39fd172812d468bcfce9f45bcb99d9	265049	objects/b4/b4016470439c25e011874dd513a9d9a55a39fd172812d468bcfce9f45bcb99d9/1894_B22_plane2_k6.txt	1
b44622b560af2b3826a1c577439b66180a468affdea35e313d027d4433a0554d	7624	objects/b4/b44622b560af2b3826a1c577439b66180a468affdea35e313d027d4433a0554d/research_round.py	4
b4aa52acc9cb0880a8d1d8828b1f414d4b433ac9e682fe93721a488cbdca61e1	90	objects/b4/b4aa52acc9cb0880a8d1d8828b1f414d4b433ac9e682fe93721a488cbdca61e1/1811_B22_plane4_k6_p257.log	4
b4e8820b3e3a3174d1240dcbccc599a8bf8df8de1a99be2c28a7eddba79e77ff	2612	objects/b4/b4e8820b3e3a3174d1240dcbccc599a8bf8df8de1a99be2c28a7eddba79e77ff/state1027_all_multisets.json	2
b4e91e58a0cc28eaa5197398d7b0cf5faa94cd7cf4ffec9864255216c5e79e42	151	objects/b4/b4e91e58a0cc28eaa5197398d7b0cf5faa94cd7cf4ffec9864255216c5e79e42/case_1765_B22_plane3_k4.txt	1
b565235f46460cde702901122e336a2d9d5e3e74e146d7a195a55bb94e217b10	90	objects/b5/b565235f46460cde702901122e336a2d9d5e3e74e146d7a195a55bb94e217b10/1960_S5_p257.log	4
b56a6bd9d61e263217e596b63008f18834f731319751009b3a1eb54843cade64	30	objects/b5/b56a6bd9d61e263217e596b63008f18834f731319751009b3a1eb54843cade64/C_2delta6_q6.gates.stdout	2
b56e1ba934c25b57bab6b2f3af39d33a0ab94685b1a96f873a00575d8640b002	5643	objects/b5/b56e1ba934c25b57bab6b2f3af39d33a0ab94685b1a96f873a00575d8640b002/chunk_000.in	2
b57cb45d743bccf170d4119eaacca1f61e9ae4ad1f8738e4a53e3276393b16e9	4562	objects/b5/b57cb45d743bccf170d4119eaacca1f61e9ae4ad1f8738e4a53e3276393b16e9/dense_reference.py	2
b595281d35d8d443ba4888c4347f31a09b3506a6133a3cfa8daf8d8a7e2f4f97	277	objects/b5/b595281d35d8d443ba4888c4347f31a09b3506a6133a3cfa8daf8d8a7e2f4f97/module_1894_B22_plane2_k6_p257.json	1
b5976e40890d76b09b5e6f4e7cf7397d9e267fc64ceb2fdca773a012783a3d07	4125	objects/b5/b5976e40890d76b09b5e6f4e7cf7397d9e267fc64ceb2fdca773a012783a3d07/generate_extension_cover.cpp	1
b59efa7508b162997e0ef451a6d07902557dfd7691726db5127a84082b061cb6	29	objects/b5/b59efa7508b162997e0ef451a6d07902557dfd7691726db5127a84082b061cb6/B_delta6_delta8_q7.gates.stdout	2
b5b74310a0af57e7abc456ace15ad599ea3a0e75c1820ca5110bdbd7fc47e693	127436	objects/b5/b5b74310a0af57e7abc456ace15ad599ea3a0e75c1820ca5110bdbd7fc47e693/r3_q13_p32719.txt	2
b5d32e9e95dcffade608ab6466d9ac506dddee724e1f484f137a79ef62b4b76a	163336	objects/b5/b5d32e9e95dcffade608ab6466d9ac506dddee724e1f484f137a79ef62b4b76a/1522_p263.txt	2
b65a4920513bf0183144fa2120a2e81ddde6f9f6cad6578699ea93cbc9dd00c0	144064	objects/b6/b65a4920513bf0183144fa2120a2e81ddde6f9f6cad6578699ea93cbc9dd00c0/1421_p263.txt	2
b65d3790789825089b041e5d9c7782a972e2c0f584f8e43ed3f218189d59733d	157	objects/b6/b65d3790789825089b041e5d9c7782a972e2c0f584f8e43ed3f218189d59733d/aggregates_1633_0.txt	2
b674dea5dca23f4c32282cdba0963830cf5942cc0d76ec86e2b379eb62badb90	90	objects/b6/b674dea5dca23f4c32282cdba0963830cf5942cc0d76ec86e2b379eb62badb90/1969_B22_plane3_k6_p257.log	4
b67a24111c971abdada7d1308443a017aaac2907ad66ea38ee15c6712f626694	4811	objects/b6/b67a24111c971abdada7d1308443a017aaac2907ad66ea38ee15c6712f626694/REPORT.md	4
b68c317f752105e8c483d2697fb725e7ab56baf3f867f740a82640254250a91d	90	objects/b6/b68c317f752105e8c483d2697fb725e7ab56baf3f867f740a82640254250a91d/1969_B22_plane1_k6_p257.log	4
b6d696bfce08c14908fd1341f62319b301b222317e54cda38eeca24c7e7e85a2	5352	objects/b6/b6d696bfce08c14908fd1341f62319b301b222317e54cda38eeca24c7e7e85a2/chunk_001.in	2
b6dfd91f33f650c9eabcd1c6f77ccb16a63c5dafaf1fea11646b6a1ea188031f	151	objects/b6/b6dfd91f33f650c9eabcd1c6f77ccb16a63c5dafaf1fea11646b6a1ea188031f/case_1627_B22_plane0_k4.txt	1
b6f8bcf71202d4f5e7aeb49c1ec4c44fd5135246c701a5de60a01c4c3d9a9c07	278	objects/b6/b6f8bcf71202d4f5e7aeb49c1ec4c44fd5135246c701a5de60a01c4c3d9a9c07/module_1811_B22_plane2_k4_p257.json	1
b711274cac082b9205d6da836716dafc1d723d38fc47ab86d0763af585690686	256	objects/b7/b711274cac082b9205d6da836716dafc1d723d38fc47ab86d0763af585690686/module_1626_S4_p263.json	1
b740535c6184fef45f0c3300da20ef34b84b382b019ab080d9ebbfd4966f6adb	76	objects/b7/b740535c6184fef45f0c3300da20ef34b84b382b019ab080d9ebbfd4966f6adb/q17r4.jets.log	2
b798d5e86a9086a17364ed5aa6d66d2a07e1248eb70e2142f431e6f106ca1740	278	objects/b7/b798d5e86a9086a17364ed5aa6d66d2a07e1248eb70e2142f431e6f106ca1740/module_1969_B22_plane3_k6_p257.json	1
b7b8eb57e8c69802fdafe2c1d63a41c108ea71f89d27650fe9634333638b1ffc	212622	objects/b7/b7b8eb57e8c69802fdafe2c1d63a41c108ea71f89d27650fe9634333638b1ffc/1765_B22_plane2_k4.txt	1
b7e8ff42611cb4cb8978c724dd37e5385e8106cc08a739e09217a55ca195696d	181254	objects/b7/b7e8ff42611cb4cb8978c724dd37e5385e8106cc08a739e09217a55ca195696d/1630_mod11.txt	1
b7f558cd02c7488b578feb5e2b10ac23b235506ffd0c8ba8d0267fece3455689	166512	objects/b7/b7f558cd02c7488b578feb5e2b10ac23b235506ffd0c8ba8d0267fece3455689/1548_p257.txt	2
b7fa2d423a18fbd555274d229dcf825619f34415647a9eb03335b34cfabc989e	90	objects/b7/b7fa2d423a18fbd555274d229dcf825619f34415647a9eb03335b34cfabc989e/1847_B22_plane1_k4_p257.log	4
b80bd0bb5768c1ab9dc4e8324a104fb807a9bfaf53f84ad02e7feaf22ed4584f	88468	objects/b8/b80bd0bb5768c1ab9dc4e8324a104fb807a9bfaf53f84ad02e7feaf22ed4584f/1102_p257.txt	2
b823bd3dc1c0c864c9792882f5e4104db687ea6781118dae58578aa53b8a9073	3013	objects/b8/b823bd3dc1c0c864c9792882f5e4104db687ea6781118dae58578aa53b8a9073/rank_p32719.txt	2
b8302176e9e33f9816354f0d7094a4118aebf1bbcfd31bde366597ddeb9c231f	614	objects/b8/b8302176e9e33f9816354f0d7094a4118aebf1bbcfd31bde366597ddeb9c231f/negative_controls.json	1
b83f97a915760fd3e7a515130fcea03ac84df238e2a3655b54340cd8b585203c	284	objects/b8/b83f97a915760fd3e7a515130fcea03ac84df238e2a3655b54340cd8b585203c/minors_q5_45_32749.json	1
b874466f912c50f8fb9304040c8e308c5b0a27e26919d38e3713be3f7e36631e	151	objects/b8/b874466f912c50f8fb9304040c8e308c5b0a27e26919d38e3713be3f7e36631e/case_1960_B22_plane1_k6.txt	1
b878a52cca5586efd408ed2e95ba9dbe4486f7c5fd082989c893cca5919dd647	83	objects/b8/b878a52cca5586efd408ed2e95ba9dbe4486f7c5fd082989c893cca5919dd647/gates_reanchor_q16.log	1
b87cbe27d27e251a4328a8138344009e20526cdbfb2a46df5af1f0cad769c3e9	278	objects/b8/b87cbe27d27e251a4328a8138344009e20526cdbfb2a46df5af1f0cad769c3e9/module_1811_B22_plane4_k6_p263.json	1
b8a3ab749dac68314f8954f1916693d8edff3ef98d04612f38266b2df766540c	248037	objects/b8/b8a3ab749dac68314f8954f1916693d8edff3ef98d04612f38266b2df766540c/1843.txt	1
b8c80aa46626b72724711333d807ada01cc9c740d12a7e62a58c38b7ec64a39a	219475	objects/b8/b8c80aa46626b72724711333d807ada01cc9c740d12a7e62a58c38b7ec64a39a/1772.txt	1
b8cdca870cdc6a2e93b08f83b0ee336a5249477331020bfd20a025e6acd4234b	1679	objects/b8/b8cdca870cdc6a2e93b08f83b0ee336a5249477331020bfd20a025e6acd4234b/SHA256SUMS.txt	2
b8e1fc40b96e6468b5d9c9b3a22eb6abf83fe1ca965e8e8f30a1a7b0809fabfb	156761	objects/b8/b8e1fc40b96e6468b5d9c9b3a22eb6abf83fe1ca965e8e8f30a1a7b0809fabfb/1505_p263.txt	2
b8eb622a5006169ccb7d8b8bc6e33a3936d2cbc1e0cda72b4770c3eb8db69632	151	objects/b8/b8eb622a5006169ccb7d8b8bc6e33a3936d2cbc1e0cda72b4770c3eb8db69632/case_1811_B22_plane3_k6.txt	1
b8fcdef6795f938d57c0768dcfdea85ee950a80dd895596b23e57245568d2903	226469	objects/b8/b8fcdef6795f938d57c0768dcfdea85ee950a80dd895596b23e57245568d2903/q17r4.ranks	1
b90790d5f9df278553a6a0a44731a9149df6b0abb108d7115e4b14f804a348ab	216777	objects/b9/b90790d5f9df278553a6a0a44731a9149df6b0abb108d7115e4b14f804a348ab/1765_B22_plane4_k4.txt	1
b92be06104db7520a58041fedbdab30246da52ba7cb63530bcbb9733ca9b63cb	6444	objects/b9/b92be06104db7520a58041fedbdab30246da52ba7cb63530bcbb9733ca9b63cb/REPORT.md	2
b950d5d922e5d50d7dcd1942db4df21a2dc93ca92780afad88f42f4d42291ad6	151	objects/b9/b950d5d922e5d50d7dcd1942db4df21a2dc93ca92780afad88f42f4d42291ad6/case_1847_B22_plane3_k4.txt	1
b9514c651e1572eae9c95cabd62ee5d2791d64be94d8cae772429d8d2ad4f443	945417	objects/b9/b9514c651e1572eae9c95cabd62ee5d2791d64be94d8cae772429d8d2ad4f443/chunk_000.out	2
b97c26d0772068abe718a1d586a76326c7849ab27310ce953ec2366276c56a56	227191	objects/b9/b97c26d0772068abe718a1d586a76326c7849ab27310ce953ec2366276c56a56/1801_S5.txt	1
b98971b5a9220bd8f2430aebe8da76cb09a547e8977b6e0c23bad24199a67c77	90	objects/b9/b98971b5a9220bd8f2430aebe8da76cb09a547e8977b6e0c23bad24199a67c77/module_1948_257.log	4
b9e3a956e7405368f555d921caa691c052af28625eb732fcdcd303ddf711df0d	288	objects/b9/b9e3a956e7405368f555d921caa691c052af28625eb732fcdcd303ddf711df0d/module_1860_263.json	1
b9e8744968b05bbb71ac4584f737dd16850304210f08b77ecf43497941f35e8a	3814	objects/b9/b9e8744968b05bbb71ac4584f737dd16850304210f08b77ecf43497941f35e8a/replay.sh	2
ba4439f4b23af8b5518954a6758b292e02cf8f2abe8484e66ff159dadece73ff	5060	objects/ba/ba4439f4b23af8b5518954a6758b292e02cf8f2abe8484e66ff159dadece73ff/frontier205.tsv	3
ba4f738b23570c9136210b9a03954f311e673ec0dd3723abba0c2ecbc35d899d	1380	objects/ba/ba4f738b23570c9136210b9a03954f311e673ec0dd3723abba0c2ecbc35d899d/receipt.json	1
ba769ea76d09c08250594c21c40c3559d3ec136497249364a80ddeb25d1b8de2	12724	objects/ba/ba769ea76d09c08250594c21c40c3559d3ec136497249364a80ddeb25d1b8de2/PROOFS.md	3
ba87b3f3075e030792b35f09bed9387de41d40f34e9138a68d3017b6441346c4	100023	objects/ba/ba87b3f3075e030792b35f09bed9387de41d40f34e9138a68d3017b6441346c4/1163_p263.txt	2
babc3a9a31d42c7eb18646dfaf361e382fa15fc76e55076c7d65a801d5b93ffa	130080	objects/ba/babc3a9a31d42c7eb18646dfaf361e382fa15fc76e55076c7d65a801d5b93ffa/1370_p257.txt	2
bb1e759b1375dbf9630140e516d21c86e1b2ffbb830eff2a5e813321bca1fd52	3846	objects/bb/bb1e759b1375dbf9630140e516d21c86e1b2ffbb830eff2a5e813321bca1fd52/weak_P4_quotient.cpp	1
bb26563bd0e6b267b6b29bfa053c0668389c2a0e618b07c02c26478ae8247db2	1216	objects/bb/bb26563bd0e6b267b6b29bfa053c0668389c2a0e618b07c02c26478ae8247db2/summary.json	4
bb43e4c4906e7d0ca47d4d7a4aae7ece62b29a8e80858acc35ba2f0d82d53cce	278	objects/bb/bb43e4c4906e7d0ca47d4d7a4aae7ece62b29a8e80858acc35ba2f0d82d53cce/module_1765_B22_plane1_k4_p263.json	1
bb4d0d6899320f807eeae79b1605bb03cbae96a42beca45cb12eda3c20b2de8c	311303	objects/bb/bb4d0d6899320f807eeae79b1605bb03cbae96a42beca45cb12eda3c20b2de8c/1969_B22_plane5_k4.txt	1
bb70a5cb54189a3285b8883d626ba44277d63eb2e038d9f896cdee0a71a4e5ab	81	objects/bb/bb70a5cb54189a3285b8883d626ba44277d63eb2e038d9f896cdee0a71a4e5ab/q18r4.gates_cross.log	1
bb7c7328a4da761f91f746e432bff196892e8ad8bae63b53587b394a1622d1b7	256	objects/bb/bb7c7328a4da761f91f746e432bff196892e8ad8bae63b53587b394a1622d1b7/module_1717_S5_p257.json	1
bba4cc6280850ccce1deca80c115ad97304a0218a3000b01f4304c6118c25094	151	objects/bb/bba4cc6280850ccce1deca80c115ad97304a0218a3000b01f4304c6118c25094/case_1894_B22_plane4_k6.txt	1
bba5c1fcb49c24c27611112d02e312a2a12290404b35848d2a220669484b0154	235	objects/bb/bba5c1fcb49c24c27611112d02e312a2a12290404b35848d2a220669484b0154/EVIDENCE_LEVEL.md	2
bbc585fff3e8b922793b7acb71ff9689d43cce813b9ed2ae041c083168bf0c64	102860	objects/bb/bbc585fff3e8b922793b7acb71ff9689d43cce813b9ed2ae041c083168bf0c64/1168_p263.txt	2
bbe88e68ce6c08e3f6508847ffc4ff46d2fefc7b8116adce4ede042c7d9956c4	1139	objects/bb/bbe88e68ce6c08e3f6508847ffc4ff46d2fefc7b8116adce4ede042c7d9956c4/geometry_summary.json	2
bbf7a387bc1b26ad9a32d73096b6134ff52e4bdbfa562b89086ba480322b5c52	247939	objects/bb/bbf7a387bc1b26ad9a32d73096b6134ff52e4bdbfa562b89086ba480322b5c52/1847_S5.txt	1
bc46a45de001aae71afda551dbf1eb5b9520215fede73ff7d0672c425731f1f8	873	objects/bc/bc46a45de001aae71afda551dbf1eb5b9520215fede73ff7d0672c425731f1f8/README.md	1
bc4e16f018530e9b5be30b7d78d837b4138b5857511ecf56d221f362c0619615	324	objects/bc/bc4e16f018530e9b5be30b7d78d837b4138b5857511ecf56d221f362c0619615/compile_gates_alt.json	1
bc7defbb2818dda54b3ddd97c19dadea979826e051da6e60a915ddc95da15c4f	308	objects/bc/bc7defbb2818dda54b3ddd97c19dadea979826e051da6e60a915ddc95da15c4f/EVIDENCE_LEVEL.md	2
bc7ffc6dbe12842bbb669eafb35036facc4d9e30b5c193d443e0661bdd47ad63	175219	objects/bc/bc7ffc6dbe12842bbb669eafb35036facc4d9e30b5c193d443e0661bdd47ad63/1630_B22_plane0_k6.txt	1
bcc34cabf72eda27fdf41d0df7b4c624207807ee69b66db42a695c23f19b5c39	200726	objects/bc/bcc34cabf72eda27fdf41d0df7b4c624207807ee69b66db42a695c23f19b5c39/1717_S4.txt	1
bce81f624a33d8c34399be43a981a28b51688548686949bc485aec7bf95f77d7	274679	objects/bc/bce81f624a33d8c34399be43a981a28b51688548686949bc485aec7bf95f77d7/1904_B22_plane3_k4.txt	1
bcf95eb17ed5cc98e9efbb2cccd628280a901492b5a71f642b993ae7bfd5a77b	90	objects/bc/bcf95eb17ed5cc98e9efbb2cccd628280a901492b5a71f642b993ae7bfd5a77b/module_1729_257.log	2
bd028a228677c38111a816e11815b95a02abf716a4fcb4dd88f949f885435522	2559	objects/bd/bd028a228677c38111a816e11815b95a02abf716a4fcb4dd88f949f885435522/SOURCE_MANIFEST.json	2
bd1fc82b8e1a2e42bd2ecc5eb93d98800a030de26916131867a009fcb92d17cc	151	objects/bd/bd1fc82b8e1a2e42bd2ecc5eb93d98800a030de26916131867a009fcb92d17cc/case_1801_B22_plane0_k4.txt	1
bd2f387447f2505c0e79a2e915a7dd4d68deb2762a0e1d49d97d1a7d0b09dc05	278	objects/bd/bd2f387447f2505c0e79a2e915a7dd4d68deb2762a0e1d49d97d1a7d0b09dc05/module_1811_B22_plane2_k4_p263.json	1
bd3d6957b913cc80f88e968b97f6f0128be9f79e4435c1d658541fbb557f92d8	226472	objects/bd/bd3d6957b913cc80f88e968b97f6f0128be9f79e4435c1d658541fbb557f92d8/q17r4.cross.ranks	1
bd517a902b90bcc140d60023bfaa42e6296937047026ee3f9049a62841a23773	151	objects/bd/bd517a902b90bcc140d60023bfaa42e6296937047026ee3f9049a62841a23773/case_1805_B22_plane5_k4.txt	1
bd5c94568b54a5ce4e1d9cf642206ad3769e5b3607084a2c80b4888535d28bfe	33	objects/bd/bd5c94568b54a5ce4e1d9cf642206ad3769e5b3607084a2c80b4888535d28bfe/C_2delta6_q7.32719.stderr	4
bd5da16320baba3f17fb5325e44f3b90bb78dbd2b92f710783c3e26759601a9d	7339	objects/bd/bd5da16320baba3f17fb5325e44f3b90bb78dbd2b92f710783c3e26759601a9d/REPORT.md	2
bd5f784212c49c662cdb1dbf75ec4d031e2e5e6e7b92130c578d77cf861aef80	151	objects/bd/bd5f784212c49c662cdb1dbf75ec4d031e2e5e6e7b92130c578d77cf861aef80/case_1626_S5.txt	1
bd7d4d751e9f08c35d22d46eb1c1baf406c2825a6e4f53abaa75ae21109e45ac	170239	objects/bd/bd7d4d751e9f08c35d22d46eb1c1baf406c2825a6e4f53abaa75ae21109e45ac/1551_p263.txt	2
bd8d941f71a45659fe94bd7b3555788c9f5f144cdaf410375ba859dd7520e435	7478	objects/bd/bd8d941f71a45659fe94bd7b3555788c9f5f144cdaf410375ba859dd7520e435/chunk_005.in	2
bd9fe9b9974a942d8c81630d1fe76cc3efb9438eddaeab362c967e42b750d56b	151	objects/bd/bd9fe9b9974a942d8c81630d1fe76cc3efb9438eddaeab362c967e42b750d56b/case_1847_B22_plane4_k4.txt	1
be103bd4c55797c33086a6d213992e4f97f4921fa6cafec32dc4899804c90245	90	objects/be/be103bd4c55797c33086a6d213992e4f97f4921fa6cafec32dc4899804c90245/1627_S5_p257.log	4
be1246d97e32694938770ce2684ea9539a8e0a2a1918bb9f3b39c8b553e16cc8	28	objects/be/be1246d97e32694938770ce2684ea9539a8e0a2a1918bb9f3b39c8b553e16cc8/B_delta6_delta8_q6.gates.stdout	2
be2fbb14fcb082785f07ba8cdc3ba312f2b15f4d47ae987ea5fd6ebfdaec782a	90	objects/be/be2fbb14fcb082785f07ba8cdc3ba312f2b15f4d47ae987ea5fd6ebfdaec782a/1811_B22_plane2_k4_p257.log	4
be34dd3fb2c4f6b481159c609d63771b1466e495e3ded4ce608b4197cd13aa6d	228103	objects/be/be34dd3fb2c4f6b481159c609d63771b1466e495e3ded4ce608b4197cd13aa6d/1805_B22_plane3_k6.txt	1
be634bc927d87c37493ed75d55ad402c62a00e442a667f80488650920c5b4fce	90	objects/be/be634bc927d87c37493ed75d55ad402c62a00e442a667f80488650920c5b4fce/1969_B22_plane4_k6_p257.log	4
be90f43f660ff3fad7c136874b9a5a2edfa4be4426eec868c292f5b4d367c15a	278	objects/be/be90f43f660ff3fad7c136874b9a5a2edfa4be4426eec868c292f5b4d367c15a/module_1888_B22_plane3_k4_p257.json	1
bea46c34f62c6bbf203d892b888d09aa3286c3929c46915c1d57bc78a6852085	151	objects/be/bea46c34f62c6bbf203d892b888d09aa3286c3929c46915c1d57bc78a6852085/case_1888_B22_plane4_k6.txt	1
beac1c2b8ab842cc86ad3e6c78474cc3a5e0948f669ec9005cb2f557e682ab59	289	objects/be/beac1c2b8ab842cc86ad3e6c78474cc3a5e0948f669ec9005cb2f557e682ab59/module_1652_263.json	1
bead45d71b51e611574aadb17f55c87341edd291e0b6592982d1924606742ceb	278	objects/be/bead45d71b51e611574aadb17f55c87341edd291e0b6592982d1924606742ceb/module_1630_B22_plane0_k6_p263.json	1
beb04814b17e95d121fd15d667c4eefe1aeede96a52b6e7b31b9db6607b04ba7	260922	objects/be/beb04814b17e95d121fd15d667c4eefe1aeede96a52b6e7b31b9db6607b04ba7/1888_B22_plane2_k6.txt	1
bebab6baf71aaeaab332ecb34ba3a69d407a222fc0fefc0662231315786a406d	200213	objects/be/bebab6baf71aaeaab332ecb34ba3a69d407a222fc0fefc0662231315786a406d/1717_S5.txt	1
bed8958436e0ae5ca3b73283e0f76a28f7fe377780e2a284d3ab664b87c9c9c2	289	objects/be/bed8958436e0ae5ca3b73283e0f76a28f7fe377780e2a284d3ab664b87c9c9c2/module_1636_257.json	1
bedffc15ebb1ca1ec62b351e193ef642781a79aea68da6040f290f359c5739b4	90448	objects/be/bedffc15ebb1ca1ec62b351e193ef642781a79aea68da6040f290f359c5739b4/1100_p263.txt	2
bee438acdaecb966b5d199fbdaaeee23193812ba4db4fb3ee69e9abcf38294aa	289	objects/be/bee438acdaecb966b5d199fbdaaeee23193812ba4db4fb3ee69e9abcf38294aa/module_1948_263.json	1
bf7c543459019b8fcb3f99dd2eb4a034010583e6d0bcb3b484bc395e5c5d55ae	192832	objects/bf/bf7c543459019b8fcb3f99dd2eb4a034010583e6d0bcb3b484bc395e5c5d55ae/1680.txt	1
bf9327eac6ca9a2ef38783f00a3647b1397014014f6a0a3ea768888bce178007	151	objects/bf/bf9327eac6ca9a2ef38783f00a3647b1397014014f6a0a3ea768888bce178007/case_1765_B22_plane2_k6.txt	1
bf93289b6e7f5bfb2ec27469ec4a52ba2909db2c775cbc7fbf9477792a755a94	278	objects/bf/bf93289b6e7f5bfb2ec27469ec4a52ba2909db2c775cbc7fbf9477792a755a94/module_1847_B22_plane1_k4_p257.json	1
bfa4d9cd8e8a07576888531bbbed44c3a18856db6c1f1e8708497966ef9e994a	90	objects/bf/bfa4d9cd8e8a07576888531bbbed44c3a18856db6c1f1e8708497966ef9e994a/1811_B22_plane0_k6_p257.log	4
bfb311c69359c231987d0b96b0f2ad42fff5f0c22c692664d59c6fdd38485348	155	objects/bf/bfb311c69359c231987d0b96b0f2ad42fff5f0c22c692664d59c6fdd38485348/q3_mod32719.stderr	4
bfb8b7b970dca713590555d911fa246aadc4c9684e290a2b887d1188c83af21e	212172	objects/bf/bfb8b7b970dca713590555d911fa246aadc4c9684e290a2b887d1188c83af21e/1765_B22_plane0_k6.txt	1
bfbde171e0da8efb89cb9b933618c6fd8eb42e8970215291b27118be5ef8454d	256	objects/bf/bfbde171e0da8efb89cb9b933618c6fd8eb42e8970215291b27118be5ef8454d/module_1811_S5_p257.json	1
bff21be79a1855960117d97b95a3fc850fe7344e0d310351555fd7d6e4526cfd	228091	objects/bf/bff21be79a1855960117d97b95a3fc850fe7344e0d310351555fd7d6e4526cfd/1801_B22_plane0_k4.txt	1
c028879bef625e3ccefbdb55618acbf04e7043091779ba3620954eb9db8f7d7c	90	objects/c0/c028879bef625e3ccefbdb55618acbf04e7043091779ba3620954eb9db8f7d7c/module_1647_257.log	4
c02d17d6fc29b0199d79ead66672771f90c3831ba958588367f5b4a2260a952e	402	objects/c0/c02d17d6fc29b0199d79ead66672771f90c3831ba958588367f5b4a2260a952e/check_1623_08000_10000.json	1
c03bb56bd58473ed0f80e913bfc150247b9f66620f1257d4fea9b7a955bbd3ed	303388	objects/c0/c03bb56bd58473ed0f80e913bfc150247b9f66620f1257d4fea9b7a955bbd3ed/1968.txt	1
c055f159462be51ffa071e1c7ad9b7ff0b7f8a9400392a8821acde4280708ee0	1222828	objects/c0/c055f159462be51ffa071e1c7ad9b7ff0b7f8a9400392a8821acde4280708ee0/chunk_005.out	2
c0b27c4c6cb30d29c843179a2181ae4addf9888af7e0980ef07e07c8cb462dbd	29	objects/c0/c0b27c4c6cb30d29c843179a2181ae4addf9888af7e0980ef07e07c8cb462dbd/F_delta5_delta8_q7.gates.stdout	2
c0cd1c6e347f56b23cb287103ee6bd511a500246b86f0d43668bee39e107b306	223	objects/c0/c0cd1c6e347f56b23cb287103ee6bd511a500246b86f0d43668bee39e107b306/alt_q7_57.json	1
c0cd5f5ebcd841ba83b12a9be86d7b968838e063434f428b1980c87ad72e2978	177161	objects/c0/c0cd5f5ebcd841ba83b12a9be86d7b968838e063434f428b1980c87ad72e2978/1607_p263.txt	2
c0eac966daea2fce63a4df343ea9cb6fbf204af0dbd93f8941a9619a501785f2	106049	objects/c0/c0eac966daea2fce63a4df343ea9cb6fbf204af0dbd93f8941a9619a501785f2/state_1620_reverse.txt.basis	1
c0ee514af1aadd83627d632536f9a269307681e05feeafeb0575b480f042d669	1712	objects/c0/c0ee514af1aadd83627d632536f9a269307681e05feeafeb0575b480f042d669/FAILURE_BOUNDARIES.md	2
c11a677f194ec438f7aafb5144b2e13b8a53a1878c6bddbd3b1409ed006ca358	1733	objects/c1/c11a677f194ec438f7aafb5144b2e13b8a53a1878c6bddbd3b1409ed006ca358/SOURCE_ADOPTION.md	4
c15ccd75caae46705cb5a8d872cbe35c2eea82dd78c31ba032acd1e09b298eb5	9728	objects/c1/c15ccd75caae46705cb5a8d872cbe35c2eea82dd78c31ba032acd1e09b298eb5/PROOFS.md	2
c174e7121d60982c8abb47fce0dd60a6eb3b932948b1e616b81082a585850740	150026	objects/c1/c174e7121d60982c8abb47fce0dd60a6eb3b932948b1e616b81082a585850740/1492_p263.txt	2
c17b9dcecf904dead778a2d110df6817c3820e14256cec5df409617ea5a4dbcd	132374	objects/c1/c17b9dcecf904dead778a2d110df6817c3820e14256cec5df409617ea5a4dbcd/1370_p263.txt	2
c1990dbff011dea1e9bdd4296102218907db52486c59110f9c4c904d86ff8b60	90	objects/c1/c1990dbff011dea1e9bdd4296102218907db52486c59110f9c4c904d86ff8b60/1904_B22_plane5_k6_p257.log	4
c1cec3d0a40921326e99eab393502c8cbb078d3aba3efc799e3bc3e3cb4d9595	200218	objects/c1/c1cec3d0a40921326e99eab393502c8cbb078d3aba3efc799e3bc3e3cb4d9595/1714.txt	1
c1e69859d9b41fbfe4f4946cf4405532599c9c65c0ddce2bd516b94983fb9a67	277	objects/c1/c1e69859d9b41fbfe4f4946cf4405532599c9c65c0ddce2bd516b94983fb9a67/module_1811_B22_plane0_k4_p263.json	1
c1fd305846a557461843853df996be12264d0deabc7f51a23239d0d3f07ab702	6400	objects/c1/c1fd305846a557461843853df996be12264d0deabc7f51a23239d0d3f07ab702/chunk_006.in	2
c231b4ac1924d0147d109f2ee2a88a3d823ec36c9a0815b88006b0fe629dc513	81247	objects/c2/c231b4ac1924d0147d109f2ee2a88a3d823ec36c9a0815b88006b0fe629dc513/1036_p263.txt	2
c250fd3985cdc0373d27aab4dcf5e1a5110df1433b020969b9c86f05a187552e	26	objects/c2/c250fd3985cdc0373d27aab4dcf5e1a5110df1433b020969b9c86f05a187552e/stage_63.stderr	4
c26196fe682e10ff5f7671d76faaa2ec3eb0908093d18f44d78efee3dd17c3a2	402	objects/c2/c26196fe682e10ff5f7671d76faaa2ec3eb0908093d18f44d78efee3dd17c3a2/check_1623_12000_14000.json	1
c287ada620c7ddf963dc91b0c3c4109f4da2fd66a186d060495500a27e3299fa	137711	objects/c2/c287ada620c7ddf963dc91b0c3c4109f4da2fd66a186d060495500a27e3299fa/q7_47.32719.minors	1
c2e811a580ae9d300ca5a57a280735a7397cf9c18e36a57e731064850b371bc8	151	objects/c2/c2e811a580ae9d300ca5a57a280735a7397cf9c18e36a57e731064850b371bc8/case_1629_S5.txt	1
c2f687fd9dfdad28756ad4d818ee456c9090a2fad7a49ef3495e906599c77967	90	objects/c2/c2f687fd9dfdad28756ad4d818ee456c9090a2fad7a49ef3495e906599c77967/1811_B22_plane4_k4_p257.log	4
c2fcb5fbb7ea5e2f8884a4d9059de519ddb9031ef3e1a413b73c49daceda4683	174590	objects/c2/c2fcb5fbb7ea5e2f8884a4d9059de519ddb9031ef3e1a413b73c49daceda4683/1626_S5.txt	1
c33b9c79e80c6bac5fcdb634c03113562b3b1b9708a5b74e3a03cd066360090a	85	objects/c3/c33b9c79e80c6bac5fcdb634c03113562b3b1b9708a5b74e3a03cd066360090a/f58_q7_rank_32719.log	4
c34b0a879df6f5b86803734072381d8fe7088547273d4439be3fe36b03b56b04	90	objects/c3/c34b0a879df6f5b86803734072381d8fe7088547273d4439be3fe36b03b56b04/1808_B22_plane1_k4_p257.log	4
c3668ecd1b5c16bb53d7d9f7705fdfdcd737741e79bc5184dbf9a6de895cb2cf	278	objects/c3/c3668ecd1b5c16bb53d7d9f7705fdfdcd737741e79bc5184dbf9a6de895cb2cf/module_1736_B22_plane1_k4_p263.json	1
c37f26904bc42b9c1c8581aa435669f390a2f31bc620cb1d4d3bca90ec72c172	303466	objects/c3/c37f26904bc42b9c1c8581aa435669f390a2f31bc620cb1d4d3bca90ec72c172/1969_S5.txt	1
c38eb0b5fcd163c29fe32e6cdb08aed0270ac6315444cf728260e5c18dd11409	264988	objects/c3/c38eb0b5fcd163c29fe32e6cdb08aed0270ac6315444cf728260e5c18dd11409/1894_B22_plane4_k4.txt	1
c397bfeb85b36bdd0d5f062e936ee6b7006254ca03ab46f42587efe8e5d55d91	236592	objects/c3/c397bfeb85b36bdd0d5f062e936ee6b7006254ca03ab46f42587efe8e5d55d91/1811_B22_plane4_k6.txt	1
c39f433895e04e7ee06212a8c2459f9f49a3f7e7c240ec5d005160042dfc3402	39079	objects/c3/c39f433895e04e7ee06212a8c2459f9f49a3f7e7c240ec5d005160042dfc3402/gates_full.txt	2
c40048bcc0404f0db317849515842b6d305c9fa604a0983c68c23696818b9405	256	objects/c4/c40048bcc0404f0db317849515842b6d305c9fa604a0983c68c23696818b9405/module_1765_S5_p257.json	1
c42b13906ff3cababa815df5c42dafcbf0e7448de1cec6dab705d13369f962af	90	objects/c4/c42b13906ff3cababa815df5c42dafcbf0e7448de1cec6dab705d13369f962af/1969_B22_plane0_k6_p257.log	4
c47c1d79730e0e145355591a052fe91ae67cb4d8d4a39e9cef8b8072669e5aa9	262	objects/c4/c47c1d79730e0e145355591a052fe91ae67cb4d8d4a39e9cef8b8072669e5aa9/compile_fees.json	1
c480ba13dc8b52ad7976929c5a063c960bdd417e5ae92bb6c2ed29fc065dbf96	3022	objects/c4/c480ba13dc8b52ad7976929c5a063c960bdd417e5ae92bb6c2ed29fc065dbf96/frontier124.tsv	3
c49623ff548b1086eb73ed181caac8e281cb69201a9c849c155555dd63f22906	70	objects/c4/c49623ff548b1086eb73ed181caac8e281cb69201a9c849c155555dd63f22906/minors_q7_57_32719.log	2
c4987e10f5575951e017d3099790a076e845cca2d928bd9b57ce6364a354896b	115	objects/c4/c4987e10f5575951e017d3099790a076e845cca2d928bd9b57ce6364a354896b/B699-ProA-ODD-SAT3-5-EDGE8-20260922-evidence.zip.sha256	2
c4c1a03339d9a647f0c01d43c98e7502b095e8a67ee4c443a072a8d327ecb9fe	6623	objects/c4/c4c1a03339d9a647f0c01d43c98e7502b095e8a67ee4c443a072a8d327ecb9fe/final_E0_frontier.tsv	4
c4e479e48b60f598d39322909a7b8cdf4348208561c98830da837dbbcb8a3474	278	objects/c4/c4e479e48b60f598d39322909a7b8cdf4348208561c98830da837dbbcb8a3474/module_1629_B22_plane0_k4_p257.json	1
c4e741eeb2a28903a451617dd1700f9de961cebb04f87d3d67acc6d80f89e5dc	278	objects/c4/c4e741eeb2a28903a451617dd1700f9de961cebb04f87d3d67acc6d80f89e5dc/module_1715_B22_plane0_k4_p257.json	1
c4ece8f63e8d1a77528143b1f047468dd32ae2ee09614f53139ce2f338309497	151	objects/c4/c4ece8f63e8d1a77528143b1f047468dd32ae2ee09614f53139ce2f338309497/case_1847_B22_plane1_k4.txt	1
c4fe9a7d5609f382b6b130f49733e803f240d618f4da07c0225b5390fea2f4ac	232696	objects/c4/c4fe9a7d5609f382b6b130f49733e803f240d618f4da07c0225b5390fea2f4ac/1805_B22_plane1_k4.txt	1
c50aaf4b2af2db83d50a3b1d28d9885a83fef9f974470e70077b3d268594ad0e	6340	objects/c5/c50aaf4b2af2db83d50a3b1d28d9885a83fef9f974470e70077b3d268594ad0e/PROOFS.md	4
c5314d0c44082003330225f127bf48ae6922168147b49b4037e42e30e80a4d6f	200924	objects/c5/c5314d0c44082003330225f127bf48ae6922168147b49b4037e42e30e80a4d6f/1717_B22_plane0_k6.txt	1
c5488beccd1ddfacb5565d79d6d3867afe452a686cd9c99ab28acf456d1f611b	90	objects/c5/c5488beccd1ddfacb5565d79d6d3867afe452a686cd9c99ab28acf456d1f611b/1765_S4_p257.log	4
c54ac2ee04fee25616958889e8e02f169879941623d776a8584520f1f3509836	278	objects/c5/c54ac2ee04fee25616958889e8e02f169879941623d776a8584520f1f3509836/module_1888_B22_plane0_k6_p263.json	1
c555aeb7e59787232ac42c2412742c4bf7e88899fcf17c52fb483b4d263ef70b	289	objects/c5/c555aeb7e59787232ac42c2412742c4bf7e88899fcf17c52fb483b4d263ef70b/module_1916_257.json	1
c55dafdcd2a44cc52678e07ce426d798b2ca3d4f8c3f52d4820456cf53025481	7509	objects/c5/c55dafdcd2a44cc52678e07ce426d798b2ca3d4f8c3f52d4820456cf53025481/certify.py	1
c5679a1bcb715502fc416d236d77f612a5c58bd13c473cd7484cbaa8ae9f5cd5	482	objects/c5/c5679a1bcb715502fc416d236d77f612a5c58bd13c473cd7484cbaa8ae9f5cd5/old_1651_six_multisets.json	1
c574554e0165857f19a05a28ab9e41e77e334d0e4a1bf8b8f538fffadaeb9f53	90	objects/c5/c574554e0165857f19a05a28ab9e41e77e334d0e4a1bf8b8f538fffadaeb9f53/module_2019_257.log	2
c57e73171f405aba537251b642c4d8632dc3122af61c09b010ab3708a7255732	243207	objects/c5/c57e73171f405aba537251b642c4d8632dc3122af61c09b010ab3708a7255732/1844.txt	1
c5931936470c4270076ad5663865936557239b15ee84b5e306e035d53c64d2bc	16157	objects/c5/c5931936470c4270076ad5663865936557239b15ee84b5e306e035d53c64d2bc/INDEX.md	2
c59464983c96f416fd385357e1da030c5abd045498d717fe4e774e22ee00b2f0	1345	objects/c5/c59464983c96f416fd385357e1da030c5abd045498d717fe4e774e22ee00b2f0/SOURCE_ADOPTION.md	4
c598a32d024f0741f62a2d2540c4faaf40136e6b140942e6d42e2a81e92f27b0	310798	objects/c5/c598a32d024f0741f62a2d2540c4faaf40136e6b140942e6d42e2a81e92f27b0/1969_B22_plane3_k6.txt	1
c598e202e26579440215d173f3f49b48a9fac0e08e8d339bdfc259eabf52fb35	1436	objects/c5/c598e202e26579440215d173f3f49b48a9fac0e08e8d339bdfc259eabf52fb35/ledger_summary.json	1
c59901bab94c33e72b0eb35e761521f03878405c3e5c9c389ea44c40a24e6247	81	objects/c5/c59901bab94c33e72b0eb35e761521f03878405c3e5c9c389ea44c40a24e6247/f58_q6_rank_32719.log	4
c59d64f33aa1d645ecdc8c7f3f039d26e9b67b6b2dd113fd78e3f23a2246a323	256	objects/c5/c59d64f33aa1d645ecdc8c7f3f039d26e9b67b6b2dd113fd78e3f23a2246a323/module_1681_S5_p263.json	1
c5a8d15c74554710d72b2afce222310a96b41eef96108c51120f9364f6c0d585	6943	objects/c5/c5a8d15c74554710d72b2afce222310a96b41eef96108c51120f9364f6c0d585/signatures.txt	1
c5ad5c6724a9e03253ed7c069e7fba4dc17269a5a12c4f332b096de684db0aba	278	objects/c5/c5ad5c6724a9e03253ed7c069e7fba4dc17269a5a12c4f332b096de684db0aba/module_1765_B22_plane5_k4_p263.json	1
c6a0f13b4c3907ca242743dba5ce8b59caaa482b4f794ff24fe0ace2b5ea7c27	138	objects/c6/c6a0f13b4c3907ca242743dba5ce8b59caaa482b4f794ff24fe0ace2b5ea7c27/target_ids.json	1
c6f4c61fa49f64a716d3f31a296176378f2b0e39e91a9a228d1163e597831a7e	277	objects/c6/c6f4c61fa49f64a716d3f31a296176378f2b0e39e91a9a228d1163e597831a7e/module_1765_B22_plane2_k6_p263.json	1
c6fadddd5d4bd0e555e624ac3b1b0c1e5b26d5579b6253601be6c6ea0af27afa	175032	objects/c6/c6fadddd5d4bd0e555e624ac3b1b0c1e5b26d5579b6253601be6c6ea0af27afa/1627_S4.txt	1
c70fab6875885800b9e477648bdd741e7ea8b4febc692327ba3876d2819f5ed7	14045	objects/c7/c70fab6875885800b9e477648bdd741e7ea8b4febc692327ba3876d2819f5ed7/q6_47.gates	1
c71ea557be9c5d30ac6e61f326be0a2ae7cf0806d2e6a4a3a2ec08608b733ebd	270434	objects/c7/c71ea557be9c5d30ac6e61f326be0a2ae7cf0806d2e6a4a3a2ec08608b733ebd/1894_B22_plane4_k4.txt	1
c732857c8b95364dbb821bb276defe74faf921e1daf4287b64bbeb082dfb7d1f	151	objects/c7/c732857c8b95364dbb821bb276defe74faf921e1daf4287b64bbeb082dfb7d1f/case_1805_B22_plane3_k4.txt	1
c748de2109ba7fe9b2a85a60d03869dd37ad7c84dd174356ebdcf49af0312c65	260698	objects/c7/c748de2109ba7fe9b2a85a60d03869dd37ad7c84dd174356ebdcf49af0312c65/1888_B22_plane3_k4.txt	1
c753d08490369ca37b1a3bbf4e08b8af1cbda1f613bb760e36a89197187b7ba8	151	objects/c7/c753d08490369ca37b1a3bbf4e08b8af1cbda1f613bb760e36a89197187b7ba8/case_1847_B22_plane0_k4.txt	1
c75823e8463c51ab8607eda585148cfa9a775aaf30b7616b439dda184a1d9fc8	90	objects/c7/c75823e8463c51ab8607eda585148cfa9a775aaf30b7616b439dda184a1d9fc8/1894_B22_plane0_k4_p257.log	4
c7794a2b7318eb50c1f903472f8db04f5fa85d98f66f377de9fec9233a570c43	119032	objects/c7/c7794a2b7318eb50c1f903472f8db04f5fa85d98f66f377de9fec9233a570c43/1318_p257.txt	2
c783c19e237c37ba6238b43a57b76a039116b13819fe8abc907b14e69d95ea79	177126	objects/c7/c783c19e237c37ba6238b43a57b76a039116b13819fe8abc907b14e69d95ea79/state_1623_reverse.txt	1
c791884e269c1ff0bbdd810b2fd0e0b6e43c59c5ce580cb4c401859271efbf4c	5351	objects/c7/c791884e269c1ff0bbdd810b2fd0e0b6e43c59c5ce580cb4c401859271efbf4c/chunk_005.in	2
c7935bfada71c7dc1d39e7c5741fdd46fc5b54813554c9aac1a032edd6025af8	151	objects/c7/c7935bfada71c7dc1d39e7c5741fdd46fc5b54813554c9aac1a032edd6025af8/case_1894_B22_plane1_k6.txt	1
c7941e0743ba4a26c00e9a1d8532911ba4a1d7777022d378c5921caf95126b87	106	objects/c7/c7941e0743ba4a26c00e9a1d8532911ba4a1d7777022d378c5921caf95126b87/A-i9-ALL-SESSION-OUTPUTS-2026-09-24.zip.sha256	2
c81d813983506360c2940a14b5147535b7662fe79d4afa4d6754dc0c51f9a404	278	objects/c8/c81d813983506360c2940a14b5147535b7662fe79d4afa4d6754dc0c51f9a404/module_1805_B22_plane5_k4_p257.json	1
c83e5e92fa0651be389f7425d4ea96482e5efe8be104d48b39261dd86ab97d41	239	objects/c8/c83e5e92fa0651be389f7425d4ea96482e5efe8be104d48b39261dd86ab97d41/environment.json	1
c8722ae1091b1f4de5ad2568821c3cf67431ef618b2fa2821c679de3895a62ac	111	objects/c8/c8722ae1091b1f4de5ad2568821c3cf67431ef618b2fa2821c679de3895a62ac/check_1619.log	1
c89622f1cfb8e05a4f50eda0e33d0d5f8376728854c9bf549274aa2a46e38d61	4204	objects/c8/c89622f1cfb8e05a4f50eda0e33d0d5f8376728854c9bf549274aa2a46e38d61/summary.json	2
c8977452d9f24b0c6d09e9b85a48151d59c5cabc939a878a7a353ec0d1ebd374	211372	objects/c8/c8977452d9f24b0c6d09e9b85a48151d59c5cabc939a878a7a353ec0d1ebd374/1752.txt	1
c8c387e21697dcaea0695835d8023b4b639b6ea33a3b53abc284270e71963fdb	9018	objects/c8/c8c387e21697dcaea0695835d8023b4b639b6ea33a3b53abc284270e71963fdb/final_E0_frontier.tsv	4
c90bf60a7dbaec8ef8226299693ea7dfc278624cc181d013c1c74adc92483ca7	75075	objects/c9/c90bf60a7dbaec8ef8226299693ea7dfc278624cc181d013c1c74adc92483ca7/quotient_cases.json	1
c90c1417f3a3da747be64a0a75e105613515a83efa25ef145c8062d340f90467	256	objects/c9/c90c1417f3a3da747be64a0a75e105613515a83efa25ef145c8062d340f90467/module_1715_S4_p257.json	1
c932e7a03858e1e8e2bb762cd68ce8d36a749463742d7e0a6f1ff6d19de48e5c	90	objects/c9/c932e7a03858e1e8e2bb762cd68ce8d36a749463742d7e0a6f1ff6d19de48e5c/module_2033_257.log	2
c940f18a043c30c3f772034531a2659566a5fc2dc7761174c8f6a00b387cb832	277	objects/c9/c940f18a043c30c3f772034531a2659566a5fc2dc7761174c8f6a00b387cb832/module_1805_B22_plane1_k6_p263.json	1
c94b5d24abd8b534d542162cc1f3570106220bf2e33ee83f0eb76be3e9b65222	23795466	originals/research_rounds/R09_QUARTIC-COFACTOR-JETS-FRONTIER205__B699-ProA-QUARTIC-COFACTOR-JETS-FRONTIER205-20260924-evidence.zip	1
c95b74e25830706c365f205ed72b516404e05fef3de4f8a5f693fb5286294294	160	objects/c9/c95b74e25830706c365f205ed72b516404e05fef3de4f8a5f693fb5286294294/check_1623_08000_10000.log	1
c96ef8a17820ca992767347e62bb6c864e18134b6403b17a61551468030900ee	163507	objects/c9/c96ef8a17820ca992767347e62bb6c864e18134b6403b17a61551468030900ee/1520_p263.txt	2
c973e2704921e19c32962337681cfe6a47eef0e1cc0371c0379d5e0a70d509d4	168	objects/c9/c973e2704921e19c32962337681cfe6a47eef0e1cc0371c0379d5e0a70d509d4/verify.stdout	2
c98fe24c7470705a79908b33a60fd3fc88f669be91b214ec96a097241821f98e	16287	objects/c9/c98fe24c7470705a79908b33a60fd3fc88f669be91b214ec96a097241821f98e/SHA256SUMS.txt	2
c99da0e3e0ea630e1922e2e6ab10263add35edac998a3fd284725c987ecf98ac	1867	objects/c9/c99da0e3e0ea630e1922e2e6ab10263add35edac998a3fd284725c987ecf98ac/SOURCE_ADOPTION.md	1
c9a37629d953e36762fea2ea0c331e9f77bd7f9cbfe491b213eeedfdcf2b4eb5	18890	objects/c9/c9a37629d953e36762fea2ea0c331e9f77bd7f9cbfe491b213eeedfdcf2b4eb5/MANIFEST.sha256	1
c9f37bb5b8ad5dd551d29bbe87c77cddd28adcd73bbe9eb076a9d79af12ee6fb	45	objects/c9/c9f37bb5b8ad5dd551d29bbe87c77cddd28adcd73bbe9eb076a9d79af12ee6fb/C_2delta6_q6.32719.stdout	4
c9f44f3d9c862455962026ab3e086233b7145f0544292baab5095c48c7c5ad06	2063	objects/c9/c9f44f3d9c862455962026ab3e086233b7145f0544292baab5095c48c7c5ad06/FAILURE_BOUNDARIES.md	3
ca04e523631efa04edeb098f2f247a30dcf39b57c5d89f01c8cbf2d09cbf019b	673	objects/ca/ca04e523631efa04edeb098f2f247a30dcf39b57c5d89f01c8cbf2d09cbf019b/fee_summary.json	1
ca0897b6a0a830f2900c670e5e7a1bfe19ca69da89dfa55e03325298e8cf0342	90	objects/ca/ca0897b6a0a830f2900c670e5e7a1bfe19ca69da89dfa55e03325298e8cf0342/1847_B22_plane5_k6_p257.log	4
ca2c9c57dc28c9d2a1f558d33eaae603c5abdc74e385c8ecd25c32a491d04c15	90	objects/ca/ca2c9c57dc28c9d2a1f558d33eaae603c5abdc74e385c8ecd25c32a491d04c15/1847_B22_plane2_k4_p257.log	4
ca3cb7cbaf89a16053ce51c22a9867d8ae0cab4ef025c4e68eb2db320f007058	3656	objects/ca/ca3cb7cbaf89a16053ce51c22a9867d8ae0cab4ef025c4e68eb2db320f007058/pattern_D_delta4_delta8_jets.cpp	2
ca3ebca489c664d6b8340524c332af38ee59187e2261c405461c7418f94ec8c8	103226	objects/ca/ca3ebca489c664d6b8340524c332af38ee59187e2261c405461c7418f94ec8c8/1198_p257.txt	2
ca3f0bc482fd2853d4a98a35730b55d205cc2bf93b83deae94414a926b0e9680	90	objects/ca/ca3f0bc482fd2853d4a98a35730b55d205cc2bf93b83deae94414a926b0e9680/1894_B22_plane2_k6_p257.log	4
cac040373e2eb71bd0e0d44edd064e2e8fabb123d85d62605c3c2e4b4c04ee96	12327	objects/ca/cac040373e2eb71bd0e0d44edd064e2e8fabb123d85d62605c3c2e4b4c04ee96/source_descent.py	2
cac4ec75ada992322c73b88935019b4c043953c5f2e0c5d2743bf402bfc1fd48	78290	objects/ca/cac4ec75ada992322c73b88935019b4c043953c5f2e0c5d2743bf402bfc1fd48/FILES.md	1
cad3a35177b3103daedbdd98989bf95aeb7e2a2f0f48164118edf76e0b81fcae	244543	objects/ca/cad3a35177b3103daedbdd98989bf95aeb7e2a2f0f48164118edf76e0b81fcae/1847_B22_plane2_k6.txt	1
cafb69d8e9c7d1c91fa841045ac06d9a44451e576906d2012b7e918b51e746ab	81	objects/ca/cafb69d8e9c7d1c91fa841045ac06d9a44451e576906d2012b7e918b51e746ab/q18r5.gates_cross.log	1
cb1f3c54d5dfcc6e635024d4ee288782cffa2f81ab312ee2f703b6eba4eeeae5	288	objects/cb/cb1f3c54d5dfcc6e635024d4ee288782cffa2f81ab312ee2f703b6eba4eeeae5/module_1752_263.json	1
cb3f38fc9adc08f117303dffd04bb6157d748ab172fff516ac2b7218d0b052b8	143903	objects/cb/cb3f38fc9adc08f117303dffd04bb6157d748ab172fff516ac2b7218d0b052b8/1431_p263.txt	2
cb4602d6b359b2959d45974f7e5af99c16008591caf92db54fd5ad5043e5dd42	3513	objects/cb/cb4602d6b359b2959d45974f7e5af99c16008591caf92db54fd5ad5043e5dd42/check_extension.py	1
cb570df775d4fc4c3f4aa2d277d5d98c18a9d58cde8c37f1cb6de7cf7727ff4c	288	objects/cb/cb570df775d4fc4c3f4aa2d277d5d98c18a9d58cde8c37f1cb6de7cf7727ff4c/module_1729_263.json	1
cb5bf501a8ce8e6fe6bac00abf068d21de45c51519c0b16b5d44e9f1179df566	140	objects/cb/cb5bf501a8ce8e6fe6bac00abf068d21de45c51519c0b16b5d44e9f1179df566/check_1615.log	1
cb76919930aa3df2a27d0dd25a8a2a030104daca0c8e4ba6a3faa31be0532cf8	28218289	originals/interim_archive/A-i9-ALL-SESSION-OUTPUTS-2026-09-24.zip	2
cb7f4a0d219d31e247187e9bcc381840b79022afddf547faa65dfd9c4e28fd4b	2653	objects/cb/cb7f4a0d219d31e247187e9bcc381840b79022afddf547faa65dfd9c4e28fd4b/all_new_fees.txt	2
cb80c367d7fa03d92743fc9363986850b3e1448f01be081b61e848e31f9503ae	3562	objects/cb/cb80c367d7fa03d92743fc9363986850b3e1448f01be081b61e848e31f9503ae/chunk_005.in	2
cb9ae01a55b8c11ec78c0c35c9dd8a57402654f62206a1bffa332f4e5947fa37	4032874	originals/research_rounds/R08_PROJECTIVE-FACTOR-COVER-H111__B699-ProA-PROJECTIVE-FACTOR-COVER-H111-20260924-evidence.zip	1
cbb3122080ce38397f1dcc31be2fde7c93027963d89abee17e1dbaa8662d2683	278	objects/cb/cbb3122080ce38397f1dcc31be2fde7c93027963d89abee17e1dbaa8662d2683/module_1847_B22_plane1_k6_p263.json	1
cbbce00b88cd3caa582487da47d4eb3d2ab9ee7aeadd6589c8c2ce75e81da1ab	281	objects/cb/cbbce00b88cd3caa582487da47d4eb3d2ab9ee7aeadd6589c8c2ce75e81da1ab/ENVIRONMENT.json	2
cc0cf4a6cce4e5f2fe7935b685fdc57ed5d8757690ea194305c0b03b595f74f0	29	objects/cc/cc0cf4a6cce4e5f2fe7935b685fdc57ed5d8757690ea194305c0b03b595f74f0/D_delta4_delta8_q6.32719.stderr	4
cc0fcf104034a2fa55e9eed061b9a10e382282335824f9c610c2fb7a998cdaeb	289	objects/cc/cc0fcf104034a2fa55e9eed061b9a10e382282335824f9c610c2fb7a998cdaeb/module_1753_263.json	1
cc18731d5d011979ede06776f2dbf8a21cbcb22a57632fb4758cdc3f40000cc5	194779	objects/cc/cc18731d5d011979ede06776f2dbf8a21cbcb22a57632fb4758cdc3f40000cc5/gates.txt	2
cc461f820e2f86b8e48f2bf5a1ed07cd78404004dd397f460ee446d429cf52c9	3783	objects/cc/cc461f820e2f86b8e48f2bf5a1ed07cd78404004dd397f460ee446d429cf52c9/q16r5.gates	1
cc5169160e3252282139ad1d6633b0e7ef1652f2eb0f36cc5b18bd7a3e4db63c	1246	objects/cc/cc5169160e3252282139ad1d6633b0e7ef1652f2eb0f36cc5b18bd7a3e4db63c/fee_dp.cpp	4
cc578440ed8f3adafc4267636eb30eb1b5063bfe6b288e24cb0f6e0f5d9f18ea	32623	objects/cc/cc578440ed8f3adafc4267636eb30eb1b5063bfe6b288e24cb0f6e0f5d9f18ea/mapping.json	1
cc5c5cc312768fd0bbba37f31850e19eed6440bbfb19cebe4de5e5a6177cbcc6	13231	objects/cc/cc5c5cc312768fd0bbba37f31850e19eed6440bbfb19cebe4de5e5a6177cbcc6/chunk_004.in	2
cc981de92d3a629d6c7a3f153cbbad26ec427e84e48634e4e7b8bd84fcc739ef	151	objects/cc/cc981de92d3a629d6c7a3f153cbbad26ec427e84e48634e4e7b8bd84fcc739ef/case_1960_S5.txt	1
ccb99d662cf38290381240cb9100d2df09c351725855e2e20de49e46e07d13b0	27	objects/cc/ccb99d662cf38290381240cb9100d2df09c351725855e2e20de49e46e07d13b0/all_new_fees_raw.log	1
ccc93615d4efb9f444377d0d263c4c8a2bed9773b48e4d0eebd9b266b4f16a86	2098	objects/cc/ccc93615d4efb9f444377d0d263c4c8a2bed9773b48e4d0eebd9b266b4f16a86/HANDOFF.md	6
ccee95722684fde80a7606cd086aca272abb67152ef06bd3b28033c9a116ff02	232069	objects/cc/ccee95722684fde80a7606cd086aca272abb67152ef06bd3b28033c9a116ff02/1803_B22_plane0_k6.txt	1
cd25c3483dd8f17148800f302094e2567360df40ecac28d71af0914c972869c9	66	objects/cd/cd25c3483dd8f17148800f302094e2567360df40ecac28d71af0914c972869c9/q18r5.minors.log	1
cd3cbc64ae1b2db19c546fad6f558046e287caf197cece4f43c039b7654bf3a3	212634	objects/cd/cd3cbc64ae1b2db19c546fad6f558046e287caf197cece4f43c039b7654bf3a3/1736_B22_plane1_k6.txt	1
cd793fab46aee4981aa3a13a9bf761c5d5d0f112508727beeaf2234cc154c06b	936319	objects/cd/cd793fab46aee4981aa3a13a9bf761c5d5d0f112508727beeaf2234cc154c06b/chunk_003.out	2
cd84a292659b395ed15a1ec763de4b04017eb3d007eae48b13367858a3498f70	8825	objects/cd/cd84a292659b395ed15a1ec763de4b04017eb3d007eae48b13367858a3498f70/summary.json	6
cda0171f102cb54ee66dfc567f3f36c7e5da65ce4cb878ff62042e7b4be68bf1	90	objects/cd/cda0171f102cb54ee66dfc567f3f36c7e5da65ce4cb878ff62042e7b4be68bf1/1626_S5_p257.log	4
cde7c1cdcf24947c7d08465bc0ee45c1d58bded3830a8ebb2a92cf63c563304e	150026	objects/cd/cde7c1cdcf24947c7d08465bc0ee45c1d58bded3830a8ebb2a92cf63c563304e/1494_p263.txt	2
cdf7c0b9b5c86886b23a4ae76ab17aee03db90b0dba900290026966fd9cb4f23	297	objects/cd/cdf7c0b9b5c86886b23a4ae76ab17aee03db90b0dba900290026966fd9cb4f23/fees_mode1.json	1
ce6c11bcdeefe438f9a8aed1096e2365a93a4064812e21461b087a0829d6cd73	5075	objects/ce/ce6c11bcdeefe438f9a8aed1096e2365a93a4064812e21461b087a0829d6cd73/q16r4.cross.gates	1
ce86deba183a2f05eca0e9fbbb372ab0cae69c783fd0b2ab8794b55d5ea1a152	728	objects/ce/ce86deba183a2f05eca0e9fbbb372ab0cae69c783fd0b2ab8794b55d5ea1a152/CLEAN_REPLAY_RECEIPT.json	2
ce977a7a52510a57613b6d9851ee797597e5595855ae7cc9dbf20749f7a83389	346654	objects/ce/ce977a7a52510a57613b6d9851ee797597e5595855ae7cc9dbf20749f7a83389/2033.txt	1
ceb35b4259b3cee5835cb045d98e197e34a4688f86b2f57bccbda9519819773c	90	objects/ce/ceb35b4259b3cee5835cb045d98e197e34a4688f86b2f57bccbda9519819773c/1808_B22_plane3_k6_p257.log	4
cef2dcec4296006375c9f2a3c9f0bf9c7c840fa643327a4739916f0195a48a05	124468	objects/ce/cef2dcec4296006375c9f2a3c9f0bf9c7c840fa643327a4739916f0195a48a05/1346_p257.txt	2
cefeef03c249286a1531ab1ae3da03d53f04ceeeb37fe267e77d6e66a0631ed3	1776	objects/ce/cefeef03c249286a1531ab1ae3da03d53f04ceeeb37fe267e77d6e66a0631ed3/FULL_REGENERATION_RECEIPT.json	1
ceff3d30ecff69df23c06aabb1a71a2ca552b2e312944b1c6f1eff17c731ae83	151	objects/ce/ceff3d30ecff69df23c06aabb1a71a2ca552b2e312944b1c6f1eff17c731ae83/case_1736_S5.txt	1
cf0748fa587acbf8e5725cb8ac123c089f2e4e2c0a680fa74aa98078ec8404e0	461456	objects/cf/cf0748fa587acbf8e5725cb8ac123c089f2e4e2c0a680fa74aa98078ec8404e0/kappa_slices.json	1
cf103436395ce07c2875361d3bf168fed1bb9aa4f95ddb4fbc762e1686a6d531	832	objects/cf/cf103436395ce07c2875361d3bf168fed1bb9aa4f95ddb4fbc762e1686a6d531/summary.json	6
cf13a7a135a1657a25215ef5c529604a8be686637df5fd742b4da1335f199eb0	188848	objects/cf/cf13a7a135a1657a25215ef5c529604a8be686637df5fd742b4da1335f199eb0/1681_S5.txt	1
cf222d5cc8fa48cdd2e35d0ab767bdc77dd1d2352a1bf2dce22c3e10203878a0	232218	objects/cf/cf222d5cc8fa48cdd2e35d0ab767bdc77dd1d2352a1bf2dce22c3e10203878a0/1801_B22_plane0_k6.txt	1
cf23d8b47a3aecf807ac1cc16893367b5bf9f3b697acdc097f809c554422f593	289	objects/cf/cf23d8b47a3aecf807ac1cc16893367b5bf9f3b697acdc097f809c554422f593/module_1796_257.json	1
cf55ff1be230c575a88d1b47ee7619dabcd2db5669867247e068dae7f7b50026	111136	objects/cf/cf55ff1be230c575a88d1b47ee7619dabcd2db5669867247e068dae7f7b50026/signatures478.json	2
cf610521c006e975922c4aef533f1eec692a3597eddc61ef2f517ec865c13a61	161	objects/cf/cf610521c006e975922c4aef533f1eec692a3597eddc61ef2f517ec865c13a61/C_2delta6_q7.gates.stderr	2
cf79e4dd942bca744747486a58049538e1f0b23e0946cacc96ca12691149db2c	5367	objects/cf/cf79e4dd942bca744747486a58049538e1f0b23e0946cacc96ca12691149db2c/chunk_004.in	2
cf9e9a36be047691cbf445b4cc12bb2cbdc699300b7386416ec936ec0b4becdf	90	objects/cf/cf9e9a36be047691cbf445b4cc12bb2cbdc699300b7386416ec936ec0b4becdf/1894_B22_plane2_k4_p257.log	4
cfbdc992ced21185bdea02224a1c62a24628c9040ac41ac9d2a128fcf81717f2	216758	objects/cf/cfbdc992ced21185bdea02224a1c62a24628c9040ac41ac9d2a128fcf81717f2/1765_B22_plane4_k6.txt	1
cfcf154ce4d9cb07b2347068969b4301b8def9c3772ad0dcf0d875aa0f0b61db	90	objects/cf/cfcf154ce4d9cb07b2347068969b4301b8def9c3772ad0dcf0d875aa0f0b61db/1627_B22_plane0_k6_p257.log	4
cfd8cb8059182e037dac4030cffabc5858e0599c6140d627061f6ca5562df007	247982	objects/cf/cfd8cb8059182e037dac4030cffabc5858e0599c6140d627061f6ca5562df007/1845.txt	1
cfe8adb6cefe781822ace03238c4190327e32ca4a7f6a198b0bbe6abac6ce74d	244714	objects/cf/cfe8adb6cefe781822ace03238c4190327e32ca4a7f6a198b0bbe6abac6ce74d/1847_B22_plane2_k4.txt	1
d005c75cda9442cf510a534b2e3a7f7558046c60a58466db9bcc8be129943f1d	160859	objects/d0/d005c75cda9442cf510a534b2e3a7f7558046c60a58466db9bcc8be129943f1d/q7_45.32749.minors	1
d0639bb1edea445cf84c477458bd81b895a65ec858ada385cf1ea601c6358950	15482	objects/d0/d0639bb1edea445cf84c477458bd81b895a65ec858ada385cf1ea601c6358950/gates.txt	2
d06894c5a64ccb49ac3f48a00675b59115761fd11d31ef9c6bcbd39f4b69effb	10554	objects/d0/d06894c5a64ccb49ac3f48a00675b59115761fd11d31ef9c6bcbd39f4b69effb/old478_aggregate_signatures.txt	1
d074759fdbbc6e58910894fcbdb80c1c1f2c4bb0ffb94cf818c1a9411285c382	344	objects/d0/d074759fdbbc6e58910894fcbdb80c1c1f2c4bb0ffb94cf818c1a9411285c382/compile_checker.json	1
d077eda274595f20ba0a221a3e531290b48aa0407a427b0d67b26b34fb04e176	253626	objects/d0/d077eda274595f20ba0a221a3e531290b48aa0407a427b0d67b26b34fb04e176/f58_q7_p32749.txt	2
d08876bfc816d644fdef9bb884d73fb90fcb2a1dcd60e79c7dd888ea8c8fd288	1007	objects/d0/d08876bfc816d644fdef9bb884d73fb90fcb2a1dcd60e79c7dd888ea8c8fd288/README.md	1
d0d2b9d52cb1d40d634168e0199e409d85b84faf07720797441158750269ee62	179063	objects/d0/d0d2b9d52cb1d40d634168e0199e409d85b84faf07720797441158750269ee62/1630_B22_plane0_k6.txt	1
d102ed4e5bf3093cdcd77da242a7b5428eedec01891f0c206a316a2a31ee6154	288	objects/d1/d102ed4e5bf3093cdcd77da242a7b5428eedec01891f0c206a316a2a31ee6154/module_1916_263.json	1
d13b806570e552f0e685533e7774096261e1c568f96524899ae54424b979710b	375	objects/d1/d13b806570e552f0e685533e7774096261e1c568f96524899ae54424b979710b/check_1615.json	1
d163f54eefb115f93d6df1501fa23428df54fa62715dc8660a8441ccbd0c5208	446	objects/d1/d163f54eefb115f93d6df1501fa23428df54fa62715dc8660a8441ccbd0c5208/EVIDENCE_LEVEL.md	2
d19de9d0e9e31306c8c1c1472e1feb1c4cc05f96d6f054c13d303157aa22a5ea	135416	objects/d1/d19de9d0e9e31306c8c1c1472e1feb1c4cc05f96d6f054c13d303157aa22a5ea/1392_p257.txt	2
d1d7a339221cdb6eba74aa4b176b8223b8a8bf5912d5918a99878528d87f7573	278	objects/d1/d1d7a339221cdb6eba74aa4b176b8223b8a8bf5912d5918a99878528d87f7573/module_1808_B22_plane5_k6_p257.json	1
d1d8b0b2ca03d6e087e4af46adf5c41ce7bca994e53a69eda80e6adc78a25789	5075	objects/d1/d1d8b0b2ca03d6e087e4af46adf5c41ce7bca994e53a69eda80e6adc78a25789/changed_multiplicity.gates	1
d1e2f3a71deda4d7c915578207470ba3df2c1ece12758bc6acf5c140e5b20650	19422	objects/d1/d1e2f3a71deda4d7c915578207470ba3df2c1ece12758bc6acf5c140e5b20650/module_slice_p257_0_50.json	1
d230c9d6715e63b1faaa1cfb5545020c18576c45e949b0d539030251586e283a	222	objects/d2/d230c9d6715e63b1faaa1cfb5545020c18576c45e949b0d539030251586e283a/gates_q5_45.json	1
d2680bbc214e64cb942480d6629a45bb41da4514f87d4a0719faedbafe64bfa1	1222820	objects/d2/d2680bbc214e64cb942480d6629a45bb41da4514f87d4a0719faedbafe64bfa1/chunk_006.out	2
d26b581ceb4d8d0827b8436318c5af832ee02a4d4fa8703b282ff21838cfc111	227733	objects/d2/d26b581ceb4d8d0827b8436318c5af832ee02a4d4fa8703b282ff21838cfc111/1801_S4.txt	1
d27d5618c0fab1273f3d00ec0b92da3005042de9bb9ddbe6d904ec9f38443203	254	objects/d2/d27d5618c0fab1273f3d00ec0b92da3005042de9bb9ddbe6d904ec9f38443203/module_1715_S5_p263.json	1
d2883a97b2b25ece0ddf7726f8ebb8a914b8669dcb170177aebb75cba32c8d79	244431	objects/d2/d2883a97b2b25ece0ddf7726f8ebb8a914b8669dcb170177aebb75cba32c8d79/1847_B22_plane1_k6.txt	1
d291efad44c2b5e8b2d81758c22d9e13bc40fece5851d552dc4f67ece4992462	47	objects/d2/d291efad44c2b5e8b2d81758c22d9e13bc40fece5851d552dc4f67ece4992462/alt_q6_45.log	1
d29615e783337d366b2d72f277c168066419e7091e8df778eee26eebac47d2fb	1753	objects/d2/d29615e783337d366b2d72f277c168066419e7091e8df778eee26eebac47d2fb/FAILURE_BOUNDARIES.md	1
d2c34979604821b2cbf969448d99d2c7871a323c30e3ba822048b57310d97996	143875	objects/d2/d2c34979604821b2cbf969448d99d2c7871a323c30e3ba822048b57310d97996/1427_p263.txt	2
d2d003f05ef464759cc8916a7ca395c40794887ebe6c628043befbc0b1bb6809	65	objects/d2/d2d003f05ef464759cc8916a7ca395c40794887ebe6c628043befbc0b1bb6809/q16r4.minors.log	1
d2d84794e714d05e299d974c3ad488ca8c79af919c7641f690f7e16162e8440b	278	objects/d2/d2d84794e714d05e299d974c3ad488ca8c79af919c7641f690f7e16162e8440b/module_1904_B22_plane3_k6_p263.json	1
d2db362f7051a4e96d7caca7599c53f301301333d5da2f0abbac19f945a52bea	151	objects/d2/d2db362f7051a4e96d7caca7599c53f301301333d5da2f0abbac19f945a52bea/case_1960_B22_plane3_k6.txt	1
d2f49a884b037fc4e3985a9cc8d1b6dcc2a1a179e400961c8c8ce3b656434bc0	90	objects/d2/d2f49a884b037fc4e3985a9cc8d1b6dcc2a1a179e400961c8c8ce3b656434bc0/1765_B22_plane2_k4_p257.log	4
d2f950261fc6ff135b2ecaeed38142c654483b1f25e8755ceac9ec2e3a07e40a	48	objects/d2/d2f950261fc6ff135b2ecaeed38142c654483b1f25e8755ceac9ec2e3a07e40a/alt_q7_45.log	1
d2ff92831ef24461e142daad5d0cb59c082b1872924571e8b2ee9818e0923967	196947	objects/d2/d2ff92831ef24461e142daad5d0cb59c082b1872924571e8b2ee9818e0923967/1715_B22_plane0_k4.txt	1
d328a0ed17cf730bed508d78af8f6ca3940cb9685933dff0ee4fc2c1c5fad006	151	objects/d3/d328a0ed17cf730bed508d78af8f6ca3940cb9685933dff0ee4fc2c1c5fad006/case_1888_B22_plane5_k6.txt	1
d328ce8aec43419aceb7f3df7474337a6332b025be01f4d6e0405e2073035223	151	objects/d3/d328ce8aec43419aceb7f3df7474337a6332b025be01f4d6e0405e2073035223/case_1904_B22_plane5_k6.txt	1
d3542c96160ed2f06f34bcd2a8e86c7309885f2935807a9555532b78c40f344b	3969	objects/d3/d3542c96160ed2f06f34bcd2a8e86c7309885f2935807a9555532b78c40f344b/receipt.json	2
d35441e778ccf99909b6f0767623a35f555b55fe0bd919cb34adc059eba69275	8909	objects/d3/d35441e778ccf99909b6f0767623a35f555b55fe0bd919cb34adc059eba69275/final_E0_frontier.tsv	6
d356c041654a9d0446855fcfbdcd75c06c307b9f7785fb254501577184a975ad	3143	objects/d3/d356c041654a9d0446855fcfbdcd75c06c307b9f7785fb254501577184a975ad/satgates_kappa1_fast.cpp	2
d386e6d840536413d4e8bed6b53fc44693dc26fcbb919be1496586e656d05e00	278	objects/d3/d386e6d840536413d4e8bed6b53fc44693dc26fcbb919be1496586e656d05e00/module_1765_B22_plane2_k4_p263.json	1
d38e9433f00b6a8342f9b6157ac8314825b7568a0ab449032cdf3fe3f89e474e	794737	originals/research_rounds/R05_RATIONAL58-R3K-PARTIALTRACE-H63__B699-ProA-RATIONAL58-R3K-PARTIALTRACE-H63-20260924-evidence.zip	2
d3b76ffecf3f2afbfd6903e485fcdb2bcfb8beebda2cc0f4f61d12b351abc896	3963	objects/d3/d3b76ffecf3f2afbfd6903e485fcdb2bcfb8beebda2cc0f4f61d12b351abc896/module_receipts.json	1
d3f1caf0261d7fdcf20813e88828ec5aa248e42c1f98d3aefe7b1e5328753a29	90	objects/d3/d3f1caf0261d7fdcf20813e88828ec5aa248e42c1f98d3aefe7b1e5328753a29/1736_B22_plane1_k4_p257.log	4
d40084d868616c329b0b204333c7d0fb26a62a39376bf059cd6fb9600fc79a0f	289	objects/d4/d40084d868616c329b0b204333c7d0fb26a62a39376bf059cd6fb9600fc79a0f/module_1753_257.json	1
d407c720a769cb981927884a80cdd6a4dd67e535f6c94585c887f5f51e11ee9e	7467	objects/d4/d407c720a769cb981927884a80cdd6a4dd67e535f6c94585c887f5f51e11ee9e/chunk_007.in	2
d40fbe457cd253048b02efc9321a3d5fe1300a6959b42d65c3422df08c1391fe	244198	objects/d4/d40fbe457cd253048b02efc9321a3d5fe1300a6959b42d65c3422df08c1391fe/1847_B22_plane3_k4.txt	1
d4112af0bb40f9e6a0e2cbc373ab8056a18e0b90ed45f91727e4bc2eac166839	255	objects/d4/d4112af0bb40f9e6a0e2cbc373ab8056a18e0b90ed45f91727e4bc2eac166839/module_1808_S5_p257.json	1
d412809a9c4481442705fe8fc399e9dbed8cccd247edc23ded7b010de76e6e18	277	objects/d4/d412809a9c4481442705fe8fc399e9dbed8cccd247edc23ded7b010de76e6e18/module_1888_B22_plane1_k4_p263.json	1
d42e6eca603425f8b4f549234b4d089d485945267f752ca904916eb210834ce3	530	objects/d4/d42e6eca603425f8b4f549234b4d089d485945267f752ca904916eb210834ce3/replay.sh	2
d4406be0d5a814c6df6cb50112f319892e6347ea3326a22db31fe1addab922c9	113561	objects/d4/d4406be0d5a814c6df6cb50112f319892e6347ea3326a22db31fe1addab922c9/1295_p257.txt	2
d47888eb29af90a0afb1d56e6f0518c1a40957bc96c1222e29f8849efe876839	277	objects/d4/d47888eb29af90a0afb1d56e6f0518c1a40957bc96c1222e29f8849efe876839/module_1969_B22_plane1_k6_p263.json	1
d482efd0d2e296d245a044a97269a13a64e1892f8bc2af3ae8b0460ff285faa3	151	objects/d4/d482efd0d2e296d245a044a97269a13a64e1892f8bc2af3ae8b0460ff285faa3/case_1765_S4.txt	1
d4a6115dec8e68d4ec53e4dfd96695b1cae22a01af5bd8e29c33641359e8e519	170272	objects/d4/d4a6115dec8e68d4ec53e4dfd96695b1cae22a01af5bd8e29c33641359e8e519/1549_p263.txt	2
d4faca9d7cf0e26c00ef2a41cec3cf7e33c6ad2d01163e4da3bd2a743e877a49	6094	objects/d4/d4faca9d7cf0e26c00ef2a41cec3cf7e33c6ad2d01163e4da3bd2a743e877a49/replay.py	2
d507b8c910cf78600ab380b25f998759f2dfc1ea062f65270730590a14f6df3b	90	objects/d5/d507b8c910cf78600ab380b25f998759f2dfc1ea062f65270730590a14f6df3b/1720_B22_plane3_k6_p257.log	4
d573663f735247d2d8a2ac7e56d0c0b66044fb9793ae39c250aa63e94a77b63d	243187	objects/d5/d573663f735247d2d8a2ac7e56d0c0b66044fb9793ae39c250aa63e94a77b63d/1843.txt	1
d5830b322b60c5fb9527bc4a03fec4ffe05b78f47751f1d072fcc0a74b837cd1	151	objects/d5/d5830b322b60c5fb9527bc4a03fec4ffe05b78f47751f1d072fcc0a74b837cd1/case_1969_B22_plane3_k6.txt	1
d596db8cf2c2d2dc745e333fa211f833b02e8c4cd82ff8bf8783ef89ae1d895d	3747	objects/d5/d596db8cf2c2d2dc745e333fa211f833b02e8c4cd82ff8bf8783ef89ae1d895d/exact_receive.py	2
d5c914e0ff4a5888c3fa217b9bf168a8f897ca754f14d53a4375a1f80bf623b1	90	objects/d5/d5c914e0ff4a5888c3fa217b9bf168a8f897ca754f14d53a4375a1f80bf623b1/1765_B22_plane0_k4_p257.log	4
d60555aa8b801b900179753223d8d08d02641ade83660c5130abcec6975fd81a	277	objects/d6/d60555aa8b801b900179753223d8d08d02641ade83660c5130abcec6975fd81a/module_1717_B22_plane0_k4_p263.json	1
d61ae6146bc128193e6b2410d4daafba84bc0a9701c7ce2c2c3feabe25a9f6b4	277	objects/d6/d61ae6146bc128193e6b2410d4daafba84bc0a9701c7ce2c2c3feabe25a9f6b4/module_1969_B22_plane3_k6_p263.json	1
d63a04c620e508a0c075d59629ecd03439ff45b53753267ee3beefdce6497723	222	objects/d6/d63a04c620e508a0c075d59629ecd03439ff45b53753267ee3beefdce6497723/gates_q7_57.json	1
d65dda6a34df796c8334a13071ddee6e42addc2b793ca44ddd61e8d499b036ef	289	objects/d6/d65dda6a34df796c8334a13071ddee6e42addc2b793ca44ddd61e8d499b036ef/module_1714_263.json	1
d6a2cb6b4cdce15cfdf89293c8ae945440bfd62ef90c7df812bffe9f840cb264	278	objects/d6/d6a2cb6b4cdce15cfdf89293c8ae945440bfd62ef90c7df812bffe9f840cb264/module_1969_B22_plane4_k6_p263.json	1
d6af1132e77f1648e0c058d7dd7d76a9c7cedb6e0b717ef4d07cd164cb24a581	192649	objects/d6/d6af1132e77f1648e0c058d7dd7d76a9c7cedb6e0b717ef4d07cd164cb24a581/1681_S5.txt	1
d6afbce809a4c77e180ba5a9f2539b3a6b1336fdfc1e61c159b77c3100cf3268	278	objects/d6/d6afbce809a4c77e180ba5a9f2539b3a6b1336fdfc1e61c159b77c3100cf3268/module_1894_B22_plane0_k4_p263.json	1
d6c772780d093a9b7337d37592864df376f90bfd8188ae303eb51253ee924f3d	90	objects/d6/d6c772780d093a9b7337d37592864df376f90bfd8188ae303eb51253ee924f3d/1805_B22_plane1_k4_p257.log	4
d72e4b465a83f63bfea95580549c278f3477e1b6b0917e68b68f9d1d5f5968a3	537	objects/d7/d72e4b465a83f63bfea95580549c278f3477e1b6b0917e68b68f9d1d5f5968a3/EVIDENCE_LEVEL.md	2
d7368a4557165c9794d30bcd1f7d9575ecc38badb9a8282ba449287d20f9d299	282662	objects/d7/d7368a4557165c9794d30bcd1f7d9575ecc38badb9a8282ba449287d20f9d299/q18r5.cross.ranks	1
d7462874434d2a48843c3864a554210f4e5f2a09f179f69a00af92352aff156b	174617	objects/d7/d7462874434d2a48843c3864a554210f4e5f2a09f179f69a00af92352aff156b/1629_S5.txt	1
d7a64078fe9d449d49bfceb48f529807bf27317dfb5e3fec2d575c38849054da	323	objects/d7/d7a64078fe9d449d49bfceb48f529807bf27317dfb5e3fec2d575c38849054da/compile_module257.json	1
d7c91b373b1f64e297d5c50d235f81f2056f5fc359c894d9207f2a8a85c483e9	277	objects/d7/d7c91b373b1f64e297d5c50d235f81f2056f5fc359c894d9207f2a8a85c483e9/module_1847_B22_plane2_k6_p263.json	1
d7cb82e4b37bae0b63e51e25978aa5934ee3ac86016f02111537692793a2027c	231198	objects/d7/d7cb82e4b37bae0b63e51e25978aa5934ee3ac86016f02111537692793a2027c/1808_S5.txt	1
d7dc7144f4d45a33643e9497019bfa4c79f26bba7071c47513de2b2263981572	151	objects/d7/d7dc7144f4d45a33643e9497019bfa4c79f26bba7071c47513de2b2263981572/case_1904_B22_plane5_k4.txt	1
d7df338d127d5059929ec58238361d850779da6883901fbbf8fc22e4c1dec93d	177153	objects/d7/d7df338d127d5059929ec58238361d850779da6883901fbbf8fc22e4c1dec93d/1595_p263.txt	2
d80f6f5b85ae5b2c7bd2b31031e1878cd282175697e3cf624d6fa24b9cd66139	47	objects/d8/d80f6f5b85ae5b2c7bd2b31031e1878cd282175697e3cf624d6fa24b9cd66139/gates_q6_45.log	1
d81884c7fef9139eb714ae7d8c75bef1093876d84e8a302fd8bed41e2edc218f	90	objects/d8/d81884c7fef9139eb714ae7d8c75bef1093876d84e8a302fd8bed41e2edc218f/1736_B22_plane1_k6_p257.log	4
d86b048942b90a479cb7b2a361287c3653230a3be34add9e67f722f18f845aa5	278	objects/d8/d86b048942b90a479cb7b2a361287c3653230a3be34add9e67f722f18f845aa5/module_1720_B22_plane1_k6_p257.json	1
d873c14b07236cec08a9bc16c15b35610ba69536c37892769726b9839699080f	278	objects/d8/d873c14b07236cec08a9bc16c15b35610ba69536c37892769726b9839699080f/module_1969_B22_plane2_k6_p257.json	1
d8d937d820a600e73baf411d3abe3525bbe8fb56a438d9d5f66e003604bb17fa	278	objects/d8/d8d937d820a600e73baf411d3abe3525bbe8fb56a438d9d5f66e003604bb17fa/module_1904_B22_plane5_k4_p257.json	1
d8da161337f0df821016b3eab3bf46778ca39cdb9782154803757bf13813cc3d	224	objects/d8/d8da161337f0df821016b3eab3bf46778ca39cdb9782154803757bf13813cc3d/aggregate_1610_0.tsv	4
d8f1b91337f7d655012e63860c12adec082fee260f57bdaefd2c0b0e7118160e	228551	objects/d8/d8f1b91337f7d655012e63860c12adec082fee260f57bdaefd2c0b0e7118160e/1808_B22_plane5_k4.txt	1
d906475fa23902dafd3e2fde9fbeb46f9dbb46ade6847960a09378c2569e67e7	90	objects/d9/d906475fa23902dafd3e2fde9fbeb46f9dbb46ade6847960a09378c2569e67e7/1894_B22_plane0_k6_p257.log	4
d915a6025332daa952d0b41009f1bbd275d7aa0362c564e2cf9a89eb3094538f	141228	objects/d9/d915a6025332daa952d0b41009f1bbd275d7aa0362c564e2cf9a89eb3094538f/1407_p257.txt	2
d918b708a16b3197607ada5c5dad394fffbf91a03f95a1e90c8b6f5cc5330bb8	151	objects/d9/d918b708a16b3197607ada5c5dad394fffbf91a03f95a1e90c8b6f5cc5330bb8/case_1765_B22_plane4_k6.txt	1
d91d3d5b21ebf83e3920c5c396eb1c0f5ec514eeba1243bd144386ebcc5453f2	310947	objects/d9/d91d3d5b21ebf83e3920c5c396eb1c0f5ec514eeba1243bd144386ebcc5453f2/1969_B22_plane3_k4.txt	1
d92fe6844428b2aa441fc4adaaeed7b10053718f8fa586d891707348077689cc	256	objects/d9/d92fe6844428b2aa441fc4adaaeed7b10053718f8fa586d891707348077689cc/module_1629_S4_p257.json	1
d9328d116b9dfc1bf8ba18dbc0f9fa13d8ff891bf723d4f9b675694b8d7f2e62	686	objects/d9/d9328d116b9dfc1bf8ba18dbc0f9fa13d8ff891bf723d4f9b675694b8d7f2e62/REPLAY.md	2
d94742e1d39d2d14fab7370f31caa76e0052491b8fda3f42cd71b2a1f3eecf4e	90	objects/d9/d94742e1d39d2d14fab7370f31caa76e0052491b8fda3f42cd71b2a1f3eecf4e/1888_B22_plane5_k6_p257.log	4
d98450b5deb6f5fcfa0e7ce38aeabc196f08053eafd156e6d60fe9aa40cb1f43	853	objects/d9/d98450b5deb6f5fcfa0e7ce38aeabc196f08053eafd156e6d60fe9aa40cb1f43/SOURCE_ADOPTION.md	2
d99dd1fe39bc5513e8ba656b90f61b5a8cfcc808c814ac903bb2304c291e5d21	304289	objects/d9/d99dd1fe39bc5513e8ba656b90f61b5a8cfcc808c814ac903bb2304c291e5d21/1969_B22_plane0_k6.txt	1
d9b2d75aaa719d31f4c7c341e1df7ed79f5a006079dc510f1b4bca17b7d52d76	90	objects/d9/d9b2d75aaa719d31f4c7c341e1df7ed79f5a006079dc510f1b4bca17b7d52d76/1808_S5_p257.log	8
d9f2ded767eefbc4baf851532c727b92b4d72c5b63f6cc41087fe04d22c839a9	177117	objects/d9/d9f2ded767eefbc4baf851532c727b92b4d72c5b63f6cc41087fe04d22c839a9/1601_p263.txt	2
d9f4cb0f01876b94725ee59d4dcd723727149d2b09f9ffdd50443b225e3a88aa	869	objects/d9/d9f4cb0f01876b94725ee59d4dcd723727149d2b09f9ffdd50443b225e3a88aa/REPLAY.md	2
d9fc0f89a55a646fe4cd4cc7e2d2a8650dbc041f5a52e806cbd294d8760d9c66	2065	objects/d9/d9fc0f89a55a646fe4cd4cc7e2d2a8650dbc041f5a52e806cbd294d8760d9c66/SOURCE_ADOPTION.md	3
da19df8f142c6033d558d2a2adb90041371806f089bc08d5322c50267445d1bd	278	objects/da/da19df8f142c6033d558d2a2adb90041371806f089bc08d5322c50267445d1bd/module_1626_B22_plane0_k4_p263.json	1
da1f30a48424647508138c894f4bbf501db5be83c3dd26db49b626f7b6732ac3	8847	objects/da/da1f30a48424647508138c894f4bbf501db5be83c3dd26db49b626f7b6732ac3/gates.txt	2
da6109eef9bc9cbf84e4260204d4142ea8592b96f17c27d403932dfc3d800c5d	288	objects/da/da6109eef9bc9cbf84e4260204d4142ea8592b96f17c27d403932dfc3d800c5d/module_1912_257.json	1
da6523fa1b7042b6d7f414f3f561a8d19f687f7b7f5418eff6b301fc2f65f760	212809	objects/da/da6523fa1b7042b6d7f414f3f561a8d19f687f7b7f5418eff6b301fc2f65f760/1736_B22_plane1_k4.txt	1
da7aad45ff3b66573bfc3a7198c67552c2270ec4a9cee67e86694b7db11b3190	2018	objects/da/da7aad45ff3b66573bfc3a7198c67552c2270ec4a9cee67e86694b7db11b3190/HANDOFF.md	2
da91e46086e0ec51a9ac785b75168db74822c8b773e0d48f552773f285ba9a86	27	objects/da/da91e46086e0ec51a9ac785b75168db74822c8b773e0d48f552773f285ba9a86/D_delta4_delta8_q5.32719.stderr	4
dac40abf99917482637e141b1ad15ab82d885f4376374e3043f0b9389262dee5	304850	objects/da/dac40abf99917482637e141b1ad15ab82d885f4376374e3043f0b9389262dee5/1954.txt	1
dac42e229cbeb9faebef2c3054492092ad9d72189027d202add43e2340c08318	3582	objects/da/dac42e229cbeb9faebef2c3054492092ad9d72189027d202add43e2340c08318/q5_47.32749.minors	1
dad33693ff6a564d5e34c321d50c52cf92b604fff7cbe6d8b542ecb9ba5d7896	375	objects/da/dad33693ff6a564d5e34c321d50c52cf92b604fff7cbe6d8b542ecb9ba5d7896/check_1641.json	1
daefa644b5da26689a9268b49730cffd6f7b4d3d5f02376d7c3210bf7d23bec3	129955	objects/da/daefa644b5da26689a9268b49730cffd6f7b4d3d5f02376d7c3210bf7d23bec3/1360_p257.txt	2
db1c7fcd6c2b7db6433f77550ade87e798bda57db02161604ab62b5263f8cd86	163117	objects/db/db1c7fcd6c2b7db6433f77550ade87e798bda57db02161604ab62b5263f8cd86/MANIFEST.sha256	1
db1d210be5133c95bc8fbcfcd35e037ff6f165539b317dea11bc8bae09fc9bf1	641128	objects/db/db1d210be5133c95bc8fbcfcd35e037ff6f165539b317dea11bc8bae09fc9bf1/state_1623_08000_10000.txt	2
db32256b41afe8850a9099f4e732204c131130386ffeb93057fdfe92c83beadf	278	objects/db/db32256b41afe8850a9099f4e732204c131130386ffeb93057fdfe92c83beadf/module_1765_B22_plane3_k6_p263.json	1
db364014b8c9b7bcb5acf5770f1812e5d12cab8fb769572bbef86b64a826e8d9	265904	objects/db/db364014b8c9b7bcb5acf5770f1812e5d12cab8fb769572bbef86b64a826e8d9/1888_B22_plane4_k6.txt	1
db48ecb50d3b3f3b10a4c29c4c031ba775857e363a6bfd2d1d96fcd54f21c8b2	289	objects/db/db48ecb50d3b3f3b10a4c29c4c031ba775857e363a6bfd2d1d96fcd54f21c8b2/module_1732_257.json	1
db58a64aa3465fe4d715dd727e7917a4a7f5803fe21c9ff6a13ae9c497c6be6d	277	objects/db/db58a64aa3465fe4d715dd727e7917a4a7f5803fe21c9ff6a13ae9c497c6be6d/module_1803_B22_plane0_k4_p257.json	1
db6249aa2f3dcf4064d335187c037df30b3487b8676873fc55ca1f3637ba4074	151	objects/db/db6249aa2f3dcf4064d335187c037df30b3487b8676873fc55ca1f3637ba4074/case_1811_B22_plane4_k4.txt	1
db70a21db68c300215514e6ab47f2b7a77bff1a0974ce9270311798008088e67	177224	objects/db/db70a21db68c300215514e6ab47f2b7a77bff1a0974ce9270311798008088e67/1587_p263.txt	2
dbb09d581b6534413b9d69641cf7bf8628959062eee1898b29d308b0ca95813a	91	objects/db/dbb09d581b6534413b9d69641cf7bf8628959062eee1898b29d308b0ca95813a/reject_zero_determinant.log	2
dbc34889e5386dcf2a29727fecc5e88ebb19a09bd1e46bb4e2886f13600e23ed	289	objects/db/dbc34889e5386dcf2a29727fecc5e88ebb19a09bd1e46bb4e2886f13600e23ed/module_1754_263.json	1
dc1dd2793a08532cd897049efbd74db3b6989528a9ebb77dc078f13c1cfadf00	211645	objects/dc/dc1dd2793a08532cd897049efbd74db3b6989528a9ebb77dc078f13c1cfadf00/1736_S5.txt	1
dc2fbd016eb8396ba94f2b64cd4d1fe4df117bc3068e7912012e5364de9855d0	141455	objects/dc/dc2fbd016eb8396ba94f2b64cd4d1fe4df117bc3068e7912012e5364de9855d0/1469_p257.txt	2
dc46c61bd877a0b1888275082c45001f283a024cea47fea9fd12ff003322c3fa	153205	objects/dc/dc46c61bd877a0b1888275082c45001f283a024cea47fea9fd12ff003322c3fa/1501_p263.txt	2
dc532609d98202f6f0e78750d8414fa772bfb914d362b6169bb48397a16ed5db	278	objects/dc/dc532609d98202f6f0e78750d8414fa772bfb914d362b6169bb48397a16ed5db/module_1960_B22_plane1_k6_p263.json	1
dc891ed03ee0f82f19c8b962ca477a3bee51b7652e40ce4e66e06f4fcf30f6fb	167	objects/dc/dc891ed03ee0f82f19c8b962ca477a3bee51b7652e40ce4e66e06f4fcf30f6fb/B_delta6_delta8_q6.gates.stderr	2
dc92a79c189f67788bec8da2674d9812ec23c4734848eaa8960de7c975718fb5	278	objects/dc/dc92a79c189f67788bec8da2674d9812ec23c4734848eaa8960de7c975718fb5/module_1736_B22_plane1_k6_p263.json	1
dc9c6cd078800f7853355bc3c63248a755f1eb24f104a71e08148231dd01639d	222	objects/dc/dc9c6cd078800f7853355bc3c63248a755f1eb24f104a71e08148231dd01639d/gates_q6_57.json	1
dc9cfc5ddf195622df9179de2da24856d55c2cf6357bea705d6ffecd9def74c7	228058	objects/dc/dc9cfc5ddf195622df9179de2da24856d55c2cf6357bea705d6ffecd9def74c7/1808_B22_plane3_k4.txt	1
dcb169d44aa1e9371de24230dbaf1380a9d14fb85de02caea32f9d2074226cd8	7008	objects/dc/dcb169d44aa1e9371de24230dbaf1380a9d14fb85de02caea32f9d2074226cd8/profiles.json	2
dcb8de22eaf918a1ea578a3254fa1723db100aea8f4997106a597f78908f187d	151	objects/dc/dcb8de22eaf918a1ea578a3254fa1723db100aea8f4997106a597f78908f187d/case_1969_B22_plane1_k4.txt	1
dccfcd09fea38e92188a9554d0714e4f160e6f4dccf6582f3da451095bb96d44	256	objects/dc/dccfcd09fea38e92188a9554d0714e4f160e6f4dccf6582f3da451095bb96d44/module_1717_S5_p263.json	1
dcf7560cd6a9fbb9ab024721a24dc99c3b1c3831f9a965315fbc46db032784fd	13274	objects/dc/dcf7560cd6a9fbb9ab024721a24dc99c3b1c3831f9a965315fbc46db032784fd/chunk_001.in	2
dd1bc87f1269d1b03b9c75006a3915a097f6ef56401dab31301ede26ce370b42	43	objects/dd/dd1bc87f1269d1b03b9c75006a3915a097f6ef56401dab31301ede26ce370b42/A_delta6_delta7_q7.p32719.stdout	4
dd1fb60da978ebf51d248680ec8a928574354e578b60efaf15ed4f6d8ecc06ad	28337	objects/dd/dd1fb60da978ebf51d248680ec8a928574354e578b60efaf15ed4f6d8ecc06ad/rank_p32749.txt	2
dd34d2259ca5e9d9012606388a8cd03cdb8a8d5264fb3f8402e25dde3de8b486	278	objects/dd/dd34d2259ca5e9d9012606388a8cd03cdb8a8d5264fb3f8402e25dde3de8b486/module_1627_B22_plane0_k6_p257.json	1
dd3ed182f3b24dfcc67dbdf2fa8453cda789d14921f5d532691c5ec6cff7a605	228128	objects/dd/dd3ed182f3b24dfcc67dbdf2fa8453cda789d14921f5d532691c5ec6cff7a605/1808_B22_plane1_k6.txt	1
dd538713f1e5f4fe38bd5179d187ce556aeba25fce612776c3fdf26065ef9240	288	objects/dd/dd538713f1e5f4fe38bd5179d187ce556aeba25fce612776c3fdf26065ef9240/module_1954_263.json	1
dd5a9d50194ab0df8e01527ae84a102c25284e9454aaa97a5d9376ef18159002	143962	objects/dd/dd5a9d50194ab0df8e01527ae84a102c25284e9454aaa97a5d9376ef18159002/1448_p263.txt	2
dd71cc47472221e4157d9be27712e3b7ed73889f4f13acfb324dbbf4e214ff60	1212	objects/dd/dd71cc47472221e4157d9be27712e3b7ed73889f4f13acfb324dbbf4e214ff60/q5_57.32719.minors	1
dd7ff58df3c476001ebef290e60d839e9ea73f25771c47c57cd7a19d89b4bb53	192612	objects/dd/dd7ff58df3c476001ebef290e60d839e9ea73f25771c47c57cd7a19d89b4bb53/1682.txt	1
dd9bc745c654377fbb3cd1195b21e23aed6748dcb7c743ae67f0a7b82704687b	125241	objects/dd/dd9bc745c654377fbb3cd1195b21e23aed6748dcb7c743ae67f0a7b82704687b/q16r4.cross.ranks	1
dda96ba9ef092c231479fc185dd22949812e7d2f434326265dbb6bd8078eefa3	19916	objects/dd/dda96ba9ef092c231479fc185dd22949812e7d2f434326265dbb6bd8078eefa3/SHA256SUMS.txt	2
ddb93a67cc8a847ab883706ab7a771fd4e7475169681c901d8e3225b3a1a9609	2238	objects/dd/ddb93a67cc8a847ab883706ab7a771fd4e7475169681c901d8e3225b3a1a9609/all_fees_0.txt	2
ddeb2867a5785eaedd0871eb039010b3c344406f1f09ec963f02cef699b199f0	171306	objects/dd/ddeb2867a5785eaedd0871eb039010b3c344406f1f09ec963f02cef699b199f0/state_1615_reverse.txt	1
de09c7ab7109fe8e69b9a68415d103282b6733a458dfc61bbef6ddfb9b03b570	288	objects/de/de09c7ab7109fe8e69b9a68415d103282b6733a458dfc61bbef6ddfb9b03b570/module_2019_263.json	1
de4acf0756b082a9ae079dfe79fe77e301bcc77be07b95d007828de944d040d4	278	objects/de/de4acf0756b082a9ae079dfe79fe77e301bcc77be07b95d007828de944d040d4/module_1904_B22_plane5_k4_p263.json	1
de549a762874c4541dc17a7b952d6a103326c1051312569baf645e6b38636f55	1222830	objects/de/de549a762874c4541dc17a7b952d6a103326c1051312569baf645e6b38636f55/chunk_003.out	2
de9a44a6b93f5ab00c80007207ba8ed832a7e190a7fe07b49fe1b20ff11db0d8	278	objects/de/de9a44a6b93f5ab00c80007207ba8ed832a7e190a7fe07b49fe1b20ff11db0d8/module_1894_B22_plane0_k6_p257.json	1
deb0a6ed80862b20e16149fff97d1a6223e3c9bca70284fe58c26bff179a06d2	287	objects/de/deb0a6ed80862b20e16149fff97d1a6223e3c9bca70284fe58c26bff179a06d2/module_1845_263.json	1
deb6b7961083d992ee789610ec09e8630973765096c96b83dc6fded40d10656a	278	objects/de/deb6b7961083d992ee789610ec09e8630973765096c96b83dc6fded40d10656a/module_1811_B22_plane4_k4_p263.json	1
dec02282d9c863602a68480f8be3fc7aba8004a6238039c2d6f1318cb37674ab	283	objects/de/dec02282d9c863602a68480f8be3fc7aba8004a6238039c2d6f1318cb37674ab/minors_q6_45_32719.json	1
ded45d68a23c5c1488fd5399a4c32e316fb7b9dbf64ccbea804a10f49ca55ad9	151	objects/de/ded45d68a23c5c1488fd5399a4c32e316fb7b9dbf64ccbea804a10f49ca55ad9/case_1888_B22_plane3_k4.txt	1
defa0c88864b8f659e1d6b958d85ccd7e4e7425c71e1e013713ea41738bb007e	3569	objects/de/defa0c88864b8f659e1d6b958d85ccd7e4e7425c71e1e013713ea41738bb007e/chunk_003.in	2
df08295c771027a55b27872ceb61306142853f8ec968b8f35c0b5f67cdf338c9	287	objects/df/df08295c771027a55b27872ceb61306142853f8ec968b8f35c0b5f67cdf338c9/module_1876_263.json	1
df1f27034ff51bbd141f0c8b1e62bed2e21b1cce07a31fdede4437dd221d5e7b	2947	objects/df/df1f27034ff51bbd141f0c8b1e62bed2e21b1cce07a31fdede4437dd221d5e7b/summary.json	2
df25fd3e530c4c81aceeaa645df1d479671d3e48a44caa7d0557d6119687bd37	175399	objects/df/df25fd3e530c4c81aceeaa645df1d479671d3e48a44caa7d0557d6119687bd37/state_1622_forward.txt	1
dfaaf89076d818f8fbf1e11f66e46e110b662d088869124717ac271b1a0e1e5e	4558	objects/df/dfaaf89076d818f8fbf1e11f66e46e110b662d088869124717ac271b1a0e1e5e/odd_q5_zero_cost.cpp	2
dfb51868f47a55869e6629e74f1600535663be5db38cc7fb0f279565ebdba785	44	objects/df/dfb51868f47a55869e6629e74f1600535663be5db38cc7fb0f279565ebdba785/gates_q5_47.log	1
dfba7dd2fda96934c9aa3f589f033721771417357825cba4a5fda4716ae99a2d	278	objects/df/dfba7dd2fda96934c9aa3f589f033721771417357825cba4a5fda4716ae99a2d/module_1808_B22_plane3_k6_p263.json	1
dfcfaf7d98617a27eb74780965903d59084b38d68a0d3e5bdb8c40682c98defb	132302	objects/df/dfcfaf7d98617a27eb74780965903d59084b38d68a0d3e5bdb8c40682c98defb/1361_p263.txt	2
e0015a73fa1bb536d5cc063f7108120697e6f5b2a085dc9177543b88d711a440	172359	objects/e0/e0015a73fa1bb536d5cc063f7108120697e6f5b2a085dc9177543b88d711a440/state_1619_reverse.txt	1
e004f7c5949e57ca49fbc51b45d2f15f973a43a977bdfe0300a321fb614c8c31	277	objects/e0/e004f7c5949e57ca49fbc51b45d2f15f973a43a977bdfe0300a321fb614c8c31/module_1811_B22_plane1_k6_p257.json	1
e00a522724ffed857a6caa4354fb61d357a3f01831ef62f8b2d5603b2150e8e9	132490	objects/e0/e00a522724ffed857a6caa4354fb61d357a3f01831ef62f8b2d5603b2150e8e9/state_1623_reverse.txt.basis	1
e01dbadb1f14e1b1aacfcbd9ded301b1fc4a243aadaea672587aae073334f032	6405	objects/e0/e01dbadb1f14e1b1aacfcbd9ded301b1fc4a243aadaea672587aae073334f032/FILES.md	1
e01fc1c2306b33a5a0241962d002deab33e3ac0050a884143eeec0917f2d188e	331	objects/e0/e01fc1c2306b33a5a0241962d002deab33e3ac0050a884143eeec0917f2d188e/compile_factors.json	1
e0264196a1a3098c2911fcda0d9eb035dca00aacba5f1e5a9b3f65ad13efcd4b	15056	objects/e0/e0264196a1a3098c2911fcda0d9eb035dca00aacba5f1e5a9b3f65ad13efcd4b/q6_45.gates	1
e026cdc540a06df23bd5cd240ed19de7ac7910e6e6201293d334c10d794d4c2a	269297	objects/e0/e026cdc540a06df23bd5cd240ed19de7ac7910e6e6201293d334c10d794d4c2a/1904_B22_plane1_k4.txt	1
e05adddf83078b263b69c97d09808e4b1795e018aed011da338c3c345d48b8fd	70	objects/e0/e05adddf83078b263b69c97d09808e4b1795e018aed011da338c3c345d48b8fd/minors_q7_45_32719.log	2
e064c21baf18fbc65ed1eb77fb639652a74220b058998b5126c9ed27a0f4d60c	151	objects/e0/e064c21baf18fbc65ed1eb77fb639652a74220b058998b5126c9ed27a0f4d60c/case_1765_B22_plane1_k4.txt	1
e07a480dde6d8861f2fe1535ca4a415f99c332ad6b58d017a04ac22e8fca0d31	90	objects/e0/e07a480dde6d8861f2fe1535ca4a415f99c332ad6b58d017a04ac22e8fca0d31/1969_S5_p257.log	4
e0b1716a8400ce8d72c6e50acfe0e98d9ae43e1cf54543ea2c27d53af2727d23	255	objects/e0/e0b1716a8400ce8d72c6e50acfe0e98d9ae43e1cf54543ea2c27d53af2727d23/module_1969_S5_p263.json	1
e0cf9838fb4542d4c951de5351b83accbb0769cde4edad5646131b203d0bddd8	278	objects/e0/e0cf9838fb4542d4c951de5351b83accbb0769cde4edad5646131b203d0bddd8/module_1808_B22_plane3_k4_p263.json	1
e0f1325629ca3bf07392e91822ffde53db57e7c37c6a0c1077490d302da2c24b	3240	objects/e0/e0f1325629ca3bf07392e91822ffde53db57e7c37c6a0c1077490d302da2c24b/near3_gates_alt.cpp	1
e105bc31d8c1e73ee74b49f148cf416c6c68f9fa46afd1038dbc5c3e3871f021	278	objects/e1/e105bc31d8c1e73ee74b49f148cf416c6c68f9fa46afd1038dbc5c3e3871f021/module_1811_B22_plane3_k4_p263.json	1
e14d4337875ee284ee5950148c577e208c2c48fa5e50c96cdd45cfbf6c41d214	6464	objects/e1/e14d4337875ee284ee5950148c577e208c2c48fa5e50c96cdd45cfbf6c41d214/chunk_003.in	2
e155d91f1d479f8c7ef3329e6425bcb575b6b8247359a1663ae87864643516c9	200953	objects/e1/e155d91f1d479f8c7ef3329e6425bcb575b6b8247359a1663ae87864643516c9/1715_B22_plane0_k4.txt	1
e166f1dac7d2a1b08d3d83f3b80b1621d25fbcd9c61ea6ad8afef3b78b37638d	1232	objects/e1/e166f1dac7d2a1b08d3d83f3b80b1621d25fbcd9c61ea6ad8afef3b78b37638d/CLEAN_REPLAY_RECEIPT.json	1
e1963b0892f1b0309ff45acdc442e21442436f3a8a0bec36fa126f0ce8121435	44	objects/e1/e1963b0892f1b0309ff45acdc442e21442436f3a8a0bec36fa126f0ce8121435/alt_q5_47.log	1
e1b2844482b2a14c49a595ea82957c8af643f20da23ecdb7cecf2471b9d96fd5	282663	objects/e1/e1b2844482b2a14c49a595ea82957c8af643f20da23ecdb7cecf2471b9d96fd5/q18r5.ranks	1
e1bd99ab1992c17c49e6bece0ef2e7e59a778f880e9b3f84d3db8a6fe739fd2c	69789	objects/e1/e1bd99ab1992c17c49e6bece0ef2e7e59a778f880e9b3f84d3db8a6fe739fd2c/f58_q7_gates.txt	2
e1c6b464d5ad0d8c9f245d9f0187fdc4e985f1262e20529215d989474da5f7fb	1133	objects/e1/e1c6b464d5ad0d8c9f245d9f0187fdc4e985f1262e20529215d989474da5f7fb/FAILURE_BOUNDARIES.md	2
e1df83d18c5e3c2c2ff9fe860ee7f704f6a347ada683c070c6e69917f27eb3ff	173387	objects/e1/e1df83d18c5e3c2c2ff9fe860ee7f704f6a347ada683c070c6e69917f27eb3ff/1607_p257.txt	2
e1f0790f8fce3331a7724cbdcc6abeb3e41bb5ac662e0c2427492cd89bcfc5ab	143934	objects/e1/e1f0790f8fce3331a7724cbdcc6abeb3e41bb5ac662e0c2427492cd89bcfc5ab/1453_p263.txt	2
e1fba0648871f81975cc26cca0be6a0dc9d4e55a126a95ddcc30f34f1ecc0e1a	1714	objects/e1/e1fba0648871f81975cc26cca0be6a0dc9d4e55a126a95ddcc30f34f1ecc0e1a/aggregate.cpp	3
e206dbb388897f10453ddccf74f406ff124e8bc95d8dbaf720f12389eac8dad4	6841	objects/e2/e206dbb388897f10453ddccf74f406ff124e8bc95d8dbaf720f12389eac8dad4/chunk_004.in	2
e208fbbb24383b8fcf6f567e2d2b597452e4eba20a618d25847a7036eff0db20	149958	objects/e2/e208fbbb24383b8fcf6f567e2d2b597452e4eba20a618d25847a7036eff0db20/1493_p263.txt	2
e214857e31fe150a3432bdcea87634102f113f950c255ad99d3d14c118d46abe	264384	objects/e2/e214857e31fe150a3432bdcea87634102f113f950c255ad99d3d14c118d46abe/1894_S4.txt	1
e2192fad1ec987d7e0a699d7fa590a6e62c79f80d699b2f7e8c0d6cd5d36a0de	177425	objects/e2/e2192fad1ec987d7e0a699d7fa590a6e62c79f80d699b2f7e8c0d6cd5d36a0de/rank_p32719.txt	2
e21af8c44ef7f1f682790f227118bf991dd1c477ae7bc2d06d47a63000986e11	256	objects/e2/e21af8c44ef7f1f682790f227118bf991dd1c477ae7bc2d06d47a63000986e11/module_1894_S5_p263.json	1
e21c6cec27089d573bae7a879098e1cea6cacdc52ac8251def300834fdb3b2fe	1021	objects/e2/e21c6cec27089d573bae7a879098e1cea6cacdc52ac8251def300834fdb3b2fe/summary.json	6
e22938818ac8049c9b1be2b28c7e53fc1ddeb5b98fa087e123c6407e843b14cb	477555	objects/e2/e22938818ac8049c9b1be2b28c7e53fc1ddeb5b98fa087e123c6407e843b14cb/rank_p32719.txt	2
e238fdab8d222d07465f3aa622eb26aa1c10bbb791598ee54912e428ab48789c	219599	objects/e2/e238fdab8d222d07465f3aa622eb26aa1c10bbb791598ee54912e428ab48789c/1770.txt	1
e23bf38ead7f1ece09f0779610f190639a2ade6361343b308c21417fa29c2d61	200271	objects/e2/e23bf38ead7f1ece09f0779610f190639a2ade6361343b308c21417fa29c2d61/1715_S5.txt	1
e241b57a639d14bc15a89709a1730fe104e2612a70db35df211984463e11cf9c	175011	objects/e2/e241b57a639d14bc15a89709a1730fe104e2612a70db35df211984463e11cf9c/1629_S4.txt	1
e24a5d312da7bb38fccb00bcfec2b660c7e618beeca90d75e9a768af1d8c3975	255838	objects/e2/e24a5d312da7bb38fccb00bcfec2b660c7e618beeca90d75e9a768af1d8c3975/reference_1633.txt	1
e266f95d4cdebea4935011cb86232f59e8fd0452f6873a281f99352d612d92b7	43	objects/e2/e266f95d4cdebea4935011cb86232f59e8fd0452f6873a281f99352d612d92b7/A_delta6_delta7_q5.p32749.stderr	2
e27b6b7ce8401f85a6054997b3a92aaba8280e0621756ecfb6c430cb67472633	3845	objects/e2/e27b6b7ce8401f85a6054997b3a92aaba8280e0621756ecfb6c430cb67472633/model.py	6
e2a7ae1a728f41161dc8e8375cc39c09efa340c9d4ed09909dcd1ae0043cae26	630	objects/e2/e2a7ae1a728f41161dc8e8375cc39c09efa340c9d4ed09909dcd1ae0043cae26/summary.json	6
e2b137cbd83c860f3cb91c585dbcb3775b6bd897e791306241842dfd2c8e028a	289	objects/e2/e2b137cbd83c860f3cb91c585dbcb3775b6bd897e791306241842dfd2c8e028a/module_1882_257.json	1
e2de78b4f54a8103727439b0b3d468f1b845bbb28f9bc5bad3a56a33dd01c747	384	objects/e2/e2de78b4f54a8103727439b0b3d468f1b845bbb28f9bc5bad3a56a33dd01c747/fees_withoutS5_0.json	1
e2df407f86e746c62224b37592ec92b4bd0ebb505e9ef8468a939e2d71f8f8a8	278	objects/e2/e2df407f86e746c62224b37592ec92b4bd0ebb505e9ef8468a939e2d71f8f8a8/module_1720_B22_plane1_k6_p263.json	1
e2fc0e5f58ff8c453265068d70d3def5c29ce910ed3c820414ad4d36aa185263	8919	objects/e2/e2fc0e5f58ff8c453265068d70d3def5c29ce910ed3c820414ad4d36aa185263/q18r5.cross.gates	1
e30e2564e84c3b85202624c84a3c3164c7fd901fe045f63b6eb8247589627f7e	90	objects/e3/e30e2564e84c3b85202624c84a3c3164c7fd901fe045f63b6eb8247589627f7e/1765_B22_plane0_k6_p257.log	4
e32590efef29915635b106427c427a8f2d5e1fb55d433c01bb275b5c4b249c72	4310	objects/e3/e32590efef29915635b106427c427a8f2d5e1fb55d433c01bb275b5c4b249c72/jets_kappa1_p257_fast.cpp	2
e32aacd2fc9383a99c391a115b1e83e3bbbc63a4688531345e21d8219bca636f	175169	objects/e3/e32aacd2fc9383a99c391a115b1e83e3bbbc63a4688531345e21d8219bca636f/1626_B22_plane0_k6.txt	1
e32c244b3c09c6753690cb50f1bc1cc2872f19dd17a4adc86ca4b398203f2a59	277	objects/e3/e32c244b3c09c6753690cb50f1bc1cc2872f19dd17a4adc86ca4b398203f2a59/module_1811_B22_plane2_k6_p263.json	1
e34df98eca366372dfbfad519e9863eff93b7624fdccd00a65f4d5d824960dfe	277	objects/e3/e34df98eca366372dfbfad519e9863eff93b7624fdccd00a65f4d5d824960dfe/module_1888_B22_plane3_k4_p263.json	1
e355f3e5f229b9f42790f09718c465d9e5bb442e7839f96a3a335e9d13d438a7	260711	objects/e3/e355f3e5f229b9f42790f09718c465d9e5bb442e7839f96a3a335e9d13d438a7/1888_B22_plane4_k6.txt	1
e36695451067dc6774c171ed729172e8403a29fee3fe4a3722e87dccd2e23305	90	objects/e3/e36695451067dc6774c171ed729172e8403a29fee3fe4a3722e87dccd2e23305/1960_B22_plane3_k6_p257.log	4
e37218a10b5489ba5554e997c4d73f6b4c6f18668d761393c304bba15db24f4c	3505	objects/e3/e37218a10b5489ba5554e997c4d73f6b4c6f18668d761393c304bba15db24f4c/rank_p32719.txt	2
e3a22023cafe9162a60ea4a3ca9a43a40f67cfe8ea73a1083f7063faca1d6b74	256	objects/e3/e3a22023cafe9162a60ea4a3ca9a43a40f67cfe8ea73a1083f7063faca1d6b74/module_1715_S4_p263.json	1
e3a317e56ae76f7aa80fc3d72fd24da1d9651ee7bd471701d2d0e420a6080b0b	3632	objects/e3/e3a317e56ae76f7aa80fc3d72fd24da1d9651ee7bd471701d2d0e420a6080b0b/pattern_C_2delta6_jets.cpp	2
e3a476bee62baa813a044d8b352ea19f80b482fd73578d4ad5baeb8778134307	278	objects/e3/e3a476bee62baa813a044d8b352ea19f80b482fd73578d4ad5baeb8778134307/module_1720_B22_plane5_k6_p263.json	1
e3af931f5963f6310bf98e92d32cd77998170c1fd3763d411f5a0aab0b3351f2	2183	objects/e3/e3af931f5963f6310bf98e92d32cd77998170c1fd3763d411f5a0aab0b3351f2/SOURCE_ADOPTION.md	2
e3b0c44298fc1c149afbf4c8996fb92427ae41e4649b934ca495991b7852b855	0	objects/e3/e3b0c44298fc1c149afbf4c8996fb92427ae41e4649b934ca495991b7852b855/verify.stderr	73
e3c8c1cf177908d5fd9512c7896095f4462ea666f83246a7303a7e14015f1c34	231599	objects/e3/e3c8c1cf177908d5fd9512c7896095f4462ea666f83246a7303a7e14015f1c34/1811_S4.txt	1
e440f7cf9285bd98cfcdd814895d3827f22ecc92c71476690712120932ecafd3	124	objects/e4/e440f7cf9285bd98cfcdd814895d3827f22ecc92c71476690712120932ecafd3/previous_COVER8_zip.sha256	2
e469fab6a302cfb8a60b7e89c612228eac63f02d0e471db7b11f7d8b45fcee59	40	objects/e4/e469fab6a302cfb8a60b7e89c612228eac63f02d0e471db7b11f7d8b45fcee59/E_delta4_delta6_q5.32719.stdout	4
e46a4aa7232dfad7e403926a03ae95b78b0b76f7ad568ffd5a9d0e0b9d16a5be	159928	objects/e4/e46a4aa7232dfad7e403926a03ae95b78b0b76f7ad568ffd5a9d0e0b9d16a5be/1531_p257.txt	2
e46bf48709b129482d2a35746ea4b903381c17c091a445714105be92210f10a0	151	objects/e4/e46bf48709b129482d2a35746ea4b903381c17c091a445714105be92210f10a0/case_1847_B22_plane3_k6.txt	1
e477760064f7166a44801eed957d5bf9b96f505e1fd1229948db2ed49afb56e5	248970	objects/e4/e477760064f7166a44801eed957d5bf9b96f505e1fd1229948db2ed49afb56e5/1847_B22_plane1_k6.txt	1
e4835cb5c3ff45930df2909a8f320b079b11778c0a1fb497aaaefdc0b9f15d5f	8641	objects/e4/e4835cb5c3ff45930df2909a8f320b079b11778c0a1fb497aaaefdc0b9f15d5f/gates.txt	2
e4871705de474fbff4c8454c6f3d21a67621fcce9362a16902931a25afcaef43	1328632	objects/e4/e4871705de474fbff4c8454c6f3d21a67621fcce9362a16902931a25afcaef43/chunk_000.out	2
e4bd09394d1ca03daf0d80479a19d337a255731b0e3183730a63832878a58db9	212561	objects/e4/e4bd09394d1ca03daf0d80479a19d337a255731b0e3183730a63832878a58db9/1765_B22_plane4_k4.txt	1
e4c5517613212ac3a18f930ba24185e3b4cad7e149de55118b45d23018a737aa	132287	objects/e4/e4c5517613212ac3a18f930ba24185e3b4cad7e149de55118b45d23018a737aa/1363_p263.txt	2
e4cb00e5ae6797b996ff2482e48c81e83a511d836c20afb5c8f98a156aa29966	1610	objects/e4/e4cb00e5ae6797b996ff2482e48c81e83a511d836c20afb5c8f98a156aa29966/aggregate_1615_0.tsv	4
e4eccec1bab78613097c4ea959c3b793e59ea35ed96ac6a8be35ae4d88deb234	278	objects/e4/e4eccec1bab78613097c4ea959c3b793e59ea35ed96ac6a8be35ae4d88deb234/module_1811_B22_plane1_k6_p263.json	1
e4f13cb023f617271979f8e746ac3bfd13b22e04260339ab93fbf7f933e930e4	404	objects/e4/e4f13cb023f617271979f8e746ac3bfd13b22e04260339ab93fbf7f933e930e4/aggregates_1633_1.json	1
e4f7d1b1a8d1b99b748db1302d3fa43b4ffaf8bbe7cb99c8f5982f1c9f6c551f	2005	objects/e4/e4f7d1b1a8d1b99b748db1302d3fa43b4ffaf8bbe7cb99c8f5982f1c9f6c551f/chunk_009.in	2
e50e782aebe505f51d79aff6de509f0ce73628d34ca3aa8674a5db2defc7bd0b	278	objects/e5/e50e782aebe505f51d79aff6de509f0ce73628d34ca3aa8674a5db2defc7bd0b/module_1765_B22_plane4_k6_p257.json	1
e50f07b2f4731ea12bc1fbfd9c884701b737ad5c5b0533671f71e92e2cc10722	228149	objects/e5/e50f07b2f4731ea12bc1fbfd9c884701b737ad5c5b0533671f71e92e2cc10722/1805_B22_plane3_k4.txt	1
e535e1119ec3e13b9f89eb4a9cf86942df987481d501eddf8903092b9d5fb795	3446	objects/e5/e535e1119ec3e13b9f89eb4a9cf86942df987481d501eddf8903092b9d5fb795/q5_45.gates	1
e56fc0ba5cd44f414dc3e570d3075f5f19173366ed6d699748c9e4321d3ad4d5	278	objects/e5/e56fc0ba5cd44f414dc3e570d3075f5f19173366ed6d699748c9e4321d3ad4d5/module_1808_B22_plane1_k6_p257.json	1
e574caac283f1b17e1e9d08adf7941ecb8f8c71d1406df5e0e8b2afce1cf3007	323	objects/e5/e574caac283f1b17e1e9d08adf7941ecb8f8c71d1406df5e0e8b2afce1cf3007/compile_module.json	1
e57707d84945a6c48314ab8736cdddfe174792c9a1858405995de6ce8d38d4e6	278	objects/e5/e57707d84945a6c48314ab8736cdddfe174792c9a1858405995de6ce8d38d4e6/module_1765_B22_plane0_k6_p257.json	1
e5aa6fac556ab376a7180a1fd54043ff73c0440e6e8b1176ea603663bcb16dd8	151	objects/e5/e5aa6fac556ab376a7180a1fd54043ff73c0440e6e8b1176ea603663bcb16dd8/case_1765_B22_plane2_k4.txt	1
e5c8383ddb02396c9719a0e2b606badec76ce28ad6f1da79daed8d779590621a	1575	objects/e5/e5c8383ddb02396c9719a0e2b606badec76ce28ad6f1da79daed8d779590621a/FAILURE_BOUNDARIES.md	2
e5e1429b79e0569bb47455a0547e6dcac3436a7a0eacb8bff8a6c504feb6c6ba	402	objects/e5/e5e1429b79e0569bb47455a0547e6dcac3436a7a0eacb8bff8a6c504feb6c6ba/check_1623_00000_02000.json	1
e5e63b5bf63e8372e8e4a5b99c504e2673bbb27a281efbea6008d178e31b6777	175312	objects/e5/e5e63b5bf63e8372e8e4a5b99c504e2673bbb27a281efbea6008d178e31b6777/1630_B22_plane0_k4.txt	1
e62d15ed95ed212db2d14cdb13a22a632902908d742866d2095beeefb5176ea9	151	objects/e6/e62d15ed95ed212db2d14cdb13a22a632902908d742866d2095beeefb5176ea9/case_1811_B22_plane0_k4.txt	1
e6598f46419051267647e7af3ce3fb5aa7808a5604885ce9b927d3c3058930f9	8075	objects/e6/e6598f46419051267647e7af3ce3fb5aa7808a5604885ce9b927d3c3058930f9/r3_q13_gates.txt	2
e69562d3d16eb41c4562c6ed0068d6f5497fb88746e11e70c8cde0038975cda1	108363	objects/e6/e69562d3d16eb41c4562c6ed0068d6f5497fb88746e11e70c8cde0038975cda1/1235_p257.txt	2
e6ba65c2a0d137c8dd6456e4b2fd1f50d0d5854e16016aa8109615d8e754e07d	5333	objects/e6/e6ba65c2a0d137c8dd6456e4b2fd1f50d0d5854e16016aa8109615d8e754e07d/verify_geometry.py	2
e6f1814729cbfa3406fcbf42bb0c6a7911219275859848689b8ed8c3ae3189c4	90	objects/e6/e6f1814729cbfa3406fcbf42bb0c6a7911219275859848689b8ed8c3ae3189c4/1808_B22_plane1_k6_p257.log	4
e6f71e00d0defe15278cee29373f20c269e1f6f37f4283059943b0430c68ad23	642478	objects/e6/e6f71e00d0defe15278cee29373f20c269e1f6f37f4283059943b0430c68ad23/state_1623_06000_08000.txt	1
e70c0e97ab6d7b0498006b74f3ae8ac6c146df1f58af16ff500907190de62f29	288038	objects/e7/e70c0e97ab6d7b0498006b74f3ae8ac6c146df1f58af16ff500907190de62f29/chunk_007.out	2
e7184c293cb1a314064578d4b7308c50bda9c3fcd70ef02f81cf2615c217e67f	216402	objects/e7/e7184c293cb1a314064578d4b7308c50bda9c3fcd70ef02f81cf2615c217e67f/1765_B22_plane0_k4.txt	1
e731a6d85ee91b603ccae487b9656b0092e369c50937476b429955f719f7236c	54640	objects/e7/e731a6d85ee91b603ccae487b9656b0092e369c50937476b429955f719f7236c/ksat2_31_payoff.json	2
e73a86b0d95917b3ea0a7d49d8373a0f5cfbc901a0ac88e6feb88587d1c6ab2e	173396	objects/e7/e73a86b0d95917b3ea0a7d49d8373a0f5cfbc901a0ac88e6feb88587d1c6ab2e/1593_p257.txt	2
e73b6d2e470c1d11e77d1ae0680a502e14d783af937dcb09a8b703108a247901	90	objects/e7/e73b6d2e470c1d11e77d1ae0680a502e14d783af937dcb09a8b703108a247901/1811_B22_plane0_k4_p257.log	4
e744a7518d4082738fc655d1699bc0b8cc3d7e3ff7a81d41c98b9680b8aa6015	278	objects/e7/e744a7518d4082738fc655d1699bc0b8cc3d7e3ff7a81d41c98b9680b8aa6015/module_1801_B22_plane0_k6_p257.json	1
e75d3f5059de6fe1a7c273a379a21401af9a26e0f173bd6f1bc1c5d0d4dee959	1377	objects/e7/e75d3f5059de6fe1a7c273a379a21401af9a26e0f173bd6f1bc1c5d0d4dee959/README.md	1
e795f455cdb0215a418dfe2c884e6d4da08cc2012e2b6dd562daf9c9511a9424	3393	objects/e7/e795f455cdb0215a418dfe2c884e6d4da08cc2012e2b6dd562daf9c9511a9424/odd_q4_zero_cost.cpp	2
e7a1d44f42864b0dd08c9c6588f79ee14a0f0db0932a47a79c20dc20eb500dc2	5335	objects/e7/e7a1d44f42864b0dd08c9c6588f79ee14a0f0db0932a47a79c20dc20eb500dc2/ledger_core.py	4
e7d300d123e010eb72357d08fd5df37bad6ae8801c7f3454c0dcf6ee602946f7	278	objects/e7/e7d300d123e010eb72357d08fd5df37bad6ae8801c7f3454c0dcf6ee602946f7/module_1720_B22_plane3_k6_p257.json	1
e7d3ec2f5dbcbac03acaa55b947b814dcf4be6d9f8457905c8c5299f8cd50288	278	objects/e7/e7d3ec2f5dbcbac03acaa55b947b814dcf4be6d9f8457905c8c5299f8cd50288/module_1801_B22_plane0_k4_p263.json	1
e7dbf3c14b5c8544f14e3caad1ab6829e587cc8cd58ce09f5abdd2894f425b6a	277	objects/e7/e7dbf3c14b5c8544f14e3caad1ab6829e587cc8cd58ce09f5abdd2894f425b6a/module_1847_B22_plane4_k6_p257.json	1
e7ed8d3da2f39d13ea0ab271623d6046b36ada28833592ed39d5fb41b0973b25	3446	objects/e7/e7ed8d3da2f39d13ea0ab271623d6046b36ada28833592ed39d5fb41b0973b25/q5_45.alt	1
e7fe60afb1a53ab3236469bdfc1239d33f4f3e4bbe88792595e11165cc6b5491	438	objects/e7/e7fe60afb1a53ab3236469bdfc1239d33f4f3e4bbe88792595e11165cc6b5491/author_code_hashes.json	2
e83252dbb57978e2ba9342316696f68de68b5ef3f74d67229a1473b6e2bc2daa	946	objects/e8/e83252dbb57978e2ba9342316696f68de68b5ef3f74d67229a1473b6e2bc2daa/B699-ProA-RATIONAL58-R3K-PARTIALTRACE-H63-20260924-evidence.CLEAN_REPLAY_RECEIPT.json	2
e8989b9d477c506c89551491d72314599ef360a333626e91e352715383b75115	799988	objects/e8/e8989b9d477c506c89551491d72314599ef360a333626e91e352715383b75115/chunk_003.out	2
e89b14bc5a22e32b456ea9ff6b6a660a14e3845266a75bb1877c4bb993c76e23	179056	objects/e8/e89b14bc5a22e32b456ea9ff6b6a660a14e3845266a75bb1877c4bb993c76e23/1629_B22_plane0_k6.txt	1
e8a2d2a68b959c3930ac9aa9243dda119d6d95a593439d7d9cb604e1c78d7ecc	26142	objects/e8/e8a2d2a68b959c3930ac9aa9243dda119d6d95a593439d7d9cb604e1c78d7ecc/gates.txt	1
e8d50ecab7a3ab8aec344977f1404b3c21511a9cc678144dfaa9a366fb02e365	278	objects/e8/e8d50ecab7a3ab8aec344977f1404b3c21511a9cc678144dfaa9a366fb02e365/module_1805_B22_plane3_k6_p263.json	1
e8ec291694363080bc631fc855180104e5b7b177e115bf9d07efa828fa613294	153	objects/e8/e8ec291694363080bc631fc855180104e5b7b177e115bf9d07efa828fa613294/check_1622.log	1
e93d680963ad5323cfd299d06bead56143e9c4e750e8d27cafb5a94f36c28d99	318	objects/e9/e93d680963ad5323cfd299d06bead56143e9c4e750e8d27cafb5a94f36c28d99/compile_module257.json	1
e999da52bab92754801544e8b72e9c3680b87cfd8475fe463fd1d9178624e8f0	10056	objects/e9/e999da52bab92754801544e8b72e9c3680b87cfd8475fe463fd1d9178624e8f0/PROOFS.md	3
e9e4296ad11d6983b6293734db2fdebf2b10930f4af6a3ef8653263ee6d987bd	10173	objects/e9/e9e4296ad11d6983b6293734db2fdebf2b10930f4af6a3ef8653263ee6d987bd/q5_two_pairs_fraction_probe.json	1
e9e450e728d8909d19cb7ccf33fe0fc8235d0d341abc0ebb20b903fd6570f36e	178325	objects/e9/e9e450e728d8909d19cb7ccf33fe0fc8235d0d341abc0ebb20b903fd6570f36e/1626_S5.txt	1
e9f10155e4968d56e6c78a0a56dd958634622fef05b2b4a6427605277d1fcbce	278	objects/e9/e9f10155e4968d56e6c78a0a56dd958634622fef05b2b4a6427605277d1fcbce/module_1847_B22_plane2_k4_p257.json	1
e9f97ef0dd822ccdd66b8ab406f266cc90cd6a0356047f9df9cf0dd7c71f1d56	90	objects/e9/e9f97ef0dd822ccdd66b8ab406f266cc90cd6a0356047f9df9cf0dd7c71f1d56/1765_S5_p257.log	8
ea1725a8ce6465630c2a4f286e47de3c4d7f0c3d34d2f03b0eab7b68a2aeafb4	3027758	objects/ea/ea1725a8ce6465630c2a4f286e47de3c4d7f0c3d34d2f03b0eab7b68a2aeafb4/rank_p32719.txt	2
ea25e418bdbc2329c57e76e8b762933cf7b721478774613a2e22c3629716a5f6	268179	objects/ea/ea25e418bdbc2329c57e76e8b762933cf7b721478774613a2e22c3629716a5f6/1904_S5.txt	1
ea5bb5b6e5770aa108595058d30f21ee9a08bbd467ad3e702b1250042d678822	143969	objects/ea/ea5bb5b6e5770aa108595058d30f21ee9a08bbd467ad3e702b1250042d678822/1423_p263.txt	2
ea6fe278f4c51e914d51fecd68be47e96bd855948363142f99de271adb48bf3c	2755	objects/ea/ea6fe278f4c51e914d51fecd68be47e96bd855948363142f99de271adb48bf3c/CORRECTIONS.md	1
ea7d7be8b1d74bc765d6a7eb049137b49a499be4d93f5a3b3b7bd25d20315366	175266	objects/ea/ea7d7be8b1d74bc765d6a7eb049137b49a499be4d93f5a3b3b7bd25d20315366/1626_B22_plane0_k4.txt	1
eaa7f969bdbe5e2353bf8a83ba4af034ec60431d50768061e5fb06c844636613	151	objects/ea/eaa7f969bdbe5e2353bf8a83ba4af034ec60431d50768061e5fb06c844636613/case_1630_B22_plane0_k4.txt	1
eaa844f6c49ab6f8418df9a018f781cdb362585f185eaa2a0d8f1e8b7a03d510	255	objects/ea/eaa844f6c49ab6f8418df9a018f781cdb362585f185eaa2a0d8f1e8b7a03d510/module_1629_S5_p263.json	1
eab3b9d8db0d93903069c635919ae9d94d9ecfeccd62b8ae3c57077a5afe078c	289	objects/ea/eab3b9d8db0d93903069c635919ae9d94d9ecfeccd62b8ae3c57077a5afe078c/module_1802_263.json	1
ead95af7b1da3e50c1f2f41f3fcb3ef8d3e4438e77b405d3f11297e6295ed3ac	278	objects/ea/ead95af7b1da3e50c1f2f41f3fcb3ef8d3e4438e77b405d3f11297e6295ed3ac/module_1765_B22_plane0_k4_p263.json	1
eb1594de8881c0212150ceeafae91a95d80c5299600956038302773ef15b8995	238535	objects/eb/eb1594de8881c0212150ceeafae91a95d80c5299600956038302773ef15b8995/r3_q14_p32719.txt	2
eb1a1566cd9f60b9a68348c7ba866e2fa08fa0dd422c2fc0d02fb1877b9f7dcf	90501	objects/eb/eb1a1566cd9f60b9a68348c7ba866e2fa08fa0dd422c2fc0d02fb1877b9f7dcf/1093_p263.txt	2
eb1b2a38d025c5257d19983eaf16a14e1a4a93fc3f7cfaaa9bac745d0f24714d	277	objects/eb/eb1b2a38d025c5257d19983eaf16a14e1a4a93fc3f7cfaaa9bac745d0f24714d/module_1630_B22_plane0_k6_p257.json	1
eb20dcf653547775e2aee3d2786eecb9b5c979cafd751a73a63eeade1323b885	110515	objects/eb/eb20dcf653547775e2aee3d2786eecb9b5c979cafd751a73a63eeade1323b885/1224_p263.txt	2
eb44ebed0c98c3dd5c2e4d8ce8c6b76919ffa2cca705870437dab3f2d945e497	322208	objects/eb/eb44ebed0c98c3dd5c2e4d8ce8c6b76919ffa2cca705870437dab3f2d945e497/2004.txt	1
eb7c6b5bf09f7ee8946edecf47fefdb2c11eb5b8f8dd7b41cae76e10e5d045bd	47	objects/eb/eb7c6b5bf09f7ee8946edecf47fefdb2c11eb5b8f8dd7b41cae76e10e5d045bd/alt_q6_47.log	1
eb83253d8b667fcace9a67d06560797c73b04d19bf38aeedaad3988deefbebf6	151	objects/eb/eb83253d8b667fcace9a67d06560797c73b04d19bf38aeedaad3988deefbebf6/case_1904_B22_plane1_k4.txt	1
ebc9fc3659fc523e2b3d648c361c4d7ecdd1525b59147ed4bc7572147c20738f	151	objects/eb/ebc9fc3659fc523e2b3d648c361c4d7ecdd1525b59147ed4bc7572147c20738f/case_1627_S5.txt	1
ebe2a1b011d9a7053306204743439e96abb68377ca1eddee49ab53485b0fc5f2	12933	objects/eb/ebe2a1b011d9a7053306204743439e96abb68377ca1eddee49ab53485b0fc5f2/MANIFEST.sha256	1
ebf3f6377b2dfda5c102aa546c8b9c89f441378b07ddb2821efc2c3fe0806de4	278	objects/eb/ebf3f6377b2dfda5c102aa546c8b9c89f441378b07ddb2821efc2c3fe0806de4/module_1765_B22_plane0_k6_p263.json	1
ebfe76321f2ac9cdd9d527b6a90295e9b670c07bab1b9ba8fd7958ec4cc9fa17	278	objects/eb/ebfe76321f2ac9cdd9d527b6a90295e9b670c07bab1b9ba8fd7958ec4cc9fa17/module_1847_B22_plane0_k4_p257.json	1
ebffa3567f605671d5ffacfda77e78da0e0301909e262c0a06b74422c4b24cd0	283	objects/eb/ebffa3567f605671d5ffacfda77e78da0e0301909e262c0a06b74422c4b24cd0/minors_q6_57_32719.json	1
ec1a73a8ff70f1f8f6eda55f0223de1713a7708c6e1baf626e3552a6716f4e9b	129138	objects/ec/ec1a73a8ff70f1f8f6eda55f0223de1713a7708c6e1baf626e3552a6716f4e9b/rank_p32719.txt	2
ec477f0aa0c11af698e5f644a1a20a7ce63a286bcd5ee06157dbc61316f67e52	23276	objects/ec/ec477f0aa0c11af698e5f644a1a20a7ce63a286bcd5ee06157dbc61316f67e52/q4_exact.json	2
ec4edb931648a28761ca0cbad72414fef6e7ab29b8368496f195886ba1e7188a	151	objects/ec/ec4edb931648a28761ca0cbad72414fef6e7ab29b8368496f195886ba1e7188a/case_1811_B22_plane3_k4.txt	1
ec8111cf2e80a1620dbe55d4dd817d0b5a66337311bda248a1d8deb6c3c249c0	196233	objects/ec/ec8111cf2e80a1620dbe55d4dd817d0b5a66337311bda248a1d8deb6c3c249c0/1711.txt	1
ecd383b09c00eaff3f781cc6594977c2a639627d376e1527c8152acbb36d6f48	3586	objects/ec/ecd383b09c00eaff3f781cc6594977c2a639627d376e1527c8152acbb36d6f48/q5_47.32719.minors	1
ece80f91683c897dfe8519c7353e165c11af4da7dff57c327fcc7f779f4885e2	183222	objects/ec/ece80f91683c897dfe8519c7353e165c11af4da7dff57c327fcc7f779f4885e2/state_1641_forward.txt	1
ed029f290b74dd42deadaccfdf57569e0a134acd5646db19f9fe43611ac3f0fc	277	objects/ed/ed029f290b74dd42deadaccfdf57569e0a134acd5646db19f9fe43611ac3f0fc/module_1969_B22_plane1_k4_p263.json	1
ed2bf08551db170a6a8f77ed5d9022877da98a1c33c4b1c4a66b2ed825e661b5	5382	objects/ed/ed2bf08551db170a6a8f77ed5d9022877da98a1c33c4b1c4a66b2ed825e661b5/REPORT.md	6
ed4cb393d3dd1834d1a6dc3ed412519183f2ff8bfb59726eb196d743b3029e2d	278	objects/ed/ed4cb393d3dd1834d1a6dc3ed412519183f2ff8bfb59726eb196d743b3029e2d/module_1811_B22_plane3_k4_p257.json	1
ed8a3e3627fdc335c13350270504107388691012358f1ca9e386f2506f46f3c3	216	objects/ed/ed8a3e3627fdc335c13350270504107388691012358f1ca9e386f2506f46f3c3/replay.sh	2
edc7089f48537bd6401e21fccf7c9ee572e5a72c0e3bbe7ce80919ed050ea7b6	188874	objects/ed/edc7089f48537bd6401e21fccf7c9ee572e5a72c0e3bbe7ce80919ed050ea7b6/1687.txt	1
edda0bd7e164002add830c473585afdded49b497bc90b8e661af9bf050ca37eb	187	objects/ed/edda0bd7e164002add830c473585afdded49b497bc90b8e661af9bf050ca37eb/A_delta6_delta7_q5.gates.stderr	2
ede62a91f1039086379b19c24e9cd87b0f697e773988b890b703eefd8bfaf2a7	2149	objects/ed/ede62a91f1039086379b19c24e9cd87b0f697e773988b890b703eefd8bfaf2a7/receipt.json	2
ee0753e42fb27ee012ea3d1a6abced87af9403eee957cbe3eb77dc29ed659f04	304984	objects/ee/ee0753e42fb27ee012ea3d1a6abced87af9403eee957cbe3eb77dc29ed659f04/1948.txt	1
ee4769f48c721d9c3d7d94a4545a8915951d3e614c43f49f408e70e39c9a90e1	151	objects/ee/ee4769f48c721d9c3d7d94a4545a8915951d3e614c43f49f408e70e39c9a90e1/case_1894_B22_plane0_k6.txt	1
ee4e1d5ea3f8d8aa0891318a2cb84171b22c4ff5f47158879d0219fb6cd5f319	289	objects/ee/ee4e1d5ea3f8d8aa0891318a2cb84171b22c4ff5f47158879d0219fb6cd5f319/module_1711_263.json	1
ee545956a0ca7277138c1a22f1a9d0f283fe8af67a528330e719bf5d61db0a13	203924	objects/ee/ee545956a0ca7277138c1a22f1a9d0f283fe8af67a528330e719bf5d61db0a13/1729.txt	1
ee68e3b8689c62892063ff313eb6d1d27c9ab950d261d499b45e5c7c6c61cd50	110306	objects/ee/ee68e3b8689c62892063ff313eb6d1d27c9ab950d261d499b45e5c7c6c61cd50/1230_p263.txt	2
ee765947251e0791d6c25c852a29b088b97af1ef8ef709d0ea083670a22f0c93	372	objects/ee/ee765947251e0791d6c25c852a29b088b97af1ef8ef709d0ea083670a22f0c93/fees_all_0.json	1
ee8c864d2838950b7315b98408588713981367d0ae6385020a1bbfb08dc86679	1123	objects/ee/ee8c864d2838950b7315b98408588713981367d0ae6385020a1bbfb08dc86679/check_ledger_independent.py	2
ee9291f94826cea88f5ec8799ce37766ad48cea86e228cef0d9298942a267dbe	151	objects/ee/ee9291f94826cea88f5ec8799ce37766ad48cea86e228cef0d9298942a267dbe/case_1720_B22_plane3_k6.txt	1
ee9ebe2709ae945e79b1bb6d3d95a9633e225851d32faadad48ea37712c36a33	1502	objects/ee/ee9ebe2709ae945e79b1bb6d3d95a9633e225851d32faadad48ea37712c36a33/conic_discover.cpp	2
eebfd19aebeed944dad636af9692507bdc70b53797faf7220abaac688cf4ce03	13766	objects/ee/eebfd19aebeed944dad636af9692507bdc70b53797faf7220abaac688cf4ce03/PROOFS.md	3
eec50646ed2c2f22e00661c09ad2a6cd2bcc87a3ac6bb48559e013b8c5597cfa	269434	objects/ee/eec50646ed2c2f22e00661c09ad2a6cd2bcc87a3ac6bb48559e013b8c5597cfa/1904_B22_plane5_k6.txt	1
eeca625ae8e82ee2bde8e4f09c6462df1224bfdb321f272462f08c1fca3a0b48	90	objects/ee/eeca625ae8e82ee2bde8e4f09c6462df1224bfdb321f272462f08c1fca3a0b48/1629_B22_plane0_k6_p257.log	4
ef8529d29519826a520d2b813352096f07799e97d56d1389d7aaf07def99265a	289	objects/ef/ef8529d29519826a520d2b813352096f07799e97d56d1389d7aaf07def99265a/module_1797_257.json	1
ef942274f1ebc7a61d1316e0edb893539e6d3edaf06387d5e2321d0bc4259fe1	5229	objects/ef/ef942274f1ebc7a61d1316e0edb893539e6d3edaf06387d5e2321d0bc4259fe1/eight_frontier_direct.cpp	2
efd680e545edc80f6cbd4906f7756757b4c997d164a05a4ea64290ef8d7f8b25	10822	objects/ef/efd680e545edc80f6cbd4906f7756757b4c997d164a05a4ea64290ef8d7f8b25/replay.py	1
f00e1a8247a8d2311362d40d3063c7510bd9f0c8728fd76aef399c9f073e74b9	141393	objects/f0/f00e1a8247a8d2311362d40d3063c7510bd9f0c8728fd76aef399c9f073e74b9/1466_p257.txt	2
f020a1450ee9306202293a5a0ba9e8d574ffb9029449a354d808c0868a12a87f	285	objects/f0/f020a1450ee9306202293a5a0ba9e8d574ffb9029449a354d808c0868a12a87f/fees_mode0.json	1
f02747848ab2a69484dbf11aafc20bdd27ee98ba18faa168a462974e6aeb41f6	2593	objects/f0/f02747848ab2a69484dbf11aafc20bdd27ee98ba18faa168a462974e6aeb41f6/replay.sh	2
f02b232738fd60c878dec86f3fbb78b006a5af6ddcbe5bca1f052a905953b35b	66	objects/f0/f02b232738fd60c878dec86f3fbb78b006a5af6ddcbe5bca1f052a905953b35b/independent_local_minors.log	1
f056e7bfc2e0dcf71f78490d85396a12409107b4ac35a2269d2a70806848737a	90	objects/f0/f056e7bfc2e0dcf71f78490d85396a12409107b4ac35a2269d2a70806848737a/1894_B22_plane3_k6_p257.log	4
f05b4ce9caf9b4183954e0b73d42b877447ee19b3a397c1f77c78974c393dac5	43	objects/f0/f05b4ce9caf9b4183954e0b73d42b877447ee19b3a397c1f77c78974c393dac5/F_delta5_delta8_q7.32719.stdout	4
f05c537c9a8498922476950dcdf2986c34fd68410b35bb0f754f4d422930a78c	267	objects/f0/f05c537c9a8498922476950dcdf2986c34fd68410b35bb0f754f4d422930a78c/fee_subcapacities_cpp.json	1
f0656a26a0d4f76a80890447521de9f98c1f289613839cbc41e05214539b54f4	34378	objects/f0/f0656a26a0d4f76a80890447521de9f98c1f289613839cbc41e05214539b54f4/gates_full.txt	2
f091f62b67d37d957eaa75a729f11710e4c4e2e004660c21fea00110f783449a	289	objects/f0/f091f62b67d37d957eaa75a729f11710e4c4e2e004660c21fea00110f783449a/module_1968_257.json	1
f0b7df1a0799ca4cb1bba531f27b844cfd9262afdf73c81d407b8a62bc90da4a	141375	objects/f0/f0b7df1a0799ca4cb1bba531f27b844cfd9262afdf73c81d407b8a62bc90da4a/1433_p257.txt	2
f0bb22d91a272b700794bdcf9f98d946c21fdcaf26d905d35cb30bfce00b191d	753	objects/f0/f0bb22d91a272b700794bdcf9f98d946c21fdcaf26d905d35cb30bfce00b191d/summary.json	2
f0c6105cbf9f68d5b7a18254326c7d4b1ea06133846e66b6060b75a9e19ef24c	231805	objects/f0/f0c6105cbf9f68d5b7a18254326c7d4b1ea06133846e66b6060b75a9e19ef24c/1811_B22_plane0_k6.txt	1
f0d6414dbcfc0460e387f62e77d714c6e415e4bad6dad0b9e83b098668e2e5b8	936318	objects/f0/f0d6414dbcfc0460e387f62e77d714c6e415e4bad6dad0b9e83b098668e2e5b8/chunk_002.out	2
f11d8252ded0e89aa10ff8abf021c71fbb1b7ac53965a24ac2c94b27bc2dc8c8	289	objects/f1/f11d8252ded0e89aa10ff8abf021c71fbb1b7ac53965a24ac2c94b27bc2dc8c8/module_2018_257.json	1
f13d5364619dd4f1460733bcd053073ffe0070b6f4e49a5bcaf69ae3f748ac66	81	objects/f1/f13d5364619dd4f1460733bcd053073ffe0070b6f4e49a5bcaf69ae3f748ac66/q17r5.gates.log	1
f14559e8cebce1708974117dd57b8faf26b6c5d4eb574a749868f6188a33c9b9	180510	objects/f1/f14559e8cebce1708974117dd57b8faf26b6c5d4eb574a749868f6188a33c9b9/1612_p257.txt	2
f177991303608aa65c47f824f6320f2efbb57737872fabd30f2ffe058a5a6d68	256	objects/f1/f177991303608aa65c47f824f6320f2efbb57737872fabd30f2ffe058a5a6d68/module_1627_S5_p263.json	1
f1b73eaa54b34da3ba3980d75b8efb5ed554ee91b6e2b3fbd6268c0bba78c9c2	151	objects/f1/f1b73eaa54b34da3ba3980d75b8efb5ed554ee91b6e2b3fbd6268c0bba78c9c2/case_1805_S5.txt	1
f1bab1099a08975e34f10ab7b68ebe9c3f006a49513c3bfaea3439d4e947eff2	1328639	objects/f1/f1bab1099a08975e34f10ab7b68ebe9c3f006a49513c3bfaea3439d4e947eff2/chunk_001.out	2
f1cb88d5fb86394eea04a1c9dccdd3a0abad90d5b208b3f9ac5ba3dc90317abe	202	objects/f1/f1cb88d5fb86394eea04a1c9dccdd3a0abad90d5b208b3f9ac5ba3dc90317abe/README.md	2
f1d2f8536177fe515ae9b0ae8beee8ed9318716642599cb6b44d27819867ba4f	173393	objects/f1/f1d2f8536177fe515ae9b0ae8beee8ed9318716642599cb6b44d27819867ba4f/1595_p257.txt	2
f1d9aa7d7a4241fa8ece45563234dbdf5c213e12ac41f7fd58e37597d059474c	1210	objects/f1/f1d9aa7d7a4241fa8ece45563234dbdf5c213e12ac41f7fd58e37597d059474c/RESEARCH_LOG.md	1
f220950af07a2b41223db257680af932eedfe75e8cb2b14cceb1c89361b8c423	105151	objects/f2/f220950af07a2b41223db257680af932eedfe75e8cb2b14cceb1c89361b8c423/1198_p263.txt	2
f22b276faf4a04b3ee454d5413485f19b29d67815cf330b1a70a792f9aa73bf1	288	objects/f2/f22b276faf4a04b3ee454d5413485f19b29d67815cf330b1a70a792f9aa73bf1/module_1770_257.json	1
f22bc948bfbbc9d389e85bb8e71f1dd73612f8430460dbe0c619a960583bc94c	268980	objects/f2/f22bc948bfbbc9d389e85bb8e71f1dd73612f8430460dbe0c619a960583bc94c/1894_S5.txt	1
f232093f4a97c321ea7ea65d1e485c65c36b9edc3c51a2e036a4869a5e86c2cb	248830	objects/f2/f232093f4a97c321ea7ea65d1e485c65c36b9edc3c51a2e036a4869a5e86c2cb/1847_B22_plane0_k4.txt	1
f23d07e95d5de57b72c459ec623dd22f0dcc7ac4ceb26730bc9be03955bcec58	13323	objects/f2/f23d07e95d5de57b72c459ec623dd22f0dcc7ac4ceb26730bc9be03955bcec58/replay.py	1
f23d37451a8f2fc6377591db39e8d8a17749de75b6dd622d690f89b5c33fe5a0	119009	objects/f2/f23d37451a8f2fc6377591db39e8d8a17749de75b6dd622d690f89b5c33fe5a0/1319_p257.txt	2
f25708bc88cc16268a4f3d5694c9c51062edfc45f5813ef27026126997670e91	160	objects/f2/f25708bc88cc16268a4f3d5694c9c51062edfc45f5813ef27026126997670e91/check_1623_12000_14000.log	1
f259bf9597f6529a37862a0aaa4d2b6d8378909273406a37a4cca15e096eccbb	256	objects/f2/f259bf9597f6529a37862a0aaa4d2b6d8378909273406a37a4cca15e096eccbb/module_1629_S5_p257.json	1
f262a6640733fe8e9dcc73ef5230b396bbb9a2dd2f5753ebecbbf06d6e112b9a	13218	objects/f2/f262a6640733fe8e9dcc73ef5230b396bbb9a2dd2f5753ebecbbf06d6e112b9a/chunk_003.in	2
f26610705510ecb029f93a08f99fe22b83e2316c0ebe6b00176bae2ec647492d	227193	objects/f2/f26610705510ecb029f93a08f99fe22b83e2316c0ebe6b00176bae2ec647492d/1802.txt	1
f27d44314cf9e006dec2fdf227c85e1541a3e3920dd9cb8e40f56b48771c990a	151	objects/f2/f27d44314cf9e006dec2fdf227c85e1541a3e3920dd9cb8e40f56b48771c990a/case_1894_B22_plane1_k4.txt	1
f2851fcc9e32a88d02e57c2227761790fc760bef7d6014ed8bd62f0e00b8daf6	151	objects/f2/f2851fcc9e32a88d02e57c2227761790fc760bef7d6014ed8bd62f0e00b8daf6/case_1630_S5.txt	1
f28f0f024fb5371906f98312763f641ba4992918e57044df09c93a19ce1f178d	7853	objects/f2/f28f0f024fb5371906f98312763f641ba4992918e57044df09c93a19ce1f178d/REPORT.md	4
f29d09620a47be04c984d731cfb2ac9a560b8624fdfa93c076359d99df7624a3	278	objects/f2/f29d09620a47be04c984d731cfb2ac9a560b8624fdfa93c076359d99df7624a3/module_1969_B22_plane0_k6_p257.json	1
f2dc67a01bb6b1fa818cffec1b613c69dde215603b9a178ad48ca2dcb3581334	90495	objects/f2/f2dc67a01bb6b1fa818cffec1b613c69dde215603b9a178ad48ca2dcb3581334/1103_p263.txt	2
f2dc7f87ec9982ba3065d8f8907faab8f0c8f810af89987a6622c1a58faacc39	123876	objects/f2/f2dc7f87ec9982ba3065d8f8907faab8f0c8f810af89987a6622c1a58faacc39/1336_p263.txt	2
f2e9b45441884896c23ec1e29ec5b15c3d32191b66ecb250e23605779e769bd6	44	objects/f2/f2e9b45441884896c23ec1e29ec5b15c3d32191b66ecb250e23605779e769bd6/A_delta6_delta7_q6.p32749.stderr	2
f2fb852cf3b5ec11dc48705066619eb8418ac7de4d50a0a7c65300deac0e51b8	151	objects/f2/f2fb852cf3b5ec11dc48705066619eb8418ac7de4d50a0a7c65300deac0e51b8/case_1720_B22_plane5_k6.txt	1
f2ff2aa628225367f2a58f775d5982b1e0a405a97d94c3ea15eb722efbf8be34	464043	objects/f2/f2ff2aa628225367f2a58f775d5982b1e0a405a97d94c3ea15eb722efbf8be34/chunk_003.out	2
f36f8426dde8c29224af55b52e2b00bcdcca1d217f1ba4472904564c32a6f9d3	108335	objects/f3/f36f8426dde8c29224af55b52e2b00bcdcca1d217f1ba4472904564c32a6f9d3/1250_p257.txt	2
f37a071370d02c78eaec8cae7f512c85d6c13565b133d5f9e92364064da154a4	244649	objects/f3/f37a071370d02c78eaec8cae7f512c85d6c13565b133d5f9e92364064da154a4/1847_B22_plane5_k6.txt	1
f394d8ce02f3a646486d1fa0affb5dbb849e89a82dcc9fa0a70d12b1aa0a8bca	160	objects/f3/f394d8ce02f3a646486d1fa0affb5dbb849e89a82dcc9fa0a70d12b1aa0a8bca/check_1623_14000_16105.log	1
f3cc2f9523745b56fb816ebfc25374d100e2c901aa4d577cd651e7c0a5425414	277	objects/f3/f3cc2f9523745b56fb816ebfc25374d100e2c901aa4d577cd651e7c0a5425414/module_1904_B22_plane5_k6_p263.json	1
f3fc15304a16cb1874a8ba038ed4e6a087431eeaf5f6988f14b7d4174f3f0f13	2424	objects/f3/f3fc15304a16cb1874a8ba038ed4e6a087431eeaf5f6988f14b7d4174f3f0f13/HANDOFF.md	3
f4182e3256a816b14f37ef49404420dbcfa528e25c8a2cb793a8826c60a0db5c	105945	objects/f4/f4182e3256a816b14f37ef49404420dbcfa528e25c8a2cb793a8826c60a0db5c/state_1622_reverse.txt.basis	1
f43fecf6b2f6c23e87da15fade4cb2eac86b5f2aa9bb4b353a02994f391ec7a3	393228	objects/f4/f43fecf6b2f6c23e87da15fade4cb2eac86b5f2aa9bb4b353a02994f391ec7a3/q18r4.cross.ranks	1
f445118555abf374904fa09a19602d360bd445044cf851a2f8ed3dac12aa7e46	179190	objects/f4/f445118555abf374904fa09a19602d360bd445044cf851a2f8ed3dac12aa7e46/1630_B22_plane0_k4.txt	1
f485b44a79fa1305a748e62755a48e74f46b70566d3c2d74046946d04d8a31cb	256	objects/f4/f485b44a79fa1305a748e62755a48e74f46b70566d3c2d74046946d04d8a31cb/module_1960_S5_p263.json	1
f492ca49703069d8b8bd404a29a81d8f1426ccc2aa4eb1cbfe960160231ab9f8	866	objects/f4/f492ca49703069d8b8bd404a29a81d8f1426ccc2aa4eb1cbfe960160231ab9f8/refinement_summary.json	2
f49be3cb1d351d63ebbe1923fdd8ddb4c55bf22b93f174b38d19c9a66d83c722	322259	objects/f4/f49be3cb1d351d63ebbe1923fdd8ddb4c55bf22b93f174b38d19c9a66d83c722/2005.txt	1
f4a782593e158fd9dd176eac0ede96bd5640d09c577db452871dd6ca3b0b38a7	278	objects/f4/f4a782593e158fd9dd176eac0ede96bd5640d09c577db452871dd6ca3b0b38a7/module_1715_B22_plane0_k6_p263.json	1
f4ab2ade1be924e5b95ca29f9994db542e604b8a654e3f985c530524ecfa34f9	90	objects/f4/f4ab2ade1be924e5b95ca29f9994db542e604b8a654e3f985c530524ecfa34f9/1805_B22_plane5_k4_p257.log	8
f4ee4945fcbcbfb4b6c07ed071e1bd3e040eaf6ec73ab78aa7277d87269f93d1	90	objects/f4/f4ee4945fcbcbfb4b6c07ed071e1bd3e040eaf6ec73ab78aa7277d87269f93d1/1736_B22_plane3_k4_p257.log	4
f51ec33d3a52269749133f3596b5b5b10b59b45ad464ea00f3e83254d05b7330	277	objects/f5/f51ec33d3a52269749133f3596b5b5b10b59b45ad464ea00f3e83254d05b7330/module_1894_B22_plane0_k6_p263.json	1
f546312949bce94179384aec85c540f384da92642584a360acc918848da0a24d	261181	objects/f5/f546312949bce94179384aec85c540f384da92642584a360acc918848da0a24d/1888_B22_plane5_k4.txt	1
f54f607b307e6ab1a7cc1c1596e7dd09cfaa4feaf2c9d1781c16924a44bd80e0	26	objects/f5/f54f607b307e6ab1a7cc1c1596e7dd09cfaa4feaf2c9d1781c16924a44bd80e0/stage_31.stderr	2
f56e00685d78690d2863da56b37147ae533041e502bbdd7f614b140de938e491	256	objects/f5/f56e00685d78690d2863da56b37147ae533041e502bbdd7f614b140de938e491/module_1630_S5_p263.json	1
f58988b91beb27527162fd308c02e186defcf30790bea3fad43e3d1251977c56	278	objects/f5/f58988b91beb27527162fd308c02e186defcf30790bea3fad43e3d1251977c56/module_1808_B22_plane1_k4_p257.json	1
f5c4710bf6c11a86f1400138f231f13c04489b1c9de73af6052017b4bc815df5	174580	objects/f5/f5c4710bf6c11a86f1400138f231f13c04489b1c9de73af6052017b4bc815df5/1630_S5.txt	1
f5c86fae0a91dbf46a03c2cbf86b738a1ec2ebdf81cfa7bd9a435bf3d5f65a7e	288	objects/f5/f5c86fae0a91dbf46a03c2cbf86b738a1ec2ebdf81cfa7bd9a435bf3d5f65a7e/module_1912_263.json	1
f5e2cec68cc4b09e8b2bca8276870696fd23aa298e8fac4eab235703c8896eb9	270006	objects/f5/f5e2cec68cc4b09e8b2bca8276870696fd23aa298e8fac4eab235703c8896eb9/1894_B22_plane1_k6.txt	1
f5f9762a9de865800f538b9b96c02314bb1c2b72ac8d57ee56776b1c4d68fbaa	25715	objects/f5/f5f9762a9de865800f538b9b96c02314bb1c2b72ac8d57ee56776b1c4d68fbaa/mod4_price_1651.json	2
f608f3e675c3912238d5d34d0039b2a9a6f5a36b5aa412e8f7632bcedb94eba8	151	objects/f6/f608f3e675c3912238d5d34d0039b2a9a6f5a36b5aa412e8f7632bcedb94eba8/case_1894_S5.txt	1
f63ab7270f8f71ee166ce25121aa5eca8ee45cdb0f31c8d00774afe18cae9da9	156632	objects/f6/f63ab7270f8f71ee166ce25121aa5eca8ee45cdb0f31c8d00774afe18cae9da9/1506_p263.txt	2
f6bb7ead5d218229413ab8ecdd1cd30c2f83356a3a1c14bb9b41837f8879795c	90	objects/f6/f6bb7ead5d218229413ab8ecdd1cd30c2f83356a3a1c14bb9b41837f8879795c/1765_B22_plane3_k6_p257.log	4
f716efb0751589119a9074b376854ab40f5bb0c3530cdcc7daa06b0693d490e0	277	objects/f7/f716efb0751589119a9074b376854ab40f5bb0c3530cdcc7daa06b0693d490e0/module_1808_B22_plane5_k6_p263.json	1
f75ec7d070bbe595e1cd77cb173f183fc58db1e4dd8e09dced88961c1b8bc2c2	90	objects/f7/f75ec7d070bbe595e1cd77cb173f183fc58db1e4dd8e09dced88961c1b8bc2c2/1736_B22_plane3_k6_p257.log	4
f7664155114b7afe661f9c1942684ed24804206afce369655c87e84c8e0d4f2a	66	objects/f7/f7664155114b7afe661f9c1942684ed24804206afce369655c87e84c8e0d4f2a/f58_q6_alternate_minor.log	2
f7d83f2aec4e894f32c98fdcb467f90609ea233b6ca49740d90589bcbd06f1d5	256	objects/f7/f7d83f2aec4e894f32c98fdcb467f90609ea233b6ca49740d90589bcbd06f1d5/module_1811_S5_p263.json	1
f7e5e8d70ad8db4dcc0f69cae6a793b89bc45286890104f527fcf320c0a32875	90	objects/f7/f7e5e8d70ad8db4dcc0f69cae6a793b89bc45286890104f527fcf320c0a32875/1894_B22_plane1_k4_p257.log	4
f7ed6544e8079f5f97699997b3cd1bf0724077311f833fb9c49847bc9166a953	200409	objects/f7/f7ed6544e8079f5f97699997b3cd1bf0724077311f833fb9c49847bc9166a953/1719.txt	1
f7fbefcf3cd57166f6416a2b2dbe3e78e3de518c457c06786a39d46ead1b2789	282266	objects/f7/f7fbefcf3cd57166f6416a2b2dbe3e78e3de518c457c06786a39d46ead1b2789/1912.txt	1
f82e6f07ec8cf4030c9f5ff87239e1619272f9718d5deeb17640535a0b12eed7	121010	objects/f8/f82e6f07ec8cf4030c9f5ff87239e1619272f9718d5deeb17640535a0b12eed7/1320_p263.txt	2
f8355fbd4ce88e026aaadbb28c09b424534995de406a6ca0d2b024f2dd9d375e	90	objects/f8/f8355fbd4ce88e026aaadbb28c09b424534995de406a6ca0d2b024f2dd9d375e/1736_S5_p257.log	4
f87464775ddf50c92ac20fd8dc109471e25f74d6db138b80401c50fe9710b7dd	170297	objects/f8/f87464775ddf50c92ac20fd8dc109471e25f74d6db138b80401c50fe9710b7dd/1550_p263.txt	2
f88797bc2db457e528d2d8353dd2286fbed7491889cfde519613350ce1f92362	2981	objects/f8/f88797bc2db457e528d2d8353dd2286fbed7491889cfde519613350ce1f92362/rational58_gates.cpp	2
f888c756fb9fa9319fdaffe9aeeba15dd8184949ace0adf0b9035a8e1964fca2	160060	objects/f8/f888c756fb9fa9319fdaffe9aeeba15dd8184949ace0adf0b9035a8e1964fca2/1520_p257.txt	2
f8a7717a93af1b5184658b96e3883dbcc9e5a8974e2606e95baf93fb3b5d7c51	130079	objects/f8/f8a7717a93af1b5184658b96e3883dbcc9e5a8974e2606e95baf93fb3b5d7c51/1369_p257.txt	2
f8a94394263e51bcc3bf404ad5297ccb6dfca0013e1fa252be9082e9549eedfe	1605	objects/f8/f8a94394263e51bcc3bf404ad5297ccb6dfca0013e1fa252be9082e9549eedfe/hypothetical_two_pair_fees_through_9.txt	2
f8c2c0e1bc9db96f800bcb1e49273c5bb9f794f87acefbd4e17467e5ff194a28	278	objects/f8/f8c2c0e1bc9db96f800bcb1e49273c5bb9f794f87acefbd4e17467e5ff194a28/module_1969_B22_plane1_k4_p257.json	1
f8cc74aad0f1097e91d333bf9cece45dc428f4d64b43ba44c9370a2b8a93f2bf	289	objects/f8/f8cc74aad0f1097e91d333bf9cece45dc428f4d64b43ba44c9370a2b8a93f2bf/module_1647_263.json	1
f8ce77269f1a54371f565ae1a336cac2e545e891e41ad98d14390bf6a5f9f79f	175256	objects/f8/f8ce77269f1a54371f565ae1a336cac2e545e891e41ad98d14390bf6a5f9f79f/1629_B22_plane0_k4.txt	1
f8e396c76e680f3d125abc00e5399c59b030b27bdbba30b388ae4bd62db958f7	286921	objects/f8/f8e396c76e680f3d125abc00e5399c59b030b27bdbba30b388ae4bd62db958f7/1916.txt	1
f8e9a2055a2b9e1cb13478e2fe9a68651e30eaaedb911a8f0d57b4b1f541eea1	26	objects/f8/f8e9a2055a2b9e1cb13478e2fe9a68651e30eaaedb911a8f0d57b4b1f541eea1/fees_withoutS5_1.log	1
f93f485412990cd80a7ad0bbf33cf5784859cbbce74f7823d50452f657bccfe3	151	objects/f9/f93f485412990cd80a7ad0bbf33cf5784859cbbce74f7823d50452f657bccfe3/case_1627_B22_plane0_k6.txt	1
f965943aa8a0c79fcab52cb220f0a46f6683e892805bd6938a11809f502f5b9a	2937	objects/f9/f965943aa8a0c79fcab52cb220f0a46f6683e892805bd6938a11809f502f5b9a/positive_payoff.py	2
f9d262ccf1adbdd2e3a2d410fd47b2a3bee2ddb031247bd0edf369921fcf8f06	278	objects/f9/f9d262ccf1adbdd2e3a2d410fd47b2a3bee2ddb031247bd0edf369921fcf8f06/module_1805_B22_plane3_k4_p257.json	1
f9ee3cbaf4d50d891432637aada2f615f92449c58484e3d652a8c742b26c04e5	93258	objects/f9/f9ee3cbaf4d50d891432637aada2f615f92449c58484e3d652a8c742b26c04e5/1135_p257.txt	2
f9f6887db9ac0d3b0778dd7c57727aaf24a9fde88354dc76e5a2f033cc527092	123419	objects/f9/f9f6887db9ac0d3b0778dd7c57727aaf24a9fde88354dc76e5a2f033cc527092/state1626_fee_tables.json	1
fa08863b6240e5a1cc4b203c1c1a57b6e289e61d734ca40f41c3561274478fa2	144039	objects/fa/fa08863b6240e5a1cc4b203c1c1a57b6e289e61d734ca40f41c3561274478fa2/1445_p263.txt	2
fa3a2932a4050a4538eea40dff2f19e33fd79fa0cb25559a6018fc1d5a795195	212408	objects/fa/fa3a2932a4050a4538eea40dff2f19e33fd79fa0cb25559a6018fc1d5a795195/1765_B22_plane3_k4.txt	1
fa51e6f43baf0c092ca58722b27815072a4f1277dab2755ed6cdb60d52ff6e7f	29	objects/fa/fa51e6f43baf0c092ca58722b27815072a4f1277dab2755ed6cdb60d52ff6e7f/F_delta5_delta8_q7.32719.stderr	4
fa76c0f6d31a54e40c16b8ed23e58d20f329c66830bcf551eb658d29b391e728	156496	objects/fa/fa76c0f6d31a54e40c16b8ed23e58d20f329c66830bcf551eb658d29b391e728/1508_p263.txt	2
fb2a540819fcdb86d0452cd89137cdf2bf6ca3e4d1d79be7eaf4b2c3d6181a5d	3527	objects/fb/fb2a540819fcdb86d0452cd89137cdf2bf6ca3e4d1d79be7eaf4b2c3d6181a5d/receipt.json	2
fbb84670dd71e4a8011448ea3c35e2a63e011caf5fddbbdfde7a592dcc541149	272	objects/fb/fbb84670dd71e4a8011448ea3c35e2a63e011caf5fddbbdfde7a592dcc541149/compile_jets32749.json	1
fbc3117510fd27a817f7f52a850202b7af9f1c7404515e74d986bc4f269acdf4	112588	objects/fb/fbc3117510fd27a817f7f52a850202b7af9f1c7404515e74d986bc4f269acdf4/rank_p32749.txt	2
fbd6338ac77331b15bafe1e609f6f142fdc0892d9a236c08af46032eb32c3f84	275013	objects/fb/fbd6338ac77331b15bafe1e609f6f142fdc0892d9a236c08af46032eb32c3f84/1904_B22_plane5_k4.txt	1
fbd8b4e4fc6bb377ddda4fca56801bdc9027c39a496a024ee7bc4330a8100af7	1605	objects/fb/fbd8b4e4fc6bb377ddda4fca56801bdc9027c39a496a024ee7bc4330a8100af7/hypothetical_two_pair_fees_through_5.txt	1
fbe47b757eface813b6fddd2db47ee8f2a6972a94e7d6e2133932c1f27d74287	277	objects/fb/fbe47b757eface813b6fddd2db47ee8f2a6972a94e7d6e2133932c1f27d74287/module_1765_B22_plane3_k4_p263.json	1
fbe826ec32cb30f1a688f7485ad9402f7be051790a7dec99b7b0bfdaf8ccaced	2090	objects/fb/fbe826ec32cb30f1a688f7485ad9402f7be051790a7dec99b7b0bfdaf8ccaced/HANDOFF.md	4
fbf60ffa6babc3a4d7d9e1586b6825c5529b1999c083cd2a2e90554c3da39684	289	objects/fb/fbf60ffa6babc3a4d7d9e1586b6825c5529b1999c083cd2a2e90554c3da39684/module_1652_257.json	1
fc1486dc8bbacb9aad908f806411d292999b05afbc441f86597115d85e49a4e7	90	objects/fc/fc1486dc8bbacb9aad908f806411d292999b05afbc441f86597115d85e49a4e7/1847_S4_p257.log	4
fc172ddc413da466efe0b82a0f3a31ef0696f97aae778397fd13be610926a6f2	5354	objects/fc/fc172ddc413da466efe0b82a0f3a31ef0696f97aae778397fd13be610926a6f2/chunk_003.in	2
fc357c2798a8ac0a9c4bf2f5287d92dcdfdcd9b2734164288eab058c29e4422e	1222827	objects/fc/fc357c2798a8ac0a9c4bf2f5287d92dcdfdcd9b2734164288eab058c29e4422e/chunk_007.out	2
fc40d6cb768a0b045adc52351e116fc29a01c8b1befe129d72d43402030842dd	1749	objects/fc/fc40d6cb768a0b045adc52351e116fc29a01c8b1befe129d72d43402030842dd/q5_57.independent.json	1
fc56ecfc6903d26f38da5a8a198a9fcd495a3985c0c322e92713b7229d4f3585	2673	objects/fc/fc56ecfc6903d26f38da5a8a198a9fcd495a3985c0c322e92713b7229d4f3585/FAILURE_BOUNDARIES.md	1
fc76aea8b5ac09ad35244cde9a07b99ef863b4b404d7a9b9f3205b82d4d5f526	90	objects/fc/fc76aea8b5ac09ad35244cde9a07b99ef863b4b404d7a9b9f3205b82d4d5f526/1894_B22_plane3_k4_p257.log	4
fc7abd64a0796b07ebe1c72c5578f7d0b4e225fa152d94efd7313d2abdf339dc	355696	objects/fc/fc7abd64a0796b07ebe1c72c5578f7d0b4e225fa152d94efd7313d2abdf339dc/FILE_INVENTORY.tsv	1
fcc64d5bdc43c2df88f61bd494e04c9c4fc884e7c5957359f0a8a91ab4775994	3215	objects/fc/fcc64d5bdc43c2df88f61bd494e04c9c4fc884e7c5957359f0a8a91ab4775994/summary.json	2
fd232f8e91652f01cfceca422c25109dd5b8958d7bca31bc0059b34c94465946	277	objects/fd/fd232f8e91652f01cfceca422c25109dd5b8958d7bca31bc0059b34c94465946/module_1765_B22_plane5_k6_p257.json	1
fd324b39c6da72572fc667cc524ab866907d3db7de993b64d8f1d4a3c51a68a4	90	objects/fd/fd324b39c6da72572fc667cc524ab866907d3db7de993b64d8f1d4a3c51a68a4/1847_S5_p257.log	6
fd586d03dd96077b21f328535cdc09adaec5bb3f9d943407058f64df6f560755	117	objects/fd/fd586d03dd96077b21f328535cdc09adaec5bb3f9d943407058f64df6f560755/previous_round_zip.sha256	2
fde0179ddde5898aa8cbb75378a7e6eabb5e26266a330dfe3eedda496e62435b	119075	objects/fd/fde0179ddde5898aa8cbb75378a7e6eabb5e26266a330dfe3eedda496e62435b/1309_p257.txt	2
fdf357a6cc174f36d04bc828315e33fa566e47277e7a09c653b987e66dddd71d	232699	objects/fd/fdf357a6cc174f36d04bc828315e33fa566e47277e7a09c653b987e66dddd71d/1805_B22_plane3_k4.txt	1
fe08aab51d58ddb0aa96721caf7d785471c8667feb938785bb508976b4fe9b4f	143942	objects/fe/fe08aab51d58ddb0aa96721caf7d785471c8667feb938785bb508976b4fe9b4f/1432_p263.txt	2
fe4369317ff85256312902c877fdeb76904414c68fab5a4cc976813c7a74610d	278	objects/fe/fe4369317ff85256312902c877fdeb76904414c68fab5a4cc976813c7a74610d/module_1894_B22_plane4_k4_p257.json	1
fe4a0b299e94212fde96e4fbd97a02929c2d624939e349ad7b7e489676bf58bb	278	objects/fe/fe4a0b299e94212fde96e4fbd97a02929c2d624939e349ad7b7e489676bf58bb/module_1765_B22_plane5_k6_p263.json	1
fe769d3fc534041dc4944d3b969de58087b399543f3e07d82f61a09d37fed819	151	objects/fe/fe769d3fc534041dc4944d3b969de58087b399543f3e07d82f61a09d37fed819/case_1808_B22_plane3_k6.txt	1
fe7a5c45f8ecb1abcd7673db321c17832aa00436e8505640dd8e5229bd5dd433	346585	objects/fe/fe7a5c45f8ecb1abcd7673db321c17832aa00436e8505640dd8e5229bd5dd433/2034.txt	1
fe97ebcb14675f09ff53af79d221626e117dd7d069aa558f964abb389174de0e	66	objects/fe/fe97ebcb14675f09ff53af79d221626e117dd7d069aa558f964abb389174de0e/aggregates.txt	1
fed690d5c5594c28aecd14cb0c52b8de8579ad0ced577a3012477aa0c3ee2d2f	243154	objects/fe/fed690d5c5594c28aecd14cb0c52b8de8579ad0ced577a3012477aa0c3ee2d2f/1845.txt	1
fee178d7c3db65b6b09e45aba4e03bed1fb105c69001acf1dc0f1d25897bb09f	277	objects/fe/fee178d7c3db65b6b09e45aba4e03bed1fb105c69001acf1dc0f1d25897bb09f/module_1803_B22_plane0_k6_p263.json	1
fee945a76c4c5eb152bb43c2fbfd637ddf8dca18a564e40d39f61817e21dfb34	228478	objects/fe/fee945a76c4c5eb152bb43c2fbfd637ddf8dca18a564e40d39f61817e21dfb34/1805_B22_plane5_k6.txt	1
feea8906223d19623fe0233f7da60e1f32d7d25345ea72b637573688e3239d3b	5121	objects/fe/feea8906223d19623fe0233f7da60e1f32d7d25345ea72b637573688e3239d3b/moment_frontier.py	6
ff0dcdb97caa9248904036ff739fbb310dd077e53d8d67104dbe1998c35d3166	288035	objects/ff/ff0dcdb97caa9248904036ff739fbb310dd077e53d8d67104dbe1998c35d3166/chunk_009.out	2
ff4b748494262a2d3c65cbcf057d705ad7d538c7585b4736462584f300560b75	466327	objects/ff/ff4b748494262a2d3c65cbcf057d705ad7d538c7585b4736462584f300560b75/state_1620_p11.txt	1
ff5f6fee1f48c34ca08f63a4b4a2db3e6b1ae94cac607109f932d410a0ed2a09	90	objects/ff/ff5f6fee1f48c34ca08f63a4b4a2db3e6b1ae94cac607109f932d410a0ed2a09/module_1759_257.log	2
ff6171c89f71cf6110b71aa68fa2e5e40fab59bce4024bfe294827d6d8629bab	309626	objects/ff/ff6171c89f71cf6110b71aa68fa2e5e40fab59bce4024bfe294827d6d8629bab/1969_S5.txt	1
ff6a2bfc5413cc7f39cab048f8200e7428aec47b2e941839062311193d0f72c8	224	objects/ff/ff6a2bfc5413cc7f39cab048f8200e7428aec47b2e941839062311193d0f72c8/alt_q5_47.json	1
ff6a3e3880949014fb2705ecc1831141442743e3acbd49e69f5a02e001b1e7f7	166482	objects/ff/ff6a3e3880949014fb2705ecc1831141442743e3acbd49e69f5a02e001b1e7f7/1549_p257.txt	2
ff862bfd54f3cdfe257bc0c266dfc6713d9e8ed43121997aa5a018fce8163d65	304960	objects/ff/ff862bfd54f3cdfe257bc0c266dfc6713d9e8ed43121997aa5a018fce8163d65/1969_B22_plane5_k6.txt	1
ff8b5c4ac9471e590198bee785157c6b058585d988d3b21917fd997b352f1901	88429	objects/ff/ff8b5c4ac9471e590198bee785157c6b058585d988d3b21917fd997b352f1901/1101_p257.txt	2
ff8ee95589a6be1ee404a3404d42cfb4bfb3367f82d275e998c7af8245f28557	151	objects/ff/ff8ee95589a6be1ee404a3404d42cfb4bfb3367f82d275e998c7af8245f28557/case_1888_B22_plane1_k6.txt	1
ff9bd14b9a40576f0e1e3d9a9e1fe4cd98482fb4dc734bec23285caf8d9d1c83	211	objects/ff/ff9bd14b9a40576f0e1e3d9a9e1fe4cd98482fb4dc734bec23285caf8d9d1c83/check.log	2
ffa81666d6dd7782b6afd51b199fbda59466ad170dd9e9114183420a479a1571	278	objects/ff/ffa81666d6dd7782b6afd51b199fbda59466ad170dd9e9114183420a479a1571/module_1894_B22_plane4_k6_p263.json	1
ffc3be34455674d78b63187b486c4c2bbf56686773c2d61f00cad0b1a6c3e797	93641	originals/research_rounds/R06_SOURCE-LINE-DESCENT-H73__B699-ProA-SOURCE-LINE-DESCENT-H73-20260924-evidence.zip	2
ffed00c7d554b7666cc7e69e6d424f9fa2eff25d2d9c1b26f9abceb03b223ea2	231472	objects/ff/ffed00c7d554b7666cc7e69e6d424f9fa2eff25d2d9c1b26f9abceb03b223ea2/1791_S5.txt	1
ffffe5463527b5c7534a9dfce02df7ee4f296129915323cb7c01fcccf362b9fa	79	objects/ff/ffffe5463527b5c7534a9dfce02df7ee4f296129915323cb7c01fcccf362b9fa/q16r5.gates.log	1
