p 257 h 131 constraints 17530
0 0 1 0
1 0 1 1
2 0 1 2
3 0 1 3
4 0 1 4
5 0 1 5
6 0 1 6
7 0 1 7
8 0 1 8
9 0 1 9
10 0 1 10
11 0 1 11
12 0 1 12
13 0 1 13
14 0 1 14
15 0 1 15
16 0 1 16
17 0 1 17
18 0 1 18
19 0 1 19
20 0 1 20
21 0 1 21
22 0 1 22
23 0 1 23
24 0 1 24
25 0 1 25
26 0 1 26
27 0 1 27
28 0 1 28
29 0 1 29
30 0 1 30
31 0 1 31
32 0 1 32
33 0 1 33
34 0 1 34
35 0 1 35
36 0 1 36
37 0 1 37
38 0 1 38
39 0 1 39
40 0 1 40
41 0 1 41
42 0 1 42
43 0 1 43
44 0 1 44
45 0 1 45
46 0 1 46
47 0 1 47
48 0 1 48
49 0 1 49
50 0 1 50
51 0 1 51
52 0 1 52
53 0 1 53
54 0 1 54
55 0 1 55
56 0 1 56
57 0 1 57
58 0 1 58
59 0 1 59
60 0 1 60
61 0 1 61
62 0 1 62
63 0 1 63
64 0 1 64
65 0 1 65
66 1 1 2
67 1 1 3
68 1 1 4
69 1 1 5
70 1 1 6
71 1 1 7
72 1 1 8
73 1 1 9
74 1 1 10
75 1 1 11
76 1 1 12
77 1 1 13
78 1 1 14
79 1 1 15
80 1 1 16
81 1 1 17
82 1 1 18
83 1 1 19
84 1 1 20
85 1 1 21
86 1 1 22
87 1 1 23
88 1 1 24
89 1 1 25
90 1 1 26
91 1 1 27
92 1 1 28
93 1 1 29
94 1 1 30
95 1 1 31
96 1 1 32
97 1 1 33
98 1 1 34
99 1 1 35
100 1 1 36
101 1 1 37
102 1 1 38
103 1 1 39
104 1 1 40
105 1 1 41
106 1 1 42
107 1 1 43
108 1 1 44
109 1 1 45
110 1 1 46
111 1 1 47
112 1 1 48
113 1 1 49
114 1 1 50
115 1 1 51
116 1 1 52
117 1 1 53
118 1 1 54
119 1 1 55
120 1 1 56
121 1 1 57
122 1 1 58
123 1 1 59
124 1 1 60
125 1 1 61
126 1 1 62
127 1 1 63
128 1 1 64
129 1 1 65
130 1 1 66
131 2 1 4
132 2 1 5
133 2 1 6
134 2 1 7
135 2 1 8
136 2 1 9
137 2 1 10
138 2 1 11
139 2 1 12
140 2 1 13
141 2 1 14
142 2 1 15
143 2 1 16
144 2 1 17
145 2 1 18
146 2 1 19
147 2 1 20
148 2 1 21
149 2 1 22
150 2 1 23
151 2 1 24
152 2 1 25
153 2 1 26
154 2 1 27
155 2 1 28
156 2 1 29
157 2 1 30
158 2 1 31
159 2 1 32
160 2 1 33
161 2 1 34
162 2 1 35
163 2 1 36
164 2 1 37
165 2 1 38
166 2 1 39
167 2 1 40
168 2 1 41
169 2 1 42
170 2 1 43
171 2 1 44
172 2 1 45
173 2 1 46
174 2 1 47
175 2 1 48
176 2 1 49
177 2 1 50
178 2 1 51
179 2 1 52
180 2 1 53
181 2 1 54
182 2 1 55
183 2 1 56
184 2 1 57
185 2 1 58
186 2 1 59
187 2 1 60
188 2 1 61
189 2 1 62
190 2 1 63
191 2 1 64
192 2 1 65
193 2 1 66
194 2 1 67
195 3 1 6
196 3 1 7
197 3 1 8
198 3 1 9
199 3 1 10
200 3 1 11
201 3 1 12
202 3 1 13
203 3 1 14
204 3 1 15
205 3 1 16
206 3 1 17
207 3 1 18
208 3 1 19
209 3 1 20
210 3 1 21
211 3 1 22
212 3 1 23
213 3 1 24
214 3 1 25
215 3 1 26
216 3 1 27
217 3 1 28
218 3 1 29
219 3 1 30
220 3 1 31
221 3 1 32
222 3 1 33
223 3 1 34
224 3 1 35
225 3 1 36
226 3 1 37
227 3 1 38
228 3 1 39
229 3 1 40
230 3 1 41
231 3 1 42
232 3 1 43
233 3 1 44
234 3 1 45
235 3 1 46
236 3 1 47
237 3 1 48
238 3 1 49
239 3 1 50
240 3 1 51
241 3 1 52
242 3 1 53
243 3 1 54
244 3 1 55
245 3 1 56
246 3 1 57
247 3 1 58
248 3 1 59
249 3 1 60
250 3 1 61
251 3 1 62
252 3 1 63
253 3 1 64
254 3 1 65
255 3 1 66
256 3 1 67
257 3 1 68
258 4 1 8
259 4 1 9
260 4 1 10
261 4 1 11
262 4 1 12
263 4 1 13
264 4 1 14
265 4 1 15
266 4 1 16
267 4 1 17
268 4 1 18
269 4 1 19
270 4 1 20
271 4 1 21
272 4 1 22
273 4 1 23
274 4 1 24
275 4 1 25
276 4 1 26
277 4 1 27
278 4 1 28
279 4 1 29
280 4 1 30
281 4 1 31
282 4 1 32
283 4 1 33
284 4 1 34
285 4 1 35
286 4 1 36
287 4 1 37
288 4 1 38
289 4 1 39
290 4 1 40
291 4 1 41
292 4 1 42
293 4 1 43
294 4 1 44
295 4 1 45
296 4 1 46
297 4 1 47
298 4 1 48
299 4 1 49
300 4 1 50
301 4 1 51
302 4 1 52
303 4 1 53
304 4 1 54
305 4 1 55
306 4 1 56
307 4 1 57
308 4 1 58
309 4 1 59
310 4 1 60
311 4 1 61
312 4 1 62
313 4 1 63
314 4 1 64
315 4 1 65
316 4 1 66
317 4 1 67
318 4 1 68
319 4 1 69
320 5 1 10
321 5 1 11
322 5 1 12
323 5 1 13
324 5 1 14
325 5 1 15
326 5 1 16
327 5 1 17
328 5 1 18
329 5 1 19
330 5 1 20
331 5 1 21
332 5 1 22
333 5 1 23
334 5 1 24
335 5 1 25
336 5 1 26
337 5 1 27
338 5 1 28
339 5 1 29
340 5 1 30
341 5 1 31
342 5 1 32
343 5 1 33
344 5 1 34
345 5 1 35
346 5 1 36
347 5 1 37
348 5 1 38
349 5 1 39
350 5 1 40
351 5 1 41
352 5 1 42
353 5 1 43
354 5 1 44
355 5 1 45
356 5 1 46
357 5 1 47
358 5 1 48
359 5 1 49
360 5 1 50
361 5 1 51
362 5 1 52
363 5 1 53
364 5 1 54
365 5 1 55
366 5 1 56
367 5 1 57
368 5 1 58
369 5 1 59
370 5 1 60
371 5 1 61
372 5 1 62
373 5 1 63
374 5 1 64
375 5 1 65
376 5 1 66
377 5 1 67
378 5 1 68
379 5 1 69
380 5 1 70
381 6 1 12
382 6 1 13
383 6 1 14
384 6 1 15
385 6 1 16
386 6 1 17
387 6 1 18
388 6 1 19
389 6 1 20
390 6 1 21
391 6 1 22
392 6 1 23
393 6 1 24
394 6 1 25
395 6 1 26
396 6 1 27
397 6 1 28
398 6 1 29
399 6 1 30
400 6 1 31
401 6 1 32
402 6 1 33
403 6 1 34
404 6 1 35
405 6 1 36
406 6 1 37
407 6 1 38
408 6 1 39
409 6 1 40
410 6 1 41
411 6 1 42
412 6 1 43
413 6 1 44
414 6 1 45
415 6 1 46
416 6 1 47
417 6 1 48
418 6 1 49
419 6 1 50
420 6 1 51
421 6 1 52
422 6 1 53
423 6 1 54
424 6 1 55
425 6 1 56
426 6 1 57
427 6 1 58
428 6 1 59
429 6 1 60
430 6 1 61
431 6 1 62
432 6 1 63
433 6 1 64
434 6 1 65
435 6 1 66
436 6 1 67
437 6 1 68
438 6 1 69
439 6 1 70
440 6 1 71
441 7 1 14
442 7 1 15
443 7 1 16
444 7 1 17
445 7 1 18
446 7 1 19
447 7 1 20
448 7 1 21
449 7 1 22
450 7 1 23
451 7 1 24
452 7 1 25
453 7 1 26
454 7 1 27
455 7 1 28
456 7 1 29
457 7 1 30
458 7 1 31
459 7 1 32
460 7 1 33
461 7 1 34
462 7 1 35
463 7 1 36
464 7 1 37
465 7 1 38
466 7 1 39
467 7 1 40
468 7 1 41
469 7 1 42
470 7 1 43
471 7 1 44
472 7 1 45
473 7 1 46
474 7 1 47
475 7 1 48
476 7 1 49
477 7 1 50
478 7 1 51
479 7 1 52
480 7 1 53
481 7 1 54
482 7 1 55
483 7 1 56
484 7 1 57
485 7 1 58
486 7 1 59
487 7 1 60
488 7 1 61
489 7 1 62
490 7 1 63
491 7 1 64
492 7 1 65
493 7 1 66
494 7 1 67
495 7 1 68
496 7 1 69
497 7 1 70
498 7 1 71
499 7 1 72
500 8 1 16
501 8 1 17
502 8 1 18
503 8 1 19
504 8 1 20
505 8 1 21
506 8 1 22
507 8 1 23
508 8 1 24
509 8 1 25
510 8 1 26
511 8 1 27
512 8 1 28
513 8 1 29
514 8 1 30
515 8 1 31
516 8 1 32
517 8 1 33
518 8 1 34
519 8 1 35
520 8 1 36
521 8 1 37
522 8 1 38
523 8 1 39
524 8 1 40
525 8 1 41
526 8 1 42
527 8 1 43
528 8 1 44
529 8 1 45
530 8 1 46
531 8 1 47
532 8 1 48
533 8 1 49
534 8 1 50
535 8 1 51
536 8 1 52
537 8 1 53
538 8 1 54
539 8 1 55
540 8 1 56
541 8 1 57
542 8 1 58
543 8 1 59
544 8 1 60
545 8 1 61
546 8 1 62
547 8 1 63
548 8 1 64
549 8 1 65
550 8 1 66
551 8 1 67
552 8 1 68
553 8 1 69
554 8 1 70
555 8 1 71
556 8 1 72
557 8 1 73
558 9 1 18
559 9 1 19
560 9 1 20
561 9 1 21
562 9 1 22
563 9 1 23
564 9 1 24
565 9 1 25
566 9 1 26
567 9 1 27
568 9 1 28
569 9 1 29
570 9 1 30
571 9 1 31
572 9 1 32
573 9 1 33
574 9 1 34
575 9 1 35
576 9 1 36
577 9 1 37
578 9 1 38
579 9 1 39
580 9 1 40
581 9 1 41
582 9 1 42
583 9 1 43
584 9 1 44
585 9 1 45
586 9 1 46
587 9 1 47
588 9 1 48
589 9 1 49
590 9 1 50
591 9 1 51
592 9 1 52
593 9 1 53
594 9 1 54
595 9 1 55
596 9 1 56
597 9 1 57
598 9 1 58
599 9 1 59
600 9 1 60
601 9 1 61
602 9 1 62
603 9 1 63
604 9 1 64
605 9 1 65
606 9 1 66
607 9 1 67
608 9 1 68
609 9 1 69
610 9 1 70
611 9 1 71
612 9 1 72
613 9 1 73
614 9 1 74
615 10 1 20
616 10 1 21
617 10 1 22
618 10 1 23
619 10 1 24
620 10 1 25
621 10 1 26
622 10 1 27
623 10 1 28
624 10 1 29
625 10 1 30
626 10 1 31
627 10 1 32
628 10 1 33
629 10 1 34
630 10 1 35
631 10 1 36
632 10 1 37
633 10 1 38
634 10 1 39
635 10 1 40
636 10 1 41
637 10 1 42
638 10 1 43
639 10 1 44
640 10 1 45
641 10 1 46
642 10 1 47
643 10 1 48
644 10 1 49
645 10 1 50
646 10 1 51
647 10 1 52
648 10 1 53
649 10 1 54
650 10 1 55
651 10 1 56
652 10 1 57
653 10 1 58
654 10 1 59
655 10 1 60
656 10 1 61
657 10 1 62
658 10 1 63
659 10 1 64
660 10 1 65
661 10 1 66
662 10 1 67
663 10 1 68
664 10 1 69
665 10 1 70
666 10 1 71
667 10 1 72
668 10 1 73
669 10 1 74
670 10 1 75
671 11 1 22
672 11 1 23
673 11 1 24
674 11 1 25
675 11 1 26
676 11 1 27
677 11 1 28
678 11 1 29
679 11 1 30
680 11 1 31
681 11 1 32
682 11 1 33
683 11 1 34
684 11 1 35
685 11 1 36
686 11 1 37
687 11 1 38
688 11 1 39
689 11 1 40
690 11 1 41
691 11 1 42
692 11 1 43
693 11 1 44
694 11 1 45
695 11 1 46
696 11 1 47
697 11 1 48
698 11 1 49
699 11 1 50
700 11 1 51
701 11 1 52
702 11 1 53
703 11 1 54
704 11 1 55
705 11 1 56
706 11 1 57
707 11 1 58
708 11 1 59
709 11 1 60
710 11 1 61
711 11 1 62
712 11 1 63
713 11 1 64
714 11 1 65
715 11 1 66
716 11 1 67
717 11 1 68
718 11 1 69
719 11 1 70
720 11 1 71
721 11 1 72
722 11 1 73
723 11 1 74
724 11 1 75
725 11 1 76
726 12 1 24
727 12 1 25
728 12 1 26
729 12 1 27
730 12 1 28
731 12 1 29
732 12 1 30
733 12 1 31
734 12 1 32
735 12 1 33
736 12 1 34
737 12 1 35
738 12 1 36
739 12 1 37
740 12 1 38
741 12 1 39
742 12 1 40
743 12 1 41
744 12 1 42
745 12 1 43
746 12 1 44
747 12 1 45
748 12 1 46
749 12 1 47
750 12 1 48
751 12 1 49
752 12 1 50
753 12 1 51
754 12 1 52
755 12 1 53
756 12 1 54
757 12 1 55
758 12 1 56
759 12 1 57
760 12 1 58
761 12 1 59
762 12 1 60
763 12 1 61
764 12 1 62
765 12 1 63
766 12 1 64
767 12 1 65
768 12 1 66
769 12 1 67
770 12 1 68
771 12 1 69
772 12 1 70
773 12 1 71
774 12 1 72
775 12 1 73
776 12 1 74
777 12 1 75
778 12 1 76
779 12 1 77
780 13 1 26
781 13 1 27
782 13 1 28
783 13 1 29
784 13 1 30
785 13 1 31
786 13 1 32
787 13 1 33
788 13 1 34
789 13 1 35
790 13 1 36
791 13 1 37
792 13 1 38
793 13 1 39
794 13 1 40
795 13 1 41
796 13 1 42
797 13 1 43
798 13 1 44
799 13 1 45
800 13 1 46
801 13 1 47
802 13 1 48
803 13 1 49
804 13 1 50
805 13 1 51
806 13 1 52
807 13 1 53
808 13 1 54
809 13 1 55
810 13 1 56
811 13 1 57
812 13 1 58
813 13 1 59
814 13 1 60
815 13 1 61
816 13 1 62
817 13 1 63
818 13 1 64
819 13 1 65
820 13 1 66
821 13 1 67
822 13 1 68
823 13 1 69
824 13 1 70
825 13 1 71
826 13 1 72
827 13 1 73
828 13 1 74
829 13 1 75
830 13 1 76
831 13 1 77
832 13 1 78
833 14 1 28
834 14 1 29
835 14 1 30
836 14 1 31
837 14 1 32
838 14 1 33
839 14 1 34
840 14 1 35
841 14 1 36
842 14 1 37
843 14 1 38
844 14 1 39
845 14 1 40
846 14 1 41
847 14 1 42
848 14 1 43
849 14 1 44
850 14 1 45
851 14 1 46
852 14 1 47
853 14 1 48
854 14 1 49
855 14 1 50
856 14 1 51
857 14 1 52
858 14 1 53
859 14 1 54
860 14 1 55
861 14 1 56
862 14 1 57
863 14 1 58
864 14 1 59
865 14 1 60
866 14 1 61
867 14 1 62
868 14 1 63
869 14 1 64
870 14 1 65
871 14 1 66
872 14 1 67
873 14 1 68
874 14 1 69
875 14 1 70
876 14 1 71
877 14 1 72
878 14 1 73
879 14 1 74
880 14 1 75
881 14 1 76
882 14 1 77
883 14 1 78
884 14 1 79
885 15 1 30
886 15 1 31
887 15 1 32
888 15 1 33
889 15 1 34
890 15 1 35
891 15 1 36
892 15 1 37
893 15 1 38
894 15 1 39
895 15 1 40
896 15 1 41
897 15 1 42
898 15 1 43
899 15 1 44
900 15 1 45
901 15 1 46
902 15 1 47
903 15 1 48
904 15 1 49
905 15 1 50
906 15 1 51
907 15 1 52
908 15 1 53
909 15 1 54
910 15 1 55
911 15 1 56
912 15 1 57
913 15 1 58
914 15 1 59
915 15 1 60
916 15 1 61
917 15 1 62
918 15 1 63
919 15 1 64
920 15 1 65
921 15 1 66
922 15 1 67
923 15 1 68
924 15 1 69
925 15 1 70
926 15 1 71
927 15 1 72
928 15 1 73
929 15 1 74
930 15 1 75
931 15 1 76
932 15 1 77
933 15 1 78
934 15 1 79
935 15 1 80
936 16 1 32
937 16 1 33
938 16 1 34
939 16 1 35
940 16 1 36
941 16 1 37
942 16 1 38
943 16 1 39
944 16 1 40
945 16 1 41
946 16 1 42
947 16 1 43
948 16 1 44
949 16 1 45
950 16 1 46
951 16 1 47
952 16 1 48
953 16 1 49
954 16 1 50
955 16 1 51
956 16 1 52
957 16 1 53
958 16 1 54
959 16 1 55
960 16 1 56
961 16 1 57
962 16 1 58
963 16 1 59
964 16 1 60
965 16 1 61
966 16 1 62
967 16 1 63
968 16 1 64
969 16 1 65
970 16 1 66
971 16 1 67
972 16 1 68
973 16 1 69
974 16 1 70
975 16 1 71
976 16 1 72
977 16 1 73
978 16 1 74
979 16 1 75
980 16 1 76
981 16 1 77
982 16 1 78
983 16 1 79
984 16 1 80
985 16 1 81
986 17 1 34
987 17 1 35
988 17 1 36
989 17 1 37
990 17 1 38
991 17 1 39
992 17 1 40
993 17 1 41
994 17 1 42
995 17 1 43
996 17 1 44
997 17 1 45
998 17 1 46
999 17 1 47
1000 17 1 48
1001 17 1 49
1002 17 1 50
1003 17 1 51
1004 17 1 52
1005 17 1 53
1006 17 1 54
1007 17 1 55
1008 17 1 56
1009 17 1 57
1010 17 1 58
1011 17 1 59
1012 17 1 60
1013 17 1 61
1014 17 1 62
1015 17 1 63
1016 17 1 64
1017 17 1 65
1018 17 1 66
1019 17 1 67
1020 17 1 68
1021 17 1 69
1022 17 1 70
1023 17 1 71
1024 17 1 72
1025 17 1 73
1026 17 1 74
1027 17 1 75
1028 17 1 76
1029 17 1 77
1030 17 1 78
1031 17 1 79
1032 17 1 80
1033 17 1 81
1034 17 1 82
1035 18 1 36
1036 18 1 37
1037 18 1 38
1038 18 1 39
1039 18 1 40
1040 18 1 41
1041 18 1 42
1042 18 1 43
1043 18 1 44
1044 18 1 45
1045 18 1 46
1046 18 1 47
1047 18 1 48
1048 18 1 49
1049 18 1 50
1050 18 1 51
1051 18 1 52
1052 18 1 53
1053 18 1 54
1054 18 1 55
1055 18 1 56
1056 18 1 57
1057 18 1 58
1058 18 1 59
1059 18 1 60
1060 18 1 61
1061 18 1 62
1062 18 1 63
1063 18 1 64
1064 18 1 65
1065 18 1 66
1066 18 1 67
1067 18 1 68
1068 18 1 69
1069 18 1 70
1070 18 1 71
1071 18 1 72
1072 18 1 73
1073 18 1 74
1074 18 1 75
1075 18 1 76
1076 18 1 77
1077 18 1 78
1078 18 1 79
1079 18 1 80
1080 18 1 81
1081 18 1 82
1082 18 1 83
1083 19 1 38
1084 19 1 39
1085 19 1 40
1086 19 1 41
1087 19 1 42
1088 19 1 43
1089 19 1 44
1090 19 1 45
1091 19 1 46
1092 19 1 47
1093 19 1 48
1094 19 1 49
1095 19 1 50
1096 19 1 51
1097 19 1 52
1098 19 1 53
1099 19 1 54
1100 19 1 55
1101 19 1 56
1102 19 1 57
1103 19 1 58
1104 19 1 59
1105 19 1 60
1106 19 1 61
1107 19 1 62
1108 19 1 63
1109 19 1 64
1110 19 1 65
1111 19 1 66
1112 19 1 67
1113 19 1 68
1114 19 1 69
1115 19 1 70
1116 19 1 71
1117 19 1 72
1118 19 1 73
1119 19 1 74
1120 19 1 75
1121 19 1 76
1122 19 1 77
1123 19 1 78
1124 19 1 79
1125 19 1 80
1126 19 1 81
1127 19 1 82
1128 19 1 83
1129 19 1 84
1130 20 1 40
1131 20 1 41
1132 20 1 42
1133 20 1 43
1134 20 1 44
1135 20 1 45
1136 20 1 46
1137 20 1 47
1138 20 1 48
1139 20 1 49
1140 20 1 50
1141 20 1 51
1142 20 1 52
1143 20 1 53
1144 20 1 54
1145 20 1 55
1146 20 1 56
1147 20 1 57
1148 20 1 58
1149 20 1 59
1150 20 1 60
1151 20 1 61
1152 20 1 62
1153 20 1 63
1154 20 1 64
1155 20 1 65
1156 20 1 66
1157 20 1 67
1158 20 1 68
1159 20 1 69
1160 20 1 70
1161 20 1 71
1162 20 1 72
1163 20 1 73
1164 20 1 74
1165 20 1 75
1166 20 1 76
1167 20 1 77
1168 20 1 78
1169 20 1 79
1170 20 1 80
1171 20 1 81
1172 20 1 82
1173 20 1 83
1174 20 1 84
1175 20 1 85
1176 21 1 42
1177 21 1 43
1178 21 1 44
1179 21 1 45
1180 21 1 46
1181 21 1 47
1182 21 1 48
1183 21 1 49
1184 21 1 50
1185 21 1 51
1186 21 1 52
1187 21 1 53
1188 21 1 54
1189 21 1 55
1190 21 1 56
1191 21 1 57
1192 21 1 58
1193 21 1 59
1194 21 1 60
1195 21 1 61
1196 21 1 62
1197 21 1 63
1198 21 1 64
1199 21 1 65
1200 21 1 66
1201 21 1 67
1202 21 1 68
1203 21 1 69
1204 21 1 70
1205 21 1 71
1206 21 1 72
1207 21 1 73
1208 21 1 74
1209 21 1 75
1210 21 1 76
1211 21 1 77
1212 21 1 78
1213 21 1 79
1214 21 1 80
1215 21 1 81
1216 21 1 82
1217 21 1 83
1218 21 1 84
1219 21 1 85
1220 21 1 86
1221 22 1 44
1222 22 1 45
1223 22 1 46
1224 22 1 47
1225 22 1 48
1226 22 1 49
1227 22 1 50
1228 22 1 51
1229 22 1 52
1230 22 1 53
1231 22 1 54
1232 22 1 55
1233 22 1 56
1234 22 1 57
1235 22 1 58
1236 22 1 59
1237 22 1 60
1238 22 1 61
1239 22 1 62
1240 22 1 63
1241 22 1 64
1242 22 1 65
1243 22 1 66
1244 22 1 67
1245 22 1 68
1246 22 1 69
1247 22 1 70
1248 22 1 71
1249 22 1 72
1250 22 1 73
1251 22 1 74
1252 22 1 75
1253 22 1 76
1254 22 1 77
1255 22 1 78
1256 22 1 79
1257 22 1 80
1258 22 1 81
1259 22 1 82
1260 22 1 83
1261 22 1 84
1262 22 1 85
1263 22 1 86
1264 22 1 87
1265 23 1 46
1266 23 1 47
1267 23 1 48
1268 23 1 49
1269 23 1 50
1270 23 1 51
1271 23 1 52
1272 23 1 53
1273 23 1 54
1274 23 1 55
1275 23 1 56
1276 23 1 57
1277 23 1 58
1278 23 1 59
1279 23 1 60
1280 23 1 61
1281 23 1 62
1282 23 1 63
1283 23 1 64
1284 23 1 65
1285 23 1 66
1286 23 1 67
1287 23 1 68
1288 23 1 69
1289 23 1 70
1290 23 1 71
1291 23 1 72
1292 23 1 73
1293 23 1 74
1294 23 1 75
1295 23 1 76
1296 23 1 77
1297 23 1 78
1298 23 1 79
1299 23 1 80
1300 23 1 81
1301 23 1 82
1302 23 1 83
1303 23 1 84
1304 23 1 85
1305 23 1 86
1306 23 1 87
1307 23 1 88
1308 24 1 48
1309 24 1 49
1310 24 1 50
1311 24 1 51
1312 24 1 52
1313 24 1 53
1314 24 1 54
1315 24 1 55
1316 24 1 56
1317 24 1 57
1318 24 1 58
1319 24 1 59
1320 24 1 60
1321 24 1 61
1322 24 1 62
1323 24 1 63
1324 24 1 64
1325 24 1 65
1326 24 1 66
1327 24 1 67
1328 24 1 68
1329 24 1 69
1330 24 1 70
1331 24 1 71
1332 24 1 72
1333 24 1 73
1334 24 1 74
1335 24 1 75
1336 24 1 76
1337 24 1 77
1338 24 1 78
1339 24 1 79
1340 24 1 80
1341 24 1 81
1342 24 1 82
1343 24 1 83
1344 24 1 84
1345 24 1 85
1346 24 1 86
1347 24 1 87
1348 24 1 88
1349 24 1 89
1350 25 1 50
1351 25 1 51
1352 25 1 52
1353 25 1 53
1354 25 1 54
1355 25 1 55
1356 25 1 56
1357 25 1 57
1358 25 1 58
1359 25 1 59
1360 25 1 60
1361 25 1 61
1362 25 1 62
1363 25 1 63
1364 25 1 64
1365 25 1 65
1366 25 1 66
1367 25 1 67
1368 25 1 68
1369 25 1 69
1370 25 1 70
1371 25 1 71
1372 25 1 72
1373 25 1 73
1374 25 1 74
1375 25 1 75
1376 25 1 76
1377 25 1 77
1378 25 1 78
1379 25 1 79
1380 25 1 80
1381 25 1 81
1382 25 1 82
1383 25 1 83
1384 25 1 84
1385 25 1 85
1386 25 1 86
1387 25 1 87
1388 25 1 88
1389 25 1 89
1390 25 1 90
1391 26 1 52
1392 26 1 53
1393 26 1 54
1394 26 1 55
1395 26 1 56
1396 26 1 57
1397 26 1 58
1398 26 1 59
1399 26 1 60
1400 26 1 61
1401 26 1 62
1402 26 1 63
1403 26 1 64
1404 26 1 65
1405 26 1 66
1406 26 1 67
1407 26 1 68
1408 26 1 69
1409 26 1 70
1410 26 1 71
1411 26 1 72
1412 26 1 73
1413 26 1 74
1414 26 1 75
1415 26 1 76
1416 26 1 77
1417 26 1 78
1418 26 1 79
1419 26 1 80
1420 26 1 81
1421 26 1 82
1422 26 1 83
1423 26 1 84
1424 26 1 85
1425 26 1 86
1426 26 1 87
1427 26 1 88
1428 26 1 89
1429 26 1 90
1430 26 1 91
1431 27 1 54
1432 27 1 55
1433 27 1 56
1434 27 1 57
1435 27 1 58
1436 27 1 59
1437 27 1 60
1438 27 1 61
1439 27 1 62
1440 27 1 63
1441 27 1 64
1442 27 1 65
1443 27 1 66
1444 27 1 67
1445 27 1 68
1446 27 1 69
1447 27 1 70
1448 27 1 71
1449 27 1 72
1450 27 1 73
1451 27 1 74
1452 27 1 75
1453 27 1 76
1454 27 1 77
1455 27 1 78
1456 27 1 79
1457 27 1 80
1458 27 1 81
1459 27 1 82
1460 27 1 83
1461 27 1 84
1462 27 1 85
1463 27 1 86
1464 27 1 87
1465 27 1 88
1466 27 1 89
1467 27 1 90
1468 27 1 91
1469 27 1 92
1470 28 1 56
1471 28 1 57
1472 28 1 58
1473 28 1 59
1474 28 1 60
1475 28 1 61
1476 28 1 62
1477 28 1 63
1478 28 1 64
1479 28 1 65
1480 28 1 66
1481 28 1 67
1482 28 1 68
1483 28 1 69
1484 28 1 70
1485 28 1 71
1486 28 1 72
1487 28 1 73
1488 28 1 74
1489 28 1 75
1490 28 1 76
1491 28 1 77
1492 28 1 78
1493 28 1 79
1494 28 1 80
1495 28 1 81
1496 28 1 82
1497 28 1 83
1498 28 1 84
1499 28 1 85
1500 28 1 86
1501 28 1 87
1502 28 1 88
1503 28 1 89
1504 28 1 90
1505 28 1 91
1506 28 1 92
1507 28 1 93
1508 29 1 58
1509 29 1 59
1510 29 1 60
1511 29 1 61
1512 29 1 62
1513 29 1 63
1514 29 1 64
1515 29 1 65
1516 29 1 66
1517 29 1 67
1518 29 1 68
1519 29 1 69
1520 29 1 70
1521 29 1 71
1522 29 1 72
1523 29 1 73
1524 29 1 74
1525 29 1 75
1526 29 1 76
1527 29 1 77
1528 29 1 78
1529 29 1 79
1530 29 1 80
1531 29 1 81
1532 29 1 82
1533 29 1 83
1534 29 1 84
1535 29 1 85
1536 29 1 86
1537 29 1 87
1538 29 1 88
1539 29 1 89
1540 29 1 90
1541 29 1 91
1542 29 1 92
1543 29 1 93
1544 29 1 94
1545 30 1 60
1546 30 1 61
1547 30 1 62
1548 30 1 63
1549 30 1 64
1550 30 1 65
1551 30 1 66
1552 30 1 67
1553 30 1 68
1554 30 1 69
1555 30 1 70
1556 30 1 71
1557 30 1 72
1558 30 1 73
1559 30 1 74
1560 30 1 75
1561 30 1 76
1562 30 1 77
1563 30 1 78
1564 30 1 79
1565 30 1 80
1566 30 1 81
1567 30 1 82
1568 30 1 83
1569 30 1 84
1570 30 1 85
1571 30 1 86
1572 30 1 87
1573 30 1 88
1574 30 1 89
1575 30 1 90
1576 30 1 91
1577 30 1 92
1578 30 1 93
1579 30 1 94
1580 30 1 95
1581 31 1 62
1582 31 1 63
1583 31 1 64
1584 31 1 65
1585 31 1 66
1586 31 1 67
1587 31 1 68
1588 31 1 69
1589 31 1 70
1590 31 1 71
1591 31 1 72
1592 31 1 73
1593 31 1 74
1594 31 1 75
1595 31 1 76
1596 31 1 77
1597 31 1 78
1598 31 1 79
1599 31 1 80
1600 31 1 81
1601 31 1 82
1602 31 1 83
1603 31 1 84
1604 31 1 85
1605 31 1 86
1606 31 1 87
1607 31 1 88
1608 31 1 89
1609 31 1 90
1610 31 1 91
1611 31 1 92
1612 31 1 93
1613 31 1 94
1614 31 1 95
1615 31 1 96
1616 32 1 64
1617 32 1 65
1618 32 1 66
1619 32 1 67
1620 32 1 68
1621 32 1 69
1622 32 1 70
1623 32 1 71
1624 32 1 72
1625 32 1 73
1626 32 1 74
1627 32 1 75
1628 32 1 76
1629 32 1 77
1630 32 1 78
1631 32 1 79
1632 32 1 80
1633 32 1 81
1634 32 1 82
1635 32 1 83
1636 32 1 84
1637 32 1 85
1638 32 1 86
1639 32 1 87
1640 32 1 88
1641 32 1 89
1642 32 1 90
1643 32 1 91
1644 32 1 92
1645 32 1 93
1646 32 1 94
1647 32 1 95
1648 32 1 96
1649 32 1 97
1650 33 1 66
1651 33 1 67
1652 33 1 68
1653 33 1 69
1654 33 1 70
1655 33 1 71
1656 33 1 72
1657 33 1 73
1658 33 1 74
1659 33 1 75
1660 33 1 76
1661 33 1 77
1662 33 1 78
1663 33 1 79
1664 33 1 80
1665 33 1 81
1666 33 1 82
1667 33 1 83
1668 33 1 84
1669 33 1 85
1670 33 1 86
1671 33 1 87
1672 33 1 88
1673 33 1 89
1674 33 1 90
1675 33 1 91
1676 33 1 92
1677 33 1 93
1678 33 1 94
1679 33 1 95
1680 33 1 96
1681 33 1 97
1682 33 1 98
1683 34 1 68
1684 34 1 69
1685 34 1 70
1686 34 1 71
1687 34 1 72
1688 34 1 73
1689 34 1 74
1690 34 1 75
1691 34 1 76
1692 34 1 77
1693 34 1 78
1694 34 1 79
1695 34 1 80
1696 34 1 81
1697 34 1 82
1698 34 1 83
1699 34 1 84
1700 34 1 85
1701 34 1 86
1702 34 1 87
1703 34 1 88
1704 34 1 89
1705 34 1 90
1706 34 1 91
1707 34 1 92
1708 34 1 93
1709 34 1 94
1710 34 1 95
1711 34 1 96
1712 34 1 97
1713 34 1 98
1714 34 1 99
1715 35 1 70
1716 35 1 71
1717 35 1 72
1718 35 1 73
1719 35 1 74
1720 35 1 75
1721 35 1 76
1722 35 1 77
1723 35 1 78
1724 35 1 79
1725 35 1 80
1726 35 1 81
1727 35 1 82
1728 35 1 83
1729 35 1 84
1730 35 1 85
1731 35 1 86
1732 35 1 87
1733 35 1 88
1734 35 1 89
1735 35 1 90
1736 35 1 91
1737 35 1 92
1738 35 1 93
1739 35 1 94
1740 35 1 95
1741 35 1 96
1742 35 1 97
1743 35 1 98
1744 35 1 99
1745 35 1 100
1746 36 1 72
1747 36 1 73
1748 36 1 74
1749 36 1 75
1750 36 1 76
1751 36 1 77
1752 36 1 78
1753 36 1 79
1754 36 1 80
1755 36 1 81
1756 36 1 82
1757 36 1 83
1758 36 1 84
1759 36 1 85
1760 36 1 86
1761 36 1 87
1762 36 1 88
1763 36 1 89
1764 36 1 90
1765 36 1 91
1766 36 1 92
1767 36 1 93
1768 36 1 94
1769 36 1 95
1770 36 1 96
1771 36 1 97
1772 36 1 98
1773 36 1 99
1774 36 1 100
1775 36 1 101
1776 37 1 74
1777 37 1 75
1778 37 1 76
1779 37 1 77
1780 37 1 78
1781 37 1 79
1782 37 1 80
1783 37 1 81
1784 37 1 82
1785 37 1 83
1786 37 1 84
1787 37 1 85
1788 37 1 86
1789 37 1 87
1790 37 1 88
1791 37 1 89
1792 37 1 90
1793 37 1 91
1794 37 1 92
1795 37 1 93
1796 37 1 94
1797 37 1 95
1798 37 1 96
1799 37 1 97
1800 37 1 98
1801 37 1 99
1802 37 1 100
1803 37 1 101
1804 37 1 102
1805 38 1 76
1806 38 1 77
1807 38 1 78
1808 38 1 79
1809 38 1 80
1810 38 1 81
1811 38 1 82
1812 38 1 83
1813 38 1 84
1814 38 1 85
1815 38 1 86
1816 38 1 87
1817 38 1 88
1818 38 1 89
1819 38 1 90
1820 38 1 91
1821 38 1 92
1822 38 1 93
1823 38 1 94
1824 38 1 95
1825 38 1 96
1826 38 1 97
1827 38 1 98
1828 38 1 99
1829 38 1 100
1830 38 1 101
1831 38 1 102
1832 38 1 103
1833 39 1 78
1834 39 1 79
1835 39 1 80
1836 39 1 81
1837 39 1 82
1838 39 1 83
1839 39 1 84
1840 39 1 85
1841 39 1 86
1842 39 1 87
1843 39 1 88
1844 39 1 89
1845 39 1 90
1846 39 1 91
1847 39 1 92
1848 39 1 93
1849 39 1 94
1850 39 1 95
1851 39 1 96
1852 39 1 97
1853 39 1 98
1854 39 1 99
1855 39 1 100
1856 39 1 101
1857 39 1 102
1858 39 1 103
1859 39 1 104
1860 40 1 80
1861 40 1 81
1862 40 1 82
1863 40 1 83
1864 40 1 84
1865 40 1 85
1866 40 1 86
1867 40 1 87
1868 40 1 88
1869 40 1 89
1870 40 1 90
1871 40 1 91
1872 40 1 92
1873 40 1 93
1874 40 1 94
1875 40 1 95
1876 40 1 96
1877 40 1 97
1878 40 1 98
1879 40 1 99
1880 40 1 100
1881 40 1 101
1882 40 1 102
1883 40 1 103
1884 40 1 104
1885 40 1 105
1886 41 1 82
1887 41 1 83
1888 41 1 84
1889 41 1 85
1890 41 1 86
1891 41 1 87
1892 41 1 88
1893 41 1 89
1894 41 1 90
1895 41 1 91
1896 41 1 92
1897 41 1 93
1898 41 1 94
1899 41 1 95
1900 41 1 96
1901 41 1 97
1902 41 1 98
1903 41 1 99
1904 41 1 100
1905 41 1 101
1906 41 1 102
1907 41 1 103
1908 41 1 104
1909 41 1 105
1910 41 1 106
1911 42 1 84
1912 42 1 85
1913 42 1 86
1914 42 1 87
1915 42 1 88
1916 42 1 89
1917 42 1 90
1918 42 1 91
1919 42 1 92
1920 42 1 93
1921 42 1 94
1922 42 1 95
1923 42 1 96
1924 42 1 97
1925 42 1 98
1926 42 1 99
1927 42 1 100
1928 42 1 101
1929 42 1 102
1930 42 1 103
1931 42 1 104
1932 42 1 105
1933 42 1 106
1934 42 1 107
1935 43 1 86
1936 43 1 87
1937 43 1 88
1938 43 1 89
1939 43 1 90
1940 43 1 91
1941 43 1 92
1942 43 1 93
1943 43 1 94
1944 43 1 95
1945 43 1 96
1946 43 1 97
1947 43 1 98
1948 43 1 99
1949 43 1 100
1950 43 1 101
1951 43 1 102
1952 43 1 103
1953 43 1 104
1954 43 1 105
1955 43 1 106
1956 43 1 107
1957 43 1 108
1958 44 1 88
1959 44 1 89
1960 44 1 90
1961 44 1 91
1962 44 1 92
1963 44 1 93
1964 44 1 94
1965 44 1 95
1966 44 1 96
1967 44 1 97
1968 44 1 98
1969 44 1 99
1970 44 1 100
1971 44 1 101
1972 44 1 102
1973 44 1 103
1974 44 1 104
1975 44 1 105
1976 44 1 106
1977 44 1 107
1978 44 1 108
1979 44 1 109
1980 45 1 90
1981 45 1 91
1982 45 1 92
1983 45 1 93
1984 45 1 94
1985 45 1 95
1986 45 1 96
1987 45 1 97
1988 45 1 98
1989 45 1 99
1990 45 1 100
1991 45 1 101
1992 45 1 102
1993 45 1 103
1994 45 1 104
1995 45 1 105
1996 45 1 106
1997 45 1 107
1998 45 1 108
1999 45 1 109
2000 45 1 110
2001 46 1 92
2002 46 1 93
2003 46 1 94
2004 46 1 95
2005 46 1 96
2006 46 1 97
2007 46 1 98
2008 46 1 99
2009 46 1 100
2010 46 1 101
2011 46 1 102
2012 46 1 103
2013 46 1 104
2014 46 1 105
2015 46 1 106
2016 46 1 107
2017 46 1 108
2018 46 1 109
2019 46 1 110
2020 46 1 111
2021 47 1 94
2022 47 1 95
2023 47 1 96
2024 47 1 97
2025 47 1 98
2026 47 1 99
2027 47 1 100
2028 47 1 101
2029 47 1 102
2030 47 1 103
2031 47 1 104
2032 47 1 105
2033 47 1 106
2034 47 1 107
2035 47 1 108
2036 47 1 109
2037 47 1 110
2038 47 1 111
2039 47 1 112
2040 48 1 96
2041 48 1 97
2042 48 1 98
2043 48 1 99
2044 48 1 100
2045 48 1 101
2046 48 1 102
2047 48 1 103
2048 48 1 104
2049 48 1 105
2050 48 1 106
2051 48 1 107
2052 48 1 108
2053 48 1 109
2054 48 1 110
2055 48 1 111
2056 48 1 112
2057 48 1 113
2058 49 1 98
2059 49 1 99
2060 49 1 100
2061 49 1 101
2062 49 1 102
2063 49 1 103
2064 49 1 104
2065 49 1 105
2066 49 1 106
2067 49 1 107
2068 49 1 108
2069 49 1 109
2070 49 1 110
2071 49 1 111
2072 49 1 112
2073 49 1 113
2074 49 1 114
2075 50 1 100
2076 50 1 101
2077 50 1 102
2078 50 1 103
2079 50 1 104
2080 50 1 105
2081 50 1 106
2082 50 1 107
2083 50 1 108
2084 50 1 109
2085 50 1 110
2086 50 1 111
2087 50 1 112
2088 50 1 113
2089 50 1 114
2090 50 1 115
2091 51 1 102
2092 51 1 103
2093 51 1 104
2094 51 1 105
2095 51 1 106
2096 51 1 107
2097 51 1 108
2098 51 1 109
2099 51 1 110
2100 51 1 111
2101 51 1 112
2102 51 1 113
2103 51 1 114
2104 51 1 115
2105 51 1 116
2106 52 1 104
2107 52 1 105
2108 52 1 106
2109 52 1 107
2110 52 1 108
2111 52 1 109
2112 52 1 110
2113 52 1 111
2114 52 1 112
2115 52 1 113
2116 52 1 114
2117 52 1 115
2118 52 1 116
2119 52 1 117
2120 53 1 106
2121 53 1 107
2122 53 1 108
2123 53 1 109
2124 53 1 110
2125 53 1 111
2126 53 1 112
2127 53 1 113
2128 53 1 114
2129 53 1 115
2130 53 1 116
2131 53 1 117
2132 53 1 118
2133 54 1 108
2134 54 1 109
2135 54 1 110
2136 54 1 111
2137 54 1 112
2138 54 1 113
2139 54 1 114
2140 54 1 115
2141 54 1 116
2142 54 1 117
2143 54 1 118
2144 54 1 119
2145 55 1 110
2146 55 1 111
2147 55 1 112
2148 55 1 113
2149 55 1 114
2150 55 1 115
2151 55 1 116
2152 55 1 117
2153 55 1 118
2154 55 1 119
2155 55 1 120
2156 56 1 112
2157 56 1 113
2158 56 1 114
2159 56 1 115
2160 56 1 116
2161 56 1 117
2162 56 1 118
2163 56 1 119
2164 56 1 120
2165 56 1 121
2166 57 1 114
2167 57 1 115
2168 57 1 116
2169 57 1 117
2170 57 1 118
2171 57 1 119
2172 57 1 120
2173 57 1 121
2174 57 1 122
2175 58 1 116
2176 58 1 117
2177 58 1 118
2178 58 1 119
2179 58 1 120
2180 58 1 121
2181 58 1 122
2182 58 1 123
2183 59 1 118
2184 59 1 119
2185 59 1 120
2186 59 1 121
2187 59 1 122
2188 59 1 123
2189 59 1 124
2190 60 1 120
2191 60 1 121
2192 60 1 122
2193 60 1 123
2194 60 1 124
2195 60 1 125
2196 61 1 122
2197 61 1 123
2198 61 1 124
2199 61 1 125
2200 61 1 126
2201 62 1 124
2202 62 1 125
2203 62 1 126
2204 62 1 127
2205 63 1 126
2206 63 1 127
2207 63 1 128
2208 64 1 128
2209 64 1 129
2210 65 1 130
2211 66 4 132
2212 65 2 131
2213 64 1 130
2214 63 129 129
2215 62 193 128
2216 61 225 127
2217 60 241 126
2218 59 249 125
2219 58 253 124
2220 57 255 123
2221 56 256 122
2222 55 128 121
2223 54 64 120
2224 53 32 119
2225 52 16 118
2226 51 8 117
2227 50 4 116
2228 49 2 115
2229 48 1 114
2230 47 129 113
2231 46 193 112
2232 45 225 111
2233 44 241 110
2234 43 249 109
2235 42 253 108
2236 41 255 107
2237 40 256 106
2238 39 128 105
2239 38 64 104
2240 37 32 103
2241 36 16 102
2242 35 8 101
2243 34 4 100
2244 33 2 99
2245 32 1 98
2246 31 129 97
2247 30 193 96
2248 29 225 95
2249 28 241 94
2250 27 249 93
2251 26 253 92
2252 25 255 91
2253 24 256 90
2254 23 128 89
2255 22 64 88
2256 21 32 87
2257 20 16 86
2258 19 8 85
2259 18 4 84
2260 17 2 83
2261 16 1 82
2262 15 129 81
2263 14 193 80
2264 13 225 79
2265 12 241 78
2266 11 249 77
2267 10 253 76
2268 9 255 75
2269 8 256 74
2270 7 128 73
2271 6 64 72
2272 5 32 71
2273 4 16 70
2274 3 8 69
2275 67 4 134
2276 66 2 133
2277 65 1 132
2278 64 129 131
2279 63 193 130
2280 62 225 129
2281 61 241 128
2282 60 249 127
2283 59 253 126
2284 58 255 125
2285 57 256 124
2286 56 128 123
2287 55 64 122
2288 54 32 121
2289 53 16 120
2290 52 8 119
2291 51 4 118
2292 50 2 117
2293 49 1 116
2294 48 129 115
2295 47 193 114
2296 46 225 113
2297 45 241 112
2298 44 249 111
2299 43 253 110
2300 42 255 109
2301 41 256 108
2302 40 128 107
2303 39 64 106
2304 38 32 105
2305 37 16 104
2306 36 8 103
2307 35 4 102
2308 34 2 101
2309 33 1 100
2310 32 129 99
2311 31 193 98
2312 30 225 97
2313 29 241 96
2314 28 249 95
2315 27 253 94
2316 26 255 93
2317 25 256 92
2318 24 128 91
2319 23 64 90
2320 22 32 89
2321 21 16 88
2322 20 8 87
2323 19 4 86
2324 18 2 85
2325 17 1 84
2326 16 129 83
2327 15 193 82
2328 14 225 81
2329 13 241 80
2330 12 249 79
2331 11 253 78
2332 10 255 77
2333 9 256 76
2334 8 128 75
2335 7 64 74
2336 6 32 73
2337 5 16 72
2338 68 4 136
2339 67 2 135
2340 66 1 134
2341 65 129 133
2342 64 193 132
2343 63 225 131
2344 62 241 130
2345 61 249 129
2346 60 253 128
2347 59 255 127
2348 58 256 126
2349 57 128 125
2350 56 64 124
2351 55 32 123
2352 54 16 122
2353 53 8 121
2354 52 4 120
2355 51 2 119
2356 50 1 118
2357 49 129 117
2358 48 193 116
2359 47 225 115
2360 46 241 114
2361 45 249 113
2362 44 253 112
2363 43 255 111
2364 42 256 110
2365 41 128 109
2366 40 64 108
2367 39 32 107
2368 38 16 106
2369 37 8 105
2370 36 4 104
2371 35 2 103
2372 34 1 102
2373 33 129 101
2374 32 193 100
2375 31 225 99
2376 30 241 98
2377 29 249 97
2378 28 253 96
2379 27 255 95
2380 26 256 94
2381 25 128 93
2382 24 64 92
2383 23 32 91
2384 22 16 90
2385 21 8 89
2386 20 4 88
2387 19 2 87
2388 18 1 86
2389 17 129 85
2390 16 193 84
2391 15 225 83
2392 14 241 82
2393 13 249 81
2394 12 253 80
2395 11 255 79
2396 10 256 78
2397 9 128 77
2398 8 64 76
2399 7 32 75
2400 69 4 138
2401 68 2 137
2402 67 1 136
2403 66 129 135
2404 65 193 134
2405 64 225 133
2406 63 241 132
2407 62 249 131
2408 61 253 130
2409 60 255 129
2410 59 256 128
2411 58 128 127
2412 57 64 126
2413 56 32 125
2414 55 16 124
2415 54 8 123
2416 53 4 122
2417 52 2 121
2418 51 1 120
2419 50 129 119
2420 49 193 118
2421 48 225 117
2422 47 241 116
2423 46 249 115
2424 45 253 114
2425 44 255 113
2426 43 256 112
2427 42 128 111
2428 41 64 110
2429 40 32 109
2430 39 16 108
2431 38 8 107
2432 37 4 106
2433 36 2 105
2434 35 1 104
2435 34 129 103
2436 33 193 102
2437 32 225 101
2438 31 241 100
2439 30 249 99
2440 29 253 98
2441 28 255 97
2442 27 256 96
2443 26 128 95
2444 25 64 94
2445 24 32 93
2446 23 16 92
2447 22 8 91
2448 21 4 90
2449 20 2 89
2450 19 1 88
2451 18 129 87
2452 17 193 86
2453 16 225 85
2454 15 241 84
2455 14 249 83
2456 13 253 82
2457 12 255 81
2458 11 256 80
2459 10 128 79
2460 9 64 78
2461 70 4 140
2462 69 2 139
2463 68 1 138
2464 67 129 137
2465 66 193 136
2466 65 225 135
2467 64 241 134
2468 63 249 133
2469 62 253 132
2470 61 255 131
2471 60 256 130
2472 59 128 129
2473 58 64 128
2474 57 32 127
2475 56 16 126
2476 55 8 125
2477 54 4 124
2478 53 2 123
2479 52 1 122
2480 51 129 121
2481 50 193 120
2482 49 225 119
2483 48 241 118
2484 47 249 117
2485 46 253 116
2486 45 255 115
2487 44 256 114
2488 43 128 113
2489 42 64 112
2490 41 32 111
2491 40 16 110
2492 39 8 109
2493 38 4 108
2494 37 2 107
2495 36 1 106
2496 35 129 105
2497 34 193 104
2498 33 225 103
2499 32 241 102
2500 31 249 101
2501 30 253 100
2502 29 255 99
2503 28 256 98
2504 27 128 97
2505 26 64 96
2506 25 32 95
2507 24 16 94
2508 23 8 93
2509 22 4 92
2510 21 2 91
2511 20 1 90
2512 19 129 89
2513 18 193 88
2514 17 225 87
2515 16 241 86
2516 15 249 85
2517 14 253 84
2518 13 255 83
2519 12 256 82
2520 11 128 81
2521 71 4 142
2522 70 2 141
2523 69 1 140
2524 68 129 139
2525 67 193 138
2526 66 225 137
2527 65 241 136
2528 64 249 135
2529 63 253 134
2530 62 255 133
2531 61 256 132
2532 60 128 131
2533 59 64 130
2534 58 32 129
2535 57 16 128
2536 56 8 127
2537 55 4 126
2538 54 2 125
2539 53 1 124
2540 52 129 123
2541 51 193 122
2542 50 225 121
2543 49 241 120
2544 48 249 119
2545 47 253 118
2546 46 255 117
2547 45 256 116
2548 44 128 115
2549 43 64 114
2550 42 32 113
2551 41 16 112
2552 40 8 111
2553 39 4 110
2554 38 2 109
2555 37 1 108
2556 36 129 107
2557 35 193 106
2558 34 225 105
2559 33 241 104
2560 32 249 103
2561 31 253 102
2562 30 255 101
2563 29 256 100
2564 28 128 99
2565 27 64 98
2566 26 32 97
2567 25 16 96
2568 24 8 95
2569 23 4 94
2570 22 2 93
2571 21 1 92
2572 20 129 91
2573 19 193 90
2574 18 225 89
2575 17 241 88
2576 16 249 87
2577 15 253 86
2578 14 255 85
2579 13 256 84
2580 72 4 144
2581 71 2 143
2582 70 1 142
2583 69 129 141
2584 68 193 140
2585 67 225 139
2586 66 241 138
2587 65 249 137
2588 64 253 136
2589 63 255 135
2590 62 256 134
2591 61 128 133
2592 60 64 132
2593 59 32 131
2594 58 16 130
2595 57 8 129
2596 56 4 128
2597 55 2 127
2598 54 1 126
2599 53 129 125
2600 52 193 124
2601 51 225 123
2602 50 241 122
2603 49 249 121
2604 48 253 120
2605 47 255 119
2606 46 256 118
2607 45 128 117
2608 44 64 116
2609 43 32 115
2610 42 16 114
2611 41 8 113
2612 40 4 112
2613 39 2 111
2614 38 1 110
2615 37 129 109
2616 36 193 108
2617 35 225 107
2618 34 241 106
2619 33 249 105
2620 32 253 104
2621 31 255 103
2622 30 256 102
2623 29 128 101
2624 28 64 100
2625 27 32 99
2626 26 16 98
2627 25 8 97
2628 24 4 96
2629 23 2 95
2630 22 1 94
2631 21 129 93
2632 20 193 92
2633 19 225 91
2634 18 241 90
2635 17 249 89
2636 16 253 88
2637 15 255 87
2638 73 4 146
2639 72 2 145
2640 71 1 144
2641 70 129 143
2642 69 193 142
2643 68 225 141
2644 67 241 140
2645 66 249 139
2646 65 253 138
2647 64 255 137
2648 63 256 136
2649 62 128 135
2650 61 64 134
2651 60 32 133
2652 59 16 132
2653 58 8 131
2654 57 4 130
2655 56 2 129
2656 55 1 128
2657 54 129 127
2658 53 193 126
2659 52 225 125
2660 51 241 124
2661 50 249 123
2662 49 253 122
2663 48 255 121
2664 47 256 120
2665 46 128 119
2666 45 64 118
2667 44 32 117
2668 43 16 116
2669 42 8 115
2670 41 4 114
2671 40 2 113
2672 39 1 112
2673 38 129 111
2674 37 193 110
2675 36 225 109
2676 35 241 108
2677 34 249 107
2678 33 253 106
2679 32 255 105
2680 31 256 104
2681 30 128 103
2682 29 64 102
2683 28 32 101
2684 27 16 100
2685 26 8 99
2686 25 4 98
2687 24 2 97
2688 23 1 96
2689 22 129 95
2690 21 193 94
2691 20 225 93
2692 19 241 92
2693 18 249 91
2694 17 253 90
2695 74 4 148
2696 73 2 147
2697 72 1 146
2698 71 129 145
2699 70 193 144
2700 69 225 143
2701 68 241 142
2702 67 249 141
2703 66 253 140
2704 65 255 139
2705 64 256 138
2706 63 128 137
2707 62 64 136
2708 61 32 135
2709 60 16 134
2710 59 8 133
2711 58 4 132
2712 57 2 131
2713 56 1 130
2714 55 129 129
2715 54 193 128
2716 53 225 127
2717 52 241 126
2718 51 249 125
2719 50 253 124
2720 49 255 123
2721 48 256 122
2722 47 128 121
2723 46 64 120
2724 45 32 119
2725 44 16 118
2726 43 8 117
2727 42 4 116
2728 41 2 115
2729 40 1 114
2730 39 129 113
2731 38 193 112
2732 37 225 111
2733 36 241 110
2734 35 249 109
2735 34 253 108
2736 33 255 107
2737 32 256 106
2738 31 128 105
2739 30 64 104
2740 29 32 103
2741 28 16 102
2742 27 8 101
2743 26 4 100
2744 25 2 99
2745 24 1 98
2746 23 129 97
2747 22 193 96
2748 21 225 95
2749 20 241 94
2750 19 249 93
2751 75 4 150
2752 74 2 149
2753 73 1 148
2754 72 129 147
2755 71 193 146
2756 70 225 145
2757 69 241 144
2758 68 249 143
2759 67 253 142
2760 66 255 141
2761 65 256 140
2762 64 128 139
2763 63 64 138
2764 62 32 137
2765 61 16 136
2766 60 8 135
2767 59 4 134
2768 58 2 133
2769 57 1 132
2770 56 129 131
2771 55 193 130
2772 54 225 129
2773 53 241 128
2774 52 249 127
2775 51 253 126
2776 50 255 125
2777 49 256 124
2778 48 128 123
2779 47 64 122
2780 46 32 121
2781 45 16 120
2782 44 8 119
2783 43 4 118
2784 42 2 117
2785 41 1 116
2786 40 129 115
2787 39 193 114
2788 38 225 113
2789 37 241 112
2790 36 249 111
2791 35 253 110
2792 34 255 109
2793 33 256 108
2794 32 128 107
2795 31 64 106
2796 30 32 105
2797 29 16 104
2798 28 8 103
2799 27 4 102
2800 26 2 101
2801 25 1 100
2802 24 129 99
2803 23 193 98
2804 22 225 97
2805 21 241 96
2806 76 4 152
2807 75 2 151
2808 74 1 150
2809 73 129 149
2810 72 193 148
2811 71 225 147
2812 70 241 146
2813 69 249 145
2814 68 253 144
2815 67 255 143
2816 66 256 142
2817 65 128 141
2818 64 64 140
2819 63 32 139
2820 62 16 138
2821 61 8 137
2822 60 4 136
2823 59 2 135
2824 58 1 134
2825 57 129 133
2826 56 193 132
2827 55 225 131
2828 54 241 130
2829 53 249 129
2830 52 253 128
2831 51 255 127
2832 50 256 126
2833 49 128 125
2834 48 64 124
2835 47 32 123
2836 46 16 122
2837 45 8 121
2838 44 4 120
2839 43 2 119
2840 42 1 118
2841 41 129 117
2842 40 193 116
2843 39 225 115
2844 38 241 114
2845 37 249 113
2846 36 253 112
2847 35 255 111
2848 34 256 110
2849 33 128 109
2850 32 64 108
2851 31 32 107
2852 30 16 106
2853 29 8 105
2854 28 4 104
2855 27 2 103
2856 26 1 102
2857 25 129 101
2858 24 193 100
2859 23 225 99
2860 77 4 154
2861 76 2 153
2862 75 1 152
2863 74 129 151
2864 73 193 150
2865 72 225 149
2866 71 241 148
2867 70 249 147
2868 69 253 146
2869 68 255 145
2870 67 256 144
2871 66 128 143
2872 65 64 142
2873 64 32 141
2874 63 16 140
2875 62 8 139
2876 61 4 138
2877 60 2 137
2878 59 1 136
2879 58 129 135
2880 57 193 134
2881 56 225 133
2882 55 241 132
2883 54 249 131
2884 53 253 130
2885 52 255 129
2886 51 256 128
2887 50 128 127
2888 49 64 126
2889 48 32 125
2890 47 16 124
2891 46 8 123
2892 45 4 122
2893 44 2 121
2894 43 1 120
2895 42 129 119
2896 41 193 118
2897 40 225 117
2898 39 241 116
2899 38 249 115
2900 37 253 114
2901 36 255 113
2902 35 256 112
2903 34 128 111
2904 33 64 110
2905 32 32 109
2906 31 16 108
2907 30 8 107
2908 29 4 106
2909 28 2 105
2910 27 1 104
2911 26 129 103
2912 25 193 102
2913 78 4 156
2914 77 2 155
2915 76 1 154
2916 75 129 153
2917 74 193 152
2918 73 225 151
2919 72 241 150
2920 71 249 149
2921 70 253 148
2922 69 255 147
2923 68 256 146
2924 67 128 145
2925 66 64 144
2926 65 32 143
2927 64 16 142
2928 63 8 141
2929 62 4 140
2930 61 2 139
2931 60 1 138
2932 59 129 137
2933 58 193 136
2934 57 225 135
2935 56 241 134
2936 55 249 133
2937 54 253 132
2938 53 255 131
2939 52 256 130
2940 51 128 129
2941 50 64 128
2942 49 32 127
2943 48 16 126
2944 47 8 125
2945 46 4 124
2946 45 2 123
2947 44 1 122
2948 43 129 121
2949 42 193 120
2950 41 225 119
2951 40 241 118
2952 39 249 117
2953 38 253 116
2954 37 255 115
2955 36 256 114
2956 35 128 113
2957 34 64 112
2958 33 32 111
2959 32 16 110
2960 31 8 109
2961 30 4 108
2962 29 2 107
2963 28 1 106
2964 27 129 105
2965 79 4 158
2966 78 2 157
2967 77 1 156
2968 76 129 155
2969 75 193 154
2970 74 225 153
2971 73 241 152
2972 72 249 151
2973 71 253 150
2974 70 255 149
2975 69 256 148
2976 68 128 147
2977 67 64 146
2978 66 32 145
2979 65 16 144
2980 64 8 143
2981 63 4 142
2982 62 2 141
2983 61 1 140
2984 60 129 139
2985 59 193 138
2986 58 225 137
2987 57 241 136
2988 56 249 135
2989 55 253 134
2990 54 255 133
2991 53 256 132
2992 52 128 131
2993 51 64 130
2994 50 32 129
2995 49 16 128
2996 48 8 127
2997 47 4 126
2998 46 2 125
2999 45 1 124
3000 44 129 123
3001 43 193 122
3002 42 225 121
3003 41 241 120
3004 40 249 119
3005 39 253 118
3006 38 255 117
3007 37 256 116
3008 36 128 115
3009 35 64 114
3010 34 32 113
3011 33 16 112
3012 32 8 111
3013 31 4 110
3014 30 2 109
3015 29 1 108
3016 80 4 160
3017 79 2 159
3018 78 1 158
3019 77 129 157
3020 76 193 156
3021 75 225 155
3022 74 241 154
3023 73 249 153
3024 72 253 152
3025 71 255 151
3026 70 256 150
3027 69 128 149
3028 68 64 148
3029 67 32 147
3030 66 16 146
3031 65 8 145
3032 64 4 144
3033 63 2 143
3034 62 1 142
3035 61 129 141
3036 60 193 140
3037 59 225 139
3038 58 241 138
3039 57 249 137
3040 56 253 136
3041 55 255 135
3042 54 256 134
3043 53 128 133
3044 52 64 132
3045 51 32 131
3046 50 16 130
3047 49 8 129
3048 48 4 128
3049 47 2 127
3050 46 1 126
3051 45 129 125
3052 44 193 124
3053 43 225 123
3054 42 241 122
3055 41 249 121
3056 40 253 120
3057 39 255 119
3058 38 256 118
3059 37 128 117
3060 36 64 116
3061 35 32 115
3062 34 16 114
3063 33 8 113
3064 32 4 112
3065 31 2 111
3066 81 4 162
3067 80 2 161
3068 79 1 160
3069 78 129 159
3070 77 193 158
3071 76 225 157
3072 75 241 156
3073 74 249 155
3074 73 253 154
3075 72 255 153
3076 71 256 152
3077 70 128 151
3078 69 64 150
3079 68 32 149
3080 67 16 148
3081 66 8 147
3082 65 4 146
3083 64 2 145
3084 63 1 144
3085 62 129 143
3086 61 193 142
3087 60 225 141
3088 59 241 140
3089 58 249 139
3090 57 253 138
3091 56 255 137
3092 55 256 136
3093 54 128 135
3094 53 64 134
3095 52 32 133
3096 51 16 132
3097 50 8 131
3098 49 4 130
3099 48 2 129
3100 47 1 128
3101 46 129 127
3102 45 193 126
3103 44 225 125
3104 43 241 124
3105 42 249 123
3106 41 253 122
3107 40 255 121
3108 39 256 120
3109 38 128 119
3110 37 64 118
3111 36 32 117
3112 35 16 116
3113 34 8 115
3114 33 4 114
3115 82 4 164
3116 81 2 163
3117 80 1 162
3118 79 129 161
3119 78 193 160
3120 77 225 159
3121 76 241 158
3122 75 249 157
3123 74 253 156
3124 73 255 155
3125 72 256 154
3126 71 128 153
3127 70 64 152
3128 69 32 151
3129 68 16 150
3130 67 8 149
3131 66 4 148
3132 65 2 147
3133 64 1 146
3134 63 129 145
3135 62 193 144
3136 61 225 143
3137 60 241 142
3138 59 249 141
3139 58 253 140
3140 57 255 139
3141 56 256 138
3142 55 128 137
3143 54 64 136
3144 53 32 135
3145 52 16 134
3146 51 8 133
3147 50 4 132
3148 49 2 131
3149 48 1 130
3150 47 129 129
3151 46 193 128
3152 45 225 127
3153 44 241 126
3154 43 249 125
3155 42 253 124
3156 41 255 123
3157 40 256 122
3158 39 128 121
3159 38 64 120
3160 37 32 119
3161 36 16 118
3162 35 8 117
3163 83 4 166
3164 82 2 165
3165 81 1 164
3166 80 129 163
3167 79 193 162
3168 78 225 161
3169 77 241 160
3170 76 249 159
3171 75 253 158
3172 74 255 157
3173 73 256 156
3174 72 128 155
3175 71 64 154
3176 70 32 153
3177 69 16 152
3178 68 8 151
3179 67 4 150
3180 66 2 149
3181 65 1 148
3182 64 129 147
3183 63 193 146
3184 62 225 145
3185 61 241 144
3186 60 249 143
3187 59 253 142
3188 58 255 141
3189 57 256 140
3190 56 128 139
3191 55 64 138
3192 54 32 137
3193 53 16 136
3194 52 8 135
3195 51 4 134
3196 50 2 133
3197 49 1 132
3198 48 129 131
3199 47 193 130
3200 46 225 129
3201 45 241 128
3202 44 249 127
3203 43 253 126
3204 42 255 125
3205 41 256 124
3206 40 128 123
3207 39 64 122
3208 38 32 121
3209 37 16 120
3210 84 4 168
3211 83 2 167
3212 82 1 166
3213 81 129 165
3214 80 193 164
3215 79 225 163
3216 78 241 162
3217 77 249 161
3218 76 253 160
3219 75 255 159
3220 74 256 158
3221 73 128 157
3222 72 64 156
3223 71 32 155
3224 70 16 154
3225 69 8 153
3226 68 4 152
3227 67 2 151
3228 66 1 150
3229 65 129 149
3230 64 193 148
3231 63 225 147
3232 62 241 146
3233 61 249 145
3234 60 253 144
3235 59 255 143
3236 58 256 142
3237 57 128 141
3238 56 64 140
3239 55 32 139
3240 54 16 138
3241 53 8 137
3242 52 4 136
3243 51 2 135
3244 50 1 134
3245 49 129 133
3246 48 193 132
3247 47 225 131
3248 46 241 130
3249 45 249 129
3250 44 253 128
3251 43 255 127
3252 42 256 126
3253 41 128 125
3254 40 64 124
3255 39 32 123
3256 85 4 170
3257 84 2 169
3258 83 1 168
3259 82 129 167
3260 81 193 166
3261 80 225 165
3262 79 241 164
3263 78 249 163
3264 77 253 162
3265 76 255 161
3266 75 256 160
3267 74 128 159
3268 73 64 158
3269 72 32 157
3270 71 16 156
3271 70 8 155
3272 69 4 154
3273 68 2 153
3274 67 1 152
3275 66 129 151
3276 65 193 150
3277 64 225 149
3278 63 241 148
3279 62 249 147
3280 61 253 146
3281 60 255 145
3282 59 256 144
3283 58 128 143
3284 57 64 142
3285 56 32 141
3286 55 16 140
3287 54 8 139
3288 53 4 138
3289 52 2 137
3290 51 1 136
3291 50 129 135
3292 49 193 134
3293 48 225 133
3294 47 241 132
3295 46 249 131
3296 45 253 130
3297 44 255 129
3298 43 256 128
3299 42 128 127
3300 41 64 126
3301 86 4 172
3302 85 2 171
3303 84 1 170
3304 83 129 169
3305 82 193 168
3306 81 225 167
3307 80 241 166
3308 79 249 165
3309 78 253 164
3310 77 255 163
3311 76 256 162
3312 75 128 161
3313 74 64 160
3314 73 32 159
3315 72 16 158
3316 71 8 157
3317 70 4 156
3318 69 2 155
3319 68 1 154
3320 67 129 153
3321 66 193 152
3322 65 225 151
3323 64 241 150
3324 63 249 149
3325 62 253 148
3326 61 255 147
3327 60 256 146
3328 59 128 145
3329 58 64 144
3330 57 32 143
3331 56 16 142
3332 55 8 141
3333 54 4 140
3334 53 2 139
3335 52 1 138
3336 51 129 137
3337 50 193 136
3338 49 225 135
3339 48 241 134
3340 47 249 133
3341 46 253 132
3342 45 255 131
3343 44 256 130
3344 43 128 129
3345 87 4 174
3346 86 2 173
3347 85 1 172
3348 84 129 171
3349 83 193 170
3350 82 225 169
3351 81 241 168
3352 80 249 167
3353 79 253 166
3354 78 255 165
3355 77 256 164
3356 76 128 163
3357 75 64 162
3358 74 32 161
3359 73 16 160
3360 72 8 159
3361 71 4 158
3362 70 2 157
3363 69 1 156
3364 68 129 155
3365 67 193 154
3366 66 225 153
3367 65 241 152
3368 64 249 151
3369 63 253 150
3370 62 255 149
3371 61 256 148
3372 60 128 147
3373 59 64 146
3374 58 32 145
3375 57 16 144
3376 56 8 143
3377 55 4 142
3378 54 2 141
3379 53 1 140
3380 52 129 139
3381 51 193 138
3382 50 225 137
3383 49 241 136
3384 48 249 135
3385 47 253 134
3386 46 255 133
3387 45 256 132
3388 88 4 176
3389 87 2 175
3390 86 1 174
3391 85 129 173
3392 84 193 172
3393 83 225 171
3394 82 241 170
3395 81 249 169
3396 80 253 168
3397 79 255 167
3398 78 256 166
3399 77 128 165
3400 76 64 164
3401 75 32 163
3402 74 16 162
3403 73 8 161
3404 72 4 160
3405 71 2 159
3406 70 1 158
3407 69 129 157
3408 68 193 156
3409 67 225 155
3410 66 241 154
3411 65 249 153
3412 64 253 152
3413 63 255 151
3414 62 256 150
3415 61 128 149
3416 60 64 148
3417 59 32 147
3418 58 16 146
3419 57 8 145
3420 56 4 144
3421 55 2 143
3422 54 1 142
3423 53 129 141
3424 52 193 140
3425 51 225 139
3426 50 241 138
3427 49 249 137
3428 48 253 136
3429 47 255 135
3430 89 4 178
3431 88 2 177
3432 87 1 176
3433 86 129 175
3434 85 193 174
3435 84 225 173
3436 83 241 172
3437 82 249 171
3438 81 253 170
3439 80 255 169
3440 79 256 168
3441 78 128 167
3442 77 64 166
3443 76 32 165
3444 75 16 164
3445 74 8 163
3446 73 4 162
3447 72 2 161
3448 71 1 160
3449 70 129 159
3450 69 193 158
3451 68 225 157
3452 67 241 156
3453 66 249 155
3454 65 253 154
3455 64 255 153
3456 63 256 152
3457 62 128 151
3458 61 64 150
3459 60 32 149
3460 59 16 148
3461 58 8 147
3462 57 4 146
3463 56 2 145
3464 55 1 144
3465 54 129 143
3466 53 193 142
3467 52 225 141
3468 51 241 140
3469 50 249 139
3470 49 253 138
3471 90 4 180
3472 89 2 179
3473 88 1 178
3474 87 129 177
3475 86 193 176
3476 85 225 175
3477 84 241 174
3478 83 249 173
3479 82 253 172
3480 81 255 171
3481 80 256 170
3482 79 128 169
3483 78 64 168
3484 77 32 167
3485 76 16 166
3486 75 8 165
3487 74 4 164
3488 73 2 163
3489 72 1 162
3490 71 129 161
3491 70 193 160
3492 69 225 159
3493 68 241 158
3494 67 249 157
3495 66 253 156
3496 65 255 155
3497 64 256 154
3498 63 128 153
3499 62 64 152
3500 61 32 151
3501 60 16 150
3502 59 8 149
3503 58 4 148
3504 57 2 147
3505 56 1 146
3506 55 129 145
3507 54 193 144
3508 53 225 143
3509 52 241 142
3510 51 249 141
3511 91 4 182
3512 90 2 181
3513 89 1 180
3514 88 129 179
3515 87 193 178
3516 86 225 177
3517 85 241 176
3518 84 249 175
3519 83 253 174
3520 82 255 173
3521 81 256 172
3522 80 128 171
3523 79 64 170
3524 78 32 169
3525 77 16 168
3526 76 8 167
3527 75 4 166
3528 74 2 165
3529 73 1 164
3530 72 129 163
3531 71 193 162
3532 70 225 161
3533 69 241 160
3534 68 249 159
3535 67 253 158
3536 66 255 157
3537 65 256 156
3538 64 128 155
3539 63 64 154
3540 62 32 153
3541 61 16 152
3542 60 8 151
3543 59 4 150
3544 58 2 149
3545 57 1 148
3546 56 129 147
3547 55 193 146
3548 54 225 145
3549 53 241 144
3550 92 4 184
3551 91 2 183
3552 90 1 182
3553 89 129 181
3554 88 193 180
3555 87 225 179
3556 86 241 178
3557 85 249 177
3558 84 253 176
3559 83 255 175
3560 82 256 174
3561 81 128 173
3562 80 64 172
3563 79 32 171
3564 78 16 170
3565 77 8 169
3566 76 4 168
3567 75 2 167
3568 74 1 166
3569 73 129 165
3570 72 193 164
3571 71 225 163
3572 70 241 162
3573 69 249 161
3574 68 253 160
3575 67 255 159
3576 66 256 158
3577 65 128 157
3578 64 64 156
3579 63 32 155
3580 62 16 154
3581 61 8 153
3582 60 4 152
3583 59 2 151
3584 58 1 150
3585 57 129 149
3586 56 193 148
3587 55 225 147
3588 93 4 186
3589 92 2 185
3590 91 1 184
3591 90 129 183
3592 89 193 182
3593 88 225 181
3594 87 241 180
3595 86 249 179
3596 85 253 178
3597 84 255 177
3598 83 256 176
3599 82 128 175
3600 81 64 174
3601 80 32 173
3602 79 16 172
3603 78 8 171
3604 77 4 170
3605 76 2 169
3606 75 1 168
3607 74 129 167
3608 73 193 166
3609 72 225 165
3610 71 241 164
3611 70 249 163
3612 69 253 162
3613 68 255 161
3614 67 256 160
3615 66 128 159
3616 65 64 158
3617 64 32 157
3618 63 16 156
3619 62 8 155
3620 61 4 154
3621 60 2 153
3622 59 1 152
3623 58 129 151
3624 57 193 150
3625 94 4 188
3626 93 2 187
3627 92 1 186
3628 91 129 185
3629 90 193 184
3630 89 225 183
3631 88 241 182
3632 87 249 181
3633 86 253 180
3634 85 255 179
3635 84 256 178
3636 83 128 177
3637 82 64 176
3638 81 32 175
3639 80 16 174
3640 79 8 173
3641 78 4 172
3642 77 2 171
3643 76 1 170
3644 75 129 169
3645 74 193 168
3646 73 225 167
3647 72 241 166
3648 71 249 165
3649 70 253 164
3650 69 255 163
3651 68 256 162
3652 67 128 161
3653 66 64 160
3654 65 32 159
3655 64 16 158
3656 63 8 157
3657 62 4 156
3658 61 2 155
3659 60 1 154
3660 59 129 153
3661 95 4 190
3662 94 2 189
3663 93 1 188
3664 92 129 187
3665 91 193 186
3666 90 225 185
3667 89 241 184
3668 88 249 183
3669 87 253 182
3670 86 255 181
3671 85 256 180
3672 84 128 179
3673 83 64 178
3674 82 32 177
3675 81 16 176
3676 80 8 175
3677 79 4 174
3678 78 2 173
3679 77 1 172
3680 76 129 171
3681 75 193 170
3682 74 225 169
3683 73 241 168
3684 72 249 167
3685 71 253 166
3686 70 255 165
3687 69 256 164
3688 68 128 163
3689 67 64 162
3690 66 32 161
3691 65 16 160
3692 64 8 159
3693 63 4 158
3694 62 2 157
3695 61 1 156
3696 96 4 192
3697 95 2 191
3698 94 1 190
3699 93 129 189
3700 92 193 188
3701 91 225 187
3702 90 241 186
3703 89 249 185
3704 88 253 184
3705 87 255 183
3706 86 256 182
3707 85 128 181
3708 84 64 180
3709 83 32 179
3710 82 16 178
3711 81 8 177
3712 80 4 176
3713 79 2 175
3714 78 1 174
3715 77 129 173
3716 76 193 172
3717 75 225 171
3718 74 241 170
3719 73 249 169
3720 72 253 168
3721 71 255 167
3722 70 256 166
3723 69 128 165
3724 68 64 164
3725 67 32 163
3726 66 16 162
3727 65 8 161
3728 64 4 160
3729 63 2 159
3730 97 4 194
3731 96 2 193
3732 95 1 192
3733 94 129 191
3734 93 193 190
3735 92 225 189
3736 91 241 188
3737 90 249 187
3738 89 253 186
3739 88 255 185
3740 87 256 184
3741 86 128 183
3742 85 64 182
3743 84 32 181
3744 83 16 180
3745 82 8 179
3746 81 4 178
3747 80 2 177
3748 79 1 176
3749 78 129 175
3750 77 193 174
3751 76 225 173
3752 75 241 172
3753 74 249 171
3754 73 253 170
3755 72 255 169
3756 71 256 168
3757 70 128 167
3758 69 64 166
3759 68 32 165
3760 67 16 164
3761 66 8 163
3762 65 4 162
3763 98 4 196
3764 97 2 195
3765 96 1 194
3766 95 129 193
3767 94 193 192
3768 93 225 191
3769 92 241 190
3770 91 249 189
3771 90 253 188
3772 89 255 187
3773 88 256 186
3774 87 128 185
3775 86 64 184
3776 85 32 183
3777 84 16 182
3778 83 8 181
3779 82 4 180
3780 81 2 179
3781 80 1 178
3782 79 129 177
3783 78 193 176
3784 77 225 175
3785 76 241 174
3786 75 249 173
3787 74 253 172
3788 73 255 171
3789 72 256 170
3790 71 128 169
3791 70 64 168
3792 69 32 167
3793 68 16 166
3794 67 8 165
3795 99 4 198
3796 98 2 197
3797 97 1 196
3798 96 129 195
3799 95 193 194
3800 94 225 193
3801 93 241 192
3802 92 249 191
3803 91 253 190
3804 90 255 189
3805 89 256 188
3806 88 128 187
3807 87 64 186
3808 86 32 185
3809 85 16 184
3810 84 8 183
3811 83 4 182
3812 82 2 181
3813 81 1 180
3814 80 129 179
3815 79 193 178
3816 78 225 177
3817 77 241 176
3818 76 249 175
3819 75 253 174
3820 74 255 173
3821 73 256 172
3822 72 128 171
3823 71 64 170
3824 70 32 169
3825 69 16 168
3826 100 4 200
3827 99 2 199
3828 98 1 198
3829 97 129 197
3830 96 193 196
3831 95 225 195
3832 94 241 194
3833 93 249 193
3834 92 253 192
3835 91 255 191
3836 90 256 190
3837 89 128 189
3838 88 64 188
3839 87 32 187
3840 86 16 186
3841 85 8 185
3842 84 4 184
3843 83 2 183
3844 82 1 182
3845 81 129 181
3846 80 193 180
3847 79 225 179
3848 78 241 178
3849 77 249 177
3850 76 253 176
3851 75 255 175
3852 74 256 174
3853 73 128 173
3854 72 64 172
3855 71 32 171
3856 101 4 202
3857 100 2 201
3858 99 1 200
3859 98 129 199
3860 97 193 198
3861 96 225 197
3862 95 241 196
3863 94 249 195
3864 93 253 194
3865 92 255 193
3866 91 256 192
3867 90 128 191
3868 89 64 190
3869 88 32 189
3870 87 16 188
3871 86 8 187
3872 85 4 186
3873 84 2 185
3874 83 1 184
3875 82 129 183
3876 81 193 182
3877 80 225 181
3878 79 241 180
3879 78 249 179
3880 77 253 178
3881 76 255 177
3882 75 256 176
3883 74 128 175
3884 73 64 174
3885 102 4 204
3886 101 2 203
3887 100 1 202
3888 99 129 201
3889 98 193 200
3890 97 225 199
3891 96 241 198
3892 95 249 197
3893 94 253 196
3894 93 255 195
3895 92 256 194
3896 91 128 193
3897 90 64 192
3898 89 32 191
3899 88 16 190
3900 87 8 189
3901 86 4 188
3902 85 2 187
3903 84 1 186
3904 83 129 185
3905 82 193 184
3906 81 225 183
3907 80 241 182
3908 79 249 181
3909 78 253 180
3910 77 255 179
3911 76 256 178
3912 75 128 177
3913 103 4 206
3914 102 2 205
3915 101 1 204
3916 100 129 203
3917 99 193 202
3918 98 225 201
3919 97 241 200
3920 96 249 199
3921 95 253 198
3922 94 255 197
3923 93 256 196
3924 92 128 195
3925 91 64 194
3926 90 32 193
3927 89 16 192
3928 88 8 191
3929 87 4 190
3930 86 2 189
3931 85 1 188
3932 84 129 187
3933 83 193 186
3934 82 225 185
3935 81 241 184
3936 80 249 183
3937 79 253 182
3938 78 255 181
3939 77 256 180
3940 104 4 208
3941 103 2 207
3942 102 1 206
3943 101 129 205
3944 100 193 204
3945 99 225 203
3946 98 241 202
3947 97 249 201
3948 96 253 200
3949 95 255 199
3950 94 256 198
3951 93 128 197
3952 92 64 196
3953 91 32 195
3954 90 16 194
3955 89 8 193
3956 88 4 192
3957 87 2 191
3958 86 1 190
3959 85 129 189
3960 84 193 188
3961 83 225 187
3962 82 241 186
3963 81 249 185
3964 80 253 184
3965 79 255 183
3966 105 4 210
3967 104 2 209
3968 103 1 208
3969 102 129 207
3970 101 193 206
3971 100 225 205
3972 99 241 204
3973 98 249 203
3974 97 253 202
3975 96 255 201
3976 95 256 200
3977 94 128 199
3978 93 64 198
3979 92 32 197
3980 91 16 196
3981 90 8 195
3982 89 4 194
3983 88 2 193
3984 87 1 192
3985 86 129 191
3986 85 193 190
3987 84 225 189
3988 83 241 188
3989 82 249 187
3990 81 253 186
3991 106 4 212
3992 105 2 211
3993 104 1 210
3994 103 129 209
3995 102 193 208
3996 101 225 207
3997 100 241 206
3998 99 249 205
3999 98 253 204
4000 97 255 203
4001 96 256 202
4002 95 128 201
4003 94 64 200
4004 93 32 199
4005 92 16 198
4006 91 8 197
4007 90 4 196
4008 89 2 195
4009 88 1 194
4010 87 129 193
4011 86 193 192
4012 85 225 191
4013 84 241 190
4014 83 249 189
4015 107 4 214
4016 106 2 213
4017 105 1 212
4018 104 129 211
4019 103 193 210
4020 102 225 209
4021 101 241 208
4022 100 249 207
4023 99 253 206
4024 98 255 205
4025 97 256 204
4026 96 128 203
4027 95 64 202
4028 94 32 201
4029 93 16 200
4030 92 8 199
4031 91 4 198
4032 90 2 197
4033 89 1 196
4034 88 129 195
4035 87 193 194
4036 86 225 193
4037 85 241 192
4038 108 4 216
4039 107 2 215
4040 106 1 214
4041 105 129 213
4042 104 193 212
4043 103 225 211
4044 102 241 210
4045 101 249 209
4046 100 253 208
4047 99 255 207
4048 98 256 206
4049 97 128 205
4050 96 64 204
4051 95 32 203
4052 94 16 202
4053 93 8 201
4054 92 4 200
4055 91 2 199
4056 90 1 198
4057 89 129 197
4058 88 193 196
4059 87 225 195
4060 109 4 218
4061 108 2 217
4062 107 1 216
4063 106 129 215
4064 105 193 214
4065 104 225 213
4066 103 241 212
4067 102 249 211
4068 101 253 210
4069 100 255 209
4070 99 256 208
4071 98 128 207
4072 97 64 206
4073 96 32 205
4074 95 16 204
4075 94 8 203
4076 93 4 202
4077 92 2 201
4078 91 1 200
4079 90 129 199
4080 89 193 198
4081 110 4 220
4082 109 2 219
4083 108 1 218
4084 107 129 217
4085 106 193 216
4086 105 225 215
4087 104 241 214
4088 103 249 213
4089 102 253 212
4090 101 255 211
4091 100 256 210
4092 99 128 209
4093 98 64 208
4094 97 32 207
4095 96 16 206
4096 95 8 205
4097 94 4 204
4098 93 2 203
4099 92 1 202
4100 91 129 201
4101 111 4 222
4102 110 2 221
4103 109 1 220
4104 108 129 219
4105 107 193 218
4106 106 225 217
4107 105 241 216
4108 104 249 215
4109 103 253 214
4110 102 255 213
4111 101 256 212
4112 100 128 211
4113 99 64 210
4114 98 32 209
4115 97 16 208
4116 96 8 207
4117 95 4 206
4118 94 2 205
4119 93 1 204
4120 112 4 224
4121 111 2 223
4122 110 1 222
4123 109 129 221
4124 108 193 220
4125 107 225 219
4126 106 241 218
4127 105 249 217
4128 104 253 216
4129 103 255 215
4130 102 256 214
4131 101 128 213
4132 100 64 212
4133 99 32 211
4134 98 16 210
4135 97 8 209
4136 96 4 208
4137 95 2 207
4138 113 4 226
4139 112 2 225
4140 111 1 224
4141 110 129 223
4142 109 193 222
4143 108 225 221
4144 107 241 220
4145 106 249 219
4146 105 253 218
4147 104 255 217
4148 103 256 216
4149 102 128 215
4150 101 64 214
4151 100 32 213
4152 99 16 212
4153 98 8 211
4154 97 4 210
4155 114 4 228
4156 113 2 227
4157 112 1 226
4158 111 129 225
4159 110 193 224
4160 109 225 223
4161 108 241 222
4162 107 249 221
4163 106 253 220
4164 105 255 219
4165 104 256 218
4166 103 128 217
4167 102 64 216
4168 101 32 215
4169 100 16 214
4170 99 8 213
4171 115 4 230
4172 114 2 229
4173 113 1 228
4174 112 129 227
4175 111 193 226
4176 110 225 225
4177 109 241 224
4178 108 249 223
4179 107 253 222
4180 106 255 221
4181 105 256 220
4182 104 128 219
4183 103 64 218
4184 102 32 217
4185 101 16 216
4186 116 4 232
4187 115 2 231
4188 114 1 230
4189 113 129 229
4190 112 193 228
4191 111 225 227
4192 110 241 226
4193 109 249 225
4194 108 253 224
4195 107 255 223
4196 106 256 222
4197 105 128 221
4198 104 64 220
4199 103 32 219
4200 117 4 234
4201 116 2 233
4202 115 1 232
4203 114 129 231
4204 113 193 230
4205 112 225 229
4206 111 241 228
4207 110 249 227
4208 109 253 226
4209 108 255 225
4210 107 256 224
4211 106 128 223
4212 105 64 222
4213 118 4 236
4214 117 2 235
4215 116 1 234
4216 115 129 233
4217 114 193 232
4218 113 225 231
4219 112 241 230
4220 111 249 229
4221 110 253 228
4222 109 255 227
4223 108 256 226
4224 107 128 225
4225 119 4 238
4226 118 2 237
4227 117 1 236
4228 116 129 235
4229 115 193 234
4230 114 225 233
4231 113 241 232
4232 112 249 231
4233 111 253 230
4234 110 255 229
4235 109 256 228
4236 120 4 240
4237 119 2 239
4238 118 1 238
4239 117 129 237
4240 116 193 236
4241 115 225 235
4242 114 241 234
4243 113 249 233
4244 112 253 232
4245 111 255 231
4246 121 4 242
4247 120 2 241
4248 119 1 240
4249 118 129 239
4250 117 193 238
4251 116 225 237
4252 115 241 236
4253 114 249 235
4254 113 253 234
4255 122 4 244
4256 121 2 243
4257 120 1 242
4258 119 129 241
4259 118 193 240
4260 117 225 239
4261 116 241 238
4262 115 249 237
4263 123 4 246
4264 122 2 245
4265 121 1 244
4266 120 129 243
4267 119 193 242
4268 118 225 241
4269 117 241 240
4270 124 4 248
4271 123 2 247
4272 122 1 246
4273 121 129 245
4274 120 193 244
4275 119 225 243
4276 125 4 250
4277 124 2 249
4278 123 1 248
4279 122 129 247
4280 121 193 246
4281 126 4 252
4282 125 2 251
4283 124 1 250
4284 123 129 249
4285 127 4 254
4286 126 2 253
4287 125 1 252
4288 128 4 256
4289 127 2 255
4290 129 4 258
4291 0 1 66
4292 0 1 67
4293 0 1 68
4294 0 1 69
4295 0 1 70
4296 0 1 71
4297 0 1 72
4298 0 1 73
4299 0 1 74
4300 0 1 75
4301 0 1 76
4302 0 1 77
4303 0 1 78
4304 0 1 79
4305 0 1 80
4306 0 1 81
4307 0 1 82
4308 0 1 83
4309 0 1 84
4310 0 1 85
4311 0 1 86
4312 0 1 87
4313 0 1 88
4314 0 1 89
4315 0 1 90
4316 0 1 91
4317 0 1 92
4318 0 1 93
4319 0 1 94
4320 0 1 95
4321 0 1 96
4322 0 1 97
4323 0 1 98
4324 0 1 99
4325 0 1 100
4326 0 1 101
4327 0 1 102
4328 0 1 103
4329 0 1 104
4330 0 1 105
4331 0 1 106
4332 0 1 107
4333 0 1 108
4334 0 1 109
4335 0 1 110
4336 0 1 111
4337 0 1 112
4338 0 1 113
4339 0 1 114
4340 0 1 115
4341 0 1 116
4342 0 1 117
4343 0 1 118
4344 0 1 119
4345 0 1 120
4346 0 1 121
4347 0 1 122
4348 0 1 123
4349 0 1 124
4350 1 1 67
4351 1 1 68
4352 1 1 69
4353 1 1 70
4354 1 1 71
4355 1 1 72
4356 1 1 73
4357 1 1 74
4358 1 1 75
4359 1 1 76
4360 1 1 77
4361 1 1 78
4362 1 1 79
4363 1 1 80
4364 1 1 81
4365 1 1 82
4366 1 1 83
4367 1 1 84
4368 1 1 85
4369 1 1 86
4370 1 1 87
4371 1 1 88
4372 1 1 89
4373 1 1 90
4374 1 1 91
4375 1 1 92
4376 1 1 93
4377 1 1 94
4378 1 1 95
4379 1 1 96
4380 1 1 97
4381 1 1 98
4382 1 1 99
4383 1 1 100
4384 1 1 101
4385 1 1 102
4386 1 1 103
4387 1 1 104
4388 1 1 105
4389 1 1 106
4390 1 1 107
4391 1 1 108
4392 1 1 109
4393 1 1 110
4394 1 1 111
4395 1 1 112
4396 1 1 113
4397 1 1 114
4398 1 1 115
4399 1 1 116
4400 1 1 117
4401 1 1 118
4402 1 1 119
4403 1 1 120
4404 1 1 121
4405 1 1 122
4406 1 1 123
4407 1 1 124
4408 2 1 68
4409 2 1 69
4410 2 1 70
4411 2 1 71
4412 2 1 72
4413 2 1 73
4414 2 1 74
4415 2 1 75
4416 2 1 76
4417 2 1 77
4418 2 1 78
4419 2 1 79
4420 2 1 80
4421 2 1 81
4422 2 1 82
4423 2 1 83
4424 2 1 84
4425 2 1 85
4426 2 1 86
4427 2 1 87
4428 2 1 88
4429 2 1 89
4430 2 1 90
4431 2 1 91
4432 2 1 92
4433 2 1 93
4434 2 1 94
4435 2 1 95
4436 2 1 96
4437 2 1 97
4438 2 1 98
4439 2 1 99
4440 2 1 100
4441 2 1 101
4442 2 1 102
4443 2 1 103
4444 2 1 104
4445 2 1 105
4446 2 1 106
4447 2 1 107
4448 2 1 108
4449 2 1 109
4450 2 1 110
4451 2 1 111
4452 2 1 112
4453 2 1 113
4454 2 1 114
4455 2 1 115
4456 2 1 116
4457 2 1 117
4458 2 1 118
4459 2 1 119
4460 2 1 120
4461 2 1 121
4462 2 1 122
4463 2 1 123
4464 2 1 124
4465 3 1 70
4466 3 1 71
4467 4 255 71
4468 3 1 72
4469 3 1 73
4470 3 1 74
4471 3 1 75
4472 3 1 76
4473 3 1 77
4474 3 1 78
4475 3 1 79
4476 3 1 80
4477 3 1 81
4478 3 1 82
4479 3 1 83
4480 3 1 84
4481 3 1 85
4482 3 1 86
4483 3 1 87
4484 3 1 88
4485 3 1 89
4486 3 1 90
4487 3 1 91
4488 3 1 92
4489 3 1 93
4490 3 1 94
4491 3 1 95
4492 3 1 96
4493 3 1 97
4494 3 1 98
4495 3 1 99
4496 3 1 100
4497 3 1 101
4498 3 1 102
4499 3 1 103
4500 3 1 104
4501 3 1 105
4502 3 1 106
4503 3 1 107
4504 3 1 108
4505 3 1 109
4506 3 1 110
4507 3 1 111
4508 3 1 112
4509 3 1 113
4510 3 1 114
4511 3 1 115
4512 3 1 116
4513 3 1 117
4514 3 1 118
4515 3 1 119
4516 3 1 120
4517 3 1 121
4518 3 1 122
4519 3 1 123
4520 3 1 124
4521 4 1 72
4522 4 1 73
4523 5 255 73
4524 4 1 74
4525 6 4 74
4526 4 1 75
4527 4 1 76
4528 4 1 77
4529 4 1 78
4530 4 1 79
4531 4 1 80
4532 4 1 81
4533 4 1 82
4534 4 1 83
4535 4 1 84
4536 4 1 85
4537 4 1 86
4538 4 1 87
4539 4 1 88
4540 4 1 89
4541 4 1 90
4542 4 1 91
4543 4 1 92
4544 4 1 93
4545 4 1 94
4546 4 1 95
4547 4 1 96
4548 4 1 97
4549 4 1 98
4550 4 1 99
4551 4 1 100
4552 4 1 101
4553 4 1 102
4554 4 1 103
4555 4 1 104
4556 4 1 105
4557 4 1 106
4558 4 1 107
4559 4 1 108
4560 4 1 109
4561 4 1 110
4562 4 1 111
4563 4 1 112
4564 4 1 113
4565 4 1 114
4566 4 1 115
4567 4 1 116
4568 4 1 117
4569 4 1 118
4570 4 1 119
4571 4 1 120
4572 4 1 121
4573 4 1 122
4574 4 1 123
4575 4 1 124
4576 5 1 74
4577 5 1 75
4578 6 255 75
4579 5 1 76
4580 7 4 76
4581 5 1 77
4582 8 249 77
4583 5 1 78
4584 5 1 79
4585 5 1 80
4586 5 1 81
4587 5 1 82
4588 5 1 83
4589 5 1 84
4590 5 1 85
4591 5 1 86
4592 5 1 87
4593 5 1 88
4594 5 1 89
4595 5 1 90
4596 5 1 91
4597 5 1 92
4598 5 1 93
4599 5 1 94
4600 5 1 95
4601 5 1 96
4602 5 1 97
4603 5 1 98
4604 5 1 99
4605 5 1 100
4606 5 1 101
4607 5 1 102
4608 5 1 103
4609 5 1 104
4610 5 1 105
4611 5 1 106
4612 5 1 107
4613 5 1 108
4614 5 1 109
4615 5 1 110
4616 5 1 111
4617 5 1 112
4618 5 1 113
4619 5 1 114
4620 5 1 115
4621 5 1 116
4622 5 1 117
4623 5 1 118
4624 5 1 119
4625 5 1 120
4626 5 1 121
4627 5 1 122
4628 5 1 123
4629 5 1 124
4630 6 1 76
4631 6 1 77
4632 7 255 77
4633 6 1 78
4634 8 4 78
4635 6 1 79
4636 9 249 79
4637 6 1 80
4638 10 16 80
4639 6 1 81
4640 6 1 82
4641 6 1 83
4642 6 1 84
4643 6 1 85
4644 6 1 86
4645 6 1 87
4646 6 1 88
4647 6 1 89
4648 6 1 90
4649 6 1 91
4650 6 1 92
4651 6 1 93
4652 6 1 94
4653 6 1 95
4654 6 1 96
4655 6 1 97
4656 6 1 98
4657 6 1 99
4658 6 1 100
4659 6 1 101
4660 6 1 102
4661 6 1 103
4662 6 1 104
4663 6 1 105
4664 6 1 106
4665 6 1 107
4666 6 1 108
4667 6 1 109
4668 6 1 110
4669 6 1 111
4670 6 1 112
4671 6 1 113
4672 6 1 114
4673 6 1 115
4674 6 1 116
4675 6 1 117
4676 6 1 118
4677 6 1 119
4678 6 1 120
4679 6 1 121
4680 6 1 122
4681 6 1 123
4682 6 1 124
4683 7 1 78
4684 7 1 79
4685 8 255 79
4686 7 1 80
4687 9 4 80
4688 7 1 81
4689 10 249 81
4690 7 1 82
4691 11 16 82
4692 7 1 83
4693 12 225 83
4694 7 1 84
4695 7 1 85
4696 7 1 86
4697 7 1 87
4698 7 1 88
4699 7 1 89
4700 7 1 90
4701 7 1 91
4702 7 1 92
4703 7 1 93
4704 7 1 94
4705 7 1 95
4706 7 1 96
4707 7 1 97
4708 7 1 98
4709 7 1 99
4710 7 1 100
4711 7 1 101
4712 7 1 102
4713 7 1 103
4714 7 1 104
4715 7 1 105
4716 7 1 106
4717 7 1 107
4718 7 1 108
4719 7 1 109
4720 7 1 110
4721 7 1 111
4722 7 1 112
4723 7 1 113
4724 7 1 114
4725 7 1 115
4726 7 1 116
4727 7 1 117
4728 7 1 118
4729 7 1 119
4730 7 1 120
4731 7 1 121
4732 7 1 122
4733 7 1 123
4734 7 1 124
4735 8 1 80
4736 8 1 81
4737 9 255 81
4738 8 1 82
4739 10 4 82
4740 8 1 83
4741 11 249 83
4742 8 1 84
4743 12 16 84
4744 8 1 85
4745 13 225 85
4746 8 1 86
4747 14 64 86
4748 8 1 87
4749 8 1 88
4750 8 1 89
4751 8 1 90
4752 8 1 91
4753 8 1 92
4754 8 1 93
4755 8 1 94
4756 8 1 95
4757 8 1 96
4758 8 1 97
4759 8 1 98
4760 8 1 99
4761 8 1 100
4762 8 1 101
4763 8 1 102
4764 8 1 103
4765 8 1 104
4766 8 1 105
4767 8 1 106
4768 8 1 107
4769 8 1 108
4770 8 1 109
4771 8 1 110
4772 8 1 111
4773 8 1 112
4774 8 1 113
4775 8 1 114
4776 8 1 115
4777 8 1 116
4778 8 1 117
4779 8 1 118
4780 8 1 119
4781 8 1 120
4782 8 1 121
4783 8 1 122
4784 8 1 123
4785 8 1 124
4786 9 1 82
4787 9 1 83
4788 10 255 83
4789 9 1 84
4790 11 4 84
4791 9 1 85
4792 12 249 85
4793 9 1 86
4794 13 16 86
4795 9 1 87
4796 14 225 87
4797 9 1 88
4798 15 64 88
4799 9 1 89
4800 16 129 89
4801 9 1 90
4802 9 1 91
4803 9 1 92
4804 9 1 93
4805 9 1 94
4806 9 1 95
4807 9 1 96
4808 9 1 97
4809 9 1 98
4810 9 1 99
4811 9 1 100
4812 9 1 101
4813 9 1 102
4814 9 1 103
4815 9 1 104
4816 9 1 105
4817 9 1 106
4818 9 1 107
4819 9 1 108
4820 9 1 109
4821 9 1 110
4822 9 1 111
4823 9 1 112
4824 9 1 113
4825 9 1 114
4826 9 1 115
4827 9 1 116
4828 9 1 117
4829 9 1 118
4830 9 1 119
4831 9 1 120
4832 9 1 121
4833 9 1 122
4834 9 1 123
4835 9 1 124
4836 10 1 84
4837 10 1 85
4838 11 255 85
4839 10 1 86
4840 12 4 86
4841 10 1 87
4842 13 249 87
4843 10 1 88
4844 14 16 88
4845 10 1 89
4846 15 225 89
4847 10 1 90
4848 16 64 90
4849 10 1 91
4850 17 129 91
4851 10 1 92
4852 18 256 92
4853 10 1 93
4854 10 1 94
4855 10 1 95
4856 10 1 96
4857 10 1 97
4858 10 1 98
4859 10 1 99
4860 10 1 100
4861 10 1 101
4862 10 1 102
4863 10 1 103
4864 10 1 104
4865 10 1 105
4866 10 1 106
4867 10 1 107
4868 10 1 108
4869 10 1 109
4870 10 1 110
4871 10 1 111
4872 10 1 112
4873 10 1 113
4874 10 1 114
4875 10 1 115
4876 10 1 116
4877 10 1 117
4878 10 1 118
4879 10 1 119
4880 10 1 120
4881 10 1 121
4882 10 1 122
4883 10 1 123
4884 10 1 124
4885 11 1 86
4886 11 1 87
4887 12 255 87
4888 11 1 88
4889 13 4 88
4890 11 1 89
4891 14 249 89
4892 11 1 90
4893 15 16 90
4894 11 1 91
4895 16 225 91
4896 11 1 92
4897 17 64 92
4898 11 1 93
4899 18 129 93
4900 11 1 94
4901 19 256 94
4902 11 1 95
4903 20 2 95
4904 11 1 96
4905 11 1 97
4906 11 1 98
4907 11 1 99
4908 11 1 100
4909 11 1 101
4910 11 1 102
4911 11 1 103
4912 11 1 104
4913 11 1 105
4914 11 1 106
4915 11 1 107
4916 11 1 108
4917 11 1 109
4918 11 1 110
4919 11 1 111
4920 11 1 112
4921 11 1 113
4922 11 1 114
4923 11 1 115
4924 11 1 116
4925 11 1 117
4926 11 1 118
4927 11 1 119
4928 11 1 120
4929 11 1 121
4930 11 1 122
4931 11 1 123
4932 11 1 124
4933 12 1 88
4934 12 1 89
4935 13 255 89
4936 12 1 90
4937 14 4 90
4938 12 1 91
4939 15 249 91
4940 12 1 92
4941 16 16 92
4942 12 1 93
4943 17 225 93
4944 12 1 94
4945 18 64 94
4946 12 1 95
4947 19 129 95
4948 12 1 96
4949 20 256 96
4950 12 1 97
4951 21 2 97
4952 12 1 98
4953 22 253 98
4954 12 1 99
4955 12 1 100
4956 12 1 101
4957 12 1 102
4958 12 1 103
4959 12 1 104
4960 12 1 105
4961 12 1 106
4962 12 1 107
4963 12 1 108
4964 12 1 109
4965 12 1 110
4966 12 1 111
4967 12 1 112
4968 12 1 113
4969 12 1 114
4970 12 1 115
4971 12 1 116
4972 12 1 117
4973 12 1 118
4974 12 1 119
4975 12 1 120
4976 12 1 121
4977 12 1 122
4978 12 1 123
4979 12 1 124
4980 13 1 90
4981 13 1 91
4982 14 255 91
4983 13 1 92
4984 15 4 92
4985 13 1 93
4986 16 249 93
4987 13 1 94
4988 17 16 94
4989 13 1 95
4990 18 225 95
4991 13 1 96
4992 19 64 96
4993 13 1 97
4994 20 129 97
4995 13 1 98
4996 21 256 98
4997 13 1 99
4998 22 2 99
4999 13 1 100
5000 23 253 100
5001 13 1 101
5002 24 8 101
5003 13 1 102
5004 13 1 103
5005 13 1 104
5006 13 1 105
5007 13 1 106
5008 13 1 107
5009 13 1 108
5010 13 1 109
5011 13 1 110
5012 13 1 111
5013 13 1 112
5014 13 1 113
5015 13 1 114
5016 13 1 115
5017 13 1 116
5018 13 1 117
5019 13 1 118
5020 13 1 119
5021 13 1 120
5022 13 1 121
5023 13 1 122
5024 13 1 123
5025 13 1 124
5026 14 1 92
5027 14 1 93
5028 15 255 93
5029 14 1 94
5030 16 4 94
5031 14 1 95
5032 17 249 95
5033 14 1 96
5034 18 16 96
5035 14 1 97
5036 19 225 97
5037 14 1 98
5038 20 64 98
5039 14 1 99
5040 21 129 99
5041 14 1 100
5042 22 256 100
5043 14 1 101
5044 23 2 101
5045 14 1 102
5046 24 253 102
5047 14 1 103
5048 25 8 103
5049 14 1 104
5050 26 241 104
5051 14 1 105
5052 14 1 106
5053 14 1 107
5054 14 1 108
5055 14 1 109
5056 14 1 110
5057 14 1 111
5058 14 1 112
5059 14 1 113
5060 14 1 114
5061 14 1 115
5062 14 1 116
5063 14 1 117
5064 14 1 118
5065 14 1 119
5066 14 1 120
5067 14 1 121
5068 14 1 122
5069 14 1 123
5070 14 1 124
5071 15 1 94
5072 15 1 95
5073 16 255 95
5074 15 1 96
5075 17 4 96
5076 15 1 97
5077 18 249 97
5078 15 1 98
5079 19 16 98
5080 15 1 99
5081 20 225 99
5082 15 1 100
5083 21 64 100
5084 15 1 101
5085 22 129 101
5086 15 1 102
5087 23 256 102
5088 15 1 103
5089 24 2 103
5090 15 1 104
5091 25 253 104
5092 15 1 105
5093 26 8 105
5094 15 1 106
5095 27 241 106
5096 15 1 107
5097 28 32 107
5098 15 1 108
5099 15 1 109
5100 15 1 110
5101 15 1 111
5102 15 1 112
5103 15 1 113
5104 15 1 114
5105 15 1 115
5106 15 1 116
5107 15 1 117
5108 15 1 118
5109 15 1 119
5110 15 1 120
5111 15 1 121
5112 15 1 122
5113 15 1 123
5114 15 1 124
5115 16 1 96
5116 16 1 97
5117 17 255 97
5118 16 1 98
5119 18 4 98
5120 16 1 99
5121 19 249 99
5122 16 1 100
5123 20 16 100
5124 16 1 101
5125 21 225 101
5126 16 1 102
5127 22 64 102
5128 16 1 103
5129 23 129 103
5130 16 1 104
5131 24 256 104
5132 16 1 105
5133 25 2 105
5134 16 1 106
5135 26 253 106
5136 16 1 107
5137 27 8 107
5138 16 1 108
5139 28 241 108
5140 16 1 109
5141 29 32 109
5142 16 1 110
5143 30 193 110
5144 16 1 111
5145 16 1 112
5146 16 1 113
5147 16 1 114
5148 16 1 115
5149 16 1 116
5150 16 1 117
5151 16 1 118
5152 16 1 119
5153 16 1 120
5154 16 1 121
5155 16 1 122
5156 16 1 123
5157 16 1 124
5158 17 1 98
5159 17 1 99
5160 18 255 99
5161 17 1 100
5162 19 4 100
5163 17 1 101
5164 20 249 101
5165 17 1 102
5166 21 16 102
5167 17 1 103
5168 22 225 103
5169 17 1 104
5170 23 64 104
5171 17 1 105
5172 24 129 105
5173 17 1 106
5174 25 256 106
5175 17 1 107
5176 26 2 107
5177 17 1 108
5178 27 253 108
5179 17 1 109
5180 28 8 109
5181 17 1 110
5182 29 241 110
5183 17 1 111
5184 30 32 111
5185 17 1 112
5186 31 193 112
5187 17 1 113
5188 32 128 113
5189 17 1 114
5190 17 1 115
5191 17 1 116
5192 17 1 117
5193 17 1 118
5194 17 1 119
5195 17 1 120
5196 17 1 121
5197 17 1 122
5198 17 1 123
5199 17 1 124
5200 18 1 100
5201 18 1 101
5202 19 255 101
5203 18 1 102
5204 20 4 102
5205 18 1 103
5206 21 249 103
5207 18 1 104
5208 22 16 104
5209 18 1 105
5210 23 225 105
5211 18 1 106
5212 24 64 106
5213 18 1 107
5214 25 129 107
5215 18 1 108
5216 26 256 108
5217 18 1 109
5218 27 2 109
5219 18 1 110
5220 28 253 110
5221 18 1 111
5222 29 8 111
5223 18 1 112
5224 30 241 112
5225 18 1 113
5226 31 32 113
5227 18 1 114
5228 32 193 114
5229 18 1 115
5230 33 128 115
5231 18 1 116
5232 34 1 116
5233 18 1 117
5234 18 1 118
5235 18 1 119
5236 18 1 120
5237 18 1 121
5238 18 1 122
5239 18 1 123
5240 18 1 124
5241 19 1 102
5242 19 1 103
5243 20 255 103
5244 19 1 104
5245 21 4 104
5246 19 1 105
5247 22 249 105
5248 19 1 106
5249 23 16 106
5250 19 1 107
5251 24 225 107
5252 19 1 108
5253 25 64 108
5254 19 1 109
5255 26 129 109
5256 19 1 110
5257 27 256 110
5258 19 1 111
5259 28 2 111
5260 19 1 112
5261 29 253 112
5262 19 1 113
5263 30 8 113
5264 19 1 114
5265 31 241 114
5266 19 1 115
5267 32 32 115
5268 19 1 116
5269 33 193 116
5270 19 1 117
5271 34 128 117
5272 19 1 118
5273 35 1 118
5274 19 1 119
5275 36 255 119
5276 19 1 120
5277 19 1 121
5278 19 1 122
5279 19 1 123
5280 19 1 124
5281 20 1 104
5282 20 1 105
5283 21 255 105
5284 20 1 106
5285 22 4 106
5286 20 1 107
5287 23 249 107
5288 20 1 108
5289 24 16 108
5290 20 1 109
5291 25 225 109
5292 20 1 110
5293 26 64 110
5294 20 1 111
5295 27 129 111
5296 20 1 112
5297 28 256 112
5298 20 1 113
5299 29 2 113
5300 20 1 114
5301 30 253 114
5302 20 1 115
5303 31 8 115
5304 20 1 116
5305 32 241 116
5306 20 1 117
5307 33 32 117
5308 20 1 118
5309 34 193 118
5310 20 1 119
5311 35 128 119
5312 20 1 120
5313 36 1 120
5314 20 1 121
5315 37 255 121
5316 20 1 122
5317 38 4 122
5318 20 1 123
5319 20 1 124
5320 21 1 106
5321 21 1 107
5322 22 255 107
5323 21 1 108
5324 23 4 108
5325 21 1 109
5326 24 249 109
5327 21 1 110
5328 25 16 110
5329 21 1 111
5330 26 225 111
5331 21 1 112
5332 27 64 112
5333 21 1 113
5334 28 129 113
5335 21 1 114
5336 29 256 114
5337 21 1 115
5338 30 2 115
5339 21 1 116
5340 31 253 116
5341 21 1 117
5342 32 8 117
5343 21 1 118
5344 33 241 118
5345 21 1 119
5346 34 32 119
5347 21 1 120
5348 35 193 120
5349 21 1 121
5350 36 128 121
5351 21 1 122
5352 37 1 122
5353 21 1 123
5354 38 255 123
5355 21 1 124
5356 39 4 124
5357 21 1 125
5358 22 1 108
5359 22 1 109
5360 23 255 109
5361 22 1 110
5362 24 4 110
5363 22 1 111
5364 25 249 111
5365 22 1 112
5366 26 16 112
5367 22 1 113
5368 27 225 113
5369 22 1 114
5370 28 64 114
5371 22 1 115
5372 29 129 115
5373 22 1 116
5374 30 256 116
5375 22 1 117
5376 31 2 117
5377 22 1 118
5378 32 253 118
5379 22 1 119
5380 33 8 119
5381 22 1 120
5382 34 241 120
5383 22 1 121
5384 35 32 121
5385 22 1 122
5386 36 193 122
5387 22 1 123
5388 37 128 123
5389 22 1 124
5390 38 1 124
5391 19 89 125
5392 20 107 125
5393 22 1 125
5394 40 76 125
5395 23 1 110
5396 23 1 111
5397 24 255 111
5398 23 1 112
5399 25 4 112
5400 23 1 113
5401 26 249 113
5402 23 1 114
5403 27 16 114
5404 23 1 115
5405 28 225 115
5406 23 1 116
5407 29 64 116
5408 23 1 117
5409 30 129 117
5410 23 1 118
5411 31 256 118
5412 23 1 119
5413 32 2 119
5414 23 1 120
5415 33 253 120
5416 23 1 121
5417 34 8 121
5418 23 1 122
5419 35 241 122
5420 23 1 123
5421 36 32 123
5422 23 1 124
5423 37 193 124
5424 17 188 125
5425 18 99 125
5426 23 1 125
5427 39 5 125
5428 21 77 126
5429 22 133 126
5430 23 1 126
5431 24 1 112
5432 24 1 113
5433 25 255 113
5434 24 1 114
5435 26 4 114
5436 24 1 115
5437 27 249 115
5438 24 1 116
5439 28 16 116
5440 24 1 117
5441 29 225 117
5442 24 1 118
5443 30 64 118
5444 24 1 119
5445 31 129 119
5446 24 1 120
5447 32 256 120
5448 24 1 121
5449 33 2 121
5450 24 1 122
5451 34 253 122
5452 24 1 123
5453 35 8 123
5454 24 1 124
5455 36 241 124
5456 15 39 125
5457 16 54 125
5458 24 1 125
5459 38 65 125
5460 19 173 126
5461 20 87 126
5462 24 1 126
5463 40 203 126
5464 23 217 127
5465 24 1 127
5466 25 1 114
5467 25 1 115
5468 26 255 115
5469 25 1 116
5470 27 4 116
5471 25 1 117
5472 28 249 117
5473 25 1 118
5474 29 16 118
5475 25 1 119
5476 30 225 119
5477 25 1 120
5478 31 64 120
5479 25 1 121
5480 32 129 121
5481 25 1 122
5482 33 256 122
5483 25 1 123
5484 34 2 123
5485 25 1 124
5486 35 253 124
5487 13 30 125
5488 14 229 125
5489 25 1 125
5490 37 119 125
5491 17 224 126
5492 18 152 126
5493 25 1 126
5494 39 131 126
5495 21 77 127
5496 22 113 127
5497 25 1 127
5498 41 28 127
5499 25 1 128
5500 26 1 116
5501 26 1 117
5502 27 255 117
5503 26 1 118
5504 28 4 118
5505 26 1 119
5506 29 249 119
5507 26 1 120
5508 30 16 120
5509 26 1 121
5510 31 225 121
5511 26 1 122
5512 32 64 122
5513 26 1 123
5514 33 129 123
5515 26 1 124
5516 34 256 124
5517 11 173 125
5518 12 234 125
5519 26 1 125
5520 36 72 125
5521 15 213 126
5522 16 161 126
5523 26 1 126
5524 38 192 126
5525 19 199 127
5526 20 236 127
5527 26 1 127
5528 40 138 127
5529 23 197 128
5530 24 209 128
5531 26 1 128
5532 42 219 128
5533 27 1 118
5534 27 1 119
5535 28 255 119
5536 27 1 120
5537 29 4 120
5538 27 1 121
5539 30 249 121
5540 27 1 122
5541 31 16 122
5542 27 1 123
5543 32 225 123
5544 27 1 124
5545 33 64 124
5546 9 239 125
5547 10 91 125
5548 27 1 125
5549 35 127 125
5550 13 205 126
5551 14 255 126
5552 27 1 126
5553 37 132 126
5554 17 114 127
5555 18 202 127
5556 27 1 127
5557 39 223 127
5558 21 144 128
5559 22 61 128
5560 27 1 128
5561 41 107 128
5562 25 2 129
5563 26 53 129
5564 27 1 129
5565 28 1 120
5566 28 1 121
5567 29 255 121
5568 28 1 122
5569 30 4 122
5570 28 1 123
5571 31 249 123
5572 28 1 124
5573 32 16 124
5574 7 58 125
5575 8 76 125
5576 28 1 125
5577 34 233 125
5578 11 127 126
5579 12 29 126
5580 28 1 126
5581 36 229 126
5582 15 84 127
5583 16 23 127
5584 28 1 127
5585 38 252 127
5586 19 137 128
5587 20 112 128
5588 28 1 128
5589 40 128 128
5590 23 64 129
5591 24 227 129
5592 28 1 129
5593 42 178 129
5594 27 194 130
5595 28 1 130
5596 29 1 122
5597 29 1 123
5598 30 255 123
5599 29 1 124
5600 31 4 124
5601 5 189 125
5602 6 197 125
5603 29 1 125
5604 33 89 125
5605 9 128 126
5606 10 150 126
5607 29 1 126
5608 35 225 126
5609 13 145 127
5610 14 195 127
5611 29 1 127
5612 37 213 127
5613 17 24 128
5614 18 80 128
5615 29 1 128
5616 39 247 128
5617 21 220 129
5618 22 223 129
5619 29 1 129
5620 41 127 129
5621 25 83 130
5622 26 194 130
5623 29 1 130
5624 43 139 130
5625 29 1 131
5626 30 1 124
5627 3 32 125
5628 4 186 125
5629 30 1 125
5630 32 66 125
5631 7 232 126
5632 8 114 126
5633 30 1 126
5634 34 57 126
5635 11 107 127
5636 12 25 127
5637 30 1 127
5638 36 123 127
5639 15 133 128
5640 16 170 128
5641 30 1 128
5642 38 8 128
5643 19 61 129
5644 20 32 129
5645 30 1 129
5646 40 36 129
5647 23 8 130
5648 24 181 130
5649 30 1 130
5650 42 72 130
5651 27 255 131
5652 28 17 131
5653 30 1 131
5654 44 29 131
5655 31 1 125
5656 5 69 126
5657 6 128 126
5658 31 1 126
5659 33 200 126
5660 9 253 127
5661 10 193 127
5662 31 1 127
5663 35 17 127
5664 13 162 128
5665 14 230 128
5666 31 1 128
5667 37 137 128
5668 17 222 129
5669 18 77 129
5670 31 1 129
5671 39 99 129
5672 21 235 130
5673 22 98 130
5674 31 1 130
5675 41 81 130
5676 25 51 131
5677 26 158 131
5678 31 1 131
5679 43 31 131
5680 29 238 132
5681 30 33 132
5682 31 1 132
5683 32 1 126
5684 7 149 127
5685 8 79 127
5686 32 1 127
5687 34 128 127
5688 11 256 128
5689 12 241 128
5690 32 1 128
5691 36 237 128
5692 15 129 129
5693 16 107 129
5694 32 1 129
5695 38 89 129
5696 19 111 130
5697 20 167 130
5698 32 1 130
5699 40 171 130
5700 23 71 131
5701 24 151 131
5702 32 1 131
5703 42 160 131
5704 27 141 132
5705 28 74 132
5706 32 1 132
5707 44 155 132
5708 31 15 133
5709 32 1 133
5710 33 1 127
5711 9 118 128
5712 10 204 128
5713 33 1 128
5714 35 163 128
5715 13 22 129
5716 14 95 129
5717 33 1 129
5718 37 204 129
5719 17 245 130
5720 18 2 130
5721 33 1 130
5722 39 17 130
5723 21 16 131
5724 22 119 131
5725 33 1 131
5726 41 205 131
5727 25 255 132
5728 26 79 132
5729 33 1 132
5730 43 84 132
5731 29 99 133
5732 30 216 133
5733 33 1 133
5734 45 57 133
5735 33 1 134
5736 34 1 128
5737 11 125 129
5738 12 68 129
5739 34 1 129
5740 36 203 129
5741 15 10 130
5742 16 160 130
5743 34 1 130
5744 38 252 130
5745 19 147 131
5746 20 104 131
5747 34 1 131
5748 40 183 131
5749 23 41 132
5750 24 64 132
5751 34 1 132
5752 42 16 132
5753 27 255 133
5754 28 79 133
5755 34 1 133
5756 44 252 133
5757 31 164 134
5758 32 241 134
5759 34 1 134
5760 46 227 134
5761 35 1 129
5762 13 32 130
5763 14 186 130
5764 35 1 130
5765 37 249 130
5766 17 226 131
5767 18 18 131
5768 35 1 131
5769 39 58 131
5770 21 203 132
5771 22 9 132
5772 35 1 132
5773 41 146 132
5774 25 220 133
5775 26 30 133
5776 35 1 133
5777 43 32 133
5778 29 49 134
5779 30 249 134
5780 35 1 134
5781 45 111 134
5782 33 193 135
5783 34 94 135
5784 35 1 135
5785 36 1 130
5786 15 181 131
5787 16 8 131
5788 36 1 131
5789 38 167 131
5790 19 4 132
5791 20 64 132
5792 36 1 132
5793 40 142 132
5794 23 209 133
5795 24 8 133
5796 36 1 133
5797 42 249 133
5798 27 119 134
5799 28 98 134
5800 36 1 134
5801 44 142 134
5802 31 70 135
5803 32 62 135
5804 36 1 135
5805 46 224 135
5806 35 54 136
5807 36 1 136
5808 37 1 131
5809 17 35 132
5810 18 91 132
5811 37 1 132
5812 39 157 132
5813 21 71 133
5814 22 108 133
5815 37 1 133
5816 41 256 133
5817 25 55 134
5818 26 205 134
5819 37 1 134
5820 43 90 134
5821 29 73 135
5822 30 45 135
5823 37 1 135
5824 45 160 135
5825 33 158 136
5826 34 184 136
5827 37 1 136
5828 47 59 136
5829 37 1 137
5830 38 1 132
5831 19 28 133
5832 20 227 133
5833 38 1 133
5834 40 115 133
5835 23 71 134
5836 24 108 134
5837 38 1 134
5838 42 58 134
5839 27 133 135
5840 28 192 135
5841 38 1 135
5842 44 150 135
5843 31 78 136
5844 32 34 136
5845 38 1 136
5846 46 159 136
5847 35 59 137
5848 36 111 137
5849 38 1 137
5850 48 135 137
5851 39 1 133
5852 21 13 134
5853 22 188 134
5854 39 1 134
5855 41 33 134
5856 25 144 135
5857 26 248 135
5858 39 1 135
5859 43 163 135
5860 29 58 136
5861 30 76 136
5862 39 1 136
5863 45 134 136
5864 33 144 137
5865 34 43 137
5866 39 1 137
5867 47 220 137
5868 37 46 138
5869 38 239 138
5870 39 1 138
5871 40 1 134
5872 23 43 135
5873 24 9 135
5874 40 1 135
5875 42 243 135
5876 27 198 136
5877 28 84 136
5878 40 1 136
5879 44 12 136
5880 31 26 137
5881 32 167 137
5882 40 1 137
5883 46 102 137
5884 35 55 138
5885 36 136 138
5886 40 1 138
5887 48 207 138
5888 39 26 139
5889 40 1 139
5890 41 1 135
5891 25 101 136
5892 26 57 136
5893 41 1 136
5894 43 241 136
5895 29 214 137
5896 30 83 137
5897 41 1 137
5898 45 171 137
5899 33 52 138
5900 34 77 138
5901 41 1 138
5902 47 204 138
5903 37 140 139
5904 38 206 139
5905 41 1 139
5906 49 7 139
5907 41 1 140
5908 42 1 136
5909 27 23 137
5910 28 214 137
5911 42 1 137
5912 44 199 137
5913 31 67 138
5914 32 44 138
5915 42 1 138
5916 46 247 138
5917 35 207 139
5918 36 94 139
5919 42 1 139
5920 48 89 139
5921 39 163 140
5922 40 104 140
5923 42 1 140
5924 50 63 140
5925 43 1 137
5926 29 57 138
5927 30 251 138
5928 43 1 138
5929 45 18 138
5930 33 85 139
5931 34 75 139
5932 43 1 139
5933 47 242 139
5934 37 144 140
5935 38 233 140
5936 43 1 140
5937 49 94 140
5938 41 37 141
5939 42 227 141
5940 43 1 141
5941 44 1 138
5942 31 114 139
5943 32 245 139
5944 44 1 139
5945 46 68 139
5946 35 84 140
5947 36 59 140
5948 44 1 140
5949 48 160 140
5950 39 101 141
5951 40 26 141
5952 44 1 141
5953 50 25 141
5954 43 93 142
5955 44 1 142
5956 45 1 139
5957 33 184 140
5958 34 170 140
5959 45 1 140
5960 47 133 140
5961 37 221 141
5962 38 195 141
5963 45 1 141
5964 49 181 141
5965 41 96 142
5966 42 241 142
5967 45 1 142
5968 51 100 142
5969 45 1 143
5970 46 1 140
5971 35 148 141
5972 36 25 141
5973 46 1 141
5974 48 134 141
5975 39 186 142
5976 40 149 142
5977 46 1 142
5978 50 223 142
5979 43 175 143
5980 44 185 143
5981 46 1 143
5982 52 186 143
5983 47 1 141
5984 37 107 142
5985 38 124 142
5986 47 1 142
5987 49 39 142
5988 41 230 143
5989 42 82 143
5990 47 1 143
5991 51 189 143
5992 45 179 144
5993 46 13 144
5994 47 1 144
5995 48 1 142
5996 39 231 143
5997 40 138 143
5998 48 1 143
5999 50 197 143
6000 43 193 144
6001 44 4 144
6002 48 1 144
6003 52 184 144
6004 47 251 145
6005 48 1 145
6006 49 1 143
6007 41 33 144
6008 42 240 144
6009 49 1 144
6010 51 177 144
6011 45 185 145
6012 46 133 145
6013 49 1 145
6014 53 38 145
6015 49 1 146
6016 50 1 144
6017 43 165 145
6018 44 172 145
6019 50 1 145
6020 52 145 145
6021 47 10 146
6022 48 160 146
6023 50 1 146
6024 54 190 146
6025 51 1 145
6026 45 219 146
6027 46 4 146
6028 51 1 146
6029 53 89 146
6030 49 88 147
6031 50 123 147
6032 51 1 147
6033 52 1 146
6034 47 64 147
6035 48 115 147
6036 52 1 147
6037 54 234 147
6038 51 241 148
6039 52 1 148
6040 53 1 147
6041 49 229 148
6042 50 30 148
6043 53 1 148
6044 55 211 148
6045 53 1 149
6046 54 1 148
6047 51 178 149
6048 52 103 149
6049 54 1 149
6050 56 119 149
6051 55 1 149
6052 53 54 150
6053 54 89 150
6054 55 1 150
6055 56 1 150
6056 55 119 151
6057 56 1 151
6058 57 1 151
6059 57 1 152
6060 58 1 152
6061 59 148 154
6062 58 135 153
6063 57 45 153
6064 56 15 152
6065 55 5 152
6066 54 173 151
6067 53 229 151
6068 52 162 150
6069 51 54 150
6070 50 18 149
6071 49 6 149
6072 48 2 148
6073 47 172 148
6074 46 143 147
6075 45 219 147
6076 44 73 146
6077 43 110 146
6078 42 208 145
6079 41 155 145
6080 40 223 144
6081 39 160 144
6082 38 139 143
6083 37 132 143
6084 36 44 142
6085 35 186 142
6086 34 62 141
6087 33 192 141
6088 32 64 140
6089 31 107 140
6090 30 207 139
6091 29 69 139
6092 28 23 138
6093 27 179 138
6094 26 231 137
6095 25 77 137
6096 24 197 136
6097 23 237 136
6098 22 79 135
6099 21 112 135
6100 20 123 134
6101 19 41 134
6102 18 185 133
6103 17 233 133
6104 16 249 132
6105 15 83 132
6106 14 199 131
6107 13 152 131
6108 12 222 130
6109 60 148 155
6110 59 135 155
6111 58 45 154
6112 57 15 154
6113 56 5 153
6114 55 173 153
6115 54 229 152
6116 53 162 152
6117 52 54 151
6118 51 18 151
6119 50 6 150
6120 49 2 150
6121 48 172 149
6122 47 143 149
6123 46 219 148
6124 45 73 148
6125 44 110 147
6126 43 208 147
6127 42 155 146
6128 41 223 146
6129 40 160 145
6130 39 139 145
6131 38 132 144
6132 37 44 144
6133 36 186 143
6134 35 62 143
6135 34 192 142
6136 33 64 142
6137 32 107 141
6138 31 207 141
6139 30 69 140
6140 29 23 140
6141 28 179 139
6142 27 231 139
6143 26 77 138
6144 25 197 138
6145 24 237 137
6146 23 79 137
6147 22 112 136
6148 21 123 136
6149 20 41 135
6150 19 185 135
6151 18 233 134
6152 17 249 134
6153 16 83 133
6154 15 199 133
6155 14 152 132
6156 61 148 157
6157 60 135 156
6158 59 45 156
6159 58 15 155
6160 57 5 155
6161 56 173 154
6162 55 229 154
6163 54 162 153
6164 53 54 153
6165 52 18 152
6166 51 6 152
6167 50 2 151
6168 49 172 151
6169 48 143 150
6170 47 219 150
6171 46 73 149
6172 45 110 149
6173 44 208 148
6174 43 155 148
6175 42 223 147
6176 41 160 147
6177 40 139 146
6178 39 132 146
6179 38 44 145
6180 37 186 145
6181 36 62 144
6182 35 192 144
6183 34 64 143
6184 33 107 143
6185 32 207 142
6186 31 69 142
6187 30 23 141
6188 29 179 141
6189 28 231 140
6190 27 77 140
6191 26 197 139
6192 25 237 139
6193 24 79 138
6194 23 112 138
6195 22 123 137
6196 21 41 137
6197 20 185 136
6198 19 233 136
6199 18 249 135
6200 17 83 135
6201 16 199 134
6202 62 148 158
6203 61 135 158
6204 60 45 157
6205 59 15 157
6206 58 5 156
6207 57 173 156
6208 56 229 155
6209 55 162 155
6210 54 54 154
6211 53 18 154
6212 52 6 153
6213 51 2 153
6214 50 172 152
6215 49 143 152
6216 48 219 151
6217 47 73 151
6218 46 110 150
6219 45 208 150
6220 44 155 149
6221 43 223 149
6222 42 160 148
6223 41 139 148
6224 40 132 147
6225 39 44 147
6226 38 186 146
6227 37 62 146
6228 36 192 145
6229 35 64 145
6230 34 107 144
6231 33 207 144
6232 32 69 143
6233 31 23 143
6234 30 179 142
6235 29 231 142
6236 28 77 141
6237 27 197 141
6238 26 237 140
6239 25 79 140
6240 24 112 139
6241 23 123 139
6242 22 41 138
6243 21 185 138
6244 20 233 137
6245 19 249 137
6246 18 83 136
6247 63 148 160
6248 62 135 159
6249 61 45 159
6250 60 15 158
6251 59 5 158
6252 58 173 157
6253 57 229 157
6254 56 162 156
6255 55 54 156
6256 54 18 155
6257 53 6 155
6258 52 2 154
6259 51 172 154
6260 50 143 153
6261 49 219 153
6262 48 73 152
6263 47 110 152
6264 46 208 151
6265 45 155 151
6266 44 223 150
6267 43 160 150
6268 42 139 149
6269 41 132 149
6270 40 44 148
6271 39 186 148
6272 38 62 147
6273 37 192 147
6274 36 64 146
6275 35 107 146
6276 34 207 145
6277 33 69 145
6278 32 23 144
6279 31 179 144
6280 30 231 143
6281 29 77 143
6282 28 197 142
6283 27 237 142
6284 26 79 141
6285 25 112 141
6286 24 123 140
6287 23 41 140
6288 22 185 139
6289 21 233 139
6290 20 249 138
6291 64 148 161
6292 63 135 161
6293 62 45 160
6294 61 15 160
6295 60 5 159
6296 59 173 159
6297 58 229 158
6298 57 162 158
6299 56 54 157
6300 55 18 157
6301 54 6 156
6302 53 2 156
6303 52 172 155
6304 51 143 155
6305 50 219 154
6306 49 73 154
6307 48 110 153
6308 47 208 153
6309 46 155 152
6310 45 223 152
6311 44 160 151
6312 43 139 151
6313 42 132 150
6314 41 44 150
6315 40 186 149
6316 39 62 149
6317 38 192 148
6318 37 64 148
6319 36 107 147
6320 35 207 147
6321 34 69 146
6322 33 23 146
6323 32 179 145
6324 31 231 145
6325 30 77 144
6326 29 197 144
6327 28 237 143
6328 27 79 143
6329 26 112 142
6330 25 123 142
6331 24 41 141
6332 23 185 141
6333 22 233 140
6334 65 148 163
6335 64 135 162
6336 63 45 162
6337 62 15 161
6338 61 5 161
6339 60 173 160
6340 59 229 160
6341 58 162 159
6342 57 54 159
6343 56 18 158
6344 55 6 158
6345 54 2 157
6346 53 172 157
6347 52 143 156
6348 51 219 156
6349 50 73 155
6350 49 110 155
6351 48 208 154
6352 47 155 154
6353 46 223 153
6354 45 160 153
6355 44 139 152
6356 43 132 152
6357 42 44 151
6358 41 186 151
6359 40 62 150
6360 39 192 150
6361 38 64 149
6362 37 107 149
6363 36 207 148
6364 35 69 148
6365 34 23 147
6366 33 179 147
6367 32 231 146
6368 31 77 146
6369 30 197 145
6370 29 237 145
6371 28 79 144
6372 27 112 144
6373 26 123 143
6374 25 41 143
6375 24 185 142
6376 66 148 164
6377 65 135 164
6378 64 45 163
6379 63 15 163
6380 62 5 162
6381 61 173 162
6382 60 229 161
6383 59 162 161
6384 58 54 160
6385 57 18 160
6386 56 6 159
6387 55 2 159
6388 54 172 158
6389 53 143 158
6390 52 219 157
6391 51 73 157
6392 50 110 156
6393 49 208 156
6394 48 155 155
6395 47 223 155
6396 46 160 154
6397 45 139 154
6398 44 132 153
6399 43 44 153
6400 42 186 152
6401 41 62 152
6402 40 192 151
6403 39 64 151
6404 38 107 150
6405 37 207 150
6406 36 69 149
6407 35 23 149
6408 34 179 148
6409 33 231 148
6410 32 77 147
6411 31 197 147
6412 30 237 146
6413 29 79 146
6414 28 112 145
6415 27 123 145
6416 26 41 144
6417 67 148 166
6418 66 135 165
6419 65 45 165
6420 64 15 164
6421 63 5 164
6422 62 173 163
6423 61 229 163
6424 60 162 162
6425 59 54 162
6426 58 18 161
6427 57 6 161
6428 56 2 160
6429 55 172 160
6430 54 143 159
6431 53 219 159
6432 52 73 158
6433 51 110 158
6434 50 208 157
6435 49 155 157
6436 48 223 156
6437 47 160 156
6438 46 139 155
6439 45 132 155
6440 44 44 154
6441 43 186 154
6442 42 62 153
6443 41 192 153
6444 40 64 152
6445 39 107 152
6446 38 207 151
6447 37 69 151
6448 36 23 150
6449 35 179 150
6450 34 231 149
6451 33 77 149
6452 32 197 148
6453 31 237 148
6454 30 79 147
6455 29 112 147
6456 28 123 146
6457 68 148 167
6458 67 135 167
6459 66 45 166
6460 65 15 166
6461 64 5 165
6462 63 173 165
6463 62 229 164
6464 61 162 164
6465 60 54 163
6466 59 18 163
6467 58 6 162
6468 57 2 162
6469 56 172 161
6470 55 143 161
6471 54 219 160
6472 53 73 160
6473 52 110 159
6474 51 208 159
6475 50 155 158
6476 49 223 158
6477 48 160 157
6478 47 139 157
6479 46 132 156
6480 45 44 156
6481 44 186 155
6482 43 62 155
6483 42 192 154
6484 41 64 154
6485 40 107 153
6486 39 207 153
6487 38 69 152
6488 37 23 152
6489 36 179 151
6490 35 231 151
6491 34 77 150
6492 33 197 150
6493 32 237 149
6494 31 79 149
6495 30 112 148
6496 69 148 169
6497 68 135 168
6498 67 45 168
6499 66 15 167
6500 65 5 167
6501 64 173 166
6502 63 229 166
6503 62 162 165
6504 61 54 165
6505 60 18 164
6506 59 6 164
6507 58 2 163
6508 57 172 163
6509 56 143 162
6510 55 219 162
6511 54 73 161
6512 53 110 161
6513 52 208 160
6514 51 155 160
6515 50 223 159
6516 49 160 159
6517 48 139 158
6518 47 132 158
6519 46 44 157
6520 45 186 157
6521 44 62 156
6522 43 192 156
6523 42 64 155
6524 41 107 155
6525 40 207 154
6526 39 69 154
6527 38 23 153
6528 37 179 153
6529 36 231 152
6530 35 77 152
6531 34 197 151
6532 33 237 151
6533 32 79 150
6534 70 148 170
6535 69 135 170
6536 68 45 169
6537 67 15 169
6538 66 5 168
6539 65 173 168
6540 64 229 167
6541 63 162 167
6542 62 54 166
6543 61 18 166
6544 60 6 165
6545 59 2 165
6546 58 172 164
6547 57 143 164
6548 56 219 163
6549 55 73 163
6550 54 110 162
6551 53 208 162
6552 52 155 161
6553 51 223 161
6554 50 160 160
6555 49 139 160
6556 48 132 159
6557 47 44 159
6558 46 186 158
6559 45 62 158
6560 44 192 157
6561 43 64 157
6562 42 107 156
6563 41 207 156
6564 40 69 155
6565 39 23 155
6566 38 179 154
6567 37 231 154
6568 36 77 153
6569 35 197 153
6570 34 237 152
6571 71 148 172
6572 70 135 171
6573 69 45 171
6574 68 15 170
6575 67 5 170
6576 66 173 169
6577 65 229 169
6578 64 162 168
6579 63 54 168
6580 62 18 167
6581 61 6 167
6582 60 2 166
6583 59 172 166
6584 58 143 165
6585 57 219 165
6586 56 73 164
6587 55 110 164
6588 54 208 163
6589 53 155 163
6590 52 223 162
6591 51 160 162
6592 50 139 161
6593 49 132 161
6594 48 44 160
6595 47 186 160
6596 46 62 159
6597 45 192 159
6598 44 64 158
6599 43 107 158
6600 42 207 157
6601 41 69 157
6602 40 23 156
6603 39 179 156
6604 38 231 155
6605 37 77 155
6606 36 197 154
6607 72 148 173
6608 71 135 173
6609 70 45 172
6610 69 15 172
6611 68 5 171
6612 67 173 171
6613 66 229 170
6614 65 162 170
6615 64 54 169
6616 63 18 169
6617 62 6 168
6618 61 2 168
6619 60 172 167
6620 59 143 167
6621 58 219 166
6622 57 73 166
6623 56 110 165
6624 55 208 165
6625 54 155 164
6626 53 223 164
6627 52 160 163
6628 51 139 163
6629 50 132 162
6630 49 44 162
6631 48 186 161
6632 47 62 161
6633 46 192 160
6634 45 64 160
6635 44 107 159
6636 43 207 159
6637 42 69 158
6638 41 23 158
6639 40 179 157
6640 39 231 157
6641 38 77 156
6642 73 148 175
6643 72 135 174
6644 71 45 174
6645 70 15 173
6646 69 5 173
6647 68 173 172
6648 67 229 172
6649 66 162 171
6650 65 54 171
6651 64 18 170
6652 63 6 170
6653 62 2 169
6654 61 172 169
6655 60 143 168
6656 59 219 168
6657 58 73 167
6658 57 110 167
6659 56 208 166
6660 55 155 166
6661 54 223 165
6662 53 160 165
6663 52 139 164
6664 51 132 164
6665 50 44 163
6666 49 186 163
6667 48 62 162
6668 47 192 162
6669 46 64 161
6670 45 107 161
6671 44 207 160
6672 43 69 160
6673 42 23 159
6674 41 179 159
6675 40 231 158
6676 74 148 176
6677 73 135 176
6678 72 45 175
6679 71 15 175
6680 70 5 174
6681 69 173 174
6682 68 229 173
6683 67 162 173
6684 66 54 172
6685 65 18 172
6686 64 6 171
6687 63 2 171
6688 62 172 170
6689 61 143 170
6690 60 219 169
6691 59 73 169
6692 58 110 168
6693 57 208 168
6694 56 155 167
6695 55 223 167
6696 54 160 166
6697 53 139 166
6698 52 132 165
6699 51 44 165
6700 50 186 164
6701 49 62 164
6702 48 192 163
6703 47 64 163
6704 46 107 162
6705 45 207 162
6706 44 69 161
6707 43 23 161
6708 42 179 160
6709 75 148 178
6710 74 135 177
6711 73 45 177
6712 72 15 176
6713 71 5 176
6714 70 173 175
6715 69 229 175
6716 68 162 174
6717 67 54 174
6718 66 18 173
6719 65 6 173
6720 64 2 172
6721 63 172 172
6722 62 143 171
6723 61 219 171
6724 60 73 170
6725 59 110 170
6726 58 208 169
6727 57 155 169
6728 56 223 168
6729 55 160 168
6730 54 139 167
6731 53 132 167
6732 52 44 166
6733 51 186 166
6734 50 62 165
6735 49 192 165
6736 48 64 164
6737 47 107 164
6738 46 207 163
6739 45 69 163
6740 44 23 162
6741 76 148 179
6742 75 135 179
6743 74 45 178
6744 73 15 178
6745 72 5 177
6746 71 173 177
6747 70 229 176
6748 69 162 176
6749 68 54 175
6750 67 18 175
6751 66 6 174
6752 65 2 174
6753 64 172 173
6754 63 143 173
6755 62 219 172
6756 61 73 172
6757 60 110 171
6758 59 208 171
6759 58 155 170
6760 57 223 170
6761 56 160 169
6762 55 139 169
6763 54 132 168
6764 53 44 168
6765 52 186 167
6766 51 62 167
6767 50 192 166
6768 49 64 166
6769 48 107 165
6770 47 207 165
6771 46 69 164
6772 77 148 181
6773 76 135 180
6774 75 45 180
6775 74 15 179
6776 73 5 179
6777 72 173 178
6778 71 229 178
6779 70 162 177
6780 69 54 177
6781 68 18 176
6782 67 6 176
6783 66 2 175
6784 65 172 175
6785 64 143 174
6786 63 219 174
6787 62 73 173
6788 61 110 173
6789 60 208 172
6790 59 155 172
6791 58 223 171
6792 57 160 171
6793 56 139 170
6794 55 132 170
6795 54 44 169
6796 53 186 169
6797 52 62 168
6798 51 192 168
6799 50 64 167
6800 49 107 167
6801 48 207 166
6802 78 148 182
6803 77 135 182
6804 76 45 181
6805 75 15 181
6806 74 5 180
6807 73 173 180
6808 72 229 179
6809 71 162 179
6810 70 54 178
6811 69 18 178
6812 68 6 177
6813 67 2 177
6814 66 172 176
6815 65 143 176
6816 64 219 175
6817 63 73 175
6818 62 110 174
6819 61 208 174
6820 60 155 173
6821 59 223 173
6822 58 160 172
6823 57 139 172
6824 56 132 171
6825 55 44 171
6826 54 186 170
6827 53 62 170
6828 52 192 169
6829 51 64 169
6830 50 107 168
6831 79 148 184
6832 78 135 183
6833 77 45 183
6834 76 15 182
6835 75 5 182
6836 74 173 181
6837 73 229 181
6838 72 162 180
6839 71 54 180
6840 70 18 179
6841 69 6 179
6842 68 2 178
6843 67 172 178
6844 66 143 177
6845 65 219 177
6846 64 73 176
6847 63 110 176
6848 62 208 175
6849 61 155 175
6850 60 223 174
6851 59 160 174
6852 58 139 173
6853 57 132 173
6854 56 44 172
6855 55 186 172
6856 54 62 171
6857 53 192 171
6858 52 64 170
6859 80 148 185
6860 79 135 185
6861 78 45 184
6862 77 15 184
6863 76 5 183
6864 75 173 183
6865 74 229 182
6866 73 162 182
6867 72 54 181
6868 71 18 181
6869 70 6 180
6870 69 2 180
6871 68 172 179
6872 67 143 179
6873 66 219 178
6874 65 73 178
6875 64 110 177
6876 63 208 177
6877 62 155 176
6878 61 223 176
6879 60 160 175
6880 59 139 175
6881 58 132 174
6882 57 44 174
6883 56 186 173
6884 55 62 173
6885 54 192 172
6886 81 148 187
6887 80 135 186
6888 79 45 186
6889 78 15 185
6890 77 5 185
6891 76 173 184
6892 75 229 184
6893 74 162 183
6894 73 54 183
6895 72 18 182
6896 71 6 182
6897 70 2 181
6898 69 172 181
6899 68 143 180
6900 67 219 180
6901 66 73 179
6902 65 110 179
6903 64 208 178
6904 63 155 178
6905 62 223 177
6906 61 160 177
6907 60 139 176
6908 59 132 176
6909 58 44 175
6910 57 186 175
6911 56 62 174
6912 82 148 188
6913 81 135 188
6914 80 45 187
6915 79 15 187
6916 78 5 186
6917 77 173 186
6918 76 229 185
6919 75 162 185
6920 74 54 184
6921 73 18 184
6922 72 6 183
6923 71 2 183
6924 70 172 182
6925 69 143 182
6926 68 219 181
6927 67 73 181
6928 66 110 180
6929 65 208 180
6930 64 155 179
6931 63 223 179
6932 62 160 178
6933 61 139 178
6934 60 132 177
6935 59 44 177
6936 58 186 176
6937 83 148 190
6938 82 135 189
6939 81 45 189
6940 80 15 188
6941 79 5 188
6942 78 173 187
6943 77 229 187
6944 76 162 186
6945 75 54 186
6946 74 18 185
6947 73 6 185
6948 72 2 184
6949 71 172 184
6950 70 143 183
6951 69 219 183
6952 68 73 182
6953 67 110 182
6954 66 208 181
6955 65 155 181
6956 64 223 180
6957 63 160 180
6958 62 139 179
6959 61 132 179
6960 60 44 178
6961 84 148 191
6962 83 135 191
6963 82 45 190
6964 81 15 190
6965 80 5 189
6966 79 173 189
6967 78 229 188
6968 77 162 188
6969 76 54 187
6970 75 18 187
6971 74 6 186
6972 73 2 186
6973 72 172 185
6974 71 143 185
6975 70 219 184
6976 69 73 184
6977 68 110 183
6978 67 208 183
6979 66 155 182
6980 65 223 182
6981 64 160 181
6982 63 139 181
6983 62 132 180
6984 85 148 193
6985 84 135 192
6986 83 45 192
6987 82 15 191
6988 81 5 191
6989 80 173 190
6990 79 229 190
6991 78 162 189
6992 77 54 189
6993 76 18 188
6994 75 6 188
6995 74 2 187
6996 73 172 187
6997 72 143 186
6998 71 219 186
6999 70 73 185
7000 69 110 185
7001 68 208 184
7002 67 155 184
7003 66 223 183
7004 65 160 183
7005 64 139 182
7006 86 148 194
7007 85 135 194
7008 84 45 193
7009 83 15 193
7010 82 5 192
7011 81 173 192
7012 80 229 191
7013 79 162 191
7014 78 54 190
7015 77 18 190
7016 76 6 189
7017 75 2 189
7018 74 172 188
7019 73 143 188
7020 72 219 187
7021 71 73 187
7022 70 110 186
7023 69 208 186
7024 68 155 185
7025 67 223 185
7026 66 160 184
7027 87 148 196
7028 86 135 195
7029 85 45 195
7030 84 15 194
7031 83 5 194
7032 82 173 193
7033 81 229 193
7034 80 162 192
7035 79 54 192
7036 78 18 191
7037 77 6 191
7038 76 2 190
7039 75 172 190
7040 74 143 189
7041 73 219 189
7042 72 73 188
7043 71 110 188
7044 70 208 187
7045 69 155 187
7046 68 223 186
7047 88 148 197
7048 87 135 197
7049 86 45 196
7050 85 15 196
7051 84 5 195
7052 83 173 195
7053 82 229 194
7054 81 162 194
7055 80 54 193
7056 79 18 193
7057 78 6 192
7058 77 2 192
7059 76 172 191
7060 75 143 191
7061 74 219 190
7062 73 73 190
7063 72 110 189
7064 71 208 189
7065 70 155 188
7066 89 148 199
7067 88 135 198
7068 87 45 198
7069 86 15 197
7070 85 5 197
7071 84 173 196
7072 83 229 196
7073 82 162 195
7074 81 54 195
7075 80 18 194
7076 79 6 194
7077 78 2 193
7078 77 172 193
7079 76 143 192
7080 75 219 192
7081 74 73 191
7082 73 110 191
7083 72 208 190
7084 90 148 200
7085 89 135 200
7086 88 45 199
7087 87 15 199
7088 86 5 198
7089 85 173 198
7090 84 229 197
7091 83 162 197
7092 82 54 196
7093 81 18 196
7094 80 6 195
7095 79 2 195
7096 78 172 194
7097 77 143 194
7098 76 219 193
7099 75 73 193
7100 74 110 192
7101 91 148 202
7102 90 135 201
7103 89 45 201
7104 88 15 200
7105 87 5 200
7106 86 173 199
7107 85 229 199
7108 84 162 198
7109 83 54 198
7110 82 18 197
7111 81 6 197
7112 80 2 196
7113 79 172 196
7114 78 143 195
7115 77 219 195
7116 76 73 194
7117 92 148 203
7118 91 135 203
7119 90 45 202
7120 89 15 202
7121 88 5 201
7122 87 173 201
7123 86 229 200
7124 85 162 200
7125 84 54 199
7126 83 18 199
7127 82 6 198
7128 81 2 198
7129 80 172 197
7130 79 143 197
7131 78 219 196
7132 93 148 205
7133 92 135 204
7134 91 45 204
7135 90 15 203
7136 89 5 203
7137 88 173 202
7138 87 229 202
7139 86 162 201
7140 85 54 201
7141 84 18 200
7142 83 6 200
7143 82 2 199
7144 81 172 199
7145 80 143 198
7146 94 148 206
7147 93 135 206
7148 92 45 205
7149 91 15 205
7150 90 5 204
7151 89 173 204
7152 88 229 203
7153 87 162 203
7154 86 54 202
7155 85 18 202
7156 84 6 201
7157 83 2 201
7158 82 172 200
7159 95 148 208
7160 94 135 207
7161 93 45 207
7162 92 15 206
7163 91 5 206
7164 90 173 205
7165 89 229 205
7166 88 162 204
7167 87 54 204
7168 86 18 203
7169 85 6 203
7170 84 2 202
7171 96 148 209
7172 95 135 209
7173 94 45 208
7174 93 15 208
7175 92 5 207
7176 91 173 207
7177 90 229 206
7178 89 162 206
7179 88 54 205
7180 87 18 205
7181 86 6 204
7182 97 148 211
7183 96 135 210
7184 95 45 210
7185 94 15 209
7186 93 5 209
7187 92 173 208
7188 91 229 208
7189 90 162 207
7190 89 54 207
7191 88 18 206
7192 98 148 212
7193 97 135 212
7194 96 45 211
7195 95 15 211
7196 94 5 210
7197 93 173 210
7198 92 229 209
7199 91 162 209
7200 90 54 208
7201 99 148 214
7202 98 135 213
7203 97 45 213
7204 96 15 212
7205 95 5 212
7206 94 173 211
7207 93 229 211
7208 92 162 210
7209 100 148 215
7210 99 135 215
7211 98 45 214
7212 97 15 214
7213 96 5 213
7214 95 173 213
7215 94 229 212
7216 101 148 217
7217 100 135 216
7218 99 45 216
7219 98 15 215
7220 97 5 215
7221 96 173 214
7222 102 148 218
7223 101 135 218
7224 100 45 217
7225 99 15 217
7226 98 5 216
7227 103 148 220
7228 102 135 219
7229 101 45 219
7230 100 15 218
7231 104 148 221
7232 103 135 221
7233 102 45 220
7234 105 148 223
7235 104 135 222
7236 106 148 224
7237 107 64 226
7238 105 16 224
7239 103 4 222
7240 101 1 220
7241 99 193 218
7242 97 241 216
7243 95 253 214
7244 93 256 212
7245 91 64 210
7246 89 16 208
7247 87 4 206
7248 85 1 204
7249 83 193 202
7250 81 241 200
7251 79 253 198
7252 77 256 196
7253 75 64 194
7254 73 16 192
7255 71 4 190
7256 69 1 188
7257 67 193 186
7258 65 241 184
7259 63 253 182
7260 61 256 180
7261 59 64 178
7262 57 16 176
7263 55 4 174
7264 53 1 172
7265 51 193 170
7266 49 241 168
7267 47 253 166
7268 45 256 164
7269 43 64 162
7270 41 16 160
7271 39 4 158
7272 37 1 156
7273 35 193 154
7274 33 241 152
7275 31 253 150
7276 29 256 148
7277 27 64 146
7278 25 16 144
7279 23 4 142
7280 21 1 140
7281 19 193 138
7282 17 241 136
7283 15 253 134
7284 13 256 132
7285 108 64 227
7286 106 16 225
7287 104 4 223
7288 102 1 221
7289 100 193 219
7290 98 241 217
7291 96 253 215
7292 94 256 213
7293 92 64 211
7294 90 16 209
7295 88 4 207
7296 86 1 205
7297 84 193 203
7298 82 241 201
7299 80 253 199
7300 78 256 197
7301 76 64 195
7302 74 16 193
7303 72 4 191
7304 70 1 189
7305 68 193 187
7306 66 241 185
7307 64 253 183
7308 62 256 181
7309 60 64 179
7310 58 16 177
7311 56 4 175
7312 54 1 173
7313 52 193 171
7314 50 241 169
7315 48 253 167
7316 46 256 165
7317 44 64 163
7318 42 16 161
7319 40 4 159
7320 38 1 157
7321 36 193 155
7322 34 241 153
7323 32 253 151
7324 30 256 149
7325 28 64 147
7326 26 16 145
7327 24 4 143
7328 22 1 141
7329 20 193 139
7330 18 241 137
7331 109 64 229
7332 107 16 227
7333 105 4 225
7334 103 1 223
7335 101 193 221
7336 99 241 219
7337 97 253 217
7338 95 256 215
7339 93 64 213
7340 91 16 211
7341 89 4 209
7342 87 1 207
7343 85 193 205
7344 83 241 203
7345 81 253 201
7346 79 256 199
7347 77 64 197
7348 75 16 195
7349 73 4 193
7350 71 1 191
7351 69 193 189
7352 67 241 187
7353 65 253 185
7354 63 256 183
7355 61 64 181
7356 59 16 179
7357 57 4 177
7358 55 1 175
7359 53 193 173
7360 51 241 171
7361 49 253 169
7362 47 256 167
7363 45 64 165
7364 43 16 163
7365 41 4 161
7366 39 1 159
7367 37 193 157
7368 35 241 155
7369 33 253 153
7370 31 256 151
7371 29 64 149
7372 27 16 147
7373 25 4 145
7374 23 1 143
7375 110 64 230
7376 108 16 228
7377 106 4 226
7378 104 1 224
7379 102 193 222
7380 100 241 220
7381 98 253 218
7382 96 256 216
7383 94 64 214
7384 92 16 212
7385 90 4 210
7386 88 1 208
7387 86 193 206
7388 84 241 204
7389 82 253 202
7390 80 256 200
7391 78 64 198
7392 76 16 196
7393 74 4 194
7394 72 1 192
7395 70 193 190
7396 68 241 188
7397 66 253 186
7398 64 256 184
7399 62 64 182
7400 60 16 180
7401 58 4 178
7402 56 1 176
7403 54 193 174
7404 52 241 172
7405 50 253 170
7406 48 256 168
7407 46 64 166
7408 44 16 164
7409 42 4 162
7410 40 1 160
7411 38 193 158
7412 36 241 156
7413 34 253 154
7414 32 256 152
7415 30 64 150
7416 28 16 148
7417 111 64 232
7418 109 16 230
7419 107 4 228
7420 105 1 226
7421 103 193 224
7422 101 241 222
7423 99 253 220
7424 97 256 218
7425 95 64 216
7426 93 16 214
7427 91 4 212
7428 89 1 210
7429 87 193 208
7430 85 241 206
7431 83 253 204
7432 81 256 202
7433 79 64 200
7434 77 16 198
7435 75 4 196
7436 73 1 194
7437 71 193 192
7438 69 241 190
7439 67 253 188
7440 65 256 186
7441 63 64 184
7442 61 16 182
7443 59 4 180
7444 57 1 178
7445 55 193 176
7446 53 241 174
7447 51 253 172
7448 49 256 170
7449 47 64 168
7450 45 16 166
7451 43 4 164
7452 41 1 162
7453 39 193 160
7454 37 241 158
7455 35 253 156
7456 33 256 154
7457 112 64 233
7458 110 16 231
7459 108 4 229
7460 106 1 227
7461 104 193 225
7462 102 241 223
7463 100 253 221
7464 98 256 219
7465 96 64 217
7466 94 16 215
7467 92 4 213
7468 90 1 211
7469 88 193 209
7470 86 241 207
7471 84 253 205
7472 82 256 203
7473 80 64 201
7474 78 16 199
7475 76 4 197
7476 74 1 195
7477 72 193 193
7478 70 241 191
7479 68 253 189
7480 66 256 187
7481 64 64 185
7482 62 16 183
7483 60 4 181
7484 58 1 179
7485 56 193 177
7486 54 241 175
7487 52 253 173
7488 50 256 171
7489 48 64 169
7490 46 16 167
7491 44 4 165
7492 42 1 163
7493 40 193 161
7494 38 241 159
7495 113 64 235
7496 111 16 233
7497 109 4 231
7498 107 1 229
7499 105 193 227
7500 103 241 225
7501 101 253 223
7502 99 256 221
7503 97 64 219
7504 95 16 217
7505 93 4 215
7506 91 1 213
7507 89 193 211
7508 87 241 209
7509 85 253 207
7510 83 256 205
7511 81 64 203
7512 79 16 201
7513 77 4 199
7514 75 1 197
7515 73 193 195
7516 71 241 193
7517 69 253 191
7518 67 256 189
7519 65 64 187
7520 63 16 185
7521 61 4 183
7522 59 1 181
7523 57 193 179
7524 55 241 177
7525 53 253 175
7526 51 256 173
7527 49 64 171
7528 47 16 169
7529 45 4 167
7530 43 1 165
7531 114 64 236
7532 112 16 234
7533 110 4 232
7534 108 1 230
7535 106 193 228
7536 104 241 226
7537 102 253 224
7538 100 256 222
7539 98 64 220
7540 96 16 218
7541 94 4 216
7542 92 1 214
7543 90 193 212
7544 88 241 210
7545 86 253 208
7546 84 256 206
7547 82 64 204
7548 80 16 202
7549 78 4 200
7550 76 1 198
7551 74 193 196
7552 72 241 194
7553 70 253 192
7554 68 256 190
7555 66 64 188
7556 64 16 186
7557 62 4 184
7558 60 1 182
7559 58 193 180
7560 56 241 178
7561 54 253 176
7562 52 256 174
7563 50 64 172
7564 48 16 170
7565 115 64 238
7566 113 16 236
7567 111 4 234
7568 109 1 232
7569 107 193 230
7570 105 241 228
7571 103 253 226
7572 101 256 224
7573 99 64 222
7574 97 16 220
7575 95 4 218
7576 93 1 216
7577 91 193 214
7578 89 241 212
7579 87 253 210
7580 85 256 208
7581 83 64 206
7582 81 16 204
7583 79 4 202
7584 77 1 200
7585 75 193 198
7586 73 241 196
7587 71 253 194
7588 69 256 192
7589 67 64 190
7590 65 16 188
7591 63 4 186
7592 61 1 184
7593 59 193 182
7594 57 241 180
7595 55 253 178
7596 53 256 176
7597 116 64 239
7598 114 16 237
7599 112 4 235
7600 110 1 233
7601 108 193 231
7602 106 241 229
7603 104 253 227
7604 102 256 225
7605 100 64 223
7606 98 16 221
7607 96 4 219
7608 94 1 217
7609 92 193 215
7610 90 241 213
7611 88 253 211
7612 86 256 209
7613 84 64 207
7614 82 16 205
7615 80 4 203
7616 78 1 201
7617 76 193 199
7618 74 241 197
7619 72 253 195
7620 70 256 193
7621 68 64 191
7622 66 16 189
7623 64 4 187
7624 62 1 185
7625 60 193 183
7626 58 241 181
7627 117 64 241
7628 115 16 239
7629 113 4 237
7630 111 1 235
7631 109 193 233
7632 107 241 231
7633 105 253 229
7634 103 256 227
7635 101 64 225
7636 99 16 223
7637 97 4 221
7638 95 1 219
7639 93 193 217
7640 91 241 215
7641 89 253 213
7642 87 256 211
7643 85 64 209
7644 83 16 207
7645 81 4 205
7646 79 1 203
7647 77 193 201
7648 75 241 199
7649 73 253 197
7650 71 256 195
7651 69 64 193
7652 67 16 191
7653 65 4 189
7654 63 1 187
7655 118 64 242
7656 116 16 240
7657 114 4 238
7658 112 1 236
7659 110 193 234
7660 108 241 232
7661 106 253 230
7662 104 256 228
7663 102 64 226
7664 100 16 224
7665 98 4 222
7666 96 1 220
7667 94 193 218
7668 92 241 216
7669 90 253 214
7670 88 256 212
7671 86 64 210
7672 84 16 208
7673 82 4 206
7674 80 1 204
7675 78 193 202
7676 76 241 200
7677 74 253 198
7678 72 256 196
7679 70 64 194
7680 68 16 192
7681 119 64 244
7682 117 16 242
7683 115 4 240
7684 113 1 238
7685 111 193 236
7686 109 241 234
7687 107 253 232
7688 105 256 230
7689 103 64 228
7690 101 16 226
7691 99 4 224
7692 97 1 222
7693 95 193 220
7694 93 241 218
7695 91 253 216
7696 89 256 214
7697 87 64 212
7698 85 16 210
7699 83 4 208
7700 81 1 206
7701 79 193 204
7702 77 241 202
7703 75 253 200
7704 73 256 198
7705 120 64 245
7706 118 16 243
7707 116 4 241
7708 114 1 239
7709 112 193 237
7710 110 241 235
7711 108 253 233
7712 106 256 231
7713 104 64 229
7714 102 16 227
7715 100 4 225
7716 98 1 223
7717 96 193 221
7718 94 241 219
7719 92 253 217
7720 90 256 215
7721 88 64 213
7722 86 16 211
7723 84 4 209
7724 82 1 207
7725 80 193 205
7726 78 241 203
7727 121 64 247
7728 119 16 245
7729 117 4 243
7730 115 1 241
7731 113 193 239
7732 111 241 237
7733 109 253 235
7734 107 256 233
7735 105 64 231
7736 103 16 229
7737 101 4 227
7738 99 1 225
7739 97 193 223
7740 95 241 221
7741 93 253 219
7742 91 256 217
7743 89 64 215
7744 87 16 213
7745 85 4 211
7746 83 1 209
7747 122 64 248
7748 120 16 246
7749 118 4 244
7750 116 1 242
7751 114 193 240
7752 112 241 238
7753 110 253 236
7754 108 256 234
7755 106 64 232
7756 104 16 230
7757 102 4 228
7758 100 1 226
7759 98 193 224
7760 96 241 222
7761 94 253 220
7762 92 256 218
7763 90 64 216
7764 88 16 214
7765 123 64 250
7766 121 16 248
7767 119 4 246
7768 117 1 244
7769 115 193 242
7770 113 241 240
7771 111 253 238
7772 109 256 236
7773 107 64 234
7774 105 16 232
7775 103 4 230
7776 101 1 228
7777 99 193 226
7778 97 241 224
7779 95 253 222
7780 93 256 220
7781 124 64 251
7782 122 16 249
7783 120 4 247
7784 118 1 245
7785 116 193 243
7786 114 241 241
7787 112 253 239
7788 110 256 237
7789 108 64 235
7790 106 16 233
7791 104 4 231
7792 102 1 229
7793 100 193 227
7794 98 241 225
7795 125 64 253
7796 123 16 251
7797 121 4 249
7798 119 1 247
7799 117 193 245
7800 115 241 243
7801 113 253 241
7802 111 256 239
7803 109 64 237
7804 107 16 235
7805 105 4 233
7806 103 1 231
7807 126 64 254
7808 124 16 252
7809 122 4 250
7810 120 1 248
7811 118 193 246
7812 116 241 244
7813 114 253 242
7814 112 256 240
7815 110 64 238
7816 108 16 236
7817 127 64 256
7818 125 16 254
7819 123 4 252
7820 121 1 250
7821 119 193 248
7822 117 241 246
7823 115 253 244
7824 113 256 242
7825 128 64 257
7826 126 16 255
7827 124 4 253
7828 122 1 251
7829 120 193 249
7830 118 241 247
7831 129 64 259
7832 127 16 257
7833 125 4 255
7834 123 1 253
7835 130 64 260
7836 128 16 258
7837 0 4 125
7838 0 4 126
7839 0 4 127
7840 0 4 128
7841 0 4 129
7842 0 4 130
7843 0 4 131
7844 0 4 132
7845 0 4 133
7846 0 4 134
7847 0 4 135
7848 0 4 136
7849 0 4 137
7850 0 4 138
7851 0 4 139
7852 0 4 140
7853 0 4 141
7854 0 4 142
7855 0 4 143
7856 0 4 144
7857 0 4 145
7858 0 4 146
7859 0 4 147
7860 0 4 148
7861 0 4 149
7862 0 4 150
7863 0 4 151
7864 0 4 152
7865 0 4 153
7866 0 4 154
7867 0 4 155
7868 0 4 156
7869 0 4 157
7870 0 4 158
7871 0 4 159
7872 0 4 160
7873 0 4 161
7874 0 4 162
7875 0 4 163
7876 0 4 164
7877 0 4 165
7878 0 4 166
7879 0 4 167
7880 0 4 168
7881 1 2 125
7882 1 2 126
7883 1 2 127
7884 1 2 128
7885 1 2 129
7886 1 2 130
7887 1 2 131
7888 1 2 132
7889 1 2 133
7890 1 2 134
7891 1 2 135
7892 1 2 136
7893 1 2 137
7894 1 2 138
7895 1 2 139
7896 1 2 140
7897 1 2 141
7898 1 2 142
7899 1 2 143
7900 1 2 144
7901 1 2 145
7902 1 2 146
7903 1 2 147
7904 1 2 148
7905 1 2 149
7906 1 2 150
7907 1 2 151
7908 1 2 152
7909 1 2 153
7910 1 2 154
7911 1 2 155
7912 1 2 156
7913 1 2 157
7914 1 2 158
7915 1 2 159
7916 1 2 160
7917 1 2 161
7918 1 2 162
7919 1 2 163
7920 1 2 164
7921 1 2 165
7922 1 2 166
7923 1 2 167
7924 2 1 125
7925 2 1 126
7926 2 1 127
7927 2 1 128
7928 2 1 129
7929 2 1 130
7930 2 1 131
7931 2 1 132
7932 2 1 133
7933 2 1 134
7934 2 1 135
7935 2 1 136
7936 2 1 137
7937 2 1 138
7938 2 1 139
7939 2 1 140
7940 2 1 141
7941 2 1 142
7942 2 1 143
7943 2 1 144
7944 2 1 145
7945 2 1 146
7946 2 1 147
7947 2 1 148
7948 2 1 149
7949 2 1 150
7950 2 1 151
7951 2 1 152
7952 2 1 153
7953 2 1 154
7954 2 1 155
7955 2 1 156
7956 2 1 157
7957 2 1 158
7958 2 1 159
7959 2 1 160
7960 2 1 161
7961 2 1 162
7962 2 1 163
7963 2 1 164
7964 2 1 165
7965 2 1 166
7966 3 1 126
7967 4 128 126
7968 3 129 127
7969 3 129 128
7970 3 129 129
7971 3 129 130
7972 3 129 131
7973 3 129 132
7974 3 129 133
7975 3 129 134
7976 3 129 135
7977 3 129 136
7978 3 129 137
7979 3 129 138
7980 3 129 139
7981 3 129 140
7982 3 129 141
7983 3 129 142
7984 3 129 143
7985 3 129 144
7986 3 129 145
7987 3 129 146
7988 3 129 147
7989 3 129 148
7990 3 129 149
7991 3 129 150
7992 3 129 151
7993 3 129 152
7994 3 129 153
7995 3 129 154
7996 3 129 155
7997 3 129 156
7998 3 129 157
7999 3 129 158
8000 3 129 159
8001 3 129 160
8002 3 129 161
8003 3 129 162
8004 3 129 163
8005 3 129 164
8006 3 129 165
8007 4 1 127
8008 5 128 127
8009 6 193 127
8010 4 193 128
8011 4 193 129
8012 4 193 130
8013 4 193 131
8014 4 193 132
8015 4 193 133
8016 4 193 134
8017 4 193 135
8018 4 193 136
8019 4 193 137
8020 4 193 138
8021 4 193 139
8022 4 193 140
8023 4 193 141
8024 4 193 142
8025 4 193 143
8026 4 193 144
8027 4 193 145
8028 4 193 146
8029 4 193 147
8030 4 193 148
8031 4 193 149
8032 4 193 150
8033 4 193 151
8034 4 193 152
8035 4 193 153
8036 4 193 154
8037 4 193 155
8038 4 193 156
8039 4 193 157
8040 4 193 158
8041 4 193 159
8042 4 193 160
8043 4 193 161
8044 4 193 162
8045 4 193 163
8046 4 193 164
8047 5 1 128
8048 6 128 128
8049 7 193 128
8050 8 32 128
8051 5 225 129
8052 5 225 130
8053 5 225 131
8054 5 225 132
8055 5 225 133
8056 5 225 134
8057 5 225 135
8058 5 225 136
8059 5 225 137
8060 5 225 138
8061 5 225 139
8062 5 225 140
8063 5 225 141
8064 5 225 142
8065 5 225 143
8066 5 225 144
8067 5 225 145
8068 5 225 146
8069 5 225 147
8070 5 225 148
8071 5 225 149
8072 5 225 150
8073 5 225 151
8074 5 225 152
8075 5 225 153
8076 5 225 154
8077 5 225 155
8078 5 225 156
8079 5 225 157
8080 5 225 158
8081 5 225 159
8082 5 225 160
8083 5 225 161
8084 5 225 162
8085 5 225 163
8086 6 1 129
8087 7 128 129
8088 8 193 129
8089 9 32 129
8090 10 241 129
8091 6 241 130
8092 6 241 131
8093 6 241 132
8094 6 241 133
8095 6 241 134
8096 6 241 135
8097 6 241 136
8098 6 241 137
8099 6 241 138
8100 6 241 139
8101 6 241 140
8102 6 241 141
8103 6 241 142
8104 6 241 143
8105 6 241 144
8106 6 241 145
8107 6 241 146
8108 6 241 147
8109 6 241 148
8110 6 241 149
8111 6 241 150
8112 6 241 151
8113 6 241 152
8114 6 241 153
8115 6 241 154
8116 6 241 155
8117 6 241 156
8118 6 241 157
8119 6 241 158
8120 6 241 159
8121 6 241 160
8122 6 241 161
8123 6 241 162
8124 7 1 130
8125 8 128 130
8126 9 193 130
8127 10 32 130
8128 11 241 130
8129 7 241 131
8130 12 4 131
8131 7 249 132
8132 7 249 133
8133 7 249 134
8134 7 249 135
8135 7 249 136
8136 7 249 137
8137 7 249 138
8138 7 249 139
8139 7 249 140
8140 7 249 141
8141 7 249 142
8142 7 249 143
8143 7 249 144
8144 7 249 145
8145 7 249 146
8146 7 249 147
8147 7 249 148
8148 7 249 149
8149 7 249 150
8150 7 249 151
8151 7 249 152
8152 7 249 153
8153 7 249 154
8154 7 249 155
8155 7 249 156
8156 7 249 157
8157 7 249 158
8158 7 249 159
8159 7 249 160
8160 7 249 161
8161 8 1 131
8162 9 128 131
8163 10 193 131
8164 11 32 131
8165 8 225 132
8166 12 249 132
8167 8 241 133
8168 13 2 133
8169 14 256 133
8170 8 253 134
8171 8 253 135
8172 8 253 136
8173 8 253 137
8174 8 253 138
8175 8 253 139
8176 8 253 140
8177 8 253 141
8178 8 253 142
8179 8 253 143
8180 8 253 144
8181 8 253 145
8182 8 253 146
8183 8 253 147
8184 8 253 148
8185 8 253 149
8186 8 253 150
8187 8 253 151
8188 8 253 152
8189 8 253 153
8190 8 253 154
8191 8 253 155
8192 8 253 156
8193 8 253 157
8194 8 253 158
8195 8 253 159
8196 8 253 160
8197 9 1 132
8198 10 128 132
8199 11 193 132
8200 9 193 133
8201 12 16 133
8202 9 225 134
8203 13 253 134
8204 14 2 134
8205 9 249 135
8206 15 128 135
8207 16 193 135
8208 9 255 136
8209 9 255 137
8210 9 255 138
8211 9 255 139
8212 9 255 140
8213 9 255 141
8214 9 255 142
8215 9 255 143
8216 9 255 144
8217 9 255 145
8218 9 255 146
8219 9 255 147
8220 9 255 148
8221 9 255 149
8222 9 255 150
8223 9 255 151
8224 9 255 152
8225 9 255 153
8226 9 255 154
8227 9 255 155
8228 9 255 156
8229 9 255 157
8230 9 255 158
8231 9 255 159
8232 10 1 133
8233 11 128 133
8234 10 129 134
8235 12 225 134
8236 10 193 135
8237 13 8 135
8238 14 253 135
8239 10 241 136
8240 15 1 136
8241 16 128 136
8242 10 253 137
8243 17 225 137
8244 10 255 138
8245 18 8 138
8246 10 256 139
8247 10 256 140
8248 10 256 141
8249 10 256 142
8250 10 256 143
8251 10 256 144
8252 10 256 145
8253 10 256 146
8254 10 256 147
8255 10 256 148
8256 10 256 149
8257 10 256 150
8258 10 256 151
8259 10 256 152
8260 10 256 153
8261 10 256 154
8262 10 256 155
8263 10 256 156
8264 10 256 157
8265 10 256 158
8266 11 1 134
8267 11 1 135
8268 12 64 135
8269 11 129 136
8270 13 241 136
8271 14 8 136
8272 11 225 137
8273 15 255 137
8274 16 1 137
8275 11 249 138
8276 17 64 138
8277 11 253 139
8278 18 241 139
8279 19 8 139
8280 11 256 140
8281 20 255 140
8282 11 128 141
8283 11 128 142
8284 11 128 143
8285 11 128 144
8286 11 128 145
8287 11 128 146
8288 11 128 147
8289 11 128 148
8290 11 128 149
8291 11 128 150
8292 11 128 151
8293 11 128 152
8294 11 128 153
8295 11 128 154
8296 11 128 155
8297 11 128 156
8298 11 128 157
8299 12 1 136
8300 12 1 137
8301 13 64 137
8302 14 219 137
8303 12 237 138
8304 14 138 138
8305 15 4 138
8306 16 255 138
8307 12 241 139
8308 17 129 139
8309 12 249 140
8310 18 32 140
8311 19 241 140
8312 12 255 141
8313 20 4 141
8314 21 255 141
8315 12 128 142
8316 22 129 142
8317 12 64 143
8318 12 64 144
8319 12 64 145
8320 12 64 146
8321 12 64 147
8322 12 64 148
8323 12 64 149
8324 12 64 150
8325 12 64 151
8326 12 64 152
8327 12 64 153
8328 12 64 154
8329 12 64 155
8330 12 64 156
8331 13 1 138
8332 13 1 139
8333 14 64 139
8334 15 219 139
8335 16 106 139
8336 13 235 140
8337 15 127 140
8338 16 120 140
8339 17 256 140
8340 13 241 141
8341 18 193 141
8342 19 32 141
8343 13 253 142
8344 20 249 142
8345 21 4 142
8346 13 256 143
8347 22 256 143
8348 13 128 144
8349 23 193 144
8350 24 32 144
8351 13 32 145
8352 13 32 146
8353 13 32 147
8354 13 32 148
8355 13 32 149
8356 13 32 150
8357 13 32 151
8358 13 32 152
8359 13 32 153
8360 13 32 154
8361 13 32 155
8362 14 1 140
8363 14 1 141
8364 15 64 141
8365 16 219 141
8366 17 106 141
8367 14 235 142
8368 16 127 142
8369 17 120 142
8370 18 256 142
8371 19 156 142
8372 14 129 143
8373 19 197 143
8374 20 16 143
8375 21 249 143
8376 14 255 144
8377 22 2 144
8378 14 256 145
8379 23 128 145
8380 24 193 145
8381 14 64 146
8382 25 16 146
8383 26 249 146
8384 14 16 147
8385 14 16 148
8386 14 16 149
8387 14 16 150
8388 14 16 151
8389 14 16 152
8390 14 16 153
8391 14 16 154
8392 15 1 142
8393 15 1 143
8394 16 64 143
8395 17 219 143
8396 18 106 143
8397 15 235 144
8398 17 127 144
8399 18 120 144
8400 19 256 144
8401 20 156 144
8402 21 151 144
8403 15 75 145
8404 20 244 145
8405 21 244 145
8406 22 253 145
8407 15 255 146
8408 23 1 146
8409 24 128 146
8410 15 128 147
8411 25 225 147
8412 26 16 147
8413 15 32 148
8414 27 253 148
8415 15 16 149
8416 28 1 149
8417 15 8 150
8418 15 8 151
8419 15 8 152
8420 15 8 153
8421 16 1 144
8422 16 1 145
8423 17 64 145
8424 18 219 145
8425 19 106 145
8426 16 235 146
8427 18 127 146
8428 19 120 146
8429 20 256 146
8430 21 156 146
8431 22 151 146
8432 16 75 147
8433 21 244 147
8434 22 244 147
8435 23 253 147
8436 24 9 147
8437 16 141 148
8438 24 145 148
8439 25 64 148
8440 26 225 148
8441 16 64 149
8442 27 8 149
8443 16 32 150
8444 28 255 150
8445 29 1 150
8446 16 8 151
8447 30 64 151
8448 16 4 152
8449 17 1 146
8450 17 1 147
8451 18 64 147
8452 19 219 147
8453 20 106 147
8454 17 235 148
8455 19 127 148
8456 20 120 148
8457 21 256 148
8458 22 156 148
8459 23 151 148
8460 17 75 149
8461 22 244 149
8462 23 244 149
8463 24 253 149
8464 25 9 149
8465 26 100 149
8466 17 161 150
8467 25 27 150
8468 26 97 150
8469 27 241 150
8470 17 64 151
8471 28 4 151
8472 29 255 151
8473 17 16 152
8474 30 129 152
8475 31 64 152
8476 18 1 148
8477 18 1 149
8478 19 64 149
8479 20 219 149
8480 21 106 149
8481 18 235 150
8482 20 127 150
8483 21 120 150
8484 22 256 150
8485 23 156 150
8486 24 151 150
8487 18 75 151
8488 23 244 151
8489 24 244 151
8490 25 253 151
8491 26 9 151
8492 27 100 151
8493 18 161 152
8494 26 27 152
8495 27 97 152
8496 28 241 152
8497 29 105 152
8498 16 232 153
8499 17 54 153
8500 18 113 153
8501 29 171 153
8502 19 1 150
8503 19 1 151
8504 20 64 151
8505 21 219 151
8506 22 106 151
8507 19 235 152
8508 21 127 152
8509 22 120 152
8510 23 256 152
8511 24 156 152
8512 25 151 152
8513 19 75 153
8514 24 244 153
8515 25 244 153
8516 26 253 153
8517 27 9 153
8518 28 100 153
8519 30 246 153
8520 31 67 153
8521 32 195 153
8522 15 229 154
8523 16 7 154
8524 17 55 154
8525 18 58 154
8526 19 2 154
8527 20 1 152
8528 20 1 153
8529 21 64 153
8530 22 219 153
8531 23 106 153
8532 20 235 154
8533 22 127 154
8534 23 120 154
8535 24 256 154
8536 25 156 154
8537 26 151 154
8538 27 40 154
8539 28 246 154
8540 29 179 154
8541 30 128 154
8542 31 101 154
8543 32 18 154
8544 14 233 155
8545 15 116 155
8546 16 187 155
8547 17 256 155
8548 18 94 155
8549 19 23 155
8550 20 116 155
8551 21 1 154
8552 21 1 155
8553 22 64 155
8554 23 219 155
8555 24 106 155
8556 25 3 155
8557 26 253 155
8558 27 8 155
8559 28 183 155
8560 29 248 155
8561 30 89 155
8562 31 54 155
8563 32 63 155
8564 33 42 155
8565 34 77 155
8566 13 234 156
8567 14 108 156
8568 15 3 156
8569 16 109 156
8570 17 49 156
8571 18 137 156
8572 19 189 156
8573 20 1 156
8574 21 209 156
8575 22 83 156
8576 23 91 156
8577 24 20 156
8578 25 201 156
8579 26 203 156
8580 27 10 156
8581 28 19 156
8582 29 75 156
8583 30 104 156
8584 31 229 156
8585 32 52 156
8586 33 220 156
8587 34 197 156
8588 12 225 157
8589 13 192 157
8590 14 236 157
8591 15 192 157
8592 16 176 157
8593 17 85 157
8594 18 176 157
8595 19 140 157
8596 20 59 157
8597 21 129 157
8598 22 121 157
8599 23 64 157
8600 24 128 157
8601 25 130 157
8602 26 135 157
8603 27 48 157
8604 28 77 157
8605 29 85 157
8606 30 171 157
8607 31 176 157
8608 32 53 157
8609 33 77 157
8610 34 188 157
8611 35 209 157
8612 36 105 157
8613 11 148 158
8614 12 62 158
8615 13 14 158
8616 14 60 158
8617 15 85 158
8618 16 103 158
8619 17 33 158
8620 18 181 158
8621 19 28 158
8622 20 74 158
8623 21 244 158
8624 22 112 158
8625 23 37 158
8626 24 77 158
8627 25 74 158
8628 26 7 158
8629 27 203 158
8630 28 188 158
8631 29 116 158
8632 30 224 158
8633 31 34 158
8634 32 19 158
8635 33 184 158
8636 34 184 158
8637 35 78 158
8638 36 199 158
8639 10 166 159
8640 11 202 159
8641 12 90 159
8642 13 28 159
8643 14 117 159
8644 15 136 159
8645 16 22 159
8646 17 74 159
8647 18 28 159
8648 19 128 159
8649 20 78 159
8650 21 83 159
8651 22 68 159
8652 23 180 159
8653 24 70 159
8654 25 106 159
8655 26 119 159
8656 27 39 159
8657 28 90 159
8658 29 38 159
8659 30 148 159
8660 31 86 159
8661 32 244 159
8662 33 55 159
8663 34 193 159
8664 35 192 159
8665 36 156 159
8666 37 254 159
8667 9 35 160
8668 10 2 160
8669 11 250 160
8670 12 2 160
8671 13 227 160
8672 14 130 160
8673 15 243 160
8674 16 213 160
8675 17 171 160
8676 18 140 160
8677 19 244 160
8678 20 103 160
8679 21 7 160
8680 22 250 160
8681 23 168 160
8682 24 7 160
8683 25 243 160
8684 26 26 160
8685 27 3 160
8686 28 200 160
8687 29 148 160
8688 30 194 160
8689 31 53 160
8690 32 124 160
8691 33 17 160
8692 34 101 160
8693 35 52 160
8694 36 147 160
8695 37 232 160
8696 8 61 161
8697 38 98 160
8698 9 215 161
8699 10 250 161
8700 11 149 161
8701 12 45 161
8702 13 249 161
8703 14 22 161
8704 15 37 161
8705 16 107 161
8706 17 100 161
8707 18 120 161
8708 19 69 161
8709 20 160 161
8710 21 167 161
8711 22 126 161
8712 23 82 161
8713 24 54 161
8714 25 33 161
8715 26 180 161
8716 27 49 161
8717 28 142 161
8718 29 234 161
8719 30 11 161
8720 31 67 161
8721 32 131 161
8722 33 248 161
8723 34 114 161
8724 35 198 161
8725 36 156 161
8726 37 63 161
8727 38 181 161
8728 39 125 161
8729 7 169 162
8730 8 42 162
8731 9 163 162
8732 10 140 162
8733 11 250 162
8734 12 225 162
8735 13 33 162
8736 14 139 162
8737 15 145 162
8738 16 128 162
8739 17 125 162
8740 18 184 162
8741 19 242 162
8742 20 62 162
8743 21 59 162
8744 22 249 162
8745 23 251 162
8746 24 74 162
8747 25 122 162
8748 26 23 162
8749 27 221 162
8750 28 73 162
8751 29 214 162
8752 30 36 162
8753 31 128 162
8754 32 164 162
8755 33 154 162
8756 34 147 162
8757 35 211 162
8758 36 92 162
8759 37 187 162
8760 38 113 162
8761 39 12 162
8762 40 108 162
8763 6 91 163
8764 7 236 163
8765 8 147 163
8766 9 31 163
8767 13 104 163
8768 15 44 163
8769 17 56 163
8770 18 2 163
8771 19 251 163
8772 20 255 163
8773 21 243 163
8774 22 126 163
8775 23 251 163
8776 24 148 163
8777 25 248 163
8778 26 213 163
8779 27 48 163
8780 28 49 163
8781 29 91 163
8782 30 229 163
8783 31 144 163
8784 32 23 163
8785 33 120 163
8786 34 7 163
8787 35 131 163
8788 36 27 163
8789 37 39 163
8790 38 91 163
8791 39 58 163
8792 40 30 163
8793 41 216 163
8794 5 101 164
8795 6 166 164
8796 7 50 164
8797 23 252 164
8798 25 223 164
8799 27 82 164
8800 28 3 164
8801 29 198 164
8802 30 239 164
8803 31 45 164
8804 32 171 164
8805 33 17 164
8806 34 40 164
8807 35 204 164
8808 36 100 164
8809 37 43 164
8810 38 184 164
8811 39 202 164
8812 40 53 164
8813 41 117 164
8814 42 150 164
8815 4 219 165
8816 5 18 165
8817 33 46 165
8818 35 193 165
8819 37 97 165
8820 38 100 165
8821 39 92 165
8822 40 34 165
8823 41 31 165
8824 42 116 165
8825 3 1 166
8826 43 241 166
8827 44 8 166
8828 43 4 167
8829 42 1 166
8830 41 129 166
8831 40 225 166
8832 39 241 166
8833 38 253 166
8834 37 255 166
8835 36 128 165
8836 35 64 166
8837 34 16 165
8838 33 8 166
8839 32 2 165
8840 31 1 165
8841 30 193 165
8842 29 225 165
8843 28 249 165
8844 27 253 165
8845 26 256 164
8846 25 128 165
8847 24 32 164
8848 23 16 165
8849 22 4 164
8850 21 2 164
8851 20 129 164
8852 19 193 164
8853 18 241 164
8854 17 249 164
8855 16 255 163
8856 15 256 164
8857 14 64 163
8858 13 32 164
8859 12 8 163
8860 11 4 163
8861 10 1 163
8862 9 129 164
8863 8 225 164
8864 10 100 164
8865 11 170 164
8866 12 246 164
8867 14 210 164
8868 16 118 164
8869 6 170 165
8870 7 145 165
8871 8 118 165
8872 9 102 165
8873 10 112 165
8874 45 8 168
8875 44 2 167
8876 43 1 168
8877 42 193 167
8878 41 225 167
8879 40 249 167
8880 39 253 167
8881 38 256 167
8882 37 128 167
8883 36 32 166
8884 35 16 167
8885 34 4 166
8886 33 2 167
8887 32 129 166
8888 31 193 166
8889 30 241 166
8890 29 249 166
8891 28 255 166
8892 27 256 166
8893 26 64 165
8894 25 32 166
8895 24 8 165
8896 23 4 166
8897 22 1 165
8898 21 129 165
8899 20 225 165
8900 19 241 165
8901 18 253 165
8902 17 255 165
8903 16 72 165
8904 15 64 165
8905 14 32 165
8906 13 8 165
8907 12 4 165
8908 11 1 165
8909 4 56 166
8910 5 135 166
8911 6 66 166
8912 7 40 166
8913 8 178 166
8914 9 213 166
8915 10 176 166
8916 11 249 166
8917 12 65 166
8918 13 71 166
8919 14 240 166
8920 46 4 168
8921 45 2 169
8922 44 129 168
8923 43 193 169
8924 42 241 168
8925 41 249 168
8926 40 255 168
8927 39 256 168
8928 38 64 168
8929 37 32 168
8930 36 8 167
8931 35 4 168
8932 34 1 167
8933 33 129 168
8934 32 225 167
8935 31 241 167
8936 30 253 167
8937 29 255 167
8938 28 128 167
8939 27 64 167
8940 26 16 166
8941 25 8 167
8942 24 2 166
8943 23 1 167
8944 22 193 166
8945 21 225 166
8946 20 249 166
8947 19 253 166
8948 18 256 166
8949 17 128 166
8950 15 9 166
8951 16 62 166
8952 2 9 167
8953 3 43 167
8954 4 62 167
8955 5 98 167
8956 6 101 167
8957 7 124 167
8958 8 29 167
8959 9 92 167
8960 10 198 167
8961 11 131 167
8962 12 206 167
8963 13 233 167
8964 14 132 167
8965 47 4 170
8966 46 1 169
8967 45 129 170
8968 44 225 169
8969 43 241 170
8970 42 253 169
8971 41 255 169
8972 40 128 169
8973 39 64 169
8974 38 16 169
8975 37 8 169
8976 36 2 168
8977 35 1 169
8978 34 193 168
8979 33 225 169
8980 32 249 168
8981 31 253 168
8982 30 256 168
8983 29 128 168
8984 28 32 168
8985 27 16 168
8986 26 4 167
8987 25 2 168
8988 24 129 167
8989 23 193 168
8990 22 241 167
8991 21 249 167
8992 20 255 167
8993 19 256 167
8994 18 64 167
8995 17 32 167
8996 15 164 167
8997 16 196 167
8998 1 223 168
8999 2 20 168
9000 3 199 168
9001 4 249 168
9002 5 112 168
9003 6 216 168
9004 7 41 168
9005 8 2 168
9006 9 44 168
9007 10 126 168
9008 11 106 168
9009 48 2 171
9010 47 1 171
9011 46 193 170
9012 45 225 171
9013 44 249 170
9014 43 253 171
9015 42 256 170
9016 41 128 170
9017 40 32 170
9018 39 16 170
9019 38 4 170
9020 37 2 170
9021 36 129 169
9022 35 193 170
9023 34 241 169
9024 33 249 170
9025 32 255 169
9026 31 256 169
9027 30 64 169
9028 29 32 169
9029 28 8 169
9030 27 4 169
9031 26 1 168
9032 25 129 169
9033 24 225 168
9034 23 241 169
9035 22 253 168
9036 21 255 168
9037 20 128 168
9038 19 64 168
9039 18 16 168
9040 17 8 168
9041 12 237 168
9042 15 1 168
9043 13 103 168
9044 14 189 168
9045 16 226 168
9046 0 241 169
9047 1 172 169
9048 2 88 169
9049 3 26 169
9050 4 29 169
9051 5 202 169
9052 49 2 172
9053 48 129 172
9054 47 193 172
9055 46 241 171
9056 45 249 172
9057 44 255 171
9058 43 256 172
9059 42 64 171
9060 41 32 171
9061 40 8 171
9062 39 4 171
9063 38 1 171
9064 37 129 171
9065 36 225 170
9066 35 241 171
9067 34 253 170
9068 33 255 171
9069 32 128 170
9070 31 64 170
9071 30 16 170
9072 29 8 170
9073 28 2 170
9074 27 1 170
9075 26 193 169
9076 25 225 170
9077 24 249 169
9078 23 253 170
9079 22 256 169
9080 21 128 169
9081 20 32 169
9082 19 16 169
9083 18 4 169
9084 17 2 169
9085 6 244 169
9086 15 193 169
9087 7 24 169
9088 13 249 169
9089 9 223 169
9090 8 250 169
9091 10 237 169
9092 11 130 169
9093 12 78 169
9094 50 1 173
9095 49 129 173
9096 48 225 173
9097 47 241 173
9098 46 253 172
9099 45 255 173
9100 44 128 172
9101 43 64 173
9102 42 16 172
9103 41 8 172
9104 40 2 172
9105 39 1 172
9106 38 193 172
9107 37 225 172
9108 36 249 171
9109 35 253 172
9110 34 256 171
9111 33 128 172
9112 32 32 171
9113 31 16 171
9114 30 4 171
9115 29 2 171
9116 28 129 171
9117 27 193 171
9118 26 241 170
9119 25 249 171
9120 24 255 170
9121 23 256 171
9122 22 64 170
9123 21 32 170
9124 20 8 170
9125 19 4 170
9126 18 1 170
9127 17 129 170
9128 16 225 169
9129 15 241 170
9130 14 253 169
9131 13 255 170
9132 0 100 170
9133 1 152 170
9134 12 65 170
9135 51 1 174
9136 50 193 174
9137 49 225 174
9138 48 249 174
9139 47 253 174
9140 46 256 173
9141 45 128 174
9142 44 32 173
9143 43 16 174
9144 42 4 173
9145 41 2 173
9146 40 129 173
9147 39 193 173
9148 38 241 173
9149 37 249 173
9150 36 255 172
9151 35 256 173
9152 34 64 172
9153 33 32 173
9154 32 8 172
9155 31 4 172
9156 30 1 172
9157 29 129 172
9158 28 225 172
9159 27 241 172
9160 26 253 171
9161 25 255 172
9162 24 128 171
9163 23 64 172
9164 22 16 171
9165 21 8 171
9166 20 2 171
9167 19 1 171
9168 18 193 171
9169 17 225 171
9170 16 249 170
9171 15 253 171
9172 14 256 170
9173 13 128 171
9174 0 151 171
9175 52 129 175
9176 51 193 175
9177 50 241 175
9178 49 249 175
9179 48 255 175
9180 47 256 175
9181 46 64 174
9182 45 32 175
9183 44 8 174
9184 43 4 175
9185 42 1 174
9186 41 129 174
9187 40 225 174
9188 39 241 174
9189 38 253 174
9190 37 255 174
9191 36 128 173
9192 35 64 174
9193 34 16 173
9194 33 8 174
9195 32 2 173
9196 31 1 173
9197 30 193 173
9198 29 225 173
9199 28 249 173
9200 27 253 173
9201 26 256 172
9202 25 128 173
9203 24 32 172
9204 23 16 173
9205 22 4 172
9206 21 2 172
9207 20 129 172
9208 19 193 172
9209 18 241 172
9210 17 249 172
9211 16 255 171
9212 15 256 172
9213 14 64 171
9214 53 129 177
9215 52 225 176
9216 51 241 176
9217 50 253 176
9218 49 255 176
9219 48 128 176
9220 47 64 176
9221 46 16 175
9222 45 8 176
9223 44 2 175
9224 43 1 176
9225 42 193 175
9226 41 225 175
9227 40 249 175
9228 39 253 175
9229 38 256 175
9230 37 128 175
9231 36 32 174
9232 35 16 175
9233 34 4 174
9234 33 2 175
9235 32 129 174
9236 31 193 174
9237 30 241 174
9238 29 249 174
9239 28 255 174
9240 27 256 174
9241 26 64 173
9242 25 32 174
9243 24 8 173
9244 23 4 174
9245 22 1 173
9246 21 129 173
9247 20 225 173
9248 19 241 173
9249 18 253 173
9250 17 255 173
9251 16 128 172
9252 54 193 177
9253 53 225 178
9254 52 249 177
9255 51 253 177
9256 50 256 177
9257 49 128 177
9258 48 32 177
9259 47 16 177
9260 46 4 176
9261 45 2 177
9262 44 129 176
9263 43 193 177
9264 42 241 176
9265 41 249 176
9266 40 255 176
9267 39 256 176
9268 38 64 176
9269 37 32 176
9270 36 8 175
9271 35 4 176
9272 34 1 175
9273 33 129 176
9274 32 225 175
9275 31 241 175
9276 30 253 175
9277 29 255 175
9278 28 128 175
9279 27 64 175
9280 26 16 174
9281 25 8 175
9282 24 2 174
9283 23 1 175
9284 22 193 174
9285 21 225 174
9286 20 249 174
9287 19 253 174
9288 18 256 174
9289 55 193 179
9290 54 241 178
9291 53 249 179
9292 52 255 178
9293 51 256 178
9294 50 64 178
9295 49 32 178
9296 48 8 178
9297 47 4 178
9298 46 1 177
9299 45 129 178
9300 44 225 177
9301 43 241 178
9302 42 253 177
9303 41 255 177
9304 40 128 177
9305 39 64 177
9306 38 16 177
9307 37 8 177
9308 36 2 176
9309 35 1 177
9310 34 193 176
9311 33 225 177
9312 32 249 176
9313 31 253 176
9314 30 256 176
9315 29 128 176
9316 28 32 176
9317 27 16 176
9318 26 4 175
9319 25 2 176
9320 24 129 175
9321 23 193 176
9322 22 241 175
9323 21 249 175
9324 20 255 175
9325 56 225 179
9326 55 241 180
9327 54 253 179
9328 53 255 180
9329 52 128 179
9330 51 64 179
9331 50 16 179
9332 49 8 179
9333 48 2 179
9334 47 1 179
9335 46 193 178
9336 45 225 179
9337 44 249 178
9338 43 253 179
9339 42 256 178
9340 41 128 178
9341 40 32 178
9342 39 16 178
9343 38 4 178
9344 37 2 178
9345 36 129 177
9346 35 193 178
9347 34 241 177
9348 33 249 178
9349 32 255 177
9350 31 256 177
9351 30 64 177
9352 29 32 177
9353 28 8 177
9354 27 4 177
9355 26 1 176
9356 25 129 177
9357 24 225 176
9358 23 241 177
9359 22 253 176
9360 57 225 181
9361 56 249 180
9362 55 253 181
9363 54 256 180
9364 53 128 181
9365 52 32 180
9366 51 16 180
9367 50 4 180
9368 49 2 180
9369 48 129 180
9370 47 193 180
9371 46 241 179
9372 45 249 180
9373 44 255 179
9374 43 256 180
9375 42 64 179
9376 41 32 179
9377 40 8 179
9378 39 4 179
9379 38 1 179
9380 37 129 179
9381 36 225 178
9382 35 241 179
9383 34 253 178
9384 33 255 179
9385 32 128 178
9386 31 64 178
9387 30 16 178
9388 29 8 178
9389 28 2 178
9390 27 1 178
9391 26 193 177
9392 25 225 178
9393 24 249 177
9394 58 241 182
9395 57 249 182
9396 56 255 181
9397 55 256 182
9398 54 64 181
9399 53 32 182
9400 52 8 181
9401 51 4 181
9402 50 1 181
9403 49 129 181
9404 48 225 181
9405 47 241 181
9406 46 253 180
9407 45 255 181
9408 44 128 180
9409 43 64 181
9410 42 16 180
9411 41 8 180
9412 40 2 180
9413 39 1 180
9414 38 193 180
9415 37 225 180
9416 36 249 179
9417 35 253 180
9418 34 256 179
9419 33 128 180
9420 32 32 179
9421 31 16 179
9422 30 4 179
9423 29 2 179
9424 28 129 179
9425 27 193 179
9426 26 241 178
9427 59 241 183
9428 58 253 183
9429 57 255 183
9430 56 128 182
9431 55 64 183
9432 54 16 182
9433 53 8 183
9434 52 2 182
9435 51 1 182
9436 50 193 182
9437 49 225 182
9438 48 249 182
9439 47 253 182
9440 46 256 181
9441 45 128 182
9442 44 32 181
9443 43 16 182
9444 42 4 181
9445 41 2 181
9446 40 129 181
9447 39 193 181
9448 38 241 181
9449 37 249 181
9450 36 255 180
9451 35 256 181
9452 34 64 180
9453 33 32 181
9454 32 8 180
9455 31 4 180
9456 30 1 180
9457 29 129 180
9458 28 225 180
9459 60 249 184
9460 59 253 184
9461 58 256 184
9462 57 128 184
9463 56 32 183
9464 55 16 184
9465 54 4 183
9466 53 2 184
9467 52 129 183
9468 51 193 183
9469 50 241 183
9470 49 249 183
9471 48 255 183
9472 47 256 183
9473 46 64 182
9474 45 32 183
9475 44 8 182
9476 43 4 183
9477 42 1 182
9478 41 129 182
9479 40 225 182
9480 39 241 182
9481 38 253 182
9482 37 255 182
9483 36 128 181
9484 35 64 182
9485 34 16 181
9486 33 8 182
9487 32 2 181
9488 31 1 181
9489 30 193 181
9490 61 249 185
9491 60 255 185
9492 59 256 185
9493 58 64 185
9494 57 32 185
9495 56 8 184
9496 55 4 185
9497 54 1 184
9498 53 129 185
9499 52 225 184
9500 51 241 184
9501 50 253 184
9502 49 255 184
9503 48 128 184
9504 47 64 184
9505 46 16 183
9506 45 8 184
9507 44 2 183
9508 43 1 184
9509 42 193 183
9510 41 225 183
9511 40 249 183
9512 39 253 183
9513 38 256 183
9514 37 128 183
9515 36 32 182
9516 35 16 183
9517 34 4 182
9518 33 2 183
9519 32 129 182
9520 62 253 186
9521 61 255 186
9522 60 128 186
9523 59 64 186
9524 58 16 186
9525 57 8 186
9526 56 2 185
9527 55 1 186
9528 54 193 185
9529 53 225 186
9530 52 249 185
9531 51 253 185
9532 50 256 185
9533 49 128 185
9534 48 32 185
9535 47 16 185
9536 46 4 184
9537 45 2 185
9538 44 129 184
9539 43 193 185
9540 42 241 184
9541 41 249 184
9542 40 255 184
9543 39 256 184
9544 38 64 184
9545 37 32 184
9546 36 8 183
9547 35 4 184
9548 34 1 183
9549 63 253 188
9550 62 256 187
9551 61 128 187
9552 60 32 187
9553 59 16 187
9554 58 4 187
9555 57 2 187
9556 56 129 186
9557 55 193 187
9558 54 241 186
9559 53 249 187
9560 52 255 186
9561 51 256 186
9562 50 64 186
9563 49 32 186
9564 48 8 186
9565 47 4 186
9566 46 1 185
9567 45 129 186
9568 44 225 185
9569 43 241 186
9570 42 253 185
9571 41 255 185
9572 40 128 185
9573 39 64 185
9574 38 16 185
9575 37 8 185
9576 36 2 184
9577 64 255 188
9578 63 256 189
9579 62 64 188
9580 61 32 188
9581 60 8 188
9582 59 4 188
9583 58 1 188
9584 57 129 188
9585 56 225 187
9586 55 241 188
9587 54 253 187
9588 53 255 188
9589 52 128 187
9590 51 64 187
9591 50 16 187
9592 49 8 187
9593 48 2 187
9594 47 1 187
9595 46 193 186
9596 45 225 187
9597 44 249 186
9598 43 253 187
9599 42 256 186
9600 41 128 186
9601 40 32 186
9602 39 16 186
9603 38 4 186
9604 65 255 190
9605 64 128 189
9606 63 64 190
9607 62 16 189
9608 61 8 189
9609 60 2 189
9610 59 1 189
9611 58 193 189
9612 57 225 189
9613 56 249 188
9614 55 253 189
9615 54 256 188
9616 53 128 189
9617 52 32 188
9618 51 16 188
9619 50 4 188
9620 49 2 188
9621 48 129 188
9622 47 193 188
9623 46 241 187
9624 45 249 188
9625 44 255 187
9626 43 256 188
9627 42 64 187
9628 41 32 187
9629 40 8 187
9630 66 256 190
9631 65 128 191
9632 64 32 190
9633 63 16 191
9634 62 4 190
9635 61 2 190
9636 60 129 190
9637 59 193 190
9638 58 241 190
9639 57 249 190
9640 56 255 189
9641 55 256 190
9642 54 64 189
9643 53 32 190
9644 52 8 189
9645 51 4 189
9646 50 1 189
9647 49 129 189
9648 48 225 189
9649 47 241 189
9650 46 253 188
9651 45 255 189
9652 44 128 188
9653 43 64 189
9654 42 16 188
9655 67 256 192
9656 66 64 191
9657 65 32 192
9658 64 8 191
9659 63 4 192
9660 62 1 191
9661 61 129 191
9662 60 225 191
9663 59 241 191
9664 58 253 191
9665 57 255 191
9666 56 128 190
9667 55 64 191
9668 54 16 190
9669 53 8 191
9670 52 2 190
9671 51 1 190
9672 50 193 190
9673 49 225 190
9674 48 249 190
9675 47 253 190
9676 46 256 189
9677 45 128 190
9678 44 32 189
9679 68 128 193
9680 67 64 193
9681 66 16 192
9682 65 8 193
9683 64 2 192
9684 63 1 193
9685 62 193 192
9686 61 225 192
9687 60 249 192
9688 59 253 192
9689 58 256 192
9690 57 128 192
9691 56 32 191
9692 55 16 192
9693 54 4 191
9694 53 2 192
9695 52 129 191
9696 51 193 191
9697 50 241 191
9698 49 249 191
9699 48 255 191
9700 47 256 191
9701 46 64 190
9702 69 128 194
9703 68 32 194
9704 67 16 194
9705 66 4 193
9706 65 2 194
9707 64 129 193
9708 63 193 194
9709 62 241 193
9710 61 249 193
9711 60 255 193
9712 59 256 193
9713 58 64 193
9714 57 32 193
9715 56 8 192
9716 55 4 193
9717 54 1 192
9718 53 129 193
9719 52 225 192
9720 51 241 192
9721 50 253 192
9722 49 255 192
9723 48 128 192
9724 70 64 195
9725 69 32 195
9726 68 8 195
9727 67 4 195
9728 66 1 194
9729 65 129 195
9730 64 225 194
9731 63 241 195
9732 62 253 194
9733 61 255 194
9734 60 128 194
9735 59 64 194
9736 58 16 194
9737 57 8 194
9738 56 2 193
9739 55 1 194
9740 54 193 193
9741 53 225 194
9742 52 249 193
9743 51 253 193
9744 50 256 193
9745 71 64 196
9746 70 16 196
9747 69 8 196
9748 68 2 196
9749 67 1 196
9750 66 193 195
9751 65 225 196
9752 64 249 195
9753 63 253 196
9754 62 256 195
9755 61 128 195
9756 60 32 195
9757 59 16 195
9758 58 4 195
9759 57 2 195
9760 56 129 194
9761 55 193 195
9762 54 241 194
9763 53 249 195
9764 52 255 194
9765 72 32 197
9766 71 16 197
9767 70 4 197
9768 69 2 197
9769 68 129 197
9770 67 193 197
9771 66 241 196
9772 65 249 197
9773 64 255 196
9774 63 256 197
9775 62 64 196
9776 61 32 196
9777 60 8 196
9778 59 4 196
9779 58 1 196
9780 57 129 196
9781 56 225 195
9782 55 241 196
9783 54 253 195
9784 73 32 199
9785 72 8 198
9786 71 4 198
9787 70 1 198
9788 69 129 198
9789 68 225 198
9790 67 241 198
9791 66 253 197
9792 65 255 198
9793 64 128 197
9794 63 64 198
9795 62 16 197
9796 61 8 197
9797 60 2 197
9798 59 1 197
9799 58 193 197
9800 57 225 197
9801 56 249 196
9802 74 16 199
9803 73 8 200
9804 72 2 199
9805 71 1 199
9806 70 193 199
9807 69 225 199
9808 68 249 199
9809 67 253 199
9810 66 256 198
9811 65 128 199
9812 64 32 198
9813 63 16 199
9814 62 4 198
9815 61 2 198
9816 60 129 198
9817 59 193 198
9818 58 241 198
9819 75 16 201
9820 74 4 200
9821 73 2 201
9822 72 129 200
9823 71 193 200
9824 70 241 200
9825 69 249 200
9826 68 255 200
9827 67 256 200
9828 66 64 199
9829 65 32 200
9830 64 8 199
9831 63 4 200
9832 62 1 199
9833 61 129 199
9834 60 225 199
9835 76 8 201
9836 75 4 202
9837 74 1 201
9838 73 129 202
9839 72 225 201
9840 71 241 201
9841 70 253 201
9842 69 255 201
9843 68 128 201
9844 67 64 201
9845 66 16 200
9846 65 8 201
9847 64 2 200
9848 63 1 201
9849 62 193 200
9850 77 8 203
9851 76 2 202
9852 75 1 203
9853 74 193 202
9854 73 225 203
9855 72 249 202
9856 71 253 202
9857 70 256 202
9858 69 128 202
9859 68 32 202
9860 67 16 202
9861 66 4 201
9862 65 2 202
9863 64 129 201
9864 78 4 204
9865 77 2 204
9866 76 129 203
9867 75 193 204
9868 74 241 203
9869 73 249 204
9870 72 255 203
9871 71 256 203
9872 70 64 203
9873 69 32 203
9874 68 8 203
9875 67 4 203
9876 66 1 202
9877 79 4 205
9878 78 1 205
9879 77 129 205
9880 76 225 204
9881 75 241 205
9882 74 253 204
9883 73 255 205
9884 72 128 204
9885 71 64 204
9886 70 16 204
9887 69 8 204
9888 68 2 204
9889 80 2 206
9890 79 1 206
9891 78 193 206
9892 77 225 206
9893 76 249 205
9894 75 253 206
9895 74 256 205
9896 73 128 206
9897 72 32 205
9898 71 16 205
9899 70 4 205
9900 81 2 207
9901 80 129 207
9902 79 193 207
9903 78 241 207
9904 77 249 207
9905 76 255 206
9906 75 256 207
9907 74 64 206
9908 73 32 207
9909 72 8 206
9910 82 1 208
9911 81 129 208
9912 80 225 208
9913 79 241 208
9914 78 253 208
9915 77 255 208
9916 76 128 207
9917 75 64 208
9918 74 16 207
9919 83 1 210
9920 82 193 209
9921 81 225 209
9922 80 249 209
9923 79 253 209
9924 78 256 209
9925 77 128 209
9926 76 32 208
9927 84 129 210
9928 83 193 211
9929 82 241 210
9930 81 249 210
9931 80 255 210
9932 79 256 210
9933 78 64 210
9934 85 129 212
9935 84 225 211
9936 83 241 212
9937 82 253 211
9938 81 255 211
9939 80 128 211
9940 86 193 212
9941 85 225 213
9942 84 249 212
9943 83 253 213
9944 82 256 212
9945 87 193 214
9946 86 241 213
9947 85 249 214
9948 84 255 213
9949 88 225 215
9950 87 241 215
9951 86 253 214
9952 89 225 216
9953 88 249 216
9954 90 241 217
9955 91 165 218
9956 89 156 217
9957 87 26 216
9958 85 90 215
9959 83 15 214
9960 81 131 212
9961 79 236 211
9962 77 125 210
9963 75 235 209
9964 73 82 208
9965 71 185 206
9966 69 245 205
9967 67 255 204
9968 65 171 203
9969 63 157 202
9970 61 69 200
9971 59 140 199
9972 57 109 198
9973 55 61 197
9974 53 53 196
9975 51 223 194
9976 49 80 193
9977 47 99 192
9978 45 145 191
9979 43 67 190
9980 41 54 188
9981 39 9 187
9982 37 130 186
9983 35 193 185
9984 33 75 184
9985 31 141 182
9986 29 152 181
9987 27 111 180
9988 25 147 179
9989 23 153 178
9990 21 154 176
9991 19 197 175
9992 17 247 174
9993 15 84 173
9994 92 211 219
9995 90 78 218
9996 88 13 217
9997 86 45 215
9998 84 136 214
9999 82 194 213
10000 80 118 212
10001 78 191 211
10002 76 246 209
10003 74 41 208
10004 72 221 207
10005 70 251 206
10006 68 256 205
10007 66 214 203
10008 64 207 202
10009 62 163 201
10010 60 70 200
10011 58 183 199
10012 56 159 197
10013 54 155 196
10014 52 240 195
10015 50 40 194
10016 48 178 193
10017 46 201 191
10018 44 162 190
10019 42 27 189
10020 40 133 188
10021 38 65 187
10022 36 225 185
10023 34 166 184
10024 32 199 183
10025 30 76 182
10026 28 184 181
10027 26 202 179
10028 24 205 178
10029 22 77 177
10030 20 227 176
10031 18 252 175
10032 93 211 221
10033 91 78 219
10034 89 13 218
10035 87 45 217
10036 85 136 216
10037 83 194 215
10038 81 118 213
10039 79 191 212
10040 77 246 211
10041 75 41 210
10042 73 221 209
10043 71 251 207
10044 69 256 206
10045 67 214 205
10046 65 207 204
10047 63 163 203
10048 61 70 201
10049 59 183 200
10050 57 159 199
10051 55 155 198
10052 53 240 197
10053 51 40 195
10054 49 178 194
10055 47 201 193
10056 45 162 192
10057 43 27 191
10058 41 133 189
10059 39 65 188
10060 37 225 187
10061 35 166 186
10062 33 199 185
10063 31 76 183
10064 29 184 182
10065 27 202 181
10066 25 205 180
10067 23 77 179
10068 21 227 177
10069 94 234 221
10070 92 39 220
10071 90 135 219
10072 88 151 218
10073 86 68 216
10074 84 97 215
10075 82 59 214
10076 80 224 213
10077 78 123 212
10078 76 149 210
10079 74 239 209
10080 72 254 208
10081 70 128 207
10082 68 107 206
10083 66 232 204
10084 64 210 203
10085 62 35 202
10086 60 220 201
10087 58 208 200
10088 56 206 198
10089 54 120 197
10090 52 20 196
10091 50 89 195
10092 48 229 194
10093 46 81 192
10094 44 142 191
10095 42 195 190
10096 40 161 189
10097 38 241 188
10098 36 83 186
10099 34 228 185
10100 32 38 184
10101 30 92 183
10102 28 101 182
10103 26 231 180
10104 24 167 179
10105 95 234 223
10106 93 39 222
10107 91 135 220
10108 89 151 219
10109 87 68 218
10110 85 97 217
10111 83 59 216
10112 81 224 214
10113 79 123 213
10114 77 149 212
10115 75 239 211
10116 73 254 210
10117 71 128 208
10118 69 107 207
10119 67 232 206
10120 65 210 205
10121 63 35 204
10122 61 220 202
10123 59 208 201
10124 57 206 200
10125 55 120 199
10126 53 20 198
10127 51 89 196
10128 49 229 195
10129 47 81 194
10130 45 142 193
10131 43 195 192
10132 41 161 190
10133 39 241 189
10134 37 83 188
10135 35 228 187
10136 33 38 186
10137 31 92 184
10138 29 101 183
10139 27 231 182
10140 96 117 223
10141 94 148 222
10142 92 196 221
10143 90 204 220
10144 88 34 219
10145 86 177 217
10146 84 158 216
10147 82 112 215
10148 80 190 214
10149 78 203 213
10150 76 248 211
10151 74 127 210
10152 72 64 209
10153 70 182 208
10154 68 116 207
10155 66 105 205
10156 64 146 204
10157 62 110 203
10158 60 104 202
10159 58 103 201
10160 56 60 199
10161 54 10 198
10162 52 173 197
10163 50 243 196
10164 48 169 195
10165 46 71 193
10166 44 226 192
10167 42 209 191
10168 40 249 190
10169 38 170 189
10170 36 114 187
10171 34 19 186
10172 32 46 185
10173 30 179 184
10174 97 117 225
10175 95 148 224
10176 93 196 223
10177 91 204 221
10178 89 34 220
10179 87 177 219
10180 85 158 218
10181 83 112 217
10182 81 190 215
10183 79 203 214
10184 77 248 213
10185 75 127 212
10186 73 64 211
10187 71 182 209
10188 69 116 208
10189 67 105 207
10190 65 146 206
10191 63 110 205
10192 61 104 203
10193 59 103 202
10194 57 60 201
10195 55 10 200
10196 53 173 199
10197 51 243 197
10198 49 169 196
10199 47 71 195
10200 45 226 194
10201 43 209 193
10202 41 249 191
10203 39 170 190
10204 37 114 189
10205 35 19 188
10206 33 46 187
10207 98 187 226
10208 96 74 224
10209 94 98 223
10210 92 102 222
10211 90 17 221
10212 88 217 220
10213 86 79 218
10214 84 56 217
10215 82 95 216
10216 80 230 215
10217 78 124 214
10218 76 192 212
10219 74 32 211
10220 72 91 210
10221 70 58 209
10222 68 181 208
10223 66 73 206
10224 64 55 205
10225 62 52 204
10226 60 180 203
10227 58 30 202
10228 56 5 200
10229 54 215 199
10230 52 250 198
10231 50 213 197
10232 48 164 196
10233 46 113 194
10234 44 233 193
10235 42 253 192
10236 40 85 191
10237 38 57 190
10238 36 138 188
10239 99 187 227
10240 97 74 226
10241 95 98 225
10242 93 102 224
10243 91 17 222
10244 89 217 221
10245 87 79 220
10246 85 56 219
10247 83 95 218
10248 81 230 216
10249 79 124 215
10250 77 192 214
10251 75 32 213
10252 73 91 212
10253 71 58 210
10254 69 181 209
10255 67 73 208
10256 65 55 207
10257 63 52 206
10258 61 180 204
10259 59 30 203
10260 57 5 202
10261 55 215 201
10262 53 250 200
10263 51 213 198
10264 49 164 197
10265 47 113 196
10266 45 233 195
10267 43 253 194
10268 41 85 192
10269 39 57 191
10270 100 222 228
10271 98 37 227
10272 96 49 225
10273 94 51 224
10274 92 137 223
10275 90 237 222
10276 88 168 221
10277 86 28 219
10278 84 176 218
10279 82 115 217
10280 80 62 216
10281 78 96 215
10282 76 16 213
10283 74 174 212
10284 72 29 211
10285 70 219 210
10286 68 165 209
10287 66 156 207
10288 64 26 206
10289 62 90 205
10290 60 15 204
10291 58 131 203
10292 56 236 201
10293 54 125 200
10294 52 235 199
10295 50 82 198
10296 48 185 197
10297 46 245 195
10298 44 255 194
10299 42 171 193
10300 101 222 229
10301 99 37 228
10302 97 49 227
10303 95 51 226
10304 93 137 225
10305 91 237 223
10306 89 168 222
10307 87 28 221
10308 85 176 220
10309 83 115 219
10310 81 62 217
10311 79 96 216
10312 77 16 215
10313 75 174 214
10314 73 29 213
10315 71 219 211
10316 69 165 210
10317 67 156 209
10318 65 26 208
10319 63 90 207
10320 61 15 205
10321 59 131 204
10322 57 236 203
10323 55 125 202
10324 53 235 201
10325 51 82 199
10326 49 185 198
10327 47 245 197
10328 45 255 196
10329 102 111 230
10330 100 147 229
10331 98 153 228
10332 96 154 226
10333 94 197 225
10334 92 247 224
10335 90 84 223
10336 88 14 222
10337 86 88 220
10338 84 186 219
10339 82 31 218
10340 80 48 217
10341 78 8 216
10342 76 87 214
10343 74 143 213
10344 72 238 212
10345 70 211 211
10346 68 78 210
10347 66 13 208
10348 64 45 207
10349 62 136 206
10350 60 194 205
10351 58 118 204
10352 56 191 202
10353 54 246 201
10354 52 41 200
10355 50 221 199
10356 48 251 198
10357 103 111 232
10358 101 147 230
10359 99 153 229
10360 97 154 228
10361 95 197 227
10362 93 247 226
10363 91 84 224
10364 89 14 223
10365 87 88 222
10366 85 186 221
10367 83 31 220
10368 81 48 218
10369 79 8 217
10370 77 87 216
10371 75 143 215
10372 73 238 214
10373 71 211 212
10374 69 78 211
10375 67 13 210
10376 65 45 209
10377 63 136 208
10378 61 194 206
10379 59 118 205
10380 57 191 204
10381 55 246 203
10382 53 41 202
10383 51 221 200
10384 104 184 232
10385 102 202 231
10386 100 205 230
10387 98 77 229
10388 96 227 227
10389 94 252 226
10390 92 42 225
10391 90 7 224
10392 88 44 223
10393 86 93 221
10394 84 144 220
10395 82 24 219
10396 80 4 218
10397 78 172 217
10398 76 200 215
10399 74 119 214
10400 72 234 213
10401 70 39 212
10402 68 135 211
10403 66 151 209
10404 64 68 208
10405 62 97 207
10406 60 59 206
10407 58 224 205
10408 56 123 203
10409 54 149 202
10410 105 184 234
10411 103 202 233
10412 101 205 231
10413 99 77 230
10414 97 227 229
10415 95 252 228
10416 93 42 227
10417 91 7 225
10418 89 44 224
10419 87 93 223
10420 85 144 222
10421 83 24 221
10422 81 4 219
10423 79 172 218
10424 77 200 217
10425 75 119 216
10426 73 234 215
10427 71 39 213
10428 69 135 212
10429 67 151 211
10430 65 68 210
10431 63 97 209
10432 61 59 207
10433 59 224 206
10434 57 123 205
10435 106 92 234
10436 104 101 233
10437 102 231 232
10438 100 167 231
10439 98 242 230
10440 96 126 228
10441 94 21 227
10442 92 132 226
10443 90 22 225
10444 88 175 224
10445 86 72 222
10446 84 12 221
10447 82 2 220
10448 80 86 219
10449 78 100 218
10450 76 188 216
10451 74 117 215
10452 72 148 214
10453 70 196 213
10454 68 204 212
10455 66 34 210
10456 64 177 209
10457 62 158 208
10458 60 112 207
10459 107 92 236
10460 105 101 235
10461 103 231 234
10462 101 167 232
10463 99 242 231
10464 97 126 230
10465 95 21 229
10466 93 132 228
10467 91 22 226
10468 89 175 225
10469 87 72 224
10470 85 12 223
10471 83 2 222
10472 81 86 220
10473 79 100 219
10474 77 188 218
10475 75 117 217
10476 73 148 216
10477 71 196 214
10478 69 204 213
10479 67 34 212
10480 65 177 211
10481 63 158 210
10482 108 46 237
10483 106 179 235
10484 104 244 234
10485 102 212 233
10486 100 121 232
10487 98 63 231
10488 96 139 229
10489 94 66 228
10490 92 11 227
10491 90 216 226
10492 88 36 225
10493 86 6 223
10494 84 1 222
10495 82 43 221
10496 80 50 220
10497 78 94 219
10498 76 187 217
10499 74 74 216
10500 72 98 215
10501 70 102 214
10502 68 17 213
10503 66 217 211
10504 109 46 238
10505 107 179 237
10506 105 244 236
10507 103 212 235
10508 101 121 233
10509 99 63 232
10510 97 139 231
10511 95 66 230
10512 93 11 229
10513 91 216 227
10514 89 36 226
10515 87 6 225
10516 85 1 224
10517 83 43 223
10518 81 50 221
10519 79 94 220
10520 77 187 219
10521 75 74 218
10522 73 98 217
10523 71 102 215
10524 69 17 214
10525 110 23 239
10526 108 218 238
10527 106 122 236
10528 104 106 235
10529 102 189 234
10530 100 160 233
10531 98 198 232
10532 96 33 230
10533 94 134 229
10534 92 108 228
10535 90 18 227
10536 88 3 226
10537 86 129 224
10538 84 150 223
10539 82 25 222
10540 80 47 221
10541 78 222 220
10542 76 37 218
10543 74 49 217
10544 72 51 216
10545 111 23 240
10546 109 218 239
10547 107 122 238
10548 105 106 237
10549 103 189 236
10550 101 160 234
10551 99 198 233
10552 97 33 232
10553 95 134 231
10554 93 108 230
10555 91 18 228
10556 89 3 227
10557 87 129 226
10558 85 150 225
10559 83 25 224
10560 81 47 222
10561 79 222 221
10562 77 37 220
10563 75 49 219
10564 112 140 241
10565 110 109 240
10566 108 61 239
10567 106 53 237
10568 104 223 236
10569 102 80 235
10570 100 99 234
10571 98 145 233
10572 96 67 231
10573 94 54 230
10574 92 9 229
10575 90 130 228
10576 88 193 227
10577 86 75 225
10578 84 141 224
10579 82 152 223
10580 80 111 222
10581 78 147 221
10582 113 140 243
10583 111 109 241
10584 109 61 240
10585 107 53 239
10586 105 223 238
10587 103 80 237
10588 101 99 235
10589 99 145 234
10590 97 67 233
10591 95 54 232
10592 93 9 231
10593 91 130 229
10594 89 193 228
10595 87 75 227
10596 85 141 226
10597 83 152 225
10598 81 111 223
10599 114 70 243
10600 112 183 242
10601 110 159 241
10602 108 155 240
10603 106 240 238
10604 104 40 237
10605 102 178 236
10606 100 201 235
10607 98 162 234
10608 96 27 232
10609 94 133 231
10610 92 65 230
10611 90 225 229
10612 88 166 228
10613 86 199 226
10614 84 76 225
10615 115 70 245
10616 113 183 244
10617 111 159 242
10618 109 155 241
10619 107 240 240
10620 105 40 239
10621 103 178 238
10622 101 201 236
10623 99 162 235
10624 97 27 234
10625 95 133 233
10626 93 65 232
10627 91 225 230
10628 89 166 229
10629 87 199 228
10630 116 35 245
10631 114 220 244
10632 112 208 243
10633 110 206 242
10634 108 120 241
10635 106 20 239
10636 104 89 238
10637 102 229 237
10638 100 81 236
10639 98 142 235
10640 96 195 233
10641 94 161 232
10642 92 241 231
10643 90 83 230
10644 117 35 247
10645 115 220 246
10646 113 208 245
10647 111 206 243
10648 109 120 242
10649 107 20 241
10650 105 89 240
10651 103 229 239
10652 101 81 237
10653 99 142 236
10654 97 195 235
10655 95 161 234
10656 93 241 233
10657 118 146 248
10658 116 110 246
10659 114 104 245
10660 112 103 244
10661 110 60 243
10662 108 10 242
10663 106 173 240
10664 104 243 239
10665 102 169 238
10666 100 71 237
10667 98 226 236
10668 96 209 234
10669 119 146 249
10670 117 110 248
10671 115 104 247
10672 113 103 246
10673 111 60 244
10674 109 10 243
10675 107 173 242
10676 105 243 241
10677 103 169 240
10678 101 71 238
10679 99 226 237
10680 120 73 250
10681 118 55 249
10682 116 52 247
10683 114 180 246
10684 112 30 245
10685 110 5 244
10686 108 215 243
10687 106 250 241
10688 104 213 240
10689 102 164 239
10690 121 73 251
10691 119 55 250
10692 117 52 249
10693 115 180 248
10694 113 30 247
10695 111 5 245
10696 109 215 244
10697 107 250 243
10698 105 213 242
10699 122 165 252
10700 120 156 251
10701 118 26 250
10702 116 90 248
10703 114 15 247
10704 112 131 246
10705 110 236 245
10706 108 125 244
10707 123 165 254
10708 121 156 252
10709 119 26 251
10710 117 90 250
10711 115 15 249
10712 113 131 248
10713 111 236 246
10714 124 211 254
10715 122 78 253
10716 120 13 252
10717 118 45 251
10718 116 136 249
10719 114 194 248
10720 125 211 256
10721 123 78 255
10722 121 13 253
10723 119 45 252
10724 117 136 251
10725 126 234 256
10726 124 39 255
10727 122 135 254
10728 120 151 253
10729 127 234 258
10730 125 39 257
10731 123 135 256
10732 128 117 259
10733 126 148 257
10734 129 117 260
10735 2 239 170
10736 3 185 170
10737 1 9 171
10738 0 124 172
10739 0 124 173
10740 0 124 174
10741 0 124 175
10742 0 124 176
10743 0 124 177
10744 0 124 178
10745 0 124 179
10746 0 124 180
10747 0 124 181
10748 0 124 182
10749 0 124 183
10750 0 124 184
10751 0 124 185
10752 0 124 186
10753 0 124 187
10754 0 124 188
10755 0 124 189
10756 0 124 190
10757 0 124 191
10758 0 124 192
10759 0 124 193
10760 0 124 194
10761 0 124 195
10762 0 124 196
10763 0 124 197
10764 0 124 198
10765 0 124 199
10766 0 124 200
10767 0 124 201
10768 0 124 202
10769 4 21 170
10770 5 84 170
10771 2 231 171
10772 3 200 171
10773 1 192 172
10774 1 192 173
10775 1 192 174
10776 1 192 175
10777 1 192 176
10778 1 192 177
10779 1 192 178
10780 1 192 179
10781 1 192 180
10782 1 192 181
10783 1 192 182
10784 1 192 183
10785 1 192 184
10786 1 192 185
10787 1 192 186
10788 1 192 187
10789 1 192 188
10790 1 192 189
10791 1 192 190
10792 1 192 191
10793 1 192 192
10794 1 192 193
10795 1 192 194
10796 1 192 195
10797 1 192 196
10798 1 192 197
10799 1 192 198
10800 1 192 199
10801 1 192 200
10802 6 104 170
10803 7 159 170
10804 4 116 171
10805 5 195 171
10806 2 44 172
10807 3 137 172
10808 2 32 173
10809 2 32 174
10810 2 32 175
10811 2 32 176
10812 2 32 177
10813 2 32 178
10814 2 32 179
10815 2 32 180
10816 2 32 181
10817 2 32 182
10818 2 32 183
10819 2 32 184
10820 2 32 185
10821 2 32 186
10822 2 32 187
10823 2 32 188
10824 2 32 189
10825 2 32 190
10826 2 32 191
10827 2 32 192
10828 2 32 193
10829 2 32 194
10830 2 32 195
10831 2 32 196
10832 2 32 197
10833 2 32 198
10834 8 50 170
10835 9 200 170
10836 6 36 171
10837 7 158 171
10838 4 120 172
10839 5 140 172
10840 3 43 173
10841 4 65 173
10842 3 91 174
10843 3 91 175
10844 3 91 176
10845 3 91 177
10846 3 91 178
10847 3 91 179
10848 3 91 180
10849 3 91 181
10850 3 91 182
10851 3 91 183
10852 3 91 184
10853 3 91 185
10854 3 91 186
10855 3 91 187
10856 3 91 188
10857 3 91 189
10858 3 91 190
10859 3 91 191
10860 3 91 192
10861 3 91 193
10862 3 91 194
10863 3 91 195
10864 3 91 196
10865 10 113 170
10866 11 195 170
10867 8 215 171
10868 9 244 171
10869 6 117 172
10870 7 8 172
10871 5 164 173
10872 6 224 173
10873 4 165 174
10874 5 17 174
10875 4 58 175
10876 4 58 176
10877 4 58 177
10878 4 58 178
10879 4 58 179
10880 4 58 180
10881 4 58 181
10882 4 58 182
10883 4 58 183
10884 4 58 184
10885 4 58 185
10886 4 58 186
10887 4 58 187
10888 4 58 188
10889 4 58 189
10890 4 58 190
10891 4 58 191
10892 4 58 192
10893 4 58 193
10894 4 58 194
10895 10 12 171
10896 11 48 171
10897 12 96 171
10898 8 113 172
10899 9 80 172
10900 13 146 172
10901 7 237 173
10902 8 167 173
10903 6 193 174
10904 7 23 174
10905 5 20 175
10906 6 245 175
10907 5 181 176
10908 5 181 177
10909 5 181 178
10910 5 181 179
10911 5 181 180
10912 5 181 181
10913 5 181 182
10914 5 181 183
10915 5 181 184
10916 5 181 185
10917 5 181 186
10918 5 181 187
10919 5 181 188
10920 5 181 189
10921 5 181 190
10922 5 181 191
10923 5 181 192
10924 10 256 172
10925 11 253 172
10926 12 249 172
10927 14 256 172
10928 9 15 173
10929 10 47 173
10930 13 68 173
10931 16 35 173
10932 8 246 174
10933 9 16 174
10934 7 148 175
10935 8 14 175
10936 6 42 176
10937 7 198 176
10938 6 73 177
10939 6 73 178
10940 6 73 179
10941 6 73 180
10942 6 73 181
10943 6 73 182
10944 6 73 183
10945 6 73 184
10946 6 73 185
10947 6 73 186
10948 6 73 187
10949 6 73 188
10950 6 73 189
10951 6 73 190
10952 11 128 173
10953 12 99 173
10954 14 221 173
10955 10 40 174
10956 11 22 174
10957 12 46 174
10958 13 80 174
10959 15 208 174
10960 9 160 175
10961 10 156 175
10962 17 79 175
10963 8 74 176
10964 9 114 176
10965 19 9 176
10966 7 38 177
10967 8 142 177
10968 7 55 178
10969 7 55 179
10970 7 55 180
10971 7 55 181
10972 7 55 182
10973 7 55 183
10974 7 55 184
10975 7 55 185
10976 7 55 186
10977 7 55 187
10978 7 55 188
10979 14 14 174
10980 16 24 174
10981 11 197 175
10982 12 144 175
10983 13 42 175
10984 14 159 175
10985 15 61 175
10986 16 168 175
10987 10 48 176
10988 11 174 176
10989 12 111 176
10990 18 201 176
10991 9 165 177
10992 10 84 177
10993 20 127 177
10994 8 93 178
10995 9 42 178
10996 22 47 178
10997 8 52 179
10998 8 52 180
10999 8 52 181
11000 8 52 182
11001 8 52 183
11002 8 52 184
11003 8 52 185
11004 8 52 186
11005 13 23 176
11006 14 76 176
11007 15 31 176
11008 16 135 176
11009 17 62 176
11010 11 244 177
11011 12 69 177
11012 13 146 177
11013 14 13 177
11014 15 80 177
11015 16 161 177
11016 19 225 177
11017 10 211 178
11018 11 19 178
11019 12 114 178
11020 21 129 178
11021 9 95 179
11022 10 116 179
11023 9 180 180
11024 23 187 180
11025 9 180 181
11026 25 188 181
11027 9 180 182
11028 9 180 183
11029 9 180 184
11030 17 84 177
11031 18 73 177
11032 13 203 178
11033 14 53 178
11034 15 234 178
11035 16 115 178
11036 17 14 178
11037 18 128 178
11038 19 190 178
11039 20 135 178
11040 11 9 179
11041 12 196 179
11042 13 146 179
11043 14 184 179
11044 15 174 179
11045 22 60 179
11046 10 18 180
11047 11 126 180
11048 12 252 180
11049 24 74 180
11050 10 30 181
11051 26 117 181
11052 10 30 182
11053 10 30 183
11054 16 138 179
11055 17 199 179
11056 18 186 179
11057 19 39 179
11058 20 58 179
11059 21 205 179
11060 13 241 180
11061 14 84 180
11062 15 13 180
11063 16 92 180
11064 17 15 180
11065 18 177 180
11066 19 241 180
11067 21 202 180
11068 11 175 181
11069 12 171 181
11070 13 86 181
11071 14 69 181
11072 23 28 181
11073 11 9 182
11074 12 26 182
11075 25 196 182
11076 11 5 183
11077 20 247 180
11078 22 13 180
11079 15 118 181
11080 16 203 181
11081 17 252 181
11082 18 109 181
11083 19 101 181
11084 20 79 181
11085 21 168 181
11086 22 192 181
11087 24 177 181
11088 13 38 182
11089 14 146 182
11090 15 22 182
11091 16 149 182
11092 17 84 182
11093 18 40 182
11094 19 39 182
11095 26 70 182
11096 12 131 183
11097 13 241 183
11098 14 251 183
11099 20 149 182
11100 21 53 182
11101 22 71 182
11102 23 186 182
11103 24 175 182
11104 15 135 183
11105 16 66 183
11106 17 10 183
11107 18 117 183
11108 19 244 183
11109 20 21 183
11110 21 11 183
11111 22 234 183
11112 23 147 183
11113 24 123 183
11114 25 232 183
11115 26 242 183
11116 27 38 183
11117 28 1 183
11118 10 154 184
11119 11 111 184
11120 12 196 184
11121 13 187 184
11122 14 236 184
11123 15 142 184
11124 16 53 184
11125 17 91 184
11126 18 88 184
11127 19 88 184
11128 20 256 184
11129 21 180 184
11130 22 96 184
11131 23 174 184
11132 24 2 184
11133 25 249 184
11134 26 179 184
11135 27 35 184
11136 28 53 184
11137 29 18 184
11138 9 44 185
11139 10 71 185
11140 11 188 185
11141 12 6 185
11142 13 186 185
11143 14 240 185
11144 15 79 185
11145 16 75 185
11146 17 164 185
11147 18 221 185
11148 19 41 185
11149 20 180 185
11150 21 241 185
11151 22 146 185
11152 23 95 185
11153 24 121 185
11154 25 86 185
11155 26 113 185
11156 27 134 185
11157 28 37 185
11158 29 90 185
11159 30 201 185
11160 31 98 185
11161 9 32 186
11162 10 241 186
11163 11 104 186
11164 12 219 186
11165 13 13 186
11166 14 139 186
11167 15 24 186
11168 16 36 186
11169 17 115 186
11170 18 132 186
11171 19 237 186
11172 20 228 186
11173 21 134 186
11174 22 165 186
11175 23 107 186
11176 24 208 186
11177 25 61 186
11178 26 24 186
11179 27 86 186
11180 28 103 186
11181 29 46 186
11182 30 183 186
11183 31 46 186
11184 32 243 186
11185 8 153 187
11186 9 95 187
11187 10 169 187
11188 11 250 187
11189 12 169 187
11190 13 176 187
11191 14 155 187
11192 15 232 187
11193 16 10 187
11194 17 134 187
11195 18 177 187
11196 19 139 187
11197 20 20 187
11198 21 36 187
11199 22 22 187
11200 23 75 187
11201 24 217 187
11202 25 74 187
11203 26 246 187
11204 27 5 187
11205 28 222 187
11206 29 127 187
11207 30 103 187
11208 31 178 187
11209 32 130 187
11210 34 85 187
11211 8 154 188
11212 9 194 188
11213 10 88 188
11214 11 253 188
11215 12 97 188
11216 13 170 188
11217 14 77 188
11218 15 131 188
11219 16 145 188
11220 17 5 188
11221 18 149 188
11222 19 220 188
11223 20 205 188
11224 21 44 188
11225 22 229 188
11226 23 69 188
11227 24 79 188
11228 25 4 188
11229 26 62 188
11230 27 58 188
11231 28 12 188
11232 29 24 188
11233 30 49 188
11234 31 27 188
11235 32 211 188
11236 33 73 188
11237 34 172 188
11238 7 107 189
11239 8 55 189
11240 9 222 189
11241 10 61 189
11242 11 184 189
11243 12 91 189
11244 13 178 189
11245 14 143 189
11246 15 229 189
11247 16 245 189
11248 17 131 189
11249 18 136 189
11250 19 164 189
11251 20 80 189
11252 21 157 189
11253 22 190 189
11254 23 111 189
11255 24 49 189
11256 25 225 189
11257 26 59 189
11258 27 74 189
11259 28 124 189
11260 29 206 189
11261 30 108 189
11262 31 185 189
11263 32 80 189
11264 33 160 189
11265 34 201 189
11266 35 201 189
11267 36 118 189
11268 7 165 190
11269 8 127 190
11270 9 127 190
11271 10 217 190
11272 11 131 190
11273 12 107 190
11274 13 232 190
11275 14 194 190
11276 15 241 190
11277 16 239 190
11278 17 86 190
11279 18 41 190
11280 19 102 190
11281 20 134 190
11282 21 38 190
11283 22 221 190
11284 23 249 190
11285 24 147 190
11286 25 154 190
11287 26 91 190
11288 27 223 190
11289 28 151 190
11290 29 80 190
11291 30 93 190
11292 31 125 190
11293 32 4 190
11294 33 125 190
11295 34 158 190
11296 35 228 190
11297 36 196 190
11298 37 114 190
11299 6 14 191
11300 7 141 191
11301 8 210 191
11302 9 149 191
11303 10 142 191
11304 11 136 191
11305 12 10 191
11306 13 151 191
11307 14 241 191
11308 15 121 191
11309 16 235 191
11310 17 207 191
11311 18 172 191
11312 19 74 191
11313 20 14 191
11314 21 172 191
11315 22 251 191
11316 23 55 191
11317 24 184 191
11318 25 185 191
11319 26 226 191
11320 27 199 191
11321 28 51 191
11322 29 78 191
11323 30 149 191
11324 6 93 192
11325 31 136 191
11326 32 37 191
11327 5 72 193
11328 33 213 191
11329 5 245 194
11330 34 102 191
11331 35 21 191
11332 36 229 191
11333 37 13 191
11334 38 256 191
11335 7 6 192
11336 8 34 192
11337 9 180 192
11338 10 104 192
11339 11 30 192
11340 12 43 192
11341 13 254 192
11342 14 82 192
11343 15 198 192
11344 16 111 192
11345 17 82 192
11346 18 92 192
11347 19 193 192
11348 20 180 192
11349 21 231 192
11350 22 205 192
11351 23 161 192
11352 24 140 192
11353 25 249 192
11354 26 191 192
11355 27 229 192
11356 28 196 192
11357 29 216 192
11358 30 118 192
11359 31 198 192
11360 32 247 192
11361 33 115 192
11362 34 251 192
11363 35 194 192
11364 36 126 192
11365 37 25 192
11366 38 10 192
11367 39 11 192
11368 40 17 192
11369 6 101 193
11370 7 113 193
11371 8 4 193
11372 9 174 193
11373 10 252 193
11374 11 238 193
11375 12 127 193
11376 13 102 193
11377 14 35 193
11378 15 80 193
11379 16 30 193
11380 17 164 193
11381 18 205 193
11382 19 130 193
11383 20 22 193
11384 21 225 193
11385 22 113 193
11386 23 56 193
11387 24 105 193
11388 25 142 193
11389 26 57 193
11390 27 21 193
11391 28 192 193
11392 29 135 193
11393 30 231 193
11394 31 58 193
11395 32 203 193
11396 33 242 193
11397 34 223 193
11398 35 7 193
11399 36 131 193
11400 37 174 193
11401 38 82 193
11402 39 178 193
11403 40 70 193
11404 41 42 193
11405 6 214 194
11406 7 62 194
11407 8 121 194
11408 9 227 194
11409 10 222 194
11410 11 80 194
11411 12 69 194
11412 13 77 194
11413 14 193 194
11414 15 212 194
11415 16 122 194
11416 17 139 194
11417 18 158 194
11418 19 140 194
11419 20 115 194
11420 21 96 194
11421 22 239 194
11422 23 254 194
11423 24 152 194
11424 25 203 194
11425 26 85 194
11426 27 231 194
11427 28 198 194
11428 29 239 194
11429 30 111 194
11430 31 53 194
11431 32 128 194
11432 33 4 194
11433 34 125 194
11434 35 216 194
11435 36 103 194
11436 37 97 194
11437 38 38 194
11438 39 22 194
11439 40 149 194
11440 41 114 194
11441 42 247 194
11442 4 37 195
11443 5 124 195
11444 6 236 195
11445 7 256 195
11446 8 1 195
11447 9 53 195
11448 10 57 195
11449 11 110 195
11450 12 227 195
11451 13 130 195
11452 14 248 195
11453 15 129 195
11454 16 18 195
11455 17 105 195
11456 18 48 195
11457 19 85 195
11458 20 85 195
11459 21 146 195
11460 22 107 195
11461 23 223 195
11462 24 118 195
11463 25 24 195
11464 26 83 195
11465 27 99 195
11466 28 10 195
11467 29 44 195
11468 30 14 195
11469 31 244 195
11470 32 123 195
11471 33 115 195
11472 34 76 195
11473 35 4 195
11474 36 31 195
11475 37 2 195
11476 38 45 195
11477 39 206 195
11478 40 14 195
11479 41 122 195
11480 42 79 195
11481 43 88 195
11482 44 208 195
11483 4 59 196
11484 5 254 196
11485 6 126 196
11486 8 25 196
11487 7 38 196
11488 9 237 196
11489 10 103 196
11490 11 183 196
11491 12 45 196
11492 13 203 196
11493 14 92 196
11494 15 60 196
11495 16 47 196
11496 17 203 196
11497 18 85 196
11498 19 214 196
11499 20 138 196
11500 21 146 196
11501 22 13 196
11502 23 100 196
11503 25 242 196
11504 24 110 196
11505 26 154 196
11506 27 202 196
11507 28 29 196
11508 29 142 196
11509 30 116 196
11510 31 164 196
11511 32 55 196
11512 33 174 196
11513 34 123 196
11514 35 127 196
11515 36 6 196
11516 37 192 196
11517 38 38 196
11518 39 31 196
11519 40 231 196
11520 41 194 196
11521 42 242 196
11522 43 104 196
11523 44 251 196
11524 46 87 196
11525 3 30 197
11526 4 55 197
11527 5 241 197
11528 6 248 197
11529 7 30 197
11530 8 10 197
11531 9 200 197
11532 10 242 197
11533 11 70 197
11534 12 225 197
11535 13 203 197
11536 14 159 197
11537 15 179 197
11538 16 137 197
11539 17 31 197
11540 18 13 197
11541 19 157 197
11542 20 141 197
11543 21 17 197
11544 22 184 197
11545 23 15 197
11546 24 160 197
11547 25 58 197
11548 26 170 197
11549 27 53 197
11550 28 254 197
11551 29 237 197
11552 30 27 197
11553 31 46 197
11554 32 144 197
11555 33 163 197
11556 34 108 197
11557 35 1 197
11558 36 55 197
11559 37 74 197
11560 38 48 197
11561 39 164 197
11562 40 3 197
11563 41 179 197
11564 42 143 197
11565 43 11 197
11566 44 79 197
11567 45 135 197
11568 46 164 197
11569 3 201 198
11570 4 196 198
11571 5 254 198
11572 6 110 198
11573 7 152 198
11574 8 80 198
11575 9 101 198
11576 10 242 198
11577 11 215 198
11578 12 159 198
11579 13 100 198
11580 14 118 198
11581 15 188 198
11582 16 185 198
11583 17 76 198
11584 18 74 198
11585 19 210 198
11586 20 98 198
11587 21 208 198
11588 22 127 198
11589 23 55 198
11590 24 216 198
11591 25 142 198
11592 26 82 198
11593 27 89 198
11594 28 224 198
11595 29 167 198
11596 30 145 198
11597 31 254 198
11598 32 75 198
11599 33 82 198
11600 34 108 198
11601 35 52 198
11602 36 123 198
11603 37 134 198
11604 38 173 198
11605 39 60 198
11606 40 52 198
11607 41 119 198
11608 42 177 198
11609 43 109 198
11610 44 8 198
11611 45 61 198
11612 46 44 198
11613 47 196 198
11614 2 240 199
11615 3 233 199
11616 4 177 199
11617 5 80 199
11618 7 127 199
11619 6 94 199
11620 8 178 199
11621 9 159 199
11622 10 64 199
11623 11 237 199
11624 12 95 199
11625 13 52 199
11626 14 99 199
11627 15 109 199
11628 16 11 199
11629 17 209 199
11630 18 188 199
11631 19 88 199
11632 20 146 199
11633 21 215 199
11634 22 102 199
11635 23 128 199
11636 24 163 199
11637 25 72 199
11638 26 181 199
11639 27 90 199
11640 28 194 199
11641 29 192 199
11642 30 235 199
11643 31 161 199
11644 32 146 199
11645 33 217 199
11646 34 132 199
11647 35 82 199
11648 36 38 199
11649 37 220 199
11650 38 238 199
11651 39 98 199
11652 40 130 199
11653 41 25 199
11654 42 250 199
11655 43 110 199
11656 44 179 199
11657 45 53 199
11658 46 114 199
11659 47 66 199
11660 48 248 199
11661 49 143 199
11662 2 137 200
11663 3 199 200
11664 4 215 200
11665 5 8 200
11666 6 12 200
11667 7 104 200
11668 8 130 200
11669 9 252 200
11670 10 132 200
11671 11 246 200
11672 12 236 200
11673 13 133 200
11674 14 172 200
11675 15 92 200
11676 16 61 200
11677 17 184 200
11678 18 172 200
11679 19 199 200
11680 20 9 200
11681 21 214 200
11682 22 227 200
11683 23 147 200
11684 24 212 200
11685 25 3 200
11686 26 89 200
11687 27 155 200
11688 28 82 200
11689 29 69 200
11690 30 27 200
11691 31 131 200
11692 32 79 200
11693 33 159 200
11694 34 85 200
11695 35 105 200
11696 36 25 200
11697 37 166 200
11698 38 164 200
11699 39 83 200
11700 40 196 200
11701 41 215 200
11702 42 200 200
11703 43 200 200
11704 44 105 200
11705 45 202 200
11706 46 151 200
11707 47 58 200
11708 48 79 200
11709 49 228 200
11710 50 78 200
11711 1 234 201
11712 2 212 201
11713 3 79 201
11714 4 89 201
11715 5 112 201
11716 6 56 201
11717 7 180 201
11718 8 151 201
11719 9 195 201
11720 10 189 201
11721 11 256 201
11722 12 74 201
11723 13 163 201
11724 14 161 201
11725 15 92 201
11726 16 96 201
11727 17 193 201
11728 18 173 201
11729 19 122 201
11730 20 50 201
11731 21 205 201
11732 22 102 201
11733 23 70 201
11734 24 157 201
11735 26 211 201
11736 25 238 201
11737 27 10 201
11738 28 55 201
11739 29 130 201
11740 30 163 201
11741 31 152 201
11742 32 5 201
11743 33 206 201
11744 34 173 201
11745 35 157 201
11746 36 221 201
11747 37 146 201
11748 38 82 201
11749 39 63 201
11750 40 92 201
11751 41 123 201
11752 42 29 201
11753 43 119 201
11754 44 32 201
11755 45 50 201
11756 46 78 201
11757 47 48 201
11758 48 232 201
11759 49 129 201
11760 50 210 201
11761 51 140 201
11762 52 168 201
11763 1 168 202
11764 2 242 202
11765 3 17 202
11766 4 175 202
11767 5 207 202
11768 6 52 202
11769 7 243 202
11770 8 43 202
11771 9 52 202
11772 10 79 202
11773 11 200 202
11774 12 121 202
11775 18 167 202
11776 20 108 202
11777 21 113 202
11778 22 28 202
11779 23 53 202
11780 24 206 202
11781 25 3 202
11782 26 89 202
11783 27 190 202
11784 28 240 202
11785 29 211 202
11786 30 134 202
11787 31 186 202
11788 32 223 202
11789 33 233 202
11790 34 114 202
11791 35 22 202
11792 36 141 202
11793 37 141 202
11794 38 239 202
11795 40 238 202
11796 39 126 202
11797 41 138 202
11798 42 62 202
11799 43 84 202
11800 44 28 202
11801 45 221 202
11802 46 20 202
11803 47 197 202
11804 48 218 202
11805 49 87 202
11806 50 226 202
11807 51 79 202
11808 52 255 202
11809 23 139 203
11810 24 139 203
11811 25 219 203
11812 26 236 203
11813 27 67 203
11814 28 36 203
11815 29 243 203
11816 30 160 203
11817 31 112 203
11818 32 10 203
11819 33 97 203
11820 34 137 203
11821 35 28 203
11822 36 108 203
11823 37 30 203
11824 38 68 203
11825 39 222 203
11826 40 99 203
11827 41 126 203
11828 42 90 203
11829 43 75 203
11830 44 82 203
11831 45 36 203
11832 46 236 203
11833 47 123 203
11834 48 126 203
11835 49 128 203
11836 50 211 203
11837 51 224 203
11838 52 115 203
11839 53 154 203
11840 54 95 203
11841 27 123 204
11842 28 68 204
11843 29 22 204
11844 30 76 204
11845 31 233 204
11846 32 122 204
11847 33 107 204
11848 34 198 204
11849 35 179 204
11850 36 218 204
11851 37 156 204
11852 38 7 204
11853 39 225 204
11854 40 217 204
11855 41 211 204
11856 42 165 204
11857 43 99 204
11858 44 35 204
11859 45 210 204
11860 46 150 204
11861 47 73 204
11862 48 135 204
11863 49 62 204
11864 50 241 204
11865 51 137 204
11866 52 163 204
11867 53 106 204
11868 54 245 204
11869 55 174 204
11870 56 8 204
11871 30 106 205
11872 32 212 205
11873 33 217 205
11874 34 196 205
11875 35 131 205
11876 36 6 205
11877 37 147 205
11878 38 92 205
11879 39 183 205
11880 40 43 205
11881 41 6 205
11882 42 70 205
11883 43 73 205
11884 44 87 205
11885 45 45 205
11886 46 151 205
11887 47 190 205
11888 48 36 205
11889 49 186 205
11890 50 13 205
11891 51 57 205
11892 52 39 205
11893 53 76 205
11894 54 46 205
11895 55 183 205
11896 56 212 205
11897 33 65 206
11898 35 103 206
11899 36 243 206
11900 37 251 206
11901 38 221 206
11902 39 249 206
11903 40 124 206
11904 41 115 206
11905 42 49 206
11906 43 250 206
11907 44 85 206
11908 45 181 206
11909 46 60 206
11910 47 88 206
11911 48 88 206
11912 49 232 206
11913 50 18 206
11914 51 164 206
11915 52 2 206
11916 53 118 206
11917 54 42 206
11918 55 141 206
11919 56 234 206
11920 57 232 206
11921 58 13 206
11922 38 78 207
11923 39 137 207
11924 40 107 207
11925 41 127 207
11926 42 232 207
11927 43 174 207
11928 44 102 207
11929 45 237 207
11930 46 144 207
11931 47 207 207
11932 48 96 207
11933 49 170 207
11934 50 14 207
11935 51 115 207
11936 52 229 207
11937 53 170 207
11938 54 197 207
11939 55 250 207
11940 56 24 207
11941 57 74 207
11942 58 247 207
11943 59 91 207
11944 42 113 208
11945 43 96 208
11946 44 11 208
11947 45 200 208
11948 46 247 208
11949 47 160 208
11950 48 245 208
11951 49 242 208
11952 50 221 208
11953 51 161 208
11954 52 98 208
11955 53 171 208
11956 54 104 208
11957 57 125 208
11958 55 7 208
11959 56 126 208
11960 58 135 208
11961 59 168 208
11962 60 222 208
11963 61 56 208
11964 45 139 209
11965 47 125 209
11966 48 236 209
11967 49 155 209
11968 50 168 209
11969 51 93 209
11970 52 80 209
11971 53 40 209
11972 55 6 209
11973 54 104 209
11974 56 1 209
11975 57 26 209
11976 58 193 209
11977 59 209 209
11978 60 114 209
11979 61 25 209
11980 62 123 209
11981 48 117 210
11982 50 194 210
11983 51 195 210
11984 53 169 210
11985 54 175 210
11986 55 91 210
11987 52 42 210
11988 56 106 210
11989 57 126 210
11990 60 164 210
11991 59 47 210
11992 58 173 210
11993 61 148 210
11994 62 17 210
11995 64 225 210
11996 53 249 211
11997 55 244 211
11998 54 115 211
11999 57 121 211
12000 60 187 211
12001 59 215 211
12002 58 86 211
12003 61 62 211
12004 56 72 211
12005 63 60 211
12006 64 167 211
12007 62 113 211
12008 57 54 212
12009 60 243 212
12010 59 43 212
12011 58 120 212
12012 65 171 212
12013 63 189 212
12014 64 119 212
12015 62 74 212
12016 61 250 212
12017 66 167 212
12018 60 203 213
12019 65 137 213
12020 63 215 213
12021 64 154 213
12022 62 169 213
12023 67 157 213
12024 66 237 213
12025 65 233 214
12026 63 23 214
12027 68 138 214
12028 67 237 214
12029 66 253 214
12030 69 69 215
12031 68 79 215
12032 70 23 215
12033 71 149 216
12034 69 230 216
12035 67 186 215
12036 65 175 215
12037 64 209 214
12038 61 142 213
12039 59 164 213
12040 57 41 213
12041 55 203 212
12042 53 115 212
12043 51 175 211
12044 49 108 210
12045 47 27 210
12046 46 237 209
12047 43 82 209
12048 41 203 208
12049 39 115 208
12050 37 93 207
12051 35 216 207
12052 34 137 206
12053 31 71 205
12054 29 82 205
12055 27 149 205
12056 25 230 204
12057 23 186 204
12058 21 216 203
12059 19 54 202
12060 17 142 202
12061 13 219 202
12062 14 72 202
12063 15 169 202
12064 16 100 202
12065 0 51 203
12066 1 89 203
12067 2 222 203
12068 3 129 203
12069 4 76 203
12070 5 82 203
12071 6 159 203
12072 7 5 203
12073 8 108 203
12074 9 156 203
12075 72 221 217
12076 70 248 216
12077 68 62 216
12078 66 72 215
12079 63 169 215
12080 62 133 214
12081 60 226 214
12082 58 185 213
12083 56 248 212
12084 54 62 212
12085 52 144 211
12086 50 36 211
12087 48 9 211
12088 45 57 210
12089 44 185 209
12090 42 239 209
12091 40 124 208
12092 38 31 208
12093 36 36 207
12094 33 94 207
12095 32 195 206
12096 30 113 206
12097 28 221 205
12098 26 124 204
12099 24 31 204
12100 22 72 203
12101 20 18 203
12102 18 133 203
12103 10 6 203
12104 11 106 203
12105 12 152 203
12106 13 85 203
12107 14 91 203
12108 15 127 203
12109 16 123 203
12110 17 39 203
12111 19 81 203
12112 0 194 204
12113 1 200 204
12114 2 171 204
12115 3 101 204
12116 73 221 218
12117 71 124 217
12118 69 31 217
12119 67 72 216
12120 65 18 216
12121 64 199 215
12122 61 113 214
12123 59 221 214
12124 57 248 214
12125 55 62 213
12126 53 144 213
12127 51 18 212
12128 49 133 211
12129 47 226 211
12130 46 167 210
12131 43 239 210
12132 41 62 209
12133 39 144 209
12134 37 36 208
12135 35 9 208
12136 34 224 207
12137 31 185 206
12138 29 239 206
12139 27 124 206
12140 25 31 205
12141 23 72 205
12142 21 9 204
12143 4 107 204
12144 5 109 204
12145 6 253 204
12146 7 147 204
12147 8 122 204
12148 9 207 204
12149 10 104 204
12150 11 104 204
12151 12 88 204
12152 13 77 204
12153 14 49 204
12154 15 125 204
12155 16 90 204
12156 74 251 218
12157 72 127 218
12158 70 96 217
12159 68 24 217
12160 66 3 216
12161 63 56 216
12162 62 209 215
12163 60 245 215
12164 58 254 214
12165 56 96 213
12166 54 24 213
12167 52 6 212
12168 50 130 212
12169 48 161 212
12170 45 61 211
12171 44 254 210
12172 42 192 210
12173 40 48 209
12174 38 12 209
12175 36 130 208
12176 33 157 208
12177 32 233 207
12178 30 251 207
12179 28 127 206
12180 26 48 205
12181 24 12 205
12182 22 3 204
12183 20 65 204
12184 18 209 204
12185 19 69 204
12186 17 113 204
12187 0 136 205
12188 1 108 205
12189 2 75 205
12190 3 35 205
12191 4 130 205
12192 5 187 205
12193 6 213 205
12194 7 231 205
12195 76 185 219
12196 73 127 219
12197 71 48 218
12198 69 12 218
12199 67 3 217
12200 65 65 217
12201 64 188 216
12202 61 251 215
12203 59 127 215
12204 57 96 215
12205 55 24 214
12206 53 6 214
12207 51 65 213
12208 49 209 212
12209 47 245 212
12210 46 55 211
12211 43 192 211
12212 41 24 210
12213 39 6 210
12214 37 130 209
12215 35 161 209
12216 34 51 208
12217 31 254 207
12218 29 192 207
12219 27 48 207
12220 25 12 206
12221 23 3 206
12222 21 161 205
12223 8 203 205
12224 9 67 205
12225 10 227 205
12226 11 7 205
12227 12 108 205
12228 13 111 205
12229 14 26 205
12230 15 8 205
12231 16 132 205
12232 17 92 205
12233 75 150 220
12234 74 64 219
12235 72 16 219
12236 70 4 218
12237 68 1 218
12238 66 225 217
12239 63 162 217
12240 62 255 216
12241 60 128 216
12242 58 32 215
12243 56 4 214
12244 54 1 214
12245 52 193 213
12246 50 241 213
12247 48 253 213
12248 45 21 212
12249 44 32 211
12250 42 8 211
12251 40 2 210
12252 38 129 210
12253 36 241 209
12254 33 240 209
12255 32 256 208
12256 30 64 208
12257 28 16 207
12258 26 2 206
12259 24 129 206
12260 22 225 205
12261 20 249 205
12262 18 255 205
12263 19 173 205
12264 0 188 206
12265 1 172 206
12266 2 231 206
12267 3 116 206
12268 4 28 206
12269 5 108 206
12270 77 256 221
12271 76 200 220
12272 73 16 220
12273 71 2 219
12274 69 129 219
12275 67 225 218
12276 65 249 218
12277 64 47 217
12278 61 64 216
12279 59 16 216
12280 57 4 216
12281 55 1 215
12282 53 193 215
12283 51 249 214
12284 49 255 213
12285 47 128 213
12286 46 243 212
12287 43 8 212
12288 41 1 211
12289 39 193 211
12290 37 241 210
12291 35 253 210
12292 34 11 209
12293 31 32 208
12294 29 8 208
12295 27 2 208
12296 25 129 207
12297 23 225 207
12298 21 253 206
12299 6 4 206
12300 7 81 206
12301 8 77 206
12302 9 186 206
12303 10 52 206
12304 11 223 206
12305 12 64 206
12306 78 171 222
12307 75 24 221
12308 74 174 220
12309 72 172 220
12310 70 43 219
12311 68 75 219
12312 66 170 218
12313 63 226 218
12314 62 107 217
12315 60 91 217
12316 58 87 216
12317 56 43 215
12318 54 75 215
12319 52 83 214
12320 50 85 214
12321 48 214 214
12322 45 208 213
12323 44 87 212
12324 42 86 212
12325 40 150 211
12326 38 166 211
12327 36 85 210
12328 33 183 210
12329 32 182 209
12330 30 174 209
12331 28 172 208
12332 26 150 207
12333 24 166 207
12334 22 170 206
12335 20 171 206
12336 18 107 206
12337 13 177 206
12338 14 170 206
12339 15 157 206
12340 16 32 206
12341 79 214 222
12342 77 182 222
12343 76 156 221
12344 73 172 221
12345 71 150 220
12346 69 166 220
12347 67 170 219
12348 65 171 219
12349 64 166 218
12350 61 174 217
12351 59 172 217
12352 57 43 217
12353 55 75 216
12354 53 83 216
12355 51 171 215
12356 49 107 214
12357 47 91 214
12358 46 9 213
12359 43 86 213
12360 41 75 212
12361 39 83 212
12362 37 85 211
12363 35 214 211
12364 34 45 210
12365 31 87 209
12366 29 86 209
12367 27 150 209
12368 25 166 208
12369 23 170 208
12370 21 214 207
12371 19 182 206
12372 17 174 206
12373 0 252 207
12374 1 213 207
12375 80 157 223
12376 78 232 223
12377 75 195 222
12378 74 200 221
12379 72 50 221
12380 70 141 220
12381 68 228 220
12382 66 157 219
12383 63 157 219
12384 62 58 218
12385 60 143 218
12386 58 100 217
12387 56 141 216
12388 54 228 216
12389 52 57 215
12390 50 207 215
12391 48 116 215
12392 45 74 214
12393 44 100 213
12394 42 25 213
12395 40 199 212
12396 38 114 212
12397 36 207 211
12398 33 22 211
12399 32 29 210
12400 30 200 210
12401 28 50 209
12402 26 199 208
12403 24 114 208
12404 22 157 207
12405 20 232 207
12406 18 58 207
12407 2 66 207
12408 81 207 224
12409 79 116 223
12410 77 29 223
12411 76 159 222
12412 73 50 222
12413 71 199 221
12414 69 114 221
12415 67 157 220
12416 65 232 220
12417 64 49 219
12418 61 200 218
12419 59 50 218
12420 57 141 218
12421 55 228 217
12422 53 57 217
12423 51 232 216
12424 49 58 215
12425 47 143 215
12426 46 173 214
12427 43 25 214
12428 41 228 213
12429 39 57 213
12430 37 207 212
12431 35 116 212
12432 34 130 211
12433 31 100 210
12434 29 25 210
12435 27 199 210
12436 25 114 209
12437 23 157 209
12438 21 116 208
12439 19 29 207
12440 82 69 224
12441 80 210 224
12442 78 181 224
12443 75 96 223
12444 74 94 222
12445 72 152 222
12446 70 38 221
12447 68 138 221
12448 66 210 220
12449 63 48 220
12450 62 238 219
12451 60 188 219
12452 58 47 218
12453 56 38 217
12454 54 138 217
12455 52 163 216
12456 50 105 216
12457 48 219 216
12458 45 28 215
12459 44 47 214
12460 42 76 214
12461 40 19 213
12462 38 69 213
12463 36 105 212
12464 33 135 212
12465 32 119 211
12466 30 94 211
12467 28 152 210
12468 26 19 209
12469 24 69 209
12470 22 210 208
12471 83 69 226
12472 81 105 225
12473 79 219 224
12474 77 119 224
12475 76 104 223
12476 73 152 223
12477 71 19 222
12478 69 69 222
12479 67 210 221
12480 65 181 221
12481 64 85 220
12482 61 94 219
12483 59 152 219
12484 57 38 219
12485 55 138 218
12486 53 163 218
12487 51 181 217
12488 49 238 216
12489 47 188 216
12490 46 254 215
12491 43 76 215
12492 41 138 214
12493 39 163 214
12494 37 105 213
12495 35 219 213
12496 34 245 212
12497 31 47 211
12498 29 76 211
12499 27 19 211
12500 25 69 210
12501 84 140 226
12502 82 35 225
12503 80 73 225
12504 78 211 225
12505 75 172 224
12506 74 111 223
12507 72 92 223
12508 70 23 222
12509 68 70 222
12510 66 73 221
12511 63 26 221
12512 62 117 220
12513 60 222 220
12514 58 184 219
12515 56 23 218
12516 54 70 218
12517 52 146 217
12518 50 165 217
12519 48 234 217
12520 45 137 216
12521 44 184 215
12522 42 46 215
12523 40 140 214
12524 38 35 214
12525 36 165 213
12526 33 136 213
12527 32 187 212
12528 30 111 212
12529 28 92 211
12530 85 140 227
12531 83 35 227
12532 81 165 226
12533 79 234 225
12534 77 187 225
12535 76 165 224
12536 73 92 224
12537 71 140 223
12538 69 35 223
12539 67 73 222
12540 65 211 222
12541 64 36 221
12542 61 111 220
12543 59 92 220
12544 57 23 220
12545 55 70 219
12546 53 146 219
12547 51 211 218
12548 49 117 217
12549 47 222 217
12550 46 198 216
12551 43 46 216
12552 41 70 215
12553 39 146 215
12554 37 165 214
12555 35 234 214
12556 34 171 213
12557 31 184 212
12558 86 109 227
12559 84 220 227
12560 82 55 226
12561 80 78 226
12562 78 148 226
12563 75 74 225
12564 74 101 224
12565 72 218 224
12566 70 183 223
12567 68 110 223
12568 66 78 222
12569 63 33 222
12570 62 37 221
12571 60 202 221
12572 58 179 220
12573 56 183 219
12574 54 110 219
12575 52 156 218
12576 50 39 218
12577 48 74 218
12578 45 251 217
12579 44 179 216
12580 42 109 216
12581 40 220 215
12582 38 55 215
12583 36 39 214
12584 33 137 214
12585 87 109 229
12586 85 220 228
12587 83 55 228
12588 81 39 227
12589 79 74 226
12590 77 147 226
12591 76 10 225
12592 73 218 225
12593 71 220 224
12594 69 55 224
12595 67 78 223
12596 65 148 223
12597 64 155 222
12598 61 101 221
12599 59 218 221
12600 57 183 221
12601 55 110 220
12602 53 156 220
12603 51 148 219
12604 49 37 218
12605 47 202 218
12606 46 58 217
12607 43 109 217
12608 41 110 216
12609 39 156 216
12610 37 39 215
12611 88 122 229
12612 86 208 228
12613 84 52 228
12614 82 13 227
12615 80 196 227
12616 78 49 227
12617 75 57 226
12618 74 122 225
12619 72 159 225
12620 70 104 224
12621 68 26 224
12622 66 196 223
12623 63 111 223
12624 62 205 222
12625 60 244 222
12626 58 61 221
12627 56 104 220
12628 54 26 220
12629 52 135 219
12630 50 98 219
12631 48 153 219
12632 45 80 218
12633 44 61 217
12634 42 208 217
12635 40 52 216
12636 89 61 230
12637 87 208 230
12638 85 52 229
12639 83 13 229
12640 81 98 228
12641 79 153 227
12642 77 231 227
12643 76 117 226
12644 73 159 226
12645 71 52 225
12646 69 13 225
12647 67 196 224
12648 65 49 224
12649 64 136 223
12650 61 122 222
12651 59 159 222
12652 57 104 222
12653 55 26 221
12654 53 135 221
12655 51 49 220
12656 49 205 219
12657 47 244 219
12658 46 50 218
12659 43 208 218
12660 90 106 231
12661 88 155 230
12662 86 180 229
12663 84 45 229
12664 82 204 228
12665 80 51 228
12666 78 77 228
12667 75 63 227
12668 74 155 226
12669 72 103 226
12670 70 90 225
12671 68 151 225
12672 66 51 224
12673 63 37 224
12674 62 212 223
12675 60 53 223
12676 58 206 222
12677 56 90 221
12678 54 151 221
12679 52 102 220
12680 50 154 220
12681 48 167 220
12682 45 33 219
12683 91 53 231
12684 89 206 231
12685 87 180 231
12686 85 45 230
12687 83 204 230
12688 81 154 229
12689 79 167 228
12690 77 106 228
12691 76 107 227
12692 73 103 227
12693 71 45 226
12694 69 204 226
12695 67 51 225
12696 65 77 225
12697 64 223 224
12698 61 155 223
12699 59 103 223
12700 57 90 223
12701 55 151 222
12702 53 102 222
12703 51 77 221
12704 49 212 220
12705 92 189 232
12706 90 240 232
12707 88 60 231
12708 86 136 230
12709 84 34 230
12710 82 137 229
12711 80 227 229
12712 78 121 229
12713 75 248 228
12714 74 60 227
12715 72 15 227
12716 70 68 226
12717 68 17 226
12718 66 227 225
12719 63 180 225
12720 62 223 224
12721 60 120 224
12722 58 30 223
12723 56 68 222
12724 54 17 222
12725 52 197 221
12726 94 80 233
12727 91 120 232
12728 89 30 232
12729 87 136 232
12730 85 34 231
12731 83 137 231
12732 81 242 230
12733 79 189 229
12734 77 240 229
12735 76 168 228
12736 73 15 228
12737 71 34 227
12738 69 137 227
12739 67 227 226
12740 65 121 226
12741 64 129 225
12742 61 60 224
12743 59 15 224
12744 57 68 224
12745 55 17 223
12746 93 136 234
12747 92 40 233
12748 90 10 233
12749 88 131 232
12750 86 177 231
12751 84 237 231
12752 82 252 230
12753 80 63 230
12754 78 80 230
12755 75 180 229
12756 74 131 228
12757 72 97 228
12758 70 217 227
12759 68 247 227
12760 66 63 226
12761 63 43 226
12762 62 20 225
12763 60 5 225
12764 58 194 224
12765 95 160 235
12766 94 248 234
12767 91 5 233
12768 89 194 233
12769 87 177 233
12770 85 237 232
12771 83 252 232
12772 81 160 231
12773 79 40 230
12774 77 10 230
12775 76 33 229
12776 73 97 229
12777 71 237 228
12778 69 252 228
12779 67 63 227
12780 65 80 227
12781 64 117 226
12782 61 131 225
12783 96 198 235
12784 93 220 235
12785 92 173 234
12786 90 236 234
12787 88 59 233
12788 86 168 232
12789 84 42 232
12790 82 139 231
12791 80 99 231
12792 78 89 231
12793 75 60 230
12794 74 59 229
12795 72 79 229
12796 70 84 228
12797 68 21 228
12798 66 99 227
12799 63 233 227
12800 97 198 236
12801 95 178 236
12802 94 199 235
12803 91 118 234
12804 89 158 234
12805 87 168 234
12806 85 42 233
12807 83 139 233
12808 81 178 232
12809 79 173 231
12810 77 236 231
12811 76 56 230
12812 73 79 230
12813 71 42 229
12814 69 139 229
12815 67 99 228
12816 98 66 237
12817 96 201 236
12818 93 38 236
12819 92 125 235
12820 90 224 235
12821 88 56 234
12822 86 7 233
12823 84 66 233
12824 82 145 232
12825 80 229 232
12826 78 250 232
12827 75 21 231
12828 74 56 230
12829 72 14 230
12830 70 132 229
12831 99 33 238
12832 97 201 237
12833 95 243 237
12834 94 34 236
12835 91 112 235
12836 89 28 235
12837 87 7 235
12838 85 66 234
12839 83 145 234
12840 81 243 233
12841 79 125 232
12842 77 224 232
12843 76 105 231
12844 73 14 231
12845 100 11 238
12846 98 67 238
12847 96 169 237
12848 93 96 237
12849 92 123 236
12850 90 95 236
12851 88 88 235
12852 86 11 234
12853 84 67 234
12854 82 81 233
12855 80 213 233
12856 78 246 233
12857 75 35 232
12858 101 134 239
12859 99 162 239
12860 97 169 238
12861 95 235 238
12862 94 77 237
12863 91 176 236
12864 89 44 236
12865 87 11 236
12866 85 67 235
12867 83 81 235
12868 81 235 234
12869 79 123 233
12870 102 216 240
12871 100 54 239
12872 98 142 239
12873 96 82 238
12874 93 29 238
12875 92 230 237
12876 90 186 237
12877 88 175 236
12878 86 54 235
12879 84 142 235
12880 82 164 234
12881 103 216 241
12882 101 27 240
12883 99 71 240
12884 97 82 239
12885 95 149 239
12886 94 200 238
12887 91 93 237
12888 89 216 237
12889 87 54 237
12890 85 142 236
12891 104 36 241
12892 102 9 241
12893 100 195 240
12894 98 113 240
12895 96 239 239
12896 93 63 239
12897 92 31 238
12898 90 72 238
12899 88 18 237
12900 106 201 242
12901 103 9 242
12902 101 226 241
12903 99 185 241
12904 97 239 240
12905 95 124 240
12906 94 108 239
12907 91 36 238
12908 105 114 243
12909 104 130 242
12910 102 161 242
12911 100 233 241
12912 98 251 241
12913 96 192 240
12914 93 129 240
12915 107 6 244
12916 106 236 243
12917 103 161 243
12918 101 245 242
12919 99 254 242
12920 97 192 241
12921 108 2 245
12922 105 179 244
12923 104 241 243
12924 102 253 243
12925 100 256 242
12926 109 1 245
12927 107 193 245
12928 106 109 244
12929 103 253 244
12930 110 86 246
12931 108 150 246
12932 105 123 245
12933 111 43 247
12934 109 75 246
12935 112 100 247
12936 113 38 249
12937 110 92 247
12938 107 46 246
12939 104 179 244
12940 101 218 243
12941 98 244 242
12942 95 122 241
12943 92 106 239
12944 89 53 238
12945 86 223 236
12946 83 223 236
12947 80 80 234
12948 77 40 233
12949 74 178 231
12950 71 89 230
12951 68 201 229
12952 65 229 228
12953 62 81 226
12954 59 169 225
12955 56 71 223
12956 53 71 223
12957 50 226 221
12958 47 113 220
12959 44 233 218
12960 41 245 217
12961 38 253 216
12962 35 255 215
12963 32 171 213
12964 29 214 212
12965 26 207 210
12966 23 207 210
12967 20 163 208
12968 17 210 207
12969 3 214 207
12970 114 92 249
12971 111 46 248
12972 108 101 247
12973 106 9 245
12974 102 244 244
12975 99 122 243
12976 96 106 241
12977 94 248 240
12978 90 189 239
12979 87 223 238
12980 84 80 236
12981 81 40 235
12982 78 99 234
12983 76 184 232
12984 72 201 231
12985 69 229 230
12986 66 81 228
12987 64 251 227
12988 60 142 226
12989 57 71 225
12990 54 226 223
12991 51 113 222
12992 48 209 221
12993 46 80 219
12994 42 253 218
12995 39 255 217
12996 36 171 215
12997 34 129 214
12998 30 157 213
12999 27 207 212
13000 24 163 210
13001 21 210 209
13002 115 92 250
13003 112 101 248
13004 109 179 247
13005 105 230 246
13006 103 244 245
13007 100 212 243
13008 97 106 242
13009 93 170 241
13010 91 223 239
13011 88 160 238
13012 85 80 237
13013 82 99 235
13014 79 178 234
13015 75 43 233
13016 73 201 232
13017 70 162 230
13018 67 81 229
13019 63 118 228
13020 61 71 226
13021 58 195 225
13022 55 226 224
13023 52 209 222
13024 49 233 221
13025 45 153 220
13026 43 253 219
13027 40 85 217
13028 37 171 216
13029 33 19 215
13030 31 207 213
13031 28 69 212
13032 116 101 250
13033 113 101 250
13034 110 231 248
13035 107 244 247
13036 104 212 245
13037 101 106 244
13038 98 121 243
13039 95 189 242
13040 92 160 240
13041 89 80 239
13042 86 99 237
13043 83 99 237
13044 80 145 235
13045 77 201 234
13046 74 162 232
13047 71 81 231
13048 68 27 230
13049 65 142 229
13050 62 195 227
13051 59 226 226
13052 56 209 224
13053 53 209 224
13054 50 249 222
13055 47 253 221
13056 44 85 219
13057 41 171 218
13058 38 57 217
13059 35 157 216
13060 117 101 252
13061 114 231 250
13062 111 244 249
13063 108 167 248
13064 106 88 246
13065 102 121 245
13066 99 189 244
13067 96 160 242
13068 94 9 241
13069 90 198 240
13070 87 99 239
13071 84 145 237
13072 81 201 236
13073 78 67 235
13074 76 69 233
13075 72 27 232
13076 69 142 231
13077 66 195 229
13078 64 155 228
13079 60 161 227
13080 57 209 226
13081 54 249 224
13082 51 253 223
13083 48 170 222
13084 46 172 220
13085 42 57 219
13086 118 205 252
13087 115 231 251
13088 112 167 249
13089 109 212 248
13090 105 94 247
13091 103 121 246
13092 100 63 244
13093 97 160 243
13094 93 78 242
13095 91 99 240
13096 88 33 239
13097 85 145 238
13098 82 67 236
13099 79 162 235
13100 75 26 234
13101 73 27 233
13102 70 133 231
13103 67 195 230
13104 63 13 229
13105 61 209 227
13106 58 241 226
13107 55 249 225
13108 52 170 223
13109 49 85 222
13110 119 231 253
13111 116 167 251
13112 113 167 251
13113 110 242 249
13114 107 121 248
13115 104 63 246
13116 101 160 245
13117 98 139 244
13118 95 198 243
13119 92 33 241
13120 89 145 240
13121 86 67 238
13122 83 67 238
13123 80 54 236
13124 77 27 235
13125 74 133 233
13126 71 195 232
13127 68 65 231
13128 65 161 230
13129 62 241 228
13130 59 249 227
13131 56 170 225
13132 120 77 254
13133 117 167 253
13134 114 242 251
13135 111 121 250
13136 108 126 249
13137 106 178 247
13138 102 139 246
13139 99 198 245
13140 96 33 243
13141 94 13 242
13142 90 134 241
13143 87 67 240
13144 84 54 238
13145 81 27 237
13146 78 9 236
13147 76 248 234
13148 72 65 233
13149 69 161 232
13150 66 241 230
13151 64 174 229
13152 121 167 254
13153 118 227 253
13154 115 242 252
13155 112 126 250
13156 109 63 249
13157 105 10 248
13158 103 139 247
13159 100 66 245
13160 97 33 244
13161 93 75 243
13162 91 67 241
13163 88 108 240
13164 85 54 239
13165 82 9 237
13166 79 133 236
13167 75 161 235
13168 73 65 234
13169 70 225 232
13170 122 227 255
13171 119 242 254
13172 116 126 252
13173 113 126 252
13174 110 21 250
13175 107 139 249
13176 104 66 247
13177 101 33 246
13178 98 11 245
13179 95 134 244
13180 92 108 242
13181 89 54 241
13182 86 9 239
13183 83 9 239
13184 80 130 237
13185 77 65 236
13186 124 135 256
13187 120 252 255
13188 117 126 254
13189 114 21 252
13190 111 139 251
13191 108 132 250
13192 106 59 248
13193 102 11 247
13194 99 134 246
13195 96 108 244
13196 94 131 243
13197 90 18 242
13198 87 9 241
13199 84 130 239
13200 123 56 257
13201 121 126 255
13202 118 42 254
13203 115 21 253
13204 112 132 251
13205 109 66 250
13206 105 175 249
13207 103 11 248
13208 100 216 246
13209 97 108 245
13210 93 199 244
13211 91 9 242
13212 125 252 258
13213 122 42 256
13214 119 21 255
13215 116 132 253
13216 113 132 253
13217 110 22 251
13218 107 11 250
13219 104 216 248
13220 101 108 247
13221 98 36 246
13222 126 42 258
13223 124 166 257
13224 120 7 256
13225 117 132 255
13226 114 22 253
13227 111 11 252
13228 108 175 251
13229 106 113 249
13230 127 42 259
13231 123 23 258
13232 121 132 256
13233 118 44 255
13234 115 22 254
13235 112 175 252
13236 128 14 260
13237 125 7 259
13238 122 44 257
13239 119 22 256
13240 129 7 261
13241 126 44 259
13242 4 131 207
13243 5 222 207
13244 6 221 207
13245 7 141 207
13246 8 180 207
13247 0 148 208
13248 0 148 209
13249 0 148 210
13250 0 148 211
13251 0 148 212
13252 0 148 213
13253 0 148 214
13254 0 148 215
13255 0 148 216
13256 0 148 217
13257 0 148 218
13258 0 148 219
13259 0 148 220
13260 0 148 221
13261 0 148 222
13262 0 148 223
13263 0 148 224
13264 0 148 225
13265 0 148 226
13266 0 148 227
13267 0 148 228
13268 9 65 207
13269 10 226 207
13270 11 237 207
13271 12 166 207
13272 13 137 207
13273 14 10 207
13274 15 160 207
13275 1 49 208
13276 1 49 209
13277 1 49 210
13278 1 49 211
13279 1 49 212
13280 1 49 213
13281 1 49 214
13282 1 49 215
13283 1 49 216
13284 1 49 217
13285 1 49 218
13286 1 49 219
13287 1 49 220
13288 1 49 221
13289 1 49 222
13290 1 49 223
13291 1 49 224
13292 1 49 225
13293 16 187 207
13294 2 185 208
13295 3 47 208
13296 4 103 208
13297 5 5 208
13298 6 41 208
13299 7 100 208
13300 8 54 208
13301 9 102 208
13302 18 173 208
13303 2 77 209
13304 2 77 210
13305 2 77 211
13306 2 77 212
13307 2 77 213
13308 2 77 214
13309 2 77 215
13310 2 77 216
13311 2 77 217
13312 2 77 218
13313 2 77 219
13314 2 77 220
13315 2 77 221
13316 2 77 222
13317 10 11 208
13318 11 238 208
13319 12 220 208
13320 13 179 208
13321 14 2 208
13322 15 159 208
13323 16 43 208
13324 17 220 208
13325 19 72 208
13326 3 231 209
13327 4 27 209
13328 5 207 209
13329 22 47 209
13330 3 121 210
13331 3 121 211
13332 3 121 212
13333 3 121 213
13334 3 121 214
13335 3 121 215
13336 3 121 216
13337 3 121 217
13338 3 121 218
13339 3 121 219
13340 6 47 209
13341 7 162 209
13342 8 89 209
13343 9 252 209
13344 10 8 209
13345 11 227 209
13346 12 15 209
13347 13 147 209
13348 14 34 209
13349 15 23 209
13350 16 63 209
13351 18 85 209
13352 20 33 209
13353 4 80 210
13354 4 80 211
13355 23 181 211
13356 25 164 211
13357 4 80 212
13358 4 80 213
13359 4 80 214
13360 4 80 215
13361 4 80 216
13362 17 76 209
13363 19 112 209
13364 5 79 210
13365 6 115 210
13366 7 93 210
13367 8 240 210
13368 9 239 210
13369 10 10 210
13370 11 18 210
13371 12 2 210
13372 13 90 210
13373 14 143 210
13374 15 233 210
13375 16 224 210
13376 21 229 210
13377 5 89 211
13378 24 46 211
13379 26 36 211
13380 5 89 212
13381 5 89 213
13382 29 104 213
13383 17 218 210
13384 18 107 210
13385 19 38 210
13386 20 210 210
13387 22 87 210
13388 6 84 211
13389 7 190 211
13390 8 254 211
13391 9 49 211
13392 10 179 211
13393 11 201 211
13394 12 7 211
13395 13 182 211
13396 14 115 211
13397 15 182 211
13398 16 61 211
13399 17 122 211
13400 6 250 212
13401 25 140 212
13402 6 250 213
13403 18 85 211
13404 19 164 211
13405 20 184 211
13406 21 142 211
13407 22 112 211
13408 7 150 212
13409 8 19 212
13410 9 80 212
13411 10 250 212
13412 11 154 212
13413 12 46 212
13414 13 90 212
13415 14 58 212
13416 15 96 212
13417 16 194 212
13418 17 30 212
13419 18 133 212
13420 19 69 212
13421 23 235 212
13422 20 42 212
13423 21 80 212
13424 22 202 212
13425 24 255 212
13426 26 92 212
13427 7 76 213
13428 8 88 213
13429 9 204 213
13430 10 64 213
13431 11 28 213
13432 12 86 213
13433 13 64 213
13434 14 47 213
13435 15 248 213
13436 16 202 213
13437 17 249 213
13438 18 148 213
13439 19 146 213
13440 20 51 213
13441 21 187 213
13442 22 144 213
13443 23 135 213
13444 24 235 213
13445 25 148 213
13446 26 167 213
13447 27 114 213
13448 28 224 213
13449 5 90 214
13450 6 128 214
13451 7 113 214
13452 8 157 214
13453 9 18 214
13454 10 126 214
13455 11 212 214
13456 12 37 214
13457 13 90 214
13458 14 138 214
13459 15 110 214
13460 16 213 214
13461 17 202 214
13462 18 255 214
13463 19 205 214
13464 20 230 214
13465 21 22 214
13466 22 210 214
13467 23 62 214
13468 24 236 214
13469 25 255 214
13470 26 182 214
13471 27 181 214
13472 28 47 214
13473 29 130 214
13474 30 15 214
13475 31 105 214
13476 32 190 214
13477 5 198 215
13478 6 106 215
13479 7 79 215
13480 8 111 215
13481 9 10 215
13482 10 12 215
13483 11 242 215
13484 12 210 215
13485 13 88 215
13486 14 234 215
13487 15 32 215
13488 16 236 215
13489 17 88 215
13490 18 84 215
13491 19 112 215
13492 20 31 215
13493 21 149 215
13494 22 157 215
13495 23 245 215
13496 24 212 215
13497 25 172 215
13498 26 102 215
13499 27 30 215
13500 28 181 215
13501 29 197 215
13502 30 16 215
13503 31 161 215
13504 32 79 215
13505 34 219 215
13506 5 132 216
13507 6 256 216
13508 7 180 216
13509 8 157 216
13510 9 58 216
13511 10 95 216
13512 11 196 216
13513 12 115 216
13514 13 88 216
13515 14 73 216
13516 15 101 216
13517 16 121 216
13518 17 46 216
13519 18 24 216
13520 19 142 216
13521 20 210 216
13522 21 2 216
13523 22 143 216
13524 23 23 216
13525 24 87 216
13526 25 203 216
13527 26 43 216
13528 27 2 216
13529 28 239 216
13530 29 51 216
13531 30 203 216
13532 31 196 216
13533 32 178 216
13534 33 24 216
13535 34 227 216
13536 36 170 216
13537 4 27 217
13538 5 224 217
13539 6 199 217
13540 7 113 217
13541 8 73 217
13542 9 154 217
13543 10 26 217
13544 11 32 217
13545 12 31 217
13546 13 184 217
13547 14 255 217
13548 15 180 217
13549 16 191 217
13550 17 93 217
13551 18 170 217
13552 19 12 217
13553 20 98 217
13554 21 231 217
13555 22 239 217
13556 23 237 217
13557 24 5 217
13558 25 74 217
13559 26 155 217
13560 27 102 217
13561 28 1 217
13562 29 145 217
13563 30 157 217
13564 31 103 217
13565 32 144 217
13566 33 190 217
13567 34 139 217
13568 35 107 217
13569 36 120 217
13570 37 199 217
13571 4 33 218
13572 5 115 218
13573 6 15 218
13574 8 221 218
13575 7 11 218
13576 9 198 218
13577 10 215 218
13578 11 179 218
13579 12 193 218
13580 13 169 218
13581 14 37 218
13582 15 248 218
13583 16 234 218
13584 17 54 218
13585 18 124 218
13586 19 74 218
13587 20 94 218
13588 21 208 218
13589 22 237 218
13590 23 154 218
13591 24 80 218
13592 25 213 218
13593 26 163 218
13594 27 252 218
13595 28 188 218
13596 29 197 218
13597 30 103 218
13598 31 30 218
13599 32 14 218
13600 33 1 218
13601 34 147 218
13602 35 203 218
13603 36 84 218
13604 37 43 218
13605 38 232 218
13606 39 251 218
13607 40 121 218
13608 4 17 219
13609 5 61 219
13610 6 19 219
13611 7 231 219
13612 8 192 219
13613 9 88 219
13614 10 121 219
13615 11 155 219
13616 12 29 219
13617 13 29 219
13618 14 70 219
13619 15 194 219
13620 16 133 219
13621 17 99 219
13622 18 82 219
13623 19 41 219
13624 20 88 219
13625 21 186 219
13626 22 103 219
13627 23 62 219
13628 24 133 219
13629 25 249 219
13630 26 253 219
13631 27 169 219
13632 28 169 219
13633 29 188 219
13634 30 203 219
13635 31 21 219
13636 32 166 219
13637 33 20 219
13638 34 120 219
13639 35 21 219
13640 36 144 219
13641 37 26 219
13642 38 226 219
13643 39 186 219
13644 40 17 219
13645 41 168 219
13646 3 166 220
13647 4 223 220
13648 5 155 220
13649 6 123 220
13650 7 208 220
13651 8 132 220
13652 9 156 220
13653 10 199 220
13654 11 135 220
13655 12 230 220
13656 13 149 220
13657 14 77 220
13658 15 10 220
13659 16 82 220
13660 17 128 220
13661 18 9 220
13662 19 32 220
13663 20 155 220
13664 21 41 220
13665 22 19 220
13666 23 72 220
13667 24 29 220
13668 25 68 220
13669 26 35 220
13670 27 59 220
13671 28 71 220
13672 29 230 220
13673 30 29 220
13674 31 199 220
13675 32 61 220
13676 33 192 220
13677 34 234 220
13678 35 91 220
13679 36 216 220
13680 37 205 220
13681 38 124 220
13682 39 2 220
13683 40 98 220
13684 41 224 220
13685 42 29 220
13686 43 138 220
13687 44 55 220
13688 3 95 221
13689 4 98 221
13690 5 110 221
13691 6 205 221
13692 7 223 221
13693 8 124 221
13694 9 197 221
13695 10 151 221
13696 11 144 221
13697 12 141 221
13698 13 234 221
13699 14 66 221
13700 15 162 221
13701 16 232 221
13702 17 133 221
13703 18 92 221
13704 19 232 221
13705 20 76 221
13706 21 191 221
13707 22 208 221
13708 23 207 221
13709 24 3 221
13710 25 167 221
13711 26 130 221
13712 27 199 221
13713 28 253 221
13714 29 31 221
13715 30 112 221
13716 31 195 221
13717 32 179 221
13718 33 190 221
13719 34 227 221
13720 35 254 221
13721 36 41 221
13722 37 146 221
13723 38 50 221
13724 39 244 221
13725 40 223 221
13726 41 254 221
13727 42 93 221
13728 43 225 221
13729 44 240 221
13730 45 78 221
13731 46 233 221
13732 3 45 222
13733 4 233 222
13734 5 207 222
13735 6 108 222
13736 7 195 222
13737 8 120 222
13738 9 54 222
13739 10 60 222
13740 11 74 222
13741 12 13 222
13742 13 249 222
13743 14 27 222
13744 15 180 222
13745 16 246 222
13746 17 181 222
13747 18 208 222
13748 19 242 222
13749 20 91 222
13750 21 16 222
13751 22 149 222
13752 23 92 222
13753 24 151 222
13754 25 120 222
13755 26 165 222
13756 27 205 222
13757 28 48 222
13758 29 18 222
13759 30 48 222
13760 31 127 222
13761 32 96 222
13762 33 24 222
13763 34 225 222
13764 35 185 222
13765 36 78 222
13766 37 145 222
13767 38 12 222
13768 39 149 222
13769 40 194 222
13770 41 31 222
13771 42 243 222
13772 43 59 222
13773 44 67 222
13774 45 239 222
13775 46 235 222
13776 47 114 222
13777 2 145 223
13778 3 90 223
13779 4 236 223
13780 5 40 223
13781 6 86 223
13782 7 94 223
13783 8 194 223
13784 9 159 223
13785 10 84 223
13786 11 250 223
13787 12 165 223
13788 13 118 223
13789 14 246 223
13790 15 43 223
13791 16 236 223
13792 17 125 223
13793 18 226 223
13794 19 201 223
13795 20 154 223
13796 21 70 223
13797 22 245 223
13798 23 57 223
13799 24 138 223
13800 25 107 223
13801 26 207 223
13802 27 177 223
13803 28 85 223
13804 29 19 223
13805 30 184 223
13806 31 92 223
13807 32 188 223
13808 33 208 223
13809 34 120 223
13810 35 42 223
13811 36 89 223
13812 37 231 223
13813 38 188 223
13814 39 116 223
13815 40 1 223
13816 41 24 223
13817 42 70 223
13818 43 28 223
13819 44 49 223
13820 45 6 223
13821 46 211 223
13822 47 134 223
13823 48 170 223
13824 49 207 223
13825 50 101 223
13826 2 86 224
13827 3 9 224
13828 4 82 224
13829 5 170 224
13830 6 33 224
13831 7 144 224
13832 8 244 224
13833 9 150 224
13834 10 183 224
13835 11 232 224
13836 12 141 224
13837 13 117 224
13838 14 201 224
13839 15 188 224
13840 16 250 224
13841 17 45 224
13842 18 60 224
13843 19 17 224
13844 20 23 224
13845 21 141 224
13846 22 18 224
13847 23 63 224
13848 24 138 224
13849 25 214 224
13850 26 175 224
13851 27 116 224
13852 28 216 224
13853 29 193 224
13854 30 234 224
13855 31 157 224
13856 32 155 224
13857 33 155 224
13858 34 123 224
13859 35 239 224
13860 36 249 224
13861 37 85 224
13862 38 113 224
13863 39 25 224
13864 40 172 224
13865 41 72 224
13866 42 26 224
13867 43 104 224
13868 44 124 224
13869 45 194 224
13870 46 26 224
13871 47 243 224
13872 48 235 224
13873 49 170 224
13874 50 216 224
13875 51 199 224
13876 52 176 224
13877 2 41 225
13878 3 86 225
13879 4 188 225
13880 5 172 225
13881 6 147 225
13882 7 64 225
13883 8 12 225
13884 9 76 225
13885 10 191 225
13886 11 252 225
13887 12 222 225
13888 13 209 225
13889 14 13 225
13890 15 208 225
13891 16 60 225
13892 17 254 225
13893 18 220 225
13894 19 195 225
13895 20 151 225
13896 21 199 225
13897 22 135 225
13898 23 217 225
13899 24 232 225
13900 25 102 225
13901 26 41 225
13902 27 8 225
13903 28 29 225
13904 29 247 225
13905 30 54 225
13906 31 224 225
13907 32 25 225
13908 33 34 225
13909 34 120 225
13910 35 214 225
13911 36 67 225
13912 37 60 225
13913 38 176 225
13914 39 106 225
13915 40 112 225
13916 41 211 225
13917 42 123 225
13918 43 216 225
13919 44 205 225
13920 45 86 225
13921 46 198 225
13922 47 98 225
13923 48 116 225
13924 49 58 225
13925 50 139 225
13926 51 221 225
13927 52 150 225
13928 53 233 225
13929 54 209 225
13930 1 114 226
13931 2 154 226
13932 3 9 226
13933 4 84 226
13934 5 189 226
13935 6 180 226
13936 7 252 226
13937 8 204 226
13938 9 34 226
13939 10 5 226
13940 11 38 226
13941 12 176 226
13942 13 200 226
13943 14 227 226
13944 15 182 226
13945 16 114 226
13946 17 142 226
13947 18 108 226
13948 19 167 226
13949 20 102 226
13950 21 190 226
13951 22 77 226
13952 23 138 226
13953 24 195 226
13954 25 178 226
13955 26 167 226
13956 27 250 226
13957 28 130 226
13958 29 97 226
13959 30 183 226
13960 31 141 226
13961 32 162 226
13962 33 233 226
13963 34 46 226
13964 35 255 226
13965 36 130 226
13966 37 183 226
13967 38 137 226
13968 39 49 226
13969 40 106 226
13970 41 164 226
13971 42 238 226
13972 43 227 226
13973 44 238 226
13974 45 19 226
13975 46 171 226
13976 47 223 226
13977 48 118 226
13978 49 223 226
13979 50 47 226
13980 51 68 226
13981 52 72 226
13982 53 210 226
13983 54 122 226
13984 55 151 226
13985 56 121 226
13986 1 135 227
13987 2 66 227
13988 3 33 227
13989 4 68 227
13990 5 202 227
13991 6 129 227
13992 7 58 227
13993 8 172 227
13994 9 238 227
13995 10 111 227
13996 11 43 227
13997 12 26 227
13998 13 120 227
13999 14 4 227
14000 15 105 227
14001 16 252 227
14002 17 3 227
14003 18 97 227
14004 19 200 227
14005 20 240 227
14006 21 84 227
14007 22 60 227
14008 23 124 227
14009 24 176 227
14010 25 234 227
14011 26 158 227
14012 27 77 227
14013 28 133 227
14014 29 205 227
14015 30 35 227
14016 31 23 227
14017 32 159 227
14018 33 131 227
14019 34 242 227
14020 35 203 227
14021 36 53 227
14022 37 25 227
14023 38 250 227
14024 39 218 227
14025 40 38 227
14026 41 237 227
14027 42 1 227
14028 43 158 227
14029 44 23 227
14030 45 20 227
14031 46 114 227
14032 47 50 227
14033 48 55 227
14034 49 39 227
14035 50 134 227
14036 51 130 227
14037 52 51 227
14038 53 34 227
14039 54 38 227
14040 55 77 227
14041 56 192 227
14042 57 149 227
14043 58 197 227
14044 1 82 228
14045 2 60 228
14046 3 129 228
14047 4 242 228
14048 5 214 228
14049 6 26 228
14050 7 138 228
14051 8 238 228
14052 9 14 228
14053 10 40 228
14054 11 12 228
14055 12 196 228
14056 13 162 228
14057 14 249 228
14058 15 95 228
14059 16 63 228
14060 17 123 228
14061 18 110 228
14062 19 197 228
14063 20 103 228
14064 21 168 228
14065 22 32 228
14066 23 52 228
14067 24 194 228
14068 25 127 228
14069 26 210 228
14070 27 202 228
14071 28 248 228
14072 29 103 228
14073 30 151 228
14074 31 195 228
14075 32 136 228
14076 33 158 228
14077 34 46 228
14078 35 160 228
14079 36 205 228
14080 37 132 228
14081 38 43 228
14082 39 194 228
14083 40 205 228
14084 41 86 228
14085 42 3 228
14086 43 165 228
14087 44 186 228
14088 45 75 228
14089 46 130 228
14090 47 143 228
14091 48 145 228
14092 49 105 228
14093 50 141 228
14094 51 82 228
14095 52 198 228
14096 53 88 228
14097 54 120 228
14098 55 114 228
14099 56 206 228
14100 57 173 228
14101 58 81 228
14102 59 191 228
14103 60 249 228
14104 61 107 228
14105 0 211 229
14106 1 13 229
14107 2 94 229
14108 3 209 229
14109 4 135 229
14110 5 195 229
14111 6 177 229
14112 7 173 229
14113 8 83 229
14114 9 7 229
14115 10 85 229
14116 11 89 229
14117 12 147 229
14118 13 219 229
14119 14 159 229
14120 15 207 229
14121 16 235 229
14122 17 221 229
14123 18 133 229
14124 19 1 229
14125 20 130 229
14126 21 23 229
14127 22 201 229
14128 23 233 229
14129 24 13 229
14130 25 92 229
14131 26 128 229
14132 27 179 229
14133 28 212 229
14134 29 136 229
14135 30 120 229
14136 31 226 229
14137 32 56 229
14138 33 8 229
14139 34 118 229
14140 35 226 229
14141 36 57 229
14142 37 125 229
14143 38 73 229
14144 39 166 229
14145 40 36 229
14146 41 103 229
14147 42 153 229
14148 43 180 229
14149 44 2 229
14150 45 190 229
14151 46 179 229
14152 47 172 229
14153 48 146 229
14154 49 246 229
14155 50 46 229
14156 51 201 229
14157 52 159 229
14158 53 168 229
14159 54 22 229
14160 55 244 229
14161 56 148 229
14162 57 81 229
14163 58 198 229
14164 59 89 229
14165 60 142 229
14166 61 139 229
14167 62 126 229
14168 0 175 230
14169 1 49 230
14170 2 251 230
14171 3 97 230
14172 4 67 230
14173 5 149 230
14174 6 80 230
14175 7 171 230
14176 8 115 230
14177 9 154 230
14178 10 130 230
14179 11 232 230
14180 12 140 230
14181 13 13 230
14182 14 2 230
14183 15 116 230
14184 16 140 230
14185 17 147 230
14186 18 247 230
14187 19 109 230
14188 20 33 230
14189 21 40 230
14190 22 6 230
14191 23 58 230
14192 24 135 230
14193 25 98 230
14194 26 67 230
14195 27 234 230
14196 28 29 230
14197 29 207 230
14198 30 196 230
14199 31 31 230
14200 32 166 230
14201 33 32 230
14202 34 125 230
14203 35 237 230
14204 36 144 230
14205 37 87 230
14206 38 41 230
14207 39 4 230
14208 40 178 230
14209 41 21 230
14210 42 44 230
14211 43 35 230
14212 44 175 230
14213 45 91 230
14214 46 82 230
14215 47 160 230
14216 48 85 230
14217 49 172 230
14218 50 172 230
14219 51 171 230
14220 52 99 230
14221 53 74 230
14222 54 5 230
14223 55 118 230
14224 56 5 230
14225 57 216 230
14226 58 152 230
14227 59 173 230
14228 60 63 230
14229 61 132 230
14230 62 61 230
14231 63 250 230
14232 64 180 230
14233 0 250 231
14234 1 180 231
14235 2 13 231
14236 3 32 231
14237 4 13 231
14238 5 138 231
14239 6 114 231
14240 7 100 231
14241 8 247 231
14242 9 212 231
14243 10 28 231
14244 11 108 231
14245 12 229 231
14246 13 189 231
14247 14 195 231
14248 15 23 231
14249 16 5 231
14250 17 168 231
14251 18 88 231
14252 19 65 231
14253 20 123 231
14254 21 98 231
14255 22 250 231
14256 23 234 231
14257 24 192 231
14258 25 231 231
14259 26 36 231
14260 27 235 231
14261 28 189 231
14262 29 167 231
14263 30 140 231
14264 31 34 231
14265 32 177 231
14266 33 146 231
14267 34 157 231
14268 35 36 231
14269 36 246 231
14270 37 155 231
14271 38 101 231
14272 39 26 231
14273 40 224 231
14274 41 23 231
14275 42 136 231
14276 43 168 231
14277 44 212 231
14278 45 14 231
14279 46 21 231
14280 47 88 231
14281 48 164 231
14282 49 22 231
14283 50 62 231
14284 51 233 231
14285 52 72 231
14286 53 18 231
14287 54 145 231
14288 55 174 231
14289 56 93 231
14290 57 181 231
14291 58 95 231
14292 59 140 231
14293 60 20 231
14294 61 126 231
14295 62 146 231
14296 63 10 231
14297 64 133 231
14298 65 213 231
14299 66 102 231
14300 67 224 231
14301 0 163 232
14302 1 69 232
14303 2 77 232
14304 3 69 232
14305 4 37 232
14306 5 98 232
14307 6 75 232
14308 7 38 232
14309 8 148 232
14310 9 37 232
14311 10 113 232
14312 11 78 232
14313 12 148 232
14314 13 80 232
14315 14 167 232
14316 15 230 232
14317 16 122 232
14318 17 222 232
14319 18 164 232
14320 19 142 232
14321 20 114 232
14322 21 230 232
14323 22 57 232
14324 23 103 232
14325 24 132 232
14326 25 154 232
14327 26 81 232
14328 27 188 232
14329 28 23 232
14330 29 211 232
14331 30 102 232
14332 31 79 232
14333 32 212 232
14334 33 241 232
14335 34 245 232
14336 35 5 232
14337 36 173 232
14338 37 150 232
14339 38 59 232
14340 39 94 232
14341 40 147 232
14342 41 37 232
14343 42 153 232
14344 43 195 232
14345 44 8 232
14346 45 7 232
14347 46 211 232
14348 47 39 232
14349 48 190 232
14350 49 216 232
14351 50 104 232
14352 51 50 232
14353 52 171 232
14354 53 22 232
14355 54 100 232
14356 55 4 232
14357 56 70 232
14358 57 157 232
14359 58 7 232
14360 59 70 232
14361 60 223 232
14362 61 42 232
14363 62 21 232
14364 63 159 232
14365 64 147 232
14366 65 2 232
14367 66 92 232
14368 67 253 232
14369 68 156 232
14370 0 162 233
14371 1 243 233
14372 2 64 233
14373 3 20 233
14374 4 234 233
14375 5 99 233
14376 6 145 233
14377 7 115 233
14378 8 244 233
14379 9 18 233
14380 10 219 233
14381 11 219 233
14382 12 199 233
14383 13 213 233
14384 14 73 233
14385 15 51 233
14386 16 3 233
14387 17 13 233
14388 18 14 233
14389 19 86 233
14390 20 60 233
14391 21 22 233
14392 22 58 233
14393 23 9 233
14394 24 236 233
14395 25 136 233
14396 26 255 233
14397 27 135 233
14398 28 26 233
14399 29 207 233
14400 30 175 233
14401 31 19 233
14402 32 25 233
14403 33 94 233
14404 34 69 233
14405 35 148 233
14406 36 255 233
14407 38 149 233
14408 37 86 233
14409 39 195 233
14410 40 85 233
14411 41 98 233
14412 42 195 233
14413 69 86 233
14414 43 240 233
14415 65 108 233
14416 63 148 233
14417 48 134 233
14418 59 8 233
14419 57 159 233
14420 55 22 233
14421 53 116 233
14422 51 126 233
14423 49 192 233
14424 47 218 233
14425 45 170 233
14426 44 119 233
14427 46 26 233
14428 50 160 233
14429 52 78 233
14430 54 46 233
14431 56 76 233
14432 58 39 233
14433 70 75 233
14434 68 45 233
14435 66 9 233
14436 64 58 233
14437 62 89 233
14438 60 2 233
14439 61 67 233
14440 67 111 233
14441 71 40 233
14442 0 11 234
14443 1 80 234
14444 3 211 234
14445 2 93 234
14446 4 183 234
14447 5 146 234
14448 6 228 234
14449 7 18 234
14450 35 22 234
14451 33 124 234
14452 38 63 234
14453 69 15 234
14454 42 113 234
14455 65 234 234
14456 63 161 234
14457 48 200 234
14458 59 103 234
14459 57 216 234
14460 55 219 234
14461 53 80 234
14462 51 16 234
14463 49 159 234
14464 47 44 234
14465 45 161 234
14466 43 121 234
14467 41 127 234
14468 39 179 234
14469 37 28 234
14470 72 199 234
14471 70 34 234
14472 68 226 234
14473 66 148 234
14474 64 52 234
14475 62 150 234
14476 60 90 234
14477 58 27 234
14478 56 211 234
14479 54 178 234
14480 52 2 234
14481 50 104 234
14482 61 210 234
14483 46 98 234
14484 44 160 234
14485 67 140 234
14486 40 183 234
14487 74 28 234
14488 71 97 234
14489 69 161 235
14490 42 8 235
14491 65 250 235
14492 63 60 235
14493 48 91 235
14494 59 9 235
14495 57 211 235
14496 55 89 235
14497 53 2 235
14498 51 206 235
14499 49 216 235
14500 47 181 235
14501 45 228 235
14502 43 48 235
14503 73 139 235
14504 72 217 235
14505 70 245 235
14506 68 147 235
14507 66 235 235
14508 64 112 235
14509 62 68 235
14510 60 195 235
14511 58 187 235
14512 56 243 235
14513 54 43 235
14514 52 90 235
14515 50 54 235
14516 61 49 235
14517 46 170 235
14518 76 209 235
14519 74 123 235
14520 71 253 235
14521 69 49 236
14522 67 246 235
14523 65 199 236
14524 63 111 236
14525 48 246 236
14526 59 148 236
14527 57 243 236
14528 55 150 236
14529 53 90 236
14530 51 18 236
14531 49 211 236
14532 75 34 236
14533 73 45 236
14534 72 256 236
14535 70 231 236
14536 68 190 236
14537 66 38 236
14538 64 82 236
14539 62 233 236
14540 60 37 236
14541 58 191 236
14542 56 141 236
14543 54 136 236
14544 52 195 236
14545 77 140 237
14546 76 202 236
14547 74 116 236
14548 71 77 236
14549 69 149 237
14550 67 19 236
14551 65 217 237
14552 63 28 237
14553 61 49 236
14554 59 235 237
14555 57 141 237
14556 55 68 237
14557 78 35 237
14558 75 253 237
14559 73 3 237
14560 72 212 237
14561 70 115 237
14562 68 69 237
14563 66 168 237
14564 64 111 237
14565 62 205 237
14566 60 123 237
14567 58 114 237
14568 79 220 237
14569 77 132 238
14570 76 244 237
14571 74 118 237
14572 71 124 237
14573 69 23 238
14574 67 84 237
14575 65 256 238
14576 63 50 238
14577 61 149 237
14578 80 55 238
14579 78 33 238
14580 75 149 238
14581 73 183 238
14582 72 31 238
14583 70 35 238
14584 68 21 238
14585 66 107 238
14586 64 201 238
14587 81 104 238
14588 79 134 238
14589 82 84 238
14590 76 209 238
14591 74 81 238
14592 71 183 238
14593 69 7 239
14594 67 182 238
14595 77 72 239
14596 80 162 239
14597 78 200 239
14598 75 200 239
14599 73 150 239
14600 72 110 239
14601 70 33 239
14602 83 13 240
14603 81 54 239
14604 79 119 239
14605 82 215 239
14606 76 160 239
14607 74 154 239
14608 84 151 240
14609 77 95 240
14610 80 94 240
14611 78 5 240
14612 75 61 240
14613 85 204 240
14614 86 103 240
14615 81 117 240
14616 79 215 240
14617 83 133 241
14618 84 113 241
14619 82 111 240
14620 88 29 241
14621 85 185 241
14622 87 248 242
14623 89 189 242
14624 86 160 241
14625 83 63 242
14626 80 139 241
14627 77 7 241
14628 73 21 240
14629 71 115 239
14630 68 186 239
14631 65 124 239
14632 62 192 238
14633 59 128 238
14634 56 107 237
14635 53 214 237
14636 50 207 236
14637 47 138 236
14638 44 23 235
14639 41 101 235
14640 38 179 235
14641 36 211 234
14642 8 74 234
14643 9 195 234
14644 10 21 234
14645 11 62 234
14646 12 168 234
14647 13 108 234
14648 14 55 234
14649 15 1 234
14650 16 232 234
14651 17 143 234
14652 18 213 234
14653 19 129 234
14654 20 30 234
14655 21 4 234
14656 22 205 234
14657 23 218 234
14658 24 7 234
14659 25 60 234
14660 26 98 234
14661 27 92 234
14662 28 77 234
14663 90 240 243
14664 88 255 242
14665 84 198 242
14666 81 132 241
14667 78 66 241
14668 76 20 240
14669 72 93 240
14670 69 62 240
14671 66 96 239
14672 63 27 239
14673 60 32 238
14674 57 107 238
14675 54 232 237
14676 51 69 237
14677 48 163 237
14678 45 95 236
14679 42 218 236
14680 39 231 235
14681 35 247 235
14682 34 221 234
14683 30 227 234
14684 29 15 234
14685 31 207 234
14686 32 138 234
14687 0 79 235
14688 1 114 235
14689 2 82 235
14690 3 29 235
14691 4 254 235
14692 5 10 235
14693 6 225 235
14694 7 100 235
14695 8 164 235
14696 9 126 235
14697 10 48 235
14698 11 104 235
14699 12 139 235
14700 13 245 235
14701 14 33 235
14702 91 40 243
14703 87 58 243
14704 85 99 242
14705 82 145 241
14706 79 11 241
14707 75 193 241
14708 74 182 240
14709 70 72 240
14710 67 48 239
14711 64 114 239
14712 61 91 238
14713 58 174 238
14714 55 116 238
14715 52 105 237
14716 49 70 237
14717 46 93 236
14718 43 109 236
14719 40 61 235
14720 37 212 235
14721 33 166 235
14722 15 28 235
14723 16 118 235
14724 17 222 235
14725 18 24 235
14726 19 20 235
14727 20 172 235
14728 21 60 235
14729 22 212 235
14730 23 181 235
14731 24 68 235
14732 25 162 235
14733 26 172 235
14734 27 125 235
14735 28 172 235
14736 29 143 235
14737 30 245 235
14738 31 124 235
14739 32 38 235
14740 92 10 243
14741 89 178 243
14742 86 201 242
14743 83 145 243
14744 80 67 242
14745 77 216 242
14746 73 84 241
14747 71 24 240
14748 68 12 240
14749 65 8 240
14750 62 87 239
14751 59 58 239
14752 56 181 238
14753 53 105 238
14754 50 146 237
14755 47 183 237
14756 44 159 236
14757 41 106 236
14758 38 53 236
14759 36 55 235
14760 34 63 235
14761 0 178 236
14762 1 25 236
14763 2 81 236
14764 3 71 236
14765 4 153 236
14766 5 51 236
14767 6 162 236
14768 7 202 236
14769 8 126 236
14770 9 10 236
14771 10 73 236
14772 11 5 236
14773 12 53 236
14774 13 153 236
14775 14 161 236
14776 15 250 236
14777 94 140 244
14778 90 173 244
14779 88 92 243
14780 84 162 243
14781 81 108 242
14782 78 54 242
14783 76 23 241
14784 72 6 241
14785 69 4 241
14786 66 172 240
14787 63 130 240
14788 60 143 239
14789 57 181 239
14790 54 73 238
14791 51 220 238
14792 48 110 238
14793 45 35 237
14794 42 155 237
14795 39 189 236
14796 35 162 236
14797 16 146 236
14798 17 239 236
14799 18 253 236
14800 19 9 236
14801 20 82 236
14802 21 245 236
14803 22 6 236
14804 23 91 236
14805 24 229 236
14806 25 19 236
14807 26 219 236
14808 27 220 236
14809 28 168 236
14810 29 75 236
14811 30 241 236
14812 31 207 236
14813 93 130 245
14814 91 243 244
14815 87 141 244
14816 85 81 243
14817 82 142 242
14818 79 9 242
14819 75 20 242
14820 74 224 241
14821 70 129 241
14822 67 86 240
14823 64 146 240
14824 61 238 239
14825 58 119 239
14826 55 165 239
14827 52 156 238
14828 49 104 238
14829 46 20 237
14830 43 206 237
14831 40 120 236
14832 37 80 236
14833 33 70 236
14834 32 89 236
14835 34 205 236
14836 36 67 236
14837 0 30 237
14838 1 51 237
14839 2 153 237
14840 3 123 237
14841 4 54 237
14842 5 5 237
14843 6 208 237
14844 7 117 237
14845 8 35 237
14846 9 13 237
14847 10 197 237
14848 95 236 245
14849 92 125 244
14850 89 169 244
14851 86 71 243
14852 83 142 244
14853 80 195 243
14854 77 130 243
14855 73 111 242
14856 71 43 241
14857 68 150 241
14858 65 100 241
14859 62 188 240
14860 59 211 240
14861 56 78 239
14862 53 156 239
14863 50 26 238
14864 47 103 238
14865 44 60 237
14866 41 40 237
14867 38 20 237
14868 11 188 237
14869 12 55 237
14870 13 169 237
14871 14 220 237
14872 15 181 237
14873 16 107 237
14874 17 146 237
14875 18 10 237
14876 19 185 237
14877 20 51 237
14878 21 162 237
14879 22 111 237
14880 23 45 237
14881 24 145 237
14882 96 191 245
14883 94 98 245
14884 90 235 245
14885 88 171 244
14886 84 226 244
14887 81 65 243
14888 78 161 243
14889 76 20 242
14890 72 75 242
14891 69 50 242
14892 66 94 241
14893 63 252 241
14894 60 117 240
14895 57 78 240
14896 54 13 239
14897 51 180 239
14898 48 90 239
14899 45 102 238
14900 42 10 238
14901 39 178 237
14902 35 232 237
14903 25 63 237
14904 26 83 237
14905 27 67 237
14906 28 163 237
14907 29 44 237
14908 30 220 237
14909 31 49 237
14910 32 202 237
14911 33 66 237
14912 34 6 237
14913 36 154 237
14914 37 147 237
14915 97 224 246
14916 93 87 246
14917 91 82 245
14918 87 252 245
14919 85 113 244
14920 82 233 243
14921 79 241 243
14922 75 60 243
14923 74 164 242
14924 70 199 242
14925 67 47 241
14926 64 31 241
14927 61 148 240
14928 58 74 240
14929 55 135 240
14930 52 151 239
14931 49 15 239
14932 46 198 238
14933 43 5 238
14934 40 215 237
14935 0 233 238
14936 1 138 238
14937 2 107 238
14938 3 35 238
14939 4 96 238
14940 5 120 238
14941 6 209 238
14942 7 39 238
14943 8 99 238
14944 9 221 238
14945 10 174 238
14946 11 130 238
14947 98 56 247
14948 95 123 246
14949 92 149 245
14950 89 185 245
14951 86 245 244
14952 83 233 245
14953 80 253 244
14954 77 83 244
14955 73 208 243
14956 71 152 242
14957 68 76 242
14958 65 222 242
14959 62 37 241
14960 59 196 241
14961 56 204 240
14962 53 151 240
14963 50 68 239
14964 47 131 239
14965 44 236 238
14966 41 243 238
14967 38 250 238
14968 12 204 238
14969 13 25 238
14970 14 68 238
14971 15 96 238
14972 16 159 238
14973 17 222 238
14974 18 209 238
14975 19 246 238
14976 20 170 238
14977 21 87 238
14978 99 190 247
14979 96 203 246
14980 94 107 246
14981 90 239 246
14982 88 180 245
14983 84 255 245
14984 81 170 244
14985 78 85 244
14986 76 183 243
14987 72 38 243
14988 69 111 243
14989 66 147 242
14990 63 251 242
14991 60 49 241
14992 57 204 241
14993 54 34 240
14994 51 194 240
14995 48 97 240
14996 45 101 239
14997 42 125 239
14998 39 169 238
14999 35 82 238
15000 22 206 238
15001 23 126 238
15002 24 247 238
15003 25 32 238
15004 26 99 238
15005 27 190 238
15006 28 245 238
15007 29 15 238
15008 100 88 247
15009 97 230 247
15010 93 178 247
15011 91 254 246
15012 87 77 246
15013 85 256 245
15014 82 214 244
15015 79 57 244
15016 75 64 244
15017 74 197 243
15018 70 46 243
15019 67 202 242
15020 64 235 242
15021 61 51 241
15022 58 154 241
15023 55 17 241
15024 52 217 240
15025 49 59 240
15026 46 129 239
15027 43 191 239
15028 40 246 238
15029 37 164 238
15030 33 139 238
15031 30 240 238
15032 31 231 238
15033 32 149 238
15034 34 1 238
15035 36 199 238
15036 0 186 239
15037 101 115 248
15038 98 186 248
15039 95 124 247
15040 92 192 246
15041 89 128 246
15042 86 107 245
15043 83 214 246
15044 80 207 245
15045 77 138 245
15046 73 3 244
15047 71 101 243
15048 68 179 243
15049 65 205 243
15050 62 77 242
15051 59 137 242
15052 56 237 241
15053 53 217 241
15054 50 79 240
15055 47 224 240
15056 44 123 239
15057 41 82 239
15058 38 41 239
15059 1 89 239
15060 2 29 239
15061 3 211 239
15062 4 222 239
15063 5 149 239
15064 6 41 239
15065 102 93 248
15066 99 62 248
15067 96 96 247
15068 94 84 247
15069 90 32 247
15070 88 76 246
15071 84 232 246
15072 81 69 245
15073 78 163 245
15074 76 165 244
15075 72 218 244
15076 69 231 244
15077 66 167 243
15078 63 53 243
15079 60 227 242
15080 57 237 242
15081 54 168 241
15082 51 112 241
15083 48 56 241
15084 45 80 240
15085 42 149 240
15086 39 185 239
15087 35 105 239
15088 7 213 239
15089 8 186 239
15090 9 10 239
15091 10 41 239
15092 103 175 249
15093 100 72 248
15094 97 48 248
15095 93 202 248
15096 91 91 247
15097 87 127 247
15098 85 116 246
15099 82 105 245
15100 79 70 245
15101 75 110 245
15102 74 117 244
15103 70 61 244
15104 67 212 243
15105 64 137 243
15106 61 252 242
15107 58 126 242
15108 55 84 242
15109 52 14 241
15110 49 95 241
15111 46 193 240
15112 43 203 240
15113 40 248 239
15114 37 251 239
15115 33 170 239
15116 11 61 239
15117 12 77 239
15118 104 36 249
15119 101 24 249
15120 98 12 249
15121 95 8 248
15122 92 87 247
15123 89 58 247
15124 86 181 246
15125 83 105 247
15126 80 146 246
15127 77 183 246
15128 73 155 245
15129 71 106 244
15130 68 53 244
15131 65 121 244
15132 62 63 243
15133 59 42 243
15134 56 7 242
15135 53 14 242
15136 50 88 241
15137 47 230 241
15138 44 124 240
15139 41 254 240
15140 38 127 240
15141 36 172 239
15142 13 241 239
15143 105 138 250
15144 102 6 249
15145 99 4 249
15146 96 172 248
15147 94 223 248
15148 90 143 248
15149 88 246 247
15150 84 73 247
15151 81 220 246
15152 78 110 246
15153 76 139 245
15154 72 155 245
15155 69 189 245
15156 66 160 244
15157 63 78 244
15158 60 139 243
15159 57 7 243
15160 54 44 242
15161 51 115 242
15162 48 186 242
15163 45 161 241
15164 42 192 241
15165 39 128 240
15166 35 32 240
15167 106 168 250
15168 103 3 250
15169 100 129 249
15170 97 86 249
15171 93 14 249
15172 91 238 248
15173 87 89 248
15174 85 165 247
15175 82 156 246
15176 79 104 246
15177 75 19 246
15178 74 221 245
15179 70 120 245
15180 67 80 244
15181 64 248 244
15182 61 66 243
15183 58 33 243
15184 55 22 243
15185 52 175 242
15186 49 31 242
15187 46 195 241
15188 43 96 241
15189 40 16 240
15190 107 130 251
15191 104 193 250
15192 101 43 250
15193 98 150 250
15194 95 100 249
15195 92 188 248
15196 89 211 248
15197 86 78 247
15198 83 156 248
15199 80 26 247
15200 77 103 247
15201 73 172 246
15202 71 40 245
15203 68 20 245
15204 65 99 245
15205 62 145 244
15206 59 11 244
15207 56 216 243
15208 53 175 243
15209 50 72 242
15210 47 48 242
15211 44 8 241
15212 109 219 251
15213 105 103 251
15214 102 75 250
15215 99 50 250
15216 96 94 249
15217 94 160 249
15218 90 117 249
15219 88 186 248
15220 84 13 248
15221 81 180 247
15222 78 90 247
15223 76 117 246
15224 72 10 246
15225 69 178 246
15226 66 201 245
15227 63 158 245
15228 60 67 244
15229 57 216 244
15230 54 36 243
15231 51 24 243
15232 48 12 243
15233 108 81 252
15234 106 168 251
15235 103 166 251
15236 100 199 250
15237 97 47 250
15238 93 9 250
15239 91 148 249
15240 87 27 249
15241 85 135 248
15242 82 151 247
15243 79 15 247
15244 75 203 247
15245 74 158 246
15246 70 215 246
15247 67 229 245
15248 64 115 245
15249 61 54 244
15250 58 27 244
15251 55 18 244
15252 52 3 243
15253 110 253 252
15254 107 83 252
15255 104 228 251
15256 101 152 251
15257 98 76 251
15258 95 222 250
15259 92 37 249
15260 89 196 249
15261 86 204 248
15262 83 151 249
15263 80 68 248
15264 77 131 248
15265 73 217 247
15266 71 243 246
15267 68 250 246
15268 65 81 246
15269 62 142 245
15270 59 9 245
15271 56 130 244
15272 111 170 253
15273 109 151 252
15274 105 159 252
15275 102 38 251
15276 99 111 251
15277 96 147 250
15278 94 189 250
15279 90 49 250
15280 88 8 249
15281 84 34 249
15282 81 194 248
15283 78 97 248
15284 76 160 247
15285 72 125 247
15286 69 169 247
15287 66 71 246
15288 63 115 246
15289 60 195 245
15290 112 214 253
15291 108 213 253
15292 106 130 252
15293 103 19 252
15294 100 46 251
15295 97 202 251
15296 93 138 251
15297 91 51 250
15298 87 185 250
15299 85 17 249
15300 82 217 248
15301 79 59 248
15302 75 235 248
15303 74 66 247
15304 70 246 247
15305 67 164 246
15306 64 144 246
15307 113 214 254
15308 110 207 253
15309 107 138 253
15310 104 23 252
15311 101 101 252
15312 98 179 252
15313 95 205 251
15314 92 77 250
15315 89 137 250
15316 86 237 249
15317 83 217 250
15318 80 79 249
15319 77 224 249
15320 73 123 248
15321 71 82 247
15322 68 41 247
15323 114 232 254
15324 111 69 254
15325 109 75 253
15326 105 153 253
15327 102 218 252
15328 99 231 252
15329 96 167 251
15330 94 28 251
15331 90 227 251
15332 88 50 250
15333 84 168 250
15334 81 112 249
15335 78 56 249
15336 76 175 248
15337 72 149 248
15338 116 238 254
15339 112 105 254
15340 108 122 254
15341 106 219 253
15342 103 109 253
15343 100 61 252
15344 97 212 252
15345 93 117 252
15346 91 252 251
15347 87 256 251
15348 85 84 250
15349 82 14 249
15350 79 95 249
15351 75 88 249
15352 115 50 255
15353 113 105 255
15354 110 146 254
15355 107 183 254
15356 104 159 253
15357 101 106 253
15358 98 53 253
15359 95 121 252
15360 92 63 251
15361 89 42 251
15362 86 7 250
15363 83 14 251
15364 80 88 250
15365 117 181 256
15366 114 73 255
15367 111 220 255
15368 109 62 254
15369 105 248 254
15370 102 155 253
15371 99 189 253
15372 96 160 252
15373 94 17 252
15374 90 139 252
15375 87 7 252
15376 84 44 251
15377 118 119 256
15378 116 166 255
15379 112 156 255
15380 108 230 255
15381 106 65 254
15382 103 206 254
15383 100 120 253
15384 97 80 253
15385 93 132 253
15386 91 66 252
15387 88 33 251
15388 119 211 257
15389 115 68 256
15390 113 156 256
15391 110 26 255
15392 107 103 255
15393 104 60 254
15394 101 40 254
15395 98 20 254
15396 95 99 253
15397 92 145 252
15398 120 117 257
15399 117 78 257
15400 114 13 256
15401 111 180 256
15402 109 47 255
15403 105 91 255
15404 102 10 254
15405 99 178 254
15406 96 201 253
15407 121 148 257
15408 118 74 257
15409 116 244 256
15410 112 151 256
15411 108 190 256
15412 106 253 255
15413 103 5 255
15414 100 215 254
15415 122 37 258
15416 119 196 258
15417 115 102 257
15418 113 151 257
15419 110 68 256
15420 107 131 256
15421 104 236 255
15422 124 171 258
15423 120 49 258
15424 117 204 258
15425 114 34 257
15426 111 194 257
15427 109 97 256
15428 123 139 259
15429 121 51 258
15430 118 154 258
15431 116 80 257
15432 112 217 257
15433 125 205 260
15434 122 77 259
15435 119 137 259
15436 115 197 258
15437 126 167 260
15438 124 60 259
15439 120 227 259
15440 127 212 260
15441 123 106 260
15442 128 53 261
15443 14 68 239
15444 15 151 239
15445 16 29 239
15446 17 25 239
15447 18 206 239
15448 19 63 239
15449 20 171 239
15450 21 139 239
15451 22 121 239
15452 23 131 239
15453 24 39 239
15454 0 98 240
15455 0 98 241
15456 0 98 242
15457 0 98 243
15458 0 98 244
15459 0 98 245
15460 0 98 246
15461 0 98 247
15462 0 98 248
15463 25 215 239
15464 26 105 239
15465 27 200 239
15466 28 89 239
15467 29 9 239
15468 30 220 239
15469 31 14 239
15470 32 176 239
15471 34 182 239
15472 1 147 240
15473 2 166 240
15474 3 26 240
15475 4 117 240
15476 5 155 240
15477 6 3 240
15478 1 185 241
15479 1 185 242
15480 1 185 243
15481 1 185 244
15482 7 71 240
15483 8 32 240
15484 9 109 240
15485 10 156 240
15486 11 36 240
15487 12 70 240
15488 13 87 240
15489 14 54 240
15490 15 172 240
15491 16 51 240
15492 17 152 240
15493 18 91 240
15494 19 177 240
15495 20 125 240
15496 21 224 240
15497 22 246 240
15498 23 249 240
15499 24 44 240
15500 25 184 240
15501 26 2 240
15502 27 90 240
15503 28 220 240
15504 29 91 240
15505 30 214 240
15506 31 152 240
15507 32 39 240
15508 33 46 240
15509 34 25 240
15510 36 236 240
15511 37 224 240
15512 2 126 241
15513 3 157 241
15514 4 82 241
15515 5 166 241
15516 6 56 241
15517 7 108 241
15518 8 24 241
15519 9 145 241
15520 10 235 241
15521 11 226 241
15522 12 213 241
15523 13 253 241
15524 14 132 241
15525 15 73 241
15526 16 157 241
15527 17 38 241
15528 18 11 241
15529 19 76 241
15530 20 90 241
15531 21 2 241
15532 22 13 241
15533 23 78 241
15534 24 244 241
15535 25 167 241
15536 26 132 241
15537 27 42 241
15538 28 237 241
15539 29 100 241
15540 30 120 241
15541 31 155 241
15542 32 145 241
15543 33 11 241
15544 34 16 241
15545 35 196 241
15546 36 121 241
15547 37 199 241
15548 38 53 241
15549 39 247 241
15550 40 209 241
15551 41 255 241
15552 2 134 242
15553 3 165 242
15554 4 67 242
15555 5 256 242
15556 6 42 242
15557 7 1 242
15558 8 87 242
15559 9 236 242
15560 10 50 242
15561 11 252 242
15562 12 103 242
15563 13 68 242
15564 14 23 242
15565 15 106 242
15566 16 175 242
15567 17 45 242
15568 18 51 242
15569 19 211 242
15570 20 140 242
15571 21 212 242
15572 22 7 242
15573 23 101 242
15574 24 233 242
15575 25 55 242
15576 26 33 242
15577 27 253 242
15578 28 166 242
15579 29 197 242
15580 30 205 242
15581 31 75 242
15582 32 131 242
15583 33 154 242
15584 34 145 242
15585 35 12 242
15586 36 7 242
15587 37 31 242
15588 38 60 242
15589 39 7 242
15590 40 91 242
15591 41 183 242
15592 42 70 242
15593 43 46 242
15594 44 137 242
15595 45 170 242
15596 46 135 242
15597 2 178 243
15598 3 175 243
15599 4 69 243
15600 5 204 243
15601 6 241 243
15602 7 3 243
15603 8 239 243
15604 9 44 243
15605 10 3 243
15606 11 50 243
15607 12 111 243
15608 13 75 243
15609 14 237 243
15610 15 107 243
15611 16 168 243
15612 17 26 243
15613 18 94 243
15614 19 119 243
15615 20 242 243
15616 21 93 243
15617 22 73 243
15618 23 241 243
15619 24 94 243
15620 25 30 243
15621 26 76 243
15622 27 145 243
15623 28 256 243
15624 29 256 243
15625 30 179 243
15626 31 181 243
15627 32 248 243
15628 33 184 243
15629 34 225 243
15630 35 10 243
15631 36 224 243
15632 37 100 243
15633 38 85 243
15634 39 64 243
15635 40 195 243
15636 41 162 243
15637 42 96 243
15638 43 149 243
15639 44 121 243
15640 45 43 243
15641 46 11 243
15642 47 48 243
15643 49 133 243
15644 50 216 243
15645 2 62 244
15646 3 13 244
15647 4 195 244
15648 5 76 244
15649 6 45 244
15650 7 78 244
15651 8 219 244
15652 9 18 244
15653 10 59 244
15654 11 152 244
15655 12 223 244
15656 13 74 244
15657 14 146 244
15658 15 136 244
15659 16 39 244
15660 17 245 244
15661 18 31 244
15662 19 19 244
15663 20 252 244
15664 21 52 244
15665 22 73 244
15666 23 189 244
15667 24 46 244
15668 25 241 244
15669 26 206 244
15670 27 190 244
15671 28 29 244
15672 29 200 244
15673 30 77 244
15674 31 134 244
15675 32 189 244
15676 33 110 244
15677 34 212 244
15678 35 205 244
15679 36 107 244
15680 37 74 244
15681 38 13 244
15682 39 241 244
15683 40 31 244
15684 41 199 244
15685 42 40 244
15686 43 108 244
15687 44 134 244
15688 45 104 244
15689 46 81 244
15690 47 77 244
15691 48 240 244
15692 49 67 244
15693 50 6 244
15694 51 129 244
15695 52 216 244
15696 53 247 244
15697 54 94 244
15698 1 84 245
15699 2 17 245
15700 3 224 245
15701 4 203 245
15702 5 78 245
15703 6 97 245
15704 7 239 245
15705 8 66 245
15706 9 177 245
15707 10 76 245
15708 11 228 245
15709 12 68 245
15710 13 22 245
15711 14 248 245
15712 15 195 245
15713 16 10 245
15714 17 109 245
15715 18 51 245
15716 19 256 245
15717 20 167 245
15718 21 90 245
15719 22 11 245
15720 23 146 245
15721 24 246 245
15722 25 14 245
15723 26 23 245
15724 27 165 245
15725 28 3 245
15726 29 70 245
15727 30 174 245
15728 31 225 245
15729 32 167 245
15730 33 42 245
15731 34 66 245
15732 35 114 245
15733 36 8 245
15734 37 236 245
15735 38 133 245
15736 39 167 245
15737 40 63 245
15738 41 55 245
15739 42 245 245
15740 43 14 245
15741 44 185 245
15742 45 185 245
15743 46 105 245
15744 47 11 245
15745 48 252 245
15746 49 72 245
15747 50 180 245
15748 51 247 245
15749 52 133 245
15750 53 129 245
15751 54 120 245
15752 55 87 245
15753 56 21 245
15754 57 38 245
15755 58 116 245
15756 61 205 245
15757 1 255 246
15758 2 53 246
15759 3 176 246
15760 4 233 246
15761 5 38 246
15762 6 106 246
15763 7 239 246
15764 8 47 246
15765 9 38 246
15766 10 10 246
15767 11 137 246
15768 12 62 246
15769 13 243 246
15770 14 30 246
15771 15 209 246
15772 16 178 246
15773 17 168 246
15774 18 12 246
15775 19 15 246
15776 20 82 246
15777 21 159 246
15778 22 11 246
15779 23 77 246
15780 24 60 246
15781 25 113 246
15782 26 154 246
15783 27 29 246
15784 28 201 246
15785 29 139 246
15786 30 252 246
15787 31 128 246
15788 32 214 246
15789 33 193 246
15790 34 231 246
15791 35 148 246
15792 36 28 246
15793 37 171 246
15794 38 166 246
15795 39 2 246
15796 40 73 246
15797 41 56 246
15798 42 154 246
15799 43 176 246
15800 44 120 246
15801 45 241 246
15802 46 29 246
15803 47 219 246
15804 48 181 246
15805 49 43 246
15806 50 136 246
15807 51 201 246
15808 52 27 246
15809 53 234 246
15810 54 196 246
15811 55 55 246
15812 56 159 246
15813 57 150 246
15814 58 16 246
15815 59 107 246
15816 60 186 246
15817 61 238 246
15818 62 194 246
15819 1 202 247
15820 2 250 247
15821 3 219 247
15822 4 10 247
15823 5 83 247
15824 6 44 247
15825 7 39 247
15826 8 202 247
15827 9 44 247
15828 10 199 247
15829 11 221 247
15830 12 135 247
15831 13 191 247
15832 14 132 247
15833 15 143 247
15834 16 39 247
15835 17 224 247
15836 18 109 247
15837 19 93 247
15838 20 183 247
15839 21 211 247
15840 22 71 247
15841 23 238 247
15842 24 211 247
15843 25 248 247
15844 26 143 247
15845 27 250 247
15846 28 169 247
15847 29 162 247
15848 30 170 247
15849 31 27 247
15850 32 121 247
15851 33 162 247
15852 34 107 247
15853 35 178 247
15854 36 66 247
15855 37 87 247
15856 38 8 247
15857 39 158 247
15858 40 39 247
15859 41 158 247
15860 42 36 247
15861 43 134 247
15862 44 111 247
15863 45 246 247
15864 46 14 247
15865 47 174 247
15866 48 201 247
15867 49 151 247
15868 50 126 247
15869 51 108 247
15870 53 119 247
15871 52 80 247
15872 54 173 247
15873 55 32 247
15874 56 119 247
15875 57 170 247
15876 58 3 247
15877 59 11 247
15878 60 177 247
15879 62 255 247
15880 61 83 247
15881 63 208 247
15882 64 106 247
15883 65 136 247
15884 66 124 247
15885 67 38 247
15886 1 99 248
15887 2 214 248
15888 3 219 248
15889 4 4 248
15890 5 178 248
15891 6 249 248
15892 7 106 248
15893 8 176 248
15894 9 254 248
15895 10 199 248
15896 11 165 248
15897 12 186 248
15898 13 111 248
15899 14 237 248
15900 15 7 248
15901 16 91 248
15902 17 254 248
15903 18 4 248
15904 19 221 248
15905 20 184 248
15906 21 13 248
15907 22 25 248
15908 23 69 248
15909 24 85 248
15910 25 223 248
15911 26 143 248
15912 27 229 248
15913 28 163 248
15914 29 218 248
15915 30 251 248
15916 31 233 248
15917 32 34 248
15918 33 90 248
15919 34 250 248
15920 35 155 248
15921 36 87 248
15922 37 176 248
15923 38 111 248
15924 39 64 248
15925 40 13 248
15926 41 162 248
15927 42 250 248
15928 0 209 249
15929 43 107 248
15930 44 65 248
15931 45 208 248
15932 46 239 248
15933 47 207 248
15934 48 218 248
15935 49 194 248
15936 50 80 248
15937 51 1 248
15938 52 108 248
15939 53 85 248
15940 54 135 248
15941 55 171 248
15942 56 203 248
15943 57 181 248
15944 58 207 248
15945 59 193 248
15946 60 243 248
15947 61 41 248
15948 62 43 248
15949 63 146 248
15950 64 108 248
15951 65 114 248
15952 66 139 248
15953 67 37 248
15954 68 196 248
15955 69 80 248
15956 70 61 248
15957 71 136 248
15958 74 66 248
15959 1 65 249
15960 2 106 249
15961 3 245 249
15962 4 20 249
15963 5 191 249
15964 6 227 249
15965 7 256 249
15966 8 135 249
15967 9 231 249
15968 10 168 249
15969 11 190 249
15970 12 32 249
15971 13 243 249
15972 14 252 249
15973 15 252 249
15974 16 133 249
15975 17 167 249
15976 18 47 249
15977 19 180 249
15978 20 215 249
15979 21 170 249
15980 22 155 249
15981 23 248 249
15982 24 230 249
15983 25 15 249
15984 26 24 249
15985 27 81 249
15986 28 11 249
15987 29 118 249
15988 30 229 249
15989 31 169 249
15990 32 21 249
15991 33 117 249
15992 34 252 249
15993 35 76 249
15994 36 29 249
15995 37 207 249
15996 38 52 249
15997 39 139 249
15998 40 198 249
15999 41 180 249
16000 42 97 249
16001 43 117 249
16002 44 63 249
16003 45 172 249
16004 46 107 249
16005 47 215 249
16006 48 123 249
16007 49 73 249
16008 50 108 249
16009 51 102 249
16010 52 189 249
16011 53 212 249
16012 54 80 249
16013 55 31 249
16014 56 145 249
16015 57 90 249
16016 58 129 249
16017 59 168 249
16018 60 126 249
16019 61 199 249
16020 62 6 249
16021 63 79 249
16022 64 212 249
16023 65 96 249
16024 66 253 249
16025 67 139 249
16026 68 74 249
16027 69 186 249
16028 70 48 249
16029 71 141 249
16030 72 249 249
16031 73 228 249
16032 74 158 249
16033 76 166 249
16034 0 71 250
16035 1 35 250
16036 2 145 250
16037 3 118 250
16038 5 157 250
16039 4 119 250
16040 6 171 250
16041 7 243 250
16042 8 76 250
16043 9 28 250
16044 10 230 250
16045 11 43 250
16046 12 185 250
16047 13 104 250
16048 14 68 250
16049 15 42 250
16050 16 105 250
16051 17 47 250
16052 18 238 250
16053 19 252 250
16054 20 75 250
16055 21 209 250
16056 22 83 250
16057 23 99 250
16058 24 51 250
16059 25 11 250
16060 26 187 250
16061 27 142 250
16062 28 54 250
16063 29 221 250
16064 30 252 250
16065 31 46 250
16066 32 185 250
16067 33 148 250
16068 34 217 250
16069 35 176 250
16070 36 189 250
16071 37 236 250
16072 38 251 250
16073 39 188 250
16074 40 84 250
16075 41 26 250
16076 42 72 250
16077 43 75 250
16078 44 118 250
16079 45 139 250
16080 46 23 250
16081 47 44 250
16082 48 209 250
16083 49 241 250
16084 50 88 250
16085 51 13 250
16086 52 223 250
16087 53 67 250
16088 54 140 250
16089 55 96 250
16090 56 212 250
16091 57 35 250
16092 58 198 250
16093 59 169 250
16094 60 240 250
16095 61 255 250
16096 62 2 250
16097 63 111 250
16098 64 55 250
16099 65 7 250
16100 66 40 250
16101 67 247 250
16102 68 249 250
16103 69 106 250
16104 70 50 250
16105 71 147 250
16106 72 106 250
16107 73 208 250
16108 74 177 250
16109 75 52 250
16110 76 218 250
16111 77 166 250
16112 78 72 250
16113 79 242 250
16114 81 76 250
16115 82 93 250
16116 0 95 251
16117 1 111 251
16118 2 183 251
16119 3 185 251
16120 4 57 251
16121 5 29 251
16122 6 99 251
16123 7 125 251
16124 9 125 251
16125 8 116 251
16126 10 80 251
16127 11 177 251
16128 12 116 251
16129 13 202 251
16130 14 222 251
16131 15 236 251
16132 16 238 251
16133 17 14 251
16134 18 215 251
16135 19 155 251
16136 20 130 251
16137 21 84 251
16138 22 128 251
16139 23 156 251
16140 24 215 251
16141 25 14 251
16142 26 222 251
16143 27 41 251
16144 28 183 251
16145 29 158 251
16146 30 207 251
16147 31 185 251
16148 32 94 251
16149 33 152 251
16150 34 113 251
16151 35 17 251
16152 36 247 251
16153 37 250 251
16154 38 220 251
16155 39 24 251
16156 40 193 251
16157 41 196 251
16158 42 218 251
16159 43 53 251
16160 44 184 251
16161 45 158 251
16162 46 100 251
16163 47 217 251
16164 48 232 251
16165 49 150 251
16166 50 66 251
16167 51 112 251
16168 52 184 251
16169 53 91 251
16170 54 182 251
16171 55 231 251
16172 56 151 251
16173 57 132 251
16174 58 242 251
16175 59 201 251
16176 60 203 251
16177 61 83 251
16178 62 100 251
16179 63 190 251
16180 64 59 251
16181 65 192 251
16182 66 30 251
16183 67 115 251
16184 68 25 251
16185 69 191 251
16186 70 94 251
16187 71 81 251
16188 72 168 251
16189 73 102 251
16190 74 126 251
16191 75 168 251
16192 76 149 251
16193 77 160 251
16194 78 108 251
16195 79 250 251
16196 80 104 251
16197 81 70 251
16198 82 175 251
16199 85 210 251
16200 86 69 251
16201 0 80 252
16202 1 232 252
16203 2 6 252
16204 3 80 252
16205 4 15 252
16206 5 77 252
16207 6 119 252
16208 7 128 252
16209 8 143 252
16210 9 68 252
16211 10 43 252
16212 11 240 252
16213 12 123 252
16214 13 112 252
16215 14 240 252
16216 15 241 252
16217 16 32 252
16218 17 99 252
16219 18 233 252
16220 19 171 252
16221 20 217 252
16222 21 1 252
16223 22 27 252
16224 23 119 252
16225 24 50 252
16226 25 193 252
16227 26 212 252
16228 27 149 252
16229 28 169 252
16230 29 131 252
16231 30 65 252
16232 31 35 252
16233 32 133 252
16234 33 221 252
16235 34 190 252
16236 35 126 252
16237 36 113 252
16238 37 148 252
16239 38 205 252
16240 39 246 252
16241 40 154 252
16242 41 25 252
16243 42 212 252
16244 43 153 252
16245 44 150 252
16246 45 232 252
16247 46 55 252
16248 47 201 252
16249 48 250 252
16250 49 27 252
16251 50 80 252
16252 51 188 252
16253 52 199 252
16254 53 33 252
16255 54 136 252
16256 55 36 252
16257 56 142 252
16258 57 248 252
16259 58 17 252
16260 59 238 252
16261 60 76 252
16262 61 219 252
16263 62 151 252
16264 63 180 252
16265 64 123 252
16266 65 256 252
16267 66 56 252
16268 67 231 252
16269 68 214 252
16270 69 165 252
16271 70 62 252
16272 71 17 252
16273 72 183 252
16274 73 229 252
16275 74 226 252
16276 75 122 252
16277 76 40 252
16278 77 11 252
16279 78 249 252
16280 79 197 252
16281 80 129 252
16282 81 23 252
16283 82 174 252
16284 83 106 252
16285 84 108 252
16286 85 157 252
16287 86 5 252
16288 88 133 252
16289 89 118 252
16290 0 38 253
16291 1 192 253
16292 2 192 253
16293 3 125 253
16294 4 128 253
16295 5 209 253
16296 6 88 253
16297 7 252 253
16298 8 20 253
16299 9 56 253
16300 10 8 253
16301 11 248 253
16302 12 155 253
16303 13 143 253
16304 14 135 253
16305 15 101 253
16306 16 239 253
16307 17 86 253
16308 18 55 253
16309 19 72 253
16310 20 105 253
16311 21 255 253
16312 22 81 253
16313 23 77 253
16314 24 248 253
16315 25 210 253
16316 26 152 253
16317 27 116 253
16318 28 129 253
16319 29 230 253
16320 30 35 253
16321 31 66 253
16322 32 166 253
16323 33 252 253
16324 34 135 253
16325 35 153 253
16326 36 139 253
16327 37 199 253
16328 38 2 253
16329 39 119 253
16330 40 13 253
16331 41 174 253
16332 42 204 253
16333 43 12 253
16334 0 252 254
16335 44 233 253
16336 45 5 253
16337 46 148 253
16338 47 58 253
16339 48 216 253
16340 50 106 253
16341 49 144 253
16342 51 28 253
16343 52 180 253
16344 53 170 253
16345 54 199 253
16346 55 162 253
16347 56 108 253
16348 57 88 253
16349 58 202 253
16350 59 141 253
16351 60 243 253
16352 61 42 253
16353 62 120 253
16354 63 123 253
16355 64 161 253
16356 65 116 253
16357 66 20 253
16358 67 24 253
16359 68 1 253
16360 69 137 253
16361 70 84 253
16362 71 84 253
16363 72 217 253
16364 73 105 253
16365 74 242 253
16366 75 229 253
16367 76 59 253
16368 77 18 253
16369 78 215 253
16370 79 122 253
16371 80 51 253
16372 81 169 253
16373 82 187 253
16374 83 171 253
16375 84 167 253
16376 85 87 253
16377 86 202 253
16378 87 34 253
16379 88 119 253
16380 89 126 253
16381 90 109 253
16382 91 103 253
16383 92 137 253
16384 94 6 253
16385 1 240 254
16386 2 99 254
16387 3 30 254
16388 4 189 254
16389 5 234 254
16390 6 81 254
16391 7 13 254
16392 8 171 254
16393 9 145 254
16394 10 233 254
16395 11 24 254
16396 12 63 254
16397 13 25 254
16398 14 254 254
16399 15 172 254
16400 16 195 254
16401 17 209 254
16402 18 9 254
16403 19 71 254
16404 20 196 254
16405 21 182 254
16406 22 210 254
16407 23 84 254
16408 24 209 254
16409 25 164 254
16410 26 21 254
16411 27 75 254
16412 28 43 254
16413 29 108 254
16414 30 132 254
16415 31 176 254
16416 32 251 254
16417 33 126 254
16418 34 140 254
16419 35 125 254
16420 36 130 254
16421 37 232 254
16422 38 234 254
16423 39 221 254
16424 40 206 254
16425 42 138 254
16426 41 63 254
16427 43 65 254
16428 44 155 254
16429 45 204 254
16430 46 177 254
16431 47 30 254
16432 48 130 254
16433 49 256 254
16434 50 175 254
16435 51 131 254
16436 52 244 254
16437 53 8 254
16438 54 152 254
16439 55 84 254
16440 56 7 254
16441 57 139 254
16442 58 52 254
16443 59 235 254
16444 60 51 254
16445 61 23 254
16446 62 45 254
16447 63 234 254
16448 64 2 254
16449 65 88 254
16450 66 225 254
16451 67 128 254
16452 68 35 254
16453 69 104 254
16454 70 11 254
16455 71 85 254
16456 72 13 254
16457 73 37 254
16458 74 110 254
16459 75 135 254
16460 76 80 254
16461 77 221 254
16462 78 166 254
16463 79 165 254
16464 80 231 254
16465 81 45 254
16466 82 136 254
16467 83 214 254
16468 84 93 254
16469 85 251 254
16470 86 205 254
16471 87 240 254
16472 88 47 254
16473 89 249 254
16474 90 202 254
16475 91 88 254
16476 92 172 254
16477 93 57 254
16478 94 177 254
16479 95 238 254
16480 96 87 254
16481 97 229 254
16482 0 253 255
16483 1 139 255
16484 2 25 255
16485 3 30 255
16486 4 154 255
16487 5 40 255
16488 6 219 255
16489 7 15 255
16490 8 127 255
16491 9 81 255
16492 10 108 255
16493 11 124 255
16494 12 113 255
16495 13 243 255
16496 14 99 255
16497 15 126 255
16498 16 241 255
16499 17 115 255
16500 18 101 255
16501 19 242 255
16502 20 30 255
16503 21 45 255
16504 22 84 255
16505 23 217 255
16506 24 207 255
16507 25 39 255
16508 26 64 255
16509 27 46 255
16510 28 146 255
16511 29 256 255
16512 30 7 255
16513 31 22 255
16514 32 220 255
16515 33 219 255
16516 34 172 255
16517 35 227 255
16518 36 114 255
16519 37 80 255
16520 38 205 255
16521 39 42 255
16522 40 250 255
16523 41 210 255
16524 42 129 255
16525 43 19 255
16526 44 144 255
16527 45 237 255
16528 46 31 255
16529 47 154 255
16530 48 138 255
16531 49 153 255
16532 50 153 255
16533 51 249 255
16534 52 223 255
16535 53 31 255
16536 55 161 255
16537 54 202 255
16538 56 231 255
16539 57 184 255
16540 58 76 255
16541 59 88 255
16542 60 84 255
16543 61 44 255
16544 62 26 255
16545 63 217 255
16546 64 229 255
16547 65 254 255
16548 66 123 255
16549 67 127 255
16550 68 30 255
16551 69 63 255
16552 70 103 255
16553 71 180 255
16554 72 145 255
16555 73 67 255
16556 74 192 255
16557 75 199 255
16558 76 120 255
16559 77 118 255
16560 78 4 255
16561 79 142 255
16562 80 89 255
16563 81 31 255
16564 82 31 255
16565 83 221 255
16566 84 172 255
16567 85 57 255
16568 86 50 255
16569 87 174 255
16570 88 203 255
16571 89 221 255
16572 90 251 255
16573 91 171 255
16574 92 109 255
16575 93 199 255
16576 94 159 255
16577 95 77 255
16578 96 205 255
16579 97 183 255
16580 98 172 255
16581 99 224 255
16582 100 56 255
16583 101 69 255
16584 102 156 255
16585 0 44 256
16586 1 222 256
16587 2 84 256
16588 3 183 256
16589 4 249 256
16590 5 109 256
16591 6 89 256
16592 7 117 256
16593 8 152 256
16594 9 196 256
16595 10 211 256
16596 11 193 256
16597 12 233 256
16598 13 191 256
16599 14 245 256
16600 15 110 256
16601 16 29 256
16602 17 3 256
16603 18 14 256
16604 19 78 256
16605 20 247 256
16606 21 21 256
16607 22 17 256
16608 23 83 256
16609 24 118 256
16610 25 250 256
16611 26 152 256
16612 27 126 256
16613 28 52 256
16614 29 153 256
16615 30 227 256
16616 31 195 256
16617 32 48 256
16618 33 71 256
16619 34 105 256
16620 35 185 256
16621 36 160 256
16622 37 140 256
16623 38 98 256
16624 39 3 256
16625 40 234 256
16626 41 37 256
16627 42 170 256
16628 43 112 256
16629 44 84 256
16630 45 43 256
16631 46 208 256
16632 47 218 256
16633 48 25 256
16634 49 223 256
16635 50 87 256
16636 51 111 256
16637 52 240 256
16638 53 234 256
16639 54 160 256
16640 55 203 256
16641 56 10 256
16642 57 34 256
16643 58 151 256
16644 59 179 256
16645 60 105 256
16646 61 52 256
16647 62 106 256
16648 63 133 256
16649 64 123 256
16650 65 14 256
16651 66 110 256
16652 67 230 256
16653 68 154 256
16654 69 131 256
16655 70 224 256
16656 71 54 256
16657 72 144 256
16658 73 31 256
16659 74 89 256
16660 75 234 256
16661 76 224 256
16662 77 156 256
16663 78 216 256
16664 79 155 256
16665 80 202 256
16666 81 163 256
16667 82 93 256
16668 83 10 256
16669 84 227 256
16670 85 48 256
16671 86 243 256
16672 87 231 256
16673 88 248 256
16674 89 166 256
16675 90 168 256
16676 91 156 256
16677 92 208 256
16678 93 252 256
16679 94 92 256
16680 95 148 256
16681 96 206 256
16682 97 78 256
16683 98 167 256
16684 99 111 256
16685 100 62 256
16686 101 192 256
16687 102 220 256
16688 103 229 256
16689 104 142 256
16690 105 142 256
16691 106 64 256
16692 0 190 257
16693 1 21 257
16694 2 252 257
16695 3 219 257
16696 4 75 257
16697 5 63 257
16698 6 8 257
16699 7 254 257
16700 8 197 257
16701 9 250 257
16702 10 83 257
16703 11 154 257
16704 12 204 257
16705 13 66 257
16706 14 253 257
16707 15 176 257
16708 16 253 257
16709 17 155 257
16710 18 228 257
16711 19 122 257
16712 20 253 257
16713 21 145 257
16714 22 162 257
16715 23 70 257
16716 24 145 257
16717 25 82 257
16718 26 64 257
16719 27 246 257
16720 28 211 257
16721 29 41 257
16722 30 130 257
16723 31 218 257
16724 32 238 257
16725 33 150 257
16726 34 78 257
16727 35 75 257
16728 36 124 257
16729 37 230 257
16730 38 34 257
16731 39 150 257
16732 40 25 257
16733 41 175 257
16734 42 111 257
16735 43 193 257
16736 44 217 257
16737 45 231 257
16738 46 65 257
16739 47 44 257
16740 48 210 257
16741 49 164 257
16742 50 108 257
16743 51 30 257
16744 52 111 257
16745 53 252 257
16746 54 234 257
16747 55 196 257
16748 56 167 257
16749 57 127 257
16750 58 35 257
16751 59 146 257
16752 60 47 257
16753 61 66 257
16754 62 181 257
16755 63 253 257
16756 64 183 257
16757 65 217 257
16758 66 147 257
16759 67 58 257
16760 68 17 257
16761 69 113 257
16762 70 131 257
16763 71 134 257
16764 72 195 257
16765 73 230 257
16766 74 106 257
16767 75 210 257
16768 76 192 257
16769 77 186 257
16770 78 67 257
16771 79 30 257
16772 80 116 257
16773 81 239 257
16774 82 248 257
16775 83 235 257
16776 84 165 257
16777 85 201 257
16778 86 97 257
16779 87 159 257
16780 88 146 257
16781 89 180 257
16782 90 133 257
16783 91 53 257
16784 92 48 257
16785 93 100 257
16786 94 127 257
16787 95 58 257
16788 96 174 257
16789 97 137 257
16790 98 65 257
16791 99 186 257
16792 100 191 257
16793 101 211 257
16794 102 165 257
16795 103 185 257
16796 104 186 257
16797 105 135 257
16798 106 34 257
16799 107 136 257
16800 108 42 257
16801 109 154 257
16802 110 232 257
16803 0 243 258
16804 1 95 258
16805 2 215 258
16806 3 207 258
16807 4 115 258
16808 5 159 258
16809 6 155 258
16810 7 77 258
16811 8 228 258
16812 9 164 258
16813 10 177 258
16814 11 6 258
16815 12 46 258
16816 13 157 258
16817 14 119 258
16818 15 169 258
16819 16 150 258
16820 17 167 258
16821 18 104 258
16822 19 97 258
16823 20 130 258
16824 21 47 258
16825 22 237 258
16826 23 57 258
16827 24 24 258
16828 25 71 258
16829 26 166 258
16830 27 165 258
16831 28 1 258
16832 29 142 258
16833 30 110 258
16834 31 166 258
16835 32 129 258
16836 33 148 258
16837 34 190 258
16838 35 67 258
16839 36 100 258
16840 37 155 258
16841 38 78 258
16842 39 85 258
16843 40 206 258
16844 41 229 258
16845 42 14 258
16846 43 62 258
16847 44 153 258
16848 45 130 258
16849 46 240 258
16850 47 68 258
16851 48 25 258
16852 49 59 258
16853 50 170 258
16854 51 181 258
16855 52 132 258
16856 53 55 258
16857 54 109 258
16858 55 197 258
16859 56 192 258
16860 57 218 258
16861 58 77 258
16862 59 88 258
16863 60 172 258
16864 61 130 258
16865 62 74 258
16866 63 52 258
16867 64 253 258
16868 65 39 258
16869 66 73 258
16870 67 235 258
16871 68 47 258
16872 69 218 258
16873 70 29 258
16874 71 175 258
16875 72 126 258
16876 73 234 258
16877 74 25 258
16878 75 38 258
16879 76 99 258
16880 77 64 258
16881 78 17 258
16882 79 79 258
16883 80 46 258
16884 81 70 258
16885 82 68 258
16886 83 131 258
16887 84 113 258
16888 85 59 258
16889 86 104 258
16890 87 124 258
16891 88 75 258
16892 89 83 258
16893 90 157 258
16894 91 7 258
16895 92 255 258
16896 93 236 258
16897 94 219 258
16898 95 72 258
16899 96 209 258
16900 97 124 258
16901 98 112 258
16902 99 155 258
16903 100 115 258
16904 101 21 258
16905 102 152 258
16906 103 28 258
16907 104 255 258
16908 105 251 258
16909 106 219 258
16910 107 170 258
16911 108 43 258
16912 109 51 258
16913 110 56 258
16914 111 207 258
16915 112 243 258
16916 113 31 258
16917 114 58 258
16918 116 164 258
16919 0 48 259
16920 1 215 259
16921 2 204 259
16922 3 162 259
16923 4 110 259
16924 5 132 259
16925 6 191 259
16926 7 146 259
16927 8 105 259
16928 9 76 259
16929 0 134 260
16930 10 233 259
16931 11 122 259
16932 12 196 259
16933 13 36 259
16934 14 168 259
16935 15 22 259
16936 16 147 259
16937 17 54 259
16938 18 40 259
16939 19 200 259
16940 20 121 259
16941 21 137 259
16942 22 108 259
16943 23 160 259
16944 24 200 259
16945 25 224 259
16946 26 160 259
16947 27 159 259
16948 28 77 259
16949 29 2 259
16950 30 131 259
16951 31 244 259
16952 32 80 259
16953 33 25 259
16954 34 18 259
16955 35 10 259
16956 36 182 259
16957 37 33 259
16958 38 194 259
16959 39 150 259
16960 40 253 259
16961 41 95 259
16962 42 31 259
16963 43 226 259
16964 44 170 259
16965 45 175 259
16966 46 140 259
16967 47 82 259
16968 48 96 259
16969 49 104 259
16970 50 146 259
16971 51 183 259
16972 52 20 259
16973 53 158 259
16974 54 158 259
16975 55 207 259
16976 56 182 259
16977 57 18 259
16978 58 38 259
16979 59 164 259
16980 60 190 259
16981 61 113 259
16982 62 12 259
16983 63 39 259
16984 64 64 259
16985 65 150 259
16986 66 112 259
16987 67 137 259
16988 68 206 259
16989 69 10 259
16990 70 55 259
16991 71 9 259
16992 72 70 259
16993 73 243 259
16994 74 195 259
16995 75 160 259
16996 76 96 259
16997 77 177 259
16998 78 12 259
16999 79 143 259
17000 80 239 259
17001 81 74 259
17002 82 43 259
17003 83 11 259
17004 84 205 259
17005 85 248 259
17006 86 48 259
17007 87 59 259
17008 88 151 259
17009 89 118 259
17010 90 91 259
17011 91 238 259
17012 92 147 259
17013 93 164 259
17014 94 181 259
17015 95 100 259
17016 96 165 259
17017 97 148 259
17018 98 192 259
17019 99 204 259
17020 100 35 259
17021 101 77 259
17022 102 197 259
17023 103 100 259
17024 104 250 259
17025 105 104 259
17026 106 35 259
17027 107 220 259
17028 108 171 259
17029 109 181 259
17030 110 139 259
17031 111 26 259
17032 112 82 259
17033 113 59 259
17034 114 179 259
17035 115 143 259
17036 116 6 259
17037 117 49 259
17038 118 253 259
17039 121 223 259
17040 1 245 260
17041 2 50 260
17042 3 143 260
17043 4 55 260
17044 5 215 260
17045 6 221 260
17046 7 205 260
17047 8 163 260
17048 9 177 260
17049 10 113 260
17050 11 25 260
17051 12 148 260
17052 13 236 260
17053 14 102 260
17054 15 56 260
17055 16 132 260
17056 17 21 260
17057 18 102 260
17058 19 235 260
17059 20 59 260
17060 21 202 260
17061 22 217 260
17062 23 188 260
17063 24 119 260
17064 25 90 260
17065 26 71 260
17066 27 81 260
17067 28 131 260
17068 29 154 260
17069 30 212 260
17070 31 137 260
17071 32 26 260
17072 33 172 260
17073 34 24 260
17074 35 11 260
17075 36 133 260
17076 37 70 260
17077 38 163 260
17078 39 111 260
17079 40 171 260
17080 41 143 260
17081 42 167 260
17082 43 185 260
17083 44 207 260
17084 45 160 260
17085 46 189 260
17086 47 209 260
17087 48 37 260
17088 49 161 260
17089 50 129 260
17090 51 177 260
17091 52 218 260
17092 53 243 260
17093 54 173 260
17094 55 53 260
17095 56 15 260
17096 57 61 260
17097 58 53 260
17098 59 159 260
17099 60 220 260
17100 61 73 260
17101 62 219 260
17102 63 127 260
17103 64 84 260
17104 65 112 260
17105 66 130 260
17106 67 142 260
17107 68 56 260
17108 69 107 260
17109 70 157 260
17110 71 31 260
17111 72 27 260
17112 73 167 260
17113 74 147 260
17114 75 58 260
17115 76 240 260
17116 77 35 260
17117 78 74 260
17118 79 165 260
17119 80 53 260
17120 81 201 260
17121 82 24 260
17122 83 23 260
17123 84 88 260
17124 85 80 260
17125 86 127 260
17126 87 155 260
17127 88 125 260
17128 89 96 260
17129 90 171 260
17130 91 130 260
17131 92 160 260
17132 93 88 260
17133 94 111 260
17134 95 152 260
17135 96 65 260
17136 97 126 260
17137 98 164 260
17138 99 248 260
17139 100 9 260
17140 101 227 260
17141 102 108 260
17142 103 67 260
17143 104 57 260
17144 105 7 260
17145 106 24 260
17146 107 113 260
17147 108 129 260
17148 109 236 260
17149 110 30 260
17150 111 244 260
17151 112 138 260
17152 113 169 260
17153 114 17 260
17154 115 80 260
17155 116 163 260
17156 117 30 260
17157 118 188 260
17158 119 100 260
17159 120 109 260
17160 121 147 260
17161 122 214 260
17162 124 155 260
17163 0 183 261
17164 1 116 261
17165 2 223 261
17166 3 94 261
17167 4 3 261
17168 5 113 261
17169 6 23 261
17170 7 233 261
17171 8 228 261
17172 9 100 261
17173 10 161 261
17174 11 139 261
17175 12 239 261
17176 13 12 261
17177 14 141 261
17178 15 150 261
17179 16 168 261
17180 17 141 261
17181 18 87 261
17182 19 20 261
17183 20 143 261
17184 21 162 261
17185 22 7 261
17186 23 112 261
17187 24 115 261
17188 25 4 261
17189 26 209 261
17190 27 23 261
17191 28 124 261
17192 29 124 261
17193 30 101 261
17194 31 185 261
17195 32 13 261
17196 33 4 261
17197 34 235 261
17198 35 32 261
17199 36 216 261
17200 37 95 261
17201 38 37 261
17202 39 192 261
17203 40 11 261
17204 41 125 261
17205 42 238 261
17206 43 46 261
17207 44 4 261
17208 45 97 261
17209 46 227 261
17210 47 86 261
17211 48 63 261
17212 49 226 261
17213 50 26 261
17214 51 130 261
17215 52 133 261
17216 53 51 261
17217 54 130 261
17218 55 212 261
17219 56 151 261
17220 57 121 261
17221 58 230 261
17222 59 120 261
17223 60 166 261
17224 61 27 261
17225 62 51 261
17226 63 199 261
17227 64 230 261
17228 65 159 261
17229 66 2 261
17230 67 255 261
17231 68 165 261
17232 69 142 261
17233 70 66 261
17234 71 135 261
17235 72 28 261
17236 73 30 261
17237 74 24 261
17238 75 117 261
17239 76 220 261
17240 77 13 261
17241 78 231 261
17242 79 235 261
17243 80 193 261
17244 81 145 261
17245 82 25 261
17246 83 70 261
17247 84 212 261
17248 85 68 261
17249 86 223 261
17250 87 53 261
17251 88 72 261
17252 89 214 261
17253 90 150 261
17254 91 117 261
17255 92 118 261
17256 93 229 261
17257 94 53 261
17258 95 184 261
17259 96 36 261
17260 97 58 261
17261 98 214 261
17262 99 251 261
17263 100 47 261
17264 101 5 261
17265 102 27 261
17266 103 237 261
17267 104 220 261
17268 105 99 261
17269 106 213 261
17270 107 80 261
17271 108 219 261
17272 109 59 261
17273 110 247 261
17274 111 75 261
17275 112 1 261
17276 113 135 261
17277 114 163 261
17278 115 127 261
17279 116 238 261
17280 117 255 261
17281 118 94 261
17282 119 178 261
17283 120 190 261
17284 121 225 261
17285 122 82 261
17286 123 89 261
17287 124 109 261
17288 125 198 261
17289 126 52 261
17290 127 8 261
17291 130 124 261
17292 0 87 262
17293 1 78 262
17294 2 44 262
17295 3 106 262
17296 4 3 262
17297 5 190 262
17298 6 90 262
17299 7 62 262
17300 8 130 262
17301 9 3 262
17302 10 237 262
17303 11 21 262
17304 12 185 262
17305 13 8 262
17306 14 20 262
17307 15 217 262
17308 16 11 262
17309 17 158 262
17310 18 229 262
17311 19 206 262
17312 20 147 262
17313 21 206 262
17314 22 206 262
17315 23 180 262
17316 24 118 262
17317 25 27 262
17318 26 198 262
17319 27 190 262
17320 28 92 262
17321 29 165 262
17322 30 206 262
17323 31 11 262
17324 32 245 262
17325 33 56 262
17326 34 4 262
17327 35 14 262
17328 36 204 262
17329 37 150 262
17330 38 6 262
17331 39 157 262
17332 40 248 262
17333 41 189 262
17334 42 197 262
17335 43 161 262
17336 44 2 262
17337 45 99 262
17338 46 233 262
17339 47 56 262
17340 48 71 262
17341 49 247 262
17342 50 213 262
17343 51 28 262
17344 52 17 262
17345 53 123 262
17346 54 163 262
17347 55 169 262
17348 56 179 262
17349 58 103 262
17350 57 180 262
17351 59 58 262
17352 60 173 262
17353 61 82 262
17354 62 139 262
17355 63 89 262
17356 64 60 262
17357 65 57 262
17358 66 224 262
17359 67 49 262
17360 68 40 262
17361 69 216 262
17362 70 44 262
17363 71 192 262
17364 72 71 262
17365 73 7 262
17366 74 140 262
17367 75 80 262
17368 76 155 262
17369 77 218 262
17370 78 126 262
17371 79 161 262
17372 80 165 262
17373 81 127 262
17374 82 226 262
17375 83 237 262
17376 84 47 262
17377 85 240 262
17378 86 229 262
17379 87 221 262
17380 88 59 262
17381 89 76 262
17382 90 146 262
17383 91 192 262
17384 92 117 262
17385 93 86 262
17386 94 25 262
17387 95 148 262
17388 96 131 262
17389 97 58 262
17390 98 197 262
17391 99 17 262
17392 100 89 262
17393 101 110 262
17394 102 146 262
17395 103 34 262
17396 104 93 262
17397 105 162 262
17398 106 65 262
17399 107 119 262
17400 108 20 262
17401 109 74 262
17402 110 241 262
17403 111 156 262
17404 112 99 262
17405 113 136 262
17406 114 8 262
17407 115 124 262
17408 116 113 262
17409 117 149 262
17410 118 45 262
17411 119 119 262
17412 120 5 262
17413 121 215 262
17414 122 62 262
17415 123 8 262
17416 124 45 262
17417 125 57 262
17418 126 211 262
17419 127 161 262
17420 128 60 262
17421 129 111 262
17422 130 20 262
17423 131 183 262
17424 0 50 263
17425 1 128 263
17426 2 224 263
17427 3 193 263
17428 4 56 263
17429 5 97 263
17430 6 141 263
17431 7 179 263
17432 8 30 263
17433 9 23 263
17434 10 99 263
17435 11 33 263
17436 12 19 263
17437 13 8 263
17438 14 126 263
17439 15 68 263
17440 16 199 263
17441 17 201 263
17442 18 117 263
17443 19 46 263
17444 20 48 263
17445 21 33 263
17446 22 212 263
17447 23 32 263
17448 24 217 263
17449 25 21 263
17450 26 69 263
17451 27 27 263
17452 28 47 263
17453 29 23 263
17454 30 225 263
17455 31 66 263
17456 32 250 263
17457 33 87 263
17458 34 55 263
17459 35 10 263
17460 36 68 263
17461 37 202 263
17462 38 110 263
17463 39 119 263
17464 40 240 263
17465 41 250 263
17466 42 162 263
17467 43 47 263
17468 44 3 263
17469 45 73 263
17470 46 114 263
17471 47 255 263
17472 48 93 263
17473 49 88 263
17474 50 86 263
17475 51 226 263
17476 52 49 263
17477 53 102 263
17478 54 209 263
17479 55 243 263
17480 56 179 263
17481 57 208 263
17482 58 111 263
17483 59 156 263
17484 60 135 263
17485 61 161 263
17486 62 183 263
17487 63 119 263
17488 64 182 263
17489 65 126 263
17490 66 75 263
17491 67 244 263
17492 68 118 263
17493 69 72 263
17494 70 103 263
17495 71 255 263
17496 72 130 263
17497 73 222 263
17498 74 249 263
17499 75 79 263
17500 76 174 263
17501 77 118 263
17502 78 205 263
17503 79 193 263
17504 80 81 263
17505 81 19 263
17506 82 17 263
17507 83 240 263
17508 84 238 263
17509 85 25 263
17510 86 118 263
17511 87 150 263
17512 88 205 263
17513 89 11 263
17514 90 211 263
17515 91 52 263
17516 92 74 263
17517 93 34 263
17518 94 32 263
17519 95 181 263
17520 96 28 263
17521 97 118 263
17522 98 123 263
17523 99 136 263
17524 100 45 263
17525 101 71 263
17526 102 124 263
17527 103 88 263
17528 104 167 263
17529 105 172 263
weights 264 264 264 264 264 264 264 264 264 264 264 264 264 264 264 264 264 264 264 264 264 264 264 264 264 264 264 264 264 264 264 264 264 264 264 264 264 264 264 264 264 264 264 264 264 264 264 264 264 264 264 264 264 264 264 264 264 264 264 264 264 264 264 264 264 264 264 264 264 264 264 264 264 264 264 264 264 264 264 264 264 264 264 264 264 264 264 264 264 264 264 264 264 264 264 264 264 264 264 264 264 264 264 264 264 264 263 263 263 263 263 263 263 263 263 263 263 263 263 263 263 263 263 263 263 263 263 263 263 263 263 263
