257 113 13062
0 0 1 0
1 0 1 1
2 0 1 2
3 0 1 3
4 0 1 4
5 0 1 5
6 0 1 6
7 0 1 7
8 0 1 8
9 0 1 9
10 0 1 10
11 0 1 11
12 0 1 12
13 0 1 13
14 0 1 14
15 0 1 15
16 0 1 16
17 0 1 17
18 0 1 18
19 0 1 19
20 0 1 20
21 0 1 21
22 0 1 22
23 0 1 23
24 0 1 24
25 0 1 25
26 0 1 26
27 0 1 27
28 0 1 28
29 0 1 29
30 0 1 30
31 0 1 31
32 0 1 32
33 0 1 33
34 0 1 34
35 0 1 35
36 0 1 36
37 0 1 37
38 0 1 38
39 0 1 39
40 0 1 40
41 0 1 41
42 0 1 42
43 0 1 43
44 0 1 44
45 0 1 45
46 0 1 46
47 0 1 47
48 0 1 48
49 0 1 49
50 0 1 50
51 0 1 51
52 0 1 52
53 0 1 53
54 0 1 54
55 0 1 55
56 0 1 56
57 0 1 57
58 1 1 2
59 1 1 3
60 1 1 4
61 1 1 5
62 1 1 6
63 1 1 7
64 1 1 8
65 1 1 9
66 1 1 10
67 1 1 11
68 1 1 12
69 1 1 13
70 1 1 14
71 1 1 15
72 1 1 16
73 1 1 17
74 1 1 18
75 1 1 19
76 1 1 20
77 1 1 21
78 1 1 22
79 1 1 23
80 1 1 24
81 1 1 25
82 1 1 26
83 1 1 27
84 1 1 28
85 1 1 29
86 1 1 30
87 1 1 31
88 1 1 32
89 1 1 33
90 1 1 34
91 1 1 35
92 1 1 36
93 1 1 37
94 1 1 38
95 1 1 39
96 1 1 40
97 1 1 41
98 1 1 42
99 1 1 43
100 1 1 44
101 1 1 45
102 1 1 46
103 1 1 47
104 1 1 48
105 1 1 49
106 1 1 50
107 1 1 51
108 1 1 52
109 1 1 53
110 1 1 54
111 1 1 55
112 1 1 56
113 1 1 57
114 1 1 58
115 2 1 4
116 2 1 5
117 2 1 6
118 2 1 7
119 2 1 8
120 2 1 9
121 2 1 10
122 2 1 11
123 2 1 12
124 2 1 13
125 2 1 14
126 2 1 15
127 2 1 16
128 2 1 17
129 2 1 18
130 2 1 19
131 2 1 20
132 2 1 21
133 2 1 22
134 2 1 23
135 2 1 24
136 2 1 25
137 2 1 26
138 2 1 27
139 2 1 28
140 2 1 29
141 2 1 30
142 2 1 31
143 2 1 32
144 2 1 33
145 2 1 34
146 2 1 35
147 2 1 36
148 2 1 37
149 2 1 38
150 2 1 39
151 2 1 40
152 2 1 41
153 2 1 42
154 2 1 43
155 2 1 44
156 2 1 45
157 2 1 46
158 2 1 47
159 2 1 48
160 2 1 49
161 2 1 50
162 2 1 51
163 2 1 52
164 2 1 53
165 2 1 54
166 2 1 55
167 2 1 56
168 2 1 57
169 2 1 58
170 2 1 59
171 3 1 6
172 3 1 7
173 3 1 8
174 3 1 9
175 3 1 10
176 3 1 11
177 3 1 12
178 3 1 13
179 3 1 14
180 3 1 15
181 3 1 16
182 3 1 17
183 3 1 18
184 3 1 19
185 3 1 20
186 3 1 21
187 3 1 22
188 3 1 23
189 3 1 24
190 3 1 25
191 3 1 26
192 3 1 27
193 3 1 28
194 3 1 29
195 3 1 30
196 3 1 31
197 3 1 32
198 3 1 33
199 3 1 34
200 3 1 35
201 3 1 36
202 3 1 37
203 3 1 38
204 3 1 39
205 3 1 40
206 3 1 41
207 3 1 42
208 3 1 43
209 3 1 44
210 3 1 45
211 3 1 46
212 3 1 47
213 3 1 48
214 3 1 49
215 3 1 50
216 3 1 51
217 3 1 52
218 3 1 53
219 3 1 54
220 3 1 55
221 3 1 56
222 3 1 57
223 3 1 58
224 3 1 59
225 3 1 60
226 4 1 8
227 4 1 9
228 4 1 10
229 4 1 11
230 4 1 12
231 4 1 13
232 4 1 14
233 4 1 15
234 4 1 16
235 4 1 17
236 4 1 18
237 4 1 19
238 4 1 20
239 4 1 21
240 4 1 22
241 4 1 23
242 4 1 24
243 4 1 25
244 4 1 26
245 4 1 27
246 4 1 28
247 4 1 29
248 4 1 30
249 4 1 31
250 4 1 32
251 4 1 33
252 4 1 34
253 4 1 35
254 4 1 36
255 4 1 37
256 4 1 38
257 4 1 39
258 4 1 40
259 4 1 41
260 4 1 42
261 4 1 43
262 4 1 44
263 4 1 45
264 4 1 46
265 4 1 47
266 4 1 48
267 4 1 49
268 4 1 50
269 4 1 51
270 4 1 52
271 4 1 53
272 4 1 54
273 4 1 55
274 4 1 56
275 4 1 57
276 4 1 58
277 4 1 59
278 4 1 60
279 4 1 61
280 5 1 10
281 5 1 11
282 5 1 12
283 5 1 13
284 5 1 14
285 5 1 15
286 5 1 16
287 5 1 17
288 5 1 18
289 5 1 19
290 5 1 20
291 5 1 21
292 5 1 22
293 5 1 23
294 5 1 24
295 5 1 25
296 5 1 26
297 5 1 27
298 5 1 28
299 5 1 29
300 5 1 30
301 5 1 31
302 5 1 32
303 5 1 33
304 5 1 34
305 5 1 35
306 5 1 36
307 5 1 37
308 5 1 38
309 5 1 39
310 5 1 40
311 5 1 41
312 5 1 42
313 5 1 43
314 5 1 44
315 5 1 45
316 5 1 46
317 5 1 47
318 5 1 48
319 5 1 49
320 5 1 50
321 5 1 51
322 5 1 52
323 5 1 53
324 5 1 54
325 5 1 55
326 5 1 56
327 5 1 57
328 5 1 58
329 5 1 59
330 5 1 60
331 5 1 61
332 5 1 62
333 6 1 12
334 6 1 13
335 6 1 14
336 6 1 15
337 6 1 16
338 6 1 17
339 6 1 18
340 6 1 19
341 6 1 20
342 6 1 21
343 6 1 22
344 6 1 23
345 6 1 24
346 6 1 25
347 6 1 26
348 6 1 27
349 6 1 28
350 6 1 29
351 6 1 30
352 6 1 31
353 6 1 32
354 6 1 33
355 6 1 34
356 6 1 35
357 6 1 36
358 6 1 37
359 6 1 38
360 6 1 39
361 6 1 40
362 6 1 41
363 6 1 42
364 6 1 43
365 6 1 44
366 6 1 45
367 6 1 46
368 6 1 47
369 6 1 48
370 6 1 49
371 6 1 50
372 6 1 51
373 6 1 52
374 6 1 53
375 6 1 54
376 6 1 55
377 6 1 56
378 6 1 57
379 6 1 58
380 6 1 59
381 6 1 60
382 6 1 61
383 6 1 62
384 6 1 63
385 7 1 14
386 7 1 15
387 7 1 16
388 7 1 17
389 7 1 18
390 7 1 19
391 7 1 20
392 7 1 21
393 7 1 22
394 7 1 23
395 7 1 24
396 7 1 25
397 7 1 26
398 7 1 27
399 7 1 28
400 7 1 29
401 7 1 30
402 7 1 31
403 7 1 32
404 7 1 33
405 7 1 34
406 7 1 35
407 7 1 36
408 7 1 37
409 7 1 38
410 7 1 39
411 7 1 40
412 7 1 41
413 7 1 42
414 7 1 43
415 7 1 44
416 7 1 45
417 7 1 46
418 7 1 47
419 7 1 48
420 7 1 49
421 7 1 50
422 7 1 51
423 7 1 52
424 7 1 53
425 7 1 54
426 7 1 55
427 7 1 56
428 7 1 57
429 7 1 58
430 7 1 59
431 7 1 60
432 7 1 61
433 7 1 62
434 7 1 63
435 7 1 64
436 8 1 16
437 8 1 17
438 8 1 18
439 8 1 19
440 8 1 20
441 8 1 21
442 8 1 22
443 8 1 23
444 8 1 24
445 8 1 25
446 8 1 26
447 8 1 27
448 8 1 28
449 8 1 29
450 8 1 30
451 8 1 31
452 8 1 32
453 8 1 33
454 8 1 34
455 8 1 35
456 8 1 36
457 8 1 37
458 8 1 38
459 8 1 39
460 8 1 40
461 8 1 41
462 8 1 42
463 8 1 43
464 8 1 44
465 8 1 45
466 8 1 46
467 8 1 47
468 8 1 48
469 8 1 49
470 8 1 50
471 8 1 51
472 8 1 52
473 8 1 53
474 8 1 54
475 8 1 55
476 8 1 56
477 8 1 57
478 8 1 58
479 8 1 59
480 8 1 60
481 8 1 61
482 8 1 62
483 8 1 63
484 8 1 64
485 8 1 65
486 9 1 18
487 9 1 19
488 9 1 20
489 9 1 21
490 9 1 22
491 9 1 23
492 9 1 24
493 9 1 25
494 9 1 26
495 9 1 27
496 9 1 28
497 9 1 29
498 9 1 30
499 9 1 31
500 9 1 32
501 9 1 33
502 9 1 34
503 9 1 35
504 9 1 36
505 9 1 37
506 9 1 38
507 9 1 39
508 9 1 40
509 9 1 41
510 9 1 42
511 9 1 43
512 9 1 44
513 9 1 45
514 9 1 46
515 9 1 47
516 9 1 48
517 9 1 49
518 9 1 50
519 9 1 51
520 9 1 52
521 9 1 53
522 9 1 54
523 9 1 55
524 9 1 56
525 9 1 57
526 9 1 58
527 9 1 59
528 9 1 60
529 9 1 61
530 9 1 62
531 9 1 63
532 9 1 64
533 9 1 65
534 9 1 66
535 10 1 20
536 10 1 21
537 10 1 22
538 10 1 23
539 10 1 24
540 10 1 25
541 10 1 26
542 10 1 27
543 10 1 28
544 10 1 29
545 10 1 30
546 10 1 31
547 10 1 32
548 10 1 33
549 10 1 34
550 10 1 35
551 10 1 36
552 10 1 37
553 10 1 38
554 10 1 39
555 10 1 40
556 10 1 41
557 10 1 42
558 10 1 43
559 10 1 44
560 10 1 45
561 10 1 46
562 10 1 47
563 10 1 48
564 10 1 49
565 10 1 50
566 10 1 51
567 10 1 52
568 10 1 53
569 10 1 54
570 10 1 55
571 10 1 56
572 10 1 57
573 10 1 58
574 10 1 59
575 10 1 60
576 10 1 61
577 10 1 62
578 10 1 63
579 10 1 64
580 10 1 65
581 10 1 66
582 10 1 67
583 11 1 22
584 11 1 23
585 11 1 24
586 11 1 25
587 11 1 26
588 11 1 27
589 11 1 28
590 11 1 29
591 11 1 30
592 11 1 31
593 11 1 32
594 11 1 33
595 11 1 34
596 11 1 35
597 11 1 36
598 11 1 37
599 11 1 38
600 11 1 39
601 11 1 40
602 11 1 41
603 11 1 42
604 11 1 43
605 11 1 44
606 11 1 45
607 11 1 46
608 11 1 47
609 11 1 48
610 11 1 49
611 11 1 50
612 11 1 51
613 11 1 52
614 11 1 53
615 11 1 54
616 11 1 55
617 11 1 56
618 11 1 57
619 11 1 58
620 11 1 59
621 11 1 60
622 11 1 61
623 11 1 62
624 11 1 63
625 11 1 64
626 11 1 65
627 11 1 66
628 11 1 67
629 11 1 68
630 12 1 24
631 12 1 25
632 12 1 26
633 12 1 27
634 12 1 28
635 12 1 29
636 12 1 30
637 12 1 31
638 12 1 32
639 12 1 33
640 12 1 34
641 12 1 35
642 12 1 36
643 12 1 37
644 12 1 38
645 12 1 39
646 12 1 40
647 12 1 41
648 12 1 42
649 12 1 43
650 12 1 44
651 12 1 45
652 12 1 46
653 12 1 47
654 12 1 48
655 12 1 49
656 12 1 50
657 12 1 51
658 12 1 52
659 12 1 53
660 12 1 54
661 12 1 55
662 12 1 56
663 12 1 57
664 12 1 58
665 12 1 59
666 12 1 60
667 12 1 61
668 12 1 62
669 12 1 63
670 12 1 64
671 12 1 65
672 12 1 66
673 12 1 67
674 12 1 68
675 12 1 69
676 13 1 26
677 13 1 27
678 13 1 28
679 13 1 29
680 13 1 30
681 13 1 31
682 13 1 32
683 13 1 33
684 13 1 34
685 13 1 35
686 13 1 36
687 13 1 37
688 13 1 38
689 13 1 39
690 13 1 40
691 13 1 41
692 13 1 42
693 13 1 43
694 13 1 44
695 13 1 45
696 13 1 46
697 13 1 47
698 13 1 48
699 13 1 49
700 13 1 50
701 13 1 51
702 13 1 52
703 13 1 53
704 13 1 54
705 13 1 55
706 13 1 56
707 13 1 57
708 13 1 58
709 13 1 59
710 13 1 60
711 13 1 61
712 13 1 62
713 13 1 63
714 13 1 64
715 13 1 65
716 13 1 66
717 13 1 67
718 13 1 68
719 13 1 69
720 13 1 70
721 14 1 28
722 14 1 29
723 14 1 30
724 14 1 31
725 14 1 32
726 14 1 33
727 14 1 34
728 14 1 35
729 14 1 36
730 14 1 37
731 14 1 38
732 14 1 39
733 14 1 40
734 14 1 41
735 14 1 42
736 14 1 43
737 14 1 44
738 14 1 45
739 14 1 46
740 14 1 47
741 14 1 48
742 14 1 49
743 14 1 50
744 14 1 51
745 14 1 52
746 14 1 53
747 14 1 54
748 14 1 55
749 14 1 56
750 14 1 57
751 14 1 58
752 14 1 59
753 14 1 60
754 14 1 61
755 14 1 62
756 14 1 63
757 14 1 64
758 14 1 65
759 14 1 66
760 14 1 67
761 14 1 68
762 14 1 69
763 14 1 70
764 14 1 71
765 15 1 30
766 15 1 31
767 15 1 32
768 15 1 33
769 15 1 34
770 15 1 35
771 15 1 36
772 15 1 37
773 15 1 38
774 15 1 39
775 15 1 40
776 15 1 41
777 15 1 42
778 15 1 43
779 15 1 44
780 15 1 45
781 15 1 46
782 15 1 47
783 15 1 48
784 15 1 49
785 15 1 50
786 15 1 51
787 15 1 52
788 15 1 53
789 15 1 54
790 15 1 55
791 15 1 56
792 15 1 57
793 15 1 58
794 15 1 59
795 15 1 60
796 15 1 61
797 15 1 62
798 15 1 63
799 15 1 64
800 15 1 65
801 15 1 66
802 15 1 67
803 15 1 68
804 15 1 69
805 15 1 70
806 15 1 71
807 15 1 72
808 16 1 32
809 16 1 33
810 16 1 34
811 16 1 35
812 16 1 36
813 16 1 37
814 16 1 38
815 16 1 39
816 16 1 40
817 16 1 41
818 16 1 42
819 16 1 43
820 16 1 44
821 16 1 45
822 16 1 46
823 16 1 47
824 16 1 48
825 16 1 49
826 16 1 50
827 16 1 51
828 16 1 52
829 16 1 53
830 16 1 54
831 16 1 55
832 16 1 56
833 16 1 57
834 16 1 58
835 16 1 59
836 16 1 60
837 16 1 61
838 16 1 62
839 16 1 63
840 16 1 64
841 16 1 65
842 16 1 66
843 16 1 67
844 16 1 68
845 16 1 69
846 16 1 70
847 16 1 71
848 16 1 72
849 16 1 73
850 17 1 34
851 17 1 35
852 17 1 36
853 17 1 37
854 17 1 38
855 17 1 39
856 17 1 40
857 17 1 41
858 17 1 42
859 17 1 43
860 17 1 44
861 17 1 45
862 17 1 46
863 17 1 47
864 17 1 48
865 17 1 49
866 17 1 50
867 17 1 51
868 17 1 52
869 17 1 53
870 17 1 54
871 17 1 55
872 17 1 56
873 17 1 57
874 17 1 58
875 17 1 59
876 17 1 60
877 17 1 61
878 17 1 62
879 17 1 63
880 17 1 64
881 17 1 65
882 17 1 66
883 17 1 67
884 17 1 68
885 17 1 69
886 17 1 70
887 17 1 71
888 17 1 72
889 17 1 73
890 17 1 74
891 18 1 36
892 18 1 37
893 18 1 38
894 18 1 39
895 18 1 40
896 18 1 41
897 18 1 42
898 18 1 43
899 18 1 44
900 18 1 45
901 18 1 46
902 18 1 47
903 18 1 48
904 18 1 49
905 18 1 50
906 18 1 51
907 18 1 52
908 18 1 53
909 18 1 54
910 18 1 55
911 18 1 56
912 18 1 57
913 18 1 58
914 18 1 59
915 18 1 60
916 18 1 61
917 18 1 62
918 18 1 63
919 18 1 64
920 18 1 65
921 18 1 66
922 18 1 67
923 18 1 68
924 18 1 69
925 18 1 70
926 18 1 71
927 18 1 72
928 18 1 73
929 18 1 74
930 18 1 75
931 19 1 38
932 19 1 39
933 19 1 40
934 19 1 41
935 19 1 42
936 19 1 43
937 19 1 44
938 19 1 45
939 19 1 46
940 19 1 47
941 19 1 48
942 19 1 49
943 19 1 50
944 19 1 51
945 19 1 52
946 19 1 53
947 19 1 54
948 19 1 55
949 19 1 56
950 19 1 57
951 19 1 58
952 19 1 59
953 19 1 60
954 19 1 61
955 19 1 62
956 19 1 63
957 19 1 64
958 19 1 65
959 19 1 66
960 19 1 67
961 19 1 68
962 19 1 69
963 19 1 70
964 19 1 71
965 19 1 72
966 19 1 73
967 19 1 74
968 19 1 75
969 19 1 76
970 20 1 40
971 20 1 41
972 20 1 42
973 20 1 43
974 20 1 44
975 20 1 45
976 20 1 46
977 20 1 47
978 20 1 48
979 20 1 49
980 20 1 50
981 20 1 51
982 20 1 52
983 20 1 53
984 20 1 54
985 20 1 55
986 20 1 56
987 20 1 57
988 20 1 58
989 20 1 59
990 20 1 60
991 20 1 61
992 20 1 62
993 20 1 63
994 20 1 64
995 20 1 65
996 20 1 66
997 20 1 67
998 20 1 68
999 20 1 69
1000 20 1 70
1001 20 1 71
1002 20 1 72
1003 20 1 73
1004 20 1 74
1005 20 1 75
1006 20 1 76
1007 20 1 77
1008 21 1 42
1009 21 1 43
1010 21 1 44
1011 21 1 45
1012 21 1 46
1013 21 1 47
1014 21 1 48
1015 21 1 49
1016 21 1 50
1017 21 1 51
1018 21 1 52
1019 21 1 53
1020 21 1 54
1021 21 1 55
1022 21 1 56
1023 21 1 57
1024 21 1 58
1025 21 1 59
1026 21 1 60
1027 21 1 61
1028 21 1 62
1029 21 1 63
1030 21 1 64
1031 21 1 65
1032 21 1 66
1033 21 1 67
1034 21 1 68
1035 21 1 69
1036 21 1 70
1037 21 1 71
1038 21 1 72
1039 21 1 73
1040 21 1 74
1041 21 1 75
1042 21 1 76
1043 21 1 77
1044 21 1 78
1045 22 1 44
1046 22 1 45
1047 22 1 46
1048 22 1 47
1049 22 1 48
1050 22 1 49
1051 22 1 50
1052 22 1 51
1053 22 1 52
1054 22 1 53
1055 22 1 54
1056 22 1 55
1057 22 1 56
1058 22 1 57
1059 22 1 58
1060 22 1 59
1061 22 1 60
1062 22 1 61
1063 22 1 62
1064 22 1 63
1065 22 1 64
1066 22 1 65
1067 22 1 66
1068 22 1 67
1069 22 1 68
1070 22 1 69
1071 22 1 70
1072 22 1 71
1073 22 1 72
1074 22 1 73
1075 22 1 74
1076 22 1 75
1077 22 1 76
1078 22 1 77
1079 22 1 78
1080 22 1 79
1081 23 1 46
1082 23 1 47
1083 23 1 48
1084 23 1 49
1085 23 1 50
1086 23 1 51
1087 23 1 52
1088 23 1 53
1089 23 1 54
1090 23 1 55
1091 23 1 56
1092 23 1 57
1093 23 1 58
1094 23 1 59
1095 23 1 60
1096 23 1 61
1097 23 1 62
1098 23 1 63
1099 23 1 64
1100 23 1 65
1101 23 1 66
1102 23 1 67
1103 23 1 68
1104 23 1 69
1105 23 1 70
1106 23 1 71
1107 23 1 72
1108 23 1 73
1109 23 1 74
1110 23 1 75
1111 23 1 76
1112 23 1 77
1113 23 1 78
1114 23 1 79
1115 23 1 80
1116 24 1 48
1117 24 1 49
1118 24 1 50
1119 24 1 51
1120 24 1 52
1121 24 1 53
1122 24 1 54
1123 24 1 55
1124 24 1 56
1125 24 1 57
1126 24 1 58
1127 24 1 59
1128 24 1 60
1129 24 1 61
1130 24 1 62
1131 24 1 63
1132 24 1 64
1133 24 1 65
1134 24 1 66
1135 24 1 67
1136 24 1 68
1137 24 1 69
1138 24 1 70
1139 24 1 71
1140 24 1 72
1141 24 1 73
1142 24 1 74
1143 24 1 75
1144 24 1 76
1145 24 1 77
1146 24 1 78
1147 24 1 79
1148 24 1 80
1149 24 1 81
1150 25 1 50
1151 25 1 51
1152 25 1 52
1153 25 1 53
1154 25 1 54
1155 25 1 55
1156 25 1 56
1157 25 1 57
1158 25 1 58
1159 25 1 59
1160 25 1 60
1161 25 1 61
1162 25 1 62
1163 25 1 63
1164 25 1 64
1165 25 1 65
1166 25 1 66
1167 25 1 67
1168 25 1 68
1169 25 1 69
1170 25 1 70
1171 25 1 71
1172 25 1 72
1173 25 1 73
1174 25 1 74
1175 25 1 75
1176 25 1 76
1177 25 1 77
1178 25 1 78
1179 25 1 79
1180 25 1 80
1181 25 1 81
1182 25 1 82
1183 26 1 52
1184 26 1 53
1185 26 1 54
1186 26 1 55
1187 26 1 56
1188 26 1 57
1189 26 1 58
1190 26 1 59
1191 26 1 60
1192 26 1 61
1193 26 1 62
1194 26 1 63
1195 26 1 64
1196 26 1 65
1197 26 1 66
1198 26 1 67
1199 26 1 68
1200 26 1 69
1201 26 1 70
1202 26 1 71
1203 26 1 72
1204 26 1 73
1205 26 1 74
1206 26 1 75
1207 26 1 76
1208 26 1 77
1209 26 1 78
1210 26 1 79
1211 26 1 80
1212 26 1 81
1213 26 1 82
1214 26 1 83
1215 27 1 54
1216 27 1 55
1217 27 1 56
1218 27 1 57
1219 27 1 58
1220 27 1 59
1221 27 1 60
1222 27 1 61
1223 27 1 62
1224 27 1 63
1225 27 1 64
1226 27 1 65
1227 27 1 66
1228 27 1 67
1229 27 1 68
1230 27 1 69
1231 27 1 70
1232 27 1 71
1233 27 1 72
1234 27 1 73
1235 27 1 74
1236 27 1 75
1237 27 1 76
1238 27 1 77
1239 27 1 78
1240 27 1 79
1241 27 1 80
1242 27 1 81
1243 27 1 82
1244 27 1 83
1245 27 1 84
1246 28 1 56
1247 28 1 57
1248 28 1 58
1249 28 1 59
1250 28 1 60
1251 28 1 61
1252 28 1 62
1253 28 1 63
1254 28 1 64
1255 28 1 65
1256 28 1 66
1257 28 1 67
1258 28 1 68
1259 28 1 69
1260 28 1 70
1261 28 1 71
1262 28 1 72
1263 28 1 73
1264 28 1 74
1265 28 1 75
1266 28 1 76
1267 28 1 77
1268 28 1 78
1269 28 1 79
1270 28 1 80
1271 28 1 81
1272 28 1 82
1273 28 1 83
1274 28 1 84
1275 28 1 85
1276 29 1 58
1277 29 1 59
1278 29 1 60
1279 29 1 61
1280 29 1 62
1281 29 1 63
1282 29 1 64
1283 29 1 65
1284 29 1 66
1285 29 1 67
1286 29 1 68
1287 29 1 69
1288 29 1 70
1289 29 1 71
1290 29 1 72
1291 29 1 73
1292 29 1 74
1293 29 1 75
1294 29 1 76
1295 29 1 77
1296 29 1 78
1297 29 1 79
1298 29 1 80
1299 29 1 81
1300 29 1 82
1301 29 1 83
1302 29 1 84
1303 29 1 85
1304 29 1 86
1305 30 1 60
1306 30 1 61
1307 30 1 62
1308 30 1 63
1309 30 1 64
1310 30 1 65
1311 30 1 66
1312 30 1 67
1313 30 1 68
1314 30 1 69
1315 30 1 70
1316 30 1 71
1317 30 1 72
1318 30 1 73
1319 30 1 74
1320 30 1 75
1321 30 1 76
1322 30 1 77
1323 30 1 78
1324 30 1 79
1325 30 1 80
1326 30 1 81
1327 30 1 82
1328 30 1 83
1329 30 1 84
1330 30 1 85
1331 30 1 86
1332 30 1 87
1333 31 1 62
1334 31 1 63
1335 31 1 64
1336 31 1 65
1337 31 1 66
1338 31 1 67
1339 31 1 68
1340 31 1 69
1341 31 1 70
1342 31 1 71
1343 31 1 72
1344 31 1 73
1345 31 1 74
1346 31 1 75
1347 31 1 76
1348 31 1 77
1349 31 1 78
1350 31 1 79
1351 31 1 80
1352 31 1 81
1353 31 1 82
1354 31 1 83
1355 31 1 84
1356 31 1 85
1357 31 1 86
1358 31 1 87
1359 31 1 88
1360 32 1 64
1361 32 1 65
1362 32 1 66
1363 32 1 67
1364 32 1 68
1365 32 1 69
1366 32 1 70
1367 32 1 71
1368 32 1 72
1369 32 1 73
1370 32 1 74
1371 32 1 75
1372 32 1 76
1373 32 1 77
1374 32 1 78
1375 32 1 79
1376 32 1 80
1377 32 1 81
1378 32 1 82
1379 32 1 83
1380 32 1 84
1381 32 1 85
1382 32 1 86
1383 32 1 87
1384 32 1 88
1385 32 1 89
1386 33 1 66
1387 33 1 67
1388 33 1 68
1389 33 1 69
1390 33 1 70
1391 33 1 71
1392 33 1 72
1393 33 1 73
1394 33 1 74
1395 33 1 75
1396 33 1 76
1397 33 1 77
1398 33 1 78
1399 33 1 79
1400 33 1 80
1401 33 1 81
1402 33 1 82
1403 33 1 83
1404 33 1 84
1405 33 1 85
1406 33 1 86
1407 33 1 87
1408 33 1 88
1409 33 1 89
1410 33 1 90
1411 34 1 68
1412 34 1 69
1413 34 1 70
1414 34 1 71
1415 34 1 72
1416 34 1 73
1417 34 1 74
1418 34 1 75
1419 34 1 76
1420 34 1 77
1421 34 1 78
1422 34 1 79
1423 34 1 80
1424 34 1 81
1425 34 1 82
1426 34 1 83
1427 34 1 84
1428 34 1 85
1429 34 1 86
1430 34 1 87
1431 34 1 88
1432 34 1 89
1433 34 1 90
1434 34 1 91
1435 35 1 70
1436 35 1 71
1437 35 1 72
1438 35 1 73
1439 35 1 74
1440 35 1 75
1441 35 1 76
1442 35 1 77
1443 35 1 78
1444 35 1 79
1445 35 1 80
1446 35 1 81
1447 35 1 82
1448 35 1 83
1449 35 1 84
1450 35 1 85
1451 35 1 86
1452 35 1 87
1453 35 1 88
1454 35 1 89
1455 35 1 90
1456 35 1 91
1457 35 1 92
1458 36 1 72
1459 36 1 73
1460 36 1 74
1461 36 1 75
1462 36 1 76
1463 36 1 77
1464 36 1 78
1465 36 1 79
1466 36 1 80
1467 36 1 81
1468 36 1 82
1469 36 1 83
1470 36 1 84
1471 36 1 85
1472 36 1 86
1473 36 1 87
1474 36 1 88
1475 36 1 89
1476 36 1 90
1477 36 1 91
1478 36 1 92
1479 36 1 93
1480 37 1 74
1481 37 1 75
1482 37 1 76
1483 37 1 77
1484 37 1 78
1485 37 1 79
1486 37 1 80
1487 37 1 81
1488 37 1 82
1489 37 1 83
1490 37 1 84
1491 37 1 85
1492 37 1 86
1493 37 1 87
1494 37 1 88
1495 37 1 89
1496 37 1 90
1497 37 1 91
1498 37 1 92
1499 37 1 93
1500 37 1 94
1501 38 1 76
1502 38 1 77
1503 38 1 78
1504 38 1 79
1505 38 1 80
1506 38 1 81
1507 38 1 82
1508 38 1 83
1509 38 1 84
1510 38 1 85
1511 38 1 86
1512 38 1 87
1513 38 1 88
1514 38 1 89
1515 38 1 90
1516 38 1 91
1517 38 1 92
1518 38 1 93
1519 38 1 94
1520 38 1 95
1521 39 1 78
1522 39 1 79
1523 39 1 80
1524 39 1 81
1525 39 1 82
1526 39 1 83
1527 39 1 84
1528 39 1 85
1529 39 1 86
1530 39 1 87
1531 39 1 88
1532 39 1 89
1533 39 1 90
1534 39 1 91
1535 39 1 92
1536 39 1 93
1537 39 1 94
1538 39 1 95
1539 39 1 96
1540 40 1 80
1541 40 1 81
1542 40 1 82
1543 40 1 83
1544 40 1 84
1545 40 1 85
1546 40 1 86
1547 40 1 87
1548 40 1 88
1549 40 1 89
1550 40 1 90
1551 40 1 91
1552 40 1 92
1553 40 1 93
1554 40 1 94
1555 40 1 95
1556 40 1 96
1557 40 1 97
1558 41 1 82
1559 41 1 83
1560 41 1 84
1561 41 1 85
1562 41 1 86
1563 41 1 87
1564 41 1 88
1565 41 1 89
1566 41 1 90
1567 41 1 91
1568 41 1 92
1569 41 1 93
1570 41 1 94
1571 41 1 95
1572 41 1 96
1573 41 1 97
1574 41 1 98
1575 42 1 84
1576 42 1 85
1577 42 1 86
1578 42 1 87
1579 42 1 88
1580 42 1 89
1581 42 1 90
1582 42 1 91
1583 42 1 92
1584 42 1 93
1585 42 1 94
1586 42 1 95
1587 42 1 96
1588 42 1 97
1589 42 1 98
1590 42 1 99
1591 43 1 86
1592 43 1 87
1593 43 1 88
1594 43 1 89
1595 43 1 90
1596 43 1 91
1597 43 1 92
1598 43 1 93
1599 43 1 94
1600 43 1 95
1601 43 1 96
1602 43 1 97
1603 43 1 98
1604 43 1 99
1605 43 1 100
1606 44 1 88
1607 44 1 89
1608 44 1 90
1609 44 1 91
1610 44 1 92
1611 44 1 93
1612 44 1 94
1613 44 1 95
1614 44 1 96
1615 44 1 97
1616 44 1 98
1617 44 1 99
1618 44 1 100
1619 44 1 101
1620 45 1 90
1621 45 1 91
1622 45 1 92
1623 45 1 93
1624 45 1 94
1625 45 1 95
1626 45 1 96
1627 45 1 97
1628 45 1 98
1629 45 1 99
1630 45 1 100
1631 45 1 101
1632 45 1 102
1633 46 1 92
1634 46 1 93
1635 46 1 94
1636 46 1 95
1637 46 1 96
1638 46 1 97
1639 46 1 98
1640 46 1 99
1641 46 1 100
1642 46 1 101
1643 46 1 102
1644 46 1 103
1645 47 1 94
1646 47 1 95
1647 47 1 96
1648 47 1 97
1649 47 1 98
1650 47 1 99
1651 47 1 100
1652 47 1 101
1653 47 1 102
1654 47 1 103
1655 47 1 104
1656 48 1 96
1657 48 1 97
1658 48 1 98
1659 48 1 99
1660 48 1 100
1661 48 1 101
1662 48 1 102
1663 48 1 103
1664 48 1 104
1665 48 1 105
1666 49 1 98
1667 49 1 99
1668 49 1 100
1669 49 1 101
1670 49 1 102
1671 49 1 103
1672 49 1 104
1673 49 1 105
1674 49 1 106
1675 50 1 100
1676 50 1 101
1677 50 1 102
1678 50 1 103
1679 50 1 104
1680 50 1 105
1681 50 1 106
1682 50 1 107
1683 51 1 102
1684 51 1 103
1685 51 1 104
1686 51 1 105
1687 51 1 106
1688 51 1 107
1689 51 1 108
1690 52 1 104
1691 52 1 105
1692 52 1 106
1693 52 1 107
1694 52 1 108
1695 52 1 109
1696 53 1 106
1697 53 1 107
1698 53 1 108
1699 53 1 109
1700 53 1 110
1701 54 1 108
1702 54 1 109
1703 54 1 110
1704 54 1 111
1705 55 1 110
1706 55 1 111
1707 55 1 112
1708 56 1 112
1709 56 1 113
1710 57 1 114
1711 58 253 116
1712 57 255 115
1713 56 256 114
1714 55 128 113
1715 54 64 112
1716 53 32 111
1717 52 16 110
1718 51 8 109
1719 50 4 108
1720 49 2 107
1721 48 1 106
1722 47 129 105
1723 46 193 104
1724 45 225 103
1725 44 241 102
1726 43 249 101
1727 42 253 100
1728 41 255 99
1729 40 256 98
1730 39 128 97
1731 38 64 96
1732 37 32 95
1733 36 16 94
1734 35 8 93
1735 34 4 92
1736 33 2 91
1737 32 1 90
1738 31 129 89
1739 30 193 88
1740 29 225 87
1741 28 241 86
1742 27 249 85
1743 26 253 84
1744 25 255 83
1745 24 256 82
1746 23 128 81
1747 22 64 80
1748 21 32 79
1749 20 16 78
1750 19 8 77
1751 18 4 76
1752 17 2 75
1753 16 1 74
1754 15 129 73
1755 14 193 72
1756 13 225 71
1757 12 241 70
1758 11 249 69
1759 10 253 68
1760 9 255 67
1761 8 256 66
1762 7 128 65
1763 6 64 64
1764 5 32 63
1765 4 16 62
1766 59 253 118
1767 58 255 117
1768 57 256 116
1769 56 128 115
1770 55 64 114
1771 54 32 113
1772 53 16 112
1773 52 8 111
1774 51 4 110
1775 50 2 109
1776 49 1 108
1777 48 129 107
1778 47 193 106
1779 46 225 105
1780 45 241 104
1781 44 249 103
1782 43 253 102
1783 42 255 101
1784 41 256 100
1785 40 128 99
1786 39 64 98
1787 38 32 97
1788 37 16 96
1789 36 8 95
1790 35 4 94
1791 34 2 93
1792 33 1 92
1793 32 129 91
1794 31 193 90
1795 30 225 89
1796 29 241 88
1797 28 249 87
1798 27 253 86
1799 26 255 85
1800 25 256 84
1801 24 128 83
1802 23 64 82
1803 22 32 81
1804 21 16 80
1805 20 8 79
1806 19 4 78
1807 18 2 77
1808 17 1 76
1809 16 129 75
1810 15 193 74
1811 14 225 73
1812 13 241 72
1813 12 249 71
1814 11 253 70
1815 10 255 69
1816 9 256 68
1817 8 128 67
1818 7 64 66
1819 6 32 65
1820 60 253 120
1821 59 255 119
1822 58 256 118
1823 57 128 117
1824 56 64 116
1825 55 32 115
1826 54 16 114
1827 53 8 113
1828 52 4 112
1829 51 2 111
1830 50 1 110
1831 49 129 109
1832 48 193 108
1833 47 225 107
1834 46 241 106
1835 45 249 105
1836 44 253 104
1837 43 255 103
1838 42 256 102
1839 41 128 101
1840 40 64 100
1841 39 32 99
1842 38 16 98
1843 37 8 97
1844 36 4 96
1845 35 2 95
1846 34 1 94
1847 33 129 93
1848 32 193 92
1849 31 225 91
1850 30 241 90
1851 29 249 89
1852 28 253 88
1853 27 255 87
1854 26 256 86
1855 25 128 85
1856 24 64 84
1857 23 32 83
1858 22 16 82
1859 21 8 81
1860 20 4 80
1861 19 2 79
1862 18 1 78
1863 17 129 77
1864 16 193 76
1865 15 225 75
1866 14 241 74
1867 13 249 73
1868 12 253 72
1869 11 255 71
1870 10 256 70
1871 9 128 69
1872 8 64 68
1873 61 253 122
1874 60 255 121
1875 59 256 120
1876 58 128 119
1877 57 64 118
1878 56 32 117
1879 55 16 116
1880 54 8 115
1881 53 4 114
1882 52 2 113
1883 51 1 112
1884 50 129 111
1885 49 193 110
1886 48 225 109
1887 47 241 108
1888 46 249 107
1889 45 253 106
1890 44 255 105
1891 43 256 104
1892 42 128 103
1893 41 64 102
1894 40 32 101
1895 39 16 100
1896 38 8 99
1897 37 4 98
1898 36 2 97
1899 35 1 96
1900 34 129 95
1901 33 193 94
1902 32 225 93
1903 31 241 92
1904 30 249 91
1905 29 253 90
1906 28 255 89
1907 27 256 88
1908 26 128 87
1909 25 64 86
1910 24 32 85
1911 23 16 84
1912 22 8 83
1913 21 4 82
1914 20 2 81
1915 19 1 80
1916 18 129 79
1917 17 193 78
1918 16 225 77
1919 15 241 76
1920 14 249 75
1921 13 253 74
1922 12 255 73
1923 11 256 72
1924 10 128 71
1925 62 253 124
1926 61 255 123
1927 60 256 122
1928 59 128 121
1929 58 64 120
1930 57 32 119
1931 56 16 118
1932 55 8 117
1933 54 4 116
1934 53 2 115
1935 52 1 114
1936 51 129 113
1937 50 193 112
1938 49 225 111
1939 48 241 110
1940 47 249 109
1941 46 253 108
1942 45 255 107
1943 44 256 106
1944 43 128 105
1945 42 64 104
1946 41 32 103
1947 40 16 102
1948 39 8 101
1949 38 4 100
1950 37 2 99
1951 36 1 98
1952 35 129 97
1953 34 193 96
1954 33 225 95
1955 32 241 94
1956 31 249 93
1957 30 253 92
1958 29 255 91
1959 28 256 90
1960 27 128 89
1961 26 64 88
1962 25 32 87
1963 24 16 86
1964 23 8 85
1965 22 4 84
1966 21 2 83
1967 20 1 82
1968 19 129 81
1969 18 193 80
1970 17 225 79
1971 16 241 78
1972 15 249 77
1973 14 253 76
1974 13 255 75
1975 12 256 74
1976 63 253 126
1977 62 255 125
1978 61 256 124
1979 60 128 123
1980 59 64 122
1981 58 32 121
1982 57 16 120
1983 56 8 119
1984 55 4 118
1985 54 2 117
1986 53 1 116
1987 52 129 115
1988 51 193 114
1989 50 225 113
1990 49 241 112
1991 48 249 111
1992 47 253 110
1993 46 255 109
1994 45 256 108
1995 44 128 107
1996 43 64 106
1997 42 32 105
1998 41 16 104
1999 40 8 103
2000 39 4 102
2001 38 2 101
2002 37 1 100
2003 36 129 99
2004 35 193 98
2005 34 225 97
2006 33 241 96
2007 32 249 95
2008 31 253 94
2009 30 255 93
2010 29 256 92
2011 28 128 91
2012 27 64 90
2013 26 32 89
2014 25 16 88
2015 24 8 87
2016 23 4 86
2017 22 2 85
2018 21 1 84
2019 20 129 83
2020 19 193 82
2021 18 225 81
2022 17 241 80
2023 16 249 79
2024 15 253 78
2025 14 255 77
2026 64 253 128
2027 63 255 127
2028 62 256 126
2029 61 128 125
2030 60 64 124
2031 59 32 123
2032 58 16 122
2033 57 8 121
2034 56 4 120
2035 55 2 119
2036 54 1 118
2037 53 129 117
2038 52 193 116
2039 51 225 115
2040 50 241 114
2041 49 249 113
2042 48 253 112
2043 47 255 111
2044 46 256 110
2045 45 128 109
2046 44 64 108
2047 43 32 107
2048 42 16 106
2049 41 8 105
2050 40 4 104
2051 39 2 103
2052 38 1 102
2053 37 129 101
2054 36 193 100
2055 35 225 99
2056 34 241 98
2057 33 249 97
2058 32 253 96
2059 31 255 95
2060 30 256 94
2061 29 128 93
2062 28 64 92
2063 27 32 91
2064 26 16 90
2065 25 8 89
2066 24 4 88
2067 23 2 87
2068 22 1 86
2069 21 129 85
2070 20 193 84
2071 19 225 83
2072 18 241 82
2073 17 249 81
2074 16 253 80
2075 65 253 130
2076 64 255 129
2077 63 256 128
2078 62 128 127
2079 61 64 126
2080 60 32 125
2081 59 16 124
2082 58 8 123
2083 57 4 122
2084 56 2 121
2085 55 1 120
2086 54 129 119
2087 53 193 118
2088 52 225 117
2089 51 241 116
2090 50 249 115
2091 49 253 114
2092 48 255 113
2093 47 256 112
2094 46 128 111
2095 45 64 110
2096 44 32 109
2097 43 16 108
2098 42 8 107
2099 41 4 106
2100 40 2 105
2101 39 1 104
2102 38 129 103
2103 37 193 102
2104 36 225 101
2105 35 241 100
2106 34 249 99
2107 33 253 98
2108 32 255 97
2109 31 256 96
2110 30 128 95
2111 29 64 94
2112 28 32 93
2113 27 16 92
2114 26 8 91
2115 25 4 90
2116 24 2 89
2117 23 1 88
2118 22 129 87
2119 21 193 86
2120 20 225 85
2121 19 241 84
2122 18 249 83
2123 66 253 132
2124 65 255 131
2125 64 256 130
2126 63 128 129
2127 62 64 128
2128 61 32 127
2129 60 16 126
2130 59 8 125
2131 58 4 124
2132 57 2 123
2133 56 1 122
2134 55 129 121
2135 54 193 120
2136 53 225 119
2137 52 241 118
2138 51 249 117
2139 50 253 116
2140 49 255 115
2141 48 256 114
2142 47 128 113
2143 46 64 112
2144 45 32 111
2145 44 16 110
2146 43 8 109
2147 42 4 108
2148 41 2 107
2149 40 1 106
2150 39 129 105
2151 38 193 104
2152 37 225 103
2153 36 241 102
2154 35 249 101
2155 34 253 100
2156 33 255 99
2157 32 256 98
2158 31 128 97
2159 30 64 96
2160 29 32 95
2161 28 16 94
2162 27 8 93
2163 26 4 92
2164 25 2 91
2165 24 1 90
2166 23 129 89
2167 22 193 88
2168 21 225 87
2169 20 241 86
2170 67 253 134
2171 66 255 133
2172 65 256 132
2173 64 128 131
2174 63 64 130
2175 62 32 129
2176 61 16 128
2177 60 8 127
2178 59 4 126
2179 58 2 125
2180 57 1 124
2181 56 129 123
2182 55 193 122
2183 54 225 121
2184 53 241 120
2185 52 249 119
2186 51 253 118
2187 50 255 117
2188 49 256 116
2189 48 128 115
2190 47 64 114
2191 46 32 113
2192 45 16 112
2193 44 8 111
2194 43 4 110
2195 42 2 109
2196 41 1 108
2197 40 129 107
2198 39 193 106
2199 38 225 105
2200 37 241 104
2201 36 249 103
2202 35 253 102
2203 34 255 101
2204 33 256 100
2205 32 128 99
2206 31 64 98
2207 30 32 97
2208 29 16 96
2209 28 8 95
2210 27 4 94
2211 26 2 93
2212 25 1 92
2213 24 129 91
2214 23 193 90
2215 22 225 89
2216 68 253 136
2217 67 255 135
2218 66 256 134
2219 65 128 133
2220 64 64 132
2221 63 32 131
2222 62 16 130
2223 61 8 129
2224 60 4 128
2225 59 2 127
2226 58 1 126
2227 57 129 125
2228 56 193 124
2229 55 225 123
2230 54 241 122
2231 53 249 121
2232 52 253 120
2233 51 255 119
2234 50 256 118
2235 49 128 117
2236 48 64 116
2237 47 32 115
2238 46 16 114
2239 45 8 113
2240 44 4 112
2241 43 2 111
2242 42 1 110
2243 41 129 109
2244 40 193 108
2245 39 225 107
2246 38 241 106
2247 37 249 105
2248 36 253 104
2249 35 255 103
2250 34 256 102
2251 33 128 101
2252 32 64 100
2253 31 32 99
2254 30 16 98
2255 29 8 97
2256 28 4 96
2257 27 2 95
2258 26 1 94
2259 25 129 93
2260 24 193 92
2261 69 253 138
2262 68 255 137
2263 67 256 136
2264 66 128 135
2265 65 64 134
2266 64 32 133
2267 63 16 132
2268 62 8 131
2269 61 4 130
2270 60 2 129
2271 59 1 128
2272 58 129 127
2273 57 193 126
2274 56 225 125
2275 55 241 124
2276 54 249 123
2277 53 253 122
2278 52 255 121
2279 51 256 120
2280 50 128 119
2281 49 64 118
2282 48 32 117
2283 47 16 116
2284 46 8 115
2285 45 4 114
2286 44 2 113
2287 43 1 112
2288 42 129 111
2289 41 193 110
2290 40 225 109
2291 39 241 108
2292 38 249 107
2293 37 253 106
2294 36 255 105
2295 35 256 104
2296 34 128 103
2297 33 64 102
2298 32 32 101
2299 31 16 100
2300 30 8 99
2301 29 4 98
2302 28 2 97
2303 27 1 96
2304 26 129 95
2305 70 253 140
2306 69 255 139
2307 68 256 138
2308 67 128 137
2309 66 64 136
2310 65 32 135
2311 64 16 134
2312 63 8 133
2313 62 4 132
2314 61 2 131
2315 60 1 130
2316 59 129 129
2317 58 193 128
2318 57 225 127
2319 56 241 126
2320 55 249 125
2321 54 253 124
2322 53 255 123
2323 52 256 122
2324 51 128 121
2325 50 64 120
2326 49 32 119
2327 48 16 118
2328 47 8 117
2329 46 4 116
2330 45 2 115
2331 44 1 114
2332 43 129 113
2333 42 193 112
2334 41 225 111
2335 40 241 110
2336 39 249 109
2337 38 253 108
2338 37 255 107
2339 36 256 106
2340 35 128 105
2341 34 64 104
2342 33 32 103
2343 32 16 102
2344 31 8 101
2345 30 4 100
2346 29 2 99
2347 28 1 98
2348 71 253 142
2349 70 255 141
2350 69 256 140
2351 68 128 139
2352 67 64 138
2353 66 32 137
2354 65 16 136
2355 64 8 135
2356 63 4 134
2357 62 2 133
2358 61 1 132
2359 60 129 131
2360 59 193 130
2361 58 225 129
2362 57 241 128
2363 56 249 127
2364 55 253 126
2365 54 255 125
2366 53 256 124
2367 52 128 123
2368 51 64 122
2369 50 32 121
2370 49 16 120
2371 48 8 119
2372 47 4 118
2373 46 2 117
2374 45 1 116
2375 44 129 115
2376 43 193 114
2377 42 225 113
2378 41 241 112
2379 40 249 111
2380 39 253 110
2381 38 255 109
2382 37 256 108
2383 36 128 107
2384 35 64 106
2385 34 32 105
2386 33 16 104
2387 32 8 103
2388 31 4 102
2389 30 2 101
2390 72 253 144
2391 71 255 143
2392 70 256 142
2393 69 128 141
2394 68 64 140
2395 67 32 139
2396 66 16 138
2397 65 8 137
2398 64 4 136
2399 63 2 135
2400 62 1 134
2401 61 129 133
2402 60 193 132
2403 59 225 131
2404 58 241 130
2405 57 249 129
2406 56 253 128
2407 55 255 127
2408 54 256 126
2409 53 128 125
2410 52 64 124
2411 51 32 123
2412 50 16 122
2413 49 8 121
2414 48 4 120
2415 47 2 119
2416 46 1 118
2417 45 129 117
2418 44 193 116
2419 43 225 115
2420 42 241 114
2421 41 249 113
2422 40 253 112
2423 39 255 111
2424 38 256 110
2425 37 128 109
2426 36 64 108
2427 35 32 107
2428 34 16 106
2429 33 8 105
2430 32 4 104
2431 73 253 146
2432 72 255 145
2433 71 256 144
2434 70 128 143
2435 69 64 142
2436 68 32 141
2437 67 16 140
2438 66 8 139
2439 65 4 138
2440 64 2 137
2441 63 1 136
2442 62 129 135
2443 61 193 134
2444 60 225 133
2445 59 241 132
2446 58 249 131
2447 57 253 130
2448 56 255 129
2449 55 256 128
2450 54 128 127
2451 53 64 126
2452 52 32 125
2453 51 16 124
2454 50 8 123
2455 49 4 122
2456 48 2 121
2457 47 1 120
2458 46 129 119
2459 45 193 118
2460 44 225 117
2461 43 241 116
2462 42 249 115
2463 41 253 114
2464 40 255 113
2465 39 256 112
2466 38 128 111
2467 37 64 110
2468 36 32 109
2469 35 16 108
2470 34 8 107
2471 74 253 148
2472 73 255 147
2473 72 256 146
2474 71 128 145
2475 70 64 144
2476 69 32 143
2477 68 16 142
2478 67 8 141
2479 66 4 140
2480 65 2 139
2481 64 1 138
2482 63 129 137
2483 62 193 136
2484 61 225 135
2485 60 241 134
2486 59 249 133
2487 58 253 132
2488 57 255 131
2489 56 256 130
2490 55 128 129
2491 54 64 128
2492 53 32 127
2493 52 16 126
2494 51 8 125
2495 50 4 124
2496 49 2 123
2497 48 1 122
2498 47 129 121
2499 46 193 120
2500 45 225 119
2501 44 241 118
2502 43 249 117
2503 42 253 116
2504 41 255 115
2505 40 256 114
2506 39 128 113
2507 38 64 112
2508 37 32 111
2509 36 16 110
2510 75 253 150
2511 74 255 149
2512 73 256 148
2513 72 128 147
2514 71 64 146
2515 70 32 145
2516 69 16 144
2517 68 8 143
2518 67 4 142
2519 66 2 141
2520 65 1 140
2521 64 129 139
2522 63 193 138
2523 62 225 137
2524 61 241 136
2525 60 249 135
2526 59 253 134
2527 58 255 133
2528 57 256 132
2529 56 128 131
2530 55 64 130
2531 54 32 129
2532 53 16 128
2533 52 8 127
2534 51 4 126
2535 50 2 125
2536 49 1 124
2537 48 129 123
2538 47 193 122
2539 46 225 121
2540 45 241 120
2541 44 249 119
2542 43 253 118
2543 42 255 117
2544 41 256 116
2545 40 128 115
2546 39 64 114
2547 38 32 113
2548 76 253 152
2549 75 255 151
2550 74 256 150
2551 73 128 149
2552 72 64 148
2553 71 32 147
2554 70 16 146
2555 69 8 145
2556 68 4 144
2557 67 2 143
2558 66 1 142
2559 65 129 141
2560 64 193 140
2561 63 225 139
2562 62 241 138
2563 61 249 137
2564 60 253 136
2565 59 255 135
2566 58 256 134
2567 57 128 133
2568 56 64 132
2569 55 32 131
2570 54 16 130
2571 53 8 129
2572 52 4 128
2573 51 2 127
2574 50 1 126
2575 49 129 125
2576 48 193 124
2577 47 225 123
2578 46 241 122
2579 45 249 121
2580 44 253 120
2581 43 255 119
2582 42 256 118
2583 41 128 117
2584 40 64 116
2585 77 253 154
2586 76 255 153
2587 75 256 152
2588 74 128 151
2589 73 64 150
2590 72 32 149
2591 71 16 148
2592 70 8 147
2593 69 4 146
2594 68 2 145
2595 67 1 144
2596 66 129 143
2597 65 193 142
2598 64 225 141
2599 63 241 140
2600 62 249 139
2601 61 253 138
2602 60 255 137
2603 59 256 136
2604 58 128 135
2605 57 64 134
2606 56 32 133
2607 55 16 132
2608 54 8 131
2609 53 4 130
2610 52 2 129
2611 51 1 128
2612 50 129 127
2613 49 193 126
2614 48 225 125
2615 47 241 124
2616 46 249 123
2617 45 253 122
2618 44 255 121
2619 43 256 120
2620 42 128 119
2621 78 253 156
2622 77 255 155
2623 76 256 154
2624 75 128 153
2625 74 64 152
2626 73 32 151
2627 72 16 150
2628 71 8 149
2629 70 4 148
2630 69 2 147
2631 68 1 146
2632 67 129 145
2633 66 193 144
2634 65 225 143
2635 64 241 142
2636 63 249 141
2637 62 253 140
2638 61 255 139
2639 60 256 138
2640 59 128 137
2641 58 64 136
2642 57 32 135
2643 56 16 134
2644 55 8 133
2645 54 4 132
2646 53 2 131
2647 52 1 130
2648 51 129 129
2649 50 193 128
2650 49 225 127
2651 48 241 126
2652 47 249 125
2653 46 253 124
2654 45 255 123
2655 44 256 122
2656 79 253 158
2657 78 255 157
2658 77 256 156
2659 76 128 155
2660 75 64 154
2661 74 32 153
2662 73 16 152
2663 72 8 151
2664 71 4 150
2665 70 2 149
2666 69 1 148
2667 68 129 147
2668 67 193 146
2669 66 225 145
2670 65 241 144
2671 64 249 143
2672 63 253 142
2673 62 255 141
2674 61 256 140
2675 60 128 139
2676 59 64 138
2677 58 32 137
2678 57 16 136
2679 56 8 135
2680 55 4 134
2681 54 2 133
2682 53 1 132
2683 52 129 131
2684 51 193 130
2685 50 225 129
2686 49 241 128
2687 48 249 127
2688 47 253 126
2689 46 255 125
2690 80 253 160
2691 79 255 159
2692 78 256 158
2693 77 128 157
2694 76 64 156
2695 75 32 155
2696 74 16 154
2697 73 8 153
2698 72 4 152
2699 71 2 151
2700 70 1 150
2701 69 129 149
2702 68 193 148
2703 67 225 147
2704 66 241 146
2705 65 249 145
2706 64 253 144
2707 63 255 143
2708 62 256 142
2709 61 128 141
2710 60 64 140
2711 59 32 139
2712 58 16 138
2713 57 8 137
2714 56 4 136
2715 55 2 135
2716 54 1 134
2717 53 129 133
2718 52 193 132
2719 51 225 131
2720 50 241 130
2721 49 249 129
2722 48 253 128
2723 81 253 162
2724 80 255 161
2725 79 256 160
2726 78 128 159
2727 77 64 158
2728 76 32 157
2729 75 16 156
2730 74 8 155
2731 73 4 154
2732 72 2 153
2733 71 1 152
2734 70 129 151
2735 69 193 150
2736 68 225 149
2737 67 241 148
2738 66 249 147
2739 65 253 146
2740 64 255 145
2741 63 256 144
2742 62 128 143
2743 61 64 142
2744 60 32 141
2745 59 16 140
2746 58 8 139
2747 57 4 138
2748 56 2 137
2749 55 1 136
2750 54 129 135
2751 53 193 134
2752 52 225 133
2753 51 241 132
2754 50 249 131
2755 82 253 164
2756 81 255 163
2757 80 256 162
2758 79 128 161
2759 78 64 160
2760 77 32 159
2761 76 16 158
2762 75 8 157
2763 74 4 156
2764 73 2 155
2765 72 1 154
2766 71 129 153
2767 70 193 152
2768 69 225 151
2769 68 241 150
2770 67 249 149
2771 66 253 148
2772 65 255 147
2773 64 256 146
2774 63 128 145
2775 62 64 144
2776 61 32 143
2777 60 16 142
2778 59 8 141
2779 58 4 140
2780 57 2 139
2781 56 1 138
2782 55 129 137
2783 54 193 136
2784 53 225 135
2785 52 241 134
2786 83 253 166
2787 82 255 165
2788 81 256 164
2789 80 128 163
2790 79 64 162
2791 78 32 161
2792 77 16 160
2793 76 8 159
2794 75 4 158
2795 74 2 157
2796 73 1 156
2797 72 129 155
2798 71 193 154
2799 70 225 153
2800 69 241 152
2801 68 249 151
2802 67 253 150
2803 66 255 149
2804 65 256 148
2805 64 128 147
2806 63 64 146
2807 62 32 145
2808 61 16 144
2809 60 8 143
2810 59 4 142
2811 58 2 141
2812 57 1 140
2813 56 129 139
2814 55 193 138
2815 54 225 137
2816 84 253 168
2817 83 255 167
2818 82 256 166
2819 81 128 165
2820 80 64 164
2821 79 32 163
2822 78 16 162
2823 77 8 161
2824 76 4 160
2825 75 2 159
2826 74 1 158
2827 73 129 157
2828 72 193 156
2829 71 225 155
2830 70 241 154
2831 69 249 153
2832 68 253 152
2833 67 255 151
2834 66 256 150
2835 65 128 149
2836 64 64 148
2837 63 32 147
2838 62 16 146
2839 61 8 145
2840 60 4 144
2841 59 2 143
2842 58 1 142
2843 57 129 141
2844 56 193 140
2845 85 253 170
2846 84 255 169
2847 83 256 168
2848 82 128 167
2849 81 64 166
2850 80 32 165
2851 79 16 164
2852 78 8 163
2853 77 4 162
2854 76 2 161
2855 75 1 160
2856 74 129 159
2857 73 193 158
2858 72 225 157
2859 71 241 156
2860 70 249 155
2861 69 253 154
2862 68 255 153
2863 67 256 152
2864 66 128 151
2865 65 64 150
2866 64 32 149
2867 63 16 148
2868 62 8 147
2869 61 4 146
2870 60 2 145
2871 59 1 144
2872 58 129 143
2873 86 253 172
2874 85 255 171
2875 84 256 170
2876 83 128 169
2877 82 64 168
2878 81 32 167
2879 80 16 166
2880 79 8 165
2881 78 4 164
2882 77 2 163
2883 76 1 162
2884 75 129 161
2885 74 193 160
2886 73 225 159
2887 72 241 158
2888 71 249 157
2889 70 253 156
2890 69 255 155
2891 68 256 154
2892 67 128 153
2893 66 64 152
2894 65 32 151
2895 64 16 150
2896 63 8 149
2897 62 4 148
2898 61 2 147
2899 60 1 146
2900 87 253 174
2901 86 255 173
2902 85 256 172
2903 84 128 171
2904 83 64 170
2905 82 32 169
2906 81 16 168
2907 80 8 167
2908 79 4 166
2909 78 2 165
2910 77 1 164
2911 76 129 163
2912 75 193 162
2913 74 225 161
2914 73 241 160
2915 72 249 159
2916 71 253 158
2917 70 255 157
2918 69 256 156
2919 68 128 155
2920 67 64 154
2921 66 32 153
2922 65 16 152
2923 64 8 151
2924 63 4 150
2925 62 2 149
2926 88 253 176
2927 87 255 175
2928 86 256 174
2929 85 128 173
2930 84 64 172
2931 83 32 171
2932 82 16 170
2933 81 8 169
2934 80 4 168
2935 79 2 167
2936 78 1 166
2937 77 129 165
2938 76 193 164
2939 75 225 163
2940 74 241 162
2941 73 249 161
2942 72 253 160
2943 71 255 159
2944 70 256 158
2945 69 128 157
2946 68 64 156
2947 67 32 155
2948 66 16 154
2949 65 8 153
2950 64 4 152
2951 89 253 178
2952 88 255 177
2953 87 256 176
2954 86 128 175
2955 85 64 174
2956 84 32 173
2957 83 16 172
2958 82 8 171
2959 81 4 170
2960 80 2 169
2961 79 1 168
2962 78 129 167
2963 77 193 166
2964 76 225 165
2965 75 241 164
2966 74 249 163
2967 73 253 162
2968 72 255 161
2969 71 256 160
2970 70 128 159
2971 69 64 158
2972 68 32 157
2973 67 16 156
2974 66 8 155
2975 90 253 180
2976 89 255 179
2977 88 256 178
2978 87 128 177
2979 86 64 176
2980 85 32 175
2981 84 16 174
2982 83 8 173
2983 82 4 172
2984 81 2 171
2985 80 1 170
2986 79 129 169
2987 78 193 168
2988 77 225 167
2989 76 241 166
2990 75 249 165
2991 74 253 164
2992 73 255 163
2993 72 256 162
2994 71 128 161
2995 70 64 160
2996 69 32 159
2997 68 16 158
2998 91 253 182
2999 90 255 181
3000 89 256 180
3001 88 128 179
3002 87 64 178
3003 86 32 177
3004 85 16 176
3005 84 8 175
3006 83 4 174
3007 82 2 173
3008 81 1 172
3009 80 129 171
3010 79 193 170
3011 78 225 169
3012 77 241 168
3013 76 249 167
3014 75 253 166
3015 74 255 165
3016 73 256 164
3017 72 128 163
3018 71 64 162
3019 70 32 161
3020 92 253 184
3021 91 255 183
3022 90 256 182
3023 89 128 181
3024 88 64 180
3025 87 32 179
3026 86 16 178
3027 85 8 177
3028 84 4 176
3029 83 2 175
3030 82 1 174
3031 81 129 173
3032 80 193 172
3033 79 225 171
3034 78 241 170
3035 77 249 169
3036 76 253 168
3037 75 255 167
3038 74 256 166
3039 73 128 165
3040 72 64 164
3041 93 253 186
3042 92 255 185
3043 91 256 184
3044 90 128 183
3045 89 64 182
3046 88 32 181
3047 87 16 180
3048 86 8 179
3049 85 4 178
3050 84 2 177
3051 83 1 176
3052 82 129 175
3053 81 193 174
3054 80 225 173
3055 79 241 172
3056 78 249 171
3057 77 253 170
3058 76 255 169
3059 75 256 168
3060 74 128 167
3061 94 253 188
3062 93 255 187
3063 92 256 186
3064 91 128 185
3065 90 64 184
3066 89 32 183
3067 88 16 182
3068 87 8 181
3069 86 4 180
3070 85 2 179
3071 84 1 178
3072 83 129 177
3073 82 193 176
3074 81 225 175
3075 80 241 174
3076 79 249 173
3077 78 253 172
3078 77 255 171
3079 76 256 170
3080 95 253 190
3081 94 255 189
3082 93 256 188
3083 92 128 187
3084 91 64 186
3085 90 32 185
3086 89 16 184
3087 88 8 183
3088 87 4 182
3089 86 2 181
3090 85 1 180
3091 84 129 179
3092 83 193 178
3093 82 225 177
3094 81 241 176
3095 80 249 175
3096 79 253 174
3097 78 255 173
3098 96 253 192
3099 95 255 191
3100 94 256 190
3101 93 128 189
3102 92 64 188
3103 91 32 187
3104 90 16 186
3105 89 8 185
3106 88 4 184
3107 87 2 183
3108 86 1 182
3109 85 129 181
3110 84 193 180
3111 83 225 179
3112 82 241 178
3113 81 249 177
3114 80 253 176
3115 97 253 194
3116 96 255 193
3117 95 256 192
3118 94 128 191
3119 93 64 190
3120 92 32 189
3121 91 16 188
3122 90 8 187
3123 89 4 186
3124 88 2 185
3125 87 1 184
3126 86 129 183
3127 85 193 182
3128 84 225 181
3129 83 241 180
3130 82 249 179
3131 98 253 196
3132 97 255 195
3133 96 256 194
3134 95 128 193
3135 94 64 192
3136 93 32 191
3137 92 16 190
3138 91 8 189
3139 90 4 188
3140 89 2 187
3141 88 1 186
3142 87 129 185
3143 86 193 184
3144 85 225 183
3145 84 241 182
3146 99 253 198
3147 98 255 197
3148 97 256 196
3149 96 128 195
3150 95 64 194
3151 94 32 193
3152 93 16 192
3153 92 8 191
3154 91 4 190
3155 90 2 189
3156 89 1 188
3157 88 129 187
3158 87 193 186
3159 86 225 185
3160 100 253 200
3161 99 255 199
3162 98 256 198
3163 97 128 197
3164 96 64 196
3165 95 32 195
3166 94 16 194
3167 93 8 193
3168 92 4 192
3169 91 2 191
3170 90 1 190
3171 89 129 189
3172 88 193 188
3173 101 253 202
3174 100 255 201
3175 99 256 200
3176 98 128 199
3177 97 64 198
3178 96 32 197
3179 95 16 196
3180 94 8 195
3181 93 4 194
3182 92 2 193
3183 91 1 192
3184 90 129 191
3185 102 253 204
3186 101 255 203
3187 100 256 202
3188 99 128 201
3189 98 64 200
3190 97 32 199
3191 96 16 198
3192 95 8 197
3193 94 4 196
3194 93 2 195
3195 92 1 194
3196 103 253 206
3197 102 255 205
3198 101 256 204
3199 100 128 203
3200 99 64 202
3201 98 32 201
3202 97 16 200
3203 96 8 199
3204 95 4 198
3205 94 2 197
3206 104 253 208
3207 103 255 207
3208 102 256 206
3209 101 128 205
3210 100 64 204
3211 99 32 203
3212 98 16 202
3213 97 8 201
3214 96 4 200
3215 105 253 210
3216 104 255 209
3217 103 256 208
3218 102 128 207
3219 101 64 206
3220 100 32 205
3221 99 16 204
3222 98 8 203
3223 106 253 212
3224 105 255 211
3225 104 256 210
3226 103 128 209
3227 102 64 208
3228 101 32 207
3229 100 16 206
3230 107 253 214
3231 106 255 213
3232 105 256 212
3233 104 128 211
3234 103 64 210
3235 102 32 209
3236 108 253 216
3237 107 255 215
3238 106 256 214
3239 105 128 213
3240 104 64 212
3241 109 253 218
3242 108 255 217
3243 107 256 216
3244 106 128 215
3245 110 253 220
3246 109 255 219
3247 108 256 218
3248 111 253 222
3249 110 255 221
3250 112 253 224
3251 0 1 58
3252 0 1 59
3253 0 1 60
3254 0 1 61
3255 0 1 62
3256 0 1 63
3257 0 1 64
3258 0 1 65
3259 0 1 66
3260 0 1 67
3261 0 1 68
3262 0 1 69
3263 0 1 70
3264 0 1 71
3265 0 1 72
3266 0 1 73
3267 0 1 74
3268 0 1 75
3269 0 1 76
3270 0 1 77
3271 0 1 78
3272 0 1 79
3273 0 1 80
3274 0 1 81
3275 0 1 82
3276 0 1 83
3277 0 1 84
3278 0 1 85
3279 0 1 86
3280 0 1 87
3281 0 1 88
3282 0 1 89
3283 0 1 90
3284 0 1 91
3285 0 1 92
3286 0 1 93
3287 0 1 94
3288 0 1 95
3289 0 1 96
3290 0 1 97
3291 0 1 98
3292 0 1 99
3293 0 1 100
3294 0 1 101
3295 0 1 102
3296 0 1 103
3297 0 1 104
3298 0 1 105
3299 0 1 106
3300 0 1 107
3301 0 1 108
3302 0 1 109
3303 1 1 59
3304 1 1 60
3305 1 1 61
3306 1 1 62
3307 1 1 63
3308 1 1 64
3309 1 1 65
3310 1 1 66
3311 1 1 67
3312 1 1 68
3313 1 1 69
3314 1 1 70
3315 1 1 71
3316 1 1 72
3317 1 1 73
3318 1 1 74
3319 1 1 75
3320 1 1 76
3321 1 1 77
3322 1 1 78
3323 1 1 79
3324 1 1 80
3325 1 1 81
3326 1 1 82
3327 1 1 83
3328 1 1 84
3329 1 1 85
3330 1 1 86
3331 1 1 87
3332 1 1 88
3333 1 1 89
3334 1 1 90
3335 1 1 91
3336 1 1 92
3337 1 1 93
3338 1 1 94
3339 1 1 95
3340 1 1 96
3341 1 1 97
3342 1 1 98
3343 1 1 99
3344 1 1 100
3345 1 1 101
3346 1 1 102
3347 1 1 103
3348 1 1 104
3349 1 1 105
3350 1 1 106
3351 1 1 107
3352 1 1 108
3353 1 1 109
3354 2 1 60
3355 2 1 61
3356 2 1 62
3357 2 1 63
3358 2 1 64
3359 2 1 65
3360 2 1 66
3361 2 1 67
3362 2 1 68
3363 2 1 69
3364 2 1 70
3365 2 1 71
3366 2 1 72
3367 2 1 73
3368 2 1 74
3369 2 1 75
3370 2 1 76
3371 2 1 77
3372 2 1 78
3373 2 1 79
3374 2 1 80
3375 2 1 81
3376 2 1 82
3377 2 1 83
3378 2 1 84
3379 2 1 85
3380 2 1 86
3381 2 1 87
3382 2 1 88
3383 2 1 89
3384 2 1 90
3385 2 1 91
3386 2 1 92
3387 2 1 93
3388 2 1 94
3389 2 1 95
3390 2 1 96
3391 2 1 97
3392 2 1 98
3393 2 1 99
3394 2 1 100
3395 2 1 101
3396 2 1 102
3397 2 1 103
3398 2 1 104
3399 2 1 105
3400 2 1 106
3401 2 1 107
3402 2 1 108
3403 2 1 109
3404 3 1 61
3405 3 1 62
3406 3 1 63
3407 3 1 64
3408 3 1 65
3409 3 1 66
3410 3 1 67
3411 3 1 68
3412 3 1 69
3413 3 1 70
3414 3 1 71
3415 3 1 72
3416 3 1 73
3417 3 1 74
3418 3 1 75
3419 3 1 76
3420 3 1 77
3421 3 1 78
3422 3 1 79
3423 3 1 80
3424 3 1 81
3425 3 1 82
3426 3 1 83
3427 3 1 84
3428 3 1 85
3429 3 1 86
3430 3 1 87
3431 3 1 88
3432 3 1 89
3433 3 1 90
3434 3 1 91
3435 3 1 92
3436 3 1 93
3437 3 1 94
3438 3 1 95
3439 3 1 96
3440 3 1 97
3441 3 1 98
3442 3 1 99
3443 3 1 100
3444 3 1 101
3445 3 1 102
3446 3 1 103
3447 3 1 104
3448 3 1 105
3449 3 1 106
3450 3 1 107
3451 3 1 108
3452 3 1 109
3453 4 1 63
3454 4 1 64
3455 5 255 64
3456 4 1 65
3457 4 1 66
3458 4 1 67
3459 4 1 68
3460 4 1 69
3461 4 1 70
3462 4 1 71
3463 4 1 72
3464 4 1 73
3465 4 1 74
3466 4 1 75
3467 4 1 76
3468 4 1 77
3469 4 1 78
3470 4 1 79
3471 4 1 80
3472 4 1 81
3473 4 1 82
3474 4 1 83
3475 4 1 84
3476 4 1 85
3477 4 1 86
3478 4 1 87
3479 4 1 88
3480 4 1 89
3481 4 1 90
3482 4 1 91
3483 4 1 92
3484 4 1 93
3485 4 1 94
3486 4 1 95
3487 4 1 96
3488 4 1 97
3489 4 1 98
3490 4 1 99
3491 4 1 100
3492 4 1 101
3493 4 1 102
3494 4 1 103
3495 4 1 104
3496 4 1 105
3497 4 1 106
3498 4 1 107
3499 4 1 108
3500 4 1 109
3501 5 1 65
3502 5 1 66
3503 6 255 66
3504 5 1 67
3505 7 4 67
3506 5 1 68
3507 5 1 69
3508 5 1 70
3509 5 1 71
3510 5 1 72
3511 5 1 73
3512 5 1 74
3513 5 1 75
3514 5 1 76
3515 5 1 77
3516 5 1 78
3517 5 1 79
3518 5 1 80
3519 5 1 81
3520 5 1 82
3521 5 1 83
3522 5 1 84
3523 5 1 85
3524 5 1 86
3525 5 1 87
3526 5 1 88
3527 5 1 89
3528 5 1 90
3529 5 1 91
3530 5 1 92
3531 5 1 93
3532 5 1 94
3533 5 1 95
3534 5 1 96
3535 5 1 97
3536 5 1 98
3537 5 1 99
3538 5 1 100
3539 5 1 101
3540 5 1 102
3541 5 1 103
3542 5 1 104
3543 5 1 105
3544 5 1 106
3545 5 1 107
3546 5 1 108
3547 5 1 109
3548 6 1 67
3549 6 1 68
3550 7 255 68
3551 6 1 69
3552 8 4 69
3553 6 1 70
3554 9 249 70
3555 6 1 71
3556 6 1 72
3557 6 1 73
3558 6 1 74
3559 6 1 75
3560 6 1 76
3561 6 1 77
3562 6 1 78
3563 6 1 79
3564 6 1 80
3565 6 1 81
3566 6 1 82
3567 6 1 83
3568 6 1 84
3569 6 1 85
3570 6 1 86
3571 6 1 87
3572 6 1 88
3573 6 1 89
3574 6 1 90
3575 6 1 91
3576 6 1 92
3577 6 1 93
3578 6 1 94
3579 6 1 95
3580 6 1 96
3581 6 1 97
3582 6 1 98
3583 6 1 99
3584 6 1 100
3585 6 1 101
3586 6 1 102
3587 6 1 103
3588 6 1 104
3589 6 1 105
3590 6 1 106
3591 6 1 107
3592 6 1 108
3593 6 1 109
3594 7 1 69
3595 7 1 70
3596 8 255 70
3597 7 1 71
3598 9 4 71
3599 7 1 72
3600 10 249 72
3601 7 1 73
3602 11 16 73
3603 7 1 74
3604 7 1 75
3605 7 1 76
3606 7 1 77
3607 7 1 78
3608 7 1 79
3609 7 1 80
3610 7 1 81
3611 7 1 82
3612 7 1 83
3613 7 1 84
3614 7 1 85
3615 7 1 86
3616 7 1 87
3617 7 1 88
3618 7 1 89
3619 7 1 90
3620 7 1 91
3621 7 1 92
3622 7 1 93
3623 7 1 94
3624 7 1 95
3625 7 1 96
3626 7 1 97
3627 7 1 98
3628 7 1 99
3629 7 1 100
3630 7 1 101
3631 7 1 102
3632 7 1 103
3633 7 1 104
3634 7 1 105
3635 7 1 106
3636 7 1 107
3637 7 1 108
3638 7 1 109
3639 8 1 71
3640 8 1 72
3641 9 255 72
3642 8 1 73
3643 10 4 73
3644 8 1 74
3645 11 249 74
3646 8 1 75
3647 12 16 75
3648 8 1 76
3649 13 225 76
3650 8 1 77
3651 8 1 78
3652 8 1 79
3653 8 1 80
3654 8 1 81
3655 8 1 82
3656 8 1 83
3657 8 1 84
3658 8 1 85
3659 8 1 86
3660 8 1 87
3661 8 1 88
3662 8 1 89
3663 8 1 90
3664 8 1 91
3665 8 1 92
3666 8 1 93
3667 8 1 94
3668 8 1 95
3669 8 1 96
3670 8 1 97
3671 8 1 98
3672 8 1 99
3673 8 1 100
3674 8 1 101
3675 8 1 102
3676 8 1 103
3677 8 1 104
3678 8 1 105
3679 8 1 106
3680 8 1 107
3681 8 1 108
3682 8 1 109
3683 9 1 73
3684 9 1 74
3685 10 255 74
3686 9 1 75
3687 11 4 75
3688 9 1 76
3689 12 249 76
3690 9 1 77
3691 13 16 77
3692 9 1 78
3693 14 225 78
3694 9 1 79
3695 15 64 79
3696 9 1 80
3697 9 1 81
3698 9 1 82
3699 9 1 83
3700 9 1 84
3701 9 1 85
3702 9 1 86
3703 9 1 87
3704 9 1 88
3705 9 1 89
3706 9 1 90
3707 9 1 91
3708 9 1 92
3709 9 1 93
3710 9 1 94
3711 9 1 95
3712 9 1 96
3713 9 1 97
3714 9 1 98
3715 9 1 99
3716 9 1 100
3717 9 1 101
3718 9 1 102
3719 9 1 103
3720 9 1 104
3721 9 1 105
3722 9 1 106
3723 9 1 107
3724 9 1 108
3725 9 1 109
3726 10 1 75
3727 10 1 76
3728 11 255 76
3729 10 1 77
3730 12 4 77
3731 10 1 78
3732 13 249 78
3733 10 1 79
3734 14 16 79
3735 10 1 80
3736 15 225 80
3737 10 1 81
3738 16 64 81
3739 10 1 82
3740 17 129 82
3741 10 1 83
3742 10 1 84
3743 10 1 85
3744 10 1 86
3745 10 1 87
3746 10 1 88
3747 10 1 89
3748 10 1 90
3749 10 1 91
3750 10 1 92
3751 10 1 93
3752 10 1 94
3753 10 1 95
3754 10 1 96
3755 10 1 97
3756 10 1 98
3757 10 1 99
3758 10 1 100
3759 10 1 101
3760 10 1 102
3761 10 1 103
3762 10 1 104
3763 10 1 105
3764 10 1 106
3765 10 1 107
3766 10 1 108
3767 10 1 109
3768 11 1 77
3769 11 1 78
3770 12 255 78
3771 11 1 79
3772 13 4 79
3773 11 1 80
3774 14 249 80
3775 11 1 81
3776 15 16 81
3777 11 1 82
3778 16 225 82
3779 11 1 83
3780 17 64 83
3781 11 1 84
3782 18 129 84
3783 11 1 85
3784 19 256 85
3785 11 1 86
3786 11 1 87
3787 11 1 88
3788 11 1 89
3789 11 1 90
3790 11 1 91
3791 11 1 92
3792 11 1 93
3793 11 1 94
3794 11 1 95
3795 11 1 96
3796 11 1 97
3797 11 1 98
3798 11 1 99
3799 11 1 100
3800 11 1 101
3801 11 1 102
3802 11 1 103
3803 11 1 104
3804 11 1 105
3805 11 1 106
3806 11 1 107
3807 11 1 108
3808 11 1 109
3809 12 1 79
3810 12 1 80
3811 13 255 80
3812 12 1 81
3813 14 4 81
3814 12 1 82
3815 15 249 82
3816 12 1 83
3817 16 16 83
3818 12 1 84
3819 17 225 84
3820 12 1 85
3821 18 64 85
3822 12 1 86
3823 19 129 86
3824 12 1 87
3825 20 256 87
3826 12 1 88
3827 21 2 88
3828 12 1 89
3829 12 1 90
3830 12 1 91
3831 12 1 92
3832 12 1 93
3833 12 1 94
3834 12 1 95
3835 12 1 96
3836 12 1 97
3837 12 1 98
3838 12 1 99
3839 12 1 100
3840 12 1 101
3841 12 1 102
3842 12 1 103
3843 12 1 104
3844 12 1 105
3845 12 1 106
3846 12 1 107
3847 12 1 108
3848 12 1 109
3849 13 1 81
3850 13 1 82
3851 14 255 82
3852 13 1 83
3853 15 4 83
3854 13 1 84
3855 16 249 84
3856 13 1 85
3857 17 16 85
3858 13 1 86
3859 18 225 86
3860 13 1 87
3861 19 64 87
3862 13 1 88
3863 20 129 88
3864 13 1 89
3865 21 256 89
3866 13 1 90
3867 22 2 90
3868 13 1 91
3869 23 253 91
3870 13 1 92
3871 13 1 93
3872 13 1 94
3873 13 1 95
3874 13 1 96
3875 13 1 97
3876 13 1 98
3877 13 1 99
3878 13 1 100
3879 13 1 101
3880 13 1 102
3881 13 1 103
3882 13 1 104
3883 13 1 105
3884 13 1 106
3885 13 1 107
3886 13 1 108
3887 13 1 109
3888 14 1 83
3889 14 1 84
3890 15 255 84
3891 14 1 85
3892 16 4 85
3893 14 1 86
3894 17 249 86
3895 14 1 87
3896 18 16 87
3897 14 1 88
3898 19 225 88
3899 14 1 89
3900 20 64 89
3901 14 1 90
3902 21 129 90
3903 14 1 91
3904 22 256 91
3905 14 1 92
3906 23 2 92
3907 14 1 93
3908 24 253 93
3909 14 1 94
3910 25 8 94
3911 14 1 95
3912 14 1 96
3913 14 1 97
3914 14 1 98
3915 14 1 99
3916 14 1 100
3917 14 1 101
3918 14 1 102
3919 14 1 103
3920 14 1 104
3921 14 1 105
3922 14 1 106
3923 14 1 107
3924 14 1 108
3925 14 1 109
3926 15 1 85
3927 15 1 86
3928 16 255 86
3929 15 1 87
3930 17 4 87
3931 15 1 88
3932 18 249 88
3933 15 1 89
3934 19 16 89
3935 15 1 90
3936 20 225 90
3937 15 1 91
3938 21 64 91
3939 15 1 92
3940 22 129 92
3941 15 1 93
3942 23 256 93
3943 15 1 94
3944 24 2 94
3945 15 1 95
3946 25 253 95
3947 15 1 96
3948 26 8 96
3949 15 1 97
3950 27 241 97
3951 15 1 98
3952 15 1 99
3953 15 1 100
3954 15 1 101
3955 15 1 102
3956 15 1 103
3957 15 1 104
3958 15 1 105
3959 15 1 106
3960 15 1 107
3961 15 1 108
3962 15 1 109
3963 16 1 87
3964 16 1 88
3965 17 255 88
3966 16 1 89
3967 18 4 89
3968 16 1 90
3969 19 249 90
3970 16 1 91
3971 20 16 91
3972 16 1 92
3973 21 225 92
3974 16 1 93
3975 22 64 93
3976 16 1 94
3977 23 129 94
3978 16 1 95
3979 24 256 95
3980 16 1 96
3981 25 2 96
3982 16 1 97
3983 26 253 97
3984 16 1 98
3985 27 8 98
3986 16 1 99
3987 28 241 99
3988 16 1 100
3989 29 32 100
3990 16 1 101
3991 16 1 102
3992 16 1 103
3993 16 1 104
3994 16 1 105
3995 16 1 106
3996 16 1 107
3997 16 1 108
3998 16 1 109
3999 17 1 89
4000 17 1 90
4001 18 255 90
4002 17 1 91
4003 19 4 91
4004 17 1 92
4005 20 249 92
4006 17 1 93
4007 21 16 93
4008 17 1 94
4009 22 225 94
4010 17 1 95
4011 23 64 95
4012 17 1 96
4013 24 129 96
4014 17 1 97
4015 25 256 97
4016 17 1 98
4017 26 2 98
4018 17 1 99
4019 27 253 99
4020 17 1 100
4021 28 8 100
4022 17 1 101
4023 29 241 101
4024 17 1 102
4025 30 32 102
4026 17 1 103
4027 31 193 103
4028 17 1 104
4029 17 1 105
4030 17 1 106
4031 17 1 107
4032 17 1 108
4033 17 1 109
4034 18 1 91
4035 18 1 92
4036 19 255 92
4037 18 1 93
4038 20 4 93
4039 18 1 94
4040 21 249 94
4041 18 1 95
4042 22 16 95
4043 18 1 96
4044 23 225 96
4045 18 1 97
4046 24 64 97
4047 18 1 98
4048 25 129 98
4049 18 1 99
4050 26 256 99
4051 18 1 100
4052 27 2 100
4053 18 1 101
4054 28 253 101
4055 18 1 102
4056 29 8 102
4057 18 1 103
4058 30 241 103
4059 18 1 104
4060 31 32 104
4061 18 1 105
4062 32 193 105
4063 18 1 106
4064 33 128 106
4065 18 1 107
4066 18 1 108
4067 18 1 109
4068 19 1 93
4069 19 1 94
4070 20 255 94
4071 19 1 95
4072 21 4 95
4073 19 1 96
4074 22 249 96
4075 19 1 97
4076 23 16 97
4077 19 1 98
4078 24 225 98
4079 19 1 99
4080 25 64 99
4081 19 1 100
4082 26 129 100
4083 19 1 101
4084 27 256 101
4085 19 1 102
4086 28 2 102
4087 19 1 103
4088 29 253 103
4089 19 1 104
4090 30 8 104
4091 19 1 105
4092 31 241 105
4093 19 1 106
4094 32 32 106
4095 19 1 107
4096 33 193 107
4097 19 1 108
4098 34 128 108
4099 19 1 109
4100 35 1 109
4101 20 1 95
4102 20 1 96
4103 21 255 96
4104 20 1 97
4105 22 4 97
4106 20 1 98
4107 23 249 98
4108 20 1 99
4109 24 16 99
4110 20 1 100
4111 25 225 100
4112 20 1 101
4113 26 64 101
4114 20 1 102
4115 27 129 102
4116 20 1 103
4117 28 256 103
4118 20 1 104
4119 29 2 104
4120 20 1 105
4121 30 253 105
4122 20 1 106
4123 31 8 106
4124 20 1 107
4125 32 241 107
4126 20 1 108
4127 33 32 108
4128 20 1 109
4129 34 193 109
4130 18 30 110
4131 19 8 110
4132 20 1 110
4133 21 1 97
4134 21 1 98
4135 22 255 98
4136 21 1 99
4137 23 4 99
4138 21 1 100
4139 24 249 100
4140 21 1 101
4141 25 16 101
4142 21 1 102
4143 26 225 102
4144 21 1 103
4145 27 64 103
4146 21 1 104
4147 28 129 104
4148 21 1 105
4149 29 256 105
4150 21 1 106
4151 30 2 106
4152 21 1 107
4153 31 253 107
4154 21 1 108
4155 32 8 108
4156 21 1 109
4157 33 241 109
4158 16 97 110
4159 17 213 110
4160 21 1 110
4161 35 237 110
4162 20 68 111
4163 21 1 111
4164 22 1 99
4165 22 1 100
4166 23 255 100
4167 22 1 101
4168 24 4 101
4169 22 1 102
4170 25 249 102
4171 22 1 103
4172 26 16 103
4173 22 1 104
4174 27 225 104
4175 22 1 105
4176 28 64 105
4177 22 1 106
4178 29 129 106
4179 22 1 107
4180 30 256 107
4181 22 1 108
4182 31 2 108
4183 22 1 109
4184 32 253 109
4185 14 189 110
4186 15 88 110
4187 22 1 110
4188 34 209 110
4189 18 87 111
4190 19 146 111
4191 22 1 111
4192 36 97 111
4193 22 1 112
4194 23 1 101
4195 23 1 102
4196 24 255 102
4197 23 1 103
4198 25 4 103
4199 23 1 104
4200 26 249 104
4201 23 1 105
4202 27 16 105
4203 23 1 106
4204 28 225 106
4205 23 1 107
4206 29 64 107
4207 23 1 108
4208 30 129 108
4209 23 1 109
4210 31 256 109
4211 12 254 110
4212 13 164 110
4213 23 1 110
4214 33 220 110
4215 16 21 111
4216 17 124 111
4217 23 1 111
4218 35 248 111
4219 20 86 112
4220 21 165 112
4221 23 1 112
4222 37 170 112
4223 24 1 103
4224 24 1 104
4225 25 255 104
4226 24 1 105
4227 26 4 105
4228 24 1 106
4229 27 249 106
4230 24 1 107
4231 28 16 107
4232 24 1 108
4233 29 225 108
4234 24 1 109
4235 30 64 109
4236 10 69 110
4237 11 19 110
4238 24 1 110
4239 32 84 110
4240 14 162 111
4241 15 139 111
4242 24 1 111
4243 34 238 111
4244 18 141 112
4245 19 135 112
4246 24 1 112
4247 36 221 112
4248 22 240 113
4249 23 66 113
4250 24 1 113
4251 25 1 105
4252 25 1 106
4253 26 255 106
4254 25 1 107
4255 27 4 107
4256 25 1 108
4257 28 249 108
4258 25 1 109
4259 29 16 109
4260 8 37 110
4261 9 46 110
4262 25 1 110
4263 31 141 110
4264 12 84 111
4265 13 79 111
4266 25 1 111
4267 33 75 111
4268 16 36 112
4269 17 88 112
4270 25 1 112
4271 35 64 112
4272 20 85 113
4273 21 147 113
4274 25 1 113
4275 37 77 113
4276 24 27 114
4277 25 1 114
4278 26 1 107
4279 26 1 108
4280 27 255 108
4281 26 1 109
4282 28 4 109
4283 6 159 110
4284 7 64 110
4285 26 1 110
4286 30 248 110
4287 10 28 111
4288 11 139 111
4289 26 1 111
4290 32 128 111
4291 14 180 112
4292 15 206 112
4293 26 1 112
4294 34 135 112
4295 18 179 113
4296 19 152 113
4297 26 1 113
4298 36 85 113
4299 22 131 114
4300 23 27 114
4301 26 1 114
4302 38 25 114
4303 26 1 115
4304 27 1 109
4305 4 255 110
4306 5 165 110
4307 27 1 110
4308 29 139 110
4309 8 178 111
4310 9 146 111
4311 27 1 111
4312 31 4 111
4313 12 57 112
4314 13 182 112
4315 27 1 112
4316 33 108 112
4317 16 60 113
4318 17 240 113
4319 27 1 113
4320 35 255 113
4321 20 218 114
4322 21 76 114
4323 27 1 114
4324 37 255 114
4325 24 167 115
4326 25 56 115
4327 27 1 115
4328 39 68 115
4329 28 1 110
4330 6 11 111
4331 7 249 111
4332 28 1 111
4333 30 230 111
4334 10 193 112
4335 11 89 112
4336 28 1 112
4337 32 5 112
4338 14 18 113
4339 15 71 113
4340 28 1 113
4341 34 162 113
4342 18 255 114
4343 19 249 114
4344 28 1 114
4345 36 253 114
4346 22 231 115
4347 23 222 115
4348 28 1 115
4349 38 250 115
4350 26 253 116
4351 27 111 116
4352 28 1 116
4353 29 1 111
4354 8 2 112
4355 9 92 112
4356 29 1 112
4357 31 146 112
4358 12 135 113
4359 13 1 113
4360 29 1 113
4361 33 92 113
4362 16 8 114
4363 17 3 114
4364 29 1 114
4365 35 227 114
4366 20 63 115
4367 21 252 115
4368 29 1 115
4369 37 175 115
4370 24 198 116
4371 25 227 116
4372 29 1 116
4373 39 141 116
4374 28 81 117
4375 29 1 117
4376 30 1 112
4377 10 74 113
4378 11 63 113
4379 30 1 113
4380 32 48 113
4381 14 138 114
4382 15 41 114
4383 30 1 114
4384 34 155 114
4385 18 171 115
4386 19 32 115
4387 30 1 115
4388 36 209 115
4389 22 256 116
4390 23 253 116
4391 30 1 116
4392 38 237 116
4393 26 233 117
4394 27 27 117
4395 30 1 117
4396 40 75 117
4397 30 1 118
4398 31 1 113
4399 12 81 114
4400 13 128 114
4401 31 1 114
4402 33 99 114
4403 16 248 115
4404 17 137 115
4405 31 1 115
4406 35 5 115
4407 20 64 116
4408 21 24 116
4409 31 1 116
4410 37 177 116
4411 24 256 117
4412 25 253 117
4413 31 1 117
4414 39 205 117
4415 28 225 118
4416 29 36 118
4417 31 1 118
4418 41 54 118
4419 32 1 114
4420 14 232 115
4421 15 135 115
4422 32 1 115
4423 34 15 115
4424 18 39 116
4425 19 6 116
4426 32 1 116
4427 36 178 116
4428 22 94 117
4429 23 228 117
4430 32 1 117
4431 38 117 117
4432 26 236 118
4433 27 173 118
4434 32 1 118
4435 40 101 118
4436 30 228 119
4437 31 129 119
4438 32 1 119
4439 33 1 115
4440 16 69 116
4441 17 90 116
4442 33 1 116
4443 35 17 116
4444 20 2 117
4445 21 198 117
4446 33 1 117
4447 37 196 117
4448 24 34 118
4449 25 77 118
4450 33 1 118
4451 39 254 118
4452 28 97 119
4453 29 131 119
4454 33 1 119
4455 41 199 119
4456 32 199 120
4457 33 1 120
4458 34 1 116
4459 18 208 117
4460 19 59 117
4461 34 1 117
4462 36 203 117
4463 22 242 118
4464 23 57 118
4465 34 1 118
4466 38 223 118
4467 26 225 119
4468 27 245 119
4469 34 1 119
4470 40 251 119
4471 30 153 120
4472 31 98 120
4473 34 1 120
4474 42 224 120
4475 34 1 121
4476 35 1 117
4477 20 208 118
4478 21 59 118
4479 35 1 118
4480 37 254 118
4481 24 201 119
4482 25 110 119
4483 35 1 119
4484 39 8 119
4485 28 118 120
4486 29 237 120
4487 35 1 120
4488 41 141 120
4489 32 131 121
4490 33 10 121
4491 35 1 121
4492 43 217 121
4493 36 1 118
4494 22 44 119
4495 23 225 119
4496 36 1 119
4497 38 125 119
4498 26 72 120
4499 27 189 120
4500 36 1 120
4501 40 12 120
4502 30 236 121
4503 31 217 121
4504 36 1 121
4505 42 224 121
4506 34 178 122
4507 35 198 122
4508 36 1 122
4509 37 1 119
4510 24 173 120
4511 25 248 120
4512 37 1 120
4513 39 101 120
4514 28 132 121
4515 29 218 121
4516 37 1 121
4517 41 129 121
4518 32 1 122
4519 33 161 122
4520 37 1 122
4521 43 158 122
4522 36 193 123
4523 37 1 123
4524 38 1 120
4525 26 16 121
4526 27 222 121
4527 38 1 121
4528 40 224 121
4529 30 31 122
4530 31 242 122
4531 38 1 122
4532 42 215 122
4533 34 60 123
4534 35 151 123
4535 38 1 123
4536 44 118 123
4537 38 1 124
4538 39 1 121
4539 28 32 122
4540 29 187 122
4541 39 1 122
4542 41 131 122
4543 32 132 123
4544 33 218 123
4545 39 1 123
4546 43 130 123
4547 36 210 124
4548 37 143 124
4549 39 1 124
4550 45 55 124
4551 40 1 122
4552 30 99 123
4553 31 185 123
4554 40 1 123
4555 42 228 123
4556 34 68 124
4557 35 50 124
4558 40 1 124
4559 44 3 124
4560 38 129 125
4561 39 209 125
4562 40 1 125
4563 41 1 123
4564 32 123 124
4565 33 4 124
4566 41 1 124
4567 43 183 124
4568 36 255 125
4569 37 59 125
4570 41 1 125
4571 45 7 125
4572 40 174 126
4573 41 1 126
4574 42 1 124
4575 34 153 125
4576 35 99 125
4577 42 1 125
4578 44 244 125
4579 38 101 126
4580 39 233 126
4581 42 1 126
4582 46 21 126
4583 42 1 127
4584 43 1 125
4585 36 98 126
4586 37 139 126
4587 43 1 126
4588 45 136 126
4589 40 144 127
4590 41 121 127
4591 43 1 127
4592 47 105 127
4593 44 1 126
4594 38 219 127
4595 39 51 127
4596 44 1 127
4597 46 204 127
4598 42 163 128
4599 43 203 128
4600 44 1 128
4601 45 1 127
4602 40 29 128
4603 41 49 128
4604 45 1 128
4605 47 83 128
4606 44 135 129
4607 45 1 129
4608 46 1 128
4609 42 169 129
4610 43 64 129
4611 46 1 129
4612 48 166 129
4613 46 1 130
4614 47 1 129
4615 44 148 130
4616 45 126 130
4617 47 1 130
4618 49 241 130
4619 48 1 130
4620 46 16 131
4621 47 222 131
4622 48 1 131
4623 49 1 131
4624 48 95 132
4625 49 1 132
4626 50 1 132
4627 50 1 133
4628 51 1 133
4629 52 162 135
4630 51 54 134
4631 50 18 134
4632 49 6 133
4633 48 2 133
4634 47 172 132
4635 46 143 132
4636 45 219 131
4637 44 73 131
4638 43 110 130
4639 42 208 130
4640 41 155 129
4641 40 223 129
4642 39 160 128
4643 38 139 128
4644 37 132 127
4645 36 44 127
4646 35 186 126
4647 34 62 126
4648 33 192 125
4649 32 64 125
4650 31 107 124
4651 30 207 124
4652 29 69 123
4653 28 23 123
4654 27 179 122
4655 26 231 122
4656 25 77 121
4657 24 197 121
4658 23 237 120
4659 22 79 120
4660 21 112 119
4661 20 123 119
4662 19 41 118
4663 18 185 118
4664 17 233 117
4665 16 249 117
4666 15 83 116
4667 14 199 116
4668 13 152 115
4669 12 222 115
4670 53 162 136
4671 52 54 136
4672 51 18 135
4673 50 6 135
4674 49 2 134
4675 48 172 134
4676 47 143 133
4677 46 219 133
4678 45 73 132
4679 44 110 132
4680 43 208 131
4681 42 155 131
4682 41 223 130
4683 40 160 130
4684 39 139 129
4685 38 132 129
4686 37 44 128
4687 36 186 128
4688 35 62 127
4689 34 192 127
4690 33 64 126
4691 32 107 126
4692 31 207 125
4693 30 69 125
4694 29 23 124
4695 28 179 124
4696 27 231 123
4697 26 77 123
4698 25 197 122
4699 24 237 122
4700 23 79 121
4701 22 112 121
4702 21 123 120
4703 20 41 120
4704 19 185 119
4705 18 233 119
4706 17 249 118
4707 16 83 118
4708 15 199 117
4709 14 152 117
4710 54 162 138
4711 53 54 137
4712 52 18 137
4713 51 6 136
4714 50 2 136
4715 49 172 135
4716 48 143 135
4717 47 219 134
4718 46 73 134
4719 45 110 133
4720 44 208 133
4721 43 155 132
4722 42 223 132
4723 41 160 131
4724 40 139 131
4725 39 132 130
4726 38 44 130
4727 37 186 129
4728 36 62 129
4729 35 192 128
4730 34 64 128
4731 33 107 127
4732 32 207 127
4733 31 69 126
4734 30 23 126
4735 29 179 125
4736 28 231 125
4737 27 77 124
4738 26 197 124
4739 25 237 123
4740 24 79 123
4741 23 112 122
4742 22 123 122
4743 21 41 121
4744 20 185 121
4745 19 233 120
4746 18 249 120
4747 17 83 119
4748 16 199 119
4749 55 162 139
4750 54 54 139
4751 53 18 138
4752 52 6 138
4753 51 2 137
4754 50 172 137
4755 49 143 136
4756 48 219 136
4757 47 73 135
4758 46 110 135
4759 45 208 134
4760 44 155 134
4761 43 223 133
4762 42 160 133
4763 41 139 132
4764 40 132 132
4765 39 44 131
4766 38 186 131
4767 37 62 130
4768 36 192 130
4769 35 64 129
4770 34 107 129
4771 33 207 128
4772 32 69 128
4773 31 23 127
4774 30 179 127
4775 29 231 126
4776 28 77 126
4777 27 197 125
4778 26 237 125
4779 25 79 124
4780 24 112 124
4781 23 123 123
4782 22 41 123
4783 21 185 122
4784 20 233 122
4785 19 249 121
4786 18 83 121
4787 56 162 141
4788 55 54 140
4789 54 18 140
4790 53 6 139
4791 52 2 139
4792 51 172 138
4793 50 143 138
4794 49 219 137
4795 48 73 137
4796 47 110 136
4797 46 208 136
4798 45 155 135
4799 44 223 135
4800 43 160 134
4801 42 139 134
4802 41 132 133
4803 40 44 133
4804 39 186 132
4805 38 62 132
4806 37 192 131
4807 36 64 131
4808 35 107 130
4809 34 207 130
4810 33 69 129
4811 32 23 129
4812 31 179 128
4813 30 231 128
4814 29 77 127
4815 28 197 127
4816 27 237 126
4817 26 79 126
4818 25 112 125
4819 24 123 125
4820 23 41 124
4821 22 185 124
4822 21 233 123
4823 20 249 123
4824 57 162 142
4825 56 54 142
4826 55 18 141
4827 54 6 141
4828 53 2 140
4829 52 172 140
4830 51 143 139
4831 50 219 139
4832 49 73 138
4833 48 110 138
4834 47 208 137
4835 46 155 137
4836 45 223 136
4837 44 160 136
4838 43 139 135
4839 42 132 135
4840 41 44 134
4841 40 186 134
4842 39 62 133
4843 38 192 133
4844 37 64 132
4845 36 107 132
4846 35 207 131
4847 34 69 131
4848 33 23 130
4849 32 179 130
4850 31 231 129
4851 30 77 129
4852 29 197 128
4853 28 237 128
4854 27 79 127
4855 26 112 127
4856 25 123 126
4857 24 41 126
4858 23 185 125
4859 22 233 125
4860 58 162 144
4861 57 54 143
4862 56 18 143
4863 55 6 142
4864 54 2 142
4865 53 172 141
4866 52 143 141
4867 51 219 140
4868 50 73 140
4869 49 110 139
4870 48 208 139
4871 47 155 138
4872 46 223 138
4873 45 160 137
4874 44 139 137
4875 43 132 136
4876 42 44 136
4877 41 186 135
4878 40 62 135
4879 39 192 134
4880 38 64 134
4881 37 107 133
4882 36 207 133
4883 35 69 132
4884 34 23 132
4885 33 179 131
4886 32 231 131
4887 31 77 130
4888 30 197 130
4889 29 237 129
4890 28 79 129
4891 27 112 128
4892 26 123 128
4893 25 41 127
4894 24 185 127
4895 59 162 145
4896 58 54 145
4897 57 18 144
4898 56 6 144
4899 55 2 143
4900 54 172 143
4901 53 143 142
4902 52 219 142
4903 51 73 141
4904 50 110 141
4905 49 208 140
4906 48 155 140
4907 47 223 139
4908 46 160 139
4909 45 139 138
4910 44 132 138
4911 43 44 137
4912 42 186 137
4913 41 62 136
4914 40 192 136
4915 39 64 135
4916 38 107 135
4917 37 207 134
4918 36 69 134
4919 35 23 133
4920 34 179 133
4921 33 231 132
4922 32 77 132
4923 31 197 131
4924 30 237 131
4925 29 79 130
4926 28 112 130
4927 27 123 129
4928 26 41 129
4929 60 162 147
4930 59 54 146
4931 58 18 146
4932 57 6 145
4933 56 2 145
4934 55 172 144
4935 54 143 144
4936 53 219 143
4937 52 73 143
4938 51 110 142
4939 50 208 142
4940 49 155 141
4941 48 223 141
4942 47 160 140
4943 46 139 140
4944 45 132 139
4945 44 44 139
4946 43 186 138
4947 42 62 138
4948 41 192 137
4949 40 64 137
4950 39 107 136
4951 38 207 136
4952 37 69 135
4953 36 23 135
4954 35 179 134
4955 34 231 134
4956 33 77 133
4957 32 197 133
4958 31 237 132
4959 30 79 132
4960 29 112 131
4961 28 123 131
4962 61 162 148
4963 60 54 148
4964 59 18 147
4965 58 6 147
4966 57 2 146
4967 56 172 146
4968 55 143 145
4969 54 219 145
4970 53 73 144
4971 52 110 144
4972 51 208 143
4973 50 155 143
4974 49 223 142
4975 48 160 142
4976 47 139 141
4977 46 132 141
4978 45 44 140
4979 44 186 140
4980 43 62 139
4981 42 192 139
4982 41 64 138
4983 40 107 138
4984 39 207 137
4985 38 69 137
4986 37 23 136
4987 36 179 136
4988 35 231 135
4989 34 77 135
4990 33 197 134
4991 32 237 134
4992 31 79 133
4993 30 112 133
4994 62 162 150
4995 61 54 149
4996 60 18 149
4997 59 6 148
4998 58 2 148
4999 57 172 147
5000 56 143 147
5001 55 219 146
5002 54 73 146
5003 53 110 145
5004 52 208 145
5005 51 155 144
5006 50 223 144
5007 49 160 143
5008 48 139 143
5009 47 132 142
5010 46 44 142
5011 45 186 141
5012 44 62 141
5013 43 192 140
5014 42 64 140
5015 41 107 139
5016 40 207 139
5017 39 69 138
5018 38 23 138
5019 37 179 137
5020 36 231 137
5021 35 77 136
5022 34 197 136
5023 33 237 135
5024 32 79 135
5025 63 162 151
5026 62 54 151
5027 61 18 150
5028 60 6 150
5029 59 2 149
5030 58 172 149
5031 57 143 148
5032 56 219 148
5033 55 73 147
5034 54 110 147
5035 53 208 146
5036 52 155 146
5037 51 223 145
5038 50 160 145
5039 49 139 144
5040 48 132 144
5041 47 44 143
5042 46 186 143
5043 45 62 142
5044 44 192 142
5045 43 64 141
5046 42 107 141
5047 41 207 140
5048 40 69 140
5049 39 23 139
5050 38 179 139
5051 37 231 138
5052 36 77 138
5053 35 197 137
5054 34 237 137
5055 64 162 153
5056 63 54 152
5057 62 18 152
5058 61 6 151
5059 60 2 151
5060 59 172 150
5061 58 143 150
5062 57 219 149
5063 56 73 149
5064 55 110 148
5065 54 208 148
5066 53 155 147
5067 52 223 147
5068 51 160 146
5069 50 139 146
5070 49 132 145
5071 48 44 145
5072 47 186 144
5073 46 62 144
5074 45 192 143
5075 44 64 143
5076 43 107 142
5077 42 207 142
5078 41 69 141
5079 40 23 141
5080 39 179 140
5081 38 231 140
5082 37 77 139
5083 36 197 139
5084 65 162 154
5085 64 54 154
5086 63 18 153
5087 62 6 153
5088 61 2 152
5089 60 172 152
5090 59 143 151
5091 58 219 151
5092 57 73 150
5093 56 110 150
5094 55 208 149
5095 54 155 149
5096 53 223 148
5097 52 160 148
5098 51 139 147
5099 50 132 147
5100 49 44 146
5101 48 186 146
5102 47 62 145
5103 46 192 145
5104 45 64 144
5105 44 107 144
5106 43 207 143
5107 42 69 143
5108 41 23 142
5109 40 179 142
5110 39 231 141
5111 38 77 141
5112 66 162 156
5113 65 54 155
5114 64 18 155
5115 63 6 154
5116 62 2 154
5117 61 172 153
5118 60 143 153
5119 59 219 152
5120 58 73 152
5121 57 110 151
5122 56 208 151
5123 55 155 150
5124 54 223 150
5125 53 160 149
5126 52 139 149
5127 51 132 148
5128 50 44 148
5129 49 186 147
5130 48 62 147
5131 47 192 146
5132 46 64 146
5133 45 107 145
5134 44 207 145
5135 43 69 144
5136 42 23 144
5137 41 179 143
5138 40 231 143
5139 67 162 157
5140 66 54 157
5141 65 18 156
5142 64 6 156
5143 63 2 155
5144 62 172 155
5145 61 143 154
5146 60 219 154
5147 59 73 153
5148 58 110 153
5149 57 208 152
5150 56 155 152
5151 55 223 151
5152 54 160 151
5153 53 139 150
5154 52 132 150
5155 51 44 149
5156 50 186 149
5157 49 62 148
5158 48 192 148
5159 47 64 147
5160 46 107 147
5161 45 207 146
5162 44 69 146
5163 43 23 145
5164 42 179 145
5165 68 162 159
5166 67 54 158
5167 66 18 158
5168 65 6 157
5169 64 2 157
5170 63 172 156
5171 62 143 156
5172 61 219 155
5173 60 73 155
5174 59 110 154
5175 58 208 154
5176 57 155 153
5177 56 223 153
5178 55 160 152
5179 54 139 152
5180 53 132 151
5181 52 44 151
5182 51 186 150
5183 50 62 150
5184 49 192 149
5185 48 64 149
5186 47 107 148
5187 46 207 148
5188 45 69 147
5189 44 23 147
5190 69 162 160
5191 68 54 160
5192 67 18 159
5193 66 6 159
5194 65 2 158
5195 64 172 158
5196 63 143 157
5197 62 219 157
5198 61 73 156
5199 60 110 156
5200 59 208 155
5201 58 155 155
5202 57 223 154
5203 56 160 154
5204 55 139 153
5205 54 132 153
5206 53 44 152
5207 52 186 152
5208 51 62 151
5209 50 192 151
5210 49 64 150
5211 48 107 150
5212 47 207 149
5213 46 69 149
5214 70 162 162
5215 69 54 161
5216 68 18 161
5217 67 6 160
5218 66 2 160
5219 65 172 159
5220 64 143 159
5221 63 219 158
5222 62 73 158
5223 61 110 157
5224 60 208 157
5225 59 155 156
5226 58 223 156
5227 57 160 155
5228 56 139 155
5229 55 132 154
5230 54 44 154
5231 53 186 153
5232 52 62 153
5233 51 192 152
5234 50 64 152
5235 49 107 151
5236 48 207 151
5237 71 162 163
5238 70 54 163
5239 69 18 162
5240 68 6 162
5241 67 2 161
5242 66 172 161
5243 65 143 160
5244 64 219 160
5245 63 73 159
5246 62 110 159
5247 61 208 158
5248 60 155 158
5249 59 223 157
5250 58 160 157
5251 57 139 156
5252 56 132 156
5253 55 44 155
5254 54 186 155
5255 53 62 154
5256 52 192 154
5257 51 64 153
5258 50 107 153
5259 72 162 165
5260 71 54 164
5261 70 18 164
5262 69 6 163
5263 68 2 163
5264 67 172 162
5265 66 143 162
5266 65 219 161
5267 64 73 161
5268 63 110 160
5269 62 208 160
5270 61 155 159
5271 60 223 159
5272 59 160 158
5273 58 139 158
5274 57 132 157
5275 56 44 157
5276 55 186 156
5277 54 62 156
5278 53 192 155
5279 52 64 155
5280 73 162 166
5281 72 54 166
5282 71 18 165
5283 70 6 165
5284 69 2 164
5285 68 172 164
5286 67 143 163
5287 66 219 163
5288 65 73 162
5289 64 110 162
5290 63 208 161
5291 62 155 161
5292 61 223 160
5293 60 160 160
5294 59 139 159
5295 58 132 159
5296 57 44 158
5297 56 186 158
5298 55 62 157
5299 54 192 157
5300 74 162 168
5301 73 54 167
5302 72 18 167
5303 71 6 166
5304 70 2 166
5305 69 172 165
5306 68 143 165
5307 67 219 164
5308 66 73 164
5309 65 110 163
5310 64 208 163
5311 63 155 162
5312 62 223 162
5313 61 160 161
5314 60 139 161
5315 59 132 160
5316 58 44 160
5317 57 186 159
5318 56 62 159
5319 75 162 169
5320 74 54 169
5321 73 18 168
5322 72 6 168
5323 71 2 167
5324 70 172 167
5325 69 143 166
5326 68 219 166
5327 67 73 165
5328 66 110 165
5329 65 208 164
5330 64 155 164
5331 63 223 163
5332 62 160 163
5333 61 139 162
5334 60 132 162
5335 59 44 161
5336 58 186 161
5337 76 162 171
5338 75 54 170
5339 74 18 170
5340 73 6 169
5341 72 2 169
5342 71 172 168
5343 70 143 168
5344 69 219 167
5345 68 73 167
5346 67 110 166
5347 66 208 166
5348 65 155 165
5349 64 223 165
5350 63 160 164
5351 62 139 164
5352 61 132 163
5353 60 44 163
5354 77 162 172
5355 76 54 172
5356 75 18 171
5357 74 6 171
5358 73 2 170
5359 72 172 170
5360 71 143 169
5361 70 219 169
5362 69 73 168
5363 68 110 168
5364 67 208 167
5365 66 155 167
5366 65 223 166
5367 64 160 166
5368 63 139 165
5369 62 132 165
5370 78 162 174
5371 77 54 173
5372 76 18 173
5373 75 6 172
5374 74 2 172
5375 73 172 171
5376 72 143 171
5377 71 219 170
5378 70 73 170
5379 69 110 169
5380 68 208 169
5381 67 155 168
5382 66 223 168
5383 65 160 167
5384 64 139 167
5385 79 162 175
5386 78 54 175
5387 77 18 174
5388 76 6 174
5389 75 2 173
5390 74 172 173
5391 73 143 172
5392 72 219 172
5393 71 73 171
5394 70 110 171
5395 69 208 170
5396 68 155 170
5397 67 223 169
5398 66 160 169
5399 80 162 177
5400 79 54 176
5401 78 18 176
5402 77 6 175
5403 76 2 175
5404 75 172 174
5405 74 143 174
5406 73 219 173
5407 72 73 173
5408 71 110 172
5409 70 208 172
5410 69 155 171
5411 68 223 171
5412 81 162 178
5413 80 54 178
5414 79 18 177
5415 78 6 177
5416 77 2 176
5417 76 172 176
5418 75 143 175
5419 74 219 175
5420 73 73 174
5421 72 110 174
5422 71 208 173
5423 70 155 173
5424 82 162 180
5425 81 54 179
5426 80 18 179
5427 79 6 178
5428 78 2 178
5429 77 172 177
5430 76 143 177
5431 75 219 176
5432 74 73 176
5433 73 110 175
5434 72 208 175
5435 83 162 181
5436 82 54 181
5437 81 18 180
5438 80 6 180
5439 79 2 179
5440 78 172 179
5441 77 143 178
5442 76 219 178
5443 75 73 177
5444 74 110 177
5445 84 162 183
5446 83 54 182
5447 82 18 182
5448 81 6 181
5449 80 2 181
5450 79 172 180
5451 78 143 180
5452 77 219 179
5453 76 73 179
5454 85 162 184
5455 84 54 184
5456 83 18 183
5457 82 6 183
5458 81 2 182
5459 80 172 182
5460 79 143 181
5461 78 219 181
5462 86 162 186
5463 85 54 185
5464 84 18 185
5465 83 6 184
5466 82 2 184
5467 81 172 183
5468 80 143 183
5469 87 162 187
5470 86 54 187
5471 85 18 186
5472 84 6 186
5473 83 2 185
5474 82 172 185
5475 88 162 189
5476 87 54 188
5477 86 18 188
5478 85 6 187
5479 84 2 187
5480 89 162 190
5481 88 54 190
5482 87 18 189
5483 86 6 189
5484 90 162 192
5485 89 54 191
5486 88 18 191
5487 91 162 193
5488 90 54 193
5489 92 162 195
5490 93 256 196
5491 91 64 194
5492 89 16 192
5493 87 4 190
5494 85 1 188
5495 83 193 186
5496 81 241 184
5497 79 253 182
5498 77 256 180
5499 75 64 178
5500 73 16 176
5501 71 4 174
5502 69 1 172
5503 67 193 170
5504 65 241 168
5505 63 253 166
5506 61 256 164
5507 59 64 162
5508 57 16 160
5509 55 4 158
5510 53 1 156
5511 51 193 154
5512 49 241 152
5513 47 253 150
5514 45 256 148
5515 43 64 146
5516 41 16 144
5517 39 4 142
5518 37 1 140
5519 35 193 138
5520 33 241 136
5521 31 253 134
5522 29 256 132
5523 27 64 130
5524 25 16 128
5525 23 4 126
5526 21 1 124
5527 19 193 122
5528 17 241 120
5529 15 253 118
5530 94 256 198
5531 92 64 196
5532 90 16 194
5533 88 4 192
5534 86 1 190
5535 84 193 188
5536 82 241 186
5537 80 253 184
5538 78 256 182
5539 76 64 180
5540 74 16 178
5541 72 4 176
5542 70 1 174
5543 68 193 172
5544 66 241 170
5545 64 253 168
5546 62 256 166
5547 60 64 164
5548 58 16 162
5549 56 4 160
5550 54 1 158
5551 52 193 156
5552 50 241 154
5553 48 253 152
5554 46 256 150
5555 44 64 148
5556 42 16 146
5557 40 4 144
5558 38 1 142
5559 36 193 140
5560 34 241 138
5561 32 253 136
5562 30 256 134
5563 28 64 132
5564 26 16 130
5565 24 4 128
5566 22 1 126
5567 20 193 124
5568 95 256 199
5569 93 64 197
5570 91 16 195
5571 89 4 193
5572 87 1 191
5573 85 193 189
5574 83 241 187
5575 81 253 185
5576 79 256 183
5577 77 64 181
5578 75 16 179
5579 73 4 177
5580 71 1 175
5581 69 193 173
5582 67 241 171
5583 65 253 169
5584 63 256 167
5585 61 64 165
5586 59 16 163
5587 57 4 161
5588 55 1 159
5589 53 193 157
5590 51 241 155
5591 49 253 153
5592 47 256 151
5593 45 64 149
5594 43 16 147
5595 41 4 145
5596 39 1 143
5597 37 193 141
5598 35 241 139
5599 33 253 137
5600 31 256 135
5601 29 64 133
5602 27 16 131
5603 25 4 129
5604 96 256 201
5605 94 64 199
5606 92 16 197
5607 90 4 195
5608 88 1 193
5609 86 193 191
5610 84 241 189
5611 82 253 187
5612 80 256 185
5613 78 64 183
5614 76 16 181
5615 74 4 179
5616 72 1 177
5617 70 193 175
5618 68 241 173
5619 66 253 171
5620 64 256 169
5621 62 64 167
5622 60 16 165
5623 58 4 163
5624 56 1 161
5625 54 193 159
5626 52 241 157
5627 50 253 155
5628 48 256 153
5629 46 64 151
5630 44 16 149
5631 42 4 147
5632 40 1 145
5633 38 193 143
5634 36 241 141
5635 34 253 139
5636 32 256 137
5637 30 64 135
5638 97 256 202
5639 95 64 200
5640 93 16 198
5641 91 4 196
5642 89 1 194
5643 87 193 192
5644 85 241 190
5645 83 253 188
5646 81 256 186
5647 79 64 184
5648 77 16 182
5649 75 4 180
5650 73 1 178
5651 71 193 176
5652 69 241 174
5653 67 253 172
5654 65 256 170
5655 63 64 168
5656 61 16 166
5657 59 4 164
5658 57 1 162
5659 55 193 160
5660 53 241 158
5661 51 253 156
5662 49 256 154
5663 47 64 152
5664 45 16 150
5665 43 4 148
5666 41 1 146
5667 39 193 144
5668 37 241 142
5669 35 253 140
5670 98 256 204
5671 96 64 202
5672 94 16 200
5673 92 4 198
5674 90 1 196
5675 88 193 194
5676 86 241 192
5677 84 253 190
5678 82 256 188
5679 80 64 186
5680 78 16 184
5681 76 4 182
5682 74 1 180
5683 72 193 178
5684 70 241 176
5685 68 253 174
5686 66 256 172
5687 64 64 170
5688 62 16 168
5689 60 4 166
5690 58 1 164
5691 56 193 162
5692 54 241 160
5693 52 253 158
5694 50 256 156
5695 48 64 154
5696 46 16 152
5697 44 4 150
5698 42 1 148
5699 40 193 146
5700 99 256 205
5701 97 64 203
5702 95 16 201
5703 93 4 199
5704 91 1 197
5705 89 193 195
5706 87 241 193
5707 85 253 191
5708 83 256 189
5709 81 64 187
5710 79 16 185
5711 77 4 183
5712 75 1 181
5713 73 193 179
5714 71 241 177
5715 69 253 175
5716 67 256 173
5717 65 64 171
5718 63 16 169
5719 61 4 167
5720 59 1 165
5721 57 193 163
5722 55 241 161
5723 53 253 159
5724 51 256 157
5725 49 64 155
5726 47 16 153
5727 45 4 151
5728 100 256 207
5729 98 64 205
5730 96 16 203
5731 94 4 201
5732 92 1 199
5733 90 193 197
5734 88 241 195
5735 86 253 193
5736 84 256 191
5737 82 64 189
5738 80 16 187
5739 78 4 185
5740 76 1 183
5741 74 193 181
5742 72 241 179
5743 70 253 177
5744 68 256 175
5745 66 64 173
5746 64 16 171
5747 62 4 169
5748 60 1 167
5749 58 193 165
5750 56 241 163
5751 54 253 161
5752 52 256 159
5753 50 64 157
5754 101 256 208
5755 99 64 206
5756 97 16 204
5757 95 4 202
5758 93 1 200
5759 91 193 198
5760 89 241 196
5761 87 253 194
5762 85 256 192
5763 83 64 190
5764 81 16 188
5765 79 4 186
5766 77 1 184
5767 75 193 182
5768 73 241 180
5769 71 253 178
5770 69 256 176
5771 67 64 174
5772 65 16 172
5773 63 4 170
5774 61 1 168
5775 59 193 166
5776 57 241 164
5777 55 253 162
5778 102 256 210
5779 100 64 208
5780 98 16 206
5781 96 4 204
5782 94 1 202
5783 92 193 200
5784 90 241 198
5785 88 253 196
5786 86 256 194
5787 84 64 192
5788 82 16 190
5789 80 4 188
5790 78 1 186
5791 76 193 184
5792 74 241 182
5793 72 253 180
5794 70 256 178
5795 68 64 176
5796 66 16 174
5797 64 4 172
5798 62 1 170
5799 60 193 168
5800 103 256 211
5801 101 64 209
5802 99 16 207
5803 97 4 205
5804 95 1 203
5805 93 193 201
5806 91 241 199
5807 89 253 197
5808 87 256 195
5809 85 64 193
5810 83 16 191
5811 81 4 189
5812 79 1 187
5813 77 193 185
5814 75 241 183
5815 73 253 181
5816 71 256 179
5817 69 64 177
5818 67 16 175
5819 65 4 173
5820 104 256 213
5821 102 64 211
5822 100 16 209
5823 98 4 207
5824 96 1 205
5825 94 193 203
5826 92 241 201
5827 90 253 199
5828 88 256 197
5829 86 64 195
5830 84 16 193
5831 82 4 191
5832 80 1 189
5833 78 193 187
5834 76 241 185
5835 74 253 183
5836 72 256 181
5837 70 64 179
5838 105 256 214
5839 103 64 212
5840 101 16 210
5841 99 4 208
5842 97 1 206
5843 95 193 204
5844 93 241 202
5845 91 253 200
5846 89 256 198
5847 87 64 196
5848 85 16 194
5849 83 4 192
5850 81 1 190
5851 79 193 188
5852 77 241 186
5853 75 253 184
5854 106 256 216
5855 104 64 214
5856 102 16 212
5857 100 4 210
5858 98 1 208
5859 96 193 206
5860 94 241 204
5861 92 253 202
5862 90 256 200
5863 88 64 198
5864 86 16 196
5865 84 4 194
5866 82 1 192
5867 80 193 190
5868 107 256 217
5869 105 64 215
5870 103 16 213
5871 101 4 211
5872 99 1 209
5873 97 193 207
5874 95 241 205
5875 93 253 203
5876 91 256 201
5877 89 64 199
5878 87 16 197
5879 85 4 195
5880 108 256 219
5881 106 64 217
5882 104 16 215
5883 102 4 213
5884 100 1 211
5885 98 193 209
5886 96 241 207
5887 94 253 205
5888 92 256 203
5889 90 64 201
5890 109 256 220
5891 107 64 218
5892 105 16 216
5893 103 4 214
5894 101 1 212
5895 99 193 210
5896 97 241 208
5897 95 253 206
5898 110 256 222
5899 108 64 220
5900 106 16 218
5901 104 4 216
5902 102 1 214
5903 100 193 212
5904 111 256 223
5905 109 64 221
5906 107 16 219
5907 105 4 217
5908 112 256 225
5909 110 64 223
5910 0 253 110
5911 0 253 111
5912 0 253 112
5913 0 253 113
5914 0 253 114
5915 0 253 115
5916 0 253 116
5917 0 253 117
5918 0 253 118
5919 0 253 119
5920 0 253 120
5921 0 253 121
5922 0 253 122
5923 0 253 123
5924 0 253 124
5925 0 253 125
5926 0 253 126
5927 0 253 127
5928 0 253 128
5929 0 253 129
5930 0 253 130
5931 0 253 131
5932 0 253 132
5933 0 253 133
5934 0 253 134
5935 0 253 135
5936 0 253 136
5937 0 253 137
5938 0 253 138
5939 0 253 139
5940 0 253 140
5941 0 253 141
5942 0 253 142
5943 0 253 143
5944 0 253 144
5945 0 253 145
5946 0 253 146
5947 1 255 110
5948 1 255 111
5949 1 255 112
5950 1 255 113
5951 1 255 114
5952 1 255 115
5953 1 255 116
5954 1 255 117
5955 1 255 118
5956 1 255 119
5957 1 255 120
5958 1 255 121
5959 1 255 122
5960 1 255 123
5961 1 255 124
5962 1 255 125
5963 1 255 126
5964 1 255 127
5965 1 255 128
5966 1 255 129
5967 1 255 130
5968 1 255 131
5969 1 255 132
5970 1 255 133
5971 1 255 134
5972 1 255 135
5973 1 255 136
5974 1 255 137
5975 1 255 138
5976 1 255 139
5977 1 255 140
5978 1 255 141
5979 1 255 142
5980 1 255 143
5981 1 255 144
5982 1 255 145
5983 2 256 110
5984 2 256 111
5985 2 256 112
5986 2 256 113
5987 2 256 114
5988 2 256 115
5989 2 256 116
5990 2 256 117
5991 2 256 118
5992 2 256 119
5993 2 256 120
5994 2 256 121
5995 2 256 122
5996 2 256 123
5997 2 256 124
5998 2 256 125
5999 2 256 126
6000 2 256 127
6001 2 256 128
6002 2 256 129
6003 2 256 130
6004 2 256 131
6005 2 256 132
6006 2 256 133
6007 2 256 134
6008 2 256 135
6009 2 256 136
6010 2 256 137
6011 2 256 138
6012 2 256 139
6013 2 256 140
6014 2 256 141
6015 2 256 142
6016 2 256 143
6017 2 256 144
6018 3 128 110
6019 3 128 111
6020 3 128 112
6021 3 128 113
6022 3 128 114
6023 3 128 115
6024 3 128 116
6025 3 128 117
6026 3 128 118
6027 3 128 119
6028 3 128 120
6029 3 128 121
6030 3 128 122
6031 3 128 123
6032 3 128 124
6033 3 128 125
6034 3 128 126
6035 3 128 127
6036 3 128 128
6037 3 128 129
6038 3 128 130
6039 3 128 131
6040 3 128 132
6041 3 128 133
6042 3 128 134
6043 3 128 135
6044 3 128 136
6045 3 128 137
6046 3 128 138
6047 3 128 139
6048 3 128 140
6049 3 128 141
6050 3 128 142
6051 3 128 143
6052 4 128 111
6053 5 193 111
6054 4 64 112
6055 4 64 113
6056 4 64 114
6057 4 64 115
6058 4 64 116
6059 4 64 117
6060 4 64 118
6061 4 64 119
6062 4 64 120
6063 4 64 121
6064 4 64 122
6065 4 64 123
6066 4 64 124
6067 4 64 125
6068 4 64 126
6069 4 64 127
6070 4 64 128
6071 4 64 129
6072 4 64 130
6073 4 64 131
6074 4 64 132
6075 4 64 133
6076 4 64 134
6077 4 64 135
6078 4 64 136
6079 4 64 137
6080 4 64 138
6081 4 64 139
6082 4 64 140
6083 4 64 141
6084 4 64 142
6085 5 128 112
6086 6 193 112
6087 7 32 112
6088 5 32 113
6089 5 32 114
6090 5 32 115
6091 5 32 116
6092 5 32 117
6093 5 32 118
6094 5 32 119
6095 5 32 120
6096 5 32 121
6097 5 32 122
6098 5 32 123
6099 5 32 124
6100 5 32 125
6101 5 32 126
6102 5 32 127
6103 5 32 128
6104 5 32 129
6105 5 32 130
6106 5 32 131
6107 5 32 132
6108 5 32 133
6109 5 32 134
6110 5 32 135
6111 5 32 136
6112 5 32 137
6113 5 32 138
6114 5 32 139
6115 5 32 140
6116 5 32 141
6117 6 128 113
6118 7 193 113
6119 8 32 113
6120 9 241 113
6121 6 16 114
6122 6 16 115
6123 6 16 116
6124 6 16 117
6125 6 16 118
6126 6 16 119
6127 6 16 120
6128 6 16 121
6129 6 16 122
6130 6 16 123
6131 6 16 124
6132 6 16 125
6133 6 16 126
6134 6 16 127
6135 6 16 128
6136 6 16 129
6137 6 16 130
6138 6 16 131
6139 6 16 132
6140 6 16 133
6141 6 16 134
6142 6 16 135
6143 6 16 136
6144 6 16 137
6145 6 16 138
6146 6 16 139
6147 6 16 140
6148 7 128 114
6149 8 193 114
6150 9 32 114
6151 10 241 114
6152 11 8 114
6153 7 8 115
6154 7 8 116
6155 7 8 117
6156 7 8 118
6157 7 8 119
6158 7 8 120
6159 7 8 121
6160 7 8 122
6161 7 8 123
6162 7 8 124
6163 7 8 125
6164 7 8 126
6165 7 8 127
6166 7 8 128
6167 7 8 129
6168 7 8 130
6169 7 8 131
6170 7 8 132
6171 7 8 133
6172 7 8 134
6173 7 8 135
6174 7 8 136
6175 7 8 137
6176 7 8 138
6177 7 8 139
6178 8 128 115
6179 9 193 115
6180 10 32 115
6181 11 241 115
6182 8 16 116
6183 12 4 116
6184 13 255 116
6185 8 4 117
6186 8 4 118
6187 8 4 119
6188 8 4 120
6189 8 4 121
6190 8 4 122
6191 8 4 123
6192 8 4 124
6193 8 4 125
6194 8 4 126
6195 8 4 127
6196 8 4 128
6197 8 4 129
6198 8 4 130
6199 8 4 131
6200 8 4 132
6201 8 4 133
6202 8 4 134
6203 8 4 135
6204 8 4 136
6205 8 4 137
6206 8 4 138
6207 9 128 116
6208 10 193 116
6209 11 32 116
6210 9 32 117
6211 12 249 117
6212 13 4 117
6213 9 8 118
6214 14 256 118
6215 9 4 119
6216 15 193 119
6217 9 2 120
6218 9 2 121
6219 9 2 122
6220 9 2 123
6221 9 2 124
6222 9 2 125
6223 9 2 126
6224 9 2 127
6225 9 2 128
6226 9 2 129
6227 9 2 130
6228 9 2 131
6229 9 2 132
6230 9 2 133
6231 9 2 134
6232 9 2 135
6233 9 2 136
6234 9 2 137
6235 10 128 117
6236 11 193 117
6237 10 64 118
6238 12 16 118
6239 13 249 118
6240 10 16 119
6241 14 2 119
6242 10 8 120
6243 15 128 120
6244 16 193 120
6245 10 2 121
6246 17 16 121
6247 10 1 122
6248 10 1 123
6249 10 1 124
6250 10 1 125
6251 10 1 126
6252 10 1 127
6253 10 1 128
6254 10 1 129
6255 10 1 130
6256 10 1 131
6257 10 1 132
6258 10 1 133
6259 10 1 134
6260 10 1 135
6261 10 1 136
6262 11 128 118
6263 11 128 119
6264 12 225 119
6265 13 16 119
6266 11 32 120
6267 14 253 120
6268 11 16 121
6269 15 1 121
6270 16 128 121
6271 11 4 122
6272 17 225 122
6273 18 16 122
6274 11 1 123
6275 19 253 123
6276 11 129 124
6277 11 129 125
6278 11 129 126
6279 11 129 127
6280 11 129 128
6281 11 129 129
6282 11 129 130
6283 11 129 131
6284 11 129 132
6285 11 129 133
6286 11 129 134
6287 11 129 135
6288 12 128 120
6289 13 63 120
6290 12 38 121
6291 13 76 121
6292 14 8 121
6293 12 32 122
6294 15 255 122
6295 16 1 122
6296 12 8 123
6297 17 64 123
6298 18 225 123
6299 12 2 124
6300 19 8 124
6301 12 1 125
6302 20 255 125
6303 21 1 125
6304 12 193 126
6305 12 193 127
6306 12 193 128
6307 12 193 129
6308 12 193 130
6309 12 193 131
6310 12 193 132
6311 12 193 133
6312 12 193 134
6313 13 128 122
6314 14 63 122
6315 13 38 123
6316 14 76 123
6317 15 8 123
6318 16 120 123
6319 13 221 124
6320 16 197 124
6321 17 129 124
6322 18 64 124
6323 13 4 125
6324 19 241 125
6325 13 2 126
6326 20 4 126
6327 21 255 126
6328 13 129 127
6329 22 129 127
6330 23 64 127
6331 13 225 128
6332 13 225 129
6333 13 225 130
6334 13 225 131
6335 13 225 132
6336 13 225 133
6337 14 128 124
6338 15 63 124
6339 14 38 125
6340 15 76 125
6341 16 8 125
6342 17 120 125
6343 18 129 125
6344 14 60 126
6345 17 249 126
6346 18 224 126
6347 19 32 126
6348 14 4 127
6349 20 249 127
6350 21 4 127
6351 14 1 128
6352 22 256 128
6353 23 129 128
6354 14 193 129
6355 24 32 129
6356 14 225 130
6357 25 249 130
6358 14 241 131
6359 14 241 132
6360 15 128 126
6361 16 63 126
6362 15 38 127
6363 16 76 127
6364 17 8 127
6365 18 120 127
6366 19 129 127
6367 15 60 128
6368 18 249 128
6369 19 224 128
6370 20 32 128
6371 21 197 128
6372 15 72 129
6373 21 135 129
6374 22 2 129
6375 23 256 129
6376 15 129 130
6377 24 193 130
6378 15 193 131
6379 25 16 131
6380 26 249 131
6381 15 241 132
6382 16 128 128
6383 17 63 128
6384 16 38 129
6385 17 76 129
6386 18 8 129
6387 19 120 129
6388 20 129 129
6389 16 60 130
6390 19 249 130
6391 20 224 130
6392 21 32 130
6393 22 197 130
6394 23 226 130
6395 16 148 131
6396 22 177 131
6397 23 69 131
6398 24 128 131
6399 16 129 132
6400 25 225 132
6401 26 16 132
6402 27 217 132
6403 17 128 130
6404 18 63 130
6405 17 38 131
6406 18 76 131
6407 19 8 131
6408 20 120 131
6409 21 129 131
6410 17 60 132
6411 20 249 132
6412 21 224 132
6413 22 32 132
6414 23 197 132
6415 24 226 132
6416 14 253 133
6417 15 147 133
6418 16 240 133
6419 17 208 133
6420 23 188 133
6421 24 32 133
6422 25 209 133
6423 18 128 132
6424 19 63 132
6425 18 38 133
6426 19 76 133
6427 20 8 133
6428 21 120 133
6429 22 129 133
6430 26 73 133
6431 27 107 133
6432 28 47 133
6433 13 18 134
6434 14 3 134
6435 15 247 134
6436 16 199 134
6437 17 34 134
6438 18 47 134
6439 21 228 134
6440 22 224 134
6441 23 240 134
6442 19 128 134
6443 20 63 134
6444 24 9 134
6445 25 151 134
6446 26 97 134
6447 27 163 134
6448 28 253 134
6449 29 189 134
6450 12 1 135
6451 13 159 135
6452 14 17 135
6453 15 229 135
6454 16 11 135
6455 17 46 135
6456 18 189 135
6457 19 111 135
6458 20 101 135
6459 21 102 135
6460 22 112 135
6461 23 195 135
6462 24 101 135
6463 25 201 135
6464 26 188 135
6465 27 90 135
6466 28 85 135
6467 29 81 135
6468 11 198 136
6469 12 243 136
6470 13 212 136
6471 14 234 136
6472 15 36 136
6473 16 187 136
6474 17 248 136
6475 18 50 136
6476 19 239 136
6477 20 229 136
6478 21 166 136
6479 22 149 136
6480 23 226 136
6481 24 123 136
6482 25 102 136
6483 26 241 136
6484 27 100 136
6485 28 12 136
6486 29 8 136
6487 30 125 136
6488 31 254 136
6489 10 123 137
6490 11 112 137
6491 12 78 137
6492 13 123 137
6493 14 86 137
6494 15 205 137
6495 16 9 137
6496 17 45 137
6497 18 102 137
6498 19 14 137
6499 20 180 137
6500 21 220 137
6501 22 15 137
6502 23 154 137
6503 24 37 137
6504 25 146 137
6505 26 146 137
6506 27 212 137
6507 28 254 137
6508 29 130 137
6509 30 174 137
6510 31 155 137
6511 9 209 138
6512 10 2 138
6513 11 145 138
6514 12 13 138
6515 13 24 138
6516 14 225 138
6517 15 147 138
6518 16 37 138
6519 17 213 138
6520 18 51 138
6521 19 162 138
6522 20 244 138
6523 21 250 138
6524 22 49 138
6525 23 65 138
6526 24 150 138
6527 25 202 138
6528 26 126 138
6529 27 145 138
6530 28 85 138
6531 29 100 138
6532 30 171 138
6533 31 129 138
6534 32 105 138
6535 33 233 138
6536 8 128 139
6537 9 7 139
6538 10 74 139
6539 11 232 139
6540 12 64 139
6541 13 215 139
6542 14 37 139
6543 15 133 139
6544 16 48 139
6545 17 45 139
6546 18 61 139
6547 19 95 139
6548 20 188 139
6549 21 168 139
6550 22 231 139
6551 23 137 139
6552 24 98 139
6553 25 49 139
6554 26 86 139
6555 27 27 139
6556 28 207 139
6557 29 181 139
6558 30 33 139
6559 31 41 139
6560 32 193 139
6561 33 103 139
6562 7 245 140
6563 8 110 140
6564 9 100 140
6565 10 95 140
6566 12 50 140
6567 14 46 140
6568 15 32 140
6569 16 114 140
6570 17 200 140
6571 18 156 140
6572 19 126 140
6573 20 155 140
6574 21 137 140
6575 22 217 140
6576 23 211 140
6577 24 168 140
6578 25 190 140
6579 26 242 140
6580 27 164 140
6581 28 93 140
6582 29 158 140
6583 30 180 140
6584 31 228 140
6585 32 158 140
6586 33 99 140
6587 34 139 140
6588 6 248 141
6589 7 249 141
6590 8 62 141
6591 20 191 141
6592 22 162 141
6593 24 118 141
6594 25 252 141
6595 26 167 141
6596 27 139 141
6597 28 27 141
6598 29 36 141
6599 30 34 141
6600 31 66 141
6601 32 172 141
6602 33 115 141
6603 34 249 141
6604 35 234 141
6605 5 165 142
6606 6 254 142
6607 30 43 142
6608 32 238 142
6609 34 7 142
6610 35 202 142
6611 36 129 142
6612 4 128 143
6613 37 1 143
6614 36 129 143
6615 35 225 143
6616 34 241 143
6617 33 253 142
6618 32 255 143
6619 31 128 142
6620 30 64 143
6621 29 16 142
6622 28 8 142
6623 27 2 142
6624 26 1 142
6625 25 193 142
6626 24 225 142
6627 23 249 141
6628 22 253 142
6629 21 256 141
6630 20 128 142
6631 19 32 141
6632 18 16 141
6633 17 4 141
6634 16 2 141
6635 15 129 141
6636 14 193 141
6637 13 241 140
6638 12 249 141
6639 11 255 140
6640 10 256 141
6641 9 64 141
6642 11 57 141
6643 13 105 141
6644 7 187 142
6645 8 251 142
6646 9 207 142
6647 10 179 142
6648 11 208 142
6649 13 83 142
6650 15 88 142
6651 17 149 142
6652 18 241 142
6653 38 1 144
6654 37 193 144
6655 36 225 144
6656 35 249 144
6657 34 253 144
6658 33 256 143
6659 32 128 144
6660 31 32 143
6661 30 16 144
6662 29 4 143
6663 28 2 143
6664 27 129 143
6665 26 193 143
6666 25 241 143
6667 24 249 143
6668 23 255 142
6669 22 256 143
6670 21 64 142
6671 20 32 143
6672 19 8 142
6673 5 131 143
6674 6 64 143
6675 16 129 142
6676 7 103 143
6677 14 241 142
6678 8 201 143
6679 12 255 142
6680 9 212 143
6681 10 64 143
6682 11 190 143
6683 12 100 143
6684 13 202 143
6685 14 131 143
6686 15 140 143
6687 16 225 143
6688 17 186 143
6689 18 168 143
6690 19 124 143
6691 21 164 143
6692 39 129 145
6693 38 193 145
6694 37 241 145
6695 36 249 145
6696 35 255 145
6697 34 256 145
6698 33 64 144
6699 32 32 145
6700 31 8 144
6701 30 4 145
6702 29 1 144
6703 28 129 144
6704 27 225 144
6705 26 241 144
6706 25 253 144
6707 24 255 144
6708 23 128 143
6709 22 64 144
6710 3 120 144
6711 20 8 144
6712 4 200 144
6713 5 101 144
6714 6 50 144
6715 7 226 144
6716 8 109 144
6717 9 56 144
6718 10 244 144
6719 11 7 144
6720 12 1 144
6721 13 254 144
6722 14 136 144
6723 15 72 144
6724 16 159 144
6725 17 54 144
6726 18 54 144
6727 19 158 144
6728 21 111 144
6729 23 108 144
6730 40 129 147
6731 39 225 146
6732 38 241 146
6733 37 253 146
6734 36 255 146
6735 35 128 146
6736 34 64 146
6737 33 16 145
6738 32 8 146
6739 31 2 145
6740 30 1 146
6741 29 193 145
6742 28 225 145
6743 27 249 145
6744 26 253 145
6745 25 256 145
6746 24 128 145
6747 2 153 145
6748 22 16 145
6749 3 145 145
6750 20 2 145
6751 4 34 145
6752 5 154 145
6753 6 224 145
6754 7 150 145
6755 8 73 145
6756 9 220 145
6757 10 87 145
6758 11 84 145
6759 12 128 145
6760 13 124 145
6761 14 189 145
6762 15 122 145
6763 16 245 145
6764 17 84 145
6765 18 90 145
6766 19 61 145
6767 41 193 147
6768 40 225 148
6769 39 249 147
6770 38 253 147
6771 37 256 147
6772 36 128 147
6773 35 32 147
6774 34 16 147
6775 33 4 146
6776 32 2 147
6777 31 129 146
6778 30 193 147
6779 29 241 146
6780 28 249 146
6781 27 255 146
6782 26 256 146
6783 25 64 146
6784 24 32 146
6785 23 8 145
6786 22 4 146
6787 21 1 145
6788 20 129 146
6789 1 141 146
6790 2 3 146
6791 3 3 146
6792 4 43 146
6793 5 172 146
6794 6 9 146
6795 7 223 146
6796 8 6 146
6797 9 212 146
6798 10 77 146
6799 12 229 146
6800 11 223 146
6801 13 39 146
6802 14 208 146
6803 42 193 149
6804 41 241 148
6805 40 249 149
6806 39 255 148
6807 38 256 148
6808 37 64 148
6809 36 32 148
6810 35 8 148
6811 34 4 148
6812 33 1 147
6813 32 129 148
6814 31 225 147
6815 30 241 148
6816 29 253 147
6817 28 255 147
6818 27 128 147
6819 26 64 147
6820 25 16 147
6821 24 8 147
6822 23 2 146
6823 22 1 147
6824 21 193 146
6825 20 225 147
6826 19 249 146
6827 18 253 146
6828 17 256 146
6829 16 128 146
6830 15 32 146
6831 0 146 147
6832 1 231 147
6833 2 39 147
6834 4 253 147
6835 6 123 147
6836 8 34 147
6837 10 105 147
6838 43 225 149
6839 42 241 150
6840 41 253 149
6841 40 255 150
6842 39 128 149
6843 38 64 149
6844 37 16 149
6845 36 8 149
6846 35 2 149
6847 34 1 149
6848 33 193 148
6849 32 225 149
6850 31 249 148
6851 30 253 149
6852 29 256 148
6853 28 128 148
6854 27 32 148
6855 26 16 148
6856 25 4 148
6857 24 2 148
6858 23 129 147
6859 22 193 148
6860 21 241 147
6861 20 249 148
6862 19 255 147
6863 18 256 147
6864 17 64 147
6865 16 32 147
6866 15 8 147
6867 14 4 147
6868 12 106 147
6869 13 3 147
6870 0 72 148
6871 1 142 148
6872 44 225 151
6873 43 249 150
6874 42 253 151
6875 41 256 150
6876 40 128 151
6877 39 32 150
6878 38 16 150
6879 37 4 150
6880 36 2 150
6881 35 129 150
6882 34 193 150
6883 33 241 149
6884 32 249 150
6885 31 255 149
6886 30 256 150
6887 29 64 149
6888 28 32 149
6889 27 8 149
6890 26 4 149
6891 25 1 149
6892 24 129 149
6893 23 225 148
6894 22 241 149
6895 21 253 148
6896 20 255 149
6897 19 128 148
6898 18 64 148
6899 17 16 148
6900 16 8 148
6901 15 2 148
6902 14 1 148
6903 12 84 148
6904 0 106 149
6905 45 241 152
6906 44 249 152
6907 43 255 151
6908 42 256 152
6909 41 64 151
6910 40 32 152
6911 39 8 151
6912 38 4 151
6913 37 1 151
6914 36 129 151
6915 35 225 151
6916 34 241 151
6917 33 253 150
6918 32 255 151
6919 31 128 150
6920 30 64 151
6921 29 16 150
6922 28 8 150
6923 27 2 150
6924 26 1 150
6925 25 193 150
6926 24 225 150
6927 23 249 149
6928 22 253 150
6929 21 256 149
6930 20 128 150
6931 19 32 149
6932 18 16 149
6933 17 4 149
6934 16 2 149
6935 15 129 149
6936 14 193 149
6937 46 241 153
6938 45 253 153
6939 44 255 153
6940 43 128 152
6941 42 64 153
6942 41 16 152
6943 40 8 153
6944 39 2 152
6945 38 1 152
6946 37 193 152
6947 36 225 152
6948 35 249 152
6949 34 253 152
6950 33 256 151
6951 32 128 152
6952 31 32 151
6953 30 16 152
6954 29 4 151
6955 28 2 151
6956 27 129 151
6957 26 193 151
6958 25 241 151
6959 24 249 151
6960 23 255 150
6961 22 256 151
6962 21 64 150
6963 20 32 151
6964 19 8 150
6965 18 4 150
6966 17 1 150
6967 16 129 150
6968 47 249 154
6969 46 253 154
6970 45 256 154
6971 44 128 154
6972 43 32 153
6973 42 16 154
6974 41 4 153
6975 40 2 154
6976 39 129 153
6977 38 193 153
6978 37 241 153
6979 36 249 153
6980 35 255 153
6981 34 256 153
6982 33 64 152
6983 32 32 153
6984 31 8 152
6985 30 4 153
6986 29 1 152
6987 28 129 152
6988 27 225 152
6989 26 241 152
6990 25 253 152
6991 24 255 152
6992 23 128 151
6993 22 64 152
6994 21 16 151
6995 20 8 152
6996 19 2 151
6997 18 1 151
6998 48 249 155
6999 47 255 155
7000 46 256 155
7001 45 64 155
7002 44 32 155
7003 43 8 154
7004 42 4 155
7005 41 1 154
7006 40 129 155
7007 39 225 154
7008 38 241 154
7009 37 253 154
7010 36 255 154
7011 35 128 154
7012 34 64 154
7013 33 16 153
7014 32 8 154
7015 31 2 153
7016 30 1 154
7017 29 193 153
7018 28 225 153
7019 27 249 153
7020 26 253 153
7021 25 256 153
7022 24 128 153
7023 23 32 152
7024 22 16 153
7025 21 4 152
7026 20 2 153
7027 49 253 156
7028 48 255 156
7029 47 128 156
7030 46 64 156
7031 45 16 156
7032 44 8 156
7033 43 2 155
7034 42 1 156
7035 41 193 155
7036 40 225 156
7037 39 249 155
7038 38 253 155
7039 37 256 155
7040 36 128 155
7041 35 32 155
7042 34 16 155
7043 33 4 154
7044 32 2 155
7045 31 129 154
7046 30 193 155
7047 29 241 154
7048 28 249 154
7049 27 255 154
7050 26 256 154
7051 25 64 154
7052 24 32 154
7053 23 8 153
7054 22 4 154
7055 50 253 158
7056 49 256 157
7057 48 128 157
7058 47 32 157
7059 46 16 157
7060 45 4 157
7061 44 2 157
7062 43 129 156
7063 42 193 157
7064 41 241 156
7065 40 249 157
7066 39 255 156
7067 38 256 156
7068 37 64 156
7069 36 32 156
7070 35 8 156
7071 34 4 156
7072 33 1 155
7073 32 129 156
7074 31 225 155
7075 30 241 156
7076 29 253 155
7077 28 255 155
7078 27 128 155
7079 26 64 155
7080 25 16 155
7081 24 8 155
7082 51 255 158
7083 50 256 159
7084 49 64 158
7085 48 32 158
7086 47 8 158
7087 46 4 158
7088 45 1 158
7089 44 129 158
7090 43 225 157
7091 42 241 158
7092 41 253 157
7093 40 255 158
7094 39 128 157
7095 38 64 157
7096 37 16 157
7097 36 8 157
7098 35 2 157
7099 34 1 157
7100 33 193 156
7101 32 225 157
7102 31 249 156
7103 30 253 157
7104 29 256 156
7105 28 128 156
7106 27 32 156
7107 26 16 156
7108 52 255 160
7109 51 128 159
7110 50 64 160
7111 49 16 159
7112 48 8 159
7113 47 2 159
7114 46 1 159
7115 45 193 159
7116 44 225 159
7117 43 249 158
7118 42 253 159
7119 41 256 158
7120 40 128 159
7121 39 32 158
7122 38 16 158
7123 37 4 158
7124 36 2 158
7125 35 129 158
7126 34 193 158
7127 33 241 157
7128 32 249 158
7129 31 255 157
7130 30 256 158
7131 29 64 157
7132 28 32 157
7133 53 256 160
7134 52 128 161
7135 51 32 160
7136 50 16 161
7137 49 4 160
7138 48 2 160
7139 47 129 160
7140 46 193 160
7141 45 241 160
7142 44 249 160
7143 43 255 159
7144 42 256 160
7145 41 64 159
7146 40 32 160
7147 39 8 159
7148 38 4 159
7149 37 1 159
7150 36 129 159
7151 35 225 159
7152 34 241 159
7153 33 253 158
7154 32 255 159
7155 31 128 158
7156 30 64 159
7157 54 256 162
7158 53 64 161
7159 52 32 162
7160 51 8 161
7161 50 4 162
7162 49 1 161
7163 48 129 161
7164 47 225 161
7165 46 241 161
7166 45 253 161
7167 44 255 161
7168 43 128 160
7169 42 64 161
7170 41 16 160
7171 40 8 161
7172 39 2 160
7173 38 1 160
7174 37 193 160
7175 36 225 160
7176 35 249 160
7177 34 253 160
7178 33 256 159
7179 32 128 160
7180 55 128 163
7181 54 64 163
7182 53 16 162
7183 52 8 163
7184 51 2 162
7185 50 1 163
7186 49 193 162
7187 48 225 162
7188 47 249 162
7189 46 253 162
7190 45 256 162
7191 44 128 162
7192 43 32 161
7193 42 16 162
7194 41 4 161
7195 40 2 162
7196 39 129 161
7197 38 193 161
7198 37 241 161
7199 36 249 161
7200 35 255 161
7201 34 256 161
7202 56 128 164
7203 55 32 164
7204 54 16 164
7205 53 4 163
7206 52 2 164
7207 51 129 163
7208 50 193 164
7209 49 241 163
7210 48 249 163
7211 47 255 163
7212 46 256 163
7213 45 64 163
7214 44 32 163
7215 43 8 162
7216 42 4 163
7217 41 1 162
7218 40 129 163
7219 39 225 162
7220 38 241 162
7221 37 253 162
7222 36 255 162
7223 57 64 165
7224 56 32 165
7225 55 8 165
7226 54 4 165
7227 53 1 164
7228 52 129 165
7229 51 225 164
7230 50 241 165
7231 49 253 164
7232 48 255 164
7233 47 128 164
7234 46 64 164
7235 45 16 164
7236 44 8 164
7237 43 2 163
7238 42 1 164
7239 41 193 163
7240 40 225 164
7241 39 249 163
7242 38 253 163
7243 58 64 166
7244 57 16 166
7245 56 8 166
7246 55 2 166
7247 54 1 166
7248 53 193 165
7249 52 225 166
7250 51 249 165
7251 50 253 166
7252 49 256 165
7253 48 128 165
7254 47 32 165
7255 46 16 165
7256 45 4 165
7257 44 2 165
7258 43 129 164
7259 42 193 165
7260 41 241 164
7261 40 249 165
7262 59 32 167
7263 58 16 167
7264 57 4 167
7265 56 2 167
7266 55 129 167
7267 54 193 167
7268 53 241 166
7269 52 249 167
7270 51 255 166
7271 50 256 167
7272 49 64 166
7273 48 32 166
7274 47 8 166
7275 46 4 166
7276 45 1 166
7277 44 129 166
7278 43 225 165
7279 42 241 166
7280 60 32 169
7281 59 8 168
7282 58 4 168
7283 57 1 168
7284 56 129 168
7285 55 225 168
7286 54 241 168
7287 53 253 167
7288 52 255 168
7289 51 128 167
7290 50 64 168
7291 49 16 167
7292 48 8 167
7293 47 2 167
7294 46 1 167
7295 45 193 167
7296 44 225 167
7297 61 16 169
7298 60 8 170
7299 59 2 169
7300 58 1 169
7301 57 193 169
7302 56 225 169
7303 55 249 169
7304 54 253 169
7305 53 256 168
7306 52 128 169
7307 51 32 168
7308 50 16 169
7309 49 4 168
7310 48 2 168
7311 47 129 168
7312 46 193 168
7313 62 16 171
7314 61 4 170
7315 60 2 171
7316 59 129 170
7317 58 193 170
7318 57 241 170
7319 56 249 170
7320 55 255 170
7321 54 256 170
7322 53 64 169
7323 52 32 170
7324 51 8 169
7325 50 4 170
7326 49 1 169
7327 48 129 169
7328 63 8 171
7329 62 4 172
7330 61 1 171
7331 60 129 172
7332 59 225 171
7333 58 241 171
7334 57 253 171
7335 56 255 171
7336 55 128 171
7337 54 64 171
7338 53 16 170
7339 52 8 171
7340 51 2 170
7341 50 1 171
7342 64 8 173
7343 63 2 172
7344 62 1 173
7345 61 193 172
7346 60 225 173
7347 59 249 172
7348 58 253 172
7349 57 256 172
7350 56 128 172
7351 55 32 172
7352 54 16 172
7353 53 4 171
7354 52 2 172
7355 65 4 174
7356 64 2 174
7357 63 129 173
7358 62 193 174
7359 61 241 173
7360 60 249 174
7361 59 255 173
7362 58 256 173
7363 57 64 173
7364 56 32 173
7365 55 8 173
7366 54 4 173
7367 66 4 175
7368 65 1 175
7369 64 129 175
7370 63 225 174
7371 62 241 175
7372 61 253 174
7373 60 255 175
7374 59 128 174
7375 58 64 174
7376 57 16 174
7377 56 8 174
7378 67 2 176
7379 66 1 176
7380 65 193 176
7381 64 225 176
7382 63 249 175
7383 62 253 176
7384 61 256 175
7385 60 128 176
7386 59 32 175
7387 58 16 175
7388 68 2 177
7389 67 129 177
7390 66 193 177
7391 65 241 177
7392 64 249 177
7393 63 255 176
7394 62 256 177
7395 61 64 176
7396 60 32 177
7397 69 1 178
7398 68 129 178
7399 67 225 178
7400 66 241 178
7401 65 253 178
7402 64 255 178
7403 63 128 177
7404 62 64 178
7405 70 1 180
7406 69 193 179
7407 68 225 179
7408 67 249 179
7409 66 253 179
7410 65 256 179
7411 64 128 179
7412 71 129 180
7413 70 193 181
7414 69 241 180
7415 68 249 180
7416 67 255 180
7417 66 256 180
7418 72 129 182
7419 71 225 181
7420 70 241 182
7421 69 253 181
7422 68 255 181
7423 73 193 182
7424 72 225 183
7425 71 249 182
7426 70 253 183
7427 74 193 184
7428 73 241 183
7429 72 249 184
7430 75 225 185
7431 74 241 185
7432 76 225 186
7433 77 66 187
7434 75 11 186
7435 73 216 184
7436 71 36 183
7437 69 6 182
7438 67 1 181
7439 65 43 180
7440 63 50 178
7441 61 94 177
7442 59 187 176
7443 57 74 175
7444 55 98 174
7445 53 102 172
7446 51 17 171
7447 49 217 170
7448 47 79 169
7449 45 56 168
7450 43 95 166
7451 41 230 165
7452 39 124 164
7453 37 192 163
7454 35 32 162
7455 33 91 160
7456 31 58 159
7457 29 181 158
7458 27 73 157
7459 25 55 156
7460 23 52 154
7461 21 180 153
7462 19 30 152
7463 17 5 151
7464 15 215 150
7465 78 66 188
7466 76 11 187
7467 74 216 186
7468 72 36 185
7469 70 6 184
7470 68 1 182
7471 66 43 181
7472 64 50 180
7473 62 94 179
7474 60 187 178
7475 58 74 176
7476 56 98 175
7477 54 102 174
7478 52 17 173
7479 50 217 172
7480 48 79 170
7481 46 56 169
7482 44 95 168
7483 42 230 167
7484 40 124 166
7485 38 192 164
7486 36 32 163
7487 34 91 162
7488 32 58 161
7489 30 181 160
7490 28 73 158
7491 26 55 157
7492 24 52 156
7493 22 180 155
7494 20 30 154
7495 18 5 152
7496 79 33 189
7497 77 134 188
7498 75 108 187
7499 73 18 185
7500 71 3 184
7501 69 129 183
7502 67 150 182
7503 65 25 181
7504 63 47 179
7505 61 222 178
7506 59 37 177
7507 57 49 176
7508 55 51 175
7509 53 137 173
7510 51 237 172
7511 49 168 171
7512 47 28 170
7513 45 176 169
7514 43 115 167
7515 41 62 166
7516 39 96 165
7517 37 16 164
7518 35 174 163
7519 33 29 161
7520 31 219 160
7521 29 165 159
7522 27 156 158
7523 25 26 157
7524 23 90 155
7525 21 15 154
7526 80 33 191
7527 78 134 189
7528 76 108 188
7529 74 18 187
7530 72 3 186
7531 70 129 185
7532 68 150 183
7533 66 25 182
7534 64 47 181
7535 62 222 180
7536 60 37 179
7537 58 49 177
7538 56 51 176
7539 54 137 175
7540 52 237 174
7541 50 168 173
7542 48 28 171
7543 46 176 170
7544 44 115 169
7545 42 62 168
7546 40 96 167
7547 38 16 165
7548 36 174 164
7549 34 29 163
7550 32 219 162
7551 30 165 161
7552 28 156 159
7553 26 26 158
7554 24 90 157
7555 81 145 191
7556 79 67 190
7557 77 54 189
7558 75 9 188
7559 73 130 186
7560 71 193 185
7561 69 75 184
7562 67 141 183
7563 65 152 182
7564 63 111 180
7565 61 147 179
7566 59 153 178
7567 57 154 177
7568 55 197 176
7569 53 247 174
7570 51 84 173
7571 49 14 172
7572 47 88 171
7573 45 186 170
7574 43 31 168
7575 41 48 167
7576 39 8 166
7577 37 87 165
7578 35 143 164
7579 33 238 162
7580 31 211 161
7581 29 78 160
7582 27 13 159
7583 82 145 193
7584 80 67 192
7585 78 54 190
7586 76 9 189
7587 74 130 188
7588 72 193 187
7589 70 75 186
7590 68 141 184
7591 66 152 183
7592 64 111 182
7593 62 147 181
7594 60 153 180
7595 58 154 178
7596 56 197 177
7597 54 247 176
7598 52 84 175
7599 50 14 174
7600 48 88 172
7601 46 186 171
7602 44 31 170
7603 42 48 169
7604 40 8 168
7605 38 87 166
7606 36 143 165
7607 34 238 164
7608 32 211 163
7609 30 78 162
7610 83 201 193
7611 81 162 192
7612 79 27 191
7613 77 133 190
7614 75 65 189
7615 73 225 187
7616 71 166 186
7617 69 199 185
7618 67 76 184
7619 65 184 183
7620 63 202 181
7621 61 205 180
7622 59 77 179
7623 57 227 178
7624 55 252 177
7625 53 42 175
7626 51 7 174
7627 49 44 173
7628 47 93 172
7629 45 144 171
7630 43 24 169
7631 41 4 168
7632 39 172 167
7633 37 200 166
7634 35 119 165
7635 33 234 163
7636 84 201 195
7637 82 162 194
7638 80 27 193
7639 78 133 191
7640 76 65 190
7641 74 225 189
7642 72 166 188
7643 70 199 187
7644 68 76 185
7645 66 184 184
7646 64 202 183
7647 62 205 182
7648 60 77 181
7649 58 227 179
7650 56 252 178
7651 54 42 177
7652 52 7 176
7653 50 44 175
7654 48 93 173
7655 46 144 172
7656 44 24 171
7657 42 4 170
7658 40 172 169
7659 38 200 167
7660 36 119 166
7661 85 229 196
7662 83 81 194
7663 81 142 193
7664 79 195 192
7665 77 161 191
7666 75 241 190
7667 73 83 188
7668 71 228 187
7669 69 38 186
7670 67 92 185
7671 65 101 184
7672 63 231 182
7673 61 167 181
7674 59 242 180
7675 57 126 179
7676 55 21 178
7677 53 132 176
7678 51 22 175
7679 49 175 174
7680 47 72 173
7681 45 12 172
7682 43 2 170
7683 41 86 169
7684 39 100 168
7685 86 229 197
7686 84 81 196
7687 82 142 195
7688 80 195 194
7689 78 161 192
7690 76 241 191
7691 74 83 190
7692 72 228 189
7693 70 38 188
7694 68 92 186
7695 66 101 185
7696 64 231 184
7697 62 167 183
7698 60 242 182
7699 58 126 180
7700 56 21 179
7701 54 132 178
7702 52 22 177
7703 50 175 176
7704 48 72 174
7705 46 12 173
7706 44 2 172
7707 42 86 171
7708 87 243 198
7709 85 169 197
7710 83 71 195
7711 81 226 194
7712 79 209 193
7713 77 249 192
7714 75 170 191
7715 73 114 189
7716 71 19 188
7717 69 46 187
7718 67 179 186
7719 65 244 185
7720 63 212 183
7721 61 121 182
7722 59 63 181
7723 57 139 180
7724 55 66 179
7725 53 11 177
7726 51 216 176
7727 49 36 175
7728 47 6 174
7729 45 1 173
7730 88 243 199
7731 86 169 198
7732 84 71 197
7733 82 226 196
7734 80 209 195
7735 78 249 193
7736 76 170 192
7737 74 114 191
7738 72 19 190
7739 70 46 189
7740 68 179 187
7741 66 244 186
7742 64 212 185
7743 62 121 184
7744 60 63 183
7745 58 139 181
7746 56 66 180
7747 54 11 179
7748 52 216 178
7749 50 36 177
7750 48 6 175
7751 89 250 200
7752 87 213 199
7753 85 164 198
7754 83 113 196
7755 81 233 195
7756 79 253 194
7757 77 85 193
7758 75 57 192
7759 73 138 190
7760 71 23 189
7761 69 218 188
7762 67 122 187
7763 65 106 186
7764 63 189 184
7765 61 160 183
7766 59 198 182
7767 57 33 181
7768 55 134 180
7769 53 108 178
7770 51 18 177
7771 90 250 202
7772 88 213 200
7773 86 164 199
7774 84 113 198
7775 82 233 197
7776 80 253 196
7777 78 85 194
7778 76 57 193
7779 74 138 192
7780 72 23 191
7781 70 218 190
7782 68 122 188
7783 66 106 187
7784 64 189 186
7785 62 160 185
7786 60 198 184
7787 58 33 182
7788 56 134 181
7789 54 108 180
7790 91 125 202
7791 89 235 201
7792 87 82 200
7793 85 185 199
7794 83 245 197
7795 81 255 196
7796 79 171 195
7797 77 157 194
7798 75 69 193
7799 73 140 191
7800 71 109 190
7801 69 61 189
7802 67 53 188
7803 65 223 187
7804 63 80 185
7805 61 99 184
7806 59 145 183
7807 57 67 182
7808 92 125 204
7809 90 235 203
7810 88 82 201
7811 86 185 200
7812 84 245 199
7813 82 255 198
7814 80 171 197
7815 78 157 195
7816 76 69 194
7817 74 140 193
7818 72 109 192
7819 70 61 191
7820 68 53 189
7821 66 223 188
7822 64 80 187
7823 62 99 186
7824 60 145 185
7825 93 191 204
7826 91 246 203
7827 89 41 202
7828 87 221 201
7829 85 251 200
7830 83 256 198
7831 81 214 197
7832 79 207 196
7833 77 163 195
7834 75 70 194
7835 73 183 192
7836 71 159 191
7837 69 155 190
7838 67 240 189
7839 65 40 188
7840 63 178 186
7841 94 191 206
7842 92 246 205
7843 90 41 204
7844 88 221 202
7845 86 251 201
7846 84 256 200
7847 82 214 199
7848 80 207 198
7849 78 163 196
7850 76 70 195
7851 74 183 194
7852 72 159 193
7853 70 155 192
7854 68 240 190
7855 66 40 189
7856 95 224 207
7857 93 123 205
7858 91 149 204
7859 89 239 203
7860 87 254 202
7861 85 128 201
7862 83 107 199
7863 81 232 198
7864 79 210 197
7865 77 35 196
7866 75 220 195
7867 73 208 193
7868 71 206 192
7869 69 120 191
7870 96 224 208
7871 94 123 207
7872 92 149 206
7873 90 239 205
7874 88 254 203
7875 86 128 202
7876 84 107 201
7877 82 232 200
7878 80 210 199
7879 78 35 197
7880 76 220 196
7881 74 208 195
7882 72 206 194
7883 97 112 209
7884 95 190 208
7885 93 203 206
7886 91 248 205
7887 89 127 204
7888 87 64 203
7889 85 182 202
7890 83 116 200
7891 81 105 199
7892 79 146 198
7893 77 110 197
7894 75 104 196
7895 98 112 210
7896 96 190 209
7897 94 203 208
7898 92 248 207
7899 90 127 206
7900 88 64 204
7901 86 182 203
7902 84 116 202
7903 82 105 201
7904 80 146 200
7905 78 110 198
7906 99 56 211
7907 97 95 210
7908 95 230 209
7909 93 124 207
7910 91 192 206
7911 89 32 205
7912 87 91 204
7913 85 58 203
7914 83 181 201
7915 81 73 200
7916 100 56 213
7917 98 95 211
7918 96 230 210
7919 94 124 209
7920 92 192 208
7921 90 32 207
7922 88 91 205
7923 86 58 204
7924 84 181 203
7925 101 28 213
7926 99 176 212
7927 97 115 211
7928 95 62 210
7929 93 96 208
7930 91 16 207
7931 89 174 206
7932 87 29 205
7933 102 28 215
7934 100 176 214
7935 98 115 212
7936 96 62 211
7937 94 96 210
7938 92 16 209
7939 90 174 208
7940 103 14 215
7941 101 88 214
7942 99 186 213
7943 97 31 212
7944 95 48 211
7945 93 8 209
7946 104 14 217
7947 102 88 216
7948 100 186 215
7949 98 31 213
7950 96 48 212
7951 105 7 218
7952 103 44 216
7953 101 93 215
7954 99 144 214
7955 106 7 219
7956 104 44 218
7957 102 93 217
7958 107 132 220
7959 105 22 219
7960 108 132 221
7961 3 196 147
7962 2 159 148
7963 1 49 149
7964 0 104 150
7965 0 104 151
7966 0 104 152
7967 0 104 153
7968 0 104 154
7969 0 104 155
7970 0 104 156
7971 0 104 157
7972 0 104 158
7973 0 104 159
7974 0 104 160
7975 0 104 161
7976 0 104 162
7977 0 104 163
7978 0 104 164
7979 0 104 165
7980 0 104 166
7981 0 104 167
7982 0 104 168
7983 0 104 169
7984 0 104 170
7985 0 104 171
7986 0 104 172
7987 0 104 173
7988 0 104 174
7989 0 104 175
7990 5 114 147
7991 3 60 148
7992 4 132 148
7993 2 51 149
7994 1 103 150
7995 1 103 151
7996 1 103 152
7997 1 103 153
7998 1 103 154
7999 1 103 155
8000 1 103 156
8001 1 103 157
8002 1 103 158
8003 1 103 159
8004 1 103 160
8005 1 103 161
8006 1 103 162
8007 1 103 163
8008 1 103 164
8009 1 103 165
8010 1 103 166
8011 1 103 167
8012 1 103 168
8013 1 103 169
8014 1 103 170
8015 1 103 171
8016 1 103 172
8017 1 103 173
8018 7 124 147
8019 5 187 148
8020 6 103 148
8021 3 114 149
8022 4 108 149
8023 2 60 150
8024 2 60 151
8025 2 60 152
8026 2 60 153
8027 2 60 154
8028 2 60 155
8029 2 60 156
8030 2 60 157
8031 2 60 158
8032 2 60 159
8033 2 60 160
8034 2 60 161
8035 2 60 162
8036 2 60 163
8037 2 60 164
8038 2 60 165
8039 2 60 166
8040 2 60 167
8041 2 60 168
8042 2 60 169
8043 2 60 170
8044 2 60 171
8045 9 198 147
8046 7 253 148
8047 8 94 148
8048 5 124 149
8049 6 131 149
8050 3 128 150
8051 4 112 150
8052 3 10 151
8053 3 10 152
8054 3 10 153
8055 3 10 154
8056 3 10 155
8057 3 10 156
8058 3 10 157
8059 3 10 158
8060 3 10 159
8061 3 10 160
8062 3 10 161
8063 3 10 162
8064 3 10 163
8065 3 10 164
8066 3 10 165
8067 3 10 166
8068 3 10 167
8069 3 10 168
8070 3 10 169
8071 11 26 147
8072 9 176 148
8073 10 233 148
8074 7 198 149
8075 8 147 149
8076 5 22 150
8077 6 212 150
8078 4 43 151
8079 5 26 151
8080 4 173 152
8081 4 173 153
8082 4 173 154
8083 4 173 155
8084 4 173 156
8085 4 173 157
8086 4 173 158
8087 4 173 159
8088 4 173 160
8089 4 173 161
8090 4 173 162
8091 4 173 163
8092 4 173 164
8093 4 173 165
8094 4 173 166
8095 4 173 167
8096 11 212 148
8097 13 39 148
8098 9 22 149
8099 10 171 149
8100 12 163 149
8101 7 60 150
8102 8 181 150
8103 6 164 151
8104 7 141 151
8105 5 43 152
8106 6 50 152
8107 5 243 153
8108 5 243 154
8109 5 243 155
8110 5 243 156
8111 5 243 157
8112 5 243 158
8113 5 243 159
8114 5 243 160
8115 5 243 161
8116 5 243 162
8117 5 243 163
8118 5 243 164
8119 5 243 165
8120 11 68 149
8121 13 61 149
8122 9 41 150
8123 10 50 150
8124 12 222 150
8125 14 142 150
8126 8 58 151
8127 9 4 151
8128 16 91 151
8129 7 164 152
8130 8 113 152
8131 6 246 153
8132 7 219 153
8133 6 169 154
8134 6 169 155
8135 6 169 156
8136 6 169 157
8137 6 169 158
8138 6 169 159
8139 6 169 160
8140 6 169 161
8141 6 169 162
8142 6 169 163
8143 11 80 150
8144 13 102 150
8145 10 103 151
8146 11 236 151
8147 12 110 151
8148 14 31 151
8149 15 62 151
8150 9 142 152
8151 10 123 152
8152 17 199 152
8153 8 239 153
8154 9 165 153
8155 19 104 153
8156 7 207 154
8157 8 63 154
8158 7 71 155
8159 7 71 156
8160 7 71 157
8161 7 71 158
8162 7 71 159
8163 7 71 160
8164 7 71 161
8165 13 19 151
8166 11 28 152
8167 12 186 152
8168 13 70 152
8169 14 153 152
8170 15 23 152
8171 16 244 152
8172 10 198 153
8173 11 21 153
8174 12 220 153
8175 18 105 153
8176 9 248 154
8177 10 132 154
8178 8 67 155
8179 9 86 155
8180 20 176 155
8181 8 226 156
8182 22 56 156
8183 8 226 157
8184 8 226 158
8185 8 226 159
8186 13 51 153
8187 14 182 153
8188 15 201 153
8189 16 29 153
8190 17 29 153
8191 11 166 154
8192 12 112 154
8193 13 223 154
8194 14 117 154
8195 15 26 154
8196 19 139 154
8197 11 192 155
8198 10 164 155
8199 12 4 155
8200 21 120 155
8201 9 13 156
8202 10 238 156
8203 23 95 156
8204 9 209 157
8205 9 209 158
8206 16 114 154
8207 17 44 154
8208 18 27 154
8209 13 75 155
8210 14 237 155
8211 15 217 155
8212 16 169 155
8213 17 237 155
8214 18 225 155
8215 11 109 156
8216 12 92 156
8217 13 158 156
8218 14 71 156
8219 20 112 156
8220 10 136 157
8221 11 223 157
8222 12 85 157
8223 22 124 157
8224 10 249 158
8225 19 149 155
8226 15 101 156
8227 16 177 156
8228 17 189 156
8229 18 185 156
8230 19 87 156
8231 21 139 156
8232 13 153 157
8233 14 98 157
8234 15 76 157
8235 16 24 157
8236 17 68 157
8237 18 228 157
8238 23 23 157
8239 11 104 158
8240 12 185 158
8241 13 21 158
8242 14 251 158
8243 19 170 157
8244 20 7 157
8245 21 150 157
8246 15 205 158
8247 16 129 158
8248 17 111 158
8249 18 119 158
8250 19 30 158
8251 20 158 158
8252 21 35 158
8253 22 202 158
8254 23 41 158
8255 24 58 158
8256 25 96 158
8257 9 118 159
8258 10 114 159
8259 11 160 159
8260 12 118 159
8261 13 39 159
8262 14 122 159
8263 15 217 159
8264 16 160 159
8265 17 53 159
8266 18 110 159
8267 19 67 159
8268 20 103 159
8269 21 255 159
8270 22 7 159
8271 23 121 159
8272 24 150 159
8273 25 93 159
8274 26 65 159
8275 8 32 160
8276 9 118 160
8277 10 72 160
8278 11 119 160
8279 12 46 160
8280 13 202 160
8281 14 136 160
8282 15 27 160
8283 16 255 160
8284 17 107 160
8285 18 123 160
8286 19 231 160
8287 20 154 160
8288 21 142 160
8289 22 217 160
8290 23 3 160
8291 24 97 160
8292 25 169 160
8293 26 145 160
8294 27 42 160
8295 28 25 160
8296 8 146 161
8297 9 245 161
8298 10 145 161
8299 11 166 161
8300 12 117 161
8301 13 203 161
8302 14 34 161
8303 15 142 161
8304 16 95 161
8305 17 134 161
8306 18 161 161
8307 19 194 161
8308 20 109 161
8309 21 4 161
8310 22 144 161
8311 23 224 161
8312 24 129 161
8313 25 166 161
8314 26 26 161
8315 27 159 161
8316 28 74 161
8317 29 71 161
8318 7 131 162
8319 8 216 162
8320 9 229 162
8321 10 54 162
8322 11 208 162
8323 12 166 162
8324 13 18 162
8325 14 78 162
8326 15 154 162
8327 16 223 162
8328 17 223 162
8329 18 49 162
8330 19 91 162
8331 20 14 162
8332 21 133 162
8333 22 137 162
8334 23 42 162
8335 24 60 162
8336 25 198 162
8337 26 246 162
8338 27 59 162
8339 28 237 162
8340 29 82 162
8341 31 48 162
8342 7 45 163
8343 8 65 163
8344 9 121 163
8345 10 213 163
8346 11 6 163
8347 12 165 163
8348 13 33 163
8349 14 217 163
8350 15 4 163
8351 16 47 163
8352 17 137 163
8353 18 71 163
8354 19 207 163
8355 20 23 163
8356 21 230 163
8357 22 112 163
8358 23 97 163
8359 24 124 163
8360 25 142 163
8361 26 6 163
8362 27 87 163
8363 28 5 163
8364 29 122 163
8365 30 186 163
8366 31 91 163
8367 6 150 164
8368 7 192 164
8369 8 253 164
8370 9 98 164
8371 10 193 164
8372 11 198 164
8373 12 250 164
8374 13 208 164
8375 14 232 164
8376 15 217 164
8377 16 241 164
8378 17 149 164
8379 18 195 164
8380 19 4 164
8381 20 120 164
8382 21 93 164
8383 22 17 164
8384 23 82 164
8385 24 27 164
8386 25 228 164
8387 26 30 164
8388 27 246 164
8389 28 164 164
8390 29 37 164
8391 30 110 164
8392 32 38 164
8393 6 172 165
8394 7 63 165
8395 5 100 166
8396 31 52 164
8397 33 143 164
8398 8 220 165
8399 9 161 165
8400 10 203 165
8401 11 10 165
8402 12 256 165
8403 13 98 165
8404 14 57 165
8405 15 178 165
8406 16 93 165
8407 17 76 165
8408 19 214 165
8409 18 108 165
8410 20 245 165
8411 21 140 165
8412 22 40 165
8413 23 18 165
8414 24 170 165
8415 25 25 165
8416 26 243 165
8417 27 208 165
8418 28 52 165
8419 29 105 165
8420 30 114 165
8421 31 160 165
8422 32 131 165
8423 33 56 165
8424 34 113 165
8425 6 59 166
8426 7 56 166
8427 8 186 166
8428 9 47 166
8429 10 91 166
8430 11 202 166
8431 12 67 166
8432 13 218 166
8433 14 98 166
8434 15 141 166
8435 16 249 166
8436 17 222 166
8437 18 168 166
8438 19 226 166
8439 20 126 166
8440 21 222 166
8441 22 191 166
8442 23 33 166
8443 24 167 166
8444 25 154 166
8445 26 149 166
8446 27 99 166
8447 28 52 166
8448 29 179 166
8449 30 91 166
8450 31 93 166
8451 32 20 166
8452 33 88 166
8453 34 143 166
8454 35 30 166
8455 5 78 167
8456 6 118 167
8457 7 59 167
8458 8 224 167
8459 9 140 167
8460 10 38 167
8461 11 194 167
8462 12 161 167
8463 13 210 167
8464 14 68 167
8465 15 43 167
8466 16 161 167
8467 17 227 167
8468 18 164 167
8469 19 28 167
8470 20 90 167
8471 21 143 167
8472 22 212 167
8473 23 8 167
8474 24 86 167
8475 25 53 167
8476 26 31 167
8477 27 205 167
8478 28 146 167
8479 29 154 167
8480 30 106 167
8481 31 173 167
8482 32 29 167
8483 33 141 167
8484 34 250 167
8485 35 114 167
8486 36 8 167
8487 37 67 167
8488 4 31 168
8489 5 101 168
8490 6 245 168
8491 7 131 168
8492 8 218 168
8493 9 200 168
8494 10 197 168
8495 11 82 168
8496 12 8 168
8497 13 4 168
8498 14 85 168
8499 15 174 168
8500 16 100 168
8501 17 27 168
8502 18 104 168
8503 19 17 168
8504 20 48 168
8505 21 212 168
8506 22 150 168
8507 23 23 168
8508 24 163 168
8509 25 224 168
8510 26 107 168
8511 27 163 168
8512 28 219 168
8513 29 211 168
8514 30 130 168
8515 31 88 168
8516 32 137 168
8517 33 236 168
8518 34 164 168
8519 35 178 168
8520 36 163 168
8521 37 244 168
8522 38 32 168
8523 4 63 169
8524 5 180 169
8525 6 247 169
8526 7 255 169
8527 8 51 169
8528 9 68 169
8529 10 166 169
8530 11 234 169
8531 12 23 169
8532 13 6 169
8533 14 60 169
8534 15 113 169
8535 16 75 169
8536 17 207 169
8537 18 203 169
8538 19 128 169
8539 20 60 169
8540 21 169 169
8541 22 253 169
8542 23 219 169
8543 24 204 169
8544 25 251 169
8545 26 13 169
8546 27 91 169
8547 28 32 169
8548 29 152 169
8549 30 104 169
8550 31 209 169
8551 32 208 169
8552 33 99 169
8553 34 34 169
8554 35 108 169
8555 36 55 169
8556 37 214 169
8557 38 228 169
8558 39 189 169
8559 3 121 170
8560 4 223 170
8561 5 19 170
8562 6 119 170
8563 7 184 170
8564 8 16 170
8565 9 253 170
8566 10 161 170
8567 11 200 170
8568 12 185 170
8569 13 164 170
8570 14 63 170
8571 15 139 170
8572 16 52 170
8573 17 33 170
8574 18 111 170
8575 19 99 170
8576 20 152 170
8577 21 105 170
8578 22 243 170
8579 23 152 170
8580 24 236 170
8581 25 100 170
8582 26 205 170
8583 27 160 170
8584 28 244 170
8585 29 236 170
8586 30 123 170
8587 31 83 170
8588 32 36 170
8589 33 20 170
8590 34 105 170
8591 35 124 170
8592 36 250 170
8593 37 105 170
8594 38 236 170
8595 39 196 170
8596 40 123 170
8597 41 146 170
8598 3 22 171
8599 4 87 171
8600 5 152 171
8601 6 96 171
8602 7 145 171
8603 8 95 171
8604 9 13 171
8605 10 241 171
8606 11 29 171
8607 12 24 171
8608 13 76 171
8609 14 123 171
8610 15 139 171
8611 16 197 171
8612 17 217 171
8613 18 13 171
8614 19 171 171
8615 20 197 171
8616 21 15 171
8617 22 205 171
8618 23 210 171
8619 24 233 171
8620 25 170 171
8621 26 162 171
8622 27 174 171
8623 28 63 171
8624 29 196 171
8625 30 254 171
8626 31 56 171
8627 32 191 171
8628 33 215 171
8629 34 103 171
8630 35 152 171
8631 36 172 171
8632 37 61 171
8633 38 37 171
8634 39 146 171
8635 40 24 171
8636 41 201 171
8637 43 10 171
8638 2 20 172
8639 3 127 172
8640 4 7 172
8641 5 132 172
8642 6 2 172
8643 7 44 172
8644 8 150 172
8645 9 8 172
8646 10 233 172
8647 11 176 172
8648 12 210 172
8649 13 171 172
8650 14 229 172
8651 15 91 172
8652 16 77 172
8653 17 100 172
8654 18 113 172
8655 19 154 172
8656 20 147 172
8657 21 83 172
8658 22 31 172
8659 23 5 172
8660 24 75 172
8661 25 234 172
8662 26 60 172
8663 27 130 172
8664 28 193 172
8665 29 124 172
8666 30 12 172
8667 31 197 172
8668 32 242 172
8669 33 10 172
8670 34 126 172
8671 35 11 172
8672 36 12 172
8673 37 57 172
8674 38 193 172
8675 39 14 172
8676 40 135 172
8677 41 113 172
8678 42 74 172
8679 43 44 172
8680 2 241 173
8681 3 255 173
8682 4 138 173
8683 5 219 173
8684 6 88 173
8685 7 171 173
8686 8 39 173
8687 9 135 173
8688 10 44 173
8689 11 238 173
8690 12 98 173
8691 13 109 173
8692 14 246 173
8693 15 92 173
8694 16 213 173
8695 17 9 173
8696 18 126 173
8697 19 77 173
8698 20 255 173
8699 21 141 173
8700 22 240 173
8701 23 222 173
8702 24 136 173
8703 25 114 173
8704 26 65 173
8705 27 154 173
8706 28 37 173
8707 29 157 173
8708 30 6 173
8709 31 113 173
8710 32 15 173
8711 33 162 173
8712 34 127 173
8713 35 82 173
8714 36 256 173
8715 37 208 173
8716 38 49 173
8717 39 131 173
8718 40 51 173
8719 41 144 173
8720 42 34 173
8721 43 34 173
8722 44 2 173
8723 1 19 174
8724 2 113 174
8725 3 242 174
8726 4 139 174
8727 5 86 174
8728 6 38 174
8729 7 41 174
8730 8 5 174
8731 9 159 174
8732 10 198 174
8733 11 12 174
8734 12 233 174
8735 13 148 174
8736 14 164 174
8737 15 63 174
8738 16 72 174
8739 17 179 174
8740 18 221 174
8741 19 238 174
8742 20 165 174
8743 21 181 174
8744 22 89 174
8745 23 78 174
8746 24 33 174
8747 25 194 174
8748 26 210 174
8749 27 174 174
8750 28 27 174
8751 29 139 174
8752 30 7 174
8753 31 198 174
8754 32 149 174
8755 33 192 174
8756 34 152 174
8757 35 200 174
8758 36 24 174
8759 37 47 174
8760 38 161 174
8761 39 157 174
8762 40 76 174
8763 41 31 174
8764 42 177 174
8765 43 231 174
8766 44 191 174
8767 45 165 174
8768 46 224 174
8769 1 13 175
8770 2 39 175
8771 20 72 175
8772 22 163 175
8773 24 129 175
8774 25 73 175
8775 26 86 175
8776 27 55 175
8777 28 76 175
8778 30 22 175
8779 29 65 175
8780 31 96 175
8781 32 32 175
8782 33 190 175
8783 34 173 175
8784 35 182 175
8785 36 151 175
8786 37 82 175
8787 38 39 175
8788 39 58 175
8789 40 198 175
8790 41 240 175
8791 42 233 175
8792 43 242 175
8793 44 250 175
8794 45 19 175
8795 46 255 175
8796 47 1 175
8797 24 18 176
8798 26 248 176
8799 27 23 176
8800 28 28 176
8801 29 147 176
8802 30 81 176
8803 31 248 176
8804 32 155 176
8805 33 67 176
8806 34 194 176
8807 35 209 176
8808 36 233 176
8809 37 63 176
8810 38 211 176
8811 39 109 176
8812 40 8 176
8813 41 43 176
8814 42 29 176
8815 43 131 176
8816 44 47 176
8817 45 68 176
8818 46 43 176
8819 47 55 176
8820 48 61 176
8821 49 173 176
8822 30 228 177
8823 31 9 177
8824 32 247 177
8825 33 191 177
8826 34 244 177
8827 35 113 177
8828 36 200 177
8829 37 86 177
8830 38 139 177
8831 39 8 177
8832 40 95 177
8833 41 151 177
8834 42 210 177
8835 43 110 177
8836 44 180 177
8837 45 99 177
8838 46 78 177
8839 47 100 177
8840 48 36 177
8841 49 179 177
8842 32 240 178
8843 34 28 178
8844 35 29 178
8845 36 87 178
8846 37 139 178
8847 38 72 178
8848 39 248 178
8849 40 18 178
8850 41 90 178
8851 44 183 178
8852 42 98 178
8853 43 225 178
8854 45 81 178
8855 46 37 178
8856 47 10 178
8857 48 166 178
8858 50 148 178
8859 49 250 178
8860 51 92 178
8861 36 199 179
8862 38 125 179
8863 39 217 179
8864 40 105 179
8865 42 202 179
8866 43 114 179
8867 41 253 179
8868 44 4 179
8869 45 10 179
8870 50 81 179
8871 46 25 179
8872 48 20 179
8873 47 8 179
8874 49 21 179
8875 51 35 179
8876 52 98 179
8877 53 159 179
8878 40 43 180
8879 42 165 180
8880 43 35 180
8881 44 74 180
8882 45 72 180
8883 48 4 180
8884 47 53 180
8885 46 186 180
8886 49 149 180
8887 50 19 180
8888 51 192 180
8889 52 142 180
8890 53 222 180
8891 44 215 181
8892 45 197 181
8893 48 155 181
8894 47 62 181
8895 46 140 181
8896 54 204 181
8897 50 55 181
8898 52 234 181
8899 51 201 181
8900 53 235 181
8901 49 223 181
8902 55 229 181
8903 48 112 182
8904 54 195 182
8905 50 236 182
8906 52 201 182
8907 51 143 182
8908 53 252 182
8909 56 34 182
8910 55 65 182
8911 54 39 183
8912 50 132 183
8913 52 143 183
8914 57 97 183
8915 56 161 183
8916 55 13 183
8917 58 208 183
8918 54 3 184
8919 57 225 184
8920 56 135 184
8921 59 59 184
8922 58 241 184
8923 61 88 185
8924 60 23 186
8925 59 231 185
8926 57 122 185
8927 55 159 184
8928 53 52 183
8929 51 13 183
8930 49 196 182
8931 47 49 182
8932 45 205 182
8933 42 99 181
8934 41 159 180
8935 39 104 180
8936 37 26 179
8937 35 135 179
8938 33 49 178
8939 30 28 178
8940 29 244 177
8941 27 61 177
8942 25 208 176
8943 23 26 175
8944 21 135 175
8945 3 119 175
8946 4 58 175
8947 5 174 175
8948 6 19 175
8949 7 196 175
8950 8 49 175
8951 9 191 175
8952 10 103 175
8953 11 46 175
8954 12 230 175
8955 13 137 175
8956 14 226 175
8957 15 53 175
8958 16 81 175
8959 17 120 175
8960 18 92 175
8961 62 153 187
8962 61 21 186
8963 58 61 185
8964 56 208 185
8965 54 52 185
8966 52 13 184
8967 50 196 184
8968 48 153 183
8969 46 231 182
8970 44 122 182
8971 43 6 181
8972 40 104 181
8973 38 13 180
8974 36 196 180
8975 34 49 179
8976 32 205 179
8977 31 105 178
8978 28 159 177
8979 26 104 177
8980 24 26 177
8981 22 135 176
8982 20 98 176
8983 19 64 175
8984 0 29 176
8985 1 242 176
8986 2 192 176
8987 3 174 176
8988 4 11 176
8989 5 186 176
8990 6 188 176
8991 7 242 176
8992 8 69 176
8993 9 76 176
8994 10 89 176
8995 11 127 176
8996 12 237 176
8997 63 154 187
8998 60 219 187
8999 59 106 186
9000 57 155 186
9001 55 103 185
9002 53 45 184
9003 51 204 184
9004 49 51 183
9005 47 77 183
9006 45 212 183
9007 42 133 182
9008 41 103 181
9009 39 90 181
9010 37 151 180
9011 35 102 180
9012 33 77 179
9013 30 178 179
9014 29 53 178
9015 27 206 178
9016 25 180 177
9017 23 151 176
9018 21 102 176
9019 13 125 176
9020 14 152 176
9021 15 21 176
9022 16 245 176
9023 17 4 176
9024 18 210 176
9025 19 219 176
9026 0 68 177
9027 1 26 177
9028 2 141 177
9029 3 194 177
9030 4 194 177
9031 5 166 177
9032 64 154 188
9033 62 167 188
9034 61 56 187
9035 58 206 186
9036 56 180 186
9037 54 45 186
9038 52 204 185
9039 50 51 185
9040 48 167 184
9041 46 106 183
9042 44 155 183
9043 43 82 182
9044 40 90 182
9045 38 204 181
9046 36 51 181
9047 34 77 180
9048 32 212 180
9049 31 48 179
9050 28 103 178
9051 26 90 178
9052 24 151 178
9053 22 102 177
9054 20 154 177
9055 6 200 177
9056 7 181 177
9057 8 146 177
9058 9 192 177
9059 10 174 177
9060 11 127 177
9061 12 19 177
9062 13 46 177
9063 14 54 177
9064 15 101 177
9065 16 239 177
9066 65 137 189
9067 63 242 188
9068 60 92 188
9069 59 240 187
9070 57 60 187
9071 55 15 186
9072 53 34 185
9073 51 137 185
9074 49 227 184
9075 47 121 184
9076 45 223 184
9077 42 50 183
9078 41 15 182
9079 39 68 182
9080 37 17 181
9081 35 197 181
9082 33 121 180
9083 30 241 180
9084 29 120 179
9085 27 30 179
9086 25 136 178
9087 23 17 177
9088 21 197 177
9089 17 25 177
9090 18 32 177
9091 19 60 177
9092 0 225 178
9093 1 156 178
9094 2 169 178
9095 3 232 178
9096 4 5 178
9097 5 221 178
9098 6 100 178
9099 66 197 190
9100 64 242 189
9101 62 189 189
9102 61 14 188
9103 58 30 187
9104 56 136 187
9105 54 34 187
9106 52 137 186
9107 50 227 186
9108 48 189 185
9109 46 240 184
9110 44 60 184
9111 43 138 183
9112 40 68 183
9113 38 137 182
9114 36 227 182
9115 34 121 181
9116 32 223 181
9117 31 222 180
9118 28 15 179
9119 26 68 179
9120 24 17 179
9121 22 197 178
9122 20 242 178
9123 7 81 178
9124 8 2 178
9125 9 208 178
9126 10 210 178
9127 11 29 178
9128 12 172 178
9129 13 46 178
9130 14 11 178
9131 67 237 190
9132 65 252 190
9133 63 160 189
9134 60 122 189
9135 59 10 188
9136 57 131 188
9137 55 97 187
9138 53 237 186
9139 51 252 186
9140 49 63 185
9141 47 80 185
9142 45 20 185
9143 42 226 184
9144 41 97 183
9145 39 217 183
9146 37 247 182
9147 35 126 182
9148 33 80 181
9149 30 142 181
9150 29 5 180
9151 27 194 180
9152 25 177 179
9153 23 247 178
9154 21 126 178
9155 15 236 178
9156 16 252 178
9157 17 37 178
9158 18 34 178
9159 19 211 178
9160 0 139 179
9161 1 183 179
9162 68 247 191
9163 66 126 191
9164 64 160 190
9165 62 40 190
9166 61 126 189
9167 58 194 188
9168 56 177 188
9169 54 237 188
9170 52 252 187
9171 50 63 187
9172 48 40 186
9173 46 10 185
9174 44 131 185
9175 43 205 184
9176 40 217 184
9177 38 252 183
9178 36 63 183
9179 34 80 182
9180 32 20 182
9181 31 254 181
9182 28 97 180
9183 26 217 180
9184 24 247 180
9185 22 126 179
9186 20 160 179
9187 2 69 179
9188 3 40 179
9189 4 104 179
9190 5 52 179
9191 6 22 179
9192 69 168 192
9193 67 42 191
9194 65 139 191
9195 63 178 190
9196 60 178 190
9197 59 236 189
9198 57 59 189
9199 55 79 188
9200 53 42 187
9201 51 139 187
9202 49 99 186
9203 47 89 186
9204 45 215 186
9205 42 115 185
9206 41 79 184
9207 39 84 184
9208 37 21 183
9209 35 198 183
9210 33 89 182
9211 30 187 182
9212 29 118 181
9213 27 158 181
9214 25 168 180
9215 23 21 179
9216 21 198 179
9217 7 117 179
9218 8 210 179
9219 9 55 179
9220 10 177 179
9221 70 168 193
9222 68 21 192
9223 66 198 192
9224 64 178 191
9225 62 173 191
9226 61 31 190
9227 58 158 189
9228 56 168 189
9229 54 42 189
9230 52 139 188
9231 50 99 188
9232 48 173 187
9233 46 236 186
9234 44 59 186
9235 43 57 185
9236 40 84 185
9237 38 139 184
9238 36 99 184
9239 34 89 183
9240 32 215 183
9241 31 77 182
9242 28 79 181
9243 26 84 181
9244 24 21 181
9245 22 198 180
9246 20 178 180
9247 18 215 179
9248 11 89 179
9249 71 28 193
9250 69 7 193
9251 67 66 192
9252 65 145 192
9253 63 243 191
9254 60 151 191
9255 59 224 190
9256 57 56 190
9257 55 14 189
9258 53 66 188
9259 51 145 188
9260 49 229 187
9261 47 250 187
9262 45 191 187
9263 42 238 186
9264 41 14 185
9265 39 132 185
9266 37 33 184
9267 35 201 184
9268 33 250 183
9269 30 248 183
9270 29 112 182
9271 27 28 182
9272 25 7 181
9273 23 33 180
9274 21 201 180
9275 19 243 179
9276 73 113 194
9277 70 7 194
9278 68 33 193
9279 66 201 193
9280 64 243 192
9281 62 125 192
9282 61 80 191
9283 58 28 190
9284 56 7 190
9285 54 66 190
9286 52 145 189
9287 50 229 189
9288 48 125 188
9289 46 224 187
9290 44 56 187
9291 43 103 186
9292 40 132 186
9293 38 145 185
9294 36 229 185
9295 34 250 184
9296 32 191 184
9297 31 155 183
9298 28 14 182
9299 26 132 182
9300 24 33 182
9301 22 201 181
9302 72 177 195
9303 71 44 194
9304 69 11 194
9305 67 67 193
9306 65 81 193
9307 63 235 192
9308 60 221 192
9309 59 95 191
9310 57 88 191
9311 55 22 190
9312 53 67 189
9313 51 81 189
9314 49 213 188
9315 47 246 188
9316 45 190 188
9317 42 8 187
9318 41 22 186
9319 39 134 186
9320 37 162 185
9321 35 169 185
9322 33 246 184
9323 30 128 184
9324 29 176 183
9325 27 44 183
9326 25 11 182
9327 74 176 196
9328 73 246 195
9329 70 11 195
9330 68 162 194
9331 66 169 194
9332 64 235 193
9333 62 123 193
9334 61 49 192
9335 58 44 191
9336 56 11 191
9337 54 67 191
9338 52 81 190
9339 50 213 190
9340 48 123 189
9341 46 95 188
9342 44 88 188
9343 43 141 187
9344 40 134 187
9345 38 81 186
9346 36 213 186
9347 34 246 185
9348 32 190 185
9349 31 40 184
9350 28 22 183
9351 75 230 197
9352 72 115 196
9353 71 216 195
9354 69 54 195
9355 67 142 194
9356 65 164 194
9357 63 149 193
9358 60 152 193
9359 59 186 192
9360 57 175 192
9361 55 108 191
9362 53 142 190
9363 51 164 190
9364 49 41 189
9365 47 203 189
9366 45 115 189
9367 42 206 188
9368 41 108 187
9369 39 27 187
9370 37 71 186
9371 35 82 186
9372 33 203 185
9373 30 8 185
9374 76 115 197
9375 74 93 197
9376 73 85 196
9377 70 54 196
9378 68 71 195
9379 66 82 195
9380 64 149 194
9381 62 230 194
9382 61 161 193
9383 58 216 192
9384 56 54 192
9385 54 142 192
9386 52 164 191
9387 50 41 191
9388 48 230 190
9389 46 186 189
9390 44 175 189
9391 43 236 188
9392 40 27 188
9393 38 164 187
9394 36 41 187
9395 34 203 186
9396 77 124 198
9397 75 31 198
9398 72 99 197
9399 71 9 196
9400 69 195 196
9401 67 113 195
9402 65 221 195
9403 63 124 194
9404 60 44 194
9405 59 72 193
9406 57 18 193
9407 55 133 192
9408 53 113 191
9409 51 221 191
9410 49 248 190
9411 47 62 190
9412 45 144 190
9413 42 166 189
9414 41 133 188
9415 39 226 188
9416 37 185 187
9417 78 62 199
9418 76 144 198
9419 74 36 198
9420 73 95 197
9421 70 195 197
9422 68 185 196
9423 66 239 196
9424 64 124 195
9425 62 31 195
9426 61 128 194
9427 58 9 193
9428 56 195 193
9429 54 113 193
9430 52 221 192
9431 50 248 192
9432 48 31 191
9433 46 72 190
9434 44 18 190
9435 43 168 189
9436 40 226 189
9437 79 192 199
9438 77 48 199
9439 75 12 199
9440 72 150 198
9441 71 161 197
9442 69 233 197
9443 67 251 196
9444 65 127 196
9445 63 48 195
9446 60 186 195
9447 59 3 194
9448 57 65 194
9449 55 209 193
9450 53 251 192
9451 51 127 192
9452 49 96 191
9453 47 24 191
9454 45 6 191
9455 42 152 190
9456 80 192 201
9457 78 24 200
9458 76 6 199
9459 74 130 199
9460 73 10 198
9461 70 233 198
9462 68 254 197
9463 66 192 197
9464 64 48 196
9465 62 12 196
9466 61 225 195
9467 58 161 194
9468 56 233 194
9469 54 251 194
9470 52 127 193
9471 50 96 193
9472 48 12 192
9473 46 3 191
9474 81 32 201
9475 79 8 200
9476 77 2 200
9477 75 129 200
9478 72 52 199
9479 71 253 198
9480 69 256 198
9481 67 64 197
9482 65 16 197
9483 63 2 196
9484 60 245 196
9485 59 225 195
9486 57 249 195
9487 55 255 194
9488 53 64 193
9489 51 16 193
9490 49 4 192
9491 82 32 202
9492 80 8 202
9493 78 1 201
9494 76 193 200
9495 74 241 200
9496 73 143 199
9497 70 256 199
9498 68 32 198
9499 66 8 198
9500 64 2 197
9501 62 129 197
9502 61 197 196
9503 58 253 195
9504 56 256 195
9505 54 64 195
9506 52 16 194
9507 83 91 202
9508 81 87 202
9509 79 86 201
9510 77 150 201
9511 75 166 201
9512 72 245 200
9513 71 214 199
9514 69 182 199
9515 67 174 198
9516 65 172 198
9517 63 150 197
9518 60 237 197
9519 59 170 196
9520 57 171 196
9521 55 107 195
9522 84 91 204
9523 82 87 203
9524 80 86 203
9525 78 75 202
9526 76 83 201
9527 74 85 201
9528 73 152 200
9529 70 182 200
9530 68 87 199
9531 66 86 199
9532 64 150 198
9533 62 166 198
9534 61 95 197
9535 58 214 196
9536 85 116 204
9537 83 143 203
9538 81 100 203
9539 79 25 202
9540 77 199 202
9541 75 114 202
9542 72 253 201
9543 71 116 200
9544 69 29 200
9545 67 200 199
9546 65 50 199
9547 63 199 198
9548 60 53 198
9549 86 58 205
9550 84 143 205
9551 82 100 204
9552 80 25 204
9553 78 228 203
9554 76 57 202
9555 74 207 202
9556 73 219 201
9557 70 29 201
9558 68 100 200
9559 66 25 200
9560 64 199 199
9561 87 105 206
9562 85 219 205
9563 83 188 204
9564 81 47 204
9565 79 76 203
9566 77 19 203
9567 75 69 203
9568 72 50 202
9569 71 219 201
9570 69 119 201
9571 67 94 200
9572 88 181 206
9573 86 238 206
9574 84 188 206
9575 82 47 205
9576 80 76 205
9577 78 138 204
9578 76 163 203
9579 74 105 203
9580 73 250 202
9581 70 119 202
9582 89 146 207
9583 87 165 207
9584 85 234 206
9585 83 222 205
9586 81 184 205
9587 79 46 204
9588 77 140 204
9589 75 35 204
9590 72 169 203
9591 91 12 208
9592 88 211 207
9593 86 117 207
9594 84 222 207
9595 82 184 206
9596 80 46 206
9597 78 70 205
9598 76 146 204
9599 90 118 209
9600 89 156 208
9601 87 39 208
9602 85 74 207
9603 83 202 206
9604 81 179 206
9605 79 109 205
9606 92 110 210
9607 91 158 209
9608 88 148 208
9609 86 37 208
9610 84 202 208
9611 82 179 207
9612 93 104 210
9613 90 150 210
9614 89 135 209
9615 87 98 209
9616 85 153 208
9617 94 104 211
9618 92 26 211
9619 91 147 210
9620 88 49 209
9621 95 206 212
9622 93 90 211
9623 90 197 211
9624 96 103 213
9625 94 90 212
9626 97 120 213
9627 98 36 214
9628 95 12 213
9629 92 6 212
9630 89 1 210
9631 86 129 209
9632 83 150 207
9633 80 150 207
9634 77 25 205
9635 74 141 204
9636 71 152 202
9637 68 76 201
9638 65 111 200
9639 62 184 199
9640 59 202 197
9641 56 101 196
9642 53 231 194
9643 50 231 194
9644 47 167 192
9645 44 212 191
9646 41 121 189
9647 38 189 188
9648 35 63 187
9649 32 160 186
9650 29 198 184
9651 26 99 183
9652 23 145 181
9653 20 145 181
9654 17 67 179
9655 15 162 179
9656 12 200 179
9657 99 12 215
9658 96 6 214
9659 93 1 212
9660 91 206 211
9661 87 43 210
9662 84 150 209
9663 81 25 207
9664 78 141 206
9665 75 47 205
9666 73 186 203
9667 69 111 202
9668 66 184 201
9669 63 202 199
9670 61 223 198
9671 57 205 197
9672 54 231 196
9673 51 167 194
9674 48 212 193
9675 45 242 192
9676 43 25 190
9677 39 63 189
9678 36 160 188
9679 33 198 186
9680 31 217 185
9681 27 33 184
9682 24 145 183
9683 21 67 181
9684 18 162 180
9685 100 12 216
9686 97 2 214
9687 94 1 213
9688 90 21 212
9689 88 150 210
9690 85 50 209
9691 82 25 208
9692 79 47 206
9693 76 152 205
9694 72 158 204
9695 70 111 203
9696 67 147 201
9697 64 202 200
9698 60 69 199
9699 58 231 197
9700 55 77 196
9701 52 167 195
9702 49 242 193
9703 46 121 192
9704 42 96 191
9705 40 63 190
9706 37 139 188
9707 34 198 187
9708 30 22 186
9709 28 145 184
9710 25 134 183
9711 101 2 216
9712 98 1 215
9713 95 86 214
9714 92 43 213
9715 89 50 211
9716 86 25 210
9717 83 47 208
9718 80 47 208
9719 77 222 206
9720 74 111 205
9721 71 147 203
9722 68 202 202
9723 65 153 201
9724 62 205 200
9725 59 77 198
9726 56 167 197
9727 53 242 195
9728 50 242 195
9729 47 126 193
9730 44 63 192
9731 41 139 190
9732 38 198 189
9733 35 66 188
9734 32 33 187
9735 103 156 217
9736 99 86 216
9737 96 43 215
9738 93 50 213
9739 91 51 212
9740 87 94 211
9741 84 47 210
9742 81 222 208
9743 78 111 207
9744 75 37 206
9745 73 134 204
9746 69 153 203
9747 66 205 202
9748 63 77 200
9749 61 193 199
9750 57 227 198
9751 54 242 197
9752 51 126 195
9753 48 63 194
9754 45 21 193
9755 43 118 191
9756 39 66 190
9757 102 190 218
9758 100 86 217
9759 97 100 215
9760 94 50 214
9761 90 185 213
9762 88 47 211
9763 85 187 210
9764 82 222 209
9765 79 37 207
9766 76 147 206
9767 72 233 205
9768 70 153 204
9769 67 154 202
9770 64 77 201
9771 60 245 200
9772 58 242 198
9773 55 252 197
9774 52 126 196
9775 49 21 194
9776 46 139 193
9777 104 86 219
9778 101 100 217
9779 98 50 216
9780 95 188 215
9781 92 94 214
9782 89 187 212
9783 86 222 211
9784 83 37 209
9785 80 37 209
9786 77 49 207
9787 74 153 206
9788 71 154 204
9789 68 77 203
9790 65 197 202
9791 62 227 201
9792 59 252 199
9793 56 126 198
9794 53 21 196
9795 105 200 220
9796 103 152 218
9797 99 188 217
9798 96 94 216
9799 93 187 214
9800 91 245 213
9801 87 74 212
9802 84 37 211
9803 81 49 209
9804 78 153 208
9805 75 51 207
9806 73 206 205
9807 69 197 204
9808 66 227 203
9809 63 252 201
9810 61 215 200
9811 106 100 220
9812 102 228 219
9813 100 188 218
9814 97 117 216
9815 94 187 215
9816 90 168 214
9817 88 37 212
9818 85 98 211
9819 82 49 210
9820 79 51 208
9821 76 154 207
9822 72 227 206
9823 70 197 205
9824 67 247 203
9825 107 119 221
9826 104 188 220
9827 101 117 218
9828 98 187 217
9829 95 148 216
9830 92 74 215
9831 89 98 213
9832 86 49 212
9833 83 51 210
9834 80 51 210
9835 77 137 208
9836 74 197 207
9837 108 188 222
9838 105 234 221
9839 103 163 219
9840 99 148 218
9841 96 74 217
9842 93 98 215
9843 91 57 214
9844 87 102 213
9845 84 51 212
9846 81 137 210
9847 109 234 222
9848 106 117 221
9849 102 135 220
9850 100 148 219
9851 97 196 217
9852 94 98 216
9853 90 14 215
9854 88 51 213
9855 110 234 224
9856 107 39 222
9857 104 148 221
9858 101 196 219
9859 98 98 218
9860 95 204 217
9861 111 39 224
9862 108 148 223
9863 105 135 222
9864 103 212 220
9865 112 39 226
9866 109 135 223
9867 13 213 179
9868 14 132 179
9869 16 154 179
9870 0 251 180
9871 1 166 180
9872 0 190 181
9873 0 190 182
9874 0 190 183
9875 0 190 184
9876 0 190 185
9877 0 190 186
9878 0 190 187
9879 0 190 188
9880 0 190 189
9881 0 190 190
9882 0 190 191
9883 0 190 192
9884 0 190 193
9885 0 190 194
9886 0 190 195
9887 0 190 196
9888 0 190 197
9889 2 30 180
9890 3 99 180
9891 4 248 180
9892 5 49 180
9893 6 87 180
9894 7 147 180
9895 8 171 180
9896 1 115 181
9897 1 115 182
9898 1 115 183
9899 1 115 184
9900 1 115 185
9901 1 115 186
9902 1 115 187
9903 1 115 188
9904 1 115 189
9905 1 115 190
9906 1 115 191
9907 1 115 192
9908 1 115 193
9909 1 115 194
9910 9 171 180
9911 10 157 180
9912 11 88 180
9913 12 7 180
9914 13 231 180
9915 14 54 180
9916 15 76 180
9917 16 107 180
9918 19 255 180
9919 2 144 181
9920 2 144 182
9921 2 144 183
9922 2 144 184
9923 2 144 185
9924 2 144 186
9925 2 144 187
9926 2 144 188
9927 2 144 189
9928 2 144 190
9929 2 144 191
9930 17 136 180
9931 3 140 181
9932 4 54 181
9933 5 42 181
9934 6 154 181
9935 7 184 181
9936 8 33 181
9937 9 134 181
9938 10 133 181
9939 11 210 181
9940 3 6 182
9941 20 129 182
9942 22 168 182
9943 3 6 183
9944 3 6 184
9945 3 6 185
9946 3 6 186
9947 3 6 187
9948 3 6 188
9949 12 251 181
9950 13 233 181
9951 14 127 181
9952 15 70 181
9953 16 115 181
9954 17 132 181
9955 18 84 181
9956 19 150 181
9957 4 107 182
9958 5 163 182
9959 6 60 182
9960 7 190 182
9961 21 91 182
9962 23 250 182
9963 4 193 183
9964 4 193 184
9965 26 94 184
9966 4 193 185
9967 8 220 182
9968 9 235 182
9969 10 239 182
9970 11 10 182
9971 12 176 182
9972 13 52 182
9973 14 98 182
9974 15 104 182
9975 16 194 182
9976 17 65 182
9977 18 87 182
9978 19 30 182
9979 5 38 183
9980 6 253 183
9981 22 87 183
9982 5 83 184
9983 24 66 184
9984 7 90 183
9985 8 150 183
9986 9 196 183
9987 10 99 183
9988 11 252 183
9989 12 202 183
9990 13 93 183
9991 14 66 183
9992 15 83 183
9993 16 230 183
9994 17 56 183
9995 18 197 183
9996 19 119 183
9997 20 15 183
9998 21 203 183
9999 23 157 183
10000 6 123 184
10001 7 201 184
10002 8 24 184
10003 9 77 184
10004 10 166 184
10005 11 152 184
10006 12 89 184
10007 13 83 184
10008 14 184 184
10009 15 49 184
10010 16 9 184
10011 17 204 184
10012 18 161 184
10013 19 67 184
10014 20 51 184
10015 21 192 184
10016 22 3 184
10017 23 33 184
10018 25 108 184
10019 5 8 185
10020 6 101 185
10021 7 24 185
10022 8 225 185
10023 9 91 185
10024 10 27 185
10025 11 141 185
10026 12 183 185
10027 13 129 185
10028 14 90 185
10029 15 209 185
10030 16 88 185
10031 17 59 185
10032 18 230 185
10033 19 121 185
10034 20 173 185
10035 21 36 185
10036 22 118 185
10037 23 183 185
10038 24 237 185
10039 25 57 185
10040 26 146 185
10041 27 25 185
10042 28 170 185
10043 29 218 185
10044 4 57 186
10045 5 109 186
10046 6 95 186
10047 7 201 186
10048 8 133 186
10049 9 126 186
10050 10 43 186
10051 11 6 186
10052 12 95 186
10053 13 97 186
10054 14 182 186
10055 15 228 186
10056 16 118 186
10057 17 33 186
10058 18 36 186
10059 19 76 186
10060 20 159 186
10061 21 61 186
10062 22 56 186
10063 23 51 186
10064 24 219 186
10065 25 96 186
10066 26 82 186
10067 27 43 186
10068 28 104 186
10069 29 183 186
10070 31 240 186
10071 4 249 187
10072 5 256 187
10073 6 111 187
10074 7 154 187
10075 8 104 187
10076 9 149 187
10077 10 232 187
10078 11 47 187
10079 12 43 187
10080 13 179 187
10081 15 54 187
10082 14 29 187
10083 16 156 187
10084 17 47 187
10085 18 86 187
10086 19 77 187
10087 20 111 187
10088 21 211 187
10089 22 152 187
10090 23 95 187
10091 24 13 187
10092 25 213 187
10093 26 72 187
10094 27 169 187
10095 28 137 187
10096 29 146 187
10097 30 84 187
10098 31 66 187
10099 33 59 187
10100 4 108 188
10101 5 94 188
10102 6 185 188
10103 7 182 188
10104 8 179 188
10105 9 57 188
10106 10 124 188
10107 11 244 188
10108 12 235 188
10109 13 53 188
10110 14 75 188
10111 15 46 188
10112 16 35 188
10113 17 87 188
10114 18 247 188
10115 19 34 188
10116 20 198 188
10117 21 256 188
10118 22 37 188
10119 23 123 188
10120 24 23 188
10121 25 163 188
10122 26 245 188
10123 27 117 188
10124 28 153 188
10125 29 173 188
10126 30 177 188
10127 31 194 188
10128 32 236 188
10129 33 68 188
10130 34 163 188
10131 3 162 189
10132 4 118 189
10133 5 15 189
10134 6 116 189
10135 7 154 189
10136 8 177 189
10137 9 131 189
10138 10 164 189
10139 11 86 189
10140 12 7 189
10141 13 42 189
10142 14 197 189
10143 15 87 189
10144 16 95 189
10145 17 51 189
10146 18 142 189
10147 19 160 189
10148 20 10 189
10149 21 236 189
10150 22 156 189
10151 23 151 189
10152 24 139 189
10153 25 128 189
10154 26 161 189
10155 27 246 189
10156 28 253 189
10157 29 83 189
10158 30 11 189
10159 31 255 189
10160 32 131 189
10161 33 89 189
10162 34 184 189
10163 35 195 189
10164 36 140 189
10165 37 145 189
10166 3 124 190
10167 4 41 190
10168 5 23 190
10169 6 41 190
10170 7 229 190
10171 8 136 190
10172 9 178 190
10173 10 158 190
10174 11 2 190
10175 12 218 190
10176 13 207 190
10177 14 161 190
10178 15 200 190
10179 16 55 190
10180 17 206 190
10181 18 221 190
10182 19 77 190
10183 20 67 190
10184 21 252 190
10185 22 213 190
10186 23 8 190
10187 24 103 190
10188 25 75 190
10189 26 85 190
10190 27 256 190
10191 28 105 190
10192 29 176 190
10193 30 5 190
10194 31 44 190
10195 32 175 190
10196 33 116 190
10197 34 58 190
10198 35 157 190
10199 36 17 190
10200 37 255 190
10201 38 134 190
10202 3 111 191
10203 5 67 191
10204 4 112 191
10205 6 202 191
10206 7 87 191
10207 8 205 191
10208 9 123 191
10209 10 129 191
10210 11 205 191
10211 12 146 191
10212 13 104 191
10213 14 147 191
10214 15 164 191
10215 16 209 191
10216 17 158 191
10217 18 134 191
10218 19 101 191
10219 20 35 191
10220 21 119 191
10221 22 179 191
10222 23 77 191
10223 24 89 191
10224 25 167 191
10225 26 84 191
10226 27 109 191
10227 28 154 191
10228 29 213 191
10229 30 140 191
10230 31 16 191
10231 32 103 191
10232 33 35 191
10233 34 64 191
10234 35 136 191
10235 36 223 191
10236 37 68 191
10237 38 182 191
10238 39 32 191
10239 40 216 191
10240 41 92 191
10241 2 175 192
10242 4 221 192
10243 3 193 192
10244 5 132 192
10245 6 39 192
10246 7 191 192
10247 8 220 192
10248 9 6 192
10249 10 123 192
10250 11 186 192
10251 12 215 192
10252 13 50 192
10253 14 219 192
10254 15 9 192
10255 16 37 192
10256 17 164 192
10257 18 32 192
10258 19 113 192
10259 20 228 192
10260 21 198 192
10261 22 7 192
10262 23 203 192
10263 24 157 192
10264 25 87 192
10265 26 256 192
10266 27 170 192
10267 28 167 192
10268 29 256 192
10269 30 166 192
10270 31 72 192
10271 32 129 192
10272 33 249 192
10273 34 174 192
10274 35 19 192
10275 36 128 192
10276 37 136 192
10277 38 141 192
10278 39 57 192
10279 40 102 192
10280 41 57 192
10281 42 61 192
10282 43 105 192
10283 2 22 193
10284 3 202 193
10285 4 243 193
10286 5 181 193
10287 6 2 193
10288 7 6 193
10289 8 13 193
10290 9 43 193
10291 10 121 193
10292 11 102 193
10293 12 167 193
10294 13 251 193
10295 14 140 193
10296 15 64 193
10297 16 232 193
10298 17 101 193
10299 18 48 193
10300 19 146 193
10301 20 4 193
10302 21 202 193
10303 22 108 193
10304 23 34 193
10305 24 253 193
10306 25 191 193
10307 26 121 193
10308 27 162 193
10309 28 128 193
10310 29 177 193
10311 30 21 193
10312 31 15 193
10313 32 93 193
10314 33 87 193
10315 34 73 193
10316 35 32 193
10317 36 49 193
10318 37 215 193
10319 38 169 193
10320 39 226 193
10321 40 16 193
10322 41 114 193
10323 42 126 193
10324 43 116 193
10325 44 132 193
10326 2 95 194
10327 3 74 194
10328 4 235 194
10329 5 127 194
10330 6 171 194
10331 7 85 194
10332 8 209 194
10333 9 78 194
10334 10 193 194
10335 11 143 194
10336 12 157 194
10337 13 188 194
10338 14 188 194
10339 15 18 194
10340 16 145 194
10341 17 207 194
10342 18 41 194
10343 19 207 194
10344 20 189 194
10345 21 115 194
10346 22 136 194
10347 23 91 194
10348 24 143 194
10349 25 73 194
10350 26 156 194
10351 27 231 194
10352 28 252 194
10353 29 132 194
10354 30 138 194
10355 31 153 194
10356 32 172 194
10357 33 173 194
10358 34 138 194
10359 35 125 194
10360 36 150 194
10361 37 233 194
10362 38 174 194
10363 39 248 194
10364 40 167 194
10365 41 118 194
10366 42 1 194
10367 43 114 194
10368 44 227 194
10369 45 101 194
10370 46 125 194
10371 47 230 194
10372 1 126 195
10373 2 124 195
10374 3 79 195
10375 4 217 195
10376 5 142 195
10377 6 104 195
10378 7 96 195
10379 8 177 195
10380 9 108 195
10381 10 11 195
10382 11 153 195
10383 12 5 195
10384 13 64 195
10385 14 175 195
10386 15 181 195
10387 16 159 195
10388 17 202 195
10389 18 244 195
10390 19 56 195
10391 20 29 195
10392 21 82 195
10393 22 18 195
10394 23 81 195
10395 24 146 195
10396 25 11 195
10397 26 129 195
10398 27 76 195
10399 28 99 195
10400 29 32 195
10401 30 34 195
10402 31 1 195
10403 32 146 195
10404 33 219 195
10405 34 186 195
10406 35 119 195
10407 36 203 195
10408 37 144 195
10409 38 244 195
10410 39 114 195
10411 40 38 195
10412 41 211 195
10413 42 147 195
10414 43 112 195
10415 44 152 195
10416 45 228 195
10417 46 56 195
10418 47 142 195
10419 48 22 195
10420 49 238 195
10421 1 34 196
10422 2 246 196
10423 3 12 196
10424 4 49 196
10425 5 203 196
10426 6 17 196
10427 7 168 196
10428 8 106 196
10429 9 156 196
10430 10 62 196
10431 11 198 196
10432 12 197 196
10433 13 104 196
10434 14 215 196
10435 15 210 196
10436 16 153 196
10437 17 19 196
10438 18 158 196
10439 19 66 196
10440 20 120 196
10441 21 209 196
10442 22 188 196
10443 23 114 196
10444 24 115 196
10445 25 95 196
10446 26 114 196
10447 27 69 196
10448 28 207 196
10449 29 222 196
10450 30 41 196
10451 31 229 196
10452 32 160 196
10453 33 86 196
10454 34 15 196
10455 35 93 196
10456 36 59 196
10457 37 211 196
10458 38 130 196
10459 39 156 196
10460 40 159 196
10461 41 237 196
10462 42 95 196
10463 43 119 196
10464 44 56 196
10465 45 39 196
10466 46 42 196
10467 47 28 196
10468 48 256 196
10469 49 14 196
10470 50 4 196
10471 51 240 196
10472 1 227 197
10473 2 136 197
10474 3 194 197
10475 4 196 197
10476 5 86 197
10477 6 140 197
10478 7 42 197
10479 8 214 197
10480 9 232 197
10481 10 126 197
10482 11 243 197
10483 12 218 197
10484 13 80 197
10485 14 141 197
10486 15 103 197
10487 16 56 197
10488 17 229 197
10489 18 61 197
10490 19 103 197
10491 20 82 197
10492 21 133 197
10493 22 36 197
10494 23 158 197
10495 24 179 197
10496 25 52 197
10497 26 139 197
10498 27 172 197
10499 28 103 197
10500 29 10 197
10501 30 252 197
10502 31 152 197
10503 32 158 197
10504 33 193 197
10505 34 224 197
10506 35 247 197
10507 36 33 197
10508 37 248 197
10509 38 201 197
10510 39 144 197
10511 40 202 197
10512 41 201 197
10513 42 221 197
10514 43 49 197
10515 44 95 197
10516 45 81 197
10517 46 34 197
10518 47 131 197
10519 48 59 197
10520 49 187 197
10521 50 238 197
10522 51 19 197
10523 52 233 197
10524 53 166 197
10525 0 26 198
10526 1 148 198
10527 2 165 198
10528 3 141 198
10529 4 142 198
10530 5 196 198
10531 6 234 198
10532 7 54 198
10533 8 150 198
10534 9 223 198
10535 10 195 198
10536 11 94 198
10537 12 125 198
10538 13 128 198
10539 14 187 198
10540 15 199 198
10541 16 217 198
10542 17 211 198
10543 18 167 198
10544 19 51 198
10545 20 139 198
10546 21 111 198
10547 22 30 198
10548 23 124 198
10549 24 173 198
10550 25 254 198
10551 26 194 198
10552 27 131 198
10553 28 61 198
10554 29 76 198
10555 30 218 198
10556 31 4 198
10557 32 99 198
10558 33 140 198
10559 34 80 198
10560 35 191 198
10561 36 104 198
10562 37 125 198
10563 38 20 198
10564 39 21 198
10565 40 166 198
10566 41 27 198
10567 42 118 198
10568 43 221 198
10569 44 166 198
10570 45 70 198
10571 46 239 198
10572 47 80 198
10573 48 228 198
10574 49 186 198
10575 50 185 198
10576 51 136 198
10577 52 237 198
10578 53 218 198
10579 54 40 198
10580 55 164 198
10581 0 151 199
10582 1 219 199
10583 2 151 199
10584 3 30 199
10585 4 53 199
10586 5 161 199
10587 6 142 199
10588 7 66 199
10589 8 113 199
10590 9 5 199
10591 10 15 199
10592 11 211 199
10593 12 163 199
10594 13 91 199
10595 14 212 199
10596 15 139 199
10597 16 186 199
10598 17 170 199
10599 18 78 199
10600 19 126 199
10601 20 155 199
10602 21 120 199
10603 22 69 199
10604 23 75 199
10605 24 213 199
10606 25 34 199
10607 26 95 199
10608 27 8 199
10609 28 149 199
10610 29 24 199
10611 30 140 199
10612 31 152 199
10613 32 65 199
10614 33 196 199
10615 34 7 199
10616 35 72 199
10617 36 36 199
10618 37 228 199
10619 38 86 199
10620 39 114 199
10621 40 71 199
10622 41 50 199
10623 42 94 199
10624 43 40 199
10625 45 186 199
10626 44 152 199
10627 46 93 199
10628 47 186 199
10629 48 167 199
10630 49 40 199
10631 50 145 199
10632 51 121 199
10633 52 48 199
10634 53 169 199
10635 54 169 199
10636 55 136 199
10637 56 210 199
10638 57 196 199
10639 58 224 199
10640 0 8 200
10641 1 237 200
10642 2 14 200
10643 3 146 200
10644 4 221 200
10645 5 82 200
10646 6 235 200
10647 7 128 200
10648 8 95 200
10649 9 119 200
10650 10 141 200
10651 11 208 200
10652 12 99 200
10653 13 222 200
10654 14 101 200
10655 15 11 200
10656 16 31 200
10657 17 169 200
10658 18 153 200
10659 19 172 200
10660 20 208 200
10661 21 37 200
10662 22 213 200
10663 23 4 200
10664 24 157 200
10665 25 83 200
10666 26 74 200
10667 27 237 200
10668 28 238 200
10669 29 125 200
10670 30 200 200
10671 31 112 200
10672 32 58 200
10673 33 114 200
10674 34 177 200
10675 35 85 200
10676 36 121 200
10677 37 119 200
10678 38 81 200
10679 39 212 200
10680 40 240 200
10681 41 61 200
10682 42 181 200
10683 43 29 200
10684 44 198 200
10685 45 99 200
10686 46 235 200
10687 47 45 200
10688 48 14 200
10689 49 112 200
10690 50 29 200
10691 51 246 200
10692 52 74 200
10693 53 22 200
10694 54 230 200
10695 55 41 200
10696 56 93 200
10697 57 97 200
10698 58 251 200
10699 59 164 200
10700 0 139 201
10701 1 212 201
10702 2 204 201
10703 3 94 201
10704 4 80 201
10705 5 46 201
10706 6 21 201
10707 7 153 201
10708 8 68 201
10709 9 150 201
10710 10 141 201
10711 11 114 201
10712 12 147 201
10713 13 72 201
10714 14 50 201
10715 15 126 201
10716 16 23 201
10717 17 204 201
10718 18 50 201
10719 19 126 201
10720 21 255 201
10721 20 176 201
10722 22 234 201
10723 23 206 201
10724 24 133 201
10725 25 90 201
10726 26 142 201
10727 27 75 201
10728 28 21 201
10729 29 181 201
10730 30 244 201
10731 31 15 201
10732 32 14 201
10733 33 14 201
10734 34 190 201
10735 35 127 201
10736 36 93 201
10737 37 15 201
10738 38 106 201
10739 39 52 201
10740 40 58 201
10741 41 96 201
10742 42 7 201
10743 43 47 201
10744 44 41 201
10745 45 180 201
10746 46 90 201
10747 47 18 201
10748 48 250 201
10749 49 115 201
10750 50 227 201
10751 51 115 201
10752 52 206 201
10753 53 45 201
10754 54 95 201
10755 55 50 201
10756 56 166 201
10757 60 114 201
10758 57 26 201
10759 58 119 201
10760 59 139 201
10761 61 69 201
10762 0 121 202
10763 1 74 202
10764 2 80 202
10765 3 217 202
10766 4 180 202
10767 5 16 202
10768 6 15 202
10769 7 221 202
10770 8 213 202
10771 9 14 202
10772 10 118 202
10773 11 180 202
10774 12 51 202
10775 13 7 202
10776 14 242 202
10777 15 39 202
10778 16 75 202
10779 17 46 202
10780 18 242 202
10781 19 132 202
10782 20 256 202
10783 21 73 202
10784 22 214 202
10785 39 110 202
10786 23 11 202
10787 35 174 202
10788 32 10 202
10789 30 33 202
10790 62 83 202
10791 60 190 202
10792 45 40 202
10793 56 187 202
10794 54 215 202
10795 52 193 202
10796 50 13 202
10797 48 54 202
10798 46 119 202
10799 44 20 202
10800 42 190 202
10801 40 55 202
10802 38 11 202
10803 36 58 202
10804 34 223 202
10805 63 114 202
10806 61 47 202
10807 59 185 202
10808 57 111 202
10809 55 59 202
10810 53 166 202
10811 51 151 202
10812 49 71 202
10813 47 94 202
10814 58 166 202
10815 43 138 202
10816 41 26 202
10817 64 45 202
10818 37 200 202
10819 39 155 203
10820 62 137 203
10821 60 74 203
10822 45 186 203
10823 56 191 203
10824 54 166 203
10825 52 204 203
10826 50 71 203
10827 48 117 203
10828 46 215 203
10829 44 129 203
10830 42 127 203
10831 40 162 203
10832 65 207 203
10833 63 247 203
10834 61 121 203
10835 59 101 203
10836 57 112 203
10837 55 85 203
10838 53 17 203
10839 51 113 203
10840 49 111 203
10841 47 118 203
10842 58 140 203
10843 43 124 203
10844 66 69 204
10845 64 252 203
10846 62 254 204
10847 60 214 204
10848 45 227 204
10849 56 114 204
10850 54 17 204
10851 52 185 204
10852 50 111 204
10853 48 125 204
10854 46 166 204
10855 67 105 204
10856 65 63 204
10857 63 64 204
10858 61 84 204
10859 59 176 204
10860 57 157 204
10861 55 227 204
10862 53 251 204
10863 51 202 204
10864 49 112 204
10865 68 35 204
10866 66 21 205
10867 64 32 204
10868 62 122 205
10869 60 223 205
10870 58 69 204
10871 56 247 205
10872 54 251 205
10873 52 101 205
10874 69 73 205
10875 67 99 205
10876 65 8 205
10877 63 53 205
10878 61 214 205
10879 59 210 205
10880 57 126 205
10881 55 192 205
10882 71 77 205
10883 68 33 205
10884 66 174 206
10885 64 155 205
10886 62 93 206
10887 60 233 206
10888 58 21 205
10889 70 200 206
10890 69 201 206
10891 67 86 206
10892 65 103 206
10893 63 72 206
10894 61 68 206
10895 73 95 206
10896 71 177 206
10897 68 200 206
10898 66 120 207
10899 64 36 206
10900 72 161 207
10901 70 185 207
10902 69 50 207
10903 67 15 207
10904 74 196 208
10905 73 26 207
10906 71 70 207
10907 75 49 208
10908 72 238 208
10909 76 51 208
10910 77 50 209
10911 74 119 209
10912 70 100 208
10913 68 156 207
10914 65 78 207
10915 62 52 207
10916 59 180 206
10917 56 120 206
10918 53 20 205
10919 50 40 205
10920 47 178 204
10921 44 33 204
10922 41 134 203
10923 38 175 203
10924 35 216 203
10925 33 246 202
10926 24 80 202
10927 25 95 202
10928 26 41 202
10929 27 98 202
10930 28 96 202
10931 29 167 202
10932 31 54 202
10933 0 2 203
10934 1 101 203
10935 2 152 203
10936 3 242 203
10937 4 129 203
10938 5 9 203
10939 6 146 203
10940 7 17 203
10941 8 86 203
10942 9 134 203
10943 10 255 203
10944 11 105 203
10945 12 185 203
10946 78 188 209
10947 75 94 209
10948 73 83 208
10949 69 39 208
10950 66 26 208
10951 63 90 207
10952 60 202 207
10953 57 30 206
10954 54 20 206
10955 51 89 205
10956 48 145 205
10957 45 201 205
10958 42 73 204
10959 39 108 204
10960 36 72 203
10961 32 87 203
10962 13 202 203
10963 14 27 203
10964 15 72 203
10965 16 136 203
10966 17 77 203
10967 18 80 203
10968 19 21 203
10969 20 233 203
10970 21 181 203
10971 22 28 203
10972 23 220 203
10973 24 19 203
10974 25 39 203
10975 26 251 203
10976 27 103 203
10977 28 93 203
10978 29 198 203
10979 30 208 203
10980 31 138 203
10981 79 152 209
10982 76 187 209
10983 72 197 209
10984 71 10 208
10985 67 196 208
10986 64 45 207
10987 61 139 207
10988 58 5 206
10989 55 131 206
10990 52 173 206
10991 49 243 205
10992 46 162 205
10993 43 39 204
10994 40 54 204
10995 37 9 203
10996 34 6 203
10997 33 165 203
10998 0 162 204
10999 1 74 204
11000 2 195 204
11001 3 169 204
11002 4 56 204
11003 5 1 204
11004 6 61 204
11005 7 248 204
11006 8 250 204
11007 9 57 204
11008 10 149 204
11009 11 128 204
11010 12 165 204
11011 13 25 204
11012 14 210 204
11013 15 138 204
11014 16 107 204
11015 80 152 211
11016 77 111 210
11017 74 74 210
11018 70 143 209
11019 68 151 208
11020 65 204 208
11021 62 136 208
11022 59 194 207
11023 56 215 207
11024 53 250 206
11025 50 243 206
11026 47 169 205
11027 44 27 205
11028 41 133 204
11029 38 3 204
11030 35 130 204
11031 17 37 204
11032 18 43 204
11033 19 190 204
11034 20 222 204
11035 21 141 204
11036 22 31 204
11037 23 127 204
11038 24 55 204
11039 25 4 204
11040 26 189 204
11041 27 49 204
11042 28 222 204
11043 29 87 204
11044 30 65 204
11045 31 29 204
11046 32 18 204
11047 33 53 204
11048 81 184 211
11049 78 37 210
11050 75 147 210
11051 73 134 209
11052 69 102 209
11053 66 68 209
11054 63 97 208
11055 60 154 208
11056 57 118 207
11057 54 250 207
11058 51 213 206
11059 48 142 206
11060 45 71 206
11061 42 81 205
11062 39 65 205
11063 36 129 204
11064 34 218 204
11065 37 147 204
11066 0 252 205
11067 1 53 205
11068 2 231 205
11069 3 133 205
11070 4 61 205
11071 5 179 205
11072 6 129 205
11073 7 57 205
11074 8 211 205
11075 9 21 205
11076 10 149 205
11077 11 110 205
11078 12 118 205
11079 13 244 205
11080 82 92 211
11081 79 101 210
11082 76 153 210
11083 72 83 210
11084 71 210 209
11085 67 137 209
11086 64 177 208
11087 61 169 208
11088 58 191 207
11089 55 224 207
11090 52 235 207
11091 49 82 206
11092 46 226 206
11093 43 83 205
11094 40 161 205
11095 14 25 205
11096 15 206 205
11097 16 140 205
11098 17 119 205
11099 18 194 205
11100 19 142 205
11101 20 50 205
11102 21 221 205
11103 22 240 205
11104 23 26 205
11105 24 71 205
11106 25 212 205
11107 26 12 205
11108 27 180 205
11109 28 187 205
11110 29 79 205
11111 83 179 211
11112 80 101 212
11113 77 231 211
11114 74 154 211
11115 70 88 210
11116 68 217 209
11117 65 237 209
11118 62 158 209
11119 59 112 208
11120 56 246 208
11121 53 41 207
11122 50 82 207
11123 47 185 206
11124 44 209 206
11125 41 249 205
11126 38 166 205
11127 35 83 205
11128 30 72 205
11129 31 108 205
11130 32 167 205
11131 33 20 205
11132 34 253 205
11133 36 202 205
11134 37 44 205
11135 0 73 206
11136 1 139 206
11137 2 89 206
11138 3 53 206
11139 4 55 206
11140 5 168 206
11141 85 80 212
11142 81 244 212
11143 78 77 211
11144 75 167 211
11145 73 83 210
11146 69 247 210
11147 66 79 210
11148 63 56 209
11149 60 172 209
11150 57 190 208
11151 54 41 208
11152 51 221 207
11153 48 233 207
11154 45 245 207
11155 42 192 206
11156 39 170 206
11157 6 158 206
11158 7 218 206
11159 8 201 206
11160 9 82 206
11161 10 103 206
11162 11 20 206
11163 12 14 206
11164 13 189 206
11165 14 59 206
11166 15 233 206
11167 16 7 206
11168 17 191 206
11169 18 176 206
11170 84 172 213
11171 82 122 212
11172 79 106 211
11173 76 242 211
11174 72 249 211
11175 71 218 210
11176 67 42 210
11177 64 28 209
11178 61 13 209
11179 58 203 208
11180 55 230 208
11181 52 239 208
11182 49 254 207
11183 46 255 207
11184 43 25 206
11185 40 85 206
11186 19 228 206
11187 20 165 206
11188 21 72 206
11189 22 170 206
11190 23 27 206
11191 24 18 206
11192 25 94 206
11193 26 24 206
11194 27 102 206
11195 28 218 206
11196 29 89 206
11197 30 220 206
11198 86 61 213
11199 83 53 212
11200 80 106 213
11201 77 189 212
11202 74 126 212
11203 70 195 211
11204 68 14 210
11205 65 7 210
11206 62 176 210
11207 59 115 209
11208 56 248 209
11209 53 127 208
11210 50 254 208
11211 47 128 207
11212 44 171 207
11213 41 157 206
11214 38 19 206
11215 35 138 206
11216 31 63 206
11217 32 135 206
11218 33 179 206
11219 34 240 206
11220 36 76 206
11221 37 161 206
11222 0 120 207
11223 1 187 207
11224 2 176 207
11225 87 208 214
11226 85 233 213
11227 81 223 213
11228 78 63 212
11229 75 160 212
11230 73 27 211
11231 69 132 211
11232 66 88 211
11233 63 186 210
11234 60 155 210
11235 57 62 209
11236 54 127 209
11237 51 64 208
11238 48 214 208
11239 45 107 208
11240 42 175 207
11241 39 69 207
11242 3 221 207
11243 4 67 207
11244 5 59 207
11245 6 220 207
11246 7 194 207
11247 8 107 207
11248 9 206 207
11249 10 217 207
11250 11 253 207
11251 88 206 214
11252 84 24 214
11253 82 240 213
11254 79 40 212
11255 76 198 212
11256 72 60 212
11257 71 8 211
11258 67 11 211
11259 64 93 210
11260 61 140 210
11261 58 96 209
11262 55 48 209
11263 52 32 209
11264 49 91 208
11265 46 232 208
11266 43 137 207
11267 40 163 207
11268 12 63 207
11269 13 197 207
11270 14 213 207
11271 15 133 207
11272 16 104 207
11273 17 209 207
11274 18 102 207
11275 19 87 207
11276 89 180 214
11277 86 120 214
11278 83 20 213
11279 80 40 214
11280 77 178 213
11281 74 33 213
11282 70 51 212
11283 68 175 211
11284 65 216 211
11285 62 144 211
11286 59 24 210
11287 56 16 210
11288 53 174 209
11289 50 91 209
11290 47 58 208
11291 44 210 208
11292 41 35 207
11293 38 109 207
11294 35 183 207
11295 20 232 207
11296 21 210 207
11297 22 246 207
11298 23 38 207
11299 24 147 207
11300 91 143 215
11301 87 30 215
11302 85 7 214
11303 81 89 214
11304 78 145 213
11305 75 201 213
11306 73 235 212
11307 69 108 212
11308 66 72 212
11309 63 12 211
11310 60 130 211
11311 57 4 210
11312 54 174 210
11313 51 29 209
11314 48 105 209
11315 45 181 209
11316 42 75 208
11317 39 220 208
11318 36 61 207
11319 32 243 207
11320 25 61 207
11321 26 187 207
11322 27 45 207
11323 90 93 216
11324 88 5 215
11325 84 103 215
11326 82 173 214
11327 79 243 213
11328 76 162 213
11329 72 71 213
11330 71 190 212
11331 67 9 212
11332 64 6 211
11333 61 16 211
11334 58 172 210
11335 55 86 210
11336 52 143 210
11337 49 238 209
11338 46 73 209
11339 43 197 208
11340 40 110 208
11341 37 104 207
11342 34 155 207
11343 30 63 207
11344 28 44 207
11345 92 136 216
11346 89 194 215
11347 86 215 215
11348 83 250 214
11349 80 243 215
11350 77 169 214
11351 74 27 214
11352 70 65 213
11353 68 3 212
11354 65 130 212
11355 62 1 212
11356 59 43 211
11357 56 200 211
11358 53 119 210
11359 50 238 210
11360 47 211 209
11361 44 55 209
11362 41 52 208
11363 38 206 208
11364 35 103 208
11365 33 97 207
11366 93 97 216
11367 91 193 216
11368 87 118 216
11369 85 70 215
11370 81 213 215
11371 78 142 214
11372 75 71 214
11373 73 50 213
11374 69 65 213
11375 66 129 213
11376 63 150 212
11377 60 41 212
11378 57 50 211
11379 54 119 211
11380 51 234 210
11381 48 156 210
11382 45 78 210
11383 42 167 209
11384 39 180 209
11385 36 120 208
11386 94 177 217
11387 90 238 217
11388 88 191 216
11389 84 228 216
11390 82 235 215
11391 79 82 214
11392 76 226 214
11393 72 66 214
11394 71 159 213
11395 67 241 213
11396 64 75 212
11397 61 104 212
11398 58 94 211
11399 55 47 211
11400 52 117 211
11401 49 148 210
11402 46 13 210
11403 43 231 209
11404 40 90 209
11405 95 237 218
11406 92 158 217
11407 89 112 216
11408 86 246 216
11409 83 41 215
11410 80 82 216
11411 77 185 215
11412 74 209 215
11413 70 97 214
11414 68 166 213
11415 65 83 213
11416 62 141 213
11417 59 152 212
11418 56 187 212
11419 53 74 211
11420 50 148 211
11421 47 196 210
11422 44 45 210
11423 96 79 218
11424 93 56 217
11425 91 150 217
11426 87 190 217
11427 85 78 216
11428 81 221 216
11429 78 233 215
11430 75 245 215
11431 73 190 214
11432 69 170 214
11433 66 199 214
11434 63 76 213
11435 60 116 213
11436 57 111 212
11437 54 74 212
11438 51 98 211
11439 48 151 211
11440 97 42 218
11441 94 28 218
11442 90 153 218
11443 88 203 217
11444 84 202 217
11445 82 239 216
11446 79 254 215
11447 76 255 215
11448 72 110 215
11449 71 116 214
11450 67 57 214
11451 64 38 213
11452 61 156 213
11453 58 147 212
11454 55 202 212
11455 52 49 212
11456 98 14 219
11457 95 7 219
11458 92 176 218
11459 89 115 217
11460 86 248 217
11461 83 127 216
11462 80 254 217
11463 77 128 216
11464 74 171 216
11465 70 91 215
11466 68 19 214
11467 65 138 214
11468 62 92 214
11469 59 101 213
11470 56 153 213
11471 99 132 219
11472 96 88 219
11473 93 186 218
11474 91 129 218
11475 87 62 218
11476 85 136 217
11477 81 64 217
11478 78 214 216
11479 75 107 216
11480 73 150 215
11481 69 69 215
11482 66 46 215
11483 63 179 214
11484 60 156 214
11485 100 66 220
11486 97 11 219
11487 94 93 219
11488 90 33 219
11489 88 96 218
11490 84 61 218
11491 82 32 217
11492 79 91 216
11493 76 232 216
11494 72 140 216
11495 71 94 215
11496 67 70 215
11497 64 218 214
11498 101 134 220
11499 98 175 220
11500 95 216 220
11501 92 144 219
11502 89 24 218
11503 86 16 218
11504 83 174 217
11505 80 91 218
11506 77 58 217
11507 74 210 217
11508 70 35 216
11509 68 109 215
11510 102 31 221
11511 99 108 220
11512 96 72 220
11513 93 12 219
11514 91 219 219
11515 87 4 219
11516 85 79 218
11517 81 29 218
11518 78 105 217
11519 75 181 217
11520 73 148 216
11521 103 125 221
11522 100 54 221
11523 97 9 220
11524 94 6 220
11525 90 190 220
11526 88 172 219
11527 84 240 219
11528 82 143 218
11529 79 238 217
11530 76 73 217
11531 104 27 222
11532 101 133 221
11533 98 3 221
11534 95 130 221
11535 92 1 220
11536 89 43 219
11537 86 200 219
11538 83 119 218
11539 80 238 219
11540 106 26 222
11541 102 104 222
11542 99 65 221
11543 96 129 221
11544 93 150 220
11545 91 32 220
11546 87 50 220
11547 84 119 220
11548 105 55 223
11549 103 77 222
11550 100 161 222
11551 97 241 221
11552 94 75 221
11553 90 188 221
11554 88 94 220
11555 107 185 223
11556 104 209 223
11557 101 249 222
11558 98 166 222
11559 95 83 222
11560 92 141 221
11561 108 233 224
11562 106 28 223
11563 102 5 223
11564 99 170 222
11565 96 199 222
11566 109 254 224
11567 105 146 224
11568 103 189 223
11569 100 85 223
11570 110 254 225
11571 107 128 224
11572 104 171 224
11573 111 64 225
11574 108 214 225
11575 113 150 226
11576 29 6 207
11577 31 222 207
11578 0 177 208
11579 1 55 208
11580 2 8 208
11581 3 239 208
11582 4 168 208
11583 5 51 208
11584 6 169 208
11585 7 66 208
11586 8 141 208
11587 0 183 209
11588 0 183 210
11589 0 183 211
11590 0 183 212
11591 9 111 208
11592 10 159 208
11593 11 135 208
11594 12 254 208
11595 13 79 208
11596 14 187 208
11597 15 174 208
11598 16 177 208
11599 17 12 208
11600 18 244 208
11601 19 78 208
11602 20 140 208
11603 21 54 208
11604 22 176 208
11605 23 176 208
11606 24 232 208
11607 25 91 208
11608 26 124 208
11609 27 38 208
11610 28 251 208
11611 29 42 208
11612 30 8 208
11613 31 133 208
11614 32 131 208
11615 33 197 208
11616 34 251 208
11617 37 239 208
11618 1 250 209
11619 2 26 209
11620 3 93 209
11621 4 18 209
11622 5 49 209
11623 6 86 209
11624 7 134 209
11625 8 147 209
11626 9 157 209
11627 10 26 209
11628 11 103 209
11629 12 93 209
11630 13 102 209
11631 14 252 209
11632 15 53 209
11633 16 247 209
11634 17 198 209
11635 18 180 209
11636 19 155 209
11637 20 217 209
11638 21 76 209
11639 22 107 209
11640 23 37 209
11641 24 29 209
11642 25 235 209
11643 26 69 209
11644 27 235 209
11645 28 90 209
11646 29 17 209
11647 30 191 209
11648 31 230 209
11649 32 195 209
11650 33 168 209
11651 34 113 209
11652 35 189 209
11653 36 130 209
11654 37 123 209
11655 38 193 209
11656 41 164 209
11657 1 106 210
11658 2 105 210
11659 3 206 210
11660 4 107 210
11661 5 255 210
11662 6 34 210
11663 7 182 210
11664 8 111 210
11665 9 106 210
11666 10 181 210
11667 11 71 210
11668 12 80 210
11669 13 125 210
11670 14 144 210
11671 15 114 210
11672 16 187 210
11673 17 5 210
11674 18 65 210
11675 19 184 210
11676 20 1 210
11677 21 18 210
11678 22 226 210
11679 23 235 210
11680 24 117 210
11681 25 245 210
11682 26 71 210
11683 27 208 210
11684 28 46 210
11685 29 77 210
11686 30 37 210
11687 31 65 210
11688 32 104 210
11689 33 84 210
11690 34 43 210
11691 35 101 210
11692 36 7 210
11693 37 205 210
11694 38 45 210
11695 39 65 210
11696 40 50 210
11697 41 95 210
11698 42 235 210
11699 43 22 210
11700 1 249 211
11701 2 104 211
11702 3 206 211
11703 4 9 211
11704 5 25 211
11705 6 191 211
11706 7 9 211
11707 8 157 211
11708 9 127 211
11709 10 114 211
11710 11 86 211
11711 12 196 211
11712 13 248 211
11713 14 175 211
11714 15 241 211
11715 16 169 211
11716 17 24 211
11717 18 185 211
11718 19 243 211
11719 20 237 211
11720 21 12 211
11721 22 209 211
11722 23 251 211
11723 24 238 211
11724 25 92 211
11725 26 255 211
11726 27 147 211
11727 28 54 211
11728 29 39 211
11729 30 56 211
11730 31 41 211
11731 32 39 211
11732 33 109 211
11733 34 146 211
11734 35 51 211
11735 36 5 211
11736 37 59 211
11737 38 96 211
11738 39 241 211
11739 40 102 211
11740 41 209 211
11741 42 114 211
11742 43 173 211
11743 44 213 211
11744 45 248 211
11745 46 3 211
11746 47 226 211
11747 49 199 211
11748 1 136 212
11749 2 159 212
11750 3 35 212
11751 4 99 212
11752 5 229 212
11753 6 171 212
11754 7 191 212
11755 8 137 212
11756 9 66 212
11757 10 211 212
11758 11 229 212
11759 12 231 212
11760 13 97 212
11761 14 26 212
11762 15 59 212
11763 16 251 212
11764 17 139 212
11765 18 110 212
11766 19 223 212
11767 20 104 212
11768 21 225 212
11769 22 233 212
11770 23 132 212
11771 24 140 212
11772 25 61 212
11773 26 159 212
11774 27 163 212
11775 28 56 212
11776 29 163 212
11777 30 190 212
11778 31 252 212
11779 32 243 212
11780 33 240 212
11781 34 244 212
11782 35 115 212
11783 36 248 212
11784 37 156 212
11785 38 256 212
11786 39 182 212
11787 40 130 212
11788 41 72 212
11789 42 131 212
11790 43 223 212
11791 44 246 212
11792 45 52 212
11793 46 186 212
11794 47 52 212
11795 48 154 212
11796 49 46 212
11797 50 16 212
11798 51 203 212
11799 53 217 212
11800 0 86 213
11801 1 136 213
11802 2 158 213
11803 4 210 213
11804 3 136 213
11805 5 234 213
11806 6 207 213
11807 8 250 213
11808 7 90 213
11809 9 198 213
11810 10 178 213
11811 11 205 213
11812 12 87 213
11813 13 230 213
11814 14 102 213
11815 15 227 213
11816 16 68 213
11817 17 214 213
11818 18 130 213
11819 19 106 213
11820 20 138 213
11821 21 172 213
11822 22 16 213
11823 23 95 213
11824 24 164 213
11825 25 27 213
11826 26 107 213
11827 27 67 213
11828 28 23 213
11829 29 180 213
11830 30 76 213
11831 31 137 213
11832 32 93 213
11833 33 87 213
11834 34 44 213
11835 35 248 213
11836 36 224 213
11837 37 8 213
11838 38 17 213
11839 39 246 213
11840 40 76 213
11841 41 15 213
11842 42 225 213
11843 43 134 213
11844 44 52 213
11845 45 67 213
11846 46 113 213
11847 47 74 213
11848 48 88 213
11849 49 9 213
11850 50 140 213
11851 51 58 213
11852 52 209 213
11853 53 204 213
11854 54 228 213
11855 55 11 213
11856 57 66 213
11857 58 116 213
11858 0 94 214
11859 1 27 214
11860 2 189 214
11861 3 73 214
11862 4 254 214
11863 5 78 214
11864 6 69 214
11865 7 203 214
11866 8 97 214
11867 9 141 214
11868 10 213 214
11869 11 127 214
11870 12 38 214
11871 13 26 214
11872 14 242 214
11873 15 135 214
11874 16 180 214
11875 17 129 214
11876 18 75 214
11877 19 138 214
11878 20 157 214
11879 21 70 214
11880 22 129 214
11881 23 25 214
11882 24 77 214
11883 25 160 214
11884 26 34 214
11885 27 146 214
11886 28 185 214
11887 29 85 214
11888 30 134 214
11889 31 30 214
11890 32 26 214
11891 33 93 214
11892 34 54 214
11893 35 18 214
11894 36 132 214
11895 37 104 214
11896 38 135 214
11897 39 161 214
11898 40 234 214
11899 41 159 214
11900 42 36 214
11901 43 53 214
11902 44 67 214
11903 45 97 214
11904 46 91 214
11905 47 198 214
11906 48 109 214
11907 49 174 214
11908 50 199 214
11909 51 154 214
11910 52 65 214
11911 53 180 214
11912 54 188 214
11913 55 243 214
11914 56 129 214
11915 57 227 214
11916 58 59 214
11917 59 67 214
11918 61 42 214
11919 0 106 215
11920 1 107 215
11921 2 189 215
11922 3 30 215
11923 4 171 215
11924 5 114 215
11925 6 256 215
11926 7 188 215
11927 8 174 215
11928 9 107 215
11929 10 11 215
11930 11 232 215
11931 12 127 215
11932 13 242 215
11933 14 90 215
11934 15 208 215
11935 16 160 215
11936 17 118 215
11937 18 102 215
11938 19 223 215
11939 20 75 215
11940 21 95 215
11941 22 242 215
11942 23 85 215
11943 24 246 215
11944 25 177 215
11945 26 189 215
11946 27 180 215
11947 28 153 215
11948 29 108 215
11949 30 184 215
11950 31 126 215
11951 32 172 215
11952 33 91 215
11953 34 231 215
11954 35 255 215
11955 36 247 215
11956 37 210 215
11957 38 220 215
11958 39 214 215
11959 40 146 215
11960 41 7 215
11961 42 162 215
11962 43 86 215
11963 44 215 215
11964 45 91 215
11965 46 213 215
11966 47 156 215
11967 48 174 215
11968 49 206 215
11969 51 17 215
11970 50 123 215
11971 52 104 215
11972 53 63 215
11973 54 111 215
11974 55 179 215
11975 56 252 215
11976 57 4 215
11977 58 40 215
11978 59 185 215
11979 60 12 215
11980 61 218 215
11981 62 99 215
11982 63 75 215
11983 64 245 215
11984 65 115 215
11985 0 19 216
11986 1 186 216
11987 2 234 216
11988 3 239 216
11989 4 168 216
11990 5 47 216
11991 6 208 216
11992 7 188 216
11993 9 210 216
11994 8 30 216
11995 10 213 216
11996 11 217 216
11997 12 149 216
11998 13 147 216
11999 14 96 216
12000 15 226 216
12001 16 187 216
12002 17 38 216
12003 18 193 216
12004 19 4 216
12005 20 58 216
12006 21 78 216
12007 22 118 216
12008 23 180 216
12009 24 146 216
12010 25 208 216
12011 26 159 216
12012 27 142 216
12013 28 228 216
12014 29 74 216
12015 30 211 216
12016 31 160 216
12017 32 16 216
12018 33 245 216
12019 34 108 216
12020 35 130 216
12021 36 93 216
12022 37 93 216
12023 38 186 216
12024 39 254 216
12025 40 207 216
12026 41 81 216
12027 42 8 216
12028 43 63 216
12029 44 60 216
12030 45 100 216
12031 46 94 216
12032 47 253 216
12033 48 180 216
12034 49 191 216
12035 50 208 216
12036 51 175 216
12037 52 91 216
12038 53 221 216
12039 54 252 216
12040 55 107 216
12041 56 118 216
12042 57 190 216
12043 58 195 216
12044 59 169 216
12045 60 94 216
12046 61 200 216
12047 62 117 216
12048 63 94 216
12049 64 30 216
12050 65 158 216
12051 66 220 216
12052 67 97 216
12053 68 88 216
12054 69 72 216
12055 71 178 216
12056 0 233 217
12057 1 86 217
12058 2 121 217
12059 3 147 217
12060 4 39 217
12061 5 109 217
12062 6 191 217
12063 7 211 217
12064 8 86 217
12065 9 237 217
12066 10 222 217
12067 11 37 217
12068 12 59 217
12069 13 105 217
12070 14 128 217
12071 15 67 217
12072 16 244 217
12073 17 59 217
12074 18 32 217
12075 19 25 217
12076 20 114 217
12077 21 148 217
12078 22 112 217
12079 23 239 217
12080 24 163 217
12081 25 123 217
12082 26 110 217
12083 27 155 217
12084 28 4 217
12085 29 169 217
12086 30 141 217
12087 31 180 217
12088 32 178 217
12089 33 159 217
12090 34 160 217
12091 35 207 217
12092 36 35 217
12093 37 48 217
12094 38 233 217
12095 39 247 217
12096 40 99 217
12097 41 210 217
12098 42 203 217
12099 43 84 217
12100 44 238 217
12101 45 247 217
12102 46 69 217
12103 47 55 217
12104 48 121 217
12105 49 172 217
12106 50 221 217
12107 51 88 217
12108 52 100 217
12109 53 157 217
12110 54 140 217
12111 55 191 217
12112 56 11 217
12113 57 64 217
12114 58 187 217
12115 59 24 217
12116 60 60 217
12117 61 166 217
12118 62 138 217
12119 63 243 217
12120 64 80 217
12121 65 214 217
12122 66 81 217
12123 67 15 217
12124 68 244 217
12125 69 43 217
12126 70 12 217
12127 71 83 217
12128 72 87 217
12129 73 47 217
12130 0 243 218
12131 1 5 218
12132 2 60 218
12133 3 109 218
12134 4 121 218
12135 5 179 218
12136 6 47 218
12137 7 184 218
12138 8 193 218
12139 9 152 218
12140 10 116 218
12141 11 109 218
12142 12 202 218
12143 13 156 218
12144 14 37 218
12145 15 237 218
12146 16 147 218
12147 17 226 218
12148 18 186 218
12149 19 254 218
12150 20 222 218
12151 21 10 218
12152 22 208 218
12153 23 61 218
12154 24 116 218
12155 25 252 218
12156 26 151 218
12157 27 128 218
12158 28 220 218
12159 29 107 218
12160 30 3 218
12161 31 182 218
12162 32 78 218
12163 33 62 218
12164 34 162 218
12165 35 49 218
12166 36 237 218
12167 37 166 218
12168 38 2 218
12169 39 206 218
12170 40 11 218
12171 41 86 218
12172 42 227 218
12173 43 238 218
12174 44 183 218
12175 45 24 218
12176 46 89 218
12177 47 180 218
12178 48 56 218
12179 49 62 218
12180 50 23 218
12181 51 211 218
12182 52 154 218
12183 53 42 218
12184 54 51 218
12185 55 82 218
12186 56 215 218
12187 57 137 218
12188 58 229 218
12189 59 94 218
12190 60 214 218
12191 61 224 218
12192 62 1 218
12193 63 160 218
12194 64 159 218
12195 65 5 218
12196 66 107 218
12197 67 56 218
12198 68 50 218
12199 69 161 218
12200 70 57 218
12201 71 76 218
12202 72 57 218
12203 73 222 218
12204 74 253 218
12205 75 100 218
12206 76 134 218
12207 77 152 218
12208 78 101 218
12209 79 194 218
12210 0 150 219
12211 1 154 219
12212 2 228 219
12213 3 70 219
12214 4 219 219
12215 5 5 219
12216 6 201 219
12217 7 214 219
12218 8 226 219
12219 9 203 219
12220 10 16 219
12221 11 192 219
12222 12 169 219
12223 13 197 219
12224 14 256 219
12225 15 230 219
12226 16 222 219
12227 17 67 219
12228 18 32 219
12229 19 53 219
12230 20 240 219
12231 21 14 219
12232 22 184 219
12233 23 67 219
12234 24 13 219
12235 25 151 219
12236 26 52 219
12237 27 177 219
12238 28 1 219
12239 29 197 219
12240 30 106 219
12241 31 134 219
12242 32 113 219
12243 33 30 219
12244 34 248 219
12245 35 27 219
12246 36 64 219
12247 37 219 219
12248 38 134 219
12249 39 55 219
12250 40 137 219
12251 41 248 219
12252 42 217 219
12253 43 148 219
12254 44 151 219
12255 45 75 219
12256 46 190 219
12257 47 193 219
12258 48 186 219
12259 49 220 219
12260 50 145 219
12261 51 14 219
12262 52 176 219
12263 53 201 219
12264 54 250 219
12265 55 75 219
12266 56 251 219
12267 57 1 219
12268 58 62 219
12269 59 207 219
12270 60 55 219
12271 61 158 219
12272 62 97 219
12273 63 152 219
12274 64 27 219
12275 65 188 219
12276 66 19 219
12277 67 89 219
12278 68 253 219
12279 69 193 219
12280 70 254 219
12281 71 83 219
12282 72 213 219
12283 73 219 219
12284 74 228 219
12285 75 189 219
12286 76 109 219
12287 77 158 219
12288 78 149 219
12289 79 212 219
12290 81 71 219
12291 82 178 219
12292 83 40 219
12293 85 212 219
12294 0 220 220
12295 2 209 220
12296 1 139 220
12297 3 206 220
12298 4 123 220
12299 5 170 220
12300 6 69 220
12301 7 202 220
12302 8 85 220
12303 9 35 220
12304 10 247 220
12305 11 234 220
12306 12 199 220
12307 13 228 220
12308 14 87 220
12309 15 240 220
12310 16 222 220
12311 17 212 220
12312 18 219 220
12313 19 62 220
12314 20 59 220
12315 21 45 220
12316 22 33 220
12317 23 142 220
12318 24 87 220
12319 25 227 220
12320 26 168 220
12321 27 232 220
12322 28 72 220
12323 29 28 220
12324 30 218 220
12325 31 41 220
12326 32 32 220
12327 33 224 220
12328 34 226 220
12329 35 155 220
12330 36 145 220
12331 37 76 220
12332 38 78 220
12333 39 220 220
12334 40 147 220
12335 41 172 220
12336 42 124 220
12337 43 98 220
12338 44 30 220
12339 45 119 220
12340 46 93 220
12341 47 20 220
12342 48 34 220
12343 49 38 220
12344 50 245 220
12345 51 83 220
12346 52 55 220
12347 53 173 220
12348 54 115 220
12349 55 167 220
12350 56 221 220
12351 57 184 220
12352 58 118 220
12353 59 148 220
12354 60 170 220
12355 61 244 220
12356 62 186 220
12357 63 176 220
12358 64 187 220
12359 65 53 220
12360 66 169 220
12361 67 192 220
12362 68 36 220
12363 69 85 220
12364 70 209 220
12365 71 168 220
12366 72 14 220
12367 73 167 220
12368 74 129 220
12369 75 232 220
12370 76 147 220
12371 77 50 220
12372 78 83 220
12373 79 12 220
12374 80 254 220
12375 81 88 220
12376 82 132 220
12377 83 255 220
12378 85 242 220
12379 86 205 220
12380 89 171 220
12381 0 213 221
12382 1 76 221
12383 2 235 221
12384 3 22 221
12385 4 64 221
12386 5 138 221
12387 6 198 221
12388 7 179 221
12389 8 192 221
12390 9 186 221
12391 10 30 221
12392 11 78 221
12393 12 125 221
12394 13 256 221
12395 14 21 221
12396 15 97 221
12397 16 132 221
12398 17 146 221
12399 18 238 221
12400 19 40 221
12401 20 21 221
12402 21 175 221
12403 22 171 221
12404 23 120 221
12405 24 188 221
12406 25 230 221
12407 26 211 221
12408 27 125 221
12409 28 67 221
12410 29 42 221
12411 30 159 221
12412 31 195 221
12413 32 177 221
12414 33 181 221
12415 34 97 221
12416 35 175 221
12417 36 121 221
12418 37 44 221
12419 38 76 221
12420 39 96 221
12421 40 98 221
12422 41 160 221
12423 42 147 221
12424 43 90 221
12425 44 34 221
12426 45 249 221
12427 46 96 221
12428 47 187 221
12429 48 54 221
12430 49 155 221
12431 50 256 221
12432 51 237 221
12433 52 163 221
12434 53 197 221
12435 54 247 221
12436 55 95 221
12437 56 239 221
12438 57 197 221
12439 58 245 221
12440 59 116 221
12441 60 163 221
12442 61 200 221
12443 62 75 221
12444 63 107 221
12445 64 8 221
12446 65 241 221
12447 66 105 221
12448 67 36 221
12449 68 250 221
12450 69 208 221
12451 70 117 221
12452 71 81 221
12453 72 32 221
12454 73 78 221
12455 74 98 221
12456 75 93 221
12457 76 116 221
12458 77 101 221
12459 78 116 221
12460 79 50 221
12461 80 214 221
12462 81 151 221
12463 82 123 221
12464 83 151 221
12465 84 143 221
12466 85 218 221
12467 86 214 221
12468 87 4 221
12469 88 33 221
12470 89 8 221
12471 91 14 221
12472 93 172 221
12473 0 44 222
12474 1 165 222
12475 2 82 222
12476 3 152 222
12477 4 197 222
12478 5 245 222
12479 6 51 222
12480 7 15 222
12481 8 185 222
12482 9 27 222
12483 10 70 222
12484 11 79 222
12485 12 97 222
12486 13 46 222
12487 14 36 222
12488 15 18 222
12489 16 190 222
12490 17 88 222
12491 18 116 222
12492 19 254 222
12493 20 141 222
12494 21 136 222
12495 22 193 222
12496 23 208 222
12497 24 129 222
12498 25 210 222
12499 26 71 222
12500 27 86 222
12501 28 206 222
12502 29 176 222
12503 30 251 222
12504 31 200 222
12505 32 187 222
12506 33 68 222
12507 34 164 222
12508 35 6 222
12509 36 113 222
12510 37 57 222
12511 38 237 222
12512 39 8 222
12513 40 23 222
12514 41 50 222
12515 42 2 222
12516 43 169 222
12517 44 180 222
12518 45 130 222
12519 46 58 222
12520 47 229 222
12521 48 200 222
12522 49 238 222
12523 50 138 222
12524 51 103 222
12525 52 243 222
12526 53 7 222
12527 54 135 222
12528 55 130 222
12529 56 221 222
12530 57 225 222
12531 58 221 222
12532 59 41 222
12533 60 133 222
12534 61 181 222
12535 62 37 222
12536 63 83 222
12537 64 66 222
12538 65 146 222
12539 66 116 222
12540 67 207 222
12541 68 220 222
12542 69 68 222
12543 70 209 222
12544 71 239 222
12545 72 64 222
12546 73 179 222
12547 74 166 222
12548 75 45 222
12549 76 120 222
12550 77 183 222
12551 78 204 222
12552 79 183 222
12553 80 123 222
12554 81 205 222
12555 82 147 222
12556 83 47 222
12557 84 60 222
12558 85 187 222
12559 86 221 222
12560 87 33 222
12561 88 191 222
12562 89 152 222
12563 90 7 222
12564 91 65 222
12565 92 164 222
12566 93 135 222
12567 94 239 222
12568 97 4 222
12569 0 60 223
12570 1 98 223
12571 2 67 223
12572 3 216 223
12573 4 136 223
12574 5 144 223
12575 0 202 224
12576 6 156 223
12577 0 153 225
12578 7 32 223
12579 8 94 223
12580 9 169 223
12581 10 38 223
12582 11 36 223
12583 12 3 223
12584 13 72 223
12585 14 216 223
12586 15 166 223
12587 16 106 223
12588 17 204 223
12589 18 109 223
12590 19 206 223
12591 20 28 223
12592 21 33 223
12593 22 145 223
12594 23 83 223
12595 25 23 223
12596 24 12 223
12597 26 251 223
12598 27 65 223
12599 28 11 223
12600 29 104 223
12601 30 252 223
12602 31 51 223
12603 32 129 223
12604 33 120 223
12605 34 68 223
12606 35 171 223
12607 36 139 223
12608 37 84 223
12609 38 251 223
12610 39 221 223
12611 40 125 223
12612 41 111 223
12613 42 80 223
12614 43 34 223
12615 44 254 223
12616 45 180 223
12617 46 229 223
12618 47 243 223
12619 48 124 223
12620 49 20 223
12621 50 50 223
12622 51 251 223
12623 52 228 223
12624 53 120 223
12625 54 17 223
12626 55 65 223
12627 56 80 223
12628 57 125 223
12629 58 67 223
12630 59 21 223
12631 60 83 223
12632 61 80 223
12633 62 151 223
12634 63 37 223
12635 64 181 223
12636 65 252 223
12637 66 175 223
12638 67 141 223
12639 68 25 223
12640 69 37 223
12641 70 241 223
12642 71 100 223
12643 72 204 223
12644 73 236 223
12645 74 76 223
12646 75 80 223
12647 76 83 223
12648 77 153 223
12649 78 58 223
12650 79 90 223
12651 80 52 223
12652 81 57 223
12653 82 185 223
12654 83 137 223
12655 84 245 223
12656 85 236 223
12657 86 60 223
12658 87 94 223
12659 88 2 223
12660 89 209 223
12661 90 156 223
12662 91 36 223
12663 92 195 223
12664 93 111 223
12665 94 249 223
12666 95 2 223
12667 96 215 223
12668 98 166 223
12669 97 232 223
12670 99 97 223
12671 101 122 223
12672 1 107 224
12673 2 229 224
12674 3 141 224
12675 4 26 224
12676 5 139 224
12677 6 167 224
12678 7 200 224
12679 8 74 224
12680 9 151 224
12681 10 31 224
12682 11 11 224
12683 12 34 224
12684 13 70 224
12685 14 139 224
12686 15 176 224
12687 16 254 224
12688 17 185 224
12689 18 130 224
12690 19 18 224
12691 20 104 224
12692 21 79 224
12693 22 152 224
12694 23 61 224
12695 24 133 224
12696 25 20 224
12697 26 150 224
12698 27 41 224
12699 28 144 224
12700 29 170 224
12701 30 152 224
12702 31 50 224
12703 32 29 224
12704 33 70 224
12705 34 156 224
12706 35 231 224
12707 36 96 224
12708 37 147 224
12709 38 11 224
12710 39 29 224
12711 40 166 224
12712 41 43 224
12713 42 142 224
12714 43 209 224
12715 44 156 224
12716 45 7 224
12717 46 208 224
12718 47 130 224
12719 48 70 224
12720 49 244 224
12721 50 90 224
12722 51 231 224
12723 52 127 224
12724 53 139 224
12725 54 185 224
12726 55 106 224
12727 56 87 224
12728 57 5 224
12729 58 68 224
12730 59 203 224
12731 60 255 224
12732 61 219 224
12733 62 92 224
12734 63 30 224
12735 64 148 224
12736 65 214 224
12737 66 20 224
12738 67 218 224
12739 68 252 224
12740 69 197 224
12741 70 196 224
12742 71 109 224
12743 72 192 224
12744 73 30 224
12745 74 167 224
12746 75 40 224
12747 76 63 224
12748 77 242 224
12749 78 246 224
12750 79 71 224
12751 80 243 224
12752 81 31 224
12753 82 198 224
12754 83 76 224
12755 84 79 224
12756 85 91 224
12757 86 133 224
12758 87 177 224
12759 88 21 224
12760 89 74 224
12761 90 203 224
12762 91 54 224
12763 92 137 224
12764 93 197 224
12765 94 162 224
12766 95 144 224
12767 96 2 224
12768 97 62 224
12769 98 75 224
12770 99 56 224
12771 100 207 224
12772 101 240 224
12773 102 14 224
12774 103 160 224
12775 106 230 224
12776 1 15 225
12777 2 216 225
12778 3 245 225
12779 4 195 225
12780 5 164 225
12781 6 112 225
12782 7 44 225
12783 8 13 225
12784 9 149 225
12785 10 186 225
12786 11 19 225
12787 12 206 225
12788 13 149 225
12789 14 208 225
12790 15 11 225
12791 16 1 225
12792 17 35 225
12793 19 79 225
12794 18 150 225
12795 20 191 225
12796 21 142 225
12797 22 14 225
12798 23 104 225
12799 24 26 225
12800 25 150 225
12801 26 1 225
12802 27 82 225
12803 28 187 225
12804 29 101 225
12805 30 139 225
12806 31 33 225
12807 32 66 225
12808 33 17 225
12809 34 148 225
12810 35 245 225
12811 36 47 225
12812 37 72 225
12813 38 95 225
12814 39 203 225
12815 40 247 225
12816 41 149 225
12817 42 111 225
12818 43 30 225
12819 44 172 225
12820 45 37 225
12821 46 153 225
12822 47 15 225
12823 48 202 225
12824 49 230 225
12825 50 60 225
12826 51 20 225
12827 52 102 225
12828 53 50 225
12829 54 223 225
12830 55 113 225
12831 56 243 225
12832 57 236 225
12833 58 28 225
12834 59 250 225
12835 60 116 225
12836 61 178 225
12837 62 151 225
12838 63 210 225
12839 64 111 225
12840 65 73 225
12841 66 182 225
12842 67 144 225
12843 68 192 225
12844 69 13 225
12845 70 14 225
12846 71 206 225
12847 72 138 225
12848 73 7 225
12849 74 44 225
12850 75 44 225
12851 76 122 225
12852 77 25 225
12853 78 64 225
12854 79 154 225
12855 80 158 225
12856 81 48 225
12857 82 74 225
12858 83 25 225
12859 84 203 225
12860 85 38 225
12861 86 33 225
12862 87 215 225
12863 88 249 225
12864 89 57 225
12865 90 218 225
12866 91 140 225
12867 92 228 225
12868 93 192 225
12869 94 139 225
12870 95 38 225
12871 96 161 225
12872 97 58 225
12873 98 116 225
12874 99 7 225
12875 100 149 225
12876 101 17 225
12877 102 91 225
12878 103 219 225
12879 104 196 225
12880 105 160 225
12881 106 149 225
12882 107 8 225
12883 109 151 225
12884 0 163 226
12885 1 84 226
12886 2 124 226
12887 3 70 226
12888 4 161 226
12889 5 109 226
12890 6 111 226
12891 7 5 226
12892 8 46 226
12893 9 12 226
12894 10 100 226
12895 11 55 226
12896 12 194 226
12897 13 225 226
12898 14 106 226
12899 15 139 226
12900 16 141 226
12901 17 141 226
12902 18 18 226
12903 19 104 226
12904 20 53 226
12905 21 188 226
12906 22 133 226
12907 23 89 226
12908 24 217 226
12909 25 174 226
12910 26 240 226
12911 27 71 226
12912 28 147 226
12913 29 163 226
12914 30 12 226
12915 31 137 226
12916 32 11 226
12917 33 156 226
12918 34 110 226
12919 35 5 226
12920 36 165 226
12921 37 205 226
12922 38 170 226
12923 39 241 226
12924 40 207 226
12925 41 256 226
12926 42 68 226
12927 43 53 226
12928 44 252 226
12929 45 10 226
12930 46 164 226
12931 47 221 226
12932 48 57 226
12933 49 238 226
12934 50 125 226
12935 51 55 226
12936 52 67 226
12937 53 251 226
12938 54 121 226
12939 55 198 226
12940 56 128 226
12941 57 220 226
12942 58 84 226
12943 59 127 226
12944 60 116 226
12945 61 230 226
12946 62 238 226
12947 63 74 226
12948 64 251 226
12949 65 214 226
12950 66 180 226
12951 67 1 226
12952 68 35 226
12953 69 19 226
12954 70 135 226
12955 71 1 226
12956 72 233 226
12957 73 39 226
12958 74 181 226
12959 75 135 226
12960 76 190 226
12961 77 216 226
12962 78 67 226
12963 79 5 226
12964 80 6 226
12965 81 138 226
12966 82 200 226
12967 83 51 226
12968 84 33 226
12969 85 60 226
12970 86 180 226
12971 87 227 226
12972 88 90 226
12973 89 122 226
12974 90 185 226
12975 91 149 226
12976 92 228 226
12977 93 231 226
12978 94 231 226
12979 95 104 226
12980 96 105 226
12981 97 218 226
12982 98 159 226
12983 99 1 226
12984 100 58 226
12985 101 108 226
12986 102 92 226
12987 103 62 226
12988 104 243 226
12989 105 185 226
12990 106 152 226
12991 107 125 226
12992 108 128 226
12993 109 15 226
12994 110 74 226
12995 111 191 226
12996 0 61 227
12997 1 45 227
12998 2 62 227
12999 3 23 227
13000 4 220 227
13001 5 86 227
13002 6 58 227
13003 7 34 227
13004 8 82 227
13005 9 104 227
13006 10 112 227
13007 11 104 227
13008 12 95 227
13009 13 56 227
13010 14 185 227
13011 15 215 227
13012 16 108 227
13013 17 181 227
13014 18 97 227
13015 19 85 227
13016 20 90 227
13017 21 15 227
13018 22 68 227
13019 23 33 227
13020 24 163 227
13021 25 1 227
13022 26 160 227
13023 27 228 227
13024 28 119 227
13025 29 94 227
13026 30 90 227
13027 31 70 227
13028 32 62 227
13029 33 148 227
13030 34 57 227
13031 35 166 227
13032 36 199 227
13033 37 190 227
13034 38 22 227
13035 39 198 227
13036 40 216 227
13037 41 173 227
13038 42 192 227
13039 43 211 227
13040 44 249 227
13041 45 32 227
13042 46 243 227
13043 47 172 227
13044 48 40 227
13045 49 253 227
13046 50 167 227
13047 51 58 227
13048 52 188 227
13049 53 31 227
13050 54 229 227
13051 55 44 227
13052 56 128 227
13053 57 254 227
13054 58 199 227
13055 59 199 227
13056 60 174 227
13057 61 141 227
13058 62 157 227
13059 63 208 227
13060 64 68 227
13061 65 13 227
weights 228 228 228 228 228 228 228 228 228 228 228 228 228 228 228 228 228 228 228 228 228 228 228 228 228 228 228 228 228 228 228 228 228 228 228 228 228 228 228 228 228 228 228 228 228 228 228 228 228 228 228 228 228 228 228 228 228 228 228 228 228 228 228 228 228 228 227 227 227 227 227 227 227 227 227 227 227 227 227 227 227 227 227 227 227 227 227 227 227 227 227 227 227 227 227 227 227 227 227 227 227 227 227 227 227 227 227 227 227 227 227 227 227 227
