exact project closure files: 1043
Math/B699/CofactorCriterion.lean
research/tasks/B699-Binomial/runs/20260909-large-prime-structure-cb4764f0/lean/GapBridge.lean
research/tasks/B699-Binomial/runs/20260908-external-reductions-b3c1b7/lean/DivisorTransfer.lean
research/tasks/B699-Binomial/runs/20260909-large-prime-structure-cb4764f0/lean/PrimePowerTransfer.lean
research/tasks/B699-Binomial/runs/20260909-large-prime-structure-cb4764f0/lean/SmallPartBound.lean
research/tasks/B699-Binomial/runs/20260909-low-index-structure-b41a5a63/lean/ThreeWindowWeights.lean
research/tasks/B699-Binomial/runs/20260909-low-index-structure-b41a5a63/lean/ThreeWindowSize.lean
research/tasks/B699-Binomial/runs/20260909-eees-chain-5a2e10/lean/PowerBounds.lean
research/tasks/B699-Binomial/runs/20260909-low-index-structure-b41a5a63/lean/HeightCertificate.lean
research/tasks/B699-Binomial/runs/20260909-low-index-structure-b41a5a63/lean/HeightCertificateData.lean
research/tasks/B699-Binomial/runs/20260909-low-index-structure-b41a5a63/lean/RegisteredHeights.lean
research/tasks/B699-Binomial/runs/20260909-low-index-structure-b41a5a63/lean/LargeSmallPowers.lean
research/tasks/B699-Binomial/runs/20260909-low-index-structure-b41a5a63/lean/CofactorCover.lean
research/tasks/B686-Four/round8/lean/BigPrimeSupport.lean
research/tasks/B686-Four/formalization/UniformDistance/SmallPrime.lean
research/tasks/B699-Binomial/runs/20260909-low-index-structure-b41a5a63/lean/SmallPrimeLocalization.lean
research/tasks/B699-Binomial/runs/20260909-low-index-structure-b41a5a63/lean/SmallPowerIntervals.lean
research/tasks/B699-Binomial/runs/20260909-low-index-structure-b41a5a63/lean/PrimePowerEnumeration.lean
research/tasks/B699-Binomial/runs/20260909-low-index-structure-b41a5a63/lean/LargeDivisorWitness.lean
research/tasks/B699-Binomial/runs/20260909-low-index-structure-b41a5a63/lean/IntervalCover.lean
research/tasks/B699-Binomial/runs/20260909-low-index-structure-b41a5a63/lean/FiniteCover.lean
research/tasks/B699-Binomial/runs/20260911-low-index-lean-513dc7cc/lean/Row035Data.lean
research/tasks/B699-Binomial/runs/20260911-low-index-lean-513dc7cc/lean/rows/Row035/Metadata.lean
research/tasks/B699-Binomial/runs/20260909-low-index-structure-b41a5a63/lean/TrialPrimeCheck.lean
research/tasks/B699-Binomial/runs/20260911-low-index-lean-513dc7cc/lean/WitnessBridge.lean
research/tasks/B699-Binomial/runs/20260911-low-index-lean-513dc7cc/lean/rows/Row035/Goods000.lean
research/tasks/B699-Binomial/runs/20260911-low-index-lean-513dc7cc/lean/rows/Row035/Goods016.lean
research/tasks/B699-Binomial/runs/20260911-low-index-lean-513dc7cc/lean/rows/Row035/Goods032.lean
research/tasks/B699-Binomial/runs/20260911-low-index-lean-513dc7cc/lean/rows/Row035/Goods048.lean
research/tasks/B699-Binomial/runs/20260911-low-index-lean-513dc7cc/lean/rows/Row035/Goods064.lean
research/tasks/B699-Binomial/runs/20260911-low-index-lean-513dc7cc/lean/rows/Row035/Goods080.lean
research/tasks/B699-Binomial/runs/20260911-low-index-lean-513dc7cc/lean/rows/Row035/Goods096.lean
research/tasks/B699-Binomial/runs/20260911-low-index-lean-513dc7cc/lean/rows/Row035/Goods112.lean
research/tasks/B699-Binomial/runs/20260911-low-index-lean-513dc7cc/lean/rows/Row035/Goods128.lean
research/tasks/B699-Binomial/runs/20260911-low-index-lean-513dc7cc/lean/rows/Row035/Goods144.lean
research/tasks/B699-Binomial/runs/20260911-low-index-lean-513dc7cc/lean/rows/Row035/Goods160.lean
research/tasks/B699-Binomial/runs/20260911-low-index-lean-513dc7cc/lean/rows/Row035/Goods176.lean
research/tasks/B699-Binomial/runs/20260911-low-index-lean-513dc7cc/lean/rows/Row035/Goods192.lean
research/tasks/B699-Binomial/runs/20260911-low-index-lean-513dc7cc/lean/rows/Row035/Goods208.lean
research/tasks/B699-Binomial/runs/20260911-low-index-lean-513dc7cc/lean/rows/Row035/Goods224.lean
research/tasks/B699-Binomial/runs/20260911-low-index-lean-513dc7cc/lean/rows/Row035/Goods240.lean
research/tasks/B699-Binomial/runs/20260911-low-index-lean-513dc7cc/lean/rows/Row035/GoodsChecked.lean
research/tasks/B699-Binomial/runs/20260911-low-index-lean-513dc7cc/lean/LayerParts.lean
research/tasks/B699-Binomial/runs/20260911-low-index-lean-513dc7cc/lean/rows/Row035/Geometry.lean
research/tasks/B699-Binomial/runs/20260911-low-index-lean-513dc7cc/lean/rows/Row035/Layer000Arithmetic.lean
research/tasks/B699-Binomial/runs/20260911-low-index-lean-513dc7cc/lean/rows/Row035/Layer000Data.lean
research/tasks/B699-Binomial/runs/20260911-low-index-lean-513dc7cc/lean/rows/Row035/Layer000Enumeration.lean
research/tasks/B699-Binomial/runs/20260911-low-index-lean-513dc7cc/lean/rows/Row035/Layer000PairBlock000.lean
research/tasks/B699-Binomial/runs/20260911-low-index-lean-513dc7cc/lean/rows/Row035/Layer000PairBlock001.lean
research/tasks/B699-Binomial/runs/20260911-low-index-lean-513dc7cc/lean/rows/Row035/Layer000PairBlock002.lean
research/tasks/B699-Binomial/runs/20260911-low-index-lean-513dc7cc/lean/rows/Row035/Layer000PairBlock003.lean
research/tasks/B699-Binomial/runs/20260911-low-index-lean-513dc7cc/lean/rows/Row035/Layer000PairBlock004.lean
research/tasks/B699-Binomial/runs/20260911-low-index-lean-513dc7cc/lean/rows/Row035/Layer000PairBlock005.lean
research/tasks/B699-Binomial/runs/20260911-low-index-lean-513dc7cc/lean/rows/Row035/Layer000PairBlock006.lean
research/tasks/B699-Binomial/runs/20260911-low-index-lean-513dc7cc/lean/PairChunks.lean
research/tasks/B699-Binomial/runs/20260911-low-index-lean-513dc7cc/lean/rows/Row035/Layer000Pairs.lean
research/tasks/B699-Binomial/runs/20260911-low-index-lean-513dc7cc/lean/rows/Row035/Layer000Checked.lean
research/tasks/B699-Binomial/runs/20260911-low-index-lean-513dc7cc/lean/rows/Row035/Layer001Arithmetic.lean
research/tasks/B699-Binomial/runs/20260911-low-index-lean-513dc7cc/lean/rows/Row035/Layer001Data.lean
research/tasks/B699-Binomial/runs/20260911-low-index-lean-513dc7cc/lean/rows/Row035/Layer001Enumeration.lean
research/tasks/B699-Binomial/runs/20260911-low-index-lean-513dc7cc/lean/rows/Row035/Layer001PairBlock000.lean
research/tasks/B699-Binomial/runs/20260911-low-index-lean-513dc7cc/lean/rows/Row035/Layer001PairBlock001.lean
research/tasks/B699-Binomial/runs/20260911-low-index-lean-513dc7cc/lean/rows/Row035/Layer001PairBlock002.lean
research/tasks/B699-Binomial/runs/20260911-low-index-lean-513dc7cc/lean/rows/Row035/Layer001PairBlock003.lean
research/tasks/B699-Binomial/runs/20260911-low-index-lean-513dc7cc/lean/rows/Row035/Layer001PairBlock004.lean
research/tasks/B699-Binomial/runs/20260911-low-index-lean-513dc7cc/lean/rows/Row035/Layer001PairBlock005.lean
research/tasks/B699-Binomial/runs/20260911-low-index-lean-513dc7cc/lean/rows/Row035/Layer001PairBlock006.lean
research/tasks/B699-Binomial/runs/20260911-low-index-lean-513dc7cc/lean/rows/Row035/Layer001PairBlock007.lean
research/tasks/B699-Binomial/runs/20260911-low-index-lean-513dc7cc/lean/rows/Row035/Layer001Pairs.lean
research/tasks/B699-Binomial/runs/20260911-low-index-lean-513dc7cc/lean/rows/Row035/Layer001Checked.lean
research/tasks/B699-Binomial/runs/20260911-low-index-lean-513dc7cc/lean/rows/Row035/Layer002Arithmetic.lean
research/tasks/B699-Binomial/runs/20260911-low-index-lean-513dc7cc/lean/rows/Row035/Layer002Data.lean
research/tasks/B699-Binomial/runs/20260911-low-index-lean-513dc7cc/lean/rows/Row035/Layer002Enumeration.lean
research/tasks/B699-Binomial/runs/20260911-low-index-lean-513dc7cc/lean/rows/Row035/Layer002PairBlock000.lean
research/tasks/B699-Binomial/runs/20260911-low-index-lean-513dc7cc/lean/rows/Row035/Layer002PairBlock001.lean
research/tasks/B699-Binomial/runs/20260911-low-index-lean-513dc7cc/lean/rows/Row035/Layer002PairBlock002.lean
research/tasks/B699-Binomial/runs/20260911-low-index-lean-513dc7cc/lean/rows/Row035/Layer002PairBlock003.lean
research/tasks/B699-Binomial/runs/20260911-low-index-lean-513dc7cc/lean/rows/Row035/Layer002PairBlock004.lean
research/tasks/B699-Binomial/runs/20260911-low-index-lean-513dc7cc/lean/rows/Row035/Layer002PairBlock005.lean
research/tasks/B699-Binomial/runs/20260911-low-index-lean-513dc7cc/lean/rows/Row035/Layer002PairBlock006.lean
research/tasks/B699-Binomial/runs/20260911-low-index-lean-513dc7cc/lean/rows/Row035/Layer002PairBlock007.lean
research/tasks/B699-Binomial/runs/20260911-low-index-lean-513dc7cc/lean/rows/Row035/Layer002PairBlock008.lean
research/tasks/B699-Binomial/runs/20260911-low-index-lean-513dc7cc/lean/rows/Row035/Layer002Pairs.lean
research/tasks/B699-Binomial/runs/20260911-low-index-lean-513dc7cc/lean/rows/Row035/Layer002Checked.lean
research/tasks/B699-Binomial/runs/20260911-low-index-lean-513dc7cc/lean/rows/Row035/Layer003Arithmetic.lean
research/tasks/B699-Binomial/runs/20260911-low-index-lean-513dc7cc/lean/rows/Row035/Layer003Data.lean
research/tasks/B699-Binomial/runs/20260911-low-index-lean-513dc7cc/lean/rows/Row035/Layer003Enumeration.lean
research/tasks/B699-Binomial/runs/20260911-low-index-lean-513dc7cc/lean/rows/Row035/Layer003PairBlock000.lean
research/tasks/B699-Binomial/runs/20260911-low-index-lean-513dc7cc/lean/rows/Row035/Layer003PairBlock001.lean
research/tasks/B699-Binomial/runs/20260911-low-index-lean-513dc7cc/lean/rows/Row035/Layer003PairBlock002.lean
research/tasks/B699-Binomial/runs/20260911-low-index-lean-513dc7cc/lean/rows/Row035/Layer003PairBlock003.lean
research/tasks/B699-Binomial/runs/20260911-low-index-lean-513dc7cc/lean/rows/Row035/Layer003PairBlock004.lean
research/tasks/B699-Binomial/runs/20260911-low-index-lean-513dc7cc/lean/rows/Row035/Layer003PairBlock005.lean
research/tasks/B699-Binomial/runs/20260911-low-index-lean-513dc7cc/lean/rows/Row035/Layer003PairBlock006.lean
research/tasks/B699-Binomial/runs/20260911-low-index-lean-513dc7cc/lean/rows/Row035/Layer003PairBlock007.lean
research/tasks/B699-Binomial/runs/20260911-low-index-lean-513dc7cc/lean/rows/Row035/Layer003Pairs.lean
research/tasks/B699-Binomial/runs/20260911-low-index-lean-513dc7cc/lean/rows/Row035/Layer003Checked.lean
research/tasks/B699-Binomial/runs/20260911-low-index-lean-513dc7cc/lean/rows/Row035/Layers000.lean
research/tasks/B699-Binomial/runs/20260911-low-index-lean-513dc7cc/lean/rows/Row035/Layer004Arithmetic.lean
research/tasks/B699-Binomial/runs/20260911-low-index-lean-513dc7cc/lean/rows/Row035/Layer004Data.lean
research/tasks/B699-Binomial/runs/20260911-low-index-lean-513dc7cc/lean/rows/Row035/Layer004Enumeration.lean
research/tasks/B699-Binomial/runs/20260911-low-index-lean-513dc7cc/lean/rows/Row035/Layer004PairBlock000.lean
research/tasks/B699-Binomial/runs/20260911-low-index-lean-513dc7cc/lean/rows/Row035/Layer004PairBlock001.lean
research/tasks/B699-Binomial/runs/20260911-low-index-lean-513dc7cc/lean/rows/Row035/Layer004PairBlock002.lean
research/tasks/B699-Binomial/runs/20260911-low-index-lean-513dc7cc/lean/rows/Row035/Layer004PairBlock003.lean
research/tasks/B699-Binomial/runs/20260911-low-index-lean-513dc7cc/lean/rows/Row035/Layer004PairBlock004.lean
research/tasks/B699-Binomial/runs/20260911-low-index-lean-513dc7cc/lean/rows/Row035/Layer004PairBlock005.lean
research/tasks/B699-Binomial/runs/20260911-low-index-lean-513dc7cc/lean/rows/Row035/Layer004PairBlock006.lean
research/tasks/B699-Binomial/runs/20260911-low-index-lean-513dc7cc/lean/rows/Row035/Layer004PairBlock007.lean
research/tasks/B699-Binomial/runs/20260911-low-index-lean-513dc7cc/lean/rows/Row035/Layer004Pairs.lean
research/tasks/B699-Binomial/runs/20260911-low-index-lean-513dc7cc/lean/rows/Row035/Layer004Checked.lean
research/tasks/B699-Binomial/runs/20260911-low-index-lean-513dc7cc/lean/rows/Row035/Layer005Arithmetic.lean
research/tasks/B699-Binomial/runs/20260911-low-index-lean-513dc7cc/lean/rows/Row035/Layer005Data.lean
research/tasks/B699-Binomial/runs/20260911-low-index-lean-513dc7cc/lean/rows/Row035/Layer005Enumeration.lean
research/tasks/B699-Binomial/runs/20260911-low-index-lean-513dc7cc/lean/rows/Row035/Layer005PairBlock000.lean
research/tasks/B699-Binomial/runs/20260911-low-index-lean-513dc7cc/lean/rows/Row035/Layer005PairBlock001.lean
research/tasks/B699-Binomial/runs/20260911-low-index-lean-513dc7cc/lean/rows/Row035/Layer005PairBlock002.lean
research/tasks/B699-Binomial/runs/20260911-low-index-lean-513dc7cc/lean/rows/Row035/Layer005PairBlock003.lean
research/tasks/B699-Binomial/runs/20260911-low-index-lean-513dc7cc/lean/rows/Row035/Layer005PairBlock004.lean
research/tasks/B699-Binomial/runs/20260911-low-index-lean-513dc7cc/lean/rows/Row035/Layer005PairBlock005.lean
research/tasks/B699-Binomial/runs/20260911-low-index-lean-513dc7cc/lean/rows/Row035/Layer005PairBlock006.lean
research/tasks/B699-Binomial/runs/20260911-low-index-lean-513dc7cc/lean/rows/Row035/Layer005Pairs.lean
research/tasks/B699-Binomial/runs/20260911-low-index-lean-513dc7cc/lean/rows/Row035/Layer005Checked.lean
research/tasks/B699-Binomial/runs/20260911-low-index-lean-513dc7cc/lean/rows/Row035/Layer006Arithmetic.lean
research/tasks/B699-Binomial/runs/20260911-low-index-lean-513dc7cc/lean/rows/Row035/Layer006Data.lean
research/tasks/B699-Binomial/runs/20260911-low-index-lean-513dc7cc/lean/rows/Row035/Layer006Enumeration.lean
research/tasks/B699-Binomial/runs/20260911-low-index-lean-513dc7cc/lean/rows/Row035/Layer006PairBlock000.lean
research/tasks/B699-Binomial/runs/20260911-low-index-lean-513dc7cc/lean/rows/Row035/Layer006PairBlock001.lean
research/tasks/B699-Binomial/runs/20260911-low-index-lean-513dc7cc/lean/rows/Row035/Layer006PairBlock002.lean
research/tasks/B699-Binomial/runs/20260911-low-index-lean-513dc7cc/lean/rows/Row035/Layer006PairBlock003.lean
research/tasks/B699-Binomial/runs/20260911-low-index-lean-513dc7cc/lean/rows/Row035/Layer006PairBlock004.lean
research/tasks/B699-Binomial/runs/20260911-low-index-lean-513dc7cc/lean/rows/Row035/Layer006PairBlock005.lean
research/tasks/B699-Binomial/runs/20260911-low-index-lean-513dc7cc/lean/rows/Row035/Layer006PairBlock006.lean
research/tasks/B699-Binomial/runs/20260911-low-index-lean-513dc7cc/lean/rows/Row035/Layer006Pairs.lean
research/tasks/B699-Binomial/runs/20260911-low-index-lean-513dc7cc/lean/rows/Row035/Layer006Checked.lean
research/tasks/B699-Binomial/runs/20260911-low-index-lean-513dc7cc/lean/rows/Row035/Layer007Arithmetic.lean
research/tasks/B699-Binomial/runs/20260911-low-index-lean-513dc7cc/lean/rows/Row035/Layer007Data.lean
research/tasks/B699-Binomial/runs/20260911-low-index-lean-513dc7cc/lean/rows/Row035/Layer007Enumeration.lean
research/tasks/B699-Binomial/runs/20260911-low-index-lean-513dc7cc/lean/rows/Row035/Layer007PairBlock000.lean
research/tasks/B699-Binomial/runs/20260911-low-index-lean-513dc7cc/lean/rows/Row035/Layer007PairBlock001.lean
research/tasks/B699-Binomial/runs/20260911-low-index-lean-513dc7cc/lean/rows/Row035/Layer007PairBlock002.lean
research/tasks/B699-Binomial/runs/20260911-low-index-lean-513dc7cc/lean/rows/Row035/Layer007PairBlock003.lean
research/tasks/B699-Binomial/runs/20260911-low-index-lean-513dc7cc/lean/rows/Row035/Layer007PairBlock004.lean
research/tasks/B699-Binomial/runs/20260911-low-index-lean-513dc7cc/lean/rows/Row035/Layer007PairBlock005.lean
research/tasks/B699-Binomial/runs/20260911-low-index-lean-513dc7cc/lean/rows/Row035/Layer007PairBlock006.lean
research/tasks/B699-Binomial/runs/20260911-low-index-lean-513dc7cc/lean/rows/Row035/Layer007Pairs.lean
research/tasks/B699-Binomial/runs/20260911-low-index-lean-513dc7cc/lean/rows/Row035/Layer007Checked.lean
research/tasks/B699-Binomial/runs/20260911-low-index-lean-513dc7cc/lean/rows/Row035/Layers004.lean
research/tasks/B699-Binomial/runs/20260911-low-index-lean-513dc7cc/lean/rows/Row035/Layer008Arithmetic.lean
research/tasks/B699-Binomial/runs/20260911-low-index-lean-513dc7cc/lean/rows/Row035/Layer008Data.lean
research/tasks/B699-Binomial/runs/20260911-low-index-lean-513dc7cc/lean/rows/Row035/Layer008Enumeration.lean
research/tasks/B699-Binomial/runs/20260911-low-index-lean-513dc7cc/lean/rows/Row035/Layer008PairBlock000.lean
research/tasks/B699-Binomial/runs/20260911-low-index-lean-513dc7cc/lean/rows/Row035/Layer008PairBlock001.lean
research/tasks/B699-Binomial/runs/20260911-low-index-lean-513dc7cc/lean/rows/Row035/Layer008PairBlock002.lean
research/tasks/B699-Binomial/runs/20260911-low-index-lean-513dc7cc/lean/rows/Row035/Layer008PairBlock003.lean
research/tasks/B699-Binomial/runs/20260911-low-index-lean-513dc7cc/lean/rows/Row035/Layer008PairBlock004.lean
research/tasks/B699-Binomial/runs/20260911-low-index-lean-513dc7cc/lean/rows/Row035/Layer008PairBlock005.lean
research/tasks/B699-Binomial/runs/20260911-low-index-lean-513dc7cc/lean/rows/Row035/Layer008PairBlock006.lean
research/tasks/B699-Binomial/runs/20260911-low-index-lean-513dc7cc/lean/rows/Row035/Layer008PairBlock007.lean
research/tasks/B699-Binomial/runs/20260911-low-index-lean-513dc7cc/lean/rows/Row035/Layer008Pairs.lean
research/tasks/B699-Binomial/runs/20260911-low-index-lean-513dc7cc/lean/rows/Row035/Layer008Checked.lean
research/tasks/B699-Binomial/runs/20260911-low-index-lean-513dc7cc/lean/rows/Row035/Layer009Arithmetic.lean
research/tasks/B699-Binomial/runs/20260911-low-index-lean-513dc7cc/lean/rows/Row035/Layer009Data.lean
research/tasks/B699-Binomial/runs/20260911-low-index-lean-513dc7cc/lean/rows/Row035/Layer009Enumeration.lean
research/tasks/B699-Binomial/runs/20260911-low-index-lean-513dc7cc/lean/rows/Row035/Layer009PairBlock000.lean
research/tasks/B699-Binomial/runs/20260911-low-index-lean-513dc7cc/lean/rows/Row035/Layer009PairBlock001.lean
research/tasks/B699-Binomial/runs/20260911-low-index-lean-513dc7cc/lean/rows/Row035/Layer009PairBlock002.lean
research/tasks/B699-Binomial/runs/20260911-low-index-lean-513dc7cc/lean/rows/Row035/Layer009PairBlock003.lean
research/tasks/B699-Binomial/runs/20260911-low-index-lean-513dc7cc/lean/rows/Row035/Layer009PairBlock004.lean
research/tasks/B699-Binomial/runs/20260911-low-index-lean-513dc7cc/lean/rows/Row035/Layer009PairBlock005.lean
research/tasks/B699-Binomial/runs/20260911-low-index-lean-513dc7cc/lean/rows/Row035/Layer009PairBlock006.lean
research/tasks/B699-Binomial/runs/20260911-low-index-lean-513dc7cc/lean/rows/Row035/Layer009Pairs.lean
research/tasks/B699-Binomial/runs/20260911-low-index-lean-513dc7cc/lean/rows/Row035/Layer009Checked.lean
research/tasks/B699-Binomial/runs/20260911-low-index-lean-513dc7cc/lean/rows/Row035/Layer010Arithmetic.lean
research/tasks/B699-Binomial/runs/20260911-low-index-lean-513dc7cc/lean/rows/Row035/Layer010Data.lean
research/tasks/B699-Binomial/runs/20260911-low-index-lean-513dc7cc/lean/rows/Row035/Layer010Enumeration.lean
research/tasks/B699-Binomial/runs/20260911-low-index-lean-513dc7cc/lean/rows/Row035/Layer010PairBlock000.lean
research/tasks/B699-Binomial/runs/20260911-low-index-lean-513dc7cc/lean/rows/Row035/Layer010PairBlock001.lean
research/tasks/B699-Binomial/runs/20260911-low-index-lean-513dc7cc/lean/rows/Row035/Layer010PairBlock002.lean
research/tasks/B699-Binomial/runs/20260911-low-index-lean-513dc7cc/lean/rows/Row035/Layer010PairBlock003.lean
research/tasks/B699-Binomial/runs/20260911-low-index-lean-513dc7cc/lean/rows/Row035/Layer010PairBlock004.lean
research/tasks/B699-Binomial/runs/20260911-low-index-lean-513dc7cc/lean/rows/Row035/Layer010PairBlock005.lean
research/tasks/B699-Binomial/runs/20260911-low-index-lean-513dc7cc/lean/rows/Row035/Layer010PairBlock006.lean
research/tasks/B699-Binomial/runs/20260911-low-index-lean-513dc7cc/lean/rows/Row035/Layer010Pairs.lean
research/tasks/B699-Binomial/runs/20260911-low-index-lean-513dc7cc/lean/rows/Row035/Layer010Checked.lean
research/tasks/B699-Binomial/runs/20260911-low-index-lean-513dc7cc/lean/rows/Row035/Layer011Arithmetic.lean
research/tasks/B699-Binomial/runs/20260911-low-index-lean-513dc7cc/lean/rows/Row035/Layer011Data.lean
research/tasks/B699-Binomial/runs/20260911-low-index-lean-513dc7cc/lean/rows/Row035/Layer011Enumeration.lean
research/tasks/B699-Binomial/runs/20260911-low-index-lean-513dc7cc/lean/rows/Row035/Layer011PairBlock000.lean
research/tasks/B699-Binomial/runs/20260911-low-index-lean-513dc7cc/lean/rows/Row035/Layer011PairBlock001.lean
research/tasks/B699-Binomial/runs/20260911-low-index-lean-513dc7cc/lean/rows/Row035/Layer011PairBlock002.lean
research/tasks/B699-Binomial/runs/20260911-low-index-lean-513dc7cc/lean/rows/Row035/Layer011PairBlock003.lean
research/tasks/B699-Binomial/runs/20260911-low-index-lean-513dc7cc/lean/rows/Row035/Layer011PairBlock004.lean
research/tasks/B699-Binomial/runs/20260911-low-index-lean-513dc7cc/lean/rows/Row035/Layer011PairBlock005.lean
research/tasks/B699-Binomial/runs/20260911-low-index-lean-513dc7cc/lean/rows/Row035/Layer011PairBlock006.lean
research/tasks/B699-Binomial/runs/20260911-low-index-lean-513dc7cc/lean/rows/Row035/Layer011Pairs.lean
research/tasks/B699-Binomial/runs/20260911-low-index-lean-513dc7cc/lean/rows/Row035/Layer011Checked.lean
research/tasks/B699-Binomial/runs/20260911-low-index-lean-513dc7cc/lean/rows/Row035/Layers008.lean
research/tasks/B699-Binomial/runs/20260911-low-index-lean-513dc7cc/lean/rows/Row035/Layer012Arithmetic.lean
research/tasks/B699-Binomial/runs/20260911-low-index-lean-513dc7cc/lean/rows/Row035/Layer012Data.lean
research/tasks/B699-Binomial/runs/20260911-low-index-lean-513dc7cc/lean/rows/Row035/Layer012Enumeration.lean
research/tasks/B699-Binomial/runs/20260911-low-index-lean-513dc7cc/lean/rows/Row035/Layer012PairBlock000.lean
research/tasks/B699-Binomial/runs/20260911-low-index-lean-513dc7cc/lean/rows/Row035/Layer012PairBlock001.lean
research/tasks/B699-Binomial/runs/20260911-low-index-lean-513dc7cc/lean/rows/Row035/Layer012PairBlock002.lean
research/tasks/B699-Binomial/runs/20260911-low-index-lean-513dc7cc/lean/rows/Row035/Layer012PairBlock003.lean
research/tasks/B699-Binomial/runs/20260911-low-index-lean-513dc7cc/lean/rows/Row035/Layer012PairBlock004.lean
research/tasks/B699-Binomial/runs/20260911-low-index-lean-513dc7cc/lean/rows/Row035/Layer012PairBlock005.lean
research/tasks/B699-Binomial/runs/20260911-low-index-lean-513dc7cc/lean/rows/Row035/Layer012Pairs.lean
research/tasks/B699-Binomial/runs/20260911-low-index-lean-513dc7cc/lean/rows/Row035/Layer012Checked.lean
research/tasks/B699-Binomial/runs/20260911-low-index-lean-513dc7cc/lean/rows/Row035/Layer013Arithmetic.lean
research/tasks/B699-Binomial/runs/20260911-low-index-lean-513dc7cc/lean/rows/Row035/Layer013Data.lean
research/tasks/B699-Binomial/runs/20260911-low-index-lean-513dc7cc/lean/rows/Row035/Layer013Enumeration.lean
research/tasks/B699-Binomial/runs/20260911-low-index-lean-513dc7cc/lean/rows/Row035/Layer013PairBlock000.lean
research/tasks/B699-Binomial/runs/20260911-low-index-lean-513dc7cc/lean/rows/Row035/Layer013PairBlock001.lean
research/tasks/B699-Binomial/runs/20260911-low-index-lean-513dc7cc/lean/rows/Row035/Layer013PairBlock002.lean
research/tasks/B699-Binomial/runs/20260911-low-index-lean-513dc7cc/lean/rows/Row035/Layer013PairBlock003.lean
research/tasks/B699-Binomial/runs/20260911-low-index-lean-513dc7cc/lean/rows/Row035/Layer013PairBlock004.lean
research/tasks/B699-Binomial/runs/20260911-low-index-lean-513dc7cc/lean/rows/Row035/Layer013PairBlock005.lean
research/tasks/B699-Binomial/runs/20260911-low-index-lean-513dc7cc/lean/rows/Row035/Layer013PairBlock006.lean
research/tasks/B699-Binomial/runs/20260911-low-index-lean-513dc7cc/lean/rows/Row035/Layer013Pairs.lean
research/tasks/B699-Binomial/runs/20260911-low-index-lean-513dc7cc/lean/rows/Row035/Layer013Checked.lean
research/tasks/B699-Binomial/runs/20260911-low-index-lean-513dc7cc/lean/rows/Row035/Layer014Arithmetic.lean
research/tasks/B699-Binomial/runs/20260911-low-index-lean-513dc7cc/lean/rows/Row035/Layer014Data.lean
research/tasks/B699-Binomial/runs/20260911-low-index-lean-513dc7cc/lean/rows/Row035/Layer014Enumeration.lean
research/tasks/B699-Binomial/runs/20260911-low-index-lean-513dc7cc/lean/rows/Row035/Layer014PairBlock000.lean
research/tasks/B699-Binomial/runs/20260911-low-index-lean-513dc7cc/lean/rows/Row035/Layer014PairBlock001.lean
research/tasks/B699-Binomial/runs/20260911-low-index-lean-513dc7cc/lean/rows/Row035/Layer014PairBlock002.lean
research/tasks/B699-Binomial/runs/20260911-low-index-lean-513dc7cc/lean/rows/Row035/Layer014PairBlock003.lean
research/tasks/B699-Binomial/runs/20260911-low-index-lean-513dc7cc/lean/rows/Row035/Layer014PairBlock004.lean
research/tasks/B699-Binomial/runs/20260911-low-index-lean-513dc7cc/lean/rows/Row035/Layer014PairBlock005.lean
research/tasks/B699-Binomial/runs/20260911-low-index-lean-513dc7cc/lean/rows/Row035/Layer014Pairs.lean
research/tasks/B699-Binomial/runs/20260911-low-index-lean-513dc7cc/lean/rows/Row035/Layer014Checked.lean
research/tasks/B699-Binomial/runs/20260911-low-index-lean-513dc7cc/lean/rows/Row035/Layer015Arithmetic.lean
research/tasks/B699-Binomial/runs/20260911-low-index-lean-513dc7cc/lean/rows/Row035/Layer015Data.lean
research/tasks/B699-Binomial/runs/20260911-low-index-lean-513dc7cc/lean/rows/Row035/Layer015Enumeration.lean
research/tasks/B699-Binomial/runs/20260911-low-index-lean-513dc7cc/lean/rows/Row035/Layer015PairBlock000.lean
research/tasks/B699-Binomial/runs/20260911-low-index-lean-513dc7cc/lean/rows/Row035/Layer015PairBlock001.lean
research/tasks/B699-Binomial/runs/20260911-low-index-lean-513dc7cc/lean/rows/Row035/Layer015PairBlock002.lean
research/tasks/B699-Binomial/runs/20260911-low-index-lean-513dc7cc/lean/rows/Row035/Layer015PairBlock003.lean
research/tasks/B699-Binomial/runs/20260911-low-index-lean-513dc7cc/lean/rows/Row035/Layer015PairBlock004.lean
research/tasks/B699-Binomial/runs/20260911-low-index-lean-513dc7cc/lean/rows/Row035/Layer015PairBlock005.lean
research/tasks/B699-Binomial/runs/20260911-low-index-lean-513dc7cc/lean/rows/Row035/Layer015Pairs.lean
research/tasks/B699-Binomial/runs/20260911-low-index-lean-513dc7cc/lean/rows/Row035/Layer015Checked.lean
research/tasks/B699-Binomial/runs/20260911-low-index-lean-513dc7cc/lean/rows/Row035/Layers012.lean
research/tasks/B699-Binomial/runs/20260911-low-index-lean-513dc7cc/lean/rows/Row035/Layer016Arithmetic.lean
research/tasks/B699-Binomial/runs/20260911-low-index-lean-513dc7cc/lean/rows/Row035/Layer016Data.lean
research/tasks/B699-Binomial/runs/20260911-low-index-lean-513dc7cc/lean/rows/Row035/Layer016Enumeration.lean
research/tasks/B699-Binomial/runs/20260911-low-index-lean-513dc7cc/lean/rows/Row035/Layer016PairBlock000.lean
research/tasks/B699-Binomial/runs/20260911-low-index-lean-513dc7cc/lean/rows/Row035/Layer016PairBlock001.lean
research/tasks/B699-Binomial/runs/20260911-low-index-lean-513dc7cc/lean/rows/Row035/Layer016PairBlock002.lean
research/tasks/B699-Binomial/runs/20260911-low-index-lean-513dc7cc/lean/rows/Row035/Layer016PairBlock003.lean
research/tasks/B699-Binomial/runs/20260911-low-index-lean-513dc7cc/lean/rows/Row035/Layer016PairBlock004.lean
research/tasks/B699-Binomial/runs/20260911-low-index-lean-513dc7cc/lean/rows/Row035/Layer016PairBlock005.lean
research/tasks/B699-Binomial/runs/20260911-low-index-lean-513dc7cc/lean/rows/Row035/Layer016Pairs.lean
research/tasks/B699-Binomial/runs/20260911-low-index-lean-513dc7cc/lean/rows/Row035/Layer016Checked.lean
research/tasks/B699-Binomial/runs/20260911-low-index-lean-513dc7cc/lean/rows/Row035/Layer017Arithmetic.lean
research/tasks/B699-Binomial/runs/20260911-low-index-lean-513dc7cc/lean/rows/Row035/Layer017Data.lean
research/tasks/B699-Binomial/runs/20260911-low-index-lean-513dc7cc/lean/rows/Row035/Layer017Enumeration.lean
research/tasks/B699-Binomial/runs/20260911-low-index-lean-513dc7cc/lean/rows/Row035/Layer017PairBlock000.lean
research/tasks/B699-Binomial/runs/20260911-low-index-lean-513dc7cc/lean/rows/Row035/Layer017PairBlock001.lean
research/tasks/B699-Binomial/runs/20260911-low-index-lean-513dc7cc/lean/rows/Row035/Layer017PairBlock002.lean
research/tasks/B699-Binomial/runs/20260911-low-index-lean-513dc7cc/lean/rows/Row035/Layer017PairBlock003.lean
research/tasks/B699-Binomial/runs/20260911-low-index-lean-513dc7cc/lean/rows/Row035/Layer017PairBlock004.lean
research/tasks/B699-Binomial/runs/20260911-low-index-lean-513dc7cc/lean/rows/Row035/Layer017Pairs.lean
research/tasks/B699-Binomial/runs/20260911-low-index-lean-513dc7cc/lean/rows/Row035/Layer017Checked.lean
research/tasks/B699-Binomial/runs/20260911-low-index-lean-513dc7cc/lean/rows/Row035/Layer018Arithmetic.lean
research/tasks/B699-Binomial/runs/20260911-low-index-lean-513dc7cc/lean/rows/Row035/Layer018Data.lean
research/tasks/B699-Binomial/runs/20260911-low-index-lean-513dc7cc/lean/rows/Row035/Layer018Enumeration.lean
research/tasks/B699-Binomial/runs/20260911-low-index-lean-513dc7cc/lean/rows/Row035/Layer018PairBlock000.lean
research/tasks/B699-Binomial/runs/20260911-low-index-lean-513dc7cc/lean/rows/Row035/Layer018PairBlock001.lean
research/tasks/B699-Binomial/runs/20260911-low-index-lean-513dc7cc/lean/rows/Row035/Layer018PairBlock002.lean
research/tasks/B699-Binomial/runs/20260911-low-index-lean-513dc7cc/lean/rows/Row035/Layer018PairBlock003.lean
research/tasks/B699-Binomial/runs/20260911-low-index-lean-513dc7cc/lean/rows/Row035/Layer018PairBlock004.lean
research/tasks/B699-Binomial/runs/20260911-low-index-lean-513dc7cc/lean/rows/Row035/Layer018PairBlock005.lean
research/tasks/B699-Binomial/runs/20260911-low-index-lean-513dc7cc/lean/rows/Row035/Layer018PairBlock006.lean
research/tasks/B699-Binomial/runs/20260911-low-index-lean-513dc7cc/lean/rows/Row035/Layer018Pairs.lean
research/tasks/B699-Binomial/runs/20260911-low-index-lean-513dc7cc/lean/rows/Row035/Layer018Checked.lean
research/tasks/B699-Binomial/runs/20260911-low-index-lean-513dc7cc/lean/rows/Row035/Layer019Arithmetic.lean
research/tasks/B699-Binomial/runs/20260911-low-index-lean-513dc7cc/lean/rows/Row035/Layer019Data.lean
research/tasks/B699-Binomial/runs/20260911-low-index-lean-513dc7cc/lean/rows/Row035/Layer019Enumeration.lean
research/tasks/B699-Binomial/runs/20260911-low-index-lean-513dc7cc/lean/rows/Row035/Layer019PairBlock000.lean
research/tasks/B699-Binomial/runs/20260911-low-index-lean-513dc7cc/lean/rows/Row035/Layer019PairBlock001.lean
research/tasks/B699-Binomial/runs/20260911-low-index-lean-513dc7cc/lean/rows/Row035/Layer019PairBlock002.lean
research/tasks/B699-Binomial/runs/20260911-low-index-lean-513dc7cc/lean/rows/Row035/Layer019PairBlock003.lean
research/tasks/B699-Binomial/runs/20260911-low-index-lean-513dc7cc/lean/rows/Row035/Layer019PairBlock004.lean
research/tasks/B699-Binomial/runs/20260911-low-index-lean-513dc7cc/lean/rows/Row035/Layer019PairBlock005.lean
research/tasks/B699-Binomial/runs/20260911-low-index-lean-513dc7cc/lean/rows/Row035/Layer019Pairs.lean
research/tasks/B699-Binomial/runs/20260911-low-index-lean-513dc7cc/lean/rows/Row035/Layer019Checked.lean
research/tasks/B699-Binomial/runs/20260911-low-index-lean-513dc7cc/lean/rows/Row035/Layers016.lean
research/tasks/B699-Binomial/runs/20260911-low-index-lean-513dc7cc/lean/rows/Row035/Layer020Arithmetic.lean
research/tasks/B699-Binomial/runs/20260911-low-index-lean-513dc7cc/lean/rows/Row035/Layer020Data.lean
research/tasks/B699-Binomial/runs/20260911-low-index-lean-513dc7cc/lean/rows/Row035/Layer020Enumeration.lean
research/tasks/B699-Binomial/runs/20260911-low-index-lean-513dc7cc/lean/rows/Row035/Layer020PairBlock000.lean
research/tasks/B699-Binomial/runs/20260911-low-index-lean-513dc7cc/lean/rows/Row035/Layer020PairBlock001.lean
research/tasks/B699-Binomial/runs/20260911-low-index-lean-513dc7cc/lean/rows/Row035/Layer020PairBlock002.lean
research/tasks/B699-Binomial/runs/20260911-low-index-lean-513dc7cc/lean/rows/Row035/Layer020PairBlock003.lean
research/tasks/B699-Binomial/runs/20260911-low-index-lean-513dc7cc/lean/rows/Row035/Layer020PairBlock004.lean
research/tasks/B699-Binomial/runs/20260911-low-index-lean-513dc7cc/lean/rows/Row035/Layer020Pairs.lean
research/tasks/B699-Binomial/runs/20260911-low-index-lean-513dc7cc/lean/rows/Row035/Layer020Checked.lean
research/tasks/B699-Binomial/runs/20260911-low-index-lean-513dc7cc/lean/rows/Row035/Layer021Arithmetic.lean
research/tasks/B699-Binomial/runs/20260911-low-index-lean-513dc7cc/lean/rows/Row035/Layer021Data.lean
research/tasks/B699-Binomial/runs/20260911-low-index-lean-513dc7cc/lean/rows/Row035/Layer021Enumeration.lean
research/tasks/B699-Binomial/runs/20260911-low-index-lean-513dc7cc/lean/rows/Row035/Layer021PairBlock000.lean
research/tasks/B699-Binomial/runs/20260911-low-index-lean-513dc7cc/lean/rows/Row035/Layer021PairBlock001.lean
research/tasks/B699-Binomial/runs/20260911-low-index-lean-513dc7cc/lean/rows/Row035/Layer021PairBlock002.lean
research/tasks/B699-Binomial/runs/20260911-low-index-lean-513dc7cc/lean/rows/Row035/Layer021PairBlock003.lean
research/tasks/B699-Binomial/runs/20260911-low-index-lean-513dc7cc/lean/rows/Row035/Layer021PairBlock004.lean
research/tasks/B699-Binomial/runs/20260911-low-index-lean-513dc7cc/lean/rows/Row035/Layer021Pairs.lean
research/tasks/B699-Binomial/runs/20260911-low-index-lean-513dc7cc/lean/rows/Row035/Layer021Checked.lean
research/tasks/B699-Binomial/runs/20260911-low-index-lean-513dc7cc/lean/rows/Row035/Layer022Arithmetic.lean
research/tasks/B699-Binomial/runs/20260911-low-index-lean-513dc7cc/lean/rows/Row035/Layer022Data.lean
research/tasks/B699-Binomial/runs/20260911-low-index-lean-513dc7cc/lean/rows/Row035/Layer022Enumeration.lean
research/tasks/B699-Binomial/runs/20260911-low-index-lean-513dc7cc/lean/rows/Row035/Layer022PairBlock000.lean
research/tasks/B699-Binomial/runs/20260911-low-index-lean-513dc7cc/lean/rows/Row035/Layer022PairBlock001.lean
research/tasks/B699-Binomial/runs/20260911-low-index-lean-513dc7cc/lean/rows/Row035/Layer022PairBlock002.lean
research/tasks/B699-Binomial/runs/20260911-low-index-lean-513dc7cc/lean/rows/Row035/Layer022PairBlock003.lean
research/tasks/B699-Binomial/runs/20260911-low-index-lean-513dc7cc/lean/rows/Row035/Layer022PairBlock004.lean
research/tasks/B699-Binomial/runs/20260911-low-index-lean-513dc7cc/lean/rows/Row035/Layer022PairBlock005.lean
research/tasks/B699-Binomial/runs/20260911-low-index-lean-513dc7cc/lean/rows/Row035/Layer022Pairs.lean
research/tasks/B699-Binomial/runs/20260911-low-index-lean-513dc7cc/lean/rows/Row035/Layer022Checked.lean
research/tasks/B699-Binomial/runs/20260911-low-index-lean-513dc7cc/lean/rows/Row035/Layer023Arithmetic.lean
research/tasks/B699-Binomial/runs/20260911-low-index-lean-513dc7cc/lean/rows/Row035/Layer023Data.lean
research/tasks/B699-Binomial/runs/20260911-low-index-lean-513dc7cc/lean/rows/Row035/Layer023Enumeration.lean
research/tasks/B699-Binomial/runs/20260911-low-index-lean-513dc7cc/lean/rows/Row035/Layer023PairBlock000.lean
research/tasks/B699-Binomial/runs/20260911-low-index-lean-513dc7cc/lean/rows/Row035/Layer023PairBlock001.lean
research/tasks/B699-Binomial/runs/20260911-low-index-lean-513dc7cc/lean/rows/Row035/Layer023PairBlock002.lean
research/tasks/B699-Binomial/runs/20260911-low-index-lean-513dc7cc/lean/rows/Row035/Layer023PairBlock003.lean
research/tasks/B699-Binomial/runs/20260911-low-index-lean-513dc7cc/lean/rows/Row035/Layer023PairBlock004.lean
research/tasks/B699-Binomial/runs/20260911-low-index-lean-513dc7cc/lean/rows/Row035/Layer023PairBlock005.lean
research/tasks/B699-Binomial/runs/20260911-low-index-lean-513dc7cc/lean/rows/Row035/Layer023Pairs.lean
research/tasks/B699-Binomial/runs/20260911-low-index-lean-513dc7cc/lean/rows/Row035/Layer023Checked.lean
research/tasks/B699-Binomial/runs/20260911-low-index-lean-513dc7cc/lean/rows/Row035/Layers020.lean
research/tasks/B699-Binomial/runs/20260911-low-index-lean-513dc7cc/lean/rows/Row035/Layer024Arithmetic.lean
research/tasks/B699-Binomial/runs/20260911-low-index-lean-513dc7cc/lean/rows/Row035/Layer024Data.lean
research/tasks/B699-Binomial/runs/20260911-low-index-lean-513dc7cc/lean/rows/Row035/Layer024Enumeration.lean
research/tasks/B699-Binomial/runs/20260911-low-index-lean-513dc7cc/lean/rows/Row035/Layer024Pairs.lean
research/tasks/B699-Binomial/runs/20260911-low-index-lean-513dc7cc/lean/rows/Row035/Layer024Checked.lean
research/tasks/B699-Binomial/runs/20260911-low-index-lean-513dc7cc/lean/rows/Row035/Layer025Arithmetic.lean
research/tasks/B699-Binomial/runs/20260911-low-index-lean-513dc7cc/lean/rows/Row035/Layer025Data.lean
research/tasks/B699-Binomial/runs/20260911-low-index-lean-513dc7cc/lean/rows/Row035/Layer025Enumeration.lean
research/tasks/B699-Binomial/runs/20260911-low-index-lean-513dc7cc/lean/rows/Row035/Layer025PairBlock000.lean
research/tasks/B699-Binomial/runs/20260911-low-index-lean-513dc7cc/lean/rows/Row035/Layer025PairBlock001.lean
research/tasks/B699-Binomial/runs/20260911-low-index-lean-513dc7cc/lean/rows/Row035/Layer025PairBlock002.lean
research/tasks/B699-Binomial/runs/20260911-low-index-lean-513dc7cc/lean/rows/Row035/Layer025PairBlock003.lean
research/tasks/B699-Binomial/runs/20260911-low-index-lean-513dc7cc/lean/rows/Row035/Layer025PairBlock004.lean
research/tasks/B699-Binomial/runs/20260911-low-index-lean-513dc7cc/lean/rows/Row035/Layer025Pairs.lean
research/tasks/B699-Binomial/runs/20260911-low-index-lean-513dc7cc/lean/rows/Row035/Layer025Checked.lean
research/tasks/B699-Binomial/runs/20260911-low-index-lean-513dc7cc/lean/rows/Row035/Layer026Arithmetic.lean
research/tasks/B699-Binomial/runs/20260911-low-index-lean-513dc7cc/lean/rows/Row035/Layer026Data.lean
research/tasks/B699-Binomial/runs/20260911-low-index-lean-513dc7cc/lean/rows/Row035/Layer026Enumeration.lean
research/tasks/B699-Binomial/runs/20260911-low-index-lean-513dc7cc/lean/rows/Row035/Layer026PairBlock000.lean
research/tasks/B699-Binomial/runs/20260911-low-index-lean-513dc7cc/lean/rows/Row035/Layer026PairBlock001.lean
research/tasks/B699-Binomial/runs/20260911-low-index-lean-513dc7cc/lean/rows/Row035/Layer026PairBlock002.lean
research/tasks/B699-Binomial/runs/20260911-low-index-lean-513dc7cc/lean/rows/Row035/Layer026PairBlock003.lean
research/tasks/B699-Binomial/runs/20260911-low-index-lean-513dc7cc/lean/rows/Row035/Layer026PairBlock004.lean
research/tasks/B699-Binomial/runs/20260911-low-index-lean-513dc7cc/lean/rows/Row035/Layer026Pairs.lean
research/tasks/B699-Binomial/runs/20260911-low-index-lean-513dc7cc/lean/rows/Row035/Layer026Checked.lean
research/tasks/B699-Binomial/runs/20260911-low-index-lean-513dc7cc/lean/rows/Row035/Layer027Arithmetic.lean
research/tasks/B699-Binomial/runs/20260911-low-index-lean-513dc7cc/lean/rows/Row035/Layer027Data.lean
research/tasks/B699-Binomial/runs/20260911-low-index-lean-513dc7cc/lean/rows/Row035/Layer027Enumeration.lean
research/tasks/B699-Binomial/runs/20260911-low-index-lean-513dc7cc/lean/rows/Row035/Layer027PairBlock000.lean
research/tasks/B699-Binomial/runs/20260911-low-index-lean-513dc7cc/lean/rows/Row035/Layer027PairBlock001.lean
research/tasks/B699-Binomial/runs/20260911-low-index-lean-513dc7cc/lean/rows/Row035/Layer027PairBlock002.lean
research/tasks/B699-Binomial/runs/20260911-low-index-lean-513dc7cc/lean/rows/Row035/Layer027PairBlock003.lean
research/tasks/B699-Binomial/runs/20260911-low-index-lean-513dc7cc/lean/rows/Row035/Layer027PairBlock004.lean
research/tasks/B699-Binomial/runs/20260911-low-index-lean-513dc7cc/lean/rows/Row035/Layer027Pairs.lean
research/tasks/B699-Binomial/runs/20260911-low-index-lean-513dc7cc/lean/rows/Row035/Layer027Checked.lean
research/tasks/B699-Binomial/runs/20260911-low-index-lean-513dc7cc/lean/rows/Row035/Layers024.lean
research/tasks/B699-Binomial/runs/20260911-low-index-lean-513dc7cc/lean/rows/Row035/Layer028Arithmetic.lean
research/tasks/B699-Binomial/runs/20260911-low-index-lean-513dc7cc/lean/rows/Row035/Layer028Data.lean
research/tasks/B699-Binomial/runs/20260911-low-index-lean-513dc7cc/lean/rows/Row035/Layer028Enumeration.lean
research/tasks/B699-Binomial/runs/20260911-low-index-lean-513dc7cc/lean/rows/Row035/Layer028PairBlock000.lean
research/tasks/B699-Binomial/runs/20260911-low-index-lean-513dc7cc/lean/rows/Row035/Layer028PairBlock001.lean
research/tasks/B699-Binomial/runs/20260911-low-index-lean-513dc7cc/lean/rows/Row035/Layer028PairBlock002.lean
research/tasks/B699-Binomial/runs/20260911-low-index-lean-513dc7cc/lean/rows/Row035/Layer028PairBlock003.lean
research/tasks/B699-Binomial/runs/20260911-low-index-lean-513dc7cc/lean/rows/Row035/Layer028PairBlock004.lean
research/tasks/B699-Binomial/runs/20260911-low-index-lean-513dc7cc/lean/rows/Row035/Layer028Pairs.lean
research/tasks/B699-Binomial/runs/20260911-low-index-lean-513dc7cc/lean/rows/Row035/Layer028Checked.lean
research/tasks/B699-Binomial/runs/20260911-low-index-lean-513dc7cc/lean/rows/Row035/Layer029Arithmetic.lean
research/tasks/B699-Binomial/runs/20260911-low-index-lean-513dc7cc/lean/rows/Row035/Layer029Data.lean
research/tasks/B699-Binomial/runs/20260911-low-index-lean-513dc7cc/lean/rows/Row035/Layer029Enumeration.lean
research/tasks/B699-Binomial/runs/20260911-low-index-lean-513dc7cc/lean/rows/Row035/Layer029Pairs.lean
research/tasks/B699-Binomial/runs/20260911-low-index-lean-513dc7cc/lean/rows/Row035/Layer029Checked.lean
research/tasks/B699-Binomial/runs/20260911-low-index-lean-513dc7cc/lean/rows/Row035/Layer030Arithmetic.lean
research/tasks/B699-Binomial/runs/20260911-low-index-lean-513dc7cc/lean/rows/Row035/Layer030Data.lean
research/tasks/B699-Binomial/runs/20260911-low-index-lean-513dc7cc/lean/rows/Row035/Layer030Enumeration.lean
research/tasks/B699-Binomial/runs/20260911-low-index-lean-513dc7cc/lean/rows/Row035/Layer030PairBlock000.lean
research/tasks/B699-Binomial/runs/20260911-low-index-lean-513dc7cc/lean/rows/Row035/Layer030PairBlock001.lean
research/tasks/B699-Binomial/runs/20260911-low-index-lean-513dc7cc/lean/rows/Row035/Layer030PairBlock002.lean
research/tasks/B699-Binomial/runs/20260911-low-index-lean-513dc7cc/lean/rows/Row035/Layer030PairBlock003.lean
research/tasks/B699-Binomial/runs/20260911-low-index-lean-513dc7cc/lean/rows/Row035/Layer030PairBlock004.lean
research/tasks/B699-Binomial/runs/20260911-low-index-lean-513dc7cc/lean/rows/Row035/Layer030Pairs.lean
research/tasks/B699-Binomial/runs/20260911-low-index-lean-513dc7cc/lean/rows/Row035/Layer030Checked.lean
research/tasks/B699-Binomial/runs/20260911-low-index-lean-513dc7cc/lean/rows/Row035/Layer031Arithmetic.lean
research/tasks/B699-Binomial/runs/20260911-low-index-lean-513dc7cc/lean/rows/Row035/Layer031Data.lean
research/tasks/B699-Binomial/runs/20260911-low-index-lean-513dc7cc/lean/rows/Row035/Layer031Enumeration.lean
research/tasks/B699-Binomial/runs/20260911-low-index-lean-513dc7cc/lean/rows/Row035/Layer031Pairs.lean
research/tasks/B699-Binomial/runs/20260911-low-index-lean-513dc7cc/lean/rows/Row035/Layer031Checked.lean
research/tasks/B699-Binomial/runs/20260911-low-index-lean-513dc7cc/lean/rows/Row035/Layers028.lean
research/tasks/B699-Binomial/runs/20260911-low-index-lean-513dc7cc/lean/rows/Row035/Layer032Arithmetic.lean
research/tasks/B699-Binomial/runs/20260911-low-index-lean-513dc7cc/lean/rows/Row035/Layer032Data.lean
research/tasks/B699-Binomial/runs/20260911-low-index-lean-513dc7cc/lean/rows/Row035/Layer032Enumeration.lean
research/tasks/B699-Binomial/runs/20260911-low-index-lean-513dc7cc/lean/rows/Row035/Layer032Pairs.lean
research/tasks/B699-Binomial/runs/20260911-low-index-lean-513dc7cc/lean/rows/Row035/Layer032Checked.lean
research/tasks/B699-Binomial/runs/20260911-low-index-lean-513dc7cc/lean/rows/Row035/Layer033Arithmetic.lean
research/tasks/B699-Binomial/runs/20260911-low-index-lean-513dc7cc/lean/rows/Row035/Layer033Data.lean
research/tasks/B699-Binomial/runs/20260911-low-index-lean-513dc7cc/lean/rows/Row035/Layer033Enumeration.lean
research/tasks/B699-Binomial/runs/20260911-low-index-lean-513dc7cc/lean/rows/Row035/Layer033Pairs.lean
research/tasks/B699-Binomial/runs/20260911-low-index-lean-513dc7cc/lean/rows/Row035/Layer033Checked.lean
research/tasks/B699-Binomial/runs/20260911-low-index-lean-513dc7cc/lean/rows/Row035/Layer034Arithmetic.lean
research/tasks/B699-Binomial/runs/20260911-low-index-lean-513dc7cc/lean/rows/Row035/Layer034Data.lean
research/tasks/B699-Binomial/runs/20260911-low-index-lean-513dc7cc/lean/rows/Row035/Layer034Enumeration.lean
research/tasks/B699-Binomial/runs/20260911-low-index-lean-513dc7cc/lean/rows/Row035/Layer034PairBlock000.lean
research/tasks/B699-Binomial/runs/20260911-low-index-lean-513dc7cc/lean/rows/Row035/Layer034PairBlock001.lean
research/tasks/B699-Binomial/runs/20260911-low-index-lean-513dc7cc/lean/rows/Row035/Layer034PairBlock002.lean
research/tasks/B699-Binomial/runs/20260911-low-index-lean-513dc7cc/lean/rows/Row035/Layer034PairBlock003.lean
research/tasks/B699-Binomial/runs/20260911-low-index-lean-513dc7cc/lean/rows/Row035/Layer034PairBlock004.lean
research/tasks/B699-Binomial/runs/20260911-low-index-lean-513dc7cc/lean/rows/Row035/Layer034Pairs.lean
research/tasks/B699-Binomial/runs/20260911-low-index-lean-513dc7cc/lean/rows/Row035/Layer034Checked.lean
research/tasks/B699-Binomial/runs/20260911-low-index-lean-513dc7cc/lean/rows/Row035/Layer035Arithmetic.lean
research/tasks/B699-Binomial/runs/20260911-low-index-lean-513dc7cc/lean/rows/Row035/Layer035Data.lean
research/tasks/B699-Binomial/runs/20260911-low-index-lean-513dc7cc/lean/rows/Row035/Layer035Enumeration.lean
research/tasks/B699-Binomial/runs/20260911-low-index-lean-513dc7cc/lean/rows/Row035/Layer035Pairs.lean
research/tasks/B699-Binomial/runs/20260911-low-index-lean-513dc7cc/lean/rows/Row035/Layer035Checked.lean
research/tasks/B699-Binomial/runs/20260911-low-index-lean-513dc7cc/lean/rows/Row035/Layers032.lean
research/tasks/B699-Binomial/runs/20260911-low-index-lean-513dc7cc/lean/rows/Row035/Layer036Arithmetic.lean
research/tasks/B699-Binomial/runs/20260911-low-index-lean-513dc7cc/lean/rows/Row035/Layer036Data.lean
research/tasks/B699-Binomial/runs/20260911-low-index-lean-513dc7cc/lean/rows/Row035/Layer036Enumeration.lean
research/tasks/B699-Binomial/runs/20260911-low-index-lean-513dc7cc/lean/rows/Row035/Layer036Pairs.lean
research/tasks/B699-Binomial/runs/20260911-low-index-lean-513dc7cc/lean/rows/Row035/Layer036Checked.lean
research/tasks/B699-Binomial/runs/20260911-low-index-lean-513dc7cc/lean/rows/Row035/Layer037Arithmetic.lean
research/tasks/B699-Binomial/runs/20260911-low-index-lean-513dc7cc/lean/rows/Row035/Layer037Data.lean
research/tasks/B699-Binomial/runs/20260911-low-index-lean-513dc7cc/lean/rows/Row035/Layer037Enumeration.lean
research/tasks/B699-Binomial/runs/20260911-low-index-lean-513dc7cc/lean/rows/Row035/Layer037Pairs.lean
research/tasks/B699-Binomial/runs/20260911-low-index-lean-513dc7cc/lean/rows/Row035/Layer037Checked.lean
research/tasks/B699-Binomial/runs/20260911-low-index-lean-513dc7cc/lean/rows/Row035/Layer038Arithmetic.lean
research/tasks/B699-Binomial/runs/20260911-low-index-lean-513dc7cc/lean/rows/Row035/Layer038Data.lean
research/tasks/B699-Binomial/runs/20260911-low-index-lean-513dc7cc/lean/rows/Row035/Layer038Enumeration.lean
research/tasks/B699-Binomial/runs/20260911-low-index-lean-513dc7cc/lean/rows/Row035/Layer038Pairs.lean
research/tasks/B699-Binomial/runs/20260911-low-index-lean-513dc7cc/lean/rows/Row035/Layer038Checked.lean
research/tasks/B699-Binomial/runs/20260911-low-index-lean-513dc7cc/lean/rows/Row035/Layer039Arithmetic.lean
research/tasks/B699-Binomial/runs/20260911-low-index-lean-513dc7cc/lean/rows/Row035/Layer039Data.lean
research/tasks/B699-Binomial/runs/20260911-low-index-lean-513dc7cc/lean/rows/Row035/Layer039Enumeration.lean
research/tasks/B699-Binomial/runs/20260911-low-index-lean-513dc7cc/lean/rows/Row035/Layer039Pairs.lean
research/tasks/B699-Binomial/runs/20260911-low-index-lean-513dc7cc/lean/rows/Row035/Layer039Checked.lean
research/tasks/B699-Binomial/runs/20260911-low-index-lean-513dc7cc/lean/rows/Row035/Layers036.lean
research/tasks/B699-Binomial/runs/20260911-low-index-lean-513dc7cc/lean/rows/Row035/Layer040Arithmetic.lean
research/tasks/B699-Binomial/runs/20260911-low-index-lean-513dc7cc/lean/rows/Row035/Layer040Data.lean
research/tasks/B699-Binomial/runs/20260911-low-index-lean-513dc7cc/lean/rows/Row035/Layer040Enumeration.lean
research/tasks/B699-Binomial/runs/20260911-low-index-lean-513dc7cc/lean/rows/Row035/Layer040Pairs.lean
research/tasks/B699-Binomial/runs/20260911-low-index-lean-513dc7cc/lean/rows/Row035/Layer040Checked.lean
research/tasks/B699-Binomial/runs/20260911-low-index-lean-513dc7cc/lean/rows/Row035/Layer041Arithmetic.lean
research/tasks/B699-Binomial/runs/20260911-low-index-lean-513dc7cc/lean/rows/Row035/Layer041Data.lean
research/tasks/B699-Binomial/runs/20260911-low-index-lean-513dc7cc/lean/rows/Row035/Layer041Enumeration.lean
research/tasks/B699-Binomial/runs/20260911-low-index-lean-513dc7cc/lean/rows/Row035/Layer041Pairs.lean
research/tasks/B699-Binomial/runs/20260911-low-index-lean-513dc7cc/lean/rows/Row035/Layer041Checked.lean
research/tasks/B699-Binomial/runs/20260911-low-index-lean-513dc7cc/lean/rows/Row035/Layer042Arithmetic.lean
research/tasks/B699-Binomial/runs/20260911-low-index-lean-513dc7cc/lean/rows/Row035/Layer042Data.lean
research/tasks/B699-Binomial/runs/20260911-low-index-lean-513dc7cc/lean/rows/Row035/Layer042Enumeration.lean
research/tasks/B699-Binomial/runs/20260911-low-index-lean-513dc7cc/lean/rows/Row035/Layer042Pairs.lean
research/tasks/B699-Binomial/runs/20260911-low-index-lean-513dc7cc/lean/rows/Row035/Layer042Checked.lean
research/tasks/B699-Binomial/runs/20260911-low-index-lean-513dc7cc/lean/rows/Row035/Layer043Arithmetic.lean
research/tasks/B699-Binomial/runs/20260911-low-index-lean-513dc7cc/lean/rows/Row035/Layer043Data.lean
research/tasks/B699-Binomial/runs/20260911-low-index-lean-513dc7cc/lean/rows/Row035/Layer043Enumeration.lean
research/tasks/B699-Binomial/runs/20260911-low-index-lean-513dc7cc/lean/rows/Row035/Layer043Pairs.lean
research/tasks/B699-Binomial/runs/20260911-low-index-lean-513dc7cc/lean/rows/Row035/Layer043Checked.lean
research/tasks/B699-Binomial/runs/20260911-low-index-lean-513dc7cc/lean/rows/Row035/Layers040.lean
research/tasks/B699-Binomial/runs/20260911-low-index-lean-513dc7cc/lean/rows/Row035/Layer044Arithmetic.lean
research/tasks/B699-Binomial/runs/20260911-low-index-lean-513dc7cc/lean/rows/Row035/Layer044Data.lean
research/tasks/B699-Binomial/runs/20260911-low-index-lean-513dc7cc/lean/rows/Row035/Layer044Enumeration.lean
research/tasks/B699-Binomial/runs/20260911-low-index-lean-513dc7cc/lean/rows/Row035/Layer044Pairs.lean
research/tasks/B699-Binomial/runs/20260911-low-index-lean-513dc7cc/lean/rows/Row035/Layer044Checked.lean
research/tasks/B699-Binomial/runs/20260911-low-index-lean-513dc7cc/lean/rows/Row035/Layer045Arithmetic.lean
research/tasks/B699-Binomial/runs/20260911-low-index-lean-513dc7cc/lean/rows/Row035/Layer045Data.lean
research/tasks/B699-Binomial/runs/20260911-low-index-lean-513dc7cc/lean/rows/Row035/Layer045Enumeration.lean
research/tasks/B699-Binomial/runs/20260911-low-index-lean-513dc7cc/lean/rows/Row035/Layer045Pairs.lean
research/tasks/B699-Binomial/runs/20260911-low-index-lean-513dc7cc/lean/rows/Row035/Layer045Checked.lean
research/tasks/B699-Binomial/runs/20260911-low-index-lean-513dc7cc/lean/rows/Row035/Layer046Arithmetic.lean
research/tasks/B699-Binomial/runs/20260911-low-index-lean-513dc7cc/lean/rows/Row035/Layer046Data.lean
research/tasks/B699-Binomial/runs/20260911-low-index-lean-513dc7cc/lean/rows/Row035/Layer046Enumeration.lean
research/tasks/B699-Binomial/runs/20260911-low-index-lean-513dc7cc/lean/rows/Row035/Layer046Pairs.lean
research/tasks/B699-Binomial/runs/20260911-low-index-lean-513dc7cc/lean/rows/Row035/Layer046Checked.lean
research/tasks/B699-Binomial/runs/20260911-low-index-lean-513dc7cc/lean/rows/Row035/Layer047Arithmetic.lean
research/tasks/B699-Binomial/runs/20260911-low-index-lean-513dc7cc/lean/rows/Row035/Layer047Data.lean
research/tasks/B699-Binomial/runs/20260911-low-index-lean-513dc7cc/lean/rows/Row035/Layer047Enumeration.lean
research/tasks/B699-Binomial/runs/20260911-low-index-lean-513dc7cc/lean/rows/Row035/Layer047Pairs.lean
research/tasks/B699-Binomial/runs/20260911-low-index-lean-513dc7cc/lean/rows/Row035/Layer047Checked.lean
research/tasks/B699-Binomial/runs/20260911-low-index-lean-513dc7cc/lean/rows/Row035/Layers044.lean
research/tasks/B699-Binomial/runs/20260911-low-index-lean-513dc7cc/lean/rows/Row035/Layer048Arithmetic.lean
research/tasks/B699-Binomial/runs/20260911-low-index-lean-513dc7cc/lean/rows/Row035/Layer048Data.lean
research/tasks/B699-Binomial/runs/20260911-low-index-lean-513dc7cc/lean/rows/Row035/Layer048Enumeration.lean
research/tasks/B699-Binomial/runs/20260911-low-index-lean-513dc7cc/lean/rows/Row035/Layer048Pairs.lean
research/tasks/B699-Binomial/runs/20260911-low-index-lean-513dc7cc/lean/rows/Row035/Layer048Checked.lean
research/tasks/B699-Binomial/runs/20260911-low-index-lean-513dc7cc/lean/rows/Row035/Layer049Arithmetic.lean
research/tasks/B699-Binomial/runs/20260911-low-index-lean-513dc7cc/lean/rows/Row035/Layer049Data.lean
research/tasks/B699-Binomial/runs/20260911-low-index-lean-513dc7cc/lean/rows/Row035/Layer049Enumeration.lean
research/tasks/B699-Binomial/runs/20260911-low-index-lean-513dc7cc/lean/rows/Row035/Layer049Pairs.lean
research/tasks/B699-Binomial/runs/20260911-low-index-lean-513dc7cc/lean/rows/Row035/Layer049Checked.lean
research/tasks/B699-Binomial/runs/20260911-low-index-lean-513dc7cc/lean/rows/Row035/Layer050Arithmetic.lean
research/tasks/B699-Binomial/runs/20260911-low-index-lean-513dc7cc/lean/rows/Row035/Layer050Data.lean
research/tasks/B699-Binomial/runs/20260911-low-index-lean-513dc7cc/lean/rows/Row035/Layer050Enumeration.lean
research/tasks/B699-Binomial/runs/20260911-low-index-lean-513dc7cc/lean/rows/Row035/Layer050Pairs.lean
research/tasks/B699-Binomial/runs/20260911-low-index-lean-513dc7cc/lean/rows/Row035/Layer050Checked.lean
research/tasks/B699-Binomial/runs/20260911-low-index-lean-513dc7cc/lean/rows/Row035/Layer051Arithmetic.lean
research/tasks/B699-Binomial/runs/20260911-low-index-lean-513dc7cc/lean/rows/Row035/Layer051Data.lean
research/tasks/B699-Binomial/runs/20260911-low-index-lean-513dc7cc/lean/rows/Row035/Layer051Enumeration.lean
research/tasks/B699-Binomial/runs/20260911-low-index-lean-513dc7cc/lean/rows/Row035/Layer051Pairs.lean
research/tasks/B699-Binomial/runs/20260911-low-index-lean-513dc7cc/lean/rows/Row035/Layer051Checked.lean
research/tasks/B699-Binomial/runs/20260911-low-index-lean-513dc7cc/lean/rows/Row035/Layers048.lean
research/tasks/B699-Binomial/runs/20260911-low-index-lean-513dc7cc/lean/rows/Row035/Layer052Arithmetic.lean
research/tasks/B699-Binomial/runs/20260911-low-index-lean-513dc7cc/lean/rows/Row035/Layer052Data.lean
research/tasks/B699-Binomial/runs/20260911-low-index-lean-513dc7cc/lean/rows/Row035/Layer052Enumeration.lean
research/tasks/B699-Binomial/runs/20260911-low-index-lean-513dc7cc/lean/rows/Row035/Layer052Pairs.lean
research/tasks/B699-Binomial/runs/20260911-low-index-lean-513dc7cc/lean/rows/Row035/Layer052Checked.lean
research/tasks/B699-Binomial/runs/20260911-low-index-lean-513dc7cc/lean/rows/Row035/Layer053Arithmetic.lean
research/tasks/B699-Binomial/runs/20260911-low-index-lean-513dc7cc/lean/rows/Row035/Layer053Data.lean
research/tasks/B699-Binomial/runs/20260911-low-index-lean-513dc7cc/lean/rows/Row035/Layer053Enumeration.lean
research/tasks/B699-Binomial/runs/20260911-low-index-lean-513dc7cc/lean/rows/Row035/Layer053Pairs.lean
research/tasks/B699-Binomial/runs/20260911-low-index-lean-513dc7cc/lean/rows/Row035/Layer053Checked.lean
research/tasks/B699-Binomial/runs/20260911-low-index-lean-513dc7cc/lean/rows/Row035/Layer054Arithmetic.lean
research/tasks/B699-Binomial/runs/20260911-low-index-lean-513dc7cc/lean/rows/Row035/Layer054Data.lean
research/tasks/B699-Binomial/runs/20260911-low-index-lean-513dc7cc/lean/rows/Row035/Layer054Enumeration.lean
research/tasks/B699-Binomial/runs/20260911-low-index-lean-513dc7cc/lean/rows/Row035/Layer054Pairs.lean
research/tasks/B699-Binomial/runs/20260911-low-index-lean-513dc7cc/lean/rows/Row035/Layer054Checked.lean
research/tasks/B699-Binomial/runs/20260911-low-index-lean-513dc7cc/lean/rows/Row035/Layer055Arithmetic.lean
research/tasks/B699-Binomial/runs/20260911-low-index-lean-513dc7cc/lean/rows/Row035/Layer055Data.lean
research/tasks/B699-Binomial/runs/20260911-low-index-lean-513dc7cc/lean/rows/Row035/Layer055Enumeration.lean
research/tasks/B699-Binomial/runs/20260911-low-index-lean-513dc7cc/lean/rows/Row035/Layer055Pairs.lean
research/tasks/B699-Binomial/runs/20260911-low-index-lean-513dc7cc/lean/rows/Row035/Layer055Checked.lean
research/tasks/B699-Binomial/runs/20260911-low-index-lean-513dc7cc/lean/rows/Row035/Layers052.lean
research/tasks/B699-Binomial/runs/20260911-low-index-lean-513dc7cc/lean/rows/Row035/Layer056Arithmetic.lean
research/tasks/B699-Binomial/runs/20260911-low-index-lean-513dc7cc/lean/rows/Row035/Layer056Data.lean
research/tasks/B699-Binomial/runs/20260911-low-index-lean-513dc7cc/lean/rows/Row035/Layer056Enumeration.lean
research/tasks/B699-Binomial/runs/20260911-low-index-lean-513dc7cc/lean/rows/Row035/Layer056Pairs.lean
research/tasks/B699-Binomial/runs/20260911-low-index-lean-513dc7cc/lean/rows/Row035/Layer056Checked.lean
research/tasks/B699-Binomial/runs/20260911-low-index-lean-513dc7cc/lean/rows/Row035/Layer057Arithmetic.lean
research/tasks/B699-Binomial/runs/20260911-low-index-lean-513dc7cc/lean/rows/Row035/Layer057Data.lean
research/tasks/B699-Binomial/runs/20260911-low-index-lean-513dc7cc/lean/rows/Row035/Layer057Enumeration.lean
research/tasks/B699-Binomial/runs/20260911-low-index-lean-513dc7cc/lean/rows/Row035/Layer057Pairs.lean
research/tasks/B699-Binomial/runs/20260911-low-index-lean-513dc7cc/lean/rows/Row035/Layer057Checked.lean
research/tasks/B699-Binomial/runs/20260911-low-index-lean-513dc7cc/lean/rows/Row035/Layer058Arithmetic.lean
research/tasks/B699-Binomial/runs/20260911-low-index-lean-513dc7cc/lean/rows/Row035/Layer058Data.lean
research/tasks/B699-Binomial/runs/20260911-low-index-lean-513dc7cc/lean/rows/Row035/Layer058Enumeration.lean
research/tasks/B699-Binomial/runs/20260911-low-index-lean-513dc7cc/lean/rows/Row035/Layer058Pairs.lean
research/tasks/B699-Binomial/runs/20260911-low-index-lean-513dc7cc/lean/rows/Row035/Layer058Checked.lean
research/tasks/B699-Binomial/runs/20260911-low-index-lean-513dc7cc/lean/rows/Row035/Layer059Arithmetic.lean
research/tasks/B699-Binomial/runs/20260911-low-index-lean-513dc7cc/lean/rows/Row035/Layer059Data.lean
research/tasks/B699-Binomial/runs/20260911-low-index-lean-513dc7cc/lean/rows/Row035/Layer059Enumeration.lean
research/tasks/B699-Binomial/runs/20260911-low-index-lean-513dc7cc/lean/rows/Row035/Layer059Pairs.lean
research/tasks/B699-Binomial/runs/20260911-low-index-lean-513dc7cc/lean/rows/Row035/Layer059Checked.lean
research/tasks/B699-Binomial/runs/20260911-low-index-lean-513dc7cc/lean/rows/Row035/Layers056.lean
research/tasks/B699-Binomial/runs/20260911-low-index-lean-513dc7cc/lean/rows/Row035/Layer060Arithmetic.lean
research/tasks/B699-Binomial/runs/20260911-low-index-lean-513dc7cc/lean/rows/Row035/Layer060Data.lean
research/tasks/B699-Binomial/runs/20260911-low-index-lean-513dc7cc/lean/rows/Row035/Layer060Enumeration.lean
research/tasks/B699-Binomial/runs/20260911-low-index-lean-513dc7cc/lean/rows/Row035/Layer060Pairs.lean
research/tasks/B699-Binomial/runs/20260911-low-index-lean-513dc7cc/lean/rows/Row035/Layer060Checked.lean
research/tasks/B699-Binomial/runs/20260911-low-index-lean-513dc7cc/lean/rows/Row035/Layer061Arithmetic.lean
research/tasks/B699-Binomial/runs/20260911-low-index-lean-513dc7cc/lean/rows/Row035/Layer061Data.lean
research/tasks/B699-Binomial/runs/20260911-low-index-lean-513dc7cc/lean/rows/Row035/Layer061Enumeration.lean
research/tasks/B699-Binomial/runs/20260911-low-index-lean-513dc7cc/lean/rows/Row035/Layer061Pairs.lean
research/tasks/B699-Binomial/runs/20260911-low-index-lean-513dc7cc/lean/rows/Row035/Layer061Checked.lean
research/tasks/B699-Binomial/runs/20260911-low-index-lean-513dc7cc/lean/rows/Row035/Layer062Arithmetic.lean
research/tasks/B699-Binomial/runs/20260911-low-index-lean-513dc7cc/lean/rows/Row035/Layer062Data.lean
research/tasks/B699-Binomial/runs/20260911-low-index-lean-513dc7cc/lean/rows/Row035/Layer062Enumeration.lean
research/tasks/B699-Binomial/runs/20260911-low-index-lean-513dc7cc/lean/rows/Row035/Layer062Pairs.lean
research/tasks/B699-Binomial/runs/20260911-low-index-lean-513dc7cc/lean/rows/Row035/Layer062Checked.lean
research/tasks/B699-Binomial/runs/20260911-low-index-lean-513dc7cc/lean/rows/Row035/Layer063Arithmetic.lean
research/tasks/B699-Binomial/runs/20260911-low-index-lean-513dc7cc/lean/rows/Row035/Layer063Data.lean
research/tasks/B699-Binomial/runs/20260911-low-index-lean-513dc7cc/lean/rows/Row035/Layer063Enumeration.lean
research/tasks/B699-Binomial/runs/20260911-low-index-lean-513dc7cc/lean/rows/Row035/Layer063Pairs.lean
research/tasks/B699-Binomial/runs/20260911-low-index-lean-513dc7cc/lean/rows/Row035/Layer063Checked.lean
research/tasks/B699-Binomial/runs/20260911-low-index-lean-513dc7cc/lean/rows/Row035/Layers060.lean
research/tasks/B699-Binomial/runs/20260911-low-index-lean-513dc7cc/lean/rows/Row035/Layer064Arithmetic.lean
research/tasks/B699-Binomial/runs/20260911-low-index-lean-513dc7cc/lean/rows/Row035/Layer064Data.lean
research/tasks/B699-Binomial/runs/20260911-low-index-lean-513dc7cc/lean/rows/Row035/Layer064Enumeration.lean
research/tasks/B699-Binomial/runs/20260911-low-index-lean-513dc7cc/lean/rows/Row035/Layer064Pairs.lean
research/tasks/B699-Binomial/runs/20260911-low-index-lean-513dc7cc/lean/rows/Row035/Layer064Checked.lean
research/tasks/B699-Binomial/runs/20260911-low-index-lean-513dc7cc/lean/rows/Row035/Layer065Arithmetic.lean
research/tasks/B699-Binomial/runs/20260911-low-index-lean-513dc7cc/lean/rows/Row035/Layer065Data.lean
research/tasks/B699-Binomial/runs/20260911-low-index-lean-513dc7cc/lean/rows/Row035/Layer065Enumeration.lean
research/tasks/B699-Binomial/runs/20260911-low-index-lean-513dc7cc/lean/rows/Row035/Layer065Pairs.lean
research/tasks/B699-Binomial/runs/20260911-low-index-lean-513dc7cc/lean/rows/Row035/Layer065Checked.lean
research/tasks/B699-Binomial/runs/20260911-low-index-lean-513dc7cc/lean/rows/Row035/Layer066Arithmetic.lean
research/tasks/B699-Binomial/runs/20260911-low-index-lean-513dc7cc/lean/rows/Row035/Layer066Data.lean
research/tasks/B699-Binomial/runs/20260911-low-index-lean-513dc7cc/lean/rows/Row035/Layer066Enumeration.lean
research/tasks/B699-Binomial/runs/20260911-low-index-lean-513dc7cc/lean/rows/Row035/Layer066Pairs.lean
research/tasks/B699-Binomial/runs/20260911-low-index-lean-513dc7cc/lean/rows/Row035/Layer066Checked.lean
research/tasks/B699-Binomial/runs/20260911-low-index-lean-513dc7cc/lean/rows/Row035/Layer067Arithmetic.lean
research/tasks/B699-Binomial/runs/20260911-low-index-lean-513dc7cc/lean/rows/Row035/Layer067Data.lean
research/tasks/B699-Binomial/runs/20260911-low-index-lean-513dc7cc/lean/rows/Row035/Layer067Enumeration.lean
research/tasks/B699-Binomial/runs/20260911-low-index-lean-513dc7cc/lean/rows/Row035/Layer067Pairs.lean
research/tasks/B699-Binomial/runs/20260911-low-index-lean-513dc7cc/lean/rows/Row035/Layer067Checked.lean
research/tasks/B699-Binomial/runs/20260911-low-index-lean-513dc7cc/lean/rows/Row035/Layers064.lean
research/tasks/B699-Binomial/runs/20260911-low-index-lean-513dc7cc/lean/rows/Row035/Layer068Arithmetic.lean
research/tasks/B699-Binomial/runs/20260911-low-index-lean-513dc7cc/lean/rows/Row035/Layer068Data.lean
research/tasks/B699-Binomial/runs/20260911-low-index-lean-513dc7cc/lean/rows/Row035/Layer068Enumeration.lean
research/tasks/B699-Binomial/runs/20260911-low-index-lean-513dc7cc/lean/rows/Row035/Layer068Pairs.lean
research/tasks/B699-Binomial/runs/20260911-low-index-lean-513dc7cc/lean/rows/Row035/Layer068Checked.lean
research/tasks/B699-Binomial/runs/20260911-low-index-lean-513dc7cc/lean/rows/Row035/Layer069Arithmetic.lean
research/tasks/B699-Binomial/runs/20260911-low-index-lean-513dc7cc/lean/rows/Row035/Layer069Data.lean
research/tasks/B699-Binomial/runs/20260911-low-index-lean-513dc7cc/lean/rows/Row035/Layer069Enumeration.lean
research/tasks/B699-Binomial/runs/20260911-low-index-lean-513dc7cc/lean/rows/Row035/Layer069Pairs.lean
research/tasks/B699-Binomial/runs/20260911-low-index-lean-513dc7cc/lean/rows/Row035/Layer069Checked.lean
research/tasks/B699-Binomial/runs/20260911-low-index-lean-513dc7cc/lean/rows/Row035/Layer070Arithmetic.lean
research/tasks/B699-Binomial/runs/20260911-low-index-lean-513dc7cc/lean/rows/Row035/Layer070Data.lean
research/tasks/B699-Binomial/runs/20260911-low-index-lean-513dc7cc/lean/rows/Row035/Layer070Enumeration.lean
research/tasks/B699-Binomial/runs/20260911-low-index-lean-513dc7cc/lean/rows/Row035/Layer070Pairs.lean
research/tasks/B699-Binomial/runs/20260911-low-index-lean-513dc7cc/lean/rows/Row035/Layer070Checked.lean
research/tasks/B699-Binomial/runs/20260911-low-index-lean-513dc7cc/lean/rows/Row035/Layer071Arithmetic.lean
research/tasks/B699-Binomial/runs/20260911-low-index-lean-513dc7cc/lean/rows/Row035/Layer071Data.lean
research/tasks/B699-Binomial/runs/20260911-low-index-lean-513dc7cc/lean/rows/Row035/Layer071Enumeration.lean
research/tasks/B699-Binomial/runs/20260911-low-index-lean-513dc7cc/lean/rows/Row035/Layer071Pairs.lean
research/tasks/B699-Binomial/runs/20260911-low-index-lean-513dc7cc/lean/rows/Row035/Layer071Checked.lean
research/tasks/B699-Binomial/runs/20260911-low-index-lean-513dc7cc/lean/rows/Row035/Layers068.lean
research/tasks/B699-Binomial/runs/20260911-low-index-lean-513dc7cc/lean/rows/Row035/Layer072Arithmetic.lean
research/tasks/B699-Binomial/runs/20260911-low-index-lean-513dc7cc/lean/rows/Row035/Layer072Data.lean
research/tasks/B699-Binomial/runs/20260911-low-index-lean-513dc7cc/lean/rows/Row035/Layer072Enumeration.lean
research/tasks/B699-Binomial/runs/20260911-low-index-lean-513dc7cc/lean/rows/Row035/Layer072Pairs.lean
research/tasks/B699-Binomial/runs/20260911-low-index-lean-513dc7cc/lean/rows/Row035/Layer072Checked.lean
research/tasks/B699-Binomial/runs/20260911-low-index-lean-513dc7cc/lean/rows/Row035/Layer073Arithmetic.lean
research/tasks/B699-Binomial/runs/20260911-low-index-lean-513dc7cc/lean/rows/Row035/Layer073Data.lean
research/tasks/B699-Binomial/runs/20260911-low-index-lean-513dc7cc/lean/rows/Row035/Layer073Enumeration.lean
research/tasks/B699-Binomial/runs/20260911-low-index-lean-513dc7cc/lean/rows/Row035/Layer073Pairs.lean
research/tasks/B699-Binomial/runs/20260911-low-index-lean-513dc7cc/lean/rows/Row035/Layer073Checked.lean
research/tasks/B699-Binomial/runs/20260911-low-index-lean-513dc7cc/lean/rows/Row035/Layer074Arithmetic.lean
research/tasks/B699-Binomial/runs/20260911-low-index-lean-513dc7cc/lean/rows/Row035/Layer074Data.lean
research/tasks/B699-Binomial/runs/20260911-low-index-lean-513dc7cc/lean/rows/Row035/Layer074Enumeration.lean
research/tasks/B699-Binomial/runs/20260911-low-index-lean-513dc7cc/lean/rows/Row035/Layer074Pairs.lean
research/tasks/B699-Binomial/runs/20260911-low-index-lean-513dc7cc/lean/rows/Row035/Layer074Checked.lean
research/tasks/B699-Binomial/runs/20260911-low-index-lean-513dc7cc/lean/rows/Row035/Layer075Arithmetic.lean
research/tasks/B699-Binomial/runs/20260911-low-index-lean-513dc7cc/lean/rows/Row035/Layer075Data.lean
research/tasks/B699-Binomial/runs/20260911-low-index-lean-513dc7cc/lean/rows/Row035/Layer075Enumeration.lean
research/tasks/B699-Binomial/runs/20260911-low-index-lean-513dc7cc/lean/rows/Row035/Layer075Pairs.lean
research/tasks/B699-Binomial/runs/20260911-low-index-lean-513dc7cc/lean/rows/Row035/Layer075Checked.lean
research/tasks/B699-Binomial/runs/20260911-low-index-lean-513dc7cc/lean/rows/Row035/Layers072.lean
research/tasks/B699-Binomial/runs/20260911-low-index-lean-513dc7cc/lean/rows/Row035/Layer076Arithmetic.lean
research/tasks/B699-Binomial/runs/20260911-low-index-lean-513dc7cc/lean/rows/Row035/Layer076Data.lean
research/tasks/B699-Binomial/runs/20260911-low-index-lean-513dc7cc/lean/rows/Row035/Layer076Enumeration.lean
research/tasks/B699-Binomial/runs/20260911-low-index-lean-513dc7cc/lean/rows/Row035/Layer076Pairs.lean
research/tasks/B699-Binomial/runs/20260911-low-index-lean-513dc7cc/lean/rows/Row035/Layer076Checked.lean
research/tasks/B699-Binomial/runs/20260911-low-index-lean-513dc7cc/lean/rows/Row035/Layer077Arithmetic.lean
research/tasks/B699-Binomial/runs/20260911-low-index-lean-513dc7cc/lean/rows/Row035/Layer077Data.lean
research/tasks/B699-Binomial/runs/20260911-low-index-lean-513dc7cc/lean/rows/Row035/Layer077Enumeration.lean
research/tasks/B699-Binomial/runs/20260911-low-index-lean-513dc7cc/lean/rows/Row035/Layer077Pairs.lean
research/tasks/B699-Binomial/runs/20260911-low-index-lean-513dc7cc/lean/rows/Row035/Layer077Checked.lean
research/tasks/B699-Binomial/runs/20260911-low-index-lean-513dc7cc/lean/rows/Row035/Layer078Arithmetic.lean
research/tasks/B699-Binomial/runs/20260911-low-index-lean-513dc7cc/lean/rows/Row035/Layer078Data.lean
research/tasks/B699-Binomial/runs/20260911-low-index-lean-513dc7cc/lean/rows/Row035/Layer078Enumeration.lean
research/tasks/B699-Binomial/runs/20260911-low-index-lean-513dc7cc/lean/rows/Row035/Layer078Pairs.lean
research/tasks/B699-Binomial/runs/20260911-low-index-lean-513dc7cc/lean/rows/Row035/Layer078Checked.lean
research/tasks/B699-Binomial/runs/20260911-low-index-lean-513dc7cc/lean/rows/Row035/Layer079Arithmetic.lean
research/tasks/B699-Binomial/runs/20260911-low-index-lean-513dc7cc/lean/rows/Row035/Layer079Data.lean
research/tasks/B699-Binomial/runs/20260911-low-index-lean-513dc7cc/lean/rows/Row035/Layer079Enumeration.lean
research/tasks/B699-Binomial/runs/20260911-low-index-lean-513dc7cc/lean/rows/Row035/Layer079Pairs.lean
research/tasks/B699-Binomial/runs/20260911-low-index-lean-513dc7cc/lean/rows/Row035/Layer079Checked.lean
research/tasks/B699-Binomial/runs/20260911-low-index-lean-513dc7cc/lean/rows/Row035/Layers076.lean
research/tasks/B699-Binomial/runs/20260911-low-index-lean-513dc7cc/lean/rows/Row035/Layer080Arithmetic.lean
research/tasks/B699-Binomial/runs/20260911-low-index-lean-513dc7cc/lean/rows/Row035/Layer080Data.lean
research/tasks/B699-Binomial/runs/20260911-low-index-lean-513dc7cc/lean/rows/Row035/Layer080Enumeration.lean
research/tasks/B699-Binomial/runs/20260911-low-index-lean-513dc7cc/lean/rows/Row035/Layer080Pairs.lean
research/tasks/B699-Binomial/runs/20260911-low-index-lean-513dc7cc/lean/rows/Row035/Layer080Checked.lean
research/tasks/B699-Binomial/runs/20260911-low-index-lean-513dc7cc/lean/rows/Row035/Layer081Arithmetic.lean
research/tasks/B699-Binomial/runs/20260911-low-index-lean-513dc7cc/lean/rows/Row035/Layer081Data.lean
research/tasks/B699-Binomial/runs/20260911-low-index-lean-513dc7cc/lean/rows/Row035/Layer081Enumeration.lean
research/tasks/B699-Binomial/runs/20260911-low-index-lean-513dc7cc/lean/rows/Row035/Layer081Pairs.lean
research/tasks/B699-Binomial/runs/20260911-low-index-lean-513dc7cc/lean/rows/Row035/Layer081Checked.lean
research/tasks/B699-Binomial/runs/20260911-low-index-lean-513dc7cc/lean/rows/Row035/Layer082Arithmetic.lean
research/tasks/B699-Binomial/runs/20260911-low-index-lean-513dc7cc/lean/rows/Row035/Layer082Data.lean
research/tasks/B699-Binomial/runs/20260911-low-index-lean-513dc7cc/lean/rows/Row035/Layer082Enumeration.lean
research/tasks/B699-Binomial/runs/20260911-low-index-lean-513dc7cc/lean/rows/Row035/Layer082Pairs.lean
research/tasks/B699-Binomial/runs/20260911-low-index-lean-513dc7cc/lean/rows/Row035/Layer082Checked.lean
research/tasks/B699-Binomial/runs/20260911-low-index-lean-513dc7cc/lean/rows/Row035/Layer083Arithmetic.lean
research/tasks/B699-Binomial/runs/20260911-low-index-lean-513dc7cc/lean/rows/Row035/Layer083Data.lean
research/tasks/B699-Binomial/runs/20260911-low-index-lean-513dc7cc/lean/rows/Row035/Layer083Enumeration.lean
research/tasks/B699-Binomial/runs/20260911-low-index-lean-513dc7cc/lean/rows/Row035/Layer083Pairs.lean
research/tasks/B699-Binomial/runs/20260911-low-index-lean-513dc7cc/lean/rows/Row035/Layer083Checked.lean
research/tasks/B699-Binomial/runs/20260911-low-index-lean-513dc7cc/lean/rows/Row035/Layers080.lean
research/tasks/B699-Binomial/runs/20260911-low-index-lean-513dc7cc/lean/rows/Row035/Layer084Arithmetic.lean
research/tasks/B699-Binomial/runs/20260911-low-index-lean-513dc7cc/lean/rows/Row035/Layer084Data.lean
research/tasks/B699-Binomial/runs/20260911-low-index-lean-513dc7cc/lean/rows/Row035/Layer084Enumeration.lean
research/tasks/B699-Binomial/runs/20260911-low-index-lean-513dc7cc/lean/rows/Row035/Layer084Pairs.lean
research/tasks/B699-Binomial/runs/20260911-low-index-lean-513dc7cc/lean/rows/Row035/Layer084Checked.lean
research/tasks/B699-Binomial/runs/20260911-low-index-lean-513dc7cc/lean/rows/Row035/Layer085Arithmetic.lean
research/tasks/B699-Binomial/runs/20260911-low-index-lean-513dc7cc/lean/rows/Row035/Layer085Data.lean
research/tasks/B699-Binomial/runs/20260911-low-index-lean-513dc7cc/lean/rows/Row035/Layer085Enumeration.lean
research/tasks/B699-Binomial/runs/20260911-low-index-lean-513dc7cc/lean/rows/Row035/Layer085Pairs.lean
research/tasks/B699-Binomial/runs/20260911-low-index-lean-513dc7cc/lean/rows/Row035/Layer085Checked.lean
research/tasks/B699-Binomial/runs/20260911-low-index-lean-513dc7cc/lean/rows/Row035/Layer086Arithmetic.lean
research/tasks/B699-Binomial/runs/20260911-low-index-lean-513dc7cc/lean/rows/Row035/Layer086Data.lean
research/tasks/B699-Binomial/runs/20260911-low-index-lean-513dc7cc/lean/rows/Row035/Layer086Enumeration.lean
research/tasks/B699-Binomial/runs/20260911-low-index-lean-513dc7cc/lean/rows/Row035/Layer086Pairs.lean
research/tasks/B699-Binomial/runs/20260911-low-index-lean-513dc7cc/lean/rows/Row035/Layer086Checked.lean
research/tasks/B699-Binomial/runs/20260911-low-index-lean-513dc7cc/lean/rows/Row035/Layer087Arithmetic.lean
research/tasks/B699-Binomial/runs/20260911-low-index-lean-513dc7cc/lean/rows/Row035/Layer087Data.lean
research/tasks/B699-Binomial/runs/20260911-low-index-lean-513dc7cc/lean/rows/Row035/Layer087Enumeration.lean
research/tasks/B699-Binomial/runs/20260911-low-index-lean-513dc7cc/lean/rows/Row035/Layer087Pairs.lean
research/tasks/B699-Binomial/runs/20260911-low-index-lean-513dc7cc/lean/rows/Row035/Layer087Checked.lean
research/tasks/B699-Binomial/runs/20260911-low-index-lean-513dc7cc/lean/rows/Row035/Layers084.lean
research/tasks/B699-Binomial/runs/20260911-low-index-lean-513dc7cc/lean/rows/Row035/Layer088Arithmetic.lean
research/tasks/B699-Binomial/runs/20260911-low-index-lean-513dc7cc/lean/rows/Row035/Layer088Data.lean
research/tasks/B699-Binomial/runs/20260911-low-index-lean-513dc7cc/lean/rows/Row035/Layer088Enumeration.lean
research/tasks/B699-Binomial/runs/20260911-low-index-lean-513dc7cc/lean/rows/Row035/Layer088Pairs.lean
research/tasks/B699-Binomial/runs/20260911-low-index-lean-513dc7cc/lean/rows/Row035/Layer088Checked.lean
research/tasks/B699-Binomial/runs/20260911-low-index-lean-513dc7cc/lean/rows/Row035/Layer089Arithmetic.lean
research/tasks/B699-Binomial/runs/20260911-low-index-lean-513dc7cc/lean/rows/Row035/Layer089Data.lean
research/tasks/B699-Binomial/runs/20260911-low-index-lean-513dc7cc/lean/rows/Row035/Layer089Enumeration.lean
research/tasks/B699-Binomial/runs/20260911-low-index-lean-513dc7cc/lean/rows/Row035/Layer089Pairs.lean
research/tasks/B699-Binomial/runs/20260911-low-index-lean-513dc7cc/lean/rows/Row035/Layer089Checked.lean
research/tasks/B699-Binomial/runs/20260911-low-index-lean-513dc7cc/lean/rows/Row035/Layer090Arithmetic.lean
research/tasks/B699-Binomial/runs/20260911-low-index-lean-513dc7cc/lean/rows/Row035/Layer090Data.lean
research/tasks/B699-Binomial/runs/20260911-low-index-lean-513dc7cc/lean/rows/Row035/Layer090Enumeration.lean
research/tasks/B699-Binomial/runs/20260911-low-index-lean-513dc7cc/lean/rows/Row035/Layer090Pairs.lean
research/tasks/B699-Binomial/runs/20260911-low-index-lean-513dc7cc/lean/rows/Row035/Layer090Checked.lean
research/tasks/B699-Binomial/runs/20260911-low-index-lean-513dc7cc/lean/rows/Row035/Layer091Arithmetic.lean
research/tasks/B699-Binomial/runs/20260911-low-index-lean-513dc7cc/lean/rows/Row035/Layer091Data.lean
research/tasks/B699-Binomial/runs/20260911-low-index-lean-513dc7cc/lean/rows/Row035/Layer091Enumeration.lean
research/tasks/B699-Binomial/runs/20260911-low-index-lean-513dc7cc/lean/rows/Row035/Layer091Pairs.lean
research/tasks/B699-Binomial/runs/20260911-low-index-lean-513dc7cc/lean/rows/Row035/Layer091Checked.lean
research/tasks/B699-Binomial/runs/20260911-low-index-lean-513dc7cc/lean/rows/Row035/Layers088.lean
research/tasks/B699-Binomial/runs/20260911-low-index-lean-513dc7cc/lean/rows/Row035/Layer092Arithmetic.lean
research/tasks/B699-Binomial/runs/20260911-low-index-lean-513dc7cc/lean/rows/Row035/Layer092Data.lean
research/tasks/B699-Binomial/runs/20260911-low-index-lean-513dc7cc/lean/rows/Row035/Layer092Enumeration.lean
research/tasks/B699-Binomial/runs/20260911-low-index-lean-513dc7cc/lean/rows/Row035/Layer092Pairs.lean
research/tasks/B699-Binomial/runs/20260911-low-index-lean-513dc7cc/lean/rows/Row035/Layer092Checked.lean
research/tasks/B699-Binomial/runs/20260911-low-index-lean-513dc7cc/lean/rows/Row035/Layer093Arithmetic.lean
research/tasks/B699-Binomial/runs/20260911-low-index-lean-513dc7cc/lean/rows/Row035/Layer093Data.lean
research/tasks/B699-Binomial/runs/20260911-low-index-lean-513dc7cc/lean/rows/Row035/Layer093Enumeration.lean
research/tasks/B699-Binomial/runs/20260911-low-index-lean-513dc7cc/lean/rows/Row035/Layer093Pairs.lean
research/tasks/B699-Binomial/runs/20260911-low-index-lean-513dc7cc/lean/rows/Row035/Layer093Checked.lean
research/tasks/B699-Binomial/runs/20260911-low-index-lean-513dc7cc/lean/rows/Row035/Layer094Arithmetic.lean
research/tasks/B699-Binomial/runs/20260911-low-index-lean-513dc7cc/lean/rows/Row035/Layer094Data.lean
research/tasks/B699-Binomial/runs/20260911-low-index-lean-513dc7cc/lean/rows/Row035/Layer094Enumeration.lean
research/tasks/B699-Binomial/runs/20260911-low-index-lean-513dc7cc/lean/rows/Row035/Layer094Pairs.lean
research/tasks/B699-Binomial/runs/20260911-low-index-lean-513dc7cc/lean/rows/Row035/Layer094Checked.lean
research/tasks/B699-Binomial/runs/20260911-low-index-lean-513dc7cc/lean/rows/Row035/Layer095Arithmetic.lean
research/tasks/B699-Binomial/runs/20260911-low-index-lean-513dc7cc/lean/rows/Row035/Layer095Data.lean
research/tasks/B699-Binomial/runs/20260911-low-index-lean-513dc7cc/lean/rows/Row035/Layer095Enumeration.lean
research/tasks/B699-Binomial/runs/20260911-low-index-lean-513dc7cc/lean/rows/Row035/Layer095Pairs.lean
research/tasks/B699-Binomial/runs/20260911-low-index-lean-513dc7cc/lean/rows/Row035/Layer095Checked.lean
research/tasks/B699-Binomial/runs/20260911-low-index-lean-513dc7cc/lean/rows/Row035/Layers092.lean
research/tasks/B699-Binomial/runs/20260911-low-index-lean-513dc7cc/lean/rows/Row035/Layer096Arithmetic.lean
research/tasks/B699-Binomial/runs/20260911-low-index-lean-513dc7cc/lean/rows/Row035/Layer096Data.lean
research/tasks/B699-Binomial/runs/20260911-low-index-lean-513dc7cc/lean/rows/Row035/Layer096Enumeration.lean
research/tasks/B699-Binomial/runs/20260911-low-index-lean-513dc7cc/lean/rows/Row035/Layer096Pairs.lean
research/tasks/B699-Binomial/runs/20260911-low-index-lean-513dc7cc/lean/rows/Row035/Layer096Checked.lean
research/tasks/B699-Binomial/runs/20260911-low-index-lean-513dc7cc/lean/rows/Row035/Layer097Arithmetic.lean
research/tasks/B699-Binomial/runs/20260911-low-index-lean-513dc7cc/lean/rows/Row035/Layer097Data.lean
research/tasks/B699-Binomial/runs/20260911-low-index-lean-513dc7cc/lean/rows/Row035/Layer097Enumeration.lean
research/tasks/B699-Binomial/runs/20260911-low-index-lean-513dc7cc/lean/rows/Row035/Layer097Pairs.lean
research/tasks/B699-Binomial/runs/20260911-low-index-lean-513dc7cc/lean/rows/Row035/Layer097Checked.lean
research/tasks/B699-Binomial/runs/20260911-low-index-lean-513dc7cc/lean/rows/Row035/Layer098Arithmetic.lean
research/tasks/B699-Binomial/runs/20260911-low-index-lean-513dc7cc/lean/rows/Row035/Layer098Data.lean
research/tasks/B699-Binomial/runs/20260911-low-index-lean-513dc7cc/lean/rows/Row035/Layer098Enumeration.lean
research/tasks/B699-Binomial/runs/20260911-low-index-lean-513dc7cc/lean/rows/Row035/Layer098Pairs.lean
research/tasks/B699-Binomial/runs/20260911-low-index-lean-513dc7cc/lean/rows/Row035/Layer098Checked.lean
research/tasks/B699-Binomial/runs/20260911-low-index-lean-513dc7cc/lean/rows/Row035/Layer099Arithmetic.lean
research/tasks/B699-Binomial/runs/20260911-low-index-lean-513dc7cc/lean/rows/Row035/Layer099Data.lean
research/tasks/B699-Binomial/runs/20260911-low-index-lean-513dc7cc/lean/rows/Row035/Layer099Enumeration.lean
research/tasks/B699-Binomial/runs/20260911-low-index-lean-513dc7cc/lean/rows/Row035/Layer099Pairs.lean
research/tasks/B699-Binomial/runs/20260911-low-index-lean-513dc7cc/lean/rows/Row035/Layer099Checked.lean
research/tasks/B699-Binomial/runs/20260911-low-index-lean-513dc7cc/lean/rows/Row035/Layers096.lean
research/tasks/B699-Binomial/runs/20260911-low-index-lean-513dc7cc/lean/rows/Row035/Layer100Arithmetic.lean
research/tasks/B699-Binomial/runs/20260911-low-index-lean-513dc7cc/lean/rows/Row035/Layer100Data.lean
research/tasks/B699-Binomial/runs/20260911-low-index-lean-513dc7cc/lean/rows/Row035/Layer100Enumeration.lean
research/tasks/B699-Binomial/runs/20260911-low-index-lean-513dc7cc/lean/rows/Row035/Layer100Pairs.lean
research/tasks/B699-Binomial/runs/20260911-low-index-lean-513dc7cc/lean/rows/Row035/Layer100Checked.lean
research/tasks/B699-Binomial/runs/20260911-low-index-lean-513dc7cc/lean/rows/Row035/Layer101Arithmetic.lean
research/tasks/B699-Binomial/runs/20260911-low-index-lean-513dc7cc/lean/rows/Row035/Layer101Data.lean
research/tasks/B699-Binomial/runs/20260911-low-index-lean-513dc7cc/lean/rows/Row035/Layer101Enumeration.lean
research/tasks/B699-Binomial/runs/20260911-low-index-lean-513dc7cc/lean/rows/Row035/Layer101Pairs.lean
research/tasks/B699-Binomial/runs/20260911-low-index-lean-513dc7cc/lean/rows/Row035/Layer101Checked.lean
research/tasks/B699-Binomial/runs/20260911-low-index-lean-513dc7cc/lean/rows/Row035/Layer102Arithmetic.lean
research/tasks/B699-Binomial/runs/20260911-low-index-lean-513dc7cc/lean/rows/Row035/Layer102Data.lean
research/tasks/B699-Binomial/runs/20260911-low-index-lean-513dc7cc/lean/rows/Row035/Layer102Enumeration.lean
research/tasks/B699-Binomial/runs/20260911-low-index-lean-513dc7cc/lean/rows/Row035/Layer102Pairs.lean
research/tasks/B699-Binomial/runs/20260911-low-index-lean-513dc7cc/lean/rows/Row035/Layer102Checked.lean
research/tasks/B699-Binomial/runs/20260911-low-index-lean-513dc7cc/lean/rows/Row035/Layer103Arithmetic.lean
research/tasks/B699-Binomial/runs/20260911-low-index-lean-513dc7cc/lean/rows/Row035/Layer103Data.lean
research/tasks/B699-Binomial/runs/20260911-low-index-lean-513dc7cc/lean/rows/Row035/Layer103Enumeration.lean
research/tasks/B699-Binomial/runs/20260911-low-index-lean-513dc7cc/lean/rows/Row035/Layer103Pairs.lean
research/tasks/B699-Binomial/runs/20260911-low-index-lean-513dc7cc/lean/rows/Row035/Layer103Checked.lean
research/tasks/B699-Binomial/runs/20260911-low-index-lean-513dc7cc/lean/rows/Row035/Layers100.lean
research/tasks/B699-Binomial/runs/20260911-low-index-lean-513dc7cc/lean/rows/Row035/Layer104Arithmetic.lean
research/tasks/B699-Binomial/runs/20260911-low-index-lean-513dc7cc/lean/rows/Row035/Layer104Data.lean
research/tasks/B699-Binomial/runs/20260911-low-index-lean-513dc7cc/lean/rows/Row035/Layer104Enumeration.lean
research/tasks/B699-Binomial/runs/20260911-low-index-lean-513dc7cc/lean/rows/Row035/Layer104Pairs.lean
research/tasks/B699-Binomial/runs/20260911-low-index-lean-513dc7cc/lean/rows/Row035/Layer104Checked.lean
research/tasks/B699-Binomial/runs/20260911-low-index-lean-513dc7cc/lean/rows/Row035/Layer105Arithmetic.lean
research/tasks/B699-Binomial/runs/20260911-low-index-lean-513dc7cc/lean/rows/Row035/Layer105Data.lean
research/tasks/B699-Binomial/runs/20260911-low-index-lean-513dc7cc/lean/rows/Row035/Layer105Enumeration.lean
research/tasks/B699-Binomial/runs/20260911-low-index-lean-513dc7cc/lean/rows/Row035/Layer105Pairs.lean
research/tasks/B699-Binomial/runs/20260911-low-index-lean-513dc7cc/lean/rows/Row035/Layer105Checked.lean
research/tasks/B699-Binomial/runs/20260911-low-index-lean-513dc7cc/lean/rows/Row035/Layer106Arithmetic.lean
research/tasks/B699-Binomial/runs/20260911-low-index-lean-513dc7cc/lean/rows/Row035/Layer106Data.lean
research/tasks/B699-Binomial/runs/20260911-low-index-lean-513dc7cc/lean/rows/Row035/Layer106Enumeration.lean
research/tasks/B699-Binomial/runs/20260911-low-index-lean-513dc7cc/lean/rows/Row035/Layer106Pairs.lean
research/tasks/B699-Binomial/runs/20260911-low-index-lean-513dc7cc/lean/rows/Row035/Layer106Checked.lean
research/tasks/B699-Binomial/runs/20260911-low-index-lean-513dc7cc/lean/rows/Row035/Layer107Arithmetic.lean
research/tasks/B699-Binomial/runs/20260911-low-index-lean-513dc7cc/lean/rows/Row035/Layer107Data.lean
research/tasks/B699-Binomial/runs/20260911-low-index-lean-513dc7cc/lean/rows/Row035/Layer107Enumeration.lean
research/tasks/B699-Binomial/runs/20260911-low-index-lean-513dc7cc/lean/rows/Row035/Layer107Pairs.lean
research/tasks/B699-Binomial/runs/20260911-low-index-lean-513dc7cc/lean/rows/Row035/Layer107Checked.lean
research/tasks/B699-Binomial/runs/20260911-low-index-lean-513dc7cc/lean/rows/Row035/Layers104.lean
research/tasks/B699-Binomial/runs/20260911-low-index-lean-513dc7cc/lean/rows/Row035/Layer108Arithmetic.lean
research/tasks/B699-Binomial/runs/20260911-low-index-lean-513dc7cc/lean/rows/Row035/Layer108Data.lean
research/tasks/B699-Binomial/runs/20260911-low-index-lean-513dc7cc/lean/rows/Row035/Layer108Enumeration.lean
research/tasks/B699-Binomial/runs/20260911-low-index-lean-513dc7cc/lean/rows/Row035/Layer108Pairs.lean
research/tasks/B699-Binomial/runs/20260911-low-index-lean-513dc7cc/lean/rows/Row035/Layer108Checked.lean
research/tasks/B699-Binomial/runs/20260911-low-index-lean-513dc7cc/lean/rows/Row035/Layer109Arithmetic.lean
research/tasks/B699-Binomial/runs/20260911-low-index-lean-513dc7cc/lean/rows/Row035/Layer109Data.lean
research/tasks/B699-Binomial/runs/20260911-low-index-lean-513dc7cc/lean/rows/Row035/Layer109Enumeration.lean
research/tasks/B699-Binomial/runs/20260911-low-index-lean-513dc7cc/lean/rows/Row035/Layer109Pairs.lean
research/tasks/B699-Binomial/runs/20260911-low-index-lean-513dc7cc/lean/rows/Row035/Layer109Checked.lean
research/tasks/B699-Binomial/runs/20260911-low-index-lean-513dc7cc/lean/rows/Row035/Layer110Arithmetic.lean
research/tasks/B699-Binomial/runs/20260911-low-index-lean-513dc7cc/lean/rows/Row035/Layer110Data.lean
research/tasks/B699-Binomial/runs/20260911-low-index-lean-513dc7cc/lean/rows/Row035/Layer110Enumeration.lean
research/tasks/B699-Binomial/runs/20260911-low-index-lean-513dc7cc/lean/rows/Row035/Layer110Pairs.lean
research/tasks/B699-Binomial/runs/20260911-low-index-lean-513dc7cc/lean/rows/Row035/Layer110Checked.lean
research/tasks/B699-Binomial/runs/20260911-low-index-lean-513dc7cc/lean/rows/Row035/Layer111Arithmetic.lean
research/tasks/B699-Binomial/runs/20260911-low-index-lean-513dc7cc/lean/rows/Row035/Layer111Data.lean
research/tasks/B699-Binomial/runs/20260911-low-index-lean-513dc7cc/lean/rows/Row035/Layer111Enumeration.lean
research/tasks/B699-Binomial/runs/20260911-low-index-lean-513dc7cc/lean/rows/Row035/Layer111Pairs.lean
research/tasks/B699-Binomial/runs/20260911-low-index-lean-513dc7cc/lean/rows/Row035/Layer111Checked.lean
research/tasks/B699-Binomial/runs/20260911-low-index-lean-513dc7cc/lean/rows/Row035/Layers108.lean
research/tasks/B699-Binomial/runs/20260911-low-index-lean-513dc7cc/lean/rows/Row035/Layer112Arithmetic.lean
research/tasks/B699-Binomial/runs/20260911-low-index-lean-513dc7cc/lean/rows/Row035/Layer112Data.lean
research/tasks/B699-Binomial/runs/20260911-low-index-lean-513dc7cc/lean/rows/Row035/Layer112Enumeration.lean
research/tasks/B699-Binomial/runs/20260911-low-index-lean-513dc7cc/lean/rows/Row035/Layer112Pairs.lean
research/tasks/B699-Binomial/runs/20260911-low-index-lean-513dc7cc/lean/rows/Row035/Layer112Checked.lean
research/tasks/B699-Binomial/runs/20260911-low-index-lean-513dc7cc/lean/rows/Row035/Layer113Arithmetic.lean
research/tasks/B699-Binomial/runs/20260911-low-index-lean-513dc7cc/lean/rows/Row035/Layer113Data.lean
research/tasks/B699-Binomial/runs/20260911-low-index-lean-513dc7cc/lean/rows/Row035/Layer113Enumeration.lean
research/tasks/B699-Binomial/runs/20260911-low-index-lean-513dc7cc/lean/rows/Row035/Layer113Pairs.lean
research/tasks/B699-Binomial/runs/20260911-low-index-lean-513dc7cc/lean/rows/Row035/Layer113Checked.lean
research/tasks/B699-Binomial/runs/20260911-low-index-lean-513dc7cc/lean/rows/Row035/Layer114Arithmetic.lean
research/tasks/B699-Binomial/runs/20260911-low-index-lean-513dc7cc/lean/rows/Row035/Layer114Data.lean
research/tasks/B699-Binomial/runs/20260911-low-index-lean-513dc7cc/lean/rows/Row035/Layer114Enumeration.lean
research/tasks/B699-Binomial/runs/20260911-low-index-lean-513dc7cc/lean/rows/Row035/Layer114Pairs.lean
research/tasks/B699-Binomial/runs/20260911-low-index-lean-513dc7cc/lean/rows/Row035/Layer114Checked.lean
research/tasks/B699-Binomial/runs/20260911-low-index-lean-513dc7cc/lean/rows/Row035/Layer115Arithmetic.lean
research/tasks/B699-Binomial/runs/20260911-low-index-lean-513dc7cc/lean/rows/Row035/Layer115Data.lean
research/tasks/B699-Binomial/runs/20260911-low-index-lean-513dc7cc/lean/rows/Row035/Layer115Enumeration.lean
research/tasks/B699-Binomial/runs/20260911-low-index-lean-513dc7cc/lean/rows/Row035/Layer115Pairs.lean
research/tasks/B699-Binomial/runs/20260911-low-index-lean-513dc7cc/lean/rows/Row035/Layer115Checked.lean
research/tasks/B699-Binomial/runs/20260911-low-index-lean-513dc7cc/lean/rows/Row035/Layers112.lean
research/tasks/B699-Binomial/runs/20260911-low-index-lean-513dc7cc/lean/rows/Row035/Layer116Arithmetic.lean
research/tasks/B699-Binomial/runs/20260911-low-index-lean-513dc7cc/lean/rows/Row035/Layer116Data.lean
research/tasks/B699-Binomial/runs/20260911-low-index-lean-513dc7cc/lean/rows/Row035/Layer116Enumeration.lean
research/tasks/B699-Binomial/runs/20260911-low-index-lean-513dc7cc/lean/rows/Row035/Layer116Pairs.lean
research/tasks/B699-Binomial/runs/20260911-low-index-lean-513dc7cc/lean/rows/Row035/Layer116Checked.lean
research/tasks/B699-Binomial/runs/20260911-low-index-lean-513dc7cc/lean/rows/Row035/Layer117Arithmetic.lean
research/tasks/B699-Binomial/runs/20260911-low-index-lean-513dc7cc/lean/rows/Row035/Layer117Data.lean
research/tasks/B699-Binomial/runs/20260911-low-index-lean-513dc7cc/lean/rows/Row035/Layer117Enumeration.lean
research/tasks/B699-Binomial/runs/20260911-low-index-lean-513dc7cc/lean/rows/Row035/Layer117Pairs.lean
research/tasks/B699-Binomial/runs/20260911-low-index-lean-513dc7cc/lean/rows/Row035/Layer117Checked.lean
research/tasks/B699-Binomial/runs/20260911-low-index-lean-513dc7cc/lean/rows/Row035/Layer118Arithmetic.lean
research/tasks/B699-Binomial/runs/20260911-low-index-lean-513dc7cc/lean/rows/Row035/Layer118Data.lean
research/tasks/B699-Binomial/runs/20260911-low-index-lean-513dc7cc/lean/rows/Row035/Layer118Enumeration.lean
research/tasks/B699-Binomial/runs/20260911-low-index-lean-513dc7cc/lean/rows/Row035/Layer118Pairs.lean
research/tasks/B699-Binomial/runs/20260911-low-index-lean-513dc7cc/lean/rows/Row035/Layer118Checked.lean
research/tasks/B699-Binomial/runs/20260911-low-index-lean-513dc7cc/lean/rows/Row035/Layer119Arithmetic.lean
research/tasks/B699-Binomial/runs/20260911-low-index-lean-513dc7cc/lean/rows/Row035/Layer119Data.lean
research/tasks/B699-Binomial/runs/20260911-low-index-lean-513dc7cc/lean/rows/Row035/Layer119Enumeration.lean
research/tasks/B699-Binomial/runs/20260911-low-index-lean-513dc7cc/lean/rows/Row035/Layer119Pairs.lean
research/tasks/B699-Binomial/runs/20260911-low-index-lean-513dc7cc/lean/rows/Row035/Layer119Checked.lean
research/tasks/B699-Binomial/runs/20260911-low-index-lean-513dc7cc/lean/rows/Row035/Layers116.lean
research/tasks/B699-Binomial/runs/20260911-low-index-lean-513dc7cc/lean/rows/Row035/Layer120Arithmetic.lean
research/tasks/B699-Binomial/runs/20260911-low-index-lean-513dc7cc/lean/rows/Row035/Layer120Data.lean
research/tasks/B699-Binomial/runs/20260911-low-index-lean-513dc7cc/lean/rows/Row035/Layer120Enumeration.lean
research/tasks/B699-Binomial/runs/20260911-low-index-lean-513dc7cc/lean/rows/Row035/Layer120Pairs.lean
research/tasks/B699-Binomial/runs/20260911-low-index-lean-513dc7cc/lean/rows/Row035/Layer120Checked.lean
research/tasks/B699-Binomial/runs/20260911-low-index-lean-513dc7cc/lean/rows/Row035/Layer121Arithmetic.lean
research/tasks/B699-Binomial/runs/20260911-low-index-lean-513dc7cc/lean/rows/Row035/Layer121Data.lean
research/tasks/B699-Binomial/runs/20260911-low-index-lean-513dc7cc/lean/rows/Row035/Layer121Enumeration.lean
research/tasks/B699-Binomial/runs/20260911-low-index-lean-513dc7cc/lean/rows/Row035/Layer121Pairs.lean
research/tasks/B699-Binomial/runs/20260911-low-index-lean-513dc7cc/lean/rows/Row035/Layer121Checked.lean
research/tasks/B699-Binomial/runs/20260911-low-index-lean-513dc7cc/lean/rows/Row035/Layer122Arithmetic.lean
research/tasks/B699-Binomial/runs/20260911-low-index-lean-513dc7cc/lean/rows/Row035/Layer122Data.lean
research/tasks/B699-Binomial/runs/20260911-low-index-lean-513dc7cc/lean/rows/Row035/Layer122Enumeration.lean
research/tasks/B699-Binomial/runs/20260911-low-index-lean-513dc7cc/lean/rows/Row035/Layer122Pairs.lean
research/tasks/B699-Binomial/runs/20260911-low-index-lean-513dc7cc/lean/rows/Row035/Layer122Checked.lean
research/tasks/B699-Binomial/runs/20260911-low-index-lean-513dc7cc/lean/rows/Row035/Layer123Arithmetic.lean
research/tasks/B699-Binomial/runs/20260911-low-index-lean-513dc7cc/lean/rows/Row035/Layer123Data.lean
research/tasks/B699-Binomial/runs/20260911-low-index-lean-513dc7cc/lean/rows/Row035/Layer123Enumeration.lean
research/tasks/B699-Binomial/runs/20260911-low-index-lean-513dc7cc/lean/rows/Row035/Layer123Pairs.lean
research/tasks/B699-Binomial/runs/20260911-low-index-lean-513dc7cc/lean/rows/Row035/Layer123Checked.lean
research/tasks/B699-Binomial/runs/20260911-low-index-lean-513dc7cc/lean/rows/Row035/Layers120.lean
research/tasks/B699-Binomial/runs/20260911-low-index-lean-513dc7cc/lean/rows/Row035/Layer124Arithmetic.lean
research/tasks/B699-Binomial/runs/20260911-low-index-lean-513dc7cc/lean/rows/Row035/Layer124Data.lean
research/tasks/B699-Binomial/runs/20260911-low-index-lean-513dc7cc/lean/rows/Row035/Layer124Enumeration.lean
research/tasks/B699-Binomial/runs/20260911-low-index-lean-513dc7cc/lean/rows/Row035/Layer124Pairs.lean
research/tasks/B699-Binomial/runs/20260911-low-index-lean-513dc7cc/lean/rows/Row035/Layer124Checked.lean
research/tasks/B699-Binomial/runs/20260911-low-index-lean-513dc7cc/lean/rows/Row035/Layer125Arithmetic.lean
research/tasks/B699-Binomial/runs/20260911-low-index-lean-513dc7cc/lean/rows/Row035/Layer125Data.lean
research/tasks/B699-Binomial/runs/20260911-low-index-lean-513dc7cc/lean/rows/Row035/Layer125Enumeration.lean
research/tasks/B699-Binomial/runs/20260911-low-index-lean-513dc7cc/lean/rows/Row035/Layer125Pairs.lean
research/tasks/B699-Binomial/runs/20260911-low-index-lean-513dc7cc/lean/rows/Row035/Layer125Checked.lean
research/tasks/B699-Binomial/runs/20260911-low-index-lean-513dc7cc/lean/rows/Row035/Layer126Arithmetic.lean
research/tasks/B699-Binomial/runs/20260911-low-index-lean-513dc7cc/lean/rows/Row035/Layer126Data.lean
research/tasks/B699-Binomial/runs/20260911-low-index-lean-513dc7cc/lean/rows/Row035/Layer126Enumeration.lean
research/tasks/B699-Binomial/runs/20260911-low-index-lean-513dc7cc/lean/rows/Row035/Layer126Pairs.lean
research/tasks/B699-Binomial/runs/20260911-low-index-lean-513dc7cc/lean/rows/Row035/Layer126Checked.lean
research/tasks/B699-Binomial/runs/20260911-low-index-lean-513dc7cc/lean/rows/Row035/Layer127Arithmetic.lean
research/tasks/B699-Binomial/runs/20260911-low-index-lean-513dc7cc/lean/rows/Row035/Layer127Data.lean
research/tasks/B699-Binomial/runs/20260911-low-index-lean-513dc7cc/lean/rows/Row035/Layer127Enumeration.lean
research/tasks/B699-Binomial/runs/20260911-low-index-lean-513dc7cc/lean/rows/Row035/Layer127Pairs.lean
research/tasks/B699-Binomial/runs/20260911-low-index-lean-513dc7cc/lean/rows/Row035/Layer127Checked.lean
research/tasks/B699-Binomial/runs/20260911-low-index-lean-513dc7cc/lean/rows/Row035/Layers124.lean
research/tasks/B699-Binomial/runs/20260911-low-index-lean-513dc7cc/lean/rows/Row035/Layer128Arithmetic.lean
research/tasks/B699-Binomial/runs/20260911-low-index-lean-513dc7cc/lean/rows/Row035/Layer128Data.lean
research/tasks/B699-Binomial/runs/20260911-low-index-lean-513dc7cc/lean/rows/Row035/Layer128Enumeration.lean
research/tasks/B699-Binomial/runs/20260911-low-index-lean-513dc7cc/lean/rows/Row035/Layer128Pairs.lean
research/tasks/B699-Binomial/runs/20260911-low-index-lean-513dc7cc/lean/rows/Row035/Layer128Checked.lean
research/tasks/B699-Binomial/runs/20260911-low-index-lean-513dc7cc/lean/rows/Row035/Layer129Arithmetic.lean
research/tasks/B699-Binomial/runs/20260911-low-index-lean-513dc7cc/lean/rows/Row035/Layer129Data.lean
research/tasks/B699-Binomial/runs/20260911-low-index-lean-513dc7cc/lean/rows/Row035/Layer129Enumeration.lean
research/tasks/B699-Binomial/runs/20260911-low-index-lean-513dc7cc/lean/rows/Row035/Layer129Pairs.lean
research/tasks/B699-Binomial/runs/20260911-low-index-lean-513dc7cc/lean/rows/Row035/Layer129Checked.lean
research/tasks/B699-Binomial/runs/20260911-low-index-lean-513dc7cc/lean/rows/Row035/Layer130Arithmetic.lean
research/tasks/B699-Binomial/runs/20260911-low-index-lean-513dc7cc/lean/rows/Row035/Layer130Data.lean
research/tasks/B699-Binomial/runs/20260911-low-index-lean-513dc7cc/lean/rows/Row035/Layer130Enumeration.lean
research/tasks/B699-Binomial/runs/20260911-low-index-lean-513dc7cc/lean/rows/Row035/Layer130Pairs.lean
research/tasks/B699-Binomial/runs/20260911-low-index-lean-513dc7cc/lean/rows/Row035/Layer130Checked.lean
research/tasks/B699-Binomial/runs/20260911-low-index-lean-513dc7cc/lean/rows/Row035/Layer131Arithmetic.lean
research/tasks/B699-Binomial/runs/20260911-low-index-lean-513dc7cc/lean/rows/Row035/Layer131Data.lean
research/tasks/B699-Binomial/runs/20260911-low-index-lean-513dc7cc/lean/rows/Row035/Layer131Enumeration.lean
research/tasks/B699-Binomial/runs/20260911-low-index-lean-513dc7cc/lean/rows/Row035/Layer131Pairs.lean
research/tasks/B699-Binomial/runs/20260911-low-index-lean-513dc7cc/lean/rows/Row035/Layer131Checked.lean
research/tasks/B699-Binomial/runs/20260911-low-index-lean-513dc7cc/lean/rows/Row035/Layers128.lean
research/tasks/B699-Binomial/runs/20260911-low-index-lean-513dc7cc/lean/rows/Row035/Layer132Arithmetic.lean
research/tasks/B699-Binomial/runs/20260911-low-index-lean-513dc7cc/lean/rows/Row035/Layer132Data.lean
research/tasks/B699-Binomial/runs/20260911-low-index-lean-513dc7cc/lean/rows/Row035/Layer132Enumeration.lean
research/tasks/B699-Binomial/runs/20260911-low-index-lean-513dc7cc/lean/rows/Row035/Layer132Pairs.lean
research/tasks/B699-Binomial/runs/20260911-low-index-lean-513dc7cc/lean/rows/Row035/Layer132Checked.lean
research/tasks/B699-Binomial/runs/20260911-low-index-lean-513dc7cc/lean/rows/Row035/Layer133Arithmetic.lean
research/tasks/B699-Binomial/runs/20260911-low-index-lean-513dc7cc/lean/rows/Row035/Layer133Data.lean
research/tasks/B699-Binomial/runs/20260911-low-index-lean-513dc7cc/lean/rows/Row035/Layer133Enumeration.lean
research/tasks/B699-Binomial/runs/20260911-low-index-lean-513dc7cc/lean/rows/Row035/Layer133Pairs.lean
research/tasks/B699-Binomial/runs/20260911-low-index-lean-513dc7cc/lean/rows/Row035/Layer133Checked.lean
research/tasks/B699-Binomial/runs/20260911-low-index-lean-513dc7cc/lean/rows/Row035/Layer134Arithmetic.lean
research/tasks/B699-Binomial/runs/20260911-low-index-lean-513dc7cc/lean/rows/Row035/Layer134Data.lean
research/tasks/B699-Binomial/runs/20260911-low-index-lean-513dc7cc/lean/rows/Row035/Layer134Enumeration.lean
research/tasks/B699-Binomial/runs/20260911-low-index-lean-513dc7cc/lean/rows/Row035/Layer134Pairs.lean
research/tasks/B699-Binomial/runs/20260911-low-index-lean-513dc7cc/lean/rows/Row035/Layer134Checked.lean
research/tasks/B699-Binomial/runs/20260911-low-index-lean-513dc7cc/lean/rows/Row035/Layer135Arithmetic.lean
research/tasks/B699-Binomial/runs/20260911-low-index-lean-513dc7cc/lean/rows/Row035/Layer135Data.lean
research/tasks/B699-Binomial/runs/20260911-low-index-lean-513dc7cc/lean/rows/Row035/Layer135Enumeration.lean
research/tasks/B699-Binomial/runs/20260911-low-index-lean-513dc7cc/lean/rows/Row035/Layer135Pairs.lean
research/tasks/B699-Binomial/runs/20260911-low-index-lean-513dc7cc/lean/rows/Row035/Layer135Checked.lean
research/tasks/B699-Binomial/runs/20260911-low-index-lean-513dc7cc/lean/rows/Row035/Layers132.lean
research/tasks/B699-Binomial/runs/20260911-low-index-lean-513dc7cc/lean/rows/Row035/Layer136Arithmetic.lean
research/tasks/B699-Binomial/runs/20260911-low-index-lean-513dc7cc/lean/rows/Row035/Layer136Data.lean
research/tasks/B699-Binomial/runs/20260911-low-index-lean-513dc7cc/lean/rows/Row035/Layer136Enumeration.lean
research/tasks/B699-Binomial/runs/20260911-low-index-lean-513dc7cc/lean/rows/Row035/Layer136Pairs.lean
research/tasks/B699-Binomial/runs/20260911-low-index-lean-513dc7cc/lean/rows/Row035/Layer136Checked.lean
research/tasks/B699-Binomial/runs/20260911-low-index-lean-513dc7cc/lean/rows/Row035/Layer137Arithmetic.lean
research/tasks/B699-Binomial/runs/20260911-low-index-lean-513dc7cc/lean/rows/Row035/Layer137Data.lean
research/tasks/B699-Binomial/runs/20260911-low-index-lean-513dc7cc/lean/rows/Row035/Layer137Enumeration.lean
research/tasks/B699-Binomial/runs/20260911-low-index-lean-513dc7cc/lean/rows/Row035/Layer137Pairs.lean
research/tasks/B699-Binomial/runs/20260911-low-index-lean-513dc7cc/lean/rows/Row035/Layer137Checked.lean
research/tasks/B699-Binomial/runs/20260911-low-index-lean-513dc7cc/lean/rows/Row035/Layer138Arithmetic.lean
research/tasks/B699-Binomial/runs/20260911-low-index-lean-513dc7cc/lean/rows/Row035/Layer138Data.lean
research/tasks/B699-Binomial/runs/20260911-low-index-lean-513dc7cc/lean/rows/Row035/Layer138Enumeration.lean
research/tasks/B699-Binomial/runs/20260911-low-index-lean-513dc7cc/lean/rows/Row035/Layer138Pairs.lean
research/tasks/B699-Binomial/runs/20260911-low-index-lean-513dc7cc/lean/rows/Row035/Layer138Checked.lean
research/tasks/B699-Binomial/runs/20260911-low-index-lean-513dc7cc/lean/rows/Row035/Layer139Arithmetic.lean
research/tasks/B699-Binomial/runs/20260911-low-index-lean-513dc7cc/lean/rows/Row035/Layer139Data.lean
research/tasks/B699-Binomial/runs/20260911-low-index-lean-513dc7cc/lean/rows/Row035/Layer139Enumeration.lean
research/tasks/B699-Binomial/runs/20260911-low-index-lean-513dc7cc/lean/rows/Row035/Layer139Pairs.lean
research/tasks/B699-Binomial/runs/20260911-low-index-lean-513dc7cc/lean/rows/Row035/Layer139Checked.lean
research/tasks/B699-Binomial/runs/20260911-low-index-lean-513dc7cc/lean/rows/Row035/Layers136.lean
research/tasks/B699-Binomial/runs/20260911-low-index-lean-513dc7cc/lean/rows/Row035/Layer140Arithmetic.lean
research/tasks/B699-Binomial/runs/20260911-low-index-lean-513dc7cc/lean/rows/Row035/Layer140Data.lean
research/tasks/B699-Binomial/runs/20260911-low-index-lean-513dc7cc/lean/rows/Row035/Layer140Enumeration.lean
research/tasks/B699-Binomial/runs/20260911-low-index-lean-513dc7cc/lean/rows/Row035/Layer140Pairs.lean
research/tasks/B699-Binomial/runs/20260911-low-index-lean-513dc7cc/lean/rows/Row035/Layer140Checked.lean
research/tasks/B699-Binomial/runs/20260911-low-index-lean-513dc7cc/lean/rows/Row035/Layer141Arithmetic.lean
research/tasks/B699-Binomial/runs/20260911-low-index-lean-513dc7cc/lean/rows/Row035/Layer141Data.lean
research/tasks/B699-Binomial/runs/20260911-low-index-lean-513dc7cc/lean/rows/Row035/Layer141Enumeration.lean
research/tasks/B699-Binomial/runs/20260911-low-index-lean-513dc7cc/lean/rows/Row035/Layer141Pairs.lean
research/tasks/B699-Binomial/runs/20260911-low-index-lean-513dc7cc/lean/rows/Row035/Layer141Checked.lean
research/tasks/B699-Binomial/runs/20260911-low-index-lean-513dc7cc/lean/rows/Row035/Layer142Arithmetic.lean
research/tasks/B699-Binomial/runs/20260911-low-index-lean-513dc7cc/lean/rows/Row035/Layer142Data.lean
research/tasks/B699-Binomial/runs/20260911-low-index-lean-513dc7cc/lean/rows/Row035/Layer142Enumeration.lean
research/tasks/B699-Binomial/runs/20260911-low-index-lean-513dc7cc/lean/rows/Row035/Layer142Pairs.lean
research/tasks/B699-Binomial/runs/20260911-low-index-lean-513dc7cc/lean/rows/Row035/Layer142Checked.lean
research/tasks/B699-Binomial/runs/20260911-low-index-lean-513dc7cc/lean/rows/Row035/Layer143Arithmetic.lean
research/tasks/B699-Binomial/runs/20260911-low-index-lean-513dc7cc/lean/rows/Row035/Layer143Data.lean
research/tasks/B699-Binomial/runs/20260911-low-index-lean-513dc7cc/lean/rows/Row035/Layer143Enumeration.lean
research/tasks/B699-Binomial/runs/20260911-low-index-lean-513dc7cc/lean/rows/Row035/Layer143Pairs.lean
research/tasks/B699-Binomial/runs/20260911-low-index-lean-513dc7cc/lean/rows/Row035/Layer143Checked.lean
research/tasks/B699-Binomial/runs/20260911-low-index-lean-513dc7cc/lean/rows/Row035/Layers140.lean
research/tasks/B699-Binomial/runs/20260911-low-index-lean-513dc7cc/lean/rows/Row035/Layer144Arithmetic.lean
research/tasks/B699-Binomial/runs/20260911-low-index-lean-513dc7cc/lean/rows/Row035/Layer144Data.lean
research/tasks/B699-Binomial/runs/20260911-low-index-lean-513dc7cc/lean/rows/Row035/Layer144Enumeration.lean
research/tasks/B699-Binomial/runs/20260911-low-index-lean-513dc7cc/lean/rows/Row035/Layer144Pairs.lean
research/tasks/B699-Binomial/runs/20260911-low-index-lean-513dc7cc/lean/rows/Row035/Layer144Checked.lean
research/tasks/B699-Binomial/runs/20260911-low-index-lean-513dc7cc/lean/rows/Row035/Layer145Arithmetic.lean
research/tasks/B699-Binomial/runs/20260911-low-index-lean-513dc7cc/lean/rows/Row035/Layer145Data.lean
research/tasks/B699-Binomial/runs/20260911-low-index-lean-513dc7cc/lean/rows/Row035/Layer145Enumeration.lean
research/tasks/B699-Binomial/runs/20260911-low-index-lean-513dc7cc/lean/rows/Row035/Layer145Pairs.lean
research/tasks/B699-Binomial/runs/20260911-low-index-lean-513dc7cc/lean/rows/Row035/Layer145Checked.lean
research/tasks/B699-Binomial/runs/20260911-low-index-lean-513dc7cc/lean/rows/Row035/Layer146Arithmetic.lean
research/tasks/B699-Binomial/runs/20260911-low-index-lean-513dc7cc/lean/rows/Row035/Layer146Data.lean
research/tasks/B699-Binomial/runs/20260911-low-index-lean-513dc7cc/lean/rows/Row035/Layer146Enumeration.lean
research/tasks/B699-Binomial/runs/20260911-low-index-lean-513dc7cc/lean/rows/Row035/Layer146Pairs.lean
research/tasks/B699-Binomial/runs/20260911-low-index-lean-513dc7cc/lean/rows/Row035/Layer146Checked.lean
research/tasks/B699-Binomial/runs/20260911-low-index-lean-513dc7cc/lean/rows/Row035/Layer147Arithmetic.lean
research/tasks/B699-Binomial/runs/20260911-low-index-lean-513dc7cc/lean/rows/Row035/Layer147Data.lean
research/tasks/B699-Binomial/runs/20260911-low-index-lean-513dc7cc/lean/rows/Row035/Layer147Enumeration.lean
research/tasks/B699-Binomial/runs/20260911-low-index-lean-513dc7cc/lean/rows/Row035/Layer147Pairs.lean
research/tasks/B699-Binomial/runs/20260911-low-index-lean-513dc7cc/lean/rows/Row035/Layer147Checked.lean
research/tasks/B699-Binomial/runs/20260911-low-index-lean-513dc7cc/lean/rows/Row035/Layers144.lean
research/tasks/B699-Binomial/runs/20260911-low-index-lean-513dc7cc/lean/rows/Row035/Layer148Arithmetic.lean
research/tasks/B699-Binomial/runs/20260911-low-index-lean-513dc7cc/lean/rows/Row035/Layer148Data.lean
research/tasks/B699-Binomial/runs/20260911-low-index-lean-513dc7cc/lean/rows/Row035/Layer148Enumeration.lean
research/tasks/B699-Binomial/runs/20260911-low-index-lean-513dc7cc/lean/rows/Row035/Layer148Pairs.lean
research/tasks/B699-Binomial/runs/20260911-low-index-lean-513dc7cc/lean/rows/Row035/Layer148Checked.lean
research/tasks/B699-Binomial/runs/20260911-low-index-lean-513dc7cc/lean/rows/Row035/Layer149Arithmetic.lean
research/tasks/B699-Binomial/runs/20260911-low-index-lean-513dc7cc/lean/rows/Row035/Layer149Data.lean
research/tasks/B699-Binomial/runs/20260911-low-index-lean-513dc7cc/lean/rows/Row035/Layer149Enumeration.lean
research/tasks/B699-Binomial/runs/20260911-low-index-lean-513dc7cc/lean/rows/Row035/Layer149Pairs.lean
research/tasks/B699-Binomial/runs/20260911-low-index-lean-513dc7cc/lean/rows/Row035/Layer149Checked.lean
research/tasks/B699-Binomial/runs/20260911-low-index-lean-513dc7cc/lean/rows/Row035/Layer150Arithmetic.lean
research/tasks/B699-Binomial/runs/20260911-low-index-lean-513dc7cc/lean/rows/Row035/Layer150Data.lean
research/tasks/B699-Binomial/runs/20260911-low-index-lean-513dc7cc/lean/rows/Row035/Layer150Enumeration.lean
research/tasks/B699-Binomial/runs/20260911-low-index-lean-513dc7cc/lean/rows/Row035/Layer150Pairs.lean
research/tasks/B699-Binomial/runs/20260911-low-index-lean-513dc7cc/lean/rows/Row035/Layer150Checked.lean
research/tasks/B699-Binomial/runs/20260911-low-index-lean-513dc7cc/lean/rows/Row035/Layer151Arithmetic.lean
research/tasks/B699-Binomial/runs/20260911-low-index-lean-513dc7cc/lean/rows/Row035/Layer151Data.lean
research/tasks/B699-Binomial/runs/20260911-low-index-lean-513dc7cc/lean/rows/Row035/Layer151Enumeration.lean
research/tasks/B699-Binomial/runs/20260911-low-index-lean-513dc7cc/lean/rows/Row035/Layer151Pairs.lean
research/tasks/B699-Binomial/runs/20260911-low-index-lean-513dc7cc/lean/rows/Row035/Layer151Checked.lean
research/tasks/B699-Binomial/runs/20260911-low-index-lean-513dc7cc/lean/rows/Row035/Layers148.lean
research/tasks/B699-Binomial/runs/20260911-low-index-lean-513dc7cc/lean/rows/Row035/Layer152Arithmetic.lean
research/tasks/B699-Binomial/runs/20260911-low-index-lean-513dc7cc/lean/rows/Row035/Layer152Data.lean
research/tasks/B699-Binomial/runs/20260911-low-index-lean-513dc7cc/lean/rows/Row035/Layer152Enumeration.lean
research/tasks/B699-Binomial/runs/20260911-low-index-lean-513dc7cc/lean/rows/Row035/Layer152Pairs.lean
research/tasks/B699-Binomial/runs/20260911-low-index-lean-513dc7cc/lean/rows/Row035/Layer152Checked.lean
research/tasks/B699-Binomial/runs/20260911-low-index-lean-513dc7cc/lean/rows/Row035/Layers152.lean
research/tasks/B699-Binomial/runs/20260911-low-index-lean-513dc7cc/lean/rows/Row035/LayersChecked.lean
research/tasks/B699-Binomial/runs/20260911-low-index-lean-513dc7cc/lean/rows/Row035/Checked.lean
research/tasks/B699-Binomial/runs/20260911-low-index-lean-513dc7cc/lean/rows/Row035/Original.lean

Source policy passed for exact project closure.
