condition	point	a	b	pivot	pivot_value	weight_before
0	0	0	0	0	1	0
1	0	0	1	1	1	2
2	0	0	2	2	1	4
3	0	0	3	3	1	6
4	0	0	4	4	1	8
5	0	0	5	5	1	10
6	0	0	6	6	1	12
7	0	0	7	7	1	14
8	0	0	8	8	1	16
9	0	0	9	9	1	18
10	0	0	10	10	1	20
11	0	0	11	11	1	22
12	0	0	12	12	1	24
13	0	0	13	13	1	26
14	0	0	14	14	1	28
15	0	0	15	15	1	30
16	0	0	16	16	1	32
17	0	0	17	17	1	34
18	0	0	18	18	1	36
19	0	0	19	19	1	38
20	0	0	20	20	1	40
21	0	0	21	21	1	42
22	0	0	22	22	1	44
23	0	0	23	23	1	46
24	0	0	24	24	1	48
25	0	1	0	0	1	1
26	0	1	1	1	1	3
27	0	1	2	2	1	5
28	0	1	3	3	1	7
29	0	1	4	4	1	9
30	0	1	5	5	1	11
31	0	1	6	6	1	13
32	0	1	7	7	1	15
33	0	1	8	8	1	17
34	0	1	9	9	1	19
35	0	1	10	10	1	21
36	0	1	11	11	1	23
37	0	1	12	12	1	25
38	0	1	13	13	1	27
39	0	1	14	14	1	29
40	0	1	15	15	1	31
41	0	1	16	16	1	33
42	0	1	17	17	1	35
43	0	1	18	18	1	37
44	0	1	19	19	1	39
45	0	1	20	20	1	41
46	0	1	21	21	1	43
47	0	1	22	22	1	45
48	0	1	23	23	1	47
49	0	1	24	24	1	49
50	0	2	0	0	1	2
51	0	2	1	1	1	4
52	0	2	2	2	1	6
53	0	2	3	3	1	8
54	0	2	4	4	1	10
55	0	2	5	5	1	12
56	0	2	6	6	1	14
57	0	2	7	7	1	16
58	0	2	8	8	1	18
59	0	2	9	9	1	20
60	0	2	10	10	1	22
61	0	2	11	11	1	24
62	0	2	12	12	1	26
63	0	2	13	13	1	28
64	0	2	14	14	1	30
65	0	2	15	15	1	32
66	0	2	16	16	1	34
67	0	2	17	17	1	36
68	0	2	18	18	1	38
69	0	2	19	19	1	40
70	0	2	20	20	1	42
71	0	2	21	21	1	44
72	0	2	22	22	1	46
73	0	2	23	23	1	48
74	0	3	0	0	1	3
75	0	3	1	1	1	5
76	0	3	2	2	1	7
77	0	3	3	3	1	9
78	0	3	4	4	1	11
79	0	3	5	5	1	13
80	0	3	6	6	1	15
81	0	3	7	7	1	17
82	0	3	8	8	1	19
83	0	3	9	9	1	21
84	0	3	10	10	1	23
85	0	3	11	11	1	25
86	0	3	12	12	1	27
87	0	3	13	13	1	29
88	0	3	14	14	1	31
89	0	3	15	15	1	33
90	0	3	16	16	1	35
91	0	3	17	17	1	37
92	0	3	18	18	1	39
93	0	3	19	19	1	41
94	0	3	20	20	1	43
95	0	3	21	21	1	45
96	0	3	22	22	1	47
97	0	3	23	23	1	49
98	0	4	0	0	1	4
99	0	4	1	1	1	6
100	0	4	2	2	1	8
101	0	4	3	3	1	10
102	0	4	4	4	1	12
103	0	4	5	5	1	14
104	0	4	6	6	1	16
105	0	4	7	7	1	18
106	0	4	8	8	1	20
107	0	4	9	9	1	22
108	0	4	10	10	1	24
109	0	4	11	11	1	26
110	0	4	12	12	1	28
111	0	4	13	13	1	30
112	0	4	14	14	1	32
113	0	4	15	15	1	34
114	0	4	16	16	1	36
115	0	4	17	17	1	38
116	0	4	18	18	1	40
117	0	4	19	19	1	42
118	0	4	20	20	1	44
119	0	4	21	21	1	46
120	0	4	22	22	1	48
121	0	5	0	0	1	5
122	0	5	1	1	1	7
123	0	5	2	2	1	9
124	0	5	3	3	1	11
125	0	5	4	4	1	13
126	0	5	5	5	1	15
127	0	5	6	6	1	17
128	0	5	7	7	1	19
129	0	5	8	8	1	21
130	0	5	9	9	1	23
131	0	5	10	10	1	25
132	0	5	11	11	1	27
133	0	5	12	12	1	29
134	0	5	13	13	1	31
135	0	5	14	14	1	33
136	0	5	15	15	1	35
137	0	5	16	16	1	37
138	0	5	17	17	1	39
139	0	5	18	18	1	41
140	0	5	19	19	1	43
141	0	5	20	20	1	45
142	0	5	21	21	1	47
143	0	5	22	22	1	49
144	0	6	0	0	1	6
145	0	6	1	1	1	8
146	0	6	2	2	1	10
147	0	6	3	3	1	12
148	0	6	4	4	1	14
149	0	6	5	5	1	16
150	0	6	6	6	1	18
151	0	6	7	7	1	20
152	0	6	8	8	1	22
153	0	6	9	9	1	24
154	0	6	10	10	1	26
155	0	6	11	11	1	28
156	0	6	12	12	1	30
157	0	6	13	13	1	32
158	0	6	14	14	1	34
159	0	6	15	15	1	36
160	0	6	16	16	1	38
161	0	6	17	17	1	40
162	0	6	18	18	1	42
163	0	6	19	19	1	44
164	0	6	20	20	1	46
165	0	6	21	21	1	48
166	0	7	0	0	1	7
167	0	7	1	1	1	9
168	0	7	2	2	1	11
169	0	7	3	3	1	13
170	0	7	4	4	1	15
171	0	7	5	5	1	17
172	0	7	6	6	1	19
173	0	7	7	7	1	21
174	0	7	8	8	1	23
175	0	7	9	9	1	25
176	0	7	10	10	1	27
177	0	7	11	11	1	29
178	0	7	12	12	1	31
179	0	7	13	13	1	33
180	0	7	14	14	1	35
181	0	7	15	15	1	37
182	0	7	16	16	1	39
183	0	7	17	17	1	41
184	0	7	18	18	1	43
185	0	7	19	19	1	45
186	0	7	20	20	1	47
187	0	7	21	21	1	49
188	0	8	0	0	1	8
189	0	8	1	1	1	10
190	0	8	2	2	1	12
191	0	8	3	3	1	14
192	0	8	4	4	1	16
193	0	8	5	5	1	18
194	0	8	6	6	1	20
195	0	8	7	7	1	22
196	0	8	8	8	1	24
197	0	8	9	9	1	26
198	0	8	10	10	1	28
199	0	8	11	11	1	30
200	0	8	12	12	1	32
201	0	8	13	13	1	34
202	0	8	14	14	1	36
203	0	8	15	15	1	38
204	0	8	16	16	1	40
205	0	8	17	17	1	42
206	0	8	18	18	1	44
207	0	8	19	19	1	46
208	0	8	20	20	1	48
209	0	9	0	0	1	9
210	0	9	1	1	1	11
211	0	9	2	2	1	13
212	0	9	3	3	1	15
213	0	9	4	4	1	17
214	0	9	5	5	1	19
215	0	9	6	6	1	21
216	0	9	7	7	1	23
217	0	9	8	8	1	25
218	0	9	9	9	1	27
219	0	9	10	10	1	29
220	0	9	11	11	1	31
221	0	9	12	12	1	33
222	0	9	13	13	1	35
223	0	9	14	14	1	37
224	0	9	15	15	1	39
225	0	9	16	16	1	41
226	0	9	17	17	1	43
227	0	9	18	18	1	45
228	0	9	19	19	1	47
229	0	9	20	20	1	49
230	0	10	0	0	1	10
231	0	10	1	1	1	12
232	0	10	2	2	1	14
233	0	10	3	3	1	16
234	0	10	4	4	1	18
235	0	10	5	5	1	20
236	0	10	6	6	1	22
237	0	10	7	7	1	24
238	0	10	8	8	1	26
239	0	10	9	9	1	28
240	0	10	10	10	1	30
241	0	10	11	11	1	32
242	0	10	12	12	1	34
243	0	10	13	13	1	36
244	0	10	14	14	1	38
245	0	10	15	15	1	40
246	0	10	16	16	1	42
247	0	10	17	17	1	44
248	0	10	18	18	1	46
249	0	10	19	19	1	48
250	0	11	0	0	1	11
251	0	11	1	1	1	13
252	0	11	2	2	1	15
253	0	11	3	3	1	17
254	0	11	4	4	1	19
255	0	11	5	5	1	21
256	0	11	6	6	1	23
257	0	11	7	7	1	25
258	0	11	8	8	1	27
259	0	11	9	9	1	29
260	0	11	10	10	1	31
261	0	11	11	11	1	33
262	0	11	12	12	1	35
263	0	11	13	13	1	37
264	0	11	14	14	1	39
265	0	11	15	15	1	41
266	0	11	16	16	1	43
267	0	11	17	17	1	45
268	0	11	18	18	1	47
269	0	11	19	19	1	49
270	0	12	0	0	1	12
271	0	12	1	1	1	14
272	0	12	2	2	1	16
273	0	12	3	3	1	18
274	0	12	4	4	1	20
275	0	12	5	5	1	22
276	0	12	6	6	1	24
277	0	12	7	7	1	26
278	0	12	8	8	1	28
279	0	12	9	9	1	30
280	0	12	10	10	1	32
281	0	12	11	11	1	34
282	0	12	12	12	1	36
283	0	12	13	13	1	38
284	0	12	14	14	1	40
285	0	12	15	15	1	42
286	0	12	16	16	1	44
287	0	12	17	17	1	46
288	0	12	18	18	1	48
289	0	13	0	0	1	13
290	0	13	1	1	1	15
291	0	13	2	2	1	17
292	0	13	3	3	1	19
293	0	13	4	4	1	21
294	0	13	5	5	1	23
295	0	13	6	6	1	25
296	0	13	7	7	1	27
297	0	13	8	8	1	29
298	0	13	9	9	1	31
299	0	13	10	10	1	33
300	0	13	11	11	1	35
301	0	13	12	12	1	37
302	0	13	13	13	1	39
303	0	13	14	14	1	41
304	0	13	15	15	1	43
305	0	13	16	16	1	45
306	0	13	17	17	1	47
307	0	13	18	18	1	49
308	0	14	0	0	1	14
309	0	14	1	1	1	16
310	0	14	2	2	1	18
311	0	14	3	3	1	20
312	0	14	4	4	1	22
313	0	14	5	5	1	24
314	0	14	6	6	1	26
315	0	14	7	7	1	28
316	0	14	8	8	1	30
317	0	14	9	9	1	32
318	0	14	10	10	1	34
319	0	14	11	11	1	36
320	0	14	12	12	1	38
321	0	14	13	13	1	40
322	0	14	14	14	1	42
323	0	14	15	15	1	44
324	0	14	16	16	1	46
325	0	14	17	17	1	48
326	0	15	0	0	1	15
327	0	15	1	1	1	17
328	0	15	2	2	1	19
329	0	15	3	3	1	21
330	0	15	4	4	1	23
331	0	15	5	5	1	25
332	0	15	6	6	1	27
333	0	15	7	7	1	29
334	0	15	8	8	1	31
335	0	15	9	9	1	33
336	0	15	10	10	1	35
337	0	15	11	11	1	37
338	0	15	12	12	1	39
339	0	15	13	13	1	41
340	0	15	14	14	1	43
341	0	15	15	15	1	45
342	0	15	16	16	1	47
343	0	15	17	17	1	49
344	0	16	0	0	1	16
345	0	16	1	1	1	18
346	0	16	2	2	1	20
347	0	16	3	3	1	22
348	0	16	4	4	1	24
349	0	16	5	5	1	26
350	0	16	6	6	1	28
351	0	16	7	7	1	30
352	0	16	8	8	1	32
353	0	16	9	9	1	34
354	0	16	10	10	1	36
355	0	16	11	11	1	38
356	0	16	12	12	1	40
357	0	16	13	13	1	42
358	0	16	14	14	1	44
359	0	16	15	15	1	46
360	0	16	16	16	1	48
361	0	17	0	0	1	17
362	0	17	1	1	1	19
363	0	17	2	2	1	21
364	0	17	3	3	1	23
365	0	17	4	4	1	25
366	0	17	5	5	1	27
367	0	17	6	6	1	29
368	0	17	7	7	1	31
369	0	17	8	8	1	33
370	0	17	9	9	1	35
371	0	17	10	10	1	37
372	0	17	11	11	1	39
373	0	17	12	12	1	41
374	0	17	13	13	1	43
375	0	17	14	14	1	45
376	0	17	15	15	1	47
377	0	17	16	16	1	49
378	0	18	0	0	1	18
379	0	18	1	1	1	20
380	0	18	2	2	1	22
381	0	18	3	3	1	24
382	0	18	4	4	1	26
383	0	18	5	5	1	28
384	0	18	6	6	1	30
385	0	18	7	7	1	32
386	0	18	8	8	1	34
387	0	18	9	9	1	36
388	0	18	10	10	1	38
389	0	18	11	11	1	40
390	0	18	12	12	1	42
391	0	18	13	13	1	44
392	0	18	14	14	1	46
393	0	18	15	15	1	48
394	0	19	0	0	1	19
395	0	19	1	1	1	21
396	0	19	2	2	1	23
397	0	19	3	3	1	25
398	0	19	4	4	1	27
399	0	19	5	5	1	29
400	0	19	6	6	1	31
401	0	19	7	7	1	33
402	0	19	8	8	1	35
403	0	19	9	9	1	37
404	0	19	10	10	1	39
405	0	19	11	11	1	41
406	0	19	12	12	1	43
407	0	19	13	13	1	45
408	0	19	14	14	1	47
409	0	19	15	15	1	49
410	0	20	0	0	1	20
411	0	20	1	1	1	22
412	0	20	2	2	1	24
413	0	20	3	3	1	26
414	0	20	4	4	1	28
415	0	20	5	5	1	30
416	0	20	6	6	1	32
417	0	20	7	7	1	34
418	0	20	8	8	1	36
419	0	20	9	9	1	38
420	0	20	10	10	1	40
421	0	20	11	11	1	42
422	0	20	12	12	1	44
423	0	20	13	13	1	46
424	0	20	14	14	1	48
425	0	21	0	0	1	21
426	0	21	1	1	1	23
427	0	21	2	2	1	25
428	0	21	3	3	1	27
429	0	21	4	4	1	29
430	0	21	5	5	1	31
431	0	21	6	6	1	33
432	0	21	7	7	1	35
433	0	21	8	8	1	37
434	0	21	9	9	1	39
435	0	21	10	10	1	41
436	0	21	11	11	1	43
437	0	21	12	12	1	45
438	0	21	13	13	1	47
439	0	21	14	14	1	49
440	0	22	0	0	1	22
441	0	22	1	1	1	24
442	0	22	2	2	1	26
443	0	22	3	3	1	28
444	0	22	4	4	1	30
445	0	22	5	5	1	32
446	0	22	6	6	1	34
447	0	22	7	7	1	36
448	0	22	8	8	1	38
449	0	22	9	9	1	40
450	0	22	10	10	1	42
451	0	22	11	11	1	44
452	0	22	12	12	1	46
453	0	22	13	13	1	48
454	0	23	0	0	1	23
455	0	23	1	1	1	25
456	0	23	2	2	1	27
457	0	23	3	3	1	29
458	0	23	4	4	1	31
459	0	23	5	5	1	33
460	0	23	6	6	1	35
461	0	23	7	7	1	37
462	0	23	8	8	1	39
463	0	23	9	9	1	41
464	0	23	10	10	1	43
465	0	23	11	11	1	45
466	0	23	12	12	1	47
467	0	23	13	13	1	49
468	0	24	0	0	1	24
469	0	24	1	1	1	26
470	0	24	2	2	1	28
471	0	24	3	3	1	30
472	0	24	4	4	1	32
473	0	24	5	5	1	34
474	0	24	6	6	1	36
475	0	24	7	7	1	38
476	0	24	8	8	1	40
477	0	24	9	9	1	42
478	0	24	10	10	1	44
479	0	24	11	11	1	46
480	0	24	12	12	1	48
481	0	25	0	0	1	25
482	0	25	1	1	1	27
483	0	25	2	2	1	29
484	0	25	3	3	1	31
485	0	25	4	4	1	33
486	0	25	5	5	1	35
487	0	25	6	6	1	37
488	0	25	7	7	1	39
489	0	25	8	8	1	41
490	0	25	9	9	1	43
491	0	25	10	10	1	45
492	0	25	11	11	1	47
493	0	25	12	12	1	49
494	0	26	0	0	1	26
495	0	26	1	1	1	28
496	0	26	2	2	1	30
497	0	26	3	3	1	32
498	0	26	4	4	1	34
499	0	26	5	5	1	36
500	0	26	6	6	1	38
501	0	26	7	7	1	40
502	0	26	8	8	1	42
503	0	26	9	9	1	44
504	0	26	10	10	1	46
505	0	26	11	11	1	48
506	0	27	0	0	1	27
507	0	27	1	1	1	29
508	0	27	2	2	1	31
509	0	27	3	3	1	33
510	0	27	4	4	1	35
511	0	27	5	5	1	37
512	0	27	6	6	1	39
513	0	27	7	7	1	41
514	0	27	8	8	1	43
515	0	27	9	9	1	45
516	0	27	10	10	1	47
517	0	27	11	11	1	49
518	0	28	0	0	1	28
519	0	28	1	1	1	30
520	0	28	2	2	1	32
521	0	28	3	3	1	34
522	0	28	4	4	1	36
523	0	28	5	5	1	38
524	0	28	6	6	1	40
525	0	28	7	7	1	42
526	0	28	8	8	1	44
527	0	28	9	9	1	46
528	0	28	10	10	1	48
529	0	29	0	0	1	29
530	0	29	1	1	1	31
531	0	29	2	2	1	33
532	0	29	3	3	1	35
533	0	29	4	4	1	37
534	0	29	5	5	1	39
535	0	29	6	6	1	41
536	0	29	7	7	1	43
537	0	29	8	8	1	45
538	0	29	9	9	1	47
539	0	29	10	10	1	49
540	0	30	0	0	1	30
541	0	30	1	1	1	32
542	0	30	2	2	1	34
543	0	30	3	3	1	36
544	0	30	4	4	1	38
545	0	30	5	5	1	40
546	0	30	6	6	1	42
547	0	30	7	7	1	44
548	0	30	8	8	1	46
549	0	30	9	9	1	48
550	0	31	0	0	1	31
551	0	31	1	1	1	33
552	0	31	2	2	1	35
553	0	31	3	3	1	37
554	0	31	4	4	1	39
555	0	31	5	5	1	41
556	0	31	6	6	1	43
557	0	31	7	7	1	45
558	0	31	8	8	1	47
559	0	31	9	9	1	49
560	0	32	0	0	1	32
561	0	32	1	1	1	34
562	0	32	2	2	1	36
563	0	32	3	3	1	38
564	0	32	4	4	1	40
565	0	32	5	5	1	42
566	0	32	6	6	1	44
567	0	32	7	7	1	46
568	0	32	8	8	1	48
569	0	33	0	0	1	33
570	0	33	1	1	1	35
571	0	33	2	2	1	37
572	0	33	3	3	1	39
573	0	33	4	4	1	41
574	0	33	5	5	1	43
575	0	33	6	6	1	45
576	0	33	7	7	1	47
577	0	33	8	8	1	49
578	0	34	0	0	1	34
579	0	34	1	1	1	36
580	0	34	2	2	1	38
581	0	34	3	3	1	40
582	0	34	4	4	1	42
583	0	34	5	5	1	44
584	0	34	6	6	1	46
585	0	34	7	7	1	48
586	0	35	0	0	1	35
587	0	35	1	1	1	37
588	0	35	2	2	1	39
589	0	35	3	3	1	41
590	0	35	4	4	1	43
591	0	35	5	5	1	45
592	0	35	6	6	1	47
593	0	35	7	7	1	49
594	0	36	0	0	1	36
595	0	36	1	1	1	38
596	0	36	2	2	1	40
597	0	36	3	3	1	42
598	0	36	4	4	1	44
599	0	36	5	5	1	46
600	0	36	6	6	1	48
601	0	37	0	0	1	37
602	0	37	1	1	1	39
603	0	37	2	2	1	41
604	0	37	3	3	1	43
605	0	37	4	4	1	45
606	0	37	5	5	1	47
607	0	37	6	6	1	49
608	0	38	0	0	1	38
609	0	38	1	1	1	40
610	0	38	2	2	1	42
611	0	38	3	3	1	44
612	0	38	4	4	1	46
613	0	38	5	5	1	48
614	0	39	0	0	1	39
615	0	39	1	1	1	41
616	0	39	2	2	1	43
617	0	39	3	3	1	45
618	0	39	4	4	1	47
619	0	39	5	5	1	49
620	0	40	0	0	1	40
621	0	40	1	1	1	42
622	0	40	2	2	1	44
623	0	40	3	3	1	46
624	0	40	4	4	1	48
625	0	41	0	0	1	41
626	0	41	1	1	1	43
627	0	41	2	2	1	45
628	0	41	3	3	1	47
629	0	41	4	4	1	49
630	0	42	0	0	1	42
631	0	42	1	1	1	44
632	0	42	2	2	1	46
633	0	42	3	3	1	48
634	0	43	0	0	1	43
635	0	43	1	1	1	45
636	0	43	2	2	1	47
637	0	43	3	3	1	49
638	0	44	0	0	1	44
639	0	44	1	1	1	46
640	0	44	2	2	1	48
641	0	45	0	0	1	45
642	0	45	1	1	1	47
643	0	45	2	2	1	49
644	0	46	0	0	1	46
645	0	46	1	1	1	48
646	0	47	0	0	1	47
647	0	47	1	1	1	49
648	0	48	0	0	1	48
649	0	49	0	0	1	49
650	1	0	0	25	262	50
651	1	0	1	26	262	52
652	1	0	2	27	262	54
653	1	0	3	28	262	56
654	1	0	4	29	262	58
655	1	0	5	30	262	60
656	1	0	6	31	262	62
657	1	0	7	32	262	64
658	1	0	8	33	262	66
659	1	0	9	34	262	68
660	1	0	10	35	262	70
661	1	0	11	36	262	72
662	1	0	12	37	262	74
663	1	0	13	38	262	76
664	1	0	14	39	262	78
665	1	0	15	40	262	80
666	1	0	16	41	262	82
667	1	0	17	42	262	84
668	1	0	18	43	262	86
669	1	0	19	44	262	88
670	1	0	20	45	262	90
671	1	0	21	46	262	92
672	1	0	22	47	262	94
673	1	0	23	48	262	96
674	1	0	24	49	262	98
675	1	0	25	50	262	100
676	1	0	26	51	262	102
677	1	0	27	52	262	104
678	1	0	28	53	262	106
679	1	0	29	54	262	108
680	1	0	30	55	262	110
681	1	0	31	56	262	112
682	1	0	32	57	262	114
683	1	0	33	58	262	116
684	1	0	34	59	262	118
685	1	0	35	60	262	120
686	1	1	0	25	262	51
687	1	1	1	26	262	53
688	1	1	2	27	262	55
689	1	1	3	28	262	57
690	1	1	4	29	262	59
691	1	1	5	30	262	61
692	1	1	6	31	262	63
693	1	1	7	32	262	65
694	1	1	8	33	262	67
695	1	1	9	34	262	69
696	1	1	10	35	262	71
697	1	1	11	36	262	73
698	1	1	12	37	262	75
699	1	1	13	38	262	77
700	1	1	14	39	262	79
701	1	1	15	40	262	81
702	1	1	16	41	262	83
703	1	1	17	42	262	85
704	1	1	18	43	262	87
705	1	1	19	44	262	89
706	1	1	20	45	262	91
707	1	1	21	46	262	93
708	1	1	22	47	262	95
709	1	1	23	48	262	97
710	1	1	24	49	262	99
711	1	1	25	50	262	101
712	1	1	26	51	262	103
713	1	1	27	52	262	105
714	1	1	28	53	262	107
715	1	1	29	54	262	109
716	1	1	30	55	262	111
717	1	1	31	56	262	113
718	1	1	32	57	262	115
719	1	1	33	58	262	117
720	1	1	34	59	262	119
721	1	2	0	24	1	50
722	1	2	1	25	1	52
723	1	2	2	26	1	54
724	1	2	3	27	1	56
725	1	2	4	28	1	58
726	1	2	5	29	1	60
727	1	2	6	30	1	62
728	1	2	7	31	1	64
729	1	2	8	32	1	66
730	1	2	9	33	1	68
731	1	2	10	34	1	70
732	1	2	11	35	1	72
733	1	2	12	36	1	74
734	1	2	13	37	1	76
735	1	2	14	38	1	78
736	1	2	15	39	1	80
737	1	2	16	40	1	82
738	1	2	17	41	1	84
739	1	2	18	42	1	86
740	1	2	19	43	1	88
741	1	2	20	44	1	90
742	1	2	21	45	1	92
743	1	2	22	46	1	94
744	1	2	23	47	1	96
745	1	2	24	48	1	98
746	1	2	25	49	1	100
747	1	2	26	50	1	102
748	1	2	27	51	1	104
749	1	2	28	52	1	106
750	1	2	29	53	1	108
751	1	2	30	54	1	110
752	1	2	31	55	1	112
753	1	2	32	56	1	114
754	1	2	33	57	1	116
755	1	3	0	24	1	51
756	1	3	1	25	1	53
757	1	3	2	26	1	55
758	1	3	3	27	1	57
759	1	3	4	28	1	59
760	1	3	5	29	1	61
761	1	3	6	30	1	63
762	1	3	7	31	1	65
763	1	3	8	32	1	67
764	1	3	9	33	1	69
765	1	3	10	34	1	71
766	1	3	11	35	1	73
767	1	3	12	36	1	75
768	1	3	13	37	1	77
769	1	3	14	38	1	79
770	1	3	15	39	1	81
771	1	3	16	40	1	83
772	1	3	17	41	1	85
773	1	3	18	42	1	87
774	1	3	19	43	1	89
775	1	3	20	44	1	91
776	1	3	21	45	1	93
777	1	3	22	46	1	95
778	1	3	23	47	1	97
779	1	3	24	48	1	99
780	1	3	25	49	1	101
781	1	3	26	50	1	103
782	1	3	27	51	1	105
783	1	3	28	52	1	107
784	1	3	29	53	1	109
785	1	3	30	54	1	111
786	1	3	31	55	1	113
787	1	3	32	56	1	115
788	1	4	0	23	262	50
789	1	4	1	24	262	52
790	1	4	2	25	262	54
791	1	4	3	26	262	56
792	1	4	4	27	262	58
793	1	4	5	28	262	60
794	1	4	6	29	262	62
795	1	4	7	30	262	64
796	1	4	8	31	262	66
797	1	4	9	32	262	68
798	1	4	10	33	262	70
799	1	4	11	34	262	72
800	1	4	12	35	262	74
801	1	4	13	36	262	76
802	1	4	14	37	262	78
803	1	4	15	38	262	80
804	1	4	16	39	262	82
805	1	4	17	40	262	84
806	1	4	18	41	262	86
807	1	4	19	42	262	88
808	1	4	20	43	262	90
809	1	4	21	44	262	92
810	1	4	22	45	262	94
811	1	4	23	46	262	96
812	1	4	24	47	262	98
813	1	4	25	48	262	100
814	1	4	26	49	262	102
815	1	4	27	50	262	104
816	1	4	28	51	262	106
817	1	4	29	52	262	108
818	1	4	30	53	262	110
819	1	4	31	54	262	112
820	1	5	0	23	262	51
821	1	5	1	24	262	53
822	1	5	2	25	262	55
823	1	5	3	26	262	57
824	1	5	4	27	262	59
825	1	5	5	28	262	61
826	1	5	6	29	262	63
827	1	5	7	30	262	65
828	1	5	8	31	262	67
829	1	5	9	32	262	69
830	1	5	10	33	262	71
831	1	5	11	34	262	73
832	1	5	12	35	262	75
833	1	5	13	36	262	77
834	1	5	14	37	262	79
835	1	5	15	38	262	81
836	1	5	16	39	262	83
837	1	5	17	40	262	85
838	1	5	18	41	262	87
839	1	5	19	42	262	89
840	1	5	20	43	262	91
841	1	5	21	44	262	93
842	1	5	22	45	262	95
843	1	5	23	46	262	97
844	1	5	24	47	262	99
845	1	5	25	48	262	101
846	1	5	26	49	262	103
847	1	5	27	50	262	105
848	1	5	28	51	262	107
849	1	5	29	52	262	109
850	1	5	30	53	262	111
851	1	6	0	22	1	50
852	1	6	1	23	1	52
853	1	6	2	24	1	54
854	1	6	3	25	1	56
855	1	6	4	26	1	58
856	1	6	5	27	1	60
857	1	6	6	28	1	62
858	1	6	7	29	1	64
859	1	6	8	30	1	66
860	1	6	9	31	1	68
861	1	6	10	32	1	70
862	1	6	11	33	1	72
863	1	6	12	34	1	74
864	1	6	13	35	1	76
865	1	6	14	36	1	78
866	1	6	15	37	1	80
867	1	6	16	38	1	82
868	1	6	17	39	1	84
869	1	6	18	40	1	86
870	1	6	19	41	1	88
871	1	6	20	42	1	90
872	1	6	21	43	1	92
873	1	6	22	44	1	94
874	1	6	23	45	1	96
875	1	6	24	46	1	98
876	1	6	25	47	1	100
877	1	6	26	48	1	102
878	1	6	27	49	1	104
879	1	6	28	50	1	106
880	1	6	29	51	1	108
881	1	7	0	22	1	51
882	1	7	1	23	1	53
883	1	7	2	24	1	55
884	1	7	3	25	1	57
885	1	7	4	26	1	59
886	1	7	5	27	1	61
887	1	7	6	28	1	63
888	1	7	7	29	1	65
889	1	7	8	30	1	67
890	1	7	9	31	1	69
891	1	7	10	32	1	71
892	1	7	11	33	1	73
893	1	7	12	34	1	75
894	1	7	13	35	1	77
895	1	7	14	36	1	79
896	1	7	15	37	1	81
897	1	7	16	38	1	83
898	1	7	17	39	1	85
899	1	7	18	40	1	87
900	1	7	19	41	1	89
901	1	7	20	42	1	91
902	1	7	21	43	1	93
903	1	7	22	44	1	95
904	1	7	23	45	1	97
905	1	7	24	46	1	99
906	1	7	25	47	1	101
907	1	7	26	48	1	103
908	1	7	27	49	1	105
909	1	7	28	50	1	107
910	1	8	0	21	262	50
911	1	8	1	22	262	52
912	1	8	2	23	262	54
913	1	8	3	24	262	56
914	1	8	4	25	262	58
915	1	8	5	26	262	60
916	1	8	6	27	262	62
917	1	8	7	28	262	64
918	1	8	8	29	262	66
919	1	8	9	30	262	68
920	1	8	10	31	262	70
921	1	8	11	32	262	72
922	1	8	12	33	262	74
923	1	8	13	34	262	76
924	1	8	14	35	262	78
925	1	8	15	36	262	80
926	1	8	16	37	262	82
927	1	8	17	38	262	84
928	1	8	18	39	262	86
929	1	8	19	40	262	88
930	1	8	20	41	262	90
931	1	8	21	42	262	92
932	1	8	22	43	262	94
933	1	8	23	44	262	96
934	1	8	24	45	262	98
935	1	8	25	46	262	100
936	1	8	26	47	262	102
937	1	8	27	48	262	104
938	1	9	0	21	262	51
939	1	9	1	22	262	53
940	1	9	2	23	262	55
941	1	9	3	24	262	57
942	1	9	4	25	262	59
943	1	9	5	26	262	61
944	1	9	6	27	262	63
945	1	9	7	28	262	65
946	1	9	8	29	262	67
947	1	9	9	30	262	69
948	1	9	10	31	262	71
949	1	9	11	32	262	73
950	1	9	12	33	262	75
951	1	9	13	34	262	77
952	1	9	14	35	262	79
953	1	9	15	36	262	81
954	1	9	16	37	262	83
955	1	9	17	38	262	85
956	1	9	18	39	262	87
957	1	9	19	40	262	89
958	1	9	20	41	262	91
959	1	9	21	42	262	93
960	1	9	22	43	262	95
961	1	9	23	44	262	97
962	1	9	24	45	262	99
963	1	9	25	46	262	101
964	1	9	26	47	262	103
965	1	10	0	20	1	50
966	1	10	1	21	1	52
967	1	10	2	22	1	54
968	1	10	3	23	1	56
969	1	10	4	24	1	58
970	1	10	5	25	1	60
971	1	10	6	26	1	62
972	1	10	7	27	1	64
973	1	10	8	28	1	66
974	1	10	9	29	1	68
975	1	10	10	30	1	70
976	1	10	11	31	1	72
977	1	10	12	32	1	74
978	1	10	13	33	1	76
979	1	10	14	34	1	78
980	1	10	15	35	1	80
981	1	10	16	36	1	82
982	1	10	17	37	1	84
983	1	10	18	38	1	86
984	1	10	19	39	1	88
985	1	10	20	40	1	90
986	1	10	21	41	1	92
987	1	10	22	42	1	94
988	1	10	23	43	1	96
989	1	10	24	44	1	98
990	1	10	25	45	1	100
991	1	11	0	20	1	51
992	1	11	1	21	1	53
993	1	11	2	22	1	55
994	1	11	3	23	1	57
995	1	11	4	24	1	59
996	1	11	5	25	1	61
997	1	11	6	26	1	63
998	1	11	7	27	1	65
999	1	11	8	28	1	67
1000	1	11	9	29	1	69
1001	1	11	10	30	1	71
1002	1	11	11	31	1	73
1003	1	11	12	32	1	75
1004	1	11	13	33	1	77
1005	1	11	14	34	1	79
1006	1	11	15	35	1	81
1007	1	11	16	36	1	83
1008	1	11	17	37	1	85
1009	1	11	18	38	1	87
1010	1	11	19	39	1	89
1011	1	11	20	40	1	91
1012	1	11	21	41	1	93
1013	1	11	22	42	1	95
1014	1	11	23	43	1	97
1015	1	11	24	44	1	99
1016	1	12	0	19	262	50
1017	1	12	1	20	262	52
1018	1	12	2	21	262	54
1019	1	12	3	22	262	56
1020	1	12	4	23	262	58
1021	1	12	5	24	262	60
1022	1	12	6	25	262	62
1023	1	12	7	26	262	64
1024	1	12	8	27	262	66
1025	1	12	9	28	262	68
1026	1	12	10	29	262	70
1027	1	12	11	30	262	72
1028	1	12	12	31	262	74
1029	1	12	13	32	262	76
1030	1	12	14	33	262	78
1031	1	12	15	34	262	80
1032	1	12	16	35	262	82
1033	1	12	17	36	262	84
1034	1	12	18	37	262	86
1035	1	12	19	38	262	88
1036	1	12	20	39	262	90
1037	1	12	21	40	262	92
1038	1	12	22	41	262	94
1039	1	12	23	42	262	96
1040	1	13	0	19	262	51
1041	1	13	1	20	262	53
1042	1	13	2	21	262	55
1043	1	13	3	22	262	57
1044	1	13	4	23	262	59
1045	1	13	5	24	262	61
1046	1	13	6	25	262	63
1047	1	13	7	26	262	65
1048	1	13	8	27	262	67
1049	1	13	9	28	262	69
1050	1	13	10	29	262	71
1051	1	13	11	30	262	73
1052	1	13	12	31	262	75
1053	1	13	13	32	262	77
1054	1	13	14	33	262	79
1055	1	13	15	34	262	81
1056	1	13	16	35	262	83
1057	1	13	17	36	262	85
1058	1	13	18	37	262	87
1059	1	13	19	38	262	89
1060	1	13	20	39	262	91
1061	1	13	21	40	262	93
1062	1	13	22	41	262	95
1063	1	14	0	18	1	50
1064	1	14	1	19	1	52
1065	1	14	2	20	1	54
1066	1	14	3	21	1	56
1067	1	14	4	22	1	58
1068	1	14	5	23	1	60
1069	1	14	6	24	1	62
1070	1	14	7	25	1	64
1071	1	14	8	26	1	66
1072	1	14	9	27	1	68
1073	1	14	10	28	1	70
1074	1	14	11	29	1	72
1075	1	14	12	30	1	74
1076	1	14	13	31	1	76
1077	1	14	14	32	1	78
1078	1	14	15	33	1	80
1079	1	14	16	34	1	82
1080	1	14	17	35	1	84
1081	1	14	18	36	1	86
1082	1	14	19	37	1	88
1083	1	14	20	38	1	90
1084	1	14	21	39	1	92
1085	1	15	0	18	1	51
1086	1	15	1	19	1	53
1087	1	15	2	20	1	55
1088	1	15	3	21	1	57
1089	1	15	4	22	1	59
1090	1	15	5	23	1	61
1091	1	15	6	24	1	63
1092	1	15	7	25	1	65
1093	1	15	8	26	1	67
1094	1	15	9	27	1	69
1095	1	15	10	28	1	71
1096	1	15	11	29	1	73
1097	1	15	12	30	1	75
1098	1	15	13	31	1	77
1099	1	15	14	32	1	79
1100	1	15	15	33	1	81
1101	1	15	16	34	1	83
1102	1	15	17	35	1	85
1103	1	15	18	36	1	87
1104	1	15	19	37	1	89
1105	1	15	20	38	1	91
1106	1	16	0	17	262	50
1107	1	16	1	18	262	52
1108	1	16	2	19	262	54
1109	1	16	3	20	262	56
1110	1	16	4	21	262	58
1111	1	16	5	22	262	60
1112	1	16	6	23	262	62
1113	1	16	7	24	262	64
1114	1	16	8	25	262	66
1115	1	16	9	26	262	68
1116	1	16	10	27	262	70
1117	1	16	11	28	262	72
1118	1	16	12	29	262	74
1119	1	16	13	30	262	76
1120	1	16	14	31	262	78
1121	1	16	15	32	262	80
1122	1	16	16	33	262	82
1123	1	16	17	34	262	84
1124	1	16	18	35	262	86
1125	1	16	19	36	262	88
1126	1	17	0	17	262	51
1127	1	17	1	18	262	53
1128	1	17	2	19	262	55
1129	1	17	3	20	262	57
1130	1	17	4	21	262	59
1131	1	17	5	22	262	61
1132	1	17	6	23	262	63
1133	1	17	7	24	262	65
1134	1	17	8	25	262	67
1135	1	17	9	26	262	69
1136	1	17	10	27	262	71
1137	1	17	11	28	262	73
1138	1	17	12	29	262	75
1139	1	17	13	30	262	77
1140	1	17	14	31	262	79
1141	1	17	15	32	262	81
1142	1	17	16	33	262	83
1143	1	17	17	34	262	85
1144	1	17	18	35	262	87
1145	1	18	0	16	1	50
1146	1	18	1	17	1	52
1147	1	18	2	18	1	54
1148	1	18	3	19	1	56
1149	1	18	4	20	1	58
1150	1	18	5	21	1	60
1151	1	18	6	22	1	62
1152	1	18	7	23	1	64
1153	1	18	8	24	1	66
1154	1	18	9	25	1	68
1155	1	18	10	26	1	70
1156	1	18	11	27	1	72
1157	1	18	12	28	1	74
1158	1	18	13	29	1	76
1159	1	18	14	30	1	78
1160	1	18	15	31	1	80
1161	1	18	16	32	1	82
1162	1	18	17	33	1	84
1163	1	19	0	16	1	51
1164	1	19	1	17	1	53
1165	1	19	2	18	1	55
1166	1	19	3	19	1	57
1167	1	19	4	20	1	59
1168	1	19	5	21	1	61
1169	1	19	6	22	1	63
1170	1	19	7	23	1	65
1171	1	19	8	24	1	67
1172	1	19	9	25	1	69
1173	1	19	10	26	1	71
1174	1	19	11	27	1	73
1175	1	19	12	28	1	75
1176	1	19	13	29	1	77
1177	1	19	14	30	1	79
1178	1	19	15	31	1	81
1179	1	19	16	32	1	83
1180	1	20	0	15	262	50
1181	1	20	1	16	262	52
1182	1	20	2	17	262	54
1183	1	20	3	18	262	56
1184	1	20	4	19	262	58
1185	1	20	5	20	262	60
1186	1	20	6	21	262	62
1187	1	20	7	22	262	64
1188	1	20	8	23	262	66
1189	1	20	9	24	262	68
1190	1	20	10	25	262	70
1191	1	20	11	26	262	72
1192	1	20	12	27	262	74
1193	1	20	13	28	262	76
1194	1	20	14	29	262	78
1195	1	20	15	30	262	80
1196	1	21	0	15	262	51
1197	1	21	1	16	262	53
1198	1	21	2	17	262	55
1199	1	21	3	18	262	57
1200	1	21	4	19	262	59
1201	1	21	5	20	262	61
1202	1	21	6	21	262	63
1203	1	21	7	22	262	65
1204	1	21	8	23	262	67
1205	1	21	9	24	262	69
1206	1	21	10	25	262	71
1207	1	21	11	26	262	73
1208	1	21	12	27	262	75
1209	1	21	13	28	262	77
1210	1	21	14	29	262	79
1211	1	22	0	14	1	50
1212	1	22	1	15	1	52
1213	1	22	2	16	1	54
1214	1	22	3	17	1	56
1215	1	22	4	18	1	58
1216	1	22	5	19	1	60
1217	1	22	6	20	1	62
1218	1	22	7	21	1	64
1219	1	22	8	22	1	66
1220	1	22	9	23	1	68
1221	1	22	10	24	1	70
1222	1	22	11	25	1	72
1223	1	22	12	26	1	74
1224	1	22	13	27	1	76
1225	1	23	0	14	1	51
1226	1	23	1	15	1	53
1227	1	23	2	16	1	55
1228	1	23	3	17	1	57
1229	1	23	4	18	1	59
1230	1	23	5	19	1	61
1231	1	23	6	20	1	63
1232	1	23	7	21	1	65
1233	1	23	8	22	1	67
1234	1	23	9	23	1	69
1235	1	23	10	24	1	71
1236	1	23	11	25	1	73
1237	1	23	12	26	1	75
1238	1	24	0	13	262	50
1239	1	24	1	14	262	52
1240	1	24	2	15	262	54
1241	1	24	3	16	262	56
1242	1	24	4	17	262	58
1243	1	24	5	18	262	60
1244	1	24	6	19	262	62
1245	1	24	7	20	262	64
1246	1	24	8	21	262	66
1247	1	24	9	22	262	68
1248	1	24	10	23	262	70
1249	1	24	11	24	262	72
1250	1	25	0	13	262	51
1251	1	25	1	14	262	53
1252	1	25	2	15	262	55
1253	1	25	3	16	262	57
1254	1	25	4	17	262	59
1255	1	25	5	18	262	61
1256	1	25	6	19	262	63
1257	1	25	7	20	262	65
1258	1	25	8	21	262	67
1259	1	25	9	22	262	69
1260	1	25	10	23	262	71
1261	1	26	0	12	1	50
1262	1	26	1	13	1	52
1263	1	26	2	14	1	54
1264	1	26	3	15	1	56
1265	1	26	4	16	1	58
1266	1	26	5	17	1	60
1267	1	26	6	18	1	62
1268	1	26	7	19	1	64
1269	1	26	8	20	1	66
1270	1	26	9	21	1	68
1271	1	27	0	12	1	51
1272	1	27	1	13	1	53
1273	1	27	2	14	1	55
1274	1	27	3	15	1	57
1275	1	27	4	16	1	59
1276	1	27	5	17	1	61
1277	1	27	6	18	1	63
1278	1	27	7	19	1	65
1279	1	27	8	20	1	67
1280	1	28	0	11	262	50
1281	1	28	1	12	262	52
1282	1	28	2	13	262	54
1283	1	28	3	14	262	56
1284	1	28	4	15	262	58
1285	1	28	5	16	262	60
1286	1	28	6	17	262	62
1287	1	28	7	18	262	64
1288	1	29	0	11	262	51
1289	1	29	1	12	262	53
1290	1	29	2	13	262	55
1291	1	29	3	14	262	57
1292	1	29	4	15	262	59
1293	1	29	5	16	262	61
1294	1	29	6	17	262	63
1295	1	30	0	10	1	50
1296	1	30	1	11	1	52
1297	1	30	2	12	1	54
1298	1	30	3	13	1	56
1299	1	30	4	14	1	58
1300	1	30	5	15	1	60
1301	1	31	0	10	1	51
1302	1	31	1	11	1	53
1303	1	31	2	12	1	55
1304	1	31	3	13	1	57
1305	1	31	4	14	1	59
1306	1	32	0	9	262	50
1307	1	32	1	10	262	52
1308	1	32	2	11	262	54
1309	1	32	3	12	262	56
1310	1	33	0	9	262	51
1311	1	33	1	10	262	53
1312	1	33	2	11	262	55
1313	1	34	0	8	1	50
1314	1	34	1	9	1	52
1315	1	35	0	8	1	51
1316	2	0	0	61	160	122
1317	2	0	1	62	160	124
1318	2	0	2	63	160	126
1319	2	0	3	64	160	128
1320	2	0	4	65	160	130
1321	2	0	5	66	160	132
1322	2	0	6	67	160	134
1323	2	0	7	68	160	136
1324	2	0	8	69	160	138
1325	2	0	9	70	160	140
1326	2	0	10	71	160	142
1327	2	0	11	72	160	144
1328	2	0	12	73	160	146
1329	2	0	13	74	160	148
1330	2	0	14	75	160	150
1331	2	0	15	76	160	152
1332	2	0	16	77	160	154
1333	2	0	17	78	160	156
1334	2	0	18	79	160	158
1335	2	0	19	80	160	160
1336	2	0	20	81	160	162
1337	2	0	21	82	160	164
1338	2	0	22	83	160	166
1339	2	0	23	84	160	168
1340	2	0	24	85	160	170
1341	2	0	25	86	160	172
1342	2	0	26	87	160	174
1343	2	0	27	88	160	176
1344	2	0	28	89	160	178
1345	2	0	29	90	160	180
1346	2	1	0	60	122	121
1347	2	1	1	61	122	123
1348	2	1	2	62	122	125
1349	2	1	3	63	122	127
1350	2	1	4	64	122	129
1351	2	1	5	65	122	131
1352	2	1	6	66	122	133
1353	2	1	7	67	122	135
1354	2	1	8	68	122	137
1355	2	1	9	69	122	139
1356	2	1	10	70	122	141
1357	2	1	11	71	122	143
1358	2	1	12	72	122	145
1359	2	1	13	73	122	147
1360	2	1	14	74	122	149
1361	2	1	15	75	122	151
1362	2	1	16	76	122	153
1363	2	1	17	77	122	155
1364	2	1	18	78	122	157
1365	2	1	19	79	122	159
1366	2	1	20	80	122	161
1367	2	1	21	81	122	163
1368	2	1	22	82	122	165
1369	2	1	23	83	122	167
1370	2	1	24	84	122	169
1371	2	1	25	85	122	171
1372	2	1	26	86	122	173
1373	2	1	27	87	122	175
1374	2	1	28	88	122	177
1375	2	2	0	58	54	118
1376	2	2	1	59	54	120
1377	2	2	2	60	54	122
1378	2	2	3	61	54	124
1379	2	2	4	62	54	126
1380	2	2	5	63	54	128
1381	2	2	6	64	54	130
1382	2	2	7	65	54	132
1383	2	2	8	66	54	134
1384	2	2	9	67	54	136
1385	2	2	10	68	54	138
1386	2	2	11	69	54	140
1387	2	2	12	70	54	142
1388	2	2	13	71	54	144
1389	2	2	14	72	54	146
1390	2	2	15	73	54	148
1391	2	2	16	74	54	150
1392	2	2	17	75	54	152
1393	2	2	18	76	54	154
1394	2	2	19	77	54	156
1395	2	2	20	78	54	158
1396	2	2	21	79	54	160
1397	2	2	22	80	54	162
1398	2	2	23	81	54	164
1399	2	2	24	82	54	166
1400	2	2	25	83	54	168
1401	2	2	26	84	54	170
1402	2	2	27	85	54	172
1403	2	3	0	57	245	117
1404	2	3	1	58	245	119
1405	2	3	2	59	245	121
1406	2	3	3	60	245	123
1407	2	3	4	61	245	125
1408	2	3	5	62	245	127
1409	2	3	6	63	245	129
1410	2	3	7	64	245	131
1411	2	3	8	65	245	133
1412	2	3	9	66	245	135
1413	2	3	10	67	245	137
1414	2	3	11	68	245	139
1415	2	3	12	69	245	141
1416	2	3	13	70	245	143
1417	2	3	14	71	245	145
1418	2	3	15	72	245	147
1419	2	3	16	73	245	149
1420	2	3	17	74	245	151
1421	2	3	18	75	245	153
1422	2	3	19	76	245	155
1423	2	3	20	77	245	157
1424	2	3	21	78	245	159
1425	2	3	22	79	245	161
1426	2	3	23	80	245	163
1427	2	3	24	81	245	165
1428	2	3	25	82	245	167
1429	2	3	26	83	245	169
1430	2	4	0	55	130	114
1431	2	4	1	56	130	116
1432	2	4	2	57	130	118
1433	2	4	3	58	130	120
1434	2	4	4	59	130	122
1435	2	4	5	60	130	124
1436	2	4	6	61	130	126
1437	2	4	7	62	130	128
1438	2	4	8	63	130	130
1439	2	4	9	64	130	132
1440	2	4	10	65	130	134
1441	2	4	11	66	130	136
1442	2	4	12	67	130	138
1443	2	4	13	68	130	140
1444	2	4	14	69	130	142
1445	2	4	15	70	130	144
1446	2	4	16	71	130	146
1447	2	4	17	72	130	148
1448	2	4	18	73	130	150
1449	2	4	19	74	130	152
1450	2	4	20	75	130	154
1451	2	4	21	76	130	156
1452	2	4	22	77	130	158
1453	2	4	23	78	130	160
1454	2	4	24	79	130	162
1455	2	4	25	80	130	164
1456	2	5	0	54	132	113
1457	2	5	1	55	132	115
1458	2	5	2	56	132	117
1459	2	5	3	57	132	119
1460	2	5	4	58	132	121
1461	2	5	5	59	132	123
1462	2	5	6	60	132	125
1463	2	5	7	61	132	127
1464	2	5	8	62	132	129
1465	2	5	9	63	132	131
1466	2	5	10	64	132	133
1467	2	5	11	65	132	135
1468	2	5	12	66	132	137
1469	2	5	13	67	132	139
1470	2	5	14	68	132	141
1471	2	5	15	69	132	143
1472	2	5	16	70	132	145
1473	2	5	17	71	132	147
1474	2	5	18	72	132	149
1475	2	5	19	73	132	151
1476	2	5	20	74	132	153
1477	2	5	21	75	132	155
1478	2	5	22	76	132	157
1479	2	5	23	77	132	159
1480	2	5	24	78	132	161
1481	2	6	0	52	11	110
1482	2	6	1	53	11	112
1483	2	6	2	54	11	114
1484	2	6	3	55	11	116
1485	2	6	4	56	11	118
1486	2	6	5	57	11	120
1487	2	6	6	58	11	122
1488	2	6	7	59	11	124
1489	2	6	8	60	11	126
1490	2	6	9	61	11	128
1491	2	6	10	62	11	130
1492	2	6	11	63	11	132
1493	2	6	12	64	11	134
1494	2	6	13	65	11	136
1495	2	6	14	66	11	138
1496	2	6	15	67	11	140
1497	2	6	16	68	11	142
1498	2	6	17	69	11	144
1499	2	6	18	70	11	146
1500	2	6	19	71	11	148
1501	2	6	20	72	11	150
1502	2	6	21	73	11	152
1503	2	6	22	74	11	154
1504	2	6	23	75	11	156
1505	2	7	0	51	84	109
1506	2	7	1	52	84	111
1507	2	7	2	53	84	113
1508	2	7	3	54	84	115
1509	2	7	4	55	84	117
1510	2	7	5	56	84	119
1511	2	7	6	57	84	121
1512	2	7	7	58	84	123
1513	2	7	8	59	84	125
1514	2	7	9	60	84	127
1515	2	7	10	61	84	129
1516	2	7	11	62	84	131
1517	2	7	12	63	84	133
1518	2	7	13	64	84	135
1519	2	7	14	65	84	137
1520	2	7	15	66	84	139
1521	2	7	16	67	84	141
1522	2	7	17	68	84	143
1523	2	7	18	69	84	145
1524	2	7	19	70	84	147
1525	2	7	20	71	84	149
1526	2	7	21	72	84	151
1527	2	7	22	73	84	153
1528	2	8	0	49	7	106
1529	2	8	1	50	7	108
1530	2	8	2	51	7	110
1531	2	8	3	52	7	112
1532	2	8	4	53	7	114
1533	2	8	5	54	7	116
1534	2	8	6	55	7	118
1535	2	8	7	56	7	120
1536	2	8	8	57	7	122
1537	2	8	9	58	7	124
1538	2	8	10	59	7	126
1539	2	8	11	60	7	128
1540	2	8	12	61	7	130
1541	2	8	13	62	7	132
1542	2	8	14	63	7	134
1543	2	8	15	64	7	136
1544	2	8	16	65	7	138
1545	2	8	17	66	7	140
1546	2	8	18	67	7	142
1547	2	8	19	68	7	144
1548	2	8	20	69	7	146
1549	2	8	21	70	7	148
1550	2	9	0	48	173	105
1551	2	9	1	49	173	107
1552	2	9	2	50	173	109
1553	2	9	3	51	173	111
1554	2	9	4	52	173	113
1555	2	9	5	53	173	115
1556	2	9	6	54	173	117
1557	2	9	7	55	173	119
1558	2	9	8	56	173	121
1559	2	9	9	57	173	123
1560	2	9	10	58	173	125
1561	2	9	11	59	173	127
1562	2	9	12	60	173	129
1563	2	9	13	61	173	131
1564	2	9	14	62	173	133
1565	2	9	15	63	173	135
1566	2	9	16	64	173	137
1567	2	9	17	65	173	139
1568	2	9	18	66	173	141
1569	2	9	19	67	173	143
1570	2	9	20	68	173	145
1571	2	10	0	46	124	102
1572	2	10	1	47	124	104
1573	2	10	2	48	124	106
1574	2	10	3	49	124	108
1575	2	10	4	50	124	110
1576	2	10	5	51	124	112
1577	2	10	6	52	124	114
1578	2	10	7	53	124	116
1579	2	10	8	54	124	118
1580	2	10	9	55	124	120
1581	2	10	10	56	124	122
1582	2	10	11	57	124	124
1583	2	10	12	58	124	126
1584	2	10	13	59	124	128
1585	2	10	14	60	124	130
1586	2	10	15	61	124	132
1587	2	10	16	62	124	134
1588	2	10	17	63	124	136
1589	2	10	18	64	124	138
1590	2	10	19	65	124	140
1591	2	11	0	45	134	101
1592	2	11	1	46	134	103
1593	2	11	2	47	134	105
1594	2	11	3	48	134	107
1595	2	11	4	49	134	109
1596	2	11	5	50	134	111
1597	2	11	6	51	134	113
1598	2	11	7	52	134	115
1599	2	11	8	53	134	117
1600	2	11	9	54	134	119
1601	2	11	10	55	134	121
1602	2	11	11	56	134	123
1603	2	11	12	57	134	125
1604	2	11	13	58	134	127
1605	2	11	14	59	134	129
1606	2	11	15	60	134	131
1607	2	11	16	61	134	133
1608	2	11	17	62	134	135
1609	2	11	18	63	134	137
1610	2	12	0	43	55	98
1611	2	12	1	44	55	100
1612	2	12	2	45	55	102
1613	2	12	3	46	55	104
1614	2	12	4	47	55	106
1615	2	12	5	48	55	108
1616	2	12	6	49	55	110
1617	2	12	7	50	55	112
1618	2	12	8	51	55	114
1619	2	12	9	52	55	116
1620	2	12	10	53	55	118
1621	2	12	11	54	55	120
1622	2	12	12	55	55	122
1623	2	12	13	56	55	124
1624	2	12	14	57	55	126
1625	2	12	15	58	55	128
1626	2	12	16	59	55	130
1627	2	12	17	60	55	132
1628	2	13	0	42	157	97
1629	2	13	1	43	157	99
1630	2	13	2	44	157	101
1631	2	13	3	45	157	103
1632	2	13	4	46	157	105
1633	2	13	5	47	157	107
1634	2	13	6	48	157	109
1635	2	13	7	49	157	111
1636	2	13	8	50	157	113
1637	2	13	9	51	157	115
1638	2	13	10	52	157	117
1639	2	13	11	53	157	119
1640	2	13	12	54	157	121
1641	2	13	13	55	157	123
1642	2	13	14	56	157	125
1643	2	13	15	57	157	127
1644	2	13	16	58	157	129
1645	2	14	0	40	35	94
1646	2	14	1	41	35	96
1647	2	14	2	42	35	98
1648	2	14	3	43	35	100
1649	2	14	4	44	35	102
1650	2	14	5	45	35	104
1651	2	14	6	46	35	106
1652	2	14	7	47	35	108
1653	2	14	8	48	35	110
1654	2	14	9	49	35	112
1655	2	14	10	50	35	114
1656	2	14	11	51	35	116
1657	2	14	12	52	35	118
1658	2	14	13	53	35	120
1659	2	14	14	54	35	122
1660	2	14	15	55	35	124
1661	2	15	0	39	76	93
1662	2	15	1	40	76	95
1663	2	15	2	41	76	97
1664	2	15	3	42	76	99
1665	2	15	4	43	76	101
1666	2	15	5	44	76	103
1667	2	15	6	45	76	105
1668	2	15	7	46	76	107
1669	2	15	8	47	76	109
1670	2	15	9	48	76	111
1671	2	15	10	49	76	113
1672	2	15	11	50	76	115
1673	2	15	12	51	76	117
1674	2	15	13	52	76	119
1675	2	15	14	53	76	121
1676	2	16	0	37	94	90
1677	2	16	1	38	94	92
1678	2	16	2	39	94	94
1679	2	16	3	40	94	96
1680	2	16	4	41	94	98
1681	2	16	5	42	94	100
1682	2	16	6	43	94	102
1683	2	16	7	44	94	104
1684	2	16	8	45	94	106
1685	2	16	9	46	94	108
1686	2	16	10	47	94	110
1687	2	16	11	48	94	112
1688	2	16	12	49	94	114
1689	2	16	13	50	94	116
1690	2	17	0	36	144	89
1691	2	17	1	37	144	91
1692	2	17	2	38	144	93
1693	2	17	3	39	144	95
1694	2	17	4	40	144	97
1695	2	17	5	41	144	99
1696	2	17	6	42	144	101
1697	2	17	7	43	144	103
1698	2	17	8	44	144	105
1699	2	17	9	45	144	107
1700	2	17	10	46	144	109
1701	2	17	11	47	144	111
1702	2	17	12	48	144	113
1703	2	18	0	34	12	86
1704	2	18	1	35	12	88
1705	2	18	2	36	12	90
1706	2	18	3	37	12	92
1707	2	18	4	38	12	94
1708	2	18	5	39	12	96
1709	2	18	6	40	12	98
1710	2	18	7	41	12	100
1711	2	18	8	42	12	102
1712	2	18	9	43	12	104
1713	2	18	10	44	12	106
1714	2	18	11	45	12	108
1715	2	19	0	33	259	85
1716	2	19	1	34	259	87
1717	2	19	2	35	259	89
1718	2	19	3	36	259	91
1719	2	19	4	37	259	93
1720	2	19	5	38	259	95
1721	2	19	6	39	259	97
1722	2	19	7	40	259	99
1723	2	19	8	41	259	101
1724	2	19	9	42	259	103
1725	2	19	10	43	259	105
1726	2	20	0	31	175	82
1727	2	20	1	32	175	84
1728	2	20	2	33	175	86
1729	2	20	3	34	175	88
1730	2	20	4	35	175	90
1731	2	20	5	36	175	92
1732	2	20	6	37	175	94
1733	2	20	7	38	175	96
1734	2	20	8	39	175	98
1735	2	20	9	40	175	100
1736	2	21	0	30	117	81
1737	2	21	1	31	117	83
1738	2	21	2	32	117	85
1739	2	21	3	33	117	87
1740	2	21	4	34	117	89
1741	2	21	5	35	117	91
1742	2	21	6	36	117	93
1743	2	21	7	37	117	95
1744	2	21	8	38	117	97
1745	2	22	0	28	207	78
1746	2	22	1	29	207	80
1747	2	22	2	30	207	82
1748	2	22	3	31	207	84
1749	2	22	4	32	207	86
1750	2	22	5	33	207	88
1751	2	22	6	34	207	90
1752	2	22	7	35	207	92
1753	2	23	0	27	194	77
1754	2	23	1	28	194	79
1755	2	23	2	29	194	81
1756	2	23	3	30	194	83
1757	2	23	4	31	194	85
1758	2	23	5	32	194	87
1759	2	23	6	33	194	89
1760	2	24	0	25	60	74
1761	2	24	1	26	60	76
1762	2	24	2	27	60	78
1763	2	24	3	28	60	80
1764	2	24	4	29	60	82
1765	2	24	5	30	60	84
1766	2	25	0	24	243	73
1767	2	25	1	25	243	75
1768	2	25	2	26	243	77
1769	2	25	3	27	243	79
1770	2	25	4	28	243	81
1771	2	26	0	22	86	70
1772	2	26	1	23	86	72
1773	2	26	2	24	86	74
1774	2	26	3	25	86	76
1775	2	27	0	21	59	69
1776	2	27	1	22	59	71
1777	2	27	2	23	59	73
1778	2	28	0	19	246	66
1779	2	28	1	20	246	68
1780	2	29	0	18	181	65
1781	3	0	0	91	56	182
1782	3	0	1	92	56	184
1783	3	0	2	93	56	186
1784	3	0	3	94	56	188
1785	3	0	4	95	56	190
1786	3	0	5	96	56	192
1787	3	0	6	97	56	194
1788	3	0	7	98	56	196
1789	3	0	8	99	56	198
1790	3	0	9	100	56	200
1791	3	0	10	101	56	202
1792	3	0	11	102	56	204
1793	3	0	12	103	56	206
1794	3	0	13	104	56	208
1795	3	0	14	105	56	210
1796	3	0	15	106	56	212
1797	3	0	16	107	56	214
1798	3	0	17	108	56	216
1799	3	0	18	109	56	218
1800	3	0	19	110	56	220
1801	3	0	20	111	56	222
1802	3	0	21	112	56	224
1803	3	0	22	113	56	226
1804	3	0	23	114	56	228
1805	3	0	24	115	56	230
1806	3	1	0	89	54	179
1807	3	1	1	90	54	181
1808	3	1	2	91	54	183
1809	3	1	3	92	54	185
1810	3	1	4	93	54	187
1811	3	1	5	94	54	189
1812	3	1	6	95	54	191
1813	3	1	7	96	54	193
1814	3	1	8	97	54	195
1815	3	1	9	98	54	197
1816	3	1	10	99	54	199
1817	3	1	11	100	54	201
1818	3	1	12	101	54	203
1819	3	1	13	102	54	205
1820	3	1	14	103	54	207
1821	3	1	15	104	54	209
1822	3	1	16	105	54	211
1823	3	1	17	106	54	213
1824	3	1	18	107	54	215
1825	3	1	19	108	54	217
1826	3	1	20	109	54	219
1827	3	1	21	110	54	221
1828	3	1	22	111	54	223
1829	3	1	23	112	54	225
1830	3	2	0	86	13	174
1831	3	2	1	87	13	176
1832	3	2	2	88	13	178
1833	3	2	3	89	13	180
1834	3	2	4	90	13	182
1835	3	2	5	91	13	184
1836	3	2	6	92	13	186
1837	3	2	7	93	13	188
1838	3	2	8	94	13	190
1839	3	2	9	95	13	192
1840	3	2	10	96	13	194
1841	3	2	11	97	13	196
1842	3	2	12	98	13	198
1843	3	2	13	99	13	200
1844	3	2	14	100	13	202
1845	3	2	15	101	13	204
1846	3	2	16	102	13	206
1847	3	2	17	103	13	208
1848	3	2	18	104	13	210
1849	3	2	19	105	13	212
1850	3	2	20	106	13	214
1851	3	2	21	107	13	216
1852	3	2	22	108	13	218
1853	3	3	0	84	191	171
1854	3	3	1	85	191	173
1855	3	3	2	86	191	175
1856	3	3	3	87	191	177
1857	3	3	4	88	191	179
1858	3	3	5	89	191	181
1859	3	3	6	90	191	183
1860	3	3	7	91	191	185
1861	3	3	8	92	191	187
1862	3	3	9	93	191	189
1863	3	3	10	94	191	191
1864	3	3	11	95	191	193
1865	3	3	12	96	191	195
1866	3	3	13	97	191	197
1867	3	3	14	98	191	199
1868	3	3	15	99	191	201
1869	3	3	16	100	191	203
1870	3	3	17	101	191	205
1871	3	3	18	102	191	207
1872	3	3	19	103	191	209
1873	3	3	20	104	191	211
1874	3	3	21	105	191	213
1875	3	4	0	81	158	166
1876	3	4	1	82	158	168
1877	3	4	2	83	158	170
1878	3	4	3	84	158	172
1879	3	4	4	85	158	174
1880	3	4	5	86	158	176
1881	3	4	6	87	158	178
1882	3	4	7	88	158	180
1883	3	4	8	89	158	182
1884	3	4	9	90	158	184
1885	3	4	10	91	158	186
1886	3	4	11	92	158	188
1887	3	4	12	93	158	190
1888	3	4	13	94	158	192
1889	3	4	14	95	158	194
1890	3	4	15	96	158	196
1891	3	4	16	97	158	198
1892	3	4	17	98	158	200
1893	3	4	18	99	158	202
1894	3	4	19	100	158	204
1895	3	4	20	101	158	206
1896	3	5	0	79	96	163
1897	3	5	1	80	96	165
1898	3	5	2	81	96	167
1899	3	5	3	82	96	169
1900	3	5	4	83	96	171
1901	3	5	5	84	96	173
1902	3	5	6	85	96	175
1903	3	5	7	86	96	177
1904	3	5	8	87	96	179
1905	3	5	9	88	96	181
1906	3	5	10	89	96	183
1907	3	5	11	90	96	185
1908	3	5	12	91	96	187
1909	3	5	13	92	96	189
1910	3	5	14	93	96	191
1911	3	5	15	94	96	193
1912	3	5	16	95	96	195
1913	3	5	17	96	96	197
1914	3	5	18	97	96	199
1915	3	5	19	98	96	201
1916	3	6	0	76	140	158
1917	3	6	1	77	140	160
1918	3	6	2	78	140	162
1919	3	6	3	79	140	164
1920	3	6	4	80	140	166
1921	3	6	5	81	140	168
1922	3	6	6	82	140	170
1923	3	6	7	83	140	172
1924	3	6	8	84	140	174
1925	3	6	9	85	140	176
1926	3	6	10	86	140	178
1927	3	6	11	87	140	180
1928	3	6	12	88	140	182
1929	3	6	13	89	140	184
1930	3	6	14	90	140	186
1931	3	6	15	91	140	188
1932	3	6	16	92	140	190
1933	3	6	17	93	140	192
1934	3	6	18	94	140	194
1935	3	7	0	74	135	155
1936	3	7	1	75	135	157
1937	3	7	2	76	135	159
1938	3	7	3	77	135	161
1939	3	7	4	78	135	163
1940	3	7	5	79	135	165
1941	3	7	6	80	135	167
1942	3	7	7	81	135	169
1943	3	7	8	82	135	171
1944	3	7	9	83	135	173
1945	3	7	10	84	135	175
1946	3	7	11	85	135	177
1947	3	7	12	86	135	179
1948	3	7	13	87	135	181
1949	3	7	14	88	135	183
1950	3	7	15	89	135	185
1951	3	7	16	90	135	187
1952	3	7	17	91	135	189
1953	3	8	0	71	164	150
1954	3	8	1	72	164	152
1955	3	8	2	73	164	154
1956	3	8	3	74	164	156
1957	3	8	4	75	164	158
1958	3	8	5	76	164	160
1959	3	8	6	77	164	162
1960	3	8	7	78	164	164
1961	3	8	8	79	164	166
1962	3	8	9	80	164	168
1963	3	8	10	81	164	170
1964	3	8	11	82	164	172
1965	3	8	12	83	164	174
1966	3	8	13	84	164	176
1967	3	8	14	85	164	178
1968	3	8	15	86	164	180
1969	3	8	16	87	164	182
1970	3	9	0	69	83	147
1971	3	9	1	70	83	149
1972	3	9	2	71	83	151
1973	3	9	3	72	83	153
1974	3	9	4	73	83	155
1975	3	9	5	74	83	157
1976	3	9	6	75	83	159
1977	3	9	7	76	83	161
1978	3	9	8	77	83	163
1979	3	9	9	78	83	165
1980	3	9	10	79	83	167
1981	3	9	11	80	83	169
1982	3	9	12	81	83	171
1983	3	9	13	82	83	173
1984	3	9	14	83	83	175
1985	3	9	15	84	83	177
1986	3	10	0	66	132	142
1987	3	10	1	67	132	144
1988	3	10	2	68	132	146
1989	3	10	3	69	132	148
1990	3	10	4	70	132	150
1991	3	10	5	71	132	152
1992	3	10	6	72	132	154
1993	3	10	7	73	132	156
1994	3	10	8	74	132	158
1995	3	10	9	75	132	160
1996	3	10	10	76	132	162
1997	3	10	11	77	132	164
1998	3	10	12	78	132	166
1999	3	10	13	79	132	168
2000	3	10	14	80	132	170
2001	3	11	0	64	240	139
2002	3	11	1	65	240	141
2003	3	11	2	66	240	143
2004	3	11	3	67	240	145
2005	3	11	4	68	240	147
2006	3	11	5	69	240	149
2007	3	11	6	70	240	151
2008	3	11	7	71	240	153
2009	3	11	8	72	240	155
2010	3	11	9	73	240	157
2011	3	11	10	74	240	159
2012	3	11	11	75	240	161
2013	3	11	12	76	240	163
2014	3	11	13	77	240	165
2015	3	12	0	61	87	134
2016	3	12	1	62	87	136
2017	3	12	2	63	87	138
2018	3	12	3	64	87	140
2019	3	12	4	65	87	142
2020	3	12	5	66	87	144
2021	3	12	6	67	87	146
2022	3	12	7	68	87	148
2023	3	12	8	69	87	150
2024	3	12	9	70	87	152
2025	3	12	10	71	87	154
2026	3	12	11	72	87	156
2027	3	12	12	73	87	158
2028	3	13	0	59	206	131
2029	3	13	1	60	206	133
2030	3	13	2	61	206	135
2031	3	13	3	62	206	137
2032	3	13	4	63	206	139
2033	3	13	5	64	206	141
2034	3	13	6	65	206	143
2035	3	13	7	66	206	145
2036	3	13	8	67	206	147
2037	3	13	9	68	206	149
2038	3	13	10	69	206	151
2039	3	13	11	70	206	153
2040	3	14	0	56	147	126
2041	3	14	1	57	147	128
2042	3	14	2	58	147	130
2043	3	14	3	59	147	132
2044	3	14	4	60	147	134
2045	3	14	5	61	147	136
2046	3	14	6	62	147	138
2047	3	14	7	63	147	140
2048	3	14	8	64	147	142
2049	3	14	9	65	147	144
2050	3	14	10	66	147	146
2051	3	15	0	54	76	123
2052	3	15	1	55	76	125
2053	3	15	2	56	76	127
2054	3	15	3	57	76	129
2055	3	15	4	58	76	131
2056	3	15	5	59	76	133
2057	3	15	6	60	76	135
2058	3	15	7	61	76	137
2059	3	15	8	62	76	139
2060	3	15	9	63	76	141
2061	3	16	0	51	67	118
2062	3	16	1	52	67	120
2063	3	16	2	53	67	122
2064	3	16	3	54	67	124
2065	3	16	4	55	67	126
2066	3	16	5	56	67	128
2067	3	16	6	57	67	130
2068	3	16	7	58	67	132
2069	3	16	8	59	67	134
2070	3	17	0	49	74	115
2071	3	17	1	50	74	117
2072	3	17	2	51	74	119
2073	3	17	3	52	74	121
2074	3	17	4	53	74	123
2075	3	17	5	54	74	125
2076	3	17	6	55	74	127
2077	3	17	7	56	74	129
2078	3	18	0	46	86	110
2079	3	18	1	47	86	112
2080	3	18	2	48	86	114
2081	3	18	3	49	86	116
2082	3	18	4	50	86	118
2083	3	18	5	51	86	120
2084	3	18	6	52	86	122
2085	3	19	0	44	252	107
2086	3	19	1	45	252	109
2087	3	19	2	46	252	111
2088	3	19	3	47	252	113
2089	3	19	4	48	252	115
2090	3	19	5	49	252	117
2091	3	20	0	41	236	102
2092	3	20	1	42	236	104
2093	3	20	2	43	236	106
2094	3	20	3	44	236	108
2095	3	20	4	45	236	110
2096	3	21	0	39	190	99
2097	3	21	1	40	190	101
2098	3	21	2	41	190	103
2099	3	21	3	42	190	105
2100	3	22	0	36	36	94
2101	3	22	1	37	36	96
2102	3	22	2	38	36	98
2103	3	23	0	34	185	91
2104	3	23	1	35	185	93
2105	3	24	0	31	215	86
2106	4	0	0	116	7	232
2107	4	0	1	117	7	234
2108	4	0	2	118	7	236
2109	4	0	3	119	7	238
2110	4	0	4	120	7	240
2111	4	0	5	121	7	242
2112	4	0	6	122	7	244
2113	4	0	7	123	7	246
2114	4	0	8	124	7	248
2115	4	0	9	125	7	250
2116	4	0	10	126	7	252
2117	4	0	11	127	7	254
2118	4	0	12	128	7	256
2119	4	0	13	129	7	258
2120	4	0	14	130	7	260
2121	4	0	15	131	7	262
2122	4	0	16	132	7	264
2123	4	0	17	133	7	266
2124	4	0	18	134	7	268
2125	4	0	19	135	7	270
2126	4	0	20	136	7	272
2127	4	0	21	137	7	274
2128	4	1	0	113	244	227
2129	4	1	1	114	244	229
2130	4	1	2	115	244	231
2131	4	1	3	116	244	233
2132	4	1	4	117	244	235
2133	4	1	5	118	244	237
2134	4	1	6	119	244	239
2135	4	1	7	120	244	241
2136	4	1	8	121	244	243
2137	4	1	9	122	244	245
2138	4	1	10	123	244	247
2139	4	1	11	124	244	249
2140	4	1	12	125	244	251
2141	4	1	13	126	244	253
2142	4	1	14	127	244	255
2143	4	1	15	128	244	257
2144	4	1	16	129	244	259
2145	4	1	17	130	244	261
2146	4	1	18	131	244	263
2147	4	1	19	132	244	265
2148	4	1	20	133	244	267
2149	4	2	0	109	32	220
2150	4	2	1	110	32	222
2151	4	2	2	111	32	224
2152	4	2	3	112	32	226
2153	4	2	4	113	32	228
2154	4	2	5	114	32	230
2155	4	2	6	115	32	232
2156	4	2	7	116	32	234
2157	4	2	8	117	32	236
2158	4	2	9	118	32	238
2159	4	2	10	119	32	240
2160	4	2	11	120	32	242
2161	4	2	12	121	32	244
2162	4	2	13	122	32	246
2163	4	2	14	123	32	248
2164	4	2	15	124	32	250
2165	4	2	16	125	32	252
2166	4	2	17	126	32	254
2167	4	2	18	127	32	256
2168	4	2	19	128	32	258
2169	4	3	0	106	101	215
2170	4	3	1	107	101	217
2171	4	3	2	108	101	219
2172	4	3	3	109	101	221
2173	4	3	4	110	101	223
2174	4	3	5	111	101	225
2175	4	3	6	112	101	227
2176	4	3	7	113	101	229
2177	4	3	8	114	101	231
2178	4	3	9	115	101	233
2179	4	3	10	116	101	235
2180	4	3	11	117	101	237
2181	4	3	12	118	101	239
2182	4	3	13	119	101	241
2183	4	3	14	120	101	243
2184	4	3	15	121	101	245
2185	4	3	16	122	101	247
2186	4	3	17	123	101	249
2187	4	3	18	124	101	251
2188	4	4	0	102	259	208
2189	4	4	1	103	259	210
2190	4	4	2	104	259	212
2191	4	4	3	105	259	214
2192	4	4	4	106	259	216
2193	4	4	5	107	259	218
2194	4	4	6	108	259	220
2195	4	4	7	109	259	222
2196	4	4	8	110	259	224
2197	4	4	9	111	259	226
2198	4	4	10	112	259	228
2199	4	4	11	113	259	230
2200	4	4	12	114	259	232
2201	4	4	13	115	259	234
2202	4	4	14	116	259	236
2203	4	4	15	117	259	238
2204	4	4	16	118	259	240
2205	4	4	17	119	259	242
2206	4	5	0	99	86	203
2207	4	5	1	100	86	205
2208	4	5	2	101	86	207
2209	4	5	3	102	86	209
2210	4	5	4	103	86	211
2211	4	5	5	104	86	213
2212	4	5	6	105	86	215
2213	4	5	7	106	86	217
2214	4	5	8	107	86	219
2215	4	5	9	108	86	221
2216	4	5	10	109	86	223
2217	4	5	11	110	86	225
2218	4	5	12	111	86	227
2219	4	5	13	112	86	229
2220	4	5	14	113	86	231
2221	4	5	15	114	86	233
2222	4	5	16	115	86	235
2223	4	6	0	95	132	196
2224	4	6	1	96	132	198
2225	4	6	2	97	132	200
2226	4	6	3	98	132	202
2227	4	6	4	99	132	204
2228	4	6	5	100	132	206
2229	4	6	6	101	132	208
2230	4	6	7	102	132	210
2231	4	6	8	103	132	212
2232	4	6	9	104	132	214
2233	4	6	10	105	132	216
2234	4	6	11	106	132	218
2235	4	6	12	107	132	220
2236	4	6	13	108	132	222
2237	4	6	14	109	132	224
2238	4	6	15	110	132	226
2239	4	7	0	92	55	191
2240	4	7	1	93	55	193
2241	4	7	2	94	55	195
2242	4	7	3	95	55	197
2243	4	7	4	96	55	199
2244	4	7	5	97	55	201
2245	4	7	6	98	55	203
2246	4	7	7	99	55	205
2247	4	7	8	100	55	207
2248	4	7	9	101	55	209
2249	4	7	10	102	55	211
2250	4	7	11	103	55	213
2251	4	7	12	104	55	215
2252	4	7	13	105	55	217
2253	4	7	14	106	55	219
2254	4	8	0	88	115	184
2255	4	8	1	89	115	186
2256	4	8	2	90	115	188
2257	4	8	3	91	115	190
2258	4	8	4	92	115	192
2259	4	8	5	93	115	194
2260	4	8	6	94	115	196
2261	4	8	7	95	115	198
2262	4	8	8	96	115	200
2263	4	8	9	97	115	202
2264	4	8	10	98	115	204
2265	4	8	11	99	115	206
2266	4	8	12	100	115	208
2267	4	8	13	101	115	210
2268	4	9	0	85	26	179
2269	4	9	1	86	26	181
2270	4	9	2	87	26	183
2271	4	9	3	88	26	185
2272	4	9	4	89	26	187
2273	4	9	5	90	26	189
2274	4	9	6	91	26	191
2275	4	9	7	92	26	193
2276	4	9	8	93	26	195
2277	4	9	9	94	26	197
2278	4	9	10	95	26	199
2279	4	9	11	96	26	201
2280	4	9	12	97	26	203
2281	4	10	0	81	150	172
2282	4	10	1	82	150	174
2283	4	10	2	83	150	176
2284	4	10	3	84	150	178
2285	4	10	4	85	150	180
2286	4	10	5	86	150	182
2287	4	10	6	87	150	184
2288	4	10	7	88	150	186
2289	4	10	8	89	150	188
2290	4	10	9	90	150	190
2291	4	10	10	91	150	192
2292	4	10	11	92	150	194
2293	4	11	0	78	194	167
2294	4	11	1	79	194	169
2295	4	11	2	80	194	171
2296	4	11	3	81	194	173
2297	4	11	4	82	194	175
2298	4	11	5	83	194	177
2299	4	11	6	84	194	179
2300	4	11	7	85	194	181
2301	4	11	8	86	194	183
2302	4	11	9	87	194	185
2303	4	11	10	88	194	187
2304	4	12	0	74	47	160
2305	4	12	1	75	47	162
2306	4	12	2	76	47	164
2307	4	12	3	77	47	166
2308	4	12	4	78	47	168
2309	4	12	5	79	47	170
2310	4	12	6	80	47	172
2311	4	12	7	81	47	174
2312	4	12	8	82	47	176
2313	4	12	9	83	47	178
2314	4	13	0	71	173	155
2315	4	13	1	72	173	157
2316	4	13	2	73	173	159
2317	4	13	3	74	173	161
2318	4	13	4	75	173	163
2319	4	13	5	76	173	165
2320	4	13	6	77	173	167
2321	4	13	7	78	173	169
2322	4	13	8	79	173	171
2323	4	14	0	67	27	148
2324	4	14	1	68	27	150
2325	4	14	2	69	27	152
2326	4	14	3	70	27	154
2327	4	14	4	71	27	156
2328	4	14	5	72	27	158
2329	4	14	6	73	27	160
2330	4	14	7	74	27	162
2331	4	15	0	64	77	143
2332	4	15	1	65	77	145
2333	4	15	2	66	77	147
2334	4	15	3	67	77	149
2335	4	15	4	68	77	151
2336	4	15	5	69	77	153
2337	4	15	6	70	77	155
2338	4	16	0	60	161	136
2339	4	16	1	61	161	138
2340	4	16	2	62	161	140
2341	4	16	3	63	161	142
2342	4	16	4	64	161	144
2343	4	16	5	65	161	146
2344	4	17	0	57	89	131
2345	4	17	1	58	89	133
2346	4	17	2	59	89	135
2347	4	17	3	60	89	137
2348	4	17	4	61	89	139
2349	4	18	0	53	210	124
2350	4	18	1	54	210	126
2351	4	18	2	55	210	128
2352	4	18	3	56	210	130
2353	4	19	0	50	219	119
2354	4	19	1	51	219	121
2355	4	19	2	52	219	123
2356	4	20	0	46	171	112
2357	4	20	1	47	171	114
2358	4	21	0	43	137	107
2359	5	0	0	0	1	50
2360	5	0	1	1	1	50
2361	5	0	2	2	1	50
2362	5	0	3	3	1	50
2363	5	0	4	4	1	50
2364	5	0	5	5	1	50
2365	5	0	6	6	1	50
2366	5	0	7	7	1	50
2367	5	0	8	8	1	52
2368	5	0	9	9	262	53
2369	5	0	10	10	1	54
2370	5	0	11	11	1	56
2371	5	0	12	12	262	57
2372	5	0	13	13	1	58
2373	5	0	14	14	1	60
2374	5	0	15	15	262	61
2375	5	0	16	16	1	62
2376	5	0	17	17	1	64
2377	5	0	18	18	1	66
2378	5	0	19	19	262	67
2379	5	0	20	20	262	69
2380	5	0	21	21	1	70
2381	5	0	22	22	1	72
2382	5	0	23	23	1	74
2383	5	0	24	24	262	75
2384	5	0	25	25	262	77
2385	5	0	26	26	1	78
2386	5	0	27	27	1	80
2387	5	0	28	28	1	82
2388	5	0	29	29	262	83
2389	5	0	30	30	262	85
2390	5	0	31	31	262	87
2391	5	0	32	32	1	88
2392	5	0	33	33	1	90
2393	5	0	34	34	1	92
2394	5	0	35	35	1	94
2395	5	0	36	36	262	95
2396	5	0	37	37	262	97
2397	5	0	38	38	262	99
2398	5	0	39	39	1	100
2399	5	0	40	40	1	102
2400	5	0	41	41	1	104
2401	5	0	42	42	1	106
2402	5	1	0	0	1	51
2403	5	1	1	1	1	51
2404	5	1	2	2	1	51
2405	5	1	3	3	1	51
2406	5	1	4	4	1	51
2407	5	1	5	5	1	51
2408	5	1	6	6	1	51
2409	5	1	7	7	1	51
2410	5	1	8	8	1	53
2411	5	1	9	9	262	54
2412	5	1	10	10	1	55
2413	5	1	11	11	1	57
2414	5	1	12	12	262	58
2415	5	1	13	13	1	59
2416	5	1	14	14	1	61
2417	5	1	15	15	262	62
2418	5	1	16	16	1	63
2419	5	1	17	17	1	65
2420	5	1	18	18	1	67
2421	5	1	19	19	262	68
2422	5	1	20	20	262	70
2423	5	1	21	21	1	71
2424	5	1	22	22	1	73
2425	5	1	23	23	1	75
2426	5	1	24	24	262	76
2427	5	1	25	25	262	78
2428	5	1	26	26	1	79
2429	5	1	27	27	1	81
2430	5	1	28	28	1	83
2431	5	1	29	29	262	84
2432	5	1	30	30	262	86
2433	5	1	31	31	262	88
2434	5	1	32	32	1	89
2435	5	1	33	33	1	91
2436	5	1	34	34	1	93
2437	5	1	35	35	1	95
2438	5	1	36	36	262	96
2439	5	1	37	37	262	98
2440	5	1	38	38	262	100
2441	5	1	39	39	1	101
2442	5	1	40	40	1	103
2443	5	1	41	41	1	105
2444	5	2	0	0	1	52
2445	5	2	1	1	1	52
2446	5	2	2	2	1	52
2447	5	2	3	3	1	52
2448	5	2	4	4	1	52
2449	5	2	5	5	1	52
2450	5	2	6	6	1	52
2451	5	2	7	7	1	52
2452	5	2	8	8	1	54
2453	5	2	9	9	262	55
2454	5	2	10	10	1	56
2455	5	2	11	11	1	58
2456	5	2	12	12	262	59
2457	5	2	13	13	1	60
2458	5	2	14	14	1	62
2459	5	2	15	15	262	63
2460	5	2	16	16	1	64
2461	5	2	17	17	1	66
2462	5	2	18	18	1	68
2463	5	2	19	19	262	69
2464	5	2	20	20	262	71
2465	5	2	21	21	1	72
2466	5	2	22	22	1	74
2467	5	2	23	23	1	76
2468	5	2	24	24	262	77
2469	5	2	25	25	262	79
2470	5	2	26	26	1	80
2471	5	2	27	27	1	82
2472	5	2	28	28	1	84
2473	5	2	29	29	262	85
2474	5	2	30	30	262	87
2475	5	2	31	31	262	89
2476	5	2	32	32	1	90
2477	5	2	33	33	1	92
2478	5	2	34	34	1	94
2479	5	2	35	35	1	96
2480	5	2	36	36	262	97
2481	5	2	37	37	262	99
2482	5	2	38	38	262	101
2483	5	2	39	39	1	102
2484	5	2	40	40	1	104
2485	5	3	0	0	1	53
2486	5	3	1	1	1	53
2487	5	3	2	2	1	53
2488	5	3	3	3	1	53
2489	5	3	4	4	1	53
2490	5	3	5	5	1	53
2491	5	3	6	6	1	53
2492	5	3	7	7	1	53
2493	5	3	8	8	1	55
2494	5	3	9	9	262	56
2495	5	3	10	10	1	57
2496	5	3	11	11	1	59
2497	5	3	12	12	262	60
2498	5	3	13	13	1	61
2499	5	3	14	14	1	63
2500	5	3	15	15	262	64
2501	5	3	16	16	1	65
2502	5	3	17	17	1	67
2503	5	3	18	18	1	69
2504	5	3	19	19	262	70
2505	5	3	20	20	262	72
2506	5	3	21	21	1	73
2507	5	3	22	22	1	75
2508	5	3	23	23	1	77
2509	5	3	24	24	262	78
2510	5	3	25	25	262	80
2511	5	3	26	26	1	81
2512	5	3	27	27	1	83
2513	5	3	28	28	1	85
2514	5	3	29	29	262	86
2515	5	3	30	30	262	88
2516	5	3	31	31	262	90
2517	5	3	32	32	1	91
2518	5	3	33	33	1	93
2519	5	3	34	34	1	95
2520	5	3	35	35	1	97
2521	5	3	36	36	262	98
2522	5	3	37	37	262	100
2523	5	3	38	38	262	102
2524	5	3	39	39	1	103
2525	5	4	0	0	1	54
2526	5	4	1	1	1	54
2527	5	4	2	2	1	54
2528	5	4	3	3	1	54
2529	5	4	4	4	1	54
2530	5	4	5	5	1	54
2531	5	4	6	6	1	54
2532	5	4	7	7	1	54
2533	5	4	8	8	1	56
2534	5	4	9	9	262	57
2535	5	4	10	10	1	58
2536	5	4	11	11	1	60
2537	5	4	12	12	262	61
2538	5	4	13	13	1	62
2539	5	4	14	14	1	64
2540	5	4	15	15	262	65
2541	5	4	16	16	1	66
2542	5	4	17	17	1	68
2543	5	4	18	18	1	70
2544	5	4	19	19	262	71
2545	5	4	20	20	262	73
2546	5	4	21	21	1	74
2547	5	4	22	22	1	76
2548	5	4	23	23	1	78
2549	5	4	24	24	262	79
2550	5	4	25	25	262	81
2551	5	4	26	26	1	82
2552	5	4	27	27	1	84
2553	5	4	28	28	1	86
2554	5	4	29	29	262	87
2555	5	4	30	30	262	89
2556	5	4	31	31	262	91
2557	5	4	32	32	1	92
2558	5	4	33	33	1	94
2559	5	4	34	34	1	96
2560	5	4	35	35	1	98
2561	5	4	36	36	262	99
2562	5	4	37	37	262	101
2563	5	4	38	38	262	103
2564	5	5	0	0	1	55
2565	5	5	1	1	1	55
2566	5	5	2	2	1	55
2567	5	5	3	3	1	55
2568	5	5	4	4	1	55
2569	5	5	5	5	1	55
2570	5	5	6	6	1	55
2571	5	5	7	7	1	55
2572	5	5	8	8	1	57
2573	5	5	9	9	262	58
2574	5	5	10	10	1	59
2575	5	5	11	11	1	61
2576	5	5	12	12	262	62
2577	5	5	13	13	1	63
2578	5	5	14	14	1	65
2579	5	5	15	15	262	66
2580	5	5	16	16	1	67
2581	5	5	17	17	1	69
2582	5	5	18	18	1	71
2583	5	5	19	19	262	72
2584	5	5	20	20	262	74
2585	5	5	21	21	1	75
2586	5	5	22	22	1	77
2587	5	5	23	23	1	79
2588	5	5	24	24	262	80
2589	5	5	25	25	262	82
2590	5	5	26	26	1	83
2591	5	5	27	27	1	85
2592	5	5	28	28	1	87
2593	5	5	29	29	262	88
2594	5	5	30	30	262	90
2595	5	5	31	31	262	92
2596	5	5	32	32	1	93
2597	5	5	33	33	1	95
2598	5	5	34	34	1	97
2599	5	5	35	35	1	99
2600	5	5	36	36	262	100
2601	5	5	37	37	262	102
2602	5	6	0	0	1	56
2603	5	6	1	1	1	56
2604	5	6	2	2	1	56
2605	5	6	3	3	1	56
2606	5	6	4	4	1	56
2607	5	6	5	5	1	56
2608	5	6	6	6	1	56
2609	5	6	7	7	1	56
2610	5	6	8	8	1	58
2611	5	6	9	9	262	59
2612	5	6	10	10	1	60
2613	5	6	11	11	1	62
2614	5	6	12	12	262	63
2615	5	6	13	13	1	64
2616	5	6	14	14	1	66
2617	5	6	15	15	262	67
2618	5	6	16	16	1	68
2619	5	6	17	17	1	70
2620	5	6	18	18	1	72
2621	5	6	19	19	262	73
2622	5	6	20	20	262	75
2623	5	6	21	21	1	76
2624	5	6	22	22	1	78
2625	5	6	23	23	1	80
2626	5	6	24	24	262	81
2627	5	6	25	25	262	83
2628	5	6	26	26	1	84
2629	5	6	27	27	1	86
2630	5	6	28	28	1	88
2631	5	6	29	29	262	89
2632	5	6	30	30	262	91
2633	5	6	31	31	262	93
2634	5	6	32	32	1	94
2635	5	6	33	33	1	96
2636	5	6	34	34	1	98
2637	5	6	35	35	1	100
2638	5	6	36	36	262	101
2639	5	7	0	0	1	57
2640	5	7	1	1	1	57
2641	5	7	2	2	1	57
2642	5	7	3	3	1	57
2643	5	7	4	4	1	57
2644	5	7	5	5	1	57
2645	5	7	6	6	1	57
2646	5	7	7	7	1	57
2647	5	7	8	8	1	59
2648	5	7	9	9	262	60
2649	5	7	10	10	1	61
2650	5	7	11	11	1	63
2651	5	7	12	12	262	64
2652	5	7	13	13	1	65
2653	5	7	14	14	1	67
2654	5	7	15	15	262	68
2655	5	7	16	16	1	69
2656	5	7	17	17	1	71
2657	5	7	18	18	1	73
2658	5	7	19	19	262	74
2659	5	7	20	20	262	76
2660	5	7	21	21	1	77
2661	5	7	22	22	1	79
2662	5	7	23	23	1	81
2663	5	7	24	24	262	82
2664	5	7	25	25	262	84
2665	5	7	26	26	1	85
2666	5	7	27	27	1	87
2667	5	7	28	28	1	89
2668	5	7	29	29	262	90
2669	5	7	30	30	262	92
2670	5	7	31	31	262	94
2671	5	7	32	32	1	95
2672	5	7	33	33	1	97
2673	5	7	34	34	1	99
2674	5	7	35	35	1	101
2675	5	8	0	0	1	58
2676	5	8	1	1	1	58
2677	5	8	2	2	1	58
2678	5	8	3	3	1	58
2679	5	8	4	4	1	58
2680	5	8	5	5	1	58
2681	5	8	6	6	1	58
2682	5	8	7	7	1	58
2683	5	8	8	8	1	60
2684	5	8	9	9	262	61
2685	5	8	10	10	1	62
2686	5	8	11	11	1	64
2687	5	8	12	12	262	65
2688	5	8	13	13	1	66
2689	5	8	14	14	1	68
2690	5	8	15	15	262	69
2691	5	8	16	16	1	70
2692	5	8	17	17	1	72
2693	5	8	18	18	1	74
2694	5	8	19	19	262	75
2695	5	8	20	20	262	77
2696	5	8	21	21	1	78
2697	5	8	22	22	1	80
2698	5	8	23	23	1	82
2699	5	8	24	24	262	83
2700	5	8	25	25	262	85
2701	5	8	26	26	1	86
2702	5	8	27	27	1	88
2703	5	8	28	28	1	90
2704	5	8	29	29	262	91
2705	5	8	30	30	262	93
2706	5	8	31	31	262	95
2707	5	8	32	32	1	96
2708	5	8	33	33	1	98
2709	5	8	34	34	1	100
2710	5	9	0	0	1	59
2711	5	9	1	1	1	59
2712	5	9	2	2	1	59
2713	5	9	3	3	1	59
2714	5	9	4	4	1	59
2715	5	9	5	5	1	59
2716	5	9	6	6	1	59
2717	5	9	7	7	1	59
2718	5	9	8	8	1	61
2719	5	9	9	9	262	62
2720	5	9	10	10	1	63
2721	5	9	11	11	1	65
2722	5	9	12	12	262	66
2723	5	9	13	13	1	67
2724	5	9	14	14	1	69
2725	5	9	15	15	262	70
2726	5	9	16	16	1	71
2727	5	9	17	17	1	73
2728	5	9	18	18	1	75
2729	5	9	19	19	262	76
2730	5	9	20	20	262	78
2731	5	9	21	21	1	79
2732	5	9	22	22	1	81
2733	5	9	23	23	1	83
2734	5	9	24	24	262	84
2735	5	9	25	25	262	86
2736	5	9	26	26	1	87
2737	5	9	27	27	1	89
2738	5	9	28	28	1	91
2739	5	9	29	29	262	92
2740	5	9	30	30	262	94
2741	5	9	31	31	262	96
2742	5	9	32	32	1	97
2743	5	9	33	33	1	99
2744	5	10	0	0	1	60
2745	5	10	1	1	1	60
2746	5	10	2	2	1	60
2747	5	10	3	3	1	60
2748	5	10	4	4	1	60
2749	5	10	5	5	1	60
2750	5	10	6	6	1	60
2751	5	10	7	7	1	60
2752	5	10	8	8	1	62
2753	5	10	9	9	262	63
2754	5	10	10	10	1	64
2755	5	10	11	11	1	66
2756	5	10	12	12	262	67
2757	5	10	13	13	1	68
2758	5	10	14	14	1	70
2759	5	10	15	15	262	71
2760	5	10	16	16	1	72
2761	5	10	17	17	1	74
2762	5	10	18	18	1	76
2763	5	10	19	19	262	77
2764	5	10	20	20	262	79
2765	5	10	21	21	1	80
2766	5	10	22	22	1	82
2767	5	10	23	23	1	84
2768	5	10	24	24	262	85
2769	5	10	25	25	262	87
2770	5	10	26	26	1	88
2771	5	10	27	27	1	90
2772	5	10	28	28	1	92
2773	5	10	29	29	262	93
2774	5	10	30	30	262	95
2775	5	10	31	31	262	97
2776	5	10	32	32	1	98
2777	5	11	0	0	1	61
2778	5	11	1	1	1	61
2779	5	11	2	2	1	61
2780	5	11	3	3	1	61
2781	5	11	4	4	1	61
2782	5	11	5	5	1	61
2783	5	11	6	6	1	61
2784	5	11	7	7	1	61
2785	5	11	8	8	1	63
2786	5	11	9	9	262	64
2787	5	11	10	10	1	65
2788	5	11	11	11	1	67
2789	5	11	12	12	262	68
2790	5	11	13	13	1	69
2791	5	11	14	14	1	71
2792	5	11	15	15	262	72
2793	5	11	16	16	1	73
2794	5	11	17	17	1	75
2795	5	11	18	18	1	77
2796	5	11	19	19	262	78
2797	5	11	20	20	262	80
2798	5	11	21	21	1	81
2799	5	11	22	22	1	83
2800	5	11	23	23	1	85
2801	5	11	24	24	262	86
2802	5	11	25	25	262	88
2803	5	11	26	26	1	89
2804	5	11	27	27	1	91
2805	5	11	28	28	1	93
2806	5	11	29	29	262	94
2807	5	11	30	30	262	96
2808	5	11	31	31	262	98
2809	5	12	0	0	1	62
2810	5	12	1	1	1	62
2811	5	12	2	2	1	62
2812	5	12	3	3	1	62
2813	5	12	4	4	1	62
2814	5	12	5	5	1	62
2815	5	12	6	6	1	62
2816	5	12	7	7	1	62
2817	5	12	8	8	1	64
2818	5	12	9	9	262	65
2819	5	12	10	10	1	66
2820	5	12	11	11	1	68
2821	5	12	12	12	262	69
2822	5	12	13	13	1	70
2823	5	12	14	14	1	72
2824	5	12	15	15	262	73
2825	5	12	16	16	1	74
2826	5	12	17	17	1	76
2827	5	12	18	18	1	78
2828	5	12	19	19	262	79
2829	5	12	20	20	262	81
2830	5	12	21	21	1	82
2831	5	12	22	22	1	84
2832	5	12	23	23	1	86
2833	5	12	24	24	262	87
2834	5	12	25	25	262	89
2835	5	12	26	26	1	90
2836	5	12	27	27	1	92
2837	5	12	28	28	1	94
2838	5	12	29	29	262	95
2839	5	12	30	30	262	97
2840	5	13	0	0	1	63
2841	5	13	1	1	1	63
2842	5	13	2	2	1	63
2843	5	13	3	3	1	63
2844	5	13	4	4	1	63
2845	5	13	5	5	1	63
2846	5	13	6	6	1	63
2847	5	13	7	7	1	63
2848	5	13	8	8	1	65
2849	5	13	9	9	262	66
2850	5	13	10	10	1	67
2851	5	13	11	11	1	69
2852	5	13	12	12	262	70
2853	5	13	13	13	1	71
2854	5	13	14	14	1	73
2855	5	13	15	15	262	74
2856	5	13	16	16	1	75
2857	5	13	17	17	1	77
2858	5	13	18	18	1	79
2859	5	13	19	19	262	80
2860	5	13	20	20	262	82
2861	5	13	21	21	1	83
2862	5	13	22	22	1	85
2863	5	13	23	23	1	87
2864	5	13	24	24	262	88
2865	5	13	25	25	262	90
2866	5	13	26	26	1	91
2867	5	13	27	27	1	93
2868	5	13	28	28	1	95
2869	5	13	29	29	262	96
2870	5	14	0	0	1	64
2871	5	14	1	1	1	64
2872	5	14	2	2	1	64
2873	5	14	3	3	1	64
2874	5	14	4	4	1	64
2875	5	14	5	5	1	64
2876	5	14	6	6	1	64
2877	5	14	7	7	1	64
2878	5	14	8	8	1	66
2879	5	14	9	9	262	67
2880	5	14	10	10	1	68
2881	5	14	11	11	1	70
2882	5	14	12	12	262	71
2883	5	14	13	13	1	72
2884	5	14	14	14	1	74
2885	5	14	15	15	262	75
2886	5	14	16	16	1	76
2887	5	14	17	17	1	78
2888	5	14	18	18	1	80
2889	5	14	19	19	262	81
2890	5	14	20	20	262	83
2891	5	14	21	21	1	84
2892	5	14	22	22	1	86
2893	5	14	23	23	1	88
2894	5	14	24	24	262	89
2895	5	14	25	25	262	91
2896	5	14	26	26	1	92
2897	5	14	27	27	1	94
2898	5	14	28	28	1	96
2899	5	15	0	0	1	65
2900	5	15	1	1	1	65
2901	5	15	2	2	1	65
2902	5	15	3	3	1	65
2903	5	15	4	4	1	65
2904	5	15	5	5	1	65
2905	5	15	6	6	1	65
2906	5	15	7	7	1	65
2907	5	15	8	8	1	67
2908	5	15	9	9	262	68
2909	5	15	10	10	1	69
2910	5	15	11	11	1	71
2911	5	15	12	12	262	72
2912	5	15	13	13	1	73
2913	5	15	14	14	1	75
2914	5	15	15	15	262	76
2915	5	15	16	16	1	77
2916	5	15	17	17	1	79
2917	5	15	18	18	1	81
2918	5	15	19	19	262	82
2919	5	15	20	20	262	84
2920	5	15	21	21	1	85
2921	5	15	22	22	1	87
2922	5	15	23	23	1	89
2923	5	15	24	24	262	90
2924	5	15	25	25	262	92
2925	5	15	26	26	1	93
2926	5	15	27	27	1	95
2927	5	16	0	0	1	66
2928	5	16	1	1	1	66
2929	5	16	2	2	1	66
2930	5	16	3	3	1	66
2931	5	16	4	4	1	66
2932	5	16	5	5	1	66
2933	5	16	6	6	1	66
2934	5	16	7	7	1	66
2935	5	16	8	8	1	68
2936	5	16	9	9	262	69
2937	5	16	10	10	1	70
2938	5	16	11	11	1	72
2939	5	16	12	12	262	73
2940	5	16	13	13	1	74
2941	5	16	14	14	1	76
2942	5	16	15	15	262	77
2943	5	16	16	16	1	78
2944	5	16	17	17	1	80
2945	5	16	18	18	1	82
2946	5	16	19	19	262	83
2947	5	16	20	20	262	85
2948	5	16	21	21	1	86
2949	5	16	22	22	1	88
2950	5	16	23	23	1	90
2951	5	16	24	24	262	91
2952	5	16	25	25	262	93
2953	5	16	26	26	1	94
2954	5	17	0	0	1	67
2955	5	17	1	1	1	67
2956	5	17	2	2	1	67
2957	5	17	3	3	1	67
2958	5	17	4	4	1	67
2959	5	17	5	5	1	67
2960	5	17	6	6	1	67
2961	5	17	7	7	1	67
2962	5	17	8	8	1	69
2963	5	17	9	9	262	70
2964	5	17	10	10	1	71
2965	5	17	11	11	1	73
2966	5	17	12	12	262	74
2967	5	17	13	13	1	75
2968	5	17	14	14	1	77
2969	5	17	15	15	262	78
2970	5	17	16	16	1	79
2971	5	17	17	17	1	81
2972	5	17	18	18	1	83
2973	5	17	19	19	262	84
2974	5	17	20	20	262	86
2975	5	17	21	21	1	87
2976	5	17	22	22	1	89
2977	5	17	23	23	1	91
2978	5	17	24	24	262	92
2979	5	17	25	25	262	94
2980	5	18	0	0	1	68
2981	5	18	1	1	1	68
2982	5	18	2	2	1	68
2983	5	18	3	3	1	68
2984	5	18	4	4	1	68
2985	5	18	5	5	1	68
2986	5	18	6	6	1	68
2987	5	18	7	7	1	68
2988	5	18	8	8	1	70
2989	5	18	9	9	262	71
2990	5	18	10	10	1	72
2991	5	18	11	11	1	74
2992	5	18	12	12	262	75
2993	5	18	13	13	1	76
2994	5	18	14	14	1	78
2995	5	18	15	15	262	79
2996	5	18	16	16	1	80
2997	5	18	17	17	1	82
2998	5	18	18	18	1	84
2999	5	18	19	19	262	85
3000	5	18	20	20	262	87
3001	5	18	21	21	1	88
3002	5	18	22	22	1	90
3003	5	18	23	23	1	92
3004	5	18	24	24	262	93
3005	5	19	0	0	1	69
3006	5	19	1	1	1	69
3007	5	19	2	2	1	69
3008	5	19	3	3	1	69
3009	5	19	4	4	1	69
3010	5	19	5	5	1	69
3011	5	19	6	6	1	69
3012	5	19	7	7	1	69
3013	5	19	8	8	1	71
3014	5	19	9	9	262	72
3015	5	19	10	10	1	73
3016	5	19	11	11	1	75
3017	5	19	12	12	262	76
3018	5	19	13	13	1	77
3019	5	19	14	14	1	79
3020	5	19	15	15	262	80
3021	5	19	16	16	1	81
3022	5	19	17	17	1	83
3023	5	19	18	18	1	85
3024	5	19	19	19	262	86
3025	5	19	20	20	262	88
3026	5	19	21	21	1	89
3027	5	19	22	22	1	91
3028	5	19	23	23	1	93
3029	5	20	0	0	1	70
3030	5	20	1	1	1	70
3031	5	20	2	2	1	70
3032	5	20	3	3	1	70
3033	5	20	4	4	1	70
3034	5	20	5	5	1	70
3035	5	20	6	6	1	70
3036	5	20	7	7	1	70
3037	5	20	8	8	1	72
3038	5	20	9	9	262	73
3039	5	20	10	10	1	74
3040	5	20	11	11	1	76
3041	5	20	12	12	262	77
3042	5	20	13	13	1	78
3043	5	20	14	14	1	80
3044	5	20	15	15	262	81
3045	5	20	16	16	1	82
3046	5	20	17	17	1	84
3047	5	20	18	18	1	86
3048	5	20	19	19	262	87
3049	5	20	20	20	262	89
3050	5	20	21	21	1	90
3051	5	20	22	22	1	92
3052	5	21	0	0	1	71
3053	5	21	1	1	1	71
3054	5	21	2	2	1	71
3055	5	21	3	3	1	71
3056	5	21	4	4	1	71
3057	5	21	5	5	1	71
3058	5	21	6	6	1	71
3059	5	21	7	7	1	71
3060	5	21	8	8	1	73
3061	5	21	9	9	262	74
3062	5	21	10	10	1	75
3063	5	21	11	11	1	77
3064	5	21	12	12	262	78
3065	5	21	13	13	1	79
3066	5	21	14	14	1	81
3067	5	21	15	15	262	82
3068	5	21	16	16	1	83
3069	5	21	17	17	1	85
3070	5	21	18	18	1	87
3071	5	21	19	19	262	88
3072	5	21	20	20	262	90
3073	5	21	21	21	1	91
3074	5	22	0	0	1	72
3075	5	22	1	1	1	72
3076	5	22	2	2	1	72
3077	5	22	3	3	1	72
3078	5	22	4	4	1	72
3079	5	22	5	5	1	72
3080	5	22	6	6	1	72
3081	5	22	7	7	1	72
3082	5	22	8	8	1	74
3083	5	22	9	9	262	75
3084	5	22	10	10	1	76
3085	5	22	11	11	1	78
3086	5	22	12	12	262	79
3087	5	22	13	13	1	80
3088	5	22	14	14	1	82
3089	5	22	15	15	262	83
3090	5	22	16	16	1	84
3091	5	22	17	17	1	86
3092	5	22	18	18	1	88
3093	5	22	19	19	262	89
3094	5	22	20	20	262	91
3095	5	23	0	0	1	73
3096	5	23	1	1	1	73
3097	5	23	2	2	1	73
3098	5	23	3	3	1	73
3099	5	23	4	4	1	73
3100	5	23	5	5	1	73
3101	5	23	6	6	1	73
3102	5	23	7	7	1	73
3103	5	23	8	8	1	75
3104	5	23	9	9	262	76
3105	5	23	10	10	1	77
3106	5	23	11	11	1	79
3107	5	23	12	12	262	80
3108	5	23	13	13	1	81
3109	5	23	14	14	1	83
3110	5	23	15	15	262	84
3111	5	23	16	16	1	85
3112	5	23	17	17	1	87
3113	5	23	18	18	1	89
3114	5	23	19	19	262	90
3115	5	24	0	0	1	74
3116	5	24	1	1	1	74
3117	5	24	2	2	1	74
3118	5	24	3	3	1	74
3119	5	24	4	4	1	74
3120	5	24	5	5	1	74
3121	5	24	6	6	1	74
3122	5	24	7	7	1	74
3123	5	24	8	8	1	76
3124	5	24	9	9	262	77
3125	5	24	10	10	1	78
3126	5	24	11	11	1	80
3127	5	24	12	12	262	81
3128	5	24	13	13	1	82
3129	5	24	14	14	1	84
3130	5	24	15	15	262	85
3131	5	24	16	16	1	86
3132	5	24	17	17	1	88
3133	5	24	18	18	1	90
3134	5	25	0	0	1	75
3135	5	25	1	1	1	75
3136	5	25	2	2	1	75
3137	5	25	3	3	1	75
3138	5	25	4	4	1	75
3139	5	25	5	5	1	75
3140	5	25	6	6	1	75
3141	5	25	7	7	1	75
3142	5	25	8	8	1	77
3143	5	25	9	9	262	78
3144	5	25	10	10	1	79
3145	5	25	11	11	1	81
3146	5	25	12	12	262	82
3147	5	25	13	13	1	83
3148	5	25	14	14	1	85
3149	5	25	15	15	262	86
3150	5	25	16	16	1	87
3151	5	25	17	17	1	89
3152	5	26	0	0	1	76
3153	5	26	1	1	1	76
3154	5	26	2	2	1	76
3155	5	26	3	3	1	76
3156	5	26	4	4	1	76
3157	5	26	5	5	1	76
3158	5	26	6	6	1	76
3159	5	26	7	7	1	76
3160	5	26	8	8	1	78
3161	5	26	9	9	262	79
3162	5	26	10	10	1	80
3163	5	26	11	11	1	82
3164	5	26	12	12	262	83
3165	5	26	13	13	1	84
3166	5	26	14	14	1	86
3167	5	26	15	15	262	87
3168	5	26	16	16	1	88
3169	5	27	0	0	1	77
3170	5	27	1	1	1	77
3171	5	27	2	2	1	77
3172	5	27	3	3	1	77
3173	5	27	4	4	1	77
3174	5	27	5	5	1	77
3175	5	27	6	6	1	77
3176	5	27	7	7	1	77
3177	5	27	8	8	1	79
3178	5	27	9	9	262	80
3179	5	27	10	10	1	81
3180	5	27	11	11	1	83
3181	5	27	12	12	262	84
3182	5	27	13	13	1	85
3183	5	27	14	14	1	87
3184	5	27	15	15	262	88
3185	5	28	0	0	1	78
3186	5	28	1	1	1	78
3187	5	28	2	2	1	78
3188	5	28	3	3	1	78
3189	5	28	4	4	1	78
3190	5	28	5	5	1	78
3191	5	28	6	6	1	78
3192	5	28	7	7	1	78
3193	5	28	8	8	1	80
3194	5	28	9	9	262	81
3195	5	28	10	10	1	82
3196	5	28	11	11	1	84
3197	5	28	12	12	262	85
3198	5	28	13	13	1	86
3199	5	28	14	14	1	88
3200	5	29	0	0	1	79
3201	5	29	1	1	1	79
3202	5	29	2	2	1	79
3203	5	29	3	3	1	79
3204	5	29	4	4	1	79
3205	5	29	5	5	1	79
3206	5	29	6	6	1	79
3207	5	29	7	7	1	79
3208	5	29	8	8	1	81
3209	5	29	9	9	262	82
3210	5	29	10	10	1	83
3211	5	29	11	11	1	85
3212	5	29	12	12	262	86
3213	5	29	13	13	1	87
3214	5	30	0	0	1	80
3215	5	30	1	1	1	80
3216	5	30	2	2	1	80
3217	5	30	3	3	1	80
3218	5	30	4	4	1	80
3219	5	30	5	5	1	80
3220	5	30	6	6	1	80
3221	5	30	7	7	1	80
3222	5	30	8	8	1	82
3223	5	30	9	9	262	83
3224	5	30	10	10	1	84
3225	5	30	11	11	1	86
3226	5	30	12	12	262	87
3227	5	31	0	0	1	81
3228	5	31	1	1	1	81
3229	5	31	2	2	1	81
3230	5	31	3	3	1	81
3231	5	31	4	4	1	81
3232	5	31	5	5	1	81
3233	5	31	6	6	1	81
3234	5	31	7	7	1	81
3235	5	31	8	8	1	83
3236	5	31	9	9	262	84
3237	5	31	10	10	1	85
3238	5	31	11	11	1	87
3239	5	32	0	0	1	82
3240	5	32	1	1	1	82
3241	5	32	2	2	1	82
3242	5	32	3	3	1	82
3243	5	32	4	4	1	82
3244	5	32	5	5	1	82
3245	5	32	6	6	1	82
3246	5	32	7	7	1	82
3247	5	32	8	8	1	84
3248	5	32	9	9	262	85
3249	5	32	10	10	1	86
3250	5	33	0	0	1	83
3251	5	33	1	1	1	83
3252	5	33	2	2	1	83
3253	5	33	3	3	1	83
3254	5	33	4	4	1	83
3255	5	33	5	5	1	83
3256	5	33	6	6	1	83
3257	5	33	7	7	1	83
3258	5	33	8	8	1	85
3259	5	33	9	9	262	86
3260	5	34	0	0	1	84
3261	5	34	1	1	1	84
3262	5	34	2	2	1	84
3263	5	34	3	3	1	84
3264	5	34	4	4	1	84
3265	5	34	5	5	1	84
3266	5	34	6	6	1	84
3267	5	34	7	7	1	84
3268	5	34	8	8	1	86
3269	5	35	0	0	1	85
3270	5	35	1	1	1	85
3271	5	35	2	2	1	85
3272	5	35	3	3	1	85
3273	5	35	4	4	1	85
3274	5	35	5	5	1	85
3275	5	35	6	6	1	85
3276	5	35	7	7	1	85
3277	5	36	0	0	1	86
3278	5	36	1	1	1	86
3279	5	36	2	2	1	86
3280	5	36	3	3	1	86
3281	5	36	4	4	1	86
3282	5	36	5	5	1	86
3283	5	36	6	6	1	86
3284	5	37	0	0	1	87
3285	5	37	1	1	1	87
3286	5	37	2	2	1	87
3287	5	37	3	3	1	87
3288	5	37	4	4	1	87
3289	5	37	5	5	1	87
3290	5	38	0	0	1	88
3291	5	38	1	1	1	88
3292	5	38	2	2	1	88
3293	5	38	3	3	1	88
3294	5	38	4	4	1	88
3295	5	39	0	0	1	89
3296	5	39	1	1	1	89
3297	5	39	2	2	1	89
3298	5	39	3	3	1	89
3299	5	40	0	0	1	90
3300	5	40	1	1	1	90
3301	5	40	2	2	1	90
3302	5	41	0	0	1	91
3303	5	41	1	1	1	91
3304	5	42	0	0	1	92
3305	6	0	0	43	63	108
3306	6	0	1	44	200	109
3307	6	0	2	45	200	111
3308	6	0	3	46	200	113
3309	6	0	4	47	200	115
3310	6	0	5	48	63	116
3311	6	0	6	49	63	118
3312	6	0	7	50	63	120
3313	6	0	8	51	63	122
3314	6	0	9	52	63	124
3315	6	0	10	53	200	125
3316	6	0	11	54	200	127
3317	6	0	12	55	200	129
3318	6	0	13	56	200	131
3319	6	0	14	57	63	132
3320	6	0	15	58	63	134
3321	6	0	16	59	63	136
3322	6	0	17	60	63	138
3323	6	0	18	61	63	140
3324	6	0	19	62	200	141
3325	6	0	20	63	200	143
3326	6	0	21	64	200	145
3327	6	0	22	65	200	147
3328	6	0	23	66	63	148
3329	6	0	24	67	63	150
3330	6	0	25	68	63	152
3331	6	0	26	69	63	154
3332	6	0	27	70	63	156
3333	6	0	28	71	200	157
3334	6	0	29	72	200	159
3335	6	0	30	73	200	161
3336	6	0	31	74	200	163
3337	6	0	32	75	63	164
3338	6	0	33	76	63	166
3339	6	0	34	77	63	168
3340	6	0	35	78	63	170
3341	6	0	36	79	63	172
3342	6	1	0	42	100	107
3343	6	1	1	43	100	109
3344	6	1	2	44	163	110
3345	6	1	3	45	163	112
3346	6	1	4	46	163	114
3347	6	1	5	47	163	116
3348	6	1	6	48	100	117
3349	6	1	7	49	100	119
3350	6	1	8	50	100	121
3351	6	1	9	51	100	123
3352	6	1	10	52	100	125
3353	6	1	11	53	163	126
3354	6	1	12	54	163	128
3355	6	1	13	55	163	130
3356	6	1	14	56	163	132
3357	6	1	15	57	100	133
3358	6	1	16	58	100	135
3359	6	1	17	59	100	137
3360	6	1	18	60	100	139
3361	6	1	19	61	100	141
3362	6	1	20	62	163	142
3363	6	1	21	63	163	144
3364	6	1	22	64	163	146
3365	6	1	23	65	163	148
3366	6	1	24	66	100	149
3367	6	1	25	67	100	151
3368	6	1	26	68	100	153
3369	6	1	27	69	100	155
3370	6	1	28	70	100	157
3371	6	1	29	71	163	158
3372	6	1	30	72	163	160
3373	6	1	31	73	163	162
3374	6	1	32	74	163	164
3375	6	1	33	75	100	165
3376	6	1	34	76	100	167
3377	6	1	35	77	100	169
3378	6	2	0	41	213	106
3379	6	2	1	42	213	108
3380	6	2	2	43	213	110
3381	6	2	3	44	50	111
3382	6	2	4	45	50	113
3383	6	2	5	46	50	115
3384	6	2	6	47	50	117
3385	6	2	7	48	213	118
3386	6	2	8	49	213	120
3387	6	2	9	50	213	122
3388	6	2	10	51	213	124
3389	6	2	11	52	213	126
3390	6	2	12	53	50	127
3391	6	2	13	54	50	129
3392	6	2	14	55	50	131
3393	6	2	15	56	50	133
3394	6	2	16	57	213	134
3395	6	2	17	58	213	136
3396	6	2	18	59	213	138
3397	6	2	19	60	213	140
3398	6	2	20	61	213	142
3399	6	2	21	62	50	143
3400	6	2	22	63	50	145
3401	6	2	23	64	50	147
3402	6	2	24	65	50	149
3403	6	2	25	66	213	150
3404	6	2	26	67	213	152
3405	6	2	27	68	213	154
3406	6	2	28	69	213	156
3407	6	2	29	70	213	158
3408	6	2	30	71	50	159
3409	6	2	31	72	50	161
3410	6	2	32	73	50	163
3411	6	2	33	74	50	165
3412	6	2	34	75	213	166
3413	6	3	0	40	25	105
3414	6	3	1	41	25	107
3415	6	3	2	42	25	109
3416	6	3	3	43	25	111
3417	6	3	4	44	238	112
3418	6	3	5	45	238	114
3419	6	3	6	46	238	116
3420	6	3	7	47	238	118
3421	6	3	8	48	25	119
3422	6	3	9	49	25	121
3423	6	3	10	50	25	123
3424	6	3	11	51	25	125
3425	6	3	12	52	25	127
3426	6	3	13	53	238	128
3427	6	3	14	54	238	130
3428	6	3	15	55	238	132
3429	6	3	16	56	238	134
3430	6	3	17	57	25	135
3431	6	3	18	58	25	137
3432	6	3	19	59	25	139
3433	6	3	20	60	25	141
3434	6	3	21	61	25	143
3435	6	3	22	62	238	144
3436	6	3	23	63	238	146
3437	6	3	24	64	238	148
3438	6	3	25	65	238	150
3439	6	3	26	66	25	151
3440	6	3	27	67	25	153
3441	6	3	28	68	25	155
3442	6	3	29	69	25	157
3443	6	3	30	70	25	159
3444	6	3	31	71	238	160
3445	6	3	32	72	238	162
3446	6	3	33	73	238	164
3447	6	4	0	39	119	104
3448	6	4	1	40	119	106
3449	6	4	2	41	119	108
3450	6	4	3	42	119	110
3451	6	4	4	43	119	112
3452	6	4	5	44	144	113
3453	6	4	6	45	144	115
3454	6	4	7	46	144	117
3455	6	4	8	47	144	119
3456	6	4	9	48	119	120
3457	6	4	10	49	119	122
3458	6	4	11	50	119	124
3459	6	4	12	51	119	126
3460	6	4	13	52	119	128
3461	6	4	14	53	144	129
3462	6	4	15	54	144	131
3463	6	4	16	55	144	133
3464	6	4	17	56	144	135
3465	6	4	18	57	119	136
3466	6	4	19	58	119	138
3467	6	4	20	59	119	140
3468	6	4	21	60	119	142
3469	6	4	22	61	119	144
3470	6	4	23	62	144	145
3471	6	4	24	63	144	147
3472	6	4	25	64	144	149
3473	6	4	26	65	144	151
3474	6	4	27	66	119	152
3475	6	4	28	67	119	154
3476	6	4	29	68	119	156
3477	6	4	30	69	119	158
3478	6	4	31	70	119	160
3479	6	4	32	71	144	161
3480	6	5	0	38	191	104
3481	6	5	1	39	72	105
3482	6	5	2	40	72	107
3483	6	5	3	41	72	109
3484	6	5	4	42	72	111
3485	6	5	5	43	72	113
3486	6	5	6	44	191	114
3487	6	5	7	45	191	116
3488	6	5	8	46	191	118
3489	6	5	9	47	191	120
3490	6	5	10	48	72	121
3491	6	5	11	49	72	123
3492	6	5	12	50	72	125
3493	6	5	13	51	72	127
3494	6	5	14	52	72	129
3495	6	5	15	53	191	130
3496	6	5	16	54	191	132
3497	6	5	17	55	191	134
3498	6	5	18	56	191	136
3499	6	5	19	57	72	137
3500	6	5	20	58	72	139
3501	6	5	21	59	72	141
3502	6	5	22	60	72	143
3503	6	5	23	61	72	145
3504	6	5	24	62	191	146
3505	6	5	25	63	191	148
3506	6	5	26	64	191	150
3507	6	5	27	65	191	152
3508	6	5	28	66	72	153
3509	6	5	29	67	72	155
3510	6	5	30	68	72	157
3511	6	5	31	69	72	159
3512	6	6	0	37	36	103
3513	6	6	1	38	36	105
3514	6	6	2	39	227	106
3515	6	6	3	40	227	108
3516	6	6	4	41	227	110
3517	6	6	5	42	227	112
3518	6	6	6	43	227	114
3519	6	6	7	44	36	115
3520	6	6	8	45	36	117
3521	6	6	9	46	36	119
3522	6	6	10	47	36	121
3523	6	6	11	48	227	122
3524	6	6	12	49	227	124
3525	6	6	13	50	227	126
3526	6	6	14	51	227	128
3527	6	6	15	52	227	130
3528	6	6	16	53	36	131
3529	6	6	17	54	36	133
3530	6	6	18	55	36	135
3531	6	6	19	56	36	137
3532	6	6	20	57	227	138
3533	6	6	21	58	227	140
3534	6	6	22	59	227	142
3535	6	6	23	60	227	144
3536	6	6	24	61	227	146
3537	6	6	25	62	36	147
3538	6	6	26	63	36	149
3539	6	6	27	64	36	151
3540	6	6	28	65	36	153
3541	6	6	29	66	227	154
3542	6	6	30	67	227	156
3543	6	7	0	36	245	102
3544	6	7	1	37	245	104
3545	6	7	2	38	245	106
3546	6	7	3	39	18	107
3547	6	7	4	40	18	109
3548	6	7	5	41	18	111
3549	6	7	6	42	18	113
3550	6	7	7	43	18	115
3551	6	7	8	44	245	116
3552	6	7	9	45	245	118
3553	6	7	10	46	245	120
3554	6	7	11	47	245	122
3555	6	7	12	48	18	123
3556	6	7	13	49	18	125
3557	6	7	14	50	18	127
3558	6	7	15	51	18	129
3559	6	7	16	52	18	131
3560	6	7	17	53	245	132
3561	6	7	18	54	245	134
3562	6	7	19	55	245	136
3563	6	7	20	56	245	138
3564	6	7	21	57	18	139
3565	6	7	22	58	18	141
3566	6	7	23	59	18	143
3567	6	7	24	60	18	145
3568	6	7	25	61	18	147
3569	6	7	26	62	245	148
3570	6	7	27	63	245	150
3571	6	7	28	64	245	152
3572	6	7	29	65	245	154
3573	6	8	0	35	254	102
3574	6	8	1	36	9	103
3575	6	8	2	37	9	105
3576	6	8	3	38	9	107
3577	6	8	4	39	254	108
3578	6	8	5	40	254	110
3579	6	8	6	41	254	112
3580	6	8	7	42	254	114
3581	6	8	8	43	254	116
3582	6	8	9	44	9	117
3583	6	8	10	45	9	119
3584	6	8	11	46	9	121
3585	6	8	12	47	9	123
3586	6	8	13	48	254	124
3587	6	8	14	49	254	126
3588	6	8	15	50	254	128
3589	6	8	16	51	254	130
3590	6	8	17	52	254	132
3591	6	8	18	53	9	133
3592	6	8	19	54	9	135
3593	6	8	20	55	9	137
3594	6	8	21	56	9	139
3595	6	8	22	57	254	140
3596	6	8	23	58	254	142
3597	6	8	24	59	254	144
3598	6	8	25	60	254	146
3599	6	8	26	61	254	148
3600	6	8	27	62	9	149
3601	6	8	28	63	9	151
3602	6	9	0	34	136	101
3603	6	9	1	35	136	103
3604	6	9	2	36	127	104
3605	6	9	3	37	127	106
3606	6	9	4	38	127	108
3607	6	9	5	39	136	109
3608	6	9	6	40	136	111
3609	6	9	7	41	136	113
3610	6	9	8	42	136	115
3611	6	9	9	43	136	117
3612	6	9	10	44	127	118
3613	6	9	11	45	127	120
3614	6	9	12	46	127	122
3615	6	9	13	47	127	124
3616	6	9	14	48	136	125
3617	6	9	15	49	136	127
3618	6	9	16	50	136	129
3619	6	9	17	51	136	131
3620	6	9	18	52	136	133
3621	6	9	19	53	127	134
3622	6	9	20	54	127	136
3623	6	9	21	55	127	138
3624	6	9	22	56	127	140
3625	6	9	23	57	136	141
3626	6	9	24	58	136	143
3627	6	9	25	59	136	145
3628	6	9	26	60	136	147
3629	6	9	27	61	136	149
3630	6	10	0	33	195	100
3631	6	10	1	34	195	102
3632	6	10	2	35	195	104
3633	6	10	3	36	68	105
3634	6	10	4	37	68	107
3635	6	10	5	38	68	109
3636	6	10	6	39	195	110
3637	6	10	7	40	195	112
3638	6	10	8	41	195	114
3639	6	10	9	42	195	116
3640	6	10	10	43	195	118
3641	6	10	11	44	68	119
3642	6	10	12	45	68	121
3643	6	10	13	46	68	123
3644	6	10	14	47	68	125
3645	6	10	15	48	195	126
3646	6	10	16	49	195	128
3647	6	10	17	50	195	130
3648	6	10	18	51	195	132
3649	6	10	19	52	195	134
3650	6	10	20	53	68	135
3651	6	10	21	54	68	137
3652	6	10	22	55	68	139
3653	6	10	23	56	68	141
3654	6	10	24	57	195	142
3655	6	10	25	58	195	144
3656	6	10	26	59	195	146
3657	6	11	0	32	34	99
3658	6	11	1	33	34	101
3659	6	11	2	34	34	103
3660	6	11	3	35	34	105
3661	6	11	4	36	229	106
3662	6	11	5	37	229	108
3663	6	11	6	38	229	110
3664	6	11	7	39	34	111
3665	6	11	8	40	34	113
3666	6	11	9	41	34	115
3667	6	11	10	42	34	117
3668	6	11	11	43	34	119
3669	6	11	12	44	229	120
3670	6	11	13	45	229	122
3671	6	11	14	46	229	124
3672	6	11	15	47	229	126
3673	6	11	16	48	34	127
3674	6	11	17	49	34	129
3675	6	11	18	50	34	131
3676	6	11	19	51	34	133
3677	6	11	20	52	34	135
3678	6	11	21	53	229	136
3679	6	11	22	54	229	138
3680	6	11	23	55	229	140
3681	6	11	24	56	229	142
3682	6	11	25	57	34	143
3683	6	12	0	31	17	99
3684	6	12	1	32	246	100
3685	6	12	2	33	246	102
3686	6	12	3	34	246	104
3687	6	12	4	35	246	106
3688	6	12	5	36	17	107
3689	6	12	6	37	17	109
3690	6	12	7	38	17	111
3691	6	12	8	39	246	112
3692	6	12	9	40	246	114
3693	6	12	10	41	246	116
3694	6	12	11	42	246	118
3695	6	12	12	43	246	120
3696	6	12	13	44	17	121
3697	6	12	14	45	17	123
3698	6	12	15	46	17	125
3699	6	12	16	47	17	127
3700	6	12	17	48	246	128
3701	6	12	18	49	246	130
3702	6	12	19	50	246	132
3703	6	12	20	51	246	134
3704	6	12	21	52	246	136
3705	6	12	22	53	17	137
3706	6	12	23	54	17	139
3707	6	12	24	55	17	141
3708	6	13	0	30	123	98
3709	6	13	1	31	123	100
3710	6	13	2	32	140	101
3711	6	13	3	33	140	103
3712	6	13	4	34	140	105
3713	6	13	5	35	140	107
3714	6	13	6	36	123	108
3715	6	13	7	37	123	110
3716	6	13	8	38	123	112
3717	6	13	9	39	140	113
3718	6	13	10	40	140	115
3719	6	13	11	41	140	117
3720	6	13	12	42	140	119
3721	6	13	13	43	140	121
3722	6	13	14	44	123	122
3723	6	13	15	45	123	124
3724	6	13	16	46	123	126
3725	6	13	17	47	123	128
3726	6	13	18	48	140	129
3727	6	13	19	49	140	131
3728	6	13	20	50	140	133
3729	6	13	21	51	140	135
3730	6	13	22	52	140	137
3731	6	13	23	53	123	138
3732	6	14	0	29	70	97
3733	6	14	1	30	70	99
3734	6	14	2	31	70	101
3735	6	14	3	32	193	102
3736	6	14	4	33	193	104
3737	6	14	5	34	193	106
3738	6	14	6	35	193	108
3739	6	14	7	36	70	109
3740	6	14	8	37	70	111
3741	6	14	9	38	70	113
3742	6	14	10	39	193	114
3743	6	14	11	40	193	116
3744	6	14	12	41	193	118
3745	6	14	13	42	193	120
3746	6	14	14	43	193	122
3747	6	14	15	44	70	123
3748	6	14	16	45	70	125
3749	6	14	17	46	70	127
3750	6	14	18	47	70	129
3751	6	14	19	48	193	130
3752	6	14	20	49	193	132
3753	6	14	21	50	193	134
3754	6	14	22	51	193	136
3755	6	15	0	28	35	97
3756	6	15	1	29	228	98
3757	6	15	2	30	228	100
3758	6	15	3	31	228	102
3759	6	15	4	32	35	103
3760	6	15	5	33	35	105
3761	6	15	6	34	35	107
3762	6	15	7	35	35	109
3763	6	15	8	36	228	110
3764	6	15	9	37	228	112
3765	6	15	10	38	228	114
3766	6	15	11	39	35	115
3767	6	15	12	40	35	117
3768	6	15	13	41	35	119
3769	6	15	14	42	35	121
3770	6	15	15	43	35	123
3771	6	15	16	44	228	124
3772	6	15	17	45	228	126
3773	6	15	18	46	228	128
3774	6	15	19	47	228	130
3775	6	15	20	48	35	131
3776	6	15	21	49	35	133
3777	6	16	0	27	114	96
3778	6	16	1	28	114	98
3779	6	16	2	29	149	99
3780	6	16	3	30	149	101
3781	6	16	4	31	149	103
3782	6	16	5	32	114	104
3783	6	16	6	33	114	106
3784	6	16	7	34	114	108
3785	6	16	8	35	114	110
3786	6	16	9	36	149	111
3787	6	16	10	37	149	113
3788	6	16	11	38	149	115
3789	6	16	12	39	114	116
3790	6	16	13	40	114	118
3791	6	16	14	41	114	120
3792	6	16	15	42	114	122
3793	6	16	16	43	114	124
3794	6	16	17	44	149	125
3795	6	16	18	45	149	127
3796	6	16	19	46	149	129
3797	6	16	20	47	149	131
3798	6	17	0	26	206	95
3799	6	17	1	27	206	97
3800	6	17	2	28	206	99
3801	6	17	3	29	57	100
3802	6	17	4	30	57	102
3803	6	17	5	31	57	104
3804	6	17	6	32	206	105
3805	6	17	7	33	206	107
3806	6	17	8	34	206	109
3807	6	17	9	35	206	111
3808	6	17	10	36	57	112
3809	6	17	11	37	57	114
3810	6	17	12	38	57	116
3811	6	17	13	39	206	117
3812	6	17	14	40	206	119
3813	6	17	15	41	206	121
3814	6	17	16	42	206	123
3815	6	17	17	43	206	125
3816	6	17	18	44	57	126
3817	6	17	19	45	57	128
3818	6	18	0	25	103	95
3819	6	18	1	26	160	96
3820	6	18	2	27	160	98
3821	6	18	3	28	160	100
3822	6	18	4	29	103	101
3823	6	18	5	30	103	103
3824	6	18	6	31	103	105
3825	6	18	7	32	160	106
3826	6	18	8	33	160	108
3827	6	18	9	34	160	110
3828	6	18	10	35	160	112
3829	6	18	11	36	103	113
3830	6	18	12	37	103	115
3831	6	18	13	38	103	117
3832	6	18	14	39	160	118
3833	6	18	15	40	160	120
3834	6	18	16	41	160	122
3835	6	18	17	42	160	124
3836	6	18	18	43	160	126
3837	6	19	0	24	80	94
3838	6	19	1	25	80	96
3839	6	19	2	26	183	97
3840	6	19	3	27	183	99
3841	6	19	4	28	183	101
3842	6	19	5	29	80	102
3843	6	19	6	30	80	104
3844	6	19	7	31	80	106
3845	6	19	8	32	183	107
3846	6	19	9	33	183	109
3847	6	19	10	34	183	111
3848	6	19	11	35	183	113
3849	6	19	12	36	80	114
3850	6	19	13	37	80	116
3851	6	19	14	38	80	118
3852	6	19	15	39	183	119
3853	6	19	16	40	183	121
3854	6	19	17	41	183	123
3855	6	20	0	23	40	94
3856	6	20	1	24	223	95
3857	6	20	2	25	223	97
3858	6	20	3	26	40	98
3859	6	20	4	27	40	100
3860	6	20	5	28	40	102
3861	6	20	6	29	223	103
3862	6	20	7	30	223	105
3863	6	20	8	31	223	107
3864	6	20	9	32	40	108
3865	6	20	10	33	40	110
3866	6	20	11	34	40	112
3867	6	20	12	35	40	114
3868	6	20	13	36	223	115
3869	6	20	14	37	223	117
3870	6	20	15	38	223	119
3871	6	20	16	39	40	120
3872	6	21	0	22	243	93
3873	6	21	1	23	243	95
3874	6	21	2	24	20	96
3875	6	21	3	25	20	98
3876	6	21	4	26	243	99
3877	6	21	5	27	243	101
3878	6	21	6	28	243	103
3879	6	21	7	29	20	104
3880	6	21	8	30	20	106
3881	6	21	9	31	20	108
3882	6	21	10	32	243	109
3883	6	21	11	33	243	111
3884	6	21	12	34	243	113
3885	6	21	13	35	243	115
3886	6	21	14	36	20	116
3887	6	21	15	37	20	118
3888	6	22	0	21	10	92
3889	6	22	1	22	10	94
3890	6	22	2	23	10	96
3891	6	22	3	24	253	97
3892	6	22	4	25	253	99
3893	6	22	5	26	10	100
3894	6	22	6	27	10	102
3895	6	22	7	28	10	104
3896	6	22	8	29	253	105
3897	6	22	9	30	253	107
3898	6	22	10	31	253	109
3899	6	22	11	32	10	110
3900	6	22	12	33	10	112
3901	6	22	13	34	10	114
3902	6	22	14	35	10	116
3903	6	23	0	20	5	92
3904	6	23	1	21	258	93
3905	6	23	2	22	258	95
3906	6	23	3	23	258	97
3907	6	23	4	24	5	98
3908	6	23	5	25	5	100
3909	6	23	6	26	258	101
3910	6	23	7	27	258	103
3911	6	23	8	28	258	105
3912	6	23	9	29	5	106
3913	6	23	10	30	5	108
3914	6	23	11	31	5	110
3915	6	23	12	32	258	111
3916	6	23	13	33	258	113
3917	6	24	0	19	129	91
3918	6	24	1	20	129	93
3919	6	24	2	21	134	94
3920	6	24	3	22	134	96
3921	6	24	4	23	134	98
3922	6	24	5	24	129	99
3923	6	24	6	25	129	101
3924	6	24	7	26	134	102
3925	6	24	8	27	134	104
3926	6	24	9	28	134	106
3927	6	24	10	29	129	107
3928	6	24	11	30	129	109
3929	6	24	12	31	129	111
3930	6	25	0	18	196	91
3931	6	25	1	19	67	92
3932	6	25	2	20	67	94
3933	6	25	3	21	196	95
3934	6	25	4	22	196	97
3935	6	25	5	23	196	99
3936	6	25	6	24	67	100
3937	6	25	7	25	67	102
3938	6	25	8	26	196	103
3939	6	25	9	27	196	105
3940	6	25	10	28	196	107
3941	6	25	11	29	67	108
3942	6	26	0	17	165	90
3943	6	26	1	18	165	92
3944	6	26	2	19	98	93
3945	6	26	3	20	98	95
3946	6	26	4	21	165	96
3947	6	26	5	22	165	98
3948	6	26	6	23	165	100
3949	6	26	7	24	98	101
3950	6	26	8	25	98	103
3951	6	26	9	26	165	104
3952	6	26	10	27	165	106
3953	6	27	0	16	49	89
3954	6	27	1	17	49	91
3955	6	27	2	18	49	93
3956	6	27	3	19	214	94
3957	6	27	4	20	214	96
3958	6	27	5	21	49	97
3959	6	27	6	22	49	99
3960	6	27	7	23	49	101
3961	6	27	8	24	214	102
3962	6	27	9	25	214	104
3963	6	28	0	15	156	89
3964	6	28	1	16	107	90
3965	6	28	2	17	107	92
3966	6	28	3	18	107	94
3967	6	28	4	19	156	95
3968	6	28	5	20	156	97
3969	6	28	6	21	107	98
3970	6	28	7	22	107	100
3971	6	28	8	23	107	102
3972	6	29	0	14	78	89
3973	6	29	1	15	185	90
3974	6	29	2	16	78	91
3975	6	29	3	17	78	93
3976	6	29	4	18	78	95
3977	6	29	5	19	185	96
3978	6	29	6	20	185	98
3979	6	29	7	21	78	99
3980	6	30	0	13	224	88
3981	6	30	1	14	224	90
3982	6	30	2	15	39	91
3983	6	30	3	16	224	92
3984	6	30	4	17	224	94
3985	6	30	5	18	224	96
3986	6	30	6	19	39	97
3987	6	31	0	12	112	88
3988	6	31	1	13	151	89
3989	6	31	2	14	151	91
3990	6	31	3	15	112	92
3991	6	31	4	16	151	93
3992	6	31	5	17	151	95
3993	6	32	0	11	56	88
3994	6	32	1	12	207	89
3995	6	32	2	13	56	90
3996	6	32	3	14	56	92
3997	6	32	4	15	207	93
3998	6	33	0	10	235	87
3999	6	33	1	11	235	89
4000	6	33	2	12	28	90
4001	6	33	3	13	235	91
4002	6	34	0	9	249	87
4003	6	34	1	10	14	88
4004	6	34	2	11	14	90
4005	6	35	0	8	256	87
4006	6	35	1	9	7	88
4007	6	36	0	7	135	86
4008	7	0	0	80	67	173
4009	7	0	1	81	67	175
4010	7	0	2	82	67	177
4011	7	0	3	83	67	179
4012	7	0	4	84	196	180
4013	7	0	5	85	196	182
4014	7	0	6	86	196	184
4015	7	0	7	87	196	186
4016	7	0	8	88	196	188
4017	7	0	9	89	67	189
4018	7	0	10	90	67	191
4019	7	0	11	91	67	193
4020	7	0	12	92	67	195
4021	7	0	13	93	196	196
4022	7	0	14	94	196	198
4023	7	0	15	95	196	200
4024	7	0	16	96	196	202
4025	7	0	17	97	196	204
4026	7	0	18	98	67	205
4027	7	0	19	99	67	207
4028	7	0	20	100	67	209
4029	7	0	21	101	67	211
4030	7	0	22	102	196	212
4031	7	0	23	103	196	214
4032	7	0	24	104	196	216
4033	7	0	25	105	196	218
4034	7	0	26	106	196	220
4035	7	0	27	107	67	221
4036	7	0	28	108	67	223
4037	7	0	29	109	67	225
4038	7	0	30	110	67	227
4039	7	0	31	111	196	228
4040	7	1	0	78	52	171
4041	7	1	1	79	52	173
4042	7	1	2	80	211	174
4043	7	1	3	81	211	176
4044	7	1	4	82	211	178
4045	7	1	5	83	211	180
4046	7	1	6	84	52	181
4047	7	1	7	85	52	183
4048	7	1	8	86	52	185
4049	7	1	9	87	52	187
4050	7	1	10	88	52	189
4051	7	1	11	89	211	190
4052	7	1	12	90	211	192
4053	7	1	13	91	211	194
4054	7	1	14	92	211	196
4055	7	1	15	93	52	197
4056	7	1	16	94	52	199
4057	7	1	17	95	52	201
4058	7	1	18	96	52	203
4059	7	1	19	97	52	205
4060	7	1	20	98	211	206
4061	7	1	21	99	211	208
4062	7	1	22	100	211	210
4063	7	1	23	101	211	212
4064	7	1	24	102	52	213
4065	7	1	25	103	52	215
4066	7	1	26	104	52	217
4067	7	1	27	105	52	219
4068	7	1	28	106	52	221
4069	7	1	29	107	211	222
4070	7	1	30	108	211	224
4071	7	2	0	76	46	168
4072	7	2	1	77	46	170
4073	7	2	2	78	46	172
4074	7	2	3	79	46	174
4075	7	2	4	80	217	175
4076	7	2	5	81	217	177
4077	7	2	6	82	217	179
4078	7	2	7	83	217	181
4079	7	2	8	84	46	182
4080	7	2	9	85	46	184
4081	7	2	10	86	46	186
4082	7	2	11	87	46	188
4083	7	2	12	88	46	190
4084	7	2	13	89	217	191
4085	7	2	14	90	217	193
4086	7	2	15	91	217	195
4087	7	2	16	92	217	197
4088	7	2	17	93	46	198
4089	7	2	18	94	46	200
4090	7	2	19	95	46	202
4091	7	2	20	96	46	204
4092	7	2	21	97	46	206
4093	7	2	22	98	217	207
4094	7	2	23	99	217	209
4095	7	2	24	100	217	211
4096	7	2	25	101	217	213
4097	7	2	26	102	46	214
4098	7	2	27	103	46	216
4099	7	2	28	104	46	218
4100	7	2	29	105	46	220
4101	7	3	0	74	20	166
4102	7	3	1	75	243	167
4103	7	3	2	76	243	169
4104	7	3	3	77	243	171
4105	7	3	4	78	243	173
4106	7	3	5	79	243	175
4107	7	3	6	80	20	176
4108	7	3	7	81	20	178
4109	7	3	8	82	20	180
4110	7	3	9	83	20	182
4111	7	3	10	84	243	183
4112	7	3	11	85	243	185
4113	7	3	12	86	243	187
4114	7	3	13	87	243	189
4115	7	3	14	88	243	191
4116	7	3	15	89	20	192
4117	7	3	16	90	20	194
4118	7	3	17	91	20	196
4119	7	3	18	92	20	198
4120	7	3	19	93	243	199
4121	7	3	20	94	243	201
4122	7	3	21	95	243	203
4123	7	3	22	96	243	205
4124	7	3	23	97	243	207
4125	7	3	24	98	20	208
4126	7	3	25	99	20	210
4127	7	3	26	100	20	212
4128	7	3	27	101	20	214
4129	7	3	28	102	243	215
4130	7	4	0	72	220	163
4131	7	4	1	73	220	165
4132	7	4	2	74	220	167
4133	7	4	3	75	43	168
4134	7	4	4	76	43	170
4135	7	4	5	77	43	172
4136	7	4	6	78	43	174
4137	7	4	7	79	43	176
4138	7	4	8	80	220	177
4139	7	4	9	81	220	179
4140	7	4	10	82	220	181
4141	7	4	11	83	220	183
4142	7	4	12	84	43	184
4143	7	4	13	85	43	186
4144	7	4	14	86	43	188
4145	7	4	15	87	43	190
4146	7	4	16	88	43	192
4147	7	4	17	89	220	193
4148	7	4	18	90	220	195
4149	7	4	19	91	220	197
4150	7	4	20	92	220	199
4151	7	4	21	93	43	200
4152	7	4	22	94	43	202
4153	7	4	23	95	43	204
4154	7	4	24	96	43	206
4155	7	4	25	97	43	208
4156	7	4	26	98	220	209
4157	7	4	27	99	220	211
4158	7	5	0	70	210	161
4159	7	5	1	71	53	162
4160	7	5	2	72	53	164
4161	7	5	3	73	53	166
4162	7	5	4	74	53	168
4163	7	5	5	75	210	169
4164	7	5	6	76	210	171
4165	7	5	7	77	210	173
4166	7	5	8	78	210	175
4167	7	5	9	79	210	177
4168	7	5	10	80	53	178
4169	7	5	11	81	53	180
4170	7	5	12	82	53	182
4171	7	5	13	83	53	184
4172	7	5	14	84	210	185
4173	7	5	15	85	210	187
4174	7	5	16	86	210	189
4175	7	5	17	87	210	191
4176	7	5	18	88	210	193
4177	7	5	19	89	53	194
4178	7	5	20	90	53	196
4179	7	5	21	91	53	198
4180	7	5	22	92	53	200
4181	7	5	23	93	210	201
4182	7	5	24	94	210	203
4183	7	5	25	95	210	205
4184	7	5	26	96	210	207
4185	7	6	0	68	206	158
4186	7	6	1	69	206	160
4187	7	6	2	70	206	162
4188	7	6	3	71	57	163
4189	7	6	4	72	57	165
4190	7	6	5	73	57	167
4191	7	6	6	74	57	169
4192	7	6	7	75	206	170
4193	7	6	8	76	206	172
4194	7	6	9	77	206	174
4195	7	6	10	78	206	176
4196	7	6	11	79	206	178
4197	7	6	12	80	57	179
4198	7	6	13	81	57	181
4199	7	6	14	82	57	183
4200	7	6	15	83	57	185
4201	7	6	16	84	206	186
4202	7	6	17	85	206	188
4203	7	6	18	86	206	190
4204	7	6	19	87	206	192
4205	7	6	20	88	206	194
4206	7	6	21	89	57	195
4207	7	6	22	90	57	197
4208	7	6	23	91	57	199
4209	7	6	24	92	57	201
4210	7	6	25	93	206	202
4211	7	7	0	66	162	155
4212	7	7	1	67	162	157
4213	7	7	2	68	162	159
4214	7	7	3	69	162	161
4215	7	7	4	70	162	163
4216	7	7	5	71	101	164
4217	7	7	6	72	101	166
4218	7	7	7	73	101	168
4219	7	7	8	74	101	170
4220	7	7	9	75	162	171
4221	7	7	10	76	162	173
4222	7	7	11	77	162	175
4223	7	7	12	78	162	177
4224	7	7	13	79	162	179
4225	7	7	14	80	101	180
4226	7	7	15	81	101	182
4227	7	7	16	82	101	184
4228	7	7	17	83	101	186
4229	7	7	18	84	162	187
4230	7	7	19	85	162	189
4231	7	7	20	86	162	191
4232	7	7	21	87	162	193
4233	7	7	22	88	162	195
4234	7	7	23	89	101	196
4235	7	7	24	90	101	198
4236	7	8	0	64	59	153
4237	7	8	1	65	59	155
4238	7	8	2	66	204	156
4239	7	8	3	67	204	158
4240	7	8	4	68	204	160
4241	7	8	5	69	204	162
4242	7	8	6	70	204	164
4243	7	8	7	71	59	165
4244	7	8	8	72	59	167
4245	7	8	9	73	59	169
4246	7	8	10	74	59	171
4247	7	8	11	75	204	172
4248	7	8	12	76	204	174
4249	7	8	13	77	204	176
4250	7	8	14	78	204	178
4251	7	8	15	79	204	180
4252	7	8	16	80	59	181
4253	7	8	17	81	59	183
4254	7	8	18	82	59	185
4255	7	8	19	83	59	187
4256	7	8	20	84	204	188
4257	7	8	21	85	204	190
4258	7	8	22	86	204	192
4259	7	8	23	87	204	194
4260	7	9	0	62	123	150
4261	7	9	1	63	123	152
4262	7	9	2	64	123	154
4263	7	9	3	65	123	156
4264	7	9	4	66	140	157
4265	7	9	5	67	140	159
4266	7	9	6	68	140	161
4267	7	9	7	69	140	163
4268	7	9	8	70	140	165
4269	7	9	9	71	123	166
4270	7	9	10	72	123	168
4271	7	9	11	73	123	170
4272	7	9	12	74	123	172
4273	7	9	13	75	140	173
4274	7	9	14	76	140	175
4275	7	9	15	77	140	177
4276	7	9	16	78	140	179
4277	7	9	17	79	140	181
4278	7	9	18	80	123	182
4279	7	9	19	81	123	184
4280	7	9	20	82	123	186
4281	7	9	21	83	123	188
4282	7	9	22	84	140	189
4283	7	10	0	60	225	148
4284	7	10	1	61	225	150
4285	7	10	2	62	38	151
4286	7	10	3	63	38	153
4287	7	10	4	64	38	155
4288	7	10	5	65	38	157
4289	7	10	6	66	225	158
4290	7	10	7	67	225	160
4291	7	10	8	68	225	162
4292	7	10	9	69	225	164
4293	7	10	10	70	225	166
4294	7	10	11	71	38	167
4295	7	10	12	72	38	169
4296	7	10	13	73	38	171
4297	7	10	14	74	38	173
4298	7	10	15	75	225	174
4299	7	10	16	76	225	176
4300	7	10	17	77	225	178
4301	7	10	18	78	225	180
4302	7	10	19	79	225	182
4303	7	10	20	80	38	183
4304	7	10	21	81	38	185
4305	7	11	0	58	108	145
4306	7	11	1	59	108	147
4307	7	11	2	60	108	149
4308	7	11	3	61	108	151
4309	7	11	4	62	155	152
4310	7	11	5	63	155	154
4311	7	11	6	64	155	156
4312	7	11	7	65	155	158
4313	7	11	8	66	108	159
4314	7	11	9	67	108	161
4315	7	11	10	68	108	163
4316	7	11	11	69	108	165
4317	7	11	12	70	108	167
4318	7	11	13	71	155	168
4319	7	11	14	72	155	170
4320	7	11	15	73	155	172
4321	7	11	16	74	155	174
4322	7	11	17	75	108	175
4323	7	11	18	76	108	177
4324	7	11	19	77	108	179
4325	7	11	20	78	108	181
4326	7	12	0	56	127	143
4327	7	12	1	57	136	144
4328	7	12	2	58	136	146
4329	7	12	3	59	136	148
4330	7	12	4	60	136	150
4331	7	12	5	61	136	152
4332	7	12	6	62	127	153
4333	7	12	7	63	127	155
4334	7	12	8	64	127	157
4335	7	12	9	65	127	159
4336	7	12	10	66	136	160
4337	7	12	11	67	136	162
4338	7	12	12	68	136	164
4339	7	12	13	69	136	166
4340	7	12	14	70	136	168
4341	7	12	15	71	127	169
4342	7	12	16	72	127	171
4343	7	12	17	73	127	173
4344	7	12	18	74	127	175
4345	7	12	19	75	136	176
4346	7	13	0	54	82	140
4347	7	13	1	55	82	142
4348	7	13	2	56	82	144
4349	7	13	3	57	181	145
4350	7	13	4	58	181	147
4351	7	13	5	59	181	149
4352	7	13	6	60	181	151
4353	7	13	7	61	181	153
4354	7	13	8	62	82	154
4355	7	13	9	63	82	156
4356	7	13	10	64	82	158
4357	7	13	11	65	82	160
4358	7	13	12	66	181	161
4359	7	13	13	67	181	163
4360	7	13	14	68	181	165
4361	7	13	15	69	181	167
4362	7	13	16	70	181	169
4363	7	13	17	71	82	170
4364	7	13	18	72	82	172
4365	7	14	0	52	150	138
4366	7	14	1	53	113	139
4367	7	14	2	54	113	141
4368	7	14	3	55	113	143
4369	7	14	4	56	113	145
4370	7	14	5	57	150	146
4371	7	14	6	58	150	148
4372	7	14	7	59	150	150
4373	7	14	8	60	150	152
4374	7	14	9	61	150	154
4375	7	14	10	62	113	155
4376	7	14	11	63	113	157
4377	7	14	12	64	113	159
4378	7	14	13	65	113	161
4379	7	14	14	66	150	162
4380	7	14	15	67	150	164
4381	7	14	16	68	150	166
4382	7	14	17	69	150	168
4383	7	15	0	50	72	135
4384	7	15	1	51	72	137
4385	7	15	2	52	72	139
4386	7	15	3	53	191	140
4387	7	15	4	54	191	142
4388	7	15	5	55	191	144
4389	7	15	6	56	191	146
4390	7	15	7	57	72	147
4391	7	15	8	58	72	149
4392	7	15	9	59	72	151
4393	7	15	10	60	72	153
4394	7	15	11	61	72	155
4395	7	15	12	62	191	156
4396	7	15	13	63	191	158
4397	7	15	14	64	191	160
4398	7	15	15	65	191	162
4399	7	15	16	66	72	163
4400	7	16	0	48	3	132
4401	7	16	1	49	3	134
4402	7	16	2	50	3	136
4403	7	16	3	51	3	138
4404	7	16	4	52	3	140
4405	7	16	5	53	260	141
4406	7	16	6	54	260	143
4407	7	16	7	55	260	145
4408	7	16	8	56	260	147
4409	7	16	9	57	3	148
4410	7	16	10	58	3	150
4411	7	16	11	59	3	152
4412	7	16	12	60	3	154
4413	7	16	13	61	3	156
4414	7	16	14	62	260	157
4415	7	16	15	63	260	159
4416	7	17	0	46	230	130
4417	7	17	1	47	230	132
4418	7	17	2	48	33	133
4419	7	17	3	49	33	135
4420	7	17	4	50	33	137
4421	7	17	5	51	33	139
4422	7	17	6	52	33	141
4423	7	17	7	53	230	142
4424	7	17	8	54	230	144
4425	7	17	9	55	230	146
4426	7	17	10	56	230	148
4427	7	17	11	57	33	149
4428	7	17	12	58	33	151
4429	7	17	13	59	33	153
4430	7	17	14	60	33	155
4431	7	18	0	44	163	127
4432	7	18	1	45	163	129
4433	7	18	2	46	163	131
4434	7	18	3	47	163	133
4435	7	18	4	48	100	134
4436	7	18	5	49	100	136
4437	7	18	6	50	100	138
4438	7	18	7	51	100	140
4439	7	18	8	52	100	142
4440	7	18	9	53	163	143
4441	7	18	10	54	163	145
4442	7	18	11	55	163	147
4443	7	18	12	56	163	149
4444	7	18	13	57	100	150
4445	7	19	0	42	48	125
4446	7	19	1	43	48	127
4447	7	19	2	44	215	128
4448	7	19	3	45	215	130
4449	7	19	4	46	215	132
4450	7	19	5	47	215	134
4451	7	19	6	48	48	135
4452	7	19	7	49	48	137
4453	7	19	8	50	48	139
4454	7	19	9	51	48	141
4455	7	19	10	52	48	143
4456	7	19	11	53	215	144
4457	7	19	12	54	215	146
4458	7	20	0	40	2	122
4459	7	20	1	41	2	124
4460	7	20	2	42	2	126
4461	7	20	3	43	2	128
4462	7	20	4	44	261	129
4463	7	20	5	45	261	131
4464	7	20	6	46	261	133
4465	7	20	7	47	261	135
4466	7	20	8	48	2	136
4467	7	20	9	49	2	138
4468	7	20	10	50	2	140
4469	7	20	11	51	2	142
4470	7	21	0	38	241	120
4471	7	21	1	39	22	121
4472	7	21	2	40	22	123
4473	7	21	3	41	22	125
4474	7	21	4	42	22	127
4475	7	21	5	43	22	129
4476	7	21	6	44	241	130
4477	7	21	7	45	241	132
4478	7	21	8	46	241	134
4479	7	21	9	47	241	136
4480	7	21	10	48	22	137
4481	7	22	0	36	21	117
4482	7	22	1	37	21	119
4483	7	22	2	38	21	121
4484	7	22	3	39	242	122
4485	7	22	4	40	242	124
4486	7	22	5	41	242	126
4487	7	22	6	42	242	128
4488	7	22	7	43	242	130
4489	7	22	8	44	21	131
4490	7	22	9	45	21	133
4491	7	23	0	34	32	115
4492	7	23	1	35	32	117
4493	7	23	2	36	231	118
4494	7	23	3	37	231	120
4495	7	23	4	38	231	122
4496	7	23	5	39	32	123
4497	7	23	6	40	32	125
4498	7	23	7	41	32	127
4499	7	23	8	42	32	129
4500	7	24	0	32	89	112
4501	7	24	1	33	89	114
4502	7	24	2	34	89	116
4503	7	24	3	35	89	118
4504	7	24	4	36	174	119
4505	7	24	5	37	174	121
4506	7	24	6	38	174	123
4507	7	24	7	39	89	124
4508	7	25	0	30	73	110
4509	7	25	1	31	73	112
4510	7	25	2	32	190	113
4511	7	25	3	33	190	115
4512	7	25	4	34	190	117
4513	7	25	5	35	190	119
4514	7	25	6	36	73	120
4515	7	26	0	28	249	108
4516	7	26	1	29	14	109
4517	7	26	2	30	14	111
4518	7	26	3	31	14	113
4519	7	26	4	32	249	114
4520	7	26	5	33	249	116
4521	7	27	0	26	109	105
4522	7	27	1	27	109	107
4523	7	27	2	28	109	109
4524	7	27	3	29	154	110
4525	7	27	4	30	154	112
4526	7	28	0	24	116	103
4527	7	28	1	25	116	105
4528	7	28	2	26	147	106
4529	7	28	3	27	147	108
4530	7	29	0	22	39	101
4531	7	29	1	23	39	103
4532	7	29	2	24	224	104
4533	7	30	0	20	97	99
4534	7	30	1	21	166	100
4535	7	31	0	18	248	97
4536	8	0	0	112	241	230
4537	8	0	1	113	241	232
4538	8	0	2	114	241	234
4539	8	0	3	115	241	236
4540	8	0	4	116	22	237
4541	8	0	5	117	22	239
4542	8	0	6	118	22	241
4543	8	0	7	119	22	243
4544	8	0	8	120	241	244
4545	8	0	9	121	241	246
4546	8	0	10	122	241	248
4547	8	0	11	123	241	250
4548	8	0	12	124	241	252
4549	8	0	13	125	22	253
4550	8	0	14	126	22	255
4551	8	0	15	127	22	257
4552	8	0	16	128	22	259
4553	8	0	17	129	241	260
4554	8	0	18	130	241	262
4555	8	0	19	131	241	264
4556	8	0	20	132	241	266
4557	8	0	21	133	241	268
4558	8	0	22	134	22	269
4559	8	0	23	135	22	271
4560	8	0	24	136	22	273
4561	8	0	25	137	22	275
4562	8	0	26	138	241	276
4563	8	0	27	139	241	278
4564	8	0	28	140	241	280
4565	8	1	0	109	27	226
4566	8	1	1	110	27	228
4567	8	1	2	111	236	229
4568	8	1	3	112	236	231
4569	8	1	4	113	236	233
4570	8	1	5	114	236	235
4571	8	1	6	115	236	237
4572	8	1	7	116	27	238
4573	8	1	8	117	27	240
4574	8	1	9	118	27	242
4575	8	1	10	119	27	244
4576	8	1	11	120	236	245
4577	8	1	12	121	236	247
4578	8	1	13	122	236	249
4579	8	1	14	123	236	251
4580	8	1	15	124	236	253
4581	8	1	16	125	27	254
4582	8	1	17	126	27	256
4583	8	1	18	127	27	258
4584	8	1	19	128	27	260
4585	8	1	20	129	236	261
4586	8	1	21	130	236	263
4587	8	1	22	131	236	265
4588	8	1	23	132	236	267
4589	8	1	24	133	236	269
4590	8	1	25	134	27	270
4591	8	1	26	135	27	272
4592	8	1	27	136	27	274
4593	8	2	0	106	194	222
4594	8	2	1	107	69	223
4595	8	2	2	108	69	225
4596	8	2	3	109	69	227
4597	8	2	4	110	69	229
4598	8	2	5	111	194	230
4599	8	2	6	112	194	232
4600	8	2	7	113	194	234
4601	8	2	8	114	194	236
4602	8	2	9	115	194	238
4603	8	2	10	116	69	239
4604	8	2	11	117	69	241
4605	8	2	12	118	69	243
4606	8	2	13	119	69	245
4607	8	2	14	120	194	246
4608	8	2	15	121	194	248
4609	8	2	16	122	194	250
4610	8	2	17	123	194	252
4611	8	2	18	124	194	254
4612	8	2	19	125	69	255
4613	8	2	20	126	69	257
4614	8	2	21	127	69	259
4615	8	2	22	128	69	261
4616	8	2	23	129	194	262
4617	8	2	24	130	194	264
4618	8	2	25	131	194	266
4619	8	2	26	132	194	268
4620	8	3	0	103	262	217
4621	8	3	1	104	262	219
4622	8	3	2	105	262	221
4623	8	3	3	106	262	223
4624	8	3	4	107	1	224
4625	8	3	5	108	1	226
4626	8	3	6	109	1	228
4627	8	3	7	110	1	230
4628	8	3	8	111	262	231
4629	8	3	9	112	262	233
4630	8	3	10	113	262	235
4631	8	3	11	114	262	237
4632	8	3	12	115	262	239
4633	8	3	13	116	1	240
4634	8	3	14	117	1	242
4635	8	3	15	118	1	244
4636	8	3	16	119	1	246
4637	8	3	17	120	262	247
4638	8	3	18	121	262	249
4639	8	3	19	122	262	251
4640	8	3	20	123	262	253
4641	8	3	21	124	262	255
4642	8	3	22	125	1	256
4643	8	3	23	126	1	258
4644	8	3	24	127	1	260
4645	8	3	25	128	1	262
4646	8	4	0	100	61	213
4647	8	4	1	101	61	215
4648	8	4	2	102	202	216
4649	8	4	3	103	202	218
4650	8	4	4	104	202	220
4651	8	4	5	105	202	222
4652	8	4	6	106	202	224
4653	8	4	7	107	61	225
4654	8	4	8	108	61	227
4655	8	4	9	109	61	229
4656	8	4	10	110	61	231
4657	8	4	11	111	202	232
4658	8	4	12	112	202	234
4659	8	4	13	113	202	236
4660	8	4	14	114	202	238
4661	8	4	15	115	202	240
4662	8	4	16	116	61	241
4663	8	4	17	117	61	243
4664	8	4	18	118	61	245
4665	8	4	19	119	61	247
4666	8	4	20	120	202	248
4667	8	4	21	121	202	250
4668	8	4	22	122	202	252
4669	8	4	23	123	202	254
4670	8	4	24	124	202	256
4671	8	5	0	97	224	209
4672	8	5	1	98	39	210
4673	8	5	2	99	39	212
4674	8	5	3	100	39	214
4675	8	5	4	101	39	216
4676	8	5	5	102	224	217
4677	8	5	6	103	224	219
4678	8	5	7	104	224	221
4679	8	5	8	105	224	223
4680	8	5	9	106	224	225
4681	8	5	10	107	39	226
4682	8	5	11	108	39	228
4683	8	5	12	109	39	230
4684	8	5	13	110	39	232
4685	8	5	14	111	224	233
4686	8	5	15	112	224	235
4687	8	5	16	113	224	237
4688	8	5	17	114	224	239
4689	8	5	18	115	224	241
4690	8	5	19	116	39	242
4691	8	5	20	117	39	244
4692	8	5	21	118	39	246
4693	8	5	22	119	39	248
4694	8	5	23	120	224	249
4695	8	6	0	94	251	204
4696	8	6	1	95	251	206
4697	8	6	2	96	251	208
4698	8	6	3	97	251	210
4699	8	6	4	98	12	211
4700	8	6	5	99	12	213
4701	8	6	6	100	12	215
4702	8	6	7	101	12	217
4703	8	6	8	102	251	218
4704	8	6	9	103	251	220
4705	8	6	10	104	251	222
4706	8	6	11	105	251	224
4707	8	6	12	106	251	226
4708	8	6	13	107	12	227
4709	8	6	14	108	12	229
4710	8	6	15	109	12	231
4711	8	6	16	110	12	233
4712	8	6	17	111	251	234
4713	8	6	18	112	251	236
4714	8	6	19	113	251	238
4715	8	6	20	114	251	240
4716	8	6	21	115	251	242
4717	8	6	22	116	12	243
4718	8	7	0	91	206	200
4719	8	7	1	92	206	202
4720	8	7	2	93	57	203
4721	8	7	3	94	57	205
4722	8	7	4	95	57	207
4723	8	7	5	96	57	209
4724	8	7	6	97	57	211
4725	8	7	7	98	206	212
4726	8	7	8	99	206	214
4727	8	7	9	100	206	216
4728	8	7	10	101	206	218
4729	8	7	11	102	57	219
4730	8	7	12	103	57	221
4731	8	7	13	104	57	223
4732	8	7	14	105	57	225
4733	8	7	15	106	57	227
4734	8	7	16	107	206	228
4735	8	7	17	108	206	230
4736	8	7	18	109	206	232
4737	8	7	19	110	206	234
4738	8	7	20	111	57	235
4739	8	7	21	112	57	237
4740	8	8	0	88	58	196
4741	8	8	1	89	205	197
4742	8	8	2	90	205	199
4743	8	8	3	91	205	201
4744	8	8	4	92	205	203
4745	8	8	5	93	58	204
4746	8	8	6	94	58	206
4747	8	8	7	95	58	208
4748	8	8	8	96	58	210
4749	8	8	9	97	58	212
4750	8	8	10	98	205	213
4751	8	8	11	99	205	215
4752	8	8	12	100	205	217
4753	8	8	13	101	205	219
4754	8	8	14	102	58	220
4755	8	8	15	103	58	222
4756	8	8	16	104	58	224
4757	8	8	17	105	58	226
4758	8	8	18	106	58	228
4759	8	8	19	107	205	229
4760	8	8	20	108	205	231
4761	8	9	0	85	119	191
4762	8	9	1	86	119	193
4763	8	9	2	87	119	195
4764	8	9	3	88	119	197
4765	8	9	4	89	144	198
4766	8	9	5	90	144	200
4767	8	9	6	91	144	202
4768	8	9	7	92	144	204
4769	8	9	8	93	119	205
4770	8	9	9	94	119	207
4771	8	9	10	95	119	209
4772	8	9	11	96	119	211
4773	8	9	12	97	119	213
4774	8	9	13	98	144	214
4775	8	9	14	99	144	216
4776	8	9	15	100	144	218
4777	8	9	16	101	144	220
4778	8	9	17	102	119	221
4779	8	9	18	103	119	223
4780	8	9	19	104	119	225
4781	8	10	0	82	105	187
4782	8	10	1	83	105	189
4783	8	10	2	84	158	190
4784	8	10	3	85	158	192
4785	8	10	4	86	158	194
4786	8	10	5	87	158	196
4787	8	10	6	88	158	198
4788	8	10	7	89	105	199
4789	8	10	8	90	105	201
4790	8	10	9	91	105	203
4791	8	10	10	92	105	205
4792	8	10	11	93	158	206
4793	8	10	12	94	158	208
4794	8	10	13	95	158	210
4795	8	10	14	96	158	212
4796	8	10	15	97	158	214
4797	8	10	16	98	105	215
4798	8	10	17	99	105	217
4799	8	10	18	100	105	219
4800	8	11	0	79	170	183
4801	8	11	1	80	93	184
4802	8	11	2	81	93	186
4803	8	11	3	82	93	188
4804	8	11	4	83	93	190
4805	8	11	5	84	170	191
4806	8	11	6	85	170	193
4807	8	11	7	86	170	195
4808	8	11	8	87	170	197
4809	8	11	9	88	170	199
4810	8	11	10	89	93	200
4811	8	11	11	90	93	202
4812	8	11	12	91	93	204
4813	8	11	13	92	93	206
4814	8	11	14	93	170	207
4815	8	11	15	94	170	209
4816	8	11	16	95	170	211
4817	8	11	17	96	170	213
4818	8	12	0	76	113	178
4819	8	12	1	77	113	180
4820	8	12	2	78	113	182
4821	8	12	3	79	113	184
4822	8	12	4	80	150	185
4823	8	12	5	81	150	187
4824	8	12	6	82	150	189
4825	8	12	7	83	150	191
4826	8	12	8	84	113	192
4827	8	12	9	85	113	194
4828	8	12	10	86	113	196
4829	8	12	11	87	113	198
4830	8	12	12	88	113	200
4831	8	12	13	89	150	201
4832	8	12	14	90	150	203
4833	8	12	15	91	150	205
4834	8	12	16	92	150	207
4835	8	13	0	73	208	174
4836	8	13	1	74	208	176
4837	8	13	2	75	55	177
4838	8	13	3	76	55	179
4839	8	13	4	77	55	181
4840	8	13	5	78	55	183
4841	8	13	6	79	55	185
4842	8	13	7	80	208	186
4843	8	13	8	81	208	188
4844	8	13	9	82	208	190
4845	8	13	10	83	208	192
4846	8	13	11	84	55	193
4847	8	13	12	85	55	195
4848	8	13	13	86	55	197
4849	8	13	14	87	55	199
4850	8	13	15	88	55	201
4851	8	14	0	70	199	170
4852	8	14	1	71	64	171
4853	8	14	2	72	64	173
4854	8	14	3	73	64	175
4855	8	14	4	74	64	177
4856	8	14	5	75	199	178
4857	8	14	6	76	199	180
4858	8	14	7	77	199	182
4859	8	14	8	78	199	184
4860	8	14	9	79	199	186
4861	8	14	10	80	64	187
4862	8	14	11	81	64	189
4863	8	14	12	82	64	191
4864	8	14	13	83	64	193
4865	8	14	14	84	199	194
4866	8	15	0	67	41	165
4867	8	15	1	68	41	167
4868	8	15	2	69	41	169
4869	8	15	3	70	41	171
4870	8	15	4	71	222	172
4871	8	15	5	72	222	174
4872	8	15	6	73	222	176
4873	8	15	7	74	222	178
4874	8	15	8	75	41	179
4875	8	15	9	76	41	181
4876	8	15	10	77	41	183
4877	8	15	11	78	41	185
4878	8	15	12	79	41	187
4879	8	15	13	80	222	188
4880	8	16	0	64	129	161
4881	8	16	1	65	129	163
4882	8	16	2	66	134	164
4883	8	16	3	67	134	166
4884	8	16	4	68	134	168
4885	8	16	5	69	134	170
4886	8	16	6	70	134	172
4887	8	16	7	71	129	173
4888	8	16	8	72	129	175
4889	8	16	9	73	129	177
4890	8	16	10	74	129	179
4891	8	16	11	75	134	180
4892	8	16	12	76	134	182
4893	8	17	0	61	21	157
4894	8	17	1	62	242	158
4895	8	17	2	63	242	160
4896	8	17	3	64	242	162
4897	8	17	4	65	242	164
4898	8	17	5	66	21	165
4899	8	17	6	67	21	167
4900	8	17	7	68	21	169
4901	8	17	8	69	21	171
4902	8	17	9	70	21	173
4903	8	17	10	71	242	174
4904	8	17	11	72	242	176
4905	8	18	0	58	229	152
4906	8	18	1	59	229	154
4907	8	18	2	60	229	156
4908	8	18	3	61	229	158
4909	8	18	4	62	34	159
4910	8	18	5	63	34	161
4911	8	18	6	64	34	163
4912	8	18	7	65	34	165
4913	8	18	8	66	229	166
4914	8	18	9	67	229	168
4915	8	18	10	68	229	170
4916	8	19	0	55	233	148
4917	8	19	1	56	233	150
4918	8	19	2	57	30	151
4919	8	19	3	58	30	153
4920	8	19	4	59	30	155
4921	8	19	5	60	30	157
4922	8	19	6	61	30	159
4923	8	19	7	62	233	160
4924	8	19	8	63	233	162
4925	8	19	9	64	233	164
4926	8	20	0	52	252	144
4927	8	20	1	53	11	145
4928	8	20	2	54	11	147
4929	8	20	3	55	11	149
4930	8	20	4	56	11	151
4931	8	20	5	57	252	152
4932	8	20	6	58	252	154
4933	8	20	7	59	252	156
4934	8	20	8	60	252	158
4935	8	21	0	49	118	139
4936	8	21	1	50	118	141
4937	8	21	2	51	118	143
4938	8	21	3	52	118	145
4939	8	21	4	53	145	146
4940	8	21	5	54	145	148
4941	8	21	6	55	145	150
4942	8	21	7	56	145	152
4943	8	22	0	46	166	135
4944	8	22	1	47	166	137
4945	8	22	2	48	97	138
4946	8	22	3	49	97	140
4947	8	22	4	50	97	142
4948	8	22	5	51	97	144
4949	8	22	6	52	97	146
4950	8	23	0	43	131	131
4951	8	23	1	44	132	132
4952	8	23	2	45	132	134
4953	8	23	3	46	132	136
4954	8	23	4	47	132	138
4955	8	23	5	48	131	139
4956	8	24	0	40	101	126
4957	8	24	1	41	101	128
4958	8	24	2	42	101	130
4959	8	24	3	43	101	132
4960	8	24	4	44	162	133
4961	8	25	0	37	151	122
4962	8	25	1	38	151	124
4963	8	25	2	39	112	125
4964	8	25	3	40	112	127
4965	8	26	0	34	257	118
4966	8	26	1	35	257	120
4967	8	26	2	36	6	121
4968	8	27	0	31	103	114
4969	8	27	1	32	160	115
4970	8	28	0	28	29	110
4971	9	0	0	6	191	87
4972	9	0	1	7	245	87
4973	9	0	2	5	25	88
4974	9	0	3	8	18	88
4975	9	0	4	4	163	89
4976	9	0	5	9	254	89
4977	9	0	6	10	127	89
4978	9	0	7	3	126	90
4979	9	0	8	2	241	91
4980	9	0	9	11	127	91
4981	9	0	10	12	195	91
4982	9	0	11	1	175	92
4983	9	0	12	13	34	92
4984	9	0	13	0	89	93
4985	9	0	14	14	229	93
4986	9	0	15	15	17	94
4987	9	0	16	16	140	94
4988	9	0	17	17	140	96
4989	9	0	18	18	140	98
4990	9	1	0	6	191	88
4991	9	1	1	7	245	88
4992	9	1	2	5	25	89
4993	9	1	3	8	18	89
4994	9	1	4	4	163	90
4995	9	1	5	9	254	90
4996	9	1	6	10	127	90
4997	9	1	7	3	126	91
4998	9	1	8	2	241	92
4999	9	1	9	11	127	92
5000	9	1	10	12	195	92
5001	9	1	11	1	175	93
5002	9	1	12	13	34	93
5003	9	1	13	0	89	94
5004	9	1	14	14	229	94
5005	9	1	15	15	17	95
5006	9	1	16	16	140	95
5007	9	1	17	17	140	97
5008	9	1	18	19	170	98
5009	9	2	0	6	191	89
5010	9	2	1	7	245	89
5011	9	2	2	5	25	90
5012	9	2	3	8	18	90
5013	9	2	4	4	163	91
5014	9	2	5	9	254	91
5015	9	2	6	10	127	91
5016	9	2	7	3	126	92
5017	9	2	8	2	241	93
5018	9	2	9	11	127	93
5019	9	2	10	12	195	93
5020	9	2	11	1	175	94
5021	9	2	12	13	34	94
5022	9	2	13	0	89	95
5023	9	2	14	14	229	95
5024	9	2	15	15	17	96
5025	9	2	16	16	140	96
5026	9	2	17	17	140	98
5027	9	3	0	6	191	90
5028	9	3	1	7	245	90
5029	9	3	2	5	25	91
5030	9	3	3	8	18	91
5031	9	3	4	4	163	92
5032	9	3	5	9	254	92
5033	9	3	6	10	127	92
5034	9	3	7	3	126	93
5035	9	3	8	2	241	94
5036	9	3	9	11	127	94
5037	9	3	10	12	195	94
5038	9	3	11	1	175	95
5039	9	3	12	13	34	95
5040	9	3	13	0	89	96
5041	9	3	14	14	229	96
5042	9	3	15	15	17	97
5043	9	3	16	16	140	97
5044	9	3	17	17	140	99
5045	9	4	0	6	191	91
5046	9	4	1	7	245	91
5047	9	4	2	5	25	92
5048	9	4	3	8	18	92
5049	9	4	4	4	163	93
5050	9	4	5	9	254	93
5051	9	4	6	10	127	93
5052	9	4	7	3	126	94
5053	9	4	8	2	241	95
5054	9	4	9	11	127	95
5055	9	4	10	12	195	95
5056	9	4	11	1	175	96
5057	9	4	12	13	34	96
5058	9	4	13	0	89	97
5059	9	4	14	14	229	97
5060	9	4	15	15	17	98
5061	9	4	16	16	140	98
5062	9	5	0	6	191	92
5063	9	5	1	7	245	92
5064	9	5	2	5	25	93
5065	9	5	3	8	18	93
5066	9	5	4	4	163	94
5067	9	5	5	9	254	94
5068	9	5	6	10	127	94
5069	9	5	7	3	126	95
5070	9	5	8	2	241	96
5071	9	5	9	11	127	96
5072	9	5	10	12	195	96
5073	9	5	11	1	175	97
5074	9	5	12	13	34	97
5075	9	5	13	0	89	98
5076	9	5	14	14	229	98
5077	9	5	15	15	17	99
5078	9	5	16	16	140	99
5079	9	6	0	6	191	93
5080	9	6	1	7	245	93
5081	9	6	2	5	25	94
5082	9	6	3	8	18	94
5083	9	6	4	4	163	95
5084	9	6	5	9	254	95
5085	9	6	6	10	127	95
5086	9	6	7	3	126	96
5087	9	6	8	2	241	97
5088	9	6	9	11	127	97
5089	9	6	10	12	195	97
5090	9	6	11	1	175	98
5091	9	6	12	13	34	98
5092	9	6	13	0	89	99
5093	9	6	14	14	229	99
5094	9	6	15	18	159	99
5095	9	7	0	6	191	94
5096	9	7	1	7	245	94
5097	9	7	2	5	25	95
5098	9	7	3	8	18	95
5099	9	7	4	4	163	96
5100	9	7	5	9	254	96
5101	9	7	6	10	127	96
5102	9	7	7	3	126	97
5103	9	7	8	2	241	98
5104	9	7	9	11	127	98
5105	9	7	10	12	195	98
5106	9	7	11	1	175	99
5107	9	7	12	13	34	99
5108	9	7	13	19	81	99
5109	9	7	14	0	98	100
5110	9	7	15	14	43	100
5111	9	8	0	6	191	95
5112	9	8	1	7	245	95
5113	9	8	2	5	25	96
5114	9	8	3	8	18	96
5115	9	8	4	4	163	97
5116	9	8	5	9	254	97
5117	9	8	6	10	127	97
5118	9	8	7	3	126	98
5119	9	8	8	2	241	99
5120	9	8	9	11	127	99
5121	9	8	10	12	195	99
5122	9	8	11	1	175	100
5123	9	8	12	13	34	100
5124	9	8	13	15	247	100
5125	9	8	14	16	205	100
5126	9	9	0	6	191	96
5127	9	9	1	7	245	96
5128	9	9	2	5	25	97
5129	9	9	3	8	18	97
5130	9	9	4	4	163	98
5131	9	9	5	9	254	98
5132	9	9	6	10	127	98
5133	9	9	7	3	126	99
5134	9	9	8	2	241	100
5135	9	9	9	11	127	100
5136	9	9	10	12	195	100
5137	9	9	11	17	58	100
5138	9	9	12	18	84	100
5139	9	9	13	19	205	100
5140	9	9	14	20	133	100
5141	9	10	0	6	191	97
5142	9	10	1	7	245	97
5143	9	10	2	5	25	98
5144	9	10	3	8	18	98
5145	9	10	4	4	163	99
5146	9	10	5	9	254	99
5147	9	10	6	10	127	99
5148	9	10	7	3	126	100
5149	9	10	8	0	69	101
5150	9	10	9	1	175	101
5151	9	10	10	2	30	101
5152	9	10	11	11	142	101
5153	9	10	12	12	224	101
5154	9	10	13	13	125	101
5155	9	11	0	6	191	98
5156	9	11	1	7	245	98
5157	9	11	2	5	25	99
5158	9	11	3	8	18	99
5159	9	11	4	4	163	100
5160	9	11	5	9	254	100
5161	9	11	6	10	127	100
5162	9	11	7	3	126	101
5163	9	11	8	14	9	101
5164	9	11	9	15	43	101
5165	9	11	10	16	13	101
5166	9	11	11	17	164	101
5167	9	11	12	18	61	101
5168	9	11	13	19	24	101
5169	9	12	0	6	191	99
5170	9	12	1	7	245	99
5171	9	12	2	5	25	100
5172	9	12	3	8	18	100
5173	9	12	4	4	163	101
5174	9	12	5	9	254	101
5175	9	12	6	10	127	101
5176	9	12	7	20	208	101
5177	9	12	8	21	231	101
5178	9	12	9	0	103	102
5179	9	12	10	1	97	102
5180	9	12	11	2	110	102
5181	9	12	12	3	50	102
5182	9	13	0	6	191	100
5183	9	13	1	7	245	100
5184	9	13	2	5	25	101
5185	9	13	3	8	18	101
5186	9	13	4	4	163	102
5187	9	13	5	9	254	102
5188	9	13	6	10	127	102
5189	9	13	7	11	89	102
5190	9	13	8	12	130	102
5191	9	13	9	13	1	102
5192	9	13	10	14	98	102
5193	9	13	11	15	241	102
5194	9	13	12	16	1	102
5195	9	14	0	6	191	101
5196	9	14	1	7	245	101
5197	9	14	2	5	25	102
5198	9	14	3	8	18	102
5199	9	14	4	17	198	102
5200	9	14	5	18	46	102
5201	9	14	6	19	162	102
5202	9	14	7	20	118	102
5203	9	14	8	21	174	102
5204	9	14	9	22	117	102
5205	9	14	10	0	94	103
5206	9	14	11	1	153	103
5207	9	15	0	6	191	102
5208	9	15	1	7	245	102
5209	9	15	2	2	148	103
5210	9	15	3	3	229	103
5211	9	15	4	4	138	103
5212	9	15	5	5	248	103
5213	9	15	6	8	260	103
5214	9	15	7	9	122	103
5215	9	15	8	10	5	103
5216	9	15	9	11	39	103
5217	9	15	10	12	128	103
5218	9	15	11	13	32	103
5219	9	16	0	6	191	103
5220	9	16	1	7	245	103
5221	9	16	2	14	116	103
5222	9	16	3	15	247	103
5223	9	16	4	16	138	103
5224	9	16	5	17	120	103
5225	9	16	6	18	61	103
5226	9	16	7	20	156	103
5227	9	16	8	21	204	103
5228	9	16	9	22	64	103
5229	9	16	10	0	56	104
5230	9	17	0	19	80	103
5231	9	17	1	1	205	104
5232	9	17	2	2	247	104
5233	9	17	3	3	198	104
5234	9	17	4	4	8	104
5235	9	17	5	5	245	104
5236	9	17	6	6	195	104
5237	9	17	7	8	12	104
5238	9	17	8	9	26	104
5239	9	17	9	10	247	104
5240	9	17	10	11	227	104
5241	9	18	0	7	18	104
5242	9	18	1	12	18	104
5243	9	18	2	13	119	104
5244	9	18	3	14	163	104
5245	9	18	4	15	255	104
5246	9	18	5	16	155	104
5247	9	18	6	22	48	104
5248	9	18	7	23	1	104
5249	9	18	8	0	98	105
5250	9	18	9	1	55	105
5251	9	19	0	2	55	105
5252	9	19	1	3	109	105
5253	9	19	2	4	82	105
5254	9	19	3	5	192	105
5255	9	19	4	6	6	105
5256	9	19	5	7	179	105
5257	9	19	6	8	143	105
5258	9	19	7	9	101	105
5259	9	19	8	10	204	105
5260	9	19	9	11	185	105
5261	9	20	0	12	51	105
5262	9	20	1	13	116	105
5263	9	20	2	14	132	105
5264	9	20	3	23	86	105
5265	9	20	4	24	142	105
5266	9	20	5	0	259	106
5267	9	20	6	1	230	106
5268	9	20	7	2	87	106
5269	9	20	8	3	69	106
5270	9	21	0	5	220	106
5271	9	21	1	4	31	106
5272	9	21	2	6	171	106
5273	9	21	3	7	61	106
5274	9	21	4	8	87	106
5275	9	21	5	9	137	106
5276	9	21	6	10	171	106
5277	9	21	7	11	193	106
5278	9	21	8	12	28	106
5279	9	22	0	13	88	106
5280	9	22	1	24	133	106
5281	9	22	2	25	65	106
5282	9	22	3	0	222	107
5283	9	22	4	1	97	107
5284	9	22	5	2	158	107
5285	9	22	6	3	226	107
5286	9	22	7	4	90	107
5287	9	23	0	5	109	107
5288	9	23	1	6	170	107
5289	9	23	2	7	239	107
5290	9	23	3	8	127	107
5291	9	23	4	9	151	107
5292	9	23	5	10	117	107
5293	9	23	6	11	79	107
5294	9	23	7	25	172	107
5295	9	24	0	26	254	107
5296	9	24	1	0	218	108
5297	9	24	2	1	82	108
5298	9	24	3	2	213	108
5299	9	24	4	3	34	108
5300	9	24	5	4	92	108
5301	9	24	6	5	181	108
5302	9	25	0	6	14	108
5303	9	25	1	7	154	108
5304	9	25	2	8	129	108
5305	9	25	3	9	73	108
5306	9	25	4	10	83	108
5307	9	25	5	26	149	108
5308	9	25	6	0	166	109
5309	9	26	0	1	243	109
5310	9	26	1	2	131	109
5311	9	26	2	3	199	109
5312	9	26	3	4	229	109
5313	9	26	4	5	196	109
5314	9	26	5	6	3	109
5315	9	27	0	7	226	109
5316	9	27	1	8	63	109
5317	9	27	2	27	124	109
5318	9	27	3	0	233	110
5319	9	27	4	1	262	110
5320	9	27	5	2	252	110
5321	9	28	0	3	255	110
5322	9	28	1	4	64	110
5323	9	28	2	5	227	110
5324	9	28	3	6	212	110
5325	9	28	4	7	96	110
5326	9	29	0	0	1	111
5327	9	29	1	1	12	111
5328	9	29	2	2	261	111
5329	9	29	3	3	108	111
5330	9	29	4	4	220	111
5331	9	30	0	5	241	111
5332	9	30	1	6	126	111
5333	9	30	2	29	24	111
5334	9	30	3	0	95	112
5335	9	31	0	1	239	112
5336	9	31	1	2	60	112
5337	9	31	2	3	150	112
5338	9	31	3	4	127	112
5339	9	32	0	5	69	112
5340	9	32	1	0	25	113
5341	9	32	2	1	135	113
5342	9	33	0	2	157	113
5343	9	33	1	3	148	113
5344	9	33	2	30	71	113
5345	9	34	0	0	32	114
5346	9	34	1	1	147	114
5347	9	35	0	2	243	114
5348	9	35	1	0	43	115
5349	9	36	0	1	129	115
5350	9	37	0	0	245	116
5351	10	0	0	17	171	104
5352	10	0	1	20	193	104
5353	10	0	2	21	228	104
5354	10	0	3	22	35	105
5355	10	0	4	23	228	106
5356	10	0	5	24	149	107
5357	10	0	6	25	114	108
5358	10	0	7	26	206	109
5359	10	0	8	27	57	110
5360	10	0	9	28	206	111
5361	10	0	10	29	160	112
5362	10	0	11	3	53	114
5363	10	0	12	31	103	115
5364	10	0	13	32	80	116
5365	10	0	14	33	183	117
5366	10	0	15	34	183	119
5367	10	0	16	35	183	121
5368	10	0	17	36	40	122
5369	10	0	18	37	223	123
5370	10	0	19	38	223	125
5371	10	0	20	39	20	126
5372	10	0	21	40	20	128
5373	10	0	22	41	243	129
5374	10	0	23	42	243	131
5375	10	0	24	43	243	133
5376	10	0	25	44	10	134
5377	10	0	26	45	253	135
5378	10	0	27	46	253	137
5379	10	0	28	47	253	139
5380	10	0	29	48	5	140
5381	10	0	30	49	258	141
5382	10	0	31	50	258	143
5383	10	0	32	51	258	145
5384	10	0	33	52	258	147
5385	10	0	34	53	129	147
5386	10	0	35	54	129	149
5387	10	0	36	55	129	151
5388	10	0	37	56	129	153
5389	10	0	38	57	196	153
5390	10	0	39	58	196	155
5391	10	0	40	59	196	157
5392	10	0	41	60	196	159
5393	10	0	42	61	67	160
5394	10	0	43	62	98	161
5395	10	0	44	63	98	163
5396	10	1	0	19	70	104
5397	10	1	1	20	193	105
5398	10	1	2	21	228	105
5399	10	1	3	22	35	106
5400	10	1	4	23	228	107
5401	10	1	5	24	149	108
5402	10	1	6	25	114	109
5403	10	1	7	8	131	110
5404	10	1	8	27	57	111
5405	10	1	9	28	206	112
5406	10	1	10	29	160	113
5407	10	1	11	30	103	114
5408	10	1	12	31	103	116
5409	10	1	13	32	80	117
5410	10	1	14	33	183	118
5411	10	1	15	34	183	120
5412	10	1	16	35	183	122
5413	10	1	17	36	40	123
5414	10	1	18	37	223	124
5415	10	1	19	38	223	126
5416	10	1	20	39	20	127
5417	10	1	21	40	20	129
5418	10	1	22	41	243	130
5419	10	1	23	42	243	132
5420	10	1	24	43	243	134
5421	10	1	25	44	10	135
5422	10	1	26	45	253	136
5423	10	1	27	46	253	138
5424	10	1	28	47	253	140
5425	10	1	29	48	5	141
5426	10	1	30	49	258	142
5427	10	1	31	50	258	144
5428	10	1	32	51	258	146
5429	10	1	33	52	258	148
5430	10	1	34	53	129	148
5431	10	1	35	54	129	150
5432	10	1	36	55	129	152
5433	10	1	37	56	129	154
5434	10	1	38	57	196	154
5435	10	1	39	58	196	156
5436	10	1	40	59	196	158
5437	10	1	41	60	196	160
5438	10	1	42	61	67	161
5439	10	1	43	62	98	162
5440	10	2	0	18	140	104
5441	10	2	1	15	58	105
5442	10	2	2	14	43	106
5443	10	2	3	21	35	106
5444	10	2	4	22	228	107
5445	10	2	5	23	35	108
5446	10	2	6	9	91	109
5447	10	2	7	25	149	110
5448	10	2	8	26	206	110
5449	10	2	9	27	206	112
5450	10	2	10	28	57	113
5451	10	2	11	29	103	114
5452	10	2	12	30	160	115
5453	10	2	13	31	160	117
5454	10	2	14	32	183	118
5455	10	2	15	33	80	119
5456	10	2	16	34	80	121
5457	10	2	17	35	80	123
5458	10	2	18	36	223	124
5459	10	2	19	37	40	125
5460	10	2	20	38	40	127
5461	10	2	21	39	243	128
5462	10	2	22	40	243	130
5463	10	2	23	41	20	131
5464	10	2	24	42	20	133
5465	10	2	25	43	20	135
5466	10	2	26	44	253	136
5467	10	2	27	45	10	137
5468	10	2	28	46	10	139
5469	10	2	29	47	10	141
5470	10	2	30	48	258	142
5471	10	2	31	49	5	143
5472	10	2	32	50	5	145
5473	10	2	33	51	5	147
5474	10	2	34	52	5	149
5475	10	2	35	53	134	149
5476	10	2	36	54	134	151
5477	10	2	37	55	134	153
5478	10	2	38	56	134	155
5479	10	2	39	57	67	155
5480	10	2	40	58	67	157
5481	10	2	41	59	67	159
5482	10	2	42	60	67	161
5483	10	3	0	18	140	105
5484	10	3	1	19	70	105
5485	10	3	2	20	193	106
5486	10	3	3	12	227	107
5487	10	3	4	11	64	108
5488	10	3	5	23	35	109
5489	10	3	6	24	149	109
5490	10	3	7	25	149	111
5491	10	3	8	26	206	111
5492	10	3	9	4	55	113
5493	10	3	10	28	57	114
5494	10	3	11	29	103	115
5495	10	3	12	30	160	116
5496	10	3	13	31	160	118
5497	10	3	14	32	183	119
5498	10	3	15	33	80	120
5499	10	3	16	34	80	122
5500	10	3	17	35	80	124
5501	10	3	18	36	223	125
5502	10	3	19	37	40	126
5503	10	3	20	38	40	128
5504	10	3	21	39	243	129
5505	10	3	22	40	243	131
5506	10	3	23	41	20	132
5507	10	3	24	42	20	134
5508	10	3	25	43	20	136
5509	10	3	26	44	253	137
5510	10	3	27	45	10	138
5511	10	3	28	46	10	140
5512	10	3	29	47	10	142
5513	10	3	30	48	258	143
5514	10	3	31	49	5	144
5515	10	3	32	50	5	146
5516	10	3	33	51	5	148
5517	10	3	34	52	5	150
5518	10	3	35	53	134	150
5519	10	3	36	54	134	152
5520	10	3	37	55	134	154
5521	10	3	38	56	134	156
5522	10	3	39	57	67	156
5523	10	3	40	58	67	158
5524	10	3	41	59	67	160
5525	10	4	0	17	140	105
5526	10	4	1	18	123	106
5527	10	4	2	19	193	106
5528	10	4	3	20	70	107
5529	10	4	4	21	35	107
5530	10	4	5	22	228	108
5531	10	4	6	23	228	110
5532	10	4	7	24	114	110
5533	10	4	8	6	259	112
5534	10	4	9	26	57	112
5535	10	4	10	27	206	113
5536	10	4	11	28	206	115
5537	10	4	12	1	212	116
5538	10	4	13	30	103	117
5539	10	4	14	31	103	119
5540	10	4	15	32	80	120
5541	10	4	16	33	183	121
5542	10	4	17	34	183	123
5543	10	4	18	35	183	125
5544	10	4	19	36	40	126
5545	10	4	20	37	223	127
5546	10	4	21	38	223	129
5547	10	4	22	39	20	130
5548	10	4	23	40	20	132
5549	10	4	24	41	243	133
5550	10	4	25	42	243	135
5551	10	4	26	43	243	137
5552	10	4	27	44	10	138
5553	10	4	28	45	253	139
5554	10	4	29	46	253	141
5555	10	4	30	47	253	143
5556	10	4	31	48	5	144
5557	10	4	32	49	258	145
5558	10	4	33	50	258	147
5559	10	4	34	51	258	149
5560	10	4	35	52	258	151
5561	10	4	36	53	129	151
5562	10	4	37	54	129	153
5563	10	4	38	55	129	155
5564	10	4	39	56	129	157
5565	10	4	40	57	196	157
5566	10	5	0	15	131	106
5567	10	5	1	13	62	107
5568	10	5	2	19	193	107
5569	10	5	3	20	70	108
5570	10	5	4	21	35	108
5571	10	5	5	22	228	109
5572	10	5	6	7	61	111
5573	10	5	7	24	114	111
5574	10	5	8	25	149	112
5575	10	5	9	26	57	113
5576	10	5	10	27	206	114
5577	10	5	11	28	206	116
5578	10	5	12	29	103	116
5579	10	5	13	30	103	118
5580	10	5	14	31	103	120
5581	10	5	15	32	80	121
5582	10	5	16	33	183	122
5583	10	5	17	34	183	124
5584	10	5	18	35	183	126
5585	10	5	19	36	40	127
5586	10	5	20	37	223	128
5587	10	5	21	38	223	130
5588	10	5	22	39	20	131
5589	10	5	23	40	20	133
5590	10	5	24	41	243	134
5591	10	5	25	42	243	136
5592	10	5	26	43	243	138
5593	10	5	27	44	10	139
5594	10	5	28	45	253	140
5595	10	5	29	46	253	142
5596	10	5	30	47	253	144
5597	10	5	31	48	5	145
5598	10	5	32	49	258	146
5599	10	5	33	50	258	148
5600	10	5	34	51	258	150
5601	10	5	35	52	258	152
5602	10	5	36	53	129	152
5603	10	5	37	54	129	154
5604	10	5	38	55	129	156
5605	10	5	39	56	129	158
5606	10	6	0	16	123	105
5607	10	6	1	17	140	106
5608	10	6	2	18	123	107
5609	10	6	3	12	172	108
5610	10	6	4	10	238	109
5611	10	6	5	21	228	109
5612	10	6	6	22	35	110
5613	10	6	7	23	228	111
5614	10	6	8	24	149	112
5615	10	6	9	25	114	113
5616	10	6	10	26	206	114
5617	10	6	11	27	57	115
5618	10	6	12	28	57	117
5619	10	6	13	29	160	117
5620	10	6	14	30	160	119
5621	10	6	15	31	160	121
5622	10	6	16	32	183	122
5623	10	6	17	33	80	123
5624	10	6	18	34	80	125
5625	10	6	19	35	80	127
5626	10	6	20	36	223	128
5627	10	6	21	37	40	129
5628	10	6	22	38	40	131
5629	10	6	23	39	243	132
5630	10	6	24	40	243	134
5631	10	6	25	41	20	135
5632	10	6	26	42	20	137
5633	10	6	27	43	20	139
5634	10	6	28	44	253	140
5635	10	6	29	45	10	141
5636	10	6	30	46	10	143
5637	10	6	31	47	10	145
5638	10	6	32	48	258	146
5639	10	6	33	49	5	147
5640	10	6	34	50	5	149
5641	10	6	35	51	5	151
5642	10	6	36	52	5	153
5643	10	6	37	53	134	153
5644	10	6	38	54	134	155
5645	10	7	0	16	123	106
5646	10	7	1	17	140	107
5647	10	7	2	18	123	108
5648	10	7	3	19	193	108
5649	10	7	4	20	70	109
5650	10	7	5	9	256	110
5651	10	7	6	22	35	111
5652	10	7	7	23	228	112
5653	10	7	8	24	149	113
5654	10	7	9	25	114	114
5655	10	7	10	2	220	115
5656	10	7	11	27	57	116
5657	10	7	12	28	57	118
5658	10	7	13	29	160	118
5659	10	7	14	30	160	120
5660	10	7	15	31	160	122
5661	10	7	16	32	183	123
5662	10	7	17	33	80	124
5663	10	7	18	34	80	126
5664	10	7	19	35	80	128
5665	10	7	20	36	223	129
5666	10	7	21	37	40	130
5667	10	7	22	38	40	132
5668	10	7	23	39	243	133
5669	10	7	24	40	243	135
5670	10	7	25	41	20	136
5671	10	7	26	42	20	138
5672	10	7	27	43	20	140
5673	10	7	28	44	253	141
5674	10	7	29	45	10	142
5675	10	7	30	46	10	144
5676	10	7	31	47	10	146
5677	10	7	32	48	258	147
5678	10	7	33	49	5	148
5679	10	7	34	50	5	150
5680	10	7	35	51	5	152
5681	10	7	36	52	5	154
5682	10	7	37	53	134	154
5683	10	8	0	14	68	107
5684	10	8	1	16	140	107
5685	10	8	2	17	123	108
5686	10	8	3	18	140	109
5687	10	8	4	19	70	109
5688	10	8	5	20	193	110
5689	10	8	6	21	228	110
5690	10	8	7	22	228	112
5691	10	8	8	23	35	113
5692	10	8	9	4	247	114
5693	10	8	10	25	149	115
5694	10	8	11	26	206	115
5695	10	8	12	27	206	117
5696	10	8	13	28	206	119
5697	10	8	14	29	103	119
5698	10	8	15	30	103	121
5699	10	8	16	31	103	123
5700	10	8	17	32	80	124
5701	10	8	18	33	183	125
5702	10	8	19	34	183	127
5703	10	8	20	35	183	129
5704	10	8	21	36	40	130
5705	10	8	22	37	223	131
5706	10	8	23	38	223	133
5707	10	8	24	39	20	134
5708	10	8	25	40	20	136
5709	10	8	26	41	243	137
5710	10	8	27	42	243	139
5711	10	8	28	43	243	141
5712	10	8	29	44	10	142
5713	10	8	30	45	253	143
5714	10	8	31	46	253	145
5715	10	8	32	47	253	147
5716	10	8	33	48	5	148
5717	10	8	34	49	258	149
5718	10	8	35	50	258	151
5719	10	8	36	51	258	153
5720	10	9	0	15	246	107
5721	10	9	1	13	261	108
5722	10	9	2	11	248	109
5723	10	9	3	10	202	110
5724	10	9	4	19	70	110
5725	10	9	5	20	193	111
5726	10	9	6	21	228	111
5727	10	9	7	5	244	113
5728	10	9	8	23	35	114
5729	10	9	9	24	149	114
5730	10	9	10	25	149	116
5731	10	9	11	26	206	116
5732	10	9	12	27	206	118
5733	10	9	13	28	206	120
5734	10	9	14	29	103	120
5735	10	9	15	30	103	122
5736	10	9	16	31	103	124
5737	10	9	17	32	80	125
5738	10	9	18	33	183	126
5739	10	9	19	34	183	128
5740	10	9	20	35	183	130
5741	10	9	21	36	40	131
5742	10	9	22	37	223	132
5743	10	9	23	38	223	134
5744	10	9	24	39	20	135
5745	10	9	25	40	20	137
5746	10	9	26	41	243	138
5747	10	9	27	42	243	140
5748	10	9	28	43	243	142
5749	10	9	29	44	10	143
5750	10	9	30	45	253	144
5751	10	9	31	46	253	146
5752	10	9	32	47	253	148
5753	10	9	33	48	5	149
5754	10	9	34	49	258	150
5755	10	9	35	50	258	152
5756	10	10	0	14	34	108
5757	10	10	1	15	17	108
5758	10	10	2	16	140	108
5759	10	10	3	17	123	109
5760	10	10	4	18	140	110
5761	10	10	5	8	163	111
5762	10	10	6	7	207	112
5763	10	10	7	21	35	112
5764	10	10	8	22	228	113
5765	10	10	9	23	228	115
5766	10	10	10	24	114	115
5767	10	10	11	0	182	117
5768	10	10	12	26	57	117
5769	10	10	13	27	57	119
5770	10	10	14	28	57	121
5771	10	10	15	29	160	121
5772	10	10	16	30	160	123
5773	10	10	17	31	160	125
5774	10	10	18	32	183	126
5775	10	10	19	33	80	127
5776	10	10	20	34	80	129
5777	10	10	21	35	80	131
5778	10	10	22	36	223	132
5779	10	10	23	37	40	133
5780	10	10	24	38	40	135
5781	10	10	25	39	243	136
5782	10	10	26	40	243	138
5783	10	10	27	41	20	139
5784	10	10	28	42	20	141
5785	10	10	29	43	20	143
5786	10	10	30	44	253	144
5787	10	10	31	45	10	145
5788	10	10	32	46	10	147
5789	10	10	33	47	10	149
5790	10	10	34	48	258	150
5791	10	11	0	12	245	109
5792	10	11	1	15	17	109
5793	10	11	2	16	140	109
5794	10	11	3	17	123	110
5795	10	11	4	18	140	111
5796	10	11	5	19	70	111
5797	10	11	6	20	193	112
5798	10	11	7	21	35	113
5799	10	11	8	22	228	114
5800	10	11	9	2	128	116
5801	10	11	10	24	114	116
5802	10	11	11	25	149	117
5803	10	11	12	26	57	118
5804	10	11	13	27	57	120
5805	10	11	14	28	57	122
5806	10	11	15	29	160	122
5807	10	11	16	30	160	124
5808	10	11	17	31	160	126
5809	10	11	18	32	183	127
5810	10	11	19	33	80	128
5811	10	11	20	34	80	130
5812	10	11	21	35	80	132
5813	10	11	22	36	223	133
5814	10	11	23	37	40	134
5815	10	11	24	38	40	136
5816	10	11	25	39	243	137
5817	10	11	26	40	243	139
5818	10	11	27	41	20	140
5819	10	11	28	42	20	142
5820	10	11	29	43	20	144
5821	10	11	30	44	253	145
5822	10	11	31	45	10	146
5823	10	11	32	46	10	148
5824	10	11	33	47	10	150
5825	10	12	0	13	34	109
5826	10	12	1	14	34	109
5827	10	12	2	11	247	110
5828	10	12	3	16	123	110
5829	10	12	4	17	140	111
5830	10	12	5	18	123	112
5831	10	12	6	19	193	112
5832	10	12	7	20	70	113
5833	10	12	8	21	228	114
5834	10	12	9	22	35	115
5835	10	12	10	23	228	116
5836	10	12	11	24	149	117
5837	10	12	12	25	114	118
5838	10	12	13	26	206	119
5839	10	12	14	27	206	121
5840	10	12	15	28	206	123
5841	10	12	16	29	103	123
5842	10	12	17	30	103	125
5843	10	12	18	31	103	127
5844	10	12	19	32	80	128
5845	10	12	20	33	183	129
5846	10	12	21	34	183	131
5847	10	12	22	35	183	133
5848	10	12	23	36	40	134
5849	10	12	24	37	223	135
5850	10	12	25	38	223	137
5851	10	12	26	39	20	138
5852	10	12	27	40	20	140
5853	10	12	28	41	243	141
5854	10	12	29	42	243	143
5855	10	12	30	43	243	145
5856	10	12	31	44	10	146
5857	10	12	32	45	253	147
5858	10	13	0	12	127	110
5859	10	13	1	14	34	110
5860	10	13	2	15	17	110
5861	10	13	3	9	203	111
5862	10	13	4	8	19	112
5863	10	13	5	6	11	113
5864	10	13	6	19	193	113
5865	10	13	7	20	70	114
5866	10	13	8	3	187	115
5867	10	13	9	22	35	116
5868	10	13	10	23	228	117
5869	10	13	11	24	149	118
5870	10	13	12	25	114	119
5871	10	13	13	26	206	120
5872	10	13	14	27	206	122
5873	10	13	15	28	206	124
5874	10	13	16	29	103	124
5875	10	13	17	30	103	126
5876	10	13	18	31	103	128
5877	10	13	19	32	80	129
5878	10	13	20	33	183	130
5879	10	13	21	34	183	132
5880	10	13	22	35	183	134
5881	10	13	23	36	40	135
5882	10	13	24	37	223	136
5883	10	13	25	38	223	138
5884	10	13	26	39	20	139
5885	10	13	27	40	20	141
5886	10	13	28	41	243	142
5887	10	13	29	42	243	144
5888	10	13	30	43	243	146
5889	10	13	31	44	10	147
5890	10	14	0	10	108	111
5891	10	14	1	13	34	110
5892	10	14	2	14	229	111
5893	10	14	3	15	246	111
5894	10	14	4	16	123	111
5895	10	14	5	17	140	112
5896	10	14	6	18	123	113
5897	10	14	7	5	39	114
5898	10	14	8	20	193	115
5899	10	14	9	21	228	115
5900	10	14	10	22	228	117
5901	10	14	11	23	35	118
5902	10	14	12	24	114	119
5903	10	14	13	25	149	120
5904	10	14	14	26	57	121
5905	10	14	15	27	57	123
5906	10	14	16	28	57	125
5907	10	14	17	29	160	125
5908	10	14	18	30	160	127
5909	10	14	19	31	160	129
5910	10	14	20	32	183	130
5911	10	14	21	33	80	131
5912	10	14	22	34	80	133
5913	10	14	23	35	80	135
5914	10	14	24	36	223	136
5915	10	14	25	37	40	137
5916	10	14	26	38	40	139
5917	10	14	27	39	243	140
5918	10	14	28	40	243	142
5919	10	14	29	41	20	143
5920	10	14	30	42	20	145
5921	10	15	0	11	260	111
5922	10	15	1	12	127	111
5923	10	15	2	9	128	112
5924	10	15	3	15	246	112
5925	10	15	4	16	123	112
5926	10	15	5	17	140	113
5927	10	15	6	18	123	114
5928	10	15	7	19	193	114
5929	10	15	8	20	193	116
5930	10	15	9	21	228	116
5931	10	15	10	0	249	118
5932	10	15	11	23	35	119
5933	10	15	12	24	114	120
5934	10	15	13	25	149	121
5935	10	15	14	26	57	122
5936	10	15	15	27	57	124
5937	10	15	16	28	57	126
5938	10	15	17	29	160	126
5939	10	15	18	30	160	128
5940	10	15	19	31	160	130
5941	10	15	20	32	183	131
5942	10	15	21	33	80	132
5943	10	15	22	34	80	134
5944	10	15	23	35	80	136
5945	10	15	24	36	223	137
5946	10	15	25	37	40	138
5947	10	15	26	38	40	140
5948	10	15	27	39	243	141
5949	10	15	28	40	243	143
5950	10	15	29	41	20	144
5951	10	16	0	10	18	112
5952	10	16	1	11	254	112
5953	10	16	2	13	34	111
5954	10	16	3	14	229	112
5955	10	16	4	7	46	113
5956	10	16	5	16	140	113
5957	10	16	6	17	123	114
5958	10	16	7	18	140	115
5959	10	16	8	19	70	115
5960	10	16	9	1	181	117
5961	10	16	10	21	35	117
5962	10	16	11	22	228	118
5963	10	16	12	23	228	120
5964	10	16	13	24	149	121
5965	10	16	14	25	114	122
5966	10	16	15	26	206	123
5967	10	16	16	27	206	125
5968	10	16	17	28	206	127
5969	10	16	18	29	103	127
5970	10	16	19	30	103	129
5971	10	16	20	31	103	131
5972	10	16	21	32	80	132
5973	10	16	22	33	183	133
5974	10	16	23	34	183	135
5975	10	16	24	35	183	137
5976	10	16	25	36	40	138
5977	10	16	26	37	223	139
5978	10	16	27	38	223	141
5979	10	16	28	39	20	142
5980	10	17	0	8	213	113
5981	10	17	1	12	68	112
5982	10	17	2	13	34	112
5983	10	17	3	14	229	113
5984	10	17	4	15	246	113
5985	10	17	5	6	76	114
5986	10	17	6	4	44	115
5987	10	17	7	3	214	116
5988	10	17	8	19	70	116
5989	10	17	9	20	193	117
5990	10	17	10	21	35	118
5991	10	17	11	22	228	119
5992	10	17	12	23	228	121
5993	10	17	13	24	149	122
5994	10	17	14	25	114	123
5995	10	17	15	26	206	124
5996	10	17	16	27	206	126
5997	10	17	17	28	206	128
5998	10	17	18	29	103	128
5999	10	17	19	30	103	130
6000	10	17	20	31	103	132
6001	10	17	21	32	80	133
6002	10	17	22	33	183	134
6003	10	17	23	34	183	136
6004	10	17	24	35	183	138
6005	10	17	25	36	40	139
6006	10	17	26	37	223	140
6007	10	17	27	38	223	142
6008	10	18	0	9	9	113
6009	10	18	1	10	18	113
6010	10	18	2	11	254	113
6011	10	18	3	13	229	113
6012	10	18	4	14	34	114
6013	10	18	5	15	17	114
6014	10	18	6	16	140	114
6015	10	18	7	17	123	115
6016	10	18	8	18	140	116
6017	10	18	9	19	193	117
6018	10	18	10	20	70	118
6019	10	18	11	21	228	119
6020	10	18	12	22	35	120
6021	10	18	13	23	35	122
6022	10	18	14	24	114	123
6023	10	18	15	25	149	124
6024	10	18	16	26	57	125
6025	10	18	17	27	57	127
6026	10	18	18	28	57	129
6027	10	18	19	29	160	129
6028	10	18	20	30	160	131
6029	10	18	21	31	160	133
6030	10	18	22	32	183	134
6031	10	18	23	33	80	135
6032	10	18	24	34	80	137
6033	10	18	25	35	80	139
6034	10	18	26	36	223	140
6035	10	19	0	7	25	114
6036	10	19	1	8	213	114
6037	10	19	2	12	68	113
6038	10	19	3	9	16	114
6039	10	19	4	5	158	115
6040	10	19	5	15	17	115
6041	10	19	6	16	140	115
6042	10	19	7	17	123	116
6043	10	19	8	18	140	117
6044	10	19	9	19	193	118
6045	10	19	10	20	70	119
6046	10	19	11	21	228	120
6047	10	19	12	22	35	121
6048	10	19	13	23	35	123
6049	10	19	14	24	114	124
6050	10	19	15	25	149	125
6051	10	19	16	26	57	126
6052	10	19	17	27	57	128
6053	10	19	18	28	57	130
6054	10	19	19	29	160	130
6055	10	19	20	30	160	132
6056	10	19	21	31	160	134
6057	10	19	22	32	183	135
6058	10	19	23	33	80	136
6059	10	19	24	34	80	138
6060	10	19	25	35	80	140
6061	10	20	0	6	250	115
6062	10	20	1	10	127	114
6063	10	20	2	11	127	114
6064	10	20	3	12	195	114
6065	10	20	4	13	229	114
6066	10	20	5	14	34	115
6067	10	20	6	4	82	116
6068	10	20	7	16	123	116
6069	10	20	8	17	140	117
6070	10	20	9	18	123	118
6071	10	20	10	0	181	119
6072	10	20	11	20	193	120
6073	10	20	12	21	35	121
6074	10	20	13	22	228	122
6075	10	20	14	23	228	124
6076	10	20	15	24	149	125
6077	10	20	16	25	114	126
6078	10	20	17	26	206	127
6079	10	20	18	27	206	129
6080	10	20	19	28	206	131
6081	10	20	20	29	103	131
6082	10	20	21	30	103	133
6083	10	20	22	31	103	135
6084	10	20	23	32	80	136
6085	10	20	24	33	183	137
6086	10	21	0	7	129	115
6087	10	21	1	8	191	115
6088	10	21	2	9	72	115
6089	10	21	3	12	195	115
6090	10	21	4	13	229	115
6091	10	21	5	14	34	116
6092	10	21	6	15	17	116
6093	10	21	7	2	176	117
6094	10	21	8	1	67	118
6095	10	21	9	18	123	119
6096	10	21	10	19	193	119
6097	10	21	11	20	193	121
6098	10	21	12	21	35	122
6099	10	21	13	22	228	123
6100	10	21	14	23	228	125
6101	10	21	15	24	149	126
6102	10	21	16	25	114	127
6103	10	21	17	26	206	128
6104	10	21	18	27	206	130
6105	10	21	19	28	206	132
6106	10	21	20	29	103	132
6107	10	21	21	30	103	134
6108	10	21	22	31	103	136
6109	10	21	23	32	80	137
6110	10	22	0	5	163	116
6111	10	22	1	6	250	116
6112	10	22	2	10	127	115
6113	10	22	3	11	127	115
6114	10	22	4	7	101	116
6115	10	22	5	13	34	116
6116	10	22	6	14	229	117
6117	10	22	7	15	246	117
6118	10	22	8	16	123	117
6119	10	22	9	17	140	118
6120	10	22	10	18	140	120
6121	10	22	11	19	70	120
6122	10	22	12	20	70	122
6123	10	22	13	21	228	123
6124	10	22	14	22	35	124
6125	10	22	15	23	35	126
6126	10	22	16	24	114	127
6127	10	22	17	25	149	128
6128	10	22	18	26	57	129
6129	10	22	19	27	57	131
6130	10	22	20	28	57	133
6131	10	22	21	29	160	133
6132	10	22	22	30	160	135
6133	10	23	0	3	88	117
6134	10	23	1	8	12	116
6135	10	23	2	9	18	116
6136	10	23	3	11	127	116
6137	10	23	4	12	195	116
6138	10	23	5	4	250	117
6139	10	23	6	2	133	118
6140	10	23	7	15	246	118
6141	10	23	8	16	123	118
6142	10	23	9	17	140	119
6143	10	23	10	18	140	121
6144	10	23	11	19	70	121
6145	10	23	12	20	70	123
6146	10	23	13	21	228	124
6147	10	23	14	22	35	125
6148	10	23	15	23	35	127
6149	10	23	16	24	114	128
6150	10	23	17	25	149	129
6151	10	23	18	26	57	130
6152	10	23	19	27	57	132
6153	10	23	20	28	57	134
6154	10	23	21	29	160	134
6155	10	24	0	5	96	117
6156	10	24	1	6	25	117
6157	10	24	2	7	94	117
6158	10	24	3	10	127	116
6159	10	24	4	11	136	117
6160	10	24	5	12	68	117
6161	10	24	6	13	34	117
6162	10	24	7	14	229	118
6163	10	24	8	1	89	119
6164	10	24	9	16	140	119
6165	10	24	10	17	123	120
6166	10	24	11	18	123	122
6167	10	24	12	19	193	122
6168	10	24	13	20	193	124
6169	10	24	14	21	35	125
6170	10	24	15	22	228	126
6171	10	24	16	23	228	128
6172	10	24	17	24	149	129
6173	10	24	18	25	114	130
6174	10	24	19	26	206	131
6175	10	24	20	27	206	133
6176	10	25	0	3	137	118
6177	10	25	1	4	115	118
6178	10	25	2	8	12	117
6179	10	25	3	9	18	117
6180	10	25	4	5	125	118
6181	10	25	5	12	68	118
6182	10	25	6	13	34	118
6183	10	25	7	14	229	119
6184	10	25	8	15	246	119
6185	10	25	9	0	67	120
6186	10	25	10	17	123	121
6187	10	25	11	18	123	123
6188	10	25	12	19	193	123
6189	10	25	13	20	193	125
6190	10	25	14	21	35	126
6191	10	25	15	22	228	127
6192	10	25	16	23	228	129
6193	10	25	17	24	149	130
6194	10	25	18	25	114	131
6195	10	25	19	26	206	132
6196	10	26	0	2	241	119
6197	10	26	1	6	227	118
6198	10	26	2	7	191	118
6199	10	26	3	8	36	118
6200	10	26	4	10	127	117
6201	10	26	5	11	136	118
6202	10	26	6	3	53	119
6203	10	26	7	13	229	119
6204	10	26	8	14	34	120
6205	10	26	9	15	17	120
6206	10	26	10	16	140	120
6207	10	26	11	17	140	122
6208	10	26	12	18	140	124
6209	10	26	13	19	70	124
6210	10	26	14	20	70	126
6211	10	26	15	21	228	127
6212	10	26	16	22	35	128
6213	10	26	17	23	35	130
6214	10	26	18	24	114	131
6215	10	27	0	1	88	120
6216	10	27	1	4	163	119
6217	10	27	2	5	200	119
6218	10	27	3	9	254	118
6219	10	27	4	10	127	118
6220	10	27	5	11	136	119
6221	10	27	6	12	68	119
6222	10	27	7	2	99	120
6223	10	27	8	0	85	121
6224	10	27	9	15	17	121
6225	10	27	10	16	140	121
6226	10	27	11	17	140	123
6227	10	27	12	18	140	125
6228	10	27	13	19	70	125
6229	10	27	14	20	70	127
6230	10	27	15	21	228	128
6231	10	27	16	22	35	129
6232	10	27	17	23	35	131
6233	10	28	0	1	88	121
6234	10	28	1	3	137	120
6235	10	28	2	6	227	119
6236	10	28	3	7	191	119
6237	10	28	4	8	36	119
6238	10	28	5	10	136	119
6239	10	28	6	11	127	120
6240	10	28	7	12	195	120
6241	10	28	8	13	229	120
6242	10	28	9	14	34	121
6243	10	28	10	15	246	122
6244	10	28	11	16	123	122
6245	10	28	12	17	123	124
6246	10	28	13	18	123	126
6247	10	28	14	19	193	126
6248	10	28	15	20	193	128
6249	10	28	16	21	35	129
6250	10	29	0	0	174	122
6251	10	29	1	2	241	121
6252	10	29	2	4	163	120
6253	10	29	3	5	200	120
6254	10	29	4	9	254	119
6255	10	29	5	6	199	120
6256	10	29	6	3	105	121
6257	10	29	7	12	195	121
6258	10	29	8	13	229	121
6259	10	29	9	14	34	122
6260	10	29	10	15	246	123
6261	10	29	11	16	123	123
6262	10	29	12	17	123	125
6263	10	29	13	18	123	127
6264	10	29	14	19	193	127
6265	10	29	15	20	193	129
6266	10	30	0	0	174	123
6267	10	30	1	1	88	122
6268	10	30	2	4	163	121
6269	10	30	3	7	18	120
6270	10	30	4	8	18	120
6271	10	30	5	9	9	120
6272	10	30	6	10	136	120
6273	10	30	7	11	127	121
6274	10	30	8	2	181	122
6275	10	30	9	13	34	122
6276	10	30	10	14	229	123
6277	10	30	11	15	17	124
6278	10	30	12	16	140	124
6279	10	30	13	17	140	126
6280	10	30	14	18	140	128
6281	10	31	0	0	174	124
6282	10	31	1	1	88	123
6283	10	31	2	3	137	122
6284	10	31	3	5	25	121
6285	10	31	4	6	238	121
6286	10	31	5	9	9	121
6287	10	31	6	10	136	121
6288	10	31	7	11	127	122
6289	10	31	8	12	195	122
6290	10	31	9	13	34	123
6291	10	31	10	14	229	124
6292	10	31	11	15	17	125
6293	10	31	12	16	140	125
6294	10	31	13	17	140	127
6295	10	32	0	0	174	125
6296	10	32	1	1	88	124
6297	10	32	2	2	241	123
6298	10	32	3	4	163	122
6299	10	32	4	7	18	121
6300	10	32	5	8	18	121
6301	10	32	6	5	7	122
6302	10	32	7	10	127	122
6303	10	32	8	11	136	123
6304	10	32	9	12	68	123
6305	10	32	10	13	229	124
6306	10	32	11	14	34	125
6307	10	32	12	15	246	126
6308	10	33	0	0	174	126
6309	10	33	1	1	88	125
6310	10	33	2	2	241	124
6311	10	33	3	3	137	123
6312	10	33	4	6	191	122
6313	10	33	5	8	18	122
6314	10	33	6	9	9	122
6315	10	33	7	4	23	123
6316	10	33	8	11	136	124
6317	10	33	9	12	68	124
6318	10	33	10	13	229	125
6319	10	33	11	14	34	126
6320	10	34	0	0	174	127
6321	10	34	1	1	88	126
6322	10	34	2	2	241	125
6323	10	34	3	3	137	124
6324	10	34	4	5	25	123
6325	10	34	5	7	18	122
6326	10	34	6	8	245	123
6327	10	34	7	9	254	123
6328	10	34	8	10	127	123
6329	10	34	9	11	127	125
6330	10	34	10	12	195	125
6331	10	35	0	0	174	128
6332	10	35	1	1	88	127
6333	10	35	2	2	241	126
6334	10	35	3	3	137	125
6335	10	35	4	4	163	124
6336	10	35	5	6	191	123
6337	10	35	6	5	128	124
6338	10	35	7	9	254	124
6339	10	35	8	10	127	124
6340	10	35	9	11	127	126
6341	10	36	0	0	174	129
6342	10	36	1	1	88	128
6343	10	36	2	2	241	127
6344	10	36	3	3	137	126
6345	10	36	4	4	163	125
6346	10	36	5	6	191	124
6347	10	36	6	7	18	123
6348	10	36	7	8	245	124
6349	10	36	8	9	9	125
6350	10	37	0	0	174	130
6351	10	37	1	1	88	129
6352	10	37	2	2	241	128
6353	10	37	3	3	137	127
6354	10	37	4	4	163	126
6355	10	37	5	5	25	125
6356	10	37	6	7	18	124
6357	10	37	7	8	245	125
6358	10	38	0	0	174	131
6359	10	38	1	1	88	130
6360	10	38	2	2	241	129
6361	10	38	3	3	137	128
6362	10	38	4	4	163	127
6363	10	38	5	5	25	126
6364	10	38	6	6	191	125
6365	10	39	0	0	174	132
6366	10	39	1	1	88	131
6367	10	39	2	2	241	130
6368	10	39	3	3	137	129
6369	10	39	4	4	163	128
6370	10	39	5	5	25	127
6371	10	40	0	0	174	133
6372	10	40	1	1	88	132
6373	10	40	2	2	241	131
6374	10	40	3	3	137	130
6375	10	40	4	4	163	129
6376	10	41	0	0	174	134
6377	10	41	1	1	88	133
6378	10	41	2	2	241	132
6379	10	41	3	3	137	131
6380	10	42	0	0	174	135
6381	10	42	1	1	88	134
6382	10	42	2	2	241	133
6383	10	43	0	0	174	136
6384	10	43	1	1	88	135
6385	10	44	0	0	174	137
6386	11	0	0	64	94	165
6387	11	0	1	65	169	166
6388	11	0	2	66	47	167
6389	11	0	3	67	47	169
6390	11	0	4	68	47	171
6391	11	0	5	69	216	172
6392	11	0	6	70	216	174
6393	11	0	7	71	155	175
6394	11	0	8	72	155	177
6395	11	0	9	73	108	178
6396	11	0	10	74	108	180
6397	11	0	11	75	209	181
6398	11	0	12	76	209	183
6399	11	0	13	77	54	184
6400	11	0	14	78	54	186
6401	11	0	15	79	54	188
6402	11	0	16	80	236	189
6403	11	0	17	81	27	190
6404	11	0	18	82	27	192
6405	11	0	19	83	27	194
6406	11	0	20	84	118	195
6407	11	0	21	85	145	196
6408	11	0	22	86	145	198
6409	11	0	23	87	145	200
6410	11	0	24	88	145	202
6411	11	0	25	89	204	202
6412	11	0	26	90	204	204
6413	11	0	27	91	204	206
6414	11	0	28	92	204	208
6415	11	0	29	93	102	208
6416	11	0	30	94	102	210
6417	11	0	31	95	102	212
6418	11	0	32	96	102	214
6419	11	0	33	97	161	215
6420	11	0	34	98	51	216
6421	11	0	35	99	51	218
6422	11	0	36	100	51	220
6423	11	0	37	101	212	221
6424	11	0	38	102	157	222
6425	11	0	39	103	157	224
6426	11	1	0	63	144	164
6427	11	1	1	64	144	166
6428	11	1	2	65	119	167
6429	11	1	3	66	72	168
6430	11	1	4	67	72	170
6431	11	1	5	68	72	172
6432	11	1	6	69	191	173
6433	11	1	7	70	191	175
6434	11	1	8	71	36	176
6435	11	1	9	72	36	178
6436	11	1	10	73	227	179
6437	11	1	11	74	227	181
6438	11	1	12	75	18	182
6439	11	1	13	76	18	184
6440	11	1	14	77	245	185
6441	11	1	15	78	245	187
6442	11	1	16	79	245	189
6443	11	1	17	80	9	190
6444	11	1	18	81	254	191
6445	11	1	19	82	254	193
6446	11	1	20	83	254	195
6447	11	1	21	84	136	196
6448	11	1	22	85	127	197
6449	11	1	23	86	127	199
6450	11	1	24	87	127	201
6451	11	1	25	88	127	203
6452	11	1	26	89	195	203
6453	11	1	27	90	195	205
6454	11	1	28	91	195	207
6455	11	1	29	92	195	209
6456	11	1	30	93	229	209
6457	11	1	31	94	229	211
6458	11	1	32	95	229	213
6459	11	1	33	96	229	215
6460	11	1	34	97	34	216
6461	11	1	35	98	246	217
6462	11	1	36	99	246	219
6463	11	1	37	100	246	221
6464	11	1	38	101	17	222
6465	11	2	0	61	239	162
6466	11	2	1	62	12	163
6467	11	2	2	63	12	165
6468	11	2	3	64	12	167
6469	11	2	4	65	251	168
6470	11	2	5	66	6	169
6471	11	2	6	67	6	171
6472	11	2	7	68	6	173
6473	11	2	8	69	257	174
6474	11	2	9	70	257	176
6475	11	2	10	71	3	177
6476	11	2	11	72	3	179
6477	11	2	12	73	260	180
6478	11	2	13	74	260	182
6479	11	2	14	75	133	183
6480	11	2	15	76	133	185
6481	11	2	16	77	130	186
6482	11	2	17	78	130	188
6483	11	2	18	79	130	190
6484	11	2	19	80	198	191
6485	11	2	20	81	65	192
6486	11	2	21	82	65	194
6487	11	2	22	83	65	196
6488	11	2	23	84	99	197
6489	11	2	24	85	164	198
6490	11	2	25	86	164	200
6491	11	2	26	87	164	202
6492	11	2	27	88	164	204
6493	11	2	28	89	82	204
6494	11	2	29	90	82	206
6495	11	2	30	91	82	208
6496	11	2	31	92	82	210
6497	11	2	32	93	41	210
6498	11	2	33	94	41	212
6499	11	2	34	95	41	214
6500	11	2	35	96	41	216
6501	11	2	36	97	222	217
6502	11	2	37	98	152	218
6503	11	3	0	60	255	162
6504	11	3	1	61	8	163
6505	11	3	2	62	259	164
6506	11	3	3	63	259	166
6507	11	3	4	64	259	168
6508	11	3	5	65	4	169
6509	11	3	6	66	261	170
6510	11	3	7	67	261	172
6511	11	3	8	68	261	174
6512	11	3	9	69	2	175
6513	11	3	10	70	2	177
6514	11	3	11	71	262	178
6515	11	3	12	72	262	180
6516	11	3	13	73	1	181
6517	11	3	14	74	1	183
6518	11	3	15	75	131	184
6519	11	3	16	76	131	186
6520	11	3	17	77	132	187
6521	11	3	18	78	132	189
6522	11	3	19	79	132	191
6523	11	3	20	80	197	192
6524	11	3	21	81	66	193
6525	11	3	22	82	66	195
6526	11	3	23	83	66	197
6527	11	3	24	84	230	198
6528	11	3	25	85	33	199
6529	11	3	26	86	33	201
6530	11	3	27	87	33	203
6531	11	3	28	88	33	205
6532	11	3	29	89	148	205
6533	11	3	30	90	148	207
6534	11	3	31	91	148	209
6535	11	3	32	92	148	211
6536	11	3	33	93	74	211
6537	11	3	34	94	74	213
6538	11	3	35	95	74	215
6539	11	3	36	96	74	217
6540	11	4	0	58	87	159
6541	11	4	1	59	87	161
6542	11	4	2	60	87	163
6543	11	4	3	61	176	164
6544	11	4	4	62	175	165
6545	11	4	5	63	175	167
6546	11	4	6	64	175	169
6547	11	4	7	65	88	170
6548	11	4	8	66	219	171
6549	11	4	9	67	219	173
6550	11	4	10	68	219	175
6551	11	4	11	69	44	176
6552	11	4	12	70	44	178
6553	11	4	13	71	241	179
6554	11	4	14	72	241	181
6555	11	4	15	73	22	182
6556	11	4	16	74	22	184
6557	11	4	17	75	252	185
6558	11	4	18	76	252	187
6559	11	4	19	77	11	188
6560	11	4	20	78	11	190
6561	11	4	21	79	11	192
6562	11	4	22	80	126	193
6563	11	4	23	81	137	194
6564	11	4	24	82	137	196
6565	11	4	25	83	137	198
6566	11	4	26	84	63	199
6567	11	4	27	85	200	200
6568	11	4	28	86	200	202
6569	11	4	29	87	200	204
6570	11	4	30	88	200	206
6571	11	4	31	89	100	206
6572	11	4	32	90	100	208
6573	11	4	33	91	100	210
6574	11	4	34	92	100	212
6575	11	4	35	93	50	212
6576	11	5	0	57	234	158
6577	11	5	1	58	234	160
6578	11	5	2	59	234	162
6579	11	5	3	60	234	164
6580	11	5	4	61	29	165
6581	11	5	5	62	117	166
6582	11	5	6	63	117	168
6583	11	5	7	64	117	170
6584	11	5	8	65	146	171
6585	11	5	9	66	190	172
6586	11	5	10	67	190	174
6587	11	5	11	68	190	176
6588	11	5	12	69	73	177
6589	11	5	13	70	73	179
6590	11	5	14	71	95	180
6591	11	5	15	72	95	182
6592	11	5	16	73	168	183
6593	11	5	17	74	168	185
6594	11	5	18	75	179	186
6595	11	5	19	76	179	188
6596	11	5	20	77	84	189
6597	11	5	21	78	84	191
6598	11	5	22	79	84	193
6599	11	5	23	80	221	194
6600	11	5	24	81	42	195
6601	11	5	25	82	42	197
6602	11	5	26	83	42	199
6603	11	5	27	84	242	200
6604	11	5	28	85	21	201
6605	11	5	29	86	21	203
6606	11	5	30	87	21	205
6607	11	5	31	88	21	207
6608	11	5	32	89	142	207
6609	11	5	33	90	142	209
6610	11	5	34	91	142	211
6611	11	6	0	55	39	157
6612	11	6	1	56	39	159
6613	11	6	2	57	151	159
6614	11	6	3	58	151	161
6615	11	6	4	59	151	163
6616	11	6	5	60	151	165
6617	11	6	6	61	112	166
6618	11	6	7	62	207	167
6619	11	6	8	63	207	169
6620	11	6	9	64	207	171
6621	11	6	10	65	56	172
6622	11	6	11	66	235	173
6623	11	6	12	67	235	175
6624	11	6	13	68	235	177
6625	11	6	14	69	28	178
6626	11	6	15	70	28	180
6627	11	6	16	71	249	181
6628	11	6	17	72	249	183
6629	11	6	18	73	14	184
6630	11	6	19	74	14	186
6631	11	6	20	75	256	187
6632	11	6	21	76	256	189
6633	11	6	22	77	7	190
6634	11	6	23	78	7	192
6635	11	6	24	79	7	194
6636	11	6	25	80	128	195
6637	11	6	26	81	135	196
6638	11	6	27	82	135	198
6639	11	6	28	83	135	200
6640	11	6	29	84	64	201
6641	11	6	30	85	199	202
6642	11	6	31	86	199	204
6643	11	6	32	87	199	206
6644	11	6	33	88	199	208
6645	11	7	0	54	250	156
6646	11	7	1	55	250	158
6647	11	7	2	56	250	160
6648	11	7	3	57	125	160
6649	11	7	4	58	125	162
6650	11	7	5	59	125	164
6651	11	7	6	60	125	166
6652	11	7	7	61	138	167
6653	11	7	8	62	194	168
6654	11	7	9	63	194	170
6655	11	7	10	64	194	172
6656	11	7	11	65	69	173
6657	11	7	12	66	97	174
6658	11	7	13	67	97	176
6659	11	7	14	68	97	178
6660	11	7	15	69	166	179
6661	11	7	16	70	166	181
6662	11	7	17	71	180	182
6663	11	7	18	72	180	184
6664	11	7	19	73	83	185
6665	11	7	20	74	83	187
6666	11	7	21	75	90	188
6667	11	7	22	76	90	190
6668	11	7	23	77	173	191
6669	11	7	24	78	173	193
6670	11	7	25	79	173	195
6671	11	7	26	80	45	196
6672	11	7	27	81	218	197
6673	11	7	28	82	218	199
6674	11	7	29	83	218	201
6675	11	7	30	84	154	202
6676	11	7	31	85	109	203
6677	11	7	32	86	109	205
6678	11	8	0	52	217	155
6679	11	8	1	53	240	155
6680	11	8	2	54	240	157
6681	11	8	3	55	240	159
6682	11	8	4	56	240	161
6683	11	8	5	57	120	161
6684	11	8	6	58	120	163
6685	11	8	7	59	120	165
6686	11	8	8	60	120	167
6687	11	8	9	61	143	168
6688	11	8	10	62	60	169
6689	11	8	11	63	60	171
6690	11	8	12	64	60	173
6691	11	8	13	65	203	174
6692	11	8	14	66	30	175
6693	11	8	15	67	30	177
6694	11	8	16	68	30	179
6695	11	8	17	69	233	180
6696	11	8	18	70	233	182
6697	11	8	19	71	15	183
6698	11	8	20	72	15	185
6699	11	8	21	73	248	186
6700	11	8	22	74	248	188
6701	11	8	23	75	139	189
6702	11	8	24	76	139	191
6703	11	8	25	77	124	192
6704	11	8	26	78	124	194
6705	11	8	27	79	124	196
6706	11	8	28	80	201	197
6707	11	8	29	81	62	198
6708	11	8	30	82	62	200
6709	11	8	31	83	62	202
6710	11	9	0	51	103	154
6711	11	9	1	52	103	156
6712	11	9	2	53	183	156
6713	11	9	3	54	183	158
6714	11	9	4	55	183	160
6715	11	9	5	56	183	162
6716	11	9	6	57	223	162
6717	11	9	7	58	223	164
6718	11	9	8	59	223	166
6719	11	9	9	60	223	168
6720	11	9	10	61	40	169
6721	11	9	11	62	243	170
6722	11	9	12	63	243	172
6723	11	9	13	64	243	174
6724	11	9	14	65	20	175
6725	11	9	15	66	253	176
6726	11	9	16	67	253	178
6727	11	9	17	68	253	180
6728	11	9	18	69	10	181
6729	11	9	19	70	10	183
6730	11	9	20	71	258	184
6731	11	9	21	72	258	186
6732	11	9	22	73	5	187
6733	11	9	23	74	5	189
6734	11	9	24	75	129	190
6735	11	9	25	76	129	192
6736	11	9	26	77	134	193
6737	11	9	27	78	134	195
6738	11	9	28	79	134	197
6739	11	9	29	80	196	198
6740	11	9	30	81	67	199
6741	11	10	0	49	162	151
6742	11	10	1	50	162	153
6743	11	10	2	51	162	155
6744	11	10	3	52	162	157
6745	11	10	4	53	81	157
6746	11	10	5	54	81	159
6747	11	10	6	55	81	161
6748	11	10	7	56	81	163
6749	11	10	8	57	172	163
6750	11	10	9	58	172	165
6751	11	10	10	59	172	167
6752	11	10	11	60	172	169
6753	11	10	12	61	91	170
6754	11	10	13	62	86	171
6755	11	10	14	63	86	173
6756	11	10	15	64	86	175
6757	11	10	16	65	177	176
6758	11	10	17	66	43	177
6759	11	10	18	67	43	179
6760	11	10	19	68	43	181
6761	11	10	20	69	220	182
6762	11	10	21	70	220	184
6763	11	10	22	71	153	185
6764	11	10	23	72	153	187
6765	11	10	24	73	110	188
6766	11	10	25	74	110	190
6767	11	10	26	75	208	191
6768	11	10	27	76	208	193
6769	11	10	28	77	55	194
6770	11	10	29	78	55	196
6771	11	11	0	48	54	151
6772	11	11	1	49	209	152
6773	11	11	2	50	209	154
6774	11	11	3	51	209	156
6775	11	11	4	52	209	158
6776	11	11	5	53	236	158
6777	11	11	6	54	236	160
6778	11	11	7	55	236	162
6779	11	11	8	56	236	164
6780	11	11	9	57	118	164
6781	11	11	10	58	118	166
6782	11	11	11	59	118	168
6783	11	11	12	60	118	170
6784	11	11	13	61	145	171
6785	11	11	14	62	59	172
6786	11	11	15	63	59	174
6787	11	11	16	64	59	176
6788	11	11	17	65	204	177
6789	11	11	18	66	161	178
6790	11	11	19	67	161	180
6791	11	11	20	68	161	182
6792	11	11	21	69	102	183
6793	11	11	22	70	102	185
6794	11	11	23	71	212	186
6795	11	11	24	72	212	188
6796	11	11	25	73	51	189
6797	11	11	26	74	51	191
6798	11	11	27	75	106	192
6799	11	11	28	76	106	194
6800	11	12	0	46	254	149
6801	11	12	1	47	254	151
6802	11	12	2	48	136	152
6803	11	12	3	49	127	153
6804	11	12	4	50	127	155
6805	11	12	5	51	127	157
6806	11	12	6	52	127	159
6807	11	12	7	53	195	159
6808	11	12	8	54	195	161
6809	11	12	9	55	195	163
6810	11	12	10	56	195	165
6811	11	12	11	57	229	165
6812	11	12	12	58	229	167
6813	11	12	13	59	229	169
6814	11	12	14	60	229	171
6815	11	12	15	61	34	172
6816	11	12	16	62	246	173
6817	11	12	17	63	246	175
6818	11	12	18	64	246	177
6819	11	12	19	65	17	178
6820	11	12	20	66	123	179
6821	11	12	21	67	123	181
6822	11	12	22	68	123	183
6823	11	12	23	69	140	184
6824	11	12	24	70	140	186
6825	11	12	25	71	193	187
6826	11	12	26	72	193	189
6827	11	12	27	73	70	190
6828	11	13	0	45	3	148
6829	11	13	1	46	3	150
6830	11	13	2	47	3	152
6831	11	13	3	48	130	153
6832	11	13	4	49	133	154
6833	11	13	5	50	133	156
6834	11	13	6	51	133	158
6835	11	13	7	52	133	160
6836	11	13	8	53	198	160
6837	11	13	9	54	198	162
6838	11	13	10	55	198	164
6839	11	13	11	56	198	166
6840	11	13	12	57	99	166
6841	11	13	13	58	99	168
6842	11	13	14	59	99	170
6843	11	13	15	60	99	172
6844	11	13	16	61	164	173
6845	11	13	17	62	181	174
6846	11	13	18	63	181	176
6847	11	13	19	64	181	178
6848	11	13	20	65	82	179
6849	11	13	21	66	222	180
6850	11	13	22	67	222	182
6851	11	13	23	68	222	184
6852	11	13	24	69	41	185
6853	11	13	25	70	41	187
6854	11	13	26	71	111	188
6855	11	14	0	43	132	147
6856	11	14	1	44	197	148
6857	11	14	2	45	66	149
6858	11	14	3	46	66	151
6859	11	14	4	47	66	153
6860	11	14	5	48	230	154
6861	11	14	6	49	33	155
6862	11	14	7	50	33	157
6863	11	14	8	51	33	159
6864	11	14	9	52	33	161
6865	11	14	10	53	148	161
6866	11	14	11	54	148	163
6867	11	14	12	55	148	165
6868	11	14	13	56	148	167
6869	11	14	14	57	74	167
6870	11	14	15	58	74	169
6871	11	14	16	59	74	171
6872	11	14	17	60	74	173
6873	11	14	18	61	189	174
6874	11	14	19	62	37	175
6875	11	14	20	63	37	177
6876	11	14	21	64	37	179
6877	11	14	22	65	226	180
6878	11	14	23	66	150	181
6879	11	14	24	67	150	183
6880	11	14	25	68	150	185
6881	11	15	0	42	219	146
6882	11	15	1	43	219	148
6883	11	15	2	44	22	149
6884	11	15	3	45	241	150
6885	11	15	4	46	241	152
6886	11	15	5	47	241	154
6887	11	15	6	48	11	155
6888	11	15	7	49	252	156
6889	11	15	8	50	252	158
6890	11	15	9	51	252	160
6891	11	15	10	52	252	162
6892	11	15	11	53	126	162
6893	11	15	12	54	126	164
6894	11	15	13	55	126	166
6895	11	15	14	56	126	168
6896	11	15	15	57	63	168
6897	11	15	16	58	63	170
6898	11	15	17	59	63	172
6899	11	15	18	60	63	174
6900	11	15	19	61	200	175
6901	11	15	20	62	163	176
6902	11	15	21	63	163	178
6903	11	15	22	64	163	180
6904	11	15	23	65	100	181
6905	11	15	24	66	213	182
6906	11	16	0	40	179	144
6907	11	16	1	41	84	145
6908	11	16	2	42	84	147
6909	11	16	3	43	84	149
6910	11	16	4	44	221	150
6911	11	16	5	45	42	151
6912	11	16	6	46	42	153
6913	11	16	7	47	42	155
6914	11	16	8	48	242	156
6915	11	16	9	49	21	157
6916	11	16	10	50	21	159
6917	11	16	11	51	21	161
6918	11	16	12	52	21	163
6919	11	16	13	53	142	163
6920	11	16	14	54	142	165
6921	11	16	15	55	142	167
6922	11	16	16	56	142	169
6923	11	16	17	57	71	169
6924	11	16	18	58	71	171
6925	11	16	19	59	71	173
6926	11	16	20	60	71	175
6927	11	16	21	61	192	176
6928	11	16	22	62	167	177
6929	11	16	23	63	167	179
6930	11	17	0	39	28	143
6931	11	17	1	40	28	145
6932	11	17	2	41	235	146
6933	11	17	3	42	235	148
6934	11	17	4	43	235	150
6935	11	17	5	44	14	151
6936	11	17	6	45	249	152
6937	11	17	7	46	249	154
6938	11	17	8	47	249	156
6939	11	17	9	48	7	157
6940	11	17	10	49	256	158
6941	11	17	11	50	256	160
6942	11	17	12	51	256	162
6943	11	17	13	52	256	164
6944	11	17	14	53	128	164
6945	11	17	15	54	128	166
6946	11	17	16	55	128	168
6947	11	17	17	56	128	170
6948	11	17	18	57	64	170
6949	11	17	19	58	64	172
6950	11	17	20	59	64	174
6951	11	17	21	60	64	176
6952	11	17	22	61	199	177
6953	11	18	0	37	83	141
6954	11	18	1	38	83	143
6955	11	18	2	39	90	144
6956	11	18	3	40	90	146
6957	11	18	4	41	173	147
6958	11	18	5	42	173	149
6959	11	18	6	43	173	151
6960	11	18	7	44	45	152
6961	11	18	8	45	218	153
6962	11	18	9	46	218	155
6963	11	18	10	47	218	157
6964	11	18	11	48	154	158
6965	11	18	12	49	109	159
6966	11	18	13	50	109	161
6967	11	18	14	51	109	163
6968	11	18	15	52	109	165
6969	11	18	16	53	186	165
6970	11	18	17	54	186	167
6971	11	18	18	55	186	169
6972	11	18	19	56	186	171
6973	11	18	20	57	93	171
6974	11	18	21	58	93	173
6975	11	19	0	36	203	141
6976	11	19	1	37	60	142
6977	11	19	2	38	60	144
6978	11	19	3	39	233	145
6979	11	19	4	40	233	147
6980	11	19	5	41	30	148
6981	11	19	6	42	30	150
6982	11	19	7	43	30	152
6983	11	19	8	44	248	153
6984	11	19	9	45	15	154
6985	11	19	10	46	15	156
6986	11	19	11	47	15	158
6987	11	19	12	48	124	159
6988	11	19	13	49	139	160
6989	11	19	14	50	139	162
6990	11	19	15	51	139	164
6991	11	19	16	52	139	166
6992	11	19	17	53	201	166
6993	11	19	18	54	201	168
6994	11	19	19	55	201	170
6995	11	19	20	56	201	172
6996	11	20	0	34	10	139
6997	11	20	1	35	10	141
6998	11	20	2	36	258	142
6999	11	20	3	37	5	143
7000	11	20	4	38	5	145
7001	11	20	5	39	129	146
7002	11	20	6	40	129	148
7003	11	20	7	41	134	149
7004	11	20	8	42	134	151
7005	11	20	9	43	134	153
7006	11	20	10	44	196	154
7007	11	20	11	45	67	155
7008	11	20	12	46	67	157
7009	11	20	13	47	67	159
7010	11	20	14	48	98	160
7011	11	20	15	49	165	161
7012	11	20	16	50	165	163
7013	11	20	17	51	165	165
7014	11	20	18	52	165	167
7015	11	20	19	53	214	167
7016	11	21	0	33	172	138
7017	11	21	1	34	172	140
7018	11	21	2	35	172	142
7019	11	21	3	36	177	143
7020	11	21	4	37	86	144
7021	11	21	5	38	86	146
7022	11	21	6	39	220	147
7023	11	21	7	40	220	149
7024	11	21	8	41	43	150
7025	11	21	9	42	43	152
7026	11	21	10	43	43	154
7027	11	21	11	44	110	155
7028	11	21	12	45	153	156
7029	11	21	13	46	153	158
7030	11	21	14	47	153	160
7031	11	21	15	48	55	161
7032	11	21	16	49	208	162
7033	11	21	17	50	208	164
7034	11	21	18	51	208	166
7035	11	22	0	31	204	137
7036	11	22	1	32	161	138
7037	11	22	2	33	102	139
7038	11	22	3	34	102	141
7039	11	22	4	35	102	143
7040	11	22	5	36	212	144
7041	11	22	6	37	51	145
7042	11	22	7	38	51	147
7043	11	22	8	39	106	148
7044	11	22	9	40	106	150
7045	11	22	10	41	157	151
7046	11	22	11	42	157	153
7047	11	22	12	43	157	155
7048	11	22	13	44	53	156
7049	11	22	14	45	210	157
7050	11	22	15	46	210	159
7051	11	22	16	47	210	161
7052	11	22	17	48	158	162
7053	11	23	0	30	195	136
7054	11	23	1	31	195	138
7055	11	23	2	32	34	139
7056	11	23	3	33	229	140
7057	11	23	4	34	229	142
7058	11	23	5	35	229	144
7059	11	23	6	36	17	145
7060	11	23	7	37	246	146
7061	11	23	8	38	246	148
7062	11	23	9	39	140	149
7063	11	23	10	40	140	151
7064	11	23	11	41	123	152
7065	11	23	12	42	123	154
7066	11	23	13	43	123	156
7067	11	23	14	44	70	157
7068	11	23	15	45	193	158
7069	11	23	16	46	193	160
7070	11	24	0	28	164	135
7071	11	24	1	29	82	135
7072	11	24	2	30	82	137
7073	11	24	3	31	82	139
7074	11	24	4	32	222	140
7075	11	24	5	33	41	141
7076	11	24	6	34	41	143
7077	11	24	7	35	41	145
7078	11	24	8	36	111	146
7079	11	24	9	37	152	147
7080	11	24	10	38	152	149
7081	11	24	11	39	187	150
7082	11	24	12	40	187	152
7083	11	24	13	41	76	153
7084	11	24	14	42	76	155
7085	11	24	15	43	76	157
7086	11	25	0	27	33	134
7087	11	25	1	28	33	136
7088	11	25	2	29	148	136
7089	11	25	3	30	148	138
7090	11	25	4	31	148	140
7091	11	25	5	32	189	141
7092	11	25	6	33	74	142
7093	11	25	7	34	74	144
7094	11	25	8	35	74	146
7095	11	25	9	36	226	147
7096	11	25	10	37	37	148
7097	11	25	11	38	37	150
7098	11	25	12	39	113	151
7099	11	25	13	40	113	153
7100	11	25	14	41	150	154
7101	11	26	0	25	126	132
7102	11	26	1	26	200	133
7103	11	26	2	27	200	135
7104	11	26	3	28	200	137
7105	11	26	4	29	100	137
7106	11	26	5	30	100	139
7107	11	26	6	31	100	141
7108	11	26	7	32	213	142
7109	11	26	8	33	50	143
7110	11	26	9	34	50	145
7111	11	26	10	35	50	147
7112	11	26	11	36	238	148
7113	11	26	12	37	25	149
7114	11	26	13	38	25	151
7115	11	27	0	24	42	132
7116	11	27	1	25	221	133
7117	11	27	2	26	21	134
7118	11	27	3	27	21	136
7119	11	27	4	28	21	138
7120	11	27	5	29	142	138
7121	11	27	6	30	142	140
7122	11	27	7	31	142	142
7123	11	27	8	32	192	143
7124	11	27	9	33	71	144
7125	11	27	10	34	71	146
7126	11	27	11	35	71	148
7127	11	27	12	36	96	149
7128	11	28	0	22	256	130
7129	11	28	1	23	256	132
7130	11	28	2	24	135	133
7131	11	28	3	25	128	134
7132	11	28	4	26	199	135
7133	11	28	5	27	199	137
7134	11	28	6	28	199	139
7135	11	28	7	29	231	139
7136	11	28	8	30	231	141
7137	11	28	9	31	231	143
7138	11	28	10	32	16	144
7139	11	28	11	33	247	145
7140	11	29	0	21	173	130
7141	11	29	1	22	90	131
7142	11	29	2	23	90	133
7143	11	29	3	24	218	134
7144	11	29	4	25	45	135
7145	11	29	5	26	109	136
7146	11	29	6	27	109	138
7147	11	29	7	28	109	140
7148	11	29	8	29	186	140
7149	11	29	9	30	186	142
7150	11	29	10	31	186	144
7151	11	30	0	19	15	128
7152	11	30	1	20	15	130
7153	11	30	2	21	124	131
7154	11	30	3	22	139	132
7155	11	30	4	23	139	134
7156	11	30	5	24	62	135
7157	11	30	6	25	201	136
7158	11	30	7	26	31	137
7159	11	30	8	27	31	139
7160	11	30	9	28	31	141
7161	11	31	0	18	253	129
7162	11	31	1	19	258	129
7163	11	31	2	20	258	131
7164	11	31	3	21	134	132
7165	11	31	4	22	129	133
7166	11	31	5	23	129	135
7167	11	31	6	24	67	136
7168	11	31	7	25	196	137
7169	11	31	8	26	165	138
7170	11	32	0	16	43	126
7171	11	32	1	17	43	128
7172	11	32	2	18	43	130
7173	11	32	3	19	153	130
7174	11	32	4	20	153	132
7175	11	32	5	21	55	133
7176	11	32	6	22	208	134
7177	11	32	7	23	208	136
7178	11	33	0	15	59	127
7179	11	33	1	16	161	127
7180	11	33	2	17	161	129
7181	11	33	3	18	161	131
7182	11	33	4	19	212	131
7183	11	33	5	20	212	133
7184	11	33	6	21	157	134
7185	11	34	0	13	229	126
7186	11	34	1	14	34	127
7187	11	34	2	15	246	128
7188	11	34	3	16	123	128
7189	11	34	4	17	123	130
7190	11	34	5	18	123	132
7191	11	35	0	12	65	126
7192	11	35	1	13	99	127
7193	11	35	2	14	164	128
7194	11	35	3	15	181	129
7195	11	35	4	16	222	129
7196	11	36	0	10	230	125
7197	11	36	1	11	230	127
7198	11	36	2	12	115	127
7199	11	36	3	13	74	128
7200	11	37	0	9	22	126
7201	11	37	1	10	11	126
7202	11	37	2	11	11	128
7203	11	38	0	7	179	125
7204	11	38	1	8	84	126
7205	11	39	0	6	112	126
7206	12	0	0	104	18	226
7207	12	0	1	105	245	227
7208	12	0	2	106	245	229
7209	12	0	3	107	9	230
7210	12	0	4	108	9	232
7211	12	0	5	109	254	233
7212	12	0	6	110	254	235
7213	12	0	7	111	136	236
7214	12	0	8	112	136	238
7215	12	0	9	113	127	239
7216	12	0	10	114	127	241
7217	12	0	11	115	127	243
7218	12	0	12	116	68	244
7219	12	0	13	117	195	245
7220	12	0	14	118	195	247
7221	12	0	15	119	195	249
7222	12	0	16	120	34	250
7223	12	0	17	121	229	251
7224	12	0	18	122	229	253
7225	12	0	19	123	229	255
7226	12	0	20	124	229	257
7227	12	0	21	125	246	257
7228	12	0	22	126	246	259
7229	12	0	23	127	246	261
7230	12	0	24	128	246	263
7231	12	0	25	129	123	263
7232	12	0	26	130	123	265
7233	12	0	27	131	123	267
7234	12	0	28	132	123	269
7235	12	0	29	133	140	270
7236	12	0	30	134	193	271
7237	12	0	31	135	193	273
7238	12	0	32	136	193	275
7239	12	0	33	137	70	276
7240	12	0	34	138	228	277
7241	12	0	35	139	228	279
7242	12	0	36	140	228	281
7243	12	1	0	102	224	223
7244	12	1	1	103	224	225
7245	12	1	2	104	224	227
7246	12	1	3	105	39	228
7247	12	1	4	106	39	230
7248	12	1	5	107	112	231
7249	12	1	6	108	112	233
7250	12	1	7	109	151	234
7251	12	1	8	110	151	236
7252	12	1	9	111	56	237
7253	12	1	10	112	56	239
7254	12	1	11	113	207	240
7255	12	1	12	114	207	242
7256	12	1	13	115	207	244
7257	12	1	14	116	28	245
7258	12	1	15	117	235	246
7259	12	1	16	118	235	248
7260	12	1	17	119	235	250
7261	12	1	18	120	14	251
7262	12	1	19	121	249	252
7263	12	1	20	122	249	254
7264	12	1	21	123	249	256
7265	12	1	22	124	249	258
7266	12	1	23	125	256	258
7267	12	1	24	126	256	260
7268	12	1	25	127	256	262
7269	12	1	26	128	256	264
7270	12	1	27	129	128	264
7271	12	1	28	130	128	266
7272	12	1	29	131	128	268
7273	12	1	30	132	128	270
7274	12	1	31	133	135	271
7275	12	1	32	134	64	272
7276	12	1	33	135	64	274
7277	12	1	34	136	64	276
7278	12	1	35	137	199	277
7279	12	2	0	99	215	220
7280	12	2	1	100	215	222
7281	12	2	2	101	48	223
7282	12	2	3	102	239	224
7283	12	2	4	103	239	226
7284	12	2	5	104	239	228
7285	12	2	6	105	24	229
7286	12	2	7	106	24	231
7287	12	2	8	107	251	232
7288	12	2	9	108	251	234
7289	12	2	10	109	12	235
7290	12	2	11	110	12	237
7291	12	2	12	111	257	238
7292	12	2	13	112	257	240
7293	12	2	14	113	6	241
7294	12	2	15	114	6	243
7295	12	2	16	115	6	245
7296	12	2	17	116	260	246
7297	12	2	18	117	3	247
7298	12	2	19	118	3	249
7299	12	2	20	119	3	251
7300	12	2	21	120	130	252
7301	12	2	22	121	133	253
7302	12	2	23	122	133	255
7303	12	2	24	123	133	257
7304	12	2	25	124	133	259
7305	12	2	26	125	198	259
7306	12	2	27	126	198	261
7307	12	2	28	127	198	263
7308	12	2	29	128	198	265
7309	12	2	30	129	99	265
7310	12	2	31	130	99	267
7311	12	2	32	131	99	269
7312	12	2	33	132	99	271
7313	12	2	34	133	164	272
7314	12	3	0	97	55	218
7315	12	3	1	98	104	219
7316	12	3	2	99	104	221
7317	12	3	3	100	104	223
7318	12	3	4	101	159	224
7319	12	3	5	102	52	225
7320	12	3	6	103	52	227
7321	12	3	7	104	52	229
7322	12	3	8	105	211	230
7323	12	3	9	106	211	232
7324	12	3	10	107	26	233
7325	12	3	11	108	26	235
7326	12	3	12	109	237	236
7327	12	3	13	110	237	238
7328	12	3	14	111	13	239
7329	12	3	15	112	13	241
7330	12	3	16	113	250	242
7331	12	3	17	114	250	244
7332	12	3	18	115	250	246
7333	12	3	19	116	138	247
7334	12	3	20	117	125	248
7335	12	3	21	118	125	250
7336	12	3	22	119	125	252
7337	12	3	23	120	69	253
7338	12	3	24	121	194	254
7339	12	3	25	122	194	256
7340	12	3	26	123	194	258
7341	12	3	27	124	194	260
7342	12	3	28	125	97	260
7343	12	3	29	126	97	262
7344	12	3	30	127	97	264
7345	12	3	31	128	97	266
7346	12	3	32	129	180	266
7347	12	3	33	130	180	268
7348	12	4	0	94	128	214
7349	12	4	1	95	128	216
7350	12	4	2	96	128	218
7351	12	4	3	97	135	219
7352	12	4	4	98	64	220
7353	12	4	5	99	64	222
7354	12	4	6	100	64	224
7355	12	4	7	101	199	225
7356	12	4	8	102	32	226
7357	12	4	9	103	32	228
7358	12	4	10	104	32	230
7359	12	4	11	105	231	231
7360	12	4	12	106	231	233
7361	12	4	13	107	16	234
7362	12	4	14	108	16	236
7363	12	4	15	109	247	237
7364	12	4	16	110	247	239
7365	12	4	17	111	8	240
7366	12	4	18	112	8	242
7367	12	4	19	113	255	243
7368	12	4	20	114	255	245
7369	12	4	21	115	255	247
7370	12	4	22	116	4	248
7371	12	4	23	117	259	249
7372	12	4	24	118	259	251
7373	12	4	25	119	259	253
7374	12	4	26	120	2	254
7375	12	4	27	121	261	255
7376	12	4	28	122	261	257
7377	12	4	29	123	261	259
7378	12	4	30	124	261	261
7379	12	4	31	125	262	261
7380	12	4	32	126	262	263
7381	12	5	0	92	59	213
7382	12	5	1	93	161	213
7383	12	5	2	94	161	215
7384	12	5	3	95	161	217
7385	12	5	4	96	161	219
7386	12	5	5	97	102	220
7387	12	5	6	98	212	221
7388	12	5	7	99	212	223
7389	12	5	8	100	212	225
7390	12	5	9	101	51	226
7391	12	5	10	102	106	227
7392	12	5	11	103	106	229
7393	12	5	12	104	106	231
7394	12	5	13	105	157	232
7395	12	5	14	106	157	234
7396	12	5	15	107	53	235
7397	12	5	16	108	53	237
7398	12	5	17	109	210	238
7399	12	5	18	110	210	240
7400	12	5	19	111	158	241
7401	12	5	20	112	158	243
7402	12	5	21	113	105	244
7403	12	5	22	114	105	246
7404	12	5	23	115	105	248
7405	12	5	24	116	79	249
7406	12	5	25	117	184	250
7407	12	5	26	118	184	252
7408	12	5	27	119	184	254
7409	12	5	28	120	171	255
7410	12	5	29	121	92	256
7411	12	5	30	122	92	258
7412	12	5	31	123	92	260
7413	12	6	0	89	97	208
7414	12	6	1	90	97	210
7415	12	6	2	91	97	212
7416	12	6	3	92	97	214
7417	12	6	4	93	180	214
7418	12	6	5	94	180	216
7419	12	6	6	95	180	218
7420	12	6	7	96	180	220
7421	12	6	8	97	83	221
7422	12	6	9	98	90	222
7423	12	6	10	99	90	224
7424	12	6	11	100	90	226
7425	12	6	12	101	173	227
7426	12	6	13	102	45	228
7427	12	6	14	103	45	230
7428	12	6	15	104	45	232
7429	12	6	16	105	218	233
7430	12	6	17	106	218	235
7431	12	6	18	107	154	236
7432	12	6	19	108	154	238
7433	12	6	20	109	109	239
7434	12	6	21	110	109	241
7435	12	6	22	111	77	242
7436	12	6	23	112	77	244
7437	12	6	24	113	186	245
7438	12	6	25	114	186	247
7439	12	6	26	115	186	249
7440	12	6	27	116	170	250
7441	12	6	28	117	93	251
7442	12	6	29	118	93	253
7443	12	6	30	119	93	255
7444	12	7	0	87	18	207
7445	12	7	1	88	18	209
7446	12	7	2	89	9	209
7447	12	7	3	90	9	211
7448	12	7	4	91	9	213
7449	12	7	5	92	9	215
7450	12	7	6	93	136	215
7451	12	7	7	94	136	217
7452	12	7	8	95	136	219
7453	12	7	9	96	136	221
7454	12	7	10	97	127	222
7455	12	7	11	98	68	223
7456	12	7	12	99	68	225
7457	12	7	13	100	68	227
7458	12	7	14	101	195	228
7459	12	7	15	102	34	229
7460	12	7	16	103	34	231
7461	12	7	17	104	34	233
7462	12	7	18	105	229	234
7463	12	7	19	106	229	236
7464	12	7	20	107	17	237
7465	12	7	21	108	17	239
7466	12	7	22	109	246	240
7467	12	7	23	110	246	242
7468	12	7	24	111	140	243
7469	12	7	25	112	140	245
7470	12	7	26	113	123	246
7471	12	7	27	114	123	248
7472	12	7	28	115	123	250
7473	12	7	29	116	70	251
7474	12	8	0	84	171	203
7475	12	8	1	85	92	204
7476	12	8	2	86	92	206
7477	12	8	3	87	92	208
7478	12	8	4	88	92	210
7479	12	8	5	89	46	210
7480	12	8	6	90	46	212
7481	12	8	7	91	46	214
7482	12	8	8	92	46	216
7483	12	8	9	93	23	216
7484	12	8	10	94	23	218
7485	12	8	11	95	23	220
7486	12	8	12	96	23	222
7487	12	8	13	97	240	223
7488	12	8	14	98	143	224
7489	12	8	15	99	143	226
7490	12	8	16	100	143	228
7491	12	8	17	101	120	229
7492	12	8	18	102	203	230
7493	12	8	19	103	203	232
7494	12	8	20	104	203	234
7495	12	8	21	105	60	235
7496	12	8	22	106	60	237
7497	12	8	23	107	233	238
7498	12	8	24	108	233	240
7499	12	8	25	109	30	241
7500	12	8	26	110	30	243
7501	12	8	27	111	248	244
7502	12	8	28	112	248	246
7503	12	9	0	82	215	201
7504	12	9	1	83	215	203
7505	12	9	2	84	24	204
7506	12	9	3	85	239	205
7507	12	9	4	86	239	207
7508	12	9	5	87	239	209
7509	12	9	6	88	239	211
7510	12	9	7	89	251	211
7511	12	9	8	90	251	213
7512	12	9	9	91	251	215
7513	12	9	10	92	251	217
7514	12	9	11	93	257	217
7515	12	9	12	94	257	219
7516	12	9	13	95	257	221
7517	12	9	14	96	257	223
7518	12	9	15	97	6	224
7519	12	9	16	98	260	225
7520	12	9	17	99	260	227
7521	12	9	18	100	260	229
7522	12	9	19	101	3	230
7523	12	9	20	102	130	231
7524	12	9	21	103	130	233
7525	12	9	22	104	130	235
7526	12	9	23	105	133	236
7527	12	9	24	106	133	238
7528	12	9	25	107	65	239
7529	12	9	26	108	65	241
7530	12	9	27	109	198	242
7531	12	10	0	79	123	198
7532	12	10	1	80	70	199
7533	12	10	2	81	193	200
7534	12	10	3	82	193	202
7535	12	10	4	83	193	204
7536	12	10	5	84	35	205
7537	12	10	6	85	228	206
7538	12	10	7	86	228	208
7539	12	10	8	87	228	210
7540	12	10	9	88	228	212
7541	12	10	10	89	114	212
7542	12	10	11	90	114	214
7543	12	10	12	91	114	216
7544	12	10	13	92	114	218
7545	12	10	14	93	57	218
7546	12	10	15	94	57	220
7547	12	10	16	95	57	222
7548	12	10	17	96	57	224
7549	12	10	18	97	206	225
7550	12	10	19	98	160	226
7551	12	10	20	99	160	228
7552	12	10	21	100	160	230
7553	12	10	22	101	103	231
7554	12	10	23	102	80	232
7555	12	10	24	103	80	234
7556	12	10	25	104	80	236
7557	12	10	26	105	183	237
7558	12	11	0	77	128	195
7559	12	11	1	78	128	197
7560	12	11	2	79	128	199
7561	12	11	3	80	199	200
7562	12	11	4	81	64	201
7563	12	11	5	82	64	203
7564	12	11	6	83	64	205
7565	12	11	7	84	231	206
7566	12	11	8	85	32	207
7567	12	11	9	86	32	209
7568	12	11	10	87	32	211
7569	12	11	11	88	32	213
7570	12	11	12	89	16	213
7571	12	11	13	90	16	215
7572	12	11	14	91	16	217
7573	12	11	15	92	16	219
7574	12	11	16	93	8	219
7575	12	11	17	94	8	221
7576	12	11	18	95	8	223
7577	12	11	19	96	8	225
7578	12	11	20	97	255	226
7579	12	11	21	98	4	227
7580	12	11	22	99	4	229
7581	12	11	23	100	4	231
7582	12	11	24	101	259	232
7583	12	11	25	102	2	233
7584	12	12	0	74	198	192
7585	12	12	1	75	164	193
7586	12	12	2	76	164	195
7587	12	12	3	77	99	196
7588	12	12	4	78	99	198
7589	12	12	5	79	99	200
7590	12	12	6	80	82	201
7591	12	12	7	81	181	202
7592	12	12	8	82	181	204
7593	12	12	9	83	181	206
7594	12	12	10	84	41	207
7595	12	12	11	85	222	208
7596	12	12	12	86	222	210
7597	12	12	13	87	222	212
7598	12	12	14	88	222	214
7599	12	12	15	89	111	214
7600	12	12	16	90	111	216
7601	12	12	17	91	111	218
7602	12	12	18	92	111	220
7603	12	12	19	93	187	220
7604	12	12	20	94	187	222
7605	12	12	21	95	187	224
7606	12	12	22	96	187	226
7607	12	12	23	97	76	227
7608	12	12	24	98	225	228
7609	12	13	0	72	166	190
7610	12	13	1	73	97	191
7611	12	13	2	74	97	193
7612	12	13	3	75	83	194
7613	12	13	4	76	83	196
7614	12	13	5	77	180	197
7615	12	13	6	78	180	199
7616	12	13	7	79	180	201
7617	12	13	8	80	173	202
7618	12	13	9	81	90	203
7619	12	13	10	82	90	205
7620	12	13	11	83	90	207
7621	12	13	12	84	218	208
7622	12	13	13	85	45	209
7623	12	13	14	86	45	211
7624	12	13	15	87	45	213
7625	12	13	16	88	45	215
7626	12	13	17	89	154	215
7627	12	13	18	90	154	217
7628	12	13	19	91	154	219
7629	12	13	20	92	154	221
7630	12	13	21	93	77	221
7631	12	13	22	94	77	223
7632	12	13	23	95	77	225
7633	12	14	0	69	261	186
7634	12	14	1	70	261	188
7635	12	14	2	71	1	189
7636	12	14	3	72	1	191
7637	12	14	4	73	262	192
7638	12	14	5	74	262	194
7639	12	14	6	75	132	195
7640	12	14	7	76	132	197
7641	12	14	8	77	131	198
7642	12	14	9	78	131	200
7643	12	14	10	79	131	202
7644	12	14	11	80	66	203
7645	12	14	12	81	197	204
7646	12	14	13	82	197	206
7647	12	14	14	83	197	208
7648	12	14	15	84	33	209
7649	12	14	16	85	230	210
7650	12	14	17	86	230	212
7651	12	14	18	87	230	214
7652	12	14	19	88	230	216
7653	12	14	20	89	115	216
7654	12	14	21	90	115	218
7655	12	14	22	91	115	220
7656	12	15	0	67	171	184
7657	12	15	1	68	171	186
7658	12	15	2	69	92	187
7659	12	15	3	70	92	189
7660	12	15	4	71	217	190
7661	12	15	5	72	217	192
7662	12	15	6	73	46	193
7663	12	15	7	74	46	195
7664	12	15	8	75	240	196
7665	12	15	9	76	240	198
7666	12	15	10	77	23	199
7667	12	15	11	78	23	201
7668	12	15	12	79	23	203
7669	12	15	13	80	120	204
7670	12	15	14	81	143	205
7671	12	15	15	82	143	207
7672	12	15	16	83	143	209
7673	12	15	17	84	60	210
7674	12	15	18	85	203	211
7675	12	15	19	86	203	213
7676	12	15	20	87	203	215
7677	12	15	21	88	203	217
7678	12	16	0	64	170	181
7679	12	16	1	65	93	182
7680	12	16	2	66	85	183
7681	12	16	3	67	85	185
7682	12	16	4	68	85	187
7683	12	16	5	69	178	188
7684	12	16	6	70	178	190
7685	12	16	7	71	174	191
7686	12	16	8	72	174	193
7687	12	16	9	73	89	194
7688	12	16	10	74	89	196
7689	12	16	11	75	87	197
7690	12	16	12	76	87	199
7691	12	16	13	77	176	200
7692	12	16	14	78	176	202
7693	12	16	15	79	176	204
7694	12	16	16	80	175	205
7695	12	16	17	81	88	206
7696	12	16	18	82	88	208
7697	12	16	19	83	88	210
7698	12	16	20	84	219	211
7699	12	17	0	62	70	178
7700	12	17	1	63	70	180
7701	12	17	2	64	70	182
7702	12	17	3	65	193	183
7703	12	17	4	66	35	184
7704	12	17	5	67	35	186
7705	12	17	6	68	35	188
7706	12	17	7	69	228	189
7707	12	17	8	70	228	191
7708	12	17	9	71	149	192
7709	12	17	10	72	149	194
7710	12	17	11	73	114	195
7711	12	17	12	74	114	197
7712	12	17	13	75	206	198
7713	12	17	14	76	206	200
7714	12	17	15	77	57	201
7715	12	17	16	78	57	203
7716	12	17	17	79	57	205
7717	12	17	18	80	103	206
7718	12	17	19	81	160	207
7719	12	18	0	59	248	175
7720	12	18	1	60	248	177
7721	12	18	2	61	15	178
7722	12	18	3	62	124	179
7723	12	18	4	63	124	181
7724	12	18	5	64	124	183
7725	12	18	6	65	139	184
7726	12	18	7	66	62	185
7727	12	18	8	67	62	187
7728	12	18	9	68	62	189
7729	12	18	10	69	201	190
7730	12	18	11	70	201	192
7731	12	18	12	71	31	193
7732	12	18	13	72	31	195
7733	12	18	14	73	232	196
7734	12	18	15	74	232	198
7735	12	18	16	75	147	199
7736	12	18	17	76	147	201
7737	12	18	18	77	116	202
7738	12	19	0	57	164	172
7739	12	19	1	58	164	174
7740	12	19	2	59	164	176
7741	12	19	3	60	164	178
7742	12	19	4	61	99	179
7743	12	19	5	62	82	180
7744	12	19	6	63	82	182
7745	12	19	7	64	82	184
7746	12	19	8	65	181	185
7747	12	19	9	66	41	186
7748	12	19	10	67	41	188
7749	12	19	11	68	41	190
7750	12	19	12	69	222	191
7751	12	19	13	70	222	193
7752	12	19	14	71	152	194
7753	12	19	15	72	152	196
7754	12	19	16	73	111	197
7755	12	19	17	74	111	199
7756	12	20	0	54	40	169
7757	12	20	1	55	40	171
7758	12	20	2	56	40	173
7759	12	20	3	57	20	173
7760	12	20	4	58	20	175
7761	12	20	5	59	20	177
7762	12	20	6	60	20	179
7763	12	20	7	61	243	180
7764	12	20	8	62	10	181
7765	12	20	9	63	10	183
7766	12	20	10	64	10	185
7767	12	20	11	65	253	186
7768	12	20	12	66	5	187
7769	12	20	13	67	5	189
7770	12	20	14	68	5	191
7771	12	20	15	69	258	192
7772	12	20	16	70	258	194
7773	12	21	0	52	2	168
7774	12	21	1	53	1	168
7775	12	21	2	54	1	170
7776	12	21	3	55	1	172
7777	12	21	4	56	1	174
7778	12	21	5	57	132	174
7779	12	21	6	58	132	176
7780	12	21	7	59	132	178
7781	12	21	8	60	132	180
7782	12	21	9	61	131	181
7783	12	21	10	62	66	182
7784	12	21	11	63	66	184
7785	12	21	12	64	66	186
7786	12	21	13	65	197	187
7787	12	21	14	66	33	188
7788	12	21	15	67	33	190
7789	12	22	0	49	244	163
7790	12	22	1	50	244	165
7791	12	22	2	51	244	167
7792	12	22	3	52	244	169
7793	12	22	4	53	122	169
7794	12	22	5	54	122	171
7795	12	22	6	55	122	173
7796	12	22	7	56	122	175
7797	12	22	8	57	61	175
7798	12	22	9	58	61	177
7799	12	22	10	59	61	179
7800	12	22	11	60	61	181
7801	12	22	12	61	202	182
7802	12	22	13	62	162	183
7803	12	22	14	63	162	185
7804	12	23	0	47	170	162
7805	12	23	1	48	178	163
7806	12	23	2	49	85	164
7807	12	23	3	50	85	166
7808	12	23	4	51	85	168
7809	12	23	5	52	85	170
7810	12	23	6	53	174	170
7811	12	23	7	54	174	172
7812	12	23	8	55	174	174
7813	12	23	9	56	174	176
7814	12	23	10	57	87	176
7815	12	23	11	58	87	178
7816	12	23	12	59	87	180
7817	12	23	13	60	87	182
7818	12	24	0	44	37	158
7819	12	24	1	45	226	159
7820	12	24	2	46	226	161
7821	12	24	3	47	226	163
7822	12	24	4	48	150	164
7823	12	24	5	49	113	165
7824	12	24	6	50	113	167
7825	12	24	7	51	113	169
7826	12	24	8	52	113	171
7827	12	24	9	53	188	171
7828	12	24	10	54	188	173
7829	12	24	11	55	188	175
7830	12	24	12	56	188	177
7831	12	25	0	42	248	156
7832	12	25	1	43	248	158
7833	12	25	2	44	139	159
7834	12	25	3	45	124	160
7835	12	25	4	46	124	162
7836	12	25	5	47	124	164
7837	12	25	6	48	201	165
7838	12	25	7	49	62	166
7839	12	25	8	50	62	168
7840	12	25	9	51	62	170
7841	12	25	10	52	62	172
7842	12	25	11	53	31	172
7843	12	26	0	39	252	152
7844	12	26	1	40	252	154
7845	12	26	2	41	11	155
7846	12	26	3	42	11	157
7847	12	26	4	43	11	159
7848	12	26	5	44	126	160
7849	12	26	6	45	137	161
7850	12	26	7	46	137	163
7851	12	26	8	47	137	165
7852	12	26	9	48	63	166
7853	12	26	10	49	200	167
7854	12	27	0	37	40	150
7855	12	27	1	38	40	152
7856	12	27	2	39	243	153
7857	12	27	3	40	243	155
7858	12	27	4	41	20	156
7859	12	27	5	42	20	158
7860	12	27	6	43	20	160
7861	12	27	7	44	253	161
7862	12	27	8	45	10	162
7863	12	27	9	46	10	164
7864	12	28	0	34	29	147
7865	12	28	1	35	29	149
7866	12	28	2	36	117	150
7867	12	28	3	37	146	151
7868	12	28	4	38	146	153
7869	12	28	5	39	190	154
7870	12	28	6	40	190	156
7871	12	28	7	41	73	157
7872	12	28	8	42	73	159
7873	12	29	0	32	19	145
7874	12	29	1	33	244	146
7875	12	29	2	34	244	148
7876	12	29	3	35	244	150
7877	12	29	4	36	141	151
7878	12	29	5	37	122	152
7879	12	29	6	38	122	154
7880	12	29	7	39	202	155
7881	12	30	0	29	98	141
7882	12	30	1	30	98	143
7883	12	30	2	31	98	145
7884	12	30	3	32	214	146
7885	12	30	4	33	49	147
7886	12	30	5	34	49	149
7887	12	30	6	35	49	151
7888	12	31	0	27	189	140
7889	12	31	1	28	189	142
7890	12	31	2	29	226	142
7891	12	31	3	30	226	144
7892	12	31	4	31	226	146
7893	12	31	5	32	150	147
7894	12	32	0	24	91	137
7895	12	32	1	25	172	138
7896	12	32	2	26	177	139
7897	12	32	3	27	177	141
7898	12	32	4	28	177	143
7899	12	33	0	22	219	135
7900	12	33	1	23	219	137
7901	12	33	2	24	22	138
7902	12	33	3	25	241	139
7903	12	34	0	19	47	132
7904	12	34	1	20	47	134
7905	12	34	2	21	108	135
7906	12	35	0	17	147	131
7907	12	35	1	18	147	133
7908	12	36	0	14	63	129
7909	13	0	0	7	137	126
7910	13	0	1	6	149	127
7911	13	0	2	8	165	127
7912	13	0	3	9	55	127
7913	13	0	4	10	53	127
7914	13	0	5	5	260	128
7915	13	0	6	12	8	128
7916	13	0	7	11	16	129
7917	13	0	8	13	38	129
7918	13	0	9	4	212	130
7919	13	0	10	14	122	130
7920	13	0	11	15	216	130
7921	13	0	12	16	36	130
7922	13	0	13	3	185	132
7923	13	0	14	17	18	132
7924	13	0	15	19	35	133
7925	13	0	16	2	161	134
7926	13	0	17	18	10	134
7927	13	0	18	20	130	135
7928	13	0	19	1	41	136
7929	13	0	20	21	66	136
7930	13	0	21	22	33	136
7931	13	0	22	0	184	138
7932	13	0	23	23	148	138
7933	13	0	24	24	126	139
7934	13	0	25	25	200	140
7935	13	0	26	26	242	140
7936	13	0	27	27	242	142
7937	13	0	28	29	122	143
7938	13	0	29	28	103	144
7939	13	0	30	30	135	145
7940	13	0	31	31	135	147
7941	13	0	32	32	218	148
7942	13	0	33	33	109	148
7943	13	0	34	34	109	150
7944	13	0	35	35	109	152
7945	13	0	36	36	124	152
7946	13	0	37	37	201	153
7947	13	0	38	38	201	155
7948	13	0	39	39	196	156
7949	13	0	40	40	67	157
7950	13	0	41	41	98	158
7951	13	0	42	42	98	160
7952	13	1	0	7	137	127
7953	13	1	1	6	149	128
7954	13	1	2	8	165	128
7955	13	1	3	9	55	128
7956	13	1	4	10	53	128
7957	13	1	5	5	260	129
7958	13	1	6	12	8	129
7959	13	1	7	11	16	130
7960	13	1	8	13	38	130
7961	13	1	9	4	212	131
7962	13	1	10	14	122	131
7963	13	1	11	15	216	131
7964	13	1	12	16	36	131
7965	13	1	13	3	185	133
7966	13	1	14	17	18	133
7967	13	1	15	19	35	134
7968	13	1	16	2	161	135
7969	13	1	17	18	10	135
7970	13	1	18	20	130	136
7971	13	1	19	1	41	137
7972	13	1	20	21	66	137
7973	13	1	21	22	33	137
7974	13	1	22	0	184	139
7975	13	1	23	23	148	139
7976	13	1	24	24	126	140
7977	13	1	25	25	200	141
7978	13	1	26	26	242	141
7979	13	1	27	27	242	143
7980	13	1	28	29	122	144
7981	13	1	29	28	103	145
7982	13	1	30	30	135	146
7983	13	1	31	31	135	148
7984	13	1	32	32	218	149
7985	13	1	33	33	109	149
7986	13	1	34	34	109	151
7987	13	1	35	35	109	153
7988	13	1	36	36	124	153
7989	13	1	37	37	201	154
7990	13	1	38	38	201	156
7991	13	1	39	39	196	157
7992	13	1	40	40	67	158
7993	13	1	41	41	98	159
7994	13	2	0	7	137	128
7995	13	2	1	6	149	129
7996	13	2	2	8	165	129
7997	13	2	3	9	55	129
7998	13	2	4	10	53	129
7999	13	2	5	5	260	130
8000	13	2	6	12	8	130
8001	13	2	7	11	16	131
8002	13	2	8	13	38	131
8003	13	2	9	4	212	132
8004	13	2	10	14	122	132
8005	13	2	11	15	216	132
8006	13	2	12	16	36	132
8007	13	2	13	3	185	134
8008	13	2	14	17	18	134
8009	13	2	15	19	35	135
8010	13	2	16	2	161	136
8011	13	2	17	18	10	136
8012	13	2	18	20	130	137
8013	13	2	19	1	41	138
8014	13	2	20	21	66	138
8015	13	2	21	22	33	138
8016	13	2	22	0	184	140
8017	13	2	23	23	148	140
8018	13	2	24	24	126	141
8019	13	2	25	25	200	142
8020	13	2	26	26	242	142
8021	13	2	27	27	242	144
8022	13	2	28	29	122	145
8023	13	2	29	28	103	146
8024	13	2	30	30	135	147
8025	13	2	31	31	135	149
8026	13	2	32	32	218	150
8027	13	2	33	33	109	150
8028	13	2	34	34	109	152
8029	13	2	35	35	109	154
8030	13	2	36	36	124	154
8031	13	2	37	37	201	155
8032	13	2	38	38	201	157
8033	13	2	39	39	196	158
8034	13	2	40	40	67	159
8035	13	3	0	7	137	129
8036	13	3	1	6	149	130
8037	13	3	2	8	165	130
8038	13	3	3	9	55	130
8039	13	3	4	10	53	130
8040	13	3	5	5	260	131
8041	13	3	6	12	8	131
8042	13	3	7	11	16	132
8043	13	3	8	13	38	132
8044	13	3	9	4	212	133
8045	13	3	10	14	122	133
8046	13	3	11	15	216	133
8047	13	3	12	16	36	133
8048	13	3	13	3	185	135
8049	13	3	14	17	18	135
8050	13	3	15	19	35	136
8051	13	3	16	2	161	137
8052	13	3	17	18	10	137
8053	13	3	18	20	130	138
8054	13	3	19	1	41	139
8055	13	3	20	21	66	139
8056	13	3	21	22	33	139
8057	13	3	22	0	184	141
8058	13	3	23	23	148	141
8059	13	3	24	24	126	142
8060	13	3	25	25	200	143
8061	13	3	26	26	242	143
8062	13	3	27	27	242	145
8063	13	3	28	29	122	146
8064	13	3	29	28	103	147
8065	13	3	30	30	135	148
8066	13	3	31	31	135	150
8067	13	3	32	32	218	151
8068	13	3	33	33	109	151
8069	13	3	34	34	109	153
8070	13	3	35	35	109	155
8071	13	3	36	36	124	155
8072	13	3	37	37	201	156
8073	13	3	38	38	201	158
8074	13	3	39	39	196	159
8075	13	4	0	7	137	130
8076	13	4	1	6	149	131
8077	13	4	2	8	165	131
8078	13	4	3	9	55	131
8079	13	4	4	10	53	131
8080	13	4	5	5	260	132
8081	13	4	6	12	8	132
8082	13	4	7	11	16	133
8083	13	4	8	13	38	133
8084	13	4	9	4	212	134
8085	13	4	10	14	122	134
8086	13	4	11	15	216	134
8087	13	4	12	16	36	134
8088	13	4	13	3	185	136
8089	13	4	14	17	18	136
8090	13	4	15	19	35	137
8091	13	4	16	2	161	138
8092	13	4	17	18	10	138
8093	13	4	18	20	130	139
8094	13	4	19	1	41	140
8095	13	4	20	21	66	140
8096	13	4	21	22	33	140
8097	13	4	22	0	184	142
8098	13	4	23	23	148	142
8099	13	4	24	24	126	143
8100	13	4	25	25	200	144
8101	13	4	26	26	242	144
8102	13	4	27	27	242	146
8103	13	4	28	29	122	147
8104	13	4	29	28	103	148
8105	13	4	30	30	135	149
8106	13	4	31	31	135	151
8107	13	4	32	32	218	152
8108	13	4	33	33	109	152
8109	13	4	34	34	109	154
8110	13	4	35	35	109	156
8111	13	4	36	36	124	156
8112	13	4	37	37	201	157
8113	13	4	38	38	201	159
8114	13	5	0	7	137	131
8115	13	5	1	6	149	132
8116	13	5	2	8	165	132
8117	13	5	3	9	55	132
8118	13	5	4	10	53	132
8119	13	5	5	5	260	133
8120	13	5	6	12	8	133
8121	13	5	7	11	16	134
8122	13	5	8	13	38	134
8123	13	5	9	4	212	135
8124	13	5	10	14	122	135
8125	13	5	11	15	216	135
8126	13	5	12	16	36	135
8127	13	5	13	3	185	137
8128	13	5	14	17	18	137
8129	13	5	15	19	35	138
8130	13	5	16	2	161	139
8131	13	5	17	18	10	139
8132	13	5	18	20	130	140
8133	13	5	19	1	41	141
8134	13	5	20	21	66	141
8135	13	5	21	22	33	141
8136	13	5	22	0	184	143
8137	13	5	23	23	148	143
8138	13	5	24	24	126	144
8139	13	5	25	25	200	145
8140	13	5	26	26	242	145
8141	13	5	27	27	242	147
8142	13	5	28	29	122	148
8143	13	5	29	28	103	149
8144	13	5	30	30	135	150
8145	13	5	31	31	135	152
8146	13	5	32	32	218	153
8147	13	5	33	33	109	153
8148	13	5	34	34	109	155
8149	13	5	35	35	109	157
8150	13	5	36	36	124	157
8151	13	5	37	37	201	158
8152	13	6	0	7	137	132
8153	13	6	1	6	149	133
8154	13	6	2	8	165	133
8155	13	6	3	9	55	133
8156	13	6	4	10	53	133
8157	13	6	5	5	260	134
8158	13	6	6	12	8	134
8159	13	6	7	11	16	135
8160	13	6	8	13	38	135
8161	13	6	9	4	212	136
8162	13	6	10	14	122	136
8163	13	6	11	15	216	136
8164	13	6	12	16	36	136
8165	13	6	13	3	185	138
8166	13	6	14	17	18	138
8167	13	6	15	19	35	139
8168	13	6	16	2	161	140
8169	13	6	17	18	10	140
8170	13	6	18	20	130	141
8171	13	6	19	1	41	142
8172	13	6	20	21	66	142
8173	13	6	21	22	33	142
8174	13	6	22	0	184	144
8175	13	6	23	23	148	144
8176	13	6	24	24	126	145
8177	13	6	25	25	200	146
8178	13	6	26	26	242	146
8179	13	6	27	27	242	148
8180	13	6	28	29	122	149
8181	13	6	29	28	103	150
8182	13	6	30	30	135	151
8183	13	6	31	31	135	153
8184	13	6	32	32	218	154
8185	13	6	33	33	109	154
8186	13	6	34	34	109	156
8187	13	6	35	35	109	158
8188	13	6	36	36	124	158
8189	13	7	0	7	137	133
8190	13	7	1	6	149	134
8191	13	7	2	8	165	134
8192	13	7	3	9	55	134
8193	13	7	4	10	53	134
8194	13	7	5	5	260	135
8195	13	7	6	12	8	135
8196	13	7	7	11	16	136
8197	13	7	8	13	38	136
8198	13	7	9	4	212	137
8199	13	7	10	14	122	137
8200	13	7	11	15	216	137
8201	13	7	12	16	36	137
8202	13	7	13	3	185	139
8203	13	7	14	17	18	139
8204	13	7	15	19	35	140
8205	13	7	16	2	161	141
8206	13	7	17	18	10	141
8207	13	7	18	20	130	142
8208	13	7	19	1	41	143
8209	13	7	20	21	66	143
8210	13	7	21	22	33	143
8211	13	7	22	0	184	145
8212	13	7	23	23	148	145
8213	13	7	24	24	126	146
8214	13	7	25	25	200	147
8215	13	7	26	26	242	147
8216	13	7	27	27	242	149
8217	13	7	28	29	122	150
8218	13	7	29	28	103	151
8219	13	7	30	30	135	152
8220	13	7	31	31	135	154
8221	13	7	32	32	218	155
8222	13	7	33	33	109	155
8223	13	7	34	34	109	157
8224	13	7	35	35	109	159
8225	13	8	0	7	137	134
8226	13	8	1	6	149	135
8227	13	8	2	8	165	135
8228	13	8	3	9	55	135
8229	13	8	4	10	53	135
8230	13	8	5	5	260	136
8231	13	8	6	12	8	136
8232	13	8	7	11	16	137
8233	13	8	8	13	38	137
8234	13	8	9	4	212	138
8235	13	8	10	14	122	138
8236	13	8	11	15	216	138
8237	13	8	12	16	36	138
8238	13	8	13	3	185	140
8239	13	8	14	17	18	140
8240	13	8	15	19	35	141
8241	13	8	16	2	161	142
8242	13	8	17	18	10	142
8243	13	8	18	20	130	143
8244	13	8	19	1	41	144
8245	13	8	20	21	66	144
8246	13	8	21	22	33	144
8247	13	8	22	0	184	146
8248	13	8	23	23	148	146
8249	13	8	24	24	126	147
8250	13	8	25	25	200	148
8251	13	8	26	26	242	148
8252	13	8	27	27	242	150
8253	13	8	28	29	122	151
8254	13	8	29	28	103	152
8255	13	8	30	30	135	153
8256	13	8	31	31	135	155
8257	13	8	32	32	218	156
8258	13	8	33	33	109	156
8259	13	8	34	34	109	158
8260	13	9	0	7	137	135
8261	13	9	1	6	149	136
8262	13	9	2	8	165	136
8263	13	9	3	9	55	136
8264	13	9	4	10	53	136
8265	13	9	5	5	260	137
8266	13	9	6	12	8	137
8267	13	9	7	11	16	138
8268	13	9	8	13	38	138
8269	13	9	9	4	212	139
8270	13	9	10	14	122	139
8271	13	9	11	15	216	139
8272	13	9	12	16	36	139
8273	13	9	13	3	185	141
8274	13	9	14	17	18	141
8275	13	9	15	19	35	142
8276	13	9	16	2	161	143
8277	13	9	17	18	10	143
8278	13	9	18	20	130	144
8279	13	9	19	1	41	145
8280	13	9	20	21	66	145
8281	13	9	21	22	33	145
8282	13	9	22	0	184	147
8283	13	9	23	23	148	147
8284	13	9	24	24	126	148
8285	13	9	25	25	200	149
8286	13	9	26	26	242	149
8287	13	9	27	27	242	151
8288	13	9	28	29	122	152
8289	13	9	29	28	103	153
8290	13	9	30	30	135	154
8291	13	9	31	31	135	156
8292	13	9	32	32	218	157
8293	13	9	33	33	109	157
8294	13	10	0	7	137	136
8295	13	10	1	6	149	137
8296	13	10	2	8	165	137
8297	13	10	3	9	55	137
8298	13	10	4	10	53	137
8299	13	10	5	5	260	138
8300	13	10	6	12	8	138
8301	13	10	7	11	16	139
8302	13	10	8	13	38	139
8303	13	10	9	4	212	140
8304	13	10	10	14	122	140
8305	13	10	11	15	216	140
8306	13	10	12	16	36	140
8307	13	10	13	3	185	142
8308	13	10	14	17	18	142
8309	13	10	15	19	35	143
8310	13	10	16	2	161	144
8311	13	10	17	18	10	144
8312	13	10	18	20	130	145
8313	13	10	19	1	41	146
8314	13	10	20	21	66	146
8315	13	10	21	22	33	146
8316	13	10	22	0	184	148
8317	13	10	23	23	148	148
8318	13	10	24	24	126	149
8319	13	10	25	25	200	150
8320	13	10	26	26	242	150
8321	13	10	27	27	242	152
8322	13	10	28	29	122	153
8323	13	10	29	28	103	154
8324	13	10	30	30	135	155
8325	13	10	31	31	135	157
8326	13	10	32	32	218	158
8327	13	11	0	7	137	137
8328	13	11	1	6	149	138
8329	13	11	2	8	165	138
8330	13	11	3	9	55	138
8331	13	11	4	10	53	138
8332	13	11	5	5	260	139
8333	13	11	6	12	8	139
8334	13	11	7	11	16	140
8335	13	11	8	13	38	140
8336	13	11	9	4	212	141
8337	13	11	10	14	122	141
8338	13	11	11	15	216	141
8339	13	11	12	16	36	141
8340	13	11	13	3	185	143
8341	13	11	14	17	18	143
8342	13	11	15	19	35	144
8343	13	11	16	2	161	145
8344	13	11	17	18	10	145
8345	13	11	18	20	130	146
8346	13	11	19	1	41	147
8347	13	11	20	21	66	147
8348	13	11	21	22	33	147
8349	13	11	22	0	184	149
8350	13	11	23	23	148	149
8351	13	11	24	24	126	150
8352	13	11	25	25	200	151
8353	13	11	26	26	242	151
8354	13	11	27	27	242	153
8355	13	11	28	29	122	154
8356	13	11	29	28	103	155
8357	13	11	30	30	135	156
8358	13	11	31	31	135	158
8359	13	12	0	7	137	138
8360	13	12	1	6	149	139
8361	13	12	2	8	165	139
8362	13	12	3	9	55	139
8363	13	12	4	10	53	139
8364	13	12	5	5	260	140
8365	13	12	6	12	8	140
8366	13	12	7	11	16	141
8367	13	12	8	13	38	141
8368	13	12	9	4	212	142
8369	13	12	10	14	122	142
8370	13	12	11	15	216	142
8371	13	12	12	16	36	142
8372	13	12	13	3	185	144
8373	13	12	14	17	18	144
8374	13	12	15	19	35	145
8375	13	12	16	2	161	146
8376	13	12	17	18	10	146
8377	13	12	18	20	130	147
8378	13	12	19	1	41	148
8379	13	12	20	21	66	148
8380	13	12	21	22	33	148
8381	13	12	22	0	184	150
8382	13	12	23	23	148	150
8383	13	12	24	24	126	151
8384	13	12	25	25	200	152
8385	13	12	26	26	242	152
8386	13	12	27	27	242	154
8387	13	12	28	29	122	155
8388	13	12	29	28	103	156
8389	13	12	30	30	135	157
8390	13	13	0	7	137	139
8391	13	13	1	6	149	140
8392	13	13	2	8	165	140
8393	13	13	3	9	55	140
8394	13	13	4	10	53	140
8395	13	13	5	5	260	141
8396	13	13	6	12	8	141
8397	13	13	7	11	16	142
8398	13	13	8	13	38	142
8399	13	13	9	4	212	143
8400	13	13	10	14	122	143
8401	13	13	11	15	216	143
8402	13	13	12	16	36	143
8403	13	13	13	3	185	145
8404	13	13	14	17	18	145
8405	13	13	15	19	35	146
8406	13	13	16	2	161	147
8407	13	13	17	18	10	147
8408	13	13	18	20	130	148
8409	13	13	19	1	41	149
8410	13	13	20	21	66	149
8411	13	13	21	22	33	149
8412	13	13	22	0	184	151
8413	13	13	23	23	148	151
8414	13	13	24	24	126	152
8415	13	13	25	25	200	153
8416	13	13	26	26	242	153
8417	13	13	27	27	242	155
8418	13	13	28	29	122	156
8419	13	13	29	28	103	157
8420	13	14	0	7	137	140
8421	13	14	1	6	149	141
8422	13	14	2	8	165	141
8423	13	14	3	9	55	141
8424	13	14	4	10	53	141
8425	13	14	5	5	260	142
8426	13	14	6	12	8	142
8427	13	14	7	11	16	143
8428	13	14	8	13	38	143
8429	13	14	9	4	212	144
8430	13	14	10	14	122	144
8431	13	14	11	15	216	144
8432	13	14	12	16	36	144
8433	13	14	13	3	185	146
8434	13	14	14	17	18	146
8435	13	14	15	19	35	147
8436	13	14	16	2	161	148
8437	13	14	17	18	10	148
8438	13	14	18	20	130	149
8439	13	14	19	1	41	150
8440	13	14	20	21	66	150
8441	13	14	21	22	33	150
8442	13	14	22	0	184	152
8443	13	14	23	23	148	152
8444	13	14	24	24	126	153
8445	13	14	25	25	200	154
8446	13	14	26	26	242	154
8447	13	14	27	27	242	156
8448	13	14	28	29	122	157
8449	13	15	0	7	137	141
8450	13	15	1	6	149	142
8451	13	15	2	8	165	142
8452	13	15	3	9	55	142
8453	13	15	4	10	53	142
8454	13	15	5	5	260	143
8455	13	15	6	12	8	143
8456	13	15	7	11	16	144
8457	13	15	8	13	38	144
8458	13	15	9	4	212	145
8459	13	15	10	14	122	145
8460	13	15	11	15	216	145
8461	13	15	12	16	36	145
8462	13	15	13	3	185	147
8463	13	15	14	17	18	147
8464	13	15	15	19	35	148
8465	13	15	16	2	161	149
8466	13	15	17	18	10	149
8467	13	15	18	20	130	150
8468	13	15	19	1	41	151
8469	13	15	20	21	66	151
8470	13	15	21	22	33	151
8471	13	15	22	0	184	153
8472	13	15	23	23	148	153
8473	13	15	24	24	126	154
8474	13	15	25	25	200	155
8475	13	15	26	26	242	155
8476	13	15	27	27	242	157
8477	13	16	0	7	137	142
8478	13	16	1	6	149	143
8479	13	16	2	8	165	143
8480	13	16	3	9	55	143
8481	13	16	4	10	53	143
8482	13	16	5	5	260	144
8483	13	16	6	12	8	144
8484	13	16	7	11	16	145
8485	13	16	8	13	38	145
8486	13	16	9	4	212	146
8487	13	16	10	14	122	146
8488	13	16	11	15	216	146
8489	13	16	12	16	36	146
8490	13	16	13	3	185	148
8491	13	16	14	17	18	148
8492	13	16	15	19	35	149
8493	13	16	16	2	161	150
8494	13	16	17	18	10	150
8495	13	16	18	20	130	151
8496	13	16	19	1	41	152
8497	13	16	20	21	66	152
8498	13	16	21	22	33	152
8499	13	16	22	0	184	154
8500	13	16	23	23	148	154
8501	13	16	24	24	126	155
8502	13	16	25	25	200	156
8503	13	16	26	26	242	156
8504	13	17	0	7	137	143
8505	13	17	1	6	149	144
8506	13	17	2	8	165	144
8507	13	17	3	9	55	144
8508	13	17	4	10	53	144
8509	13	17	5	5	260	145
8510	13	17	6	12	8	145
8511	13	17	7	11	16	146
8512	13	17	8	13	38	146
8513	13	17	9	4	212	147
8514	13	17	10	14	122	147
8515	13	17	11	15	216	147
8516	13	17	12	16	36	147
8517	13	17	13	3	185	149
8518	13	17	14	17	18	149
8519	13	17	15	19	35	150
8520	13	17	16	2	161	151
8521	13	17	17	18	10	151
8522	13	17	18	20	130	152
8523	13	17	19	1	41	153
8524	13	17	20	21	66	153
8525	13	17	21	22	33	153
8526	13	17	22	0	184	155
8527	13	17	23	23	148	155
8528	13	17	24	24	126	156
8529	13	17	25	25	200	157
8530	13	18	0	7	137	144
8531	13	18	1	6	149	145
8532	13	18	2	8	165	145
8533	13	18	3	9	55	145
8534	13	18	4	10	53	145
8535	13	18	5	5	260	146
8536	13	18	6	12	8	146
8537	13	18	7	11	16	147
8538	13	18	8	13	38	147
8539	13	18	9	4	212	148
8540	13	18	10	14	122	148
8541	13	18	11	15	216	148
8542	13	18	12	16	36	148
8543	13	18	13	3	185	150
8544	13	18	14	17	18	150
8545	13	18	15	19	35	151
8546	13	18	16	2	161	152
8547	13	18	17	18	10	152
8548	13	18	18	20	130	153
8549	13	18	19	1	41	154
8550	13	18	20	21	66	154
8551	13	18	21	22	33	154
8552	13	18	22	0	184	156
8553	13	18	23	23	148	156
8554	13	18	24	24	126	157
8555	13	19	0	7	137	145
8556	13	19	1	6	149	146
8557	13	19	2	8	165	146
8558	13	19	3	9	55	146
8559	13	19	4	10	53	146
8560	13	19	5	5	260	147
8561	13	19	6	12	8	147
8562	13	19	7	11	16	148
8563	13	19	8	13	38	148
8564	13	19	9	4	212	149
8565	13	19	10	14	122	149
8566	13	19	11	15	216	149
8567	13	19	12	16	36	149
8568	13	19	13	3	185	151
8569	13	19	14	17	18	151
8570	13	19	15	19	35	152
8571	13	19	16	2	161	153
8572	13	19	17	18	10	153
8573	13	19	18	20	130	154
8574	13	19	19	1	41	155
8575	13	19	20	21	66	155
8576	13	19	21	22	33	155
8577	13	19	22	0	184	157
8578	13	19	23	23	148	157
8579	13	20	0	7	137	146
8580	13	20	1	6	149	147
8581	13	20	2	8	165	147
8582	13	20	3	9	55	147
8583	13	20	4	10	53	147
8584	13	20	5	5	260	148
8585	13	20	6	12	8	148
8586	13	20	7	11	16	149
8587	13	20	8	13	38	149
8588	13	20	9	4	212	150
8589	13	20	10	14	122	150
8590	13	20	11	15	216	150
8591	13	20	12	16	36	150
8592	13	20	13	3	185	152
8593	13	20	14	17	18	152
8594	13	20	15	19	35	153
8595	13	20	16	2	161	154
8596	13	20	17	18	10	154
8597	13	20	18	20	130	155
8598	13	20	19	1	41	156
8599	13	20	20	21	66	156
8600	13	20	21	22	33	156
8601	13	20	22	26	229	157
8602	13	21	0	7	137	147
8603	13	21	1	6	149	148
8604	13	21	2	8	165	148
8605	13	21	3	9	55	148
8606	13	21	4	10	53	148
8607	13	21	5	5	260	149
8608	13	21	6	12	8	149
8609	13	21	7	11	16	150
8610	13	21	8	13	38	150
8611	13	21	9	4	212	151
8612	13	21	10	14	122	151
8613	13	21	11	15	216	151
8614	13	21	12	16	36	151
8615	13	21	13	3	185	153
8616	13	21	14	17	18	153
8617	13	21	15	19	35	154
8618	13	21	16	2	161	155
8619	13	21	17	18	10	155
8620	13	21	18	20	130	156
8621	13	21	19	1	41	157
8622	13	21	20	21	66	157
8623	13	21	21	22	33	157
8624	13	22	0	7	137	148
8625	13	22	1	6	149	149
8626	13	22	2	8	165	149
8627	13	22	3	9	55	149
8628	13	22	4	10	53	149
8629	13	22	5	5	260	150
8630	13	22	6	12	8	150
8631	13	22	7	11	16	151
8632	13	22	8	13	38	151
8633	13	22	9	4	212	152
8634	13	22	10	14	122	152
8635	13	22	11	15	216	152
8636	13	22	12	16	36	152
8637	13	22	13	3	185	154
8638	13	22	14	17	18	154
8639	13	22	15	19	35	155
8640	13	22	16	2	161	156
8641	13	22	17	18	10	156
8642	13	22	18	20	130	157
8643	13	22	19	0	200	158
8644	13	22	20	1	196	158
8645	13	23	0	7	137	149
8646	13	23	1	6	149	150
8647	13	23	2	8	165	150
8648	13	23	3	9	55	150
8649	13	23	4	10	53	150
8650	13	23	5	5	260	151
8651	13	23	6	12	8	151
8652	13	23	7	11	16	152
8653	13	23	8	13	38	152
8654	13	23	9	4	212	153
8655	13	23	10	14	122	153
8656	13	23	11	15	216	153
8657	13	23	12	16	36	153
8658	13	23	13	3	185	155
8659	13	23	14	17	18	155
8660	13	23	15	19	35	156
8661	13	23	16	2	161	157
8662	13	23	17	18	10	157
8663	13	23	18	20	130	158
8664	13	23	19	21	160	158
8665	13	24	0	7	137	150
8666	13	24	1	6	149	151
8667	13	24	2	8	165	151
8668	13	24	3	9	55	151
8669	13	24	4	10	53	151
8670	13	24	5	5	260	152
8671	13	24	6	12	8	152
8672	13	24	7	11	16	153
8673	13	24	8	13	38	153
8674	13	24	9	4	212	154
8675	13	24	10	14	122	154
8676	13	24	11	15	216	154
8677	13	24	12	16	36	154
8678	13	24	13	3	185	156
8679	13	24	14	17	18	156
8680	13	24	15	19	35	157
8681	13	24	16	2	161	158
8682	13	24	17	18	10	158
8683	13	24	18	22	225	158
8684	13	25	0	7	137	151
8685	13	25	1	6	149	152
8686	13	25	2	8	165	152
8687	13	25	3	9	55	152
8688	13	25	4	10	53	152
8689	13	25	5	5	260	153
8690	13	25	6	12	8	153
8691	13	25	7	11	16	154
8692	13	25	8	13	38	154
8693	13	25	9	4	212	155
8694	13	25	10	14	122	155
8695	13	25	11	15	216	155
8696	13	25	12	16	36	155
8697	13	25	13	3	185	157
8698	13	25	14	17	18	157
8699	13	25	15	19	35	158
8700	13	25	16	23	230	158
8701	13	25	17	24	4	158
8702	13	26	0	7	137	152
8703	13	26	1	6	149	153
8704	13	26	2	8	165	153
8705	13	26	3	9	55	153
8706	13	26	4	10	53	153
8707	13	26	5	5	260	154
8708	13	26	6	12	8	154
8709	13	26	7	11	16	155
8710	13	26	8	13	38	155
8711	13	26	9	4	212	156
8712	13	26	10	14	122	156
8713	13	26	11	15	216	156
8714	13	26	12	16	36	156
8715	13	26	13	3	185	158
8716	13	26	14	17	18	158
8717	13	26	15	25	259	158
8718	13	26	16	26	70	158
8719	13	27	0	7	137	153
8720	13	27	1	6	149	154
8721	13	27	2	8	165	154
8722	13	27	3	9	55	154
8723	13	27	4	10	53	154
8724	13	27	5	5	260	155
8725	13	27	6	12	8	155
8726	13	27	7	11	16	156
8727	13	27	8	13	38	156
8728	13	27	9	4	212	157
8729	13	27	10	14	122	157
8730	13	27	11	15	216	157
8731	13	27	12	16	36	157
8732	13	27	13	27	243	158
8733	13	27	14	28	182	158
8734	13	27	15	29	143	158
8735	13	28	0	7	137	154
8736	13	28	1	6	149	155
8737	13	28	2	8	165	155
8738	13	28	3	9	55	155
8739	13	28	4	10	53	155
8740	13	28	5	5	260	156
8741	13	28	6	12	8	156
8742	13	28	7	11	16	157
8743	13	28	8	13	38	157
8744	13	28	9	4	212	158
8745	13	28	10	14	122	158
8746	13	28	11	15	216	158
8747	13	28	12	16	36	158
8748	13	28	13	30	74	158
8749	13	28	14	33	172	158
8750	13	29	0	7	137	155
8751	13	29	1	6	149	156
8752	13	29	2	8	165	156
8753	13	29	3	9	55	156
8754	13	29	4	10	53	156
8755	13	29	5	5	260	157
8756	13	29	6	12	8	157
8757	13	29	7	11	16	158
8758	13	29	8	13	38	158
8759	13	29	9	0	107	159
8760	13	29	10	1	62	159
8761	13	29	11	2	178	159
8762	13	29	12	3	11	159
8763	13	29	13	4	152	159
8764	13	30	0	7	137	156
8765	13	30	1	6	149	157
8766	13	30	2	8	165	157
8767	13	30	3	9	55	157
8768	13	30	4	10	53	157
8769	13	30	5	5	260	158
8770	13	30	6	12	8	158
8771	13	30	7	11	16	159
8772	13	30	8	13	38	159
8773	13	30	9	14	146	159
8774	13	30	10	15	25	159
8775	13	30	11	16	254	159
8776	13	30	12	17	94	159
8777	13	31	0	7	137	157
8778	13	31	1	6	149	158
8779	13	31	2	8	165	158
8780	13	31	3	9	55	158
8781	13	31	4	10	53	158
8782	13	31	5	5	260	159
8783	13	31	6	12	8	159
8784	13	31	7	18	142	159
8785	13	31	8	19	100	159
8786	13	31	9	20	148	159
8787	13	31	10	21	250	159
8788	13	31	11	22	135	159
8789	13	32	0	7	137	158
8790	13	32	1	6	149	159
8791	13	32	2	8	165	159
8792	13	32	3	9	55	159
8793	13	32	4	10	53	159
8794	13	32	5	23	177	159
8795	13	32	6	24	73	159
8796	13	32	7	25	116	159
8797	13	32	8	26	148	159
8798	13	32	9	27	154	159
8799	13	32	10	28	43	159
8800	13	33	0	7	137	159
8801	13	33	1	29	199	159
8802	13	33	2	30	40	159
8803	13	33	3	31	213	159
8804	13	33	4	32	51	159
8805	13	33	5	33	81	159
8806	13	33	6	34	4	159
8807	13	33	7	36	123	159
8808	13	33	8	37	74	159
8809	13	33	9	0	127	160
8810	13	34	0	1	40	160
8811	13	34	1	2	30	160
8812	13	34	2	3	112	160
8813	13	34	3	4	39	160
8814	13	34	4	5	185	160
8815	13	34	5	6	107	160
8816	13	34	6	7	199	160
8817	13	34	7	8	121	160
8818	13	34	8	9	72	160
8819	13	35	0	10	76	160
8820	13	35	1	11	205	160
8821	13	35	2	12	242	160
8822	13	35	3	13	74	160
8823	13	35	4	14	83	160
8824	13	35	5	15	196	160
8825	13	35	6	16	18	160
8826	13	35	7	17	2	160
8827	13	36	0	18	91	160
8828	13	36	1	19	226	160
8829	13	36	2	20	75	160
8830	13	36	3	21	219	160
8831	13	36	4	22	182	160
8832	13	36	5	23	29	160
8833	13	36	6	24	63	160
8834	13	37	0	25	82	160
8835	13	37	1	26	183	160
8836	13	37	2	27	250	160
8837	13	37	3	28	234	160
8838	13	37	4	29	98	160
8839	13	37	5	30	142	160
8840	13	38	0	31	26	160
8841	13	38	1	32	46	160
8842	13	38	2	33	210	160
8843	13	38	3	34	219	160
8844	13	38	4	35	251	160
8845	13	39	0	36	62	160
8846	13	39	1	37	253	160
8847	13	39	2	38	100	160
8848	13	39	3	39	7	160
8849	13	40	0	40	51	160
8850	13	40	1	41	99	160
8851	13	40	2	0	254	161
8852	13	41	0	1	171	161
8853	13	41	1	2	203	161
8854	13	42	0	3	191	161
8855	14	0	0	43	138	161
8856	14	0	1	44	217	162
8857	14	0	2	45	23	163
8858	14	0	3	46	23	165
8859	14	0	4	47	240	166
8860	14	0	5	48	183	167
8861	14	0	6	49	40	168
8862	14	0	7	50	223	169
8863	14	0	8	51	223	171
8864	14	0	9	52	223	173
8865	14	0	10	53	81	173
8866	14	0	11	54	182	174
8867	14	0	12	55	182	176
8868	14	0	13	57	204	177
8869	14	0	14	56	162	178
8870	14	0	15	58	145	179
8871	14	0	16	59	145	181
8872	14	0	17	60	145	183
8873	14	0	18	61	204	183
8874	14	0	19	62	195	184
8875	14	0	20	63	195	186
8876	14	0	21	64	68	187
8877	14	0	22	65	229	188
8878	14	0	23	66	99	189
8879	14	0	24	67	99	191
8880	14	0	25	68	164	192
8881	14	0	26	69	181	193
8882	14	0	27	70	181	195
8883	14	0	28	71	148	195
8884	14	0	29	72	148	197
8885	14	0	30	73	189	198
8886	14	0	31	74	189	200
8887	14	0	32	75	63	200
8888	14	0	33	76	63	202
8889	14	0	34	77	100	203
8890	14	0	35	78	163	204
8891	14	0	36	79	163	206
8892	14	0	37	80	121	207
8893	14	0	38	81	71	208
8894	14	0	39	82	192	209
8895	14	0	40	83	192	211
8896	14	0	41	84	199	212
8897	14	0	42	85	231	212
8898	14	0	43	86	231	214
8899	14	0	44	87	231	216
8900	14	0	45	89	242	217
8901	14	0	46	88	234	218
8902	14	0	47	90	93	219
8903	14	0	48	91	93	221
8904	14	0	49	92	170	222
8905	14	0	50	93	116	222
8906	14	1	0	42	69	161
8907	14	1	1	43	194	162
8908	14	1	2	44	23	163
8909	14	1	3	45	120	164
8910	14	1	4	46	120	166
8911	14	1	5	47	143	167
8912	14	1	6	48	40	168
8913	14	1	7	49	243	169
8914	14	1	8	50	20	170
8915	14	1	9	51	20	172
8916	14	1	10	52	20	174
8917	14	1	11	53	91	174
8918	14	1	12	54	172	175
8919	14	1	13	55	172	177
8920	14	1	14	57	43	178
8921	14	1	15	56	27	179
8922	14	1	16	58	59	180
8923	14	1	17	59	59	182
8924	14	1	18	60	59	184
8925	14	1	19	61	161	184
8926	14	1	20	62	34	185
8927	14	1	21	63	34	187
8928	14	1	22	64	229	188
8929	14	1	23	65	17	189
8930	14	1	24	66	82	190
8931	14	1	25	67	82	192
8932	14	1	26	68	181	193
8933	14	1	27	69	41	194
8934	14	1	28	70	41	196
8935	14	1	29	71	189	196
8936	14	1	30	72	189	198
8937	14	1	31	73	37	199
8938	14	1	32	74	37	201
8939	14	1	33	75	100	201
8940	14	1	34	76	100	203
8941	14	1	35	77	213	204
8942	14	1	36	78	50	205
8943	14	1	37	79	50	207
8944	14	1	38	80	71	208
8945	14	1	39	81	96	209
8946	14	1	40	82	167	210
8947	14	1	41	83	167	212
8948	14	1	42	84	32	213
8949	14	1	43	85	16	213
8950	14	1	44	86	16	215
8951	14	1	45	87	16	217
8952	14	1	46	89	235	218
8953	14	1	47	88	11	219
8954	14	1	48	90	85	220
8955	14	1	49	91	85	222
8956	14	2	0	4	24	161
8957	14	2	1	42	97	162
8958	14	2	2	43	166	163
8959	14	2	3	44	120	164
8960	14	2	4	45	203	165
8961	14	2	5	46	203	167
8962	14	2	6	47	60	168
8963	14	2	7	48	243	169
8964	14	2	8	49	10	170
8965	14	2	9	50	253	171
8966	14	2	10	51	253	173
8967	14	2	11	52	253	175
8968	14	2	12	53	86	175
8969	14	2	13	54	177	176
8970	14	2	14	55	177	178
8971	14	2	15	57	169	179
8972	14	2	16	56	13	180
8973	14	2	17	58	102	181
8974	14	2	18	59	102	183
8975	14	2	19	60	102	185
8976	14	2	20	61	51	185
8977	14	2	21	62	246	186
8978	14	2	22	63	246	188
8979	14	2	23	64	17	189
8980	14	2	24	65	123	190
8981	14	2	25	66	222	191
8982	14	2	26	67	222	193
8983	14	2	27	68	41	194
8984	14	2	28	69	111	195
8985	14	2	29	70	111	197
8986	14	2	30	71	37	197
8987	14	2	31	72	37	199
8988	14	2	32	73	113	200
8989	14	2	33	74	113	202
8990	14	2	34	75	213	202
8991	14	2	35	76	213	204
8992	14	2	36	77	25	205
8993	14	2	37	78	238	206
8994	14	2	38	79	238	208
8995	14	2	39	80	96	209
8996	14	2	40	81	215	210
8997	14	2	41	82	48	211
8998	14	2	42	83	48	213
8999	14	2	43	84	247	214
9000	14	2	44	85	255	214
9001	14	2	45	86	255	216
9002	14	2	46	87	255	218
9003	14	2	47	89	99	219
9004	14	2	48	88	233	220
9005	14	3	0	5	93	161
9006	14	3	1	41	83	161
9007	14	3	2	42	83	163
9008	14	3	3	43	180	164
9009	14	3	4	44	203	165
9010	14	3	5	45	30	166
9011	14	3	6	46	30	168
9012	14	3	7	47	233	169
9013	14	3	8	48	10	170
9014	14	3	9	49	258	171
9015	14	3	10	50	5	172
9016	14	3	11	51	5	174
9017	14	3	12	52	5	176
9018	14	3	13	53	220	176
9019	14	3	14	54	43	177
9020	14	3	15	55	43	179
9021	14	3	16	57	149	180
9022	14	3	17	56	223	181
9023	14	3	18	58	212	182
9024	14	3	19	59	212	184
9025	14	3	20	60	212	186
9026	14	3	21	61	106	186
9027	14	3	22	62	140	187
9028	14	3	23	63	140	189
9029	14	3	24	64	123	190
9030	14	3	25	65	70	191
9031	14	3	26	66	152	192
9032	14	3	27	67	152	194
9033	14	3	28	68	111	195
9034	14	3	29	69	76	196
9035	14	3	30	70	76	198
9036	14	3	31	71	113	198
9037	14	3	32	72	113	200
9038	14	3	33	73	75	201
9039	14	3	34	74	75	203
9040	14	3	35	75	25	203
9041	14	3	36	76	25	205
9042	14	3	37	77	119	206
9043	14	3	38	78	144	207
9044	14	3	39	79	144	209
9045	14	3	40	80	215	210
9046	14	3	41	81	24	211
9047	14	3	42	82	239	212
9048	14	3	43	83	239	214
9049	14	3	44	84	8	215
9050	14	3	45	85	4	215
9051	14	3	46	86	4	217
9052	14	3	47	87	4	219
9053	14	4	0	6	46	161
9054	14	4	1	40	83	161
9055	14	4	2	41	90	162
9056	14	4	3	42	90	164
9057	14	4	4	43	173	165
9058	14	4	5	44	30	166
9059	14	4	6	45	248	167
9060	14	4	7	46	248	169
9061	14	4	8	47	15	170
9062	14	4	9	48	258	171
9063	14	4	10	49	134	172
9064	14	4	11	50	129	173
9065	14	4	12	51	129	175
9066	14	4	13	52	129	177
9067	14	4	14	53	153	177
9068	14	4	15	54	110	178
9069	14	4	16	55	110	180
9070	14	4	17	57	6	181
9071	14	4	18	56	190	182
9072	14	4	19	58	157	183
9073	14	4	20	59	157	185
9074	14	4	21	60	157	187
9075	14	4	22	61	210	187
9076	14	4	23	62	193	188
9077	14	4	24	63	193	190
9078	14	4	25	64	70	191
9079	14	4	26	65	228	192
9080	14	4	27	66	187	193
9081	14	4	28	67	187	195
9082	14	4	29	68	76	196
9083	14	4	30	69	225	197
9084	14	4	31	70	225	199
9085	14	4	32	71	75	199
9086	14	4	33	72	75	201
9087	14	4	34	73	94	202
9088	14	4	35	74	94	204
9089	14	4	36	75	119	204
9090	14	4	37	76	119	206
9091	14	4	38	77	72	207
9092	14	4	39	78	191	208
9093	14	4	40	79	191	210
9094	14	4	41	80	24	211
9095	14	4	42	81	251	212
9096	14	4	43	82	12	213
9097	14	4	44	83	12	215
9098	14	4	45	84	259	216
9099	14	4	46	85	261	216
9100	14	5	0	7	67	161
9101	14	5	1	39	173	161
9102	14	5	2	40	90	162
9103	14	5	3	41	218	163
9104	14	5	4	42	218	165
9105	14	5	5	43	45	166
9106	14	5	6	44	248	167
9107	14	5	7	45	139	168
9108	14	5	8	46	139	170
9109	14	5	9	47	124	171
9110	14	5	10	48	134	172
9111	14	5	11	49	196	173
9112	14	5	12	50	67	174
9113	14	5	13	51	67	176
9114	14	5	14	52	67	178
9115	14	5	15	53	55	178
9116	14	5	16	54	208	179
9117	14	5	17	55	208	181
9118	14	5	18	57	154	182
9119	14	5	19	56	188	183
9120	14	5	20	58	53	184
9121	14	5	21	59	53	186
9122	14	5	22	60	53	188
9123	14	5	23	61	158	188
9124	14	5	24	62	35	189
9125	14	5	25	63	35	191
9126	14	5	26	64	228	192
9127	14	5	27	65	149	193
9128	14	5	28	66	38	194
9129	14	5	29	67	38	196
9130	14	5	30	68	225	197
9131	14	5	31	69	19	198
9132	14	5	32	70	19	200
9133	14	5	33	71	94	200
9134	14	5	34	72	94	202
9135	14	5	35	73	216	203
9136	14	5	36	74	216	205
9137	14	5	37	75	72	205
9138	14	5	38	76	72	207
9139	14	5	39	77	227	208
9140	14	5	40	78	36	209
9141	14	5	41	79	36	211
9142	14	5	42	80	251	212
9143	14	5	43	81	6	213
9144	14	5	44	82	257	214
9145	14	5	45	83	257	216
9146	14	6	0	8	195	161
9147	14	6	1	38	128	161
9148	14	6	2	39	45	162
9149	14	6	3	40	218	163
9150	14	6	4	41	154	164
9151	14	6	5	42	154	166
9152	14	6	6	43	109	167
9153	14	6	7	44	139	168
9154	14	6	8	45	62	169
9155	14	6	9	46	62	171
9156	14	6	10	47	201	172
9157	14	6	11	48	196	173
9158	14	6	12	49	165	174
9159	14	6	13	50	98	175
9160	14	6	14	51	98	177
9161	14	6	15	52	98	179
9162	14	6	16	53	104	179
9163	14	6	17	54	159	180
9164	14	6	18	55	159	182
9165	14	6	19	57	239	183
9166	14	6	20	56	71	184
9167	14	6	21	58	105	185
9168	14	6	22	59	105	187
9169	14	6	23	60	105	189
9170	14	6	24	61	184	189
9171	14	6	25	62	114	190
9172	14	6	26	63	114	192
9173	14	6	27	64	149	193
9174	14	6	28	65	57	194
9175	14	6	29	66	244	195
9176	14	6	30	67	244	197
9177	14	6	31	68	19	198
9178	14	6	32	69	122	199
9179	14	6	33	70	122	201
9180	14	6	34	71	216	201
9181	14	6	35	72	216	203
9182	14	6	36	73	155	204
9183	14	6	37	74	155	206
9184	14	6	38	75	227	206
9185	14	6	39	76	227	208
9186	14	6	40	77	18	209
9187	14	6	41	78	245	210
9188	14	6	42	79	245	212
9189	14	6	43	80	6	213
9190	14	6	44	81	260	214
9191	14	7	0	9	108	161
9192	14	7	1	10	122	161
9193	14	7	2	38	199	162
9194	14	7	3	39	109	163
9195	14	7	4	40	154	164
9196	14	7	5	41	186	165
9197	14	7	6	42	186	167
9198	14	7	7	43	77	168
9199	14	7	8	44	62	169
9200	14	7	9	45	232	170
9201	14	7	10	46	232	172
9202	14	7	11	47	31	173
9203	14	7	12	48	165	174
9204	14	7	13	49	49	175
9205	14	7	14	50	214	176
9206	14	7	15	51	214	178
9207	14	7	16	52	214	180
9208	14	7	17	53	211	180
9209	14	7	18	54	52	181
9210	14	7	19	55	52	183
9211	14	7	20	57	117	184
9212	14	7	21	56	111	185
9213	14	7	22	58	79	186
9214	14	7	23	59	79	188
9215	14	7	24	60	79	190
9216	14	7	25	61	171	190
9217	14	7	26	62	206	191
9218	14	7	27	63	206	193
9219	14	7	28	64	57	194
9220	14	7	29	65	103	195
9221	14	7	30	66	141	196
9222	14	7	31	67	141	198
9223	14	7	32	68	122	199
9224	14	7	33	69	202	200
9225	14	7	34	70	202	202
9226	14	7	35	71	155	202
9227	14	7	36	72	155	204
9228	14	7	37	73	54	205
9229	14	7	38	74	54	207
9230	14	7	39	75	18	207
9231	14	7	40	76	18	209
9232	14	7	41	77	254	210
9233	14	7	42	78	9	211
9234	14	7	43	79	9	213
9235	14	8	0	11	149	161
9236	14	8	1	12	123	161
9237	14	8	2	37	32	161
9238	14	8	3	38	32	163
9239	14	8	4	39	77	164
9240	14	8	5	40	186	165
9241	14	8	6	41	170	166
9242	14	8	7	42	170	168
9243	14	8	8	43	93	169
9244	14	8	9	44	232	170
9245	14	8	10	45	147	171
9246	14	8	11	46	147	173
9247	14	8	12	47	116	174
9248	14	8	13	48	49	175
9249	14	8	14	49	107	176
9250	14	8	15	50	156	177
9251	14	8	16	51	156	179
9252	14	8	17	52	156	181
9253	14	8	18	53	26	181
9254	14	8	19	54	237	182
9255	14	8	20	55	237	184
9256	14	8	21	57	152	185
9257	14	8	22	56	168	186
9258	14	8	23	58	92	187
9259	14	8	24	59	92	189
9260	14	8	25	60	92	191
9261	14	8	26	61	46	191
9262	14	8	27	62	160	192
9263	14	8	28	63	160	194
9264	14	8	29	64	103	195
9265	14	8	30	65	80	196
9266	14	8	31	66	61	197
9267	14	8	32	67	61	199
9268	14	8	33	68	202	200
9269	14	8	34	69	162	201
9270	14	8	35	70	162	203
9271	14	8	36	71	54	203
9272	14	8	37	72	54	205
9273	14	8	38	73	236	206
9274	14	8	39	74	236	208
9275	14	8	40	75	254	208
9276	14	8	41	76	254	210
9277	14	8	42	77	136	211
9278	14	9	0	13	223	161
9279	14	9	1	35	96	161
9280	14	9	2	36	32	161
9281	14	9	3	37	247	162
9282	14	9	4	38	247	164
9283	14	9	5	39	93	165
9284	14	9	6	40	170	166
9285	14	9	7	41	178	167
9286	14	9	8	42	178	169
9287	14	9	9	43	85	170
9288	14	9	10	44	147	171
9289	14	9	11	45	58	172
9290	14	9	12	46	58	174
9291	14	9	13	47	205	175
9292	14	9	14	48	107	176
9293	14	9	15	49	78	177
9294	14	9	16	50	185	178
9295	14	9	17	51	185	180
9296	14	9	18	52	185	182
9297	14	9	19	53	250	182
9298	14	9	20	54	13	183
9299	14	9	21	55	13	185
9300	14	9	22	57	16	186
9301	14	9	23	56	136	187
9302	14	9	24	58	217	188
9303	14	9	25	59	217	190
9304	14	9	26	60	217	192
9305	14	9	27	61	240	192
9306	14	9	28	62	183	193
9307	14	9	29	63	183	195
9308	14	9	30	64	80	196
9309	14	9	31	65	223	197
9310	14	9	32	66	101	198
9311	14	9	33	67	101	200
9312	14	9	34	68	162	201
9313	14	9	35	69	182	202
9314	14	9	36	70	182	204
9315	14	9	37	71	236	204
9316	14	9	38	72	236	206
9317	14	9	39	73	145	207
9318	14	9	40	74	145	209
9319	14	9	41	75	136	209
9320	14	10	0	14	6	161
9321	14	10	1	15	201	161
9322	14	10	2	35	215	162
9323	14	10	3	36	247	162
9324	14	10	4	37	8	163
9325	14	10	5	38	8	165
9326	14	10	6	39	85	166
9327	14	10	7	40	178	167
9328	14	10	8	41	174	168
9329	14	10	9	42	174	170
9330	14	10	10	43	89	171
9331	14	10	11	44	58	172
9332	14	10	12	45	234	173
9333	14	10	13	46	234	175
9334	14	10	14	47	29	176
9335	14	10	15	48	78	177
9336	14	10	16	49	224	178
9337	14	10	17	50	39	179
9338	14	10	18	51	39	181
9339	14	10	19	52	39	183
9340	14	10	20	53	138	183
9341	14	10	21	54	125	184
9342	14	10	22	55	125	186
9343	14	10	23	57	209	187
9344	14	10	24	56	175	188
9345	14	10	25	58	23	189
9346	14	10	26	59	23	191
9347	14	10	27	60	23	193
9348	14	10	28	61	143	193
9349	14	10	29	62	40	194
9350	14	10	30	63	40	196
9351	14	10	31	64	223	197
9352	14	10	32	65	20	198
9353	14	10	33	66	81	199
9354	14	10	34	67	81	201
9355	14	10	35	68	182	202
9356	14	10	36	69	172	203
9357	14	10	37	70	172	205
9358	14	10	38	71	145	205
9359	14	10	39	72	145	207
9360	14	10	40	73	59	208
9361	14	11	0	16	211	161
9362	14	11	1	17	230	161
9363	14	11	2	34	24	161
9364	14	11	3	35	24	163
9365	14	11	4	36	8	163
9366	14	11	5	37	259	164
9367	14	11	6	38	259	166
9368	14	11	7	39	89	167
9369	14	11	8	40	174	168
9370	14	11	9	41	176	169
9371	14	11	10	42	176	171
9372	14	11	11	43	87	172
9373	14	11	12	44	234	173
9374	14	11	13	45	146	174
9375	14	11	14	46	146	176
9376	14	11	15	47	117	177
9377	14	11	16	48	224	178
9378	14	11	17	49	151	179
9379	14	11	18	50	112	180
9380	14	11	19	51	112	182
9381	14	11	20	52	112	184
9382	14	11	21	53	194	184
9383	14	11	22	54	69	185
9384	14	11	23	55	69	187
9385	14	11	24	57	50	188
9386	14	11	25	56	150	189
9387	14	11	26	58	120	190
9388	14	11	27	59	120	192
9389	14	11	28	60	120	194
9390	14	11	29	61	60	194
9391	14	11	30	62	243	195
9392	14	11	31	63	243	197
9393	14	11	32	64	20	198
9394	14	11	33	65	253	199
9395	14	11	34	66	91	200
9396	14	11	35	67	91	202
9397	14	11	36	68	172	203
9398	14	11	37	69	177	204
9399	14	11	38	70	177	206
9400	14	11	39	71	59	206
9401	14	12	0	18	170	161
9402	14	12	1	19	69	161
9403	14	12	2	20	38	161
9404	14	12	3	34	251	162
9405	14	12	4	35	251	164
9406	14	12	5	36	259	164
9407	14	12	6	37	2	165
9408	14	12	7	38	2	167
9409	14	12	8	39	87	168
9410	14	12	9	40	176	169
9411	14	12	10	41	175	170
9412	14	12	11	42	175	172
9413	14	12	12	43	88	173
9414	14	12	13	44	146	174
9415	14	12	14	45	190	175
9416	14	12	15	46	190	177
9417	14	12	16	47	73	178
9418	14	12	17	48	151	179
9419	14	12	18	49	56	180
9420	14	12	19	50	207	181
9421	14	12	20	51	207	183
9422	14	12	21	52	207	185
9423	14	12	22	53	166	185
9424	14	12	23	54	97	186
9425	14	12	24	55	97	188
9426	14	12	25	57	95	189
9427	14	12	26	56	172	190
9428	14	12	27	58	203	191
9429	14	12	28	59	203	193
9430	14	12	29	60	203	195
9431	14	12	30	61	233	195
9432	14	12	31	62	10	196
9433	14	12	32	63	10	198
9434	14	12	33	64	253	199
9435	14	12	34	65	5	200
9436	14	12	35	66	86	201
9437	14	12	36	67	86	203
9438	14	12	37	68	177	204
9439	14	12	38	69	43	205
9440	14	13	0	21	258	161
9441	14	13	1	22	105	161
9442	14	13	2	32	12	161
9443	14	13	3	33	6	161
9444	14	13	4	34	6	163
9445	14	13	5	35	6	165
9446	14	13	6	36	2	165
9447	14	13	7	37	262	166
9448	14	13	8	38	262	168
9449	14	13	9	39	88	169
9450	14	13	10	40	175	170
9451	14	13	11	41	44	171
9452	14	13	12	42	44	173
9453	14	13	13	43	219	174
9454	14	13	14	44	190	175
9455	14	13	15	45	168	176
9456	14	13	16	46	168	178
9457	14	13	17	47	95	179
9458	14	13	18	48	56	180
9459	14	13	19	49	235	181
9460	14	13	20	50	28	182
9461	14	13	21	51	28	184
9462	14	13	22	52	28	186
9463	14	13	23	53	180	186
9464	14	13	24	54	83	187
9465	14	13	25	55	83	189
9466	14	13	26	57	24	190
9467	14	13	27	56	225	191
9468	14	13	28	58	30	192
9469	14	13	29	59	30	194
9470	14	13	30	60	30	196
9471	14	13	31	61	15	196
9472	14	13	32	62	258	197
9473	14	13	33	63	258	199
9474	14	13	34	64	5	200
9475	14	13	35	65	129	201
9476	14	13	36	66	220	202
9477	14	13	37	67	220	204
9478	14	14	0	23	69	161
9479	14	14	1	24	204	161
9480	14	14	2	31	18	161
9481	14	14	3	32	257	162
9482	14	14	4	33	260	162
9483	14	14	5	34	260	164
9484	14	14	6	35	260	166
9485	14	14	7	36	262	166
9486	14	14	8	37	132	167
9487	14	14	9	38	132	169
9488	14	14	10	39	219	170
9489	14	14	11	40	44	171
9490	14	14	12	41	241	172
9491	14	14	13	42	241	174
9492	14	14	14	43	22	175
9493	14	14	15	44	168	176
9494	14	14	16	45	179	177
9495	14	14	17	46	179	179
9496	14	14	18	47	84	180
9497	14	14	19	48	235	181
9498	14	14	20	49	14	182
9499	14	14	21	50	249	183
9500	14	14	22	51	249	185
9501	14	14	23	52	249	187
9502	14	14	24	53	173	187
9503	14	14	25	54	90	188
9504	14	14	26	55	90	190
9505	14	14	27	57	18	191
9506	14	14	28	56	75	192
9507	14	14	29	58	248	193
9508	14	14	30	59	248	195
9509	14	14	31	60	248	197
9510	14	14	32	61	124	197
9511	14	14	33	62	134	198
9512	14	14	34	63	134	200
9513	14	14	35	64	129	201
9514	14	14	36	65	67	202
9515	14	15	0	25	153	161
9516	14	15	1	26	34	161
9517	14	15	2	27	196	161
9518	14	15	3	31	254	162
9519	14	15	4	32	3	163
9520	14	15	5	33	133	163
9521	14	15	6	34	133	165
9522	14	15	7	35	133	167
9523	14	15	8	36	132	167
9524	14	15	9	37	197	168
9525	14	15	10	38	197	170
9526	14	15	11	39	22	171
9527	14	15	12	40	241	172
9528	14	15	13	41	11	173
9529	14	15	14	42	11	175
9530	14	15	15	43	252	176
9531	14	15	16	44	179	177
9532	14	15	17	45	42	178
9533	14	15	18	46	42	180
9534	14	15	19	47	221	181
9535	14	15	20	48	14	182
9536	14	15	21	49	256	183
9537	14	15	22	50	7	184
9538	14	15	23	51	7	186
9539	14	15	24	52	7	188
9540	14	15	25	53	45	188
9541	14	15	26	54	218	189
9542	14	15	27	55	218	191
9543	14	15	28	57	239	192
9544	14	15	29	56	101	193
9545	14	15	30	58	139	194
9546	14	15	31	59	139	196
9547	14	15	32	60	139	198
9548	14	15	33	61	201	198
9549	14	15	34	62	196	199
9550	14	15	35	63	196	201
9551	14	16	0	28	241	161
9552	14	16	1	29	185	161
9553	14	16	2	30	227	161
9554	14	16	3	0	110	162
9555	14	16	4	31	136	163
9556	14	16	5	32	130	164
9557	14	16	6	33	65	164
9558	14	16	7	34	65	166
9559	14	16	8	35	65	168
9560	14	16	9	36	197	168
9561	14	16	10	37	33	169
9562	14	16	11	38	33	171
9563	14	16	12	39	252	172
9564	14	16	13	40	11	173
9565	14	16	14	41	126	174
9566	14	16	15	42	126	176
9567	14	16	16	43	137	177
9568	14	16	17	44	42	178
9569	14	16	18	45	242	179
9570	14	16	19	46	242	181
9571	14	16	20	47	21	182
9572	14	16	21	48	256	183
9573	14	16	22	49	135	184
9574	14	16	23	50	128	185
9575	14	16	24	51	128	187
9576	14	16	25	52	128	189
9577	14	16	26	53	109	189
9578	14	16	27	54	154	190
9579	14	16	28	55	154	192
9580	14	16	29	57	151	193
9581	14	16	30	56	151	194
9582	14	16	31	58	62	195
9583	14	16	32	59	62	197
9584	14	16	33	60	62	199
9585	14	16	34	61	31	199
9586	14	17	0	1	140	162
9587	14	17	1	2	83	162
9588	14	17	2	3	66	162
9589	14	17	3	4	129	162
9590	14	17	4	30	195	162
9591	14	17	5	31	195	164
9592	14	17	6	32	198	165
9593	14	17	7	33	99	165
9594	14	17	8	34	99	167
9595	14	17	9	35	99	169
9596	14	17	10	36	33	169
9597	14	17	11	37	115	170
9598	14	17	12	38	115	172
9599	14	17	13	39	137	173
9600	14	17	14	40	126	174
9601	14	17	15	41	200	175
9602	14	17	16	42	200	177
9603	14	17	17	43	63	178
9604	14	17	18	44	242	179
9605	14	17	19	45	142	180
9606	14	17	20	46	142	182
9607	14	17	21	47	121	183
9608	14	17	22	48	135	184
9609	14	17	23	49	64	185
9610	14	17	24	50	199	186
9611	14	17	25	51	199	188
9612	14	17	26	52	199	190
9613	14	17	27	53	77	190
9614	14	17	28	54	186	191
9615	14	17	29	55	186	193
9616	14	17	30	57	118	194
9617	14	17	31	56	245	195
9618	14	17	32	58	232	196
9619	14	17	33	59	232	198
9620	14	18	0	5	174	162
9621	14	18	1	6	59	162
9622	14	18	2	7	261	162
9623	14	18	3	8	44	162
9624	14	18	4	28	2	162
9625	14	18	5	30	34	163
9626	14	18	6	31	34	165
9627	14	18	7	32	164	166
9628	14	18	8	33	82	166
9629	14	18	9	34	82	168
9630	14	18	10	35	82	170
9631	14	18	11	36	115	170
9632	14	18	12	37	74	171
9633	14	18	13	38	74	173
9634	14	18	14	39	63	174
9635	14	18	15	40	200	175
9636	14	18	16	41	163	176
9637	14	18	17	42	163	178
9638	14	18	18	43	100	179
9639	14	18	19	44	142	180
9640	14	18	20	45	192	181
9641	14	18	21	46	192	183
9642	14	18	22	47	71	184
9643	14	18	23	48	64	185
9644	14	18	24	49	231	186
9645	14	18	25	50	32	187
9646	14	18	26	51	32	189
9647	14	18	27	52	32	191
9648	14	18	28	53	93	191
9649	14	18	29	54	170	192
9650	14	18	30	55	170	194
9651	14	18	31	57	173	195
9652	14	18	32	56	190	196
9653	14	19	0	9	36	162
9654	14	19	1	10	256	162
9655	14	19	2	11	53	162
9656	14	19	3	12	33	162
9657	14	19	4	29	141	162
9658	14	19	5	28	141	163
9659	14	19	6	30	246	164
9660	14	19	7	31	246	166
9661	14	19	8	32	181	167
9662	14	19	9	33	222	167
9663	14	19	10	34	222	169
9664	14	19	11	35	222	171
9665	14	19	12	36	74	171
9666	14	19	13	37	226	172
9667	14	19	14	38	226	174
9668	14	19	15	39	100	175
9669	14	19	16	40	163	176
9670	14	19	17	41	50	177
9671	14	19	18	42	50	179
9672	14	19	19	43	213	180
9673	14	19	20	44	192	181
9674	14	19	21	45	167	182
9675	14	19	22	46	167	184
9676	14	19	23	47	96	185
9677	14	19	24	48	231	186
9678	14	19	25	49	16	187
9679	14	19	26	50	247	188
9680	14	19	27	51	247	190
9681	14	19	28	52	247	192
9682	14	19	29	53	85	192
9683	14	19	30	54	178	193
9684	14	19	31	55	178	195
9685	14	20	0	13	57	162
9686	14	20	1	14	173	162
9687	14	20	2	15	198	162
9688	14	20	3	16	105	162
9689	14	20	4	27	212	162
9690	14	20	5	29	44	163
9691	14	20	6	28	234	164
9692	14	20	7	30	140	165
9693	14	20	8	31	140	167
9694	14	20	9	32	41	168
9695	14	20	10	33	152	168
9696	14	20	11	34	152	170
9697	14	20	12	35	152	172
9698	14	20	13	36	226	172
9699	14	20	14	37	150	173
9700	14	20	15	38	150	175
9701	14	20	16	39	213	176
9702	14	20	17	40	50	177
9703	14	20	18	41	238	178
9704	14	20	19	42	238	180
9705	14	20	20	43	25	181
9706	14	20	21	44	167	182
9707	14	20	22	45	48	183
9708	14	20	23	46	48	185
9709	14	20	24	47	215	186
9710	14	20	25	48	16	187
9711	14	20	26	49	255	188
9712	14	20	27	50	8	189
9713	14	20	28	51	8	191
9714	14	20	29	52	8	193
9715	14	20	30	53	89	193
9716	14	21	0	17	233	162
9717	14	21	1	18	93	162
9718	14	21	2	19	65	162
9719	14	21	3	20	101	162
9720	14	21	4	21	213	162
9721	14	21	5	27	157	163
9722	14	21	6	29	118	164
9723	14	21	7	28	160	165
9724	14	21	8	30	193	166
9725	14	21	9	31	193	168
9726	14	21	10	32	111	169
9727	14	21	11	33	187	169
9728	14	21	12	34	187	171
9729	14	21	13	35	187	173
9730	14	21	14	36	150	173
9731	14	21	15	37	188	174
9732	14	21	16	38	188	176
9733	14	21	17	39	25	177
9734	14	21	18	40	238	178
9735	14	21	19	41	144	179
9736	14	21	20	42	144	181
9737	14	21	21	43	119	182
9738	14	21	22	44	48	183
9739	14	21	23	45	239	184
9740	14	21	24	46	239	186
9741	14	21	25	47	24	187
9742	14	21	26	48	255	188
9743	14	21	27	49	4	189
9744	14	21	28	50	259	190
9745	14	21	29	51	259	192
9746	14	22	0	22	197	162
9747	14	22	1	23	70	162
9748	14	22	2	24	61	162
9749	14	22	3	25	125	162
9750	14	22	4	26	230	162
9751	14	22	5	0	184	163
9752	14	22	6	27	53	164
9753	14	22	7	29	134	165
9754	14	22	8	28	47	166
9755	14	22	9	30	35	167
9756	14	22	10	31	35	169
9757	14	22	11	32	76	170
9758	14	22	12	33	38	170
9759	14	22	13	34	38	172
9760	14	22	14	35	38	174
9761	14	22	15	36	188	174
9762	14	22	16	37	169	175
9763	14	22	17	38	169	177
9764	14	22	18	39	119	178
9765	14	22	19	40	144	179
9766	14	22	20	41	191	180
9767	14	22	21	42	191	182
9768	14	22	22	43	72	183
9769	14	22	23	44	239	184
9770	14	22	24	45	12	185
9771	14	22	25	46	12	187
9772	14	22	26	47	251	188
9773	14	22	27	48	4	189
9774	14	22	28	49	261	190
9775	14	23	0	1	129	163
9776	14	23	1	2	14	163
9777	14	23	2	3	78	163
9778	14	23	3	4	84	163
9779	14	23	4	5	191	163
9780	14	23	5	25	52	163
9781	14	23	6	26	105	163
9782	14	23	7	27	105	165
9783	14	23	8	29	231	166
9784	14	23	9	28	259	167
9785	14	23	10	30	114	168
9786	14	23	11	31	114	170
9787	14	23	12	32	225	171
9788	14	23	13	33	244	171
9789	14	23	14	34	244	173
9790	14	23	15	35	244	175
9791	14	23	16	36	169	175
9792	14	23	17	37	47	176
9793	14	23	18	38	47	178
9794	14	23	19	39	72	179
9795	14	23	20	40	191	180
9796	14	23	21	41	36	181
9797	14	23	22	42	36	183
9798	14	23	23	43	227	184
9799	14	23	24	44	12	185
9800	14	23	25	45	257	186
9801	14	23	26	46	257	188
9802	14	23	27	47	6	189
9803	14	24	0	6	190	163
9804	14	24	1	7	153	163
9805	14	24	2	8	171	163
9806	14	24	3	9	67	163
9807	14	24	4	10	1	163
9808	14	24	5	24	52	163
9809	14	24	6	25	237	164
9810	14	24	7	26	79	164
9811	14	24	8	27	79	166
9812	14	24	9	29	130	167
9813	14	24	10	28	154	168
9814	14	24	11	30	206	169
9815	14	24	12	31	206	171
9816	14	24	13	32	19	172
9817	14	24	14	33	141	172
9818	14	24	15	34	141	174
9819	14	24	16	35	141	176
9820	14	24	17	36	47	176
9821	14	24	18	37	108	177
9822	14	24	19	38	108	179
9823	14	24	20	39	227	180
9824	14	24	21	40	36	181
9825	14	24	22	41	245	182
9826	14	24	23	42	245	184
9827	14	24	24	43	18	185
9828	14	24	25	44	257	186
9829	14	24	26	45	3	187
9830	14	25	0	11	189	163
9831	14	25	1	12	208	163
9832	14	25	2	13	260	163
9833	14	25	3	14	17	163
9834	14	25	4	15	95	163
9835	14	25	5	23	78	163
9836	14	25	6	24	237	164
9837	14	25	7	25	13	165
9838	14	25	8	26	92	165
9839	14	25	9	27	92	167
9840	14	25	10	29	141	168
9841	14	25	11	28	250	169
9842	14	25	12	30	160	170
9843	14	25	13	31	160	172
9844	14	25	14	32	122	173
9845	14	25	15	33	61	173
9846	14	25	16	34	61	175
9847	14	25	17	35	61	177
9848	14	25	18	36	108	177
9849	14	25	19	37	209	178
9850	14	25	20	38	209	180
9851	14	25	21	39	18	181
9852	14	25	22	40	245	182
9853	14	25	23	41	9	183
9854	14	25	24	42	9	185
9855	14	25	25	43	254	186
9856	14	26	0	0	2	164
9857	14	26	1	16	182	163
9858	14	26	2	17	42	163
9859	14	26	3	18	79	163
9860	14	26	4	19	70	163
9861	14	26	5	20	78	163
9862	14	26	6	23	224	164
9863	14	26	7	24	13	165
9864	14	26	8	25	125	166
9865	14	26	9	26	217	166
9866	14	26	10	27	217	168
9867	14	26	11	29	221	169
9868	14	26	12	28	25	170
9869	14	26	13	30	183	171
9870	14	26	14	31	183	173
9871	14	26	15	32	202	174
9872	14	26	16	33	101	174
9873	14	26	17	34	101	176
9874	14	26	18	35	101	178
9875	14	26	19	36	209	178
9876	14	26	20	37	27	179
9877	14	26	21	38	27	181
9878	14	26	22	39	254	182
9879	14	26	23	40	9	183
9880	14	26	24	41	127	184
9881	14	27	0	0	2	165
9882	14	27	1	21	173	163
9883	14	27	2	22	229	163
9884	14	27	3	1	184	164
9885	14	27	4	2	113	164
9886	14	27	5	3	233	164
9887	14	27	6	4	194	164
9888	14	27	7	23	151	165
9889	14	27	8	24	125	166
9890	14	27	9	25	69	167
9891	14	27	10	26	23	167
9892	14	27	11	27	23	169
9893	14	27	12	29	204	170
9894	14	27	13	28	78	171
9895	14	27	14	30	40	172
9896	14	27	15	31	40	174
9897	14	27	16	32	162	175
9898	14	27	17	33	81	175
9899	14	27	18	34	81	177
9900	14	27	19	35	81	179
9901	14	27	20	36	27	179
9902	14	27	21	37	118	180
9903	14	27	22	38	118	182
9904	14	27	23	39	136	183
9905	14	28	0	0	2	166
9906	14	28	1	5	154	164
9907	14	28	2	6	139	164
9908	14	28	3	7	259	164
9909	14	28	4	8	126	164
9910	14	28	5	9	215	164
9911	14	28	6	21	112	164
9912	14	28	7	22	56	164
9913	14	28	8	23	56	166
9914	14	28	9	24	69	167
9915	14	28	10	25	97	168
9916	14	28	11	26	120	168
9917	14	28	12	27	120	170
9918	14	28	13	29	201	171
9919	14	28	14	28	114	172
9920	14	28	15	30	243	173
9921	14	28	16	31	243	175
9922	14	28	17	32	182	176
9923	14	28	18	33	91	176
9924	14	28	19	34	91	178
9925	14	28	20	35	91	180
9926	14	28	21	36	118	180
9927	14	28	22	37	204	181
9928	14	29	0	0	2	167
9929	14	29	1	1	117	165
9930	14	29	2	10	88	164
9931	14	29	3	11	249	164
9932	14	29	4	12	236	164
9933	14	29	5	13	4	164
9934	14	29	6	20	168	164
9935	14	29	7	21	207	165
9936	14	29	8	22	235	165
9937	14	29	9	23	235	167
9938	14	29	10	24	97	168
9939	14	29	11	25	83	169
9940	14	29	12	26	203	169
9941	14	29	13	27	203	171
9942	14	29	14	29	11	172
9943	14	29	15	28	198	173
9944	14	29	16	30	10	174
9945	14	29	17	31	10	176
9946	14	29	18	32	172	177
9947	14	29	19	33	86	177
9948	14	29	20	34	86	179
9949	14	29	21	35	86	181
9950	14	30	0	0	2	168
9951	14	30	1	1	117	166
9952	14	30	2	14	224	164
9953	14	30	3	15	48	164
9954	14	30	4	16	155	164
9955	14	30	5	17	144	164
9956	14	30	6	18	98	164
9957	14	30	7	20	179	165
9958	14	30	8	21	28	166
9959	14	30	9	22	14	166
9960	14	30	10	23	14	168
9961	14	30	11	24	83	169
9962	14	30	12	25	90	170
9963	14	30	13	26	30	170
9964	14	30	14	27	30	172
9965	14	30	15	29	136	173
9966	14	30	16	28	121	174
9967	14	30	17	30	258	175
9968	14	30	18	31	258	177
9969	14	30	19	32	177	178
9970	14	30	20	33	220	178
9971	14	31	0	0	2	169
9972	14	31	1	1	117	167
9973	14	31	2	2	138	165
9974	14	31	3	19	213	164
9975	14	31	4	3	188	165
9976	14	31	5	4	223	165
9977	14	31	6	5	207	165
9978	14	31	7	18	112	165
9979	14	31	8	20	42	166
9980	14	31	9	21	249	167
9981	14	31	10	22	256	167
9982	14	31	11	23	256	169
9983	14	31	12	24	90	170
9984	14	31	13	25	218	171
9985	14	31	14	26	248	171
9986	14	31	15	27	248	173
9987	14	31	16	29	190	174
9988	14	31	17	28	149	175
9989	14	31	18	30	134	176
9990	14	31	19	31	134	178
9991	14	32	0	0	2	170
9992	14	32	1	1	117	168
9993	14	32	2	2	138	166
9994	14	32	3	6	232	165
9995	14	32	4	7	118	165
9996	14	32	5	8	46	165
9997	14	32	6	9	244	165
9998	14	32	7	19	192	165
9999	14	32	8	18	22	166
10000	14	32	9	20	242	167
10001	14	32	10	21	7	168
10002	14	32	11	22	135	168
10003	14	32	12	23	135	170
10004	14	32	13	24	218	171
10005	14	32	14	25	154	172
10006	14	32	15	26	139	172
10007	14	32	16	27	139	174
10008	14	32	17	29	39	175
10009	14	32	18	28	23	176
10010	14	33	0	0	2	171
10011	14	33	1	1	117	169
10012	14	33	2	2	138	167
10013	14	33	3	10	229	165
10014	14	33	4	11	257	165
10015	14	33	5	12	99	165
10016	14	33	6	13	206	165
10017	14	33	7	17	200	165
10018	14	33	8	19	146	166
10019	14	33	9	18	227	167
10020	14	33	10	20	142	168
10021	14	33	11	21	128	169
10022	14	33	12	22	64	169
10023	14	33	13	23	64	171
10024	14	33	14	24	154	172
10025	14	33	15	25	186	173
10026	14	33	16	26	62	173
10027	14	33	17	27	62	175
10028	14	34	0	0	2	172
10029	14	34	1	1	117	170
10030	14	34	2	2	138	168
10031	14	34	3	3	183	166
10032	14	34	4	14	252	165
10033	14	34	5	15	132	165
10034	14	34	6	16	199	165
10035	14	34	7	4	109	166
10036	14	34	8	17	163	166
10037	14	34	9	19	69	167
10038	14	34	10	18	61	168
10039	14	34	11	20	192	169
10040	14	34	12	21	199	170
10041	14	34	13	22	231	170
10042	14	34	14	23	231	172
10043	14	34	15	24	186	173
10044	14	34	16	25	170	174
10045	14	35	0	0	2	173
10046	14	35	1	1	117	171
10047	14	35	2	2	138	169
10048	14	35	3	3	183	167
10049	14	35	4	5	85	166
10050	14	35	5	6	49	166
10051	14	35	6	7	167	166
10052	14	35	7	8	119	166
10053	14	35	8	9	167	166
10054	14	35	9	17	50	167
10055	14	35	10	19	26	168
10056	14	35	11	18	43	169
10057	14	35	12	20	167	170
10058	14	35	13	21	32	171
10059	14	35	14	22	16	171
10060	14	35	15	23	16	173
10061	14	36	0	0	2	174
10062	14	36	1	1	117	172
10063	14	36	2	2	138	170
10064	14	36	3	3	183	168
10065	14	36	4	10	137	166
10066	14	36	5	11	199	166
10067	14	36	6	12	31	166
10068	14	36	7	14	76	166
10069	14	36	8	15	113	166
10070	14	36	9	16	238	166
10071	14	36	10	17	238	168
10072	14	36	11	19	154	169
10073	14	36	12	18	141	170
10074	14	36	13	20	48	171
10075	14	36	14	21	247	172
10076	14	37	0	0	2	175
10077	14	37	1	1	117	173
10078	14	37	2	2	138	171
10079	14	37	3	3	183	169
10080	14	37	4	4	54	167
10081	14	37	5	13	93	166
10082	14	37	6	5	73	167
10083	14	37	7	6	221	167
10084	14	37	8	14	225	167
10085	14	37	9	15	75	167
10086	14	37	10	16	144	167
10087	14	37	11	17	144	169
10088	14	37	12	19	234	170
10089	14	37	13	18	35	171
10090	14	38	0	0	2	176
10091	14	38	1	1	117	174
10092	14	38	2	2	138	172
10093	14	38	3	3	183	170
10094	14	38	4	4	54	168
10095	14	38	5	7	19	167
10096	14	38	6	8	138	167
10097	14	38	7	11	36	167
10098	14	38	8	13	225	167
10099	14	38	9	14	19	168
10100	14	38	10	15	94	168
10101	14	38	11	16	191	168
10102	14	38	12	17	191	170
10103	14	39	0	0	2	177
10104	14	39	1	1	117	175
10105	14	39	2	2	138	173
10106	14	39	3	3	183	171
10107	14	39	4	4	54	169
10108	14	39	5	9	243	167
10109	14	39	6	10	129	167
10110	14	39	7	12	83	167
10111	14	39	8	11	181	168
10112	14	39	9	13	19	168
10113	14	39	10	14	122	169
10114	14	39	11	15	216	169
10115	14	40	0	0	2	178
10116	14	40	1	1	117	176
10117	14	40	2	2	138	174
10118	14	40	3	3	183	172
10119	14	40	4	4	54	170
10120	14	40	5	5	3	168
10121	14	40	6	6	169	168
10122	14	40	7	7	28	168
10123	14	40	8	12	33	168
10124	14	40	9	11	64	169
10125	14	40	10	13	122	169
10126	14	41	0	0	2	179
10127	14	41	1	1	117	177
10128	14	41	2	2	138	175
10129	14	41	3	3	183	173
10130	14	41	4	4	54	171
10131	14	41	5	5	3	169
10132	14	41	6	8	224	168
10133	14	41	7	9	250	168
10134	14	41	8	10	217	168
10135	14	41	9	12	12	169
10136	14	42	0	0	2	180
10137	14	42	1	1	117	178
10138	14	42	2	2	138	176
10139	14	42	3	3	183	174
10140	14	42	4	4	54	172
10141	14	42	5	5	3	170
10142	14	42	6	6	20	169
10143	14	42	7	8	151	169
10144	14	42	8	9	138	169
10145	14	43	0	0	2	181
10146	14	43	1	1	117	179
10147	14	43	2	2	138	177
10148	14	43	3	3	183	175
10149	14	43	4	4	54	173
10150	14	43	5	5	3	171
10151	14	43	6	7	33	169
10152	14	43	7	10	164	169
10153	14	44	0	0	2	182
10154	14	44	1	1	117	180
10155	14	44	2	2	138	178
10156	14	44	3	3	183	176
10157	14	44	4	4	54	174
10158	14	44	5	5	3	172
10159	14	44	6	6	44	170
10160	14	45	0	0	2	183
10161	14	45	1	1	117	181
10162	14	45	2	2	138	179
10163	14	45	3	3	183	177
10164	14	45	4	4	54	175
10165	14	45	5	5	3	173
10166	14	46	0	0	2	184
10167	14	46	1	1	117	182
10168	14	46	2	2	138	180
10169	14	46	3	3	183	178
10170	14	46	4	4	54	176
10171	14	47	0	0	2	185
10172	14	47	1	1	117	183
10173	14	47	2	2	138	181
10174	14	47	3	3	183	179
10175	14	48	0	0	2	186
10176	14	48	1	1	117	184
10177	14	48	2	2	138	182
10178	14	49	0	0	2	187
10179	14	49	1	1	117	185
10180	14	50	0	0	2	188
10181	15	0	0	94	124	224
10182	15	0	1	95	124	226
10183	15	0	2	96	139	227
10184	15	0	3	97	62	228
10185	15	0	4	98	67	229
10186	15	0	5	99	196	230
10187	15	0	6	100	196	232
10188	15	0	7	101	165	233
10189	15	0	8	102	208	234
10190	15	0	9	103	55	235
10191	15	0	10	104	55	237
10192	15	0	11	105	104	238
10193	15	0	12	106	159	239
10194	15	0	13	107	210	240
10195	15	0	14	108	210	242
10196	15	0	15	109	158	243
10197	15	0	16	110	105	244
10198	15	0	17	111	228	245
10199	15	0	18	112	228	247
10200	15	0	19	113	114	247
10201	15	0	20	114	114	249
10202	15	0	21	115	114	251
10203	15	0	22	116	225	252
10204	15	0	23	117	244	252
10205	15	0	24	118	244	254
10206	15	0	25	119	244	256
10207	15	0	26	120	169	256
10208	15	0	27	121	47	257
10209	15	0	28	122	47	259
10210	15	0	29	123	47	261
10211	15	0	30	124	216	262
10212	15	0	31	125	36	262
10213	15	0	32	126	36	264
10214	15	0	33	127	227	265
10215	15	0	34	128	227	267
10216	15	0	35	129	257	267
10217	15	0	36	130	257	269
10218	15	0	37	131	6	270
10219	15	0	38	132	6	272
10220	15	0	39	133	260	273
10221	15	0	40	134	262	273
10222	15	0	41	135	262	275
10223	15	0	42	136	262	277
10224	15	0	43	137	132	278
10225	15	0	44	138	44	278
10226	15	0	45	139	44	280
10227	15	0	46	140	44	282
10228	15	0	47	141	22	282
10229	15	1	0	92	31	223
10230	15	1	1	93	49	223
10231	15	1	2	94	49	225
10232	15	1	3	95	49	227
10233	15	1	4	96	214	228
10234	15	1	5	97	156	229
10235	15	1	6	98	211	230
10236	15	1	7	99	52	231
10237	15	1	8	100	52	233
10238	15	1	9	101	237	234
10239	15	1	10	102	184	235
10240	15	1	11	103	79	236
10241	15	1	12	104	79	238
10242	15	1	13	105	92	239
10243	15	1	14	106	171	240
10244	15	1	15	107	206	241
10245	15	1	16	108	206	243
10246	15	1	17	109	160	244
10247	15	1	18	110	103	245
10248	15	1	19	111	141	246
10249	15	1	20	112	141	248
10250	15	1	21	113	202	248
10251	15	1	22	114	202	250
10252	15	1	23	115	202	252
10253	15	1	24	116	108	253
10254	15	1	25	117	54	253
10255	15	1	26	118	54	255
10256	15	1	27	119	54	257
10257	15	1	28	120	18	257
10258	15	1	29	121	254	258
10259	15	1	30	122	254	260
10260	15	1	31	123	254	262
10261	15	1	32	124	9	263
10262	15	1	33	125	133	263
10263	15	1	34	126	133	265
10264	15	1	35	127	130	266
10265	15	1	36	128	130	268
10266	15	1	37	129	197	268
10267	15	1	38	130	197	270
10268	15	1	39	131	66	271
10269	15	1	40	132	66	273
10270	15	1	41	133	230	274
10271	15	1	42	134	252	274
10272	15	1	43	135	252	276
10273	15	1	44	136	252	278
10274	15	1	45	137	137	279
10275	15	1	46	138	221	279
10276	15	2	0	90	185	221
10277	15	2	1	91	185	223
10278	15	2	2	92	78	224
10279	15	2	3	93	13	224
10280	15	2	4	94	13	226
10281	15	2	5	95	13	228
10282	15	2	6	96	250	229
10283	15	2	7	97	138	230
10284	15	2	8	98	217	231
10285	15	2	9	99	46	232
10286	15	2	10	100	46	234
10287	15	2	11	101	240	235
10288	15	2	12	102	183	236
10289	15	2	13	103	80	237
10290	15	2	14	104	80	239
10291	15	2	15	105	223	240
10292	15	2	16	106	40	241
10293	15	2	17	107	162	242
10294	15	2	18	108	162	244
10295	15	2	19	109	182	245
10296	15	2	20	110	81	246
10297	15	2	21	111	236	247
10298	15	2	22	112	236	249
10299	15	2	23	113	118	249
10300	15	2	24	114	118	251
10301	15	2	25	115	118	253
10302	15	2	26	116	136	254
10303	15	2	27	117	68	254
10304	15	2	28	118	68	256
10305	15	2	29	119	68	258
10306	15	2	30	120	198	258
10307	15	2	31	121	164	259
10308	15	2	32	122	164	261
10309	15	2	33	123	164	263
10310	15	2	34	124	99	264
10311	15	2	35	125	148	264
10312	15	2	36	126	148	266
10313	15	2	37	127	115	267
10314	15	2	38	128	115	269
10315	15	2	39	129	63	269
10316	15	2	40	130	63	271
10317	15	2	41	131	200	272
10318	15	2	42	132	200	274
10319	15	2	43	133	163	275
10320	15	2	44	134	142	275
10321	15	2	45	135	142	277
10322	15	3	0	89	222	220
10323	15	3	1	88	150	221
10324	15	3	2	90	194	222
10325	15	3	3	91	194	224
10326	15	3	4	92	69	225
10327	15	3	5	93	143	225
10328	15	3	6	94	143	227
10329	15	3	7	95	143	229
10330	15	3	8	96	120	230
10331	15	3	9	97	203	231
10332	15	3	10	98	20	232
10333	15	3	11	99	243	233
10334	15	3	12	100	243	235
10335	15	3	13	101	10	236
10336	15	3	14	102	172	237
10337	15	3	15	103	91	238
10338	15	3	16	104	91	240
10339	15	3	17	105	86	241
10340	15	3	18	106	177	242
10341	15	3	19	107	204	243
10342	15	3	20	108	204	245
10343	15	3	21	109	161	246
10344	15	3	22	110	102	247
10345	15	3	23	111	229	248
10346	15	3	24	112	229	250
10347	15	3	25	113	246	250
10348	15	3	26	114	246	252
10349	15	3	27	115	246	254
10350	15	3	28	116	181	255
10351	15	3	29	117	222	255
10352	15	3	30	118	222	257
10353	15	3	31	119	222	259
10354	15	3	32	120	74	259
10355	15	3	33	121	226	260
10356	15	3	34	122	226	262
10357	15	3	35	123	226	264
10358	15	3	36	124	37	265
10359	15	3	37	125	50	265
10360	15	3	38	126	50	267
10361	15	3	39	127	213	268
10362	15	3	40	128	213	270
10363	15	3	41	129	167	270
10364	15	3	42	130	167	272
10365	15	3	43	131	96	273
10366	15	3	44	132	96	275
10367	15	4	0	86	83	218
10368	15	4	1	87	83	220
10369	15	4	2	89	38	221
10370	15	4	3	88	239	222
10371	15	4	4	90	30	223
10372	15	4	5	91	30	225
10373	15	4	6	92	233	226
10374	15	4	7	93	258	226
10375	15	4	8	94	258	228
10376	15	4	9	95	258	230
10377	15	4	10	96	5	231
10378	15	4	11	97	129	232
10379	15	4	12	98	220	233
10380	15	4	13	99	43	234
10381	15	4	14	100	43	236
10382	15	4	15	101	110	237
10383	15	4	16	102	51	238
10384	15	4	17	103	212	239
10385	15	4	18	104	212	241
10386	15	4	19	105	157	242
10387	15	4	20	106	106	243
10388	15	4	21	107	140	244
10389	15	4	22	108	140	246
10390	15	4	23	109	193	247
10391	15	4	24	110	70	248
10392	15	4	25	111	152	249
10393	15	4	26	112	152	251
10394	15	4	27	113	76	251
10395	15	4	28	114	76	253
10396	15	4	29	115	76	255
10397	15	4	30	116	150	256
10398	15	4	31	117	75	256
10399	15	4	32	118	75	258
10400	15	4	33	119	75	260
10401	15	4	34	120	25	260
10402	15	4	35	121	119	261
10403	15	4	36	122	119	263
10404	15	4	37	123	119	265
10405	15	4	38	124	144	266
10406	15	4	39	125	24	266
10407	15	4	40	126	24	268
10408	15	4	41	127	239	269
10409	15	4	42	128	239	271
10410	15	4	43	129	259	271
10411	15	5	0	84	248	217
10412	15	5	1	85	124	217
10413	15	5	2	86	124	219
10414	15	5	3	87	124	221
10415	15	5	4	89	11	222
10416	15	5	5	88	225	223
10417	15	5	6	90	67	224
10418	15	5	7	91	67	226
10419	15	5	8	92	196	227
10420	15	5	9	93	208	227
10421	15	5	10	94	208	229
10422	15	5	11	95	208	231
10423	15	5	12	96	55	232
10424	15	5	13	97	104	233
10425	15	5	14	98	53	234
10426	15	5	15	99	210	235
10427	15	5	16	100	210	237
10428	15	5	17	101	158	238
10429	15	5	18	102	35	239
10430	15	5	19	103	228	240
10431	15	5	20	104	228	242
10432	15	5	21	105	149	243
10433	15	5	22	106	114	244
10434	15	5	23	107	225	245
10435	15	5	24	108	225	247
10436	15	5	25	109	19	248
10437	15	5	26	110	244	249
10438	15	5	27	111	94	250
10439	15	5	28	112	94	252
10440	15	5	29	113	47	252
10441	15	5	30	114	47	254
10442	15	5	31	115	47	256
10443	15	5	32	116	72	257
10444	15	5	33	117	36	257
10445	15	5	34	118	36	259
10446	15	5	35	119	36	261
10447	15	5	36	120	12	261
10448	15	5	37	121	257	262
10449	15	5	38	122	257	264
10450	15	5	39	123	257	266
10451	15	5	40	124	6	267
10452	15	5	41	125	1	267
10453	15	5	42	126	1	269
10454	15	6	0	82	232	215
10455	15	6	1	83	232	217
10456	15	6	2	84	98	218
10457	15	6	3	85	49	218
10458	15	6	4	86	49	220
10459	15	6	5	87	49	222
10460	15	6	6	89	115	223
10461	15	6	7	88	260	224
10462	15	6	8	90	211	225
10463	15	6	9	91	211	227
10464	15	6	10	92	52	228
10465	15	6	11	93	184	228
10466	15	6	12	94	184	230
10467	15	6	13	95	184	232
10468	15	6	14	96	79	233
10469	15	6	15	97	92	234
10470	15	6	16	98	57	235
10471	15	6	17	99	206	236
10472	15	6	18	100	206	238
10473	15	6	19	101	160	239
10474	15	6	20	102	122	240
10475	15	6	21	103	141	241
10476	15	6	22	104	141	243
10477	15	6	23	105	61	244
10478	15	6	24	106	202	245
10479	15	6	25	107	108	246
10480	15	6	26	108	108	248
10481	15	6	27	109	209	249
10482	15	6	28	110	54	250
10483	15	6	29	111	245	251
10484	15	6	30	112	245	253
10485	15	6	31	113	254	253
10486	15	6	32	114	254	255
10487	15	6	33	115	254	257
10488	15	6	34	116	3	258
10489	15	6	35	117	133	258
10490	15	6	36	118	133	260
10491	15	6	37	119	133	262
10492	15	6	38	120	132	262
10493	15	6	39	121	197	263
10494	15	6	40	122	197	265
10495	15	6	41	123	197	267
10496	15	7	0	80	107	214
10497	15	7	1	81	78	215
10498	15	7	2	82	185	216
10499	15	7	3	83	185	218
10500	15	7	4	84	26	219
10501	15	7	5	85	13	219
10502	15	7	6	86	13	221
10503	15	7	7	87	13	223
10504	15	7	8	89	147	224
10505	15	7	9	88	81	225
10506	15	7	10	90	217	226
10507	15	7	11	91	217	228
10508	15	7	12	92	46	229
10509	15	7	13	93	183	229
10510	15	7	14	94	183	231
10511	15	7	15	95	183	233
10512	15	7	16	96	80	234
10513	15	7	17	97	223	235
10514	15	7	18	98	101	236
10515	15	7	19	99	162	237
10516	15	7	20	100	162	239
10517	15	7	21	101	182	240
10518	15	7	22	102	27	241
10519	15	7	23	103	236	242
10520	15	7	24	104	236	244
10521	15	7	25	105	145	245
10522	15	7	26	106	118	246
10523	15	7	27	107	136	247
10524	15	7	28	108	136	249
10525	15	7	29	109	195	250
10526	15	7	30	110	68	251
10527	15	7	31	111	65	252
10528	15	7	32	112	65	254
10529	15	7	33	113	164	254
10530	15	7	34	114	164	256
10531	15	7	35	115	164	258
10532	15	7	36	116	33	259
10533	15	7	37	117	148	259
10534	15	7	38	118	148	261
10535	15	7	39	119	148	263
10536	15	7	40	120	137	263
10537	15	8	0	78	151	212
10538	15	8	1	79	151	214
10539	15	8	2	80	125	215
10540	15	8	3	81	69	216
10541	15	8	4	82	194	217
10542	15	8	5	83	194	219
10543	15	8	6	84	23	220
10544	15	8	7	85	143	220
10545	15	8	8	86	143	222
10546	15	8	9	87	143	224
10547	15	8	10	89	102	225
10548	15	8	11	88	39	226
10549	15	8	12	90	20	227
10550	15	8	13	91	20	229
10551	15	8	14	92	243	230
10552	15	8	15	93	172	230
10553	15	8	16	94	172	232
10554	15	8	17	95	172	234
10555	15	8	18	96	91	235
10556	15	8	19	97	86	236
10557	15	8	20	98	59	237
10558	15	8	21	99	204	238
10559	15	8	22	100	204	240
10560	15	8	23	101	161	241
10561	15	8	24	102	34	242
10562	15	8	25	103	229	243
10563	15	8	26	104	229	245
10564	15	8	27	105	17	246
10565	15	8	28	106	246	247
10566	15	8	29	107	181	248
10567	15	8	30	108	181	250
10568	15	8	31	109	41	251
10569	15	8	32	110	222	252
10570	15	8	33	111	189	253
10571	15	8	34	112	189	255
10572	15	8	35	113	226	255
10573	15	8	36	114	226	257
10574	15	8	37	115	226	259
10575	15	8	38	116	100	260
10576	15	8	39	117	50	260
10577	15	9	0	76	166	211
10578	15	9	1	77	180	212
10579	15	9	2	78	83	213
10580	15	9	3	79	83	215
10581	15	9	4	80	60	216
10582	15	9	5	81	233	217
10583	15	9	6	82	30	218
10584	15	9	7	83	30	220
10585	15	9	8	84	253	221
10586	15	9	9	85	258	221
10587	15	9	10	86	258	223
10588	15	9	11	87	258	225
10589	15	9	12	89	237	226
10590	15	9	13	88	160	227
10591	15	9	14	90	220	228
10592	15	9	15	91	220	230
10593	15	9	16	92	43	231
10594	15	9	17	93	51	231
10595	15	9	18	94	51	233
10596	15	9	19	95	51	235
10597	15	9	20	96	212	236
10598	15	9	21	97	157	237
10599	15	9	22	98	123	238
10600	15	9	23	99	140	239
10601	15	9	24	100	140	241
10602	15	9	25	101	193	242
10603	15	9	26	102	111	243
10604	15	9	27	103	152	244
10605	15	9	28	104	152	246
10606	15	9	29	105	187	247
10607	15	9	30	106	76	248
10608	15	9	31	107	150	249
10609	15	9	32	108	150	251
10610	15	9	33	109	188	252
10611	15	9	34	110	75	253
10612	15	9	35	111	238	254
10613	15	9	36	112	238	256
10614	15	9	37	113	119	256
10615	15	9	38	114	119	258
10616	15	10	0	74	218	210
10617	15	10	1	75	248	210
10618	15	10	2	76	248	212
10619	15	10	3	77	139	213
10620	15	10	4	78	124	214
10621	15	10	5	79	124	216
10622	15	10	6	80	134	217
10623	15	10	7	81	196	218
10624	15	10	8	82	67	219
10625	15	10	9	83	67	221
10626	15	10	10	84	153	222
10627	15	10	11	85	208	222
10628	15	10	12	86	208	224
10629	15	10	13	87	208	226
10630	15	10	14	89	236	227
10631	15	10	15	88	194	228
10632	15	10	16	90	53	229
10633	15	10	17	91	53	231
10634	15	10	18	92	210	232
10635	15	10	19	93	35	232
10636	15	10	20	94	35	234
10637	15	10	21	95	35	236
10638	15	10	22	96	228	237
10639	15	10	23	97	149	238
10640	15	10	24	98	38	239
10641	15	10	25	99	225	240
10642	15	10	26	100	225	242
10643	15	10	27	101	19	243
10644	15	10	28	102	169	244
10645	15	10	29	103	94	245
10646	15	10	30	104	94	247
10647	15	10	31	105	216	248
10648	15	10	32	106	47	249
10649	15	10	33	107	72	250
10650	15	10	34	108	72	252
10651	15	10	35	109	227	253
10652	15	10	36	110	36	254
10653	15	10	37	111	251	255
10654	15	11	0	72	201	208
10655	15	11	1	73	31	209
10656	15	11	2	74	31	211
10657	15	11	3	75	98	211
10658	15	11	4	76	98	213
10659	15	11	5	77	214	214
10660	15	11	6	78	49	215
10661	15	11	7	79	49	217
10662	15	11	8	80	159	218
10663	15	11	9	81	52	219
10664	15	11	10	82	211	220
10665	15	11	11	83	211	222
10666	15	11	12	84	105	223
10667	15	11	13	85	184	223
10668	15	11	14	86	184	225
10669	15	11	15	87	184	227
10670	15	11	16	89	185	228
10671	15	11	17	88	94	229
10672	15	11	18	90	57	230
10673	15	11	19	91	57	232
10674	15	11	20	92	206	233
10675	15	11	21	93	122	233
10676	15	11	22	94	122	235
10677	15	11	23	95	122	237
10678	15	11	24	96	141	238
10679	15	11	25	97	61	239
10680	15	11	26	98	155	240
10681	15	11	27	99	108	241
10682	15	11	28	100	108	243
10683	15	11	29	101	209	244
10684	15	11	30	102	18	245
10685	15	11	31	103	245	246
10686	15	11	32	104	245	248
10687	15	11	33	105	9	249
10688	15	11	34	106	254	250
10689	15	11	35	107	3	251
10690	15	11	36	108	3	253
10691	15	12	0	70	58	207
10692	15	12	1	71	107	207
10693	15	12	2	72	107	209
10694	15	12	3	73	78	210
10695	15	12	4	74	78	212
10696	15	12	5	75	26	212
10697	15	12	6	76	26	214
10698	15	12	7	77	250	215
10699	15	12	8	78	13	216
10700	15	12	9	79	13	218
10701	15	12	10	80	171	219
10702	15	12	11	81	46	220
10703	15	12	12	82	217	221
10704	15	12	13	83	217	223
10705	15	12	14	84	103	224
10706	15	12	15	85	183	224
10707	15	12	16	86	183	226
10708	15	12	17	87	183	228
10709	15	12	18	89	236	229
10710	15	12	19	88	217	230
10711	15	12	20	90	101	231
10712	15	12	21	91	101	233
10713	15	12	22	92	162	234
10714	15	12	23	93	27	234
10715	15	12	24	94	27	236
10716	15	12	25	95	27	238
10717	15	12	26	96	236	239
10718	15	12	27	97	145	240
10719	15	12	28	98	127	241
10720	15	12	29	99	136	242
10721	15	12	30	100	136	244
10722	15	12	31	101	195	245
10723	15	12	32	102	198	246
10724	15	12	33	103	65	247
10725	15	12	34	104	65	249
10726	15	12	35	105	99	250
10727	15	13	0	68	39	205
10728	15	13	1	69	112	206
10729	15	13	2	70	112	208
10730	15	13	3	71	125	208
10731	15	13	4	72	125	210
10732	15	13	5	73	69	211
10733	15	13	6	74	69	213
10734	15	13	7	75	23	213
10735	15	13	8	76	23	215
10736	15	13	9	77	120	216
10737	15	13	10	78	143	217
10738	15	13	11	79	143	219
10739	15	13	12	80	40	220
10740	15	13	13	81	243	221
10741	15	13	14	82	20	222
10742	15	13	15	83	20	224
10743	15	13	16	84	81	225
10744	15	13	17	85	172	225
10745	15	13	18	86	172	227
10746	15	13	19	87	172	229
10747	15	13	20	89	165	230
10748	15	13	21	88	227	231
10749	15	13	22	90	59	232
10750	15	13	23	91	59	234
10751	15	13	24	92	204	235
10752	15	13	25	93	34	235
10753	15	13	26	94	34	237
10754	15	13	27	95	34	239
10755	15	13	28	96	229	240
10756	15	13	29	97	17	241
10757	15	13	30	98	82	242
10758	15	13	31	99	181	243
10759	15	13	32	100	181	245
10760	15	13	33	101	41	246
10761	15	13	34	102	74	247
10762	15	14	0	66	97	203
10763	15	14	1	67	97	205
10764	15	14	2	68	166	206
10765	15	14	3	69	180	207
10766	15	14	4	70	180	209
10767	15	14	5	71	60	209
10768	15	14	6	72	60	211
10769	15	14	7	73	233	212
10770	15	14	8	74	233	214
10771	15	14	9	75	253	214
10772	15	14	10	76	253	216
10773	15	14	11	77	5	217
10774	15	14	12	78	258	218
10775	15	14	13	79	258	220
10776	15	14	14	80	177	221
10777	15	14	15	81	43	222
10778	15	14	16	82	220	223
10779	15	14	17	83	220	225
10780	15	14	18	84	102	226
10781	15	14	19	85	51	226
10782	15	14	20	86	51	228
10783	15	14	21	87	51	230
10784	15	14	22	89	59	231
10785	15	14	23	88	228	232
10786	15	14	24	90	123	233
10787	15	14	25	91	123	235
10788	15	14	26	92	140	236
10789	15	14	27	93	111	236
10790	15	14	28	94	111	238
10791	15	14	29	95	111	240
10792	15	14	30	96	152	241
10793	15	14	31	97	187	242
10794	15	14	32	98	113	243
10795	15	14	33	99	150	244
10796	15	15	0	64	90	202
10797	15	15	1	65	218	203
10798	15	15	2	66	15	204
10799	15	15	3	67	15	206
10800	15	15	4	68	248	207
10801	15	15	5	69	139	208
10802	15	15	6	70	139	210
10803	15	15	7	71	134	210
10804	15	15	8	72	134	212
10805	15	15	9	73	196	213
10806	15	15	10	74	196	215
10807	15	15	11	75	153	215
10808	15	15	12	76	153	217
10809	15	15	13	77	55	218
10810	15	15	14	78	208	219
10811	15	15	15	79	208	221
10812	15	15	16	80	106	222
10813	15	15	17	81	210	223
10814	15	15	18	82	53	224
10815	15	15	19	83	53	226
10816	15	15	20	84	70	227
10817	15	15	21	85	35	227
10818	15	15	22	86	35	229
10819	15	15	23	87	35	231
10820	15	15	24	89	6	232
10821	15	15	25	88	129	233
10822	15	15	26	90	38	234
10823	15	15	27	91	38	236
10824	15	15	28	92	225	237
10825	15	15	29	93	169	237
10826	15	15	30	94	169	239
10827	15	15	31	95	169	241
10828	15	15	32	96	94	242
10829	15	16	0	62	62	200
10830	15	16	1	63	62	202
10831	15	16	2	64	201	203
10832	15	16	3	65	31	204
10833	15	16	4	66	165	205
10834	15	16	5	67	165	207
10835	15	16	6	68	98	208
10836	15	16	7	69	214	209
10837	15	16	8	70	214	211
10838	15	16	9	71	159	211
10839	15	16	10	72	159	213
10840	15	16	11	73	52	214
10841	15	16	12	74	52	216
10842	15	16	13	75	105	216
10843	15	16	14	76	105	218
10844	15	16	15	77	79	219
10845	15	16	16	78	184	220
10846	15	16	17	79	184	222
10847	15	16	18	80	114	223
10848	15	16	19	81	206	224
10849	15	16	20	82	57	225
10850	15	16	21	83	57	227
10851	15	16	22	84	244	228
10852	15	16	23	85	122	228
10853	15	16	24	86	122	230
10854	15	16	25	87	122	232
10855	15	16	26	89	94	233
10856	15	16	27	88	101	234
10857	15	16	28	90	155	235
10858	15	16	29	91	155	237
10859	15	16	30	92	108	238
10860	15	16	31	93	18	238
10861	15	17	0	60	116	200
10862	15	17	1	61	58	200
10863	15	17	2	62	156	201
10864	15	17	3	63	156	203
10865	15	17	4	64	107	204
10866	15	17	5	65	78	205
10867	15	17	6	66	237	206
10868	15	17	7	67	237	208
10869	15	17	8	68	26	209
10870	15	17	9	69	250	210
10871	15	17	10	70	250	212
10872	15	17	11	71	171	212
10873	15	17	12	72	171	214
10874	15	17	13	73	46	215
10875	15	17	14	74	46	217
10876	15	17	15	75	103	217
10877	15	17	16	76	103	219
10878	15	17	17	77	80	220
10879	15	17	18	78	183	221
10880	15	17	19	79	183	223
10881	15	17	20	80	202	224
10882	15	17	21	81	162	225
10883	15	17	22	82	101	226
10884	15	17	23	83	101	228
10885	15	17	24	84	54	229
10886	15	17	25	85	27	229
10887	15	17	26	86	27	231
10888	15	17	27	87	27	233
10889	15	17	28	89	27	234
10890	15	17	29	88	136	235
10891	15	17	30	90	127	236
10892	15	18	0	58	224	197
10893	15	18	1	59	224	199
10894	15	18	2	60	224	201
10895	15	18	3	61	112	201
10896	15	18	4	62	138	202
10897	15	18	5	63	138	204
10898	15	18	6	64	125	205
10899	15	18	7	65	69	206
10900	15	18	8	66	240	207
10901	15	18	9	67	240	209
10902	15	18	10	68	23	210
10903	15	18	11	69	120	211
10904	15	18	12	70	120	213
10905	15	18	13	71	40	213
10906	15	18	14	72	40	215
10907	15	18	15	73	243	216
10908	15	18	16	74	243	218
10909	15	18	17	75	81	218
10910	15	18	18	76	81	220
10911	15	18	19	77	91	221
10912	15	18	20	78	172	222
10913	15	18	21	79	172	224
10914	15	18	22	80	118	225
10915	15	18	23	81	204	226
10916	15	18	24	82	59	227
10917	15	18	25	83	59	229
10918	15	18	26	84	68	230
10919	15	18	27	85	34	230
10920	15	18	28	86	34	232
10921	15	18	29	87	34	234
10922	15	19	0	57	51	196
10923	15	19	1	56	24	197
10924	15	19	2	58	97	198
10925	15	19	3	59	97	200
10926	15	19	4	60	97	202
10927	15	19	5	61	180	202
10928	15	19	6	62	203	203
10929	15	19	7	63	203	205
10930	15	19	8	64	60	206
10931	15	19	9	65	233	207
10932	15	19	10	66	10	208
10933	15	19	11	67	10	210
10934	15	19	12	68	253	211
10935	15	19	13	69	5	212
10936	15	19	14	70	5	214
10937	15	19	15	71	177	214
10938	15	19	16	72	177	216
10939	15	19	17	73	43	217
10940	15	19	18	74	43	219
10941	15	19	19	75	102	219
10942	15	19	20	76	102	221
10943	15	19	21	77	212	222
10944	15	19	22	78	51	223
10945	15	19	23	79	51	225
10946	15	19	24	80	246	226
10947	15	19	25	81	140	227
10948	15	19	26	82	123	228
10949	15	19	27	83	123	230
10950	15	19	28	84	222	231
10951	15	20	0	54	173	194
10952	15	20	1	55	173	196
10953	15	20	2	57	148	197
10954	15	20	3	56	34	198
10955	15	20	4	58	15	199
10956	15	20	5	59	15	201
10957	15	20	6	60	15	203
10958	15	20	7	61	139	203
10959	15	20	8	62	129	204
10960	15	20	9	63	129	206
10961	15	20	10	64	134	207
10962	15	20	11	65	196	208
10963	15	20	12	66	110	209
10964	15	20	13	67	110	211
10965	15	20	14	68	153	212
10966	15	20	15	69	55	213
10967	15	20	16	70	55	215
10968	15	20	17	71	106	215
10969	15	20	18	72	106	217
10970	15	20	19	73	210	218
10971	15	20	20	74	210	220
10972	15	20	21	75	70	220
10973	15	20	22	76	70	222
10974	15	20	23	77	228	223
10975	15	20	24	78	35	224
10976	15	20	25	79	35	226
10977	15	20	26	80	76	227
10978	15	20	27	81	225	228
10979	15	21	0	52	154	194
10980	15	21	1	53	201	194
10981	15	21	2	54	62	195
10982	15	21	3	55	62	197
10983	15	21	4	57	241	198
10984	15	21	5	56	202	199
10985	15	21	6	58	165	200
10986	15	21	7	59	165	202
10987	15	21	8	60	165	204
10988	15	21	9	61	214	204
10989	15	21	10	62	104	205
10990	15	21	11	63	104	207
10991	15	21	12	64	159	208
10992	15	21	13	65	52	209
10993	15	21	14	66	158	210
10994	15	21	15	67	158	212
10995	15	21	16	68	105	213
10996	15	21	17	69	79	214
10997	15	21	18	70	79	216
10998	15	21	19	71	114	216
10999	15	21	20	72	114	218
11000	15	21	21	73	206	219
11001	15	21	22	74	206	221
11002	15	21	23	75	244	221
11003	15	21	24	76	244	223
11004	15	21	25	77	141	224
11005	15	21	26	78	122	225
11006	15	22	0	50	116	191
11007	15	22	1	51	116	193
11008	15	22	2	52	116	195
11009	15	22	3	53	107	195
11010	15	22	4	54	156	196
11011	15	22	5	55	156	198
11012	15	22	6	57	18	199
11013	15	22	7	56	50	200
11014	15	22	8	58	237	201
11015	15	22	9	59	237	203
11016	15	22	10	60	237	205
11017	15	22	11	61	250	205
11018	15	22	12	62	92	206
11019	15	22	13	63	92	208
11020	15	22	14	64	171	209
11021	15	22	15	65	46	210
11022	15	22	16	66	160	211
11023	15	22	17	67	160	213
11024	15	22	18	68	103	214
11025	15	22	19	69	80	215
11026	15	22	20	70	80	217
11027	15	22	21	71	202	217
11028	15	22	22	72	202	219
11029	15	22	23	73	162	220
11030	15	22	24	74	162	222
11031	15	22	25	75	54	222
11032	15	23	0	48	185	190
11033	15	23	1	49	39	191
11034	15	23	2	50	224	192
11035	15	23	3	51	224	194
11036	15	23	4	52	224	196
11037	15	23	5	53	125	196
11038	15	23	6	54	138	197
11039	15	23	7	55	138	199
11040	15	23	8	57	165	200
11041	15	23	9	56	134	201
11042	15	23	10	58	240	202
11043	15	23	11	59	240	204
11044	15	23	12	60	240	206
11045	15	23	13	61	120	206
11046	15	23	14	62	223	207
11047	15	23	15	63	223	209
11048	15	23	16	64	40	210
11049	15	23	17	65	243	211
11050	15	23	18	66	182	212
11051	15	23	19	67	182	214
11052	15	23	20	68	81	215
11053	15	23	21	69	91	216
11054	15	23	22	70	91	218
11055	15	23	23	71	118	218
11056	15	23	24	72	118	220
11057	15	24	0	46	56	189
11058	15	24	1	47	207	190
11059	15	24	2	48	194	191
11060	15	24	3	49	166	192
11061	15	24	4	50	97	193
11062	15	24	5	51	97	195
11063	15	24	6	52	97	197
11064	15	24	7	53	60	197
11065	15	24	8	54	203	198
11066	15	24	9	55	203	200
11067	15	24	10	57	137	201
11068	15	24	11	56	133	202
11069	15	24	12	58	10	203
11070	15	24	13	59	10	205
11071	15	24	14	60	10	207
11072	15	24	15	61	5	207
11073	15	24	16	62	86	208
11074	15	24	17	63	86	210
11075	15	24	18	64	177	211
11076	15	24	19	65	43	212
11077	15	24	20	66	161	213
11078	15	24	21	67	161	215
11079	15	24	22	68	102	216
11080	15	24	23	69	212	217
11081	15	25	0	44	83	187
11082	15	25	1	45	90	188
11083	15	25	2	46	90	190
11084	15	25	3	47	173	191
11085	15	25	4	48	30	192
11086	15	25	5	49	248	193
11087	15	25	6	50	15	194
11088	15	25	7	51	15	196
11089	15	25	8	52	15	198
11090	15	25	9	53	134	198
11091	15	25	10	54	129	199
11092	15	25	11	55	129	201
11093	15	25	12	57	144	202
11094	15	25	13	56	22	203
11095	15	25	14	58	110	204
11096	15	25	15	59	110	206
11097	15	25	16	60	110	208
11098	15	25	17	61	55	208
11099	15	25	18	62	157	209
11100	15	25	19	63	157	211
11101	15	25	20	64	106	212
11102	15	25	21	65	210	213
11103	15	25	22	66	193	214
11104	15	26	0	42	109	186
11105	15	26	1	43	154	187
11106	15	26	2	44	124	188
11107	15	26	3	45	201	189
11108	15	26	4	46	201	191
11109	15	26	5	47	62	192
11110	15	26	6	48	67	193
11111	15	26	7	49	98	194
11112	15	26	8	50	165	195
11113	15	26	9	51	165	197
11114	15	26	10	52	165	199
11115	15	26	11	53	159	199
11116	15	26	12	54	104	200
11117	15	26	13	55	104	202
11118	15	26	14	57	4	203
11119	15	26	15	56	100	204
11120	15	26	16	58	158	205
11121	15	26	17	59	158	207
11122	15	26	18	60	158	209
11123	15	26	19	61	79	209
11124	15	26	20	62	149	210
11125	15	26	21	63	149	212
11126	15	27	0	40	232	184
11127	15	27	1	41	147	185
11128	15	27	2	42	147	187
11129	15	27	3	43	116	188
11130	15	27	4	44	49	189
11131	15	27	5	45	107	190
11132	15	27	6	46	107	192
11133	15	27	7	47	156	193
11134	15	27	8	48	211	194
11135	15	27	9	49	26	195
11136	15	27	10	50	237	196
11137	15	27	11	51	237	198
11138	15	27	12	52	237	200
11139	15	27	13	53	171	200
11140	15	27	14	54	92	201
11141	15	27	15	55	92	203
11142	15	27	16	57	22	204
11143	15	27	17	56	96	205
11144	15	27	18	58	160	206
11145	15	27	19	59	160	208
11146	15	27	20	60	160	210
11147	15	28	0	38	29	183
11148	15	28	1	39	78	184
11149	15	28	2	40	185	185
11150	15	28	3	41	39	186
11151	15	28	4	42	39	188
11152	15	28	5	43	224	189
11153	15	28	6	44	13	190
11154	15	28	7	45	125	191
11155	15	28	8	46	125	193
11156	15	28	9	47	138	194
11157	15	28	10	48	217	195
11158	15	28	11	49	23	196
11159	15	28	12	50	240	197
11160	15	28	13	51	240	199
11161	15	28	14	52	240	201
11162	15	28	15	53	40	201
11163	15	28	16	54	223	202
11164	15	28	17	55	223	204
11165	15	28	18	56	223	206
11166	15	28	19	57	182	205
11167	15	29	0	36	151	181
11168	15	29	1	37	56	182
11169	15	29	2	38	56	184
11170	15	29	3	39	69	185
11171	15	29	4	40	194	186
11172	15	29	5	41	166	187
11173	15	29	6	42	166	189
11174	15	29	7	43	97	190
11175	15	29	8	44	143	191
11176	15	29	9	45	60	192
11177	15	29	10	46	60	194
11178	15	29	11	47	203	195
11179	15	29	12	48	20	196
11180	15	29	13	49	253	197
11181	15	29	14	50	10	198
11182	15	29	15	51	10	200
11183	15	29	16	52	10	202
11184	15	29	17	53	177	202
11185	15	29	18	54	86	203
11186	15	30	0	34	249	180
11187	15	30	1	35	249	182
11188	15	30	2	36	83	182
11189	15	30	3	37	90	183
11190	15	30	4	38	90	185
11191	15	30	5	39	233	186
11192	15	30	6	40	30	187
11193	15	30	7	41	248	188
11194	15	30	8	42	248	190
11195	15	30	9	43	15	191
11196	15	30	10	44	258	192
11197	15	30	11	45	134	193
11198	15	30	12	46	134	195
11199	15	30	13	47	129	196
11200	15	30	14	48	220	197
11201	15	30	15	49	153	198
11202	15	30	16	50	110	199
11203	15	30	17	51	110	201
11204	15	31	0	32	218	179
11205	15	31	1	33	109	179
11206	15	31	2	34	109	181
11207	15	31	3	35	109	183
11208	15	31	4	36	124	183
11209	15	31	5	37	201	184
11210	15	31	6	38	201	186
11211	15	31	7	39	196	187
11212	15	31	8	40	67	188
11213	15	31	9	41	98	189
11214	15	31	10	42	98	191
11215	15	31	11	43	165	192
11216	15	31	12	44	208	193
11217	15	31	13	45	159	194
11218	15	31	14	46	159	196
11219	15	31	15	47	104	197
11220	15	31	16	48	53	198
11221	15	32	0	30	170	177
11222	15	32	1	31	170	179
11223	15	32	2	32	31	180
11224	15	32	3	33	147	180
11225	15	32	4	34	147	182
11226	15	32	5	35	147	184
11227	15	32	6	36	49	184
11228	15	32	7	37	107	185
11229	15	32	8	38	107	187
11230	15	32	9	39	52	188
11231	15	32	10	40	211	189
11232	15	32	11	41	26	190
11233	15	32	12	42	26	192
11234	15	32	13	43	237	193
11235	15	32	14	44	184	194
11236	15	32	15	45	171	195
11237	15	33	0	29	131	176
11238	15	33	1	28	165	177
11239	15	33	2	30	29	178
11240	15	33	3	31	29	180
11241	15	33	4	32	78	181
11242	15	33	5	33	39	181
11243	15	33	6	34	39	183
11244	15	33	7	35	39	185
11245	15	33	8	36	13	185
11246	15	33	9	37	125	186
11247	15	33	10	38	125	188
11248	15	33	11	39	46	189
11249	15	33	12	40	217	190
11250	15	33	13	41	23	191
11251	15	33	14	42	23	193
11252	15	34	0	26	190	174
11253	15	34	1	27	190	176
11254	15	34	2	29	92	177
11255	15	34	3	28	33	178
11256	15	34	4	30	56	179
11257	15	34	5	31	56	181
11258	15	34	6	32	69	182
11259	15	34	7	33	166	182
11260	15	34	8	34	166	184
11261	15	34	9	35	166	186
11262	15	34	10	36	143	186
11263	15	34	11	37	60	187
11264	15	34	12	38	60	189
11265	15	34	13	39	243	190
11266	15	35	0	24	84	174
11267	15	35	1	25	221	175
11268	15	35	2	26	249	175
11269	15	35	3	27	249	177
11270	15	35	4	29	112	178
11271	15	35	5	28	77	179
11272	15	35	6	30	90	180
11273	15	35	7	31	90	182
11274	15	35	8	32	233	183
11275	15	35	9	33	248	183
11276	15	35	10	34	248	185
11277	15	35	11	35	248	187
11278	15	35	12	36	258	187
11279	15	36	0	22	121	172
11280	15	36	1	23	121	174
11281	15	36	2	24	135	175
11282	15	36	3	25	64	176
11283	15	36	4	26	109	176
11284	15	36	5	27	109	178
11285	15	36	6	29	11	179
11286	15	36	7	28	184	180
11287	15	36	8	30	201	181
11288	15	36	9	31	201	183
11289	15	36	10	32	196	184
11290	15	36	11	33	98	184
11291	15	37	0	20	167	172
11292	15	37	1	21	32	173
11293	15	37	2	22	16	173
11294	15	37	3	23	16	175
11295	15	37	4	24	170	176
11296	15	37	5	25	178	177
11297	15	37	6	26	147	177
11298	15	37	7	27	147	179
11299	15	37	8	29	103	180
11300	15	37	9	28	192	181
11301	15	37	10	30	107	182
11302	15	38	0	19	63	171
11303	15	38	1	18	252	172
11304	15	38	2	20	259	173
11305	15	38	3	21	89	174
11306	15	38	4	22	176	174
11307	15	38	5	23	176	176
11308	15	38	6	24	29	177
11309	15	38	7	25	117	178
11310	15	38	8	26	39	178
11311	15	38	9	27	39	180
11312	15	39	0	16	1	169
11313	15	39	1	17	1	171
11314	15	39	2	19	81	172
11315	15	39	3	18	46	173
11316	15	39	4	20	219	174
11317	15	39	5	21	190	175
11318	15	39	6	22	95	175
11319	15	39	7	23	95	177
11320	15	39	8	24	56	178
11321	15	40	0	14	198	170
11322	15	40	1	15	66	170
11323	15	40	2	16	11	170
11324	15	40	3	17	11	172
11325	15	40	4	19	208	173
11326	15	40	5	18	61	174
11327	15	40	6	20	42	175
11328	15	40	7	21	249	176
11329	15	41	0	11	124	170
11330	15	41	1	13	115	170
11331	15	41	2	14	74	171
11332	15	41	3	15	200	171
11333	15	41	4	16	121	171
11334	15	41	5	17	121	173
11335	15	41	6	19	35	174
11336	15	42	0	7	249	170
11337	15	42	1	12	187	170
11338	15	42	2	11	37	171
11339	15	42	3	13	213	171
11340	15	42	4	14	25	172
11341	15	42	5	15	96	172
11342	15	43	0	8	114	170
11343	15	43	1	9	38	170
11344	15	43	2	10	94	170
11345	15	43	3	12	22	171
11346	15	43	4	11	51	172
11347	15	44	0	6	76	171
11348	15	44	1	8	103	171
11349	15	44	2	9	122	171
11350	15	44	3	10	108	171
11351	15	45	0	7	43	171
11352	15	45	1	6	49	172
11353	15	45	2	8	40	172
11354	15	46	0	7	43	172
11355	15	46	1	9	223	172
11356	15	47	0	10	28	172
11357	16	0	0	12	174	172
11358	16	0	1	13	89	172
11359	16	0	2	16	234	172
11360	16	0	3	6	204	173
11361	16	0	4	7	25	173
11362	16	0	5	8	77	173
11363	16	0	6	9	79	173
11364	16	0	7	10	258	173
11365	16	0	8	11	236	173
11366	16	0	9	14	22	173
11367	16	0	10	15	172	173
11368	16	0	11	5	236	174
11369	16	0	12	17	207	174
11370	16	0	13	18	262	175
11371	16	0	14	19	220	175
11372	16	0	15	20	173	176
11373	16	0	16	22	68	176
11374	16	0	17	4	14	177
11375	16	0	18	21	213	177
11376	16	0	19	23	147	178
11377	16	0	20	24	29	179
11378	16	0	21	25	185	179
11379	16	0	22	26	56	179
11380	16	0	23	3	247	180
11381	16	0	24	27	14	181
11382	16	0	25	29	186	181
11383	16	1	0	12	174	173
11384	16	1	1	13	89	173
11385	16	1	2	16	234	173
11386	16	1	3	6	204	174
11387	16	1	4	7	25	174
11388	16	1	5	8	77	174
11389	16	1	6	9	79	174
11390	16	1	7	10	258	174
11391	16	1	8	11	236	174
11392	16	1	9	14	22	174
11393	16	1	10	15	172	174
11394	16	1	11	5	236	175
11395	16	1	12	17	207	175
11396	16	1	13	18	262	176
11397	16	1	14	19	220	176
11398	16	1	15	20	173	177
11399	16	1	16	22	68	177
11400	16	1	17	4	14	178
11401	16	1	18	21	213	178
11402	16	1	19	23	147	179
11403	16	1	20	24	29	180
11404	16	1	21	25	185	180
11405	16	1	22	26	56	180
11406	16	1	23	3	247	181
11407	16	1	24	27	14	182
11408	16	1	25	28	65	182
11409	16	2	0	12	174	174
11410	16	2	1	13	89	174
11411	16	2	2	16	234	174
11412	16	2	3	6	204	175
11413	16	2	4	7	25	175
11414	16	2	5	8	77	175
11415	16	2	6	9	79	175
11416	16	2	7	10	258	175
11417	16	2	8	11	236	175
11418	16	2	9	14	22	175
11419	16	2	10	15	172	175
11420	16	2	11	5	236	176
11421	16	2	12	17	207	176
11422	16	2	13	18	262	177
11423	16	2	14	19	220	177
11424	16	2	15	20	173	178
11425	16	2	16	22	68	178
11426	16	2	17	4	14	179
11427	16	2	18	21	213	179
11428	16	2	19	23	147	180
11429	16	2	20	24	29	181
11430	16	2	21	25	185	181
11431	16	2	22	26	56	181
11432	16	2	23	3	247	182
11433	16	2	24	29	96	182
11434	16	3	0	12	174	175
11435	16	3	1	13	89	175
11436	16	3	2	16	234	175
11437	16	3	3	6	204	176
11438	16	3	4	7	25	176
11439	16	3	5	8	77	176
11440	16	3	6	9	79	176
11441	16	3	7	10	258	176
11442	16	3	8	11	236	176
11443	16	3	9	14	22	176
11444	16	3	10	15	172	176
11445	16	3	11	5	236	177
11446	16	3	12	17	207	177
11447	16	3	13	18	262	178
11448	16	3	14	19	220	178
11449	16	3	15	20	173	179
11450	16	3	16	22	68	179
11451	16	3	17	4	14	180
11452	16	3	18	21	213	180
11453	16	3	19	23	147	181
11454	16	3	20	24	29	182
11455	16	3	21	25	185	182
11456	16	3	22	26	56	182
11457	16	3	23	2	9	183
11458	16	3	24	3	26	183
11459	16	4	0	12	174	176
11460	16	4	1	13	89	176
11461	16	4	2	16	234	176
11462	16	4	3	6	204	177
11463	16	4	4	7	25	177
11464	16	4	5	8	77	177
11465	16	4	6	9	79	177
11466	16	4	7	10	258	177
11467	16	4	8	11	236	177
11468	16	4	9	14	22	177
11469	16	4	10	15	172	177
11470	16	4	11	5	236	178
11471	16	4	12	17	207	178
11472	16	4	13	18	262	179
11473	16	4	14	19	220	179
11474	16	4	15	20	173	180
11475	16	4	16	22	68	180
11476	16	4	17	4	14	181
11477	16	4	18	21	213	181
11478	16	4	19	23	147	182
11479	16	4	20	24	29	183
11480	16	4	21	25	185	183
11481	16	4	22	26	56	183
11482	16	4	23	27	214	183
11483	16	5	0	12	174	177
11484	16	5	1	13	89	177
11485	16	5	2	16	234	177
11486	16	5	3	6	204	178
11487	16	5	4	7	25	178
11488	16	5	5	8	77	178
11489	16	5	6	9	79	178
11490	16	5	7	10	258	178
11491	16	5	8	11	236	178
11492	16	5	9	14	22	178
11493	16	5	10	15	172	178
11494	16	5	11	5	236	179
11495	16	5	12	17	207	179
11496	16	5	13	18	262	180
11497	16	5	14	19	220	180
11498	16	5	15	20	173	181
11499	16	5	16	22	68	181
11500	16	5	17	4	14	182
11501	16	5	18	21	213	182
11502	16	5	19	23	147	183
11503	16	5	20	28	231	183
11504	16	5	21	29	211	183
11505	16	5	22	30	54	183
11506	16	5	23	2	65	184
11507	16	6	0	12	174	178
11508	16	6	1	13	89	178
11509	16	6	2	16	234	178
11510	16	6	3	6	204	179
11511	16	6	4	7	25	179
11512	16	6	5	8	77	179
11513	16	6	6	9	79	179
11514	16	6	7	10	258	179
11515	16	6	8	11	236	179
11516	16	6	9	14	22	179
11517	16	6	10	15	172	179
11518	16	6	11	5	236	180
11519	16	6	12	17	207	180
11520	16	6	13	18	262	181
11521	16	6	14	19	220	181
11522	16	6	15	20	173	182
11523	16	6	16	22	68	182
11524	16	6	17	4	14	183
11525	16	6	18	21	213	183
11526	16	6	19	3	142	184
11527	16	6	20	23	122	184
11528	16	6	21	24	58	184
11529	16	6	22	25	111	184
11530	16	7	0	12	174	179
11531	16	7	1	13	89	179
11532	16	7	2	16	234	179
11533	16	7	3	6	204	180
11534	16	7	4	7	25	180
11535	16	7	5	8	77	180
11536	16	7	6	9	79	180
11537	16	7	7	10	258	180
11538	16	7	8	11	236	180
11539	16	7	9	14	22	180
11540	16	7	10	15	172	180
11541	16	7	11	5	236	181
11542	16	7	12	17	207	181
11543	16	7	13	18	262	182
11544	16	7	14	19	220	182
11545	16	7	15	20	173	183
11546	16	7	16	22	68	183
11547	16	7	17	4	14	184
11548	16	7	18	21	213	184
11549	16	7	19	26	217	184
11550	16	7	20	27	174	184
11551	16	7	21	28	211	184
11552	16	7	22	29	90	184
11553	16	8	0	12	174	180
11554	16	8	1	13	89	180
11555	16	8	2	16	234	180
11556	16	8	3	6	204	181
11557	16	8	4	7	25	181
11558	16	8	5	8	77	181
11559	16	8	6	9	79	181
11560	16	8	7	10	258	181
11561	16	8	8	11	236	181
11562	16	8	9	14	22	181
11563	16	8	10	15	172	181
11564	16	8	11	5	236	182
11565	16	8	12	17	207	182
11566	16	8	13	18	262	183
11567	16	8	14	19	220	183
11568	16	8	15	20	173	184
11569	16	8	16	22	68	184
11570	16	8	17	30	136	184
11571	16	8	18	31	164	184
11572	16	8	19	2	49	185
11573	16	8	20	3	77	185
11574	16	8	21	4	183	185
11575	16	9	0	12	174	181
11576	16	9	1	13	89	181
11577	16	9	2	16	234	181
11578	16	9	3	6	204	182
11579	16	9	4	7	25	182
11580	16	9	5	8	77	182
11581	16	9	6	9	79	182
11582	16	9	7	10	258	182
11583	16	9	8	11	236	182
11584	16	9	9	14	22	182
11585	16	9	10	15	172	182
11586	16	9	11	5	236	183
11587	16	9	12	17	207	183
11588	16	9	13	18	262	184
11589	16	9	14	19	220	184
11590	16	9	15	20	173	185
11591	16	9	16	21	26	185
11592	16	9	17	22	228	185
11593	16	9	18	23	45	185
11594	16	9	19	24	39	185
11595	16	9	20	25	33	185
11596	16	9	21	26	54	185
11597	16	10	0	12	174	182
11598	16	10	1	13	89	182
11599	16	10	2	16	234	182
11600	16	10	3	6	204	183
11601	16	10	4	7	25	183
11602	16	10	5	8	77	183
11603	16	10	6	9	79	183
11604	16	10	7	10	258	183
11605	16	10	8	11	236	183
11606	16	10	9	14	22	183
11607	16	10	10	15	172	183
11608	16	10	11	5	236	184
11609	16	10	12	17	207	184
11610	16	10	13	18	262	185
11611	16	10	14	19	220	185
11612	16	10	15	27	152	185
11613	16	10	16	28	134	185
11614	16	10	17	29	73	185
11615	16	10	18	30	103	185
11616	16	10	19	31	173	185
11617	16	10	20	32	239	185
11618	16	11	0	12	174	183
11619	16	11	1	13	89	183
11620	16	11	2	16	234	183
11621	16	11	3	6	204	184
11622	16	11	4	7	25	184
11623	16	11	5	8	77	184
11624	16	11	6	9	79	184
11625	16	11	7	10	258	184
11626	16	11	8	11	236	184
11627	16	11	9	14	22	184
11628	16	11	10	15	172	184
11629	16	11	11	5	236	185
11630	16	11	12	17	207	185
11631	16	11	13	33	232	185
11632	16	11	14	1	200	186
11633	16	11	15	2	3	186
11634	16	11	16	3	163	186
11635	16	11	17	4	170	186
11636	16	11	18	18	255	186
11637	16	11	19	19	51	186
11638	16	11	20	20	244	186
11639	16	12	0	12	174	184
11640	16	12	1	13	89	184
11641	16	12	2	16	234	184
11642	16	12	3	6	204	185
11643	16	12	4	7	25	185
11644	16	12	5	8	77	185
11645	16	12	6	9	79	185
11646	16	12	7	10	258	185
11647	16	12	8	11	236	185
11648	16	12	9	14	22	185
11649	16	12	10	15	172	185
11650	16	12	11	5	236	186
11651	16	12	12	17	207	186
11652	16	12	13	21	190	186
11653	16	12	14	22	51	186
11654	16	12	15	23	124	186
11655	16	12	16	24	194	186
11656	16	12	17	25	8	186
11657	16	12	18	26	12	186
11658	16	12	19	27	170	186
11659	16	13	0	12	174	185
11660	16	13	1	13	89	185
11661	16	13	2	16	234	185
11662	16	13	3	6	204	186
11663	16	13	4	7	25	186
11664	16	13	5	8	77	186
11665	16	13	6	9	79	186
11666	16	13	7	10	258	186
11667	16	13	8	11	236	186
11668	16	13	9	14	22	186
11669	16	13	10	15	172	186
11670	16	13	11	28	230	186
11671	16	13	12	29	91	186
11672	16	13	13	30	38	186
11673	16	13	14	31	257	186
11674	16	13	15	32	184	186
11675	16	13	16	33	120	186
11676	16	13	17	34	1	186
11677	16	13	18	1	50	187
11678	16	13	19	2	176	187
11679	16	14	0	12	174	186
11680	16	14	1	13	89	186
11681	16	14	2	16	234	186
11682	16	14	3	3	67	187
11683	16	14	4	4	71	187
11684	16	14	5	5	144	187
11685	16	14	6	6	180	187
11686	16	14	7	7	118	187
11687	16	14	8	8	203	187
11688	16	14	9	9	53	187
11689	16	14	10	10	239	187
11690	16	14	11	11	15	187
11691	16	14	12	14	79	187
11692	16	14	13	15	63	187
11693	16	14	14	17	99	187
11694	16	14	15	18	69	187
11695	16	14	16	19	226	187
11696	16	14	17	20	208	187
11697	16	14	18	21	17	187
11698	16	15	0	12	174	187
11699	16	15	1	13	89	187
11700	16	15	2	16	234	187
11701	16	15	3	22	135	187
11702	16	15	4	23	14	187
11703	16	15	5	24	203	187
11704	16	15	6	25	118	187
11705	16	15	7	26	134	187
11706	16	15	8	27	25	187
11707	16	15	9	28	209	187
11708	16	15	10	29	155	187
11709	16	15	11	30	60	187
11710	16	15	12	31	106	187
11711	16	15	13	32	193	187
11712	16	15	14	33	10	187
11713	16	15	15	34	255	187
11714	16	15	16	1	176	188
11715	16	15	17	2	30	188
11716	16	15	18	3	144	188
11717	16	16	0	4	109	188
11718	16	16	1	5	95	188
11719	16	16	2	6	24	188
11720	16	16	3	7	200	188
11721	16	16	4	8	9	188
11722	16	16	5	9	46	188
11723	16	16	6	10	261	188
11724	16	16	7	11	33	188
11725	16	16	8	12	240	188
11726	16	16	9	13	120	188
11727	16	16	10	14	64	188
11728	16	16	11	15	138	188
11729	16	16	12	16	88	188
11730	16	16	13	17	201	188
11731	16	16	14	18	245	188
11732	16	16	15	19	143	188
11733	16	16	16	20	175	188
11734	16	16	17	21	22	188
11735	16	17	0	22	115	188
11736	16	17	1	23	103	188
11737	16	17	2	24	252	188
11738	16	17	3	25	145	188
11739	16	17	4	26	58	188
11740	16	17	5	27	229	188
11741	16	17	6	28	149	188
11742	16	17	7	29	251	188
11743	16	17	8	30	252	188
11744	16	17	9	31	132	188
11745	16	17	10	32	42	188
11746	16	17	11	33	127	188
11747	16	17	12	34	134	188
11748	16	17	13	35	255	188
11749	16	17	14	36	208	188
11750	16	17	15	37	198	188
11751	16	17	16	0	49	189
11752	16	17	17	1	141	189
11753	16	18	0	2	184	189
11754	16	18	1	3	230	189
11755	16	18	2	4	15	189
11756	16	18	3	5	30	189
11757	16	18	4	6	215	189
11758	16	18	5	7	73	189
11759	16	18	6	8	21	189
11760	16	18	7	9	117	189
11761	16	18	8	10	68	189
11762	16	18	9	11	43	189
11763	16	18	10	12	141	189
11764	16	18	11	13	137	189
11765	16	18	12	14	164	189
11766	16	18	13	15	241	189
11767	16	18	14	16	55	189
11768	16	18	15	17	146	189
11769	16	18	16	18	170	189
11770	16	19	0	19	172	189
11771	16	19	1	20	27	189
11772	16	19	2	21	136	189
11773	16	19	3	22	94	189
11774	16	19	4	23	69	189
11775	16	19	5	24	206	189
11776	16	19	6	25	87	189
11777	16	19	7	26	87	189
11778	16	19	8	27	189	189
11779	16	19	9	28	175	189
11780	16	19	10	29	216	189
11781	16	19	11	30	12	189
11782	16	19	12	31	99	189
11783	16	19	13	32	131	189
11784	16	19	14	33	217	189
11785	16	19	15	34	76	189
11786	16	19	16	35	213	189
11787	16	20	0	36	22	189
11788	16	20	1	37	216	189
11789	16	20	2	0	168	190
11790	16	20	3	1	52	190
11791	16	20	4	2	75	190
11792	16	20	5	3	6	190
11793	16	20	6	4	32	190
11794	16	20	7	5	39	190
11795	16	20	8	6	101	190
11796	16	20	9	7	82	190
11797	16	20	10	8	181	190
11798	16	20	11	9	66	190
11799	16	20	12	10	85	190
11800	16	20	13	11	27	190
11801	16	20	14	12	56	190
11802	16	20	15	13	49	190
11803	16	21	0	14	139	190
11804	16	21	1	15	7	190
11805	16	21	2	16	159	190
11806	16	21	3	17	147	190
11807	16	21	4	18	57	190
11808	16	21	5	19	66	190
11809	16	21	6	20	91	190
11810	16	21	7	21	173	190
11811	16	21	8	22	28	190
11812	16	21	9	23	60	190
11813	16	21	10	24	244	190
11814	16	21	11	25	24	190
11815	16	21	12	26	171	190
11816	16	21	13	27	174	190
11817	16	21	14	28	186	190
11818	16	21	15	29	11	190
11819	16	22	0	30	155	190
11820	16	22	1	31	50	190
11821	16	22	2	32	20	190
11822	16	22	3	33	146	190
11823	16	22	4	34	90	190
11824	16	22	5	35	109	190
11825	16	22	6	36	251	190
11826	16	22	7	37	166	190
11827	16	22	8	38	27	190
11828	16	22	9	0	188	191
11829	16	22	10	1	36	191
11830	16	22	11	2	170	191
11831	16	22	12	3	222	191
11832	16	22	13	4	133	191
11833	16	22	14	5	40	191
11834	16	23	0	6	240	191
11835	16	23	1	7	234	191
11836	16	23	2	8	256	191
11837	16	23	3	9	149	191
11838	16	23	4	10	240	191
11839	16	23	5	12	233	191
11840	16	23	6	11	61	191
11841	16	23	7	13	137	191
11842	16	23	8	14	205	191
11843	16	23	9	15	85	191
11844	16	23	10	16	5	191
11845	16	23	11	17	97	191
11846	16	23	12	18	19	191
11847	16	23	13	19	186	191
11848	16	23	14	20	165	191
11849	16	24	0	21	12	191
11850	16	24	1	22	108	191
11851	16	24	2	23	213	191
11852	16	24	3	24	85	191
11853	16	24	4	25	240	191
11854	16	24	5	26	157	191
11855	16	24	6	27	226	191
11856	16	24	7	28	236	191
11857	16	24	8	29	42	191
11858	16	24	9	30	162	191
11859	16	24	10	31	206	191
11860	16	24	11	32	130	191
11861	16	24	12	33	49	191
11862	16	24	13	34	148	191
11863	16	25	0	35	124	191
11864	16	25	1	36	233	191
11865	16	25	2	37	141	191
11866	16	25	3	38	256	191
11867	16	25	4	39	163	191
11868	16	25	5	40	145	191
11869	16	25	6	0	150	192
11870	16	25	7	1	46	192
11871	16	25	8	2	38	192
11872	16	25	9	3	170	192
11873	16	25	10	4	154	192
11874	16	25	11	5	232	192
11875	16	25	12	6	53	192
11876	16	25	13	7	48	192
11877	16	26	0	8	18	192
11878	16	26	1	9	75	192
11879	16	26	2	10	187	192
11880	16	26	3	11	97	192
11881	16	26	4	12	109	192
11882	16	26	5	13	177	192
11883	16	26	6	14	216	192
11884	16	26	7	15	198	192
11885	16	26	8	16	111	192
11886	16	26	9	17	99	192
11887	16	26	10	18	16	192
11888	16	26	11	19	203	192
11889	16	26	12	20	125	192
11890	16	27	0	21	206	192
11891	16	27	1	22	150	192
11892	16	27	2	23	210	192
11893	16	27	3	24	109	192
11894	16	27	4	25	4	192
11895	16	27	5	26	218	192
11896	16	27	6	27	202	192
11897	16	27	7	28	15	192
11898	16	27	8	29	46	192
11899	16	27	9	30	166	192
11900	16	27	10	31	66	192
11901	16	27	11	32	76	192
11902	16	27	12	33	34	192
11903	16	28	0	34	83	192
11904	16	28	1	35	188	192
11905	16	28	2	36	250	192
11906	16	28	3	37	105	192
11907	16	28	4	38	23	192
11908	16	28	5	39	208	192
11909	16	28	6	40	1	192
11910	16	28	7	41	146	192
11911	16	28	8	0	88	193
11912	16	28	9	1	67	193
11913	16	28	10	2	125	193
11914	16	28	11	3	108	193
11915	16	29	0	4	173	193
11916	16	29	1	5	260	193
11917	16	29	2	6	116	193
11918	16	29	3	7	226	193
11919	16	29	4	8	66	193
11920	16	29	5	9	5	193
11921	16	29	6	10	85	193
11922	16	29	7	11	8	193
11923	16	29	8	12	229	193
11924	16	29	9	13	98	193
11925	16	29	10	14	200	193
11926	16	29	11	15	16	193
11927	16	30	0	16	166	193
11928	16	30	1	17	130	193
11929	16	30	2	18	4	193
11930	16	30	3	19	87	193
11931	16	30	4	20	41	193
11932	16	30	5	21	150	193
11933	16	30	6	22	150	193
11934	16	30	7	23	3	193
11935	16	30	8	24	229	193
11936	16	30	9	25	194	193
11937	16	30	10	26	219	193
11938	16	31	0	27	45	193
11939	16	31	1	28	189	193
11940	16	31	2	29	128	193
11941	16	31	3	30	90	193
11942	16	31	4	31	6	193
11943	16	31	5	32	129	193
11944	16	31	6	33	16	193
11945	16	31	7	34	94	193
11946	16	31	8	35	93	193
11947	16	31	9	36	124	193
11948	16	31	10	37	174	193
11949	16	32	0	38	67	193
11950	16	32	1	39	190	193
11951	16	32	2	40	193	193
11952	16	32	3	41	180	193
11953	16	32	4	0	80	194
11954	16	32	5	1	256	194
11955	16	32	6	2	4	194
11956	16	32	7	3	15	194
11957	16	32	8	4	55	194
11958	16	32	9	5	98	194
11959	16	33	0	6	24	194
11960	16	33	1	7	217	194
11961	16	33	2	8	32	194
11962	16	33	3	9	236	194
11963	16	33	4	10	120	194
11964	16	33	5	11	69	194
11965	16	33	6	12	154	194
11966	16	33	7	13	74	194
11967	16	33	8	14	27	194
11968	16	33	9	15	141	194
11969	16	34	0	16	156	194
11970	16	34	1	17	231	194
11971	16	34	2	18	253	194
11972	16	34	3	19	196	194
11973	16	34	4	20	147	194
11974	16	34	5	21	243	194
11975	16	34	6	22	249	194
11976	16	34	7	23	87	194
11977	16	34	8	24	77	194
11978	16	35	0	25	240	194
11979	16	35	1	26	103	194
11980	16	35	2	27	1	194
11981	16	35	3	28	40	194
11982	16	35	4	29	157	194
11983	16	35	5	30	262	194
11984	16	35	6	31	245	194
11985	16	35	7	32	184	194
11986	16	35	8	33	211	194
11987	16	36	0	34	125	194
11988	16	36	1	35	22	194
11989	16	36	2	36	181	194
11990	16	36	3	37	67	194
11991	16	36	4	38	194	194
11992	16	36	5	39	24	194
11993	16	36	6	40	107	194
11994	16	36	7	41	63	194
11995	16	37	0	42	172	194
11996	16	37	1	43	84	194
11997	16	37	2	0	100	195
11998	16	37	3	1	185	195
11999	16	37	4	2	167	195
12000	16	37	5	3	115	195
12001	16	37	6	4	41	195
12002	16	37	7	5	59	195
12003	16	38	0	6	208	195
12004	16	38	1	7	4	195
12005	16	38	2	8	258	195
12006	16	38	3	9	121	195
12007	16	38	4	10	201	195
12008	16	38	5	11	132	195
12009	16	38	6	12	188	195
12010	16	39	0	13	217	195
12011	16	39	1	14	49	195
12012	16	39	2	15	54	195
12013	16	39	3	16	116	195
12014	16	39	4	17	151	195
12015	16	39	5	18	205	195
12016	16	39	6	19	186	195
12017	16	40	0	20	154	195
12018	16	40	1	21	242	195
12019	16	40	2	22	83	195
12020	16	40	3	23	117	195
12021	16	40	4	24	237	195
12022	16	40	5	25	11	195
12023	16	41	0	0	229	196
12024	16	41	1	26	251	195
12025	16	41	2	27	191	195
12026	16	41	3	28	244	195
12027	16	41	4	29	141	195
12028	16	41	5	30	213	195
12029	16	42	0	0	229	197
12030	16	42	1	31	137	195
12031	16	42	2	32	110	195
12032	16	42	3	33	98	195
12033	16	42	4	34	97	195
12034	16	43	0	0	229	198
12035	16	43	1	1	152	196
12036	16	43	2	35	219	195
12037	16	43	3	36	105	195
12038	16	43	4	37	237	195
12039	16	44	0	0	229	199
12040	16	44	1	1	152	197
12041	16	44	2	38	76	195
12042	16	44	3	2	119	196
12043	16	45	0	0	229	200
12044	16	45	1	1	152	198
12045	16	45	2	3	91	196
12046	16	45	3	45	92	196
12047	16	46	0	0	229	201
12048	16	46	1	1	152	199
12049	16	46	2	2	94	197
12050	16	47	0	0	229	202
12051	16	47	1	1	152	200
12052	16	47	2	2	94	198
12053	16	48	0	0	229	203
12054	16	48	1	1	152	201
12055	16	49	0	0	229	204
12056	16	49	1	1	152	202
12057	16	50	0	0	229	205
12058	16	51	0	0	229	206
12059	17	0	0	39	46	195
12060	17	0	1	40	62	195
12061	17	0	2	41	42	195
12062	17	0	3	42	127	195
12063	17	0	4	43	101	195
12064	17	0	5	44	234	195
12065	17	0	6	4	211	196
12066	17	0	7	5	198	196
12067	17	0	8	6	253	196
12068	17	0	9	7	231	196
12069	17	0	10	8	142	196
12070	17	0	11	9	249	196
12071	17	0	12	10	9	196
12072	17	0	13	11	224	196
12073	17	0	14	12	256	196
12074	17	0	15	13	155	196
12075	17	0	16	14	3	196
12076	17	0	17	15	218	196
12077	17	0	18	16	116	196
12078	17	0	19	3	60	197
12079	17	0	20	46	29	197
12080	17	0	21	47	117	198
12081	17	0	22	48	168	199
12082	17	0	23	49	56	199
12083	17	0	24	50	235	200
12084	17	0	25	51	235	202
12085	17	0	26	52	28	203
12086	17	0	27	53	90	203
12087	17	0	28	54	218	204
12088	17	0	29	55	45	205
12089	17	0	30	57	21	206
12090	17	0	31	56	159	207
12091	17	0	32	58	232	207
12092	17	0	33	59	232	209
12093	17	0	34	61	63	210
12094	17	0	35	60	141	211
12095	17	0	36	62	185	211
12096	17	0	37	63	185	213
12097	17	0	38	64	224	213
12098	17	0	39	65	13	214
12099	17	0	40	66	194	215
12100	17	0	41	67	69	216
12101	17	0	42	68	97	217
12102	17	0	43	69	143	218
12103	17	0	44	70	120	219
12104	17	0	45	71	15	219
12105	17	0	46	72	15	221
12106	17	0	47	73	5	221
12107	17	0	48	74	5	223
12108	17	0	49	75	165	223
12109	17	0	50	76	98	224
12110	17	0	51	77	55	225
12111	17	0	52	78	104	226
12112	17	1	0	17	152	196
12113	17	1	1	18	24	196
12114	17	1	2	19	88	196
12115	17	1	3	20	132	196
12116	17	1	4	21	89	196
12117	17	1	5	22	74	196
12118	17	1	6	23	251	196
12119	17	1	7	24	65	196
12120	17	1	8	25	225	196
12121	17	1	9	26	24	196
12122	17	1	10	27	33	196
12123	17	1	11	28	21	196
12124	17	1	12	29	170	196
12125	17	1	13	30	199	196
12126	17	1	14	31	73	196
12127	17	1	15	32	143	196
12128	17	1	16	33	143	196
12129	17	1	17	43	85	196
12130	17	1	18	44	87	196
12131	17	1	19	45	234	197
12132	17	1	20	46	29	198
12133	17	1	21	47	117	199
12134	17	1	22	48	168	200
12135	17	1	23	49	56	200
12136	17	1	24	50	235	201
12137	17	1	25	51	235	203
12138	17	1	26	52	28	204
12139	17	1	27	53	90	204
12140	17	1	28	54	218	205
12141	17	1	29	55	45	206
12142	17	1	30	57	21	207
12143	17	1	31	56	159	208
12144	17	1	32	58	232	208
12145	17	1	33	59	232	210
12146	17	1	34	61	63	211
12147	17	1	35	60	141	212
12148	17	1	36	62	185	212
12149	17	1	37	63	185	214
12150	17	1	38	64	224	214
12151	17	1	39	65	13	215
12152	17	1	40	66	194	216
12153	17	1	41	67	69	217
12154	17	1	42	68	97	218
12155	17	1	43	69	143	219
12156	17	1	44	70	120	220
12157	17	1	45	71	15	220
12158	17	1	46	72	15	222
12159	17	1	47	73	5	222
12160	17	1	48	74	5	224
12161	17	1	49	75	165	224
12162	17	1	50	76	98	225
12163	17	1	51	77	55	226
12164	17	2	0	34	262	196
12165	17	2	1	35	207	196
12166	17	2	2	36	105	196
12167	17	2	3	37	161	196
12168	17	2	4	38	8	196
12169	17	2	5	39	199	196
12170	17	2	6	40	136	196
12171	17	2	7	41	112	196
12172	17	2	8	42	109	196
12173	17	2	9	4	217	197
12174	17	2	10	5	166	197
12175	17	2	11	6	204	197
12176	17	2	12	7	169	197
12177	17	2	13	8	41	197
12178	17	2	14	9	167	197
12179	17	2	15	10	123	197
12180	17	2	16	11	232	197
12181	17	2	17	12	165	197
12182	17	2	18	43	178	197
12183	17	2	19	44	176	197
12184	17	2	20	45	29	198
12185	17	2	21	46	234	199
12186	17	2	22	47	146	200
12187	17	2	23	48	95	201
12188	17	2	24	49	207	201
12189	17	2	25	50	28	202
12190	17	2	26	51	28	204
12191	17	2	27	52	235	205
12192	17	2	28	53	173	205
12193	17	2	29	54	45	206
12194	17	2	30	55	218	207
12195	17	2	31	57	10	208
12196	17	2	32	56	255	209
12197	17	2	33	58	31	209
12198	17	2	34	59	31	211
12199	17	2	35	61	249	212
12200	17	2	36	60	23	213
12201	17	2	37	62	78	213
12202	17	2	38	63	78	215
12203	17	2	39	64	39	215
12204	17	2	40	65	250	216
12205	17	2	41	66	69	217
12206	17	2	42	67	194	218
12207	17	2	43	68	166	219
12208	17	2	44	69	120	220
12209	17	2	45	70	143	221
12210	17	2	46	71	248	221
12211	17	2	47	72	248	223
12212	17	2	48	73	258	223
12213	17	2	49	74	258	225
12214	17	2	50	75	98	225
12215	17	3	0	13	127	197
12216	17	3	1	14	176	197
12217	17	3	2	15	26	197
12218	17	3	3	16	188	197
12219	17	3	4	17	235	197
12220	17	3	5	18	170	197
12221	17	3	6	19	260	197
12222	17	3	7	20	141	197
12223	17	3	8	21	244	197
12224	17	3	9	22	102	197
12225	17	3	10	23	58	197
12226	17	3	11	24	235	197
12227	17	3	12	25	168	197
12228	17	3	13	26	113	197
12229	17	3	14	27	119	197
12230	17	3	15	28	59	197
12231	17	3	16	29	9	197
12232	17	3	17	42	170	197
12233	17	3	18	3	241	198
12234	17	3	19	44	176	198
12235	17	3	20	45	29	199
12236	17	3	21	46	234	200
12237	17	3	22	47	146	201
12238	17	3	23	48	95	202
12239	17	3	24	49	207	202
12240	17	3	25	50	28	203
12241	17	3	26	51	28	205
12242	17	3	27	52	235	206
12243	17	3	28	53	173	206
12244	17	3	29	54	45	207
12245	17	3	30	55	218	208
12246	17	3	31	57	10	209
12247	17	3	32	56	255	210
12248	17	3	33	58	31	210
12249	17	3	34	59	31	212
12250	17	3	35	61	249	213
12251	17	3	36	60	23	214
12252	17	3	37	62	78	214
12253	17	3	38	63	78	216
12254	17	3	39	64	39	216
12255	17	3	40	65	250	217
12256	17	3	41	66	69	218
12257	17	3	42	67	194	219
12258	17	3	43	68	166	220
12259	17	3	44	69	120	221
12260	17	3	45	70	143	222
12261	17	3	46	71	248	222
12262	17	3	47	72	248	224
12263	17	3	48	73	258	224
12264	17	3	49	74	258	226
12265	17	4	0	30	148	197
12266	17	4	1	31	175	197
12267	17	4	2	32	12	197
12268	17	4	3	33	195	197
12269	17	4	4	34	128	197
12270	17	4	5	35	103	197
12271	17	4	6	36	230	197
12272	17	4	7	37	30	197
12273	17	4	8	38	125	197
12274	17	4	9	39	240	197
12275	17	4	10	40	205	197
12276	17	4	11	41	31	197
12277	17	4	12	4	159	198
12278	17	4	13	5	174	198
12279	17	4	14	6	120	198
12280	17	4	15	7	216	198
12281	17	4	16	8	187	198
12282	17	4	17	9	122	198
12283	17	4	18	42	93	198
12284	17	4	19	43	178	198
12285	17	4	20	44	87	199
12286	17	4	21	45	234	200
12287	17	4	22	46	29	201
12288	17	4	23	47	117	202
12289	17	4	24	48	168	203
12290	17	4	25	49	56	203
12291	17	4	26	50	235	204
12292	17	4	27	51	235	206
12293	17	4	28	52	28	207
12294	17	4	29	53	90	207
12295	17	4	30	54	218	208
12296	17	4	31	55	45	209
12297	17	4	32	57	222	210
12298	17	4	33	56	111	211
12299	17	4	34	58	232	211
12300	17	4	35	59	232	213
12301	17	4	36	61	228	214
12302	17	4	37	60	167	215
12303	17	4	38	62	185	215
12304	17	4	39	63	185	217
12305	17	4	40	64	224	217
12306	17	4	41	65	13	218
12307	17	4	42	66	194	219
12308	17	4	43	67	69	220
12309	17	4	44	68	97	221
12310	17	4	45	69	143	222
12311	17	4	46	70	120	223
12312	17	4	47	71	15	223
12313	17	4	48	72	15	225
12314	17	5	0	10	91	198
12315	17	5	1	11	261	198
12316	17	5	2	12	33	198
12317	17	5	3	13	9	198
12318	17	5	4	14	113	198
12319	17	5	5	15	71	198
12320	17	5	6	16	155	198
12321	17	5	7	17	101	198
12322	17	5	8	18	259	198
12323	17	5	9	19	151	198
12324	17	5	10	20	11	198
12325	17	5	11	21	121	198
12326	17	5	12	22	218	198
12327	17	5	13	23	225	198
12328	17	5	14	24	130	198
12329	17	5	15	25	99	198
12330	17	5	16	26	67	198
12331	17	5	17	41	247	198
12332	17	5	18	42	93	199
12333	17	5	19	43	178	199
12334	17	5	20	44	87	200
12335	17	5	21	45	234	201
12336	17	5	22	46	29	202
12337	17	5	23	47	117	203
12338	17	5	24	48	168	204
12339	17	5	25	49	56	204
12340	17	5	26	50	235	205
12341	17	5	27	51	235	207
12342	17	5	28	52	28	208
12343	17	5	29	53	90	208
12344	17	5	30	54	218	209
12345	17	5	31	55	45	210
12346	17	5	32	57	222	211
12347	17	5	33	56	111	212
12348	17	5	34	58	232	212
12349	17	5	35	59	232	214
12350	17	5	36	61	228	215
12351	17	5	37	60	167	216
12352	17	5	38	62	185	216
12353	17	5	39	63	185	218
12354	17	5	40	64	224	218
12355	17	5	41	65	13	219
12356	17	5	42	66	194	220
12357	17	5	43	67	69	221
12358	17	5	44	68	97	222
12359	17	5	45	69	143	223
12360	17	5	46	70	120	224
12361	17	5	47	71	15	224
12362	17	6	0	27	72	198
12363	17	6	1	28	223	198
12364	17	6	2	29	223	198
12365	17	6	3	30	102	198
12366	17	6	4	31	196	198
12367	17	6	5	32	15	198
12368	17	6	6	33	2	198
12369	17	6	7	34	170	198
12370	17	6	8	35	129	198
12371	17	6	9	36	17	198
12372	17	6	10	37	94	198
12373	17	6	11	38	229	198
12374	17	6	12	39	73	198
12375	17	6	13	40	245	198
12376	17	6	14	2	101	199
12377	17	6	15	3	142	199
12378	17	6	16	4	153	199
12379	17	6	17	5	66	199
12380	17	6	18	6	21	199
12381	17	6	19	42	170	200
12382	17	6	20	43	85	200
12383	17	6	21	44	176	201
12384	17	6	22	45	29	202
12385	17	6	23	46	234	203
12386	17	6	24	47	146	204
12387	17	6	25	48	95	205
12388	17	6	26	49	207	205
12389	17	6	27	50	28	206
12390	17	6	28	51	28	208
12391	17	6	29	52	235	209
12392	17	6	30	53	173	209
12393	17	6	31	54	45	210
12394	17	6	32	55	218	211
12395	17	6	33	57	72	212
12396	17	6	34	56	145	213
12397	17	6	35	58	31	213
12398	17	6	36	59	31	215
12399	17	6	37	61	84	216
12400	17	6	38	60	40	217
12401	17	6	39	62	78	217
12402	17	6	40	63	78	219
12403	17	6	41	64	39	219
12404	17	6	42	65	250	220
12405	17	6	43	66	69	221
12406	17	6	44	67	194	222
12407	17	6	45	68	166	223
12408	17	6	46	69	120	224
12409	17	7	0	7	11	199
12410	17	7	1	8	181	199
12411	17	7	2	9	91	199
12412	17	7	3	10	123	199
12413	17	7	4	11	180	199
12414	17	7	5	12	95	199
12415	17	7	6	13	188	199
12416	17	7	7	14	25	199
12417	17	7	8	15	250	199
12418	17	7	9	16	198	199
12419	17	7	10	17	13	199
12420	17	7	11	18	87	199
12421	17	7	12	19	180	199
12422	17	7	13	20	146	199
12423	17	7	14	21	31	199
12424	17	7	15	22	186	199
12425	17	7	16	23	227	199
12426	17	7	17	40	247	199
12427	17	7	18	41	170	199
12428	17	7	19	42	170	201
12429	17	7	20	43	85	201
12430	17	7	21	44	176	202
12431	17	7	22	45	29	203
12432	17	7	23	46	234	204
12433	17	7	24	47	146	205
12434	17	7	25	48	95	206
12435	17	7	26	49	207	206
12436	17	7	27	50	28	207
12437	17	7	28	51	28	209
12438	17	7	29	52	235	210
12439	17	7	30	53	173	210
12440	17	7	31	54	45	211
12441	17	7	32	55	218	212
12442	17	7	33	57	72	213
12443	17	7	34	56	145	214
12444	17	7	35	58	31	214
12445	17	7	36	59	31	216
12446	17	7	37	61	84	217
12447	17	7	38	60	40	218
12448	17	7	39	62	78	218
12449	17	7	40	63	78	220
12450	17	7	41	64	39	220
12451	17	7	42	65	250	221
12452	17	7	43	66	69	222
12453	17	7	44	67	194	223
12454	17	7	45	68	166	224
12455	17	8	0	24	112	199
12456	17	8	1	25	196	199
12457	17	8	2	26	151	199
12458	17	8	3	27	64	199
12459	17	8	4	28	49	199
12460	17	8	5	29	91	199
12461	17	8	6	30	205	199
12462	17	8	7	31	132	199
12463	17	8	8	32	23	199
12464	17	8	9	33	203	199
12465	17	8	10	34	126	199
12466	17	8	11	35	27	199
12467	17	8	12	36	36	199
12468	17	8	13	37	60	199
12469	17	8	14	38	230	199
12470	17	8	15	39	168	199
12471	17	8	16	2	16	200
12472	17	8	17	3	133	200
12473	17	8	18	4	96	200
12474	17	8	19	41	93	200
12475	17	8	20	42	93	202
12476	17	8	21	43	178	202
12477	17	8	22	44	87	203
12478	17	8	23	45	234	204
12479	17	8	24	46	29	205
12480	17	8	25	47	117	206
12481	17	8	26	48	168	207
12482	17	8	27	49	56	207
12483	17	8	28	50	235	208
12484	17	8	29	51	235	210
12485	17	8	30	52	28	211
12486	17	8	31	53	90	211
12487	17	8	32	54	218	212
12488	17	8	33	55	45	213
12489	17	8	34	57	160	214
12490	17	8	35	56	131	215
12491	17	8	36	58	232	215
12492	17	8	37	59	232	217
12493	17	8	38	61	130	218
12494	17	8	39	60	127	219
12495	17	8	40	62	185	219
12496	17	8	41	63	185	221
12497	17	8	42	64	224	221
12498	17	8	43	65	13	222
12499	17	8	44	66	194	223
12500	17	9	0	5	146	200
12501	17	9	1	6	240	200
12502	17	9	2	7	46	200
12503	17	9	3	8	140	200
12504	17	9	4	9	189	200
12505	17	9	5	10	238	200
12506	17	9	6	11	56	200
12507	17	9	7	12	52	200
12508	17	9	8	13	23	200
12509	17	9	9	14	194	200
12510	17	9	10	15	28	200
12511	17	9	11	16	218	200
12512	17	9	12	17	111	200
12513	17	9	13	18	83	200
12514	17	9	14	19	193	200
12515	17	9	15	20	44	200
12516	17	9	16	21	37	200
12517	17	9	17	39	231	200
12518	17	9	18	40	247	200
12519	17	9	19	41	93	201
12520	17	9	20	42	93	203
12521	17	9	21	43	178	203
12522	17	9	22	44	87	204
12523	17	9	23	45	234	205
12524	17	9	24	46	29	206
12525	17	9	25	47	117	207
12526	17	9	26	48	168	208
12527	17	9	27	49	56	208
12528	17	9	28	50	235	209
12529	17	9	29	51	235	211
12530	17	9	30	52	28	212
12531	17	9	31	53	90	212
12532	17	9	32	54	218	213
12533	17	9	33	55	45	214
12534	17	9	34	57	160	215
12535	17	9	35	56	131	216
12536	17	9	36	58	232	216
12537	17	9	37	59	232	218
12538	17	9	38	61	130	219
12539	17	9	39	60	127	220
12540	17	9	40	62	185	220
12541	17	9	41	63	185	222
12542	17	9	42	64	224	222
12543	17	9	43	65	13	223
12544	17	10	0	22	248	200
12545	17	10	1	23	139	200
12546	17	10	2	24	51	200
12547	17	10	3	25	9	200
12548	17	10	4	26	25	200
12549	17	10	5	27	22	200
12550	17	10	6	28	139	200
12551	17	10	7	29	138	200
12552	17	10	8	30	24	200
12553	17	10	9	31	17	200
12554	17	10	10	32	255	200
12555	17	10	11	33	100	200
12556	17	10	12	34	107	200
12557	17	10	13	35	97	200
12558	17	10	14	36	78	200
12559	17	10	15	37	163	200
12560	17	10	16	38	142	200
12561	17	10	17	2	18	201
12562	17	10	18	39	32	201
12563	17	10	19	40	16	201
12564	17	10	20	41	170	202
12565	17	10	21	42	170	204
12566	17	10	22	43	85	204
12567	17	10	23	44	176	205
12568	17	10	24	45	29	206
12569	17	10	25	46	234	207
12570	17	10	26	47	146	208
12571	17	10	27	48	95	209
12572	17	10	28	49	207	209
12573	17	10	29	50	28	210
12574	17	10	30	51	28	212
12575	17	10	31	52	235	213
12576	17	10	32	53	173	213
12577	17	10	33	54	45	214
12578	17	10	34	55	218	215
12579	17	10	35	57	134	216
12580	17	10	36	56	231	217
12581	17	10	37	58	31	217
12582	17	10	38	59	31	219
12583	17	10	39	61	182	220
12584	17	10	40	60	241	221
12585	17	10	41	62	78	221
12586	17	10	42	63	78	223
12587	17	11	0	3	56	201
12588	17	11	1	4	247	201
12589	17	11	2	5	32	201
12590	17	11	3	6	9	201
12591	17	11	4	7	18	201
12592	17	11	5	8	167	201
12593	17	11	6	9	6	201
12594	17	11	7	10	177	201
12595	17	11	8	11	29	201
12596	17	11	9	12	198	201
12597	17	11	10	13	128	201
12598	17	11	11	14	114	201
12599	17	11	12	15	18	201
12600	17	11	13	16	54	201
12601	17	11	14	17	154	201
12602	17	11	15	18	33	201
12603	17	11	16	38	142	201
12604	17	11	17	2	18	202
12605	17	11	18	39	32	202
12606	17	11	19	40	16	202
12607	17	11	20	41	170	203
12608	17	11	21	42	170	205
12609	17	11	22	43	85	205
12610	17	11	23	44	176	206
12611	17	11	24	45	29	207
12612	17	11	25	46	234	208
12613	17	11	26	47	146	209
12614	17	11	27	48	95	210
12615	17	11	28	49	207	210
12616	17	11	29	50	28	211
12617	17	11	30	51	28	213
12618	17	11	31	52	235	214
12619	17	11	32	53	173	214
12620	17	11	33	54	45	215
12621	17	11	34	55	218	216
12622	17	11	35	57	134	217
12623	17	11	36	56	231	218
12624	17	11	37	58	31	218
12625	17	11	38	59	31	220
12626	17	11	39	61	182	221
12627	17	11	40	60	241	222
12628	17	11	41	62	78	222
12629	17	12	0	19	105	201
12630	17	12	1	20	168	201
12631	17	12	2	21	253	201
12632	17	12	3	22	58	201
12633	17	12	4	23	75	201
12634	17	12	5	24	77	201
12635	17	12	6	25	253	201
12636	17	12	7	26	227	201
12637	17	12	8	27	133	201
12638	17	12	9	28	100	201
12639	17	12	10	29	253	201
12640	17	12	11	30	45	201
12641	17	12	12	31	214	201
12642	17	12	13	32	64	201
12643	17	12	14	33	135	201
12644	17	12	15	34	21	201
12645	17	12	16	37	61	201
12646	17	12	17	38	121	202
12647	17	12	18	1	210	203
12648	17	12	19	39	231	203
12649	17	12	20	40	247	203
12650	17	12	21	41	93	204
12651	17	12	22	42	93	206
12652	17	12	23	43	178	206
12653	17	12	24	44	87	207
12654	17	12	25	45	234	208
12655	17	12	26	46	29	209
12656	17	12	27	47	117	210
12657	17	12	28	48	168	211
12658	17	12	29	49	56	211
12659	17	12	30	50	235	212
12660	17	12	31	51	235	214
12661	17	12	32	52	28	215
12662	17	12	33	53	90	215
12663	17	12	34	54	218	216
12664	17	12	35	55	45	217
12665	17	12	36	57	98	218
12666	17	12	37	56	128	219
12667	17	12	38	58	232	219
12668	17	12	39	59	232	221
12669	17	12	40	61	32	222
12670	17	13	0	35	66	201
12671	17	13	1	36	67	201
12672	17	13	2	3	189	202
12673	17	13	3	4	74	202
12674	17	13	4	5	80	202
12675	17	13	5	6	171	202
12676	17	13	6	7	72	202
12677	17	13	7	8	70	202
12678	17	13	8	9	153	202
12679	17	13	9	10	222	202
12680	17	13	10	11	10	202
12681	17	13	11	12	164	202
12682	17	13	12	13	119	202
12683	17	13	13	14	166	202
12684	17	13	14	15	189	202
12685	17	13	15	16	205	202
12686	17	13	16	17	215	202
12687	17	13	17	2	207	203
12688	17	13	18	38	128	203
12689	17	13	19	39	231	204
12690	17	13	20	40	247	204
12691	17	13	21	41	93	205
12692	17	13	22	42	93	207
12693	17	13	23	43	178	207
12694	17	13	24	44	87	208
12695	17	13	25	45	234	209
12696	17	13	26	46	29	210
12697	17	13	27	47	117	211
12698	17	13	28	48	168	212
12699	17	13	29	49	56	212
12700	17	13	30	50	235	213
12701	17	13	31	51	235	215
12702	17	13	32	52	28	216
12703	17	13	33	53	90	216
12704	17	13	34	54	218	217
12705	17	13	35	55	45	218
12706	17	13	36	57	98	219
12707	17	13	37	56	128	220
12708	17	13	38	58	232	220
12709	17	13	39	59	232	222
12710	17	14	0	18	116	202
12711	17	14	1	19	249	202
12712	17	14	2	20	245	202
12713	17	14	3	21	134	202
12714	17	14	4	22	212	202
12715	17	14	5	23	249	202
12716	17	14	6	24	215	202
12717	17	14	7	25	233	202
12718	17	14	8	26	55	202
12719	17	14	9	27	244	202
12720	17	14	10	28	86	202
12721	17	14	11	29	133	202
12722	17	14	12	30	169	202
12723	17	14	13	31	227	202
12724	17	14	14	32	78	202
12725	17	14	15	35	252	202
12726	17	14	16	36	163	202
12727	17	14	17	37	142	202
12728	17	14	18	1	215	204
12729	17	14	19	38	135	204
12730	17	14	20	39	32	205
12731	17	14	21	40	16	205
12732	17	14	22	41	170	206
12733	17	14	23	42	170	208
12734	17	14	24	43	85	208
12735	17	14	25	44	176	209
12736	17	14	26	45	29	210
12737	17	14	27	46	234	211
12738	17	14	28	47	146	212
12739	17	14	29	48	95	213
12740	17	14	30	49	207	213
12741	17	14	31	50	28	214
12742	17	14	32	51	28	216
12743	17	14	33	52	235	217
12744	17	14	34	53	173	217
12745	17	14	35	54	45	218
12746	17	14	36	55	218	219
12747	17	14	37	57	196	220
12748	17	14	38	56	64	221
12749	17	15	0	33	115	202
12750	17	15	1	34	210	202
12751	17	15	2	3	170	203
12752	17	15	3	4	13	203
12753	17	15	4	5	118	203
12754	17	15	5	6	84	203
12755	17	15	6	7	177	203
12756	17	15	7	8	55	203
12757	17	15	8	9	166	203
12758	17	15	9	10	78	203
12759	17	15	10	11	157	203
12760	17	15	11	12	256	203
12761	17	15	12	13	208	203
12762	17	15	13	14	48	203
12763	17	15	14	15	22	203
12764	17	15	15	35	252	203
12765	17	15	16	36	163	203
12766	17	15	17	37	142	203
12767	17	15	18	1	215	205
12768	17	15	19	38	135	205
12769	17	15	20	39	32	206
12770	17	15	21	40	16	206
12771	17	15	22	41	170	207
12772	17	15	23	42	170	209
12773	17	15	24	43	85	209
12774	17	15	25	44	176	210
12775	17	15	26	45	29	211
12776	17	15	27	46	234	212
12777	17	15	28	47	146	213
12778	17	15	29	48	95	214
12779	17	15	30	49	207	214
12780	17	15	31	50	28	215
12781	17	15	32	51	28	217
12782	17	15	33	52	235	218
12783	17	15	34	53	173	218
12784	17	15	35	54	45	219
12785	17	15	36	55	218	220
12786	17	15	37	57	196	221
12787	17	16	0	16	257	203
12788	17	16	1	17	255	203
12789	17	16	2	18	171	203
12790	17	16	3	19	99	203
12791	17	16	4	20	234	203
12792	17	16	5	21	52	203
12793	17	16	6	22	197	203
12794	17	16	7	23	126	203
12795	17	16	8	24	33	203
12796	17	16	9	25	135	203
12797	17	16	10	26	183	203
12798	17	16	11	27	168	203
12799	17	16	12	28	262	203
12800	17	16	13	29	221	203
12801	17	16	14	30	104	203
12802	17	16	15	2	45	204
12803	17	16	16	35	11	204
12804	17	16	17	36	100	204
12805	17	16	18	37	121	204
12806	17	16	19	1	64	206
12807	17	16	20	38	128	206
12808	17	16	21	39	231	207
12809	17	16	22	40	247	207
12810	17	16	23	41	93	208
12811	17	16	24	42	93	210
12812	17	16	25	43	178	210
12813	17	16	26	44	87	211
12814	17	16	27	45	234	212
12815	17	16	28	46	29	213
12816	17	16	29	47	117	214
12817	17	16	30	48	168	215
12818	17	16	31	49	56	215
12819	17	16	32	50	235	216
12820	17	16	33	51	235	218
12821	17	16	34	52	28	219
12822	17	16	35	53	90	219
12823	17	16	36	54	218	220
12824	17	17	0	31	198	203
12825	17	17	1	32	121	203
12826	17	17	2	33	86	203
12827	17	17	3	34	7	203
12828	17	17	4	3	6	204
12829	17	17	5	4	172	204
12830	17	17	6	5	67	204
12831	17	17	7	6	50	204
12832	17	17	8	7	242	204
12833	17	17	9	8	50	204
12834	17	17	10	9	129	204
12835	17	17	11	10	67	204
12836	17	17	12	11	194	204
12837	17	17	13	12	56	204
12838	17	17	14	13	158	204
12839	17	17	15	14	87	204
12840	17	17	16	35	11	205
12841	17	17	17	36	100	205
12842	17	17	18	37	121	205
12843	17	17	19	0	236	207
12844	17	17	20	38	128	207
12845	17	17	21	39	231	208
12846	17	17	22	40	247	208
12847	17	17	23	41	93	209
12848	17	17	24	42	93	211
12849	17	17	25	43	178	211
12850	17	17	26	44	87	212
12851	17	17	27	45	234	213
12852	17	17	28	46	29	214
12853	17	17	29	47	117	215
12854	17	17	30	48	168	216
12855	17	17	31	49	56	216
12856	17	17	32	50	235	217
12857	17	17	33	51	235	219
12858	17	17	34	52	28	220
12859	17	17	35	53	90	220
12860	17	18	0	15	209	204
12861	17	18	1	16	51	204
12862	17	18	2	17	235	204
12863	17	18	3	18	157	204
12864	17	18	4	19	213	204
12865	17	18	5	20	204	204
12866	17	18	6	21	220	204
12867	17	18	7	22	82	204
12868	17	18	8	23	173	204
12869	17	18	9	24	9	204
12870	17	18	10	25	242	204
12871	17	18	11	26	110	204
12872	17	18	12	27	176	204
12873	17	18	13	28	226	204
12874	17	18	14	29	110	204
12875	17	18	15	34	230	204
12876	17	18	16	2	216	205
12877	17	18	17	35	252	206
12878	17	18	18	36	163	206
12879	17	18	19	37	142	206
12880	17	18	20	1	19	207
12881	17	18	21	38	135	208
12882	17	18	22	39	32	209
12883	17	18	23	40	16	209
12884	17	18	24	41	170	210
12885	17	18	25	42	170	212
12886	17	18	26	43	85	212
12887	17	18	27	44	176	213
12888	17	18	28	45	29	214
12889	17	18	29	46	234	215
12890	17	18	30	47	146	216
12891	17	18	31	48	95	217
12892	17	18	32	49	207	217
12893	17	18	33	50	28	218
12894	17	18	34	51	28	220
12895	17	19	0	30	17	204
12896	17	19	1	31	173	204
12897	17	19	2	32	259	204
12898	17	19	3	33	165	204
12899	17	19	4	3	92	205
12900	17	19	5	4	94	205
12901	17	19	6	5	25	205
12902	17	19	7	6	109	205
12903	17	19	8	7	106	205
12904	17	19	9	8	49	205
12905	17	19	10	9	137	205
12906	17	19	11	10	215	205
12907	17	19	12	12	126	205
12908	17	19	13	11	232	205
12909	17	19	14	13	255	205
12910	17	19	15	34	230	205
12911	17	19	16	2	216	206
12912	17	19	17	35	252	207
12913	17	19	18	36	163	207
12914	17	19	19	37	142	207
12915	17	19	20	0	45	208
12916	17	19	21	38	135	209
12917	17	19	22	39	32	210
12918	17	19	23	40	16	210
12919	17	19	24	41	170	211
12920	17	19	25	42	170	213
12921	17	19	26	43	85	213
12922	17	19	27	44	176	214
12923	17	19	28	45	29	215
12924	17	19	29	46	234	216
12925	17	19	30	47	146	217
12926	17	19	31	48	95	218
12927	17	19	32	49	207	218
12928	17	19	33	50	28	219
12929	17	20	0	14	129	205
12930	17	20	1	15	3	205
12931	17	20	2	16	258	205
12932	17	20	3	17	82	205
12933	17	20	4	18	112	205
12934	17	20	5	19	14	205
12935	17	20	6	20	218	205
12936	17	20	7	21	96	205
12937	17	20	8	22	7	205
12938	17	20	9	23	116	205
12939	17	20	10	24	125	205
12940	17	20	11	25	127	205
12941	17	20	12	26	156	205
12942	17	20	13	27	149	205
12943	17	20	14	32	65	205
12944	17	20	15	33	230	205
12945	17	20	16	34	33	206
12946	17	20	17	2	238	207
12947	17	20	18	35	11	208
12948	17	20	19	36	100	208
12949	17	20	20	37	121	208
12950	17	20	21	0	203	209
12951	17	20	22	38	128	210
12952	17	20	23	39	231	211
12953	17	20	24	40	247	211
12954	17	20	25	41	93	212
12955	17	20	26	42	93	214
12956	17	20	27	43	178	214
12957	17	20	28	44	87	215
12958	17	20	29	45	234	216
12959	17	20	30	46	29	217
12960	17	20	31	47	117	218
12961	17	20	32	48	168	219
12962	17	21	0	28	5	205
12963	17	21	1	29	230	205
12964	17	21	2	30	196	205
12965	17	21	3	31	103	205
12966	17	21	4	3	71	206
12967	17	21	5	4	132	206
12968	17	21	6	5	52	206
12969	17	21	7	6	174	206
12970	17	21	8	7	15	206
12971	17	21	9	8	15	206
12972	17	21	10	9	54	206
12973	17	21	11	10	184	206
12974	17	21	12	11	224	206
12975	17	21	13	12	165	206
12976	17	21	14	32	65	206
12977	17	21	15	33	230	206
12978	17	21	16	34	33	207
12979	17	21	17	1	140	208
12980	17	21	18	35	11	209
12981	17	21	19	36	100	209
12982	17	21	20	37	121	209
12983	17	21	21	0	203	210
12984	17	21	22	38	128	211
12985	17	21	23	39	231	212
12986	17	21	24	40	247	212
12987	17	21	25	41	93	213
12988	17	21	26	42	93	215
12989	17	21	27	43	178	215
12990	17	21	28	44	87	216
12991	17	21	29	45	234	217
12992	17	21	30	46	29	218
12993	17	21	31	47	117	219
12994	17	22	0	13	118	206
12995	17	22	1	14	253	206
12996	17	22	2	15	218	206
12997	17	22	3	16	170	206
12998	17	22	4	17	174	206
12999	17	22	5	18	220	206
13000	17	22	6	19	15	206
13001	17	22	7	20	114	206
13002	17	22	8	21	65	206
13003	17	22	9	22	220	206
13004	17	22	10	23	137	206
13005	17	22	11	24	256	206
13006	17	22	12	25	70	206
13007	17	22	13	27	7	206
13008	17	22	14	31	260	206
13009	17	22	15	32	198	207
13010	17	22	16	33	33	207
13011	17	22	17	2	85	208
13012	17	22	18	34	252	208
13013	17	22	19	35	252	210
13014	17	22	20	36	163	210
13015	17	22	21	37	142	210
13016	17	22	22	0	80	211
13017	17	22	23	38	135	212
13018	17	22	24	39	32	213
13019	17	22	25	40	16	213
13020	17	22	26	41	170	214
13021	17	22	27	42	170	216
13022	17	22	28	43	85	216
13023	17	22	29	44	176	217
13024	17	22	30	45	29	218
13025	17	23	0	26	15	206
13026	17	23	1	28	36	206
13027	17	23	2	29	73	206
13028	17	23	3	30	6	206
13029	17	23	4	3	122	207
13030	17	23	5	4	65	207
13031	17	23	6	5	29	207
13032	17	23	7	6	108	207
13033	17	23	8	7	257	207
13034	17	23	9	8	33	207
13035	17	23	10	9	156	207
13036	17	23	11	10	135	207
13037	17	23	12	11	51	207
13038	17	23	13	12	250	207
13039	17	23	14	31	260	207
13040	17	23	15	32	198	208
13041	17	23	16	33	33	208
13042	17	23	17	1	213	209
13043	17	23	18	34	252	209
13044	17	23	19	35	252	211
13045	17	23	20	36	163	211
13046	17	23	21	37	142	211
13047	17	23	22	0	80	212
13048	17	23	23	38	135	213
13049	17	23	24	39	32	214
13050	17	23	25	40	16	214
13051	17	23	26	41	170	215
13052	17	23	27	42	170	217
13053	17	23	28	43	85	217
13054	17	23	29	44	176	218
13055	17	24	0	13	232	207
13056	17	24	1	14	147	207
13057	17	24	2	15	168	207
13058	17	24	3	16	71	207
13059	17	24	4	17	179	207
13060	17	24	5	18	187	207
13061	17	24	6	19	28	207
13062	17	24	7	20	247	207
13063	17	24	8	21	62	207
13064	17	24	9	22	246	207
13065	17	24	10	23	56	207
13066	17	24	11	24	115	207
13067	17	24	12	25	119	207
13068	17	24	13	30	254	207
13069	17	24	14	3	57	208
13070	17	24	15	31	3	208
13071	17	24	16	32	65	209
13072	17	24	17	33	230	209
13073	17	24	18	1	242	210
13074	17	24	19	34	11	210
13075	17	24	20	35	11	212
13076	17	24	21	36	100	212
13077	17	24	22	37	121	212
13078	17	24	23	0	244	213
13079	17	24	24	38	128	214
13080	17	24	25	39	231	215
13081	17	24	26	40	247	215
13082	17	24	27	41	93	216
13083	17	24	28	42	93	218
13084	17	25	0	26	191	207
13085	17	25	1	27	86	207
13086	17	25	2	28	209	207
13087	17	25	3	29	243	207
13088	17	25	4	4	38	208
13089	17	25	5	5	23	208
13090	17	25	6	6	123	208
13091	17	25	7	7	128	208
13092	17	25	8	8	228	208
13093	17	25	9	9	144	208
13094	17	25	10	10	105	208
13095	17	25	11	11	18	208
13096	17	25	12	12	32	208
13097	17	25	13	30	254	208
13098	17	25	14	2	233	209
13099	17	25	15	31	3	209
13100	17	25	16	32	65	210
13101	17	25	17	33	230	210
13102	17	25	18	1	242	211
13103	17	25	19	34	11	211
13104	17	25	20	35	11	213
13105	17	25	21	36	100	213
13106	17	25	22	37	121	213
13107	17	25	23	0	244	214
13108	17	25	24	38	128	215
13109	17	25	25	39	231	216
13110	17	25	26	40	247	216
13111	17	25	27	41	93	217
13112	17	26	0	13	100	208
13113	17	26	1	14	84	208
13114	17	26	2	15	165	208
13115	17	26	3	16	203	208
13116	17	26	4	17	248	208
13117	17	26	5	18	54	208
13118	17	26	6	19	31	208
13119	17	26	7	20	212	208
13120	17	26	8	21	78	208
13121	17	26	9	22	200	208
13122	17	26	10	23	115	208
13123	17	26	11	24	228	208
13124	17	26	12	25	17	208
13125	17	26	13	28	247	208
13126	17	26	14	3	164	209
13127	17	26	15	30	3	209
13128	17	26	16	31	260	210
13129	17	26	17	32	198	211
13130	17	26	18	33	33	211
13131	17	26	19	1	28	212
13132	17	26	20	34	252	212
13133	17	26	21	35	252	214
13134	17	26	22	36	163	214
13135	17	26	23	37	142	214
13136	17	26	24	0	113	215
13137	17	26	25	38	135	216
13138	17	26	26	39	32	217
13139	17	27	0	26	230	208
13140	17	27	1	27	241	208
13141	17	27	2	29	199	208
13142	17	27	3	4	118	209
13143	17	27	4	5	139	209
13144	17	27	5	6	252	209
13145	17	27	6	7	43	209
13146	17	27	7	8	140	209
13147	17	27	8	9	194	209
13148	17	27	9	10	192	209
13149	17	27	10	11	226	209
13150	17	27	11	12	100	209
13151	17	27	12	13	126	209
13152	17	27	13	28	247	209
13153	17	27	14	2	114	210
13154	17	27	15	30	3	210
13155	17	27	16	31	260	211
13156	17	27	17	32	198	212
13157	17	27	18	33	33	212
13158	17	27	19	1	28	213
13159	17	27	20	34	252	213
13160	17	27	21	35	252	215
13161	17	27	22	36	163	215
13162	17	27	23	37	142	215
13163	17	27	24	0	113	216
13164	17	27	25	38	135	217
13165	17	28	0	14	192	209
13166	17	28	1	15	153	209
13167	17	28	2	16	164	209
13168	17	28	3	17	249	209
13169	17	28	4	18	159	209
13170	17	28	5	19	255	209
13171	17	28	6	20	226	209
13172	17	28	7	21	44	209
13173	17	28	8	22	165	209
13174	17	28	9	23	132	209
13175	17	28	10	24	245	209
13176	17	28	11	25	25	209
13177	17	28	12	27	47	209
13178	17	28	13	29	262	209
13179	17	28	14	28	160	210
13180	17	28	15	2	111	211
13181	17	28	16	30	260	211
13182	17	28	17	31	3	212
13183	17	28	18	32	65	213
13184	17	28	19	33	230	213
13185	17	28	20	1	138	214
13186	17	28	21	34	11	214
13187	17	28	22	35	11	216
13188	17	28	23	36	100	216
13189	17	28	24	37	121	216
13190	17	29	0	26	224	209
13191	17	29	1	3	193	210
13192	17	29	2	4	236	210
13193	17	29	3	5	234	210
13194	17	29	4	6	210	210
13195	17	29	5	7	168	210
13196	17	29	6	8	123	210
13197	17	29	7	9	198	210
13198	17	29	8	10	129	210
13199	17	29	9	11	247	210
13200	17	29	10	12	128	210
13201	17	29	11	13	130	210
13202	17	29	12	27	47	210
13203	17	29	13	29	262	210
13204	17	29	14	28	160	211
13205	17	29	15	2	111	212
13206	17	29	16	30	260	212
13207	17	29	17	31	3	213
13208	17	29	18	32	65	214
13209	17	29	19	33	230	214
13210	17	29	20	1	138	215
13211	17	29	21	34	11	215
13212	17	29	22	0	113	217
13213	17	29	23	35	128	217
13214	17	30	0	14	28	210
13215	17	30	1	15	226	210
13216	17	30	2	16	218	210
13217	17	30	3	17	86	210
13218	17	30	4	18	95	210
13219	17	30	5	19	148	210
13220	17	30	6	20	87	210
13221	17	30	7	21	132	210
13222	17	30	8	22	163	210
13223	17	30	9	23	40	210
13224	17	30	10	24	92	210
13225	17	30	11	25	80	210
13226	17	30	12	26	129	210
13227	17	30	13	27	216	211
13228	17	30	14	29	255	211
13229	17	30	15	28	20	212
13230	17	30	16	2	115	213
13231	17	30	17	30	3	213
13232	17	30	18	31	260	214
13233	17	30	19	32	198	215
13234	17	30	20	33	33	215
13235	17	30	21	1	79	216
13236	17	30	22	34	252	216
13237	17	31	0	3	27	211
13238	17	31	1	4	7	211
13239	17	31	2	5	136	211
13240	17	31	3	6	207	211
13241	17	31	4	7	141	211
13242	17	31	5	8	125	211
13243	17	31	6	9	64	211
13244	17	31	7	10	262	211
13245	17	31	8	11	88	211
13246	17	31	9	12	47	211
13247	17	31	10	13	83	211
13248	17	31	11	14	33	211
13249	17	31	12	15	126	211
13250	17	31	13	27	216	212
13251	17	31	14	29	255	212
13252	17	31	15	28	20	213
13253	17	31	16	2	115	214
13254	17	31	17	30	3	214
13255	17	31	18	31	260	215
13256	17	31	19	32	198	216
13257	17	31	20	33	33	216
13258	17	31	21	1	79	217
13259	17	32	0	16	212	211
13260	17	32	1	17	59	211
13261	17	32	2	18	67	211
13262	17	32	3	19	115	211
13263	17	32	4	20	222	211
13264	17	32	5	21	213	211
13265	17	32	6	22	209	211
13266	17	32	7	23	174	211
13267	17	32	8	24	98	211
13268	17	32	9	25	131	211
13269	17	32	10	26	217	211
13270	17	32	11	3	55	212
13271	17	32	12	4	23	212
13272	17	32	13	5	156	212
13273	17	32	14	27	47	213
13274	17	32	15	29	17	213
13275	17	32	16	28	37	214
13276	17	32	17	2	22	215
13277	17	32	18	30	260	215
13278	17	32	19	31	3	216
13279	17	32	20	32	65	217
13280	17	33	0	6	213	212
13281	17	33	1	7	153	212
13282	17	33	2	8	174	212
13283	17	33	3	9	164	212
13284	17	33	4	10	86	212
13285	17	33	5	11	97	212
13286	17	33	6	12	144	212
13287	17	33	7	13	40	212
13288	17	33	8	14	17	212
13289	17	33	9	15	10	212
13290	17	33	10	24	228	212
13291	17	33	11	25	76	212
13292	17	33	12	26	141	212
13293	17	33	13	3	158	213
13294	17	33	14	27	47	214
13295	17	33	15	29	17	214
13296	17	33	16	28	37	215
13297	17	33	17	2	22	216
13298	17	33	18	30	260	216
13299	17	33	19	31	3	217
13300	17	34	0	16	57	212
13301	17	34	1	17	136	212
13302	17	34	2	18	53	212
13303	17	34	3	19	82	212
13304	17	34	4	20	137	212
13305	17	34	5	21	236	212
13306	17	34	6	22	144	212
13307	17	34	7	23	114	212
13308	17	34	8	4	82	213
13309	17	34	9	5	23	213
13310	17	34	10	6	6	213
13311	17	34	11	24	35	213
13312	17	34	12	25	187	213
13313	17	34	13	26	122	213
13314	17	34	14	3	140	214
13315	17	34	15	27	216	215
13316	17	34	16	29	237	215
13317	17	34	17	28	168	216
13318	17	34	18	2	146	217
13319	17	35	0	7	162	213
13320	17	35	1	8	102	213
13321	17	35	2	9	207	213
13322	17	35	3	10	143	213
13323	17	35	4	11	113	213
13324	17	35	5	12	101	213
13325	17	35	6	13	170	213
13326	17	35	7	14	29	213
13327	17	35	8	15	116	213
13328	17	35	9	16	87	213
13329	17	35	10	23	123	213
13330	17	35	11	24	35	214
13331	17	35	12	25	187	214
13332	17	35	13	26	122	214
13333	17	35	14	3	140	215
13334	17	35	15	27	216	216
13335	17	35	16	29	237	216
13336	17	35	17	28	168	217
13337	17	36	0	17	181	213
13338	17	36	1	18	169	213
13339	17	36	2	19	29	213
13340	17	36	3	20	173	213
13341	17	36	4	21	109	213
13342	17	36	5	22	151	213
13343	17	36	6	4	97	214
13344	17	36	7	5	213	214
13345	17	36	8	6	214	214
13346	17	36	9	7	188	214
13347	17	36	10	8	74	214
13348	17	36	11	23	140	214
13349	17	36	12	24	228	215
13350	17	36	13	25	76	215
13351	17	36	14	26	141	215
13352	17	36	15	3	164	216
13353	17	36	16	27	47	217
13354	17	37	0	9	178	214
13355	17	37	1	10	227	214
13356	17	37	2	11	167	214
13357	17	37	3	12	21	214
13358	17	37	4	13	153	214
13359	17	37	5	14	257	214
13360	17	37	6	15	150	214
13361	17	37	7	16	14	214
13362	17	37	8	17	2	214
13363	17	37	9	18	71	214
13364	17	37	10	21	64	214
13365	17	37	11	23	140	215
13366	17	37	12	24	228	216
13367	17	37	13	25	76	216
13368	17	37	14	26	141	216
13369	17	37	15	3	164	217
13370	17	38	0	19	58	214
13371	17	38	1	20	111	214
13372	17	38	2	22	192	214
13373	17	38	3	4	32	215
13374	17	38	4	5	80	215
13375	17	38	5	6	126	215
13376	17	38	6	7	118	215
13377	17	38	7	8	257	215
13378	17	38	8	9	161	215
13379	17	38	9	10	184	215
13380	17	38	10	11	218	215
13381	17	38	11	21	69	215
13382	17	38	12	23	123	216
13383	17	38	13	24	35	217
13384	17	38	14	25	187	217
13385	17	39	0	12	182	215
13386	17	39	1	13	76	215
13387	17	39	2	14	162	215
13388	17	39	3	15	173	215
13389	17	39	4	16	175	215
13390	17	39	5	17	136	215
13391	17	39	6	18	108	215
13392	17	39	7	19	66	215
13393	17	39	8	20	177	215
13394	17	39	9	22	244	215
13395	17	39	10	4	237	216
13396	17	39	11	21	69	216
13397	17	39	12	23	123	217
13398	17	39	13	26	58	217
13399	17	40	0	5	138	216
13400	17	40	1	6	98	216
13401	17	40	2	7	179	216
13402	17	40	3	8	37	216
13403	17	40	4	9	229	216
13404	17	40	5	10	158	216
13405	17	40	6	11	120	216
13406	17	40	7	12	8	216
13407	17	40	8	13	181	216
13408	17	40	9	20	86	216
13409	17	40	10	22	125	216
13410	17	40	11	4	236	217
13411	17	40	12	21	43	217
13412	17	41	0	14	179	216
13413	17	41	1	15	257	216
13414	17	41	2	16	239	216
13415	17	41	3	17	176	216
13416	17	41	4	18	66	216
13417	17	41	5	19	260	216
13418	17	41	6	5	150	217
13419	17	41	7	6	132	217
13420	17	41	8	7	134	217
13421	17	41	9	20	86	217
13422	17	41	10	22	125	217
13423	17	41	11	29	110	217
13424	17	42	0	8	13	217
13425	17	42	1	9	170	217
13426	17	42	2	10	160	217
13427	17	42	3	11	233	217
13428	17	42	4	12	244	217
13429	17	42	5	13	115	217
13430	17	42	6	14	200	217
13431	17	42	7	15	39	217
13432	17	42	8	18	15	217
13433	17	42	9	19	209	217
13434	17	42	10	30	46	217
13435	17	43	0	16	61	217
13436	17	43	1	17	218	217
13437	17	43	2	33	35	217
13438	17	43	3	34	85	217
13439	17	43	4	36	41	217
13440	17	43	5	37	142	217
13441	17	43	6	40	63	217
13442	17	43	7	0	147	218
13443	17	43	8	1	45	218
13444	17	43	9	2	139	218
13445	17	44	0	3	14	218
13446	17	44	1	4	3	218
13447	17	44	2	5	221	218
13448	17	44	3	6	179	218
13449	17	44	4	7	29	218
13450	17	44	5	8	44	218
13451	17	44	6	9	212	218
13452	17	44	7	10	94	218
13453	17	44	8	11	57	218
13454	17	45	0	12	191	218
13455	17	45	1	13	150	218
13456	17	45	2	14	236	218
13457	17	45	3	15	145	218
13458	17	45	4	16	218	218
13459	17	45	5	17	57	218
13460	17	45	6	18	200	218
13461	17	45	7	19	115	218
13462	17	46	0	20	234	218
13463	17	46	1	21	167	218
13464	17	46	2	22	210	218
13465	17	46	3	23	247	218
13466	17	46	4	24	225	218
13467	17	46	5	25	74	218
13468	17	46	6	26	144	218
13469	17	47	0	27	255	218
13470	17	47	1	28	100	218
13471	17	47	2	29	141	218
13472	17	47	3	30	110	218
13473	17	47	4	31	5	218
13474	17	47	5	32	14	218
13475	17	48	0	33	244	218
13476	17	48	1	34	84	218
13477	17	48	2	35	249	218
13478	17	48	3	36	33	218
13479	17	48	4	37	219	218
13480	17	49	0	38	224	218
13481	17	49	1	39	129	218
13482	17	49	2	40	258	218
13483	17	49	3	41	143	218
13484	17	50	0	43	18	218
13485	17	50	1	0	66	219
13486	17	50	2	1	151	219
13487	17	51	0	2	152	219
13488	17	51	1	3	235	219
13489	17	52	0	4	255	219
13490	18	0	0	79	13	227
13491	18	0	1	80	194	228
13492	18	0	2	81	23	229
13493	18	0	3	82	143	229
13494	18	0	4	83	143	231
13495	18	0	5	85	219	231
13496	18	0	6	84	152	232
13497	18	0	7	86	258	233
13498	18	0	8	87	258	235
13499	18	0	9	89	138	235
13500	18	0	10	88	103	236
13501	18	0	11	90	208	237
13502	18	0	12	91	55	238
13503	18	0	13	92	104	239
13504	18	0	14	93	184	239
13505	18	0	15	94	79	240
13506	18	0	16	95	79	242
13507	18	0	17	96	92	243
13508	18	0	18	97	206	243
13509	18	0	19	98	80	244
13510	18	0	20	99	223	245
13511	18	0	21	100	40	246
13512	18	0	22	101	162	247
13513	18	0	23	102	91	248
13514	18	0	24	103	177	248
13515	18	0	25	104	177	250
13516	18	0	26	105	204	251
13517	18	0	27	106	102	251
13518	18	0	28	107	106	252
13519	18	0	29	108	106	254
13520	18	0	30	109	123	254
13521	18	0	31	110	70	255
13522	18	0	32	111	114	256
13523	18	0	33	112	149	257
13524	18	0	34	113	244	257
13525	18	0	35	114	244	259
13526	18	0	36	115	19	260
13527	18	0	37	116	61	261
13528	18	0	38	117	54	261
13529	18	0	39	118	209	262
13530	18	0	40	119	209	264
13531	18	0	41	120	59	264
13532	18	0	42	121	195	264
13533	18	0	43	122	195	266
13534	18	0	44	123	195	268
13535	18	0	45	124	229	268
13536	18	0	46	125	41	268
13537	18	0	47	126	41	270
13538	18	0	48	127	152	270
13539	18	0	49	128	152	272
13540	18	0	50	129	188	272
13541	18	0	51	130	75	273
13542	18	0	52	131	94	274
13543	18	0	53	132	94	276
13544	18	0	54	133	119	276
13545	18	0	55	134	245	276
13546	18	0	56	135	245	278
13547	18	0	57	136	18	279
13548	18	0	58	137	257	280
13549	18	0	59	138	65	280
13550	18	0	60	139	198	281
13551	18	0	61	140	198	283
13552	18	0	62	141	33	283
13553	18	0	63	142	230	284
13554	18	1	0	78	92	227
13555	18	1	1	79	171	228
13556	18	1	2	80	23	229
13557	18	1	3	81	80	230
13558	18	1	4	82	40	230
13559	18	1	5	83	40	232
13560	18	1	6	85	185	232
13561	18	1	7	84	38	233
13562	18	1	8	86	177	234
13563	18	1	9	87	177	236
13564	18	1	10	89	162	236
13565	18	1	11	88	184	237
13566	18	1	12	90	106	238
13567	18	1	13	91	157	239
13568	18	1	14	92	53	240
13569	18	1	15	93	114	240
13570	18	1	16	94	149	241
13571	18	1	17	95	149	243
13572	18	1	18	96	57	244
13573	18	1	19	97	19	244
13574	18	1	20	98	61	245
13575	18	1	21	99	101	246
13576	18	1	22	100	162	247
13577	18	1	23	101	209	248
13578	18	1	24	102	145	249
13579	18	1	25	103	204	249
13580	18	1	26	104	204	251
13581	18	1	27	105	195	252
13582	18	1	28	106	229	252
13583	18	1	29	107	140	253
13584	18	1	30	108	140	255
13585	18	1	31	109	222	255
13586	18	1	32	110	152	256
13587	18	1	33	111	225	257
13588	18	1	34	112	38	258
13589	18	1	35	113	94	258
13590	18	1	36	114	94	260
13591	18	1	37	115	169	261
13592	18	1	38	116	155	262
13593	18	1	39	117	245	262
13594	18	1	40	118	18	263
13595	18	1	41	119	18	265
13596	18	1	42	120	68	265
13597	18	1	43	121	198	265
13598	18	1	44	122	198	267
13599	18	1	45	123	198	269
13600	18	1	46	124	99	269
13601	18	1	47	125	74	269
13602	18	1	48	126	74	271
13603	18	1	49	127	37	271
13604	18	1	50	128	37	273
13605	18	1	51	129	25	273
13606	18	1	52	130	238	274
13607	18	1	53	131	144	275
13608	18	1	54	132	144	277
13609	18	1	55	133	48	277
13610	18	1	56	134	6	277
13611	18	1	57	135	6	279
13612	18	1	58	136	257	280
13613	18	1	59	137	2	281
13614	18	1	60	138	66	281
13615	18	1	61	139	197	282
13616	18	1	62	140	197	284
13617	18	2	0	76	46	226
13618	18	2	1	77	160	227
13619	18	2	2	78	183	228
13620	18	2	3	79	80	229
13621	18	2	4	80	243	230
13622	18	2	5	81	182	231
13623	18	2	6	82	91	231
13624	18	2	7	83	91	233
13625	18	2	8	85	219	233
13626	18	2	9	84	255	234
13627	18	2	10	86	212	235
13628	18	2	11	87	212	237
13629	18	2	12	89	127	237
13630	18	2	13	88	217	238
13631	18	2	14	90	228	239
13632	18	2	15	91	35	240
13633	18	2	16	92	114	241
13634	18	2	17	93	141	241
13635	18	2	18	94	122	242
13636	18	2	19	95	122	244
13637	18	2	20	96	202	245
13638	18	2	21	97	155	245
13639	18	2	22	98	27	246
13640	18	2	23	99	118	247
13641	18	2	24	100	145	248
13642	18	2	25	101	127	249
13643	18	2	26	102	34	250
13644	18	2	27	103	17	250
13645	18	2	28	104	17	252
13646	18	2	29	105	82	253
13647	18	2	30	106	41	253
13648	18	2	31	107	187	254
13649	18	2	32	108	187	256
13650	18	2	33	109	150	256
13651	18	2	34	110	188	257
13652	18	2	35	111	216	258
13653	18	2	36	112	47	259
13654	18	2	37	113	227	259
13655	18	2	38	114	227	261
13656	18	2	39	115	36	262
13657	18	2	40	116	254	263
13658	18	2	41	117	130	263
13659	18	2	42	118	133	264
13660	18	2	43	119	133	266
13661	18	2	44	120	181	266
13662	18	2	45	121	148	266
13663	18	2	46	122	148	268
13664	18	2	47	123	148	270
13665	18	2	48	124	74	270
13666	18	2	49	125	50	270
13667	18	2	50	126	50	272
13668	18	2	51	127	25	272
13669	18	2	52	128	25	274
13670	18	2	53	129	24	274
13671	18	2	54	130	239	275
13672	18	2	55	131	12	276
13673	18	2	56	132	12	278
13674	18	2	57	133	4	278
13675	18	2	58	134	132	278
13676	18	2	59	135	132	280
13677	18	2	60	136	131	281
13678	18	2	61	137	44	282
13679	18	3	0	75	103	226
13680	18	3	1	76	160	227
13681	18	3	2	77	122	228
13682	18	3	3	78	202	229
13683	18	3	4	79	61	230
13684	18	3	5	80	182	231
13685	18	3	6	81	27	232
13686	18	3	7	82	145	232
13687	18	3	8	83	145	234
13688	18	3	9	85	139	234
13689	18	3	10	84	126	235
13690	18	3	11	86	17	236
13691	18	3	12	87	17	238
13692	18	3	13	89	98	238
13693	18	3	14	88	121	239
13694	18	3	15	90	187	240
13695	18	3	16	91	76	241
13696	18	3	17	92	225	242
13697	18	3	18	93	216	242
13698	18	3	19	94	47	243
13699	18	3	20	95	47	245
13700	18	3	21	96	108	246
13701	18	3	22	97	36	246
13702	18	3	23	98	254	247
13703	18	3	24	99	136	248
13704	18	3	25	100	127	249
13705	18	3	26	101	133	250
13706	18	3	27	102	164	251
13707	18	3	28	103	82	251
13708	18	3	29	104	82	253
13709	18	3	30	105	148	254
13710	18	3	31	106	74	254
13711	18	3	32	107	113	255
13712	18	3	33	108	113	257
13713	18	3	34	109	213	257
13714	18	3	35	110	25	258
13715	18	3	36	111	191	259
13716	18	3	37	112	72	260
13717	18	3	38	113	12	260
13718	18	3	39	114	12	262
13719	18	3	40	115	251	263
13720	18	3	41	116	3	264
13721	18	3	42	117	132	264
13722	18	3	43	118	131	265
13723	18	3	44	119	131	267
13724	18	3	45	120	115	267
13725	18	3	46	121	126	267
13726	18	3	47	122	126	269
13727	18	3	48	123	126	271
13728	18	3	49	124	63	271
13729	18	3	50	125	71	271
13730	18	3	51	126	71	273
13731	18	3	52	127	167	273
13732	18	3	53	128	167	275
13733	18	3	54	129	255	275
13734	18	3	55	130	8	276
13735	18	3	56	131	259	277
13736	18	3	57	132	259	279
13737	18	3	58	133	174	279
13738	18	3	59	134	219	279
13739	18	3	60	135	219	281
13740	18	4	0	73	244	225
13741	18	4	1	74	244	227
13742	18	4	2	75	162	227
13743	18	4	3	76	101	228
13744	18	4	4	77	54	229
13745	18	4	5	78	236	230
13746	18	4	6	79	27	231
13747	18	4	7	80	59	232
13748	18	4	8	81	68	233
13749	18	4	9	82	34	233
13750	18	4	10	83	34	235
13751	18	4	11	85	177	235
13752	18	4	12	84	119	236
13753	18	4	13	86	111	237
13754	18	4	14	87	111	239
13755	18	4	15	89	184	239
13756	18	4	16	88	192	240
13757	18	4	17	90	169	241
13758	18	4	18	91	94	242
13759	18	4	19	92	216	243
13760	18	4	20	93	18	243
13761	18	4	21	94	245	244
13762	18	4	22	95	245	246
13763	18	4	23	96	9	247
13764	18	4	24	97	3	247
13765	18	4	25	98	65	248
13766	18	4	26	99	99	249
13767	18	4	27	100	164	250
13768	18	4	28	101	33	251
13769	18	4	29	102	189	252
13770	18	4	30	103	226	252
13771	18	4	31	104	226	254
13772	18	4	32	105	100	255
13773	18	4	33	106	50	255
13774	18	4	34	107	119	256
13775	18	4	35	108	119	258
13776	18	4	36	109	215	258
13777	18	4	37	110	24	259
13778	18	4	38	111	257	260
13779	18	4	39	112	6	261
13780	18	4	40	113	1	261
13781	18	4	41	114	1	263
13782	18	4	42	115	262	264
13783	18	4	43	116	66	265
13784	18	4	44	117	11	265
13785	18	4	45	118	252	266
13786	18	4	46	119	252	268
13787	18	4	47	120	163	268
13788	18	4	48	121	142	268
13789	18	4	49	122	142	270
13790	18	4	50	123	142	272
13791	18	4	51	124	71	272
13792	18	4	52	125	247	272
13793	18	4	53	126	247	274
13794	18	4	54	127	255	274
13795	18	4	55	128	255	276
13796	18	4	56	129	87	276
13797	18	4	57	130	176	277
13798	18	4	58	131	175	278
13799	18	4	59	132	175	280
13800	18	5	0	72	19	226
13801	18	5	1	73	94	226
13802	18	5	2	74	94	228
13803	18	5	3	75	209	228
13804	18	5	4	76	54	229
13805	18	5	5	77	245	230
13806	18	5	6	78	9	231
13807	18	5	7	79	254	232
13808	18	5	8	80	68	233
13809	18	5	9	81	65	234
13810	18	5	10	82	164	234
13811	18	5	11	83	164	236
13812	18	5	12	85	52	236
13813	18	5	13	84	249	237
13814	18	5	14	86	226	238
13815	18	5	15	87	226	240
13816	18	5	16	89	20	240
13817	18	5	17	88	56	241
13818	18	5	18	90	119	242
13819	18	5	19	91	144	243
13820	18	5	20	92	191	244
13821	18	5	21	93	257	244
13822	18	5	22	94	6	245
13823	18	5	23	95	6	247
13824	18	5	24	96	260	248
13825	18	5	25	97	262	248
13826	18	5	26	98	66	249
13827	18	5	27	99	230	250
13828	18	5	28	100	33	251
13829	18	5	29	101	252	252
13830	18	5	30	102	200	253
13831	18	5	31	103	100	253
13832	18	5	32	104	100	255
13833	18	5	33	105	142	256
13834	18	5	34	106	71	256
13835	18	5	35	107	48	257
13836	18	5	36	108	48	259
13837	18	5	37	109	16	259
13838	18	5	38	110	255	260
13839	18	5	39	111	2	261
13840	18	5	40	112	261	262
13841	18	5	41	113	175	262
13842	18	5	42	114	175	264
13843	18	5	43	115	88	265
13844	18	5	44	116	241	266
13845	18	5	45	117	84	266
13846	18	5	46	118	179	267
13847	18	5	47	119	179	269
13848	18	5	48	120	121	269
13849	18	5	49	121	128	269
13850	18	5	50	122	128	271
13851	18	5	51	123	128	273
13852	18	5	52	124	64	273
13853	18	5	53	125	93	273
13854	18	5	54	126	93	275
13855	18	5	55	127	178	275
13856	18	5	56	128	178	277
13857	18	5	57	129	234	277
13858	18	5	58	130	29	278
13859	18	6	0	70	188	225
13860	18	6	1	71	155	225
13861	18	6	2	72	155	227
13862	18	6	3	73	227	227
13863	18	6	4	74	227	229
13864	18	6	5	75	127	229
13865	18	6	6	76	136	230
13866	18	6	7	77	130	231
13867	18	6	8	78	198	232
13868	18	6	9	79	65	233
13869	18	6	10	80	181	234
13870	18	6	11	81	115	235
13871	18	6	12	82	189	235
13872	18	6	13	83	189	237
13873	18	6	14	85	4	237
13874	18	6	15	84	17	238
13875	18	6	16	86	238	239
13876	18	6	17	87	238	241
13877	18	6	18	89	261	241
13878	18	6	19	88	113	242
13879	18	6	20	90	251	243
13880	18	6	21	91	12	244
13881	18	6	22	92	257	245
13882	18	6	23	93	131	245
13883	18	6	24	94	132	246
13884	18	6	25	95	132	248
13885	18	6	26	96	197	249
13886	18	6	27	97	241	249
13887	18	6	28	98	137	250
13888	18	6	29	99	63	251
13889	18	6	30	100	200	252
13890	18	6	31	101	21	253
13891	18	6	32	102	192	254
13892	18	6	33	103	96	254
13893	18	6	34	104	96	256
13894	18	6	35	105	231	257
13895	18	6	36	106	247	257
13896	18	6	37	107	4	258
13897	18	6	38	108	4	260
13898	18	6	39	109	89	260
13899	18	6	40	110	87	261
13900	18	6	41	111	44	262
13901	18	6	42	112	219	263
13902	18	6	43	113	168	263
13903	18	6	44	114	168	265
13904	18	6	45	115	95	266
13905	18	6	46	116	42	267
13906	18	6	47	117	7	267
13907	18	6	48	118	256	268
13908	18	6	49	119	256	270
13909	18	6	50	120	32	270
13910	18	6	51	121	186	270
13911	18	6	52	122	186	272
13912	18	6	53	123	186	274
13913	18	6	54	124	93	274
13914	18	6	55	125	205	274
13915	18	6	56	126	205	276
13916	18	6	57	127	234	276
13917	18	7	0	69	238	225
13918	18	7	1	70	25	226
13919	18	7	2	71	36	226
13920	18	7	3	72	36	228
13921	18	7	4	73	12	228
13922	18	7	5	74	12	230
13923	18	7	6	75	133	230
13924	18	7	7	76	130	231
13925	18	7	8	77	132	232
13926	18	7	9	78	197	233
13927	18	7	10	79	66	234
13928	18	7	11	80	115	235
13929	18	7	12	81	137	236
13930	18	7	13	82	200	236
13931	18	7	14	83	200	238
13932	18	7	15	85	149	238
13933	18	7	16	84	124	239
13934	18	7	17	86	96	240
13935	18	7	18	87	96	242
13936	18	7	19	89	164	242
13937	18	7	20	88	28	243
13938	18	7	21	90	4	244
13939	18	7	22	91	259	245
13940	18	7	23	92	2	246
13941	18	7	24	93	44	246
13942	18	7	25	94	219	247
13943	18	7	26	95	219	249
13944	18	7	27	96	22	250
13945	18	7	28	97	95	250
13946	18	7	29	98	42	251
13947	18	7	30	99	242	252
13948	18	7	31	100	21	253
13949	18	7	32	101	256	254
13950	18	7	33	102	199	255
13951	18	7	34	103	231	255
13952	18	7	35	104	231	257
13953	18	7	36	105	186	258
13954	18	7	37	106	93	258
13955	18	7	38	107	174	259
13956	18	7	39	108	174	261
13957	18	7	40	109	58	261
13958	18	7	41	110	234	262
13959	18	7	42	111	73	263
13960	18	7	43	112	190	264
13961	18	7	44	113	207	264
13962	18	7	45	114	207	266
13963	18	7	46	115	56	267
13964	18	7	47	116	249	268
13965	18	7	48	117	173	268
13966	18	7	49	118	90	269
13967	18	7	50	119	90	271
13968	18	7	51	120	77	271
13969	18	7	52	121	201	271
13970	18	7	53	122	201	273
13971	18	7	54	123	201	275
13972	18	7	55	124	232	275
13973	18	7	56	125	107	275
13974	18	8	0	67	119	224
13975	18	8	1	68	72	225
13976	18	8	2	69	239	226
13977	18	8	3	70	24	227
13978	18	8	4	71	3	227
13979	18	8	5	72	3	229
13980	18	8	6	73	1	229
13981	18	8	7	74	1	231
13982	18	8	8	75	33	231
13983	18	8	9	76	230	232
13984	18	8	10	77	11	233
13985	18	8	11	78	126	234
13986	18	8	12	79	137	235
13987	18	8	13	80	163	236
13988	18	8	14	81	121	237
13989	18	8	15	82	192	237
13990	18	8	16	83	192	239
13991	18	8	17	85	66	239
13992	18	8	18	84	221	240
13993	18	8	19	86	8	241
13994	18	8	20	87	8	243
13995	18	8	21	89	99	243
13996	18	8	22	88	124	244
13997	18	8	23	90	88	245
13998	18	8	24	91	175	246
13999	18	8	25	92	44	247
14000	18	8	26	93	179	247
14001	18	8	27	94	84	248
14002	18	8	28	95	84	250
14003	18	8	29	96	221	251
14004	18	8	30	97	249	251
14005	18	8	31	98	135	252
14006	18	8	32	99	64	253
14007	18	8	33	100	199	254
14008	18	8	34	101	109	255
14009	18	8	35	102	170	256
14010	18	8	36	103	85	256
14011	18	8	37	104	85	258
14012	18	8	38	105	147	259
14013	18	8	39	106	205	259
14014	18	8	40	107	146	260
14015	18	8	41	108	146	262
14016	18	8	42	109	224	262
14017	18	8	43	110	151	263
14018	18	8	44	111	28	264
14019	18	8	45	112	235	265
14020	18	8	46	113	83	265
14021	18	8	47	114	83	267
14022	18	8	48	115	180	268
14023	18	8	49	116	218	269
14024	18	8	50	117	124	269
14025	18	8	51	118	139	270
14026	18	8	52	119	139	272
14027	18	8	53	120	116	272
14028	18	8	54	121	214	272
14029	18	8	55	122	214	274
14030	18	9	0	66	215	224
14031	18	9	1	67	48	225
14032	18	9	2	68	239	226
14033	18	9	3	69	8	227
14034	18	9	4	70	255	228
14035	18	9	5	71	262	228
14036	18	9	6	72	262	230
14037	18	9	7	73	175	230
14038	18	9	8	74	175	232
14039	18	9	9	75	252	232
14040	18	9	10	76	11	233
14041	18	9	11	77	84	234
14042	18	9	12	78	221	235
14043	18	9	13	79	42	236
14044	18	9	14	80	121	237
14045	18	9	15	81	135	238
14046	18	9	16	82	199	238
14047	18	9	17	83	199	240
14048	18	9	18	85	249	240
14049	18	9	19	84	22	241
14050	18	9	20	86	85	242
14051	18	9	21	87	85	244
14052	18	9	22	89	55	244
14053	18	9	23	88	130	245
14054	18	9	24	90	146	246
14055	18	9	25	91	117	247
14056	18	9	26	92	73	248
14057	18	9	27	93	28	248
14058	18	9	28	94	235	249
14059	18	9	29	95	235	251
14060	18	9	30	96	14	252
14061	18	9	31	97	180	252
14062	18	9	32	98	218	253
14063	18	9	33	99	154	254
14064	18	9	34	100	109	255
14065	18	9	35	101	139	256
14066	18	9	36	102	31	257
14067	18	9	37	103	147	257
14068	18	9	38	104	147	259
14069	18	9	39	105	214	260
14070	18	9	40	106	107	260
14071	18	9	41	107	39	261
14072	18	9	42	108	39	263
14073	18	9	43	109	13	263
14074	18	9	44	110	125	264
14075	18	9	45	111	166	265
14076	18	9	46	112	97	266
14077	18	9	47	113	60	266
14078	18	9	48	114	60	268
14079	18	9	49	115	203	269
14080	18	9	50	116	15	270
14081	18	9	51	117	134	270
14082	18	9	52	118	129	271
14083	18	9	53	119	129	273
14084	18	9	54	120	49	273
14085	18	10	0	64	215	223
14086	18	10	1	65	16	224
14087	18	10	2	66	259	225
14088	18	10	3	67	4	226
14089	18	10	4	68	261	227
14090	18	10	5	69	176	228
14091	18	10	6	70	87	229
14092	18	10	7	71	241	229
14093	18	10	8	72	241	231
14094	18	10	9	73	168	231
14095	18	10	10	74	168	233
14096	18	10	11	75	21	233
14097	18	10	12	76	242	234
14098	18	10	13	77	7	235
14099	18	10	14	78	128	236
14100	18	10	15	79	135	237
14101	18	10	16	80	32	238
14102	18	10	17	81	77	239
14103	18	10	18	82	170	239
14104	18	10	19	83	170	241
14105	18	10	20	85	15	241
14106	18	10	21	84	126	242
14107	18	10	22	86	29	243
14108	18	10	23	87	29	245
14109	18	10	24	89	29	245
14110	18	10	25	88	56	246
14111	18	10	26	90	56	247
14112	18	10	27	91	207	248
14113	18	10	28	92	28	249
14114	18	10	29	93	90	249
14115	18	10	30	94	173	250
14116	18	10	31	95	173	252
14117	18	10	32	96	45	253
14118	18	10	33	97	15	253
14119	18	10	34	98	62	254
14120	18	10	35	99	232	255
14121	18	10	36	100	31	256
14122	18	10	37	101	165	257
14123	18	10	38	102	156	258
14124	18	10	39	103	78	258
14125	18	10	40	104	78	260
14126	18	10	41	105	237	261
14127	18	10	42	106	250	261
14128	18	10	43	107	69	262
14129	18	10	44	108	69	264
14130	18	10	45	109	23	264
14131	18	10	46	110	120	265
14132	18	10	47	111	233	266
14133	18	10	48	112	30	267
14134	18	10	49	113	5	267
14135	18	10	50	114	5	269
14136	18	10	51	115	258	270
14137	18	10	52	116	67	271
14138	18	10	53	117	55	271
14139	18	11	0	63	32	224
14140	18	11	1	64	16	224
14141	18	11	2	65	170	225
14142	18	11	3	66	89	226
14143	18	11	4	67	174	227
14144	18	11	5	68	176	228
14145	18	11	6	69	29	229
14146	18	11	7	70	234	230
14147	18	11	8	71	95	230
14148	18	11	9	72	95	232
14149	18	11	10	73	207	232
14150	18	11	11	74	207	234
14151	18	11	12	75	256	234
14152	18	11	13	76	7	235
14153	18	11	14	77	173	236
14154	18	11	15	78	45	237
14155	18	11	16	79	218	238
14156	18	11	17	80	77	239
14157	18	11	18	81	62	240
14158	18	11	19	82	31	240
14159	18	11	20	83	31	242
14160	18	11	21	85	24	242
14161	18	11	22	84	206	243
14162	18	11	23	86	78	244
14163	18	11	24	87	78	246
14164	18	11	25	89	134	246
14165	18	11	26	88	154	247
14166	18	11	27	90	69	248
14167	18	11	28	91	194	249
14168	18	11	29	92	166	250
14169	18	11	30	93	233	250
14170	18	11	31	94	30	251
14171	18	11	32	95	30	253
14172	18	11	33	96	248	254
14173	18	11	34	97	258	254
14174	18	11	35	98	67	255
14175	18	11	36	99	98	256
14176	18	11	37	100	165	257
14177	18	11	38	101	208	258
14178	18	11	39	102	211	259
14179	18	11	40	103	237	259
14180	18	11	41	104	237	261
14181	18	11	42	105	184	262
14182	18	11	43	106	92	262
14183	18	11	44	107	240	263
14184	18	11	45	108	240	265
14185	18	11	46	109	80	265
14186	18	11	47	110	223	266
14187	18	11	48	111	10	267
14188	18	11	49	112	253	268
14189	18	11	50	113	86	268
14190	18	11	51	114	86	270
14191	18	11	52	115	177	271
14192	18	12	0	60	165	223
14193	18	12	1	62	178	223
14194	18	12	2	63	178	225
14195	18	12	3	64	89	225
14196	18	12	4	65	58	226
14197	18	12	5	66	117	227
14198	18	12	6	67	146	228
14199	18	12	7	68	190	229
14200	18	12	8	69	112	230
14201	18	12	9	70	151	231
14202	18	12	10	71	249	231
14203	18	12	11	72	249	233
14204	18	12	12	73	83	233
14205	18	12	13	74	83	235
14206	18	12	14	75	109	235
14207	18	12	15	76	154	236
14208	18	12	16	77	124	237
14209	18	12	17	78	201	238
14210	18	12	18	79	62	239
14211	18	12	19	80	116	240
14212	18	12	20	81	49	241
14213	18	12	21	82	156	241
14214	18	12	22	83	156	243
14215	18	12	23	85	88	243
14216	18	12	24	84	103	244
14217	18	12	25	86	138	245
14218	18	12	26	87	138	247
14219	18	12	27	89	212	247
14220	18	12	28	88	85	248
14221	18	12	29	90	203	249
14222	18	12	30	91	60	250
14223	18	12	31	92	233	251
14224	18	12	32	93	129	251
14225	18	12	33	94	134	252
14226	18	12	34	95	134	254
14227	18	12	35	96	196	255
14228	18	12	36	97	153	255
14229	18	12	37	98	159	256
14230	18	12	38	99	52	257
14231	18	12	39	100	211	258
14232	18	12	40	101	105	259
14233	18	12	41	102	171	260
14234	18	12	42	103	217	260
14235	18	12	43	104	217	262
14236	18	12	44	105	103	263
14237	18	12	45	106	183	263
14238	18	12	46	107	20	264
14239	18	12	47	108	20	266
14240	18	12	48	109	182	266
14241	18	12	49	110	172	267
14242	18	12	50	111	220	268
14243	18	12	51	112	43	269
14244	18	13	0	61	198	223
14245	18	13	1	60	244	224
14246	18	13	2	62	116	224
14247	18	13	3	63	116	226
14248	18	13	4	64	58	226
14249	18	13	5	65	156	227
14250	18	13	6	66	224	228
14251	18	13	7	67	39	229
14252	18	13	8	68	112	230
14253	18	13	9	69	138	231
14254	18	13	10	70	125	232
14255	18	13	11	71	180	232
14256	18	13	12	72	180	234
14257	18	13	13	73	60	234
14258	18	13	14	74	60	236
14259	18	13	15	75	139	236
14260	18	13	16	76	124	237
14261	18	13	17	77	134	238
14262	18	13	18	78	196	239
14263	18	13	19	79	67	240
14264	18	13	20	80	49	241
14265	18	13	21	81	159	242
14266	18	13	22	82	211	242
14267	18	13	23	83	211	244
14268	18	13	24	85	21	244
14269	18	13	25	84	41	245
14270	18	13	26	86	217	246
14271	18	13	27	87	217	248
14272	18	13	28	89	220	248
14273	18	13	29	88	211	249
14274	18	13	30	90	20	250
14275	18	13	31	91	243	251
14276	18	13	32	92	10	252
14277	18	13	33	93	220	252
14278	18	13	34	94	43	253
14279	18	13	35	95	43	255
14280	18	13	36	96	110	256
14281	18	13	37	97	212	256
14282	18	13	38	98	210	257
14283	18	13	39	99	158	258
14284	18	13	40	100	105	259
14285	18	13	41	101	228	260
14286	18	13	42	102	206	261
14287	18	13	43	103	103	261
14288	18	13	44	104	103	263
14289	18	13	45	105	141	264
14290	18	13	46	106	202	264
14291	18	13	47	107	81	265
14292	18	13	48	108	81	267
14293	18	13	49	109	27	267
14294	18	13	50	110	118	268
14295	18	14	0	58	232	221
14296	18	14	1	59	232	223
14297	18	14	2	61	68	224
14298	18	14	3	60	3	225
14299	18	14	4	62	185	225
14300	18	14	5	63	185	227
14301	18	14	6	64	224	227
14302	18	14	7	65	13	228
14303	18	14	8	66	194	229
14304	18	14	9	67	69	230
14305	18	14	10	68	97	231
14306	18	14	11	69	143	232
14307	18	14	12	70	120	233
14308	18	14	13	71	15	233
14309	18	14	14	72	15	235
14310	18	14	15	73	5	235
14311	18	14	16	74	5	237
14312	18	14	17	75	165	237
14313	18	14	18	76	98	238
14314	18	14	19	77	55	239
14315	18	14	20	78	104	240
14316	18	14	21	79	159	241
14317	18	14	22	80	26	242
14318	18	14	23	81	79	243
14319	18	14	24	82	171	243
14320	18	14	25	83	171	245
14321	18	14	26	85	182	245
14322	18	14	27	84	125	246
14323	18	14	28	86	40	247
14324	18	14	29	87	40	249
14325	18	14	30	89	182	249
14326	18	14	31	88	10	250
14327	18	14	32	90	177	251
14328	18	14	33	91	86	252
14329	18	14	34	92	220	253
14330	18	14	35	93	106	253
14331	18	14	36	94	157	254
14332	18	14	37	95	157	256
14333	18	14	38	96	53	257
14334	18	14	39	97	193	257
14335	18	14	40	98	149	258
14336	18	14	41	99	57	259
14337	18	14	42	100	206	260
14338	18	14	43	101	19	261
14339	18	14	44	102	61	262
14340	18	14	45	103	162	262
14341	18	14	46	104	162	264
14342	18	14	47	105	209	265
14343	18	14	48	106	236	265
14344	18	14	49	107	204	266
14345	18	15	0	56	109	222
14346	18	15	1	58	98	222
14347	18	15	2	59	98	224
14348	18	15	3	61	114	225
14349	18	15	4	60	154	226
14350	18	15	5	62	26	226
14351	18	15	6	63	26	228
14352	18	15	7	64	13	228
14353	18	15	8	65	171	229
14354	18	15	9	66	23	230
14355	18	15	10	67	240	231
14356	18	15	11	68	143	232
14357	18	15	12	69	40	233
14358	18	15	13	70	223	234
14359	18	15	14	71	258	234
14360	18	15	15	72	258	236
14361	18	15	16	73	86	236
14362	18	15	17	74	86	238
14363	18	15	18	75	208	238
14364	18	15	19	76	55	239
14365	18	15	20	77	157	240
14366	18	15	21	78	53	241
14367	18	15	22	79	210	242
14368	18	15	23	80	79	243
14369	18	15	24	81	149	244
14370	18	15	25	82	206	244
14371	18	15	26	83	206	246
14372	18	15	27	85	67	246
14373	18	15	28	84	152	247
14374	18	15	29	86	162	248
14375	18	15	30	87	162	250
14376	18	15	31	89	204	250
14377	18	15	32	88	162	251
14378	18	15	33	90	204	252
14379	18	15	34	91	59	253
14380	18	15	35	92	102	254
14381	18	15	36	93	140	254
14382	18	15	37	94	123	255
14383	18	15	38	95	123	257
14384	18	15	39	96	70	258
14385	18	15	40	97	111	258
14386	18	15	41	98	38	259
14387	18	15	42	99	244	260
14388	18	15	43	100	19	261
14389	18	15	44	101	169	262
14390	18	15	45	102	155	263
14391	18	15	46	103	209	263
14392	18	15	47	104	209	265
14393	18	15	48	105	18	266
14394	18	16	0	55	196	221
14395	18	16	1	57	48	222
14396	18	16	2	56	37	223
14397	18	16	3	58	52	223
14398	18	16	4	59	52	225
14399	18	16	5	61	114	226
14400	18	16	6	60	107	227
14401	18	16	7	62	46	227
14402	18	16	8	63	46	229
14403	18	16	9	64	23	229
14404	18	16	10	65	80	230
14405	18	16	11	66	243	231
14406	18	16	12	67	20	232
14407	18	16	13	68	253	233
14408	18	16	14	69	91	234
14409	18	16	15	70	172	235
14410	18	16	16	71	153	235
14411	18	16	17	72	153	237
14412	18	16	18	73	51	237
14413	18	16	19	74	51	239
14414	18	16	20	75	105	239
14415	18	16	21	76	158	240
14416	18	16	22	77	35	241
14417	18	16	23	78	114	242
14418	18	16	24	79	149	243
14419	18	16	25	80	160	244
14420	18	16	26	81	122	245
14421	18	16	27	82	61	245
14422	18	16	28	83	61	247
14423	18	16	29	85	196	247
14424	18	16	30	84	72	248
14425	18	16	31	86	145	249
14426	18	16	32	87	145	251
14427	18	16	33	89	161	251
14428	18	16	34	88	195	252
14429	18	16	35	90	17	253
14430	18	16	36	91	246	254
14431	18	16	37	92	140	255
14432	18	16	38	93	187	255
14433	18	16	39	94	76	256
14434	18	16	40	95	76	258
14435	18	16	41	96	225	259
14436	18	16	42	97	75	259
14437	18	16	43	98	47	260
14438	18	16	44	99	108	261
14439	18	16	45	100	155	262
14440	18	16	46	101	36	263
14441	18	16	47	102	254	264
14442	18	17	0	54	153	221
14443	18	17	1	55	110	222
14444	18	17	2	57	195	223
14445	18	17	3	56	224	224
14446	18	17	4	58	158	224
14447	18	17	5	59	158	226
14448	18	17	6	61	41	227
14449	18	17	7	60	125	228
14450	18	17	8	62	160	228
14451	18	17	9	63	160	230
14452	18	17	10	64	80	230
14453	18	17	11	65	61	231
14454	18	17	12	66	182	232
14455	18	17	13	67	81	233
14456	18	17	14	68	91	234
14457	18	17	15	69	145	235
14458	18	17	16	70	118	236
14459	18	17	17	71	212	236
14460	18	17	18	72	212	238
14461	18	17	19	73	246	238
14462	18	17	20	74	246	240
14463	18	17	21	75	228	240
14464	18	17	22	76	35	241
14465	18	17	23	77	76	242
14466	18	17	24	78	225	243
14467	18	17	25	79	38	244
14468	18	17	26	80	122	245
14469	18	17	27	81	47	246
14470	18	17	28	82	155	246
14471	18	17	29	83	155	248
14472	18	17	30	85	255	248
14473	18	17	31	84	67	249
14474	18	17	32	86	127	250
14475	18	17	33	87	127	252
14476	18	17	34	89	51	252
14477	18	17	35	88	132	253
14478	18	17	36	90	82	254
14479	18	17	37	91	181	255
14480	18	17	38	92	41	256
14481	18	17	39	93	113	256
14482	18	17	40	94	150	257
14483	18	17	41	95	150	259
14484	18	17	42	96	188	260
14485	18	17	43	97	238	260
14486	18	17	44	98	72	261
14487	18	17	45	99	227	262
14488	18	17	46	100	36	263
14489	18	18	0	52	220	221
14490	18	18	1	53	106	221
14491	18	18	2	54	210	222
14492	18	18	3	55	53	223
14493	18	18	4	57	218	224
14494	18	18	5	56	3	225
14495	18	18	6	58	57	225
14496	18	18	7	59	57	227
14497	18	18	8	61	48	228
14498	18	18	9	60	151	229
14499	18	18	10	62	101	229
14500	18	18	11	63	101	231
14501	18	18	12	64	182	231
14502	18	18	13	65	27	232
14503	18	18	14	66	59	233
14504	18	18	15	67	204	234
14505	18	18	16	68	161	235
14506	18	18	17	69	34	236
14507	18	18	18	70	229	237
14508	18	18	19	71	193	237
14509	18	18	20	72	193	239
14510	18	18	21	73	152	239
14511	18	18	22	74	152	241
14512	18	18	23	75	19	241
14513	18	18	24	76	244	242
14514	18	18	25	77	94	243
14515	18	18	26	78	216	244
14516	18	18	27	79	47	245
14517	18	18	28	80	54	246
14518	18	18	29	81	245	247
14519	18	18	30	82	254	247
14520	18	18	31	83	254	249
14521	18	18	32	85	254	249
14522	18	18	33	84	41	250
14523	18	18	34	86	164	251
14524	18	18	35	87	164	253
14525	18	18	36	89	66	253
14526	18	18	37	88	187	254
14527	18	18	38	90	226	255
14528	18	18	39	91	37	256
14529	18	18	40	92	113	257
14530	18	18	41	93	119	257
14531	18	18	42	94	144	258
14532	18	18	43	95	144	260
14533	18	18	44	96	191	261
14534	18	18	45	97	239	261
14535	18	19	0	51	161	221
14536	18	19	1	52	102	222
14537	18	19	2	53	140	222
14538	18	19	3	54	193	223
14539	18	19	4	55	70	224
14540	18	19	5	57	221	225
14541	18	19	6	56	207	226
14542	18	19	7	58	244	226
14543	18	19	8	59	244	228
14544	18	19	9	61	106	229
14545	18	19	10	60	130	230
14546	18	19	11	62	54	230
14547	18	19	12	63	54	232
14548	18	19	13	64	27	232
14549	18	19	14	65	254	233
14550	18	19	15	66	68	234
14551	18	19	16	67	195	235
14552	18	19	17	68	34	236
14553	18	19	18	69	164	237
14554	18	19	19	70	99	238
14555	18	19	20	71	111	238
14556	18	19	21	72	111	240
14557	18	19	22	73	37	240
14558	18	19	23	74	37	242
14559	18	19	24	75	169	242
14560	18	19	25	76	94	243
14561	18	19	26	77	144	244
14562	18	19	27	78	191	245
14563	18	19	28	79	72	246
14564	18	19	29	80	245	247
14565	18	19	30	81	6	248
14566	18	19	31	82	3	248
14567	18	19	32	83	3	250
14568	18	19	33	85	167	250
14569	18	19	34	84	47	251
14570	18	19	35	86	33	252
14571	18	19	36	87	33	254
14572	18	19	37	89	204	254
14573	18	19	38	88	109	255
14574	18	19	39	90	100	256
14575	18	19	40	91	163	257
14576	18	19	41	92	50	258
14577	18	19	42	93	48	258
14578	18	19	43	94	215	259
14579	18	19	44	95	215	261
14580	18	20	0	49	17	219
14581	18	20	1	50	123	220
14582	18	20	2	51	123	222
14583	18	20	3	52	140	223
14584	18	20	4	53	187	223
14585	18	20	5	54	38	224
14586	18	20	6	55	225	225
14587	18	20	7	57	95	226
14588	18	20	8	56	62	227
14589	18	20	9	58	108	227
14590	18	20	10	59	108	229
14591	18	20	11	61	91	230
14592	18	20	12	60	215	231
14593	18	20	13	62	136	231
14594	18	20	14	63	136	233
14595	18	20	15	64	68	233
14596	18	20	16	65	65	234
14597	18	20	17	66	181	235
14598	18	20	18	67	82	236
14599	18	20	19	68	222	237
14600	18	20	20	69	189	238
14601	18	20	21	70	74	239
14602	18	20	22	71	75	239
14603	18	20	23	72	75	241
14604	18	20	24	73	25	241
14605	18	20	25	74	25	243
14606	18	20	26	75	36	243
14607	18	20	27	76	227	244
14608	18	20	28	77	12	245
14609	18	20	29	78	257	246
14610	18	20	30	79	6	247
14611	18	20	31	80	130	248
14612	18	20	32	81	132	249
14613	18	20	33	82	66	249
14614	18	20	34	83	66	251
14615	18	20	35	85	170	251
14616	18	20	36	84	236	252
14617	18	20	37	86	200	253
14618	18	20	38	87	200	255
14619	18	20	39	89	134	255
14620	18	20	40	88	53	256
14621	18	20	41	90	96	257
14622	18	20	42	91	167	258
14623	18	20	43	92	48	259
14624	18	21	0	48	246	220
14625	18	21	1	49	82	220
14626	18	21	2	50	222	221
14627	18	21	3	51	222	223
14628	18	21	4	52	41	224
14629	18	21	5	53	113	224
14630	18	21	6	54	75	225
14631	18	21	7	55	188	226
14632	18	21	8	57	211	227
14633	18	21	9	56	29	228
14634	18	21	10	58	227	228
14635	18	21	11	59	227	230
14636	18	21	12	61	127	231
14637	18	21	13	60	215	232
14638	18	21	14	62	130	232
14639	18	21	15	63	130	234
14640	18	21	16	64	65	234
14641	18	21	17	65	66	235
14642	18	21	18	66	115	236
14643	18	21	19	67	148	237
14644	18	21	20	68	189	238
14645	18	21	21	69	200	239
14646	18	21	22	70	63	240
14647	18	21	23	71	238	240
14648	18	21	24	72	238	242
14649	18	21	25	73	167	242
14650	18	21	26	74	167	244
14651	18	21	27	75	251	244
14652	18	21	28	76	12	245
14653	18	21	29	77	259	246
14654	18	21	30	78	2	247
14655	18	21	31	79	261	248
14656	18	21	32	80	132	249
14657	18	21	33	81	219	250
14658	18	21	34	82	241	250
14659	18	21	35	83	241	252
14660	18	21	36	85	231	252
14661	18	21	37	84	131	253
14662	18	21	38	86	21	254
14663	18	21	39	87	21	256
14664	18	21	40	89	139	256
14665	18	21	41	88	226	257
14666	18	21	42	90	231	258
14667	18	22	0	46	164	219
14668	18	22	1	47	181	220
14669	18	22	2	48	152	221
14670	18	22	3	49	226	221
14671	18	22	4	50	150	222
14672	18	22	5	51	150	224
14673	18	22	6	52	113	225
14674	18	22	7	53	119	225
14675	18	22	8	54	72	226
14676	18	22	9	55	191	227
14677	18	22	10	57	150	228
14678	18	22	11	56	33	229
14679	18	22	12	58	260	229
14680	18	22	13	59	260	231
14681	18	22	14	61	29	232
14682	18	22	15	60	59	233
14683	18	22	16	62	230	233
14684	18	22	17	63	230	235
14685	18	22	18	64	115	235
14686	18	22	19	65	137	236
14687	18	22	20	66	163	237
14688	18	22	21	67	100	238
14689	18	22	22	68	213	239
14690	18	22	23	69	192	240
14691	18	22	24	70	71	241
14692	18	22	25	71	239	241
14693	18	22	26	72	239	243
14694	18	22	27	73	255	243
14695	18	22	28	74	255	245
14696	18	22	29	75	262	245
14697	18	22	30	76	1	246
14698	18	22	31	77	175	247
14699	18	22	32	78	44	248
14700	18	22	33	79	219	249
14701	18	22	34	80	11	250
14702	18	22	35	81	84	251
14703	18	22	36	82	42	251
14704	18	22	37	83	42	253
14705	18	22	38	85	7	253
14706	18	22	39	84	167	254
14707	18	22	40	86	199	255
14708	18	22	41	87	199	257
14709	18	23	0	45	230	219
14710	18	23	1	46	33	220
14711	18	23	2	47	115	221
14712	18	23	3	48	37	222
14713	18	23	4	49	100	222
14714	18	23	5	50	213	223
14715	18	23	6	51	213	225
14716	18	23	7	52	50	226
14717	18	23	8	53	48	226
14718	18	23	9	54	239	227
14719	18	23	10	55	24	228
14720	18	23	11	57	216	229
14721	18	23	12	56	117	230
14722	18	23	13	58	1	230
14723	18	23	14	59	1	232
14724	18	23	15	61	210	233
14725	18	23	16	60	153	234
14726	18	23	17	62	11	234
14727	18	23	18	63	11	236
14728	18	23	19	64	137	236
14729	18	23	20	65	42	237
14730	18	23	21	66	121	238
14731	18	23	22	67	142	239
14732	18	23	23	68	192	240
14733	18	23	24	69	199	241
14734	18	23	25	70	64	242
14735	18	23	26	71	8	242
14736	18	23	27	72	8	244
14737	18	23	28	73	178	244
14738	18	23	29	74	178	246
14739	18	23	30	75	88	246
14740	18	23	31	76	175	247
14741	18	23	32	77	117	248
14742	18	23	33	78	73	249
14743	18	23	34	79	190	250
14744	18	23	35	80	84	251
14745	18	23	36	81	235	252
14746	18	23	37	82	249	252
14747	18	23	38	83	249	254
14748	18	23	39	85	109	254
14749	18	23	40	84	128	255
14750	18	24	0	5	97	219
14751	18	24	1	44	74	219
14752	18	24	2	45	63	220
14753	18	24	3	46	200	221
14754	18	24	4	47	163	222
14755	18	24	5	48	25	223
14756	18	24	6	49	96	223
14757	18	24	7	50	215	224
14758	18	24	8	51	215	226
14759	18	24	9	52	48	227
14760	18	24	10	53	4	227
14761	18	24	11	54	261	228
14762	18	24	12	55	2	229
14763	18	24	13	57	172	230
14764	18	24	14	56	92	231
14765	18	24	15	58	22	231
14766	18	24	16	59	22	233
14767	18	24	17	61	87	234
14768	18	24	18	60	142	235
14769	18	24	19	62	242	235
14770	18	24	20	63	242	237
14771	18	24	21	64	121	237
14772	18	24	22	65	135	238
14773	18	24	23	66	32	239
14774	18	24	24	67	231	240
14775	18	24	25	68	16	241
14776	18	24	26	69	170	242
14777	18	24	27	70	93	243
14778	18	24	28	71	176	243
14779	18	24	29	72	176	245
14780	18	24	30	73	234	245
14781	18	24	31	74	234	247
14782	18	24	32	75	95	247
14783	18	24	33	76	168	248
14784	18	24	34	77	207	249
14785	18	24	35	78	28	250
14786	18	24	36	79	235	251
14787	18	24	37	80	7	252
14788	18	24	38	81	173	253
14789	18	24	39	82	218	253
14790	18	25	0	42	22	219
14791	18	25	1	43	11	219
14792	18	25	2	44	63	220
14793	18	25	3	45	242	221
14794	18	25	4	46	21	222
14795	18	25	5	47	121	223
14796	18	25	6	48	167	224
14797	18	25	7	49	231	224
14798	18	25	8	50	16	225
14799	18	25	9	51	16	227
14800	18	25	10	52	247	228
14801	18	25	11	53	174	228
14802	18	25	12	54	176	229
14803	18	25	13	55	87	230
14804	18	25	14	57	96	231
14805	18	25	15	56	218	232
14806	18	25	16	58	168	232
14807	18	25	17	59	168	234
14808	18	25	18	61	55	235
14809	18	25	19	60	119	236
14810	18	25	20	62	7	236
14811	18	25	21	63	7	238
14812	18	25	22	64	135	238
14813	18	25	23	65	218	239
14814	18	25	24	66	77	240
14815	18	25	25	67	186	241
14816	18	25	26	68	170	242
14817	18	25	27	69	31	243
14818	18	25	28	70	232	244
14819	18	25	29	71	29	244
14820	18	25	30	72	29	246
14821	18	25	31	73	185	246
14822	18	25	32	74	185	248
14823	18	25	33	75	56	248
14824	18	25	34	76	207	249
14825	18	25	35	77	194	250
14826	18	25	36	78	166	251
14827	18	25	37	79	97	252
14828	18	25	38	80	173	253
14829	18	26	0	6	197	219
14830	18	26	1	7	31	219
14831	18	26	2	42	221	220
14832	18	26	3	43	242	220
14833	18	26	4	44	71	221
14834	18	26	5	45	64	222
14835	18	26	6	46	199	223
14836	18	26	7	47	32	224
14837	18	26	8	48	255	225
14838	18	26	9	49	85	225
14839	18	26	10	50	89	226
14840	18	26	11	51	89	228
14841	18	26	12	52	174	229
14842	18	26	13	53	146	229
14843	18	26	14	54	190	230
14844	18	26	15	55	73	231
14845	18	26	16	57	106	232
14846	18	26	17	56	94	233
14847	18	26	18	58	14	233
14848	18	26	19	59	14	235
14849	18	26	20	61	262	236
14850	18	26	21	60	55	237
14851	18	26	22	62	154	237
14852	18	26	23	63	154	239
14853	18	26	24	64	77	239
14854	18	26	25	65	62	240
14855	18	26	26	66	116	241
14856	18	26	27	67	147	242
14857	18	26	28	68	58	243
14858	18	26	29	69	156	244
14859	18	26	30	70	107	245
14860	18	26	31	71	112	245
14861	18	26	32	72	112	247
14862	18	26	33	73	125	247
14863	18	26	34	74	125	249
14864	18	26	35	75	180	249
14865	18	26	36	76	83	250
14866	18	26	37	77	60	251
14867	18	27	0	8	157	219
14868	18	27	1	9	71	219
14869	18	27	2	41	14	219
14870	18	27	3	42	14	221
14871	18	27	4	43	7	221
14872	18	27	5	44	64	222
14873	18	27	6	45	154	223
14874	18	27	7	46	109	224
14875	18	27	8	47	77	225
14876	18	27	9	48	178	226
14877	18	27	10	49	147	226
14878	18	27	11	50	58	227
14879	18	27	12	51	58	229
14880	18	27	13	52	205	230
14881	18	27	14	53	39	230
14882	18	27	15	54	112	231
14883	18	27	16	55	151	232
14884	18	27	17	57	126	233
14885	18	27	18	56	160	234
14886	18	27	19	58	83	234
14887	18	27	20	59	83	236
14888	18	27	21	61	261	237
14889	18	27	22	60	193	238
14890	18	27	23	62	124	238
14891	18	27	24	63	124	240
14892	18	27	25	64	62	240
14893	18	27	26	65	67	241
14894	18	27	27	66	49	242
14895	18	27	28	67	214	243
14896	18	27	29	68	156	244
14897	18	27	30	69	211	245
14898	18	27	31	70	52	246
14899	18	27	32	71	138	246
14900	18	27	33	72	138	248
14901	18	27	34	73	46	248
14902	18	27	35	74	46	250
14903	18	27	36	75	203	250
14904	18	28	0	10	69	219
14905	18	28	1	11	1	219
14906	18	28	2	39	256	219
14907	18	28	3	40	128	219
14908	18	28	4	41	45	220
14909	18	28	5	42	45	222
14910	18	28	6	43	154	222
14911	18	28	7	44	93	223
14912	18	28	8	45	232	224
14913	18	28	9	46	31	225
14914	18	28	10	47	116	226
14915	18	28	11	48	234	227
14916	18	28	12	49	78	227
14917	18	28	13	50	224	228
14918	18	28	14	51	224	230
14919	18	28	15	52	39	231
14920	18	28	16	53	69	231
14921	18	28	17	54	97	232
14922	18	28	18	55	166	233
14923	18	28	19	57	37	234
14924	18	28	20	56	18	235
14925	18	28	21	58	248	235
14926	18	28	22	59	248	237
14927	18	28	23	61	70	238
14928	18	28	24	60	179	239
14929	18	28	25	62	98	239
14930	18	28	26	63	98	241
14931	18	28	27	64	49	241
14932	18	28	28	65	159	242
14933	18	28	29	66	26	243
14934	18	28	30	67	237	244
14935	18	28	31	68	13	245
14936	18	28	32	69	171	246
14937	18	28	33	70	92	247
14938	18	28	34	71	143	247
14939	18	28	35	72	143	249
14940	18	29	0	12	74	219
14941	18	29	1	13	205	219
14942	18	29	2	38	166	219
14943	18	29	3	39	90	220
14944	18	29	4	40	45	220
14945	18	29	5	41	248	221
14946	18	29	6	42	248	223
14947	18	29	7	43	124	223
14948	18	29	8	44	232	224
14949	18	29	9	45	98	225
14950	18	29	10	46	165	226
14951	18	29	11	47	49	227
14952	18	29	12	48	185	228
14953	18	29	13	49	237	228
14954	18	29	14	50	13	229
14955	18	29	15	51	13	231
14956	18	29	16	52	250	232
14957	18	29	17	53	240	232
14958	18	29	18	54	143	233
14959	18	29	19	55	120	234
14960	18	29	20	57	178	235
14961	18	29	21	56	225	236
14962	18	29	22	58	5	236
14963	18	29	23	59	5	238
14964	18	29	24	61	23	239
14965	18	29	25	60	105	240
14966	18	29	26	62	55	240
14967	18	29	27	63	55	242
14968	18	29	28	64	159	242
14969	18	29	29	65	210	243
14970	18	29	30	66	79	244
14971	18	29	31	67	184	245
14972	18	29	32	68	171	246
14973	18	29	33	69	206	247
14974	18	29	34	70	57	248
14975	18	30	0	14	169	219
14976	18	30	1	15	17	219
14977	18	30	2	16	183	219
14978	18	30	3	17	227	219
14979	18	30	4	38	233	220
14980	18	30	5	39	139	221
14981	18	30	6	40	201	221
14982	18	30	7	41	196	222
14983	18	30	8	42	196	224
14984	18	30	9	43	98	224
14985	18	30	10	44	107	225
14986	18	30	11	45	52	226
14987	18	30	12	46	211	227
14988	18	30	13	47	26	228
14989	18	30	14	48	125	229
14990	18	30	15	49	217	229
14991	18	30	16	50	23	230
14992	18	30	17	51	23	232
14993	18	30	18	52	240	233
14994	18	30	19	53	20	233
14995	18	30	20	54	253	234
14996	18	30	21	55	10	235
14997	18	30	22	57	215	236
14998	18	30	23	56	262	237
14999	18	30	24	58	110	237
15000	18	30	25	59	110	239
15001	18	30	26	61	196	240
15002	18	30	27	60	140	241
15003	18	30	28	62	158	241
15004	18	30	29	63	158	243
15005	18	30	30	64	79	243
15006	18	30	31	65	149	244
15007	18	30	32	66	160	245
15008	18	30	33	67	103	246
15009	18	31	0	0	241	220
15010	18	31	1	18	97	219
15011	18	31	2	35	240	219
15012	18	31	3	36	30	219
15013	18	31	4	37	10	219
15014	18	31	5	38	10	221
15015	18	31	6	39	129	222
15016	18	31	7	40	196	222
15017	18	31	8	41	110	223
15018	18	31	9	42	110	225
15019	18	31	10	43	55	225
15020	18	31	11	44	52	226
15021	18	31	12	45	158	227
15022	18	31	13	46	105	228
15023	18	31	14	47	79	229
15024	18	31	15	48	46	230
15025	18	31	16	49	103	230
15026	18	31	17	50	80	231
15027	18	31	18	51	80	233
15028	18	31	19	52	183	234
15029	18	31	20	53	81	234
15030	18	31	21	54	91	235
15031	18	31	22	55	172	236
15032	18	31	23	57	169	237
15033	18	31	24	56	13	238
15034	18	31	25	58	51	238
15035	18	31	26	59	51	240
15036	18	31	27	61	4	241
15037	18	31	28	60	207	242
15038	18	31	29	62	35	242
15039	18	31	30	63	35	244
15040	18	31	31	64	149	244
15041	18	31	32	65	38	245
15042	18	32	0	0	241	221
15043	18	32	1	19	79	219
15044	18	32	2	20	106	219
15045	18	32	3	21	260	219
15046	18	32	4	35	20	220
15047	18	32	5	36	134	220
15048	18	32	6	37	220	220
15049	18	32	7	38	220	222
15050	18	32	8	39	208	223
15051	18	32	9	40	104	223
15052	18	32	10	41	53	224
15053	18	32	11	42	53	226
15054	18	32	12	43	158	226
15055	18	32	13	44	92	227
15056	18	32	14	45	57	228
15057	18	32	15	46	206	229
15058	18	32	16	47	160	230
15059	18	32	17	48	223	231
15060	18	32	18	49	162	231
15061	18	32	19	50	182	232
15062	18	32	20	51	182	234
15063	18	32	21	52	81	235
15064	18	32	22	53	204	235
15065	18	32	23	54	161	236
15066	18	32	24	55	102	237
15067	18	32	25	56	102	239
15068	18	32	26	57	193	238
15069	18	32	27	58	70	239
15070	18	32	28	59	70	241
15071	18	32	29	61	82	242
15072	18	32	30	60	57	243
15073	18	32	31	62	244	243
15074	18	33	0	0	241	222
15075	18	33	1	22	226	219
15076	18	33	2	23	45	219
15077	18	33	3	24	164	219
15078	18	33	4	34	81	219
15079	18	33	5	35	81	221
15080	18	33	6	36	43	221
15081	18	33	7	37	102	221
15082	18	33	8	38	102	223
15083	18	33	9	39	106	224
15084	18	33	10	40	53	224
15085	18	33	11	41	70	225
15086	18	33	12	42	70	227
15087	18	33	13	43	35	227
15088	18	33	14	44	57	228
15089	18	33	15	45	244	229
15090	18	33	16	46	19	230
15091	18	33	17	47	122	231
15092	18	33	18	48	101	232
15093	18	33	19	49	209	232
15094	18	33	20	50	27	233
15095	18	33	21	51	27	235
15096	18	33	22	52	236	236
15097	18	33	23	53	195	236
15098	18	33	24	54	34	237
15099	18	33	25	55	229	238
15100	18	33	26	57	193	239
15101	18	33	27	56	164	240
15102	18	33	28	58	152	240
15103	18	33	29	59	152	242
15104	18	33	30	61	224	243
15105	18	34	0	0	241	223
15106	18	34	1	1	192	220
15107	18	34	2	25	176	219
15108	18	34	3	26	129	219
15109	18	34	4	32	91	219
15110	18	34	5	33	59	219
15111	18	34	6	34	204	220
15112	18	34	7	35	204	222
15113	18	34	8	36	157	222
15114	18	34	9	37	140	222
15115	18	34	10	38	140	224
15116	18	34	11	39	228	225
15117	18	34	12	40	114	225
15118	18	34	13	41	225	226
15119	18	34	14	42	225	228
15120	18	34	15	43	244	228
15121	18	34	16	44	202	229
15122	18	34	17	45	108	230
15123	18	34	18	46	155	231
15124	18	34	19	47	54	232
15125	18	34	20	48	118	233
15126	18	34	21	49	127	233
15127	18	34	22	50	68	234
15128	18	34	23	51	68	236
15129	18	34	24	52	195	237
15130	18	34	25	53	82	237
15131	18	34	26	54	222	238
15132	18	34	27	55	41	239
15133	18	34	28	57	39	240
15134	18	34	29	56	83	241
15135	18	35	0	0	241	224
15136	18	35	1	1	192	221
15137	18	35	2	27	124	219
15138	18	35	3	28	96	219
15139	18	35	4	31	209	219
15140	18	35	5	32	145	220
15141	18	35	6	33	68	220
15142	18	35	7	34	195	221
15143	18	35	8	35	195	223
15144	18	35	9	36	123	223
15145	18	35	10	37	41	223
15146	18	35	11	38	41	225
15147	18	35	12	39	187	226
15148	18	35	13	40	225	226
15149	18	35	14	41	188	227
15150	18	35	15	42	188	229
15151	18	35	16	43	94	229
15152	18	35	17	44	108	230
15153	18	35	18	45	227	231
15154	18	35	19	46	36	232
15155	18	35	20	47	245	233
15156	18	35	21	48	136	234
15157	18	35	22	49	133	234
15158	18	35	23	50	65	235
15159	18	35	24	51	65	237
15160	18	35	25	52	198	238
15161	18	35	26	53	148	238
15162	18	35	27	54	189	239
15163	18	35	28	55	74	240
15164	18	36	0	0	241	225
15165	18	36	1	1	192	222
15166	18	36	2	29	168	219
15167	18	36	3	30	88	219
15168	18	36	4	2	74	220
15169	18	36	5	3	152	220
15170	18	36	6	31	127	220
15171	18	36	7	32	34	221
15172	18	36	8	33	181	221
15173	18	36	9	34	82	222
15174	18	36	10	35	82	224
15175	18	36	11	36	76	224
15176	18	36	12	37	113	224
15177	18	36	13	38	113	226
15178	18	36	14	39	169	227
15179	18	36	15	40	216	227
15180	18	36	16	41	191	228
15181	18	36	17	42	191	230
15182	18	36	18	43	227	230
15183	18	36	19	44	9	231
15184	18	36	20	45	260	232
15185	18	36	21	46	3	233
15186	18	36	22	47	130	234
15187	18	36	23	48	99	235
15188	18	36	24	49	33	235
15189	18	36	25	50	115	236
15190	18	36	26	51	115	238
15191	18	36	27	52	148	239
15192	18	37	0	0	241	226
15193	18	37	1	1	192	223
15194	18	37	2	4	162	220
15195	18	37	3	5	139	220
15196	18	37	4	6	132	220
15197	18	37	5	7	105	220
15198	18	37	6	30	130	220
15199	18	37	7	31	133	221
15200	18	37	8	32	164	222
15201	18	37	9	33	115	222
15202	18	37	10	34	148	223
15203	18	37	11	35	148	225
15204	18	37	12	36	150	225
15205	18	37	13	37	50	225
15206	18	37	14	38	50	227
15207	18	37	15	39	119	228
15208	18	37	16	40	191	228
15209	18	37	17	41	24	229
15210	18	37	18	42	24	231
15211	18	37	19	43	12	231
15212	18	37	20	44	260	232
15213	18	37	21	45	1	233
15214	18	37	22	46	262	234
15215	18	37	23	47	132	235
15216	18	37	24	48	230	236
15217	18	37	25	49	252	236
15218	18	37	26	50	137	237
15219	18	38	0	0	241	227
15220	18	38	1	1	192	224
15221	18	38	2	2	261	221
15222	18	38	3	8	67	220
15223	18	38	4	9	136	220
15224	18	38	5	10	65	220
15225	18	38	6	11	28	220
15226	18	38	7	28	213	220
15227	18	38	8	30	230	221
15228	18	38	9	31	33	222
15229	18	38	10	32	189	223
15230	18	38	11	33	163	223
15231	18	38	12	34	100	224
15232	18	38	13	35	100	226
15233	18	38	14	36	144	226
15234	18	38	15	37	48	226
15235	18	38	16	38	48	228
15236	18	38	17	39	251	229
15237	18	38	18	40	257	229
15238	18	38	19	41	2	230
15239	18	38	20	42	2	232
15240	18	38	21	43	1	232
15241	18	38	22	44	197	233
15242	18	38	23	45	22	234
15243	18	38	24	46	241	235
15244	18	38	25	47	11	236
15245	18	39	0	0	241	228
15246	18	39	1	1	192	225
15247	18	39	2	2	261	222
15248	18	39	3	12	135	220
15249	18	39	4	13	171	220
15250	18	39	5	14	190	220
15251	18	39	6	27	1	220
15252	18	39	7	29	15	220
15253	18	39	8	28	141	221
15254	18	39	9	30	11	222
15255	18	39	10	31	252	223
15256	18	39	11	32	200	224
15257	18	39	12	33	121	224
15258	18	39	13	34	142	225
15259	18	39	14	35	142	227
15260	18	39	15	36	215	227
15261	18	39	16	37	247	227
15262	18	39	17	38	247	229
15263	18	39	18	39	4	230
15264	18	39	19	40	2	230
15265	18	39	20	41	87	231
15266	18	39	21	42	87	233
15267	18	39	22	43	175	233
15268	18	39	23	44	22	234
15269	18	39	24	45	168	235
15270	18	40	0	0	241	229
15271	18	40	1	1	192	226
15272	18	40	2	2	261	223
15273	18	40	3	15	36	220
15274	18	40	4	16	115	220
15275	18	40	5	17	189	220
15276	18	40	6	18	124	220
15277	18	40	7	19	36	220
15278	18	40	8	27	22	221
15279	18	40	9	29	214	221
15280	18	40	10	28	47	222
15281	18	40	11	30	242	223
15282	18	40	12	31	21	224
15283	18	40	13	32	192	225
15284	18	40	14	33	32	225
15285	18	40	15	34	231	226
15286	18	40	16	35	231	228
15287	18	40	17	36	259	228
15288	18	40	18	37	174	228
15289	18	40	19	38	174	230
15290	18	40	20	39	88	231
15291	18	40	21	40	44	231
15292	18	40	22	41	73	232
15293	18	40	23	42	73	234
15294	18	41	0	0	241	230
15295	18	41	1	1	192	227
15296	18	41	2	2	261	224
15297	18	41	3	3	137	221
15298	18	41	4	20	11	220
15299	18	41	5	21	45	220
15300	18	41	6	24	87	220
15301	18	41	7	25	29	220
15302	18	41	8	26	168	220
15303	18	41	9	27	168	222
15304	18	41	10	29	83	222
15305	18	41	11	28	11	223
15306	18	41	12	30	7	224
15307	18	41	13	31	256	225
15308	18	41	14	32	199	226
15309	18	41	15	33	77	226
15310	18	41	16	34	186	227
15311	18	41	17	35	186	229
15312	18	41	18	36	89	229
15313	18	41	19	37	205	229
15314	18	41	20	38	205	231
15315	18	41	21	39	146	232
15316	18	41	22	40	73	232
15317	18	42	0	0	241	231
15318	18	42	1	1	192	228
15319	18	42	2	2	261	225
15320	18	42	3	3	137	222
15321	18	42	4	22	126	220
15322	18	42	5	23	156	220
15323	18	42	6	4	127	221
15324	18	42	7	5	242	221
15325	18	42	8	24	73	221
15326	18	42	9	25	112	221
15327	18	42	10	26	14	221
15328	18	42	11	27	14	223
15329	18	42	12	29	222	223
15330	18	42	13	28	204	224
15331	18	42	14	30	154	225
15332	18	42	15	31	109	226
15333	18	42	16	32	170	227
15334	18	42	17	33	116	227
15335	18	42	18	34	147	228
15336	18	42	19	35	147	230
15337	18	42	20	36	117	230
15338	18	42	21	37	39	230
15339	18	43	0	0	241	232
15340	18	43	1	1	192	229
15341	18	43	2	2	261	226
15342	18	43	3	3	137	223
15343	18	43	4	6	212	221
15344	18	43	5	7	49	221
15345	18	43	6	8	118	221
15346	18	43	7	9	14	221
15347	18	43	8	23	185	221
15348	18	43	9	24	151	222
15349	18	43	10	25	138	222
15350	18	43	11	26	83	222
15351	18	43	12	27	83	224
15352	18	43	13	29	80	224
15353	18	43	14	28	247	225
15354	18	43	15	30	124	226
15355	18	43	16	31	139	227
15356	18	43	17	32	31	228
15357	18	43	18	33	49	228
15358	18	43	19	34	214	229
15359	18	43	20	35	214	231
15360	18	44	0	0	241	233
15361	18	44	1	1	192	230
15362	18	44	2	2	261	227
15363	18	44	3	3	137	224
15364	18	44	4	10	25	221
15365	18	44	5	11	69	221
15366	18	44	6	12	257	221
15367	18	44	7	13	41	221
15368	18	44	8	15	51	221
15369	18	44	9	21	57	221
15370	18	44	10	23	125	222
15371	18	44	11	24	166	223
15372	18	44	12	25	143	223
15373	18	44	13	26	248	223
15374	18	44	14	27	248	225
15375	18	44	15	29	22	225
15376	18	44	16	28	244	226
15377	18	44	17	30	98	227
15378	18	44	18	31	165	228
15379	18	44	19	32	156	229
15380	18	45	0	0	241	234
15381	18	45	1	1	192	231
15382	18	45	2	2	261	228
15383	18	45	3	3	137	225
15384	18	45	4	4	215	222
15385	18	45	5	14	48	221
15386	18	45	6	16	253	221
15387	18	45	7	17	164	221
15388	18	45	8	20	52	221
15389	18	45	9	22	52	221
15390	18	45	10	21	143	222
15391	18	45	11	23	46	223
15392	18	45	12	24	120	224
15393	18	45	13	25	40	224
15394	18	45	14	26	5	224
15395	18	45	15	27	5	226
15396	18	45	16	29	3	226
15397	18	45	17	28	4	227
15398	18	45	18	30	55	228
15399	18	46	0	0	241	235
15400	18	46	1	1	192	232
15401	18	46	2	2	261	229
15402	18	46	3	3	137	226
15403	18	46	4	4	215	223
15404	18	46	5	18	205	221
15405	18	46	6	19	262	221
15406	18	46	7	5	215	222
15407	18	46	8	6	158	222
15408	18	46	9	7	45	222
15409	18	46	10	20	92	222
15410	18	46	11	22	109	222
15411	18	46	12	21	187	223
15412	18	46	13	23	223	224
15413	18	46	14	24	10	225
15414	18	46	15	25	91	225
15415	18	46	16	26	110	225
15416	18	46	17	27	110	227
15417	18	47	0	0	241	236
15418	18	47	1	1	192	233
15419	18	47	2	2	261	230
15420	18	47	3	3	137	227
15421	18	47	4	4	215	224
15422	18	47	5	8	165	222
15423	18	47	6	9	238	222
15424	18	47	7	10	57	222
15425	18	47	8	11	253	222
15426	18	47	9	18	196	222
15427	18	47	10	19	108	222
15428	18	47	11	20	57	223
15429	18	47	12	22	99	223
15430	18	47	13	21	156	224
15431	18	47	14	23	101	225
15432	18	47	15	24	172	226
15433	18	47	16	25	145	226
15434	18	48	0	0	241	237
15435	18	48	1	1	192	234
15436	18	48	2	2	261	231
15437	18	48	3	3	137	228
15438	18	48	4	4	215	225
15439	18	48	5	12	199	222
15440	18	48	6	13	185	222
15441	18	48	7	14	242	222
15442	18	48	8	15	34	222
15443	18	48	9	16	210	222
15444	18	48	10	17	114	222
15445	18	48	11	18	48	223
15446	18	48	12	19	151	223
15447	18	48	13	20	202	224
15448	18	48	14	22	37	224
15449	18	48	15	21	26	225
15450	18	49	0	0	241	238
15451	18	49	1	1	192	235
15452	18	49	2	2	261	232
15453	18	49	3	3	137	229
15454	18	49	4	4	215	226
15455	18	49	5	5	132	223
15456	18	49	6	6	207	223
15457	18	49	7	7	53	223
15458	18	49	8	8	261	223
15459	18	49	9	9	171	223
15460	18	49	10	10	171	223
15461	18	49	11	17	225	223
15462	18	49	12	18	255	224
15463	18	49	13	19	250	224
15464	18	49	14	20	108	225
15465	18	50	0	0	241	239
15466	18	50	1	1	192	236
15467	18	50	2	2	261	233
15468	18	50	3	3	137	230
15469	18	50	4	4	215	227
15470	18	50	5	5	132	224
15471	18	50	6	11	227	223
15472	18	50	7	12	134	223
15473	18	50	8	13	62	223
15474	18	50	9	14	255	223
15475	18	50	10	15	187	223
15476	18	50	11	16	53	223
15477	18	50	12	6	194	224
15478	18	50	13	17	216	224
15479	18	51	0	0	241	240
15480	18	51	1	1	192	237
15481	18	51	2	2	261	234
15482	18	51	3	3	137	231
15483	18	51	4	4	215	228
15484	18	51	5	5	132	225
15485	18	51	6	7	161	224
15486	18	51	7	8	53	224
15487	18	51	8	9	216	224
15488	18	51	9	10	91	224
15489	18	51	10	11	5	224
15490	18	51	11	12	194	224
15491	18	51	12	14	64	224
15492	18	52	0	0	241	241
15493	18	52	1	1	192	238
15494	18	52	2	2	261	235
15495	18	52	3	3	137	232
15496	18	52	4	4	215	229
15497	18	52	5	5	132	226
15498	18	52	6	15	186	224
15499	18	52	7	13	199	224
15500	18	52	8	16	116	224
15501	18	52	9	6	168	225
15502	18	52	10	7	92	225
15503	18	52	11	8	132	225
15504	18	53	0	0	241	242
15505	18	53	1	1	192	239
15506	18	53	2	2	261	236
15507	18	53	3	3	137	233
15508	18	53	4	4	215	230
15509	18	53	5	5	132	227
15510	18	53	6	9	82	225
15511	18	53	7	10	50	225
15512	18	53	8	12	18	225
15513	18	53	9	11	207	225
15514	18	53	10	13	99	225
15515	18	54	0	0	241	243
15516	18	54	1	1	192	240
15517	18	54	2	2	261	237
15518	18	54	3	3	137	234
15519	18	54	4	4	215	231
15520	18	54	5	5	132	228
15521	18	54	6	14	228	225
15522	18	54	7	15	253	225
15523	18	54	8	16	55	225
15524	18	54	9	17	258	225
15525	18	55	0	0	241	244
15526	18	55	1	1	192	241
15527	18	55	2	2	261	238
15528	18	55	3	3	137	235
15529	18	55	4	4	215	232
15530	18	55	5	5	132	229
15531	18	55	6	6	163	226
15532	18	55	7	18	119	225
15533	18	55	8	19	129	225
15534	18	56	0	0	241	245
15535	18	56	1	1	192	242
15536	18	56	2	2	261	239
15537	18	56	3	3	137	236
15538	18	56	4	4	215	233
15539	18	56	5	5	132	230
15540	18	56	6	6	163	227
15541	18	56	7	22	70	225
15542	18	57	0	0	241	246
15543	18	57	1	1	192	243
15544	18	57	2	2	261	240
15545	18	57	3	3	137	237
15546	18	57	4	4	215	234
15547	18	57	5	5	132	231
15548	18	57	6	6	163	228
15549	18	58	0	0	241	247
15550	18	58	1	1	192	244
15551	18	58	2	2	261	241
15552	18	58	3	3	137	238
15553	18	58	4	4	215	235
15554	18	58	5	5	132	232
15555	18	59	0	0	241	248
15556	18	59	1	1	192	245
15557	18	59	2	2	261	242
15558	18	59	3	3	137	239
15559	18	59	4	4	215	236
15560	18	60	0	0	241	249
15561	18	60	1	1	192	246
15562	18	60	2	2	261	243
15563	18	60	3	3	137	240
15564	18	61	0	0	241	250
15565	18	61	1	1	192	247
15566	18	61	2	2	261	244
15567	18	62	0	0	241	251
15568	18	62	1	1	192	248
15569	18	63	0	0	241	252
15570	19	0	0	7	182	226
15571	19	0	1	8	82	226
15572	19	0	2	9	220	226
15573	19	0	3	10	5	226
15574	19	0	4	11	188	226
15575	19	0	5	12	55	226
15576	19	0	6	13	157	226
15577	19	0	7	14	44	226
15578	19	0	8	15	33	226
15579	19	0	9	16	156	226
15580	19	0	10	17	252	226
15581	19	0	11	18	114	226
15582	19	0	12	19	84	226
15583	19	0	13	20	195	226
15584	19	0	14	21	170	226
15585	19	0	15	22	207	226
15586	19	0	16	23	249	226
15587	19	0	17	26	148	226
15588	19	0	18	24	149	227
15589	19	0	19	25	234	227
15590	19	0	20	29	100	227
15591	19	0	21	27	33	228
15592	19	0	22	28	149	228
15593	19	0	23	6	86	229
15594	19	0	24	30	24	229
15595	19	0	25	31	12	229
15596	19	0	26	33	212	229
15597	19	0	27	32	237	230
15598	19	0	28	34	184	230
15599	19	0	29	36	226	231
15600	19	0	30	37	56	231
15601	19	0	31	35	204	232
15602	19	0	32	38	247	232
15603	19	0	33	5	173	233
15604	19	0	34	39	246	233
15605	19	0	35	40	41	233
15606	19	0	36	41	76	233
15607	19	0	37	43	72	234
15608	19	0	38	42	140	235
15609	19	0	39	44	248	235
15610	19	0	40	45	201	236
15611	19	0	41	46	232	236
15612	19	0	42	4	230	237
15613	19	0	43	47	104	237
15614	19	0	44	48	126	237
15615	19	0	45	49	213	237
15616	19	0	46	50	192	238
15617	19	0	47	51	71	239
15618	19	0	48	53	178	239
15619	19	0	49	52	15	240
15620	19	0	50	54	212	240
15621	19	0	51	3	172	241
15622	19	0	52	55	70	241
15623	19	0	53	57	201	241
15624	19	0	54	58	124	241
15625	19	0	55	56	153	242
15626	19	0	56	59	154	243
15627	19	0	57	60	113	244
15628	19	0	58	61	193	244
15629	19	0	59	62	82	244
15630	19	0	60	2	28	245
15631	19	0	61	63	74	245
15632	19	0	62	64	100	245
15633	19	0	63	65	238	246
15634	19	0	64	66	258	246
15635	19	0	65	67	134	247
15636	19	0	66	68	220	247
15637	19	0	67	69	208	248
15638	19	0	68	71	145	248
15639	19	0	69	1	161	249
15640	19	1	0	7	182	227
15641	19	1	1	8	82	227
15642	19	1	2	9	220	227
15643	19	1	3	10	5	227
15644	19	1	4	11	188	227
15645	19	1	5	12	55	227
15646	19	1	6	13	157	227
15647	19	1	7	14	44	227
15648	19	1	8	15	33	227
15649	19	1	9	16	156	227
15650	19	1	10	17	252	227
15651	19	1	11	18	114	227
15652	19	1	12	19	84	227
15653	19	1	13	20	195	227
15654	19	1	14	21	170	227
15655	19	1	15	22	207	227
15656	19	1	16	23	249	227
15657	19	1	17	26	148	227
15658	19	1	18	24	149	228
15659	19	1	19	25	234	228
15660	19	1	20	29	100	228
15661	19	1	21	27	33	229
15662	19	1	22	28	149	229
15663	19	1	23	6	86	230
15664	19	1	24	30	24	230
15665	19	1	25	31	12	230
15666	19	1	26	33	212	230
15667	19	1	27	32	237	231
15668	19	1	28	34	184	231
15669	19	1	29	36	226	232
15670	19	1	30	37	56	232
15671	19	1	31	35	204	233
15672	19	1	32	38	247	233
15673	19	1	33	5	173	234
15674	19	1	34	39	246	234
15675	19	1	35	40	41	234
15676	19	1	36	41	76	234
15677	19	1	37	43	72	235
15678	19	1	38	42	140	236
15679	19	1	39	44	248	236
15680	19	1	40	45	201	237
15681	19	1	41	46	232	237
15682	19	1	42	4	230	238
15683	19	1	43	47	104	238
15684	19	1	44	48	126	238
15685	19	1	45	49	213	238
15686	19	1	46	50	192	239
15687	19	1	47	51	71	240
15688	19	1	48	53	178	240
15689	19	1	49	52	15	241
15690	19	1	50	54	212	241
15691	19	1	51	3	172	242
15692	19	1	52	55	70	242
15693	19	1	53	57	201	242
15694	19	1	54	58	124	242
15695	19	1	55	56	153	243
15696	19	1	56	59	154	244
15697	19	1	57	60	113	245
15698	19	1	58	61	193	245
15699	19	1	59	62	82	245
15700	19	1	60	2	28	246
15701	19	1	61	63	74	246
15702	19	1	62	64	100	246
15703	19	1	63	65	238	247
15704	19	1	64	66	258	247
15705	19	1	65	67	134	248
15706	19	1	66	68	220	248
15707	19	1	67	69	208	249
15708	19	1	68	70	210	249
15709	19	2	0	7	182	228
15710	19	2	1	8	82	228
15711	19	2	2	9	220	228
15712	19	2	3	10	5	228
15713	19	2	4	11	188	228
15714	19	2	5	12	55	228
15715	19	2	6	13	157	228
15716	19	2	7	14	44	228
15717	19	2	8	15	33	228
15718	19	2	9	16	156	228
15719	19	2	10	17	252	228
15720	19	2	11	18	114	228
15721	19	2	12	19	84	228
15722	19	2	13	20	195	228
15723	19	2	14	21	170	228
15724	19	2	15	22	207	228
15725	19	2	16	23	249	228
15726	19	2	17	26	148	228
15727	19	2	18	24	149	229
15728	19	2	19	25	234	229
15729	19	2	20	29	100	229
15730	19	2	21	27	33	230
15731	19	2	22	28	149	230
15732	19	2	23	6	86	231
15733	19	2	24	30	24	231
15734	19	2	25	31	12	231
15735	19	2	26	33	212	231
15736	19	2	27	32	237	232
15737	19	2	28	34	184	232
15738	19	2	29	36	226	233
15739	19	2	30	37	56	233
15740	19	2	31	35	204	234
15741	19	2	32	38	247	234
15742	19	2	33	5	173	235
15743	19	2	34	39	246	235
15744	19	2	35	40	41	235
15745	19	2	36	41	76	235
15746	19	2	37	43	72	236
15747	19	2	38	42	140	237
15748	19	2	39	44	248	237
15749	19	2	40	45	201	238
15750	19	2	41	46	232	238
15751	19	2	42	4	230	239
15752	19	2	43	47	104	239
15753	19	2	44	48	126	239
15754	19	2	45	49	213	239
15755	19	2	46	50	192	240
15756	19	2	47	51	71	241
15757	19	2	48	53	178	241
15758	19	2	49	52	15	242
15759	19	2	50	54	212	242
15760	19	2	51	3	172	243
15761	19	2	52	55	70	243
15762	19	2	53	57	201	243
15763	19	2	54	58	124	243
15764	19	2	55	56	153	244
15765	19	2	56	59	154	245
15766	19	2	57	60	113	246
15767	19	2	58	61	193	246
15768	19	2	59	62	82	246
15769	19	2	60	2	28	247
15770	19	2	61	63	74	247
15771	19	2	62	64	100	247
15772	19	2	63	65	238	248
15773	19	2	64	66	258	248
15774	19	2	65	67	134	249
15775	19	2	66	68	220	249
15776	19	2	67	71	246	249
15777	19	3	0	7	182	229
15778	19	3	1	8	82	229
15779	19	3	2	9	220	229
15780	19	3	3	10	5	229
15781	19	3	4	11	188	229
15782	19	3	5	12	55	229
15783	19	3	6	13	157	229
15784	19	3	7	14	44	229
15785	19	3	8	15	33	229
15786	19	3	9	16	156	229
15787	19	3	10	17	252	229
15788	19	3	11	18	114	229
15789	19	3	12	19	84	229
15790	19	3	13	20	195	229
15791	19	3	14	21	170	229
15792	19	3	15	22	207	229
15793	19	3	16	23	249	229
15794	19	3	17	26	148	229
15795	19	3	18	24	149	230
15796	19	3	19	25	234	230
15797	19	3	20	29	100	230
15798	19	3	21	27	33	231
15799	19	3	22	28	149	231
15800	19	3	23	6	86	232
15801	19	3	24	30	24	232
15802	19	3	25	31	12	232
15803	19	3	26	33	212	232
15804	19	3	27	32	237	233
15805	19	3	28	34	184	233
15806	19	3	29	36	226	234
15807	19	3	30	37	56	234
15808	19	3	31	35	204	235
15809	19	3	32	38	247	235
15810	19	3	33	5	173	236
15811	19	3	34	39	246	236
15812	19	3	35	40	41	236
15813	19	3	36	41	76	236
15814	19	3	37	43	72	237
15815	19	3	38	42	140	238
15816	19	3	39	44	248	238
15817	19	3	40	45	201	239
15818	19	3	41	46	232	239
15819	19	3	42	4	230	240
15820	19	3	43	47	104	240
15821	19	3	44	48	126	240
15822	19	3	45	49	213	240
15823	19	3	46	50	192	241
15824	19	3	47	51	71	242
15825	19	3	48	53	178	242
15826	19	3	49	52	15	243
15827	19	3	50	54	212	243
15828	19	3	51	3	172	244
15829	19	3	52	55	70	244
15830	19	3	53	57	201	244
15831	19	3	54	58	124	244
15832	19	3	55	56	153	245
15833	19	3	56	59	154	246
15834	19	3	57	60	113	247
15835	19	3	58	61	193	247
15836	19	3	59	62	82	247
15837	19	3	60	2	28	248
15838	19	3	61	63	74	248
15839	19	3	62	64	100	248
15840	19	3	63	65	238	249
15841	19	3	64	66	258	249
15842	19	3	65	73	139	249
15843	19	3	66	1	20	250
15844	19	4	0	7	182	230
15845	19	4	1	8	82	230
15846	19	4	2	9	220	230
15847	19	4	3	10	5	230
15848	19	4	4	11	188	230
15849	19	4	5	12	55	230
15850	19	4	6	13	157	230
15851	19	4	7	14	44	230
15852	19	4	8	15	33	230
15853	19	4	9	16	156	230
15854	19	4	10	17	252	230
15855	19	4	11	18	114	230
15856	19	4	12	19	84	230
15857	19	4	13	20	195	230
15858	19	4	14	21	170	230
15859	19	4	15	22	207	230
15860	19	4	16	23	249	230
15861	19	4	17	26	148	230
15862	19	4	18	24	149	231
15863	19	4	19	25	234	231
15864	19	4	20	29	100	231
15865	19	4	21	27	33	232
15866	19	4	22	28	149	232
15867	19	4	23	6	86	233
15868	19	4	24	30	24	233
15869	19	4	25	31	12	233
15870	19	4	26	33	212	233
15871	19	4	27	32	237	234
15872	19	4	28	34	184	234
15873	19	4	29	36	226	235
15874	19	4	30	37	56	235
15875	19	4	31	35	204	236
15876	19	4	32	38	247	236
15877	19	4	33	5	173	237
15878	19	4	34	39	246	237
15879	19	4	35	40	41	237
15880	19	4	36	41	76	237
15881	19	4	37	43	72	238
15882	19	4	38	42	140	239
15883	19	4	39	44	248	239
15884	19	4	40	45	201	240
15885	19	4	41	46	232	240
15886	19	4	42	4	230	241
15887	19	4	43	47	104	241
15888	19	4	44	48	126	241
15889	19	4	45	49	213	241
15890	19	4	46	50	192	242
15891	19	4	47	51	71	243
15892	19	4	48	53	178	243
15893	19	4	49	52	15	244
15894	19	4	50	54	212	244
15895	19	4	51	3	172	245
15896	19	4	52	55	70	245
15897	19	4	53	57	201	245
15898	19	4	54	58	124	245
15899	19	4	55	56	153	246
15900	19	4	56	59	154	247
15901	19	4	57	60	113	248
15902	19	4	58	61	193	248
15903	19	4	59	62	82	248
15904	19	4	60	2	28	249
15905	19	4	61	63	74	249
15906	19	4	62	64	100	249
15907	19	4	63	65	238	250
15908	19	4	64	66	258	250
15909	19	4	65	67	77	250
15910	19	5	0	7	182	231
15911	19	5	1	8	82	231
15912	19	5	2	9	220	231
15913	19	5	3	10	5	231
15914	19	5	4	11	188	231
15915	19	5	5	12	55	231
15916	19	5	6	13	157	231
15917	19	5	7	14	44	231
15918	19	5	8	15	33	231
15919	19	5	9	16	156	231
15920	19	5	10	17	252	231
15921	19	5	11	18	114	231
15922	19	5	12	19	84	231
15923	19	5	13	20	195	231
15924	19	5	14	21	170	231
15925	19	5	15	22	207	231
15926	19	5	16	23	249	231
15927	19	5	17	26	148	231
15928	19	5	18	24	149	232
15929	19	5	19	25	234	232
15930	19	5	20	29	100	232
15931	19	5	21	27	33	233
15932	19	5	22	28	149	233
15933	19	5	23	6	86	234
15934	19	5	24	30	24	234
15935	19	5	25	31	12	234
15936	19	5	26	33	212	234
15937	19	5	27	32	237	235
15938	19	5	28	34	184	235
15939	19	5	29	36	226	236
15940	19	5	30	37	56	236
15941	19	5	31	35	204	237
15942	19	5	32	38	247	237
15943	19	5	33	5	173	238
15944	19	5	34	39	246	238
15945	19	5	35	40	41	238
15946	19	5	36	41	76	238
15947	19	5	37	43	72	239
15948	19	5	38	42	140	240
15949	19	5	39	44	248	240
15950	19	5	40	45	201	241
15951	19	5	41	46	232	241
15952	19	5	42	4	230	242
15953	19	5	43	47	104	242
15954	19	5	44	48	126	242
15955	19	5	45	49	213	242
15956	19	5	46	50	192	243
15957	19	5	47	51	71	244
15958	19	5	48	53	178	244
15959	19	5	49	52	15	245
15960	19	5	50	54	212	245
15961	19	5	51	3	172	246
15962	19	5	52	55	70	246
15963	19	5	53	57	201	246
15964	19	5	54	58	124	246
15965	19	5	55	56	153	247
15966	19	5	56	59	154	248
15967	19	5	57	60	113	249
15968	19	5	58	61	193	249
15969	19	5	59	62	82	249
15970	19	5	60	2	28	250
15971	19	5	61	63	74	250
15972	19	5	62	64	100	250
15973	19	5	63	68	75	250
15974	19	5	64	69	10	250
15975	19	6	0	7	182	232
15976	19	6	1	8	82	232
15977	19	6	2	9	220	232
15978	19	6	3	10	5	232
15979	19	6	4	11	188	232
15980	19	6	5	12	55	232
15981	19	6	6	13	157	232
15982	19	6	7	14	44	232
15983	19	6	8	15	33	232
15984	19	6	9	16	156	232
15985	19	6	10	17	252	232
15986	19	6	11	18	114	232
15987	19	6	12	19	84	232
15988	19	6	13	20	195	232
15989	19	6	14	21	170	232
15990	19	6	15	22	207	232
15991	19	6	16	23	249	232
15992	19	6	17	26	148	232
15993	19	6	18	24	149	233
15994	19	6	19	25	234	233
15995	19	6	20	29	100	233
15996	19	6	21	27	33	234
15997	19	6	22	28	149	234
15998	19	6	23	6	86	235
15999	19	6	24	30	24	235
16000	19	6	25	31	12	235
16001	19	6	26	33	212	235
16002	19	6	27	32	237	236
16003	19	6	28	34	184	236
16004	19	6	29	36	226	237
16005	19	6	30	37	56	237
16006	19	6	31	35	204	238
16007	19	6	32	38	247	238
16008	19	6	33	5	173	239
16009	19	6	34	39	246	239
16010	19	6	35	40	41	239
16011	19	6	36	41	76	239
16012	19	6	37	43	72	240
16013	19	6	38	42	140	241
16014	19	6	39	44	248	241
16015	19	6	40	45	201	242
16016	19	6	41	46	232	242
16017	19	6	42	4	230	243
16018	19	6	43	47	104	243
16019	19	6	44	48	126	243
16020	19	6	45	49	213	243
16021	19	6	46	50	192	244
16022	19	6	47	51	71	245
16023	19	6	48	53	178	245
16024	19	6	49	52	15	246
16025	19	6	50	54	212	246
16026	19	6	51	3	172	247
16027	19	6	52	55	70	247
16028	19	6	53	57	201	247
16029	19	6	54	58	124	247
16030	19	6	55	56	153	248
16031	19	6	56	59	154	249
16032	19	6	57	60	113	250
16033	19	6	58	61	193	250
16034	19	6	59	62	82	250
16035	19	6	60	70	13	250
16036	19	6	61	71	167	250
16037	19	6	62	72	212	250
16038	19	6	63	73	115	250
16039	19	7	0	7	182	233
16040	19	7	1	8	82	233
16041	19	7	2	9	220	233
16042	19	7	3	10	5	233
16043	19	7	4	11	188	233
16044	19	7	5	12	55	233
16045	19	7	6	13	157	233
16046	19	7	7	14	44	233
16047	19	7	8	15	33	233
16048	19	7	9	16	156	233
16049	19	7	10	17	252	233
16050	19	7	11	18	114	233
16051	19	7	12	19	84	233
16052	19	7	13	20	195	233
16053	19	7	14	21	170	233
16054	19	7	15	22	207	233
16055	19	7	16	23	249	233
16056	19	7	17	26	148	233
16057	19	7	18	24	149	234
16058	19	7	19	25	234	234
16059	19	7	20	29	100	234
16060	19	7	21	27	33	235
16061	19	7	22	28	149	235
16062	19	7	23	6	86	236
16063	19	7	24	30	24	236
16064	19	7	25	31	12	236
16065	19	7	26	33	212	236
16066	19	7	27	32	237	237
16067	19	7	28	34	184	237
16068	19	7	29	36	226	238
16069	19	7	30	37	56	238
16070	19	7	31	35	204	239
16071	19	7	32	38	247	239
16072	19	7	33	5	173	240
16073	19	7	34	39	246	240
16074	19	7	35	40	41	240
16075	19	7	36	41	76	240
16076	19	7	37	43	72	241
16077	19	7	38	42	140	242
16078	19	7	39	44	248	242
16079	19	7	40	45	201	243
16080	19	7	41	46	232	243
16081	19	7	42	4	230	244
16082	19	7	43	47	104	244
16083	19	7	44	48	126	244
16084	19	7	45	49	213	244
16085	19	7	46	50	192	245
16086	19	7	47	51	71	246
16087	19	7	48	53	178	246
16088	19	7	49	52	15	247
16089	19	7	50	54	212	247
16090	19	7	51	3	172	248
16091	19	7	52	55	70	248
16092	19	7	53	57	201	248
16093	19	7	54	58	124	248
16094	19	7	55	56	153	249
16095	19	7	56	59	154	250
16096	19	7	57	1	224	251
16097	19	7	58	2	50	251
16098	19	7	59	60	129	251
16099	19	7	60	61	168	251
16100	19	7	61	62	217	251
16101	19	7	62	63	130	251
16102	19	8	0	7	182	234
16103	19	8	1	8	82	234
16104	19	8	2	9	220	234
16105	19	8	3	10	5	234
16106	19	8	4	11	188	234
16107	19	8	5	12	55	234
16108	19	8	6	13	157	234
16109	19	8	7	14	44	234
16110	19	8	8	15	33	234
16111	19	8	9	16	156	234
16112	19	8	10	17	252	234
16113	19	8	11	18	114	234
16114	19	8	12	19	84	234
16115	19	8	13	20	195	234
16116	19	8	14	21	170	234
16117	19	8	15	22	207	234
16118	19	8	16	23	249	234
16119	19	8	17	26	148	234
16120	19	8	18	24	149	235
16121	19	8	19	25	234	235
16122	19	8	20	29	100	235
16123	19	8	21	27	33	236
16124	19	8	22	28	149	236
16125	19	8	23	6	86	237
16126	19	8	24	30	24	237
16127	19	8	25	31	12	237
16128	19	8	26	33	212	237
16129	19	8	27	32	237	238
16130	19	8	28	34	184	238
16131	19	8	29	36	226	239
16132	19	8	30	37	56	239
16133	19	8	31	35	204	240
16134	19	8	32	38	247	240
16135	19	8	33	5	173	241
16136	19	8	34	39	246	241
16137	19	8	35	40	41	241
16138	19	8	36	41	76	241
16139	19	8	37	43	72	242
16140	19	8	38	42	140	243
16141	19	8	39	44	248	243
16142	19	8	40	45	201	244
16143	19	8	41	46	232	244
16144	19	8	42	4	230	245
16145	19	8	43	47	104	245
16146	19	8	44	48	126	245
16147	19	8	45	49	213	245
16148	19	8	46	50	192	246
16149	19	8	47	51	71	247
16150	19	8	48	53	178	247
16151	19	8	49	52	15	248
16152	19	8	50	54	212	248
16153	19	8	51	3	172	249
16154	19	8	52	55	70	249
16155	19	8	53	57	201	249
16156	19	8	54	58	124	249
16157	19	8	55	56	153	250
16158	19	8	56	59	154	251
16159	19	8	57	64	6	251
16160	19	8	58	65	6	251
16161	19	8	59	66	131	251
16162	19	8	60	67	12	251
16163	19	8	61	68	152	251
16164	19	9	0	7	182	235
16165	19	9	1	8	82	235
16166	19	9	2	9	220	235
16167	19	9	3	10	5	235
16168	19	9	4	11	188	235
16169	19	9	5	12	55	235
16170	19	9	6	13	157	235
16171	19	9	7	14	44	235
16172	19	9	8	15	33	235
16173	19	9	9	16	156	235
16174	19	9	10	17	252	235
16175	19	9	11	18	114	235
16176	19	9	12	19	84	235
16177	19	9	13	20	195	235
16178	19	9	14	21	170	235
16179	19	9	15	22	207	235
16180	19	9	16	23	249	235
16181	19	9	17	26	148	235
16182	19	9	18	24	149	236
16183	19	9	19	25	234	236
16184	19	9	20	29	100	236
16185	19	9	21	27	33	237
16186	19	9	22	28	149	237
16187	19	9	23	6	86	238
16188	19	9	24	30	24	238
16189	19	9	25	31	12	238
16190	19	9	26	33	212	238
16191	19	9	27	32	237	239
16192	19	9	28	34	184	239
16193	19	9	29	36	226	240
16194	19	9	30	37	56	240
16195	19	9	31	35	204	241
16196	19	9	32	38	247	241
16197	19	9	33	5	173	242
16198	19	9	34	39	246	242
16199	19	9	35	40	41	242
16200	19	9	36	41	76	242
16201	19	9	37	43	72	243
16202	19	9	38	42	140	244
16203	19	9	39	44	248	244
16204	19	9	40	45	201	245
16205	19	9	41	46	232	245
16206	19	9	42	4	230	246
16207	19	9	43	47	104	246
16208	19	9	44	48	126	246
16209	19	9	45	49	213	246
16210	19	9	46	50	192	247
16211	19	9	47	51	71	248
16212	19	9	48	53	178	248
16213	19	9	49	52	15	249
16214	19	9	50	54	212	249
16215	19	9	51	3	172	250
16216	19	9	52	55	70	250
16217	19	9	53	57	201	250
16218	19	9	54	58	124	250
16219	19	9	55	56	153	251
16220	19	9	56	69	112	251
16221	19	9	57	70	82	251
16222	19	9	58	71	68	251
16223	19	9	59	72	182	251
16224	19	9	60	73	217	251
16225	19	10	0	7	182	236
16226	19	10	1	8	82	236
16227	19	10	2	9	220	236
16228	19	10	3	10	5	236
16229	19	10	4	11	188	236
16230	19	10	5	12	55	236
16231	19	10	6	13	157	236
16232	19	10	7	14	44	236
16233	19	10	8	15	33	236
16234	19	10	9	16	156	236
16235	19	10	10	17	252	236
16236	19	10	11	18	114	236
16237	19	10	12	19	84	236
16238	19	10	13	20	195	236
16239	19	10	14	21	170	236
16240	19	10	15	22	207	236
16241	19	10	16	23	249	236
16242	19	10	17	26	148	236
16243	19	10	18	24	149	237
16244	19	10	19	25	234	237
16245	19	10	20	29	100	237
16246	19	10	21	27	33	238
16247	19	10	22	28	149	238
16248	19	10	23	6	86	239
16249	19	10	24	30	24	239
16250	19	10	25	31	12	239
16251	19	10	26	33	212	239
16252	19	10	27	32	237	240
16253	19	10	28	34	184	240
16254	19	10	29	36	226	241
16255	19	10	30	37	56	241
16256	19	10	31	35	204	242
16257	19	10	32	38	247	242
16258	19	10	33	5	173	243
16259	19	10	34	39	246	243
16260	19	10	35	40	41	243
16261	19	10	36	41	76	243
16262	19	10	37	43	72	244
16263	19	10	38	42	140	245
16264	19	10	39	44	248	245
16265	19	10	40	45	201	246
16266	19	10	41	46	232	246
16267	19	10	42	4	230	247
16268	19	10	43	47	104	247
16269	19	10	44	48	126	247
16270	19	10	45	49	213	247
16271	19	10	46	50	192	248
16272	19	10	47	51	71	249
16273	19	10	48	53	178	249
16274	19	10	49	52	15	250
16275	19	10	50	54	212	250
16276	19	10	51	3	172	251
16277	19	10	52	55	70	251
16278	19	10	53	57	201	251
16279	19	10	54	58	124	251
16280	19	10	55	74	91	251
16281	19	10	56	75	178	251
16282	19	10	57	76	97	251
16283	19	10	58	1	261	252
16284	19	10	59	2	38	252
16285	19	11	0	7	182	237
16286	19	11	1	8	82	237
16287	19	11	2	9	220	237
16288	19	11	3	10	5	237
16289	19	11	4	11	188	237
16290	19	11	5	12	55	237
16291	19	11	6	13	157	237
16292	19	11	7	14	44	237
16293	19	11	8	15	33	237
16294	19	11	9	16	156	237
16295	19	11	10	17	252	237
16296	19	11	11	18	114	237
16297	19	11	12	19	84	237
16298	19	11	13	20	195	237
16299	19	11	14	21	170	237
16300	19	11	15	22	207	237
16301	19	11	16	23	249	237
16302	19	11	17	26	148	237
16303	19	11	18	24	149	238
16304	19	11	19	25	234	238
16305	19	11	20	29	100	238
16306	19	11	21	27	33	239
16307	19	11	22	28	149	239
16308	19	11	23	6	86	240
16309	19	11	24	30	24	240
16310	19	11	25	31	12	240
16311	19	11	26	33	212	240
16312	19	11	27	32	237	241
16313	19	11	28	34	184	241
16314	19	11	29	36	226	242
16315	19	11	30	37	56	242
16316	19	11	31	35	204	243
16317	19	11	32	38	247	243
16318	19	11	33	5	173	244
16319	19	11	34	39	246	244
16320	19	11	35	40	41	244
16321	19	11	36	41	76	244
16322	19	11	37	43	72	245
16323	19	11	38	42	140	246
16324	19	11	39	44	248	246
16325	19	11	40	45	201	247
16326	19	11	41	46	232	247
16327	19	11	42	4	230	248
16328	19	11	43	47	104	248
16329	19	11	44	48	126	248
16330	19	11	45	49	213	248
16331	19	11	46	50	192	249
16332	19	11	47	51	71	250
16333	19	11	48	53	178	250
16334	19	11	49	52	15	251
16335	19	11	50	54	212	251
16336	19	11	51	3	172	252
16337	19	11	52	55	70	252
16338	19	11	53	56	200	252
16339	19	11	54	58	124	252
16340	19	11	55	57	233	252
16341	19	11	56	59	99	252
16342	19	11	57	60	15	252
16343	19	11	58	61	50	252
16344	19	12	0	7	182	238
16345	19	12	1	8	82	238
16346	19	12	2	9	220	238
16347	19	12	3	10	5	238
16348	19	12	4	11	188	238
16349	19	12	5	12	55	238
16350	19	12	6	13	157	238
16351	19	12	7	14	44	238
16352	19	12	8	15	33	238
16353	19	12	9	16	156	238
16354	19	12	10	17	252	238
16355	19	12	11	18	114	238
16356	19	12	12	19	84	238
16357	19	12	13	20	195	238
16358	19	12	14	21	170	238
16359	19	12	15	22	207	238
16360	19	12	16	23	249	238
16361	19	12	17	26	148	238
16362	19	12	18	24	149	239
16363	19	12	19	25	234	239
16364	19	12	20	29	100	239
16365	19	12	21	27	33	240
16366	19	12	22	28	149	240
16367	19	12	23	6	86	241
16368	19	12	24	30	24	241
16369	19	12	25	31	12	241
16370	19	12	26	33	212	241
16371	19	12	27	32	237	242
16372	19	12	28	34	184	242
16373	19	12	29	36	226	243
16374	19	12	30	37	56	243
16375	19	12	31	35	204	244
16376	19	12	32	38	247	244
16377	19	12	33	5	173	245
16378	19	12	34	39	246	245
16379	19	12	35	40	41	245
16380	19	12	36	41	76	245
16381	19	12	37	43	72	246
16382	19	12	38	42	140	247
16383	19	12	39	44	248	247
16384	19	12	40	45	201	248
16385	19	12	41	46	232	248
16386	19	12	42	4	230	249
16387	19	12	43	47	104	249
16388	19	12	44	48	126	249
16389	19	12	45	49	213	249
16390	19	12	46	50	192	250
16391	19	12	47	51	71	251
16392	19	12	48	53	178	251
16393	19	12	49	52	15	252
16394	19	12	50	54	212	252
16395	19	12	51	62	234	252
16396	19	12	52	63	204	252
16397	19	12	53	64	54	252
16398	19	12	54	65	158	252
16399	19	12	55	66	238	252
16400	19	12	56	67	64	252
16401	19	12	57	68	223	252
16402	19	13	0	7	182	239
16403	19	13	1	8	82	239
16404	19	13	2	9	220	239
16405	19	13	3	10	5	239
16406	19	13	4	11	188	239
16407	19	13	5	12	55	239
16408	19	13	6	13	157	239
16409	19	13	7	14	44	239
16410	19	13	8	15	33	239
16411	19	13	9	16	156	239
16412	19	13	10	17	252	239
16413	19	13	11	18	114	239
16414	19	13	12	19	84	239
16415	19	13	13	20	195	239
16416	19	13	14	21	170	239
16417	19	13	15	22	207	239
16418	19	13	16	23	249	239
16419	19	13	17	26	148	239
16420	19	13	18	24	149	240
16421	19	13	19	25	234	240
16422	19	13	20	29	100	240
16423	19	13	21	27	33	241
16424	19	13	22	28	149	241
16425	19	13	23	6	86	242
16426	19	13	24	30	24	242
16427	19	13	25	31	12	242
16428	19	13	26	33	212	242
16429	19	13	27	32	237	243
16430	19	13	28	34	184	243
16431	19	13	29	36	226	244
16432	19	13	30	37	56	244
16433	19	13	31	35	204	245
16434	19	13	32	38	247	245
16435	19	13	33	5	173	246
16436	19	13	34	39	246	246
16437	19	13	35	40	41	246
16438	19	13	36	41	76	246
16439	19	13	37	43	72	247
16440	19	13	38	42	140	248
16441	19	13	39	44	248	248
16442	19	13	40	45	201	249
16443	19	13	41	46	232	249
16444	19	13	42	4	230	250
16445	19	13	43	47	104	250
16446	19	13	44	48	126	250
16447	19	13	45	49	213	250
16448	19	13	46	50	192	251
16449	19	13	47	51	71	252
16450	19	13	48	53	178	252
16451	19	13	49	69	92	252
16452	19	13	50	70	187	252
16453	19	13	51	71	217	252
16454	19	13	52	72	93	252
16455	19	13	53	73	221	252
16456	19	13	54	74	176	252
16457	19	13	55	75	73	252
16458	19	13	56	76	82	252
16459	19	14	0	7	182	240
16460	19	14	1	8	82	240
16461	19	14	2	9	220	240
16462	19	14	3	10	5	240
16463	19	14	4	11	188	240
16464	19	14	5	12	55	240
16465	19	14	6	13	157	240
16466	19	14	7	14	44	240
16467	19	14	8	15	33	240
16468	19	14	9	16	156	240
16469	19	14	10	17	252	240
16470	19	14	11	18	114	240
16471	19	14	12	19	84	240
16472	19	14	13	20	195	240
16473	19	14	14	21	170	240
16474	19	14	15	22	207	240
16475	19	14	16	23	249	240
16476	19	14	17	26	148	240
16477	19	14	18	24	149	241
16478	19	14	19	25	234	241
16479	19	14	20	29	100	241
16480	19	14	21	27	33	242
16481	19	14	22	28	149	242
16482	19	14	23	6	86	243
16483	19	14	24	30	24	243
16484	19	14	25	31	12	243
16485	19	14	26	33	212	243
16486	19	14	27	32	237	244
16487	19	14	28	34	184	244
16488	19	14	29	36	226	245
16489	19	14	30	37	56	245
16490	19	14	31	35	204	246
16491	19	14	32	38	247	246
16492	19	14	33	5	173	247
16493	19	14	34	39	246	247
16494	19	14	35	40	41	247
16495	19	14	36	41	76	247
16496	19	14	37	43	72	248
16497	19	14	38	42	140	249
16498	19	14	39	44	248	249
16499	19	14	40	45	201	250
16500	19	14	41	46	232	250
16501	19	14	42	4	230	251
16502	19	14	43	47	104	251
16503	19	14	44	48	126	251
16504	19	14	45	49	213	251
16505	19	14	46	50	192	252
16506	19	14	47	77	246	252
16507	19	14	48	78	6	252
16508	19	14	49	0	159	253
16509	19	14	50	1	94	253
16510	19	14	51	2	74	253
16511	19	14	52	3	143	253
16512	19	14	53	51	171	253
16513	19	14	54	52	151	253
16514	19	14	55	53	42	253
16515	19	15	0	7	182	241
16516	19	15	1	8	82	241
16517	19	15	2	9	220	241
16518	19	15	3	10	5	241
16519	19	15	4	11	188	241
16520	19	15	5	12	55	241
16521	19	15	6	13	157	241
16522	19	15	7	14	44	241
16523	19	15	8	15	33	241
16524	19	15	9	16	156	241
16525	19	15	10	17	252	241
16526	19	15	11	18	114	241
16527	19	15	12	19	84	241
16528	19	15	13	20	195	241
16529	19	15	14	21	170	241
16530	19	15	15	22	207	241
16531	19	15	16	23	249	241
16532	19	15	17	26	148	241
16533	19	15	18	24	149	242
16534	19	15	19	25	234	242
16535	19	15	20	29	100	242
16536	19	15	21	27	33	243
16537	19	15	22	28	149	243
16538	19	15	23	6	86	244
16539	19	15	24	30	24	244
16540	19	15	25	31	12	244
16541	19	15	26	33	212	244
16542	19	15	27	32	237	245
16543	19	15	28	34	184	245
16544	19	15	29	36	226	246
16545	19	15	30	37	56	246
16546	19	15	31	35	204	247
16547	19	15	32	38	247	247
16548	19	15	33	5	173	248
16549	19	15	34	39	246	248
16550	19	15	35	40	41	248
16551	19	15	36	41	76	248
16552	19	15	37	43	72	249
16553	19	15	38	42	140	250
16554	19	15	39	44	248	250
16555	19	15	40	45	201	251
16556	19	15	41	46	232	251
16557	19	15	42	4	230	252
16558	19	15	43	47	104	252
16559	19	15	44	48	126	252
16560	19	15	45	49	213	252
16561	19	15	46	50	192	253
16562	19	15	47	54	176	253
16563	19	15	48	55	20	253
16564	19	15	49	56	178	253
16565	19	15	50	57	247	253
16566	19	15	51	58	137	253
16567	19	15	52	59	181	253
16568	19	15	53	60	219	253
16569	19	15	54	61	31	253
16570	19	16	0	7	182	242
16571	19	16	1	8	82	242
16572	19	16	2	9	220	242
16573	19	16	3	10	5	242
16574	19	16	4	11	188	242
16575	19	16	5	12	55	242
16576	19	16	6	13	157	242
16577	19	16	7	14	44	242
16578	19	16	8	15	33	242
16579	19	16	9	16	156	242
16580	19	16	10	17	252	242
16581	19	16	11	18	114	242
16582	19	16	12	19	84	242
16583	19	16	13	20	195	242
16584	19	16	14	21	170	242
16585	19	16	15	22	207	242
16586	19	16	16	23	249	242
16587	19	16	17	26	148	242
16588	19	16	18	24	149	243
16589	19	16	19	25	234	243
16590	19	16	20	29	100	243
16591	19	16	21	27	33	244
16592	19	16	22	28	149	244
16593	19	16	23	6	86	245
16594	19	16	24	30	24	245
16595	19	16	25	31	12	245
16596	19	16	26	33	212	245
16597	19	16	27	32	237	246
16598	19	16	28	34	184	246
16599	19	16	29	36	226	247
16600	19	16	30	37	56	247
16601	19	16	31	35	204	248
16602	19	16	32	38	247	248
16603	19	16	33	5	173	249
16604	19	16	34	39	246	249
16605	19	16	35	40	41	249
16606	19	16	36	41	76	249
16607	19	16	37	43	72	250
16608	19	16	38	42	140	251
16609	19	16	39	44	248	251
16610	19	16	40	45	201	252
16611	19	16	41	46	232	252
16612	19	16	42	4	230	253
16613	19	16	43	47	104	253
16614	19	16	44	48	126	253
16615	19	16	45	49	213	253
16616	19	16	46	62	219	253
16617	19	16	47	63	181	253
16618	19	16	48	64	61	253
16619	19	16	49	65	228	253
16620	19	16	50	66	166	253
16621	19	16	51	67	106	253
16622	19	16	52	68	126	253
16623	19	16	53	69	107	253
16624	19	17	0	7	182	243
16625	19	17	1	8	82	243
16626	19	17	2	9	220	243
16627	19	17	3	10	5	243
16628	19	17	4	11	188	243
16629	19	17	5	12	55	243
16630	19	17	6	13	157	243
16631	19	17	7	14	44	243
16632	19	17	8	15	33	243
16633	19	17	9	16	156	243
16634	19	17	10	17	252	243
16635	19	17	11	18	114	243
16636	19	17	12	19	84	243
16637	19	17	13	20	195	243
16638	19	17	14	21	170	243
16639	19	17	15	22	207	243
16640	19	17	16	23	249	243
16641	19	17	17	26	148	243
16642	19	17	18	24	149	244
16643	19	17	19	25	234	244
16644	19	17	20	29	100	244
16645	19	17	21	27	33	245
16646	19	17	22	28	149	245
16647	19	17	23	6	86	246
16648	19	17	24	30	24	246
16649	19	17	25	31	12	246
16650	19	17	26	33	212	246
16651	19	17	27	32	237	247
16652	19	17	28	34	184	247
16653	19	17	29	36	226	248
16654	19	17	30	37	56	248
16655	19	17	31	35	204	249
16656	19	17	32	38	247	249
16657	19	17	33	5	173	250
16658	19	17	34	39	246	250
16659	19	17	35	40	41	250
16660	19	17	36	41	76	250
16661	19	17	37	43	72	251
16662	19	17	38	42	140	252
16663	19	17	39	44	248	252
16664	19	17	40	45	201	253
16665	19	17	41	46	232	253
16666	19	17	42	70	200	253
16667	19	17	43	71	47	253
16668	19	17	44	72	204	253
16669	19	17	45	73	210	253
16670	19	17	46	74	23	253
16671	19	17	47	75	108	253
16672	19	17	48	76	260	253
16673	19	17	49	77	220	253
16674	19	17	50	78	202	253
16675	19	17	51	79	191	253
16676	19	17	52	0	150	254
16677	19	18	0	7	182	244
16678	19	18	1	8	82	244
16679	19	18	2	9	220	244
16680	19	18	3	10	5	244
16681	19	18	4	11	188	244
16682	19	18	5	12	55	244
16683	19	18	6	13	157	244
16684	19	18	7	14	44	244
16685	19	18	8	15	33	244
16686	19	18	9	16	156	244
16687	19	18	10	17	252	244
16688	19	18	11	18	114	244
16689	19	18	12	19	84	244
16690	19	18	13	20	195	244
16691	19	18	14	21	170	244
16692	19	18	15	22	207	244
16693	19	18	16	23	249	244
16694	19	18	17	26	148	244
16695	19	18	18	24	149	245
16696	19	18	19	25	234	245
16697	19	18	20	29	100	245
16698	19	18	21	27	33	246
16699	19	18	22	28	149	246
16700	19	18	23	6	86	247
16701	19	18	24	30	24	247
16702	19	18	25	31	12	247
16703	19	18	26	33	212	247
16704	19	18	27	32	237	248
16705	19	18	28	34	184	248
16706	19	18	29	36	226	249
16707	19	18	30	37	56	249
16708	19	18	31	35	204	250
16709	19	18	32	38	247	250
16710	19	18	33	5	173	251
16711	19	18	34	39	246	251
16712	19	18	35	40	41	251
16713	19	18	36	41	76	251
16714	19	18	37	43	72	252
16715	19	18	38	42	140	253
16716	19	18	39	44	248	253
16717	19	18	40	1	45	254
16718	19	18	41	2	68	254
16719	19	18	42	3	81	254
16720	19	18	43	4	201	254
16721	19	18	44	45	231	254
16722	19	18	45	46	191	254
16723	19	18	46	47	98	254
16724	19	18	47	48	114	254
16725	19	18	48	49	28	254
16726	19	18	49	50	143	254
16727	19	18	50	51	247	254
16728	19	18	51	52	31	254
16729	19	19	0	7	182	245
16730	19	19	1	8	82	245
16731	19	19	2	9	220	245
16732	19	19	3	10	5	245
16733	19	19	4	11	188	245
16734	19	19	5	12	55	245
16735	19	19	6	13	157	245
16736	19	19	7	14	44	245
16737	19	19	8	15	33	245
16738	19	19	9	16	156	245
16739	19	19	10	17	252	245
16740	19	19	11	18	114	245
16741	19	19	12	19	84	245
16742	19	19	13	20	195	245
16743	19	19	14	21	170	245
16744	19	19	15	22	207	245
16745	19	19	16	23	249	245
16746	19	19	17	26	148	245
16747	19	19	18	24	149	246
16748	19	19	19	25	234	246
16749	19	19	20	29	100	246
16750	19	19	21	27	33	247
16751	19	19	22	28	149	247
16752	19	19	23	6	86	248
16753	19	19	24	30	24	248
16754	19	19	25	31	12	248
16755	19	19	26	33	212	248
16756	19	19	27	32	237	249
16757	19	19	28	34	184	249
16758	19	19	29	36	226	250
16759	19	19	30	37	56	250
16760	19	19	31	35	204	251
16761	19	19	32	38	247	251
16762	19	19	33	5	173	252
16763	19	19	34	39	246	252
16764	19	19	35	40	41	252
16765	19	19	36	41	76	252
16766	19	19	37	43	72	253
16767	19	19	38	42	140	254
16768	19	19	39	44	248	254
16769	19	19	40	53	13	254
16770	19	19	41	54	90	254
16771	19	19	42	55	220	254
16772	19	19	43	56	209	254
16773	19	19	44	57	209	254
16774	19	19	45	58	176	254
16775	19	19	46	59	236	254
16776	19	19	47	60	25	254
16777	19	19	48	61	181	254
16778	19	19	49	62	44	254
16779	19	19	50	63	259	254
16780	19	20	0	7	182	246
16781	19	20	1	8	82	246
16782	19	20	2	9	220	246
16783	19	20	3	10	5	246
16784	19	20	4	11	188	246
16785	19	20	5	12	55	246
16786	19	20	6	13	157	246
16787	19	20	7	14	44	246
16788	19	20	8	15	33	246
16789	19	20	9	16	156	246
16790	19	20	10	17	252	246
16791	19	20	11	18	114	246
16792	19	20	12	19	84	246
16793	19	20	13	20	195	246
16794	19	20	14	21	170	246
16795	19	20	15	22	207	246
16796	19	20	16	23	249	246
16797	19	20	17	26	148	246
16798	19	20	18	24	149	247
16799	19	20	19	25	234	247
16800	19	20	20	29	100	247
16801	19	20	21	27	33	248
16802	19	20	22	28	149	248
16803	19	20	23	6	86	249
16804	19	20	24	30	24	249
16805	19	20	25	31	12	249
16806	19	20	26	33	212	249
16807	19	20	27	32	237	250
16808	19	20	28	34	184	250
16809	19	20	29	36	226	251
16810	19	20	30	37	56	251
16811	19	20	31	35	204	252
16812	19	20	32	38	247	252
16813	19	20	33	5	173	253
16814	19	20	34	39	246	253
16815	19	20	35	40	41	253
16816	19	20	36	41	76	253
16817	19	20	37	43	72	254
16818	19	20	38	64	162	254
16819	19	20	39	65	91	254
16820	19	20	40	66	236	254
16821	19	20	41	67	146	254
16822	19	20	42	68	157	254
16823	19	20	43	69	126	254
16824	19	20	44	70	237	254
16825	19	20	45	71	134	254
16826	19	20	46	72	155	254
16827	19	20	47	73	115	254
16828	19	20	48	74	248	254
16829	19	20	49	75	203	254
16830	19	21	0	7	182	247
16831	19	21	1	8	82	247
16832	19	21	2	9	220	247
16833	19	21	3	10	5	247
16834	19	21	4	11	188	247
16835	19	21	5	12	55	247
16836	19	21	6	13	157	247
16837	19	21	7	14	44	247
16838	19	21	8	15	33	247
16839	19	21	9	16	156	247
16840	19	21	10	17	252	247
16841	19	21	11	18	114	247
16842	19	21	12	19	84	247
16843	19	21	13	20	195	247
16844	19	21	14	21	170	247
16845	19	21	15	22	207	247
16846	19	21	16	23	249	247
16847	19	21	17	26	148	247
16848	19	21	18	24	149	248
16849	19	21	19	25	234	248
16850	19	21	20	29	100	248
16851	19	21	21	27	33	249
16852	19	21	22	28	149	249
16853	19	21	23	6	86	250
16854	19	21	24	30	24	250
16855	19	21	25	31	12	250
16856	19	21	26	33	212	250
16857	19	21	27	32	237	251
16858	19	21	28	34	184	251
16859	19	21	29	36	226	252
16860	19	21	30	37	56	252
16861	19	21	31	35	204	253
16862	19	21	32	38	247	253
16863	19	21	33	5	173	254
16864	19	21	34	39	246	254
16865	19	21	35	40	41	254
16866	19	21	36	41	76	254
16867	19	21	37	76	111	254
16868	19	21	38	77	86	254
16869	19	21	39	78	239	254
16870	19	21	40	79	18	254
16871	19	21	41	80	249	254
16872	19	21	42	81	104	254
16873	19	21	43	82	116	254
16874	19	21	44	0	68	255
16875	19	21	45	1	197	255
16876	19	21	46	2	100	255
16877	19	21	47	3	262	255
16878	19	21	48	4	241	255
16879	19	22	0	7	182	248
16880	19	22	1	8	82	248
16881	19	22	2	9	220	248
16882	19	22	3	10	5	248
16883	19	22	4	11	188	248
16884	19	22	5	12	55	248
16885	19	22	6	13	157	248
16886	19	22	7	14	44	248
16887	19	22	8	15	33	248
16888	19	22	9	16	156	248
16889	19	22	10	17	252	248
16890	19	22	11	18	114	248
16891	19	22	12	19	84	248
16892	19	22	13	20	195	248
16893	19	22	14	21	170	248
16894	19	22	15	22	207	248
16895	19	22	16	23	249	248
16896	19	22	17	26	148	248
16897	19	22	18	24	149	249
16898	19	22	19	25	234	249
16899	19	22	20	29	100	249
16900	19	22	21	27	33	250
16901	19	22	22	28	149	250
16902	19	22	23	6	86	251
16903	19	22	24	30	24	251
16904	19	22	25	31	12	251
16905	19	22	26	33	212	251
16906	19	22	27	32	237	252
16907	19	22	28	34	184	252
16908	19	22	29	36	226	253
16909	19	22	30	37	56	253
16910	19	22	31	35	204	254
16911	19	22	32	38	247	254
16912	19	22	33	5	173	255
16913	19	22	34	39	246	255
16914	19	22	35	40	41	255
16915	19	22	36	41	76	255
16916	19	22	37	42	21	255
16917	19	22	38	43	243	255
16918	19	22	39	44	88	255
16919	19	22	40	45	28	255
16920	19	22	41	46	250	255
16921	19	22	42	47	28	255
16922	19	22	43	48	203	255
16923	19	22	44	49	253	255
16924	19	22	45	50	38	255
16925	19	22	46	51	91	255
16926	19	22	47	52	62	255
16927	19	23	0	7	182	249
16928	19	23	1	8	82	249
16929	19	23	2	9	220	249
16930	19	23	3	10	5	249
16931	19	23	4	11	188	249
16932	19	23	5	12	55	249
16933	19	23	6	13	157	249
16934	19	23	7	14	44	249
16935	19	23	8	15	33	249
16936	19	23	9	16	156	249
16937	19	23	10	17	252	249
16938	19	23	11	18	114	249
16939	19	23	12	19	84	249
16940	19	23	13	20	195	249
16941	19	23	14	21	170	249
16942	19	23	15	22	207	249
16943	19	23	16	23	249	249
16944	19	23	17	26	148	249
16945	19	23	18	24	149	250
16946	19	23	19	25	234	250
16947	19	23	20	29	100	250
16948	19	23	21	27	33	251
16949	19	23	22	28	149	251
16950	19	23	23	6	86	252
16951	19	23	24	30	24	252
16952	19	23	25	31	12	252
16953	19	23	26	33	212	252
16954	19	23	27	32	237	253
16955	19	23	28	34	184	253
16956	19	23	29	36	226	254
16957	19	23	30	37	56	254
16958	19	23	31	35	204	255
16959	19	23	32	38	247	255
16960	19	23	33	53	202	255
16961	19	23	34	54	102	255
16962	19	23	35	55	132	255
16963	19	23	36	56	185	255
16964	19	23	37	57	243	255
16965	19	23	38	58	161	255
16966	19	23	39	59	175	255
16967	19	23	40	60	228	255
16968	19	23	41	61	166	255
16969	19	23	42	62	108	255
16970	19	23	43	63	71	255
16971	19	23	44	64	199	255
16972	19	23	45	65	236	255
16973	19	23	46	66	24	255
16974	19	24	0	7	182	250
16975	19	24	1	8	82	250
16976	19	24	2	9	220	250
16977	19	24	3	10	5	250
16978	19	24	4	11	188	250
16979	19	24	5	12	55	250
16980	19	24	6	13	157	250
16981	19	24	7	14	44	250
16982	19	24	8	15	33	250
16983	19	24	9	16	156	250
16984	19	24	10	17	252	250
16985	19	24	11	18	114	250
16986	19	24	12	19	84	250
16987	19	24	13	20	195	250
16988	19	24	14	21	170	250
16989	19	24	15	22	207	250
16990	19	24	16	23	249	250
16991	19	24	17	26	148	250
16992	19	24	18	24	149	251
16993	19	24	19	25	234	251
16994	19	24	20	29	100	251
16995	19	24	21	27	33	252
16996	19	24	22	28	149	252
16997	19	24	23	6	86	253
16998	19	24	24	30	24	253
16999	19	24	25	31	12	253
17000	19	24	26	33	212	253
17001	19	24	27	32	237	254
17002	19	24	28	34	184	254
17003	19	24	29	36	226	255
17004	19	24	30	37	56	255
17005	19	24	31	67	152	255
17006	19	24	32	68	195	255
17007	19	24	33	69	144	255
17008	19	24	34	70	84	255
17009	19	24	35	71	60	255
17010	19	24	36	72	12	255
17011	19	24	37	73	73	255
17012	19	24	38	74	173	255
17013	19	24	39	75	245	255
17014	19	24	40	76	13	255
17015	19	24	41	77	1	255
17016	19	24	42	78	191	255
17017	19	24	43	79	33	255
17018	19	24	44	80	245	255
17019	19	24	45	81	32	255
17020	19	25	0	7	182	251
17021	19	25	1	8	82	251
17022	19	25	2	9	220	251
17023	19	25	3	10	5	251
17024	19	25	4	11	188	251
17025	19	25	5	12	55	251
17026	19	25	6	13	157	251
17027	19	25	7	14	44	251
17028	19	25	8	15	33	251
17029	19	25	9	16	156	251
17030	19	25	10	17	252	251
17031	19	25	11	18	114	251
17032	19	25	12	19	84	251
17033	19	25	13	20	195	251
17034	19	25	14	21	170	251
17035	19	25	15	22	207	251
17036	19	25	16	23	249	251
17037	19	25	17	26	148	251
17038	19	25	18	24	149	252
17039	19	25	19	25	234	252
17040	19	25	20	29	100	252
17041	19	25	21	27	33	253
17042	19	25	22	28	149	253
17043	19	25	23	6	86	254
17044	19	25	24	30	24	254
17045	19	25	25	31	12	254
17046	19	25	26	33	212	254
17047	19	25	27	32	237	255
17048	19	25	28	34	184	255
17049	19	25	29	82	248	255
17050	19	25	30	83	105	255
17051	19	25	31	85	196	255
17052	19	25	32	0	137	256
17053	19	25	33	1	51	256
17054	19	25	34	2	262	256
17055	19	25	35	3	216	256
17056	19	25	36	4	220	256
17057	19	25	37	5	194	256
17058	19	25	38	35	241	256
17059	19	25	39	36	79	256
17060	19	25	40	37	191	256
17061	19	25	41	38	29	256
17062	19	25	42	39	53	256
17063	19	25	43	40	255	256
17064	19	25	44	41	31	256
17065	19	26	0	7	182	252
17066	19	26	1	8	82	252
17067	19	26	2	9	220	252
17068	19	26	3	10	5	252
17069	19	26	4	11	188	252
17070	19	26	5	12	55	252
17071	19	26	6	13	157	252
17072	19	26	7	14	44	252
17073	19	26	8	15	33	252
17074	19	26	9	16	156	252
17075	19	26	10	17	252	252
17076	19	26	11	18	114	252
17077	19	26	12	19	84	252
17078	19	26	13	20	195	252
17079	19	26	14	21	170	252
17080	19	26	15	22	207	252
17081	19	26	16	23	249	252
17082	19	26	17	26	148	252
17083	19	26	18	24	149	253
17084	19	26	19	25	234	253
17085	19	26	20	29	100	253
17086	19	26	21	27	33	254
17087	19	26	22	28	149	254
17088	19	26	23	6	86	255
17089	19	26	24	30	24	255
17090	19	26	25	31	12	255
17091	19	26	26	33	212	255
17092	19	26	27	32	237	256
17093	19	26	28	34	184	256
17094	19	26	29	42	35	256
17095	19	26	30	43	135	256
17096	19	26	31	44	101	256
17097	19	26	32	45	134	256
17098	19	26	33	46	221	256
17099	19	26	34	47	11	256
17100	19	26	35	48	234	256
17101	19	26	36	49	231	256
17102	19	26	37	50	17	256
17103	19	26	38	51	159	256
17104	19	26	39	52	14	256
17105	19	26	40	53	250	256
17106	19	26	41	54	102	256
17107	19	26	42	55	160	256
17108	19	26	43	56	90	256
17109	19	27	0	7	182	253
17110	19	27	1	8	82	253
17111	19	27	2	9	220	253
17112	19	27	3	10	5	253
17113	19	27	4	11	188	253
17114	19	27	5	12	55	253
17115	19	27	6	13	157	253
17116	19	27	7	14	44	253
17117	19	27	8	15	33	253
17118	19	27	9	16	156	253
17119	19	27	10	17	252	253
17120	19	27	11	18	114	253
17121	19	27	12	19	84	253
17122	19	27	13	20	195	253
17123	19	27	14	21	170	253
17124	19	27	15	22	207	253
17125	19	27	16	23	249	253
17126	19	27	17	26	148	253
17127	19	27	18	24	149	254
17128	19	27	19	25	234	254
17129	19	27	20	29	100	254
17130	19	27	21	27	33	255
17131	19	27	22	28	149	255
17132	19	27	23	6	86	256
17133	19	27	24	30	24	256
17134	19	27	25	31	12	256
17135	19	27	26	33	212	256
17136	19	27	27	57	70	256
17137	19	27	28	58	142	256
17138	19	27	29	59	110	256
17139	19	27	30	60	19	256
17140	19	27	31	61	179	256
17141	19	27	32	62	239	256
17142	19	27	33	63	262	256
17143	19	27	34	64	193	256
17144	19	27	35	65	258	256
17145	19	27	36	66	136	256
17146	19	27	37	67	243	256
17147	19	27	38	68	161	256
17148	19	27	39	69	176	256
17149	19	27	40	70	197	256
17150	19	27	41	71	181	256
17151	19	27	42	72	234	256
17152	19	28	0	7	182	254
17153	19	28	1	8	82	254
17154	19	28	2	9	220	254
17155	19	28	3	10	5	254
17156	19	28	4	11	188	254
17157	19	28	5	12	55	254
17158	19	28	6	13	157	254
17159	19	28	7	14	44	254
17160	19	28	8	15	33	254
17161	19	28	9	16	156	254
17162	19	28	10	17	252	254
17163	19	28	11	18	114	254
17164	19	28	12	19	84	254
17165	19	28	13	20	195	254
17166	19	28	14	21	170	254
17167	19	28	15	22	207	254
17168	19	28	16	23	249	254
17169	19	28	17	26	148	254
17170	19	28	18	24	149	255
17171	19	28	19	25	234	255
17172	19	28	20	29	100	255
17173	19	28	21	27	33	256
17174	19	28	22	28	149	256
17175	19	28	23	73	182	256
17176	19	28	24	74	92	256
17177	19	28	25	75	177	256
17178	19	28	26	76	204	256
17179	19	28	27	77	256	256
17180	19	28	28	78	249	256
17181	19	28	29	79	127	256
17182	19	28	30	80	237	256
17183	19	28	31	81	173	256
17184	19	28	32	82	97	256
17185	19	28	33	83	35	256
17186	19	28	34	84	209	256
17187	19	28	35	85	115	256
17188	19	28	36	86	143	256
17189	19	28	37	0	24	257
17190	19	28	38	1	125	257
17191	19	28	39	2	236	257
17192	19	28	40	3	253	257
17193	19	28	41	4	100	257
17194	19	29	0	7	182	255
17195	19	29	1	8	82	255
17196	19	29	2	9	220	255
17197	19	29	3	10	5	255
17198	19	29	4	11	188	255
17199	19	29	5	12	55	255
17200	19	29	6	13	157	255
17201	19	29	7	14	44	255
17202	19	29	8	15	33	255
17203	19	29	9	16	156	255
17204	19	29	10	17	252	255
17205	19	29	11	18	114	255
17206	19	29	12	19	84	255
17207	19	29	13	20	195	255
17208	19	29	14	21	170	255
17209	19	29	15	22	207	255
17210	19	29	16	23	249	255
17211	19	29	17	26	148	255
17212	19	29	18	24	149	256
17213	19	29	19	25	234	256
17214	19	29	20	29	100	256
17215	19	29	21	5	115	257
17216	19	29	22	6	67	257
17217	19	29	23	27	161	257
17218	19	29	24	28	258	257
17219	19	29	25	30	94	257
17220	19	29	26	31	240	257
17221	19	29	27	32	220	257
17222	19	29	28	33	168	257
17223	19	29	29	34	35	257
17224	19	29	30	35	87	257
17225	19	29	31	36	119	257
17226	19	29	32	37	137	257
17227	19	29	33	38	154	257
17228	19	29	34	39	42	257
17229	19	29	35	40	198	257
17230	19	29	36	41	23	257
17231	19	29	37	42	163	257
17232	19	29	38	43	246	257
17233	19	29	39	44	4	257
17234	19	29	40	45	117	257
17235	19	30	0	7	182	256
17236	19	30	1	8	82	256
17237	19	30	2	9	220	256
17238	19	30	3	10	5	256
17239	19	30	4	11	188	256
17240	19	30	5	12	55	256
17241	19	30	6	13	157	256
17242	19	30	7	14	44	256
17243	19	30	8	15	33	256
17244	19	30	9	16	156	256
17245	19	30	10	17	252	256
17246	19	30	11	18	114	256
17247	19	30	12	19	84	256
17248	19	30	13	20	195	256
17249	19	30	14	21	170	256
17250	19	30	15	22	207	256
17251	19	30	16	23	249	256
17252	19	30	17	26	148	256
17253	19	30	18	24	149	257
17254	19	30	19	25	234	257
17255	19	30	20	29	100	257
17256	19	30	21	46	79	257
17257	19	30	22	47	197	257
17258	19	30	23	48	187	257
17259	19	30	24	49	41	257
17260	19	30	25	50	169	257
17261	19	30	26	51	219	257
17262	19	30	27	52	32	257
17263	19	30	28	53	104	257
17264	19	30	29	54	198	257
17265	19	30	30	55	112	257
17266	19	30	31	56	180	257
17267	19	30	32	57	32	257
17268	19	30	33	58	108	257
17269	19	30	34	59	52	257
17270	19	30	35	60	201	257
17271	19	30	36	61	113	257
17272	19	30	37	62	234	257
17273	19	30	38	63	243	257
17274	19	30	39	64	17	257
17275	19	31	0	7	182	257
17276	19	31	1	8	82	257
17277	19	31	2	9	220	257
17278	19	31	3	10	5	257
17279	19	31	4	11	188	257
17280	19	31	5	12	55	257
17281	19	31	6	13	157	257
17282	19	31	7	14	44	257
17283	19	31	8	15	33	257
17284	19	31	9	16	156	257
17285	19	31	10	17	252	257
17286	19	31	11	18	114	257
17287	19	31	12	19	84	257
17288	19	31	13	20	195	257
17289	19	31	14	21	170	257
17290	19	31	15	22	207	257
17291	19	31	16	23	249	257
17292	19	31	17	26	148	257
17293	19	31	18	65	28	257
17294	19	31	19	66	249	257
17295	19	31	20	67	227	257
17296	19	31	21	68	129	257
17297	19	31	22	69	67	257
17298	19	31	23	70	73	257
17299	19	31	24	71	86	257
17300	19	31	25	72	42	257
17301	19	31	26	73	242	257
17302	19	31	27	74	211	257
17303	19	31	28	75	68	257
17304	19	31	29	76	206	257
17305	19	31	30	77	224	257
17306	19	31	31	78	183	257
17307	19	31	32	79	2	257
17308	19	31	33	80	72	257
17309	19	31	34	81	141	257
17310	19	31	35	82	157	257
17311	19	31	36	83	72	257
17312	19	31	37	84	111	257
17313	19	31	38	85	50	257
17314	19	32	0	86	85	257
17315	19	32	1	89	224	257
17316	19	32	2	0	1	258
17317	19	32	3	1	234	258
17318	19	32	4	2	218	258
17319	19	32	5	3	92	258
17320	19	32	6	4	90	258
17321	19	32	7	5	176	258
17322	19	32	8	6	246	258
17323	19	32	9	7	119	258
17324	19	32	10	8	174	258
17325	19	32	11	9	33	258
17326	19	32	12	10	262	258
17327	19	32	13	11	180	258
17328	19	32	14	12	171	258
17329	19	32	15	13	184	258
17330	19	32	16	14	241	258
17331	19	32	17	15	151	258
17332	19	32	18	16	105	258
17333	19	32	19	17	154	258
17334	19	32	20	18	131	258
17335	19	32	21	19	11	258
17336	19	32	22	20	181	258
17337	19	32	23	21	214	258
17338	19	32	24	22	166	258
17339	19	32	25	23	76	258
17340	19	32	26	24	229	258
17341	19	32	27	25	262	258
17342	19	32	28	26	195	258
17343	19	32	29	27	255	258
17344	19	32	30	28	120	258
17345	19	32	31	29	140	258
17346	19	32	32	30	27	258
17347	19	32	33	31	164	258
17348	19	32	34	32	59	258
17349	19	32	35	33	170	258
17350	19	32	36	34	43	258
17351	19	32	37	35	66	258
17352	19	33	0	36	160	258
17353	19	33	1	37	55	258
17354	19	33	2	38	103	258
17355	19	33	3	39	232	258
17356	19	33	4	40	95	258
17357	19	33	5	41	260	258
17358	19	33	6	42	142	258
17359	19	33	7	43	242	258
17360	19	33	8	44	241	258
17361	19	33	9	45	242	258
17362	19	33	10	46	119	258
17363	19	33	11	47	20	258
17364	19	33	12	48	250	258
17365	19	33	13	49	19	258
17366	19	33	14	50	127	258
17367	19	33	15	51	217	258
17368	19	33	16	52	208	258
17369	19	33	17	53	63	258
17370	19	33	18	54	57	258
17371	19	33	19	55	196	258
17372	19	33	20	56	116	258
17373	19	33	21	57	102	258
17374	19	33	22	58	77	258
17375	19	33	23	59	225	258
17376	19	33	24	60	127	258
17377	19	33	25	61	256	258
17378	19	33	26	62	80	258
17379	19	33	27	63	1	258
17380	19	33	28	64	144	258
17381	19	33	29	65	133	258
17382	19	33	30	66	177	258
17383	19	33	31	67	226	258
17384	19	33	32	68	22	258
17385	19	33	33	69	220	258
17386	19	33	34	70	28	258
17387	19	33	35	71	74	258
17388	19	33	36	72	51	258
17389	19	34	0	73	229	258
17390	19	34	1	74	99	258
17391	19	34	2	75	152	258
17392	19	34	3	76	59	258
17393	19	34	4	77	109	258
17394	19	34	5	78	56	258
17395	19	34	6	79	108	258
17396	19	34	7	80	106	258
17397	19	34	8	81	66	258
17398	19	34	9	82	133	258
17399	19	34	10	83	50	258
17400	19	34	11	84	208	258
17401	19	34	12	85	26	258
17402	19	34	13	86	72	258
17403	19	34	14	87	92	258
17404	19	34	15	88	71	258
17405	19	34	16	89	71	258
17406	19	34	17	0	31	259
17407	19	34	18	2	145	259
17408	19	34	19	1	88	259
17409	19	34	20	3	259	259
17410	19	34	21	4	256	259
17411	19	34	22	5	196	259
17412	19	34	23	6	225	259
17413	19	34	24	7	255	259
17414	19	34	25	8	112	259
17415	19	34	26	9	131	259
17416	19	34	27	10	244	259
17417	19	34	28	12	21	259
17418	19	34	29	11	177	259
17419	19	34	30	13	211	259
17420	19	34	31	14	250	259
17421	19	34	32	15	123	259
17422	19	34	33	16	198	259
17423	19	34	34	17	73	259
17424	19	34	35	18	153	259
17425	19	35	0	19	47	259
17426	19	35	1	20	31	259
17427	19	35	2	21	204	259
17428	19	35	3	22	47	259
17429	19	35	4	23	174	259
17430	19	35	5	24	72	259
17431	19	35	6	25	162	259
17432	19	35	7	26	57	259
17433	19	35	8	27	82	259
17434	19	35	9	28	138	259
17435	19	35	10	29	138	259
17436	19	35	11	30	123	259
17437	19	35	12	31	17	259
17438	19	35	13	32	57	259
17439	19	35	14	33	206	259
17440	19	35	15	34	78	259
17441	19	35	16	35	179	259
17442	19	35	17	36	126	259
17443	19	35	18	37	45	259
17444	19	35	19	38	44	259
17445	19	35	20	39	104	259
17446	19	35	21	40	69	259
17447	19	35	22	41	159	259
17448	19	35	23	42	18	259
17449	19	35	24	43	91	259
17450	19	35	25	44	49	259
17451	19	35	26	45	35	259
17452	19	35	27	46	63	259
17453	19	35	28	47	79	259
17454	19	35	29	48	161	259
17455	19	35	30	49	130	259
17456	19	35	31	50	234	259
17457	19	35	32	51	223	259
17458	19	35	33	52	177	259
17459	19	35	34	53	165	259
17460	19	36	0	54	201	259
17461	19	36	1	55	114	259
17462	19	36	2	56	142	259
17463	19	36	3	57	152	259
17464	19	36	4	58	14	259
17465	19	36	5	59	196	259
17466	19	36	6	60	153	259
17467	19	36	7	61	141	259
17468	19	36	8	62	175	259
17469	19	36	9	63	190	259
17470	19	36	10	64	42	259
17471	19	36	11	65	218	259
17472	19	36	12	66	92	259
17473	19	36	13	67	45	259
17474	19	36	14	68	257	259
17475	19	36	15	69	66	259
17476	19	36	16	70	72	259
17477	19	36	17	71	84	259
17478	19	36	18	72	132	259
17479	19	36	19	73	130	259
17480	19	36	20	74	77	259
17481	19	36	21	75	155	259
17482	19	36	22	76	27	259
17483	19	36	23	77	205	259
17484	19	36	24	78	97	259
17485	19	36	25	79	144	259
17486	19	36	26	80	21	259
17487	19	36	27	81	135	259
17488	19	36	28	82	138	259
17489	19	36	29	83	93	259
17490	19	36	30	84	258	259
17491	19	36	31	85	53	259
17492	19	36	32	86	65	259
17493	19	36	33	87	110	259
17494	19	37	0	88	10	259
17495	19	37	1	89	87	259
17496	19	37	2	90	257	259
17497	19	37	3	91	244	259
17498	19	37	4	93	71	259
17499	19	37	5	0	88	260
17500	19	37	6	1	21	260
17501	19	37	7	2	197	260
17502	19	37	8	3	187	260
17503	19	37	9	4	186	260
17504	19	37	10	5	73	260
17505	19	37	11	6	100	260
17506	19	37	12	7	53	260
17507	19	37	13	8	19	260
17508	19	37	14	9	128	260
17509	19	37	15	10	140	260
17510	19	37	16	11	187	260
17511	19	37	17	12	65	260
17512	19	37	18	13	239	260
17513	19	37	19	14	124	260
17514	19	37	20	15	40	260
17515	19	37	21	16	147	260
17516	19	37	22	17	146	260
17517	19	37	23	18	65	260
17518	19	37	24	19	186	260
17519	19	37	25	20	86	260
17520	19	37	26	21	192	260
17521	19	37	27	22	14	260
17522	19	37	28	23	97	260
17523	19	37	29	24	233	260
17524	19	37	30	25	253	260
17525	19	37	31	26	22	260
17526	19	37	32	27	61	260
17527	19	38	0	28	255	260
17528	19	38	1	29	119	260
17529	19	38	2	30	126	260
17530	19	38	3	31	173	260
17531	19	38	4	32	187	260
17532	19	38	5	33	169	260
17533	19	38	6	34	235	260
17534	19	38	7	35	73	260
17535	19	38	8	36	98	260
17536	19	38	9	37	101	260
17537	19	38	10	38	174	260
17538	19	38	11	39	12	260
17539	19	38	12	40	234	260
17540	19	38	13	41	4	260
17541	19	38	14	42	155	260
17542	19	38	15	43	58	260
17543	19	38	16	44	189	260
17544	19	38	17	45	27	260
17545	19	38	18	46	209	260
17546	19	38	19	47	160	260
17547	19	38	20	48	29	260
17548	19	38	21	49	188	260
17549	19	38	22	50	104	260
17550	19	38	23	51	215	260
17551	19	38	24	52	251	260
17552	19	38	25	53	3	260
17553	19	38	26	54	93	260
17554	19	38	27	55	76	260
17555	19	38	28	56	31	260
17556	19	38	29	57	216	260
17557	19	38	30	58	148	260
17558	19	38	31	59	37	260
17559	19	39	0	60	229	260
17560	19	39	1	61	262	260
17561	19	39	2	62	59	260
17562	19	39	3	63	74	260
17563	19	39	4	64	154	260
17564	19	39	5	65	147	260
17565	19	39	6	66	76	260
17566	19	39	7	67	218	260
17567	19	39	8	68	207	260
17568	19	39	9	69	111	260
17569	19	39	10	70	190	260
17570	19	39	11	71	255	260
17571	19	39	12	72	173	260
17572	19	39	13	73	7	260
17573	19	39	14	74	201	260
17574	19	39	15	75	156	260
17575	19	39	16	76	58	260
17576	19	39	17	77	137	260
17577	19	39	18	78	14	260
17578	19	39	19	79	54	260
17579	19	39	20	80	37	260
17580	19	39	21	81	153	260
17581	19	39	22	82	54	260
17582	19	39	23	83	57	260
17583	19	39	24	84	129	260
17584	19	39	25	85	153	260
17585	19	39	26	86	40	260
17586	19	39	27	87	88	260
17587	19	39	28	88	105	260
17588	19	39	29	89	30	260
17589	19	39	30	90	200	260
17590	19	40	0	91	201	260
17591	19	40	1	92	69	260
17592	19	40	2	93	3	260
17593	19	40	3	94	5	260
17594	19	40	4	0	226	261
17595	19	40	5	1	222	261
17596	19	40	6	2	23	261
17597	19	40	7	3	92	261
17598	19	40	8	4	211	261
17599	19	40	9	5	14	261
17600	19	40	10	6	109	261
17601	19	40	11	7	29	261
17602	19	40	12	8	241	261
17603	19	40	13	9	171	261
17604	19	40	14	10	204	261
17605	19	40	15	11	255	261
17606	19	40	16	12	231	261
17607	19	40	17	13	29	261
17608	19	40	18	14	226	261
17609	19	40	19	15	196	261
17610	19	40	20	16	175	261
17611	19	40	21	17	106	261
17612	19	40	22	18	107	261
17613	19	40	23	19	240	261
17614	19	40	24	20	174	261
17615	19	40	25	21	230	261
17616	19	40	26	22	257	261
17617	19	40	27	23	94	261
17618	19	40	28	24	116	261
17619	19	40	29	25	60	261
17620	19	41	0	26	226	261
17621	19	41	1	27	167	261
17622	19	41	2	28	91	261
17623	19	41	3	29	45	261
17624	19	41	4	30	69	261
17625	19	41	5	31	155	261
17626	19	41	6	32	188	261
17627	19	41	7	33	59	261
17628	19	41	8	34	223	261
17629	19	41	9	35	34	261
17630	19	41	10	36	209	261
17631	19	41	11	37	230	261
17632	19	41	12	38	142	261
17633	19	41	13	39	208	261
17634	19	41	14	40	7	261
17635	19	41	15	41	46	261
17636	19	41	16	42	111	261
17637	19	41	17	43	50	261
17638	19	41	18	44	70	261
17639	19	41	19	45	180	261
17640	19	41	20	46	228	261
17641	19	41	21	47	98	261
17642	19	41	22	48	105	261
17643	19	41	23	49	19	261
17644	19	41	24	50	31	261
17645	19	41	25	51	159	261
17646	19	41	26	52	235	261
17647	19	41	27	53	100	261
17648	19	41	28	54	118	261
17649	19	42	0	55	96	261
17650	19	42	1	56	112	261
17651	19	42	2	57	106	261
17652	19	42	3	58	15	261
17653	19	42	4	59	116	261
17654	19	42	5	60	74	261
17655	19	42	6	61	181	261
17656	19	42	7	62	63	261
17657	19	42	8	63	98	261
17658	19	42	9	64	28	261
17659	19	42	10	65	123	261
17660	19	42	11	66	54	261
17661	19	42	12	67	221	261
17662	19	42	13	68	73	261
17663	19	42	14	69	49	261
17664	19	42	15	70	176	261
17665	19	42	16	71	180	261
17666	19	42	17	72	68	261
17667	19	42	18	73	258	261
17668	19	42	19	74	190	261
17669	19	42	20	75	241	261
17670	19	42	21	76	102	261
17671	19	42	22	77	257	261
17672	19	42	23	78	131	261
17673	19	42	24	79	83	261
17674	19	42	25	80	157	261
17675	19	42	26	81	14	261
17676	19	42	27	82	59	261
17677	19	43	0	83	149	261
17678	19	43	1	84	177	261
17679	19	43	2	85	42	261
17680	19	43	3	86	21	261
17681	19	43	4	87	83	261
17682	19	43	5	88	49	261
17683	19	43	6	89	43	261
17684	19	43	7	90	114	261
17685	19	43	8	91	201	261
17686	19	43	9	92	190	261
17687	19	43	10	93	17	261
17688	19	43	11	94	142	261
17689	19	43	12	0	197	262
17690	19	43	13	1	176	262
17691	19	43	14	2	96	262
17692	19	43	15	3	175	262
17693	19	43	16	4	62	262
17694	19	43	17	5	65	262
17695	19	43	18	6	39	262
17696	19	43	19	7	102	262
17697	19	43	20	8	251	262
17698	19	43	21	9	192	262
17699	19	43	22	10	5	262
17700	19	43	23	11	253	262
17701	19	43	24	12	208	262
17702	19	43	25	13	95	262
17703	19	43	26	14	146	262
17704	19	44	0	15	94	262
17705	19	44	1	16	216	262
17706	19	44	2	17	152	262
17707	19	44	3	18	76	262
17708	19	44	4	19	98	262
17709	19	44	5	20	170	262
17710	19	44	6	21	9	262
17711	19	44	7	22	78	262
17712	19	44	8	23	164	262
17713	19	44	9	24	108	262
17714	19	44	10	25	192	262
17715	19	44	11	26	159	262
17716	19	44	12	27	221	262
17717	19	44	13	28	225	262
17718	19	44	14	29	12	262
17719	19	44	15	30	210	262
17720	19	44	16	31	7	262
17721	19	44	17	32	142	262
17722	19	44	18	33	51	262
17723	19	44	19	34	45	262
17724	19	44	20	35	133	262
17725	19	44	21	36	210	262
17726	19	44	22	37	17	262
17727	19	44	23	38	101	262
17728	19	44	24	39	42	262
17729	19	44	25	40	179	262
17730	19	45	0	41	108	262
17731	19	45	1	42	233	262
17732	19	45	2	43	236	262
17733	19	45	3	44	6	262
17734	19	45	4	45	153	262
17735	19	45	5	46	241	262
17736	19	45	6	47	29	262
17737	19	45	7	48	206	262
17738	19	45	8	49	62	262
17739	19	45	9	50	168	262
17740	19	45	10	51	32	262
17741	19	45	11	52	247	262
17742	19	45	12	53	15	262
17743	19	45	13	54	2	262
17744	19	45	14	55	90	262
17745	19	45	15	56	10	262
17746	19	45	16	57	49	262
17747	19	45	17	58	203	262
17748	19	45	18	59	23	262
17749	19	45	19	60	164	262
17750	19	45	20	61	10	262
17751	19	45	21	62	138	262
17752	19	45	22	63	26	262
17753	19	45	23	64	12	262
17754	19	45	24	65	169	262
17755	19	46	0	66	75	262
17756	19	46	1	67	121	262
17757	19	46	2	68	179	262
17758	19	46	3	69	87	262
17759	19	46	4	70	251	262
17760	19	46	5	71	100	262
17761	19	46	6	72	239	262
17762	19	46	7	73	212	262
17763	19	46	8	74	233	262
17764	19	46	9	75	168	262
17765	19	46	10	76	222	262
17766	19	46	11	77	206	262
17767	19	46	12	78	191	262
17768	19	46	13	79	227	262
17769	19	46	14	80	136	262
17770	19	46	15	81	106	262
17771	19	46	16	82	44	262
17772	19	46	17	83	78	262
17773	19	46	18	84	85	262
17774	19	46	19	85	11	262
17775	19	46	20	86	174	262
17776	19	46	21	87	210	262
17777	19	46	22	88	92	262
17778	19	46	23	89	77	262
17779	19	47	0	90	136	262
17780	19	47	1	91	208	262
17781	19	47	2	93	21	262
17782	19	47	3	92	253	262
17783	19	47	4	94	79	262
17784	19	47	5	95	213	262
17785	19	47	6	96	204	262
17786	19	47	7	97	191	262
17787	19	47	8	98	186	262
17788	19	47	9	0	42	263
17789	19	47	10	1	22	263
17790	19	47	11	2	45	263
17791	19	47	12	3	13	263
17792	19	47	13	4	19	263
17793	19	47	14	5	41	263
17794	19	47	15	6	253	263
17795	19	47	16	7	54	263
17796	19	47	17	8	117	263
17797	19	47	18	9	245	263
17798	19	47	19	10	10	263
17799	19	47	20	11	171	263
17800	19	47	21	12	131	263
17801	19	47	22	13	171	263
17802	19	48	0	14	259	263
17803	19	48	1	15	112	263
17804	19	48	2	16	205	263
17805	19	48	3	17	223	263
17806	19	48	4	18	14	263
17807	19	48	5	19	254	263
17808	19	48	6	20	171	263
17809	19	48	7	21	178	263
17810	19	48	8	22	86	263
17811	19	48	9	23	60	263
17812	19	48	10	24	188	263
17813	19	48	11	25	223	263
17814	19	48	12	26	4	263
17815	19	48	13	27	177	263
17816	19	48	14	28	77	263
17817	19	48	15	29	37	263
17818	19	48	16	30	66	263
17819	19	48	17	31	101	263
17820	19	48	18	32	53	263
17821	19	48	19	33	48	263
17822	19	48	20	34	109	263
17823	19	48	21	35	203	263
17824	19	49	0	36	191	263
17825	19	49	1	37	170	263
17826	19	49	2	38	75	263
17827	19	49	3	39	33	263
17828	19	49	4	40	64	263
17829	19	49	5	41	201	263
17830	19	49	6	42	173	263
17831	19	49	7	43	239	263
17832	19	49	8	44	223	263
17833	19	49	9	45	75	263
17834	19	49	10	46	15	263
17835	19	49	11	47	49	263
17836	19	49	12	48	59	263
17837	19	49	13	49	205	263
17838	19	49	14	50	164	263
17839	19	49	15	51	36	263
17840	19	49	16	52	76	263
17841	19	49	17	53	242	263
17842	19	49	18	54	138	263
17843	19	49	19	55	131	263
17844	19	49	20	56	120	263
17845	19	50	0	57	17	263
17846	19	50	1	58	160	263
17847	19	50	2	59	153	263
17848	19	50	3	60	87	263
17849	19	50	4	61	180	263
17850	19	50	5	62	236	263
17851	19	50	6	63	212	263
17852	19	50	7	64	191	263
17853	19	50	8	65	103	263
17854	19	50	9	66	86	263
17855	19	50	10	67	13	263
17856	19	50	11	68	199	263
17857	19	50	12	69	74	263
17858	19	50	13	70	74	263
17859	19	50	14	71	210	263
17860	19	50	15	72	16	263
17861	19	50	16	73	119	263
17862	19	50	17	74	137	263
17863	19	50	18	75	98	263
17864	19	50	19	76	195	263
17865	19	51	0	77	256	263
17866	19	51	1	78	58	263
17867	19	51	2	79	69	263
17868	19	51	3	80	117	263
17869	19	51	4	81	175	263
17870	19	51	5	82	163	263
17871	19	51	6	83	111	263
17872	19	51	7	84	254	263
17873	19	51	8	85	28	263
17874	19	51	9	86	173	263
17875	19	51	10	87	102	263
17876	19	51	11	88	219	263
17877	19	51	12	89	255	263
17878	19	51	13	90	239	263
17879	19	51	14	91	60	263
17880	19	51	15	92	250	263
17881	19	51	16	93	228	263
17882	19	51	17	94	240	263
17883	19	51	18	95	179	263
17884	19	52	0	96	174	263
17885	19	52	1	97	218	263
17886	19	52	2	98	166	263
17887	19	52	3	99	201	263
17888	19	52	4	0	242	264
17889	19	52	5	1	200	264
17890	19	52	6	2	189	264
17891	19	52	7	3	180	264
17892	19	52	8	4	188	264
17893	19	52	9	5	8	264
17894	19	52	10	6	7	264
17895	19	52	11	7	235	264
17896	19	52	12	8	243	264
17897	19	52	13	9	58	264
17898	19	52	14	10	201	264
17899	19	52	15	11	249	264
17900	19	52	16	12	225	264
17901	19	52	17	13	154	264
17902	19	53	0	14	155	264
17903	19	53	1	15	238	264
17904	19	53	2	16	16	264
17905	19	53	3	17	71	264
17906	19	53	4	18	140	264
17907	19	53	5	19	172	264
17908	19	53	6	20	26	264
17909	19	53	7	21	216	264
17910	19	53	8	22	48	264
17911	19	53	9	23	11	264
17912	19	53	10	24	165	264
17913	19	53	11	25	214	264
17914	19	53	12	26	79	264
17915	19	53	13	27	51	264
17916	19	53	14	28	131	264
17917	19	53	15	29	88	264
17918	19	53	16	30	183	264
17919	19	54	0	31	217	264
17920	19	54	1	32	31	264
17921	19	54	2	33	163	264
17922	19	54	3	34	166	264
17923	19	54	4	35	150	264
17924	19	54	5	36	83	264
17925	19	54	6	37	82	264
17926	19	54	7	38	146	264
17927	19	54	8	39	174	264
17928	19	54	9	40	158	264
17929	19	54	10	41	86	264
17930	19	54	11	42	232	264
17931	19	54	12	43	149	264
17932	19	54	13	44	60	264
17933	19	54	14	45	73	264
17934	19	54	15	46	164	264
17935	19	55	0	47	10	264
17936	19	55	1	48	11	264
17937	19	55	2	49	253	264
17938	19	55	3	50	138	264
17939	19	55	4	51	36	264
17940	19	55	5	52	259	264
17941	19	55	6	53	255	264
17942	19	55	7	54	185	264
17943	19	55	8	55	131	264
17944	19	55	9	56	239	264
17945	19	55	10	57	131	264
17946	19	55	11	58	203	264
17947	19	55	12	59	14	264
17948	19	55	13	60	1	264
17949	19	55	14	61	177	264
17950	19	56	0	62	164	264
17951	19	56	1	63	194	264
17952	19	56	2	64	215	264
17953	19	56	3	65	219	264
17954	19	56	4	66	187	264
17955	19	56	5	67	44	264
17956	19	56	6	68	220	264
17957	19	56	7	69	32	264
17958	19	56	8	70	162	264
17959	19	56	9	71	225	264
17960	19	56	10	72	183	264
17961	19	56	11	73	234	264
17962	19	56	12	74	85	264
17963	19	56	13	75	252	264
17964	19	57	0	76	239	264
17965	19	57	1	77	78	264
17966	19	57	2	78	224	264
17967	19	57	3	79	97	264
17968	19	57	4	80	60	264
17969	19	57	5	81	96	264
17970	19	57	6	82	171	264
17971	19	57	7	83	88	264
17972	19	57	8	84	57	264
17973	19	57	9	85	262	264
17974	19	57	10	86	54	264
17975	19	57	11	87	6	264
17976	19	57	12	88	232	264
17977	19	58	0	0	197	265
17978	19	58	1	89	210	264
17979	19	58	2	90	97	264
17980	19	58	3	91	4	264
17981	19	58	4	92	239	264
17982	19	58	5	93	89	264
17983	19	58	6	94	56	264
17984	19	58	7	95	29	264
17985	19	58	8	96	215	264
17986	19	58	9	97	155	264
17987	19	58	10	98	38	264
17988	19	58	11	99	105	264
17989	19	59	0	0	197	266
17990	19	59	1	100	250	264
17991	19	59	2	101	98	264
17992	19	59	3	103	52	264
17993	19	59	4	1	6	265
17994	19	59	5	2	33	265
17995	19	59	6	3	236	265
17996	19	59	7	4	248	265
17997	19	59	8	5	251	265
17998	19	59	9	6	19	265
17999	19	59	10	7	102	265
18000	19	60	0	0	197	267
18001	19	60	1	8	144	265
18002	19	60	2	9	155	265
18003	19	60	3	10	53	265
18004	19	60	4	11	206	265
18005	19	60	5	12	145	265
18006	19	60	6	13	222	265
18007	19	60	7	14	151	265
18008	19	60	8	15	236	265
18009	19	60	9	16	119	265
18010	19	61	0	0	197	268
18011	19	61	1	17	165	265
18012	19	61	2	18	244	265
18013	19	61	3	19	221	265
18014	19	61	4	20	124	265
18015	19	61	5	21	59	265
18016	19	61	6	22	40	265
18017	19	61	7	23	260	265
18018	19	61	8	24	188	265
18019	19	62	0	0	197	269
18020	19	62	1	1	46	266
18021	19	62	2	2	178	266
18022	19	62	3	25	81	265
18023	19	62	4	26	192	265
18024	19	62	5	27	173	265
18025	19	62	6	28	208	265
18026	19	62	7	29	191	265
18027	19	63	0	0	197	270
18028	19	63	1	1	46	267
18029	19	63	2	2	178	267
18030	19	63	3	30	259	265
18031	19	63	4	3	202	266
18032	19	63	5	31	54	265
18033	19	63	6	32	238	265
18034	19	64	0	0	197	271
18035	19	64	1	1	46	268
18036	19	64	2	2	178	268
18037	19	64	3	4	199	266
18038	19	64	4	3	202	267
18039	19	64	5	33	151	265
18040	19	65	0	0	197	272
18041	19	65	1	1	46	269
18042	19	65	2	2	178	269
18043	19	65	3	4	199	267
18044	19	65	4	3	202	268
18045	19	66	0	0	197	273
18046	19	66	1	1	46	270
18047	19	66	2	2	178	270
18048	19	66	3	4	199	268
18049	19	67	0	0	197	274
18050	19	67	1	1	46	271
18051	19	67	2	2	178	271
18052	19	68	0	0	197	275
18053	19	68	1	1	46	272
18054	19	69	0	0	197	276
18055	20	0	0	34	87	265
18056	20	0	1	35	176	265
18057	20	0	2	36	87	265
18058	20	0	3	37	73	265
18059	20	0	4	38	165	265
18060	20	0	5	39	53	265
18061	20	0	6	40	255	265
18062	20	0	7	41	79	265
18063	20	0	8	42	204	265
18064	20	0	9	43	210	265
18065	20	0	10	44	1	265
18066	20	0	11	45	123	265
18067	20	0	12	46	5	265
18068	20	0	13	47	240	265
18069	20	0	14	48	86	265
18070	20	0	15	49	161	265
18071	20	0	16	50	140	265
18072	20	0	17	51	125	265
18073	20	0	18	52	150	265
18074	20	0	19	53	134	265
18075	20	0	20	54	16	265
18076	20	0	21	55	101	265
18077	20	0	22	56	83	265
18078	20	0	23	57	69	265
18079	20	0	24	58	216	265
18080	20	0	25	59	251	265
18081	20	0	26	60	231	265
18082	20	0	27	61	211	265
18083	20	0	28	62	64	265
18084	20	0	29	63	238	265
18085	20	0	30	64	222	265
18086	20	0	31	65	183	265
18087	20	0	32	66	47	265
18088	20	0	33	102	136	265
18089	20	0	34	104	33	266
18090	20	0	35	106	55	266
18091	20	0	36	105	15	267
18092	20	0	37	107	243	267
18093	20	0	38	108	20	268
18094	20	0	39	109	134	268
18095	20	0	40	110	43	269
18096	20	0	41	111	219	269
18097	20	0	42	113	113	269
18098	20	0	43	112	185	270
18099	20	0	44	114	42	271
18100	20	0	45	115	242	272
18101	20	0	46	116	101	272
18102	20	0	47	117	118	272
18103	20	0	48	118	59	272
18104	20	0	49	121	109	273
18105	20	0	50	119	161	274
18106	20	0	51	120	201	274
18107	20	0	52	122	28	275
18108	20	0	53	123	235	276
18109	20	0	54	124	83	276
18110	20	0	55	125	254	276
18111	20	0	56	126	9	277
18112	20	0	57	127	133	277
18113	20	0	58	128	130	278
18114	20	0	59	129	138	278
18115	20	0	60	130	194	279
18116	20	0	61	131	240	279
18117	20	0	62	133	66	280
18118	20	0	63	134	198	280
18119	20	0	64	132	4	281
18120	20	0	65	135	261	282
18121	20	0	66	136	262	282
18122	20	0	67	138	219	282
18123	20	0	68	137	46	283
18124	20	0	69	139	160	283
18125	20	0	70	141	122	284
18126	20	0	71	140	223	285
18127	20	0	72	142	182	285
18128	20	1	0	67	149	265
18129	20	1	1	68	229	265
18130	20	1	2	69	78	265
18131	20	1	3	70	251	265
18132	20	1	4	71	173	265
18133	20	1	5	72	85	265
18134	20	1	6	73	126	265
18135	20	1	7	74	89	265
18136	20	1	8	75	224	265
18137	20	1	9	76	258	265
18138	20	1	10	77	32	265
18139	20	1	11	78	96	265
18140	20	1	12	79	44	265
18141	20	1	13	80	181	265
18142	20	1	14	81	196	265
18143	20	1	15	82	28	265
18144	20	1	16	83	165	265
18145	20	1	17	84	31	265
18146	20	1	18	85	159	265
18147	20	1	19	86	256	265
18148	20	1	20	87	53	265
18149	20	1	21	89	112	265
18150	20	1	22	88	72	265
18151	20	1	23	90	22	265
18152	20	1	24	91	215	265
18153	20	1	25	92	161	265
18154	20	1	26	93	157	265
18155	20	1	27	94	196	265
18156	20	1	28	95	128	265
18157	20	1	29	96	116	265
18158	20	1	30	97	232	265
18159	20	1	31	100	124	265
18160	20	1	32	101	31	265
18161	20	1	33	103	96	265
18162	20	1	34	102	54	266
18163	20	1	35	104	115	267
18164	20	1	36	106	204	267
18165	20	1	37	105	89	268
18166	20	1	38	107	10	268
18167	20	1	39	108	253	269
18168	20	1	40	109	196	269
18169	20	1	41	110	110	270
18170	20	1	42	111	22	270
18171	20	1	43	113	117	270
18172	20	1	44	112	25	271
18173	20	1	45	114	242	272
18174	20	1	46	115	142	273
18175	20	1	47	116	81	273
18176	20	1	48	117	204	273
18177	20	1	49	118	102	273
18178	20	1	50	121	154	274
18179	20	1	51	119	258	275
18180	20	1	52	120	26	275
18181	20	1	53	122	249	276
18182	20	1	54	123	14	277
18183	20	1	55	124	90	277
18184	20	1	56	125	136	277
18185	20	1	57	126	127	278
18186	20	1	58	127	65	278
18187	20	1	59	128	198	279
18188	20	1	60	129	194	279
18189	20	1	61	130	166	280
18190	20	1	62	131	143	280
18191	20	1	63	133	200	281
18192	20	1	64	134	134	281
18193	20	1	65	132	49	282
18194	20	1	66	135	1	283
18195	20	1	67	136	132	283
18196	20	1	68	138	228	283
18197	20	1	69	137	37	284
18198	20	1	70	139	183	284
18199	20	1	71	141	101	285
18200	20	2	0	98	71	265
18201	20	2	1	99	117	265
18202	20	2	2	5	75	266
18203	20	2	3	6	54	266
18204	20	2	4	7	23	266
18205	20	2	5	8	80	266
18206	20	2	6	9	16	266
18207	20	2	7	10	74	266
18208	20	2	8	11	261	266
18209	20	2	9	12	248	266
18210	20	2	10	13	151	266
18211	20	2	11	14	124	266
18212	20	2	12	15	91	266
18213	20	2	13	16	179	266
18214	20	2	14	17	93	266
18215	20	2	15	18	246	266
18216	20	2	16	19	222	266
18217	20	2	17	20	85	266
18218	20	2	18	21	216	266
18219	20	2	19	22	48	266
18220	20	2	20	23	171	266
18221	20	2	21	24	256	266
18222	20	2	22	25	143	266
18223	20	2	23	26	12	266
18224	20	2	24	27	37	266
18225	20	2	25	28	193	266
18226	20	2	26	29	172	266
18227	20	2	27	30	103	266
18228	20	2	28	31	167	266
18229	20	2	29	32	14	266
18230	20	2	30	33	87	266
18231	20	2	31	34	120	266
18232	20	2	32	100	201	266
18233	20	2	33	101	116	266
18234	20	2	34	103	67	266
18235	20	2	35	102	90	267
18236	20	2	36	104	74	268
18237	20	2	37	106	111	268
18238	20	2	38	105	48	269
18239	20	2	39	107	258	269
18240	20	2	40	108	5	270
18241	20	2	41	109	165	270
18242	20	2	42	110	208	271
18243	20	2	43	111	252	271
18244	20	2	44	113	52	271
18245	20	2	45	112	162	272
18246	20	2	46	114	142	273
18247	20	2	47	115	192	274
18248	20	2	48	116	91	274
18249	20	2	49	117	161	274
18250	20	2	50	118	212	274
18251	20	2	51	121	44	275
18252	20	2	52	119	84	276
18253	20	2	53	120	113	276
18254	20	2	54	122	7	277
18255	20	2	55	123	256	278
18256	20	2	56	124	218	278
18257	20	2	57	125	195	278
18258	20	2	58	126	68	279
18259	20	2	59	127	99	279
18260	20	2	60	128	164	280
18261	20	2	61	129	166	280
18262	20	2	62	130	180	281
18263	20	2	63	131	60	281
18264	20	2	64	133	178	282
18265	20	2	65	134	15	282
18266	20	2	66	132	170	283
18267	20	2	67	135	131	284
18268	20	2	68	136	197	284
18269	20	2	69	138	46	284
18270	20	2	70	137	63	285
18271	20	3	0	35	91	266
18272	20	3	1	36	197	266
18273	20	3	2	37	156	266
18274	20	3	3	38	171	266
18275	20	3	4	39	189	266
18276	20	3	5	40	59	266
18277	20	3	6	41	54	266
18278	20	3	7	42	56	266
18279	20	3	8	43	98	266
18280	20	3	9	44	141	266
18281	20	3	10	45	2	266
18282	20	3	11	46	132	266
18283	20	3	12	47	208	266
18284	20	3	13	48	123	266
18285	20	3	14	49	246	266
18286	20	3	15	50	189	266
18287	20	3	16	51	182	266
18288	20	3	17	52	45	266
18289	20	3	18	53	153	266
18290	20	3	19	54	198	266
18291	20	3	20	55	182	266
18292	20	3	21	56	94	266
18293	20	3	22	57	200	266
18294	20	3	23	58	117	266
18295	20	3	24	59	26	266
18296	20	3	25	60	189	266
18297	20	3	26	61	244	266
18298	20	3	27	62	22	266
18299	20	3	28	63	179	266
18300	20	3	29	64	220	266
18301	20	3	30	65	25	266
18302	20	3	31	66	43	266
18303	20	3	32	99	201	266
18304	20	3	33	100	31	267
18305	20	3	34	101	205	267
18306	20	3	35	103	172	267
18307	20	3	36	102	8	268
18308	20	3	37	104	226	269
18309	20	3	38	106	101	269
18310	20	3	39	105	21	270
18311	20	3	40	107	134	270
18312	20	3	41	108	129	271
18313	20	3	42	109	49	271
18314	20	3	43	110	159	272
18315	20	3	44	111	137	272
18316	20	3	45	113	116	272
18317	20	3	46	112	195	273
18318	20	3	47	114	192	274
18319	20	3	48	115	167	275
18320	20	3	49	116	86	275
18321	20	3	50	117	51	275
18322	20	3	51	118	157	275
18323	20	3	52	121	35	276
18324	20	3	53	119	258	277
18325	20	3	54	120	130	277
18326	20	3	55	122	128	278
18327	20	3	56	123	135	279
18328	20	3	57	124	154	279
18329	20	3	58	125	34	279
18330	20	3	59	126	229	280
18331	20	3	60	127	82	280
18332	20	3	61	128	181	281
18333	20	3	62	129	180	281
18334	20	3	63	130	173	282
18335	20	3	64	131	233	282
18336	20	3	65	133	35	283
18337	20	3	66	134	244	283
18338	20	3	67	132	201	284
18339	20	3	68	135	66	285
18340	20	3	69	136	33	285
18341	20	4	0	67	88	266
18342	20	4	1	68	170	266
18343	20	4	2	69	242	266
18344	20	4	3	70	52	266
18345	20	4	4	71	223	266
18346	20	4	5	72	135	266
18347	20	4	6	73	133	266
18348	20	4	7	74	238	266
18349	20	4	8	75	218	266
18350	20	4	9	76	103	266
18351	20	4	10	77	161	266
18352	20	4	11	78	258	266
18353	20	4	12	79	259	266
18354	20	4	13	80	87	266
18355	20	4	14	81	40	266
18356	20	4	15	82	88	266
18357	20	4	16	83	222	266
18358	20	4	17	84	220	266
18359	20	4	18	85	52	266
18360	20	4	19	86	174	266
18361	20	4	20	87	4	266
18362	20	4	21	88	198	266
18363	20	4	22	89	23	266
18364	20	4	23	90	88	266
18365	20	4	24	91	139	266
18366	20	4	25	92	209	266
18367	20	4	26	93	70	266
18368	20	4	27	94	225	266
18369	20	4	28	95	57	266
18370	20	4	29	96	92	266
18371	20	4	30	97	30	266
18372	20	4	31	98	2	266
18373	20	4	32	5	117	267
18374	20	4	33	99	31	267
18375	20	4	34	100	116	268
18376	20	4	35	101	29	268
18377	20	4	36	103	140	268
18378	20	4	37	102	25	269
18379	20	4	38	104	150	270
18380	20	4	39	106	200	270
18381	20	4	40	105	145	271
18382	20	4	41	107	196	271
18383	20	4	42	108	67	272
18384	20	4	43	109	107	272
18385	20	4	44	110	52	273
18386	20	4	45	111	63	273
18387	20	4	46	113	134	273
18388	20	4	47	112	158	274
18389	20	4	48	114	167	275
18390	20	4	49	115	48	276
18391	20	4	50	116	220	276
18392	20	4	51	117	106	276
18393	20	4	52	118	53	276
18394	20	4	53	121	224	277
18395	20	4	54	119	52	278
18396	20	4	55	120	85	278
18397	20	4	56	122	199	279
18398	20	4	57	123	64	280
18399	20	4	58	124	186	280
18400	20	4	59	125	246	280
18401	20	4	60	126	17	281
18402	20	4	61	127	222	281
18403	20	4	62	128	41	282
18404	20	4	63	129	173	282
18405	20	4	64	130	45	283
18406	20	4	65	131	15	283
18407	20	4	66	133	52	284
18408	20	4	67	134	102	284
18409	20	4	68	132	243	285
18410	20	5	0	6	59	267
18411	20	5	1	7	77	267
18412	20	5	2	8	217	267
18413	20	5	3	9	78	267
18414	20	5	4	10	12	267
18415	20	5	5	11	88	267
18416	20	5	6	12	195	267
18417	20	5	7	13	178	267
18418	20	5	8	14	15	267
18419	20	5	9	15	205	267
18420	20	5	10	16	104	267
18421	20	5	11	17	98	267
18422	20	5	12	18	184	267
18423	20	5	13	19	20	267
18424	20	5	14	20	64	267
18425	20	5	15	21	152	267
18426	20	5	16	22	173	267
18427	20	5	17	23	149	267
18428	20	5	18	24	92	267
18429	20	5	19	25	52	267
18430	20	5	20	26	112	267
18431	20	5	21	27	192	267
18432	20	5	22	28	220	267
18433	20	5	23	29	242	267
18434	20	5	24	30	195	267
18435	20	5	25	31	158	267
18436	20	5	26	32	18	267
18437	20	5	27	33	187	267
18438	20	5	28	34	56	267
18439	20	5	29	35	260	267
18440	20	5	30	95	57	267
18441	20	5	31	96	19	267
18442	20	5	32	97	101	267
18443	20	5	33	98	178	267
18444	20	5	34	99	116	268
18445	20	5	35	100	205	269
18446	20	5	36	101	117	269
18447	20	5	37	103	80	269
18448	20	5	38	102	126	270
18449	20	5	39	104	188	271
18450	20	5	40	106	235	271
18451	20	5	41	105	98	272
18452	20	5	42	107	165	272
18453	20	5	43	108	98	273
18454	20	5	44	109	78	273
18455	20	5	45	110	237	274
18456	20	5	46	111	100	274
18457	20	5	47	113	100	274
18458	20	5	48	112	24	275
18459	20	5	49	114	48	276
18460	20	5	50	115	239	277
18461	20	5	51	116	153	277
18462	20	5	52	117	210	277
18463	20	5	53	118	105	277
18464	20	5	54	121	224	278
18465	20	5	55	119	43	279
18466	20	5	56	120	137	279
18467	20	5	57	122	32	280
18468	20	5	58	123	231	281
18469	20	5	59	124	170	281
18470	20	5	60	125	140	281
18471	20	5	61	126	123	282
18472	20	5	62	127	152	282
18473	20	5	63	128	111	283
18474	20	5	64	129	45	283
18475	20	5	65	130	109	284
18476	20	5	66	131	124	284
18477	20	5	67	133	5	285
18478	20	6	0	36	234	267
18479	20	6	1	37	247	267
18480	20	6	2	38	28	267
18481	20	6	3	39	188	267
18482	20	6	4	40	259	267
18483	20	6	5	41	67	267
18484	20	6	6	42	145	267
18485	20	6	7	43	61	267
18486	20	6	8	44	23	267
18487	20	6	9	45	163	267
18488	20	6	10	46	117	267
18489	20	6	11	47	244	267
18490	20	6	12	48	147	267
18491	20	6	13	49	173	267
18492	20	6	14	50	31	267
18493	20	6	15	51	259	267
18494	20	6	16	52	168	267
18495	20	6	17	53	148	267
18496	20	6	18	54	186	267
18497	20	6	19	55	7	267
18498	20	6	20	56	103	267
18499	20	6	21	57	147	267
18500	20	6	22	58	27	267
18501	20	6	23	59	151	267
18502	20	6	24	60	100	267
18503	20	6	25	61	190	267
18504	20	6	26	62	180	267
18505	20	6	27	63	109	267
18506	20	6	28	64	31	267
18507	20	6	29	65	230	267
18508	20	6	30	66	202	267
18509	20	6	31	95	103	268
18510	20	6	32	96	122	268
18511	20	6	33	97	81	268
18512	20	6	34	98	174	268
18513	20	6	35	99	205	269
18514	20	6	36	100	29	270
18515	20	6	37	101	73	270
18516	20	6	38	103	148	270
18517	20	6	39	102	81	271
18518	20	6	40	104	169	272
18519	20	6	41	106	241	272
18520	20	6	42	105	79	273
18521	20	6	43	107	49	273
18522	20	6	44	108	214	274
18523	20	6	45	109	224	274
18524	20	6	46	110	13	275
18525	20	6	47	111	213	275
18526	20	6	48	113	261	275
18527	20	6	49	112	226	276
18528	20	6	50	114	239	277
18529	20	6	51	115	12	278
18530	20	6	52	116	55	278
18531	20	6	53	117	158	278
18532	20	6	54	118	79	278
18533	20	6	55	121	182	279
18534	20	6	56	119	245	280
18535	20	6	57	120	156	280
18536	20	6	58	122	247	281
18537	20	6	59	123	16	282
18538	20	6	60	124	178	282
18539	20	6	61	125	193	282
18540	20	6	62	126	70	283
18541	20	6	63	127	187	283
18542	20	6	64	128	76	284
18543	20	6	65	129	109	284
18544	20	6	66	130	77	285
18545	20	7	0	67	175	267
18546	20	7	1	68	243	267
18547	20	7	2	69	14	267
18548	20	7	3	70	88	267
18549	20	7	4	71	66	267
18550	20	7	5	72	232	267
18551	20	7	6	73	64	267
18552	20	7	7	74	205	267
18553	20	7	8	75	103	267
18554	20	7	9	76	223	267
18555	20	7	10	77	220	267
18556	20	7	11	78	20	267
18557	20	7	12	79	155	267
18558	20	7	13	80	63	267
18559	20	7	14	81	48	267
18560	20	7	15	82	148	267
18561	20	7	16	83	250	267
18562	20	7	17	84	56	267
18563	20	7	18	85	249	267
18564	20	7	19	86	37	267
18565	20	7	20	87	36	267
18566	20	7	21	88	27	267
18567	20	7	22	89	247	267
18568	20	7	23	90	188	267
18569	20	7	24	91	257	267
18570	20	7	25	92	149	267
18571	20	7	26	93	67	267
18572	20	7	27	94	106	267
18573	20	7	28	5	94	268
18574	20	7	29	6	144	268
18575	20	7	30	7	223	268
18576	20	7	31	8	158	268
18577	20	7	32	95	80	269
18578	20	7	33	96	202	269
18579	20	7	34	97	91	269
18580	20	7	35	98	176	269
18581	20	7	36	99	29	270
18582	20	7	37	100	117	271
18583	20	7	38	101	95	271
18584	20	7	39	103	95	271
18585	20	7	40	102	62	272
18586	20	7	41	104	47	273
18587	20	7	42	106	29	273
18588	20	7	43	105	180	274
18589	20	7	44	107	107	274
18590	20	7	45	108	156	275
18591	20	7	46	109	151	275
18592	20	7	47	110	125	276
18593	20	7	48	111	25	276
18594	20	7	49	113	240	276
18595	20	7	50	112	165	277
18596	20	7	51	114	12	278
18597	20	7	52	115	257	279
18598	20	7	53	116	104	279
18599	20	7	54	117	184	279
18600	20	7	55	118	92	279
18601	20	7	56	121	57	280
18602	20	7	57	119	256	281
18603	20	7	58	120	6	281
18604	20	7	59	122	8	282
18605	20	7	60	123	255	283
18606	20	7	61	124	174	283
18607	20	7	62	125	35	283
18608	20	7	63	126	228	284
18609	20	7	64	127	38	284
18610	20	7	65	128	225	285
18611	20	8	0	9	95	268
18612	20	8	1	10	53	268
18613	20	8	2	11	52	268
18614	20	8	3	12	69	268
18615	20	8	4	13	74	268
18616	20	8	5	14	218	268
18617	20	8	6	15	97	268
18618	20	8	7	16	132	268
18619	20	8	8	17	118	268
18620	20	8	9	18	152	268
18621	20	8	10	19	32	268
18622	20	8	11	20	237	268
18623	20	8	12	21	189	268
18624	20	8	13	22	171	268
18625	20	8	14	23	111	268
18626	20	8	15	24	216	268
18627	20	8	16	25	75	268
18628	20	8	17	26	19	268
18629	20	8	18	27	253	268
18630	20	8	19	28	119	268
18631	20	8	20	29	212	268
18632	20	8	21	30	192	268
18633	20	8	22	31	210	268
18634	20	8	23	32	202	268
18635	20	8	24	33	182	268
18636	20	8	25	34	116	268
18637	20	8	26	35	115	268
18638	20	8	27	36	184	268
18639	20	8	28	37	73	268
18640	20	8	29	38	67	268
18641	20	8	30	39	77	268
18642	20	8	31	92	78	268
18643	20	8	32	94	223	268
18644	20	8	33	95	223	270
18645	20	8	34	96	162	270
18646	20	8	35	97	86	270
18647	20	8	36	98	175	270
18648	20	8	37	99	117	271
18649	20	8	38	100	73	272
18650	20	8	39	101	84	272
18651	20	8	40	103	131	272
18652	20	8	41	102	211	273
18653	20	8	42	104	108	274
18654	20	8	43	106	108	274
18655	20	8	44	105	34	275
18656	20	8	45	107	78	275
18657	20	8	46	108	185	276
18658	20	8	47	109	56	276
18659	20	8	48	110	69	277
18660	20	8	49	111	119	277
18661	20	8	50	113	155	277
18662	20	8	51	112	259	278
18663	20	8	52	114	257	279
18664	20	8	53	115	3	280
18665	20	8	54	116	211	280
18666	20	8	55	117	171	280
18667	20	8	56	118	217	280
18668	20	8	57	121	13	281
18669	20	8	58	119	228	282
18670	20	8	59	120	57	282
18671	20	8	60	122	259	283
18672	20	8	61	123	4	284
18673	20	8	62	124	176	284
18674	20	8	63	125	114	284
18675	20	8	64	126	149	285
18676	20	9	0	40	246	268
18677	20	9	1	41	96	268
18678	20	9	2	42	37	268
18679	20	9	3	43	239	268
18680	20	9	4	44	64	268
18681	20	9	5	45	217	268
18682	20	9	6	46	80	268
18683	20	9	7	47	150	268
18684	20	9	8	48	147	268
18685	20	9	9	49	30	268
18686	20	9	10	50	94	268
18687	20	9	11	51	47	268
18688	20	9	12	52	88	268
18689	20	9	13	53	185	268
18690	20	9	14	54	9	268
18691	20	9	15	55	34	268
18692	20	9	16	56	147	268
18693	20	9	17	57	63	268
18694	20	9	18	58	37	268
18695	20	9	19	59	196	268
18696	20	9	20	60	40	268
18697	20	9	21	61	189	268
18698	20	9	22	62	228	268
18699	20	9	23	63	52	268
18700	20	9	24	64	231	268
18701	20	9	25	65	193	268
18702	20	9	26	66	148	268
18703	20	9	27	67	215	268
18704	20	9	28	68	71	268
18705	20	9	29	90	197	268
18706	20	9	30	91	230	268
18707	20	9	31	93	35	268
18708	20	9	32	92	238	269
18709	20	9	33	94	20	269
18710	20	9	34	95	20	271
18711	20	9	35	96	182	271
18712	20	9	36	97	220	271
18713	20	9	37	98	44	271
18714	20	9	38	99	73	272
18715	20	9	39	100	95	273
18716	20	9	40	101	221	273
18717	20	9	41	103	174	273
18718	20	9	42	102	28	274
18719	20	9	43	104	209	275
18720	20	9	44	106	82	275
18721	20	9	45	105	101	276
18722	20	9	46	107	224	276
18723	20	9	47	108	39	277
18724	20	9	48	109	235	277
18725	20	9	49	110	97	278
18726	20	9	50	111	72	278
18727	20	9	51	113	48	278
18728	20	9	52	112	68	279
18729	20	9	53	114	3	280
18730	20	9	54	115	130	281
18731	20	9	55	116	26	281
18732	20	9	56	117	46	281
18733	20	9	57	118	23	281
18734	20	9	58	121	178	282
18735	20	9	59	119	148	283
18736	20	9	60	120	55	283
18737	20	9	61	122	2	284
18738	20	9	62	123	261	285
18739	20	9	63	124	175	285
18740	20	10	0	69	35	268
18741	20	10	1	70	133	268
18742	20	10	2	71	86	268
18743	20	10	3	72	162	268
18744	20	10	4	73	41	268
18745	20	10	5	74	225	268
18746	20	10	6	75	215	268
18747	20	10	7	76	152	268
18748	20	10	8	77	210	268
18749	20	10	9	78	242	268
18750	20	10	10	79	139	268
18751	20	10	11	80	102	268
18752	20	10	12	81	148	268
18753	20	10	13	82	196	268
18754	20	10	14	83	91	268
18755	20	10	15	84	187	268
18756	20	10	16	85	89	268
18757	20	10	17	86	116	268
18758	20	10	18	87	236	268
18759	20	10	19	88	173	268
18760	20	10	20	89	27	268
18761	20	10	21	3	17	269
18762	20	10	22	4	63	269
18763	20	10	23	5	191	269
18764	20	10	24	6	197	269
18765	20	10	25	7	246	269
18766	20	10	26	8	109	269
18767	20	10	27	9	198	269
18768	20	10	28	10	74	269
18769	20	10	29	11	13	269
18770	20	10	30	90	33	269
18771	20	10	31	91	148	269
18772	20	10	32	93	74	269
18773	20	10	33	92	101	270
18774	20	10	34	94	253	270
18775	20	10	35	95	253	272
18776	20	10	36	96	172	272
18777	20	10	37	97	153	272
18778	20	10	38	98	241	272
18779	20	10	39	99	95	273
18780	20	10	40	100	84	274
18781	20	10	41	101	21	274
18782	20	10	42	103	122	274
18783	20	10	43	102	204	275
18784	20	10	44	104	27	276
18785	20	10	45	106	154	276
18786	20	10	46	105	168	277
18787	20	10	47	107	151	277
18788	20	10	48	108	112	278
18789	20	10	49	109	14	278
18790	20	10	50	110	83	279
18791	20	10	51	111	227	279
18792	20	10	52	113	242	279
18793	20	10	53	112	149	280
18794	20	10	54	114	130	281
18795	20	10	55	115	198	282
18796	20	10	56	116	250	282
18797	20	10	57	117	240	282
18798	20	10	58	118	120	282
18799	20	10	59	121	12	283
18800	20	10	60	119	222	284
18801	20	10	61	120	111	284
18802	20	10	62	122	262	285
18803	20	11	0	12	118	269
18804	20	11	1	13	41	269
18805	20	11	2	14	203	269
18806	20	11	3	15	5	269
18807	20	11	4	16	2	269
18808	20	11	5	17	90	269
18809	20	11	6	18	216	269
18810	20	11	7	19	258	269
18811	20	11	8	20	41	269
18812	20	11	9	21	179	269
18813	20	11	10	22	45	269
18814	20	11	11	23	245	269
18815	20	11	12	24	125	269
18816	20	11	13	25	260	269
18817	20	11	14	26	107	269
18818	20	11	15	27	122	269
18819	20	11	16	28	32	269
18820	20	11	17	29	192	269
18821	20	11	18	30	167	269
18822	20	11	19	31	176	269
18823	20	11	20	32	259	269
18824	20	11	21	33	230	269
18825	20	11	22	34	155	269
18826	20	11	23	35	81	269
18827	20	11	24	36	49	269
18828	20	11	25	37	159	269
18829	20	11	26	38	136	269
18830	20	11	27	39	133	269
18831	20	11	28	40	213	269
18832	20	11	29	87	108	269
18833	20	11	30	88	242	269
18834	20	11	31	90	115	270
18835	20	11	32	91	189	270
18836	20	11	33	93	246	270
18837	20	11	34	92	68	271
18838	20	11	35	94	5	271
18839	20	11	36	95	5	273
18840	20	11	37	96	177	273
18841	20	11	38	97	55	273
18842	20	11	39	98	11	273
18843	20	11	40	99	84	274
18844	20	11	41	100	221	275
18845	20	11	42	101	121	275
18846	20	11	43	103	229	275
18847	20	11	44	102	80	276
18848	20	11	45	104	118	277
18849	20	11	46	106	220	277
18850	20	11	47	105	82	278
18851	20	11	48	107	56	278
18852	20	11	49	108	207	279
18853	20	11	50	109	256	279
18854	20	11	51	110	90	280
18855	20	11	52	111	18	280
18856	20	11	53	113	9	280
18857	20	11	54	112	198	281
18858	20	11	55	114	198	282
18859	20	11	56	115	164	283
18860	20	11	57	116	138	283
18861	20	11	58	117	143	283
18862	20	11	59	118	203	283
18863	20	11	60	121	77	284
18864	20	11	61	119	124	285
18865	20	12	0	41	67	269
18866	20	12	1	42	226	269
18867	20	12	2	43	80	269
18868	20	12	3	44	33	269
18869	20	12	4	45	137	269
18870	20	12	5	46	152	269
18871	20	12	6	47	161	269
18872	20	12	7	48	101	269
18873	20	12	8	49	188	269
18874	20	12	9	50	198	269
18875	20	12	10	51	210	269
18876	20	12	11	52	73	269
18877	20	12	12	53	77	269
18878	20	12	13	54	153	269
18879	20	12	14	55	215	269
18880	20	12	15	56	62	269
18881	20	12	16	57	161	269
18882	20	12	17	58	36	269
18883	20	12	18	59	257	269
18884	20	12	19	60	10	269
18885	20	12	20	61	137	269
18886	20	12	21	62	62	269
18887	20	12	22	63	150	269
18888	20	12	23	64	207	269
18889	20	12	24	65	221	269
18890	20	12	25	66	109	269
18891	20	12	26	67	35	269
18892	20	12	27	68	159	269
18893	20	12	28	69	61	269
18894	20	12	29	89	226	269
18895	20	12	30	87	225	270
18896	20	12	31	88	115	270
18897	20	12	32	90	74	271
18898	20	12	33	91	37	271
18899	20	12	34	93	130	271
18900	20	12	35	92	105	272
18901	20	12	36	94	129	272
18902	20	12	37	95	129	274
18903	20	12	38	96	43	274
18904	20	12	39	97	104	274
18905	20	12	40	98	126	274
18906	20	12	41	99	221	275
18907	20	12	42	100	21	276
18908	20	12	43	101	71	276
18909	20	12	44	103	135	276
18910	20	12	45	102	219	277
18911	20	12	46	104	204	278
18912	20	12	47	106	136	278
18913	20	12	48	105	184	279
18914	20	12	49	107	235	279
18915	20	12	50	108	28	280
18916	20	12	51	109	135	280
18917	20	12	52	110	218	281
18918	20	12	53	111	254	281
18919	20	12	54	113	62	281
18920	20	12	55	112	39	282
18921	20	12	56	114	164	283
18922	20	12	57	115	181	284
18923	20	12	58	116	194	284
18924	20	12	59	117	60	284
18925	20	12	60	118	30	284
18926	20	13	0	70	158	269
18927	20	13	1	71	151	269
18928	20	13	2	72	82	269
18929	20	13	3	73	241	269
18930	20	13	4	74	31	269
18931	20	13	5	75	118	269
18932	20	13	6	76	163	269
18933	20	13	7	77	234	269
18934	20	13	8	78	79	269
18935	20	13	9	79	50	269
18936	20	13	10	80	118	269
18937	20	13	11	81	164	269
18938	20	13	12	82	112	269
18939	20	13	13	83	258	269
18940	20	13	14	84	170	269
18941	20	13	15	85	191	269
18942	20	13	16	86	131	269
18943	20	13	17	3	52	270
18944	20	13	18	4	155	270
18945	20	13	19	5	208	270
18946	20	13	20	6	13	270
18947	20	13	21	7	37	270
18948	20	13	22	8	120	270
18949	20	13	23	9	71	270
18950	20	13	24	10	110	270
18951	20	13	25	11	176	270
18952	20	13	26	12	27	270
18953	20	13	27	13	213	270
18954	20	13	28	14	1	270
18955	20	13	29	15	172	270
18956	20	13	30	89	34	270
18957	20	13	31	87	43	271
18958	20	13	32	88	168	271
18959	20	13	33	90	226	272
18960	20	13	34	91	113	272
18961	20	13	35	93	203	272
18962	20	13	36	92	239	273
18963	20	13	37	94	67	273
18964	20	13	38	95	67	275
18965	20	13	39	96	110	275
18966	20	13	40	97	211	275
18967	20	13	41	98	200	275
18968	20	13	42	99	21	276
18969	20	13	43	100	121	277
18970	20	13	44	101	96	277
18971	20	13	45	103	5	277
18972	20	13	46	102	229	278
18973	20	13	47	104	161	279
18974	20	13	48	106	72	279
18975	20	13	49	105	233	280
18976	20	13	50	107	14	280
18977	20	13	51	108	249	281
18978	20	13	52	109	64	281
18979	20	13	53	110	154	282
18980	20	13	54	111	136	282
18981	20	13	55	113	133	282
18982	20	13	56	112	140	283
18983	20	13	57	114	181	284
18984	20	13	58	115	41	285
18985	20	13	59	116	166	285
18986	20	14	0	16	162	270
18987	20	14	1	17	134	270
18988	20	14	2	18	78	270
18989	20	14	3	19	78	270
18990	20	14	4	20	172	270
18991	20	14	5	21	97	270
18992	20	14	6	22	37	270
18993	20	14	7	23	151	270
18994	20	14	8	24	94	270
18995	20	14	9	25	98	270
18996	20	14	10	26	75	270
18997	20	14	11	27	12	270
18998	20	14	12	28	160	270
18999	20	14	13	29	78	270
19000	20	14	14	30	142	270
19001	20	14	15	31	158	270
19002	20	14	16	32	175	270
19003	20	14	17	33	258	270
19004	20	14	18	34	1	270
19005	20	14	19	35	69	270
19006	20	14	20	36	49	270
19007	20	14	21	37	47	270
19008	20	14	22	38	167	270
19009	20	14	23	39	167	270
19010	20	14	24	40	183	270
19011	20	14	25	41	103	270
19012	20	14	26	42	133	270
19013	20	14	27	43	31	270
19014	20	14	28	44	158	270
19015	20	14	29	84	198	270
19016	20	14	30	86	147	270
19017	20	14	31	89	115	271
19018	20	14	32	87	230	272
19019	20	14	33	88	153	272
19020	20	14	34	90	150	273
19021	20	14	35	91	75	273
19022	20	14	36	93	159	273
19023	20	14	37	92	37	274
19024	20	14	38	94	98	274
19025	20	14	39	95	98	276
19026	20	14	40	96	208	276
19027	20	14	41	97	26	276
19028	20	14	42	98	163	276
19029	20	14	43	99	121	277
19030	20	14	44	100	71	278
19031	20	14	45	101	215	278
19032	20	14	46	103	27	278
19033	20	14	47	102	52	279
19034	20	14	48	104	51	280
19035	20	14	49	106	157	280
19036	20	14	50	105	149	281
19037	20	14	51	107	256	281
19038	20	14	52	108	7	282
19039	20	14	53	109	231	282
19040	20	14	54	110	186	283
19041	20	14	55	111	195	283
19042	20	14	56	113	246	283
19043	20	14	57	112	82	284
19044	20	14	58	114	41	285
19045	20	15	0	45	200	270
19046	20	15	1	46	186	270
19047	20	15	2	47	70	270
19048	20	15	3	48	179	270
19049	20	15	4	49	41	270
19050	20	15	5	50	238	270
19051	20	15	6	51	179	270
19052	20	15	7	52	1	270
19053	20	15	8	53	142	270
19054	20	15	9	54	236	270
19055	20	15	10	55	249	270
19056	20	15	11	56	213	270
19057	20	15	12	57	60	270
19058	20	15	13	58	212	270
19059	20	15	14	59	81	270
19060	20	15	15	60	195	270
19061	20	15	16	61	254	270
19062	20	15	17	62	259	270
19063	20	15	18	63	215	270
19064	20	15	19	64	202	270
19065	20	15	20	65	54	270
19066	20	15	21	66	68	270
19067	20	15	22	67	143	270
19068	20	15	23	68	167	270
19069	20	15	24	70	18	270
19070	20	15	25	69	15	270
19071	20	15	26	71	201	270
19072	20	15	27	83	38	270
19073	20	15	28	85	218	270
19074	20	15	29	3	115	271
19075	20	15	30	84	63	271
19076	20	15	31	86	58	271
19077	20	15	32	89	234	272
19078	20	15	33	87	140	273
19079	20	15	34	88	125	273
19080	20	15	35	90	188	274
19081	20	15	36	91	94	274
19082	20	15	37	93	119	274
19083	20	15	38	92	98	275
19084	20	15	39	94	214	275
19085	20	15	40	95	214	277
19086	20	15	41	96	159	277
19087	20	15	42	97	250	277
19088	20	15	43	98	50	277
19089	20	15	44	99	71	278
19090	20	15	45	100	96	279
19091	20	15	46	101	24	279
19092	20	15	47	103	169	279
19093	20	15	48	102	83	280
19094	20	15	49	104	106	281
19095	20	15	50	106	88	281
19096	20	15	51	105	121	282
19097	20	15	52	107	135	282
19098	20	15	53	108	128	283
19099	20	15	54	109	16	283
19100	20	15	55	110	170	284
19101	20	15	56	111	34	284
19102	20	15	57	113	181	284
19103	20	16	0	72	118	270
19104	20	16	1	73	256	270
19105	20	16	2	74	146	270
19106	20	16	3	75	145	270
19107	20	16	4	76	79	270
19108	20	16	5	77	105	270
19109	20	16	6	78	143	270
19110	20	16	7	79	82	270
19111	20	16	8	80	204	270
19112	20	16	9	81	15	270
19113	20	16	10	82	81	270
19114	20	16	11	4	141	271
19115	20	16	12	5	45	271
19116	20	16	13	6	17	271
19117	20	16	14	7	154	271
19118	20	16	15	8	112	271
19119	20	16	16	9	121	271
19120	20	16	17	10	89	271
19121	20	16	18	11	260	271
19122	20	16	19	12	172	271
19123	20	16	20	13	114	271
19124	20	16	21	14	249	271
19125	20	16	22	15	65	271
19126	20	16	23	16	11	271
19127	20	16	24	17	42	271
19128	20	16	25	18	110	271
19129	20	16	26	19	20	271
19130	20	16	27	20	49	271
19131	20	16	28	83	244	271
19132	20	16	29	85	185	271
19133	20	16	30	2	195	272
19134	20	16	31	84	47	272
19135	20	16	32	86	234	272
19136	20	16	33	89	216	273
19137	20	16	34	87	163	274
19138	20	16	35	88	10	274
19139	20	16	36	90	169	275
19140	20	16	37	91	216	275
19141	20	16	38	93	170	275
19142	20	16	39	92	4	276
19143	20	16	40	94	156	276
19144	20	16	41	95	156	278
19145	20	16	42	96	52	278
19146	20	16	43	97	138	278
19147	20	16	44	98	238	278
19148	20	16	45	99	96	279
19149	20	16	46	100	215	280
19150	20	16	47	101	251	280
19151	20	16	48	103	153	280
19152	20	16	49	102	105	281
19153	20	16	50	104	210	282
19154	20	16	51	106	70	282
19155	20	16	52	105	23	283
19156	20	16	53	107	64	283
19157	20	16	54	108	199	284
19158	20	16	55	109	255	284
19159	20	16	56	110	178	285
19160	20	17	0	21	93	271
19161	20	17	1	22	195	271
19162	20	17	2	23	82	271
19163	20	17	3	24	126	271
19164	20	17	4	25	109	271
19165	20	17	5	26	233	271
19166	20	17	6	27	17	271
19167	20	17	7	28	59	271
19168	20	17	8	29	87	271
19169	20	17	9	30	6	271
19170	20	17	10	31	220	271
19171	20	17	11	32	53	271
19172	20	17	12	33	167	271
19173	20	17	13	34	28	271
19174	20	17	14	35	121	271
19175	20	17	15	36	6	271
19176	20	17	16	37	40	271
19177	20	17	17	38	13	271
19178	20	17	18	39	180	271
19179	20	17	19	40	68	271
19180	20	17	20	41	25	271
19181	20	17	21	42	135	271
19182	20	17	22	43	20	271
19183	20	17	23	44	180	271
19184	20	17	24	45	220	271
19185	20	17	25	46	106	271
19186	20	17	26	80	35	271
19187	20	17	27	81	206	271
19188	20	17	28	82	122	271
19189	20	17	29	3	27	272
19190	20	17	30	83	101	272
19191	20	17	31	85	178	272
19192	20	17	32	84	117	273
19193	20	17	33	86	146	273
19194	20	17	34	89	45	274
19195	20	17	35	87	109	275
19196	20	17	36	88	61	275
19197	20	17	37	90	47	276
19198	20	17	38	91	155	276
19199	20	17	39	93	129	276
19200	20	17	40	92	195	277
19201	20	17	41	94	185	277
19202	20	17	42	95	185	279
19203	20	17	43	96	237	279
19204	20	17	44	97	194	279
19205	20	17	45	98	144	279
19206	20	17	46	99	215	280
19207	20	17	47	100	24	281
19208	20	17	48	101	6	281
19209	20	17	49	103	2	281
19210	20	17	50	102	200	282
19211	20	17	51	104	158	283
19212	20	17	52	106	171	283
19213	20	17	53	105	160	284
19214	20	17	54	107	231	284
19215	20	17	55	108	32	285
19216	20	18	0	47	243	271
19217	20	18	1	48	55	271
19218	20	18	2	49	28	271
19219	20	18	3	50	149	271
19220	20	18	4	51	262	271
19221	20	18	5	52	110	271
19222	20	18	6	53	110	271
19223	20	18	7	54	137	271
19224	20	18	8	55	40	271
19225	20	18	9	56	132	271
19226	20	18	10	57	81	271
19227	20	18	11	58	39	271
19228	20	18	12	59	197	271
19229	20	18	13	60	74	271
19230	20	18	14	61	70	271
19231	20	18	15	62	119	271
19232	20	18	16	63	131	271
19233	20	18	17	64	144	271
19234	20	18	18	65	161	271
19235	20	18	19	66	239	271
19236	20	18	20	67	103	271
19237	20	18	21	68	11	271
19238	20	18	22	69	125	271
19239	20	18	23	70	226	271
19240	20	18	24	71	27	271
19241	20	18	25	72	46	271
19242	20	18	26	79	219	271
19243	20	18	27	80	114	272
19244	20	18	28	81	160	272
19245	20	18	29	82	202	272
19246	20	18	30	1	65	273
19247	20	18	31	83	81	273
19248	20	18	32	85	28	273
19249	20	18	33	84	247	274
19250	20	18	34	86	190	274
19251	20	18	35	89	70	275
19252	20	18	36	87	214	276
19253	20	18	37	88	259	276
19254	20	18	38	90	108	277
19255	20	18	39	91	54	277
19256	20	18	40	93	223	277
19257	20	18	41	92	114	278
19258	20	18	42	94	39	278
19259	20	18	43	95	39	280
19260	20	18	44	96	13	280
19261	20	18	45	97	166	280
19262	20	18	46	98	191	280
19263	20	18	47	99	24	281
19264	20	18	48	100	251	282
19265	20	18	49	101	260	282
19266	20	18	50	103	157	282
19267	20	18	51	102	138	283
19268	20	18	52	104	184	284
19269	20	18	53	106	206	284
19270	20	18	54	105	143	285
19271	20	19	0	73	40	271
19272	20	19	1	74	95	271
19273	20	19	2	75	77	271
19274	20	19	3	76	97	271
19275	20	19	4	77	149	271
19276	20	19	5	78	135	271
19277	20	19	6	4	125	272
19278	20	19	7	5	195	272
19279	20	19	8	6	12	272
19280	20	19	9	7	85	272
19281	20	19	10	8	43	272
19282	20	19	11	9	147	272
19283	20	19	12	10	83	272
19284	20	19	13	11	175	272
19285	20	19	14	12	25	272
19286	20	19	15	13	55	272
19287	20	19	16	14	44	272
19288	20	19	17	15	77	272
19289	20	19	18	16	215	272
19290	20	19	19	17	260	272
19291	20	19	20	18	64	272
19292	20	19	21	19	173	272
19293	20	19	22	20	95	272
19294	20	19	23	21	207	272
19295	20	19	24	22	93	272
19296	20	19	25	23	18	272
19297	20	19	26	24	217	272
19298	20	19	27	79	22	272
19299	20	19	28	2	10	273
19300	20	19	29	80	183	273
19301	20	19	30	81	243	273
19302	20	19	31	82	172	273
19303	20	19	32	83	91	274
19304	20	19	33	85	59	274
19305	20	19	34	84	114	275
19306	20	19	35	86	168	275
19307	20	19	36	89	163	276
19308	20	19	37	87	215	277
19309	20	19	38	88	241	277
19310	20	19	39	90	209	278
19311	20	19	40	91	236	278
19312	20	19	41	93	205	278
19313	20	19	42	92	65	279
19314	20	19	43	94	112	279
19315	20	19	44	95	112	281
19316	20	19	45	96	125	281
19317	20	19	46	97	180	281
19318	20	19	47	98	36	281
19319	20	19	48	99	251	282
19320	20	19	49	100	6	283
19321	20	19	50	101	133	283
19322	20	19	51	103	237	283
19323	20	19	52	102	171	284
19324	20	19	53	104	171	285
19325	20	20	0	25	62	272
19326	20	20	1	26	201	272
19327	20	20	2	27	232	272
19328	20	20	3	28	1	272
19329	20	20	4	29	137	272
19330	20	20	5	30	216	272
19331	20	20	6	31	168	272
19332	20	20	7	32	188	272
19333	20	20	8	33	184	272
19334	20	20	9	34	250	272
19335	20	20	10	35	229	272
19336	20	20	11	36	232	272
19337	20	20	12	37	226	272
19338	20	20	13	38	208	272
19339	20	20	14	39	119	272
19340	20	20	15	40	126	272
19341	20	20	16	41	126	272
19342	20	20	17	42	103	272
19343	20	20	18	43	14	272
19344	20	20	19	44	228	272
19345	20	20	20	45	13	272
19346	20	20	21	46	84	272
19347	20	20	22	47	53	272
19348	20	20	23	48	98	272
19349	20	20	24	49	192	272
19350	20	20	25	50	251	272
19351	20	20	26	77	66	272
19352	20	20	27	78	22	272
19353	20	20	28	79	252	273
19354	20	20	29	1	235	274
19355	20	20	30	80	40	274
19356	20	20	31	81	10	274
19357	20	20	32	82	177	274
19358	20	20	33	83	86	275
19359	20	20	34	85	197	275
19360	20	20	35	84	112	276
19361	20	20	36	86	179	276
19362	20	20	37	89	59	277
19363	20	20	38	87	202	278
19364	20	20	39	88	102	278
19365	20	20	40	90	27	279
19366	20	20	41	91	145	279
19367	20	20	42	93	68	279
19368	20	20	43	92	224	280
19369	20	20	44	94	207	280
19370	20	20	45	95	207	282
19371	20	20	46	96	69	282
19372	20	20	47	97	173	282
19373	20	20	48	98	245	282
19374	20	20	49	99	6	283
19375	20	20	50	100	260	284
19376	20	20	51	101	65	284
19377	20	20	52	103	184	284
19378	20	21	0	51	91	272
19379	20	21	1	52	109	272
19380	20	21	2	53	19	272
19381	20	21	3	54	212	272
19382	20	21	4	55	167	272
19383	20	21	5	56	123	272
19384	20	21	6	57	186	272
19385	20	21	7	58	185	272
19386	20	21	8	59	217	272
19387	20	21	9	60	187	272
19388	20	21	10	61	5	272
19389	20	21	11	62	164	272
19390	20	21	12	63	7	272
19391	20	21	13	64	142	272
19392	20	21	14	65	233	272
19393	20	21	15	66	184	272
19394	20	21	16	67	254	272
19395	20	21	17	68	17	272
19396	20	21	18	69	87	272
19397	20	21	19	70	123	272
19398	20	21	20	71	239	272
19399	20	21	21	72	138	272
19400	20	21	22	73	106	272
19401	20	21	23	74	60	272
19402	20	21	24	75	4	272
19403	20	21	25	76	2	272
19404	20	21	26	3	104	273
19405	20	21	27	77	230	273
19406	20	21	28	78	252	273
19407	20	21	29	79	137	274
19408	20	21	30	1	21	275
19409	20	21	31	80	243	275
19410	20	21	32	81	258	275
19411	20	21	33	82	43	275
19412	20	21	34	83	220	276
19413	20	21	35	85	117	276
19414	20	21	36	84	200	277
19415	20	21	37	86	42	277
19416	20	21	38	89	175	278
19417	20	21	39	87	118	279
19418	20	21	40	88	247	279
19419	20	21	41	90	118	280
19420	20	21	42	91	59	280
19421	20	21	43	93	78	280
19422	20	21	44	92	123	281
19423	20	21	45	94	28	281
19424	20	21	46	95	28	283
19425	20	21	47	96	97	283
19426	20	21	48	97	45	283
19427	20	21	49	98	9	283
19428	20	21	50	99	260	284
19429	20	21	51	100	133	285
19430	20	22	0	4	32	273
19431	20	22	1	5	63	273
19432	20	22	2	6	146	273
19433	20	22	3	7	89	273
19434	20	22	4	8	230	273
19435	20	22	5	9	36	273
19436	20	22	6	10	204	273
19437	20	22	7	11	131	273
19438	20	22	8	12	99	273
19439	20	22	9	13	178	273
19440	20	22	10	14	218	273
19441	20	22	11	15	37	273
19442	20	22	12	16	219	273
19443	20	22	13	17	192	273
19444	20	22	14	18	38	273
19445	20	22	15	19	250	273
19446	20	22	16	20	104	273
19447	20	22	17	21	155	273
19448	20	22	18	22	23	273
19449	20	22	19	23	200	273
19450	20	22	20	24	82	273
19451	20	22	21	25	85	273
19452	20	22	22	26	249	273
19453	20	22	23	27	262	273
19454	20	22	24	28	202	273
19455	20	22	25	74	124	273
19456	20	22	26	75	131	273
19457	20	22	27	76	197	273
19458	20	22	28	77	148	274
19459	20	22	29	78	137	274
19460	20	22	30	79	63	275
19461	20	22	31	1	50	276
19462	20	22	32	80	10	276
19463	20	22	33	81	134	276
19464	20	22	34	82	110	276
19465	20	22	35	83	153	277
19466	20	22	36	85	31	277
19467	20	22	37	84	36	278
19468	20	22	38	86	242	278
19469	20	22	39	89	166	279
19470	20	22	40	87	69	280
19471	20	22	41	88	176	280
19472	20	22	42	90	204	281
19473	20	22	43	91	102	281
19474	20	22	44	93	168	281
19475	20	22	45	92	181	282
19476	20	22	46	94	249	282
19477	20	22	47	95	249	284
19478	20	22	48	96	83	284
19479	20	22	49	97	109	284
19480	20	22	50	98	127	284
19481	20	23	0	29	129	273
19482	20	23	1	30	202	273
19483	20	23	2	31	245	273
19484	20	23	3	32	35	273
19485	20	23	4	33	234	273
19486	20	23	5	34	239	273
19487	20	23	6	35	262	273
19488	20	23	7	36	223	273
19489	20	23	8	37	194	273
19490	20	23	9	38	102	273
19491	20	23	10	39	229	273
19492	20	23	11	40	160	273
19493	20	23	12	41	29	273
19494	20	23	13	42	257	273
19495	20	23	14	43	58	273
19496	20	23	15	44	150	273
19497	20	23	16	45	16	273
19498	20	23	17	46	183	273
19499	20	23	18	47	140	273
19500	20	23	19	48	110	273
19501	20	23	20	49	79	273
19502	20	23	21	50	192	273
19503	20	23	22	51	189	273
19504	20	23	23	52	199	273
19505	20	23	24	72	170	273
19506	20	23	25	2	148	274
19507	20	23	26	74	201	274
19508	20	23	27	75	66	274
19509	20	23	28	76	33	274
19510	20	23	29	77	189	275
19511	20	23	30	78	63	275
19512	20	23	31	79	100	276
19513	20	23	32	0	43	277
19514	20	23	33	80	258	277
19515	20	23	34	81	196	277
19516	20	23	35	82	208	277
19517	20	23	36	83	55	278
19518	20	23	37	85	137	278
19519	20	23	38	84	242	279
19520	20	23	39	86	142	279
19521	20	23	40	89	237	280
19522	20	23	41	87	38	281
19523	20	23	42	88	57	281
19524	20	23	43	90	161	282
19525	20	23	44	91	212	282
19526	20	23	45	93	207	282
19527	20	23	46	92	193	283
19528	20	23	47	94	7	283
19529	20	23	48	95	7	285
19530	20	23	49	96	90	285
19531	20	24	0	53	53	273
19532	20	24	1	54	229	273
19533	20	24	2	55	32	273
19534	20	24	3	56	89	273
19535	20	24	4	57	94	273
19536	20	24	5	58	93	273
19537	20	24	6	59	88	273
19538	20	24	7	60	122	273
19539	20	24	8	61	137	273
19540	20	24	9	62	32	273
19541	20	24	10	63	159	273
19542	20	24	11	64	2	273
19543	20	24	12	65	100	273
19544	20	24	13	66	17	273
19545	20	24	14	67	156	273
19546	20	24	15	68	11	273
19547	20	24	16	69	117	273
19548	20	24	17	70	11	273
19549	20	24	18	71	60	273
19550	20	24	19	73	251	273
19551	20	24	20	3	157	274
19552	20	24	21	4	253	274
19553	20	24	22	5	127	274
19554	20	24	23	6	92	274
19555	20	24	24	7	194	274
19556	20	24	25	8	3	274
19557	20	24	26	72	206	274
19558	20	24	27	74	31	275
19559	20	24	28	75	230	275
19560	20	24	29	76	115	275
19561	20	24	30	77	37	276
19562	20	24	31	78	100	276
19563	20	24	32	1	230	277
19564	20	24	33	79	119	277
19565	20	24	34	80	134	278
19566	20	24	35	81	165	278
19567	20	24	36	82	159	278
19568	20	24	37	83	104	279
19569	20	24	38	85	184	279
19570	20	24	39	84	223	280
19571	20	24	40	86	192	280
19572	20	24	41	89	57	281
19573	20	24	42	87	127	282
19574	20	24	43	88	31	282
19575	20	24	44	90	51	283
19576	20	24	45	91	157	283
19577	20	24	46	93	14	283
19578	20	24	47	92	70	284
19579	20	24	48	94	128	284
19580	20	25	0	9	240	274
19581	20	25	1	10	152	274
19582	20	25	2	11	114	274
19583	20	25	3	12	119	274
19584	20	25	4	13	112	274
19585	20	25	5	14	187	274
19586	20	25	6	15	195	274
19587	20	25	7	16	73	274
19588	20	25	8	17	15	274
19589	20	25	9	18	65	274
19590	20	25	10	19	108	274
19591	20	25	11	20	54	274
19592	20	25	12	21	152	274
19593	20	25	13	22	215	274
19594	20	25	14	23	252	274
19595	20	25	15	24	108	274
19596	20	25	16	25	119	274
19597	20	25	17	26	249	274
19598	20	25	18	27	144	274
19599	20	25	19	28	180	274
19600	20	25	20	29	117	274
19601	20	25	21	30	99	274
19602	20	25	22	31	225	274
19603	20	25	23	32	175	274
19604	20	25	24	70	104	274
19605	20	25	25	73	65	274
19606	20	25	26	2	209	275
19607	20	25	27	72	175	275
19608	20	25	28	74	116	276
19609	20	25	29	75	148	276
19610	20	25	30	76	74	276
19611	20	25	31	77	113	277
19612	20	25	32	78	213	277
19613	20	25	33	0	223	278
19614	20	25	34	79	72	278
19615	20	25	35	80	196	279
19616	20	25	36	81	49	279
19617	20	25	37	82	52	279
19618	20	25	38	83	211	280
19619	20	25	39	85	242	280
19620	20	25	40	84	25	281
19621	20	25	41	86	167	281
19622	20	25	42	89	242	282
19623	20	25	43	87	47	283
19624	20	25	44	88	187	283
19625	20	25	45	90	106	284
19626	20	25	46	91	53	284
19627	20	25	47	92	70	285
19628	20	26	0	33	50	274
19629	20	26	1	34	157	274
19630	20	26	2	35	213	274
19631	20	26	3	36	134	274
19632	20	26	4	37	148	274
19633	20	26	5	38	261	274
19634	20	26	6	39	138	274
19635	20	26	7	40	4	274
19636	20	26	8	41	98	274
19637	20	26	9	42	183	274
19638	20	26	10	43	73	274
19639	20	26	11	44	168	274
19640	20	26	12	45	129	274
19641	20	26	13	46	260	274
19642	20	26	14	47	11	274
19643	20	26	15	48	236	274
19644	20	26	16	49	132	274
19645	20	26	17	50	137	274
19646	20	26	18	51	124	274
19647	20	26	19	52	125	274
19648	20	26	20	53	79	274
19649	20	26	21	54	240	274
19650	20	26	22	55	99	274
19651	20	26	23	69	187	274
19652	20	26	24	71	72	274
19653	20	26	25	70	14	275
19654	20	26	26	73	37	275
19655	20	26	27	2	59	276
19656	20	26	28	72	239	276
19657	20	26	29	74	205	277
19658	20	26	30	75	189	277
19659	20	26	31	76	226	277
19660	20	26	32	77	75	278
19661	20	26	33	78	25	278
19662	20	26	34	0	30	279
19663	20	26	35	79	227	279
19664	20	26	36	80	165	280
19665	20	26	37	81	107	280
19666	20	26	38	82	237	280
19667	20	26	39	83	26	281
19668	20	26	40	85	238	281
19669	20	26	41	84	71	282
19670	20	26	42	86	48	282
19671	20	26	43	89	255	283
19672	20	26	44	87	34	284
19673	20	26	45	88	209	284
19674	20	26	46	93	84	284
19675	20	27	0	56	62	274
19676	20	27	1	57	151	274
19677	20	27	2	58	233	274
19678	20	27	3	59	99	274
19679	20	27	4	60	27	274
19680	20	27	5	61	63	274
19681	20	27	6	62	132	274
19682	20	27	7	63	95	274
19683	20	27	8	64	32	274
19684	20	27	9	65	222	274
19685	20	27	10	66	16	274
19686	20	27	11	67	256	274
19687	20	27	12	68	226	274
19688	20	27	13	3	96	275
19689	20	27	14	4	229	275
19690	20	27	15	5	136	275
19691	20	27	16	6	210	275
19692	20	27	17	7	253	275
19693	20	27	18	8	115	275
19694	20	27	19	9	111	275
19695	20	27	20	10	152	275
19696	20	27	21	11	138	275
19697	20	27	22	12	174	275
19698	20	27	23	13	64	275
19699	20	27	24	69	38	275
19700	20	27	25	71	242	275
19701	20	27	26	70	251	276
19702	20	27	27	73	144	276
19703	20	27	28	2	204	277
19704	20	27	29	72	155	277
19705	20	27	30	74	29	278
19706	20	27	31	75	37	278
19707	20	27	32	76	150	278
19708	20	27	33	77	94	279
19709	20	27	34	78	119	279
19710	20	27	35	0	109	280
19711	20	27	36	79	18	280
19712	20	27	37	80	49	281
19713	20	27	38	81	78	281
19714	20	27	39	82	13	281
19715	20	27	40	83	250	282
19716	20	27	41	85	96	282
19717	20	27	42	84	144	283
19718	20	27	43	86	239	283
19719	20	27	44	89	185	284
19720	20	27	45	87	206	285
19721	20	28	0	14	76	275
19722	20	28	1	15	211	275
19723	20	28	2	16	212	275
19724	20	28	3	17	186	275
19725	20	28	4	18	41	275
19726	20	28	5	19	55	275
19727	20	28	6	20	67	275
19728	20	28	7	21	248	275
19729	20	28	8	22	117	275
19730	20	28	9	23	54	275
19731	20	28	10	24	32	275
19732	20	28	11	25	253	275
19733	20	28	12	26	164	275
19734	20	28	13	27	221	275
19735	20	28	14	28	222	275
19736	20	28	15	29	108	275
19737	20	28	16	30	141	275
19738	20	28	17	31	116	275
19739	20	28	18	32	29	275
19740	20	28	19	33	256	275
19741	20	28	20	34	185	275
19742	20	28	21	35	98	275
19743	20	28	22	36	136	275
19744	20	28	23	67	228	275
19745	20	28	24	68	76	275
19746	20	28	25	69	244	276
19747	20	28	26	71	3	276
19748	20	28	27	70	21	277
19749	20	28	28	73	44	277
19750	20	28	29	1	217	278
19751	20	28	30	72	244	278
19752	20	28	31	74	117	279
19753	20	28	32	75	113	279
19754	20	28	33	76	188	279
19755	20	28	34	77	216	280
19756	20	28	35	78	72	280
19757	20	28	36	0	247	281
19758	20	28	37	79	254	281
19759	20	28	38	80	107	282
19760	20	28	39	81	224	282
19761	20	28	40	82	125	282
19762	20	28	41	83	138	283
19763	20	28	42	85	239	283
19764	20	28	43	84	119	284
19765	20	28	44	86	12	284
19766	20	29	0	37	35	275
19767	20	29	1	38	37	275
19768	20	29	2	39	114	275
19769	20	29	3	40	101	275
19770	20	29	4	41	62	275
19771	20	29	5	42	240	275
19772	20	29	6	43	151	275
19773	20	29	7	44	64	275
19774	20	29	8	45	48	275
19775	20	29	9	46	87	275
19776	20	29	10	47	87	275
19777	20	29	11	48	249	275
19778	20	29	12	49	87	275
19779	20	29	13	50	161	275
19780	20	29	14	51	51	275
19781	20	29	15	53	166	275
19782	20	29	16	52	192	275
19783	20	29	17	54	209	275
19784	20	29	18	55	42	275
19785	20	29	19	56	20	275
19786	20	29	20	57	122	275
19787	20	29	21	58	202	275
19788	20	29	22	65	88	275
19789	20	29	23	66	228	275
19790	20	29	24	67	149	276
19791	20	29	25	68	225	276
19792	20	29	26	69	141	277
19793	20	29	27	71	68	277
19794	20	29	28	2	193	278
19795	20	29	29	70	65	278
19796	20	29	30	73	9	278
19797	20	29	31	72	149	279
19798	20	29	32	74	73	280
19799	20	29	33	75	75	280
19800	20	29	34	76	169	280
19801	20	29	35	77	155	281
19802	20	29	36	78	227	281
19803	20	29	37	0	12	282
19804	20	29	38	79	136	282
19805	20	29	39	80	78	283
19806	20	29	40	81	151	283
19807	20	29	41	82	69	283
19808	20	29	42	83	194	284
19809	20	29	43	84	119	285
19810	20	30	0	59	155	275
19811	20	30	1	60	81	275
19812	20	30	2	61	160	275
19813	20	30	3	62	10	275
19814	20	30	4	63	257	275
19815	20	30	5	64	149	275
19816	20	30	6	3	24	276
19817	20	30	7	4	108	276
19818	20	30	8	5	225	276
19819	20	30	9	6	159	276
19820	20	30	10	7	81	276
19821	20	30	11	8	251	276
19822	20	30	12	9	251	276
19823	20	30	13	10	10	276
19824	20	30	14	11	202	276
19825	20	30	15	12	206	276
19826	20	30	16	13	127	276
19827	20	30	17	14	78	276
19828	20	30	18	15	14	276
19829	20	30	19	16	12	276
19830	20	30	20	17	256	276
19831	20	30	21	18	88	276
19832	20	30	22	19	57	276
19833	20	30	23	65	219	276
19834	20	30	24	66	149	276
19835	20	30	25	67	57	277
19836	20	30	26	68	19	277
19837	20	30	27	69	61	278
19838	20	30	28	71	260	278
19839	20	30	29	1	97	279
19840	20	30	30	70	215	279
19841	20	30	31	73	200	279
19842	20	30	32	72	98	280
19843	20	30	33	74	95	281
19844	20	30	34	75	94	281
19845	20	30	35	76	47	281
19846	20	30	36	77	54	282
19847	20	30	37	78	18	282
19848	20	30	38	0	254	283
19849	20	30	39	79	195	283
19850	20	30	40	80	224	284
19851	20	30	41	81	56	284
19852	20	30	42	82	97	284
19853	20	31	0	20	147	276
19854	20	31	1	21	104	276
19855	20	31	2	22	17	276
19856	20	31	3	23	200	276
19857	20	31	4	24	121	276
19858	20	31	5	25	252	276
19859	20	31	6	26	57	276
19860	20	31	7	27	170	276
19861	20	31	8	28	231	276
19862	20	31	9	29	93	276
19863	20	31	10	30	33	276
19864	20	31	11	31	256	276
19865	20	31	12	32	11	276
19866	20	31	13	33	142	276
19867	20	31	14	34	235	276
19868	20	31	15	35	44	276
19869	20	31	16	36	121	276
19870	20	31	17	37	259	276
19871	20	31	18	38	22	276
19872	20	31	19	39	68	276
19873	20	31	20	40	89	276
19874	20	31	21	63	255	276
19875	20	31	22	64	174	276
19876	20	31	23	3	34	277
19877	20	31	24	65	22	277
19878	20	31	25	66	57	277
19879	20	31	26	67	103	278
19880	20	31	27	68	122	278
19881	20	31	28	69	101	279
19882	20	31	29	71	249	279
19883	20	31	30	1	229	280
19884	20	31	31	70	247	280
19885	20	31	32	73	258	280
19886	20	31	33	72	72	281
19887	20	31	34	74	84	282
19888	20	31	35	75	216	282
19889	20	31	36	76	108	282
19890	20	31	37	77	236	283
19891	20	31	38	78	254	283
19892	20	31	39	0	204	284
19893	20	31	40	79	34	284
19894	20	31	41	85	230	284
19895	20	32	0	41	256	276
19896	20	32	1	42	32	276
19897	20	32	2	43	217	276
19898	20	32	3	44	130	276
19899	20	32	4	45	257	276
19900	20	32	5	46	187	276
19901	20	32	6	47	62	276
19902	20	32	7	48	39	276
19903	20	32	8	49	149	276
19904	20	32	9	50	156	276
19905	20	32	10	51	11	276
19906	20	32	11	52	86	276
19907	20	32	12	53	256	276
19908	20	32	13	54	235	276
19909	20	32	14	55	75	276
19910	20	32	15	56	168	276
19911	20	32	16	57	109	276
19912	20	32	17	58	106	276
19913	20	32	18	59	46	276
19914	20	32	19	60	48	276
19915	20	32	20	61	200	276
19916	20	32	21	62	259	276
19917	20	32	22	63	4	277
19918	20	32	23	64	176	277
19919	20	32	24	3	106	278
19920	20	32	25	65	252	278
19921	20	32	26	66	103	278
19922	20	32	27	67	80	279
19923	20	32	28	68	202	279
19924	20	32	29	69	81	280
19925	20	32	30	71	212	280
19926	20	32	31	1	166	281
19927	20	32	32	70	3	281
19928	20	32	33	73	218	281
19929	20	32	34	72	2	282
19930	20	32	35	74	221	283
19931	20	32	36	75	155	283
19932	20	32	37	76	209	283
19933	20	32	38	77	145	284
19934	20	32	39	78	136	284
19935	20	32	40	0	110	285
19936	20	33	0	4	205	277
19937	20	33	1	5	233	277
19938	20	33	2	6	47	277
19939	20	33	3	7	222	277
19940	20	33	4	8	108	277
19941	20	33	5	9	224	277
19942	20	33	6	10	158	277
19943	20	33	7	11	182	277
19944	20	33	8	12	88	277
19945	20	33	9	13	137	277
19946	20	33	10	14	145	277
19947	20	33	11	15	113	277
19948	20	33	12	16	82	277
19949	20	33	13	17	136	277
19950	20	33	14	18	164	277
19951	20	33	15	19	55	277
19952	20	33	16	20	180	277
19953	20	33	17	21	39	277
19954	20	33	18	22	208	277
19955	20	33	19	23	224	277
19956	20	33	20	61	200	277
19957	20	33	21	60	251	277
19958	20	33	22	62	2	277
19959	20	33	23	63	261	278
19960	20	33	24	64	175	278
19961	20	33	25	2	175	279
19962	20	33	26	65	137	279
19963	20	33	27	66	80	279
19964	20	33	28	67	223	280
19965	20	33	29	68	162	280
19966	20	33	30	69	91	281
19967	20	33	31	71	186	281
19968	20	33	32	1	189	282
19969	20	33	33	70	80	282
19970	20	33	34	73	112	282
19971	20	33	35	72	163	283
19972	20	33	36	74	21	284
19973	20	33	37	75	54	284
19974	20	33	38	76	27	284
19975	20	33	39	77	59	285
19976	20	34	0	24	112	277
19977	20	34	1	25	69	277
19978	20	34	2	26	246	277
19979	20	34	3	27	235	277
19980	20	34	4	28	147	277
19981	20	34	5	29	189	277
19982	20	34	6	30	115	277
19983	20	34	7	31	215	277
19984	20	34	8	32	206	277
19985	20	34	9	33	92	277
19986	20	34	10	34	242	277
19987	20	34	11	35	16	277
19988	20	34	12	36	250	277
19989	20	34	13	37	142	277
19990	20	34	14	38	82	277
19991	20	34	15	39	201	277
19992	20	34	16	40	42	277
19993	20	34	17	41	244	277
19994	20	34	18	42	164	277
19995	20	34	19	43	196	277
19996	20	34	20	59	120	277
19997	20	34	21	60	251	278
19998	20	34	22	61	213	278
19999	20	34	23	62	262	278
20000	20	34	24	3	246	279
20001	20	34	25	63	66	279
20002	20	34	26	64	11	279
20003	20	34	27	65	63	280
20004	20	34	28	66	223	280
20005	20	34	29	67	20	281
20006	20	34	30	68	182	281
20007	20	34	31	69	86	282
20008	20	34	32	71	24	282
20009	20	34	33	1	165	283
20010	20	34	34	70	88	283
20011	20	34	35	73	228	283
20012	20	34	36	72	80	284
20013	20	34	37	74	121	285
20014	20	34	38	75	236	285
20015	20	35	0	44	148	277
20016	20	35	1	45	190	277
20017	20	35	2	46	116	277
20018	20	35	3	47	82	277
20019	20	35	4	48	1	277
20020	20	35	5	49	179	277
20021	20	35	6	50	6	277
20022	20	35	7	51	13	277
20023	20	35	8	52	26	277
20024	20	35	9	53	8	277
20025	20	35	10	54	48	277
20026	20	35	11	55	63	277
20027	20	35	12	56	216	277
20028	20	35	13	57	149	277
20029	20	35	14	58	169	277
20030	20	35	15	4	22	278
20031	20	35	16	5	74	278
20032	20	35	17	6	10	278
20033	20	35	18	7	81	278
20034	20	35	19	8	216	278
20035	20	35	20	9	106	278
20036	20	35	21	59	203	278
20037	20	35	22	60	12	279
20038	20	35	23	61	144	279
20039	20	35	24	62	132	279
20040	20	35	25	2	234	280
20041	20	35	26	63	230	280
20042	20	35	27	64	126	280
20043	20	35	28	65	100	281
20044	20	35	29	66	20	281
20045	20	35	30	67	253	282
20046	20	35	31	68	172	282
20047	20	35	32	69	220	283
20048	20	35	33	71	61	283
20049	20	35	34	1	85	284
20050	20	35	35	70	240	284
20051	20	35	36	73	7	284
20052	20	35	37	72	163	285
20053	20	36	0	10	131	278
20054	20	36	1	11	98	278
20055	20	36	2	12	22	278
20056	20	36	3	13	45	278
20057	20	36	4	14	47	278
20058	20	36	5	15	58	278
20059	20	36	6	16	83	278
20060	20	36	7	17	101	278
20061	20	36	8	18	71	278
20062	20	36	9	19	86	278
20063	20	36	10	20	173	278
20064	20	36	11	21	256	278
20065	20	36	12	22	54	278
20066	20	36	13	23	9	278
20067	20	36	14	24	135	278
20068	20	36	15	25	188	278
20069	20	36	16	26	39	278
20070	20	36	17	27	214	278
20071	20	36	18	28	92	278
20072	20	36	19	29	23	278
20073	20	36	20	30	211	278
20074	20	36	21	56	145	278
20075	20	36	22	59	30	279
20076	20	36	23	60	254	280
20077	20	36	24	61	215	280
20078	20	36	25	62	197	280
20079	20	36	26	2	219	281
20080	20	36	27	63	148	281
20081	20	36	28	64	200	281
20082	20	36	29	65	213	282
20083	20	36	30	66	253	282
20084	20	36	31	67	5	283
20085	20	36	32	68	177	283
20086	20	36	33	69	153	284
20087	20	36	34	71	196	284
20088	20	36	35	1	96	285
20089	20	36	36	70	202	285
20090	20	37	0	31	119	278
20091	20	37	1	32	202	278
20092	20	37	2	33	38	278
20093	20	37	3	34	248	278
20094	20	37	4	35	97	278
20095	20	37	5	36	12	278
20096	20	37	6	37	57	278
20097	20	37	7	38	5	278
20098	20	37	8	39	152	278
20099	20	37	9	40	225	278
20100	20	37	10	41	53	278
20101	20	37	11	42	197	278
20102	20	37	12	43	4	278
20103	20	37	13	44	150	278
20104	20	37	14	45	136	278
20105	20	37	15	46	22	278
20106	20	37	16	47	71	278
20107	20	37	17	48	147	278
20108	20	37	18	55	164	278
20109	20	37	19	57	250	278
20110	20	37	20	58	247	278
20111	20	37	21	4	8	279
20112	20	37	22	56	23	279
20113	20	37	23	59	248	280
20114	20	37	24	60	6	281
20115	20	37	25	61	18	281
20116	20	37	26	62	33	281
20117	20	37	27	2	33	282
20118	20	37	28	63	189	282
20119	20	37	29	64	163	282
20120	20	37	30	65	25	283
20121	20	37	31	66	5	283
20122	20	37	32	67	129	284
20123	20	37	33	68	43	284
20124	20	37	34	69	55	285
20125	20	37	35	71	249	285
20126	20	38	0	49	32	278
20127	20	38	1	50	230	278
20128	20	38	2	51	125	278
20129	20	38	3	52	133	278
20130	20	38	4	53	66	278
20131	20	38	5	54	97	278
20132	20	38	6	5	76	279
20133	20	38	7	6	188	279
20134	20	38	8	7	223	279
20135	20	38	9	8	42	279
20136	20	38	10	9	96	279
20137	20	38	11	10	157	279
20138	20	38	12	11	15	279
20139	20	38	13	12	67	279
20140	20	38	14	13	106	279
20141	20	38	15	14	145	279
20142	20	38	16	15	7	279
20143	20	38	17	16	179	279
20144	20	38	18	17	152	279
20145	20	38	19	55	181	279
20146	20	38	20	57	18	279
20147	20	38	21	58	89	279
20148	20	38	22	3	188	280
20149	20	38	23	56	51	280
20150	20	38	24	59	139	281
20151	20	38	25	60	62	282
20152	20	38	26	61	98	282
20153	20	38	27	62	115	282
20154	20	38	28	2	41	283
20155	20	38	29	63	37	283
20156	20	38	30	64	50	283
20157	20	38	31	65	119	284
20158	20	38	32	66	129	284
20159	20	38	33	67	67	285
20160	20	38	34	68	110	285
20161	20	39	0	18	223	279
20162	20	39	1	19	178	279
20163	20	39	2	20	4	279
20164	20	39	3	21	78	279
20165	20	39	4	22	140	279
20166	20	39	5	23	180	279
20167	20	39	6	24	230	279
20168	20	39	7	25	11	279
20169	20	39	8	26	261	279
20170	20	39	9	27	36	279
20171	20	39	10	28	124	279
20172	20	39	11	29	41	279
20173	20	39	12	30	129	279
20174	20	39	13	31	81	279
20175	20	39	14	32	10	279
20176	20	39	15	33	232	279
20177	20	39	16	34	112	279
20178	20	39	17	35	72	279
20179	20	39	18	52	142	279
20180	20	39	19	54	181	279
20181	20	39	20	4	212	280
20182	20	39	21	55	76	280
20183	20	39	22	57	180	280
20184	20	39	23	58	231	280
20185	20	39	24	56	24	281
20186	20	39	25	59	62	282
20187	20	39	26	60	68	283
20188	20	39	27	61	3	283
20189	20	39	28	62	74	283
20190	20	39	29	2	35	284
20191	20	39	30	63	113	284
20192	20	39	31	64	238	284
20193	20	39	32	65	72	285
20194	20	39	33	66	67	285
20195	20	40	0	36	183	279
20196	20	40	1	37	211	279
20197	20	40	2	38	4	279
20198	20	40	3	39	164	279
20199	20	40	4	40	29	279
20200	20	40	5	41	125	279
20201	20	40	6	42	239	279
20202	20	40	7	43	17	279
20203	20	40	8	44	223	279
20204	20	40	9	45	10	279
20205	20	40	10	46	8	279
20206	20	40	11	47	105	279
20207	20	40	12	48	239	279
20208	20	40	13	49	122	279
20209	20	40	14	50	104	279
20210	20	40	15	51	114	279
20211	20	40	16	53	35	279
20212	20	40	17	5	20	280
20213	20	40	18	6	61	280
20214	20	40	19	52	226	280
20215	20	40	20	54	41	280
20216	20	40	21	3	8	281
20217	20	40	22	55	225	281
20218	20	40	23	57	34	281
20219	20	40	24	58	97	281
20220	20	40	25	56	218	282
20221	20	40	26	59	232	283
20222	20	40	27	60	48	284
20223	20	40	28	61	149	284
20224	20	40	29	62	226	284
20225	20	40	30	2	171	285
20226	20	40	31	63	75	285
20227	20	40	32	64	144	285
20228	20	41	0	7	2	280
20229	20	41	1	8	100	280
20230	20	41	2	9	24	280
20231	20	41	3	10	27	280
20232	20	41	4	11	180	280
20233	20	41	5	12	6	280
20234	20	41	6	13	225	280
20235	20	41	7	14	193	280
20236	20	41	8	15	176	280
20237	20	41	9	16	147	280
20238	20	41	10	17	130	280
20239	20	41	11	18	110	280
20240	20	41	12	19	234	280
20241	20	41	13	20	163	280
20242	20	41	14	21	49	280
20243	20	41	15	22	137	280
20244	20	41	16	23	124	280
20245	20	41	17	24	195	280
20246	20	41	18	51	93	280
20247	20	41	19	53	92	280
20248	20	41	20	52	139	281
20249	20	41	21	54	111	281
20250	20	41	22	3	257	282
20251	20	41	23	55	19	282
20252	20	41	24	57	184	282
20253	20	41	25	58	140	282
20254	20	41	26	56	4	283
20255	20	41	27	59	147	284
20256	20	41	28	60	198	285
20257	20	41	29	61	17	285
20258	20	41	30	62	150	285
20259	20	41	31	73	189	285
20260	20	42	0	25	41	280
20261	20	42	1	26	100	280
20262	20	42	2	27	234	280
20263	20	42	3	28	104	280
20264	20	42	4	29	133	280
20265	20	42	5	30	16	280
20266	20	42	6	31	16	280
20267	20	42	7	32	7	280
20268	20	42	8	33	15	280
20269	20	42	9	34	65	280
20270	20	42	10	35	262	280
20271	20	42	11	36	191	280
20272	20	42	12	37	163	280
20273	20	42	13	38	228	280
20274	20	42	14	39	129	280
20275	20	42	15	40	97	280
20276	20	42	16	41	186	280
20277	20	42	17	42	98	280
20278	20	42	18	50	178	280
20279	20	42	19	51	85	281
20280	20	42	20	53	147	281
20281	20	42	21	52	79	282
20282	20	42	22	54	76	282
20283	20	42	23	3	136	283
20284	20	42	24	55	122	283
20285	20	42	25	57	202	283
20286	20	42	26	58	257	283
20287	20	42	27	56	212	284
20288	20	42	28	59	58	285
20289	20	42	29	76	210	285
20290	20	42	30	78	219	285
20291	20	43	0	43	123	280
20292	20	43	1	44	6	280
20293	20	43	2	45	176	280
20294	20	43	3	46	241	280
20295	20	43	4	47	247	280
20296	20	43	5	48	144	280
20297	20	43	6	49	236	280
20298	20	43	7	4	255	281
20299	20	43	8	5	233	281
20300	20	43	9	6	93	281
20301	20	43	10	7	48	281
20302	20	43	11	8	211	281
20303	20	43	12	9	29	281
20304	20	43	13	10	234	281
20305	20	43	14	11	219	281
20306	20	43	15	12	198	281
20307	20	43	16	13	54	281
20308	20	43	17	14	198	281
20309	20	43	18	15	185	281
20310	20	43	19	50	174	281
20311	20	43	20	51	89	282
20312	20	43	21	53	93	282
20313	20	43	22	52	80	283
20314	20	43	23	54	225	283
20315	20	43	24	3	161	284
20316	20	43	25	55	202	284
20317	20	43	26	57	15	284
20318	20	43	27	58	143	284
20319	20	43	28	56	97	285
20320	20	43	29	79	93	285
20321	20	44	0	16	142	281
20322	20	44	1	17	33	281
20323	20	44	2	18	85	281
20324	20	44	3	19	61	281
20325	20	44	4	20	28	281
20326	20	44	5	22	142	281
20327	20	44	6	21	78	281
20328	20	44	7	23	241	281
20329	20	44	8	24	200	281
20330	20	44	9	25	163	281
20331	20	44	10	26	215	281
20332	20	44	11	27	180	281
20333	20	44	12	28	45	281
20334	20	44	13	29	139	281
20335	20	44	14	30	139	281
20336	20	44	15	31	12	281
20337	20	44	16	32	213	281
20338	20	44	17	47	183	281
20339	20	44	18	48	247	281
20340	20	44	19	49	261	281
20341	20	44	20	50	176	282
20342	20	44	21	51	87	283
20343	20	44	22	53	199	283
20344	20	44	23	52	86	284
20345	20	44	24	54	19	284
20346	20	44	25	3	208	285
20347	20	44	26	55	162	285
20348	20	44	27	57	66	285
20349	20	44	28	58	12	285
20350	20	45	0	33	57	281
20351	20	45	1	34	31	281
20352	20	45	2	35	185	281
20353	20	45	3	36	241	281
20354	20	45	4	37	91	281
20355	20	45	5	38	162	281
20356	20	45	6	39	101	281
20357	20	45	7	40	11	281
20358	20	45	8	41	182	281
20359	20	45	9	42	175	281
20360	20	45	10	43	16	281
20361	20	45	11	44	259	281
20362	20	45	12	45	129	281
20363	20	45	13	46	45	281
20364	20	45	14	4	130	282
20365	20	45	15	5	15	282
20366	20	45	16	6	140	282
20367	20	45	17	7	214	282
20368	20	45	18	47	40	282
20369	20	45	19	48	8	282
20370	20	45	20	49	1	282
20371	20	45	21	50	175	283
20372	20	45	22	51	88	284
20373	20	45	23	53	238	284
20374	20	45	24	52	34	285
20375	20	45	25	54	122	285
20376	20	45	26	80	199	285
20377	20	45	27	81	252	285
20378	20	46	0	8	46	282
20379	20	46	1	9	53	282
20380	20	46	2	10	57	282
20381	20	46	3	11	37	282
20382	20	46	4	12	41	282
20383	20	46	5	13	137	282
20384	20	46	6	14	174	282
20385	20	46	7	15	229	282
20386	20	46	8	16	84	282
20387	20	46	9	17	113	282
20388	20	46	10	18	245	282
20389	20	46	11	19	261	282
20390	20	46	12	20	109	282
20391	20	46	13	21	64	282
20392	20	46	14	22	64	282
20393	20	46	15	23	27	282
20394	20	46	16	45	217	282
20395	20	46	17	46	240	282
20396	20	46	18	4	47	283
20397	20	46	19	47	243	283
20398	20	46	20	48	259	283
20399	20	46	21	49	131	283
20400	20	46	22	50	44	284
20401	20	46	23	51	219	285
20402	20	46	24	53	41	285
20403	20	46	25	82	80	285
20404	20	46	26	83	51	285
20405	20	47	0	24	140	282
20406	20	47	1	25	144	282
20407	20	47	2	26	221	282
20408	20	47	3	27	44	282
20409	20	47	4	28	76	282
20410	20	47	5	29	11	282
20411	20	47	6	30	97	282
20412	20	47	7	31	172	282
20413	20	47	8	32	109	282
20414	20	47	9	33	168	282
20415	20	47	10	34	28	282
20416	20	47	11	35	98	282
20417	20	47	12	36	155	282
20418	20	47	13	37	14	282
20419	20	47	14	38	259	282
20420	20	47	15	42	181	282
20421	20	47	16	44	171	282
20422	20	47	17	45	23	283
20423	20	47	18	46	143	283
20424	20	47	19	4	162	284
20425	20	47	20	47	10	284
20426	20	47	21	48	2	284
20427	20	47	22	49	66	284
20428	20	47	23	50	241	285
20429	20	47	24	86	197	285
20430	20	47	25	85	15	285
20431	20	48	0	39	112	282
20432	20	48	1	40	161	282
20433	20	48	2	41	100	282
20434	20	48	3	43	208	282
20435	20	48	4	5	58	283
20436	20	48	5	6	219	283
20437	20	48	6	7	43	283
20438	20	48	7	8	154	283
20439	20	48	8	9	149	283
20440	20	48	9	10	72	283
20441	20	48	10	11	7	283
20442	20	48	11	12	20	283
20443	20	48	12	13	221	283
20444	20	48	13	14	7	283
20445	20	48	14	15	254	283
20446	20	48	15	16	76	283
20447	20	48	16	42	138	283
20448	20	48	17	44	46	283
20449	20	48	18	45	120	284
20450	20	48	19	46	60	284
20451	20	48	20	4	10	285
20452	20	48	21	47	258	285
20453	20	48	22	48	262	285
20454	20	48	23	49	230	285
20455	20	48	24	88	107	285
20456	20	49	0	17	59	283
20457	20	49	1	18	10	283
20458	20	49	2	19	241	283
20459	20	49	3	20	126	283
20460	20	49	4	21	94	283
20461	20	49	5	22	67	283
20462	20	49	6	23	132	283
20463	20	49	7	24	62	283
20464	20	49	8	25	119	283
20465	20	49	9	26	55	283
20466	20	49	10	27	174	283
20467	20	49	11	28	258	283
20468	20	49	12	29	49	283
20469	20	49	13	30	41	283
20470	20	49	14	31	36	283
20471	20	49	15	32	222	283
20472	20	49	16	43	198	283
20473	20	49	17	42	74	284
20474	20	49	18	44	240	284
20475	20	49	19	45	203	285
20476	20	49	20	46	233	285
20477	20	49	21	89	102	285
20478	20	49	22	90	43	285
20479	20	49	23	91	143	285
20480	20	50	0	33	122	283
20481	20	50	1	34	16	283
20482	20	50	2	35	152	283
20483	20	50	3	36	116	283
20484	20	50	4	37	80	283
20485	20	50	5	38	120	283
20486	20	50	6	39	214	283
20487	20	50	7	40	21	283
20488	20	50	8	41	19	283
20489	20	50	9	5	115	284
20490	20	50	10	6	76	284
20491	20	50	11	7	22	284
20492	20	50	12	8	101	284
20493	20	50	13	9	35	284
20494	20	50	14	10	231	284
20495	20	50	15	11	23	284
20496	20	50	16	12	218	284
20497	20	50	17	43	16	284
20498	20	50	18	42	81	285
20499	20	50	19	44	143	285
20500	20	50	20	93	167	285
20501	20	50	21	94	219	285
20502	20	50	22	97	96	285
20503	20	51	0	13	99	284
20504	20	51	1	14	262	284
20505	20	51	2	15	97	284
20506	20	51	3	16	45	284
20507	20	51	4	17	106	284
20508	20	51	5	18	250	284
20509	20	51	6	19	238	284
20510	20	51	7	20	19	284
20511	20	51	8	21	47	284
20512	20	51	9	22	20	284
20513	20	51	10	23	83	284
20514	20	51	11	24	63	284
20515	20	51	12	25	157	284
20516	20	51	13	26	124	284
20517	20	51	14	27	112	284
20518	20	51	15	39	68	284
20519	20	51	16	40	99	284
20520	20	51	17	41	222	284
20521	20	51	18	43	66	285
20522	20	51	19	98	31	285
20523	20	51	20	99	209	285
20524	20	51	21	101	2	285
20525	20	52	0	28	137	284
20526	20	52	1	29	176	284
20527	20	52	2	30	139	284
20528	20	52	3	31	127	284
20529	20	52	4	32	142	284
20530	20	52	5	33	241	284
20531	20	52	6	34	203	284
20532	20	52	7	35	210	284
20533	20	52	8	36	68	284
20534	20	52	9	37	224	284
20535	20	52	10	38	39	284
20536	20	52	11	5	144	285
20537	20	52	12	6	58	285
20538	20	52	13	7	99	285
20539	20	52	14	8	223	285
20540	20	52	15	9	144	285
20541	20	52	16	39	229	285
20542	20	52	17	40	82	285
20543	20	52	18	41	152	285
20544	20	52	19	102	147	285
20545	20	52	20	103	212	285
20546	20	53	0	10	168	285
20547	20	53	1	11	159	285
20548	20	53	2	12	122	285
20549	20	53	3	13	256	285
20550	20	53	4	14	17	285
20551	20	53	5	15	163	285
20552	20	53	6	16	173	285
20553	20	53	7	17	78	285
20554	20	53	8	18	120	285
20555	20	53	9	19	171	285
20556	20	53	10	20	6	285
20557	20	53	11	21	239	285
20558	20	53	12	22	89	285
20559	20	53	13	23	35	285
20560	20	53	14	35	175	285
20561	20	53	15	38	186	285
20562	20	53	16	106	165	285
20563	20	53	17	107	243	285
20564	20	53	18	109	61	285
20565	20	53	19	111	256	285
20566	20	54	0	24	71	285
20567	20	54	1	25	208	285
20568	20	54	2	26	195	285
20569	20	54	3	27	89	285
20570	20	54	4	28	66	285
20571	20	54	5	29	91	285
20572	20	54	6	30	68	285
20573	20	54	7	31	100	285
20574	20	54	8	32	227	285
20575	20	54	9	33	2	285
20576	20	54	10	34	6	285
20577	20	54	11	36	123	285
20578	20	54	12	37	175	285
20579	20	54	13	112	58	285
20580	20	54	14	113	92	285
20581	20	54	15	117	19	285
20582	20	54	16	118	195	285
20583	20	54	17	120	40	285
20584	20	54	18	121	176	285
20585	20	55	0	125	248	285
20586	20	55	1	127	33	285
20587	20	55	2	129	76	285
20588	20	55	3	131	91	285
20589	20	55	4	134	227	285
20590	20	55	5	138	117	285
20591	20	55	6	139	148	285
20592	20	55	7	0	77	286
20593	20	55	8	1	34	286
20594	20	55	9	2	178	286
20595	20	55	10	3	243	286
20596	20	55	11	4	111	286
20597	20	55	12	5	94	286
20598	20	55	13	6	98	286
20599	20	55	14	7	13	286
20600	20	55	15	8	173	286
20601	20	55	16	9	119	286
20602	20	55	17	10	169	286
20603	20	56	0	12	151	286
20604	20	56	1	11	167	286
20605	20	56	2	13	195	286
20606	20	56	3	14	130	286
20607	20	56	4	15	146	286
20608	20	56	5	16	122	286
20609	20	56	6	17	66	286
20610	20	56	7	18	238	286
20611	20	56	8	19	56	286
20612	20	56	9	20	114	286
20613	20	56	10	21	123	286
20614	20	56	11	22	187	286
20615	20	56	12	23	260	286
20616	20	56	13	24	52	286
20617	20	56	14	25	48	286
20618	20	56	15	26	135	286
20619	20	56	16	27	205	286
20620	20	57	0	28	14	286
20621	20	57	1	29	39	286
20622	20	57	2	30	124	286
20623	20	57	3	31	205	286
20624	20	57	4	32	210	286
20625	20	57	5	33	169	286
20626	20	57	6	34	123	286
20627	20	57	7	35	163	286
20628	20	57	8	36	167	286
20629	20	57	9	37	241	286
20630	20	57	10	38	56	286
20631	20	57	11	39	40	286
20632	20	57	12	40	161	286
20633	20	57	13	41	52	286
20634	20	57	14	42	128	286
20635	20	57	15	43	239	286
20636	20	58	0	44	57	286
20637	20	58	1	45	134	286
20638	20	58	2	46	227	286
20639	20	58	3	47	146	286
20640	20	58	4	48	212	286
20641	20	58	5	49	87	286
20642	20	58	6	50	214	286
20643	20	58	7	51	59	286
20644	20	58	8	52	251	286
20645	20	58	9	53	78	286
20646	20	58	10	54	116	286
20647	20	58	11	55	112	286
20648	20	58	12	56	131	286
20649	20	58	13	57	23	286
20650	20	58	14	58	18	286
20651	20	59	0	59	58	286
20652	20	59	1	60	152	286
20653	20	59	2	61	146	286
20654	20	59	3	62	170	286
20655	20	59	4	63	214	286
20656	20	59	5	64	119	286
20657	20	59	6	65	134	286
20658	20	59	7	66	113	286
20659	20	59	8	67	38	286
20660	20	59	9	68	202	286
20661	20	59	10	69	119	286
20662	20	59	11	70	172	286
20663	20	59	12	71	120	286
20664	20	59	13	72	255	286
20665	20	60	0	73	209	286
20666	20	60	1	74	235	286
20667	20	60	2	75	103	286
20668	20	60	3	76	118	286
20669	20	60	4	77	259	286
20670	20	60	5	78	119	286
20671	20	60	6	79	207	286
20672	20	60	7	80	52	286
20673	20	60	8	81	73	286
20674	20	60	9	82	23	286
20675	20	60	10	83	92	286
20676	20	60	11	84	86	286
20677	20	60	12	85	174	286
20678	20	61	0	86	49	286
20679	20	61	1	87	140	286
20680	20	61	2	88	98	286
20681	20	61	3	89	262	286
20682	20	61	4	90	92	286
20683	20	61	5	91	180	286
20684	20	61	6	92	25	286
20685	20	61	7	93	204	286
20686	20	61	8	94	133	286
20687	20	61	9	95	77	286
20688	20	61	10	96	85	286
20689	20	61	11	97	54	286
20690	20	62	0	98	196	286
20691	20	62	1	99	87	286
20692	20	62	2	100	227	286
20693	20	62	3	101	32	286
20694	20	62	4	102	170	286
20695	20	62	5	103	61	286
20696	20	62	6	104	85	286
20697	20	62	7	105	129	286
20698	20	62	8	106	249	286
20699	20	62	9	107	111	286
20700	20	62	10	108	51	286
20701	20	63	0	109	1	286
20702	20	63	1	110	246	286
20703	20	63	2	111	21	286
20704	20	63	3	112	165	286
20705	20	63	4	113	93	286
20706	20	63	5	114	13	286
20707	20	63	6	115	74	286
20708	20	63	7	116	120	286
20709	20	63	8	117	130	286
20710	20	63	9	118	83	286
20711	20	64	0	119	209	286
20712	20	64	1	120	129	286
20713	20	64	2	121	23	286
20714	20	64	3	122	128	286
20715	20	64	4	123	13	286
20716	20	64	5	124	83	286
20717	20	64	6	125	170	286
20718	20	64	7	126	32	286
20719	20	64	8	127	141	286
20720	20	65	0	128	36	286
20721	20	65	1	129	179	286
20722	20	65	2	130	226	286
20723	20	65	3	131	140	286
20724	20	65	4	132	95	286
20725	20	65	5	133	156	286
20726	20	65	6	134	38	286
20727	20	65	7	135	136	286
20728	20	66	0	136	53	286
20729	20	66	1	137	151	286
20730	20	66	2	138	208	286
20731	20	66	3	139	62	286
20732	20	66	4	140	204	286
20733	20	66	5	141	99	286
20734	20	66	6	142	95	286
20735	20	67	0	143	49	286
20736	20	67	1	0	197	287
20737	20	67	2	1	184	287
20738	20	67	3	2	222	287
20739	20	67	4	3	12	287
20740	20	67	5	4	21	287
20741	20	68	0	5	152	287
20742	20	68	1	6	208	287
20743	20	68	2	7	125	287
20744	20	68	3	8	17	287
20745	20	68	4	9	86	287
20746	20	69	0	10	215	287
20747	20	69	1	11	79	287
20748	20	69	2	12	210	287
20749	20	69	3	13	145	287
20750	20	70	0	14	145	287
20751	20	70	1	15	209	287
20752	20	70	2	16	105	287
20753	20	71	0	17	233	287
20754	20	71	1	18	40	287
20755	20	72	0	19	155	287
