condition	point	a	b	pivot	pivot_value	weight_before
0	0	0	0	0	1	0
1	0	0	1	1	1	2
2	0	0	2	2	1	4
3	0	0	3	3	1	6
4	0	0	4	4	1	8
5	0	0	5	5	1	10
6	0	0	6	6	1	12
7	0	0	7	7	1	14
8	0	0	8	8	1	16
9	0	0	9	9	1	18
10	0	0	10	10	1	20
11	0	0	11	11	1	22
12	0	0	12	12	1	24
13	0	0	13	13	1	26
14	0	0	14	14	1	28
15	0	0	15	15	1	30
16	0	0	16	16	1	32
17	0	0	17	17	1	34
18	0	0	18	18	1	36
19	0	0	19	19	1	38
20	0	0	20	20	1	40
21	0	0	21	21	1	42
22	0	0	22	22	1	44
23	0	0	23	23	1	46
24	0	1	0	0	1	1
25	0	1	1	1	1	3
26	0	1	2	2	1	5
27	0	1	3	3	1	7
28	0	1	4	4	1	9
29	0	1	5	5	1	11
30	0	1	6	6	1	13
31	0	1	7	7	1	15
32	0	1	8	8	1	17
33	0	1	9	9	1	19
34	0	1	10	10	1	21
35	0	1	11	11	1	23
36	0	1	12	12	1	25
37	0	1	13	13	1	27
38	0	1	14	14	1	29
39	0	1	15	15	1	31
40	0	1	16	16	1	33
41	0	1	17	17	1	35
42	0	1	18	18	1	37
43	0	1	19	19	1	39
44	0	1	20	20	1	41
45	0	1	21	21	1	43
46	0	1	22	22	1	45
47	0	1	23	23	1	47
48	0	2	0	0	1	2
49	0	2	1	1	1	4
50	0	2	2	2	1	6
51	0	2	3	3	1	8
52	0	2	4	4	1	10
53	0	2	5	5	1	12
54	0	2	6	6	1	14
55	0	2	7	7	1	16
56	0	2	8	8	1	18
57	0	2	9	9	1	20
58	0	2	10	10	1	22
59	0	2	11	11	1	24
60	0	2	12	12	1	26
61	0	2	13	13	1	28
62	0	2	14	14	1	30
63	0	2	15	15	1	32
64	0	2	16	16	1	34
65	0	2	17	17	1	36
66	0	2	18	18	1	38
67	0	2	19	19	1	40
68	0	2	20	20	1	42
69	0	2	21	21	1	44
70	0	2	22	22	1	46
71	0	3	0	0	1	3
72	0	3	1	1	1	5
73	0	3	2	2	1	7
74	0	3	3	3	1	9
75	0	3	4	4	1	11
76	0	3	5	5	1	13
77	0	3	6	6	1	15
78	0	3	7	7	1	17
79	0	3	8	8	1	19
80	0	3	9	9	1	21
81	0	3	10	10	1	23
82	0	3	11	11	1	25
83	0	3	12	12	1	27
84	0	3	13	13	1	29
85	0	3	14	14	1	31
86	0	3	15	15	1	33
87	0	3	16	16	1	35
88	0	3	17	17	1	37
89	0	3	18	18	1	39
90	0	3	19	19	1	41
91	0	3	20	20	1	43
92	0	3	21	21	1	45
93	0	3	22	22	1	47
94	0	4	0	0	1	4
95	0	4	1	1	1	6
96	0	4	2	2	1	8
97	0	4	3	3	1	10
98	0	4	4	4	1	12
99	0	4	5	5	1	14
100	0	4	6	6	1	16
101	0	4	7	7	1	18
102	0	4	8	8	1	20
103	0	4	9	9	1	22
104	0	4	10	10	1	24
105	0	4	11	11	1	26
106	0	4	12	12	1	28
107	0	4	13	13	1	30
108	0	4	14	14	1	32
109	0	4	15	15	1	34
110	0	4	16	16	1	36
111	0	4	17	17	1	38
112	0	4	18	18	1	40
113	0	4	19	19	1	42
114	0	4	20	20	1	44
115	0	4	21	21	1	46
116	0	5	0	0	1	5
117	0	5	1	1	1	7
118	0	5	2	2	1	9
119	0	5	3	3	1	11
120	0	5	4	4	1	13
121	0	5	5	5	1	15
122	0	5	6	6	1	17
123	0	5	7	7	1	19
124	0	5	8	8	1	21
125	0	5	9	9	1	23
126	0	5	10	10	1	25
127	0	5	11	11	1	27
128	0	5	12	12	1	29
129	0	5	13	13	1	31
130	0	5	14	14	1	33
131	0	5	15	15	1	35
132	0	5	16	16	1	37
133	0	5	17	17	1	39
134	0	5	18	18	1	41
135	0	5	19	19	1	43
136	0	5	20	20	1	45
137	0	5	21	21	1	47
138	0	6	0	0	1	6
139	0	6	1	1	1	8
140	0	6	2	2	1	10
141	0	6	3	3	1	12
142	0	6	4	4	1	14
143	0	6	5	5	1	16
144	0	6	6	6	1	18
145	0	6	7	7	1	20
146	0	6	8	8	1	22
147	0	6	9	9	1	24
148	0	6	10	10	1	26
149	0	6	11	11	1	28
150	0	6	12	12	1	30
151	0	6	13	13	1	32
152	0	6	14	14	1	34
153	0	6	15	15	1	36
154	0	6	16	16	1	38
155	0	6	17	17	1	40
156	0	6	18	18	1	42
157	0	6	19	19	1	44
158	0	6	20	20	1	46
159	0	7	0	0	1	7
160	0	7	1	1	1	9
161	0	7	2	2	1	11
162	0	7	3	3	1	13
163	0	7	4	4	1	15
164	0	7	5	5	1	17
165	0	7	6	6	1	19
166	0	7	7	7	1	21
167	0	7	8	8	1	23
168	0	7	9	9	1	25
169	0	7	10	10	1	27
170	0	7	11	11	1	29
171	0	7	12	12	1	31
172	0	7	13	13	1	33
173	0	7	14	14	1	35
174	0	7	15	15	1	37
175	0	7	16	16	1	39
176	0	7	17	17	1	41
177	0	7	18	18	1	43
178	0	7	19	19	1	45
179	0	7	20	20	1	47
180	0	8	0	0	1	8
181	0	8	1	1	1	10
182	0	8	2	2	1	12
183	0	8	3	3	1	14
184	0	8	4	4	1	16
185	0	8	5	5	1	18
186	0	8	6	6	1	20
187	0	8	7	7	1	22
188	0	8	8	8	1	24
189	0	8	9	9	1	26
190	0	8	10	10	1	28
191	0	8	11	11	1	30
192	0	8	12	12	1	32
193	0	8	13	13	1	34
194	0	8	14	14	1	36
195	0	8	15	15	1	38
196	0	8	16	16	1	40
197	0	8	17	17	1	42
198	0	8	18	18	1	44
199	0	8	19	19	1	46
200	0	9	0	0	1	9
201	0	9	1	1	1	11
202	0	9	2	2	1	13
203	0	9	3	3	1	15
204	0	9	4	4	1	17
205	0	9	5	5	1	19
206	0	9	6	6	1	21
207	0	9	7	7	1	23
208	0	9	8	8	1	25
209	0	9	9	9	1	27
210	0	9	10	10	1	29
211	0	9	11	11	1	31
212	0	9	12	12	1	33
213	0	9	13	13	1	35
214	0	9	14	14	1	37
215	0	9	15	15	1	39
216	0	9	16	16	1	41
217	0	9	17	17	1	43
218	0	9	18	18	1	45
219	0	9	19	19	1	47
220	0	10	0	0	1	10
221	0	10	1	1	1	12
222	0	10	2	2	1	14
223	0	10	3	3	1	16
224	0	10	4	4	1	18
225	0	10	5	5	1	20
226	0	10	6	6	1	22
227	0	10	7	7	1	24
228	0	10	8	8	1	26
229	0	10	9	9	1	28
230	0	10	10	10	1	30
231	0	10	11	11	1	32
232	0	10	12	12	1	34
233	0	10	13	13	1	36
234	0	10	14	14	1	38
235	0	10	15	15	1	40
236	0	10	16	16	1	42
237	0	10	17	17	1	44
238	0	10	18	18	1	46
239	0	11	0	0	1	11
240	0	11	1	1	1	13
241	0	11	2	2	1	15
242	0	11	3	3	1	17
243	0	11	4	4	1	19
244	0	11	5	5	1	21
245	0	11	6	6	1	23
246	0	11	7	7	1	25
247	0	11	8	8	1	27
248	0	11	9	9	1	29
249	0	11	10	10	1	31
250	0	11	11	11	1	33
251	0	11	12	12	1	35
252	0	11	13	13	1	37
253	0	11	14	14	1	39
254	0	11	15	15	1	41
255	0	11	16	16	1	43
256	0	11	17	17	1	45
257	0	11	18	18	1	47
258	0	12	0	0	1	12
259	0	12	1	1	1	14
260	0	12	2	2	1	16
261	0	12	3	3	1	18
262	0	12	4	4	1	20
263	0	12	5	5	1	22
264	0	12	6	6	1	24
265	0	12	7	7	1	26
266	0	12	8	8	1	28
267	0	12	9	9	1	30
268	0	12	10	10	1	32
269	0	12	11	11	1	34
270	0	12	12	12	1	36
271	0	12	13	13	1	38
272	0	12	14	14	1	40
273	0	12	15	15	1	42
274	0	12	16	16	1	44
275	0	12	17	17	1	46
276	0	13	0	0	1	13
277	0	13	1	1	1	15
278	0	13	2	2	1	17
279	0	13	3	3	1	19
280	0	13	4	4	1	21
281	0	13	5	5	1	23
282	0	13	6	6	1	25
283	0	13	7	7	1	27
284	0	13	8	8	1	29
285	0	13	9	9	1	31
286	0	13	10	10	1	33
287	0	13	11	11	1	35
288	0	13	12	12	1	37
289	0	13	13	13	1	39
290	0	13	14	14	1	41
291	0	13	15	15	1	43
292	0	13	16	16	1	45
293	0	13	17	17	1	47
294	0	14	0	0	1	14
295	0	14	1	1	1	16
296	0	14	2	2	1	18
297	0	14	3	3	1	20
298	0	14	4	4	1	22
299	0	14	5	5	1	24
300	0	14	6	6	1	26
301	0	14	7	7	1	28
302	0	14	8	8	1	30
303	0	14	9	9	1	32
304	0	14	10	10	1	34
305	0	14	11	11	1	36
306	0	14	12	12	1	38
307	0	14	13	13	1	40
308	0	14	14	14	1	42
309	0	14	15	15	1	44
310	0	14	16	16	1	46
311	0	15	0	0	1	15
312	0	15	1	1	1	17
313	0	15	2	2	1	19
314	0	15	3	3	1	21
315	0	15	4	4	1	23
316	0	15	5	5	1	25
317	0	15	6	6	1	27
318	0	15	7	7	1	29
319	0	15	8	8	1	31
320	0	15	9	9	1	33
321	0	15	10	10	1	35
322	0	15	11	11	1	37
323	0	15	12	12	1	39
324	0	15	13	13	1	41
325	0	15	14	14	1	43
326	0	15	15	15	1	45
327	0	15	16	16	1	47
328	0	16	0	0	1	16
329	0	16	1	1	1	18
330	0	16	2	2	1	20
331	0	16	3	3	1	22
332	0	16	4	4	1	24
333	0	16	5	5	1	26
334	0	16	6	6	1	28
335	0	16	7	7	1	30
336	0	16	8	8	1	32
337	0	16	9	9	1	34
338	0	16	10	10	1	36
339	0	16	11	11	1	38
340	0	16	12	12	1	40
341	0	16	13	13	1	42
342	0	16	14	14	1	44
343	0	16	15	15	1	46
344	0	17	0	0	1	17
345	0	17	1	1	1	19
346	0	17	2	2	1	21
347	0	17	3	3	1	23
348	0	17	4	4	1	25
349	0	17	5	5	1	27
350	0	17	6	6	1	29
351	0	17	7	7	1	31
352	0	17	8	8	1	33
353	0	17	9	9	1	35
354	0	17	10	10	1	37
355	0	17	11	11	1	39
356	0	17	12	12	1	41
357	0	17	13	13	1	43
358	0	17	14	14	1	45
359	0	17	15	15	1	47
360	0	18	0	0	1	18
361	0	18	1	1	1	20
362	0	18	2	2	1	22
363	0	18	3	3	1	24
364	0	18	4	4	1	26
365	0	18	5	5	1	28
366	0	18	6	6	1	30
367	0	18	7	7	1	32
368	0	18	8	8	1	34
369	0	18	9	9	1	36
370	0	18	10	10	1	38
371	0	18	11	11	1	40
372	0	18	12	12	1	42
373	0	18	13	13	1	44
374	0	18	14	14	1	46
375	0	19	0	0	1	19
376	0	19	1	1	1	21
377	0	19	2	2	1	23
378	0	19	3	3	1	25
379	0	19	4	4	1	27
380	0	19	5	5	1	29
381	0	19	6	6	1	31
382	0	19	7	7	1	33
383	0	19	8	8	1	35
384	0	19	9	9	1	37
385	0	19	10	10	1	39
386	0	19	11	11	1	41
387	0	19	12	12	1	43
388	0	19	13	13	1	45
389	0	19	14	14	1	47
390	0	20	0	0	1	20
391	0	20	1	1	1	22
392	0	20	2	2	1	24
393	0	20	3	3	1	26
394	0	20	4	4	1	28
395	0	20	5	5	1	30
396	0	20	6	6	1	32
397	0	20	7	7	1	34
398	0	20	8	8	1	36
399	0	20	9	9	1	38
400	0	20	10	10	1	40
401	0	20	11	11	1	42
402	0	20	12	12	1	44
403	0	20	13	13	1	46
404	0	21	0	0	1	21
405	0	21	1	1	1	23
406	0	21	2	2	1	25
407	0	21	3	3	1	27
408	0	21	4	4	1	29
409	0	21	5	5	1	31
410	0	21	6	6	1	33
411	0	21	7	7	1	35
412	0	21	8	8	1	37
413	0	21	9	9	1	39
414	0	21	10	10	1	41
415	0	21	11	11	1	43
416	0	21	12	12	1	45
417	0	21	13	13	1	47
418	0	22	0	0	1	22
419	0	22	1	1	1	24
420	0	22	2	2	1	26
421	0	22	3	3	1	28
422	0	22	4	4	1	30
423	0	22	5	5	1	32
424	0	22	6	6	1	34
425	0	22	7	7	1	36
426	0	22	8	8	1	38
427	0	22	9	9	1	40
428	0	22	10	10	1	42
429	0	22	11	11	1	44
430	0	22	12	12	1	46
431	0	23	0	0	1	23
432	0	23	1	1	1	25
433	0	23	2	2	1	27
434	0	23	3	3	1	29
435	0	23	4	4	1	31
436	0	23	5	5	1	33
437	0	23	6	6	1	35
438	0	23	7	7	1	37
439	0	23	8	8	1	39
440	0	23	9	9	1	41
441	0	23	10	10	1	43
442	0	23	11	11	1	45
443	0	23	12	12	1	47
444	0	24	0	0	1	24
445	0	24	1	1	1	26
446	0	24	2	2	1	28
447	0	24	3	3	1	30
448	0	24	4	4	1	32
449	0	24	5	5	1	34
450	0	24	6	6	1	36
451	0	24	7	7	1	38
452	0	24	8	8	1	40
453	0	24	9	9	1	42
454	0	24	10	10	1	44
455	0	24	11	11	1	46
456	0	25	0	0	1	25
457	0	25	1	1	1	27
458	0	25	2	2	1	29
459	0	25	3	3	1	31
460	0	25	4	4	1	33
461	0	25	5	5	1	35
462	0	25	6	6	1	37
463	0	25	7	7	1	39
464	0	25	8	8	1	41
465	0	25	9	9	1	43
466	0	25	10	10	1	45
467	0	25	11	11	1	47
468	0	26	0	0	1	26
469	0	26	1	1	1	28
470	0	26	2	2	1	30
471	0	26	3	3	1	32
472	0	26	4	4	1	34
473	0	26	5	5	1	36
474	0	26	6	6	1	38
475	0	26	7	7	1	40
476	0	26	8	8	1	42
477	0	26	9	9	1	44
478	0	26	10	10	1	46
479	0	27	0	0	1	27
480	0	27	1	1	1	29
481	0	27	2	2	1	31
482	0	27	3	3	1	33
483	0	27	4	4	1	35
484	0	27	5	5	1	37
485	0	27	6	6	1	39
486	0	27	7	7	1	41
487	0	27	8	8	1	43
488	0	27	9	9	1	45
489	0	27	10	10	1	47
490	0	28	0	0	1	28
491	0	28	1	1	1	30
492	0	28	2	2	1	32
493	0	28	3	3	1	34
494	0	28	4	4	1	36
495	0	28	5	5	1	38
496	0	28	6	6	1	40
497	0	28	7	7	1	42
498	0	28	8	8	1	44
499	0	28	9	9	1	46
500	0	29	0	0	1	29
501	0	29	1	1	1	31
502	0	29	2	2	1	33
503	0	29	3	3	1	35
504	0	29	4	4	1	37
505	0	29	5	5	1	39
506	0	29	6	6	1	41
507	0	29	7	7	1	43
508	0	29	8	8	1	45
509	0	29	9	9	1	47
510	0	30	0	0	1	30
511	0	30	1	1	1	32
512	0	30	2	2	1	34
513	0	30	3	3	1	36
514	0	30	4	4	1	38
515	0	30	5	5	1	40
516	0	30	6	6	1	42
517	0	30	7	7	1	44
518	0	30	8	8	1	46
519	0	31	0	0	1	31
520	0	31	1	1	1	33
521	0	31	2	2	1	35
522	0	31	3	3	1	37
523	0	31	4	4	1	39
524	0	31	5	5	1	41
525	0	31	6	6	1	43
526	0	31	7	7	1	45
527	0	31	8	8	1	47
528	0	32	0	0	1	32
529	0	32	1	1	1	34
530	0	32	2	2	1	36
531	0	32	3	3	1	38
532	0	32	4	4	1	40
533	0	32	5	5	1	42
534	0	32	6	6	1	44
535	0	32	7	7	1	46
536	0	33	0	0	1	33
537	0	33	1	1	1	35
538	0	33	2	2	1	37
539	0	33	3	3	1	39
540	0	33	4	4	1	41
541	0	33	5	5	1	43
542	0	33	6	6	1	45
543	0	33	7	7	1	47
544	0	34	0	0	1	34
545	0	34	1	1	1	36
546	0	34	2	2	1	38
547	0	34	3	3	1	40
548	0	34	4	4	1	42
549	0	34	5	5	1	44
550	0	34	6	6	1	46
551	0	35	0	0	1	35
552	0	35	1	1	1	37
553	0	35	2	2	1	39
554	0	35	3	3	1	41
555	0	35	4	4	1	43
556	0	35	5	5	1	45
557	0	35	6	6	1	47
558	0	36	0	0	1	36
559	0	36	1	1	1	38
560	0	36	2	2	1	40
561	0	36	3	3	1	42
562	0	36	4	4	1	44
563	0	36	5	5	1	46
564	0	37	0	0	1	37
565	0	37	1	1	1	39
566	0	37	2	2	1	41
567	0	37	3	3	1	43
568	0	37	4	4	1	45
569	0	37	5	5	1	47
570	0	38	0	0	1	38
571	0	38	1	1	1	40
572	0	38	2	2	1	42
573	0	38	3	3	1	44
574	0	38	4	4	1	46
575	0	39	0	0	1	39
576	0	39	1	1	1	41
577	0	39	2	2	1	43
578	0	39	3	3	1	45
579	0	39	4	4	1	47
580	0	40	0	0	1	40
581	0	40	1	1	1	42
582	0	40	2	2	1	44
583	0	40	3	3	1	46
584	0	41	0	0	1	41
585	0	41	1	1	1	43
586	0	41	2	2	1	45
587	0	41	3	3	1	47
588	0	42	0	0	1	42
589	0	42	1	1	1	44
590	0	42	2	2	1	46
591	0	43	0	0	1	43
592	0	43	1	1	1	45
593	0	43	2	2	1	47
594	0	44	0	0	1	44
595	0	44	1	1	1	46
596	0	45	0	0	1	45
597	0	45	1	1	1	47
598	0	46	0	0	1	46
599	0	47	0	0	1	47
600	1	0	0	24	1	48
601	1	0	1	25	1	50
602	1	0	2	26	1	52
603	1	0	3	27	1	54
604	1	0	4	28	1	56
605	1	0	5	29	1	58
606	1	0	6	30	1	60
607	1	0	7	31	1	62
608	1	0	8	32	1	64
609	1	0	9	33	1	66
610	1	0	10	34	1	68
611	1	0	11	35	1	70
612	1	0	12	36	1	72
613	1	0	13	37	1	74
614	1	0	14	38	1	76
615	1	0	15	39	1	78
616	1	0	16	40	1	80
617	1	0	17	41	1	82
618	1	0	18	42	1	84
619	1	0	19	43	1	86
620	1	0	20	44	1	88
621	1	0	21	45	1	90
622	1	0	22	46	1	92
623	1	0	23	47	1	94
624	1	0	24	48	1	96
625	1	0	25	49	1	98
626	1	0	26	50	1	100
627	1	0	27	51	1	102
628	1	0	28	52	1	104
629	1	0	29	53	1	106
630	1	0	30	54	1	108
631	1	0	31	55	1	110
632	1	0	32	56	1	112
633	1	0	33	57	1	114
634	1	1	0	24	1	49
635	1	1	1	25	1	51
636	1	1	2	26	1	53
637	1	1	3	27	1	55
638	1	1	4	28	1	57
639	1	1	5	29	1	59
640	1	1	6	30	1	61
641	1	1	7	31	1	63
642	1	1	8	32	1	65
643	1	1	9	33	1	67
644	1	1	10	34	1	69
645	1	1	11	35	1	71
646	1	1	12	36	1	73
647	1	1	13	37	1	75
648	1	1	14	38	1	77
649	1	1	15	39	1	79
650	1	1	16	40	1	81
651	1	1	17	41	1	83
652	1	1	18	42	1	85
653	1	1	19	43	1	87
654	1	1	20	44	1	89
655	1	1	21	45	1	91
656	1	1	22	46	1	93
657	1	1	23	47	1	95
658	1	1	24	48	1	97
659	1	1	25	49	1	99
660	1	1	26	50	1	101
661	1	1	27	51	1	103
662	1	1	28	52	1	105
663	1	1	29	53	1	107
664	1	1	30	54	1	109
665	1	1	31	55	1	111
666	1	1	32	56	1	113
667	1	2	0	23	262	48
668	1	2	1	24	262	50
669	1	2	2	25	262	52
670	1	2	3	26	262	54
671	1	2	4	27	262	56
672	1	2	5	28	262	58
673	1	2	6	29	262	60
674	1	2	7	30	262	62
675	1	2	8	31	262	64
676	1	2	9	32	262	66
677	1	2	10	33	262	68
678	1	2	11	34	262	70
679	1	2	12	35	262	72
680	1	2	13	36	262	74
681	1	2	14	37	262	76
682	1	2	15	38	262	78
683	1	2	16	39	262	80
684	1	2	17	40	262	82
685	1	2	18	41	262	84
686	1	2	19	42	262	86
687	1	2	20	43	262	88
688	1	2	21	44	262	90
689	1	2	22	45	262	92
690	1	2	23	46	262	94
691	1	2	24	47	262	96
692	1	2	25	48	262	98
693	1	2	26	49	262	100
694	1	2	27	50	262	102
695	1	2	28	51	262	104
696	1	2	29	52	262	106
697	1	2	30	53	262	108
698	1	2	31	54	262	110
699	1	3	0	23	262	49
700	1	3	1	24	262	51
701	1	3	2	25	262	53
702	1	3	3	26	262	55
703	1	3	4	27	262	57
704	1	3	5	28	262	59
705	1	3	6	29	262	61
706	1	3	7	30	262	63
707	1	3	8	31	262	65
708	1	3	9	32	262	67
709	1	3	10	33	262	69
710	1	3	11	34	262	71
711	1	3	12	35	262	73
712	1	3	13	36	262	75
713	1	3	14	37	262	77
714	1	3	15	38	262	79
715	1	3	16	39	262	81
716	1	3	17	40	262	83
717	1	3	18	41	262	85
718	1	3	19	42	262	87
719	1	3	20	43	262	89
720	1	3	21	44	262	91
721	1	3	22	45	262	93
722	1	3	23	46	262	95
723	1	3	24	47	262	97
724	1	3	25	48	262	99
725	1	3	26	49	262	101
726	1	3	27	50	262	103
727	1	3	28	51	262	105
728	1	3	29	52	262	107
729	1	3	30	53	262	109
730	1	4	0	22	1	48
731	1	4	1	23	1	50
732	1	4	2	24	1	52
733	1	4	3	25	1	54
734	1	4	4	26	1	56
735	1	4	5	27	1	58
736	1	4	6	28	1	60
737	1	4	7	29	1	62
738	1	4	8	30	1	64
739	1	4	9	31	1	66
740	1	4	10	32	1	68
741	1	4	11	33	1	70
742	1	4	12	34	1	72
743	1	4	13	35	1	74
744	1	4	14	36	1	76
745	1	4	15	37	1	78
746	1	4	16	38	1	80
747	1	4	17	39	1	82
748	1	4	18	40	1	84
749	1	4	19	41	1	86
750	1	4	20	42	1	88
751	1	4	21	43	1	90
752	1	4	22	44	1	92
753	1	4	23	45	1	94
754	1	4	24	46	1	96
755	1	4	25	47	1	98
756	1	4	26	48	1	100
757	1	4	27	49	1	102
758	1	4	28	50	1	104
759	1	4	29	51	1	106
760	1	5	0	22	1	49
761	1	5	1	23	1	51
762	1	5	2	24	1	53
763	1	5	3	25	1	55
764	1	5	4	26	1	57
765	1	5	5	27	1	59
766	1	5	6	28	1	61
767	1	5	7	29	1	63
768	1	5	8	30	1	65
769	1	5	9	31	1	67
770	1	5	10	32	1	69
771	1	5	11	33	1	71
772	1	5	12	34	1	73
773	1	5	13	35	1	75
774	1	5	14	36	1	77
775	1	5	15	37	1	79
776	1	5	16	38	1	81
777	1	5	17	39	1	83
778	1	5	18	40	1	85
779	1	5	19	41	1	87
780	1	5	20	42	1	89
781	1	5	21	43	1	91
782	1	5	22	44	1	93
783	1	5	23	45	1	95
784	1	5	24	46	1	97
785	1	5	25	47	1	99
786	1	5	26	48	1	101
787	1	5	27	49	1	103
788	1	5	28	50	1	105
789	1	6	0	21	262	48
790	1	6	1	22	262	50
791	1	6	2	23	262	52
792	1	6	3	24	262	54
793	1	6	4	25	262	56
794	1	6	5	26	262	58
795	1	6	6	27	262	60
796	1	6	7	28	262	62
797	1	6	8	29	262	64
798	1	6	9	30	262	66
799	1	6	10	31	262	68
800	1	6	11	32	262	70
801	1	6	12	33	262	72
802	1	6	13	34	262	74
803	1	6	14	35	262	76
804	1	6	15	36	262	78
805	1	6	16	37	262	80
806	1	6	17	38	262	82
807	1	6	18	39	262	84
808	1	6	19	40	262	86
809	1	6	20	41	262	88
810	1	6	21	42	262	90
811	1	6	22	43	262	92
812	1	6	23	44	262	94
813	1	6	24	45	262	96
814	1	6	25	46	262	98
815	1	6	26	47	262	100
816	1	6	27	48	262	102
817	1	7	0	21	262	49
818	1	7	1	22	262	51
819	1	7	2	23	262	53
820	1	7	3	24	262	55
821	1	7	4	25	262	57
822	1	7	5	26	262	59
823	1	7	6	27	262	61
824	1	7	7	28	262	63
825	1	7	8	29	262	65
826	1	7	9	30	262	67
827	1	7	10	31	262	69
828	1	7	11	32	262	71
829	1	7	12	33	262	73
830	1	7	13	34	262	75
831	1	7	14	35	262	77
832	1	7	15	36	262	79
833	1	7	16	37	262	81
834	1	7	17	38	262	83
835	1	7	18	39	262	85
836	1	7	19	40	262	87
837	1	7	20	41	262	89
838	1	7	21	42	262	91
839	1	7	22	43	262	93
840	1	7	23	44	262	95
841	1	7	24	45	262	97
842	1	7	25	46	262	99
843	1	7	26	47	262	101
844	1	8	0	20	1	48
845	1	8	1	21	1	50
846	1	8	2	22	1	52
847	1	8	3	23	1	54
848	1	8	4	24	1	56
849	1	8	5	25	1	58
850	1	8	6	26	1	60
851	1	8	7	27	1	62
852	1	8	8	28	1	64
853	1	8	9	29	1	66
854	1	8	10	30	1	68
855	1	8	11	31	1	70
856	1	8	12	32	1	72
857	1	8	13	33	1	74
858	1	8	14	34	1	76
859	1	8	15	35	1	78
860	1	8	16	36	1	80
861	1	8	17	37	1	82
862	1	8	18	38	1	84
863	1	8	19	39	1	86
864	1	8	20	40	1	88
865	1	8	21	41	1	90
866	1	8	22	42	1	92
867	1	8	23	43	1	94
868	1	8	24	44	1	96
869	1	8	25	45	1	98
870	1	9	0	20	1	49
871	1	9	1	21	1	51
872	1	9	2	22	1	53
873	1	9	3	23	1	55
874	1	9	4	24	1	57
875	1	9	5	25	1	59
876	1	9	6	26	1	61
877	1	9	7	27	1	63
878	1	9	8	28	1	65
879	1	9	9	29	1	67
880	1	9	10	30	1	69
881	1	9	11	31	1	71
882	1	9	12	32	1	73
883	1	9	13	33	1	75
884	1	9	14	34	1	77
885	1	9	15	35	1	79
886	1	9	16	36	1	81
887	1	9	17	37	1	83
888	1	9	18	38	1	85
889	1	9	19	39	1	87
890	1	9	20	40	1	89
891	1	9	21	41	1	91
892	1	9	22	42	1	93
893	1	9	23	43	1	95
894	1	9	24	44	1	97
895	1	10	0	19	262	48
896	1	10	1	20	262	50
897	1	10	2	21	262	52
898	1	10	3	22	262	54
899	1	10	4	23	262	56
900	1	10	5	24	262	58
901	1	10	6	25	262	60
902	1	10	7	26	262	62
903	1	10	8	27	262	64
904	1	10	9	28	262	66
905	1	10	10	29	262	68
906	1	10	11	30	262	70
907	1	10	12	31	262	72
908	1	10	13	32	262	74
909	1	10	14	33	262	76
910	1	10	15	34	262	78
911	1	10	16	35	262	80
912	1	10	17	36	262	82
913	1	10	18	37	262	84
914	1	10	19	38	262	86
915	1	10	20	39	262	88
916	1	10	21	40	262	90
917	1	10	22	41	262	92
918	1	10	23	42	262	94
919	1	11	0	19	262	49
920	1	11	1	20	262	51
921	1	11	2	21	262	53
922	1	11	3	22	262	55
923	1	11	4	23	262	57
924	1	11	5	24	262	59
925	1	11	6	25	262	61
926	1	11	7	26	262	63
927	1	11	8	27	262	65
928	1	11	9	28	262	67
929	1	11	10	29	262	69
930	1	11	11	30	262	71
931	1	11	12	31	262	73
932	1	11	13	32	262	75
933	1	11	14	33	262	77
934	1	11	15	34	262	79
935	1	11	16	35	262	81
936	1	11	17	36	262	83
937	1	11	18	37	262	85
938	1	11	19	38	262	87
939	1	11	20	39	262	89
940	1	11	21	40	262	91
941	1	11	22	41	262	93
942	1	12	0	18	1	48
943	1	12	1	19	1	50
944	1	12	2	20	1	52
945	1	12	3	21	1	54
946	1	12	4	22	1	56
947	1	12	5	23	1	58
948	1	12	6	24	1	60
949	1	12	7	25	1	62
950	1	12	8	26	1	64
951	1	12	9	27	1	66
952	1	12	10	28	1	68
953	1	12	11	29	1	70
954	1	12	12	30	1	72
955	1	12	13	31	1	74
956	1	12	14	32	1	76
957	1	12	15	33	1	78
958	1	12	16	34	1	80
959	1	12	17	35	1	82
960	1	12	18	36	1	84
961	1	12	19	37	1	86
962	1	12	20	38	1	88
963	1	12	21	39	1	90
964	1	13	0	18	1	49
965	1	13	1	19	1	51
966	1	13	2	20	1	53
967	1	13	3	21	1	55
968	1	13	4	22	1	57
969	1	13	5	23	1	59
970	1	13	6	24	1	61
971	1	13	7	25	1	63
972	1	13	8	26	1	65
973	1	13	9	27	1	67
974	1	13	10	28	1	69
975	1	13	11	29	1	71
976	1	13	12	30	1	73
977	1	13	13	31	1	75
978	1	13	14	32	1	77
979	1	13	15	33	1	79
980	1	13	16	34	1	81
981	1	13	17	35	1	83
982	1	13	18	36	1	85
983	1	13	19	37	1	87
984	1	13	20	38	1	89
985	1	14	0	17	262	48
986	1	14	1	18	262	50
987	1	14	2	19	262	52
988	1	14	3	20	262	54
989	1	14	4	21	262	56
990	1	14	5	22	262	58
991	1	14	6	23	262	60
992	1	14	7	24	262	62
993	1	14	8	25	262	64
994	1	14	9	26	262	66
995	1	14	10	27	262	68
996	1	14	11	28	262	70
997	1	14	12	29	262	72
998	1	14	13	30	262	74
999	1	14	14	31	262	76
1000	1	14	15	32	262	78
1001	1	14	16	33	262	80
1002	1	14	17	34	262	82
1003	1	14	18	35	262	84
1004	1	14	19	36	262	86
1005	1	15	0	17	262	49
1006	1	15	1	18	262	51
1007	1	15	2	19	262	53
1008	1	15	3	20	262	55
1009	1	15	4	21	262	57
1010	1	15	5	22	262	59
1011	1	15	6	23	262	61
1012	1	15	7	24	262	63
1013	1	15	8	25	262	65
1014	1	15	9	26	262	67
1015	1	15	10	27	262	69
1016	1	15	11	28	262	71
1017	1	15	12	29	262	73
1018	1	15	13	30	262	75
1019	1	15	14	31	262	77
1020	1	15	15	32	262	79
1021	1	15	16	33	262	81
1022	1	15	17	34	262	83
1023	1	15	18	35	262	85
1024	1	16	0	16	1	48
1025	1	16	1	17	1	50
1026	1	16	2	18	1	52
1027	1	16	3	19	1	54
1028	1	16	4	20	1	56
1029	1	16	5	21	1	58
1030	1	16	6	22	1	60
1031	1	16	7	23	1	62
1032	1	16	8	24	1	64
1033	1	16	9	25	1	66
1034	1	16	10	26	1	68
1035	1	16	11	27	1	70
1036	1	16	12	28	1	72
1037	1	16	13	29	1	74
1038	1	16	14	30	1	76
1039	1	16	15	31	1	78
1040	1	16	16	32	1	80
1041	1	16	17	33	1	82
1042	1	17	0	16	1	49
1043	1	17	1	17	1	51
1044	1	17	2	18	1	53
1045	1	17	3	19	1	55
1046	1	17	4	20	1	57
1047	1	17	5	21	1	59
1048	1	17	6	22	1	61
1049	1	17	7	23	1	63
1050	1	17	8	24	1	65
1051	1	17	9	25	1	67
1052	1	17	10	26	1	69
1053	1	17	11	27	1	71
1054	1	17	12	28	1	73
1055	1	17	13	29	1	75
1056	1	17	14	30	1	77
1057	1	17	15	31	1	79
1058	1	17	16	32	1	81
1059	1	18	0	15	262	48
1060	1	18	1	16	262	50
1061	1	18	2	17	262	52
1062	1	18	3	18	262	54
1063	1	18	4	19	262	56
1064	1	18	5	20	262	58
1065	1	18	6	21	262	60
1066	1	18	7	22	262	62
1067	1	18	8	23	262	64
1068	1	18	9	24	262	66
1069	1	18	10	25	262	68
1070	1	18	11	26	262	70
1071	1	18	12	27	262	72
1072	1	18	13	28	262	74
1073	1	18	14	29	262	76
1074	1	18	15	30	262	78
1075	1	19	0	15	262	49
1076	1	19	1	16	262	51
1077	1	19	2	17	262	53
1078	1	19	3	18	262	55
1079	1	19	4	19	262	57
1080	1	19	5	20	262	59
1081	1	19	6	21	262	61
1082	1	19	7	22	262	63
1083	1	19	8	23	262	65
1084	1	19	9	24	262	67
1085	1	19	10	25	262	69
1086	1	19	11	26	262	71
1087	1	19	12	27	262	73
1088	1	19	13	28	262	75
1089	1	19	14	29	262	77
1090	1	20	0	14	1	48
1091	1	20	1	15	1	50
1092	1	20	2	16	1	52
1093	1	20	3	17	1	54
1094	1	20	4	18	1	56
1095	1	20	5	19	1	58
1096	1	20	6	20	1	60
1097	1	20	7	21	1	62
1098	1	20	8	22	1	64
1099	1	20	9	23	1	66
1100	1	20	10	24	1	68
1101	1	20	11	25	1	70
1102	1	20	12	26	1	72
1103	1	20	13	27	1	74
1104	1	21	0	14	1	49
1105	1	21	1	15	1	51
1106	1	21	2	16	1	53
1107	1	21	3	17	1	55
1108	1	21	4	18	1	57
1109	1	21	5	19	1	59
1110	1	21	6	20	1	61
1111	1	21	7	21	1	63
1112	1	21	8	22	1	65
1113	1	21	9	23	1	67
1114	1	21	10	24	1	69
1115	1	21	11	25	1	71
1116	1	21	12	26	1	73
1117	1	22	0	13	262	48
1118	1	22	1	14	262	50
1119	1	22	2	15	262	52
1120	1	22	3	16	262	54
1121	1	22	4	17	262	56
1122	1	22	5	18	262	58
1123	1	22	6	19	262	60
1124	1	22	7	20	262	62
1125	1	22	8	21	262	64
1126	1	22	9	22	262	66
1127	1	22	10	23	262	68
1128	1	22	11	24	262	70
1129	1	23	0	13	262	49
1130	1	23	1	14	262	51
1131	1	23	2	15	262	53
1132	1	23	3	16	262	55
1133	1	23	4	17	262	57
1134	1	23	5	18	262	59
1135	1	23	6	19	262	61
1136	1	23	7	20	262	63
1137	1	23	8	21	262	65
1138	1	23	9	22	262	67
1139	1	23	10	23	262	69
1140	1	24	0	12	1	48
1141	1	24	1	13	1	50
1142	1	24	2	14	1	52
1143	1	24	3	15	1	54
1144	1	24	4	16	1	56
1145	1	24	5	17	1	58
1146	1	24	6	18	1	60
1147	1	24	7	19	1	62
1148	1	24	8	20	1	64
1149	1	24	9	21	1	66
1150	1	25	0	12	1	49
1151	1	25	1	13	1	51
1152	1	25	2	14	1	53
1153	1	25	3	15	1	55
1154	1	25	4	16	1	57
1155	1	25	5	17	1	59
1156	1	25	6	18	1	61
1157	1	25	7	19	1	63
1158	1	25	8	20	1	65
1159	1	26	0	11	262	48
1160	1	26	1	12	262	50
1161	1	26	2	13	262	52
1162	1	26	3	14	262	54
1163	1	26	4	15	262	56
1164	1	26	5	16	262	58
1165	1	26	6	17	262	60
1166	1	26	7	18	262	62
1167	1	27	0	11	262	49
1168	1	27	1	12	262	51
1169	1	27	2	13	262	53
1170	1	27	3	14	262	55
1171	1	27	4	15	262	57
1172	1	27	5	16	262	59
1173	1	27	6	17	262	61
1174	1	28	0	10	1	48
1175	1	28	1	11	1	50
1176	1	28	2	12	1	52
1177	1	28	3	13	1	54
1178	1	28	4	14	1	56
1179	1	28	5	15	1	58
1180	1	29	0	10	1	49
1181	1	29	1	11	1	51
1182	1	29	2	12	1	53
1183	1	29	3	13	1	55
1184	1	29	4	14	1	57
1185	1	30	0	9	262	48
1186	1	30	1	10	262	50
1187	1	30	2	11	262	52
1188	1	30	3	12	262	54
1189	1	31	0	9	262	49
1190	1	31	1	10	262	51
1191	1	31	2	11	262	53
1192	1	32	0	8	1	48
1193	1	32	1	9	1	50
1194	1	33	0	8	1	49
1195	2	0	0	58	54	116
1196	2	0	1	59	54	118
1197	2	0	2	60	54	120
1198	2	0	3	61	54	122
1199	2	0	4	62	54	124
1200	2	0	5	63	54	126
1201	2	0	6	64	54	128
1202	2	0	7	65	54	130
1203	2	0	8	66	54	132
1204	2	0	9	67	54	134
1205	2	0	10	68	54	136
1206	2	0	11	69	54	138
1207	2	0	12	70	54	140
1208	2	0	13	71	54	142
1209	2	0	14	72	54	144
1210	2	0	15	73	54	146
1211	2	0	16	74	54	148
1212	2	0	17	75	54	150
1213	2	0	18	76	54	152
1214	2	0	19	77	54	154
1215	2	0	20	78	54	156
1216	2	0	21	79	54	158
1217	2	0	22	80	54	160
1218	2	0	23	81	54	162
1219	2	0	24	82	54	164
1220	2	0	25	83	54	166
1221	2	0	26	84	54	168
1222	2	0	27	85	54	170
1223	2	1	0	57	245	115
1224	2	1	1	58	245	117
1225	2	1	2	59	245	119
1226	2	1	3	60	245	121
1227	2	1	4	61	245	123
1228	2	1	5	62	245	125
1229	2	1	6	63	245	127
1230	2	1	7	64	245	129
1231	2	1	8	65	245	131
1232	2	1	9	66	245	133
1233	2	1	10	67	245	135
1234	2	1	11	68	245	137
1235	2	1	12	69	245	139
1236	2	1	13	70	245	141
1237	2	1	14	71	245	143
1238	2	1	15	72	245	145
1239	2	1	16	73	245	147
1240	2	1	17	74	245	149
1241	2	1	18	75	245	151
1242	2	1	19	76	245	153
1243	2	1	20	77	245	155
1244	2	1	21	78	245	157
1245	2	1	22	79	245	159
1246	2	1	23	80	245	161
1247	2	1	24	81	245	163
1248	2	1	25	82	245	165
1249	2	1	26	83	245	167
1250	2	2	0	55	130	112
1251	2	2	1	56	130	114
1252	2	2	2	57	130	116
1253	2	2	3	58	130	118
1254	2	2	4	59	130	120
1255	2	2	5	60	130	122
1256	2	2	6	61	130	124
1257	2	2	7	62	130	126
1258	2	2	8	63	130	128
1259	2	2	9	64	130	130
1260	2	2	10	65	130	132
1261	2	2	11	66	130	134
1262	2	2	12	67	130	136
1263	2	2	13	68	130	138
1264	2	2	14	69	130	140
1265	2	2	15	70	130	142
1266	2	2	16	71	130	144
1267	2	2	17	72	130	146
1268	2	2	18	73	130	148
1269	2	2	19	74	130	150
1270	2	2	20	75	130	152
1271	2	2	21	76	130	154
1272	2	2	22	77	130	156
1273	2	2	23	78	130	158
1274	2	2	24	79	130	160
1275	2	2	25	80	130	162
1276	2	3	0	54	132	111
1277	2	3	1	55	132	113
1278	2	3	2	56	132	115
1279	2	3	3	57	132	117
1280	2	3	4	58	132	119
1281	2	3	5	59	132	121
1282	2	3	6	60	132	123
1283	2	3	7	61	132	125
1284	2	3	8	62	132	127
1285	2	3	9	63	132	129
1286	2	3	10	64	132	131
1287	2	3	11	65	132	133
1288	2	3	12	66	132	135
1289	2	3	13	67	132	137
1290	2	3	14	68	132	139
1291	2	3	15	69	132	141
1292	2	3	16	70	132	143
1293	2	3	17	71	132	145
1294	2	3	18	72	132	147
1295	2	3	19	73	132	149
1296	2	3	20	74	132	151
1297	2	3	21	75	132	153
1298	2	3	22	76	132	155
1299	2	3	23	77	132	157
1300	2	3	24	78	132	159
1301	2	4	0	52	11	108
1302	2	4	1	53	11	110
1303	2	4	2	54	11	112
1304	2	4	3	55	11	114
1305	2	4	4	56	11	116
1306	2	4	5	57	11	118
1307	2	4	6	58	11	120
1308	2	4	7	59	11	122
1309	2	4	8	60	11	124
1310	2	4	9	61	11	126
1311	2	4	10	62	11	128
1312	2	4	11	63	11	130
1313	2	4	12	64	11	132
1314	2	4	13	65	11	134
1315	2	4	14	66	11	136
1316	2	4	15	67	11	138
1317	2	4	16	68	11	140
1318	2	4	17	69	11	142
1319	2	4	18	70	11	144
1320	2	4	19	71	11	146
1321	2	4	20	72	11	148
1322	2	4	21	73	11	150
1323	2	4	22	74	11	152
1324	2	4	23	75	11	154
1325	2	5	0	51	84	107
1326	2	5	1	52	84	109
1327	2	5	2	53	84	111
1328	2	5	3	54	84	113
1329	2	5	4	55	84	115
1330	2	5	5	56	84	117
1331	2	5	6	57	84	119
1332	2	5	7	58	84	121
1333	2	5	8	59	84	123
1334	2	5	9	60	84	125
1335	2	5	10	61	84	127
1336	2	5	11	62	84	129
1337	2	5	12	63	84	131
1338	2	5	13	64	84	133
1339	2	5	14	65	84	135
1340	2	5	15	66	84	137
1341	2	5	16	67	84	139
1342	2	5	17	68	84	141
1343	2	5	18	69	84	143
1344	2	5	19	70	84	145
1345	2	5	20	71	84	147
1346	2	5	21	72	84	149
1347	2	5	22	73	84	151
1348	2	6	0	49	7	104
1349	2	6	1	50	7	106
1350	2	6	2	51	7	108
1351	2	6	3	52	7	110
1352	2	6	4	53	7	112
1353	2	6	5	54	7	114
1354	2	6	6	55	7	116
1355	2	6	7	56	7	118
1356	2	6	8	57	7	120
1357	2	6	9	58	7	122
1358	2	6	10	59	7	124
1359	2	6	11	60	7	126
1360	2	6	12	61	7	128
1361	2	6	13	62	7	130
1362	2	6	14	63	7	132
1363	2	6	15	64	7	134
1364	2	6	16	65	7	136
1365	2	6	17	66	7	138
1366	2	6	18	67	7	140
1367	2	6	19	68	7	142
1368	2	6	20	69	7	144
1369	2	6	21	70	7	146
1370	2	7	0	48	173	103
1371	2	7	1	49	173	105
1372	2	7	2	50	173	107
1373	2	7	3	51	173	109
1374	2	7	4	52	173	111
1375	2	7	5	53	173	113
1376	2	7	6	54	173	115
1377	2	7	7	55	173	117
1378	2	7	8	56	173	119
1379	2	7	9	57	173	121
1380	2	7	10	58	173	123
1381	2	7	11	59	173	125
1382	2	7	12	60	173	127
1383	2	7	13	61	173	129
1384	2	7	14	62	173	131
1385	2	7	15	63	173	133
1386	2	7	16	64	173	135
1387	2	7	17	65	173	137
1388	2	7	18	66	173	139
1389	2	7	19	67	173	141
1390	2	7	20	68	173	143
1391	2	8	0	46	124	100
1392	2	8	1	47	124	102
1393	2	8	2	48	124	104
1394	2	8	3	49	124	106
1395	2	8	4	50	124	108
1396	2	8	5	51	124	110
1397	2	8	6	52	124	112
1398	2	8	7	53	124	114
1399	2	8	8	54	124	116
1400	2	8	9	55	124	118
1401	2	8	10	56	124	120
1402	2	8	11	57	124	122
1403	2	8	12	58	124	124
1404	2	8	13	59	124	126
1405	2	8	14	60	124	128
1406	2	8	15	61	124	130
1407	2	8	16	62	124	132
1408	2	8	17	63	124	134
1409	2	8	18	64	124	136
1410	2	8	19	65	124	138
1411	2	9	0	45	134	99
1412	2	9	1	46	134	101
1413	2	9	2	47	134	103
1414	2	9	3	48	134	105
1415	2	9	4	49	134	107
1416	2	9	5	50	134	109
1417	2	9	6	51	134	111
1418	2	9	7	52	134	113
1419	2	9	8	53	134	115
1420	2	9	9	54	134	117
1421	2	9	10	55	134	119
1422	2	9	11	56	134	121
1423	2	9	12	57	134	123
1424	2	9	13	58	134	125
1425	2	9	14	59	134	127
1426	2	9	15	60	134	129
1427	2	9	16	61	134	131
1428	2	9	17	62	134	133
1429	2	9	18	63	134	135
1430	2	10	0	43	55	96
1431	2	10	1	44	55	98
1432	2	10	2	45	55	100
1433	2	10	3	46	55	102
1434	2	10	4	47	55	104
1435	2	10	5	48	55	106
1436	2	10	6	49	55	108
1437	2	10	7	50	55	110
1438	2	10	8	51	55	112
1439	2	10	9	52	55	114
1440	2	10	10	53	55	116
1441	2	10	11	54	55	118
1442	2	10	12	55	55	120
1443	2	10	13	56	55	122
1444	2	10	14	57	55	124
1445	2	10	15	58	55	126
1446	2	10	16	59	55	128
1447	2	10	17	60	55	130
1448	2	11	0	42	157	95
1449	2	11	1	43	157	97
1450	2	11	2	44	157	99
1451	2	11	3	45	157	101
1452	2	11	4	46	157	103
1453	2	11	5	47	157	105
1454	2	11	6	48	157	107
1455	2	11	7	49	157	109
1456	2	11	8	50	157	111
1457	2	11	9	51	157	113
1458	2	11	10	52	157	115
1459	2	11	11	53	157	117
1460	2	11	12	54	157	119
1461	2	11	13	55	157	121
1462	2	11	14	56	157	123
1463	2	11	15	57	157	125
1464	2	11	16	58	157	127
1465	2	12	0	40	35	92
1466	2	12	1	41	35	94
1467	2	12	2	42	35	96
1468	2	12	3	43	35	98
1469	2	12	4	44	35	100
1470	2	12	5	45	35	102
1471	2	12	6	46	35	104
1472	2	12	7	47	35	106
1473	2	12	8	48	35	108
1474	2	12	9	49	35	110
1475	2	12	10	50	35	112
1476	2	12	11	51	35	114
1477	2	12	12	52	35	116
1478	2	12	13	53	35	118
1479	2	12	14	54	35	120
1480	2	12	15	55	35	122
1481	2	13	0	39	76	91
1482	2	13	1	40	76	93
1483	2	13	2	41	76	95
1484	2	13	3	42	76	97
1485	2	13	4	43	76	99
1486	2	13	5	44	76	101
1487	2	13	6	45	76	103
1488	2	13	7	46	76	105
1489	2	13	8	47	76	107
1490	2	13	9	48	76	109
1491	2	13	10	49	76	111
1492	2	13	11	50	76	113
1493	2	13	12	51	76	115
1494	2	13	13	52	76	117
1495	2	13	14	53	76	119
1496	2	14	0	37	94	88
1497	2	14	1	38	94	90
1498	2	14	2	39	94	92
1499	2	14	3	40	94	94
1500	2	14	4	41	94	96
1501	2	14	5	42	94	98
1502	2	14	6	43	94	100
1503	2	14	7	44	94	102
1504	2	14	8	45	94	104
1505	2	14	9	46	94	106
1506	2	14	10	47	94	108
1507	2	14	11	48	94	110
1508	2	14	12	49	94	112
1509	2	14	13	50	94	114
1510	2	15	0	36	144	87
1511	2	15	1	37	144	89
1512	2	15	2	38	144	91
1513	2	15	3	39	144	93
1514	2	15	4	40	144	95
1515	2	15	5	41	144	97
1516	2	15	6	42	144	99
1517	2	15	7	43	144	101
1518	2	15	8	44	144	103
1519	2	15	9	45	144	105
1520	2	15	10	46	144	107
1521	2	15	11	47	144	109
1522	2	15	12	48	144	111
1523	2	16	0	34	12	84
1524	2	16	1	35	12	86
1525	2	16	2	36	12	88
1526	2	16	3	37	12	90
1527	2	16	4	38	12	92
1528	2	16	5	39	12	94
1529	2	16	6	40	12	96
1530	2	16	7	41	12	98
1531	2	16	8	42	12	100
1532	2	16	9	43	12	102
1533	2	16	10	44	12	104
1534	2	16	11	45	12	106
1535	2	17	0	33	259	83
1536	2	17	1	34	259	85
1537	2	17	2	35	259	87
1538	2	17	3	36	259	89
1539	2	17	4	37	259	91
1540	2	17	5	38	259	93
1541	2	17	6	39	259	95
1542	2	17	7	40	259	97
1543	2	17	8	41	259	99
1544	2	17	9	42	259	101
1545	2	17	10	43	259	103
1546	2	18	0	31	175	80
1547	2	18	1	32	175	82
1548	2	18	2	33	175	84
1549	2	18	3	34	175	86
1550	2	18	4	35	175	88
1551	2	18	5	36	175	90
1552	2	18	6	37	175	92
1553	2	18	7	38	175	94
1554	2	18	8	39	175	96
1555	2	18	9	40	175	98
1556	2	19	0	30	117	79
1557	2	19	1	31	117	81
1558	2	19	2	32	117	83
1559	2	19	3	33	117	85
1560	2	19	4	34	117	87
1561	2	19	5	35	117	89
1562	2	19	6	36	117	91
1563	2	19	7	37	117	93
1564	2	19	8	38	117	95
1565	2	20	0	28	207	76
1566	2	20	1	29	207	78
1567	2	20	2	30	207	80
1568	2	20	3	31	207	82
1569	2	20	4	32	207	84
1570	2	20	5	33	207	86
1571	2	20	6	34	207	88
1572	2	20	7	35	207	90
1573	2	21	0	27	194	75
1574	2	21	1	28	194	77
1575	2	21	2	29	194	79
1576	2	21	3	30	194	81
1577	2	21	4	31	194	83
1578	2	21	5	32	194	85
1579	2	21	6	33	194	87
1580	2	22	0	25	60	72
1581	2	22	1	26	60	74
1582	2	22	2	27	60	76
1583	2	22	3	28	60	78
1584	2	22	4	29	60	80
1585	2	22	5	30	60	82
1586	2	23	0	24	243	71
1587	2	23	1	25	243	73
1588	2	23	2	26	243	75
1589	2	23	3	27	243	77
1590	2	23	4	28	243	79
1591	2	24	0	22	86	68
1592	2	24	1	23	86	70
1593	2	24	2	24	86	72
1594	2	24	3	25	86	74
1595	2	25	0	21	59	67
1596	2	25	1	22	59	69
1597	2	25	2	23	59	71
1598	2	26	0	19	246	64
1599	2	26	1	20	246	66
1600	2	27	0	18	181	63
1601	3	0	0	86	13	172
1602	3	0	1	87	13	174
1603	3	0	2	88	13	176
1604	3	0	3	89	13	178
1605	3	0	4	90	13	180
1606	3	0	5	91	13	182
1607	3	0	6	92	13	184
1608	3	0	7	93	13	186
1609	3	0	8	94	13	188
1610	3	0	9	95	13	190
1611	3	0	10	96	13	192
1612	3	0	11	97	13	194
1613	3	0	12	98	13	196
1614	3	0	13	99	13	198
1615	3	0	14	100	13	200
1616	3	0	15	101	13	202
1617	3	0	16	102	13	204
1618	3	0	17	103	13	206
1619	3	0	18	104	13	208
1620	3	0	19	105	13	210
1621	3	0	20	106	13	212
1622	3	0	21	107	13	214
1623	3	0	22	108	13	216
1624	3	1	0	84	191	169
1625	3	1	1	85	191	171
1626	3	1	2	86	191	173
1627	3	1	3	87	191	175
1628	3	1	4	88	191	177
1629	3	1	5	89	191	179
1630	3	1	6	90	191	181
1631	3	1	7	91	191	183
1632	3	1	8	92	191	185
1633	3	1	9	93	191	187
1634	3	1	10	94	191	189
1635	3	1	11	95	191	191
1636	3	1	12	96	191	193
1637	3	1	13	97	191	195
1638	3	1	14	98	191	197
1639	3	1	15	99	191	199
1640	3	1	16	100	191	201
1641	3	1	17	101	191	203
1642	3	1	18	102	191	205
1643	3	1	19	103	191	207
1644	3	1	20	104	191	209
1645	3	1	21	105	191	211
1646	3	2	0	81	158	164
1647	3	2	1	82	158	166
1648	3	2	2	83	158	168
1649	3	2	3	84	158	170
1650	3	2	4	85	158	172
1651	3	2	5	86	158	174
1652	3	2	6	87	158	176
1653	3	2	7	88	158	178
1654	3	2	8	89	158	180
1655	3	2	9	90	158	182
1656	3	2	10	91	158	184
1657	3	2	11	92	158	186
1658	3	2	12	93	158	188
1659	3	2	13	94	158	190
1660	3	2	14	95	158	192
1661	3	2	15	96	158	194
1662	3	2	16	97	158	196
1663	3	2	17	98	158	198
1664	3	2	18	99	158	200
1665	3	2	19	100	158	202
1666	3	2	20	101	158	204
1667	3	3	0	79	96	161
1668	3	3	1	80	96	163
1669	3	3	2	81	96	165
1670	3	3	3	82	96	167
1671	3	3	4	83	96	169
1672	3	3	5	84	96	171
1673	3	3	6	85	96	173
1674	3	3	7	86	96	175
1675	3	3	8	87	96	177
1676	3	3	9	88	96	179
1677	3	3	10	89	96	181
1678	3	3	11	90	96	183
1679	3	3	12	91	96	185
1680	3	3	13	92	96	187
1681	3	3	14	93	96	189
1682	3	3	15	94	96	191
1683	3	3	16	95	96	193
1684	3	3	17	96	96	195
1685	3	3	18	97	96	197
1686	3	3	19	98	96	199
1687	3	4	0	76	140	156
1688	3	4	1	77	140	158
1689	3	4	2	78	140	160
1690	3	4	3	79	140	162
1691	3	4	4	80	140	164
1692	3	4	5	81	140	166
1693	3	4	6	82	140	168
1694	3	4	7	83	140	170
1695	3	4	8	84	140	172
1696	3	4	9	85	140	174
1697	3	4	10	86	140	176
1698	3	4	11	87	140	178
1699	3	4	12	88	140	180
1700	3	4	13	89	140	182
1701	3	4	14	90	140	184
1702	3	4	15	91	140	186
1703	3	4	16	92	140	188
1704	3	4	17	93	140	190
1705	3	4	18	94	140	192
1706	3	5	0	74	135	153
1707	3	5	1	75	135	155
1708	3	5	2	76	135	157
1709	3	5	3	77	135	159
1710	3	5	4	78	135	161
1711	3	5	5	79	135	163
1712	3	5	6	80	135	165
1713	3	5	7	81	135	167
1714	3	5	8	82	135	169
1715	3	5	9	83	135	171
1716	3	5	10	84	135	173
1717	3	5	11	85	135	175
1718	3	5	12	86	135	177
1719	3	5	13	87	135	179
1720	3	5	14	88	135	181
1721	3	5	15	89	135	183
1722	3	5	16	90	135	185
1723	3	5	17	91	135	187
1724	3	6	0	71	164	148
1725	3	6	1	72	164	150
1726	3	6	2	73	164	152
1727	3	6	3	74	164	154
1728	3	6	4	75	164	156
1729	3	6	5	76	164	158
1730	3	6	6	77	164	160
1731	3	6	7	78	164	162
1732	3	6	8	79	164	164
1733	3	6	9	80	164	166
1734	3	6	10	81	164	168
1735	3	6	11	82	164	170
1736	3	6	12	83	164	172
1737	3	6	13	84	164	174
1738	3	6	14	85	164	176
1739	3	6	15	86	164	178
1740	3	6	16	87	164	180
1741	3	7	0	69	83	145
1742	3	7	1	70	83	147
1743	3	7	2	71	83	149
1744	3	7	3	72	83	151
1745	3	7	4	73	83	153
1746	3	7	5	74	83	155
1747	3	7	6	75	83	157
1748	3	7	7	76	83	159
1749	3	7	8	77	83	161
1750	3	7	9	78	83	163
1751	3	7	10	79	83	165
1752	3	7	11	80	83	167
1753	3	7	12	81	83	169
1754	3	7	13	82	83	171
1755	3	7	14	83	83	173
1756	3	7	15	84	83	175
1757	3	8	0	66	132	140
1758	3	8	1	67	132	142
1759	3	8	2	68	132	144
1760	3	8	3	69	132	146
1761	3	8	4	70	132	148
1762	3	8	5	71	132	150
1763	3	8	6	72	132	152
1764	3	8	7	73	132	154
1765	3	8	8	74	132	156
1766	3	8	9	75	132	158
1767	3	8	10	76	132	160
1768	3	8	11	77	132	162
1769	3	8	12	78	132	164
1770	3	8	13	79	132	166
1771	3	8	14	80	132	168
1772	3	9	0	64	240	137
1773	3	9	1	65	240	139
1774	3	9	2	66	240	141
1775	3	9	3	67	240	143
1776	3	9	4	68	240	145
1777	3	9	5	69	240	147
1778	3	9	6	70	240	149
1779	3	9	7	71	240	151
1780	3	9	8	72	240	153
1781	3	9	9	73	240	155
1782	3	9	10	74	240	157
1783	3	9	11	75	240	159
1784	3	9	12	76	240	161
1785	3	9	13	77	240	163
1786	3	10	0	61	87	132
1787	3	10	1	62	87	134
1788	3	10	2	63	87	136
1789	3	10	3	64	87	138
1790	3	10	4	65	87	140
1791	3	10	5	66	87	142
1792	3	10	6	67	87	144
1793	3	10	7	68	87	146
1794	3	10	8	69	87	148
1795	3	10	9	70	87	150
1796	3	10	10	71	87	152
1797	3	10	11	72	87	154
1798	3	10	12	73	87	156
1799	3	11	0	59	206	129
1800	3	11	1	60	206	131
1801	3	11	2	61	206	133
1802	3	11	3	62	206	135
1803	3	11	4	63	206	137
1804	3	11	5	64	206	139
1805	3	11	6	65	206	141
1806	3	11	7	66	206	143
1807	3	11	8	67	206	145
1808	3	11	9	68	206	147
1809	3	11	10	69	206	149
1810	3	11	11	70	206	151
1811	3	12	0	56	147	124
1812	3	12	1	57	147	126
1813	3	12	2	58	147	128
1814	3	12	3	59	147	130
1815	3	12	4	60	147	132
1816	3	12	5	61	147	134
1817	3	12	6	62	147	136
1818	3	12	7	63	147	138
1819	3	12	8	64	147	140
1820	3	12	9	65	147	142
1821	3	12	10	66	147	144
1822	3	13	0	54	76	121
1823	3	13	1	55	76	123
1824	3	13	2	56	76	125
1825	3	13	3	57	76	127
1826	3	13	4	58	76	129
1827	3	13	5	59	76	131
1828	3	13	6	60	76	133
1829	3	13	7	61	76	135
1830	3	13	8	62	76	137
1831	3	13	9	63	76	139
1832	3	14	0	51	67	116
1833	3	14	1	52	67	118
1834	3	14	2	53	67	120
1835	3	14	3	54	67	122
1836	3	14	4	55	67	124
1837	3	14	5	56	67	126
1838	3	14	6	57	67	128
1839	3	14	7	58	67	130
1840	3	14	8	59	67	132
1841	3	15	0	49	74	113
1842	3	15	1	50	74	115
1843	3	15	2	51	74	117
1844	3	15	3	52	74	119
1845	3	15	4	53	74	121
1846	3	15	5	54	74	123
1847	3	15	6	55	74	125
1848	3	15	7	56	74	127
1849	3	16	0	46	86	108
1850	3	16	1	47	86	110
1851	3	16	2	48	86	112
1852	3	16	3	49	86	114
1853	3	16	4	50	86	116
1854	3	16	5	51	86	118
1855	3	16	6	52	86	120
1856	3	17	0	44	252	105
1857	3	17	1	45	252	107
1858	3	17	2	46	252	109
1859	3	17	3	47	252	111
1860	3	17	4	48	252	113
1861	3	17	5	49	252	115
1862	3	18	0	41	236	100
1863	3	18	1	42	236	102
1864	3	18	2	43	236	104
1865	3	18	3	44	236	106
1866	3	18	4	45	236	108
1867	3	19	0	39	190	97
1868	3	19	1	40	190	99
1869	3	19	2	41	190	101
1870	3	19	3	42	190	103
1871	3	20	0	36	36	92
1872	3	20	1	37	36	94
1873	3	20	2	38	36	96
1874	3	21	0	34	185	89
1875	3	21	1	35	185	91
1876	3	22	0	31	215	84
1877	4	0	0	109	32	218
1878	4	0	1	110	32	220
1879	4	0	2	111	32	222
1880	4	0	3	112	32	224
1881	4	0	4	113	32	226
1882	4	0	5	114	32	228
1883	4	0	6	115	32	230
1884	4	0	7	116	32	232
1885	4	0	8	117	32	234
1886	4	0	9	118	32	236
1887	4	0	10	119	32	238
1888	4	0	11	120	32	240
1889	4	0	12	121	32	242
1890	4	0	13	122	32	244
1891	4	0	14	123	32	246
1892	4	0	15	124	32	248
1893	4	0	16	125	32	250
1894	4	0	17	126	32	252
1895	4	0	18	127	32	254
1896	4	0	19	128	32	256
1897	4	1	0	106	101	213
1898	4	1	1	107	101	215
1899	4	1	2	108	101	217
1900	4	1	3	109	101	219
1901	4	1	4	110	101	221
1902	4	1	5	111	101	223
1903	4	1	6	112	101	225
1904	4	1	7	113	101	227
1905	4	1	8	114	101	229
1906	4	1	9	115	101	231
1907	4	1	10	116	101	233
1908	4	1	11	117	101	235
1909	4	1	12	118	101	237
1910	4	1	13	119	101	239
1911	4	1	14	120	101	241
1912	4	1	15	121	101	243
1913	4	1	16	122	101	245
1914	4	1	17	123	101	247
1915	4	1	18	124	101	249
1916	4	2	0	102	259	206
1917	4	2	1	103	259	208
1918	4	2	2	104	259	210
1919	4	2	3	105	259	212
1920	4	2	4	106	259	214
1921	4	2	5	107	259	216
1922	4	2	6	108	259	218
1923	4	2	7	109	259	220
1924	4	2	8	110	259	222
1925	4	2	9	111	259	224
1926	4	2	10	112	259	226
1927	4	2	11	113	259	228
1928	4	2	12	114	259	230
1929	4	2	13	115	259	232
1930	4	2	14	116	259	234
1931	4	2	15	117	259	236
1932	4	2	16	118	259	238
1933	4	2	17	119	259	240
1934	4	3	0	99	86	201
1935	4	3	1	100	86	203
1936	4	3	2	101	86	205
1937	4	3	3	102	86	207
1938	4	3	4	103	86	209
1939	4	3	5	104	86	211
1940	4	3	6	105	86	213
1941	4	3	7	106	86	215
1942	4	3	8	107	86	217
1943	4	3	9	108	86	219
1944	4	3	10	109	86	221
1945	4	3	11	110	86	223
1946	4	3	12	111	86	225
1947	4	3	13	112	86	227
1948	4	3	14	113	86	229
1949	4	3	15	114	86	231
1950	4	3	16	115	86	233
1951	4	4	0	95	132	194
1952	4	4	1	96	132	196
1953	4	4	2	97	132	198
1954	4	4	3	98	132	200
1955	4	4	4	99	132	202
1956	4	4	5	100	132	204
1957	4	4	6	101	132	206
1958	4	4	7	102	132	208
1959	4	4	8	103	132	210
1960	4	4	9	104	132	212
1961	4	4	10	105	132	214
1962	4	4	11	106	132	216
1963	4	4	12	107	132	218
1964	4	4	13	108	132	220
1965	4	4	14	109	132	222
1966	4	4	15	110	132	224
1967	4	5	0	92	55	189
1968	4	5	1	93	55	191
1969	4	5	2	94	55	193
1970	4	5	3	95	55	195
1971	4	5	4	96	55	197
1972	4	5	5	97	55	199
1973	4	5	6	98	55	201
1974	4	5	7	99	55	203
1975	4	5	8	100	55	205
1976	4	5	9	101	55	207
1977	4	5	10	102	55	209
1978	4	5	11	103	55	211
1979	4	5	12	104	55	213
1980	4	5	13	105	55	215
1981	4	5	14	106	55	217
1982	4	6	0	88	115	182
1983	4	6	1	89	115	184
1984	4	6	2	90	115	186
1985	4	6	3	91	115	188
1986	4	6	4	92	115	190
1987	4	6	5	93	115	192
1988	4	6	6	94	115	194
1989	4	6	7	95	115	196
1990	4	6	8	96	115	198
1991	4	6	9	97	115	200
1992	4	6	10	98	115	202
1993	4	6	11	99	115	204
1994	4	6	12	100	115	206
1995	4	6	13	101	115	208
1996	4	7	0	85	26	177
1997	4	7	1	86	26	179
1998	4	7	2	87	26	181
1999	4	7	3	88	26	183
2000	4	7	4	89	26	185
2001	4	7	5	90	26	187
2002	4	7	6	91	26	189
2003	4	7	7	92	26	191
2004	4	7	8	93	26	193
2005	4	7	9	94	26	195
2006	4	7	10	95	26	197
2007	4	7	11	96	26	199
2008	4	7	12	97	26	201
2009	4	8	0	81	150	170
2010	4	8	1	82	150	172
2011	4	8	2	83	150	174
2012	4	8	3	84	150	176
2013	4	8	4	85	150	178
2014	4	8	5	86	150	180
2015	4	8	6	87	150	182
2016	4	8	7	88	150	184
2017	4	8	8	89	150	186
2018	4	8	9	90	150	188
2019	4	8	10	91	150	190
2020	4	8	11	92	150	192
2021	4	9	0	78	194	165
2022	4	9	1	79	194	167
2023	4	9	2	80	194	169
2024	4	9	3	81	194	171
2025	4	9	4	82	194	173
2026	4	9	5	83	194	175
2027	4	9	6	84	194	177
2028	4	9	7	85	194	179
2029	4	9	8	86	194	181
2030	4	9	9	87	194	183
2031	4	9	10	88	194	185
2032	4	10	0	74	47	158
2033	4	10	1	75	47	160
2034	4	10	2	76	47	162
2035	4	10	3	77	47	164
2036	4	10	4	78	47	166
2037	4	10	5	79	47	168
2038	4	10	6	80	47	170
2039	4	10	7	81	47	172
2040	4	10	8	82	47	174
2041	4	10	9	83	47	176
2042	4	11	0	71	173	153
2043	4	11	1	72	173	155
2044	4	11	2	73	173	157
2045	4	11	3	74	173	159
2046	4	11	4	75	173	161
2047	4	11	5	76	173	163
2048	4	11	6	77	173	165
2049	4	11	7	78	173	167
2050	4	11	8	79	173	169
2051	4	12	0	67	27	146
2052	4	12	1	68	27	148
2053	4	12	2	69	27	150
2054	4	12	3	70	27	152
2055	4	12	4	71	27	154
2056	4	12	5	72	27	156
2057	4	12	6	73	27	158
2058	4	12	7	74	27	160
2059	4	13	0	64	77	141
2060	4	13	1	65	77	143
2061	4	13	2	66	77	145
2062	4	13	3	67	77	147
2063	4	13	4	68	77	149
2064	4	13	5	69	77	151
2065	4	13	6	70	77	153
2066	4	14	0	60	161	134
2067	4	14	1	61	161	136
2068	4	14	2	62	161	138
2069	4	14	3	63	161	140
2070	4	14	4	64	161	142
2071	4	14	5	65	161	144
2072	4	15	0	57	89	129
2073	4	15	1	58	89	131
2074	4	15	2	59	89	133
2075	4	15	3	60	89	135
2076	4	15	4	61	89	137
2077	4	16	0	53	210	122
2078	4	16	1	54	210	124
2079	4	16	2	55	210	126
2080	4	16	3	56	210	128
2081	4	17	0	50	219	117
2082	4	17	1	51	219	119
2083	4	17	2	52	219	121
2084	4	18	0	46	171	110
2085	4	18	1	47	171	112
2086	4	19	0	43	137	105
2087	5	0	0	0	1	48
2088	5	0	1	1	1	48
2089	5	0	2	2	1	48
2090	5	0	3	3	1	48
2091	5	0	4	4	1	48
2092	5	0	5	5	1	48
2093	5	0	6	6	1	48
2094	5	0	7	7	1	48
2095	5	0	8	8	1	50
2096	5	0	9	9	262	51
2097	5	0	10	10	1	52
2098	5	0	11	11	1	54
2099	5	0	12	12	262	55
2100	5	0	13	13	1	56
2101	5	0	14	14	1	58
2102	5	0	15	15	262	59
2103	5	0	16	16	1	60
2104	5	0	17	17	1	62
2105	5	0	18	18	1	64
2106	5	0	19	19	262	65
2107	5	0	20	20	262	67
2108	5	0	21	21	1	68
2109	5	0	22	22	1	70
2110	5	0	23	23	1	72
2111	5	0	24	24	262	73
2112	5	0	25	25	262	75
2113	5	0	26	26	1	76
2114	5	0	27	27	1	78
2115	5	0	28	28	1	80
2116	5	0	29	29	262	81
2117	5	0	30	30	262	83
2118	5	0	31	31	262	85
2119	5	0	32	32	1	86
2120	5	0	33	33	1	88
2121	5	0	34	34	1	90
2122	5	0	35	35	1	92
2123	5	0	36	36	262	93
2124	5	0	37	37	262	95
2125	5	0	38	38	262	97
2126	5	0	39	39	1	98
2127	5	1	0	0	1	49
2128	5	1	1	1	1	49
2129	5	1	2	2	1	49
2130	5	1	3	3	1	49
2131	5	1	4	4	1	49
2132	5	1	5	5	1	49
2133	5	1	6	6	1	49
2134	5	1	7	7	1	49
2135	5	1	8	8	1	51
2136	5	1	9	9	262	52
2137	5	1	10	10	1	53
2138	5	1	11	11	1	55
2139	5	1	12	12	262	56
2140	5	1	13	13	1	57
2141	5	1	14	14	1	59
2142	5	1	15	15	262	60
2143	5	1	16	16	1	61
2144	5	1	17	17	1	63
2145	5	1	18	18	1	65
2146	5	1	19	19	262	66
2147	5	1	20	20	262	68
2148	5	1	21	21	1	69
2149	5	1	22	22	1	71
2150	5	1	23	23	1	73
2151	5	1	24	24	262	74
2152	5	1	25	25	262	76
2153	5	1	26	26	1	77
2154	5	1	27	27	1	79
2155	5	1	28	28	1	81
2156	5	1	29	29	262	82
2157	5	1	30	30	262	84
2158	5	1	31	31	262	86
2159	5	1	32	32	1	87
2160	5	1	33	33	1	89
2161	5	1	34	34	1	91
2162	5	1	35	35	1	93
2163	5	1	36	36	262	94
2164	5	1	37	37	262	96
2165	5	1	38	38	262	98
2166	5	2	0	0	1	50
2167	5	2	1	1	1	50
2168	5	2	2	2	1	50
2169	5	2	3	3	1	50
2170	5	2	4	4	1	50
2171	5	2	5	5	1	50
2172	5	2	6	6	1	50
2173	5	2	7	7	1	50
2174	5	2	8	8	1	52
2175	5	2	9	9	262	53
2176	5	2	10	10	1	54
2177	5	2	11	11	1	56
2178	5	2	12	12	262	57
2179	5	2	13	13	1	58
2180	5	2	14	14	1	60
2181	5	2	15	15	262	61
2182	5	2	16	16	1	62
2183	5	2	17	17	1	64
2184	5	2	18	18	1	66
2185	5	2	19	19	262	67
2186	5	2	20	20	262	69
2187	5	2	21	21	1	70
2188	5	2	22	22	1	72
2189	5	2	23	23	1	74
2190	5	2	24	24	262	75
2191	5	2	25	25	262	77
2192	5	2	26	26	1	78
2193	5	2	27	27	1	80
2194	5	2	28	28	1	82
2195	5	2	29	29	262	83
2196	5	2	30	30	262	85
2197	5	2	31	31	262	87
2198	5	2	32	32	1	88
2199	5	2	33	33	1	90
2200	5	2	34	34	1	92
2201	5	2	35	35	1	94
2202	5	2	36	36	262	95
2203	5	2	37	37	262	97
2204	5	3	0	0	1	51
2205	5	3	1	1	1	51
2206	5	3	2	2	1	51
2207	5	3	3	3	1	51
2208	5	3	4	4	1	51
2209	5	3	5	5	1	51
2210	5	3	6	6	1	51
2211	5	3	7	7	1	51
2212	5	3	8	8	1	53
2213	5	3	9	9	262	54
2214	5	3	10	10	1	55
2215	5	3	11	11	1	57
2216	5	3	12	12	262	58
2217	5	3	13	13	1	59
2218	5	3	14	14	1	61
2219	5	3	15	15	262	62
2220	5	3	16	16	1	63
2221	5	3	17	17	1	65
2222	5	3	18	18	1	67
2223	5	3	19	19	262	68
2224	5	3	20	20	262	70
2225	5	3	21	21	1	71
2226	5	3	22	22	1	73
2227	5	3	23	23	1	75
2228	5	3	24	24	262	76
2229	5	3	25	25	262	78
2230	5	3	26	26	1	79
2231	5	3	27	27	1	81
2232	5	3	28	28	1	83
2233	5	3	29	29	262	84
2234	5	3	30	30	262	86
2235	5	3	31	31	262	88
2236	5	3	32	32	1	89
2237	5	3	33	33	1	91
2238	5	3	34	34	1	93
2239	5	3	35	35	1	95
2240	5	3	36	36	262	96
2241	5	4	0	0	1	52
2242	5	4	1	1	1	52
2243	5	4	2	2	1	52
2244	5	4	3	3	1	52
2245	5	4	4	4	1	52
2246	5	4	5	5	1	52
2247	5	4	6	6	1	52
2248	5	4	7	7	1	52
2249	5	4	8	8	1	54
2250	5	4	9	9	262	55
2251	5	4	10	10	1	56
2252	5	4	11	11	1	58
2253	5	4	12	12	262	59
2254	5	4	13	13	1	60
2255	5	4	14	14	1	62
2256	5	4	15	15	262	63
2257	5	4	16	16	1	64
2258	5	4	17	17	1	66
2259	5	4	18	18	1	68
2260	5	4	19	19	262	69
2261	5	4	20	20	262	71
2262	5	4	21	21	1	72
2263	5	4	22	22	1	74
2264	5	4	23	23	1	76
2265	5	4	24	24	262	77
2266	5	4	25	25	262	79
2267	5	4	26	26	1	80
2268	5	4	27	27	1	82
2269	5	4	28	28	1	84
2270	5	4	29	29	262	85
2271	5	4	30	30	262	87
2272	5	4	31	31	262	89
2273	5	4	32	32	1	90
2274	5	4	33	33	1	92
2275	5	4	34	34	1	94
2276	5	4	35	35	1	96
2277	5	5	0	0	1	53
2278	5	5	1	1	1	53
2279	5	5	2	2	1	53
2280	5	5	3	3	1	53
2281	5	5	4	4	1	53
2282	5	5	5	5	1	53
2283	5	5	6	6	1	53
2284	5	5	7	7	1	53
2285	5	5	8	8	1	55
2286	5	5	9	9	262	56
2287	5	5	10	10	1	57
2288	5	5	11	11	1	59
2289	5	5	12	12	262	60
2290	5	5	13	13	1	61
2291	5	5	14	14	1	63
2292	5	5	15	15	262	64
2293	5	5	16	16	1	65
2294	5	5	17	17	1	67
2295	5	5	18	18	1	69
2296	5	5	19	19	262	70
2297	5	5	20	20	262	72
2298	5	5	21	21	1	73
2299	5	5	22	22	1	75
2300	5	5	23	23	1	77
2301	5	5	24	24	262	78
2302	5	5	25	25	262	80
2303	5	5	26	26	1	81
2304	5	5	27	27	1	83
2305	5	5	28	28	1	85
2306	5	5	29	29	262	86
2307	5	5	30	30	262	88
2308	5	5	31	31	262	90
2309	5	5	32	32	1	91
2310	5	5	33	33	1	93
2311	5	5	34	34	1	95
2312	5	6	0	0	1	54
2313	5	6	1	1	1	54
2314	5	6	2	2	1	54
2315	5	6	3	3	1	54
2316	5	6	4	4	1	54
2317	5	6	5	5	1	54
2318	5	6	6	6	1	54
2319	5	6	7	7	1	54
2320	5	6	8	8	1	56
2321	5	6	9	9	262	57
2322	5	6	10	10	1	58
2323	5	6	11	11	1	60
2324	5	6	12	12	262	61
2325	5	6	13	13	1	62
2326	5	6	14	14	1	64
2327	5	6	15	15	262	65
2328	5	6	16	16	1	66
2329	5	6	17	17	1	68
2330	5	6	18	18	1	70
2331	5	6	19	19	262	71
2332	5	6	20	20	262	73
2333	5	6	21	21	1	74
2334	5	6	22	22	1	76
2335	5	6	23	23	1	78
2336	5	6	24	24	262	79
2337	5	6	25	25	262	81
2338	5	6	26	26	1	82
2339	5	6	27	27	1	84
2340	5	6	28	28	1	86
2341	5	6	29	29	262	87
2342	5	6	30	30	262	89
2343	5	6	31	31	262	91
2344	5	6	32	32	1	92
2345	5	6	33	33	1	94
2346	5	7	0	0	1	55
2347	5	7	1	1	1	55
2348	5	7	2	2	1	55
2349	5	7	3	3	1	55
2350	5	7	4	4	1	55
2351	5	7	5	5	1	55
2352	5	7	6	6	1	55
2353	5	7	7	7	1	55
2354	5	7	8	8	1	57
2355	5	7	9	9	262	58
2356	5	7	10	10	1	59
2357	5	7	11	11	1	61
2358	5	7	12	12	262	62
2359	5	7	13	13	1	63
2360	5	7	14	14	1	65
2361	5	7	15	15	262	66
2362	5	7	16	16	1	67
2363	5	7	17	17	1	69
2364	5	7	18	18	1	71
2365	5	7	19	19	262	72
2366	5	7	20	20	262	74
2367	5	7	21	21	1	75
2368	5	7	22	22	1	77
2369	5	7	23	23	1	79
2370	5	7	24	24	262	80
2371	5	7	25	25	262	82
2372	5	7	26	26	1	83
2373	5	7	27	27	1	85
2374	5	7	28	28	1	87
2375	5	7	29	29	262	88
2376	5	7	30	30	262	90
2377	5	7	31	31	262	92
2378	5	7	32	32	1	93
2379	5	8	0	0	1	56
2380	5	8	1	1	1	56
2381	5	8	2	2	1	56
2382	5	8	3	3	1	56
2383	5	8	4	4	1	56
2384	5	8	5	5	1	56
2385	5	8	6	6	1	56
2386	5	8	7	7	1	56
2387	5	8	8	8	1	58
2388	5	8	9	9	262	59
2389	5	8	10	10	1	60
2390	5	8	11	11	1	62
2391	5	8	12	12	262	63
2392	5	8	13	13	1	64
2393	5	8	14	14	1	66
2394	5	8	15	15	262	67
2395	5	8	16	16	1	68
2396	5	8	17	17	1	70
2397	5	8	18	18	1	72
2398	5	8	19	19	262	73
2399	5	8	20	20	262	75
2400	5	8	21	21	1	76
2401	5	8	22	22	1	78
2402	5	8	23	23	1	80
2403	5	8	24	24	262	81
2404	5	8	25	25	262	83
2405	5	8	26	26	1	84
2406	5	8	27	27	1	86
2407	5	8	28	28	1	88
2408	5	8	29	29	262	89
2409	5	8	30	30	262	91
2410	5	8	31	31	262	93
2411	5	9	0	0	1	57
2412	5	9	1	1	1	57
2413	5	9	2	2	1	57
2414	5	9	3	3	1	57
2415	5	9	4	4	1	57
2416	5	9	5	5	1	57
2417	5	9	6	6	1	57
2418	5	9	7	7	1	57
2419	5	9	8	8	1	59
2420	5	9	9	9	262	60
2421	5	9	10	10	1	61
2422	5	9	11	11	1	63
2423	5	9	12	12	262	64
2424	5	9	13	13	1	65
2425	5	9	14	14	1	67
2426	5	9	15	15	262	68
2427	5	9	16	16	1	69
2428	5	9	17	17	1	71
2429	5	9	18	18	1	73
2430	5	9	19	19	262	74
2431	5	9	20	20	262	76
2432	5	9	21	21	1	77
2433	5	9	22	22	1	79
2434	5	9	23	23	1	81
2435	5	9	24	24	262	82
2436	5	9	25	25	262	84
2437	5	9	26	26	1	85
2438	5	9	27	27	1	87
2439	5	9	28	28	1	89
2440	5	9	29	29	262	90
2441	5	9	30	30	262	92
2442	5	10	0	0	1	58
2443	5	10	1	1	1	58
2444	5	10	2	2	1	58
2445	5	10	3	3	1	58
2446	5	10	4	4	1	58
2447	5	10	5	5	1	58
2448	5	10	6	6	1	58
2449	5	10	7	7	1	58
2450	5	10	8	8	1	60
2451	5	10	9	9	262	61
2452	5	10	10	10	1	62
2453	5	10	11	11	1	64
2454	5	10	12	12	262	65
2455	5	10	13	13	1	66
2456	5	10	14	14	1	68
2457	5	10	15	15	262	69
2458	5	10	16	16	1	70
2459	5	10	17	17	1	72
2460	5	10	18	18	1	74
2461	5	10	19	19	262	75
2462	5	10	20	20	262	77
2463	5	10	21	21	1	78
2464	5	10	22	22	1	80
2465	5	10	23	23	1	82
2466	5	10	24	24	262	83
2467	5	10	25	25	262	85
2468	5	10	26	26	1	86
2469	5	10	27	27	1	88
2470	5	10	28	28	1	90
2471	5	10	29	29	262	91
2472	5	11	0	0	1	59
2473	5	11	1	1	1	59
2474	5	11	2	2	1	59
2475	5	11	3	3	1	59
2476	5	11	4	4	1	59
2477	5	11	5	5	1	59
2478	5	11	6	6	1	59
2479	5	11	7	7	1	59
2480	5	11	8	8	1	61
2481	5	11	9	9	262	62
2482	5	11	10	10	1	63
2483	5	11	11	11	1	65
2484	5	11	12	12	262	66
2485	5	11	13	13	1	67
2486	5	11	14	14	1	69
2487	5	11	15	15	262	70
2488	5	11	16	16	1	71
2489	5	11	17	17	1	73
2490	5	11	18	18	1	75
2491	5	11	19	19	262	76
2492	5	11	20	20	262	78
2493	5	11	21	21	1	79
2494	5	11	22	22	1	81
2495	5	11	23	23	1	83
2496	5	11	24	24	262	84
2497	5	11	25	25	262	86
2498	5	11	26	26	1	87
2499	5	11	27	27	1	89
2500	5	11	28	28	1	91
2501	5	12	0	0	1	60
2502	5	12	1	1	1	60
2503	5	12	2	2	1	60
2504	5	12	3	3	1	60
2505	5	12	4	4	1	60
2506	5	12	5	5	1	60
2507	5	12	6	6	1	60
2508	5	12	7	7	1	60
2509	5	12	8	8	1	62
2510	5	12	9	9	262	63
2511	5	12	10	10	1	64
2512	5	12	11	11	1	66
2513	5	12	12	12	262	67
2514	5	12	13	13	1	68
2515	5	12	14	14	1	70
2516	5	12	15	15	262	71
2517	5	12	16	16	1	72
2518	5	12	17	17	1	74
2519	5	12	18	18	1	76
2520	5	12	19	19	262	77
2521	5	12	20	20	262	79
2522	5	12	21	21	1	80
2523	5	12	22	22	1	82
2524	5	12	23	23	1	84
2525	5	12	24	24	262	85
2526	5	12	25	25	262	87
2527	5	12	26	26	1	88
2528	5	12	27	27	1	90
2529	5	13	0	0	1	61
2530	5	13	1	1	1	61
2531	5	13	2	2	1	61
2532	5	13	3	3	1	61
2533	5	13	4	4	1	61
2534	5	13	5	5	1	61
2535	5	13	6	6	1	61
2536	5	13	7	7	1	61
2537	5	13	8	8	1	63
2538	5	13	9	9	262	64
2539	5	13	10	10	1	65
2540	5	13	11	11	1	67
2541	5	13	12	12	262	68
2542	5	13	13	13	1	69
2543	5	13	14	14	1	71
2544	5	13	15	15	262	72
2545	5	13	16	16	1	73
2546	5	13	17	17	1	75
2547	5	13	18	18	1	77
2548	5	13	19	19	262	78
2549	5	13	20	20	262	80
2550	5	13	21	21	1	81
2551	5	13	22	22	1	83
2552	5	13	23	23	1	85
2553	5	13	24	24	262	86
2554	5	13	25	25	262	88
2555	5	13	26	26	1	89
2556	5	14	0	0	1	62
2557	5	14	1	1	1	62
2558	5	14	2	2	1	62
2559	5	14	3	3	1	62
2560	5	14	4	4	1	62
2561	5	14	5	5	1	62
2562	5	14	6	6	1	62
2563	5	14	7	7	1	62
2564	5	14	8	8	1	64
2565	5	14	9	9	262	65
2566	5	14	10	10	1	66
2567	5	14	11	11	1	68
2568	5	14	12	12	262	69
2569	5	14	13	13	1	70
2570	5	14	14	14	1	72
2571	5	14	15	15	262	73
2572	5	14	16	16	1	74
2573	5	14	17	17	1	76
2574	5	14	18	18	1	78
2575	5	14	19	19	262	79
2576	5	14	20	20	262	81
2577	5	14	21	21	1	82
2578	5	14	22	22	1	84
2579	5	14	23	23	1	86
2580	5	14	24	24	262	87
2581	5	14	25	25	262	89
2582	5	15	0	0	1	63
2583	5	15	1	1	1	63
2584	5	15	2	2	1	63
2585	5	15	3	3	1	63
2586	5	15	4	4	1	63
2587	5	15	5	5	1	63
2588	5	15	6	6	1	63
2589	5	15	7	7	1	63
2590	5	15	8	8	1	65
2591	5	15	9	9	262	66
2592	5	15	10	10	1	67
2593	5	15	11	11	1	69
2594	5	15	12	12	262	70
2595	5	15	13	13	1	71
2596	5	15	14	14	1	73
2597	5	15	15	15	262	74
2598	5	15	16	16	1	75
2599	5	15	17	17	1	77
2600	5	15	18	18	1	79
2601	5	15	19	19	262	80
2602	5	15	20	20	262	82
2603	5	15	21	21	1	83
2604	5	15	22	22	1	85
2605	5	15	23	23	1	87
2606	5	15	24	24	262	88
2607	5	16	0	0	1	64
2608	5	16	1	1	1	64
2609	5	16	2	2	1	64
2610	5	16	3	3	1	64
2611	5	16	4	4	1	64
2612	5	16	5	5	1	64
2613	5	16	6	6	1	64
2614	5	16	7	7	1	64
2615	5	16	8	8	1	66
2616	5	16	9	9	262	67
2617	5	16	10	10	1	68
2618	5	16	11	11	1	70
2619	5	16	12	12	262	71
2620	5	16	13	13	1	72
2621	5	16	14	14	1	74
2622	5	16	15	15	262	75
2623	5	16	16	16	1	76
2624	5	16	17	17	1	78
2625	5	16	18	18	1	80
2626	5	16	19	19	262	81
2627	5	16	20	20	262	83
2628	5	16	21	21	1	84
2629	5	16	22	22	1	86
2630	5	16	23	23	1	88
2631	5	17	0	0	1	65
2632	5	17	1	1	1	65
2633	5	17	2	2	1	65
2634	5	17	3	3	1	65
2635	5	17	4	4	1	65
2636	5	17	5	5	1	65
2637	5	17	6	6	1	65
2638	5	17	7	7	1	65
2639	5	17	8	8	1	67
2640	5	17	9	9	262	68
2641	5	17	10	10	1	69
2642	5	17	11	11	1	71
2643	5	17	12	12	262	72
2644	5	17	13	13	1	73
2645	5	17	14	14	1	75
2646	5	17	15	15	262	76
2647	5	17	16	16	1	77
2648	5	17	17	17	1	79
2649	5	17	18	18	1	81
2650	5	17	19	19	262	82
2651	5	17	20	20	262	84
2652	5	17	21	21	1	85
2653	5	17	22	22	1	87
2654	5	18	0	0	1	66
2655	5	18	1	1	1	66
2656	5	18	2	2	1	66
2657	5	18	3	3	1	66
2658	5	18	4	4	1	66
2659	5	18	5	5	1	66
2660	5	18	6	6	1	66
2661	5	18	7	7	1	66
2662	5	18	8	8	1	68
2663	5	18	9	9	262	69
2664	5	18	10	10	1	70
2665	5	18	11	11	1	72
2666	5	18	12	12	262	73
2667	5	18	13	13	1	74
2668	5	18	14	14	1	76
2669	5	18	15	15	262	77
2670	5	18	16	16	1	78
2671	5	18	17	17	1	80
2672	5	18	18	18	1	82
2673	5	18	19	19	262	83
2674	5	18	20	20	262	85
2675	5	18	21	21	1	86
2676	5	19	0	0	1	67
2677	5	19	1	1	1	67
2678	5	19	2	2	1	67
2679	5	19	3	3	1	67
2680	5	19	4	4	1	67
2681	5	19	5	5	1	67
2682	5	19	6	6	1	67
2683	5	19	7	7	1	67
2684	5	19	8	8	1	69
2685	5	19	9	9	262	70
2686	5	19	10	10	1	71
2687	5	19	11	11	1	73
2688	5	19	12	12	262	74
2689	5	19	13	13	1	75
2690	5	19	14	14	1	77
2691	5	19	15	15	262	78
2692	5	19	16	16	1	79
2693	5	19	17	17	1	81
2694	5	19	18	18	1	83
2695	5	19	19	19	262	84
2696	5	19	20	20	262	86
2697	5	20	0	0	1	68
2698	5	20	1	1	1	68
2699	5	20	2	2	1	68
2700	5	20	3	3	1	68
2701	5	20	4	4	1	68
2702	5	20	5	5	1	68
2703	5	20	6	6	1	68
2704	5	20	7	7	1	68
2705	5	20	8	8	1	70
2706	5	20	9	9	262	71
2707	5	20	10	10	1	72
2708	5	20	11	11	1	74
2709	5	20	12	12	262	75
2710	5	20	13	13	1	76
2711	5	20	14	14	1	78
2712	5	20	15	15	262	79
2713	5	20	16	16	1	80
2714	5	20	17	17	1	82
2715	5	20	18	18	1	84
2716	5	20	19	19	262	85
2717	5	21	0	0	1	69
2718	5	21	1	1	1	69
2719	5	21	2	2	1	69
2720	5	21	3	3	1	69
2721	5	21	4	4	1	69
2722	5	21	5	5	1	69
2723	5	21	6	6	1	69
2724	5	21	7	7	1	69
2725	5	21	8	8	1	71
2726	5	21	9	9	262	72
2727	5	21	10	10	1	73
2728	5	21	11	11	1	75
2729	5	21	12	12	262	76
2730	5	21	13	13	1	77
2731	5	21	14	14	1	79
2732	5	21	15	15	262	80
2733	5	21	16	16	1	81
2734	5	21	17	17	1	83
2735	5	21	18	18	1	85
2736	5	22	0	0	1	70
2737	5	22	1	1	1	70
2738	5	22	2	2	1	70
2739	5	22	3	3	1	70
2740	5	22	4	4	1	70
2741	5	22	5	5	1	70
2742	5	22	6	6	1	70
2743	5	22	7	7	1	70
2744	5	22	8	8	1	72
2745	5	22	9	9	262	73
2746	5	22	10	10	1	74
2747	5	22	11	11	1	76
2748	5	22	12	12	262	77
2749	5	22	13	13	1	78
2750	5	22	14	14	1	80
2751	5	22	15	15	262	81
2752	5	22	16	16	1	82
2753	5	22	17	17	1	84
2754	5	23	0	0	1	71
2755	5	23	1	1	1	71
2756	5	23	2	2	1	71
2757	5	23	3	3	1	71
2758	5	23	4	4	1	71
2759	5	23	5	5	1	71
2760	5	23	6	6	1	71
2761	5	23	7	7	1	71
2762	5	23	8	8	1	73
2763	5	23	9	9	262	74
2764	5	23	10	10	1	75
2765	5	23	11	11	1	77
2766	5	23	12	12	262	78
2767	5	23	13	13	1	79
2768	5	23	14	14	1	81
2769	5	23	15	15	262	82
2770	5	23	16	16	1	83
2771	5	24	0	0	1	72
2772	5	24	1	1	1	72
2773	5	24	2	2	1	72
2774	5	24	3	3	1	72
2775	5	24	4	4	1	72
2776	5	24	5	5	1	72
2777	5	24	6	6	1	72
2778	5	24	7	7	1	72
2779	5	24	8	8	1	74
2780	5	24	9	9	262	75
2781	5	24	10	10	1	76
2782	5	24	11	11	1	78
2783	5	24	12	12	262	79
2784	5	24	13	13	1	80
2785	5	24	14	14	1	82
2786	5	24	15	15	262	83
2787	5	25	0	0	1	73
2788	5	25	1	1	1	73
2789	5	25	2	2	1	73
2790	5	25	3	3	1	73
2791	5	25	4	4	1	73
2792	5	25	5	5	1	73
2793	5	25	6	6	1	73
2794	5	25	7	7	1	73
2795	5	25	8	8	1	75
2796	5	25	9	9	262	76
2797	5	25	10	10	1	77
2798	5	25	11	11	1	79
2799	5	25	12	12	262	80
2800	5	25	13	13	1	81
2801	5	25	14	14	1	83
2802	5	26	0	0	1	74
2803	5	26	1	1	1	74
2804	5	26	2	2	1	74
2805	5	26	3	3	1	74
2806	5	26	4	4	1	74
2807	5	26	5	5	1	74
2808	5	26	6	6	1	74
2809	5	26	7	7	1	74
2810	5	26	8	8	1	76
2811	5	26	9	9	262	77
2812	5	26	10	10	1	78
2813	5	26	11	11	1	80
2814	5	26	12	12	262	81
2815	5	26	13	13	1	82
2816	5	27	0	0	1	75
2817	5	27	1	1	1	75
2818	5	27	2	2	1	75
2819	5	27	3	3	1	75
2820	5	27	4	4	1	75
2821	5	27	5	5	1	75
2822	5	27	6	6	1	75
2823	5	27	7	7	1	75
2824	5	27	8	8	1	77
2825	5	27	9	9	262	78
2826	5	27	10	10	1	79
2827	5	27	11	11	1	81
2828	5	27	12	12	262	82
2829	5	28	0	0	1	76
2830	5	28	1	1	1	76
2831	5	28	2	2	1	76
2832	5	28	3	3	1	76
2833	5	28	4	4	1	76
2834	5	28	5	5	1	76
2835	5	28	6	6	1	76
2836	5	28	7	7	1	76
2837	5	28	8	8	1	78
2838	5	28	9	9	262	79
2839	5	28	10	10	1	80
2840	5	28	11	11	1	82
2841	5	29	0	0	1	77
2842	5	29	1	1	1	77
2843	5	29	2	2	1	77
2844	5	29	3	3	1	77
2845	5	29	4	4	1	77
2846	5	29	5	5	1	77
2847	5	29	6	6	1	77
2848	5	29	7	7	1	77
2849	5	29	8	8	1	79
2850	5	29	9	9	262	80
2851	5	29	10	10	1	81
2852	5	30	0	0	1	78
2853	5	30	1	1	1	78
2854	5	30	2	2	1	78
2855	5	30	3	3	1	78
2856	5	30	4	4	1	78
2857	5	30	5	5	1	78
2858	5	30	6	6	1	78
2859	5	30	7	7	1	78
2860	5	30	8	8	1	80
2861	5	30	9	9	262	81
2862	5	31	0	0	1	79
2863	5	31	1	1	1	79
2864	5	31	2	2	1	79
2865	5	31	3	3	1	79
2866	5	31	4	4	1	79
2867	5	31	5	5	1	79
2868	5	31	6	6	1	79
2869	5	31	7	7	1	79
2870	5	31	8	8	1	81
2871	5	32	0	0	1	80
2872	5	32	1	1	1	80
2873	5	32	2	2	1	80
2874	5	32	3	3	1	80
2875	5	32	4	4	1	80
2876	5	32	5	5	1	80
2877	5	32	6	6	1	80
2878	5	32	7	7	1	80
2879	5	33	0	0	1	81
2880	5	33	1	1	1	81
2881	5	33	2	2	1	81
2882	5	33	3	3	1	81
2883	5	33	4	4	1	81
2884	5	33	5	5	1	81
2885	5	33	6	6	1	81
2886	5	34	0	0	1	82
2887	5	34	1	1	1	82
2888	5	34	2	2	1	82
2889	5	34	3	3	1	82
2890	5	34	4	4	1	82
2891	5	34	5	5	1	82
2892	5	35	0	0	1	83
2893	5	35	1	1	1	83
2894	5	35	2	2	1	83
2895	5	35	3	3	1	83
2896	5	35	4	4	1	83
2897	5	36	0	0	1	84
2898	5	36	1	1	1	84
2899	5	36	2	2	1	84
2900	5	36	3	3	1	84
2901	5	37	0	0	1	85
2902	5	37	1	1	1	85
2903	5	37	2	2	1	85
2904	5	38	0	0	1	86
2905	5	38	1	1	1	86
2906	5	39	0	0	1	87
2907	6	0	0	40	25	100
2908	6	0	1	41	25	102
2909	6	0	2	42	25	104
2910	6	0	3	43	25	106
2911	6	0	4	44	238	107
2912	6	0	5	45	238	109
2913	6	0	6	46	238	111
2914	6	0	7	47	238	113
2915	6	0	8	48	25	114
2916	6	0	9	49	25	116
2917	6	0	10	50	25	118
2918	6	0	11	51	25	120
2919	6	0	12	52	25	122
2920	6	0	13	53	238	123
2921	6	0	14	54	238	125
2922	6	0	15	55	238	127
2923	6	0	16	56	238	129
2924	6	0	17	57	25	130
2925	6	0	18	58	25	132
2926	6	0	19	59	25	134
2927	6	0	20	60	25	136
2928	6	0	21	61	25	138
2929	6	0	22	62	238	139
2930	6	0	23	63	238	141
2931	6	0	24	64	238	143
2932	6	0	25	65	238	145
2933	6	0	26	66	25	146
2934	6	0	27	67	25	148
2935	6	0	28	68	25	150
2936	6	0	29	69	25	152
2937	6	0	30	70	25	154
2938	6	0	31	71	238	155
2939	6	0	32	72	238	157
2940	6	0	33	73	238	159
2941	6	1	0	39	119	99
2942	6	1	1	40	119	101
2943	6	1	2	41	119	103
2944	6	1	3	42	119	105
2945	6	1	4	43	119	107
2946	6	1	5	44	144	108
2947	6	1	6	45	144	110
2948	6	1	7	46	144	112
2949	6	1	8	47	144	114
2950	6	1	9	48	119	115
2951	6	1	10	49	119	117
2952	6	1	11	50	119	119
2953	6	1	12	51	119	121
2954	6	1	13	52	119	123
2955	6	1	14	53	144	124
2956	6	1	15	54	144	126
2957	6	1	16	55	144	128
2958	6	1	17	56	144	130
2959	6	1	18	57	119	131
2960	6	1	19	58	119	133
2961	6	1	20	59	119	135
2962	6	1	21	60	119	137
2963	6	1	22	61	119	139
2964	6	1	23	62	144	140
2965	6	1	24	63	144	142
2966	6	1	25	64	144	144
2967	6	1	26	65	144	146
2968	6	1	27	66	119	147
2969	6	1	28	67	119	149
2970	6	1	29	68	119	151
2971	6	1	30	69	119	153
2972	6	1	31	70	119	155
2973	6	1	32	71	144	156
2974	6	2	0	38	191	99
2975	6	2	1	39	72	100
2976	6	2	2	40	72	102
2977	6	2	3	41	72	104
2978	6	2	4	42	72	106
2979	6	2	5	43	72	108
2980	6	2	6	44	191	109
2981	6	2	7	45	191	111
2982	6	2	8	46	191	113
2983	6	2	9	47	191	115
2984	6	2	10	48	72	116
2985	6	2	11	49	72	118
2986	6	2	12	50	72	120
2987	6	2	13	51	72	122
2988	6	2	14	52	72	124
2989	6	2	15	53	191	125
2990	6	2	16	54	191	127
2991	6	2	17	55	191	129
2992	6	2	18	56	191	131
2993	6	2	19	57	72	132
2994	6	2	20	58	72	134
2995	6	2	21	59	72	136
2996	6	2	22	60	72	138
2997	6	2	23	61	72	140
2998	6	2	24	62	191	141
2999	6	2	25	63	191	143
3000	6	2	26	64	191	145
3001	6	2	27	65	191	147
3002	6	2	28	66	72	148
3003	6	2	29	67	72	150
3004	6	2	30	68	72	152
3005	6	2	31	69	72	154
3006	6	3	0	37	36	98
3007	6	3	1	38	36	100
3008	6	3	2	39	227	101
3009	6	3	3	40	227	103
3010	6	3	4	41	227	105
3011	6	3	5	42	227	107
3012	6	3	6	43	227	109
3013	6	3	7	44	36	110
3014	6	3	8	45	36	112
3015	6	3	9	46	36	114
3016	6	3	10	47	36	116
3017	6	3	11	48	227	117
3018	6	3	12	49	227	119
3019	6	3	13	50	227	121
3020	6	3	14	51	227	123
3021	6	3	15	52	227	125
3022	6	3	16	53	36	126
3023	6	3	17	54	36	128
3024	6	3	18	55	36	130
3025	6	3	19	56	36	132
3026	6	3	20	57	227	133
3027	6	3	21	58	227	135
3028	6	3	22	59	227	137
3029	6	3	23	60	227	139
3030	6	3	24	61	227	141
3031	6	3	25	62	36	142
3032	6	3	26	63	36	144
3033	6	3	27	64	36	146
3034	6	3	28	65	36	148
3035	6	3	29	66	227	149
3036	6	3	30	67	227	151
3037	6	4	0	36	245	97
3038	6	4	1	37	245	99
3039	6	4	2	38	245	101
3040	6	4	3	39	18	102
3041	6	4	4	40	18	104
3042	6	4	5	41	18	106
3043	6	4	6	42	18	108
3044	6	4	7	43	18	110
3045	6	4	8	44	245	111
3046	6	4	9	45	245	113
3047	6	4	10	46	245	115
3048	6	4	11	47	245	117
3049	6	4	12	48	18	118
3050	6	4	13	49	18	120
3051	6	4	14	50	18	122
3052	6	4	15	51	18	124
3053	6	4	16	52	18	126
3054	6	4	17	53	245	127
3055	6	4	18	54	245	129
3056	6	4	19	55	245	131
3057	6	4	20	56	245	133
3058	6	4	21	57	18	134
3059	6	4	22	58	18	136
3060	6	4	23	59	18	138
3061	6	4	24	60	18	140
3062	6	4	25	61	18	142
3063	6	4	26	62	245	143
3064	6	4	27	63	245	145
3065	6	4	28	64	245	147
3066	6	4	29	65	245	149
3067	6	5	0	35	254	97
3068	6	5	1	36	9	98
3069	6	5	2	37	9	100
3070	6	5	3	38	9	102
3071	6	5	4	39	254	103
3072	6	5	5	40	254	105
3073	6	5	6	41	254	107
3074	6	5	7	42	254	109
3075	6	5	8	43	254	111
3076	6	5	9	44	9	112
3077	6	5	10	45	9	114
3078	6	5	11	46	9	116
3079	6	5	12	47	9	118
3080	6	5	13	48	254	119
3081	6	5	14	49	254	121
3082	6	5	15	50	254	123
3083	6	5	16	51	254	125
3084	6	5	17	52	254	127
3085	6	5	18	53	9	128
3086	6	5	19	54	9	130
3087	6	5	20	55	9	132
3088	6	5	21	56	9	134
3089	6	5	22	57	254	135
3090	6	5	23	58	254	137
3091	6	5	24	59	254	139
3092	6	5	25	60	254	141
3093	6	5	26	61	254	143
3094	6	5	27	62	9	144
3095	6	5	28	63	9	146
3096	6	6	0	34	136	96
3097	6	6	1	35	136	98
3098	6	6	2	36	127	99
3099	6	6	3	37	127	101
3100	6	6	4	38	127	103
3101	6	6	5	39	136	104
3102	6	6	6	40	136	106
3103	6	6	7	41	136	108
3104	6	6	8	42	136	110
3105	6	6	9	43	136	112
3106	6	6	10	44	127	113
3107	6	6	11	45	127	115
3108	6	6	12	46	127	117
3109	6	6	13	47	127	119
3110	6	6	14	48	136	120
3111	6	6	15	49	136	122
3112	6	6	16	50	136	124
3113	6	6	17	51	136	126
3114	6	6	18	52	136	128
3115	6	6	19	53	127	129
3116	6	6	20	54	127	131
3117	6	6	21	55	127	133
3118	6	6	22	56	127	135
3119	6	6	23	57	136	136
3120	6	6	24	58	136	138
3121	6	6	25	59	136	140
3122	6	6	26	60	136	142
3123	6	6	27	61	136	144
3124	6	7	0	33	195	95
3125	6	7	1	34	195	97
3126	6	7	2	35	195	99
3127	6	7	3	36	68	100
3128	6	7	4	37	68	102
3129	6	7	5	38	68	104
3130	6	7	6	39	195	105
3131	6	7	7	40	195	107
3132	6	7	8	41	195	109
3133	6	7	9	42	195	111
3134	6	7	10	43	195	113
3135	6	7	11	44	68	114
3136	6	7	12	45	68	116
3137	6	7	13	46	68	118
3138	6	7	14	47	68	120
3139	6	7	15	48	195	121
3140	6	7	16	49	195	123
3141	6	7	17	50	195	125
3142	6	7	18	51	195	127
3143	6	7	19	52	195	129
3144	6	7	20	53	68	130
3145	6	7	21	54	68	132
3146	6	7	22	55	68	134
3147	6	7	23	56	68	136
3148	6	7	24	57	195	137
3149	6	7	25	58	195	139
3150	6	7	26	59	195	141
3151	6	8	0	32	34	94
3152	6	8	1	33	34	96
3153	6	8	2	34	34	98
3154	6	8	3	35	34	100
3155	6	8	4	36	229	101
3156	6	8	5	37	229	103
3157	6	8	6	38	229	105
3158	6	8	7	39	34	106
3159	6	8	8	40	34	108
3160	6	8	9	41	34	110
3161	6	8	10	42	34	112
3162	6	8	11	43	34	114
3163	6	8	12	44	229	115
3164	6	8	13	45	229	117
3165	6	8	14	46	229	119
3166	6	8	15	47	229	121
3167	6	8	16	48	34	122
3168	6	8	17	49	34	124
3169	6	8	18	50	34	126
3170	6	8	19	51	34	128
3171	6	8	20	52	34	130
3172	6	8	21	53	229	131
3173	6	8	22	54	229	133
3174	6	8	23	55	229	135
3175	6	8	24	56	229	137
3176	6	8	25	57	34	138
3177	6	9	0	31	17	94
3178	6	9	1	32	246	95
3179	6	9	2	33	246	97
3180	6	9	3	34	246	99
3181	6	9	4	35	246	101
3182	6	9	5	36	17	102
3183	6	9	6	37	17	104
3184	6	9	7	38	17	106
3185	6	9	8	39	246	107
3186	6	9	9	40	246	109
3187	6	9	10	41	246	111
3188	6	9	11	42	246	113
3189	6	9	12	43	246	115
3190	6	9	13	44	17	116
3191	6	9	14	45	17	118
3192	6	9	15	46	17	120
3193	6	9	16	47	17	122
3194	6	9	17	48	246	123
3195	6	9	18	49	246	125
3196	6	9	19	50	246	127
3197	6	9	20	51	246	129
3198	6	9	21	52	246	131
3199	6	9	22	53	17	132
3200	6	9	23	54	17	134
3201	6	9	24	55	17	136
3202	6	10	0	30	123	93
3203	6	10	1	31	123	95
3204	6	10	2	32	140	96
3205	6	10	3	33	140	98
3206	6	10	4	34	140	100
3207	6	10	5	35	140	102
3208	6	10	6	36	123	103
3209	6	10	7	37	123	105
3210	6	10	8	38	123	107
3211	6	10	9	39	140	108
3212	6	10	10	40	140	110
3213	6	10	11	41	140	112
3214	6	10	12	42	140	114
3215	6	10	13	43	140	116
3216	6	10	14	44	123	117
3217	6	10	15	45	123	119
3218	6	10	16	46	123	121
3219	6	10	17	47	123	123
3220	6	10	18	48	140	124
3221	6	10	19	49	140	126
3222	6	10	20	50	140	128
3223	6	10	21	51	140	130
3224	6	10	22	52	140	132
3225	6	10	23	53	123	133
3226	6	11	0	29	70	92
3227	6	11	1	30	70	94
3228	6	11	2	31	70	96
3229	6	11	3	32	193	97
3230	6	11	4	33	193	99
3231	6	11	5	34	193	101
3232	6	11	6	35	193	103
3233	6	11	7	36	70	104
3234	6	11	8	37	70	106
3235	6	11	9	38	70	108
3236	6	11	10	39	193	109
3237	6	11	11	40	193	111
3238	6	11	12	41	193	113
3239	6	11	13	42	193	115
3240	6	11	14	43	193	117
3241	6	11	15	44	70	118
3242	6	11	16	45	70	120
3243	6	11	17	46	70	122
3244	6	11	18	47	70	124
3245	6	11	19	48	193	125
3246	6	11	20	49	193	127
3247	6	11	21	50	193	129
3248	6	11	22	51	193	131
3249	6	12	0	28	35	92
3250	6	12	1	29	228	93
3251	6	12	2	30	228	95
3252	6	12	3	31	228	97
3253	6	12	4	32	35	98
3254	6	12	5	33	35	100
3255	6	12	6	34	35	102
3256	6	12	7	35	35	104
3257	6	12	8	36	228	105
3258	6	12	9	37	228	107
3259	6	12	10	38	228	109
3260	6	12	11	39	35	110
3261	6	12	12	40	35	112
3262	6	12	13	41	35	114
3263	6	12	14	42	35	116
3264	6	12	15	43	35	118
3265	6	12	16	44	228	119
3266	6	12	17	45	228	121
3267	6	12	18	46	228	123
3268	6	12	19	47	228	125
3269	6	12	20	48	35	126
3270	6	12	21	49	35	128
3271	6	13	0	27	114	91
3272	6	13	1	28	114	93
3273	6	13	2	29	149	94
3274	6	13	3	30	149	96
3275	6	13	4	31	149	98
3276	6	13	5	32	114	99
3277	6	13	6	33	114	101
3278	6	13	7	34	114	103
3279	6	13	8	35	114	105
3280	6	13	9	36	149	106
3281	6	13	10	37	149	108
3282	6	13	11	38	149	110
3283	6	13	12	39	114	111
3284	6	13	13	40	114	113
3285	6	13	14	41	114	115
3286	6	13	15	42	114	117
3287	6	13	16	43	114	119
3288	6	13	17	44	149	120
3289	6	13	18	45	149	122
3290	6	13	19	46	149	124
3291	6	13	20	47	149	126
3292	6	14	0	26	206	90
3293	6	14	1	27	206	92
3294	6	14	2	28	206	94
3295	6	14	3	29	57	95
3296	6	14	4	30	57	97
3297	6	14	5	31	57	99
3298	6	14	6	32	206	100
3299	6	14	7	33	206	102
3300	6	14	8	34	206	104
3301	6	14	9	35	206	106
3302	6	14	10	36	57	107
3303	6	14	11	37	57	109
3304	6	14	12	38	57	111
3305	6	14	13	39	206	112
3306	6	14	14	40	206	114
3307	6	14	15	41	206	116
3308	6	14	16	42	206	118
3309	6	14	17	43	206	120
3310	6	14	18	44	57	121
3311	6	14	19	45	57	123
3312	6	15	0	25	103	90
3313	6	15	1	26	160	91
3314	6	15	2	27	160	93
3315	6	15	3	28	160	95
3316	6	15	4	29	103	96
3317	6	15	5	30	103	98
3318	6	15	6	31	103	100
3319	6	15	7	32	160	101
3320	6	15	8	33	160	103
3321	6	15	9	34	160	105
3322	6	15	10	35	160	107
3323	6	15	11	36	103	108
3324	6	15	12	37	103	110
3325	6	15	13	38	103	112
3326	6	15	14	39	160	113
3327	6	15	15	40	160	115
3328	6	15	16	41	160	117
3329	6	15	17	42	160	119
3330	6	15	18	43	160	121
3331	6	16	0	24	80	89
3332	6	16	1	25	80	91
3333	6	16	2	26	183	92
3334	6	16	3	27	183	94
3335	6	16	4	28	183	96
3336	6	16	5	29	80	97
3337	6	16	6	30	80	99
3338	6	16	7	31	80	101
3339	6	16	8	32	183	102
3340	6	16	9	33	183	104
3341	6	16	10	34	183	106
3342	6	16	11	35	183	108
3343	6	16	12	36	80	109
3344	6	16	13	37	80	111
3345	6	16	14	38	80	113
3346	6	16	15	39	183	114
3347	6	16	16	40	183	116
3348	6	16	17	41	183	118
3349	6	17	0	23	40	89
3350	6	17	1	24	223	90
3351	6	17	2	25	223	92
3352	6	17	3	26	40	93
3353	6	17	4	27	40	95
3354	6	17	5	28	40	97
3355	6	17	6	29	223	98
3356	6	17	7	30	223	100
3357	6	17	8	31	223	102
3358	6	17	9	32	40	103
3359	6	17	10	33	40	105
3360	6	17	11	34	40	107
3361	6	17	12	35	40	109
3362	6	17	13	36	223	110
3363	6	17	14	37	223	112
3364	6	17	15	38	223	114
3365	6	17	16	39	40	115
3366	6	18	0	22	243	88
3367	6	18	1	23	243	90
3368	6	18	2	24	20	91
3369	6	18	3	25	20	93
3370	6	18	4	26	243	94
3371	6	18	5	27	243	96
3372	6	18	6	28	243	98
3373	6	18	7	29	20	99
3374	6	18	8	30	20	101
3375	6	18	9	31	20	103
3376	6	18	10	32	243	104
3377	6	18	11	33	243	106
3378	6	18	12	34	243	108
3379	6	18	13	35	243	110
3380	6	18	14	36	20	111
3381	6	18	15	37	20	113
3382	6	19	0	21	10	87
3383	6	19	1	22	10	89
3384	6	19	2	23	10	91
3385	6	19	3	24	253	92
3386	6	19	4	25	253	94
3387	6	19	5	26	10	95
3388	6	19	6	27	10	97
3389	6	19	7	28	10	99
3390	6	19	8	29	253	100
3391	6	19	9	30	253	102
3392	6	19	10	31	253	104
3393	6	19	11	32	10	105
3394	6	19	12	33	10	107
3395	6	19	13	34	10	109
3396	6	19	14	35	10	111
3397	6	20	0	20	5	87
3398	6	20	1	21	258	88
3399	6	20	2	22	258	90
3400	6	20	3	23	258	92
3401	6	20	4	24	5	93
3402	6	20	5	25	5	95
3403	6	20	6	26	258	96
3404	6	20	7	27	258	98
3405	6	20	8	28	258	100
3406	6	20	9	29	5	101
3407	6	20	10	30	5	103
3408	6	20	11	31	5	105
3409	6	20	12	32	258	106
3410	6	20	13	33	258	108
3411	6	21	0	19	129	86
3412	6	21	1	20	129	88
3413	6	21	2	21	134	89
3414	6	21	3	22	134	91
3415	6	21	4	23	134	93
3416	6	21	5	24	129	94
3417	6	21	6	25	129	96
3418	6	21	7	26	134	97
3419	6	21	8	27	134	99
3420	6	21	9	28	134	101
3421	6	21	10	29	129	102
3422	6	21	11	30	129	104
3423	6	21	12	31	129	106
3424	6	22	0	18	196	86
3425	6	22	1	19	67	87
3426	6	22	2	20	67	89
3427	6	22	3	21	196	90
3428	6	22	4	22	196	92
3429	6	22	5	23	196	94
3430	6	22	6	24	67	95
3431	6	22	7	25	67	97
3432	6	22	8	26	196	98
3433	6	22	9	27	196	100
3434	6	22	10	28	196	102
3435	6	22	11	29	67	103
3436	6	23	0	17	165	85
3437	6	23	1	18	165	87
3438	6	23	2	19	98	88
3439	6	23	3	20	98	90
3440	6	23	4	21	165	91
3441	6	23	5	22	165	93
3442	6	23	6	23	165	95
3443	6	23	7	24	98	96
3444	6	23	8	25	98	98
3445	6	23	9	26	165	99
3446	6	23	10	27	165	101
3447	6	24	0	16	49	84
3448	6	24	1	17	49	86
3449	6	24	2	18	49	88
3450	6	24	3	19	214	89
3451	6	24	4	20	214	91
3452	6	24	5	21	49	92
3453	6	24	6	22	49	94
3454	6	24	7	23	49	96
3455	6	24	8	24	214	97
3456	6	24	9	25	214	99
3457	6	25	0	15	156	84
3458	6	25	1	16	107	85
3459	6	25	2	17	107	87
3460	6	25	3	18	107	89
3461	6	25	4	19	156	90
3462	6	25	5	20	156	92
3463	6	25	6	21	107	93
3464	6	25	7	22	107	95
3465	6	25	8	23	107	97
3466	6	26	0	14	78	84
3467	6	26	1	15	185	85
3468	6	26	2	16	78	86
3469	6	26	3	17	78	88
3470	6	26	4	18	78	90
3471	6	26	5	19	185	91
3472	6	26	6	20	185	93
3473	6	26	7	21	78	94
3474	6	27	0	13	224	83
3475	6	27	1	14	224	85
3476	6	27	2	15	39	86
3477	6	27	3	16	224	87
3478	6	27	4	17	224	89
3479	6	27	5	18	224	91
3480	6	27	6	19	39	92
3481	6	28	0	12	112	83
3482	6	28	1	13	151	84
3483	6	28	2	14	151	86
3484	6	28	3	15	112	87
3485	6	28	4	16	151	88
3486	6	28	5	17	151	90
3487	6	29	0	11	56	83
3488	6	29	1	12	207	84
3489	6	29	2	13	56	85
3490	6	29	3	14	56	87
3491	6	29	4	15	207	88
3492	6	30	0	10	235	82
3493	6	30	1	11	235	84
3494	6	30	2	12	28	85
3495	6	30	3	13	235	86
3496	6	31	0	9	249	82
3497	6	31	1	10	14	83
3498	6	31	2	11	14	85
3499	6	32	0	8	256	82
3500	6	32	1	9	7	83
3501	6	33	0	7	135	81
3502	7	0	0	74	20	161
3503	7	0	1	75	243	162
3504	7	0	2	76	243	164
3505	7	0	3	77	243	166
3506	7	0	4	78	243	168
3507	7	0	5	79	243	170
3508	7	0	6	80	20	171
3509	7	0	7	81	20	173
3510	7	0	8	82	20	175
3511	7	0	9	83	20	177
3512	7	0	10	84	243	178
3513	7	0	11	85	243	180
3514	7	0	12	86	243	182
3515	7	0	13	87	243	184
3516	7	0	14	88	243	186
3517	7	0	15	89	20	187
3518	7	0	16	90	20	189
3519	7	0	17	91	20	191
3520	7	0	18	92	20	193
3521	7	0	19	93	243	194
3522	7	0	20	94	243	196
3523	7	0	21	95	243	198
3524	7	0	22	96	243	200
3525	7	0	23	97	243	202
3526	7	0	24	98	20	203
3527	7	0	25	99	20	205
3528	7	0	26	100	20	207
3529	7	0	27	101	20	209
3530	7	0	28	102	243	210
3531	7	1	0	72	220	158
3532	7	1	1	73	220	160
3533	7	1	2	74	220	162
3534	7	1	3	75	43	163
3535	7	1	4	76	43	165
3536	7	1	5	77	43	167
3537	7	1	6	78	43	169
3538	7	1	7	79	43	171
3539	7	1	8	80	220	172
3540	7	1	9	81	220	174
3541	7	1	10	82	220	176
3542	7	1	11	83	220	178
3543	7	1	12	84	43	179
3544	7	1	13	85	43	181
3545	7	1	14	86	43	183
3546	7	1	15	87	43	185
3547	7	1	16	88	43	187
3548	7	1	17	89	220	188
3549	7	1	18	90	220	190
3550	7	1	19	91	220	192
3551	7	1	20	92	220	194
3552	7	1	21	93	43	195
3553	7	1	22	94	43	197
3554	7	1	23	95	43	199
3555	7	1	24	96	43	201
3556	7	1	25	97	43	203
3557	7	1	26	98	220	204
3558	7	1	27	99	220	206
3559	7	2	0	70	210	156
3560	7	2	1	71	53	157
3561	7	2	2	72	53	159
3562	7	2	3	73	53	161
3563	7	2	4	74	53	163
3564	7	2	5	75	210	164
3565	7	2	6	76	210	166
3566	7	2	7	77	210	168
3567	7	2	8	78	210	170
3568	7	2	9	79	210	172
3569	7	2	10	80	53	173
3570	7	2	11	81	53	175
3571	7	2	12	82	53	177
3572	7	2	13	83	53	179
3573	7	2	14	84	210	180
3574	7	2	15	85	210	182
3575	7	2	16	86	210	184
3576	7	2	17	87	210	186
3577	7	2	18	88	210	188
3578	7	2	19	89	53	189
3579	7	2	20	90	53	191
3580	7	2	21	91	53	193
3581	7	2	22	92	53	195
3582	7	2	23	93	210	196
3583	7	2	24	94	210	198
3584	7	2	25	95	210	200
3585	7	2	26	96	210	202
3586	7	3	0	68	206	153
3587	7	3	1	69	206	155
3588	7	3	2	70	206	157
3589	7	3	3	71	57	158
3590	7	3	4	72	57	160
3591	7	3	5	73	57	162
3592	7	3	6	74	57	164
3593	7	3	7	75	206	165
3594	7	3	8	76	206	167
3595	7	3	9	77	206	169
3596	7	3	10	78	206	171
3597	7	3	11	79	206	173
3598	7	3	12	80	57	174
3599	7	3	13	81	57	176
3600	7	3	14	82	57	178
3601	7	3	15	83	57	180
3602	7	3	16	84	206	181
3603	7	3	17	85	206	183
3604	7	3	18	86	206	185
3605	7	3	19	87	206	187
3606	7	3	20	88	206	189
3607	7	3	21	89	57	190
3608	7	3	22	90	57	192
3609	7	3	23	91	57	194
3610	7	3	24	92	57	196
3611	7	3	25	93	206	197
3612	7	4	0	66	162	150
3613	7	4	1	67	162	152
3614	7	4	2	68	162	154
3615	7	4	3	69	162	156
3616	7	4	4	70	162	158
3617	7	4	5	71	101	159
3618	7	4	6	72	101	161
3619	7	4	7	73	101	163
3620	7	4	8	74	101	165
3621	7	4	9	75	162	166
3622	7	4	10	76	162	168
3623	7	4	11	77	162	170
3624	7	4	12	78	162	172
3625	7	4	13	79	162	174
3626	7	4	14	80	101	175
3627	7	4	15	81	101	177
3628	7	4	16	82	101	179
3629	7	4	17	83	101	181
3630	7	4	18	84	162	182
3631	7	4	19	85	162	184
3632	7	4	20	86	162	186
3633	7	4	21	87	162	188
3634	7	4	22	88	162	190
3635	7	4	23	89	101	191
3636	7	4	24	90	101	193
3637	7	5	0	64	59	148
3638	7	5	1	65	59	150
3639	7	5	2	66	204	151
3640	7	5	3	67	204	153
3641	7	5	4	68	204	155
3642	7	5	5	69	204	157
3643	7	5	6	70	204	159
3644	7	5	7	71	59	160
3645	7	5	8	72	59	162
3646	7	5	9	73	59	164
3647	7	5	10	74	59	166
3648	7	5	11	75	204	167
3649	7	5	12	76	204	169
3650	7	5	13	77	204	171
3651	7	5	14	78	204	173
3652	7	5	15	79	204	175
3653	7	5	16	80	59	176
3654	7	5	17	81	59	178
3655	7	5	18	82	59	180
3656	7	5	19	83	59	182
3657	7	5	20	84	204	183
3658	7	5	21	85	204	185
3659	7	5	22	86	204	187
3660	7	5	23	87	204	189
3661	7	6	0	62	123	145
3662	7	6	1	63	123	147
3663	7	6	2	64	123	149
3664	7	6	3	65	123	151
3665	7	6	4	66	140	152
3666	7	6	5	67	140	154
3667	7	6	6	68	140	156
3668	7	6	7	69	140	158
3669	7	6	8	70	140	160
3670	7	6	9	71	123	161
3671	7	6	10	72	123	163
3672	7	6	11	73	123	165
3673	7	6	12	74	123	167
3674	7	6	13	75	140	168
3675	7	6	14	76	140	170
3676	7	6	15	77	140	172
3677	7	6	16	78	140	174
3678	7	6	17	79	140	176
3679	7	6	18	80	123	177
3680	7	6	19	81	123	179
3681	7	6	20	82	123	181
3682	7	6	21	83	123	183
3683	7	6	22	84	140	184
3684	7	7	0	60	225	143
3685	7	7	1	61	225	145
3686	7	7	2	62	38	146
3687	7	7	3	63	38	148
3688	7	7	4	64	38	150
3689	7	7	5	65	38	152
3690	7	7	6	66	225	153
3691	7	7	7	67	225	155
3692	7	7	8	68	225	157
3693	7	7	9	69	225	159
3694	7	7	10	70	225	161
3695	7	7	11	71	38	162
3696	7	7	12	72	38	164
3697	7	7	13	73	38	166
3698	7	7	14	74	38	168
3699	7	7	15	75	225	169
3700	7	7	16	76	225	171
3701	7	7	17	77	225	173
3702	7	7	18	78	225	175
3703	7	7	19	79	225	177
3704	7	7	20	80	38	178
3705	7	7	21	81	38	180
3706	7	8	0	58	108	140
3707	7	8	1	59	108	142
3708	7	8	2	60	108	144
3709	7	8	3	61	108	146
3710	7	8	4	62	155	147
3711	7	8	5	63	155	149
3712	7	8	6	64	155	151
3713	7	8	7	65	155	153
3714	7	8	8	66	108	154
3715	7	8	9	67	108	156
3716	7	8	10	68	108	158
3717	7	8	11	69	108	160
3718	7	8	12	70	108	162
3719	7	8	13	71	155	163
3720	7	8	14	72	155	165
3721	7	8	15	73	155	167
3722	7	8	16	74	155	169
3723	7	8	17	75	108	170
3724	7	8	18	76	108	172
3725	7	8	19	77	108	174
3726	7	8	20	78	108	176
3727	7	9	0	56	127	138
3728	7	9	1	57	136	139
3729	7	9	2	58	136	141
3730	7	9	3	59	136	143
3731	7	9	4	60	136	145
3732	7	9	5	61	136	147
3733	7	9	6	62	127	148
3734	7	9	7	63	127	150
3735	7	9	8	64	127	152
3736	7	9	9	65	127	154
3737	7	9	10	66	136	155
3738	7	9	11	67	136	157
3739	7	9	12	68	136	159
3740	7	9	13	69	136	161
3741	7	9	14	70	136	163
3742	7	9	15	71	127	164
3743	7	9	16	72	127	166
3744	7	9	17	73	127	168
3745	7	9	18	74	127	170
3746	7	9	19	75	136	171
3747	7	10	0	54	82	135
3748	7	10	1	55	82	137
3749	7	10	2	56	82	139
3750	7	10	3	57	181	140
3751	7	10	4	58	181	142
3752	7	10	5	59	181	144
3753	7	10	6	60	181	146
3754	7	10	7	61	181	148
3755	7	10	8	62	82	149
3756	7	10	9	63	82	151
3757	7	10	10	64	82	153
3758	7	10	11	65	82	155
3759	7	10	12	66	181	156
3760	7	10	13	67	181	158
3761	7	10	14	68	181	160
3762	7	10	15	69	181	162
3763	7	10	16	70	181	164
3764	7	10	17	71	82	165
3765	7	10	18	72	82	167
3766	7	11	0	52	150	133
3767	7	11	1	53	113	134
3768	7	11	2	54	113	136
3769	7	11	3	55	113	138
3770	7	11	4	56	113	140
3771	7	11	5	57	150	141
3772	7	11	6	58	150	143
3773	7	11	7	59	150	145
3774	7	11	8	60	150	147
3775	7	11	9	61	150	149
3776	7	11	10	62	113	150
3777	7	11	11	63	113	152
3778	7	11	12	64	113	154
3779	7	11	13	65	113	156
3780	7	11	14	66	150	157
3781	7	11	15	67	150	159
3782	7	11	16	68	150	161
3783	7	11	17	69	150	163
3784	7	12	0	50	72	130
3785	7	12	1	51	72	132
3786	7	12	2	52	72	134
3787	7	12	3	53	191	135
3788	7	12	4	54	191	137
3789	7	12	5	55	191	139
3790	7	12	6	56	191	141
3791	7	12	7	57	72	142
3792	7	12	8	58	72	144
3793	7	12	9	59	72	146
3794	7	12	10	60	72	148
3795	7	12	11	61	72	150
3796	7	12	12	62	191	151
3797	7	12	13	63	191	153
3798	7	12	14	64	191	155
3799	7	12	15	65	191	157
3800	7	12	16	66	72	158
3801	7	13	0	48	3	127
3802	7	13	1	49	3	129
3803	7	13	2	50	3	131
3804	7	13	3	51	3	133
3805	7	13	4	52	3	135
3806	7	13	5	53	260	136
3807	7	13	6	54	260	138
3808	7	13	7	55	260	140
3809	7	13	8	56	260	142
3810	7	13	9	57	3	143
3811	7	13	10	58	3	145
3812	7	13	11	59	3	147
3813	7	13	12	60	3	149
3814	7	13	13	61	3	151
3815	7	13	14	62	260	152
3816	7	13	15	63	260	154
3817	7	14	0	46	230	125
3818	7	14	1	47	230	127
3819	7	14	2	48	33	128
3820	7	14	3	49	33	130
3821	7	14	4	50	33	132
3822	7	14	5	51	33	134
3823	7	14	6	52	33	136
3824	7	14	7	53	230	137
3825	7	14	8	54	230	139
3826	7	14	9	55	230	141
3827	7	14	10	56	230	143
3828	7	14	11	57	33	144
3829	7	14	12	58	33	146
3830	7	14	13	59	33	148
3831	7	14	14	60	33	150
3832	7	15	0	44	163	122
3833	7	15	1	45	163	124
3834	7	15	2	46	163	126
3835	7	15	3	47	163	128
3836	7	15	4	48	100	129
3837	7	15	5	49	100	131
3838	7	15	6	50	100	133
3839	7	15	7	51	100	135
3840	7	15	8	52	100	137
3841	7	15	9	53	163	138
3842	7	15	10	54	163	140
3843	7	15	11	55	163	142
3844	7	15	12	56	163	144
3845	7	15	13	57	100	145
3846	7	16	0	42	48	120
3847	7	16	1	43	48	122
3848	7	16	2	44	215	123
3849	7	16	3	45	215	125
3850	7	16	4	46	215	127
3851	7	16	5	47	215	129
3852	7	16	6	48	48	130
3853	7	16	7	49	48	132
3854	7	16	8	50	48	134
3855	7	16	9	51	48	136
3856	7	16	10	52	48	138
3857	7	16	11	53	215	139
3858	7	16	12	54	215	141
3859	7	17	0	40	2	117
3860	7	17	1	41	2	119
3861	7	17	2	42	2	121
3862	7	17	3	43	2	123
3863	7	17	4	44	261	124
3864	7	17	5	45	261	126
3865	7	17	6	46	261	128
3866	7	17	7	47	261	130
3867	7	17	8	48	2	131
3868	7	17	9	49	2	133
3869	7	17	10	50	2	135
3870	7	17	11	51	2	137
3871	7	18	0	38	241	115
3872	7	18	1	39	22	116
3873	7	18	2	40	22	118
3874	7	18	3	41	22	120
3875	7	18	4	42	22	122
3876	7	18	5	43	22	124
3877	7	18	6	44	241	125
3878	7	18	7	45	241	127
3879	7	18	8	46	241	129
3880	7	18	9	47	241	131
3881	7	18	10	48	22	132
3882	7	19	0	36	21	112
3883	7	19	1	37	21	114
3884	7	19	2	38	21	116
3885	7	19	3	39	242	117
3886	7	19	4	40	242	119
3887	7	19	5	41	242	121
3888	7	19	6	42	242	123
3889	7	19	7	43	242	125
3890	7	19	8	44	21	126
3891	7	19	9	45	21	128
3892	7	20	0	34	32	110
3893	7	20	1	35	32	112
3894	7	20	2	36	231	113
3895	7	20	3	37	231	115
3896	7	20	4	38	231	117
3897	7	20	5	39	32	118
3898	7	20	6	40	32	120
3899	7	20	7	41	32	122
3900	7	20	8	42	32	124
3901	7	21	0	32	89	107
3902	7	21	1	33	89	109
3903	7	21	2	34	89	111
3904	7	21	3	35	89	113
3905	7	21	4	36	174	114
3906	7	21	5	37	174	116
3907	7	21	6	38	174	118
3908	7	21	7	39	89	119
3909	7	22	0	30	73	105
3910	7	22	1	31	73	107
3911	7	22	2	32	190	108
3912	7	22	3	33	190	110
3913	7	22	4	34	190	112
3914	7	22	5	35	190	114
3915	7	22	6	36	73	115
3916	7	23	0	28	249	103
3917	7	23	1	29	14	104
3918	7	23	2	30	14	106
3919	7	23	3	31	14	108
3920	7	23	4	32	249	109
3921	7	23	5	33	249	111
3922	7	24	0	26	109	100
3923	7	24	1	27	109	102
3924	7	24	2	28	109	104
3925	7	24	3	29	154	105
3926	7	24	4	30	154	107
3927	7	25	0	24	116	98
3928	7	25	1	25	116	100
3929	7	25	2	26	147	101
3930	7	25	3	27	147	103
3931	7	26	0	22	39	96
3932	7	26	1	23	39	98
3933	7	26	2	24	224	99
3934	7	27	0	20	97	94
3935	7	27	1	21	166	95
3936	7	28	0	18	248	92
3937	8	0	0	103	262	212
3938	8	0	1	104	262	214
3939	8	0	2	105	262	216
3940	8	0	3	106	262	218
3941	8	0	4	107	1	219
3942	8	0	5	108	1	221
3943	8	0	6	109	1	223
3944	8	0	7	110	1	225
3945	8	0	8	111	262	226
3946	8	0	9	112	262	228
3947	8	0	10	113	262	230
3948	8	0	11	114	262	232
3949	8	0	12	115	262	234
3950	8	0	13	116	1	235
3951	8	0	14	117	1	237
3952	8	0	15	118	1	239
3953	8	0	16	119	1	241
3954	8	0	17	120	262	242
3955	8	0	18	121	262	244
3956	8	0	19	122	262	246
3957	8	0	20	123	262	248
3958	8	0	21	124	262	250
3959	8	0	22	125	1	251
3960	8	0	23	126	1	253
3961	8	0	24	127	1	255
3962	8	0	25	128	1	257
3963	8	1	0	100	61	208
3964	8	1	1	101	61	210
3965	8	1	2	102	202	211
3966	8	1	3	103	202	213
3967	8	1	4	104	202	215
3968	8	1	5	105	202	217
3969	8	1	6	106	202	219
3970	8	1	7	107	61	220
3971	8	1	8	108	61	222
3972	8	1	9	109	61	224
3973	8	1	10	110	61	226
3974	8	1	11	111	202	227
3975	8	1	12	112	202	229
3976	8	1	13	113	202	231
3977	8	1	14	114	202	233
3978	8	1	15	115	202	235
3979	8	1	16	116	61	236
3980	8	1	17	117	61	238
3981	8	1	18	118	61	240
3982	8	1	19	119	61	242
3983	8	1	20	120	202	243
3984	8	1	21	121	202	245
3985	8	1	22	122	202	247
3986	8	1	23	123	202	249
3987	8	1	24	124	202	251
3988	8	2	0	97	224	204
3989	8	2	1	98	39	205
3990	8	2	2	99	39	207
3991	8	2	3	100	39	209
3992	8	2	4	101	39	211
3993	8	2	5	102	224	212
3994	8	2	6	103	224	214
3995	8	2	7	104	224	216
3996	8	2	8	105	224	218
3997	8	2	9	106	224	220
3998	8	2	10	107	39	221
3999	8	2	11	108	39	223
4000	8	2	12	109	39	225
4001	8	2	13	110	39	227
4002	8	2	14	111	224	228
4003	8	2	15	112	224	230
4004	8	2	16	113	224	232
4005	8	2	17	114	224	234
4006	8	2	18	115	224	236
4007	8	2	19	116	39	237
4008	8	2	20	117	39	239
4009	8	2	21	118	39	241
4010	8	2	22	119	39	243
4011	8	2	23	120	224	244
4012	8	3	0	94	251	199
4013	8	3	1	95	251	201
4014	8	3	2	96	251	203
4015	8	3	3	97	251	205
4016	8	3	4	98	12	206
4017	8	3	5	99	12	208
4018	8	3	6	100	12	210
4019	8	3	7	101	12	212
4020	8	3	8	102	251	213
4021	8	3	9	103	251	215
4022	8	3	10	104	251	217
4023	8	3	11	105	251	219
4024	8	3	12	106	251	221
4025	8	3	13	107	12	222
4026	8	3	14	108	12	224
4027	8	3	15	109	12	226
4028	8	3	16	110	12	228
4029	8	3	17	111	251	229
4030	8	3	18	112	251	231
4031	8	3	19	113	251	233
4032	8	3	20	114	251	235
4033	8	3	21	115	251	237
4034	8	3	22	116	12	238
4035	8	4	0	91	206	195
4036	8	4	1	92	206	197
4037	8	4	2	93	57	198
4038	8	4	3	94	57	200
4039	8	4	4	95	57	202
4040	8	4	5	96	57	204
4041	8	4	6	97	57	206
4042	8	4	7	98	206	207
4043	8	4	8	99	206	209
4044	8	4	9	100	206	211
4045	8	4	10	101	206	213
4046	8	4	11	102	57	214
4047	8	4	12	103	57	216
4048	8	4	13	104	57	218
4049	8	4	14	105	57	220
4050	8	4	15	106	57	222
4051	8	4	16	107	206	223
4052	8	4	17	108	206	225
4053	8	4	18	109	206	227
4054	8	4	19	110	206	229
4055	8	4	20	111	57	230
4056	8	4	21	112	57	232
4057	8	5	0	88	58	191
4058	8	5	1	89	205	192
4059	8	5	2	90	205	194
4060	8	5	3	91	205	196
4061	8	5	4	92	205	198
4062	8	5	5	93	58	199
4063	8	5	6	94	58	201
4064	8	5	7	95	58	203
4065	8	5	8	96	58	205
4066	8	5	9	97	58	207
4067	8	5	10	98	205	208
4068	8	5	11	99	205	210
4069	8	5	12	100	205	212
4070	8	5	13	101	205	214
4071	8	5	14	102	58	215
4072	8	5	15	103	58	217
4073	8	5	16	104	58	219
4074	8	5	17	105	58	221
4075	8	5	18	106	58	223
4076	8	5	19	107	205	224
4077	8	5	20	108	205	226
4078	8	6	0	85	119	186
4079	8	6	1	86	119	188
4080	8	6	2	87	119	190
4081	8	6	3	88	119	192
4082	8	6	4	89	144	193
4083	8	6	5	90	144	195
4084	8	6	6	91	144	197
4085	8	6	7	92	144	199
4086	8	6	8	93	119	200
4087	8	6	9	94	119	202
4088	8	6	10	95	119	204
4089	8	6	11	96	119	206
4090	8	6	12	97	119	208
4091	8	6	13	98	144	209
4092	8	6	14	99	144	211
4093	8	6	15	100	144	213
4094	8	6	16	101	144	215
4095	8	6	17	102	119	216
4096	8	6	18	103	119	218
4097	8	6	19	104	119	220
4098	8	7	0	82	105	182
4099	8	7	1	83	105	184
4100	8	7	2	84	158	185
4101	8	7	3	85	158	187
4102	8	7	4	86	158	189
4103	8	7	5	87	158	191
4104	8	7	6	88	158	193
4105	8	7	7	89	105	194
4106	8	7	8	90	105	196
4107	8	7	9	91	105	198
4108	8	7	10	92	105	200
4109	8	7	11	93	158	201
4110	8	7	12	94	158	203
4111	8	7	13	95	158	205
4112	8	7	14	96	158	207
4113	8	7	15	97	158	209
4114	8	7	16	98	105	210
4115	8	7	17	99	105	212
4116	8	7	18	100	105	214
4117	8	8	0	79	170	178
4118	8	8	1	80	93	179
4119	8	8	2	81	93	181
4120	8	8	3	82	93	183
4121	8	8	4	83	93	185
4122	8	8	5	84	170	186
4123	8	8	6	85	170	188
4124	8	8	7	86	170	190
4125	8	8	8	87	170	192
4126	8	8	9	88	170	194
4127	8	8	10	89	93	195
4128	8	8	11	90	93	197
4129	8	8	12	91	93	199
4130	8	8	13	92	93	201
4131	8	8	14	93	170	202
4132	8	8	15	94	170	204
4133	8	8	16	95	170	206
4134	8	8	17	96	170	208
4135	8	9	0	76	113	173
4136	8	9	1	77	113	175
4137	8	9	2	78	113	177
4138	8	9	3	79	113	179
4139	8	9	4	80	150	180
4140	8	9	5	81	150	182
4141	8	9	6	82	150	184
4142	8	9	7	83	150	186
4143	8	9	8	84	113	187
4144	8	9	9	85	113	189
4145	8	9	10	86	113	191
4146	8	9	11	87	113	193
4147	8	9	12	88	113	195
4148	8	9	13	89	150	196
4149	8	9	14	90	150	198
4150	8	9	15	91	150	200
4151	8	9	16	92	150	202
4152	8	10	0	73	208	169
4153	8	10	1	74	208	171
4154	8	10	2	75	55	172
4155	8	10	3	76	55	174
4156	8	10	4	77	55	176
4157	8	10	5	78	55	178
4158	8	10	6	79	55	180
4159	8	10	7	80	208	181
4160	8	10	8	81	208	183
4161	8	10	9	82	208	185
4162	8	10	10	83	208	187
4163	8	10	11	84	55	188
4164	8	10	12	85	55	190
4165	8	10	13	86	55	192
4166	8	10	14	87	55	194
4167	8	10	15	88	55	196
4168	8	11	0	70	199	165
4169	8	11	1	71	64	166
4170	8	11	2	72	64	168
4171	8	11	3	73	64	170
4172	8	11	4	74	64	172
4173	8	11	5	75	199	173
4174	8	11	6	76	199	175
4175	8	11	7	77	199	177
4176	8	11	8	78	199	179
4177	8	11	9	79	199	181
4178	8	11	10	80	64	182
4179	8	11	11	81	64	184
4180	8	11	12	82	64	186
4181	8	11	13	83	64	188
4182	8	11	14	84	199	189
4183	8	12	0	67	41	160
4184	8	12	1	68	41	162
4185	8	12	2	69	41	164
4186	8	12	3	70	41	166
4187	8	12	4	71	222	167
4188	8	12	5	72	222	169
4189	8	12	6	73	222	171
4190	8	12	7	74	222	173
4191	8	12	8	75	41	174
4192	8	12	9	76	41	176
4193	8	12	10	77	41	178
4194	8	12	11	78	41	180
4195	8	12	12	79	41	182
4196	8	12	13	80	222	183
4197	8	13	0	64	129	156
4198	8	13	1	65	129	158
4199	8	13	2	66	134	159
4200	8	13	3	67	134	161
4201	8	13	4	68	134	163
4202	8	13	5	69	134	165
4203	8	13	6	70	134	167
4204	8	13	7	71	129	168
4205	8	13	8	72	129	170
4206	8	13	9	73	129	172
4207	8	13	10	74	129	174
4208	8	13	11	75	134	175
4209	8	13	12	76	134	177
4210	8	14	0	61	21	152
4211	8	14	1	62	242	153
4212	8	14	2	63	242	155
4213	8	14	3	64	242	157
4214	8	14	4	65	242	159
4215	8	14	5	66	21	160
4216	8	14	6	67	21	162
4217	8	14	7	68	21	164
4218	8	14	8	69	21	166
4219	8	14	9	70	21	168
4220	8	14	10	71	242	169
4221	8	14	11	72	242	171
4222	8	15	0	58	229	147
4223	8	15	1	59	229	149
4224	8	15	2	60	229	151
4225	8	15	3	61	229	153
4226	8	15	4	62	34	154
4227	8	15	5	63	34	156
4228	8	15	6	64	34	158
4229	8	15	7	65	34	160
4230	8	15	8	66	229	161
4231	8	15	9	67	229	163
4232	8	15	10	68	229	165
4233	8	16	0	55	233	143
4234	8	16	1	56	233	145
4235	8	16	2	57	30	146
4236	8	16	3	58	30	148
4237	8	16	4	59	30	150
4238	8	16	5	60	30	152
4239	8	16	6	61	30	154
4240	8	16	7	62	233	155
4241	8	16	8	63	233	157
4242	8	16	9	64	233	159
4243	8	17	0	52	252	139
4244	8	17	1	53	11	140
4245	8	17	2	54	11	142
4246	8	17	3	55	11	144
4247	8	17	4	56	11	146
4248	8	17	5	57	252	147
4249	8	17	6	58	252	149
4250	8	17	7	59	252	151
4251	8	17	8	60	252	153
4252	8	18	0	49	118	134
4253	8	18	1	50	118	136
4254	8	18	2	51	118	138
4255	8	18	3	52	118	140
4256	8	18	4	53	145	141
4257	8	18	5	54	145	143
4258	8	18	6	55	145	145
4259	8	18	7	56	145	147
4260	8	19	0	46	166	130
4261	8	19	1	47	166	132
4262	8	19	2	48	97	133
4263	8	19	3	49	97	135
4264	8	19	4	50	97	137
4265	8	19	5	51	97	139
4266	8	19	6	52	97	141
4267	8	20	0	43	131	126
4268	8	20	1	44	132	127
4269	8	20	2	45	132	129
4270	8	20	3	46	132	131
4271	8	20	4	47	132	133
4272	8	20	5	48	131	134
4273	8	21	0	40	101	121
4274	8	21	1	41	101	123
4275	8	21	2	42	101	125
4276	8	21	3	43	101	127
4277	8	21	4	44	162	128
4278	8	22	0	37	151	117
4279	8	22	1	38	151	119
4280	8	22	2	39	112	120
4281	8	22	3	40	112	122
4282	8	23	0	34	257	113
4283	8	23	1	35	257	115
4284	8	23	2	36	6	116
4285	8	24	0	31	103	109
4286	8	24	1	32	160	110
4287	8	25	0	28	29	105
4288	9	0	0	6	18	82
4289	9	0	1	7	136	82
4290	9	0	2	5	191	83
4291	9	0	3	8	127	83
4292	9	0	4	4	25	84
4293	9	0	5	9	68	84
4294	9	0	6	10	34	84
4295	9	0	7	3	100	85
4296	9	0	8	2	137	86
4297	9	0	9	11	34	86
4298	9	0	10	12	17	86
4299	9	0	11	1	22	87
4300	9	0	12	13	123	87
4301	9	0	13	0	175	88
4302	9	0	14	14	140	88
4303	9	0	15	15	193	89
4304	9	0	16	16	228	89
4305	9	0	17	17	228	91
4306	9	1	0	6	18	83
4307	9	1	1	7	136	83
4308	9	1	2	5	191	84
4309	9	1	3	8	127	84
4310	9	1	4	4	25	85
4311	9	1	5	9	68	85
4312	9	1	6	10	34	85
4313	9	1	7	3	100	86
4314	9	1	8	2	137	87
4315	9	1	9	11	34	87
4316	9	1	10	12	17	87
4317	9	1	11	1	22	88
4318	9	1	12	13	123	88
4319	9	1	13	0	175	89
4320	9	1	14	14	140	89
4321	9	1	15	15	193	90
4322	9	1	16	16	228	90
4323	9	2	0	6	18	84
4324	9	2	1	7	136	84
4325	9	2	2	5	191	85
4326	9	2	3	8	127	85
4327	9	2	4	4	25	86
4328	9	2	5	9	68	86
4329	9	2	6	10	34	86
4330	9	2	7	3	100	87
4331	9	2	8	2	137	88
4332	9	2	9	11	34	88
4333	9	2	10	12	17	88
4334	9	2	11	1	22	89
4335	9	2	12	13	123	89
4336	9	2	13	0	175	90
4337	9	2	14	14	140	90
4338	9	2	15	15	193	91
4339	9	2	16	16	228	91
4340	9	3	0	6	18	85
4341	9	3	1	7	136	85
4342	9	3	2	5	191	86
4343	9	3	3	8	127	86
4344	9	3	4	4	25	87
4345	9	3	5	9	68	87
4346	9	3	6	10	34	87
4347	9	3	7	3	100	88
4348	9	3	8	2	137	89
4349	9	3	9	11	34	89
4350	9	3	10	12	17	89
4351	9	3	11	1	22	90
4352	9	3	12	13	123	90
4353	9	3	13	0	175	91
4354	9	3	14	14	140	91
4355	9	3	15	15	193	92
4356	9	4	0	6	18	86
4357	9	4	1	7	136	86
4358	9	4	2	5	191	87
4359	9	4	3	8	127	87
4360	9	4	4	4	25	88
4361	9	4	5	9	68	88
4362	9	4	6	10	34	88
4363	9	4	7	3	100	89
4364	9	4	8	2	137	90
4365	9	4	9	11	34	90
4366	9	4	10	12	17	90
4367	9	4	11	1	22	91
4368	9	4	12	13	123	91
4369	9	4	13	0	175	92
4370	9	4	14	14	140	92
4371	9	4	15	16	177	92
4372	9	5	0	6	18	87
4373	9	5	1	7	136	87
4374	9	5	2	5	191	88
4375	9	5	3	8	127	88
4376	9	5	4	4	25	89
4377	9	5	5	9	68	89
4378	9	5	6	10	34	89
4379	9	5	7	3	100	90
4380	9	5	8	2	137	91
4381	9	5	9	11	34	91
4382	9	5	10	12	17	91
4383	9	5	11	1	22	92
4384	9	5	12	13	123	92
4385	9	5	13	17	96	92
4386	9	5	14	0	9	93
4387	9	6	0	6	18	88
4388	9	6	1	7	136	88
4389	9	6	2	5	191	89
4390	9	6	3	8	127	89
4391	9	6	4	4	25	90
4392	9	6	5	9	68	90
4393	9	6	6	10	34	90
4394	9	6	7	3	100	91
4395	9	6	8	2	137	92
4396	9	6	9	11	34	92
4397	9	6	10	12	17	92
4398	9	6	11	1	22	93
4399	9	6	12	13	123	93
4400	9	6	13	14	240	93
4401	9	6	14	15	49	93
4402	9	7	0	6	18	89
4403	9	7	1	7	136	89
4404	9	7	2	5	191	90
4405	9	7	3	8	127	90
4406	9	7	4	4	25	91
4407	9	7	5	9	68	91
4408	9	7	6	10	34	91
4409	9	7	7	3	100	92
4410	9	7	8	2	137	93
4411	9	7	9	11	34	93
4412	9	7	10	12	17	93
4413	9	7	11	16	262	93
4414	9	7	12	17	21	93
4415	9	7	13	18	234	93
4416	9	8	0	6	18	90
4417	9	8	1	7	136	90
4418	9	8	2	5	191	91
4419	9	8	3	8	127	91
4420	9	8	4	4	25	92
4421	9	8	5	9	68	92
4422	9	8	6	10	34	92
4423	9	8	7	3	100	93
4424	9	8	8	19	171	93
4425	9	8	9	0	46	94
4426	9	8	10	1	106	94
4427	9	8	11	2	126	94
4428	9	8	12	11	37	94
4429	9	8	13	12	192	94
4430	9	9	0	6	18	91
4431	9	9	1	7	136	91
4432	9	9	2	5	191	92
4433	9	9	3	8	127	92
4434	9	9	4	4	25	93
4435	9	9	5	9	68	93
4436	9	9	6	10	34	93
4437	9	9	7	3	100	94
4438	9	9	8	13	187	94
4439	9	9	9	14	38	94
4440	9	9	10	15	225	94
4441	9	9	11	16	230	94
4442	9	9	12	17	153	94
4443	9	10	0	6	18	92
4444	9	10	1	7	136	92
4445	9	10	2	5	191	93
4446	9	10	3	8	127	93
4447	9	10	4	4	25	94
4448	9	10	5	9	68	94
4449	9	10	6	10	34	94
4450	9	10	7	18	35	94
4451	9	10	8	19	43	94
4452	9	10	9	0	204	95
4453	9	10	10	1	235	95
4454	9	10	11	2	52	95
4455	9	10	12	3	207	95
4456	9	11	0	6	18	93
4457	9	11	1	7	136	93
4458	9	11	2	5	191	94
4459	9	11	3	8	127	94
4460	9	11	4	4	25	95
4461	9	11	5	9	68	95
4462	9	11	6	10	34	95
4463	9	11	7	11	222	95
4464	9	11	8	12	135	95
4465	9	11	9	13	179	95
4466	9	11	10	14	227	95
4467	9	11	11	15	179	95
4468	9	12	0	6	18	94
4469	9	12	1	7	136	94
4470	9	12	2	5	191	95
4471	9	12	3	8	127	95
4472	9	12	4	16	252	95
4473	9	12	5	17	131	95
4474	9	12	6	18	93	95
4475	9	12	7	19	162	95
4476	9	12	8	20	157	95
4477	9	12	9	0	207	96
4478	9	12	10	1	180	96
4479	9	12	11	2	216	96
4480	9	13	0	6	18	95
4481	9	13	1	7	136	95
4482	9	13	2	3	206	96
4483	9	13	3	4	13	96
4484	9	13	4	5	78	96
4485	9	13	5	9	42	96
4486	9	13	6	8	42	96
4487	9	13	7	10	105	96
4488	9	13	8	11	180	96
4489	9	13	9	12	24	96
4490	9	13	10	13	211	96
4491	9	14	0	6	18	96
4492	9	14	1	7	136	96
4493	9	14	2	14	7	96
4494	9	14	3	15	10	96
4495	9	14	4	16	46	96
4496	9	14	5	18	92	96
4497	9	14	6	19	70	96
4498	9	14	7	20	58	96
4499	9	14	8	21	8	96
4500	9	14	9	0	23	97
4501	9	14	10	1	212	97
4502	9	15	0	17	124	96
4503	9	15	1	2	216	97
4504	9	15	2	3	162	97
4505	9	15	3	4	248	97
4506	9	15	4	5	151	97
4507	9	15	5	6	105	97
4508	9	15	6	8	36	97
4509	9	15	7	9	96	97
4510	9	15	8	10	10	97
4511	9	15	9	11	247	97
4512	9	16	0	7	127	97
4513	9	16	1	12	257	97
4514	9	16	2	13	171	97
4515	9	16	3	14	217	97
4516	9	16	4	15	152	97
4517	9	16	5	20	99	97
4518	9	16	6	21	157	97
4519	9	16	7	22	59	97
4520	9	16	8	0	135	98
4521	9	16	9	1	169	98
4522	9	17	0	2	74	98
4523	9	17	1	3	45	98
4524	9	17	2	4	58	98
4525	9	17	3	5	30	98
4526	9	17	4	6	49	98
4527	9	17	5	7	52	98
4528	9	17	6	8	134	98
4529	9	17	7	9	207	98
4530	9	17	8	10	123	98
4531	9	18	0	11	205	98
4532	9	18	1	12	203	98
4533	9	18	2	13	169	98
4534	9	18	3	14	156	98
4535	9	18	4	21	223	98
4536	9	18	5	22	250	98
4537	9	18	6	0	195	99
4538	9	18	7	1	88	99
4539	9	18	8	2	32	99
4540	9	19	0	3	79	99
4541	9	19	1	4	205	99
4542	9	19	2	5	256	99
4543	9	19	3	6	218	99
4544	9	19	4	7	135	99
4545	9	19	5	8	156	99
4546	9	19	6	9	145	99
4547	9	19	7	10	216	99
4548	9	20	0	11	91	99
4549	9	20	1	22	33	99
4550	9	20	2	23	17	99
4551	9	20	3	0	166	100
4552	9	20	4	1	199	100
4553	9	20	5	2	178	100
4554	9	20	6	3	97	100
4555	9	20	7	4	37	100
4556	9	21	0	5	109	100
4557	9	21	1	6	137	100
4558	9	21	2	7	74	100
4559	9	21	3	8	248	100
4560	9	21	4	9	93	100
4561	9	21	5	10	194	100
4562	9	21	6	23	138	100
4563	9	22	0	24	247	100
4564	9	22	1	0	72	101
4565	9	22	2	1	201	101
4566	9	22	3	2	18	101
4567	9	22	4	3	27	101
4568	9	22	5	4	60	101
4569	9	22	6	5	129	101
4570	9	23	0	6	156	101
4571	9	23	1	7	244	101
4572	9	23	2	8	155	101
4573	9	23	3	9	76	101
4574	9	23	4	25	86	101
4575	9	23	5	0	162	102
4576	9	24	0	1	12	102
4577	9	24	1	2	188	102
4578	9	24	2	3	112	102
4579	9	24	3	4	75	102
4580	9	24	4	5	179	102
4581	9	24	5	6	182	102
4582	9	25	0	7	98	102
4583	9	25	1	8	26	102
4584	9	25	2	25	261	102
4585	9	25	3	26	46	102
4586	9	25	4	0	139	103
4587	9	26	0	2	115	103
4588	9	26	1	1	260	103
4589	9	26	2	3	148	103
4590	9	26	3	4	203	103
4591	9	26	4	5	116	103
4592	9	27	0	6	193	103
4593	9	27	1	0	76	104
4594	9	27	2	1	100	104
4595	9	27	3	2	246	104
4596	9	28	0	3	10	104
4597	9	28	1	4	83	104
4598	9	28	2	5	245	104
4599	9	28	3	27	170	104
4600	9	29	0	0	198	105
4601	9	29	1	1	122	105
4602	9	29	2	2	51	105
4603	9	30	0	3	144	105
4604	9	30	1	0	5	106
4605	9	30	2	1	1	106
4606	9	31	0	2	173	106
4607	9	31	1	3	54	106
4608	9	32	0	29	99	106
4609	9	32	1	0	55	107
4610	9	33	0	1	165	107
4611	9	34	0	0	136	108
4612	10	0	0	18	228	97
4613	10	0	1	19	114	97
4614	10	0	2	20	149	98
4615	10	0	3	12	9	99
4616	10	0	4	11	247	100
4617	10	0	5	23	57	101
4618	10	0	6	24	160	101
4619	10	0	7	25	160	103
4620	10	0	8	26	80	103
4621	10	0	9	4	52	105
4622	10	0	10	28	183	106
4623	10	0	11	29	40	107
4624	10	0	12	30	223	108
4625	10	0	13	31	223	110
4626	10	0	14	32	20	111
4627	10	0	15	33	243	112
4628	10	0	16	34	243	114
4629	10	0	17	35	243	116
4630	10	0	18	36	10	117
4631	10	0	19	37	253	118
4632	10	0	20	38	253	120
4633	10	0	21	39	5	121
4634	10	0	22	40	5	123
4635	10	0	23	41	258	124
4636	10	0	24	42	258	126
4637	10	0	25	43	258	128
4638	10	0	26	44	134	129
4639	10	0	27	45	129	130
4640	10	0	28	46	129	132
4641	10	0	29	47	129	134
4642	10	0	30	48	67	135
4643	10	0	31	49	196	136
4644	10	0	32	50	196	138
4645	10	0	33	51	196	140
4646	10	0	34	52	196	142
4647	10	0	35	53	98	142
4648	10	0	36	54	98	144
4649	10	0	37	55	98	146
4650	10	0	38	56	98	148
4651	10	0	39	57	49	148
4652	10	0	40	58	49	150
4653	10	0	41	59	49	152
4654	10	1	0	17	228	97
4655	10	1	1	18	35	98
4656	10	1	2	19	149	98
4657	10	1	3	20	114	99
4658	10	1	4	21	57	99
4659	10	1	5	22	206	100
4660	10	1	6	23	206	102
4661	10	1	7	24	103	102
4662	10	1	8	6	1	104
4663	10	1	9	26	183	104
4664	10	1	10	27	80	105
4665	10	1	11	28	80	107
4666	10	1	12	1	210	108
4667	10	1	13	30	40	109
4668	10	1	14	31	40	111
4669	10	1	15	32	243	112
4670	10	1	16	33	20	113
4671	10	1	17	34	20	115
4672	10	1	18	35	20	117
4673	10	1	19	36	253	118
4674	10	1	20	37	10	119
4675	10	1	21	38	10	121
4676	10	1	22	39	258	122
4677	10	1	23	40	258	124
4678	10	1	24	41	5	125
4679	10	1	25	42	5	127
4680	10	1	26	43	5	129
4681	10	1	27	44	129	130
4682	10	1	28	45	134	131
4683	10	1	29	46	134	133
4684	10	1	30	47	134	135
4685	10	1	31	48	196	136
4686	10	1	32	49	67	137
4687	10	1	33	50	67	139
4688	10	1	34	51	67	141
4689	10	1	35	52	67	143
4690	10	1	36	53	165	143
4691	10	1	37	54	165	145
4692	10	1	38	55	165	147
4693	10	1	39	56	165	149
4694	10	1	40	57	214	149
4695	10	2	0	15	33	98
4696	10	2	1	13	116	99
4697	10	2	2	19	149	99
4698	10	2	3	20	114	100
4699	10	2	4	21	57	100
4700	10	2	5	22	206	101
4701	10	2	6	7	182	103
4702	10	2	7	24	103	103
4703	10	2	8	25	160	104
4704	10	2	9	26	183	105
4705	10	2	10	27	80	106
4706	10	2	11	28	80	108
4707	10	2	12	29	40	108
4708	10	2	13	30	40	110
4709	10	2	14	31	40	112
4710	10	2	15	32	243	113
4711	10	2	16	33	20	114
4712	10	2	17	34	20	116
4713	10	2	18	35	20	118
4714	10	2	19	36	253	119
4715	10	2	20	37	10	120
4716	10	2	21	38	10	122
4717	10	2	22	39	258	123
4718	10	2	23	40	258	125
4719	10	2	24	41	5	126
4720	10	2	25	42	5	128
4721	10	2	26	43	5	130
4722	10	2	27	44	129	131
4723	10	2	28	45	134	132
4724	10	2	29	46	134	134
4725	10	2	30	47	134	136
4726	10	2	31	48	196	137
4727	10	2	32	49	67	138
4728	10	2	33	50	67	140
4729	10	2	34	51	67	142
4730	10	2	35	52	67	144
4731	10	2	36	53	165	144
4732	10	2	37	54	165	146
4733	10	2	38	55	165	148
4734	10	2	39	56	165	150
4735	10	3	0	16	35	97
4736	10	3	1	17	228	98
4737	10	3	2	18	35	99
4738	10	3	3	12	220	100
4739	10	3	4	10	72	101
4740	10	3	5	21	206	101
4741	10	3	6	22	57	102
4742	10	3	7	23	206	103
4743	10	3	8	24	160	104
4744	10	3	9	25	103	105
4745	10	3	10	26	80	106
4746	10	3	11	27	183	107
4747	10	3	12	28	183	109
4748	10	3	13	29	223	109
4749	10	3	14	30	223	111
4750	10	3	15	31	223	113
4751	10	3	16	32	20	114
4752	10	3	17	33	243	115
4753	10	3	18	34	243	117
4754	10	3	19	35	243	119
4755	10	3	20	36	10	120
4756	10	3	21	37	253	121
4757	10	3	22	38	253	123
4758	10	3	23	39	5	124
4759	10	3	24	40	5	126
4760	10	3	25	41	258	127
4761	10	3	26	42	258	129
4762	10	3	27	43	258	131
4763	10	3	28	44	134	132
4764	10	3	29	45	129	133
4765	10	3	30	46	129	135
4766	10	3	31	47	129	137
4767	10	3	32	48	67	138
4768	10	3	33	49	196	139
4769	10	3	34	50	196	141
4770	10	3	35	51	196	143
4771	10	3	36	52	196	145
4772	10	3	37	53	98	145
4773	10	3	38	54	98	147
4774	10	4	0	16	35	98
4775	10	4	1	17	228	99
4776	10	4	2	18	35	100
4777	10	4	3	19	149	100
4778	10	4	4	20	114	101
4779	10	4	5	9	199	102
4780	10	4	6	22	57	103
4781	10	4	7	23	206	104
4782	10	4	8	24	160	105
4783	10	4	9	25	103	106
4784	10	4	10	2	208	107
4785	10	4	11	27	183	108
4786	10	4	12	28	183	110
4787	10	4	13	29	223	110
4788	10	4	14	30	223	112
4789	10	4	15	31	223	114
4790	10	4	16	32	20	115
4791	10	4	17	33	243	116
4792	10	4	18	34	243	118
4793	10	4	19	35	243	120
4794	10	4	20	36	10	121
4795	10	4	21	37	253	122
4796	10	4	22	38	253	124
4797	10	4	23	39	5	125
4798	10	4	24	40	5	127
4799	10	4	25	41	258	128
4800	10	4	26	42	258	130
4801	10	4	27	43	258	132
4802	10	4	28	44	134	133
4803	10	4	29	45	129	134
4804	10	4	30	46	129	136
4805	10	4	31	47	129	138
4806	10	4	32	48	67	139
4807	10	4	33	49	196	140
4808	10	4	34	50	196	142
4809	10	4	35	51	196	144
4810	10	4	36	52	196	146
4811	10	4	37	53	98	146
4812	10	5	0	14	246	99
4813	10	5	1	16	228	99
4814	10	5	2	17	35	100
4815	10	5	3	18	228	101
4816	10	5	4	19	114	101
4817	10	5	5	20	149	102
4818	10	5	6	21	206	102
4819	10	5	7	22	206	104
4820	10	5	8	23	57	105
4821	10	5	9	4	4	106
4822	10	5	10	25	160	107
4823	10	5	11	26	80	107
4824	10	5	12	27	80	109
4825	10	5	13	28	80	111
4826	10	5	14	29	40	111
4827	10	5	15	30	40	113
4828	10	5	16	31	40	115
4829	10	5	17	32	243	116
4830	10	5	18	33	20	117
4831	10	5	19	34	20	119
4832	10	5	20	35	20	121
4833	10	5	21	36	253	122
4834	10	5	22	37	10	123
4835	10	5	23	38	10	125
4836	10	5	24	39	258	126
4837	10	5	25	40	258	128
4838	10	5	26	41	5	129
4839	10	5	27	42	5	131
4840	10	5	28	43	5	133
4841	10	5	29	44	129	134
4842	10	5	30	45	134	135
4843	10	5	31	46	134	137
4844	10	5	32	47	134	139
4845	10	5	33	48	196	140
4846	10	5	34	49	67	141
4847	10	5	35	50	67	143
4848	10	5	36	51	67	145
4849	10	6	0	15	70	99
4850	10	6	1	13	132	100
4851	10	6	2	11	201	101
4852	10	6	3	10	81	102
4853	10	6	4	19	114	102
4854	10	6	5	20	149	103
4855	10	6	6	21	206	103
4856	10	6	7	5	202	105
4857	10	6	8	23	57	106
4858	10	6	9	24	160	106
4859	10	6	10	25	160	108
4860	10	6	11	26	80	108
4861	10	6	12	27	80	110
4862	10	6	13	28	80	112
4863	10	6	14	29	40	112
4864	10	6	15	30	40	114
4865	10	6	16	31	40	116
4866	10	6	17	32	243	117
4867	10	6	18	33	20	118
4868	10	6	19	34	20	120
4869	10	6	20	35	20	122
4870	10	6	21	36	253	123
4871	10	6	22	37	10	124
4872	10	6	23	38	10	126
4873	10	6	24	39	258	127
4874	10	6	25	40	258	129
4875	10	6	26	41	5	130
4876	10	6	27	42	5	132
4877	10	6	28	43	5	134
4878	10	6	29	44	129	135
4879	10	6	30	45	134	136
4880	10	6	31	46	134	138
4881	10	6	32	47	134	140
4882	10	6	33	48	196	141
4883	10	6	34	49	67	142
4884	10	6	35	50	67	144
4885	10	7	0	14	123	100
4886	10	7	1	15	193	100
4887	10	7	2	16	228	100
4888	10	7	3	17	35	101
4889	10	7	4	18	228	102
4890	10	7	5	8	25	103
4891	10	7	6	7	14	104
4892	10	7	7	21	57	104
4893	10	7	8	22	206	105
4894	10	7	9	23	206	107
4895	10	7	10	24	103	107
4896	10	7	11	0	86	109
4897	10	7	12	26	183	109
4898	10	7	13	27	183	111
4899	10	7	14	28	183	113
4900	10	7	15	29	223	113
4901	10	7	16	30	223	115
4902	10	7	17	31	223	117
4903	10	7	18	32	20	118
4904	10	7	19	33	243	119
4905	10	7	20	34	243	121
4906	10	7	21	35	243	123
4907	10	7	22	36	10	124
4908	10	7	23	37	253	125
4909	10	7	24	38	253	127
4910	10	7	25	39	5	128
4911	10	7	26	40	5	130
4912	10	7	27	41	258	131
4913	10	7	28	42	258	133
4914	10	7	29	43	258	135
4915	10	7	30	44	134	136
4916	10	7	31	45	129	137
4917	10	7	32	46	129	139
4918	10	7	33	47	129	141
4919	10	7	34	48	67	142
4920	10	8	0	12	136	101
4921	10	8	1	15	193	101
4922	10	8	2	16	228	101
4923	10	8	3	17	35	102
4924	10	8	4	18	228	103
4925	10	8	5	19	114	103
4926	10	8	6	20	149	104
4927	10	8	7	21	57	105
4928	10	8	8	22	206	106
4929	10	8	9	2	231	108
4930	10	8	10	24	103	108
4931	10	8	11	25	160	109
4932	10	8	12	26	183	110
4933	10	8	13	27	183	112
4934	10	8	14	28	183	114
4935	10	8	15	29	223	114
4936	10	8	16	30	223	116
4937	10	8	17	31	223	118
4938	10	8	18	32	20	119
4939	10	8	19	33	243	120
4940	10	8	20	34	243	122
4941	10	8	21	35	243	124
4942	10	8	22	36	10	125
4943	10	8	23	37	253	126
4944	10	8	24	38	253	128
4945	10	8	25	39	5	129
4946	10	8	26	40	5	131
4947	10	8	27	41	258	132
4948	10	8	28	42	258	134
4949	10	8	29	43	258	136
4950	10	8	30	44	134	137
4951	10	8	31	45	129	138
4952	10	8	32	46	129	140
4953	10	8	33	47	129	142
4954	10	9	0	13	123	101
4955	10	9	1	14	123	101
4956	10	9	2	11	4	102
4957	10	9	3	16	35	102
4958	10	9	4	17	228	103
4959	10	9	5	18	35	104
4960	10	9	6	19	149	104
4961	10	9	7	20	114	105
4962	10	9	8	21	206	106
4963	10	9	9	22	57	107
4964	10	9	10	23	206	108
4965	10	9	11	24	160	109
4966	10	9	12	25	103	110
4967	10	9	13	26	80	111
4968	10	9	14	27	80	113
4969	10	9	15	28	80	115
4970	10	9	16	29	40	115
4971	10	9	17	30	40	117
4972	10	9	18	31	40	119
4973	10	9	19	32	243	120
4974	10	9	20	33	20	121
4975	10	9	21	34	20	123
4976	10	9	22	35	20	125
4977	10	9	23	36	253	126
4978	10	9	24	37	10	127
4979	10	9	25	38	10	129
4980	10	9	26	39	258	130
4981	10	9	27	40	258	132
4982	10	9	28	41	5	133
4983	10	9	29	42	5	135
4984	10	9	30	43	5	137
4985	10	9	31	44	129	138
4986	10	9	32	45	134	139
4987	10	10	0	12	34	102
4988	10	10	1	14	123	102
4989	10	10	2	15	193	102
4990	10	10	3	9	15	103
4991	10	10	4	8	61	104
4992	10	10	5	6	63	105
4993	10	10	6	19	149	105
4994	10	10	7	20	114	106
4995	10	10	8	3	19	107
4996	10	10	9	22	57	108
4997	10	10	10	23	206	109
4998	10	10	11	24	160	110
4999	10	10	12	25	103	111
5000	10	10	13	26	80	112
5001	10	10	14	27	80	114
5002	10	10	15	28	80	116
5003	10	10	16	29	40	116
5004	10	10	17	30	40	118
5005	10	10	18	31	40	120
5006	10	10	19	32	243	121
5007	10	10	20	33	20	122
5008	10	10	21	34	20	124
5009	10	10	22	35	20	126
5010	10	10	23	36	253	127
5011	10	10	24	37	10	128
5012	10	10	25	38	10	130
5013	10	10	26	39	258	131
5014	10	10	27	40	258	133
5015	10	10	28	41	5	134
5016	10	10	29	42	5	136
5017	10	10	30	43	5	138
5018	10	10	31	44	129	139
5019	10	11	0	10	236	103
5020	10	11	1	13	123	102
5021	10	11	2	14	140	103
5022	10	11	3	15	70	103
5023	10	11	4	16	35	103
5024	10	11	5	17	228	104
5025	10	11	6	18	35	105
5026	10	11	7	5	56	106
5027	10	11	8	20	149	107
5028	10	11	9	21	206	107
5029	10	11	10	22	206	109
5030	10	11	11	23	57	110
5031	10	11	12	24	103	111
5032	10	11	13	25	160	112
5033	10	11	14	26	183	113
5034	10	11	15	27	183	115
5035	10	11	16	28	183	117
5036	10	11	17	29	223	117
5037	10	11	18	30	223	119
5038	10	11	19	31	223	121
5039	10	11	20	32	20	122
5040	10	11	21	33	243	123
5041	10	11	22	34	243	125
5042	10	11	23	35	243	127
5043	10	11	24	36	10	128
5044	10	11	25	37	253	129
5045	10	11	26	38	253	131
5046	10	11	27	39	5	132
5047	10	11	28	40	5	134
5048	10	11	29	41	258	135
5049	10	11	30	42	258	137
5050	10	12	0	11	198	103
5051	10	12	1	12	34	103
5052	10	12	2	9	231	104
5053	10	12	3	15	70	104
5054	10	12	4	16	35	104
5055	10	12	5	17	228	105
5056	10	12	6	18	35	106
5057	10	12	7	19	149	106
5058	10	12	8	20	149	108
5059	10	12	9	21	206	108
5060	10	12	10	0	135	110
5061	10	12	11	23	57	111
5062	10	12	12	24	103	112
5063	10	12	13	25	160	113
5064	10	12	14	26	183	114
5065	10	12	15	27	183	116
5066	10	12	16	28	183	118
5067	10	12	17	29	223	118
5068	10	12	18	30	223	120
5069	10	12	19	31	223	122
5070	10	12	20	32	20	123
5071	10	12	21	33	243	124
5072	10	12	22	34	243	126
5073	10	12	23	35	243	128
5074	10	12	24	36	10	129
5075	10	12	25	37	253	130
5076	10	12	26	38	253	132
5077	10	12	27	39	5	133
5078	10	12	28	40	5	135
5079	10	12	29	41	258	136
5080	10	13	0	10	127	104
5081	10	13	1	11	68	104
5082	10	13	2	13	123	103
5083	10	13	3	14	140	104
5084	10	13	4	7	120	105
5085	10	13	5	16	228	105
5086	10	13	6	17	35	106
5087	10	13	7	18	228	107
5088	10	13	8	19	114	107
5089	10	13	9	1	152	109
5090	10	13	10	21	57	109
5091	10	13	11	22	206	110
5092	10	13	12	23	206	112
5093	10	13	13	24	160	113
5094	10	13	14	25	103	114
5095	10	13	15	26	80	115
5096	10	13	16	27	80	117
5097	10	13	17	28	80	119
5098	10	13	18	29	40	119
5099	10	13	19	30	40	121
5100	10	13	20	31	40	123
5101	10	13	21	32	243	124
5102	10	13	22	33	20	125
5103	10	13	23	34	20	127
5104	10	13	24	35	20	129
5105	10	13	25	36	253	130
5106	10	13	26	37	10	131
5107	10	13	27	38	10	133
5108	10	13	28	39	258	134
5109	10	14	0	8	144	105
5110	10	14	1	12	246	104
5111	10	14	2	13	123	104
5112	10	14	3	14	140	105
5113	10	14	4	15	70	105
5114	10	14	5	6	244	106
5115	10	14	6	4	252	107
5116	10	14	7	3	78	108
5117	10	14	8	19	114	108
5118	10	14	9	20	149	109
5119	10	14	10	21	57	110
5120	10	14	11	22	206	111
5121	10	14	12	23	206	113
5122	10	14	13	24	160	114
5123	10	14	14	25	103	115
5124	10	14	15	26	80	116
5125	10	14	16	27	80	118
5126	10	14	17	28	80	120
5127	10	14	18	29	40	120
5128	10	14	19	30	40	122
5129	10	14	20	31	40	124
5130	10	14	21	32	243	125
5131	10	14	22	33	20	126
5132	10	14	23	34	20	128
5133	10	14	24	35	20	130
5134	10	14	25	36	253	131
5135	10	14	26	37	10	132
5136	10	14	27	38	10	134
5137	10	15	0	9	195	105
5138	10	15	1	10	127	105
5139	10	15	2	11	68	105
5140	10	15	3	13	140	105
5141	10	15	4	14	123	106
5142	10	15	5	15	193	106
5143	10	15	6	16	228	106
5144	10	15	7	17	35	107
5145	10	15	8	18	228	108
5146	10	15	9	19	149	109
5147	10	15	10	20	114	110
5148	10	15	11	21	206	111
5149	10	15	12	22	57	112
5150	10	15	13	23	57	114
5151	10	15	14	24	103	115
5152	10	15	15	25	160	116
5153	10	15	16	26	183	117
5154	10	15	17	27	183	119
5155	10	15	18	28	183	121
5156	10	15	19	29	223	121
5157	10	15	20	30	223	123
5158	10	15	21	31	223	125
5159	10	15	22	32	20	126
5160	10	15	23	33	243	127
5161	10	15	24	34	243	129
5162	10	15	25	35	243	131
5163	10	15	26	36	10	132
5164	10	16	0	7	191	106
5165	10	16	1	8	144	106
5166	10	16	2	12	246	105
5167	10	16	3	9	259	106
5168	10	16	4	5	92	107
5169	10	16	5	15	193	107
5170	10	16	6	16	228	107
5171	10	16	7	17	35	108
5172	10	16	8	18	228	109
5173	10	16	9	19	149	110
5174	10	16	10	20	114	111
5175	10	16	11	21	206	112
5176	10	16	12	22	57	113
5177	10	16	13	23	57	115
5178	10	16	14	24	103	116
5179	10	16	15	25	160	117
5180	10	16	16	26	183	118
5181	10	16	17	27	183	120
5182	10	16	18	28	183	122
5183	10	16	19	29	223	122
5184	10	16	20	30	223	124
5185	10	16	21	31	223	126
5186	10	16	22	32	20	127
5187	10	16	23	33	243	128
5188	10	16	24	34	243	130
5189	10	16	25	35	243	132
5190	10	17	0	6	69	107
5191	10	17	1	10	34	106
5192	10	17	2	11	34	106
5193	10	17	3	12	17	106
5194	10	17	4	13	140	106
5195	10	17	5	14	123	107
5196	10	17	6	4	111	108
5197	10	17	7	16	35	108
5198	10	17	8	17	228	109
5199	10	17	9	18	35	110
5200	10	17	10	0	152	111
5201	10	17	11	20	149	112
5202	10	17	12	21	57	113
5203	10	17	13	22	206	114
5204	10	17	14	23	206	116
5205	10	17	15	24	160	117
5206	10	17	16	25	103	118
5207	10	17	17	26	80	119
5208	10	17	18	27	80	121
5209	10	17	19	28	80	123
5210	10	17	20	29	40	123
5211	10	17	21	30	40	125
5212	10	17	22	31	40	127
5213	10	17	23	32	243	128
5214	10	17	24	33	20	129
5215	10	18	0	7	165	107
5216	10	18	1	8	18	107
5217	10	18	2	9	245	107
5218	10	18	3	12	17	107
5219	10	18	4	13	140	107
5220	10	18	5	14	123	108
5221	10	18	6	15	193	108
5222	10	18	7	2	219	109
5223	10	18	8	1	49	110
5224	10	18	9	18	35	111
5225	10	18	10	19	149	111
5226	10	18	11	20	149	113
5227	10	18	12	21	57	114
5228	10	18	13	22	206	115
5229	10	18	14	23	206	117
5230	10	18	15	24	160	118
5231	10	18	16	25	103	119
5232	10	18	17	26	80	120
5233	10	18	18	27	80	122
5234	10	18	19	28	80	124
5235	10	18	20	29	40	124
5236	10	18	21	30	40	126
5237	10	18	22	31	40	128
5238	10	18	23	32	243	129
5239	10	19	0	5	25	108
5240	10	19	1	6	69	108
5241	10	19	2	10	34	107
5242	10	19	3	11	34	107
5243	10	19	4	7	172	108
5244	10	19	5	13	123	108
5245	10	19	6	14	140	109
5246	10	19	7	15	70	109
5247	10	19	8	16	35	109
5248	10	19	9	17	228	110
5249	10	19	10	18	228	112
5250	10	19	11	19	114	112
5251	10	19	12	20	114	114
5252	10	19	13	21	206	115
5253	10	19	14	22	57	116
5254	10	19	15	23	57	118
5255	10	19	16	24	103	119
5256	10	19	17	25	160	120
5257	10	19	18	26	183	121
5258	10	19	19	27	183	123
5259	10	19	20	28	183	125
5260	10	19	21	29	223	125
5261	10	19	22	30	223	127
5262	10	20	0	3	241	109
5263	10	20	1	8	260	108
5264	10	20	2	9	127	108
5265	10	20	3	11	34	108
5266	10	20	4	12	17	108
5267	10	20	5	4	69	109
5268	10	20	6	2	164	110
5269	10	20	7	15	70	110
5270	10	20	8	16	35	110
5271	10	20	9	17	228	111
5272	10	20	10	18	228	113
5273	10	20	11	19	114	113
5274	10	20	12	20	114	115
5275	10	20	13	21	206	116
5276	10	20	14	22	57	117
5277	10	20	15	23	57	119
5278	10	20	16	24	103	120
5279	10	20	17	25	160	121
5280	10	20	18	26	183	122
5281	10	20	19	27	183	124
5282	10	20	20	28	183	126
5283	10	20	21	29	223	126
5284	10	21	0	5	239	109
5285	10	21	1	6	191	109
5286	10	21	2	7	108	109
5287	10	21	3	10	34	108
5288	10	21	4	11	229	109
5289	10	21	5	12	246	109
5290	10	21	6	13	123	109
5291	10	21	7	14	140	110
5292	10	21	8	1	175	111
5293	10	21	9	16	228	111
5294	10	21	10	17	35	112
5295	10	21	11	18	35	114
5296	10	21	12	19	149	114
5297	10	21	13	20	149	116
5298	10	21	14	21	57	117
5299	10	21	15	22	206	118
5300	10	21	16	23	206	120
5301	10	21	17	24	160	121
5302	10	21	18	25	103	122
5303	10	21	19	26	80	123
5304	10	21	20	27	80	125
5305	10	22	0	3	163	110
5306	10	22	1	4	37	110
5307	10	22	2	8	260	109
5308	10	22	3	9	127	109
5309	10	22	4	5	166	110
5310	10	22	5	12	246	110
5311	10	22	6	13	123	110
5312	10	22	7	14	140	111
5313	10	22	8	15	70	111
5314	10	22	9	0	49	112
5315	10	22	10	17	35	113
5316	10	22	11	18	35	115
5317	10	22	12	19	149	115
5318	10	22	13	20	149	117
5319	10	22	14	21	57	118
5320	10	22	15	22	206	119
5321	10	22	16	23	206	121
5322	10	22	17	24	160	122
5323	10	22	18	25	103	123
5324	10	22	19	26	80	124
5325	10	23	0	2	137	111
5326	10	23	1	6	9	110
5327	10	23	2	7	18	110
5328	10	23	3	8	254	110
5329	10	23	4	10	34	109
5330	10	23	5	11	229	110
5331	10	23	6	3	184	111
5332	10	23	7	13	140	111
5333	10	23	8	14	123	112
5334	10	23	9	15	193	112
5335	10	23	10	16	228	112
5336	10	23	11	17	228	114
5337	10	23	12	18	228	116
5338	10	23	13	19	114	116
5339	10	23	14	20	114	118
5340	10	23	15	21	206	119
5341	10	23	16	22	57	120
5342	10	23	17	23	57	122
5343	10	23	18	24	103	123
5344	10	24	0	1	241	112
5345	10	24	1	4	25	111
5346	10	24	2	5	213	111
5347	10	24	3	9	68	110
5348	10	24	4	10	34	110
5349	10	24	5	11	229	111
5350	10	24	6	12	246	111
5351	10	24	7	2	41	112
5352	10	24	8	0	176	113
5353	10	24	9	15	193	113
5354	10	24	10	16	228	113
5355	10	24	11	17	228	115
5356	10	24	12	18	228	117
5357	10	24	13	19	114	117
5358	10	24	14	20	114	119
5359	10	24	15	21	206	120
5360	10	24	16	22	57	121
5361	10	24	17	23	57	123
5362	10	25	0	1	241	113
5363	10	25	1	3	163	112
5364	10	25	2	6	9	111
5365	10	25	3	7	18	111
5366	10	25	4	8	254	111
5367	10	25	5	10	229	111
5368	10	25	6	11	34	112
5369	10	25	7	12	17	112
5370	10	25	8	13	140	112
5371	10	25	9	14	123	113
5372	10	25	10	15	70	114
5373	10	25	11	16	35	114
5374	10	25	12	17	35	116
5375	10	25	13	18	35	118
5376	10	25	14	19	149	118
5377	10	25	15	20	149	120
5378	10	25	16	21	57	121
5379	10	26	0	0	88	114
5380	10	26	1	2	137	113
5381	10	26	2	4	25	112
5382	10	26	3	5	213	112
5383	10	26	4	9	68	111
5384	10	26	5	6	16	112
5385	10	26	6	3	171	113
5386	10	26	7	12	17	113
5387	10	26	8	13	140	113
5388	10	26	9	14	123	114
5389	10	26	10	15	70	115
5390	10	26	11	16	35	115
5391	10	26	12	17	35	117
5392	10	26	13	18	35	119
5393	10	26	14	19	149	119
5394	10	26	15	20	149	121
5395	10	27	0	0	88	115
5396	10	27	1	1	241	114
5397	10	27	2	4	25	113
5398	10	27	3	7	127	112
5399	10	27	4	8	127	112
5400	10	27	5	9	195	112
5401	10	27	6	10	229	112
5402	10	27	7	11	34	113
5403	10	27	8	2	152	114
5404	10	27	9	13	123	114
5405	10	27	10	14	140	115
5406	10	27	11	15	193	116
5407	10	27	12	16	228	116
5408	10	27	13	17	228	118
5409	10	27	14	18	228	120
5410	10	28	0	0	88	116
5411	10	28	1	1	241	115
5412	10	28	2	3	163	114
5413	10	28	3	5	191	113
5414	10	28	4	6	72	113
5415	10	28	5	9	195	113
5416	10	28	6	10	229	113
5417	10	28	7	11	34	114
5418	10	28	8	12	17	114
5419	10	28	9	13	123	115
5420	10	28	10	14	140	116
5421	10	28	11	15	193	117
5422	10	28	12	16	228	117
5423	10	28	13	17	228	119
5424	10	29	0	0	88	117
5425	10	29	1	1	241	116
5426	10	29	2	2	137	115
5427	10	29	3	4	25	114
5428	10	29	4	7	127	113
5429	10	29	5	8	127	113
5430	10	29	6	5	64	114
5431	10	29	7	10	34	114
5432	10	29	8	11	229	115
5433	10	29	9	12	246	115
5434	10	29	10	13	140	116
5435	10	29	11	14	123	117
5436	10	29	12	15	70	118
5437	10	30	0	0	88	118
5438	10	30	1	1	241	117
5439	10	30	2	2	137	116
5440	10	30	3	3	163	115
5441	10	30	4	6	18	114
5442	10	30	5	8	127	114
5443	10	30	6	9	195	114
5444	10	30	7	4	60	115
5445	10	30	8	11	229	116
5446	10	30	9	12	246	116
5447	10	30	10	13	140	117
5448	10	30	11	14	123	118
5449	10	31	0	0	88	119
5450	10	31	1	1	241	118
5451	10	31	2	2	137	117
5452	10	31	3	3	163	116
5453	10	31	4	5	191	115
5454	10	31	5	7	127	114
5455	10	31	6	8	136	115
5456	10	31	7	9	68	115
5457	10	31	8	10	34	115
5458	10	31	9	11	34	117
5459	10	31	10	12	17	117
5460	10	32	0	0	88	120
5461	10	32	1	1	241	119
5462	10	32	2	2	137	118
5463	10	32	3	3	163	117
5464	10	32	4	4	25	116
5465	10	32	5	6	18	115
5466	10	32	6	5	231	116
5467	10	32	7	9	68	116
5468	10	32	8	10	34	116
5469	10	32	9	11	34	118
5470	10	33	0	0	88	121
5471	10	33	1	1	241	120
5472	10	33	2	2	137	119
5473	10	33	3	3	163	118
5474	10	33	4	4	25	117
5475	10	33	5	6	18	116
5476	10	33	6	7	127	115
5477	10	33	7	8	136	116
5478	10	33	8	9	195	117
5479	10	34	0	0	88	122
5480	10	34	1	1	241	121
5481	10	34	2	2	137	120
5482	10	34	3	3	163	119
5483	10	34	4	4	25	118
5484	10	34	5	5	191	117
5485	10	34	6	7	127	116
5486	10	34	7	8	136	117
5487	10	35	0	0	88	123
5488	10	35	1	1	241	122
5489	10	35	2	2	137	121
5490	10	35	3	3	163	120
5491	10	35	4	4	25	119
5492	10	35	5	5	191	118
5493	10	35	6	6	18	117
5494	10	36	0	0	88	124
5495	10	36	1	1	241	123
5496	10	36	2	2	137	122
5497	10	36	3	3	163	121
5498	10	36	4	4	25	120
5499	10	36	5	5	191	119
5500	10	37	0	0	88	125
5501	10	37	1	1	241	124
5502	10	37	2	2	137	123
5503	10	37	3	3	163	122
5504	10	37	4	4	25	121
5505	10	38	0	0	88	126
5506	10	38	1	1	241	125
5507	10	38	2	2	137	124
5508	10	38	3	3	163	123
5509	10	39	0	0	88	127
5510	10	39	1	1	241	126
5511	10	39	2	2	137	125
5512	10	40	0	0	88	128
5513	10	40	1	1	241	127
5514	10	41	0	0	88	129
5515	11	0	0	60	2	154
5516	11	0	1	61	261	155
5517	11	0	2	62	1	156
5518	11	0	3	63	1	158
5519	11	0	4	64	1	160
5520	11	0	5	65	262	161
5521	11	0	6	66	132	162
5522	11	0	7	67	132	164
5523	11	0	8	68	132	166
5524	11	0	9	69	131	167
5525	11	0	10	70	131	169
5526	11	0	11	71	66	170
5527	11	0	12	72	66	172
5528	11	0	13	73	197	173
5529	11	0	14	74	197	175
5530	11	0	15	75	33	176
5531	11	0	16	76	33	178
5532	11	0	17	77	230	179
5533	11	0	18	78	230	181
5534	11	0	19	79	230	183
5535	11	0	20	80	148	184
5536	11	0	21	81	115	185
5537	11	0	22	82	115	187
5538	11	0	23	83	115	189
5539	11	0	24	84	74	190
5540	11	0	25	85	189	191
5541	11	0	26	86	189	193
5542	11	0	27	87	189	195
5543	11	0	28	88	189	197
5544	11	0	29	89	226	197
5545	11	0	30	90	226	199
5546	11	0	31	91	226	201
5547	11	0	32	92	226	203
5548	11	0	33	93	113	203
5549	11	0	34	94	113	205
5550	11	0	35	95	113	207
5551	11	0	36	96	113	209
5552	11	1	0	58	44	151
5553	11	1	1	59	44	153
5554	11	1	2	60	44	155
5555	11	1	3	61	219	156
5556	11	1	4	62	22	157
5557	11	1	5	63	22	159
5558	11	1	6	64	22	161
5559	11	1	7	65	241	162
5560	11	1	8	66	11	163
5561	11	1	9	67	11	165
5562	11	1	10	68	11	167
5563	11	1	11	69	252	168
5564	11	1	12	70	252	170
5565	11	1	13	71	137	171
5566	11	1	14	72	137	173
5567	11	1	15	73	126	174
5568	11	1	16	74	126	176
5569	11	1	17	75	200	177
5570	11	1	18	76	200	179
5571	11	1	19	77	63	180
5572	11	1	20	78	63	182
5573	11	1	21	79	63	184
5574	11	1	22	80	100	185
5575	11	1	23	81	163	186
5576	11	1	24	82	163	188
5577	11	1	25	83	163	190
5578	11	1	26	84	50	191
5579	11	1	27	85	213	192
5580	11	1	28	86	213	194
5581	11	1	29	87	213	196
5582	11	1	30	88	213	198
5583	11	1	31	89	238	198
5584	11	1	32	90	238	200
5585	11	1	33	91	238	202
5586	11	1	34	92	238	204
5587	11	1	35	93	119	204
5588	11	2	0	57	73	150
5589	11	2	1	58	73	152
5590	11	2	2	59	73	154
5591	11	2	3	60	73	156
5592	11	2	4	61	190	157
5593	11	2	5	62	168	158
5594	11	2	6	63	168	160
5595	11	2	7	64	168	162
5596	11	2	8	65	95	163
5597	11	2	9	66	84	164
5598	11	2	10	67	84	166
5599	11	2	11	68	84	168
5600	11	2	12	69	179	169
5601	11	2	13	70	179	171
5602	11	2	14	71	42	172
5603	11	2	15	72	42	174
5604	11	2	16	73	221	175
5605	11	2	17	74	221	177
5606	11	2	18	75	21	178
5607	11	2	19	76	21	180
5608	11	2	20	77	242	181
5609	11	2	21	78	242	183
5610	11	2	22	79	242	185
5611	11	2	23	80	142	186
5612	11	2	24	81	121	187
5613	11	2	25	82	121	189
5614	11	2	26	83	121	191
5615	11	2	27	84	71	192
5616	11	2	28	85	192	193
5617	11	2	29	86	192	195
5618	11	2	30	87	192	197
5619	11	2	31	88	192	199
5620	11	2	32	89	96	199
5621	11	2	33	90	96	201
5622	11	2	34	91	96	203
5623	11	3	0	55	56	149
5624	11	3	1	56	56	151
5625	11	3	2	57	28	151
5626	11	3	3	58	28	153
5627	11	3	4	59	28	155
5628	11	3	5	60	28	157
5629	11	3	6	61	235	158
5630	11	3	7	62	14	159
5631	11	3	8	63	14	161
5632	11	3	9	64	14	163
5633	11	3	10	65	249	164
5634	11	3	11	66	7	165
5635	11	3	12	67	7	167
5636	11	3	13	68	7	169
5637	11	3	14	69	256	170
5638	11	3	15	70	256	172
5639	11	3	16	71	135	173
5640	11	3	17	72	135	175
5641	11	3	18	73	128	176
5642	11	3	19	74	128	178
5643	11	3	20	75	199	179
5644	11	3	21	76	199	181
5645	11	3	22	77	64	182
5646	11	3	23	78	64	184
5647	11	3	24	79	64	186
5648	11	3	25	80	231	187
5649	11	3	26	81	32	188
5650	11	3	27	82	32	190
5651	11	3	28	83	32	192
5652	11	3	29	84	247	193
5653	11	3	30	85	16	194
5654	11	3	31	86	16	196
5655	11	3	32	87	16	198
5656	11	3	33	88	16	200
5657	11	4	0	54	69	148
5658	11	4	1	55	69	150
5659	11	4	2	56	69	152
5660	11	4	3	57	166	152
5661	11	4	4	58	166	154
5662	11	4	5	59	166	156
5663	11	4	6	60	166	158
5664	11	4	7	61	97	159
5665	11	4	8	62	83	160
5666	11	4	9	63	83	162
5667	11	4	10	64	83	164
5668	11	4	11	65	180	165
5669	11	4	12	66	173	166
5670	11	4	13	67	173	168
5671	11	4	14	68	173	170
5672	11	4	15	69	90	171
5673	11	4	16	70	90	173
5674	11	4	17	71	218	174
5675	11	4	18	72	218	176
5676	11	4	19	73	45	177
5677	11	4	20	74	45	179
5678	11	4	21	75	109	180
5679	11	4	22	76	109	182
5680	11	4	23	77	154	183
5681	11	4	24	78	154	185
5682	11	4	25	79	154	187
5683	11	4	26	80	186	188
5684	11	4	27	81	77	189
5685	11	4	28	82	77	191
5686	11	4	29	83	77	193
5687	11	4	30	84	93	194
5688	11	4	31	85	170	195
5689	11	4	32	86	170	197
5690	11	5	0	52	143	147
5691	11	5	1	53	203	147
5692	11	5	2	54	203	149
5693	11	5	3	55	203	151
5694	11	5	4	56	203	153
5695	11	5	5	57	233	153
5696	11	5	6	58	233	155
5697	11	5	7	59	233	157
5698	11	5	8	60	233	159
5699	11	5	9	61	30	160
5700	11	5	10	62	248	161
5701	11	5	11	63	248	163
5702	11	5	12	64	248	165
5703	11	5	13	65	15	166
5704	11	5	14	66	124	167
5705	11	5	15	67	124	169
5706	11	5	16	68	124	171
5707	11	5	17	69	139	172
5708	11	5	18	70	139	174
5709	11	5	19	71	62	175
5710	11	5	20	72	62	177
5711	11	5	21	73	201	178
5712	11	5	22	74	201	180
5713	11	5	23	75	31	181
5714	11	5	24	76	31	183
5715	11	5	25	77	232	184
5716	11	5	26	78	232	186
5717	11	5	27	79	232	188
5718	11	5	28	80	147	189
5719	11	5	29	81	116	190
5720	11	5	30	82	116	192
5721	11	5	31	83	116	194
5722	11	6	0	51	40	146
5723	11	6	1	52	40	148
5724	11	6	2	53	20	148
5725	11	6	3	54	20	150
5726	11	6	4	55	20	152
5727	11	6	5	56	20	154
5728	11	6	6	57	10	154
5729	11	6	7	58	10	156
5730	11	6	8	59	10	158
5731	11	6	9	60	10	160
5732	11	6	10	61	253	161
5733	11	6	11	62	5	162
5734	11	6	12	63	5	164
5735	11	6	13	64	5	166
5736	11	6	14	65	258	167
5737	11	6	15	66	134	168
5738	11	6	16	67	134	170
5739	11	6	17	68	134	172
5740	11	6	18	69	129	173
5741	11	6	19	70	129	175
5742	11	6	20	71	67	176
5743	11	6	21	72	67	178
5744	11	6	22	73	196	179
5745	11	6	23	74	196	181
5746	11	6	24	75	165	182
5747	11	6	25	76	165	184
5748	11	6	26	77	98	185
5749	11	6	27	78	98	187
5750	11	6	28	79	98	189
5751	11	6	29	80	214	190
5752	11	6	30	81	49	191
5753	11	7	0	49	91	143
5754	11	7	1	50	91	145
5755	11	7	2	51	91	147
5756	11	7	3	52	91	149
5757	11	7	4	53	177	149
5758	11	7	5	54	177	151
5759	11	7	6	55	177	153
5760	11	7	7	56	177	155
5761	11	7	8	57	220	155
5762	11	7	9	58	220	157
5763	11	7	10	59	220	159
5764	11	7	11	60	220	161
5765	11	7	12	61	43	162
5766	11	7	13	62	110	163
5767	11	7	14	63	110	165
5768	11	7	15	64	110	167
5769	11	7	16	65	153	168
5770	11	7	17	66	55	169
5771	11	7	18	67	55	171
5772	11	7	19	68	55	173
5773	11	7	20	69	208	174
5774	11	7	21	70	208	176
5775	11	7	22	71	159	177
5776	11	7	23	72	159	179
5777	11	7	24	73	104	180
5778	11	7	25	74	104	182
5779	11	7	26	75	211	183
5780	11	7	27	76	211	185
5781	11	7	28	77	52	186
5782	11	7	29	78	52	188
5783	11	8	0	48	118	143
5784	11	8	1	49	145	144
5785	11	8	2	50	145	146
5786	11	8	3	51	145	148
5787	11	8	4	52	145	150
5788	11	8	5	53	204	150
5789	11	8	6	54	204	152
5790	11	8	7	55	204	154
5791	11	8	8	56	204	156
5792	11	8	9	57	102	156
5793	11	8	10	58	102	158
5794	11	8	11	59	102	160
5795	11	8	12	60	102	162
5796	11	8	13	61	161	163
5797	11	8	14	62	51	164
5798	11	8	15	63	51	166
5799	11	8	16	64	51	168
5800	11	8	17	65	212	169
5801	11	8	18	66	157	170
5802	11	8	19	67	157	172
5803	11	8	20	68	157	174
5804	11	8	21	69	106	175
5805	11	8	22	70	106	177
5806	11	8	23	71	210	178
5807	11	8	24	72	210	180
5808	11	8	25	73	53	181
5809	11	8	26	74	53	183
5810	11	8	27	75	105	184
5811	11	8	28	76	105	186
5812	11	9	0	46	68	141
5813	11	9	1	47	68	143
5814	11	9	2	48	229	144
5815	11	9	3	49	34	145
5816	11	9	4	50	34	147
5817	11	9	5	51	34	149
5818	11	9	6	52	34	151
5819	11	9	7	53	17	151
5820	11	9	8	54	17	153
5821	11	9	9	55	17	155
5822	11	9	10	56	17	157
5823	11	9	11	57	140	157
5824	11	9	12	58	140	159
5825	11	9	13	59	140	161
5826	11	9	14	60	140	163
5827	11	9	15	61	123	164
5828	11	9	16	62	70	165
5829	11	9	17	63	70	167
5830	11	9	18	64	70	169
5831	11	9	19	65	193	170
5832	11	9	20	66	35	171
5833	11	9	21	67	35	173
5834	11	9	22	68	35	175
5835	11	9	23	69	228	176
5836	11	9	24	70	228	178
5837	11	9	25	71	149	179
5838	11	9	26	72	149	181
5839	11	9	27	73	114	182
5840	11	10	0	45	65	140
5841	11	10	1	46	65	142
5842	11	10	2	47	65	144
5843	11	10	3	48	99	145
5844	11	10	4	49	164	146
5845	11	10	5	50	164	148
5846	11	10	6	51	164	150
5847	11	10	7	52	164	152
5848	11	10	8	53	82	152
5849	11	10	9	54	82	154
5850	11	10	10	55	82	156
5851	11	10	11	56	82	158
5852	11	10	12	57	41	158
5853	11	10	13	58	41	160
5854	11	10	14	59	41	162
5855	11	10	15	60	41	164
5856	11	10	16	61	222	165
5857	11	10	17	62	152	166
5858	11	10	18	63	152	168
5859	11	10	19	64	152	170
5860	11	10	20	65	111	171
5861	11	10	21	66	76	172
5862	11	10	22	67	76	174
5863	11	10	23	68	76	176
5864	11	10	24	69	187	177
5865	11	10	25	70	187	179
5866	11	10	26	71	38	180
5867	11	11	0	43	230	139
5868	11	11	1	44	148	140
5869	11	11	2	45	115	141
5870	11	11	3	46	115	143
5871	11	11	4	47	115	145
5872	11	11	5	48	74	146
5873	11	11	6	49	189	147
5874	11	11	7	50	189	149
5875	11	11	8	51	189	151
5876	11	11	9	52	189	153
5877	11	11	10	53	226	153
5878	11	11	11	54	226	155
5879	11	11	12	55	226	157
5880	11	11	13	56	226	159
5881	11	11	14	57	113	159
5882	11	11	15	58	113	161
5883	11	11	16	59	113	163
5884	11	11	17	60	113	165
5885	11	11	18	61	150	166
5886	11	11	19	62	188	167
5887	11	11	20	63	188	169
5888	11	11	21	64	188	171
5889	11	11	22	65	75	172
5890	11	11	23	66	94	173
5891	11	11	24	67	94	175
5892	11	11	25	68	94	177
5893	11	12	0	42	11	138
5894	11	12	1	43	11	140
5895	11	12	2	44	126	141
5896	11	12	3	45	137	142
5897	11	12	4	46	137	144
5898	11	12	5	47	137	146
5899	11	12	6	48	63	147
5900	11	12	7	49	200	148
5901	11	12	8	50	200	150
5902	11	12	9	51	200	152
5903	11	12	10	52	200	154
5904	11	12	11	53	100	154
5905	11	12	12	54	100	156
5906	11	12	13	55	100	158
5907	11	12	14	56	100	160
5908	11	12	15	57	50	160
5909	11	12	16	58	50	162
5910	11	12	17	59	50	164
5911	11	12	18	60	50	166
5912	11	12	19	61	213	167
5913	11	12	20	62	25	168
5914	11	12	21	63	25	170
5915	11	12	22	64	25	172
5916	11	12	23	65	238	173
5917	11	12	24	66	144	174
5918	11	13	0	40	21	136
5919	11	13	1	41	242	137
5920	11	13	2	42	242	139
5921	11	13	3	43	242	141
5922	11	13	4	44	142	142
5923	11	13	5	45	121	143
5924	11	13	6	46	121	145
5925	11	13	7	47	121	147
5926	11	13	8	48	71	148
5927	11	13	9	49	192	149
5928	11	13	10	50	192	151
5929	11	13	11	51	192	153
5930	11	13	12	52	192	155
5931	11	13	13	53	96	155
5932	11	13	14	54	96	157
5933	11	13	15	55	96	159
5934	11	13	16	56	96	161
5935	11	13	17	57	48	161
5936	11	13	18	58	48	163
5937	11	13	19	59	48	165
5938	11	13	20	60	48	167
5939	11	13	21	61	215	168
5940	11	13	22	62	24	169
5941	11	13	23	63	24	171
5942	11	14	0	39	256	135
5943	11	14	1	40	256	137
5944	11	14	2	41	7	138
5945	11	14	3	42	7	140
5946	11	14	4	43	7	142
5947	11	14	5	44	128	143
5948	11	14	6	45	135	144
5949	11	14	7	46	135	146
5950	11	14	8	47	135	148
5951	11	14	9	48	64	149
5952	11	14	10	49	199	150
5953	11	14	11	50	199	152
5954	11	14	12	51	199	154
5955	11	14	13	52	199	156
5956	11	14	14	53	231	156
5957	11	14	15	54	231	158
5958	11	14	16	55	231	160
5959	11	14	17	56	231	162
5960	11	14	18	57	247	162
5961	11	14	19	58	247	164
5962	11	14	20	59	247	166
5963	11	14	21	60	247	168
5964	11	14	22	61	16	169
5965	11	15	0	37	45	133
5966	11	15	1	38	45	135
5967	11	15	2	39	109	136
5968	11	15	3	40	109	138
5969	11	15	4	41	154	139
5970	11	15	5	42	154	141
5971	11	15	6	43	154	143
5972	11	15	7	44	186	144
5973	11	15	8	45	77	145
5974	11	15	9	46	77	147
5975	11	15	10	47	77	149
5976	11	15	11	48	93	150
5977	11	15	12	49	170	151
5978	11	15	13	50	170	153
5979	11	15	14	51	170	155
5980	11	15	15	52	170	157
5981	11	15	16	53	85	157
5982	11	15	17	54	85	159
5983	11	15	18	55	85	161
5984	11	15	19	56	85	163
5985	11	15	20	57	174	163
5986	11	15	21	58	174	165
5987	11	16	0	36	15	133
5988	11	16	1	37	248	134
5989	11	16	2	38	248	136
5990	11	16	3	39	139	137
5991	11	16	4	40	139	139
5992	11	16	5	41	124	140
5993	11	16	6	42	124	142
5994	11	16	7	43	124	144
5995	11	16	8	44	201	145
5996	11	16	9	45	62	146
5997	11	16	10	46	62	148
5998	11	16	11	47	62	150
5999	11	16	12	48	232	151
6000	11	16	13	49	31	152
6001	11	16	14	50	31	154
6002	11	16	15	51	31	156
6003	11	16	16	52	31	158
6004	11	16	17	53	147	158
6005	11	16	18	54	147	160
6006	11	16	19	55	147	162
6007	11	16	20	56	147	164
6008	11	17	0	34	129	131
6009	11	17	1	35	129	133
6010	11	17	2	36	67	134
6011	11	17	3	37	196	135
6012	11	17	4	38	196	137
6013	11	17	5	39	165	138
6014	11	17	6	40	165	140
6015	11	17	7	41	98	141
6016	11	17	8	42	98	143
6017	11	17	9	43	98	145
6018	11	17	10	44	214	146
6019	11	17	11	45	49	147
6020	11	17	12	46	49	149
6021	11	17	13	47	49	151
6022	11	17	14	48	107	152
6023	11	17	15	49	156	153
6024	11	17	16	50	156	155
6025	11	17	17	51	156	157
6026	11	17	18	52	156	159
6027	11	17	19	53	78	159
6028	11	18	0	33	220	130
6029	11	18	1	34	220	132
6030	11	18	2	35	220	134
6031	11	18	3	36	153	135
6032	11	18	4	37	110	136
6033	11	18	5	38	110	138
6034	11	18	6	39	208	139
6035	11	18	7	40	208	141
6036	11	18	8	41	55	142
6037	11	18	9	42	55	144
6038	11	18	10	43	55	146
6039	11	18	11	44	104	147
6040	11	18	12	45	159	148
6041	11	18	13	46	159	150
6042	11	18	14	47	159	152
6043	11	18	15	48	52	153
6044	11	18	16	49	211	154
6045	11	18	17	50	211	156
6046	11	18	18	51	211	158
6047	11	19	0	31	212	129
6048	11	19	1	32	157	130
6049	11	19	2	33	106	131
6050	11	19	3	34	106	133
6051	11	19	4	35	106	135
6052	11	19	5	36	210	136
6053	11	19	6	37	53	137
6054	11	19	7	38	53	139
6055	11	19	8	39	105	140
6056	11	19	9	40	105	142
6057	11	19	10	41	158	143
6058	11	19	11	42	158	145
6059	11	19	12	43	158	147
6060	11	19	13	44	184	148
6061	11	19	14	45	79	149
6062	11	19	15	46	79	151
6063	11	19	16	47	79	153
6064	11	19	17	48	92	154
6065	11	20	0	30	17	128
6066	11	20	1	31	17	130
6067	11	20	2	32	123	131
6068	11	20	3	33	140	132
6069	11	20	4	34	140	134
6070	11	20	5	35	140	136
6071	11	20	6	36	193	137
6072	11	20	7	37	70	138
6073	11	20	8	38	70	140
6074	11	20	9	39	228	141
6075	11	20	10	40	228	143
6076	11	20	11	41	35	144
6077	11	20	12	42	35	146
6078	11	20	13	43	35	148
6079	11	20	14	44	114	149
6080	11	20	15	45	149	150
6081	11	20	16	46	149	152
6082	11	21	0	28	222	127
6083	11	21	1	29	111	127
6084	11	21	2	30	111	129
6085	11	21	3	31	111	131
6086	11	21	4	32	76	132
6087	11	21	5	33	187	133
6088	11	21	6	34	187	135
6089	11	21	7	35	187	137
6090	11	21	8	36	38	138
6091	11	21	9	37	225	139
6092	11	21	10	38	225	141
6093	11	21	11	39	19	142
6094	11	21	12	40	19	144
6095	11	21	13	41	244	145
6096	11	21	14	42	244	147
6097	11	21	15	43	244	149
6098	11	22	0	27	189	126
6099	11	22	1	28	189	128
6100	11	22	2	29	226	128
6101	11	22	3	30	226	130
6102	11	22	4	31	226	132
6103	11	22	5	32	150	133
6104	11	22	6	33	113	134
6105	11	22	7	34	113	136
6106	11	22	8	35	113	138
6107	11	22	9	36	75	139
6108	11	22	10	37	188	140
6109	11	22	11	38	188	142
6110	11	22	12	39	169	143
6111	11	22	13	40	169	145
6112	11	22	14	41	94	146
6113	11	23	0	25	100	124
6114	11	23	1	26	213	125
6115	11	23	2	27	213	127
6116	11	23	3	28	213	129
6117	11	23	4	29	238	129
6118	11	23	5	30	238	131
6119	11	23	6	31	238	133
6120	11	23	7	32	144	134
6121	11	23	8	33	119	135
6122	11	23	9	34	119	137
6123	11	23	10	35	119	139
6124	11	23	11	36	72	140
6125	11	23	12	37	191	141
6126	11	23	13	38	191	143
6127	11	24	0	24	121	124
6128	11	24	1	25	142	125
6129	11	24	2	26	192	126
6130	11	24	3	27	192	128
6131	11	24	4	28	192	130
6132	11	24	5	29	96	130
6133	11	24	6	30	96	132
6134	11	24	7	31	96	134
6135	11	24	8	32	215	135
6136	11	24	9	33	48	136
6137	11	24	10	34	48	138
6138	11	24	11	35	48	140
6139	11	24	12	36	239	141
6140	11	25	0	22	199	122
6141	11	25	1	23	199	124
6142	11	25	2	24	32	125
6143	11	25	3	25	231	126
6144	11	25	4	26	16	127
6145	11	25	5	27	16	129
6146	11	25	6	28	16	131
6147	11	25	7	29	8	131
6148	11	25	8	30	8	133
6149	11	25	9	31	8	135
6150	11	25	10	32	259	136
6151	11	25	11	33	4	137
6152	11	26	0	21	154	122
6153	11	26	1	22	109	123
6154	11	26	2	23	109	125
6155	11	26	3	24	77	126
6156	11	26	4	25	186	127
6157	11	26	5	26	170	128
6158	11	26	6	27	170	130
6159	11	26	7	28	170	132
6160	11	26	8	29	85	132
6161	11	26	9	30	85	134
6162	11	26	10	31	85	136
6163	11	27	0	19	62	120
6164	11	27	1	20	62	122
6165	11	27	2	21	232	123
6166	11	27	3	22	31	124
6167	11	27	4	23	31	126
6168	11	27	5	24	116	127
6169	11	27	6	25	147	128
6170	11	27	7	26	58	129
6171	11	27	8	27	58	131
6172	11	27	9	28	58	133
6173	11	28	0	18	134	121
6174	11	28	1	19	67	121
6175	11	28	2	20	67	123
6176	11	28	3	21	98	124
6177	11	28	4	22	165	125
6178	11	28	5	23	165	127
6179	11	28	6	24	49	128
6180	11	28	7	25	214	129
6181	11	28	8	26	156	130
6182	11	29	0	16	55	118
6183	11	29	1	17	55	120
6184	11	29	2	18	55	122
6185	11	29	3	19	159	122
6186	11	29	4	20	159	124
6187	11	29	5	21	52	125
6188	11	29	6	22	211	126
6189	11	29	7	23	211	128
6190	11	30	0	15	51	119
6191	11	30	1	16	157	119
6192	11	30	2	17	157	121
6193	11	30	3	18	157	123
6194	11	30	4	19	210	123
6195	11	30	5	20	210	125
6196	11	30	6	21	158	126
6197	11	31	0	13	140	118
6198	11	31	1	14	123	119
6199	11	31	2	15	70	120
6200	11	31	3	16	35	120
6201	11	31	4	17	35	122
6202	11	31	5	18	35	124
6203	11	32	0	12	181	118
6204	11	32	1	13	41	119
6205	11	32	2	14	222	120
6206	11	32	3	15	152	121
6207	11	32	4	16	76	121
6208	11	33	0	10	74	117
6209	11	33	1	11	74	119
6210	11	33	2	12	37	119
6211	11	33	3	13	113	120
6212	11	34	0	9	126	118
6213	11	34	1	10	63	118
6214	11	34	2	11	63	120
6215	11	35	0	7	21	117
6216	11	35	1	8	242	118
6217	11	36	0	6	235	118
6218	12	0	0	97	52	210
6219	12	0	1	98	237	211
6220	12	0	2	99	237	213
6221	12	0	3	100	237	215
6222	12	0	4	101	26	216
6223	12	0	5	102	250	217
6224	12	0	6	103	250	219
6225	12	0	7	104	250	221
6226	12	0	8	105	13	222
6227	12	0	9	106	13	224
6228	12	0	10	107	125	225
6229	12	0	11	108	125	227
6230	12	0	12	109	138	228
6231	12	0	13	110	138	230
6232	12	0	14	111	194	231
6233	12	0	15	112	194	233
6234	12	0	16	113	69	234
6235	12	0	17	114	69	236
6236	12	0	18	115	69	238
6237	12	0	19	116	97	239
6238	12	0	20	117	166	240
6239	12	0	21	118	166	242
6240	12	0	22	119	166	244
6241	12	0	23	120	180	245
6242	12	0	24	121	83	246
6243	12	0	25	122	83	248
6244	12	0	26	123	83	250
6245	12	0	27	124	83	252
6246	12	0	28	125	173	252
6247	12	0	29	126	173	254
6248	12	0	30	127	173	256
6249	12	0	31	128	173	258
6250	12	0	32	129	218	258
6251	12	0	33	130	218	260
6252	12	1	0	94	231	206
6253	12	1	1	95	231	208
6254	12	1	2	96	231	210
6255	12	1	3	97	32	211
6256	12	1	4	98	247	212
6257	12	1	5	99	247	214
6258	12	1	6	100	247	216
6259	12	1	7	101	16	217
6260	12	1	8	102	255	218
6261	12	1	9	103	255	220
6262	12	1	10	104	255	222
6263	12	1	11	105	8	223
6264	12	1	12	106	8	225
6265	12	1	13	107	259	226
6266	12	1	14	108	259	228
6267	12	1	15	109	4	229
6268	12	1	16	110	4	231
6269	12	1	17	111	261	232
6270	12	1	18	112	261	234
6271	12	1	19	113	2	235
6272	12	1	20	114	2	237
6273	12	1	21	115	2	239
6274	12	1	22	116	262	240
6275	12	1	23	117	1	241
6276	12	1	24	118	1	243
6277	12	1	25	119	1	245
6278	12	1	26	120	131	246
6279	12	1	27	121	132	247
6280	12	1	28	122	132	249
6281	12	1	29	123	132	251
6282	12	1	30	124	132	253
6283	12	1	31	125	66	253
6284	12	1	32	126	66	255
6285	12	2	0	92	51	205
6286	12	2	1	93	157	205
6287	12	2	2	94	157	207
6288	12	2	3	95	157	209
6289	12	2	4	96	157	211
6290	12	2	5	97	106	212
6291	12	2	6	98	210	213
6292	12	2	7	99	210	215
6293	12	2	8	100	210	217
6294	12	2	9	101	53	218
6295	12	2	10	102	105	219
6296	12	2	11	103	105	221
6297	12	2	12	104	105	223
6298	12	2	13	105	158	224
6299	12	2	14	106	158	226
6300	12	2	15	107	184	227
6301	12	2	16	108	184	229
6302	12	2	17	109	79	230
6303	12	2	18	110	79	232
6304	12	2	19	111	92	233
6305	12	2	20	112	92	235
6306	12	2	21	113	171	236
6307	12	2	22	114	171	238
6308	12	2	23	115	171	240
6309	12	2	24	116	46	241
6310	12	2	25	117	217	242
6311	12	2	26	118	217	244
6312	12	2	27	119	217	246
6313	12	2	28	120	23	247
6314	12	2	29	121	240	248
6315	12	2	30	122	240	250
6316	12	2	31	123	240	252
6317	12	3	0	89	173	200
6318	12	3	1	90	173	202
6319	12	3	2	91	173	204
6320	12	3	3	92	173	206
6321	12	3	4	93	218	206
6322	12	3	5	94	218	208
6323	12	3	6	95	218	210
6324	12	3	7	96	218	212
6325	12	3	8	97	45	213
6326	12	3	9	98	109	214
6327	12	3	10	99	109	216
6328	12	3	11	100	109	218
6329	12	3	12	101	154	219
6330	12	3	13	102	186	220
6331	12	3	14	103	186	222
6332	12	3	15	104	186	224
6333	12	3	16	105	77	225
6334	12	3	17	106	77	227
6335	12	3	18	107	93	228
6336	12	3	19	108	93	230
6337	12	3	20	109	170	231
6338	12	3	21	110	170	233
6339	12	3	22	111	178	234
6340	12	3	23	112	178	236
6341	12	3	24	113	85	237
6342	12	3	25	114	85	239
6343	12	3	26	115	85	241
6344	12	3	27	116	89	242
6345	12	3	28	117	174	243
6346	12	3	29	118	174	245
6347	12	3	30	119	174	247
6348	12	4	0	87	127	199
6349	12	4	1	88	127	201
6350	12	4	2	89	195	201
6351	12	4	3	90	195	203
6352	12	4	4	91	195	205
6353	12	4	5	92	195	207
6354	12	4	6	93	229	207
6355	12	4	7	94	229	209
6356	12	4	8	95	229	211
6357	12	4	9	96	229	213
6358	12	4	10	97	34	214
6359	12	4	11	98	246	215
6360	12	4	12	99	246	217
6361	12	4	13	100	246	219
6362	12	4	14	101	17	220
6363	12	4	15	102	123	221
6364	12	4	16	103	123	223
6365	12	4	17	104	123	225
6366	12	4	18	105	140	226
6367	12	4	19	106	140	228
6368	12	4	20	107	193	229
6369	12	4	21	108	193	231
6370	12	4	22	109	70	232
6371	12	4	23	110	70	234
6372	12	4	24	111	228	235
6373	12	4	25	112	228	237
6374	12	4	26	113	35	238
6375	12	4	27	114	35	240
6376	12	4	28	115	35	242
6377	12	4	29	116	114	243
6378	12	5	0	84	23	195
6379	12	5	1	85	240	196
6380	12	5	2	86	240	198
6381	12	5	3	87	240	200
6382	12	5	4	88	240	202
6383	12	5	5	89	120	202
6384	12	5	6	90	120	204
6385	12	5	7	91	120	206
6386	12	5	8	92	120	208
6387	12	5	9	93	60	208
6388	12	5	10	94	60	210
6389	12	5	11	95	60	212
6390	12	5	12	96	60	214
6391	12	5	13	97	203	215
6392	12	5	14	98	30	216
6393	12	5	15	99	30	218
6394	12	5	16	100	30	220
6395	12	5	17	101	233	221
6396	12	5	18	102	15	222
6397	12	5	19	103	15	224
6398	12	5	20	104	15	226
6399	12	5	21	105	248	227
6400	12	5	22	106	248	229
6401	12	5	23	107	139	230
6402	12	5	24	108	139	232
6403	12	5	25	109	124	233
6404	12	5	26	110	124	235
6405	12	5	27	111	201	236
6406	12	5	28	112	201	238
6407	12	6	0	82	12	193
6408	12	6	1	83	12	195
6409	12	6	2	84	257	196
6410	12	6	3	85	6	197
6411	12	6	4	86	6	199
6412	12	6	5	87	6	201
6413	12	6	6	88	6	203
6414	12	6	7	89	3	203
6415	12	6	8	90	3	205
6416	12	6	9	91	3	207
6417	12	6	10	92	3	209
6418	12	6	11	93	133	209
6419	12	6	12	94	133	211
6420	12	6	13	95	133	213
6421	12	6	14	96	133	215
6422	12	6	15	97	130	216
6423	12	6	16	98	198	217
6424	12	6	17	99	198	219
6425	12	6	18	100	198	221
6426	12	6	19	101	65	222
6427	12	6	20	102	99	223
6428	12	6	21	103	99	225
6429	12	6	22	104	99	227
6430	12	6	23	105	164	228
6431	12	6	24	106	164	230
6432	12	6	25	107	181	231
6433	12	6	26	108	181	233
6434	12	6	27	109	82	234
6435	12	7	0	79	35	190
6436	12	7	1	80	114	191
6437	12	7	2	81	149	192
6438	12	7	3	82	149	194
6439	12	7	4	83	149	196
6440	12	7	5	84	57	197
6441	12	7	6	85	206	198
6442	12	7	7	86	206	200
6443	12	7	8	87	206	202
6444	12	7	9	88	206	204
6445	12	7	10	89	103	204
6446	12	7	11	90	103	206
6447	12	7	12	91	103	208
6448	12	7	13	92	103	210
6449	12	7	14	93	183	210
6450	12	7	15	94	183	212
6451	12	7	16	95	183	214
6452	12	7	17	96	183	216
6453	12	7	18	97	80	217
6454	12	7	19	98	223	218
6455	12	7	20	99	223	220
6456	12	7	21	100	223	222
6457	12	7	22	101	40	223
6458	12	7	23	102	243	224
6459	12	7	24	103	243	226
6460	12	7	25	104	243	228
6461	12	7	26	105	20	229
6462	12	8	0	77	231	187
6463	12	8	1	78	231	189
6464	12	8	2	79	231	191
6465	12	8	3	80	16	192
6466	12	8	4	81	247	193
6467	12	8	5	82	247	195
6468	12	8	6	83	247	197
6469	12	8	7	84	8	198
6470	12	8	8	85	255	199
6471	12	8	9	86	255	201
6472	12	8	10	87	255	203
6473	12	8	11	88	255	205
6474	12	8	12	89	259	205
6475	12	8	13	90	259	207
6476	12	8	14	91	259	209
6477	12	8	15	92	259	211
6478	12	8	16	93	261	211
6479	12	8	17	94	261	213
6480	12	8	18	95	261	215
6481	12	8	19	96	261	217
6482	12	8	20	97	2	218
6483	12	8	21	98	262	219
6484	12	8	22	99	262	221
6485	12	8	23	100	262	223
6486	12	8	24	101	1	224
6487	12	8	25	102	131	225
6488	12	9	0	74	82	184
6489	12	9	1	75	222	185
6490	12	9	2	76	222	187
6491	12	9	3	77	41	188
6492	12	9	4	78	41	190
6493	12	9	5	79	41	192
6494	12	9	6	80	111	193
6495	12	9	7	81	152	194
6496	12	9	8	82	152	196
6497	12	9	9	83	152	198
6498	12	9	10	84	187	199
6499	12	9	11	85	76	200
6500	12	9	12	86	76	202
6501	12	9	13	87	76	204
6502	12	9	14	88	76	206
6503	12	9	15	89	38	206
6504	12	9	16	90	38	208
6505	12	9	17	91	38	210
6506	12	9	18	92	38	212
6507	12	9	19	93	19	212
6508	12	9	20	94	19	214
6509	12	9	21	95	19	216
6510	12	9	22	96	19	218
6511	12	9	23	97	244	219
6512	12	9	24	98	141	220
6513	12	10	0	72	90	182
6514	12	10	1	73	173	183
6515	12	10	2	74	173	185
6516	12	10	3	75	45	186
6517	12	10	4	76	45	188
6518	12	10	5	77	218	189
6519	12	10	6	78	218	191
6520	12	10	7	79	218	193
6521	12	10	8	80	154	194
6522	12	10	9	81	109	195
6523	12	10	10	82	109	197
6524	12	10	11	83	109	199
6525	12	10	12	84	77	200
6526	12	10	13	85	186	201
6527	12	10	14	86	186	203
6528	12	10	15	87	186	205
6529	12	10	16	88	186	207
6530	12	10	17	89	93	207
6531	12	10	18	90	93	209
6532	12	10	19	91	93	211
6533	12	10	20	92	93	213
6534	12	10	21	93	178	213
6535	12	10	22	94	178	215
6536	12	10	23	95	178	217
6537	12	11	0	69	132	178
6538	12	11	1	70	132	180
6539	12	11	2	71	197	181
6540	12	11	3	72	197	183
6541	12	11	4	73	66	184
6542	12	11	5	74	66	186
6543	12	11	6	75	230	187
6544	12	11	7	76	230	189
6545	12	11	8	77	33	190
6546	12	11	9	78	33	192
6547	12	11	10	79	33	194
6548	12	11	11	80	115	195
6549	12	11	12	81	148	196
6550	12	11	13	82	148	198
6551	12	11	14	83	148	200
6552	12	11	15	84	189	201
6553	12	11	16	85	74	202
6554	12	11	17	86	74	204
6555	12	11	18	87	74	206
6556	12	11	19	88	74	208
6557	12	11	20	89	37	208
6558	12	11	21	90	37	210
6559	12	11	22	91	37	212
6560	12	12	0	67	23	176
6561	12	12	1	68	23	178
6562	12	12	2	69	240	179
6563	12	12	3	70	240	181
6564	12	12	4	71	143	182
6565	12	12	5	72	143	184
6566	12	12	6	73	120	185
6567	12	12	7	74	120	187
6568	12	12	8	75	203	188
6569	12	12	9	76	203	190
6570	12	12	10	77	60	191
6571	12	12	11	78	60	193
6572	12	12	12	79	60	195
6573	12	12	13	80	233	196
6574	12	12	14	81	30	197
6575	12	12	15	82	30	199
6576	12	12	16	83	30	201
6577	12	12	17	84	248	202
6578	12	12	18	85	15	203
6579	12	12	19	86	15	205
6580	12	12	20	87	15	207
6581	12	12	21	88	15	209
6582	12	13	0	64	89	173
6583	12	13	1	65	174	174
6584	12	13	2	66	176	175
6585	12	13	3	67	176	177
6586	12	13	4	68	176	179
6587	12	13	5	69	87	180
6588	12	13	6	70	87	182
6589	12	13	7	71	88	183
6590	12	13	8	72	88	185
6591	12	13	9	73	175	186
6592	12	13	10	74	175	188
6593	12	13	11	75	44	189
6594	12	13	12	76	44	191
6595	12	13	13	77	219	192
6596	12	13	14	78	219	194
6597	12	13	15	79	219	196
6598	12	13	16	80	22	197
6599	12	13	17	81	241	198
6600	12	13	18	82	241	200
6601	12	13	19	83	241	202
6602	12	13	20	84	11	203
6603	12	14	0	62	114	170
6604	12	14	1	63	114	172
6605	12	14	2	64	114	174
6606	12	14	3	65	149	175
6607	12	14	4	66	57	176
6608	12	14	5	67	57	178
6609	12	14	6	68	57	180
6610	12	14	7	69	206	181
6611	12	14	8	70	206	183
6612	12	14	9	71	160	184
6613	12	14	10	72	160	186
6614	12	14	11	73	103	187
6615	12	14	12	74	103	189
6616	12	14	13	75	80	190
6617	12	14	14	76	80	192
6618	12	14	15	77	183	193
6619	12	14	16	78	183	195
6620	12	14	17	79	183	197
6621	12	14	18	80	40	198
6622	12	14	19	81	223	199
6623	12	15	0	59	201	167
6624	12	15	1	60	201	169
6625	12	15	2	61	62	170
6626	12	15	3	62	232	171
6627	12	15	4	63	232	173
6628	12	15	5	64	232	175
6629	12	15	6	65	31	176
6630	12	15	7	66	116	177
6631	12	15	8	67	116	179
6632	12	15	9	68	116	181
6633	12	15	10	69	147	182
6634	12	15	11	70	147	184
6635	12	15	12	71	58	185
6636	12	15	13	72	58	187
6637	12	15	14	73	205	188
6638	12	15	15	74	205	190
6639	12	15	16	75	29	191
6640	12	15	17	76	29	193
6641	12	15	18	77	234	194
6642	12	16	0	57	222	164
6643	12	16	1	58	222	166
6644	12	16	2	59	222	168
6645	12	16	3	60	222	170
6646	12	16	4	61	41	171
6647	12	16	5	62	111	172
6648	12	16	6	63	111	174
6649	12	16	7	64	111	176
6650	12	16	8	65	152	177
6651	12	16	9	66	187	178
6652	12	16	10	67	187	180
6653	12	16	11	68	187	182
6654	12	16	12	69	76	183
6655	12	16	13	70	76	185
6656	12	16	14	71	225	186
6657	12	16	15	72	225	188
6658	12	16	16	73	38	189
6659	12	16	17	74	38	191
6660	12	17	0	54	253	161
6661	12	17	1	55	253	163
6662	12	17	2	56	253	165
6663	12	17	3	57	258	165
6664	12	17	4	58	258	167
6665	12	17	5	59	258	169
6666	12	17	6	60	258	171
6667	12	17	7	61	5	172
6668	12	17	8	62	129	173
6669	12	17	9	63	129	175
6670	12	17	10	64	129	177
6671	12	17	11	65	134	178
6672	12	17	12	66	196	179
6673	12	17	13	67	196	181
6674	12	17	14	68	196	183
6675	12	17	15	69	67	184
6676	12	17	16	70	67	186
6677	12	18	0	52	131	160
6678	12	18	1	53	197	160
6679	12	18	2	54	197	162
6680	12	18	3	55	197	164
6681	12	18	4	56	197	166
6682	12	18	5	57	230	166
6683	12	18	6	58	230	168
6684	12	18	7	59	230	170
6685	12	18	8	60	230	172
6686	12	18	9	61	33	173
6687	12	18	10	62	115	174
6688	12	18	11	63	115	176
6689	12	18	12	64	115	178
6690	12	18	13	65	148	179
6691	12	18	14	66	189	180
6692	12	18	15	67	189	182
6693	12	19	0	49	202	155
6694	12	19	1	50	202	157
6695	12	19	2	51	202	159
6696	12	19	3	52	202	161
6697	12	19	4	53	101	161
6698	12	19	5	54	101	163
6699	12	19	6	55	101	165
6700	12	19	7	56	101	167
6701	12	19	8	57	182	167
6702	12	19	9	58	182	169
6703	12	19	10	59	182	171
6704	12	19	11	60	182	173
6705	12	19	12	61	81	174
6706	12	19	13	62	91	175
6707	12	19	14	63	91	177
6708	12	20	0	47	89	154
6709	12	20	1	48	87	155
6710	12	20	2	49	176	156
6711	12	20	3	50	176	158
6712	12	20	4	51	176	160
6713	12	20	5	52	176	162
6714	12	20	6	53	88	162
6715	12	20	7	54	88	164
6716	12	20	8	55	88	166
6717	12	20	9	56	88	168
6718	12	20	10	57	44	168
6719	12	20	11	58	44	170
6720	12	20	12	59	44	172
6721	12	20	13	60	44	174
6722	12	21	0	44	188	150
6723	12	21	1	45	75	151
6724	12	21	2	46	75	153
6725	12	21	3	47	75	155
6726	12	21	4	48	94	156
6727	12	21	5	49	169	157
6728	12	21	6	50	169	159
6729	12	21	7	51	169	161
6730	12	21	8	52	169	163
6731	12	21	9	53	216	163
6732	12	21	10	54	216	165
6733	12	21	11	55	216	167
6734	12	21	12	56	216	169
6735	12	22	0	42	201	148
6736	12	22	1	43	201	150
6737	12	22	2	44	31	151
6738	12	22	3	45	232	152
6739	12	22	4	46	232	154
6740	12	22	5	47	232	156
6741	12	22	6	48	147	157
6742	12	22	7	49	116	158
6743	12	22	8	50	116	160
6744	12	22	9	51	116	162
6745	12	22	10	52	116	164
6746	12	22	11	53	58	164
6747	12	23	0	39	200	144
6748	12	23	1	40	200	146
6749	12	23	2	41	63	147
6750	12	23	3	42	63	149
6751	12	23	4	43	63	151
6752	12	23	5	44	100	152
6753	12	23	6	45	163	153
6754	12	23	7	46	163	155
6755	12	23	8	47	163	157
6756	12	23	9	48	50	158
6757	12	23	10	49	213	159
6758	12	24	0	37	253	142
6759	12	24	1	38	253	144
6760	12	24	2	39	5	145
6761	12	24	3	40	5	147
6762	12	24	4	41	258	148
6763	12	24	5	42	258	150
6764	12	24	6	43	258	152
6765	12	24	7	44	134	153
6766	12	24	8	45	129	154
6767	12	24	9	46	129	156
6768	12	25	0	34	190	139
6769	12	25	1	35	190	141
6770	12	25	2	36	168	142
6771	12	25	3	37	95	143
6772	12	25	4	38	95	145
6773	12	25	5	39	84	146
6774	12	25	6	40	84	148
6775	12	25	7	41	179	149
6776	12	25	8	42	179	151
6777	12	26	0	32	61	137
6778	12	26	1	33	202	138
6779	12	26	2	34	202	140
6780	12	26	3	35	202	142
6781	12	26	4	36	162	143
6782	12	26	5	37	101	144
6783	12	26	6	38	101	146
6784	12	26	7	39	81	147
6785	12	27	0	29	107	133
6786	12	27	1	30	107	135
6787	12	27	2	31	107	137
6788	12	27	3	32	78	138
6789	12	27	4	33	185	139
6790	12	27	5	34	185	141
6791	12	27	6	35	185	143
6792	12	28	0	27	150	132
6793	12	28	1	28	150	134
6794	12	28	2	29	75	134
6795	12	28	3	30	75	136
6796	12	28	4	31	75	138
6797	12	28	5	32	94	139
6798	12	29	0	24	43	129
6799	12	29	1	25	220	130
6800	12	29	2	26	153	131
6801	12	29	3	27	153	133
6802	12	29	4	28	153	135
6803	12	30	0	22	11	127
6804	12	30	1	23	11	129
6805	12	30	2	24	126	130
6806	12	30	3	25	137	131
6807	12	31	0	19	54	124
6808	12	31	1	20	54	126
6809	12	31	2	21	236	127
6810	12	32	0	17	29	123
6811	12	32	1	18	29	125
6812	12	33	0	14	50	121
6813	13	0	0	7	64	118
6814	13	0	1	6	108	119
6815	13	0	2	8	79	119
6816	13	0	3	9	114	119
6817	13	0	4	10	19	119
6818	13	0	5	5	252	120
6819	13	0	6	12	117	120
6820	13	0	7	11	234	121
6821	13	0	8	13	227	121
6822	13	0	9	4	76	122
6823	13	0	10	14	9	122
6824	13	0	11	15	3	122
6825	13	0	12	16	132	122
6826	13	0	13	3	240	124
6827	13	0	14	17	66	124
6828	13	0	15	19	216	125
6829	13	0	16	2	152	126
6830	13	0	17	18	212	126
6831	13	0	18	20	126	127
6832	13	0	19	1	238	128
6833	13	0	20	21	242	128
6834	13	0	21	22	121	128
6835	13	0	22	0	61	130
6836	13	0	23	23	192	130
6837	13	0	24	24	199	131
6838	13	0	25	25	32	132
6839	13	0	26	26	186	132
6840	13	0	27	27	186	134
6841	13	0	28	29	9	135
6842	13	0	29	28	27	136
6843	13	0	30	30	232	137
6844	13	0	31	31	232	139
6845	13	0	32	32	98	140
6846	13	0	33	33	49	140
6847	13	0	34	34	49	142
6848	13	0	35	35	49	144
6849	13	0	36	36	104	144
6850	13	0	37	37	211	145
6851	13	0	38	38	211	147
6852	13	0	39	39	105	148
6853	13	1	0	7	64	119
6854	13	1	1	6	108	120
6855	13	1	2	8	79	120
6856	13	1	3	9	114	120
6857	13	1	4	10	19	120
6858	13	1	5	5	252	121
6859	13	1	6	12	117	121
6860	13	1	7	11	234	122
6861	13	1	8	13	227	122
6862	13	1	9	4	76	123
6863	13	1	10	14	9	123
6864	13	1	11	15	3	123
6865	13	1	12	16	132	123
6866	13	1	13	3	240	125
6867	13	1	14	17	66	125
6868	13	1	15	19	216	126
6869	13	1	16	2	152	127
6870	13	1	17	18	212	127
6871	13	1	18	20	126	128
6872	13	1	19	1	238	129
6873	13	1	20	21	242	129
6874	13	1	21	22	121	129
6875	13	1	22	0	61	131
6876	13	1	23	23	192	131
6877	13	1	24	24	199	132
6878	13	1	25	25	32	133
6879	13	1	26	26	186	133
6880	13	1	27	27	186	135
6881	13	1	28	29	9	136
6882	13	1	29	28	27	137
6883	13	1	30	30	232	138
6884	13	1	31	31	232	140
6885	13	1	32	32	98	141
6886	13	1	33	33	49	141
6887	13	1	34	34	49	143
6888	13	1	35	35	49	145
6889	13	1	36	36	104	145
6890	13	1	37	37	211	146
6891	13	1	38	38	211	148
6892	13	2	0	7	64	120
6893	13	2	1	6	108	121
6894	13	2	2	8	79	121
6895	13	2	3	9	114	121
6896	13	2	4	10	19	121
6897	13	2	5	5	252	122
6898	13	2	6	12	117	122
6899	13	2	7	11	234	123
6900	13	2	8	13	227	123
6901	13	2	9	4	76	124
6902	13	2	10	14	9	124
6903	13	2	11	15	3	124
6904	13	2	12	16	132	124
6905	13	2	13	3	240	126
6906	13	2	14	17	66	126
6907	13	2	15	19	216	127
6908	13	2	16	2	152	128
6909	13	2	17	18	212	128
6910	13	2	18	20	126	129
6911	13	2	19	1	238	130
6912	13	2	20	21	242	130
6913	13	2	21	22	121	130
6914	13	2	22	0	61	132
6915	13	2	23	23	192	132
6916	13	2	24	24	199	133
6917	13	2	25	25	32	134
6918	13	2	26	26	186	134
6919	13	2	27	27	186	136
6920	13	2	28	29	9	137
6921	13	2	29	28	27	138
6922	13	2	30	30	232	139
6923	13	2	31	31	232	141
6924	13	2	32	32	98	142
6925	13	2	33	33	49	142
6926	13	2	34	34	49	144
6927	13	2	35	35	49	146
6928	13	2	36	36	104	146
6929	13	2	37	37	211	147
6930	13	3	0	7	64	121
6931	13	3	1	6	108	122
6932	13	3	2	8	79	122
6933	13	3	3	9	114	122
6934	13	3	4	10	19	122
6935	13	3	5	5	252	123
6936	13	3	6	12	117	123
6937	13	3	7	11	234	124
6938	13	3	8	13	227	124
6939	13	3	9	4	76	125
6940	13	3	10	14	9	125
6941	13	3	11	15	3	125
6942	13	3	12	16	132	125
6943	13	3	13	3	240	127
6944	13	3	14	17	66	127
6945	13	3	15	19	216	128
6946	13	3	16	2	152	129
6947	13	3	17	18	212	129
6948	13	3	18	20	126	130
6949	13	3	19	1	238	131
6950	13	3	20	21	242	131
6951	13	3	21	22	121	131
6952	13	3	22	0	61	133
6953	13	3	23	23	192	133
6954	13	3	24	24	199	134
6955	13	3	25	25	32	135
6956	13	3	26	26	186	135
6957	13	3	27	27	186	137
6958	13	3	28	29	9	138
6959	13	3	29	28	27	139
6960	13	3	30	30	232	140
6961	13	3	31	31	232	142
6962	13	3	32	32	98	143
6963	13	3	33	33	49	143
6964	13	3	34	34	49	145
6965	13	3	35	35	49	147
6966	13	3	36	36	104	147
6967	13	4	0	7	64	122
6968	13	4	1	6	108	123
6969	13	4	2	8	79	123
6970	13	4	3	9	114	123
6971	13	4	4	10	19	123
6972	13	4	5	5	252	124
6973	13	4	6	12	117	124
6974	13	4	7	11	234	125
6975	13	4	8	13	227	125
6976	13	4	9	4	76	126
6977	13	4	10	14	9	126
6978	13	4	11	15	3	126
6979	13	4	12	16	132	126
6980	13	4	13	3	240	128
6981	13	4	14	17	66	128
6982	13	4	15	19	216	129
6983	13	4	16	2	152	130
6984	13	4	17	18	212	130
6985	13	4	18	20	126	131
6986	13	4	19	1	238	132
6987	13	4	20	21	242	132
6988	13	4	21	22	121	132
6989	13	4	22	0	61	134
6990	13	4	23	23	192	134
6991	13	4	24	24	199	135
6992	13	4	25	25	32	136
6993	13	4	26	26	186	136
6994	13	4	27	27	186	138
6995	13	4	28	29	9	139
6996	13	4	29	28	27	140
6997	13	4	30	30	232	141
6998	13	4	31	31	232	143
6999	13	4	32	32	98	144
7000	13	4	33	33	49	144
7001	13	4	34	34	49	146
7002	13	4	35	35	49	148
7003	13	5	0	7	64	123
7004	13	5	1	6	108	124
7005	13	5	2	8	79	124
7006	13	5	3	9	114	124
7007	13	5	4	10	19	124
7008	13	5	5	5	252	125
7009	13	5	6	12	117	125
7010	13	5	7	11	234	126
7011	13	5	8	13	227	126
7012	13	5	9	4	76	127
7013	13	5	10	14	9	127
7014	13	5	11	15	3	127
7015	13	5	12	16	132	127
7016	13	5	13	3	240	129
7017	13	5	14	17	66	129
7018	13	5	15	19	216	130
7019	13	5	16	2	152	131
7020	13	5	17	18	212	131
7021	13	5	18	20	126	132
7022	13	5	19	1	238	133
7023	13	5	20	21	242	133
7024	13	5	21	22	121	133
7025	13	5	22	0	61	135
7026	13	5	23	23	192	135
7027	13	5	24	24	199	136
7028	13	5	25	25	32	137
7029	13	5	26	26	186	137
7030	13	5	27	27	186	139
7031	13	5	28	29	9	140
7032	13	5	29	28	27	141
7033	13	5	30	30	232	142
7034	13	5	31	31	232	144
7035	13	5	32	32	98	145
7036	13	5	33	33	49	145
7037	13	5	34	34	49	147
7038	13	6	0	7	64	124
7039	13	6	1	6	108	125
7040	13	6	2	8	79	125
7041	13	6	3	9	114	125
7042	13	6	4	10	19	125
7043	13	6	5	5	252	126
7044	13	6	6	12	117	126
7045	13	6	7	11	234	127
7046	13	6	8	13	227	127
7047	13	6	9	4	76	128
7048	13	6	10	14	9	128
7049	13	6	11	15	3	128
7050	13	6	12	16	132	128
7051	13	6	13	3	240	130
7052	13	6	14	17	66	130
7053	13	6	15	19	216	131
7054	13	6	16	2	152	132
7055	13	6	17	18	212	132
7056	13	6	18	20	126	133
7057	13	6	19	1	238	134
7058	13	6	20	21	242	134
7059	13	6	21	22	121	134
7060	13	6	22	0	61	136
7061	13	6	23	23	192	136
7062	13	6	24	24	199	137
7063	13	6	25	25	32	138
7064	13	6	26	26	186	138
7065	13	6	27	27	186	140
7066	13	6	28	29	9	141
7067	13	6	29	28	27	142
7068	13	6	30	30	232	143
7069	13	6	31	31	232	145
7070	13	6	32	32	98	146
7071	13	6	33	33	49	146
7072	13	7	0	7	64	125
7073	13	7	1	6	108	126
7074	13	7	2	8	79	126
7075	13	7	3	9	114	126
7076	13	7	4	10	19	126
7077	13	7	5	5	252	127
7078	13	7	6	12	117	127
7079	13	7	7	11	234	128
7080	13	7	8	13	227	128
7081	13	7	9	4	76	129
7082	13	7	10	14	9	129
7083	13	7	11	15	3	129
7084	13	7	12	16	132	129
7085	13	7	13	3	240	131
7086	13	7	14	17	66	131
7087	13	7	15	19	216	132
7088	13	7	16	2	152	133
7089	13	7	17	18	212	133
7090	13	7	18	20	126	134
7091	13	7	19	1	238	135
7092	13	7	20	21	242	135
7093	13	7	21	22	121	135
7094	13	7	22	0	61	137
7095	13	7	23	23	192	137
7096	13	7	24	24	199	138
7097	13	7	25	25	32	139
7098	13	7	26	26	186	139
7099	13	7	27	27	186	141
7100	13	7	28	29	9	142
7101	13	7	29	28	27	143
7102	13	7	30	30	232	144
7103	13	7	31	31	232	146
7104	13	7	32	32	98	147
7105	13	8	0	7	64	126
7106	13	8	1	6	108	127
7107	13	8	2	8	79	127
7108	13	8	3	9	114	127
7109	13	8	4	10	19	127
7110	13	8	5	5	252	128
7111	13	8	6	12	117	128
7112	13	8	7	11	234	129
7113	13	8	8	13	227	129
7114	13	8	9	4	76	130
7115	13	8	10	14	9	130
7116	13	8	11	15	3	130
7117	13	8	12	16	132	130
7118	13	8	13	3	240	132
7119	13	8	14	17	66	132
7120	13	8	15	19	216	133
7121	13	8	16	2	152	134
7122	13	8	17	18	212	134
7123	13	8	18	20	126	135
7124	13	8	19	1	238	136
7125	13	8	20	21	242	136
7126	13	8	21	22	121	136
7127	13	8	22	0	61	138
7128	13	8	23	23	192	138
7129	13	8	24	24	199	139
7130	13	8	25	25	32	140
7131	13	8	26	26	186	140
7132	13	8	27	27	186	142
7133	13	8	28	29	9	143
7134	13	8	29	28	27	144
7135	13	8	30	30	232	145
7136	13	8	31	31	232	147
7137	13	9	0	7	64	127
7138	13	9	1	6	108	128
7139	13	9	2	8	79	128
7140	13	9	3	9	114	128
7141	13	9	4	10	19	128
7142	13	9	5	5	252	129
7143	13	9	6	12	117	129
7144	13	9	7	11	234	130
7145	13	9	8	13	227	130
7146	13	9	9	4	76	131
7147	13	9	10	14	9	131
7148	13	9	11	15	3	131
7149	13	9	12	16	132	131
7150	13	9	13	3	240	133
7151	13	9	14	17	66	133
7152	13	9	15	19	216	134
7153	13	9	16	2	152	135
7154	13	9	17	18	212	135
7155	13	9	18	20	126	136
7156	13	9	19	1	238	137
7157	13	9	20	21	242	137
7158	13	9	21	22	121	137
7159	13	9	22	0	61	139
7160	13	9	23	23	192	139
7161	13	9	24	24	199	140
7162	13	9	25	25	32	141
7163	13	9	26	26	186	141
7164	13	9	27	27	186	143
7165	13	9	28	29	9	144
7166	13	9	29	28	27	145
7167	13	9	30	30	232	146
7168	13	10	0	7	64	128
7169	13	10	1	6	108	129
7170	13	10	2	8	79	129
7171	13	10	3	9	114	129
7172	13	10	4	10	19	129
7173	13	10	5	5	252	130
7174	13	10	6	12	117	130
7175	13	10	7	11	234	131
7176	13	10	8	13	227	131
7177	13	10	9	4	76	132
7178	13	10	10	14	9	132
7179	13	10	11	15	3	132
7180	13	10	12	16	132	132
7181	13	10	13	3	240	134
7182	13	10	14	17	66	134
7183	13	10	15	19	216	135
7184	13	10	16	2	152	136
7185	13	10	17	18	212	136
7186	13	10	18	20	126	137
7187	13	10	19	1	238	138
7188	13	10	20	21	242	138
7189	13	10	21	22	121	138
7190	13	10	22	0	61	140
7191	13	10	23	23	192	140
7192	13	10	24	24	199	141
7193	13	10	25	25	32	142
7194	13	10	26	26	186	142
7195	13	10	27	27	186	144
7196	13	10	28	29	9	145
7197	13	10	29	28	27	146
7198	13	11	0	7	64	129
7199	13	11	1	6	108	130
7200	13	11	2	8	79	130
7201	13	11	3	9	114	130
7202	13	11	4	10	19	130
7203	13	11	5	5	252	131
7204	13	11	6	12	117	131
7205	13	11	7	11	234	132
7206	13	11	8	13	227	132
7207	13	11	9	4	76	133
7208	13	11	10	14	9	133
7209	13	11	11	15	3	133
7210	13	11	12	16	132	133
7211	13	11	13	3	240	135
7212	13	11	14	17	66	135
7213	13	11	15	19	216	136
7214	13	11	16	2	152	137
7215	13	11	17	18	212	137
7216	13	11	18	20	126	138
7217	13	11	19	1	238	139
7218	13	11	20	21	242	139
7219	13	11	21	22	121	139
7220	13	11	22	0	61	141
7221	13	11	23	23	192	141
7222	13	11	24	24	199	142
7223	13	11	25	25	32	143
7224	13	11	26	26	186	143
7225	13	11	27	27	186	145
7226	13	11	28	29	9	146
7227	13	12	0	7	64	130
7228	13	12	1	6	108	131
7229	13	12	2	8	79	131
7230	13	12	3	9	114	131
7231	13	12	4	10	19	131
7232	13	12	5	5	252	132
7233	13	12	6	12	117	132
7234	13	12	7	11	234	133
7235	13	12	8	13	227	133
7236	13	12	9	4	76	134
7237	13	12	10	14	9	134
7238	13	12	11	15	3	134
7239	13	12	12	16	132	134
7240	13	12	13	3	240	136
7241	13	12	14	17	66	136
7242	13	12	15	19	216	137
7243	13	12	16	2	152	138
7244	13	12	17	18	212	138
7245	13	12	18	20	126	139
7246	13	12	19	1	238	140
7247	13	12	20	21	242	140
7248	13	12	21	22	121	140
7249	13	12	22	0	61	142
7250	13	12	23	23	192	142
7251	13	12	24	24	199	143
7252	13	12	25	25	32	144
7253	13	12	26	26	186	144
7254	13	12	27	27	186	146
7255	13	13	0	7	64	131
7256	13	13	1	6	108	132
7257	13	13	2	8	79	132
7258	13	13	3	9	114	132
7259	13	13	4	10	19	132
7260	13	13	5	5	252	133
7261	13	13	6	12	117	133
7262	13	13	7	11	234	134
7263	13	13	8	13	227	134
7264	13	13	9	4	76	135
7265	13	13	10	14	9	135
7266	13	13	11	15	3	135
7267	13	13	12	16	132	135
7268	13	13	13	3	240	137
7269	13	13	14	17	66	137
7270	13	13	15	19	216	138
7271	13	13	16	2	152	139
7272	13	13	17	18	212	139
7273	13	13	18	20	126	140
7274	13	13	19	1	238	141
7275	13	13	20	21	242	141
7276	13	13	21	22	121	141
7277	13	13	22	0	61	143
7278	13	13	23	23	192	143
7279	13	13	24	24	199	144
7280	13	13	25	25	32	145
7281	13	13	26	26	186	145
7282	13	14	0	7	64	132
7283	13	14	1	6	108	133
7284	13	14	2	8	79	133
7285	13	14	3	9	114	133
7286	13	14	4	10	19	133
7287	13	14	5	5	252	134
7288	13	14	6	12	117	134
7289	13	14	7	11	234	135
7290	13	14	8	13	227	135
7291	13	14	9	4	76	136
7292	13	14	10	14	9	136
7293	13	14	11	15	3	136
7294	13	14	12	16	132	136
7295	13	14	13	3	240	138
7296	13	14	14	17	66	138
7297	13	14	15	19	216	139
7298	13	14	16	2	152	140
7299	13	14	17	18	212	140
7300	13	14	18	20	126	141
7301	13	14	19	1	238	142
7302	13	14	20	21	242	142
7303	13	14	21	22	121	142
7304	13	14	22	0	61	144
7305	13	14	23	23	192	144
7306	13	14	24	24	199	145
7307	13	14	25	25	32	146
7308	13	15	0	7	64	133
7309	13	15	1	6	108	134
7310	13	15	2	8	79	134
7311	13	15	3	9	114	134
7312	13	15	4	10	19	134
7313	13	15	5	5	252	135
7314	13	15	6	12	117	135
7315	13	15	7	11	234	136
7316	13	15	8	13	227	136
7317	13	15	9	4	76	137
7318	13	15	10	14	9	137
7319	13	15	11	15	3	137
7320	13	15	12	16	132	137
7321	13	15	13	3	240	139
7322	13	15	14	17	66	139
7323	13	15	15	19	216	140
7324	13	15	16	2	152	141
7325	13	15	17	18	212	141
7326	13	15	18	20	126	142
7327	13	15	19	1	238	143
7328	13	15	20	21	242	143
7329	13	15	21	22	121	143
7330	13	15	22	0	61	145
7331	13	15	23	23	192	145
7332	13	15	24	24	199	146
7333	13	16	0	7	64	134
7334	13	16	1	6	108	135
7335	13	16	2	8	79	135
7336	13	16	3	9	114	135
7337	13	16	4	10	19	135
7338	13	16	5	5	252	136
7339	13	16	6	12	117	136
7340	13	16	7	11	234	137
7341	13	16	8	13	227	137
7342	13	16	9	4	76	138
7343	13	16	10	14	9	138
7344	13	16	11	15	3	138
7345	13	16	12	16	132	138
7346	13	16	13	3	240	140
7347	13	16	14	17	66	140
7348	13	16	15	19	216	141
7349	13	16	16	2	152	142
7350	13	16	17	18	212	142
7351	13	16	18	20	126	143
7352	13	16	19	1	238	144
7353	13	16	20	21	242	144
7354	13	16	21	22	121	144
7355	13	16	22	0	61	146
7356	13	16	23	23	192	146
7357	13	17	0	7	64	135
7358	13	17	1	6	108	136
7359	13	17	2	8	79	136
7360	13	17	3	9	114	136
7361	13	17	4	10	19	136
7362	13	17	5	5	252	137
7363	13	17	6	12	117	137
7364	13	17	7	11	234	138
7365	13	17	8	13	227	138
7366	13	17	9	4	76	139
7367	13	17	10	14	9	139
7368	13	17	11	15	3	139
7369	13	17	12	16	132	139
7370	13	17	13	3	240	141
7371	13	17	14	17	66	141
7372	13	17	15	19	216	142
7373	13	17	16	2	152	143
7374	13	17	17	18	212	143
7375	13	17	18	20	126	144
7376	13	17	19	1	238	145
7377	13	17	20	21	242	145
7378	13	17	21	22	121	145
7379	13	17	22	26	226	146
7380	13	18	0	7	64	136
7381	13	18	1	6	108	137
7382	13	18	2	8	79	137
7383	13	18	3	9	114	137
7384	13	18	4	10	19	137
7385	13	18	5	5	252	138
7386	13	18	6	12	117	138
7387	13	18	7	11	234	139
7388	13	18	8	13	227	139
7389	13	18	9	4	76	140
7390	13	18	10	14	9	140
7391	13	18	11	15	3	140
7392	13	18	12	16	132	140
7393	13	18	13	3	240	142
7394	13	18	14	17	66	142
7395	13	18	15	19	216	143
7396	13	18	16	2	152	144
7397	13	18	17	18	212	144
7398	13	18	18	20	126	145
7399	13	18	19	1	238	146
7400	13	18	20	21	242	146
7401	13	18	21	22	121	146
7402	13	19	0	7	64	137
7403	13	19	1	6	108	138
7404	13	19	2	8	79	138
7405	13	19	3	9	114	138
7406	13	19	4	10	19	138
7407	13	19	5	5	252	139
7408	13	19	6	12	117	139
7409	13	19	7	11	234	140
7410	13	19	8	13	227	140
7411	13	19	9	4	76	141
7412	13	19	10	14	9	141
7413	13	19	11	15	3	141
7414	13	19	12	16	132	141
7415	13	19	13	3	240	143
7416	13	19	14	17	66	143
7417	13	19	15	19	216	144
7418	13	19	16	2	152	145
7419	13	19	17	18	212	145
7420	13	19	18	20	126	146
7421	13	19	19	0	32	147
7422	13	19	20	1	105	147
7423	13	20	0	7	64	138
7424	13	20	1	6	108	139
7425	13	20	2	8	79	139
7426	13	20	3	9	114	139
7427	13	20	4	10	19	139
7428	13	20	5	5	252	140
7429	13	20	6	12	117	140
7430	13	20	7	11	234	141
7431	13	20	8	13	227	141
7432	13	20	9	4	76	142
7433	13	20	10	14	9	142
7434	13	20	11	15	3	142
7435	13	20	12	16	132	142
7436	13	20	13	3	240	144
7437	13	20	14	17	66	144
7438	13	20	15	19	216	145
7439	13	20	16	2	152	146
7440	13	20	17	18	212	146
7441	13	20	18	20	126	147
7442	13	20	19	21	236	147
7443	13	21	0	7	64	139
7444	13	21	1	6	108	140
7445	13	21	2	8	79	140
7446	13	21	3	9	114	140
7447	13	21	4	10	19	140
7448	13	21	5	5	252	141
7449	13	21	6	12	117	141
7450	13	21	7	11	234	142
7451	13	21	8	13	227	142
7452	13	21	9	4	76	143
7453	13	21	10	14	9	143
7454	13	21	11	15	3	143
7455	13	21	12	16	132	143
7456	13	21	13	3	240	145
7457	13	21	14	17	66	145
7458	13	21	15	19	216	146
7459	13	21	16	2	152	147
7460	13	21	17	18	212	147
7461	13	21	18	22	36	147
7462	13	22	0	7	64	140
7463	13	22	1	6	108	141
7464	13	22	2	8	79	141
7465	13	22	3	9	114	141
7466	13	22	4	10	19	141
7467	13	22	5	5	252	142
7468	13	22	6	12	117	142
7469	13	22	7	11	234	143
7470	13	22	8	13	227	143
7471	13	22	9	4	76	144
7472	13	22	10	14	9	144
7473	13	22	11	15	3	144
7474	13	22	12	16	132	144
7475	13	22	13	3	240	146
7476	13	22	14	17	66	146
7477	13	22	15	19	216	147
7478	13	22	16	23	142	147
7479	13	22	17	24	190	147
7480	13	23	0	7	64	141
7481	13	23	1	6	108	142
7482	13	23	2	8	79	142
7483	13	23	3	9	114	142
7484	13	23	4	10	19	142
7485	13	23	5	5	252	143
7486	13	23	6	12	117	143
7487	13	23	7	11	234	144
7488	13	23	8	13	227	144
7489	13	23	9	4	76	145
7490	13	23	10	14	9	145
7491	13	23	11	15	3	145
7492	13	23	12	16	132	145
7493	13	23	13	3	240	147
7494	13	23	14	17	66	147
7495	13	23	15	25	73	147
7496	13	23	16	26	169	147
7497	13	24	0	7	64	142
7498	13	24	1	6	108	143
7499	13	24	2	8	79	143
7500	13	24	3	9	114	143
7501	13	24	4	10	19	143
7502	13	24	5	5	252	144
7503	13	24	6	12	117	144
7504	13	24	7	11	234	145
7505	13	24	8	13	227	145
7506	13	24	9	4	76	146
7507	13	24	10	14	9	146
7508	13	24	11	15	3	146
7509	13	24	12	16	132	146
7510	13	24	13	27	102	147
7511	13	24	14	28	229	147
7512	13	24	15	29	86	147
7513	13	25	0	7	64	143
7514	13	25	1	6	108	144
7515	13	25	2	8	79	144
7516	13	25	3	9	114	144
7517	13	25	4	10	19	144
7518	13	25	5	5	252	145
7519	13	25	6	12	117	145
7520	13	25	7	11	234	146
7521	13	25	8	13	227	146
7522	13	25	9	4	76	147
7523	13	25	10	14	9	147
7524	13	25	11	15	3	147
7525	13	25	12	16	132	147
7526	13	25	13	30	96	147
7527	13	25	14	33	17	147
7528	13	26	0	7	64	144
7529	13	26	1	6	108	145
7530	13	26	2	8	79	145
7531	13	26	3	9	114	145
7532	13	26	4	10	19	145
7533	13	26	5	5	252	146
7534	13	26	6	12	117	146
7535	13	26	7	11	234	147
7536	13	26	8	13	227	147
7537	13	26	9	0	217	148
7538	13	26	10	1	52	148
7539	13	26	11	2	39	148
7540	13	26	12	3	128	148
7541	13	26	13	4	119	148
7542	13	27	0	7	64	145
7543	13	27	1	6	108	146
7544	13	27	2	8	79	146
7545	13	27	3	9	114	146
7546	13	27	4	10	19	146
7547	13	27	5	5	252	147
7548	13	27	6	12	117	147
7549	13	27	7	11	234	148
7550	13	27	8	13	227	148
7551	13	27	9	14	97	148
7552	13	27	10	15	4	148
7553	13	27	11	16	230	148
7554	13	27	12	17	257	148
7555	13	28	0	7	64	146
7556	13	28	1	6	108	147
7557	13	28	2	8	79	147
7558	13	28	3	9	114	147
7559	13	28	4	10	19	147
7560	13	28	5	5	252	148
7561	13	28	6	12	117	148
7562	13	28	7	18	170	148
7563	13	28	8	19	16	148
7564	13	28	9	20	192	148
7565	13	28	10	21	40	148
7566	13	28	11	22	232	148
7567	13	29	0	7	64	147
7568	13	29	1	6	108	148
7569	13	29	2	8	79	148
7570	13	29	3	9	114	148
7571	13	29	4	10	19	148
7572	13	29	5	23	123	148
7573	13	29	6	24	180	148
7574	13	29	7	25	250	148
7575	13	29	8	26	192	148
7576	13	29	9	27	214	148
7577	13	29	10	28	70	148
7578	13	30	0	7	64	148
7579	13	30	1	29	116	148
7580	13	30	2	30	59	148
7581	13	30	3	31	255	148
7582	13	30	4	32	187	148
7583	13	30	5	33	34	148
7584	13	30	6	34	190	148
7585	13	30	7	36	188	148
7586	13	30	8	37	96	148
7587	13	30	9	0	115	149
7588	13	31	0	1	59	149
7589	13	31	1	2	110	149
7590	13	31	2	3	60	149
7591	13	31	3	4	143	149
7592	13	31	4	5	240	149
7593	13	31	5	6	217	149
7594	13	31	6	7	116	149
7595	13	31	7	8	93	149
7596	13	31	8	9	1	149
7597	13	32	0	10	191	149
7598	13	32	1	11	138	149
7599	13	32	2	12	186	149
7600	13	32	3	13	96	149
7601	13	32	4	14	129	149
7602	13	32	5	15	105	149
7603	13	32	6	16	66	149
7604	13	32	7	17	95	149
7605	13	33	0	18	246	149
7606	13	33	1	19	215	149
7607	13	33	2	20	12	149
7608	13	33	3	21	14	149
7609	13	33	4	22	229	149
7610	13	33	5	23	194	149
7611	13	33	6	24	231	149
7612	13	34	0	25	213	149
7613	13	34	1	26	145	149
7614	13	34	2	27	40	149
7615	13	34	3	28	69	149
7616	13	34	4	29	184	149
7617	13	34	5	30	170	149
7618	13	35	0	31	183	149
7619	13	35	1	32	81	149
7620	13	35	2	33	244	149
7621	13	35	3	34	14	149
7622	13	35	4	35	219	149
7623	13	36	0	36	52	149
7624	13	36	1	37	51	149
7625	13	36	2	38	16	149
7626	13	36	3	39	201	149
7627	13	37	0	40	187	149
7628	13	37	1	0	183	150
7629	13	37	2	1	99	150
7630	13	38	0	2	244	150
7631	13	38	1	3	185	150
7632	13	39	0	4	39	150
7633	14	0	0	5	78	150
7634	14	0	1	41	129	150
7635	14	0	2	42	129	152
7636	14	0	3	43	134	153
7637	14	0	4	44	43	154
7638	14	0	5	45	110	155
7639	14	0	6	46	110	157
7640	14	0	7	47	153	158
7641	14	0	8	48	212	159
7642	14	0	9	49	157	160
7643	14	0	10	50	106	161
7644	14	0	11	51	106	163
7645	14	0	12	52	106	165
7646	14	0	13	53	193	165
7647	14	0	14	54	70	166
7648	14	0	15	55	70	168
7649	14	0	16	57	108	169
7650	14	0	17	56	204	170
7651	14	0	18	58	76	171
7652	14	0	19	59	76	173
7653	14	0	20	60	76	175
7654	14	0	21	61	38	175
7655	14	0	22	62	75	176
7656	14	0	23	63	75	178
7657	14	0	24	64	188	179
7658	14	0	25	65	169	180
7659	14	0	26	66	119	181
7660	14	0	27	67	119	183
7661	14	0	28	68	144	184
7662	14	0	29	69	191	185
7663	14	0	30	70	191	187
7664	14	0	31	71	239	187
7665	14	0	32	72	239	189
7666	14	0	33	73	12	190
7667	14	0	34	74	12	192
7668	14	0	35	75	4	192
7669	14	0	36	76	4	194
7670	14	0	37	77	261	195
7671	14	0	38	78	2	196
7672	14	0	39	79	2	198
7673	14	0	40	80	87	199
7674	14	0	41	81	88	200
7675	14	0	42	82	175	201
7676	14	0	43	83	175	203
7677	14	0	44	84	117	204
7678	14	0	45	85	190	204
7679	14	0	46	86	190	206
7680	14	0	47	87	190	208
7681	14	1	0	6	81	150
7682	14	1	1	40	129	150
7683	14	1	2	41	67	151
7684	14	1	3	42	67	153
7685	14	1	4	43	196	154
7686	14	1	5	44	110	155
7687	14	1	6	45	208	156
7688	14	1	7	46	208	158
7689	14	1	8	47	55	159
7690	14	1	9	48	157	160
7691	14	1	10	49	53	161
7692	14	1	11	50	210	162
7693	14	1	12	51	210	164
7694	14	1	13	52	210	166
7695	14	1	14	53	35	166
7696	14	1	15	54	228	167
7697	14	1	16	55	228	169
7698	14	1	17	57	22	170
7699	14	1	18	56	83	171
7700	14	1	19	58	225	172
7701	14	1	20	59	225	174
7702	14	1	21	60	225	176
7703	14	1	22	61	244	176
7704	14	1	23	62	94	177
7705	14	1	24	63	94	179
7706	14	1	25	64	169	180
7707	14	1	26	65	47	181
7708	14	1	27	66	72	182
7709	14	1	28	67	72	184
7710	14	1	29	68	191	185
7711	14	1	30	69	36	186
7712	14	1	31	70	36	188
7713	14	1	32	71	12	188
7714	14	1	33	72	12	190
7715	14	1	34	73	257	191
7716	14	1	35	74	257	193
7717	14	1	36	75	261	193
7718	14	1	37	76	261	195
7719	14	1	38	77	1	196
7720	14	1	39	78	262	197
7721	14	1	40	79	262	199
7722	14	1	41	80	88	200
7723	14	1	42	81	219	201
7724	14	1	43	82	44	202
7725	14	1	44	83	44	204
7726	14	1	45	84	73	205
7727	14	1	46	85	168	205
7728	14	2	0	7	158	150
7729	14	2	1	39	196	150
7730	14	2	2	40	67	151
7731	14	2	3	41	98	152
7732	14	2	4	42	98	154
7733	14	2	5	43	165	155
7734	14	2	6	44	208	156
7735	14	2	7	45	159	157
7736	14	2	8	46	159	159
7737	14	2	9	47	104	160
7738	14	2	10	48	53	161
7739	14	2	11	49	105	162
7740	14	2	12	50	158	163
7741	14	2	13	51	158	165
7742	14	2	14	52	158	167
7743	14	2	15	53	114	167
7744	14	2	16	54	149	168
7745	14	2	17	55	149	170
7746	14	2	18	57	214	171
7747	14	2	19	56	251	172
7748	14	2	20	58	19	173
7749	14	2	21	59	19	175
7750	14	2	22	60	19	177
7751	14	2	23	61	141	177
7752	14	2	24	62	216	178
7753	14	2	25	63	216	180
7754	14	2	26	64	47	181
7755	14	2	27	65	108	182
7756	14	2	28	66	227	183
7757	14	2	29	67	227	185
7758	14	2	30	68	36	186
7759	14	2	31	69	245	187
7760	14	2	32	70	245	189
7761	14	2	33	71	257	189
7762	14	2	34	72	257	191
7763	14	2	35	73	3	192
7764	14	2	36	74	3	194
7765	14	2	37	75	1	194
7766	14	2	38	76	1	196
7767	14	2	39	77	131	197
7768	14	2	40	78	132	198
7769	14	2	41	79	132	200
7770	14	2	42	80	219	201
7771	14	2	43	81	22	202
7772	14	2	44	82	241	203
7773	14	2	45	83	241	205
7774	14	3	0	8	189	150
7775	14	3	1	38	31	150
7776	14	3	2	39	165	151
7777	14	3	3	40	98	152
7778	14	3	4	41	214	153
7779	14	3	5	42	214	155
7780	14	3	6	43	49	156
7781	14	3	7	44	159	157
7782	14	3	8	45	52	158
7783	14	3	9	46	52	160
7784	14	3	10	47	211	161
7785	14	3	11	48	105	162
7786	14	3	12	49	79	163
7787	14	3	13	50	184	164
7788	14	3	14	51	184	166
7789	14	3	15	52	184	168
7790	14	3	16	53	206	168
7791	14	3	17	54	57	169
7792	14	3	18	55	57	171
7793	14	3	19	57	175	172
7794	14	3	20	56	85	173
7795	14	3	21	58	122	174
7796	14	3	22	59	122	176
7797	14	3	23	60	122	178
7798	14	3	24	61	61	178
7799	14	3	25	62	155	179
7800	14	3	26	63	155	181
7801	14	3	27	64	108	182
7802	14	3	28	65	209	183
7803	14	3	29	66	18	184
7804	14	3	30	67	18	186
7805	14	3	31	68	245	187
7806	14	3	32	69	9	188
7807	14	3	33	70	9	190
7808	14	3	34	71	3	190
7809	14	3	35	72	3	192
7810	14	3	36	73	130	193
7811	14	3	37	74	130	195
7812	14	3	38	75	131	195
7813	14	3	39	76	131	197
7814	14	3	40	77	66	198
7815	14	3	41	78	197	199
7816	14	3	42	79	197	201
7817	14	3	43	80	22	202
7818	14	3	44	81	252	203
7819	14	4	0	9	133	150
7820	14	4	1	10	9	150
7821	14	4	2	38	116	151
7822	14	4	3	39	49	152
7823	14	4	4	40	214	153
7824	14	4	5	41	156	154
7825	14	4	6	42	156	156
7826	14	4	7	43	107	157
7827	14	4	8	44	52	158
7828	14	4	9	45	237	159
7829	14	4	10	46	237	161
7830	14	4	11	47	26	162
7831	14	4	12	48	79	163
7832	14	4	13	49	92	164
7833	14	4	14	50	171	165
7834	14	4	15	51	171	167
7835	14	4	16	52	171	169
7836	14	4	17	53	160	169
7837	14	4	18	54	103	170
7838	14	4	19	55	103	172
7839	14	4	20	57	166	173
7840	14	4	21	56	144	174
7841	14	4	22	58	202	175
7842	14	4	23	59	202	177
7843	14	4	24	60	202	179
7844	14	4	25	61	101	179
7845	14	4	26	62	54	180
7846	14	4	27	63	54	182
7847	14	4	28	64	209	183
7848	14	4	29	65	27	184
7849	14	4	30	66	254	185
7850	14	4	31	67	254	187
7851	14	4	32	68	9	188
7852	14	4	33	69	127	189
7853	14	4	34	70	127	191
7854	14	4	35	71	130	191
7855	14	4	36	72	130	193
7856	14	4	37	73	198	194
7857	14	4	38	74	198	196
7858	14	4	39	75	66	196
7859	14	4	40	76	66	198
7860	14	4	41	77	230	199
7861	14	4	42	78	33	200
7862	14	4	43	79	33	202
7863	14	5	0	11	108	150
7864	14	5	1	12	188	150
7865	14	5	2	37	205	150
7866	14	5	3	38	205	152
7867	14	5	4	39	107	153
7868	14	5	5	40	156	154
7869	14	5	6	41	185	155
7870	14	5	7	42	185	157
7871	14	5	8	43	78	158
7872	14	5	9	44	237	159
7873	14	5	10	45	13	160
7874	14	5	11	46	13	162
7875	14	5	12	47	250	163
7876	14	5	13	48	92	164
7877	14	5	14	49	217	165
7878	14	5	15	50	46	166
7879	14	5	16	51	46	168
7880	14	5	17	52	46	170
7881	14	5	18	53	183	170
7882	14	5	19	54	80	171
7883	14	5	20	55	80	173
7884	14	5	21	57	119	174
7885	14	5	22	56	90	175
7886	14	5	23	58	162	176
7887	14	5	24	59	162	178
7888	14	5	25	60	162	180
7889	14	5	26	61	81	180
7890	14	5	27	62	236	181
7891	14	5	28	63	236	183
7892	14	5	29	64	27	184
7893	14	5	30	65	118	185
7894	14	5	31	66	136	186
7895	14	5	32	67	136	188
7896	14	5	33	68	127	189
7897	14	5	34	69	68	190
7898	14	5	35	70	68	192
7899	14	5	36	71	198	192
7900	14	5	37	72	198	194
7901	14	5	38	73	164	195
7902	14	5	39	74	164	197
7903	14	5	40	75	230	197
7904	14	5	41	76	230	199
7905	14	5	42	77	148	200
7906	14	6	0	13	204	150
7907	14	6	1	35	89	150
7908	14	6	2	36	205	150
7909	14	6	3	37	29	151
7910	14	6	4	38	29	153
7911	14	6	5	39	78	154
7912	14	6	6	40	185	155
7913	14	6	7	41	39	156
7914	14	6	8	42	39	158
7915	14	6	9	43	224	159
7916	14	6	10	44	13	160
7917	14	6	11	45	125	161
7918	14	6	12	46	125	163
7919	14	6	13	47	138	164
7920	14	6	14	48	217	165
7921	14	6	15	49	23	166
7922	14	6	16	50	240	167
7923	14	6	17	51	240	169
7924	14	6	18	52	240	171
7925	14	6	19	53	40	171
7926	14	6	20	54	223	172
7927	14	6	21	55	223	174
7928	14	6	22	57	234	175
7929	14	6	23	56	148	176
7930	14	6	24	58	182	177
7931	14	6	25	59	182	179
7932	14	6	26	60	182	181
7933	14	6	27	61	91	181
7934	14	6	28	62	145	182
7935	14	6	29	63	145	184
7936	14	6	30	64	118	185
7937	14	6	31	65	204	186
7938	14	6	32	66	195	187
7939	14	6	33	67	195	189
7940	14	6	34	68	68	190
7941	14	6	35	69	229	191
7942	14	6	36	70	229	193
7943	14	6	37	71	164	193
7944	14	6	38	72	164	195
7945	14	6	39	73	181	196
7946	14	6	40	74	181	198
7947	14	6	41	75	148	198
7948	14	7	0	14	22	150
7949	14	7	1	15	211	150
7950	14	7	2	35	87	151
7951	14	7	3	36	29	151
7952	14	7	4	37	117	152
7953	14	7	5	38	117	154
7954	14	7	6	39	224	155
7955	14	7	7	40	39	156
7956	14	7	8	41	112	157
7957	14	7	9	42	112	159
7958	14	7	10	43	151	160
7959	14	7	11	44	125	161
7960	14	7	12	45	69	162
7961	14	7	13	46	69	164
7962	14	7	14	47	194	165
7963	14	7	15	48	23	166
7964	14	7	16	49	120	167
7965	14	7	17	50	143	168
7966	14	7	18	51	143	170
7967	14	7	19	52	143	172
7968	14	7	20	53	243	172
7969	14	7	21	54	20	173
7970	14	7	22	55	20	175
7971	14	7	23	57	65	176
7972	14	7	24	56	28	177
7973	14	7	25	58	172	178
7974	14	7	26	59	172	180
7975	14	7	27	60	172	182
7976	14	7	28	61	86	182
7977	14	7	29	62	59	183
7978	14	7	30	63	59	185
7979	14	7	31	64	204	186
7980	14	7	32	65	161	187
7981	14	7	33	66	34	188
7982	14	7	34	67	34	190
7983	14	7	35	68	229	191
7984	14	7	36	69	17	192
7985	14	7	37	70	17	194
7986	14	7	38	71	181	194
7987	14	7	39	72	181	196
7988	14	7	40	73	41	197
7989	14	8	0	16	160	150
7990	14	8	1	17	142	150
7991	14	8	2	34	88	150
7992	14	8	3	35	88	152
7993	14	8	4	36	117	152
7994	14	8	5	37	73	153
7995	14	8	6	38	73	155
7996	14	8	7	39	151	156
7997	14	8	8	40	112	157
7998	14	8	9	41	207	158
7999	14	8	10	42	207	160
8000	14	8	11	43	56	161
8001	14	8	12	44	69	162
8002	14	8	13	45	97	163
8003	14	8	14	46	97	165
8004	14	8	15	47	166	166
8005	14	8	16	48	120	167
8006	14	8	17	49	203	168
8007	14	8	18	50	60	169
8008	14	8	19	51	60	171
8009	14	8	20	52	60	173
8010	14	8	21	53	10	173
8011	14	8	22	54	253	174
8012	14	8	23	55	253	176
8013	14	8	24	57	8	177
8014	14	8	25	56	24	178
8015	14	8	26	58	177	179
8016	14	8	27	59	177	181
8017	14	8	28	60	177	183
8018	14	8	29	61	220	183
8019	14	8	30	62	102	184
8020	14	8	31	63	102	186
8021	14	8	32	64	161	187
8022	14	8	33	65	51	188
8023	14	8	34	66	246	189
8024	14	8	35	67	246	191
8025	14	8	36	68	17	192
8026	14	8	37	69	123	193
8027	14	8	38	70	123	195
8028	14	8	39	71	41	195
8029	14	9	0	18	185	150
8030	14	9	1	19	253	150
8031	14	9	2	20	227	150
8032	14	9	3	34	219	151
8033	14	9	4	35	219	153
8034	14	9	5	36	73	153
8035	14	9	6	37	95	154
8036	14	9	7	38	95	156
8037	14	9	8	39	56	157
8038	14	9	9	40	207	158
8039	14	9	10	41	28	159
8040	14	9	11	42	28	161
8041	14	9	12	43	235	162
8042	14	9	13	44	97	163
8043	14	9	14	45	83	164
8044	14	9	15	46	83	166
8045	14	9	16	47	180	167
8046	14	9	17	48	203	168
8047	14	9	18	49	30	169
8048	14	9	19	50	233	170
8049	14	9	20	51	233	172
8050	14	9	21	52	233	174
8051	14	9	22	53	258	174
8052	14	9	23	54	5	175
8053	14	9	24	55	5	177
8054	14	9	25	57	173	178
8055	14	9	26	56	17	179
8056	14	9	27	58	43	180
8057	14	9	28	59	43	182
8058	14	9	29	60	43	184
8059	14	9	30	61	153	184
8060	14	9	31	62	212	185
8061	14	9	32	63	212	187
8062	14	9	33	64	51	188
8063	14	9	34	65	106	189
8064	14	9	35	66	140	190
8065	14	9	36	67	140	192
8066	14	9	37	68	123	193
8067	14	9	38	69	70	194
8068	14	10	0	21	157	150
8069	14	10	1	22	122	150
8070	14	10	2	32	44	150
8071	14	10	3	33	22	150
8072	14	10	4	34	22	152
8073	14	10	5	35	22	154
8074	14	10	6	36	95	154
8075	14	10	7	37	84	155
8076	14	10	8	38	84	157
8077	14	10	9	39	235	158
8078	14	10	10	40	28	159
8079	14	10	11	41	249	160
8080	14	10	12	42	249	162
8081	14	10	13	43	14	163
8082	14	10	14	44	83	164
8083	14	10	15	45	90	165
8084	14	10	16	46	90	167
8085	14	10	17	47	173	168
8086	14	10	18	48	30	169
8087	14	10	19	49	248	170
8088	14	10	20	50	15	171
8089	14	10	21	51	15	173
8090	14	10	22	52	15	175
8091	14	10	23	53	134	175
8092	14	10	24	54	129	176
8093	14	10	25	55	129	178
8094	14	10	26	57	88	179
8095	14	10	27	56	36	180
8096	14	10	28	58	110	181
8097	14	10	29	59	110	183
8098	14	10	30	60	110	185
8099	14	10	31	61	55	185
8100	14	10	32	62	157	186
8101	14	10	33	63	157	188
8102	14	10	34	64	106	189
8103	14	10	35	65	210	190
8104	14	10	36	66	193	191
8105	14	10	37	67	193	193
8106	14	11	0	23	253	150
8107	14	11	1	24	222	150
8108	14	11	2	31	66	150
8109	14	11	3	32	241	151
8110	14	11	4	33	252	151
8111	14	11	5	34	252	153
8112	14	11	6	35	252	155
8113	14	11	7	36	84	155
8114	14	11	8	37	221	156
8115	14	11	9	38	221	158
8116	14	11	10	39	14	159
8117	14	11	11	40	249	160
8118	14	11	12	41	7	161
8119	14	11	13	42	7	163
8120	14	11	14	43	256	164
8121	14	11	15	44	90	165
8122	14	11	16	45	218	166
8123	14	11	17	46	218	168
8124	14	11	18	47	45	169
8125	14	11	19	48	248	170
8126	14	11	20	49	139	171
8127	14	11	21	50	124	172
8128	14	11	22	51	124	174
8129	14	11	23	52	124	176
8130	14	11	24	53	196	176
8131	14	11	25	54	67	177
8132	14	11	26	55	67	179
8133	14	11	27	57	66	180
8134	14	11	28	56	12	181
8135	14	11	29	58	208	182
8136	14	11	30	59	208	184
8137	14	11	31	60	208	186
8138	14	11	32	61	104	186
8139	14	11	33	62	53	187
8140	14	11	34	63	53	189
8141	14	11	35	64	210	190
8142	14	11	36	65	158	191
8143	14	12	0	25	35	150
8144	14	12	1	26	37	150
8145	14	12	2	27	105	150
8146	14	12	3	31	230	151
8147	14	12	4	32	11	152
8148	14	12	5	33	137	152
8149	14	12	6	34	137	154
8150	14	12	7	35	137	156
8151	14	12	8	36	221	156
8152	14	12	9	37	21	157
8153	14	12	10	38	21	159
8154	14	12	11	39	256	160
8155	14	12	12	40	7	161
8156	14	12	13	41	128	162
8157	14	12	14	42	128	164
8158	14	12	15	43	135	165
8159	14	12	16	44	218	166
8160	14	12	17	45	154	167
8161	14	12	18	46	154	169
8162	14	12	19	47	109	170
8163	14	12	20	48	139	171
8164	14	12	21	49	62	172
8165	14	12	22	50	201	173
8166	14	12	23	51	201	175
8167	14	12	24	52	201	177
8168	14	12	25	53	165	177
8169	14	12	26	54	98	178
8170	14	12	27	55	98	180
8171	14	12	28	57	175	181
8172	14	12	29	56	195	182
8173	14	12	30	58	159	183
8174	14	12	31	59	159	185
8175	14	12	32	60	159	187
8176	14	12	33	61	211	187
8177	14	12	34	62	105	188
8178	14	12	35	63	105	190
8179	14	13	0	28	7	150
8180	14	13	1	29	240	150
8181	14	13	2	30	131	150
8182	14	13	3	0	228	151
8183	14	13	4	31	148	152
8184	14	13	5	32	126	153
8185	14	13	6	33	63	153
8186	14	13	7	34	63	155
8187	14	13	8	35	63	157
8188	14	13	9	36	21	157
8189	14	13	10	37	121	158
8190	14	13	11	38	121	160
8191	14	13	12	39	135	161
8192	14	13	13	40	128	162
8193	14	13	14	41	199	163
8194	14	13	15	42	199	165
8195	14	13	16	43	64	166
8196	14	13	17	44	154	167
8197	14	13	18	45	186	168
8198	14	13	19	46	186	170
8199	14	13	20	47	77	171
8200	14	13	21	48	62	172
8201	14	13	22	49	232	173
8202	14	13	23	50	31	174
8203	14	13	24	51	31	176
8204	14	13	25	52	31	178
8205	14	13	26	53	49	178
8206	14	13	27	54	214	179
8207	14	13	28	55	214	181
8208	14	13	29	57	203	182
8209	14	13	30	56	203	183
8210	14	13	31	58	52	184
8211	14	13	32	59	52	186
8212	14	13	33	60	52	188
8213	14	13	34	61	26	188
8214	14	14	0	1	75	151
8215	14	14	1	2	129	151
8216	14	14	2	3	242	151
8217	14	14	3	4	210	151
8218	14	14	4	30	189	151
8219	14	14	5	31	189	153
8220	14	14	6	32	200	154
8221	14	14	7	33	100	154
8222	14	14	8	34	100	156
8223	14	14	9	35	100	158
8224	14	14	10	36	121	158
8225	14	14	11	37	71	159
8226	14	14	12	38	71	161
8227	14	14	13	39	64	162
8228	14	14	14	40	199	163
8229	14	14	15	41	32	164
8230	14	14	16	42	32	166
8231	14	14	17	43	231	167
8232	14	14	18	44	186	168
8233	14	14	19	45	170	169
8234	14	14	20	46	170	171
8235	14	14	21	47	93	172
8236	14	14	22	48	232	173
8237	14	14	23	49	147	174
8238	14	14	24	50	116	175
8239	14	14	25	51	116	177
8240	14	14	26	52	116	179
8241	14	14	27	53	107	179
8242	14	14	28	54	156	180
8243	14	14	29	55	156	182
8244	14	14	30	57	82	183
8245	14	14	31	56	197	184
8246	14	14	32	58	237	185
8247	14	14	33	59	237	187
8248	14	15	0	5	112	151
8249	14	15	1	6	41	151
8250	14	15	2	7	168	151
8251	14	15	3	8	249	151
8252	14	15	4	28	95	151
8253	14	15	5	30	37	152
8254	14	15	6	31	37	154
8255	14	15	7	32	163	155
8256	14	15	8	33	213	155
8257	14	15	9	34	213	157
8258	14	15	10	35	213	159
8259	14	15	11	36	71	159
8260	14	15	12	37	96	160
8261	14	15	13	38	96	162
8262	14	15	14	39	231	163
8263	14	15	15	40	32	164
8264	14	15	16	41	247	165
8265	14	15	17	42	247	167
8266	14	15	18	43	16	168
8267	14	15	19	44	170	169
8268	14	15	20	45	178	170
8269	14	15	21	46	178	172
8270	14	15	22	47	85	173
8271	14	15	23	48	147	174
8272	14	15	24	49	58	175
8273	14	15	25	50	205	176
8274	14	15	26	51	205	178
8275	14	15	27	52	205	180
8276	14	15	28	53	78	180
8277	14	15	29	54	185	181
8278	14	15	30	55	185	183
8279	14	15	31	57	196	184
8280	14	15	32	56	83	185
8281	14	16	0	9	132	151
8282	14	16	1	10	62	151
8283	14	16	2	11	19	151
8284	14	16	3	12	121	151
8285	14	16	4	29	254	151
8286	14	16	5	28	254	152
8287	14	16	6	30	113	153
8288	14	16	7	31	113	155
8289	14	16	8	32	50	156
8290	14	16	9	33	25	156
8291	14	16	10	34	25	158
8292	14	16	11	35	25	160
8293	14	16	12	36	96	160
8294	14	16	13	37	215	161
8295	14	16	14	38	215	163
8296	14	16	15	39	16	164
8297	14	16	16	40	247	165
8298	14	16	17	41	8	166
8299	14	16	18	42	8	168
8300	14	16	19	43	255	169
8301	14	16	20	44	178	170
8302	14	16	21	45	174	171
8303	14	16	22	46	174	173
8304	14	16	23	47	89	174
8305	14	16	24	48	58	175
8306	14	16	25	49	234	176
8307	14	16	26	50	29	177
8308	14	16	27	51	29	179
8309	14	16	28	52	29	181
8310	14	16	29	53	224	181
8311	14	16	30	54	39	182
8312	14	16	31	55	39	184
8313	14	17	0	13	209	151
8314	14	17	1	14	196	151
8315	14	17	2	15	200	151
8316	14	17	3	16	122	151
8317	14	17	4	27	76	151
8318	14	17	5	29	249	152
8319	14	17	6	28	69	153
8320	14	17	7	30	75	154
8321	14	17	8	31	75	156
8322	14	17	9	32	238	157
8323	14	17	10	33	119	157
8324	14	17	11	34	119	159
8325	14	17	12	35	119	161
8326	14	17	13	36	215	161
8327	14	17	14	37	24	162
8328	14	17	15	38	24	164
8329	14	17	16	39	255	165
8330	14	17	17	40	8	166
8331	14	17	18	41	259	167
8332	14	17	19	42	259	169
8333	14	17	20	43	4	170
8334	14	17	21	44	174	171
8335	14	17	22	45	176	172
8336	14	17	23	46	176	174
8337	14	17	24	47	87	175
8338	14	17	25	48	234	176
8339	14	17	26	49	146	177
8340	14	17	27	50	117	178
8341	14	17	28	51	117	180
8342	14	17	29	52	117	182
8343	14	17	30	53	151	182
8344	14	18	0	17	153	151
8345	14	18	1	18	78	151
8346	14	18	2	19	63	151
8347	14	18	3	20	195	151
8348	14	18	4	21	255	151
8349	14	18	5	27	225	152
8350	14	18	6	29	82	153
8351	14	18	7	28	236	154
8352	14	18	8	30	94	155
8353	14	18	9	31	94	157
8354	14	18	10	32	144	158
8355	14	18	11	33	72	158
8356	14	18	12	34	72	160
8357	14	18	13	35	72	162
8358	14	18	14	36	24	162
8359	14	18	15	37	251	163
8360	14	18	16	38	251	165
8361	14	18	17	39	4	166
8362	14	18	18	40	259	167
8363	14	18	19	41	2	168
8364	14	18	20	42	2	170
8365	14	18	21	43	261	171
8366	14	18	22	44	176	172
8367	14	18	23	45	175	173
8368	14	18	24	46	175	175
8369	14	18	25	47	88	176
8370	14	18	26	48	146	177
8371	14	18	27	49	190	178
8372	14	18	28	50	73	179
8373	14	18	29	51	73	181
8374	14	19	0	22	21	151
8375	14	19	1	23	169	151
8376	14	19	2	24	136	151
8377	14	19	3	25	20	151
8378	14	19	4	26	142	151
8379	14	19	5	0	61	152
8380	14	19	6	27	19	153
8381	14	19	7	29	53	154
8382	14	19	8	28	260	155
8383	14	19	9	30	216	156
8384	14	19	10	31	216	158
8385	14	19	11	32	191	159
8386	14	19	12	33	227	159
8387	14	19	13	34	227	161
8388	14	19	14	35	227	163
8389	14	19	15	36	251	163
8390	14	19	16	37	6	164
8391	14	19	17	38	6	166
8392	14	19	18	39	261	167
8393	14	19	19	40	2	168
8394	14	19	20	41	262	169
8395	14	19	21	42	262	171
8396	14	19	22	43	1	172
8397	14	19	23	44	175	173
8398	14	19	24	45	44	174
8399	14	19	25	46	44	176
8400	14	19	26	47	219	177
8401	14	19	27	48	190	178
8402	14	19	28	49	168	179
8403	14	20	0	1	210	152
8404	14	20	1	2	139	152
8405	14	20	2	3	23	152
8406	14	20	3	4	45	152
8407	14	20	4	5	262	152
8408	14	20	5	25	103	152
8409	14	20	6	26	122	152
8410	14	20	7	27	122	154
8411	14	20	8	29	58	155
8412	14	20	9	28	73	156
8413	14	20	10	30	155	157
8414	14	20	11	31	155	159
8415	14	20	12	32	36	160
8416	14	20	13	33	18	160
8417	14	20	14	34	18	162
8418	14	20	15	35	18	164
8419	14	20	16	36	6	164
8420	14	20	17	37	260	165
8421	14	20	18	38	260	167
8422	14	20	19	39	1	168
8423	14	20	20	40	262	169
8424	14	20	21	41	132	170
8425	14	20	22	42	132	172
8426	14	20	23	43	131	173
8427	14	20	24	44	44	174
8428	14	20	25	45	241	175
8429	14	20	26	46	241	177
8430	14	20	27	47	22	178
8431	14	21	0	6	83	152
8432	14	21	1	7	35	152
8433	14	21	2	8	101	152
8434	14	21	3	9	158	152
8435	14	21	4	10	179	152
8436	14	21	5	24	103	152
8437	14	21	6	25	80	153
8438	14	21	7	26	202	153
8439	14	21	8	27	202	155
8440	14	21	9	29	126	156
8441	14	21	10	28	214	157
8442	14	21	11	30	54	158
8443	14	21	12	31	54	160
8444	14	21	13	32	245	161
8445	14	21	14	33	254	161
8446	14	21	15	34	254	163
8447	14	21	16	35	254	165
8448	14	21	17	36	260	165
8449	14	21	18	37	133	166
8450	14	21	19	38	133	168
8451	14	21	20	39	131	169
8452	14	21	21	40	132	170
8453	14	21	22	41	197	171
8454	14	21	23	42	197	173
8455	14	21	24	43	66	174
8456	14	21	25	44	241	175
8457	14	21	26	45	11	176
8458	14	22	0	11	167	152
8459	14	22	1	12	149	152
8460	14	22	2	13	252	152
8461	14	22	3	14	150	152
8462	14	22	4	15	173	152
8463	14	22	5	23	23	152
8464	14	22	6	24	80	153
8465	14	22	7	25	223	154
8466	14	22	8	26	162	154
8467	14	22	9	27	162	156
8468	14	22	10	29	254	157
8469	14	22	11	28	40	158
8470	14	22	12	30	236	159
8471	14	22	13	31	236	161
8472	14	22	14	32	9	162
8473	14	22	15	33	136	162
8474	14	22	16	34	136	164
8475	14	22	17	35	136	166
8476	14	22	18	36	133	166
8477	14	22	19	37	65	167
8478	14	22	20	38	65	169
8479	14	22	21	39	66	170
8480	14	22	22	40	197	171
8481	14	22	23	41	33	172
8482	14	22	24	42	33	174
8483	14	22	25	43	230	175
8484	14	23	0	0	95	153
8485	14	23	1	16	229	152
8486	14	23	2	17	154	152
8487	14	23	3	18	202	152
8488	14	23	4	19	169	152
8489	14	23	5	20	23	152
8490	14	23	6	23	120	153
8491	14	23	7	24	223	154
8492	14	23	8	25	20	155
8493	14	23	9	26	182	155
8494	14	23	10	27	182	157
8495	14	23	11	29	109	158
8496	14	23	12	28	4	159
8497	14	23	13	30	145	160
8498	14	23	14	31	145	162
8499	14	23	15	32	127	163
8500	14	23	16	33	195	163
8501	14	23	17	34	195	165
8502	14	23	18	35	195	167
8503	14	23	19	36	65	167
8504	14	23	20	37	99	168
8505	14	23	21	38	99	170
8506	14	23	22	39	230	171
8507	14	23	23	40	33	172
8508	14	23	24	41	115	173
8509	14	24	0	0	95	154
8510	14	24	1	21	196	152
8511	14	24	2	22	226	152
8512	14	24	3	1	61	153
8513	14	24	4	2	239	153
8514	14	24	5	3	153	153
8515	14	24	6	4	10	153
8516	14	24	7	23	203	154
8517	14	24	8	24	20	155
8518	14	24	9	25	253	156
8519	14	24	10	26	172	156
8520	14	24	11	27	172	158
8521	14	24	12	29	222	159
8522	14	24	13	28	23	160
8523	14	24	14	30	59	161
8524	14	24	15	31	59	163
8525	14	24	16	32	68	164
8526	14	24	17	33	34	164
8527	14	24	18	34	34	166
8528	14	24	19	35	34	168
8529	14	24	20	36	99	168
8530	14	24	21	37	82	169
8531	14	24	22	38	82	171
8532	14	24	23	39	148	172
8533	14	25	0	0	95	155
8534	14	25	1	5	214	153
8535	14	25	2	6	159	153
8536	14	25	3	7	73	153
8537	14	25	4	8	199	153
8538	14	25	5	9	87	153
8539	14	25	6	21	60	153
8540	14	25	7	22	30	153
8541	14	25	8	23	30	155
8542	14	25	9	24	253	156
8543	14	25	10	25	5	157
8544	14	25	11	26	177	157
8545	14	25	12	27	177	159
8546	14	25	13	29	211	160
8547	14	25	14	28	155	161
8548	14	25	15	30	102	162
8549	14	25	16	31	102	164
8550	14	25	17	32	229	165
8551	14	25	18	33	246	165
8552	14	25	19	34	246	167
8553	14	25	20	35	246	169
8554	14	25	21	36	82	169
8555	14	25	22	37	222	170
8556	14	26	0	0	95	156
8557	14	26	1	1	166	154
8558	14	26	2	10	235	153
8559	14	26	3	11	124	153
8560	14	26	4	12	164	153
8561	14	26	5	13	190	153
8562	14	26	6	20	90	153
8563	14	26	7	21	233	154
8564	14	26	8	22	248	154
8565	14	26	9	23	248	156
8566	14	26	10	24	5	157
8567	14	26	11	25	129	158
8568	14	26	12	26	43	158
8569	14	26	13	27	43	160
8570	14	26	14	29	128	161
8571	14	26	15	28	200	162
8572	14	26	16	30	212	163
8573	14	26	17	31	212	165
8574	14	26	18	32	17	166
8575	14	26	19	33	140	166
8576	14	26	20	34	140	168
8577	14	26	21	35	140	170
8578	14	27	0	0	95	157
8579	14	27	1	1	166	155
8580	14	27	2	14	120	153
8581	14	27	3	15	176	153
8582	14	27	4	16	130	153
8583	14	27	5	17	2	153
8584	14	27	6	18	184	153
8585	14	27	7	20	218	154
8586	14	27	8	21	15	155
8587	14	27	9	22	139	155
8588	14	27	10	23	139	157
8589	14	27	11	24	129	158
8590	14	27	12	25	67	159
8591	14	27	13	26	110	159
8592	14	27	14	27	110	161
8593	14	27	15	29	148	162
8594	14	27	16	28	93	163
8595	14	27	17	30	157	164
8596	14	27	18	31	157	166
8597	14	27	19	32	123	167
8598	14	27	20	33	193	167
8599	14	28	0	0	95	158
8600	14	28	1	1	166	156
8601	14	28	2	2	243	154
8602	14	28	3	19	255	153
8603	14	28	4	3	251	154
8604	14	28	5	4	204	154
8605	14	28	6	5	233	154
8606	14	28	7	18	60	154
8607	14	28	8	20	154	155
8608	14	28	9	21	124	156
8609	14	28	10	22	62	156
8610	14	28	11	23	62	158
8611	14	28	12	24	67	159
8612	14	28	13	25	98	160
8613	14	28	14	26	208	160
8614	14	28	15	27	208	162
8615	14	28	16	29	83	163
8616	14	28	17	28	108	164
8617	14	28	18	30	53	165
8618	14	28	19	31	53	167
8619	14	29	0	0	95	159
8620	14	29	1	1	166	157
8621	14	29	2	2	243	155
8622	14	29	3	6	237	154
8623	14	29	4	7	82	154
8624	14	29	5	8	81	154
8625	14	29	6	9	18	154
8626	14	29	7	19	178	154
8627	14	29	8	18	256	155
8628	14	29	9	20	186	156
8629	14	29	10	21	201	157
8630	14	29	11	22	232	157
8631	14	29	12	23	232	159
8632	14	29	13	24	98	160
8633	14	29	14	25	214	161
8634	14	29	15	26	159	161
8635	14	29	16	27	159	163
8636	14	29	17	29	143	164
8637	14	29	18	28	172	165
8638	14	30	0	0	95	160
8639	14	30	1	1	166	158
8640	14	30	2	2	243	156
8641	14	30	3	10	226	154
8642	14	30	4	11	241	154
8643	14	30	5	12	100	154
8644	14	30	6	13	54	154
8645	14	30	7	17	32	154
8646	14	30	8	19	97	155
8647	14	30	9	18	131	156
8648	14	30	10	20	170	157
8649	14	30	11	21	31	158
8650	14	30	12	22	147	158
8651	14	30	13	23	147	160
8652	14	30	14	24	214	161
8653	14	30	15	25	156	162
8654	14	30	16	26	52	162
8655	14	30	17	27	52	164
8656	14	31	0	0	95	161
8657	14	31	1	1	166	159
8658	14	31	2	2	243	157
8659	14	31	3	3	145	155
8660	14	31	4	14	135	154
8661	14	31	5	15	221	154
8662	14	31	6	16	116	154
8663	14	31	7	4	49	155
8664	14	31	8	17	247	155
8665	14	31	9	19	253	156
8666	14	31	10	18	136	157
8667	14	31	11	20	178	158
8668	14	31	12	21	116	159
8669	14	31	13	22	58	159
8670	14	31	14	23	58	161
8671	14	31	15	24	156	162
8672	14	31	16	25	185	163
8673	14	32	0	0	95	162
8674	14	32	1	1	166	160
8675	14	32	2	2	243	158
8676	14	32	3	3	145	156
8677	14	32	4	5	224	155
8678	14	32	5	6	92	155
8679	14	32	6	7	174	155
8680	14	32	7	8	261	155
8681	14	32	8	9	174	155
8682	14	32	9	17	8	156
8683	14	32	10	19	183	157
8684	14	32	11	18	70	158
8685	14	32	12	20	174	159
8686	14	32	13	21	205	160
8687	14	32	14	22	234	160
8688	14	32	15	23	234	162
8689	14	33	0	0	95	163
8690	14	33	1	1	166	161
8691	14	33	2	2	243	159
8692	14	33	3	3	145	157
8693	14	33	4	10	64	155
8694	14	33	5	11	116	155
8695	14	33	6	12	26	155
8696	14	33	7	14	191	155
8697	14	33	8	15	239	155
8698	14	33	9	16	259	155
8699	14	33	10	17	259	157
8700	14	33	11	19	214	158
8701	14	33	12	18	254	159
8702	14	33	13	20	176	160
8703	14	33	14	21	29	161
8704	14	34	0	0	95	164
8705	14	34	1	1	166	162
8706	14	34	2	2	243	160
8707	14	34	3	3	145	158
8708	14	34	4	4	198	156
8709	14	34	5	13	78	155
8710	14	34	6	5	180	156
8711	14	34	7	6	109	156
8712	14	34	8	14	36	156
8713	14	34	9	15	12	156
8714	14	34	10	16	2	156
8715	14	34	11	17	2	158
8716	14	34	12	19	69	159
8717	14	34	13	18	216	160
8718	14	35	0	0	95	165
8719	14	35	1	1	166	163
8720	14	35	2	2	243	161
8721	14	35	3	3	145	159
8722	14	35	4	4	198	157
8723	14	35	5	7	245	156
8724	14	35	6	8	243	156
8725	14	35	7	11	132	156
8726	14	35	8	13	36	156
8727	14	35	9	14	245	157
8728	14	35	10	15	257	157
8729	14	35	11	16	262	157
8730	14	35	12	17	262	159
8731	14	36	0	0	95	166
8732	14	36	1	1	166	164
8733	14	36	2	2	243	162
8734	14	36	3	3	145	160
8735	14	36	4	4	198	158
8736	14	36	5	9	102	156
8737	14	36	6	10	210	156
8738	14	36	7	12	129	156
8739	14	36	8	11	50	157
8740	14	36	9	13	245	157
8741	14	36	10	14	9	158
8742	14	36	11	15	3	158
8743	14	37	0	0	95	167
8744	14	37	1	1	166	165
8745	14	37	2	2	243	163
8746	14	37	3	3	145	161
8747	14	37	4	4	198	159
8748	14	37	5	5	11	157
8749	14	37	6	6	6	157
8750	14	37	7	7	15	157
8751	14	37	8	12	121	157
8752	14	37	9	11	147	158
8753	14	37	10	13	9	158
8754	14	38	0	0	95	168
8755	14	38	1	1	166	166
8756	14	38	2	2	243	164
8757	14	38	3	3	145	162
8758	14	38	4	4	198	160
8759	14	38	5	5	11	158
8760	14	38	6	8	120	157
8761	14	38	7	9	40	157
8762	14	38	8	10	182	157
8763	14	38	9	12	44	158
8764	14	39	0	0	95	169
8765	14	39	1	1	166	167
8766	14	39	2	2	243	165
8767	14	39	3	3	145	163
8768	14	39	4	4	198	161
8769	14	39	5	5	11	159
8770	14	39	6	6	161	158
8771	14	39	7	8	203	158
8772	14	39	8	9	243	158
8773	14	40	0	0	95	170
8774	14	40	1	1	166	168
8775	14	40	2	2	243	166
8776	14	40	3	3	145	164
8777	14	40	4	4	198	162
8778	14	40	5	5	11	160
8779	14	40	6	7	121	158
8780	14	40	7	10	163	158
8781	14	41	0	0	95	171
8782	14	41	1	1	166	169
8783	14	41	2	2	243	167
8784	14	41	3	3	145	165
8785	14	41	4	4	198	163
8786	14	41	5	5	11	161
8787	14	41	6	6	249	159
8788	14	42	0	0	95	172
8789	14	42	1	1	166	170
8790	14	42	2	2	243	168
8791	14	42	3	3	145	166
8792	14	42	4	4	198	164
8793	14	42	5	5	11	162
8794	14	43	0	0	95	173
8795	14	43	1	1	166	171
8796	14	43	2	2	243	169
8797	14	43	3	3	145	167
8798	14	43	4	4	198	165
8799	14	44	0	0	95	174
8800	14	44	1	1	166	172
8801	14	44	2	2	243	170
8802	14	44	3	3	145	168
8803	14	45	0	0	95	175
8804	14	45	1	1	166	173
8805	14	45	2	2	243	171
8806	14	46	0	0	95	176
8807	14	46	1	1	166	174
8808	14	47	0	0	95	177
8809	15	0	0	89	25	209
8810	15	0	1	88	24	210
8811	15	0	2	90	10	211
8812	15	0	3	91	10	213
8813	15	0	4	92	253	214
8814	15	0	5	93	86	214
8815	15	0	6	94	86	216
8816	15	0	7	95	86	218
8817	15	0	8	96	177	219
8818	15	0	9	97	43	220
8819	15	0	10	98	161	221
8820	15	0	11	99	102	222
8821	15	0	12	100	102	224
8822	15	0	13	101	212	225
8823	15	0	14	102	17	226
8824	15	0	15	103	246	227
8825	15	0	16	104	246	229
8826	15	0	17	105	140	230
8827	15	0	18	106	123	231
8828	15	0	19	107	222	232
8829	15	0	20	108	222	234
8830	15	0	21	109	152	235
8831	15	0	22	110	111	236
8832	15	0	23	111	226	237
8833	15	0	24	112	226	239
8834	15	0	25	113	113	239
8835	15	0	26	114	113	241
8836	15	0	27	115	113	243
8837	15	0	28	116	50	244
8838	15	0	29	117	25	244
8839	15	0	30	118	25	246
8840	15	0	31	119	25	248
8841	15	0	32	120	96	248
8842	15	0	33	121	215	249
8843	15	0	34	122	215	251
8844	15	0	35	123	215	253
8845	15	0	36	124	48	254
8846	15	0	37	125	8	254
8847	15	0	38	126	8	256
8848	15	0	39	127	255	257
8849	15	0	40	128	255	259
8850	15	0	41	129	174	259
8851	15	0	42	130	174	261
8852	15	0	43	131	89	262
8853	15	0	44	132	89	264
8854	15	1	0	86	129	207
8855	15	1	1	87	129	209
8856	15	1	2	89	227	210
8857	15	1	3	88	175	211
8858	15	1	4	90	110	212
8859	15	1	5	91	110	214
8860	15	1	6	92	153	215
8861	15	1	7	93	157	215
8862	15	1	8	94	157	217
8863	15	1	9	95	157	219
8864	15	1	10	96	106	220
8865	15	1	11	97	210	221
8866	15	1	12	98	193	222
8867	15	1	13	99	70	223
8868	15	1	14	100	70	225
8869	15	1	15	101	228	226
8870	15	1	16	102	187	227
8871	15	1	17	103	76	228
8872	15	1	18	104	76	230
8873	15	1	19	105	225	231
8874	15	1	20	106	38	232
8875	15	1	21	107	75	233
8876	15	1	22	108	75	235
8877	15	1	23	109	94	236
8878	15	1	24	110	169	237
8879	15	1	25	111	119	238
8880	15	1	26	112	119	240
8881	15	1	27	113	191	240
8882	15	1	28	114	191	242
8883	15	1	29	115	191	244
8884	15	1	30	116	24	245
8885	15	1	31	117	12	245
8886	15	1	32	118	12	247
8887	15	1	33	119	12	249
8888	15	1	34	120	4	249
8889	15	1	35	121	261	250
8890	15	1	36	122	261	252
8891	15	1	37	123	261	254
8892	15	1	38	124	2	255
8893	15	1	39	125	88	255
8894	15	1	40	126	88	257
8895	15	1	41	127	175	258
8896	15	1	42	128	175	260
8897	15	1	43	129	73	260
8898	15	2	0	84	208	206
8899	15	2	1	85	104	206
8900	15	2	2	86	104	208
8901	15	2	3	87	104	210
8902	15	2	4	89	128	211
8903	15	2	5	88	36	212
8904	15	2	6	90	158	213
8905	15	2	7	91	158	215
8906	15	2	8	92	105	216
8907	15	2	9	93	149	216
8908	15	2	10	94	149	218
8909	15	2	11	95	149	220
8910	15	2	12	96	114	221
8911	15	2	13	97	206	222
8912	15	2	14	98	19	223
8913	15	2	15	99	244	224
8914	15	2	16	100	244	226
8915	15	2	17	101	141	227
8916	15	2	18	102	216	228
8917	15	2	19	103	47	229
8918	15	2	20	104	47	231
8919	15	2	21	105	108	232
8920	15	2	22	106	155	233
8921	15	2	23	107	36	234
8922	15	2	24	108	36	236
8923	15	2	25	109	245	237
8924	15	2	26	110	18	238
8925	15	2	27	111	257	239
8926	15	2	28	112	257	241
8927	15	2	29	113	260	241
8928	15	2	30	114	260	243
8929	15	2	31	115	260	245
8930	15	2	32	116	1	246
8931	15	2	33	117	132	246
8932	15	2	34	118	132	248
8933	15	2	35	119	132	250
8934	15	2	36	120	44	250
8935	15	2	37	121	241	251
8936	15	2	38	122	241	253
8937	15	2	39	123	241	255
8938	15	2	40	124	22	256
8939	15	2	41	125	179	256
8940	15	2	42	126	179	258
8941	15	3	0	82	237	204
8942	15	3	1	83	237	206
8943	15	3	2	84	184	207
8944	15	3	3	85	92	207
8945	15	3	4	86	92	209
8946	15	3	5	87	92	211
8947	15	3	6	89	71	212
8948	15	3	7	88	252	213
8949	15	3	8	90	160	214
8950	15	3	9	91	160	216
8951	15	3	10	92	103	217
8952	15	3	11	93	61	217
8953	15	3	12	94	61	219
8954	15	3	13	95	61	221
8955	15	3	14	96	202	222
8956	15	3	15	97	162	223
8957	15	3	16	98	209	224
8958	15	3	17	99	54	225
8959	15	3	18	100	54	227
8960	15	3	19	101	236	228
8961	15	3	20	102	9	229
8962	15	3	21	103	254	230
8963	15	3	22	104	254	232
8964	15	3	23	105	136	233
8965	15	3	24	106	127	234
8966	15	3	25	107	133	235
8967	15	3	26	108	133	237
8968	15	3	27	109	65	238
8969	15	3	28	110	198	239
8970	15	3	29	111	197	240
8971	15	3	30	112	197	242
8972	15	3	31	113	230	242
8973	15	3	32	114	230	244
8974	15	3	33	115	230	246
8975	15	3	34	116	11	247
8976	15	3	35	117	137	247
8977	15	3	36	118	137	249
8978	15	3	37	119	137	251
8979	15	3	38	120	221	251
8980	15	3	39	121	21	252
8981	15	3	40	122	21	254
8982	15	3	41	123	21	256
8983	15	4	0	80	217	203
8984	15	4	1	81	23	204
8985	15	4	2	82	240	205
8986	15	4	3	83	240	207
8987	15	4	4	84	183	208
8988	15	4	5	85	223	208
8989	15	4	6	86	223	210
8990	15	4	7	87	223	212
8991	15	4	8	89	13	213
8992	15	4	9	88	34	214
8993	15	4	10	90	182	215
8994	15	4	11	91	182	217
8995	15	4	12	92	81	218
8996	15	4	13	93	145	218
8997	15	4	14	94	145	220
8998	15	4	15	95	145	222
8999	15	4	16	96	118	223
9000	15	4	17	97	204	224
9001	15	4	18	98	195	225
9002	15	4	19	99	68	226
9003	15	4	20	100	68	228
9004	15	4	21	101	229	229
9005	15	4	22	102	99	230
9006	15	4	23	103	164	231
9007	15	4	24	104	164	233
9008	15	4	25	105	181	234
9009	15	4	26	106	82	235
9010	15	4	27	107	148	236
9011	15	4	28	108	148	238
9012	15	4	29	109	189	239
9013	15	4	30	110	74	240
9014	15	4	31	111	63	241
9015	15	4	32	112	63	243
9016	15	4	33	113	163	243
9017	15	4	34	114	163	245
9018	15	4	35	115	163	247
9019	15	4	36	116	121	248
9020	15	4	37	117	192	248
9021	15	4	38	118	192	250
9022	15	4	39	119	192	252
9023	15	4	40	120	64	252
9024	15	5	0	78	203	201
9025	15	5	1	79	203	203
9026	15	5	2	80	20	204
9027	15	5	3	81	253	205
9028	15	5	4	82	10	206
9029	15	5	5	83	10	208
9030	15	5	6	84	172	209
9031	15	5	7	85	86	209
9032	15	5	8	86	86	211
9033	15	5	9	87	86	213
9034	15	5	10	89	111	214
9035	15	5	11	88	143	215
9036	15	5	12	90	161	216
9037	15	5	13	91	161	218
9038	15	5	14	92	102	219
9039	15	5	15	93	17	219
9040	15	5	16	94	17	221
9041	15	5	17	95	17	223
9042	15	5	18	96	246	224
9043	15	5	19	97	140	225
9044	15	5	20	98	41	226
9045	15	5	21	99	222	227
9046	15	5	22	100	222	229
9047	15	5	23	101	152	230
9048	15	5	24	102	37	231
9049	15	5	25	103	226	232
9050	15	5	26	104	226	234
9051	15	5	27	105	150	235
9052	15	5	28	106	113	236
9053	15	5	29	107	50	237
9054	15	5	30	108	50	239
9055	15	5	31	109	238	240
9056	15	5	32	110	25	241
9057	15	5	33	111	167	242
9058	15	5	34	112	167	244
9059	15	5	35	113	215	244
9060	15	5	36	114	215	246
9061	15	5	37	115	215	248
9062	15	5	38	116	16	249
9063	15	5	39	117	8	249
9064	15	6	0	76	258	200
9065	15	6	1	77	134	201
9066	15	6	2	78	129	202
9067	15	6	3	79	129	204
9068	15	6	4	80	220	205
9069	15	6	5	81	153	206
9070	15	6	6	82	110	207
9071	15	6	7	83	110	209
9072	15	6	8	84	51	210
9073	15	6	9	85	157	210
9074	15	6	10	86	157	212
9075	15	6	11	87	157	214
9076	15	6	12	89	80	215
9077	15	6	13	88	236	216
9078	15	6	14	90	193	217
9079	15	6	15	91	193	219
9080	15	6	16	92	70	220
9081	15	6	17	93	187	220
9082	15	6	18	94	187	222
9083	15	6	19	95	187	224
9084	15	6	20	96	76	225
9085	15	6	21	97	225	226
9086	15	6	22	98	188	227
9087	15	6	23	99	75	228
9088	15	6	24	100	75	230
9089	15	6	25	101	94	231
9090	15	6	26	102	144	232
9091	15	6	27	103	119	233
9092	15	6	28	104	119	235
9093	15	6	29	105	72	236
9094	15	6	30	106	191	237
9095	15	6	31	107	24	238
9096	15	6	32	108	24	240
9097	15	6	33	109	251	241
9098	15	6	34	110	12	242
9099	15	6	35	111	259	243
9100	15	6	36	112	259	245
9101	15	6	37	113	261	245
9102	15	6	38	114	261	247
9103	15	7	0	74	98	199
9104	15	7	1	75	208	199
9105	15	7	2	76	208	201
9106	15	7	3	77	159	202
9107	15	7	4	78	104	203
9108	15	7	5	79	104	205
9109	15	7	6	80	53	206
9110	15	7	7	81	105	207
9111	15	7	8	82	158	208
9112	15	7	9	83	158	210
9113	15	7	10	84	35	211
9114	15	7	11	85	149	211
9115	15	7	12	86	149	213
9116	15	7	13	87	149	215
9117	15	7	14	89	164	216
9118	15	7	15	88	10	217
9119	15	7	16	90	19	218
9120	15	7	17	91	19	220
9121	15	7	18	92	244	221
9122	15	7	19	93	216	221
9123	15	7	20	94	216	223
9124	15	7	21	95	216	225
9125	15	7	22	96	47	226
9126	15	7	23	97	108	227
9127	15	7	24	98	227	228
9128	15	7	25	99	36	229
9129	15	7	26	100	36	231
9130	15	7	27	101	245	232
9131	15	7	28	102	6	233
9132	15	7	29	103	257	234
9133	15	7	30	104	257	236
9134	15	7	31	105	3	237
9135	15	7	32	106	260	238
9136	15	7	33	107	1	239
9137	15	7	34	108	1	241
9138	15	7	35	109	131	242
9139	15	7	36	110	132	243
9140	15	7	37	111	219	244
9141	15	8	0	72	211	197
9142	15	8	1	73	26	198
9143	15	8	2	74	26	200
9144	15	8	3	75	184	200
9145	15	8	4	76	184	202
9146	15	8	5	77	171	203
9147	15	8	6	78	92	204
9148	15	8	7	79	92	206
9149	15	8	8	80	57	207
9150	15	8	9	81	103	208
9151	15	8	10	82	160	209
9152	15	8	11	83	160	211
9153	15	8	12	84	122	212
9154	15	8	13	85	61	212
9155	15	8	14	86	61	214
9156	15	8	15	87	61	216
9157	15	8	16	89	240	217
9158	15	8	17	88	257	218
9159	15	8	18	90	209	219
9160	15	8	19	91	209	221
9161	15	8	20	92	54	222
9162	15	8	21	93	9	222
9163	15	8	22	94	9	224
9164	15	8	23	95	9	226
9165	15	8	24	96	254	227
9166	15	8	25	97	136	228
9167	15	8	26	98	130	229
9168	15	8	27	99	133	230
9169	15	8	28	100	133	232
9170	15	8	29	101	65	233
9171	15	8	30	102	66	234
9172	15	8	31	103	197	235
9173	15	8	32	104	197	237
9174	15	8	33	105	33	238
9175	15	8	34	106	230	239
9176	15	8	35	107	11	240
9177	15	8	36	108	11	242
9178	15	9	0	70	125	196
9179	15	9	1	71	217	196
9180	15	9	2	72	217	198
9181	15	9	3	73	23	199
9182	15	9	4	74	23	201
9183	15	9	5	75	183	201
9184	15	9	6	76	183	203
9185	15	9	7	77	40	204
9186	15	9	8	78	223	205
9187	15	9	9	79	223	207
9188	15	9	10	80	101	208
9189	15	9	11	81	81	209
9190	15	9	12	82	182	210
9191	15	9	13	83	182	212
9192	15	9	14	84	27	213
9193	15	9	15	85	145	213
9194	15	9	16	86	145	215
9195	15	9	17	87	145	217
9196	15	9	18	89	164	218
9197	15	9	19	88	182	219
9198	15	9	20	90	195	220
9199	15	9	21	91	195	222
9200	15	9	22	92	68	223
9201	15	9	23	93	99	223
9202	15	9	24	94	99	225
9203	15	9	25	95	99	227
9204	15	9	26	96	164	228
9205	15	9	27	97	181	229
9206	15	9	28	98	115	230
9207	15	9	29	99	148	231
9208	15	9	30	100	148	233
9209	15	9	31	101	189	234
9210	15	9	32	102	200	235
9211	15	9	33	103	63	236
9212	15	9	34	104	63	238
9213	15	9	35	105	100	239
9214	15	10	0	68	143	194
9215	15	10	1	69	60	195
9216	15	10	2	70	60	197
9217	15	10	3	71	20	197
9218	15	10	4	72	20	199
9219	15	10	5	73	253	200
9220	15	10	6	74	253	202
9221	15	10	7	75	172	202
9222	15	10	8	76	172	204
9223	15	10	9	77	177	205
9224	15	10	10	78	86	206
9225	15	10	11	79	86	208
9226	15	10	12	80	59	209
9227	15	10	13	81	102	210
9228	15	10	14	82	161	211
9229	15	10	15	83	161	213
9230	15	10	16	84	34	214
9231	15	10	17	85	17	214
9232	15	10	18	86	17	216
9233	15	10	19	87	17	218
9234	15	10	20	89	79	219
9235	15	10	21	88	131	220
9236	15	10	22	90	41	221
9237	15	10	23	91	41	223
9238	15	10	24	92	222	224
9239	15	10	25	93	37	224
9240	15	10	26	94	37	226
9241	15	10	27	95	37	228
9242	15	10	28	96	226	229
9243	15	10	29	97	150	230
9244	15	10	30	98	213	231
9245	15	10	31	99	50	232
9246	15	10	32	100	50	234
9247	15	10	33	101	238	235
9248	15	10	34	102	96	236
9249	15	11	0	66	5	192
9250	15	11	1	67	5	194
9251	15	11	2	68	258	195
9252	15	11	3	69	134	196
9253	15	11	4	70	134	198
9254	15	11	5	71	220	198
9255	15	11	6	72	220	200
9256	15	11	7	73	153	201
9257	15	11	8	74	153	203
9258	15	11	9	75	51	203
9259	15	11	10	76	51	205
9260	15	11	11	77	106	206
9261	15	11	12	78	157	207
9262	15	11	13	79	157	209
9263	15	11	14	80	123	210
9264	15	11	15	81	70	211
9265	15	11	16	82	193	212
9266	15	11	17	83	193	214
9267	15	11	18	84	111	215
9268	15	11	19	85	187	215
9269	15	11	20	86	187	217
9270	15	11	21	87	187	219
9271	15	11	22	89	41	220
9272	15	11	23	88	47	221
9273	15	11	24	90	188	222
9274	15	11	25	91	188	224
9275	15	11	26	92	75	225
9276	15	11	27	93	144	225
9277	15	11	28	94	144	227
9278	15	11	29	95	144	229
9279	15	11	30	96	119	230
9280	15	11	31	97	72	231
9281	15	11	32	98	239	232
9282	15	11	33	99	24	233
9283	15	12	0	64	67	191
9284	15	12	1	65	98	192
9285	15	12	2	66	55	193
9286	15	12	3	67	55	195
9287	15	12	4	68	208	196
9288	15	12	5	69	159	197
9289	15	12	6	70	159	199
9290	15	12	7	71	53	199
9291	15	12	8	72	53	201
9292	15	12	9	73	105	202
9293	15	12	10	74	105	204
9294	15	12	11	75	35	204
9295	15	12	12	76	35	206
9296	15	12	13	77	114	207
9297	15	12	14	78	149	208
9298	15	12	15	79	149	210
9299	15	12	16	80	38	211
9300	15	12	17	81	244	212
9301	15	12	18	82	19	213
9302	15	12	19	83	19	215
9303	15	12	20	84	169	216
9304	15	12	21	85	216	216
9305	15	12	22	86	216	218
9306	15	12	23	87	216	220
9307	15	12	24	89	22	221
9308	15	12	25	88	210	222
9309	15	12	26	90	227	223
9310	15	12	27	91	227	225
9311	15	12	28	92	36	226
9312	15	12	29	93	6	226
9313	15	12	30	94	6	228
9314	15	12	31	95	6	230
9315	15	12	32	96	257	231
9316	15	13	0	62	52	189
9317	15	13	1	63	52	191
9318	15	13	2	64	211	192
9319	15	13	3	65	26	193
9320	15	13	4	66	79	194
9321	15	13	5	67	79	196
9322	15	13	6	68	184	197
9323	15	13	7	69	171	198
9324	15	13	8	70	171	200
9325	15	13	9	71	57	200
9326	15	13	10	72	57	202
9327	15	13	11	73	103	203
9328	15	13	12	74	103	205
9329	15	13	13	75	122	205
9330	15	13	14	76	122	207
9331	15	13	15	77	202	208
9332	15	13	16	78	61	209
9333	15	13	17	79	61	211
9334	15	13	18	80	155	212
9335	15	13	19	81	54	213
9336	15	13	20	82	209	214
9337	15	13	21	83	209	216
9338	15	13	22	84	18	217
9339	15	13	23	85	9	217
9340	15	13	24	86	9	219
9341	15	13	25	87	9	221
9342	15	13	26	89	257	222
9343	15	13	27	88	195	223
9344	15	13	28	90	130	224
9345	15	13	29	91	130	226
9346	15	13	30	92	133	227
9347	15	13	31	93	66	227
9348	15	14	0	60	250	189
9349	15	14	1	61	125	189
9350	15	14	2	62	46	190
9351	15	14	3	63	46	192
9352	15	14	4	64	217	193
9353	15	14	5	65	23	194
9354	15	14	6	66	80	195
9355	15	14	7	67	80	197
9356	15	14	8	68	183	198
9357	15	14	9	69	40	199
9358	15	14	10	70	40	201
9359	15	14	11	71	101	201
9360	15	14	12	72	101	203
9361	15	14	13	73	81	204
9362	15	14	14	74	81	206
9363	15	14	15	75	27	206
9364	15	14	16	76	27	208
9365	15	14	17	77	118	209
9366	15	14	18	78	145	210
9367	15	14	19	79	145	212
9368	15	14	20	80	127	213
9369	15	14	21	81	68	214
9370	15	14	22	82	195	215
9371	15	14	23	83	195	217
9372	15	14	24	84	198	218
9373	15	14	25	85	99	218
9374	15	14	26	86	99	220
9375	15	14	27	87	99	222
9376	15	14	28	89	99	223
9377	15	14	29	88	148	224
9378	15	14	30	90	115	225
9379	15	15	0	58	120	186
9380	15	15	1	59	120	188
9381	15	15	2	60	120	190
9382	15	15	3	61	60	190
9383	15	15	4	62	243	191
9384	15	15	5	63	243	193
9385	15	15	6	64	20	194
9386	15	15	7	65	253	195
9387	15	15	8	66	91	196
9388	15	15	9	67	91	198
9389	15	15	10	68	172	199
9390	15	15	11	69	177	200
9391	15	15	12	70	177	202
9392	15	15	13	71	59	202
9393	15	15	14	72	59	204
9394	15	15	15	73	102	205
9395	15	15	16	74	102	207
9396	15	15	17	75	34	207
9397	15	15	18	76	34	209
9398	15	15	19	77	246	210
9399	15	15	20	78	17	211
9400	15	15	21	79	17	213
9401	15	15	22	80	82	214
9402	15	15	23	81	222	215
9403	15	15	24	82	41	216
9404	15	15	25	83	41	218
9405	15	15	26	84	74	219
9406	15	15	27	85	37	219
9407	15	15	28	86	37	221
9408	15	15	29	87	37	223
9409	15	16	0	57	187	185
9410	15	16	1	56	88	186
9411	15	16	2	58	5	187
9412	15	16	3	59	5	189
9413	15	16	4	60	5	191
9414	15	16	5	61	134	191
9415	15	16	6	62	43	192
9416	15	16	7	63	43	194
9417	15	16	8	64	220	195
9418	15	16	9	65	153	196
9419	15	16	10	66	212	197
9420	15	16	11	67	212	199
9421	15	16	12	68	51	200
9422	15	16	13	69	106	201
9423	15	16	14	70	106	203
9424	15	16	15	71	123	203
9425	15	16	16	72	123	205
9426	15	16	17	73	70	206
9427	15	16	18	74	70	208
9428	15	16	19	75	111	208
9429	15	16	20	76	111	210
9430	15	16	21	77	76	211
9431	15	16	22	78	187	212
9432	15	16	23	79	187	214
9433	15	16	24	80	113	215
9434	15	16	25	81	75	216
9435	15	16	26	82	188	217
9436	15	16	27	83	188	219
9437	15	16	28	84	25	220
9438	15	17	0	54	196	183
9439	15	17	1	55	196	185
9440	15	17	2	57	192	186
9441	15	17	3	56	37	187
9442	15	17	4	58	55	188
9443	15	17	5	59	55	190
9444	15	17	6	60	55	192
9445	15	17	7	61	159	192
9446	15	17	8	62	210	193
9447	15	17	9	63	210	195
9448	15	17	10	64	53	196
9449	15	17	11	65	105	197
9450	15	17	12	66	228	198
9451	15	17	13	67	228	200
9452	15	17	14	68	35	201
9453	15	17	15	69	114	202
9454	15	17	16	70	114	204
9455	15	17	17	71	38	204
9456	15	17	18	72	38	206
9457	15	17	19	73	244	207
9458	15	17	20	74	244	209
9459	15	17	21	75	169	209
9460	15	17	22	76	169	211
9461	15	17	23	77	47	212
9462	15	17	24	78	216	213
9463	15	17	25	79	216	215
9464	15	17	26	80	191	216
9465	15	17	27	81	36	217
9466	15	18	0	52	214	183
9467	15	18	1	53	211	183
9468	15	18	2	54	52	184
9469	15	18	3	55	52	186
9470	15	18	4	57	7	187
9471	15	18	5	56	127	188
9472	15	18	6	58	79	189
9473	15	18	7	59	79	191
9474	15	18	8	60	79	193
9475	15	18	9	61	171	193
9476	15	18	10	62	206	194
9477	15	18	11	63	206	196
9478	15	18	12	64	57	197
9479	15	18	13	65	103	198
9480	15	18	14	66	141	199
9481	15	18	15	67	141	201
9482	15	18	16	68	122	202
9483	15	18	17	69	202	203
9484	15	18	18	70	202	205
9485	15	18	19	71	155	205
9486	15	18	20	72	155	207
9487	15	18	21	73	54	208
9488	15	18	22	74	54	210
9489	15	18	23	75	18	210
9490	15	18	24	76	18	212
9491	15	18	25	77	254	213
9492	15	18	26	78	9	214
9493	15	19	0	50	250	180
9494	15	19	1	51	250	182
9495	15	19	2	52	250	184
9496	15	19	3	53	217	184
9497	15	19	4	54	46	185
9498	15	19	5	55	46	187
9499	15	19	6	57	66	188
9500	15	19	7	56	8	189
9501	15	19	8	58	80	190
9502	15	19	9	59	80	192
9503	15	19	10	60	80	194
9504	15	19	11	61	40	194
9505	15	19	12	62	162	195
9506	15	19	13	63	162	197
9507	15	19	14	64	101	198
9508	15	19	15	65	81	199
9509	15	19	16	66	236	200
9510	15	19	17	67	236	202
9511	15	19	18	68	27	203
9512	15	19	19	69	118	204
9513	15	19	20	70	118	206
9514	15	19	21	71	127	206
9515	15	19	22	72	127	208
9516	15	19	23	73	68	209
9517	15	19	24	74	68	211
9518	15	19	25	75	198	211
9519	15	20	0	48	240	179
9520	15	20	1	49	143	180
9521	15	20	2	50	120	181
9522	15	20	3	51	120	183
9523	15	20	4	52	120	185
9524	15	20	5	53	20	185
9525	15	20	6	54	243	186
9526	15	20	7	55	243	188
9527	15	20	8	57	79	189
9528	15	20	9	56	53	190
9529	15	20	10	58	91	191
9530	15	20	11	59	91	193
9531	15	20	12	60	91	195
9532	15	20	13	61	177	195
9533	15	20	14	62	204	196
9534	15	20	15	63	204	198
9535	15	20	16	64	59	199
9536	15	20	17	65	102	200
9537	15	20	18	66	229	201
9538	15	20	19	67	229	203
9539	15	20	20	68	34	204
9540	15	20	21	69	246	205
9541	15	20	22	70	246	207
9542	15	20	23	71	82	207
9543	15	20	24	72	82	209
9544	15	21	0	46	30	178
9545	15	21	1	47	233	179
9546	15	21	2	48	10	180
9547	15	21	3	49	258	181
9548	15	21	4	50	5	182
9549	15	21	5	51	5	184
9550	15	21	6	52	5	186
9551	15	21	7	53	220	186
9552	15	21	8	54	43	187
9553	15	21	9	55	43	189
9554	15	21	10	57	64	190
9555	15	21	11	56	137	191
9556	15	21	12	58	212	192
9557	15	21	13	59	212	194
9558	15	21	14	60	212	196
9559	15	21	15	61	106	196
9560	15	21	16	62	140	197
9561	15	21	17	63	140	199
9562	15	21	18	64	123	200
9563	15	21	19	65	70	201
9564	15	21	20	66	152	202
9565	15	21	21	67	152	204
9566	15	21	22	68	111	205
9567	15	21	23	69	76	206
9568	15	22	0	44	129	176
9569	15	22	1	45	67	177
9570	15	22	2	46	67	179
9571	15	22	3	47	196	180
9572	15	22	4	48	110	181
9573	15	22	5	49	208	182
9574	15	22	6	50	55	183
9575	15	22	7	51	55	185
9576	15	22	8	52	55	187
9577	15	22	9	53	53	187
9578	15	22	10	54	210	188
9579	15	22	11	55	210	190
9580	15	22	12	57	2	191
9581	15	22	13	56	256	192
9582	15	22	14	58	228	193
9583	15	22	15	59	228	195
9584	15	22	16	60	228	197
9585	15	22	17	61	114	197
9586	15	22	18	62	225	198
9587	15	22	19	63	225	200
9588	15	22	20	64	38	201
9589	15	22	21	65	244	202
9590	15	22	22	66	94	203
9591	15	23	0	42	49	175
9592	15	23	1	43	214	176
9593	15	23	2	44	104	177
9594	15	23	3	45	211	178
9595	15	23	4	46	211	180
9596	15	23	5	47	52	181
9597	15	23	6	48	158	182
9598	15	23	7	49	184	183
9599	15	23	8	50	79	184
9600	15	23	9	51	79	186
9601	15	23	10	52	79	188
9602	15	23	11	53	57	188
9603	15	23	12	54	206	189
9604	15	23	13	55	206	191
9605	15	23	14	57	190	192
9606	15	23	15	56	16	193
9607	15	23	16	58	141	194
9608	15	23	17	59	141	196
9609	15	23	18	60	141	198
9610	15	23	19	61	202	198
9611	15	23	20	62	108	199
9612	15	23	21	63	108	201
9613	15	24	0	40	237	173
9614	15	24	1	41	13	174
9615	15	24	2	42	13	176
9616	15	24	3	43	250	177
9617	15	24	4	44	92	178
9618	15	24	5	45	217	179
9619	15	24	6	46	217	181
9620	15	24	7	47	46	182
9621	15	24	8	48	160	183
9622	15	24	9	49	183	184
9623	15	24	10	50	80	185
9624	15	24	11	51	80	187
9625	15	24	12	52	80	189
9626	15	24	13	53	101	189
9627	15	24	14	54	162	190
9628	15	24	15	55	162	192
9629	15	24	16	57	256	193
9630	15	24	17	56	89	194
9631	15	24	18	58	236	195
9632	15	24	19	59	236	197
9633	15	24	20	60	236	199
9634	15	25	0	38	194	172
9635	15	25	1	39	23	173
9636	15	25	2	40	240	174
9637	15	25	3	41	143	175
9638	15	25	4	42	143	177
9639	15	25	5	43	120	178
9640	15	25	6	44	223	179
9641	15	25	7	45	20	180
9642	15	25	8	46	20	182
9643	15	25	9	47	243	183
9644	15	25	10	48	182	184
9645	15	25	11	49	172	185
9646	15	25	12	50	91	186
9647	15	25	13	51	91	188
9648	15	25	14	52	91	190
9649	15	25	15	53	59	190
9650	15	25	16	54	204	191
9651	15	25	17	55	204	193
9652	15	25	18	56	204	195
9653	15	25	19	57	229	194
9654	15	26	0	36	203	170
9655	15	26	1	37	30	171
9656	15	26	2	38	30	173
9657	15	26	3	39	253	174
9658	15	26	4	40	10	175
9659	15	26	5	41	258	176
9660	15	26	6	42	258	178
9661	15	26	7	43	5	179
9662	15	26	8	44	86	180
9663	15	26	9	45	220	181
9664	15	26	10	46	220	183
9665	15	26	11	47	43	184
9666	15	26	12	48	161	185
9667	15	26	13	49	51	186
9668	15	26	14	50	212	187
9669	15	26	15	51	212	189
9670	15	26	16	52	212	191
9671	15	26	17	53	123	191
9672	15	26	18	54	140	192
9673	15	27	0	34	124	169
9674	15	27	1	35	124	171
9675	15	27	2	36	129	171
9676	15	27	3	37	67	172
9677	15	27	4	38	67	174
9678	15	27	5	39	153	175
9679	15	27	6	40	110	176
9680	15	27	7	41	208	177
9681	15	27	8	42	208	179
9682	15	27	9	43	55	180
9683	15	27	10	44	157	181
9684	15	27	11	45	53	182
9685	15	27	12	46	53	184
9686	15	27	13	47	210	185
9687	15	27	14	48	193	186
9688	15	27	15	49	35	187
9689	15	27	16	50	228	188
9690	15	27	17	51	228	190
9691	15	28	0	32	98	168
9692	15	28	1	33	49	168
9693	15	28	2	34	49	170
9694	15	28	3	35	49	172
9695	15	28	4	36	104	172
9696	15	28	5	37	211	173
9697	15	28	6	38	211	175
9698	15	28	7	39	105	176
9699	15	28	8	40	158	177
9700	15	28	9	41	184	178
9701	15	28	10	42	184	180
9702	15	28	11	43	79	181
9703	15	28	12	44	149	182
9704	15	28	13	45	57	183
9705	15	28	14	46	57	185
9706	15	28	15	47	206	186
9707	15	28	16	48	19	187
9708	15	29	0	30	185	166
9709	15	29	1	31	185	168
9710	15	29	2	32	26	169
9711	15	29	3	33	13	169
9712	15	29	4	34	13	171
9713	15	29	5	35	13	173
9714	15	29	6	36	92	173
9715	15	29	7	37	217	174
9716	15	29	8	38	217	176
9717	15	29	9	39	103	177
9718	15	29	10	40	160	178
9719	15	29	11	41	183	179
9720	15	29	12	42	183	181
9721	15	29	13	43	80	182
9722	15	29	14	44	61	183
9723	15	29	15	45	101	184
9724	15	30	0	29	42	165
9725	15	30	1	28	79	166
9726	15	30	2	30	194	167
9727	15	30	3	31	194	169
9728	15	30	4	32	23	170
9729	15	30	5	33	143	170
9730	15	30	6	34	143	172
9731	15	30	7	35	143	174
9732	15	30	8	36	223	174
9733	15	30	9	37	20	175
9734	15	30	10	38	20	177
9735	15	30	11	39	81	178
9736	15	30	12	40	182	179
9737	15	30	13	41	172	180
9738	15	30	14	42	172	182
9739	15	31	0	26	83	163
9740	15	31	1	27	83	165
9741	15	31	2	29	162	166
9742	15	31	3	28	121	167
9743	15	31	4	30	30	168
9744	15	31	5	31	30	170
9745	15	31	6	32	253	171
9746	15	31	7	33	258	171
9747	15	31	8	34	258	173
9748	15	31	9	35	258	175
9749	15	31	10	36	86	175
9750	15	31	11	37	220	176
9751	15	31	12	38	220	178
9752	15	31	13	39	102	179
9753	15	32	0	24	45	163
9754	15	32	1	25	109	164
9755	15	32	2	26	124	164
9756	15	32	3	27	124	166
9757	15	32	4	29	60	167
9758	15	32	5	28	107	168
9759	15	32	6	30	67	169
9760	15	32	7	31	67	171
9761	15	32	8	32	153	172
9762	15	32	9	33	208	172
9763	15	32	10	34	208	174
9764	15	32	11	35	208	176
9765	15	32	12	36	157	176
9766	15	33	0	22	93	161
9767	15	33	1	23	93	163
9768	15	33	2	24	232	164
9769	15	33	3	25	147	165
9770	15	33	4	26	49	165
9771	15	33	5	27	49	167
9772	15	33	6	29	128	168
9773	15	33	7	28	61	169
9774	15	33	8	30	211	170
9775	15	33	9	31	211	172
9776	15	33	10	32	105	173
9777	15	33	11	33	184	173
9778	15	34	0	20	174	161
9779	15	34	1	21	205	162
9780	15	34	2	22	234	162
9781	15	34	3	23	234	164
9782	15	34	4	24	185	165
9783	15	34	5	25	39	166
9784	15	34	6	26	13	166
9785	15	34	7	27	13	168
9786	15	34	8	29	27	169
9787	15	34	9	28	178	170
9788	15	34	10	30	217	171
9789	15	35	0	19	231	160
9790	15	35	1	18	135	161
9791	15	35	2	20	73	162
9792	15	35	3	21	151	163
9793	15	35	4	22	207	163
9794	15	35	5	23	207	165
9795	15	35	6	24	194	166
9796	15	35	7	25	166	167
9797	15	35	8	26	143	167
9798	15	35	9	27	143	169
9799	15	36	0	16	179	158
9800	15	36	1	17	179	160
9801	15	36	2	19	34	161
9802	15	36	3	18	81	162
9803	15	36	4	20	14	163
9804	15	36	5	21	83	164
9805	15	36	6	22	173	164
9806	15	36	7	23	173	166
9807	15	36	8	24	30	167
9808	15	37	0	14	200	159
9809	15	37	1	15	242	159
9810	15	37	2	16	128	159
9811	15	37	3	17	128	161
9812	15	37	4	19	149	162
9813	15	37	5	18	136	163
9814	15	37	6	20	154	164
9815	15	37	7	21	124	165
9816	15	38	0	11	104	159
9817	15	38	1	13	71	159
9818	15	38	2	14	96	160
9819	15	38	3	15	32	160
9820	15	38	4	16	93	160
9821	15	38	5	17	93	162
9822	15	38	6	19	216	163
9823	15	39	0	7	124	159
9824	15	39	1	12	72	159
9825	15	39	2	11	48	160
9826	15	39	3	13	255	160
9827	15	39	4	14	4	161
9828	15	39	5	15	89	161
9829	15	40	0	8	155	159
9830	15	40	1	9	227	159
9831	15	40	2	10	257	159
9832	15	40	3	12	256	160
9833	15	40	4	11	187	161
9834	15	41	0	6	191	160
9835	15	41	1	8	27	160
9836	15	41	2	9	9	160
9837	15	41	3	10	133	160
9838	15	42	0	7	70	160
9839	15	42	1	6	92	161
9840	15	42	2	8	59	161
9841	15	43	0	7	70	161
9842	15	43	1	9	204	161
9843	15	44	0	10	15	161
9844	16	0	0	12	173	161
9845	16	0	1	13	90	161
9846	16	0	2	16	15	161
9847	16	0	3	6	94	162
9848	16	0	4	7	241	162
9849	16	0	5	8	69	162
9850	16	0	6	9	204	162
9851	16	0	7	10	57	162
9852	16	0	8	11	150	162
9853	16	0	9	14	170	162
9854	16	0	10	15	38	162
9855	16	0	11	5	150	163
9856	16	0	12	17	165	163
9857	16	0	13	18	64	164
9858	16	0	14	19	122	164
9859	16	0	15	20	237	165
9860	16	0	16	22	119	165
9861	16	0	17	4	156	166
9862	16	0	18	21	44	166
9863	16	0	19	23	60	167
9864	16	0	20	24	248	168
9865	16	0	21	25	258	168
9866	16	0	22	26	98	168
9867	16	0	23	3	235	169
9868	16	1	0	12	173	162
9869	16	1	1	13	90	162
9870	16	1	2	16	15	162
9871	16	1	3	6	94	163
9872	16	1	4	7	241	163
9873	16	1	5	8	69	163
9874	16	1	6	9	204	163
9875	16	1	7	10	57	163
9876	16	1	8	11	150	163
9877	16	1	9	14	170	163
9878	16	1	10	15	38	163
9879	16	1	11	5	150	164
9880	16	1	12	17	165	164
9881	16	1	13	18	64	165
9882	16	1	14	19	122	165
9883	16	1	15	20	237	166
9884	16	1	16	22	119	166
9885	16	1	17	4	156	167
9886	16	1	18	21	44	167
9887	16	1	19	23	60	168
9888	16	1	20	24	248	169
9889	16	1	21	25	258	169
9890	16	1	22	26	98	169
9891	16	1	23	3	235	170
9892	16	2	0	12	173	163
9893	16	2	1	13	90	163
9894	16	2	2	16	15	163
9895	16	2	3	6	94	164
9896	16	2	4	7	241	164
9897	16	2	5	8	69	164
9898	16	2	6	9	204	164
9899	16	2	7	10	57	164
9900	16	2	8	11	150	164
9901	16	2	9	14	170	164
9902	16	2	10	15	38	164
9903	16	2	11	5	150	165
9904	16	2	12	17	165	165
9905	16	2	13	18	64	166
9906	16	2	14	19	122	166
9907	16	2	15	20	237	167
9908	16	2	16	22	119	167
9909	16	2	17	4	156	168
9910	16	2	18	21	44	168
9911	16	2	19	23	60	169
9912	16	2	20	24	248	170
9913	16	2	21	25	258	170
9914	16	2	22	26	98	170
9915	16	3	0	12	173	164
9916	16	3	1	13	90	164
9917	16	3	2	16	15	164
9918	16	3	3	6	94	165
9919	16	3	4	7	241	165
9920	16	3	5	8	69	165
9921	16	3	6	9	204	165
9922	16	3	7	10	57	165
9923	16	3	8	11	150	165
9924	16	3	9	14	170	165
9925	16	3	10	15	38	165
9926	16	3	11	5	150	166
9927	16	3	12	17	165	166
9928	16	3	13	18	64	167
9929	16	3	14	19	122	167
9930	16	3	15	20	237	168
9931	16	3	16	22	119	168
9932	16	3	17	4	156	169
9933	16	3	18	21	44	169
9934	16	3	19	23	60	170
9935	16	3	20	27	199	170
9936	16	3	21	29	136	170
9937	16	3	22	3	141	171
9938	16	4	0	12	173	165
9939	16	4	1	13	90	165
9940	16	4	2	16	15	165
9941	16	4	3	6	94	166
9942	16	4	4	7	241	166
9943	16	4	5	8	69	166
9944	16	4	6	9	204	166
9945	16	4	7	10	57	166
9946	16	4	8	11	150	166
9947	16	4	9	14	170	166
9948	16	4	10	15	38	166
9949	16	4	11	5	150	167
9950	16	4	12	17	165	167
9951	16	4	13	18	64	168
9952	16	4	14	19	122	168
9953	16	4	15	20	237	169
9954	16	4	16	22	119	169
9955	16	4	17	4	156	170
9956	16	4	18	21	44	170
9957	16	4	19	23	60	171
9958	16	4	20	24	54	171
9959	16	4	21	25	129	171
9960	16	5	0	12	173	166
9961	16	5	1	13	90	166
9962	16	5	2	16	15	166
9963	16	5	3	6	94	167
9964	16	5	4	7	241	167
9965	16	5	5	8	69	167
9966	16	5	6	9	204	167
9967	16	5	7	10	57	167
9968	16	5	8	11	150	167
9969	16	5	9	14	170	167
9970	16	5	10	15	38	167
9971	16	5	11	5	150	168
9972	16	5	12	17	165	168
9973	16	5	13	18	64	169
9974	16	5	14	19	122	169
9975	16	5	15	20	237	170
9976	16	5	16	22	119	170
9977	16	5	17	4	156	171
9978	16	5	18	21	44	171
9979	16	5	19	26	112	171
9980	16	5	20	27	211	171
9981	16	5	21	28	11	171
9982	16	6	0	12	173	167
9983	16	6	1	13	90	167
9984	16	6	2	16	15	167
9985	16	6	3	6	94	168
9986	16	6	4	7	241	168
9987	16	6	5	8	69	168
9988	16	6	6	9	204	168
9989	16	6	7	10	57	168
9990	16	6	8	11	150	168
9991	16	6	9	14	170	168
9992	16	6	10	15	38	168
9993	16	6	11	5	150	169
9994	16	6	12	17	165	169
9995	16	6	13	18	64	170
9996	16	6	14	19	122	170
9997	16	6	15	20	237	171
9998	16	6	16	22	119	171
9999	16	6	17	29	220	171
10000	16	6	18	2	226	172
10001	16	6	19	3	222	172
10002	16	6	20	4	21	172
10003	16	7	0	12	173	168
10004	16	7	1	13	90	168
10005	16	7	2	16	15	168
10006	16	7	3	6	94	169
10007	16	7	4	7	241	169
10008	16	7	5	8	69	169
10009	16	7	6	9	204	169
10010	16	7	7	10	57	169
10011	16	7	8	11	150	169
10012	16	7	9	14	170	169
10013	16	7	10	15	38	169
10014	16	7	11	5	150	170
10015	16	7	12	17	165	170
10016	16	7	13	18	64	171
10017	16	7	14	19	122	171
10018	16	7	15	20	237	172
10019	16	7	16	21	72	172
10020	16	7	17	22	241	172
10021	16	7	18	23	86	172
10022	16	7	19	24	167	172
10023	16	7	20	25	9	172
10024	16	8	0	12	173	169
10025	16	8	1	13	90	169
10026	16	8	2	16	15	169
10027	16	8	3	6	94	170
10028	16	8	4	7	241	170
10029	16	8	5	8	69	170
10030	16	8	6	9	204	170
10031	16	8	7	10	57	170
10032	16	8	8	11	150	170
10033	16	8	9	14	170	170
10034	16	8	10	15	38	170
10035	16	8	11	5	150	171
10036	16	8	12	17	165	171
10037	16	8	13	18	64	172
10038	16	8	14	19	122	172
10039	16	8	15	26	34	172
10040	16	8	16	27	52	172
10041	16	8	17	28	141	172
10042	16	8	18	29	126	172
10043	16	8	19	30	154	172
10044	16	9	0	12	173	170
10045	16	9	1	13	90	170
10046	16	9	2	16	15	170
10047	16	9	3	6	94	171
10048	16	9	4	7	241	171
10049	16	9	5	8	69	171
10050	16	9	6	9	204	171
10051	16	9	7	10	57	171
10052	16	9	8	11	150	171
10053	16	9	9	14	170	171
10054	16	9	10	15	38	171
10055	16	9	11	5	150	172
10056	16	9	12	17	165	172
10057	16	9	13	2	23	173
10058	16	9	14	3	125	173
10059	16	9	15	4	166	173
10060	16	9	16	18	104	173
10061	16	9	17	19	137	173
10062	16	9	18	20	129	173
10063	16	9	19	21	106	173
10064	16	10	0	12	173	171
10065	16	10	1	13	90	171
10066	16	10	2	16	15	171
10067	16	10	3	6	94	172
10068	16	10	4	7	241	172
10069	16	10	5	8	69	172
10070	16	10	6	9	204	172
10071	16	10	7	10	57	172
10072	16	10	8	11	150	172
10073	16	10	9	14	170	172
10074	16	10	10	15	38	172
10075	16	10	11	5	150	173
10076	16	10	12	17	165	173
10077	16	10	13	22	240	173
10078	16	10	14	23	113	173
10079	16	10	15	24	196	173
10080	16	10	16	25	238	173
10081	16	10	17	26	214	173
10082	16	10	18	27	78	173
10083	16	11	0	12	173	172
10084	16	11	1	13	90	172
10085	16	11	2	16	15	172
10086	16	11	3	6	94	173
10087	16	11	4	7	241	173
10088	16	11	5	8	69	173
10089	16	11	6	9	204	173
10090	16	11	7	10	57	173
10091	16	11	8	11	150	173
10092	16	11	9	14	170	173
10093	16	11	10	15	38	173
10094	16	11	11	28	123	173
10095	16	11	12	29	86	173
10096	16	11	13	30	205	173
10097	16	11	14	31	49	173
10098	16	11	15	2	162	174
10099	16	11	16	3	131	174
10100	16	11	17	4	243	174
10101	16	11	18	5	111	174
10102	16	12	0	12	173	173
10103	16	12	1	13	90	173
10104	16	12	2	16	15	173
10105	16	12	3	6	94	174
10106	16	12	4	7	241	174
10107	16	12	5	8	69	174
10108	16	12	6	9	204	174
10109	16	12	7	10	57	174
10110	16	12	8	11	150	174
10111	16	12	9	14	170	174
10112	16	12	10	15	38	174
10113	16	12	11	17	172	174
10114	16	12	12	18	217	174
10115	16	12	13	19	6	174
10116	16	12	14	20	179	174
10117	16	12	15	21	50	174
10118	16	12	16	22	112	174
10119	16	12	17	23	36	174
10120	16	13	0	12	173	174
10121	16	13	1	13	90	174
10122	16	13	2	16	15	174
10123	16	13	3	24	152	174
10124	16	13	4	25	179	174
10125	16	13	5	26	229	174
10126	16	13	6	27	225	174
10127	16	13	7	28	69	174
10128	16	13	8	29	197	174
10129	16	13	9	30	93	174
10130	16	13	10	31	230	174
10131	16	13	11	32	39	174
10132	16	13	12	33	137	174
10133	16	13	13	1	136	175
10134	16	13	14	2	116	175
10135	16	13	15	3	47	175
10136	16	13	16	4	111	175
10137	16	13	17	5	260	175
10138	16	14	0	6	147	175
10139	16	14	1	7	206	175
10140	16	14	2	8	118	175
10141	16	14	3	9	223	175
10142	16	14	4	10	84	175
10143	16	14	5	11	86	175
10144	16	14	6	12	127	175
10145	16	14	7	13	58	175
10146	16	14	8	14	230	175
10147	16	14	9	15	72	175
10148	16	14	10	16	145	175
10149	16	14	11	17	223	175
10150	16	14	12	18	114	175
10151	16	14	13	19	251	175
10152	16	14	14	20	163	175
10153	16	14	15	21	53	175
10154	16	14	16	22	144	175
10155	16	15	0	23	257	175
10156	16	15	1	24	55	175
10157	16	15	2	25	253	175
10158	16	15	3	26	171	175
10159	16	15	4	27	181	175
10160	16	15	5	28	205	175
10161	16	15	6	29	138	175
10162	16	15	7	30	19	175
10163	16	15	8	31	110	175
10164	16	15	9	32	260	175
10165	16	15	10	33	64	175
10166	16	15	11	34	74	175
10167	16	15	12	2	64	176
10168	16	15	13	1	153	176
10169	16	15	14	3	241	176
10170	16	15	15	4	184	176
10171	16	15	16	5	254	176
10172	16	16	0	6	146	176
10173	16	16	1	7	161	176
10174	16	16	2	8	202	176
10175	16	16	3	9	49	176
10176	16	16	4	10	155	176
10177	16	16	5	11	121	176
10178	16	16	6	12	21	176
10179	16	16	7	14	246	176
10180	16	16	8	13	48	176
10181	16	16	9	15	189	176
10182	16	16	10	16	215	176
10183	16	16	11	17	105	176
10184	16	16	12	18	30	176
10185	16	16	13	19	195	176
10186	16	16	14	20	227	176
10187	16	16	15	21	17	176
10188	16	17	0	22	14	176
10189	16	17	1	23	64	176
10190	16	17	2	24	134	176
10191	16	17	3	25	85	176
10192	16	17	4	26	68	176
10193	16	17	5	27	165	176
10194	16	17	6	28	79	176
10195	16	17	7	29	45	176
10196	16	17	8	30	91	176
10197	16	17	9	31	40	176
10198	16	17	10	32	77	176
10199	16	17	11	33	128	176
10200	16	17	12	34	111	176
10201	16	17	13	1	242	177
10202	16	17	14	2	179	177
10203	16	17	15	3	94	177
10204	16	18	0	4	5	177
10205	16	18	1	5	237	177
10206	16	18	2	6	245	177
10207	16	18	3	7	28	177
10208	16	18	4	8	154	177
10209	16	18	5	9	247	177
10210	16	18	6	10	171	177
10211	16	18	7	11	259	177
10212	16	18	8	12	84	177
10213	16	18	9	13	35	177
10214	16	18	10	14	46	177
10215	16	18	11	15	114	177
10216	16	18	12	16	94	177
10217	16	18	13	17	250	177
10218	16	18	14	18	164	177
10219	16	19	0	19	106	177
10220	16	19	1	20	211	177
10221	16	19	2	21	215	177
10222	16	19	3	22	142	177
10223	16	19	4	23	42	177
10224	16	19	5	24	26	177
10225	16	19	6	25	139	177
10226	16	19	7	26	232	177
10227	16	19	8	27	73	177
10228	16	19	9	28	32	177
10229	16	19	10	29	57	177
10230	16	19	11	30	88	177
10231	16	19	12	31	151	177
10232	16	19	13	32	101	177
10233	16	19	14	33	63	177
10234	16	20	0	34	56	177
10235	16	20	1	35	153	177
10236	16	20	2	36	122	177
10237	16	20	3	37	243	177
10238	16	20	4	0	250	178
10239	16	20	5	1	42	178
10240	16	20	6	2	122	178
10241	16	20	7	3	171	178
10242	16	20	8	4	207	178
10243	16	20	9	5	67	178
10244	16	20	10	6	191	178
10245	16	20	11	7	260	178
10246	16	20	12	8	41	178
10247	16	20	13	9	212	178
10248	16	21	0	10	241	178
10249	16	21	1	11	133	178
10250	16	21	2	12	43	178
10251	16	21	3	13	241	178
10252	16	21	4	14	174	178
10253	16	21	5	15	64	178
10254	16	21	6	16	44	178
10255	16	21	7	17	239	178
10256	16	21	8	18	167	178
10257	16	21	9	19	99	178
10258	16	21	10	20	220	178
10259	16	21	11	21	95	178
10260	16	21	12	22	111	178
10261	16	21	13	23	38	178
10262	16	22	0	24	55	178
10263	16	22	1	25	35	178
10264	16	22	2	26	24	178
10265	16	22	3	27	230	178
10266	16	22	4	28	228	178
10267	16	22	5	29	166	178
10268	16	22	6	30	158	178
10269	16	22	7	31	254	178
10270	16	22	8	32	190	178
10271	16	22	9	33	178	178
10272	16	22	10	34	187	178
10273	16	22	11	35	256	178
10274	16	22	12	36	262	178
10275	16	23	0	37	254	178
10276	16	23	1	0	119	179
10277	16	23	2	1	34	179
10278	16	23	3	2	217	179
10279	16	23	4	3	194	179
10280	16	23	5	4	10	179
10281	16	23	6	5	21	179
10282	16	23	7	6	159	179
10283	16	23	8	7	119	179
10284	16	23	9	8	202	179
10285	16	23	10	9	121	179
10286	16	23	11	10	20	179
10287	16	23	12	11	196	179
10288	16	24	0	12	13	179
10289	16	24	1	13	27	179
10290	16	24	2	14	43	179
10291	16	24	3	15	222	179
10292	16	24	4	16	79	179
10293	16	24	5	17	180	179
10294	16	24	6	18	176	179
10295	16	24	7	19	98	179
10296	16	24	8	20	44	179
10297	16	24	9	21	197	179
10298	16	24	10	22	19	179
10299	16	24	11	23	93	179
10300	16	25	0	24	198	179
10301	16	25	1	25	258	179
10302	16	25	2	26	242	179
10303	16	25	3	27	247	179
10304	16	25	4	28	130	179
10305	16	25	5	29	41	179
10306	16	25	6	30	100	179
10307	16	25	7	31	225	179
10308	16	25	8	32	108	179
10309	16	25	9	33	101	179
10310	16	25	10	34	107	179
10311	16	25	11	35	79	179
10312	16	26	0	36	43	179
10313	16	26	1	37	92	179
10314	16	26	2	38	113	179
10315	16	26	3	0	194	180
10316	16	26	4	1	96	180
10317	16	26	5	2	191	180
10318	16	26	6	3	6	180
10319	16	26	7	4	28	180
10320	16	26	8	5	212	180
10321	16	26	9	6	180	180
10322	16	26	10	7	84	180
10323	16	27	0	8	28	180
10324	16	27	1	9	159	180
10325	16	27	2	10	173	180
10326	16	27	3	11	6	180
10327	16	27	4	12	234	180
10328	16	27	5	13	112	180
10329	16	27	6	14	229	180
10330	16	27	7	15	9	180
10331	16	27	8	16	5	180
10332	16	27	9	17	77	180
10333	16	27	10	18	145	180
10334	16	28	0	19	192	180
10335	16	28	1	20	10	180
10336	16	28	2	21	206	180
10337	16	28	3	22	220	180
10338	16	28	4	23	35	180
10339	16	28	5	25	36	180
10340	16	28	6	24	60	180
10341	16	28	7	26	87	180
10342	16	28	8	27	22	180
10343	16	28	9	28	244	180
10344	16	29	0	29	222	180
10345	16	29	1	30	168	180
10346	16	29	2	31	133	180
10347	16	29	3	32	39	180
10348	16	29	4	33	86	180
10349	16	29	5	34	49	180
10350	16	29	6	35	27	180
10351	16	29	7	36	88	180
10352	16	29	8	37	170	180
10353	16	29	9	38	224	180
10354	16	30	0	39	201	180
10355	16	30	1	40	211	180
10356	16	30	2	0	54	181
10357	16	30	3	1	237	181
10358	16	30	4	2	135	181
10359	16	30	5	3	116	181
10360	16	30	6	4	238	181
10361	16	30	7	5	148	181
10362	16	30	8	6	60	181
10363	16	31	0	7	150	181
10364	16	31	1	8	225	181
10365	16	31	2	9	141	181
10366	16	31	3	10	88	181
10367	16	31	4	11	231	181
10368	16	31	5	12	83	181
10369	16	31	6	13	241	181
10370	16	31	7	14	81	181
10371	16	31	8	15	81	181
10372	16	32	0	16	178	181
10373	16	32	1	17	170	181
10374	16	32	2	18	212	181
10375	16	32	3	19	144	181
10376	16	32	4	20	16	181
10377	16	32	5	21	171	181
10378	16	32	6	22	241	181
10379	16	32	7	23	244	181
10380	16	33	0	24	31	181
10381	16	33	1	25	229	181
10382	16	33	2	26	2	181
10383	16	33	3	27	107	181
10384	16	33	4	28	166	181
10385	16	33	5	29	98	181
10386	16	33	6	30	45	181
10387	16	33	7	31	42	181
10388	16	34	0	32	208	181
10389	16	34	1	33	240	181
10390	16	34	2	34	131	181
10391	16	34	3	35	155	181
10392	16	34	4	36	169	181
10393	16	34	5	37	82	181
10394	16	34	6	38	158	181
10395	16	35	0	39	172	181
10396	16	35	1	40	222	181
10397	16	35	2	41	166	181
10398	16	35	3	0	247	182
10399	16	35	4	1	237	182
10400	16	35	5	2	50	182
10401	16	35	6	3	70	182
10402	16	36	0	4	254	182
10403	16	36	1	5	238	182
10404	16	36	2	6	179	182
10405	16	36	3	7	47	182
10406	16	36	4	8	233	182
10407	16	36	5	9	122	182
10408	16	37	0	10	82	182
10409	16	37	1	11	26	182
10410	16	37	2	12	242	182
10411	16	37	3	13	171	182
10412	16	37	4	14	75	182
10413	16	37	5	15	62	182
10414	16	38	0	16	201	182
10415	16	38	1	17	238	182
10416	16	38	2	18	100	182
10417	16	38	3	19	83	182
10418	16	38	4	20	252	182
10419	16	39	0	0	72	183
10420	16	39	1	21	84	182
10421	16	39	2	22	186	182
10422	16	39	3	23	100	182
10423	16	39	4	24	154	182
10424	16	40	0	0	72	184
10425	16	40	1	25	194	182
10426	16	40	2	26	159	182
10427	16	40	3	27	235	182
10428	16	41	0	0	72	185
10429	16	41	1	1	3	183
10430	16	41	2	28	179	182
10431	16	41	3	29	219	182
10432	16	42	0	0	72	186
10433	16	42	1	1	3	184
10434	16	42	2	2	66	183
10435	16	43	0	0	72	187
10436	16	43	1	1	3	185
10437	16	43	2	3	206	183
10438	16	44	0	0	72	188
10439	16	44	1	1	3	186
10440	16	45	0	0	72	189
10441	16	45	1	1	3	187
10442	16	46	0	0	72	190
10443	16	47	0	0	72	191
10444	17	0	0	30	259	182
10445	17	0	1	31	109	182
10446	17	0	2	32	21	182
10447	17	0	3	33	144	182
10448	17	0	4	34	224	182
10449	17	0	5	35	246	182
10450	17	0	6	36	8	182
10451	17	0	7	37	184	182
10452	17	0	8	38	153	182
10453	17	0	9	39	157	182
10454	17	0	10	40	30	182
10455	17	0	11	41	120	182
10456	17	0	12	4	81	183
10457	17	0	13	5	173	183
10458	17	0	14	6	210	183
10459	17	0	15	7	115	183
10460	17	0	16	8	130	183
10461	17	0	17	9	82	183
10462	17	0	18	42	97	183
10463	17	0	19	43	180	183
10464	17	0	20	44	218	184
10465	17	0	21	45	15	185
10466	17	0	22	46	248	186
10467	17	0	23	47	139	187
10468	17	0	24	48	31	188
10469	17	0	25	49	98	188
10470	17	0	26	50	214	189
10471	17	0	27	51	214	191
10472	17	0	28	52	49	192
10473	17	0	29	53	26	192
10474	17	0	30	54	250	193
10475	17	0	31	55	13	194
10476	17	0	32	57	257	195
10477	17	0	33	56	260	196
10478	17	0	34	58	143	196
10479	17	0	35	59	143	198
10480	17	0	36	61	136	199
10481	17	0	37	60	95	200
10482	17	0	38	62	258	200
10483	17	0	39	63	258	202
10484	17	0	40	64	129	202
10485	17	0	41	65	220	203
10486	17	0	42	66	208	204
10487	17	0	43	67	55	205
10488	17	0	44	68	104	206
10489	17	0	45	69	53	207
10490	17	0	46	70	210	208
10491	17	0	47	71	92	208
10492	17	0	48	72	92	210
10493	17	1	0	10	225	183
10494	17	1	1	11	128	183
10495	17	1	2	12	255	183
10496	17	1	3	13	213	183
10497	17	1	4	14	132	183
10498	17	1	5	15	190	183
10499	17	1	6	16	74	183
10500	17	1	7	17	111	183
10501	17	1	8	18	256	183
10502	17	1	9	19	67	183
10503	17	1	10	20	85	183
10504	17	1	11	21	146	183
10505	17	1	12	22	250	183
10506	17	1	13	23	65	183
10507	17	1	14	24	96	183
10508	17	1	15	25	239	183
10509	17	1	16	26	183	183
10510	17	1	17	41	235	183
10511	17	1	18	42	97	184
10512	17	1	19	43	180	184
10513	17	1	20	44	218	185
10514	17	1	21	45	15	186
10515	17	1	22	46	248	187
10516	17	1	23	47	139	188
10517	17	1	24	48	31	189
10518	17	1	25	49	98	189
10519	17	1	26	50	214	190
10520	17	1	27	51	214	192
10521	17	1	28	52	49	193
10522	17	1	29	53	26	193
10523	17	1	30	54	250	194
10524	17	1	31	55	13	195
10525	17	1	32	57	257	196
10526	17	1	33	56	260	197
10527	17	1	34	58	143	197
10528	17	1	35	59	143	199
10529	17	1	36	61	136	200
10530	17	1	37	60	95	201
10531	17	1	38	62	258	201
10532	17	1	39	63	258	203
10533	17	1	40	64	129	203
10534	17	1	41	65	220	204
10535	17	1	42	66	208	205
10536	17	1	43	67	55	206
10537	17	1	44	68	104	207
10538	17	1	45	69	53	208
10539	17	1	46	70	210	209
10540	17	1	47	71	92	209
10541	17	2	0	27	126	183
10542	17	2	1	28	193	183
10543	17	2	2	29	193	183
10544	17	2	3	30	47	183
10545	17	2	4	31	80	183
10546	17	2	5	32	92	183
10547	17	2	6	33	135	183
10548	17	2	7	34	166	183
10549	17	2	8	35	160	183
10550	17	2	9	36	227	183
10551	17	2	10	37	33	183
10552	17	2	11	38	72	183
10553	17	2	12	39	62	183
10554	17	2	13	40	100	183
10555	17	2	14	2	111	184
10556	17	2	15	3	117	184
10557	17	2	16	4	202	184
10558	17	2	17	5	247	184
10559	17	2	18	6	234	184
10560	17	2	19	42	166	185
10561	17	2	20	43	83	185
10562	17	2	21	44	45	186
10563	17	2	22	45	248	187
10564	17	2	23	46	15	188
10565	17	2	24	47	124	189
10566	17	2	25	48	232	190
10567	17	2	26	49	165	190
10568	17	2	27	50	49	191
10569	17	2	28	51	49	193
10570	17	2	29	52	214	194
10571	17	2	30	53	237	194
10572	17	2	31	54	13	195
10573	17	2	32	55	250	196
10574	17	2	33	57	126	197
10575	17	2	34	56	188	198
10576	17	2	35	58	120	198
10577	17	2	36	59	120	200
10578	17	2	37	61	147	201
10579	17	2	38	60	70	202
10580	17	2	39	62	5	202
10581	17	2	40	63	5	204
10582	17	2	41	64	134	204
10583	17	2	42	65	43	205
10584	17	2	43	66	55	206
10585	17	2	44	67	208	207
10586	17	2	45	68	159	208
10587	17	2	46	69	210	209
10588	17	3	0	7	85	184
10589	17	3	1	8	251	184
10590	17	3	2	9	225	184
10591	17	3	3	10	18	184
10592	17	3	4	11	52	184
10593	17	3	5	12	232	184
10594	17	3	6	13	66	184
10595	17	3	7	14	241	184
10596	17	3	8	15	43	184
10597	17	3	9	16	215	184
10598	17	3	10	17	220	184
10599	17	3	11	18	218	184
10600	17	3	12	19	52	184
10601	17	3	13	20	124	184
10602	17	3	14	21	120	184
10603	17	3	15	22	194	184
10604	17	3	16	23	200	184
10605	17	3	17	40	235	184
10606	17	3	18	41	166	184
10607	17	3	19	42	166	186
10608	17	3	20	43	83	186
10609	17	3	21	44	45	187
10610	17	3	22	45	248	188
10611	17	3	23	46	15	189
10612	17	3	24	47	124	190
10613	17	3	25	48	232	191
10614	17	3	26	49	165	191
10615	17	3	27	50	49	192
10616	17	3	28	51	49	194
10617	17	3	29	52	214	195
10618	17	3	30	53	237	195
10619	17	3	31	54	13	196
10620	17	3	32	55	250	197
10621	17	3	33	57	126	198
10622	17	3	34	56	188	199
10623	17	3	35	58	120	199
10624	17	3	36	59	120	201
10625	17	3	37	61	147	202
10626	17	3	38	60	70	203
10627	17	3	39	62	5	203
10628	17	3	40	63	5	205
10629	17	3	41	64	134	205
10630	17	3	42	65	43	206
10631	17	3	43	66	55	207
10632	17	3	44	67	208	208
10633	17	3	45	68	159	209
10634	17	4	0	24	196	184
10635	17	4	1	25	80	184
10636	17	4	2	26	67	184
10637	17	4	3	27	112	184
10638	17	4	4	28	20	184
10639	17	4	5	29	225	184
10640	17	4	6	30	30	184
10641	17	4	7	31	231	184
10642	17	4	8	32	106	184
10643	17	4	9	33	158	184
10644	17	4	10	34	89	184
10645	17	4	11	35	113	184
10646	17	4	12	36	63	184
10647	17	4	13	37	105	184
10648	17	4	14	38	8	184
10649	17	4	15	39	31	184
10650	17	4	16	2	28	185
10651	17	4	17	3	167	185
10652	17	4	18	4	168	185
10653	17	4	19	41	97	185
10654	17	4	20	42	97	187
10655	17	4	21	43	180	187
10656	17	4	22	44	218	188
10657	17	4	23	45	15	189
10658	17	4	24	46	248	190
10659	17	4	25	47	139	191
10660	17	4	26	48	31	192
10661	17	4	27	49	98	192
10662	17	4	28	50	214	193
10663	17	4	29	51	214	195
10664	17	4	30	52	49	196
10665	17	4	31	53	26	196
10666	17	4	32	54	250	197
10667	17	4	33	55	13	198
10668	17	4	34	57	17	199
10669	17	4	35	56	32	200
10670	17	4	36	58	143	200
10671	17	4	37	59	143	202
10672	17	4	38	61	96	203
10673	17	4	39	60	25	204
10674	17	4	40	62	258	204
10675	17	4	41	63	258	206
10676	17	4	42	64	129	206
10677	17	4	43	65	220	207
10678	17	4	44	66	208	208
10679	17	5	0	5	124	185
10680	17	5	1	6	157	185
10681	17	5	2	7	212	185
10682	17	5	3	8	245	185
10683	17	5	4	9	2	185
10684	17	5	5	10	22	185
10685	17	5	6	11	98	185
10686	17	5	7	12	91	185
10687	17	5	8	13	106	185
10688	17	5	9	14	208	185
10689	17	5	10	15	49	185
10690	17	5	11	16	250	185
10691	17	5	12	17	260	185
10692	17	5	13	18	211	185
10693	17	5	14	19	9	185
10694	17	5	15	20	77	185
10695	17	5	16	21	262	185
10696	17	5	17	39	207	185
10697	17	5	18	40	235	185
10698	17	5	19	41	97	186
10699	17	5	20	42	97	188
10700	17	5	21	43	180	188
10701	17	5	22	44	218	189
10702	17	5	23	45	15	190
10703	17	5	24	46	248	191
10704	17	5	25	47	139	192
10705	17	5	26	48	31	193
10706	17	5	27	49	98	193
10707	17	5	28	50	214	194
10708	17	5	29	51	214	196
10709	17	5	30	52	49	197
10710	17	5	31	53	26	197
10711	17	5	32	54	250	198
10712	17	5	33	55	13	199
10713	17	5	34	57	17	200
10714	17	5	35	56	32	201
10715	17	5	36	58	143	201
10716	17	5	37	59	143	203
10717	17	5	38	61	96	204
10718	17	5	39	60	25	205
10719	17	5	40	62	258	205
10720	17	5	41	63	258	207
10721	17	5	42	64	129	207
10722	17	5	43	65	220	208
10723	17	6	0	22	171	185
10724	17	6	1	23	46	185
10725	17	6	2	24	155	185
10726	17	6	3	25	213	185
10727	17	6	4	26	241	185
10728	17	6	5	27	170	185
10729	17	6	6	28	46	185
10730	17	6	7	29	110	185
10731	17	6	8	30	42	185
10732	17	6	9	31	227	185
10733	17	6	10	32	249	185
10734	17	6	11	33	175	185
10735	17	6	12	34	253	185
10736	17	6	13	35	104	185
10737	17	6	14	36	5	185
10738	17	6	15	37	88	185
10739	17	6	16	38	117	185
10740	17	6	17	2	163	186
10741	17	6	18	39	56	186
10742	17	6	19	40	28	186
10743	17	6	20	41	166	187
10744	17	6	21	42	166	189
10745	17	6	22	43	83	189
10746	17	6	23	44	45	190
10747	17	6	24	45	248	191
10748	17	6	25	46	15	192
10749	17	6	26	47	124	193
10750	17	6	27	48	232	194
10751	17	6	28	49	165	194
10752	17	6	29	50	49	195
10753	17	6	30	51	49	197
10754	17	6	31	52	214	198
10755	17	6	32	53	237	198
10756	17	6	33	54	13	199
10757	17	6	34	55	250	200
10758	17	6	35	57	103	201
10759	17	6	36	56	207	202
10760	17	6	37	58	120	202
10761	17	6	38	59	120	204
10762	17	6	39	61	187	205
10763	17	6	40	60	93	206
10764	17	6	41	62	5	206
10765	17	6	42	63	5	208
10766	17	7	0	3	98	186
10767	17	7	1	4	235	186
10768	17	7	2	5	56	186
10769	17	7	3	6	213	186
10770	17	7	4	7	163	186
10771	17	7	5	8	95	186
10772	17	7	6	9	142	186
10773	17	7	7	10	244	186
10774	17	7	8	11	248	186
10775	17	7	9	12	215	186
10776	17	7	10	13	224	186
10777	17	7	11	14	68	186
10778	17	7	12	15	163	186
10779	17	7	13	16	226	186
10780	17	7	14	17	138	186
10781	17	7	15	18	255	186
10782	17	7	16	38	117	186
10783	17	7	17	2	163	187
10784	17	7	18	39	56	187
10785	17	7	19	40	28	187
10786	17	7	20	41	166	188
10787	17	7	21	42	166	190
10788	17	7	22	43	83	190
10789	17	7	23	44	45	191
10790	17	7	24	45	248	192
10791	17	7	25	46	15	193
10792	17	7	26	47	124	194
10793	17	7	27	48	232	195
10794	17	7	28	49	165	195
10795	17	7	29	50	49	196
10796	17	7	30	51	49	198
10797	17	7	31	52	214	199
10798	17	7	32	53	237	199
10799	17	7	33	54	13	200
10800	17	7	34	55	250	201
10801	17	7	35	57	103	202
10802	17	7	36	56	207	203
10803	17	7	37	58	120	203
10804	17	7	38	59	120	205
10805	17	7	39	61	187	206
10806	17	7	40	60	93	207
10807	17	7	41	62	5	207
10808	17	8	0	19	118	186
10809	17	8	1	20	31	186
10810	17	8	2	21	114	186
10811	17	8	3	22	233	186
10812	17	8	4	23	197	186
10813	17	8	5	24	69	186
10814	17	8	6	25	114	186
10815	17	8	7	26	200	186
10816	17	8	8	27	167	186
10817	17	8	9	28	175	186
10818	17	8	10	29	114	186
10819	17	8	11	30	13	186
10820	17	8	12	31	243	186
10821	17	8	13	32	112	186
10822	17	8	14	33	39	186
10823	17	8	15	34	234	186
10824	17	8	16	37	41	186
10825	17	8	17	38	146	187
10826	17	8	18	1	236	188
10827	17	8	19	39	207	188
10828	17	8	20	40	235	188
10829	17	8	21	41	97	189
10830	17	8	22	42	97	191
10831	17	8	23	43	180	191
10832	17	8	24	44	218	192
10833	17	8	25	45	15	193
10834	17	8	26	46	248	194
10835	17	8	27	47	139	195
10836	17	8	28	48	31	196
10837	17	8	29	49	98	196
10838	17	8	30	50	214	197
10839	17	8	31	51	214	199
10840	17	8	32	52	49	200
10841	17	8	33	53	26	200
10842	17	8	34	54	250	201
10843	17	8	35	55	13	202
10844	17	8	36	57	40	203
10845	17	8	37	56	224	204
10846	17	8	38	58	143	204
10847	17	8	39	59	143	206
10848	17	8	40	61	56	207
10849	17	9	0	35	247	186
10850	17	9	1	36	183	186
10851	17	9	2	3	2	187
10852	17	9	3	4	261	187
10853	17	9	4	5	140	187
10854	17	9	5	6	102	187
10855	17	9	6	7	126	187
10856	17	9	7	8	254	187
10857	17	9	8	9	202	187
10858	17	9	9	10	257	187
10859	17	9	10	11	149	187
10860	17	9	11	12	24	187
10861	17	9	12	13	11	187
10862	17	9	13	14	159	187
10863	17	9	14	15	2	187
10864	17	9	15	16	30	187
10865	17	9	16	17	179	187
10866	17	9	17	2	165	188
10867	17	9	18	38	224	188
10868	17	9	19	39	207	189
10869	17	9	20	40	235	189
10870	17	9	21	41	97	190
10871	17	9	22	42	97	192
10872	17	9	23	43	180	192
10873	17	9	24	44	218	193
10874	17	9	25	45	15	194
10875	17	9	26	46	248	195
10876	17	9	27	47	139	196
10877	17	9	28	48	31	197
10878	17	9	29	49	98	197
10879	17	9	30	50	214	198
10880	17	9	31	51	214	200
10881	17	9	32	52	49	201
10882	17	9	33	53	26	201
10883	17	9	34	54	250	202
10884	17	9	35	55	13	203
10885	17	9	36	57	40	204
10886	17	9	37	56	224	205
10887	17	9	38	58	143	205
10888	17	9	39	59	143	207
10889	17	10	0	18	203	187
10890	17	10	1	19	107	187
10891	17	10	2	20	100	187
10892	17	10	3	21	103	187
10893	17	10	4	22	108	187
10894	17	10	5	23	107	187
10895	17	10	6	24	179	187
10896	17	10	7	25	79	187
10897	17	10	8	26	162	187
10898	17	10	9	27	164	187
10899	17	10	10	28	19	187
10900	17	10	11	29	167	187
10901	17	10	12	30	230	187
10902	17	10	13	31	200	187
10903	17	10	14	32	5	187
10904	17	10	15	35	178	187
10905	17	10	16	36	88	187
10906	17	10	17	37	117	187
10907	17	10	18	1	179	189
10908	17	10	19	38	39	189
10909	17	10	20	39	56	190
10910	17	10	21	40	28	190
10911	17	10	22	41	166	191
10912	17	10	23	42	166	193
10913	17	10	24	43	83	193
10914	17	10	25	44	45	194
10915	17	10	26	45	248	195
10916	17	10	27	46	15	196
10917	17	10	28	47	124	197
10918	17	10	29	48	232	198
10919	17	10	30	49	165	198
10920	17	10	31	50	49	199
10921	17	10	32	51	49	201
10922	17	10	33	52	214	202
10923	17	10	34	53	237	202
10924	17	10	35	54	13	203
10925	17	10	36	55	250	204
10926	17	10	37	57	80	205
10927	17	10	38	56	112	206
10928	17	11	0	33	4	187
10929	17	11	1	34	236	187
10930	17	11	2	3	166	188
10931	17	11	3	4	220	188
10932	17	11	4	5	75	188
10933	17	11	5	6	147	188
10934	17	11	6	7	244	188
10935	17	11	7	8	162	188
10936	17	11	8	9	159	188
10937	17	11	9	10	5	188
10938	17	11	10	11	209	188
10939	17	11	11	12	185	188
10940	17	11	12	13	101	188
10941	17	11	13	14	84	188
10942	17	11	14	15	170	188
10943	17	11	15	35	178	188
10944	17	11	16	36	88	188
10945	17	11	17	37	117	188
10946	17	11	18	1	179	190
10947	17	11	19	38	39	190
10948	17	11	20	39	56	191
10949	17	11	21	40	28	191
10950	17	11	22	41	166	192
10951	17	11	23	42	166	194
10952	17	11	24	43	83	194
10953	17	11	25	44	45	195
10954	17	11	26	45	248	196
10955	17	11	27	46	15	197
10956	17	11	28	47	124	198
10957	17	11	29	48	232	199
10958	17	11	30	49	165	199
10959	17	11	31	50	49	200
10960	17	11	32	51	49	202
10961	17	11	33	52	214	203
10962	17	11	34	53	237	203
10963	17	11	35	54	13	204
10964	17	11	36	55	250	205
10965	17	11	37	57	80	206
10966	17	12	0	16	121	188
10967	17	12	1	17	249	188
10968	17	12	2	18	102	188
10969	17	12	3	19	239	188
10970	17	12	4	20	15	188
10971	17	12	5	21	91	188
10972	17	12	6	22	16	188
10973	17	12	7	23	89	188
10974	17	12	8	24	255	188
10975	17	12	9	25	39	188
10976	17	12	10	26	123	188
10977	17	12	11	27	31	188
10978	17	12	12	28	64	188
10979	17	12	13	29	58	188
10980	17	12	14	30	182	188
10981	17	12	15	2	13	189
10982	17	12	16	35	85	189
10983	17	12	17	36	175	189
10984	17	12	18	37	146	189
10985	17	12	19	1	112	191
10986	17	12	20	38	224	191
10987	17	12	21	39	207	192
10988	17	12	22	40	235	192
10989	17	12	23	41	97	193
10990	17	12	24	42	97	195
10991	17	12	25	43	180	195
10992	17	12	26	44	218	196
10993	17	12	27	45	15	197
10994	17	12	28	46	248	198
10995	17	12	29	47	139	199
10996	17	12	30	48	31	200
10997	17	12	31	49	98	200
10998	17	12	32	50	214	201
10999	17	12	33	51	214	203
11000	17	12	34	52	49	204
11001	17	12	35	53	26	204
11002	17	12	36	54	250	205
11003	17	13	0	31	215	188
11004	17	13	1	32	146	188
11005	17	13	2	33	19	188
11006	17	13	3	34	78	188
11007	17	13	4	3	142	189
11008	17	13	5	4	38	189
11009	17	13	6	5	183	189
11010	17	13	7	6	219	189
11011	17	13	8	7	29	189
11012	17	13	9	8	219	189
11013	17	13	10	9	160	189
11014	17	13	11	10	183	189
11015	17	13	12	11	208	189
11016	17	13	13	12	98	189
11017	17	13	14	13	145	189
11018	17	13	15	14	218	189
11019	17	13	16	35	85	190
11020	17	13	17	36	175	190
11021	17	13	18	37	146	190
11022	17	13	19	0	150	192
11023	17	13	20	38	224	192
11024	17	13	21	39	207	193
11025	17	13	22	40	235	193
11026	17	13	23	41	97	194
11027	17	13	24	42	97	196
11028	17	13	25	43	180	196
11029	17	13	26	44	218	197
11030	17	13	27	45	15	198
11031	17	13	28	46	248	199
11032	17	13	29	47	139	200
11033	17	13	30	48	31	201
11034	17	13	31	49	98	201
11035	17	13	32	50	214	202
11036	17	13	33	51	214	204
11037	17	13	34	52	49	205
11038	17	13	35	53	26	205
11039	17	14	0	15	37	189
11040	17	14	1	16	155	189
11041	17	14	2	17	214	189
11042	17	14	3	18	209	189
11043	17	14	4	19	44	189
11044	17	14	5	20	94	189
11045	17	14	6	21	122	189
11046	17	14	7	22	12	189
11047	17	14	8	23	237	189
11048	17	14	9	24	213	189
11049	17	14	10	25	29	189
11050	17	14	11	26	61	189
11051	17	14	12	27	45	189
11052	17	14	13	28	1	189
11053	17	14	14	29	61	189
11054	17	14	15	34	8	189
11055	17	14	16	2	115	190
11056	17	14	17	35	178	191
11057	17	14	18	36	88	191
11058	17	14	19	37	117	191
11059	17	14	20	1	99	192
11060	17	14	21	38	39	193
11061	17	14	22	39	56	194
11062	17	14	23	40	28	194
11063	17	14	24	41	166	195
11064	17	14	25	42	166	197
11065	17	14	26	43	83	197
11066	17	14	27	44	45	198
11067	17	14	28	45	248	199
11068	17	14	29	46	15	200
11069	17	14	30	47	124	201
11070	17	14	31	48	232	202
11071	17	14	32	49	165	202
11072	17	14	33	50	49	203
11073	17	14	34	51	49	205
11074	17	15	0	30	227	189
11075	17	15	1	31	237	189
11076	17	15	2	32	256	189
11077	17	15	3	33	223	189
11078	17	15	4	3	161	190
11079	17	15	5	4	33	190
11080	17	15	6	5	241	190
11081	17	15	7	6	125	190
11082	17	15	8	7	54	190
11083	17	15	9	8	20	190
11084	17	15	10	9	174	190
11085	17	15	11	10	179	190
11086	17	15	12	12	89	190
11087	17	15	13	11	143	190
11088	17	15	14	13	249	190
11089	17	15	15	34	8	190
11090	17	15	16	2	115	191
11091	17	15	17	35	178	192
11092	17	15	18	36	88	192
11093	17	15	19	37	117	192
11094	17	15	20	0	13	193
11095	17	15	21	38	39	194
11096	17	15	22	39	56	195
11097	17	15	23	40	28	195
11098	17	15	24	41	166	196
11099	17	15	25	42	166	198
11100	17	15	26	43	83	198
11101	17	15	27	44	45	199
11102	17	15	28	45	248	200
11103	17	15	29	46	15	201
11104	17	15	30	47	124	202
11105	17	15	31	48	232	203
11106	17	15	32	49	165	203
11107	17	15	33	50	49	204
11108	17	16	0	14	160	190
11109	17	16	1	15	71	190
11110	17	16	2	16	57	190
11111	17	16	3	17	12	190
11112	17	16	4	18	196	190
11113	17	16	5	19	156	190
11114	17	16	6	20	250	190
11115	17	16	7	21	168	190
11116	17	16	8	22	78	190
11117	17	16	9	23	203	190
11118	17	16	10	24	153	190
11119	17	16	11	25	25	190
11120	17	16	12	26	10	190
11121	17	16	13	27	195	190
11122	17	16	14	32	48	190
11123	17	16	15	33	8	190
11124	17	16	16	34	255	191
11125	17	16	17	2	22	192
11126	17	16	18	35	85	193
11127	17	16	19	36	175	193
11128	17	16	20	37	146	193
11129	17	16	21	0	158	194
11130	17	16	22	38	224	195
11131	17	16	23	39	207	196
11132	17	16	24	40	235	196
11133	17	16	25	41	97	197
11134	17	16	26	42	97	199
11135	17	16	27	43	180	199
11136	17	16	28	44	218	200
11137	17	16	29	45	15	201
11138	17	16	30	46	248	202
11139	17	16	31	47	139	203
11140	17	16	32	48	31	204
11141	17	17	0	28	206	190
11142	17	17	1	29	8	190
11143	17	17	2	30	80	190
11144	17	17	3	31	246	190
11145	17	17	4	3	190	191
11146	17	17	5	4	231	191
11147	17	17	6	5	91	191
11148	17	17	7	6	173	191
11149	17	17	8	7	92	191
11150	17	17	9	8	92	191
11151	17	17	10	9	226	191
11152	17	17	11	10	59	191
11153	17	17	12	11	129	191
11154	17	17	13	12	223	191
11155	17	17	14	32	48	191
11156	17	17	15	33	8	191
11157	17	17	16	34	255	192
11158	17	17	17	1	245	193
11159	17	17	18	35	85	194
11160	17	17	19	36	175	194
11161	17	17	20	37	146	194
11162	17	17	21	0	158	195
11163	17	17	22	38	224	196
11164	17	17	23	39	207	197
11165	17	17	24	40	235	197
11166	17	17	25	41	97	198
11167	17	17	26	42	97	200
11168	17	17	27	43	180	200
11169	17	17	28	44	218	201
11170	17	17	29	45	15	202
11171	17	17	30	46	248	203
11172	17	17	31	47	139	204
11173	17	18	0	13	75	191
11174	17	18	1	14	114	191
11175	17	18	2	15	250	191
11176	17	18	3	16	166	191
11177	17	18	4	17	173	191
11178	17	18	5	18	122	191
11179	17	18	6	19	92	191
11180	17	18	7	20	68	191
11181	17	18	8	21	48	191
11182	17	18	9	22	122	191
11183	17	18	10	23	174	191
11184	17	18	11	24	185	191
11185	17	18	12	25	254	191
11186	17	18	13	27	78	191
11187	17	18	14	31	192	191
11188	17	18	15	32	215	192
11189	17	18	16	33	255	192
11190	17	18	17	2	83	193
11191	17	18	18	34	178	193
11192	17	18	19	35	178	195
11193	17	18	20	36	88	195
11194	17	18	21	37	117	195
11195	17	18	22	0	140	196
11196	17	18	23	38	39	197
11197	17	18	24	39	56	198
11198	17	18	25	40	28	198
11199	17	18	26	41	166	199
11200	17	18	27	42	166	201
11201	17	18	28	43	83	201
11202	17	18	29	44	45	202
11203	17	18	30	45	248	203
11204	17	19	0	26	92	191
11205	17	19	1	28	63	191
11206	17	19	2	29	62	191
11207	17	19	3	30	142	191
11208	17	19	4	3	82	192
11209	17	19	5	4	48	192
11210	17	19	6	5	248	192
11211	17	19	7	6	189	192
11212	17	19	8	7	121	192
11213	17	19	9	8	255	192
11214	17	19	10	9	10	192
11215	17	19	11	10	39	192
11216	17	19	12	11	155	192
11217	17	19	13	12	43	192
11218	17	19	14	31	192	192
11219	17	19	15	32	215	193
11220	17	19	16	33	255	193
11221	17	19	17	1	44	194
11222	17	19	18	34	178	194
11223	17	19	19	35	178	196
11224	17	19	20	36	88	196
11225	17	19	21	37	117	196
11226	17	19	22	0	140	197
11227	17	19	23	38	39	198
11228	17	19	24	39	56	199
11229	17	19	25	40	28	199
11230	17	19	26	41	166	200
11231	17	19	27	42	166	202
11232	17	19	28	43	83	202
11233	17	19	29	44	45	203
11234	17	20	0	13	143	192
11235	17	20	1	14	60	192
11236	17	20	2	15	31	192
11237	17	20	3	16	190	192
11238	17	20	4	17	116	192
11239	17	20	5	18	130	192
11240	17	20	6	19	49	192
11241	17	20	7	20	235	192
11242	17	20	8	21	240	192
11243	17	20	9	22	36	192
11244	17	20	10	23	98	192
11245	17	20	11	24	4	192
11246	17	20	12	25	11	192
11247	17	20	13	30	50	192
11248	17	20	14	3	34	193
11249	17	20	15	31	71	193
11250	17	20	16	32	48	194
11251	17	20	17	33	8	194
11252	17	20	18	1	29	195
11253	17	20	19	34	85	195
11254	17	20	20	35	85	197
11255	17	20	21	36	175	197
11256	17	20	22	37	146	197
11257	17	20	23	0	164	198
11258	17	20	24	38	224	199
11259	17	20	25	39	207	200
11260	17	20	26	40	235	200
11261	17	20	27	41	97	201
11262	17	20	28	42	97	203
11263	17	21	0	26	137	192
11264	17	21	1	27	19	192
11265	17	21	2	28	37	192
11266	17	21	3	29	228	192
11267	17	21	4	4	198	193
11268	17	21	5	5	106	193
11269	17	21	6	6	18	193
11270	17	21	7	7	224	193
11271	17	21	8	8	136	193
11272	17	21	9	9	252	193
11273	17	21	10	10	118	193
11274	17	21	11	11	163	193
11275	17	21	12	12	56	193
11276	17	21	13	30	50	193
11277	17	21	14	2	79	194
11278	17	21	15	31	71	194
11279	17	21	16	32	48	195
11280	17	21	17	33	8	195
11281	17	21	18	1	29	196
11282	17	21	19	34	85	196
11283	17	21	20	35	85	198
11284	17	21	21	36	175	198
11285	17	21	22	37	146	198
11286	17	21	23	0	164	199
11287	17	21	24	38	224	200
11288	17	21	25	39	207	201
11289	17	21	26	40	235	201
11290	17	21	27	41	97	202
11291	17	22	0	13	175	193
11292	17	22	1	14	147	193
11293	17	22	2	15	223	193
11294	17	22	3	16	158	193
11295	17	22	4	17	171	193
11296	17	22	5	18	226	193
11297	17	22	6	19	120	193
11298	17	22	7	20	108	193
11299	17	22	8	21	5	193
11300	17	22	9	22	87	193
11301	17	22	10	23	4	193
11302	17	22	11	24	136	193
11303	17	22	12	25	227	193
11304	17	22	13	28	235	193
11305	17	22	14	3	24	194
11306	17	22	15	30	71	194
11307	17	22	16	31	192	195
11308	17	22	17	32	215	196
11309	17	22	18	33	255	196
11310	17	22	19	1	49	197
11311	17	22	20	34	178	197
11312	17	22	21	35	178	199
11313	17	22	22	36	88	199
11314	17	22	23	37	117	199
11315	17	22	24	0	132	200
11316	17	22	25	38	39	201
11317	17	22	26	39	56	202
11318	17	23	0	26	8	193
11319	17	23	1	27	93	193
11320	17	23	2	29	151	193
11321	17	23	3	4	75	194
11322	17	23	4	5	46	194
11323	17	23	5	6	178	194
11324	17	23	6	7	141	194
11325	17	23	7	8	245	194
11326	17	23	8	9	208	194
11327	17	23	9	10	73	194
11328	17	23	10	11	1	194
11329	17	23	11	12	175	194
11330	17	23	12	13	89	194
11331	17	23	13	28	235	194
11332	17	23	14	2	68	195
11333	17	23	15	30	71	195
11334	17	23	16	31	192	196
11335	17	23	17	32	215	197
11336	17	23	18	33	255	197
11337	17	23	19	1	49	198
11338	17	23	20	34	178	198
11339	17	23	21	35	178	200
11340	17	23	22	36	88	200
11341	17	23	23	37	117	200
11342	17	23	24	0	132	201
11343	17	23	25	38	39	202
11344	17	24	0	14	73	194
11345	17	24	1	15	202	194
11346	17	24	2	16	24	194
11347	17	24	3	17	107	194
11348	17	24	4	18	81	194
11349	17	24	5	19	249	194
11350	17	24	6	20	1	194
11351	17	24	7	21	77	194
11352	17	24	8	22	223	194
11353	17	24	9	23	231	194
11354	17	24	10	24	100	194
11355	17	24	11	25	241	194
11356	17	24	12	27	148	194
11357	17	24	13	29	64	194
11358	17	24	14	28	17	195
11359	17	24	15	2	260	196
11360	17	24	16	30	192	196
11361	17	24	17	31	71	197
11362	17	24	18	32	48	198
11363	17	24	19	33	8	198
11364	17	24	20	1	110	199
11365	17	24	21	34	85	199
11366	17	24	22	35	85	201
11367	17	24	23	36	175	201
11368	17	24	24	37	146	201
11369	17	25	0	26	129	194
11370	17	25	1	3	9	195
11371	17	25	2	4	150	195
11372	17	25	3	5	15	195
11373	17	25	4	6	236	195
11374	17	25	5	7	31	195
11375	17	25	6	8	18	195
11376	17	25	7	9	215	195
11377	17	25	8	10	160	195
11378	17	25	9	11	235	195
11379	17	25	10	12	224	195
11380	17	25	11	13	96	195
11381	17	25	12	27	148	195
11382	17	25	13	29	64	195
11383	17	25	14	28	17	196
11384	17	25	15	2	260	197
11385	17	25	16	30	192	197
11386	17	25	17	31	71	198
11387	17	25	18	32	48	199
11388	17	25	19	33	8	199
11389	17	25	20	1	110	200
11390	17	25	21	34	85	200
11391	17	25	22	0	132	202
11392	17	25	23	35	224	202
11393	17	26	0	14	49	195
11394	17	26	1	15	1	195
11395	17	26	2	16	250	195
11396	17	26	3	17	19	195
11397	17	26	4	18	232	195
11398	17	26	5	19	259	195
11399	17	26	6	20	218	195
11400	17	26	7	21	231	195
11401	17	26	8	22	88	195
11402	17	26	9	23	70	195
11403	17	26	10	24	161	195
11404	17	26	11	25	140	195
11405	17	26	12	26	160	195
11406	17	26	13	27	115	196
11407	17	26	14	29	249	196
11408	17	26	15	28	35	197
11409	17	26	16	2	4	198
11410	17	26	17	30	71	198
11411	17	26	18	31	192	199
11412	17	26	19	32	215	200
11413	17	26	20	33	255	200
11414	17	26	21	1	204	201
11415	17	26	22	34	178	201
11416	17	27	0	3	113	196
11417	17	27	1	4	78	196
11418	17	27	2	5	238	196
11419	17	27	3	6	165	196
11420	17	27	4	7	181	196
11421	17	27	5	8	153	196
11422	17	27	6	9	112	196
11423	17	27	7	10	64	196
11424	17	27	8	11	154	196
11425	17	27	9	12	148	196
11426	17	27	10	13	211	196
11427	17	27	11	14	255	196
11428	17	27	12	15	89	196
11429	17	27	13	27	115	197
11430	17	27	14	29	249	197
11431	17	27	15	28	35	198
11432	17	27	16	2	4	199
11433	17	27	17	30	71	199
11434	17	27	18	31	192	200
11435	17	27	19	32	215	201
11436	17	27	20	33	255	201
11437	17	27	21	1	204	202
11438	17	28	0	16	108	196
11439	17	28	1	17	169	196
11440	17	28	2	18	183	196
11441	17	28	3	19	4	196
11442	17	28	4	20	257	196
11443	17	28	5	21	44	196
11444	17	28	6	22	37	196
11445	17	28	7	23	173	196
11446	17	28	8	24	40	196
11447	17	28	9	25	32	196
11448	17	28	10	26	51	196
11449	17	28	11	3	162	197
11450	17	28	12	4	106	197
11451	17	28	13	5	10	197
11452	17	28	14	27	148	198
11453	17	28	15	29	227	198
11454	17	28	16	28	262	199
11455	17	28	17	2	170	200
11456	17	28	18	30	192	200
11457	17	28	19	31	71	201
11458	17	28	20	32	48	202
11459	17	29	0	6	44	197
11460	17	29	1	7	202	197
11461	17	29	2	8	173	197
11462	17	29	3	9	24	197
11463	17	29	4	10	19	197
11464	17	29	5	11	104	197
11465	17	29	6	12	252	197
11466	17	29	7	13	70	197
11467	17	29	8	14	227	197
11468	17	29	9	15	149	197
11469	17	29	10	24	136	197
11470	17	29	11	25	133	197
11471	17	29	12	26	181	197
11472	17	29	13	3	145	198
11473	17	29	14	27	148	199
11474	17	29	15	29	227	199
11475	17	29	16	28	262	200
11476	17	29	17	2	170	201
11477	17	29	18	30	192	201
11478	17	29	19	31	71	202
11479	17	30	0	16	34	197
11480	17	30	1	17	238	197
11481	17	30	2	18	27	197
11482	17	30	3	19	12	197
11483	17	30	4	20	174	197
11484	17	30	5	21	150	197
11485	17	30	6	22	252	197
11486	17	30	7	23	68	197
11487	17	30	8	4	12	198
11488	17	30	9	5	106	198
11489	17	30	10	6	142	198
11490	17	30	11	24	127	198
11491	17	30	12	25	130	198
11492	17	30	13	26	82	198
11493	17	30	14	3	245	199
11494	17	30	15	27	115	200
11495	17	30	16	29	86	200
11496	17	30	17	28	31	201
11497	17	30	18	2	124	202
11498	17	31	0	7	152	198
11499	17	31	1	8	47	198
11500	17	31	2	9	165	198
11501	17	31	3	10	53	198
11502	17	31	4	11	132	198
11503	17	31	5	12	111	198
11504	17	31	6	13	166	198
11505	17	31	7	14	248	198
11506	17	31	8	15	203	198
11507	17	31	9	16	218	198
11508	17	31	10	23	18	198
11509	17	31	11	24	127	199
11510	17	31	12	25	130	199
11511	17	31	13	26	82	199
11512	17	31	14	3	245	200
11513	17	31	15	27	115	201
11514	17	31	16	29	86	201
11515	17	31	17	28	31	202
11516	17	32	0	17	251	198
11517	17	32	1	18	230	198
11518	17	32	2	19	248	198
11519	17	32	3	20	237	198
11520	17	32	4	21	125	198
11521	17	32	5	22	67	198
11522	17	32	6	4	104	199
11523	17	32	7	5	44	199
11524	17	32	8	6	243	199
11525	17	32	9	7	66	199
11526	17	32	10	8	261	199
11527	17	32	11	23	245	199
11528	17	32	12	24	136	200
11529	17	32	13	25	133	200
11530	17	32	14	26	181	200
11531	17	32	15	3	24	201
11532	17	32	16	27	148	202
11533	17	33	0	9	180	199
11534	17	33	1	10	200	199
11535	17	33	2	11	95	199
11536	17	33	3	12	234	199
11537	17	33	4	13	202	199
11538	17	33	5	14	121	199
11539	17	33	6	15	131	199
11540	17	33	7	16	156	199
11541	17	33	8	17	135	199
11542	17	33	9	18	190	199
11543	17	33	10	21	112	199
11544	17	33	11	23	245	200
11545	17	33	12	24	136	201
11546	17	33	13	25	133	201
11547	17	33	14	26	181	201
11548	17	33	15	3	24	202
11549	17	34	0	19	233	199
11550	17	34	1	20	260	199
11551	17	34	2	22	73	199
11552	17	34	3	4	56	200
11553	17	34	4	5	140	200
11554	17	34	5	6	89	200
11555	17	34	6	7	75	200
11556	17	34	7	8	121	200
11557	17	34	8	9	216	200
11558	17	34	9	10	59	200
11559	17	34	10	11	250	200
11560	17	34	11	21	55	200
11561	17	34	12	23	18	201
11562	17	34	13	24	127	202
11563	17	34	14	25	130	202
11564	17	35	0	12	187	200
11565	17	35	1	13	133	200
11566	17	35	2	14	152	200
11567	17	35	3	15	237	200
11568	17	35	4	16	109	200
11569	17	35	5	17	238	200
11570	17	35	6	18	189	200
11571	17	35	7	19	247	200
11572	17	35	8	20	244	200
11573	17	35	9	22	164	200
11574	17	35	10	4	86	201
11575	17	35	11	21	55	201
11576	17	35	12	23	18	202
11577	17	35	13	26	233	202
11578	17	36	0	5	110	201
11579	17	36	1	6	40	201
11580	17	36	2	7	116	201
11581	17	36	3	8	262	201
11582	17	36	4	9	72	201
11583	17	36	5	10	145	201
11584	17	36	6	11	210	201
11585	17	36	7	12	14	201
11586	17	36	8	13	251	201
11587	17	36	9	20	19	201
11588	17	36	10	22	153	201
11589	17	36	11	4	150	202
11590	17	36	12	21	141	202
11591	17	37	0	14	116	201
11592	17	37	1	15	121	201
11593	17	37	2	16	221	201
11594	17	37	3	17	45	201
11595	17	37	4	18	247	201
11596	17	37	5	19	192	201
11597	17	37	6	5	131	202
11598	17	37	7	6	231	202
11599	17	37	8	7	103	202
11600	17	37	9	20	19	202
11601	17	37	10	22	153	202
11602	17	37	11	29	61	202
11603	17	38	0	8	220	202
11604	17	38	1	9	166	202
11605	17	38	2	10	17	202
11606	17	38	3	11	79	202
11607	17	38	4	12	164	202
11608	17	38	5	13	4	202
11609	17	38	6	14	87	202
11610	17	38	7	15	134	202
11611	17	38	8	18	92	202
11612	17	38	9	19	37	202
11613	17	38	10	30	212	202
11614	17	39	0	16	41	202
11615	17	39	1	17	250	202
11616	17	39	2	33	127	202
11617	17	39	3	34	83	202
11618	17	39	4	36	6	202
11619	17	39	5	37	117	202
11620	17	39	6	40	176	202
11621	17	39	7	0	60	203
11622	17	39	8	1	13	203
11623	17	39	9	2	46	203
11624	17	40	0	3	156	203
11625	17	40	1	4	71	203
11626	17	40	2	5	58	203
11627	17	40	3	6	116	203
11628	17	40	4	7	248	203
11629	17	40	5	8	77	203
11630	17	40	6	9	108	203
11631	17	40	7	10	33	203
11632	17	40	8	11	34	203
11633	17	41	0	12	137	203
11634	17	41	1	13	131	203
11635	17	41	2	14	150	203
11636	17	41	3	15	188	203
11637	17	41	4	16	250	203
11638	17	41	5	17	34	203
11639	17	41	6	18	87	203
11640	17	41	7	19	4	203
11641	17	42	0	20	15	203
11642	17	42	1	21	95	203
11643	17	42	2	22	236	203
11644	17	42	3	23	235	203
11645	17	42	4	24	65	203
11646	17	42	5	25	261	203
11647	17	42	6	26	252	203
11648	17	43	0	27	249	203
11649	17	43	1	28	175	203
11650	17	43	2	29	181	203
11651	17	43	3	30	61	203
11652	17	43	4	31	206	203
11653	17	43	5	32	156	203
11654	17	44	0	33	164	203
11655	17	44	1	34	147	203
11656	17	44	2	35	107	203
11657	17	44	3	36	255	203
11658	17	44	4	37	186	203
11659	17	45	0	38	129	203
11660	17	45	1	39	160	203
11661	17	45	2	40	57	203
11662	17	45	3	41	53	203
11663	17	46	0	43	163	203
11664	17	46	1	0	247	204
11665	17	46	2	1	67	204
11666	17	47	0	2	3	204
11667	17	47	1	3	214	204
11668	17	48	0	4	249	204
11669	18	0	0	73	164	210
11670	18	0	1	74	164	212
11671	18	0	2	75	152	212
11672	18	0	3	76	111	213
11673	18	0	4	77	226	214
11674	18	0	5	78	150	215
11675	18	0	6	79	113	216
11676	18	0	7	80	169	217
11677	18	0	8	81	119	218
11678	18	0	9	82	191	218
11679	18	0	10	83	191	220
11680	18	0	11	85	244	220
11681	18	0	12	84	11	221
11682	18	0	13	86	260	222
11683	18	0	14	87	260	224
11684	18	0	15	89	59	224
11685	18	0	16	88	73	225
11686	18	0	17	90	230	226
11687	18	0	18	91	33	227
11688	18	0	19	92	115	228
11689	18	0	20	93	163	228
11690	18	0	21	94	100	229
11691	18	0	22	95	100	231
11692	18	0	23	96	213	232
11693	18	0	24	97	71	232
11694	18	0	25	98	48	233
11695	18	0	26	99	239	234
11696	18	0	27	100	24	235
11697	18	0	28	101	255	236
11698	18	0	29	102	2	237
11699	18	0	30	103	1	237
11700	18	0	31	104	1	239
11701	18	0	32	105	175	240
11702	18	0	33	106	219	240
11703	18	0	34	107	11	241
11704	18	0	35	108	11	243
11705	18	0	36	109	179	243
11706	18	0	37	110	42	244
11707	18	0	38	111	121	245
11708	18	0	39	112	142	246
11709	18	0	40	113	199	246
11710	18	0	41	114	199	248
11711	18	0	42	115	64	249
11712	18	0	43	116	247	250
11713	18	0	44	117	85	250
11714	18	0	45	118	178	251
11715	18	0	46	119	178	253
11716	18	0	47	120	88	253
11717	18	0	48	121	117	253
11718	18	0	49	122	117	255
11719	18	0	50	123	117	257
11720	18	0	51	124	190	257
11721	18	0	52	125	235	257
11722	18	0	53	126	235	259
11723	18	0	54	127	249	259
11724	18	0	55	128	249	261
11725	18	0	56	129	218	261
11726	18	0	57	130	45	262
11727	18	0	58	131	109	263
11728	18	0	59	132	109	265
11729	18	1	0	72	99	211
11730	18	1	1	73	33	211
11731	18	1	2	74	33	213
11732	18	1	3	75	37	213
11733	18	1	4	76	226	214
11734	18	1	5	77	100	215
11735	18	1	6	78	213	216
11736	18	1	7	79	50	217
11737	18	1	8	80	119	218
11738	18	1	9	81	48	219
11739	18	1	10	82	24	219
11740	18	1	11	83	24	221
11741	18	1	12	85	91	221
11742	18	1	13	84	107	222
11743	18	1	14	86	1	223
11744	18	1	15	87	1	225
11745	18	1	16	89	35	225
11746	18	1	17	88	98	226
11747	18	1	18	90	11	227
11748	18	1	19	91	252	228
11749	18	1	20	92	137	229
11750	18	1	21	93	121	229
11751	18	1	22	94	142	230
11752	18	1	23	95	142	232
11753	18	1	24	96	192	233
11754	18	1	25	97	64	233
11755	18	1	26	98	247	234
11756	18	1	27	99	8	235
11757	18	1	28	100	255	236
11758	18	1	29	101	178	237
11759	18	1	30	102	87	238
11760	18	1	31	103	175	238
11761	18	1	32	104	175	240
11762	18	1	33	105	117	241
11763	18	1	34	106	190	241
11764	18	1	35	107	84	242
11765	18	1	36	108	84	244
11766	18	1	37	109	28	244
11767	18	1	38	110	249	245
11768	18	1	39	111	135	246
11769	18	1	40	112	128	247
11770	18	1	41	113	109	247
11771	18	1	42	114	109	249
11772	18	1	43	115	154	250
11773	18	1	44	116	93	251
11774	18	1	45	117	147	251
11775	18	1	46	118	116	252
11776	18	1	47	119	116	254
11777	18	1	48	120	146	254
11778	18	1	49	121	224	254
11779	18	1	50	122	224	256
11780	18	1	51	123	224	258
11781	18	1	52	124	112	258
11782	18	1	53	125	97	258
11783	18	1	54	126	97	260
11784	18	1	55	127	180	260
11785	18	1	56	128	180	262
11786	18	1	57	129	15	262
11787	18	1	58	130	248	263
11788	18	2	0	70	66	210
11789	18	2	1	71	74	210
11790	18	2	2	72	74	212
11791	18	2	3	73	200	212
11792	18	2	4	74	200	214
11793	18	2	5	75	25	214
11794	18	2	6	76	238	215
11795	18	2	7	77	96	216
11796	18	2	8	78	215	217
11797	18	2	9	79	48	218
11798	18	2	10	80	251	219
11799	18	2	11	81	4	220
11800	18	2	12	82	2	220
11801	18	2	13	83	2	222
11802	18	2	14	85	7	222
11803	18	2	15	84	227	223
11804	18	2	16	86	22	224
11805	18	2	17	87	22	226
11806	18	2	18	89	128	226
11807	18	2	19	88	132	227
11808	18	2	20	90	242	228
11809	18	2	21	91	21	229
11810	18	2	22	92	121	230
11811	18	2	23	93	32	230
11812	18	2	24	94	231	231
11813	18	2	25	95	231	233
11814	18	2	26	96	16	234
11815	18	2	27	97	93	234
11816	18	2	28	98	174	235
11817	18	2	29	99	176	236
11818	18	2	30	100	87	237
11819	18	2	31	101	234	238
11820	18	2	32	102	73	239
11821	18	2	33	103	168	239
11822	18	2	34	104	168	241
11823	18	2	35	105	207	242
11824	18	2	36	106	235	242
11825	18	2	37	107	7	243
11826	18	2	38	108	7	245
11827	18	2	39	109	90	245
11828	18	2	40	110	218	246
11829	18	2	41	111	77	247
11830	18	2	42	112	186	248
11831	18	2	43	113	31	248
11832	18	2	44	114	31	250
11833	18	2	45	115	232	251
11834	18	2	46	116	205	252
11835	18	2	47	117	78	252
11836	18	2	48	118	185	253
11837	18	2	49	119	185	255
11838	18	2	50	120	56	255
11839	18	2	51	121	194	255
11840	18	2	52	122	194	257
11841	18	2	53	123	194	259
11842	18	2	54	124	97	259
11843	18	2	55	125	30	259
11844	18	2	56	126	30	261
11845	18	2	57	127	15	261
11846	18	3	0	69	22	210
11847	18	3	1	70	241	211
11848	18	3	2	71	63	211
11849	18	3	3	72	63	213
11850	18	3	4	73	21	213
11851	18	3	5	74	21	215
11852	18	3	6	75	167	215
11853	18	3	7	76	96	216
11854	18	3	8	77	231	217
11855	18	3	9	78	16	218
11856	18	3	10	79	247	219
11857	18	3	11	80	4	220
11858	18	3	12	81	174	221
11859	18	3	13	82	87	221
11860	18	3	14	83	87	223
11861	18	3	15	85	195	223
11862	18	3	16	84	217	224
11863	18	3	17	86	168	225
11864	18	3	18	87	168	227
11865	18	3	19	89	24	227
11866	18	3	20	88	49	228
11867	18	3	21	90	7	229
11868	18	3	22	91	256	230
11869	18	3	23	92	135	231
11870	18	3	24	93	77	231
11871	18	3	25	94	186	232
11872	18	3	26	95	186	234
11873	18	3	27	96	170	235
11874	18	3	28	97	232	235
11875	18	3	29	98	205	236
11876	18	3	30	99	29	237
11877	18	3	31	100	234	238
11878	18	3	32	101	185	239
11879	18	3	33	102	151	240
11880	18	3	34	103	207	240
11881	18	3	35	104	207	242
11882	18	3	36	105	194	243
11883	18	3	37	106	97	243
11884	18	3	38	107	173	244
11885	18	3	39	108	173	246
11886	18	3	40	109	233	246
11887	18	3	41	110	15	247
11888	18	3	42	111	62	248
11889	18	3	43	112	201	249
11890	18	3	44	113	165	249
11891	18	3	45	114	165	251
11892	18	3	46	115	98	252
11893	18	3	47	116	107	253
11894	18	3	48	117	237	253
11895	18	3	49	118	26	254
11896	18	3	50	119	26	256
11897	18	3	51	120	69	256
11898	18	3	52	121	23	256
11899	18	3	53	122	23	258
11900	18	3	54	123	23	260
11901	18	3	55	124	143	260
11902	18	3	56	125	253	260
11903	18	4	0	67	11	209
11904	18	4	1	68	126	210
11905	18	4	2	69	221	211
11906	18	4	3	70	42	212
11907	18	4	4	71	71	212
11908	18	4	5	72	71	214
11909	18	4	6	73	199	214
11910	18	4	7	74	199	216
11911	18	4	8	75	255	216
11912	18	4	9	76	8	217
11913	18	4	10	77	85	218
11914	18	4	11	78	89	219
11915	18	4	12	79	174	220
11916	18	4	13	80	88	221
11917	18	4	14	81	146	222
11918	18	4	15	82	73	222
11919	18	4	16	83	73	224
11920	18	4	17	85	247	224
11921	18	4	18	84	58	225
11922	18	4	19	86	14	226
11923	18	4	20	87	14	228
11924	18	4	21	89	239	228
11925	18	4	22	88	217	229
11926	18	4	23	90	154	230
11927	18	4	24	91	109	231
11928	18	4	25	92	77	232
11929	18	4	26	93	116	232
11930	18	4	27	94	147	233
11931	18	4	28	95	147	235
11932	18	4	29	96	58	236
11933	18	4	30	97	107	236
11934	18	4	31	98	39	237
11935	18	4	32	99	112	238
11936	18	4	33	100	151	239
11937	18	4	34	101	125	240
11938	18	4	35	102	166	241
11939	18	4	36	103	83	241
11940	18	4	37	104	83	243
11941	18	4	38	105	60	244
11942	18	4	39	106	30	244
11943	18	4	40	107	124	245
11944	18	4	41	108	124	247
11945	18	4	42	109	129	247
11946	18	4	43	110	67	248
11947	18	4	44	111	49	249
11948	18	4	45	112	214	250
11949	18	4	46	113	211	250
11950	18	4	47	114	211	252
11951	18	4	48	115	52	253
11952	18	4	49	116	250	254
11953	18	4	50	117	217	254
11954	18	4	51	118	46	255
11955	18	4	52	119	46	257
11956	18	4	53	120	203	257
11957	18	4	54	121	243	257
11958	18	4	55	122	243	259
11959	18	5	0	66	179	209
11960	18	5	1	67	84	210
11961	18	5	2	68	221	211
11962	18	5	3	69	14	212
11963	18	5	4	70	249	213
11964	18	5	5	71	64	213
11965	18	5	6	72	64	215
11966	18	5	7	73	109	215
11967	18	5	8	74	109	217
11968	18	5	9	75	178	217
11969	18	5	10	76	85	218
11970	18	5	11	77	147	219
11971	18	5	12	78	58	220
11972	18	5	13	79	205	221
11973	18	5	14	80	146	222
11974	18	5	15	81	39	223
11975	18	5	16	82	151	223
11976	18	5	17	83	151	225
11977	18	5	18	85	107	225
11978	18	5	19	84	170	226
11979	18	5	20	86	83	227
11980	18	5	21	87	83	229
11981	18	5	22	89	162	229
11982	18	5	23	88	96	230
11983	18	5	24	90	124	231
11984	18	5	25	91	139	232
11985	18	5	26	92	62	233
11986	18	5	27	93	49	233
11987	18	5	28	94	214	234
11988	18	5	29	95	214	236
11989	18	5	30	96	156	237
11990	18	5	31	97	52	237
11991	18	5	32	98	250	238
11992	18	5	33	99	138	239
11993	18	5	34	100	125	240
11994	18	5	35	101	46	241
11995	18	5	36	102	120	242
11996	18	5	37	103	60	242
11997	18	5	38	104	60	244
11998	18	5	39	105	243	245
11999	18	5	40	106	253	245
12000	18	5	41	107	134	246
12001	18	5	42	108	134	248
12002	18	5	43	109	220	248
12003	18	5	44	110	153	249
12004	18	5	45	111	159	250
12005	18	5	46	112	104	251
12006	18	5	47	113	105	251
12007	18	5	48	114	105	253
12008	18	5	49	115	158	254
12009	18	5	50	116	92	255
12010	18	5	51	117	103	255
12011	18	5	52	118	160	256
12012	18	5	53	119	160	258
12013	18	5	54	120	20	258
12014	18	6	0	64	179	208
12015	18	6	1	65	28	209
12016	18	6	2	66	256	210
12017	18	6	3	67	7	211
12018	18	6	4	68	128	212
12019	18	6	5	69	45	213
12020	18	6	6	70	218	214
12021	18	6	7	71	93	214
12022	18	6	8	72	93	216
12023	18	6	9	73	31	216
12024	18	6	10	74	31	218
12025	18	6	11	75	234	218
12026	18	6	12	76	29	219
12027	18	6	13	77	78	220
12028	18	6	14	78	224	221
12029	18	6	15	79	39	222
12030	18	6	16	80	56	223
12031	18	6	17	81	69	224
12032	18	6	18	82	166	224
12033	18	6	19	83	166	226
12034	18	6	20	85	92	226
12035	18	6	21	84	89	227
12036	18	6	22	86	248	228
12037	18	6	23	87	248	230
12038	18	6	24	89	248	230
12039	18	6	25	88	98	231
12040	18	6	26	90	98	232
12041	18	6	27	91	165	233
12042	18	6	28	92	49	234
12043	18	6	29	93	26	234
12044	18	6	30	94	237	235
12045	18	6	31	95	237	237
12046	18	6	32	96	13	238
12047	18	6	33	97	92	238
12048	18	6	34	98	240	239
12049	18	6	35	99	143	240
12050	18	6	36	100	120	241
12051	18	6	37	101	223	242
12052	18	6	38	102	10	243
12053	18	6	39	103	5	243
12054	18	6	40	104	5	245
12055	18	6	41	105	86	246
12056	18	6	42	106	43	246
12057	18	6	43	107	55	247
12058	18	6	44	108	55	249
12059	18	6	45	109	106	249
12060	18	6	46	110	210	250
12061	18	6	47	111	79	251
12062	18	6	48	112	184	252
12063	18	6	49	113	206	252
12064	18	6	50	114	206	254
12065	18	6	51	115	57	255
12066	18	6	52	116	183	256
12067	18	6	53	117	162	256
12068	18	7	0	63	56	209
12069	18	7	1	64	28	209
12070	18	7	2	65	166	210
12071	18	7	3	66	90	211
12072	18	7	4	67	173	212
12073	18	7	5	68	45	213
12074	18	7	6	69	248	214
12075	18	7	7	70	15	215
12076	18	7	8	71	232	215
12077	18	7	9	72	232	217
12078	18	7	10	73	165	217
12079	18	7	11	74	165	219
12080	18	7	12	75	185	219
12081	18	7	13	76	78	220
12082	18	7	14	77	237	221
12083	18	7	15	78	13	222
12084	18	7	16	79	250	223
12085	18	7	17	80	69	224
12086	18	7	18	81	240	225
12087	18	7	19	82	120	225
12088	18	7	20	83	120	227
12089	18	7	21	85	42	227
12090	18	7	22	84	229	228
12091	18	7	23	86	5	229
12092	18	7	24	87	5	231
12093	18	7	25	89	103	231
12094	18	7	26	88	138	232
12095	18	7	27	90	55	233
12096	18	7	28	91	208	234
12097	18	7	29	92	159	235
12098	18	7	30	93	79	235
12099	18	7	31	94	184	236
12100	18	7	32	95	184	238
12101	18	7	33	96	171	239
12102	18	7	34	97	57	239
12103	18	7	35	98	183	240
12104	18	7	36	99	40	241
12105	18	7	37	100	223	242
12106	18	7	38	101	101	243
12107	18	7	39	102	172	244
12108	18	7	40	103	86	244
12109	18	7	41	104	86	246
12110	18	7	42	105	59	247
12111	18	7	43	106	161	247
12112	18	7	44	107	157	248
12113	18	7	45	108	157	250
12114	18	7	46	109	140	250
12115	18	7	47	110	193	251
12116	18	7	48	111	149	252
12117	18	7	49	112	114	253
12118	18	7	50	113	19	253
12119	18	7	51	114	19	255
12120	18	7	52	115	244	256
12121	18	8	0	60	223	208
12122	18	8	1	62	180	208
12123	18	8	2	63	180	210
12124	18	8	3	64	90	210
12125	18	8	4	65	233	211
12126	18	8	5	66	139	212
12127	18	8	6	67	124	213
12128	18	8	7	68	201	214
12129	18	8	8	69	196	215
12130	18	8	9	70	67	216
12131	18	8	10	71	107	216
12132	18	8	11	72	107	218
12133	18	8	12	73	211	218
12134	18	8	13	74	211	220
12135	18	8	14	75	125	220
12136	18	8	15	76	138	221
12137	18	8	16	77	217	222
12138	18	8	17	78	23	223
12139	18	8	18	79	240	224
12140	18	8	19	80	203	225
12141	18	8	20	81	20	226
12142	18	8	21	82	10	226
12143	18	8	22	83	10	228
12144	18	8	23	85	154	228
12145	18	8	24	84	246	229
12146	18	8	25	86	110	230
12147	18	8	26	87	110	232
12148	18	8	27	89	108	232
12149	18	8	28	88	83	233
12150	18	8	29	90	158	234
12151	18	8	30	91	105	235
12152	18	8	31	92	79	236
12153	18	8	32	93	160	236
12154	18	8	33	94	103	237
12155	18	8	34	95	103	239
12156	18	8	35	96	80	240
12157	18	8	36	97	202	240
12158	18	8	37	98	81	241
12159	18	8	38	99	91	242
12160	18	8	39	100	172	243
12161	18	8	40	101	118	244
12162	18	8	41	102	102	245
12163	18	8	42	103	51	245
12164	18	8	43	104	51	247
12165	18	8	44	105	246	248
12166	18	8	45	106	123	248
12167	18	8	46	107	35	249
12168	18	8	47	108	35	251
12169	18	8	48	109	187	251
12170	18	8	49	110	38	252
12171	18	8	50	111	122	253
12172	18	8	51	112	141	254
12173	18	9	0	61	215	208
12174	18	9	1	60	164	209
12175	18	9	2	62	203	209
12176	18	9	3	63	203	211
12177	18	9	4	64	233	211
12178	18	9	5	65	10	212
12179	18	9	6	66	129	213
12180	18	9	7	67	134	214
12181	18	9	8	68	196	215
12182	18	9	9	69	110	216
12183	18	9	10	70	153	217
12184	18	9	11	71	52	217
12185	18	9	12	72	52	219
12186	18	9	13	73	105	219
12187	18	9	14	74	105	221
12188	18	9	15	75	46	221
12189	18	9	16	76	217	222
12190	18	9	17	77	103	223
12191	18	9	18	78	80	224
12192	18	9	19	79	183	225
12193	18	9	20	80	20	226
12194	18	9	21	81	81	227
12195	18	9	22	82	172	227
12196	18	9	23	83	172	229
12197	18	9	24	85	234	229
12198	18	9	25	84	6	230
12199	18	9	26	86	51	231
12200	18	9	27	87	51	233
12201	18	9	28	89	122	233
12202	18	9	29	88	172	234
12203	18	9	30	90	35	235
12204	18	9	31	91	228	236
12205	18	9	32	92	149	237
12206	18	9	33	93	122	237
12207	18	9	34	94	141	238
12208	18	9	35	95	141	240
12209	18	9	36	96	61	241
12210	18	9	37	97	108	241
12211	18	9	38	98	236	242
12212	18	9	39	99	145	243
12213	18	9	40	100	118	244
12214	18	9	41	101	136	245
12215	18	9	42	102	229	246
12216	18	9	43	103	246	246
12217	18	9	44	104	246	248
12218	18	9	45	105	181	249
12219	18	9	46	106	222	249
12220	18	9	47	107	76	250
12221	18	9	48	108	76	252
12222	18	9	49	109	113	252
12223	18	9	50	110	75	253
12224	18	10	0	58	143	206
12225	18	10	1	59	143	208
12226	18	10	2	61	119	209
12227	18	10	3	60	71	210
12228	18	10	4	62	258	210
12229	18	10	5	63	258	212
12230	18	10	6	64	129	212
12231	18	10	7	65	220	213
12232	18	10	8	66	208	214
12233	18	10	9	67	55	215
12234	18	10	10	68	104	216
12235	18	10	11	69	53	217
12236	18	10	12	70	210	218
12237	18	10	13	71	92	218
12238	18	10	14	72	92	220
12239	18	10	15	73	206	220
12240	18	10	16	74	206	222
12241	18	10	17	75	223	222
12242	18	10	18	76	40	223
12243	18	10	19	77	162	224
12244	18	10	20	78	182	225
12245	18	10	21	79	81	226
12246	18	10	22	80	177	227
12247	18	10	23	81	204	228
12248	18	10	24	82	102	228
12249	18	10	25	83	102	230
12250	18	10	26	85	187	230
12251	18	10	27	84	153	231
12252	18	10	28	86	70	232
12253	18	10	29	87	70	234
12254	18	10	30	89	187	234
12255	18	10	31	88	149	235
12256	18	10	32	90	244	236
12257	18	10	33	91	19	237
12258	18	10	34	92	122	238
12259	18	10	35	93	54	238
12260	18	10	36	94	209	239
12261	18	10	37	95	209	241
12262	18	10	38	96	27	242
12263	18	10	39	97	9	242
12264	18	10	40	98	195	243
12265	18	10	41	99	34	244
12266	18	10	42	100	229	245
12267	18	10	43	101	99	246
12268	18	10	44	102	41	247
12269	18	10	45	103	152	247
12270	18	10	46	104	152	249
12271	18	10	47	105	37	250
12272	18	10	48	106	150	250
12273	18	10	49	107	94	251
12274	18	11	0	56	125	207
12275	18	11	1	58	40	207
12276	18	11	2	59	40	209
12277	18	11	3	61	68	210
12278	18	11	4	60	138	211
12279	18	11	5	62	177	211
12280	18	11	6	63	177	213
12281	18	11	7	64	220	213
12282	18	11	8	65	102	214
12283	18	11	9	66	106	215
12284	18	11	10	67	157	216
12285	18	11	11	68	53	217
12286	18	11	12	69	70	218
12287	18	11	13	70	193	219
12288	18	11	14	71	57	219
12289	18	11	15	72	57	221
12290	18	11	16	73	19	221
12291	18	11	17	74	19	223
12292	18	11	18	75	101	223
12293	18	11	19	76	162	224
12294	18	11	20	77	209	225
12295	18	11	21	78	27	226
12296	18	11	22	79	236	227
12297	18	11	23	80	204	228
12298	18	11	24	81	195	229
12299	18	11	25	82	229	229
12300	18	11	26	83	229	231
12301	18	11	27	85	183	231
12302	18	11	28	84	3	232
12303	18	11	29	86	152	233
12304	18	11	30	87	152	235
12305	18	11	31	89	94	235
12306	18	11	32	88	152	236
12307	18	11	33	90	94	237
12308	18	11	34	91	169	238
12309	18	11	35	92	47	239
12310	18	11	36	93	245	239
12311	18	11	37	94	18	240
12312	18	11	38	95	18	242
12313	18	11	39	96	254	243
12314	18	11	40	97	260	243
12315	18	11	41	98	198	244
12316	18	11	42	99	164	245
12317	18	11	43	100	99	246
12318	18	11	44	101	230	247
12319	18	11	45	102	74	248
12320	18	11	46	103	37	248
12321	18	11	47	104	37	250
12322	18	11	48	105	163	251
12323	18	12	0	55	80	206
12324	18	12	1	57	84	207
12325	18	12	2	56	262	208
12326	18	12	3	58	91	208
12327	18	12	4	59	91	210
12328	18	12	5	61	68	211
12329	18	12	6	60	253	212
12330	18	12	7	62	212	212
12331	18	12	8	63	212	214
12332	18	12	9	64	106	214
12333	18	12	10	65	140	215
12334	18	12	11	66	228	216
12335	18	12	12	67	35	217
12336	18	12	13	68	114	218
12337	18	12	14	69	225	219
12338	18	12	15	70	38	220
12339	18	12	16	71	202	220
12340	18	12	17	72	202	222
12341	18	12	18	73	155	222
12342	18	12	19	74	155	224
12343	18	12	20	75	118	224
12344	18	12	21	76	145	225
12345	18	12	22	77	127	226
12346	18	12	23	78	68	227
12347	18	12	24	79	195	228
12348	18	12	25	80	17	229
12349	18	12	26	81	82	230
12350	18	12	27	82	41	230
12351	18	12	28	83	41	232
12352	18	12	29	85	80	232
12353	18	12	30	84	126	233
12354	18	12	31	86	188	234
12355	18	12	32	87	188	236
12356	18	12	33	89	216	236
12357	18	12	34	88	144	237
12358	18	12	35	90	227	238
12359	18	12	36	91	36	239
12360	18	12	37	92	245	240
12361	18	12	38	93	130	240
12362	18	12	39	94	133	241
12363	18	12	40	95	133	243
12364	18	12	41	96	65	244
12365	18	12	42	97	197	244
12366	18	12	43	98	148	245
12367	18	12	44	99	189	246
12368	18	12	45	100	74	247
12369	18	12	46	101	63	248
12370	18	12	47	102	50	249
12371	18	13	0	54	202	206
12372	18	13	1	55	61	207
12373	18	13	2	57	144	208
12374	18	13	3	56	129	209
12375	18	13	4	58	145	209
12376	18	13	5	59	145	211
12377	18	13	6	61	6	212
12378	18	13	7	60	153	213
12379	18	13	8	62	17	213
12380	18	13	9	63	17	215
12381	18	13	10	64	140	215
12382	18	13	11	65	41	216
12383	18	13	12	66	187	217
12384	18	13	13	67	76	218
12385	18	13	14	68	225	219
12386	18	13	15	69	188	220
12387	18	13	16	70	75	221
12388	18	13	17	71	108	221
12389	18	13	18	72	108	223
12390	18	13	19	73	36	223
12391	18	13	20	74	36	225
12392	18	13	21	75	136	225
12393	18	13	22	76	127	226
12394	18	13	23	77	133	227
12395	18	13	24	78	65	228
12396	18	13	25	79	198	229
12397	18	13	26	80	82	230
12398	18	13	27	81	148	231
12399	18	13	28	82	74	231
12400	18	13	29	83	74	233
12401	18	13	30	85	249	233
12402	18	13	31	84	183	234
12403	18	13	32	86	25	235
12404	18	13	33	87	25	237
12405	18	13	34	89	155	237
12406	18	13	35	88	231	238
12407	18	13	36	90	12	239
12408	18	13	37	91	251	240
12409	18	13	38	92	6	241
12410	18	13	39	93	132	241
12411	18	13	40	94	131	242
12412	18	13	41	95	131	244
12413	18	13	42	96	66	245
12414	18	13	43	97	22	245
12415	18	13	44	98	126	246
12416	18	13	45	99	200	247
12417	18	13	46	100	63	248
12418	18	14	0	52	122	206
12419	18	14	1	53	54	206
12420	18	14	2	54	236	207
12421	18	14	3	55	27	208
12422	18	14	4	57	250	209
12423	18	14	5	56	71	210
12424	18	14	6	58	34	210
12425	18	14	7	59	34	212
12426	18	14	8	61	84	213
12427	18	14	9	60	67	214
12428	18	14	10	62	111	214
12429	18	14	11	63	111	216
12430	18	14	12	64	187	216
12431	18	14	13	65	113	217
12432	18	14	14	66	169	218
12433	18	14	15	67	94	219
12434	18	14	16	68	216	220
12435	18	14	17	69	191	221
12436	18	14	18	70	72	222
12437	18	14	19	71	9	222
12438	18	14	20	72	9	224
12439	18	14	21	73	3	224
12440	18	14	22	74	3	226
12441	18	14	23	75	99	226
12442	18	14	24	76	164	227
12443	18	14	25	77	33	228
12444	18	14	26	78	115	229
12445	18	14	27	79	148	230
12446	18	14	28	80	226	231
12447	18	14	29	81	100	232
12448	18	14	30	82	50	232
12449	18	14	31	83	50	234
12450	18	14	32	85	50	234
12451	18	14	33	84	6	235
12452	18	14	34	86	24	236
12453	18	14	35	87	24	238
12454	18	14	36	89	247	238
12455	18	14	37	88	130	239
12456	18	14	38	90	1	240
12457	18	14	39	91	262	241
12458	18	14	40	92	132	242
12459	18	14	41	93	11	242
12460	18	14	42	94	252	243
12461	18	14	43	95	252	245
12462	18	14	44	96	137	246
12463	18	14	45	97	221	246
12464	18	15	0	51	216	206
12465	18	15	1	52	47	207
12466	18	15	2	53	245	207
12467	18	15	3	54	9	208
12468	18	15	4	55	254	209
12469	18	15	5	57	58	210
12470	18	15	6	56	165	211
12471	18	15	7	58	164	211
12472	18	15	8	59	164	213
12473	18	15	9	61	54	214
12474	18	15	10	60	96	215
12475	18	15	11	62	226	215
12476	18	15	12	63	226	217
12477	18	15	13	64	113	217
12478	18	15	14	65	50	218
12479	18	15	15	66	119	219
12480	18	15	16	67	144	220
12481	18	15	17	68	191	221
12482	18	15	18	69	24	222
12483	18	15	19	70	239	223
12484	18	15	20	71	260	223
12485	18	15	21	72	260	225
12486	18	15	22	73	262	225
12487	18	15	23	74	262	227
12488	18	15	24	75	230	227
12489	18	15	25	76	33	228
12490	18	15	26	77	252	229
12491	18	15	27	78	137	230
12492	18	15	28	79	126	231
12493	18	15	29	80	100	232
12494	18	15	30	81	142	233
12495	18	15	31	82	71	233
12496	18	15	32	83	71	235
12497	18	15	33	85	95	235
12498	18	15	34	84	148	236
12499	18	15	35	86	255	237
12500	18	15	36	87	255	239
12501	18	15	37	89	94	239
12502	18	15	38	88	125	240
12503	18	15	39	90	175	241
12504	18	15	40	91	88	242
12505	18	15	41	92	219	243
12506	18	15	42	93	84	243
12507	18	15	43	94	179	244
12508	18	15	44	95	179	246
12509	18	16	0	49	227	204
12510	18	16	1	50	18	205
12511	18	16	2	51	18	207
12512	18	16	3	52	245	208
12513	18	16	4	53	130	208
12514	18	16	5	54	198	209
12515	18	16	6	55	65	210
12516	18	16	7	57	232	211
12517	18	16	8	56	240	212
12518	18	16	9	58	189	212
12519	18	16	10	59	189	214
12520	18	16	11	61	225	215
12521	18	16	12	60	179	216
12522	18	16	13	62	238	216
12523	18	16	14	63	238	218
12524	18	16	15	64	119	218
12525	18	16	16	65	48	219
12526	18	16	17	66	251	220
12527	18	16	18	67	12	221
12528	18	16	19	68	257	222
12529	18	16	20	69	2	223
12530	18	16	21	70	261	224
12531	18	16	22	71	197	224
12532	18	16	23	72	197	226
12533	18	16	24	73	241	226
12534	18	16	25	74	241	228
12535	18	16	26	75	63	228
12536	18	16	27	76	200	229
12537	18	16	28	77	21	230
12538	18	16	29	78	121	231
12539	18	16	30	79	142	232
12540	18	16	31	80	96	233
12541	18	16	32	81	231	234
12542	18	16	33	82	247	234
12543	18	16	34	83	247	236
12544	18	16	35	85	166	236
12545	18	16	36	84	150	237
12546	18	16	37	86	87	238
12547	18	16	38	87	87	240
12548	18	16	39	89	103	240
12549	18	16	40	88	27	241
12550	18	16	41	90	168	242
12551	18	16	42	91	95	243
12552	18	16	43	92	84	244
12553	18	17	0	48	36	205
12554	18	17	1	49	12	205
12555	18	17	2	50	257	206
12556	18	17	3	51	257	208
12557	18	17	4	52	6	209
12558	18	17	5	53	132	209
12559	18	17	6	54	197	210
12560	18	17	7	55	66	211
12561	18	17	8	57	172	212
12562	18	17	9	56	248	213
12563	18	17	10	58	200	213
12564	18	17	11	59	200	215
12565	18	17	12	61	25	216
12566	18	17	13	60	179	217
12567	18	17	14	62	96	217
12568	18	17	15	63	96	219
12569	18	17	16	64	48	219
12570	18	17	17	65	247	220
12571	18	17	18	66	4	221
12572	18	17	19	67	259	222
12573	18	17	20	68	2	223
12574	18	17	21	69	87	224
12575	18	17	22	70	176	225
12576	18	17	23	71	22	225
12577	18	17	24	72	22	227
12578	18	17	25	73	95	227
12579	18	17	26	74	95	229
12580	18	17	27	75	242	229
12581	18	17	28	76	21	230
12582	18	17	29	77	256	231
12583	18	17	30	78	135	232
12584	18	17	31	79	128	233
12585	18	17	32	80	231	234
12586	18	17	33	81	186	235
12587	18	17	34	82	93	235
12588	18	17	35	83	93	237
12589	18	17	36	85	207	237
12590	18	17	37	84	32	238
12591	18	17	38	86	234	239
12592	18	17	39	87	234	241
12593	18	17	40	89	46	241
12594	18	17	41	88	1	242
12595	18	17	42	90	207	243
12596	18	18	0	46	24	204
12597	18	18	1	47	251	205
12598	18	18	2	48	3	206
12599	18	18	3	49	1	206
12600	18	18	4	50	131	207
12601	18	18	5	51	131	209
12602	18	18	6	52	132	210
12603	18	18	7	53	11	210
12604	18	18	8	54	126	211
12605	18	18	9	55	137	212
12606	18	18	10	57	131	213
12607	18	18	11	56	255	214
12608	18	18	12	58	192	214
12609	18	18	13	59	192	216
12610	18	18	14	61	248	217
12611	18	18	15	60	169	218
12612	18	18	16	62	8	218
12613	18	18	17	63	8	220
12614	18	18	18	64	4	220
12615	18	18	19	65	174	221
12616	18	18	20	66	88	222
12617	18	18	21	67	175	223
12618	18	18	22	68	44	224
12619	18	18	23	69	73	225
12620	18	18	24	70	190	226
12621	18	18	25	71	221	226
12622	18	18	26	72	221	228
12623	18	18	27	73	249	228
12624	18	18	28	74	249	230
12625	18	18	29	75	64	230
12626	18	18	30	76	199	231
12627	18	18	31	77	109	232
12628	18	18	32	78	77	233
12629	18	18	33	79	186	234
12630	18	18	34	80	85	235
12631	18	18	35	81	147	236
12632	18	18	36	82	205	236
12633	18	18	37	83	205	238
12634	18	18	38	85	78	238
12635	18	18	39	84	95	239
12636	18	18	40	86	151	240
12637	18	18	41	87	151	242
12638	18	19	0	45	8	204
12639	18	19	1	46	255	205
12640	18	19	2	47	4	206
12641	18	19	3	48	262	207
12642	18	19	4	49	175	207
12643	18	19	5	50	44	208
12644	18	19	6	51	44	210
12645	18	19	7	52	219	211
12646	18	19	8	53	84	211
12647	18	19	9	54	221	212
12648	18	19	10	55	42	213
12649	18	19	11	57	115	214
12650	18	19	12	56	139	215
12651	18	19	13	58	199	215
12652	18	19	14	59	199	217
12653	18	19	15	61	236	218
12654	18	19	16	60	202	219
12655	18	19	17	62	85	219
12656	18	19	18	63	85	221
12657	18	19	19	64	174	221
12658	18	19	20	65	205	222
12659	18	19	21	66	146	223
12660	18	19	22	67	117	224
12661	18	19	23	68	73	225
12662	18	19	24	69	151	226
12663	18	19	25	70	112	227
12664	18	19	26	71	14	227
12665	18	19	27	72	14	229
12666	18	19	28	73	180	229
12667	18	19	29	74	180	231
12668	18	19	30	75	154	231
12669	18	19	31	76	109	232
12670	18	19	32	77	139	233
12671	18	19	33	78	62	234
12672	18	19	34	79	201	235
12673	18	19	35	80	147	236
12674	18	19	36	81	214	237
12675	18	19	37	82	107	237
12676	18	19	38	83	107	239
12677	18	19	39	85	125	239
12678	18	19	40	84	224	240
12679	18	20	0	5	104	204
12680	18	20	1	44	261	204
12681	18	20	2	45	176	205
12682	18	20	3	46	87	206
12683	18	20	4	47	88	207
12684	18	20	5	48	241	208
12685	18	20	6	49	168	208
12686	18	20	7	50	179	209
12687	18	20	8	51	179	211
12688	18	20	9	52	84	212
12689	18	20	10	53	7	212
12690	18	20	11	54	128	213
12691	18	20	12	55	135	214
12692	18	20	13	57	38	215
12693	18	20	14	56	161	216
12694	18	20	15	58	170	216
12695	18	20	16	59	170	218
12696	18	20	17	61	218	219
12697	18	20	18	60	117	220
12698	18	20	19	62	29	220
12699	18	20	20	63	29	222
12700	18	20	21	64	146	222
12701	18	20	22	65	39	223
12702	18	20	23	66	56	224
12703	18	20	24	67	207	225
12704	18	20	25	68	28	226
12705	18	20	26	69	166	227
12706	18	20	27	70	97	228
12707	18	20	28	71	45	228
12708	18	20	29	72	45	230
12709	18	20	30	73	15	230
12710	18	20	31	74	15	232
12711	18	20	32	75	232	232
12712	18	20	33	76	31	233
12713	18	20	34	77	165	234
12714	18	20	35	78	49	235
12715	18	20	36	79	214	236
12716	18	20	37	80	78	237
12717	18	20	38	81	237	238
12718	18	20	39	82	250	238
12719	18	21	0	42	170	204
12720	18	21	1	43	85	204
12721	18	21	2	44	176	205
12722	18	21	3	45	29	206
12723	18	21	4	46	234	207
12724	18	21	5	47	146	208
12725	18	21	6	48	95	209
12726	18	21	7	49	207	209
12727	18	21	8	50	28	210
12728	18	21	9	51	28	212
12729	18	21	10	52	235	213
12730	18	21	11	53	173	213
12731	18	21	12	54	45	214
12732	18	21	13	55	218	215
12733	18	21	14	57	168	216
12734	18	21	15	56	250	217
12735	18	21	16	58	31	217
12736	18	21	17	59	31	219
12737	18	21	18	61	162	220
12738	18	21	19	60	11	221
12739	18	21	20	62	78	221
12740	18	21	21	63	78	223
12741	18	21	22	64	39	223
12742	18	21	23	65	250	224
12743	18	21	24	66	69	225
12744	18	21	25	67	194	226
12745	18	21	26	68	166	227
12746	18	21	27	69	120	228
12747	18	21	28	70	143	229
12748	18	21	29	71	248	229
12749	18	21	30	72	248	231
12750	18	21	31	73	258	231
12751	18	21	32	74	258	233
12752	18	21	33	75	98	233
12753	18	21	34	76	165	234
12754	18	21	35	77	208	235
12755	18	21	36	78	159	236
12756	18	21	37	79	104	237
12757	18	21	38	80	237	238
12758	18	22	0	6	16	204
12759	18	22	1	7	120	204
12760	18	22	2	42	58	205
12761	18	22	3	43	29	205
12762	18	22	4	44	190	206
12763	18	22	5	45	112	207
12764	18	22	6	46	151	208
12765	18	22	7	47	56	209
12766	18	22	8	48	249	210
12767	18	22	9	49	83	210
12768	18	22	10	50	90	211
12769	18	22	11	51	90	213
12770	18	22	12	52	173	214
12771	18	22	13	53	124	214
12772	18	22	14	54	201	215
12773	18	22	15	55	62	216
12774	18	22	16	57	54	217
12775	18	22	17	56	33	218
12776	18	22	18	58	156	218
12777	18	22	19	59	156	220
12778	18	22	20	61	64	221
12779	18	22	21	60	162	222
12780	18	22	22	62	138	222
12781	18	22	23	63	138	224
12782	18	22	24	64	69	224
12783	18	22	25	65	240	225
12784	18	22	26	66	203	226
12785	18	22	27	67	60	227
12786	18	22	28	68	233	228
12787	18	22	29	69	10	229
12788	18	22	30	70	253	230
12789	18	22	31	71	196	230
12790	18	22	32	72	196	232
12791	18	22	33	73	153	232
12792	18	22	34	74	153	234
12793	18	22	35	75	52	234
12794	18	22	36	76	211	235
12795	18	22	37	77	105	236
12796	18	23	0	8	209	204
12797	18	23	1	9	190	204
12798	18	23	2	41	156	204
12799	18	23	3	42	156	206
12800	18	23	4	43	78	206
12801	18	23	5	44	112	207
12802	18	23	6	45	138	208
12803	18	23	7	46	125	209
12804	18	23	8	47	69	210
12805	18	23	9	48	180	211
12806	18	23	10	49	60	211
12807	18	23	11	50	233	212
12808	18	23	12	51	233	214
12809	18	23	13	52	30	215
12810	18	23	14	53	134	215
12811	18	23	15	54	196	216
12812	18	23	16	55	67	217
12813	18	23	17	57	89	218
12814	18	23	18	56	17	219
12815	18	23	19	58	211	219
12816	18	23	20	59	211	221
12817	18	23	21	61	128	222
12818	18	23	22	60	9	223
12819	18	23	23	62	217	223
12820	18	23	24	63	217	225
12821	18	23	25	64	240	225
12822	18	23	26	65	183	226
12823	18	23	27	66	20	227
12824	18	23	28	67	243	228
12825	18	23	29	68	10	229
12826	18	23	30	69	172	230
12827	18	23	31	70	91	231
12828	18	23	32	71	110	231
12829	18	23	33	72	110	233
12830	18	23	34	73	212	233
12831	18	23	35	74	212	235
12832	18	23	36	75	158	235
12833	18	24	0	10	55	204
12834	18	24	1	11	199	204
12835	18	24	2	39	185	204
12836	18	24	3	40	224	204
12837	18	24	4	41	13	205
12838	18	24	5	42	13	207
12839	18	24	6	43	138	207
12840	18	24	7	44	97	208
12841	18	24	8	45	143	209
12842	18	24	9	46	120	210
12843	18	24	10	47	203	211
12844	18	24	11	48	15	212
12845	18	24	12	49	5	212
12846	18	24	13	50	129	213
12847	18	24	14	51	129	215
12848	18	24	15	52	134	216
12849	18	24	16	53	55	216
12850	18	24	17	54	104	217
12851	18	24	18	55	159	218
12852	18	24	19	57	262	219
12853	18	24	20	56	163	220
12854	18	24	21	58	171	220
12855	18	24	22	59	171	222
12856	18	24	23	61	254	223
12857	18	24	24	60	116	224
12858	18	24	25	62	40	224
12859	18	24	26	63	40	226
12860	18	24	27	64	20	226
12861	18	24	28	65	81	227
12862	18	24	29	66	177	228
12863	18	24	30	67	86	229
12864	18	24	31	68	220	230
12865	18	24	32	69	102	231
12866	18	24	33	70	161	232
12867	18	24	34	71	53	232
12868	18	24	35	72	53	234
12869	18	25	0	12	261	204
12870	18	25	1	13	30	204
12871	18	25	2	38	159	204
12872	18	25	3	39	26	205
12873	18	25	4	40	13	205
12874	18	25	5	41	171	206
12875	18	25	6	42	171	208
12876	18	25	7	43	217	208
12877	18	25	8	44	143	209
12878	18	25	9	45	40	210
12879	18	25	10	46	223	211
12880	18	25	11	47	20	212
12881	18	25	12	48	258	213
12882	18	25	13	49	86	213
12883	18	25	14	50	220	214
12884	18	25	15	51	220	216
12885	18	25	16	52	43	217
12886	18	25	17	53	157	217
12887	18	25	18	54	53	218
12888	18	25	19	55	210	219
12889	18	25	20	57	180	220
12890	18	25	21	56	65	221
12891	18	25	22	58	206	221
12892	18	25	23	59	206	223
12893	18	25	24	61	106	224
12894	18	25	25	60	118	225
12895	18	25	26	62	162	225
12896	18	25	27	63	162	227
12897	18	25	28	64	81	227
12898	18	25	29	65	236	228
12899	18	25	30	66	204	229
12900	18	25	31	67	59	230
12901	18	25	32	68	102	231
12902	18	25	33	69	229	232
12903	18	25	34	70	34	233
12904	18	26	0	14	230	204
12905	18	26	1	15	227	204
12906	18	26	2	16	123	204
12907	18	26	3	17	200	204
12908	18	26	4	38	79	205
12909	18	26	5	39	46	206
12910	18	26	6	40	23	206
12911	18	26	7	41	80	207
12912	18	26	8	42	80	209
12913	18	26	9	43	40	209
12914	18	26	10	44	253	210
12915	18	26	11	45	91	211
12916	18	26	12	46	172	212
12917	18	26	13	47	177	213
12918	18	26	14	48	153	214
12919	18	26	15	49	51	214
12920	18	26	16	50	106	215
12921	18	26	17	51	106	217
12922	18	26	18	52	157	218
12923	18	26	19	53	35	218
12924	18	26	20	54	114	219
12925	18	26	21	55	149	220
12926	18	26	22	57	179	221
12927	18	26	23	56	64	222
12928	18	26	24	58	61	222
12929	18	26	25	59	61	224
12930	18	26	26	61	80	225
12931	18	26	27	60	245	226
12932	18	26	28	62	145	226
12933	18	26	29	63	145	228
12934	18	26	30	64	204	228
12935	18	26	31	65	195	229
12936	18	26	32	66	17	230
12937	18	26	33	67	246	231
12938	18	27	0	0	93	205
12939	18	27	1	18	104	204
12940	18	27	2	35	157	204
12941	18	27	3	36	184	204
12942	18	27	4	37	149	204
12943	18	27	5	38	149	206
12944	18	27	6	39	160	207
12945	18	27	7	40	80	207
12946	18	27	8	41	61	208
12947	18	27	9	42	61	210
12948	18	27	10	43	162	210
12949	18	27	11	44	91	211
12950	18	27	12	45	145	212
12951	18	27	13	46	118	213
12952	18	27	14	47	204	214
12953	18	27	15	48	212	215
12954	18	27	16	49	246	215
12955	18	27	17	50	140	216
12956	18	27	18	51	140	218
12957	18	27	19	52	123	219
12958	18	27	20	53	76	219
12959	18	27	21	54	225	220
12960	18	27	22	55	38	221
12961	18	27	23	57	230	222
12962	18	27	24	56	220	223
12963	18	27	25	58	155	223
12964	18	27	26	59	155	225
12965	18	27	27	61	7	226
12966	18	27	28	60	165	227
12967	18	27	29	62	127	227
12968	18	27	30	63	127	229
12969	18	27	31	64	195	229
12970	18	27	32	65	198	230
12971	18	28	0	0	93	206
12972	18	28	1	19	204	204
12973	18	28	2	20	54	204
12974	18	28	3	21	192	204
12975	18	28	4	35	35	205
12976	18	28	5	36	103	205
12977	18	28	6	37	122	205
12978	18	28	7	38	122	207
12979	18	28	8	39	101	208
12980	18	28	9	40	182	208
12981	18	28	10	41	27	209
12982	18	28	11	42	27	211
12983	18	28	12	43	145	211
12984	18	28	13	44	161	212
12985	18	28	14	45	34	213
12986	18	28	15	46	229	214
12987	18	28	16	47	17	215
12988	18	28	17	48	193	216
12989	18	28	18	49	152	216
12990	18	28	19	50	187	217
12991	18	28	20	51	187	219
12992	18	28	21	52	76	220
12993	18	28	22	53	94	220
12994	18	28	23	54	216	221
12995	18	28	24	55	47	222
12996	18	28	25	56	47	224
12997	18	28	26	57	9	223
12998	18	28	27	58	254	224
12999	18	28	28	59	254	226
13000	18	28	29	61	12	227
13001	18	28	30	60	34	228
13002	18	28	31	62	164	228
13003	18	29	0	0	93	207
13004	18	29	1	22	1	204
13005	18	29	2	23	13	204
13006	18	29	3	24	24	204
13007	18	29	4	34	76	204
13008	18	29	5	35	76	206
13009	18	29	6	36	141	206
13010	18	29	7	37	47	206
13011	18	29	8	38	47	208
13012	18	29	9	39	54	209
13013	18	29	10	40	27	209
13014	18	29	11	41	254	210
13015	18	29	12	42	254	212
13016	18	29	13	43	127	212
13017	18	29	14	44	34	213
13018	18	29	15	45	164	214
13019	18	29	16	46	99	215
13020	18	29	17	47	82	216
13021	18	29	18	48	111	217
13022	18	29	19	49	37	217
13023	18	29	20	50	113	218
13024	18	29	21	51	113	220
13025	18	29	22	52	150	221
13026	18	29	23	53	144	221
13027	18	29	24	54	191	222
13028	18	29	25	55	72	223
13029	18	29	26	57	9	224
13030	18	29	27	56	24	225
13031	18	29	28	58	3	225
13032	18	29	29	59	3	227
13033	18	29	30	61	129	228
13034	18	30	0	0	93	208
13035	18	30	1	1	73	205
13036	18	30	2	25	45	204
13037	18	30	3	26	160	204
13038	18	30	4	32	225	204
13039	18	30	5	33	169	204
13040	18	30	6	34	94	205
13041	18	30	7	35	94	207
13042	18	30	8	36	209	207
13043	18	30	9	37	245	207
13044	18	30	10	38	245	209
13045	18	30	11	39	136	210
13046	18	30	12	40	68	210
13047	18	30	13	41	65	211
13048	18	30	14	42	65	213
13049	18	30	15	43	164	213
13050	18	30	16	44	222	214
13051	18	30	17	45	189	215
13052	18	30	18	46	74	216
13053	18	30	19	47	226	217
13054	18	30	20	48	75	218
13055	18	30	21	49	25	218
13056	18	30	22	50	119	219
13057	18	30	23	51	119	221
13058	18	30	24	52	144	222
13059	18	30	25	53	12	222
13060	18	30	26	54	257	223
13061	18	30	27	55	6	224
13062	18	30	28	57	134	225
13063	18	30	29	56	211	226
13064	18	31	0	0	93	209
13065	18	31	1	1	73	206
13066	18	31	2	27	217	204
13067	18	31	3	28	168	204
13068	18	31	4	31	37	204
13069	18	31	5	32	188	205
13070	18	31	6	33	119	205
13071	18	31	7	34	144	206
13072	18	31	8	35	144	208
13073	18	31	9	36	18	208
13074	18	31	10	37	6	208
13075	18	31	11	38	6	210
13076	18	31	12	39	130	211
13077	18	31	13	40	65	211
13078	18	31	14	41	66	212
13079	18	31	15	42	66	214
13080	18	31	16	43	33	214
13081	18	31	17	44	189	215
13082	18	31	18	45	200	216
13083	18	31	19	46	63	217
13084	18	31	20	47	100	218
13085	18	31	21	48	238	219
13086	18	31	22	49	167	219
13087	18	31	23	50	48	220
13088	18	31	24	51	48	222
13089	18	31	25	52	215	223
13090	18	31	26	53	259	223
13091	18	31	27	54	2	224
13092	18	31	28	55	261	225
13093	18	32	0	0	93	210
13094	18	32	1	1	73	207
13095	18	32	2	29	31	204
13096	18	32	3	30	154	204
13097	18	32	4	2	261	205
13098	18	32	5	3	3	205
13099	18	32	6	31	25	205
13100	18	32	7	32	191	206
13101	18	32	8	33	251	206
13102	18	32	9	34	12	207
13103	18	32	10	35	12	209
13104	18	32	11	36	133	209
13105	18	32	12	37	132	209
13106	18	32	13	38	132	211
13107	18	32	14	39	230	212
13108	18	32	15	40	115	212
13109	18	32	16	41	137	213
13110	18	32	17	42	137	215
13111	18	32	18	43	200	215
13112	18	32	19	44	213	216
13113	18	32	20	45	192	217
13114	18	32	21	46	71	218
13115	18	32	22	47	96	219
13116	18	32	23	48	239	220
13117	18	32	24	49	255	220
13118	18	32	25	50	4	221
13119	18	32	26	51	4	223
13120	18	32	27	52	259	224
13121	18	33	0	0	93	211
13122	18	33	1	1	73	208
13123	18	33	2	4	152	205
13124	18	33	3	5	46	205
13125	18	33	4	6	231	205
13126	18	33	5	7	118	205
13127	18	33	6	30	96	205
13128	18	33	7	31	167	206
13129	18	33	8	32	24	207
13130	18	33	9	33	4	207
13131	18	33	10	34	259	208
13132	18	33	11	35	259	210
13133	18	33	12	36	131	210
13134	18	33	13	37	219	210
13135	18	33	14	38	219	212
13136	18	33	15	39	11	213
13137	18	33	16	40	137	213
13138	18	33	17	41	42	214
13139	18	33	18	42	42	216
13140	18	33	19	43	21	216
13141	18	33	20	44	192	217
13142	18	33	21	45	199	218
13143	18	33	22	46	64	219
13144	18	33	23	47	231	220
13145	18	33	24	48	8	221
13146	18	33	25	49	178	221
13147	18	33	26	50	174	222
13148	18	34	0	0	93	212
13149	18	34	1	1	73	209
13150	18	34	2	2	128	206
13151	18	34	3	8	183	205
13152	18	34	4	9	238	205
13153	18	34	5	10	48	205
13154	18	34	6	11	49	205
13155	18	34	7	28	44	205
13156	18	34	8	30	8	206
13157	18	34	9	31	255	207
13158	18	34	10	32	2	208
13159	18	34	11	33	88	208
13160	18	34	12	34	175	209
13161	18	34	13	35	175	211
13162	18	34	14	36	252	211
13163	18	34	15	37	84	211
13164	18	34	16	38	84	213
13165	18	34	17	39	242	214
13166	18	34	18	40	121	214
13167	18	34	19	41	135	215
13168	18	34	20	42	135	217
13169	18	34	21	43	199	217
13170	18	34	22	44	16	218
13171	18	34	23	45	170	219
13172	18	34	24	46	93	220
13173	18	34	25	47	85	221
13174	18	35	0	0	93	213
13175	18	35	1	1	73	210
13176	18	35	2	2	128	207
13177	18	35	3	12	39	205
13178	18	35	4	13	102	205
13179	18	35	5	14	201	205
13180	18	35	6	27	199	205
13181	18	35	7	29	92	205
13182	18	35	8	28	181	206
13183	18	35	9	30	85	207
13184	18	35	10	31	178	208
13185	18	35	11	32	87	209
13186	18	35	12	33	146	209
13187	18	35	13	34	117	210
13188	18	35	14	35	117	212
13189	18	35	15	36	179	212
13190	18	35	16	37	235	212
13191	18	35	17	38	235	214
13192	18	35	18	39	7	215
13193	18	35	19	40	135	215
13194	18	35	20	41	218	216
13195	18	35	21	42	218	218
13196	18	35	22	43	109	218
13197	18	35	23	44	170	219
13198	18	35	24	45	31	220
13199	18	36	0	0	93	214
13200	18	36	1	1	73	211
13201	18	36	2	2	128	208
13202	18	36	3	15	63	205
13203	18	36	4	16	4	205
13204	18	36	5	17	2	205
13205	18	36	6	18	217	205
13206	18	36	7	19	63	205
13207	18	36	8	27	170	206
13208	18	36	9	29	243	206
13209	18	36	10	28	148	207
13210	18	36	11	30	29	208
13211	18	36	12	31	234	209
13212	18	36	13	32	73	210
13213	18	36	14	33	56	210
13214	18	36	15	34	207	211
13215	18	36	16	35	207	213
13216	18	36	17	36	256	213
13217	18	36	18	37	173	213
13218	18	36	19	38	173	215
13219	18	36	20	39	154	216
13220	18	36	21	40	77	216
13221	18	36	22	41	62	217
13222	18	36	23	42	62	219
13223	18	37	0	0	93	215
13224	18	37	1	1	73	212
13225	18	37	2	2	128	209
13226	18	37	3	3	174	206
13227	18	37	4	20	85	205
13228	18	37	5	21	13	205
13229	18	37	6	24	218	205
13230	18	37	7	25	248	205
13231	18	37	8	26	31	205
13232	18	37	9	27	31	207
13233	18	37	10	29	211	207
13234	18	37	11	28	85	208
13235	18	37	12	30	78	209
13236	18	37	13	31	185	210
13237	18	37	14	32	151	211
13238	18	37	15	33	69	211
13239	18	37	16	34	194	212
13240	18	37	17	35	194	214
13241	18	37	18	36	90	214
13242	18	37	19	37	30	214
13243	18	37	20	38	30	216
13244	18	37	21	39	124	217
13245	18	37	22	40	62	217
13246	18	38	0	0	93	216
13247	18	38	1	1	73	213
13248	18	38	2	2	128	210
13249	18	38	3	3	174	207
13250	18	38	4	22	89	205
13251	18	38	5	23	10	205
13252	18	38	6	4	25	206
13253	18	38	7	5	29	206
13254	18	38	8	24	62	206
13255	18	38	9	25	196	206
13256	18	38	10	26	156	206
13257	18	38	11	27	156	208
13258	18	38	12	29	257	208
13259	18	38	13	28	94	209
13260	18	38	14	30	138	210
13261	18	38	15	31	125	211
13262	18	38	16	32	166	212
13263	18	38	17	33	203	212
13264	18	38	18	34	60	213
13265	18	38	19	35	60	215
13266	18	38	20	36	139	215
13267	18	38	21	37	134	215
13268	18	39	0	0	93	217
13269	18	39	1	1	73	214
13270	18	39	2	2	128	211
13271	18	39	3	3	174	208
13272	18	39	4	6	108	206
13273	18	39	5	7	20	206
13274	18	39	6	8	75	206
13275	18	39	7	9	156	206
13276	18	39	8	23	258	206
13277	18	39	9	24	67	207
13278	18	39	10	25	110	207
13279	18	39	11	26	211	207
13280	18	39	12	27	211	209
13281	18	39	13	29	140	209
13282	18	39	14	28	235	210
13283	18	39	15	30	217	211
13284	18	39	16	31	46	212
13285	18	39	17	32	120	213
13286	18	39	18	33	20	213
13287	18	39	19	34	243	214
13288	18	39	20	35	243	216
13289	18	40	0	0	93	218
13290	18	40	1	1	73	215
13291	18	40	2	2	128	212
13292	18	40	3	3	174	209
13293	18	40	4	10	241	206
13294	18	40	5	11	55	206
13295	18	40	6	12	121	206
13296	18	40	7	13	6	206
13297	18	40	8	15	155	206
13298	18	40	9	21	34	206
13299	18	40	10	23	153	207
13300	18	40	11	24	159	208
13301	18	40	12	25	53	208
13302	18	40	13	26	171	208
13303	18	40	14	27	171	210
13304	18	40	15	29	170	210
13305	18	40	16	28	164	211
13306	18	40	17	30	40	212
13307	18	40	18	31	223	213
13308	18	40	19	32	10	214
13309	18	41	0	0	93	219
13310	18	41	1	1	73	216
13311	18	41	2	2	128	213
13312	18	41	3	3	174	210
13313	18	41	4	4	179	207
13314	18	41	5	14	84	206
13315	18	41	6	16	114	206
13316	18	41	7	17	24	206
13317	18	41	8	20	91	206
13318	18	41	9	22	91	206
13319	18	41	10	21	53	207
13320	18	41	11	23	212	208
13321	18	41	12	24	210	209
13322	18	41	13	25	70	209
13323	18	41	14	26	206	209
13324	18	41	15	27	206	211
13325	18	41	16	29	71	211
13326	18	41	17	28	7	212
13327	18	41	18	30	162	213
13328	18	42	0	0	93	220
13329	18	42	1	1	73	217
13330	18	42	2	2	128	214
13331	18	42	3	3	174	211
13332	18	42	4	4	179	208
13333	18	42	5	18	30	206
13334	18	42	6	19	64	206
13335	18	42	7	5	179	207
13336	18	42	8	6	145	207
13337	18	42	9	7	13	207
13338	18	42	10	20	161	207
13339	18	42	11	22	125	207
13340	18	42	12	21	130	208
13341	18	42	13	23	193	209
13342	18	42	14	24	149	210
13343	18	42	15	25	225	210
13344	18	42	16	26	61	210
13345	18	42	17	27	61	212
13346	18	43	0	0	93	221
13347	18	43	1	1	73	218
13348	18	43	2	2	128	215
13349	18	43	3	3	174	212
13350	18	43	4	4	179	209
13351	18	43	5	8	223	207
13352	18	43	6	9	22	207
13353	18	43	7	10	34	207
13354	18	43	8	11	114	207
13355	18	43	9	18	80	207
13356	18	43	10	19	189	207
13357	18	43	11	20	34	208
13358	18	43	12	22	239	208
13359	18	43	13	21	10	209
13360	18	43	14	23	111	210
13361	18	43	15	24	38	211
13362	18	43	16	25	188	211
13363	18	44	0	0	93	222
13364	18	44	1	1	73	219
13365	18	44	2	2	128	216
13366	18	44	3	3	174	213
13367	18	44	4	4	179	210
13368	18	44	5	12	151	207
13369	18	44	6	13	258	207
13370	18	44	7	14	29	207
13371	18	44	8	15	191	207
13372	18	44	9	16	236	207
13373	18	44	10	17	68	207
13374	18	44	11	18	84	208
13375	18	44	12	19	67	208
13376	18	44	13	20	222	209
13377	18	44	14	22	262	209
13378	18	44	15	21	177	210
13379	18	45	0	0	93	223
13380	18	45	1	1	73	220
13381	18	45	2	2	128	217
13382	18	45	3	3	174	214
13383	18	45	4	4	179	211
13384	18	45	5	5	231	208
13385	18	45	6	6	165	208
13386	18	45	7	7	27	208
13387	18	45	8	8	128	208
13388	18	45	9	9	102	208
13389	18	45	10	10	102	208
13390	18	45	11	17	65	208
13391	18	45	12	18	249	209
13392	18	45	13	19	43	209
13393	18	45	14	20	189	210
13394	18	46	0	0	93	224
13395	18	46	1	1	73	221
13396	18	46	2	2	128	218
13397	18	46	3	3	174	215
13398	18	46	4	4	179	212
13399	18	46	5	5	231	209
13400	18	46	6	11	200	208
13401	18	46	7	12	103	208
13402	18	46	8	13	240	208
13403	18	46	9	14	249	208
13404	18	46	10	15	130	208
13405	18	46	11	16	27	208
13406	18	46	12	6	208	209
13407	18	46	13	17	115	209
13408	18	47	0	0	93	225
13409	18	47	1	1	73	222
13410	18	47	2	2	128	219
13411	18	47	3	3	174	216
13412	18	47	4	4	179	213
13413	18	47	5	5	231	210
13414	18	47	6	7	216	209
13415	18	47	7	8	27	209
13416	18	47	8	9	115	209
13417	18	47	9	10	225	209
13418	18	47	10	11	206	209
13419	18	47	11	12	208	209
13420	18	47	12	14	112	209
13421	18	48	0	0	93	226
13422	18	48	1	1	73	223
13423	18	48	2	2	128	220
13424	18	48	3	3	174	217
13425	18	48	4	4	179	214
13426	18	48	5	5	231	211
13427	18	48	6	15	194	209
13428	18	48	7	13	151	209
13429	18	48	8	16	203	209
13430	18	48	9	6	31	210
13431	18	48	10	7	161	210
13432	18	48	11	8	231	210
13433	18	49	0	0	93	227
13434	18	49	1	1	73	224
13435	18	49	2	2	128	221
13436	18	49	3	3	174	218
13437	18	49	4	4	179	215
13438	18	49	5	5	231	212
13439	18	49	6	9	12	210
13440	18	49	7	10	219	210
13441	18	49	8	12	163	210
13442	18	49	9	11	165	210
13443	18	49	10	13	239	210
13444	18	50	0	0	93	228
13445	18	50	1	1	73	225
13446	18	50	2	2	128	222
13447	18	50	3	3	174	219
13448	18	50	4	4	179	216
13449	18	50	5	5	231	213
13450	18	50	6	14	136	210
13451	18	50	7	15	114	210
13452	18	50	8	16	162	210
13453	18	50	9	17	57	210
13454	18	51	0	0	93	229
13455	18	51	1	1	73	226
13456	18	51	2	2	128	223
13457	18	51	3	3	174	220
13458	18	51	4	4	179	217
13459	18	51	5	5	231	214
13460	18	51	6	6	88	211
13461	18	51	7	18	11	210
13462	18	51	8	19	160	210
13463	18	52	0	0	93	230
13464	18	52	1	1	73	227
13465	18	52	2	2	128	224
13466	18	52	3	3	174	221
13467	18	52	4	4	179	218
13468	18	52	5	5	231	215
13469	18	52	6	6	88	212
13470	18	52	7	22	254	210
13471	18	53	0	0	93	231
13472	18	53	1	1	73	228
13473	18	53	2	2	128	225
13474	18	53	3	3	174	222
13475	18	53	4	4	179	219
13476	18	53	5	5	231	216
13477	18	53	6	6	88	213
13478	18	54	0	0	93	232
13479	18	54	1	1	73	229
13480	18	54	2	2	128	226
13481	18	54	3	3	174	223
13482	18	54	4	4	179	220
13483	18	54	5	5	231	217
13484	18	55	0	0	93	233
13485	18	55	1	1	73	230
13486	18	55	2	2	128	227
13487	18	55	3	3	174	224
13488	18	55	4	4	179	221
13489	18	56	0	0	93	234
13490	18	56	1	1	73	231
13491	18	56	2	2	128	228
13492	18	56	3	3	174	225
13493	18	57	0	0	93	235
13494	18	57	1	1	73	232
13495	18	57	2	2	128	229
13496	18	58	0	0	93	236
13497	18	58	1	1	73	233
13498	18	59	0	0	93	237
13499	19	0	0	7	136	211
13500	19	0	1	8	200	211
13501	19	0	2	9	17	211
13502	19	0	3	10	102	211
13503	19	0	4	11	48	211
13504	19	0	5	12	70	211
13505	19	0	6	13	152	211
13506	19	0	7	14	56	211
13507	19	0	8	15	42	211
13508	19	0	9	16	79	211
13509	19	0	10	17	249	211
13510	19	0	11	18	169	211
13511	19	0	12	19	83	211
13512	19	0	13	20	33	211
13513	19	0	14	21	49	211
13514	19	0	15	22	120	211
13515	19	0	16	23	30	211
13516	19	0	17	26	21	211
13517	19	0	18	24	94	212
13518	19	0	19	25	250	212
13519	19	0	20	29	199	212
13520	19	0	21	27	42	213
13521	19	0	22	28	94	213
13522	19	0	23	6	229	214
13523	19	0	24	30	174	214
13524	19	0	25	31	87	214
13525	19	0	26	33	222	214
13526	19	0	27	32	206	215
13527	19	0	28	34	19	215
13528	19	0	29	36	192	216
13529	19	0	30	37	143	216
13530	19	0	31	35	164	217
13531	19	0	32	38	147	217
13532	19	0	33	5	5	218
13533	19	0	34	39	74	218
13534	19	0	35	40	100	218
13535	19	0	36	41	25	218
13536	19	0	37	43	259	219
13537	19	0	38	42	226	220
13538	19	0	39	44	220	220
13539	19	0	40	45	208	221
13540	19	0	41	46	104	221
13541	19	0	42	4	221	222
13542	19	0	43	47	228	222
13543	19	0	44	48	256	222
13544	19	0	45	49	32	222
13545	19	0	46	50	77	223
13546	19	0	47	51	186	224
13547	19	0	48	53	107	224
13548	19	0	49	52	43	225
13549	19	0	50	54	222	225
13550	19	0	51	3	195	226
13551	19	0	52	55	113	226
13552	19	0	53	57	208	226
13553	19	0	54	58	110	226
13554	19	0	55	56	123	227
13555	19	0	56	59	196	228
13556	19	0	57	60	96	229
13557	19	0	58	61	150	229
13558	19	0	59	62	200	229
13559	19	0	60	2	203	230
13560	19	0	61	63	142	230
13561	19	0	62	64	199	230
13562	19	0	63	65	16	231
13563	19	0	64	66	161	231
13564	19	1	0	7	136	212
13565	19	1	1	8	200	212
13566	19	1	2	9	17	212
13567	19	1	3	10	102	212
13568	19	1	4	11	48	212
13569	19	1	5	12	70	212
13570	19	1	6	13	152	212
13571	19	1	7	14	56	212
13572	19	1	8	15	42	212
13573	19	1	9	16	79	212
13574	19	1	10	17	249	212
13575	19	1	11	18	169	212
13576	19	1	12	19	83	212
13577	19	1	13	20	33	212
13578	19	1	14	21	49	212
13579	19	1	15	22	120	212
13580	19	1	16	23	30	212
13581	19	1	17	26	21	212
13582	19	1	18	24	94	213
13583	19	1	19	25	250	213
13584	19	1	20	29	199	213
13585	19	1	21	27	42	214
13586	19	1	22	28	94	214
13587	19	1	23	6	229	215
13588	19	1	24	30	174	215
13589	19	1	25	31	87	215
13590	19	1	26	33	222	215
13591	19	1	27	32	206	216
13592	19	1	28	34	19	216
13593	19	1	29	36	192	217
13594	19	1	30	37	143	217
13595	19	1	31	35	164	218
13596	19	1	32	38	147	218
13597	19	1	33	5	5	219
13598	19	1	34	39	74	219
13599	19	1	35	40	100	219
13600	19	1	36	41	25	219
13601	19	1	37	43	259	220
13602	19	1	38	42	226	221
13603	19	1	39	44	220	221
13604	19	1	40	45	208	222
13605	19	1	41	46	104	222
13606	19	1	42	4	221	223
13607	19	1	43	47	228	223
13608	19	1	44	48	256	223
13609	19	1	45	49	32	223
13610	19	1	46	50	77	224
13611	19	1	47	51	186	225
13612	19	1	48	53	107	225
13613	19	1	49	52	43	226
13614	19	1	50	54	222	226
13615	19	1	51	3	195	227
13616	19	1	52	55	113	227
13617	19	1	53	57	208	227
13618	19	1	54	58	110	227
13619	19	1	55	56	123	228
13620	19	1	56	59	196	229
13621	19	1	57	60	96	230
13622	19	1	58	61	150	230
13623	19	1	59	62	200	230
13624	19	1	60	2	203	231
13625	19	1	61	63	142	231
13626	19	1	62	64	199	231
13627	19	1	63	65	16	232
13628	19	2	0	7	136	213
13629	19	2	1	8	200	213
13630	19	2	2	9	17	213
13631	19	2	3	10	102	213
13632	19	2	4	11	48	213
13633	19	2	5	12	70	213
13634	19	2	6	13	152	213
13635	19	2	7	14	56	213
13636	19	2	8	15	42	213
13637	19	2	9	16	79	213
13638	19	2	10	17	249	213
13639	19	2	11	18	169	213
13640	19	2	12	19	83	213
13641	19	2	13	20	33	213
13642	19	2	14	21	49	213
13643	19	2	15	22	120	213
13644	19	2	16	23	30	213
13645	19	2	17	26	21	213
13646	19	2	18	24	94	214
13647	19	2	19	25	250	214
13648	19	2	20	29	199	214
13649	19	2	21	27	42	215
13650	19	2	22	28	94	215
13651	19	2	23	6	229	216
13652	19	2	24	30	174	216
13653	19	2	25	31	87	216
13654	19	2	26	33	222	216
13655	19	2	27	32	206	217
13656	19	2	28	34	19	217
13657	19	2	29	36	192	218
13658	19	2	30	37	143	218
13659	19	2	31	35	164	219
13660	19	2	32	38	147	219
13661	19	2	33	5	5	220
13662	19	2	34	39	74	220
13663	19	2	35	40	100	220
13664	19	2	36	41	25	220
13665	19	2	37	43	259	221
13666	19	2	38	42	226	222
13667	19	2	39	44	220	222
13668	19	2	40	45	208	223
13669	19	2	41	46	104	223
13670	19	2	42	4	221	224
13671	19	2	43	47	228	224
13672	19	2	44	48	256	224
13673	19	2	45	49	32	224
13674	19	2	46	50	77	225
13675	19	2	47	51	186	226
13676	19	2	48	53	107	226
13677	19	2	49	52	43	227
13678	19	2	50	54	222	227
13679	19	2	51	3	195	228
13680	19	2	52	55	113	228
13681	19	2	53	57	208	228
13682	19	2	54	58	110	228
13683	19	2	55	56	123	229
13684	19	2	56	59	196	230
13685	19	2	57	60	96	231
13686	19	2	58	61	150	231
13687	19	2	59	62	200	231
13688	19	2	60	2	203	232
13689	19	2	61	63	142	232
13690	19	2	62	64	199	232
13691	19	3	0	7	136	214
13692	19	3	1	8	200	214
13693	19	3	2	9	17	214
13694	19	3	3	10	102	214
13695	19	3	4	11	48	214
13696	19	3	5	12	70	214
13697	19	3	6	13	152	214
13698	19	3	7	14	56	214
13699	19	3	8	15	42	214
13700	19	3	9	16	79	214
13701	19	3	10	17	249	214
13702	19	3	11	18	169	214
13703	19	3	12	19	83	214
13704	19	3	13	20	33	214
13705	19	3	14	21	49	214
13706	19	3	15	22	120	214
13707	19	3	16	23	30	214
13708	19	3	17	26	21	214
13709	19	3	18	24	94	215
13710	19	3	19	25	250	215
13711	19	3	20	29	199	215
13712	19	3	21	27	42	216
13713	19	3	22	28	94	216
13714	19	3	23	6	229	217
13715	19	3	24	30	174	217
13716	19	3	25	31	87	217
13717	19	3	26	33	222	217
13718	19	3	27	32	206	218
13719	19	3	28	34	19	218
13720	19	3	29	36	192	219
13721	19	3	30	37	143	219
13722	19	3	31	35	164	220
13723	19	3	32	38	147	220
13724	19	3	33	5	5	221
13725	19	3	34	39	74	221
13726	19	3	35	40	100	221
13727	19	3	36	41	25	221
13728	19	3	37	43	259	222
13729	19	3	38	42	226	223
13730	19	3	39	44	220	223
13731	19	3	40	45	208	224
13732	19	3	41	46	104	224
13733	19	3	42	4	221	225
13734	19	3	43	47	228	225
13735	19	3	44	48	256	225
13736	19	3	45	49	32	225
13737	19	3	46	50	77	226
13738	19	3	47	51	186	227
13739	19	3	48	53	107	227
13740	19	3	49	52	43	228
13741	19	3	50	54	222	228
13742	19	3	51	3	195	229
13743	19	3	52	55	113	229
13744	19	3	53	57	208	229
13745	19	3	54	58	110	229
13746	19	3	55	56	123	230
13747	19	3	56	59	196	231
13748	19	3	57	60	96	232
13749	19	3	58	61	150	232
13750	19	3	59	62	200	232
13751	19	3	60	66	200	232
13752	19	3	61	67	42	232
13753	19	4	0	7	136	215
13754	19	4	1	8	200	215
13755	19	4	2	9	17	215
13756	19	4	3	10	102	215
13757	19	4	4	11	48	215
13758	19	4	5	12	70	215
13759	19	4	6	13	152	215
13760	19	4	7	14	56	215
13761	19	4	8	15	42	215
13762	19	4	9	16	79	215
13763	19	4	10	17	249	215
13764	19	4	11	18	169	215
13765	19	4	12	19	83	215
13766	19	4	13	20	33	215
13767	19	4	14	21	49	215
13768	19	4	15	22	120	215
13769	19	4	16	23	30	215
13770	19	4	17	26	21	215
13771	19	4	18	24	94	216
13772	19	4	19	25	250	216
13773	19	4	20	29	199	216
13774	19	4	21	27	42	217
13775	19	4	22	28	94	217
13776	19	4	23	6	229	218
13777	19	4	24	30	174	218
13778	19	4	25	31	87	218
13779	19	4	26	33	222	218
13780	19	4	27	32	206	219
13781	19	4	28	34	19	219
13782	19	4	29	36	192	220
13783	19	4	30	37	143	220
13784	19	4	31	35	164	221
13785	19	4	32	38	147	221
13786	19	4	33	5	5	222
13787	19	4	34	39	74	222
13788	19	4	35	40	100	222
13789	19	4	36	41	25	222
13790	19	4	37	43	259	223
13791	19	4	38	42	226	224
13792	19	4	39	44	220	224
13793	19	4	40	45	208	225
13794	19	4	41	46	104	225
13795	19	4	42	4	221	226
13796	19	4	43	47	228	226
13797	19	4	44	48	256	226
13798	19	4	45	49	32	226
13799	19	4	46	50	77	227
13800	19	4	47	51	186	228
13801	19	4	48	53	107	228
13802	19	4	49	52	43	229
13803	19	4	50	54	222	229
13804	19	4	51	3	195	230
13805	19	4	52	55	113	230
13806	19	4	53	57	208	230
13807	19	4	54	58	110	230
13808	19	4	55	56	123	231
13809	19	4	56	59	196	232
13810	19	4	57	68	76	232
13811	19	4	58	2	17	233
13812	19	4	59	60	144	233
13813	19	4	60	61	32	233
13814	19	5	0	7	136	216
13815	19	5	1	8	200	216
13816	19	5	2	9	17	216
13817	19	5	3	10	102	216
13818	19	5	4	11	48	216
13819	19	5	5	12	70	216
13820	19	5	6	13	152	216
13821	19	5	7	14	56	216
13822	19	5	8	15	42	216
13823	19	5	9	16	79	216
13824	19	5	10	17	249	216
13825	19	5	11	18	169	216
13826	19	5	12	19	83	216
13827	19	5	13	20	33	216
13828	19	5	14	21	49	216
13829	19	5	15	22	120	216
13830	19	5	16	23	30	216
13831	19	5	17	26	21	216
13832	19	5	18	24	94	217
13833	19	5	19	25	250	217
13834	19	5	20	29	199	217
13835	19	5	21	27	42	218
13836	19	5	22	28	94	218
13837	19	5	23	6	229	219
13838	19	5	24	30	174	219
13839	19	5	25	31	87	219
13840	19	5	26	33	222	219
13841	19	5	27	32	206	220
13842	19	5	28	34	19	220
13843	19	5	29	36	192	221
13844	19	5	30	37	143	221
13845	19	5	31	35	164	222
13846	19	5	32	38	147	222
13847	19	5	33	5	5	223
13848	19	5	34	39	74	223
13849	19	5	35	40	100	223
13850	19	5	36	41	25	223
13851	19	5	37	43	259	224
13852	19	5	38	42	226	225
13853	19	5	39	44	220	225
13854	19	5	40	45	208	226
13855	19	5	41	46	104	226
13856	19	5	42	4	221	227
13857	19	5	43	47	228	227
13858	19	5	44	48	256	227
13859	19	5	45	49	32	227
13860	19	5	46	50	77	228
13861	19	5	47	51	186	229
13862	19	5	48	53	107	229
13863	19	5	49	52	43	230
13864	19	5	50	54	222	230
13865	19	5	51	3	195	231
13866	19	5	52	55	113	231
13867	19	5	53	57	208	231
13868	19	5	54	58	110	231
13869	19	5	55	56	123	232
13870	19	5	56	59	196	233
13871	19	5	57	62	81	233
13872	19	5	58	63	31	233
13873	19	5	59	64	82	233
13874	19	6	0	7	136	217
13875	19	6	1	8	200	217
13876	19	6	2	9	17	217
13877	19	6	3	10	102	217
13878	19	6	4	11	48	217
13879	19	6	5	12	70	217
13880	19	6	6	13	152	217
13881	19	6	7	14	56	217
13882	19	6	8	15	42	217
13883	19	6	9	16	79	217
13884	19	6	10	17	249	217
13885	19	6	11	18	169	217
13886	19	6	12	19	83	217
13887	19	6	13	20	33	217
13888	19	6	14	21	49	217
13889	19	6	15	22	120	217
13890	19	6	16	23	30	217
13891	19	6	17	26	21	217
13892	19	6	18	24	94	218
13893	19	6	19	25	250	218
13894	19	6	20	29	199	218
13895	19	6	21	27	42	219
13896	19	6	22	28	94	219
13897	19	6	23	6	229	220
13898	19	6	24	30	174	220
13899	19	6	25	31	87	220
13900	19	6	26	33	222	220
13901	19	6	27	32	206	221
13902	19	6	28	34	19	221
13903	19	6	29	36	192	222
13904	19	6	30	37	143	222
13905	19	6	31	35	164	223
13906	19	6	32	38	147	223
13907	19	6	33	5	5	224
13908	19	6	34	39	74	224
13909	19	6	35	40	100	224
13910	19	6	36	41	25	224
13911	19	6	37	43	259	225
13912	19	6	38	42	226	226
13913	19	6	39	44	220	226
13914	19	6	40	45	208	227
13915	19	6	41	46	104	227
13916	19	6	42	4	221	228
13917	19	6	43	47	228	228
13918	19	6	44	48	256	228
13919	19	6	45	49	32	228
13920	19	6	46	50	77	229
13921	19	6	47	51	186	230
13922	19	6	48	53	107	230
13923	19	6	49	52	43	231
13924	19	6	50	54	222	231
13925	19	6	51	3	195	232
13926	19	6	52	55	113	232
13927	19	6	53	57	208	232
13928	19	6	54	58	110	232
13929	19	6	55	56	123	233
13930	19	6	56	65	144	233
13931	19	6	57	66	106	233
13932	19	6	58	67	161	233
13933	19	7	0	7	136	218
13934	19	7	1	8	200	218
13935	19	7	2	9	17	218
13936	19	7	3	10	102	218
13937	19	7	4	11	48	218
13938	19	7	5	12	70	218
13939	19	7	6	13	152	218
13940	19	7	7	14	56	218
13941	19	7	8	15	42	218
13942	19	7	9	16	79	218
13943	19	7	10	17	249	218
13944	19	7	11	18	169	218
13945	19	7	12	19	83	218
13946	19	7	13	20	33	218
13947	19	7	14	21	49	218
13948	19	7	15	22	120	218
13949	19	7	16	23	30	218
13950	19	7	17	26	21	218
13951	19	7	18	24	94	219
13952	19	7	19	25	250	219
13953	19	7	20	29	199	219
13954	19	7	21	27	42	220
13955	19	7	22	28	94	220
13956	19	7	23	6	229	221
13957	19	7	24	30	174	221
13958	19	7	25	31	87	221
13959	19	7	26	33	222	221
13960	19	7	27	32	206	222
13961	19	7	28	34	19	222
13962	19	7	29	36	192	223
13963	19	7	30	37	143	223
13964	19	7	31	35	164	224
13965	19	7	32	38	147	224
13966	19	7	33	5	5	225
13967	19	7	34	39	74	225
13968	19	7	35	40	100	225
13969	19	7	36	41	25	225
13970	19	7	37	43	259	226
13971	19	7	38	42	226	227
13972	19	7	39	44	220	227
13973	19	7	40	45	208	228
13974	19	7	41	46	104	228
13975	19	7	42	4	221	229
13976	19	7	43	47	228	229
13977	19	7	44	48	256	229
13978	19	7	45	49	32	229
13979	19	7	46	50	77	230
13980	19	7	47	51	186	231
13981	19	7	48	53	107	231
13982	19	7	49	52	43	232
13983	19	7	50	54	222	232
13984	19	7	51	3	195	233
13985	19	7	52	55	113	233
13986	19	7	53	57	208	233
13987	19	7	54	58	110	233
13988	19	7	55	68	106	233
13989	19	7	56	69	151	233
13990	19	7	57	71	182	233
13991	19	8	0	7	136	219
13992	19	8	1	8	200	219
13993	19	8	2	9	17	219
13994	19	8	3	10	102	219
13995	19	8	4	11	48	219
13996	19	8	5	12	70	219
13997	19	8	6	13	152	219
13998	19	8	7	14	56	219
13999	19	8	8	15	42	219
14000	19	8	9	16	79	219
14001	19	8	10	17	249	219
14002	19	8	11	18	169	219
14003	19	8	12	19	83	219
14004	19	8	13	20	33	219
14005	19	8	14	21	49	219
14006	19	8	15	22	120	219
14007	19	8	16	23	30	219
14008	19	8	17	26	21	219
14009	19	8	18	24	94	220
14010	19	8	19	25	250	220
14011	19	8	20	29	199	220
14012	19	8	21	27	42	221
14013	19	8	22	28	94	221
14014	19	8	23	6	229	222
14015	19	8	24	30	174	222
14016	19	8	25	31	87	222
14017	19	8	26	33	222	222
14018	19	8	27	32	206	223
14019	19	8	28	34	19	223
14020	19	8	29	36	192	224
14021	19	8	30	37	143	224
14022	19	8	31	35	164	225
14023	19	8	32	38	147	225
14024	19	8	33	5	5	226
14025	19	8	34	39	74	226
14026	19	8	35	40	100	226
14027	19	8	36	41	25	226
14028	19	8	37	43	259	227
14029	19	8	38	42	226	228
14030	19	8	39	44	220	228
14031	19	8	40	45	208	229
14032	19	8	41	46	104	229
14033	19	8	42	4	221	230
14034	19	8	43	47	228	230
14035	19	8	44	48	256	230
14036	19	8	45	49	32	230
14037	19	8	46	50	77	231
14038	19	8	47	51	186	232
14039	19	8	48	53	107	232
14040	19	8	49	52	43	233
14041	19	8	50	54	222	233
14042	19	8	51	1	154	234
14043	19	8	52	2	18	234
14044	19	8	53	3	217	234
14045	19	8	54	55	163	234
14046	19	8	55	56	121	234
14047	19	8	56	57	62	234
14048	19	9	0	7	136	220
14049	19	9	1	8	200	220
14050	19	9	2	9	17	220
14051	19	9	3	10	102	220
14052	19	9	4	11	48	220
14053	19	9	5	12	70	220
14054	19	9	6	13	152	220
14055	19	9	7	14	56	220
14056	19	9	8	15	42	220
14057	19	9	9	16	79	220
14058	19	9	10	17	249	220
14059	19	9	11	18	169	220
14060	19	9	12	19	83	220
14061	19	9	13	20	33	220
14062	19	9	14	21	49	220
14063	19	9	15	22	120	220
14064	19	9	16	23	30	220
14065	19	9	17	26	21	220
14066	19	9	18	24	94	221
14067	19	9	19	25	250	221
14068	19	9	20	29	199	221
14069	19	9	21	27	42	222
14070	19	9	22	28	94	222
14071	19	9	23	6	229	223
14072	19	9	24	30	174	223
14073	19	9	25	31	87	223
14074	19	9	26	33	222	223
14075	19	9	27	32	206	224
14076	19	9	28	34	19	224
14077	19	9	29	36	192	225
14078	19	9	30	37	143	225
14079	19	9	31	35	164	226
14080	19	9	32	38	147	226
14081	19	9	33	5	5	227
14082	19	9	34	39	74	227
14083	19	9	35	40	100	227
14084	19	9	36	41	25	227
14085	19	9	37	43	259	228
14086	19	9	38	42	226	229
14087	19	9	39	44	220	229
14088	19	9	40	45	208	230
14089	19	9	41	46	104	230
14090	19	9	42	4	221	231
14091	19	9	43	47	228	231
14092	19	9	44	48	256	231
14093	19	9	45	49	32	231
14094	19	9	46	50	77	232
14095	19	9	47	51	186	233
14096	19	9	48	53	107	233
14097	19	9	49	52	43	234
14098	19	9	50	54	222	234
14099	19	9	51	58	41	234
14100	19	9	52	59	3	234
14101	19	9	53	60	82	234
14102	19	9	54	61	146	234
14103	19	9	55	62	223	234
14104	19	10	0	7	136	221
14105	19	10	1	8	200	221
14106	19	10	2	9	17	221
14107	19	10	3	10	102	221
14108	19	10	4	11	48	221
14109	19	10	5	12	70	221
14110	19	10	6	13	152	221
14111	19	10	7	14	56	221
14112	19	10	8	15	42	221
14113	19	10	9	16	79	221
14114	19	10	10	17	249	221
14115	19	10	11	18	169	221
14116	19	10	12	19	83	221
14117	19	10	13	20	33	221
14118	19	10	14	21	49	221
14119	19	10	15	22	120	221
14120	19	10	16	23	30	221
14121	19	10	17	26	21	221
14122	19	10	18	24	94	222
14123	19	10	19	25	250	222
14124	19	10	20	29	199	222
14125	19	10	21	27	42	223
14126	19	10	22	28	94	223
14127	19	10	23	6	229	224
14128	19	10	24	30	174	224
14129	19	10	25	31	87	224
14130	19	10	26	33	222	224
14131	19	10	27	32	206	225
14132	19	10	28	34	19	225
14133	19	10	29	36	192	226
14134	19	10	30	37	143	226
14135	19	10	31	35	164	227
14136	19	10	32	38	147	227
14137	19	10	33	5	5	228
14138	19	10	34	39	74	228
14139	19	10	35	40	100	228
14140	19	10	36	41	25	228
14141	19	10	37	43	259	229
14142	19	10	38	42	226	230
14143	19	10	39	44	220	230
14144	19	10	40	45	208	231
14145	19	10	41	46	104	231
14146	19	10	42	4	221	232
14147	19	10	43	47	228	232
14148	19	10	44	48	256	232
14149	19	10	45	49	32	232
14150	19	10	46	50	77	233
14151	19	10	47	51	186	234
14152	19	10	48	53	107	234
14153	19	10	49	63	20	234
14154	19	10	50	64	124	234
14155	19	10	51	65	127	234
14156	19	10	52	66	227	234
14157	19	10	53	67	100	234
14158	19	10	54	68	65	234
14159	19	11	0	7	136	222
14160	19	11	1	8	200	222
14161	19	11	2	9	17	222
14162	19	11	3	10	102	222
14163	19	11	4	11	48	222
14164	19	11	5	12	70	222
14165	19	11	6	13	152	222
14166	19	11	7	14	56	222
14167	19	11	8	15	42	222
14168	19	11	9	16	79	222
14169	19	11	10	17	249	222
14170	19	11	11	18	169	222
14171	19	11	12	19	83	222
14172	19	11	13	20	33	222
14173	19	11	14	21	49	222
14174	19	11	15	22	120	222
14175	19	11	16	23	30	222
14176	19	11	17	26	21	222
14177	19	11	18	24	94	223
14178	19	11	19	25	250	223
14179	19	11	20	29	199	223
14180	19	11	21	27	42	224
14181	19	11	22	28	94	224
14182	19	11	23	6	229	225
14183	19	11	24	30	174	225
14184	19	11	25	31	87	225
14185	19	11	26	33	222	225
14186	19	11	27	32	206	226
14187	19	11	28	34	19	226
14188	19	11	29	36	192	227
14189	19	11	30	37	143	227
14190	19	11	31	35	164	228
14191	19	11	32	38	147	228
14192	19	11	33	5	5	229
14193	19	11	34	39	74	229
14194	19	11	35	40	100	229
14195	19	11	36	41	25	229
14196	19	11	37	43	259	230
14197	19	11	38	42	226	231
14198	19	11	39	44	220	231
14199	19	11	40	45	208	232
14200	19	11	41	46	104	232
14201	19	11	42	4	221	233
14202	19	11	43	47	228	233
14203	19	11	44	48	256	233
14204	19	11	45	49	32	233
14205	19	11	46	50	77	234
14206	19	11	47	69	54	234
14207	19	11	48	70	4	234
14208	19	11	49	71	178	234
14209	19	11	50	73	162	234
14210	19	11	51	1	242	235
14211	19	11	52	2	7	235
14212	19	11	53	3	123	235
14213	19	12	0	7	136	223
14214	19	12	1	8	200	223
14215	19	12	2	9	17	223
14216	19	12	3	10	102	223
14217	19	12	4	11	48	223
14218	19	12	5	12	70	223
14219	19	12	6	13	152	223
14220	19	12	7	14	56	223
14221	19	12	8	15	42	223
14222	19	12	9	16	79	223
14223	19	12	10	17	249	223
14224	19	12	11	18	169	223
14225	19	12	12	19	83	223
14226	19	12	13	20	33	223
14227	19	12	14	21	49	223
14228	19	12	15	22	120	223
14229	19	12	16	23	30	223
14230	19	12	17	26	21	223
14231	19	12	18	24	94	224
14232	19	12	19	25	250	224
14233	19	12	20	29	199	224
14234	19	12	21	27	42	225
14235	19	12	22	28	94	225
14236	19	12	23	6	229	226
14237	19	12	24	30	174	226
14238	19	12	25	31	87	226
14239	19	12	26	33	222	226
14240	19	12	27	32	206	227
14241	19	12	28	34	19	227
14242	19	12	29	36	192	228
14243	19	12	30	37	143	228
14244	19	12	31	35	164	229
14245	19	12	32	38	147	229
14246	19	12	33	5	5	230
14247	19	12	34	39	74	230
14248	19	12	35	40	100	230
14249	19	12	36	41	25	230
14250	19	12	37	43	259	231
14251	19	12	38	42	226	232
14252	19	12	39	44	220	232
14253	19	12	40	45	208	233
14254	19	12	41	46	104	233
14255	19	12	42	4	221	234
14256	19	12	43	47	228	234
14257	19	12	44	48	256	234
14258	19	12	45	49	32	234
14259	19	12	46	50	77	235
14260	19	12	47	51	110	235
14261	19	12	48	52	17	235
14262	19	12	49	53	187	235
14263	19	12	50	54	20	235
14264	19	12	51	55	231	235
14265	19	12	52	57	113	235
14266	19	13	0	7	136	224
14267	19	13	1	8	200	224
14268	19	13	2	9	17	224
14269	19	13	3	10	102	224
14270	19	13	4	11	48	224
14271	19	13	5	12	70	224
14272	19	13	6	13	152	224
14273	19	13	7	14	56	224
14274	19	13	8	15	42	224
14275	19	13	9	16	79	224
14276	19	13	10	17	249	224
14277	19	13	11	18	169	224
14278	19	13	12	19	83	224
14279	19	13	13	20	33	224
14280	19	13	14	21	49	224
14281	19	13	15	22	120	224
14282	19	13	16	23	30	224
14283	19	13	17	26	21	224
14284	19	13	18	24	94	225
14285	19	13	19	25	250	225
14286	19	13	20	29	199	225
14287	19	13	21	27	42	226
14288	19	13	22	28	94	226
14289	19	13	23	6	229	227
14290	19	13	24	30	174	227
14291	19	13	25	31	87	227
14292	19	13	26	33	222	227
14293	19	13	27	32	206	228
14294	19	13	28	34	19	228
14295	19	13	29	36	192	229
14296	19	13	30	37	143	229
14297	19	13	31	35	164	230
14298	19	13	32	38	147	230
14299	19	13	33	5	5	231
14300	19	13	34	39	74	231
14301	19	13	35	40	100	231
14302	19	13	36	41	25	231
14303	19	13	37	43	259	232
14304	19	13	38	42	226	233
14305	19	13	39	44	220	233
14306	19	13	40	45	208	234
14307	19	13	41	46	104	234
14308	19	13	42	4	221	235
14309	19	13	43	47	228	235
14310	19	13	44	48	256	235
14311	19	13	45	49	32	235
14312	19	13	46	56	103	235
14313	19	13	47	58	81	235
14314	19	13	48	59	92	235
14315	19	13	49	60	27	235
14316	19	13	50	61	159	235
14317	19	13	51	62	186	235
14318	19	14	0	7	136	225
14319	19	14	1	8	200	225
14320	19	14	2	9	17	225
14321	19	14	3	10	102	225
14322	19	14	4	11	48	225
14323	19	14	5	12	70	225
14324	19	14	6	13	152	225
14325	19	14	7	14	56	225
14326	19	14	8	15	42	225
14327	19	14	9	16	79	225
14328	19	14	10	17	249	225
14329	19	14	11	18	169	225
14330	19	14	12	19	83	225
14331	19	14	13	20	33	225
14332	19	14	14	21	49	225
14333	19	14	15	22	120	225
14334	19	14	16	23	30	225
14335	19	14	17	26	21	225
14336	19	14	18	24	94	226
14337	19	14	19	25	250	226
14338	19	14	20	29	199	226
14339	19	14	21	27	42	227
14340	19	14	22	28	94	227
14341	19	14	23	6	229	228
14342	19	14	24	30	174	228
14343	19	14	25	31	87	228
14344	19	14	26	33	222	228
14345	19	14	27	32	206	229
14346	19	14	28	34	19	229
14347	19	14	29	36	192	230
14348	19	14	30	37	143	230
14349	19	14	31	35	164	231
14350	19	14	32	38	147	231
14351	19	14	33	5	5	232
14352	19	14	34	39	74	232
14353	19	14	35	40	100	232
14354	19	14	36	41	25	232
14355	19	14	37	43	259	233
14356	19	14	38	42	226	234
14357	19	14	39	44	220	234
14358	19	14	40	45	208	235
14359	19	14	41	46	104	235
14360	19	14	42	63	188	235
14361	19	14	43	64	223	235
14362	19	14	44	65	111	235
14363	19	14	45	66	81	235
14364	19	14	46	67	109	235
14365	19	14	47	68	124	235
14366	19	14	48	69	39	235
14367	19	14	49	70	221	235
14368	19	14	50	71	224	235
14369	19	15	0	7	136	226
14370	19	15	1	8	200	226
14371	19	15	2	9	17	226
14372	19	15	3	10	102	226
14373	19	15	4	11	48	226
14374	19	15	5	12	70	226
14375	19	15	6	13	152	226
14376	19	15	7	14	56	226
14377	19	15	8	15	42	226
14378	19	15	9	16	79	226
14379	19	15	10	17	249	226
14380	19	15	11	18	169	226
14381	19	15	12	19	83	226
14382	19	15	13	20	33	226
14383	19	15	14	21	49	226
14384	19	15	15	22	120	226
14385	19	15	16	23	30	226
14386	19	15	17	26	21	226
14387	19	15	18	24	94	227
14388	19	15	19	25	250	227
14389	19	15	20	29	199	227
14390	19	15	21	27	42	228
14391	19	15	22	28	94	228
14392	19	15	23	6	229	229
14393	19	15	24	30	174	229
14394	19	15	25	31	87	229
14395	19	15	26	33	222	229
14396	19	15	27	32	206	230
14397	19	15	28	34	19	230
14398	19	15	29	36	192	231
14399	19	15	30	37	143	231
14400	19	15	31	35	164	232
14401	19	15	32	38	147	232
14402	19	15	33	5	5	233
14403	19	15	34	39	74	233
14404	19	15	35	40	100	233
14405	19	15	36	41	25	233
14406	19	15	37	43	259	234
14407	19	15	38	42	226	235
14408	19	15	39	44	220	235
14409	19	15	40	72	231	235
14410	19	15	41	73	35	235
14411	19	15	42	1	201	236
14412	19	15	43	2	233	236
14413	19	15	44	3	11	236
14414	19	15	45	4	11	236
14415	19	15	46	45	221	236
14416	19	15	47	46	140	236
14417	19	15	48	47	151	236
14418	19	15	49	48	197	236
14419	19	16	0	7	136	227
14420	19	16	1	8	200	227
14421	19	16	2	9	17	227
14422	19	16	3	10	102	227
14423	19	16	4	11	48	227
14424	19	16	5	12	70	227
14425	19	16	6	13	152	227
14426	19	16	7	14	56	227
14427	19	16	8	15	42	227
14428	19	16	9	16	79	227
14429	19	16	10	17	249	227
14430	19	16	11	18	169	227
14431	19	16	12	19	83	227
14432	19	16	13	20	33	227
14433	19	16	14	21	49	227
14434	19	16	15	22	120	227
14435	19	16	16	23	30	227
14436	19	16	17	26	21	227
14437	19	16	18	24	94	228
14438	19	16	19	25	250	228
14439	19	16	20	29	199	228
14440	19	16	21	27	42	229
14441	19	16	22	28	94	229
14442	19	16	23	6	229	230
14443	19	16	24	30	174	230
14444	19	16	25	31	87	230
14445	19	16	26	33	222	230
14446	19	16	27	32	206	231
14447	19	16	28	34	19	231
14448	19	16	29	36	192	232
14449	19	16	30	37	143	232
14450	19	16	31	35	164	233
14451	19	16	32	38	147	233
14452	19	16	33	5	5	234
14453	19	16	34	39	74	234
14454	19	16	35	40	100	234
14455	19	16	36	41	25	234
14456	19	16	37	43	259	235
14457	19	16	38	42	226	236
14458	19	16	39	44	220	236
14459	19	16	40	49	141	236
14460	19	16	41	50	132	236
14461	19	16	42	51	3	236
14462	19	16	43	52	60	236
14463	19	16	44	53	22	236
14464	19	16	45	54	147	236
14465	19	16	46	55	238	236
14466	19	16	47	56	75	236
14467	19	16	48	57	240	236
14468	19	17	0	7	136	228
14469	19	17	1	8	200	228
14470	19	17	2	9	17	228
14471	19	17	3	10	102	228
14472	19	17	4	11	48	228
14473	19	17	5	12	70	228
14474	19	17	6	13	152	228
14475	19	17	7	14	56	228
14476	19	17	8	15	42	228
14477	19	17	9	16	79	228
14478	19	17	10	17	249	228
14479	19	17	11	18	169	228
14480	19	17	12	19	83	228
14481	19	17	13	20	33	228
14482	19	17	14	21	49	228
14483	19	17	15	22	120	228
14484	19	17	16	23	30	228
14485	19	17	17	26	21	228
14486	19	17	18	24	94	229
14487	19	17	19	25	250	229
14488	19	17	20	29	199	229
14489	19	17	21	27	42	230
14490	19	17	22	28	94	230
14491	19	17	23	6	229	231
14492	19	17	24	30	174	231
14493	19	17	25	31	87	231
14494	19	17	26	33	222	231
14495	19	17	27	32	206	232
14496	19	17	28	34	19	232
14497	19	17	29	36	192	233
14498	19	17	30	37	143	233
14499	19	17	31	35	164	234
14500	19	17	32	38	147	234
14501	19	17	33	5	5	235
14502	19	17	34	39	74	235
14503	19	17	35	40	100	235
14504	19	17	36	41	25	235
14505	19	17	37	43	259	236
14506	19	17	38	58	102	236
14507	19	17	39	59	106	236
14508	19	17	40	60	31	236
14509	19	17	41	61	221	236
14510	19	17	42	62	88	236
14511	19	17	43	63	58	236
14512	19	17	44	64	191	236
14513	19	17	45	65	24	236
14514	19	17	46	66	183	236
14515	19	17	47	67	194	236
14516	19	18	0	7	136	229
14517	19	18	1	8	200	229
14518	19	18	2	9	17	229
14519	19	18	3	10	102	229
14520	19	18	4	11	48	229
14521	19	18	5	12	70	229
14522	19	18	6	13	152	229
14523	19	18	7	14	56	229
14524	19	18	8	15	42	229
14525	19	18	9	16	79	229
14526	19	18	10	17	249	229
14527	19	18	11	18	169	229
14528	19	18	12	19	83	229
14529	19	18	13	20	33	229
14530	19	18	14	21	49	229
14531	19	18	15	22	120	229
14532	19	18	16	23	30	229
14533	19	18	17	26	21	229
14534	19	18	18	24	94	230
14535	19	18	19	25	250	230
14536	19	18	20	29	199	230
14537	19	18	21	27	42	231
14538	19	18	22	28	94	231
14539	19	18	23	6	229	232
14540	19	18	24	30	174	232
14541	19	18	25	31	87	232
14542	19	18	26	33	222	232
14543	19	18	27	32	206	233
14544	19	18	28	34	19	233
14545	19	18	29	36	192	234
14546	19	18	30	37	143	234
14547	19	18	31	35	164	235
14548	19	18	32	38	147	235
14549	19	18	33	5	5	236
14550	19	18	34	39	74	236
14551	19	18	35	40	100	236
14552	19	18	36	41	25	236
14553	19	18	37	68	91	236
14554	19	18	38	69	105	236
14555	19	18	39	70	42	236
14556	19	18	40	71	97	236
14557	19	18	41	72	127	236
14558	19	18	42	73	258	236
14559	19	18	43	74	69	236
14560	19	18	44	75	27	236
14561	19	18	45	76	196	236
14562	19	18	46	1	227	237
14563	19	19	0	7	136	230
14564	19	19	1	8	200	230
14565	19	19	2	9	17	230
14566	19	19	3	10	102	230
14567	19	19	4	11	48	230
14568	19	19	5	12	70	230
14569	19	19	6	13	152	230
14570	19	19	7	14	56	230
14571	19	19	8	15	42	230
14572	19	19	9	16	79	230
14573	19	19	10	17	249	230
14574	19	19	11	18	169	230
14575	19	19	12	19	83	230
14576	19	19	13	20	33	230
14577	19	19	14	21	49	230
14578	19	19	15	22	120	230
14579	19	19	16	23	30	230
14580	19	19	17	26	21	230
14581	19	19	18	24	94	231
14582	19	19	19	25	250	231
14583	19	19	20	29	199	231
14584	19	19	21	27	42	232
14585	19	19	22	28	94	232
14586	19	19	23	6	229	233
14587	19	19	24	30	174	233
14588	19	19	25	31	87	233
14589	19	19	26	33	222	233
14590	19	19	27	32	206	234
14591	19	19	28	34	19	234
14592	19	19	29	36	192	235
14593	19	19	30	37	143	235
14594	19	19	31	35	164	236
14595	19	19	32	38	147	236
14596	19	19	33	2	189	237
14597	19	19	34	3	39	237
14598	19	19	35	4	158	237
14599	19	19	36	5	151	237
14600	19	19	37	39	196	237
14601	19	19	38	40	154	237
14602	19	19	39	41	61	237
14603	19	19	40	42	77	237
14604	19	19	41	43	5	237
14605	19	19	42	44	73	237
14606	19	19	43	45	136	237
14607	19	19	44	46	6	237
14608	19	19	45	47	173	237
14609	19	20	0	7	136	231
14610	19	20	1	8	200	231
14611	19	20	2	9	17	231
14612	19	20	3	10	102	231
14613	19	20	4	11	48	231
14614	19	20	5	12	70	231
14615	19	20	6	13	152	231
14616	19	20	7	14	56	231
14617	19	20	8	15	42	231
14618	19	20	9	16	79	231
14619	19	20	10	17	249	231
14620	19	20	11	18	169	231
14621	19	20	12	19	83	231
14622	19	20	13	20	33	231
14623	19	20	14	21	49	231
14624	19	20	15	22	120	231
14625	19	20	16	23	30	231
14626	19	20	17	26	21	231
14627	19	20	18	24	94	232
14628	19	20	19	25	250	232
14629	19	20	20	29	199	232
14630	19	20	21	27	42	233
14631	19	20	22	28	94	233
14632	19	20	23	6	229	234
14633	19	20	24	30	174	234
14634	19	20	25	31	87	234
14635	19	20	26	33	222	234
14636	19	20	27	32	206	235
14637	19	20	28	34	19	235
14638	19	20	29	36	192	236
14639	19	20	30	37	143	236
14640	19	20	31	35	164	237
14641	19	20	32	38	147	237
14642	19	20	33	48	86	237
14643	19	20	34	49	156	237
14644	19	20	35	50	26	237
14645	19	20	36	51	136	237
14646	19	20	37	52	141	237
14647	19	20	38	53	76	237
14648	19	20	39	54	2	237
14649	19	20	40	55	247	237
14650	19	20	41	56	241	237
14651	19	20	42	57	134	237
14652	19	20	43	58	238	237
14653	19	20	44	59	108	237
14654	19	21	0	7	136	232
14655	19	21	1	8	200	232
14656	19	21	2	9	17	232
14657	19	21	3	10	102	232
14658	19	21	4	11	48	232
14659	19	21	5	12	70	232
14660	19	21	6	13	152	232
14661	19	21	7	14	56	232
14662	19	21	8	15	42	232
14663	19	21	9	16	79	232
14664	19	21	10	17	249	232
14665	19	21	11	18	169	232
14666	19	21	12	19	83	232
14667	19	21	13	20	33	232
14668	19	21	14	21	49	232
14669	19	21	15	22	120	232
14670	19	21	16	23	30	232
14671	19	21	17	26	21	232
14672	19	21	18	24	94	233
14673	19	21	19	25	250	233
14674	19	21	20	29	199	233
14675	19	21	21	27	42	234
14676	19	21	22	28	94	234
14677	19	21	23	6	229	235
14678	19	21	24	30	174	235
14679	19	21	25	31	87	235
14680	19	21	26	33	222	235
14681	19	21	27	32	206	236
14682	19	21	28	34	19	236
14683	19	21	29	36	192	237
14684	19	21	30	37	143	237
14685	19	21	31	60	156	237
14686	19	21	32	61	71	237
14687	19	21	33	62	262	237
14688	19	21	34	63	200	237
14689	19	21	35	64	233	237
14690	19	21	36	65	46	237
14691	19	21	37	66	85	237
14692	19	21	38	67	73	237
14693	19	21	39	68	33	237
14694	19	21	40	69	8	237
14695	19	21	41	70	156	237
14696	19	21	42	71	157	237
14697	19	21	43	72	5	237
14698	19	22	0	7	136	233
14699	19	22	1	8	200	233
14700	19	22	2	9	17	233
14701	19	22	3	10	102	233
14702	19	22	4	11	48	233
14703	19	22	5	12	70	233
14704	19	22	6	13	152	233
14705	19	22	7	14	56	233
14706	19	22	8	15	42	233
14707	19	22	9	16	79	233
14708	19	22	10	17	249	233
14709	19	22	11	18	169	233
14710	19	22	12	19	83	233
14711	19	22	13	20	33	233
14712	19	22	14	21	49	233
14713	19	22	15	22	120	233
14714	19	22	16	23	30	233
14715	19	22	17	26	21	233
14716	19	22	18	24	94	234
14717	19	22	19	25	250	234
14718	19	22	20	29	199	234
14719	19	22	21	27	42	235
14720	19	22	22	28	94	235
14721	19	22	23	6	229	236
14722	19	22	24	30	174	236
14723	19	22	25	31	87	236
14724	19	22	26	33	222	236
14725	19	22	27	32	206	237
14726	19	22	28	34	19	237
14727	19	22	29	73	165	237
14728	19	22	30	74	245	237
14729	19	22	31	75	67	237
14730	19	22	32	76	2	237
14731	19	22	33	77	8	237
14732	19	22	34	78	218	237
14733	19	22	35	0	187	238
14734	19	22	36	1	155	238
14735	19	22	37	2	154	238
14736	19	22	38	3	258	238
14737	19	22	39	4	260	238
14738	19	22	40	5	166	238
14739	19	22	41	35	176	238
14740	19	22	42	36	88	238
14741	19	23	0	7	136	234
14742	19	23	1	8	200	234
14743	19	23	2	9	17	234
14744	19	23	3	10	102	234
14745	19	23	4	11	48	234
14746	19	23	5	12	70	234
14747	19	23	6	13	152	234
14748	19	23	7	14	56	234
14749	19	23	8	15	42	234
14750	19	23	9	16	79	234
14751	19	23	10	17	249	234
14752	19	23	11	18	169	234
14753	19	23	12	19	83	234
14754	19	23	13	20	33	234
14755	19	23	14	21	49	234
14756	19	23	15	22	120	234
14757	19	23	16	23	30	234
14758	19	23	17	26	21	234
14759	19	23	18	24	94	235
14760	19	23	19	25	250	235
14761	19	23	20	29	199	235
14762	19	23	21	27	42	236
14763	19	23	22	28	94	236
14764	19	23	23	6	229	237
14765	19	23	24	30	174	237
14766	19	23	25	31	87	237
14767	19	23	26	33	222	237
14768	19	23	27	32	206	238
14769	19	23	28	34	19	238
14770	19	23	29	37	121	238
14771	19	23	30	38	79	238
14772	19	23	31	39	26	238
14773	19	23	32	40	20	238
14774	19	23	33	41	160	238
14775	19	23	34	42	137	238
14776	19	23	35	43	132	238
14777	19	23	36	44	57	238
14778	19	23	37	45	3	238
14779	19	23	38	46	110	238
14780	19	23	39	47	79	238
14781	19	23	40	48	228	238
14782	19	23	41	49	171	238
14783	19	24	0	7	136	235
14784	19	24	1	8	200	235
14785	19	24	2	9	17	235
14786	19	24	3	10	102	235
14787	19	24	4	11	48	235
14788	19	24	5	12	70	235
14789	19	24	6	13	152	235
14790	19	24	7	14	56	235
14791	19	24	8	15	42	235
14792	19	24	9	16	79	235
14793	19	24	10	17	249	235
14794	19	24	11	18	169	235
14795	19	24	12	19	83	235
14796	19	24	13	20	33	235
14797	19	24	14	21	49	235
14798	19	24	15	22	120	235
14799	19	24	16	23	30	235
14800	19	24	17	26	21	235
14801	19	24	18	24	94	236
14802	19	24	19	25	250	236
14803	19	24	20	29	199	236
14804	19	24	21	27	42	237
14805	19	24	22	28	94	237
14806	19	24	23	6	229	238
14807	19	24	24	30	174	238
14808	19	24	25	31	87	238
14809	19	24	26	33	222	238
14810	19	24	27	50	57	238
14811	19	24	28	51	64	238
14812	19	24	29	52	237	238
14813	19	24	30	53	189	238
14814	19	24	31	54	147	238
14815	19	24	32	55	149	238
14816	19	24	33	56	159	238
14817	19	24	34	57	93	238
14818	19	24	35	58	121	238
14819	19	24	36	59	99	238
14820	19	24	37	60	221	238
14821	19	24	38	61	43	238
14822	19	24	39	62	196	238
14823	19	24	40	63	112	238
14824	19	25	0	7	136	236
14825	19	25	1	8	200	236
14826	19	25	2	9	17	236
14827	19	25	3	10	102	236
14828	19	25	4	11	48	236
14829	19	25	5	12	70	236
14830	19	25	6	13	152	236
14831	19	25	7	14	56	236
14832	19	25	8	15	42	236
14833	19	25	9	16	79	236
14834	19	25	10	17	249	236
14835	19	25	11	18	169	236
14836	19	25	12	19	83	236
14837	19	25	13	20	33	236
14838	19	25	14	21	49	236
14839	19	25	15	22	120	236
14840	19	25	16	23	30	236
14841	19	25	17	26	21	236
14842	19	25	18	24	94	237
14843	19	25	19	25	250	237
14844	19	25	20	29	199	237
14845	19	25	21	27	42	238
14846	19	25	22	28	94	238
14847	19	25	23	64	213	238
14848	19	25	24	65	140	238
14849	19	25	25	66	211	238
14850	19	25	26	67	199	238
14851	19	25	27	68	146	238
14852	19	25	28	69	193	238
14853	19	25	29	70	100	238
14854	19	25	30	71	203	238
14855	19	25	31	72	109	238
14856	19	25	32	73	85	238
14857	19	25	33	74	258	238
14858	19	25	34	75	106	238
14859	19	25	35	76	206	238
14860	19	25	36	77	93	238
14861	19	25	37	78	209	238
14862	19	25	38	79	152	238
14863	19	25	39	0	178	239
14864	19	26	0	7	136	237
14865	19	26	1	8	200	237
14866	19	26	2	9	17	237
14867	19	26	3	10	102	237
14868	19	26	4	11	48	237
14869	19	26	5	12	70	237
14870	19	26	6	13	152	237
14871	19	26	7	14	56	237
14872	19	26	8	15	42	237
14873	19	26	9	16	79	237
14874	19	26	10	17	249	237
14875	19	26	11	18	169	237
14876	19	26	12	19	83	237
14877	19	26	13	20	33	237
14878	19	26	14	21	49	237
14879	19	26	15	22	120	237
14880	19	26	16	23	30	237
14881	19	26	17	26	21	237
14882	19	26	18	24	94	238
14883	19	26	19	25	250	238
14884	19	26	20	29	199	238
14885	19	26	21	1	258	239
14886	19	26	22	2	190	239
14887	19	26	23	3	58	239
14888	19	26	24	4	175	239
14889	19	26	25	5	34	239
14890	19	26	26	6	8	239
14891	19	26	27	27	25	239
14892	19	26	28	28	252	239
14893	19	26	29	30	203	239
14894	19	26	30	31	166	239
14895	19	26	31	32	56	239
14896	19	26	32	33	4	239
14897	19	26	33	34	65	239
14898	19	26	34	35	15	239
14899	19	26	35	36	156	239
14900	19	26	36	37	169	239
14901	19	26	37	38	169	239
14902	19	26	38	39	245	239
14903	19	27	0	7	136	238
14904	19	27	1	8	200	238
14905	19	27	2	9	17	238
14906	19	27	3	10	102	238
14907	19	27	4	11	48	238
14908	19	27	5	12	70	238
14909	19	27	6	13	152	238
14910	19	27	7	14	56	238
14911	19	27	8	15	42	238
14912	19	27	9	16	79	238
14913	19	27	10	17	249	238
14914	19	27	11	18	169	238
14915	19	27	12	19	83	238
14916	19	27	13	20	33	238
14917	19	27	14	21	49	238
14918	19	27	15	22	120	238
14919	19	27	16	23	30	238
14920	19	27	17	26	21	238
14921	19	27	18	24	94	239
14922	19	27	19	25	250	239
14923	19	27	20	29	199	239
14924	19	27	21	40	234	239
14925	19	27	22	41	259	239
14926	19	27	23	42	18	239
14927	19	27	24	43	70	239
14928	19	27	25	44	256	239
14929	19	27	26	45	133	239
14930	19	27	27	46	45	239
14931	19	27	28	47	232	239
14932	19	27	29	48	55	239
14933	19	27	30	49	102	239
14934	19	27	31	50	125	239
14935	19	27	32	51	14	239
14936	19	27	33	52	233	239
14937	19	27	34	53	26	239
14938	19	27	35	54	117	239
14939	19	27	36	55	5	239
14940	19	27	37	56	253	239
14941	19	28	0	7	136	239
14942	19	28	1	8	200	239
14943	19	28	2	9	17	239
14944	19	28	3	10	102	239
14945	19	28	4	11	48	239
14946	19	28	5	12	70	239
14947	19	28	6	13	152	239
14948	19	28	7	14	56	239
14949	19	28	8	15	42	239
14950	19	28	9	16	79	239
14951	19	28	10	17	249	239
14952	19	28	11	18	169	239
14953	19	28	12	19	83	239
14954	19	28	13	20	33	239
14955	19	28	14	21	49	239
14956	19	28	15	22	120	239
14957	19	28	16	23	30	239
14958	19	28	17	26	21	239
14959	19	28	18	57	16	239
14960	19	28	19	58	85	239
14961	19	28	20	59	193	239
14962	19	28	21	60	140	239
14963	19	28	22	61	47	239
14964	19	28	23	62	13	239
14965	19	28	24	63	61	239
14966	19	28	25	64	90	239
14967	19	28	26	65	157	239
14968	19	28	27	66	168	239
14969	19	28	28	67	191	239
14970	19	28	29	68	192	239
14971	19	28	30	69	73	239
14972	19	28	31	70	112	239
14973	19	28	32	71	186	239
14974	19	28	33	72	203	239
14975	19	28	34	73	167	239
14976	19	28	35	74	53	239
14977	19	28	36	75	99	239
14978	19	29	0	76	111	239
14979	19	29	1	77	74	239
14980	19	29	2	78	21	239
14981	19	29	3	79	171	239
14982	19	29	4	80	33	239
14983	19	29	5	81	22	239
14984	19	29	6	82	239	239
14985	19	29	7	0	204	240
14986	19	29	8	1	61	240
14987	19	29	9	2	197	240
14988	19	29	10	3	103	240
14989	19	29	11	4	80	240
14990	19	29	12	5	143	240
14991	19	29	13	6	248	240
14992	19	29	14	7	254	240
14993	19	29	15	8	160	240
14994	19	29	16	9	90	240
14995	19	29	17	10	109	240
14996	19	29	18	11	68	240
14997	19	29	19	12	135	240
14998	19	29	20	13	110	240
14999	19	29	21	14	146	240
15000	19	29	22	15	221	240
15001	19	29	23	16	140	240
15002	19	29	24	17	135	240
15003	19	29	25	18	21	240
15004	19	29	26	19	130	240
15005	19	29	27	20	120	240
15006	19	29	28	21	194	240
15007	19	29	29	22	102	240
15008	19	29	30	23	96	240
15009	19	29	31	24	6	240
15010	19	29	32	25	96	240
15011	19	29	33	26	202	240
15012	19	29	34	27	178	240
15013	19	29	35	28	9	240
15014	19	30	0	29	101	240
15015	19	30	1	30	57	240
15016	19	30	2	31	47	240
15017	19	30	3	32	199	240
15018	19	30	4	33	234	240
15019	19	30	5	34	120	240
15020	19	30	6	35	95	240
15021	19	30	7	36	88	240
15022	19	30	8	37	39	240
15023	19	30	9	38	6	240
15024	19	30	10	39	141	240
15025	19	30	11	40	66	240
15026	19	30	12	41	175	240
15027	19	30	13	42	124	240
15028	19	30	14	43	72	240
15029	19	30	15	44	27	240
15030	19	30	16	45	82	240
15031	19	30	17	46	235	240
15032	19	30	18	47	68	240
15033	19	30	19	48	178	240
15034	19	30	20	49	79	240
15035	19	30	21	50	149	240
15036	19	30	22	51	89	240
15037	19	30	23	52	220	240
15038	19	30	24	53	6	240
15039	19	30	25	54	149	240
15040	19	30	26	55	185	240
15041	19	30	27	56	254	240
15042	19	30	28	57	233	240
15043	19	30	29	58	249	240
15044	19	30	30	60	184	240
15045	19	30	31	59	161	240
15046	19	30	32	61	152	240
15047	19	30	33	62	74	240
15048	19	30	34	63	1	240
15049	19	31	0	64	256	240
15050	19	31	1	65	21	240
15051	19	31	2	66	91	240
15052	19	31	3	67	59	240
15053	19	31	4	68	260	240
15054	19	31	5	69	32	240
15055	19	31	6	70	13	240
15056	19	31	7	71	70	240
15057	19	31	8	72	249	240
15058	19	31	9	73	58	240
15059	19	31	10	74	6	240
15060	19	31	11	75	8	240
15061	19	31	12	76	234	240
15062	19	31	13	77	40	240
15063	19	31	14	78	205	240
15064	19	31	15	79	159	240
15065	19	31	16	80	69	240
15066	19	31	17	81	170	240
15067	19	31	18	82	204	240
15068	19	31	19	83	48	240
15069	19	31	20	85	259	240
15070	19	31	21	0	104	241
15071	19	31	22	1	18	241
15072	19	31	23	2	78	241
15073	19	31	24	3	128	241
15074	19	31	25	4	246	241
15075	19	31	26	5	148	241
15076	19	31	27	6	158	241
15077	19	31	28	7	107	241
15078	19	31	29	8	107	241
15079	19	31	30	9	58	241
15080	19	31	31	10	2	241
15081	19	31	32	11	23	241
15082	19	31	33	12	78	241
15083	19	32	0	13	216	241
15084	19	32	1	14	208	241
15085	19	32	2	15	34	241
15086	19	32	3	16	196	241
15087	19	32	4	17	171	241
15088	19	32	5	18	235	241
15089	19	32	6	19	31	241
15090	19	32	7	20	2	241
15091	19	32	8	21	205	241
15092	19	32	9	22	257	241
15093	19	32	10	23	172	241
15094	19	32	11	24	254	241
15095	19	32	12	25	132	241
15096	19	32	13	26	77	241
15097	19	32	14	27	60	241
15098	19	32	15	28	195	241
15099	19	32	16	29	17	241
15100	19	32	17	30	208	241
15101	19	32	18	31	235	241
15102	19	32	19	32	132	241
15103	19	32	20	33	248	241
15104	19	32	21	34	44	241
15105	19	32	22	35	220	241
15106	19	32	23	36	28	241
15107	19	32	24	37	179	241
15108	19	32	25	38	167	241
15109	19	32	26	39	169	241
15110	19	32	27	40	167	241
15111	19	32	28	41	158	241
15112	19	32	29	42	84	241
15113	19	32	30	43	168	241
15114	19	32	31	44	250	241
15115	19	32	32	45	153	241
15116	19	33	0	46	111	241
15117	19	33	1	47	119	241
15118	19	33	2	48	30	241
15119	19	33	3	49	92	241
15120	19	33	4	50	237	241
15121	19	33	5	51	45	241
15122	19	33	6	52	1	241
15123	19	33	7	53	19	241
15124	19	33	8	54	16	241
15125	19	33	9	55	85	241
15126	19	33	10	56	154	241
15127	19	33	11	57	80	241
15128	19	33	12	58	88	241
15129	19	33	13	59	5	241
15130	19	33	14	60	121	241
15131	19	33	15	61	146	241
15132	19	33	16	62	28	241
15133	19	33	17	63	64	241
15134	19	33	18	64	115	241
15135	19	33	19	65	232	241
15136	19	33	20	66	262	241
15137	19	33	21	67	132	241
15138	19	33	22	68	98	241
15139	19	33	23	69	203	241
15140	19	33	24	70	245	241
15141	19	33	25	71	234	241
15142	19	33	26	72	83	241
15143	19	33	27	73	175	241
15144	19	33	28	74	206	241
15145	19	33	29	75	248	241
15146	19	33	30	76	165	241
15147	19	33	31	77	37	241
15148	19	34	0	78	174	241
15149	19	34	1	79	80	241
15150	19	34	2	80	259	241
15151	19	34	3	81	178	241
15152	19	34	4	82	172	241
15153	19	34	5	83	146	241
15154	19	34	6	84	208	241
15155	19	34	7	85	125	241
15156	19	34	8	86	228	241
15157	19	34	9	0	65	242
15158	19	34	10	1	106	242
15159	19	34	11	2	87	242
15160	19	34	12	3	222	242
15161	19	34	13	4	78	242
15162	19	34	14	5	11	242
15163	19	34	15	6	164	242
15164	19	34	16	7	109	242
15165	19	34	17	8	225	242
15166	19	34	18	9	261	242
15167	19	34	19	10	185	242
15168	19	34	20	11	10	242
15169	19	34	21	12	174	242
15170	19	34	22	13	142	242
15171	19	34	23	14	151	242
15172	19	34	24	15	123	242
15173	19	34	25	16	75	242
15174	19	34	26	17	178	242
15175	19	34	27	18	151	242
15176	19	34	28	19	189	242
15177	19	34	29	20	256	242
15178	19	34	30	21	163	242
15179	19	35	0	22	87	242
15180	19	35	1	23	65	242
15181	19	35	2	24	148	242
15182	19	35	3	25	64	242
15183	19	35	4	26	193	242
15184	19	35	5	27	248	242
15185	19	35	6	28	121	242
15186	19	35	7	29	158	242
15187	19	35	8	30	126	242
15188	19	35	9	31	63	242
15189	19	35	10	32	97	242
15190	19	35	11	33	172	242
15191	19	35	12	34	51	242
15192	19	35	13	35	185	242
15193	19	35	14	36	46	242
15194	19	35	15	37	44	242
15195	19	35	16	38	254	242
15196	19	35	17	39	52	242
15197	19	35	18	40	19	242
15198	19	35	19	41	100	242
15199	19	35	20	42	63	242
15200	19	35	21	43	11	242
15201	19	35	22	44	145	242
15202	19	35	23	45	88	242
15203	19	35	24	46	42	242
15204	19	35	25	47	183	242
15205	19	35	26	48	136	242
15206	19	35	27	49	159	242
15207	19	35	28	50	114	242
15208	19	35	29	51	180	242
15209	19	36	0	52	99	242
15210	19	36	1	53	59	242
15211	19	36	2	54	246	242
15212	19	36	3	55	130	242
15213	19	36	4	56	220	242
15214	19	36	5	57	233	242
15215	19	36	6	58	256	242
15216	19	36	7	59	116	242
15217	19	36	8	60	10	242
15218	19	36	9	61	174	242
15219	19	36	10	62	14	242
15220	19	36	11	63	87	242
15221	19	36	12	64	222	242
15222	19	36	13	65	67	242
15223	19	36	14	66	198	242
15224	19	36	15	67	37	242
15225	19	36	16	68	154	242
15226	19	36	17	69	211	242
15227	19	36	18	70	259	242
15228	19	36	19	71	262	242
15229	19	36	20	72	126	242
15230	19	36	21	73	169	242
15231	19	36	22	74	246	242
15232	19	36	23	75	254	242
15233	19	36	24	76	27	242
15234	19	36	25	77	153	242
15235	19	36	26	78	187	242
15236	19	36	27	79	162	242
15237	19	36	28	80	146	242
15238	19	37	0	81	240	242
15239	19	37	1	82	59	242
15240	19	37	2	83	24	242
15241	19	37	3	84	54	242
15242	19	37	4	85	88	242
15243	19	37	5	86	238	242
15244	19	37	6	89	45	242
15245	19	37	7	0	24	243
15246	19	37	8	1	207	243
15247	19	37	9	2	262	243
15248	19	37	10	3	201	243
15249	19	37	11	4	97	243
15250	19	37	12	5	31	243
15251	19	37	13	6	186	243
15252	19	37	14	7	68	243
15253	19	37	15	8	51	243
15254	19	37	16	9	220	243
15255	19	37	17	10	141	243
15256	19	37	18	11	101	243
15257	19	37	19	12	35	243
15258	19	37	20	13	87	243
15259	19	37	21	14	86	243
15260	19	37	22	15	2	243
15261	19	37	23	16	204	243
15262	19	37	24	17	180	243
15263	19	37	25	18	88	243
15264	19	37	26	19	39	243
15265	19	37	27	20	126	243
15266	19	38	0	21	114	243
15267	19	38	1	22	243	243
15268	19	38	2	23	187	243
15269	19	38	3	24	139	243
15270	19	38	4	25	217	243
15271	19	38	5	26	6	243
15272	19	38	6	27	175	243
15273	19	38	7	28	37	243
15274	19	38	8	29	177	243
15275	19	38	9	30	101	243
15276	19	38	10	31	184	243
15277	19	38	11	32	191	243
15278	19	38	12	33	242	243
15279	19	38	13	34	162	243
15280	19	38	14	35	212	243
15281	19	38	15	36	215	243
15282	19	38	16	37	228	243
15283	19	38	17	38	113	243
15284	19	38	18	39	20	243
15285	19	38	19	40	146	243
15286	19	38	20	41	218	243
15287	19	38	21	42	197	243
15288	19	38	22	43	135	243
15289	19	38	23	44	41	243
15290	19	38	24	45	4	243
15291	19	38	25	46	147	243
15292	19	38	26	47	238	243
15293	19	39	0	48	17	243
15294	19	39	1	49	34	243
15295	19	39	2	50	165	243
15296	19	39	3	51	162	243
15297	19	39	4	52	112	243
15298	19	39	5	53	113	243
15299	19	39	6	54	175	243
15300	19	39	7	55	23	243
15301	19	39	8	56	2	243
15302	19	39	9	57	148	243
15303	19	39	10	58	98	243
15304	19	39	11	59	17	243
15305	19	39	12	60	251	243
15306	19	39	13	61	168	243
15307	19	39	14	62	200	243
15308	19	39	15	63	202	243
15309	19	39	16	64	256	243
15310	19	39	17	65	163	243
15311	19	39	18	66	107	243
15312	19	39	19	67	74	243
15313	19	39	20	68	135	243
15314	19	39	21	69	136	243
15315	19	39	22	70	253	243
15316	19	39	23	71	93	243
15317	19	39	24	72	244	243
15318	19	39	25	73	206	243
15319	19	40	0	74	94	243
15320	19	40	1	75	164	243
15321	19	40	2	76	209	243
15322	19	40	3	77	124	243
15323	19	40	4	78	114	243
15324	19	40	5	79	165	243
15325	19	40	6	80	187	243
15326	19	40	7	81	19	243
15327	19	40	8	82	252	243
15328	19	40	9	83	158	243
15329	19	40	10	84	140	243
15330	19	40	11	85	180	243
15331	19	40	12	86	29	243
15332	19	40	13	87	192	243
15333	19	40	14	88	189	243
15334	19	40	15	89	19	243
15335	19	40	16	0	151	244
15336	19	40	17	1	31	244
15337	19	40	18	2	144	244
15338	19	40	19	3	128	244
15339	19	40	20	4	189	244
15340	19	40	21	5	209	244
15341	19	40	22	6	211	244
15342	19	40	23	7	6	244
15343	19	40	24	8	6	244
15344	19	41	0	9	94	244
15345	19	41	1	10	237	244
15346	19	41	2	11	134	244
15347	19	41	3	12	239	244
15348	19	41	4	13	98	244
15349	19	41	5	14	185	244
15350	19	41	6	15	178	244
15351	19	41	7	16	208	244
15352	19	41	8	17	245	244
15353	19	41	9	18	218	244
15354	19	41	10	19	71	244
15355	19	41	11	20	12	244
15356	19	41	12	21	157	244
15357	19	41	13	22	139	244
15358	19	41	14	23	74	244
15359	19	41	15	24	68	244
15360	19	41	16	25	245	244
15361	19	41	17	26	65	244
15362	19	41	18	27	92	244
15363	19	41	19	28	47	244
15364	19	41	20	29	192	244
15365	19	41	21	30	136	244
15366	19	41	22	31	152	244
15367	19	41	23	32	81	244
15368	19	42	0	33	255	244
15369	19	42	1	34	8	244
15370	19	42	2	35	181	244
15371	19	42	3	36	246	244
15372	19	42	4	37	102	244
15373	19	42	5	38	165	244
15374	19	42	6	39	162	244
15375	19	42	7	40	26	244
15376	19	42	8	41	38	244
15377	19	42	9	42	27	244
15378	19	42	10	43	146	244
15379	19	42	11	44	194	244
15380	19	42	12	45	26	244
15381	19	42	13	46	223	244
15382	19	42	14	47	28	244
15383	19	42	15	48	6	244
15384	19	42	16	49	64	244
15385	19	42	17	50	82	244
15386	19	42	18	51	30	244
15387	19	42	19	52	54	244
15388	19	42	20	53	161	244
15389	19	42	21	54	86	244
15390	19	42	22	55	104	244
15391	19	43	0	56	53	244
15392	19	43	1	57	208	244
15393	19	43	2	58	138	244
15394	19	43	3	59	61	244
15395	19	43	4	60	6	244
15396	19	43	5	61	157	244
15397	19	43	6	62	83	244
15398	19	43	7	63	249	244
15399	19	43	8	64	13	244
15400	19	43	9	65	24	244
15401	19	43	10	66	52	244
15402	19	43	11	67	205	244
15403	19	43	12	68	71	244
15404	19	43	13	69	29	244
15405	19	43	14	70	32	244
15406	19	43	15	71	39	244
15407	19	43	16	72	237	244
15408	19	43	17	73	103	244
15409	19	43	18	74	258	244
15410	19	43	19	75	213	244
15411	19	43	20	76	90	244
15412	19	43	21	77	179	244
15413	19	44	0	78	40	244
15414	19	44	1	79	189	244
15415	19	44	2	80	96	244
15416	19	44	3	81	40	244
15417	19	44	4	82	14	244
15418	19	44	5	83	125	244
15419	19	44	6	84	101	244
15420	19	44	7	85	218	244
15421	19	44	8	86	108	244
15422	19	44	9	87	171	244
15423	19	44	10	88	258	244
15424	19	44	11	89	53	244
15425	19	44	12	90	108	244
15426	19	44	13	91	83	244
15427	19	44	14	93	41	244
15428	19	44	15	0	32	245
15429	19	44	16	1	180	245
15430	19	44	17	2	7	245
15431	19	44	18	3	71	245
15432	19	44	19	4	241	245
15433	19	44	20	5	17	245
15434	19	45	0	6	258	245
15435	19	45	1	7	173	245
15436	19	45	2	8	197	245
15437	19	45	3	9	104	245
15438	19	45	4	10	224	245
15439	19	45	5	11	102	245
15440	19	45	6	12	230	245
15441	19	45	7	13	69	245
15442	19	45	8	14	134	245
15443	19	45	9	15	63	245
15444	19	45	10	16	24	245
15445	19	45	11	17	224	245
15446	19	45	12	18	235	245
15447	19	45	13	19	110	245
15448	19	45	14	20	25	245
15449	19	45	15	21	181	245
15450	19	45	16	22	248	245
15451	19	45	17	23	137	245
15452	19	45	18	24	204	245
15453	19	45	19	25	35	245
15454	19	46	0	26	126	245
15455	19	46	1	27	180	245
15456	19	46	2	28	207	245
15457	19	46	3	29	134	245
15458	19	46	4	30	37	245
15459	19	46	5	31	159	245
15460	19	46	6	32	91	245
15461	19	46	7	33	76	245
15462	19	46	8	34	17	245
15463	19	46	9	35	40	245
15464	19	46	10	36	237	245
15465	19	46	11	37	76	245
15466	19	46	12	38	69	245
15467	19	46	13	39	68	245
15468	19	46	14	40	192	245
15469	19	46	15	41	48	245
15470	19	46	16	42	183	245
15471	19	46	17	43	151	245
15472	19	46	18	44	127	245
15473	19	47	0	45	108	245
15474	19	47	1	46	261	245
15475	19	47	2	47	171	245
15476	19	47	3	48	127	245
15477	19	47	4	49	140	245
15478	19	47	5	50	75	245
15479	19	47	6	51	164	245
15480	19	47	7	52	34	245
15481	19	47	8	53	91	245
15482	19	47	9	54	10	245
15483	19	47	10	55	32	245
15484	19	47	11	56	45	245
15485	19	47	12	57	148	245
15486	19	47	13	58	26	245
15487	19	47	14	59	196	245
15488	19	47	15	60	183	245
15489	19	47	16	61	255	245
15490	19	47	17	62	123	245
15491	19	48	0	63	236	245
15492	19	48	1	64	125	245
15493	19	48	2	65	241	245
15494	19	48	3	66	227	245
15495	19	48	4	67	146	245
15496	19	48	5	68	213	245
15497	19	48	6	69	210	245
15498	19	48	7	70	172	245
15499	19	48	8	71	162	245
15500	19	48	9	72	89	245
15501	19	48	10	73	63	245
15502	19	48	11	74	155	245
15503	19	48	12	75	149	245
15504	19	48	13	76	16	245
15505	19	48	14	77	147	245
15506	19	48	15	78	160	245
15507	19	48	16	79	27	245
15508	19	49	0	80	44	245
15509	19	49	1	81	39	245
15510	19	49	2	82	85	245
15511	19	49	3	83	181	245
15512	19	49	4	84	235	245
15513	19	49	5	85	70	245
15514	19	49	6	86	176	245
15515	19	49	7	87	146	245
15516	19	49	8	88	219	245
15517	19	49	9	89	194	245
15518	19	49	10	90	138	245
15519	19	49	11	91	42	245
15520	19	49	12	92	241	245
15521	19	49	13	93	256	245
15522	19	49	14	94	201	245
15523	19	49	15	0	114	246
15524	19	50	0	1	260	246
15525	19	50	1	2	150	246
15526	19	50	2	3	125	246
15527	19	50	3	4	91	246
15528	19	50	4	5	190	246
15529	19	50	5	6	212	246
15530	19	50	6	7	202	246
15531	19	50	7	8	183	246
15532	19	50	8	9	186	246
15533	19	50	9	10	183	246
15534	19	50	10	11	124	246
15535	19	50	11	12	194	246
15536	19	50	12	13	47	246
15537	19	50	13	14	226	246
15538	19	50	14	15	104	246
15539	19	51	0	16	41	246
15540	19	51	1	17	215	246
15541	19	51	2	18	242	246
15542	19	51	3	19	194	246
15543	19	51	4	20	229	246
15544	19	51	5	21	213	246
15545	19	51	6	22	136	246
15546	19	51	7	23	170	246
15547	19	51	8	24	171	246
15548	19	51	9	25	235	246
15549	19	51	10	26	39	246
15550	19	51	11	27	167	246
15551	19	51	12	28	99	246
15552	19	51	13	29	229	246
15553	19	52	0	30	102	246
15554	19	52	1	31	55	246
15555	19	52	2	32	137	246
15556	19	52	3	33	159	246
15557	19	52	4	34	96	246
15558	19	52	5	35	36	246
15559	19	52	6	36	94	246
15560	19	52	7	37	51	246
15561	19	52	8	38	175	246
15562	19	52	9	39	202	246
15563	19	52	10	40	57	246
15564	19	52	11	41	9	246
15565	19	52	12	42	44	246
15566	19	53	0	43	217	246
15567	19	53	1	44	43	246
15568	19	53	2	45	143	246
15569	19	53	3	46	20	246
15570	19	53	4	47	71	246
15571	19	53	5	48	168	246
15572	19	53	6	49	123	246
15573	19	53	7	50	176	246
15574	19	53	8	51	136	246
15575	19	53	9	52	251	246
15576	19	53	10	53	231	246
15577	19	53	11	54	148	246
15578	19	54	0	55	34	246
15579	19	54	1	56	190	246
15580	19	54	2	57	47	246
15581	19	54	3	58	99	246
15582	19	54	4	59	51	246
15583	19	54	5	60	41	246
15584	19	54	6	61	163	246
15585	19	54	7	62	115	246
15586	19	54	8	63	194	246
15587	19	54	9	64	27	246
15588	19	54	10	65	58	246
15589	19	55	0	0	179	247
15590	19	55	1	66	242	246
15591	19	55	2	67	147	246
15592	19	55	3	68	179	246
15593	19	55	4	69	141	246
15594	19	55	5	70	177	246
15595	19	55	6	71	230	246
15596	19	55	7	72	255	246
15597	19	55	8	73	205	246
15598	19	55	9	74	182	246
15599	19	56	0	0	179	248
15600	19	56	1	75	39	246
15601	19	56	2	76	193	246
15602	19	56	3	77	161	246
15603	19	56	4	78	182	246
15604	19	56	5	79	225	246
15605	19	56	6	80	68	246
15606	19	56	7	81	256	246
15607	19	56	8	82	206	246
15608	19	57	0	0	179	249
15609	19	57	1	83	6	246
15610	19	57	2	84	114	246
15611	19	57	3	85	205	246
15612	19	57	4	86	110	246
15613	19	57	5	87	255	246
15614	19	57	6	88	101	246
15615	19	57	7	89	224	246
15616	19	58	0	0	179	250
15617	19	58	1	1	202	247
15618	19	58	2	2	107	247
15619	19	58	3	90	27	246
15620	19	58	4	91	118	246
15621	19	58	5	92	61	246
15622	19	58	6	93	165	246
15623	19	59	0	0	179	251
15624	19	59	1	1	202	248
15625	19	59	2	2	107	248
15626	19	59	3	94	239	246
15627	19	59	4	3	18	247
15628	19	59	5	4	55	247
15629	19	60	0	0	179	252
15630	19	60	1	1	202	249
15631	19	60	2	2	107	249
15632	19	60	3	5	145	247
15633	19	60	4	3	18	248
15634	19	61	0	0	179	253
15635	19	61	1	1	202	250
15636	19	61	2	2	107	250
15637	19	61	3	4	62	248
15638	19	62	0	0	179	254
15639	19	62	1	1	202	251
15640	19	62	2	2	107	251
15641	19	63	0	0	179	255
15642	19	63	1	1	202	252
15643	19	64	0	0	179	256
15644	20	0	0	6	99	247
15645	20	0	1	7	98	247
15646	20	0	2	8	61	247
15647	20	0	3	9	171	247
15648	20	0	4	10	87	247
15649	20	0	5	11	112	247
15650	20	0	6	12	33	247
15651	20	0	7	13	107	247
15652	20	0	8	14	43	247
15653	20	0	9	15	237	247
15654	20	0	10	16	228	247
15655	20	0	11	17	53	247
15656	20	0	12	18	19	247
15657	20	0	13	19	145	247
15658	20	0	14	20	201	247
15659	20	0	15	21	50	247
15660	20	0	16	22	5	247
15661	20	0	17	23	94	247
15662	20	0	18	24	141	247
15663	20	0	19	25	114	247
15664	20	0	20	26	23	247
15665	20	0	21	27	77	247
15666	20	0	22	28	17	247
15667	20	0	23	29	45	247
15668	20	0	24	30	33	247
15669	20	0	25	31	225	247
15670	20	0	26	32	262	247
15671	20	0	27	33	238	247
15672	20	0	28	34	143	247
15673	20	0	29	35	44	247
15674	20	0	30	95	216	247
15675	20	0	31	96	72	247
15676	20	0	32	97	9	247
15677	20	0	33	98	107	247
15678	20	0	34	99	52	248
15679	20	0	35	100	237	249
15680	20	0	36	101	125	249
15681	20	0	37	103	54	249
15682	20	0	38	102	256	250
15683	20	0	39	104	48	251
15684	20	0	40	106	60	251
15685	20	0	41	105	53	252
15686	20	0	42	107	210	252
15687	20	0	43	108	53	253
15688	20	0	44	109	171	253
15689	20	0	45	110	206	254
15690	20	0	46	111	199	254
15691	20	0	47	113	199	254
15692	20	0	48	112	174	255
15693	20	0	49	114	85	256
15694	20	0	50	115	89	257
15695	20	0	51	116	123	257
15696	20	0	52	117	76	257
15697	20	0	53	118	38	257
15698	20	0	54	121	46	258
15699	20	0	55	119	246	259
15700	20	0	56	120	7	259
15701	20	0	57	122	232	260
15702	20	0	58	123	31	261
15703	20	0	59	124	49	261
15704	20	0	60	125	226	261
15705	20	0	61	126	37	262
15706	20	0	62	127	50	262
15707	20	0	63	128	213	263
15708	20	0	64	129	129	263
15709	20	0	65	130	67	264
15710	20	0	66	131	110	264
15711	20	0	67	132	110	266
15712	20	1	0	36	250	247
15713	20	1	1	37	147	247
15714	20	1	2	38	203	247
15715	20	1	3	39	48	247
15716	20	1	4	40	234	247
15717	20	1	5	41	157	247
15718	20	1	6	42	65	247
15719	20	1	7	43	245	247
15720	20	1	8	44	101	247
15721	20	1	9	45	64	247
15722	20	1	10	46	125	247
15723	20	1	11	47	191	247
15724	20	1	12	48	211	247
15725	20	1	13	49	5	247
15726	20	1	14	50	159	247
15727	20	1	15	51	234	247
15728	20	1	16	52	166	247
15729	20	1	17	53	21	247
15730	20	1	18	54	165	247
15731	20	1	19	55	248	247
15732	20	1	20	56	155	247
15733	20	1	21	57	211	247
15734	20	1	22	58	130	247
15735	20	1	23	59	240	247
15736	20	1	24	60	199	247
15737	20	1	25	61	194	247
15738	20	1	26	62	253	247
15739	20	1	27	63	67	247
15740	20	1	28	64	159	247
15741	20	1	29	65	221	247
15742	20	1	30	66	18	247
15743	20	1	31	95	155	248
15744	20	1	32	96	227	248
15745	20	1	33	97	127	248
15746	20	1	34	98	78	248
15747	20	1	35	99	237	249
15748	20	1	36	100	13	250
15749	20	1	37	101	69	250
15750	20	1	38	103	21	250
15751	20	1	39	102	127	251
15752	20	1	40	104	239	252
15753	20	1	41	106	235	252
15754	20	1	42	105	244	253
15755	20	1	43	107	158	253
15756	20	1	44	108	105	254
15757	20	1	45	109	46	254
15758	20	1	46	110	160	255
15759	20	1	47	111	32	255
15760	20	1	48	113	117	255
15761	20	1	49	112	192	256
15762	20	1	50	114	89	257
15763	20	1	51	115	87	258
15764	20	1	52	116	70	258
15765	20	1	53	117	225	258
15766	20	1	54	118	244	258
15767	20	1	55	121	136	259
15768	20	1	56	119	1	260
15769	20	1	57	120	79	260
15770	20	1	58	122	147	261
15771	20	1	59	123	116	262
15772	20	1	60	124	107	262
15773	20	1	61	125	150	262
15774	20	1	62	126	113	263
15775	20	1	63	127	238	263
15776	20	1	64	128	25	264
15777	20	1	65	129	67	264
15778	20	1	66	130	98	265
15779	20	2	0	67	151	247
15780	20	2	1	68	118	247
15781	20	2	2	69	233	247
15782	20	2	3	70	112	247
15783	20	2	4	71	84	247
15784	20	2	5	72	104	247
15785	20	2	6	73	201	247
15786	20	2	7	74	237	247
15787	20	2	8	75	155	247
15788	20	2	9	76	236	247
15789	20	2	10	77	17	247
15790	20	2	11	78	145	247
15791	20	2	12	79	6	247
15792	20	2	13	80	128	247
15793	20	2	14	81	85	247
15794	20	2	15	82	21	247
15795	20	2	16	83	103	247
15796	20	2	17	84	143	247
15797	20	2	18	85	30	247
15798	20	2	19	86	71	247
15799	20	2	20	87	261	247
15800	20	2	21	88	130	247
15801	20	2	22	89	147	247
15802	20	2	23	90	48	247
15803	20	2	24	91	88	247
15804	20	2	25	92	94	247
15805	20	2	26	93	157	247
15806	20	2	27	94	111	247
15807	20	2	28	5	24	248
15808	20	2	29	6	255	248
15809	20	2	30	7	236	248
15810	20	2	31	8	225	248
15811	20	2	32	95	54	249
15812	20	2	33	96	18	249
15813	20	2	34	97	68	249
15814	20	2	35	98	224	249
15815	20	2	36	99	13	250
15816	20	2	37	100	125	251
15817	20	2	38	101	97	251
15818	20	2	39	103	97	251
15819	20	2	40	102	55	252
15820	20	2	41	104	12	253
15821	20	2	42	106	13	253
15822	20	2	43	105	253	254
15823	20	2	44	107	184	254
15824	20	2	45	108	79	255
15825	20	2	46	109	240	255
15826	20	2	47	110	183	256
15827	20	2	48	111	247	256
15828	20	2	49	113	162	256
15829	20	2	50	112	210	257
15830	20	2	51	114	87	258
15831	20	2	52	115	88	259
15832	20	2	53	116	228	259
15833	20	2	54	117	19	259
15834	20	2	55	118	141	259
15835	20	2	56	121	216	260
15836	20	2	57	119	15	261
15837	20	2	58	120	175	261
15838	20	2	59	122	58	262
15839	20	2	60	123	205	263
15840	20	2	61	124	78	263
15841	20	2	62	125	188	263
15842	20	2	63	126	75	264
15843	20	2	64	127	144	264
15844	20	2	65	128	119	265
15845	20	3	0	9	97	248
15846	20	3	1	10	187	248
15847	20	3	2	11	114	248
15848	20	3	3	12	40	248
15849	20	3	4	13	142	248
15850	20	3	5	14	134	248
15851	20	3	6	15	243	248
15852	20	3	7	16	168	248
15853	20	3	8	17	198	248
15854	20	3	9	18	50	248
15855	20	3	10	19	232	248
15856	20	3	11	20	206	248
15857	20	3	12	21	121	248
15858	20	3	13	22	122	248
15859	20	3	14	23	213	248
15860	20	3	15	24	251	248
15861	20	3	16	25	215	248
15862	20	3	17	26	72	248
15863	20	3	18	27	59	248
15864	20	3	19	28	8	248
15865	20	3	20	29	222	248
15866	20	3	21	30	77	248
15867	20	3	22	31	76	248
15868	20	3	23	32	18	248
15869	20	3	24	33	136	248
15870	20	3	25	34	52	248
15871	20	3	26	35	242	248
15872	20	3	27	36	19	248
15873	20	3	28	37	69	248
15874	20	3	29	38	157	248
15875	20	3	30	39	98	248
15876	20	3	31	92	171	248
15877	20	3	32	94	236	248
15878	20	3	33	95	236	250
15879	20	3	34	96	254	250
15880	20	3	35	97	229	250
15881	20	3	36	98	151	250
15882	20	3	37	99	125	251
15883	20	3	38	100	69	252
15884	20	3	39	101	83	252
15885	20	3	40	103	95	252
15886	20	3	41	102	149	253
15887	20	3	42	104	257	254
15888	20	3	43	106	257	254
15889	20	3	44	105	115	255
15890	20	3	45	107	171	255
15891	20	3	46	108	92	256
15892	20	3	47	109	143	256
15893	20	3	48	110	40	257
15894	20	3	49	111	8	257
15895	20	3	50	113	6	257
15896	20	3	51	112	234	258
15897	20	3	52	114	88	259
15898	20	3	53	115	219	260
15899	20	3	54	116	149	260
15900	20	3	55	117	122	260
15901	20	3	56	118	61	260
15902	20	3	57	121	160	261
15903	20	3	58	119	75	262
15904	20	3	59	120	216	262
15905	20	3	60	122	234	263
15906	20	3	61	123	29	264
15907	20	3	62	124	224	264
15908	20	3	63	125	169	264
15909	20	3	64	126	94	265
15910	20	4	0	40	74	248
15911	20	4	1	41	170	248
15912	20	4	2	42	71	248
15913	20	4	3	43	89	248
15914	20	4	4	44	201	248
15915	20	4	5	45	61	248
15916	20	4	6	46	54	248
15917	20	4	7	47	167	248
15918	20	4	8	48	211	248
15919	20	4	9	49	86	248
15920	20	4	10	50	24	248
15921	20	4	11	51	12	248
15922	20	4	12	52	112	248
15923	20	4	13	53	92	248
15924	20	4	14	54	131	248
15925	20	4	15	55	115	248
15926	20	4	16	56	211	248
15927	20	4	17	57	128	248
15928	20	4	18	58	71	248
15929	20	4	19	59	106	248
15930	20	4	20	60	27	248
15931	20	4	21	61	121	248
15932	20	4	22	62	75	248
15933	20	4	23	63	114	248
15934	20	4	24	64	31	248
15935	20	4	25	65	150	248
15936	20	4	26	66	21	248
15937	20	4	27	67	178	248
15938	20	4	28	68	186	248
15939	20	4	29	90	179	248
15940	20	4	30	91	221	248
15941	20	4	31	93	188	248
15942	20	4	32	92	16	249
15943	20	4	33	94	145	249
15944	20	4	34	95	145	251
15945	20	4	35	96	136	251
15946	20	4	36	97	17	251
15947	20	4	37	98	56	251
15948	20	4	38	99	69	252
15949	20	4	39	100	97	253
15950	20	4	40	101	90	253
15951	20	4	41	103	78	253
15952	20	4	42	102	203	254
15953	20	4	43	104	3	255
15954	20	4	44	106	200	255
15955	20	4	45	105	9	256
15956	20	4	46	107	46	256
15957	20	4	47	108	217	257
15958	20	4	48	109	60	257
15959	20	4	49	110	243	258
15960	20	4	50	111	259	258
15961	20	4	51	113	85	258
15962	20	4	52	112	230	259
15963	20	4	53	114	219	260
15964	20	4	54	115	22	261
15965	20	4	55	116	57	261
15966	20	4	56	117	202	261
15967	20	4	57	118	101	261
15968	20	4	58	121	107	262
15969	20	4	59	119	21	263
15970	20	4	60	120	70	263
15971	20	4	61	122	146	264
15972	20	4	62	123	117	265
15973	20	4	63	124	151	265
15974	20	5	0	69	188	248
15975	20	5	1	70	241	248
15976	20	5	2	71	229	248
15977	20	5	3	72	254	248
15978	20	5	4	73	100	248
15979	20	5	5	74	119	248
15980	20	5	6	75	178	248
15981	20	5	7	76	50	248
15982	20	5	8	77	76	248
15983	20	5	9	78	45	248
15984	20	5	10	79	153	248
15985	20	5	11	80	82	248
15986	20	5	12	81	21	248
15987	20	5	13	82	106	248
15988	20	5	14	83	68	248
15989	20	5	15	84	238	248
15990	20	5	16	85	185	248
15991	20	5	17	86	52	248
15992	20	5	18	87	133	248
15993	20	5	19	88	5	248
15994	20	5	20	89	130	248
15995	20	5	21	3	189	249
15996	20	5	22	4	128	249
15997	20	5	23	5	4	249
15998	20	5	24	6	179	249
15999	20	5	25	7	74	249
16000	20	5	26	8	67	249
16001	20	5	27	9	252	249
16002	20	5	28	10	142	249
16003	20	5	29	11	160	249
16004	20	5	30	90	42	249
16005	20	5	31	91	21	249
16006	20	5	32	93	142	249
16007	20	5	33	92	9	250
16008	20	5	34	94	59	250
16009	20	5	35	95	59	252
16010	20	5	36	96	195	252
16011	20	5	37	97	123	252
16012	20	5	38	98	235	252
16013	20	5	39	99	97	253
16014	20	5	40	100	83	254
16015	20	5	41	101	218	254
16016	20	5	42	103	227	254
16017	20	5	43	102	164	255
16018	20	5	44	104	130	256
16019	20	5	45	106	196	256
16020	20	5	46	105	166	257
16021	20	5	47	107	240	257
16022	20	5	48	108	23	258
16023	20	5	49	109	233	258
16024	20	5	50	110	10	259
16025	20	5	51	111	2	259
16026	20	5	52	113	45	259
16027	20	5	53	112	94	260
16028	20	5	54	114	22	261
16029	20	5	55	115	252	262
16030	20	5	56	116	103	262
16031	20	5	57	117	162	262
16032	20	5	58	118	81	262
16033	20	5	59	121	87	263
16034	20	5	60	119	163	264
16035	20	5	61	120	213	264
16036	20	5	62	122	190	265
16037	20	6	0	12	198	249
16038	20	6	1	13	100	249
16039	20	6	2	14	91	249
16040	20	6	3	15	102	249
16041	20	6	4	16	146	249
16042	20	6	5	17	258	249
16043	20	6	6	18	251	249
16044	20	6	7	19	161	249
16045	20	6	8	20	100	249
16046	20	6	9	21	180	249
16047	20	6	10	22	129	249
16048	20	6	11	23	1	249
16049	20	6	12	24	183	249
16050	20	6	13	25	44	249
16051	20	6	14	26	184	249
16052	20	6	15	27	227	249
16053	20	6	16	28	232	249
16054	20	6	17	29	77	249
16055	20	6	18	30	93	249
16056	20	6	19	31	224	249
16057	20	6	20	32	234	249
16058	20	6	21	33	221	249
16059	20	6	22	34	6	249
16060	20	6	23	35	127	249
16061	20	6	24	36	158	249
16062	20	6	25	37	35	249
16063	20	6	26	38	197	249
16064	20	6	27	39	241	249
16065	20	6	28	40	32	249
16066	20	6	29	87	257	249
16067	20	6	30	88	45	249
16068	20	6	31	90	242	250
16069	20	6	32	91	121	250
16070	20	6	33	93	74	250
16071	20	6	34	92	230	251
16072	20	6	35	94	102	251
16073	20	6	36	95	102	253
16074	20	6	37	96	34	253
16075	20	6	38	97	70	253
16076	20	6	39	98	14	253
16077	20	6	40	99	83	254
16078	20	6	41	100	90	255
16079	20	6	42	101	154	255
16080	20	6	43	103	148	255
16081	20	6	44	102	54	256
16082	20	6	45	104	198	257
16083	20	6	46	106	17	257
16084	20	6	47	105	200	258
16085	20	6	48	107	143	258
16086	20	6	49	108	120	259
16087	20	6	50	109	15	259
16088	20	6	51	110	258	260
16089	20	6	52	111	262	260
16090	20	6	53	113	131	260
16091	20	6	54	112	252	261
16092	20	6	55	114	252	262
16093	20	6	56	115	137	263
16094	20	6	57	116	80	263
16095	20	6	58	117	182	263
16096	20	6	59	118	91	263
16097	20	6	60	121	98	264
16098	20	6	61	119	110	265
16099	20	7	0	41	157	249
16100	20	7	1	42	192	249
16101	20	7	2	43	54	249
16102	20	7	3	44	42	249
16103	20	7	4	45	7	249
16104	20	7	5	46	50	249
16105	20	7	6	47	181	249
16106	20	7	7	48	9	249
16107	20	7	8	49	48	249
16108	20	7	9	50	252	249
16109	20	7	10	51	76	249
16110	20	7	11	52	69	249
16111	20	7	12	53	98	249
16112	20	7	13	54	123	249
16113	20	7	14	55	178	249
16114	20	7	15	56	55	249
16115	20	7	16	57	181	249
16116	20	7	17	58	261	249
16117	20	7	18	59	88	249
16118	20	7	19	60	204	249
16119	20	7	20	61	7	249
16120	20	7	21	62	55	249
16121	20	7	22	63	167	249
16122	20	7	23	64	120	249
16123	20	7	24	65	90	249
16124	20	7	25	66	67	249
16125	20	7	26	67	188	249
16126	20	7	27	68	35	249
16127	20	7	28	69	245	249
16128	20	7	29	89	192	249
16129	20	7	30	87	119	250
16130	20	7	31	88	242	250
16131	20	7	32	90	142	251
16132	20	7	33	91	71	251
16133	20	7	34	93	22	251
16134	20	7	35	92	38	252
16135	20	7	36	94	212	252
16136	20	7	37	95	212	254
16137	20	7	38	96	246	254
16138	20	7	39	97	228	254
16139	20	7	40	98	256	254
16140	20	7	41	99	90	255
16141	20	7	42	100	218	256
16142	20	7	43	101	186	256
16143	20	7	44	103	124	256
16144	20	7	45	102	207	257
16145	20	7	46	104	164	258
16146	20	7	47	106	197	258
16147	20	7	48	105	19	259
16148	20	7	49	107	60	259
16149	20	7	50	108	203	260
16150	20	7	51	109	124	260
16151	20	7	52	110	134	261
16152	20	7	53	111	132	261
16153	20	7	54	113	55	261
16154	20	7	55	112	217	262
16155	20	7	56	114	137	263
16156	20	7	57	115	63	264
16157	20	7	58	116	223	264
16158	20	7	59	117	172	264
16159	20	7	60	118	86	264
16160	20	8	0	70	225	249
16161	20	8	1	71	240	249
16162	20	8	2	72	200	249
16163	20	8	3	73	235	249
16164	20	8	4	74	159	249
16165	20	8	5	75	198	249
16166	20	8	6	76	64	249
16167	20	8	7	77	250	249
16168	20	8	8	78	244	249
16169	20	8	9	79	231	249
16170	20	8	10	80	198	249
16171	20	8	11	81	137	249
16172	20	8	12	82	23	249
16173	20	8	13	83	161	249
16174	20	8	14	84	49	249
16175	20	8	15	85	4	249
16176	20	8	16	86	95	249
16177	20	8	17	3	114	250
16178	20	8	18	4	6	250
16179	20	8	19	5	193	250
16180	20	8	20	6	160	250
16181	20	8	21	7	71	250
16182	20	8	22	8	81	250
16183	20	8	23	9	186	250
16184	20	8	24	10	140	250
16185	20	8	25	11	224	250
16186	20	8	26	12	130	250
16187	20	8	27	13	32	250
16188	20	8	28	14	73	250
16189	20	8	29	15	195	250
16190	20	8	30	89	115	250
16191	20	8	31	87	246	251
16192	20	8	32	88	166	251
16193	20	8	33	90	192	252
16194	20	8	34	91	96	252
16195	20	8	35	93	91	252
16196	20	8	36	92	89	253
16197	20	8	37	94	157	253
16198	20	8	38	95	157	255
16199	20	8	39	96	140	255
16200	20	8	40	97	149	255
16201	20	8	41	98	135	255
16202	20	8	42	99	218	256
16203	20	8	43	100	154	257
16204	20	8	44	101	170	257
16205	20	8	45	103	102	257
16206	20	8	46	102	148	258
16207	20	8	47	104	181	259
16208	20	8	48	106	259	259
16209	20	8	49	105	177	260
16210	20	8	50	107	233	260
16211	20	8	51	108	30	261
16212	20	8	52	109	201	261
16213	20	8	53	110	196	262
16214	20	8	54	111	197	262
16215	20	8	55	113	241	262
16216	20	8	56	112	226	263
16217	20	8	57	114	63	264
16218	20	8	58	115	100	265
16219	20	8	59	116	20	265
16220	20	9	0	16	254	250
16221	20	9	1	17	51	250
16222	20	9	2	18	171	250
16223	20	9	3	19	171	250
16224	20	9	4	20	195	250
16225	20	9	5	21	243	250
16226	20	9	6	22	71	250
16227	20	9	7	23	240	250
16228	20	9	8	24	24	250
16229	20	9	9	25	53	250
16230	20	9	10	26	215	250
16231	20	9	11	27	87	250
16232	20	9	12	28	108	250
16233	20	9	13	29	171	250
16234	20	9	14	30	109	250
16235	20	9	15	31	225	250
16236	20	9	16	32	151	250
16237	20	9	17	33	161	250
16238	20	9	18	34	73	250
16239	20	9	19	35	40	250
16240	20	9	20	36	158	250
16241	20	9	21	37	12	250
16242	20	9	22	38	93	250
16243	20	9	23	39	93	250
16244	20	9	24	40	209	250
16245	20	9	25	41	155	250
16246	20	9	26	42	241	250
16247	20	9	27	43	159	250
16248	20	9	28	44	225	250
16249	20	9	29	84	252	250
16250	20	9	30	86	211	250
16251	20	9	31	89	242	251
16252	20	9	32	87	221	252
16253	20	9	33	88	123	252
16254	20	9	34	90	167	253
16255	20	9	35	91	215	253
16256	20	9	36	93	35	253
16257	20	9	37	92	71	254
16258	20	9	38	94	53	254
16259	20	9	39	95	53	256
16260	20	9	40	96	193	256
16261	20	9	41	97	57	256
16262	20	9	42	98	64	256
16263	20	9	43	99	154	257
16264	20	9	44	100	186	258
16265	20	9	45	101	178	258
16266	20	9	46	103	130	258
16267	20	9	47	102	114	259
16268	20	9	48	104	41	260
16269	20	9	49	106	152	260
16270	20	9	50	105	94	261
16271	20	9	51	107	15	261
16272	20	9	52	108	248	262
16273	20	9	53	109	31	262
16274	20	9	54	110	165	263
16275	20	9	55	111	33	263
16276	20	9	56	113	74	263
16277	20	9	57	112	200	264
16278	20	9	58	114	100	265
16279	20	10	0	45	135	250
16280	20	10	1	46	165	250
16281	20	10	2	47	113	250
16282	20	10	3	48	180	250
16283	20	10	4	49	100	250
16284	20	10	5	50	16	250
16285	20	10	6	51	180	250
16286	20	10	7	52	73	250
16287	20	10	8	53	109	250
16288	20	10	9	54	133	250
16289	20	10	10	55	30	250
16290	20	10	11	56	32	250
16291	20	10	12	57	172	250
16292	20	10	13	58	222	250
16293	20	10	14	59	127	250
16294	20	10	15	60	33	250
16295	20	10	16	61	132	250
16296	20	10	17	62	234	250
16297	20	10	18	63	178	250
16298	20	10	19	64	18	250
16299	20	10	20	65	260	250
16300	20	10	21	66	230	250
16301	20	10	22	67	182	250
16302	20	10	23	68	93	250
16303	20	10	24	70	262	250
16304	20	10	25	69	43	250
16305	20	10	26	71	208	250
16306	20	10	27	83	144	250
16307	20	10	28	85	134	250
16308	20	10	29	3	242	251
16309	20	10	30	84	128	251
16310	20	10	31	86	26	251
16311	20	10	32	89	250	252
16312	20	10	33	87	226	253
16313	20	10	34	88	183	253
16314	20	10	35	90	48	254
16315	20	10	36	91	24	254
16316	20	10	37	93	8	254
16317	20	10	38	92	53	255
16318	20	10	39	94	105	255
16319	20	10	40	95	105	257
16320	20	10	41	96	35	257
16321	20	10	42	97	103	257
16322	20	10	43	98	231	257
16323	20	10	44	99	186	258
16324	20	10	45	100	170	259
16325	20	10	46	101	174	259
16326	20	10	47	103	239	259
16327	20	10	48	102	10	260
16328	20	10	49	104	111	261
16329	20	10	50	106	112	261
16330	20	10	51	105	154	262
16331	20	10	52	107	124	262
16332	20	10	53	108	139	263
16333	20	10	54	109	116	263
16334	20	10	55	110	49	264
16335	20	10	56	111	115	264
16336	20	10	57	113	63	264
16337	20	11	0	72	198	250
16338	20	11	1	73	15	250
16339	20	11	2	74	138	250
16340	20	11	3	75	65	250
16341	20	11	4	76	244	250
16342	20	11	5	77	38	250
16343	20	11	6	78	182	250
16344	20	11	7	79	200	250
16345	20	11	8	80	164	250
16346	20	11	9	81	43	250
16347	20	11	10	82	127	250
16348	20	11	11	4	36	251
16349	20	11	12	5	129	251
16350	20	11	13	6	189	251
16351	20	11	14	7	196	251
16352	20	11	15	8	23	251
16353	20	11	16	9	154	251
16354	20	11	17	10	185	251
16355	20	11	18	11	44	251
16356	20	11	19	12	195	251
16357	20	11	20	13	169	251
16358	20	11	21	14	30	251
16359	20	11	22	15	11	251
16360	20	11	23	16	14	251
16361	20	11	24	17	173	251
16362	20	11	25	18	140	251
16363	20	11	26	19	145	251
16364	20	11	27	20	158	251
16365	20	11	28	83	191	251
16366	20	11	29	85	92	251
16367	20	11	30	2	33	252
16368	20	11	31	84	12	252
16369	20	11	32	86	250	252
16370	20	11	33	89	251	253
16371	20	11	34	87	64	254
16372	20	11	35	88	204	254
16373	20	11	36	90	239	255
16374	20	11	37	91	251	255
16375	20	11	38	93	49	255
16376	20	11	39	92	29	256
16377	20	11	40	94	79	256
16378	20	11	41	95	79	258
16379	20	11	42	96	114	258
16380	20	11	43	97	80	258
16381	20	11	44	98	16	258
16382	20	11	45	99	170	259
16383	20	11	46	100	178	260
16384	20	11	47	101	176	260
16385	20	11	48	103	123	260
16386	20	11	49	102	38	261
16387	20	11	50	104	76	262
16388	20	11	51	106	113	262
16389	20	11	52	105	101	263
16390	20	11	53	107	201	263
16391	20	11	54	108	62	264
16392	20	11	55	109	205	264
16393	20	11	56	110	107	265
16394	20	12	0	21	214	251
16395	20	12	1	22	33	251
16396	20	12	2	23	200	251
16397	20	12	3	24	256	251
16398	20	12	4	25	67	251
16399	20	12	5	26	177	251
16400	20	12	6	27	189	251
16401	20	12	7	28	99	251
16402	20	12	8	29	39	251
16403	20	12	9	30	175	251
16404	20	12	10	31	17	251
16405	20	12	11	32	187	251
16406	20	12	12	33	93	251
16407	20	12	13	34	203	251
16408	20	12	14	35	154	251
16409	20	12	15	36	175	251
16410	20	12	16	37	27	251
16411	20	12	17	38	160	251
16412	20	12	18	39	253	251
16413	20	12	19	40	230	251
16414	20	12	20	41	247	251
16415	20	12	21	42	124	251
16416	20	12	22	43	145	251
16417	20	12	23	44	253	251
16418	20	12	24	45	17	251
16419	20	12	25	46	111	251
16420	20	12	26	80	188	251
16421	20	12	27	81	47	251
16422	20	12	28	82	227	251
16423	20	12	29	3	130	252
16424	20	12	30	83	9	252
16425	20	12	31	85	107	252
16426	20	12	32	84	125	253
16427	20	12	33	86	138	253
16428	20	12	34	89	129	254
16429	20	12	35	87	67	255
16430	20	12	36	88	245	255
16431	20	12	37	90	12	256
16432	20	12	38	91	6	256
16433	20	12	39	93	212	256
16434	20	12	40	92	33	257
16435	20	12	41	94	92	257
16436	20	12	42	95	92	259
16437	20	12	43	96	206	259
16438	20	12	44	97	223	259
16439	20	12	45	98	255	259
16440	20	12	46	99	178	260
16441	20	12	47	100	174	261
16442	20	12	48	101	175	261
16443	20	12	49	103	146	261
16444	20	12	50	102	135	262
16445	20	12	51	104	225	263
16446	20	12	52	106	122	263
16447	20	12	53	105	108	264
16448	20	12	54	107	31	264
16449	20	12	55	108	232	265
16450	20	13	0	47	118	251
16451	20	13	1	48	70	251
16452	20	13	2	49	203	251
16453	20	13	3	50	94	251
16454	20	13	4	51	190	251
16455	20	13	5	52	140	251
16456	20	13	6	53	140	251
16457	20	13	7	54	7	251
16458	20	13	8	55	27	251
16459	20	13	9	56	168	251
16460	20	13	10	57	127	251
16461	20	13	11	58	217	251
16462	20	13	12	59	179	251
16463	20	13	13	60	142	251
16464	20	13	14	61	113	251
16465	20	13	15	62	8	251
16466	20	13	16	63	95	251
16467	20	13	17	64	255	251
16468	20	13	18	65	181	251
16469	20	13	19	66	89	251
16470	20	13	20	67	155	251
16471	20	13	21	68	14	251
16472	20	13	22	69	183	251
16473	20	13	23	70	192	251
16474	20	13	24	71	130	251
16475	20	13	25	72	202	251
16476	20	13	26	79	207	251
16477	20	13	27	80	169	252
16478	20	13	28	81	108	252
16479	20	13	29	82	18	252
16480	20	13	30	1	11	253
16481	20	13	31	83	127	253
16482	20	13	32	85	203	253
16483	20	13	33	84	147	254
16484	20	13	34	86	194	254
16485	20	13	35	89	113	255
16486	20	13	36	87	105	256
16487	20	13	37	88	234	256
16488	20	13	38	90	257	257
16489	20	13	39	91	260	257
16490	20	13	40	93	236	257
16491	20	13	41	92	169	258
16492	20	13	42	94	217	258
16493	20	13	43	95	217	260
16494	20	13	44	96	160	260
16495	20	13	45	97	20	260
16496	20	13	46	98	4	260
16497	20	13	47	99	174	261
16498	20	13	48	100	176	262
16499	20	13	49	101	44	262
16500	20	13	50	103	152	262
16501	20	13	51	102	80	263
16502	20	13	52	104	19	264
16503	20	13	53	106	47	264
16504	20	13	54	105	182	265
16505	20	14	0	73	27	251
16506	20	14	1	74	97	251
16507	20	14	2	75	98	251
16508	20	14	3	76	243	251
16509	20	14	4	77	94	251
16510	20	14	5	78	124	251
16511	20	14	6	4	183	252
16512	20	14	7	5	33	252
16513	20	14	8	6	87	252
16514	20	14	9	7	156	252
16515	20	14	10	8	246	252
16516	20	14	11	9	211	252
16517	20	14	12	10	10	252
16518	20	14	13	11	151	252
16519	20	14	14	12	247	252
16520	20	14	15	13	70	252
16521	20	14	16	14	56	252
16522	20	14	17	15	98	252
16523	20	14	18	16	178	252
16524	20	14	19	17	44	252
16525	20	14	20	18	201	252
16526	20	14	21	19	5	252
16527	20	14	22	20	97	252
16528	20	14	23	21	120	252
16529	20	14	24	22	214	252
16530	20	14	25	23	262	252
16531	20	14	26	24	61	252
16532	20	14	27	79	28	252
16533	20	14	28	2	204	253
16534	20	14	29	80	209	253
16535	20	14	30	81	118	253
16536	20	14	31	82	195	253
16537	20	14	32	83	68	254
16538	20	14	33	85	99	254
16539	20	14	34	84	169	255
16540	20	14	35	86	166	255
16541	20	14	36	89	64	256
16542	20	14	37	87	178	257
16543	20	14	38	88	235	257
16544	20	14	39	90	3	258
16545	20	14	40	91	133	258
16546	20	14	41	93	237	258
16547	20	14	42	92	11	259
16548	20	14	43	94	23	259
16549	20	14	44	95	23	261
16550	20	14	45	96	183	261
16551	20	14	46	97	253	261
16552	20	14	47	98	261	261
16553	20	14	48	99	176	262
16554	20	14	49	100	175	263
16555	20	14	50	101	241	263
16556	20	14	51	103	206	263
16557	20	14	52	102	122	264
16558	20	14	53	104	122	265
16559	20	15	0	25	55	252
16560	20	15	1	26	208	252
16561	20	15	2	27	104	252
16562	20	15	3	28	73	252
16563	20	15	4	29	7	252
16564	20	15	5	30	251	252
16565	20	15	6	31	166	252
16566	20	15	7	32	48	252
16567	20	15	8	33	19	252
16568	20	15	9	34	103	252
16569	20	15	10	35	148	252
16570	20	15	11	36	104	252
16571	20	15	12	37	192	252
16572	20	15	13	38	193	252
16573	20	15	14	39	8	252
16574	20	15	15	40	256	252
16575	20	15	16	41	256	252
16576	20	15	17	42	155	252
16577	20	15	18	43	233	252
16578	20	15	19	44	75	252
16579	20	15	20	45	160	252
16580	20	15	21	46	83	252
16581	20	15	22	47	187	252
16582	20	15	23	48	53	252
16583	20	15	24	49	77	252
16584	20	15	25	50	176	252
16585	20	15	26	77	84	252
16586	20	15	27	78	28	252
16587	20	15	28	79	249	253
16588	20	15	29	1	60	254
16589	20	15	30	80	27	254
16590	20	15	31	81	204	254
16591	20	15	32	82	34	254
16592	20	15	33	83	229	255
16593	20	15	34	85	179	255
16594	20	15	35	84	23	256
16595	20	15	36	86	180	256
16596	20	15	37	89	99	257
16597	20	15	38	87	18	258
16598	20	15	39	88	82	258
16599	20	15	40	90	130	259
16600	20	15	41	91	65	259
16601	20	15	42	93	230	259
16602	20	15	43	92	46	260
16603	20	15	44	94	120	260
16604	20	15	45	95	120	262
16605	20	15	46	96	40	262
16606	20	15	47	97	5	262
16607	20	15	48	98	1	262
16608	20	15	49	99	175	263
16609	20	15	50	100	44	264
16610	20	15	51	101	11	264
16611	20	15	52	103	19	264
16612	20	16	0	51	68	252
16613	20	16	1	52	67	252
16614	20	16	2	53	72	252
16615	20	16	3	54	222	252
16616	20	16	4	55	93	252
16617	20	16	5	56	37	252
16618	20	16	6	57	165	252
16619	20	16	7	58	92	252
16620	20	16	8	59	61	252
16621	20	16	9	60	238	252
16622	20	16	10	61	102	252
16623	20	16	11	62	137	252
16624	20	16	12	63	248	252
16625	20	16	13	64	109	252
16626	20	16	14	65	177	252
16627	20	16	15	66	19	252
16628	20	16	16	67	132	252
16629	20	16	17	68	189	252
16630	20	16	18	69	39	252
16631	20	16	19	70	37	252
16632	20	16	20	71	89	252
16633	20	16	21	72	80	252
16634	20	16	22	73	111	252
16635	20	16	23	74	172	252
16636	20	16	24	75	29	252
16637	20	16	25	76	146	252
16638	20	16	26	3	228	253
16639	20	16	27	77	221	253
16640	20	16	28	78	249	253
16641	20	16	29	79	7	254
16642	20	16	30	1	218	255
16643	20	16	31	80	118	255
16644	20	16	32	81	161	255
16645	20	16	33	82	246	255
16646	20	16	34	83	17	256
16647	20	16	35	85	125	256
16648	20	16	36	84	135	257
16649	20	16	37	86	173	257
16650	20	16	38	89	151	258
16651	20	16	39	87	198	259
16652	20	16	40	88	147	259
16653	20	16	41	90	198	260
16654	20	16	42	91	99	260
16655	20	16	43	93	171	260
16656	20	16	44	92	37	261
16657	20	16	45	94	203	261
16658	20	16	46	95	203	263
16659	20	16	47	96	243	263
16660	20	16	48	97	129	263
16661	20	16	49	98	131	263
16662	20	16	50	99	44	264
16663	20	16	51	100	241	265
16664	20	17	0	4	232	253
16665	20	17	1	5	128	253
16666	20	17	2	6	138	253
16667	20	17	3	7	185	253
16668	20	17	4	8	221	253
16669	20	17	5	9	261	253
16670	20	17	6	10	164	253
16671	20	17	7	11	95	253
16672	20	17	8	12	126	253
16673	20	17	9	13	107	253
16674	20	17	10	14	134	253
16675	20	17	11	15	71	253
16676	20	17	12	16	207	253
16677	20	17	13	17	77	253
16678	20	17	14	18	144	253
16679	20	17	15	19	103	253
16680	20	17	16	20	228	253
16681	20	17	17	21	6	253
16682	20	17	18	22	101	253
16683	20	17	19	23	135	253
16684	20	17	20	24	200	253
16685	20	17	21	25	156	253
16686	20	17	22	26	30	253
16687	20	17	23	27	190	253
16688	20	17	24	28	18	253
16689	20	17	25	74	110	253
16690	20	17	26	75	95	253
16691	20	17	27	76	179	253
16692	20	17	28	77	21	254
16693	20	17	29	78	7	254
16694	20	17	30	79	128	255
16695	20	17	31	1	231	256
16696	20	17	32	80	204	256
16697	20	17	33	81	51	256
16698	20	17	34	82	140	256
16699	20	17	35	83	123	257
16700	20	17	36	85	159	257
16701	20	17	37	84	261	258
16702	20	17	38	86	45	258
16703	20	17	39	89	20	259
16704	20	17	40	87	40	260
16705	20	17	41	88	224	260
16706	20	17	42	90	164	261
16707	20	17	43	91	82	261
16708	20	17	44	93	166	261
16709	20	17	45	92	63	262
16710	20	17	46	94	30	262
16711	20	17	47	95	30	264
16712	20	17	48	96	10	264
16713	20	17	49	97	67	264
16714	20	17	50	98	66	264
16715	20	18	0	29	212	253
16716	20	18	1	30	18	253
16717	20	18	2	31	1	253
16718	20	18	3	32	188	253
16719	20	18	4	33	250	253
16720	20	18	5	34	89	253
16721	20	18	6	35	190	253
16722	20	18	7	36	236	253
16723	20	18	8	37	223	253
16724	20	18	9	38	82	253
16725	20	18	10	39	148	253
16726	20	18	11	40	108	253
16727	20	18	12	41	13	253
16728	20	18	13	42	88	253
16729	20	18	14	43	26	253
16730	20	18	15	44	167	253
16731	20	18	16	45	116	253
16732	20	18	17	46	209	253
16733	20	18	18	47	226	253
16734	20	18	19	48	140	253
16735	20	18	20	49	244	253
16736	20	18	21	50	77	253
16737	20	18	22	51	121	253
16738	20	18	23	52	62	253
16739	20	18	24	72	49	253
16740	20	18	25	2	21	254
16741	20	18	26	74	208	254
16742	20	18	27	75	84	254
16743	20	18	28	76	42	254
16744	20	18	29	77	121	255
16745	20	18	30	78	128	255
16746	20	18	31	79	199	256
16747	20	18	32	0	246	257
16748	20	18	33	80	161	257
16749	20	18	34	81	106	257
16750	20	18	35	82	193	257
16751	20	18	36	83	70	258
16752	20	18	37	85	7	258
16753	20	18	38	84	45	259
16754	20	18	39	86	109	259
16755	20	18	40	89	206	260
16756	20	18	41	87	144	261
16757	20	18	42	88	216	261
16758	20	18	43	90	181	262
16759	20	18	44	91	222	262
16760	20	18	45	93	120	262
16761	20	18	46	92	150	263
16762	20	18	47	94	248	263
16763	20	18	48	95	248	265
16764	20	18	49	96	258	265
16765	20	19	0	53	187	253
16766	20	19	1	54	148	253
16767	20	19	2	55	232	253
16768	20	19	3	56	185	253
16769	20	19	4	57	24	253
16770	20	19	5	58	214	253
16771	20	19	6	59	112	253
16772	20	19	7	60	227	253
16773	20	19	8	61	7	253
16774	20	19	9	62	232	253
16775	20	19	10	63	35	253
16776	20	19	11	64	146	253
16777	20	19	12	65	199	253
16778	20	19	13	66	189	253
16779	20	19	14	67	79	253
16780	20	19	15	68	14	253
16781	20	19	16	69	125	253
16782	20	19	17	70	14	253
16783	20	19	18	71	172	253
16784	20	19	19	73	176	253
16785	20	19	20	3	152	254
16786	20	19	21	4	59	254
16787	20	19	22	5	66	254
16788	20	19	23	6	141	254
16789	20	19	24	7	223	254
16790	20	19	25	8	219	254
16791	20	19	26	72	47	254
16792	20	19	27	74	159	255
16793	20	19	28	75	221	255
16794	20	19	29	76	242	255
16795	20	19	30	77	71	256
16796	20	19	31	78	199	256
16797	20	19	32	1	221	257
16798	20	19	33	79	8	257
16799	20	19	34	80	51	258
16800	20	19	35	81	210	258
16801	20	19	36	82	35	258
16802	20	19	37	83	228	259
16803	20	19	38	85	19	259
16804	20	19	39	84	236	260
16805	20	19	40	86	77	260
16806	20	19	41	89	216	261
16807	20	19	42	87	66	262
16808	20	19	43	88	159	262
16809	20	19	44	90	41	263
16810	20	19	45	91	152	263
16811	20	19	46	93	233	263
16812	20	19	47	92	113	264
16813	20	19	48	94	139	264
16814	20	20	0	9	162	254
16815	20	20	1	10	50	254
16816	20	20	2	11	169	254
16817	20	20	3	12	8	254
16818	20	20	4	13	23	254
16819	20	20	5	14	238	254
16820	20	20	6	15	33	254
16821	20	20	7	16	69	254
16822	20	20	8	17	43	254
16823	20	20	9	18	11	254
16824	20	20	10	19	257	254
16825	20	20	11	20	260	254
16826	20	20	12	21	50	254
16827	20	20	13	22	178	254
16828	20	20	14	23	249	254
16829	20	20	15	24	257	254
16830	20	20	16	25	8	254
16831	20	20	17	26	30	254
16832	20	20	18	27	255	254
16833	20	20	19	28	253	254
16834	20	20	20	29	125	254
16835	20	20	21	30	126	254
16836	20	20	22	31	119	254
16837	20	20	23	32	151	254
16838	20	20	24	70	228	254
16839	20	20	25	73	11	254
16840	20	20	26	2	3	255
16841	20	20	27	72	151	255
16842	20	20	28	74	52	256
16843	20	20	29	75	21	256
16844	20	20	30	76	142	256
16845	20	20	31	77	96	257
16846	20	20	32	78	32	257
16847	20	20	33	0	236	258
16848	20	20	34	79	259	258
16849	20	20	35	80	106	259
16850	20	20	36	81	158	259
16851	20	20	37	82	114	259
16852	20	20	38	83	149	260
16853	20	20	39	85	45	260
16854	20	20	40	84	247	261
16855	20	20	41	86	93	261
16856	20	20	42	89	45	262
16857	20	20	43	87	12	263
16858	20	20	44	88	238	263
16859	20	20	45	90	111	264
16860	20	20	46	91	187	264
16861	20	20	47	92	113	265
16862	20	21	0	33	231	254
16863	20	21	1	34	152	254
16864	20	21	2	35	32	254
16865	20	21	3	36	51	254
16866	20	21	4	37	21	254
16867	20	21	5	38	117	254
16868	20	21	6	39	80	254
16869	20	21	7	40	29	254
16870	20	21	8	41	53	254
16871	20	21	9	42	209	254
16872	20	21	10	43	69	254
16873	20	21	11	44	166	254
16874	20	21	12	45	212	254
16875	20	21	13	46	44	254
16876	20	21	14	47	14	254
16877	20	21	15	48	133	254
16878	20	21	16	49	168	254
16879	20	21	17	50	7	254
16880	20	21	18	51	110	254
16881	20	21	19	52	183	254
16882	20	21	20	53	244	254
16883	20	21	21	54	162	254
16884	20	21	22	55	126	254
16885	20	21	23	69	238	254
16886	20	21	24	71	259	254
16887	20	21	25	70	233	255
16888	20	21	26	73	71	255
16889	20	21	27	2	99	256
16890	20	21	28	72	89	256
16891	20	21	29	74	237	257
16892	20	21	30	75	121	257
16893	20	21	31	76	192	257
16894	20	21	32	77	215	258
16895	20	21	33	78	247	258
16896	20	21	34	0	86	259
16897	20	21	35	79	2	259
16898	20	21	36	80	210	260
16899	20	21	37	81	184	260
16900	20	21	38	82	206	260
16901	20	21	39	83	57	261
16902	20	21	40	85	16	261
16903	20	21	41	84	186	262
16904	20	21	42	86	85	262
16905	20	21	43	89	205	263
16906	20	21	44	87	115	264
16907	20	21	45	88	3	264
16908	20	21	46	93	83	264
16909	20	22	0	56	55	254
16910	20	22	1	57	240	254
16911	20	22	2	58	177	254
16912	20	22	3	59	126	254
16913	20	22	4	60	130	254
16914	20	22	5	61	128	254
16915	20	22	6	62	168	254
16916	20	22	7	63	97	254
16917	20	22	8	64	232	254
16918	20	22	9	65	163	254
16919	20	22	10	66	116	254
16920	20	22	11	67	15	254
16921	20	22	12	68	192	254
16922	20	22	13	3	170	255
16923	20	22	14	4	148	255
16924	20	22	15	5	197	255
16925	20	22	16	6	76	255
16926	20	22	17	7	59	255
16927	20	22	18	8	242	255
16928	20	22	19	9	213	255
16929	20	22	20	10	50	255
16930	20	22	21	11	80	255
16931	20	22	22	12	78	255
16932	20	22	23	13	201	255
16933	20	22	24	69	144	255
16934	20	22	25	71	45	255
16935	20	22	26	70	176	256
16936	20	22	27	73	255	256
16937	20	22	28	2	164	257
16938	20	22	29	72	6	257
16939	20	22	30	74	13	258
16940	20	22	31	75	71	258
16941	20	22	32	76	167	258
16942	20	22	33	77	24	259
16943	20	22	34	78	8	259
16944	20	22	35	0	67	260
16945	20	22	36	79	262	260
16946	20	22	37	80	158	261
16947	20	22	38	81	171	261
16948	20	22	39	82	160	261
16949	20	22	40	83	103	262
16950	20	22	41	85	170	262
16951	20	22	42	84	255	263
16952	20	22	43	86	89	263
16953	20	22	44	89	92	264
16954	20	22	45	87	47	265
16955	20	23	0	14	25	255
16956	20	23	1	15	149	255
16957	20	23	2	16	222	255
16958	20	23	3	17	165	255
16959	20	23	4	18	100	255
16960	20	23	5	19	70	255
16961	20	23	6	20	157	255
16962	20	23	7	21	220	255
16963	20	23	8	22	125	255
16964	20	23	9	23	260	255
16965	20	23	10	24	232	255
16966	20	23	11	25	59	255
16967	20	23	12	26	137	255
16968	20	23	13	27	90	255
16969	20	23	14	28	163	255
16970	20	23	15	29	257	255
16971	20	23	16	30	36	255
16972	20	23	17	31	52	255
16973	20	23	18	32	13	255
16974	20	23	19	33	15	255
16975	20	23	20	34	92	255
16976	20	23	21	35	53	255
16977	20	23	22	36	197	255
16978	20	23	23	67	75	255
16979	20	23	24	68	25	255
16980	20	23	25	69	191	256
16981	20	23	26	71	219	256
16982	20	23	27	70	218	257
16983	20	23	28	73	56	257
16984	20	23	29	1	61	258
16985	20	23	30	72	191	258
16986	20	23	31	74	125	259
16987	20	23	32	75	96	259
16988	20	23	33	76	48	259
16989	20	23	34	77	251	260
16990	20	23	35	78	259	260
16991	20	23	36	0	147	261
16992	20	23	37	79	132	261
16993	20	23	38	80	184	262
16994	20	23	39	81	46	262
16995	20	23	40	82	183	262
16996	20	23	41	83	80	263
16997	20	23	42	85	89	263
16998	20	23	43	84	8	264
16999	20	23	44	86	87	264
17000	20	24	0	37	188	255
17001	20	24	1	38	71	255
17002	20	24	2	39	169	255
17003	20	24	3	40	9	255
17004	20	24	4	41	55	255
17005	20	24	5	42	162	255
17006	20	24	6	43	240	255
17007	20	24	7	44	201	255
17008	20	24	8	45	85	255
17009	20	24	9	46	39	255
17010	20	24	10	47	39	255
17011	20	24	11	48	30	255
17012	20	24	12	49	39	255
17013	20	24	13	50	181	255
17014	20	24	14	51	41	255
17015	20	24	15	53	20	255
17016	20	24	16	52	77	255
17017	20	24	17	54	3	255
17018	20	24	18	55	173	255
17019	20	24	19	56	145	255
17020	20	24	20	57	227	255
17021	20	24	21	58	18	255
17022	20	24	22	65	112	255
17023	20	24	23	66	75	255
17024	20	24	24	67	94	256
17025	20	24	25	68	119	256
17026	20	24	26	69	36	257
17027	20	24	27	71	230	257
17028	20	24	28	2	150	258
17029	20	24	29	70	11	258
17030	20	24	30	73	131	258
17031	20	24	31	72	94	259
17032	20	24	32	74	69	260
17033	20	24	33	75	215	260
17034	20	24	34	76	239	260
17035	20	24	35	77	6	261
17036	20	24	36	78	2	261
17037	20	24	37	0	87	262
17038	20	24	38	79	197	262
17039	20	24	39	80	171	263
17040	20	24	40	81	240	263
17041	20	24	41	82	40	263
17042	20	24	42	83	223	264
17043	20	24	43	84	8	265
17044	20	25	0	59	6	255
17045	20	25	1	60	127	255
17046	20	25	2	61	108	255
17047	20	25	3	62	204	255
17048	20	25	4	63	88	255
17049	20	25	5	64	94	255
17050	20	25	6	3	174	256
17051	20	25	7	4	257	256
17052	20	25	8	5	119	256
17053	20	25	9	6	35	256
17054	20	25	10	7	127	256
17055	20	25	11	8	176	256
17056	20	25	12	9	176	256
17057	20	25	13	10	204	256
17058	20	25	14	11	18	256
17059	20	25	15	12	47	256
17060	20	25	16	13	66	256
17061	20	25	17	14	171	256
17062	20	25	18	15	233	256
17063	20	25	19	16	87	256
17064	20	25	20	17	15	256
17065	20	25	21	18	112	256
17066	20	25	22	19	216	256
17067	20	25	23	65	207	256
17068	20	25	24	66	94	256
17069	20	25	25	67	216	257
17070	20	25	26	68	72	257
17071	20	25	27	69	245	258
17072	20	25	28	71	44	258
17073	20	25	29	1	243	259
17074	20	25	30	70	178	259
17075	20	25	31	73	135	259
17076	20	25	32	72	53	260
17077	20	25	33	74	97	261
17078	20	25	34	75	24	261
17079	20	25	35	76	12	261
17080	20	25	36	77	260	262
17081	20	25	37	78	262	262
17082	20	25	38	0	132	263
17083	20	25	39	79	33	263
17084	20	25	40	80	46	264
17085	20	25	41	81	143	264
17086	20	25	42	82	243	264
17087	20	26	0	20	211	256
17088	20	26	1	21	228	256
17089	20	26	2	22	189	256
17090	20	26	3	23	135	256
17091	20	26	4	24	154	256
17092	20	26	5	25	249	256
17093	20	26	6	26	216	256
17094	20	26	7	27	49	256
17095	20	26	8	28	31	256
17096	20	26	9	29	214	256
17097	20	26	10	30	42	256
17098	20	26	11	31	15	256
17099	20	26	12	32	14	256
17100	20	26	13	33	109	256
17101	20	26	14	34	60	256
17102	20	26	15	35	56	256
17103	20	26	16	36	154	256
17104	20	26	17	37	234	256
17105	20	26	18	38	28	256
17106	20	26	19	39	230	256
17107	20	26	20	40	185	256
17108	20	26	21	63	205	256
17109	20	26	22	64	78	256
17110	20	26	23	3	115	257
17111	20	26	24	65	28	257
17112	20	26	25	66	216	257
17113	20	26	26	67	155	258
17114	20	26	27	68	227	258
17115	20	26	28	69	9	259
17116	20	26	29	71	30	259
17117	20	26	30	1	148	260
17118	20	26	31	70	147	260
17119	20	26	32	73	161	260
17120	20	26	33	72	259	261
17121	20	26	34	74	83	262
17122	20	26	35	75	251	262
17123	20	26	36	76	257	262
17124	20	26	37	77	133	263
17125	20	26	38	78	132	263
17126	20	26	39	0	164	264
17127	20	26	40	79	115	264
17128	20	26	41	85	221	264
17129	20	27	0	41	15	256
17130	20	27	1	42	232	256
17131	20	27	2	43	61	256
17132	20	27	3	44	22	256
17133	20	27	4	45	88	256
17134	20	27	5	46	238	256
17135	20	27	6	47	55	256
17136	20	27	7	48	217	256
17137	20	27	8	49	94	256
17138	20	27	9	50	79	256
17139	20	27	10	51	14	256
17140	20	27	11	52	229	256
17141	20	27	12	53	15	256
17142	20	27	13	54	60	256
17143	20	27	14	55	215	256
17144	20	27	15	56	166	256
17145	20	27	16	57	67	256
17146	20	27	17	58	111	256
17147	20	27	18	59	202	256
17148	20	27	19	60	85	256
17149	20	27	20	61	135	256
17150	20	27	21	62	234	256
17151	20	27	22	63	29	257
17152	20	27	23	64	224	257
17153	20	27	24	3	111	258
17154	20	27	25	65	249	258
17155	20	27	26	66	155	258
17156	20	27	27	67	54	259
17157	20	27	28	68	18	259
17158	20	27	29	69	127	260
17159	20	27	30	71	222	260
17160	20	27	31	1	20	261
17161	20	27	32	70	219	261
17162	20	27	33	73	134	261
17163	20	27	34	72	146	262
17164	20	27	35	74	90	263
17165	20	27	36	75	6	263
17166	20	27	37	76	3	263
17167	20	27	38	77	65	264
17168	20	27	39	78	197	264
17169	20	27	40	0	140	265
17170	20	28	0	4	237	257
17171	20	28	1	5	177	257
17172	20	28	2	6	12	257
17173	20	28	3	7	163	257
17174	20	28	4	8	257	257
17175	20	28	5	9	46	257
17176	20	28	6	10	225	257
17177	20	28	7	11	136	257
17178	20	28	8	12	112	257
17179	20	28	9	13	7	257
17180	20	28	10	14	65	257
17181	20	28	11	15	96	257
17182	20	28	12	16	200	257
17183	20	28	13	17	197	257
17184	20	28	14	18	137	257
17185	20	28	15	19	70	257
17186	20	28	16	20	253	257
17187	20	28	17	21	217	257
17188	20	28	18	22	193	257
17189	20	28	19	23	46	257
17190	20	28	20	61	135	257
17191	20	28	21	60	176	257
17192	20	28	22	62	146	257
17193	20	28	23	63	117	258
17194	20	28	24	64	151	258
17195	20	28	25	2	151	259
17196	20	28	26	65	7	259
17197	20	28	27	66	54	259
17198	20	28	28	67	236	260
17199	20	28	29	68	254	260
17200	20	28	30	69	68	261
17201	20	28	31	71	165	261
17202	20	28	32	1	121	262
17203	20	28	33	70	54	262
17204	20	28	34	73	23	262
17205	20	28	35	72	64	263
17206	20	28	36	74	218	264
17207	20	28	37	75	260	264
17208	20	28	38	76	130	264
17209	20	28	39	77	99	265
17210	20	29	0	24	23	257
17211	20	29	1	25	40	257
17212	20	29	2	26	74	257
17213	20	29	3	27	60	257
17214	20	29	4	28	211	257
17215	20	29	5	29	121	257
17216	20	29	6	30	242	257
17217	20	29	7	31	178	257
17218	20	29	8	32	47	257
17219	20	29	9	33	141	257
17220	20	29	10	34	45	257
17221	20	29	11	35	116	257
17222	20	29	12	36	103	257
17223	20	29	13	37	109	257
17224	20	29	14	38	200	257
17225	20	29	15	39	208	257
17226	20	29	16	40	173	257
17227	20	29	17	41	191	257
17228	20	29	18	42	137	257
17229	20	29	19	43	106	257
17230	20	29	20	59	81	257
17231	20	29	21	60	176	258
17232	20	29	22	61	32	258
17233	20	29	23	62	190	258
17234	20	29	24	3	74	259
17235	20	29	25	63	84	259
17236	20	29	26	64	14	259
17237	20	29	27	65	128	260
17238	20	29	28	66	236	260
17239	20	29	29	67	145	261
17240	20	29	30	68	136	261
17241	20	29	31	69	229	262
17242	20	29	32	71	174	262
17243	20	29	33	1	210	263
17244	20	29	34	70	112	263
17245	20	29	35	73	75	263
17246	20	29	36	72	54	264
17247	20	29	37	74	154	265
17248	20	29	38	75	133	265
17249	20	30	0	44	21	257
17250	20	30	1	45	194	257
17251	20	30	2	46	52	257
17252	20	30	3	47	200	257
17253	20	30	4	48	73	257
17254	20	30	5	49	180	257
17255	20	30	6	50	175	257
17256	20	30	7	51	160	257
17257	20	30	8	52	57	257
17258	20	30	9	53	58	257
17259	20	30	10	54	85	257
17260	20	30	11	55	128	257
17261	20	30	12	56	251	257
17262	20	30	13	57	94	257
17263	20	30	14	58	239	257
17264	20	30	15	4	28	258
17265	20	30	16	5	142	258
17266	20	30	17	6	204	258
17267	20	30	18	7	127	258
17268	20	30	19	8	251	258
17269	20	30	20	9	111	258
17270	20	30	21	59	91	258
17271	20	30	22	60	87	259
17272	20	30	23	61	255	259
17273	20	30	24	62	168	259
17274	20	30	25	2	250	260
17275	20	30	26	63	221	260
17276	20	30	27	64	256	260
17277	20	30	28	65	199	261
17278	20	30	29	66	145	261
17279	20	30	30	67	59	262
17280	20	30	31	68	195	262
17281	20	30	32	69	17	263
17282	20	30	33	71	245	263
17283	20	30	34	1	156	264
17284	20	30	35	70	162	264
17285	20	30	36	73	248	264
17286	20	30	37	72	64	265
17287	20	31	0	10	95	258
17288	20	31	1	11	53	258
17289	20	31	2	12	28	258
17290	20	31	3	13	129	258
17291	20	31	4	14	12	258
17292	20	31	5	15	26	258
17293	20	31	6	16	10	258
17294	20	31	7	17	9	258
17295	20	31	8	18	186	258
17296	20	31	9	19	229	258
17297	20	31	10	20	5	258
17298	20	31	11	21	15	258
17299	20	31	12	22	260	258
17300	20	31	13	23	131	258
17301	20	31	14	24	124	258
17302	20	31	15	25	48	258
17303	20	31	16	26	217	258
17304	20	31	17	27	105	258
17305	20	31	18	28	141	258
17306	20	31	19	29	101	258
17307	20	31	20	30	149	258
17308	20	31	21	56	65	258
17309	20	31	22	59	86	259
17310	20	31	23	60	132	260
17311	20	31	24	61	178	260
17312	20	31	25	62	179	260
17313	20	31	26	2	207	261
17314	20	31	27	63	21	261
17315	20	31	28	64	135	261
17316	20	31	29	65	32	262
17317	20	31	30	66	59	262
17318	20	31	31	67	102	263
17319	20	31	32	68	34	263
17320	20	31	33	69	123	264
17321	20	31	34	71	106	264
17322	20	31	35	1	170	265
17323	20	31	36	70	18	265
17324	20	32	0	31	8	258
17325	20	32	1	32	18	258
17326	20	32	2	33	144	258
17327	20	32	3	34	220	258
17328	20	32	4	35	243	258
17329	20	32	5	36	87	258
17330	20	32	6	37	216	258
17331	20	32	7	38	102	258
17332	20	32	8	39	50	258
17333	20	32	9	40	119	258
17334	20	32	10	41	187	258
17335	20	32	11	42	179	258
17336	20	32	12	43	29	258
17337	20	32	13	44	167	258
17338	20	32	14	45	197	258
17339	20	32	15	46	28	258
17340	20	32	16	47	186	258
17341	20	32	17	48	211	258
17342	20	32	18	55	137	258
17343	20	32	19	57	103	258
17344	20	32	20	58	147	258
17345	20	32	21	4	58	259
17346	20	32	22	56	101	259
17347	20	32	23	59	220	260
17348	20	32	24	60	175	261
17349	20	32	25	61	262	261
17350	20	32	26	62	42	261
17351	20	32	27	2	42	262
17352	20	32	28	63	121	262
17353	20	32	29	64	64	262
17354	20	32	30	65	247	263
17355	20	32	31	66	102	263
17356	20	32	32	67	212	264
17357	20	32	33	68	246	264
17358	20	32	34	69	70	265
17359	20	32	35	71	30	265
17360	20	33	0	49	232	258
17361	20	33	1	50	221	258
17362	20	33	2	51	183	258
17363	20	33	3	52	241	258
17364	20	33	4	53	84	258
17365	20	33	5	54	243	258
17366	20	33	6	5	25	259
17367	20	33	7	6	48	259
17368	20	33	8	7	236	259
17369	20	33	9	8	173	259
17370	20	33	10	9	170	259
17371	20	33	11	10	152	259
17372	20	33	12	11	43	259
17373	20	33	13	12	157	259
17374	20	33	14	13	111	259
17375	20	33	15	14	65	259
17376	20	33	16	15	248	259
17377	20	33	17	16	180	259
17378	20	33	18	17	50	259
17379	20	33	19	55	63	259
17380	20	33	20	57	262	259
17381	20	33	21	58	185	259
17382	20	33	22	3	48	260
17383	20	33	23	56	41	260
17384	20	33	24	59	153	261
17385	20	33	25	60	55	262
17386	20	33	26	61	53	262
17387	20	33	27	62	242	262
17388	20	33	28	2	100	263
17389	20	33	29	63	71	263
17390	20	33	30	64	231	263
17391	20	33	31	65	8	264
17392	20	33	32	66	212	264
17393	20	33	33	67	157	265
17394	20	33	34	68	140	265
17395	20	34	0	18	236	259
17396	20	34	1	19	107	259
17397	20	34	2	20	29	259
17398	20	34	3	21	171	259
17399	20	34	4	22	226	259
17400	20	34	5	23	253	259
17401	20	34	6	24	221	259
17402	20	34	7	25	14	259
17403	20	34	8	26	117	259
17404	20	34	9	27	261	259
17405	20	34	10	28	110	259
17406	20	34	11	29	100	259
17407	20	34	12	30	212	259
17408	20	34	13	31	127	259
17409	20	34	14	32	204	259
17410	20	34	15	33	104	259
17411	20	34	16	34	23	259
17412	20	34	17	35	259	259
17413	20	34	18	52	109	259
17414	20	34	19	54	63	259
17415	20	34	20	4	222	260
17416	20	34	21	55	25	260
17417	20	34	22	57	253	260
17418	20	34	23	58	31	260
17419	20	34	24	56	174	261
17420	20	34	25	59	55	262
17421	20	34	26	60	230	263
17422	20	34	27	61	219	263
17423	20	34	28	62	142	263
17424	20	34	29	2	188	264
17425	20	34	30	63	96	264
17426	20	34	31	64	16	264
17427	20	34	32	65	259	265
17428	20	34	33	66	157	265
17429	20	35	0	36	209	259
17430	20	35	1	37	149	259
17431	20	35	2	38	29	259
17432	20	35	3	39	137	259
17433	20	35	4	40	13	259
17434	20	35	5	41	183	259
17435	20	35	6	42	89	259
17436	20	35	7	43	189	259
17437	20	35	8	44	236	259
17438	20	35	9	45	204	259
17439	20	35	10	46	58	259
17440	20	35	11	47	38	259
17441	20	35	12	48	89	259
17442	20	35	13	49	227	259
17443	20	35	14	50	228	259
17444	20	35	15	51	169	259
17445	20	35	16	53	188	259
17446	20	35	17	5	145	260
17447	20	35	18	6	245	260
17448	20	35	19	52	192	260
17449	20	35	20	54	100	260
17450	20	35	21	3	58	261
17451	20	35	22	55	119	261
17452	20	35	23	57	115	261
17453	20	35	24	58	243	261
17454	20	35	25	56	134	262
17455	20	35	26	59	104	263
17456	20	35	27	60	85	264
17457	20	35	28	61	94	264
17458	20	35	29	62	192	264
17459	20	35	30	2	122	265
17460	20	35	31	63	215	265
17461	20	35	32	64	255	265
17462	20	36	0	7	146	260
17463	20	36	1	8	199	260
17464	20	36	2	9	174	260
17465	20	36	3	10	130	260
17466	20	36	4	11	253	260
17467	20	36	5	12	175	260
17468	20	36	6	13	119	260
17469	20	36	7	14	150	260
17470	20	36	8	15	224	260
17471	20	36	9	16	211	260
17472	20	36	10	17	22	260
17473	20	36	11	18	140	260
17474	20	36	12	19	250	260
17475	20	36	13	20	64	260
17476	20	36	14	21	158	260
17477	20	36	15	22	7	260
17478	20	36	16	23	110	260
17479	20	36	17	24	33	260
17480	20	36	18	51	214	260
17481	20	36	19	53	141	260
17482	20	36	20	52	153	261
17483	20	36	21	54	213	261
17484	20	36	22	3	88	262
17485	20	36	23	55	72	262
17486	20	36	24	57	19	262
17487	20	36	25	58	226	262
17488	20	36	26	56	29	263
17489	20	36	27	59	211	264
17490	20	36	28	60	252	265
17491	20	36	29	61	189	265
17492	20	36	30	62	167	265
17493	20	36	31	73	121	265
17494	20	37	0	25	100	260
17495	20	37	1	26	199	260
17496	20	37	2	27	250	260
17497	20	37	3	28	228	260
17498	20	37	4	29	241	260
17499	20	37	5	30	116	260
17500	20	37	6	31	116	260
17501	20	37	7	32	248	260
17502	20	37	8	33	43	260
17503	20	37	9	34	11	260
17504	20	37	10	35	190	260
17505	20	37	11	36	4	260
17506	20	37	12	37	64	260
17507	20	37	13	38	75	260
17508	20	37	14	39	212	260
17509	20	37	15	40	243	260
17510	20	37	16	41	165	260
17511	20	37	17	42	53	260
17512	20	37	18	50	107	260
17513	20	37	19	51	156	261
17514	20	37	20	53	211	261
17515	20	37	21	52	244	262
17516	20	37	22	54	25	262
17517	20	37	23	3	197	263
17518	20	37	24	55	227	263
17519	20	37	25	57	18	263
17520	20	37	26	58	88	263
17521	20	37	27	56	222	264
17522	20	37	28	59	26	265
17523	20	37	29	76	76	265
17524	20	37	30	78	207	265
17525	20	38	0	43	37	260
17526	20	38	1	44	175	260
17527	20	38	2	45	224	260
17528	20	38	3	46	235	260
17529	20	38	4	47	147	260
17530	20	38	5	48	255	260
17531	20	38	6	49	133	260
17532	20	38	7	4	205	261
17533	20	38	8	5	177	261
17534	20	38	9	6	214	261
17535	20	38	10	7	85	261
17536	20	38	11	8	149	261
17537	20	38	12	9	13	261
17538	20	38	13	10	250	261
17539	20	38	14	11	207	261
17540	20	38	15	12	252	261
17541	20	38	16	13	260	261
17542	20	38	17	14	252	261
17543	20	38	18	15	92	261
17544	20	38	19	50	78	261
17545	20	38	20	51	185	262
17546	20	38	21	53	214	262
17547	20	38	22	52	54	263
17548	20	38	23	54	119	263
17549	20	38	24	3	181	264
17550	20	38	25	55	18	264
17551	20	38	26	57	43	264
17552	20	38	27	58	182	264
17553	20	38	28	56	243	265
17554	20	38	29	79	214	265
17555	20	39	0	16	109	261
17556	20	39	1	17	42	261
17557	20	39	2	18	156	261
17558	20	39	3	19	245	261
17559	20	39	4	20	203	261
17560	20	39	5	22	109	261
17561	20	39	6	21	171	261
17562	20	39	7	23	235	261
17563	20	39	8	24	135	261
17564	20	39	9	25	64	261
17565	20	39	10	26	178	261
17566	20	39	11	27	253	261
17567	20	39	12	28	129	261
17568	20	39	13	29	153	261
17569	20	39	14	30	153	261
17570	20	39	15	31	87	261
17571	20	39	16	32	32	261
17572	20	39	17	47	209	261
17573	20	39	18	48	147	261
17574	20	39	19	49	117	261
17575	20	39	20	50	224	262
17576	20	39	21	51	39	263
17577	20	39	22	53	62	263
17578	20	39	23	52	229	264
17579	20	39	24	54	72	264
17580	20	39	25	3	193	265
17581	20	39	26	55	254	265
17582	20	39	27	57	84	265
17583	20	39	28	58	87	265
17584	20	40	0	33	216	261
17585	20	40	1	34	159	261
17586	20	40	2	35	92	261
17587	20	40	3	36	235	261
17588	20	40	4	37	68	261
17589	20	40	5	38	254	261
17590	20	40	6	39	9	261
17591	20	40	7	40	14	261
17592	20	40	8	41	136	261
17593	20	40	9	42	151	261
17594	20	40	10	43	116	261
17595	20	40	11	44	234	261
17596	20	40	12	45	212	261
17597	20	40	13	46	129	261
17598	20	40	14	4	22	262
17599	20	40	15	5	43	262
17600	20	40	16	6	226	262
17601	20	40	17	7	105	262
17602	20	40	18	47	27	262
17603	20	40	19	48	58	262
17604	20	40	20	49	73	262
17605	20	40	21	50	151	263
17606	20	40	22	51	112	264
17607	20	40	23	53	16	264
17608	20	40	24	52	115	265
17609	20	40	25	54	227	265
17610	20	40	26	80	62	265
17611	20	40	27	81	249	265
17612	20	41	0	8	202	262
17613	20	41	1	9	187	262
17614	20	41	2	10	216	262
17615	20	41	3	11	71	262
17616	20	41	4	12	100	262
17617	20	41	5	13	7	262
17618	20	41	6	14	78	262
17619	20	41	7	15	148	262
17620	20	41	8	16	83	262
17621	20	41	9	17	96	262
17622	20	41	10	18	1	262
17623	20	41	11	19	117	262
17624	20	41	12	20	67	262
17625	20	41	13	21	201	262
17626	20	41	14	22	201	262
17627	20	41	15	23	130	262
17628	20	41	16	45	61	262
17629	20	41	17	46	162	262
17630	20	41	18	4	12	263
17631	20	41	19	47	118	263
17632	20	41	20	48	234	263
17633	20	41	21	49	95	263
17634	20	41	22	50	56	264
17635	20	41	23	51	207	265
17636	20	41	24	53	100	265
17637	20	41	25	82	54	265
17638	20	41	26	83	41	265
17639	20	42	0	24	226	262
17640	20	42	1	25	255	262
17641	20	42	2	26	90	262
17642	20	42	3	27	56	262
17643	20	42	4	28	25	262
17644	20	42	5	29	14	262
17645	20	42	6	30	243	262
17646	20	42	7	31	195	262
17647	20	42	8	32	67	262
17648	20	42	9	33	166	262
17649	20	42	10	34	203	262
17650	20	42	11	35	53	262
17651	20	42	12	36	6	262
17652	20	42	13	37	233	262
17653	20	42	14	38	234	262
17654	20	42	15	42	63	262
17655	20	42	16	44	122	262
17656	20	42	17	45	101	263
17657	20	42	18	46	182	263
17658	20	42	19	4	254	264
17659	20	42	20	47	204	264
17660	20	42	21	48	146	264
17661	20	42	22	49	84	264
17662	20	42	23	50	235	265
17663	20	42	24	86	179	265
17664	20	42	25	85	43	265
17665	20	43	0	39	23	262
17666	20	43	1	40	181	262
17667	20	43	2	41	199	262
17668	20	43	3	43	193	262
17669	20	43	4	5	26	263
17670	20	43	5	6	207	263
17671	20	43	6	7	246	263
17672	20	43	7	8	196	263
17673	20	43	8	9	94	263
17674	20	43	9	10	259	263
17675	20	43	10	11	248	263
17676	20	43	11	12	145	263
17677	20	43	12	13	90	263
17678	20	43	13	14	248	263
17679	20	43	14	15	132	263
17680	20	43	15	16	25	263
17681	20	43	16	42	80	263
17682	20	43	17	44	202	263
17683	20	43	18	45	81	264
17684	20	43	19	46	172	264
17685	20	43	20	4	204	265
17686	20	43	21	47	161	265
17687	20	43	22	48	190	265
17688	20	43	23	49	221	265
17689	20	43	24	88	184	265
17690	20	44	0	17	99	263
17691	20	44	1	18	204	263
17692	20	44	2	19	235	263
17693	20	44	3	20	256	263
17694	20	44	4	21	24	263
17695	20	44	5	22	157	263
17696	20	44	6	23	168	263
17697	20	44	7	24	55	263
17698	20	44	8	25	8	263
17699	20	44	9	26	70	263
17700	20	44	10	27	78	263
17701	20	44	11	28	161	263
17702	20	44	12	29	158	263
17703	20	44	13	30	100	263
17704	20	44	14	31	261	263
17705	20	44	15	32	163	263
17706	20	44	16	43	252	263
17707	20	44	17	42	142	264
17708	20	44	18	44	162	264
17709	20	44	19	45	91	265
17710	20	44	20	46	177	265
17711	20	44	21	89	82	265
17712	20	44	22	90	246	265
17713	20	44	23	91	182	265
17714	20	45	0	33	227	263
17715	20	45	1	34	116	263
17716	20	45	2	35	50	263
17717	20	45	3	36	52	263
17718	20	45	4	37	54	263
17719	20	45	5	38	81	263
17720	20	45	6	39	105	263
17721	20	45	7	40	218	263
17722	20	45	8	41	72	263
17723	20	45	9	5	242	264
17724	20	45	10	6	25	264
17725	20	45	11	7	28	264
17726	20	45	12	8	9	264
17727	20	45	13	9	188	264
17728	20	45	14	10	31	264
17729	20	45	15	11	101	264
17730	20	45	16	12	134	264
17731	20	45	17	43	116	264
17732	20	45	18	42	127	265
17733	20	45	19	44	182	265
17734	20	45	20	93	93	265
17735	20	45	21	94	207	265
17736	20	45	22	97	170	265
17737	20	46	0	13	126	264
17738	20	46	1	14	190	264
17739	20	46	2	15	243	264
17740	20	46	3	16	129	264
17741	20	46	4	17	111	264
17742	20	46	5	18	103	264
17743	20	46	6	19	16	264
17744	20	46	7	20	72	264
17745	20	46	8	21	12	264
17746	20	46	9	22	145	264
17747	20	46	10	23	10	264
17748	20	46	11	24	128	264
17749	20	46	12	25	152	264
17750	20	46	13	26	110	264
17751	20	46	14	27	23	264
17752	20	46	15	39	230	264
17753	20	46	16	40	126	264
17754	20	46	17	41	163	264
17755	20	46	18	43	84	265
17756	20	46	19	98	159	265
17757	20	46	20	99	3	265
17758	20	46	21	101	146	265
17759	20	47	0	28	7	264
17760	20	47	1	29	224	264
17761	20	47	2	30	153	264
17762	20	47	3	31	66	264
17763	20	47	4	32	109	264
17764	20	47	5	33	235	264
17765	20	47	6	34	91	264
17766	20	47	7	35	76	264
17767	20	47	8	36	230	264
17768	20	47	9	37	46	264
17769	20	47	10	38	217	264
17770	20	47	11	5	255	265
17771	20	47	12	6	26	265
17772	20	47	13	7	126	265
17773	20	47	14	8	236	265
17774	20	47	15	9	255	265
17775	20	47	16	39	148	265
17776	20	47	17	40	200	265
17777	20	47	18	41	50	265
17778	20	47	19	102	211	265
17779	20	47	20	103	222	265
17780	20	48	0	10	166	265
17781	20	48	1	11	35	265
17782	20	48	2	12	227	265
17783	20	48	3	13	15	265
17784	20	48	4	14	189	265
17785	20	48	5	15	64	265
17786	20	48	6	16	5	265
17787	20	48	7	17	171	265
17788	20	48	8	18	81	265
17789	20	48	9	19	122	265
17790	20	48	10	20	175	265
17791	20	48	11	21	89	265
17792	20	48	12	22	185	265
17793	20	48	13	23	188	265
17794	20	48	14	35	151	265
17795	20	48	15	38	165	265
17796	20	48	16	106	210	265
17797	20	48	17	107	118	265
17798	20	48	18	109	245	265
17799	20	48	19	111	15	265
17800	20	49	0	24	186	265
17801	20	49	1	25	193	265
17802	20	49	2	26	33	265
17803	20	49	3	27	185	265
17804	20	49	4	28	84	265
17805	20	49	5	29	68	265
17806	20	49	6	30	230	265
17807	20	49	7	31	199	265
17808	20	49	8	32	2	265
17809	20	49	9	33	146	265
17810	20	49	10	34	175	265
17811	20	49	11	36	37	265
17812	20	49	12	37	151	265
17813	20	49	13	112	26	265
17814	20	49	14	113	141	265
17815	20	49	15	117	72	265
17816	20	49	16	118	33	265
17817	20	49	17	120	27	265
17818	20	49	18	121	224	265
17819	20	50	0	125	220	265
17820	20	50	1	127	42	265
17821	20	50	2	129	25	265
17822	20	50	3	131	68	265
17823	20	50	4	0	169	266
17824	20	50	5	1	50	266
17825	20	50	6	2	200	266
17826	20	50	7	3	243	266
17827	20	50	8	4	101	266
17828	20	50	9	5	177	266
17829	20	50	10	6	44	266
17830	20	50	11	7	133	266
17831	20	50	12	8	142	266
17832	20	50	13	9	74	266
17833	20	50	14	10	241	266
17834	20	50	15	11	133	266
17835	20	50	16	12	86	266
17836	20	50	17	13	208	266
17837	20	51	0	14	86	266
17838	20	51	1	15	259	266
17839	20	51	2	16	143	266
17840	20	51	3	17	153	266
17841	20	51	4	18	29	266
17842	20	51	5	19	23	266
17843	20	51	6	20	42	266
17844	20	51	7	21	57	266
17845	20	51	8	22	186	266
17846	20	51	9	23	93	266
17847	20	51	10	24	98	266
17848	20	51	11	25	185	266
17849	20	51	12	26	227	266
17850	20	51	13	27	144	266
17851	20	51	14	28	247	266
17852	20	51	15	29	121	266
17853	20	51	16	30	210	266
17854	20	52	0	31	195	266
17855	20	52	1	32	204	266
17856	20	52	2	33	121	266
17857	20	52	3	34	60	266
17858	20	52	4	35	257	266
17859	20	52	5	36	133	266
17860	20	52	6	37	162	266
17861	20	52	7	38	237	266
17862	20	52	8	39	102	266
17863	20	52	9	40	88	266
17864	20	52	10	41	12	266
17865	20	52	11	42	153	266
17866	20	52	12	43	124	266
17867	20	52	13	44	192	266
17868	20	52	14	45	239	266
17869	20	52	15	46	211	266
17870	20	53	0	47	22	266
17871	20	53	1	48	39	266
17872	20	53	2	49	197	266
17873	20	53	3	50	190	266
17874	20	53	4	51	113	266
17875	20	53	5	52	260	266
17876	20	53	6	53	203	266
17877	20	53	7	54	38	266
17878	20	53	8	55	47	266
17879	20	53	9	56	129	266
17880	20	53	10	57	258	266
17881	20	53	11	58	233	266
17882	20	53	12	59	156	266
17883	20	53	13	60	107	266
17884	20	53	14	61	146	266
17885	20	54	0	62	62	266
17886	20	54	1	63	259	266
17887	20	54	2	64	245	266
17888	20	54	3	65	178	266
17889	20	54	4	66	146	266
17890	20	54	5	67	11	266
17891	20	54	6	68	30	266
17892	20	54	7	69	199	266
17893	20	54	8	70	69	266
17894	20	54	9	71	10	266
17895	20	54	10	72	140	266
17896	20	54	11	73	116	266
17897	20	54	12	74	99	266
17898	20	54	13	75	22	266
17899	20	55	0	76	245	266
17900	20	55	1	77	208	266
17901	20	55	2	78	217	266
17902	20	55	3	79	33	266
17903	20	55	4	80	103	266
17904	20	55	5	81	84	266
17905	20	55	6	82	116	266
17906	20	55	7	83	257	266
17907	20	55	8	84	156	266
17908	20	55	9	85	93	266
17909	20	55	10	86	49	266
17910	20	55	11	87	99	266
17911	20	55	12	88	156	266
17912	20	56	0	89	63	266
17913	20	56	1	90	117	266
17914	20	56	2	91	248	266
17915	20	56	3	92	86	266
17916	20	56	4	93	71	266
17917	20	56	5	94	168	266
17918	20	56	6	95	189	266
17919	20	56	7	96	15	266
17920	20	56	8	97	188	266
17921	20	56	9	98	160	266
17922	20	56	10	99	177	266
17923	20	56	11	100	107	266
17924	20	57	0	101	246	266
17925	20	57	1	102	59	266
17926	20	57	2	103	160	266
17927	20	57	3	104	194	266
17928	20	57	4	105	254	266
17929	20	57	5	106	98	266
17930	20	57	6	107	243	266
17931	20	57	7	108	2	266
17932	20	57	8	109	200	266
17933	20	57	9	110	188	266
17934	20	57	10	111	74	266
17935	20	58	0	112	19	266
17936	20	58	1	113	205	266
17937	20	58	2	114	8	266
17938	20	58	3	115	239	266
17939	20	58	4	116	237	266
17940	20	58	5	117	84	266
17941	20	58	6	118	102	266
17942	20	58	7	119	28	266
17943	20	58	8	120	99	266
17944	20	58	9	121	79	266
17945	20	59	0	122	206	266
17946	20	59	1	123	170	266
17947	20	59	2	124	25	266
17948	20	59	3	125	178	266
17949	20	59	4	126	195	266
17950	20	59	5	127	4	266
17951	20	59	6	128	89	266
17952	20	59	7	129	185	266
17953	20	59	8	130	68	266
17954	20	60	0	131	217	266
17955	20	60	1	133	227	266
17956	20	60	2	0	29	267
17957	20	60	3	1	217	267
17958	20	60	4	2	153	267
17959	20	60	5	3	230	267
17960	20	60	6	4	3	267
17961	20	60	7	5	118	267
17962	20	61	0	6	253	267
17963	20	61	1	7	140	267
17964	20	61	2	8	88	267
17965	20	61	3	9	204	267
17966	20	61	4	10	180	267
17967	20	61	5	11	163	267
17968	20	61	6	12	138	267
17969	20	62	0	13	261	267
17970	20	62	1	14	252	267
17971	20	62	2	15	96	267
17972	20	62	3	16	259	267
17973	20	62	4	17	45	267
17974	20	62	5	18	212	267
17975	20	63	0	19	19	267
17976	20	63	1	20	78	267
17977	20	63	2	21	221	267
17978	20	63	3	22	191	267
17979	20	63	4	23	8	267
17980	20	64	0	24	78	267
17981	20	64	1	25	231	267
17982	20	64	2	26	132	267
17983	20	64	3	27	203	267
17984	20	65	0	28	261	267
17985	20	65	1	29	24	267
17986	20	65	2	30	123	267
17987	20	66	0	31	181	267
17988	20	66	1	32	21	267
17989	20	67	0	33	146	267
