p 263 h 97 constraints 9631
0 0 1 0
1 0 1 1
2 0 1 2
3 0 1 3
4 0 1 4
5 0 1 5
6 0 1 6
7 0 1 7
8 0 1 8
9 0 1 9
10 0 1 10
11 0 1 11
12 0 1 12
13 0 1 13
14 0 1 14
15 0 1 15
16 0 1 16
17 0 1 17
18 0 1 18
19 0 1 19
20 0 1 20
21 0 1 21
22 0 1 22
23 0 1 23
24 0 1 24
25 0 1 25
26 0 1 26
27 0 1 27
28 0 1 28
29 0 1 29
30 0 1 30
31 0 1 31
32 0 1 32
33 0 1 33
34 0 1 34
35 0 1 35
36 0 1 36
37 0 1 37
38 0 1 38
39 1 1 2
40 1 1 3
41 1 1 4
42 1 1 5
43 1 1 6
44 1 1 7
45 1 1 8
46 1 1 9
47 1 1 10
48 1 1 11
49 1 1 12
50 1 1 13
51 1 1 14
52 1 1 15
53 1 1 16
54 1 1 17
55 1 1 18
56 1 1 19
57 1 1 20
58 1 1 21
59 1 1 22
60 1 1 23
61 1 1 24
62 1 1 25
63 1 1 26
64 1 1 27
65 1 1 28
66 1 1 29
67 1 1 30
68 1 1 31
69 1 1 32
70 1 1 33
71 1 1 34
72 1 1 35
73 1 1 36
74 1 1 37
75 1 1 38
76 2 1 4
77 2 1 5
78 2 1 6
79 2 1 7
80 2 1 8
81 2 1 9
82 2 1 10
83 2 1 11
84 2 1 12
85 2 1 13
86 2 1 14
87 2 1 15
88 2 1 16
89 2 1 17
90 2 1 18
91 2 1 19
92 2 1 20
93 2 1 21
94 2 1 22
95 2 1 23
96 2 1 24
97 2 1 25
98 2 1 26
99 2 1 27
100 2 1 28
101 2 1 29
102 2 1 30
103 2 1 31
104 2 1 32
105 2 1 33
106 2 1 34
107 2 1 35
108 2 1 36
109 2 1 37
110 2 1 38
111 3 1 6
112 3 1 7
113 3 1 8
114 3 1 9
115 3 1 10
116 3 1 11
117 3 1 12
118 3 1 13
119 3 1 14
120 3 1 15
121 3 1 16
122 3 1 17
123 3 1 18
124 3 1 19
125 3 1 20
126 3 1 21
127 3 1 22
128 3 1 23
129 3 1 24
130 3 1 25
131 3 1 26
132 3 1 27
133 3 1 28
134 3 1 29
135 3 1 30
136 3 1 31
137 3 1 32
138 3 1 33
139 3 1 34
140 3 1 35
141 3 1 36
142 3 1 37
143 3 1 38
144 4 1 8
145 4 1 9
146 4 1 10
147 4 1 11
148 4 1 12
149 4 1 13
150 4 1 14
151 4 1 15
152 4 1 16
153 4 1 17
154 4 1 18
155 4 1 19
156 4 1 20
157 4 1 21
158 4 1 22
159 4 1 23
160 4 1 24
161 4 1 25
162 4 1 26
163 4 1 27
164 4 1 28
165 4 1 29
166 4 1 30
167 4 1 31
168 4 1 32
169 4 1 33
170 4 1 34
171 4 1 35
172 4 1 36
173 4 1 37
174 4 1 38
175 5 1 10
176 5 1 11
177 5 1 12
178 5 1 13
179 5 1 14
180 5 1 15
181 5 1 16
182 5 1 17
183 5 1 18
184 5 1 19
185 5 1 20
186 5 1 21
187 5 1 22
188 5 1 23
189 5 1 24
190 5 1 25
191 5 1 26
192 5 1 27
193 5 1 28
194 5 1 29
195 5 1 30
196 5 1 31
197 5 1 32
198 5 1 33
199 5 1 34
200 5 1 35
201 5 1 36
202 5 1 37
203 5 1 38
204 6 1 12
205 6 1 13
206 6 1 14
207 6 1 15
208 6 1 16
209 6 1 17
210 6 1 18
211 6 1 19
212 6 1 20
213 6 1 21
214 6 1 22
215 6 1 23
216 6 1 24
217 6 1 25
218 6 1 26
219 6 1 27
220 6 1 28
221 6 1 29
222 6 1 30
223 6 1 31
224 6 1 32
225 6 1 33
226 6 1 34
227 6 1 35
228 6 1 36
229 6 1 37
230 6 1 38
231 7 1 14
232 7 1 15
233 7 1 16
234 7 1 17
235 7 1 18
236 7 1 19
237 7 1 20
238 7 1 21
239 7 1 22
240 7 1 23
241 7 1 24
242 7 1 25
243 7 1 26
244 7 1 27
245 7 1 28
246 7 1 29
247 7 1 30
248 7 1 31
249 7 1 32
250 7 1 33
251 7 1 34
252 7 1 35
253 7 1 36
254 7 1 37
255 7 1 38
256 8 1 16
257 8 1 17
258 8 1 18
259 8 1 19
260 8 1 20
261 8 1 21
262 8 1 22
263 8 1 23
264 8 1 24
265 8 1 25
266 8 1 26
267 8 1 27
268 8 1 28
269 8 1 29
270 8 1 30
271 8 1 31
272 8 1 32
273 8 1 33
274 8 1 34
275 8 1 35
276 8 1 36
277 8 1 37
278 8 1 38
279 9 1 18
280 9 1 19
281 9 1 20
282 9 1 21
283 9 1 22
284 9 1 23
285 9 1 24
286 9 1 25
287 9 1 26
288 9 1 27
289 9 1 28
290 9 1 29
291 9 1 30
292 9 1 31
293 9 1 32
294 9 1 33
295 9 1 34
296 9 1 35
297 9 1 36
298 9 1 37
299 9 1 38
300 10 1 20
301 10 1 21
302 10 1 22
303 10 1 23
304 10 1 24
305 10 1 25
306 10 1 26
307 10 1 27
308 10 1 28
309 10 1 29
310 10 1 30
311 10 1 31
312 10 1 32
313 10 1 33
314 10 1 34
315 10 1 35
316 10 1 36
317 10 1 37
318 10 1 38
319 11 1 22
320 11 1 23
321 11 1 24
322 11 1 25
323 11 1 26
324 11 1 27
325 11 1 28
326 11 1 29
327 11 1 30
328 11 1 31
329 11 1 32
330 11 1 33
331 11 1 34
332 11 1 35
333 11 1 36
334 11 1 37
335 11 1 38
336 12 1 24
337 12 1 25
338 12 1 26
339 12 1 27
340 12 1 28
341 12 1 29
342 12 1 30
343 12 1 31
344 12 1 32
345 12 1 33
346 12 1 34
347 12 1 35
348 12 1 36
349 12 1 37
350 12 1 38
351 13 1 26
352 13 1 27
353 13 1 28
354 13 1 29
355 13 1 30
356 13 1 31
357 13 1 32
358 13 1 33
359 13 1 34
360 13 1 35
361 13 1 36
362 13 1 37
363 13 1 38
364 14 1 28
365 14 1 29
366 14 1 30
367 14 1 31
368 14 1 32
369 14 1 33
370 14 1 34
371 14 1 35
372 14 1 36
373 14 1 37
374 14 1 38
375 15 1 30
376 15 1 31
377 15 1 32
378 15 1 33
379 15 1 34
380 15 1 35
381 15 1 36
382 15 1 37
383 15 1 38
384 16 1 32
385 16 1 33
386 16 1 34
387 16 1 35
388 16 1 36
389 16 1 37
390 16 1 38
391 17 1 34
392 17 1 35
393 17 1 36
394 17 1 37
395 17 1 38
396 18 1 36
397 18 1 37
398 18 1 38
399 19 1 38
400 20 1 40
401 19 262 39
402 19 262 40
403 18 1 39
404 18 1 40
405 17 262 39
406 17 262 40
407 16 1 39
408 16 1 40
409 15 262 39
410 15 262 40
411 14 1 39
412 14 1 40
413 13 262 39
414 13 262 40
415 12 1 39
416 12 1 40
417 11 262 39
418 11 262 40
419 10 1 39
420 10 1 40
421 9 262 39
422 9 262 40
423 8 1 39
424 8 1 40
425 7 262 39
426 21 1 42
427 20 262 41
428 20 262 42
429 19 1 41
430 19 1 42
431 18 262 41
432 18 262 42
433 17 1 41
434 17 1 42
435 16 262 41
436 16 262 42
437 15 1 41
438 15 1 42
439 14 262 41
440 14 262 42
441 13 1 41
442 13 1 42
443 12 262 41
444 12 262 42
445 11 1 41
446 11 1 42
447 10 262 41
448 10 262 42
449 9 1 41
450 9 1 42
451 22 1 44
452 21 262 43
453 21 262 44
454 20 1 43
455 20 1 44
456 19 262 43
457 19 262 44
458 18 1 43
459 18 1 44
460 17 262 43
461 17 262 44
462 16 1 43
463 16 1 44
464 15 262 43
465 15 262 44
466 14 1 43
467 14 1 44
468 13 262 43
469 13 262 44
470 12 1 43
471 12 1 44
472 11 262 43
473 11 262 44
474 10 1 43
475 23 1 46
476 22 262 45
477 22 262 46
478 21 1 45
479 21 1 46
480 20 262 45
481 20 262 46
482 19 1 45
483 19 1 46
484 18 262 45
485 18 262 46
486 17 1 45
487 17 1 46
488 16 262 45
489 16 262 46
490 15 1 45
491 15 1 46
492 14 262 45
493 14 262 46
494 13 1 45
495 13 1 46
496 12 262 45
497 12 262 46
498 24 1 48
499 23 262 47
500 23 262 48
501 22 1 47
502 22 1 48
503 21 262 47
504 21 262 48
505 20 1 47
506 20 1 48
507 19 262 47
508 19 262 48
509 18 1 47
510 18 1 48
511 17 262 47
512 17 262 48
513 16 1 47
514 16 1 48
515 15 262 47
516 15 262 48
517 14 1 47
518 14 1 48
519 13 262 47
520 25 1 50
521 24 262 49
522 24 262 50
523 23 1 49
524 23 1 50
525 22 262 49
526 22 262 50
527 21 1 49
528 21 1 50
529 20 262 49
530 20 262 50
531 19 1 49
532 19 1 50
533 18 262 49
534 18 262 50
535 17 1 49
536 17 1 50
537 16 262 49
538 16 262 50
539 15 1 49
540 15 1 50
541 26 1 52
542 25 262 51
543 25 262 52
544 24 1 51
545 24 1 52
546 23 262 51
547 23 262 52
548 22 1 51
549 22 1 52
550 21 262 51
551 21 262 52
552 20 1 51
553 20 1 52
554 19 262 51
555 19 262 52
556 18 1 51
557 18 1 52
558 17 262 51
559 17 262 52
560 16 1 51
561 27 1 54
562 26 262 53
563 26 262 54
564 25 1 53
565 25 1 54
566 24 262 53
567 24 262 54
568 23 1 53
569 23 1 54
570 22 262 53
571 22 262 54
572 21 1 53
573 21 1 54
574 20 262 53
575 20 262 54
576 19 1 53
577 19 1 54
578 18 262 53
579 18 262 54
580 28 1 56
581 27 262 55
582 27 262 56
583 26 1 55
584 26 1 56
585 25 262 55
586 25 262 56
587 24 1 55
588 24 1 56
589 23 262 55
590 23 262 56
591 22 1 55
592 22 1 56
593 21 262 55
594 21 262 56
595 20 1 55
596 20 1 56
597 19 262 55
598 29 1 58
599 28 262 57
600 28 262 58
601 27 1 57
602 27 1 58
603 26 262 57
604 26 262 58
605 25 1 57
606 25 1 58
607 24 262 57
608 24 262 58
609 23 1 57
610 23 1 58
611 22 262 57
612 22 262 58
613 21 1 57
614 21 1 58
615 30 1 60
616 29 262 59
617 29 262 60
618 28 1 59
619 28 1 60
620 27 262 59
621 27 262 60
622 26 1 59
623 26 1 60
624 25 262 59
625 25 262 60
626 24 1 59
627 24 1 60
628 23 262 59
629 23 262 60
630 22 1 59
631 31 1 62
632 30 262 61
633 30 262 62
634 29 1 61
635 29 1 62
636 28 262 61
637 28 262 62
638 27 1 61
639 27 1 62
640 26 262 61
641 26 262 62
642 25 1 61
643 25 1 62
644 24 262 61
645 24 262 62
646 32 1 64
647 31 262 63
648 31 262 64
649 30 1 63
650 30 1 64
651 29 262 63
652 29 262 64
653 28 1 63
654 28 1 64
655 27 262 63
656 27 262 64
657 26 1 63
658 26 1 64
659 25 262 63
660 33 1 66
661 32 262 65
662 32 262 66
663 31 1 65
664 31 1 66
665 30 262 65
666 30 262 66
667 29 1 65
668 29 1 66
669 28 262 65
670 28 262 66
671 27 1 65
672 27 1 66
673 34 1 68
674 33 262 67
675 33 262 68
676 32 1 67
677 32 1 68
678 31 262 67
679 31 262 68
680 30 1 67
681 30 1 68
682 29 262 67
683 29 262 68
684 28 1 67
685 35 1 70
686 34 262 69
687 34 262 70
688 33 1 69
689 33 1 70
690 32 262 69
691 32 262 70
692 31 1 69
693 31 1 70
694 30 262 69
695 30 262 70
696 36 1 72
697 35 262 71
698 35 262 72
699 34 1 71
700 34 1 72
701 33 262 71
702 33 262 72
703 32 1 71
704 32 1 72
705 31 262 71
706 37 1 74
707 36 262 73
708 36 262 74
709 35 1 73
710 35 1 74
711 34 262 73
712 34 262 74
713 33 1 73
714 33 1 74
715 38 1 76
716 37 262 75
717 37 262 76
718 36 1 75
719 36 1 76
720 35 262 75
721 35 262 76
722 34 1 75
723 39 1 78
724 38 262 77
725 38 262 78
726 37 1 77
727 37 1 78
728 36 262 77
729 36 262 78
730 40 1 80
731 39 262 79
732 39 262 80
733 38 1 79
734 38 1 80
735 37 262 79
736 41 1 82
737 40 262 81
738 40 262 82
739 39 1 81
740 39 1 82
741 42 1 84
742 41 262 83
743 41 262 84
744 40 1 83
745 43 1 86
746 42 262 85
747 42 262 86
748 44 1 88
749 43 262 87
750 45 1 90
751 46 124 92
752 44 98 89
753 43 55 88
754 41 158 85
755 40 35 84
756 38 244 81
757 37 94 80
758 35 227 77
759 34 12 76
760 32 1 73
761 31 175 72
762 29 168 69
763 28 207 68
764 26 83 65
765 25 60 64
766 23 5 61
767 22 86 60
768 20 51 57
769 19 246 56
770 17 152 53
771 47 124 94
772 45 98 91
773 44 55 90
774 42 158 87
775 41 35 86
776 39 244 83
777 38 94 82
778 36 227 79
779 35 12 78
780 33 1 75
781 32 175 74
782 30 168 71
783 29 207 70
784 27 83 67
785 26 60 66
786 24 5 63
787 23 86 62
788 21 51 59
789 20 246 58
790 48 124 96
791 46 98 93
792 45 55 92
793 43 158 89
794 42 35 88
795 40 244 85
796 39 94 84
797 37 227 81
798 36 12 80
799 34 1 77
800 33 175 76
801 31 168 73
802 30 207 72
803 28 83 69
804 27 60 68
805 25 5 65
806 24 86 64
807 22 51 61
808 49 124 98
809 47 98 95
810 46 55 94
811 44 158 91
812 43 35 90
813 41 244 87
814 40 94 86
815 38 227 83
816 37 12 82
817 35 1 79
818 34 175 78
819 32 168 75
820 31 207 74
821 29 83 71
822 28 60 70
823 26 5 67
824 25 86 66
825 50 124 100
826 48 98 97
827 47 55 96
828 45 158 93
829 44 35 92
830 42 244 89
831 41 94 88
832 39 227 85
833 38 12 84
834 36 1 81
835 35 175 80
836 33 168 77
837 32 207 76
838 30 83 73
839 29 60 72
840 27 5 69
841 51 124 102
842 49 98 99
843 48 55 98
844 46 158 95
845 45 35 94
846 43 244 91
847 42 94 90
848 40 227 87
849 39 12 86
850 37 1 83
851 36 175 82
852 34 168 79
853 33 207 78
854 31 83 75
855 30 60 74
856 52 124 104
857 50 98 101
858 49 55 100
859 47 158 97
860 46 35 96
861 44 244 93
862 43 94 92
863 41 227 89
864 40 12 88
865 38 1 85
866 37 175 84
867 35 168 81
868 34 207 80
869 32 83 77
870 53 124 106
871 51 98 103
872 50 55 102
873 48 158 99
874 47 35 98
875 45 244 95
876 44 94 94
877 42 227 91
878 41 12 90
879 39 1 87
880 38 175 86
881 36 168 83
882 35 207 82
883 54 124 108
884 52 98 105
885 51 55 104
886 49 158 101
887 48 35 100
888 46 244 97
889 45 94 96
890 43 227 93
891 42 12 92
892 40 1 89
893 39 175 88
894 37 168 85
895 55 124 110
896 53 98 107
897 52 55 106
898 50 158 103
899 49 35 102
900 47 244 99
901 46 94 98
902 44 227 95
903 43 12 94
904 41 1 91
905 40 175 90
906 56 124 112
907 54 98 109
908 53 55 108
909 51 158 105
910 50 35 104
911 48 244 101
912 47 94 100
913 45 227 97
914 44 12 96
915 42 1 93
916 57 124 114
917 55 98 111
918 54 55 110
919 52 158 107
920 51 35 106
921 49 244 103
922 48 94 102
923 46 227 99
924 45 12 98
925 58 124 116
926 56 98 113
927 55 55 112
928 53 158 109
929 52 35 108
930 50 244 105
931 49 94 104
932 47 227 101
933 59 124 118
934 57 98 115
935 56 55 114
936 54 158 111
937 53 35 110
938 51 244 107
939 50 94 106
940 60 124 120
941 58 98 117
942 57 55 116
943 55 158 113
944 54 35 112
945 52 244 109
946 61 124 122
947 59 98 119
948 58 55 118
949 56 158 115
950 55 35 114
951 62 124 124
952 60 98 121
953 59 55 120
954 57 158 117
955 63 124 126
956 61 98 123
957 60 55 122
958 64 124 128
959 62 98 125
960 65 124 130
961 66 132 132
962 63 61 127
963 61 87 124
964 58 94 119
965 56 147 116
966 53 50 111
967 51 67 108
968 48 21 103
969 46 86 100
970 43 235 95
971 41 236 92
972 38 125 87
973 36 36 84
974 33 184 79
975 31 215 76
976 67 132 134
977 64 61 129
978 62 87 126
979 59 94 121
980 57 147 118
981 54 50 113
982 52 67 110
983 49 21 105
984 47 86 102
985 44 235 97
986 42 236 94
987 39 125 89
988 37 36 86
989 34 184 81
990 68 132 136
991 65 61 131
992 63 87 128
993 60 94 123
994 58 147 120
995 55 50 115
996 53 67 112
997 50 21 107
998 48 86 104
999 45 235 99
1000 43 236 96
1001 40 125 91
1002 38 36 88
1003 69 132 138
1004 66 61 133
1005 64 87 130
1006 61 94 125
1007 59 147 122
1008 56 50 117
1009 54 67 114
1010 51 21 109
1011 49 86 106
1012 46 235 101
1013 44 236 98
1014 41 125 93
1015 70 132 140
1016 67 61 135
1017 65 87 132
1018 62 94 127
1019 60 147 124
1020 57 50 119
1021 55 67 116
1022 52 21 111
1023 50 86 108
1024 47 235 103
1025 45 236 100
1026 71 132 142
1027 68 61 137
1028 66 87 134
1029 63 94 129
1030 61 147 126
1031 58 50 121
1032 56 67 118
1033 53 21 113
1034 51 86 110
1035 48 235 105
1036 72 132 144
1037 69 61 139
1038 67 87 136
1039 64 94 131
1040 62 147 128
1041 59 50 123
1042 57 67 120
1043 54 21 115
1044 52 86 112
1045 73 132 146
1046 70 61 141
1047 68 87 138
1048 65 94 133
1049 63 147 130
1050 60 50 125
1051 58 67 122
1052 55 21 117
1053 74 132 148
1054 71 61 143
1055 69 87 140
1056 66 94 135
1057 64 147 132
1058 61 50 127
1059 59 67 124
1060 75 132 150
1061 72 61 145
1062 70 87 142
1063 67 94 137
1064 65 147 134
1065 62 50 129
1066 76 132 152
1067 73 61 147
1068 71 87 144
1069 68 94 139
1070 66 147 136
1071 77 132 154
1072 74 61 149
1073 72 87 146
1074 69 94 141
1075 78 132 156
1076 75 61 151
1077 73 87 148
1078 79 132 158
1079 76 61 153
1080 80 132 160
1081 81 150 162
1082 77 218 155
1083 74 47 150
1084 70 170 143
1085 67 27 138
1086 63 176 131
1087 60 161 126
1088 56 241 119
1089 53 210 114
1090 49 200 107
1091 46 171 102
1092 42 238 95
1093 82 150 164
1094 78 218 157
1095 75 47 152
1096 71 170 145
1097 68 27 140
1098 64 176 133
1099 61 161 128
1100 57 241 121
1101 54 210 116
1102 50 200 109
1103 47 171 104
1104 83 150 166
1105 79 218 159
1106 76 47 154
1107 72 170 147
1108 69 27 142
1109 65 176 135
1110 62 161 130
1111 58 241 123
1112 55 210 118
1113 51 200 111
1114 84 150 168
1115 80 218 161
1116 77 47 156
1117 73 170 149
1118 70 27 144
1119 66 176 137
1120 63 161 132
1121 59 241 125
1122 56 210 120
1123 85 150 170
1124 81 218 163
1125 78 47 158
1126 74 170 151
1127 71 27 146
1128 67 176 139
1129 64 161 134
1130 60 241 127
1131 86 150 172
1132 82 218 165
1133 79 47 160
1134 75 170 153
1135 72 27 148
1136 68 176 141
1137 65 161 136
1138 87 150 174
1139 83 218 167
1140 80 47 162
1141 76 170 155
1142 73 27 150
1143 69 176 143
1144 88 150 176
1145 84 218 169
1146 81 47 164
1147 77 170 157
1148 74 27 152
1149 89 150 178
1150 85 218 171
1151 82 47 166
1152 78 170 159
1153 90 150 180
1154 86 218 173
1155 83 47 168
1156 91 150 182
1157 87 218 175
1158 92 150 184
1159 0 262 39
1160 1 4 39
1161 2 247 39
1162 3 64 39
1163 4 7 39
1164 5 235 39
1165 6 112 39
1166 0 97 40
1167 1 219 40
1168 2 247 40
1169 3 98 40
1170 4 168 40
1171 5 164 40
1172 6 16 40
1173 7 185 40
1174 0 1 41
1175 8 29 41
1176 0 262 42
1177 0 262 43
1178 0 262 44
1179 10 178 44
1180 0 1 45
1181 11 8 45
1182 0 262 46
1183 0 262 47
1184 0 262 48
1185 13 167 48
1186 0 1 49
1187 14 238 49
1188 0 262 50
1189 0 262 51
1190 0 262 52
1191 1 262 41
1192 2 4 41
1193 3 247 41
1194 4 64 41
1195 5 7 41
1196 6 235 41
1197 7 112 41
1198 1 97 42
1199 2 219 42
1200 3 247 42
1201 4 98 42
1202 5 168 42
1203 6 164 42
1204 7 16 42
1205 8 185 42
1206 1 1 43
1207 9 29 43
1208 1 262 44
1209 1 262 45
1210 1 262 46
1211 11 178 46
1212 1 1 47
1213 12 8 47
1214 1 262 48
1215 1 262 49
1216 1 262 50
1217 14 167 50
1218 1 1 51
1219 15 238 51
1220 1 262 52
1221 16 228 52
1222 2 262 43
1223 3 4 43
1224 4 247 43
1225 5 64 43
1226 6 7 43
1227 7 235 43
1228 8 112 43
1229 2 97 44
1230 3 219 44
1231 4 247 44
1232 5 98 44
1233 6 168 44
1234 7 164 44
1235 8 16 44
1236 9 185 44
1237 2 1 45
1238 10 29 45
1239 2 262 46
1240 2 262 47
1241 2 262 48
1242 12 178 48
1243 2 1 49
1244 13 8 49
1245 2 262 50
1246 2 262 51
1247 2 262 52
1248 15 167 52
1249 0 200 53
1250 1 116 53
1251 2 1 53
1252 3 262 45
1253 4 4 45
1254 5 247 45
1255 6 64 45
1256 7 7 45
1257 8 235 45
1258 9 112 45
1259 3 97 46
1260 4 219 46
1261 5 247 46
1262 6 98 46
1263 7 168 46
1264 8 164 46
1265 9 16 46
1266 10 185 46
1267 3 1 47
1268 11 29 47
1269 3 262 48
1270 3 262 49
1271 3 262 50
1272 13 178 50
1273 3 1 51
1274 14 8 51
1275 3 262 52
1276 3 262 53
1277 16 250 53
1278 0 75 54
1279 2 87 54
1280 3 1 54
1281 4 262 47
1282 5 4 47
1283 6 247 47
1284 7 64 47
1285 8 7 47
1286 9 235 47
1287 10 112 47
1288 4 97 48
1289 5 219 48
1290 6 247 48
1291 7 98 48
1292 8 168 48
1293 9 164 48
1294 10 16 48
1295 11 185 48
1296 4 1 49
1297 12 29 49
1298 4 262 50
1299 4 262 51
1300 4 262 52
1301 14 178 52
1302 4 1 53
1303 15 8 53
1304 1 10 54
1305 4 146 54
1306 16 88 54
1307 17 24 54
1308 4 1 55
1309 5 262 49
1310 6 4 49
1311 7 247 49
1312 8 64 49
1313 9 7 49
1314 10 235 49
1315 11 112 49
1316 5 97 50
1317 6 219 50
1318 7 247 50
1319 8 98 50
1320 9 168 50
1321 10 164 50
1322 11 16 50
1323 12 185 50
1324 5 1 51
1325 13 29 51
1326 5 262 52
1327 5 262 53
1328 5 262 54
1329 15 178 54
1330 0 129 55
1331 2 255 55
1332 3 39 55
1333 5 183 55
1334 17 259 55
1335 18 81 55
1336 6 262 51
1337 7 4 51
1338 8 247 51
1339 9 64 51
1340 10 7 51
1341 11 235 51
1342 12 112 51
1343 6 97 52
1344 7 219 52
1345 8 247 52
1346 9 98 52
1347 10 168 52
1348 11 164 52
1349 12 16 52
1350 13 185 52
1351 6 1 53
1352 14 29 53
1353 6 262 54
1354 1 201 55
1355 6 186 55
1356 16 65 55
1357 0 220 56
1358 2 241 56
1359 4 186 56
1360 5 6 56
1361 6 262 56
1362 7 262 53
1363 8 4 53
1364 9 247 53
1365 10 64 53
1366 11 7 53
1367 12 235 53
1368 13 112 53
1369 7 97 54
1370 8 219 54
1371 9 247 54
1372 10 98 54
1373 11 168 54
1374 12 164 54
1375 13 16 54
1376 14 185 54
1377 7 1 55
1378 15 29 55
1379 1 19 56
1380 3 24 56
1381 7 184 56
1382 16 240 56
1383 17 154 56
1384 18 49 56
1385 6 253 57
1386 7 262 57
1387 8 262 55
1388 9 4 55
1389 10 247 55
1390 11 64 55
1391 12 7 55
1392 13 235 55
1393 14 112 55
1394 8 97 56
1395 9 219 56
1396 10 247 56
1397 11 98 56
1398 12 168 56
1399 13 164 56
1400 14 16 56
1401 15 185 56
1402 0 5 57
1403 1 87 57
1404 2 62 57
1405 3 67 57
1406 4 1 57
1407 5 172 57
1408 8 1 57
1409 19 119 57
1410 8 262 58
1411 9 262 57
1412 10 4 57
1413 11 247 57
1414 12 64 57
1415 13 7 57
1416 14 235 57
1417 15 112 57
1418 16 32 57
1419 17 38 57
1420 18 164 57
1421 0 151 58
1422 1 246 58
1423 2 76 58
1424 3 146 58
1425 4 189 58
1426 5 210 58
1427 6 76 58
1428 7 173 58
1429 9 258 58
1430 10 98 58
1431 11 205 58
1432 12 68 58
1433 9 262 59
1434 13 224 58
1435 14 79 58
1436 15 192 58
1437 16 67 58
1438 17 252 58
1439 18 102 58
1440 19 100 58
1441 0 94 59
1442 1 48 59
1443 2 240 59
1444 3 148 59
1445 4 181 59
1446 5 127 59
1447 6 101 59
1448 7 164 59
1449 8 50 59
1450 10 185 59
1451 11 125 59
1452 12 108 59
1453 20 211 59
1454 0 182 60
1455 10 262 60
1456 13 84 59
1457 14 213 59
1458 15 57 59
1459 16 157 59
1460 17 120 59
1461 18 11 59
1462 19 160 59
1463 1 82 60
1464 2 183 60
1465 3 98 60
1466 4 252 60
1467 5 124 60
1468 6 152 60
1469 7 225 60
1470 8 26 60
1471 9 80 60
1472 11 60 60
1473 12 3 60
1474 13 37 60
1475 21 60 60
1476 0 103 61
1477 14 55 60
1478 15 1 60
1479 16 85 60
1480 17 242 60
1481 18 170 60
1482 19 177 60
1483 20 197 60
1484 1 174 61
1485 2 50 61
1486 3 244 61
1487 4 80 61
1488 6 221 61
1489 5 46 61
1490 7 233 61
1491 8 111 61
1492 9 197 61
1493 10 198 61
1494 11 36 61
1495 12 121 61
1496 13 90 61
1497 14 43 61
1498 15 96 61
1499 16 218 61
1500 17 137 61
1501 18 91 61
1502 19 172 61
1503 20 251 61
1504 21 165 61
1505 0 186 62
1506 1 104 62
1507 2 255 62
1508 3 43 62
1509 4 117 62
1510 5 137 62
1511 6 150 62
1512 7 8 62
1513 8 208 62
1514 12 104 62
1515 13 1 62
1516 9 242 62
1517 10 178 62
1518 11 93 62
1519 14 124 62
1520 15 67 62
1521 16 25 62
1522 17 51 62
1523 18 10 62
1524 19 21 62
1525 20 147 62
1526 21 143 62
1527 22 230 62
1528 0 229 63
1529 1 222 63
1530 2 262 63
1531 3 94 63
1532 4 118 63
1533 14 1 63
1534 5 14 63
1535 6 258 63
1536 7 117 63
1537 8 7 63
1538 9 192 63
1539 10 90 63
1540 11 168 63
1541 12 51 63
1542 13 184 63
1543 15 226 63
1544 16 136 63
1545 17 134 63
1546 18 3 63
1547 19 67 63
1548 20 152 63
1549 21 222 63
1550 23 145 63
1551 22 143 63
1552 0 245 64
1553 1 192 64
1554 2 64 64
1555 3 34 64
1556 4 182 64
1557 5 16 64
1558 6 237 64
1559 7 81 64
1560 8 193 64
1561 9 203 64
1562 10 66 64
1563 11 216 64
1564 14 46 64
1565 15 226 64
1566 16 262 64
1567 12 97 64
1568 13 115 64
1569 17 21 64
1570 18 96 64
1571 19 45 64
1572 20 170 64
1573 21 204 64
1574 22 182 64
1575 23 258 64
1576 0 64 65
1577 1 133 65
1578 2 249 65
1579 3 21 65
1580 16 25 65
1581 17 262 65
1582 4 114 65
1583 5 145 65
1584 9 181 65
1585 10 112 65
1586 11 198 65
1587 13 256 65
1588 12 182 65
1589 14 222 65
1590 15 96 65
1591 18 109 65
1592 19 236 65
1593 20 32 65
1594 24 253 65
1595 18 262 66
1596 21 31 65
1597 22 175 65
1598 23 94 65
1599 0 198 66
1600 1 181 66
1601 2 222 66
1602 3 136 66
1603 4 56 66
1604 12 110 66
1605 16 113 66
1606 17 168 66
1607 19 262 66
1608 19 262 67
1609 13 236 66
1610 14 260 66
1611 15 175 66
1612 20 23 66
1613 21 80 66
1614 22 195 66
1615 23 147 66
1616 24 61 66
1617 0 112 67
1618 18 71 67
1619 20 262 67
1620 20 262 68
1621 1 40 67
1622 2 218 67
1623 3 199 67
1624 15 206 67
1625 16 140 67
1626 17 131 67
1627 21 189 67
1628 22 98 67
1629 25 217 67
1630 21 262 68
1631 26 220 68
1632 23 2 67
1633 24 204 67
1634 0 131 68
1635 1 148 68
1636 2 67 68
1637 18 141 68
1638 19 197 68
1639 22 262 68
1640 21 24 69
1641 22 1 69
1642 17 87 68
1643 23 122 68
1644 24 57 68
1645 25 138 68
1646 0 176 69
1647 20 53 69
1648 23 262 69
1649 22 260 70
1650 23 1 70
1651 1 130 69
1652 19 96 69
1653 24 156 69
1654 25 90 69
1655 26 65 69
1656 24 262 70
1657 27 118 70
1658 24 1 71
1659 0 235 70
1660 20 100 70
1661 21 47 70
1662 25 262 70
1663 23 57 71
1664 25 1 71
1665 28 84 71
1666 26 1 70
1667 22 207 71
1668 26 262 71
1669 24 2 72
1670 25 197 72
1671 26 262 72
1672 27 262 71
1673 27 262 72
1674 28 89 72
1675 26 184 73
1676 27 262 73
1677 25 95 73
1678 28 1 73
1679 29 91 73
1680 28 262 74
1681 27 188 74
1682 29 262 74
1683 29 262 75
1684 30 262 75
1685 30 262 76
1686 31 262 77
1687 32 34 78
1688 31 17 78
1689 30 123 77
1690 29 70 76
1691 28 228 75
1692 27 114 75
1693 26 206 74
1694 25 103 74
1695 24 80 73
1696 23 223 72
1697 22 243 72
1698 21 10 71
1699 20 5 71
1700 19 129 70
1701 18 67 69
1702 17 165 69
1703 16 49 68
1704 15 156 68
1705 14 185 67
1706 13 224 67
1707 12 112 67
1708 11 207 66
1709 10 235 66
1710 9 249 66
1711 8 7 65
1712 7 135 65
1713 33 34 80
1714 32 246 79
1715 31 123 79
1716 30 70 78
1717 29 228 77
1718 28 149 76
1719 27 206 76
1720 26 160 75
1721 25 80 75
1722 24 223 74
1723 23 20 73
1724 22 10 73
1725 21 258 72
1726 20 129 72
1727 19 67 71
1728 18 98 70
1729 17 49 70
1730 16 107 69
1731 15 185 69
1732 14 39 68
1733 13 151 68
1734 12 207 68
1735 11 28 67
1736 10 14 67
1737 9 7 67
1738 34 34 82
1739 33 246 81
1740 32 140 80
1741 31 70 80
1742 30 228 79
1743 29 149 78
1744 28 57 77
1745 27 160 77
1746 26 183 76
1747 25 223 76
1748 24 20 75
1749 23 253 74
1750 22 258 74
1751 21 134 73
1752 20 67 73
1753 19 98 72
1754 18 214 71
1755 17 107 71
1756 16 78 70
1757 15 39 70
1758 14 112 69
1759 13 56 69
1760 12 28 69
1761 11 249 68
1762 35 229 83
1763 34 246 83
1764 33 140 82
1765 32 193 81
1766 31 228 81
1767 30 149 80
1768 29 57 79
1769 28 103 78
1770 27 183 78
1771 26 40 77
1772 25 20 77
1773 24 253 76
1774 23 5 75
1775 22 134 75
1776 21 196 74
1777 20 98 74
1778 19 214 73
1779 18 156 72
1780 17 78 72
1781 16 224 71
1782 15 112 71
1783 14 207 70
1784 13 235 70
1785 36 229 85
1786 35 17 84
1787 34 140 84
1788 33 193 83
1789 32 35 82
1790 31 149 82
1791 30 57 81
1792 29 103 80
1793 28 80 79
1794 27 40 79
1795 26 243 78
1796 25 253 78
1797 24 5 77
1798 23 129 76
1799 22 196 76
1800 21 165 75
1801 20 214 75
1802 19 156 74
1803 18 185 73
1804 17 224 73
1805 16 151 72
1806 15 207 72
1807 37 229 87
1808 36 17 86
1809 35 123 85
1810 34 193 85
1811 33 35 84
1812 32 114 83
1813 31 57 83
1814 30 103 82
1815 29 80 81
1816 28 223 80
1817 27 243 80
1818 26 10 79
1819 25 5 79
1820 24 129 78
1821 23 67 77
1822 22 165 77
1823 21 49 76
1824 20 156 76
1825 19 185 75
1826 18 39 74
1827 17 151 74
1828 38 229 89
1829 37 17 88
1830 36 123 87
1831 35 70 86
1832 34 35 86
1833 33 114 85
1834 32 206 84
1835 31 103 84
1836 30 80 83
1837 29 223 82
1838 28 20 81
1839 27 10 81
1840 26 258 80
1841 25 129 80
1842 24 67 79
1843 23 98 78
1844 22 49 78
1845 21 107 77
1846 20 185 77
1847 19 39 76
1848 39 34 90
1849 38 17 90
1850 37 123 89
1851 36 70 88
1852 35 228 87
1853 34 114 87
1854 33 206 86
1855 32 160 85
1856 31 80 85
1857 30 223 84
1858 29 20 83
1859 28 253 82
1860 27 258 82
1861 26 134 81
1862 25 67 81
1863 24 98 80
1864 23 214 79
1865 22 107 79
1866 21 78 78
1867 40 34 92
1868 39 246 91
1869 38 123 91
1870 37 70 90
1871 36 228 89
1872 35 149 88
1873 34 206 88
1874 33 160 87
1875 32 183 86
1876 31 223 86
1877 30 20 85
1878 29 253 84
1879 28 5 83
1880 27 134 83
1881 26 196 82
1882 25 98 82
1883 24 214 81
1884 23 156 80
1885 41 34 94
1886 40 246 93
1887 39 140 92
1888 38 70 92
1889 37 228 91
1890 36 149 90
1891 35 57 89
1892 34 160 89
1893 33 183 88
1894 32 40 87
1895 31 20 87
1896 30 253 86
1897 29 5 85
1898 28 129 84
1899 27 196 84
1900 26 165 83
1901 25 214 83
1902 42 34 96
1903 41 246 95
1904 40 140 94
1905 39 193 93
1906 38 228 93
1907 37 149 92
1908 36 57 91
1909 35 103 90
1910 34 183 90
1911 33 40 89
1912 32 243 88
1913 31 253 88
1914 30 5 87
1915 29 129 86
1916 28 67 85
1917 27 165 85
1918 43 229 97
1919 42 246 97
1920 41 140 96
1921 40 193 95
1922 39 35 94
1923 38 149 94
1924 37 57 93
1925 36 103 92
1926 35 80 91
1927 34 40 91
1928 33 243 90
1929 32 10 89
1930 31 5 89
1931 30 129 88
1932 29 67 87
1933 44 229 99
1934 43 17 98
1935 42 140 98
1936 41 193 97
1937 40 35 96
1938 39 114 95
1939 38 57 95
1940 37 103 94
1941 36 80 93
1942 35 223 92
1943 34 243 92
1944 33 10 91
1945 32 258 90
1946 31 129 90
1947 45 229 101
1948 44 17 100
1949 43 123 99
1950 42 193 99
1951 41 35 98
1952 40 114 97
1953 39 206 96
1954 38 103 96
1955 37 80 95
1956 36 223 94
1957 35 20 93
1958 34 10 93
1959 33 258 92
1960 46 229 103
1961 45 17 102
1962 44 123 101
1963 43 70 100
1964 42 35 100
1965 41 114 99
1966 40 206 98
1967 39 160 97
1968 38 80 97
1969 37 223 96
1970 36 20 95
1971 35 253 94
1972 47 229 105
1973 46 17 104
1974 45 123 103
1975 44 70 102
1976 43 228 101
1977 42 114 101
1978 41 206 100
1979 40 160 99
1980 39 183 98
1981 38 223 98
1982 37 20 97
1983 48 34 106
1984 47 17 106
1985 46 123 105
1986 45 70 104
1987 44 228 103
1988 43 149 102
1989 42 206 102
1990 41 160 101
1991 40 183 100
1992 39 40 99
1993 49 34 108
1994 48 246 107
1995 47 123 107
1996 46 70 106
1997 45 228 105
1998 44 149 104
1999 43 57 103
2000 42 160 103
2001 41 183 102
2002 50 34 110
2003 49 246 109
2004 48 140 108
2005 47 70 108
2006 46 228 107
2007 45 149 106
2008 44 57 105
2009 43 103 104
2010 51 34 112
2011 50 246 111
2012 49 140 110
2013 48 193 109
2014 47 228 109
2015 46 149 108
2016 45 57 107
2017 52 229 113
2018 51 246 113
2019 50 140 112
2020 49 193 111
2021 48 35 110
2022 47 149 110
2023 53 229 115
2024 52 17 114
2025 51 140 114
2026 50 193 113
2027 49 35 112
2028 54 229 117
2029 53 17 116
2030 52 123 115
2031 51 193 115
2032 55 229 119
2033 54 17 118
2034 53 123 117
2035 56 229 121
2036 55 17 120
2037 57 34 122
2038 58 108 124
2039 56 127 122
2040 54 82 119
2041 52 113 116
2042 50 72 114
2043 48 3 111
2044 46 230 109
2045 44 163 106
2046 42 48 104
2047 40 2 101
2048 38 241 99
2049 36 21 96
2050 34 32 94
2051 32 89 91
2052 30 73 89
2053 28 14 86
2054 26 109 84
2055 24 116 82
2056 22 39 80
2057 20 97 78
2058 18 15 75
2059 59 108 126
2060 57 136 123
2061 55 82 121
2062 53 113 118
2063 51 72 116
2064 49 3 113
2065 47 230 111
2066 45 163 108
2067 43 215 105
2068 41 2 103
2069 39 22 100
2070 37 21 98
2071 35 231 95
2072 33 89 93
2073 31 73 91
2074 29 14 88
2075 27 109 86
2076 25 116 84
2077 23 224 81
2078 21 166 79
2079 60 108 128
2080 58 136 125
2081 56 82 123
2082 54 113 120
2083 52 191 117
2084 50 3 115
2085 48 33 112
2086 46 163 110
2087 44 215 107
2088 42 2 105
2089 40 22 102
2090 38 21 100
2091 36 231 97
2092 34 89 95
2093 32 190 92
2094 30 14 90
2095 28 154 87
2096 26 147 85
2097 24 224 83
2098 61 155 129
2099 59 136 127
2100 57 181 124
2101 55 113 122
2102 53 191 119
2103 51 3 117
2104 49 33 114
2105 47 163 112
2106 45 215 109
2107 43 261 106
2108 41 22 104
2109 39 242 101
2110 37 231 99
2111 35 174 96
2112 33 190 94
2113 31 14 92
2114 29 154 89
2115 27 147 87
2116 62 155 131
2117 60 136 129
2118 58 181 126
2119 56 113 124
2120 54 191 121
2121 52 260 118
2122 50 33 116
2123 48 100 113
2124 46 215 111
2125 44 261 108
2126 42 22 106
2127 40 242 103
2128 38 231 101
2129 36 174 98
2130 34 190 96
2131 32 249 93
2132 30 154 91
2133 63 155 133
2134 61 127 130
2135 59 181 128
2136 57 150 125
2137 55 191 123
2138 53 260 120
2139 51 33 118
2140 49 100 115
2141 47 215 113
2142 45 261 110
2143 43 241 107
2144 41 242 105
2145 39 32 102
2146 37 174 100
2147 35 73 97
2148 33 249 95
2149 64 155 135
2150 62 127 132
2151 60 181 130
2152 58 150 127
2153 56 191 125
2154 54 260 122
2155 52 230 119
2156 50 100 117
2157 48 48 114
2158 46 261 112
2159 44 241 109
2160 42 242 107
2161 40 32 104
2162 38 174 102
2163 36 73 99
2164 65 155 137
2165 63 127 134
2166 61 82 131
2167 59 150 129
2168 57 72 126
2169 55 260 124
2170 53 230 121
2171 51 100 119
2172 49 48 116
2173 47 261 114
2174 45 241 111
2175 43 21 108
2176 41 32 106
2177 39 89 103
2178 66 108 138
2179 64 127 136
2180 62 82 133
2181 60 150 131
2182 58 72 128
2183 56 260 126
2184 54 230 123
2185 52 163 120
2186 50 48 118
2187 48 2 115
2188 46 241 113
2189 44 21 110
2190 42 32 108
2191 67 108 140
2192 65 127 138
2193 63 82 135
2194 61 113 132
2195 59 72 130
2196 57 3 127
2197 55 230 125
2198 53 163 122
2199 51 48 120
2200 49 2 117
2201 47 241 115
2202 45 21 112
2203 68 108 142
2204 66 136 139
2205 64 82 137
2206 62 113 134
2207 60 72 132
2208 58 3 129
2209 56 230 127
2210 54 163 124
2211 52 215 121
2212 50 2 119
2213 48 22 116
2214 69 108 144
2215 67 136 141
2216 65 82 139
2217 63 113 136
2218 61 191 133
2219 59 3 131
2220 57 33 128
2221 55 163 126
2222 53 215 123
2223 51 2 121
2224 70 155 145
2225 68 136 143
2226 66 181 140
2227 64 113 138
2228 62 191 135
2229 60 3 133
2230 58 33 130
2231 56 163 128
2232 54 215 125
2233 71 155 147
2234 69 136 145
2235 67 181 142
2236 65 113 140
2237 63 191 137
2238 61 260 134
2239 59 33 132
2240 57 100 129
2241 72 155 149
2242 70 127 146
2243 68 181 144
2244 66 150 141
2245 64 191 139
2246 62 260 136
2247 60 33 134
2248 73 155 151
2249 71 127 148
2250 69 181 146
2251 67 150 143
2252 65 191 141
2253 63 260 138
2254 74 155 153
2255 72 127 150
2256 70 82 147
2257 68 150 145
2258 66 72 142
2259 75 108 154
2260 73 127 152
2261 71 82 149
2262 69 150 147
2263 76 108 156
2264 74 127 154
2265 72 82 151
2266 77 108 158
2267 75 136 155
2268 78 108 160
2269 79 93 161
2270 76 113 157
2271 73 208 153
2272 70 64 148
2273 67 41 144
2274 64 129 140
2275 61 242 135
2276 58 229 131
2277 55 233 127
2278 52 11 122
2279 49 118 118
2280 46 166 114
2281 43 132 109
2282 40 101 105
2283 37 151 101
2284 34 257 97
2285 31 103 93
2286 28 234 88
2287 80 93 163
2288 77 113 159
2289 74 208 155
2290 71 64 150
2291 68 41 146
2292 65 129 142
2293 62 242 137
2294 59 229 133
2295 56 233 129
2296 53 11 124
2297 50 118 120
2298 47 166 116
2299 44 132 111
2300 41 101 107
2301 38 151 103
2302 35 6 98
2303 32 160 94
2304 81 93 165
2305 78 113 161
2306 75 55 156
2307 72 64 152
2308 69 41 148
2309 66 134 143
2310 63 242 139
2311 60 229 135
2312 57 30 130
2313 54 11 126
2314 51 118 122
2315 48 97 117
2316 45 132 113
2317 42 101 109
2318 39 112 104
2319 36 6 100
2320 82 93 167
2321 79 150 162
2322 76 55 158
2323 73 64 154
2324 70 222 149
2325 67 134 145
2326 64 242 141
2327 61 34 136
2328 58 30 132
2329 55 11 128
2330 52 145 123
2331 49 97 119
2332 46 132 115
2333 43 162 110
2334 40 112 106
2335 83 93 169
2336 80 150 164
2337 77 55 160
2338 74 64 156
2339 71 222 151
2340 68 134 147
2341 65 242 143
2342 62 34 138
2343 59 30 134
2344 56 11 130
2345 53 145 125
2346 50 97 121
2347 47 132 117
2348 44 162 112
2349 84 170 170
2350 81 150 166
2351 78 55 162
2352 75 199 157
2353 72 222 153
2354 69 134 149
2355 66 21 144
2356 63 34 140
2357 60 30 136
2358 57 252 131
2359 54 145 127
2360 51 97 123
2361 48 131 118
2362 85 170 172
2363 82 150 168
2364 79 208 163
2365 76 199 159
2366 73 222 155
2367 70 129 150
2368 67 21 146
2369 64 34 142
2370 61 233 137
2371 58 252 133
2372 55 145 129
2373 52 166 124
2374 86 170 174
2375 83 150 170
2376 80 208 165
2377 77 199 161
2378 74 222 157
2379 71 129 152
2380 68 21 148
2381 65 34 144
2382 62 233 139
2383 59 252 135
2384 56 145 131
2385 87 170 176
2386 84 113 171
2387 81 208 167
2388 78 199 163
2389 75 41 158
2390 72 129 154
2391 69 21 150
2392 66 229 145
2393 63 233 141
2394 60 252 137
2395 88 93 177
2396 85 113 173
2397 82 208 169
2398 79 64 164
2399 76 41 160
2400 73 129 156
2401 70 242 151
2402 67 229 147
2403 64 233 143
2404 89 93 179
2405 86 113 175
2406 83 208 171
2407 80 64 166
2408 77 41 162
2409 74 129 158
2410 71 242 153
2411 68 229 149
2412 90 93 181
2413 87 113 177
2414 84 55 172
2415 81 64 168
2416 78 41 164
2417 75 134 159
2418 72 242 155
2419 91 93 183
2420 88 150 178
2421 85 55 174
2422 82 64 170
2423 79 222 165
2424 76 134 161
2425 92 93 185
2426 89 150 180
2427 86 55 176
2428 83 64 172
2429 80 222 167
2430 93 170 186
2431 90 150 182
2432 87 55 178
2433 84 199 173
2434 94 170 188
2435 91 150 184
2436 88 208 179
2437 95 170 190
2438 92 150 186
2439 96 170 192
2440 6 114 65
2441 5 193 66
2442 6 160 66
2443 7 40 66
2444 4 44 67
2445 5 32 67
2446 3 254 68
2447 4 165 68
2448 2 237 69
2449 3 47 69
2450 1 61 70
2451 2 105 70
2452 0 167 71
2453 1 73 71
2454 0 206 72
2455 0 206 73
2456 0 206 74
2457 0 206 75
2458 0 206 76
2459 0 206 77
2460 0 206 78
2461 0 206 79
2462 0 206 80
2463 0 206 81
2464 0 206 82
2465 8 138 66
2466 6 70 67
2467 7 103 67
2468 5 86 68
2469 8 10 67
2470 6 115 68
2471 7 23 68
2472 4 70 69
2473 5 253 69
2474 3 44 70
2475 4 8 70
2476 2 105 71
2477 3 81 71
2478 1 9 72
2479 2 156 72
2480 1 103 73
2481 1 103 74
2482 1 103 75
2483 1 103 76
2484 1 103 77
2485 1 103 78
2486 1 103 79
2487 1 103 80
2488 8 26 68
2489 10 179 68
2490 9 97 68
2491 6 214 69
2492 7 4 69
2493 8 80 69
2494 9 129 69
2495 5 116 70
2496 6 236 70
2497 7 56 70
2498 4 182 71
2499 5 171 71
2500 3 24 72
2501 4 179 72
2502 2 33 73
2503 3 178 73
2504 2 183 74
2505 2 183 75
2506 2 183 76
2507 2 183 77
2508 2 183 78
2509 10 73 69
2510 8 159 70
2511 11 242 69
2512 9 138 70
2513 10 173 70
2514 6 195 71
2515 11 170 70
2516 7 123 71
2517 8 152 71
2518 5 203 72
2519 9 19 71
2520 6 125 72
2521 7 206 72
2522 4 195 73
2523 5 224 73
2524 3 228 74
2525 4 67 74
2526 3 223 75
2527 3 223 76
2528 12 33 70
2529 10 234 71
2530 11 179 71
2531 13 150 71
2532 12 71 71
2533 8 153 72
2534 9 58 72
2535 10 125 72
2536 11 140 72
2537 6 206 73
2538 7 76 73
2539 8 104 73
2540 9 182 73
2541 5 155 74
2542 6 34 74
2543 7 117 74
2544 4 154 75
2545 14 123 71
2546 12 131 72
2547 13 189 72
2548 10 257 73
2549 14 169 72
2550 11 20 73
2551 12 226 73
2552 8 9 74
2553 13 211 73
2554 9 150 74
2555 10 78 74
2556 5 20 75
2557 11 248 74
2558 6 156 75
2559 7 19 75
2560 14 229 73
2561 16 211 73
2562 15 35 73
2563 12 145 74
2564 13 15 74
2565 14 37 74
2566 15 155 74
2567 8 158 75
2568 9 58 75
2569 10 148 75
2570 11 232 75
2571 4 185 76
2572 5 200 76
2573 16 208 74
2574 12 213 75
2575 15 140 75
2576 17 13 75
2577 16 57 75
2578 6 194 76
2579 7 136 76
2580 8 169 76
2581 9 199 76
2582 3 205 77
2583 18 110 76
2584 10 63 76
2585 4 152 77
2586 17 211 76
2587 5 180 77
2588 6 17 77
2589 7 243 77
2590 8 91 77
2591 3 88 78
2592 18 5 77
2593 19 135 77
2594 4 53 78
2595 5 189 78
2596 2 177 79
2597 6 40 78
2598 3 105 79
2599 19 180 78
2600 4 201 79
2601 2 45 80
2602 20 32 79
2603 3 178 80
2604 4 44 80
2605 1 194 81
2606 22 164 81
2607 2 218 81
2608 1 13 82
2609 13 243 75
2610 14 40 75
2611 11 206 76
2612 12 40 76
2613 13 45 76
2614 14 5 76
2615 15 208 76
2616 16 258 76
2617 9 221 77
2618 10 25 77
2619 11 30 77
2620 12 192 77
2621 13 88 77
2622 16 168 77
2623 17 91 77
2624 7 17 78
2625 8 100 78
2626 9 144 78
2627 10 143 78
2628 11 230 78
2629 18 86 78
2630 5 99 79
2631 6 136 79
2632 7 20 79
2633 8 214 79
2634 9 103 79
2635 19 90 79
2636 5 125 80
2637 6 78 80
2638 7 148 80
2639 20 2 80
2640 21 48 80
2641 14 243 77
2642 15 40 77
2643 12 206 78
2644 13 40 78
2645 14 45 78
2646 15 5 78
2647 16 208 78
2648 17 258 78
2649 10 221 79
2650 11 25 79
2651 12 30 79
2652 13 192 79
2653 14 88 79
2654 17 168 79
2655 18 91 79
2656 8 17 80
2657 9 100 80
2658 10 144 80
2659 11 143 80
2660 12 230 80
2661 19 86 80
2662 3 224 81
2663 4 137 81
2664 5 119 81
2665 6 170 81
2666 7 145 81
2667 8 127 81
2668 9 147 81
2669 10 68 81
2670 20 116 81
2671 21 147 81
2672 15 243 79
2673 16 40 79
2674 13 206 80
2675 14 40 80
2676 15 45 80
2677 16 5 80
2678 17 208 80
2679 18 258 80
2680 11 221 81
2681 12 25 81
2682 13 30 81
2683 14 192 81
2684 15 88 81
2685 18 168 81
2686 19 91 81
2687 2 53 82
2688 3 70 82
2689 4 42 82
2690 5 108 82
2691 6 145 82
2692 7 66 82
2693 8 200 82
2694 9 118 82
2695 10 259 82
2696 11 34 82
2697 12 239 82
2698 13 40 82
2699 20 191 82
2700 21 231 82
2701 22 85 82
2702 16 243 81
2703 17 40 81
2704 14 206 82
2705 15 40 82
2706 16 45 82
2707 17 5 82
2708 18 208 82
2709 19 258 82
2710 23 96 82
2711 0 109 83
2712 1 79 83
2713 2 75 83
2714 3 49 83
2715 4 18 83
2716 5 122 83
2717 6 144 83
2718 7 51 83
2719 8 21 83
2720 9 21 83
2721 10 62 83
2722 11 1 83
2723 12 89 83
2724 13 40 83
2725 14 143 83
2726 15 140 83
2727 16 224 83
2728 19 175 83
2729 20 162 83
2730 21 148 83
2731 17 243 83
2732 18 40 83
2733 22 115 83
2734 23 51 83
2735 0 104 84
2736 1 239 84
2737 2 84 84
2738 3 47 84
2739 4 185 84
2740 5 178 84
2741 6 49 84
2742 7 210 84
2743 8 83 84
2744 9 239 84
2745 10 133 84
2746 11 227 84
2747 12 98 84
2748 13 59 84
2749 14 104 84
2750 15 151 84
2751 16 153 84
2752 17 150 84
2753 18 217 84
2754 19 74 84
2755 20 66 84
2756 21 176 84
2757 22 57 84
2758 23 89 84
2759 24 161 84
2760 0 93 85
2761 1 113 85
2762 2 152 85
2763 3 187 85
2764 4 123 85
2765 5 140 85
2766 6 49 85
2767 7 178 85
2768 8 55 85
2769 9 29 85
2770 10 118 85
2771 11 27 85
2772 12 144 85
2773 13 90 85
2774 14 20 85
2775 15 214 85
2776 16 80 85
2777 17 6 85
2778 18 254 85
2779 19 26 85
2780 20 2 85
2781 21 193 85
2782 22 124 85
2783 23 139 85
2784 24 225 85
2785 25 231 85
2786 0 43 86
2787 1 86 86
2788 2 153 86
2789 3 196 86
2790 4 27 86
2791 5 48 86
2792 6 211 86
2793 7 167 86
2794 8 218 86
2795 9 70 86
2796 10 43 86
2797 11 4 86
2798 12 224 86
2799 13 130 86
2800 14 6 86
2801 15 10 86
2802 16 190 86
2803 17 222 86
2804 18 65 86
2805 19 135 86
2806 20 25 86
2807 21 4 86
2808 22 130 86
2809 23 62 86
2810 24 161 86
2811 25 102 86
2812 26 14 86
2813 0 145 87
2814 1 182 87
2815 2 238 87
2816 3 143 87
2817 4 196 87
2818 5 183 87
2819 6 69 87
2820 7 173 87
2821 8 105 87
2822 9 167 87
2823 10 51 87
2824 11 113 87
2825 12 169 87
2826 13 30 87
2827 14 170 87
2828 15 91 87
2829 16 202 87
2830 17 55 87
2831 18 17 87
2832 19 43 87
2833 20 189 87
2834 21 210 87
2835 22 211 87
2836 23 248 87
2837 24 177 87
2838 25 209 87
2839 26 21 87
2840 0 245 88
2841 1 92 88
2842 2 89 88
2843 3 187 88
2844 4 66 88
2845 5 31 88
2846 6 36 88
2847 7 242 88
2848 8 178 88
2849 9 89 88
2850 10 46 88
2851 11 118 88
2852 12 171 88
2853 13 16 88
2854 14 72 88
2855 15 155 88
2856 16 69 88
2857 17 163 88
2858 18 246 88
2859 19 231 88
2860 20 14 88
2861 21 235 88
2862 22 108 88
2863 23 204 88
2864 24 42 88
2865 25 105 88
2866 26 42 88
2867 27 31 88
2868 0 161 89
2869 1 235 89
2870 2 116 89
2871 3 205 89
2872 4 167 89
2873 5 73 89
2874 6 239 89
2875 7 170 89
2876 8 188 89
2877 9 140 89
2878 10 193 89
2879 11 116 89
2880 12 44 89
2881 13 52 89
2882 14 142 89
2883 15 153 89
2884 16 247 89
2885 17 72 89
2886 18 4 89
2887 19 137 89
2888 20 45 89
2889 21 118 89
2890 22 26 89
2891 23 34 89
2892 24 58 89
2893 25 224 89
2894 26 55 89
2895 27 28 89
2896 28 115 89
2897 0 67 90
2898 1 93 90
2899 2 140 90
2900 3 181 90
2901 4 221 90
2902 5 155 90
2903 6 161 90
2904 7 229 90
2905 8 20 90
2906 9 63 90
2907 10 165 90
2908 11 226 90
2909 12 60 90
2910 13 118 90
2911 14 207 90
2912 15 237 90
2913 16 182 90
2914 17 94 90
2915 18 49 90
2916 19 56 90
2917 20 2 90
2918 21 250 90
2919 22 47 90
2920 23 235 90
2921 24 4 90
2922 25 212 90
2923 26 140 90
2924 27 30 90
2925 28 204 90
2926 29 154 90
2927 0 239 91
2928 1 99 91
2929 2 76 91
2930 3 216 91
2931 4 36 91
2932 5 133 91
2933 9 102 91
2934 11 220 91
2935 12 206 91
2936 13 26 91
2937 14 245 91
2938 15 62 91
2939 16 95 91
2940 17 176 91
2941 18 145 91
2942 19 79 91
2943 20 156 91
2944 21 28 91
2945 22 111 91
2946 23 23 91
2947 24 249 91
2948 25 137 91
2949 26 146 91
2950 27 146 91
2951 28 226 91
2952 29 39 91
2953 0 56 92
2954 1 12 92
2955 2 164 92
2956 3 179 92
2957 4 99 92
2958 5 66 92
2959 15 170 92
2960 17 193 92
2961 18 59 92
2962 19 254 92
2963 20 247 92
2964 21 162 92
2965 22 218 92
2966 23 91 92
2967 24 140 92
2968 25 232 92
2969 26 145 92
2970 27 150 92
2971 28 51 92
2972 29 102 92
2973 30 191 92
2974 0 223 93
2975 1 179 93
2976 2 129 93
2977 3 18 93
2978 4 162 93
2979 17 205 93
2980 18 117 93
2981 19 156 93
2982 20 186 93
2983 21 30 93
2984 22 91 93
2985 23 113 93
2986 24 198 93
2987 25 14 93
2988 26 176 93
2989 27 44 93
2990 28 47 93
2991 29 216 93
2992 30 51 93
2993 0 181 94
2994 1 7 94
2995 2 214 94
2996 3 35 94
2997 4 109 94
2998 20 216 94
2999 21 43 94
3000 22 208 94
3001 23 191 94
3002 24 111 94
3003 25 219 94
3004 26 152 94
3005 27 162 94
3006 28 44 94
3007 29 81 94
3008 30 142 94
3009 31 256 94
3010 0 179 95
3011 1 192 95
3012 2 190 95
3013 3 212 95
3014 20 194 95
3015 21 105 95
3016 22 66 95
3017 23 223 95
3018 24 129 95
3019 25 84 95
3020 26 205 95
3021 27 96 95
3022 28 50 95
3023 29 114 95
3024 30 228 95
3025 31 228 95
3026 32 95 95
3027 0 201 96
3028 1 90 96
3029 2 85 96
3030 3 150 96
3031 23 78 96
3032 24 25 96
3033 25 77 96
3034 26 228 96
3035 27 235 96
3036 28 148 96
3037 29 27 96
3038 30 232 96
3039 31 224 96
3040 32 218 96
3041 33 110 96
3042 0 92 97
3043 1 79 97
3044 2 215 97
3045 24 194 97
3046 25 68 97
3047 26 201 97
3048 27 233 97
3049 28 102 97
3050 29 206 97
3051 30 82 97
3052 31 40 97
3053 32 100 97
3054 33 189 97
3055 0 251 98
3056 1 43 98
3057 2 46 98
3058 26 244 98
3059 27 239 98
3060 28 73 98
3061 29 193 98
3062 30 77 98
3063 31 218 98
3064 32 154 98
3065 33 246 98
3066 34 105 98
3067 0 140 99
3068 1 129 99
3069 27 33 99
3070 28 56 99
3071 29 90 99
3072 30 195 99
3073 31 154 99
3074 32 256 99
3075 33 43 99
3076 34 76 99
3077 35 151 99
3078 0 56 100
3079 1 68 100
3080 29 157 100
3081 30 107 100
3082 31 52 100
3083 32 39 100
3084 34 78 100
3085 33 234 100
3086 35 198 100
3087 0 197 101
3088 30 76 101
3089 31 107 101
3090 32 104 101
3091 33 249 101
3092 36 39 101
3093 34 108 101
3094 35 224 101
3095 0 174 102
3096 34 185 102
3097 31 168 102
3098 33 78 102
3099 32 78 102
3100 35 206 102
3101 37 224 102
3102 36 224 102
3103 36 224 103
3104 32 261 103
3105 35 39 103
3106 34 78 103
3107 37 238 103
3108 33 185 103
3109 38 224 104
3110 34 27 104
3111 37 39 104
3112 36 39 104
3113 36 39 105
3114 35 224 104
3115 35 224 105
3116 39 151 105
3117 38 39 105
3118 38 39 106
3119 37 224 105
3120 37 224 106
3121 36 224 106
3122 40 151 107
3123 39 112 106
3124 39 112 107
3125 38 224 107
3126 38 224 108
3127 41 112 108
3128 40 112 108
3129 40 112 109
3130 39 151 108
3131 42 112 110
3132 41 151 109
3133 41 151 110
3134 43 207 111
3135 42 151 111
3136 44 207 113
3137 45 141 114
3138 43 54 112
3139 42 36 112
3140 40 260 110
3141 39 1 109
3142 37 219 107
3143 36 73 107
3144 34 207 105
3145 33 194 104
3146 31 120 103
3147 30 223 102
3148 28 91 100
3149 27 236 100
3150 25 136 98
3151 24 133 98
3152 22 197 96
3153 21 241 96
3154 19 179 94
3155 18 235 94
3156 16 180 92
3157 15 143 93
3158 13 243 92
3159 12 162 92
3160 10 27 91
3161 9 245 92
3162 7 260 91
3163 6 261 91
3164 46 141 116
3165 44 54 114
3166 43 245 113
3167 41 3 111
3168 40 1 111
3169 38 219 109
3170 37 190 108
3171 35 28 106
3172 34 194 106
3173 32 203 104
3174 31 223 104
3175 29 172 101
3176 28 145 101
3177 26 195 99
3178 25 130 99
3179 23 33 97
3180 22 22 97
3181 20 179 96
3182 19 28 95
3183 17 180 94
3184 16 203 93
3185 14 253 92
3186 13 182 93
3187 11 118 92
3188 10 254 92
3189 8 130 91
3190 47 141 118
3191 45 209 115
3192 44 245 115
3193 42 3 113
3194 41 262 112
3195 39 22 110
3196 38 190 110
3197 36 28 108
3198 35 166 107
3199 33 60 105
3200 32 20 105
3201 30 172 103
3202 29 118 102
3203 27 195 101
3204 26 198 100
3205 24 33 99
3206 23 252 98
3207 21 42 97
3208 20 28 97
3209 18 173 95
3210 17 203 95
3211 15 253 94
3212 14 91 93
3213 12 145 93
3214 11 136 93
3215 48 61 119
3216 46 209 117
3217 45 18 116
3218 43 130 114
3219 42 262 114
3220 40 22 112
3221 39 168 111
3222 37 235 109
3223 36 166 109
3224 34 60 107
3225 33 243 106
3226 31 172 105
3227 30 118 104
3228 28 34 102
3229 27 198 102
3230 25 230 100
3231 24 252 100
3232 22 221 98
3233 21 249 98
3234 19 90 96
3235 18 30 96
3236 16 258 94
3237 15 91 95
3238 13 59 94
3239 49 202 120
3240 47 209 119
3241 46 18 118
3242 44 130 116
3243 43 132 115
3244 41 241 113
3245 40 168 113
3246 38 235 111
3247 37 97 110
3248 35 233 108
3249 34 243 108
3250 32 177 106
3251 31 118 106
3252 29 229 103
3253 28 164 103
3254 26 148 101
3255 25 11 101
3256 23 21 99
3257 22 14 99
3258 20 90 98
3259 19 233 97
3260 17 258 96
3261 16 177 95
3262 50 202 122
3263 48 27 120
3264 47 18 120
3265 45 133 117
3266 44 132 117
3267 42 241 115
3268 41 95 114
3269 39 14 112
3270 38 97 112
3271 36 233 110
3272 35 10 109
3273 33 86 107
3274 32 204 107
3275 30 229 105
3276 29 99 104
3277 27 148 103
3278 26 126 102
3279 24 21 101
3280 23 256 100
3281 21 218 99
3282 20 233 99
3283 18 134 97
3284 51 202 124
3285 49 236 121
3286 48 254 121
3287 46 133 119
3288 45 131 118
3289 43 11 116
3290 42 95 116
3291 40 14 114
3292 39 83 113
3293 37 30 111
3294 36 10 111
3295 34 86 109
3296 33 59 108
3297 31 229 107
3298 30 99 106
3299 28 189 104
3300 27 126 104
3301 25 242 102
3302 24 256 102
3303 22 45 100
3304 21 15 100
3305 52 162 125
3306 50 236 123
3307 49 9 122
3308 47 133 121
3309 46 131 120
3310 44 11 118
3311 43 84 117
3312 41 249 115
3313 40 83 115
3314 38 30 113
3315 37 253 112
3316 35 220 110
3317 34 59 110
3318 32 17 108
3319 31 99 108
3320 29 74 105
3321 28 200 105
3322 26 142 103
3323 25 7 103
3324 23 109 101
3325 53 101 126
3326 51 236 125
3327 50 9 124
3328 48 65 122
3329 47 131 122
3330 45 252 119
3331 44 84 119
3332 42 249 117
3333 41 180 116
3334 39 248 114
3335 38 253 114
3336 36 220 112
3337 35 102 111
3338 33 246 109
3339 32 82 109
3340 30 74 107
3341 29 63 106
3342 27 142 105
3343 26 128 104
3344 54 101 128
3345 52 145 126
3346 51 9 126
3347 49 198 123
3348 48 66 123
3349 46 252 121
3350 45 179 120
3351 43 7 118
3352 42 180 118
3353 40 248 116
3354 39 5 115
3355 37 43 113
3356 36 102 113
3357 34 246 111
3358 33 181 110
3359 31 74 109
3360 30 63 108
3361 28 192 106
3362 55 101 130
3363 53 118 127
3364 52 127 127
3365 50 198 125
3366 49 197 124
3367 47 252 123
3368 46 179 122
3369 44 7 120
3370 43 173 119
3371 41 15 117
3372 40 5 117
3373 38 43 115
3374 37 161 114
3375 35 140 112
3376 34 181 112
3377 32 226 110
3378 31 63 110
3379 56 101 132
3380 54 118 129
3381 53 136 128
3382 51 198 127
3383 50 197 126
3384 48 137 124
3385 47 179 124
3386 45 256 121
3387 44 173 121
3388 42 15 119
3389 41 258 118
3390 39 110 116
3391 38 161 116
3392 36 140 114
3393 35 41 113
3394 33 37 111
3395 57 182 132
3396 55 118 131
3397 54 136 130
3398 52 164 128
3399 51 197 128
3400 49 126 125
3401 48 42 125
3402 46 256 123
3403 45 90 122
3404 43 124 120
3405 42 258 120
3406 40 110 118
3407 39 51 117
3408 37 123 115
3409 36 41 115
3410 58 182 134
3411 56 118 133
3412 55 136 132
3413 53 99 129
3414 52 33 129
3415 50 126 127
3416 49 221 126
3417 47 256 125
3418 46 90 124
3419 44 124 122
3420 43 134 121
3421 41 153 119
3422 40 51 119
3423 38 123 117
3424 59 182 136
3425 57 59 133
3426 56 136 134
3427 54 99 131
3428 53 230 130
3429 51 126 129
3430 50 221 128
3431 48 135 126
3432 47 90 126
3433 45 139 123
3434 44 134 123
3435 42 153 121
3436 41 212 120
3437 60 182 138
3438 58 59 135
3439 57 68 134
3440 55 99 133
3441 54 230 132
3442 52 200 130
3443 51 221 130
3444 49 128 127
3445 48 218 127
3446 46 139 125
3447 45 129 124
3448 43 55 122
3449 61 91 138
3450 59 59 137
3451 58 68 136
3452 56 99 135
3453 55 230 134
3454 53 63 131
3455 52 21 131
3456 50 128 129
3457 49 45 128
3458 47 139 127
3459 46 129 126
3460 62 91 140
3461 60 59 139
3462 59 68 138
3463 57 181 135
3464 56 230 136
3465 54 63 133
3466 53 242 132
3467 51 128 131
3468 50 45 130
3469 48 62 128
3470 63 91 142
3471 61 161 139
3472 60 68 140
3473 58 181 137
3474 57 115 136
3475 55 63 135
3476 54 242 134
3477 52 199 132
3478 51 45 132
3479 64 91 144
3480 62 161 141
3481 61 34 140
3482 59 181 139
3483 58 115 138
3484 56 63 137
3485 55 242 136
3486 53 64 133
3487 65 172 145
3488 63 161 143
3489 62 34 142
3490 60 181 141
3491 59 115 140
3492 57 163 137
3493 56 242 138
3494 66 177 146
3495 64 161 145
3496 63 34 144
3497 61 222 141
3498 60 115 142
3499 58 163 139
3500 67 177 148
3501 65 102 146
3502 64 34 146
3503 62 222 143
3504 61 189 142
3505 68 177 150
3506 66 212 147
3507 65 229 147
3508 63 222 145
3509 69 86 151
3510 67 212 149
3511 66 17 148
3512 70 220 152
3513 68 212 151
3514 71 220 154
3515 72 175 156
3516 69 169 152
3517 67 147 150
3518 64 100 147
3519 62 134 144
3520 59 84 141
3521 57 81 138
3522 54 39 135
3523 52 216 133
3524 49 159 129
3525 47 100 128
3526 44 161 124
3527 42 84 122
3528 39 9 118
3529 37 39 116
3530 34 48 113
3531 32 104 111
3532 29 135 107
3533 27 204 106
3534 24 69 103
3535 22 36 101
3536 19 105 98
3537 17 71 97
3538 14 229 94
3539 73 88 157
3540 70 47 153
3541 68 147 152
3542 65 163 148
3543 63 134 146
3544 60 84 143
3545 58 81 140
3546 55 39 137
3547 53 47 134
3548 50 159 131
3549 48 213 129
3550 45 102 125
3551 43 221 123
3552 40 9 120
3553 38 39 118
3554 35 239 114
3555 33 159 112
3556 30 135 109
3557 28 161 107
3558 25 194 104
3559 23 245 102
3560 20 105 100
3561 18 96 98
3562 74 88 159
3563 71 47 155
3564 69 116 153
3565 66 50 149
3566 64 134 148
3567 61 42 143
3568 59 81 142
3569 56 39 139
3570 54 47 136
3571 51 159 133
3572 49 50 130
3573 46 102 127
3574 44 221 125
3575 41 254 121
3576 39 112 119
3577 36 239 116
3578 34 159 114
3579 31 135 111
3580 29 102 108
3581 26 166 105
3582 24 245 104
3583 21 79 101
3584 75 219 160
3585 72 47 157
3586 70 205 154
3587 67 50 151
3588 65 129 149
3589 62 42 145
3590 60 81 144
3591 57 151 139
3592 55 47 138
3593 52 52 134
3594 50 50 132
3595 47 102 129
3596 45 42 126
3597 42 254 123
3598 40 112 121
3599 37 24 117
3600 35 52 115
3601 32 64 112
3602 30 102 110
3603 27 166 107
3604 25 18 105
3605 76 219 162
3606 73 216 158
3607 71 205 156
3608 68 50 153
3609 66 67 150
3610 63 42 147
3611 61 172 144
3612 58 151 141
3613 56 47 140
3614 53 211 135
3615 51 50 134
3616 48 212 130
3617 46 42 128
3618 43 136 124
3619 41 151 122
3620 38 24 119
3621 36 52 117
3622 33 199 113
3623 31 102 112
3624 28 180 108
3625 77 44 163
3626 74 216 160
3627 72 205 158
3628 69 213 154
3629 67 67 152
3630 64 42 149
3631 62 172 146
3632 59 151 143
3633 57 155 140
3634 54 211 137
3635 52 238 135
3636 49 51 131
3637 47 42 130
3638 44 136 126
3639 42 151 124
3640 39 251 120
3641 37 211 118
3642 34 199 115
3643 32 212 113
3644 78 44 165
3645 75 155 161
3646 73 58 159
3647 70 25 155
3648 68 67 154
3649 65 221 150
3650 63 172 148
3651 60 151 145
3652 58 155 142
3653 55 211 139
3654 53 25 136
3655 50 51 133
3656 48 242 131
3657 45 127 127
3658 43 56 125
3659 40 251 122
3660 38 211 120
3661 35 32 116
3662 79 241 166
3663 76 155 163
3664 74 58 161
3665 71 25 157
3666 69 196 155
3667 66 21 151
3668 64 172 150
3669 61 207 145
3670 59 155 144
3671 56 211 141
3672 54 25 138
3673 51 51 135
3674 49 21 132
3675 46 127 129
3676 44 56 127
3677 41 12 123
3678 39 26 121
3679 80 241 168
3680 77 108 164
3681 75 234 162
3682 72 25 159
3683 70 165 156
3684 67 21 153
3685 65 91 151
3686 62 207 147
3687 60 155 146
3688 57 237 141
3689 55 25 140
3690 52 106 136
3691 50 21 134
3692 47 127 131
3693 45 207 128
3694 42 12 125
3695 81 22 169
3696 78 108 166
3697 76 234 164
3698 73 238 160
3699 71 165 158
3700 68 21 155
3701 66 86 152
3702 63 207 149
3703 61 209 146
3704 58 237 143
3705 56 25 142
3706 53 157 137
3707 51 21 136
3708 48 68 132
3709 46 207 130
3710 82 22 171
3711 79 209 167
3712 77 29 165
3713 74 238 162
3714 72 165 160
3715 69 242 156
3716 67 86 154
3717 64 207 151
3718 62 209 148
3719 59 237 145
3720 57 144 142
3721 54 157 139
3722 52 121 137
3723 49 195 133
3724 83 22 173
3725 80 209 169
3726 78 29 167
3727 75 144 163
3728 73 98 161
3729 70 142 157
3730 68 86 156
3731 65 56 152
3732 63 209 150
3733 60 237 147
3734 58 144 144
3735 55 157 141
3736 53 142 138
3737 84 252 174
3738 81 54 170
3739 79 117 168
3740 76 144 165
3741 74 98 163
3742 71 142 159
3743 69 177 157
3744 66 235 153
3745 64 209 152
3746 61 250 147
3747 59 144 146
3748 56 157 143
3749 85 11 175
3750 82 54 172
3751 80 117 170
3752 77 119 166
3753 75 214 164
3754 72 142 161
3755 70 43 158
3756 67 235 155
3757 65 54 153
3758 62 250 149
3759 60 144 148
3760 86 11 177
3761 83 54 174
3762 81 146 171
3763 78 119 168
3764 76 214 166
3765 73 121 162
3766 71 43 160
3767 68 235 157
3768 66 236 154
3769 63 250 151
3770 87 11 179
3771 84 236 175
3772 82 146 173
3773 79 72 169
3774 77 49 167
3775 74 121 164
3776 72 43 162
3777 69 28 158
3778 67 236 156
3779 88 126 180
3780 85 27 176
3781 83 146 175
3782 80 72 171
3783 78 49 169
3784 75 71 165
3785 73 220 163
3786 70 249 159
3787 89 137 181
3788 86 27 178
3789 84 190 176
3790 81 191 172
3791 79 107 170
3792 76 71 167
3793 74 220 165
3794 90 137 183
3795 87 27 180
3796 85 73 177
3797 82 191 174
3798 80 107 172
3799 77 192 168
3800 91 137 185
3801 88 118 181
3802 86 73 179
3803 83 191 176
3804 81 156 173
3805 92 137 187
3806 89 145 182
3807 87 73 181
3808 84 36 177
3809 93 200 187
3810 90 145 184
3811 88 95 182
3812 94 200 189
3813 91 145 186
3814 95 200 191
3815 6 22 92
3816 7 257 92
3817 8 169 92
3818 5 7 93
3819 6 179 93
3820 7 68 93
3821 8 2 93
3822 9 83 93
3823 10 93 93
3824 5 225 94
3825 6 122 94
3826 10 176 94
3827 11 237 94
3828 12 213 94
3829 4 107 95
3830 5 87 95
3831 12 149 95
3832 13 221 95
3833 14 136 95
3834 4 67 96
3835 5 177 96
3836 14 184 96
3837 15 23 96
3838 16 47 96
3839 3 14 97
3840 4 26 97
3841 7 22 94
3842 8 257 94
3843 9 169 94
3844 6 7 95
3845 7 179 95
3846 8 68 95
3847 9 2 95
3848 10 83 95
3849 11 93 95
3850 6 225 96
3851 7 122 96
3852 11 176 96
3853 12 237 96
3854 13 213 96
3855 5 107 97
3856 6 87 97
3857 13 149 97
3858 14 221 97
3859 15 136 97
3860 16 6 97
3861 3 127 98
3862 4 122 98
3863 5 67 98
3864 6 259 98
3865 15 143 98
3866 8 22 96
3867 9 257 96
3868 10 169 96
3869 7 7 97
3870 8 179 97
3871 9 68 97
3872 10 2 97
3873 11 83 97
3874 12 93 97
3875 7 225 98
3876 8 122 98
3877 12 176 98
3878 13 237 98
3879 14 213 98
3880 16 7 98
3881 17 193 98
3882 2 26 99
3883 3 54 99
3884 4 75 99
3885 5 171 99
3886 6 149 99
3887 7 122 99
3888 14 206 99
3889 15 98 99
3890 9 22 98
3891 10 257 98
3892 11 169 98
3893 8 7 99
3894 9 179 99
3895 10 68 99
3896 11 2 99
3897 12 83 99
3898 13 93 99
3899 16 130 99
3900 17 162 99
3901 18 138 99
3902 19 197 99
3903 2 188 100
3904 3 152 100
3905 4 3 100
3906 5 138 100
3907 6 182 100
3908 7 93 100
3909 8 98 100
3910 9 9 100
3911 13 104 100
3912 14 222 100
3913 10 22 100
3914 11 257 100
3915 12 169 100
3916 15 10 100
3917 16 55 100
3918 17 191 100
3919 18 78 100
3920 19 233 100
3921 1 202 101
3922 2 89 101
3923 3 103 101
3924 4 117 101
3925 5 78 101
3926 6 155 101
3927 7 218 101
3928 8 93 101
3929 9 214 101
3930 10 221 101
3931 11 47 101
3932 12 36 101
3933 13 232 101
3934 14 79 101
3935 15 148 101
3936 16 146 101
3937 17 179 101
3938 18 226 101
3939 19 161 101
3940 20 145 101
3941 1 150 102
3942 2 122 102
3943 3 17 102
3944 4 24 102
3945 5 46 102
3946 6 184 102
3947 7 248 102
3948 8 24 102
3949 9 79 102
3950 10 102 102
3951 11 189 102
3952 12 31 102
3953 13 28 102
3954 14 128 102
3955 15 82 102
3956 16 29 102
3957 17 218 102
3958 18 236 102
3959 19 106 102
3960 20 94 102
3961 21 118 102
3962 22 49 102
3963 0 46 103
3964 1 41 103
3965 2 222 103
3966 3 65 103
3967 4 192 103
3968 5 205 103
3969 6 240 103
3970 7 260 103
3971 8 189 103
3972 9 17 103
3973 10 182 103
3974 11 6 103
3975 12 151 103
3976 13 231 103
3977 14 130 103
3978 15 3 103
3979 16 100 103
3980 17 144 103
3981 18 166 103
3982 19 248 103
3983 20 65 103
3984 21 155 103
3985 22 149 103
3986 23 87 103
3987 0 170 104
3988 1 129 104
3989 2 191 104
3990 3 247 104
3991 4 128 104
3992 5 89 104
3993 6 164 104
3994 7 63 104
3995 8 103 104
3996 9 50 104
3997 10 246 104
3998 11 111 104
3999 12 135 104
4000 13 69 104
4001 14 181 104
4002 15 36 104
4003 16 202 104
4004 17 256 104
4005 18 4 104
4006 20 178 104
4007 19 12 104
4008 21 133 104
4009 22 196 104
4010 23 215 104
4011 0 73 105
4012 1 42 105
4013 2 128 105
4014 3 252 105
4015 4 152 105
4016 5 29 105
4017 6 13 105
4018 7 74 105
4019 8 81 105
4020 9 238 105
4021 10 261 105
4022 11 259 105
4023 12 101 105
4024 13 204 105
4025 14 16 105
4026 15 120 105
4027 16 98 105
4028 17 234 105
4029 18 125 105
4030 19 27 105
4031 20 220 105
4032 21 197 105
4033 22 61 105
4034 23 128 105
4035 24 22 105
4036 0 73 106
4037 1 145 106
4038 2 131 106
4039 3 50 106
4040 4 170 106
4041 5 213 106
4042 6 128 106
4043 7 213 106
4044 8 191 106
4045 9 87 106
4046 10 251 106
4047 11 244 106
4048 13 260 106
4049 12 189 106
4050 14 163 106
4051 15 242 106
4052 16 137 106
4053 17 102 106
4054 18 61 106
4055 19 87 106
4056 20 175 106
4057 21 251 106
4058 22 24 106
4059 23 158 106
4060 24 144 106
4061 25 198 106
4062 26 203 106
4063 0 169 107
4064 1 94 107
4065 2 230 107
4066 3 111 107
4067 4 42 107
4068 5 76 107
4069 6 85 107
4070 7 65 107
4071 8 188 107
4072 9 141 107
4073 10 254 107
4074 11 70 107
4075 12 163 107
4076 13 195 107
4077 14 256 107
4078 15 103 107
4079 16 50 107
4080 17 70 107
4081 18 241 107
4082 19 175 107
4083 20 76 107
4084 21 162 107
4085 22 68 107
4086 23 67 107
4087 24 49 107
4088 25 201 107
4089 26 122 107
4090 0 223 108
4091 1 25 108
4092 2 9 108
4093 3 79 108
4094 4 78 108
4095 6 22 108
4096 5 205 108
4097 7 96 108
4098 8 212 108
4099 9 161 108
4100 10 53 108
4101 11 16 108
4102 12 59 108
4103 13 212 108
4104 14 77 108
4105 15 171 108
4106 16 108 108
4107 17 107 108
4108 18 27 108
4109 19 211 108
4110 20 55 108
4111 21 170 108
4112 22 14 108
4113 23 149 108
4114 24 24 108
4115 25 197 108
4116 26 14 108
4117 27 146 108
4118 0 133 109
4119 1 186 109
4120 2 192 109
4121 3 115 109
4122 4 52 109
4123 5 54 109
4124 6 102 109
4125 7 58 109
4126 8 260 109
4127 9 138 109
4128 10 203 109
4129 11 199 109
4130 12 212 109
4131 13 251 109
4132 14 24 109
4133 15 76 109
4134 16 83 109
4135 17 19 109
4136 18 160 109
4137 19 237 109
4138 20 176 109
4139 21 80 109
4140 22 57 109
4141 23 224 109
4142 24 124 109
4143 25 222 109
4144 26 226 109
4145 27 4 109
4146 28 173 109
4147 29 194 109
4148 0 93 110
4149 1 133 110
4150 2 186 110
4151 3 164 110
4152 4 151 110
4153 5 205 110
4154 6 250 110
4155 7 9 110
4156 8 11 110
4157 9 122 110
4158 10 235 110
4159 11 34 110
4160 12 67 110
4161 13 208 110
4162 14 198 110
4163 15 127 110
4164 16 99 110
4165 17 24 110
4166 18 43 110
4167 19 50 110
4168 20 158 110
4169 21 127 110
4170 22 190 110
4171 23 230 110
4172 24 62 110
4173 25 21 110
4174 26 151 110
4175 27 63 110
4176 28 163 110
4177 29 138 110
4178 0 12 111
4179 1 256 111
4180 2 53 111
4181 3 44 111
4182 4 157 111
4183 5 240 111
4184 6 104 111
4185 7 247 111
4186 8 94 111
4187 9 50 111
4188 10 247 111
4189 11 154 111
4190 12 161 111
4191 13 179 111
4192 14 262 111
4193 15 133 111
4194 16 212 111
4195 17 250 111
4196 18 94 111
4197 19 262 111
4198 20 118 111
4199 21 98 111
4200 22 151 111
4201 23 84 111
4202 24 58 111
4203 25 20 111
4204 26 64 111
4205 27 144 111
4206 28 160 111
4207 29 48 111
4208 30 217 111
4209 0 149 112
4210 1 139 112
4211 2 220 112
4212 3 168 112
4213 4 35 112
4214 5 244 112
4215 6 50 112
4216 7 171 112
4217 8 49 112
4218 9 17 112
4219 10 10 112
4220 11 22 112
4221 12 236 112
4222 13 103 112
4223 14 144 112
4224 15 206 112
4225 16 88 112
4226 17 172 112
4227 18 205 112
4228 19 92 112
4229 20 148 112
4230 21 135 112
4231 22 76 112
4232 23 164 112
4233 24 177 112
4234 25 195 112
4235 26 73 112
4236 27 81 112
4237 28 235 112
4238 29 246 112
4239 30 183 112
4240 0 152 113
4241 1 101 113
4242 2 66 113
4243 3 114 113
4244 4 183 113
4245 5 172 113
4246 6 235 113
4247 7 236 113
4248 8 109 113
4249 9 76 113
4250 10 246 113
4251 11 207 113
4252 12 103 113
4253 13 191 113
4254 14 166 113
4255 15 25 113
4256 16 193 113
4257 17 217 113
4258 18 221 113
4259 19 79 113
4260 20 10 113
4261 21 110 113
4262 22 110 113
4263 23 55 113
4264 24 166 113
4265 25 89 113
4266 26 33 113
4267 27 154 113
4268 28 69 113
4269 29 50 113
4270 30 33 113
4271 31 157 113
4272 0 165 114
4273 1 63 114
4274 2 179 114
4275 3 193 114
4276 4 210 114
4277 5 185 114
4278 6 242 114
4279 7 252 114
4280 8 6 114
4281 9 125 114
4282 10 211 114
4283 11 79 114
4284 12 131 114
4285 13 92 114
4286 14 28 114
4287 15 128 114
4288 16 90 114
4289 17 50 114
4290 18 159 114
4291 19 52 114
4292 20 175 114
4293 21 118 114
4294 22 30 114
4295 23 33 114
4296 24 17 114
4297 25 255 114
4298 26 244 114
4299 27 183 114
4300 28 217 114
4301 29 179 114
4302 30 74 114
4303 31 110 114
4304 32 138 114
4305 33 219 114
4306 0 153 115
4307 1 78 115
4308 2 15 115
4309 3 136 115
4310 4 34 115
4311 5 159 115
4312 6 172 115
4313 7 105 115
4314 8 179 115
4315 9 129 115
4316 10 80 115
4317 11 243 115
4318 12 29 115
4319 13 31 115
4320 14 15 115
4321 15 2 115
4322 16 90 115
4323 17 33 115
4324 18 258 115
4325 19 129 115
4326 20 196 115
4327 21 54 115
4328 22 221 115
4329 23 175 115
4330 24 127 115
4331 25 213 115
4332 26 5 115
4333 27 181 115
4334 28 137 115
4335 29 85 115
4336 30 159 115
4337 31 143 115
4338 32 244 115
4339 33 38 115
4340 0 95 116
4341 1 67 116
4342 2 95 116
4343 3 26 116
4344 4 52 116
4345 5 102 116
4346 6 173 116
4347 7 34 116
4348 8 167 116
4349 9 147 116
4350 10 147 116
4351 11 13 116
4352 12 68 116
4353 13 144 116
4354 14 189 116
4355 15 193 116
4356 16 5 116
4357 17 158 116
4358 18 202 116
4359 19 18 116
4360 20 194 116
4361 21 102 116
4362 22 137 116
4363 23 104 116
4364 24 167 116
4365 25 17 116
4366 26 46 116
4367 27 169 116
4368 28 151 116
4369 29 91 116
4370 30 209 116
4371 31 109 116
4372 32 256 116
4373 33 180 116
4374 34 213 116
4375 0 171 117
4376 1 32 117
4377 2 179 117
4378 3 250 117
4379 4 14 117
4380 5 243 117
4381 6 22 117
4382 7 85 117
4383 8 102 117
4384 9 133 117
4385 10 220 117
4386 11 7 117
4387 12 46 117
4388 13 233 117
4389 14 213 117
4390 15 164 117
4391 16 88 117
4392 17 223 117
4393 18 110 117
4394 19 101 117
4395 20 23 117
4396 21 90 117
4397 22 50 117
4398 23 241 117
4399 24 19 117
4400 25 22 117
4401 26 172 117
4402 27 114 117
4403 28 43 117
4404 29 259 117
4405 30 226 117
4406 31 121 117
4407 32 43 117
4408 33 31 117
4409 34 252 117
4410 35 209 117
4411 0 227 118
4412 1 160 118
4413 2 108 118
4414 3 239 118
4415 4 44 118
4416 5 251 118
4417 6 107 118
4418 7 239 118
4419 8 154 118
4420 9 143 118
4421 11 18 118
4422 13 38 118
4423 15 127 118
4424 17 258 118
4425 18 104 118
4426 19 13 118
4427 20 239 118
4428 22 187 118
4429 21 258 118
4430 23 5 118
4431 24 249 118
4432 25 169 118
4433 26 194 118
4434 27 124 118
4435 28 230 118
4436 29 174 118
4437 30 86 118
4438 31 164 118
4439 32 90 118
4440 33 221 118
4441 34 187 118
4442 35 61 118
4443 36 42 118
4444 0 151 119
4445 1 24 119
4446 2 90 119
4447 3 262 119
4448 4 256 119
4449 5 137 119
4450 17 20 119
4451 18 221 119
4452 19 152 119
4453 20 232 119
4454 21 83 119
4455 22 135 119
4456 23 69 119
4457 24 30 119
4458 25 85 119
4459 26 59 119
4460 27 21 119
4461 28 148 119
4462 29 176 119
4463 30 67 119
4464 31 260 119
4465 32 128 119
4466 33 86 119
4467 34 163 119
4468 35 196 119
4469 36 208 119
4470 37 122 119
4471 0 183 120
4472 1 77 120
4473 2 189 120
4474 3 57 120
4475 4 41 120
4476 5 183 120
4477 20 150 120
4478 21 220 120
4479 22 93 120
4480 23 186 120
4481 24 158 120
4482 25 89 120
4483 26 141 120
4484 27 2 120
4485 28 105 120
4486 29 60 120
4487 30 228 120
4488 31 74 120
4489 32 105 120
4490 33 43 120
4491 34 183 120
4492 35 104 120
4493 36 196 120
4494 37 62 120
4495 0 233 121
4496 1 184 121
4497 2 57 121
4498 3 243 121
4499 4 146 121
4500 5 238 121
4501 21 232 121
4502 23 160 121
4503 24 194 121
4504 25 78 121
4505 26 198 121
4506 27 43 121
4507 28 229 121
4508 38 202 121
4509 29 111 121
4510 30 110 121
4511 31 36 121
4512 32 221 121
4513 33 195 121
4514 34 235 121
4515 35 150 121
4516 36 181 121
4517 37 187 121
4518 0 186 122
4519 1 85 122
4520 2 57 122
4521 3 178 122
4522 4 170 122
4523 24 205 122
4524 25 222 122
4525 26 262 122
4526 27 175 122
4527 28 6 122
4528 29 237 122
4529 30 65 122
4530 39 108 122
4531 38 162 122
4532 31 79 122
4533 32 223 122
4534 33 244 122
4535 34 187 122
4536 35 147 122
4537 36 20 122
4538 37 233 122
4539 0 228 123
4540 1 211 123
4541 2 52 123
4542 3 71 123
4543 4 186 123
4544 25 126 123
4545 27 86 123
4546 28 183 123
4547 29 121 123
4548 30 127 123
4549 31 213 123
4550 32 129 123
4551 40 155 123
4552 39 209 123
4553 38 182 123
4554 33 11 123
4555 34 201 123
4556 35 95 123
4557 36 52 123
4558 37 123 123
4559 0 51 124
4560 1 30 124
4561 2 84 124
4562 3 175 124
4563 4 240 124
4564 27 64 124
4565 28 8 124
4566 31 103 124
4567 30 139 124
4568 32 235 124
4569 33 156 124
4570 29 124 124
4571 41 54 124
4572 40 54 124
4573 39 27 124
4574 38 172 124
4575 34 13 124
4576 35 185 124
4577 36 77 124
4578 37 138 124
4579 0 127 125
4580 1 63 125
4581 2 84 125
4582 3 167 125
4583 30 109 125
4584 31 224 125
4585 32 101 125
4586 34 9 125
4587 33 222 125
4588 35 54 125
4589 36 121 125
4590 42 54 126
4591 41 236 125
4592 40 236 125
4593 39 118 125
4594 38 177 125
4595 37 192 125
4596 0 180 126
4597 1 96 126
4598 2 212 126
4599 3 227 126
4600 31 177 126
4601 32 81 126
4602 34 129 126
4603 33 196 126
4604 35 193 126
4605 36 202 126
4606 37 104 126
4607 38 18 126
4608 43 18 126
4609 42 236 127
4610 41 145 126
4611 40 145 126
4612 39 204 126
4613 0 130 127
4614 1 122 127
4615 2 217 127
4616 3 228 127
4617 31 231 127
4618 32 19 127
4619 36 177 127
4620 35 220 127
4621 34 67 127
4622 37 43 127
4623 38 172 127
4624 33 196 127
4625 44 18 128
4626 43 254 127
4627 42 145 128
4628 41 59 127
4629 40 59 127
4630 39 161 127
4631 0 37 128
4632 1 176 128
4633 38 220 128
4634 2 56 128
4635 34 230 128
4636 37 43 128
4637 36 43 128
4638 35 153 128
4639 39 139 128
4640 40 61 128
4641 45 254 129
4642 44 254 129
4643 43 136 128
4644 42 59 129
4645 41 102 128
4646 0 37 129
4647 1 31 129
4648 2 235 129
4649 39 102 129
4650 38 153 129
4651 35 88 129
4652 40 94 129
4653 37 110 129
4654 36 110 129
4655 41 29 129
4656 46 254 131
4657 45 136 130
4658 44 136 130
4659 43 195 129
4660 42 102 130
4661 0 231 130
4662 1 196 130
4663 2 151 130
4664 40 161 130
4665 39 212 130
4666 38 55 130
4667 41 76 130
4668 43 257 130
4669 37 208 130
4670 47 9 132
4671 46 136 132
4672 45 195 131
4673 44 195 131
4674 0 229 131
4675 42 212 131
4676 1 37 131
4677 38 35 131
4678 41 51 131
4679 40 51 131
4680 39 157 131
4681 43 215 131
4682 0 183 132
4683 48 260 133
4684 47 127 133
4685 46 195 133
4686 45 34 132
4687 44 34 132
4688 1 262 132
4689 42 157 132
4690 39 68 132
4691 43 213 132
4692 41 106 132
4693 40 106 132
4694 0 200 133
4695 49 133 134
4696 48 133 134
4697 47 68 134
4698 46 34 134
4699 45 246 133
4700 44 246 133
4701 1 244 133
4702 42 53 133
4703 43 17 133
4704 0 261 134
4705 41 210 133
4706 50 130 135
4707 49 65 135
4708 48 65 135
4709 47 229 135
4710 46 246 135
4711 45 140 134
4712 44 140 134
4713 42 166 134
4714 0 152 135
4715 43 123 134
4716 51 130 137
4717 50 198 136
4718 49 99 136
4719 48 99 136
4720 47 17 136
4721 46 140 136
4722 45 193 135
4723 44 193 135
4724 0 38 136
4725 52 132 138
4726 51 198 138
4727 50 164 137
4728 49 82 137
4729 48 82 137
4730 47 123 137
4731 46 193 137
4732 45 35 136
4733 53 197 139
4734 52 197 139
4735 51 164 139
4736 50 181 138
4737 49 222 138
4738 48 222 138
4739 47 70 138
4740 54 66 140
4741 53 33 140
4742 52 33 140
4743 51 181 140
4744 50 41 139
4745 49 152 139
4746 55 66 142
4747 54 230 141
4748 53 115 141
4749 52 115 141
4750 51 41 141
4751 57 237 143
4752 55 230 143
4753 54 148 142
4754 53 74 142
4755 56 53 144
4756 57 2 144
4757 55 148 144
4758 58 252 145
4759 56 25 145
4760 59 252 147
4761 61 130 148
4762 58 71 146
4763 57 69 145
4764 54 2 143
4765 52 44 142
4766 50 126 140
4767 48 142 139
4768 46 215 138
4769 44 4 136
4770 42 132 135
4771 40 252 133
4772 38 163 132
4773 36 96 130
4774 34 12 129
4775 32 1 128
4776 30 230 126
4777 28 63 125
4778 26 25 123
4779 24 191 123
4780 22 9 121
4781 20 195 121
4782 18 82 120
4783 16 187 118
4784 14 19 118
4785 12 183 118
4786 10 20 118
4787 6 258 119
4788 7 139 119
4789 8 191 119
4790 9 127 119
4791 10 149 119
4792 60 77 149
4793 59 71 148
4794 56 17 146
4795 55 2 145
4796 53 241 143
4797 51 126 142
4798 49 192 140
4799 47 48 139
4800 45 261 137
4801 43 44 135
4802 41 137 134
4803 39 121 133
4804 37 215 131
4805 35 259 130
4806 33 132 128
4807 31 230 128
4808 29 163 125
4809 27 25 125
4810 25 36 124
4811 23 260 122
4812 21 198 122
4813 19 41 120
4814 17 187 120
4815 15 244 119
4816 13 202 119
4817 11 81 119
4818 12 187 119
4819 14 13 119
4820 16 187 119
4821 6 196 120
4822 62 242 150
4823 61 58 149
4824 58 255 147
4825 57 61 146
4826 54 22 144
4827 52 221 143
4828 50 71 141
4829 48 247 140
4830 46 261 139
4831 44 44 137
4832 42 137 136
4833 40 142 134
4834 38 215 133
4835 36 4 131
4836 34 132 130
4837 32 11 129
4838 30 163 127
4839 28 167 126
4840 26 12 124
4841 24 260 124
4842 22 99 122
4843 20 41 122
4844 18 113 121
4845 7 228 120
4846 8 118 120
4847 9 225 120
4848 10 31 120
4849 11 191 120
4850 12 38 120
4851 63 242 152
4852 60 115 150
4853 59 255 149
4854 56 46 147
4855 55 22 146
4856 53 21 144
4857 51 71 143
4858 49 8 141
4859 47 2 140
4860 45 241 138
4861 43 221 136
4862 41 192 135
4863 39 16 134
4864 37 261 132
4865 35 219 131
4866 33 137 129
4867 31 163 129
4868 29 215 126
4869 27 12 126
4870 25 133 125
4871 23 230 123
4872 21 74 123
4873 19 188 121
4874 17 216 121
4875 15 54 120
4876 13 118 120
4877 14 34 120
4878 16 124 120
4879 64 21 153
4880 62 32 151
4881 61 11 150
4882 58 175 148
4883 57 94 147
4884 54 242 145
4885 52 64 144
4886 50 255 142
4887 48 87 141
4888 46 241 140
4889 44 221 138
4890 42 192 137
4891 40 247 135
4892 38 261 134
4893 36 44 132
4894 34 137 131
4895 32 121 130
4896 30 215 128
4897 28 259 127
4898 26 132 125
4899 24 230 125
4900 22 37 123
4901 20 188 123
4902 18 191 122
4903 6 152 121
4904 7 25 121
4905 8 136 121
4906 65 121 154
4907 63 32 153
4908 60 256 151
4909 59 175 150
4910 56 165 148
4911 55 242 147
4912 53 231 145
4913 51 255 144
4914 49 88 142
4915 47 22 141
4916 45 21 139
4917 43 64 137
4918 41 8 136
4919 39 176 135
4920 37 241 133
4921 35 42 132
4922 33 192 130
4923 31 215 130
4924 29 261 127
4925 27 132 127
4926 25 148 126
4927 23 163 124
4928 21 25 124
4929 19 227 122
4930 17 9 122
4931 15 68 121
4932 66 135 155
4933 64 231 154
4934 62 89 152
4935 61 62 151
4936 58 84 149
4937 57 210 148
4938 54 32 146
4939 52 178 145
4940 50 175 143
4941 48 168 142
4942 46 21 141
4943 44 64 139
4944 42 8 138
4945 40 87 136
4946 38 241 135
4947 36 221 133
4948 34 192 132
4949 32 16 131
4950 30 261 129
4951 28 219 128
4952 26 137 126
4953 24 163 126
4954 22 144 124
4955 20 227 124
4956 18 260 123
4957 67 135 157
4958 65 16 155
4959 63 89 154
4960 60 100 152
4961 59 84 151
4962 56 145 149
4963 55 32 148
4964 53 174 146
4965 51 175 145
4966 49 179 143
4967 47 242 142
4968 45 231 140
4969 43 178 138
4970 41 88 137
4971 39 95 136
4972 37 21 134
4973 35 199 133
4974 33 8 131
4975 31 261 131
4976 29 241 128
4977 27 137 128
4978 25 50 127
4979 23 215 125
4980 21 12 125
4981 68 128 158
4982 66 170 156
4983 64 174 155
4984 62 190 153
4985 61 33 152
4986 58 135 150
4987 57 84 149
4988 54 89 147
4989 52 117 146
4990 50 84 144
4991 48 7 143
4992 46 231 142
4993 44 178 140
4994 42 88 139
4995 40 168 137
4996 38 21 136
4997 36 64 134
4998 34 8 133
4999 32 176 132
5000 30 241 130
5001 28 42 129
5002 26 192 127
5003 24 215 127
5004 69 199 159
5005 67 170 158
5006 65 176 156
5007 63 190 155
5008 60 203 153
5009 59 135 152
5010 56 73 150
5011 55 89 149
5012 53 73 147
5013 51 84 146
5014 49 128 144
5015 47 32 143
5016 45 174 141
5017 43 117 139
5018 41 179 138
5019 39 256 137
5020 37 231 135
5021 35 85 134
5022 33 88 132
5023 31 241 132
5024 29 21 129
5025 27 192 129
5026 70 109 160
5027 68 93 159
5028 66 29 157
5029 64 73 156
5030 62 249 154
5031 61 62 153
5032 58 170 151
5033 57 108 150
5034 54 190 148
5035 52 235 147
5036 50 135 145
5037 48 77 144
5038 46 174 143
5039 44 117 141
5040 42 179 140
5041 40 7 138
5042 38 231 137
5043 36 178 135
5044 34 88 134
5045 32 95 133
5046 30 21 131
5047 71 154 161
5048 69 85 160
5049 67 29 159
5050 65 95 157
5051 63 249 156
5052 60 242 154
5053 59 170 153
5054 56 149 151
5055 55 190 150
5056 53 14 148
5057 51 135 147
5058 49 93 145
5059 47 89 144
5060 45 73 142
5061 43 235 140
5062 41 128 139
5063 39 186 138
5064 37 174 136
5065 35 146 135
5066 33 179 133
5067 72 154 163
5068 70 147 161
5069 68 234 160
5070 66 56 158
5071 64 14 157
5072 62 109 155
5073 61 1 154
5074 58 29 152
5075 57 102 151
5076 54 249 149
5077 52 218 148
5078 50 170 146
5079 48 58 145
5080 46 73 144
5081 44 235 142
5082 42 128 141
5083 40 77 139
5084 38 174 138
5085 36 117 136
5086 73 186 164
5087 71 116 162
5088 69 146 161
5089 67 56 160
5090 65 256 158
5091 63 109 157
5092 60 258 155
5093 59 29 154
5094 56 169 152
5095 55 249 151
5096 53 154 149
5097 51 170 148
5098 49 234 146
5099 47 190 145
5100 45 14 143
5101 43 218 141
5102 41 93 140
5103 39 205 139
5104 74 186 166
5105 72 116 164
5106 70 39 162
5107 68 207 161
5108 66 90 159
5109 64 154 158
5110 62 147 156
5111 61 147 155
5112 58 56 153
5113 57 222 152
5114 54 109 150
5115 52 31 149
5116 50 29 147
5117 48 112 146
5118 46 14 145
5119 44 218 143
5120 42 93 142
5121 75 62 166
5122 73 205 165
5123 71 224 163
5124 69 28 162
5125 67 90 161
5126 65 186 159
5127 63 147 158
5128 60 207 156
5129 59 56 155
5130 56 27 153
5131 55 109 152
5132 53 116 150
5133 51 29 149
5134 49 207 147
5135 47 249 146
5136 45 154 144
5137 76 62 168
5138 74 205 167
5139 72 224 165
5140 70 166 163
5141 68 173 162
5142 66 201 160
5143 64 116 159
5144 62 39 157
5145 61 220 156
5146 58 90 154
5147 57 169 153
5148 54 147 151
5149 52 78 150
5150 50 56 148
5151 48 180 147
5152 77 232 169
5153 75 156 167
5154 73 151 166
5155 71 97 164
5156 69 45 163
5157 67 201 162
5158 65 205 160
5159 63 39 159
5160 60 259 157
5161 59 90 156
5162 56 68 154
5163 55 147 153
5164 53 224 151
5165 51 56 150
5166 78 31 170
5167 76 156 169
5168 74 151 168
5169 72 97 166
5170 70 248 164
5171 68 62 163
5172 66 107 161
5173 64 224 160
5174 62 166 158
5175 61 203 157
5176 58 201 155
5177 56 147 155
5178 54 39 152
5179 79 165 171
5180 77 185 170
5181 75 138 168
5182 73 83 167
5183 71 15 165
5184 69 232 164
5185 67 107 163
5186 65 151 161
5187 63 166 160
5188 60 109 158
5189 59 201 157
5190 57 107 154
5191 80 165 173
5192 78 78 171
5193 76 138 170
5194 74 83 169
5195 72 15 167
5196 70 98 165
5197 68 156 164
5198 66 125 162
5199 64 97 161
5200 62 248 159
5201 61 201 158
5202 81 49 174
5203 79 237 172
5204 77 194 171
5205 75 203 169
5206 73 124 168
5207 71 165 166
5208 69 185 165
5209 67 125 164
5210 65 83 162
5211 63 248 161
5212 82 214 175
5213 80 237 174
5214 78 69 172
5215 76 203 171
5216 74 124 170
5217 72 165 168
5218 70 26 166
5219 68 138 165
5220 66 60 163
5221 83 214 177
5222 81 13 175
5223 79 240 173
5224 77 30 172
5225 75 129 170
5226 73 49 169
5227 71 237 167
5228 69 194 166
5229 84 104 178
5230 82 250 176
5231 80 240 175
5232 78 233 173
5233 76 129 172
5234 74 49 171
5235 72 237 169
5236 85 52 178
5237 83 250 178
5238 81 143 176
5239 79 10 174
5240 77 67 173
5241 75 104 171
5242 86 52 180
5243 84 92 179
5244 82 120 177
5245 80 10 176
5246 78 196 174
5247 87 52 182
5248 85 46 179
5249 83 120 179
5250 81 258 177
5251 88 158 183
5252 86 46 181
5253 84 223 180
5254 89 79 183
5255 87 46 183
5256 90 79 185
5257 9 159 121
5258 10 41 121
5259 11 143 121
5260 12 99 121
5261 13 79 121
5262 14 146 121
5263 16 249 121
5264 5 37 122
5265 6 211 122
5266 7 53 122
5267 8 52 122
5268 9 135 122
5269 10 110 122
5270 13 169 122
5271 5 7 123
5272 5 7 124
5273 4 189 125
5274 5 5 125
5275 4 128 126
5276 4 128 127
5277 3 16 128
5278 4 249 128
5279 3 199 129
5280 3 199 130
5281 2 134 131
5282 3 188 131
5283 2 32 132
5284 2 32 133
5285 1 125 134
5286 2 164 134
5287 1 247 135
5288 1 247 136
5289 0 236 137
5290 1 5 137
5291 11 69 122
5292 12 49 122
5293 14 255 122
5294 15 230 122
5295 16 40 122
5296 6 130 123
5297 7 178 123
5298 8 31 123
5299 9 9 123
5300 10 67 123
5301 11 136 123
5302 12 117 123
5303 13 24 123
5304 14 27 123
5305 15 93 123
5306 17 199 123
5307 19 48 123
5308 6 77 124
5309 6 77 125
5310 5 20 126
5311 6 260 126
5312 5 93 127
5313 5 93 128
5314 4 22 129
5315 5 83 129
5316 4 85 130
5317 4 85 131
5318 3 236 132
5319 4 212 132
5320 3 89 133
5321 3 89 134
5322 2 153 135
5323 16 196 123
5324 7 205 124
5325 8 216 124
5326 9 119 124
5327 10 1 124
5328 11 249 124
5329 12 190 124
5330 13 107 124
5331 14 69 124
5332 15 173 124
5333 16 190 124
5334 17 98 124
5335 18 145 124
5336 19 161 124
5337 7 61 125
5338 8 137 125
5339 9 119 125
5340 10 52 125
5341 11 147 125
5342 18 57 125
5343 22 70 125
5344 7 58 126
5345 6 189 127
5346 7 91 127
5347 6 234 128
5348 6 234 129
5349 5 126 130
5350 6 67 130
5351 5 146 131
5352 5 146 132
5353 12 204 125
5354 13 100 125
5355 14 216 125
5356 15 58 125
5357 16 101 125
5358 17 77 125
5359 19 241 125
5360 20 129 125
5361 8 261 126
5362 9 106 126
5363 10 131 126
5364 11 20 126
5365 12 118 126
5366 13 97 126
5367 14 158 126
5368 15 30 126
5369 16 186 126
5370 17 119 126
5371 18 240 126
5372 19 41 126
5373 20 178 126
5374 21 119 126
5375 22 17 126
5376 23 43 126
5377 8 112 127
5378 7 160 128
5379 8 197 128
5380 7 207 129
5381 9 61 127
5382 10 258 127
5383 11 9 127
5384 12 111 127
5385 13 103 127
5386 14 145 127
5387 15 173 127
5388 16 16 127
5389 17 38 127
5390 18 112 127
5391 19 67 127
5392 20 36 127
5393 21 145 127
5394 22 26 127
5395 23 23 127
5396 9 205 128
5397 10 6 128
5398 11 39 128
5399 12 262 128
5400 13 52 128
5401 14 32 128
5402 15 104 128
5403 16 254 128
5404 17 243 128
5405 23 146 128
5406 24 105 128
5407 18 71 128
5408 19 31 128
5409 20 33 128
5410 21 149 128
5411 22 199 128
5412 25 52 128
5413 26 98 128
5414 8 63 129
5415 9 22 129
5416 10 181 129
5417 11 27 129
5418 12 133 129
5419 13 174 129
5420 14 32 129
5421 15 216 129
5422 16 200 129
5423 17 178 129
5424 18 245 129
5425 19 186 129
5426 20 212 129
5427 21 5 129
5428 22 75 129
5429 23 258 129
5430 24 197 129
5431 25 121 129
5432 26 172 129
5433 7 58 130
5434 8 147 130
5435 9 235 130
5436 10 252 130
5437 11 212 130
5438 12 13 130
5439 13 31 130
5440 14 104 130
5441 15 184 130
5442 16 127 130
5443 17 232 130
5444 19 90 130
5445 18 180 130
5446 20 201 130
5447 21 246 130
5448 22 122 130
5449 23 2 130
5450 24 237 130
5451 25 4 130
5452 26 245 130
5453 27 232 130
5454 28 133 130
5455 29 23 130
5456 6 29 131
5457 7 210 131
5458 8 206 131
5459 9 146 131
5460 10 174 131
5461 11 92 131
5462 12 235 131
5463 13 214 131
5464 14 98 131
5465 15 244 131
5466 16 107 131
5467 17 132 131
5468 18 44 131
5469 19 22 131
5470 20 171 131
5471 21 175 131
5472 23 73 131
5473 22 17 131
5474 24 12 131
5475 25 118 131
5476 26 260 131
5477 27 100 131
5478 28 217 131
5479 29 259 131
5480 6 231 132
5481 7 114 132
5482 8 233 132
5483 9 230 132
5484 10 3 132
5485 11 184 132
5486 12 25 132
5487 13 57 132
5488 14 260 132
5489 15 207 132
5490 16 233 132
5491 17 68 132
5492 18 75 132
5493 19 36 132
5494 20 111 132
5495 21 254 132
5496 22 255 132
5497 23 162 132
5498 24 107 132
5499 25 128 132
5500 26 32 132
5501 27 209 132
5502 28 120 132
5503 29 144 132
5504 30 64 132
5505 4 102 133
5506 5 89 133
5507 6 104 133
5508 7 51 133
5509 8 204 133
5510 9 231 133
5511 10 222 133
5512 11 114 133
5513 12 252 133
5514 13 127 133
5515 14 130 133
5516 15 160 133
5517 16 255 133
5518 17 102 133
5519 18 252 133
5520 19 173 133
5521 20 133 133
5522 21 221 133
5523 22 72 133
5524 23 78 133
5525 24 33 133
5526 25 19 133
5527 26 18 133
5528 27 54 133
5529 28 207 133
5530 29 139 133
5531 30 186 133
5532 31 140 133
5533 4 250 134
5534 5 221 134
5535 6 8 134
5536 7 255 134
5537 8 239 134
5538 9 262 134
5539 10 43 134
5540 11 171 134
5541 12 39 134
5542 13 138 134
5543 14 155 134
5544 15 188 134
5545 16 175 134
5546 17 77 134
5547 18 56 134
5548 19 177 134
5549 20 68 134
5550 21 30 134
5551 22 17 134
5552 23 200 134
5553 24 203 134
5554 25 159 134
5555 26 114 134
5556 27 128 134
5557 28 64 134
5558 29 118 134
5559 30 121 134
5560 31 176 134
5561 32 36 134
5562 33 41 134
5563 3 173 135
5564 4 213 135
5565 5 153 135
5566 6 252 135
5567 7 108 135
5568 8 102 135
5569 9 210 135
5570 10 95 135
5571 11 75 135
5572 12 190 135
5573 13 99 135
5574 14 261 135
5575 15 13 135
5576 16 261 135
5577 17 212 135
5578 18 233 135
5579 19 167 135
5580 20 45 135
5581 21 223 135
5582 22 260 135
5583 23 14 135
5584 24 60 135
5585 25 126 135
5586 26 124 135
5587 27 203 135
5588 28 149 135
5589 29 135 135
5590 30 133 135
5591 31 261 135
5592 32 157 135
5593 33 186 135
5594 34 156 135
5595 2 208 136
5596 3 35 136
5597 4 6 136
5598 5 144 136
5599 6 182 136
5600 7 228 136
5601 8 245 136
5602 9 178 136
5603 10 130 136
5604 11 259 136
5605 12 208 136
5606 13 45 136
5607 14 140 136
5608 15 69 136
5609 16 233 136
5610 17 50 136
5611 18 193 136
5612 19 262 136
5613 20 171 136
5614 21 176 136
5615 22 70 136
5616 23 50 136
5617 24 161 136
5618 25 30 136
5619 26 121 136
5620 27 212 136
5621 28 78 136
5622 29 136 136
5623 30 93 136
5624 31 183 136
5625 32 70 136
5626 33 65 136
5627 34 105 136
5628 35 114 136
5629 2 259 137
5630 3 205 137
5631 4 21 137
5632 5 167 137
5633 6 150 137
5634 7 144 137
5635 8 74 137
5636 9 204 137
5637 10 112 137
5638 11 119 137
5639 12 96 137
5640 13 85 137
5641 14 224 137
5642 15 35 137
5643 16 7 137
5644 17 74 137
5645 18 160 137
5646 19 98 137
5647 20 159 137
5648 21 101 137
5649 22 211 137
5650 23 194 137
5651 24 1 137
5652 25 178 137
5653 26 108 137
5654 27 193 137
5655 28 10 137
5656 29 19 137
5657 30 138 137
5658 31 104 137
5659 32 82 137
5660 33 163 137
5661 34 10 137
5662 35 36 137
5663 36 255 137
5664 37 122 137
5665 0 258 138
5666 1 260 138
5667 2 251 138
5668 3 127 138
5669 4 257 138
5670 5 175 138
5671 6 54 138
5672 7 5 138
5673 8 220 138
5674 9 51 138
5675 10 195 138
5676 11 62 138
5677 12 28 138
5678 13 32 138
5679 14 33 138
5680 15 235 138
5681 16 92 138
5682 17 39 138
5683 18 90 138
5684 19 261 138
5685 20 144 138
5686 21 247 138
5687 22 195 138
5688 23 50 138
5689 24 118 138
5690 25 71 138
5691 26 173 138
5692 27 164 138
5693 28 189 138
5694 29 78 138
5695 30 193 138
5696 31 238 138
5697 32 181 138
5698 33 154 138
5699 34 13 138
5700 35 149 138
5701 36 157 138
5702 37 232 138
5703 0 246 139
5704 1 31 139
5705 2 168 139
5706 3 228 139
5707 4 107 139
5708 5 23 139
5709 6 154 139
5710 7 7 139
5711 8 169 139
5712 9 223 139
5713 10 184 139
5714 11 37 139
5715 12 162 139
5716 13 96 139
5717 14 250 139
5718 15 75 139
5719 16 23 139
5720 17 132 139
5721 18 49 139
5722 19 149 139
5723 20 249 139
5724 21 151 139
5725 22 256 139
5726 23 85 139
5727 24 184 139
5728 25 127 139
5729 26 52 139
5730 27 70 139
5731 28 219 139
5732 29 83 139
5733 30 42 139
5734 31 99 139
5735 32 169 139
5736 33 117 139
5737 34 192 139
5738 35 53 139
5739 36 188 139
5740 37 4 139
5741 38 41 139
5742 0 52 140
5743 1 43 140
5744 2 135 140
5745 3 261 140
5746 4 17 140
5747 5 52 140
5748 6 57 140
5749 7 172 140
5750 8 115 140
5751 9 69 140
5752 10 69 140
5753 11 173 140
5754 12 14 140
5755 13 64 140
5756 14 203 140
5757 15 75 140
5758 16 230 140
5759 17 90 140
5760 18 226 140
5761 19 234 140
5762 20 224 140
5763 21 14 140
5764 22 87 140
5765 23 158 140
5766 24 203 140
5767 25 38 140
5768 26 141 140
5769 27 138 140
5770 28 144 140
5771 29 47 140
5772 30 197 140
5773 31 232 140
5774 32 237 140
5775 33 251 140
5776 34 30 140
5777 35 253 140
5778 36 56 140
5779 37 247 140
5780 38 48 140
5781 39 237 140
5782 40 115 140
5783 0 16 141
5784 1 146 141
5785 2 220 141
5786 3 237 141
5787 4 236 141
5788 5 6 141
5789 6 72 141
5790 7 201 141
5791 8 153 141
5792 9 86 141
5793 10 75 141
5794 11 75 141
5795 12 119 141
5796 13 28 141
5797 14 121 141
5798 15 81 141
5799 16 18 141
5800 17 135 141
5801 18 159 141
5802 19 80 141
5803 20 176 141
5804 21 73 141
5805 22 128 141
5806 23 245 141
5807 24 206 141
5808 25 111 141
5809 26 22 141
5810 27 193 141
5811 28 209 141
5812 29 158 141
5813 30 166 141
5814 31 232 141
5815 32 218 141
5816 33 261 141
5817 34 51 141
5818 35 54 141
5819 36 202 141
5820 37 167 141
5821 38 10 141
5822 39 113 141
5823 40 27 141
5824 41 126 141
5825 0 175 142
5826 1 164 142
5827 2 56 142
5828 3 114 142
5829 4 144 142
5830 5 179 142
5831 6 133 142
5832 7 100 142
5833 8 191 142
5834 9 185 142
5835 10 226 142
5836 11 151 142
5837 12 141 142
5838 13 128 142
5839 14 221 142
5840 15 88 142
5841 16 94 142
5842 17 9 142
5843 18 84 142
5844 19 257 142
5845 20 141 142
5846 21 234 142
5847 22 219 142
5848 23 138 142
5849 24 104 142
5850 25 241 142
5851 26 108 142
5852 27 232 142
5853 28 211 142
5854 29 45 142
5855 30 209 142
5856 31 149 142
5857 32 251 142
5858 33 107 142
5859 34 218 142
5860 35 145 142
5861 36 261 142
5862 37 82 142
5863 38 20 142
5864 39 59 142
5865 40 258 142
5866 41 3 142
5867 43 46 142
5868 0 13 143
5869 1 186 143
5870 2 192 143
5871 3 33 143
5872 4 165 143
5873 5 177 143
5874 6 211 143
5875 7 184 143
5876 8 261 143
5877 9 21 143
5878 10 155 143
5879 11 213 143
5880 12 121 143
5881 13 13 143
5882 14 237 143
5883 15 122 143
5884 16 161 143
5885 17 105 143
5886 18 147 143
5887 19 184 143
5888 20 179 143
5889 21 13 143
5890 22 194 143
5891 23 130 143
5892 24 104 143
5893 25 204 143
5894 26 43 143
5895 27 25 143
5896 28 151 143
5897 29 150 143
5898 30 16 143
5899 31 122 143
5900 32 194 143
5901 33 253 143
5902 34 239 143
5903 35 137 143
5904 36 54 143
5905 37 85 143
5906 38 66 143
5907 39 221 143
5908 40 16 143
5909 41 88 143
5910 42 63 143
5911 43 172 143
5912 0 183 144
5913 1 166 144
5914 2 86 144
5915 3 148 144
5916 4 262 144
5917 5 120 144
5918 6 108 144
5919 7 48 144
5920 8 139 144
5921 9 38 144
5922 10 33 144
5923 11 63 144
5924 12 201 144
5925 13 32 144
5926 14 3 144
5927 15 41 144
5928 16 179 144
5929 17 131 144
5930 18 101 144
5931 19 258 144
5932 20 136 144
5933 21 195 144
5934 22 15 144
5935 23 147 144
5936 24 118 144
5937 25 68 144
5938 26 104 144
5939 27 170 144
5940 28 153 144
5941 29 10 144
5942 30 246 144
5943 31 22 144
5944 32 105 144
5945 33 57 144
5946 34 198 144
5947 35 1 144
5948 36 260 144
5949 37 210 144
5950 38 29 144
5951 39 205 144
5952 40 233 144
5953 41 119 144
5954 42 126 144
5955 43 25 144
5956 44 250 144
5957 0 129 145
5958 1 213 145
5959 2 229 145
5960 3 86 145
5961 4 3 145
5962 5 34 145
5963 6 158 145
5964 7 215 145
5965 8 105 145
5966 9 254 145
5967 10 217 145
5968 11 134 145
5969 12 169 145
5970 13 221 145
5971 14 228 145
5972 15 39 145
5973 16 200 145
5974 17 54 145
5975 18 149 145
5976 19 44 145
5977 20 157 145
5978 21 110 145
5979 22 239 145
5980 23 163 145
5981 24 203 145
5982 25 113 145
5983 26 30 145
5984 27 198 145
5985 28 169 145
5986 29 129 145
5987 30 97 145
5988 31 33 145
5989 32 13 145
5990 33 2 145
5991 34 75 145
5992 35 232 145
5993 36 6 145
5994 37 102 145
5995 38 104 145
5996 39 95 145
5997 40 71 145
5998 41 46 145
5999 42 230 145
6000 43 69 145
6001 44 94 145
6002 45 116 145
6003 0 53 146
6004 1 6 146
6005 2 102 146
6006 3 246 146
6007 4 170 146
6008 5 150 146
6009 6 98 146
6010 7 52 146
6011 8 4 146
6012 9 138 146
6013 10 87 146
6014 11 131 146
6015 12 116 146
6016 13 202 146
6017 14 70 146
6018 15 141 146
6019 16 5 146
6020 17 185 146
6021 18 161 146
6022 19 15 146
6023 20 261 146
6024 21 97 146
6025 22 258 146
6026 23 183 146
6027 24 237 146
6028 25 186 146
6029 26 191 146
6030 27 109 146
6031 28 185 146
6032 29 180 146
6033 30 16 146
6034 31 161 146
6035 32 53 146
6036 33 232 146
6037 35 125 146
6038 34 58 146
6039 36 60 146
6040 37 75 146
6041 38 209 146
6042 39 140 146
6043 40 89 146
6044 41 191 146
6045 42 67 146
6046 43 129 146
6047 44 60 146
6048 45 251 146
6049 46 166 146
6050 0 261 147
6051 1 95 147
6052 2 122 147
6053 3 259 147
6054 4 9 147
6055 5 58 147
6056 6 150 147
6057 7 71 147
6058 8 10 147
6059 9 64 147
6060 10 61 147
6061 11 211 147
6062 12 177 147
6063 13 202 147
6064 14 181 147
6065 15 100 147
6066 16 125 147
6067 17 63 147
6068 18 260 147
6069 19 45 147
6070 20 55 147
6071 21 96 147
6072 22 249 147
6073 23 200 147
6074 24 101 147
6075 25 68 147
6076 26 189 147
6077 27 79 147
6078 28 69 147
6079 29 34 147
6080 30 26 147
6081 31 140 147
6082 32 68 147
6083 33 102 147
6084 34 163 147
6085 35 32 147
6086 36 214 147
6087 37 116 147
6088 38 193 147
6089 39 102 147
6090 40 171 147
6091 41 217 147
6092 42 33 147
6093 43 132 147
6094 44 52 147
6095 45 136 147
6096 46 99 147
6097 47 206 147
6098 0 2 148
6099 1 261 148
6100 2 114 148
6101 3 150 148
6102 4 4 148
6103 5 128 148
6104 6 215 148
6105 7 182 148
6106 8 89 148
6107 9 220 148
6108 10 23 148
6109 11 63 148
6110 12 112 148
6111 13 16 148
6112 14 70 148
6113 15 185 148
6114 16 69 148
6115 17 23 148
6116 18 110 148
6117 19 135 148
6118 20 19 148
6119 21 45 148
6120 22 162 148
6121 23 213 148
6122 25 45 148
6123 24 8 148
6124 26 21 148
6125 27 115 148
6126 28 199 148
6127 29 262 148
6128 30 132 148
6129 31 154 148
6130 32 9 148
6131 33 102 148
6132 34 98 148
6133 35 101 148
6134 36 189 148
6135 37 3 148
6136 38 120 148
6137 39 132 148
6138 40 259 148
6139 41 240 148
6140 42 14 148
6141 43 147 148
6142 44 39 148
6143 45 49 148
6144 46 198 148
6145 47 16 148
6146 48 236 148
6147 49 155 148
6148 0 4 149
6149 1 50 149
6150 2 162 149
6151 3 4 149
6152 4 153 149
6153 5 183 149
6154 6 79 149
6155 7 88 149
6156 8 20 149
6157 9 194 149
6158 10 208 149
6159 11 72 149
6160 12 204 149
6161 13 109 149
6162 14 109 149
6163 15 44 149
6164 16 162 149
6165 17 192 149
6166 18 20 149
6167 19 186 149
6168 21 93 149
6169 20 168 149
6170 22 230 149
6171 23 207 149
6172 24 25 149
6173 25 64 149
6174 26 126 149
6175 27 120 149
6176 28 173 149
6177 29 156 149
6178 30 256 149
6179 31 64 149
6180 32 145 149
6181 33 249 149
6182 44 227 149
6183 45 219 149
6184 46 10 149
6185 47 220 149
6186 48 48 149
6187 49 250 149
6188 50 102 149
6189 47 28 150
6190 48 21 150
6191 50 210 150
6192 51 210 151
6193 52 245 151
6194 51 24 152
6195 49 259 150
6196 48 4 151
6197 46 178 150
6198 45 147 150
6199 42 239 149
6200 43 64 149
6201 34 184 149
6202 39 159 149
6203 35 40 149
6204 36 257 149
6205 37 24 149
6206 38 211 149
6207 40 57 149
6208 41 135 149
6209 0 172 150
6210 1 119 150
6211 2 167 150
6212 3 64 150
6213 4 14 150
6214 5 35 150
6215 6 95 150
6216 7 129 150
6217 8 158 150
6218 9 11 150
6219 10 180 150
6220 11 42 150
6221 12 86 150
6222 13 72 150
6223 14 152 150
6224 15 22 150
6225 16 198 150
6226 17 149 150
6227 18 84 150
6228 19 49 150
6229 20 57 150
6230 21 198 150
6231 22 238 150
6232 23 212 150
6233 24 211 150
6234 25 96 150
6235 26 146 150
6236 27 241 150
6237 28 70 150
6238 53 6 152
6239 52 6 152
6240 50 2 151
6241 49 89 151
6242 47 174 151
6243 46 116 151
6244 44 29 150
6245 42 103 150
6246 29 257 150
6247 30 195 150
6248 31 181 150
6249 32 212 150
6250 33 53 150
6251 34 194 150
6252 35 46 150
6253 36 190 150
6254 37 258 150
6255 38 137 150
6256 39 190 150
6257 40 176 150
6258 41 60 150
6259 43 82 150
6260 0 58 151
6261 1 1 151
6262 2 10 151
6263 3 39 151
6264 4 231 151
6265 5 199 151
6266 6 154 151
6267 7 229 151
6268 8 42 151
6269 9 65 151
6270 10 64 151
6271 11 101 151
6272 12 193 151
6273 13 11 151
6274 14 102 151
6275 15 8 151
6276 16 201 151
6277 17 166 151
6278 18 142 151
6279 19 129 151
6280 20 245 151
6281 21 33 151
6282 54 260 153
6283 53 261 153
6284 51 2 153
6285 50 87 152
6286 48 88 152
6287 47 205 152
6288 45 78 151
6289 44 78 151
6290 22 31 151
6291 23 24 151
6292 24 246 151
6293 25 104 151
6294 26 128 151
6295 27 33 151
6296 28 20 151
6297 29 113 151
6298 30 208 151
6299 31 247 151
6300 32 146 151
6301 33 230 151
6302 34 172 151
6303 35 109 151
6304 36 255 151
6305 37 41 151
6306 38 87 151
6307 39 38 151
6308 40 258 151
6309 41 121 151
6310 42 209 151
6311 43 215 151
6312 0 168 152
6313 1 54 152
6314 2 109 152
6315 3 249 152
6316 4 213 152
6317 5 137 152
6318 6 85 152
6319 7 1 152
6320 8 155 152
6321 9 63 152
6322 10 201 152
6323 11 12 152
6324 12 107 152
6325 55 3 154
6326 54 1 154
6327 52 132 153
6328 51 87 154
6329 49 117 152
6330 48 146 153
6331 46 185 152
6332 45 237 152
6333 13 120 152
6334 14 25 152
6335 15 26 152
6336 16 42 152
6337 17 75 152
6338 18 127 152
6339 19 206 152
6340 20 159 152
6341 21 254 152
6342 22 99 152
6343 23 231 152
6344 24 198 152
6345 25 177 152
6346 26 133 152
6347 27 227 152
6348 28 41 152
6349 29 169 152
6350 30 138 152
6351 31 136 152
6352 32 106 152
6353 33 119 152
6354 34 45 152
6355 35 10 152
6356 36 60 152
6357 37 91 152
6358 38 20 152
6359 39 206 152
6360 40 148 152
6361 41 82 152
6362 42 99 152
6363 43 169 152
6364 44 175 152
6365 0 133 153
6366 1 181 153
6367 57 57 155
6368 55 262 155
6369 53 219 154
6370 52 219 154
6371 50 73 153
6372 49 224 153
6373 47 39 153
6374 46 26 153
6375 2 92 153
6376 3 181 153
6377 4 75 153
6378 5 42 153
6379 6 42 153
6380 7 228 153
6381 8 108 153
6382 9 31 153
6383 10 51 153
6384 11 74 153
6385 12 53 153
6386 13 42 153
6387 14 67 153
6388 15 156 153
6389 16 37 153
6390 17 3 153
6391 18 209 153
6392 19 55 153
6393 20 34 153
6394 21 75 153
6395 22 184 153
6396 23 76 153
6397 24 130 153
6398 25 255 153
6399 26 220 153
6400 27 185 153
6401 28 164 153
6402 29 183 153
6403 30 39 153
6404 31 218 153
6405 32 240 153
6406 33 26 153
6407 34 31 153
6408 56 154 156
6409 57 211 156
6410 54 22 155
6411 53 190 155
6412 51 73 155
6413 50 151 154
6414 48 56 154
6415 47 250 154
6416 45 217 153
6417 44 217 153
6418 35 109 153
6419 36 125 153
6420 42 167 153
6421 37 49 153
6422 39 75 153
6423 38 236 153
6424 40 55 153
6425 41 135 153
6426 43 185 153
6427 0 113 154
6428 1 223 154
6429 2 229 154
6430 3 248 154
6431 4 101 154
6432 5 95 154
6433 6 113 154
6434 7 228 154
6435 8 257 154
6436 9 23 154
6437 10 8 154
6438 11 258 154
6439 12 191 154
6440 13 149 154
6441 14 84 154
6442 15 249 154
6443 16 155 154
6444 17 195 154
6445 18 60 154
6446 19 2 154
6447 20 115 154
6448 58 33 156
6449 56 106 157
6450 55 241 156
6451 54 168 156
6452 52 84 155
6453 51 151 156
6454 49 194 154
6455 48 69 155
6456 46 46 154
6457 45 103 154
6458 21 190 154
6459 22 164 154
6460 42 207 154
6461 23 131 154
6462 24 251 154
6463 25 187 154
6464 39 238 154
6465 38 142 154
6466 26 78 154
6467 27 199 154
6468 28 109 154
6469 29 110 154
6470 30 7 154
6471 31 246 154
6472 32 203 154
6473 33 99 154
6474 34 227 154
6475 35 227 154
6476 36 126 154
6477 37 93 154
6478 40 189 154
6479 41 90 154
6480 43 18 154
6481 44 149 154
6482 0 180 155
6483 1 22 155
6484 2 10 155
6485 3 77 155
6486 4 62 155
6487 59 33 158
6488 58 252 157
6489 57 55 157
6490 55 95 157
6491 53 235 156
6492 52 235 156
6493 50 166 155
6494 49 23 155
6495 47 240 155
6496 46 160 155
6497 5 70 155
6498 6 147 155
6499 44 141 155
6500 7 245 155
6501 8 197 155
6502 9 247 155
6503 10 2 155
6504 39 96 155
6505 11 1 155
6506 12 74 155
6507 13 93 155
6508 14 221 155
6509 16 44 155
6510 15 125 155
6511 17 94 155
6512 32 20 155
6513 18 165 155
6514 19 33 155
6515 30 155 155
6516 20 188 155
6517 21 238 155
6518 22 47 155
6519 24 2 155
6520 25 64 155
6521 23 208 155
6522 26 199 155
6523 27 117 155
6524 28 92 155
6525 60 16 159
6526 59 252 159
6527 56 202 158
6528 57 136 158
6529 54 14 157
6530 53 97 157
6531 51 166 157
6532 50 120 156
6533 48 203 156
6534 47 183 156
6535 45 162 155
6536 0 131 156
6537 45 216 156
6538 42 254 155
6539 43 21 155
6540 1 126 156
6541 41 48 155
6542 40 48 155
6543 38 231 155
6544 2 71 156
6545 38 45 156
6546 36 77 155
6547 35 139 155
6548 37 115 155
6549 34 10 155
6550 33 91 155
6551 31 81 155
6552 3 84 156
6553 4 95 156
6554 29 20 155
6555 5 122 156
6556 6 11 156
6557 7 173 156
6558 8 26 156
6559 24 16 156
6560 9 251 156
6561 25 52 156
6562 61 9 159
6563 60 70 160
6564 58 21 158
6565 56 86 159
6566 55 249 158
6567 54 83 158
6568 52 173 157
6569 51 120 158
6570 49 243 156
6571 48 20 157
6572 46 101 156
6573 0 230 157
6574 46 47 157
6575 44 209 156
6576 42 161 156
6577 1 163 157
6578 43 35 156
6579 41 247 156
6580 39 8 156
6581 40 247 156
6582 2 98 157
6583 31 192 156
6584 36 62 156
6585 37 5 156
6586 35 129 156
6587 34 172 156
6588 32 177 156
6589 33 145 156
6590 3 83 157
6591 30 254 156
6592 27 220 156
6593 4 73 157
6594 28 257 156
6595 29 239 156
6596 26 91 156
6597 5 96 157
6598 62 100 160
6599 61 143 160
6600 59 21 160
6601 58 256 159
6602 57 73 159
6603 55 180 159
6604 53 30 158
6605 52 30 158
6606 50 10 157
6607 49 182 157
6608 47 81 157
6609 0 189 158
6610 47 108 158
6611 45 18 157
6612 44 18 157
6613 1 238 158
6614 42 151 157
6615 43 70 157
6616 39 216 157
6617 41 93 157
6618 40 93 157
6619 38 201 157
6620 6 239 157
6621 2 231 158
6622 36 67 157
6623 35 220 157
6624 32 228 157
6625 34 118 157
6626 33 127 157
6627 31 9 157
6628 30 3 157
6629 37 173 157
6630 27 175 157
6631 28 2 157
6632 24 180 157
6633 63 100 162
6634 62 142 161
6635 60 1 161
6636 59 256 161
6637 56 116 160
6638 57 42 160
6639 54 248 159
6640 53 253 159
6641 51 10 159
6642 50 172 158
6643 48 177 158
6644 49 27 158
6645 0 192 159
6646 46 245 158
6647 45 257 158
6648 1 191 159
6649 44 257 158
6650 42 23 158
6651 3 111 158
6652 43 69 158
6653 41 232 158
6654 39 147 158
6655 38 196 158
6656 40 182 158
6657 4 153 158
6658 36 153 158
6659 5 38 158
6660 35 102 158
6661 34 136 158
6662 32 195 158
6663 31 260 158
6664 33 258 158
6665 30 262 158
6666 29 88 157
6667 64 50 162
6668 63 142 163
6669 61 117 161
6670 60 207 162
6671 58 109 160
6672 56 220 161
6673 55 15 160
6674 54 5 160
6675 52 134 159
6676 51 172 160
6677 48 5 159
6678 50 118 159
6679 49 254 159
6680 47 9 159
6681 46 6 159
6682 0 5 160
6683 45 2 159
6684 44 2 159
6685 2 65 159
6686 42 100 159
6687 43 64 159
6688 3 160 159
6689 39 214 159
6690 40 98 159
6691 38 110 159
6692 37 51 158
6693 4 238 159
6694 36 212 159
6695 35 229 159
6696 5 214 159
6697 32 198 159
6698 33 131 159
6699 31 1 159
6700 65 71 163
6701 64 71 163
6702 62 231 162
6703 61 89 162
6704 59 109 162
6705 58 139 161
6706 57 238 161
6707 55 258 161
6708 53 43 160
6709 52 43 160
6710 1 32 160
6711 0 155 161
6712 50 136 160
6713 48 195 160
6714 47 260 160
6715 49 58 160
6716 46 261 160
6717 45 87 160
6718 2 82 160
6719 44 87 160
6720 42 138 160
6721 41 107 159
6722 3 113 160
6723 41 55 160
6724 39 104 160
6725 38 51 160
6726 4 191 160
6727 37 246 159
6728 36 17 160
6729 34 99 159
6730 5 260 160
6731 34 132 160
6732 66 48 164
6733 65 64 164
6734 63 231 164
6735 62 186 163
6736 60 60 163
6737 59 139 163
6738 56 164 162
6739 57 194 162
6740 54 110 161
6741 53 161 161
6742 51 102 161
6743 52 161 161
6744 0 118 162
6745 1 98 161
6746 48 198 161
6747 49 262 161
6748 47 1 161
6749 46 176 161
6750 2 152 161
6751 45 234 161
6752 44 234 161
6753 43 88 160
6754 3 94 161
6755 42 246 161
6756 40 52 160
6757 39 53 161
6758 4 245 161
6759 38 246 161
6760 37 181 160
6761 35 41 160
6762 5 65 161
6763 67 215 165
6764 66 247 165
6765 64 247 164
6766 63 186 165
6767 61 175 163
6768 60 96 164
6769 58 165 162
6770 56 57 163
6771 55 153 162
6772 54 51 162
6773 51 195 162
6774 53 34 162
6775 52 34 162
6776 50 99 161
6777 1 123 162
6778 50 132 162
6779 48 197 162
6780 47 175 162
6781 2 38 162
6782 46 29 162
6783 45 185 162
6784 43 106 161
6785 3 155 162
6786 42 84 162
6787 41 158 161
6788 40 158 161
6789 4 127 162
6790 39 70 162
6791 38 181 162
6792 36 111 161
6793 68 24 166
6794 67 16 166
6795 65 93 165
6796 64 93 165
6797 62 147 164
6798 61 140 164
6799 59 165 164
6800 58 208 163
6801 57 6 163
6802 55 212 163
6803 0 212 163
6804 54 246 163
6805 53 164 163
6806 51 99 163
6807 1 228 163
6808 52 15 163
6809 49 241 162
6810 48 22 163
6811 2 141 163
6812 47 117 163
6813 46 78 163
6814 44 151 162
6815 3 236 163
6816 44 26 163
6817 43 105 162
6818 41 35 162
6819 4 229 163
6820 40 35 162
6821 39 152 163
6822 69 255 167
6823 68 255 167
6824 66 174 166
6825 65 232 166
6826 63 147 166
6827 62 214 165
6828 60 89 165
6829 59 208 165
6830 56 179 164
6831 57 156 164
6832 0 53 164
6833 55 17 164
6834 54 181 164
6835 1 255 164
6836 51 230 164
6837 52 33 164
6838 50 11 163
6839 49 95 163
6840 2 101 164
6841 48 168 164
6842 47 224 164
6843 45 125 163
6844 3 59 164
6845 45 79 164
6846 42 46 163
6847 43 11 163
6848 4 123 164
6849 41 76 163
6850 70 261 167
6851 69 178 168
6852 67 89 167
6853 66 205 167
6854 64 205 166
6855 63 214 167
6856 61 70 165
6857 60 84 166
6858 58 105 164
6859 56 148 165
6860 0 79 165
6861 57 205 165
6862 55 82 165
6863 53 189 164
6864 1 80 165
6865 53 252 165
6866 51 11 165
6867 50 84 164
6868 2 91 165
6869 49 56 164
6870 48 207 165
6871 46 138 164
6872 3 212 165
6873 46 184 165
6874 44 46 164
6875 42 256 164
6876 4 228 165
6877 71 1 168
6878 70 176 168
6879 68 87 168
6880 67 58 168
6881 65 107 167
6882 64 107 167
6883 62 237 166
6884 61 130 166
6885 59 105 166
6886 58 228 165
6887 0 217 166
6888 56 249 166
6889 57 183 166
6890 54 37 165
6891 1 20 166
6892 54 137 166
6893 52 200 165
6894 51 84 166
6895 2 220 166
6896 50 235 165
6897 49 69 165
6898 47 194 165
6899 3 53 166
6900 47 171 166
6901 45 160 165
6902 44 160 165
6903 72 1 170
6904 71 175 169
6905 69 234 169
6906 68 234 169
6907 66 39 168
6908 65 52 168
6909 63 237 168
6910 62 184 167
6911 60 202 167
6912 59 228 167
6913 0 120 167
6914 58 187 166
6915 56 88 167
6916 55 226 166
6917 1 5 167
6918 55 126 167
6919 53 21 166
6920 52 21 166
6921 2 55 167
6922 51 235 167
6923 50 97 166
6924 48 83 166
6925 49 240 166
6926 3 27 167
6927 46 103 166
6928 73 88 170
6929 72 175 171
6930 70 190 169
6931 69 185 170
6932 67 224 169
6933 66 250 169
6934 64 250 168
6935 63 184 169
6936 61 159 167
6937 60 5 168
6938 0 30 168
6939 59 187 168
6940 58 113 167
6941 57 125 167
6942 1 67 168
6943 56 152 168
6944 54 121 167
6945 53 256 167
6946 2 211 168
6947 52 256 167
6948 51 97 168
6949 48 234 167
6950 50 143 167
6951 49 183 167
6952 74 88 172
6953 73 146 171
6954 71 168 170
6955 70 112 170
6956 68 151 170
6957 67 13 170
6958 65 92 169
6959 64 92 169
6960 62 103 168
6961 61 65 168
6962 0 139 169
6963 60 20 169
6964 59 113 169
6965 57 150 168
6966 58 50 168
6967 1 6 169
6968 55 142 168
6969 54 135 168
6970 2 250 169
6971 53 90 168
6972 52 90 168
6973 3 120 168
6974 3 120 169
6975 75 11 172
6976 74 146 173
6977 72 168 172
6978 71 207 171
6979 69 125 171
6980 68 125 171
6981 66 240 170
6982 65 57 170
6983 63 103 170
6984 62 141 169
6985 0 232 170
6986 61 126 169
6987 60 128 170
6988 56 29 169
6989 1 185 170
6990 58 71 169
6991 56 142 170
6992 55 128 169
6993 57 38 169
6994 54 218 169
6995 53 233 169
6996 51 30 169
6997 76 252 173
6998 75 84 173
6999 73 56 172
7000 72 207 173
7001 70 97 171
7002 69 46 172
7003 67 23 171
7004 66 183 171
7005 64 183 170
7006 63 141 171
7007 0 58 171
7008 62 216 170
7009 61 183 170
7010 59 119 170
7011 1 112 171
7012 59 71 171
7013 2 209 170
7014 57 16 170
7015 58 9 170
7016 55 45 170
7017 54 15 170
7018 77 179 174
7019 76 179 174
7020 74 56 174
7021 73 69 173
7022 71 83 172
7023 70 143 172
7024 68 120 172
7025 67 80 172
7026 65 202 171
7027 64 202 171
7028 0 146 172
7029 63 216 172
7030 62 191 171
7031 60 144 171
7032 61 239 171
7033 1 159 172
7034 2 57 171
7035 56 218 171
7036 58 154 171
7037 57 216 171
7038 78 42 175
7039 77 28 175
7040 75 7 174
7041 74 69 175
7042 72 83 174
7043 71 60 173
7044 69 223 173
7045 68 223 173
7046 66 81 172
7047 65 108 172
7048 0 168 173
7049 64 108 172
7050 63 191 173
7051 60 72 172
7052 62 24 172
7053 61 197 172
7054 59 247 172
7055 2 77 172
7056 1 124 173
7057 79 142 175
7058 78 249 176
7059 76 256 175
7060 75 173 175
7061 73 203 174
7062 72 60 175
7063 70 253 173
7064 69 101 174
7065 67 182 173
7066 66 236 173
7067 0 42 174
7068 65 227 173
7069 64 227 173
7070 2 167 173
7071 1 199 174
7072 62 255 173
7073 60 97 173
7074 59 93 173
7075 80 142 177
7076 79 128 176
7077 77 90 176
7078 76 90 176
7079 74 203 176
7080 73 20 175
7081 71 5 174
7082 70 91 174
7083 68 172 174
7084 67 27 174
7085 0 142 175
7086 66 9 174
7087 65 12 174
7088 63 257 174
7089 64 12 174
7090 1 145 175
7091 61 189 173
7092 81 128 178
7093 80 128 178
7094 78 218 177
7095 77 233 177
7096 75 124 176
7097 74 20 177
7098 72 5 176
7099 71 86 175
7100 69 118 175
7101 68 118 175
7102 70 70 175
7103 67 254 175
7104 66 260 175
7105 63 134 175
7106 65 259 175
7107 64 259 175
7108 82 64 178
7109 81 45 179
7110 79 186 177
7111 78 15 178
7112 76 139 177
7113 75 134 177
7114 73 177 176
7115 72 86 177
7116 0 63 176
7117 69 136 176
7118 70 127 176
7119 68 136 176
7120 67 3 176
7121 1 262 176
7122 66 1 176
7123 83 64 180
7124 82 154 179
7125 80 186 179
7126 79 201 178
7127 77 129 178
7128 76 129 178
7129 74 177 178
7130 73 204 177
7131 71 51 176
7132 0 257 177
7133 71 68 177
7134 69 130 177
7135 68 130 177
7136 1 197 177
7137 85 64 180
7138 83 154 181
7139 81 201 180
7140 80 201 180
7141 78 67 179
7142 77 220 179
7143 75 55 178
7144 74 204 179
7145 72 51 178
7146 0 130 178
7147 73 97 178
7148 70 164 177
7149 69 132 178
7150 84 176 181
7151 85 69 181
7152 82 232 180
7153 81 196 181
7154 79 214 179
7155 78 153 180
7156 76 208 179
7157 75 157 179
7158 0 45 179
7159 72 246 179
7160 73 198 179
7161 71 181 178
7162 86 178 182
7163 84 221 182
7164 83 232 182
7165 82 98 181
7166 80 214 181
7167 79 104 180
7168 77 106 180
7169 76 106 180
7170 74 17 180
7171 0 41 180
7172 75 91 180
7173 87 178 184
7174 86 116 183
7175 85 223 182
7176 83 98 183
7177 81 104 182
7178 80 104 182
7179 78 210 181
7180 77 140 181
7181 0 227 181
7182 74 82 181
7183 88 176 184
7184 89 261 184
7185 84 192 183
7186 85 23 183
7187 82 52 182
7188 81 53 183
7189 79 184 181
7190 78 193 182
7191 76 228 181
7192 87 211 185
7193 88 29 185
7194 86 185 184
7195 84 62 184
7196 83 52 184
7197 82 158 183
7198 80 184 183
7199 79 114 182
7200 90 117 186
7201 89 224 185
7202 87 185 186
7203 86 26 185
7204 85 184 184
7205 83 158 185
7206 81 114 184
7207 91 146 187
7208 90 224 187
7209 88 112 186
7210 89 103 186
7211 84 69 185
7212 85 160 185
7213 92 190 188
7214 91 39 188
7215 87 117 187
7216 88 138 187
7217 86 46 186
7218 93 235 188
7219 92 112 189
7220 90 194 188
7221 89 23 187
7222 94 235 190
7223 93 97 189
7224 91 69 189
7225 95 235 192
7226 94 97 191
7227 96 14 193
7228 10 138 156
7229 11 161 156
7230 12 214 156
7231 13 81 156
7232 14 183 156
7233 15 115 156
7234 16 200 156
7235 17 56 156
7236 18 42 156
7237 19 164 156
7238 20 87 156
7239 21 156 156
7240 22 224 156
7241 23 55 156
7242 7 134 157
7243 8 218 157
7244 9 111 157
7245 10 142 157
7246 11 78 157
7247 12 213 157
7248 13 109 157
7249 14 138 157
7250 15 181 157
7251 16 34 157
7252 17 235 157
7253 18 91 157
7254 19 224 157
7255 20 201 157
7256 21 129 157
7257 22 42 157
7258 23 74 157
7259 25 5 157
7260 26 258 157
7261 6 205 158
7262 7 16 158
7263 8 175 158
7264 9 87 158
7265 10 212 158
7266 25 191 158
7267 26 103 158
7268 27 194 158
7269 28 150 158
7270 29 138 158
7271 6 50 159
7272 7 247 159
7273 25 47 159
7274 29 229 159
7275 11 138 158
7276 12 161 158
7277 13 214 158
7278 14 81 158
7279 15 183 158
7280 16 115 158
7281 17 200 158
7282 18 56 158
7283 19 42 158
7284 20 164 158
7285 21 87 158
7286 22 156 158
7287 23 224 158
7288 24 55 158
7289 8 134 159
7290 9 218 159
7291 10 111 159
7292 11 142 159
7293 12 78 159
7294 13 213 159
7295 14 109 159
7296 15 138 159
7297 16 181 159
7298 17 34 159
7299 18 235 159
7300 19 91 159
7301 20 224 159
7302 21 201 159
7303 22 129 159
7304 23 42 159
7305 24 74 159
7306 26 5 159
7307 27 258 159
7308 28 80 159
7309 30 94 159
7310 6 151 160
7311 7 74 160
7312 8 60 160
7313 9 14 160
7314 10 63 160
7315 11 248 160
7316 26 172 160
7317 27 112 160
7318 28 77 160
7319 29 182 160
7320 30 85 160
7321 12 138 160
7322 13 161 160
7323 14 214 160
7324 15 81 160
7325 16 183 160
7326 17 115 160
7327 18 200 160
7328 19 56 160
7329 20 42 160
7330 21 164 160
7331 22 87 160
7332 23 156 160
7333 24 224 160
7334 25 55 160
7335 31 211 160
7336 32 56 160
7337 33 112 160
7338 6 12 161
7339 7 91 161
7340 8 169 161
7341 9 238 161
7342 11 125 161
7343 10 231 161
7344 12 190 161
7345 13 200 161
7346 14 156 161
7347 15 83 161
7348 16 150 161
7349 17 33 161
7350 18 184 161
7351 19 98 161
7352 20 121 161
7353 21 50 161
7354 22 83 161
7355 23 191 161
7356 24 68 161
7357 25 141 161
7358 26 58 161
7359 27 262 161
7360 28 71 161
7361 29 75 161
7362 30 258 161
7363 31 13 161
7364 32 4 161
7365 33 11 161
7366 34 126 161
7367 35 40 161
7368 37 12 161
7369 5 54 162
7370 6 170 162
7371 7 134 162
7372 8 65 162
7373 9 110 162
7374 10 222 162
7375 11 131 162
7376 12 107 162
7377 13 98 162
7378 14 11 162
7379 15 212 162
7380 16 56 162
7381 17 247 162
7382 18 72 162
7383 19 52 162
7384 20 69 162
7385 21 249 162
7386 22 129 162
7387 23 67 162
7388 24 254 162
7389 25 116 162
7390 26 85 162
7391 27 19 162
7392 28 184 162
7393 29 254 162
7394 30 107 162
7395 31 225 162
7396 32 88 162
7397 33 67 162
7398 34 188 162
7399 35 60 162
7400 36 5 162
7401 37 224 162
7402 5 178 163
7403 6 196 163
7404 7 216 163
7405 8 148 163
7406 9 51 163
7407 10 100 163
7408 11 82 163
7409 12 153 163
7410 13 215 163
7411 14 199 163
7412 15 208 163
7413 16 163 163
7414 17 213 163
7415 18 214 163
7416 19 260 163
7417 20 127 163
7418 21 123 163
7419 22 27 163
7420 23 14 163
7421 24 129 163
7422 25 187 163
7423 26 167 163
7424 27 65 163
7425 28 130 163
7426 29 6 163
7427 30 34 163
7428 31 175 163
7429 32 12 163
7430 33 225 163
7431 34 229 163
7432 35 19 163
7433 36 94 163
7434 37 254 163
7435 38 100 163
7436 40 175 163
7437 5 91 164
7438 6 196 164
7439 7 149 164
7440 8 47 164
7441 9 118 164
7442 10 168 164
7443 11 220 164
7444 12 177 164
7445 13 48 164
7446 14 134 164
7447 15 49 164
7448 16 140 164
7449 17 67 164
7450 18 7 164
7451 19 149 164
7452 20 68 164
7453 21 87 164
7454 22 2 164
7455 23 31 164
7456 24 14 164
7457 25 90 164
7458 26 103 164
7459 27 236 164
7460 28 50 164
7461 29 242 164
7462 30 132 164
7463 31 245 164
7464 32 167 164
7465 33 111 164
7466 34 142 164
7467 35 141 164
7468 36 168 164
7469 37 91 164
7470 38 95 164
7471 39 62 164
7472 40 154 164
7473 41 30 164
7474 43 102 164
7475 5 217 165
7476 6 10 165
7477 7 25 165
7478 8 166 165
7479 9 18 165
7480 10 102 165
7481 11 248 165
7482 12 168 165
7483 13 249 165
7484 14 12 165
7485 15 147 165
7486 16 94 165
7487 17 240 165
7488 18 106 165
7489 19 39 165
7490 20 191 165
7491 21 75 165
7492 22 134 165
7493 23 28 165
7494 24 112 165
7495 25 34 165
7496 26 24 165
7497 27 45 165
7498 28 140 165
7499 29 162 165
7500 30 200 165
7501 31 262 165
7502 32 90 165
7503 33 138 165
7504 34 163 165
7505 35 248 165
7506 36 220 165
7507 37 68 165
7508 38 4 165
7509 39 201 165
7510 40 25 165
7511 41 258 165
7512 42 260 165
7513 43 109 165
7514 4 175 166
7515 5 239 166
7516 6 262 166
7517 7 179 166
7518 8 172 166
7519 9 129 166
7520 10 107 166
7521 11 56 166
7522 12 64 166
7523 13 93 166
7524 14 24 166
7525 15 239 166
7526 16 21 166
7527 17 30 166
7528 18 128 166
7529 19 99 166
7530 20 127 166
7531 21 22 166
7532 22 57 166
7533 23 173 166
7534 24 18 166
7535 25 94 166
7536 26 171 166
7537 27 260 166
7538 28 258 166
7539 29 116 166
7540 30 63 166
7541 31 212 166
7542 32 16 166
7543 33 16 166
7544 34 226 166
7545 35 30 166
7546 36 164 166
7547 37 177 166
7548 38 161 166
7549 39 8 166
7550 40 237 166
7551 41 91 166
7552 42 250 166
7553 43 105 166
7554 44 40 166
7555 45 261 166
7556 4 131 167
7557 5 128 167
7558 6 137 167
7559 7 155 167
7560 8 136 167
7561 9 185 167
7562 10 146 167
7563 11 42 167
7564 12 35 167
7565 13 74 167
7566 14 32 167
7567 15 195 167
7568 16 126 167
7569 17 46 167
7570 18 11 167
7571 19 138 167
7572 20 39 167
7573 21 150 167
7574 22 64 167
7575 23 58 167
7576 24 51 167
7577 25 181 167
7578 26 101 167
7579 27 100 167
7580 28 170 167
7581 29 60 167
7582 30 248 167
7583 31 191 167
7584 32 59 167
7585 33 151 167
7586 34 249 167
7587 35 221 167
7588 36 211 167
7589 37 191 167
7590 38 182 167
7591 39 202 167
7592 40 122 167
7593 41 79 167
7594 42 42 167
7595 43 43 167
7596 44 155 167
7597 45 142 167
7598 46 184 167
7599 47 136 167
7600 4 125 168
7601 5 76 168
7602 6 31 168
7603 7 100 168
7604 8 62 168
7605 9 233 168
7606 10 156 168
7607 11 190 168
7608 12 53 168
7609 13 51 168
7610 14 117 168
7611 15 146 168
7612 16 61 168
7613 17 179 168
7614 18 249 168
7615 19 254 168
7616 20 39 168
7617 21 65 168
7618 22 12 168
7619 23 89 168
7620 24 199 168
7621 25 225 168
7622 26 31 168
7623 27 165 168
7624 28 140 168
7625 29 17 168
7626 30 97 168
7627 31 28 168
7628 32 84 168
7629 33 108 168
7630 34 10 168
7631 35 204 168
7632 36 192 168
7633 37 109 168
7634 38 208 168
7635 39 210 168
7636 40 190 168
7637 41 186 168
7638 42 139 168
7639 43 203 168
7640 44 62 168
7641 45 64 168
7642 46 47 168
7643 47 198 168
7644 48 81 168
7645 49 11 168
7646 50 210 168
7647 4 49 169
7648 5 142 169
7649 6 156 169
7650 7 144 169
7651 8 30 169
7652 9 235 169
7653 10 152 169
7654 11 237 169
7655 12 262 169
7656 13 22 169
7657 14 246 169
7658 15 118 169
7659 16 143 169
7660 17 212 169
7661 18 35 169
7662 19 66 169
7663 20 112 169
7664 21 239 169
7665 22 7 169
7666 23 229 169
7667 24 66 169
7668 25 255 169
7669 26 188 169
7670 27 115 169
7671 28 21 169
7672 29 128 169
7673 30 229 169
7674 31 2 169
7675 32 14 169
7676 33 7 169
7677 34 212 169
7678 35 149 169
7679 36 147 169
7680 37 115 169
7681 38 200 169
7682 39 207 169
7683 40 174 169
7684 41 162 169
7685 42 212 169
7686 43 200 169
7687 44 42 169
7688 45 3 169
7689 46 91 169
7690 47 115 169
7691 48 203 169
7692 49 34 169
7693 50 255 169
7694 52 262 169
7695 3 163 170
7696 4 247 170
7697 5 83 170
7698 6 33 170
7699 7 95 170
7700 8 104 170
7701 9 26 170
7702 10 203 170
7703 11 9 170
7704 12 75 170
7705 13 76 170
7706 14 142 170
7707 15 124 170
7708 16 151 170
7709 17 122 170
7710 18 164 170
7711 19 77 170
7712 20 71 170
7713 21 157 170
7714 22 261 170
7715 23 256 170
7716 24 247 170
7717 25 191 170
7718 26 219 170
7719 27 86 170
7720 28 240 170
7721 29 234 170
7722 30 98 170
7723 31 36 170
7724 32 172 170
7725 33 225 170
7726 34 27 170
7727 35 110 170
7728 36 40 170
7729 37 149 170
7730 38 8 170
7731 39 74 170
7732 40 198 170
7733 41 15 170
7734 42 111 170
7735 43 21 170
7736 44 195 170
7737 45 1 170
7738 46 96 170
7739 47 262 170
7740 48 83 170
7741 49 207 170
7742 50 234 170
7743 51 118 170
7744 52 85 170
7745 53 175 170
7746 3 38 171
7747 4 110 171
7748 5 130 171
7749 6 38 171
7750 7 53 171
7751 8 147 171
7752 9 153 171
7753 10 63 171
7754 11 81 171
7755 12 136 171
7756 13 193 171
7757 14 212 171
7758 15 234 171
7759 16 244 171
7760 17 79 171
7761 18 67 171
7762 19 248 171
7763 20 69 171
7764 21 228 171
7765 22 136 171
7766 23 15 171
7767 24 115 171
7768 25 185 171
7769 26 31 171
7770 27 141 171
7771 28 128 171
7772 29 117 171
7773 30 103 171
7774 31 156 171
7775 32 172 171
7776 33 29 171
7777 34 206 171
7778 35 103 171
7779 36 242 171
7780 37 77 171
7781 38 37 171
7782 39 157 171
7783 40 208 171
7784 41 13 171
7785 42 171 171
7786 43 123 171
7787 44 152 171
7788 45 26 171
7789 46 63 171
7790 47 117 171
7791 48 72 171
7792 49 4 171
7793 50 219 171
7794 51 7 171
7795 52 112 171
7796 53 134 171
7797 54 260 171
7798 55 14 171
7799 3 109 172
7800 4 170 172
7801 5 51 172
7802 6 147 172
7803 7 219 172
7804 8 255 172
7805 9 119 172
7806 10 81 172
7807 11 218 172
7808 12 110 172
7809 13 60 172
7810 14 240 172
7811 15 27 172
7812 16 54 172
7813 17 105 172
7814 18 8 172
7815 19 66 172
7816 20 26 172
7817 21 194 172
7818 22 179 172
7819 23 261 172
7820 24 157 172
7821 25 1 172
7822 26 213 172
7823 27 21 172
7824 28 136 172
7825 29 134 172
7826 30 66 172
7827 31 165 172
7828 32 180 172
7829 33 181 172
7830 34 62 172
7831 35 50 172
7832 36 89 172
7833 37 155 172
7834 38 254 172
7835 39 130 172
7836 40 47 172
7837 41 140 172
7838 42 52 172
7839 43 256 172
7840 44 48 172
7841 45 131 172
7842 46 195 172
7843 47 180 172
7844 48 141 172
7845 49 179 172
7846 50 233 172
7847 51 93 172
7848 52 42 172
7849 53 200 172
7850 54 54 172
7851 55 55 172
7852 56 134 172
7853 57 207 172
7854 58 87 172
7855 3 229 173
7856 4 190 173
7857 5 115 173
7858 6 194 173
7859 7 233 173
7860 8 217 173
7861 9 83 173
7862 10 75 173
7863 11 30 173
7864 12 149 173
7865 13 175 173
7866 14 197 173
7867 15 105 173
7868 16 259 173
7869 17 191 173
7870 18 56 173
7871 19 28 173
7872 20 211 173
7873 21 181 173
7874 22 165 173
7875 23 12 173
7876 24 202 173
7877 25 212 173
7878 26 119 173
7879 27 160 173
7880 28 124 173
7881 29 101 173
7882 30 174 173
7883 31 99 173
7884 32 126 173
7885 33 138 173
7886 34 133 173
7887 35 171 173
7888 36 163 173
7889 37 40 173
7890 38 223 173
7891 39 50 173
7892 40 144 173
7893 41 109 173
7894 42 255 173
7895 43 180 173
7896 44 136 173
7897 45 27 173
7898 46 232 173
7899 47 154 173
7900 48 78 173
7901 49 126 173
7902 50 214 173
7903 51 229 173
7904 52 214 173
7905 53 167 173
7906 54 209 173
7907 55 238 173
7908 56 117 173
7909 57 24 173
7910 58 199 173
7911 2 32 174
7912 3 110 174
7913 4 91 174
7914 5 190 174
7915 6 63 174
7916 7 139 174
7917 8 197 174
7918 9 49 174
7919 10 112 174
7920 11 84 174
7921 12 115 174
7922 13 212 174
7923 14 215 174
7924 15 260 174
7925 16 151 174
7926 17 216 174
7927 18 160 174
7928 19 237 174
7929 20 199 174
7930 21 114 174
7931 22 117 174
7932 23 112 174
7933 24 254 174
7934 25 125 174
7935 26 253 174
7936 27 202 174
7937 28 117 174
7938 29 66 174
7939 30 177 174
7940 31 250 174
7941 32 20 174
7942 33 215 174
7943 34 39 174
7944 35 252 174
7945 36 152 174
7946 37 137 174
7947 38 126 174
7948 39 79 174
7949 40 262 174
7950 41 237 174
7951 42 26 174
7952 43 181 174
7953 44 38 174
7954 45 262 174
7955 46 42 174
7956 47 41 174
7957 48 75 174
7958 49 237 174
7959 50 7 174
7960 51 231 174
7961 52 44 174
7962 53 243 174
7963 54 31 174
7964 55 22 174
7965 56 237 174
7966 57 150 174
7967 58 26 174
7968 59 171 174
7969 60 183 174
7970 61 70 174
7971 62 194 174
7972 2 13 175
7973 3 198 175
7974 4 4 175
7975 5 179 175
7976 6 88 175
7977 7 102 175
7978 8 180 175
7979 9 161 175
7980 10 11 175
7981 11 18 175
7982 12 62 175
7983 13 50 175
7984 14 110 175
7985 15 259 175
7986 16 99 175
7987 17 240 175
7988 18 176 175
7989 19 240 175
7990 20 32 175
7991 21 147 175
7992 22 103 175
7993 23 102 175
7994 24 32 175
7995 25 125 175
7996 26 229 175
7997 27 172 175
7998 28 225 175
7999 29 155 175
8000 30 210 175
8001 31 171 175
8002 32 131 175
8003 33 199 175
8004 34 96 175
8005 35 236 175
8006 36 84 175
8007 37 186 175
8008 38 99 175
8009 39 82 175
8010 40 172 175
8011 41 90 175
8012 42 38 175
8013 43 232 175
8014 44 182 175
8015 45 55 175
8016 46 26 175
8017 47 126 175
8018 48 34 175
8019 49 100 175
8020 50 240 175
8021 51 245 175
8022 52 8 175
8023 53 197 175
8024 54 260 175
8025 55 171 175
8026 56 188 175
8027 57 41 175
8028 58 56 175
8029 59 149 175
8030 60 88 175
8031 61 91 175
8032 62 68 175
8033 2 226 176
8034 3 1 176
8035 4 6 176
8036 5 180 176
8037 6 216 176
8038 7 148 176
8039 8 70 176
8040 9 87 176
8041 10 181 176
8042 11 34 176
8043 12 30 176
8044 13 86 176
8045 14 158 176
8046 15 203 176
8047 16 107 176
8048 17 26 176
8049 18 97 176
8050 19 37 176
8051 20 206 176
8052 21 98 176
8053 22 143 176
8054 23 27 176
8055 24 6 176
8056 25 170 176
8057 26 225 176
8058 27 5 176
8059 28 165 176
8060 29 129 176
8061 30 112 176
8062 31 137 176
8063 32 91 176
8064 33 95 176
8065 34 251 176
8066 35 120 176
8067 36 236 176
8068 37 73 176
8069 38 39 176
8070 39 49 176
8071 40 73 176
8072 41 124 176
8073 42 141 176
8074 43 124 176
8075 44 30 176
8076 45 23 176
8077 46 43 176
8078 47 185 176
8079 48 23 176
8080 49 14 176
8081 50 217 176
8082 51 223 176
8083 52 153 176
8084 53 166 176
8085 54 205 176
8086 55 205 176
8087 56 131 176
8088 57 155 176
8089 58 208 176
8090 59 15 176
8091 60 226 176
8092 61 176 176
8093 62 68 176
8094 63 53 176
8095 64 73 176
8096 65 136 176
8097 2 14 177
8098 3 195 177
8099 4 122 177
8100 5 103 177
8101 6 249 177
8102 7 253 177
8103 8 61 177
8104 9 112 177
8105 10 19 177
8106 11 251 177
8107 12 26 177
8108 13 18 177
8109 14 11 177
8110 15 28 177
8111 16 95 177
8112 17 71 177
8113 18 147 177
8114 19 164 177
8115 20 45 177
8116 21 128 177
8117 22 115 177
8118 23 84 177
8119 24 94 177
8120 25 94 177
8121 26 235 177
8122 27 96 177
8123 28 146 177
8124 29 124 177
8125 30 196 177
8126 31 171 177
8127 32 117 177
8128 33 231 177
8129 34 262 177
8130 35 181 177
8131 36 221 177
8132 37 38 177
8133 38 167 177
8134 39 257 177
8135 40 100 177
8136 41 17 177
8137 42 153 177
8138 43 189 177
8139 44 206 177
8140 45 140 177
8141 46 187 177
8142 47 129 177
8143 48 56 177
8144 49 66 177
8145 50 136 177
8146 51 216 177
8147 52 142 177
8148 53 8 177
8149 54 151 177
8150 55 120 177
8151 56 182 177
8152 57 257 177
8153 58 245 177
8154 59 128 177
8155 60 38 177
8156 61 228 177
8157 62 59 177
8158 63 251 177
8159 64 35 177
8160 65 88 177
8161 66 68 177
8162 67 225 177
8163 1 120 178
8164 2 252 178
8165 3 224 178
8166 4 238 178
8167 5 100 178
8168 6 152 178
8169 7 181 178
8170 8 254 178
8171 9 122 178
8172 10 195 178
8173 11 126 178
8174 12 125 178
8175 13 109 178
8176 14 35 178
8177 15 168 178
8178 16 2 178
8179 17 162 178
8180 18 155 178
8181 19 207 178
8182 20 243 178
8183 21 90 178
8184 22 209 178
8185 23 123 178
8186 24 140 178
8187 25 84 178
8188 26 148 178
8189 27 50 178
8190 28 191 178
8191 29 215 178
8192 30 166 178
8193 31 70 178
8194 32 101 178
8195 33 154 178
8196 34 257 178
8197 35 201 178
8198 36 1 178
8199 37 54 178
8200 38 262 178
8201 39 240 178
8202 40 115 178
8203 41 256 178
8204 42 44 178
8205 43 141 178
8206 44 138 178
8207 45 256 178
8208 46 12 178
8209 47 160 178
8210 48 218 178
8211 49 249 178
8212 50 190 178
8213 51 222 178
8214 52 219 178
8215 53 102 178
8216 54 137 178
8217 55 51 178
8218 56 131 178
8219 57 177 178
8220 58 96 178
8221 59 59 178
8222 60 20 178
8223 61 244 178
8224 62 191 178
8225 63 158 178
8226 64 97 178
8227 65 79 178
8228 66 28 178
8229 67 166 178
8230 68 3 178
8231 70 125 178
8232 1 26 179
8233 2 246 179
8234 3 255 179
8235 4 249 179
8236 5 57 179
8237 6 250 179
8238 8 171 179
8239 7 236 179
8240 9 133 179
8241 10 119 179
8242 11 90 179
8243 12 93 179
8244 13 47 179
8245 14 231 179
8246 15 160 179
8247 16 10 179
8248 17 46 179
8249 18 63 179
8250 19 256 179
8251 20 3 179
8252 21 220 179
8253 22 98 179
8254 23 245 179
8255 24 12 179
8256 25 187 179
8257 26 175 179
8258 27 8 179
8259 28 248 179
8260 29 94 179
8261 30 69 179
8262 31 182 179
8263 32 151 179
8264 33 132 179
8265 34 7 179
8266 35 111 179
8267 36 248 179
8268 37 254 179
8269 38 95 179
8270 39 102 179
8271 40 111 179
8272 41 224 179
8273 42 28 179
8274 43 75 179
8275 44 164 179
8276 45 262 179
8277 46 84 179
8278 47 35 179
8279 48 262 179
8280 49 200 179
8281 50 207 179
8282 51 253 179
8283 52 231 179
8284 53 3 179
8285 54 172 179
8286 55 165 179
8287 56 79 179
8288 57 167 179
8289 58 232 179
8290 59 114 179
8291 60 61 179
8292 61 9 179
8293 62 82 179
8294 63 73 179
8295 64 24 179
8296 65 96 179
8297 66 35 179
8298 67 149 179
8299 68 32 179
8300 69 87 179
8301 70 76 179
8302 71 19 179
8303 1 222 180
8304 2 248 180
8305 3 168 180
8306 4 253 180
8307 5 76 180
8308 6 156 180
8309 7 234 180
8310 8 192 180
8311 9 248 180
8312 10 58 180
8313 11 179 180
8314 12 242 180
8315 13 3 180
8316 14 42 180
8317 15 144 180
8318 16 203 180
8319 17 217 180
8320 18 244 180
8321 19 203 180
8322 20 202 180
8323 21 112 180
8324 22 126 180
8325 23 95 180
8326 24 111 180
8327 25 12 180
8328 26 30 180
8329 27 153 180
8330 28 220 180
8331 29 173 180
8332 30 79 180
8333 31 164 180
8334 32 227 180
8335 33 159 180
8336 34 192 180
8337 35 176 180
8338 36 220 180
8339 37 81 180
8340 38 61 180
8341 1 164 181
8342 39 222 180
8343 40 32 180
8344 41 158 180
8345 42 207 180
8346 0 200 182
8347 43 49 180
8348 44 96 180
8349 45 191 180
8350 1 157 182
8351 46 42 180
8352 47 158 180
8353 0 187 183
8354 2 244 181
8355 0 225 184
8356 48 173 180
8357 49 6 180
8358 50 115 180
8359 51 18 180
8360 52 241 180
8361 53 254 180
8362 54 158 180
8363 55 127 180
8364 56 170 180
8365 57 45 180
8366 58 52 180
8367 59 150 180
8368 60 181 180
8369 61 49 180
8370 62 84 180
8371 63 98 180
8372 64 83 180
8373 65 43 180
8374 66 71 180
8375 67 13 180
8376 68 166 180
8377 69 118 180
8378 70 246 180
8379 71 77 180
8380 72 139 180
8381 73 187 180
8382 3 200 181
8383 4 96 181
8384 5 1 181
8385 6 107 181
8386 7 10 181
8387 8 142 181
8388 9 73 181
8389 10 21 181
8390 11 57 181
8391 12 74 181
8392 13 154 181
8393 14 129 181
8394 15 216 181
8395 16 71 181
8396 17 114 181
8397 18 262 181
8398 19 235 181
8399 20 106 181
8400 21 66 181
8401 22 126 181
8402 2 25 182
8403 3 233 182
8404 4 11 182
8405 1 137 183
8406 23 29 181
8407 24 257 181
8408 25 223 181
8409 26 117 181
8410 27 260 181
8411 28 11 181
8412 29 222 181
8413 30 119 181
8414 31 248 181
8415 32 205 181
8416 33 89 181
8417 34 84 181
8418 35 30 181
8419 36 254 181
8420 37 139 181
8421 38 49 181
8422 39 209 181
8423 40 114 181
8424 41 243 181
8425 42 105 181
8426 43 243 181
8427 44 256 181
8428 45 252 181
8429 46 143 181
8430 47 236 181
8431 48 97 181
8432 49 231 181
8433 50 197 181
8434 51 155 181
8435 52 2 181
8436 53 49 181
8437 54 78 181
8438 55 131 181
8439 56 192 181
8440 57 7 181
8441 58 69 181
8442 59 198 181
8443 60 110 181
8444 61 137 181
8445 62 20 181
8446 63 106 181
8447 64 21 181
8448 65 153 181
8449 67 143 181
8450 66 215 181
8451 5 205 182
8452 6 191 182
8453 7 53 182
8454 8 179 182
8455 68 35 181
8456 69 185 181
8457 70 242 181
8458 71 195 181
8459 72 174 181
8460 73 27 181
8461 75 72 181
8462 9 3 182
8463 10 65 182
8464 11 52 182
8465 12 50 182
8466 13 145 182
8467 14 40 182
8468 15 218 182
8469 16 13 182
8470 17 144 182
8471 18 168 182
8472 19 145 182
8473 20 162 182
8474 21 33 182
8475 22 185 182
8476 23 65 182
8477 24 156 182
8478 25 236 182
8479 26 92 182
8480 27 53 182
8481 28 45 182
8482 29 142 182
8483 30 65 182
8484 31 222 182
8485 32 215 182
8486 33 8 182
8487 34 166 182
8488 35 180 182
8489 36 108 182
8490 37 3 182
8491 38 20 182
8492 39 16 182
8493 40 59 182
8494 41 141 182
8495 42 13 182
8496 43 31 182
8497 44 123 182
8498 45 215 182
8499 46 50 182
8500 47 35 182
8501 48 248 182
8502 2 221 183
8503 49 153 182
8504 50 229 182
8505 51 229 182
8506 52 108 182
8507 53 88 182
8508 54 173 182
8509 55 208 182
8510 56 100 182
8511 57 187 182
8512 58 231 182
8513 59 173 182
8514 60 34 182
8515 61 205 182
8516 62 214 182
8517 63 221 182
8518 64 231 182
8519 65 21 182
8520 66 11 182
8521 68 242 182
8522 67 190 182
8523 69 36 182
8524 70 35 182
8525 71 105 182
8526 72 18 182
8527 73 1 182
8528 74 218 182
8529 75 195 182
8530 76 161 182
8531 77 82 182
8532 3 192 183
8533 4 119 183
8534 5 175 183
8535 6 8 183
8536 7 62 183
8537 8 98 183
8538 9 234 183
8539 10 120 183
8540 11 53 183
8541 12 115 183
8542 13 134 183
8543 14 31 183
8544 15 260 183
8545 16 11 183
8546 17 51 183
8547 18 120 183
8548 19 245 183
8549 20 228 183
8550 21 44 183
8551 22 153 183
8552 23 237 183
8553 24 117 183
8554 25 93 183
8555 26 230 183
8556 27 128 183
8557 28 16 183
8558 29 22 183
8559 30 35 183
8560 31 83 183
8561 32 17 183
8562 33 65 183
8563 34 111 183
8564 35 252 183
8565 36 250 183
8566 37 124 183
8567 38 134 183
8568 39 154 183
8569 40 64 183
8570 41 6 183
8571 42 246 183
8572 43 3 183
8573 44 162 183
8574 45 56 183
8575 46 100 183
8576 47 196 183
8577 48 1 183
8578 49 236 183
8579 50 108 183
8580 51 176 183
8581 52 235 183
8582 53 80 183
8583 54 63 183
8584 55 85 183
8585 56 165 183
8586 57 97 183
8587 58 119 183
8588 59 168 183
8589 60 68 183
8590 61 123 183
8591 62 253 183
8592 63 223 183
8593 64 13 183
8594 65 43 183
8595 66 114 183
8596 67 226 183
8597 68 92 183
8598 69 187 183
8599 70 117 183
8600 71 181 183
8601 72 215 183
8602 73 32 183
8603 74 255 183
8604 75 38 183
8605 76 15 183
8606 77 241 183
8607 78 233 183
8608 79 150 183
8609 1 52 184
8610 2 258 184
8611 3 159 184
8612 4 205 184
8613 5 18 184
8614 6 179 184
8615 7 140 184
8616 8 136 184
8617 9 63 184
8618 10 46 184
8619 11 96 184
8620 12 210 184
8621 13 228 184
8622 14 156 184
8623 15 179 184
8624 16 257 184
8625 17 71 184
8626 18 31 184
8627 19 194 184
8628 20 122 184
8629 21 193 184
8630 22 88 184
8631 23 100 184
8632 24 115 184
8633 25 188 184
8634 26 195 184
8635 27 18 184
8636 28 249 184
8637 29 66 184
8638 30 201 184
8639 31 201 184
8640 32 196 184
8641 33 36 184
8642 34 102 184
8643 35 159 184
8644 36 20 184
8645 37 198 184
8646 38 159 184
8647 39 254 184
8648 40 241 184
8649 41 131 184
8650 42 110 184
8651 43 45 184
8652 44 185 184
8653 45 90 184
8654 46 174 184
8655 47 132 184
8656 48 116 184
8657 49 30 184
8658 50 199 184
8659 51 90 184
8660 52 233 184
8661 53 156 184
8662 54 256 184
8663 55 60 184
8664 56 128 184
8665 57 224 184
8666 58 56 184
8667 59 105 184
8668 60 114 184
8669 61 117 184
8670 62 20 184
8671 63 61 184
8672 64 194 184
8673 65 217 184
8674 66 121 184
8675 67 179 184
8676 68 72 184
8677 69 250 184
8678 70 63 184
8679 71 11 184
8680 72 246 184
8681 73 250 184
8682 74 258 184
8683 75 145 184
8684 76 4 184
8685 77 42 184
8686 78 140 184
8687 79 62 184
8688 80 232 184
8689 82 109 184
8690 0 249 185
8691 1 246 185
8692 2 35 185
8693 3 23 185
8694 4 146 185
8695 5 170 185
8696 6 141 185
8697 7 141 185
8698 8 126 185
8699 9 47 185
8700 10 24 185
8701 11 12 185
8702 12 97 185
8703 13 44 185
8704 14 215 185
8705 15 170 185
8706 16 63 185
8707 17 42 185
8708 18 116 185
8709 19 204 185
8710 20 4 185
8711 21 223 185
8712 22 186 185
8713 24 133 185
8714 23 112 185
8715 25 216 185
8716 26 228 185
8717 27 136 185
8718 28 175 185
8719 29 30 185
8720 30 86 185
8721 31 68 185
8722 32 26 185
8723 33 174 185
8724 34 209 185
8725 35 53 185
8726 36 28 185
8727 37 39 185
8728 38 231 185
8729 39 100 185
8730 40 149 185
8731 41 44 185
8732 42 23 185
8733 43 61 185
8734 44 140 185
8735 45 228 185
8736 46 90 185
8737 47 13 185
8738 48 187 185
8739 49 139 185
8740 50 209 185
8741 51 31 185
8742 52 74 185
8743 53 191 185
8744 54 137 185
8745 55 131 185
8746 56 232 185
8747 57 239 185
8748 58 245 185
8749 59 152 185
8750 60 90 185
8751 61 95 185
8752 62 171 185
8753 63 102 185
8754 64 97 185
8755 65 192 185
8756 66 256 185
8757 67 243 185
8758 68 93 185
8759 69 210 185
8760 70 75 185
8761 71 241 185
8762 72 201 185
8763 73 119 185
8764 74 179 185
8765 75 92 185
8766 76 99 185
8767 77 204 185
8768 78 144 185
8769 79 255 185
8770 80 225 185
8771 81 131 185
8772 82 11 185
8773 0 15 186
8774 1 186 186
8775 2 154 186
8776 3 120 186
8777 4 231 186
8778 5 156 186
8779 6 144 186
8780 7 111 186
8781 8 254 186
8782 9 170 186
8783 10 164 186
8784 11 58 186
8785 12 82 186
8786 13 139 186
8787 14 97 186
8788 15 147 186
8789 16 51 186
8790 17 212 186
8791 18 139 186
8792 19 105 186
8793 20 102 186
8794 21 156 186
8795 22 238 186
8796 23 24 186
8797 24 39 186
8798 25 22 186
8799 26 8 186
8800 27 86 186
8801 28 53 186
8802 29 182 186
8803 30 172 186
8804 31 79 186
8805 32 238 186
8806 33 256 186
8807 34 13 186
8808 35 68 186
8809 36 152 186
8810 37 102 186
8811 38 24 186
8812 39 7 186
8813 40 129 186
8814 41 165 186
8815 42 100 186
8816 43 111 186
8817 44 95 186
8818 45 257 186
8819 46 60 186
8820 47 160 186
8821 48 165 186
8822 49 226 186
8823 50 28 186
8824 51 196 186
8825 52 176 186
8826 53 34 186
8827 54 18 186
8828 55 257 186
8829 56 219 186
8830 57 200 186
8831 58 148 186
8832 59 240 186
8833 60 164 186
8834 61 262 186
8835 62 101 186
8836 63 244 186
8837 64 18 186
8838 65 64 186
8839 66 148 186
8840 67 196 186
8841 68 103 186
8842 69 218 186
8843 70 215 186
8844 71 233 186
8845 72 65 186
8846 73 140 186
8847 74 218 186
8848 75 80 186
8849 76 26 186
8850 77 199 186
8851 78 67 186
8852 79 178 186
8853 80 180 186
8854 81 244 186
8855 82 113 186
8856 83 47 186
8857 84 255 186
8858 85 100 186
8859 0 228 187
8860 1 51 187
8861 2 20 187
8862 3 50 187
8863 4 109 187
8864 5 142 187
8865 6 138 187
8866 7 165 187
8867 8 111 187
8868 9 44 187
8869 11 207 187
8870 10 175 187
8871 12 75 187
8872 13 73 187
8873 14 225 187
8874 15 229 187
8875 16 111 187
8876 17 101 187
8877 18 149 187
8878 19 101 187
8879 20 216 187
8880 21 132 187
8881 22 242 187
8882 23 110 187
8883 24 124 187
8884 25 137 187
8885 26 206 187
8886 27 250 187
8887 28 198 187
8888 29 9 187
8889 30 231 187
8890 31 20 187
8891 32 99 187
8892 33 107 187
8893 34 6 187
8894 35 193 187
8895 36 137 187
8896 37 58 187
8897 38 194 187
8898 39 208 187
8899 40 56 187
8900 41 32 187
8901 42 240 187
8902 43 230 187
8903 44 183 187
8904 45 33 187
8905 46 229 187
8906 47 154 187
8907 48 245 187
8908 49 50 187
8909 50 152 187
8910 51 104 187
8911 52 211 187
8912 53 87 187
8913 54 213 187
8914 55 234 187
8915 56 107 187
8916 58 114 187
8917 57 165 187
8918 59 254 187
8919 60 29 187
8920 61 195 187
8921 62 100 187
8922 63 119 187
8923 64 222 187
8924 65 121 187
8925 66 116 187
8926 67 18 187
8927 68 173 187
8928 69 132 187
8929 70 247 187
8930 71 87 187
8931 72 109 187
8932 73 237 187
8933 74 114 187
8934 75 139 187
8935 76 112 187
8936 77 57 187
8937 78 222 187
8938 79 194 187
8939 80 139 187
8940 81 85 187
8941 82 127 187
8942 83 210 187
8943 84 204 187
8944 85 136 187
8945 86 192 187
8946 0 243 188
8947 1 8 188
8948 2 176 188
8949 3 216 188
8950 4 148 188
8951 5 37 188
8952 6 51 188
8953 7 10 188
8954 8 89 188
8955 9 117 188
8956 10 25 188
8957 11 226 188
8958 12 56 188
8959 13 29 188
8960 14 196 188
8961 15 226 188
8962 16 92 188
8963 17 52 188
8964 18 42 188
8965 19 55 188
8966 20 161 188
8967 21 14 188
8968 22 134 188
8969 23 208 188
8970 24 15 188
8971 25 69 188
8972 26 231 188
8973 27 24 188
8974 28 186 188
8975 29 63 188
8976 30 183 188
8977 31 71 188
8978 32 200 188
8979 33 203 188
8980 34 97 188
8981 35 241 188
8982 36 208 188
8983 37 108 188
8984 38 29 188
8985 39 70 188
8986 40 88 188
8987 41 37 188
8988 42 158 188
8989 43 52 188
8990 44 107 188
8991 45 2 188
8992 46 82 188
8993 47 158 188
8994 48 98 188
8995 49 28 188
8996 50 16 188
8997 51 154 188
8998 52 71 188
8999 53 207 188
9000 54 4 188
9001 55 259 188
9002 56 101 188
9003 57 93 188
9004 58 107 188
9005 59 216 188
9006 60 206 188
9007 61 198 188
9008 62 10 188
9009 63 174 188
9010 64 124 188
9011 65 252 188
9012 66 48 188
9013 67 141 188
9014 68 111 188
9015 69 205 188
9016 70 98 188
9017 71 65 188
9018 72 3 188
9019 73 34 188
9020 74 159 188
9021 75 74 188
9022 76 138 188
9023 77 49 188
9024 78 158 188
9025 79 22 188
9026 80 236 188
9027 81 117 188
9028 82 112 188
9029 83 14 188
9030 84 227 188
9031 85 250 188
9032 86 62 188
9033 87 45 188
9034 88 73 188
9035 89 57 188
9036 0 78 189
9037 1 176 189
9038 2 56 189
9039 3 62 189
9040 4 55 189
9041 5 168 189
9042 6 82 189
9043 7 95 189
9044 8 140 189
9045 9 181 189
9046 10 108 189
9047 11 82 189
9048 12 124 189
9049 13 154 189
9050 14 30 189
9051 15 132 189
9052 16 34 189
9053 17 34 189
9054 18 69 189
9055 19 187 189
9056 20 223 189
9057 21 47 189
9058 22 34 189
9059 23 94 189
9060 24 174 189
9061 25 7 189
9062 26 4 189
9063 27 220 189
9064 28 233 189
9065 29 231 189
9066 30 242 189
9067 31 166 189
9068 32 17 189
9069 33 67 189
9070 34 123 189
9071 35 32 189
9072 36 248 189
9073 37 157 189
9074 38 227 189
9075 39 106 189
9076 40 220 189
9077 41 7 189
9078 42 192 189
9079 43 157 189
9080 44 150 189
9081 45 61 189
9082 46 51 189
9083 47 30 189
9084 48 40 189
9085 49 226 189
9086 50 63 189
9087 51 161 189
9088 52 196 189
9089 53 1 189
9090 54 20 189
9091 55 148 189
9092 56 90 189
9093 57 113 189
9094 58 56 189
9095 59 24 189
9096 60 93 189
9097 61 111 189
9098 62 154 189
9099 63 61 189
9100 64 233 189
9101 65 222 189
9102 66 174 189
9103 67 98 189
9104 68 22 189
9105 69 1 189
9106 70 187 189
9107 71 260 189
9108 72 134 189
9109 73 23 189
9110 74 66 189
9111 75 70 189
9112 76 82 189
9113 77 151 189
9114 78 197 189
9115 79 186 189
9116 80 106 189
9117 81 75 189
9118 82 41 189
9119 83 135 189
9120 84 211 189
9121 85 80 189
9122 86 220 189
9123 87 84 189
9124 88 87 189
9125 89 225 189
9126 90 66 189
9127 0 227 190
9128 1 185 190
9129 2 254 190
9130 3 252 190
9131 4 230 190
9132 5 46 190
9133 6 88 190
9134 7 198 190
9135 8 105 190
9136 9 18 190
9137 10 231 190
9138 11 74 190
9139 12 211 190
9140 13 181 190
9141 14 166 190
9142 15 113 190
9143 16 93 190
9144 17 226 190
9145 18 25 190
9146 19 256 190
9147 20 231 190
9148 21 186 190
9149 22 209 190
9150 23 184 190
9151 24 64 190
9152 25 148 190
9153 26 203 190
9154 27 94 190
9155 28 181 190
9156 29 216 190
9157 30 51 190
9158 31 143 190
9159 32 234 190
9160 33 260 190
9161 34 104 190
9162 35 222 190
9163 36 256 190
9164 37 241 190
9165 38 152 190
9166 39 97 190
9167 40 191 190
9168 41 136 190
9169 42 53 190
9170 43 11 190
9171 44 230 190
9172 45 3 190
9173 46 247 190
9174 47 224 190
9175 48 53 190
9176 49 253 190
9177 50 24 190
9178 51 47 190
9179 52 188 190
9180 53 69 190
9181 54 125 190
9182 55 48 190
9183 56 93 190
9184 57 204 190
9185 58 27 190
9186 59 89 190
9187 60 130 190
9188 61 214 190
9189 62 27 190
9190 63 61 190
9191 64 92 190
9192 65 239 190
9193 66 175 190
9194 67 98 190
9195 68 257 190
9196 69 121 190
9197 70 246 190
9198 71 246 190
9199 72 209 190
9200 73 228 190
9201 74 188 190
9202 75 201 190
9203 76 257 190
9204 77 167 190
9205 78 239 190
9206 79 113 190
9207 80 66 190
9208 81 204 190
9209 82 83 190
9210 83 235 190
9211 84 189 190
9212 85 218 190
9213 86 7 190
9214 87 164 190
9215 88 79 190
9216 89 51 190
9217 90 104 190
9218 91 163 190
9219 92 19 190
9220 93 243 190
9221 0 158 191
9222 1 32 191
9223 2 239 191
9224 3 93 191
9225 4 203 191
9226 5 203 191
9227 6 67 191
9228 7 235 191
9229 8 36 191
9230 9 109 191
9231 10 91 191
9232 11 214 191
9233 12 21 191
9234 13 157 191
9235 14 178 191
9236 15 209 191
9237 16 223 191
9238 17 193 191
9239 18 134 191
9240 19 69 191
9241 20 224 191
9242 21 211 191
9243 22 14 191
9244 23 210 191
9245 24 4 191
9246 25 131 191
9247 26 51 191
9248 27 147 191
9249 28 105 191
9250 29 185 191
9251 30 156 191
9252 31 166 191
9253 32 210 191
9254 33 6 191
9255 34 107 191
9256 35 184 191
9257 36 143 191
9258 37 45 191
9259 38 186 191
9260 39 161 191
9261 40 137 191
9262 41 175 191
9263 42 88 191
9264 43 198 191
9265 44 171 191
9266 45 153 191
9267 46 128 191
9268 47 32 191
9269 48 121 191
9270 49 189 191
9271 50 147 191
9272 51 78 191
9273 52 26 191
9274 53 258 191
9275 54 243 191
9276 55 84 191
9277 56 251 191
9278 57 91 191
9279 58 8 191
9280 59 84 191
9281 60 108 191
9282 61 242 191
9283 62 63 191
9284 63 128 191
9285 64 4 191
9286 65 114 191
9287 66 194 191
9288 67 89 191
9289 68 27 191
9290 69 169 191
9291 70 92 191
9292 71 162 191
9293 72 49 191
9294 73 198 191
9295 74 21 191
9296 75 177 191
9297 76 192 191
9298 77 49 191
9299 78 102 191
9300 79 209 191
9301 80 226 191
9302 81 204 191
9303 82 236 191
9304 83 20 191
9305 84 68 191
9306 85 251 191
9307 86 249 191
9308 87 139 191
9309 88 118 191
9310 89 250 191
9311 90 11 191
9312 91 192 191
9313 92 185 191
9314 93 96 191
9315 0 260 192
9316 1 88 192
9317 2 205 192
9318 3 70 192
9319 4 128 192
9320 5 23 192
9321 6 141 192
9322 7 29 192
9323 8 104 192
9324 9 258 192
9325 10 19 192
9326 11 30 192
9327 12 102 192
9328 13 179 192
9329 14 156 192
9330 15 227 192
9331 16 191 192
9332 17 133 192
9333 18 29 192
9334 19 166 192
9335 20 25 192
9336 21 55 192
9337 22 177 192
9338 23 192 192
9339 24 147 192
9340 25 207 192
9341 26 260 192
9342 27 13 192
9343 28 16 192
9344 29 169 192
9345 30 241 192
9346 31 92 192
9347 32 53 192
9348 33 27 192
9349 34 137 192
9350 35 102 192
9351 36 134 192
9352 37 1 192
9353 38 110 192
9354 39 147 192
9355 40 168 192
9356 41 97 192
9357 42 219 192
9358 43 39 192
9359 44 217 192
9360 45 105 192
9361 46 134 192
9362 47 242 192
9363 48 129 192
9364 49 259 192
9365 50 143 192
9366 51 243 192
9367 52 73 192
9368 53 82 192
9369 54 244 192
9370 55 79 192
9371 56 69 192
9372 57 71 192
9373 58 65 192
9374 59 4 192
9375 60 143 192
9376 61 116 192
9377 62 114 192
9378 63 230 192
9379 64 250 192
9380 65 88 192
9381 66 259 192
9382 67 25 192
9383 68 81 192
9384 69 123 192
9385 70 33 192
9386 71 230 192
9387 72 186 192
9388 73 78 192
9389 74 180 192
9390 75 185 192
9391 76 152 192
9392 77 51 192
9393 78 42 192
9394 79 16 192
9395 80 107 192
9396 81 250 192
9397 82 177 192
9398 83 121 192
9399 84 5 192
9400 85 49 192
9401 86 187 192
9402 87 69 192
9403 88 37 192
9404 89 159 192
9405 90 109 192
9406 91 217 192
9407 92 121 192
9408 93 51 192
9409 94 257 192
9410 0 125 193
9411 1 130 193
9412 2 228 193
9413 3 157 193
9414 4 146 193
9415 5 224 193
9416 6 14 193
9417 7 256 193
9418 8 123 193
9419 9 130 193
9420 10 6 193
9421 11 122 193
9422 12 214 193
9423 13 181 193
9424 14 65 193
9425 15 70 193
9426 16 211 193
9427 17 64 193
9428 18 134 193
9429 19 170 193
9430 20 5 193
9431 21 260 193
9432 22 99 193
9433 23 262 193
9434 24 188 193
9435 25 142 193
9436 26 7 193
9437 27 139 193
9438 28 239 193
9439 29 77 193
9440 30 232 193
9441 31 100 193
9442 32 29 193
9443 33 13 193
9444 34 222 193
9445 35 150 193
9446 36 111 193
9447 37 165 193
9448 38 2 193
9449 39 28 193
9450 40 174 193
9451 41 33 193
9452 42 151 193
9453 43 26 193
9454 44 146 193
9455 45 55 193
9456 46 207 193
9457 47 76 193
9458 48 90 193
9459 49 258 193
9460 50 13 193
9461 51 49 193
9462 52 84 193
9463 53 16 193
9464 54 77 193
9465 55 66 193
9466 56 219 193
9467 57 116 193
9468 58 22 193
9469 59 112 193
9470 60 76 193
9471 61 50 193
9472 62 36 193
9473 63 104 193
9474 64 13 193
9475 65 212 193
9476 66 237 193
9477 67 142 193
9478 68 109 193
9479 69 7 193
9480 70 160 193
9481 71 128 193
9482 72 124 193
9483 73 162 193
9484 74 60 193
9485 75 234 193
9486 76 240 193
9487 77 113 193
9488 78 2 193
9489 79 259 193
9490 80 143 193
9491 81 141 193
9492 82 145 193
9493 83 154 193
9494 84 213 193
9495 85 43 193
9496 86 199 193
9497 87 105 193
9498 88 201 193
9499 89 130 193
9500 90 120 193
9501 91 178 193
9502 92 119 193
9503 93 142 193
9504 94 51 193
9505 95 255 193
9506 0 76 194
9507 1 97 194
9508 2 253 194
9509 3 257 194
9510 4 254 194
9511 5 241 194
9512 6 203 194
9513 7 24 194
9514 8 102 194
9515 9 135 194
9516 10 63 194
9517 11 244 194
9518 12 258 194
9519 13 44 194
9520 14 176 194
9521 15 98 194
9522 16 221 194
9523 17 81 194
9524 18 149 194
9525 19 67 194
9526 20 90 194
9527 21 148 194
9528 22 127 194
9529 23 242 194
9530 24 137 194
9531 25 224 194
9532 26 243 194
9533 27 54 194
9534 28 36 194
9535 29 64 194
9536 30 98 194
9537 31 184 194
9538 32 145 194
9539 33 251 194
9540 34 120 194
9541 35 226 194
9542 36 218 194
9543 37 3 194
9544 38 30 194
9545 39 236 194
9546 40 256 194
9547 41 79 194
9548 42 220 194
9549 43 212 194
9550 44 197 194
9551 45 259 194
9552 46 60 194
9553 47 148 194
9554 48 198 194
9555 49 70 194
9556 50 241 194
9557 51 105 194
9558 52 145 194
9559 53 151 194
9560 54 151 194
9561 55 77 194
9562 56 58 194
9563 57 119 194
9564 58 176 194
9565 59 30 194
9566 60 164 194
9567 61 106 194
9568 62 131 194
9569 63 3 194
9570 64 42 194
9571 65 76 194
9572 66 24 194
9573 67 115 194
9574 68 217 194
9575 69 229 194
9576 70 114 194
9577 71 61 194
9578 72 228 194
9579 73 133 194
9580 74 145 194
9581 75 127 194
9582 76 83 194
9583 77 198 194
9584 78 226 194
9585 79 104 194
9586 80 79 194
9587 81 164 194
9588 82 190 194
9589 83 190 194
9590 84 115 194
9591 85 146 194
9592 86 250 194
9593 87 124 194
9594 88 182 194
9595 89 250 194
9596 90 237 194
9597 91 168 194
9598 92 170 194
9599 93 178 194
9600 94 193 194
9601 95 154 194
9602 96 31 194
9603 97 216 194
9604 0 130 195
9605 1 137 195
9606 2 250 195
9607 3 242 195
9608 4 19 195
9609 5 175 195
9610 6 260 195
9611 7 2 195
9612 8 140 195
9613 9 225 195
9614 10 197 195
9615 11 133 195
9616 12 127 195
9617 13 129 195
9618 14 217 195
9619 15 17 195
9620 16 215 195
9621 17 256 195
9622 18 206 195
9623 19 195 195
9624 20 5 195
9625 21 215 195
9626 22 15 195
9627 23 62 195
9628 24 163 195
9629 26 52 195
9630 25 244 195
weights 196 196 196 196 196 196 196 196 196 196 196 196 196 196 196 196 196 196 196 196 196 196 196 196 196 196 196 195 195 195 195 195 195 195 195 195 195 195 195 195 195 195 195 195 195 195 195 195 195 195 195 195 195 195 195 195 195 195 195 195 195 195 195 195 195 195 195 195 195 195 195 195 195 195 195 195 195 195 195 195 195 195 195 195 195 195 195 195 195 195 195 195 195 195 195 195 195 195
