p 257 h 145 constraints 21334
0 0 1 0
1 0 1 1
2 0 1 2
3 0 1 3
4 0 1 4
5 0 1 5
6 0 1 6
7 0 1 7
8 0 1 8
9 0 1 9
10 0 1 10
11 0 1 11
12 0 1 12
13 0 1 13
14 0 1 14
15 0 1 15
16 0 1 16
17 0 1 17
18 0 1 18
19 0 1 19
20 0 1 20
21 0 1 21
22 0 1 22
23 0 1 23
24 0 1 24
25 0 1 25
26 0 1 26
27 0 1 27
28 0 1 28
29 0 1 29
30 0 1 30
31 0 1 31
32 0 1 32
33 0 1 33
34 0 1 34
35 0 1 35
36 0 1 36
37 0 1 37
38 0 1 38
39 0 1 39
40 0 1 40
41 0 1 41
42 0 1 42
43 0 1 43
44 0 1 44
45 0 1 45
46 0 1 46
47 0 1 47
48 0 1 48
49 0 1 49
50 0 1 50
51 0 1 51
52 0 1 52
53 0 1 53
54 0 1 54
55 0 1 55
56 0 1 56
57 0 1 57
58 0 1 58
59 0 1 59
60 0 1 60
61 0 1 61
62 0 1 62
63 0 1 63
64 0 1 64
65 0 1 65
66 0 1 66
67 0 1 67
68 0 1 68
69 0 1 69
70 0 1 70
71 0 1 71
72 0 1 72
73 1 1 2
74 1 1 3
75 1 1 4
76 1 1 5
77 1 1 6
78 1 1 7
79 1 1 8
80 1 1 9
81 1 1 10
82 1 1 11
83 1 1 12
84 1 1 13
85 1 1 14
86 1 1 15
87 1 1 16
88 1 1 17
89 1 1 18
90 1 1 19
91 1 1 20
92 1 1 21
93 1 1 22
94 1 1 23
95 1 1 24
96 1 1 25
97 1 1 26
98 1 1 27
99 1 1 28
100 1 1 29
101 1 1 30
102 1 1 31
103 1 1 32
104 1 1 33
105 1 1 34
106 1 1 35
107 1 1 36
108 1 1 37
109 1 1 38
110 1 1 39
111 1 1 40
112 1 1 41
113 1 1 42
114 1 1 43
115 1 1 44
116 1 1 45
117 1 1 46
118 1 1 47
119 1 1 48
120 1 1 49
121 1 1 50
122 1 1 51
123 1 1 52
124 1 1 53
125 1 1 54
126 1 1 55
127 1 1 56
128 1 1 57
129 1 1 58
130 1 1 59
131 1 1 60
132 1 1 61
133 1 1 62
134 1 1 63
135 1 1 64
136 1 1 65
137 1 1 66
138 1 1 67
139 1 1 68
140 1 1 69
141 1 1 70
142 1 1 71
143 1 1 72
144 1 1 73
145 2 1 4
146 2 1 5
147 2 1 6
148 2 1 7
149 2 1 8
150 2 1 9
151 2 1 10
152 2 1 11
153 2 1 12
154 2 1 13
155 2 1 14
156 2 1 15
157 2 1 16
158 2 1 17
159 2 1 18
160 2 1 19
161 2 1 20
162 2 1 21
163 2 1 22
164 2 1 23
165 2 1 24
166 2 1 25
167 2 1 26
168 2 1 27
169 2 1 28
170 2 1 29
171 2 1 30
172 2 1 31
173 2 1 32
174 2 1 33
175 2 1 34
176 2 1 35
177 2 1 36
178 2 1 37
179 2 1 38
180 2 1 39
181 2 1 40
182 2 1 41
183 2 1 42
184 2 1 43
185 2 1 44
186 2 1 45
187 2 1 46
188 2 1 47
189 2 1 48
190 2 1 49
191 2 1 50
192 2 1 51
193 2 1 52
194 2 1 53
195 2 1 54
196 2 1 55
197 2 1 56
198 2 1 57
199 2 1 58
200 2 1 59
201 2 1 60
202 2 1 61
203 2 1 62
204 2 1 63
205 2 1 64
206 2 1 65
207 2 1 66
208 2 1 67
209 2 1 68
210 2 1 69
211 2 1 70
212 2 1 71
213 2 1 72
214 2 1 73
215 2 1 74
216 3 1 6
217 3 1 7
218 3 1 8
219 3 1 9
220 3 1 10
221 3 1 11
222 3 1 12
223 3 1 13
224 3 1 14
225 3 1 15
226 3 1 16
227 3 1 17
228 3 1 18
229 3 1 19
230 3 1 20
231 3 1 21
232 3 1 22
233 3 1 23
234 3 1 24
235 3 1 25
236 3 1 26
237 3 1 27
238 3 1 28
239 3 1 29
240 3 1 30
241 3 1 31
242 3 1 32
243 3 1 33
244 3 1 34
245 3 1 35
246 3 1 36
247 3 1 37
248 3 1 38
249 3 1 39
250 3 1 40
251 3 1 41
252 3 1 42
253 3 1 43
254 3 1 44
255 3 1 45
256 3 1 46
257 3 1 47
258 3 1 48
259 3 1 49
260 3 1 50
261 3 1 51
262 3 1 52
263 3 1 53
264 3 1 54
265 3 1 55
266 3 1 56
267 3 1 57
268 3 1 58
269 3 1 59
270 3 1 60
271 3 1 61
272 3 1 62
273 3 1 63
274 3 1 64
275 3 1 65
276 3 1 66
277 3 1 67
278 3 1 68
279 3 1 69
280 3 1 70
281 3 1 71
282 3 1 72
283 3 1 73
284 3 1 74
285 3 1 75
286 4 1 8
287 4 1 9
288 4 1 10
289 4 1 11
290 4 1 12
291 4 1 13
292 4 1 14
293 4 1 15
294 4 1 16
295 4 1 17
296 4 1 18
297 4 1 19
298 4 1 20
299 4 1 21
300 4 1 22
301 4 1 23
302 4 1 24
303 4 1 25
304 4 1 26
305 4 1 27
306 4 1 28
307 4 1 29
308 4 1 30
309 4 1 31
310 4 1 32
311 4 1 33
312 4 1 34
313 4 1 35
314 4 1 36
315 4 1 37
316 4 1 38
317 4 1 39
318 4 1 40
319 4 1 41
320 4 1 42
321 4 1 43
322 4 1 44
323 4 1 45
324 4 1 46
325 4 1 47
326 4 1 48
327 4 1 49
328 4 1 50
329 4 1 51
330 4 1 52
331 4 1 53
332 4 1 54
333 4 1 55
334 4 1 56
335 4 1 57
336 4 1 58
337 4 1 59
338 4 1 60
339 4 1 61
340 4 1 62
341 4 1 63
342 4 1 64
343 4 1 65
344 4 1 66
345 4 1 67
346 4 1 68
347 4 1 69
348 4 1 70
349 4 1 71
350 4 1 72
351 4 1 73
352 4 1 74
353 4 1 75
354 4 1 76
355 5 1 10
356 5 1 11
357 5 1 12
358 5 1 13
359 5 1 14
360 5 1 15
361 5 1 16
362 5 1 17
363 5 1 18
364 5 1 19
365 5 1 20
366 5 1 21
367 5 1 22
368 5 1 23
369 5 1 24
370 5 1 25
371 5 1 26
372 5 1 27
373 5 1 28
374 5 1 29
375 5 1 30
376 5 1 31
377 5 1 32
378 5 1 33
379 5 1 34
380 5 1 35
381 5 1 36
382 5 1 37
383 5 1 38
384 5 1 39
385 5 1 40
386 5 1 41
387 5 1 42
388 5 1 43
389 5 1 44
390 5 1 45
391 5 1 46
392 5 1 47
393 5 1 48
394 5 1 49
395 5 1 50
396 5 1 51
397 5 1 52
398 5 1 53
399 5 1 54
400 5 1 55
401 5 1 56
402 5 1 57
403 5 1 58
404 5 1 59
405 5 1 60
406 5 1 61
407 5 1 62
408 5 1 63
409 5 1 64
410 5 1 65
411 5 1 66
412 5 1 67
413 5 1 68
414 5 1 69
415 5 1 70
416 5 1 71
417 5 1 72
418 5 1 73
419 5 1 74
420 5 1 75
421 5 1 76
422 5 1 77
423 6 1 12
424 6 1 13
425 6 1 14
426 6 1 15
427 6 1 16
428 6 1 17
429 6 1 18
430 6 1 19
431 6 1 20
432 6 1 21
433 6 1 22
434 6 1 23
435 6 1 24
436 6 1 25
437 6 1 26
438 6 1 27
439 6 1 28
440 6 1 29
441 6 1 30
442 6 1 31
443 6 1 32
444 6 1 33
445 6 1 34
446 6 1 35
447 6 1 36
448 6 1 37
449 6 1 38
450 6 1 39
451 6 1 40
452 6 1 41
453 6 1 42
454 6 1 43
455 6 1 44
456 6 1 45
457 6 1 46
458 6 1 47
459 6 1 48
460 6 1 49
461 6 1 50
462 6 1 51
463 6 1 52
464 6 1 53
465 6 1 54
466 6 1 55
467 6 1 56
468 6 1 57
469 6 1 58
470 6 1 59
471 6 1 60
472 6 1 61
473 6 1 62
474 6 1 63
475 6 1 64
476 6 1 65
477 6 1 66
478 6 1 67
479 6 1 68
480 6 1 69
481 6 1 70
482 6 1 71
483 6 1 72
484 6 1 73
485 6 1 74
486 6 1 75
487 6 1 76
488 6 1 77
489 6 1 78
490 7 1 14
491 7 1 15
492 7 1 16
493 7 1 17
494 7 1 18
495 7 1 19
496 7 1 20
497 7 1 21
498 7 1 22
499 7 1 23
500 7 1 24
501 7 1 25
502 7 1 26
503 7 1 27
504 7 1 28
505 7 1 29
506 7 1 30
507 7 1 31
508 7 1 32
509 7 1 33
510 7 1 34
511 7 1 35
512 7 1 36
513 7 1 37
514 7 1 38
515 7 1 39
516 7 1 40
517 7 1 41
518 7 1 42
519 7 1 43
520 7 1 44
521 7 1 45
522 7 1 46
523 7 1 47
524 7 1 48
525 7 1 49
526 7 1 50
527 7 1 51
528 7 1 52
529 7 1 53
530 7 1 54
531 7 1 55
532 7 1 56
533 7 1 57
534 7 1 58
535 7 1 59
536 7 1 60
537 7 1 61
538 7 1 62
539 7 1 63
540 7 1 64
541 7 1 65
542 7 1 66
543 7 1 67
544 7 1 68
545 7 1 69
546 7 1 70
547 7 1 71
548 7 1 72
549 7 1 73
550 7 1 74
551 7 1 75
552 7 1 76
553 7 1 77
554 7 1 78
555 7 1 79
556 8 1 16
557 8 1 17
558 8 1 18
559 8 1 19
560 8 1 20
561 8 1 21
562 8 1 22
563 8 1 23
564 8 1 24
565 8 1 25
566 8 1 26
567 8 1 27
568 8 1 28
569 8 1 29
570 8 1 30
571 8 1 31
572 8 1 32
573 8 1 33
574 8 1 34
575 8 1 35
576 8 1 36
577 8 1 37
578 8 1 38
579 8 1 39
580 8 1 40
581 8 1 41
582 8 1 42
583 8 1 43
584 8 1 44
585 8 1 45
586 8 1 46
587 8 1 47
588 8 1 48
589 8 1 49
590 8 1 50
591 8 1 51
592 8 1 52
593 8 1 53
594 8 1 54
595 8 1 55
596 8 1 56
597 8 1 57
598 8 1 58
599 8 1 59
600 8 1 60
601 8 1 61
602 8 1 62
603 8 1 63
604 8 1 64
605 8 1 65
606 8 1 66
607 8 1 67
608 8 1 68
609 8 1 69
610 8 1 70
611 8 1 71
612 8 1 72
613 8 1 73
614 8 1 74
615 8 1 75
616 8 1 76
617 8 1 77
618 8 1 78
619 8 1 79
620 8 1 80
621 9 1 18
622 9 1 19
623 9 1 20
624 9 1 21
625 9 1 22
626 9 1 23
627 9 1 24
628 9 1 25
629 9 1 26
630 9 1 27
631 9 1 28
632 9 1 29
633 9 1 30
634 9 1 31
635 9 1 32
636 9 1 33
637 9 1 34
638 9 1 35
639 9 1 36
640 9 1 37
641 9 1 38
642 9 1 39
643 9 1 40
644 9 1 41
645 9 1 42
646 9 1 43
647 9 1 44
648 9 1 45
649 9 1 46
650 9 1 47
651 9 1 48
652 9 1 49
653 9 1 50
654 9 1 51
655 9 1 52
656 9 1 53
657 9 1 54
658 9 1 55
659 9 1 56
660 9 1 57
661 9 1 58
662 9 1 59
663 9 1 60
664 9 1 61
665 9 1 62
666 9 1 63
667 9 1 64
668 9 1 65
669 9 1 66
670 9 1 67
671 9 1 68
672 9 1 69
673 9 1 70
674 9 1 71
675 9 1 72
676 9 1 73
677 9 1 74
678 9 1 75
679 9 1 76
680 9 1 77
681 9 1 78
682 9 1 79
683 9 1 80
684 9 1 81
685 10 1 20
686 10 1 21
687 10 1 22
688 10 1 23
689 10 1 24
690 10 1 25
691 10 1 26
692 10 1 27
693 10 1 28
694 10 1 29
695 10 1 30
696 10 1 31
697 10 1 32
698 10 1 33
699 10 1 34
700 10 1 35
701 10 1 36
702 10 1 37
703 10 1 38
704 10 1 39
705 10 1 40
706 10 1 41
707 10 1 42
708 10 1 43
709 10 1 44
710 10 1 45
711 10 1 46
712 10 1 47
713 10 1 48
714 10 1 49
715 10 1 50
716 10 1 51
717 10 1 52
718 10 1 53
719 10 1 54
720 10 1 55
721 10 1 56
722 10 1 57
723 10 1 58
724 10 1 59
725 10 1 60
726 10 1 61
727 10 1 62
728 10 1 63
729 10 1 64
730 10 1 65
731 10 1 66
732 10 1 67
733 10 1 68
734 10 1 69
735 10 1 70
736 10 1 71
737 10 1 72
738 10 1 73
739 10 1 74
740 10 1 75
741 10 1 76
742 10 1 77
743 10 1 78
744 10 1 79
745 10 1 80
746 10 1 81
747 10 1 82
748 11 1 22
749 11 1 23
750 11 1 24
751 11 1 25
752 11 1 26
753 11 1 27
754 11 1 28
755 11 1 29
756 11 1 30
757 11 1 31
758 11 1 32
759 11 1 33
760 11 1 34
761 11 1 35
762 11 1 36
763 11 1 37
764 11 1 38
765 11 1 39
766 11 1 40
767 11 1 41
768 11 1 42
769 11 1 43
770 11 1 44
771 11 1 45
772 11 1 46
773 11 1 47
774 11 1 48
775 11 1 49
776 11 1 50
777 11 1 51
778 11 1 52
779 11 1 53
780 11 1 54
781 11 1 55
782 11 1 56
783 11 1 57
784 11 1 58
785 11 1 59
786 11 1 60
787 11 1 61
788 11 1 62
789 11 1 63
790 11 1 64
791 11 1 65
792 11 1 66
793 11 1 67
794 11 1 68
795 11 1 69
796 11 1 70
797 11 1 71
798 11 1 72
799 11 1 73
800 11 1 74
801 11 1 75
802 11 1 76
803 11 1 77
804 11 1 78
805 11 1 79
806 11 1 80
807 11 1 81
808 11 1 82
809 11 1 83
810 12 1 24
811 12 1 25
812 12 1 26
813 12 1 27
814 12 1 28
815 12 1 29
816 12 1 30
817 12 1 31
818 12 1 32
819 12 1 33
820 12 1 34
821 12 1 35
822 12 1 36
823 12 1 37
824 12 1 38
825 12 1 39
826 12 1 40
827 12 1 41
828 12 1 42
829 12 1 43
830 12 1 44
831 12 1 45
832 12 1 46
833 12 1 47
834 12 1 48
835 12 1 49
836 12 1 50
837 12 1 51
838 12 1 52
839 12 1 53
840 12 1 54
841 12 1 55
842 12 1 56
843 12 1 57
844 12 1 58
845 12 1 59
846 12 1 60
847 12 1 61
848 12 1 62
849 12 1 63
850 12 1 64
851 12 1 65
852 12 1 66
853 12 1 67
854 12 1 68
855 12 1 69
856 12 1 70
857 12 1 71
858 12 1 72
859 12 1 73
860 12 1 74
861 12 1 75
862 12 1 76
863 12 1 77
864 12 1 78
865 12 1 79
866 12 1 80
867 12 1 81
868 12 1 82
869 12 1 83
870 12 1 84
871 13 1 26
872 13 1 27
873 13 1 28
874 13 1 29
875 13 1 30
876 13 1 31
877 13 1 32
878 13 1 33
879 13 1 34
880 13 1 35
881 13 1 36
882 13 1 37
883 13 1 38
884 13 1 39
885 13 1 40
886 13 1 41
887 13 1 42
888 13 1 43
889 13 1 44
890 13 1 45
891 13 1 46
892 13 1 47
893 13 1 48
894 13 1 49
895 13 1 50
896 13 1 51
897 13 1 52
898 13 1 53
899 13 1 54
900 13 1 55
901 13 1 56
902 13 1 57
903 13 1 58
904 13 1 59
905 13 1 60
906 13 1 61
907 13 1 62
908 13 1 63
909 13 1 64
910 13 1 65
911 13 1 66
912 13 1 67
913 13 1 68
914 13 1 69
915 13 1 70
916 13 1 71
917 13 1 72
918 13 1 73
919 13 1 74
920 13 1 75
921 13 1 76
922 13 1 77
923 13 1 78
924 13 1 79
925 13 1 80
926 13 1 81
927 13 1 82
928 13 1 83
929 13 1 84
930 13 1 85
931 14 1 28
932 14 1 29
933 14 1 30
934 14 1 31
935 14 1 32
936 14 1 33
937 14 1 34
938 14 1 35
939 14 1 36
940 14 1 37
941 14 1 38
942 14 1 39
943 14 1 40
944 14 1 41
945 14 1 42
946 14 1 43
947 14 1 44
948 14 1 45
949 14 1 46
950 14 1 47
951 14 1 48
952 14 1 49
953 14 1 50
954 14 1 51
955 14 1 52
956 14 1 53
957 14 1 54
958 14 1 55
959 14 1 56
960 14 1 57
961 14 1 58
962 14 1 59
963 14 1 60
964 14 1 61
965 14 1 62
966 14 1 63
967 14 1 64
968 14 1 65
969 14 1 66
970 14 1 67
971 14 1 68
972 14 1 69
973 14 1 70
974 14 1 71
975 14 1 72
976 14 1 73
977 14 1 74
978 14 1 75
979 14 1 76
980 14 1 77
981 14 1 78
982 14 1 79
983 14 1 80
984 14 1 81
985 14 1 82
986 14 1 83
987 14 1 84
988 14 1 85
989 14 1 86
990 15 1 30
991 15 1 31
992 15 1 32
993 15 1 33
994 15 1 34
995 15 1 35
996 15 1 36
997 15 1 37
998 15 1 38
999 15 1 39
1000 15 1 40
1001 15 1 41
1002 15 1 42
1003 15 1 43
1004 15 1 44
1005 15 1 45
1006 15 1 46
1007 15 1 47
1008 15 1 48
1009 15 1 49
1010 15 1 50
1011 15 1 51
1012 15 1 52
1013 15 1 53
1014 15 1 54
1015 15 1 55
1016 15 1 56
1017 15 1 57
1018 15 1 58
1019 15 1 59
1020 15 1 60
1021 15 1 61
1022 15 1 62
1023 15 1 63
1024 15 1 64
1025 15 1 65
1026 15 1 66
1027 15 1 67
1028 15 1 68
1029 15 1 69
1030 15 1 70
1031 15 1 71
1032 15 1 72
1033 15 1 73
1034 15 1 74
1035 15 1 75
1036 15 1 76
1037 15 1 77
1038 15 1 78
1039 15 1 79
1040 15 1 80
1041 15 1 81
1042 15 1 82
1043 15 1 83
1044 15 1 84
1045 15 1 85
1046 15 1 86
1047 15 1 87
1048 16 1 32
1049 16 1 33
1050 16 1 34
1051 16 1 35
1052 16 1 36
1053 16 1 37
1054 16 1 38
1055 16 1 39
1056 16 1 40
1057 16 1 41
1058 16 1 42
1059 16 1 43
1060 16 1 44
1061 16 1 45
1062 16 1 46
1063 16 1 47
1064 16 1 48
1065 16 1 49
1066 16 1 50
1067 16 1 51
1068 16 1 52
1069 16 1 53
1070 16 1 54
1071 16 1 55
1072 16 1 56
1073 16 1 57
1074 16 1 58
1075 16 1 59
1076 16 1 60
1077 16 1 61
1078 16 1 62
1079 16 1 63
1080 16 1 64
1081 16 1 65
1082 16 1 66
1083 16 1 67
1084 16 1 68
1085 16 1 69
1086 16 1 70
1087 16 1 71
1088 16 1 72
1089 16 1 73
1090 16 1 74
1091 16 1 75
1092 16 1 76
1093 16 1 77
1094 16 1 78
1095 16 1 79
1096 16 1 80
1097 16 1 81
1098 16 1 82
1099 16 1 83
1100 16 1 84
1101 16 1 85
1102 16 1 86
1103 16 1 87
1104 16 1 88
1105 17 1 34
1106 17 1 35
1107 17 1 36
1108 17 1 37
1109 17 1 38
1110 17 1 39
1111 17 1 40
1112 17 1 41
1113 17 1 42
1114 17 1 43
1115 17 1 44
1116 17 1 45
1117 17 1 46
1118 17 1 47
1119 17 1 48
1120 17 1 49
1121 17 1 50
1122 17 1 51
1123 17 1 52
1124 17 1 53
1125 17 1 54
1126 17 1 55
1127 17 1 56
1128 17 1 57
1129 17 1 58
1130 17 1 59
1131 17 1 60
1132 17 1 61
1133 17 1 62
1134 17 1 63
1135 17 1 64
1136 17 1 65
1137 17 1 66
1138 17 1 67
1139 17 1 68
1140 17 1 69
1141 17 1 70
1142 17 1 71
1143 17 1 72
1144 17 1 73
1145 17 1 74
1146 17 1 75
1147 17 1 76
1148 17 1 77
1149 17 1 78
1150 17 1 79
1151 17 1 80
1152 17 1 81
1153 17 1 82
1154 17 1 83
1155 17 1 84
1156 17 1 85
1157 17 1 86
1158 17 1 87
1159 17 1 88
1160 17 1 89
1161 18 1 36
1162 18 1 37
1163 18 1 38
1164 18 1 39
1165 18 1 40
1166 18 1 41
1167 18 1 42
1168 18 1 43
1169 18 1 44
1170 18 1 45
1171 18 1 46
1172 18 1 47
1173 18 1 48
1174 18 1 49
1175 18 1 50
1176 18 1 51
1177 18 1 52
1178 18 1 53
1179 18 1 54
1180 18 1 55
1181 18 1 56
1182 18 1 57
1183 18 1 58
1184 18 1 59
1185 18 1 60
1186 18 1 61
1187 18 1 62
1188 18 1 63
1189 18 1 64
1190 18 1 65
1191 18 1 66
1192 18 1 67
1193 18 1 68
1194 18 1 69
1195 18 1 70
1196 18 1 71
1197 18 1 72
1198 18 1 73
1199 18 1 74
1200 18 1 75
1201 18 1 76
1202 18 1 77
1203 18 1 78
1204 18 1 79
1205 18 1 80
1206 18 1 81
1207 18 1 82
1208 18 1 83
1209 18 1 84
1210 18 1 85
1211 18 1 86
1212 18 1 87
1213 18 1 88
1214 18 1 89
1215 18 1 90
1216 19 1 38
1217 19 1 39
1218 19 1 40
1219 19 1 41
1220 19 1 42
1221 19 1 43
1222 19 1 44
1223 19 1 45
1224 19 1 46
1225 19 1 47
1226 19 1 48
1227 19 1 49
1228 19 1 50
1229 19 1 51
1230 19 1 52
1231 19 1 53
1232 19 1 54
1233 19 1 55
1234 19 1 56
1235 19 1 57
1236 19 1 58
1237 19 1 59
1238 19 1 60
1239 19 1 61
1240 19 1 62
1241 19 1 63
1242 19 1 64
1243 19 1 65
1244 19 1 66
1245 19 1 67
1246 19 1 68
1247 19 1 69
1248 19 1 70
1249 19 1 71
1250 19 1 72
1251 19 1 73
1252 19 1 74
1253 19 1 75
1254 19 1 76
1255 19 1 77
1256 19 1 78
1257 19 1 79
1258 19 1 80
1259 19 1 81
1260 19 1 82
1261 19 1 83
1262 19 1 84
1263 19 1 85
1264 19 1 86
1265 19 1 87
1266 19 1 88
1267 19 1 89
1268 19 1 90
1269 19 1 91
1270 20 1 40
1271 20 1 41
1272 20 1 42
1273 20 1 43
1274 20 1 44
1275 20 1 45
1276 20 1 46
1277 20 1 47
1278 20 1 48
1279 20 1 49
1280 20 1 50
1281 20 1 51
1282 20 1 52
1283 20 1 53
1284 20 1 54
1285 20 1 55
1286 20 1 56
1287 20 1 57
1288 20 1 58
1289 20 1 59
1290 20 1 60
1291 20 1 61
1292 20 1 62
1293 20 1 63
1294 20 1 64
1295 20 1 65
1296 20 1 66
1297 20 1 67
1298 20 1 68
1299 20 1 69
1300 20 1 70
1301 20 1 71
1302 20 1 72
1303 20 1 73
1304 20 1 74
1305 20 1 75
1306 20 1 76
1307 20 1 77
1308 20 1 78
1309 20 1 79
1310 20 1 80
1311 20 1 81
1312 20 1 82
1313 20 1 83
1314 20 1 84
1315 20 1 85
1316 20 1 86
1317 20 1 87
1318 20 1 88
1319 20 1 89
1320 20 1 90
1321 20 1 91
1322 20 1 92
1323 21 1 42
1324 21 1 43
1325 21 1 44
1326 21 1 45
1327 21 1 46
1328 21 1 47
1329 21 1 48
1330 21 1 49
1331 21 1 50
1332 21 1 51
1333 21 1 52
1334 21 1 53
1335 21 1 54
1336 21 1 55
1337 21 1 56
1338 21 1 57
1339 21 1 58
1340 21 1 59
1341 21 1 60
1342 21 1 61
1343 21 1 62
1344 21 1 63
1345 21 1 64
1346 21 1 65
1347 21 1 66
1348 21 1 67
1349 21 1 68
1350 21 1 69
1351 21 1 70
1352 21 1 71
1353 21 1 72
1354 21 1 73
1355 21 1 74
1356 21 1 75
1357 21 1 76
1358 21 1 77
1359 21 1 78
1360 21 1 79
1361 21 1 80
1362 21 1 81
1363 21 1 82
1364 21 1 83
1365 21 1 84
1366 21 1 85
1367 21 1 86
1368 21 1 87
1369 21 1 88
1370 21 1 89
1371 21 1 90
1372 21 1 91
1373 21 1 92
1374 21 1 93
1375 22 1 44
1376 22 1 45
1377 22 1 46
1378 22 1 47
1379 22 1 48
1380 22 1 49
1381 22 1 50
1382 22 1 51
1383 22 1 52
1384 22 1 53
1385 22 1 54
1386 22 1 55
1387 22 1 56
1388 22 1 57
1389 22 1 58
1390 22 1 59
1391 22 1 60
1392 22 1 61
1393 22 1 62
1394 22 1 63
1395 22 1 64
1396 22 1 65
1397 22 1 66
1398 22 1 67
1399 22 1 68
1400 22 1 69
1401 22 1 70
1402 22 1 71
1403 22 1 72
1404 22 1 73
1405 22 1 74
1406 22 1 75
1407 22 1 76
1408 22 1 77
1409 22 1 78
1410 22 1 79
1411 22 1 80
1412 22 1 81
1413 22 1 82
1414 22 1 83
1415 22 1 84
1416 22 1 85
1417 22 1 86
1418 22 1 87
1419 22 1 88
1420 22 1 89
1421 22 1 90
1422 22 1 91
1423 22 1 92
1424 22 1 93
1425 22 1 94
1426 23 1 46
1427 23 1 47
1428 23 1 48
1429 23 1 49
1430 23 1 50
1431 23 1 51
1432 23 1 52
1433 23 1 53
1434 23 1 54
1435 23 1 55
1436 23 1 56
1437 23 1 57
1438 23 1 58
1439 23 1 59
1440 23 1 60
1441 23 1 61
1442 23 1 62
1443 23 1 63
1444 23 1 64
1445 23 1 65
1446 23 1 66
1447 23 1 67
1448 23 1 68
1449 23 1 69
1450 23 1 70
1451 23 1 71
1452 23 1 72
1453 23 1 73
1454 23 1 74
1455 23 1 75
1456 23 1 76
1457 23 1 77
1458 23 1 78
1459 23 1 79
1460 23 1 80
1461 23 1 81
1462 23 1 82
1463 23 1 83
1464 23 1 84
1465 23 1 85
1466 23 1 86
1467 23 1 87
1468 23 1 88
1469 23 1 89
1470 23 1 90
1471 23 1 91
1472 23 1 92
1473 23 1 93
1474 23 1 94
1475 23 1 95
1476 24 1 48
1477 24 1 49
1478 24 1 50
1479 24 1 51
1480 24 1 52
1481 24 1 53
1482 24 1 54
1483 24 1 55
1484 24 1 56
1485 24 1 57
1486 24 1 58
1487 24 1 59
1488 24 1 60
1489 24 1 61
1490 24 1 62
1491 24 1 63
1492 24 1 64
1493 24 1 65
1494 24 1 66
1495 24 1 67
1496 24 1 68
1497 24 1 69
1498 24 1 70
1499 24 1 71
1500 24 1 72
1501 24 1 73
1502 24 1 74
1503 24 1 75
1504 24 1 76
1505 24 1 77
1506 24 1 78
1507 24 1 79
1508 24 1 80
1509 24 1 81
1510 24 1 82
1511 24 1 83
1512 24 1 84
1513 24 1 85
1514 24 1 86
1515 24 1 87
1516 24 1 88
1517 24 1 89
1518 24 1 90
1519 24 1 91
1520 24 1 92
1521 24 1 93
1522 24 1 94
1523 24 1 95
1524 24 1 96
1525 25 1 50
1526 25 1 51
1527 25 1 52
1528 25 1 53
1529 25 1 54
1530 25 1 55
1531 25 1 56
1532 25 1 57
1533 25 1 58
1534 25 1 59
1535 25 1 60
1536 25 1 61
1537 25 1 62
1538 25 1 63
1539 25 1 64
1540 25 1 65
1541 25 1 66
1542 25 1 67
1543 25 1 68
1544 25 1 69
1545 25 1 70
1546 25 1 71
1547 25 1 72
1548 25 1 73
1549 25 1 74
1550 25 1 75
1551 25 1 76
1552 25 1 77
1553 25 1 78
1554 25 1 79
1555 25 1 80
1556 25 1 81
1557 25 1 82
1558 25 1 83
1559 25 1 84
1560 25 1 85
1561 25 1 86
1562 25 1 87
1563 25 1 88
1564 25 1 89
1565 25 1 90
1566 25 1 91
1567 25 1 92
1568 25 1 93
1569 25 1 94
1570 25 1 95
1571 25 1 96
1572 25 1 97
1573 26 1 52
1574 26 1 53
1575 26 1 54
1576 26 1 55
1577 26 1 56
1578 26 1 57
1579 26 1 58
1580 26 1 59
1581 26 1 60
1582 26 1 61
1583 26 1 62
1584 26 1 63
1585 26 1 64
1586 26 1 65
1587 26 1 66
1588 26 1 67
1589 26 1 68
1590 26 1 69
1591 26 1 70
1592 26 1 71
1593 26 1 72
1594 26 1 73
1595 26 1 74
1596 26 1 75
1597 26 1 76
1598 26 1 77
1599 26 1 78
1600 26 1 79
1601 26 1 80
1602 26 1 81
1603 26 1 82
1604 26 1 83
1605 26 1 84
1606 26 1 85
1607 26 1 86
1608 26 1 87
1609 26 1 88
1610 26 1 89
1611 26 1 90
1612 26 1 91
1613 26 1 92
1614 26 1 93
1615 26 1 94
1616 26 1 95
1617 26 1 96
1618 26 1 97
1619 26 1 98
1620 27 1 54
1621 27 1 55
1622 27 1 56
1623 27 1 57
1624 27 1 58
1625 27 1 59
1626 27 1 60
1627 27 1 61
1628 27 1 62
1629 27 1 63
1630 27 1 64
1631 27 1 65
1632 27 1 66
1633 27 1 67
1634 27 1 68
1635 27 1 69
1636 27 1 70
1637 27 1 71
1638 27 1 72
1639 27 1 73
1640 27 1 74
1641 27 1 75
1642 27 1 76
1643 27 1 77
1644 27 1 78
1645 27 1 79
1646 27 1 80
1647 27 1 81
1648 27 1 82
1649 27 1 83
1650 27 1 84
1651 27 1 85
1652 27 1 86
1653 27 1 87
1654 27 1 88
1655 27 1 89
1656 27 1 90
1657 27 1 91
1658 27 1 92
1659 27 1 93
1660 27 1 94
1661 27 1 95
1662 27 1 96
1663 27 1 97
1664 27 1 98
1665 27 1 99
1666 28 1 56
1667 28 1 57
1668 28 1 58
1669 28 1 59
1670 28 1 60
1671 28 1 61
1672 28 1 62
1673 28 1 63
1674 28 1 64
1675 28 1 65
1676 28 1 66
1677 28 1 67
1678 28 1 68
1679 28 1 69
1680 28 1 70
1681 28 1 71
1682 28 1 72
1683 28 1 73
1684 28 1 74
1685 28 1 75
1686 28 1 76
1687 28 1 77
1688 28 1 78
1689 28 1 79
1690 28 1 80
1691 28 1 81
1692 28 1 82
1693 28 1 83
1694 28 1 84
1695 28 1 85
1696 28 1 86
1697 28 1 87
1698 28 1 88
1699 28 1 89
1700 28 1 90
1701 28 1 91
1702 28 1 92
1703 28 1 93
1704 28 1 94
1705 28 1 95
1706 28 1 96
1707 28 1 97
1708 28 1 98
1709 28 1 99
1710 28 1 100
1711 29 1 58
1712 29 1 59
1713 29 1 60
1714 29 1 61
1715 29 1 62
1716 29 1 63
1717 29 1 64
1718 29 1 65
1719 29 1 66
1720 29 1 67
1721 29 1 68
1722 29 1 69
1723 29 1 70
1724 29 1 71
1725 29 1 72
1726 29 1 73
1727 29 1 74
1728 29 1 75
1729 29 1 76
1730 29 1 77
1731 29 1 78
1732 29 1 79
1733 29 1 80
1734 29 1 81
1735 29 1 82
1736 29 1 83
1737 29 1 84
1738 29 1 85
1739 29 1 86
1740 29 1 87
1741 29 1 88
1742 29 1 89
1743 29 1 90
1744 29 1 91
1745 29 1 92
1746 29 1 93
1747 29 1 94
1748 29 1 95
1749 29 1 96
1750 29 1 97
1751 29 1 98
1752 29 1 99
1753 29 1 100
1754 29 1 101
1755 30 1 60
1756 30 1 61
1757 30 1 62
1758 30 1 63
1759 30 1 64
1760 30 1 65
1761 30 1 66
1762 30 1 67
1763 30 1 68
1764 30 1 69
1765 30 1 70
1766 30 1 71
1767 30 1 72
1768 30 1 73
1769 30 1 74
1770 30 1 75
1771 30 1 76
1772 30 1 77
1773 30 1 78
1774 30 1 79
1775 30 1 80
1776 30 1 81
1777 30 1 82
1778 30 1 83
1779 30 1 84
1780 30 1 85
1781 30 1 86
1782 30 1 87
1783 30 1 88
1784 30 1 89
1785 30 1 90
1786 30 1 91
1787 30 1 92
1788 30 1 93
1789 30 1 94
1790 30 1 95
1791 30 1 96
1792 30 1 97
1793 30 1 98
1794 30 1 99
1795 30 1 100
1796 30 1 101
1797 30 1 102
1798 31 1 62
1799 31 1 63
1800 31 1 64
1801 31 1 65
1802 31 1 66
1803 31 1 67
1804 31 1 68
1805 31 1 69
1806 31 1 70
1807 31 1 71
1808 31 1 72
1809 31 1 73
1810 31 1 74
1811 31 1 75
1812 31 1 76
1813 31 1 77
1814 31 1 78
1815 31 1 79
1816 31 1 80
1817 31 1 81
1818 31 1 82
1819 31 1 83
1820 31 1 84
1821 31 1 85
1822 31 1 86
1823 31 1 87
1824 31 1 88
1825 31 1 89
1826 31 1 90
1827 31 1 91
1828 31 1 92
1829 31 1 93
1830 31 1 94
1831 31 1 95
1832 31 1 96
1833 31 1 97
1834 31 1 98
1835 31 1 99
1836 31 1 100
1837 31 1 101
1838 31 1 102
1839 31 1 103
1840 32 1 64
1841 32 1 65
1842 32 1 66
1843 32 1 67
1844 32 1 68
1845 32 1 69
1846 32 1 70
1847 32 1 71
1848 32 1 72
1849 32 1 73
1850 32 1 74
1851 32 1 75
1852 32 1 76
1853 32 1 77
1854 32 1 78
1855 32 1 79
1856 32 1 80
1857 32 1 81
1858 32 1 82
1859 32 1 83
1860 32 1 84
1861 32 1 85
1862 32 1 86
1863 32 1 87
1864 32 1 88
1865 32 1 89
1866 32 1 90
1867 32 1 91
1868 32 1 92
1869 32 1 93
1870 32 1 94
1871 32 1 95
1872 32 1 96
1873 32 1 97
1874 32 1 98
1875 32 1 99
1876 32 1 100
1877 32 1 101
1878 32 1 102
1879 32 1 103
1880 32 1 104
1881 33 1 66
1882 33 1 67
1883 33 1 68
1884 33 1 69
1885 33 1 70
1886 33 1 71
1887 33 1 72
1888 33 1 73
1889 33 1 74
1890 33 1 75
1891 33 1 76
1892 33 1 77
1893 33 1 78
1894 33 1 79
1895 33 1 80
1896 33 1 81
1897 33 1 82
1898 33 1 83
1899 33 1 84
1900 33 1 85
1901 33 1 86
1902 33 1 87
1903 33 1 88
1904 33 1 89
1905 33 1 90
1906 33 1 91
1907 33 1 92
1908 33 1 93
1909 33 1 94
1910 33 1 95
1911 33 1 96
1912 33 1 97
1913 33 1 98
1914 33 1 99
1915 33 1 100
1916 33 1 101
1917 33 1 102
1918 33 1 103
1919 33 1 104
1920 33 1 105
1921 34 1 68
1922 34 1 69
1923 34 1 70
1924 34 1 71
1925 34 1 72
1926 34 1 73
1927 34 1 74
1928 34 1 75
1929 34 1 76
1930 34 1 77
1931 34 1 78
1932 34 1 79
1933 34 1 80
1934 34 1 81
1935 34 1 82
1936 34 1 83
1937 34 1 84
1938 34 1 85
1939 34 1 86
1940 34 1 87
1941 34 1 88
1942 34 1 89
1943 34 1 90
1944 34 1 91
1945 34 1 92
1946 34 1 93
1947 34 1 94
1948 34 1 95
1949 34 1 96
1950 34 1 97
1951 34 1 98
1952 34 1 99
1953 34 1 100
1954 34 1 101
1955 34 1 102
1956 34 1 103
1957 34 1 104
1958 34 1 105
1959 34 1 106
1960 35 1 70
1961 35 1 71
1962 35 1 72
1963 35 1 73
1964 35 1 74
1965 35 1 75
1966 35 1 76
1967 35 1 77
1968 35 1 78
1969 35 1 79
1970 35 1 80
1971 35 1 81
1972 35 1 82
1973 35 1 83
1974 35 1 84
1975 35 1 85
1976 35 1 86
1977 35 1 87
1978 35 1 88
1979 35 1 89
1980 35 1 90
1981 35 1 91
1982 35 1 92
1983 35 1 93
1984 35 1 94
1985 35 1 95
1986 35 1 96
1987 35 1 97
1988 35 1 98
1989 35 1 99
1990 35 1 100
1991 35 1 101
1992 35 1 102
1993 35 1 103
1994 35 1 104
1995 35 1 105
1996 35 1 106
1997 35 1 107
1998 36 1 72
1999 36 1 73
2000 36 1 74
2001 36 1 75
2002 36 1 76
2003 36 1 77
2004 36 1 78
2005 36 1 79
2006 36 1 80
2007 36 1 81
2008 36 1 82
2009 36 1 83
2010 36 1 84
2011 36 1 85
2012 36 1 86
2013 36 1 87
2014 36 1 88
2015 36 1 89
2016 36 1 90
2017 36 1 91
2018 36 1 92
2019 36 1 93
2020 36 1 94
2021 36 1 95
2022 36 1 96
2023 36 1 97
2024 36 1 98
2025 36 1 99
2026 36 1 100
2027 36 1 101
2028 36 1 102
2029 36 1 103
2030 36 1 104
2031 36 1 105
2032 36 1 106
2033 36 1 107
2034 36 1 108
2035 37 1 74
2036 37 1 75
2037 37 1 76
2038 37 1 77
2039 37 1 78
2040 37 1 79
2041 37 1 80
2042 37 1 81
2043 37 1 82
2044 37 1 83
2045 37 1 84
2046 37 1 85
2047 37 1 86
2048 37 1 87
2049 37 1 88
2050 37 1 89
2051 37 1 90
2052 37 1 91
2053 37 1 92
2054 37 1 93
2055 37 1 94
2056 37 1 95
2057 37 1 96
2058 37 1 97
2059 37 1 98
2060 37 1 99
2061 37 1 100
2062 37 1 101
2063 37 1 102
2064 37 1 103
2065 37 1 104
2066 37 1 105
2067 37 1 106
2068 37 1 107
2069 37 1 108
2070 37 1 109
2071 38 1 76
2072 38 1 77
2073 38 1 78
2074 38 1 79
2075 38 1 80
2076 38 1 81
2077 38 1 82
2078 38 1 83
2079 38 1 84
2080 38 1 85
2081 38 1 86
2082 38 1 87
2083 38 1 88
2084 38 1 89
2085 38 1 90
2086 38 1 91
2087 38 1 92
2088 38 1 93
2089 38 1 94
2090 38 1 95
2091 38 1 96
2092 38 1 97
2093 38 1 98
2094 38 1 99
2095 38 1 100
2096 38 1 101
2097 38 1 102
2098 38 1 103
2099 38 1 104
2100 38 1 105
2101 38 1 106
2102 38 1 107
2103 38 1 108
2104 38 1 109
2105 38 1 110
2106 39 1 78
2107 39 1 79
2108 39 1 80
2109 39 1 81
2110 39 1 82
2111 39 1 83
2112 39 1 84
2113 39 1 85
2114 39 1 86
2115 39 1 87
2116 39 1 88
2117 39 1 89
2118 39 1 90
2119 39 1 91
2120 39 1 92
2121 39 1 93
2122 39 1 94
2123 39 1 95
2124 39 1 96
2125 39 1 97
2126 39 1 98
2127 39 1 99
2128 39 1 100
2129 39 1 101
2130 39 1 102
2131 39 1 103
2132 39 1 104
2133 39 1 105
2134 39 1 106
2135 39 1 107
2136 39 1 108
2137 39 1 109
2138 39 1 110
2139 39 1 111
2140 40 1 80
2141 40 1 81
2142 40 1 82
2143 40 1 83
2144 40 1 84
2145 40 1 85
2146 40 1 86
2147 40 1 87
2148 40 1 88
2149 40 1 89
2150 40 1 90
2151 40 1 91
2152 40 1 92
2153 40 1 93
2154 40 1 94
2155 40 1 95
2156 40 1 96
2157 40 1 97
2158 40 1 98
2159 40 1 99
2160 40 1 100
2161 40 1 101
2162 40 1 102
2163 40 1 103
2164 40 1 104
2165 40 1 105
2166 40 1 106
2167 40 1 107
2168 40 1 108
2169 40 1 109
2170 40 1 110
2171 40 1 111
2172 40 1 112
2173 41 1 82
2174 41 1 83
2175 41 1 84
2176 41 1 85
2177 41 1 86
2178 41 1 87
2179 41 1 88
2180 41 1 89
2181 41 1 90
2182 41 1 91
2183 41 1 92
2184 41 1 93
2185 41 1 94
2186 41 1 95
2187 41 1 96
2188 41 1 97
2189 41 1 98
2190 41 1 99
2191 41 1 100
2192 41 1 101
2193 41 1 102
2194 41 1 103
2195 41 1 104
2196 41 1 105
2197 41 1 106
2198 41 1 107
2199 41 1 108
2200 41 1 109
2201 41 1 110
2202 41 1 111
2203 41 1 112
2204 41 1 113
2205 42 1 84
2206 42 1 85
2207 42 1 86
2208 42 1 87
2209 42 1 88
2210 42 1 89
2211 42 1 90
2212 42 1 91
2213 42 1 92
2214 42 1 93
2215 42 1 94
2216 42 1 95
2217 42 1 96
2218 42 1 97
2219 42 1 98
2220 42 1 99
2221 42 1 100
2222 42 1 101
2223 42 1 102
2224 42 1 103
2225 42 1 104
2226 42 1 105
2227 42 1 106
2228 42 1 107
2229 42 1 108
2230 42 1 109
2231 42 1 110
2232 42 1 111
2233 42 1 112
2234 42 1 113
2235 42 1 114
2236 43 1 86
2237 43 1 87
2238 43 1 88
2239 43 1 89
2240 43 1 90
2241 43 1 91
2242 43 1 92
2243 43 1 93
2244 43 1 94
2245 43 1 95
2246 43 1 96
2247 43 1 97
2248 43 1 98
2249 43 1 99
2250 43 1 100
2251 43 1 101
2252 43 1 102
2253 43 1 103
2254 43 1 104
2255 43 1 105
2256 43 1 106
2257 43 1 107
2258 43 1 108
2259 43 1 109
2260 43 1 110
2261 43 1 111
2262 43 1 112
2263 43 1 113
2264 43 1 114
2265 43 1 115
2266 44 1 88
2267 44 1 89
2268 44 1 90
2269 44 1 91
2270 44 1 92
2271 44 1 93
2272 44 1 94
2273 44 1 95
2274 44 1 96
2275 44 1 97
2276 44 1 98
2277 44 1 99
2278 44 1 100
2279 44 1 101
2280 44 1 102
2281 44 1 103
2282 44 1 104
2283 44 1 105
2284 44 1 106
2285 44 1 107
2286 44 1 108
2287 44 1 109
2288 44 1 110
2289 44 1 111
2290 44 1 112
2291 44 1 113
2292 44 1 114
2293 44 1 115
2294 44 1 116
2295 45 1 90
2296 45 1 91
2297 45 1 92
2298 45 1 93
2299 45 1 94
2300 45 1 95
2301 45 1 96
2302 45 1 97
2303 45 1 98
2304 45 1 99
2305 45 1 100
2306 45 1 101
2307 45 1 102
2308 45 1 103
2309 45 1 104
2310 45 1 105
2311 45 1 106
2312 45 1 107
2313 45 1 108
2314 45 1 109
2315 45 1 110
2316 45 1 111
2317 45 1 112
2318 45 1 113
2319 45 1 114
2320 45 1 115
2321 45 1 116
2322 45 1 117
2323 46 1 92
2324 46 1 93
2325 46 1 94
2326 46 1 95
2327 46 1 96
2328 46 1 97
2329 46 1 98
2330 46 1 99
2331 46 1 100
2332 46 1 101
2333 46 1 102
2334 46 1 103
2335 46 1 104
2336 46 1 105
2337 46 1 106
2338 46 1 107
2339 46 1 108
2340 46 1 109
2341 46 1 110
2342 46 1 111
2343 46 1 112
2344 46 1 113
2345 46 1 114
2346 46 1 115
2347 46 1 116
2348 46 1 117
2349 46 1 118
2350 47 1 94
2351 47 1 95
2352 47 1 96
2353 47 1 97
2354 47 1 98
2355 47 1 99
2356 47 1 100
2357 47 1 101
2358 47 1 102
2359 47 1 103
2360 47 1 104
2361 47 1 105
2362 47 1 106
2363 47 1 107
2364 47 1 108
2365 47 1 109
2366 47 1 110
2367 47 1 111
2368 47 1 112
2369 47 1 113
2370 47 1 114
2371 47 1 115
2372 47 1 116
2373 47 1 117
2374 47 1 118
2375 47 1 119
2376 48 1 96
2377 48 1 97
2378 48 1 98
2379 48 1 99
2380 48 1 100
2381 48 1 101
2382 48 1 102
2383 48 1 103
2384 48 1 104
2385 48 1 105
2386 48 1 106
2387 48 1 107
2388 48 1 108
2389 48 1 109
2390 48 1 110
2391 48 1 111
2392 48 1 112
2393 48 1 113
2394 48 1 114
2395 48 1 115
2396 48 1 116
2397 48 1 117
2398 48 1 118
2399 48 1 119
2400 48 1 120
2401 49 1 98
2402 49 1 99
2403 49 1 100
2404 49 1 101
2405 49 1 102
2406 49 1 103
2407 49 1 104
2408 49 1 105
2409 49 1 106
2410 49 1 107
2411 49 1 108
2412 49 1 109
2413 49 1 110
2414 49 1 111
2415 49 1 112
2416 49 1 113
2417 49 1 114
2418 49 1 115
2419 49 1 116
2420 49 1 117
2421 49 1 118
2422 49 1 119
2423 49 1 120
2424 49 1 121
2425 50 1 100
2426 50 1 101
2427 50 1 102
2428 50 1 103
2429 50 1 104
2430 50 1 105
2431 50 1 106
2432 50 1 107
2433 50 1 108
2434 50 1 109
2435 50 1 110
2436 50 1 111
2437 50 1 112
2438 50 1 113
2439 50 1 114
2440 50 1 115
2441 50 1 116
2442 50 1 117
2443 50 1 118
2444 50 1 119
2445 50 1 120
2446 50 1 121
2447 50 1 122
2448 51 1 102
2449 51 1 103
2450 51 1 104
2451 51 1 105
2452 51 1 106
2453 51 1 107
2454 51 1 108
2455 51 1 109
2456 51 1 110
2457 51 1 111
2458 51 1 112
2459 51 1 113
2460 51 1 114
2461 51 1 115
2462 51 1 116
2463 51 1 117
2464 51 1 118
2465 51 1 119
2466 51 1 120
2467 51 1 121
2468 51 1 122
2469 51 1 123
2470 52 1 104
2471 52 1 105
2472 52 1 106
2473 52 1 107
2474 52 1 108
2475 52 1 109
2476 52 1 110
2477 52 1 111
2478 52 1 112
2479 52 1 113
2480 52 1 114
2481 52 1 115
2482 52 1 116
2483 52 1 117
2484 52 1 118
2485 52 1 119
2486 52 1 120
2487 52 1 121
2488 52 1 122
2489 52 1 123
2490 52 1 124
2491 53 1 106
2492 53 1 107
2493 53 1 108
2494 53 1 109
2495 53 1 110
2496 53 1 111
2497 53 1 112
2498 53 1 113
2499 53 1 114
2500 53 1 115
2501 53 1 116
2502 53 1 117
2503 53 1 118
2504 53 1 119
2505 53 1 120
2506 53 1 121
2507 53 1 122
2508 53 1 123
2509 53 1 124
2510 53 1 125
2511 54 1 108
2512 54 1 109
2513 54 1 110
2514 54 1 111
2515 54 1 112
2516 54 1 113
2517 54 1 114
2518 54 1 115
2519 54 1 116
2520 54 1 117
2521 54 1 118
2522 54 1 119
2523 54 1 120
2524 54 1 121
2525 54 1 122
2526 54 1 123
2527 54 1 124
2528 54 1 125
2529 54 1 126
2530 55 1 110
2531 55 1 111
2532 55 1 112
2533 55 1 113
2534 55 1 114
2535 55 1 115
2536 55 1 116
2537 55 1 117
2538 55 1 118
2539 55 1 119
2540 55 1 120
2541 55 1 121
2542 55 1 122
2543 55 1 123
2544 55 1 124
2545 55 1 125
2546 55 1 126
2547 55 1 127
2548 56 1 112
2549 56 1 113
2550 56 1 114
2551 56 1 115
2552 56 1 116
2553 56 1 117
2554 56 1 118
2555 56 1 119
2556 56 1 120
2557 56 1 121
2558 56 1 122
2559 56 1 123
2560 56 1 124
2561 56 1 125
2562 56 1 126
2563 56 1 127
2564 56 1 128
2565 57 1 114
2566 57 1 115
2567 57 1 116
2568 57 1 117
2569 57 1 118
2570 57 1 119
2571 57 1 120
2572 57 1 121
2573 57 1 122
2574 57 1 123
2575 57 1 124
2576 57 1 125
2577 57 1 126
2578 57 1 127
2579 57 1 128
2580 57 1 129
2581 58 1 116
2582 58 1 117
2583 58 1 118
2584 58 1 119
2585 58 1 120
2586 58 1 121
2587 58 1 122
2588 58 1 123
2589 58 1 124
2590 58 1 125
2591 58 1 126
2592 58 1 127
2593 58 1 128
2594 58 1 129
2595 58 1 130
2596 59 1 118
2597 59 1 119
2598 59 1 120
2599 59 1 121
2600 59 1 122
2601 59 1 123
2602 59 1 124
2603 59 1 125
2604 59 1 126
2605 59 1 127
2606 59 1 128
2607 59 1 129
2608 59 1 130
2609 59 1 131
2610 60 1 120
2611 60 1 121
2612 60 1 122
2613 60 1 123
2614 60 1 124
2615 60 1 125
2616 60 1 126
2617 60 1 127
2618 60 1 128
2619 60 1 129
2620 60 1 130
2621 60 1 131
2622 60 1 132
2623 61 1 122
2624 61 1 123
2625 61 1 124
2626 61 1 125
2627 61 1 126
2628 61 1 127
2629 61 1 128
2630 61 1 129
2631 61 1 130
2632 61 1 131
2633 61 1 132
2634 61 1 133
2635 62 1 124
2636 62 1 125
2637 62 1 126
2638 62 1 127
2639 62 1 128
2640 62 1 129
2641 62 1 130
2642 62 1 131
2643 62 1 132
2644 62 1 133
2645 62 1 134
2646 63 1 126
2647 63 1 127
2648 63 1 128
2649 63 1 129
2650 63 1 130
2651 63 1 131
2652 63 1 132
2653 63 1 133
2654 63 1 134
2655 63 1 135
2656 64 1 128
2657 64 1 129
2658 64 1 130
2659 64 1 131
2660 64 1 132
2661 64 1 133
2662 64 1 134
2663 64 1 135
2664 64 1 136
2665 65 1 130
2666 65 1 131
2667 65 1 132
2668 65 1 133
2669 65 1 134
2670 65 1 135
2671 65 1 136
2672 65 1 137
2673 66 1 132
2674 66 1 133
2675 66 1 134
2676 66 1 135
2677 66 1 136
2678 66 1 137
2679 66 1 138
2680 67 1 134
2681 67 1 135
2682 67 1 136
2683 67 1 137
2684 67 1 138
2685 67 1 139
2686 68 1 136
2687 68 1 137
2688 68 1 138
2689 68 1 139
2690 68 1 140
2691 69 1 138
2692 69 1 139
2693 69 1 140
2694 69 1 141
2695 70 1 140
2696 70 1 141
2697 70 1 142
2698 71 1 142
2699 71 1 143
2700 72 1 144
2701 73 255 146
2702 72 256 145
2703 71 128 144
2704 70 64 143
2705 69 32 142
2706 68 16 141
2707 67 8 140
2708 66 4 139
2709 65 2 138
2710 64 1 137
2711 63 129 136
2712 62 193 135
2713 61 225 134
2714 60 241 133
2715 59 249 132
2716 58 253 131
2717 57 255 130
2718 56 256 129
2719 55 128 128
2720 54 64 127
2721 53 32 126
2722 52 16 125
2723 51 8 124
2724 50 4 123
2725 49 2 122
2726 48 1 121
2727 47 129 120
2728 46 193 119
2729 45 225 118
2730 44 241 117
2731 43 249 116
2732 42 253 115
2733 41 255 114
2734 40 256 113
2735 39 128 112
2736 38 64 111
2737 37 32 110
2738 36 16 109
2739 35 8 108
2740 34 4 107
2741 33 2 106
2742 32 1 105
2743 31 129 104
2744 30 193 103
2745 29 225 102
2746 28 241 101
2747 27 249 100
2748 26 253 99
2749 25 255 98
2750 24 256 97
2751 23 128 96
2752 22 64 95
2753 21 32 94
2754 20 16 93
2755 19 8 92
2756 18 4 91
2757 17 2 90
2758 16 1 89
2759 15 129 88
2760 14 193 87
2761 13 225 86
2762 12 241 85
2763 11 249 84
2764 10 253 83
2765 9 255 82
2766 8 256 81
2767 7 128 80
2768 6 64 79
2769 5 32 78
2770 4 16 77
2771 74 255 148
2772 73 256 147
2773 72 128 146
2774 71 64 145
2775 70 32 144
2776 69 16 143
2777 68 8 142
2778 67 4 141
2779 66 2 140
2780 65 1 139
2781 64 129 138
2782 63 193 137
2783 62 225 136
2784 61 241 135
2785 60 249 134
2786 59 253 133
2787 58 255 132
2788 57 256 131
2789 56 128 130
2790 55 64 129
2791 54 32 128
2792 53 16 127
2793 52 8 126
2794 51 4 125
2795 50 2 124
2796 49 1 123
2797 48 129 122
2798 47 193 121
2799 46 225 120
2800 45 241 119
2801 44 249 118
2802 43 253 117
2803 42 255 116
2804 41 256 115
2805 40 128 114
2806 39 64 113
2807 38 32 112
2808 37 16 111
2809 36 8 110
2810 35 4 109
2811 34 2 108
2812 33 1 107
2813 32 129 106
2814 31 193 105
2815 30 225 104
2816 29 241 103
2817 28 249 102
2818 27 253 101
2819 26 255 100
2820 25 256 99
2821 24 128 98
2822 23 64 97
2823 22 32 96
2824 21 16 95
2825 20 8 94
2826 19 4 93
2827 18 2 92
2828 17 1 91
2829 16 129 90
2830 15 193 89
2831 14 225 88
2832 13 241 87
2833 12 249 86
2834 11 253 85
2835 10 255 84
2836 9 256 83
2837 8 128 82
2838 7 64 81
2839 6 32 80
2840 75 255 150
2841 74 256 149
2842 73 128 148
2843 72 64 147
2844 71 32 146
2845 70 16 145
2846 69 8 144
2847 68 4 143
2848 67 2 142
2849 66 1 141
2850 65 129 140
2851 64 193 139
2852 63 225 138
2853 62 241 137
2854 61 249 136
2855 60 253 135
2856 59 255 134
2857 58 256 133
2858 57 128 132
2859 56 64 131
2860 55 32 130
2861 54 16 129
2862 53 8 128
2863 52 4 127
2864 51 2 126
2865 50 1 125
2866 49 129 124
2867 48 193 123
2868 47 225 122
2869 46 241 121
2870 45 249 120
2871 44 253 119
2872 43 255 118
2873 42 256 117
2874 41 128 116
2875 40 64 115
2876 39 32 114
2877 38 16 113
2878 37 8 112
2879 36 4 111
2880 35 2 110
2881 34 1 109
2882 33 129 108
2883 32 193 107
2884 31 225 106
2885 30 241 105
2886 29 249 104
2887 28 253 103
2888 27 255 102
2889 26 256 101
2890 25 128 100
2891 24 64 99
2892 23 32 98
2893 22 16 97
2894 21 8 96
2895 20 4 95
2896 19 2 94
2897 18 1 93
2898 17 129 92
2899 16 193 91
2900 15 225 90
2901 14 241 89
2902 13 249 88
2903 12 253 87
2904 11 255 86
2905 10 256 85
2906 9 128 84
2907 8 64 83
2908 76 255 152
2909 75 256 151
2910 74 128 150
2911 73 64 149
2912 72 32 148
2913 71 16 147
2914 70 8 146
2915 69 4 145
2916 68 2 144
2917 67 1 143
2918 66 129 142
2919 65 193 141
2920 64 225 140
2921 63 241 139
2922 62 249 138
2923 61 253 137
2924 60 255 136
2925 59 256 135
2926 58 128 134
2927 57 64 133
2928 56 32 132
2929 55 16 131
2930 54 8 130
2931 53 4 129
2932 52 2 128
2933 51 1 127
2934 50 129 126
2935 49 193 125
2936 48 225 124
2937 47 241 123
2938 46 249 122
2939 45 253 121
2940 44 255 120
2941 43 256 119
2942 42 128 118
2943 41 64 117
2944 40 32 116
2945 39 16 115
2946 38 8 114
2947 37 4 113
2948 36 2 112
2949 35 1 111
2950 34 129 110
2951 33 193 109
2952 32 225 108
2953 31 241 107
2954 30 249 106
2955 29 253 105
2956 28 255 104
2957 27 256 103
2958 26 128 102
2959 25 64 101
2960 24 32 100
2961 23 16 99
2962 22 8 98
2963 21 4 97
2964 20 2 96
2965 19 1 95
2966 18 129 94
2967 17 193 93
2968 16 225 92
2969 15 241 91
2970 14 249 90
2971 13 253 89
2972 12 255 88
2973 11 256 87
2974 10 128 86
2975 77 255 154
2976 76 256 153
2977 75 128 152
2978 74 64 151
2979 73 32 150
2980 72 16 149
2981 71 8 148
2982 70 4 147
2983 69 2 146
2984 68 1 145
2985 67 129 144
2986 66 193 143
2987 65 225 142
2988 64 241 141
2989 63 249 140
2990 62 253 139
2991 61 255 138
2992 60 256 137
2993 59 128 136
2994 58 64 135
2995 57 32 134
2996 56 16 133
2997 55 8 132
2998 54 4 131
2999 53 2 130
3000 52 1 129
3001 51 129 128
3002 50 193 127
3003 49 225 126
3004 48 241 125
3005 47 249 124
3006 46 253 123
3007 45 255 122
3008 44 256 121
3009 43 128 120
3010 42 64 119
3011 41 32 118
3012 40 16 117
3013 39 8 116
3014 38 4 115
3015 37 2 114
3016 36 1 113
3017 35 129 112
3018 34 193 111
3019 33 225 110
3020 32 241 109
3021 31 249 108
3022 30 253 107
3023 29 255 106
3024 28 256 105
3025 27 128 104
3026 26 64 103
3027 25 32 102
3028 24 16 101
3029 23 8 100
3030 22 4 99
3031 21 2 98
3032 20 1 97
3033 19 129 96
3034 18 193 95
3035 17 225 94
3036 16 241 93
3037 15 249 92
3038 14 253 91
3039 13 255 90
3040 12 256 89
3041 78 255 156
3042 77 256 155
3043 76 128 154
3044 75 64 153
3045 74 32 152
3046 73 16 151
3047 72 8 150
3048 71 4 149
3049 70 2 148
3050 69 1 147
3051 68 129 146
3052 67 193 145
3053 66 225 144
3054 65 241 143
3055 64 249 142
3056 63 253 141
3057 62 255 140
3058 61 256 139
3059 60 128 138
3060 59 64 137
3061 58 32 136
3062 57 16 135
3063 56 8 134
3064 55 4 133
3065 54 2 132
3066 53 1 131
3067 52 129 130
3068 51 193 129
3069 50 225 128
3070 49 241 127
3071 48 249 126
3072 47 253 125
3073 46 255 124
3074 45 256 123
3075 44 128 122
3076 43 64 121
3077 42 32 120
3078 41 16 119
3079 40 8 118
3080 39 4 117
3081 38 2 116
3082 37 1 115
3083 36 129 114
3084 35 193 113
3085 34 225 112
3086 33 241 111
3087 32 249 110
3088 31 253 109
3089 30 255 108
3090 29 256 107
3091 28 128 106
3092 27 64 105
3093 26 32 104
3094 25 16 103
3095 24 8 102
3096 23 4 101
3097 22 2 100
3098 21 1 99
3099 20 129 98
3100 19 193 97
3101 18 225 96
3102 17 241 95
3103 16 249 94
3104 15 253 93
3105 14 255 92
3106 79 255 158
3107 78 256 157
3108 77 128 156
3109 76 64 155
3110 75 32 154
3111 74 16 153
3112 73 8 152
3113 72 4 151
3114 71 2 150
3115 70 1 149
3116 69 129 148
3117 68 193 147
3118 67 225 146
3119 66 241 145
3120 65 249 144
3121 64 253 143
3122 63 255 142
3123 62 256 141
3124 61 128 140
3125 60 64 139
3126 59 32 138
3127 58 16 137
3128 57 8 136
3129 56 4 135
3130 55 2 134
3131 54 1 133
3132 53 129 132
3133 52 193 131
3134 51 225 130
3135 50 241 129
3136 49 249 128
3137 48 253 127
3138 47 255 126
3139 46 256 125
3140 45 128 124
3141 44 64 123
3142 43 32 122
3143 42 16 121
3144 41 8 120
3145 40 4 119
3146 39 2 118
3147 38 1 117
3148 37 129 116
3149 36 193 115
3150 35 225 114
3151 34 241 113
3152 33 249 112
3153 32 253 111
3154 31 255 110
3155 30 256 109
3156 29 128 108
3157 28 64 107
3158 27 32 106
3159 26 16 105
3160 25 8 104
3161 24 4 103
3162 23 2 102
3163 22 1 101
3164 21 129 100
3165 20 193 99
3166 19 225 98
3167 18 241 97
3168 17 249 96
3169 16 253 95
3170 80 255 160
3171 79 256 159
3172 78 128 158
3173 77 64 157
3174 76 32 156
3175 75 16 155
3176 74 8 154
3177 73 4 153
3178 72 2 152
3179 71 1 151
3180 70 129 150
3181 69 193 149
3182 68 225 148
3183 67 241 147
3184 66 249 146
3185 65 253 145
3186 64 255 144
3187 63 256 143
3188 62 128 142
3189 61 64 141
3190 60 32 140
3191 59 16 139
3192 58 8 138
3193 57 4 137
3194 56 2 136
3195 55 1 135
3196 54 129 134
3197 53 193 133
3198 52 225 132
3199 51 241 131
3200 50 249 130
3201 49 253 129
3202 48 255 128
3203 47 256 127
3204 46 128 126
3205 45 64 125
3206 44 32 124
3207 43 16 123
3208 42 8 122
3209 41 4 121
3210 40 2 120
3211 39 1 119
3212 38 129 118
3213 37 193 117
3214 36 225 116
3215 35 241 115
3216 34 249 114
3217 33 253 113
3218 32 255 112
3219 31 256 111
3220 30 128 110
3221 29 64 109
3222 28 32 108
3223 27 16 107
3224 26 8 106
3225 25 4 105
3226 24 2 104
3227 23 1 103
3228 22 129 102
3229 21 193 101
3230 20 225 100
3231 19 241 99
3232 18 249 98
3233 81 255 162
3234 80 256 161
3235 79 128 160
3236 78 64 159
3237 77 32 158
3238 76 16 157
3239 75 8 156
3240 74 4 155
3241 73 2 154
3242 72 1 153
3243 71 129 152
3244 70 193 151
3245 69 225 150
3246 68 241 149
3247 67 249 148
3248 66 253 147
3249 65 255 146
3250 64 256 145
3251 63 128 144
3252 62 64 143
3253 61 32 142
3254 60 16 141
3255 59 8 140
3256 58 4 139
3257 57 2 138
3258 56 1 137
3259 55 129 136
3260 54 193 135
3261 53 225 134
3262 52 241 133
3263 51 249 132
3264 50 253 131
3265 49 255 130
3266 48 256 129
3267 47 128 128
3268 46 64 127
3269 45 32 126
3270 44 16 125
3271 43 8 124
3272 42 4 123
3273 41 2 122
3274 40 1 121
3275 39 129 120
3276 38 193 119
3277 37 225 118
3278 36 241 117
3279 35 249 116
3280 34 253 115
3281 33 255 114
3282 32 256 113
3283 31 128 112
3284 30 64 111
3285 29 32 110
3286 28 16 109
3287 27 8 108
3288 26 4 107
3289 25 2 106
3290 24 1 105
3291 23 129 104
3292 22 193 103
3293 21 225 102
3294 20 241 101
3295 82 255 164
3296 81 256 163
3297 80 128 162
3298 79 64 161
3299 78 32 160
3300 77 16 159
3301 76 8 158
3302 75 4 157
3303 74 2 156
3304 73 1 155
3305 72 129 154
3306 71 193 153
3307 70 225 152
3308 69 241 151
3309 68 249 150
3310 67 253 149
3311 66 255 148
3312 65 256 147
3313 64 128 146
3314 63 64 145
3315 62 32 144
3316 61 16 143
3317 60 8 142
3318 59 4 141
3319 58 2 140
3320 57 1 139
3321 56 129 138
3322 55 193 137
3323 54 225 136
3324 53 241 135
3325 52 249 134
3326 51 253 133
3327 50 255 132
3328 49 256 131
3329 48 128 130
3330 47 64 129
3331 46 32 128
3332 45 16 127
3333 44 8 126
3334 43 4 125
3335 42 2 124
3336 41 1 123
3337 40 129 122
3338 39 193 121
3339 38 225 120
3340 37 241 119
3341 36 249 118
3342 35 253 117
3343 34 255 116
3344 33 256 115
3345 32 128 114
3346 31 64 113
3347 30 32 112
3348 29 16 111
3349 28 8 110
3350 27 4 109
3351 26 2 108
3352 25 1 107
3353 24 129 106
3354 23 193 105
3355 22 225 104
3356 83 255 166
3357 82 256 165
3358 81 128 164
3359 80 64 163
3360 79 32 162
3361 78 16 161
3362 77 8 160
3363 76 4 159
3364 75 2 158
3365 74 1 157
3366 73 129 156
3367 72 193 155
3368 71 225 154
3369 70 241 153
3370 69 249 152
3371 68 253 151
3372 67 255 150
3373 66 256 149
3374 65 128 148
3375 64 64 147
3376 63 32 146
3377 62 16 145
3378 61 8 144
3379 60 4 143
3380 59 2 142
3381 58 1 141
3382 57 129 140
3383 56 193 139
3384 55 225 138
3385 54 241 137
3386 53 249 136
3387 52 253 135
3388 51 255 134
3389 50 256 133
3390 49 128 132
3391 48 64 131
3392 47 32 130
3393 46 16 129
3394 45 8 128
3395 44 4 127
3396 43 2 126
3397 42 1 125
3398 41 129 124
3399 40 193 123
3400 39 225 122
3401 38 241 121
3402 37 249 120
3403 36 253 119
3404 35 255 118
3405 34 256 117
3406 33 128 116
3407 32 64 115
3408 31 32 114
3409 30 16 113
3410 29 8 112
3411 28 4 111
3412 27 2 110
3413 26 1 109
3414 25 129 108
3415 24 193 107
3416 84 255 168
3417 83 256 167
3418 82 128 166
3419 81 64 165
3420 80 32 164
3421 79 16 163
3422 78 8 162
3423 77 4 161
3424 76 2 160
3425 75 1 159
3426 74 129 158
3427 73 193 157
3428 72 225 156
3429 71 241 155
3430 70 249 154
3431 69 253 153
3432 68 255 152
3433 67 256 151
3434 66 128 150
3435 65 64 149
3436 64 32 148
3437 63 16 147
3438 62 8 146
3439 61 4 145
3440 60 2 144
3441 59 1 143
3442 58 129 142
3443 57 193 141
3444 56 225 140
3445 55 241 139
3446 54 249 138
3447 53 253 137
3448 52 255 136
3449 51 256 135
3450 50 128 134
3451 49 64 133
3452 48 32 132
3453 47 16 131
3454 46 8 130
3455 45 4 129
3456 44 2 128
3457 43 1 127
3458 42 129 126
3459 41 193 125
3460 40 225 124
3461 39 241 123
3462 38 249 122
3463 37 253 121
3464 36 255 120
3465 35 256 119
3466 34 128 118
3467 33 64 117
3468 32 32 116
3469 31 16 115
3470 30 8 114
3471 29 4 113
3472 28 2 112
3473 27 1 111
3474 26 129 110
3475 85 255 170
3476 84 256 169
3477 83 128 168
3478 82 64 167
3479 81 32 166
3480 80 16 165
3481 79 8 164
3482 78 4 163
3483 77 2 162
3484 76 1 161
3485 75 129 160
3486 74 193 159
3487 73 225 158
3488 72 241 157
3489 71 249 156
3490 70 253 155
3491 69 255 154
3492 68 256 153
3493 67 128 152
3494 66 64 151
3495 65 32 150
3496 64 16 149
3497 63 8 148
3498 62 4 147
3499 61 2 146
3500 60 1 145
3501 59 129 144
3502 58 193 143
3503 57 225 142
3504 56 241 141
3505 55 249 140
3506 54 253 139
3507 53 255 138
3508 52 256 137
3509 51 128 136
3510 50 64 135
3511 49 32 134
3512 48 16 133
3513 47 8 132
3514 46 4 131
3515 45 2 130
3516 44 1 129
3517 43 129 128
3518 42 193 127
3519 41 225 126
3520 40 241 125
3521 39 249 124
3522 38 253 123
3523 37 255 122
3524 36 256 121
3525 35 128 120
3526 34 64 119
3527 33 32 118
3528 32 16 117
3529 31 8 116
3530 30 4 115
3531 29 2 114
3532 28 1 113
3533 86 255 172
3534 85 256 171
3535 84 128 170
3536 83 64 169
3537 82 32 168
3538 81 16 167
3539 80 8 166
3540 79 4 165
3541 78 2 164
3542 77 1 163
3543 76 129 162
3544 75 193 161
3545 74 225 160
3546 73 241 159
3547 72 249 158
3548 71 253 157
3549 70 255 156
3550 69 256 155
3551 68 128 154
3552 67 64 153
3553 66 32 152
3554 65 16 151
3555 64 8 150
3556 63 4 149
3557 62 2 148
3558 61 1 147
3559 60 129 146
3560 59 193 145
3561 58 225 144
3562 57 241 143
3563 56 249 142
3564 55 253 141
3565 54 255 140
3566 53 256 139
3567 52 128 138
3568 51 64 137
3569 50 32 136
3570 49 16 135
3571 48 8 134
3572 47 4 133
3573 46 2 132
3574 45 1 131
3575 44 129 130
3576 43 193 129
3577 42 225 128
3578 41 241 127
3579 40 249 126
3580 39 253 125
3581 38 255 124
3582 37 256 123
3583 36 128 122
3584 35 64 121
3585 34 32 120
3586 33 16 119
3587 32 8 118
3588 31 4 117
3589 30 2 116
3590 87 255 174
3591 86 256 173
3592 85 128 172
3593 84 64 171
3594 83 32 170
3595 82 16 169
3596 81 8 168
3597 80 4 167
3598 79 2 166
3599 78 1 165
3600 77 129 164
3601 76 193 163
3602 75 225 162
3603 74 241 161
3604 73 249 160
3605 72 253 159
3606 71 255 158
3607 70 256 157
3608 69 128 156
3609 68 64 155
3610 67 32 154
3611 66 16 153
3612 65 8 152
3613 64 4 151
3614 63 2 150
3615 62 1 149
3616 61 129 148
3617 60 193 147
3618 59 225 146
3619 58 241 145
3620 57 249 144
3621 56 253 143
3622 55 255 142
3623 54 256 141
3624 53 128 140
3625 52 64 139
3626 51 32 138
3627 50 16 137
3628 49 8 136
3629 48 4 135
3630 47 2 134
3631 46 1 133
3632 45 129 132
3633 44 193 131
3634 43 225 130
3635 42 241 129
3636 41 249 128
3637 40 253 127
3638 39 255 126
3639 38 256 125
3640 37 128 124
3641 36 64 123
3642 35 32 122
3643 34 16 121
3644 33 8 120
3645 32 4 119
3646 88 255 176
3647 87 256 175
3648 86 128 174
3649 85 64 173
3650 84 32 172
3651 83 16 171
3652 82 8 170
3653 81 4 169
3654 80 2 168
3655 79 1 167
3656 78 129 166
3657 77 193 165
3658 76 225 164
3659 75 241 163
3660 74 249 162
3661 73 253 161
3662 72 255 160
3663 71 256 159
3664 70 128 158
3665 69 64 157
3666 68 32 156
3667 67 16 155
3668 66 8 154
3669 65 4 153
3670 64 2 152
3671 63 1 151
3672 62 129 150
3673 61 193 149
3674 60 225 148
3675 59 241 147
3676 58 249 146
3677 57 253 145
3678 56 255 144
3679 55 256 143
3680 54 128 142
3681 53 64 141
3682 52 32 140
3683 51 16 139
3684 50 8 138
3685 49 4 137
3686 48 2 136
3687 47 1 135
3688 46 129 134
3689 45 193 133
3690 44 225 132
3691 43 241 131
3692 42 249 130
3693 41 253 129
3694 40 255 128
3695 39 256 127
3696 38 128 126
3697 37 64 125
3698 36 32 124
3699 35 16 123
3700 34 8 122
3701 89 255 178
3702 88 256 177
3703 87 128 176
3704 86 64 175
3705 85 32 174
3706 84 16 173
3707 83 8 172
3708 82 4 171
3709 81 2 170
3710 80 1 169
3711 79 129 168
3712 78 193 167
3713 77 225 166
3714 76 241 165
3715 75 249 164
3716 74 253 163
3717 73 255 162
3718 72 256 161
3719 71 128 160
3720 70 64 159
3721 69 32 158
3722 68 16 157
3723 67 8 156
3724 66 4 155
3725 65 2 154
3726 64 1 153
3727 63 129 152
3728 62 193 151
3729 61 225 150
3730 60 241 149
3731 59 249 148
3732 58 253 147
3733 57 255 146
3734 56 256 145
3735 55 128 144
3736 54 64 143
3737 53 32 142
3738 52 16 141
3739 51 8 140
3740 50 4 139
3741 49 2 138
3742 48 1 137
3743 47 129 136
3744 46 193 135
3745 45 225 134
3746 44 241 133
3747 43 249 132
3748 42 253 131
3749 41 255 130
3750 40 256 129
3751 39 128 128
3752 38 64 127
3753 37 32 126
3754 36 16 125
3755 90 255 180
3756 89 256 179
3757 88 128 178
3758 87 64 177
3759 86 32 176
3760 85 16 175
3761 84 8 174
3762 83 4 173
3763 82 2 172
3764 81 1 171
3765 80 129 170
3766 79 193 169
3767 78 225 168
3768 77 241 167
3769 76 249 166
3770 75 253 165
3771 74 255 164
3772 73 256 163
3773 72 128 162
3774 71 64 161
3775 70 32 160
3776 69 16 159
3777 68 8 158
3778 67 4 157
3779 66 2 156
3780 65 1 155
3781 64 129 154
3782 63 193 153
3783 62 225 152
3784 61 241 151
3785 60 249 150
3786 59 253 149
3787 58 255 148
3788 57 256 147
3789 56 128 146
3790 55 64 145
3791 54 32 144
3792 53 16 143
3793 52 8 142
3794 51 4 141
3795 50 2 140
3796 49 1 139
3797 48 129 138
3798 47 193 137
3799 46 225 136
3800 45 241 135
3801 44 249 134
3802 43 253 133
3803 42 255 132
3804 41 256 131
3805 40 128 130
3806 39 64 129
3807 38 32 128
3808 91 255 182
3809 90 256 181
3810 89 128 180
3811 88 64 179
3812 87 32 178
3813 86 16 177
3814 85 8 176
3815 84 4 175
3816 83 2 174
3817 82 1 173
3818 81 129 172
3819 80 193 171
3820 79 225 170
3821 78 241 169
3822 77 249 168
3823 76 253 167
3824 75 255 166
3825 74 256 165
3826 73 128 164
3827 72 64 163
3828 71 32 162
3829 70 16 161
3830 69 8 160
3831 68 4 159
3832 67 2 158
3833 66 1 157
3834 65 129 156
3835 64 193 155
3836 63 225 154
3837 62 241 153
3838 61 249 152
3839 60 253 151
3840 59 255 150
3841 58 256 149
3842 57 128 148
3843 56 64 147
3844 55 32 146
3845 54 16 145
3846 53 8 144
3847 52 4 143
3848 51 2 142
3849 50 1 141
3850 49 129 140
3851 48 193 139
3852 47 225 138
3853 46 241 137
3854 45 249 136
3855 44 253 135
3856 43 255 134
3857 42 256 133
3858 41 128 132
3859 40 64 131
3860 92 255 184
3861 91 256 183
3862 90 128 182
3863 89 64 181
3864 88 32 180
3865 87 16 179
3866 86 8 178
3867 85 4 177
3868 84 2 176
3869 83 1 175
3870 82 129 174
3871 81 193 173
3872 80 225 172
3873 79 241 171
3874 78 249 170
3875 77 253 169
3876 76 255 168
3877 75 256 167
3878 74 128 166
3879 73 64 165
3880 72 32 164
3881 71 16 163
3882 70 8 162
3883 69 4 161
3884 68 2 160
3885 67 1 159
3886 66 129 158
3887 65 193 157
3888 64 225 156
3889 63 241 155
3890 62 249 154
3891 61 253 153
3892 60 255 152
3893 59 256 151
3894 58 128 150
3895 57 64 149
3896 56 32 148
3897 55 16 147
3898 54 8 146
3899 53 4 145
3900 52 2 144
3901 51 1 143
3902 50 129 142
3903 49 193 141
3904 48 225 140
3905 47 241 139
3906 46 249 138
3907 45 253 137
3908 44 255 136
3909 43 256 135
3910 42 128 134
3911 93 255 186
3912 92 256 185
3913 91 128 184
3914 90 64 183
3915 89 32 182
3916 88 16 181
3917 87 8 180
3918 86 4 179
3919 85 2 178
3920 84 1 177
3921 83 129 176
3922 82 193 175
3923 81 225 174
3924 80 241 173
3925 79 249 172
3926 78 253 171
3927 77 255 170
3928 76 256 169
3929 75 128 168
3930 74 64 167
3931 73 32 166
3932 72 16 165
3933 71 8 164
3934 70 4 163
3935 69 2 162
3936 68 1 161
3937 67 129 160
3938 66 193 159
3939 65 225 158
3940 64 241 157
3941 63 249 156
3942 62 253 155
3943 61 255 154
3944 60 256 153
3945 59 128 152
3946 58 64 151
3947 57 32 150
3948 56 16 149
3949 55 8 148
3950 54 4 147
3951 53 2 146
3952 52 1 145
3953 51 129 144
3954 50 193 143
3955 49 225 142
3956 48 241 141
3957 47 249 140
3958 46 253 139
3959 45 255 138
3960 44 256 137
3961 94 255 188
3962 93 256 187
3963 92 128 186
3964 91 64 185
3965 90 32 184
3966 89 16 183
3967 88 8 182
3968 87 4 181
3969 86 2 180
3970 85 1 179
3971 84 129 178
3972 83 193 177
3973 82 225 176
3974 81 241 175
3975 80 249 174
3976 79 253 173
3977 78 255 172
3978 77 256 171
3979 76 128 170
3980 75 64 169
3981 74 32 168
3982 73 16 167
3983 72 8 166
3984 71 4 165
3985 70 2 164
3986 69 1 163
3987 68 129 162
3988 67 193 161
3989 66 225 160
3990 65 241 159
3991 64 249 158
3992 63 253 157
3993 62 255 156
3994 61 256 155
3995 60 128 154
3996 59 64 153
3997 58 32 152
3998 57 16 151
3999 56 8 150
4000 55 4 149
4001 54 2 148
4002 53 1 147
4003 52 129 146
4004 51 193 145
4005 50 225 144
4006 49 241 143
4007 48 249 142
4008 47 253 141
4009 46 255 140
4010 95 255 190
4011 94 256 189
4012 93 128 188
4013 92 64 187
4014 91 32 186
4015 90 16 185
4016 89 8 184
4017 88 4 183
4018 87 2 182
4019 86 1 181
4020 85 129 180
4021 84 193 179
4022 83 225 178
4023 82 241 177
4024 81 249 176
4025 80 253 175
4026 79 255 174
4027 78 256 173
4028 77 128 172
4029 76 64 171
4030 75 32 170
4031 74 16 169
4032 73 8 168
4033 72 4 167
4034 71 2 166
4035 70 1 165
4036 69 129 164
4037 68 193 163
4038 67 225 162
4039 66 241 161
4040 65 249 160
4041 64 253 159
4042 63 255 158
4043 62 256 157
4044 61 128 156
4045 60 64 155
4046 59 32 154
4047 58 16 153
4048 57 8 152
4049 56 4 151
4050 55 2 150
4051 54 1 149
4052 53 129 148
4053 52 193 147
4054 51 225 146
4055 50 241 145
4056 49 249 144
4057 48 253 143
4058 96 255 192
4059 95 256 191
4060 94 128 190
4061 93 64 189
4062 92 32 188
4063 91 16 187
4064 90 8 186
4065 89 4 185
4066 88 2 184
4067 87 1 183
4068 86 129 182
4069 85 193 181
4070 84 225 180
4071 83 241 179
4072 82 249 178
4073 81 253 177
4074 80 255 176
4075 79 256 175
4076 78 128 174
4077 77 64 173
4078 76 32 172
4079 75 16 171
4080 74 8 170
4081 73 4 169
4082 72 2 168
4083 71 1 167
4084 70 129 166
4085 69 193 165
4086 68 225 164
4087 67 241 163
4088 66 249 162
4089 65 253 161
4090 64 255 160
4091 63 256 159
4092 62 128 158
4093 61 64 157
4094 60 32 156
4095 59 16 155
4096 58 8 154
4097 57 4 153
4098 56 2 152
4099 55 1 151
4100 54 129 150
4101 53 193 149
4102 52 225 148
4103 51 241 147
4104 50 249 146
4105 97 255 194
4106 96 256 193
4107 95 128 192
4108 94 64 191
4109 93 32 190
4110 92 16 189
4111 91 8 188
4112 90 4 187
4113 89 2 186
4114 88 1 185
4115 87 129 184
4116 86 193 183
4117 85 225 182
4118 84 241 181
4119 83 249 180
4120 82 253 179
4121 81 255 178
4122 80 256 177
4123 79 128 176
4124 78 64 175
4125 77 32 174
4126 76 16 173
4127 75 8 172
4128 74 4 171
4129 73 2 170
4130 72 1 169
4131 71 129 168
4132 70 193 167
4133 69 225 166
4134 68 241 165
4135 67 249 164
4136 66 253 163
4137 65 255 162
4138 64 256 161
4139 63 128 160
4140 62 64 159
4141 61 32 158
4142 60 16 157
4143 59 8 156
4144 58 4 155
4145 57 2 154
4146 56 1 153
4147 55 129 152
4148 54 193 151
4149 53 225 150
4150 52 241 149
4151 98 255 196
4152 97 256 195
4153 96 128 194
4154 95 64 193
4155 94 32 192
4156 93 16 191
4157 92 8 190
4158 91 4 189
4159 90 2 188
4160 89 1 187
4161 88 129 186
4162 87 193 185
4163 86 225 184
4164 85 241 183
4165 84 249 182
4166 83 253 181
4167 82 255 180
4168 81 256 179
4169 80 128 178
4170 79 64 177
4171 78 32 176
4172 77 16 175
4173 76 8 174
4174 75 4 173
4175 74 2 172
4176 73 1 171
4177 72 129 170
4178 71 193 169
4179 70 225 168
4180 69 241 167
4181 68 249 166
4182 67 253 165
4183 66 255 164
4184 65 256 163
4185 64 128 162
4186 63 64 161
4187 62 32 160
4188 61 16 159
4189 60 8 158
4190 59 4 157
4191 58 2 156
4192 57 1 155
4193 56 129 154
4194 55 193 153
4195 54 225 152
4196 99 255 198
4197 98 256 197
4198 97 128 196
4199 96 64 195
4200 95 32 194
4201 94 16 193
4202 93 8 192
4203 92 4 191
4204 91 2 190
4205 90 1 189
4206 89 129 188
4207 88 193 187
4208 87 225 186
4209 86 241 185
4210 85 249 184
4211 84 253 183
4212 83 255 182
4213 82 256 181
4214 81 128 180
4215 80 64 179
4216 79 32 178
4217 78 16 177
4218 77 8 176
4219 76 4 175
4220 75 2 174
4221 74 1 173
4222 73 129 172
4223 72 193 171
4224 71 225 170
4225 70 241 169
4226 69 249 168
4227 68 253 167
4228 67 255 166
4229 66 256 165
4230 65 128 164
4231 64 64 163
4232 63 32 162
4233 62 16 161
4234 61 8 160
4235 60 4 159
4236 59 2 158
4237 58 1 157
4238 57 129 156
4239 56 193 155
4240 100 255 200
4241 99 256 199
4242 98 128 198
4243 97 64 197
4244 96 32 196
4245 95 16 195
4246 94 8 194
4247 93 4 193
4248 92 2 192
4249 91 1 191
4250 90 129 190
4251 89 193 189
4252 88 225 188
4253 87 241 187
4254 86 249 186
4255 85 253 185
4256 84 255 184
4257 83 256 183
4258 82 128 182
4259 81 64 181
4260 80 32 180
4261 79 16 179
4262 78 8 178
4263 77 4 177
4264 76 2 176
4265 75 1 175
4266 74 129 174
4267 73 193 173
4268 72 225 172
4269 71 241 171
4270 70 249 170
4271 69 253 169
4272 68 255 168
4273 67 256 167
4274 66 128 166
4275 65 64 165
4276 64 32 164
4277 63 16 163
4278 62 8 162
4279 61 4 161
4280 60 2 160
4281 59 1 159
4282 58 129 158
4283 101 255 202
4284 100 256 201
4285 99 128 200
4286 98 64 199
4287 97 32 198
4288 96 16 197
4289 95 8 196
4290 94 4 195
4291 93 2 194
4292 92 1 193
4293 91 129 192
4294 90 193 191
4295 89 225 190
4296 88 241 189
4297 87 249 188
4298 86 253 187
4299 85 255 186
4300 84 256 185
4301 83 128 184
4302 82 64 183
4303 81 32 182
4304 80 16 181
4305 79 8 180
4306 78 4 179
4307 77 2 178
4308 76 1 177
4309 75 129 176
4310 74 193 175
4311 73 225 174
4312 72 241 173
4313 71 249 172
4314 70 253 171
4315 69 255 170
4316 68 256 169
4317 67 128 168
4318 66 64 167
4319 65 32 166
4320 64 16 165
4321 63 8 164
4322 62 4 163
4323 61 2 162
4324 60 1 161
4325 102 255 204
4326 101 256 203
4327 100 128 202
4328 99 64 201
4329 98 32 200
4330 97 16 199
4331 96 8 198
4332 95 4 197
4333 94 2 196
4334 93 1 195
4335 92 129 194
4336 91 193 193
4337 90 225 192
4338 89 241 191
4339 88 249 190
4340 87 253 189
4341 86 255 188
4342 85 256 187
4343 84 128 186
4344 83 64 185
4345 82 32 184
4346 81 16 183
4347 80 8 182
4348 79 4 181
4349 78 2 180
4350 77 1 179
4351 76 129 178
4352 75 193 177
4353 74 225 176
4354 73 241 175
4355 72 249 174
4356 71 253 173
4357 70 255 172
4358 69 256 171
4359 68 128 170
4360 67 64 169
4361 66 32 168
4362 65 16 167
4363 64 8 166
4364 63 4 165
4365 62 2 164
4366 103 255 206
4367 102 256 205
4368 101 128 204
4369 100 64 203
4370 99 32 202
4371 98 16 201
4372 97 8 200
4373 96 4 199
4374 95 2 198
4375 94 1 197
4376 93 129 196
4377 92 193 195
4378 91 225 194
4379 90 241 193
4380 89 249 192
4381 88 253 191
4382 87 255 190
4383 86 256 189
4384 85 128 188
4385 84 64 187
4386 83 32 186
4387 82 16 185
4388 81 8 184
4389 80 4 183
4390 79 2 182
4391 78 1 181
4392 77 129 180
4393 76 193 179
4394 75 225 178
4395 74 241 177
4396 73 249 176
4397 72 253 175
4398 71 255 174
4399 70 256 173
4400 69 128 172
4401 68 64 171
4402 67 32 170
4403 66 16 169
4404 65 8 168
4405 64 4 167
4406 104 255 208
4407 103 256 207
4408 102 128 206
4409 101 64 205
4410 100 32 204
4411 99 16 203
4412 98 8 202
4413 97 4 201
4414 96 2 200
4415 95 1 199
4416 94 129 198
4417 93 193 197
4418 92 225 196
4419 91 241 195
4420 90 249 194
4421 89 253 193
4422 88 255 192
4423 87 256 191
4424 86 128 190
4425 85 64 189
4426 84 32 188
4427 83 16 187
4428 82 8 186
4429 81 4 185
4430 80 2 184
4431 79 1 183
4432 78 129 182
4433 77 193 181
4434 76 225 180
4435 75 241 179
4436 74 249 178
4437 73 253 177
4438 72 255 176
4439 71 256 175
4440 70 128 174
4441 69 64 173
4442 68 32 172
4443 67 16 171
4444 66 8 170
4445 105 255 210
4446 104 256 209
4447 103 128 208
4448 102 64 207
4449 101 32 206
4450 100 16 205
4451 99 8 204
4452 98 4 203
4453 97 2 202
4454 96 1 201
4455 95 129 200
4456 94 193 199
4457 93 225 198
4458 92 241 197
4459 91 249 196
4460 90 253 195
4461 89 255 194
4462 88 256 193
4463 87 128 192
4464 86 64 191
4465 85 32 190
4466 84 16 189
4467 83 8 188
4468 82 4 187
4469 81 2 186
4470 80 1 185
4471 79 129 184
4472 78 193 183
4473 77 225 182
4474 76 241 181
4475 75 249 180
4476 74 253 179
4477 73 255 178
4478 72 256 177
4479 71 128 176
4480 70 64 175
4481 69 32 174
4482 68 16 173
4483 106 255 212
4484 105 256 211
4485 104 128 210
4486 103 64 209
4487 102 32 208
4488 101 16 207
4489 100 8 206
4490 99 4 205
4491 98 2 204
4492 97 1 203
4493 96 129 202
4494 95 193 201
4495 94 225 200
4496 93 241 199
4497 92 249 198
4498 91 253 197
4499 90 255 196
4500 89 256 195
4501 88 128 194
4502 87 64 193
4503 86 32 192
4504 85 16 191
4505 84 8 190
4506 83 4 189
4507 82 2 188
4508 81 1 187
4509 80 129 186
4510 79 193 185
4511 78 225 184
4512 77 241 183
4513 76 249 182
4514 75 253 181
4515 74 255 180
4516 73 256 179
4517 72 128 178
4518 71 64 177
4519 70 32 176
4520 107 255 214
4521 106 256 213
4522 105 128 212
4523 104 64 211
4524 103 32 210
4525 102 16 209
4526 101 8 208
4527 100 4 207
4528 99 2 206
4529 98 1 205
4530 97 129 204
4531 96 193 203
4532 95 225 202
4533 94 241 201
4534 93 249 200
4535 92 253 199
4536 91 255 198
4537 90 256 197
4538 89 128 196
4539 88 64 195
4540 87 32 194
4541 86 16 193
4542 85 8 192
4543 84 4 191
4544 83 2 190
4545 82 1 189
4546 81 129 188
4547 80 193 187
4548 79 225 186
4549 78 241 185
4550 77 249 184
4551 76 253 183
4552 75 255 182
4553 74 256 181
4554 73 128 180
4555 72 64 179
4556 108 255 216
4557 107 256 215
4558 106 128 214
4559 105 64 213
4560 104 32 212
4561 103 16 211
4562 102 8 210
4563 101 4 209
4564 100 2 208
4565 99 1 207
4566 98 129 206
4567 97 193 205
4568 96 225 204
4569 95 241 203
4570 94 249 202
4571 93 253 201
4572 92 255 200
4573 91 256 199
4574 90 128 198
4575 89 64 197
4576 88 32 196
4577 87 16 195
4578 86 8 194
4579 85 4 193
4580 84 2 192
4581 83 1 191
4582 82 129 190
4583 81 193 189
4584 80 225 188
4585 79 241 187
4586 78 249 186
4587 77 253 185
4588 76 255 184
4589 75 256 183
4590 74 128 182
4591 109 255 218
4592 108 256 217
4593 107 128 216
4594 106 64 215
4595 105 32 214
4596 104 16 213
4597 103 8 212
4598 102 4 211
4599 101 2 210
4600 100 1 209
4601 99 129 208
4602 98 193 207
4603 97 225 206
4604 96 241 205
4605 95 249 204
4606 94 253 203
4607 93 255 202
4608 92 256 201
4609 91 128 200
4610 90 64 199
4611 89 32 198
4612 88 16 197
4613 87 8 196
4614 86 4 195
4615 85 2 194
4616 84 1 193
4617 83 129 192
4618 82 193 191
4619 81 225 190
4620 80 241 189
4621 79 249 188
4622 78 253 187
4623 77 255 186
4624 76 256 185
4625 110 255 220
4626 109 256 219
4627 108 128 218
4628 107 64 217
4629 106 32 216
4630 105 16 215
4631 104 8 214
4632 103 4 213
4633 102 2 212
4634 101 1 211
4635 100 129 210
4636 99 193 209
4637 98 225 208
4638 97 241 207
4639 96 249 206
4640 95 253 205
4641 94 255 204
4642 93 256 203
4643 92 128 202
4644 91 64 201
4645 90 32 200
4646 89 16 199
4647 88 8 198
4648 87 4 197
4649 86 2 196
4650 85 1 195
4651 84 129 194
4652 83 193 193
4653 82 225 192
4654 81 241 191
4655 80 249 190
4656 79 253 189
4657 78 255 188
4658 111 255 222
4659 110 256 221
4660 109 128 220
4661 108 64 219
4662 107 32 218
4663 106 16 217
4664 105 8 216
4665 104 4 215
4666 103 2 214
4667 102 1 213
4668 101 129 212
4669 100 193 211
4670 99 225 210
4671 98 241 209
4672 97 249 208
4673 96 253 207
4674 95 255 206
4675 94 256 205
4676 93 128 204
4677 92 64 203
4678 91 32 202
4679 90 16 201
4680 89 8 200
4681 88 4 199
4682 87 2 198
4683 86 1 197
4684 85 129 196
4685 84 193 195
4686 83 225 194
4687 82 241 193
4688 81 249 192
4689 80 253 191
4690 112 255 224
4691 111 256 223
4692 110 128 222
4693 109 64 221
4694 108 32 220
4695 107 16 219
4696 106 8 218
4697 105 4 217
4698 104 2 216
4699 103 1 215
4700 102 129 214
4701 101 193 213
4702 100 225 212
4703 99 241 211
4704 98 249 210
4705 97 253 209
4706 96 255 208
4707 95 256 207
4708 94 128 206
4709 93 64 205
4710 92 32 204
4711 91 16 203
4712 90 8 202
4713 89 4 201
4714 88 2 200
4715 87 1 199
4716 86 129 198
4717 85 193 197
4718 84 225 196
4719 83 241 195
4720 82 249 194
4721 113 255 226
4722 112 256 225
4723 111 128 224
4724 110 64 223
4725 109 32 222
4726 108 16 221
4727 107 8 220
4728 106 4 219
4729 105 2 218
4730 104 1 217
4731 103 129 216
4732 102 193 215
4733 101 225 214
4734 100 241 213
4735 99 249 212
4736 98 253 211
4737 97 255 210
4738 96 256 209
4739 95 128 208
4740 94 64 207
4741 93 32 206
4742 92 16 205
4743 91 8 204
4744 90 4 203
4745 89 2 202
4746 88 1 201
4747 87 129 200
4748 86 193 199
4749 85 225 198
4750 84 241 197
4751 114 255 228
4752 113 256 227
4753 112 128 226
4754 111 64 225
4755 110 32 224
4756 109 16 223
4757 108 8 222
4758 107 4 221
4759 106 2 220
4760 105 1 219
4761 104 129 218
4762 103 193 217
4763 102 225 216
4764 101 241 215
4765 100 249 214
4766 99 253 213
4767 98 255 212
4768 97 256 211
4769 96 128 210
4770 95 64 209
4771 94 32 208
4772 93 16 207
4773 92 8 206
4774 91 4 205
4775 90 2 204
4776 89 1 203
4777 88 129 202
4778 87 193 201
4779 86 225 200
4780 115 255 230
4781 114 256 229
4782 113 128 228
4783 112 64 227
4784 111 32 226
4785 110 16 225
4786 109 8 224
4787 108 4 223
4788 107 2 222
4789 106 1 221
4790 105 129 220
4791 104 193 219
4792 103 225 218
4793 102 241 217
4794 101 249 216
4795 100 253 215
4796 99 255 214
4797 98 256 213
4798 97 128 212
4799 96 64 211
4800 95 32 210
4801 94 16 209
4802 93 8 208
4803 92 4 207
4804 91 2 206
4805 90 1 205
4806 89 129 204
4807 88 193 203
4808 116 255 232
4809 115 256 231
4810 114 128 230
4811 113 64 229
4812 112 32 228
4813 111 16 227
4814 110 8 226
4815 109 4 225
4816 108 2 224
4817 107 1 223
4818 106 129 222
4819 105 193 221
4820 104 225 220
4821 103 241 219
4822 102 249 218
4823 101 253 217
4824 100 255 216
4825 99 256 215
4826 98 128 214
4827 97 64 213
4828 96 32 212
4829 95 16 211
4830 94 8 210
4831 93 4 209
4832 92 2 208
4833 91 1 207
4834 90 129 206
4835 117 255 234
4836 116 256 233
4837 115 128 232
4838 114 64 231
4839 113 32 230
4840 112 16 229
4841 111 8 228
4842 110 4 227
4843 109 2 226
4844 108 1 225
4845 107 129 224
4846 106 193 223
4847 105 225 222
4848 104 241 221
4849 103 249 220
4850 102 253 219
4851 101 255 218
4852 100 256 217
4853 99 128 216
4854 98 64 215
4855 97 32 214
4856 96 16 213
4857 95 8 212
4858 94 4 211
4859 93 2 210
4860 92 1 209
4861 118 255 236
4862 117 256 235
4863 116 128 234
4864 115 64 233
4865 114 32 232
4866 113 16 231
4867 112 8 230
4868 111 4 229
4869 110 2 228
4870 109 1 227
4871 108 129 226
4872 107 193 225
4873 106 225 224
4874 105 241 223
4875 104 249 222
4876 103 253 221
4877 102 255 220
4878 101 256 219
4879 100 128 218
4880 99 64 217
4881 98 32 216
4882 97 16 215
4883 96 8 214
4884 95 4 213
4885 94 2 212
4886 119 255 238
4887 118 256 237
4888 117 128 236
4889 116 64 235
4890 115 32 234
4891 114 16 233
4892 113 8 232
4893 112 4 231
4894 111 2 230
4895 110 1 229
4896 109 129 228
4897 108 193 227
4898 107 225 226
4899 106 241 225
4900 105 249 224
4901 104 253 223
4902 103 255 222
4903 102 256 221
4904 101 128 220
4905 100 64 219
4906 99 32 218
4907 98 16 217
4908 97 8 216
4909 96 4 215
4910 120 255 240
4911 119 256 239
4912 118 128 238
4913 117 64 237
4914 116 32 236
4915 115 16 235
4916 114 8 234
4917 113 4 233
4918 112 2 232
4919 111 1 231
4920 110 129 230
4921 109 193 229
4922 108 225 228
4923 107 241 227
4924 106 249 226
4925 105 253 225
4926 104 255 224
4927 103 256 223
4928 102 128 222
4929 101 64 221
4930 100 32 220
4931 99 16 219
4932 98 8 218
4933 121 255 242
4934 120 256 241
4935 119 128 240
4936 118 64 239
4937 117 32 238
4938 116 16 237
4939 115 8 236
4940 114 4 235
4941 113 2 234
4942 112 1 233
4943 111 129 232
4944 110 193 231
4945 109 225 230
4946 108 241 229
4947 107 249 228
4948 106 253 227
4949 105 255 226
4950 104 256 225
4951 103 128 224
4952 102 64 223
4953 101 32 222
4954 100 16 221
4955 122 255 244
4956 121 256 243
4957 120 128 242
4958 119 64 241
4959 118 32 240
4960 117 16 239
4961 116 8 238
4962 115 4 237
4963 114 2 236
4964 113 1 235
4965 112 129 234
4966 111 193 233
4967 110 225 232
4968 109 241 231
4969 108 249 230
4970 107 253 229
4971 106 255 228
4972 105 256 227
4973 104 128 226
4974 103 64 225
4975 102 32 224
4976 123 255 246
4977 122 256 245
4978 121 128 244
4979 120 64 243
4980 119 32 242
4981 118 16 241
4982 117 8 240
4983 116 4 239
4984 115 2 238
4985 114 1 237
4986 113 129 236
4987 112 193 235
4988 111 225 234
4989 110 241 233
4990 109 249 232
4991 108 253 231
4992 107 255 230
4993 106 256 229
4994 105 128 228
4995 104 64 227
4996 124 255 248
4997 123 256 247
4998 122 128 246
4999 121 64 245
5000 120 32 244
5001 119 16 243
5002 118 8 242
5003 117 4 241
5004 116 2 240
5005 115 1 239
5006 114 129 238
5007 113 193 237
5008 112 225 236
5009 111 241 235
5010 110 249 234
5011 109 253 233
5012 108 255 232
5013 107 256 231
5014 106 128 230
5015 125 255 250
5016 124 256 249
5017 123 128 248
5018 122 64 247
5019 121 32 246
5020 120 16 245
5021 119 8 244
5022 118 4 243
5023 117 2 242
5024 116 1 241
5025 115 129 240
5026 114 193 239
5027 113 225 238
5028 112 241 237
5029 111 249 236
5030 110 253 235
5031 109 255 234
5032 108 256 233
5033 126 255 252
5034 125 256 251
5035 124 128 250
5036 123 64 249
5037 122 32 248
5038 121 16 247
5039 120 8 246
5040 119 4 245
5041 118 2 244
5042 117 1 243
5043 116 129 242
5044 115 193 241
5045 114 225 240
5046 113 241 239
5047 112 249 238
5048 111 253 237
5049 110 255 236
5050 127 255 254
5051 126 256 253
5052 125 128 252
5053 124 64 251
5054 123 32 250
5055 122 16 249
5056 121 8 248
5057 120 4 247
5058 119 2 246
5059 118 1 245
5060 117 129 244
5061 116 193 243
5062 115 225 242
5063 114 241 241
5064 113 249 240
5065 112 253 239
5066 128 255 256
5067 127 256 255
5068 126 128 254
5069 125 64 253
5070 124 32 252
5071 123 16 251
5072 122 8 250
5073 121 4 249
5074 120 2 248
5075 119 1 247
5076 118 129 246
5077 117 193 245
5078 116 225 244
5079 115 241 243
5080 114 249 242
5081 129 255 258
5082 128 256 257
5083 127 128 256
5084 126 64 255
5085 125 32 254
5086 124 16 253
5087 123 8 252
5088 122 4 251
5089 121 2 250
5090 120 1 249
5091 119 129 248
5092 118 193 247
5093 117 225 246
5094 116 241 245
5095 130 255 260
5096 129 256 259
5097 128 128 258
5098 127 64 257
5099 126 32 256
5100 125 16 255
5101 124 8 254
5102 123 4 253
5103 122 2 252
5104 121 1 251
5105 120 129 250
5106 119 193 249
5107 118 225 248
5108 131 255 262
5109 130 256 261
5110 129 128 260
5111 128 64 259
5112 127 32 258
5113 126 16 257
5114 125 8 256
5115 124 4 255
5116 123 2 254
5117 122 1 253
5118 121 129 252
5119 120 193 251
5120 132 255 264
5121 131 256 263
5122 130 128 262
5123 129 64 261
5124 128 32 260
5125 127 16 259
5126 126 8 258
5127 125 4 257
5128 124 2 256
5129 123 1 255
5130 122 129 254
5131 133 255 266
5132 132 256 265
5133 131 128 264
5134 130 64 263
5135 129 32 262
5136 128 16 261
5137 127 8 260
5138 126 4 259
5139 125 2 258
5140 124 1 257
5141 134 255 268
5142 133 256 267
5143 132 128 266
5144 131 64 265
5145 130 32 264
5146 129 16 263
5147 128 8 262
5148 127 4 261
5149 126 2 260
5150 135 255 270
5151 134 256 269
5152 133 128 268
5153 132 64 267
5154 131 32 266
5155 130 16 265
5156 129 8 264
5157 128 4 263
5158 136 255 272
5159 135 256 271
5160 134 128 270
5161 133 64 269
5162 132 32 268
5163 131 16 267
5164 130 8 266
5165 137 255 274
5166 136 256 273
5167 135 128 272
5168 134 64 271
5169 133 32 270
5170 132 16 269
5171 138 255 276
5172 137 256 275
5173 136 128 274
5174 135 64 273
5175 134 32 272
5176 139 255 278
5177 138 256 277
5178 137 128 276
5179 136 64 275
5180 140 255 280
5181 139 256 279
5182 138 128 278
5183 141 255 282
5184 140 256 281
5185 142 255 284
5186 0 1 73
5187 0 1 74
5188 0 1 75
5189 0 1 76
5190 0 1 77
5191 0 1 78
5192 0 1 79
5193 0 1 80
5194 0 1 81
5195 0 1 82
5196 0 1 83
5197 0 1 84
5198 0 1 85
5199 0 1 86
5200 0 1 87
5201 0 1 88
5202 0 1 89
5203 0 1 90
5204 0 1 91
5205 0 1 92
5206 0 1 93
5207 0 1 94
5208 0 1 95
5209 0 1 96
5210 0 1 97
5211 0 1 98
5212 0 1 99
5213 0 1 100
5214 0 1 101
5215 0 1 102
5216 0 1 103
5217 0 1 104
5218 0 1 105
5219 0 1 106
5220 0 1 107
5221 0 1 108
5222 0 1 109
5223 0 1 110
5224 0 1 111
5225 0 1 112
5226 0 1 113
5227 0 1 114
5228 0 1 115
5229 0 1 116
5230 0 1 117
5231 0 1 118
5232 0 1 119
5233 0 1 120
5234 0 1 121
5235 0 1 122
5236 0 1 123
5237 0 1 124
5238 0 1 125
5239 0 1 126
5240 0 1 127
5241 0 1 128
5242 0 1 129
5243 0 1 130
5244 0 1 131
5245 0 1 132
5246 0 1 133
5247 0 1 134
5248 0 1 135
5249 0 1 136
5250 1 1 74
5251 1 1 75
5252 1 1 76
5253 1 1 77
5254 1 1 78
5255 1 1 79
5256 1 1 80
5257 1 1 81
5258 1 1 82
5259 1 1 83
5260 1 1 84
5261 1 1 85
5262 1 1 86
5263 1 1 87
5264 1 1 88
5265 1 1 89
5266 1 1 90
5267 1 1 91
5268 1 1 92
5269 1 1 93
5270 1 1 94
5271 1 1 95
5272 1 1 96
5273 1 1 97
5274 1 1 98
5275 1 1 99
5276 1 1 100
5277 1 1 101
5278 1 1 102
5279 1 1 103
5280 1 1 104
5281 1 1 105
5282 1 1 106
5283 1 1 107
5284 1 1 108
5285 1 1 109
5286 1 1 110
5287 1 1 111
5288 1 1 112
5289 1 1 113
5290 1 1 114
5291 1 1 115
5292 1 1 116
5293 1 1 117
5294 1 1 118
5295 1 1 119
5296 1 1 120
5297 1 1 121
5298 1 1 122
5299 1 1 123
5300 1 1 124
5301 1 1 125
5302 1 1 126
5303 1 1 127
5304 1 1 128
5305 1 1 129
5306 1 1 130
5307 1 1 131
5308 1 1 132
5309 1 1 133
5310 1 1 134
5311 1 1 135
5312 1 1 136
5313 2 1 75
5314 2 1 76
5315 2 1 77
5316 2 1 78
5317 2 1 79
5318 2 1 80
5319 2 1 81
5320 2 1 82
5321 2 1 83
5322 2 1 84
5323 2 1 85
5324 2 1 86
5325 2 1 87
5326 2 1 88
5327 2 1 89
5328 2 1 90
5329 2 1 91
5330 2 1 92
5331 2 1 93
5332 2 1 94
5333 2 1 95
5334 2 1 96
5335 2 1 97
5336 2 1 98
5337 2 1 99
5338 2 1 100
5339 2 1 101
5340 2 1 102
5341 2 1 103
5342 2 1 104
5343 2 1 105
5344 2 1 106
5345 2 1 107
5346 2 1 108
5347 2 1 109
5348 2 1 110
5349 2 1 111
5350 2 1 112
5351 2 1 113
5352 2 1 114
5353 2 1 115
5354 2 1 116
5355 2 1 117
5356 2 1 118
5357 2 1 119
5358 2 1 120
5359 2 1 121
5360 2 1 122
5361 2 1 123
5362 2 1 124
5363 2 1 125
5364 2 1 126
5365 2 1 127
5366 2 1 128
5367 2 1 129
5368 2 1 130
5369 2 1 131
5370 2 1 132
5371 2 1 133
5372 2 1 134
5373 2 1 135
5374 2 1 136
5375 3 1 76
5376 3 1 77
5377 3 1 78
5378 3 1 79
5379 3 1 80
5380 3 1 81
5381 3 1 82
5382 3 1 83
5383 3 1 84
5384 3 1 85
5385 3 1 86
5386 3 1 87
5387 3 1 88
5388 3 1 89
5389 3 1 90
5390 3 1 91
5391 3 1 92
5392 3 1 93
5393 3 1 94
5394 3 1 95
5395 3 1 96
5396 3 1 97
5397 3 1 98
5398 3 1 99
5399 3 1 100
5400 3 1 101
5401 3 1 102
5402 3 1 103
5403 3 1 104
5404 3 1 105
5405 3 1 106
5406 3 1 107
5407 3 1 108
5408 3 1 109
5409 3 1 110
5410 3 1 111
5411 3 1 112
5412 3 1 113
5413 3 1 114
5414 3 1 115
5415 3 1 116
5416 3 1 117
5417 3 1 118
5418 3 1 119
5419 3 1 120
5420 3 1 121
5421 3 1 122
5422 3 1 123
5423 3 1 124
5424 3 1 125
5425 3 1 126
5426 3 1 127
5427 3 1 128
5428 3 1 129
5429 3 1 130
5430 3 1 131
5431 3 1 132
5432 3 1 133
5433 3 1 134
5434 3 1 135
5435 3 1 136
5436 4 1 78
5437 4 1 79
5438 5 255 79
5439 4 1 80
5440 4 1 81
5441 4 1 82
5442 4 1 83
5443 4 1 84
5444 4 1 85
5445 4 1 86
5446 4 1 87
5447 4 1 88
5448 4 1 89
5449 4 1 90
5450 4 1 91
5451 4 1 92
5452 4 1 93
5453 4 1 94
5454 4 1 95
5455 4 1 96
5456 4 1 97
5457 4 1 98
5458 4 1 99
5459 4 1 100
5460 4 1 101
5461 4 1 102
5462 4 1 103
5463 4 1 104
5464 4 1 105
5465 4 1 106
5466 4 1 107
5467 4 1 108
5468 4 1 109
5469 4 1 110
5470 4 1 111
5471 4 1 112
5472 4 1 113
5473 4 1 114
5474 4 1 115
5475 4 1 116
5476 4 1 117
5477 4 1 118
5478 4 1 119
5479 4 1 120
5480 4 1 121
5481 4 1 122
5482 4 1 123
5483 4 1 124
5484 4 1 125
5485 4 1 126
5486 4 1 127
5487 4 1 128
5488 4 1 129
5489 4 1 130
5490 4 1 131
5491 4 1 132
5492 4 1 133
5493 4 1 134
5494 4 1 135
5495 4 1 136
5496 5 1 80
5497 5 1 81
5498 6 255 81
5499 5 1 82
5500 7 4 82
5501 5 1 83
5502 5 1 84
5503 5 1 85
5504 5 1 86
5505 5 1 87
5506 5 1 88
5507 5 1 89
5508 5 1 90
5509 5 1 91
5510 5 1 92
5511 5 1 93
5512 5 1 94
5513 5 1 95
5514 5 1 96
5515 5 1 97
5516 5 1 98
5517 5 1 99
5518 5 1 100
5519 5 1 101
5520 5 1 102
5521 5 1 103
5522 5 1 104
5523 5 1 105
5524 5 1 106
5525 5 1 107
5526 5 1 108
5527 5 1 109
5528 5 1 110
5529 5 1 111
5530 5 1 112
5531 5 1 113
5532 5 1 114
5533 5 1 115
5534 5 1 116
5535 5 1 117
5536 5 1 118
5537 5 1 119
5538 5 1 120
5539 5 1 121
5540 5 1 122
5541 5 1 123
5542 5 1 124
5543 5 1 125
5544 5 1 126
5545 5 1 127
5546 5 1 128
5547 5 1 129
5548 5 1 130
5549 5 1 131
5550 5 1 132
5551 5 1 133
5552 5 1 134
5553 5 1 135
5554 5 1 136
5555 6 1 82
5556 6 1 83
5557 7 255 83
5558 6 1 84
5559 8 4 84
5560 6 1 85
5561 9 249 85
5562 6 1 86
5563 6 1 87
5564 6 1 88
5565 6 1 89
5566 6 1 90
5567 6 1 91
5568 6 1 92
5569 6 1 93
5570 6 1 94
5571 6 1 95
5572 6 1 96
5573 6 1 97
5574 6 1 98
5575 6 1 99
5576 6 1 100
5577 6 1 101
5578 6 1 102
5579 6 1 103
5580 6 1 104
5581 6 1 105
5582 6 1 106
5583 6 1 107
5584 6 1 108
5585 6 1 109
5586 6 1 110
5587 6 1 111
5588 6 1 112
5589 6 1 113
5590 6 1 114
5591 6 1 115
5592 6 1 116
5593 6 1 117
5594 6 1 118
5595 6 1 119
5596 6 1 120
5597 6 1 121
5598 6 1 122
5599 6 1 123
5600 6 1 124
5601 6 1 125
5602 6 1 126
5603 6 1 127
5604 6 1 128
5605 6 1 129
5606 6 1 130
5607 6 1 131
5608 6 1 132
5609 6 1 133
5610 6 1 134
5611 6 1 135
5612 6 1 136
5613 7 1 84
5614 7 1 85
5615 8 255 85
5616 7 1 86
5617 9 4 86
5618 7 1 87
5619 10 249 87
5620 7 1 88
5621 11 16 88
5622 7 1 89
5623 7 1 90
5624 7 1 91
5625 7 1 92
5626 7 1 93
5627 7 1 94
5628 7 1 95
5629 7 1 96
5630 7 1 97
5631 7 1 98
5632 7 1 99
5633 7 1 100
5634 7 1 101
5635 7 1 102
5636 7 1 103
5637 7 1 104
5638 7 1 105
5639 7 1 106
5640 7 1 107
5641 7 1 108
5642 7 1 109
5643 7 1 110
5644 7 1 111
5645 7 1 112
5646 7 1 113
5647 7 1 114
5648 7 1 115
5649 7 1 116
5650 7 1 117
5651 7 1 118
5652 7 1 119
5653 7 1 120
5654 7 1 121
5655 7 1 122
5656 7 1 123
5657 7 1 124
5658 7 1 125
5659 7 1 126
5660 7 1 127
5661 7 1 128
5662 7 1 129
5663 7 1 130
5664 7 1 131
5665 7 1 132
5666 7 1 133
5667 7 1 134
5668 7 1 135
5669 7 1 136
5670 8 1 86
5671 8 1 87
5672 9 255 87
5673 8 1 88
5674 10 4 88
5675 8 1 89
5676 11 249 89
5677 8 1 90
5678 12 16 90
5679 8 1 91
5680 13 225 91
5681 8 1 92
5682 8 1 93
5683 8 1 94
5684 8 1 95
5685 8 1 96
5686 8 1 97
5687 8 1 98
5688 8 1 99
5689 8 1 100
5690 8 1 101
5691 8 1 102
5692 8 1 103
5693 8 1 104
5694 8 1 105
5695 8 1 106
5696 8 1 107
5697 8 1 108
5698 8 1 109
5699 8 1 110
5700 8 1 111
5701 8 1 112
5702 8 1 113
5703 8 1 114
5704 8 1 115
5705 8 1 116
5706 8 1 117
5707 8 1 118
5708 8 1 119
5709 8 1 120
5710 8 1 121
5711 8 1 122
5712 8 1 123
5713 8 1 124
5714 8 1 125
5715 8 1 126
5716 8 1 127
5717 8 1 128
5718 8 1 129
5719 8 1 130
5720 8 1 131
5721 8 1 132
5722 8 1 133
5723 8 1 134
5724 8 1 135
5725 8 1 136
5726 9 1 88
5727 9 1 89
5728 10 255 89
5729 9 1 90
5730 11 4 90
5731 9 1 91
5732 12 249 91
5733 9 1 92
5734 13 16 92
5735 9 1 93
5736 14 225 93
5737 9 1 94
5738 15 64 94
5739 9 1 95
5740 9 1 96
5741 9 1 97
5742 9 1 98
5743 9 1 99
5744 9 1 100
5745 9 1 101
5746 9 1 102
5747 9 1 103
5748 9 1 104
5749 9 1 105
5750 9 1 106
5751 9 1 107
5752 9 1 108
5753 9 1 109
5754 9 1 110
5755 9 1 111
5756 9 1 112
5757 9 1 113
5758 9 1 114
5759 9 1 115
5760 9 1 116
5761 9 1 117
5762 9 1 118
5763 9 1 119
5764 9 1 120
5765 9 1 121
5766 9 1 122
5767 9 1 123
5768 9 1 124
5769 9 1 125
5770 9 1 126
5771 9 1 127
5772 9 1 128
5773 9 1 129
5774 9 1 130
5775 9 1 131
5776 9 1 132
5777 9 1 133
5778 9 1 134
5779 9 1 135
5780 9 1 136
5781 10 1 90
5782 10 1 91
5783 11 255 91
5784 10 1 92
5785 12 4 92
5786 10 1 93
5787 13 249 93
5788 10 1 94
5789 14 16 94
5790 10 1 95
5791 15 225 95
5792 10 1 96
5793 16 64 96
5794 10 1 97
5795 17 129 97
5796 10 1 98
5797 10 1 99
5798 10 1 100
5799 10 1 101
5800 10 1 102
5801 10 1 103
5802 10 1 104
5803 10 1 105
5804 10 1 106
5805 10 1 107
5806 10 1 108
5807 10 1 109
5808 10 1 110
5809 10 1 111
5810 10 1 112
5811 10 1 113
5812 10 1 114
5813 10 1 115
5814 10 1 116
5815 10 1 117
5816 10 1 118
5817 10 1 119
5818 10 1 120
5819 10 1 121
5820 10 1 122
5821 10 1 123
5822 10 1 124
5823 10 1 125
5824 10 1 126
5825 10 1 127
5826 10 1 128
5827 10 1 129
5828 10 1 130
5829 10 1 131
5830 10 1 132
5831 10 1 133
5832 10 1 134
5833 10 1 135
5834 10 1 136
5835 11 1 92
5836 11 1 93
5837 12 255 93
5838 11 1 94
5839 13 4 94
5840 11 1 95
5841 14 249 95
5842 11 1 96
5843 15 16 96
5844 11 1 97
5845 16 225 97
5846 11 1 98
5847 17 64 98
5848 11 1 99
5849 18 129 99
5850 11 1 100
5851 19 256 100
5852 11 1 101
5853 11 1 102
5854 11 1 103
5855 11 1 104
5856 11 1 105
5857 11 1 106
5858 11 1 107
5859 11 1 108
5860 11 1 109
5861 11 1 110
5862 11 1 111
5863 11 1 112
5864 11 1 113
5865 11 1 114
5866 11 1 115
5867 11 1 116
5868 11 1 117
5869 11 1 118
5870 11 1 119
5871 11 1 120
5872 11 1 121
5873 11 1 122
5874 11 1 123
5875 11 1 124
5876 11 1 125
5877 11 1 126
5878 11 1 127
5879 11 1 128
5880 11 1 129
5881 11 1 130
5882 11 1 131
5883 11 1 132
5884 11 1 133
5885 11 1 134
5886 11 1 135
5887 11 1 136
5888 12 1 94
5889 12 1 95
5890 13 255 95
5891 12 1 96
5892 14 4 96
5893 12 1 97
5894 15 249 97
5895 12 1 98
5896 16 16 98
5897 12 1 99
5898 17 225 99
5899 12 1 100
5900 18 64 100
5901 12 1 101
5902 19 129 101
5903 12 1 102
5904 20 256 102
5905 12 1 103
5906 21 2 103
5907 12 1 104
5908 12 1 105
5909 12 1 106
5910 12 1 107
5911 12 1 108
5912 12 1 109
5913 12 1 110
5914 12 1 111
5915 12 1 112
5916 12 1 113
5917 12 1 114
5918 12 1 115
5919 12 1 116
5920 12 1 117
5921 12 1 118
5922 12 1 119
5923 12 1 120
5924 12 1 121
5925 12 1 122
5926 12 1 123
5927 12 1 124
5928 12 1 125
5929 12 1 126
5930 12 1 127
5931 12 1 128
5932 12 1 129
5933 12 1 130
5934 12 1 131
5935 12 1 132
5936 12 1 133
5937 12 1 134
5938 12 1 135
5939 12 1 136
5940 13 1 96
5941 13 1 97
5942 14 255 97
5943 13 1 98
5944 15 4 98
5945 13 1 99
5946 16 249 99
5947 13 1 100
5948 17 16 100
5949 13 1 101
5950 18 225 101
5951 13 1 102
5952 19 64 102
5953 13 1 103
5954 20 129 103
5955 13 1 104
5956 21 256 104
5957 13 1 105
5958 22 2 105
5959 13 1 106
5960 23 253 106
5961 13 1 107
5962 13 1 108
5963 13 1 109
5964 13 1 110
5965 13 1 111
5966 13 1 112
5967 13 1 113
5968 13 1 114
5969 13 1 115
5970 13 1 116
5971 13 1 117
5972 13 1 118
5973 13 1 119
5974 13 1 120
5975 13 1 121
5976 13 1 122
5977 13 1 123
5978 13 1 124
5979 13 1 125
5980 13 1 126
5981 13 1 127
5982 13 1 128
5983 13 1 129
5984 13 1 130
5985 13 1 131
5986 13 1 132
5987 13 1 133
5988 13 1 134
5989 13 1 135
5990 13 1 136
5991 14 1 98
5992 14 1 99
5993 15 255 99
5994 14 1 100
5995 16 4 100
5996 14 1 101
5997 17 249 101
5998 14 1 102
5999 18 16 102
6000 14 1 103
6001 19 225 103
6002 14 1 104
6003 20 64 104
6004 14 1 105
6005 21 129 105
6006 14 1 106
6007 22 256 106
6008 14 1 107
6009 23 2 107
6010 14 1 108
6011 24 253 108
6012 14 1 109
6013 25 8 109
6014 14 1 110
6015 14 1 111
6016 14 1 112
6017 14 1 113
6018 14 1 114
6019 14 1 115
6020 14 1 116
6021 14 1 117
6022 14 1 118
6023 14 1 119
6024 14 1 120
6025 14 1 121
6026 14 1 122
6027 14 1 123
6028 14 1 124
6029 14 1 125
6030 14 1 126
6031 14 1 127
6032 14 1 128
6033 14 1 129
6034 14 1 130
6035 14 1 131
6036 14 1 132
6037 14 1 133
6038 14 1 134
6039 14 1 135
6040 14 1 136
6041 15 1 100
6042 15 1 101
6043 16 255 101
6044 15 1 102
6045 17 4 102
6046 15 1 103
6047 18 249 103
6048 15 1 104
6049 19 16 104
6050 15 1 105
6051 20 225 105
6052 15 1 106
6053 21 64 106
6054 15 1 107
6055 22 129 107
6056 15 1 108
6057 23 256 108
6058 15 1 109
6059 24 2 109
6060 15 1 110
6061 25 253 110
6062 15 1 111
6063 26 8 111
6064 15 1 112
6065 27 241 112
6066 15 1 113
6067 15 1 114
6068 15 1 115
6069 15 1 116
6070 15 1 117
6071 15 1 118
6072 15 1 119
6073 15 1 120
6074 15 1 121
6075 15 1 122
6076 15 1 123
6077 15 1 124
6078 15 1 125
6079 15 1 126
6080 15 1 127
6081 15 1 128
6082 15 1 129
6083 15 1 130
6084 15 1 131
6085 15 1 132
6086 15 1 133
6087 15 1 134
6088 15 1 135
6089 15 1 136
6090 16 1 102
6091 16 1 103
6092 17 255 103
6093 16 1 104
6094 18 4 104
6095 16 1 105
6096 19 249 105
6097 16 1 106
6098 20 16 106
6099 16 1 107
6100 21 225 107
6101 16 1 108
6102 22 64 108
6103 16 1 109
6104 23 129 109
6105 16 1 110
6106 24 256 110
6107 16 1 111
6108 25 2 111
6109 16 1 112
6110 26 253 112
6111 16 1 113
6112 27 8 113
6113 16 1 114
6114 28 241 114
6115 16 1 115
6116 29 32 115
6117 16 1 116
6118 16 1 117
6119 16 1 118
6120 16 1 119
6121 16 1 120
6122 16 1 121
6123 16 1 122
6124 16 1 123
6125 16 1 124
6126 16 1 125
6127 16 1 126
6128 16 1 127
6129 16 1 128
6130 16 1 129
6131 16 1 130
6132 16 1 131
6133 16 1 132
6134 16 1 133
6135 16 1 134
6136 16 1 135
6137 16 1 136
6138 17 1 104
6139 17 1 105
6140 18 255 105
6141 17 1 106
6142 19 4 106
6143 17 1 107
6144 20 249 107
6145 17 1 108
6146 21 16 108
6147 17 1 109
6148 22 225 109
6149 17 1 110
6150 23 64 110
6151 17 1 111
6152 24 129 111
6153 17 1 112
6154 25 256 112
6155 17 1 113
6156 26 2 113
6157 17 1 114
6158 27 253 114
6159 17 1 115
6160 28 8 115
6161 17 1 116
6162 29 241 116
6163 17 1 117
6164 30 32 117
6165 17 1 118
6166 31 193 118
6167 17 1 119
6168 17 1 120
6169 17 1 121
6170 17 1 122
6171 17 1 123
6172 17 1 124
6173 17 1 125
6174 17 1 126
6175 17 1 127
6176 17 1 128
6177 17 1 129
6178 17 1 130
6179 17 1 131
6180 17 1 132
6181 17 1 133
6182 17 1 134
6183 17 1 135
6184 17 1 136
6185 18 1 106
6186 18 1 107
6187 19 255 107
6188 18 1 108
6189 20 4 108
6190 18 1 109
6191 21 249 109
6192 18 1 110
6193 22 16 110
6194 18 1 111
6195 23 225 111
6196 18 1 112
6197 24 64 112
6198 18 1 113
6199 25 129 113
6200 18 1 114
6201 26 256 114
6202 18 1 115
6203 27 2 115
6204 18 1 116
6205 28 253 116
6206 18 1 117
6207 29 8 117
6208 18 1 118
6209 30 241 118
6210 18 1 119
6211 31 32 119
6212 18 1 120
6213 32 193 120
6214 18 1 121
6215 33 128 121
6216 18 1 122
6217 18 1 123
6218 18 1 124
6219 18 1 125
6220 18 1 126
6221 18 1 127
6222 18 1 128
6223 18 1 129
6224 18 1 130
6225 18 1 131
6226 18 1 132
6227 18 1 133
6228 18 1 134
6229 18 1 135
6230 18 1 136
6231 19 1 108
6232 19 1 109
6233 20 255 109
6234 19 1 110
6235 21 4 110
6236 19 1 111
6237 22 249 111
6238 19 1 112
6239 23 16 112
6240 19 1 113
6241 24 225 113
6242 19 1 114
6243 25 64 114
6244 19 1 115
6245 26 129 115
6246 19 1 116
6247 27 256 116
6248 19 1 117
6249 28 2 117
6250 19 1 118
6251 29 253 118
6252 19 1 119
6253 30 8 119
6254 19 1 120
6255 31 241 120
6256 19 1 121
6257 32 32 121
6258 19 1 122
6259 33 193 122
6260 19 1 123
6261 34 128 123
6262 19 1 124
6263 35 1 124
6264 19 1 125
6265 19 1 126
6266 19 1 127
6267 19 1 128
6268 19 1 129
6269 19 1 130
6270 19 1 131
6271 19 1 132
6272 19 1 133
6273 19 1 134
6274 19 1 135
6275 19 1 136
6276 20 1 110
6277 20 1 111
6278 21 255 111
6279 20 1 112
6280 22 4 112
6281 20 1 113
6282 23 249 113
6283 20 1 114
6284 24 16 114
6285 20 1 115
6286 25 225 115
6287 20 1 116
6288 26 64 116
6289 20 1 117
6290 27 129 117
6291 20 1 118
6292 28 256 118
6293 20 1 119
6294 29 2 119
6295 20 1 120
6296 30 253 120
6297 20 1 121
6298 31 8 121
6299 20 1 122
6300 32 241 122
6301 20 1 123
6302 33 32 123
6303 20 1 124
6304 34 193 124
6305 20 1 125
6306 35 128 125
6307 20 1 126
6308 36 1 126
6309 20 1 127
6310 37 255 127
6311 20 1 128
6312 20 1 129
6313 20 1 130
6314 20 1 131
6315 20 1 132
6316 20 1 133
6317 20 1 134
6318 20 1 135
6319 20 1 136
6320 21 1 112
6321 21 1 113
6322 22 255 113
6323 21 1 114
6324 23 4 114
6325 21 1 115
6326 24 249 115
6327 21 1 116
6328 25 16 116
6329 21 1 117
6330 26 225 117
6331 21 1 118
6332 27 64 118
6333 21 1 119
6334 28 129 119
6335 21 1 120
6336 29 256 120
6337 21 1 121
6338 30 2 121
6339 21 1 122
6340 31 253 122
6341 21 1 123
6342 32 8 123
6343 21 1 124
6344 33 241 124
6345 21 1 125
6346 34 32 125
6347 21 1 126
6348 35 193 126
6349 21 1 127
6350 36 128 127
6351 21 1 128
6352 37 1 128
6353 21 1 129
6354 38 255 129
6355 21 1 130
6356 39 4 130
6357 21 1 131
6358 21 1 132
6359 21 1 133
6360 21 1 134
6361 21 1 135
6362 21 1 136
6363 22 1 114
6364 22 1 115
6365 23 255 115
6366 22 1 116
6367 24 4 116
6368 22 1 117
6369 25 249 117
6370 22 1 118
6371 26 16 118
6372 22 1 119
6373 27 225 119
6374 22 1 120
6375 28 64 120
6376 22 1 121
6377 29 129 121
6378 22 1 122
6379 30 256 122
6380 22 1 123
6381 31 2 123
6382 22 1 124
6383 32 253 124
6384 22 1 125
6385 33 8 125
6386 22 1 126
6387 34 241 126
6388 22 1 127
6389 35 32 127
6390 22 1 128
6391 36 193 128
6392 22 1 129
6393 37 128 129
6394 22 1 130
6395 38 1 130
6396 22 1 131
6397 39 255 131
6398 22 1 132
6399 40 4 132
6400 22 1 133
6401 41 249 133
6402 22 1 134
6403 22 1 135
6404 22 1 136
6405 23 1 116
6406 23 1 117
6407 24 255 117
6408 23 1 118
6409 25 4 118
6410 23 1 119
6411 26 249 119
6412 23 1 120
6413 27 16 120
6414 23 1 121
6415 28 225 121
6416 23 1 122
6417 29 64 122
6418 23 1 123
6419 30 129 123
6420 23 1 124
6421 31 256 124
6422 23 1 125
6423 32 2 125
6424 23 1 126
6425 33 253 126
6426 23 1 127
6427 34 8 127
6428 23 1 128
6429 35 241 128
6430 23 1 129
6431 36 32 129
6432 23 1 130
6433 37 193 130
6434 23 1 131
6435 38 128 131
6436 23 1 132
6437 39 1 132
6438 23 1 133
6439 40 255 133
6440 23 1 134
6441 41 4 134
6442 23 1 135
6443 42 249 135
6444 23 1 136
6445 43 16 136
6446 24 1 118
6447 24 1 119
6448 25 255 119
6449 24 1 120
6450 26 4 120
6451 24 1 121
6452 27 249 121
6453 24 1 122
6454 28 16 122
6455 24 1 123
6456 29 225 123
6457 24 1 124
6458 30 64 124
6459 24 1 125
6460 31 129 125
6461 24 1 126
6462 32 256 126
6463 24 1 127
6464 33 2 127
6465 24 1 128
6466 34 253 128
6467 24 1 129
6468 35 8 129
6469 24 1 130
6470 36 241 130
6471 24 1 131
6472 37 32 131
6473 24 1 132
6474 38 193 132
6475 24 1 133
6476 39 128 133
6477 24 1 134
6478 40 1 134
6479 24 1 135
6480 41 255 135
6481 24 1 136
6482 42 4 136
6483 22 176 137
6484 23 10 137
6485 24 1 137
6486 25 1 120
6487 25 1 121
6488 26 255 121
6489 25 1 122
6490 27 4 122
6491 25 1 123
6492 28 249 123
6493 25 1 124
6494 29 16 124
6495 25 1 125
6496 30 225 125
6497 25 1 126
6498 31 64 126
6499 25 1 127
6500 32 129 127
6501 25 1 128
6502 33 256 128
6503 25 1 129
6504 34 2 129
6505 25 1 130
6506 35 253 130
6507 25 1 131
6508 36 8 131
6509 25 1 132
6510 37 241 132
6511 25 1 133
6512 38 32 133
6513 25 1 134
6514 39 193 134
6515 25 1 135
6516 40 128 135
6517 25 1 136
6518 41 1 136
6519 20 146 137
6520 21 101 137
6521 25 1 137
6522 43 28 137
6523 24 69 138
6524 25 1 138
6525 26 1 122
6526 26 1 123
6527 27 255 123
6528 26 1 124
6529 28 4 124
6530 26 1 125
6531 29 249 125
6532 26 1 126
6533 30 16 126
6534 26 1 127
6535 31 225 127
6536 26 1 128
6537 32 64 128
6538 26 1 129
6539 33 129 129
6540 26 1 130
6541 34 256 130
6542 26 1 131
6543 35 2 131
6544 26 1 132
6545 36 253 132
6546 26 1 133
6547 37 8 133
6548 26 1 134
6549 38 241 134
6550 26 1 135
6551 39 32 135
6552 26 1 136
6553 40 193 136
6554 18 195 137
6555 19 208 137
6556 26 1 137
6557 42 175 137
6558 22 173 138
6559 23 132 138
6560 26 1 138
6561 44 23 138
6562 26 1 139
6563 27 1 124
6564 27 1 125
6565 28 255 125
6566 27 1 126
6567 29 4 126
6568 27 1 127
6569 30 249 127
6570 27 1 128
6571 31 16 128
6572 27 1 129
6573 32 225 129
6574 27 1 130
6575 33 64 130
6576 27 1 131
6577 34 129 131
6578 27 1 132
6579 35 256 132
6580 27 1 133
6581 36 2 133
6582 27 1 134
6583 37 253 134
6584 27 1 135
6585 38 8 135
6586 27 1 136
6587 39 241 136
6588 16 32 137
6589 17 153 137
6590 27 1 137
6591 41 122 137
6592 20 228 138
6593 21 89 138
6594 27 1 138
6595 43 221 138
6596 24 86 139
6597 25 232 139
6598 27 1 139
6599 45 180 139
6600 28 1 126
6601 28 1 127
6602 29 255 127
6603 28 1 128
6604 30 4 128
6605 28 1 129
6606 31 249 129
6607 28 1 130
6608 32 16 130
6609 28 1 131
6610 33 225 131
6611 28 1 132
6612 34 64 132
6613 28 1 133
6614 35 129 133
6615 28 1 134
6616 36 256 134
6617 28 1 135
6618 37 2 135
6619 28 1 136
6620 38 253 136
6621 14 99 137
6622 15 252 137
6623 28 1 137
6624 40 225 137
6625 18 81 138
6626 19 58 138
6627 28 1 138
6628 42 207 138
6629 22 227 139
6630 23 225 139
6631 28 1 139
6632 44 77 139
6633 26 203 140
6634 27 195 140
6635 28 1 140
6636 29 1 128
6637 29 1 129
6638 30 255 129
6639 29 1 130
6640 31 4 130
6641 29 1 131
6642 32 249 131
6643 29 1 132
6644 33 16 132
6645 29 1 133
6646 34 225 133
6647 29 1 134
6648 35 64 134
6649 29 1 135
6650 36 129 135
6651 29 1 136
6652 37 256 136
6653 12 188 137
6654 13 82 137
6655 29 1 137
6656 39 79 137
6657 16 201 138
6658 17 21 138
6659 29 1 138
6660 41 120 138
6661 20 225 139
6662 21 104 139
6663 29 1 139
6664 43 107 139
6665 24 248 140
6666 25 196 140
6667 29 1 140
6668 45 145 140
6669 28 233 141
6670 29 1 141
6671 30 1 130
6672 30 1 131
6673 31 255 131
6674 30 1 132
6675 32 4 132
6676 30 1 133
6677 33 249 133
6678 30 1 134
6679 34 16 134
6680 30 1 135
6681 35 225 135
6682 30 1 136
6683 36 64 136
6684 10 158 137
6685 11 242 137
6686 30 1 137
6687 38 227 137
6688 14 87 138
6689 15 243 138
6690 30 1 138
6691 40 62 138
6692 18 102 139
6693 19 26 139
6694 30 1 139
6695 42 7 139
6696 22 101 140
6697 23 250 140
6698 30 1 140
6699 44 14 140
6700 26 145 141
6701 27 69 141
6702 30 1 141
6703 46 20 141
6704 30 1 142
6705 31 1 132
6706 31 1 133
6707 32 255 133
6708 31 1 134
6709 33 4 134
6710 31 1 135
6711 34 249 135
6712 31 1 136
6713 35 16 136
6714 8 109 137
6715 9 129 137
6716 31 1 137
6717 37 119 137
6718 12 111 138
6719 13 157 138
6720 31 1 138
6721 39 228 138
6722 16 143 139
6723 17 169 139
6724 31 1 139
6725 41 169 139
6726 20 168 140
6727 21 194 140
6728 31 1 140
6729 43 102 140
6730 24 246 141
6731 25 100 141
6732 31 1 141
6733 45 156 141
6734 28 52 142
6735 29 124 142
6736 31 1 142
6737 47 83 142
6738 32 1 134
6739 32 1 135
6740 33 255 135
6741 32 1 136
6742 34 4 136
6743 6 34 137
6744 7 161 137
6745 32 1 137
6746 36 190 137
6747 10 227 138
6748 11 238 138
6749 32 1 138
6750 38 129 138
6751 14 100 139
6752 15 241 139
6753 32 1 139
6754 40 85 139
6755 18 82 140
6756 19 167 140
6757 32 1 140
6758 42 10 140
6759 22 64 141
6760 23 233 141
6761 32 1 141
6762 44 255 141
6763 26 143 142
6764 27 242 142
6765 32 1 142
6766 46 188 142
6767 30 203 143
6768 31 148 143
6769 32 1 143
6770 33 1 136
6771 4 8 137
6772 5 207 137
6773 33 1 137
6774 35 109 137
6775 8 186 138
6776 9 140 138
6777 33 1 138
6778 37 156 138
6779 12 114 139
6780 13 175 139
6781 33 1 139
6782 39 48 139
6783 16 25 140
6784 17 253 140
6785 33 1 140
6786 41 216 140
6787 20 170 141
6788 21 14 141
6789 33 1 141
6790 43 206 141
6791 24 32 142
6792 25 245 142
6793 33 1 142
6794 45 68 142
6795 28 181 143
6796 29 247 143
6797 33 1 143
6798 47 123 143
6799 32 17 144
6800 33 1 144
6801 34 1 137
6802 6 36 138
6803 7 32 138
6804 34 1 138
6805 36 236 138
6806 10 256 139
6807 11 154 139
6808 34 1 139
6809 38 161 139
6810 14 161 140
6811 15 42 140
6812 34 1 140
6813 40 64 140
6814 18 221 141
6815 19 88 141
6816 34 1 141
6817 42 9 141
6818 22 32 142
6819 23 178 142
6820 34 1 142
6821 44 155 142
6822 26 169 143
6823 27 33 143
6824 34 1 143
6825 46 204 143
6826 30 13 144
6827 31 22 144
6828 34 1 144
6829 48 213 144
6830 34 1 145
6831 35 1 138
6832 8 152 139
6833 9 78 139
6834 35 1 139
6835 37 39 139
6836 12 237 140
6837 13 253 140
6838 35 1 140
6839 39 106 140
6840 16 225 141
6841 17 14 141
6842 35 1 141
6843 41 11 141
6844 20 7 142
6845 21 40 142
6846 35 1 142
6847 43 232 142
6848 24 122 143
6849 25 4 143
6850 35 1 143
6851 45 213 143
6852 28 160 144
6853 29 197 144
6854 35 1 144
6855 47 231 144
6856 32 13 145
6857 33 22 145
6858 35 1 145
6859 49 111 145
6860 36 1 139
6861 10 148 140
6862 11 103 140
6863 36 1 140
6864 38 235 140
6865 14 45 141
6866 15 9 141
6867 36 1 141
6868 40 230 141
6869 18 109 142
6870 19 129 142
6871 36 1 142
6872 42 240 142
6873 22 4 143
6874 23 133 143
6875 36 1 143
6876 44 44 143
6877 26 144 144
6878 27 30 144
6879 36 1 144
6880 46 158 144
6881 30 75 145
6882 31 4 145
6883 36 1 145
6884 48 153 145
6885 34 67 146
6886 35 232 146
6887 36 1 146
6888 37 1 140
6889 12 6 141
6890 13 91 141
6891 37 1 141
6892 39 99 141
6893 16 83 142
6894 17 68 142
6895 37 1 142
6896 41 62 142
6897 20 223 143
6898 21 47 143
6899 37 1 143
6900 43 79 143
6901 24 157 144
6902 25 16 144
6903 37 1 144
6904 45 76 144
6905 28 128 145
6906 29 198 145
6907 37 1 145
6908 47 90 145
6909 32 245 146
6910 33 133 146
6911 37 1 146
6912 49 251 146
6913 36 59 147
6914 37 1 147
6915 38 1 141
6916 14 208 142
6917 15 242 142
6918 38 1 142
6919 40 108 142
6920 18 88 143
6921 19 69 143
6922 38 1 143
6923 42 190 143
6924 22 63 144
6925 23 117 144
6926 38 1 144
6927 44 223 144
6928 26 24 145
6929 27 27 145
6930 38 1 145
6931 46 34 145
6932 30 196 146
6933 31 255 146
6934 38 1 146
6935 48 240 146
6936 34 241 147
6937 35 6 147
6938 38 1 147
6939 50 215 147
6940 38 1 148
6941 39 1 142
6942 16 104 143
6943 17 121 143
6944 39 1 143
6945 41 155 143
6946 20 56 144
6947 21 114 144
6948 39 1 144
6949 43 144 144
6950 24 256 145
6951 25 145 145
6952 39 1 145
6953 45 148 145
6954 28 24 146
6955 29 27 146
6956 39 1 146
6957 47 207 146
6958 32 245 147
6959 33 126 147
6960 39 1 147
6961 49 206 147
6962 36 85 148
6963 37 193 148
6964 39 1 148
6965 51 225 148
6966 40 1 143
6967 18 108 144
6968 19 96 144
6969 40 1 144
6970 42 42 144
6971 22 214 145
6972 23 197 145
6973 40 1 145
6974 44 180 145
6975 26 229 146
6976 27 205 146
6977 40 1 146
6978 46 222 146
6979 30 255 147
6980 31 62 147
6981 40 1 147
6982 48 157 147
6983 34 188 148
6984 35 82 148
6985 40 1 148
6986 50 207 148
6987 38 236 149
6988 39 40 149
6989 40 1 149
6990 41 1 144
6991 20 172 145
6992 21 210 145
6993 41 1 145
6994 43 87 145
6995 24 244 146
6996 25 203 146
6997 41 1 146
6998 45 228 146
6999 28 26 147
7000 29 85 147
7001 41 1 147
7002 47 16 147
7003 32 190 148
7004 33 21 148
7005 41 1 148
7006 49 6 148
7007 36 102 149
7008 37 214 149
7009 41 1 149
7010 51 126 149
7011 40 83 150
7012 41 1 150
7013 42 1 145
7014 22 74 146
7015 23 180 146
7016 42 1 146
7017 44 11 146
7018 26 81 147
7019 27 119 147
7020 42 1 147
7021 46 183 147
7022 30 79 148
7023 31 110 148
7024 42 1 148
7025 48 77 148
7026 34 47 149
7027 35 85 149
7028 42 1 149
7029 50 14 149
7030 38 204 150
7031 39 171 150
7032 42 1 150
7033 52 242 150
7034 42 1 151
7035 43 1 146
7036 24 74 147
7037 25 180 147
7038 43 1 147
7039 45 103 147
7040 28 99 148
7041 29 174 148
7042 43 1 148
7043 47 180 148
7044 32 247 149
7045 33 165 149
7046 43 1 149
7047 49 214 149
7048 36 124 150
7049 37 11 150
7050 43 1 150
7051 51 242 150
7052 40 219 151
7053 41 142 151
7054 43 1 151
7055 53 92 151
7056 44 1 147
7057 26 248 148
7058 27 249 148
7059 44 1 148
7060 46 148 148
7061 30 170 149
7062 31 34 149
7063 44 1 149
7064 48 240 149
7065 34 154 150
7066 35 29 150
7067 44 1 150
7068 50 246 150
7069 38 188 151
7070 39 83 151
7071 44 1 151
7072 52 212 151
7073 42 130 152
7074 43 177 152
7075 44 1 152
7076 45 1 148
7077 28 245 149
7078 29 75 149
7079 45 1 149
7080 47 202 149
7081 32 212 150
7082 33 248 150
7083 45 1 150
7084 49 117 150
7085 36 51 151
7086 37 58 151
7087 45 1 151
7088 51 53 151
7089 40 213 152
7090 41 79 152
7091 45 1 152
7092 53 92 152
7093 44 159 153
7094 45 1 153
7095 46 1 149
7096 30 27 150
7097 31 24 150
7098 46 1 150
7099 48 84 150
7100 34 173 151
7101 35 86 151
7102 46 1 151
7103 50 61 151
7104 38 177 152
7105 39 35 152
7106 46 1 152
7107 52 106 152
7108 42 129 153
7109 43 113 153
7110 46 1 153
7111 54 203 153
7112 46 1 154
7113 47 1 150
7114 32 240 151
7115 33 42 151
7116 47 1 151
7117 49 176 151
7118 36 77 152
7119 37 221 152
7120 47 1 152
7121 51 31 152
7122 40 215 153
7123 41 179 153
7124 47 1 153
7125 53 79 153
7126 44 233 154
7127 45 230 154
7128 47 1 154
7129 55 28 154
7130 48 1 151
7131 34 223 152
7132 35 84 152
7133 48 1 152
7134 50 34 152
7135 38 150 153
7136 39 30 153
7137 48 1 153
7138 52 175 153
7139 42 244 154
7140 43 86 154
7141 48 1 154
7142 54 69 154
7143 46 161 155
7144 47 149 155
7145 48 1 155
7146 49 1 152
7147 36 216 153
7148 37 192 153
7149 49 1 153
7150 51 157 153
7151 40 168 154
7152 41 85 154
7153 49 1 154
7154 53 18 154
7155 44 56 155
7156 45 104 155
7157 49 1 155
7158 55 207 155
7159 48 58 156
7160 49 1 156
7161 50 1 153
7162 38 130 154
7163 39 87 154
7164 50 1 154
7165 52 137 154
7166 42 176 155
7167 43 138 155
7168 50 1 155
7169 54 30 155
7170 46 8 156
7171 47 125 156
7172 50 1 156
7173 56 57 156
7174 50 1 157
7175 51 1 154
7176 40 133 155
7177 41 4 155
7178 51 1 155
7179 53 196 155
7180 44 52 156
7181 45 216 156
7182 51 1 156
7183 55 54 156
7184 48 40 157
7185 49 111 157
7186 51 1 157
7187 57 142 157
7188 52 1 155
7189 42 109 156
7190 43 154 156
7191 52 1 156
7192 54 245 156
7193 46 174 157
7194 47 189 157
7195 52 1 157
7196 56 108 157
7197 50 240 158
7198 51 152 158
7199 52 1 158
7200 53 1 156
7201 44 179 157
7202 45 102 157
7203 53 1 157
7204 55 58 157
7205 48 14 158
7206 49 157 158
7207 53 1 158
7208 57 252 158
7209 52 218 159
7210 53 1 159
7211 54 1 157
7212 46 150 158
7213 47 219 158
7214 54 1 158
7215 56 163 158
7216 50 88 159
7217 51 69 159
7218 54 1 159
7219 58 242 159
7220 54 1 160
7221 55 1 158
7222 48 54 159
7223 49 48 159
7224 55 1 159
7225 57 74 159
7226 52 75 160
7227 53 15 160
7228 55 1 160
7229 59 182 160
7230 56 1 159
7231 50 208 160
7232 51 242 160
7233 56 1 160
7234 58 111 160
7235 54 206 161
7236 55 144 161
7237 56 1 161
7238 57 1 160
7239 52 122 161
7240 53 137 161
7241 57 1 161
7242 59 185 161
7243 56 5 162
7244 57 1 162
7245 58 1 161
7246 54 192 162
7247 55 85 162
7248 58 1 162
7249 60 113 162
7250 58 1 163
7251 59 1 162
7252 56 183 163
7253 57 77 163
7254 59 1 163
7255 61 82 163
7256 60 1 163
7257 58 210 164
7258 59 101 164
7259 60 1 164
7260 61 1 164
7261 60 226 165
7262 61 1 165
7263 62 1 165
7264 62 1 166
7265 63 1 166
7266 64 241 168
7267 63 166 167
7268 62 141 167
7269 61 47 166
7270 60 187 166
7271 59 148 165
7272 58 135 165
7273 57 45 164
7274 56 15 164
7275 55 5 163
7276 54 173 163
7277 53 229 162
7278 52 162 162
7279 51 54 161
7280 50 18 161
7281 49 6 160
7282 48 2 160
7283 47 172 159
7284 46 143 159
7285 45 219 158
7286 44 73 158
7287 43 110 157
7288 42 208 157
7289 41 155 156
7290 40 223 156
7291 39 160 155
7292 38 139 155
7293 37 132 154
7294 36 44 154
7295 35 186 153
7296 34 62 153
7297 33 192 152
7298 32 64 152
7299 31 107 151
7300 30 207 151
7301 29 69 150
7302 28 23 150
7303 27 179 149
7304 26 231 149
7305 25 77 148
7306 24 197 148
7307 23 237 147
7308 22 79 147
7309 21 112 146
7310 20 123 146
7311 19 41 145
7312 18 185 145
7313 17 233 144
7314 16 249 144
7315 15 83 143
7316 14 199 143
7317 13 152 142
7318 12 222 142
7319 65 241 169
7320 64 166 169
7321 63 141 168
7322 62 47 168
7323 61 187 167
7324 60 148 167
7325 59 135 166
7326 58 45 166
7327 57 15 165
7328 56 5 165
7329 55 173 164
7330 54 229 164
7331 53 162 163
7332 52 54 163
7333 51 18 162
7334 50 6 162
7335 49 2 161
7336 48 172 161
7337 47 143 160
7338 46 219 160
7339 45 73 159
7340 44 110 159
7341 43 208 158
7342 42 155 158
7343 41 223 157
7344 40 160 157
7345 39 139 156
7346 38 132 156
7347 37 44 155
7348 36 186 155
7349 35 62 154
7350 34 192 154
7351 33 64 153
7352 32 107 153
7353 31 207 152
7354 30 69 152
7355 29 23 151
7356 28 179 151
7357 27 231 150
7358 26 77 150
7359 25 197 149
7360 24 237 149
7361 23 79 148
7362 22 112 148
7363 21 123 147
7364 20 41 147
7365 19 185 146
7366 18 233 146
7367 17 249 145
7368 16 83 145
7369 15 199 144
7370 14 152 144
7371 66 241 171
7372 65 166 170
7373 64 141 170
7374 63 47 169
7375 62 187 169
7376 61 148 168
7377 60 135 168
7378 59 45 167
7379 58 15 167
7380 57 5 166
7381 56 173 166
7382 55 229 165
7383 54 162 165
7384 53 54 164
7385 52 18 164
7386 51 6 163
7387 50 2 163
7388 49 172 162
7389 48 143 162
7390 47 219 161
7391 46 73 161
7392 45 110 160
7393 44 208 160
7394 43 155 159
7395 42 223 159
7396 41 160 158
7397 40 139 158
7398 39 132 157
7399 38 44 157
7400 37 186 156
7401 36 62 156
7402 35 192 155
7403 34 64 155
7404 33 107 154
7405 32 207 154
7406 31 69 153
7407 30 23 153
7408 29 179 152
7409 28 231 152
7410 27 77 151
7411 26 197 151
7412 25 237 150
7413 24 79 150
7414 23 112 149
7415 22 123 149
7416 21 41 148
7417 20 185 148
7418 19 233 147
7419 18 249 147
7420 17 83 146
7421 16 199 146
7422 67 241 172
7423 66 166 172
7424 65 141 171
7425 64 47 171
7426 63 187 170
7427 62 148 170
7428 61 135 169
7429 60 45 169
7430 59 15 168
7431 58 5 168
7432 57 173 167
7433 56 229 167
7434 55 162 166
7435 54 54 166
7436 53 18 165
7437 52 6 165
7438 51 2 164
7439 50 172 164
7440 49 143 163
7441 48 219 163
7442 47 73 162
7443 46 110 162
7444 45 208 161
7445 44 155 161
7446 43 223 160
7447 42 160 160
7448 41 139 159
7449 40 132 159
7450 39 44 158
7451 38 186 158
7452 37 62 157
7453 36 192 157
7454 35 64 156
7455 34 107 156
7456 33 207 155
7457 32 69 155
7458 31 23 154
7459 30 179 154
7460 29 231 153
7461 28 77 153
7462 27 197 152
7463 26 237 152
7464 25 79 151
7465 24 112 151
7466 23 123 150
7467 22 41 150
7468 21 185 149
7469 20 233 149
7470 19 249 148
7471 18 83 148
7472 68 241 174
7473 67 166 173
7474 66 141 173
7475 65 47 172
7476 64 187 172
7477 63 148 171
7478 62 135 171
7479 61 45 170
7480 60 15 170
7481 59 5 169
7482 58 173 169
7483 57 229 168
7484 56 162 168
7485 55 54 167
7486 54 18 167
7487 53 6 166
7488 52 2 166
7489 51 172 165
7490 50 143 165
7491 49 219 164
7492 48 73 164
7493 47 110 163
7494 46 208 163
7495 45 155 162
7496 44 223 162
7497 43 160 161
7498 42 139 161
7499 41 132 160
7500 40 44 160
7501 39 186 159
7502 38 62 159
7503 37 192 158
7504 36 64 158
7505 35 107 157
7506 34 207 157
7507 33 69 156
7508 32 23 156
7509 31 179 155
7510 30 231 155
7511 29 77 154
7512 28 197 154
7513 27 237 153
7514 26 79 153
7515 25 112 152
7516 24 123 152
7517 23 41 151
7518 22 185 151
7519 21 233 150
7520 20 249 150
7521 69 241 175
7522 68 166 175
7523 67 141 174
7524 66 47 174
7525 65 187 173
7526 64 148 173
7527 63 135 172
7528 62 45 172
7529 61 15 171
7530 60 5 171
7531 59 173 170
7532 58 229 170
7533 57 162 169
7534 56 54 169
7535 55 18 168
7536 54 6 168
7537 53 2 167
7538 52 172 167
7539 51 143 166
7540 50 219 166
7541 49 73 165
7542 48 110 165
7543 47 208 164
7544 46 155 164
7545 45 223 163
7546 44 160 163
7547 43 139 162
7548 42 132 162
7549 41 44 161
7550 40 186 161
7551 39 62 160
7552 38 192 160
7553 37 64 159
7554 36 107 159
7555 35 207 158
7556 34 69 158
7557 33 23 157
7558 32 179 157
7559 31 231 156
7560 30 77 156
7561 29 197 155
7562 28 237 155
7563 27 79 154
7564 26 112 154
7565 25 123 153
7566 24 41 153
7567 23 185 152
7568 22 233 152
7569 70 241 177
7570 69 166 176
7571 68 141 176
7572 67 47 175
7573 66 187 175
7574 65 148 174
7575 64 135 174
7576 63 45 173
7577 62 15 173
7578 61 5 172
7579 60 173 172
7580 59 229 171
7581 58 162 171
7582 57 54 170
7583 56 18 170
7584 55 6 169
7585 54 2 169
7586 53 172 168
7587 52 143 168
7588 51 219 167
7589 50 73 167
7590 49 110 166
7591 48 208 166
7592 47 155 165
7593 46 223 165
7594 45 160 164
7595 44 139 164
7596 43 132 163
7597 42 44 163
7598 41 186 162
7599 40 62 162
7600 39 192 161
7601 38 64 161
7602 37 107 160
7603 36 207 160
7604 35 69 159
7605 34 23 159
7606 33 179 158
7607 32 231 158
7608 31 77 157
7609 30 197 157
7610 29 237 156
7611 28 79 156
7612 27 112 155
7613 26 123 155
7614 25 41 154
7615 24 185 154
7616 71 241 178
7617 70 166 178
7618 69 141 177
7619 68 47 177
7620 67 187 176
7621 66 148 176
7622 65 135 175
7623 64 45 175
7624 63 15 174
7625 62 5 174
7626 61 173 173
7627 60 229 173
7628 59 162 172
7629 58 54 172
7630 57 18 171
7631 56 6 171
7632 55 2 170
7633 54 172 170
7634 53 143 169
7635 52 219 169
7636 51 73 168
7637 50 110 168
7638 49 208 167
7639 48 155 167
7640 47 223 166
7641 46 160 166
7642 45 139 165
7643 44 132 165
7644 43 44 164
7645 42 186 164
7646 41 62 163
7647 40 192 163
7648 39 64 162
7649 38 107 162
7650 37 207 161
7651 36 69 161
7652 35 23 160
7653 34 179 160
7654 33 231 159
7655 32 77 159
7656 31 197 158
7657 30 237 158
7658 29 79 157
7659 28 112 157
7660 27 123 156
7661 26 41 156
7662 72 241 180
7663 71 166 179
7664 70 141 179
7665 69 47 178
7666 68 187 178
7667 67 148 177
7668 66 135 177
7669 65 45 176
7670 64 15 176
7671 63 5 175
7672 62 173 175
7673 61 229 174
7674 60 162 174
7675 59 54 173
7676 58 18 173
7677 57 6 172
7678 56 2 172
7679 55 172 171
7680 54 143 171
7681 53 219 170
7682 52 73 170
7683 51 110 169
7684 50 208 169
7685 49 155 168
7686 48 223 168
7687 47 160 167
7688 46 139 167
7689 45 132 166
7690 44 44 166
7691 43 186 165
7692 42 62 165
7693 41 192 164
7694 40 64 164
7695 39 107 163
7696 38 207 163
7697 37 69 162
7698 36 23 162
7699 35 179 161
7700 34 231 161
7701 33 77 160
7702 32 197 160
7703 31 237 159
7704 30 79 159
7705 29 112 158
7706 28 123 158
7707 73 241 181
7708 72 166 181
7709 71 141 180
7710 70 47 180
7711 69 187 179
7712 68 148 179
7713 67 135 178
7714 66 45 178
7715 65 15 177
7716 64 5 177
7717 63 173 176
7718 62 229 176
7719 61 162 175
7720 60 54 175
7721 59 18 174
7722 58 6 174
7723 57 2 173
7724 56 172 173
7725 55 143 172
7726 54 219 172
7727 53 73 171
7728 52 110 171
7729 51 208 170
7730 50 155 170
7731 49 223 169
7732 48 160 169
7733 47 139 168
7734 46 132 168
7735 45 44 167
7736 44 186 167
7737 43 62 166
7738 42 192 166
7739 41 64 165
7740 40 107 165
7741 39 207 164
7742 38 69 164
7743 37 23 163
7744 36 179 163
7745 35 231 162
7746 34 77 162
7747 33 197 161
7748 32 237 161
7749 31 79 160
7750 30 112 160
7751 74 241 183
7752 73 166 182
7753 72 141 182
7754 71 47 181
7755 70 187 181
7756 69 148 180
7757 68 135 180
7758 67 45 179
7759 66 15 179
7760 65 5 178
7761 64 173 178
7762 63 229 177
7763 62 162 177
7764 61 54 176
7765 60 18 176
7766 59 6 175
7767 58 2 175
7768 57 172 174
7769 56 143 174
7770 55 219 173
7771 54 73 173
7772 53 110 172
7773 52 208 172
7774 51 155 171
7775 50 223 171
7776 49 160 170
7777 48 139 170
7778 47 132 169
7779 46 44 169
7780 45 186 168
7781 44 62 168
7782 43 192 167
7783 42 64 167
7784 41 107 166
7785 40 207 166
7786 39 69 165
7787 38 23 165
7788 37 179 164
7789 36 231 164
7790 35 77 163
7791 34 197 163
7792 33 237 162
7793 32 79 162
7794 75 241 184
7795 74 166 184
7796 73 141 183
7797 72 47 183
7798 71 187 182
7799 70 148 182
7800 69 135 181
7801 68 45 181
7802 67 15 180
7803 66 5 180
7804 65 173 179
7805 64 229 179
7806 63 162 178
7807 62 54 178
7808 61 18 177
7809 60 6 177
7810 59 2 176
7811 58 172 176
7812 57 143 175
7813 56 219 175
7814 55 73 174
7815 54 110 174
7816 53 208 173
7817 52 155 173
7818 51 223 172
7819 50 160 172
7820 49 139 171
7821 48 132 171
7822 47 44 170
7823 46 186 170
7824 45 62 169
7825 44 192 169
7826 43 64 168
7827 42 107 168
7828 41 207 167
7829 40 69 167
7830 39 23 166
7831 38 179 166
7832 37 231 165
7833 36 77 165
7834 35 197 164
7835 34 237 164
7836 76 241 186
7837 75 166 185
7838 74 141 185
7839 73 47 184
7840 72 187 184
7841 71 148 183
7842 70 135 183
7843 69 45 182
7844 68 15 182
7845 67 5 181
7846 66 173 181
7847 65 229 180
7848 64 162 180
7849 63 54 179
7850 62 18 179
7851 61 6 178
7852 60 2 178
7853 59 172 177
7854 58 143 177
7855 57 219 176
7856 56 73 176
7857 55 110 175
7858 54 208 175
7859 53 155 174
7860 52 223 174
7861 51 160 173
7862 50 139 173
7863 49 132 172
7864 48 44 172
7865 47 186 171
7866 46 62 171
7867 45 192 170
7868 44 64 170
7869 43 107 169
7870 42 207 169
7871 41 69 168
7872 40 23 168
7873 39 179 167
7874 38 231 167
7875 37 77 166
7876 36 197 166
7877 77 241 187
7878 76 166 187
7879 75 141 186
7880 74 47 186
7881 73 187 185
7882 72 148 185
7883 71 135 184
7884 70 45 184
7885 69 15 183
7886 68 5 183
7887 67 173 182
7888 66 229 182
7889 65 162 181
7890 64 54 181
7891 63 18 180
7892 62 6 180
7893 61 2 179
7894 60 172 179
7895 59 143 178
7896 58 219 178
7897 57 73 177
7898 56 110 177
7899 55 208 176
7900 54 155 176
7901 53 223 175
7902 52 160 175
7903 51 139 174
7904 50 132 174
7905 49 44 173
7906 48 186 173
7907 47 62 172
7908 46 192 172
7909 45 64 171
7910 44 107 171
7911 43 207 170
7912 42 69 170
7913 41 23 169
7914 40 179 169
7915 39 231 168
7916 38 77 168
7917 78 241 189
7918 77 166 188
7919 76 141 188
7920 75 47 187
7921 74 187 187
7922 73 148 186
7923 72 135 186
7924 71 45 185
7925 70 15 185
7926 69 5 184
7927 68 173 184
7928 67 229 183
7929 66 162 183
7930 65 54 182
7931 64 18 182
7932 63 6 181
7933 62 2 181
7934 61 172 180
7935 60 143 180
7936 59 219 179
7937 58 73 179
7938 57 110 178
7939 56 208 178
7940 55 155 177
7941 54 223 177
7942 53 160 176
7943 52 139 176
7944 51 132 175
7945 50 44 175
7946 49 186 174
7947 48 62 174
7948 47 192 173
7949 46 64 173
7950 45 107 172
7951 44 207 172
7952 43 69 171
7953 42 23 171
7954 41 179 170
7955 40 231 170
7956 79 241 190
7957 78 166 190
7958 77 141 189
7959 76 47 189
7960 75 187 188
7961 74 148 188
7962 73 135 187
7963 72 45 187
7964 71 15 186
7965 70 5 186
7966 69 173 185
7967 68 229 185
7968 67 162 184
7969 66 54 184
7970 65 18 183
7971 64 6 183
7972 63 2 182
7973 62 172 182
7974 61 143 181
7975 60 219 181
7976 59 73 180
7977 58 110 180
7978 57 208 179
7979 56 155 179
7980 55 223 178
7981 54 160 178
7982 53 139 177
7983 52 132 177
7984 51 44 176
7985 50 186 176
7986 49 62 175
7987 48 192 175
7988 47 64 174
7989 46 107 174
7990 45 207 173
7991 44 69 173
7992 43 23 172
7993 42 179 172
7994 80 241 192
7995 79 166 191
7996 78 141 191
7997 77 47 190
7998 76 187 190
7999 75 148 189
8000 74 135 189
8001 73 45 188
8002 72 15 188
8003 71 5 187
8004 70 173 187
8005 69 229 186
8006 68 162 186
8007 67 54 185
8008 66 18 185
8009 65 6 184
8010 64 2 184
8011 63 172 183
8012 62 143 183
8013 61 219 182
8014 60 73 182
8015 59 110 181
8016 58 208 181
8017 57 155 180
8018 56 223 180
8019 55 160 179
8020 54 139 179
8021 53 132 178
8022 52 44 178
8023 51 186 177
8024 50 62 177
8025 49 192 176
8026 48 64 176
8027 47 107 175
8028 46 207 175
8029 45 69 174
8030 44 23 174
8031 81 241 193
8032 80 166 193
8033 79 141 192
8034 78 47 192
8035 77 187 191
8036 76 148 191
8037 75 135 190
8038 74 45 190
8039 73 15 189
8040 72 5 189
8041 71 173 188
8042 70 229 188
8043 69 162 187
8044 68 54 187
8045 67 18 186
8046 66 6 186
8047 65 2 185
8048 64 172 185
8049 63 143 184
8050 62 219 184
8051 61 73 183
8052 60 110 183
8053 59 208 182
8054 58 155 182
8055 57 223 181
8056 56 160 181
8057 55 139 180
8058 54 132 180
8059 53 44 179
8060 52 186 179
8061 51 62 178
8062 50 192 178
8063 49 64 177
8064 48 107 177
8065 47 207 176
8066 46 69 176
8067 82 241 195
8068 81 166 194
8069 80 141 194
8070 79 47 193
8071 78 187 193
8072 77 148 192
8073 76 135 192
8074 75 45 191
8075 74 15 191
8076 73 5 190
8077 72 173 190
8078 71 229 189
8079 70 162 189
8080 69 54 188
8081 68 18 188
8082 67 6 187
8083 66 2 187
8084 65 172 186
8085 64 143 186
8086 63 219 185
8087 62 73 185
8088 61 110 184
8089 60 208 184
8090 59 155 183
8091 58 223 183
8092 57 160 182
8093 56 139 182
8094 55 132 181
8095 54 44 181
8096 53 186 180
8097 52 62 180
8098 51 192 179
8099 50 64 179
8100 49 107 178
8101 48 207 178
8102 83 241 196
8103 82 166 196
8104 81 141 195
8105 80 47 195
8106 79 187 194
8107 78 148 194
8108 77 135 193
8109 76 45 193
8110 75 15 192
8111 74 5 192
8112 73 173 191
8113 72 229 191
8114 71 162 190
8115 70 54 190
8116 69 18 189
8117 68 6 189
8118 67 2 188
8119 66 172 188
8120 65 143 187
8121 64 219 187
8122 63 73 186
8123 62 110 186
8124 61 208 185
8125 60 155 185
8126 59 223 184
8127 58 160 184
8128 57 139 183
8129 56 132 183
8130 55 44 182
8131 54 186 182
8132 53 62 181
8133 52 192 181
8134 51 64 180
8135 50 107 180
8136 84 241 198
8137 83 166 197
8138 82 141 197
8139 81 47 196
8140 80 187 196
8141 79 148 195
8142 78 135 195
8143 77 45 194
8144 76 15 194
8145 75 5 193
8146 74 173 193
8147 73 229 192
8148 72 162 192
8149 71 54 191
8150 70 18 191
8151 69 6 190
8152 68 2 190
8153 67 172 189
8154 66 143 189
8155 65 219 188
8156 64 73 188
8157 63 110 187
8158 62 208 187
8159 61 155 186
8160 60 223 186
8161 59 160 185
8162 58 139 185
8163 57 132 184
8164 56 44 184
8165 55 186 183
8166 54 62 183
8167 53 192 182
8168 52 64 182
8169 85 241 199
8170 84 166 199
8171 83 141 198
8172 82 47 198
8173 81 187 197
8174 80 148 197
8175 79 135 196
8176 78 45 196
8177 77 15 195
8178 76 5 195
8179 75 173 194
8180 74 229 194
8181 73 162 193
8182 72 54 193
8183 71 18 192
8184 70 6 192
8185 69 2 191
8186 68 172 191
8187 67 143 190
8188 66 219 190
8189 65 73 189
8190 64 110 189
8191 63 208 188
8192 62 155 188
8193 61 223 187
8194 60 160 187
8195 59 139 186
8196 58 132 186
8197 57 44 185
8198 56 186 185
8199 55 62 184
8200 54 192 184
8201 86 241 201
8202 85 166 200
8203 84 141 200
8204 83 47 199
8205 82 187 199
8206 81 148 198
8207 80 135 198
8208 79 45 197
8209 78 15 197
8210 77 5 196
8211 76 173 196
8212 75 229 195
8213 74 162 195
8214 73 54 194
8215 72 18 194
8216 71 6 193
8217 70 2 193
8218 69 172 192
8219 68 143 192
8220 67 219 191
8221 66 73 191
8222 65 110 190
8223 64 208 190
8224 63 155 189
8225 62 223 189
8226 61 160 188
8227 60 139 188
8228 59 132 187
8229 58 44 187
8230 57 186 186
8231 56 62 186
8232 87 241 202
8233 86 166 202
8234 85 141 201
8235 84 47 201
8236 83 187 200
8237 82 148 200
8238 81 135 199
8239 80 45 199
8240 79 15 198
8241 78 5 198
8242 77 173 197
8243 76 229 197
8244 75 162 196
8245 74 54 196
8246 73 18 195
8247 72 6 195
8248 71 2 194
8249 70 172 194
8250 69 143 193
8251 68 219 193
8252 67 73 192
8253 66 110 192
8254 65 208 191
8255 64 155 191
8256 63 223 190
8257 62 160 190
8258 61 139 189
8259 60 132 189
8260 59 44 188
8261 58 186 188
8262 88 241 204
8263 87 166 203
8264 86 141 203
8265 85 47 202
8266 84 187 202
8267 83 148 201
8268 82 135 201
8269 81 45 200
8270 80 15 200
8271 79 5 199
8272 78 173 199
8273 77 229 198
8274 76 162 198
8275 75 54 197
8276 74 18 197
8277 73 6 196
8278 72 2 196
8279 71 172 195
8280 70 143 195
8281 69 219 194
8282 68 73 194
8283 67 110 193
8284 66 208 193
8285 65 155 192
8286 64 223 192
8287 63 160 191
8288 62 139 191
8289 61 132 190
8290 60 44 190
8291 89 241 205
8292 88 166 205
8293 87 141 204
8294 86 47 204
8295 85 187 203
8296 84 148 203
8297 83 135 202
8298 82 45 202
8299 81 15 201
8300 80 5 201
8301 79 173 200
8302 78 229 200
8303 77 162 199
8304 76 54 199
8305 75 18 198
8306 74 6 198
8307 73 2 197
8308 72 172 197
8309 71 143 196
8310 70 219 196
8311 69 73 195
8312 68 110 195
8313 67 208 194
8314 66 155 194
8315 65 223 193
8316 64 160 193
8317 63 139 192
8318 62 132 192
8319 90 241 207
8320 89 166 206
8321 88 141 206
8322 87 47 205
8323 86 187 205
8324 85 148 204
8325 84 135 204
8326 83 45 203
8327 82 15 203
8328 81 5 202
8329 80 173 202
8330 79 229 201
8331 78 162 201
8332 77 54 200
8333 76 18 200
8334 75 6 199
8335 74 2 199
8336 73 172 198
8337 72 143 198
8338 71 219 197
8339 70 73 197
8340 69 110 196
8341 68 208 196
8342 67 155 195
8343 66 223 195
8344 65 160 194
8345 64 139 194
8346 91 241 208
8347 90 166 208
8348 89 141 207
8349 88 47 207
8350 87 187 206
8351 86 148 206
8352 85 135 205
8353 84 45 205
8354 83 15 204
8355 82 5 204
8356 81 173 203
8357 80 229 203
8358 79 162 202
8359 78 54 202
8360 77 18 201
8361 76 6 201
8362 75 2 200
8363 74 172 200
8364 73 143 199
8365 72 219 199
8366 71 73 198
8367 70 110 198
8368 69 208 197
8369 68 155 197
8370 67 223 196
8371 66 160 196
8372 92 241 210
8373 91 166 209
8374 90 141 209
8375 89 47 208
8376 88 187 208
8377 87 148 207
8378 86 135 207
8379 85 45 206
8380 84 15 206
8381 83 5 205
8382 82 173 205
8383 81 229 204
8384 80 162 204
8385 79 54 203
8386 78 18 203
8387 77 6 202
8388 76 2 202
8389 75 172 201
8390 74 143 201
8391 73 219 200
8392 72 73 200
8393 71 110 199
8394 70 208 199
8395 69 155 198
8396 68 223 198
8397 93 241 211
8398 92 166 211
8399 91 141 210
8400 90 47 210
8401 89 187 209
8402 88 148 209
8403 87 135 208
8404 86 45 208
8405 85 15 207
8406 84 5 207
8407 83 173 206
8408 82 229 206
8409 81 162 205
8410 80 54 205
8411 79 18 204
8412 78 6 204
8413 77 2 203
8414 76 172 203
8415 75 143 202
8416 74 219 202
8417 73 73 201
8418 72 110 201
8419 71 208 200
8420 70 155 200
8421 94 241 213
8422 93 166 212
8423 92 141 212
8424 91 47 211
8425 90 187 211
8426 89 148 210
8427 88 135 210
8428 87 45 209
8429 86 15 209
8430 85 5 208
8431 84 173 208
8432 83 229 207
8433 82 162 207
8434 81 54 206
8435 80 18 206
8436 79 6 205
8437 78 2 205
8438 77 172 204
8439 76 143 204
8440 75 219 203
8441 74 73 203
8442 73 110 202
8443 72 208 202
8444 95 241 214
8445 94 166 214
8446 93 141 213
8447 92 47 213
8448 91 187 212
8449 90 148 212
8450 89 135 211
8451 88 45 211
8452 87 15 210
8453 86 5 210
8454 85 173 209
8455 84 229 209
8456 83 162 208
8457 82 54 208
8458 81 18 207
8459 80 6 207
8460 79 2 206
8461 78 172 206
8462 77 143 205
8463 76 219 205
8464 75 73 204
8465 74 110 204
8466 96 241 216
8467 95 166 215
8468 94 141 215
8469 93 47 214
8470 92 187 214
8471 91 148 213
8472 90 135 213
8473 89 45 212
8474 88 15 212
8475 87 5 211
8476 86 173 211
8477 85 229 210
8478 84 162 210
8479 83 54 209
8480 82 18 209
8481 81 6 208
8482 80 2 208
8483 79 172 207
8484 78 143 207
8485 77 219 206
8486 76 73 206
8487 97 241 217
8488 96 166 217
8489 95 141 216
8490 94 47 216
8491 93 187 215
8492 92 148 215
8493 91 135 214
8494 90 45 214
8495 89 15 213
8496 88 5 213
8497 87 173 212
8498 86 229 212
8499 85 162 211
8500 84 54 211
8501 83 18 210
8502 82 6 210
8503 81 2 209
8504 80 172 209
8505 79 143 208
8506 78 219 208
8507 98 241 219
8508 97 166 218
8509 96 141 218
8510 95 47 217
8511 94 187 217
8512 93 148 216
8513 92 135 216
8514 91 45 215
8515 90 15 215
8516 89 5 214
8517 88 173 214
8518 87 229 213
8519 86 162 213
8520 85 54 212
8521 84 18 212
8522 83 6 211
8523 82 2 211
8524 81 172 210
8525 80 143 210
8526 99 241 220
8527 98 166 220
8528 97 141 219
8529 96 47 219
8530 95 187 218
8531 94 148 218
8532 93 135 217
8533 92 45 217
8534 91 15 216
8535 90 5 216
8536 89 173 215
8537 88 229 215
8538 87 162 214
8539 86 54 214
8540 85 18 213
8541 84 6 213
8542 83 2 212
8543 82 172 212
8544 100 241 222
8545 99 166 221
8546 98 141 221
8547 97 47 220
8548 96 187 220
8549 95 148 219
8550 94 135 219
8551 93 45 218
8552 92 15 218
8553 91 5 217
8554 90 173 217
8555 89 229 216
8556 88 162 216
8557 87 54 215
8558 86 18 215
8559 85 6 214
8560 84 2 214
8561 101 241 223
8562 100 166 223
8563 99 141 222
8564 98 47 222
8565 97 187 221
8566 96 148 221
8567 95 135 220
8568 94 45 220
8569 93 15 219
8570 92 5 219
8571 91 173 218
8572 90 229 218
8573 89 162 217
8574 88 54 217
8575 87 18 216
8576 86 6 216
8577 102 241 225
8578 101 166 224
8579 100 141 224
8580 99 47 223
8581 98 187 223
8582 97 148 222
8583 96 135 222
8584 95 45 221
8585 94 15 221
8586 93 5 220
8587 92 173 220
8588 91 229 219
8589 90 162 219
8590 89 54 218
8591 88 18 218
8592 103 241 226
8593 102 166 226
8594 101 141 225
8595 100 47 225
8596 99 187 224
8597 98 148 224
8598 97 135 223
8599 96 45 223
8600 95 15 222
8601 94 5 222
8602 93 173 221
8603 92 229 221
8604 91 162 220
8605 90 54 220
8606 104 241 228
8607 103 166 227
8608 102 141 227
8609 101 47 226
8610 100 187 226
8611 99 148 225
8612 98 135 225
8613 97 45 224
8614 96 15 224
8615 95 5 223
8616 94 173 223
8617 93 229 222
8618 92 162 222
8619 105 241 229
8620 104 166 229
8621 103 141 228
8622 102 47 228
8623 101 187 227
8624 100 148 227
8625 99 135 226
8626 98 45 226
8627 97 15 225
8628 96 5 225
8629 95 173 224
8630 94 229 224
8631 106 241 231
8632 105 166 230
8633 104 141 230
8634 103 47 229
8635 102 187 229
8636 101 148 228
8637 100 135 228
8638 99 45 227
8639 98 15 227
8640 97 5 226
8641 96 173 226
8642 107 241 232
8643 106 166 232
8644 105 141 231
8645 104 47 231
8646 103 187 230
8647 102 148 230
8648 101 135 229
8649 100 45 229
8650 99 15 228
8651 98 5 228
8652 108 241 234
8653 107 166 233
8654 106 141 233
8655 105 47 232
8656 104 187 232
8657 103 148 231
8658 102 135 231
8659 101 45 230
8660 100 15 230
8661 109 241 235
8662 108 166 235
8663 107 141 234
8664 106 47 234
8665 105 187 233
8666 104 148 233
8667 103 135 232
8668 102 45 232
8669 110 241 237
8670 109 166 236
8671 108 141 236
8672 107 47 235
8673 106 187 235
8674 105 148 234
8675 104 135 234
8676 111 241 238
8677 110 166 238
8678 109 141 237
8679 108 47 237
8680 107 187 236
8681 106 148 236
8682 112 241 240
8683 111 166 239
8684 110 141 239
8685 109 47 238
8686 108 187 238
8687 113 241 241
8688 112 166 241
8689 111 141 240
8690 110 47 240
8691 114 241 243
8692 113 166 242
8693 112 141 242
8694 115 241 244
8695 114 166 244
8696 116 241 246
8697 117 1 247
8698 115 193 245
8699 113 241 243
8700 111 253 241
8701 109 256 239
8702 107 64 237
8703 105 16 235
8704 103 4 233
8705 101 1 231
8706 99 193 229
8707 97 241 227
8708 95 253 225
8709 93 256 223
8710 91 64 221
8711 89 16 219
8712 87 4 217
8713 85 1 215
8714 83 193 213
8715 81 241 211
8716 79 253 209
8717 77 256 207
8718 75 64 205
8719 73 16 203
8720 71 4 201
8721 69 1 199
8722 67 193 197
8723 65 241 195
8724 63 253 193
8725 61 256 191
8726 59 64 189
8727 57 16 187
8728 55 4 185
8729 53 1 183
8730 51 193 181
8731 49 241 179
8732 47 253 177
8733 45 256 175
8734 43 64 173
8735 41 16 171
8736 39 4 169
8737 37 1 167
8738 35 193 165
8739 33 241 163
8740 31 253 161
8741 29 256 159
8742 27 64 157
8743 25 16 155
8744 23 4 153
8745 21 1 151
8746 19 193 149
8747 17 241 147
8748 15 253 145
8749 118 1 249
8750 116 193 247
8751 114 241 245
8752 112 253 243
8753 110 256 241
8754 108 64 239
8755 106 16 237
8756 104 4 235
8757 102 1 233
8758 100 193 231
8759 98 241 229
8760 96 253 227
8761 94 256 225
8762 92 64 223
8763 90 16 221
8764 88 4 219
8765 86 1 217
8766 84 193 215
8767 82 241 213
8768 80 253 211
8769 78 256 209
8770 76 64 207
8771 74 16 205
8772 72 4 203
8773 70 1 201
8774 68 193 199
8775 66 241 197
8776 64 253 195
8777 62 256 193
8778 60 64 191
8779 58 16 189
8780 56 4 187
8781 54 1 185
8782 52 193 183
8783 50 241 181
8784 48 253 179
8785 46 256 177
8786 44 64 175
8787 42 16 173
8788 40 4 171
8789 38 1 169
8790 36 193 167
8791 34 241 165
8792 32 253 163
8793 30 256 161
8794 28 64 159
8795 26 16 157
8796 24 4 155
8797 22 1 153
8798 20 193 151
8799 119 1 250
8800 117 193 248
8801 115 241 246
8802 113 253 244
8803 111 256 242
8804 109 64 240
8805 107 16 238
8806 105 4 236
8807 103 1 234
8808 101 193 232
8809 99 241 230
8810 97 253 228
8811 95 256 226
8812 93 64 224
8813 91 16 222
8814 89 4 220
8815 87 1 218
8816 85 193 216
8817 83 241 214
8818 81 253 212
8819 79 256 210
8820 77 64 208
8821 75 16 206
8822 73 4 204
8823 71 1 202
8824 69 193 200
8825 67 241 198
8826 65 253 196
8827 63 256 194
8828 61 64 192
8829 59 16 190
8830 57 4 188
8831 55 1 186
8832 53 193 184
8833 51 241 182
8834 49 253 180
8835 47 256 178
8836 45 64 176
8837 43 16 174
8838 41 4 172
8839 39 1 170
8840 37 193 168
8841 35 241 166
8842 33 253 164
8843 31 256 162
8844 29 64 160
8845 27 16 158
8846 25 4 156
8847 120 1 252
8848 118 193 250
8849 116 241 248
8850 114 253 246
8851 112 256 244
8852 110 64 242
8853 108 16 240
8854 106 4 238
8855 104 1 236
8856 102 193 234
8857 100 241 232
8858 98 253 230
8859 96 256 228
8860 94 64 226
8861 92 16 224
8862 90 4 222
8863 88 1 220
8864 86 193 218
8865 84 241 216
8866 82 253 214
8867 80 256 212
8868 78 64 210
8869 76 16 208
8870 74 4 206
8871 72 1 204
8872 70 193 202
8873 68 241 200
8874 66 253 198
8875 64 256 196
8876 62 64 194
8877 60 16 192
8878 58 4 190
8879 56 1 188
8880 54 193 186
8881 52 241 184
8882 50 253 182
8883 48 256 180
8884 46 64 178
8885 44 16 176
8886 42 4 174
8887 40 1 172
8888 38 193 170
8889 36 241 168
8890 34 253 166
8891 32 256 164
8892 30 64 162
8893 121 1 253
8894 119 193 251
8895 117 241 249
8896 115 253 247
8897 113 256 245
8898 111 64 243
8899 109 16 241
8900 107 4 239
8901 105 1 237
8902 103 193 235
8903 101 241 233
8904 99 253 231
8905 97 256 229
8906 95 64 227
8907 93 16 225
8908 91 4 223
8909 89 1 221
8910 87 193 219
8911 85 241 217
8912 83 253 215
8913 81 256 213
8914 79 64 211
8915 77 16 209
8916 75 4 207
8917 73 1 205
8918 71 193 203
8919 69 241 201
8920 67 253 199
8921 65 256 197
8922 63 64 195
8923 61 16 193
8924 59 4 191
8925 57 1 189
8926 55 193 187
8927 53 241 185
8928 51 253 183
8929 49 256 181
8930 47 64 179
8931 45 16 177
8932 43 4 175
8933 41 1 173
8934 39 193 171
8935 37 241 169
8936 35 253 167
8937 122 1 255
8938 120 193 253
8939 118 241 251
8940 116 253 249
8941 114 256 247
8942 112 64 245
8943 110 16 243
8944 108 4 241
8945 106 1 239
8946 104 193 237
8947 102 241 235
8948 100 253 233
8949 98 256 231
8950 96 64 229
8951 94 16 227
8952 92 4 225
8953 90 1 223
8954 88 193 221
8955 86 241 219
8956 84 253 217
8957 82 256 215
8958 80 64 213
8959 78 16 211
8960 76 4 209
8961 74 1 207
8962 72 193 205
8963 70 241 203
8964 68 253 201
8965 66 256 199
8966 64 64 197
8967 62 16 195
8968 60 4 193
8969 58 1 191
8970 56 193 189
8971 54 241 187
8972 52 253 185
8973 50 256 183
8974 48 64 181
8975 46 16 179
8976 44 4 177
8977 42 1 175
8978 40 193 173
8979 123 1 256
8980 121 193 254
8981 119 241 252
8982 117 253 250
8983 115 256 248
8984 113 64 246
8985 111 16 244
8986 109 4 242
8987 107 1 240
8988 105 193 238
8989 103 241 236
8990 101 253 234
8991 99 256 232
8992 97 64 230
8993 95 16 228
8994 93 4 226
8995 91 1 224
8996 89 193 222
8997 87 241 220
8998 85 253 218
8999 83 256 216
9000 81 64 214
9001 79 16 212
9002 77 4 210
9003 75 1 208
9004 73 193 206
9005 71 241 204
9006 69 253 202
9007 67 256 200
9008 65 64 198
9009 63 16 196
9010 61 4 194
9011 59 1 192
9012 57 193 190
9013 55 241 188
9014 53 253 186
9015 51 256 184
9016 49 64 182
9017 47 16 180
9018 45 4 178
9019 124 1 258
9020 122 193 256
9021 120 241 254
9022 118 253 252
9023 116 256 250
9024 114 64 248
9025 112 16 246
9026 110 4 244
9027 108 1 242
9028 106 193 240
9029 104 241 238
9030 102 253 236
9031 100 256 234
9032 98 64 232
9033 96 16 230
9034 94 4 228
9035 92 1 226
9036 90 193 224
9037 88 241 222
9038 86 253 220
9039 84 256 218
9040 82 64 216
9041 80 16 214
9042 78 4 212
9043 76 1 210
9044 74 193 208
9045 72 241 206
9046 70 253 204
9047 68 256 202
9048 66 64 200
9049 64 16 198
9050 62 4 196
9051 60 1 194
9052 58 193 192
9053 56 241 190
9054 54 253 188
9055 52 256 186
9056 50 64 184
9057 125 1 259
9058 123 193 257
9059 121 241 255
9060 119 253 253
9061 117 256 251
9062 115 64 249
9063 113 16 247
9064 111 4 245
9065 109 1 243
9066 107 193 241
9067 105 241 239
9068 103 253 237
9069 101 256 235
9070 99 64 233
9071 97 16 231
9072 95 4 229
9073 93 1 227
9074 91 193 225
9075 89 241 223
9076 87 253 221
9077 85 256 219
9078 83 64 217
9079 81 16 215
9080 79 4 213
9081 77 1 211
9082 75 193 209
9083 73 241 207
9084 71 253 205
9085 69 256 203
9086 67 64 201
9087 65 16 199
9088 63 4 197
9089 61 1 195
9090 59 193 193
9091 57 241 191
9092 55 253 189
9093 126 1 261
9094 124 193 259
9095 122 241 257
9096 120 253 255
9097 118 256 253
9098 116 64 251
9099 114 16 249
9100 112 4 247
9101 110 1 245
9102 108 193 243
9103 106 241 241
9104 104 253 239
9105 102 256 237
9106 100 64 235
9107 98 16 233
9108 96 4 231
9109 94 1 229
9110 92 193 227
9111 90 241 225
9112 88 253 223
9113 86 256 221
9114 84 64 219
9115 82 16 217
9116 80 4 215
9117 78 1 213
9118 76 193 211
9119 74 241 209
9120 72 253 207
9121 70 256 205
9122 68 64 203
9123 66 16 201
9124 64 4 199
9125 62 1 197
9126 60 193 195
9127 127 1 262
9128 125 193 260
9129 123 241 258
9130 121 253 256
9131 119 256 254
9132 117 64 252
9133 115 16 250
9134 113 4 248
9135 111 1 246
9136 109 193 244
9137 107 241 242
9138 105 253 240
9139 103 256 238
9140 101 64 236
9141 99 16 234
9142 97 4 232
9143 95 1 230
9144 93 193 228
9145 91 241 226
9146 89 253 224
9147 87 256 222
9148 85 64 220
9149 83 16 218
9150 81 4 216
9151 79 1 214
9152 77 193 212
9153 75 241 210
9154 73 253 208
9155 71 256 206
9156 69 64 204
9157 67 16 202
9158 65 4 200
9159 128 1 264
9160 126 193 262
9161 124 241 260
9162 122 253 258
9163 120 256 256
9164 118 64 254
9165 116 16 252
9166 114 4 250
9167 112 1 248
9168 110 193 246
9169 108 241 244
9170 106 253 242
9171 104 256 240
9172 102 64 238
9173 100 16 236
9174 98 4 234
9175 96 1 232
9176 94 193 230
9177 92 241 228
9178 90 253 226
9179 88 256 224
9180 86 64 222
9181 84 16 220
9182 82 4 218
9183 80 1 216
9184 78 193 214
9185 76 241 212
9186 74 253 210
9187 72 256 208
9188 70 64 206
9189 129 1 265
9190 127 193 263
9191 125 241 261
9192 123 253 259
9193 121 256 257
9194 119 64 255
9195 117 16 253
9196 115 4 251
9197 113 1 249
9198 111 193 247
9199 109 241 245
9200 107 253 243
9201 105 256 241
9202 103 64 239
9203 101 16 237
9204 99 4 235
9205 97 1 233
9206 95 193 231
9207 93 241 229
9208 91 253 227
9209 89 256 225
9210 87 64 223
9211 85 16 221
9212 83 4 219
9213 81 1 217
9214 79 193 215
9215 77 241 213
9216 75 253 211
9217 130 1 267
9218 128 193 265
9219 126 241 263
9220 124 253 261
9221 122 256 259
9222 120 64 257
9223 118 16 255
9224 116 4 253
9225 114 1 251
9226 112 193 249
9227 110 241 247
9228 108 253 245
9229 106 256 243
9230 104 64 241
9231 102 16 239
9232 100 4 237
9233 98 1 235
9234 96 193 233
9235 94 241 231
9236 92 253 229
9237 90 256 227
9238 88 64 225
9239 86 16 223
9240 84 4 221
9241 82 1 219
9242 80 193 217
9243 131 1 268
9244 129 193 266
9245 127 241 264
9246 125 253 262
9247 123 256 260
9248 121 64 258
9249 119 16 256
9250 117 4 254
9251 115 1 252
9252 113 193 250
9253 111 241 248
9254 109 253 246
9255 107 256 244
9256 105 64 242
9257 103 16 240
9258 101 4 238
9259 99 1 236
9260 97 193 234
9261 95 241 232
9262 93 253 230
9263 91 256 228
9264 89 64 226
9265 87 16 224
9266 85 4 222
9267 132 1 270
9268 130 193 268
9269 128 241 266
9270 126 253 264
9271 124 256 262
9272 122 64 260
9273 120 16 258
9274 118 4 256
9275 116 1 254
9276 114 193 252
9277 112 241 250
9278 110 253 248
9279 108 256 246
9280 106 64 244
9281 104 16 242
9282 102 4 240
9283 100 1 238
9284 98 193 236
9285 96 241 234
9286 94 253 232
9287 92 256 230
9288 90 64 228
9289 133 1 271
9290 131 193 269
9291 129 241 267
9292 127 253 265
9293 125 256 263
9294 123 64 261
9295 121 16 259
9296 119 4 257
9297 117 1 255
9298 115 193 253
9299 113 241 251
9300 111 253 249
9301 109 256 247
9302 107 64 245
9303 105 16 243
9304 103 4 241
9305 101 1 239
9306 99 193 237
9307 97 241 235
9308 95 253 233
9309 134 1 273
9310 132 193 271
9311 130 241 269
9312 128 253 267
9313 126 256 265
9314 124 64 263
9315 122 16 261
9316 120 4 259
9317 118 1 257
9318 116 193 255
9319 114 241 253
9320 112 253 251
9321 110 256 249
9322 108 64 247
9323 106 16 245
9324 104 4 243
9325 102 1 241
9326 100 193 239
9327 135 1 274
9328 133 193 272
9329 131 241 270
9330 129 253 268
9331 127 256 266
9332 125 64 264
9333 123 16 262
9334 121 4 260
9335 119 1 258
9336 117 193 256
9337 115 241 254
9338 113 253 252
9339 111 256 250
9340 109 64 248
9341 107 16 246
9342 105 4 244
9343 136 1 276
9344 134 193 274
9345 132 241 272
9346 130 253 270
9347 128 256 268
9348 126 64 266
9349 124 16 264
9350 122 4 262
9351 120 1 260
9352 118 193 258
9353 116 241 256
9354 114 253 254
9355 112 256 252
9356 110 64 250
9357 137 1 277
9358 135 193 275
9359 133 241 273
9360 131 253 271
9361 129 256 269
9362 127 64 267
9363 125 16 265
9364 123 4 263
9365 121 1 261
9366 119 193 259
9367 117 241 257
9368 115 253 255
9369 138 1 279
9370 136 193 277
9371 134 241 275
9372 132 253 273
9373 130 256 271
9374 128 64 269
9375 126 16 267
9376 124 4 265
9377 122 1 263
9378 120 193 261
9379 139 1 280
9380 137 193 278
9381 135 241 276
9382 133 253 274
9383 131 256 272
9384 129 64 270
9385 127 16 268
9386 125 4 266
9387 140 1 282
9388 138 193 280
9389 136 241 278
9390 134 253 276
9391 132 256 274
9392 130 64 272
9393 141 1 283
9394 139 193 281
9395 137 241 279
9396 135 253 277
9397 142 1 285
9398 140 193 283
9399 0 255 137
9400 0 255 138
9401 0 255 139
9402 0 255 140
9403 0 255 141
9404 0 255 142
9405 0 255 143
9406 0 255 144
9407 0 255 145
9408 0 255 146
9409 0 255 147
9410 0 255 148
9411 0 255 149
9412 0 255 150
9413 0 255 151
9414 0 255 152
9415 0 255 153
9416 0 255 154
9417 0 255 155
9418 0 255 156
9419 0 255 157
9420 0 255 158
9421 0 255 159
9422 0 255 160
9423 0 255 161
9424 0 255 162
9425 0 255 163
9426 0 255 164
9427 0 255 165
9428 0 255 166
9429 0 255 167
9430 0 255 168
9431 0 255 169
9432 0 255 170
9433 0 255 171
9434 0 255 172
9435 0 255 173
9436 0 255 174
9437 0 255 175
9438 0 255 176
9439 0 255 177
9440 0 255 178
9441 0 255 179
9442 0 255 180
9443 0 255 181
9444 0 255 182
9445 0 255 183
9446 0 255 184
9447 0 255 185
9448 1 256 137
9449 1 256 138
9450 1 256 139
9451 1 256 140
9452 1 256 141
9453 1 256 142
9454 1 256 143
9455 1 256 144
9456 1 256 145
9457 1 256 146
9458 1 256 147
9459 1 256 148
9460 1 256 149
9461 1 256 150
9462 1 256 151
9463 1 256 152
9464 1 256 153
9465 1 256 154
9466 1 256 155
9467 1 256 156
9468 1 256 157
9469 1 256 158
9470 1 256 159
9471 1 256 160
9472 1 256 161
9473 1 256 162
9474 1 256 163
9475 1 256 164
9476 1 256 165
9477 1 256 166
9478 1 256 167
9479 1 256 168
9480 1 256 169
9481 1 256 170
9482 1 256 171
9483 1 256 172
9484 1 256 173
9485 1 256 174
9486 1 256 175
9487 1 256 176
9488 1 256 177
9489 1 256 178
9490 1 256 179
9491 1 256 180
9492 1 256 181
9493 1 256 182
9494 1 256 183
9495 1 256 184
9496 2 128 137
9497 2 128 138
9498 2 128 139
9499 2 128 140
9500 2 128 141
9501 2 128 142
9502 2 128 143
9503 2 128 144
9504 2 128 145
9505 2 128 146
9506 2 128 147
9507 2 128 148
9508 2 128 149
9509 2 128 150
9510 2 128 151
9511 2 128 152
9512 2 128 153
9513 2 128 154
9514 2 128 155
9515 2 128 156
9516 2 128 157
9517 2 128 158
9518 2 128 159
9519 2 128 160
9520 2 128 161
9521 2 128 162
9522 2 128 163
9523 2 128 164
9524 2 128 165
9525 2 128 166
9526 2 128 167
9527 2 128 168
9528 2 128 169
9529 2 128 170
9530 2 128 171
9531 2 128 172
9532 2 128 173
9533 2 128 174
9534 2 128 175
9535 2 128 176
9536 2 128 177
9537 2 128 178
9538 2 128 179
9539 2 128 180
9540 2 128 181
9541 2 128 182
9542 2 128 183
9543 3 64 137
9544 3 64 138
9545 3 64 139
9546 3 64 140
9547 3 64 141
9548 3 64 142
9549 3 64 143
9550 3 64 144
9551 3 64 145
9552 3 64 146
9553 3 64 147
9554 3 64 148
9555 3 64 149
9556 3 64 150
9557 3 64 151
9558 3 64 152
9559 3 64 153
9560 3 64 154
9561 3 64 155
9562 3 64 156
9563 3 64 157
9564 3 64 158
9565 3 64 159
9566 3 64 160
9567 3 64 161
9568 3 64 162
9569 3 64 163
9570 3 64 164
9571 3 64 165
9572 3 64 166
9573 3 64 167
9574 3 64 168
9575 3 64 169
9576 3 64 170
9577 3 64 171
9578 3 64 172
9579 3 64 173
9580 3 64 174
9581 3 64 175
9582 3 64 176
9583 3 64 177
9584 3 64 178
9585 3 64 179
9586 3 64 180
9587 3 64 181
9588 3 64 182
9589 4 64 138
9590 5 225 138
9591 4 32 139
9592 4 32 140
9593 4 32 141
9594 4 32 142
9595 4 32 143
9596 4 32 144
9597 4 32 145
9598 4 32 146
9599 4 32 147
9600 4 32 148
9601 4 32 149
9602 4 32 150
9603 4 32 151
9604 4 32 152
9605 4 32 153
9606 4 32 154
9607 4 32 155
9608 4 32 156
9609 4 32 157
9610 4 32 158
9611 4 32 159
9612 4 32 160
9613 4 32 161
9614 4 32 162
9615 4 32 163
9616 4 32 164
9617 4 32 165
9618 4 32 166
9619 4 32 167
9620 4 32 168
9621 4 32 169
9622 4 32 170
9623 4 32 171
9624 4 32 172
9625 4 32 173
9626 4 32 174
9627 4 32 175
9628 4 32 176
9629 4 32 177
9630 4 32 178
9631 4 32 179
9632 4 32 180
9633 4 32 181
9634 5 64 139
9635 6 225 139
9636 7 16 139
9637 5 16 140
9638 5 16 141
9639 5 16 142
9640 5 16 143
9641 5 16 144
9642 5 16 145
9643 5 16 146
9644 5 16 147
9645 5 16 148
9646 5 16 149
9647 5 16 150
9648 5 16 151
9649 5 16 152
9650 5 16 153
9651 5 16 154
9652 5 16 155
9653 5 16 156
9654 5 16 157
9655 5 16 158
9656 5 16 159
9657 5 16 160
9658 5 16 161
9659 5 16 162
9660 5 16 163
9661 5 16 164
9662 5 16 165
9663 5 16 166
9664 5 16 167
9665 5 16 168
9666 5 16 169
9667 5 16 170
9668 5 16 171
9669 5 16 172
9670 5 16 173
9671 5 16 174
9672 5 16 175
9673 5 16 176
9674 5 16 177
9675 5 16 178
9676 5 16 179
9677 5 16 180
9678 6 64 140
9679 7 225 140
9680 8 16 140
9681 9 249 140
9682 6 8 141
9683 6 8 142
9684 6 8 143
9685 6 8 144
9686 6 8 145
9687 6 8 146
9688 6 8 147
9689 6 8 148
9690 6 8 149
9691 6 8 150
9692 6 8 151
9693 6 8 152
9694 6 8 153
9695 6 8 154
9696 6 8 155
9697 6 8 156
9698 6 8 157
9699 6 8 158
9700 6 8 159
9701 6 8 160
9702 6 8 161
9703 6 8 162
9704 6 8 163
9705 6 8 164
9706 6 8 165
9707 6 8 166
9708 6 8 167
9709 6 8 168
9710 6 8 169
9711 6 8 170
9712 6 8 171
9713 6 8 172
9714 6 8 173
9715 6 8 174
9716 6 8 175
9717 6 8 176
9718 6 8 177
9719 6 8 178
9720 6 8 179
9721 7 64 141
9722 8 225 141
9723 9 16 141
9724 10 249 141
9725 11 4 141
9726 7 4 142
9727 7 4 143
9728 7 4 144
9729 7 4 145
9730 7 4 146
9731 7 4 147
9732 7 4 148
9733 7 4 149
9734 7 4 150
9735 7 4 151
9736 7 4 152
9737 7 4 153
9738 7 4 154
9739 7 4 155
9740 7 4 156
9741 7 4 157
9742 7 4 158
9743 7 4 159
9744 7 4 160
9745 7 4 161
9746 7 4 162
9747 7 4 163
9748 7 4 164
9749 7 4 165
9750 7 4 166
9751 7 4 167
9752 7 4 168
9753 7 4 169
9754 7 4 170
9755 7 4 171
9756 7 4 172
9757 7 4 173
9758 7 4 174
9759 7 4 175
9760 7 4 176
9761 7 4 177
9762 7 4 178
9763 8 64 142
9764 9 225 142
9765 10 16 142
9766 11 249 142
9767 8 8 143
9768 12 2 143
9769 13 256 143
9770 8 2 144
9771 8 2 145
9772 8 2 146
9773 8 2 147
9774 8 2 148
9775 8 2 149
9776 8 2 150
9777 8 2 151
9778 8 2 152
9779 8 2 153
9780 8 2 154
9781 8 2 155
9782 8 2 156
9783 8 2 157
9784 8 2 158
9785 8 2 159
9786 8 2 160
9787 8 2 161
9788 8 2 162
9789 8 2 163
9790 8 2 164
9791 8 2 165
9792 8 2 166
9793 8 2 167
9794 8 2 168
9795 8 2 169
9796 8 2 170
9797 8 2 171
9798 8 2 172
9799 8 2 173
9800 8 2 174
9801 8 2 175
9802 8 2 176
9803 8 2 177
9804 9 64 143
9805 10 225 143
9806 11 16 143
9807 9 16 144
9808 12 253 144
9809 13 2 144
9810 9 4 145
9811 14 128 145
9812 9 2 146
9813 15 225 146
9814 9 1 147
9815 9 1 148
9816 9 1 149
9817 9 1 150
9818 9 1 151
9819 9 1 152
9820 9 1 153
9821 9 1 154
9822 9 1 155
9823 9 1 156
9824 9 1 157
9825 9 1 158
9826 9 1 159
9827 9 1 160
9828 9 1 161
9829 9 1 162
9830 9 1 163
9831 9 1 164
9832 9 1 165
9833 9 1 166
9834 9 1 167
9835 9 1 168
9836 9 1 169
9837 9 1 170
9838 9 1 171
9839 9 1 172
9840 9 1 173
9841 9 1 174
9842 9 1 175
9843 9 1 176
9844 10 64 144
9845 11 225 144
9846 10 32 145
9847 12 8 145
9848 13 253 145
9849 10 8 146
9850 14 1 146
9851 10 4 147
9852 15 64 147
9853 16 225 147
9854 10 1 148
9855 17 8 148
9856 10 129 149
9857 10 129 150
9858 10 129 151
9859 10 129 152
9860 10 129 153
9861 10 129 154
9862 10 129 155
9863 10 129 156
9864 10 129 157
9865 10 129 158
9866 10 129 159
9867 10 129 160
9868 10 129 161
9869 10 129 162
9870 10 129 163
9871 10 129 164
9872 10 129 165
9873 10 129 166
9874 10 129 167
9875 10 129 168
9876 10 129 169
9877 10 129 170
9878 10 129 171
9879 10 129 172
9880 10 129 173
9881 10 129 174
9882 10 129 175
9883 11 64 145
9884 11 64 146
9885 12 241 146
9886 13 8 146
9887 11 16 147
9888 14 255 147
9889 11 8 148
9890 15 129 148
9891 16 64 148
9892 11 2 149
9893 17 241 149
9894 18 8 149
9895 11 129 150
9896 19 255 150
9897 11 193 151
9898 11 193 152
9899 11 193 153
9900 11 193 154
9901 11 193 155
9902 11 193 156
9903 11 193 157
9904 11 193 158
9905 11 193 159
9906 11 193 160
9907 11 193 161
9908 11 193 162
9909 11 193 163
9910 11 193 164
9911 11 193 165
9912 11 193 166
9913 11 193 167
9914 11 193 168
9915 11 193 169
9916 11 193 170
9917 11 193 171
9918 11 193 172
9919 11 193 173
9920 11 193 174
9921 12 64 147
9922 13 160 147
9923 12 19 148
9924 13 38 148
9925 14 4 148
9926 12 16 149
9927 15 256 149
9928 16 129 149
9929 12 4 150
9930 17 32 150
9931 18 241 150
9932 12 1 151
9933 19 4 151
9934 12 129 152
9935 20 256 152
9936 21 129 152
9937 12 225 153
9938 12 225 154
9939 12 225 155
9940 12 225 156
9941 12 225 157
9942 12 225 158
9943 12 225 159
9944 12 225 160
9945 12 225 161
9946 12 225 162
9947 12 225 163
9948 12 225 164
9949 12 225 165
9950 12 225 166
9951 12 225 167
9952 12 225 168
9953 12 225 169
9954 12 225 170
9955 12 225 171
9956 12 225 172
9957 12 225 173
9958 13 64 149
9959 14 160 149
9960 13 19 150
9961 14 38 150
9962 15 4 150
9963 16 60 150
9964 13 239 151
9965 16 227 151
9966 17 193 151
9967 18 32 151
9968 13 2 152
9969 19 249 152
9970 13 1 153
9971 20 2 153
9972 21 256 153
9973 13 193 154
9974 22 193 154
9975 23 32 154
9976 13 241 155
9977 13 241 156
9978 13 241 157
9979 13 241 158
9980 13 241 159
9981 13 241 160
9982 13 241 161
9983 13 241 162
9984 13 241 163
9985 13 241 164
9986 13 241 165
9987 13 241 166
9988 13 241 167
9989 13 241 168
9990 13 241 169
9991 13 241 170
9992 13 241 171
9993 13 241 172
9994 14 64 151
9995 15 160 151
9996 14 19 152
9997 15 38 152
9998 16 4 152
9999 17 60 152
10000 18 193 152
10001 14 30 153
10002 17 253 153
10003 18 112 153
10004 19 16 153
10005 14 2 154
10006 20 253 154
10007 21 2 154
10008 14 129 155
10009 22 128 155
10010 23 193 155
10011 14 225 156
10012 24 16 156
10013 14 241 157
10014 25 253 157
10015 14 249 158
10016 14 249 159
10017 14 249 160
10018 14 249 161
10019 14 249 162
10020 14 249 163
10021 14 249 164
10022 14 249 165
10023 14 249 166
10024 14 249 167
10025 14 249 168
10026 14 249 169
10027 14 249 170
10028 14 249 171
10029 15 64 153
10030 16 160 153
10031 15 19 154
10032 16 38 154
10033 17 4 154
10034 18 60 154
10035 19 193 154
10036 15 30 155
10037 18 253 155
10038 19 112 155
10039 20 16 155
10040 21 227 155
10041 15 36 156
10042 21 196 156
10043 22 1 156
10044 23 128 156
10045 15 193 157
10046 24 225 157
10047 15 225 158
10048 25 8 158
10049 26 253 158
10050 15 249 159
10051 27 1 159
10052 15 253 160
10053 15 253 161
10054 15 253 162
10055 15 253 163
10056 15 253 164
10057 15 253 165
10058 15 253 166
10059 15 253 167
10060 15 253 168
10061 15 253 169
10062 15 253 170
10063 16 64 155
10064 17 160 155
10065 16 19 156
10066 17 38 156
10067 18 4 156
10068 19 60 156
10069 20 193 156
10070 16 30 157
10071 19 253 157
10072 20 112 157
10073 21 16 157
10074 22 227 157
10075 23 113 157
10076 16 74 158
10077 22 217 158
10078 23 163 158
10079 24 64 158
10080 16 193 159
10081 25 241 159
10082 26 8 159
10083 16 241 160
10084 27 255 160
10085 28 1 160
10086 16 253 161
10087 29 64 161
10088 16 255 162
10089 16 255 163
10090 16 255 164
10091 16 255 165
10092 16 255 166
10093 16 255 167
10094 16 255 168
10095 16 255 169
10096 17 64 157
10097 18 160 157
10098 17 19 158
10099 18 38 158
10100 19 4 158
10101 20 60 158
10102 21 193 158
10103 17 30 159
10104 20 253 159
10105 21 112 159
10106 22 16 159
10107 23 227 159
10108 24 113 159
10109 17 74 160
10110 23 217 160
10111 24 163 160
10112 25 64 160
10113 26 67 160
10114 17 101 161
10115 26 40 161
10116 27 4 161
10117 28 255 161
10118 17 249 162
10119 29 129 162
10120 17 253 163
10121 30 32 163
10122 31 241 163
10123 17 256 164
10124 17 256 165
10125 17 256 166
10126 17 256 167
10127 17 256 168
10128 18 64 159
10129 19 160 159
10130 18 19 160
10131 19 38 160
10132 20 4 160
10133 21 60 160
10134 22 193 160
10135 18 30 161
10136 21 253 161
10137 22 112 161
10138 23 16 161
10139 24 227 161
10140 25 113 161
10141 18 74 162
10142 24 217 162
10143 25 163 162
10144 26 64 162
10145 27 67 162
10146 28 108 162
10147 18 122 163
10148 27 28 163
10149 28 131 163
10150 29 256 163
10151 18 249 164
10152 30 193 164
10153 31 32 164
10154 18 255 165
10155 32 249 165
10156 33 4 165
10157 18 128 166
10158 18 128 167
10159 19 64 161
10160 20 160 161
10161 19 19 162
10162 20 38 162
10163 21 4 162
10164 22 60 162
10165 23 193 162
10166 19 30 163
10167 22 253 163
10168 23 112 163
10169 24 16 163
10170 25 227 163
10171 26 113 163
10172 19 74 164
10173 25 217 164
10174 26 163 164
10175 27 64 164
10176 28 67 164
10177 29 108 164
10178 19 122 165
10179 28 28 165
10180 29 131 165
10181 30 256 165
10182 31 69 165
10183 19 33 166
10184 31 84 166
10185 32 16 166
10186 33 249 166
10187 19 256 167
10188 34 2 167
10189 20 64 163
10190 21 160 163
10191 20 19 164
10192 21 38 164
10193 22 4 164
10194 23 60 164
10195 24 193 164
10196 20 30 165
10197 23 253 165
10198 24 112 165
10199 25 16 165
10200 26 227 165
10201 27 113 165
10202 20 74 166
10203 26 217 166
10204 27 163 166
10205 28 64 166
10206 29 67 166
10207 30 108 166
10208 20 122 167
10209 29 28 167
10210 30 131 167
10211 31 256 167
10212 32 69 167
10213 33 203 167
10214 18 94 168
10215 19 89 168
10216 20 168 168
10217 32 1 168
10218 21 64 165
10219 22 160 165
10220 21 19 166
10221 22 38 166
10222 23 4 166
10223 24 60 166
10224 25 193 166
10225 21 30 167
10226 24 253 167
10227 25 112 167
10228 26 16 167
10229 27 227 167
10230 28 113 167
10231 21 74 168
10232 27 217 168
10233 28 163 168
10234 29 64 168
10235 30 67 168
10236 31 108 168
10237 33 223 168
10238 34 175 168
10239 35 204 168
10240 17 238 169
10241 18 204 169
10242 19 106 169
10243 20 90 169
10244 21 139 169
10245 30 222 169
10246 22 64 167
10247 23 160 167
10248 22 19 168
10249 23 38 168
10250 24 4 168
10251 25 60 168
10252 26 193 168
10253 22 30 169
10254 25 253 169
10255 26 112 169
10256 27 16 169
10257 28 227 169
10258 29 113 169
10259 31 253 169
10260 32 94 169
10261 33 33 169
10262 34 15 169
10263 35 154 169
10264 36 122 169
10265 16 99 170
10266 17 121 170
10267 18 252 170
10268 19 107 170
10269 20 209 170
10270 21 120 170
10271 22 77 170
10272 28 155 170
10273 23 64 169
10274 24 160 169
10275 23 19 170
10276 24 38 170
10277 25 4 170
10278 26 60 170
10279 27 193 170
10280 29 160 170
10281 30 176 170
10282 31 37 170
10283 32 61 170
10284 33 64 170
10285 34 161 170
10286 35 152 170
10287 36 165 170
10288 37 180 170
10289 15 217 171
10290 16 31 171
10291 17 36 171
10292 18 5 171
10293 19 233 171
10294 20 68 171
10295 21 256 171
10296 22 47 171
10297 23 137 171
10298 26 167 171
10299 24 64 171
10300 25 160 171
10301 27 113 171
10302 28 200 171
10303 29 174 171
10304 30 222 171
10305 31 30 171
10306 32 48 171
10307 33 128 171
10308 34 180 171
10309 35 58 171
10310 36 47 171
10311 37 85 171
10312 38 191 171
10313 14 75 172
10314 15 177 172
10315 16 98 172
10316 17 57 172
10317 18 21 172
10318 19 167 172
10319 20 2 172
10320 21 63 172
10321 22 79 172
10322 23 246 172
10323 24 20 172
10324 25 160 172
10325 26 95 172
10326 27 71 172
10327 28 152 172
10328 29 243 172
10329 30 29 172
10330 31 74 172
10331 32 199 172
10332 33 111 172
10333 34 1 172
10334 35 183 172
10335 36 208 172
10336 37 210 172
10337 38 72 172
10338 39 240 172
10339 13 16 173
10340 14 66 173
10341 15 192 173
10342 16 144 173
10343 17 48 173
10344 18 137 173
10345 19 8 173
10346 20 41 173
10347 21 8 173
10348 22 93 173
10349 23 94 173
10350 24 235 173
10351 25 80 173
10352 26 243 173
10353 27 47 173
10354 28 34 173
10355 29 214 173
10356 30 40 173
10357 31 207 173
10358 32 161 173
10359 33 100 173
10360 34 29 173
10361 35 245 173
10362 36 126 173
10363 37 224 173
10364 38 235 173
10365 39 24 173
10366 12 157 174
10367 13 88 174
10368 14 246 174
10369 15 173 174
10370 16 39 174
10371 17 256 174
10372 18 106 174
10373 19 218 174
10374 20 196 174
10375 21 206 174
10376 22 158 174
10377 23 240 174
10378 24 183 174
10379 25 56 174
10380 26 103 174
10381 27 182 174
10382 28 64 174
10383 29 74 174
10384 30 244 174
10385 31 216 174
10386 32 14 174
10387 33 13 174
10388 34 236 174
10389 35 144 174
10390 36 212 174
10391 37 178 174
10392 38 101 174
10393 39 228 174
10394 40 225 174
10395 41 90 174
10396 11 63 175
10397 12 86 175
10398 13 167 175
10399 14 136 175
10400 15 112 175
10401 16 2 175
10402 17 212 175
10403 18 234 175
10404 19 57 175
10405 20 199 175
10406 21 234 175
10407 22 232 175
10408 23 234 175
10409 24 76 175
10410 25 106 175
10411 26 62 175
10412 27 71 175
10413 28 121 175
10414 29 189 175
10415 30 48 175
10416 31 165 175
10417 32 251 175
10418 33 254 175
10419 34 131 175
10420 35 133 175
10421 36 46 175
10422 37 22 175
10423 38 58 175
10424 39 67 175
10425 40 170 175
10426 41 227 175
10427 10 104 176
10428 11 54 176
10429 12 53 176
10430 13 63 176
10431 14 63 176
10432 15 204 176
10433 16 159 176
10434 17 146 176
10435 18 77 176
10436 19 252 176
10437 20 81 176
10438 21 122 176
10439 22 97 176
10440 23 35 176
10441 24 25 176
10442 25 106 176
10443 26 16 176
10444 27 214 176
10445 28 246 176
10446 29 210 176
10447 30 25 176
10448 31 18 176
10449 32 147 176
10450 33 38 176
10451 34 130 176
10452 35 128 176
10453 36 206 176
10454 37 94 176
10455 38 183 176
10456 39 100 176
10457 40 221 176
10458 41 29 176
10459 42 137 176
10460 43 60 176
10461 9 64 177
10462 10 227 177
10463 11 120 177
10464 12 222 177
10465 13 195 177
10466 14 185 177
10467 15 251 177
10468 16 150 177
10469 17 113 177
10470 18 93 177
10471 19 115 177
10472 20 1 177
10473 21 114 177
10474 22 128 177
10475 23 256 177
10476 24 120 177
10477 25 71 177
10478 26 203 177
10479 27 95 177
10480 28 19 177
10481 29 24 177
10482 30 26 177
10483 31 187 177
10484 32 11 177
10485 33 36 177
10486 34 221 177
10487 35 90 177
10488 36 102 177
10489 37 38 177
10490 38 46 177
10491 39 163 177
10492 40 240 177
10493 41 200 177
10494 42 125 177
10495 43 238 177
10496 8 241 178
10497 9 111 178
10498 10 202 178
10499 11 202 178
10500 12 174 178
10501 13 233 178
10502 14 184 178
10503 15 100 178
10504 16 207 178
10505 17 104 178
10506 18 246 178
10507 19 154 178
10508 20 137 178
10509 21 47 178
10510 22 138 178
10511 23 114 178
10512 24 163 178
10513 25 58 178
10514 26 124 178
10515 27 112 178
10516 28 205 178
10517 29 159 178
10518 30 36 178
10519 31 99 178
10520 32 151 178
10521 33 227 178
10522 34 23 178
10523 35 44 178
10524 36 83 178
10525 37 44 178
10526 38 256 178
10527 39 133 178
10528 40 163 178
10529 41 96 178
10530 42 193 178
10531 43 118 178
10532 44 141 178
10533 7 136 179
10534 8 33 179
10535 9 143 179
10536 10 172 179
10537 12 109 179
10538 14 116 179
10539 15 57 179
10540 16 74 179
10541 17 239 179
10542 18 167 179
10543 19 13 179
10544 20 2 179
10545 21 132 179
10546 22 74 179
10547 23 213 179
10548 24 45 179
10549 25 250 179
10550 26 157 179
10551 27 221 179
10552 28 145 179
10553 29 153 179
10554 30 254 179
10555 31 19 179
10556 32 244 179
10557 33 227 179
10558 34 22 179
10559 35 212 179
10560 36 131 179
10561 37 99 179
10562 38 11 179
10563 39 45 179
10564 40 63 179
10565 41 239 179
10566 42 86 179
10567 43 222 179
10568 44 42 179
10569 45 173 179
10570 6 230 180
10571 7 54 180
10572 8 166 180
10573 20 100 180
10574 22 189 180
10575 24 57 180
10576 25 214 180
10577 26 75 180
10578 27 140 180
10579 28 69 180
10580 29 205 180
10581 30 68 180
10582 31 138 180
10583 32 151 180
10584 33 71 180
10585 34 132 180
10586 35 166 180
10587 36 235 180
10588 37 118 180
10589 38 71 180
10590 39 74 180
10591 40 251 180
10592 41 163 180
10593 42 126 180
10594 43 160 180
10595 44 76 180
10596 45 256 180
10597 46 32 180
10598 5 224 181
10599 6 100 181
10600 30 38 181
10601 32 138 181
10602 34 46 181
10603 36 126 181
10604 35 69 181
10605 37 192 181
10606 38 71 181
10607 39 12 181
10608 40 216 181
10609 41 49 181
10610 42 227 181
10611 43 48 181
10612 44 107 181
10613 45 49 181
10614 46 41 181
10615 47 149 181
10616 4 60 182
10617 40 147 182
10618 42 239 182
10619 44 85 182
10620 45 196 182
10621 46 117 182
10622 47 1 182
10623 48 1 182
10624 49 2 183
10625 48 1 183
10626 47 193 183
10627 46 225 183
10628 45 249 183
10629 44 253 183
10630 43 256 182
10631 42 128 183
10632 41 32 182
10633 40 16 183
10634 39 4 182
10635 38 2 182
10636 37 129 182
10637 36 193 182
10638 35 241 182
10639 34 249 182
10640 33 255 181
10641 32 256 182
10642 31 64 181
10643 30 32 182
10644 29 8 181
10645 28 4 181
10646 27 1 181
10647 26 129 181
10648 25 225 181
10649 24 241 181
10650 23 253 180
10651 22 255 181
10652 21 128 180
10653 20 64 181
10654 19 16 180
10655 18 8 180
10656 17 2 180
10657 16 1 180
10658 15 193 180
10659 14 225 180
10660 13 249 179
10661 12 253 180
10662 11 256 179
10663 10 128 180
10664 9 32 180
10665 11 157 180
10666 13 181 180
10667 7 222 181
10668 8 254 181
10669 9 232 181
10670 10 218 181
10671 11 104 181
10672 13 170 181
10673 15 44 181
10674 17 203 181
10675 18 249 181
10676 50 2 185
10677 49 129 184
10678 48 193 184
10679 47 241 184
10680 46 249 184
10681 45 255 184
10682 44 256 184
10683 43 64 183
10684 42 32 184
10685 41 8 183
10686 40 4 184
10687 39 1 183
10688 38 129 183
10689 37 225 183
10690 36 241 183
10691 35 253 183
10692 34 255 183
10693 33 128 182
10694 32 64 183
10695 31 16 182
10696 30 8 183
10697 29 2 182
10698 28 1 182
10699 27 193 182
10700 26 225 182
10701 25 249 182
10702 24 253 182
10703 23 256 181
10704 22 128 182
10705 21 32 181
10706 20 16 182
10707 19 4 181
10708 5 194 182
10709 6 32 182
10710 16 193 181
10711 7 180 182
10712 14 249 181
10713 8 229 182
10714 12 256 181
10715 9 106 182
10716 10 32 182
10717 11 95 182
10718 12 50 182
10719 13 101 182
10720 14 194 182
10721 15 70 182
10722 16 241 182
10723 17 93 182
10724 18 84 182
10725 19 62 182
10726 21 82 182
10727 51 1 185
10728 50 129 186
10729 49 225 185
10730 48 241 185
10731 47 253 185
10732 46 255 185
10733 45 128 185
10734 44 64 185
10735 43 16 184
10736 42 8 185
10737 41 2 184
10738 40 1 185
10739 39 193 184
10740 38 225 184
10741 37 249 184
10742 36 253 184
10743 35 256 184
10744 34 128 184
10745 33 32 183
10746 32 16 184
10747 31 4 183
10748 30 2 184
10749 29 129 183
10750 28 193 183
10751 27 241 183
10752 26 249 183
10753 25 255 183
10754 24 256 183
10755 23 64 182
10756 22 32 183
10757 3 60 183
10758 20 4 183
10759 4 100 183
10760 5 179 183
10761 6 25 183
10762 7 113 183
10763 8 183 183
10764 9 28 183
10765 10 122 183
10766 11 132 183
10767 12 129 183
10768 13 127 183
10769 14 68 183
10770 15 36 183
10771 16 208 183
10772 17 27 183
10773 18 27 183
10774 19 79 183
10775 21 184 183
10776 23 54 183
10777 52 1 187
10778 51 193 186
10779 50 225 187
10780 49 249 186
10781 48 253 186
10782 47 256 186
10783 46 128 186
10784 45 32 186
10785 44 16 186
10786 43 4 185
10787 42 2 186
10788 41 129 185
10789 40 193 186
10790 39 241 185
10791 38 249 185
10792 37 255 185
10793 36 256 185
10794 35 64 185
10795 34 32 185
10796 33 8 184
10797 32 4 185
10798 31 1 184
10799 30 129 185
10800 29 225 184
10801 28 241 184
10802 27 253 184
10803 26 255 184
10804 25 128 184
10805 24 64 184
10806 2 205 184
10807 22 8 184
10808 3 201 184
10809 20 1 184
10810 4 17 184
10811 5 77 184
10812 6 112 184
10813 7 75 184
10814 8 165 184
10815 9 110 184
10816 10 172 184
10817 11 42 184
10818 12 64 184
10819 13 62 184
10820 14 223 184
10821 15 61 184
10822 16 251 184
10823 17 42 184
10824 18 45 184
10825 19 159 184
10826 53 129 187
10827 52 193 188
10828 51 241 187
10829 50 249 188
10830 49 255 187
10831 48 256 187
10832 47 64 187
10833 46 32 187
10834 45 8 187
10835 44 4 187
10836 43 1 186
10837 42 129 187
10838 41 225 186
10839 40 241 187
10840 39 253 186
10841 38 255 186
10842 37 128 186
10843 36 64 186
10844 35 16 186
10845 34 8 186
10846 33 2 185
10847 32 1 186
10848 31 193 185
10849 30 225 186
10850 29 249 185
10851 28 253 185
10852 27 256 185
10853 26 128 185
10854 25 32 185
10855 24 16 185
10856 23 4 184
10857 22 2 185
10858 21 129 184
10859 20 193 185
10860 1 199 185
10861 2 130 185
10862 3 130 185
10863 4 150 185
10864 5 86 185
10865 6 133 185
10866 7 240 185
10867 8 3 185
10868 9 106 185
10869 10 167 185
10870 12 243 185
10871 11 240 185
10872 13 148 185
10873 14 104 185
10874 54 129 189
10875 53 225 188
10876 52 241 189
10877 51 253 188
10878 50 255 189
10879 49 128 188
10880 48 64 188
10881 47 16 188
10882 46 8 188
10883 45 2 188
10884 44 1 188
10885 43 193 187
10886 42 225 188
10887 41 249 187
10888 40 253 188
10889 39 256 187
10890 38 128 187
10891 37 32 187
10892 36 16 187
10893 35 4 187
10894 34 2 187
10895 33 129 186
10896 32 193 187
10897 31 241 186
10898 30 249 187
10899 29 255 186
10900 28 256 186
10901 27 64 186
10902 26 32 186
10903 25 8 186
10904 24 4 186
10905 23 1 185
10906 22 129 186
10907 21 225 185
10908 20 241 186
10909 19 253 185
10910 18 255 185
10911 17 128 185
10912 16 64 185
10913 15 16 185
10914 0 73 186
10915 1 244 186
10916 2 148 186
10917 4 255 186
10918 6 190 186
10919 8 17 186
10920 10 181 186
10921 55 193 190
10922 54 225 190
10923 53 249 189
10924 52 253 190
10925 51 256 189
10926 50 128 190
10927 49 32 189
10928 48 16 189
10929 47 4 189
10930 46 2 189
10931 45 129 189
10932 44 193 189
10933 43 241 188
10934 42 249 189
10935 41 255 188
10936 40 256 189
10937 39 64 188
10938 38 32 188
10939 37 8 188
10940 36 4 188
10941 35 1 188
10942 34 129 188
10943 33 225 187
10944 32 241 188
10945 31 253 187
10946 30 255 188
10947 29 128 187
10948 28 64 187
10949 27 16 187
10950 26 8 187
10951 25 2 187
10952 24 1 187
10953 23 193 186
10954 22 225 187
10955 21 249 186
10956 20 253 187
10957 19 256 186
10958 18 128 186
10959 17 32 186
10960 16 16 186
10961 15 4 186
10962 14 2 186
10963 12 53 186
10964 13 130 186
10965 0 36 187
10966 1 71 187
10967 56 193 191
10968 55 241 191
10969 54 249 191
10970 53 255 190
10971 52 256 191
10972 51 64 190
10973 50 32 191
10974 49 8 190
10975 48 4 190
10976 47 1 190
10977 46 129 190
10978 45 225 190
10979 44 241 190
10980 43 253 189
10981 42 255 190
10982 41 128 189
10983 40 64 190
10984 39 16 189
10985 38 8 189
10986 37 2 189
10987 36 1 189
10988 35 193 189
10989 34 225 189
10990 33 249 188
10991 32 253 189
10992 31 256 188
10993 30 128 189
10994 29 32 188
10995 28 16 188
10996 27 4 188
10997 26 2 188
10998 25 129 188
10999 24 193 188
11000 23 241 187
11001 22 249 188
11002 21 255 187
11003 20 256 188
11004 19 64 187
11005 18 32 187
11006 17 8 187
11007 16 4 187
11008 15 1 187
11009 14 129 187
11010 12 42 187
11011 0 53 188
11012 57 225 192
11013 56 241 192
11014 55 253 192
11015 54 255 192
11016 53 128 191
11017 52 64 192
11018 51 16 191
11019 50 8 192
11020 49 2 191
11021 48 1 191
11022 47 193 191
11023 46 225 191
11024 45 249 191
11025 44 253 191
11026 43 256 190
11027 42 128 191
11028 41 32 190
11029 40 16 191
11030 39 4 190
11031 38 2 190
11032 37 129 190
11033 36 193 190
11034 35 241 190
11035 34 249 190
11036 33 255 189
11037 32 256 190
11038 31 64 189
11039 30 32 190
11040 29 8 189
11041 28 4 189
11042 27 1 189
11043 26 129 189
11044 25 225 189
11045 24 241 189
11046 23 253 188
11047 22 255 189
11048 21 128 188
11049 20 64 189
11050 19 16 188
11051 18 8 188
11052 17 2 188
11053 16 1 188
11054 15 193 188
11055 14 225 188
11056 58 225 193
11057 57 249 193
11058 56 253 193
11059 55 256 193
11060 54 128 193
11061 53 32 192
11062 52 16 193
11063 51 4 192
11064 50 2 193
11065 49 129 192
11066 48 193 192
11067 47 241 192
11068 46 249 192
11069 45 255 192
11070 44 256 192
11071 43 64 191
11072 42 32 192
11073 41 8 191
11074 40 4 192
11075 39 1 191
11076 38 129 191
11077 37 225 191
11078 36 241 191
11079 35 253 191
11080 34 255 191
11081 33 128 190
11082 32 64 191
11083 31 16 190
11084 30 8 191
11085 29 2 190
11086 28 1 190
11087 27 193 190
11088 26 225 190
11089 25 249 190
11090 24 253 190
11091 23 256 189
11092 22 128 190
11093 21 32 189
11094 20 16 190
11095 19 4 189
11096 18 2 189
11097 17 129 189
11098 16 193 189
11099 59 241 194
11100 58 249 194
11101 57 255 194
11102 56 256 194
11103 55 64 194
11104 54 32 194
11105 53 8 193
11106 52 4 194
11107 51 1 193
11108 50 129 194
11109 49 225 193
11110 48 241 193
11111 47 253 193
11112 46 255 193
11113 45 128 193
11114 44 64 193
11115 43 16 192
11116 42 8 193
11117 41 2 192
11118 40 1 193
11119 39 193 192
11120 38 225 192
11121 37 249 192
11122 36 253 192
11123 35 256 192
11124 34 128 192
11125 33 32 191
11126 32 16 192
11127 31 4 191
11128 30 2 192
11129 29 129 191
11130 28 193 191
11131 27 241 191
11132 26 249 191
11133 25 255 191
11134 24 256 191
11135 23 64 190
11136 22 32 191
11137 21 8 190
11138 20 4 191
11139 19 1 190
11140 18 129 190
11141 60 241 196
11142 59 253 195
11143 58 255 195
11144 57 128 195
11145 56 64 195
11146 55 16 195
11147 54 8 195
11148 53 2 194
11149 52 1 195
11150 51 193 194
11151 50 225 195
11152 49 249 194
11153 48 253 194
11154 47 256 194
11155 46 128 194
11156 45 32 194
11157 44 16 194
11158 43 4 193
11159 42 2 194
11160 41 129 193
11161 40 193 194
11162 39 241 193
11163 38 249 193
11164 37 255 193
11165 36 256 193
11166 35 64 193
11167 34 32 193
11168 33 8 192
11169 32 4 193
11170 31 1 192
11171 30 129 193
11172 29 225 192
11173 28 241 192
11174 27 253 192
11175 26 255 192
11176 25 128 192
11177 24 64 192
11178 23 16 191
11179 22 8 192
11180 21 2 191
11181 20 1 192
11182 61 249 196
11183 60 253 197
11184 59 256 196
11185 58 128 196
11186 57 32 196
11187 56 16 196
11188 55 4 196
11189 54 2 196
11190 53 129 195
11191 52 193 196
11192 51 241 195
11193 50 249 196
11194 49 255 195
11195 48 256 195
11196 47 64 195
11197 46 32 195
11198 45 8 195
11199 44 4 195
11200 43 1 194
11201 42 129 195
11202 41 225 194
11203 40 241 195
11204 39 253 194
11205 38 255 194
11206 37 128 194
11207 36 64 194
11208 35 16 194
11209 34 8 194
11210 33 2 193
11211 32 1 194
11212 31 193 193
11213 30 225 194
11214 29 249 193
11215 28 253 193
11216 27 256 193
11217 26 128 193
11218 25 32 193
11219 24 16 193
11220 23 4 192
11221 22 2 193
11222 62 249 198
11223 61 255 197
11224 60 256 198
11225 59 64 197
11226 58 32 197
11227 57 8 197
11228 56 4 197
11229 55 1 197
11230 54 129 197
11231 53 225 196
11232 52 241 197
11233 51 253 196
11234 50 255 197
11235 49 128 196
11236 48 64 196
11237 47 16 196
11238 46 8 196
11239 45 2 196
11240 44 1 196
11241 43 193 195
11242 42 225 196
11243 41 249 195
11244 40 253 196
11245 39 256 195
11246 38 128 195
11247 37 32 195
11248 36 16 195
11249 35 4 195
11250 34 2 195
11251 33 129 194
11252 32 193 195
11253 31 241 194
11254 30 249 195
11255 29 255 194
11256 28 256 194
11257 27 64 194
11258 26 32 194
11259 25 8 194
11260 24 4 194
11261 63 253 198
11262 62 255 199
11263 61 128 198
11264 60 64 199
11265 59 16 198
11266 58 8 198
11267 57 2 198
11268 56 1 198
11269 55 193 198
11270 54 225 198
11271 53 249 197
11272 52 253 198
11273 51 256 197
11274 50 128 198
11275 49 32 197
11276 48 16 197
11277 47 4 197
11278 46 2 197
11279 45 129 197
11280 44 193 197
11281 43 241 196
11282 42 249 197
11283 41 255 196
11284 40 256 197
11285 39 64 196
11286 38 32 196
11287 37 8 196
11288 36 4 196
11289 35 1 196
11290 34 129 196
11291 33 225 195
11292 32 241 196
11293 31 253 195
11294 30 255 196
11295 29 128 195
11296 28 64 195
11297 27 16 195
11298 26 8 195
11299 64 253 200
11300 63 256 199
11301 62 128 200
11302 61 32 199
11303 60 16 200
11304 59 4 199
11305 58 2 199
11306 57 129 199
11307 56 193 199
11308 55 241 199
11309 54 249 199
11310 53 255 198
11311 52 256 199
11312 51 64 198
11313 50 32 199
11314 49 8 198
11315 48 4 198
11316 47 1 198
11317 46 129 198
11318 45 225 198
11319 44 241 198
11320 43 253 197
11321 42 255 198
11322 41 128 197
11323 40 64 198
11324 39 16 197
11325 38 8 197
11326 37 2 197
11327 36 1 197
11328 35 193 197
11329 34 225 197
11330 33 249 196
11331 32 253 197
11332 31 256 196
11333 30 128 197
11334 29 32 196
11335 28 16 196
11336 65 255 201
11337 64 256 201
11338 63 64 200
11339 62 32 201
11340 61 8 200
11341 60 4 201
11342 59 1 200
11343 58 129 200
11344 57 225 200
11345 56 241 200
11346 55 253 200
11347 54 255 200
11348 53 128 199
11349 52 64 200
11350 51 16 199
11351 50 8 200
11352 49 2 199
11353 48 1 199
11354 47 193 199
11355 46 225 199
11356 45 249 199
11357 44 253 199
11358 43 256 198
11359 42 128 199
11360 41 32 198
11361 40 16 199
11362 39 4 198
11363 38 2 198
11364 37 129 198
11365 36 193 198
11366 35 241 198
11367 34 249 198
11368 33 255 197
11369 32 256 198
11370 31 64 197
11371 30 32 198
11372 66 255 202
11373 65 128 202
11374 64 64 202
11375 63 16 201
11376 62 8 202
11377 61 2 201
11378 60 1 202
11379 59 193 201
11380 58 225 201
11381 57 249 201
11382 56 253 201
11383 55 256 201
11384 54 128 201
11385 53 32 200
11386 52 16 201
11387 51 4 200
11388 50 2 201
11389 49 129 200
11390 48 193 200
11391 47 241 200
11392 46 249 200
11393 45 255 200
11394 44 256 200
11395 43 64 199
11396 42 32 200
11397 41 8 199
11398 40 4 200
11399 39 1 199
11400 38 129 199
11401 37 225 199
11402 36 241 199
11403 35 253 199
11404 34 255 199
11405 33 128 198
11406 32 64 199
11407 67 256 203
11408 66 128 203
11409 65 32 203
11410 64 16 203
11411 63 4 202
11412 62 2 203
11413 61 129 202
11414 60 193 203
11415 59 241 202
11416 58 249 202
11417 57 255 202
11418 56 256 202
11419 55 64 202
11420 54 32 202
11421 53 8 201
11422 52 4 202
11423 51 1 201
11424 50 129 202
11425 49 225 201
11426 48 241 201
11427 47 253 201
11428 46 255 201
11429 45 128 201
11430 44 64 201
11431 43 16 200
11432 42 8 201
11433 41 2 200
11434 40 1 201
11435 39 193 200
11436 38 225 200
11437 37 249 200
11438 36 253 200
11439 35 256 200
11440 34 128 200
11441 68 256 204
11442 67 64 204
11443 66 32 204
11444 65 8 204
11445 64 4 204
11446 63 1 203
11447 62 129 204
11448 61 225 203
11449 60 241 204
11450 59 253 203
11451 58 255 203
11452 57 128 203
11453 56 64 203
11454 55 16 203
11455 54 8 203
11456 53 2 202
11457 52 1 203
11458 51 193 202
11459 50 225 203
11460 49 249 202
11461 48 253 202
11462 47 256 202
11463 46 128 202
11464 45 32 202
11465 44 16 202
11466 43 4 201
11467 42 2 202
11468 41 129 201
11469 40 193 202
11470 39 241 201
11471 38 249 201
11472 37 255 201
11473 36 256 201
11474 69 128 205
11475 68 64 205
11476 67 16 205
11477 66 8 205
11478 65 2 205
11479 64 1 205
11480 63 193 204
11481 62 225 205
11482 61 249 204
11483 60 253 205
11484 59 256 204
11485 58 128 204
11486 57 32 204
11487 56 16 204
11488 55 4 204
11489 54 2 204
11490 53 129 203
11491 52 193 204
11492 51 241 203
11493 50 249 204
11494 49 255 203
11495 48 256 203
11496 47 64 203
11497 46 32 203
11498 45 8 203
11499 44 4 203
11500 43 1 202
11501 42 129 203
11502 41 225 202
11503 40 241 203
11504 39 253 202
11505 38 255 202
11506 70 128 207
11507 69 32 206
11508 68 16 206
11509 67 4 206
11510 66 2 206
11511 65 129 206
11512 64 193 206
11513 63 241 205
11514 62 249 206
11515 61 255 205
11516 60 256 206
11517 59 64 205
11518 58 32 205
11519 57 8 205
11520 56 4 205
11521 55 1 205
11522 54 129 205
11523 53 225 204
11524 52 241 205
11525 51 253 204
11526 50 255 205
11527 49 128 204
11528 48 64 204
11529 47 16 204
11530 46 8 204
11531 45 2 204
11532 44 1 204
11533 43 193 203
11534 42 225 204
11535 41 249 203
11536 40 253 204
11537 71 64 207
11538 70 32 208
11539 69 8 207
11540 68 4 207
11541 67 1 207
11542 66 129 207
11543 65 225 207
11544 64 241 207
11545 63 253 206
11546 62 255 207
11547 61 128 206
11548 60 64 207
11549 59 16 206
11550 58 8 206
11551 57 2 206
11552 56 1 206
11553 55 193 206
11554 54 225 206
11555 53 249 205
11556 52 253 206
11557 51 256 205
11558 50 128 206
11559 49 32 205
11560 48 16 205
11561 47 4 205
11562 46 2 205
11563 45 129 205
11564 44 193 205
11565 43 241 204
11566 42 249 205
11567 72 64 209
11568 71 16 208
11569 70 8 209
11570 69 2 208
11571 68 1 208
11572 67 193 208
11573 66 225 208
11574 65 249 208
11575 64 253 208
11576 63 256 207
11577 62 128 208
11578 61 32 207
11579 60 16 208
11580 59 4 207
11581 58 2 207
11582 57 129 207
11583 56 193 207
11584 55 241 207
11585 54 249 207
11586 53 255 206
11587 52 256 207
11588 51 64 206
11589 50 32 207
11590 49 8 206
11591 48 4 206
11592 47 1 206
11593 46 129 206
11594 45 225 206
11595 44 241 206
11596 73 32 209
11597 72 16 210
11598 71 4 209
11599 70 2 210
11600 69 129 209
11601 68 193 209
11602 67 241 209
11603 66 249 209
11604 65 255 209
11605 64 256 209
11606 63 64 208
11607 62 32 209
11608 61 8 208
11609 60 4 209
11610 59 1 208
11611 58 129 208
11612 57 225 208
11613 56 241 208
11614 55 253 208
11615 54 255 208
11616 53 128 207
11617 52 64 208
11618 51 16 207
11619 50 8 208
11620 49 2 207
11621 48 1 207
11622 47 193 207
11623 46 225 207
11624 74 32 211
11625 73 8 210
11626 72 4 211
11627 71 1 210
11628 70 129 211
11629 69 225 210
11630 68 241 210
11631 67 253 210
11632 66 255 210
11633 65 128 210
11634 64 64 210
11635 63 16 209
11636 62 8 210
11637 61 2 209
11638 60 1 210
11639 59 193 209
11640 58 225 209
11641 57 249 209
11642 56 253 209
11643 55 256 209
11644 54 128 209
11645 53 32 208
11646 52 16 209
11647 51 4 208
11648 50 2 209
11649 49 129 208
11650 48 193 208
11651 75 16 212
11652 74 8 212
11653 73 2 211
11654 72 1 212
11655 71 193 211
11656 70 225 212
11657 69 249 211
11658 68 253 211
11659 67 256 211
11660 66 128 211
11661 65 32 211
11662 64 16 211
11663 63 4 210
11664 62 2 211
11665 61 129 210
11666 60 193 211
11667 59 241 210
11668 58 249 210
11669 57 255 210
11670 56 256 210
11671 55 64 210
11672 54 32 210
11673 53 8 209
11674 52 4 210
11675 51 1 209
11676 50 129 210
11677 76 16 213
11678 75 4 213
11679 74 2 213
11680 73 129 212
11681 72 193 213
11682 71 241 212
11683 70 249 213
11684 69 255 212
11685 68 256 212
11686 67 64 212
11687 66 32 212
11688 65 8 212
11689 64 4 212
11690 63 1 211
11691 62 129 212
11692 61 225 211
11693 60 241 212
11694 59 253 211
11695 58 255 211
11696 57 128 211
11697 56 64 211
11698 55 16 211
11699 54 8 211
11700 53 2 210
11701 52 1 211
11702 77 8 214
11703 76 4 214
11704 75 1 214
11705 74 129 214
11706 73 225 213
11707 72 241 214
11708 71 253 213
11709 70 255 214
11710 69 128 213
11711 68 64 213
11712 67 16 213
11713 66 8 213
11714 65 2 213
11715 64 1 213
11716 63 193 212
11717 62 225 213
11718 61 249 212
11719 60 253 213
11720 59 256 212
11721 58 128 212
11722 57 32 212
11723 56 16 212
11724 55 4 212
11725 54 2 212
11726 78 8 215
11727 77 2 215
11728 76 1 215
11729 75 193 215
11730 74 225 215
11731 73 249 214
11732 72 253 215
11733 71 256 214
11734 70 128 215
11735 69 32 214
11736 68 16 214
11737 67 4 214
11738 66 2 214
11739 65 129 214
11740 64 193 214
11741 63 241 213
11742 62 249 214
11743 61 255 213
11744 60 256 214
11745 59 64 213
11746 58 32 213
11747 57 8 213
11748 56 4 213
11749 79 4 216
11750 78 2 216
11751 77 129 216
11752 76 193 216
11753 75 241 216
11754 74 249 216
11755 73 255 215
11756 72 256 216
11757 71 64 215
11758 70 32 216
11759 69 8 215
11760 68 4 215
11761 67 1 215
11762 66 129 215
11763 65 225 215
11764 64 241 215
11765 63 253 214
11766 62 255 215
11767 61 128 214
11768 60 64 215
11769 59 16 214
11770 58 8 214
11771 80 4 218
11772 79 1 217
11773 78 129 217
11774 77 225 217
11775 76 241 217
11776 75 253 217
11777 74 255 217
11778 73 128 216
11779 72 64 217
11780 71 16 216
11781 70 8 217
11782 69 2 216
11783 68 1 216
11784 67 193 216
11785 66 225 216
11786 65 249 216
11787 64 253 216
11788 63 256 215
11789 62 128 216
11790 61 32 215
11791 60 16 216
11792 81 2 218
11793 80 1 219
11794 79 193 218
11795 78 225 218
11796 77 249 218
11797 76 253 218
11798 75 256 218
11799 74 128 218
11800 73 32 217
11801 72 16 218
11802 71 4 217
11803 70 2 218
11804 69 129 217
11805 68 193 217
11806 67 241 217
11807 66 249 217
11808 65 255 217
11809 64 256 217
11810 63 64 216
11811 62 32 217
11812 82 2 220
11813 81 129 219
11814 80 193 220
11815 79 241 219
11816 78 249 219
11817 77 255 219
11818 76 256 219
11819 75 64 219
11820 74 32 219
11821 73 8 218
11822 72 4 219
11823 71 1 218
11824 70 129 219
11825 69 225 218
11826 68 241 218
11827 67 253 218
11828 66 255 218
11829 65 128 218
11830 64 64 218
11831 83 1 220
11832 82 129 221
11833 81 225 220
11834 80 241 221
11835 79 253 220
11836 78 255 220
11837 77 128 220
11838 76 64 220
11839 75 16 220
11840 74 8 220
11841 73 2 219
11842 72 1 220
11843 71 193 219
11844 70 225 220
11845 69 249 219
11846 68 253 219
11847 67 256 219
11848 66 128 219
11849 84 1 222
11850 83 193 221
11851 82 225 222
11852 81 249 221
11853 80 253 222
11854 79 256 221
11855 78 128 221
11856 77 32 221
11857 76 16 221
11858 75 4 221
11859 74 2 221
11860 73 129 220
11861 72 193 221
11862 71 241 220
11863 70 249 221
11864 69 255 220
11865 68 256 220
11866 85 129 223
11867 84 193 223
11868 83 241 222
11869 82 249 223
11870 81 255 222
11871 80 256 223
11872 79 64 222
11873 78 32 222
11874 77 8 222
11875 76 4 222
11876 75 1 222
11877 74 129 222
11878 73 225 221
11879 72 241 222
11880 71 253 221
11881 70 255 222
11882 86 129 224
11883 85 225 224
11884 84 241 224
11885 83 253 223
11886 82 255 224
11887 81 128 223
11888 80 64 224
11889 79 16 223
11890 78 8 223
11891 77 2 223
11892 76 1 223
11893 75 193 223
11894 74 225 223
11895 73 249 222
11896 72 253 223
11897 87 193 225
11898 86 225 225
11899 85 249 225
11900 84 253 225
11901 83 256 224
11902 82 128 225
11903 81 32 224
11904 80 16 225
11905 79 4 224
11906 78 2 224
11907 77 129 224
11908 76 193 224
11909 75 241 224
11910 74 249 224
11911 88 193 226
11912 87 241 226
11913 86 249 226
11914 85 255 226
11915 84 256 226
11916 83 64 225
11917 82 32 226
11918 81 8 225
11919 80 4 226
11920 79 1 225
11921 78 129 225
11922 77 225 225
11923 76 241 225
11924 89 225 227
11925 88 241 227
11926 87 253 227
11927 86 255 227
11928 85 128 227
11929 84 64 227
11930 83 16 226
11931 82 8 227
11932 81 2 226
11933 80 1 227
11934 79 193 226
11935 78 225 226
11936 90 225 229
11937 89 249 228
11938 88 253 228
11939 87 256 228
11940 86 128 228
11941 85 32 228
11942 84 16 228
11943 83 4 227
11944 82 2 228
11945 81 129 227
11946 80 193 228
11947 91 241 229
11948 90 249 230
11949 89 255 229
11950 88 256 229
11951 87 64 229
11952 86 32 229
11953 85 8 229
11954 84 4 229
11955 83 1 228
11956 82 129 229
11957 92 241 231
11958 91 253 230
11959 90 255 231
11960 89 128 230
11961 88 64 230
11962 87 16 230
11963 86 8 230
11964 85 2 230
11965 84 1 230
11966 93 249 231
11967 92 253 232
11968 91 256 231
11969 90 128 232
11970 89 32 231
11971 88 16 231
11972 87 4 231
11973 86 2 231
11974 94 249 233
11975 93 255 232
11976 92 256 233
11977 91 64 232
11978 90 32 233
11979 89 8 232
11980 88 4 232
11981 95 253 234
11982 94 255 234
11983 93 128 233
11984 92 64 234
11985 91 16 233
11986 90 8 234
11987 96 253 235
11988 95 256 235
11989 94 128 235
11990 93 32 234
11991 92 16 235
11992 97 255 236
11993 96 256 236
11994 95 64 236
11995 94 32 236
11996 98 255 237
11997 97 128 237
11998 96 64 237
11999 99 256 238
12000 98 128 238
12001 100 256 240
12002 101 233 240
12003 99 253 239
12004 97 85 238
12005 95 57 237
12006 93 138 235
12007 91 23 234
12008 89 218 233
12009 87 122 232
12010 85 106 231
12011 83 189 229
12012 81 160 228
12013 79 198 227
12014 77 33 226
12015 75 134 225
12016 73 108 223
12017 71 18 222
12018 69 3 221
12019 67 129 220
12020 65 150 219
12021 63 25 217
12022 61 47 216
12023 59 222 215
12024 57 37 214
12025 55 49 213
12026 53 51 211
12027 51 137 210
12028 49 237 209
12029 47 168 208
12030 45 28 207
12031 43 176 205
12032 41 115 204
12033 39 62 203
12034 37 96 202
12035 35 16 201
12036 33 174 199
12037 31 29 198
12038 29 219 197
12039 27 165 196
12040 25 156 195
12041 23 26 193
12042 21 90 192
12043 19 15 191
12044 17 131 190
12045 15 236 189
12046 102 233 242
12047 100 253 241
12048 98 85 239
12049 96 57 238
12050 94 138 237
12051 92 23 236
12052 90 218 235
12053 88 122 233
12054 86 106 232
12055 84 189 231
12056 82 160 230
12057 80 198 229
12058 78 33 227
12059 76 134 226
12060 74 108 225
12061 72 18 224
12062 70 3 223
12063 68 129 221
12064 66 150 220
12065 64 25 219
12066 62 47 218
12067 60 222 217
12068 58 37 215
12069 56 49 214
12070 54 51 213
12071 52 137 212
12072 50 237 211
12073 48 168 209
12074 46 28 208
12075 44 176 207
12076 42 115 206
12077 40 62 205
12078 38 96 203
12079 36 16 202
12080 34 174 201
12081 32 29 200
12082 30 219 199
12083 28 165 197
12084 26 156 196
12085 24 26 195
12086 22 90 194
12087 20 15 193
12088 18 131 191
12089 103 245 242
12090 101 255 241
12091 99 171 240
12092 97 157 239
12093 95 69 238
12094 93 140 236
12095 91 109 235
12096 89 61 234
12097 87 53 233
12098 85 223 232
12099 83 80 230
12100 81 99 229
12101 79 145 228
12102 77 67 227
12103 75 54 226
12104 73 9 224
12105 71 130 223
12106 69 193 222
12107 67 75 221
12108 65 141 220
12109 63 152 218
12110 61 111 217
12111 59 147 216
12112 57 153 215
12113 55 154 214
12114 53 197 212
12115 51 247 211
12116 49 84 210
12117 47 14 209
12118 45 88 208
12119 43 186 206
12120 41 31 205
12121 39 48 204
12122 37 8 203
12123 35 87 202
12124 33 143 200
12125 31 238 199
12126 29 211 198
12127 27 78 197
12128 25 13 196
12129 23 45 194
12130 21 136 193
12131 104 245 244
12132 102 255 243
12133 100 171 242
12134 98 157 240
12135 96 69 239
12136 94 140 238
12137 92 109 237
12138 90 61 236
12139 88 53 234
12140 86 223 233
12141 84 80 232
12142 82 99 231
12143 80 145 230
12144 78 67 228
12145 76 54 227
12146 74 9 226
12147 72 130 225
12148 70 193 224
12149 68 75 222
12150 66 141 221
12151 64 152 220
12152 62 111 219
12153 60 147 218
12154 58 153 216
12155 56 154 215
12156 54 197 214
12157 52 247 213
12158 50 84 212
12159 48 14 210
12160 46 88 209
12161 44 186 208
12162 42 31 207
12163 40 48 206
12164 38 8 204
12165 36 87 203
12166 34 143 202
12167 32 238 201
12168 30 211 200
12169 28 78 198
12170 26 13 197
12171 24 45 196
12172 105 251 245
12173 103 256 243
12174 101 214 242
12175 99 207 241
12176 97 163 240
12177 95 70 239
12178 93 183 237
12179 91 159 236
12180 89 155 235
12181 87 240 234
12182 85 40 233
12183 83 178 231
12184 81 201 230
12185 79 162 229
12186 77 27 228
12187 75 133 227
12188 73 65 225
12189 71 225 224
12190 69 166 223
12191 67 199 222
12192 65 76 221
12193 63 184 219
12194 61 202 218
12195 59 205 217
12196 57 77 216
12197 55 227 215
12198 53 252 213
12199 51 42 212
12200 49 7 211
12201 47 44 210
12202 45 93 209
12203 43 144 207
12204 41 24 206
12205 39 4 205
12206 37 172 204
12207 35 200 203
12208 33 119 201
12209 31 234 200
12210 29 39 199
12211 27 135 198
12212 106 251 246
12213 104 256 245
12214 102 214 244
12215 100 207 243
12216 98 163 241
12217 96 70 240
12218 94 183 239
12219 92 159 238
12220 90 155 237
12221 88 240 235
12222 86 40 234
12223 84 178 233
12224 82 201 232
12225 80 162 231
12226 78 27 229
12227 76 133 228
12228 74 65 227
12229 72 225 226
12230 70 166 225
12231 68 199 223
12232 66 76 222
12233 64 184 221
12234 62 202 220
12235 60 205 219
12236 58 77 217
12237 56 227 216
12238 54 252 215
12239 52 42 214
12240 50 7 213
12241 48 44 211
12242 46 93 210
12243 44 144 209
12244 42 24 208
12245 40 4 207
12246 38 172 205
12247 36 200 204
12248 34 119 203
12249 32 234 202
12250 30 39 201
12251 107 254 247
12252 105 128 246
12253 103 107 244
12254 101 232 243
12255 99 210 242
12256 97 35 241
12257 95 220 240
12258 93 208 238
12259 91 206 237
12260 89 120 236
12261 87 20 235
12262 85 89 234
12263 83 229 232
12264 81 81 231
12265 79 142 230
12266 77 195 229
12267 75 161 228
12268 73 241 226
12269 71 83 225
12270 69 228 224
12271 67 38 223
12272 65 92 222
12273 63 101 220
12274 61 231 219
12275 59 167 218
12276 57 242 217
12277 55 126 216
12278 53 21 214
12279 51 132 213
12280 49 22 212
12281 47 175 211
12282 45 72 210
12283 43 12 208
12284 41 2 207
12285 39 86 206
12286 37 100 205
12287 35 188 204
12288 33 117 202
12289 108 254 248
12290 106 128 247
12291 104 107 246
12292 102 232 245
12293 100 210 244
12294 98 35 242
12295 96 220 241
12296 94 208 240
12297 92 206 239
12298 90 120 238
12299 88 20 236
12300 86 89 235
12301 84 229 234
12302 82 81 233
12303 80 142 232
12304 78 195 230
12305 76 161 229
12306 74 241 228
12307 72 83 227
12308 70 228 226
12309 68 38 224
12310 66 92 223
12311 64 101 222
12312 62 231 221
12313 60 167 220
12314 58 242 218
12315 56 126 217
12316 54 21 216
12317 52 132 215
12318 50 22 214
12319 48 175 212
12320 46 72 211
12321 44 12 210
12322 42 2 209
12323 40 86 208
12324 38 100 206
12325 36 188 205
12326 109 127 249
12327 107 64 248
12328 105 182 247
12329 103 116 245
12330 101 105 244
12331 99 146 243
12332 97 110 242
12333 95 104 241
12334 93 103 239
12335 91 60 238
12336 89 10 237
12337 87 173 236
12338 85 243 235
12339 83 169 233
12340 81 71 232
12341 79 226 231
12342 77 209 230
12343 75 249 229
12344 73 170 227
12345 71 114 226
12346 69 19 225
12347 67 46 224
12348 65 179 223
12349 63 244 221
12350 61 212 220
12351 59 121 219
12352 57 63 218
12353 55 139 217
12354 53 66 215
12355 51 11 214
12356 49 216 213
12357 47 36 212
12358 45 6 211
12359 43 1 209
12360 41 43 208
12361 39 50 207
12362 110 127 251
12363 108 64 249
12364 106 182 248
12365 104 116 247
12366 102 105 246
12367 100 146 245
12368 98 110 243
12369 96 104 242
12370 94 103 241
12371 92 60 240
12372 90 10 239
12373 88 173 237
12374 86 243 236
12375 84 169 235
12376 82 71 234
12377 80 226 233
12378 78 209 231
12379 76 249 230
12380 74 170 229
12381 72 114 228
12382 70 19 227
12383 68 46 225
12384 66 179 224
12385 64 244 223
12386 62 212 222
12387 60 121 221
12388 58 63 219
12389 56 139 218
12390 54 66 217
12391 52 11 216
12392 50 216 215
12393 48 36 213
12394 46 6 212
12395 44 1 211
12396 42 43 210
12397 111 192 251
12398 109 32 250
12399 107 91 249
12400 105 58 248
12401 103 181 246
12402 101 73 245
12403 99 55 244
12404 97 52 243
12405 95 180 242
12406 93 30 240
12407 91 5 239
12408 89 215 238
12409 87 250 237
12410 85 213 236
12411 83 164 234
12412 81 113 233
12413 79 233 232
12414 77 253 231
12415 75 85 230
12416 73 57 228
12417 71 138 227
12418 69 23 226
12419 67 218 225
12420 65 122 224
12421 63 106 222
12422 61 189 221
12423 59 160 220
12424 57 198 219
12425 55 33 218
12426 53 134 216
12427 51 108 215
12428 49 18 214
12429 47 3 213
12430 45 129 212
12431 112 192 253
12432 110 32 252
12433 108 91 250
12434 106 58 249
12435 104 181 248
12436 102 73 247
12437 100 55 246
12438 98 52 244
12439 96 180 243
12440 94 30 242
12441 92 5 241
12442 90 215 240
12443 88 250 238
12444 86 213 237
12445 84 164 236
12446 82 113 235
12447 80 233 234
12448 78 253 232
12449 76 85 231
12450 74 57 230
12451 72 138 229
12452 70 23 228
12453 68 218 226
12454 66 122 225
12455 64 106 224
12456 62 189 223
12457 60 160 222
12458 58 198 220
12459 56 33 219
12460 54 134 218
12461 52 108 217
12462 50 18 216
12463 48 3 214
12464 113 96 253
12465 111 16 252
12466 109 174 251
12467 107 29 250
12468 105 219 249
12469 103 165 247
12470 101 156 246
12471 99 26 245
12472 97 90 244
12473 95 15 243
12474 93 131 241
12475 91 236 240
12476 89 125 239
12477 87 235 238
12478 85 82 237
12479 83 185 235
12480 81 245 234
12481 79 255 233
12482 77 171 232
12483 75 157 231
12484 73 69 229
12485 71 140 228
12486 69 109 227
12487 67 61 226
12488 65 53 225
12489 63 223 223
12490 61 80 222
12491 59 99 221
12492 57 145 220
12493 55 67 219
12494 53 54 217
12495 51 9 216
12496 114 96 255
12497 112 16 254
12498 110 174 253
12499 108 29 251
12500 106 219 250
12501 104 165 249
12502 102 156 248
12503 100 26 247
12504 98 90 245
12505 96 15 244
12506 94 131 243
12507 92 236 242
12508 90 125 241
12509 88 235 239
12510 86 82 238
12511 84 185 237
12512 82 245 236
12513 80 255 235
12514 78 171 233
12515 76 157 232
12516 74 69 231
12517 72 140 230
12518 70 109 229
12519 68 61 227
12520 66 53 226
12521 64 223 225
12522 62 80 224
12523 60 99 223
12524 58 145 221
12525 56 67 220
12526 54 54 219
12527 115 48 256
12528 113 8 254
12529 111 87 253
12530 109 143 252
12531 107 238 251
12532 105 211 250
12533 103 78 248
12534 101 13 247
12535 99 45 246
12536 97 136 245
12537 95 194 244
12538 93 118 242
12539 91 191 241
12540 89 246 240
12541 87 41 239
12542 85 221 238
12543 83 251 236
12544 81 256 235
12545 79 214 234
12546 77 207 233
12547 75 163 232
12548 73 70 230
12549 71 183 229
12550 69 159 228
12551 67 155 227
12552 65 240 226
12553 63 40 224
12554 61 178 223
12555 59 201 222
12556 57 162 221
12557 116 48 257
12558 114 8 256
12559 112 87 255
12560 110 143 254
12561 108 238 252
12562 106 211 251
12563 104 78 250
12564 102 13 249
12565 100 45 248
12566 98 136 246
12567 96 194 245
12568 94 118 244
12569 92 191 243
12570 90 246 242
12571 88 41 240
12572 86 221 239
12573 84 251 238
12574 82 256 237
12575 80 214 236
12576 78 207 234
12577 76 163 233
12578 74 70 232
12579 72 183 231
12580 70 159 230
12581 68 155 228
12582 66 240 227
12583 64 40 226
12584 62 178 225
12585 60 201 224
12586 117 24 258
12587 115 4 257
12588 113 172 255
12589 111 200 254
12590 109 119 253
12591 107 234 252
12592 105 39 251
12593 103 135 249
12594 101 151 248
12595 99 68 247
12596 97 97 246
12597 95 59 245
12598 93 224 243
12599 91 123 242
12600 89 149 241
12601 87 239 240
12602 85 254 239
12603 83 128 237
12604 81 107 236
12605 79 232 235
12606 77 210 234
12607 75 35 233
12608 73 220 231
12609 71 208 230
12610 69 206 229
12611 67 120 228
12612 65 20 227
12613 63 89 225
12614 118 24 259
12615 116 4 258
12616 114 172 257
12617 112 200 256
12618 110 119 255
12619 108 234 253
12620 106 39 252
12621 104 135 251
12622 102 151 250
12623 100 68 249
12624 98 97 247
12625 96 59 246
12626 94 224 245
12627 92 123 244
12628 90 149 243
12629 88 239 241
12630 86 254 240
12631 84 128 239
12632 82 107 238
12633 80 232 237
12634 78 210 235
12635 76 35 234
12636 74 220 233
12637 72 208 232
12638 70 206 231
12639 68 120 229
12640 66 20 228
12641 119 12 260
12642 117 2 259
12643 115 86 258
12644 113 100 256
12645 111 188 255
12646 109 117 254
12647 107 148 253
12648 105 196 252
12649 103 204 250
12650 101 34 249
12651 99 177 248
12652 97 158 247
12653 95 112 246
12654 93 190 244
12655 91 203 243
12656 89 248 242
12657 87 127 241
12658 85 64 240
12659 83 182 238
12660 81 116 237
12661 79 105 236
12662 77 146 235
12663 75 110 234
12664 73 104 232
12665 71 103 231
12666 69 60 230
12667 120 12 262
12668 118 2 260
12669 116 86 259
12670 114 100 258
12671 112 188 257
12672 110 117 256
12673 108 148 254
12674 106 196 253
12675 104 204 252
12676 102 34 251
12677 100 177 250
12678 98 158 248
12679 96 112 247
12680 94 190 246
12681 92 203 245
12682 90 248 244
12683 88 127 242
12684 86 64 241
12685 84 182 240
12686 82 116 239
12687 80 105 238
12688 78 146 236
12689 76 110 235
12690 74 104 234
12691 72 103 233
12692 121 6 262
12693 119 1 261
12694 117 43 260
12695 115 50 259
12696 113 94 257
12697 111 187 256
12698 109 74 255
12699 107 98 254
12700 105 102 253
12701 103 17 251
12702 101 217 250
12703 99 79 249
12704 97 56 248
12705 95 95 247
12706 93 230 245
12707 91 124 244
12708 89 192 243
12709 87 32 242
12710 85 91 241
12711 83 58 239
12712 81 181 238
12713 79 73 237
12714 77 55 236
12715 75 52 235
12716 122 6 264
12717 120 1 263
12718 118 43 261
12719 116 50 260
12720 114 94 259
12721 112 187 258
12722 110 74 257
12723 108 98 255
12724 106 102 254
12725 104 17 253
12726 102 217 252
12727 100 79 251
12728 98 56 249
12729 96 95 248
12730 94 230 247
12731 92 124 246
12732 90 192 245
12733 88 32 243
12734 86 91 242
12735 84 58 241
12736 82 181 240
12737 80 73 239
12738 78 55 237
12739 123 3 264
12740 121 129 263
12741 119 150 262
12742 117 25 261
12743 115 47 260
12744 113 222 258
12745 111 37 257
12746 109 49 256
12747 107 51 255
12748 105 137 254
12749 103 237 252
12750 101 168 251
12751 99 28 250
12752 97 176 249
12753 95 115 248
12754 93 62 246
12755 91 96 245
12756 89 16 244
12757 87 174 243
12758 85 29 242
12759 83 219 240
12760 81 165 239
12761 124 3 266
12762 122 129 265
12763 120 150 264
12764 118 25 262
12765 116 47 261
12766 114 222 260
12767 112 37 259
12768 110 49 258
12769 108 51 256
12770 106 137 255
12771 104 237 254
12772 102 168 253
12773 100 28 252
12774 98 176 250
12775 96 115 249
12776 94 62 248
12777 92 96 247
12778 90 16 246
12779 88 174 244
12780 86 29 243
12781 84 219 242
12782 125 130 267
12783 123 193 265
12784 121 75 264
12785 119 141 263
12786 117 152 262
12787 115 111 261
12788 113 147 259
12789 111 153 258
12790 109 154 257
12791 107 197 256
12792 105 247 255
12793 103 84 253
12794 101 14 252
12795 99 88 251
12796 97 186 250
12797 95 31 249
12798 93 48 247
12799 91 8 246
12800 89 87 245
12801 87 143 244
12802 126 130 268
12803 124 193 267
12804 122 75 266
12805 120 141 265
12806 118 152 263
12807 116 111 262
12808 114 147 261
12809 112 153 260
12810 110 154 259
12811 108 197 257
12812 106 247 256
12813 104 84 255
12814 102 14 254
12815 100 88 253
12816 98 186 251
12817 96 31 250
12818 94 48 249
12819 92 8 248
12820 90 87 247
12821 127 65 269
12822 125 225 268
12823 123 166 266
12824 121 199 265
12825 119 76 264
12826 117 184 263
12827 115 202 262
12828 113 205 260
12829 111 77 259
12830 109 227 258
12831 107 252 257
12832 105 42 256
12833 103 7 254
12834 101 44 253
12835 99 93 252
12836 97 144 251
12837 95 24 250
12838 93 4 248
12839 128 65 270
12840 126 225 269
12841 124 166 268
12842 122 199 267
12843 120 76 266
12844 118 184 264
12845 116 202 263
12846 114 205 262
12847 112 77 261
12848 110 227 260
12849 108 252 258
12850 106 42 257
12851 104 7 256
12852 102 44 255
12853 100 93 254
12854 98 144 252
12855 96 24 251
12856 129 161 271
12857 127 241 270
12858 125 83 269
12859 123 228 267
12860 121 38 266
12861 119 92 265
12862 117 101 264
12863 115 231 263
12864 113 167 261
12865 111 242 260
12866 109 126 259
12867 107 21 258
12868 105 132 257
12869 103 22 255
12870 101 175 254
12871 99 72 253
12872 130 161 273
12873 128 241 271
12874 126 83 270
12875 124 228 269
12876 122 38 268
12877 120 92 267
12878 118 101 265
12879 116 231 264
12880 114 167 263
12881 112 242 262
12882 110 126 261
12883 108 21 259
12884 106 132 258
12885 104 22 257
12886 102 175 256
12887 131 209 273
12888 129 249 272
12889 127 170 271
12890 125 114 270
12891 123 19 268
12892 121 46 267
12893 119 179 266
12894 117 244 265
12895 115 212 264
12896 113 121 262
12897 111 63 261
12898 109 139 260
12899 107 66 259
12900 105 11 258
12901 132 209 275
12902 130 249 274
12903 128 170 272
12904 126 114 271
12905 124 19 270
12906 122 46 269
12907 120 179 268
12908 118 244 266
12909 116 212 265
12910 114 121 264
12911 112 63 263
12912 110 139 262
12913 108 66 260
12914 133 233 275
12915 131 253 274
12916 129 85 273
12917 127 57 272
12918 125 138 271
12919 123 23 269
12920 121 218 268
12921 119 122 267
12922 117 106 266
12923 115 189 265
12924 113 160 263
12925 111 198 262
12926 134 233 277
12927 132 253 276
12928 130 85 275
12929 128 57 273
12930 126 138 272
12931 124 23 271
12932 122 218 270
12933 120 122 269
12934 118 106 267
12935 116 189 266
12936 114 160 265
12937 135 245 278
12938 133 255 276
12939 131 171 275
12940 129 157 274
12941 127 69 273
12942 125 140 272
12943 123 109 270
12944 121 61 269
12945 119 53 268
12946 117 223 267
12947 136 245 279
12948 134 255 278
12949 132 171 277
12950 130 157 276
12951 128 69 274
12952 126 140 273
12953 124 109 272
12954 122 61 271
12955 120 53 270
12956 137 251 280
12957 135 256 279
12958 133 214 277
12959 131 207 276
12960 129 163 275
12961 127 70 274
12962 125 183 273
12963 123 159 271
12964 138 251 281
12965 136 256 280
12966 134 214 279
12967 132 207 278
12968 130 163 277
12969 128 70 275
12970 126 183 274
12971 139 254 282
12972 137 128 281
12973 135 107 280
12974 133 232 278
12975 131 210 277
12976 129 35 276
12977 140 254 284
12978 138 128 282
12979 136 107 281
12980 134 232 280
12981 132 210 279
12982 141 127 284
12983 139 64 283
12984 137 182 282
12985 135 116 281
12986 142 127 286
12987 140 64 285
12988 138 182 283
12989 143 192 286
12990 141 32 285
12991 144 192 288
12992 3 53 186
12993 2 102 187
12994 1 206 188
12995 0 154 189
12996 0 154 190
12997 0 154 191
12998 0 154 192
12999 0 154 193
13000 0 154 194
13001 0 154 195
13002 0 154 196
13003 0 154 197
13004 0 154 198
13005 0 154 199
13006 0 154 200
13007 0 154 201
13008 0 154 202
13009 0 154 203
13010 0 154 204
13011 0 154 205
13012 0 154 206
13013 0 154 207
13014 0 154 208
13015 0 154 209
13016 0 154 210
13017 0 154 211
13018 0 154 212
13019 0 154 213
13020 0 154 214
13021 0 154 215
13022 0 154 216
13023 0 154 217
13024 0 154 218
13025 0 154 219
13026 0 154 220
13027 0 154 221
13028 0 154 222
13029 0 154 223
13030 5 238 186
13031 3 247 187
13032 4 235 187
13033 2 120 188
13034 1 197 189
13035 1 197 190
13036 1 197 191
13037 1 197 192
13038 1 197 193
13039 1 197 194
13040 1 197 195
13041 1 197 196
13042 1 197 197
13043 1 197 198
13044 1 197 199
13045 1 197 200
13046 1 197 201
13047 1 197 202
13048 1 197 203
13049 1 197 204
13050 1 197 205
13051 1 197 206
13052 1 197 207
13053 1 197 208
13054 1 197 209
13055 1 197 210
13056 1 197 211
13057 1 197 212
13058 1 197 213
13059 1 197 214
13060 1 197 215
13061 1 197 216
13062 1 197 217
13063 1 197 218
13064 1 197 219
13065 1 197 220
13066 1 197 221
13067 7 65 186
13068 5 183 187
13069 6 197 187
13070 3 238 188
13071 4 239 188
13072 2 247 189
13073 2 247 190
13074 2 247 191
13075 2 247 192
13076 2 247 193
13077 2 247 194
13078 2 247 195
13079 2 247 196
13080 2 247 197
13081 2 247 198
13082 2 247 199
13083 2 247 200
13084 2 247 201
13085 2 247 202
13086 2 247 203
13087 2 247 204
13088 2 247 205
13089 2 247 206
13090 2 247 207
13091 2 247 208
13092 2 247 209
13093 2 247 210
13094 2 247 211
13095 2 247 212
13096 2 247 213
13097 2 247 214
13098 2 247 215
13099 2 247 216
13100 2 247 217
13101 2 247 218
13102 2 247 219
13103 9 224 186
13104 7 172 187
13105 8 70 187
13106 5 65 188
13107 6 21 188
13108 3 150 189
13109 4 67 189
13110 3 84 190
13111 3 84 191
13112 3 84 192
13113 3 84 193
13114 3 84 194
13115 3 84 195
13116 3 84 196
13117 3 84 197
13118 3 84 198
13119 3 84 199
13120 3 84 200
13121 3 84 201
13122 3 84 202
13123 3 84 203
13124 3 84 204
13125 3 84 205
13126 3 84 206
13127 3 84 207
13128 3 84 208
13129 3 84 209
13130 3 84 210
13131 3 84 211
13132 3 84 212
13133 3 84 213
13134 3 84 214
13135 3 84 215
13136 3 84 216
13137 3 84 217
13138 11 167 186
13139 9 142 187
13140 10 4 187
13141 7 224 188
13142 8 104 188
13143 5 82 189
13144 6 136 189
13145 4 207 190
13146 5 167 190
13147 4 14 191
13148 4 14 192
13149 4 14 193
13150 4 14 194
13151 4 14 195
13152 4 14 196
13153 4 14 197
13154 4 14 198
13155 4 14 199
13156 4 14 200
13157 4 14 201
13158 4 14 202
13159 4 14 203
13160 4 14 204
13161 4 14 205
13162 4 14 206
13163 4 14 207
13164 4 14 208
13165 4 14 209
13166 4 14 210
13167 4 14 211
13168 4 14 212
13169 4 14 213
13170 4 14 214
13171 4 14 215
13172 11 136 187
13173 13 122 187
13174 9 82 188
13175 10 100 188
13176 12 187 188
13177 7 247 189
13178 8 184 189
13179 6 144 190
13180 7 105 190
13181 5 207 191
13182 6 163 191
13183 5 88 192
13184 5 88 193
13185 5 88 194
13186 5 88 195
13187 5 88 196
13188 5 88 197
13189 5 88 198
13190 5 88 199
13191 5 88 200
13192 5 88 201
13193 5 88 202
13194 5 88 203
13195 5 88 204
13196 5 88 205
13197 5 88 206
13198 5 88 207
13199 5 88 208
13200 5 88 209
13201 5 88 210
13202 5 88 211
13203 5 88 212
13204 5 88 213
13205 11 160 188
13206 13 204 188
13207 9 36 189
13208 10 163 189
13209 12 220 189
13210 14 62 189
13211 8 76 190
13212 9 85 190
13213 16 199 190
13214 7 144 191
13215 8 24 191
13216 6 216 192
13217 7 92 192
13218 6 186 193
13219 6 186 194
13220 6 186 195
13221 6 186 196
13222 6 186 197
13223 6 186 198
13224 6 186 199
13225 6 186 200
13226 6 186 201
13227 6 186 202
13228 6 186 203
13229 6 186 204
13230 6 186 205
13231 6 186 206
13232 6 186 207
13233 6 186 208
13234 6 186 209
13235 6 186 210
13236 6 186 211
13237 11 158 189
13238 13 240 189
13239 10 197 190
13240 11 132 190
13241 12 153 190
13242 14 209 190
13243 15 161 190
13244 9 62 191
13245 10 108 191
13246 17 181 191
13247 8 3 192
13248 9 101 192
13249 19 154 192
13250 7 94 193
13251 8 118 193
13252 7 31 194
13253 7 31 195
13254 7 31 196
13255 7 31 197
13256 7 31 198
13257 7 31 199
13258 7 31 200
13259 7 31 201
13260 7 31 202
13261 7 31 203
13262 7 31 204
13263 7 31 205
13264 7 31 206
13265 7 31 207
13266 7 31 208
13267 7 31 209
13268 13 211 190
13269 11 81 191
13270 12 226 191
13271 13 74 191
13272 14 103 191
13273 15 39 191
13274 16 45 191
13275 10 224 192
13276 11 125 192
13277 12 49 192
13278 18 111 192
13279 9 130 193
13280 10 235 193
13281 8 203 194
13282 9 157 194
13283 20 142 194
13284 8 48 195
13285 22 162 195
13286 8 48 196
13287 8 48 197
13288 8 48 198
13289 8 48 199
13290 8 48 200
13291 8 48 201
13292 8 48 202
13293 8 48 203
13294 8 48 204
13295 8 48 205
13296 8 48 206
13297 8 48 207
13298 13 120 192
13299 14 141 192
13300 15 95 192
13301 16 38 192
13302 17 38 192
13303 11 58 193
13304 12 67 193
13305 13 177 193
13306 14 109 193
13307 15 167 193
13308 19 191 193
13309 11 225 194
13310 10 144 194
13311 12 85 194
13312 21 237 194
13313 9 212 195
13314 10 46 195
13315 23 27 195
13316 9 8 196
13317 9 8 197
13318 25 190 197
13319 9 8 198
13320 9 8 199
13321 9 8 200
13322 9 8 201
13323 9 8 202
13324 9 8 203
13325 9 8 204
13326 9 8 205
13327 16 238 193
13328 17 164 193
13329 18 124 193
13330 13 116 194
13331 14 89 194
13332 15 178 194
13333 16 186 194
13334 17 89 194
13335 18 91 194
13336 11 196 195
13337 12 156 195
13338 13 145 195
13339 14 31 195
13340 20 67 195
13341 10 63 196
13342 11 177 196
13343 12 200 196
13344 22 65 196
13345 10 87 197
13346 24 9 197
13347 10 87 198
13348 26 108 198
13349 10 87 199
13350 28 11 199
13351 10 87 200
13352 10 87 201
13353 10 87 202
13354 10 87 203
13355 19 18 194
13356 15 26 195
13357 16 99 195
13358 17 97 195
13359 18 12 195
13360 19 114 195
13361 21 191 195
13362 13 103 196
13363 14 155 196
13364 15 73 196
13365 16 253 196
13366 17 160 196
13367 18 219 196
13368 23 39 196
13369 11 154 197
13370 12 12 197
13371 13 125 197
13372 14 1 197
13373 11 128 198
13374 12 221 198
13375 25 127 198
13376 11 143 199
13377 27 239 199
13378 11 143 200
13379 29 41 200
13380 11 143 201
13381 31 235 201
13382 19 143 196
13383 20 213 196
13384 21 232 196
13385 15 180 197
13386 16 107 197
13387 17 110 197
13388 18 23 197
13389 19 252 197
13390 20 145 197
13391 21 37 197
13392 22 52 197
13393 23 36 197
13394 13 161 198
13395 14 69 198
13396 15 179 198
13397 16 121 198
13398 24 166 198
13399 12 249 199
13400 13 217 199
13401 14 245 199
13402 26 218 199
13403 12 122 200
13404 13 175 200
13405 28 6 200
13406 12 238 201
13407 11 153 202
13408 17 49 198
13409 18 1 198
13410 19 149 198
13411 20 126 198
13412 21 242 198
13413 22 215 198
13414 23 161 198
13415 15 31 199
13416 16 184 199
13417 17 158 199
13418 18 126 199
13419 19 42 199
13420 20 250 199
13421 21 134 199
13422 23 237 199
13423 25 3 199
13424 14 11 200
13425 15 141 200
13426 16 38 200
13427 27 245 200
13428 13 200 201
13429 14 193 201
13430 15 80 201
13431 29 19 201
13432 12 248 202
13433 22 87 199
13434 24 221 199
13435 17 207 200
13436 18 110 200
13437 19 172 200
13438 20 54 200
13439 21 175 200
13440 22 58 200
13441 23 29 200
13442 24 180 200
13443 25 236 200
13444 26 223 200
13445 16 174 201
13446 17 31 201
13447 18 249 201
13448 19 162 201
13449 20 107 201
13450 21 202 201
13451 28 68 201
13452 13 62 202
13453 14 125 202
13454 15 227 202
13455 16 81 202
13456 17 198 202
13457 22 220 201
13458 23 130 201
13459 24 179 201
13460 25 78 201
13461 26 148 201
13462 27 113 201
13463 18 220 202
13464 19 22 202
13465 20 34 202
13466 21 160 202
13467 22 194 202
13468 23 23 202
13469 24 141 202
13470 25 115 202
13471 26 64 202
13472 27 196 202
13473 28 85 202
13474 29 158 202
13475 30 204 202
13476 31 225 202
13477 11 97 203
13478 12 189 203
13479 13 207 203
13480 14 249 203
13481 15 140 203
13482 16 93 203
13483 17 252 203
13484 18 199 203
13485 19 95 203
13486 20 59 203
13487 21 103 203
13488 22 21 203
13489 23 23 203
13490 24 256 203
13491 25 135 203
13492 26 212 203
13493 28 120 203
13494 27 233 203
13495 29 33 203
13496 30 123 203
13497 31 229 203
13498 32 235 203
13499 33 161 203
13500 10 161 204
13501 11 167 204
13502 12 161 204
13503 13 167 204
13504 14 144 204
13505 15 29 204
13506 16 79 204
13507 17 241 204
13508 18 219 204
13509 19 105 204
13510 20 13 204
13511 21 211 204
13512 22 79 204
13513 23 197 204
13514 24 101 204
13515 25 17 204
13516 26 141 204
13517 27 197 204
13518 28 125 204
13519 29 212 204
13520 30 83 204
13521 31 70 204
13522 32 94 204
13523 33 220 204
13524 34 151 204
13525 10 93 205
13526 11 42 205
13527 12 111 205
13528 13 9 205
13529 14 61 205
13530 15 12 205
13531 16 239 205
13532 17 169 205
13533 18 205 205
13534 19 87 205
13535 20 2 205
13536 21 123 205
13537 22 231 205
13538 23 110 205
13539 24 160 205
13540 25 181 205
13541 26 13 205
13542 27 99 205
13543 28 100 205
13544 29 22 205
13545 30 153 205
13546 31 188 205
13547 32 135 205
13548 33 177 205
13549 34 196 205
13550 35 248 205
13551 9 198 206
13552 10 14 206
13553 11 55 206
13554 12 101 206
13555 13 229 206
13556 14 55 206
13557 15 56 206
13558 16 250 206
13559 17 87 206
13560 18 81 206
13561 19 53 206
13562 20 148 206
13563 21 248 206
13564 22 134 206
13565 23 189 206
13566 24 51 206
13567 25 120 206
13568 26 164 206
13569 27 253 206
13570 28 164 206
13571 29 60 206
13572 30 249 206
13573 31 191 206
13574 32 81 206
13575 33 75 206
13576 34 44 206
13577 35 144 206
13578 36 150 206
13579 37 117 206
13580 9 184 207
13581 10 235 207
13582 11 235 207
13583 12 118 207
13584 13 69 207
13585 14 27 207
13586 15 59 207
13587 16 41 207
13588 17 28 207
13589 18 174 207
13590 19 8 207
13591 20 191 207
13592 21 132 207
13593 22 97 207
13594 23 156 207
13595 24 74 207
13596 25 189 207
13597 26 90 207
13598 27 84 207
13599 28 28 207
13600 29 236 207
13601 30 5 207
13602 31 30 207
13603 32 241 207
13604 33 236 207
13605 34 141 207
13606 35 236 207
13607 36 169 207
13608 37 135 207
13609 38 39 207
13610 8 164 208
13611 9 68 208
13612 10 246 208
13613 11 87 208
13614 12 196 208
13615 13 109 208
13616 14 241 208
13617 15 28 208
13618 16 183 208
13619 17 230 208
13620 18 232 208
13621 19 126 208
13622 20 7 208
13623 21 144 208
13624 22 177 208
13625 23 95 208
13626 24 239 208
13627 25 194 208
13628 26 180 208
13629 27 119 208
13630 28 142 208
13631 29 74 208
13632 30 225 208
13633 31 166 208
13634 32 91 208
13635 33 19 208
13636 34 140 208
13637 35 65 208
13638 36 249 208
13639 37 81 208
13640 38 238 208
13641 39 50 208
13642 8 19 209
13643 9 226 209
13644 10 116 209
13645 11 163 209
13646 12 68 209
13647 13 123 209
13648 14 228 209
13649 15 208 209
13650 16 58 209
13651 17 203 209
13652 18 93 209
13653 19 195 209
13654 20 183 209
13655 21 129 209
13656 22 149 209
13657 23 114 209
13658 24 22 209
13659 25 46 209
13660 26 39 209
13661 27 147 209
13662 28 97 209
13663 29 2 209
13664 30 214 209
13665 31 166 209
13666 32 101 209
13667 33 180 209
13668 34 130 209
13669 35 26 209
13670 36 150 209
13671 37 29 209
13672 38 129 209
13673 39 182 209
13674 40 157 209
13675 41 90 209
13676 7 178 210
13677 8 189 210
13678 9 246 210
13679 10 235 210
13680 11 133 210
13681 12 185 210
13682 13 162 210
13683 14 230 210
13684 15 136 210
13685 16 120 210
13686 17 5 210
13687 18 105 210
13688 19 199 210
13689 20 106 210
13690 21 76 210
13691 22 146 210
13692 23 133 210
13693 24 235 210
13694 25 215 210
13695 26 226 210
13696 27 118 210
13697 28 242 210
13698 29 14 210
13699 30 207 210
13700 31 167 210
13701 32 222 210
13702 33 22 210
13703 34 40 210
13704 35 141 210
13705 36 42 210
13706 37 49 210
13707 38 124 210
13708 39 80 210
13709 40 26 210
13710 41 85 210
13711 43 21 210
13712 7 224 211
13713 8 239 211
13714 9 247 211
13715 10 75 211
13716 11 132 211
13717 12 58 211
13718 13 142 211
13719 14 127 211
13720 15 52 211
13721 16 13 211
13722 17 130 211
13723 18 24 211
13724 19 96 211
13725 20 118 211
13726 21 221 211
13727 6 198 212
13728 22 14 211
13729 23 48 211
13730 6 224 213
13731 24 232 211
13732 5 190 214
13733 25 55 211
13734 26 137 211
13735 27 80 211
13736 28 32 211
13737 29 72 211
13738 30 59 211
13739 31 98 211
13740 32 29 211
13741 33 16 211
13742 34 80 211
13743 35 36 211
13744 36 211 211
13745 37 250 211
13746 38 164 211
13747 39 140 211
13748 40 137 211
13749 41 102 211
13750 42 43 211
13751 43 242 211
13752 7 137 212
13753 8 181 212
13754 9 200 212
13755 10 45 212
13756 11 109 212
13757 12 210 212
13758 13 191 212
13759 14 167 212
13760 15 98 212
13761 16 2 212
13762 17 2 212
13763 18 123 212
13764 19 95 212
13765 20 136 212
13766 21 9 212
13767 22 88 212
13768 23 234 212
13769 24 95 212
13770 25 62 212
13771 26 43 212
13772 27 68 212
13773 28 216 212
13774 29 148 212
13775 30 58 212
13776 31 47 212
13777 32 130 212
13778 33 68 212
13779 34 65 212
13780 35 93 212
13781 36 207 212
13782 37 94 212
13783 38 188 212
13784 39 117 212
13785 40 28 212
13786 41 213 212
13787 42 217 212
13788 43 25 212
13789 44 25 212
13790 7 133 213
13791 8 164 213
13792 9 212 213
13793 10 140 213
13794 11 134 213
13795 12 251 213
13796 13 118 213
13797 14 220 213
13798 15 206 213
13799 16 223 213
13800 17 223 213
13801 18 189 213
13802 19 6 213
13803 20 54 213
13804 21 101 213
13805 22 7 213
13806 23 247 213
13807 24 47 213
13808 25 35 213
13809 26 232 213
13810 27 114 213
13811 28 55 213
13812 29 124 213
13813 30 119 213
13814 31 129 213
13815 32 52 213
13816 33 247 213
13817 34 67 213
13818 35 118 213
13819 36 18 213
13820 37 11 213
13821 38 225 213
13822 39 234 213
13823 40 121 213
13824 41 239 213
13825 42 166 213
13826 43 245 213
13827 44 34 213
13828 45 191 213
13829 46 234 213
13830 6 249 214
13831 7 133 214
13832 8 23 214
13833 9 222 214
13834 10 173 214
13835 11 65 214
13836 12 17 214
13837 13 187 214
13838 14 91 214
13839 15 50 214
13840 16 103 214
13841 17 133 214
13842 18 123 214
13843 19 170 214
13844 20 220 214
13845 21 50 214
13846 22 122 214
13847 23 108 214
13848 24 89 214
13849 25 210 214
13850 26 223 214
13851 27 138 214
13852 28 29 214
13853 29 254 214
13854 30 181 214
13855 31 91 214
13856 32 30 214
13857 33 181 214
13858 34 5 214
13859 35 160 214
13860 36 8 214
13861 37 130 214
13862 38 167 214
13863 39 201 214
13864 40 12 214
13865 41 115 214
13866 42 168 214
13867 43 201 214
13868 44 18 214
13869 45 81 214
13870 46 170 214
13871 47 245 214
13872 5 254 215
13873 6 45 215
13874 7 129 215
13875 8 41 215
13876 9 37 215
13877 10 114 215
13878 11 90 215
13879 12 15 215
13880 13 175 215
13881 14 173 215
13882 15 105 215
13883 16 15 215
13884 17 229 215
13885 18 102 215
13886 19 37 215
13887 20 164 215
13888 21 11 215
13889 22 193 215
13890 23 103 215
13891 24 14 215
13892 25 85 215
13893 26 80 215
13894 27 69 215
13895 28 83 215
13896 29 143 215
13897 30 237 215
13898 31 153 215
13899 32 76 215
13900 33 178 215
13901 34 92 215
13902 35 189 215
13903 36 167 215
13904 37 97 215
13905 38 94 215
13906 39 255 215
13907 40 65 215
13908 41 38 215
13909 42 116 215
13910 43 39 215
13911 44 31 215
13912 45 15 215
13913 46 144 215
13914 47 31 215
13915 48 191 215
13916 49 164 215
13917 4 219 216
13918 5 153 216
13919 6 33 216
13920 7 112 216
13921 8 183 216
13922 9 128 216
13923 10 58 216
13924 11 28 216
13925 12 194 216
13926 13 248 216
13927 14 188 216
13928 15 246 216
13929 16 216 216
13930 17 117 216
13931 18 45 216
13932 19 219 216
13933 20 48 216
13934 21 225 216
13935 22 161 216
13936 23 147 216
13937 24 120 216
13938 25 122 216
13939 26 205 216
13940 27 164 216
13941 28 152 216
13942 29 191 216
13943 30 5 216
13944 31 231 216
13945 32 198 216
13946 33 129 216
13947 34 24 216
13948 35 27 216
13949 36 41 216
13950 37 225 216
13951 38 31 216
13952 39 34 216
13953 40 82 216
13954 41 192 216
13955 42 210 216
13956 43 214 216
13957 44 170 216
13958 45 29 216
13959 46 243 216
13960 47 254 216
13961 48 241 216
13962 49 3 216
13963 4 90 217
13964 5 87 217
13965 6 153 217
13966 7 85 217
13967 8 212 217
13968 9 49 217
13969 10 98 217
13970 11 99 217
13971 12 126 217
13972 13 43 217
13973 14 152 217
13974 15 81 217
13975 16 3 217
13976 17 132 217
13977 18 239 217
13978 19 202 217
13979 20 74 217
13980 21 167 217
13981 22 159 217
13982 23 161 217
13983 24 61 217
13984 25 48 217
13985 26 29 217
13986 27 2 217
13987 28 61 217
13988 29 7 217
13989 30 141 217
13990 31 17 217
13991 32 103 217
13992 33 39 217
13993 34 21 217
13994 35 185 217
13995 36 177 217
13996 37 44 217
13997 38 29 217
13998 39 180 217
13999 40 37 217
14000 41 114 217
14001 42 152 217
14002 43 90 217
14003 44 75 217
14004 45 253 217
14005 46 234 217
14006 47 239 217
14007 48 178 217
14008 49 244 217
14009 50 174 217
14010 51 137 217
14011 3 44 218
14012 4 11 218
14013 5 208 218
14014 6 15 218
14015 7 91 218
14016 8 86 218
14017 9 131 218
14018 10 152 218
14019 11 136 218
14020 12 233 218
14021 13 205 218
14022 14 82 218
14023 15 214 218
14024 16 115 218
14025 17 167 218
14026 18 119 218
14027 19 11 218
14028 20 36 218
14029 21 193 218
14030 22 175 218
14031 23 161 218
14032 24 85 218
14033 25 232 218
14034 26 11 218
14035 27 41 218
14036 28 146 218
14037 29 147 218
14038 30 178 218
14039 31 191 218
14040 32 36 218
14041 33 127 218
14042 34 249 218
14043 35 85 218
14044 36 181 218
14045 37 10 218
14046 38 210 218
14047 39 180 218
14048 40 123 218
14049 41 144 218
14050 42 228 218
14051 43 78 218
14052 44 117 218
14053 45 57 218
14054 46 240 218
14055 47 60 218
14056 48 212 218
14057 49 173 218
14058 50 249 218
14059 51 109 218
14060 52 254 218
14061 53 109 218
14062 3 133 219
14063 4 137 219
14064 5 241 219
14065 6 145 219
14066 7 163 219
14067 8 2 219
14068 9 101 219
14069 10 231 219
14070 11 129 219
14071 12 240 219
14072 13 206 219
14073 14 130 219
14074 15 208 219
14075 16 182 219
14076 17 53 219
14077 18 168 219
14078 19 125 219
14079 20 38 219
14080 21 213 219
14081 22 93 219
14082 23 229 219
14083 24 28 219
14084 25 255 219
14085 26 138 219
14086 27 245 219
14087 28 16 219
14088 29 114 219
14089 30 72 219
14090 31 39 219
14091 32 185 219
14092 33 75 219
14093 34 87 219
14094 35 186 219
14095 36 91 219
14096 37 214 219
14097 38 62 219
14098 39 153 219
14099 40 41 219
14100 41 184 219
14101 42 162 219
14102 43 79 219
14103 44 77 219
14104 45 225 219
14105 46 253 219
14106 47 149 219
14107 48 166 219
14108 49 114 219
14109 50 250 219
14110 51 180 219
14111 52 133 219
14112 53 76 219
14113 2 90 220
14114 3 247 220
14115 4 232 220
14116 5 146 220
14117 6 142 220
14118 7 128 220
14119 8 105 220
14120 9 82 220
14121 10 169 220
14122 11 106 220
14123 12 23 220
14124 13 80 220
14125 14 151 220
14126 15 135 220
14127 16 31 220
14128 17 205 220
14129 18 58 220
14130 19 242 220
14131 20 183 220
14132 21 174 220
14133 22 24 220
14134 23 248 220
14135 24 188 220
14136 25 16 220
14137 26 143 220
14138 27 236 220
14139 28 108 220
14140 29 136 220
14141 30 156 220
14142 31 87 220
14143 32 253 220
14144 33 91 220
14145 34 167 220
14146 35 244 220
14147 36 97 220
14148 37 15 220
14149 38 90 220
14150 39 57 220
14151 40 233 220
14152 41 181 220
14153 42 152 220
14154 43 96 220
14155 44 73 220
14156 45 45 220
14157 46 109 220
14158 47 213 220
14159 48 3 220
14160 49 173 220
14161 50 111 220
14162 51 139 220
14163 52 254 220
14164 53 84 220
14165 54 28 220
14166 55 241 220
14167 2 16 221
14168 3 170 221
14169 4 186 221
14170 5 138 221
14171 6 75 221
14172 7 61 221
14173 8 114 221
14174 9 110 221
14175 10 46 221
14176 11 29 221
14177 12 170 221
14178 13 159 221
14179 14 247 221
14180 15 88 221
14181 16 39 221
14182 17 172 221
14183 18 204 221
14184 19 135 221
14185 20 200 221
14186 21 147 221
14187 22 238 221
14188 23 168 221
14189 24 160 221
14190 25 137 221
14191 26 239 221
14192 27 178 221
14193 28 76 221
14194 29 229 221
14195 30 29 221
14196 31 218 221
14197 32 150 221
14198 33 200 221
14199 34 174 221
14200 35 208 221
14201 36 149 221
14202 37 140 221
14203 38 209 221
14204 39 93 221
14205 40 193 221
14206 41 216 221
14207 42 139 221
14208 43 82 221
14209 44 65 221
14210 45 62 221
14211 46 87 221
14212 47 201 221
14213 48 133 221
14214 49 8 221
14215 50 209 221
14216 51 58 221
14217 52 59 221
14218 53 167 221
14219 54 31 221
14220 55 24 221
14221 56 8 221
14222 1 226 222
14223 2 94 222
14224 3 143 222
14225 4 62 222
14226 5 92 222
14227 6 220 222
14228 7 36 222
14229 8 51 222
14230 9 121 222
14231 10 65 222
14232 11 182 222
14233 12 211 222
14234 13 128 222
14235 14 137 222
14236 15 38 222
14237 16 49 222
14238 17 224 222
14239 18 203 222
14240 19 218 222
14241 20 31 222
14242 21 5 222
14243 22 78 222
14244 23 130 222
14245 24 2 222
14246 25 122 222
14247 26 38 222
14248 27 54 222
14249 28 38 222
14250 29 68 222
14251 30 217 222
14252 31 117 222
14253 32 205 222
14254 33 62 222
14255 34 90 222
14256 35 234 222
14257 36 224 222
14258 37 23 222
14259 38 210 222
14260 39 162 222
14261 40 30 222
14262 41 234 222
14263 42 255 222
14264 43 36 222
14265 44 114 222
14266 45 57 222
14267 46 210 222
14268 47 124 222
14269 48 140 222
14270 49 233 222
14271 50 122 222
14272 51 184 222
14273 52 166 222
14274 53 179 222
14275 54 169 222
14276 55 193 222
14277 56 116 222
14278 57 172 222
14279 58 255 222
14280 1 191 223
14281 2 176 223
14282 20 241 223
14283 22 59 223
14284 24 105 223
14285 25 209 223
14286 26 184 223
14287 27 221 223
14288 28 100 223
14289 29 110 223
14290 30 220 223
14291 31 152 223
14292 32 38 223
14293 33 24 223
14294 34 113 223
14295 35 169 223
14296 36 25 223
14297 37 97 223
14298 38 255 223
14299 39 39 223
14300 40 6 223
14301 41 176 223
14302 42 146 223
14303 43 2 223
14304 44 194 223
14305 46 126 223
14306 45 76 223
14307 47 18 223
14308 48 143 223
14309 49 17 223
14310 50 96 223
14311 51 23 223
14312 52 141 223
14313 53 230 223
14314 54 256 223
14315 55 221 223
14316 56 16 223
14317 57 171 223
14318 58 165 223
14319 59 39 223
14320 24 22 224
14321 26 63 224
14322 27 172 224
14323 28 223 224
14324 29 141 224
14325 30 191 224
14326 31 169 224
14327 32 106 224
14328 33 117 224
14329 34 61 224
14330 35 219 224
14331 36 10 224
14332 37 215 224
14333 38 145 224
14334 39 21 224
14335 40 23 224
14336 41 27 224
14337 42 249 224
14338 43 237 224
14339 44 108 224
14340 45 83 224
14341 46 178 224
14342 47 49 224
14343 48 209 224
14344 49 144 224
14345 50 115 224
14346 51 185 224
14347 52 173 224
14348 53 19 224
14349 54 163 224
14350 55 151 224
14351 56 61 224
14352 57 21 224
14353 58 87 224
14354 59 58 224
14355 61 127 224
14356 30 17 225
14357 31 69 225
14358 32 150 225
14359 33 153 225
14360 34 38 225
14361 35 96 225
14362 36 86 225
14363 37 34 225
14364 38 185 225
14365 39 114 225
14366 40 30 225
14367 41 181 225
14368 42 97 225
14369 43 192 225
14370 44 74 225
14371 45 256 225
14372 46 88 225
14373 47 70 225
14374 48 239 225
14375 49 176 225
14376 50 39 225
14377 51 89 225
14378 52 92 225
14379 53 82 225
14380 54 53 225
14381 55 237 225
14382 56 116 225
14383 57 191 225
14384 58 226 225
14385 59 25 225
14386 60 73 225
14387 61 55 225
14388 32 231 226
14389 34 233 226
14390 35 96 226
14391 36 109 226
14392 37 167 226
14393 38 88 226
14394 39 167 226
14395 40 104 226
14396 41 76 226
14397 42 252 226
14398 43 156 226
14399 44 90 226
14400 45 94 226
14401 46 253 226
14402 47 58 226
14403 48 202 226
14404 49 240 226
14405 50 214 226
14406 51 74 226
14407 52 206 226
14408 53 81 226
14409 54 88 226
14410 55 55 226
14411 56 132 226
14412 57 156 226
14413 58 165 226
14414 59 1 226
14415 60 11 226
14416 61 154 226
14417 62 226 226
14418 63 162 226
14419 36 233 227
14420 38 80 227
14421 39 130 227
14422 40 146 227
14423 41 174 227
14424 42 83 227
14425 43 18 227
14426 44 130 227
14427 45 99 227
14428 46 96 227
14429 47 7 227
14430 48 63 227
14431 49 23 227
14432 50 187 227
14433 51 222 227
14434 52 217 227
14435 53 29 227
14436 54 74 227
14437 55 12 227
14438 56 64 227
14439 57 232 227
14440 58 210 227
14441 59 251 227
14442 60 20 227
14443 61 248 227
14444 62 124 227
14445 63 137 227
14446 64 242 227
14447 40 174 228
14448 42 28 228
14449 43 203 228
14450 44 196 228
14451 45 87 228
14452 46 27 228
14453 47 33 228
14454 48 213 228
14455 49 54 228
14456 50 196 228
14457 51 96 228
14458 52 47 228
14459 53 197 228
14460 54 86 228
14461 55 38 228
14462 56 23 228
14463 57 218 228
14464 58 183 228
14465 59 44 228
14466 60 82 228
14467 61 188 228
14468 62 12 228
14469 63 169 228
14470 64 250 228
14471 65 201 228
14472 44 216 229
14473 45 82 229
14474 46 32 229
14475 47 187 229
14476 48 19 229
14477 49 144 229
14478 50 246 229
14479 51 216 229
14480 52 211 229
14481 53 93 229
14482 54 62 229
14483 55 39 229
14484 56 226 229
14485 57 74 229
14486 58 96 229
14487 59 171 229
14488 60 136 229
14489 61 233 229
14490 62 218 229
14491 63 4 229
14492 64 209 229
14493 65 242 229
14494 66 7 229
14495 67 179 229
14496 48 243 230
14497 50 23 230
14498 51 98 230
14499 52 247 230
14500 53 99 230
14501 54 120 230
14502 55 38 230
14503 56 132 230
14504 57 249 230
14505 58 151 230
14506 59 179 230
14507 60 40 230
14508 61 2 230
14509 62 13 230
14510 63 118 230
14511 64 169 230
14512 65 10 230
14513 66 159 230
14514 67 238 230
14515 68 55 230
14516 50 145 231
14517 52 18 231
14518 54 186 231
14519 55 164 231
14520 56 196 231
14521 57 193 231
14522 58 239 231
14523 60 87 231
14524 59 165 231
14525 61 1 231
14526 62 32 231
14527 63 221 231
14528 64 210 231
14529 65 51 231
14530 66 203 231
14531 67 111 231
14532 68 177 231
14533 69 43 231
14534 54 45 232
14535 56 97 232
14536 57 165 232
14537 59 33 232
14538 58 174 232
14539 60 212 232
14540 61 206 232
14541 62 60 232
14542 66 92 232
14543 65 191 232
14544 64 166 232
14545 63 136 232
14546 67 57 232
14547 68 70 232
14548 69 141 232
14549 70 182 232
14550 71 54 232
14551 60 64 233
14552 61 100 233
14553 62 150 233
14554 65 141 233
14555 64 136 233
14556 63 130 233
14557 66 237 233
14558 67 147 233
14559 70 242 233
14560 69 254 233
14561 68 101 233
14562 71 256 233
14563 73 88 233
14564 62 36 234
14565 64 130 234
14566 65 240 234
14567 66 98 234
14568 70 254 234
14569 69 205 234
14570 68 123 234
14571 67 152 234
14572 71 104 234
14573 72 239 234
14574 73 69 234
14575 66 38 235
14576 70 205 235
14577 69 41 235
14578 68 76 235
14579 74 105 235
14580 72 241 235
14581 73 189 235
14582 71 77 235
14583 70 41 236
14584 75 35 236
14585 74 21 236
14586 72 20 236
14587 73 42 236
14588 76 146 236
14589 75 7 237
14590 74 107 237
14591 77 220 237
14592 76 132 237
14593 78 110 238
14594 79 106 238
14595 77 155 238
14596 75 103 238
14597 72 46 237
14598 71 204 236
14599 69 51 236
14600 67 77 235
14601 65 212 235
14602 63 155 234
14603 60 39 234
14604 59 90 233
14605 57 151 233
14606 55 102 232
14607 53 77 231
14608 51 212 231
14609 49 53 230
14610 47 206 230
14611 45 180 230
14612 42 112 229
14613 41 102 228
14614 39 154 228
14615 37 167 227
14616 35 106 227
14617 33 206 226
14618 30 81 226
14619 29 45 225
14620 27 204 225
14621 25 51 224
14622 23 167 223
14623 21 106 223
14624 3 23 223
14625 4 76 223
14626 5 228 223
14627 6 211 223
14628 7 53 223
14629 8 206 223
14630 9 11 223
14631 10 197 223
14632 11 78 223
14633 12 133 223
14634 13 20 223
14635 14 48 223
14636 15 34 223
14637 16 115 223
14638 17 237 223
14639 18 156 223
14640 80 106 240
14641 78 206 239
14642 76 180 238
14643 74 45 238
14644 73 18 237
14645 70 51 237
14646 68 167 236
14647 66 106 236
14648 64 155 235
14649 62 103 235
14650 61 125 234
14651 58 204 233
14652 56 51 233
14653 54 77 233
14654 52 212 232
14655 50 53 232
14656 48 103 231
14657 46 90 230
14658 44 151 230
14659 43 256 229
14660 40 154 229
14661 38 212 228
14662 36 53 228
14663 34 206 227
14664 32 180 227
14665 31 111 226
14666 28 102 225
14667 26 154 225
14668 24 167 225
14669 22 106 224
14670 20 155 224
14671 19 75 223
14672 0 38 224
14673 1 131 224
14674 2 225 224
14675 3 228 224
14676 4 41 224
14677 5 226 224
14678 6 140 224
14679 7 131 224
14680 8 117 224
14681 9 73 224
14682 10 28 224
14683 11 193 224
14684 12 89 224
14685 81 189 240
14686 79 240 239
14687 77 60 239
14688 75 15 239
14689 72 43 238
14690 71 137 237
14691 69 227 237
14692 67 121 236
14693 65 223 236
14694 63 60 235
14695 60 92 235
14696 59 68 234
14697 57 17 234
14698 55 197 233
14699 53 121 232
14700 51 223 232
14701 49 120 231
14702 47 30 231
14703 45 136 231
14704 42 192 230
14705 41 197 229
14706 39 242 229
14707 37 189 228
14708 35 240 228
14709 33 30 227
14710 30 56 227
14711 29 34 226
14712 27 137 226
14713 25 227 225
14714 23 189 224
14715 21 240 224
14716 13 22 224
14717 14 146 224
14718 15 125 224
14719 16 2 224
14720 17 85 224
14721 18 222 224
14722 19 92 224
14723 0 160 225
14724 1 167 225
14725 2 105 225
14726 3 139 225
14727 4 139 225
14728 5 58 225
14729 82 189 241
14730 80 240 241
14731 78 30 240
14732 76 136 239
14733 74 34 239
14734 73 102 238
14735 70 227 238
14736 68 189 237
14737 66 240 237
14738 64 60 236
14739 62 15 236
14740 61 162 235
14741 58 137 234
14742 56 227 234
14743 54 121 234
14744 52 223 233
14745 50 120 233
14746 48 15 232
14747 46 68 231
14748 44 17 231
14749 43 72 230
14750 40 242 230
14751 38 223 229
14752 36 120 229
14753 34 30 228
14754 32 136 228
14755 31 249 227
14756 28 197 226
14757 26 242 226
14758 24 189 226
14759 22 240 225
14760 20 60 225
14761 6 138 225
14762 7 184 225
14763 8 147 225
14764 9 225 225
14765 10 228 225
14766 11 193 225
14767 12 211 225
14768 13 78 225
14769 14 248 225
14770 15 26 225
14771 16 3 225
14772 83 160 241
14773 81 40 241
14774 79 10 240
14775 77 131 240
14776 75 97 240
14777 72 173 239
14778 71 252 238
14779 69 63 238
14780 67 80 237
14781 65 20 237
14782 63 131 236
14783 60 156 236
14784 59 217 235
14785 57 247 235
14786 55 126 234
14787 53 80 233
14788 51 20 233
14789 49 5 232
14790 47 194 232
14791 45 177 232
14792 42 163 231
14793 41 126 230
14794 39 160 230
14795 37 40 229
14796 35 10 229
14797 33 194 228
14798 30 174 228
14799 29 237 227
14800 27 252 227
14801 25 63 226
14802 23 40 225
14803 21 10 225
14804 17 210 225
14805 18 166 225
14806 19 247 225
14807 0 91 226
14808 1 231 226
14809 2 186 226
14810 3 47 226
14811 4 42 226
14812 5 6 226
14813 6 69 226
14814 84 160 243
14815 82 40 242
14816 80 10 242
14817 78 194 241
14818 76 177 240
14819 74 237 240
14820 73 145 239
14821 70 63 239
14822 68 40 238
14823 66 10 238
14824 64 131 237
14825 62 97 237
14826 61 169 236
14827 58 252 235
14828 56 63 235
14829 54 80 235
14830 52 20 234
14831 50 5 234
14832 48 97 233
14833 46 217 232
14834 44 247 232
14835 43 234 231
14836 40 160 231
14837 38 20 230
14838 36 5 230
14839 34 194 229
14840 32 177 229
14841 31 220 228
14842 28 126 227
14843 26 160 227
14844 24 40 227
14845 22 10 226
14846 20 131 226
14847 7 115 226
14848 8 171 226
14849 9 51 226
14850 10 222 226
14851 11 38 226
14852 12 57 226
14853 13 78 226
14854 14 41 226
14855 85 139 243
14856 83 178 242
14857 81 173 242
14858 79 236 241
14859 77 59 241
14860 75 79 241
14861 72 223 240
14862 71 139 239
14863 69 99 239
14864 67 89 238
14865 65 215 238
14866 63 59 237
14867 60 151 237
14868 59 84 236
14869 57 21 236
14870 55 198 235
14871 53 89 234
14872 51 215 234
14873 49 118 233
14874 47 158 233
14875 45 168 233
14876 42 48 232
14877 41 198 231
14878 39 178 231
14879 37 173 230
14880 35 236 230
14881 33 158 229
14882 30 62 229
14883 29 42 228
14884 27 139 228
14885 25 99 227
14886 23 173 226
14887 21 236 226
14888 15 132 226
14889 16 215 226
14890 17 208 226
14891 18 80 226
14892 19 179 226
14893 0 191 227
14894 1 98 227
14895 86 198 244
14896 84 178 244
14897 82 173 243
14898 80 236 243
14899 78 158 242
14900 76 168 241
14901 74 42 241
14902 73 36 240
14903 70 99 240
14904 68 173 239
14905 66 236 239
14906 64 59 238
14907 62 79 238
14908 61 236 237
14909 58 139 236
14910 56 99 236
14911 54 89 236
14912 52 215 235
14913 50 118 235
14914 48 79 234
14915 46 84 233
14916 44 21 233
14917 43 180 232
14918 40 178 232
14919 38 215 231
14920 36 118 231
14921 34 158 230
14922 32 168 230
14923 31 129 229
14924 28 198 228
14925 26 178 228
14926 24 173 228
14927 22 236 227
14928 20 59 227
14929 2 117 227
14930 3 79 227
14931 4 154 227
14932 5 77 227
14933 6 82 227
14934 87 66 245
14935 85 145 244
14936 83 243 243
14937 81 125 243
14938 79 224 242
14939 77 56 242
14940 75 14 242
14941 72 45 241
14942 71 145 240
14943 69 229 240
14944 67 250 239
14945 65 191 239
14946 63 56 238
14947 60 56 238
14948 59 132 237
14949 57 33 237
14950 55 201 236
14951 53 250 235
14952 51 191 235
14953 49 112 234
14954 47 28 234
14955 45 7 234
14956 42 195 233
14957 41 201 232
14958 39 243 232
14959 37 125 231
14960 35 224 231
14961 33 28 230
14962 30 183 230
14963 29 66 229
14964 27 145 229
14965 25 229 228
14966 23 125 227
14967 21 224 227
14968 7 109 227
14969 8 222 227
14970 9 205 227
14971 10 99 227
14972 88 33 245
14973 86 201 245
14974 84 243 245
14975 82 125 244
14976 80 224 244
14977 78 28 243
14978 76 7 242
14979 74 66 242
14980 73 96 241
14981 70 229 241
14982 68 125 240
14983 66 224 240
14984 64 56 239
14985 62 14 239
14986 61 209 238
14987 58 145 237
14988 56 229 237
14989 54 250 237
14990 52 191 236
14991 50 112 236
14992 48 14 235
14993 46 132 234
14994 44 33 234
14995 43 119 233
14996 40 243 233
14997 38 191 232
14998 36 112 232
14999 34 28 231
15000 32 7 231
15001 31 30 230
15002 28 201 229
15003 26 243 229
15004 24 125 229
15005 22 224 228
15006 20 56 228
15007 18 7 227
15008 11 28 227
15009 89 11 246
15010 87 67 246
15011 85 81 245
15012 83 235 244
15013 81 123 244
15014 79 95 243
15015 77 88 243
15016 75 22 243
15017 72 121 242
15018 71 81 241
15019 69 213 241
15020 67 246 240
15021 65 190 240
15022 63 88 239
15023 60 189 239
15024 59 134 238
15025 57 162 238
15026 55 169 237
15027 53 246 236
15028 51 190 236
15029 49 176 235
15030 47 44 235
15031 45 11 235
15032 42 46 234
15033 41 169 233
15034 39 235 233
15035 37 123 232
15036 35 95 232
15037 33 44 231
15038 30 130 231
15039 29 67 230
15040 27 81 230
15041 25 213 229
15042 23 123 228
15043 21 95 228
15044 19 88 227
15045 91 50 247
15046 88 162 246
15047 86 169 246
15048 84 235 246
15049 82 123 245
15050 80 95 245
15051 78 44 244
15052 76 11 243
15053 74 67 243
15054 73 24 242
15055 70 213 242
15056 68 123 241
15057 66 95 241
15058 64 88 240
15059 62 22 240
15060 61 158 239
15061 58 81 238
15062 56 213 238
15063 54 246 238
15064 52 190 237
15065 50 176 237
15066 48 22 236
15067 46 134 235
15068 44 162 235
15069 43 197 234
15070 40 235 234
15071 38 190 233
15072 36 176 233
15073 34 44 232
15074 32 11 232
15075 31 17 231
15076 28 169 230
15077 26 235 230
15078 24 123 230
15079 22 95 229
15080 90 45 248
15081 89 54 247
15082 87 142 247
15083 85 164 246
15084 83 149 245
15085 81 230 245
15086 79 186 244
15087 77 175 244
15088 75 108 244
15089 72 99 243
15090 71 164 242
15091 69 41 242
15092 67 203 241
15093 65 115 241
15094 63 175 240
15095 60 6 240
15096 59 27 239
15097 57 71 239
15098 55 82 238
15099 53 203 237
15100 51 115 237
15101 49 93 236
15102 47 216 236
15103 45 54 236
15104 42 170 235
15105 41 82 234
15106 39 149 234
15107 37 230 233
15108 35 186 233
15109 33 216 232
15110 30 150 232
15111 29 142 231
15112 27 164 231
15113 25 41 230
15114 92 216 249
15115 91 251 248
15116 88 71 247
15117 86 82 247
15118 84 149 247
15119 82 230 246
15120 80 186 246
15121 78 216 245
15122 76 54 244
15123 74 142 244
15124 73 216 243
15125 70 41 243
15126 68 230 242
15127 66 186 242
15128 64 175 241
15129 62 108 241
15130 61 206 240
15131 58 164 239
15132 56 41 239
15133 54 203 239
15134 52 115 238
15135 50 93 238
15136 48 108 237
15137 46 27 236
15138 44 71 236
15139 43 105 235
15140 40 149 235
15141 38 115 234
15142 36 93 234
15143 34 216 233
15144 32 54 233
15145 31 79 232
15146 28 82 231
15147 93 36 249
15148 90 81 249
15149 89 195 248
15150 87 113 248
15151 85 221 247
15152 83 124 246
15153 81 31 246
15154 79 72 245
15155 77 18 245
15156 75 133 245
15157 72 195 244
15158 71 221 243
15159 69 248 243
15160 67 62 242
15161 65 144 242
15162 63 18 241
15163 60 146 241
15164 59 226 240
15165 57 185 240
15166 55 239 239
15167 53 62 238
15168 51 144 238
15169 49 36 237
15170 47 9 237
15171 45 195 237
15172 42 137 236
15173 41 239 235
15174 39 124 235
15175 37 31 234
15176 35 72 234
15177 33 9 233
15178 30 170 233
15179 94 36 250
15180 92 9 250
15181 91 36 249
15182 88 185 248
15183 86 239 248
15184 84 124 248
15185 82 31 247
15186 80 72 247
15187 78 9 246
15188 76 195 245
15189 74 113 245
15190 73 200 244
15191 70 248 244
15192 68 31 243
15193 66 72 243
15194 64 18 242
15195 62 133 242
15196 61 16 241
15197 58 221 240
15198 56 248 240
15199 54 62 240
15200 52 144 239
15201 50 36 239
15202 48 133 238
15203 46 226 237
15204 44 185 237
15205 43 132 236
15206 40 124 236
15207 38 144 235
15208 36 36 235
15209 34 9 234
15210 95 12 251
15211 93 130 250
15212 90 6 250
15213 89 233 249
15214 87 251 249
15215 85 127 248
15216 83 48 247
15217 81 12 247
15218 79 3 246
15219 77 65 246
15220 75 209 246
15221 72 112 245
15222 71 127 244
15223 69 96 244
15224 67 24 243
15225 65 6 243
15226 63 65 242
15227 60 164 242
15228 59 245 241
15229 57 254 241
15230 55 192 240
15231 53 24 239
15232 51 6 239
15233 49 130 238
15234 47 161 238
15235 45 233 238
15236 42 58 237
15237 41 192 236
15238 39 48 236
15239 37 12 235
15240 96 6 252
15241 94 130 251
15242 92 161 251
15243 91 86 250
15244 88 254 249
15245 86 192 249
15246 84 48 249
15247 82 12 248
15248 80 3 248
15249 78 161 247
15250 76 233 246
15251 74 251 246
15252 73 27 245
15253 70 96 245
15254 68 12 244
15255 66 3 244
15256 64 65 243
15257 62 209 243
15258 61 150 242
15259 58 127 241
15260 56 96 241
15261 54 24 241
15262 52 6 240
15263 50 130 240
15264 48 209 239
15265 46 245 238
15266 44 254 238
15267 43 229 237
15268 40 48 237
15269 97 2 252
15270 95 129 252
15271 93 241 251
15272 90 226 251
15273 89 256 250
15274 87 64 250
15275 85 16 249
15276 83 2 248
15277 81 129 248
15278 79 225 247
15279 77 249 247
15280 75 255 247
15281 72 232 246
15282 71 16 245
15283 69 4 245
15284 67 1 244
15285 65 193 244
15286 63 249 243
15287 60 226 243
15288 59 128 242
15289 57 32 242
15290 55 8 241
15291 53 1 240
15292 51 193 240
15293 49 241 239
15294 47 253 239
15295 45 256 239
15296 42 146 238
15297 98 1 253
15298 96 193 253
15299 94 241 252
15300 92 253 252
15301 91 66 251
15302 88 32 250
15303 86 8 250
15304 84 2 250
15305 82 129 249
15306 80 225 249
15307 78 253 248
15308 76 256 247
15309 74 64 247
15310 73 84 246
15311 70 4 246
15312 68 129 245
15313 66 225 245
15314 64 249 244
15315 62 255 244
15316 61 91 243
15317 58 16 242
15318 56 4 242
15319 54 1 242
15320 52 193 241
15321 50 241 241
15322 48 255 240
15323 46 128 239
15324 99 86 254
15325 97 150 253
15326 95 166 253
15327 93 85 252
15328 90 159 252
15329 89 182 251
15330 87 174 251
15331 85 172 250
15332 83 150 249
15333 81 166 249
15334 79 170 248
15335 77 171 248
15336 75 107 248
15337 72 77 247
15338 71 172 246
15339 69 43 246
15340 67 75 245
15341 65 83 245
15342 63 171 244
15343 60 2 244
15344 59 91 243
15345 57 87 243
15346 55 86 242
15347 53 75 241
15348 51 83 241
15349 49 85 240
15350 100 86 255
15351 98 75 254
15352 96 83 254
15353 94 85 253
15354 92 214 253
15355 91 58 252
15356 88 87 251
15357 86 86 251
15358 84 150 251
15359 82 166 250
15360 80 170 250
15361 78 214 249
15362 76 182 248
15363 74 174 248
15364 73 19 247
15365 70 43 247
15366 68 166 246
15367 66 170 246
15368 64 171 245
15369 62 107 245
15370 61 10 244
15371 58 172 243
15372 56 43 243
15373 54 75 243
15374 52 83 242
15375 101 100 255
15376 99 25 255
15377 97 199 254
15378 95 114 254
15379 93 207 253
15380 90 150 253
15381 89 29 252
15382 87 200 252
15383 85 50 251
15384 83 199 250
15385 81 114 250
15386 79 157 249
15387 77 232 249
15388 75 58 249
15389 72 2 248
15390 71 50 247
15391 69 141 247
15392 67 228 246
15393 65 57 246
15394 63 232 245
15395 60 89 245
15396 59 143 244
15397 57 100 244
15398 55 25 243
15399 103 70 256
15400 100 25 256
15401 98 228 255
15402 96 57 255
15403 94 207 254
15404 92 116 254
15405 91 77 253
15406 88 100 252
15407 86 25 252
15408 84 199 252
15409 82 114 251
15410 80 157 251
15411 78 116 250
15412 76 29 249
15413 74 200 249
15414 73 146 248
15415 70 141 248
15416 68 114 247
15417 66 157 247
15418 64 232 246
15419 62 58 246
15420 61 27 245
15421 58 50 244
15422 102 172 257
15423 101 47 256
15424 99 76 256
15425 97 19 255
15426 95 69 255
15427 93 105 254
15428 90 31 254
15429 89 119 253
15430 87 94 253
15431 85 152 252
15432 83 19 251
15433 81 69 251
15434 79 210 250
15435 77 181 250
15436 75 238 250
15437 72 172 249
15438 71 152 248
15439 69 38 248
15440 67 138 247
15441 65 163 247
15442 63 181 246
15443 60 34 246
15444 104 188 258
15445 103 239 257
15446 100 76 257
15447 98 138 256
15448 96 163 256
15449 94 105 255
15450 92 219 255
15451 91 125 254
15452 88 47 253
15453 86 76 253
15454 84 19 253
15455 82 69 252
15456 80 210 252
15457 78 219 251
15458 76 119 250
15459 74 94 250
15460 73 92 249
15461 70 38 249
15462 68 69 248
15463 66 210 248
15464 64 181 247
15465 105 234 259
15466 102 237 258
15467 101 184 257
15468 99 46 257
15469 97 140 256
15470 95 35 256
15471 93 165 255
15472 90 246 255
15473 89 187 254
15474 87 111 254
15475 85 92 253
15476 83 140 252
15477 81 35 252
15478 79 73 251
15479 77 211 251
15480 75 117 251
15481 72 163 250
15482 71 92 249
15483 69 23 249
15484 67 70 248
15485 106 117 259
15486 104 222 259
15487 103 101 258
15488 100 46 258
15489 98 70 257
15490 96 146 257
15491 94 165 256
15492 92 234 256
15493 91 166 255
15494 88 184 254
15495 86 46 254
15496 84 140 254
15497 82 35 253
15498 80 73 253
15499 78 234 252
15500 76 187 251
15501 74 111 251
15502 73 44 250
15503 70 23 250
15504 107 39 260
15505 105 74 260
15506 102 146 259
15507 101 179 258
15508 99 109 258
15509 97 220 257
15510 95 55 257
15511 93 39 256
15512 90 121 256
15513 89 147 255
15514 87 101 255
15515 85 218 254
15516 83 220 253
15517 81 55 253
15518 79 78 252
15519 77 148 252
15520 75 37 252
15521 72 186 251
15522 108 148 261
15523 106 37 260
15524 104 202 260
15525 103 236 259
15526 100 109 259
15527 98 110 258
15528 96 156 258
15529 94 39 257
15530 92 74 257
15531 91 255 256
15532 88 179 255
15533 86 109 255
15534 84 220 255
15535 82 55 254
15536 80 78 254
15537 78 74 253
15538 76 147 252
15539 109 135 261
15540 107 98 261
15541 105 153 261
15542 102 85 260
15543 101 61 259
15544 99 208 259
15545 97 52 258
15546 95 13 258
15547 93 98 257
15548 90 66 257
15549 89 231 256
15550 87 122 256
15551 85 159 255
15552 83 52 254
15553 81 13 254
15554 79 196 253
15555 110 135 263
15556 108 49 262
15557 106 205 261
15558 104 244 261
15559 103 36 260
15560 100 208 260
15561 98 26 259
15562 96 135 259
15563 94 98 258
15564 92 153 258
15565 91 145 257
15566 88 61 256
15567 86 208 256
15568 84 52 256
15569 82 13 255
15570 111 151 263
15571 109 102 262
15572 107 154 262
15573 105 167 262
15574 102 3 261
15575 101 206 260
15576 99 180 260
15577 97 45 259
15578 95 204 259
15579 93 154 258
15580 90 232 258
15581 89 106 257
15582 87 155 257
15583 85 103 256
15584 112 151 264
15585 110 102 264
15586 108 77 263
15587 106 212 262
15588 104 53 262
15589 103 165 261
15590 100 180 261
15591 98 151 260
15592 96 102 260
15593 94 154 259
15594 92 167 259
15595 91 104 258
15596 88 206 257
15597 113 68 264
15598 111 17 264
15599 109 197 263
15600 107 242 263
15601 105 189 263
15602 102 224 262
15603 101 30 261
15604 99 136 261
15605 97 34 260
15606 95 137 260
15607 93 242 259
15608 90 10 259
15609 114 68 266
15610 112 17 265
15611 110 197 265
15612 108 121 264
15613 106 223 263
15614 104 120 263
15615 103 94 262
15616 100 136 262
15617 98 17 261
15618 96 197 261
15619 94 242 260
15620 115 194 266
15621 113 217 265
15622 111 247 265
15623 109 126 264
15624 107 160 264
15625 105 40 264
15626 102 239 263
15627 101 194 262
15628 99 177 262
15629 97 237 261
15630 116 97 267
15631 114 217 267
15632 112 247 266
15633 110 126 266
15634 108 80 265
15635 106 20 264
15636 104 5 264
15637 103 124 263
15638 100 177 263
15639 117 118 268
15640 115 158 267
15641 113 84 266
15642 111 21 266
15643 109 198 265
15644 107 178 265
15645 105 173 265
15646 102 147 264
15647 118 59 268
15648 116 79 268
15649 114 84 268
15650 112 21 267
15651 110 198 267
15652 108 89 266
15653 106 215 265
15654 119 191 269
15655 117 112 269
15656 115 28 268
15657 113 132 267
15658 111 33 267
15659 109 201 266
15660 121 252 270
15661 118 56 269
15662 116 14 269
15663 114 132 269
15664 112 33 268
15665 120 248 271
15666 119 190 270
15667 117 176 270
15668 115 44 269
15669 122 246 272
15670 121 59 271
15671 118 88 270
15672 123 41 272
15673 120 65 272
15674 124 41 273
15675 125 229 274
15676 122 243 273
15677 119 169 271
15678 116 213 270
15679 113 164 268
15680 110 164 268
15681 107 113 266
15682 104 185 265
15683 101 245 263
15684 98 251 262
15685 95 255 261
15686 92 256 260
15687 89 214 258
15688 86 107 257
15689 83 232 255
15690 80 232 255
15691 77 210 253
15692 74 105 252
15693 71 146 250
15694 68 73 249
15695 65 110 248
15696 62 55 247
15697 59 52 245
15698 56 26 244
15699 53 90 242
15700 50 90 242
15701 47 15 240
15702 44 136 239
15703 41 194 237
15704 38 97 236
15705 35 118 235
15706 32 59 234
15707 29 224 232
15708 26 112 231
15709 23 190 229
15710 20 190 229
15711 17 203 227
15712 15 230 227
15713 12 138 227
15714 126 243 275
15715 123 169 273
15716 121 241 272
15717 117 71 271
15718 114 164 270
15719 111 113 268
15720 108 185 267
15721 105 233 266
15722 103 120 264
15723 99 255 263
15724 96 256 262
15725 93 214 260
15726 91 137 259
15727 87 207 258
15728 84 232 257
15729 81 210 255
15730 78 105 254
15731 75 35 253
15732 73 226 251
15733 69 110 250
15734 66 55 249
15735 63 52 247
15736 61 177 246
15737 57 180 245
15738 54 90 244
15739 51 15 242
15740 48 136 241
15741 45 131 240
15742 43 210 238
15743 39 118 237
15744 36 59 236
15745 33 224 234
15746 31 178 233
15747 27 123 232
15748 24 190 231
15749 21 203 229
15750 18 230 228
15751 127 81 275
15752 124 169 274
15753 120 252 273
15754 118 164 271
15755 115 226 270
15756 112 113 269
15757 109 233 267
15758 106 245 266
15759 102 154 265
15760 100 255 264
15761 97 171 262
15762 94 214 261
15763 90 125 260
15764 88 232 258
15765 85 163 257
15766 82 210 256
15767 79 35 254
15768 76 146 253
15769 72 145 252
15770 70 110 251
15771 67 104 249
15772 64 52 248
15773 60 117 247
15774 58 90 245
15775 55 30 244
15776 52 15 243
15777 49 131 241
15778 46 194 240
15779 42 241 239
15780 40 118 238
15781 37 191 236
15782 34 224 235
15783 30 82 234
15784 28 190 232
15785 25 149 231
15786 128 169 276
15787 125 142 275
15788 122 71 274
15789 119 226 272
15790 116 113 271
15791 113 233 269
15792 110 233 269
15793 107 253 267
15794 104 255 266
15795 101 171 264
15796 98 214 263
15797 95 157 262
15798 92 207 261
15799 89 163 259
15800 86 210 258
15801 83 35 256
15802 80 35 256
15803 77 220 254
15804 74 110 253
15805 71 104 251
15806 68 52 250
15807 65 103 249
15808 62 180 248
15809 59 30 246
15810 56 15 245
15811 53 131 243
15812 50 131 243
15813 47 236 241
15814 44 118 240
15815 41 191 238
15816 38 224 237
15817 35 246 236
15818 32 123 235
15819 129 142 277
15820 126 71 276
15821 123 226 274
15822 121 70 273
15823 117 209 272
15824 114 233 271
15825 111 253 269
15826 108 255 268
15827 105 85 267
15828 103 231 265
15829 99 157 264
15830 96 207 263
15831 93 163 261
15832 91 120 260
15833 87 70 259
15834 84 35 258
15835 81 220 256
15836 78 110 255
15837 75 208 254
15838 73 149 252
15839 69 103 251
15840 66 180 250
15841 63 30 248
15842 61 182 247
15843 57 5 246
15844 54 131 245
15845 51 236 243
15846 48 118 242
15847 45 125 241
15848 43 66 239
15849 39 246 238
15850 130 142 278
15851 127 195 276
15852 124 226 275
15853 120 177 274
15854 118 233 272
15855 115 249 271
15856 112 253 270
15857 109 85 268
15858 106 171 267
15859 102 54 266
15860 100 157 265
15861 97 69 263
15862 94 163 262
15863 90 12 261
15864 88 35 259
15865 85 183 258
15866 82 220 257
15867 79 208 255
15868 76 104 254
15869 72 4 253
15870 70 103 252
15871 67 60 250
15872 64 30 249
15873 60 2 248
15874 58 131 246
15875 55 215 245
15876 52 236 244
15877 49 125 242
15878 46 191 241
15879 131 195 278
15880 128 226 277
15881 125 161 276
15882 122 209 275
15883 119 249 273
15884 116 253 272
15885 113 85 270
15886 110 85 270
15887 107 57 268
15888 104 157 267
15889 101 69 265
15890 98 163 264
15891 95 140 263
15892 92 70 262
15893 89 183 260
15894 86 220 259
15895 83 208 257
15896 80 208 257
15897 77 206 255
15898 74 103 254
15899 71 60 252
15900 68 30 251
15901 65 10 250
15902 62 5 249
15903 59 215 247
15904 56 236 246
15905 53 125 244
15906 133 109 279
15907 129 161 278
15908 126 209 277
15909 123 249 275
15910 121 226 274
15911 117 170 273
15912 114 85 272
15913 111 57 270
15914 108 157 269
15915 105 138 268
15916 103 146 266
15917 99 140 265
15918 96 70 264
15919 93 183 262
15920 91 2 261
15921 87 159 260
15922 84 208 259
15923 81 206 257
15924 78 103 256
15925 75 120 255
15926 73 137 253
15927 69 10 252
15928 66 5 251
15929 63 215 249
15930 61 7 248
15931 132 68 280
15932 130 161 279
15933 127 241 277
15934 124 249 276
15935 120 238 275
15936 118 85 273
15937 115 114 272
15938 112 57 271
15939 109 138 269
15940 106 69 268
15941 102 219 267
15942 100 140 266
15943 97 109 264
15944 94 183 263
15945 90 229 262
15946 88 208 260
15947 85 155 259
15948 82 206 258
15949 79 120 256
15950 76 60 255
15951 72 5 254
15952 70 10 253
15953 67 173 251
15954 134 161 281
15955 131 241 279
15956 128 249 278
15957 125 83 277
15958 122 170 276
15959 119 114 274
15960 116 57 273
15961 113 138 271
15962 110 138 271
15963 107 23 269
15964 104 140 268
15965 101 109 266
15966 98 183 265
15967 95 61 264
15968 92 159 263
15969 89 155 261
15970 86 206 260
15971 83 120 258
15972 80 120 258
15973 77 20 256
15974 74 10 255
15975 135 225 282
15976 133 187 280
15977 129 83 279
15978 126 170 278
15979 123 114 276
15980 121 1 275
15981 117 19 274
15982 114 138 273
15983 111 23 271
15984 108 140 270
15985 105 218 269
15986 103 187 267
15987 99 61 266
15988 96 159 265
15989 93 155 263
15990 91 119 262
15991 87 240 261
15992 84 120 260
15993 81 20 258
15994 136 241 282
15995 132 216 281
15996 130 83 280
15997 127 228 278
15998 124 114 277
15999 120 147 276
16000 118 138 274
16001 115 46 273
16002 112 23 272
16003 109 218 270
16004 106 109 269
16005 102 106 268
16006 100 61 267
16007 97 53 265
16008 94 155 264
16009 90 169 263
16010 88 120 261
16011 137 166 283
16012 134 83 282
16013 131 228 280
16014 128 114 279
16015 125 38 278
16016 122 19 277
16017 119 46 275
16018 116 23 274
16019 113 218 272
16020 110 218 272
16021 107 122 270
16022 104 61 269
16023 101 53 267
16024 98 155 266
16025 95 223 265
16026 138 83 284
16027 135 199 283
16028 133 116 281
16029 129 38 280
16030 126 19 279
16031 123 46 277
16032 121 243 276
16033 117 179 275
16034 114 218 274
16035 111 122 272
16036 108 61 271
16037 105 106 270
16038 103 136 268
16039 139 199 284
16040 136 228 283
16041 132 138 282
16042 130 38 281
16043 127 92 279
16044 124 46 278
16045 120 221 277
16046 118 218 275
16047 115 244 274
16048 112 122 273
16049 109 106 271
16050 140 199 286
16051 137 76 284
16052 134 38 283
16053 131 92 281
16054 128 46 280
16055 125 101 279
16056 122 179 278
16057 119 244 276
16058 116 122 275
16059 141 76 286
16060 138 38 285
16061 135 184 284
16062 133 18 282
16063 129 101 281
16064 126 179 280
16065 123 244 278
16066 142 76 287
16067 139 184 285
16068 136 92 284
16069 132 112 283
16070 130 101 282
16071 143 184 287
16072 140 184 287
16073 137 202 285
16074 144 184 289
16075 13 8 227
16076 14 233 227
16077 16 229 227
16078 0 188 228
16079 1 110 228
16080 0 129 229
16081 0 129 230
16082 0 129 231
16083 0 129 232
16084 0 129 233
16085 0 129 234
16086 0 129 235
16087 0 129 236
16088 0 129 237
16089 0 129 238
16090 0 129 239
16091 0 129 240
16092 0 129 241
16093 0 129 242
16094 0 129 243
16095 0 129 244
16096 0 129 245
16097 0 129 246
16098 0 129 247
16099 0 129 248
16100 0 129 249
16101 0 129 250
16102 0 129 251
16103 0 129 252
16104 0 129 253
16105 2 88 228
16106 3 239 228
16107 4 25 228
16108 5 178 228
16109 6 101 228
16110 7 20 228
16111 8 39 228
16112 1 166 229
16113 1 166 230
16114 1 166 231
16115 1 166 232
16116 1 166 233
16117 1 166 234
16118 1 166 235
16119 1 166 236
16120 1 166 237
16121 1 166 238
16122 1 166 239
16123 1 166 240
16124 1 166 241
16125 1 166 242
16126 1 166 243
16127 1 166 244
16128 1 166 245
16129 1 166 246
16130 1 166 247
16131 1 166 248
16132 1 166 249
16133 1 166 250
16134 9 39 228
16135 10 135 228
16136 11 241 228
16137 12 209 228
16138 13 215 228
16139 14 107 228
16140 15 103 228
16141 16 74 228
16142 19 234 228
16143 2 114 229
16144 2 114 230
16145 2 114 231
16146 2 114 232
16147 2 114 233
16148 2 114 234
16149 2 114 235
16150 2 114 236
16151 2 114 237
16152 2 114 238
16153 2 114 239
16154 2 114 240
16155 2 114 241
16156 2 114 242
16157 2 114 243
16158 2 114 244
16159 2 114 245
16160 2 114 246
16161 2 114 247
16162 17 22 228
16163 3 68 229
16164 4 107 229
16165 5 226 229
16166 6 229 229
16167 7 60 229
16168 8 251 229
16169 9 256 229
16170 10 116 229
16171 11 102 229
16172 3 69 230
16173 20 70 230
16174 22 133 230
16175 3 69 231
16176 3 69 232
16177 3 69 233
16178 3 69 234
16179 3 69 235
16180 3 69 236
16181 3 69 237
16182 3 69 238
16183 3 69 239
16184 3 69 240
16185 3 69 241
16186 3 69 242
16187 3 69 243
16188 3 69 244
16189 12 188 229
16190 13 238 229
16191 14 47 229
16192 15 34 229
16193 16 166 229
16194 17 233 229
16195 18 195 229
16196 19 183 229
16197 4 74 230
16198 5 204 230
16199 6 176 230
16200 7 129 230
16201 21 147 230
16202 23 48 230
16203 4 35 231
16204 4 35 232
16205 26 53 232
16206 4 35 233
16207 4 35 234
16208 4 35 235
16209 4 35 236
16210 4 35 237
16211 4 35 238
16212 4 35 239
16213 4 35 240
16214 4 35 241
16215 8 217 230
16216 9 4 230
16217 10 50 230
16218 11 115 230
16219 12 225 230
16220 13 84 230
16221 14 99 230
16222 15 168 230
16223 16 175 230
16224 17 105 230
16225 18 101 230
16226 19 88 230
16227 5 180 231
16228 6 211 231
16229 22 101 231
16230 5 55 232
16231 24 245 232
16232 5 55 233
16233 27 240 233
16234 29 199 233
16235 5 55 234
16236 5 55 235
16237 5 55 236
16238 5 55 237
16239 5 55 238
16240 7 7 231
16241 8 183 231
16242 9 198 231
16243 10 239 231
16244 11 71 231
16245 12 10 231
16246 13 170 231
16247 14 245 231
16248 15 55 231
16249 16 75 231
16250 17 130 231
16251 18 81 231
16252 19 212 231
16253 20 44 231
16254 21 150 231
16255 23 135 231
16256 6 13 232
16257 25 1 232
16258 6 13 233
16259 28 227 233
16260 6 13 234
16261 31 10 234
16262 6 13 235
16263 33 145 235
16264 7 63 232
16265 8 198 232
16266 9 42 232
16267 10 3 232
16268 11 154 232
16269 12 39 232
16270 13 158 232
16271 14 115 232
16272 15 250 232
16273 16 244 232
16274 17 46 232
16275 18 137 232
16276 19 47 232
16277 20 198 232
16278 21 53 232
16279 22 186 232
16280 23 24 232
16281 7 204 233
16282 24 159 233
16283 26 225 233
16284 7 204 234
16285 29 126 234
16286 7 204 235
16287 8 72 233
16288 9 79 233
16289 10 36 233
16290 11 114 233
16291 12 62 233
16292 13 146 233
16293 14 55 233
16294 15 29 233
16295 16 72 233
16296 17 16 233
16297 18 49 233
16298 19 185 233
16299 20 216 233
16300 21 12 233
16301 22 235 233
16302 23 185 233
16303 25 56 233
16304 8 203 234
16305 9 59 234
16306 10 29 234
16307 11 226 234
16308 27 83 234
16309 12 216 234
16310 13 245 234
16311 14 141 234
16312 15 137 234
16313 16 71 234
16314 17 16 234
16315 18 112 234
16316 19 217 234
16317 20 20 234
16318 21 249 234
16319 22 12 234
16320 23 204 234
16321 24 56 234
16322 25 39 234
16323 26 102 234
16324 28 197 234
16325 8 90 235
16326 9 93 235
16327 10 91 235
16328 11 70 235
16329 12 126 235
16330 13 222 235
16331 14 63 235
16332 15 79 235
16333 16 235 235
16334 17 175 235
16335 18 209 235
16336 19 187 235
16337 20 3 235
16338 21 35 235
16339 22 169 235
16340 23 247 235
16341 24 199 235
16342 25 52 235
16343 26 242 235
16344 27 49 235
16345 28 26 235
16346 29 151 235
16347 30 2 235
16348 31 219 235
16349 6 243 236
16350 7 151 236
16351 8 166 236
16352 9 26 236
16353 10 198 236
16354 11 198 236
16355 12 195 236
16356 13 236 236
16357 14 256 236
16358 15 186 236
16359 16 207 236
16360 17 11 236
16361 19 212 236
16362 18 11 236
16363 20 27 236
16364 21 171 236
16365 22 243 236
16366 23 92 236
16367 24 196 236
16368 25 245 236
16369 26 177 236
16370 27 108 236
16371 28 166 236
16372 29 256 236
16373 30 177 236
16374 31 69 236
16375 32 195 236
16376 33 106 236
16377 34 195 236
16378 6 89 237
16379 7 256 237
16380 8 71 237
16381 9 32 237
16382 10 5 237
16383 11 20 237
16384 12 198 237
16385 13 243 237
16386 14 84 237
16387 15 191 237
16388 16 27 237
16389 17 63 237
16390 18 51 237
16391 19 189 237
16392 20 253 237
16393 21 73 237
16394 22 8 237
16395 23 22 237
16396 24 200 237
16397 25 148 237
16398 26 4 237
16399 27 168 237
16400 28 16 237
16401 29 72 237
16402 30 242 237
16403 31 114 237
16404 32 12 237
16405 33 204 237
16406 34 28 237
16407 35 218 237
16408 36 206 237
16409 37 232 237
16410 6 195 238
16411 7 220 238
16412 8 113 238
16413 9 92 238
16414 10 61 238
16415 11 145 238
16416 12 248 238
16417 13 97 238
16418 14 139 238
16419 15 57 238
16420 16 97 238
16421 17 10 238
16422 18 132 238
16423 19 142 238
16424 20 63 238
16425 21 5 238
16426 22 240 238
16427 23 105 238
16428 24 107 238
16429 25 56 238
16430 26 221 238
16431 27 256 238
16432 28 199 238
16433 29 197 238
16434 30 3 238
16435 31 45 238
16436 32 193 238
16437 33 51 238
16438 34 45 238
16439 35 219 238
16440 36 64 238
16441 37 83 238
16442 38 30 238
16443 5 209 239
16444 6 162 239
16445 7 151 239
16446 8 66 239
16447 9 179 239
16448 10 106 239
16449 11 164 239
16450 12 168 239
16451 13 168 239
16452 14 150 239
16453 15 157 239
16454 16 192 239
16455 17 72 239
16456 18 26 239
16457 19 179 239
16458 20 133 239
16459 21 43 239
16460 22 98 239
16461 23 156 239
16462 24 24 239
16463 25 223 239
16464 26 201 239
16465 27 23 239
16466 28 141 239
16467 29 147 239
16468 30 97 239
16469 31 245 239
16470 32 161 239
16471 33 61 239
16472 34 167 239
16473 35 118 239
16474 36 32 239
16475 37 104 239
16476 38 195 239
16477 39 120 239
16478 40 135 239
16479 41 116 239
16480 5 83 240
16481 6 81 240
16482 7 83 240
16483 8 114 240
16484 9 51 240
16485 10 193 240
16486 11 177 240
16487 12 163 240
16488 13 41 240
16489 14 180 240
16490 15 9 240
16491 16 77 240
16492 17 89 240
16493 18 68 240
16494 19 222 240
16495 20 62 240
16496 21 191 240
16497 22 256 240
16498 23 92 240
16499 24 87 240
16500 25 152 240
16501 26 169 240
16502 27 137 240
16503 28 238 240
16504 29 25 240
16505 30 89 240
16506 31 24 240
16507 32 23 240
16508 33 234 240
16509 34 137 240
16510 35 173 240
16511 36 4 240
16512 37 78 240
16513 38 5 240
16514 39 75 240
16515 40 75 240
16516 41 223 240
16517 42 67 240
16518 43 251 240
16519 5 4 241
16520 6 124 241
16521 7 140 241
16522 8 61 241
16523 9 222 241
16524 10 148 241
16525 11 6 241
16526 12 134 241
16527 13 255 241
16528 14 173 241
16529 15 77 241
16530 16 65 241
16531 17 233 241
16532 18 62 241
16533 19 30 241
16534 20 93 241
16535 21 141 241
16536 22 36 241
16537 23 21 241
16538 24 73 241
16539 25 127 241
16540 26 41 241
16541 27 222 241
16542 28 159 241
16543 29 106 241
16544 30 142 241
16545 31 59 241
16546 32 122 241
16547 33 32 241
16548 34 21 241
16549 35 94 241
16550 36 65 241
16551 37 108 241
16552 38 149 241
16553 39 104 241
16554 40 37 241
16555 41 201 241
16556 42 234 241
16557 43 249 241
16558 44 252 241
16559 4 178 242
16560 5 244 242
16561 6 59 242
16562 7 22 242
16563 8 72 242
16564 9 197 242
16565 10 249 242
16566 11 183 242
16567 12 181 242
16568 13 92 242
16569 14 109 242
16570 15 179 242
16571 16 249 242
16572 17 33 242
16573 18 113 242
16574 19 215 242
16575 20 28 242
16576 21 77 242
16577 22 106 242
16578 23 67 242
16579 24 99 242
16580 25 61 242
16581 26 107 242
16582 27 239 242
16583 28 222 242
16584 29 46 242
16585 30 57 242
16586 31 120 242
16587 32 99 242
16588 33 101 242
16589 34 21 242
16590 35 13 242
16591 36 28 242
16592 37 32 242
16593 38 166 242
16594 39 92 242
16595 40 64 242
16596 41 20 242
16597 42 172 242
16598 43 19 242
16599 44 10 242
16600 45 226 242
16601 46 141 242
16602 47 195 242
16603 4 65 243
16604 5 191 243
16605 7 90 243
16606 6 92 243
16607 8 65 243
16608 9 251 243
16609 10 178 243
16610 11 243 243
16611 12 129 243
16612 13 1 243
16613 14 14 243
16614 15 116 243
16615 16 197 243
16616 17 33 243
16617 18 163 243
16618 19 1 243
16619 20 26 243
16620 21 58 243
16621 22 219 243
16622 23 115 243
16623 24 228 243
16624 25 169 243
16625 26 196 243
16626 27 86 243
16627 28 16 243
16628 29 204 243
16629 30 137 243
16630 31 223 243
16631 32 66 243
16632 33 129 243
16633 34 221 243
16634 35 53 243
16635 36 128 243
16636 37 150 243
16637 38 67 243
16638 39 6 243
16639 40 205 243
16640 41 224 243
16641 42 89 243
16642 43 209 243
16643 44 234 243
16644 45 14 243
16645 46 3 243
16646 47 29 243
16647 48 164 243
16648 49 47 243
16649 4 193 244
16650 5 229 244
16651 6 111 244
16652 7 57 244
16653 8 239 244
16654 9 186 244
16655 10 207 244
16656 11 84 244
16657 12 251 244
16658 13 172 244
16659 14 36 244
16660 15 107 244
16661 16 197 244
16662 17 104 244
16663 18 86 244
16664 19 142 244
16665 20 217 244
16666 21 184 244
16667 22 98 244
16668 23 206 244
16669 24 10 244
16670 25 143 244
16671 26 12 244
16672 27 197 244
16673 28 198 244
16674 29 63 244
16675 30 125 244
16676 31 95 244
16677 32 83 244
16678 33 242 244
16679 34 68 244
16680 35 154 244
16681 36 205 244
16682 37 150 244
16683 38 14 244
16684 39 69 244
16685 40 173 244
16686 41 246 244
16687 42 103 244
16688 43 130 244
16689 44 154 244
16690 45 94 244
16691 46 67 244
16692 47 248 244
16693 48 123 244
16694 49 42 244
16695 50 29 244
16696 51 188 244
16697 3 104 245
16698 4 27 245
16699 5 255 245
16700 6 150 245
16701 7 171 245
16702 8 71 245
16703 9 31 245
16704 10 234 245
16705 11 142 245
16706 12 102 245
16707 13 114 245
16708 14 49 245
16709 15 219 245
16710 16 4 245
16711 17 58 245
16712 18 67 245
16713 19 57 245
16714 20 93 245
16715 21 39 245
16716 22 161 245
16717 23 253 245
16718 24 102 245
16719 25 84 245
16720 26 114 245
16721 27 215 245
16722 28 89 245
16723 29 79 245
16724 30 62 245
16725 31 49 245
16726 32 31 245
16727 33 108 245
16728 34 177 245
16729 35 202 245
16730 36 248 245
16731 37 147 245
16732 38 233 245
16733 39 195 245
16734 40 240 245
16735 41 7 245
16736 42 209 245
16737 43 196 245
16738 44 25 245
16739 45 77 245
16740 46 176 245
16741 47 110 245
16742 48 205 245
16743 49 97 245
16744 50 249 245
16745 51 188 245
16746 52 67 245
16747 53 4 245
16748 3 118 246
16749 4 169 246
16750 5 175 246
16751 6 83 246
16752 7 164 246
16753 8 175 246
16754 9 77 246
16755 10 193 246
16756 11 183 246
16757 12 173 246
16758 13 193 246
16759 14 145 246
16760 15 59 246
16761 16 22 246
16762 17 92 246
16763 18 161 246
16764 19 203 246
16765 20 75 246
16766 21 5 246
16767 22 95 246
16768 23 80 246
16769 24 206 246
16770 25 1 246
16771 26 102 246
16772 27 194 246
16773 28 1 246
16774 29 251 246
16775 30 131 246
16776 31 158 246
16777 32 252 246
16778 33 242 246
16779 34 133 246
16780 35 128 246
16781 36 193 246
16782 37 99 246
16783 38 154 246
16784 39 12 246
16785 40 84 246
16786 41 222 246
16787 42 187 246
16788 43 225 246
16789 44 38 246
16790 45 218 246
16791 46 176 246
16792 47 173 246
16793 48 222 246
16794 49 69 246
16795 50 226 246
16796 51 76 246
16797 52 70 246
16798 53 19 246
16799 54 79 246
16800 55 48 246
16801 3 126 247
16802 4 196 247
16803 5 14 247
16804 6 244 247
16805 7 21 247
16806 8 162 247
16807 9 97 247
16808 10 220 247
16809 11 165 247
16810 12 86 247
16811 13 80 247
16812 14 34 247
16813 15 159 247
16814 16 81 247
16815 17 13 247
16816 18 101 247
16817 19 88 247
16818 20 34 247
16819 21 255 247
16820 22 125 247
16821 23 245 247
16822 24 174 247
16823 25 125 247
16824 26 151 247
16825 27 103 247
16826 28 213 247
16827 29 33 247
16828 30 117 247
16829 31 93 247
16830 32 17 247
16831 33 159 247
16832 34 174 247
16833 35 10 247
16834 36 86 247
16835 37 81 247
16836 38 109 247
16837 39 148 247
16838 40 51 247
16839 41 226 247
16840 42 44 247
16841 43 202 247
16842 44 146 247
16843 45 179 247
16844 46 62 247
16845 47 101 247
16846 48 205 247
16847 49 131 247
16848 50 240 247
16849 51 186 247
16850 52 193 247
16851 53 12 247
16852 54 125 247
16853 55 229 247
16854 56 117 247
16855 57 9 247
16856 58 160 247
16857 2 190 248
16858 3 64 248
16859 4 63 248
16860 5 103 248
16861 6 15 248
16862 7 252 248
16863 8 175 248
16864 9 151 248
16865 10 44 248
16866 11 249 248
16867 12 27 248
16868 13 137 248
16869 14 234 248
16870 15 167 248
16871 16 120 248
16872 17 36 248
16873 18 23 248
16874 19 244 248
16875 20 82 248
16876 21 190 248
16877 22 183 248
16878 23 126 248
16879 24 208 248
16880 25 52 248
16881 26 48 248
16882 27 4 248
16883 28 6 248
16884 29 148 248
16885 30 220 248
16886 31 98 248
16887 32 35 248
16888 33 59 248
16889 34 189 248
16890 35 52 248
16891 36 162 248
16892 37 231 248
16893 38 65 248
16894 39 18 248
16895 40 205 248
16896 41 87 248
16897 42 7 248
16898 43 167 248
16899 44 89 248
16900 45 72 248
16901 46 203 248
16902 47 106 248
16903 48 151 248
16904 49 100 248
16905 50 73 248
16906 51 76 248
16907 52 23 248
16908 53 74 248
16909 54 57 248
16910 55 99 248
16911 56 67 248
16912 57 85 248
16913 58 57 248
16914 59 162 248
16915 2 144 249
16916 3 12 249
16917 4 70 249
16918 5 228 249
16919 6 35 249
16920 7 75 249
16921 8 213 249
16922 9 236 249
16923 10 89 249
16924 11 72 249
16925 12 141 249
16926 13 140 249
16927 14 28 249
16928 15 210 249
16929 16 200 249
16930 17 59 249
16931 18 38 249
16932 19 102 249
16933 20 27 249
16934 21 155 249
16935 22 145 249
16936 23 64 249
16937 24 244 249
16938 25 105 249
16939 26 28 249
16940 27 15 249
16941 28 40 249
16942 29 4 249
16943 30 169 249
16944 31 177 249
16945 32 82 249
16946 33 1 249
16947 34 211 249
16948 35 188 249
16949 36 49 249
16950 37 176 249
16951 38 146 249
16952 39 47 249
16953 40 60 249
16954 41 160 249
16955 42 156 249
16956 43 107 249
16957 44 94 249
16958 45 35 249
16959 46 221 249
16960 47 219 249
16961 48 251 249
16962 49 62 249
16963 50 101 249
16964 51 121 249
16965 52 249 249
16966 53 235 249
16967 54 27 249
16968 55 32 249
16969 56 114 249
16970 57 86 249
16971 58 24 249
16972 59 127 249
16973 60 73 249
16974 61 198 249
16975 2 170 250
16976 3 141 250
16977 4 252 250
16978 5 6 250
16979 6 256 250
16980 7 166 250
16981 8 23 250
16982 9 187 250
16983 10 62 250
16984 11 20 250
16985 12 83 250
16986 13 121 250
16987 14 173 250
16988 15 203 250
16989 16 203 250
16990 17 157 250
16991 18 122 250
16992 19 79 250
16993 20 10 250
16994 21 151 250
16995 22 31 250
16996 23 177 250
16997 24 8 250
16998 25 242 250
16999 26 59 250
17000 27 156 250
17001 28 149 250
17002 29 164 250
17003 30 202 250
17004 31 182 250
17005 32 46 250
17006 33 180 250
17007 34 97 250
17008 35 168 250
17009 36 14 250
17010 37 54 250
17011 38 34 250
17012 39 194 250
17013 40 168 250
17014 41 236 250
17015 42 57 250
17016 43 11 250
17017 44 76 250
17018 45 223 250
17019 46 117 250
17020 47 211 250
17021 48 80 250
17022 49 113 250
17023 50 63 250
17024 51 244 250
17025 52 94 250
17026 53 152 250
17027 54 98 250
17028 55 224 250
17029 56 179 250
17030 57 186 250
17031 58 54 250
17032 59 153 250
17033 60 97 250
17034 61 234 250
17035 62 109 250
17036 63 175 250
17037 64 143 250
17038 1 188 251
17039 2 189 251
17040 3 75 251
17041 4 41 251
17042 5 173 251
17043 6 220 251
17044 7 73 251
17045 9 118 251
17046 8 51 251
17047 10 42 251
17048 11 45 251
17049 12 15 251
17050 13 28 251
17051 14 216 251
17052 15 18 251
17053 16 28 251
17054 17 135 251
17055 18 1 251
17056 19 118 251
17057 20 200 251
17058 21 58 251
17059 22 167 251
17060 23 234 251
17061 24 142 251
17062 25 250 251
17063 26 26 251
17064 27 134 251
17065 28 142 251
17066 29 119 251
17067 30 101 251
17068 31 130 251
17069 32 151 251
17070 33 18 251
17071 34 248 251
17072 35 200 251
17073 36 94 251
17074 37 31 251
17075 38 25 251
17076 39 83 251
17077 40 82 251
17078 41 98 251
17079 42 78 251
17080 43 204 251
17081 44 111 251
17082 45 216 251
17083 46 1 251
17084 47 18 251
17085 48 223 251
17086 49 221 251
17087 50 7 251
17088 51 140 251
17089 52 66 251
17090 53 190 251
17091 54 212 251
17092 55 16 251
17093 56 147 251
17094 57 82 251
17095 58 217 251
17096 59 199 251
17097 60 186 251
17098 61 175 251
17099 62 134 251
17100 63 214 251
17101 64 164 251
17102 65 10 251
17103 1 241 252
17104 2 145 252
17105 3 42 252
17106 4 206 252
17107 5 221 252
17108 6 104 252
17109 7 164 252
17110 8 203 252
17111 9 67 252
17112 10 110 252
17113 11 41 252
17114 12 116 252
17115 13 256 252
17116 14 14 252
17117 15 232 252
17118 16 22 252
17119 17 24 252
17120 18 73 252
17121 19 8 252
17122 20 118 252
17123 21 62 252
17124 22 231 252
17125 23 86 252
17126 24 30 252
17127 25 142 252
17128 26 36 252
17129 27 128 252
17130 28 109 252
17131 29 200 252
17132 30 29 252
17133 31 130 252
17134 32 112 252
17135 33 195 252
17136 34 107 252
17137 35 45 252
17138 36 157 252
17139 37 31 252
17140 38 246 252
17141 39 14 252
17142 40 47 252
17143 41 253 252
17144 42 109 252
17145 44 82 252
17146 43 63 252
17147 45 242 252
17148 46 98 252
17149 47 176 252
17150 48 228 252
17151 49 26 252
17152 50 72 252
17153 51 74 252
17154 52 75 252
17155 53 216 252
17156 54 79 252
17157 55 194 252
17158 56 114 252
17159 57 236 252
17160 58 139 252
17161 59 185 252
17162 60 247 252
17163 61 58 252
17164 62 98 252
17165 63 33 252
17166 64 112 252
17167 65 146 252
17168 66 173 252
17169 67 24 252
17170 68 83 252
17171 1 104 253
17172 2 71 253
17173 3 169 253
17174 4 3 253
17175 5 212 253
17176 6 186 253
17177 7 161 253
17178 8 217 253
17179 9 87 253
17180 10 246 253
17181 11 22 253
17182 12 45 253
17183 13 142 253
17184 14 4 253
17185 15 172 253
17186 16 49 253
17187 17 163 253
17188 18 175 253
17189 19 217 253
17190 20 96 253
17191 21 65 253
17192 22 124 253
17193 23 225 253
17194 24 196 253
17195 25 29 253
17196 26 117 253
17197 27 42 253
17198 28 123 253
17199 29 148 253
17200 30 114 253
17201 31 215 253
17202 32 208 253
17203 33 151 253
17204 34 173 253
17205 35 88 253
17206 36 103 253
17207 37 226 253
17208 38 38 253
17209 39 96 253
17210 40 12 253
17211 41 41 253
17212 42 119 253
17213 43 129 253
17214 44 101 253
17215 45 26 253
17216 46 180 253
17217 47 171 253
17218 48 38 253
17219 49 165 253
17220 50 148 253
17221 51 168 253
17222 52 15 253
17223 53 132 253
17224 54 38 253
17225 55 98 253
17226 56 141 253
17227 57 12 253
17228 58 207 253
17229 59 141 253
17230 60 9 253
17231 61 35 253
17232 62 209 253
17233 63 105 253
17234 64 92 253
17235 65 160 253
17236 66 218 253
17237 67 102 253
17238 68 171 253
17239 69 14 253
17240 71 115 253
17241 0 6 254
17242 1 125 254
17243 2 65 254
17244 3 53 254
17245 4 50 254
17246 5 78 254
17247 6 117 254
17248 7 223 254
17249 8 177 254
17250 9 108 254
17251 10 168 254
17252 11 121 254
17253 12 228 254
17254 13 92 254
17255 14 244 254
17256 15 12 254
17257 16 148 254
17258 17 231 254
17259 18 186 254
17260 19 198 254
17261 20 96 254
17262 21 42 254
17263 22 163 254
17264 23 193 254
17265 24 146 254
17266 25 64 254
17267 26 128 254
17268 27 230 254
17269 28 147 254
17270 29 159 254
17271 30 178 254
17272 31 78 254
17273 32 123 254
17274 33 121 254
17275 34 87 254
17276 35 168 254
17277 36 117 254
17278 37 226 254
17279 38 110 254
17280 39 199 254
17281 40 56 254
17282 41 82 254
17283 42 10 254
17284 43 226 254
17285 44 82 254
17286 45 113 254
17287 46 235 254
17288 47 171 254
17289 48 219 254
17290 49 44 254
17291 50 63 254
17292 51 9 254
17293 52 74 254
17294 53 57 254
17295 54 173 254
17296 55 123 254
17297 56 1 254
17298 57 133 254
17299 58 67 254
17300 59 154 254
17301 60 120 254
17302 61 29 254
17303 62 69 254
17304 63 52 254
17305 64 105 254
17306 65 65 254
17307 66 105 254
17308 67 173 254
17309 68 93 254
17310 69 204 254
17311 70 236 254
17312 71 106 254
17313 73 167 254
17314 0 212 255
17315 1 19 255
17316 2 211 255
17317 3 149 255
17318 4 212 255
17319 5 209 255
17320 6 73 255
17321 7 133 255
17322 8 59 255
17323 9 71 255
17324 10 149 255
17325 11 68 255
17326 12 201 255
17327 13 14 255
17328 14 108 255
17329 15 157 255
17330 16 177 255
17331 17 218 255
17332 18 119 255
17333 19 125 255
17334 20 141 255
17335 21 222 255
17336 22 56 255
17337 23 24 255
17338 24 119 255
17339 25 153 255
17340 26 6 255
17341 27 189 255
17342 28 214 255
17343 29 44 255
17344 30 241 255
17345 31 60 255
17346 32 42 255
17347 33 16 255
17348 34 210 255
17349 35 31 255
17350 36 140 255
17351 37 107 255
17352 38 95 255
17353 39 213 255
17354 40 155 255
17355 41 249 255
17356 42 66 255
17357 43 154 255
17358 44 57 255
17359 45 247 255
17360 46 95 255
17361 47 14 255
17362 48 123 255
17363 49 73 255
17364 50 229 255
17365 51 76 255
17366 52 90 255
17367 53 44 255
17368 54 199 255
17369 55 198 255
17370 56 196 255
17371 57 242 255
17372 58 246 255
17373 59 195 255
17374 60 137 255
17375 61 132 255
17376 62 241 255
17377 63 5 255
17378 64 113 255
17379 65 178 255
17380 66 94 255
17381 67 256 255
17382 68 234 255
17383 69 240 255
17384 70 84 255
17385 71 256 255
17386 72 198 255
17387 73 53 255
17388 0 127 256
17389 1 127 256
17390 2 21 256
17391 3 147 256
17392 4 190 256
17393 5 122 256
17394 6 119 256
17395 7 245 256
17396 8 66 256
17397 9 13 256
17398 10 111 256
17399 11 143 256
17400 12 106 256
17401 13 221 256
17402 14 32 256
17403 15 95 256
17404 16 118 256
17405 17 201 256
17406 18 143 256
17407 19 230 256
17408 20 200 256
17409 21 71 256
17410 22 246 256
17411 23 206 256
17412 24 123 256
17413 25 216 256
17414 26 193 256
17415 27 206 256
17416 28 133 256
17417 29 186 256
17418 30 209 256
17419 31 2 256
17420 32 126 256
17421 33 13 256
17422 34 251 256
17423 35 84 256
17424 36 247 256
17425 37 19 256
17426 38 126 256
17427 39 246 256
17428 40 179 256
17429 41 149 256
17430 43 51 256
17431 42 185 256
17432 44 94 256
17433 45 12 256
17434 46 45 256
17435 47 170 256
17436 48 77 256
17437 49 88 256
17438 50 211 256
17439 51 179 256
17440 52 219 256
17441 53 135 256
17442 54 14 256
17443 55 153 256
17444 56 28 256
17445 57 25 256
17446 58 85 256
17447 59 127 256
17448 60 13 256
17449 61 124 256
17450 62 210 256
17451 64 38 256
17452 63 47 256
17453 65 174 256
17454 66 172 256
17455 67 101 256
17456 68 135 256
17457 69 241 256
17458 70 228 256
17459 71 18 256
17460 72 223 256
17461 73 202 256
17462 74 5 256
17463 75 2 256
17464 76 209 256
17465 0 26 257
17466 1 68 257
17467 2 138 257
17468 3 181 257
17469 4 233 257
17470 5 182 257
17471 6 69 257
17472 7 47 257
17473 8 27 257
17474 9 231 257
17475 10 125 257
17476 11 202 257
17477 12 12 257
17478 13 93 257
17479 14 150 257
17480 15 86 257
17481 16 138 257
17482 17 15 257
17483 18 81 257
17484 19 214 257
17485 20 50 257
17486 21 75 257
17487 22 110 257
17488 23 173 257
17489 24 31 257
17490 25 176 257
17491 26 195 257
17492 27 180 257
17493 28 92 257
17494 29 116 257
17495 30 130 257
17496 31 127 257
17497 32 250 257
17498 33 213 257
17499 34 40 257
17500 35 92 257
17501 37 34 257
17502 36 43 257
17503 38 81 257
17504 39 110 257
17505 40 227 257
17506 41 126 257
17507 42 23 257
17508 43 236 257
17509 44 201 257
17510 45 154 257
17511 46 208 257
17512 47 241 257
17513 48 95 257
17514 49 39 257
17515 50 222 257
17516 51 200 257
17517 52 168 257
17518 74 10 257
17519 53 104 257
17520 54 88 257
17521 55 18 257
17522 66 29 257
17523 56 197 257
17524 62 144 257
17525 60 26 257
17526 57 42 257
17527 58 212 257
17528 59 185 257
17529 61 151 257
17530 63 162 257
17531 64 194 257
17532 65 34 257
17533 67 252 257
17534 68 190 257
17535 69 151 257
17536 70 95 257
17537 71 214 257
17538 72 101 257
17539 73 41 257
17540 75 188 257
17541 76 221 257
17542 77 47 257
17543 78 50 257
17544 79 207 257
17545 0 9 258
17546 1 207 258
17547 2 196 258
17548 3 194 258
17549 4 256 258
17550 5 48 258
17551 6 19 258
17552 7 19 258
17553 8 7 258
17554 9 86 258
17555 10 229 258
17556 11 191 258
17557 12 18 258
17558 13 138 258
17559 14 54 258
17560 15 101 258
17561 16 35 258
17562 17 256 258
17563 18 135 258
17564 19 187 258
17565 20 61 258
17566 21 53 258
17567 22 139 258
17568 23 70 258
17569 30 60 258
17570 32 146 258
17571 35 181 258
17572 66 20 258
17573 39 102 258
17574 62 55 258
17575 60 129 258
17576 45 203 258
17577 56 223 258
17578 54 31 258
17579 52 35 258
17580 50 21 258
17581 48 107 258
17582 46 212 258
17583 44 230 258
17584 42 129 258
17585 40 247 258
17586 38 255 258
17587 36 153 258
17588 34 123 258
17589 74 191 258
17590 77 59 258
17591 75 241 258
17592 72 123 258
17593 70 176 258
17594 69 94 258
17595 67 131 258
17596 65 130 258
17597 63 26 258
17598 61 155 258
17599 59 200 258
17600 57 120 258
17601 55 36 258
17602 53 110 258
17603 51 66 258
17604 49 174 258
17605 47 53 258
17606 58 110 258
17607 43 45 258
17608 41 42 258
17609 64 132 258
17610 37 244 258
17611 80 184 259
17612 78 191 258
17613 76 83 258
17614 79 255 258
17615 73 247 258
17616 71 123 258
17617 68 215 258
17618 66 129 259
17619 39 112 259
17620 62 162 259
17621 60 80 259
17622 45 83 259
17623 56 12 259
17624 54 110 259
17625 52 33 259
17626 50 174 259
17627 48 189 259
17628 46 31 259
17629 44 70 259
17630 42 47 259
17631 40 64 259
17632 81 101 259
17633 74 58 259
17634 77 85 259
17635 75 51 259
17636 72 157 259
17637 70 14 259
17638 69 118 259
17639 67 241 259
17640 65 196 259
17641 63 142 259
17642 61 235 259
17643 59 5 259
17644 57 3 259
17645 55 78 259
17646 53 67 259
17647 51 143 259
17648 49 120 259
17649 47 72 259
17650 58 68 259
17651 43 141 259
17652 82 179 259
17653 83 256 259
17654 78 114 259
17655 76 137 259
17656 79 153 259
17657 73 193 259
17658 71 164 259
17659 68 166 259
17660 66 151 260
17661 64 71 259
17662 62 94 260
17663 60 148 260
17664 45 169 260
17665 56 26 260
17666 54 67 260
17667 52 200 260
17668 50 120 260
17669 48 24 260
17670 46 110 260
17671 80 150 260
17672 81 176 260
17673 74 173 260
17674 77 227 260
17675 75 239 260
17676 72 131 260
17677 70 60 260
17678 69 170 260
17679 67 51 260
17680 65 82 260
17681 63 222 260
17682 61 195 260
17683 59 225 260
17684 57 135 260
17685 55 169 260
17686 53 188 260
17687 51 10 260
17688 49 3 260
17689 85 25 260
17690 82 88 260
17691 83 33 260
17692 78 247 260
17693 76 254 260
17694 79 70 260
17695 73 98 260
17696 71 69 260
17697 68 17 260
17698 66 113 261
17699 64 111 260
17700 62 118 261
17701 60 123 261
17702 58 151 260
17703 56 142 261
17704 54 188 261
17705 52 5 261
17706 84 198 261
17707 80 211 261
17708 81 210 261
17709 74 89 261
17710 77 192 261
17711 75 218 261
17712 72 166 261
17713 70 4 261
17714 69 197 261
17715 67 239 261
17716 65 92 261
17717 63 224 261
17718 61 148 261
17719 59 102 261
17720 57 164 261
17721 55 152 261
17722 86 155 261
17723 85 67 261
17724 82 105 261
17725 83 249 261
17726 78 64 261
17727 76 122 261
17728 79 211 261
17729 73 154 261
17730 71 243 261
17731 68 251 261
17732 66 202 262
17733 64 112 261
17734 62 170 262
17735 60 238 262
17736 58 113 261
17737 87 103 262
17738 84 226 262
17739 80 93 262
17740 81 198 262
17741 74 120 262
17742 77 159 262
17743 75 44 262
17744 72 113 262
17745 70 244 262
17746 69 127 262
17747 67 218 262
17748 65 28 262
17749 63 57 262
17750 61 11 262
17751 88 60 262
17752 86 36 262
17753 85 123 262
17754 82 99 262
17755 83 59 262
17756 78 53 262
17757 76 93 262
17758 79 243 262
17759 73 193 262
17760 71 108 262
17761 68 244 262
17762 89 93 262
17763 64 157 262
17764 66 51 263
17765 87 9 263
17766 84 162 263
17767 80 86 263
17768 81 172 263
17769 74 3 263
17770 77 216 263
17771 75 181 263
17772 72 181 263
17773 70 200 263
17774 69 61 263
17775 67 44 263
17776 91 160 263
17777 88 130 263
17778 86 78 263
17779 85 40 263
17780 82 86 263
17781 83 199 263
17782 78 72 263
17783 76 73 263
17784 79 200 263
17785 73 42 263
17786 71 34 263
17787 90 15 264
17788 89 161 263
17789 87 148 264
17790 84 93 264
17791 80 204 264
17792 81 30 264
17793 74 153 264
17794 77 211 264
17795 75 178 264
17796 72 167 264
17797 92 97 264
17798 91 205 264
17799 88 196 264
17800 86 169 264
17801 85 217 264
17802 82 15 264
17803 83 97 264
17804 78 156 264
17805 76 201 264
17806 93 158 264
17807 90 126 265
17808 89 49 264
17809 87 235 265
17810 84 56 265
17811 80 239 265
17812 81 65 265
17813 79 148 264
17814 94 79 265
17815 92 253 265
17816 91 23 265
17817 88 82 265
17818 86 152 265
17819 85 210 265
17820 82 161 265
17821 95 84 266
17822 93 171 265
17823 90 160 266
17824 89 149 265
17825 87 38 266
17826 84 245 266
17827 96 28 266
17828 94 214 266
17829 92 77 266
17830 91 201 266
17831 88 92 266
17832 97 132 266
17833 95 182 267
17834 93 242 266
17835 90 128 267
17836 98 44 267
17837 96 232 267
17838 94 121 267
17839 99 11 267
17840 97 29 267
17841 100 134 268
17842 101 8 268
17843 98 91 268
17844 95 174 268
17845 92 116 267
17846 89 105 266
17847 86 70 266
17848 83 183 265
17849 80 109 266
17850 77 61 265
17851 74 212 265
17852 70 122 264
17853 68 252 263
17854 65 126 263
17855 62 84 263
17856 59 14 262
17857 56 95 262
17858 53 230 261
17859 50 203 261
17860 47 248 260
17861 44 251 260
17862 41 256 259
17863 38 85 259
17864 35 171 259
17865 33 2 258
17866 24 149 258
17867 25 193 258
17868 26 86 258
17869 27 99 258
17870 28 76 258
17871 29 250 258
17872 31 107 258
17873 0 23 259
17874 1 5 259
17875 2 206 259
17876 3 213 259
17877 4 70 259
17878 5 232 259
17879 6 137 259
17880 7 67 259
17881 8 218 259
17882 9 256 259
17883 10 234 259
17884 11 51 259
17885 12 200 259
17886 102 152 269
17887 99 87 268
17888 96 58 268
17889 93 181 267
17890 91 226 267
17891 87 146 267
17892 85 123 266
17893 81 159 266
17894 78 106 265
17895 75 53 265
17896 73 55 264
17897 69 63 264
17898 66 42 264
17899 63 7 263
17900 60 10 263
17901 57 88 262
17902 54 230 262
17903 51 124 261
17904 48 254 261
17905 45 127 261
17906 42 197 260
17907 39 214 260
17908 36 57 259
17909 32 101 259
17910 13 10 259
17911 14 182 259
17912 15 57 259
17913 16 22 259
17914 17 243 259
17915 18 149 259
17916 19 113 259
17917 20 238 259
17918 21 154 259
17919 22 65 259
17920 23 217 259
17921 24 90 259
17922 25 63 259
17923 26 188 259
17924 27 28 259
17925 28 170 259
17926 29 221 259
17927 30 79 259
17928 31 45 259
17929 103 248 269
17930 100 172 269
17931 97 200 268
17932 94 219 268
17933 90 20 268
17934 88 110 267
17935 84 31 267
17936 82 208 266
17937 79 206 265
17938 76 223 265
17939 72 81 265
17940 71 115 264
17941 67 198 264
17942 64 132 263
17943 61 185 263
17944 58 186 262
17945 55 93 262
17946 52 62 262
17947 49 96 261
17948 46 64 261
17949 43 63 260
17950 40 107 260
17951 37 232 259
17952 34 69 259
17953 33 227 259
17954 0 64 260
17955 1 80 260
17956 2 58 260
17957 3 16 260
17958 4 130 260
17959 5 140 260
17960 6 59 260
17961 7 25 260
17962 8 48 260
17963 9 13 260
17964 10 43 260
17965 11 187 260
17966 12 227 260
17967 13 159 260
17968 14 102 260
17969 15 45 260
17970 16 74 260
17971 104 86 270
17972 101 100 269
17973 98 238 269
17974 95 119 269
17975 92 165 268
17976 89 156 267
17977 86 104 267
17978 83 103 266
17979 80 206 267
17980 77 120 266
17981 74 80 266
17982 70 231 265
17983 68 66 264
17984 65 33 264
17985 62 22 264
17986 59 175 263
17987 56 31 263
17988 53 48 262
17989 50 96 262
17990 47 16 261
17991 44 182 261
17992 41 116 260
17993 38 163 260
17994 35 210 260
17995 17 40 260
17996 18 109 260
17997 19 129 260
17998 20 240 260
17999 21 208 260
18000 22 228 260
18001 23 47 260
18002 24 247 260
18003 25 46 260
18004 26 246 260
18005 27 178 260
18006 28 240 260
18007 29 101 260
18008 30 105 260
18009 31 205 260
18010 32 207 260
18011 33 224 260
18012 106 33 270
18013 102 226 270
18014 99 188 269
18015 96 211 269
18016 93 78 268
18017 91 128 268
18018 87 26 268
18019 85 253 267
18020 81 60 267
18021 78 40 266
18022 75 20 266
18023 73 256 265
18024 69 145 265
18025 66 11 265
18026 63 216 264
18027 60 229 264
18028 57 72 263
18029 54 48 263
18030 51 8 262
18031 48 91 262
18032 45 174 262
18033 42 32 261
18034 39 105 261
18035 36 70 260
18036 34 194 260
18037 37 20 260
18038 0 71 261
18039 1 224 261
18040 2 215 261
18041 3 116 261
18042 4 59 261
18043 5 131 261
18044 6 70 261
18045 7 13 261
18046 8 242 261
18047 9 113 261
18048 10 43 261
18049 11 237 261
18050 12 72 261
18051 13 236 261
18052 105 120 271
18053 103 180 270
18054 100 94 270
18055 97 187 269
18056 94 39 269
18057 90 229 269
18058 88 90 268
18059 84 195 268
18060 82 30 267
18061 79 5 266
18062 76 89 266
18063 72 55 266
18064 71 102 265
18065 67 162 265
18066 64 108 264
18067 61 16 264
18068 58 12 263
18069 55 6 263
18070 52 4 263
18071 49 172 262
18072 46 29 262
18073 43 55 261
18074 40 181 261
18075 14 159 261
18076 15 56 261
18077 16 68 261
18078 17 212 261
18079 18 175 261
18080 19 91 261
18081 20 61 261
18082 21 100 261
18083 22 190 261
18084 23 42 261
18085 24 174 261
18086 25 125 261
18087 26 138 261
18088 27 14 261
18089 28 223 261
18090 29 9 261
18091 107 199 271
18092 104 47 271
18093 101 222 270
18094 98 148 270
18095 95 74 270
18096 92 135 269
18097 89 151 268
18098 86 15 268
18099 83 131 267
18100 80 5 268
18101 77 215 267
18102 74 229 267
18103 70 241 266
18104 68 54 265
18105 65 27 265
18106 62 18 265
18107 59 3 264
18108 56 2 264
18109 53 86 263
18110 50 172 263
18111 47 200 262
18112 44 219 262
18113 41 165 261
18114 38 110 261
18115 35 55 261
18116 30 57 261
18117 31 214 261
18118 32 250 261
18119 33 230 261
18120 34 211 261
18121 36 10 261
18122 37 249 261
18123 0 197 262
18124 1 185 262
18125 2 124 262
18126 3 224 262
18127 4 247 262
18128 5 133 262
18129 108 152 272
18130 106 109 271
18131 102 147 271
18132 99 37 270
18133 96 196 270
18134 93 204 269
18135 91 141 269
18136 87 68 269
18137 85 149 268
18138 81 236 268
18139 78 243 267
18140 75 250 267
18141 73 55 266
18142 69 142 266
18143 66 9 266
18144 63 130 265
18145 60 179 265
18146 57 129 264
18147 54 86 264
18148 51 100 263
18149 48 238 263
18150 45 119 263
18151 42 152 262
18152 39 156 262
18153 6 18 262
18154 7 194 262
18155 8 127 262
18156 9 172 262
18157 10 28 262
18158 11 230 262
18159 12 161 262
18160 13 246 262
18161 14 36 262
18162 15 238 262
18163 16 209 262
18164 17 12 262
18165 18 225 262
18166 109 19 272
18167 105 157 272
18168 103 111 271
18169 100 147 271
18170 97 153 270
18171 94 102 270
18172 90 175 270
18173 88 97 269
18174 84 179 269
18175 82 118 268
18176 79 191 267
18177 76 213 267
18178 72 165 267
18179 71 194 266
18180 67 226 266
18181 64 65 265
18182 61 21 265
18183 58 150 264
18184 55 75 264
18185 52 50 264
18186 49 94 263
18187 46 234 263
18188 43 159 262
18189 40 78 262
18190 19 52 262
18191 20 227 262
18192 21 57 262
18193 22 156 262
18194 23 182 262
18195 24 207 262
18196 25 53 262
18197 26 19 262
18198 27 145 262
18199 28 194 262
18200 29 124 262
18201 30 217 262
18202 110 19 273
18203 107 46 272
18204 104 202 272
18205 101 205 271
18206 98 51 271
18207 95 154 271
18208 92 17 270
18209 89 217 269
18210 86 59 269
18211 83 224 268
18212 80 191 269
18213 77 246 268
18214 74 164 268
18215 70 58 267
18216 68 161 266
18217 65 209 266
18218 62 225 266
18219 59 166 265
18220 56 25 265
18221 53 47 264
18222 50 94 264
18223 47 187 263
18224 44 39 263
18225 41 135 262
18226 38 90 262
18227 35 45 262
18228 31 82 262
18229 32 139 262
18230 33 131 262
18231 34 190 262
18232 36 103 262
18233 37 181 262
18234 0 95 263
18235 1 223 263
18236 2 225 263
18237 111 23 273
18238 108 101 273
18239 106 203 272
18240 102 102 272
18241 99 77 271
18242 96 137 271
18243 93 237 270
18244 91 230 270
18245 87 79 270
18246 85 238 269
18247 81 123 269
18248 78 82 268
18249 75 41 268
18250 73 182 267
18251 69 233 267
18252 66 241 267
18253 63 83 266
18254 60 112 266
18255 57 199 265
18256 54 47 265
18257 51 222 264
18258 48 148 264
18259 45 74 264
18260 42 85 263
18261 39 151 263
18262 3 100 263
18263 4 128 263
18264 5 36 263
18265 6 217 263
18266 7 175 263
18267 8 74 263
18268 9 56 263
18269 10 54 263
18270 11 211 263
18271 113 57 273
18272 109 109 273
18273 105 133 273
18274 103 159 272
18275 100 167 272
18276 97 242 271
18277 94 247 271
18278 90 104 271
18279 88 56 270
18280 84 19 270
18281 82 190 269
18282 79 203 268
18283 76 221 268
18284 72 176 268
18285 71 92 267
18286 67 255 267
18287 64 170 266
18288 61 68 266
18289 58 76 265
18290 55 38 265
18291 52 111 265
18292 49 147 264
18293 46 98 264
18294 43 162 263
18295 40 204 263
18296 12 82 263
18297 13 81 263
18298 14 8 263
18299 15 116 263
18300 16 168 263
18301 17 219 263
18302 18 145 263
18303 19 101 263
18304 112 51 274
18305 110 109 274
18306 107 61 273
18307 104 212 273
18308 101 121 272
18309 98 252 272
18310 95 126 272
18311 92 84 271
18312 89 14 270
18313 86 95 270
18314 83 230 269
18315 80 203 270
18316 77 248 269
18317 74 251 269
18318 70 201 268
18319 68 85 267
18320 65 171 267
18321 62 114 267
18322 59 19 266
18323 56 184 266
18324 53 202 265
18325 50 147 265
18326 47 153 264
18327 44 102 264
18328 41 17 263
18329 38 97 263
18330 35 177 263
18331 20 98 263
18332 21 102 263
18333 22 2 263
18334 23 180 263
18335 24 20 263
18336 114 183 275
18337 111 159 274
18338 108 106 274
18339 106 187 273
18340 102 77 273
18341 99 63 272
18342 96 42 272
18343 93 7 271
18344 91 231 271
18345 87 88 271
18346 85 209 270
18347 81 124 270
18348 78 254 269
18349 75 127 269
18350 73 4 268
18351 69 214 268
18352 66 57 268
18353 63 138 267
18354 60 210 267
18355 57 46 266
18356 54 202 266
18357 51 205 265
18358 48 51 265
18359 45 154 265
18360 42 220 264
18361 39 217 264
18362 36 59 263
18363 32 96 263
18364 25 59 263
18365 26 223 263
18366 27 132 263
18367 115 55 275
18368 113 74 274
18369 109 206 274
18370 105 33 274
18371 103 89 273
18372 100 160 273
18373 97 198 272
18374 94 132 272
18375 90 170 272
18376 88 186 271
18377 84 28 271
18378 82 62 270
18379 79 96 269
18380 76 64 269
18381 72 174 269
18382 71 129 268
18383 67 232 268
18384 64 69 267
18385 61 184 267
18386 58 179 266
18387 55 218 266
18388 52 231 266
18389 49 167 265
18390 46 197 265
18391 43 81 264
18392 40 237 264
18393 37 168 263
18394 34 112 263
18395 30 82 263
18396 28 249 263
18397 116 104 276
18398 112 30 275
18399 110 206 275
18400 107 120 274
18401 104 80 274
18402 101 99 273
18403 98 66 273
18404 95 33 273
18405 92 22 272
18406 89 175 271
18407 86 31 271
18408 83 48 270
18409 80 96 271
18410 77 16 270
18411 74 182 270
18412 70 105 269
18413 68 163 268
18414 65 210 268
18415 62 140 268
18416 59 109 267
18417 56 244 267
18418 53 212 266
18419 50 167 266
18420 47 242 265
18421 44 247 265
18422 41 84 264
18423 38 56 264
18424 35 28 264
18425 33 216 263
18426 117 26 276
18427 114 103 276
18428 111 60 275
18429 108 40 275
18430 106 134 274
18431 102 251 274
18432 99 145 273
18433 96 11 273
18434 93 216 272
18435 91 35 272
18436 87 72 272
18437 85 34 271
18438 81 8 271
18439 78 91 270
18440 75 174 270
18441 73 61 269
18442 69 105 269
18443 66 70 269
18444 63 183 268
18445 60 86 268
18446 57 61 267
18447 54 212 267
18448 51 121 266
18449 48 252 266
18450 45 126 266
18451 42 250 265
18452 39 14 265
18453 36 95 264
18454 118 90 276
18455 115 45 276
18456 113 204 275
18457 109 5 275
18458 105 167 275
18459 103 205 274
18460 100 201 274
18461 97 162 273
18462 94 108 273
18463 90 167 273
18464 88 12 272
18465 84 52 272
18466 82 4 271
18467 79 172 270
18468 76 29 270
18469 72 245 270
18470 71 158 269
18471 67 73 269
18472 64 220 268
18473 61 168 268
18474 58 53 267
18475 55 155 267
18476 52 189 267
18477 49 160 266
18478 46 21 266
18479 43 215 265
18480 40 7 265
18481 119 151 277
18482 116 15 277
18483 112 79 276
18484 110 5 276
18485 107 215 275
18486 104 229 275
18487 101 81 274
18488 98 54 274
18489 95 27 274
18490 92 18 273
18491 89 3 272
18492 86 2 272
18493 83 86 271
18494 80 172 272
18495 77 200 271
18496 74 219 271
18497 70 216 270
18498 68 110 269
18499 65 55 269
18500 62 208 269
18501 59 206 268
18502 56 223 268
18503 53 80 267
18504 50 160 267
18505 47 198 266
18506 44 132 266
18507 121 137 277
18508 117 68 277
18509 114 131 277
18510 111 236 276
18511 108 243 276
18512 106 24 275
18513 102 219 275
18514 99 142 274
18515 96 9 274
18516 93 130 273
18517 91 183 273
18518 87 129 273
18519 85 126 272
18520 81 100 272
18521 78 238 271
18522 75 119 271
18523 73 129 270
18524 69 156 270
18525 66 104 270
18526 63 103 269
18527 60 49 269
18528 57 120 268
18529 54 80 268
18530 51 99 267
18531 48 66 267
18532 120 212 278
18533 118 97 277
18534 115 177 277
18535 113 91 276
18536 109 191 276
18537 105 30 276
18538 103 205 275
18539 100 71 275
18540 97 226 274
18541 94 65 274
18542 90 89 274
18543 88 150 273
18544 84 10 273
18545 82 50 272
18546 79 94 271
18547 76 234 271
18548 72 237 271
18549 71 49 270
18550 67 13 270
18551 64 180 269
18552 61 252 269
18553 58 20 268
18554 55 10 268
18555 52 178 268
18556 122 17 279
18557 119 217 278
18558 116 59 278
18559 112 184 277
18560 110 191 277
18561 107 246 276
18562 104 164 276
18563 101 113 275
18564 98 161 275
18565 95 209 275
18566 92 225 274
18567 89 166 273
18568 86 25 273
18569 83 47 272
18570 80 94 273
18571 77 187 272
18572 74 39 272
18573 70 147 271
18574 68 90 270
18575 65 45 270
18576 62 30 270
18577 59 5 269
18578 56 89 269
18579 123 237 279
18580 121 180 278
18581 117 79 278
18582 114 224 278
18583 111 123 277
18584 108 82 277
18585 106 94 276
18586 102 116 276
18587 99 233 275
18588 96 241 275
18589 93 83 274
18590 91 70 274
18591 87 199 274
18592 85 22 273
18593 81 222 273
18594 78 148 272
18595 75 74 272
18596 73 183 271
18597 69 151 271
18598 66 15 271
18599 63 131 270
18600 60 252 270
18601 124 247 279
18602 120 190 279
18603 118 56 278
18604 115 28 278
18605 113 212 277
18606 109 203 277
18607 105 136 277
18608 103 229 276
18609 100 245 276
18610 97 255 275
18611 94 170 275
18612 90 251 275
18613 88 76 274
18614 84 59 274
18615 82 111 273
18616 79 147 272
18617 76 98 272
18618 72 68 272
18619 71 53 271
18620 67 34 271
18621 64 194 270
18622 125 126 280
18623 122 84 280
18624 119 14 279
18625 116 95 279
18626 112 143 278
18627 110 203 278
18628 107 248 277
18629 104 251 277
18630 101 256 276
18631 98 85 276
18632 95 171 276
18633 92 114 275
18634 89 19 274
18635 86 184 274
18636 83 202 273
18637 80 147 274
18638 77 153 273
18639 74 102 273
18640 70 17 272
18641 68 97 271
18642 127 170 280
18643 123 7 280
18644 121 120 279
18645 117 88 279
18646 114 230 279
18647 111 124 278
18648 108 254 278
18649 106 142 277
18650 102 228 277
18651 99 214 276
18652 96 57 276
18653 93 138 275
18654 91 77 275
18655 87 46 275
18656 85 9 274
18657 81 205 274
18658 78 51 273
18659 75 154 273
18660 73 160 272
18661 126 69 281
18662 124 132 280
18663 120 6 280
18664 118 186 279
18665 115 93 279
18666 113 12 278
18667 109 96 278
18668 105 207 278
18669 103 24 277
18670 100 107 277
18671 97 232 276
18672 94 69 276
18673 90 129 276
18674 88 179 275
18675 84 190 275
18676 82 231 274
18677 79 167 273
18678 76 197 273
18679 128 66 281
18680 125 33 281
18681 122 22 281
18682 119 175 280
18683 116 31 280
18684 112 9 279
18685 110 96 279
18686 107 16 278
18687 104 182 278
18688 101 116 277
18689 98 163 277
18690 95 210 277
18691 92 140 276
18692 89 109 275
18693 86 244 275
18694 83 212 274
18695 80 167 275
18696 129 145 282
18697 127 225 281
18698 123 216 281
18699 121 61 280
18700 117 72 280
18701 114 48 280
18702 111 8 279
18703 108 91 279
18704 106 42 278
18705 102 168 278
18706 99 105 277
18707 96 70 277
18708 93 183 276
18709 91 111 276
18710 87 61 276
18711 84 212 276
18712 131 12 282
18713 126 136 282
18714 124 108 281
18715 120 218 281
18716 118 12 280
18717 115 6 280
18718 113 71 279
18719 109 172 279
18720 105 247 279
18721 103 243 278
18722 100 181 278
18723 97 73 277
18724 94 220 277
18725 90 106 277
18726 88 53 276
18727 130 121 283
18728 128 54 282
18729 125 27 282
18730 122 18 282
18731 119 3 281
18732 116 2 281
18733 112 187 280
18734 110 172 280
18735 107 200 279
18736 104 219 279
18737 101 165 278
18738 98 110 278
18739 95 55 278
18740 92 208 277
18741 133 129 283
18742 129 142 283
18743 127 8 282
18744 123 130 282
18745 121 251 281
18746 117 129 281
18747 114 86 281
18748 111 100 280
18749 108 238 280
18750 106 65 279
18751 102 186 279
18752 99 156 278
18753 96 104 278
18754 132 160 284
18755 131 97 283
18756 126 67 283
18757 124 65 282
18758 120 241 282
18759 118 150 281
18760 115 75 281
18761 113 157 280
18762 109 94 280
18763 105 137 280
18764 103 246 279
18765 100 78 279
18766 134 164 284
18767 130 116 284
18768 128 161 283
18769 125 209 283
18770 122 225 283
18771 119 166 282
18772 116 25 282
18773 112 152 281
18774 110 94 281
18775 107 187 280
18776 104 39 280
18777 135 41 285
18778 133 79 284
18779 129 233 284
18780 127 60 283
18781 123 83 283
18782 121 149 282
18783 117 199 282
18784 114 47 282
18785 111 222 281
18786 108 148 281
18787 136 221 285
18788 132 181 285
18789 131 36 284
18790 126 68 284
18791 124 170 283
18792 120 61 283
18793 118 76 282
18794 115 38 282
18795 113 220 281
18796 137 248 286
18797 134 251 285
18798 130 171 285
18799 128 85 284
18800 125 171 284
18801 122 114 284
18802 119 19 283
18803 116 184 283
18804 138 254 286
18805 135 127 286
18806 133 130 285
18807 129 214 285
18808 127 250 284
18809 123 138 284
18810 121 165 283
18811 139 96 286
18812 136 64 286
18813 132 207 286
18814 131 200 285
18815 126 237 285
18816 124 69 284
18817 141 81 287
18818 137 16 287
18819 134 182 286
18820 130 87 286
18821 128 163 285
18822 140 238 288
18823 138 91 287
18824 135 174 287
18825 133 94 286
18826 142 4 288
18827 139 172 287
18828 136 29 287
18829 143 86 288
18830 141 57 288
18831 144 86 290
18832 29 118 263
18833 31 254 263
18834 0 140 264
18835 1 225 264
18836 2 243 264
18837 3 160 264
18838 4 220 264
18839 5 232 264
18840 6 154 264
18841 7 13 264
18842 8 203 264
18843 0 1 265
18844 0 1 266
18845 0 1 267
18846 0 1 268
18847 0 1 269
18848 0 1 270
18849 0 1 271
18850 0 1 272
18851 0 1 273
18852 0 1 274
18853 0 1 275
18854 0 1 276
18855 9 127 264
18856 10 43 264
18857 11 85 264
18858 12 198 264
18859 13 183 264
18860 14 251 264
18861 15 81 264
18862 16 140 264
18863 17 236 264
18864 18 87 264
18865 19 249 264
18866 20 12 264
18867 21 34 264
18868 22 206 264
18869 1 15 265
18870 1 15 266
18871 1 15 267
18872 1 15 268
18873 1 15 269
18874 1 15 270
18875 1 15 271
18876 1 15 272
18877 23 206 264
18878 24 108 264
18879 25 162 264
18880 26 40 264
18881 27 62 264
18882 28 139 264
18883 29 55 264
18884 30 243 264
18885 31 217 264
18886 32 92 264
18887 33 105 264
18888 34 139 264
18889 37 160 264
18890 2 212 265
18891 3 123 265
18892 4 66 265
18893 5 144 265
18894 6 78 265
18895 2 225 266
18896 2 225 267
18897 2 225 268
18898 7 231 265
18899 8 218 265
18900 9 113 265
18901 10 103 265
18902 11 132 265
18903 12 117 265
18904 13 254 265
18905 14 115 265
18906 15 107 265
18907 16 139 265
18908 17 94 265
18909 18 208 265
18910 19 99 265
18911 20 162 265
18912 21 211 265
18913 22 50 265
18914 23 106 265
18915 24 19 265
18916 25 199 265
18917 26 155 265
18918 27 171 265
18919 28 172 265
18920 29 19 265
18921 30 100 265
18922 31 138 265
18923 32 5 265
18924 33 101 265
18925 34 192 265
18926 35 125 265
18927 36 109 265
18928 37 47 265
18929 38 69 265
18930 41 114 265
18931 3 29 266
18932 4 70 266
18933 5 192 266
18934 6 26 266
18935 7 158 266
18936 8 249 266
18937 9 63 266
18938 10 86 266
18939 11 94 266
18940 12 9 266
18941 13 66 266
18942 14 78 266
18943 15 72 266
18944 16 224 266
18945 17 137 266
18946 18 91 266
18947 19 182 266
18948 20 62 266
18949 21 100 266
18950 22 129 266
18951 23 174 266
18952 24 204 266
18953 25 192 266
18954 26 141 266
18955 27 39 266
18956 28 95 266
18957 29 182 266
18958 30 65 266
18959 31 10 266
18960 32 256 266
18961 33 249 266
18962 34 56 266
18963 35 90 266
18964 36 126 266
18965 37 46 266
18966 38 145 266
18967 39 71 266
18968 40 40 266
18969 41 214 266
18970 42 191 266
18971 43 19 266
18972 3 139 267
18973 4 215 267
18974 5 247 267
18975 6 32 267
18976 7 138 267
18977 8 112 267
18978 9 246 267
18979 10 79 267
18980 11 241 267
18981 12 25 267
18982 13 68 267
18983 14 254 267
18984 15 105 267
18985 16 183 267
18986 17 48 267
18987 18 1 267
18988 19 164 267
18989 20 110 267
18990 21 156 267
18991 22 161 267
18992 23 27 267
18993 24 49 267
18994 25 60 267
18995 26 222 267
18996 27 84 267
18997 28 52 267
18998 29 23 267
18999 30 158 267
19000 31 187 267
19001 32 189 267
19002 33 8 267
19003 34 119 267
19004 35 154 267
19005 37 228 267
19006 36 86 267
19007 38 133 267
19008 39 13 267
19009 40 132 267
19010 41 55 267
19011 42 125 267
19012 43 219 267
19013 44 115 267
19014 45 24 267
19015 46 23 267
19016 47 194 267
19017 49 229 267
19018 3 170 268
19019 4 74 268
19020 5 5 268
19021 6 31 268
19022 7 6 268
19023 8 157 268
19024 9 167 268
19025 10 205 268
19026 11 42 268
19027 12 89 268
19028 13 111 268
19029 14 255 268
19030 15 139 268
19031 16 18 268
19032 17 158 268
19033 18 207 268
19034 19 80 268
19035 20 7 268
19036 21 78 268
19037 22 14 268
19038 23 109 268
19039 24 74 268
19040 25 25 268
19041 26 44 268
19042 27 90 268
19043 28 117 268
19044 29 114 268
19045 30 35 268
19046 31 118 268
19047 32 127 268
19048 33 96 268
19049 34 161 268
19050 35 29 268
19051 36 167 268
19052 37 65 268
19053 38 21 268
19054 39 125 268
19055 40 174 268
19056 41 99 268
19057 42 213 268
19058 43 245 268
19059 44 114 268
19060 45 2 268
19061 46 94 268
19062 47 176 268
19063 48 228 268
19064 49 229 268
19065 50 131 268
19066 51 32 268
19067 53 191 268
19068 2 155 269
19069 3 132 269
19070 4 133 269
19071 5 82 269
19072 6 192 269
19073 7 78 269
19074 8 153 269
19075 9 113 269
19076 10 1 269
19077 11 142 269
19078 12 247 269
19079 13 155 269
19080 14 43 269
19081 15 68 269
19082 16 163 269
19083 17 235 269
19084 18 159 269
19085 19 21 269
19086 20 201 269
19087 21 189 269
19088 22 13 269
19089 23 2 269
19090 24 123 269
19091 25 241 269
19092 26 209 269
19093 27 167 269
19094 28 5 269
19095 29 55 269
19096 30 37 269
19097 31 107 269
19098 32 1 269
19099 33 239 269
19100 34 187 269
19101 35 106 269
19102 36 169 269
19103 37 210 269
19104 38 17 269
19105 39 72 269
19106 40 229 269
19107 41 115 269
19108 42 52 269
19109 43 206 269
19110 44 93 269
19111 45 27 269
19112 46 201 269
19113 47 134 269
19114 48 74 269
19115 49 3 269
19116 50 186 269
19117 51 177 269
19118 52 16 269
19119 53 13 269
19120 54 77 269
19121 55 204 269
19122 57 232 269
19123 58 41 269
19124 2 95 270
19125 3 91 270
19126 4 4 270
19127 5 126 270
19128 6 69 270
19129 7 60 270
19130 8 140 270
19131 9 207 270
19132 10 167 270
19133 11 31 270
19134 12 78 270
19135 13 102 270
19136 14 22 270
19137 15 54 270
19138 16 163 270
19139 17 237 270
19140 18 151 270
19141 19 170 270
19142 20 100 270
19143 21 237 270
19144 22 44 270
19145 23 72 270
19146 24 251 270
19147 25 235 270
19148 26 211 270
19149 27 142 270
19150 28 172 270
19151 29 209 270
19152 30 13 270
19153 31 20 270
19154 32 76 270
19155 33 19 270
19156 34 202 270
19157 35 185 270
19158 36 113 270
19159 37 163 270
19160 38 225 270
19161 39 180 270
19162 40 173 270
19163 41 252 270
19164 42 96 270
19165 43 192 270
19166 44 128 270
19167 45 165 270
19168 46 51 270
19169 47 52 270
19170 48 111 270
19171 49 80 270
19172 50 138 270
19173 51 17 270
19174 52 38 270
19175 53 3 270
19176 54 44 270
19177 55 105 270
19178 56 208 270
19179 57 105 270
19180 58 203 270
19181 59 170 270
19182 61 237 270
19183 2 61 271
19184 3 89 271
19185 4 48 271
19186 5 167 271
19187 6 245 271
19188 7 181 271
19189 8 132 271
19190 9 59 271
19191 10 211 271
19192 11 167 271
19193 12 218 271
19194 13 38 271
19195 14 210 271
19196 15 165 271
19197 16 124 271
19198 17 95 271
19199 18 37 271
19200 19 135 271
19201 21 86 271
19202 20 70 271
19203 22 121 271
19204 23 66 271
19205 24 102 271
19206 25 228 271
19207 26 3 271
19208 27 9 271
19209 28 238 271
19210 29 179 271
19211 30 112 271
19212 31 22 271
19213 32 145 271
19214 33 131 271
19215 34 21 271
19216 35 205 271
19217 36 185 271
19218 37 17 271
19219 38 233 271
19220 39 63 271
19221 40 40 271
19222 41 153 271
19223 42 129 271
19224 43 172 271
19225 44 130 271
19226 45 142 271
19227 46 93 271
19228 47 34 271
19229 48 219 271
19230 49 190 271
19231 50 170 271
19232 51 148 271
19233 52 156 271
19234 53 164 271
19235 54 217 271
19236 55 104 271
19237 56 87 271
19238 57 55 271
19239 58 249 271
19240 59 43 271
19241 60 226 271
19242 61 139 271
19243 62 180 271
19244 63 39 271
19245 64 204 271
19246 65 155 271
19247 2 180 272
19248 3 199 272
19249 4 155 272
19250 5 202 272
19251 6 239 272
19252 7 116 272
19253 8 255 272
19254 9 26 272
19255 10 81 272
19256 11 236 272
19257 12 36 272
19258 13 10 272
19259 14 213 272
19260 15 100 272
19261 16 213 272
19262 17 181 272
19263 18 116 272
19264 19 236 272
19265 20 197 272
19266 21 217 272
19267 22 114 272
19268 23 243 272
19269 24 214 272
19270 25 126 272
19271 26 73 272
19272 27 100 272
19273 28 242 272
19274 29 253 272
19275 30 210 272
19276 31 121 272
19277 32 18 272
19278 33 36 272
19279 34 239 272
19280 35 114 272
19281 36 146 272
19282 37 153 272
19283 38 49 272
19284 39 181 272
19285 40 56 272
19286 41 81 272
19287 42 175 272
19288 43 195 272
19289 44 119 272
19290 45 50 272
19291 46 18 272
19292 47 63 272
19293 48 122 272
19294 49 126 272
19295 50 69 272
19296 51 48 272
19297 52 253 272
19298 53 201 272
19299 54 227 272
19300 55 67 272
19301 56 40 272
19302 57 178 272
19303 58 83 272
19304 59 129 272
19305 60 181 272
19306 61 62 272
19307 62 59 272
19308 63 252 272
19309 64 127 272
19310 65 49 272
19311 66 227 272
19312 67 12 272
19313 68 13 272
19314 69 42 272
19315 71 192 272
19316 1 137 273
19317 2 165 273
19318 3 175 273
19319 4 241 273
19320 5 124 273
19321 6 185 273
19322 7 83 273
19323 8 166 273
19324 9 111 273
19325 10 205 273
19326 11 178 273
19327 12 9 273
19328 13 248 273
19329 14 121 273
19330 15 103 273
19331 16 9 273
19332 17 174 273
19333 18 31 273
19334 19 10 273
19335 20 100 273
19336 21 40 273
19337 22 187 273
19338 23 146 273
19339 24 3 273
19340 25 221 273
19341 26 156 273
19342 27 132 273
19343 28 168 273
19344 29 256 273
19345 30 9 273
19346 31 13 273
19347 32 111 273
19348 33 163 273
19349 34 101 273
19350 35 116 273
19351 36 165 273
19352 37 58 273
19353 38 95 273
19354 39 234 273
19355 40 218 273
19356 41 217 273
19357 42 23 273
19358 43 210 273
19359 44 61 273
19360 45 234 273
19361 46 136 273
19362 47 14 273
19363 48 48 273
19364 49 100 273
19365 50 155 273
19366 51 22 273
19367 52 134 273
19368 53 71 273
19369 54 13 273
19370 55 3 273
19371 56 82 273
19372 57 209 273
19373 58 43 273
19374 59 211 273
19375 60 195 273
19376 61 222 273
19377 62 245 273
19378 63 64 273
19379 64 133 273
19380 65 210 273
19381 66 157 273
19382 67 241 273
19383 68 201 273
19384 69 215 273
19385 70 219 273
19386 71 248 273
19387 72 106 273
19388 73 224 273
19389 1 39 274
19390 2 181 274
19391 3 195 274
19392 4 32 274
19393 5 58 274
19394 6 55 274
19395 7 148 274
19396 8 225 274
19397 9 55 274
19398 10 189 274
19399 11 102 274
19400 12 240 274
19401 13 216 274
19402 14 100 274
19403 15 220 274
19404 16 96 274
19405 17 134 274
19406 18 113 274
19407 19 189 274
19408 20 51 274
19409 21 240 274
19410 22 176 274
19411 23 239 274
19412 24 238 274
19413 25 103 274
19414 26 147 274
19415 27 117 274
19416 28 70 274
19417 29 177 274
19418 30 77 274
19419 31 145 274
19420 32 101 274
19421 33 227 274
19422 34 63 274
19423 35 249 274
19424 36 130 274
19425 37 87 274
19426 38 153 274
19427 39 75 274
19428 40 181 274
19429 41 158 274
19430 42 69 274
19431 43 113 274
19432 44 253 274
19433 45 4 274
19434 46 31 274
19435 47 117 274
19436 48 197 274
19437 49 228 274
19438 50 47 274
19439 51 15 274
19440 52 58 274
19441 53 20 274
19442 54 89 274
19443 55 246 274
19444 56 47 274
19445 57 196 274
19446 58 207 274
19447 59 137 274
19448 60 15 274
19449 61 155 274
19450 62 93 274
19451 63 249 274
19452 64 21 274
19453 65 201 274
19454 66 106 274
19455 68 93 274
19456 1 186 275
19457 67 127 274
19458 1 186 276
19459 69 101 274
19460 70 234 274
19461 71 207 274
19462 72 18 274
19463 73 241 274
19464 74 24 274
19465 75 212 274
19466 76 78 274
19467 77 57 274
19468 78 222 274
19469 79 20 274
19470 3 247 275
19471 2 89 275
19472 4 190 275
19473 5 39 275
19474 6 114 275
19475 7 139 275
19476 8 192 275
19477 9 134 275
19478 10 133 275
19479 11 14 275
19480 12 74 275
19481 13 91 275
19482 14 32 275
19483 15 126 275
19484 16 90 275
19485 17 25 275
19486 18 85 275
19487 19 234 275
19488 20 251 275
19489 21 8 275
19490 22 215 275
19491 23 38 275
19492 24 198 275
19493 25 158 275
19494 26 153 275
19495 27 38 275
19496 28 222 275
19497 29 181 275
19498 30 84 275
19499 31 66 275
19500 32 181 275
19501 33 116 275
19502 34 68 275
19503 35 127 275
19504 36 160 275
19505 37 173 275
19506 38 67 275
19507 39 51 275
19508 40 89 275
19509 41 36 275
19510 42 35 275
19511 43 51 275
19512 44 146 275
19513 45 113 275
19514 46 125 275
19515 47 74 275
19516 48 19 275
19517 49 123 275
19518 50 115 275
19519 51 7 275
19520 52 29 275
19521 53 75 275
19522 54 172 275
19523 55 10 275
19524 56 230 275
19525 57 24 275
19526 58 183 275
19527 59 13 275
19528 60 94 275
19529 61 115 275
19530 62 66 275
19531 63 241 275
19532 64 216 275
19533 65 111 275
19534 66 93 275
19535 67 18 275
19536 68 21 275
19537 69 31 275
19538 70 223 275
19539 71 17 275
19540 72 178 275
19541 73 29 275
19542 74 247 275
19543 75 27 275
19544 76 89 275
19545 77 189 275
19546 78 175 275
19547 79 240 275
19548 81 25 275
19549 82 125 275
19550 83 226 275
19551 85 160 275
19552 2 191 276
19553 3 144 276
19554 4 219 276
19555 5 183 276
19556 6 14 276
19557 7 57 276
19558 8 99 276
19559 9 167 276
19560 10 155 276
19561 11 131 276
19562 12 97 276
19563 13 154 276
19564 14 237 276
19565 15 48 276
19566 16 99 276
19567 17 195 276
19568 18 86 276
19569 19 26 276
19570 20 47 276
19571 21 244 276
19572 22 237 276
19573 23 77 276
19574 24 21 276
19575 25 33 276
19576 26 206 276
19577 27 245 276
19578 28 234 276
19579 29 199 276
19580 30 169 276
19581 31 210 276
19582 32 45 276
19583 33 52 276
19584 34 181 276
19585 35 106 276
19586 36 225 276
19587 37 11 276
19588 38 90 276
19589 39 239 276
19590 40 174 276
19591 41 11 276
19592 42 200 276
19593 43 220 276
19594 44 169 276
19595 45 240 276
19596 46 224 276
19597 47 79 276
19598 48 101 276
19599 49 143 276
19600 50 168 276
19601 51 215 276
19602 52 184 276
19603 53 153 276
19604 54 17 276
19605 55 17 276
19606 56 67 276
19607 57 63 276
19608 58 244 276
19609 59 181 276
19610 60 86 276
19611 61 243 276
19612 62 149 276
19613 63 104 276
19614 64 163 276
19615 65 101 276
19616 66 129 276
19617 67 58 276
19618 68 249 276
19619 69 42 276
19620 70 30 276
19621 71 200 276
19622 72 223 276
19623 73 155 276
19624 74 34 276
19625 75 114 276
19626 76 80 276
19627 77 223 276
19628 78 2 276
19629 79 254 276
19630 80 157 276
19631 81 69 276
19632 82 36 276
19633 83 148 276
19634 85 175 276
19635 86 17 276
19636 89 116 276
19637 0 40 277
19638 1 7 277
19639 2 98 277
19640 3 164 277
19641 4 51 277
19642 5 15 277
19643 6 5 277
19644 7 96 277
19645 8 98 277
19646 9 40 277
19647 10 2 277
19648 11 189 277
19649 12 37 277
19650 13 82 277
19651 14 28 277
19652 15 25 277
19653 16 165 277
19654 17 80 277
19655 18 89 277
19656 19 66 277
19657 20 189 277
19658 21 79 277
19659 22 83 277
19660 23 245 277
19661 24 109 277
19662 25 55 277
19663 26 145 277
19664 27 80 277
19665 28 166 277
19666 29 250 277
19667 30 99 277
19668 31 238 277
19669 32 133 277
19670 33 177 277
19671 34 106 277
19672 35 95 277
19673 36 99 277
19674 37 48 277
19675 38 102 277
19676 39 80 277
19677 40 68 277
19678 41 7 277
19679 42 105 277
19680 43 10 277
19681 44 9 277
19682 45 192 277
19683 46 248 277
19684 47 162 277
19685 48 137 277
19686 49 141 277
19687 50 55 277
19688 51 248 277
19689 52 102 277
19690 53 94 277
19691 54 84 277
19692 55 120 277
19693 56 103 277
19694 57 13 277
19695 58 234 277
19696 59 197 277
19697 60 30 277
19698 61 55 277
19699 62 52 277
19700 63 186 277
19701 64 231 277
19702 65 235 277
19703 66 155 277
19704 67 46 277
19705 68 54 277
19706 69 85 277
19707 70 164 277
19708 71 180 277
19709 72 40 277
19710 73 152 277
19711 74 158 277
19712 75 1 277
19713 76 46 277
19714 77 165 277
19715 78 213 277
19716 79 65 277
19717 80 209 277
19718 81 204 277
19719 82 227 277
19720 83 134 277
19721 84 220 277
19722 85 101 277
19723 86 207 277
19724 87 195 277
19725 88 140 277
19726 89 195 277
19727 91 16 277
19728 93 252 277
19729 0 27 278
19730 1 147 278
19731 2 24 278
19732 3 233 278
19733 4 150 278
19734 5 244 278
19735 6 38 278
19736 7 164 278
19737 8 71 278
19738 9 70 278
19739 10 95 278
19740 11 159 278
19741 12 230 278
19742 13 91 278
19743 14 233 278
19744 15 247 278
19745 16 234 278
19746 17 19 278
19747 18 194 278
19748 19 8 278
19749 20 221 278
19750 21 59 278
19751 22 40 278
19752 23 33 278
19753 24 200 278
19754 25 243 278
19755 26 124 278
19756 27 163 278
19757 28 96 278
19758 29 168 278
19759 30 196 278
19760 31 176 278
19761 32 230 278
19762 33 92 278
19763 34 222 278
19764 35 157 278
19765 36 138 278
19766 37 125 278
19767 38 227 278
19768 39 178 278
19769 40 112 278
19770 41 99 278
19771 42 225 278
19772 43 74 278
19773 44 173 278
19774 45 72 278
19775 46 110 278
19776 47 99 278
19777 48 239 278
19778 49 76 278
19779 50 64 278
19780 51 207 278
19781 52 7 278
19782 53 229 278
19783 54 25 278
19784 55 151 278
19785 56 135 278
19786 57 58 278
19787 58 194 278
19788 59 56 278
19789 60 23 278
19790 61 162 278
19791 62 46 278
19792 63 44 278
19793 64 113 278
19794 65 62 278
19795 66 91 278
19796 67 227 278
19797 68 39 278
19798 69 61 278
19799 70 207 278
19800 71 251 278
19801 72 207 278
19802 73 86 278
19803 74 172 278
19804 75 152 278
19805 76 183 278
19806 77 39 278
19807 78 96 278
19808 79 139 278
19809 80 193 278
19810 81 176 278
19811 82 50 278
19812 83 81 278
19813 84 201 278
19814 85 54 278
19815 86 88 278
19816 87 32 278
19817 88 204 278
19818 89 36 278
19819 90 31 278
19820 91 133 278
19821 92 154 278
19822 93 103 278
19823 94 238 278
19824 97 224 278
19825 0 61 279
19826 1 83 279
19827 2 162 279
19828 3 216 279
19829 4 11 279
19830 5 228 279
19831 6 249 279
19832 7 184 279
19833 8 95 279
19834 9 244 279
19835 10 94 279
19836 11 89 279
19837 12 146 279
19838 13 109 279
19839 14 24 279
19840 15 75 279
19841 16 36 279
19842 17 202 279
19843 18 179 279
19844 19 60 279
19845 20 86 279
19846 21 58 279
19847 22 130 279
19848 23 97 279
19849 24 50 279
19850 25 14 279
19851 26 56 279
19852 27 216 279
19853 28 204 279
19854 29 98 279
19855 30 245 279
19856 31 51 279
19857 32 216 279
19858 33 39 279
19859 34 104 279
19860 35 222 279
19861 36 16 279
19862 37 191 279
19863 38 11 279
19864 39 69 279
19865 40 109 279
19866 41 24 279
19867 42 81 279
19868 43 116 279
19869 44 157 279
19870 45 35 279
19871 46 160 279
19872 47 84 279
19873 48 182 279
19874 49 4 279
19875 50 54 279
19876 51 207 279
19877 52 26 279
19878 53 50 279
19879 54 39 279
19880 55 133 279
19881 56 250 279
19882 57 147 279
19883 58 248 279
19884 59 102 279
19885 60 118 279
19886 61 197 279
19887 63 176 279
19888 62 5 279
19889 64 83 279
19890 65 176 279
19891 66 217 279
19892 67 193 279
19893 68 97 279
19894 69 62 279
19895 70 19 279
19896 71 249 279
19897 72 79 279
19898 73 32 279
19899 74 47 279
19900 75 211 279
19901 76 92 279
19902 77 17 279
19903 78 216 279
19904 79 13 279
19905 80 20 279
19906 81 33 279
19907 82 241 279
19908 83 151 279
19909 84 76 279
19910 85 159 279
19911 86 26 279
19912 87 178 279
19913 88 68 279
19914 89 146 279
19915 90 134 279
19916 91 135 279
19917 92 187 279
19918 93 228 279
19919 94 14 279
19920 95 99 279
19921 96 230 279
19922 97 252 279
19923 98 9 279
19924 99 72 279
19925 101 57 279
19926 0 151 280
19927 1 251 280
19928 2 162 280
19929 3 131 280
19930 4 55 280
19931 5 245 280
19932 6 37 280
19933 7 35 280
19934 8 141 280
19935 9 46 280
19936 10 248 280
19937 11 86 280
19938 12 148 280
19939 13 255 280
19940 14 168 280
19941 15 151 280
19942 16 35 280
19943 17 133 280
19944 18 195 280
19945 19 142 280
19946 20 222 280
19947 21 83 280
19948 23 207 280
19949 22 256 280
19950 24 38 280
19951 25 224 280
19952 26 245 280
19953 27 2 280
19954 28 44 280
19955 29 233 280
19956 30 43 280
19957 31 48 280
19958 32 171 280
19959 33 173 280
19960 34 246 280
19961 35 228 280
19962 36 23 280
19963 37 83 280
19964 38 127 280
19965 39 186 280
19966 40 73 280
19967 41 195 280
19968 42 23 280
19969 43 78 280
19970 44 122 280
19971 45 195 280
19972 46 151 280
19973 47 25 280
19974 48 84 280
19975 49 110 280
19976 50 202 280
19977 51 125 280
19978 52 97 280
19979 53 174 280
19980 54 194 280
19981 55 227 280
19982 56 88 280
19983 57 185 280
19984 58 56 280
19985 59 125 280
19986 60 151 280
19987 61 4 280
19988 62 151 280
19989 63 136 280
19990 64 105 280
19991 65 25 280
19992 66 69 280
19993 67 139 280
19994 68 165 280
19995 69 143 280
19996 70 236 280
19997 71 158 280
19998 72 232 280
19999 73 81 280
20000 74 216 280
20001 75 185 280
20002 76 104 280
20003 77 38 280
20004 78 152 280
20005 79 198 280
20006 80 145 280
20007 81 57 280
20008 82 58 280
20009 83 154 280
20010 84 155 280
20011 85 57 280
20012 86 234 280
20013 87 243 280
20014 88 188 280
20015 89 165 280
20016 90 42 280
20017 91 37 280
20018 92 97 280
20019 93 39 280
20020 94 7 280
20021 95 241 280
20022 96 55 280
20023 97 187 280
20024 98 82 280
20025 99 123 280
20026 100 5 280
20027 101 100 280
20028 102 133 280
20029 103 160 280
20030 106 237 280
20031 0 237 281
20032 1 6 281
20033 2 219 281
20034 3 2 281
20035 4 227 281
20036 5 31 281
20037 6 111 281
20038 7 187 281
20039 8 218 281
20040 9 243 281
20041 10 141 281
20042 11 131 281
20043 12 78 281
20044 13 104 281
20045 14 181 281
20046 15 232 281
20047 16 252 281
20048 17 134 281
20049 18 194 281
20050 19 251 281
20051 20 238 281
20052 21 164 281
20053 22 140 281
20054 23 88 281
20055 24 98 281
20056 25 205 281
20057 26 205 281
20058 27 195 281
20059 28 242 281
20060 29 129 281
20061 30 101 281
20062 31 208 281
20063 32 15 281
20064 33 21 281
20065 34 95 281
20066 35 83 281
20067 36 149 281
20068 37 147 281
20069 38 226 281
20070 39 245 281
20071 40 78 281
20072 41 36 281
20073 42 203 281
20074 43 113 281
20075 44 128 281
20076 45 56 281
20077 46 163 281
20078 47 170 281
20079 48 236 281
20080 49 235 281
20081 50 125 281
20082 51 86 281
20083 52 233 281
20084 53 2 281
20085 54 172 281
20086 55 44 281
20087 56 65 281
20088 57 100 281
20089 58 63 281
20090 59 64 281
20091 60 148 281
20092 61 167 281
20093 62 145 281
20094 63 53 281
20095 64 229 281
20096 65 132 281
20097 66 23 281
20098 67 244 281
20099 68 173 281
20100 69 192 281
20101 70 218 281
20102 71 19 281
20103 72 142 281
20104 73 118 281
20105 74 161 281
20106 75 245 281
20107 76 239 281
20108 77 94 281
20109 78 153 281
20110 79 87 281
20111 80 45 281
20112 81 188 281
20113 82 168 281
20114 83 96 281
20115 84 79 281
20116 85 108 281
20117 86 194 281
20118 87 133 281
20119 88 143 281
20120 89 193 281
20121 90 11 281
20122 91 196 281
20123 92 187 281
20124 93 98 281
20125 94 18 281
20126 95 56 281
20127 96 178 281
20128 97 159 281
20129 98 47 281
20130 99 72 281
20131 100 91 281
20132 101 150 281
20133 102 143 281
20134 103 96 281
20135 104 234 281
20136 105 221 281
20137 106 138 281
20138 107 151 281
20139 109 205 281
20140 0 107 282
20141 1 107 282
20142 2 191 282
20143 3 114 282
20144 4 37 282
20145 5 47 282
20146 6 2 282
20147 7 17 282
20148 8 161 282
20149 9 246 282
20150 10 28 282
20151 11 252 282
20152 12 246 282
20153 13 106 282
20154 14 13 282
20155 15 175 282
20156 16 85 282
20157 17 40 282
20158 18 102 282
20159 19 53 282
20160 20 72 282
20161 21 51 282
20162 22 20 282
20163 23 249 282
20164 24 14 282
20165 25 53 282
20166 26 221 282
20167 27 46 282
20168 28 48 282
20169 29 64 282
20170 30 118 282
20171 31 156 282
20172 32 133 282
20173 33 234 282
20174 34 80 282
20175 35 105 282
20176 36 120 282
20177 37 42 282
20178 38 239 282
20179 39 21 282
20180 40 101 282
20181 41 123 282
20182 42 255 282
20183 43 103 282
20184 44 173 282
20185 45 244 282
20186 46 117 282
20187 47 41 282
20188 48 170 282
20189 49 233 282
20190 50 155 282
20191 51 172 282
20192 52 88 282
20193 53 84 282
20194 54 103 282
20195 55 220 282
20196 56 194 282
20197 57 125 282
20198 58 10 282
20199 59 89 282
20200 60 74 282
20201 61 219 282
20202 62 248 282
20203 63 23 282
20204 64 14 282
20205 65 86 282
20206 66 54 282
20207 67 33 282
20208 68 62 282
20209 69 164 282
20210 70 192 282
20211 71 105 282
20212 72 183 282
20213 73 83 282
20214 74 59 282
20215 75 76 282
20216 76 238 282
20217 77 92 282
20218 78 180 282
20219 79 189 282
20220 80 85 282
20221 81 105 282
20222 82 206 282
20223 83 126 282
20224 84 7 282
20225 85 97 282
20226 86 41 282
20227 87 229 282
20228 88 134 282
20229 89 56 282
20230 90 182 282
20231 91 44 282
20232 92 183 282
20233 93 12 282
20234 94 148 282
20235 95 209 282
20236 96 184 282
20237 97 184 282
20238 98 214 282
20239 99 210 282
20240 100 83 282
20241 101 23 282
20242 102 241 282
20243 103 54 282
20244 104 18 282
20245 105 121 282
20246 106 119 282
20247 107 144 282
20248 108 57 282
20249 109 167 282
20250 110 256 282
20251 111 226 282
20252 112 191 282
20253 113 45 282
20254 0 18 283
20255 1 141 283
20256 2 87 283
20257 3 67 283
20258 5 46 283
20259 4 110 283
20260 6 164 283
20261 7 119 283
20262 8 243 283
20263 9 113 283
20264 10 236 283
20265 11 230 283
20266 12 170 283
20267 13 4 283
20268 14 166 283
20269 15 127 283
20270 16 47 283
20271 17 30 283
20272 18 5 283
20273 19 167 283
20274 20 234 283
20275 21 27 283
20276 22 45 283
20277 23 240 283
20278 24 235 283
20279 25 141 283
20280 26 165 283
20281 27 75 283
20282 28 170 283
20283 29 90 283
20284 30 58 283
20285 31 75 283
20286 32 123 283
20287 33 175 283
20288 34 127 283
20289 35 85 283
20290 36 87 283
20291 37 16 283
20292 38 127 283
20293 39 156 283
20294 40 215 283
20295 41 84 283
20296 42 86 283
20297 43 97 283
20298 44 191 283
20299 45 147 283
20300 46 80 283
20301 47 13 283
20302 48 170 283
20303 49 106 283
20304 50 42 283
20305 51 166 283
20306 52 197 283
20307 53 162 283
20308 54 160 283
20309 55 11 283
20310 56 121 283
20311 57 144 283
20312 58 47 283
20313 59 211 283
20314 60 29 283
20315 61 34 283
20316 62 172 283
20317 63 247 283
20318 64 111 283
20319 65 103 283
20320 66 85 283
20321 67 240 283
20322 68 131 283
20323 69 66 283
20324 70 174 283
20325 71 72 283
20326 72 143 283
20327 73 94 283
20328 74 53 283
20329 75 133 283
20330 76 209 283
20331 77 13 283
20332 78 56 283
20333 79 219 283
20334 80 248 283
20335 81 252 283
20336 82 49 283
20337 83 60 283
20338 84 189 283
20339 85 152 283
20340 86 55 283
20341 87 37 283
20342 88 155 283
20343 89 46 283
20344 90 217 283
20345 91 52 283
20346 92 102 283
20347 93 58 283
20348 94 90 283
20349 95 114 283
20350 96 57 283
20351 97 209 283
20352 98 140 283
20353 99 214 283
20354 100 173 283
20355 101 199 283
20356 102 203 283
20357 103 174 283
20358 104 212 283
20359 105 130 283
20360 106 220 283
20361 107 256 283
20362 108 149 283
20363 109 210 283
20364 110 222 283
20365 111 118 283
20366 112 49 283
20367 113 168 283
20368 114 40 283
20369 115 61 283
20370 117 147 283
20371 118 221 283
20372 0 104 284
20373 1 229 284
20374 2 145 284
20375 3 19 284
20376 4 99 284
20377 5 193 284
20378 6 193 284
20379 7 249 284
20380 8 118 284
20381 9 158 284
20382 10 22 284
20383 11 129 284
20384 12 217 284
20385 13 134 284
20386 14 10 284
20387 15 122 284
20388 16 186 284
20389 17 57 284
20390 18 35 284
20391 19 5 284
20392 20 133 284
20393 21 77 284
20394 22 38 284
20395 23 234 284
20396 24 128 284
20397 25 65 284
20398 26 13 284
20399 27 103 284
20400 28 219 284
20401 29 193 284
20402 30 85 284
20403 31 238 284
20404 32 56 284
20405 33 64 284
20406 34 251 284
20407 35 183 284
20408 36 226 284
20409 37 210 284
20410 38 195 284
20411 39 114 284
20412 40 163 284
20413 41 74 284
20414 42 84 284
20415 43 91 284
20416 44 228 284
20417 45 251 284
20418 46 187 284
20419 47 203 284
20420 48 67 284
20421 49 3 284
20422 50 168 284
20423 51 231 284
20424 52 13 284
20425 53 173 284
20426 54 198 284
20427 55 16 284
20428 56 182 284
20429 57 88 284
20430 58 236 284
20431 59 204 284
20432 60 68 284
20433 61 32 284
20434 62 122 284
20435 63 157 284
20436 64 209 284
20437 65 64 284
20438 66 171 284
20439 67 26 284
20440 68 52 284
20441 69 26 284
20442 70 53 284
20443 71 212 284
20444 72 244 284
20445 73 140 284
20446 74 241 284
20447 75 244 284
20448 76 197 284
20449 77 104 284
20450 78 165 284
20451 79 108 284
20452 80 151 284
20453 81 14 284
20454 82 129 284
20455 83 113 284
20456 84 3 284
20457 85 200 284
20458 86 47 284
20459 87 117 284
20460 88 241 284
20461 89 46 284
20462 90 205 284
20463 91 130 284
20464 92 224 284
20465 93 247 284
20466 94 169 284
20467 95 170 284
20468 96 75 284
20469 97 33 284
20470 98 187 284
20471 99 76 284
20472 100 26 284
20473 101 164 284
20474 102 110 284
20475 103 64 284
20476 104 11 284
20477 105 119 284
20478 106 232 284
20479 107 198 284
20480 108 5 284
20481 109 96 284
20482 110 179 284
20483 111 114 284
20484 112 47 284
20485 113 169 284
20486 114 246 284
20487 115 6 284
20488 116 188 284
20489 117 137 284
20490 118 23 284
20491 119 82 284
20492 120 36 284
20493 121 9 284
20494 0 14 285
20495 1 32 285
20496 2 2 285
20497 3 82 285
20498 4 160 285
20499 5 94 285
20500 6 202 285
20501 7 23 285
20502 8 101 285
20503 9 60 285
20504 10 181 285
20505 11 25 285
20506 12 254 285
20507 13 144 285
20508 14 106 285
20509 15 200 285
20510 16 108 285
20511 17 165 285
20512 18 151 285
20513 19 88 285
20514 20 98 285
20515 21 89 285
20516 22 218 285
20517 23 164 285
20518 24 122 285
20519 25 199 285
20520 26 187 285
20521 27 107 285
20522 28 252 285
20523 29 11 285
20524 30 127 285
20525 31 121 285
20526 32 159 285
20527 33 188 285
20528 34 222 285
20529 35 99 285
20530 36 134 285
20531 37 97 285
20532 38 96 285
20533 39 32 285
20534 40 156 285
20535 41 233 285
20536 42 162 285
20537 43 169 285
20538 44 211 285
20539 45 224 285
20540 46 172 285
20541 47 210 285
20542 48 193 285
20543 49 78 285
20544 50 186 285
20545 51 225 285
20546 52 141 285
20547 53 133 285
20548 54 184 285
20549 55 44 285
20550 56 206 285
20551 57 39 285
20552 58 66 285
20553 59 202 285
20554 60 217 285
20555 61 173 285
20556 62 54 285
20557 63 22 285
20558 64 17 285
20559 65 142 285
20560 66 246 285
20561 67 14 285
20562 68 179 285
20563 69 81 285
20564 70 90 285
20565 71 43 285
20566 72 22 285
20567 73 41 285
20568 74 148 285
20569 75 144 285
20570 76 211 285
20571 77 37 285
20572 78 56 285
20573 79 43 285
20574 80 199 285
20575 81 102 285
20576 82 219 285
20577 83 90 285
20578 84 238 285
20579 85 256 285
20580 86 194 285
20581 87 190 285
20582 88 226 285
20583 89 44 285
20584 90 195 285
20585 91 162 285
20586 92 174 285
20587 93 247 285
20588 94 78 285
20589 95 161 285
20590 96 94 285
20591 97 41 285
20592 98 11 285
20593 99 99 285
20594 100 69 285
20595 101 103 285
20596 102 99 285
20597 103 183 285
20598 104 152 285
20599 105 66 285
20600 106 188 285
20601 107 130 285
20602 108 180 285
20603 109 103 285
20604 110 129 285
20605 111 183 285
20606 112 136 285
20607 113 199 285
20608 114 10 285
20609 115 199 285
20610 116 74 285
20611 117 256 285
20612 118 76 285
20613 119 182 285
20614 120 249 285
20615 121 222 285
20616 122 138 285
20617 123 243 285
20618 124 55 285
20619 125 3 285
20620 127 203 285
20621 0 106 286
20622 1 129 286
20623 2 76 286
20624 3 205 286
20625 4 223 286
20626 5 118 286
20627 6 69 286
20628 7 104 286
20629 8 122 286
20630 9 122 286
20631 10 127 286
20632 11 135 286
20633 12 66 286
20634 13 228 286
20635 14 106 286
20636 15 19 286
20637 16 195 286
20638 17 202 286
20639 18 153 286
20640 19 179 286
20641 20 153 286
20642 21 247 286
20643 22 116 286
20644 23 38 286
20645 24 178 286
20646 25 206 286
20647 26 217 286
20648 27 223 286
20649 28 59 286
20650 29 99 286
20651 30 180 286
20652 0 167 287
20653 31 122 286
20654 32 155 286
20655 0 227 288
20656 33 31 286
20657 0 247 289
20658 34 48 286
20659 35 56 286
20660 36 246 286
20661 37 150 286
20662 38 40 286
20663 39 136 286
20664 40 220 286
20665 41 143 286
20666 42 87 286
20667 43 207 286
20668 44 185 286
20669 45 124 286
20670 46 206 286
20671 47 136 286
20672 48 172 286
20673 49 3 286
20674 50 171 286
20675 51 235 286
20676 52 176 286
20677 53 143 286
20678 54 177 286
20679 55 88 286
20680 56 253 286
20681 57 141 286
20682 58 194 286
20683 59 16 286
20684 60 149 286
20685 61 196 286
20686 62 85 286
20687 63 96 286
20688 64 207 286
20689 65 77 286
20690 66 111 286
20691 67 14 286
20692 68 218 286
20693 69 187 286
20694 70 90 286
20695 71 82 286
20696 72 222 286
20697 73 46 286
20698 74 217 286
20699 75 29 286
20700 76 236 286
20701 77 122 286
20702 78 30 286
20703 79 236 286
20704 80 43 286
20705 81 124 286
20706 82 113 286
20707 83 20 286
20708 84 254 286
20709 85 236 286
20710 86 83 286
20711 87 70 286
20712 88 125 286
20713 89 251 286
20714 90 44 286
20715 91 186 286
20716 92 20 286
20717 93 199 286
20718 94 31 286
20719 95 109 286
20720 96 137 286
20721 97 124 286
20722 98 107 286
20723 99 128 286
20724 100 111 286
20725 101 207 286
20726 102 222 286
20727 103 148 286
20728 104 195 286
20729 105 18 286
20730 106 63 286
20731 107 255 286
20732 108 181 286
20733 109 179 286
20734 110 35 286
20735 111 147 286
20736 112 161 286
20737 113 94 286
20738 114 109 286
20739 115 26 286
20740 116 40 286
20741 117 57 286
20742 118 5 286
20743 119 74 286
20744 120 172 286
20745 121 5 286
20746 122 171 286
20747 123 47 286
20748 124 152 286
20749 125 178 286
20750 126 67 286
20751 127 153 286
20752 128 55 286
20753 129 57 286
20754 131 42 286
20755 1 249 287
20756 2 226 287
20757 3 59 287
20758 4 238 287
20759 5 251 287
20760 6 256 287
20761 7 38 287
20762 8 58 287
20763 9 91 287
20764 10 95 287
20765 11 40 287
20766 12 156 287
20767 13 42 287
20768 14 12 287
20769 15 51 287
20770 16 197 287
20771 17 85 287
20772 18 235 287
20773 19 149 287
20774 20 218 287
20775 21 173 287
20776 22 176 287
20777 23 4 287
20778 24 122 287
20779 25 87 287
20780 26 167 287
20781 27 249 287
20782 28 55 287
20783 29 165 287
20784 30 153 287
20785 31 89 287
20786 32 53 287
20787 33 168 287
20788 34 61 287
20789 35 131 287
20790 36 168 287
20791 37 213 287
20792 38 168 287
20793 39 37 287
20794 40 124 287
20795 41 159 287
20796 42 252 287
20797 43 11 287
20798 44 58 287
20799 45 92 287
20800 46 244 287
20801 47 28 287
20802 48 133 287
20803 49 40 287
20804 50 37 287
20805 51 7 287
20806 52 64 287
20807 53 78 287
20808 54 153 287
20809 55 53 287
20810 56 15 287
20811 57 195 287
20812 58 173 287
20813 59 140 287
20814 60 192 287
20815 61 168 287
20816 62 225 287
20817 63 176 287
20818 64 157 287
20819 65 204 287
20820 66 254 287
20821 67 143 287
20822 68 152 287
20823 69 123 287
20824 70 194 287
20825 71 234 287
20826 72 71 287
20827 73 103 287
20828 74 198 287
20829 75 231 287
20830 76 206 287
20831 77 44 287
20832 78 224 287
20833 79 253 287
20834 80 122 287
20835 81 122 287
20836 82 2 287
20837 83 110 287
20838 84 181 287
20839 85 134 287
20840 86 183 287
20841 87 167 287
20842 88 9 287
20843 89 7 287
20844 90 111 287
20845 91 127 287
20846 92 248 287
20847 93 4 287
20848 94 216 287
20849 95 103 287
20850 96 100 287
20851 97 96 287
20852 98 77 287
20853 99 129 287
20854 100 184 287
20855 101 193 287
20856 102 233 287
20857 103 222 287
20858 104 254 287
20859 105 1 287
20860 106 180 287
20861 107 238 287
20862 108 170 287
20863 109 119 287
20864 110 240 287
20865 111 145 287
20866 112 240 287
20867 113 162 287
20868 114 215 287
20869 115 68 287
20870 116 116 287
20871 117 25 287
20872 118 21 287
20873 119 199 287
20874 120 129 287
20875 121 211 287
20876 122 30 287
20877 123 233 287
20878 124 76 287
20879 125 67 287
20880 126 17 287
20881 127 194 287
20882 128 224 287
20883 129 245 287
20884 130 169 287
20885 131 22 287
20886 132 203 287
20887 133 189 287
20888 134 18 287
20889 1 224 288
20890 2 136 288
20891 3 186 288
20892 4 192 288
20893 5 228 288
20894 6 26 288
20895 7 52 288
20896 8 19 288
20897 9 136 288
20898 10 229 288
20899 11 94 288
20900 12 27 288
20901 13 136 288
20902 14 134 288
20903 15 10 288
20904 16 123 288
20905 17 201 288
20906 18 59 288
20907 19 255 288
20908 20 256 288
20909 21 37 288
20910 22 141 288
20911 23 47 288
20912 24 11 288
20913 25 144 288
20914 26 89 288
20915 27 117 288
20916 28 174 288
20917 29 3 288
20918 30 73 288
20919 31 228 288
20920 32 82 288
20921 33 127 288
20922 34 170 288
20923 35 160 288
20924 36 144 288
20925 37 120 288
20926 38 55 288
20927 39 33 288
20928 40 37 288
20929 41 159 288
20930 42 255 288
20931 43 1 288
20932 44 216 288
20933 45 19 288
20934 46 172 288
20935 47 165 288
20936 48 235 288
20937 49 3 288
20938 50 162 288
20939 51 83 288
20940 52 18 288
20941 53 10 288
20942 54 254 288
20943 55 101 288
20944 56 174 288
20945 57 99 288
20946 58 7 288
20947 59 127 288
20948 60 162 288
20949 61 112 288
20950 62 175 288
20951 63 21 288
20952 64 241 288
20953 65 85 288
20954 66 243 288
20955 67 222 288
20956 68 101 288
20957 69 169 288
20958 70 108 288
20959 71 57 288
20960 72 90 288
20961 73 84 288
20962 74 110 288
20963 75 190 288
20964 76 152 288
20965 77 175 288
20966 78 40 288
20967 79 176 288
20968 80 142 288
20969 81 249 288
20970 82 47 288
20971 83 168 288
20972 84 44 288
20973 85 190 288
20974 86 85 288
20975 87 208 288
20976 88 155 288
20977 89 177 288
20978 90 150 288
20979 91 118 288
20980 92 210 288
20981 93 156 288
20982 94 173 288
20983 95 94 288
20984 96 23 288
20985 97 5 288
20986 98 26 288
20987 99 105 288
20988 100 68 288
20989 101 55 288
20990 102 33 288
20991 103 17 288
20992 104 16 288
20993 105 138 288
20994 106 129 288
20995 107 213 288
20996 108 76 288
20997 109 46 288
20998 110 13 288
20999 111 209 288
21000 112 70 288
21001 113 18 288
21002 114 59 288
21003 115 240 288
21004 116 144 288
21005 117 20 288
21006 118 191 288
21007 119 17 288
21008 120 204 288
21009 121 206 288
21010 122 11 288
21011 123 141 288
21012 124 124 288
21013 125 11 288
21014 126 13 288
21015 127 192 288
21016 128 54 288
21017 129 94 288
21018 130 170 288
21019 131 73 288
21020 132 141 288
21021 133 3 288
21022 134 136 288
21023 135 79 288
21024 136 10 288
21025 137 116 288
21026 138 135 288
21027 139 113 288
21028 1 147 289
21029 2 175 289
21030 3 254 289
21031 4 53 289
21032 5 107 289
21033 6 28 289
21034 7 84 289
21035 8 21 289
21036 9 172 289
21037 10 128 289
21038 11 24 289
21039 12 8 289
21040 13 188 289
21041 14 90 289
21042 15 43 289
21043 16 13 289
21044 17 68 289
21045 18 56 289
21046 19 167 289
21047 20 223 289
21048 21 40 289
21049 22 65 289
21050 23 164 289
21051 24 19 289
21052 25 197 289
21053 26 162 289
21054 27 56 289
21055 28 92 289
21056 29 161 289
21057 30 39 289
21058 31 75 289
21059 32 53 289
21060 33 195 289
21061 34 21 289
21062 35 242 289
21063 36 2 289
21064 37 37 289
21065 38 14 289
21066 39 189 289
21067 40 74 289
21068 41 170 289
21069 42 175 289
21070 43 105 289
21071 44 229 289
21072 45 244 289
21073 46 66 289
21074 47 5 289
21075 48 173 289
21076 49 64 289
21077 50 46 289
21078 51 143 289
21079 52 155 289
21080 53 189 289
21081 54 189 289
21082 56 33 289
21083 55 133 289
21084 57 252 289
21085 58 69 289
21086 59 75 289
21087 60 21 289
21088 61 234 289
21089 62 176 289
21090 63 13 289
21091 64 36 289
21092 65 41 289
21093 66 233 289
21094 67 195 289
21095 68 88 289
21096 69 103 289
21097 70 145 289
21098 71 154 289
21099 72 49 289
21100 73 33 289
21101 74 200 289
21102 75 164 289
21103 76 10 289
21104 77 101 289
21105 78 100 289
21106 79 244 289
21107 80 97 289
21108 81 120 289
21109 82 228 289
21110 83 202 289
21111 84 106 289
21112 85 178 289
21113 86 244 289
21114 87 223 289
21115 88 146 289
21116 89 161 289
21117 90 159 289
21118 91 115 289
21119 92 72 289
21120 93 152 289
21121 94 250 289
21122 95 84 289
21123 96 252 289
21124 97 156 289
21125 98 26 289
21126 99 70 289
21127 100 35 289
21128 101 70 289
21129 102 140 289
21130 103 214 289
21131 104 163 289
21132 105 189 289
21133 106 57 289
21134 107 90 289
21135 108 41 289
21136 109 114 289
21137 110 53 289
21138 111 238 289
21139 112 224 289
21140 113 137 289
21141 114 57 289
21142 115 183 289
21143 116 13 289
21144 117 162 289
21145 118 249 289
21146 119 2 289
21147 120 43 289
21148 121 95 289
21149 122 108 289
21150 123 82 289
21151 124 194 289
21152 125 256 289
21153 126 29 289
21154 127 108 289
21155 128 177 289
21156 129 144 289
21157 130 214 289
21158 131 175 289
21159 132 137 289
21160 133 100 289
21161 134 32 289
21162 135 234 289
21163 136 250 289
21164 137 57 289
21165 138 87 289
21166 139 70 289
21167 140 19 289
21168 141 21 289
21169 142 237 289
21170 143 113 289
21171 0 238 290
21172 1 69 290
21173 2 152 290
21174 3 137 290
21175 4 186 290
21176 5 46 290
21177 6 166 290
21178 7 44 290
21179 8 204 290
21180 9 110 290
21181 10 63 290
21182 11 198 290
21183 12 131 290
21184 13 242 290
21185 14 194 290
21186 15 69 290
21187 16 195 290
21188 17 243 290
21189 18 55 290
21190 19 185 290
21191 20 234 290
21192 21 133 290
21193 22 152 290
21194 23 54 290
21195 24 138 290
21196 25 207 290
21197 26 72 290
21198 27 253 290
21199 28 141 290
21200 29 229 290
21201 30 227 290
21202 31 91 290
21203 32 172 290
21204 33 187 290
21205 34 54 290
21206 35 71 290
21207 36 165 290
21208 37 208 290
21209 38 184 290
21210 39 89 290
21211 40 5 290
21212 41 96 290
21213 42 62 290
21214 43 211 290
21215 44 32 290
21216 45 236 290
21217 46 215 290
21218 47 43 290
21219 48 57 290
21220 49 252 290
21221 50 214 290
21222 51 70 290
21223 52 155 290
21224 53 10 290
21225 54 139 290
21226 55 9 290
21227 56 244 290
21228 57 125 290
21229 58 45 290
21230 59 170 290
21231 60 234 290
21232 61 209 290
21233 62 29 290
21234 63 113 290
21235 64 129 290
21236 65 231 290
21237 66 21 290
21238 67 18 290
21239 68 122 290
21240 69 14 290
21241 70 165 290
21242 71 189 290
21243 72 17 290
21244 73 73 290
21245 74 176 290
21246 75 214 290
21247 76 129 290
21248 77 221 290
21249 78 23 290
21250 79 229 290
21251 80 161 290
21252 81 39 290
21253 82 244 290
21254 83 11 290
21255 84 250 290
21256 85 246 290
21257 86 66 290
21258 87 142 290
21259 88 87 290
21260 89 67 290
21261 90 13 290
21262 91 256 290
21263 92 215 290
21264 93 121 290
21265 94 158 290
21266 95 212 290
21267 96 7 290
21268 97 35 290
21269 98 82 290
21270 99 247 290
21271 100 26 290
21272 101 175 290
21273 102 72 290
21274 103 195 290
21275 104 145 290
21276 105 58 290
21277 106 54 290
21278 107 224 290
21279 108 236 290
21280 109 166 290
21281 110 83 290
21282 111 158 290
21283 112 41 290
21284 113 240 290
21285 114 28 290
21286 115 17 290
21287 116 46 290
21288 117 93 290
21289 118 186 290
21290 119 224 290
21291 120 33 290
21292 121 200 290
21293 122 216 290
21294 123 114 290
21295 124 114 290
21296 125 200 290
21297 126 135 290
21298 127 92 290
21299 128 6 290
21300 129 182 290
21301 130 171 290
21302 131 71 290
21303 132 190 290
21304 133 104 290
21305 134 108 290
21306 135 61 290
21307 136 249 290
21308 137 87 290
21309 138 203 290
21310 139 219 290
21311 140 166 290
21312 141 5 290
21313 142 181 290
21314 143 162 290
21315 145 193 290
21316 0 250 291
21317 1 15 291
21318 2 150 291
21319 3 37 291
21320 4 227 291
21321 5 124 291
21322 6 109 291
21323 7 215 291
21324 8 62 291
21325 9 5 291
21326 10 188 291
21327 11 202 291
21328 12 236 291
21329 13 180 291
21330 14 234 291
21331 15 7 291
21332 16 35 291
21333 17 104 291
weights 292 292 292 292 292 292 292 292 292 292 292 292 292 292 292 292 292 292 291 291 291 291 291 291 291 291 291 291 291 291 291 291 291 291 291 291 291 291 291 291 291 291 291 291 291 291 291 291 291 291 291 291 291 291 291 291 291 291 291 291 291 291 291 291 291 291 291 291 291 291 291 291 291 291 291 291 291 291 291 291 291 291 291 291 291 291 291 291 291 291 291 291 291 291 291 291 291 291 291 291 291 291 291 291 291 291 291 291 291 291 291 291 291 291 291 291 291 291 291 291 291 291 291 291 291 291 291 291 291 291 291 291 291 291 291 291 291 291 291 291 291 291 291 291 291 291
