257 113 13061
0 0 1 0
1 0 1 1
2 0 1 2
3 0 1 3
4 0 1 4
5 0 1 5
6 0 1 6
7 0 1 7
8 0 1 8
9 0 1 9
10 0 1 10
11 0 1 11
12 0 1 12
13 0 1 13
14 0 1 14
15 0 1 15
16 0 1 16
17 0 1 17
18 0 1 18
19 0 1 19
20 0 1 20
21 0 1 21
22 0 1 22
23 0 1 23
24 0 1 24
25 0 1 25
26 0 1 26
27 0 1 27
28 0 1 28
29 0 1 29
30 0 1 30
31 0 1 31
32 0 1 32
33 0 1 33
34 0 1 34
35 0 1 35
36 0 1 36
37 0 1 37
38 0 1 38
39 0 1 39
40 0 1 40
41 0 1 41
42 0 1 42
43 1 1 2
44 1 1 3
45 1 1 4
46 1 1 5
47 1 1 6
48 1 1 7
49 1 1 8
50 1 1 9
51 1 1 10
52 1 1 11
53 1 1 12
54 1 1 13
55 1 1 14
56 1 1 15
57 1 1 16
58 1 1 17
59 1 1 18
60 1 1 19
61 1 1 20
62 1 1 21
63 1 1 22
64 1 1 23
65 1 1 24
66 1 1 25
67 1 1 26
68 1 1 27
69 1 1 28
70 1 1 29
71 1 1 30
72 1 1 31
73 1 1 32
74 1 1 33
75 1 1 34
76 1 1 35
77 1 1 36
78 1 1 37
79 1 1 38
80 1 1 39
81 1 1 40
82 1 1 41
83 1 1 42
84 2 1 4
85 2 1 5
86 2 1 6
87 2 1 7
88 2 1 8
89 2 1 9
90 2 1 10
91 2 1 11
92 2 1 12
93 2 1 13
94 2 1 14
95 2 1 15
96 2 1 16
97 2 1 17
98 2 1 18
99 2 1 19
100 2 1 20
101 2 1 21
102 2 1 22
103 2 1 23
104 2 1 24
105 2 1 25
106 2 1 26
107 2 1 27
108 2 1 28
109 2 1 29
110 2 1 30
111 2 1 31
112 2 1 32
113 2 1 33
114 2 1 34
115 2 1 35
116 2 1 36
117 2 1 37
118 2 1 38
119 2 1 39
120 2 1 40
121 2 1 41
122 2 1 42
123 3 1 6
124 3 1 7
125 3 1 8
126 3 1 9
127 3 1 10
128 3 1 11
129 3 1 12
130 3 1 13
131 3 1 14
132 3 1 15
133 3 1 16
134 3 1 17
135 3 1 18
136 3 1 19
137 3 1 20
138 3 1 21
139 3 1 22
140 3 1 23
141 3 1 24
142 3 1 25
143 3 1 26
144 3 1 27
145 3 1 28
146 3 1 29
147 3 1 30
148 3 1 31
149 3 1 32
150 3 1 33
151 3 1 34
152 3 1 35
153 3 1 36
154 3 1 37
155 3 1 38
156 3 1 39
157 3 1 40
158 3 1 41
159 3 1 42
160 4 1 8
161 4 1 9
162 4 1 10
163 4 1 11
164 4 1 12
165 4 1 13
166 4 1 14
167 4 1 15
168 4 1 16
169 4 1 17
170 4 1 18
171 4 1 19
172 4 1 20
173 4 1 21
174 4 1 22
175 4 1 23
176 4 1 24
177 4 1 25
178 4 1 26
179 4 1 27
180 4 1 28
181 4 1 29
182 4 1 30
183 4 1 31
184 4 1 32
185 4 1 33
186 4 1 34
187 4 1 35
188 4 1 36
189 4 1 37
190 4 1 38
191 4 1 39
192 4 1 40
193 4 1 41
194 4 1 42
195 5 1 10
196 5 1 11
197 5 1 12
198 5 1 13
199 5 1 14
200 5 1 15
201 5 1 16
202 5 1 17
203 5 1 18
204 5 1 19
205 5 1 20
206 5 1 21
207 5 1 22
208 5 1 23
209 5 1 24
210 5 1 25
211 5 1 26
212 5 1 27
213 5 1 28
214 5 1 29
215 5 1 30
216 5 1 31
217 5 1 32
218 5 1 33
219 5 1 34
220 5 1 35
221 5 1 36
222 5 1 37
223 5 1 38
224 5 1 39
225 5 1 40
226 5 1 41
227 5 1 42
228 6 1 12
229 6 1 13
230 6 1 14
231 6 1 15
232 6 1 16
233 6 1 17
234 6 1 18
235 6 1 19
236 6 1 20
237 6 1 21
238 6 1 22
239 6 1 23
240 6 1 24
241 6 1 25
242 6 1 26
243 6 1 27
244 6 1 28
245 6 1 29
246 6 1 30
247 6 1 31
248 6 1 32
249 6 1 33
250 6 1 34
251 6 1 35
252 6 1 36
253 6 1 37
254 6 1 38
255 6 1 39
256 6 1 40
257 6 1 41
258 6 1 42
259 7 1 14
260 7 1 15
261 7 1 16
262 7 1 17
263 7 1 18
264 7 1 19
265 7 1 20
266 7 1 21
267 7 1 22
268 7 1 23
269 7 1 24
270 7 1 25
271 7 1 26
272 7 1 27
273 7 1 28
274 7 1 29
275 7 1 30
276 7 1 31
277 7 1 32
278 7 1 33
279 7 1 34
280 7 1 35
281 7 1 36
282 7 1 37
283 7 1 38
284 7 1 39
285 7 1 40
286 7 1 41
287 7 1 42
288 8 1 16
289 8 1 17
290 8 1 18
291 8 1 19
292 8 1 20
293 8 1 21
294 8 1 22
295 8 1 23
296 8 1 24
297 8 1 25
298 8 1 26
299 8 1 27
300 8 1 28
301 8 1 29
302 8 1 30
303 8 1 31
304 8 1 32
305 8 1 33
306 8 1 34
307 8 1 35
308 8 1 36
309 8 1 37
310 8 1 38
311 8 1 39
312 8 1 40
313 8 1 41
314 8 1 42
315 9 1 18
316 9 1 19
317 9 1 20
318 9 1 21
319 9 1 22
320 9 1 23
321 9 1 24
322 9 1 25
323 9 1 26
324 9 1 27
325 9 1 28
326 9 1 29
327 9 1 30
328 9 1 31
329 9 1 32
330 9 1 33
331 9 1 34
332 9 1 35
333 9 1 36
334 9 1 37
335 9 1 38
336 9 1 39
337 9 1 40
338 9 1 41
339 9 1 42
340 10 1 20
341 10 1 21
342 10 1 22
343 10 1 23
344 10 1 24
345 10 1 25
346 10 1 26
347 10 1 27
348 10 1 28
349 10 1 29
350 10 1 30
351 10 1 31
352 10 1 32
353 10 1 33
354 10 1 34
355 10 1 35
356 10 1 36
357 10 1 37
358 10 1 38
359 10 1 39
360 10 1 40
361 10 1 41
362 10 1 42
363 11 1 22
364 11 1 23
365 11 1 24
366 11 1 25
367 11 1 26
368 11 1 27
369 11 1 28
370 11 1 29
371 11 1 30
372 11 1 31
373 11 1 32
374 11 1 33
375 11 1 34
376 11 1 35
377 11 1 36
378 11 1 37
379 11 1 38
380 11 1 39
381 11 1 40
382 11 1 41
383 11 1 42
384 12 1 24
385 12 1 25
386 12 1 26
387 12 1 27
388 12 1 28
389 12 1 29
390 12 1 30
391 12 1 31
392 12 1 32
393 12 1 33
394 12 1 34
395 12 1 35
396 12 1 36
397 12 1 37
398 12 1 38
399 12 1 39
400 12 1 40
401 12 1 41
402 12 1 42
403 13 1 26
404 13 1 27
405 13 1 28
406 13 1 29
407 13 1 30
408 13 1 31
409 13 1 32
410 13 1 33
411 13 1 34
412 13 1 35
413 13 1 36
414 13 1 37
415 13 1 38
416 13 1 39
417 13 1 40
418 13 1 41
419 13 1 42
420 14 1 28
421 14 1 29
422 14 1 30
423 14 1 31
424 14 1 32
425 14 1 33
426 14 1 34
427 14 1 35
428 14 1 36
429 14 1 37
430 14 1 38
431 14 1 39
432 14 1 40
433 14 1 41
434 14 1 42
435 15 1 30
436 15 1 31
437 15 1 32
438 15 1 33
439 15 1 34
440 15 1 35
441 15 1 36
442 15 1 37
443 15 1 38
444 15 1 39
445 15 1 40
446 15 1 41
447 15 1 42
448 16 1 32
449 16 1 33
450 16 1 34
451 16 1 35
452 16 1 36
453 16 1 37
454 16 1 38
455 16 1 39
456 16 1 40
457 16 1 41
458 16 1 42
459 17 1 34
460 17 1 35
461 17 1 36
462 17 1 37
463 17 1 38
464 17 1 39
465 17 1 40
466 17 1 41
467 17 1 42
468 18 1 36
469 18 1 37
470 18 1 38
471 18 1 39
472 18 1 40
473 18 1 41
474 18 1 42
475 19 1 38
476 19 1 39
477 19 1 40
478 19 1 41
479 19 1 42
480 20 1 40
481 20 1 41
482 20 1 42
483 21 1 42
484 22 1 44
485 21 256 43
486 21 256 44
487 20 1 43
488 20 1 44
489 19 256 43
490 19 256 44
491 18 1 43
492 18 1 44
493 17 256 43
494 17 256 44
495 16 1 43
496 16 1 44
497 15 256 43
498 15 256 44
499 14 1 43
500 14 1 44
501 13 256 43
502 13 256 44
503 12 1 43
504 12 1 44
505 11 256 43
506 11 256 44
507 10 1 43
508 10 1 44
509 9 256 43
510 9 256 44
511 8 1 43
512 8 1 44
513 23 1 46
514 22 256 45
515 22 256 46
516 21 1 45
517 21 1 46
518 20 256 45
519 20 256 46
520 19 1 45
521 19 1 46
522 18 256 45
523 18 256 46
524 17 1 45
525 17 1 46
526 16 256 45
527 16 256 46
528 15 1 45
529 15 1 46
530 14 256 45
531 14 256 46
532 13 1 45
533 13 1 46
534 12 256 45
535 12 256 46
536 11 1 45
537 11 1 46
538 10 256 45
539 10 256 46
540 9 1 45
541 24 1 48
542 23 256 47
543 23 256 48
544 22 1 47
545 22 1 48
546 21 256 47
547 21 256 48
548 20 1 47
549 20 1 48
550 19 256 47
551 19 256 48
552 18 1 47
553 18 1 48
554 17 256 47
555 17 256 48
556 16 1 47
557 16 1 48
558 15 256 47
559 15 256 48
560 14 1 47
561 14 1 48
562 13 256 47
563 13 256 48
564 12 1 47
565 12 1 48
566 11 256 47
567 11 256 48
568 25 1 50
569 24 256 49
570 24 256 50
571 23 1 49
572 23 1 50
573 22 256 49
574 22 256 50
575 21 1 49
576 21 1 50
577 20 256 49
578 20 256 50
579 19 1 49
580 19 1 50
581 18 256 49
582 18 256 50
583 17 1 49
584 17 1 50
585 16 256 49
586 16 256 50
587 15 1 49
588 15 1 50
589 14 256 49
590 14 256 50
591 13 1 49
592 13 1 50
593 12 256 49
594 26 1 52
595 25 256 51
596 25 256 52
597 24 1 51
598 24 1 52
599 23 256 51
600 23 256 52
601 22 1 51
602 22 1 52
603 21 256 51
604 21 256 52
605 20 1 51
606 20 1 52
607 19 256 51
608 19 256 52
609 18 1 51
610 18 1 52
611 17 256 51
612 17 256 52
613 16 1 51
614 16 1 52
615 15 256 51
616 15 256 52
617 14 1 51
618 14 1 52
619 27 1 54
620 26 256 53
621 26 256 54
622 25 1 53
623 25 1 54
624 24 256 53
625 24 256 54
626 23 1 53
627 23 1 54
628 22 256 53
629 22 256 54
630 21 1 53
631 21 1 54
632 20 256 53
633 20 256 54
634 19 1 53
635 19 1 54
636 18 256 53
637 18 256 54
638 17 1 53
639 17 1 54
640 16 256 53
641 16 256 54
642 15 1 53
643 28 1 56
644 27 256 55
645 27 256 56
646 26 1 55
647 26 1 56
648 25 256 55
649 25 256 56
650 24 1 55
651 24 1 56
652 23 256 55
653 23 256 56
654 22 1 55
655 22 1 56
656 21 256 55
657 21 256 56
658 20 1 55
659 20 1 56
660 19 256 55
661 19 256 56
662 18 1 55
663 18 1 56
664 17 256 55
665 17 256 56
666 29 1 58
667 28 256 57
668 28 256 58
669 27 1 57
670 27 1 58
671 26 256 57
672 26 256 58
673 25 1 57
674 25 1 58
675 24 256 57
676 24 256 58
677 23 1 57
678 23 1 58
679 22 256 57
680 22 256 58
681 21 1 57
682 21 1 58
683 20 256 57
684 20 256 58
685 19 1 57
686 19 1 58
687 18 256 57
688 30 1 60
689 29 256 59
690 29 256 60
691 28 1 59
692 28 1 60
693 27 256 59
694 27 256 60
695 26 1 59
696 26 1 60
697 25 256 59
698 25 256 60
699 24 1 59
700 24 1 60
701 23 256 59
702 23 256 60
703 22 1 59
704 22 1 60
705 21 256 59
706 21 256 60
707 20 1 59
708 20 1 60
709 31 1 62
710 30 256 61
711 30 256 62
712 29 1 61
713 29 1 62
714 28 256 61
715 28 256 62
716 27 1 61
717 27 1 62
718 26 256 61
719 26 256 62
720 25 1 61
721 25 1 62
722 24 256 61
723 24 256 62
724 23 1 61
725 23 1 62
726 22 256 61
727 22 256 62
728 21 1 61
729 32 1 64
730 31 256 63
731 31 256 64
732 30 1 63
733 30 1 64
734 29 256 63
735 29 256 64
736 28 1 63
737 28 1 64
738 27 256 63
739 27 256 64
740 26 1 63
741 26 1 64
742 25 256 63
743 25 256 64
744 24 1 63
745 24 1 64
746 23 256 63
747 23 256 64
748 33 1 66
749 32 256 65
750 32 256 66
751 31 1 65
752 31 1 66
753 30 256 65
754 30 256 66
755 29 1 65
756 29 1 66
757 28 256 65
758 28 256 66
759 27 1 65
760 27 1 66
761 26 256 65
762 26 256 66
763 25 1 65
764 25 1 66
765 24 256 65
766 34 1 68
767 33 256 67
768 33 256 68
769 32 1 67
770 32 1 68
771 31 256 67
772 31 256 68
773 30 1 67
774 30 1 68
775 29 256 67
776 29 256 68
777 28 1 67
778 28 1 68
779 27 256 67
780 27 256 68
781 26 1 67
782 26 1 68
783 35 1 70
784 34 256 69
785 34 256 70
786 33 1 69
787 33 1 70
788 32 256 69
789 32 256 70
790 31 1 69
791 31 1 70
792 30 256 69
793 30 256 70
794 29 1 69
795 29 1 70
796 28 256 69
797 28 256 70
798 27 1 69
799 36 1 72
800 35 256 71
801 35 256 72
802 34 1 71
803 34 1 72
804 33 256 71
805 33 256 72
806 32 1 71
807 32 1 72
808 31 256 71
809 31 256 72
810 30 1 71
811 30 1 72
812 29 256 71
813 29 256 72
814 37 1 74
815 36 256 73
816 36 256 74
817 35 1 73
818 35 1 74
819 34 256 73
820 34 256 74
821 33 1 73
822 33 1 74
823 32 256 73
824 32 256 74
825 31 1 73
826 31 1 74
827 30 256 73
828 38 1 76
829 37 256 75
830 37 256 76
831 36 1 75
832 36 1 76
833 35 256 75
834 35 256 76
835 34 1 75
836 34 1 76
837 33 256 75
838 33 256 76
839 32 1 75
840 32 1 76
841 39 1 78
842 38 256 77
843 38 256 78
844 37 1 77
845 37 1 78
846 36 256 77
847 36 256 78
848 35 1 77
849 35 1 78
850 34 256 77
851 34 256 78
852 33 1 77
853 40 1 80
854 39 256 79
855 39 256 80
856 38 1 79
857 38 1 80
858 37 256 79
859 37 256 80
860 36 1 79
861 36 1 80
862 35 256 79
863 35 256 80
864 41 1 82
865 40 256 81
866 40 256 82
867 39 1 81
868 39 1 82
869 38 256 81
870 38 256 82
871 37 1 81
872 37 1 82
873 36 256 81
874 42 1 84
875 41 256 83
876 41 256 84
877 40 1 83
878 40 1 84
879 39 256 83
880 39 256 84
881 38 1 83
882 38 1 84
883 43 1 86
884 42 256 85
885 42 256 86
886 41 1 85
887 41 1 86
888 40 256 85
889 40 256 86
890 39 1 85
891 44 1 88
892 43 256 87
893 43 256 88
894 42 1 87
895 42 1 88
896 41 256 87
897 41 256 88
898 45 1 90
899 44 256 89
900 44 256 90
901 43 1 89
902 43 1 90
903 42 256 89
904 46 1 92
905 45 256 91
906 45 256 92
907 44 1 91
908 44 1 92
909 47 1 94
910 46 256 93
911 46 256 94
912 45 1 93
913 48 1 96
914 47 256 95
915 47 256 96
916 49 1 98
917 48 256 97
918 50 1 100
919 51 76 102
920 49 92 99
921 48 55 98
922 46 26 95
923 45 77 94
924 43 242 91
925 42 5 90
926 40 236 87
927 39 7 86
928 37 22 83
929 36 164 82
930 34 185 79
931 33 24 78
932 31 2 75
933 30 85 74
934 28 157 71
935 27 119 70
936 25 117 67
937 24 218 66
938 22 61 63
939 21 151 62
940 19 34 59
941 18 160 58
942 52 76 104
943 50 92 101
944 49 55 100
945 47 26 97
946 46 77 96
947 44 242 93
948 43 5 92
949 41 236 89
950 40 7 88
951 38 22 85
952 37 164 84
953 35 185 81
954 34 24 80
955 32 2 77
956 31 85 76
957 29 157 73
958 28 119 72
959 26 117 69
960 25 218 68
961 23 61 65
962 22 151 64
963 20 34 61
964 53 76 106
965 51 92 103
966 50 55 102
967 48 26 99
968 47 77 98
969 45 242 95
970 44 5 94
971 42 236 91
972 41 7 90
973 39 22 87
974 38 164 86
975 36 185 83
976 35 24 82
977 33 2 79
978 32 85 78
979 30 157 75
980 29 119 74
981 27 117 71
982 26 218 70
983 24 61 67
984 23 151 66
985 54 76 108
986 52 92 105
987 51 55 104
988 49 26 101
989 48 77 100
990 46 242 97
991 45 5 96
992 43 236 93
993 42 7 92
994 40 22 89
995 39 164 88
996 37 185 85
997 36 24 84
998 34 2 81
999 33 85 80
1000 31 157 77
1001 30 119 76
1002 28 117 73
1003 27 218 72
1004 25 61 69
1005 55 76 110
1006 53 92 107
1007 52 55 106
1008 50 26 103
1009 49 77 102
1010 47 242 99
1011 46 5 98
1012 44 236 95
1013 43 7 94
1014 41 22 91
1015 40 164 90
1016 38 185 87
1017 37 24 86
1018 35 2 83
1019 34 85 82
1020 32 157 79
1021 31 119 78
1022 29 117 75
1023 28 218 74
1024 56 76 112
1025 54 92 109
1026 53 55 108
1027 51 26 105
1028 50 77 104
1029 48 242 101
1030 47 5 100
1031 45 236 97
1032 44 7 96
1033 42 22 93
1034 41 164 92
1035 39 185 89
1036 38 24 88
1037 36 2 85
1038 35 85 84
1039 33 157 81
1040 32 119 80
1041 30 117 77
1042 57 76 114
1043 55 92 111
1044 54 55 110
1045 52 26 107
1046 51 77 106
1047 49 242 103
1048 48 5 102
1049 46 236 99
1050 45 7 98
1051 43 22 95
1052 42 164 94
1053 40 185 91
1054 39 24 90
1055 37 2 87
1056 36 85 86
1057 34 157 83
1058 33 119 82
1059 58 76 116
1060 56 92 113
1061 55 55 112
1062 53 26 109
1063 52 77 108
1064 50 242 105
1065 49 5 104
1066 47 236 101
1067 46 7 100
1068 44 22 97
1069 43 164 96
1070 41 185 93
1071 40 24 92
1072 38 2 89
1073 37 85 88
1074 35 157 85
1075 59 76 118
1076 57 92 115
1077 56 55 114
1078 54 26 111
1079 53 77 110
1080 51 242 107
1081 50 5 106
1082 48 236 103
1083 47 7 102
1084 45 22 99
1085 44 164 98
1086 42 185 95
1087 41 24 94
1088 39 2 91
1089 38 85 90
1090 60 76 120
1091 58 92 117
1092 57 55 116
1093 55 26 113
1094 54 77 112
1095 52 242 109
1096 51 5 108
1097 49 236 105
1098 48 7 104
1099 46 22 101
1100 45 164 100
1101 43 185 97
1102 42 24 96
1103 40 2 93
1104 61 76 122
1105 59 92 119
1106 58 55 118
1107 56 26 115
1108 55 77 114
1109 53 242 111
1110 52 5 110
1111 50 236 107
1112 49 7 106
1113 47 22 103
1114 46 164 102
1115 44 185 99
1116 43 24 98
1117 62 76 124
1118 60 92 121
1119 59 55 120
1120 57 26 117
1121 56 77 116
1122 54 242 113
1123 53 5 112
1124 51 236 109
1125 50 7 108
1126 48 22 105
1127 47 164 104
1128 45 185 101
1129 63 76 126
1130 61 92 123
1131 60 55 122
1132 58 26 119
1133 57 77 118
1134 55 242 115
1135 54 5 114
1136 52 236 111
1137 51 7 110
1138 49 22 107
1139 48 164 106
1140 64 76 128
1141 62 92 125
1142 61 55 124
1143 59 26 121
1144 58 77 120
1145 56 242 117
1146 55 5 116
1147 53 236 113
1148 52 7 112
1149 50 22 109
1150 65 76 130
1151 63 92 127
1152 62 55 126
1153 60 26 123
1154 59 77 122
1155 57 242 119
1156 56 5 118
1157 54 236 115
1158 53 7 114
1159 66 76 132
1160 64 92 129
1161 63 55 128
1162 61 26 125
1163 60 77 124
1164 58 242 121
1165 57 5 120
1166 55 236 117
1167 67 76 134
1168 65 92 131
1169 64 55 130
1170 62 26 127
1171 61 77 126
1172 59 242 123
1173 58 5 122
1174 68 76 136
1175 66 92 133
1176 65 55 132
1177 63 26 129
1178 62 77 128
1179 60 242 125
1180 69 76 138
1181 67 92 135
1182 66 55 134
1183 64 26 131
1184 63 77 130
1185 70 76 140
1186 68 92 137
1187 67 55 136
1188 65 26 133
1189 71 76 142
1190 69 92 139
1191 68 55 138
1192 72 76 144
1193 70 92 141
1194 73 76 146
1195 74 94 148
1196 71 44 143
1197 69 181 140
1198 66 123 135
1199 64 138 132
1200 61 81 127
1201 59 47 124
1202 56 22 119
1203 54 219 116
1204 51 190 111
1205 49 69 108
1206 46 169 103
1207 44 152 100
1208 41 11 95
1209 39 238 92
1210 36 95 87
1211 34 163 84
1212 31 213 79
1213 75 94 150
1214 72 44 145
1215 70 181 142
1216 67 123 137
1217 65 138 134
1218 62 81 129
1219 60 47 126
1220 57 22 121
1221 55 219 118
1222 52 190 113
1223 50 69 110
1224 47 169 105
1225 45 152 102
1226 42 11 97
1227 40 238 94
1228 37 95 89
1229 35 163 86
1230 76 94 152
1231 73 44 147
1232 71 181 144
1233 68 123 139
1234 66 138 136
1235 63 81 131
1236 61 47 128
1237 58 22 123
1238 56 219 120
1239 53 190 115
1240 51 69 112
1241 48 169 107
1242 46 152 104
1243 43 11 99
1244 41 238 96
1245 38 95 91
1246 77 94 154
1247 74 44 149
1248 72 181 146
1249 69 123 141
1250 67 138 138
1251 64 81 133
1252 62 47 130
1253 59 22 125
1254 57 219 122
1255 54 190 117
1256 52 69 114
1257 49 169 109
1258 47 152 106
1259 44 11 101
1260 42 238 98
1261 78 94 156
1262 75 44 151
1263 73 181 148
1264 70 123 143
1265 68 138 140
1266 65 81 135
1267 63 47 132
1268 60 22 127
1269 58 219 124
1270 55 190 119
1271 53 69 116
1272 50 169 111
1273 48 152 108
1274 45 11 103
1275 79 94 158
1276 76 44 153
1277 74 181 150
1278 71 123 145
1279 69 138 142
1280 66 81 137
1281 64 47 134
1282 61 22 129
1283 59 219 126
1284 56 190 121
1285 54 69 118
1286 51 169 113
1287 49 152 110
1288 80 94 160
1289 77 44 155
1290 75 181 152
1291 72 123 147
1292 70 138 144
1293 67 81 139
1294 65 47 136
1295 62 22 131
1296 60 219 128
1297 57 190 123
1298 55 69 120
1299 52 169 115
1300 81 94 162
1301 78 44 157
1302 76 181 154
1303 73 123 149
1304 71 138 146
1305 68 81 141
1306 66 47 138
1307 63 22 133
1308 61 219 130
1309 58 190 125
1310 56 69 122
1311 82 94 164
1312 79 44 159
1313 77 181 156
1314 74 123 151
1315 72 138 148
1316 69 81 143
1317 67 47 140
1318 64 22 135
1319 62 219 132
1320 59 190 127
1321 83 94 166
1322 80 44 161
1323 78 181 158
1324 75 123 153
1325 73 138 150
1326 70 81 145
1327 68 47 142
1328 65 22 137
1329 63 219 134
1330 84 94 168
1331 81 44 163
1332 79 181 160
1333 76 123 155
1334 74 138 152
1335 71 81 147
1336 69 47 144
1337 66 22 139
1338 85 94 170
1339 82 44 165
1340 80 181 162
1341 77 123 157
1342 75 138 154
1343 72 81 149
1344 70 47 146
1345 86 94 172
1346 83 44 167
1347 81 181 164
1348 78 123 159
1349 76 138 156
1350 73 81 151
1351 87 94 174
1352 84 44 169
1353 82 181 166
1354 79 123 161
1355 77 138 158
1356 88 94 176
1357 85 44 171
1358 83 181 168
1359 80 123 163
1360 89 94 178
1361 86 44 173
1362 84 181 170
1363 90 94 180
1364 87 44 175
1365 91 94 182
1366 92 106 184
1367 88 37 177
1368 85 94 172
1369 81 91 165
1370 78 127 160
1371 74 71 153
1372 71 229 148
1373 67 126 141
1374 64 77 136
1375 60 39 129
1376 57 238 124
1377 53 214 117
1378 50 245 112
1379 46 54 105
1380 43 33 100
1381 93 106 186
1382 89 37 179
1383 86 94 174
1384 82 91 167
1385 79 127 162
1386 75 71 155
1387 72 229 150
1388 68 126 143
1389 65 77 138
1390 61 39 131
1391 58 238 126
1392 54 214 119
1393 51 245 114
1394 47 54 107
1395 94 106 188
1396 90 37 181
1397 87 94 176
1398 83 91 169
1399 80 127 164
1400 76 71 157
1401 73 229 152
1402 69 126 145
1403 66 77 140
1404 62 39 133
1405 59 238 128
1406 55 214 121
1407 52 245 116
1408 95 106 190
1409 91 37 183
1410 88 94 178
1411 84 91 171
1412 81 127 166
1413 77 71 159
1414 74 229 154
1415 70 126 147
1416 67 77 142
1417 63 39 135
1418 60 238 130
1419 56 214 123
1420 96 106 192
1421 92 37 185
1422 89 94 180
1423 85 91 173
1424 82 127 168
1425 78 71 161
1426 75 229 156
1427 71 126 149
1428 68 77 144
1429 64 39 137
1430 61 238 132
1431 97 106 194
1432 93 37 187
1433 90 94 182
1434 86 91 175
1435 83 127 170
1436 79 71 163
1437 76 229 158
1438 72 126 151
1439 69 77 146
1440 65 39 139
1441 98 106 196
1442 94 37 189
1443 91 94 184
1444 87 91 177
1445 84 127 172
1446 80 71 165
1447 77 229 160
1448 73 126 153
1449 70 77 148
1450 99 106 198
1451 95 37 191
1452 92 94 186
1453 88 91 179
1454 85 127 174
1455 81 71 167
1456 78 229 162
1457 74 126 155
1458 100 106 200
1459 96 37 193
1460 93 94 188
1461 89 91 181
1462 86 127 176
1463 82 71 169
1464 79 229 164
1465 101 106 202
1466 97 37 195
1467 94 94 190
1468 90 91 183
1469 87 127 178
1470 83 71 171
1471 102 106 204
1472 98 37 197
1473 95 94 192
1474 91 91 185
1475 88 127 180
1476 103 106 206
1477 99 37 199
1478 96 94 194
1479 92 91 187
1480 104 106 208
1481 100 37 201
1482 97 94 196
1483 105 106 210
1484 101 37 203
1485 106 106 212
1486 0 256 43
1487 1 4 43
1488 2 241 43
1489 3 64 43
1490 4 1 43
1491 5 253 43
1492 6 16 43
1493 7 193 43
1494 0 145 44
1495 1 63 44
1496 2 32 44
1497 3 254 44
1498 4 194 44
1499 5 189 44
1500 6 190 44
1501 7 249 44
1502 0 256 45
1503 0 256 46
1504 9 254 46
1505 0 1 47
1506 10 248 47
1507 0 256 48
1508 0 256 49
1509 0 256 50
1510 12 108 50
1511 0 1 51
1512 13 67 51
1513 0 256 52
1514 0 256 53
1515 0 256 54
1516 15 224 54
1517 0 1 55
1518 16 158 55
1519 0 256 56
1520 0 256 57
1521 0 256 58
1522 1 256 45
1523 2 4 45
1524 3 241 45
1525 4 64 45
1526 5 1 45
1527 6 253 45
1528 7 16 45
1529 8 193 45
1530 1 145 46
1531 2 63 46
1532 3 32 46
1533 4 254 46
1534 5 194 46
1535 6 189 46
1536 7 190 46
1537 8 249 46
1538 1 256 47
1539 1 256 48
1540 10 254 48
1541 1 1 49
1542 11 248 49
1543 1 256 50
1544 1 256 51
1545 1 256 52
1546 13 108 52
1547 1 1 53
1548 14 67 53
1549 1 256 54
1550 1 256 55
1551 1 256 56
1552 16 224 56
1553 1 1 57
1554 17 158 57
1555 1 256 58
1556 1 256 59
1557 2 256 47
1558 3 4 47
1559 4 241 47
1560 5 64 47
1561 6 1 47
1562 7 253 47
1563 8 16 47
1564 9 193 47
1565 2 145 48
1566 3 63 48
1567 4 32 48
1568 5 254 48
1569 6 194 48
1570 7 189 48
1571 8 190 48
1572 9 249 48
1573 2 256 49
1574 2 256 50
1575 11 254 50
1576 2 1 51
1577 12 248 51
1578 2 256 52
1579 2 256 53
1580 2 256 54
1581 14 108 54
1582 2 1 55
1583 15 67 55
1584 2 256 56
1585 2 256 57
1586 2 256 58
1587 17 224 58
1588 0 241 59
1589 2 256 59
1590 2 256 60
1591 3 256 49
1592 4 4 49
1593 5 241 49
1594 6 64 49
1595 7 1 49
1596 8 253 49
1597 9 16 49
1598 10 193 49
1599 3 145 50
1600 4 63 50
1601 5 32 50
1602 6 254 50
1603 7 194 50
1604 8 189 50
1605 9 190 50
1606 10 249 50
1607 3 256 51
1608 3 256 52
1609 12 254 52
1610 3 1 53
1611 13 248 53
1612 3 256 54
1613 3 256 55
1614 3 256 56
1615 15 108 56
1616 3 1 57
1617 16 67 57
1618 3 256 58
1619 3 256 59
1620 18 108 59
1621 0 179 60
1622 3 256 60
1623 19 151 60
1624 4 256 51
1625 5 4 51
1626 6 241 51
1627 7 64 51
1628 8 1 51
1629 9 253 51
1630 10 16 51
1631 11 193 51
1632 4 145 52
1633 5 63 52
1634 6 32 52
1635 7 254 52
1636 8 194 52
1637 9 189 52
1638 10 190 52
1639 11 249 52
1640 4 256 53
1641 4 256 54
1642 13 254 54
1643 4 1 55
1644 14 248 55
1645 4 256 56
1646 4 256 57
1647 4 256 58
1648 16 108 58
1649 4 1 59
1650 17 67 59
1651 1 144 60
1652 4 65 60
1653 18 223 60
1654 3 39 61
1655 4 1 61
1656 5 256 53
1657 6 4 53
1658 7 241 53
1659 8 64 53
1660 9 1 53
1661 10 253 53
1662 11 16 53
1663 12 193 53
1664 5 145 54
1665 6 63 54
1666 7 32 54
1667 8 254 54
1668 9 194 54
1669 10 189 54
1670 11 190 54
1671 12 249 54
1672 5 256 55
1673 5 256 56
1674 14 254 56
1675 5 1 57
1676 15 248 57
1677 5 256 58
1678 5 256 59
1679 5 256 60
1680 17 108 60
1681 0 33 61
1682 1 25 61
1683 2 221 61
1684 5 256 61
1685 4 176 62
1686 5 1 62
1687 6 256 55
1688 7 4 55
1689 8 241 55
1690 9 64 55
1691 10 1 55
1692 11 253 55
1693 12 16 55
1694 13 193 55
1695 6 145 56
1696 7 63 56
1697 8 32 56
1698 9 254 56
1699 10 194 56
1700 11 189 56
1701 12 190 56
1702 13 249 56
1703 6 256 57
1704 6 256 58
1705 15 254 58
1706 6 1 59
1707 16 248 59
1708 6 256 60
1709 6 256 61
1710 18 111 61
1711 19 249 61
1712 0 26 62
1713 2 112 62
1714 6 256 62
1715 20 40 62
1716 6 1 63
1717 7 256 57
1718 8 4 57
1719 9 241 57
1720 10 64 57
1721 11 1 57
1722 12 253 57
1723 13 16 57
1724 14 193 57
1725 7 145 58
1726 8 63 58
1727 9 32 58
1728 10 254 58
1729 11 194 58
1730 12 189 58
1731 13 190 58
1732 14 249 58
1733 7 256 59
1734 7 256 60
1735 16 254 60
1736 7 1 61
1737 17 248 61
1738 1 162 62
1739 3 79 62
1740 7 32 62
1741 18 213 62
1742 19 57 62
1743 5 159 63
1744 7 1 63
1745 21 247 63
1746 8 256 59
1747 9 4 59
1748 10 241 59
1749 11 64 59
1750 12 1 59
1751 13 253 59
1752 14 16 59
1753 15 193 59
1754 8 145 60
1755 9 63 60
1756 10 32 60
1757 11 254 60
1758 12 194 60
1759 13 189 60
1760 14 190 60
1761 15 249 60
1762 8 256 61
1763 8 256 62
1764 17 254 62
1765 0 189 63
1766 1 95 63
1767 2 22 63
1768 3 154 63
1769 4 220 63
1770 8 256 63
1771 6 137 64
1772 7 48 64
1773 8 256 64
1774 9 256 61
1775 10 4 61
1776 11 241 61
1777 12 64 61
1778 13 1 61
1779 14 253 61
1780 15 16 61
1781 16 193 61
1782 9 145 62
1783 10 63 62
1784 11 32 62
1785 12 254 62
1786 13 194 62
1787 14 189 62
1788 15 190 62
1789 16 249 62
1790 9 256 63
1791 18 201 63
1792 19 163 63
1793 20 200 63
1794 0 79 64
1795 2 134 64
1796 4 168 64
1797 9 256 64
1798 21 21 64
1799 8 31 65
1800 9 256 65
1801 10 256 63
1802 11 4 63
1803 12 241 63
1804 13 64 63
1805 14 1 63
1806 15 253 63
1807 16 16 63
1808 17 193 63
1809 1 28 64
1810 3 33 64
1811 5 198 64
1812 10 146 64
1813 11 62 64
1814 12 9 64
1815 13 193 64
1816 14 87 64
1817 15 239 64
1818 16 210 64
1819 17 13 64
1820 18 119 64
1821 19 25 64
1822 20 34 64
1823 7 88 65
1824 10 1 65
1825 22 191 65
1826 10 256 66
1827 0 126 65
1828 1 73 65
1829 2 198 65
1830 3 120 65
1831 4 140 65
1832 5 116 65
1833 6 154 65
1834 11 56 65
1835 12 226 65
1836 13 79 65
1837 14 234 65
1838 15 248 65
1839 16 31 65
1840 17 239 65
1841 18 35 65
1842 19 200 65
1843 20 153 65
1844 21 142 65
1845 0 37 66
1846 1 166 66
1847 2 132 66
1848 8 103 66
1849 9 130 66
1850 11 256 66
1851 11 256 67
1852 3 102 66
1853 4 229 66
1854 5 248 66
1855 6 29 66
1856 7 158 66
1857 12 98 66
1858 13 36 66
1859 14 180 66
1860 15 99 66
1861 16 36 66
1862 17 115 66
1863 18 51 66
1864 19 231 66
1865 20 254 66
1866 21 195 66
1867 22 38 66
1868 0 33 67
1869 1 76 67
1870 2 212 67
1871 3 56 67
1872 10 51 67
1873 12 212 67
1874 23 189 67
1875 12 256 68
1876 4 116 67
1877 5 4 67
1878 6 15 67
1879 7 107 67
1880 8 170 67
1881 9 201 67
1882 13 234 67
1883 14 32 67
1884 15 90 67
1885 16 105 67
1886 17 113 67
1887 18 145 67
1888 19 96 67
1889 20 199 67
1890 21 249 67
1891 22 224 67
1892 0 150 68
1893 1 237 68
1894 2 134 68
1895 3 170 68
1896 10 66 68
1897 13 256 68
1898 24 114 68
1899 4 86 68
1900 5 105 68
1901 6 101 68
1902 7 100 68
1903 8 237 68
1904 9 247 68
1905 11 97 68
1906 14 253 68
1907 15 146 68
1908 16 112 68
1909 17 103 68
1910 18 177 68
1911 19 75 68
1912 20 75 68
1913 21 146 68
1914 22 149 68
1915 23 114 68
1916 0 167 69
1917 1 112 69
1918 2 170 69
1919 13 56 69
1920 14 1 69
1921 3 96 69
1922 4 214 69
1923 5 98 69
1924 6 186 69
1925 7 195 69
1926 8 71 69
1927 9 171 69
1928 10 114 69
1929 11 74 69
1930 12 95 69
1931 15 162 69
1932 16 136 69
1933 17 82 69
1934 18 37 69
1935 19 122 69
1936 20 63 69
1937 21 119 69
1938 22 10 69
1939 24 244 69
1940 14 3 70
1941 15 1 70
1942 23 113 69
1943 0 55 70
1944 1 51 70
1945 2 29 70
1946 3 63 70
1947 4 25 70
1948 5 118 70
1949 6 175 70
1950 7 163 70
1951 8 193 70
1952 9 127 70
1953 10 113 70
1954 11 34 70
1955 12 256 70
1956 13 6 70
1957 16 199 70
1958 17 69 70
1959 18 248 70
1960 25 93 70
1961 16 1 71
1962 19 256 70
1963 20 85 70
1964 21 256 70
1965 22 176 70
1966 23 50 70
1967 24 161 70
1968 0 203 71
1969 1 83 71
1970 2 205 71
1971 3 185 71
1972 4 248 71
1973 5 225 71
1974 6 221 71
1975 7 194 71
1976 8 36 71
1977 9 202 71
1978 15 130 71
1979 17 1 71
1980 26 235 71
1981 10 111 71
1982 11 252 71
1983 12 250 71
1984 13 206 71
1985 14 177 71
1986 18 223 71
1987 19 119 71
1988 20 101 71
1989 21 102 71
1990 22 70 71
1991 23 180 71
1992 24 242 71
1993 25 48 71
1994 0 218 72
1995 1 249 72
1996 16 226 72
1997 17 131 72
1998 18 256 72
1999 2 34 72
2000 3 117 72
2001 4 256 72
2002 5 152 72
2003 6 220 72
2004 8 10 72
2005 9 139 72
2006 10 224 72
2007 11 105 72
2008 12 134 72
2009 13 19 72
2010 14 112 72
2011 15 36 72
2012 19 256 72
2013 26 9 72
2014 18 73 73
2015 19 256 73
2016 20 198 72
2017 21 88 72
2018 22 173 72
2019 23 230 72
2020 24 80 72
2021 25 249 72
2022 0 134 73
2023 1 164 73
2024 2 80 73
2025 3 7 73
2026 4 197 73
2027 5 96 73
2028 17 86 73
2029 20 1 73
2030 27 223 73
2031 20 256 74
2032 11 146 73
2033 12 44 73
2034 13 122 73
2035 14 203 73
2036 15 146 73
2037 16 22 73
2038 21 117 73
2039 22 49 73
2040 23 178 73
2041 24 156 73
2042 26 34 73
2043 18 238 74
2044 19 99 74
2045 21 256 74
2046 21 256 75
2047 25 163 73
2048 0 75 74
2049 1 15 74
2050 2 159 74
2051 3 56 74
2052 4 89 74
2053 14 55 74
2054 15 102 74
2055 16 87 74
2056 22 256 74
2057 27 152 74
2058 20 232 75
2059 22 256 75
2060 22 256 76
2061 17 118 74
2062 23 147 74
2063 24 59 74
2064 25 107 74
2065 26 124 74
2066 0 191 75
2067 1 76 75
2068 2 69 75
2069 19 188 75
2070 23 1 75
2071 28 207 75
2072 23 256 76
2073 29 150 76
2074 3 240 75
2075 17 5 75
2076 18 255 75
2077 24 188 75
2078 25 53 75
2079 26 98 75
2080 27 105 75
2081 20 168 76
2082 21 254 76
2083 24 256 76
2084 23 98 77
2085 24 1 77
2086 0 91 76
2087 1 210 76
2088 2 228 76
2089 18 107 76
2090 19 154 76
2091 25 256 76
2092 28 29 76
2093 22 72 77
2094 25 256 77
2095 24 205 78
2096 25 1 78
2097 26 172 76
2098 27 164 76
2099 0 139 77
2100 1 82 77
2101 21 227 77
2102 26 1 77
2103 29 156 77
2104 26 256 78
2105 30 106 78
2106 26 1 79
2107 20 143 77
2108 27 193 77
2109 28 16 77
2110 22 14 78
2111 23 208 78
2112 27 256 78
2113 25 78 79
2114 27 1 79
2115 27 1 80
2116 0 163 78
2117 28 256 78
2118 29 210 78
2119 24 203 79
2120 28 256 79
2121 26 116 80
2122 28 1 80
2123 28 1 81
2124 23 193 79
2125 29 1 79
2126 30 220 79
2127 29 256 80
2128 31 77 80
2129 29 1 81
2130 32 21 81
2131 25 154 80
2132 30 256 80
2133 27 185 81
2134 30 1 81
2135 29 58 82
2136 30 256 82
2137 31 256 81
2138 28 2 82
2139 31 1 82
2140 30 110 83
2141 31 256 83
2142 32 1 82
2143 32 1 83
2144 33 90 83
2145 32 256 84
2146 31 121 84
2147 33 256 84
2148 33 256 85
2149 34 256 85
2150 34 256 86
2151 35 256 87
2152 36 16 88
2153 35 8 88
2154 34 253 87
2155 33 2 86
2156 32 256 85
2157 31 128 85
2158 30 193 84
2159 29 32 83
2160 28 16 83
2161 27 249 82
2162 26 4 81
2163 25 2 81
2164 24 256 80
2165 23 128 80
2166 22 193 79
2167 21 32 78
2168 20 16 78
2169 19 249 77
2170 18 253 77
2171 17 2 76
2172 16 256 75
2173 15 128 75
2174 14 64 75
2175 13 225 74
2176 12 241 74
2177 11 249 74
2178 10 4 73
2179 9 2 73
2180 8 1 73
2181 7 128 72
2182 37 16 90
2183 36 249 89
2184 35 253 89
2185 34 2 88
2186 33 256 87
2187 32 129 86
2188 31 193 86
2189 30 32 85
2190 29 241 84
2191 28 249 84
2192 27 4 83
2193 26 255 82
2194 25 256 82
2195 24 129 81
2196 23 193 81
2197 22 32 80
2198 21 241 79
2199 20 249 79
2200 19 4 78
2201 18 2 78
2202 17 256 77
2203 16 129 76
2204 15 193 76
2205 14 225 76
2206 13 16 75
2207 12 8 75
2208 11 4 75
2209 10 255 74
2210 9 256 74
2211 38 16 92
2212 37 249 91
2213 36 4 90
2214 35 2 90
2215 34 256 89
2216 33 129 88
2217 32 64 87
2218 31 32 87
2219 30 241 86
2220 29 8 85
2221 28 4 85
2222 27 255 84
2223 26 1 83
2224 25 129 83
2225 24 64 82
2226 23 32 82
2227 22 241 81
2228 21 8 80
2229 20 4 80
2230 19 255 79
2231 18 256 79
2232 17 129 78
2233 16 64 77
2234 15 32 77
2235 14 16 77
2236 13 249 76
2237 12 253 76
2238 11 255 76
2239 39 241 93
2240 38 249 93
2241 37 4 92
2242 36 255 91
2243 35 256 91
2244 34 129 90
2245 33 64 89
2246 32 225 88
2247 31 241 88
2248 30 8 87
2249 29 253 86
2250 28 255 86
2251 27 1 85
2252 26 128 84
2253 25 64 84
2254 24 225 83
2255 23 241 83
2256 22 8 82
2257 21 253 81
2258 20 255 81
2259 19 1 80
2260 18 129 80
2261 17 64 79
2262 16 225 78
2263 15 241 78
2264 14 249 78
2265 13 4 77
2266 40 241 95
2267 39 8 94
2268 38 4 94
2269 37 255 93
2270 36 1 92
2271 35 129 92
2272 34 64 91
2273 33 225 90
2274 32 16 89
2275 31 8 89
2276 30 253 88
2277 29 2 87
2278 28 1 87
2279 27 128 86
2280 26 193 85
2281 25 225 85
2282 24 16 84
2283 23 8 84
2284 22 253 83
2285 21 2 82
2286 20 1 82
2287 19 128 81
2288 18 64 81
2289 17 225 80
2290 16 16 79
2291 15 8 79
2292 41 241 97
2293 40 8 96
2294 39 253 95
2295 38 255 95
2296 37 1 94
2297 36 128 93
2298 35 64 93
2299 34 225 92
2300 33 16 91
2301 32 249 90
2302 31 253 90
2303 30 2 89
2304 29 256 88
2305 28 128 88
2306 27 193 87
2307 26 32 86
2308 25 16 86
2309 24 249 85
2310 23 253 85
2311 22 2 84
2312 21 256 83
2313 20 128 83
2314 19 193 82
2315 18 225 82
2316 17 16 81
2317 42 241 99
2318 41 8 98
2319 40 253 97
2320 39 2 96
2321 38 1 96
2322 37 128 95
2323 36 193 94
2324 35 225 94
2325 34 16 93
2326 33 249 92
2327 32 4 91
2328 31 2 91
2329 30 256 90
2330 29 129 89
2331 28 193 89
2332 27 32 88
2333 26 241 87
2334 25 249 87
2335 24 4 86
2336 23 2 86
2337 22 256 85
2338 21 129 84
2339 20 193 84
2340 19 32 83
2341 43 241 101
2342 42 8 100
2343 41 253 99
2344 40 2 98
2345 39 256 97
2346 38 128 97
2347 37 193 96
2348 36 32 95
2349 35 16 95
2350 34 249 94
2351 33 4 93
2352 32 255 92
2353 31 256 92
2354 30 129 91
2355 29 64 90
2356 28 32 90
2357 27 241 89
2358 26 8 88
2359 25 4 88
2360 24 255 87
2361 23 256 87
2362 22 129 86
2363 21 64 85
2364 44 16 102
2365 43 8 102
2366 42 253 101
2367 41 2 100
2368 40 256 99
2369 39 129 98
2370 38 193 98
2371 37 32 97
2372 36 241 96
2373 35 249 96
2374 34 4 95
2375 33 255 94
2376 32 1 93
2377 31 129 93
2378 30 64 92
2379 29 225 91
2380 28 241 91
2381 27 8 90
2382 26 253 89
2383 25 255 89
2384 24 1 88
2385 23 129 88
2386 45 16 104
2387 44 249 103
2388 43 253 103
2389 42 2 102
2390 41 256 101
2391 40 129 100
2392 39 64 99
2393 38 32 99
2394 37 241 98
2395 36 8 97
2396 35 4 97
2397 34 255 96
2398 33 1 95
2399 32 128 94
2400 31 64 94
2401 30 225 93
2402 29 16 92
2403 28 8 92
2404 27 253 91
2405 26 2 90
2406 25 1 90
2407 46 16 106
2408 45 249 105
2409 44 4 104
2410 43 2 104
2411 42 256 103
2412 41 129 102
2413 40 64 101
2414 39 225 100
2415 38 241 100
2416 37 8 99
2417 36 253 98
2418 35 255 98
2419 34 1 97
2420 33 128 96
2421 32 193 95
2422 31 225 95
2423 30 16 94
2424 29 249 93
2425 28 253 93
2426 27 2 92
2427 47 16 108
2428 46 249 107
2429 45 4 106
2430 44 255 105
2431 43 256 105
2432 42 129 104
2433 41 64 103
2434 40 225 102
2435 39 16 101
2436 38 8 101
2437 37 253 100
2438 36 2 99
2439 35 1 99
2440 34 128 98
2441 33 193 97
2442 32 32 96
2443 31 16 96
2444 30 249 95
2445 29 4 94
2446 48 241 109
2447 47 249 109
2448 46 4 108
2449 45 255 107
2450 44 1 106
2451 43 129 106
2452 42 64 105
2453 41 225 104
2454 40 16 103
2455 39 249 102
2456 38 253 102
2457 37 2 101
2458 36 256 100
2459 35 128 100
2460 34 193 99
2461 33 32 98
2462 32 241 97
2463 31 249 97
2464 49 241 111
2465 48 8 110
2466 47 4 110
2467 46 255 109
2468 45 1 108
2469 44 128 107
2470 43 64 107
2471 42 225 106
2472 41 16 105
2473 40 249 104
2474 39 4 103
2475 38 2 103
2476 37 256 102
2477 36 129 101
2478 35 193 101
2479 34 32 100
2480 33 241 99
2481 50 241 113
2482 49 8 112
2483 48 253 111
2484 47 255 111
2485 46 1 110
2486 45 128 109
2487 44 193 108
2488 43 225 108
2489 42 16 107
2490 41 249 106
2491 40 4 105
2492 39 255 104
2493 38 256 104
2494 37 129 103
2495 36 64 102
2496 35 32 102
2497 51 241 115
2498 50 8 114
2499 49 253 113
2500 48 2 112
2501 47 1 112
2502 46 128 111
2503 45 193 110
2504 44 32 109
2505 43 16 109
2506 42 249 108
2507 41 4 107
2508 40 255 106
2509 39 1 105
2510 38 129 105
2511 37 64 104
2512 52 241 117
2513 51 8 116
2514 50 253 115
2515 49 2 114
2516 48 256 113
2517 47 128 113
2518 46 193 112
2519 45 32 111
2520 44 241 110
2521 43 249 110
2522 42 4 109
2523 41 255 108
2524 40 1 107
2525 39 128 106
2526 53 16 118
2527 52 8 118
2528 51 253 117
2529 50 2 116
2530 49 256 115
2531 48 129 114
2532 47 193 114
2533 46 32 113
2534 45 241 112
2535 44 8 111
2536 43 4 111
2537 42 255 110
2538 41 1 109
2539 54 16 120
2540 53 249 119
2541 52 253 119
2542 51 2 118
2543 50 256 117
2544 49 129 116
2545 48 64 115
2546 47 32 115
2547 46 241 114
2548 45 8 113
2549 44 253 112
2550 43 255 112
2551 55 16 122
2552 54 249 121
2553 53 4 120
2554 52 2 120
2555 51 256 119
2556 50 129 118
2557 49 64 117
2558 48 225 116
2559 47 241 116
2560 46 8 115
2561 45 253 114
2562 56 16 124
2563 55 249 123
2564 54 4 122
2565 53 255 121
2566 52 256 121
2567 51 129 120
2568 50 64 119
2569 49 225 118
2570 48 16 117
2571 47 8 117
2572 57 241 125
2573 56 249 125
2574 55 4 124
2575 54 255 123
2576 53 1 122
2577 52 129 122
2578 51 64 121
2579 50 225 120
2580 49 16 119
2581 58 241 127
2582 57 8 126
2583 56 4 126
2584 55 255 125
2585 54 1 124
2586 53 128 123
2587 52 64 123
2588 51 225 122
2589 59 241 129
2590 58 8 128
2591 57 253 127
2592 56 255 127
2593 55 1 126
2594 54 128 125
2595 53 193 124
2596 60 241 131
2597 59 8 130
2598 58 253 129
2599 57 2 128
2600 56 1 128
2601 55 128 127
2602 61 241 133
2603 60 8 132
2604 59 253 131
2605 58 2 130
2606 57 256 129
2607 62 16 134
2608 61 8 134
2609 60 253 133
2610 59 2 132
2611 63 16 136
2612 62 249 135
2613 61 253 135
2614 64 16 138
2615 63 249 137
2616 65 16 140
2617 66 213 141
2618 64 216 139
2619 62 9 136
2620 60 96 134
2621 58 4 131
2622 56 214 129
2623 54 116 126
2624 52 38 124
2625 50 23 121
2626 48 183 118
2627 46 153 116
2628 44 167 113
2629 42 68 111
2630 40 217 108
2631 38 173 106
2632 36 125 103
2633 34 134 101
2634 32 27 98
2635 30 31 96
2636 28 245 94
2637 26 128 91
2638 24 166 89
2639 22 143 87
2640 20 69 85
2641 18 222 83
2642 67 213 143
2643 65 216 141
2644 63 9 138
2645 61 96 136
2646 59 4 133
2647 57 43 130
2648 55 116 128
2649 53 219 125
2650 51 23 123
2651 49 183 120
2652 47 153 118
2653 45 167 115
2654 43 68 113
2655 41 217 110
2656 39 84 107
2657 37 125 105
2658 35 134 103
2659 33 27 100
2660 31 31 98
2661 29 12 95
2662 27 128 93
2663 25 166 91
2664 23 143 89
2665 21 188 86
2666 68 213 145
2667 66 41 142
2668 64 9 140
2669 62 161 137
2670 60 4 135
2671 58 43 132
2672 56 116 130
2673 54 219 127
2674 52 23 125
2675 50 183 122
2676 48 104 119
2677 46 167 117
2678 44 189 114
2679 42 217 112
2680 40 84 109
2681 38 125 107
2682 36 123 104
2683 34 27 102
2684 32 226 99
2685 30 12 97
2686 28 128 95
2687 26 91 92
2688 24 114 90
2689 69 213 147
2690 67 41 144
2691 65 9 142
2692 63 161 139
2693 61 4 137
2694 59 43 134
2695 57 141 131
2696 55 219 129
2697 53 234 126
2698 51 183 124
2699 49 104 121
2700 47 167 119
2701 45 189 116
2702 43 217 114
2703 41 84 111
2704 39 132 108
2705 37 123 106
2706 35 27 104
2707 33 226 101
2708 31 12 99
2709 29 129 96
2710 27 91 94
2711 70 213 149
2712 68 41 146
2713 66 248 143
2714 64 161 141
2715 62 253 138
2716 60 43 136
2717 58 141 133
2718 56 219 131
2719 54 234 128
2720 52 183 126
2721 50 104 123
2722 48 90 120
2723 46 189 118
2724 44 40 115
2725 42 84 113
2726 40 132 110
2727 38 123 108
2728 36 230 105
2729 34 226 103
2730 32 245 100
2731 30 129 98
2732 71 44 150
2733 69 41 148
2734 67 248 145
2735 65 161 143
2736 63 253 140
2737 61 43 138
2738 59 141 135
2739 57 38 132
2740 55 234 130
2741 53 74 127
2742 51 104 125
2743 49 90 122
2744 47 189 120
2745 45 40 117
2746 43 84 115
2747 41 132 112
2748 39 134 109
2749 37 230 107
2750 35 226 105
2751 33 245 102
2752 72 44 152
2753 70 41 150
2754 68 248 147
2755 66 96 144
2756 64 253 142
2757 62 214 139
2758 60 141 137
2759 58 38 134
2760 56 234 132
2761 54 74 129
2762 52 104 127
2763 50 90 124
2764 48 68 121
2765 46 40 119
2766 44 173 116
2767 42 132 114
2768 40 134 111
2769 38 230 109
2770 36 31 106
2771 73 44 154
2772 71 216 151
2773 69 248 149
2774 67 96 146
2775 65 253 144
2776 63 214 141
2777 61 141 139
2778 59 38 136
2779 57 23 133
2780 55 74 131
2781 53 153 128
2782 51 90 126
2783 49 68 123
2784 47 40 121
2785 45 173 118
2786 43 132 116
2787 41 134 113
2788 39 27 110
2789 74 44 156
2790 72 216 153
2791 70 248 151
2792 68 96 148
2793 66 4 145
2794 64 214 143
2795 62 116 140
2796 60 38 138
2797 58 23 135
2798 56 74 133
2799 54 153 130
2800 52 90 128
2801 50 68 125
2802 48 217 122
2803 46 173 120
2804 44 125 117
2805 42 134 115
2806 75 213 157
2807 73 216 155
2808 71 9 152
2809 69 96 150
2810 67 4 147
2811 65 214 145
2812 63 116 142
2813 61 38 140
2814 59 23 137
2815 57 183 134
2816 55 153 132
2817 53 167 129
2818 51 68 127
2819 49 217 124
2820 47 173 122
2821 45 125 119
2822 76 213 159
2823 74 216 157
2824 72 9 154
2825 70 96 152
2826 68 4 149
2827 66 43 146
2828 64 116 144
2829 62 219 141
2830 60 23 139
2831 58 183 136
2832 56 153 134
2833 54 167 131
2834 52 68 129
2835 50 217 126
2836 48 84 123
2837 77 213 161
2838 75 41 158
2839 73 9 156
2840 71 161 153
2841 69 4 151
2842 67 43 148
2843 65 116 146
2844 63 219 143
2845 61 23 141
2846 59 183 138
2847 57 104 135
2848 55 167 133
2849 53 189 130
2850 51 217 128
2851 78 213 163
2852 76 41 160
2853 74 9 158
2854 72 161 155
2855 70 4 153
2856 68 43 150
2857 66 141 147
2858 64 219 145
2859 62 234 142
2860 60 183 140
2861 58 104 137
2862 56 167 135
2863 54 189 132
2864 79 213 165
2865 77 41 162
2866 75 248 159
2867 73 161 157
2868 71 253 154
2869 69 43 152
2870 67 141 149
2871 65 219 147
2872 63 234 144
2873 61 183 142
2874 59 104 139
2875 57 90 136
2876 80 44 166
2877 78 41 164
2878 76 248 161
2879 74 161 159
2880 72 253 156
2881 70 43 154
2882 68 141 151
2883 66 38 148
2884 64 234 146
2885 62 74 143
2886 60 104 141
2887 81 44 168
2888 79 41 166
2889 77 248 163
2890 75 96 160
2891 73 253 158
2892 71 214 155
2893 69 141 153
2894 67 38 150
2895 65 234 148
2896 63 74 145
2897 82 44 170
2898 80 216 167
2899 78 248 165
2900 76 96 162
2901 74 253 160
2902 72 214 157
2903 70 141 155
2904 68 38 152
2905 66 23 149
2906 83 44 172
2907 81 216 169
2908 79 248 167
2909 77 96 164
2910 75 4 161
2911 73 214 159
2912 71 116 156
2913 69 38 154
2914 84 213 173
2915 82 216 171
2916 80 9 168
2917 78 96 166
2918 76 4 163
2919 74 214 161
2920 72 116 158
2921 85 213 175
2922 83 216 173
2923 81 9 170
2924 79 96 168
2925 77 4 165
2926 75 43 162
2927 86 213 177
2928 84 41 174
2929 82 9 172
2930 80 161 169
2931 78 4 167
2932 87 213 179
2933 85 41 176
2934 83 9 174
2935 81 161 171
2936 88 213 181
2937 86 41 178
2938 84 248 175
2939 89 44 182
2940 87 41 180
2941 90 44 184
2942 91 86 186
2943 88 215 182
2944 85 105 177
2945 82 134 173
2946 79 78 169
2947 76 62 164
2948 73 155 160
2949 70 2 156
2950 67 252 151
2951 64 116 147
2952 61 33 143
2953 58 46 138
2954 55 115 134
2955 52 159 130
2956 49 245 125
2957 46 227 121
2958 43 182 117
2959 40 59 112
2960 37 19 108
2961 34 176 104
2962 31 183 100
2963 28 72 96
2964 92 86 188
2965 89 42 183
2966 86 105 179
2967 83 134 175
2968 80 179 170
2969 77 62 166
2970 74 155 162
2971 71 255 157
2972 68 252 153
2973 65 116 149
2974 62 224 144
2975 59 46 140
2976 56 115 136
2977 53 98 131
2978 50 245 127
2979 47 227 123
2980 44 75 118
2981 41 59 114
2982 38 19 110
2983 35 176 106
2984 32 74 101
2985 93 171 189
2986 90 42 185
2987 87 105 181
2988 84 123 176
2989 81 179 172
2990 78 62 168
2991 75 102 163
2992 72 255 159
2993 69 252 155
2994 66 141 150
2995 63 224 146
2996 60 46 142
2997 57 142 137
2998 54 98 133
2999 51 245 129
3000 48 30 124
3001 45 75 120
3002 42 59 116
3003 39 238 111
3004 36 81 107
3005 94 171 191
3006 91 42 187
3007 88 105 183
3008 85 123 178
3009 82 179 174
3010 79 62 170
3011 76 102 165
3012 73 255 161
3013 70 252 157
3014 67 141 152
3015 64 224 148
3016 61 46 144
3017 58 142 139
3018 55 98 135
3019 52 245 131
3020 49 30 126
3021 46 75 122
3022 43 59 118
3023 40 238 113
3024 95 171 193
3025 92 42 189
3026 89 152 184
3027 86 123 180
3028 83 179 176
3029 80 195 171
3030 77 102 167
3031 74 255 163
3032 71 5 158
3033 68 141 154
3034 65 224 150
3035 62 211 145
3036 59 142 141
3037 56 98 137
3038 53 12 132
3039 50 30 128
3040 47 75 124
3041 44 198 119
3042 96 171 195
3043 93 215 190
3044 90 152 186
3045 87 123 182
3046 84 78 177
3047 81 195 173
3048 78 102 169
3049 75 2 164
3050 72 5 160
3051 69 141 156
3052 66 33 151
3053 63 211 147
3054 60 142 143
3055 57 159 138
3056 54 12 134
3057 51 30 130
3058 48 182 125
3059 97 171 197
3060 94 215 192
3061 91 152 188
3062 88 123 184
3063 85 78 179
3064 82 195 175
3065 79 102 171
3066 76 2 166
3067 73 5 162
3068 70 141 158
3069 67 33 153
3070 64 211 149
3071 61 142 145
3072 58 159 140
3073 55 12 136
3074 52 30 132
3075 98 86 198
3076 95 215 194
3077 92 152 190
3078 89 134 185
3079 86 78 181
3080 83 195 177
3081 80 155 172
3082 77 2 168
3083 74 5 164
3084 71 116 159
3085 68 33 155
3086 65 211 151
3087 62 115 146
3088 59 159 142
3089 56 12 138
3090 99 86 200
3091 96 215 196
3092 93 105 191
3093 90 134 187
3094 87 78 183
3095 84 62 178
3096 81 155 174
3097 78 2 170
3098 75 252 165
3099 72 116 161
3100 69 33 157
3101 66 46 152
3102 63 115 148
3103 60 159 144
3104 100 86 202
3105 97 215 198
3106 94 105 193
3107 91 134 189
3108 88 78 185
3109 85 62 180
3110 82 155 176
3111 79 2 172
3112 76 252 167
3113 73 116 163
3114 70 33 159
3115 67 46 154
3116 64 115 150
3117 101 86 204
3118 98 42 199
3119 95 105 195
3120 92 134 191
3121 89 179 186
3122 86 62 182
3123 83 155 178
3124 80 255 173
3125 77 252 169
3126 74 116 165
3127 71 224 160
3128 68 46 156
3129 102 171 205
3130 99 42 201
3131 96 105 197
3132 93 123 192
3133 90 179 188
3134 87 62 184
3135 84 102 179
3136 81 255 175
3137 78 252 171
3138 75 141 166
3139 72 224 162
3140 103 171 207
3141 100 42 203
3142 97 105 199
3143 94 123 194
3144 91 179 190
3145 88 62 186
3146 85 102 181
3147 82 255 177
3148 79 252 173
3149 76 141 168
3150 104 171 209
3151 101 42 205
3152 98 152 200
3153 95 123 196
3154 92 179 192
3155 89 195 187
3156 86 102 183
3157 83 255 179
3158 80 5 174
3159 105 171 211
3160 102 215 206
3161 99 152 202
3162 96 123 198
3163 93 78 193
3164 90 195 189
3165 87 102 185
3166 84 2 180
3167 106 171 213
3168 103 215 208
3169 100 152 204
3170 97 123 200
3171 94 78 195
3172 91 195 191
3173 88 102 187
3174 107 86 214
3175 104 215 210
3176 101 152 206
3177 98 134 201
3178 95 78 197
3179 92 195 193
3180 108 86 216
3181 105 215 212
3182 102 105 207
3183 99 134 203
3184 96 78 199
3185 109 86 218
3186 106 215 214
3187 103 105 209
3188 100 134 205
3189 110 86 220
3190 107 42 215
3191 104 105 211
3192 111 86 222
3193 108 42 217
3194 112 86 224
3195 6 128 73
3196 5 255 74
3197 7 249 73
3198 6 225 74
3199 7 255 74
3200 4 130 75
3201 5 83 75
3202 3 255 76
3203 4 2 76
3204 2 131 77
3205 3 204 77
3206 1 254 78
3207 2 87 78
3208 0 132 79
3209 1 109 79
3210 0 32 80
3211 0 32 81
3212 0 32 82
3213 0 32 83
3214 0 32 84
3215 0 32 85
3216 0 32 86
3217 0 32 87
3218 0 32 88
3219 0 32 89
3220 0 32 90
3221 0 32 91
3222 0 32 92
3223 0 32 93
3224 8 226 74
3225 6 2 75
3226 7 225 75
3227 9 239 75
3228 8 2 75
3229 5 230 76
3230 6 78 76
3231 7 232 76
3232 4 31 77
3233 5 58 77
3234 3 162 78
3235 4 46 78
3236 2 159 79
3237 3 139 79
3238 1 34 80
3239 2 68 80
3240 1 16 81
3241 1 16 82
3242 1 16 83
3243 1 16 84
3244 1 16 85
3245 1 16 86
3246 1 16 87
3247 1 16 88
3248 1 16 89
3249 1 16 90
3250 1 16 91
3251 10 134 75
3252 8 124 76
3253 9 72 76
3254 6 33 77
3255 10 124 76
3256 7 238 77
3257 8 192 77
3258 5 252 78
3259 9 53 77
3260 6 184 78
3261 7 217 78
3262 4 65 79
3263 5 171 79
3264 3 224 80
3265 4 37 80
3266 2 1 81
3267 3 64 81
3268 2 8 82
3269 2 8 83
3270 2 8 84
3271 2 8 85
3272 2 8 86
3273 2 8 87
3274 2 8 88
3275 2 8 89
3276 10 22 77
3277 12 173 77
3278 11 95 77
3279 8 247 78
3280 9 205 78
3281 10 149 78
3282 11 226 78
3283 6 20 79
3284 7 101 79
3285 8 185 79
3286 9 248 79
3287 5 182 80
3288 6 145 80
3289 7 36 80
3290 4 120 81
3291 5 240 81
3292 3 121 82
3293 4 15 82
3294 3 4 83
3295 3 4 84
3296 3 4 85
3297 3 4 86
3298 3 4 87
3299 12 79 78
3300 10 169 79
3301 13 236 78
3302 11 134 79
3303 12 169 79
3304 8 70 80
3305 13 134 79
3306 9 11 80
3307 10 234 80
3308 6 248 81
3309 11 213 80
3310 7 150 81
3311 8 212 81
3312 5 130 82
3313 9 236 81
3314 6 214 82
3315 7 67 82
3316 4 185 83
3317 5 157 83
3318 4 2 84
3319 4 2 85
3320 14 15 79
3321 12 198 80
3322 13 173 80
3323 15 17 80
3324 14 198 80
3325 10 228 81
3326 11 76 81
3327 12 124 81
3328 13 238 81
3329 8 213 82
3330 9 148 82
3331 10 236 82
3332 11 224 82
3333 6 171 83
3334 7 188 83
3335 8 200 83
3336 9 129 83
3337 5 116 84
3338 6 109 84
3339 16 159 80
3340 14 197 81
3341 15 189 81
3342 12 183 82
3343 16 197 81
3344 13 175 82
3345 14 247 82
3346 10 148 83
3347 15 107 82
3348 11 206 83
3349 12 102 83
3350 7 216 84
3351 13 10 83
3352 8 214 84
3353 9 81 84
3354 5 82 85
3355 10 225 84
3356 16 122 82
3357 14 17 83
3358 17 153 82
3359 15 15 83
3360 16 17 83
3361 11 227 84
3362 17 15 83
3363 12 176 84
3364 13 238 84
3365 19 51 84
3366 14 234 84
3367 6 238 85
3368 7 5 85
3369 8 26 85
3370 9 88 85
3371 16 231 84
3372 10 153 85
3373 17 98 84
3374 11 129 85
3375 18 26 84
3376 12 156 85
3377 17 60 85
3378 4 172 86
3379 18 189 85
3380 5 199 86
3381 6 50 86
3382 7 58 86
3383 8 42 86
3384 19 205 85
3385 9 252 86
3386 10 217 86
3387 20 61 86
3388 18 104 86
3389 4 39 87
3390 19 122 86
3391 5 178 87
3392 6 73 87
3393 7 66 87
3394 8 149 87
3395 9 147 87
3396 3 2 88
3397 20 13 87
3398 4 32 88
3399 21 208 87
3400 5 255 88
3401 6 32 88
3402 3 216 89
3403 7 255 88
3404 22 98 88
3405 4 75 89
3406 5 199 89
3407 2 104 90
3408 6 129 89
3409 3 95 90
3410 22 205 89
3411 4 113 90
3412 2 129 91
3413 23 104 90
3414 3 8 91
3415 4 129 91
3416 1 8 92
3417 25 244 92
3418 2 128 92
3419 1 225 93
3420 15 1 84
3421 13 108 85
3422 14 117 85
3423 15 168 85
3424 16 249 85
3425 11 103 86
3426 12 230 86
3427 13 116 86
3428 14 90 86
3429 15 33 86
3430 17 155 86
3431 10 187 87
3432 11 7 87
3433 12 73 87
3434 13 189 87
3435 18 246 87
3436 19 151 87
3437 8 2 88
3438 9 44 88
3439 10 67 88
3440 11 203 88
3441 19 149 88
3442 20 68 88
3443 21 223 88
3444 7 203 89
3445 8 77 89
3446 9 235 89
3447 10 196 89
3448 21 48 89
3449 5 47 90
3450 6 154 90
3451 7 247 90
3452 8 208 90
3453 5 231 91
3454 6 228 91
3455 7 26 91
3456 16 1 86
3457 14 108 87
3458 15 117 87
3459 16 168 87
3460 17 249 87
3461 12 103 88
3462 13 230 88
3463 14 116 88
3464 15 90 88
3465 16 33 88
3466 18 155 88
3467 11 187 89
3468 12 7 89
3469 13 73 89
3470 14 189 89
3471 19 246 89
3472 20 151 89
3473 9 2 90
3474 10 44 90
3475 11 67 90
3476 12 203 90
3477 20 149 90
3478 21 68 90
3479 22 223 90
3480 8 203 91
3481 9 77 91
3482 10 235 91
3483 11 196 91
3484 22 48 91
3485 23 21 91
3486 24 47 91
3487 3 220 92
3488 4 137 92
3489 5 141 92
3490 6 233 92
3491 17 1 88
3492 15 108 89
3493 16 117 89
3494 17 168 89
3495 18 249 89
3496 13 103 90
3497 14 230 90
3498 15 116 90
3499 16 90 90
3500 17 33 90
3501 19 155 90
3502 12 187 91
3503 13 7 91
3504 14 73 91
3505 15 189 91
3506 20 246 91
3507 21 151 91
3508 7 18 92
3509 8 12 92
3510 9 42 92
3511 10 112 92
3512 11 92 92
3513 12 57 92
3514 13 219 92
3515 21 80 92
3516 22 134 92
3517 23 223 92
3518 24 236 92
3519 2 181 93
3520 3 53 93
3521 4 233 93
3522 5 4 93
3523 6 132 93
3524 7 135 93
3525 18 1 90
3526 16 108 91
3527 17 117 91
3528 18 168 91
3529 19 249 91
3530 14 103 92
3531 15 230 92
3532 16 116 92
3533 17 90 92
3534 18 33 92
3535 20 155 92
3536 8 149 93
3537 9 164 93
3538 10 44 93
3539 11 128 93
3540 12 157 93
3541 13 13 93
3542 14 64 93
3543 15 106 93
3544 16 62 93
3545 21 187 93
3546 22 191 93
3547 23 250 93
3548 24 256 93
3549 25 8 93
3550 26 144 93
3551 0 90 94
3552 1 233 94
3553 2 247 94
3554 3 16 94
3555 4 167 94
3556 5 195 94
3557 6 11 94
3558 19 1 92
3559 17 108 93
3560 18 117 93
3561 19 168 93
3562 20 249 93
3563 7 196 94
3564 8 36 94
3565 9 22 94
3566 10 182 94
3567 11 166 94
3568 12 51 94
3569 13 168 94
3570 14 221 94
3571 15 23 94
3572 16 142 94
3573 17 255 94
3574 18 78 94
3575 19 69 94
3576 21 170 94
3577 22 75 94
3578 23 28 94
3579 24 255 94
3580 25 239 94
3581 26 237 94
3582 0 157 95
3583 1 238 95
3584 2 61 95
3585 3 202 95
3586 4 250 95
3587 5 226 95
3588 6 125 95
3589 7 255 95
3590 20 1 94
3591 8 105 95
3592 9 2 95
3593 10 252 95
3594 11 34 95
3595 12 4 95
3596 13 198 95
3597 14 253 95
3598 15 19 95
3599 16 5 95
3600 17 156 95
3601 18 54 95
3602 19 191 95
3603 20 12 95
3604 21 218 95
3605 22 212 95
3606 23 16 95
3607 24 87 95
3608 25 194 95
3609 26 223 95
3610 27 145 95
3611 0 222 96
3612 1 51 96
3613 2 38 96
3614 3 185 96
3615 4 150 96
3616 5 27 96
3617 6 154 96
3618 7 124 96
3619 8 75 96
3620 9 191 96
3621 10 179 96
3622 11 88 96
3623 12 142 96
3624 13 110 96
3625 14 157 96
3626 15 225 96
3627 16 94 96
3628 17 232 96
3629 18 65 96
3630 19 113 96
3631 20 242 96
3632 21 34 96
3633 22 181 96
3634 23 171 96
3635 24 141 96
3636 25 179 96
3637 26 33 96
3638 27 231 96
3639 0 195 97
3640 1 131 97
3641 2 148 97
3642 3 96 97
3643 4 192 97
3644 5 84 97
3645 6 9 97
3646 7 140 97
3647 8 179 97
3648 9 168 97
3649 10 234 97
3650 11 47 97
3651 12 108 97
3652 13 206 97
3653 14 203 97
3654 15 99 97
3655 16 213 97
3656 17 26 97
3657 18 251 97
3658 19 212 97
3659 20 172 97
3660 21 82 97
3661 22 43 97
3662 23 236 97
3663 24 172 97
3664 25 74 97
3665 26 59 97
3666 27 85 97
3667 28 236 97
3668 29 245 97
3669 0 224 98
3670 1 216 98
3671 2 156 98
3672 3 92 98
3673 4 213 98
3674 5 151 98
3675 6 170 98
3676 7 79 98
3677 8 5 98
3678 9 174 98
3679 10 93 98
3680 11 165 98
3681 12 16 98
3682 13 117 98
3683 14 39 98
3684 15 154 98
3685 16 147 98
3686 17 224 98
3687 18 166 98
3688 19 39 98
3689 20 77 98
3690 21 112 98
3691 22 245 98
3692 23 169 98
3693 24 50 98
3694 25 122 98
3695 26 205 98
3696 27 117 98
3697 28 237 98
3698 29 119 98
3699 0 32 99
3700 1 190 99
3701 2 124 99
3702 3 203 99
3703 4 102 99
3704 5 38 99
3705 6 139 99
3706 7 107 99
3707 8 73 99
3708 9 91 99
3709 10 223 99
3710 11 143 99
3711 12 87 99
3712 13 78 99
3713 14 162 99
3714 15 165 99
3715 16 172 99
3716 17 97 99
3717 18 100 99
3718 19 27 99
3719 20 4 99
3720 21 146 99
3721 22 155 99
3722 23 183 99
3723 24 255 99
3724 25 159 99
3725 26 56 99
3726 27 221 99
3727 28 234 99
3728 29 173 99
3729 30 33 99
3730 0 137 100
3731 1 123 100
3732 2 163 100
3733 3 191 100
3734 4 196 100
3735 5 252 100
3736 6 97 100
3737 7 32 100
3738 8 179 100
3739 9 83 100
3740 10 119 100
3741 11 152 100
3742 12 99 100
3743 13 70 100
3744 14 48 100
3745 15 243 100
3746 16 115 100
3747 17 88 100
3748 18 114 100
3749 19 149 100
3750 20 171 100
3751 21 206 100
3752 22 245 100
3753 23 149 100
3754 24 239 100
3755 25 246 100
3756 26 126 100
3757 27 83 100
3758 28 75 100
3759 29 152 100
3760 30 228 100
3761 0 215 101
3762 1 169 101
3763 2 35 101
3764 3 242 101
3765 4 73 101
3766 5 62 101
3767 6 182 101
3768 7 176 101
3769 8 196 101
3770 9 187 101
3771 10 125 101
3772 11 255 101
3773 12 12 101
3774 13 160 101
3775 14 232 101
3776 15 209 101
3777 16 244 101
3778 17 169 101
3779 18 243 101
3780 19 178 101
3781 20 181 101
3782 21 235 101
3783 22 43 101
3784 23 171 101
3785 24 172 101
3786 25 160 101
3787 26 202 101
3788 27 41 101
3789 28 105 101
3790 29 1 101
3791 30 206 101
3792 31 21 101
3793 0 240 102
3794 1 178 102
3795 2 154 102
3796 3 167 102
3797 4 45 102
3798 5 125 102
3799 6 147 102
3800 8 201 102
3801 9 87 102
3802 11 141 102
3803 12 233 102
3804 13 75 102
3805 14 135 102
3806 15 169 102
3807 16 3 102
3808 17 239 102
3809 18 199 102
3810 19 169 102
3811 20 80 102
3812 21 231 102
3813 22 136 102
3814 23 27 102
3815 24 166 102
3816 25 214 102
3817 26 41 102
3818 27 243 102
3819 28 47 102
3820 29 6 102
3821 30 125 102
3822 31 57 102
3823 32 216 102
3824 0 111 103
3825 1 124 103
3826 2 100 103
3827 3 59 103
3828 4 166 103
3829 5 246 103
3830 11 7 103
3831 14 176 103
3832 15 7 103
3833 17 150 103
3834 18 179 103
3835 19 154 103
3836 20 205 103
3837 21 162 103
3838 22 31 103
3839 23 128 103
3840 24 240 103
3841 25 220 103
3842 26 75 103
3843 27 8 103
3844 28 22 103
3845 29 184 103
3846 30 58 103
3847 31 41 103
3848 32 42 103
3849 33 226 103
3850 0 182 104
3851 1 73 104
3852 2 238 104
3853 3 147 104
3854 4 231 104
3855 5 148 104
3856 17 227 104
3857 18 160 104
3858 19 98 104
3859 20 135 104
3860 21 143 104
3861 22 91 104
3862 23 217 104
3863 24 161 104
3864 25 83 104
3865 26 150 104
3866 27 163 104
3867 28 158 104
3868 29 102 104
3869 30 10 104
3870 31 26 104
3871 32 248 104
3872 33 57 104
3873 0 28 105
3874 1 248 105
3875 2 249 105
3876 3 123 105
3877 4 199 105
3878 18 192 105
3879 20 205 105
3880 21 105 105
3881 22 55 105
3882 23 241 105
3883 24 7 105
3884 25 132 105
3885 26 9 105
3886 27 11 105
3887 28 256 105
3888 29 184 105
3889 30 10 105
3890 31 229 105
3891 32 76 105
3892 33 19 105
3893 34 240 105
3894 0 41 106
3895 1 81 106
3896 2 74 106
3897 3 14 106
3898 4 17 106
3899 20 245 106
3900 21 103 106
3901 22 79 106
3902 23 136 106
3903 24 124 106
3904 25 49 106
3905 26 202 106
3906 27 145 106
3907 28 225 106
3908 29 141 106
3909 30 75 106
3910 31 81 106
3911 32 10 106
3912 33 114 106
3913 34 45 106
3914 0 62 107
3915 1 151 107
3916 2 171 107
3917 3 16 107
3918 23 193 107
3919 24 137 107
3920 25 251 107
3921 26 94 107
3922 27 106 107
3923 28 55 107
3924 29 191 107
3925 30 108 107
3926 31 139 107
3927 32 226 107
3928 33 123 107
3929 34 112 107
3930 35 96 107
3931 0 230 108
3932 1 19 108
3933 2 243 108
3934 3 45 108
3935 23 131 108
3936 24 12 108
3937 25 225 108
3938 26 143 108
3939 27 87 108
3940 28 244 108
3941 29 253 108
3942 30 55 108
3943 31 149 108
3944 32 65 108
3945 33 80 108
3946 34 82 108
3947 35 143 108
3948 36 151 108
3949 0 140 109
3950 1 58 109
3951 2 134 109
3952 26 199 109
3953 27 159 109
3954 28 146 109
3955 29 69 109
3956 30 183 109
3957 31 89 109
3958 32 238 109
3959 33 56 109
3960 34 4 109
3961 35 38 109
3962 36 65 109
3963 37 178 109
3964 0 190 110
3965 1 5 110
3966 2 82 110
3967 27 185 110
3968 28 24 110
3969 29 254 110
3970 30 240 110
3971 31 100 110
3972 32 111 110
3973 33 219 110
3974 34 101 110
3975 35 11 110
3976 36 113 110
3977 37 114 110
3978 0 41 111
3979 1 241 111
3980 28 11 111
3981 29 39 111
3982 30 250 111
3983 31 60 111
3984 32 178 111
3985 33 248 111
3986 34 148 111
3987 35 4 111
3988 36 148 111
3989 37 34 111
3990 38 56 111
3991 0 25 112
3992 1 254 112
3993 30 61 112
3994 31 126 112
3995 32 40 112
3996 33 159 112
3997 34 171 112
3998 35 96 112
3999 36 256 112
4000 37 93 112
4001 38 227 112
4002 39 188 112
4003 0 157 113
4004 31 136 113
4005 32 205 113
4006 33 86 113
4007 34 183 113
4008 35 209 113
4009 36 241 113
4010 38 256 113
4011 37 247 113
4012 39 181 113
4013 0 119 114
4014 32 78 114
4015 35 2 114
4016 36 101 114
4017 34 255 114
4018 37 100 114
4019 33 2 114
4020 40 128 114
4021 38 13 114
4022 39 129 114
4023 34 234 115
4024 38 1 115
4025 35 40 115
4026 37 256 115
4027 36 256 115
4028 39 231 115
4029 40 71 115
4030 41 166 115
4031 35 36 116
4032 36 35 116
4033 40 129 116
4034 37 197 116
4035 39 128 116
4036 38 256 116
4037 41 92 116
4038 35 100 117
4039 37 1 117
4040 36 1 117
4041 42 129 117
4042 38 169 117
4043 41 128 117
4044 40 128 117
4045 40 128 118
4046 39 129 117
4047 39 129 118
4048 38 1 118
4049 41 177 118
4050 43 129 119
4051 42 128 118
4052 42 128 119
4053 38 204 119
4054 41 129 119
4055 40 129 119
4056 40 129 120
4057 39 128 119
4058 44 64 120
4059 43 128 120
4060 43 128 121
4061 42 129 120
4062 42 129 121
4063 41 128 120
4064 41 128 121
4065 45 193 121
4066 44 193 121
4067 44 193 122
4068 43 129 122
4069 45 240 122
4070 42 128 122
4071 46 193 123
4072 43 17 123
4073 45 64 123
4074 44 64 123
4075 44 64 124
4076 47 193 125
4077 46 64 124
4078 46 64 125
4079 45 193 124
4080 48 32 126
4081 47 64 126
4082 47 64 127
4083 49 225 127
4084 48 225 127
4085 50 225 129
4086 51 162 131
4087 49 142 128
4088 48 133 128
4089 46 192 126
4090 45 193 125
4091 43 75 124
4092 42 232 123
4093 40 152 121
4094 39 35 120
4095 37 37 118
4096 36 98 118
4097 34 155 116
4098 33 34 115
4099 31 177 114
4100 30 198 113
4101 28 33 112
4102 27 246 111
4103 25 216 109
4104 24 72 109
4105 22 245 107
4106 21 253 107
4107 19 172 105
4108 18 228 106
4109 16 19 103
4110 15 73 104
4111 13 55 103
4112 12 208 103
4113 10 206 102
4114 9 34 103
4115 7 177 102
4116 6 21 103
4117 52 162 133
4118 50 142 130
4119 49 124 129
4120 47 192 128
4121 46 193 127
4122 44 91 125
4123 43 232 125
4124 41 105 122
4125 40 35 122
4126 38 37 120
4127 37 159 119
4128 35 155 118
4129 34 34 117
4130 32 40 115
4131 31 198 115
4132 29 145 112
4133 28 246 113
4134 26 149 110
4135 25 185 110
4136 23 245 109
4137 22 4 108
4138 20 172 107
4139 19 114 106
4140 17 19 105
4141 16 165 104
4142 14 202 104
4143 13 153 104
4144 11 206 104
4145 10 17 103
4146 8 80 103
4147 53 81 133
4148 51 142 132
4149 50 124 131
4150 48 161 129
4151 47 193 129
4152 45 166 126
4153 44 141 126
4154 42 105 124
4155 41 222 123
4156 39 110 121
4157 38 159 121
4158 36 51 119
4159 35 34 119
4160 33 217 116
4161 32 158 116
4162 30 145 114
4163 29 123 113
4164 27 149 112
4165 26 36 111
4166 24 6 110
4167 23 4 110
4168 21 171 108
4169 20 114 108
4170 18 19 107
4171 17 165 106
4172 15 156 105
4173 14 104 105
4174 12 103 104
4175 11 17 105
4176 54 81 135
4177 52 142 134
4178 51 124 133
4179 49 96 130
4180 48 32 130
4181 46 166 128
4182 45 116 127
4183 43 105 126
4184 42 222 125
4185 40 110 123
4186 39 49 122
4187 37 206 120
4188 36 240 120
4189 34 217 118
4190 33 99 117
4191 31 145 116
4192 30 123 115
4193 28 149 114
4194 27 36 113
4195 25 251 111
4196 24 255 111
4197 22 86 109
4198 21 200 109
4199 19 138 107
4200 18 165 108
4201 16 78 105
4202 15 205 106
4203 13 77 105
4204 55 81 137
4205 53 71 134
4206 52 124 135
4207 50 96 132
4208 49 225 131
4209 47 166 130
4210 46 116 129
4211 44 76 127
4212 43 222 127
4213 41 147 124
4214 40 49 124
4215 38 206 122
4216 37 17 121
4217 35 217 120
4218 34 99 119
4219 32 56 117
4220 31 123 117
4221 29 203 114
4222 28 36 115
4223 26 3 112
4224 25 2 112
4225 23 86 111
4226 22 57 110
4227 20 138 109
4228 19 211 108
4229 17 78 107
4230 16 231 106
4231 56 81 139
4232 54 71 136
4233 53 62 135
4234 51 96 134
4235 50 225 133
4236 48 174 131
4237 47 116 131
4238 45 181 128
4239 44 146 128
4240 42 147 126
4241 41 208 125
4242 39 154 123
4243 38 17 123
4244 36 20 121
4245 35 99 121
4246 33 201 118
4247 32 67 118
4248 30 203 116
4249 29 18 115
4250 27 3 114
4251 26 256 113
4252 24 214 112
4253 23 57 112
4254 21 188 110
4255 20 211 110
4256 18 78 109
4257 57 169 139
4258 55 71 138
4259 54 62 137
4260 52 96 136
4261 51 225 135
4262 49 83 132
4263 48 199 132
4264 46 181 130
4265 45 111 129
4266 43 147 128
4267 42 208 127
4268 40 154 125
4269 39 120 124
4270 37 237 122
4271 36 79 122
4272 34 201 120
4273 33 190 119
4274 31 203 118
4275 30 18 117
4276 28 3 116
4277 27 256 115
4278 25 43 113
4279 24 100 113
4280 22 69 111
4281 21 23 111
4282 58 169 141
4283 56 71 140
4284 55 62 139
4285 53 48 136
4286 52 225 137
4287 50 83 134
4288 49 58 133
4289 47 181 132
4290 46 111 131
4291 44 55 129
4292 43 208 129
4293 41 103 126
4294 40 120 126
4295 38 237 124
4296 37 178 123
4297 35 201 122
4298 34 190 121
4299 32 27 119
4300 31 18 119
4301 29 130 116
4302 28 256 117
4303 26 107 114
4304 25 157 114
4305 23 69 113
4306 59 169 143
4307 57 164 140
4308 56 62 141
4309 54 48 138
4310 53 241 137
4311 51 83 136
4312 50 58 135
4313 48 38 133
4314 47 111 133
4315 45 202 130
4316 44 153 130
4317 42 103 128
4318 41 137 127
4319 39 10 125
4320 38 178 125
4321 36 28 123
4322 35 190 123
4323 33 230 120
4324 32 248 120
4325 30 130 118
4326 29 128 117
4327 27 107 116
4328 26 50 115
4329 60 169 145
4330 58 164 142
4331 57 31 141
4332 55 48 140
4333 54 241 139
4334 52 83 138
4335 51 58 137
4336 49 219 134
4337 48 73 134
4338 46 202 132
4339 45 104 131
4340 43 103 130
4341 42 137 129
4342 40 10 127
4343 39 168 126
4344 37 229 124
4345 36 162 124
4346 34 230 122
4347 33 9 121
4348 31 130 120
4349 30 128 119
4350 28 107 118
4351 61 88 146
4352 59 164 144
4353 58 31 143
4354 56 48 142
4355 55 241 141
4356 53 170 138
4357 52 58 139
4358 50 219 136
4359 49 184 135
4360 47 202 134
4361 46 104 133
4362 44 77 131
4363 43 137 131
4364 41 247 128
4365 40 168 128
4366 38 229 126
4367 37 95 125
4368 35 230 124
4369 34 9 123
4370 32 192 121
4371 31 128 121
4372 62 213 147
4373 60 164 146
4374 59 31 145
4375 57 24 142
4376 56 241 143
4377 54 170 140
4378 53 29 139
4379 51 219 138
4380 50 184 137
4381 48 156 135
4382 47 104 135
4383 45 180 132
4384 44 60 132
4385 42 247 130
4386 41 89 129
4387 39 14 127
4388 38 95 127
4389 36 142 125
4390 35 9 125
4391 33 65 122
4392 63 213 149
4393 61 93 147
4394 60 31 147
4395 58 24 144
4396 57 249 143
4397 55 170 142
4398 54 29 141
4399 52 219 140
4400 51 184 139
4401 49 101 136
4402 48 205 136
4403 46 180 134
4404 45 197 133
4405 43 247 132
4406 42 89 131
4407 40 14 129
4408 39 81 128
4409 37 115 126
4410 36 124 126
4411 64 213 151
4412 62 82 148
4413 61 226 148
4414 59 24 146
4415 58 249 145
4416 56 170 144
4417 55 29 143
4418 53 238 140
4419 52 184 141
4420 50 101 138
4421 49 52 137
4422 47 180 136
4423 46 197 135
4424 44 5 133
4425 43 89 133
4426 41 243 130
4427 40 81 130
4428 38 115 128
4429 65 44 152
4430 63 82 150
4431 62 144 149
4432 60 24 148
4433 59 249 147
4434 57 85 144
4435 56 29 145
4436 54 238 142
4437 53 92 141
4438 51 101 140
4439 50 52 139
4440 48 167 137
4441 47 197 137
4442 45 252 134
4443 44 84 134
4444 42 243 132
4445 41 176 131
4446 66 235 153
4447 64 82 152
4448 63 144 151
4449 61 233 149
4450 60 249 149
4451 58 85 146
4452 57 143 145
4453 55 238 144
4454 54 92 143
4455 52 101 142
4456 51 52 141
4457 49 90 138
4458 48 30 138
4459 46 252 136
4460 45 173 135
4461 43 243 134
4462 67 235 155
4463 65 175 153
4464 64 144 153
4465 62 12 150
4466 61 8 150
4467 59 85 148
4468 58 143 147
4469 56 238 146
4470 55 92 145
4471 53 179 142
4472 52 52 143
4473 50 90 140
4474 49 227 139
4475 47 252 138
4476 46 173 137
4477 68 235 157
4478 66 41 154
4479 65 113 154
4480 63 12 152
4481 62 253 151
4482 60 85 150
4483 59 143 149
4484 57 119 146
4485 56 92 147
4486 54 179 144
4487 53 26 143
4488 51 90 142
4489 50 227 141
4490 48 131 139
4491 69 22 158
4492 67 41 156
4493 66 72 155
4494 64 12 154
4495 63 253 153
4496 61 172 151
4497 60 143 151
4498 58 119 148
4499 57 46 147
4500 55 179 146
4501 54 26 145
4502 52 90 144
4503 51 227 143
4504 70 22 160
4505 68 41 158
4506 67 72 157
4507 65 245 155
4508 64 253 155
4509 62 171 152
4510 61 114 152
4511 59 119 150
4512 58 46 149
4513 56 179 148
4514 55 26 147
4515 53 45 144
4516 71 246 161
4517 69 216 159
4518 68 72 159
4519 66 6 156
4520 65 4 156
4521 63 171 154
4522 62 200 153
4523 60 119 152
4524 59 46 151
4525 57 218 148
4526 56 26 149
4527 72 246 163
4528 70 216 161
4529 69 185 160
4530 67 6 158
4531 66 255 157
4532 64 171 156
4533 63 200 155
4534 61 138 153
4535 60 46 153
4536 58 218 150
4537 73 11 164
4538 71 149 162
4539 70 185 162
4540 68 6 160
4541 67 255 159
4542 65 86 157
4543 64 200 157
4544 62 188 154
4545 61 211 154
4546 74 11 166
4547 72 149 164
4548 71 36 163
4549 69 251 161
4550 68 255 161
4551 66 214 158
4552 65 57 158
4553 63 188 156
4554 75 123 167
4555 73 108 165
4556 72 36 165
4557 70 251 163
4558 69 2 162
4559 67 214 160
4560 66 100 159
4561 76 123 169
4562 74 108 167
4563 73 221 166
4564 71 3 164
4565 70 2 164
4566 68 214 162
4567 77 134 170
4568 75 203 168
4569 74 221 168
4570 72 3 166
4571 71 256 165
4572 78 134 172
4573 76 203 170
4574 75 18 169
4575 73 254 167
4576 79 134 174
4577 77 54 171
4578 76 18 171
4579 80 190 175
4580 78 54 173
4581 81 67 176
4582 82 160 178
4583 79 199 175
4584 77 217 172
4585 74 143 169
4586 72 247 167
4587 69 157 163
4588 67 131 161
4589 64 232 158
4590 62 160 155
4591 59 199 152
4592 57 217 149
4593 54 143 146
4594 52 20 145
4595 49 157 140
4596 47 252 139
4597 44 232 135
4598 42 194 133
4599 39 199 129
4600 37 80 127
4601 34 228 124
4602 32 20 122
4603 29 200 118
4604 27 10 117
4605 24 157 114
4606 22 5 112
4607 19 207 109
4608 17 126 108
4609 14 207 106
4610 83 160 180
4611 80 29 176
4612 78 217 174
4613 75 57 170
4614 73 10 168
4615 70 157 165
4616 68 131 163
4617 65 25 159
4618 63 160 157
4619 60 199 154
4620 58 217 151
4621 55 143 148
4622 53 10 145
4623 50 157 142
4624 48 131 140
4625 45 25 136
4626 43 194 135
4627 40 199 131
4628 38 80 129
4629 35 228 126
4630 33 237 123
4631 30 200 120
4632 28 10 119
4633 25 100 115
4634 23 5 114
4635 20 207 111
4636 18 126 110
4637 84 177 181
4638 81 228 177
4639 79 217 176
4640 76 57 172
4641 74 10 170
4642 71 50 166
4643 69 126 164
4644 66 116 160
4645 64 160 159
4646 61 58 155
4647 59 217 153
4648 56 143 150
4649 54 10 147
4650 51 157 144
4651 49 126 141
4652 46 25 138
4653 44 160 136
4654 41 58 132
4655 39 217 130
4656 36 143 127
4657 34 237 125
4658 31 200 122
4659 29 5 119
4660 26 207 116
4661 24 126 115
4662 21 25 112
4663 85 80 182
4664 82 228 179
4665 80 20 177
4666 77 200 173
4667 75 252 171
4668 72 50 168
4669 70 126 166
4670 67 116 162
4671 65 97 160
4672 62 228 156
4673 60 217 155
4674 57 200 150
4675 55 10 149
4676 52 157 146
4677 50 126 143
4678 47 25 140
4679 45 97 137
4680 42 58 134
4681 40 217 132
4682 37 114 128
4683 35 237 127
4684 32 157 123
4685 30 5 121
4686 27 207 118
4687 25 131 116
4688 86 80 184
4689 83 228 181
4690 81 237 178
4691 78 200 175
4692 76 252 173
4693 73 207 169
4694 71 194 167
4695 68 116 164
4696 66 80 161
4697 63 228 158
4698 61 40 156
4699 58 200 152
4700 56 10 151
4701 53 207 146
4702 51 126 145
4703 48 116 141
4704 46 97 139
4705 43 58 136
4706 41 40 133
4707 38 114 130
4708 36 10 128
4709 33 100 124
4710 31 5 123
4711 28 207 120
4712 87 80 186
4713 84 143 182
4714 82 237 180
4715 79 200 177
4716 77 5 174
4717 74 207 171
4718 72 194 169
4719 69 141 165
4720 67 80 163
4721 64 228 160
4722 62 237 157
4723 59 200 154
4724 57 5 151
4725 54 207 148
4726 52 126 147
4727 49 141 142
4728 47 97 141
4729 44 228 137
4730 42 40 135
4731 39 200 131
4732 37 247 129
4733 34 100 126
4734 32 126 124
4735 88 80 188
4736 85 114 183
4737 83 237 182
4738 80 157 178
4739 78 5 176
4740 75 25 172
4741 73 63 170
4742 70 141 167
4743 68 80 165
4744 65 29 161
4745 63 237 159
4746 60 200 156
4747 58 5 153
4748 55 207 150
4749 53 63 147
4750 50 141 144
4751 48 80 142
4752 45 29 138
4753 43 40 137
4754 40 200 133
4755 38 247 131
4756 35 100 128
4757 89 40 188
4758 86 114 185
4759 84 10 183
4760 81 100 179
4761 79 5 178
4762 76 25 174
4763 74 63 172
4764 71 58 168
4765 69 177 166
4766 66 114 162
4767 64 237 161
4768 61 57 157
4769 59 5 155
4770 56 207 152
4771 54 63 149
4772 51 141 146
4773 49 177 143
4774 46 29 140
4775 44 237 138
4776 41 57 134
4777 39 5 132
4778 90 40 190
4779 87 114 187
4780 85 247 184
4781 82 100 181
4782 80 126 179
4783 77 232 175
4784 75 97 173
4785 72 58 170
4786 70 177 168
4787 67 114 164
4788 65 20 162
4789 62 100 158
4790 60 5 157
4791 57 232 152
4792 55 63 151
4793 52 141 148
4794 50 177 145
4795 47 29 142
4796 45 20 139
4797 42 57 136
4798 91 40 192
4799 88 114 189
4800 86 247 186
4801 83 100 183
4802 81 131 180
4803 78 232 177
4804 76 97 175
4805 73 199 171
4806 71 40 169
4807 68 114 166
4808 66 247 163
4809 63 100 160
4810 61 252 158
4811 58 232 154
4812 56 63 153
4813 53 199 148
4814 51 177 147
4815 48 114 143
4816 46 20 141
4817 92 40 194
4818 89 57 189
4819 87 247 188
4820 84 207 184
4821 82 131 182
4822 79 232 179
4823 77 160 176
4824 74 199 173
4825 72 40 171
4826 69 143 167
4827 67 247 165
4828 64 100 162
4829 62 131 159
4830 59 232 156
4831 57 160 153
4832 54 199 150
4833 52 177 149
4834 49 143 144
4835 93 20 194
4836 90 57 191
4837 88 247 190
4838 85 50 185
4839 83 131 184
4840 80 141 180
4841 78 160 178
4842 75 29 174
4843 73 217 172
4844 70 143 169
4845 68 247 167
4846 65 157 163
4847 63 131 161
4848 60 232 158
4849 58 160 155
4850 55 199 152
4851 53 217 149
4852 94 20 196
4853 91 57 193
4854 89 252 190
4855 86 50 187
4856 84 63 185
4857 81 116 181
4858 79 160 180
4859 76 29 176
4860 74 217 174
4861 71 57 170
4862 69 10 168
4863 66 50 164
4864 64 131 163
4865 61 25 159
4866 59 160 157
4867 56 199 154
4868 95 20 198
4869 92 57 195
4870 90 252 192
4871 87 50 189
4872 85 194 186
4873 82 116 183
4874 80 177 181
4875 77 228 177
4876 75 20 175
4877 72 57 172
4878 70 10 170
4879 67 50 166
4880 65 126 164
4881 62 116 160
4882 60 160 159
4883 96 20 200
4884 93 157 195
4885 91 252 194
4886 88 50 191
4887 86 194 188
4888 83 116 185
4889 81 80 182
4890 78 228 179
4891 76 20 177
4892 73 200 173
4893 71 252 171
4894 68 50 168
4895 66 194 165
4896 63 116 162
4897 97 237 201
4898 94 157 197
4899 92 252 196
4900 89 25 191
4901 87 194 190
4902 84 199 186
4903 82 80 184
4904 79 228 181
4905 77 237 178
4906 74 200 175
4907 72 252 173
4908 69 207 169
4909 67 194 167
4910 98 10 202
4911 95 157 199
4912 93 126 196
4913 90 25 193
4914 88 194 192
4915 85 58 187
4916 83 80 186
4917 80 143 182
4918 78 237 180
4919 75 157 176
4920 73 5 174
4921 70 207 171
4922 99 10 204
4923 96 157 201
4924 94 126 198
4925 91 25 195
4926 89 97 192
4927 86 58 189
4928 84 217 187
4929 81 114 183
4930 79 237 182
4931 76 157 178
4932 74 5 176
4933 100 10 206
4934 97 100 202
4935 95 126 200
4936 92 25 197
4937 90 97 194
4938 87 58 191
4939 85 40 188
4940 82 114 185
4941 80 10 183
4942 77 100 179
4943 101 247 207
4944 98 207 203
4945 96 126 202
4946 93 141 197
4947 91 97 196
4948 88 58 193
4949 86 40 190
4950 83 114 187
4951 81 247 184
4952 102 5 208
4953 99 207 205
4954 97 131 203
4955 94 141 199
4956 92 97 198
4957 89 29 193
4958 87 40 192
4959 84 200 188
4960 103 5 210
4961 100 207 207
4962 98 63 204
4963 95 141 201
4964 93 177 198
4965 90 29 195
4966 88 40 194
4967 104 5 212
4968 101 50 208
4969 99 63 206
4970 96 141 203
4971 94 177 200
4972 91 29 197
4973 105 252 213
4974 102 232 209
4975 100 63 208
4976 97 116 204
4977 95 177 202
4978 106 252 215
4979 103 232 211
4980 101 194 209
4981 98 199 205
4982 107 131 216
4983 104 232 213
4984 102 160 210
4985 108 131 218
4986 105 25 214
4987 109 126 219
4988 7 106 103
4989 6 200 104
4990 7 92 104
4991 8 39 104
4992 9 246 104
4993 10 95 104
4994 5 51 105
4995 6 123 105
4996 7 90 105
4997 9 131 105
4998 10 86 105
4999 12 178 105
5000 5 183 106
5001 6 187 106
5002 12 116 106
5003 13 233 106
5004 4 47 107
5005 5 1 107
5006 12 80 107
5007 14 81 107
5008 15 115 107
5009 16 208 107
5010 4 206 108
5011 5 120 108
5012 15 130 108
5013 16 225 108
5014 3 117 109
5015 4 67 109
5016 3 73 110
5017 4 205 110
5018 19 134 110
5019 2 24 111
5020 3 39 111
5021 8 106 105
5022 7 200 106
5023 8 92 106
5024 9 39 106
5025 10 246 106
5026 11 95 106
5027 6 51 107
5028 7 123 107
5029 8 90 107
5030 10 131 107
5031 11 86 107
5032 13 178 107
5033 6 183 108
5034 7 187 108
5035 13 116 108
5036 14 233 108
5037 5 47 109
5038 6 1 109
5039 13 80 109
5040 15 81 109
5041 16 115 109
5042 17 208 109
5043 5 206 110
5044 6 120 110
5045 16 130 110
5046 17 225 110
5047 4 117 111
5048 5 67 111
5049 19 209 111
5050 2 68 112
5051 3 208 112
5052 4 17 112
5053 9 106 107
5054 8 200 108
5055 9 92 108
5056 10 39 108
5057 11 246 108
5058 12 95 108
5059 7 51 109
5060 8 123 109
5061 9 90 109
5062 11 131 109
5063 12 86 109
5064 14 178 109
5065 7 183 110
5066 8 187 110
5067 14 116 110
5068 15 233 110
5069 6 47 111
5070 7 1 111
5071 14 80 111
5072 16 81 111
5073 17 115 111
5074 18 208 111
5075 5 49 112
5076 6 64 112
5077 7 153 112
5078 17 232 112
5079 18 84 112
5080 19 112 112
5081 20 79 112
5082 1 125 113
5083 2 29 113
5084 10 106 109
5085 9 200 110
5086 10 92 110
5087 11 39 110
5088 12 246 110
5089 13 95 110
5090 8 51 111
5091 9 123 111
5092 10 90 111
5093 12 131 111
5094 13 86 111
5095 15 178 111
5096 8 183 112
5097 9 187 112
5098 15 116 112
5099 16 233 112
5100 3 95 113
5101 4 65 113
5102 5 12 113
5103 6 4 113
5104 7 40 113
5105 8 185 113
5106 15 40 113
5107 17 254 113
5108 18 169 113
5109 19 240 113
5110 20 9 113
5111 21 149 113
5112 22 58 113
5113 1 223 114
5114 11 106 111
5115 10 200 112
5116 11 92 112
5117 12 39 112
5118 13 246 112
5119 14 95 112
5120 9 51 113
5121 10 123 113
5122 11 90 113
5123 13 131 113
5124 14 86 113
5125 16 178 113
5126 2 51 114
5127 3 207 114
5128 4 123 114
5129 5 117 114
5130 6 181 114
5131 7 188 114
5132 8 225 114
5133 9 109 114
5134 10 154 114
5135 16 176 114
5136 17 141 114
5137 18 256 114
5138 19 11 114
5139 20 161 114
5140 21 192 114
5141 22 235 114
5142 0 40 115
5143 12 106 113
5144 11 200 114
5145 12 92 114
5146 13 39 114
5147 14 246 114
5148 15 95 114
5149 1 165 115
5150 2 231 115
5151 3 26 115
5152 4 115 115
5153 5 139 115
5154 6 98 115
5155 7 243 115
5156 8 218 115
5157 9 183 115
5158 10 165 115
5159 11 225 115
5160 12 88 115
5161 14 233 115
5162 15 186 115
5163 16 150 115
5164 17 158 115
5165 18 81 115
5166 19 104 115
5167 20 239 115
5168 21 152 115
5169 22 63 115
5170 23 16 115
5171 13 106 115
5172 0 163 116
5173 1 79 116
5174 2 87 116
5175 3 133 116
5176 4 176 116
5177 5 166 116
5178 6 124 116
5179 7 238 116
5180 8 191 116
5181 9 149 116
5182 10 87 116
5183 11 237 116
5184 12 41 116
5185 13 188 116
5186 14 202 116
5187 15 77 116
5188 16 97 116
5189 17 136 116
5190 18 105 116
5191 19 205 116
5192 20 32 116
5193 21 24 116
5194 22 154 116
5195 23 69 116
5196 24 28 116
5197 0 130 117
5198 1 78 117
5199 2 70 117
5200 3 151 117
5201 4 8 117
5202 5 251 117
5203 6 190 117
5204 7 2 117
5205 8 104 117
5206 9 244 117
5207 10 181 117
5208 11 117 117
5209 12 207 117
5210 13 159 117
5211 14 110 117
5212 15 95 117
5213 16 3 117
5214 17 121 117
5215 18 87 117
5216 19 161 117
5217 20 44 117
5218 21 8 117
5219 22 3 117
5220 23 165 117
5221 24 45 117
5222 25 231 117
5223 26 152 117
5224 0 120 118
5225 1 93 118
5226 2 223 118
5227 3 74 118
5228 4 116 118
5229 5 188 118
5230 6 18 118
5231 7 95 118
5232 8 253 118
5233 9 149 118
5234 10 12 118
5235 11 88 118
5236 12 69 118
5237 13 104 118
5238 14 255 118
5239 15 208 118
5240 16 102 118
5241 17 38 118
5242 18 209 118
5243 19 253 118
5244 20 64 118
5245 21 17 118
5246 22 152 118
5247 23 172 118
5248 24 177 118
5249 25 161 118
5250 26 138 118
5251 0 128 119
5252 1 230 119
5253 2 220 119
5254 3 140 119
5255 4 130 119
5256 5 196 119
5257 6 169 119
5258 7 49 119
5259 8 171 119
5260 9 148 119
5261 10 248 119
5262 11 83 119
5263 12 125 119
5264 13 30 119
5265 14 28 119
5266 15 125 119
5267 16 192 119
5268 17 98 119
5269 18 117 119
5270 19 33 119
5271 20 92 119
5272 21 227 119
5273 22 75 119
5274 23 19 119
5275 24 39 119
5276 25 28 119
5277 26 20 119
5278 27 149 119
5279 0 248 120
5280 1 184 120
5281 2 187 120
5282 3 188 120
5283 4 245 120
5284 5 60 120
5285 7 154 120
5286 6 186 120
5287 8 245 120
5288 9 243 120
5289 10 189 120
5290 11 256 120
5291 12 108 120
5292 13 99 120
5293 14 150 120
5294 15 68 120
5295 16 198 120
5296 17 100 120
5297 18 99 120
5298 19 91 120
5299 20 194 120
5300 21 53 120
5301 22 82 120
5302 23 49 120
5303 24 133 120
5304 25 109 120
5305 26 40 120
5306 27 174 120
5307 29 116 120
5308 0 117 121
5309 1 142 121
5310 2 66 121
5311 3 73 121
5312 4 56 121
5313 5 17 121
5314 6 120 121
5315 7 75 121
5316 8 116 121
5317 9 21 121
5318 10 200 121
5319 11 227 121
5320 12 231 121
5321 13 241 121
5322 14 94 121
5323 15 141 121
5324 16 158 121
5325 17 3 121
5326 18 51 121
5327 19 55 121
5328 20 202 121
5329 21 218 121
5330 22 252 121
5331 23 175 121
5332 24 125 121
5333 25 68 121
5334 26 1 121
5335 27 51 121
5336 28 128 121
5337 29 19 121
5338 0 140 122
5339 1 18 122
5340 2 76 122
5341 3 16 122
5342 4 31 122
5343 5 200 122
5344 6 100 122
5345 7 220 122
5346 8 173 122
5347 9 24 122
5348 10 31 122
5349 11 107 122
5350 12 63 122
5351 13 255 122
5352 14 81 122
5353 15 231 122
5354 16 152 122
5355 17 107 122
5356 18 84 122
5357 19 75 122
5358 20 45 122
5359 21 102 122
5360 22 235 122
5361 23 98 122
5362 24 232 122
5363 25 12 122
5364 26 143 122
5365 27 34 122
5366 28 164 122
5367 29 46 122
5368 30 210 122
5369 0 199 123
5370 1 172 123
5371 2 6 123
5372 3 99 123
5373 4 66 123
5374 5 147 123
5375 6 116 123
5376 7 69 123
5377 8 161 123
5378 9 195 123
5379 10 238 123
5380 11 58 123
5381 12 51 123
5382 13 189 123
5383 14 128 123
5384 15 170 123
5385 16 48 123
5386 17 218 123
5387 18 248 123
5388 19 20 123
5389 20 63 123
5390 21 103 123
5391 22 149 123
5392 23 189 123
5393 24 184 123
5394 25 200 123
5395 26 40 123
5396 27 102 123
5397 28 248 123
5398 29 21 123
5399 30 210 123
5400 0 74 124
5401 1 29 124
5402 2 194 124
5403 3 180 124
5404 4 99 124
5405 5 15 124
5406 6 5 124
5407 7 171 124
5408 8 110 124
5409 9 255 124
5410 10 98 124
5411 11 169 124
5412 12 230 124
5413 13 230 124
5414 14 167 124
5415 15 14 124
5416 16 11 124
5417 17 57 124
5418 18 119 124
5419 19 245 124
5420 20 156 124
5421 21 254 124
5422 22 37 124
5423 23 57 124
5424 24 182 124
5425 25 33 124
5426 26 77 124
5427 27 229 124
5428 28 79 124
5429 29 195 124
5430 30 81 124
5431 31 140 124
5432 0 188 125
5433 1 186 125
5434 2 179 125
5435 3 98 125
5436 4 211 125
5437 5 38 125
5438 6 120 125
5439 7 247 125
5440 8 217 125
5441 9 163 125
5442 10 198 125
5443 11 228 125
5444 12 61 125
5445 13 87 125
5446 14 27 125
5447 15 236 125
5448 16 134 125
5449 17 42 125
5450 18 60 125
5451 19 184 125
5452 20 20 125
5453 21 159 125
5454 22 75 125
5455 23 110 125
5456 24 128 125
5457 25 40 125
5458 26 55 125
5459 27 125 125
5460 28 59 125
5461 29 12 125
5462 30 51 125
5463 31 63 125
5464 32 76 125
5465 33 8 125
5466 0 31 126
5467 1 59 126
5468 2 170 126
5469 3 59 126
5470 4 66 126
5471 5 218 126
5472 6 55 126
5473 7 70 126
5474 8 66 126
5475 9 77 126
5476 10 87 126
5477 11 153 126
5478 12 41 126
5479 13 50 126
5480 14 92 126
5481 15 77 126
5482 16 17 126
5483 17 207 126
5484 18 116 126
5485 19 34 126
5486 20 252 126
5487 21 241 126
5488 22 33 126
5489 23 202 126
5490 24 208 126
5491 25 125 126
5492 26 192 126
5493 27 90 126
5494 28 231 126
5495 29 220 126
5496 30 59 126
5497 31 16 126
5498 32 106 126
5499 33 123 126
5500 0 188 127
5501 1 127 127
5502 2 250 127
5503 3 4 127
5504 4 29 127
5505 5 225 127
5506 6 206 127
5507 7 156 127
5508 8 195 127
5509 9 18 127
5510 10 219 127
5511 11 249 127
5512 12 116 127
5513 13 162 127
5514 14 228 127
5515 15 122 127
5516 16 200 127
5517 17 70 127
5518 18 253 127
5519 19 240 127
5520 20 234 127
5521 21 250 127
5522 22 121 127
5523 23 19 127
5524 24 115 127
5525 25 150 127
5526 26 26 127
5527 27 8 127
5528 28 71 127
5529 29 197 127
5530 30 37 127
5531 31 56 127
5532 32 176 127
5533 33 12 127
5534 34 232 127
5535 0 244 128
5536 1 66 128
5537 2 96 128
5538 3 14 128
5539 4 231 128
5540 5 88 128
5541 6 184 128
5542 7 192 128
5543 8 202 128
5544 9 112 128
5545 10 203 128
5546 11 215 128
5547 12 150 128
5548 13 100 128
5549 14 113 128
5550 15 11 128
5551 16 133 128
5552 17 162 128
5553 18 192 128
5554 19 214 128
5555 20 54 128
5556 21 51 128
5557 22 60 128
5558 23 132 128
5559 24 13 128
5560 25 252 128
5561 26 126 128
5562 27 84 128
5563 28 153 128
5564 29 84 128
5565 30 196 128
5566 31 211 128
5567 32 151 128
5568 33 216 128
5569 34 185 128
5570 0 141 129
5571 1 124 129
5572 2 94 129
5573 3 127 129
5574 4 249 129
5575 5 2 129
5576 6 173 129
5577 7 133 129
5578 8 247 129
5579 9 86 129
5580 10 118 129
5581 11 182 129
5582 12 218 129
5583 13 144 129
5584 14 172 129
5585 15 112 129
5586 16 241 129
5587 17 51 129
5588 18 140 129
5589 19 239 129
5590 20 128 129
5591 21 10 129
5592 22 20 129
5593 23 95 129
5594 24 256 129
5595 25 76 129
5596 26 69 129
5597 27 20 129
5598 28 148 129
5599 29 28 129
5600 30 233 129
5601 31 210 129
5602 32 186 129
5603 33 144 129
5604 34 223 129
5605 35 18 129
5606 36 33 129
5607 0 75 130
5608 1 162 130
5609 2 145 130
5610 3 209 130
5611 4 137 130
5612 5 208 130
5613 6 234 130
5614 7 8 130
5615 8 148 130
5616 9 43 130
5617 10 155 130
5618 11 218 130
5619 12 109 130
5620 13 58 130
5621 14 253 130
5622 15 216 130
5623 16 209 130
5624 17 141 130
5625 18 241 130
5626 19 2 130
5627 20 63 130
5628 21 222 130
5629 22 229 130
5630 23 129 130
5631 24 22 130
5632 25 123 130
5633 26 33 130
5634 27 108 130
5635 28 152 130
5636 29 226 130
5637 30 30 130
5638 31 244 130
5639 32 240 130
5640 33 246 130
5641 34 4 130
5642 35 54 130
5643 36 84 130
5644 37 237 130
5645 0 198 131
5646 1 106 131
5647 2 7 131
5648 3 84 131
5649 4 187 131
5650 5 189 131
5651 6 239 131
5652 7 45 131
5653 8 139 131
5654 9 24 131
5655 10 235 131
5656 11 193 131
5657 12 95 131
5658 13 92 131
5659 14 24 131
5660 15 141 131
5661 16 125 131
5662 17 130 131
5663 18 195 131
5664 19 227 131
5665 20 121 131
5666 21 10 131
5667 22 29 131
5668 23 168 131
5669 24 74 131
5670 25 172 131
5671 26 205 131
5672 27 239 131
5673 28 117 131
5674 29 176 131
5675 30 95 131
5676 31 115 131
5677 32 22 131
5678 33 21 131
5679 34 168 131
5680 35 227 131
5681 36 139 131
5682 37 189 131
5683 0 100 132
5684 1 228 132
5685 2 148 132
5686 3 104 132
5687 4 11 132
5688 5 244 132
5689 6 131 132
5690 7 149 132
5691 8 115 132
5692 9 190 132
5693 10 14 132
5694 11 62 132
5695 12 226 132
5696 13 30 132
5697 14 2 132
5698 15 207 132
5699 16 38 132
5700 17 51 132
5701 18 45 132
5702 19 180 132
5703 20 122 132
5704 21 256 132
5705 22 243 132
5706 23 79 132
5707 24 84 132
5708 25 218 132
5709 26 33 132
5710 27 51 132
5711 28 175 132
5712 29 112 132
5713 30 31 132
5714 31 61 132
5715 32 154 132
5716 33 170 132
5717 34 93 132
5718 35 38 132
5719 36 21 132
5720 37 204 132
5721 38 183 132
5722 0 21 133
5723 1 98 133
5724 2 87 133
5725 3 96 133
5726 4 164 133
5727 5 31 133
5728 6 126 133
5729 7 114 133
5730 8 236 133
5731 9 191 133
5732 10 216 133
5733 11 2 133
5734 12 69 133
5735 13 45 133
5736 14 201 133
5737 16 154 133
5738 15 47 133
5739 17 236 133
5740 18 203 133
5741 19 36 133
5742 20 186 133
5743 21 45 133
5744 22 80 133
5745 23 46 133
5746 24 208 133
5747 25 181 133
5748 26 55 133
5749 27 147 133
5750 28 226 133
5751 29 249 133
5752 30 92 133
5753 31 158 133
5754 32 128 133
5755 33 53 133
5756 34 28 133
5757 35 140 133
5758 36 186 133
5759 37 245 133
5760 38 117 133
5761 39 87 133
5762 0 204 134
5763 1 167 134
5764 2 210 134
5765 3 187 134
5766 4 200 134
5767 5 144 134
5768 6 123 134
5769 7 133 134
5770 8 198 134
5771 9 195 134
5772 10 73 134
5773 11 45 134
5774 12 197 134
5775 13 72 134
5776 14 108 134
5777 15 211 134
5778 16 214 134
5779 17 104 134
5780 18 89 134
5781 19 254 134
5782 20 130 134
5783 21 245 134
5784 22 193 134
5785 23 55 134
5786 24 6 134
5787 25 180 134
5788 26 71 134
5789 27 24 134
5790 28 146 134
5791 29 119 134
5792 30 24 134
5793 31 90 134
5794 32 107 134
5795 33 138 134
5796 34 90 134
5797 35 181 134
5798 36 160 134
5799 37 255 134
5800 38 220 134
5801 39 255 134
5802 40 175 134
5803 0 92 135
5804 1 226 135
5805 2 8 135
5806 3 239 135
5807 4 164 135
5808 5 15 135
5809 6 169 135
5810 7 255 135
5811 8 20 135
5812 9 93 135
5813 10 131 135
5814 11 128 135
5815 12 56 135
5816 13 247 135
5817 14 205 135
5818 15 50 135
5819 16 36 135
5820 17 141 135
5821 18 47 135
5822 19 5 135
5823 20 45 135
5824 21 122 135
5825 22 128 135
5826 23 108 135
5827 24 113 135
5828 25 179 135
5829 26 254 135
5830 27 31 135
5831 28 213 135
5832 29 143 135
5833 30 97 135
5834 31 102 135
5835 32 187 135
5836 33 59 135
5837 34 228 135
5838 35 141 135
5839 36 152 135
5840 37 246 135
5841 38 156 135
5842 39 129 135
5843 40 43 135
5844 0 46 136
5845 41 120 135
5846 1 194 136
5847 2 92 136
5848 3 107 136
5849 4 21 136
5850 5 241 136
5851 6 194 136
5852 7 104 136
5853 8 63 136
5854 9 152 136
5855 10 136 136
5856 11 141 136
5857 12 96 136
5858 13 11 136
5859 14 234 136
5860 15 25 136
5861 17 197 136
5862 18 254 136
5863 19 11 136
5864 20 232 136
5865 21 176 136
5866 22 155 136
5867 23 147 136
5868 24 139 136
5869 25 108 136
5870 26 145 136
5871 27 64 136
5872 28 52 136
5873 29 99 136
5874 30 160 136
5875 31 231 136
5876 32 203 136
5877 33 207 136
5878 34 176 136
5879 35 176 136
5880 36 239 136
5881 37 43 136
5882 42 150 137
5883 41 182 136
5884 40 182 136
5885 39 91 136
5886 38 8 136
5887 0 178 137
5888 1 47 137
5889 2 76 137
5890 3 184 137
5891 4 182 137
5892 5 236 137
5893 6 215 137
5894 17 140 137
5895 18 12 137
5896 19 189 137
5897 20 74 137
5898 21 28 137
5899 22 207 137
5900 23 89 137
5901 24 38 137
5902 25 34 137
5903 26 173 137
5904 27 252 137
5905 28 164 137
5906 29 253 137
5907 30 100 137
5908 31 24 137
5909 32 76 137
5910 33 227 137
5911 34 236 137
5912 35 229 137
5913 36 239 137
5914 43 107 138
5915 42 182 138
5916 41 166 137
5917 40 166 137
5918 39 83 137
5919 38 253 137
5920 37 245 137
5921 0 86 138
5922 1 55 138
5923 2 52 138
5924 3 167 138
5925 4 114 138
5926 5 75 138
5927 18 14 138
5928 20 228 138
5929 21 111 138
5930 22 187 138
5931 23 182 138
5932 24 220 138
5933 25 67 138
5934 26 61 138
5935 27 140 138
5936 28 100 138
5937 29 202 138
5938 30 44 138
5939 31 100 138
5940 32 125 138
5941 33 33 138
5942 34 245 138
5943 35 242 138
5944 36 194 138
5945 44 50 139
5946 43 75 139
5947 42 166 139
5948 41 174 138
5949 40 174 138
5950 39 87 138
5951 38 2 138
5952 37 231 138
5953 0 125 139
5954 1 234 139
5955 2 20 139
5956 3 65 139
5957 4 40 139
5958 5 179 139
5959 21 170 139
5960 23 11 139
5961 24 255 139
5962 25 254 139
5963 26 183 139
5964 27 40 139
5965 28 144 139
5966 29 24 139
5967 30 131 139
5968 31 106 139
5969 32 51 139
5970 33 28 139
5971 34 15 139
5972 35 78 139
5973 36 11 139
5974 37 13 139
5975 45 232 140
5976 44 232 140
5977 43 91 140
5978 42 174 140
5979 41 170 139
5980 40 170 139
5981 39 85 139
5982 38 256 139
5983 0 246 140
5984 1 43 140
5985 2 244 140
5986 3 69 140
5987 4 85 140
5988 5 4 140
5989 23 39 140
5990 24 2 140
5991 25 136 140
5992 26 129 140
5993 27 26 140
5994 28 103 140
5995 29 198 140
5996 30 161 140
5997 31 83 140
5998 32 148 140
5999 33 171 140
6000 34 32 140
6001 35 213 140
6002 36 74 140
6003 37 246 140
6004 46 232 142
6005 45 141 141
6006 44 141 141
6007 43 83 141
6008 42 170 141
6009 41 172 140
6010 40 172 140
6011 39 86 140
6012 38 129 140
6013 0 173 141
6014 1 212 141
6015 2 134 141
6016 3 203 141
6017 4 246 141
6018 25 229 141
6019 27 186 141
6020 28 38 141
6021 29 33 141
6022 30 254 141
6023 31 76 141
6024 32 185 141
6025 33 60 141
6026 34 81 141
6027 35 218 141
6028 36 226 141
6029 37 182 141
6030 38 44 141
6031 39 41 141
6032 47 25 143
6033 46 141 143
6034 45 58 142
6035 44 58 142
6036 43 87 142
6037 42 172 142
6038 41 171 141
6039 40 171 141
6040 0 184 142
6041 1 201 142
6042 2 130 142
6043 3 222 142
6044 4 140 142
6045 27 47 142
6046 28 167 142
6047 29 35 142
6048 30 36 142
6049 31 219 142
6050 32 12 142
6051 33 71 142
6052 34 136 142
6053 35 206 142
6054 36 26 142
6055 37 50 142
6056 38 197 142
6057 39 220 142
6058 40 85 142
6059 48 163 144
6060 47 116 144
6061 46 58 144
6062 45 228 143
6063 44 228 143
6064 43 85 143
6065 42 171 143
6066 41 43 142
6067 0 193 143
6068 1 254 143
6069 2 156 143
6070 3 83 143
6071 4 35 143
6072 28 72 143
6073 30 80 143
6074 31 177 143
6075 32 212 143
6076 35 245 143
6077 34 48 143
6078 33 4 143
6079 36 206 143
6080 37 197 143
6081 38 145 143
6082 39 171 143
6083 40 208 143
6084 41 186 143
6085 49 47 145
6086 48 47 145
6087 47 199 145
6088 46 228 145
6089 45 143 144
6090 44 143 144
6091 43 86 144
6092 42 43 144
6093 0 173 144
6094 1 114 144
6095 2 148 144
6096 3 149 144
6097 31 222 144
6098 32 200 144
6099 33 52 144
6100 34 53 144
6101 35 24 144
6102 36 225 144
6103 37 215 144
6104 38 232 144
6105 39 80 144
6106 40 98 144
6107 41 56 144
6108 0 112 145
6109 1 94 145
6110 50 210 146
6111 49 105 146
6112 48 105 146
6113 47 29 146
6114 46 143 146
6115 45 57 145
6116 44 57 145
6117 43 214 145
6118 42 107 145
6119 2 4 145
6120 3 254 145
6121 31 191 145
6122 32 115 145
6123 33 125 145
6124 38 241 145
6125 34 205 145
6126 35 76 145
6127 37 16 145
6128 36 16 145
6129 39 61 145
6130 40 235 145
6131 41 66 145
6132 0 145 146
6133 1 202 146
6134 51 210 148
6135 50 152 147
6136 49 76 147
6137 48 76 147
6138 47 114 147
6139 46 57 147
6140 45 100 146
6141 44 100 146
6142 43 150 146
6143 42 75 146
6144 2 150 146
6145 3 121 146
6146 34 128 146
6147 35 106 146
6148 39 91 146
6149 38 8 146
6150 36 122 146
6151 40 251 146
6152 37 249 146
6153 41 235 146
6154 0 64 147
6155 1 41 147
6156 2 50 147
6157 52 210 150
6158 51 152 149
6159 50 181 148
6160 49 219 148
6161 48 219 148
6162 47 200 148
6163 46 100 148
6164 45 207 147
6165 44 207 147
6166 43 182 147
6167 42 91 147
6168 35 80 147
6169 36 64 147
6170 37 164 147
6171 40 166 147
6172 39 83 147
6173 38 253 147
6174 41 178 147
6175 0 133 148
6176 1 249 148
6177 2 8 148
6178 35 241 148
6179 53 35 150
6180 52 152 151
6181 51 181 150
6182 50 38 149
6183 49 19 149
6184 48 19 149
6185 47 157 149
6186 46 207 149
6187 45 25 148
6188 44 25 148
6189 43 166 148
6190 42 83 148
6191 37 128 148
6192 38 85 148
6193 41 174 148
6194 40 174 148
6195 39 87 148
6196 0 95 149
6197 1 136 149
6198 38 4 149
6199 2 217 149
6200 54 222 151
6201 53 111 151
6202 52 181 152
6203 51 38 151
6204 50 238 150
6205 49 119 150
6206 48 119 150
6207 47 50 150
6208 46 25 150
6209 45 116 149
6210 44 116 149
6211 43 174 149
6212 42 87 149
6213 39 80 149
6214 0 183 150
6215 41 170 149
6216 40 170 149
6217 1 45 150
6218 40 83 150
6219 39 170 150
6220 55 222 153
6221 54 146 152
6222 53 73 152
6223 52 38 153
6224 51 238 152
6225 50 138 151
6226 49 69 151
6227 48 69 151
6228 47 232 151
6229 46 116 151
6230 45 199 150
6231 44 199 150
6232 43 170 150
6233 42 85 150
6234 0 110 151
6235 42 170 151
6236 41 172 150
6237 1 204 151
6238 41 87 151
6239 57 225 154
6240 55 146 154
6241 54 184 153
6242 53 92 153
6243 52 238 154
6244 51 138 153
6245 50 188 152
6246 49 94 152
6247 48 94 152
6248 47 141 152
6249 46 199 152
6250 45 29 151
6251 44 29 151
6252 43 172 151
6253 0 156 152
6254 43 87 152
6255 42 172 152
6256 1 51 152
6257 56 177 155
6258 57 236 155
6259 55 184 155
6260 54 165 154
6261 53 211 154
6262 52 138 155
6263 51 188 154
6264 50 163 153
6265 49 210 153
6266 48 210 153
6267 47 58 153
6268 46 29 153
6269 45 114 152
6270 44 114 152
6271 0 39 153
6272 44 228 153
6273 43 85 153
6274 58 220 156
6275 56 251 156
6276 57 29 156
6277 55 165 156
6278 54 46 155
6279 53 23 155
6280 52 188 156
6281 51 163 155
6282 50 47 154
6283 49 152 154
6284 48 152 154
6285 47 228 154
6286 46 114 154
6287 45 200 153
6288 0 74 154
6289 45 143 154
6290 59 220 158
6291 58 147 157
6292 56 103 157
6293 57 169 157
6294 55 46 157
6295 54 234 156
6296 53 117 156
6297 52 163 157
6298 51 47 156
6299 50 105 155
6300 49 181 155
6301 48 181 155
6302 47 143 155
6303 46 200 155
6304 0 147 155
6305 60 220 160
6306 59 147 159
6307 58 55 158
6308 56 93 158
6309 57 145 158
6310 55 234 158
6311 54 140 157
6312 53 70 157
6313 52 47 158
6314 51 105 157
6315 50 76 156
6316 49 38 156
6317 48 38 156
6318 47 57 156
6319 61 110 160
6320 60 147 161
6321 59 55 160
6322 58 101 159
6323 56 133 159
6324 57 134 159
6325 55 140 159
6326 54 187 158
6327 53 222 158
6328 52 105 159
6329 51 76 158
6330 50 219 157
6331 49 238 157
6332 62 49 161
6333 61 202 161
6334 60 55 162
6335 59 101 161
6336 58 78 160
6337 56 164 160
6338 57 151 160
6339 55 187 160
6340 54 35 159
6341 53 146 159
6342 52 76 160
6343 51 219 159
6344 63 49 163
6345 62 104 162
6346 61 156 162
6347 60 101 163
6348 59 78 162
6349 58 218 161
6350 56 50 161
6351 57 201 161
6352 55 35 161
6353 54 111 160
6354 53 184 160
6355 64 208 164
6356 63 104 164
6357 62 205 163
6358 61 179 163
6359 60 78 164
6360 59 218 163
6361 58 148 162
6362 56 221 162
6363 57 211 162
6364 55 111 162
6365 65 153 165
6366 64 153 165
6367 63 205 165
6368 62 26 164
6369 61 39 164
6370 60 218 165
6371 59 148 164
6372 58 183 163
6373 56 179 163
6374 66 206 166
6375 65 52 166
6376 64 52 166
6377 63 26 166
6378 62 244 165
6379 61 109 165
6380 60 148 166
6381 59 183 165
6382 67 206 168
6383 66 154 167
6384 65 231 167
6385 64 231 167
6386 63 244 167
6387 62 135 166
6388 61 74 166
6389 68 51 169
6390 67 154 169
6391 66 180 168
6392 65 13 168
6393 64 13 168
6394 63 135 168
6395 69 103 170
6396 68 103 170
6397 67 180 170
6398 66 167 169
6399 65 122 169
6400 70 103 172
6401 69 77 171
6402 68 77 171
6403 67 167 171
6404 71 120 172
6405 70 77 173
6406 69 90 172
6407 72 120 174
6408 71 197 173
6409 73 197 175
6410 74 77 177
6411 72 15 175
6412 70 34 174
6413 68 40 172
6414 66 84 170
6415 64 21 169
6416 62 224 167
6417 60 201 167
6418 58 169 164
6419 57 184 163
6420 54 108 161
6421 52 230 161
6422 50 31 158
6423 48 24 157
6424 46 3 156
6425 44 64 154
6426 42 8 153
6427 40 85 151
6428 38 107 150
6429 36 141 148
6430 34 114 147
6431 32 138 146
6432 30 47 144
6433 29 176 143
6434 26 211 141
6435 24 140 141
6436 22 111 139
6437 20 165 139
6438 19 151 138
6439 16 183 136
6440 14 73 137
6441 11 216 137
6442 7 84 137
6443 8 105 137
6444 9 82 137
6445 10 103 137
6446 12 72 137
6447 13 60 137
6448 75 197 177
6449 73 121 176
6450 71 97 174
6451 69 237 173
6452 67 84 172
6453 65 118 170
6454 63 224 169
6455 61 229 167
6456 59 169 166
6457 56 74 164
6458 55 108 163
6459 53 124 161
6460 51 31 160
6461 49 245 158
6462 47 254 157
6463 45 225 155
6464 43 249 154
6465 41 86 152
6466 39 50 151
6467 37 58 149
6468 35 114 149
6469 33 69 146
6470 31 47 146
6471 28 243 144
6472 27 211 143
6473 25 187 142
6474 23 111 141
6475 21 202 140
6476 18 200 139
6477 17 183 138
6478 15 110 137
6479 16 103 137
6480 6 209 138
6481 7 159 138
6482 8 64 138
6483 9 2 138
6484 10 244 138
6485 76 197 179
6486 74 121 178
6487 72 97 176
6488 70 237 175
6489 68 173 173
6490 66 132 171
6491 64 33 170
6492 62 95 168
6493 60 169 168
6494 58 82 165
6495 57 102 164
6496 54 133 162
6497 52 31 162
6498 50 12 159
6499 48 1 158
6500 46 225 157
6501 44 174 155
6502 42 86 154
6503 40 207 152
6504 38 58 151
6505 36 38 149
6506 34 69 148
6507 32 70 147
6508 30 184 145
6509 29 102 144
6510 26 148 142
6511 24 220 142
6512 22 101 140
6513 20 39 140
6514 19 65 139
6515 11 41 138
6516 14 78 138
6517 12 190 138
6518 13 202 138
6519 15 119 138
6520 16 195 138
6521 77 30 180
6522 75 126 178
6523 73 80 177
6524 71 79 175
6525 69 42 174
6526 67 132 173
6527 65 112 171
6528 63 95 170
6529 61 213 168
6530 59 82 167
6531 56 140 165
6532 55 133 164
6533 53 48 162
6534 51 12 161
6535 49 128 159
6536 47 32 158
6537 45 170 156
6538 43 171 155
6539 41 25 153
6540 39 152 152
6541 37 238 150
6542 35 69 150
6543 33 35 147
6544 31 184 147
6545 28 116 145
6546 27 148 144
6547 25 147 143
6548 23 101 142
6549 21 244 141
6550 18 246 140
6551 17 104 139
6552 6 179 139
6553 7 10 139
6554 8 166 139
6555 9 117 139
6556 78 227 181
6557 76 126 180
6558 74 80 179
6559 72 79 177
6560 70 42 176
6561 68 125 174
6562 66 134 172
6563 64 162 171
6564 62 186 169
6565 60 82 169
6566 58 239 166
6567 57 76 165
6568 54 209 163
6569 52 12 163
6570 50 129 160
6571 48 75 159
6572 46 170 158
6573 44 200 156
6574 42 25 155
6575 40 105 153
6576 38 238 152
6577 36 23 150
6578 34 35 149
6579 32 110 148
6580 30 179 146
6581 29 101 145
6582 26 49 143
6583 24 52 143
6584 22 122 141
6585 20 98 141
6586 19 251 140
6587 10 63 139
6588 14 196 139
6589 11 215 139
6590 79 227 183
6591 77 194 181
6592 75 198 179
6593 73 89 178
6594 71 14 176
6595 69 66 175
6596 67 134 174
6597 65 176 172
6598 63 186 171
6599 61 41 169
6600 59 239 168
6601 56 178 166
6602 55 209 165
6603 53 2 163
6604 51 129 162
6605 49 91 160
6606 47 87 159
6607 45 157 157
6608 43 232 156
6609 41 76 154
6610 39 92 153
6611 37 117 151
6612 35 35 151
6613 33 55 148
6614 31 179 148
6615 28 104 146
6616 27 49 145
6617 25 231 144
6618 23 122 143
6619 21 53 142
6620 18 185 141
6621 17 90 140
6622 15 151 139
6623 80 10 184
6624 78 63 182
6625 76 198 181
6626 74 89 180
6627 72 14 178
6628 70 66 177
6629 68 123 175
6630 66 27 173
6631 64 71 172
6632 62 72 170
6633 60 239 170
6634 58 192 167
6635 57 223 166
6636 54 255 164
6637 52 129 164
6638 50 166 161
6639 48 228 160
6640 46 157 159
6641 44 94 157
6642 42 76 156
6643 40 165 154
6644 38 117 153
6645 36 183 151
6646 34 55 150
6647 32 26 149
6648 30 61 147
6649 29 118 146
6650 26 77 144
6651 24 45 144
6652 22 155 142
6653 20 154 142
6654 19 214 141
6655 81 252 185
6656 79 63 184
6657 77 158 182
6658 75 201 180
6659 73 250 179
6660 71 22 177
6661 69 67 176
6662 67 27 175
6663 65 93 173
6664 63 72 172
6665 61 248 170
6666 59 192 169
6667 56 155 167
6668 55 255 166
6669 53 150 164
6670 51 166 163
6671 49 143 161
6672 47 100 160
6673 45 210 158
6674 43 181 157
6675 41 46 155
6676 39 218 154
6677 37 37 152
6678 35 55 152
6679 33 13 149
6680 31 61 149
6681 28 19 147
6682 27 77 146
6683 25 106 145
6684 23 155 144
6685 21 120 143
6686 82 5 186
6687 80 236 185
6688 78 99 183
6689 76 201 182
6690 74 250 181
6691 72 22 179
6692 70 67 178
6693 68 230 176
6694 66 226 174
6695 64 185 173
6696 62 3 171
6697 60 192 171
6698 58 8 168
6699 57 188 167
6700 54 107 165
6701 52 166 165
6702 50 114 162
6703 48 138 161
6704 46 210 160
6705 44 111 158
6706 42 46 157
6707 40 39 155
6708 38 37 154
6709 36 104 152
6710 34 13 151
6711 32 151 150
6712 30 206 148
6713 29 69 147
6714 26 121 145
6715 24 34 145
6716 83 5 188
6717 81 139 186
6718 79 99 185
6719 77 28 183
6720 75 169 181
6721 73 246 180
6722 71 108 178
6723 69 142 177
6724 67 226 176
6725 65 36 174
6726 63 3 173
6727 61 96 171
6728 59 8 170
6729 56 72 168
6730 55 107 167
6731 53 199 165
6732 51 114 164
6733 49 188 162
6734 47 47 161
6735 45 73 159
6736 43 211 158
6737 41 109 156
6738 39 159 155
6739 37 205 153
6740 35 13 153
6741 33 204 150
6742 31 206 150
6743 28 190 148
6744 27 121 147
6745 84 84 189
6746 82 118 187
6747 80 224 186
6748 78 229 184
6749 76 169 183
6750 74 246 182
6751 72 108 180
6752 70 142 179
6753 68 31 177
6754 66 245 175
6755 64 254 174
6756 62 225 172
6757 60 8 172
6758 58 86 169
6759 57 229 168
6760 54 58 166
6761 52 114 166
6762 50 69 163
6763 48 70 162
6764 46 73 161
6765 44 101 159
6766 42 109 158
6767 40 98 156
6768 38 205 155
6769 36 90 153
6770 34 204 152
6771 32 17 151
6772 30 30 149
6773 85 42 189
6774 83 118 189
6775 81 145 187
6776 79 229 186
6777 77 44 184
6778 75 82 182
6779 73 203 181
6780 71 133 179
6781 69 113 178
6782 67 245 177
6783 65 130 175
6784 63 225 174
6785 61 4 172
6786 59 86 171
6787 56 68 169
6788 55 58 168
6789 53 19 166
6790 51 69 165
6791 49 222 163
6792 47 184 162
6793 45 78 160
6794 43 148 159
6795 41 208 157
6796 39 103 156
6797 37 212 154
6798 35 204 154
6799 33 137 151
6800 86 42 191
6801 84 132 190
6802 82 112 188
6803 80 95 187
6804 78 213 185
6805 76 82 184
6806 74 203 183
6807 72 133 181
6808 70 113 180
6809 68 12 178
6810 66 128 176
6811 64 32 175
6812 62 170 173
6813 60 86 173
6814 58 25 170
6815 57 224 169
6816 54 238 167
6817 52 69 167
6818 50 35 164
6819 48 110 163
6820 46 78 162
6821 44 122 160
6822 42 208 159
6823 40 154 157
6824 38 212 156
6825 36 68 154
6826 87 42 193
6827 85 66 190
6828 83 112 190
6829 81 81 188
6830 79 213 187
6831 77 216 185
6832 75 239 183
6833 73 62 182
6834 71 209 180
6835 69 251 179
6836 67 128 178
6837 65 241 176
6838 63 170 175
6839 61 43 173
6840 59 25 172
6841 56 118 170
6842 55 238 169
6843 53 140 167
6844 51 35 166
6845 49 202 164
6846 47 179 163
6847 45 196 161
6848 43 49 160
6849 41 180 158
6850 39 15 157
6851 89 66 194
6852 86 66 192
6853 84 134 191
6854 82 176 189
6855 80 186 188
6856 78 41 186
6857 76 239 185
6858 74 62 184
6859 72 209 182
6860 70 251 181
6861 68 129 179
6862 66 91 177
6863 64 87 176
6864 62 157 174
6865 60 25 174
6866 58 76 171
6867 57 149 170
6868 54 117 168
6869 52 35 168
6870 50 55 165
6871 48 26 164
6872 46 196 163
6873 44 155 161
6874 42 180 160
6875 88 168 195
6876 87 66 194
6877 85 67 191
6878 83 176 191
6879 81 164 189
6880 79 41 188
6881 77 9 186
6882 75 192 184
6883 73 24 183
6884 71 255 181
6885 69 64 180
6886 67 91 179
6887 65 85 177
6888 63 157 176
6889 61 141 174
6890 59 76 173
6891 56 168 171
6892 55 117 170
6893 53 220 168
6894 51 55 167
6895 49 244 165
6896 47 61 164
6897 45 51 162
6898 90 250 196
6899 89 177 195
6900 86 67 193
6901 84 27 192
6902 82 93 190
6903 80 72 189
6904 78 248 187
6905 76 192 186
6906 74 24 185
6907 72 255 183
6908 70 64 182
6909 68 166 180
6910 66 143 178
6911 64 100 177
6912 62 210 175
6913 60 76 175
6914 58 46 172
6915 57 62 171
6916 54 37 169
6917 52 55 169
6918 50 13 166
6919 48 151 165
6920 91 250 198
6921 88 113 196
6922 87 67 195
6923 85 142 192
6924 83 93 192
6925 81 221 190
6926 79 248 189
6927 77 161 187
6928 75 8 185
6929 73 1 184
6930 71 107 182
6931 69 174 181
6932 67 143 180
6933 65 207 178
6934 63 210 177
6935 61 38 175
6936 59 46 174
6937 56 14 172
6938 55 37 171
6939 53 52 169
6940 51 13 168
6941 92 7 199
6942 90 246 197
6943 89 194 196
6944 86 142 194
6945 84 226 193
6946 82 36 191
6947 80 3 190
6948 78 96 188
6949 76 8 187
6950 74 1 186
6951 72 107 184
6952 70 174 183
6953 68 114 181
6954 66 188 179
6955 64 47 178
6956 62 73 176
6957 60 46 176
6958 58 109 173
6959 56 37 173
6960 54 205 170
6961 93 44 199
6962 91 246 199
6963 88 16 197
6964 87 142 196
6965 85 113 193
6966 83 36 193
6967 81 127 191
6968 79 96 190
6969 77 253 188
6970 75 86 186
6971 73 75 185
6972 71 58 183
6973 69 200 182
6974 67 188 181
6975 65 105 179
6976 63 73 178
6977 61 23 176
6978 59 109 175
6979 57 208 172
6980 94 44 201
6981 92 11 200
6982 90 203 198
6983 89 52 197
6984 86 113 195
6985 84 245 194
6986 82 130 192
6987 80 225 191
6988 78 4 189
6989 76 86 188
6990 74 75 187
6991 72 58 185
6992 70 200 184
6993 68 69 182
6994 66 222 180
6995 64 184 179
6996 62 78 177
6997 60 109 177
6998 95 44 203
6999 93 216 200
7000 91 203 200
7001 88 147 198
7002 87 113 197
7003 85 251 194
7004 83 130 194
7005 81 16 192
7006 79 4 191
7007 77 214 189
7008 75 25 187
7009 73 228 186
7010 71 238 184
7011 69 94 183
7012 67 222 182
7013 65 165 180
7014 63 78 179
7015 96 213 204
7016 94 216 202
7017 92 54 201
7018 90 62 199
7019 89 62 198
7020 86 251 196
7021 84 128 195
7022 82 241 193
7023 80 170 192
7024 78 43 190
7025 76 25 189
7026 74 228 188
7027 72 238 186
7028 70 94 185
7029 68 35 183
7030 66 202 181
7031 97 22 205
7032 95 216 204
7033 93 9 201
7034 91 62 201
7035 88 6 199
7036 87 251 198
7037 85 64 195
7038 83 241 195
7039 81 172 193
7040 79 43 192
7041 77 116 190
7042 75 76 188
7043 73 138 187
7044 71 117 185
7045 69 111 184
7046 98 164 206
7047 96 41 205
7048 94 9 203
7049 92 195 202
7050 90 24 200
7051 89 14 199
7052 86 64 197
7053 84 91 196
7054 82 85 194
7055 80 157 193
7056 78 141 191
7057 76 76 190
7058 74 138 189
7059 72 117 187
7060 99 93 207
7061 97 108 206
7062 95 9 205
7063 93 161 202
7064 91 24 202
7065 88 184 200
7066 87 64 199
7067 85 174 196
7068 83 85 196
7069 81 50 194
7070 79 141 193
7071 77 219 191
7072 75 46 189
7073 100 93 209
7074 98 221 207
7075 96 248 206
7076 94 161 204
7077 92 233 203
7078 90 1 201
7079 89 43 200
7080 86 174 198
7081 84 143 197
7082 82 207 195
7083 80 210 194
7084 78 38 192
7085 101 82 210
7086 99 36 208
7087 97 133 207
7088 95 161 206
7089 93 253 203
7090 91 1 203
7091 88 241 201
7092 87 174 200
7093 85 200 197
7094 83 207 197
7095 81 152 195
7096 102 144 211
7097 100 36 210
7098 98 127 208
7099 96 96 207
7100 94 253 205
7101 92 256 204
7102 90 75 202
7103 89 174 201
7104 86 200 199
7105 84 188 198
7106 103 113 212
7107 101 239 211
7108 99 130 209
7109 97 209 208
7110 95 253 207
7111 93 214 204
7112 91 75 204
7113 88 29 202
7114 87 200 201
7115 104 113 214
7116 102 6 212
7117 100 130 211
7118 98 16 209
7119 96 4 208
7120 94 214 206
7121 92 182 205
7122 90 228 203
7123 105 72 215
7124 103 251 213
7125 101 192 212
7126 99 241 210
7127 97 255 209
7128 95 214 208
7129 93 116 205
7130 106 185 216
7131 104 251 215
7132 102 193 213
7133 100 241 212
7134 98 172 210
7135 96 43 209
7136 107 24 217
7137 105 3 216
7138 103 64 214
7139 101 8 213
7140 99 85 211
7141 108 24 219
7142 106 254 217
7143 104 64 216
7144 102 83 214
7145 109 245 220
7146 107 1 218
7147 105 225 217
7148 110 12 221
7149 108 1 220
7150 111 12 223
7151 12 227 139
7152 13 235 139
7153 16 213 139
7154 6 91 140
7155 7 155 140
7156 9 124 140
7157 8 1 140
7158 10 229 140
7159 11 70 140
7160 12 229 140
7161 13 217 140
7162 14 210 140
7163 15 179 140
7164 5 122 141
7165 6 124 141
7166 5 232 142
7167 5 232 143
7168 4 46 144
7169 5 4 144
7170 4 141 145
7171 4 141 146
7172 3 52 147
7173 4 248 147
7174 3 58 148
7175 3 58 149
7176 2 65 150
7177 3 101 150
7178 2 228 151
7179 2 228 152
7180 1 179 153
7181 2 161 153
7182 1 143 154
7183 1 143 155
7184 0 126 156
7185 1 125 156
7186 0 57 157
7187 0 57 158
7188 0 57 159
7189 0 57 160
7190 0 57 161
7191 16 53 140
7192 7 181 141
7193 8 236 141
7194 9 192 141
7195 10 69 141
7196 11 178 141
7197 12 88 141
7198 13 68 141
7199 14 13 141
7200 15 169 141
7201 16 123 141
7202 17 238 141
7203 6 126 142
7204 7 198 142
7205 8 126 142
7206 9 55 142
7207 10 250 142
7208 18 188 142
7209 6 181 143
7210 6 181 144
7211 5 62 145
7212 6 30 145
7213 5 38 146
7214 5 38 147
7215 4 197 148
7216 5 185 148
7217 4 238 149
7218 4 238 150
7219 3 173 151
7220 4 134 151
7221 3 138 152
7222 3 138 153
7223 2 99 154
7224 3 213 154
7225 2 188 155
7226 2 188 156
7227 1 179 157
7228 2 182 157
7229 11 31 142
7230 12 158 142
7231 13 48 142
7232 14 34 142
7233 15 121 142
7234 16 6 142
7235 17 137 142
7236 19 221 142
7237 7 177 143
7238 8 62 143
7239 9 256 143
7240 10 135 143
7241 11 72 143
7242 12 71 143
7243 13 205 143
7244 14 193 143
7245 15 203 143
7246 17 79 143
7247 18 255 143
7248 20 175 143
7249 22 28 143
7250 7 211 144
7251 7 211 145
7252 6 97 146
7253 7 48 146
7254 6 23 147
7255 6 23 148
7256 5 218 149
7257 6 69 149
7258 5 117 150
7259 5 117 151
7260 4 79 152
7261 5 72 152
7262 4 70 153
7263 4 70 154
7264 3 252 155
7265 16 195 143
7266 19 143 143
7267 8 104 144
7268 9 200 144
7269 10 251 144
7270 11 119 144
7271 12 247 144
7272 13 60 144
7273 14 247 144
7274 15 45 144
7275 16 124 144
7276 17 18 144
7277 18 73 144
7278 19 250 144
7279 20 45 144
7280 21 179 144
7281 22 189 144
7282 8 235 145
7283 9 248 145
7284 10 88 145
7285 11 126 145
7286 12 151 145
7287 13 69 145
7288 21 5 145
7289 8 179 146
7290 24 22 146
7291 7 157 147
7292 8 240 147
7293 7 183 148
7294 7 183 149
7295 6 120 150
7296 7 207 150
7297 6 37 151
7298 6 37 152
7299 14 188 145
7300 15 12 145
7301 16 226 145
7302 17 164 145
7303 18 124 145
7304 19 45 145
7305 20 86 145
7306 22 124 145
7307 23 206 145
7308 9 182 146
7309 10 122 146
7310 11 167 146
7311 12 151 146
7312 13 103 146
7313 14 87 146
7314 15 161 146
7315 16 77 146
7316 17 9 146
7317 18 192 146
7318 19 15 146
7319 20 209 146
7320 21 226 146
7321 22 128 146
7322 23 126 146
7323 25 104 146
7324 26 120 146
7325 9 189 147
7326 10 145 147
7327 25 137 147
7328 8 149 148
7329 9 209 148
7330 8 104 149
7331 11 209 147
7332 12 127 147
7333 13 149 147
7334 14 15 147
7335 15 21 147
7336 16 6 147
7337 17 26 147
7338 18 72 147
7339 19 5 147
7340 20 92 147
7341 21 213 147
7342 22 120 147
7343 23 60 147
7344 24 24 147
7345 26 63 147
7346 10 164 148
7347 11 85 148
7348 12 251 148
7349 13 51 148
7350 14 63 148
7351 15 236 148
7352 16 78 148
7353 17 186 148
7354 18 121 148
7355 19 246 148
7356 20 107 148
7357 21 222 148
7358 24 223 148
7359 26 115 148
7360 27 108 148
7361 22 135 148
7362 23 78 148
7363 25 68 148
7364 29 89 148
7365 9 12 149
7366 10 73 149
7367 11 137 149
7368 12 97 149
7369 13 251 149
7370 14 58 149
7371 15 155 149
7372 16 251 149
7373 17 233 149
7374 18 101 149
7375 19 85 149
7376 20 241 149
7377 21 250 149
7378 22 7 149
7379 23 168 149
7380 24 196 149
7381 25 91 149
7382 26 200 149
7383 27 166 149
7384 28 21 149
7385 29 217 149
7386 8 118 150
7387 9 193 150
7388 10 247 150
7389 11 184 150
7390 12 50 150
7391 13 223 150
7392 14 148 150
7393 15 100 150
7394 16 187 150
7395 17 9 150
7396 18 76 150
7397 19 65 150
7398 20 219 150
7399 21 92 150
7400 22 82 150
7401 23 122 150
7402 24 218 150
7403 25 51 150
7404 27 41 150
7405 26 143 150
7406 28 231 150
7407 29 96 150
7408 30 53 150
7409 7 224 151
7410 8 256 151
7411 9 251 151
7412 10 21 151
7413 11 57 151
7414 12 142 151
7415 13 3 151
7416 14 17 151
7417 15 22 151
7418 16 59 151
7419 17 32 151
7420 18 85 151
7421 19 243 151
7422 20 20 151
7423 21 47 151
7424 22 50 151
7425 23 255 151
7426 24 113 151
7427 25 133 151
7428 26 156 151
7429 27 117 151
7430 28 207 151
7431 29 138 151
7432 30 223 151
7433 31 233 151
7434 7 219 152
7435 8 190 152
7436 9 69 152
7437 10 215 152
7438 11 151 152
7439 12 131 152
7440 13 48 152
7441 14 135 152
7442 15 163 152
7443 16 9 152
7444 17 212 152
7445 18 131 152
7446 19 203 152
7447 20 107 152
7448 21 235 152
7449 22 208 152
7450 23 238 152
7451 24 150 152
7452 25 31 152
7453 26 234 152
7454 27 170 152
7455 28 72 152
7456 29 248 152
7457 30 144 152
7458 31 22 152
7459 32 229 152
7460 33 64 152
7461 5 61 153
7462 6 190 153
7463 7 7 153
7464 8 199 153
7465 9 73 153
7466 10 63 153
7467 11 149 153
7468 12 72 153
7469 13 139 153
7470 14 64 153
7471 15 146 153
7472 16 168 153
7473 17 110 153
7474 18 36 153
7475 19 252 153
7476 20 2 153
7477 21 204 153
7478 22 21 153
7479 23 51 153
7480 24 162 153
7481 25 245 153
7482 26 97 153
7483 27 195 153
7484 28 125 153
7485 29 117 153
7486 30 246 153
7487 31 32 153
7488 32 158 153
7489 33 252 153
7490 34 236 153
7491 5 30 154
7492 6 40 154
7493 7 54 154
7494 8 154 154
7495 9 135 154
7496 10 180 154
7497 11 97 154
7498 12 253 154
7499 13 201 154
7500 14 205 154
7501 15 204 154
7502 16 143 154
7503 17 243 154
7504 18 49 154
7505 19 138 154
7506 20 219 154
7507 21 185 154
7508 22 95 154
7509 23 177 154
7510 24 130 154
7511 25 102 154
7512 26 69 154
7513 27 233 154
7514 28 90 154
7515 29 59 154
7516 30 84 154
7517 31 173 154
7518 32 106 154
7519 33 42 154
7520 34 164 154
7521 4 107 155
7522 5 55 155
7523 6 198 155
7524 7 57 155
7525 8 120 155
7526 9 6 155
7527 10 112 155
7528 11 168 155
7529 12 199 155
7530 13 202 155
7531 14 121 155
7532 15 27 155
7533 16 98 155
7534 17 115 155
7535 18 53 155
7536 19 148 155
7537 20 140 155
7538 21 211 155
7539 22 57 155
7540 23 62 155
7541 25 216 155
7542 24 140 155
7543 26 226 155
7544 27 146 155
7545 28 83 155
7546 29 196 155
7547 30 182 155
7548 31 74 155
7549 32 94 155
7550 33 14 155
7551 34 134 155
7552 35 53 155
7553 36 51 155
7554 37 119 155
7555 3 189 156
7556 4 135 156
7557 5 53 156
7558 6 142 156
7559 7 233 156
7560 8 130 156
7561 9 235 156
7562 10 27 156
7563 11 253 156
7564 12 17 156
7565 13 127 156
7566 14 64 156
7567 15 166 156
7568 16 189 156
7569 17 180 156
7570 18 146 156
7571 19 76 156
7572 20 150 156
7573 21 21 156
7574 22 208 156
7575 23 66 156
7576 24 207 156
7577 25 250 156
7578 26 70 156
7579 27 40 156
7580 28 240 156
7581 29 197 156
7582 30 247 156
7583 31 151 156
7584 32 172 156
7585 33 27 156
7586 34 6 156
7587 35 90 156
7588 36 50 156
7589 37 205 156
7590 3 63 157
7591 4 38 157
7592 5 126 157
7593 6 94 157
7594 7 172 157
7595 8 175 157
7596 9 127 157
7597 10 215 157
7598 11 105 157
7599 12 141 157
7600 13 247 157
7601 14 163 157
7602 15 242 157
7603 16 202 157
7604 17 253 157
7605 18 256 157
7606 19 176 157
7607 20 76 157
7608 21 145 157
7609 22 247 157
7610 23 216 157
7611 24 44 157
7612 25 40 157
7613 26 105 157
7614 27 245 157
7615 28 65 157
7616 29 54 157
7617 30 225 157
7618 31 62 157
7619 32 95 157
7620 33 95 157
7621 34 6 157
7622 35 243 157
7623 36 251 157
7624 37 21 157
7625 38 46 157
7626 1 43 158
7627 2 71 158
7628 3 90 158
7629 4 212 158
7630 5 184 158
7631 6 67 158
7632 7 194 158
7633 8 21 158
7634 9 53 158
7635 10 246 158
7636 11 148 158
7637 12 43 158
7638 13 231 158
7639 14 41 158
7640 15 126 158
7641 16 119 158
7642 17 143 158
7643 18 193 158
7644 19 162 158
7645 20 50 158
7646 21 88 158
7647 22 53 158
7648 23 1 158
7649 24 135 158
7650 25 190 158
7651 26 132 158
7652 27 149 158
7653 28 145 158
7654 29 163 158
7655 30 39 158
7656 31 43 158
7657 32 167 158
7658 33 100 158
7659 34 227 158
7660 35 227 158
7661 36 34 158
7662 37 232 158
7663 38 89 158
7664 39 16 158
7665 40 105 158
7666 1 90 159
7667 2 163 159
7668 3 169 159
7669 4 117 159
7670 5 197 159
7671 6 122 159
7672 7 225 159
7673 8 176 159
7674 9 167 159
7675 10 111 159
7676 11 18 159
7677 12 192 159
7678 13 218 159
7679 14 72 159
7680 15 114 159
7681 16 200 159
7682 17 192 159
7683 18 58 159
7684 19 97 159
7685 20 191 159
7686 21 227 159
7687 22 68 159
7688 23 33 159
7689 24 178 159
7690 25 104 159
7691 26 167 159
7692 27 188 159
7693 28 54 159
7694 29 50 159
7695 30 72 159
7696 31 156 159
7697 32 27 159
7698 33 210 159
7699 34 20 159
7700 35 55 159
7701 36 90 159
7702 37 167 159
7703 38 213 159
7704 39 181 159
7705 40 76 159
7706 41 218 159
7707 1 79 160
7708 2 103 160
7709 3 100 160
7710 4 32 160
7711 6 236 160
7712 5 143 160
7713 7 56 160
7714 8 88 160
7715 9 43 160
7716 10 101 160
7717 11 149 160
7718 12 97 160
7719 13 80 160
7720 14 218 160
7721 15 244 160
7722 16 191 160
7723 17 201 160
7724 19 16 160
7725 18 53 160
7726 20 134 160
7727 21 130 160
7728 22 8 160
7729 23 211 160
7730 24 228 160
7731 25 152 160
7732 26 15 160
7733 27 197 160
7734 28 66 160
7735 29 166 160
7736 30 118 160
7737 31 81 160
7738 32 182 160
7739 33 207 160
7740 34 255 160
7741 35 6 160
7742 36 80 160
7743 37 121 160
7744 38 40 160
7745 39 113 160
7746 40 99 160
7747 41 203 160
7748 1 34 161
7749 2 141 161
7750 3 71 161
7751 4 151 161
7752 5 113 161
7753 6 171 161
7754 7 65 161
7755 8 122 161
7756 9 156 161
7757 10 58 161
7758 11 64 161
7759 12 98 161
7760 13 66 161
7761 14 166 161
7762 15 102 161
7763 16 9 161
7764 17 218 161
7765 18 111 161
7766 19 74 161
7767 20 2 161
7768 21 244 161
7769 22 203 161
7770 23 164 161
7771 24 238 161
7772 25 126 161
7773 26 5 161
7774 27 3 161
7775 28 72 161
7776 29 172 161
7777 30 139 161
7778 31 133 161
7779 32 9 161
7780 33 126 161
7781 34 23 161
7782 35 254 161
7783 36 124 161
7784 37 23 161
7785 38 53 161
7786 39 103 161
7787 40 246 161
7788 41 84 161
7789 42 50 161
7790 43 96 161
7791 0 252 162
7792 1 210 162
7793 2 196 162
7794 3 28 162
7795 4 116 162
7796 5 229 162
7797 6 221 162
7798 7 15 162
7799 8 35 162
7800 9 207 162
7801 10 133 162
7802 11 221 162
7803 12 237 162
7804 13 56 162
7805 14 43 162
7806 15 253 162
7807 16 95 162
7808 17 162 162
7809 18 33 162
7810 19 119 162
7811 20 33 162
7812 21 254 162
7813 22 243 162
7814 23 207 162
7815 24 249 162
7816 25 151 162
7817 26 241 162
7818 27 200 162
7819 28 149 162
7820 29 71 162
7821 30 60 162
7822 31 18 162
7823 32 178 162
7824 33 80 162
7825 34 110 162
7826 35 63 162
7827 36 250 162
7828 37 11 162
7829 38 250 162
7830 39 107 162
7831 40 255 162
7832 41 139 162
7833 42 117 162
7834 43 126 162
7835 44 179 162
7836 0 134 163
7837 1 140 163
7838 2 129 163
7839 3 240 163
7840 4 93 163
7841 5 25 163
7842 6 219 163
7843 7 236 163
7844 8 247 163
7845 9 22 163
7846 10 85 163
7847 11 198 163
7848 12 73 163
7849 13 109 163
7850 14 220 163
7851 15 229 163
7852 16 208 163
7853 17 142 163
7854 18 137 163
7855 19 209 163
7856 20 118 163
7857 21 71 163
7858 22 90 163
7859 23 153 163
7860 24 250 163
7861 25 251 163
7862 26 254 163
7863 27 1 163
7864 28 207 163
7865 29 123 163
7866 30 242 163
7867 31 228 163
7868 32 256 163
7869 33 30 163
7870 34 160 163
7871 35 247 163
7872 36 67 163
7873 37 205 163
7874 38 236 163
7875 39 94 163
7876 40 111 163
7877 41 242 163
7878 42 31 163
7879 43 6 163
7880 44 84 163
7881 45 111 163
7882 0 83 164
7883 1 248 164
7884 2 104 164
7885 3 61 164
7886 4 66 164
7887 5 138 164
7888 6 75 164
7889 7 104 164
7890 8 48 164
7891 9 65 164
7892 10 208 164
7893 11 39 164
7894 12 52 164
7895 13 12 164
7896 14 130 164
7897 15 239 164
7898 16 235 164
7899 17 100 164
7900 18 210 164
7901 19 1 164
7902 20 78 164
7903 21 105 164
7904 22 121 164
7905 23 77 164
7906 24 80 164
7907 25 19 164
7908 26 155 164
7909 27 47 164
7910 28 79 164
7911 29 114 164
7912 30 172 164
7913 31 69 164
7914 32 245 164
7915 33 175 164
7916 34 105 164
7917 35 152 164
7918 36 120 164
7919 37 43 164
7920 38 136 164
7921 39 183 164
7922 40 75 164
7923 41 163 164
7924 42 92 164
7925 43 95 164
7926 44 137 164
7927 45 237 164
7928 46 137 164
7929 0 157 165
7930 2 256 165
7931 1 100 165
7932 3 54 165
7933 4 225 165
7934 5 228 165
7935 6 142 165
7936 7 55 165
7937 8 224 165
7938 9 105 165
7939 10 44 165
7940 11 255 165
7941 12 143 165
7942 13 16 165
7943 14 185 165
7944 15 248 165
7945 16 235 165
7946 17 243 165
7947 18 33 165
7948 19 152 165
7949 20 3 165
7950 21 129 165
7951 22 84 165
7952 23 141 165
7953 24 84 165
7954 25 46 165
7955 26 9 165
7956 27 144 165
7957 28 171 165
7958 29 232 165
7959 30 91 165
7960 31 236 165
7961 32 178 165
7962 33 141 165
7963 34 106 165
7964 35 142 165
7965 36 201 165
7966 37 59 165
7967 38 43 165
7968 39 215 165
7969 40 141 165
7970 41 150 165
7971 42 71 165
7972 43 201 165
7973 44 145 165
7974 45 125 165
7975 46 130 165
7976 47 223 165
7977 0 153 166
7978 1 172 166
7979 2 44 166
7980 3 214 166
7981 4 170 166
7982 5 56 166
7983 6 209 166
7984 7 117 166
7985 8 141 166
7986 9 124 166
7987 10 176 166
7988 11 36 166
7989 12 35 166
7990 13 232 166
7991 14 251 166
7992 15 136 166
7993 16 2 166
7994 17 167 166
7995 18 117 166
7996 19 40 166
7997 20 54 166
7998 21 160 166
7999 22 81 166
8000 23 237 166
8001 24 8 166
8002 25 193 166
8003 26 84 166
8004 27 228 166
8005 28 232 166
8006 29 91 166
8007 30 153 166
8008 31 235 166
8009 32 151 166
8010 33 196 166
8011 34 1 166
8012 35 246 166
8013 36 246 166
8014 37 1 166
8015 38 255 166
8016 39 25 166
8017 40 49 166
8018 41 83 166
8019 42 20 166
8020 43 214 166
8021 44 113 166
8022 45 185 166
8023 46 61 166
8024 47 133 166
8025 48 85 166
8026 49 174 166
8027 0 159 167
8028 1 115 167
8029 2 34 167
8030 3 34 167
8031 4 166 167
8032 5 77 167
8033 6 202 167
8034 7 209 167
8035 8 227 167
8036 9 38 167
8037 10 104 167
8038 11 173 167
8039 12 155 167
8040 13 96 167
8041 14 25 167
8042 15 192 167
8043 16 21 167
8044 17 219 167
8045 18 163 167
8046 19 83 167
8047 20 62 167
8048 21 199 167
8049 22 88 167
8050 23 183 167
8051 24 37 167
8052 25 153 167
8053 26 188 167
8054 27 125 167
8055 28 240 167
8056 29 164 167
8057 30 11 167
8058 31 59 167
8059 32 88 167
8060 33 246 167
8061 34 81 167
8062 35 225 167
8063 36 197 167
8064 37 232 167
8065 38 241 167
8066 39 19 167
8067 40 82 167
8068 41 63 167
8069 42 16 167
8070 43 37 167
8071 44 58 167
8072 45 37 167
8073 46 29 167
8074 47 183 167
8075 48 9 167
8076 49 176 167
8077 50 42 167
8078 0 41 168
8079 1 210 168
8080 2 41 168
8081 3 236 168
8082 4 18 168
8083 5 106 168
8084 6 29 168
8085 7 105 168
8086 8 255 168
8087 9 80 168
8088 10 130 168
8089 11 25 168
8090 12 179 168
8091 13 108 168
8092 14 237 168
8093 15 157 168
8094 16 113 168
8095 17 65 168
8096 18 50 168
8097 19 151 168
8098 20 244 168
8099 21 88 168
8100 22 214 168
8101 23 31 168
8102 24 251 168
8103 25 18 168
8104 26 188 168
8105 27 149 168
8106 28 65 168
8107 29 203 168
8108 30 122 168
8109 31 114 168
8110 32 167 168
8111 33 124 168
8112 34 150 168
8113 35 28 168
8114 36 45 168
8115 37 87 168
8116 38 80 168
8117 39 102 168
8118 40 186 168
8119 41 211 168
8120 42 90 168
8121 43 16 168
8122 44 153 168
8123 45 228 168
8124 46 211 168
8125 47 246 168
8126 48 87 168
8127 49 240 168
8128 50 39 168
8129 0 226 169
8130 1 113 169
8131 2 144 169
8132 3 190 169
8133 4 66 169
8134 5 222 169
8135 6 72 169
8136 7 59 169
8137 8 208 169
8138 9 195 169
8139 10 88 169
8140 11 35 169
8141 12 80 169
8142 13 33 169
8143 14 204 169
8144 15 134 169
8145 16 129 169
8146 17 179 169
8147 18 66 169
8148 19 126 169
8149 20 102 169
8150 21 160 169
8151 22 65 169
8152 23 70 169
8153 24 214 169
8154 25 31 169
8155 26 183 169
8156 27 51 169
8157 28 164 169
8158 29 225 169
8159 30 105 169
8160 31 138 169
8161 32 27 169
8162 33 24 169
8163 34 113 169
8164 35 64 169
8165 36 77 169
8166 37 113 169
8167 38 154 169
8168 39 17 169
8169 40 79 169
8170 41 214 169
8171 42 102 169
8172 43 144 169
8173 44 187 169
8174 45 75 169
8175 46 45 169
8176 47 120 169
8177 48 224 169
8178 49 225 169
8179 50 87 169
8180 51 207 169
8181 0 176 170
8182 1 79 170
8183 2 234 170
8184 3 10 170
8185 4 121 170
8186 5 230 170
8187 6 252 170
8188 7 215 170
8189 8 256 170
8190 9 144 170
8191 10 78 170
8192 11 21 170
8193 12 185 170
8194 13 52 170
8195 14 12 170
8196 15 178 170
8197 16 83 170
8198 17 80 170
8199 18 8 170
8200 19 3 170
8201 20 152 170
8202 21 85 170
8203 22 235 170
8204 23 126 170
8205 24 222 170
8206 25 176 170
8207 26 165 170
8208 27 112 170
8209 28 99 170
8210 29 40 170
8211 30 195 170
8212 31 60 170
8213 32 151 170
8214 33 209 170
8215 34 205 170
8216 35 18 170
8217 36 213 170
8218 37 27 170
8219 38 163 170
8220 39 134 170
8221 40 13 170
8222 41 179 170
8223 42 145 170
8224 43 170 170
8225 44 146 170
8226 45 8 170
8227 46 126 170
8228 47 126 170
8229 48 177 170
8230 49 27 170
8231 50 187 170
8232 51 173 170
8233 52 80 170
8234 53 8 170
8235 0 28 171
8236 1 40 171
8237 2 195 171
8238 3 98 171
8239 4 192 171
8240 5 92 171
8241 6 28 171
8242 7 34 171
8243 8 37 171
8244 9 241 171
8245 10 155 171
8246 11 11 171
8247 12 176 171
8248 13 84 171
8249 14 135 171
8250 15 225 171
8251 16 22 171
8252 17 201 171
8253 18 248 171
8254 19 116 171
8255 20 136 171
8256 21 10 171
8257 22 234 171
8258 23 77 171
8259 24 90 171
8260 25 39 171
8261 26 191 171
8262 27 161 171
8263 28 24 171
8264 29 121 171
8265 30 30 171
8266 31 125 171
8267 32 130 171
8268 33 240 171
8269 34 194 171
8270 35 51 171
8271 36 243 171
8272 37 22 171
8273 38 180 171
8274 39 235 171
8275 40 83 171
8276 41 152 171
8277 42 248 171
8278 43 115 171
8279 44 232 171
8280 45 94 171
8281 46 2 171
8282 47 85 171
8283 48 170 171
8284 49 250 171
8285 50 33 171
8286 51 60 171
8287 52 227 171
8288 53 137 171
8289 54 125 171
8290 0 221 172
8291 1 19 172
8292 2 230 172
8293 3 30 172
8294 4 160 172
8295 5 141 172
8296 6 146 172
8297 7 169 172
8298 8 134 172
8299 9 124 172
8300 10 11 172
8301 11 28 172
8302 12 20 172
8303 13 213 172
8304 14 104 172
8305 15 246 172
8306 16 156 172
8307 17 154 172
8308 18 27 172
8309 19 238 172
8310 20 2 172
8311 21 14 172
8312 22 70 172
8313 23 188 172
8314 24 163 172
8315 25 142 172
8316 26 99 172
8317 27 41 172
8318 28 112 172
8319 29 206 172
8320 30 126 172
8321 31 214 172
8322 32 68 172
8323 33 217 172
8324 34 220 172
8325 35 45 172
8326 36 248 172
8327 37 90 172
8328 38 157 172
8329 39 9 172
8330 40 75 172
8331 41 251 172
8332 42 198 172
8333 43 13 172
8334 44 191 172
8335 45 114 172
8336 46 67 172
8337 47 135 172
8338 48 133 172
8339 49 45 172
8340 50 1 172
8341 51 19 172
8342 52 44 172
8343 53 170 172
8344 54 253 172
8345 55 51 172
8346 0 177 173
8347 1 82 173
8348 2 67 173
8349 3 158 173
8350 4 71 173
8351 5 15 173
8352 6 222 173
8353 7 4 173
8354 8 42 173
8355 9 165 173
8356 10 142 173
8357 11 218 173
8358 12 2 173
8359 13 124 173
8360 14 88 173
8361 15 69 173
8362 16 59 173
8363 17 105 173
8364 18 59 173
8365 19 189 173
8366 20 168 173
8367 21 187 173
8368 22 178 173
8369 23 181 173
8370 24 255 173
8371 25 113 173
8372 26 199 173
8373 27 64 173
8374 28 175 173
8375 29 251 173
8376 30 226 173
8377 31 165 173
8378 32 177 173
8379 33 64 173
8380 34 94 173
8381 35 160 173
8382 36 107 173
8383 37 30 173
8384 38 191 173
8385 39 255 173
8386 40 81 173
8387 41 129 173
8388 42 167 173
8389 43 178 173
8390 44 220 173
8391 45 36 173
8392 46 189 173
8393 47 194 173
8394 48 10 173
8395 49 56 173
8396 50 210 173
8397 51 64 173
8398 52 171 173
8399 53 146 173
8400 54 241 173
8401 55 105 173
8402 57 135 173
8403 0 108 174
8404 1 116 174
8405 2 79 174
8406 3 247 174
8407 4 155 174
8408 47 53 174
8409 48 29 174
8410 50 254 174
8411 51 201 174
8412 52 249 174
8413 53 216 174
8414 54 75 174
8415 55 89 174
8416 56 227 174
8417 57 241 174
8418 58 230 174
8419 51 2 175
8420 52 230 175
8421 53 98 175
8422 54 45 175
8423 55 63 175
8424 56 172 175
8425 57 16 175
8426 58 143 175
8427 56 190 176
8428 57 189 176
8429 59 200 176
8430 59 200 177
8431 61 255 177
8432 60 246 178
8433 61 248 178
8434 58 224 176
8435 56 59 177
8436 55 22 176
8437 54 93 176
8438 52 71 176
8439 51 195 176
8440 49 96 174
8441 48 161 175
8442 46 193 174
8443 45 150 174
8444 5 11 174
8445 42 157 174
8446 6 44 174
8447 7 147 174
8448 8 127 174
8449 9 105 174
8450 10 161 174
8451 11 226 174
8452 12 191 174
8453 13 34 174
8454 14 241 174
8455 15 144 174
8456 16 172 174
8457 17 186 174
8458 18 233 174
8459 19 161 174
8460 20 228 174
8461 21 53 174
8462 22 247 174
8463 23 141 174
8464 24 20 174
8465 25 106 174
8466 26 118 174
8467 27 4 174
8468 28 75 174
8469 29 114 174
8470 30 27 174
8471 31 191 174
8472 32 256 174
8473 33 30 174
8474 34 131 174
8475 35 226 174
8476 36 118 174
8477 37 172 174
8478 38 26 174
8479 39 250 174
8480 40 147 174
8481 41 210 174
8482 43 141 174
8483 44 132 174
8484 62 178 178
8485 60 180 179
8486 59 224 178
8487 58 11 177
8488 57 98 177
8489 55 164 177
8490 53 113 176
8491 52 62 177
8492 50 209 175
8493 49 225 175
8494 47 32 175
8495 46 107 175
8496 0 53 175
8497 1 246 175
8498 2 184 175
8499 3 171 175
8500 4 163 175
8501 5 167 175
8502 6 44 175
8503 7 129 175
8504 9 95 175
8505 8 106 175
8506 10 79 175
8507 11 82 175
8508 12 36 175
8509 13 118 175
8510 14 1 175
8511 15 233 175
8512 16 51 175
8513 18 151 175
8514 17 108 175
8515 19 41 175
8516 20 76 175
8517 21 205 175
8518 22 63 175
8519 23 192 175
8520 24 85 175
8521 25 65 175
8522 26 85 175
8523 27 225 175
8524 28 113 175
8525 29 28 175
8526 30 189 175
8527 31 217 175
8528 32 132 175
8529 33 225 175
8530 34 125 175
8531 35 157 175
8532 36 203 175
8533 37 117 175
8534 38 85 175
8535 63 178 180
8536 62 112 179
8537 61 25 179
8538 59 11 179
8539 56 19 178
8540 57 202 178
8541 54 72 177
8542 53 48 177
8543 51 209 177
8544 50 16 176
8545 48 249 176
8546 47 75 176
8547 45 141 175
8548 44 141 175
8549 42 163 175
8550 39 225 175
8551 40 230 175
8552 41 250 175
8553 43 114 175
8554 0 11 176
8555 1 227 176
8556 2 189 176
8557 3 104 176
8558 4 19 176
8559 5 217 176
8560 6 223 176
8561 7 59 176
8562 8 196 176
8563 9 82 176
8564 10 88 176
8565 11 111 176
8566 12 129 176
8567 13 118 176
8568 14 122 176
8569 15 242 176
8570 16 114 176
8571 17 215 176
8572 18 156 176
8573 19 60 176
8574 20 109 176
8575 21 50 176
8576 22 192 176
8577 23 22 176
8578 24 255 176
8579 25 9 176
8580 26 246 176
8581 27 103 176
8582 28 49 176
8583 29 145 176
8584 30 71 176
8585 64 89 180
8586 63 112 181
8587 60 218 180
8588 61 40 180
8589 58 108 178
8590 56 98 179
8591 55 185 178
8592 54 233 178
8593 52 48 178
8594 51 16 178
8595 49 83 176
8596 48 174 177
8597 46 116 176
8598 45 210 176
8599 31 165 176
8600 42 117 176
8601 32 251 176
8602 33 211 176
8603 34 107 176
8604 35 239 176
8605 36 256 176
8606 37 206 176
8607 38 139 176
8608 39 199 176
8609 40 221 176
8610 41 170 176
8611 43 201 176
8612 44 126 176
8613 0 14 177
8614 1 90 177
8615 2 183 177
8616 3 3 177
8617 4 34 177
8618 5 129 177
8619 6 154 177
8620 7 99 177
8621 8 167 177
8622 9 36 177
8623 10 136 177
8624 11 107 177
8625 12 225 177
8626 13 213 177
8627 14 215 177
8628 15 72 177
8629 16 183 177
8630 17 223 177
8631 18 250 177
8632 19 213 177
8633 20 246 177
8634 65 56 181
8635 64 56 181
8636 62 95 180
8637 60 8 181
8638 59 108 180
8639 58 221 179
8640 57 210 179
8641 55 24 179
8642 53 4 178
8643 52 241 179
8644 50 87 177
8645 49 58 177
8646 47 199 177
8647 46 47 177
8648 21 244 177
8649 22 159 177
8650 23 168 177
8651 24 220 177
8652 25 74 177
8653 26 92 177
8654 27 21 177
8655 28 151 177
8656 29 203 177
8657 30 80 177
8658 31 94 177
8659 32 143 177
8660 33 100 177
8661 34 173 177
8662 35 184 177
8663 36 253 177
8664 37 250 177
8665 38 129 177
8666 39 14 177
8667 40 141 177
8668 41 211 177
8669 42 160 177
8670 43 195 177
8671 44 252 177
8672 45 72 177
8673 0 59 178
8674 1 94 178
8675 2 120 178
8676 3 197 178
8677 4 85 178
8678 5 189 178
8679 6 206 178
8680 7 32 178
8681 8 51 178
8682 66 243 182
8683 65 67 182
8684 63 95 182
8685 62 54 181
8686 61 215 181
8687 59 221 181
8688 56 236 180
8689 57 190 180
8690 54 255 179
8691 53 170 179
8692 51 87 179
8693 50 228 178
8694 48 143 178
8695 47 105 178
8696 9 1 178
8697 10 255 178
8698 11 58 178
8699 12 232 178
8700 13 14 178
8701 14 254 178
8702 15 8 178
8703 16 62 178
8704 17 91 178
8705 18 48 178
8706 19 64 178
8707 20 204 178
8708 21 41 178
8709 22 63 178
8710 23 174 178
8711 24 130 178
8712 25 232 178
8713 26 84 178
8714 27 172 178
8715 28 128 178
8716 29 133 178
8717 30 13 178
8718 31 138 178
8719 32 231 178
8720 33 137 178
8721 34 128 178
8722 35 43 178
8723 36 163 178
8724 37 90 178
8725 38 21 178
8726 39 75 178
8727 40 99 178
8728 41 192 178
8729 67 14 183
8730 66 176 183
8731 64 176 182
8732 63 54 183
8733 60 174 182
8734 61 253 182
8735 58 254 180
8736 56 38 181
8737 55 2 180
8738 54 172 180
8739 52 170 180
8740 51 228 180
8741 49 219 178
8742 48 38 179
8743 46 111 178
8744 45 37 178
8745 42 218 178
8746 44 37 178
8747 43 135 178
8748 0 86 179
8749 1 92 179
8750 2 37 179
8751 3 83 179
8752 4 12 179
8753 5 71 179
8754 6 167 179
8755 7 12 179
8756 8 26 179
8757 9 153 179
8758 10 64 179
8759 11 122 179
8760 12 72 179
8761 13 137 179
8762 14 80 179
8763 15 127 179
8764 16 22 179
8765 17 172 179
8766 18 24 179
8767 19 207 179
8768 20 28 179
8769 21 198 179
8770 22 253 179
8771 23 232 179
8772 24 229 179
8773 25 77 179
8774 26 80 179
8775 68 250 184
8776 67 81 184
8777 65 27 183
8778 64 27 183
8779 62 133 182
8780 60 203 183
8781 59 254 182
8782 58 1 181
8783 57 252 181
8784 55 85 181
8785 53 57 180
8786 52 29 181
8787 50 19 179
8788 49 184 179
8789 47 73 179
8790 46 220 179
8791 27 117 179
8792 45 159 179
8793 44 159 179
8794 42 151 179
8795 28 150 179
8796 43 221 179
8797 29 51 179
8798 39 5 179
8799 30 95 179
8800 38 178 179
8801 31 156 179
8802 35 224 179
8803 32 69 179
8804 36 230 179
8805 33 171 179
8806 34 91 179
8807 37 158 179
8808 40 60 179
8809 41 223 179
8810 0 93 180
8811 1 132 180
8812 2 255 180
8813 3 110 180
8814 4 198 180
8815 5 239 180
8816 6 99 180
8817 7 54 180
8818 8 74 180
8819 9 124 180
8820 69 88 185
8821 68 88 185
8822 66 186 184
8823 65 248 184
8824 63 133 184
8825 62 127 183
8826 61 39 183
8827 59 1 183
8828 56 197 182
8829 57 23 182
8830 54 100 181
8831 53 238 181
8832 51 19 181
8833 50 165 180
8834 48 46 180
8835 47 147 180
8836 10 31 180
8837 46 98 180
8838 45 204 180
8839 11 226 180
8840 42 121 180
8841 43 15 180
8842 12 99 180
8843 13 57 180
8844 14 230 180
8845 39 84 180
8846 38 112 180
8847 15 234 180
8848 16 54 180
8849 35 181 180
8850 17 233 180
8851 18 108 180
8852 19 231 180
8853 32 31 180
8854 31 127 180
8855 20 10 180
8856 21 215 180
8857 28 217 180
8858 27 86 180
8859 23 121 180
8860 24 114 180
8861 25 105 180
8862 26 245 180
8863 22 192 180
8864 70 169 186
8865 69 142 186
8866 67 71 185
8867 66 195 185
8868 64 195 184
8869 63 127 185
8870 60 89 184
8871 61 116 184
8872 58 150 182
8873 56 251 183
8874 55 157 182
8875 54 138 182
8876 52 238 182
8877 51 165 182
8878 49 101 180
8879 48 156 181
8880 0 213 181
8881 47 208 181
8882 46 53 181
8883 44 206 180
8884 1 41 181
8885 44 189 181
8886 42 131 181
8887 41 42 180
8888 2 248 181
8889 40 42 180
8890 39 229 181
8891 36 172 180
8892 3 96 181
8893 37 41 180
8894 35 82 181
8895 34 144 180
8896 4 4 181
8897 33 48 180
8898 32 161 181
8899 30 225 180
8900 5 43 181
8901 30 43 181
8902 29 208 180
8903 27 57 181
8904 6 141 181
8905 24 102 181
8906 25 222 181
8907 71 246 186
8908 70 115 187
8909 68 93 186
8910 67 62 186
8911 65 192 185
8912 64 192 185
8913 62 32 184
8914 60 233 185
8915 59 150 184
8916 58 207 183
8917 57 37 183
8918 55 119 183
8919 53 234 182
8920 52 92 183
8921 50 78 181
8922 49 52 181
8923 0 246 182
8924 48 205 182
8925 47 102 182
8926 45 17 181
8927 1 203 182
8928 45 194 182
8929 43 194 181
8930 42 42 182
8931 2 62 182
8932 41 243 181
8933 40 243 181
8934 38 95 181
8935 3 24 182
8936 38 41 182
8937 36 203 181
8938 37 31 181
8939 4 1 182
8940 34 209 181
8941 33 241 181
8942 31 32 181
8943 5 75 182
8944 31 214 182
8945 28 82 181
8946 29 127 181
8947 6 228 182
8948 27 238 182
8949 72 246 188
8950 71 175 187
8951 69 226 187
8952 68 226 187
8953 66 209 186
8954 65 193 186
8955 63 32 186
8956 62 75 185
8957 61 99 185
8958 59 207 185
8959 56 2 184
8960 57 206 184
8961 54 140 183
8962 53 179 183
8963 51 78 183
8964 50 231 182
8965 0 190 183
8966 49 154 182
8967 48 103 183
8968 46 240 182
8969 1 115 183
8970 46 63 183
8971 44 80 182
8972 43 21 182
8973 2 144 183
8974 42 243 183
8975 41 176 182
8976 39 169 182
8977 40 176 182
8978 3 21 183
8979 35 9 182
8980 36 18 182
8981 37 233 182
8982 4 149 183
8983 34 16 182
8984 32 249 182
8985 33 91 182
8986 5 135 183
8987 30 25 182
8988 28 231 182
8989 6 57 183
8990 73 82 188
8991 72 175 189
8992 70 31 188
8993 69 96 188
8994 67 48 187
8995 66 16 187
8996 64 16 186
8997 63 75 187
8998 60 217 186
8999 61 199 186
9000 58 210 184
9001 56 249 185
9002 55 117 184
9003 54 39 184
9004 52 179 184
9005 51 231 184
9006 0 176 184
9007 50 180 183
9008 49 120 183
9009 47 137 183
9010 1 93 184
9011 47 97 184
9012 45 59 183
9013 44 59 183
9014 2 36 184
9015 43 250 183
9016 42 176 184
9017 39 143 183
9018 41 27 183
9019 40 27 183
9020 38 239 183
9021 35 207 183
9022 3 222 184
9023 36 251 183
9024 37 252 183
9025 32 67 183
9026 34 166 183
9027 33 141 183
9028 31 232 183
9029 30 163 183
9030 74 82 190
9031 73 144 189
9032 71 36 188
9033 70 161 189
9034 68 233 188
9035 67 241 188
9036 65 166 187
9037 64 166 187
9038 62 199 186
9039 60 238 187
9040 59 210 186
9041 58 187 185
9042 57 62 185
9043 55 218 185
9044 53 122 184
9045 52 26 185
9046 0 44 185
9047 51 180 185
9048 50 197 184
9049 48 30 184
9050 49 217 184
9051 1 247 185
9052 46 198 184
9053 45 66 184
9054 2 9 185
9055 44 66 184
9056 43 88 184
9057 4 132 184
9058 3 161 185
9059 41 248 184
9060 39 133 184
9061 38 6 184
9062 40 242 184
9063 35 45 184
9064 36 2 184
9065 5 214 184
9066 37 53 184
9067 34 116 184
9068 32 199 184
9069 75 203 190
9070 74 144 191
9071 72 36 190
9072 71 245 189
9073 69 8 189
9074 68 8 189
9075 66 87 188
9076 65 116 188
9077 63 199 188
9078 62 105 187
9079 61 26 187
9080 59 187 187
9081 56 132 186
9082 57 28 186
9083 54 196 185
9084 53 45 185
9085 0 11 186
9086 52 77 186
9087 51 197 186
9088 48 216 185
9089 50 20 185
9090 49 99 185
9091 47 158 185
9092 46 191 185
9093 1 219 186
9094 45 235 185
9095 44 235 185
9096 42 186 185
9097 43 142 185
9098 2 233 186
9099 4 205 185
9100 39 127 185
9101 40 3 185
9102 38 255 185
9103 5 125 185
9104 35 87 185
9105 36 85 185
9106 37 6 185
9107 76 54 191
9108 75 18 191
9109 73 12 190
9110 72 245 191
9111 70 249 190
9112 69 83 190
9113 67 170 189
9114 66 228 189
9115 64 228 188
9116 63 105 189
9117 60 85 188
9118 61 42 188
9119 58 37 186
9120 56 8 187
9121 55 61 186
9122 54 106 186
9123 0 67 187
9124 53 242 186
9125 52 60 187
9126 3 83 186
9127 1 142 187
9128 50 79 186
9129 48 89 186
9130 47 33 186
9131 49 139 186
9132 46 22 186
9133 45 93 186
9134 42 37 186
9135 44 93 186
9136 43 124 186
9137 41 192 185
9138 4 64 186
9139 41 256 186
9140 39 129 186
9141 38 172 186
9142 5 174 186
9143 35 109 186
9144 77 239 192
9145 76 239 192
9146 74 12 192
9147 73 253 191
9148 71 256 190
9149 70 174 191
9150 68 172 190
9151 67 29 190
9152 65 181 189
9153 64 181 189
9154 62 73 188
9155 60 48 189
9156 59 37 188
9157 58 159 187
9158 57 245 187
9159 55 151 187
9160 0 81 188
9161 54 136 187
9162 53 5 187
9163 51 252 187
9164 1 164 188
9165 51 79 188
9166 2 3 187
9167 48 56 187
9168 49 11 187
9169 47 246 187
9170 46 164 187
9171 3 127 187
9172 45 226 187
9173 44 226 187
9174 42 192 187
9175 4 16 187
9176 43 12 187
9177 40 193 186
9178 39 214 187
9179 5 172 187
9180 78 9 193
9181 77 6 193
9182 75 130 192
9183 74 253 193
9184 72 256 192
9185 71 86 191
9186 69 114 191
9187 68 114 191
9188 66 19 190
9189 65 111 190
9190 63 73 190
9191 62 147 189
9192 61 218 189
9193 59 159 189
9194 56 195 188
9195 57 55 188
9196 58 214 188
9197 55 121 188
9198 54 126 188
9199 52 5 188
9200 53 84 188
9201 0 56 189
9202 50 28 187
9203 2 248 188
9204 50 123 188
9205 48 67 188
9206 47 175 188
9207 3 96 188
9208 46 31 188
9209 45 96 188
9210 4 129 188
9211 42 193 188
9212 43 128 188
9213 41 107 187
9214 40 107 187
9215 79 248 194
9216 78 254 194
9217 76 127 193
9218 75 128 193
9219 73 171 192
9220 72 86 193
9221 70 143 192
9222 69 219 192
9223 67 238 191
9224 66 165 191
9225 64 165 190
9226 63 147 191
9227 60 26 190
9228 61 221 190
9229 1 33 189
9230 56 42 189
9231 58 189 189
9232 57 199 189
9233 55 131 189
9234 52 94 189
9235 54 215 189
9236 53 229 189
9237 51 28 189
9238 2 62 189
9239 0 75 190
9240 49 108 188
9241 48 149 189
9242 3 24 189
9243 47 113 189
9244 46 161 189
9245 44 233 188
9246 4 1 189
9247 44 225 189
9248 42 107 189
9249 80 195 195
9250 79 3 195
9251 77 129 194
9252 76 129 194
9253 74 171 194
9254 73 200 193
9255 71 50 192
9256 70 38 193
9257 68 138 192
9258 67 92 192
9259 65 202 191
9260 64 202 191
9261 62 205 190
9262 60 65 191
9263 59 206 190
9264 1 23 190
9265 0 190 191
9266 56 161 190
9267 57 25 190
9268 2 100 190
9269 55 42 190
9270 54 14 190
9271 52 229 190
9272 51 162 190
9273 53 191 190
9274 50 203 189
9275 49 221 189
9276 3 6 190
9277 48 36 190
9278 47 48 190
9279 45 8 189
9280 4 193 190
9281 45 182 190
9282 81 192 196
9283 80 192 196
9284 78 64 195
9285 77 214 195
9286 75 182 194
9287 74 200 195
9288 72 50 194
9289 71 69 193
9290 69 211 193
9291 68 211 193
9292 66 78 192
9293 65 104 192
9294 63 205 192
9295 62 103 191
9296 61 66 191
9297 59 17 191
9298 0 176 192
9299 58 80 190
9300 56 83 191
9301 1 93 191
9302 57 111 191
9303 55 243 191
9304 2 65 191
9305 52 95 191
9306 53 54 191
9307 51 203 191
9308 50 18 190
9309 3 130 191
9310 49 12 190
9311 48 245 191
9312 46 249 190
9313 4 241 191
9314 82 96 196
9315 81 193 197
9316 79 193 196
9317 78 150 196
9318 76 75 195
9319 75 25 195
9320 73 188 194
9321 72 69 195
9322 70 46 194
9323 69 101 194
9324 67 179 193
9325 66 231 193
9326 64 231 192
9327 63 103 193
9328 60 211 192
9329 61 115 192
9330 62 94 192
9331 59 80 192
9332 58 59 191
9333 1 216 192
9334 56 150 192
9335 57 154 192
9336 54 44 191
9337 2 9 192
9338 54 230 192
9339 52 54 192
9340 51 18 192
9341 3 161 192
9342 50 251 191
9343 49 253 191
9344 47 4 191
9345 83 96 198
9346 82 225 197
9347 80 16 197
9348 79 107 197
9349 77 232 196
9350 76 232 196
9351 74 188 196
9352 73 23 195
9353 71 70 194
9354 70 156 195
9355 68 39 194
9356 67 26 194
9357 65 180 193
9358 64 180 193
9359 0 150 193
9360 60 117 193
9361 62 40 193
9362 61 55 193
9363 59 59 193
9364 1 54 193
9365 58 66 192
9366 56 2 193
9367 55 213 192
9368 2 195 193
9369 55 27 193
9370 53 133 192
9371 52 239 193
9372 3 233 193
9373 51 251 193
9374 50 2 192
9375 85 216 198
9376 83 225 199
9377 81 166 198
9378 80 166 198
9379 78 141 197
9380 77 94 197
9381 75 152 196
9382 74 23 197
9383 72 70 196
9384 71 148 195
9385 69 244 195
9386 68 244 195
9387 66 212 194
9388 65 197 194
9389 63 30 194
9390 0 67 194
9391 64 66 194
9392 60 144 194
9393 61 54 194
9394 1 142 194
9395 59 66 194
9396 58 235 193
9397 56 213 194
9398 57 164 193
9399 2 142 194
9400 54 62 193
9401 53 127 193
9402 3 251 194
9403 52 6 194
9404 84 29 199
9405 85 189 199
9406 82 83 198
9407 81 116 199
9408 79 116 198
9409 78 210 198
9410 76 105 197
9411 75 35 197
9412 73 109 196
9413 72 148 197
9414 70 13 196
9415 69 90 196
9416 67 45 195
9417 66 15 195
9418 0 160 195
9419 63 247 195
9420 64 20 195
9421 62 89 194
9422 60 121 195
9423 1 164 195
9424 61 59 195
9425 59 235 195
9426 57 9 194
9427 58 93 194
9428 2 174 195
9429 55 195 194
9430 54 65 194
9431 3 127 195
9432 86 4 200
9433 84 20 200
9434 83 83 200
9435 82 58 199
9436 80 228 199
9437 79 47 199
9438 77 222 198
9439 76 222 198
9440 74 109 198
9441 73 135 197
9442 71 98 196
9443 70 167 197
9444 68 106 196
9445 67 242 196
9446 65 252 195
9447 0 213 196
9448 65 79 196
9449 63 89 196
9450 62 56 195
9451 1 41 196
9452 60 82 196
9453 61 55 196
9454 56 191 195
9455 2 248 196
9456 58 226 195
9457 57 17 195
9458 55 192 195
9459 87 4 202
9460 86 170 201
9461 85 195 200
9462 83 58 201
9463 81 181 200
9464 80 181 200
9465 78 146 199
9466 77 183 199
9467 75 110 198
9468 74 135 199
9469 72 98 198
9470 71 53 197
9471 69 136 197
9472 68 136 197
9473 66 194 196
9474 0 246 197
9475 66 173 197
9476 64 173 196
9477 63 56 197
9478 1 203 197
9479 62 67 196
9480 60 70 197
9481 59 41 196
9482 2 62 197
9483 59 226 197
9484 56 148 196
9485 89 88 202
9486 87 170 203
9487 84 183 201
9488 85 249 201
9489 82 219 200
9490 81 111 201
9491 79 111 200
9492 78 37 200
9493 76 147 199
9494 75 49 199
9495 73 204 198
9496 72 53 199
9497 70 121 198
9498 69 126 198
9499 67 63 197
9500 0 190 198
9501 67 84 198
9502 65 28 197
9503 64 28 197
9504 1 115 198
9505 63 67 198
9506 62 149 197
9507 61 31 197
9508 2 144 198
9509 60 2 198
9510 88 37 203
9511 89 185 203
9512 86 57 202
9513 84 179 202
9514 83 219 202
9515 82 184 201
9516 80 165 201
9517 79 220 201
9518 77 208 200
9519 76 208 200
9520 74 204 200
9521 73 189 199
9522 71 240 198
9523 70 131 199
9524 68 97 198
9525 0 176 199
9526 68 215 199
9527 66 250 198
9528 65 162 198
9529 1 93 199
9530 64 162 198
9531 63 149 199
9532 61 101 198
9533 62 36 198
9534 90 43 204
9535 88 179 204
9536 87 57 204
9537 86 238 203
9538 85 246 202
9539 83 184 203
9540 81 202 202
9541 80 202 202
9542 78 153 201
9543 77 102 201
9544 75 154 200
9545 74 189 201
9546 72 240 200
9547 71 177 199
9548 69 139 199
9549 0 44 200
9550 69 14 200
9551 67 7 199
9552 66 88 199
9553 1 216 200
9554 65 203 199
9555 64 203 199
9556 2 9 199
9557 91 214 205
9558 90 157 205
9559 89 138 204
9560 87 238 205
9561 84 132 203
9562 85 152 203
9563 82 101 202
9564 81 104 203
9565 79 104 202
9566 78 206 202
9567 76 103 201
9568 75 120 201
9569 73 80 200
9570 72 177 201
9571 70 118 200
9572 71 198 200
9573 0 98 201
9574 68 125 200
9575 67 169 200
9576 1 54 201
9577 66 142 200
9578 65 18 200
9579 92 150 206
9580 91 100 206
9581 88 207 205
9582 89 117 205
9583 86 234 204
9584 84 159 204
9585 83 101 204
9586 82 52 203
9587 80 231 203
9588 79 51 203
9589 77 137 202
9590 76 137 202
9591 74 80 202
9592 73 59 201
9593 70 83 201
9594 0 67 202
9595 71 191 201
9596 69 44 201
9597 68 44 201
9598 1 142 202
9599 67 115 201
9600 93 141 206
9601 92 207 207
9602 90 163 206
9603 88 238 206
9604 87 234 206
9605 86 179 205
9606 85 101 204
9607 83 52 205
9608 81 180 204
9609 80 180 204
9610 78 60 203
9611 77 40 203
9612 75 10 202
9613 74 59 203
9614 72 79 202
9615 73 66 202
9616 0 60 203
9617 70 213 202
9618 69 71 202
9619 71 34 202
9620 94 116 207
9621 93 210 207
9622 91 94 207
9623 90 117 207
9624 89 70 206
9625 87 179 207
9626 84 159 205
9627 85 174 205
9628 82 90 204
9629 81 197 205
9630 79 197 204
9631 78 237 204
9632 76 247 203
9633 75 168 203
9634 72 3 203
9635 0 213 204
9636 73 235 203
9637 1 87 203
9638 70 186 203
9639 95 116 209
9640 94 47 208
9641 92 210 208
9642 91 140 208
9643 88 218 207
9644 89 222 207
9645 86 122 206
9646 84 123 206
9647 83 90 206
9648 82 227 205
9649 80 15 205
9650 79 20 205
9651 77 89 204
9652 76 89 204
9653 74 112 204
9654 75 201 204
9655 0 210 205
9656 72 123 204
9657 96 199 210
9658 95 47 210
9659 93 146 208
9660 92 187 209
9661 90 74 208
9662 88 180 208
9663 87 122 208
9664 86 45 207
9665 85 181 206
9666 83 227 207
9667 81 252 206
9668 80 252 206
9669 78 84 205
9670 77 56 205
9671 74 179 205
9672 76 56 205
9673 75 190 205
9674 97 152 210
9675 96 105 211
9676 94 111 209
9677 93 37 209
9678 91 183 209
9679 90 61 209
9680 89 90 208
9681 87 45 209
9682 84 176 207
9683 85 179 207
9684 82 126 206
9685 81 173 207
9686 79 173 206
9687 78 229 206
9688 0 176 206
9689 77 67 206
9690 98 219 211
9691 97 35 211
9692 95 111 211
9693 94 220 210
9694 92 37 210
9695 91 196 210
9696 88 153 209
9697 89 125 209
9698 86 68 208
9699 84 11 208
9700 83 126 208
9701 82 215 207
9702 80 21 207
9703 79 28 207
9704 0 44 207
9705 99 19 212
9706 98 184 212
9707 96 73 212
9708 95 220 212
9709 93 153 210
9710 92 159 211
9711 90 155 210
9712 88 187 210
9713 87 68 210
9714 86 63 209
9715 85 21 208
9716 83 215 209
9717 81 250 208
9718 80 250 208
9719 100 238 213
9720 99 165 213
9721 97 110 212
9722 96 147 213
9723 94 104 211
9724 93 206 211
9725 91 102 211
9726 90 34 211
9727 89 12 210
9728 87 63 211
9729 84 40 209
9730 85 191 209
9731 82 125 208
9732 101 92 214
9733 100 92 214
9734 98 101 213
9735 97 49 213
9736 95 104 213
9737 94 51 212
9738 92 206 212
9739 91 223 212
9740 88 116 211
9741 89 213 211
9742 86 198 210
9743 84 118 210
9744 102 234 215
9745 101 55 215
9746 99 78 214
9747 98 52 214
9748 96 205 214
9749 95 51 214
9750 93 60 212
9751 92 17 213
9752 90 217 212
9753 88 51 212
9754 87 198 212
9755 103 117 215
9756 102 179 216
9757 100 179 215
9758 99 231 215
9759 97 154 214
9760 96 103 215
9761 94 197 213
9762 93 237 213
9763 91 40 213
9764 90 99 213
9765 104 117 217
9766 103 218 216
9767 101 26 216
9768 100 26 216
9769 98 90 215
9770 97 120 215
9771 95 197 215
9772 94 20 214
9773 92 237 214
9774 105 218 218
9775 104 218 218
9776 102 122 217
9777 101 77 217
9778 99 212 216
9779 98 227 216
9780 96 30 216
9781 95 20 216
9782 106 109 218
9783 105 13 219
9784 103 61 217
9785 102 45 218
9786 100 45 217
9787 99 15 217
9788 97 10 216
9789 107 37 219
9790 106 135 219
9791 104 61 219
9792 103 151 218
9793 101 242 218
9794 100 242 218
9795 108 37 221
9796 107 159 220
9797 105 151 220
9798 104 151 220
9799 102 68 219
9800 109 98 221
9801 108 159 222
9802 106 204 220
9803 105 121 221
9804 110 208 222
9805 109 53 222
9806 107 206 221
9807 111 208 224
9808 110 102 223
9809 112 49 225
9810 7 37 181
9811 8 182 181
9812 9 9 181
9813 10 72 181
9814 11 97 181
9815 12 159 181
9816 13 248 181
9817 14 246 181
9818 15 196 181
9819 16 109 181
9820 17 249 181
9821 18 163 181
9822 19 54 181
9823 20 174 181
9824 21 93 181
9825 22 80 181
9826 23 208 181
9827 26 133 181
9828 7 195 182
9829 8 49 182
9830 9 132 182
9831 10 15 182
9832 11 195 182
9833 12 227 182
9834 13 34 182
9835 14 221 182
9836 15 104 182
9837 16 160 182
9838 17 220 182
9839 18 245 182
9840 19 185 182
9841 20 112 182
9842 21 253 182
9843 22 233 182
9844 23 149 182
9845 24 162 182
9846 25 121 182
9847 26 102 182
9848 29 74 182
9849 7 248 183
9850 25 253 183
9851 26 143 183
9852 28 206 183
9853 29 8 183
9854 6 206 184
9855 7 77 184
9856 28 59 184
9857 29 175 184
9858 31 25 184
9859 33 77 184
9860 6 4 185
9861 7 24 185
9862 31 207 185
9863 32 26 185
9864 33 164 185
9865 8 37 183
9866 9 182 183
9867 10 9 183
9868 11 72 183
9869 12 97 183
9870 13 159 183
9871 14 248 183
9872 15 246 183
9873 16 196 183
9874 17 109 183
9875 18 249 183
9876 19 163 183
9877 20 54 183
9878 21 174 183
9879 22 93 183
9880 23 80 183
9881 24 208 183
9882 27 133 183
9883 8 195 184
9884 9 49 184
9885 10 132 184
9886 11 15 184
9887 12 195 184
9888 13 227 184
9889 14 34 184
9890 15 221 184
9891 16 104 184
9892 17 160 184
9893 18 220 184
9894 19 245 184
9895 20 185 184
9896 21 112 184
9897 22 253 184
9898 23 233 184
9899 24 149 184
9900 25 162 184
9901 26 121 184
9902 27 102 184
9903 30 74 184
9904 8 248 185
9905 26 253 185
9906 27 143 185
9907 29 206 185
9908 30 8 185
9909 34 189 185
9910 6 15 186
9911 7 170 186
9912 8 30 186
9913 29 230 186
9914 30 143 186
9915 32 160 186
9916 33 66 186
9917 34 110 186
9918 36 136 186
9919 9 37 185
9920 10 182 185
9921 11 9 185
9922 12 72 185
9923 13 97 185
9924 14 159 185
9925 15 248 185
9926 16 246 185
9927 17 196 185
9928 18 109 185
9929 19 249 185
9930 20 163 185
9931 21 54 185
9932 22 174 185
9933 23 93 185
9934 24 80 185
9935 25 208 185
9936 28 133 185
9937 9 195 186
9938 10 49 186
9939 11 132 186
9940 12 15 186
9941 13 195 186
9942 14 227 186
9943 15 34 186
9944 16 221 186
9945 17 104 186
9946 18 160 186
9947 19 220 186
9948 20 245 186
9949 21 185 186
9950 22 112 186
9951 23 253 186
9952 24 233 186
9953 25 149 186
9954 26 162 186
9955 27 121 186
9956 28 102 186
9957 31 74 186
9958 37 209 186
9959 6 44 187
9960 7 162 187
9961 8 142 187
9962 9 235 187
9963 27 96 187
9964 28 47 187
9965 30 7 187
9966 31 80 187
9967 32 110 187
9968 33 239 187
9969 34 71 187
9970 35 19 187
9971 36 161 187
9972 10 37 187
9973 11 182 187
9974 12 9 187
9975 13 72 187
9976 14 97 187
9977 15 159 187
9978 16 248 187
9979 17 246 187
9980 18 196 187
9981 19 109 187
9982 20 249 187
9983 21 163 187
9984 22 54 187
9985 23 174 187
9986 24 93 187
9987 25 80 187
9988 26 208 187
9989 29 133 187
9990 37 130 187
9991 38 209 187
9992 5 105 188
9993 6 141 188
9994 7 155 188
9995 8 75 188
9996 9 103 188
9997 10 160 188
9998 11 101 188
9999 12 54 188
10000 13 240 188
10001 14 146 188
10002 15 170 188
10003 16 221 188
10004 17 18 188
10005 18 208 188
10006 19 121 188
10007 20 174 188
10008 21 57 188
10009 22 229 188
10010 23 7 188
10011 24 204 188
10012 25 75 188
10013 26 113 188
10014 27 23 188
10015 28 150 188
10016 29 55 188
10017 30 55 188
10018 31 151 188
10019 32 180 188
10020 33 118 188
10021 34 28 188
10022 35 189 188
10023 36 159 188
10024 37 125 188
10025 38 199 188
10026 39 216 188
10027 40 54 188
10028 41 35 188
10029 5 111 189
10030 6 97 189
10031 7 29 189
10032 8 31 189
10033 9 222 189
10034 10 92 189
10035 11 111 189
10036 12 4 189
10037 13 173 189
10038 14 91 189
10039 15 105 189
10040 16 115 189
10041 17 209 189
10042 18 173 189
10043 19 161 189
10044 20 88 189
10045 21 105 189
10046 22 125 189
10047 23 68 189
10048 24 177 189
10049 25 74 189
10050 26 144 189
10051 27 150 189
10052 28 1 189
10053 29 248 189
10054 30 1 189
10055 31 37 189
10056 32 101 189
10057 33 97 189
10058 34 101 189
10059 35 253 189
10060 36 145 189
10061 37 166 189
10062 38 159 189
10063 39 188 189
10064 40 22 189
10065 41 146 189
10066 43 200 189
10067 5 73 190
10068 6 196 190
10069 7 35 190
10070 8 108 190
10071 9 131 190
10072 10 229 190
10073 11 150 190
10074 12 76 190
10075 13 33 190
10076 14 230 190
10077 15 45 190
10078 16 137 190
10079 17 25 190
10080 18 125 190
10081 19 137 190
10082 20 117 190
10083 21 25 190
10084 22 191 190
10085 23 239 190
10086 24 124 190
10087 25 91 190
10088 26 244 190
10089 27 77 190
10090 28 159 190
10091 29 239 190
10092 30 115 190
10093 31 16 190
10094 32 80 190
10095 33 107 190
10096 34 183 190
10097 35 205 190
10098 36 242 190
10099 37 251 190
10100 38 222 190
10101 39 180 190
10102 40 208 190
10103 41 38 190
10104 42 205 190
10105 43 198 190
10106 44 98 190
10107 5 118 191
10108 6 35 191
10109 7 177 191
10110 8 147 191
10111 9 6 191
10112 10 221 191
10113 11 193 191
10114 12 33 191
10115 13 164 191
10116 14 110 191
10117 15 229 191
10118 16 183 191
10119 17 60 191
10120 18 96 191
10121 19 241 191
10122 20 3 191
10123 21 142 191
10124 22 26 191
10125 23 110 191
10126 24 30 191
10127 25 19 191
10128 26 115 191
10129 27 197 191
10130 28 224 191
10131 29 249 191
10132 30 255 191
10133 31 160 191
10134 32 97 191
10135 33 8 191
10136 34 233 191
10137 35 233 191
10138 36 54 191
10139 37 180 191
10140 38 85 191
10141 39 118 191
10142 40 236 191
10143 41 2 191
10144 42 61 191
10145 43 42 191
10146 44 240 191
10147 45 218 191
10148 46 65 191
10149 4 240 192
10150 5 198 192
10151 6 143 192
10152 7 194 192
10153 8 91 192
10154 9 119 192
10155 10 91 192
10156 11 192 192
10157 12 110 192
10158 13 227 192
10159 14 247 192
10160 15 1 192
10161 16 252 192
10162 17 141 192
10163 18 26 192
10164 19 51 192
10165 20 147 192
10166 21 184 192
10167 22 252 192
10168 23 136 192
10169 24 232 192
10170 25 186 192
10171 26 20 192
10172 27 157 192
10173 28 169 192
10174 29 191 192
10175 30 21 192
10176 31 193 192
10177 32 38 192
10178 33 24 192
10179 34 173 192
10180 35 164 192
10181 36 70 192
10182 37 88 192
10183 38 1 192
10184 39 177 192
10185 40 162 192
10186 41 149 192
10187 42 152 192
10188 43 63 192
10189 44 215 192
10190 45 192 192
10191 46 30 192
10192 47 106 192
10193 48 234 192
10194 49 111 192
10195 4 151 193
10196 5 15 193
10197 6 246 193
10198 7 67 193
10199 8 91 193
10200 9 221 193
10201 10 8 193
10202 11 51 193
10203 12 255 193
10204 13 8 193
10205 14 143 193
10206 15 38 193
10207 16 207 193
10208 17 166 193
10209 18 53 193
10210 19 149 193
10211 20 74 193
10212 21 131 193
10213 22 48 193
10214 23 189 193
10215 25 38 193
10216 24 197 193
10217 26 180 193
10218 27 113 193
10219 28 2 193
10220 29 210 193
10221 30 198 193
10222 31 196 193
10223 32 80 193
10224 33 177 193
10225 34 126 193
10226 35 35 193
10227 36 196 193
10228 37 254 193
10229 38 53 193
10230 39 128 193
10231 40 222 193
10232 41 16 193
10233 42 130 193
10234 43 38 193
10235 44 183 193
10236 45 64 193
10237 46 79 193
10238 47 67 193
10239 48 204 193
10240 49 68 193
10241 50 99 193
10242 4 58 194
10243 5 25 194
10244 6 125 194
10245 7 212 194
10246 8 255 194
10247 9 46 194
10248 10 256 194
10249 11 63 194
10250 12 120 194
10251 13 13 194
10252 14 195 194
10253 15 226 194
10254 16 181 194
10255 17 64 194
10256 18 51 194
10257 19 129 194
10258 20 180 194
10259 21 241 194
10260 22 223 194
10261 23 192 194
10262 24 54 194
10263 25 146 194
10264 26 121 194
10265 27 131 194
10266 28 155 194
10267 29 11 194
10268 30 84 194
10269 31 86 194
10270 32 67 194
10271 33 57 194
10272 34 197 194
10273 35 113 194
10274 36 109 194
10275 37 70 194
10276 38 213 194
10277 39 255 194
10278 40 152 194
10279 41 23 194
10280 42 158 194
10281 43 220 194
10282 44 173 194
10283 45 128 194
10284 46 20 194
10285 47 79 194
10286 48 8 194
10287 49 142 194
10288 50 120 194
10289 51 195 194
10290 53 118 194
10291 4 73 195
10292 5 49 195
10293 6 82 195
10294 7 229 195
10295 8 210 195
10296 9 228 195
10297 10 223 195
10298 11 154 195
10299 12 8 195
10300 13 61 195
10301 14 157 195
10302 15 76 195
10303 16 121 195
10304 17 36 195
10305 18 47 195
10306 19 59 195
10307 20 243 195
10308 21 208 195
10309 22 253 195
10310 23 101 195
10311 24 64 195
10312 25 222 195
10313 26 82 195
10314 27 28 195
10315 28 53 195
10316 29 241 195
10317 30 216 195
10318 31 124 195
10319 32 170 195
10320 33 150 195
10321 34 224 195
10322 35 80 195
10323 36 193 195
10324 37 191 195
10325 38 56 195
10326 39 118 195
10327 40 77 195
10328 41 204 195
10329 42 88 195
10330 43 48 195
10331 44 144 195
10332 45 98 195
10333 46 67 195
10334 47 195 195
10335 48 245 195
10336 49 43 195
10337 50 51 195
10338 51 9 195
10339 52 25 195
10340 53 149 195
10341 54 188 195
10342 3 128 196
10343 4 24 196
10344 5 89 196
10345 6 252 196
10346 7 236 196
10347 8 238 196
10348 9 181 196
10349 10 116 196
10350 11 195 196
10351 12 240 196
10352 13 92 196
10353 14 15 196
10354 15 182 196
10355 16 84 196
10356 17 203 196
10357 18 58 196
10358 19 168 196
10359 20 32 196
10360 21 103 196
10361 22 60 196
10362 23 200 196
10363 24 70 196
10364 25 34 196
10365 26 182 196
10366 27 253 196
10367 28 168 196
10368 29 174 196
10369 30 95 196
10370 31 112 196
10371 32 6 196
10372 33 75 196
10373 34 200 196
10374 35 245 196
10375 36 137 196
10376 37 200 196
10377 38 228 196
10378 39 170 196
10379 40 38 196
10380 41 27 196
10381 42 170 196
10382 43 120 196
10383 44 1 196
10384 45 149 196
10385 46 59 196
10386 47 19 196
10387 48 45 196
10388 49 54 196
10389 50 91 196
10390 51 93 196
10391 52 153 196
10392 53 242 196
10393 54 58 196
10394 55 29 196
10395 57 108 196
10396 58 146 196
10397 3 169 197
10398 4 3 197
10399 5 241 197
10400 6 6 197
10401 7 109 197
10402 8 160 197
10403 9 143 197
10404 10 35 197
10405 11 255 197
10406 12 211 197
10407 13 68 197
10408 14 157 197
10409 15 24 197
10410 16 87 197
10411 17 101 197
10412 18 207 197
10413 19 40 197
10414 20 180 197
10415 21 192 197
10416 22 48 197
10417 23 137 197
10418 24 194 197
10419 25 128 197
10420 26 18 197
10421 27 183 197
10422 28 178 197
10423 29 228 197
10424 30 6 197
10425 31 205 197
10426 32 169 197
10427 33 133 197
10428 34 151 197
10429 35 234 197
10430 36 121 197
10431 37 37 197
10432 38 121 197
10433 39 101 197
10434 40 130 197
10435 41 171 197
10436 42 151 197
10437 43 178 197
10438 44 70 197
10439 45 67 197
10440 46 29 197
10441 47 202 197
10442 48 137 197
10443 49 122 197
10444 50 64 197
10445 51 9 197
10446 52 27 197
10447 53 104 197
10448 54 132 197
10449 55 68 197
10450 56 237 197
10451 57 202 197
10452 58 23 197
10453 3 198 198
10454 4 159 198
10455 5 16 198
10456 6 43 198
10457 7 43 198
10458 8 33 198
10459 9 129 198
10460 10 254 198
10461 11 202 198
10462 12 210 198
10463 13 51 198
10464 14 14 198
10465 15 139 198
10466 16 256 198
10467 17 227 198
10468 18 3 198
10469 19 148 198
10470 20 99 198
10471 21 19 198
10472 22 154 198
10473 23 250 198
10474 24 113 198
10475 25 49 198
10476 26 21 198
10477 27 16 198
10478 28 233 198
10479 29 179 198
10480 30 211 198
10481 31 62 198
10482 32 43 198
10483 33 58 198
10484 34 23 198
10485 35 61 198
10486 36 27 198
10487 37 58 198
10488 38 239 198
10489 39 195 198
10490 40 73 198
10491 41 111 198
10492 42 201 198
10493 43 136 198
10494 44 203 198
10495 45 88 198
10496 46 179 198
10497 47 12 198
10498 48 46 198
10499 49 34 198
10500 50 110 198
10501 51 16 198
10502 52 147 198
10503 53 59 198
10504 54 163 198
10505 55 140 198
10506 56 93 198
10507 57 38 198
10508 58 239 198
10509 59 238 198
10510 3 14 199
10511 4 67 199
10512 5 97 199
10513 6 19 199
10514 7 23 199
10515 8 37 199
10516 9 58 199
10517 10 144 199
10518 11 160 199
10519 12 176 199
10520 13 223 199
10521 14 221 199
10522 15 182 199
10523 16 236 199
10524 17 115 199
10525 18 200 199
10526 19 50 199
10527 20 57 199
10528 21 135 199
10529 22 203 199
10530 23 91 199
10531 24 227 199
10532 25 233 199
10533 26 251 199
10534 27 240 199
10535 28 209 199
10536 29 28 199
10537 30 136 199
10538 31 137 199
10539 32 51 199
10540 33 204 199
10541 34 81 199
10542 35 125 199
10543 36 177 199
10544 37 91 199
10545 38 48 199
10546 39 157 199
10547 40 242 199
10548 41 48 199
10549 42 150 199
10550 43 228 199
10551 44 121 199
10552 45 209 199
10553 46 177 199
10554 47 241 199
10555 48 172 199
10556 49 41 199
10557 50 203 199
10558 51 141 199
10559 52 80 199
10560 53 98 199
10561 54 66 199
10562 55 14 199
10563 56 121 199
10564 57 224 199
10565 58 91 199
10566 59 198 199
10567 60 154 199
10568 61 17 199
10569 62 108 199
10570 2 219 200
10571 3 5 200
10572 4 187 200
10573 5 232 200
10574 6 215 200
10575 7 15 200
10576 8 103 200
10577 9 154 200
10578 10 200 200
10579 12 195 200
10580 11 39 200
10581 13 85 200
10582 14 146 200
10583 15 145 200
10584 16 244 200
10585 18 67 200
10586 17 194 200
10587 19 228 200
10588 20 37 200
10589 21 48 200
10590 22 134 200
10591 23 9 200
10592 24 33 200
10593 25 158 200
10594 26 92 200
10595 27 253 200
10596 28 9 200
10597 29 22 200
10598 30 247 200
10599 31 90 200
10600 32 118 200
10601 33 23 200
10602 34 151 200
10603 35 113 200
10604 36 177 200
10605 37 89 200
10606 38 217 200
10607 39 209 200
10608 40 6 200
10609 41 179 200
10610 42 8 200
10611 43 3 200
10612 44 156 200
10613 45 32 200
10614 46 218 200
10615 47 232 200
10616 48 116 200
10617 49 102 200
10618 50 244 200
10619 51 104 200
10620 52 14 200
10621 53 120 200
10622 54 136 200
10623 55 1 200
10624 56 25 200
10625 57 1 200
10626 58 163 200
10627 59 75 200
10628 60 35 200
10629 61 154 200
10630 62 15 200
10631 63 153 200
10632 64 250 200
10633 2 64 201
10634 3 160 201
10635 4 227 201
10636 5 159 201
10637 6 57 201
10638 7 154 201
10639 8 68 201
10640 9 139 201
10641 10 213 201
10642 11 231 201
10643 12 26 201
10644 13 5 201
10645 14 78 201
10646 15 223 201
10647 16 47 201
10648 17 234 201
10649 18 47 201
10650 19 215 201
10651 20 73 201
10652 21 218 201
10653 22 37 201
10654 23 89 201
10655 24 118 201
10656 25 123 201
10657 26 3 201
10658 27 134 201
10659 28 235 201
10660 29 226 201
10661 30 21 201
10662 31 53 201
10663 32 121 201
10664 33 81 201
10665 34 23 201
10666 35 182 201
10667 36 47 201
10668 37 44 201
10669 38 151 201
10670 39 211 201
10671 40 63 201
10672 41 134 201
10673 42 204 201
10674 43 58 201
10675 44 99 201
10676 45 179 201
10677 46 95 201
10678 47 33 201
10679 48 129 201
10680 49 148 201
10681 50 248 201
10682 51 99 201
10683 52 43 201
10684 53 248 201
10685 54 116 201
10686 55 184 201
10687 56 91 201
10688 57 53 201
10689 58 26 201
10690 59 135 201
10691 60 73 201
10692 61 25 201
10693 62 176 201
10694 63 226 201
10695 64 244 201
10696 65 166 201
10697 66 3 201
10698 2 66 202
10699 3 116 202
10700 4 211 202
10701 5 58 202
10702 6 220 202
10703 7 207 202
10704 8 246 202
10705 9 33 202
10706 10 29 202
10707 11 127 202
10708 12 195 202
10709 13 136 202
10710 14 5 202
10711 15 133 202
10712 16 232 202
10713 17 100 202
10714 18 49 202
10715 19 187 202
10716 20 205 202
10717 21 180 202
10718 22 124 202
10719 23 200 202
10720 24 110 202
10721 25 224 202
10722 26 51 202
10723 27 2 202
10724 28 75 202
10725 29 110 202
10726 30 115 202
10727 31 111 202
10728 32 59 202
10729 33 26 202
10730 34 100 202
10731 35 219 202
10732 36 211 202
10733 37 6 202
10734 38 23 202
10735 39 194 202
10736 40 238 202
10737 41 208 202
10738 42 12 202
10739 43 124 202
10740 44 30 202
10741 45 147 202
10742 46 241 202
10743 47 214 202
10744 48 143 202
10745 49 90 202
10746 50 158 202
10747 51 22 202
10748 52 230 202
10749 53 199 202
10750 54 26 202
10751 55 178 202
10752 56 111 202
10753 57 114 202
10754 58 35 202
10755 59 65 202
10756 60 129 202
10757 61 228 202
10758 62 220 202
10759 63 231 202
10760 64 246 202
10761 65 253 202
10762 66 141 202
10763 67 219 202
10764 68 202 202
10765 2 244 203
10766 3 93 203
10767 4 96 203
10768 5 70 203
10769 6 2 203
10770 7 231 203
10771 8 164 203
10772 9 70 203
10773 10 85 203
10774 11 213 203
10775 12 224 203
10776 13 32 203
10777 14 217 203
10778 15 226 203
10779 16 136 203
10780 17 93 203
10781 18 121 203
10782 19 118 203
10783 20 63 203
10784 21 72 203
10785 22 118 203
10786 23 3 203
10787 24 28 203
10788 25 176 203
10789 27 123 203
10790 26 70 203
10791 28 144 203
10792 29 67 203
10793 30 30 203
10794 31 225 203
10795 32 135 203
10796 33 38 203
10797 34 234 203
10798 35 21 203
10799 36 115 203
10800 37 43 203
10801 38 108 203
10802 39 114 203
10803 40 41 203
10804 41 199 203
10805 42 245 203
10806 43 1 203
10807 44 37 203
10808 45 49 203
10809 46 84 203
10810 47 173 203
10811 48 25 203
10812 49 25 203
10813 50 21 203
10814 51 163 203
10815 52 73 203
10816 53 129 203
10817 54 57 203
10818 55 111 203
10819 56 177 203
10820 57 183 203
10821 58 253 203
10822 59 113 203
10823 60 191 203
10824 61 253 203
10825 62 226 203
10826 63 118 203
10827 64 42 203
10828 65 108 203
10829 66 59 203
10830 67 141 203
10831 68 40 203
10832 69 1 203
10833 71 95 203
10834 1 29 204
10835 2 55 204
10836 3 26 204
10837 4 86 204
10838 5 143 204
10839 6 146 204
10840 7 216 204
10841 8 45 204
10842 9 188 204
10843 10 39 204
10844 11 251 204
10845 12 196 204
10846 13 70 204
10847 14 157 204
10848 15 186 204
10849 16 234 204
10850 17 175 204
10851 18 53 204
10852 19 145 204
10853 20 9 204
10854 21 4 204
10855 22 47 204
10856 23 93 204
10857 24 182 204
10858 25 201 204
10859 26 122 204
10860 27 203 204
10861 28 38 204
10862 29 145 204
10863 30 36 204
10864 31 182 204
10865 32 222 204
10866 33 50 204
10867 34 225 204
10868 35 127 204
10869 36 103 204
10870 37 10 204
10871 38 89 204
10872 39 129 204
10873 40 128 204
10874 41 93 204
10875 42 9 204
10876 43 178 204
10877 44 93 204
10878 45 207 204
10879 46 63 204
10880 47 73 204
10881 48 27 204
10882 49 79 204
10883 50 66 204
10884 51 29 204
10885 52 146 204
10886 53 8 204
10887 54 2 204
10888 55 174 204
10889 56 61 204
10890 57 191 204
10891 58 76 204
10892 59 10 204
10893 60 57 204
10894 61 151 204
10895 62 31 204
10896 63 159 204
10897 64 129 204
10898 66 232 204
10899 65 144 204
10900 67 122 204
10901 68 55 204
10902 69 135 204
10903 70 103 204
10904 71 212 204
10905 73 35 204
10906 1 163 205
10907 2 160 205
10908 3 81 205
10909 4 42 205
10910 5 148 205
10911 6 96 205
10912 7 49 205
10913 8 94 205
10914 9 207 205
10915 10 141 205
10916 11 26 205
10917 12 163 205
10918 14 106 205
10919 13 191 205
10920 15 38 205
10921 16 190 205
10922 17 158 205
10923 18 156 205
10924 19 7 205
10925 20 113 205
10926 21 234 205
10927 22 229 205
10928 23 125 205
10929 24 52 205
10930 25 64 205
10931 26 153 205
10932 27 119 205
10933 28 17 205
10934 29 189 205
10935 30 154 205
10936 31 167 205
10937 32 197 205
10938 33 87 205
10939 34 41 205
10940 35 7 205
10941 36 183 205
10942 37 142 205
10943 38 6 205
10944 39 212 205
10945 40 163 205
10946 41 110 205
10947 42 211 205
10948 43 25 205
10949 44 208 205
10950 45 36 205
10951 46 89 205
10952 47 167 205
10953 48 61 205
10954 49 42 205
10955 50 91 205
10956 51 247 205
10957 52 164 205
10958 53 243 205
10959 54 8 205
10960 55 201 205
10961 56 167 205
10962 57 135 205
10963 58 238 205
10964 59 198 205
10965 60 162 205
10966 61 235 205
10967 62 241 205
10968 63 22 205
10969 64 43 205
10970 65 195 205
10971 66 184 205
10972 67 172 205
10973 68 56 205
10974 69 87 205
10975 70 157 205
10976 71 164 205
10977 72 187 205
10978 73 250 205
10979 1 47 206
10980 2 44 206
10981 3 174 206
10982 4 106 206
10983 5 3 206
10984 6 254 206
10985 7 182 206
10986 8 78 206
10987 9 106 206
10988 10 236 206
10989 11 124 206
10990 12 66 206
10991 13 21 206
10992 14 250 206
10993 15 254 206
10994 16 142 206
10995 17 151 206
10996 18 109 206
10997 19 243 206
10998 20 170 206
10999 21 150 206
11000 22 110 206
11001 23 66 206
11002 24 31 206
11003 25 48 206
11004 26 158 206
11005 27 154 206
11006 28 252 206
11007 29 240 206
11008 30 113 206
11009 31 247 206
11010 32 219 206
11011 33 206 206
11012 34 155 206
11013 35 225 206
11014 36 91 206
11015 37 12 206
11016 38 129 206
11017 39 54 206
11018 40 252 206
11019 41 254 206
11020 42 156 206
11021 43 111 206
11022 44 85 206
11023 45 165 206
11024 47 39 206
11025 46 244 206
11026 48 123 206
11027 49 105 206
11028 50 110 206
11029 51 154 206
11030 52 81 206
11031 53 157 206
11032 54 2 206
11033 55 225 206
11034 56 174 206
11035 57 226 206
11036 58 97 206
11037 59 200 206
11038 60 238 206
11039 61 39 206
11040 62 10 206
11041 63 141 206
11042 64 144 206
11043 65 151 206
11044 66 73 206
11045 67 78 206
11046 68 228 206
11047 69 116 206
11048 70 103 206
11049 71 28 206
11050 72 69 206
11051 73 211 206
11052 74 188 206
11053 75 114 206
11054 76 232 206
11055 1 63 207
11056 2 108 207
11057 3 29 207
11058 4 50 207
11059 5 211 207
11060 6 245 207
11061 7 56 207
11062 8 140 207
11063 9 115 207
11064 10 223 207
11065 11 231 207
11066 12 138 207
11067 13 210 207
11068 14 121 207
11069 15 50 207
11070 16 99 207
11071 17 158 207
11072 18 252 207
11073 19 194 207
11074 20 160 207
11075 21 56 207
11076 22 195 207
11077 23 136 207
11078 24 91 207
11079 25 148 207
11080 26 87 207
11081 27 143 207
11082 28 91 207
11083 29 86 207
11084 30 141 207
11085 31 107 207
11086 32 164 207
11087 33 208 207
11088 34 227 207
11089 35 220 207
11090 36 97 207
11091 37 138 207
11092 38 131 207
11093 39 25 207
11094 40 63 207
11095 41 186 207
11096 42 73 207
11097 43 195 207
11098 44 169 207
11099 45 151 207
11100 46 104 207
11101 47 55 207
11102 48 1 207
11103 49 116 207
11104 50 210 207
11105 51 113 207
11106 52 82 207
11107 53 191 207
11108 54 253 207
11109 55 212 207
11110 56 105 207
11111 57 186 207
11112 58 211 207
11113 59 100 207
11114 60 59 207
11115 61 213 207
11116 62 232 207
11117 63 169 207
11118 64 197 207
11119 65 256 207
11120 66 200 207
11121 67 84 207
11122 68 33 207
11123 69 103 207
11124 70 242 207
11125 71 34 207
11126 72 76 207
11127 73 145 207
11128 74 228 207
11129 75 165 207
11130 76 126 207
11131 77 47 207
11132 78 248 207
11133 0 70 208
11134 1 150 208
11135 2 231 208
11136 3 48 208
11137 4 90 208
11138 5 9 208
11139 6 195 208
11140 7 167 208
11141 8 108 208
11142 9 38 208
11143 10 187 208
11144 11 134 208
11145 12 109 208
11146 13 36 208
11147 14 100 208
11148 15 179 208
11149 16 207 208
11150 17 81 208
11151 18 152 208
11152 19 25 208
11153 20 112 208
11154 21 227 208
11155 22 244 208
11156 23 51 208
11157 24 142 208
11158 25 133 208
11159 26 69 208
11160 27 64 208
11161 28 107 208
11162 29 200 208
11163 30 74 208
11164 31 43 208
11165 32 7 208
11166 33 24 208
11167 34 146 208
11168 35 192 208
11169 36 191 208
11170 37 88 208
11171 38 98 208
11172 39 49 208
11173 40 155 208
11174 41 92 208
11175 42 79 208
11176 43 117 208
11177 44 85 208
11178 45 113 208
11179 46 152 208
11180 47 234 208
11181 48 207 208
11182 49 14 208
11183 50 118 208
11184 51 82 208
11185 52 37 208
11186 53 235 208
11187 54 55 208
11188 55 2 208
11189 56 22 208
11190 57 30 208
11191 58 148 208
11192 59 129 208
11193 60 102 208
11194 61 145 208
11195 62 41 208
11196 63 81 208
11197 64 251 208
11198 65 103 208
11199 66 107 208
11200 67 87 208
11201 68 180 208
11202 69 39 208
11203 70 155 208
11204 71 189 208
11205 72 87 208
11206 73 93 208
11207 74 211 208
11208 75 217 208
11209 76 235 208
11210 77 200 208
11211 78 159 208
11212 79 110 208
11213 0 213 209
11214 1 132 209
11215 2 190 209
11216 3 212 209
11217 4 182 209
11218 5 105 209
11219 6 203 209
11220 7 52 209
11221 8 149 209
11222 9 57 209
11223 10 55 209
11224 11 192 209
11225 12 70 209
11226 13 17 209
11227 14 122 209
11228 15 65 209
11229 16 49 209
11230 17 142 209
11231 18 88 209
11232 19 168 209
11233 20 178 209
11234 21 150 209
11235 22 215 209
11236 23 89 209
11237 24 122 209
11238 25 86 209
11239 26 248 209
11240 27 165 209
11241 28 111 209
11242 29 248 209
11243 30 1 209
11244 31 21 209
11245 32 44 209
11246 33 102 209
11247 34 15 209
11248 35 6 209
11249 36 66 209
11250 37 127 209
11251 38 109 209
11252 39 78 209
11253 40 5 209
11254 41 12 209
11255 42 48 209
11256 43 2 209
11257 44 116 209
11258 45 106 209
11259 46 250 209
11260 47 120 209
11261 48 195 209
11262 49 11 209
11263 50 207 209
11264 51 86 209
11265 52 239 209
11266 53 142 209
11267 54 233 209
11268 55 189 209
11269 56 151 209
11270 57 88 209
11271 58 73 209
11272 59 157 209
11273 60 131 209
11274 61 233 209
11275 62 194 209
11276 63 148 209
11277 64 170 209
11278 65 152 209
11279 66 52 209
11280 67 30 209
11281 68 128 209
11282 69 156 209
11283 70 118 209
11284 71 240 209
11285 72 48 209
11286 73 13 209
11287 74 24 209
11288 75 253 209
11289 76 133 209
11290 77 181 209
11291 78 179 209
11292 79 235 209
11293 80 147 209
11294 81 15 209
11295 82 182 209
11296 0 94 210
11297 1 28 210
11298 2 230 210
11299 3 101 210
11300 4 77 210
11301 5 141 210
11302 6 77 210
11303 7 150 210
11304 8 192 210
11305 9 35 210
11306 10 43 210
11307 11 245 210
11308 12 231 210
11309 13 235 210
11310 14 38 210
11311 15 10 210
11312 16 51 210
11313 17 17 210
11314 18 48 210
11315 19 163 210
11316 20 251 210
11317 21 211 210
11318 22 100 210
11319 23 120 210
11320 24 158 210
11321 25 159 210
11322 26 174 210
11323 27 163 210
11324 28 192 210
11325 29 221 210
11326 30 140 210
11327 31 162 210
11328 32 225 210
11329 0 7 211
11330 33 130 210
11331 34 102 210
11332 35 93 210
11333 36 181 210
11334 37 9 210
11335 0 132 212
11336 38 219 210
11337 39 122 210
11338 40 251 210
11339 41 243 210
11340 0 66 213
11341 42 24 210
11342 43 53 210
11343 44 223 210
11344 0 33 214
11345 1 141 211
11346 2 62 211
11347 0 145 215
11348 1 120 212
11349 0 201 216
11350 45 199 210
11351 46 112 210
11352 47 93 210
11353 48 29 210
11354 49 144 210
11355 50 239 210
11356 51 64 210
11357 52 204 210
11358 53 206 210
11359 54 52 210
11360 55 2 210
11361 56 160 210
11362 57 98 210
11363 58 247 210
11364 59 44 210
11365 60 192 210
11366 61 217 210
11367 62 182 210
11368 63 107 210
11369 64 206 210
11370 65 49 210
11371 66 102 210
11372 67 217 210
11373 68 131 210
11374 69 178 210
11375 70 120 210
11376 71 179 210
11377 72 134 210
11378 73 19 210
11379 74 164 210
11380 75 114 210
11381 76 173 210
11382 77 182 210
11383 78 165 210
11384 79 16 210
11385 80 145 210
11386 81 217 210
11387 82 93 210
11388 83 27 210
11389 85 124 210
11390 3 248 211
11391 4 154 211
11392 5 170 211
11393 6 199 211
11394 7 148 211
11395 8 200 211
11396 9 72 211
11397 10 11 211
11398 11 119 211
11399 12 212 211
11400 13 254 211
11401 2 147 212
11402 3 163 212
11403 1 32 213
11404 3 243 213
11405 2 96 213
11406 1 235 214
11407 2 83 214
11408 14 212 211
11409 15 79 211
11410 16 74 211
11411 17 180 211
11412 18 173 211
11413 19 87 211
11414 20 5 211
11415 21 207 211
11416 22 64 211
11417 23 78 211
11418 24 27 211
11419 25 236 211
11420 26 203 211
11421 27 178 211
11422 28 256 211
11423 29 236 211
11424 30 91 211
11425 31 22 211
11426 32 178 211
11427 33 97 211
11428 34 89 211
11429 35 3 211
11430 36 10 211
11431 37 255 211
11432 38 30 211
11433 39 52 211
11434 40 83 211
11435 41 181 211
11436 42 10 211
11437 43 141 211
11438 44 178 211
11439 45 6 211
11440 46 90 211
11441 47 234 211
11442 48 162 211
11443 49 67 211
11444 50 233 211
11445 51 5 211
11446 52 64 211
11447 53 128 211
11448 54 117 211
11449 55 55 211
11450 56 31 211
11451 57 11 211
11452 58 23 211
11453 59 81 211
11454 60 242 211
11455 61 93 211
11456 62 196 211
11457 4 192 212
11458 5 60 212
11459 6 78 212
11460 7 20 212
11461 4 56 213
11462 5 41 213
11463 6 175 213
11464 3 237 214
11465 63 223 211
11466 64 106 211
11467 65 132 211
11468 66 30 211
11469 67 124 211
11470 68 117 211
11471 69 145 211
11472 70 173 211
11473 71 15 211
11474 72 85 211
11475 73 140 211
11476 74 30 211
11477 75 134 211
11478 76 110 211
11479 77 228 211
11480 78 161 211
11481 79 140 211
11482 80 252 211
11483 81 34 211
11484 82 98 211
11485 83 227 211
11486 84 93 211
11487 85 32 211
11488 86 238 211
11489 8 138 212
11490 9 6 212
11491 10 209 212
11492 11 240 212
11493 12 118 212
11494 13 109 212
11495 14 218 212
11496 15 32 212
11497 16 98 212
11498 17 98 212
11499 18 88 212
11500 19 36 212
11501 20 79 212
11502 21 159 212
11503 22 37 212
11504 23 134 212
11505 24 75 212
11506 25 44 212
11507 26 105 212
11508 27 226 212
11509 28 69 212
11510 29 67 212
11511 30 97 212
11512 31 189 212
11513 32 225 212
11514 33 71 212
11515 34 81 212
11516 35 86 212
11517 36 130 212
11518 7 211 213
11519 8 87 213
11520 4 58 214
11521 37 50 212
11522 38 171 212
11523 39 121 212
11524 40 47 212
11525 41 218 212
11526 42 221 212
11527 43 83 212
11528 44 5 212
11529 45 195 212
11530 46 29 212
11531 47 202 212
11532 48 222 212
11533 49 46 212
11534 50 215 212
11535 51 186 212
11536 52 102 212
11537 53 158 212
11538 54 104 212
11539 55 6 212
11540 56 103 212
11541 57 131 212
11542 58 97 212
11543 59 189 212
11544 60 203 212
11545 61 41 212
11546 62 239 212
11547 63 221 212
11548 64 230 212
11549 65 138 212
11550 66 171 212
11551 67 85 212
11552 68 136 212
11553 69 221 212
11554 70 81 212
11555 71 11 212
11556 72 12 212
11557 73 114 212
11558 74 83 212
11559 75 49 212
11560 76 80 212
11561 77 43 212
11562 78 77 212
11563 79 26 212
11564 80 164 212
11565 81 57 212
11566 82 143 212
11567 83 156 212
11568 84 54 212
11569 85 69 212
11570 86 18 212
11571 89 154 212
11572 9 87 213
11573 10 146 213
11574 11 164 213
11575 12 205 213
11576 13 36 213
11577 14 84 213
11578 15 29 213
11579 16 85 213
11580 17 88 213
11581 18 154 213
11582 19 224 213
11583 20 77 213
11584 21 164 213
11585 22 113 213
11586 23 101 213
11587 24 183 213
11588 25 126 213
11589 26 99 213
11590 27 118 213
11591 28 129 213
11592 29 16 213
11593 30 34 213
11594 31 129 213
11595 32 173 213
11596 33 115 213
11597 34 115 213
11598 35 17 213
11599 36 239 213
11600 37 37 213
11601 38 136 213
11602 39 146 213
11603 40 53 213
11604 41 187 213
11605 42 125 213
11606 43 56 213
11607 44 84 213
11608 45 134 213
11609 46 221 213
11610 47 156 213
11611 48 223 213
11612 49 51 213
11613 50 253 213
11614 51 43 213
11615 52 238 213
11616 53 56 213
11617 54 8 213
11618 55 67 213
11619 56 36 213
11620 57 106 213
11621 58 59 213
11622 59 46 213
11623 60 201 213
11624 61 68 213
11625 62 80 213
11626 63 165 213
11627 64 73 213
11628 65 168 213
11629 66 204 213
11630 67 203 213
11631 68 210 213
11632 69 29 213
11633 70 35 213
11634 71 174 213
11635 72 31 213
11636 73 145 213
11637 74 22 213
11638 75 24 213
11639 76 256 213
11640 77 249 213
11641 78 67 213
11642 79 168 213
11643 80 248 213
11644 81 59 213
11645 82 217 213
11646 83 243 213
11647 84 111 213
11648 85 113 213
11649 86 231 213
11650 87 120 213
11651 88 190 213
11652 89 46 213
11653 5 175 214
11654 6 84 214
11655 7 191 214
11656 8 12 214
11657 9 13 214
11658 10 105 214
11659 11 134 214
11660 12 215 214
11661 13 122 214
11662 14 152 214
11663 15 13 214
11664 16 36 214
11665 17 50 214
11666 18 116 214
11667 19 14 214
11668 20 250 214
11669 21 121 214
11670 22 152 214
11671 23 165 214
11672 24 101 214
11673 25 131 214
11674 26 149 214
11675 27 84 214
11676 28 179 214
11677 29 36 214
11678 30 101 214
11679 31 20 214
11680 32 234 214
11681 33 29 214
11682 34 106 214
11683 35 115 214
11684 36 117 214
11685 37 114 214
11686 39 142 214
11687 38 56 214
11688 40 148 214
11689 41 249 214
11690 42 172 214
11691 43 199 214
11692 44 41 214
11693 45 109 214
11694 46 28 214
11695 47 203 214
11696 48 169 214
11697 49 44 214
11698 50 109 214
11699 51 125 214
11700 52 45 214
11701 53 233 214
11702 54 182 214
11703 55 147 214
11704 56 159 214
11705 57 144 214
11706 58 120 214
11707 59 47 214
11708 60 192 214
11709 61 95 214
11710 62 31 214
11711 63 184 214
11712 64 15 214
11713 65 174 214
11714 66 108 214
11715 67 178 214
11716 68 130 214
11717 69 135 214
11718 70 9 214
11719 71 221 214
11720 72 229 214
11721 73 234 214
11722 74 223 214
11723 75 129 214
11724 76 167 214
11725 77 220 214
11726 78 79 214
11727 79 207 214
11728 80 180 214
11729 81 87 214
11730 82 140 214
11731 83 21 214
11732 84 67 214
11733 85 89 214
11734 86 112 214
11735 87 133 214
11736 88 253 214
11737 89 27 214
11738 90 123 214
11739 91 76 214
11740 93 52 214
11741 1 153 215
11742 2 192 215
11743 3 48 215
11744 4 195 215
11745 5 86 215
11746 6 134 215
11747 7 37 215
11748 8 196 215
11749 9 36 215
11750 10 77 215
11751 11 169 215
11752 12 216 215
11753 13 252 215
11754 14 212 215
11755 15 67 215
11756 16 254 215
11757 17 116 215
11758 18 152 215
11759 19 218 215
11760 20 206 215
11761 21 124 215
11762 22 24 215
11763 23 199 215
11764 24 51 215
11765 25 11 215
11766 26 239 215
11767 27 95 215
11768 28 198 215
11769 29 43 215
11770 30 159 215
11771 31 200 215
11772 32 52 215
11773 33 248 215
11774 34 243 215
11775 35 65 215
11776 36 155 215
11777 37 119 215
11778 38 174 215
11779 39 168 215
11780 40 137 215
11781 41 155 215
11782 42 99 215
11783 43 190 215
11784 44 192 215
11785 45 217 215
11786 46 67 215
11787 47 66 215
11788 48 198 215
11789 49 195 215
11790 50 133 215
11791 51 15 215
11792 52 239 215
11793 53 108 215
11794 54 36 215
11795 55 92 215
11796 56 213 215
11797 57 222 215
11798 58 36 215
11799 59 18 215
11800 60 176 215
11801 61 233 215
11802 62 58 215
11803 63 213 215
11804 64 162 215
11805 65 140 215
11806 66 213 215
11807 67 129 215
11808 68 136 215
11809 69 231 215
11810 70 91 215
11811 71 38 215
11812 72 151 215
11813 73 210 215
11814 74 102 215
11815 75 64 215
11816 76 91 215
11817 77 82 215
11818 78 218 215
11819 79 97 215
11820 80 247 215
11821 81 32 215
11822 82 82 215
11823 83 151 215
11824 84 157 215
11825 85 135 215
11826 86 121 215
11827 87 125 215
11828 88 173 215
11829 89 52 215
11830 90 228 215
11831 91 169 215
11832 92 250 215
11833 93 231 215
11834 94 19 215
11835 1 31 216
11836 2 210 216
11837 3 28 216
11838 4 22 216
11839 5 237 216
11840 6 135 216
11841 7 92 216
11842 8 118 216
11843 9 108 216
11844 10 252 216
11845 11 111 216
11846 12 196 216
11847 13 163 216
11848 14 69 216
11849 15 18 216
11850 16 252 216
11851 17 39 216
11852 18 86 216
11853 19 144 216
11854 20 62 216
11855 21 201 216
11856 22 159 216
11857 23 186 216
11858 24 74 216
11859 25 127 216
11860 26 30 216
11861 27 251 216
11862 28 216 216
11863 29 203 216
11864 30 90 216
11865 31 171 216
11866 32 155 216
11867 33 112 216
11868 34 218 216
11869 35 208 216
11870 36 52 216
11871 37 112 216
11872 38 108 216
11873 39 85 216
11874 40 173 216
11875 41 32 216
11876 42 244 216
11877 43 110 216
11878 44 192 216
11879 45 59 216
11880 46 52 216
11881 47 29 216
11882 48 116 216
11883 49 17 216
11884 50 11 216
11885 51 154 216
11886 52 95 216
11887 53 93 216
11888 54 190 216
11889 55 140 216
11890 56 242 216
11891 57 111 216
11892 58 12 216
11893 59 244 216
11894 60 107 216
11895 61 103 216
11896 62 38 216
11897 63 25 216
11898 64 67 216
11899 65 89 216
11900 66 99 216
11901 67 224 216
11902 68 56 216
11903 69 199 216
11904 70 200 216
11905 71 72 216
11906 72 74 216
11907 73 67 216
11908 74 43 216
11909 75 130 216
11910 76 179 216
11911 77 85 216
11912 78 249 216
11913 79 132 216
11914 80 70 216
11915 81 191 216
11916 82 79 216
11917 83 61 216
11918 84 98 216
11919 85 49 216
11920 86 187 216
11921 87 175 216
11922 88 114 216
11923 89 198 216
11924 90 211 216
11925 91 249 216
11926 92 158 216
11927 93 163 216
11928 94 120 216
11929 0 51 217
11930 1 76 217
11931 2 164 217
11932 3 183 217
11933 4 27 217
11934 5 180 217
11935 6 105 217
11936 7 165 217
11937 8 35 217
11938 9 176 217
11939 10 80 217
11940 11 138 217
11941 12 134 217
11942 13 245 217
11943 14 27 217
11944 15 39 217
11945 16 240 217
11946 17 27 217
11947 18 97 217
11948 19 140 217
11949 20 147 217
11950 21 166 217
11951 22 20 217
11952 23 249 217
11953 24 182 217
11954 25 132 217
11955 26 210 217
11956 27 35 217
11957 28 133 217
11958 29 86 217
11959 30 5 217
11960 31 248 217
11961 32 81 217
11962 33 251 217
11963 34 156 217
11964 35 52 217
11965 36 109 217
11966 37 211 217
11967 38 59 217
11968 39 124 217
11969 40 206 217
11970 41 122 217
11971 42 82 217
11972 43 238 217
11973 44 255 217
11974 45 232 217
11975 46 2 217
11976 47 202 217
11977 48 61 217
11978 49 165 217
11979 50 42 217
11980 51 153 217
11981 52 43 217
11982 53 69 217
11983 54 79 217
11984 55 80 217
11985 56 199 217
11986 57 84 217
11987 58 124 217
11988 59 25 217
11989 60 144 217
11990 61 133 217
11991 62 43 217
11992 63 114 217
11993 64 98 217
11994 65 44 217
11995 66 164 217
11996 67 118 217
11997 68 66 217
11998 69 198 217
11999 70 127 217
12000 71 68 217
12001 72 170 217
12002 73 95 217
12003 74 134 217
12004 75 193 217
12005 76 212 217
12006 77 222 217
12007 78 53 217
12008 79 39 217
12009 80 44 217
12010 81 243 217
12011 82 43 217
12012 83 176 217
12013 84 129 217
12014 85 172 217
12015 86 25 217
12016 87 125 217
12017 88 166 217
12018 89 158 217
12019 90 145 217
12020 91 76 217
12021 92 164 217
12022 93 196 217
12023 94 185 217
12024 95 158 217
12025 96 140 217
12026 97 186 217
12027 98 60 217
12028 0 55 218
12029 1 99 218
12030 2 184 218
12031 3 101 218
12032 4 140 218
12033 5 249 218
12034 6 172 218
12035 7 117 218
12036 8 123 218
12037 9 43 218
12038 10 44 218
12039 11 232 218
12040 12 118 218
12041 13 149 218
12042 14 165 218
12043 15 10 218
12044 16 239 218
12045 17 102 218
12046 18 88 218
12047 19 91 218
12048 20 90 218
12049 21 36 218
12050 22 226 218
12051 23 226 218
12052 24 89 218
12053 25 215 218
12054 26 148 218
12055 27 206 218
12056 28 51 218
12057 29 180 218
12058 30 256 218
12059 31 152 218
12060 32 109 218
12061 33 239 218
12062 34 66 218
12063 35 155 218
12064 36 60 218
12065 37 65 218
12066 38 61 218
12067 39 243 218
12068 40 160 218
12069 41 154 218
12070 42 80 218
12071 43 232 218
12072 44 154 218
12073 45 174 218
12074 46 78 218
12075 47 191 218
12076 48 49 218
12077 49 37 218
12078 50 117 218
12079 51 139 218
12080 52 241 218
12081 53 17 218
12082 54 224 218
12083 55 139 218
12084 56 152 218
12085 57 129 218
12086 58 239 218
12087 59 34 218
12088 60 3 218
12089 61 48 218
12090 62 77 218
12091 63 192 218
12092 64 248 218
12093 65 153 218
12094 66 222 218
12095 67 54 218
12096 68 58 218
12097 69 28 218
12098 70 42 218
12099 71 229 218
12100 72 188 218
12101 73 214 218
12102 74 64 218
12103 75 142 218
12104 76 192 218
12105 77 40 218
12106 78 10 218
12107 79 125 218
12108 80 227 218
12109 81 15 218
12110 82 81 218
12111 83 141 218
12112 84 124 218
12113 85 88 218
12114 86 148 218
12115 87 176 218
12116 88 81 218
12117 89 90 218
12118 90 66 218
12119 91 139 218
12120 92 156 218
12121 93 48 218
12122 94 126 218
12123 95 188 218
12124 96 151 218
12125 97 36 218
12126 98 43 218
12127 99 196 218
12128 0 180 219
12129 1 59 219
12130 2 113 219
12131 3 44 219
12132 4 87 219
12133 5 29 219
12134 6 62 219
12135 7 44 219
12136 8 76 219
12137 9 134 219
12138 10 247 219
12139 11 142 219
12140 12 161 219
12141 13 243 219
12142 14 61 219
12143 15 236 219
12144 16 244 219
12145 17 68 219
12146 18 28 219
12147 19 72 219
12148 20 3 219
12149 21 204 219
12150 22 158 219
12151 23 171 219
12152 24 252 219
12153 25 210 219
12154 26 177 219
12155 27 188 219
12156 28 177 219
12157 29 177 219
12158 30 171 219
12159 31 250 219
12160 32 227 219
12161 33 201 219
12162 34 44 219
12163 35 199 219
12164 36 242 219
12165 37 114 219
12166 38 134 219
12167 39 37 219
12168 40 159 219
12169 41 62 219
12170 42 198 219
12171 43 10 219
12172 44 93 219
12173 45 164 219
12174 46 191 219
12175 47 11 219
12176 48 49 219
12177 49 252 219
12178 50 178 219
12179 51 71 219
12180 52 231 219
12181 53 70 219
12182 54 43 219
12183 55 110 219
12184 56 191 219
12185 57 198 219
12186 58 188 219
12187 59 126 219
12188 60 203 219
12189 61 244 219
12190 62 62 219
12191 63 12 219
12192 64 62 219
12193 65 156 219
12194 66 124 219
12195 67 199 219
12196 68 200 219
12197 69 197 219
12198 70 182 219
12199 71 25 219
12200 72 204 219
12201 73 85 219
12202 74 35 219
12203 75 31 219
12204 76 5 219
12205 77 233 219
12206 78 121 219
12207 79 221 219
12208 80 155 219
12209 81 61 219
12210 82 141 219
12211 83 8 219
12212 84 231 219
12213 85 155 219
12214 86 234 219
12215 87 253 219
12216 88 233 219
12217 89 227 219
12218 90 127 219
12219 91 75 219
12220 92 59 219
12221 93 16 219
12222 94 70 219
12223 95 8 219
12224 96 221 219
12225 97 105 219
12226 98 83 219
12227 99 32 219
12228 100 193 219
12229 101 210 219
12230 103 141 219
12231 0 72 220
12232 1 51 220
12233 2 89 220
12234 3 182 220
12235 4 200 220
12236 5 153 220
12237 6 186 220
12238 7 170 220
12239 8 100 220
12240 9 243 220
12241 10 238 220
12242 11 234 220
12243 12 123 220
12244 13 43 220
12245 14 208 220
12246 15 60 220
12247 16 173 220
12248 17 146 220
12249 18 218 220
12250 19 122 220
12251 20 249 220
12252 21 83 220
12253 22 77 220
12254 23 200 220
12255 24 91 220
12256 25 132 220
12257 26 195 220
12258 27 55 220
12259 28 112 220
12260 29 221 220
12261 30 36 220
12262 31 129 220
12263 32 207 220
12264 33 13 220
12265 34 7 220
12266 35 237 220
12267 36 3 220
12268 37 28 220
12269 38 23 220
12270 39 204 220
12271 40 20 220
12272 41 111 220
12273 42 91 220
12274 43 29 220
12275 44 236 220
12276 45 110 220
12277 46 111 220
12278 47 154 220
12279 48 149 220
12280 49 122 220
12281 50 69 220
12282 51 196 220
12283 52 235 220
12284 53 3 220
12285 54 79 220
12286 55 247 220
12287 56 153 220
12288 57 27 220
12289 58 131 220
12290 59 194 220
12291 60 180 220
12292 61 98 220
12293 62 131 220
12294 63 93 220
12295 64 212 220
12296 65 45 220
12297 66 196 220
12298 67 142 220
12299 68 224 220
12300 69 192 220
12301 70 13 220
12302 71 248 220
12303 72 214 220
12304 73 91 220
12305 74 1 220
12306 75 96 220
12307 76 160 220
12308 77 144 220
12309 78 208 220
12310 79 67 220
12311 80 55 220
12312 81 65 220
12313 82 235 220
12314 83 220 220
12315 84 128 220
12316 85 132 220
12317 86 89 220
12318 87 234 220
12319 88 9 220
12320 89 119 220
12321 90 214 220
12322 91 99 220
12323 92 63 220
12324 93 192 220
12325 94 64 220
12326 95 40 220
12327 96 248 220
12328 97 160 220
12329 98 135 220
12330 99 98 220
12331 100 246 220
12332 101 77 220
12333 102 46 220
12334 103 95 220
12335 0 32 221
12336 1 67 221
12337 2 45 221
12338 3 65 221
12339 4 65 221
12340 5 152 221
12341 6 228 221
12342 7 120 221
12343 8 153 221
12344 9 179 221
12345 10 45 221
12346 11 208 221
12347 12 206 221
12348 13 169 221
12349 14 76 221
12350 15 205 221
12351 16 147 221
12352 17 135 221
12353 18 201 221
12354 19 240 221
12355 20 81 221
12356 21 245 221
12357 22 171 221
12358 23 91 221
12359 24 148 221
12360 25 126 221
12361 26 59 221
12362 27 54 221
12363 28 25 221
12364 29 234 221
12365 30 186 221
12366 31 183 221
12367 32 122 221
12368 33 64 221
12369 34 103 221
12370 35 145 221
12371 36 83 221
12372 37 85 221
12373 38 252 221
12374 39 63 221
12375 40 190 221
12376 41 68 221
12377 42 135 221
12378 43 51 221
12379 44 24 221
12380 45 223 221
12381 46 182 221
12382 47 92 221
12383 48 87 221
12384 49 250 221
12385 50 95 221
12386 51 70 221
12387 52 202 221
12388 53 14 221
12389 54 132 221
12390 55 179 221
12391 56 26 221
12392 57 107 221
12393 58 199 221
12394 59 9 221
12395 60 41 221
12396 61 115 221
12397 62 92 221
12398 63 198 221
12399 64 227 221
12400 65 96 221
12401 66 238 221
12402 67 47 221
12403 68 79 221
12404 69 130 221
12405 70 79 221
12406 71 174 221
12407 72 160 221
12408 73 3 221
12409 74 152 221
12410 75 252 221
12411 76 144 221
12412 77 152 221
12413 78 137 221
12414 79 217 221
12415 80 199 221
12416 81 45 221
12417 82 234 221
12418 83 220 221
12419 84 206 221
12420 85 19 221
12421 86 136 221
12422 87 221 221
12423 88 180 221
12424 89 182 221
12425 90 168 221
12426 91 173 221
12427 92 89 221
12428 93 239 221
12429 94 157 221
12430 95 14 221
12431 96 214 221
12432 97 93 221
12433 98 168 221
12434 99 244 221
12435 100 12 221
12436 101 217 221
12437 102 5 221
12438 103 205 221
12439 104 113 221
12440 106 90 221
12441 0 249 222
12442 1 107 222
12443 2 93 222
12444 3 113 222
12445 4 120 222
12446 5 48 222
12447 6 77 222
12448 7 114 222
12449 8 187 222
12450 9 122 222
12451 10 128 222
12452 11 21 222
12453 12 155 222
12454 13 12 222
12455 14 2 222
12456 15 240 222
12457 16 138 222
12458 17 114 222
12459 18 80 222
12460 19 183 222
12461 20 43 222
12462 21 75 222
12463 22 47 222
12464 23 119 222
12465 24 13 222
12466 25 113 222
12467 26 181 222
12468 27 109 222
12469 28 230 222
12470 29 25 222
12471 30 212 222
12472 31 145 222
12473 32 153 222
12474 33 98 222
12475 34 209 222
12476 35 30 222
12477 36 164 222
12478 37 62 222
12479 38 215 222
12480 39 26 222
12481 40 69 222
12482 41 50 222
12483 42 20 222
12484 43 135 222
12485 44 198 222
12486 45 114 222
12487 46 56 222
12488 47 206 222
12489 48 103 222
12490 49 116 222
12491 50 115 222
12492 51 211 222
12493 52 3 222
12494 53 165 222
12495 54 60 222
12496 55 111 222
12497 56 136 222
12498 57 119 222
12499 58 144 222
12500 59 143 222
12501 60 208 222
12502 61 113 222
12503 62 63 222
12504 63 50 222
12505 64 236 222
12506 65 210 222
12507 66 146 222
12508 67 205 222
12509 68 78 222
12510 69 32 222
12511 70 89 222
12512 71 185 222
12513 72 41 222
12514 73 28 222
12515 74 46 222
12516 75 221 222
12517 76 93 222
12518 77 242 222
12519 78 132 222
12520 79 240 222
12521 80 237 222
12522 81 46 222
12523 82 183 222
12524 83 197 222
12525 84 242 222
12526 85 241 222
12527 86 212 222
12528 87 38 222
12529 88 131 222
12530 89 91 222
12531 90 114 222
12532 91 129 222
12533 92 223 222
12534 93 175 222
12535 94 227 222
12536 95 243 222
12537 96 83 222
12538 97 177 222
12539 98 133 222
12540 99 250 222
12541 100 150 222
12542 101 184 222
12543 102 39 222
12544 103 157 222
12545 104 245 222
12546 105 155 222
12547 106 220 222
12548 107 199 222
12549 0 68 223
12550 1 58 223
12551 2 3 223
12552 3 182 223
12553 4 100 223
12554 5 110 223
12555 6 151 223
12556 7 250 223
12557 8 15 223
12558 9 187 223
12559 10 142 223
12560 11 208 223
12561 12 124 223
12562 13 44 223
12563 14 223 223
12564 15 235 223
12565 16 35 223
12566 17 173 223
12567 18 54 223
12568 19 165 223
12569 20 168 223
12570 21 116 223
12571 22 14 223
12572 23 153 223
12573 24 224 223
12574 25 217 223
12575 26 105 223
12576 27 94 223
12577 28 82 223
12578 29 247 223
12579 30 173 223
12580 31 132 223
12581 32 101 223
12582 33 235 223
12583 34 238 223
12584 35 221 223
12585 36 137 223
12586 37 66 223
12587 38 248 223
12588 39 74 223
12589 40 209 223
12590 41 137 223
12591 42 145 223
12592 43 187 223
12593 44 79 223
12594 45 115 223
12595 46 114 223
12596 47 161 223
12597 48 139 223
12598 49 234 223
12599 50 235 223
12600 51 140 223
12601 52 222 223
12602 53 251 223
12603 54 252 223
12604 55 228 223
12605 56 198 223
12606 57 229 223
12607 58 185 223
12608 59 92 223
12609 60 46 223
12610 61 20 223
12611 62 123 223
12612 63 164 223
12613 64 80 223
12614 65 230 223
12615 66 60 223
12616 67 34 223
12617 68 119 223
12618 69 47 223
12619 70 239 223
12620 71 44 223
12621 72 33 223
12622 73 160 223
12623 74 138 223
12624 75 149 223
12625 76 236 223
12626 77 244 223
12627 78 144 223
12628 79 139 223
12629 80 127 223
12630 81 255 223
12631 82 65 223
12632 83 63 223
12633 84 34 223
12634 85 170 223
12635 86 102 223
12636 87 109 223
12637 88 223 223
12638 89 6 223
12639 90 182 223
12640 91 74 223
12641 92 101 223
12642 93 210 223
12643 94 117 223
12644 95 216 223
12645 96 242 223
12646 97 59 223
12647 98 228 223
12648 99 122 223
12649 100 206 223
12650 101 66 223
12651 102 161 223
12652 103 65 223
12653 104 149 223
12654 105 182 223
12655 106 11 223
12656 107 248 223
12657 108 43 223
12658 109 125 223
12659 0 73 224
12660 1 254 224
12661 2 50 224
12662 3 21 224
12663 4 243 224
12664 5 213 224
12665 6 2 224
12666 7 60 224
12667 8 251 224
12668 9 242 224
12669 10 10 224
12670 11 8 224
12671 12 103 224
12672 13 178 224
12673 14 208 224
12674 15 223 224
12675 16 118 224
12676 17 254 224
12677 18 223 224
12678 19 51 224
12679 20 200 224
12680 21 75 224
12681 22 233 224
12682 23 197 224
12683 24 159 224
12684 25 225 224
12685 26 128 224
12686 27 178 224
12687 28 127 224
12688 29 187 224
12689 30 83 224
12690 31 231 224
12691 32 225 224
12692 33 86 224
12693 34 36 224
12694 35 55 224
12695 36 243 224
12696 37 174 224
12697 38 189 224
12698 39 233 224
12699 40 40 224
12700 41 187 224
12701 42 160 224
12702 43 61 224
12703 44 198 224
12704 45 67 224
12705 46 96 224
12706 47 251 224
12707 48 16 224
12708 49 104 224
12709 50 49 224
12710 51 151 224
12711 52 82 224
12712 53 169 224
12713 54 1 224
12714 55 71 224
12715 56 231 224
12716 57 125 224
12717 58 208 224
12718 59 110 224
12719 60 112 224
12720 61 74 224
12721 62 113 224
12722 63 131 224
12723 64 86 224
12724 65 99 224
12725 66 195 224
12726 67 145 224
12727 68 254 224
12728 69 54 224
12729 70 179 224
12730 71 103 224
12731 72 245 224
12732 73 25 224
12733 74 97 224
12734 75 183 224
12735 76 149 224
12736 77 39 224
12737 78 163 224
12738 79 37 224
12739 80 113 224
12740 81 28 224
12741 82 213 224
12742 83 32 224
12743 84 75 224
12744 85 218 224
12745 86 214 224
12746 88 50 224
12747 87 222 224
12748 89 16 224
12749 90 125 224
12750 91 249 224
12751 92 206 224
12752 93 215 224
12753 94 27 224
12754 95 181 224
12755 96 127 224
12756 97 160 224
12757 98 196 224
12758 99 49 224
12759 100 33 224
12760 101 219 224
12761 102 206 224
12762 103 176 224
12763 105 219 224
12764 104 248 224
12765 106 159 224
12766 107 139 224
12767 108 74 224
12768 109 57 224
12769 110 134 224
12770 0 147 225
12771 1 231 225
12772 2 37 225
12773 3 200 225
12774 4 151 225
12775 5 104 225
12776 6 119 225
12777 7 10 225
12778 8 37 225
12779 9 246 225
12780 10 184 225
12781 11 16 225
12782 12 15 225
12783 13 117 225
12784 14 128 225
12785 15 26 225
12786 16 25 225
12787 17 204 225
12788 18 39 225
12789 19 55 225
12790 20 101 225
12791 21 227 225
12792 22 131 225
12793 23 218 225
12794 24 163 225
12795 25 51 225
12796 26 210 225
12797 27 229 225
12798 28 212 225
12799 29 5 225
12800 30 139 225
12801 31 51 225
12802 32 94 225
12803 33 76 225
12804 34 33 225
12805 35 199 225
12806 36 114 225
12807 37 212 225
12808 38 222 225
12809 39 197 225
12810 40 28 225
12811 41 159 225
12812 42 85 225
12813 43 195 225
12814 44 54 225
12815 45 220 225
12816 46 131 225
12817 47 2 225
12818 48 19 225
12819 49 175 225
12820 50 209 225
12821 51 101 225
12822 52 182 225
12823 53 209 225
12824 54 85 225
12825 55 239 225
12826 56 211 225
12827 57 219 225
12828 58 111 225
12829 59 215 225
12830 60 248 225
12831 61 163 225
12832 62 90 225
12833 63 27 225
12834 64 208 225
12835 65 121 225
12836 66 73 225
12837 67 108 225
12838 68 159 225
12839 69 86 225
12840 70 152 225
12841 71 21 225
12842 72 3 225
12843 73 35 225
12844 74 241 225
12845 75 156 225
12846 76 18 225
12847 77 92 225
12848 78 131 225
12849 79 37 225
12850 80 182 225
12851 81 29 225
12852 82 83 225
12853 83 174 225
12854 84 123 225
12855 85 194 225
12856 86 250 225
12857 87 119 225
12858 88 58 225
12859 89 174 225
12860 90 221 225
12861 91 40 225
12862 92 195 225
12863 93 203 225
12864 94 232 225
12865 95 182 225
12866 96 246 225
12867 97 149 225
12868 98 254 225
12869 99 109 225
12870 100 82 225
12871 101 47 225
12872 102 125 225
12873 103 243 225
12874 104 149 225
12875 105 150 225
12876 106 248 225
12877 107 193 225
12878 108 12 225
12879 109 107 225
12880 110 36 225
12881 111 10 225
12882 0 224 226
12883 1 89 226
12884 2 174 226
12885 3 70 226
12886 4 139 226
12887 5 222 226
12888 6 182 226
12889 7 234 226
12890 8 172 226
12891 9 210 226
12892 10 94 226
12893 11 163 226
12894 12 28 226
12895 13 148 226
12896 14 195 226
12897 15 46 226
12898 16 118 226
12899 17 4 226
12900 18 219 226
12901 19 42 226
12902 20 159 226
12903 21 140 226
12904 22 125 226
12905 23 256 226
12906 24 73 226
12907 25 198 226
12908 26 218 226
12909 27 244 226
12910 28 213 226
12911 29 134 226
12912 30 51 226
12913 31 114 226
12914 32 1 226
12915 33 67 226
12916 34 69 226
12917 36 218 226
12918 35 52 226
12919 37 6 226
12920 38 208 226
12921 39 207 226
12922 40 199 226
12923 41 227 226
12924 42 106 226
12925 43 82 226
12926 44 188 226
12927 45 125 226
12928 46 140 226
12929 47 172 226
12930 48 163 226
12931 49 223 226
12932 50 191 226
12933 51 228 226
12934 52 203 226
12935 53 142 226
12936 54 19 226
12937 55 23 226
12938 56 6 226
12939 57 25 226
12940 58 79 226
12941 59 21 226
12942 60 185 226
12943 61 106 226
12944 62 117 226
12945 63 16 226
12946 64 149 226
12947 65 61 226
12948 66 230 226
12949 67 113 226
12950 68 247 226
12951 69 161 226
12952 70 184 226
12953 71 39 226
12954 72 256 226
12955 73 164 226
12956 74 189 226
12957 75 219 226
12958 76 116 226
12959 77 226 226
12960 78 113 226
12961 79 140 226
12962 80 110 226
12963 81 222 226
12964 82 157 226
12965 83 168 226
12966 84 95 226
12967 85 143 226
12968 86 55 226
12969 87 175 226
12970 88 228 226
12971 89 158 226
12972 90 72 226
12973 91 160 226
12974 92 159 226
12975 93 14 226
12976 94 128 226
12977 95 131 226
12978 96 209 226
12979 97 130 226
12980 98 177 226
12981 99 34 226
12982 100 110 226
12983 101 164 226
12984 102 147 226
12985 103 177 226
12986 104 50 226
12987 105 49 226
12988 106 138 226
12989 107 187 226
12990 108 16 226
12991 109 236 226
12992 110 110 226
12993 111 40 226
12994 112 254 226
12995 113 53 226
12996 0 142 227
12997 1 31 227
12998 2 13 227
12999 3 120 227
13000 4 10 227
13001 5 40 227
13002 6 30 227
13003 7 172 227
13004 8 151 227
13005 9 171 227
13006 10 51 227
13007 11 123 227
13008 12 230 227
13009 14 90 227
13010 13 219 227
13011 15 176 227
13012 16 195 227
13013 17 60 227
13014 18 133 227
13015 19 140 227
13016 20 218 227
13017 21 18 227
13018 22 14 227
13019 23 111 227
13020 24 213 227
13021 25 3 227
13022 26 55 227
13023 27 6 227
13024 28 244 227
13025 29 254 227
13026 30 163 227
13027 31 256 227
13028 32 197 227
13029 33 247 227
13030 34 186 227
13031 35 96 227
13032 36 42 227
13033 37 175 227
13034 38 127 227
13035 39 175 227
13036 40 89 227
13037 41 91 227
13038 42 43 227
13039 43 206 227
13040 44 54 227
13041 45 182 227
13042 46 214 227
13043 47 63 227
13044 48 95 227
13045 49 236 227
13046 50 45 227
13047 51 180 227
13048 52 230 227
13049 53 194 227
13050 54 182 227
13051 55 66 227
13052 56 175 227
13053 57 169 227
13054 58 163 227
13055 59 197 227
13056 60 158 227
13057 61 131 227
13058 62 44 227
13059 63 230 227
13060 64 25 227
weights 228 228 228 228 228 228 228 228 228 228 228 228 228 228 228 228 228 228 228 228 228 228 228 228 228 228 228 228 228 228 228 228 228 228 228 228 228 228 228 228 228 228 228 228 228 228 228 228 228 228 228 228 228 228 228 228 228 228 228 228 228 228 228 228 228 227 227 227 227 227 227 227 227 227 227 227 227 227 227 227 227 227 227 227 227 227 227 227 227 227 227 227 227 227 227 227 227 227 227 227 227 227 227 227 227 227 227 227 227 227 227 227 227 227
