point	r	s	weight	order	u	t	v0	v1	v2	v3	v4	v5	v6	v7	v8	v9	v10	v11	v12	v13
0	3	0	1	77	77	0	7	9	9	10	3	3	3	1	10	3	2	6	9	4
0	3	0	1	77	76	1	2	4	4	0	7	10	4	9	2	6	4	10	8	9
0	3	0	1	77	75	2	0	4	1	9	3	4	6	7	6	8	1	1	0	9
0	3	0	1	77	74	3	9	5	8	3	7	5	2	10	4	9	2	9	9	8
0	3	0	1	77	73	4	10	5	2	0	3	2	5	9	2	7	3	6	3	10
0	3	0	1	77	72	5	8	0	7	9	4	8	10	9	1	7	7	0	8	10
0	3	0	1	77	71	6	6	1	9	10	10	8	5	5	10	7	8	4	0	2
0	3	0	1	77	70	7	1	9	2	1	9	5	9	1	6	7	2	4	0	10
0	3	0	1	77	69	8	5	6	2	10	2	5	5	7	1	8	3	0	10	9
0	3	0	1	77	68	9	2	4	9	9	5	1	8	8	3	4	1	6	5	8
0	3	0	1	77	67	10	0	5	9	7	3	10	0	10	7	6	0	10	4	10
0	3	0	1	77	66	11	3	6	0	2	1	8	10	9	2	4	10	1	1	6
0	3	0	1	77	65	12	6	2	5	7	10	2	9	3	10	5	5	1	3	3
0	3	0	1	77	64	13	0	0	10	9	0	2	2	4	0	5	7	2	10	6
0	3	0	1	77	63	14	9	2	7	5	2	10	8	6	4	5	10	5	4	0
0	3	0	1	77	62	15	5	5	8	2	6	0	9	9	9	10	6	10	2	5
0	3	0	1	77	61	16	10	4	7	6	6	9	3	2	2	5	0	1	10	4
0	3	0	1	77	60	17	0	9	10	7	7	2	1	3	6	0	8	3	7	2
0	3	0	1	77	59	18	6	9	2	4	0	3	5	3	10	4	1	4	0	1
0	3	0	1	77	58	19	9	2	0	7	6	6	8	10	10	5	1	10	5	9
0	3	0	1	77	57	20	2	2	2	0	3	0	10	10	9	5	4	3	0	0
0	3	0	1	77	56	21	10	8	9	6	6	10	6	10	1	8	7	5	0	2
0	3	0	1	77	55	22	6	2	9	2	1	3	0	7	4	5	0	2	10	3
0	3	0	1	77	54	23	3	10	5	2	7	6	2	4	5	1	4	6	8	0
0	3	0	1	77	53	24	5	0	6	10	5	2	8	6	1	0	2	10	1	3
0	3	0	1	77	52	25	1	3	5	4	10	6	6	2	9	10	2	5	7	7
0	3	0	1	77	51	26	5	3	10	1	9	4	8	5	8	2	1	9	7	5
0	3	0	1	77	50	27	5	9	3	8	3	5	10	5	8	6	6	1	7	10
0	3	0	1	77	49	28	9	1	8	4	3	3	10	6	8	10	6	4	0	0
0	3	0	1	77	48	29	9	6	3	1	1	6	2	6	5	6	4	2	5	4
0	3	0	1	77	47	30	5	3	3	3	7	1	8	6	3	9	5	1	10	1
0	3	0	1	77	46	31	9	5	8	10	2	4	9	5	8	6	0	7	0	0
0	3	0	1	77	45	32	9	3	3	7	3	0	2	4	2	0	6	1	1	10
0	3	0	1	77	44	33	7	4	5	0	5	9	2	4	5	1	8	3	10	0
0	3	0	1	77	43	34	9	0	6	3	6	2	8	1	2	10	0	9	1	2
0	3	0	1	77	42	35	8	7	2	8	3	6	1	9	5	0	4	7	0	8
0	3	0	1	77	41	36	5	4	4	7	10	1	5	8	3	4	10	9	2	9
0	3	0	1	77	40	37	6	2	2	4	8	7	0	5	6	4	9	0	4	5
0	3	0	1	77	39	38	10	7	2	6	4	0	9	6	2	9	4	1	3	5
0	3	0	1	77	38	39	4	9	6	8	6	7	3	4	4	7	5	5	6	3
0	3	0	1	77	37	40	1	3	9	6	6	1	7	0	6	2	9	0	8	1
0	3	0	1	77	36	41	0	3	6	1	0	6	8	9	7	8	8	6	4	2
0	3	0	1	77	35	42	0	1	1	6	6	10	1	7	8	4	8	7	5	2
0	3	0	1	77	34	43	8	5	7	2	3	5	4	6	9	0	10	3	7	2
0	3	0	1	77	33	44	9	9	2	10	9	2	10	7	6	9	3	3	10	6
0	3	0	1	77	32	45	5	1	0	6	10	10	9	6	3	10	0	0	6	0
0	3	0	1	77	31	46	10	5	9	5	4	10	0	8	1	3	5	9	5	5
0	3	0	1	77	30	47	4	1	0	3	0	2	7	8	6	3	9	2	4	4
0	3	0	1	77	29	48	10	6	0	0	5	0	8	4	0	0	10	4	1	9
0	3	0	1	77	28	49	10	5	1	10	0	6	0	1	4	9	1	8	0	8
0	3	0	1	77	27	50	10	4	4	2	0	1	5	7	2	9	3	9	3	0
0	3	0	1	77	26	51	8	2	7	5	0	6	1	1	3	6	9	4	9	10
0	3	0	1	77	25	52	10	2	4	7	4	6	7	10	2	7	9	9	6	9
0	3	0	1	77	24	53	10	5	10	10	0	10	4	2	3	10	4	8	4	6
0	3	0	1	77	23	54	10	2	7	0	8	10	7	10	1	0	3	2	3	10
0	3	0	1	77	22	55	4	3	9	4	6	8	6	3	2	6	5	8	5	6
0	3	0	1	77	21	56	0	3	3	4	9	9	3	5	10	0	9	8	0	2
0	3	0	1	77	20	57	8	4	4	8	8	7	6	2	0	6	5	3	1	2
0	3	0	1	77	19	58	4	5	4	2	3	0	6	5	7	3	9	9	1	6
0	3	0	1	77	18	59	0	0	0	0	0	0	0	0	0	0	0	0	0	0
0	3	0	1	77	17	60	0	0	0	0	0	0	0	0	0	0	0	0	0	0
0	3	0	1	77	16	61	0	0	0	0	0	0	0	0	0	0	0	0	0	0
0	3	0	1	77	15	62	0	0	0	0	0	0	0	0	0	0	0	0	0	0
0	3	0	1	77	14	63	0	0	0	0	0	0	0	0	0	0	0	0	0	0
0	3	0	1	77	13	64	0	0	0	0	0	0	0	0	0	0	0	0	0	0
0	3	0	1	77	12	65	0	0	0	0	0	0	0	0	0	0	0	0	0	0
0	3	0	1	77	11	66	0	0	0	0	0	0	0	0	0	0	0	0	0	0
0	3	0	1	77	10	67	0	0	0	0	0	0	0	0	0	0	0	0	0	0
0	3	0	1	77	9	68	0	0	0	0	0	0	0	0	0	0	0	0	0	0
0	3	0	1	77	8	69	0	0	0	0	0	0	0	0	0	0	0	0	0	0
0	3	0	1	77	7	70	0	0	0	0	0	0	0	0	0	0	0	0	0	0
0	3	0	1	77	6	71	0	0	0	0	0	0	0	0	0	0	0	0	0	0
0	3	0	1	77	5	72	0	0	0	0	0	0	0	0	0	0	0	0	0	0
0	3	0	1	77	4	73	0	0	0	0	0	0	0	0	0	0	0	0	0	0
0	3	0	1	77	3	74	0	0	0	0	0	0	0	0	0	0	0	0	0	0
0	3	0	1	77	2	75	0	0	0	0	0	0	0	0	0	0	0	0	0	0
0	3	0	1	77	1	76	0	0	0	0	0	0	0	0	0	0	0	0	0	0
0	3	0	1	77	0	77	0	0	0	0	0	0	0	0	0	0	0	0	0	0
0	3	0	1	78	78	0	6	10	8	7	7	1	9	5	9	1	4	8	4	0
0	3	0	1	78	77	1	6	5	4	7	7	0	10	3	4	9	8	8	5	2
0	3	0	1	78	76	2	5	1	2	8	9	9	1	8	4	10	8	5	10	6
0	3	0	1	78	75	3	3	6	8	7	6	7	8	0	2	5	4	9	0	5
0	3	0	1	78	74	4	0	2	0	2	4	10	8	9	3	0	9	4	8	3
0	3	0	1	78	73	5	7	5	1	5	10	6	1	0	7	3	2	10	6	6
0	3	0	1	78	72	6	5	9	9	8	1	8	0	10	6	6	8	2	4	10
0	3	0	1	78	71	7	7	2	8	5	6	6	8	6	3	2	1	9	2	7
0	3	0	1	78	70	8	0	9	0	9	0	6	6	5	2	0	4	4	4	7
0	3	0	1	78	69	9	3	3	4	9	4	2	10	4	2	4	9	0	7	1
0	3	0	1	78	68	10	3	3	0	0	3	7	9	6	4	5	2	8	8	8
0	3	0	1	78	67	11	8	2	6	1	2	8	1	10	4	5	10	1	8	8
0	3	0	1	78	66	12	9	5	1	6	6	6	3	2	7	2	2	8	7	10
0	3	0	1	78	65	13	1	0	1	0	0	1	0	5	0	9	10	3	3	6
0	3	0	1	78	64	14	9	9	3	3	4	7	0	10	6	4	0	3	1	1
0	3	0	1	78	63	15	8	8	4	10	10	4	0	5	4	0	6	10	1	5
0	3	0	1	78	62	16	1	5	0	7	5	3	0	2	9	5	3	2	9	2
0	3	0	1	78	61	17	8	4	2	4	10	8	5	1	5	8	3	1	3	8
0	3	0	1	78	60	18	5	6	2	7	7	0	5	2	9	9	0	0	3	1
0	3	0	1	78	59	19	7	4	9	1	3	1	2	3	9	6	4	9	1	9
0	3	0	1	78	58	20	2	9	0	10	0	4	9	0	9	6	3	5	4	4
0	3	0	1	78	57	21	2	4	9	9	10	5	9	4	0	10	5	8	1	7
0	3	0	1	78	56	22	2	4	8	0	10	6	10	6	7	6	1	3	0	2
0	3	0	1	78	55	23	10	9	1	9	8	2	3	3	6	8	10	3	9	9
0	3	0	1	78	54	24	4	7	6	1	6	9	9	2	10	9	8	8	1	2
0	3	0	1	78	53	25	9	3	10	9	1	8	1	10	7	2	2	6	0	1
0	3	0	1	78	52	26	0	9	4	10	9	6	1	1	6	8	3	4	10	5
0	3	0	1	78	51	27	6	10	9	5	5	5	7	8	9	10	3	7	2	9
0	3	0	1	78	50	28	7	7	8	5	6	9	10	5	4	2	4	6	4	1
0	3	0	1	78	49	29	2	7	8	4	10	5	0	1	8	1	9	6	6	2
0	3	0	1	78	48	30	7	3	4	8	4	3	6	8	3	0	5	0	2	9
0	3	0	1	78	47	31	6	5	9	4	7	4	8	3	4	4	0	8	1	5
0	3	0	1	78	46	32	0	3	8	6	2	3	7	4	1	2	10	0	4	1
0	3	0	1	78	45	33	0	2	5	7	0	1	5	7	3	8	8	10	6	6
0	3	0	1	78	44	34	5	10	5	6	5	0	2	10	1	1	0	10	2	5
0	3	0	1	78	43	35	8	4	7	6	8	4	8	8	0	2	2	10	5	8
0	3	0	1	78	42	36	9	8	9	3	9	2	5	1	8	2	5	10	10	1
0	3	0	1	78	41	37	10	8	5	6	3	2	1	10	1	6	2	0	0	10
0	3	0	1	78	40	38	3	2	9	2	3	0	1	6	6	5	4	1	9	6
0	3	0	1	78	39	39	1	5	2	4	3	6	10	5	0	1	5	1	5	4
0	3	0	1	78	38	40	7	1	7	2	1	1	7	6	6	9	2	6	1	0
0	3	0	1	78	37	41	1	3	5	8	8	5	5	7	7	3	0	1	10	4
0	3	0	1	78	36	42	6	0	10	4	1	4	3	10	5	4	2	8	5	7
0	3	0	1	78	35	43	1	3	0	9	1	6	0	10	7	4	4	5	0	7
0	3	0	1	78	34	44	2	2	8	3	7	3	6	4	7	5	0	4	1	5
0	3	0	1	78	33	45	7	3	4	10	9	6	3	1	6	5	5	9	4	2
0	3	0	1	78	32	46	3	8	0	6	6	8	4	9	0	2	7	0	9	4
0	3	0	1	78	31	47	0	4	6	5	1	9	10	5	2	4	6	6	1	9
0	3	0	1	78	30	48	6	1	10	2	1	8	1	6	9	8	8	7	5	6
0	3	0	1	78	29	49	2	3	6	9	2	9	10	2	0	2	10	6	6	8
0	3	0	1	78	28	50	9	0	6	10	2	9	7	8	7	0	10	10	4	6
0	3	0	1	78	27	51	6	10	4	8	4	2	8	7	5	0	2	6	4	7
0	3	0	1	78	26	52	7	3	0	10	3	5	7	8	7	5	5	6	2	7
0	3	0	1	78	25	53	1	0	0	7	1	0	6	8	1	0	9	6	4	5
0	3	0	1	78	24	54	7	3	2	2	2	2	6	10	10	7	3	0	1	0
0	3	0	1	78	23	55	7	7	6	3	3	5	8	4	0	10	6	5	4	7
0	3	0	1	78	22	56	2	5	8	4	2	5	3	0	9	3	0	1	3	5
0	3	0	1	78	21	57	1	2	7	10	0	3	5	6	5	6	1	7	2	1
0	3	0	1	78	20	58	1	10	7	3	8	0	4	4	9	4	8	5	3	10
0	3	0	1	78	19	59	0	0	0	0	0	0	0	0	0	0	0	0	0	10
0	3	0	1	78	18	60	0	0	0	0	0	0	0	0	0	0	0	0	0	0
0	3	0	1	78	17	61	0	0	0	0	0	0	0	0	0	0	0	0	0	0
0	3	0	1	78	16	62	0	0	0	0	0	0	0	0	0	0	0	0	0	0
0	3	0	1	78	15	63	0	0	0	0	0	0	0	0	0	0	0	0	0	0
0	3	0	1	78	14	64	0	0	0	0	0	0	0	0	0	0	0	0	0	0
0	3	0	1	78	13	65	0	0	0	0	0	0	0	0	0	0	0	0	0	0
0	3	0	1	78	12	66	0	0	0	0	0	0	0	0	0	0	0	0	0	0
0	3	0	1	78	11	67	0	0	0	0	0	0	0	0	0	0	0	0	0	0
0	3	0	1	78	10	68	0	0	0	0	0	0	0	0	0	0	0	0	0	0
0	3	0	1	78	9	69	0	0	0	0	0	0	0	0	0	0	0	0	0	0
0	3	0	1	78	8	70	0	0	0	0	0	0	0	0	0	0	0	0	0	0
0	3	0	1	78	7	71	0	0	0	0	0	0	0	0	0	0	0	0	0	0
0	3	0	1	78	6	72	0	0	0	0	0	0	0	0	0	0	0	0	0	0
0	3	0	1	78	5	73	0	0	0	0	0	0	0	0	0	0	0	0	0	0
0	3	0	1	78	4	74	0	0	0	0	0	0	0	0	0	0	0	0	0	0
0	3	0	1	78	3	75	0	0	0	0	0	0	0	0	0	0	0	0	0	0
0	3	0	1	78	2	76	0	0	0	0	0	0	0	0	0	0	0	0	0	0
0	3	0	1	78	1	77	0	0	0	0	0	0	0	0	0	0	0	0	0	0
0	3	0	1	78	0	78	0	0	0	0	0	0	0	0	0	0	0	0	0	0
0	3	0	1	79	79	0	7	1	3	10	1	2	4	6	3	4	0	9	7	10
0	3	0	1	79	78	1	10	3	9	2	5	1	8	2	2	8	6	0	1	9
0	3	0	1	79	77	2	5	5	5	8	9	1	1	1	8	10	1	9	8	10
0	3	0	1	79	76	3	4	1	9	9	10	8	6	0	5	8	0	10	10	3
0	3	0	1	79	75	4	5	8	1	3	4	7	5	5	3	5	6	5	7	3
0	3	0	1	79	74	5	1	0	2	2	0	2	10	1	7	2	5	4	10	8
0	3	0	1	79	73	6	0	9	3	9	10	6	5	8	8	8	4	7	0	2
0	3	0	1	79	72	7	1	2	9	6	10	2	7	0	4	1	7	5	5	4
0	3	0	1	79	71	8	3	6	3	9	6	0	9	2	1	10	10	8	10	9
0	3	0	1	79	70	9	6	10	8	2	8	9	6	4	8	8	5	5	6	4
0	3	0	1	79	69	10	4	7	7	2	2	8	1	1	5	10	1	10	3	1
0	3	0	1	79	68	11	0	7	8	6	7	0	6	9	4	8	3	0	8	6
0	3	0	1	79	67	12	1	7	9	1	5	4	2	6	2	1	7	5	0	0
0	3	0	1	79	66	13	4	1	6	8	9	8	2	5	0	10	7	6	7	3
0	3	0	1	79	65	14	10	3	10	10	1	0	9	10	9	4	2	6	9	0
0	3	0	1	79	64	15	5	3	5	2	4	9	9	10	0	2	2	0	6	1
0	3	0	1	79	63	16	10	5	3	10	8	10	10	10	6	0	4	5	7	2
0	3	0	1	79	62	17	8	7	2	3	5	1	3	1	4	0	6	0	3	3
0	3	0	1	79	61	18	5	2	8	0	9	4	2	1	6	3	0	4	3	4
0	3	0	1	79	60	19	9	6	0	0	1	8	1	7	6	0	2	1	0	3
0	3	0	1	79	59	20	9	8	2	1	9	4	2	2	0	6	2	2	9	4
0	3	0	1	79	58	21	8	5	8	9	2	3	9	8	5	1	6	8	6	6
0	3	0	1	79	57	22	1	2	2	2	4	6	5	5	5	10	1	3	1	6
0	3	0	1	79	56	23	0	1	1	6	7	7	1	1	3	2	8	9	1	3
0	3	0	1	79	55	24	1	5	5	4	1	8	9	8	8	0	2	4	4	3
0	3	0	1	79	54	25	8	1	4	1	3	1	5	6	5	8	8	2	5	4
0	3	0	1	79	53	26	6	5	7	4	7	9	1	1	4	6	9	6	4	8
0	3	0	1	79	52	27	6	9	5	2	5	8	8	1	4	8	7	2	6	1
0	3	0	1	79	51	28	7	7	8	7	6	8	7	9	9	3	6	7	1	4
0	3	0	1	79	50	29	1	4	6	0	5	4	1	2	8	7	10	3	0	1
0	3	0	1	79	49	30	2	2	3	3	5	9	2	7	9	9	8	9	3	9
0	3	0	1	79	48	31	5	4	7	4	7	1	5	7	7	6	5	5	3	10
0	3	0	1	79	47	32	0	6	4	2	5	9	9	2	2	3	5	4	1	7
0	3	0	1	79	46	33	10	6	10	6	7	6	10	2	10	1	4	10	0	0
0	3	0	1	79	45	34	8	6	5	10	9	9	7	1	7	7	7	1	10	0
0	3	0	1	79	44	35	6	3	0	8	7	5	2	10	8	5	2	5	2	1
0	3	0	1	79	43	36	0	0	6	4	8	0	4	0	5	10	5	5	2	0
0	3	0	1	79	42	37	8	9	4	3	3	4	4	7	4	0	9	7	0	8
0	3	0	1	79	41	38	2	9	4	1	2	7	4	9	9	2	6	2	9	6
0	3	0	1	79	40	39	9	0	10	2	0	8	2	6	7	5	6	7	7	0
0	3	0	1	79	39	40	2	0	8	9	1	2	1	8	5	7	6	8	0	9
0	3	0	1	79	38	41	8	8	2	10	2	0	5	8	9	4	4	9	10	3
0	3	0	1	79	37	42	1	8	7	3	4	1	4	1	5	5	3	5	0	1
0	3	0	1	79	36	43	8	4	3	8	2	2	1	1	9	10	7	1	7	5
0	3	0	1	79	35	44	9	6	1	5	8	2	7	2	0	10	3	8	6	1
0	3	0	1	79	34	45	4	8	2	8	1	5	6	10	1	3	0	5	4	7
0	3	0	1	79	33	46	7	10	3	7	3	1	8	5	0	3	5	7	0	5
0	3	0	1	79	32	47	6	9	3	10	4	3	3	4	2	3	6	8	0	2
0	3	0	1	79	31	48	7	5	9	0	1	1	8	5	7	10	1	7	5	7
0	3	0	1	79	30	49	7	4	1	7	0	3	3	8	8	7	1	6	5	8
0	3	0	1	79	29	50	8	0	0	7	6	7	1	4	6	3	5	8	6	5
0	3	0	1	79	28	51	10	0	4	7	1	1	2	1	10	1	1	0	0	4
0	3	0	1	79	27	52	9	8	4	9	4	4	1	3	4	3	1	6	3	10
0	3	0	1	79	26	53	0	1	7	0	9	10	4	0	6	1	8	9	1	0
0	3	0	1	79	25	54	5	1	1	3	10	9	9	2	7	0	7	5	10	0
0	3	0	1	79	24	55	4	0	3	3	5	8	7	0	7	4	1	0	3	6
0	3	0	1	79	23	56	9	0	2	1	9	2	10	0	6	1	6	0	10	2
0	3	0	1	79	22	57	9	2	8	6	8	2	8	10	2	2	1	5	0	8
0	3	0	1	79	21	58	7	6	9	10	5	7	3	1	7	0	1	7	2	10
0	3	0	1	79	20	59	10	6	0	2	8	4	5	5	3	9	7	3	1	7
0	3	0	1	79	19	60	0	0	0	0	0	0	0	0	0	0	0	0	0	0
0	3	0	1	79	18	61	0	0	0	0	0	0	0	0	0	0	0	0	0	0
0	3	0	1	79	17	62	0	0	0	0	0	0	0	0	0	0	0	0	0	0
0	3	0	1	79	16	63	0	0	0	0	0	0	0	0	0	0	0	0	0	0
0	3	0	1	79	15	64	0	0	0	0	0	0	0	0	0	0	0	0	0	0
0	3	0	1	79	14	65	0	0	0	0	0	0	0	0	0	0	0	0	0	0
0	3	0	1	79	13	66	0	0	0	0	0	0	0	0	0	0	0	0	0	0
0	3	0	1	79	12	67	0	0	0	0	0	0	0	0	0	0	0	0	0	0
0	3	0	1	79	11	68	0	0	0	0	0	0	0	0	0	0	0	0	0	0
0	3	0	1	79	10	69	0	0	0	0	0	0	0	0	0	0	0	0	0	0
0	3	0	1	79	9	70	0	0	0	0	0	0	0	0	0	0	0	0	0	0
0	3	0	1	79	8	71	0	0	0	0	0	0	0	0	0	0	0	0	0	0
0	3	0	1	79	7	72	0	0	0	0	0	0	0	0	0	0	0	0	0	0
0	3	0	1	79	6	73	0	0	0	0	0	0	0	0	0	0	0	0	0	0
0	3	0	1	79	5	74	0	0	0	0	0	0	0	0	0	0	0	0	0	0
0	3	0	1	79	4	75	0	0	0	0	0	0	0	0	0	0	0	0	0	0
0	3	0	1	79	3	76	0	0	0	0	0	0	0	0	0	0	0	0	0	0
0	3	0	1	79	2	77	0	0	0	0	0	0	0	0	0	0	0	0	0	0
0	3	0	1	79	1	78	0	0	0	0	0	0	0	0	0	0	0	0	0	0
0	3	0	1	79	0	79	0	0	0	0	0	0	0	0	0	0	0	0	0	0
1	3	1	1	74	74	0	0	4	5	4	1	5	8	10	1	7	9	8	4	2
1	3	1	1	74	73	1	3	4	1	8	0	10	2	2	9	9	4	9	5	9
1	3	1	1	74	72	2	3	1	2	8	3	10	2	0	4	2	6	2	6	8
1	3	1	1	74	71	3	10	0	9	1	7	4	1	10	2	2	1	9	10	5
1	3	1	1	74	70	4	10	7	0	6	3	7	0	10	9	2	8	0	1	8
1	3	1	1	74	69	5	9	5	2	0	3	4	4	0	0	8	6	0	9	2
1	3	1	1	74	68	6	6	1	9	5	3	10	9	7	8	5	0	7	5	7
1	3	1	1	74	67	7	9	1	3	8	5	3	8	8	1	10	1	10	0	10
1	3	1	1	74	66	8	4	8	3	4	0	5	6	10	9	2	10	1	2	6
1	3	1	1	74	65	9	0	10	7	6	4	9	7	9	6	4	7	0	5	4
1	3	1	1	74	64	10	10	10	3	5	7	3	9	0	4	9	2	3	5	4
1	3	1	1	74	63	11	10	3	5	8	10	5	2	4	7	2	10	6	6	10
1	3	1	1	74	62	12	0	8	2	9	2	0	0	3	3	1	4	1	1	2
1	3	1	1	74	61	13	5	8	6	9	5	8	2	10	3	3	1	7	9	5
1	3	1	1	74	60	14	9	3	3	4	3	1	5	1	10	6	1	3	8	4
1	3	1	1	74	59	15	9	4	1	9	3	0	6	3	9	2	6	6	9	7
1	3	1	1	74	58	16	9	7	10	9	0	1	10	9	6	4	0	3	7	7
1	3	1	1	74	57	17	9	8	10	6	5	8	9	2	10	5	4	3	10	3
1	3	1	1	74	56	18	1	0	7	8	8	8	7	9	5	5	8	5	7	8
1	3	1	1	74	55	19	8	10	1	9	10	6	8	5	3	1	3	7	7	6
1	3	1	1	74	54	20	7	5	4	10	3	5	1	0	5	5	9	10	4	10
1	3	1	1	74	53	21	6	2	1	5	8	2	8	3	9	5	5	5	9	5
1	3	1	1	74	52	22	4	0	8	9	3	6	8	8	0	1	4	4	6	7
1	3	1	1	74	51	23	7	3	9	0	8	7	0	4	2	5	9	0	7	6
1	3	1	1	74	50	24	4	0	9	9	5	8	9	4	4	9	5	3	10	7
1	3	1	1	74	49	25	5	2	7	1	2	7	10	0	5	0	2	1	10	8
1	3	1	1	74	48	26	10	7	7	1	10	2	6	5	10	6	1	7	0	8
1	3	1	1	74	47	27	8	8	10	3	2	4	1	0	3	2	1	6	1	8
1	3	1	1	74	46	28	9	6	1	8	5	9	1	0	9	2	4	0	9	0
1	3	1	1	74	45	29	1	0	8	4	9	6	4	0	5	5	2	10	8	6
1	3	1	1	74	44	30	6	2	4	8	9	4	7	9	4	3	0	9	6	9
1	3	1	1	74	43	31	4	7	0	3	6	0	6	3	0	9	1	5	1	6
1	3	1	1	74	42	32	6	5	8	1	1	4	3	10	10	6	10	4	7	10
1	3	1	1	74	41	33	2	0	5	9	7	10	1	3	9	3	7	7	1	1
1	3	1	1	74	40	34	9	3	9	2	6	4	7	9	9	8	5	2	2	2
1	3	1	1	74	39	35	3	6	9	9	2	7	2	9	0	3	5	7	7	6
1	3	1	1	74	38	36	6	5	6	4	7	0	6	3	8	10	9	5	10	7
1	3	1	1	74	37	37	10	0	9	5	6	1	5	10	5	3	8	8	6	0
1	3	1	1	74	36	38	5	3	8	6	6	2	9	4	3	8	1	9	4	4
1	3	1	1	74	35	39	6	0	0	9	3	10	2	4	8	9	9	6	10	8
1	3	1	1	74	34	40	7	0	7	5	2	8	0	1	8	7	2	0	0	0
1	3	1	1	74	33	41	8	4	7	9	4	10	5	3	4	6	0	7	9	7
1	3	1	1	74	32	42	3	2	9	3	3	3	10	0	4	2	0	8	0	10
1	3	1	1	74	31	43	3	8	5	0	0	5	8	7	7	1	9	8	5	10
1	3	1	1	74	30	44	6	4	0	10	1	8	6	3	2	8	9	3	3	4
1	3	1	1	74	29	45	2	5	10	1	4	9	7	2	4	3	0	1	10	1
1	3	1	1	74	28	46	10	2	8	6	8	2	1	5	0	3	8	9	6	1
1	3	1	1	74	27	47	0	9	7	4	7	8	5	6	7	2	5	8	4	4
1	3	1	1	74	26	48	7	10	2	0	1	1	9	9	3	1	8	6	5	1
1	3	1	1	74	25	49	4	2	0	5	2	4	2	10	3	9	8	7	9	3
1	3	1	1	74	24	50	5	8	8	5	0	4	8	9	9	4	9	4	3	8
1	3	1	1	74	23	51	6	1	2	9	0	4	10	5	5	4	4	8	4	9
1	3	1	1	74	22	52	5	6	0	0	1	4	3	10	3	9	5	0	9	5
1	3	1	1	74	21	53	1	4	5	6	8	1	8	3	1	9	10	5	4	7
1	3	1	1	74	20	54	1	5	0	9	3	7	6	6	8	2	4	8	10	8
1	3	1	1	74	19	55	1	4	1	6	9	0	7	4	10	9	5	5	3	1
1	3	1	1	74	18	56	0	0	0	0	0	0	0	0	0	0	0	0	0	0
1	3	1	1	74	17	57	0	0	0	0	0	0	0	0	0	0	0	0	0	0
1	3	1	1	74	16	58	0	0	0	0	0	0	0	0	0	0	0	0	0	0
1	3	1	1	74	15	59	0	0	0	0	0	0	0	0	0	0	0	0	0	0
1	3	1	1	74	14	60	0	0	0	0	0	0	0	0	0	0	0	0	0	0
1	3	1	1	74	13	61	0	0	0	0	0	0	0	0	0	0	0	0	0	0
1	3	1	1	74	12	62	0	0	0	0	0	0	0	0	0	0	0	0	0	0
1	3	1	1	74	11	63	0	0	0	0	0	0	0	0	0	0	0	0	0	0
1	3	1	1	74	10	64	0	0	0	0	0	0	0	0	0	0	0	0	0	0
1	3	1	1	74	9	65	0	0	0	0	0	0	0	0	0	0	0	0	0	0
1	3	1	1	74	8	66	0	0	0	0	0	0	0	0	0	0	0	0	0	0
1	3	1	1	74	7	67	0	0	0	0	0	0	0	0	0	0	0	0	0	0
1	3	1	1	74	6	68	0	0	0	0	0	0	0	0	0	0	0	0	0	0
1	3	1	1	74	5	69	0	0	0	0	0	0	0	0	0	0	0	0	0	0
1	3	1	1	74	4	70	0	0	0	0	0	0	0	0	0	0	0	0	0	0
1	3	1	1	74	3	71	0	0	0	0	0	0	0	0	0	0	0	0	0	0
1	3	1	1	74	2	72	0	0	0	0	0	0	0	0	0	0	0	0	0	0
1	3	1	1	74	1	73	0	0	0	0	0	0	0	0	0	0	0	0	0	0
1	3	1	1	74	0	74	0	0	0	0	0	0	0	0	0	0	0	0	0	0
1	3	1	1	75	75	0	4	5	5	7	10	5	10	7	1	3	5	6	3	4
1	3	1	1	75	74	1	0	5	3	0	4	1	5	5	4	4	1	4	9	3
1	3	1	1	75	73	2	0	3	0	1	9	9	5	1	6	8	3	5	7	5
1	3	1	1	75	72	3	0	6	5	8	8	3	2	1	10	7	9	6	0	3
1	3	1	1	75	71	4	1	3	1	10	1	3	9	7	0	9	0	10	3	6
1	3	1	1	75	70	5	4	4	6	8	3	4	10	2	3	1	1	7	0	9
1	3	1	1	75	69	6	5	10	10	8	0	1	2	8	0	6	10	6	10	7
1	3	1	1	75	68	7	6	6	0	10	8	6	7	3	1	10	7	10	9	4
1	3	1	1	75	67	8	8	10	3	9	5	2	0	0	9	5	6	6	10	7
1	3	1	1	75	66	9	5	1	2	4	2	3	10	1	5	10	5	3	1	8
1	3	1	1	75	65	10	5	6	8	2	7	4	9	6	1	1	7	3	6	3
1	3	1	1	75	64	11	2	8	2	0	8	9	1	3	10	8	6	7	2	3
1	3	1	1	75	63	12	5	1	7	6	4	2	6	3	6	0	8	8	5	10
1	3	1	1	75	62	13	6	8	3	1	5	9	4	3	7	5	0	6	7	0
1	3	1	1	75	61	14	8	0	10	6	1	7	4	6	10	5	5	6	5	3
1	3	1	1	75	60	15	7	9	1	2	3	5	10	10	0	1	5	8	4	4
1	3	1	1	75	59	16	1	1	6	6	5	2	5	7	4	9	1	9	7	1
1	3	1	1	75	58	17	3	8	10	10	5	6	4	9	7	2	3	10	10	5
1	3	1	1	75	57	18	2	1	10	10	0	7	7	8	4	4	3	10	10	4
1	3	1	1	75	56	19	2	8	4	10	6	5	6	0	9	10	7	9	7	0
1	3	1	1	75	55	20	2	0	1	6	1	10	4	7	5	5	0	3	7	5
1	3	1	1	75	54	21	6	6	3	1	5	3	3	8	4	10	1	4	1	4
1	3	1	1	75	53	22	10	3	9	1	10	1	9	1	3	8	9	8	7	6
1	3	1	1	75	52	23	10	2	1	7	5	2	3	7	7	3	6	4	4	2
1	3	1	1	75	51	24	9	4	5	3	3	1	8	5	5	9	10	3	0	4
1	3	1	1	75	50	25	6	5	4	1	10	2	3	3	3	5	8	8	6	5
1	3	1	1	75	49	26	10	2	2	3	1	2	3	1	3	10	9	6	7	2
1	3	1	1	75	48	27	1	8	4	3	2	0	3	8	9	6	2	1	1	2
1	3	1	1	75	47	28	0	4	6	9	3	6	0	1	0	1	5	5	2	10
1	3	1	1	75	46	29	6	3	6	1	10	6	4	4	6	6	9	2	1	6
1	3	1	1	75	45	30	4	10	0	7	5	8	3	2	2	9	0	4	2	4
1	3	1	1	75	44	31	1	9	3	0	5	2	10	5	6	3	7	6	6	4
1	3	1	1	75	43	32	4	6	3	0	4	4	10	8	3	4	5	2	9	2
1	3	1	1	75	42	33	3	8	9	6	2	6	3	9	3	7	2	0	4	2
1	3	1	1	75	41	34	4	0	0	7	0	9	3	3	2	9	3	7	6	1
1	3	1	1	75	40	35	7	10	10	3	4	3	1	1	9	0	6	8	5	7
1	3	1	1	75	39	36	1	10	5	6	9	7	0	2	1	5	3	10	2	0
1	3	1	1	75	38	37	8	2	0	9	6	9	7	3	4	2	7	5	1	3
1	3	1	1	75	37	38	5	3	0	1	5	0	2	2	6	1	9	6	8	9
1	3	1	1	75	36	39	1	8	2	3	4	8	4	6	9	9	4	2	7	5
1	3	1	1	75	35	40	8	1	10	0	7	6	7	8	1	9	2	0	4	8
1	3	1	1	75	34	41	7	3	3	6	4	3	4	1	5	4	1	1	5	1
1	3	1	1	75	33	42	2	7	6	1	1	5	0	1	3	2	7	5	3	7
1	3	1	1	75	32	43	10	6	4	2	8	0	4	0	10	5	9	9	4	8
1	3	1	1	75	31	44	3	0	2	5	7	10	3	5	4	10	6	7	10	1
1	3	1	1	75	30	45	4	6	2	4	6	2	2	6	3	4	3	2	5	0
1	3	1	1	75	29	46	6	7	10	6	9	1	3	8	5	3	7	4	4	4
1	3	1	1	75	28	47	8	8	10	1	8	1	4	6	9	7	2	3	9	3
1	3	1	1	75	27	48	4	6	10	9	7	5	0	10	2	6	3	8	6	1
1	3	1	1	75	26	49	2	5	5	4	8	3	0	10	0	9	10	7	4	2
1	3	1	1	75	25	50	3	5	7	2	10	9	0	10	10	6	0	1	8	6
1	3	1	1	75	24	51	0	1	2	10	6	7	4	6	3	4	9	7	5	7
1	3	1	1	75	23	52	7	0	5	10	7	10	5	8	8	7	1	6	10	7
1	3	1	1	75	22	53	8	3	0	2	2	8	8	6	5	8	9	3	9	9
1	3	1	1	75	21	54	8	5	7	3	4	9	3	8	10	4	10	9	7	2
1	3	1	1	75	20	55	6	2	5	6	9	8	0	5	10	3	1	8	3	7
1	3	1	1	75	19	56	7	6	7	9	8	0	5	6	4	8	2	2	10	4
1	3	1	1	75	18	57	0	0	0	0	0	0	0	0	0	0	0	0	0	0
1	3	1	1	75	17	58	0	0	0	0	0	0	0	0	0	0	0	0	0	0
1	3	1	1	75	16	59	0	0	0	0	0	0	0	0	0	0	0	0	0	0
1	3	1	1	75	15	60	0	0	0	0	0	0	0	0	0	0	0	0	0	0
1	3	1	1	75	14	61	0	0	0	0	0	0	0	0	0	0	0	0	0	0
1	3	1	1	75	13	62	0	0	0	0	0	0	0	0	0	0	0	0	0	0
1	3	1	1	75	12	63	0	0	0	0	0	0	0	0	0	0	0	0	0	0
1	3	1	1	75	11	64	0	0	0	0	0	0	0	0	0	0	0	0	0	0
1	3	1	1	75	10	65	0	0	0	0	0	0	0	0	0	0	0	0	0	0
1	3	1	1	75	9	66	0	0	0	0	0	0	0	0	0	0	0	0	0	0
1	3	1	1	75	8	67	0	0	0	0	0	0	0	0	0	0	0	0	0	0
1	3	1	1	75	7	68	0	0	0	0	0	0	0	0	0	0	0	0	0	0
1	3	1	1	75	6	69	0	0	0	0	0	0	0	0	0	0	0	0	0	0
1	3	1	1	75	5	70	0	0	0	0	0	0	0	0	0	0	0	0	0	0
1	3	1	1	75	4	71	0	0	0	0	0	0	0	0	0	0	0	0	0	0
1	3	1	1	75	3	72	0	0	0	0	0	0	0	0	0	0	0	0	0	0
1	3	1	1	75	2	73	0	0	0	0	0	0	0	0	0	0	0	0	0	0
1	3	1	1	75	1	74	0	0	0	0	0	0	0	0	0	0	0	0	0	0
1	3	1	1	75	0	75	0	0	0	0	0	0	0	0	0	0	0	0	0	0
1	3	1	1	76	76	0	4	3	2	9	2	7	7	9	1	1	7	6	1	6
1	3	1	1	76	75	1	9	2	9	9	6	3	0	3	7	1	0	0	1	1
1	3	1	1	76	74	2	4	5	2	8	9	0	10	0	5	10	10	5	7	10
1	3	1	1	76	73	3	8	2	2	3	10	6	5	1	6	0	3	1	9	9
1	3	1	1	76	72	4	9	10	1	8	10	1	0	4	6	9	8	3	1	7
1	3	1	1	76	71	5	5	0	3	6	10	0	1	6	1	4	8	10	7	0
1	3	1	1	76	70	6	6	1	3	6	4	9	0	1	0	4	5	3	0	1
1	3	1	1	76	69	7	7	5	3	4	6	4	9	8	6	10	2	6	3	8
1	3	1	1	76	68	8	1	2	9	2	1	4	2	0	5	3	5	0	4	6
1	3	1	1	76	67	9	7	1	10	9	8	0	5	0	6	3	9	10	5	3
1	3	1	1	76	66	10	9	7	5	10	6	7	2	1	1	3	6	9	4	4
1	3	1	1	76	65	11	2	4	2	8	5	10	9	6	10	9	10	1	0	9
1	3	1	1	76	64	12	3	7	9	2	10	1	1	2	1	0	5	4	7	6
1	3	1	1	76	63	13	6	6	7	2	0	4	0	10	10	5	8	10	7	3
1	3	1	1	76	62	14	2	9	2	4	10	9	1	5	7	5	8	7	9	5
1	3	1	1	76	61	15	0	1	8	3	7	3	3	6	10	2	7	8	3	5
1	3	1	1	76	60	16	1	6	1	6	5	6	7	9	6	6	8	1	8	9
1	3	1	1	76	59	17	9	8	7	9	0	7	7	8	5	10	8	4	2	4
1	3	1	1	76	58	18	4	8	0	10	7	9	5	5	2	5	2	6	1	9
1	3	1	1	76	57	19	5	2	5	9	3	4	9	5	3	6	7	2	8	7
1	3	1	1	76	56	20	10	0	3	4	9	10	3	3	9	9	10	3	1	3
1	3	1	1	76	55	21	2	9	2	1	8	3	2	7	9	1	8	4	0	6
1	3	1	1	76	54	22	3	5	2	2	1	9	7	8	9	0	0	5	0	1
1	3	1	1	76	53	23	6	6	4	4	5	6	0	9	3	10	2	0	10	10
1	3	1	1	76	52	24	3	5	5	3	3	7	4	10	1	6	5	0	5	6
1	3	1	1	76	51	25	4	5	5	3	5	7	5	2	2	3	7	10	0	6
1	3	1	1	76	50	26	5	8	9	6	10	10	1	10	0	2	9	0	5	3
1	3	1	1	76	49	27	0	3	6	1	8	7	0	4	1	10	2	6	4	9
1	3	1	1	76	48	28	3	10	7	7	4	1	10	4	2	0	9	6	2	4
1	3	1	1	76	47	29	3	1	2	5	7	5	2	6	1	0	5	0	1	5
1	3	1	1	76	46	30	5	9	0	8	3	5	4	2	1	5	5	8	3	4
1	3	1	1	76	45	31	5	4	8	9	9	4	9	9	1	10	1	0	7	6
1	3	1	1	76	44	32	8	10	10	1	3	7	4	2	4	4	1	9	10	1
1	3	1	1	76	43	33	0	10	1	1	10	7	3	1	9	8	2	2	7	6
1	3	1	1	76	42	34	7	4	2	3	2	6	2	10	1	2	5	3	0	1
1	3	1	1	76	41	35	10	1	4	1	6	7	1	0	0	1	5	6	3	10
1	3	1	1	76	40	36	3	5	0	9	5	4	9	6	0	3	8	4	7	4
1	3	1	1	76	39	37	2	4	4	4	3	7	7	3	10	3	3	8	1	8
1	3	1	1	76	38	38	6	7	9	1	4	6	8	9	9	8	5	5	8	4
1	3	1	1	76	37	39	1	9	7	2	2	4	9	3	10	8	0	9	5	6
1	3	1	1	76	36	40	2	3	6	6	9	10	6	9	8	7	9	4	7	10
1	3	1	1	76	35	41	4	6	3	0	7	0	3	5	1	7	6	2	8	8
1	3	1	1	76	34	42	7	7	4	9	0	0	4	4	9	1	3	8	6	5
1	3	1	1	76	33	43	1	10	1	6	1	6	4	6	6	9	8	8	5	4
1	3	1	1	76	32	44	1	7	3	10	5	10	5	8	9	7	3	8	1	1
1	3	1	1	76	31	45	8	8	6	7	10	4	3	5	5	2	9	4	0	0
1	3	1	1	76	30	46	2	2	8	5	4	0	4	2	2	5	5	10	5	1
1	3	1	1	76	29	47	6	1	3	9	2	6	2	9	4	6	10	4	5	3
1	3	1	1	76	28	48	2	9	10	4	4	0	1	10	2	5	9	6	9	9
1	3	1	1	76	27	49	5	4	10	9	4	5	0	1	5	4	4	7	4	7
1	3	1	1	76	26	50	9	0	9	5	6	5	7	7	7	7	9	2	9	4
1	3	1	1	76	25	51	8	0	10	3	3	1	5	10	3	3	7	9	10	6
1	3	1	1	76	24	52	10	2	8	7	1	10	4	5	9	4	9	4	10	0
1	3	1	1	76	23	53	4	5	0	3	5	7	8	9	8	8	6	9	4	2
1	3	1	1	76	22	54	4	7	0	6	5	6	6	8	4	5	1	8	2	0
1	3	1	1	76	21	55	3	4	0	6	7	1	2	5	4	0	9	10	2	9
1	3	1	1	76	20	56	7	9	10	6	3	10	3	8	3	8	0	6	8	9
1	3	1	1	76	19	57	9	3	9	10	4	0	8	3	2	4	1	1	5	10
1	3	1	1	76	18	58	0	0	0	0	0	0	0	0	0	0	0	0	0	0
1	3	1	1	76	17	59	0	0	0	0	0	0	0	0	0	0	0	0	0	0
1	3	1	1	76	16	60	0	0	0	0	0	0	0	0	0	0	0	0	0	0
1	3	1	1	76	15	61	0	0	0	0	0	0	0	0	0	0	0	0	0	0
1	3	1	1	76	14	62	0	0	0	0	0	0	0	0	0	0	0	0	0	0
1	3	1	1	76	13	63	0	0	0	0	0	0	0	0	0	0	0	0	0	0
1	3	1	1	76	12	64	0	0	0	0	0	0	0	0	0	0	0	0	0	0
1	3	1	1	76	11	65	0	0	0	0	0	0	0	0	0	0	0	0	0	0
1	3	1	1	76	10	66	0	0	0	0	0	0	0	0	0	0	0	0	0	0
1	3	1	1	76	9	67	0	0	0	0	0	0	0	0	0	0	0	0	0	0
1	3	1	1	76	8	68	0	0	0	0	0	0	0	0	0	0	0	0	0	0
1	3	1	1	76	7	69	0	0	0	0	0	0	0	0	0	0	0	0	0	0
1	3	1	1	76	6	70	0	0	0	0	0	0	0	0	0	0	0	0	0	0
1	3	1	1	76	5	71	0	0	0	0	0	0	0	0	0	0	0	0	0	0
1	3	1	1	76	4	72	0	0	0	0	0	0	0	0	0	0	0	0	0	0
1	3	1	1	76	3	73	0	0	0	0	0	0	0	0	0	0	0	0	0	0
1	3	1	1	76	2	74	0	0	0	0	0	0	0	0	0	0	0	0	0	0
1	3	1	1	76	1	75	0	0	0	0	0	0	0	0	0	0	0	0	0	0
1	3	1	1	76	0	76	0	0	0	0	0	0	0	0	0	0	0	0	0	0
2	4	0	1	67	67	0	3	2	8	8	4	6	0	2	5	3	7	2	1	2
2	4	0	1	67	66	1	9	6	0	8	4	0	5	1	10	1	3	1	1	1
2	4	0	1	67	65	2	2	3	9	5	9	3	2	2	0	10	9	4	4	0
2	4	0	1	67	64	3	1	10	8	3	5	0	4	5	6	4	9	3	10	10
2	4	0	1	67	63	4	0	6	6	3	8	10	9	2	8	2	4	4	7	9
2	4	0	1	67	62	5	6	7	8	2	3	1	2	1	2	8	5	10	1	8
2	4	0	1	67	61	6	6	3	4	2	5	3	10	3	7	2	5	3	8	8
2	4	0	1	67	60	7	9	10	10	9	0	10	3	10	7	8	4	6	10	10
2	4	0	1	67	59	8	0	4	1	7	0	4	0	9	10	6	7	8	3	5
2	4	0	1	67	58	9	3	8	6	6	3	8	0	1	6	4	7	4	1	3
2	4	0	1	67	57	10	9	10	4	9	6	2	3	3	1	4	10	1	10	5
2	4	0	1	67	56	11	10	8	5	2	7	9	5	6	6	6	1	5	8	4
2	4	0	1	67	55	12	10	9	1	9	4	6	1	8	2	8	8	0	10	3
2	4	0	1	67	54	13	4	2	3	8	7	2	8	6	6	6	8	0	4	7
2	4	0	1	67	53	14	5	5	7	7	2	1	5	1	2	4	9	3	1	4
2	4	0	1	67	52	15	8	7	8	5	10	9	5	7	10	3	3	2	6	2
2	4	0	1	67	51	16	2	4	8	1	7	5	9	4	6	8	0	5	9	5
2	4	0	1	67	50	17	8	8	4	0	7	10	10	10	0	2	10	3	3	6
2	4	0	1	67	49	18	7	1	8	1	6	5	8	9	5	2	4	2	0	10
2	4	0	1	67	48	19	9	10	9	4	3	2	7	2	6	10	10	6	9	5
2	4	0	1	67	47	20	7	1	5	0	9	6	4	1	2	9	2	10	5	9
2	4	0	1	67	46	21	0	9	10	8	6	6	7	2	8	9	1	7	2	4
2	4	0	1	67	45	22	6	1	5	7	7	3	3	5	2	9	8	3	9	6
2	4	0	1	67	44	23	6	1	2	6	5	5	6	7	9	9	4	4	9	6
2	4	0	1	67	43	24	1	8	3	1	7	6	8	10	9	5	1	5	6	9
2	4	0	1	67	42	25	2	2	10	8	4	3	10	4	7	8	4	0	0	4
2	4	0	1	67	41	26	3	3	3	1	7	1	6	3	9	0	1	2	10	0
2	4	0	1	67	40	27	10	6	3	10	3	4	3	9	6	9	0	5	6	5
2	4	0	1	67	39	28	3	4	1	10	9	0	0	3	9	9	7	3	7	7
2	4	0	1	67	38	29	6	2	0	9	7	0	5	9	10	8	4	9	1	10
2	4	0	1	67	37	30	1	4	10	0	9	3	8	6	3	8	10	1	1	7
2	4	0	1	67	36	31	2	4	1	3	7	0	8	5	2	9	10	4	2	9
2	4	0	1	67	35	32	9	5	1	2	9	6	1	2	7	4	7	6	3	10
2	4	0	1	67	34	33	3	9	5	4	8	7	1	5	8	6	8	10	7	5
2	4	0	1	67	33	34	10	2	9	7	9	5	3	2	1	7	8	3	8	10
2	4	0	1	67	32	35	5	6	10	5	10	3	10	8	3	0	6	10	2	5
2	4	0	1	67	31	36	7	1	2	7	2	2	2	3	9	6	9	1	9	8
2	4	0	1	67	30	37	2	5	8	6	6	1	10	3	8	0	10	0	4	5
2	4	0	1	67	29	38	4	5	0	5	7	3	1	3	9	8	0	6	10	3
2	4	0	1	67	28	39	5	3	5	5	9	4	9	8	1	9	1	2	0	1
2	4	0	1	67	27	40	2	5	9	5	9	4	10	6	0	1	2	0	6	1
2	4	0	1	67	26	41	8	2	6	7	6	5	6	1	1	9	5	9	6	7
2	4	0	1	67	25	42	7	1	4	9	2	2	1	7	0	0	5	7	0	4
2	4	0	1	67	24	43	8	8	4	0	9	5	7	7	8	8	7	2	6	4
2	4	0	1	67	23	44	6	8	4	5	6	8	6	9	9	9	9	8	7	8
2	4	0	1	67	22	45	7	1	2	6	7	10	0	0	10	3	7	10	2	2
2	4	0	1	67	21	46	0	4	1	1	0	6	9	10	6	5	5	6	8	5
2	4	0	1	67	20	47	8	8	5	10	4	2	10	6	5	0	6	6	0	4
2	4	0	1	67	19	48	8	6	3	7	5	7	3	4	3	10	8	7	3	3
2	4	0	1	67	18	49	8	9	10	2	9	2	9	1	1	5	10	1	7	5
2	4	0	1	67	17	50	9	1	5	3	10	1	9	3	7	9	4	0	9	6
2	4	0	1	67	16	51	2	5	7	2	9	3	0	4	3	8	2	3	3	1
2	4	0	1	67	15	52	0	0	0	0	0	0	0	0	0	0	0	0	0	0
2	4	0	1	67	14	53	0	0	0	0	0	0	0	0	0	0	0	0	0	0
2	4	0	1	67	13	54	0	0	0	0	0	0	0	0	0	0	0	0	0	0
2	4	0	1	67	12	55	0	0	0	0	0	0	0	0	0	0	0	0	0	0
2	4	0	1	67	11	56	0	0	0	0	0	0	0	0	0	0	0	0	0	0
2	4	0	1	67	10	57	0	0	0	0	0	0	0	0	0	0	0	0	0	0
2	4	0	1	67	9	58	0	0	0	0	0	0	0	0	0	0	0	0	0	0
2	4	0	1	67	8	59	0	0	0	0	0	0	0	0	0	0	0	0	0	0
2	4	0	1	67	7	60	0	0	0	0	0	0	0	0	0	0	0	0	0	0
2	4	0	1	67	6	61	0	0	0	0	0	0	0	0	0	0	0	0	0	0
2	4	0	1	67	5	62	0	0	0	0	0	0	0	0	0	0	0	0	0	0
2	4	0	1	67	4	63	0	0	0	0	0	0	0	0	0	0	0	0	0	0
2	4	0	1	67	3	64	0	0	0	0	0	0	0	0	0	0	0	0	0	0
2	4	0	1	67	2	65	0	0	0	0	0	0	0	0	0	0	0	0	0	0
2	4	0	1	67	1	66	0	0	0	0	0	0	0	0	0	0	0	0	0	0
2	4	0	1	67	0	67	0	0	0	0	0	0	0	0	0	0	0	0	0	0
2	4	0	1	68	68	0	6	6	4	3	1	4	5	3	1	2	1	0	6	8
2	4	0	1	68	67	1	0	10	6	10	0	8	1	2	10	2	9	6	10	0
2	4	0	1	68	66	2	1	4	4	7	2	2	1	1	5	2	0	0	10	2
2	4	0	1	68	65	3	7	7	0	3	2	9	1	6	2	4	0	4	10	3
2	4	0	1	68	64	4	10	4	6	6	6	7	7	4	0	9	5	8	0	3
2	4	0	1	68	63	5	4	1	5	4	5	10	7	4	2	0	8	4	10	5
2	4	0	1	68	62	6	8	9	1	1	8	10	3	8	8	8	8	5	3	3
2	4	0	1	68	61	7	9	10	4	5	9	3	6	0	8	7	0	8	10	0
2	4	0	1	68	60	8	6	4	10	3	5	7	6	3	9	4	3	3	3	6
2	4	0	1	68	59	9	0	9	1	8	3	6	5	0	1	0	3	0	5	5
2	4	0	1	68	58	10	6	3	0	3	6	1	0	5	3	7	7	10	9	1
2	4	0	1	68	57	11	2	7	4	9	0	5	3	2	6	7	0	4	8	3
2	4	0	1	68	56	12	2	4	8	5	8	4	6	0	9	1	7	7	8	8
2	4	0	1	68	55	13	7	0	0	2	4	8	4	3	3	5	8	8	7	4
2	4	0	1	68	54	14	2	0	8	9	5	0	5	0	6	0	9	9	10	9
2	4	0	1	68	53	15	5	0	6	5	6	8	7	9	0	4	4	7	6	7
2	4	0	1	68	52	16	6	4	5	10	6	7	1	7	10	1	3	9	3	6
2	4	0	1	68	51	17	5	4	4	4	6	4	10	0	3	9	9	3	5	5
2	4	0	1	68	50	18	1	0	3	3	0	2	10	8	8	10	10	1	8	2
2	4	0	1	68	49	19	1	10	2	10	1	4	8	10	3	6	8	6	3	2
2	4	0	1	68	48	20	3	6	9	5	6	2	7	10	10	5	4	7	3	6
2	4	0	1	68	47	21	1	2	3	1	5	6	6	3	6	1	4	9	9	1
2	4	0	1	68	46	22	5	9	2	5	5	0	2	8	1	2	3	6	10	5
2	4	0	1	68	45	23	7	3	7	7	3	0	5	2	2	7	4	9	2	5
2	4	0	1	68	44	24	8	2	6	9	8	8	2	7	9	5	6	4	4	8
2	4	0	1	68	43	25	6	5	9	0	3	9	1	8	4	7	2	10	1	5
2	4	0	1	68	42	26	8	0	10	5	0	2	0	9	8	6	0	1	8	7
2	4	0	1	68	41	27	5	9	7	6	5	4	6	5	6	2	8	1	7	0
2	4	0	1	68	40	28	4	4	0	6	9	1	10	5	0	8	5	9	6	8
2	4	0	1	68	39	29	6	5	7	4	7	1	5	9	2	6	1	2	2	6
2	4	0	1	68	38	30	3	2	3	5	5	7	9	5	5	4	8	6	6	4
2	4	0	1	68	37	31	1	5	6	2	1	3	6	6	8	0	2	4	10	8
2	4	0	1	68	36	32	10	6	3	6	3	8	10	5	10	7	0	4	1	2
2	4	0	1	68	35	33	2	6	5	7	0	7	6	0	7	0	5	10	6	7
2	4	0	1	68	34	34	6	2	6	6	7	5	10	5	3	7	7	7	6	1
2	4	0	1	68	33	35	0	5	7	4	7	3	0	1	1	9	0	0	10	7
2	4	0	1	68	32	36	3	5	4	8	0	9	8	3	5	9	5	8	3	6
2	4	0	1	68	31	37	9	3	6	9	10	1	7	0	0	8	1	0	3	1
2	4	0	1	68	30	38	1	0	7	1	1	1	0	7	10	6	0	3	2	2
2	4	0	1	68	29	39	0	7	10	8	8	8	9	2	8	8	10	4	5	0
2	4	0	1	68	28	40	1	2	8	4	4	6	7	9	0	9	2	3	0	0
2	4	0	1	68	27	41	9	1	10	9	1	1	2	0	4	0	0	1	3	6
2	4	0	1	68	26	42	8	0	4	0	7	1	1	10	7	8	2	6	3	8
2	4	0	1	68	25	43	10	9	9	5	2	8	7	8	2	5	7	7	0	6
2	4	0	1	68	24	44	2	1	1	0	0	10	5	6	4	5	4	8	1	7
2	4	0	1	68	23	45	9	10	6	8	7	1	6	6	6	5	8	6	10	5
2	4	0	1	68	22	46	10	8	5	6	7	1	10	10	1	9	9	6	7	5
2	4	0	1	68	21	47	4	3	6	7	1	10	7	8	4	7	9	2	7	6
2	4	0	1	68	20	48	7	9	0	1	9	8	7	7	1	5	4	1	9	9
2	4	0	1	68	19	49	5	0	8	7	2	7	10	1	2	2	2	10	3	7
2	4	0	1	68	18	50	1	1	0	7	0	3	3	0	1	8	5	6	3	6
2	4	0	1	68	17	51	3	0	4	9	4	0	9	7	8	0	1	1	6	10
2	4	0	1	68	16	52	9	8	2	2	6	6	1	10	7	7	6	10	7	2
2	4	0	1	68	15	53	0	0	0	0	0	0	0	0	0	0	0	0	0	0
2	4	0	1	68	14	54	0	0	0	0	0	0	0	0	0	0	0	0	0	0
2	4	0	1	68	13	55	0	0	0	0	0	0	0	0	0	0	0	0	0	0
2	4	0	1	68	12	56	0	0	0	0	0	0	0	0	0	0	0	0	0	0
2	4	0	1	68	11	57	0	0	0	0	0	0	0	0	0	0	0	0	0	0
2	4	0	1	68	10	58	0	0	0	0	0	0	0	0	0	0	0	0	0	0
2	4	0	1	68	9	59	0	0	0	0	0	0	0	0	0	0	0	0	0	0
2	4	0	1	68	8	60	0	0	0	0	0	0	0	0	0	0	0	0	0	0
2	4	0	1	68	7	61	0	0	0	0	0	0	0	0	0	0	0	0	0	0
2	4	0	1	68	6	62	0	0	0	0	0	0	0	0	0	0	0	0	0	0
2	4	0	1	68	5	63	0	0	0	0	0	0	0	0	0	0	0	0	0	0
2	4	0	1	68	4	64	0	0	0	0	0	0	0	0	0	0	0	0	0	0
2	4	0	1	68	3	65	0	0	0	0	0	0	0	0	0	0	0	0	0	0
2	4	0	1	68	2	66	0	0	0	0	0	0	0	0	0	0	0	0	0	0
2	4	0	1	68	1	67	0	0	0	0	0	0	0	0	0	0	0	0	0	0
2	4	0	1	68	0	68	0	0	0	0	0	0	0	0	0	0	0	0	0	0
2	4	0	1	69	69	0	10	6	2	5	8	3	3	9	6	2	0	9	5	5
2	4	0	1	69	68	1	2	2	2	1	3	10	3	8	5	1	1	2	10	4
2	4	0	1	69	67	2	1	6	10	0	3	8	5	0	8	7	7	10	0	10
2	4	0	1	69	66	3	2	7	8	9	0	9	5	10	9	2	7	7	9	5
2	4	0	1	69	65	4	1	10	7	4	0	2	7	3	9	4	4	6	6	9
2	4	0	1	69	64	5	7	3	9	8	5	8	4	2	9	8	4	5	7	2
2	4	0	1	69	63	6	1	8	3	1	1	1	6	1	9	9	6	10	1	8
2	4	0	1	69	62	7	5	2	8	9	2	7	4	8	9	8	1	10	5	5
2	4	0	1	69	61	8	1	8	6	0	5	3	4	6	5	5	8	4	10	0
2	4	0	1	69	60	9	2	6	10	5	2	8	10	9	3	8	5	2	9	5
2	4	0	1	69	59	10	6	0	4	8	10	6	9	4	2	7	4	8	4	10
2	4	0	1	69	58	11	7	4	7	1	2	10	10	3	10	7	4	3	7	7
2	4	0	1	69	57	12	8	8	0	3	3	10	4	1	6	4	10	4	5	6
2	4	0	1	69	56	13	0	10	3	0	1	2	1	4	7	1	4	2	1	4
2	4	0	1	69	55	14	0	10	2	9	4	8	6	3	10	10	3	7	1	7
2	4	0	1	69	54	15	6	5	5	4	9	7	6	9	7	10	3	3	6	7
2	4	0	1	69	53	16	9	7	9	8	6	1	7	7	7	8	1	7	3	1
2	4	0	1	69	52	17	1	10	10	3	0	2	8	4	4	8	4	2	0	3
2	4	0	1	69	51	18	3	1	2	0	4	5	7	9	6	6	10	10	5	9
2	4	0	1	69	50	19	4	1	3	1	3	9	10	5	9	6	4	9	4	1
2	4	0	1	69	49	20	2	7	0	3	2	3	0	2	8	3	0	0	1	2
2	4	0	1	69	48	21	6	8	4	3	4	3	9	1	10	10	5	1	3	5
2	4	0	1	69	47	22	7	9	2	5	8	3	6	8	0	7	7	10	5	10
2	4	0	1	69	46	23	2	9	4	6	9	6	0	9	5	8	9	5	3	10
2	4	0	1	69	45	24	9	7	9	2	0	2	6	6	3	8	7	8	8	3
2	4	0	1	69	44	25	1	0	0	10	0	7	1	8	7	6	3	10	0	2
2	4	0	1	69	43	26	7	8	7	9	10	7	7	10	3	6	10	2	9	8
2	4	0	1	69	42	27	1	9	6	8	3	3	0	9	10	6	10	8	4	9
2	4	0	1	69	41	28	4	3	7	10	0	10	4	10	0	10	5	2	2	10
2	4	0	1	69	40	29	3	5	7	0	8	0	0	7	3	0	0	10	9	10
2	4	0	1	69	39	30	9	4	1	6	9	4	8	7	6	10	3	1	2	6
2	4	0	1	69	38	31	2	10	10	1	9	10	1	2	10	5	8	3	10	9
2	4	0	1	69	37	32	6	0	7	3	3	2	1	6	8	5	0	7	10	0
2	4	0	1	69	36	33	3	0	4	3	5	6	9	4	5	10	6	2	8	2
2	4	0	1	69	35	34	0	3	5	4	10	0	5	10	5	9	4	4	5	1
2	4	0	1	69	34	35	8	5	8	10	7	2	3	1	2	2	1	7	5	5
2	4	0	1	69	33	36	9	4	1	1	7	4	2	1	8	7	1	6	1	8
2	4	0	1	69	32	37	4	2	6	3	1	3	6	3	2	10	5	4	9	8
2	4	0	1	69	31	38	10	0	8	2	8	5	7	8	2	10	9	10	2	6
2	4	0	1	69	30	39	4	9	4	2	4	2	4	0	0	6	2	9	8	10
2	4	0	1	69	29	40	10	6	2	7	2	7	1	2	2	7	8	7	4	6
2	4	0	1	69	28	41	10	7	4	2	0	6	0	3	4	4	5	7	6	8
2	4	0	1	69	27	42	1	6	5	8	9	4	10	7	8	6	4	1	5	8
2	4	0	1	69	26	43	10	6	7	10	6	0	9	8	7	5	0	5	6	2
2	4	0	1	69	25	44	4	1	1	5	6	0	6	9	2	3	2	3	7	9
2	4	0	1	69	24	45	10	5	6	8	7	0	3	2	8	7	10	3	7	10
2	4	0	1	69	23	46	0	9	2	0	0	8	5	8	10	8	6	7	3	3
2	4	0	1	69	22	47	0	9	6	10	1	10	7	6	2	3	2	4	4	1
2	4	0	1	69	21	48	2	9	10	4	10	3	7	2	3	2	10	2	8	0
2	4	0	1	69	20	49	1	0	5	7	1	8	10	9	7	1	1	7	2	1
2	4	0	1	69	19	50	1	7	5	8	7	9	7	0	8	5	0	1	7	8
2	4	0	1	69	18	51	9	8	3	9	6	8	6	6	0	7	6	1	7	10
2	4	0	1	69	17	52	10	5	8	10	1	5	8	6	1	4	9	2	10	7
2	4	0	1	69	16	53	3	5	2	9	3	7	7	5	3	7	4	2	3	0
2	4	0	1	69	15	54	0	0	0	0	0	0	0	0	0	0	0	0	0	0
2	4	0	1	69	14	55	0	0	0	0	0	0	0	0	0	0	0	0	0	0
2	4	0	1	69	13	56	0	0	0	0	0	0	0	0	0	0	0	0	0	0
2	4	0	1	69	12	57	0	0	0	0	0	0	0	0	0	0	0	0	0	0
2	4	0	1	69	11	58	0	0	0	0	0	0	0	0	0	0	0	0	0	0
2	4	0	1	69	10	59	0	0	0	0	0	0	0	0	0	0	0	0	0	0
2	4	0	1	69	9	60	0	0	0	0	0	0	0	0	0	0	0	0	0	0
2	4	0	1	69	8	61	0	0	0	0	0	0	0	0	0	0	0	0	0	0
2	4	0	1	69	7	62	0	0	0	0	0	0	0	0	0	0	0	0	0	0
2	4	0	1	69	6	63	0	0	0	0	0	0	0	0	0	0	0	0	0	0
2	4	0	1	69	5	64	0	0	0	0	0	0	0	0	0	0	0	0	0	0
2	4	0	1	69	4	65	0	0	0	0	0	0	0	0	0	0	0	0	0	0
2	4	0	1	69	3	66	0	0	0	0	0	0	0	0	0	0	0	0	0	0
2	4	0	1	69	2	67	0	0	0	0	0	0	0	0	0	0	0	0	0	0
2	4	0	1	69	1	68	0	0	0	0	0	0	0	0	0	0	0	0	0	0
2	4	0	1	69	0	69	0	0	0	0	0	0	0	0	0	0	0	0	0	0
3	4	1	1	57	57	0	4	7	1	5	3	2	2	6	7	3	2	1	10	1
3	4	1	1	57	56	1	4	1	7	7	5	6	6	6	4	4	4	5	3	8
3	4	1	1	57	55	2	10	1	9	4	3	7	1	4	7	2	8	6	2	1
3	4	1	1	57	54	3	9	4	0	0	2	6	6	7	10	7	5	3	7	0
3	4	1	1	57	53	4	6	4	0	8	2	7	5	6	10	7	10	3	4	4
3	4	1	1	57	52	5	0	0	2	9	2	8	10	10	4	9	0	3	6	7
3	4	1	1	57	51	6	7	3	7	6	2	3	8	10	1	4	8	0	6	2
3	4	1	1	57	50	7	8	5	3	8	5	9	2	8	4	2	0	2	5	7
3	4	1	1	57	49	8	1	10	4	10	0	6	8	8	6	6	8	7	2	10
3	4	1	1	57	48	9	1	3	6	7	2	9	3	2	3	7	7	10	1	1
3	4	1	1	57	47	10	3	7	8	5	1	2	2	0	4	6	9	10	2	6
3	4	1	1	57	46	11	3	4	0	9	2	1	7	7	10	8	0	4	1	8
3	4	1	1	57	45	12	6	10	3	8	4	4	10	4	4	7	6	10	6	9
3	4	1	1	57	44	13	9	3	2	1	4	0	9	10	9	8	0	1	2	7
3	4	1	1	57	43	14	6	3	1	2	8	6	0	3	2	7	1	2	2	5
3	4	1	1	57	42	15	0	3	8	2	5	5	7	0	10	6	6	0	8	3
3	4	1	1	57	41	16	1	4	10	7	10	4	2	4	7	2	3	2	7	7
3	4	1	1	57	40	17	1	8	5	2	2	10	9	0	4	2	7	0	6	7
3	4	1	1	57	39	18	8	8	6	1	2	4	6	7	3	1	1	7	7	5
3	4	1	1	57	38	19	2	4	4	0	8	4	6	10	1	6	2	1	8	7
3	4	1	1	57	37	20	7	9	1	8	2	0	8	2	10	5	6	6	10	9
3	4	1	1	57	36	21	2	3	7	0	0	2	5	10	5	7	8	2	3	2
3	4	1	1	57	35	22	3	4	8	6	6	3	4	9	9	4	10	8	5	9
3	4	1	1	57	34	23	2	9	1	7	4	7	3	4	5	4	6	4	10	8
3	4	1	1	57	33	24	6	8	4	8	0	7	7	5	3	5	2	5	0	3
3	4	1	1	57	32	25	1	0	4	8	9	0	5	10	6	9	0	3	2	7
3	4	1	1	57	31	26	0	5	7	8	5	3	0	6	3	5	5	4	9	7
3	4	1	1	57	30	27	6	3	10	7	0	4	2	10	8	4	6	9	0	4
3	4	1	1	57	29	28	3	9	10	4	4	8	2	6	5	0	5	0	1	3
3	4	1	1	57	28	29	5	5	1	0	8	6	8	6	0	7	9	9	4	5
3	4	1	1	57	27	30	3	10	8	0	3	8	5	0	1	10	2	9	4	5
3	4	1	1	57	26	31	7	9	2	6	3	1	10	5	7	9	8	5	3	2
3	4	1	1	57	25	32	6	4	0	1	10	8	9	2	7	1	10	7	1	2
3	4	1	1	57	24	33	5	4	7	7	5	9	2	10	10	1	10	7	2	3
3	4	1	1	57	23	34	4	2	6	1	3	7	5	9	8	4	5	9	5	3
3	4	1	1	57	22	35	10	0	3	3	6	3	10	4	7	5	5	7	6	10
3	4	1	1	57	21	36	3	4	3	2	0	9	7	7	3	6	0	2	10	0
3	4	1	1	57	20	37	3	0	5	6	7	3	5	8	7	6	5	10	2	2
3	4	1	1	57	19	38	3	8	0	7	4	2	9	2	7	2	2	2	10	5
3	4	1	1	57	18	39	10	0	5	9	5	3	9	3	9	4	3	1	2	6
3	4	1	1	57	17	40	3	3	3	4	10	5	0	4	7	4	9	5	0	8
3	4	1	1	57	16	41	2	10	2	1	8	9	8	6	6	7	0	8	6	2
3	4	1	1	57	15	42	0	0	0	0	0	0	0	0	0	0	0	0	0	0
3	4	1	1	57	14	43	0	0	0	0	0	0	0	0	0	0	0	0	0	0
3	4	1	1	57	13	44	0	0	0	0	0	0	0	0	0	0	0	0	0	0
3	4	1	1	57	12	45	0	0	0	0	0	0	0	0	0	0	0	0	0	0
3	4	1	1	57	11	46	0	0	0	0	0	0	0	0	0	0	0	0	0	0
3	4	1	1	57	10	47	0	0	0	0	0	0	0	0	0	0	0	0	0	0
3	4	1	1	57	9	48	0	0	0	0	0	0	0	0	0	0	0	0	0	0
3	4	1	1	57	8	49	0	0	0	0	0	0	0	0	0	0	0	0	0	0
3	4	1	1	57	7	50	0	0	0	0	0	0	0	0	0	0	0	0	0	0
3	4	1	1	57	6	51	0	0	0	0	0	0	0	0	0	0	0	0	0	0
3	4	1	1	57	5	52	0	0	0	0	0	0	0	0	0	0	0	0	0	0
3	4	1	1	57	4	53	0	0	0	0	0	0	0	0	0	0	0	0	0	0
3	4	1	1	57	3	54	0	0	0	0	0	0	0	0	0	0	0	0	0	0
3	4	1	1	57	2	55	0	0	0	0	0	0	0	0	0	0	0	0	0	0
3	4	1	1	57	1	56	0	0	0	0	0	0	0	0	0	0	0	0	0	0
3	4	1	1	57	0	57	0	0	0	0	0	0	0	0	0	0	0	0	0	0
3	4	1	1	58	58	0	5	1	7	7	7	4	9	10	4	6	10	9	10	4
3	4	1	1	58	57	1	6	7	7	1	9	9	1	6	9	6	1	5	10	10
3	4	1	1	58	56	2	0	4	9	0	9	5	9	1	1	10	8	0	2	4
3	4	1	1	58	55	3	4	8	4	10	5	7	1	3	6	2	7	7	2	0
3	4	1	1	58	54	4	4	6	4	3	8	0	1	4	5	5	10	3	3	7
3	4	1	1	58	53	5	7	0	6	1	4	2	5	5	5	7	0	2	5	1
3	4	1	1	58	52	6	1	2	8	0	2	3	2	8	9	2	6	9	2	2
3	4	1	1	58	51	7	9	1	2	3	2	7	9	3	0	7	9	2	5	3
3	4	1	1	58	50	8	7	4	2	5	7	8	4	9	6	0	6	9	5	7
3	4	1	1	58	49	9	2	2	5	3	8	0	5	3	3	5	10	3	10	6
3	4	1	1	58	48	10	3	0	2	9	10	1	8	5	7	5	10	7	10	3
3	4	1	1	58	47	11	3	10	9	2	10	1	3	4	0	4	10	6	5	5
3	4	1	1	58	46	12	3	0	7	9	2	7	6	5	0	6	10	8	3	8
3	4	1	1	58	45	13	4	2	0	1	7	9	6	0	6	5	9	1	9	6
3	4	1	1	58	44	14	10	1	4	8	3	10	0	0	4	8	3	9	2	4
3	4	1	1	58	43	15	8	7	3	7	1	4	6	2	0	0	3	0	3	9
3	4	1	1	58	42	16	4	7	6	5	5	1	4	6	7	4	4	5	1	3
3	4	1	1	58	41	17	6	10	0	6	3	0	3	6	4	10	0	7	5	8
3	4	1	1	58	40	18	8	4	9	0	1	4	7	2	2	6	10	0	9	10
3	4	1	1	58	39	19	1	9	6	1	2	4	9	2	1	7	7	4	10	8
3	4	1	1	58	38	20	5	8	10	8	8	8	8	8	9	10	8	1	3	9
3	4	1	1	58	37	21	9	8	5	10	7	0	8	2	7	4	6	10	7	10
3	4	1	1	58	36	22	0	5	9	6	2	3	6	2	2	3	5	10	3	9
3	4	1	1	58	35	23	3	6	3	9	4	2	1	3	7	6	9	9	0	10
3	4	1	1	58	34	24	7	6	1	0	9	0	3	7	6	0	10	7	10	8
3	4	1	1	58	33	25	2	4	9	7	3	10	0	5	10	1	7	7	4	8
3	4	1	1	58	32	26	0	5	4	5	8	5	9	9	0	3	8	9	1	4
3	4	1	1	58	31	27	7	2	1	5	0	9	8	3	2	9	10	1	6	9
3	4	1	1	58	30	28	9	1	7	1	6	9	9	2	3	5	8	8	6	5
3	4	1	1	58	29	29	3	1	10	0	9	7	9	4	6	8	5	9	0	6
3	4	1	1	58	28	30	9	4	7	8	5	9	4	9	4	9	1	2	4	2
3	4	1	1	58	27	31	5	10	0	8	5	8	2	4	0	1	2	1	1	5
3	4	1	1	58	26	32	4	4	1	1	8	1	9	9	3	1	4	8	4	2
3	4	1	1	58	25	33	4	8	8	0	2	3	10	0	10	6	10	7	3	3
3	4	1	1	58	24	34	7	3	5	7	1	0	4	1	2	4	8	0	3	2
3	4	1	1	58	23	35	1	4	5	5	8	3	9	5	0	8	10	4	1	2
3	4	1	1	58	22	36	9	4	5	6	3	8	4	6	10	0	5	7	3	1
3	4	1	1	58	21	37	1	6	3	8	1	1	6	4	0	10	2	9	2	6
3	4	1	1	58	20	38	2	3	2	5	10	5	6	1	7	2	1	9	1	0
3	4	1	1	58	19	39	8	8	10	3	7	4	4	10	3	0	6	7	1	1
3	4	1	1	58	18	40	7	3	5	4	5	6	9	5	4	0	6	6	3	10
3	4	1	1	58	17	41	8	3	7	9	10	1	9	3	0	1	2	10	10	4
3	4	1	1	58	16	42	10	8	8	9	0	10	8	0	7	6	8	9	7	2
3	4	1	1	58	15	43	0	0	0	0	0	0	0	0	0	0	0	0	0	0
3	4	1	1	58	14	44	0	0	0	0	0	0	0	0	0	0	0	0	0	0
3	4	1	1	58	13	45	0	0	0	0	0	0	0	0	0	0	0	0	0	0
3	4	1	1	58	12	46	0	0	0	0	0	0	0	0	0	0	0	0	0	0
3	4	1	1	58	11	47	0	0	0	0	0	0	0	0	0	0	0	0	0	0
3	4	1	1	58	10	48	0	0	0	0	0	0	0	0	0	0	0	0	0	0
3	4	1	1	58	9	49	0	0	0	0	0	0	0	0	0	0	0	0	0	0
3	4	1	1	58	8	50	0	0	0	0	0	0	0	0	0	0	0	0	0	0
3	4	1	1	58	7	51	0	0	0	0	0	0	0	0	0	0	0	0	0	0
3	4	1	1	58	6	52	0	0	0	0	0	0	0	0	0	0	0	0	0	0
3	4	1	1	58	5	53	0	0	0	0	0	0	0	0	0	0	0	0	0	0
3	4	1	1	58	4	54	0	0	0	0	0	0	0	0	0	0	0	0	0	0
3	4	1	1	58	3	55	0	0	0	0	0	0	0	0	0	0	0	0	0	0
3	4	1	1	58	2	56	0	0	0	0	0	0	0	0	0	0	0	0	0	0
3	4	1	1	58	1	57	0	0	0	0	0	0	0	0	0	0	0	0	0	0
3	4	1	1	58	0	58	0	0	0	0	0	0	0	0	0	0	0	0	0	0
3	4	1	1	59	59	0	10	2	3	1	6	2	5	3	7	7	9	9	4	6
3	4	1	1	59	58	1	2	2	9	9	4	3	2	6	2	7	1	4	1	0
3	4	1	1	59	57	2	6	4	0	0	9	5	0	5	3	7	9	1	2	0
3	4	1	1	59	56	3	10	10	7	1	7	10	0	8	10	8	10	2	10	9
3	4	1	1	59	55	4	1	8	6	7	1	1	7	1	7	0	8	6	0	6
3	4	1	1	59	54	5	8	6	8	0	9	9	6	4	3	10	4	4	8	5
3	4	1	1	59	53	6	5	1	4	6	4	5	2	0	5	9	10	7	0	8
3	4	1	1	59	52	7	3	5	3	6	10	9	8	7	6	6	5	6	4	10
3	4	1	1	59	51	8	10	3	7	2	3	5	3	8	1	4	10	4	8	1
3	4	1	1	59	50	9	0	6	5	2	5	3	1	3	10	9	9	8	3	6
3	4	1	1	59	49	10	6	9	8	0	5	1	10	10	2	2	6	8	4	2
3	4	1	1	59	48	11	4	3	4	5	9	4	4	7	7	0	1	7	1	1
3	4	1	1	59	47	12	4	2	0	5	1	3	1	2	8	5	2	4	5	0
3	4	1	1	59	46	13	10	6	9	6	2	5	8	9	3	8	0	5	3	7
3	4	1	1	59	45	14	7	4	10	3	2	7	3	8	1	7	7	8	2	9
3	4	1	1	59	44	15	4	5	10	2	5	9	4	8	7	6	6	1	3	2
3	4	1	1	59	43	16	4	7	3	1	7	10	1	8	5	3	7	0	1	10
3	4	1	1	59	42	17	7	3	3	0	4	3	4	1	10	7	4	8	3	3
3	4	1	1	59	41	18	2	9	10	4	7	3	2	0	4	9	3	3	4	9
3	4	1	1	59	40	19	10	1	1	9	6	6	4	2	0	4	3	6	8	7
3	4	1	1	59	39	20	8	2	4	4	4	9	4	2	6	9	5	9	1	5
3	4	1	1	59	38	21	4	8	10	5	4	9	5	10	3	2	3	7	4	0
3	4	1	1	59	37	22	3	10	5	0	5	7	9	6	10	8	10	5	8	4
3	4	1	1	59	36	23	7	4	5	7	7	8	2	6	2	3	0	5	5	7
3	4	1	1	59	35	24	5	9	9	5	4	5	0	0	2	2	8	7	7	4
3	4	1	1	59	34	25	5	6	4	6	9	8	9	4	10	6	5	9	7	2
3	4	1	1	59	33	26	1	7	7	8	5	9	9	7	0	2	4	5	8	7
3	4	1	1	59	32	27	4	10	1	7	7	1	1	7	9	5	0	2	0	2
3	4	1	1	59	31	28	4	3	0	1	10	8	2	3	2	6	6	9	2	7
3	4	1	1	59	30	29	2	3	2	5	2	2	10	1	6	9	3	8	6	7
3	4	1	1	59	29	30	10	0	3	8	0	1	3	5	8	3	3	4	3	8
3	4	1	1	59	28	31	9	4	0	10	3	3	4	6	7	5	9	9	10	9
3	4	1	1	59	27	32	8	3	10	8	10	10	7	3	4	4	4	10	0	7
3	4	1	1	59	26	33	4	6	3	10	8	0	8	9	5	10	6	6	5	1
3	4	1	1	59	25	34	6	5	7	7	1	2	2	1	2	5	2	6	10	8
3	4	1	1	59	24	35	8	8	8	4	5	4	8	8	10	1	3	9	5	10
3	4	1	1	59	23	36	6	10	8	2	7	4	10	6	10	2	9	4	4	9
3	4	1	1	59	22	37	7	7	2	3	10	1	2	10	0	5	1	0	1	1
3	4	1	1	59	21	38	7	8	9	10	7	7	5	3	2	8	10	6	4	9
3	4	1	1	59	20	39	0	1	7	6	0	7	7	8	8	3	5	7	6	5
3	4	1	1	59	19	40	7	1	4	9	6	3	7	4	3	6	1	8	6	1
3	4	1	1	59	18	41	6	9	4	1	6	9	7	9	0	3	4	2	8	5
3	4	1	1	59	17	42	4	8	8	6	6	6	5	3	1	0	4	8	10	4
3	4	1	1	59	16	43	5	8	0	7	8	1	6	6	7	0	9	3	7	2
3	4	1	1	59	15	44	0	0	0	0	0	0	0	0	0	0	0	0	0	0
3	4	1	1	59	14	45	0	0	0	0	0	0	0	0	0	0	0	0	0	0
3	4	1	1	59	13	46	0	0	0	0	0	0	0	0	0	0	0	0	0	0
3	4	1	1	59	12	47	0	0	0	0	0	0	0	0	0	0	0	0	0	0
3	4	1	1	59	11	48	0	0	0	0	0	0	0	0	0	0	0	0	0	0
3	4	1	1	59	10	49	0	0	0	0	0	0	0	0	0	0	0	0	0	0
3	4	1	1	59	9	50	0	0	0	0	0	0	0	0	0	0	0	0	0	0
3	4	1	1	59	8	51	0	0	0	0	0	0	0	0	0	0	0	0	0	0
3	4	1	1	59	7	52	0	0	0	0	0	0	0	0	0	0	0	0	0	0
3	4	1	1	59	6	53	0	0	0	0	0	0	0	0	0	0	0	0	0	0
3	4	1	1	59	5	54	0	0	0	0	0	0	0	0	0	0	0	0	0	0
3	4	1	1	59	4	55	0	0	0	0	0	0	0	0	0	0	0	0	0	0
3	4	1	1	59	3	56	0	0	0	0	0	0	0	0	0	0	0	0	0	0
3	4	1	1	59	2	57	0	0	0	0	0	0	0	0	0	0	0	0	0	0
3	4	1	1	59	1	58	0	0	0	0	0	0	0	0	0	0	0	0	0	0
3	4	1	1	59	0	59	0	0	0	0	0	0	0	0	0	0	0	0	0	0
4	4	2	2	56	56	0	1	1	9	4	0	4	1	5	10	7	8	8	5	3
4	4	2	2	56	54	1	10	10	5	9	1	9	0	1	8	1	4	7	4	7
4	4	2	2	56	52	2	5	2	6	1	0	10	2	7	5	10	4	4	9	3
4	4	2	2	56	50	3	0	6	1	8	2	1	9	8	6	1	0	6	2	2
4	4	2	2	56	48	4	4	5	2	4	4	3	6	3	10	1	0	5	10	3
4	4	2	2	56	46	5	0	1	1	2	0	3	7	6	7	4	3	3	2	3
4	4	2	2	56	44	6	0	2	8	10	1	1	9	4	6	3	1	5	8	8
4	4	2	2	56	42	7	6	6	2	3	4	3	0	4	5	8	1	1	1	10
4	4	2	2	56	40	8	7	9	0	3	0	5	9	10	10	6	8	5	8	2
4	4	2	2	56	38	9	7	5	10	6	10	9	4	9	4	10	3	6	4	1
4	4	2	2	56	36	10	9	0	0	9	0	0	3	6	4	6	7	0	7	3
4	4	2	2	56	34	11	5	9	2	1	9	3	10	3	7	0	9	3	4	6
4	4	2	2	56	32	12	5	1	1	3	6	10	10	1	8	1	9	1	2	6
4	4	2	2	56	30	13	3	9	6	8	7	0	5	1	9	6	5	8	6	5
4	4	2	2	56	28	14	5	1	1	10	10	7	8	4	2	5	3	4	5	8
4	4	2	2	56	26	15	5	2	6	1	5	4	5	4	3	10	4	7	8	1
4	4	2	2	56	24	16	2	2	10	6	1	7	2	8	2	1	2	5	10	6
4	4	2	2	56	22	17	6	10	7	10	7	8	6	10	8	4	4	6	7	3
4	4	2	2	56	20	18	5	4	7	4	2	0	2	0	3	9	2	8	6	8
4	4	2	2	56	18	19	4	3	5	7	0	3	6	4	9	1	10	3	0	9
4	4	2	2	56	16	20	2	9	3	10	6	10	2	10	1	5	7	7	1	3
4	4	2	2	56	14	21	0	0	0	0	0	0	0	0	0	0	0	0	0	0
4	4	2	2	56	12	22	0	0	0	0	0	0	0	0	0	0	0	0	0	0
4	4	2	2	56	10	23	0	0	0	0	0	0	0	0	0	0	0	0	0	0
4	4	2	2	56	8	24	0	0	0	0	0	0	0	0	0	0	0	0	0	0
4	4	2	2	56	6	25	0	0	0	0	0	0	0	0	0	0	0	0	0	0
4	4	2	2	56	4	26	0	0	0	0	0	0	0	0	0	0	0	0	0	0
4	4	2	2	56	2	27	0	0	0	0	0	0	0	0	0	0	0	0	0	0
4	4	2	2	56	0	28	0	0	0	0	0	0	0	0	0	0	0	0	0	0
4	4	2	2	57	57	0	7	6	6	3	9	10	9	2	9	3	0	6	0	3
4	4	2	2	57	55	1	9	3	2	4	7	4	1	10	4	1	7	6	0	6
4	4	2	2	57	53	2	9	10	0	7	6	7	2	0	10	6	8	10	1	1
4	4	2	2	57	51	3	6	0	4	10	6	0	4	7	1	5	6	10	7	7
4	4	2	2	57	49	4	5	4	10	9	10	10	5	9	4	8	2	10	3	9
4	4	2	2	57	47	5	7	2	2	8	6	5	8	7	8	2	5	7	6	7
4	4	2	2	57	45	6	2	7	0	0	4	8	7	3	8	3	10	1	1	8
4	4	2	2	57	43	7	0	6	10	7	2	8	10	6	4	10	9	6	5	10
4	4	2	2	57	41	8	3	6	5	7	9	7	7	2	9	9	1	1	1	5
4	4	2	2	57	39	9	5	7	5	7	5	1	2	1	10	7	9	6	8	9
4	4	2	2	57	37	10	5	10	0	1	10	1	10	5	7	3	8	6	5	6
4	4	2	2	57	35	11	1	2	9	4	5	2	2	0	8	6	6	6	10	10
4	4	2	2	57	33	12	7	7	4	2	8	1	3	9	2	4	6	1	0	6
4	4	2	2	57	31	13	8	4	5	5	6	9	4	7	6	0	4	5	5	4
4	4	2	2	57	29	14	10	9	3	8	3	8	9	3	3	5	9	10	3	8
4	4	2	2	57	27	15	8	10	6	10	1	0	10	0	10	6	10	5	8	3
4	4	2	2	57	25	16	2	0	1	1	3	5	8	10	8	1	2	7	6	7
4	4	2	2	57	23	17	5	8	8	5	10	9	5	1	6	1	6	6	4	4
4	4	2	2	57	21	18	5	8	3	0	2	5	5	5	3	0	4	4	6	7
4	4	2	2	57	19	19	2	7	6	9	3	5	9	4	6	10	5	1	2	0
4	4	2	2	57	17	20	6	9	7	2	6	10	2	5	6	4	2	7	7	5
4	4	2	2	57	15	21	0	0	0	0	0	0	0	0	0	0	0	0	0	0
4	4	2	2	57	13	22	0	0	0	0	0	0	0	0	0	0	0	0	0	0
4	4	2	2	57	11	23	0	0	0	0	0	0	0	0	0	0	0	0	0	0
4	4	2	2	57	9	24	0	0	0	0	0	0	0	0	0	0	0	0	0	0
4	4	2	2	57	7	25	0	0	0	0	0	0	0	0	0	0	0	0	0	0
4	4	2	2	57	5	26	0	0	0	0	0	0	0	0	0	0	0	0	0	0
4	4	2	2	57	3	27	0	0	0	0	0	0	0	0	0	0	0	0	0	0
4	4	2	2	57	1	28	0	0	0	0	0	0	0	0	0	0	0	0	0	0
4	4	2	2	58	58	0	0	4	8	8	4	1	1	9	9	0	4	10	5	8
4	4	2	2	58	56	1	4	7	4	6	9	4	10	9	0	5	1	9	1	4
4	4	2	2	58	54	2	0	8	1	3	3	9	7	3	9	10	1	10	3	5
4	4	2	2	58	52	3	0	2	4	9	1	3	8	3	0	6	3	6	4	5
4	4	2	2	58	50	4	1	9	5	8	0	0	3	9	2	4	10	4	6	10
4	4	2	2	58	48	5	8	0	9	7	9	0	0	4	1	4	6	0	1	6
4	4	2	2	58	46	6	1	7	7	1	9	2	4	10	6	0	1	1	5	3
4	4	2	2	58	44	7	10	9	4	4	9	10	5	0	5	1	9	2	1	7
4	4	2	2	58	42	8	8	5	3	10	7	7	3	2	2	10	7	9	9	8
4	4	2	2	58	40	9	8	5	5	3	8	7	3	1	5	9	1	10	1	5
4	4	2	2	58	38	10	9	6	6	10	8	0	4	5	0	8	5	6	10	3
4	4	2	2	58	36	11	6	1	0	8	6	6	1	6	0	6	1	5	8	10
4	4	2	2	58	34	12	6	4	1	1	5	0	6	2	5	8	0	3	0	3
4	4	2	2	58	32	13	10	2	8	6	0	9	5	0	5	3	4	3	0	4
4	4	2	2	58	30	14	8	3	8	3	7	5	4	5	2	6	0	2	8	2
4	4	2	2	58	28	15	10	8	2	4	6	10	10	3	5	8	0	1	4	1
4	4	2	2	58	26	16	2	5	5	1	4	7	7	4	1	0	6	5	2	9
4	4	2	2	58	24	17	3	3	6	4	7	1	3	6	3	9	6	8	3	0
4	4	2	2	58	22	18	8	3	2	9	3	10	7	0	7	1	2	9	9	7
4	4	2	2	58	20	19	5	1	0	6	7	10	8	6	5	10	5	5	9	6
4	4	2	2	58	18	20	9	0	5	7	7	7	10	7	6	1	5	10	4	10
4	4	2	2	58	16	21	6	0	3	9	8	2	9	6	0	5	1	5	0	0
4	4	2	2	58	14	22	0	0	0	0	0	0	0	0	0	0	0	0	0	0
4	4	2	2	58	12	23	0	0	0	0	0	0	0	0	0	0	0	0	0	0
4	4	2	2	58	10	24	0	0	0	0	0	0	0	0	0	0	0	0	0	0
4	4	2	2	58	8	25	0	0	0	0	0	0	0	0	0	0	0	0	0	0
4	4	2	2	58	6	26	0	0	0	0	0	0	0	0	0	0	0	0	0	0
4	4	2	2	58	4	27	0	0	0	0	0	0	0	0	0	0	0	0	0	0
4	4	2	2	58	2	28	0	0	0	0	0	0	0	0	0	0	0	0	0	0
4	4	2	2	58	0	29	0	0	0	0	0	0	0	0	0	0	0	0	0	0
5	5	0	1	51	51	0	0	4	2	5	0	0	9	4	9	4	2	5	6	5
5	5	0	1	51	50	1	1	8	4	10	3	6	5	0	7	0	4	6	2	4
5	5	0	1	51	49	2	6	7	4	3	8	10	0	3	4	3	3	10	3	4
5	5	0	1	51	48	3	6	2	6	2	7	3	9	10	10	1	4	10	7	0
5	5	0	1	51	47	4	0	10	7	0	6	2	0	0	0	9	5	2	9	8
5	5	0	1	51	46	5	4	5	9	9	1	7	9	6	7	9	7	2	10	10
5	5	0	1	51	45	6	2	0	7	3	3	3	3	0	10	6	4	1	3	6
5	5	0	1	51	44	7	8	8	6	3	0	2	2	3	1	7	5	0	0	7
5	5	0	1	51	43	8	1	6	10	5	7	1	3	8	2	0	3	5	1	2
5	5	0	1	51	42	9	2	5	8	9	7	3	7	3	10	9	10	3	1	3
5	5	0	1	51	41	10	6	1	7	3	2	1	8	1	6	7	10	5	7	2
5	5	0	1	51	40	11	2	0	3	6	7	6	9	2	5	4	5	8	5	10
5	5	0	1	51	39	12	2	6	9	0	3	7	9	6	2	1	6	3	8	8
5	5	0	1	51	38	13	2	1	6	2	1	10	5	8	1	9	9	3	3	7
5	5	0	1	51	37	14	4	2	1	6	7	10	0	10	6	8	9	1	7	1
5	5	0	1	51	36	15	2	9	10	7	3	8	9	6	2	4	2	2	10	6
5	5	0	1	51	35	16	5	4	5	7	9	7	5	3	3	4	5	2	1	5
5	5	0	1	51	34	17	0	5	6	0	1	4	7	5	10	7	10	0	7	2
5	5	0	1	51	33	18	3	7	0	7	9	5	7	6	0	2	1	4	9	3
5	5	0	1	51	32	19	0	5	7	3	5	1	8	10	3	8	5	4	7	5
5	5	0	1	51	31	20	0	6	1	5	0	3	0	1	10	6	6	8	8	0
5	5	0	1	51	30	21	4	0	9	6	7	0	3	8	7	1	8	1	7	5
5	5	0	1	51	29	22	6	6	10	0	3	5	6	8	0	8	10	5	3	1
5	5	0	1	51	28	23	9	10	8	3	1	7	6	7	7	9	8	5	1	5
5	5	0	1	51	27	24	6	9	7	2	6	0	7	3	9	4	9	8	9	7
5	5	0	1	51	26	25	8	7	8	7	5	6	7	0	5	9	1	3	3	9
5	5	0	1	51	25	26	5	10	2	0	1	1	4	10	3	2	10	4	2	0
5	5	0	1	51	24	27	10	10	1	4	2	2	1	2	2	7	10	0	1	7
5	5	0	1	51	23	28	10	3	0	9	8	1	0	8	9	2	6	3	8	3
5	5	0	1	51	22	29	3	2	10	4	0	4	9	9	7	5	3	7	5	3
5	5	0	1	51	21	30	10	10	1	3	2	10	0	2	3	10	4	8	6	0
5	5	0	1	51	20	31	9	10	6	8	3	10	4	10	7	8	2	10	5	4
5	5	0	1	51	19	32	7	3	4	8	8	10	2	6	4	7	10	3	0	7
5	5	0	1	51	18	33	0	6	1	5	4	7	5	8	9	0	9	8	10	9
5	5	0	1	51	17	34	8	1	10	9	3	8	5	10	10	1	10	7	7	10
5	5	0	1	51	16	35	2	3	7	0	10	9	2	5	5	9	4	8	7	5
5	5	0	1	51	15	36	6	6	0	9	1	1	1	9	1	6	1	4	8	7
5	5	0	1	51	14	37	0	4	2	4	6	5	7	5	6	7	8	2	3	5
5	5	0	1	51	13	38	9	9	9	10	7	5	1	8	4	4	4	4	5	2
5	5	0	1	51	12	39	0	0	0	0	0	0	0	0	0	0	0	0	0	0
5	5	0	1	51	11	40	0	0	0	0	0	0	0	0	0	0	0	0	0	0
5	5	0	1	51	10	41	0	0	0	0	0	0	0	0	0	0	0	0	0	0
5	5	0	1	51	9	42	0	0	0	0	0	0	0	0	0	0	0	0	0	0
5	5	0	1	51	8	43	0	0	0	0	0	0	0	0	0	0	0	0	0	0
5	5	0	1	51	7	44	0	0	0	0	0	0	0	0	0	0	0	0	0	0
5	5	0	1	51	6	45	0	0	0	0	0	0	0	0	0	0	0	0	0	0
5	5	0	1	51	5	46	0	0	0	0	0	0	0	0	0	0	0	0	0	0
5	5	0	1	51	4	47	0	0	0	0	0	0	0	0	0	0	0	0	0	0
5	5	0	1	51	3	48	0	0	0	0	0	0	0	0	0	0	0	0	0	0
5	5	0	1	51	2	49	0	0	0	0	0	0	0	0	0	0	0	0	0	0
5	5	0	1	51	1	50	0	0	0	0	0	0	0	0	0	0	0	0	0	0
5	5	0	1	51	0	51	0	0	0	0	0	0	0	0	0	0	0	0	0	0
5	5	0	1	52	52	0	6	3	5	1	1	6	2	1	6	10	10	9	3	9
5	5	0	1	52	51	1	3	3	0	0	0	6	10	10	1	3	6	2	6	2
5	5	0	1	52	50	2	1	8	10	8	9	9	9	6	0	1	3	10	10	1
5	5	0	1	52	49	3	1	1	6	8	5	5	10	5	8	9	9	2	3	7
5	5	0	1	52	48	4	8	3	7	2	8	2	6	10	3	1	0	0	0	6
5	5	0	1	52	47	5	6	1	5	3	1	5	0	1	4	10	2	8	7	7
5	5	0	1	52	46	6	7	0	6	5	8	5	8	10	2	7	1	7	9	1
5	5	0	1	52	45	7	0	2	6	9	4	10	7	4	3	4	10	7	8	6
5	5	0	1	52	44	8	3	5	7	4	1	7	3	0	3	1	10	7	8	7
5	5	0	1	52	43	9	6	1	4	9	7	9	0	0	7	9	9	9	7	5
5	5	0	1	52	42	10	1	4	7	0	9	5	0	8	7	4	9	1	9	3
5	5	0	1	52	41	11	5	1	10	1	1	9	8	9	2	6	5	1	2	0
5	5	0	1	52	40	12	3	9	9	5	4	10	6	10	3	1	7	4	10	2
5	5	0	1	52	39	13	2	3	3	5	9	1	5	9	0	4	10	4	8	5
5	5	0	1	52	38	14	9	5	7	7	6	9	6	8	6	7	1	10	3	0
5	5	0	1	52	37	15	3	6	2	1	6	9	1	1	1	3	8	0	2	1
5	5	0	1	52	36	16	3	0	5	9	3	0	0	9	9	8	1	6	1	3
5	5	0	1	52	35	17	1	0	4	3	5	0	5	8	7	9	0	7	3	5
5	5	0	1	52	34	18	2	7	2	8	0	10	1	5	7	10	1	7	3	4
5	5	0	1	52	33	19	10	6	0	0	8	4	3	0	5	7	10	3	0	2
5	5	0	1	52	32	20	3	1	8	1	7	5	9	7	6	7	7	3	8	9
5	5	0	1	52	31	21	0	7	4	10	10	0	5	0	7	6	7	9	2	5
5	5	0	1	52	30	22	9	7	6	9	5	2	2	2	7	5	3	0	0	0
5	5	0	1	52	29	23	6	4	0	1	6	10	10	9	9	6	2	8	8	4
5	5	0	1	52	28	24	9	9	2	6	3	7	6	5	7	3	9	8	10	0
5	5	0	1	52	27	25	5	7	9	9	6	8	1	9	4	4	7	3	10	8
5	5	0	1	52	26	26	6	7	0	10	5	0	6	6	9	7	2	10	2	8
5	5	0	1	52	25	27	9	6	10	4	7	10	0	8	3	8	1	3	6	2
5	5	0	1	52	24	28	0	10	8	10	7	7	4	9	6	5	2	0	1	10
5	5	0	1	52	23	29	4	6	7	2	7	0	3	2	7	1	4	2	5	8
5	5	0	1	52	22	30	2	10	3	3	7	5	3	5	7	2	8	2	4	2
5	5	0	1	52	21	31	8	7	9	6	0	9	6	5	8	9	0	10	7	10
5	5	0	1	52	20	32	2	3	9	0	6	10	3	6	8	1	5	3	2	4
5	5	0	1	52	19	33	10	8	4	6	7	9	5	1	6	7	5	0	7	7
5	5	0	1	52	18	34	8	3	3	8	7	8	10	5	9	7	5	5	1	0
5	5	0	1	52	17	35	4	6	0	10	1	5	9	6	10	1	8	6	5	0
5	5	0	1	52	16	36	9	10	10	5	10	3	10	8	5	10	2	8	3	8
5	5	0	1	52	15	37	8	2	0	10	7	2	3	0	8	1	4	2	0	2
5	5	0	1	52	14	38	8	0	6	4	10	8	5	5	4	6	2	1	10	5
5	5	0	1	52	13	39	3	8	7	10	8	4	8	6	10	8	10	4	10	10
5	5	0	1	52	12	40	0	0	0	0	0	0	0	0	0	0	0	0	0	0
5	5	0	1	52	11	41	0	0	0	0	0	0	0	0	0	0	0	0	0	0
5	5	0	1	52	10	42	0	0	0	0	0	0	0	0	0	0	0	0	0	0
5	5	0	1	52	9	43	0	0	0	0	0	0	0	0	0	0	0	0	0	0
5	5	0	1	52	8	44	0	0	0	0	0	0	0	0	0	0	0	0	0	0
5	5	0	1	52	7	45	0	0	0	0	0	0	0	0	0	0	0	0	0	0
5	5	0	1	52	6	46	0	0	0	0	0	0	0	0	0	0	0	0	0	0
5	5	0	1	52	5	47	0	0	0	0	0	0	0	0	0	0	0	0	0	0
5	5	0	1	52	4	48	0	0	0	0	0	0	0	0	0	0	0	0	0	0
5	5	0	1	52	3	49	0	0	0	0	0	0	0	0	0	0	0	0	0	0
5	5	0	1	52	2	50	0	0	0	0	0	0	0	0	0	0	0	0	0	0
5	5	0	1	52	1	51	0	0	0	0	0	0	0	0	0	0	0	0	0	0
5	5	0	1	52	0	52	0	0	0	0	0	0	0	0	0	0	0	0	0	0
5	5	0	1	53	53	0	9	9	0	3	5	2	1	9	10	6	10	4	8	4
5	5	0	1	53	52	1	5	10	2	6	7	9	5	0	10	10	4	10	9	3
5	5	0	1	53	51	2	4	2	1	7	10	6	4	5	8	7	9	3	1	4
5	5	0	1	53	50	3	10	1	1	9	8	7	3	4	1	1	5	2	0	7
5	5	0	1	53	49	4	5	6	0	6	4	0	10	5	1	3	10	10	6	6
5	5	0	1	53	48	5	3	2	10	2	5	10	0	7	4	10	0	6	8	1
5	5	0	1	53	47	6	8	7	2	2	1	0	5	8	1	6	2	7	5	7
5	5	0	1	53	46	7	3	5	1	8	1	5	3	3	10	9	8	3	5	6
5	5	0	1	53	45	8	4	8	6	6	8	0	6	5	10	5	7	7	0	10
5	5	0	1	53	44	9	8	3	7	10	2	9	4	3	5	6	10	9	0	5
5	5	0	1	53	43	10	7	6	1	3	2	1	3	7	6	7	2	7	0	10
5	5	0	1	53	42	11	9	2	4	10	1	9	6	5	3	3	9	5	8	4
5	5	0	1	53	41	12	3	3	7	3	0	10	6	1	1	10	8	10	2	7
5	5	0	1	53	40	13	9	0	1	5	8	0	6	5	5	1	1	8	8	6
5	5	0	1	53	39	14	6	9	9	8	10	9	10	0	4	4	0	8	7	4
5	5	0	1	53	38	15	3	6	1	7	10	7	1	6	4	3	2	5	0	0
5	5	0	1	53	37	16	3	5	7	3	7	0	7	6	1	7	9	7	1	7
5	5	0	1	53	36	17	1	4	2	2	4	9	6	4	4	4	8	9	1	7
5	5	0	1	53	35	18	10	2	0	7	7	1	5	5	5	7	3	4	0	6
5	5	0	1	53	34	19	5	9	6	5	7	5	3	9	8	4	9	3	5	8
5	5	0	1	53	33	20	7	10	2	10	1	1	0	5	9	2	2	9	7	7
5	5	0	1	53	32	21	7	8	3	6	9	7	4	8	1	7	6	3	4	3
5	5	0	1	53	31	22	10	5	2	10	3	9	0	3	0	4	9	9	9	9
5	5	0	1	53	30	23	1	5	3	3	9	2	8	8	3	9	10	2	5	3
5	5	0	1	53	29	24	1	4	6	8	0	8	1	2	8	5	6	6	7	3
5	5	0	1	53	28	25	9	6	1	3	1	4	1	0	9	3	5	4	6	7
5	5	0	1	53	27	26	9	7	4	6	2	2	10	3	1	1	0	7	5	10
5	5	0	1	53	26	27	6	4	5	10	8	0	8	9	5	1	8	6	1	3
5	5	0	1	53	25	28	1	9	6	0	10	4	5	4	10	9	5	1	6	7
5	5	0	1	53	24	29	8	1	10	9	9	9	9	0	7	6	8	3	9	6
5	5	0	1	53	23	30	0	10	3	1	1	10	2	9	10	5	1	1	7	10
5	5	0	1	53	22	31	9	6	9	9	4	8	5	2	4	7	5	8	7	2
5	5	0	1	53	21	32	9	3	7	10	9	0	3	5	0	8	0	9	4	6
5	5	0	1	53	20	33	3	6	3	4	9	2	9	2	9	3	4	4	9	2
5	5	0	1	53	19	34	8	10	0	2	8	7	10	8	2	8	6	8	1	8
5	5	0	1	53	18	35	4	2	5	5	3	2	1	2	5	9	0	3	4	5
5	5	0	1	53	17	36	6	1	8	3	7	9	1	1	9	8	2	9	7	10
5	5	0	1	53	16	37	9	5	0	8	10	6	8	2	10	4	10	6	1	1
5	5	0	1	53	15	38	6	3	8	7	2	0	3	5	9	8	7	6	8	9
5	5	0	1	53	14	39	2	7	3	5	6	7	9	6	2	1	5	8	1	2
5	5	0	1	53	13	40	4	5	7	7	4	0	1	3	4	8	4	5	10	8
5	5	0	1	53	12	41	0	0	0	0	0	0	0	0	0	0	0	0	0	0
5	5	0	1	53	11	42	0	0	0	0	0	0	0	0	0	0	0	0	0	0
5	5	0	1	53	10	43	0	0	0	0	0	0	0	0	0	0	0	0	0	0
5	5	0	1	53	9	44	0	0	0	0	0	0	0	0	0	0	0	0	0	0
5	5	0	1	53	8	45	0	0	0	0	0	0	0	0	0	0	0	0	0	0
5	5	0	1	53	7	46	0	0	0	0	0	0	0	0	0	0	0	0	0	0
5	5	0	1	53	6	47	0	0	0	0	0	0	0	0	0	0	0	0	0	0
5	5	0	1	53	5	48	0	0	0	0	0	0	0	0	0	0	0	0	0	0
5	5	0	1	53	4	49	0	0	0	0	0	0	0	0	0	0	0	0	0	0
5	5	0	1	53	3	50	0	0	0	0	0	0	0	0	0	0	0	0	0	0
5	5	0	1	53	2	51	0	0	0	0	0	0	0	0	0	0	0	0	0	0
5	5	0	1	53	1	52	0	0	0	0	0	0	0	0	0	0	0	0	0	0
5	5	0	1	53	0	53	0	0	0	0	0	0	0	0	0	0	0	0	0	0
6	5	1	1	54	54	0	9	3	2	4	9	3	7	3	7	1	7	1	2	0
6	5	1	1	54	53	1	8	6	6	5	10	9	9	1	3	4	1	3	5	1
6	5	1	1	54	52	2	5	8	5	5	7	1	0	10	0	9	2	6	2	1
6	5	1	1	54	51	3	4	10	10	7	3	7	5	7	5	9	3	9	7	0
6	5	1	1	54	50	4	1	5	3	5	2	4	4	10	7	6	3	8	7	10
6	5	1	1	54	49	5	1	2	5	1	8	1	6	4	2	3	0	6	6	9
6	5	1	1	54	48	6	4	0	10	0	3	5	6	5	5	1	1	10	10	9
6	5	1	1	54	47	7	4	7	10	1	10	6	8	8	8	8	9	6	6	1
6	5	1	1	54	46	8	6	3	7	1	5	7	9	7	5	4	10	2	1	6
6	5	1	1	54	45	9	1	2	7	4	6	10	3	5	6	7	2	10	4	10
6	5	1	1	54	44	10	9	0	1	5	10	5	8	7	6	7	2	6	9	6
6	5	1	1	54	43	11	3	2	1	3	8	8	1	10	8	5	6	8	4	0
6	5	1	1	54	42	12	4	8	5	10	5	8	10	5	4	10	9	0	3	9
6	5	1	1	54	41	13	6	9	5	1	2	3	10	3	2	9	2	3	0	7
6	5	1	1	54	40	14	5	9	4	8	9	10	10	5	4	10	0	7	5	0
6	5	1	1	54	39	15	9	4	10	8	0	2	6	6	2	5	10	3	7	4
6	5	1	1	54	38	16	10	5	4	7	3	8	6	7	5	9	3	6	9	4
6	5	1	1	54	37	17	10	9	6	5	3	4	4	7	0	9	0	9	5	8
6	5	1	1	54	36	18	6	10	9	0	2	3	7	10	0	10	7	4	2	1
6	5	1	1	54	35	19	10	7	2	10	2	5	4	7	8	9	0	5	3	7
6	5	1	1	54	34	20	10	2	7	10	7	4	1	7	7	3	5	8	0	8
6	5	1	1	54	33	21	10	0	7	7	0	4	1	1	1	2	0	7	6	5
6	5	1	1	54	32	22	2	1	5	8	2	3	5	9	10	0	3	7	4	10
6	5	1	1	54	31	23	1	6	1	0	8	4	7	8	3	10	9	9	4	9
6	5	1	1	54	30	24	6	5	8	3	8	0	9	7	7	6	6	5	9	6
6	5	1	1	54	29	25	4	6	4	3	4	2	4	9	10	4	8	5	9	2
6	5	1	1	54	28	26	1	7	5	9	3	5	10	8	4	1	1	3	10	3
6	5	1	1	54	27	27	2	2	9	10	3	9	3	1	8	4	10	4	6	6
6	5	1	1	54	26	28	0	2	7	0	1	10	10	9	0	5	6	5	9	1
6	5	1	1	54	25	29	0	7	2	1	1	6	7	1	10	6	1	0	10	3
6	5	1	1	54	24	30	4	8	8	9	10	9	1	6	3	0	4	6	1	1
6	5	1	1	54	23	31	6	7	6	2	6	10	10	7	7	8	3	10	6	9
6	5	1	1	54	22	32	4	8	9	10	7	7	6	0	1	5	3	1	5	4
6	5	1	1	54	21	33	9	6	8	10	10	10	10	4	9	6	5	8	4	6
6	5	1	1	54	20	34	1	7	0	5	7	0	7	3	9	10	2	10	4	2
6	5	1	1	54	19	35	7	2	5	9	5	9	3	2	6	3	4	8	10	6
6	5	1	1	54	18	36	1	0	1	4	2	2	3	2	2	6	1	0	3	2
6	5	1	1	54	17	37	2	3	6	10	1	5	6	2	10	4	6	2	5	4
6	5	1	1	54	16	38	3	1	2	5	4	3	10	6	8	2	3	5	3	9
6	5	1	1	54	15	39	10	1	1	6	3	3	8	6	3	9	1	10	6	3
6	5	1	1	54	14	40	2	2	4	9	0	0	1	8	9	9	4	2	5	0
6	5	1	1	54	13	41	6	8	1	2	4	5	3	3	1	9	1	3	3	5
6	5	1	1	54	12	42	0	0	0	0	0	0	0	0	0	0	0	0	0	0
6	5	1	1	54	11	43	0	0	0	0	0	0	0	0	0	0	0	0	0	0
6	5	1	1	54	10	44	0	0	0	0	0	0	0	0	0	0	0	0	0	0
6	5	1	1	54	9	45	0	0	0	0	0	0	0	0	0	0	0	0	0	0
6	5	1	1	54	8	46	0	0	0	0	0	0	0	0	0	0	0	0	0	0
6	5	1	1	54	7	47	0	0	0	0	0	0	0	0	0	0	0	0	0	0
6	5	1	1	54	6	48	0	0	0	0	0	0	0	0	0	0	0	0	0	0
6	5	1	1	54	5	49	0	0	0	0	0	0	0	0	0	0	0	0	0	0
6	5	1	1	54	4	50	0	0	0	0	0	0	0	0	0	0	0	0	0	0
6	5	1	1	54	3	51	0	0	0	0	0	0	0	0	0	0	0	0	0	0
6	5	1	1	54	2	52	0	0	0	0	0	0	0	0	0	0	0	0	0	0
6	5	1	1	54	1	53	0	0	0	0	0	0	0	0	0	0	0	0	0	0
6	5	1	1	54	0	54	0	0	0	0	0	0	0	0	0	0	0	0	0	0
6	5	1	1	55	55	0	8	4	2	6	3	6	6	7	1	9	3	0	9	7
6	5	1	1	55	54	1	1	1	9	5	4	9	5	10	8	4	10	1	10	9
6	5	1	1	55	53	2	3	3	0	2	8	4	6	9	5	9	0	8	6	3
6	5	1	1	55	52	3	9	1	8	4	3	4	3	10	0	3	10	8	9	6
6	5	1	1	55	51	4	5	0	3	9	9	1	9	1	7	9	1	9	6	5
6	5	1	1	55	50	5	3	10	8	6	8	2	3	10	9	9	3	10	9	2
6	5	1	1	55	49	6	1	5	10	1	2	2	1	2	1	10	7	4	2	2
6	5	1	1	55	48	7	10	1	6	3	3	8	0	3	4	7	2	2	10	6
6	5	1	1	55	47	8	9	9	1	3	8	4	4	5	9	4	8	5	1	10
6	5	1	1	55	46	9	2	8	5	10	7	2	10	0	0	1	3	5	5	9
6	5	1	1	55	45	10	9	3	6	8	5	6	7	1	0	9	10	2	2	9
6	5	1	1	55	44	11	10	2	6	0	3	10	1	1	9	8	0	10	4	7
6	5	1	1	55	43	12	1	4	5	3	4	0	4	1	8	3	6	8	8	5
6	5	1	1	55	42	13	4	1	5	2	9	9	8	6	0	1	6	10	6	10
6	5	1	1	55	41	14	6	8	0	1	1	1	5	6	1	6	3	6	4	7
6	5	1	1	55	40	15	10	7	4	7	4	5	0	6	7	4	5	1	0	0
6	5	1	1	55	39	16	9	2	9	4	6	7	5	2	1	6	9	2	9	1
6	5	1	1	55	38	17	8	8	6	3	1	0	1	1	3	0	8	9	5	2
6	5	1	1	55	37	18	6	4	7	2	3	9	7	6	1	10	10	3	10	9
6	5	1	1	55	36	19	0	7	10	7	8	3	6	4	5	2	0	0	3	3
6	5	1	1	55	35	20	9	0	1	10	9	1	5	9	6	9	1	6	6	3
6	5	1	1	55	34	21	1	6	0	8	3	0	8	5	1	10	9	8	0	10
6	5	1	1	55	33	22	2	8	0	4	0	0	4	4	0	6	2	1	2	8
6	5	1	1	55	32	23	10	4	2	0	0	6	10	7	8	1	2	7	9	7
6	5	1	1	55	31	24	1	8	2	4	0	3	7	2	1	8	10	3	0	6
6	5	1	1	55	30	25	1	6	2	9	6	3	1	4	9	4	0	6	4	5
6	5	1	1	55	29	26	10	1	10	2	5	8	6	5	3	8	8	8	1	6
6	5	1	1	55	28	27	2	8	4	0	7	1	7	10	2	4	6	5	10	2
6	5	1	1	55	27	28	10	8	8	8	1	10	5	2	2	10	4	8	1	4
6	5	1	1	55	26	29	0	5	8	10	2	3	2	4	2	1	8	10	10	9
6	5	1	1	55	25	30	3	2	6	6	6	0	6	7	10	0	10	10	7	5
6	5	1	1	55	24	31	7	1	7	8	3	9	10	6	3	7	5	9	3	2
6	5	1	1	55	23	32	10	1	9	2	4	5	5	9	5	5	7	10	10	6
6	5	1	1	55	22	33	8	8	3	5	4	0	4	5	2	4	0	10	8	0
6	5	1	1	55	21	34	1	3	1	9	7	0	7	2	10	3	6	3	8	0
6	5	1	1	55	20	35	10	1	1	8	9	7	10	6	9	3	6	6	3	10
6	5	1	1	55	19	36	8	3	1	4	2	2	6	1	4	5	9	9	8	10
6	5	1	1	55	18	37	0	1	7	3	3	4	5	10	6	7	7	5	9	5
6	5	1	1	55	17	38	0	6	9	8	3	9	2	6	1	3	8	2	7	8
6	5	1	1	55	16	39	5	2	3	5	9	4	7	4	9	5	4	0	9	1
6	5	1	1	55	15	40	7	2	8	7	6	10	2	6	10	8	10	7	4	6
6	5	1	1	55	14	41	4	6	8	2	8	0	4	3	3	8	1	10	10	8
6	5	1	1	55	13	42	3	6	1	0	5	6	2	1	8	9	8	0	3	10
6	5	1	1	55	12	43	0	0	0	0	0	0	0	0	0	0	0	0	0	0
6	5	1	1	55	11	44	0	0	0	0	0	0	0	0	0	0	0	0	0	0
6	5	1	1	55	10	45	0	0	0	0	0	0	0	0	0	0	0	0	0	0
6	5	1	1	55	9	46	0	0	0	0	0	0	0	0	0	0	0	0	0	0
6	5	1	1	55	8	47	0	0	0	0	0	0	0	0	0	0	0	0	0	0
6	5	1	1	55	7	48	0	0	0	0	0	0	0	0	0	0	0	0	0	0
6	5	1	1	55	6	49	0	0	0	0	0	0	0	0	0	0	0	0	0	0
6	5	1	1	55	5	50	0	0	0	0	0	0	0	0	0	0	0	0	0	0
6	5	1	1	55	4	51	0	0	0	0	0	0	0	0	0	0	0	0	0	0
6	5	1	1	55	3	52	0	0	0	0	0	0	0	0	0	0	0	0	0	0
6	5	1	1	55	2	53	0	0	0	0	0	0	0	0	0	0	0	0	0	0
6	5	1	1	55	1	54	0	0	0	0	0	0	0	0	0	0	0	0	0	0
6	5	1	1	55	0	55	0	0	0	0	0	0	0	0	0	0	0	0	0	0
6	5	1	1	56	56	0	6	9	9	10	5	0	9	0	9	0	9	8	7	10
6	5	1	1	56	55	1	9	5	3	4	7	10	4	0	7	2	3	8	9	10
6	5	1	1	56	54	2	2	0	3	2	6	4	1	3	0	9	3	10	8	1
6	5	1	1	56	53	3	10	1	4	4	6	2	7	10	8	8	1	7	1	3
6	5	1	1	56	52	4	2	8	4	8	2	1	8	9	6	9	10	10	5	9
6	5	1	1	56	51	5	5	0	8	2	7	10	4	7	8	3	9	7	10	6
6	5	1	1	56	50	6	10	9	5	3	5	4	1	2	10	6	9	3	6	3
6	5	1	1	56	49	7	4	8	7	6	5	4	5	9	2	1	5	6	3	10
6	5	1	1	56	48	8	10	3	9	8	1	9	1	6	4	7	5	9	8	3
6	5	1	1	56	47	9	8	8	9	9	10	2	6	2	8	4	3	3	0	5
6	5	1	1	56	46	10	4	10	9	4	5	8	1	9	4	5	7	6	6	2
6	5	1	1	56	45	11	8	0	9	9	5	0	10	8	3	3	4	4	5	2
6	5	1	1	56	44	12	3	5	2	1	3	4	9	4	4	2	7	9	9	3
6	5	1	1	56	43	13	1	2	10	1	6	9	3	6	7	9	9	7	1	9
6	5	1	1	56	42	14	3	6	10	1	1	4	1	9	4	6	6	9	4	5
6	5	1	1	56	41	15	8	3	4	0	8	2	2	5	9	2	7	1	2	1
6	5	1	1	56	40	16	4	8	2	1	2	8	7	6	5	6	8	1	1	0
6	5	1	1	56	39	17	10	9	3	9	0	1	7	1	2	5	8	2	8	1
6	5	1	1	56	38	18	3	9	1	7	10	4	8	2	7	7	2	0	5	2
6	5	1	1	56	37	19	9	8	8	7	6	9	6	2	7	6	1	4	2	3
6	5	1	1	56	36	20	9	5	6	6	6	10	5	2	10	4	9	1	4	10
6	5	1	1	56	35	21	6	3	5	8	7	7	0	2	4	1	9	4	6	4
6	5	1	1	56	34	22	9	7	3	8	1	5	4	5	7	4	3	5	2	1
6	5	1	1	56	33	23	1	8	4	10	5	10	5	10	2	9	0	5	0	1
6	5	1	1	56	32	24	1	5	4	10	5	2	7	5	1	9	0	4	2	9
6	5	1	1	56	31	25	6	4	6	3	1	0	4	1	10	6	8	4	2	1
6	5	1	1	56	30	26	8	9	1	10	8	9	0	4	6	4	9	1	8	8
6	5	1	1	56	29	27	8	2	10	4	5	6	8	10	1	4	5	7	4	9
6	5	1	1	56	28	28	5	6	9	9	0	3	7	7	8	8	0	9	3	7
6	5	1	1	56	27	29	5	1	6	6	6	6	10	4	1	6	6	0	3	7
6	5	1	1	56	26	30	8	3	1	2	5	8	9	10	0	5	0	4	5	9
6	5	1	1	56	25	31	9	7	2	2	8	7	9	5	4	1	4	5	2	3
6	5	1	1	56	24	32	9	1	7	5	2	6	9	1	7	1	3	7	2	0
6	5	1	1	56	23	33	4	2	9	10	3	9	8	2	4	6	5	5	5	8
6	5	1	1	56	22	34	1	6	5	2	1	0	0	3	8	9	3	10	8	6
6	5	1	1	56	21	35	7	2	6	10	10	4	2	0	7	0	2	1	3	5
6	5	1	1	56	20	36	6	9	4	10	10	7	0	2	0	4	2	6	1	3
6	5	1	1	56	19	37	7	9	9	6	1	2	2	6	9	8	10	8	9	7
6	5	1	1	56	18	38	6	1	10	9	2	3	1	4	2	9	2	2	3	2
6	5	1	1	56	17	39	3	3	6	3	7	1	4	10	2	5	8	2	7	1
6	5	1	1	56	16	40	2	1	9	8	2	1	9	0	4	8	5	0	3	2
6	5	1	1	56	15	41	8	4	10	8	4	2	3	4	5	4	6	6	9	0
6	5	1	1	56	14	42	8	5	1	1	5	2	6	5	0	10	8	10	3	0
6	5	1	1	56	13	43	5	0	1	5	8	9	10	6	7	9	7	2	3	9
6	5	1	1	56	12	44	0	0	0	0	0	0	0	0	0	0	0	0	0	0
6	5	1	1	56	11	45	0	0	0	0	0	0	0	0	0	0	0	0	0	0
6	5	1	1	56	10	46	0	0	0	0	0	0	0	0	0	0	0	0	0	0
6	5	1	1	56	9	47	0	0	0	0	0	0	0	0	0	0	0	0	0	0
6	5	1	1	56	8	48	0	0	0	0	0	0	0	0	0	0	0	0	0	0
6	5	1	1	56	7	49	0	0	0	0	0	0	0	0	0	0	0	0	0	0
6	5	1	1	56	6	50	0	0	0	0	0	0	0	0	0	0	0	0	0	0
6	5	1	1	56	5	51	0	0	0	0	0	0	0	0	0	0	0	0	0	0
6	5	1	1	56	4	52	0	0	0	0	0	0	0	0	0	0	0	0	0	0
6	5	1	1	56	3	53	0	0	0	0	0	0	0	0	0	0	0	0	0	0
6	5	1	1	56	2	54	0	0	0	0	0	0	0	0	0	0	0	0	0	0
6	5	1	1	56	1	55	0	0	0	0	0	0	0	0	0	0	0	0	0	0
6	5	1	1	56	0	56	0	0	0	0	0	0	0	0	0	0	0	0	0	0
7	5	2	1	46	46	0	6	0	7	7	1	7	4	1	10	8	7	4	7	1
7	5	2	1	46	45	1	8	1	5	6	5	0	5	2	4	4	6	0	7	8
7	5	2	1	46	44	2	4	1	3	3	5	7	0	3	6	1	7	10	10	6
7	5	2	1	46	43	3	7	2	2	7	1	5	8	7	1	4	8	4	6	0
7	5	2	1	46	42	4	6	7	8	0	6	7	2	1	5	9	2	4	1	1
7	5	2	1	46	41	5	5	9	1	4	8	0	3	9	2	10	9	6	6	2
7	5	2	1	46	40	6	9	8	1	0	1	0	5	4	4	10	2	1	6	2
7	5	2	1	46	39	7	9	5	5	6	5	2	2	7	6	7	4	6	2	0
7	5	2	1	46	38	8	5	1	7	2	8	8	1	4	6	3	2	9	4	5
7	5	2	1	46	37	9	4	4	3	2	3	2	4	1	10	2	2	6	2	3
7	5	2	1	46	36	10	10	7	10	10	5	6	7	5	7	7	4	7	5	6
7	5	2	1	46	35	11	3	8	4	3	7	9	3	8	4	8	9	6	2	3
7	5	2	1	46	34	12	8	2	9	8	3	0	10	1	7	9	9	4	6	6
7	5	2	1	46	33	13	4	7	6	9	5	5	9	2	5	3	1	9	10	4
7	5	2	1	46	32	14	0	1	0	4	6	7	10	2	1	2	7	1	7	1
7	5	2	1	46	31	15	7	4	4	7	1	7	8	10	7	2	0	2	0	6
7	5	2	1	46	30	16	4	6	8	7	2	9	4	2	9	7	5	2	7	6
7	5	2	1	46	29	17	7	6	10	10	4	7	9	0	10	6	2	3	7	9
7	5	2	1	46	28	18	5	2	10	4	4	6	7	8	7	2	2	10	7	0
7	5	2	1	46	27	19	4	4	6	8	0	10	6	2	0	7	10	5	9	3
7	5	2	1	46	26	20	4	1	3	7	1	8	7	3	1	10	3	8	3	10
7	5	2	1	46	25	21	3	5	1	10	1	6	6	4	9	2	4	4	4	7
7	5	2	1	46	24	22	5	10	1	6	9	0	4	3	8	1	3	7	8	3
7	5	2	1	46	23	23	0	5	9	8	2	0	7	5	2	1	7	1	8	0
7	5	2	1	46	22	24	1	8	0	8	2	7	8	0	6	9	5	7	8	4
7	5	2	1	46	21	25	7	7	1	4	3	3	6	5	8	8	9	6	0	8
7	5	2	1	46	20	26	2	1	6	8	8	10	10	9	6	1	6	8	0	10
7	5	2	1	46	19	27	9	6	2	8	8	1	0	6	8	2	0	4	6	8
7	5	2	1	46	18	28	9	2	4	9	0	0	0	1	3	5	9	8	1	4
7	5	2	1	46	17	29	0	0	5	2	5	6	4	0	8	8	2	5	3	0
7	5	2	1	46	16	30	3	3	7	10	0	2	6	2	5	9	8	5	10	1
7	5	2	1	46	15	31	8	1	1	8	6	5	6	1	9	5	9	7	7	7
7	5	2	1	46	14	32	10	2	9	1	4	8	4	9	4	4	6	2	4	10
7	5	2	1	46	13	33	4	0	3	4	2	5	8	7	10	5	10	6	9	10
7	5	2	1	46	12	34	0	0	0	0	0	0	0	0	0	0	0	0	0	0
7	5	2	1	46	11	35	0	0	0	0	0	0	0	0	0	0	0	0	0	0
7	5	2	1	46	10	36	0	0	0	0	0	0	0	0	0	0	0	0	0	0
7	5	2	1	46	9	37	0	0	0	0	0	0	0	0	0	0	0	0	0	0
7	5	2	1	46	8	38	0	0	0	0	0	0	0	0	0	0	0	0	0	0
7	5	2	1	46	7	39	0	0	0	0	0	0	0	0	0	0	0	0	0	0
7	5	2	1	46	6	40	0	0	0	0	0	0	0	0	0	0	0	0	0	0
7	5	2	1	46	5	41	0	0	0	0	0	0	0	0	0	0	0	0	0	0
7	5	2	1	46	4	42	0	0	0	0	0	0	0	0	0	0	0	0	0	0
7	5	2	1	46	3	43	0	0	0	0	0	0	0	0	0	0	0	0	0	0
7	5	2	1	46	2	44	0	0	0	0	0	0	0	0	0	0	0	0	0	0
7	5	2	1	46	1	45	0	0	0	0	0	0	0	0	0	0	0	0	0	0
7	5	2	1	46	0	46	0	0	0	0	0	0	0	0	0	0	0	0	0	0
7	5	2	1	47	47	0	3	2	6	8	4	8	4	9	3	5	5	9	6	9
7	5	2	1	47	46	1	8	0	9	2	4	4	1	1	6	6	10	9	6	7
7	5	2	1	47	45	2	10	0	6	9	0	3	9	10	6	6	5	10	8	7
7	5	2	1	47	44	3	8	2	8	7	4	4	3	7	7	8	7	7	1	3
7	5	2	1	47	43	4	2	9	1	3	9	1	5	8	0	6	4	1	9	3
7	5	2	1	47	42	5	2	5	1	2	9	9	6	9	9	6	1	10	6	5
7	5	2	1	47	41	6	2	1	2	8	1	1	0	3	10	5	7	9	1	4
7	5	2	1	47	40	7	10	3	6	3	8	4	1	8	3	3	4	4	5	7
7	5	2	1	47	39	8	1	8	5	0	10	5	1	4	6	4	5	6	10	0
7	5	2	1	47	38	9	10	1	3	10	10	3	10	6	6	1	6	2	8	8
7	5	2	1	47	37	10	4	10	6	7	1	8	2	3	4	5	3	7	4	4
7	5	2	1	47	36	11	7	4	6	3	6	4	10	8	3	2	2	2	10	5
7	5	2	1	47	35	12	10	8	7	9	2	7	2	9	4	4	7	2	9	9
7	5	2	1	47	34	13	5	0	6	2	2	6	9	5	0	6	10	4	0	4
7	5	2	1	47	33	14	7	5	3	10	2	1	3	5	7	6	8	9	10	1
7	5	2	1	47	32	15	3	6	7	6	8	5	4	4	7	1	5	8	3	4
7	5	2	1	47	31	16	9	7	2	6	4	4	6	1	4	0	7	3	8	1
7	5	2	1	47	30	17	10	7	7	8	7	8	5	6	0	6	5	10	10	2
7	5	2	1	47	29	18	0	5	4	6	7	4	0	9	2	3	2	7	3	7
7	5	2	1	47	28	19	6	3	5	8	5	10	10	0	6	10	7	8	4	0
7	5	2	1	47	27	20	8	2	3	1	7	2	8	8	2	8	4	9	2	10
7	5	2	1	47	26	21	10	1	3	0	10	6	4	3	8	2	4	9	5	3
7	5	2	1	47	25	22	6	1	8	9	8	10	7	4	3	2	2	4	9	10
7	5	2	1	47	24	23	9	6	1	8	4	0	7	7	2	3	2	0	10	5
7	5	2	1	47	23	24	1	9	0	10	7	0	10	10	8	9	7	3	2	4
7	5	2	1	47	22	25	7	9	5	5	10	9	5	9	10	0	3	4	5	6
7	5	2	1	47	21	26	3	9	7	9	2	9	0	6	1	10	1	3	6	5
7	5	2	1	47	20	27	5	5	3	2	2	3	4	1	2	0	8	0	10	10
7	5	2	1	47	19	28	2	10	6	2	10	6	10	7	9	2	5	6	1	8
7	5	2	1	47	18	29	2	6	5	9	3	0	1	6	1	0	6	3	7	3
7	5	2	1	47	17	30	7	2	4	3	1	2	0	10	10	2	1	8	1	7
7	5	2	1	47	16	31	3	8	7	4	4	9	5	0	0	10	6	3	8	6
7	5	2	1	47	15	32	3	9	6	8	5	2	1	1	8	8	6	10	6	10
7	5	2	1	47	14	33	9	10	8	0	8	8	2	9	7	2	4	7	6	4
7	5	2	1	47	13	34	7	9	2	8	6	8	8	10	10	7	10	1	6	4
7	5	2	1	47	12	35	0	0	0	0	0	0	0	0	0	0	0	0	0	0
7	5	2	1	47	11	36	0	0	0	0	0	0	0	0	0	0	0	0	0	0
7	5	2	1	47	10	37	0	0	0	0	0	0	0	0	0	0	0	0	0	0
7	5	2	1	47	9	38	0	0	0	0	0	0	0	0	0	0	0	0	0	0
7	5	2	1	47	8	39	0	0	0	0	0	0	0	0	0	0	0	0	0	0
7	5	2	1	47	7	40	0	0	0	0	0	0	0	0	0	0	0	0	0	0
7	5	2	1	47	6	41	0	0	0	0	0	0	0	0	0	0	0	0	0	0
7	5	2	1	47	5	42	0	0	0	0	0	0	0	0	0	0	0	0	0	0
7	5	2	1	47	4	43	0	0	0	0	0	0	0	0	0	0	0	0	0	0
7	5	2	1	47	3	44	0	0	0	0	0	0	0	0	0	0	0	0	0	0
7	5	2	1	47	2	45	0	0	0	0	0	0	0	0	0	0	0	0	0	0
7	5	2	1	47	1	46	0	0	0	0	0	0	0	0	0	0	0	0	0	0
7	5	2	1	47	0	47	0	0	0	0	0	0	0	0	0	0	0	0	0	0
7	5	2	1	48	48	0	6	7	10	0	7	2	6	0	7	9	3	10	9	0
7	5	2	1	48	47	1	9	2	7	9	2	1	3	0	6	2	4	10	6	1
7	5	2	1	48	46	2	3	5	2	0	6	8	6	7	8	6	7	6	8	4
7	5	2	1	48	45	3	3	8	4	4	3	8	0	0	8	3	9	1	9	2
7	5	2	1	48	44	4	9	9	1	6	9	4	7	3	6	10	6	0	2	3
7	5	2	1	48	43	5	2	3	7	4	3	4	5	2	1	1	3	8	5	2
7	5	2	1	48	42	6	2	9	10	8	4	3	0	5	6	0	2	4	3	2
7	5	2	1	48	41	7	1	8	2	4	9	2	0	7	1	5	5	7	7	0
7	5	2	1	48	40	8	5	0	7	4	4	1	5	2	4	9	9	4	4	6
7	5	2	1	48	39	9	10	2	9	2	8	0	3	9	9	7	0	8	9	9
7	5	2	1	48	38	10	3	10	1	3	7	2	5	6	2	0	1	8	0	7
7	5	2	1	48	37	11	2	9	2	2	1	10	8	8	8	5	7	4	3	6
7	5	2	1	48	36	12	10	7	4	3	4	3	0	10	4	8	2	8	6	2
7	5	2	1	48	35	13	6	7	7	3	5	10	1	2	1	10	5	9	7	10
7	5	2	1	48	34	14	8	8	5	5	2	7	7	6	8	0	1	2	7	4
7	5	2	1	48	33	15	1	6	2	3	8	10	3	7	2	1	7	1	6	2
7	5	2	1	48	32	16	10	4	0	2	1	2	0	4	6	8	2	0	8	9
7	5	2	1	48	31	17	9	1	0	5	5	9	3	0	9	2	4	2	2	0
7	5	2	1	48	30	18	3	4	9	1	2	0	9	0	1	6	4	2	0	6
7	5	2	1	48	29	19	9	10	6	5	1	4	3	5	3	2	8	3	10	8
7	5	2	1	48	28	20	6	8	5	6	7	1	6	2	0	5	3	6	6	6
7	5	2	1	48	27	21	0	7	0	0	0	8	10	3	5	5	10	0	1	7
7	5	2	1	48	26	22	2	1	5	7	8	1	3	0	7	5	10	0	6	8
7	5	2	1	48	25	23	10	2	6	2	6	8	2	8	8	5	4	10	6	7
7	5	2	1	48	24	24	6	6	2	3	2	10	7	1	10	10	7	6	2	8
7	5	2	1	48	23	25	9	4	3	8	6	9	10	8	1	8	3	4	9	4
7	5	2	1	48	22	26	7	9	0	8	6	7	1	0	0	3	10	10	5	2
7	5	2	1	48	21	27	10	1	4	9	8	7	3	1	8	0	7	4	4	9
7	5	2	1	48	20	28	7	8	5	0	4	9	7	0	7	4	8	9	4	10
7	5	2	1	48	19	29	3	6	3	0	0	5	2	2	5	9	10	5	3	5
7	5	2	1	48	18	30	4	7	8	1	10	5	7	7	3	2	8	5	5	9
7	5	2	1	48	17	31	7	8	0	0	9	4	1	7	5	7	7	2	4	7
7	5	2	1	48	16	32	1	9	4	5	2	6	6	6	5	4	7	4	8	8
7	5	2	1	48	15	33	1	9	8	1	9	7	6	8	8	10	10	3	1	7
7	5	2	1	48	14	34	8	2	1	7	6	6	5	3	5	10	7	9	8	3
7	5	2	1	48	13	35	3	5	9	6	9	7	10	4	7	4	7	9	5	3
7	5	2	1	48	12	36	0	0	0	0	0	0	0	0	0	0	0	0	0	0
7	5	2	1	48	11	37	0	0	0	0	0	0	0	0	0	0	0	0	0	0
7	5	2	1	48	10	38	0	0	0	0	0	0	0	0	0	0	0	0	0	0
7	5	2	1	48	9	39	0	0	0	0	0	0	0	0	0	0	0	0	0	0
7	5	2	1	48	8	40	0	0	0	0	0	0	0	0	0	0	0	0	0	0
7	5	2	1	48	7	41	0	0	0	0	0	0	0	0	0	0	0	0	0	0
7	5	2	1	48	6	42	0	0	0	0	0	0	0	0	0	0	0	0	0	0
7	5	2	1	48	5	43	0	0	0	0	0	0	0	0	0	0	0	0	0	0
7	5	2	1	48	4	44	0	0	0	0	0	0	0	0	0	0	0	0	0	0
7	5	2	1	48	3	45	0	0	0	0	0	0	0	0	0	0	0	0	0	0
7	5	2	1	48	2	46	0	0	0	0	0	0	0	0	0	0	0	0	0	0
7	5	2	1	48	1	47	0	0	0	0	0	0	0	0	0	0	0	0	0	0
7	5	2	1	48	0	48	0	0	0	0	0	0	0	0	0	0	0	0	0	0
8	6	0	1	40	40	0	4	10	3	10	4	3	0	1	2	5	1	5	5	2
8	6	0	1	40	39	1	7	2	0	4	6	8	8	5	0	0	4	3	4	5
8	6	0	1	40	38	2	6	2	5	0	8	8	7	7	5	6	5	5	10	2
8	6	0	1	40	37	3	3	8	2	2	8	5	0	9	4	10	2	5	0	4
8	6	0	1	40	36	4	1	0	4	10	6	8	8	8	3	1	9	5	5	7
8	6	0	1	40	35	5	6	6	4	0	0	10	4	7	5	5	9	5	1	0
8	6	0	1	40	34	6	5	6	0	1	8	4	5	10	3	0	3	7	9	4
8	6	0	1	40	33	7	10	7	10	6	1	5	9	6	3	2	6	10	1	2
8	6	0	1	40	32	8	2	9	4	4	8	7	9	1	0	0	0	7	1	2
8	6	0	1	40	31	9	2	9	9	10	10	4	10	0	10	9	4	1	0	2
8	6	0	1	40	30	10	6	8	6	1	5	2	10	0	8	9	8	5	5	2
8	6	0	1	40	29	11	8	7	10	4	0	8	2	2	2	5	7	7	10	3
8	6	0	1	40	28	12	1	4	3	4	7	8	4	0	5	4	3	8	3	5
8	6	0	1	40	27	13	6	10	7	3	1	2	6	7	7	7	9	0	5	2
8	6	0	1	40	26	14	8	0	4	4	10	5	9	8	5	5	1	6	9	8
8	6	0	1	40	25	15	8	7	2	2	1	2	1	1	7	9	1	4	7	7
8	6	0	1	40	24	16	7	0	7	5	1	1	2	0	6	4	7	10	0	8
8	6	0	1	40	23	17	8	0	0	0	0	8	2	5	4	1	2	7	10	0
8	6	0	1	40	22	18	9	1	3	8	2	4	3	9	9	4	9	4	0	6
8	6	0	1	40	21	19	4	0	9	3	1	8	3	10	3	4	2	9	5	0
8	6	0	1	40	20	20	2	6	6	3	10	10	10	7	3	8	6	4	6	4
8	6	0	1	40	19	21	2	3	6	1	2	1	5	5	7	2	7	1	5	9
8	6	0	1	40	18	22	9	7	5	0	3	5	5	4	5	0	7	8	5	0
8	6	0	1	40	17	23	6	7	4	2	8	3	10	1	3	3	7	6	8	10
8	6	0	1	40	16	24	5	1	5	6	1	7	4	1	4	2	0	4	2	5
8	6	0	1	40	15	25	5	3	5	0	2	1	0	1	8	5	4	7	1	8
8	6	0	1	40	14	26	4	4	7	1	2	9	3	0	7	9	8	2	4	5
8	6	0	1	40	13	27	5	10	2	3	7	4	9	10	5	0	9	7	10	0
8	6	0	1	40	12	28	9	4	7	10	10	2	10	4	0	9	5	4	6	2
8	6	0	1	40	11	29	1	8	3	2	8	7	10	6	2	5	0	8	3	1
8	6	0	1	40	10	30	0	0	0	0	0	0	0	0	0	0	0	0	0	0
8	6	0	1	40	9	31	0	0	0	0	0	0	0	0	0	0	0	0	0	0
8	6	0	1	40	8	32	0	0	0	0	0	0	0	0	0	0	0	0	0	0
8	6	0	1	40	7	33	0	0	0	0	0	0	0	0	0	0	0	0	0	0
8	6	0	1	40	6	34	0	0	0	0	0	0	0	0	0	0	0	0	0	0
8	6	0	1	40	5	35	0	0	0	0	0	0	0	0	0	0	0	0	0	0
8	6	0	1	40	4	36	0	0	0	0	0	0	0	0	0	0	0	0	0	0
8	6	0	1	40	3	37	0	0	0	0	0	0	0	0	0	0	0	0	0	0
8	6	0	1	40	2	38	0	0	0	0	0	0	0	0	0	0	0	0	0	0
8	6	0	1	40	1	39	0	0	0	0	0	0	0	0	0	0	0	0	0	0
8	6	0	1	40	0	40	0	0	0	0	0	0	0	0	0	0	0	0	0	0
8	6	0	1	41	41	0	1	2	0	1	1	0	6	7	0	10	8	10	5	5
8	6	0	1	41	40	1	1	7	3	1	9	8	4	8	9	3	7	0	5	10
8	6	0	1	41	39	2	10	8	7	7	3	5	3	0	8	7	7	0	4	9
8	6	0	1	41	38	3	6	9	4	5	5	1	8	10	2	10	7	3	4	4
8	6	0	1	41	37	4	6	3	2	3	1	10	8	7	5	2	3	5	9	9
8	6	0	1	41	36	5	9	7	9	1	7	7	1	9	8	4	9	3	3	10
8	6	0	1	41	35	6	2	0	7	2	4	3	4	6	10	9	3	4	10	9
8	6	0	1	41	34	7	8	2	5	4	1	9	7	9	4	5	1	1	5	6
8	6	0	1	41	33	8	10	0	2	4	2	2	3	9	3	3	8	5	1	2
8	6	0	1	41	32	9	1	2	6	3	0	10	0	6	1	6	3	1	6	6
8	6	0	1	41	31	10	3	10	6	5	5	9	8	7	1	2	2	9	6	2
8	6	0	1	41	30	11	3	3	2	10	4	0	1	1	5	7	6	1	9	10
8	6	0	1	41	29	12	5	8	6	0	8	0	6	0	1	0	0	3	4	6
8	6	0	1	41	28	13	8	0	4	9	7	5	9	10	3	9	6	10	5	9
8	6	0	1	41	27	14	10	5	2	4	0	7	3	4	6	3	7	7	5	1
8	6	0	1	41	26	15	0	5	7	8	0	8	5	3	5	3	4	10	3	5
8	6	0	1	41	25	16	1	0	7	0	3	4	8	5	0	2	0	3	0	5
8	6	0	1	41	24	17	2	5	6	9	1	7	0	8	4	9	2	2	2	6
8	6	0	1	41	23	18	7	5	9	7	4	5	9	0	8	9	7	4	6	8
8	6	0	1	41	22	19	3	1	3	7	8	5	10	7	8	3	5	0	7	4
8	6	0	1	41	21	20	10	8	3	10	6	5	0	3	8	8	7	4	0	7
8	6	0	1	41	20	21	2	1	1	3	8	2	5	3	3	3	3	8	0	10
8	6	0	1	41	19	22	8	5	0	4	6	9	5	0	1	4	8	8	9	0
8	6	0	1	41	18	23	6	8	7	5	3	2	9	8	9	4	9	9	5	7
8	6	0	1	41	17	24	3	5	7	6	9	8	7	3	0	5	7	8	1	5
8	6	0	1	41	16	25	5	4	6	9	8	1	10	1	2	7	10	0	9	2
8	6	0	1	41	15	26	5	5	3	2	2	1	3	9	5	6	0	6	4	1
8	6	0	1	41	14	27	2	10	8	8	10	6	9	5	1	10	2	9	9	4
8	6	0	1	41	13	28	8	2	5	7	8	3	9	8	5	1	2	0	4	1
8	6	0	1	41	12	29	10	7	1	6	5	5	3	0	0	10	5	1	1	8
8	6	0	1	41	11	30	5	7	4	10	7	2	6	8	10	3	0	7	4	3
8	6	0	1	41	10	31	0	0	0	0	0	0	0	0	0	0	0	0	0	0
8	6	0	1	41	9	32	0	0	0	0	0	0	0	0	0	0	0	0	0	0
8	6	0	1	41	8	33	0	0	0	0	0	0	0	0	0	0	0	0	0	0
8	6	0	1	41	7	34	0	0	0	0	0	0	0	0	0	0	0	0	0	0
8	6	0	1	41	6	35	0	0	0	0	0	0	0	0	0	0	0	0	0	0
8	6	0	1	41	5	36	0	0	0	0	0	0	0	0	0	0	0	0	0	0
8	6	0	1	41	4	37	0	0	0	0	0	0	0	0	0	0	0	0	0	0
8	6	0	1	41	3	38	0	0	0	0	0	0	0	0	0	0	0	0	0	0
8	6	0	1	41	2	39	0	0	0	0	0	0	0	0	0	0	0	0	0	0
8	6	0	1	41	1	40	0	0	0	0	0	0	0	0	0	0	0	0	0	0
8	6	0	1	41	0	41	0	0	0	0	0	0	0	0	0	0	0	0	0	0
8	6	0	1	42	42	0	1	8	2	7	5	3	1	2	10	0	2	4	9	4
8	6	0	1	42	41	1	7	1	2	0	10	3	0	10	10	6	3	2	7	0
8	6	0	1	42	40	2	10	4	0	5	3	8	3	0	10	7	7	3	0	10
8	6	0	1	42	39	3	8	2	1	1	6	4	6	9	9	7	3	6	8	10
8	6	0	1	42	38	4	1	10	0	5	5	9	2	2	8	5	0	10	2	0
8	6	0	1	42	37	5	0	6	7	3	5	6	9	8	1	8	6	6	4	2
8	6	0	1	42	36	6	5	7	6	1	1	4	8	0	10	2	7	2	6	4
8	6	0	1	42	35	7	0	0	8	8	3	2	9	2	2	1	2	7	2	0
8	6	0	1	42	34	8	6	3	0	5	2	5	7	1	0	3	7	1	6	5
8	6	0	1	42	33	9	0	7	1	7	1	7	3	9	4	6	1	0	8	3
8	6	0	1	42	32	10	8	8	6	7	5	6	6	4	3	6	0	3	8	6
8	6	0	1	42	31	11	6	8	4	3	6	10	0	10	8	9	4	7	0	8
8	6	0	1	42	30	12	10	7	8	1	7	3	5	2	3	2	1	9	4	0
8	6	0	1	42	29	13	6	7	7	3	7	7	2	1	0	4	8	6	7	4
8	6	0	1	42	28	14	1	1	0	0	5	6	7	7	0	6	3	5	6	6
8	6	0	1	42	27	15	3	3	3	10	1	9	10	0	0	4	4	0	6	7
8	6	0	1	42	26	16	6	7	8	1	10	1	5	8	10	2	7	8	8	2
8	6	0	1	42	25	17	7	2	6	10	10	0	8	0	0	6	7	9	9	0
8	6	0	1	42	24	18	10	8	6	5	6	8	2	0	9	5	0	0	2	3
8	6	0	1	42	23	19	5	10	2	5	3	3	7	10	4	1	5	10	9	9
8	6	0	1	42	22	20	0	1	8	5	2	0	10	0	4	2	7	3	4	7
8	6	0	1	42	21	21	4	9	1	2	5	3	6	6	1	1	6	10	7	7
8	6	0	1	42	20	22	8	4	7	8	4	3	4	1	2	3	2	10	2	0
8	6	0	1	42	19	23	4	3	1	7	0	1	8	4	0	5	2	9	6	5
8	6	0	1	42	18	24	9	7	8	3	9	4	2	7	2	6	1	10	4	7
8	6	0	1	42	17	25	10	9	4	0	9	0	9	1	4	2	1	2	5	10
8	6	0	1	42	16	26	5	9	6	7	8	0	7	6	6	9	10	6	5	10
8	6	0	1	42	15	27	7	8	0	5	9	1	8	1	9	10	5	7	2	7
8	6	0	1	42	14	28	1	5	7	1	4	7	3	9	9	4	4	4	5	0
8	6	0	1	42	13	29	5	6	9	4	4	1	0	1	0	6	4	7	6	4
8	6	0	1	42	12	30	0	5	4	5	4	4	7	6	7	3	1	7	5	7
8	6	0	1	42	11	31	4	10	1	8	10	6	7	2	8	9	0	10	1	5
8	6	0	1	42	10	32	0	0	0	0	0	0	0	0	0	0	0	0	0	0
8	6	0	1	42	9	33	0	0	0	0	0	0	0	0	0	0	0	0	0	0
8	6	0	1	42	8	34	0	0	0	0	0	0	0	0	0	0	0	0	0	0
8	6	0	1	42	7	35	0	0	0	0	0	0	0	0	0	0	0	0	0	0
8	6	0	1	42	6	36	0	0	0	0	0	0	0	0	0	0	0	0	0	0
8	6	0	1	42	5	37	0	0	0	0	0	0	0	0	0	0	0	0	0	0
8	6	0	1	42	4	38	0	0	0	0	0	0	0	0	0	0	0	0	0	0
8	6	0	1	42	3	39	0	0	0	0	0	0	0	0	0	0	0	0	0	0
8	6	0	1	42	2	40	0	0	0	0	0	0	0	0	0	0	0	0	0	0
8	6	0	1	42	1	41	0	0	0	0	0	0	0	0	0	0	0	0	0	0
8	6	0	1	42	0	42	0	0	0	0	0	0	0	0	0	0	0	0	0	0
9	6	1	1	43	43	0	5	6	0	9	9	2	3	6	4	7	2	4	8	7
9	6	1	1	43	42	1	5	6	8	9	7	6	1	1	5	1	9	5	7	4
9	6	1	1	43	41	2	8	9	2	8	1	1	0	8	5	6	7	2	3	3
9	6	1	1	43	40	3	1	10	3	5	8	1	4	6	5	0	4	8	3	9
9	6	1	1	43	39	4	10	5	3	7	3	8	4	0	3	5	0	5	9	1
9	6	1	1	43	38	5	6	3	0	5	2	8	1	9	8	0	10	5	0	1
9	6	1	1	43	37	6	4	1	8	8	8	5	9	10	6	6	2	2	9	10
9	6	1	1	43	36	7	1	8	5	3	0	1	3	3	6	1	7	9	0	4
9	6	1	1	43	35	8	10	0	0	7	0	1	3	0	7	2	3	10	6	1
9	6	1	1	43	34	9	2	8	2	10	5	0	7	2	9	8	2	10	1	0
9	6	1	1	43	33	10	3	7	3	7	3	4	9	9	6	10	0	0	0	1
9	6	1	1	43	32	11	0	3	0	8	0	0	10	8	8	8	1	5	8	1
9	6	1	1	43	31	12	2	6	10	5	1	5	10	5	10	7	2	9	1	3
9	6	1	1	43	30	13	6	6	7	5	0	3	2	5	4	1	4	9	7	7
9	6	1	1	43	29	14	5	5	0	9	7	1	2	6	2	10	7	10	9	10
9	6	1	1	43	28	15	5	4	5	8	2	0	4	5	1	7	3	7	7	10
9	6	1	1	43	27	16	0	2	7	2	10	7	3	4	3	8	9	6	0	4
9	6	1	1	43	26	17	6	3	9	5	10	7	0	4	3	8	7	5	1	4
9	6	1	1	43	25	18	8	5	8	8	3	3	8	6	9	8	7	5	8	4
9	6	1	1	43	24	19	7	1	0	8	4	4	8	4	7	4	10	3	5	6
9	6	1	1	43	23	20	4	9	0	7	1	8	5	1	1	8	9	10	10	8
9	6	1	1	43	22	21	2	2	3	1	5	7	8	1	5	4	7	3	6	9
9	6	1	1	43	21	22	1	4	2	4	9	10	1	5	1	5	5	10	10	10
9	6	1	1	43	20	23	9	0	3	7	3	4	5	2	9	8	6	7	3	6
9	6	1	1	43	19	24	4	5	4	8	3	8	6	2	8	5	6	4	5	2
9	6	1	1	43	18	25	3	10	6	2	10	3	4	5	8	0	1	9	3	1
9	6	1	1	43	17	26	0	5	7	4	1	1	8	5	3	0	10	3	8	8
9	6	1	1	43	16	27	0	8	7	3	4	0	0	1	6	5	9	0	8	4
9	6	1	1	43	15	28	0	5	10	9	10	5	5	3	10	9	9	8	1	1
9	6	1	1	43	14	29	0	7	7	9	2	10	10	3	7	3	1	10	8	0
9	6	1	1	43	13	30	4	3	1	2	10	7	2	6	7	7	3	1	6	2
9	6	1	1	43	12	31	3	10	7	7	6	5	3	0	4	8	6	7	6	6
9	6	1	1	43	11	32	8	9	2	5	9	1	3	4	5	7	0	9	2	5
9	6	1	1	43	10	33	0	0	0	0	0	0	0	0	0	0	0	0	0	0
9	6	1	1	43	9	34	0	0	0	0	0	0	0	0	0	0	0	0	0	0
9	6	1	1	43	8	35	0	0	0	0	0	0	0	0	0	0	0	0	0	0
9	6	1	1	43	7	36	0	0	0	0	0	0	0	0	0	0	0	0	0	0
9	6	1	1	43	6	37	0	0	0	0	0	0	0	0	0	0	0	0	0	0
9	6	1	1	43	5	38	0	0	0	0	0	0	0	0	0	0	0	0	0	0
9	6	1	1	43	4	39	0	0	0	0	0	0	0	0	0	0	0	0	0	0
9	6	1	1	43	3	40	0	0	0	0	0	0	0	0	0	0	0	0	0	0
9	6	1	1	43	2	41	0	0	0	0	0	0	0	0	0	0	0	0	0	0
9	6	1	1	43	1	42	0	0	0	0	0	0	0	0	0	0	0	0	0	0
9	6	1	1	43	0	43	0	0	0	0	0	0	0	0	0	0	0	0	0	0
9	6	1	1	44	44	0	9	9	4	5	9	3	8	8	6	9	10	9	9	1
9	6	1	1	44	43	1	4	0	10	6	6	10	0	10	8	10	5	0	8	5
9	6	1	1	44	42	2	0	0	0	5	4	1	8	0	9	3	10	2	9	0
9	6	1	1	44	41	3	3	0	9	10	2	1	1	8	10	8	1	2	1	1
9	6	1	1	44	40	4	10	7	3	3	10	8	5	3	5	0	2	4	3	6
9	6	1	1	44	39	5	7	3	6	5	6	7	7	7	4	9	1	2	6	2
9	6	1	1	44	38	6	7	7	10	4	4	7	0	6	3	7	2	5	7	1
9	6	1	1	44	37	7	2	8	7	6	9	2	7	8	6	3	2	2	5	0
9	6	1	1	44	36	8	8	7	6	6	2	3	1	7	4	5	7	6	1	0
9	6	1	1	44	35	9	0	2	2	7	9	7	8	6	1	2	6	6	3	5
9	6	1	1	44	34	10	10	10	1	7	6	9	6	4	5	3	8	10	10	6
9	6	1	1	44	33	11	9	1	8	9	2	5	4	0	9	1	3	5	8	5
9	6	1	1	44	32	12	3	5	3	10	1	7	0	1	10	7	1	3	6	2
9	6	1	1	44	31	13	7	0	10	1	7	10	1	9	0	6	2	3	0	8
9	6	1	1	44	30	14	8	4	6	5	8	10	9	7	2	9	6	10	9	7
9	6	1	1	44	29	15	1	3	0	6	1	3	0	9	7	2	10	6	6	4
9	6	1	1	44	28	16	4	3	5	5	1	0	8	6	3	0	9	5	5	1
9	6	1	1	44	27	17	10	6	3	8	0	6	2	1	6	10	0	0	7	7
9	6	1	1	44	26	18	5	2	2	1	3	5	2	5	9	0	9	1	8	9
9	6	1	1	44	25	19	7	5	4	6	0	8	5	0	4	8	4	1	9	9
9	6	1	1	44	24	20	9	10	3	5	2	4	4	6	8	10	2	7	7	1
9	6	1	1	44	23	21	5	7	5	10	6	1	2	10	10	1	7	2	7	6
9	6	1	1	44	22	22	10	7	9	4	2	7	8	2	5	5	8	8	2	6
9	6	1	1	44	21	23	9	3	7	1	10	0	9	1	10	7	6	8	4	0
9	6	1	1	44	20	24	10	8	3	9	8	6	0	5	7	1	5	5	2	8
9	6	1	1	44	19	25	3	6	6	8	8	6	7	8	10	8	5	4	9	6
9	6	1	1	44	18	26	6	10	7	3	3	5	0	9	10	7	8	1	9	2
9	6	1	1	44	17	27	7	6	6	4	5	2	9	6	8	1	0	6	7	4
9	6	1	1	44	16	28	0	0	5	4	9	4	9	6	7	4	9	0	0	5
9	6	1	1	44	15	29	1	0	10	1	7	1	0	1	1	10	0	4	3	7
9	6	1	1	44	14	30	9	10	4	3	8	5	4	3	3	9	0	5	5	4
9	6	1	1	44	13	31	7	1	4	1	2	0	6	7	4	1	4	8	6	6
9	6	1	1	44	12	32	0	9	9	10	2	2	9	1	2	9	8	6	5	8
9	6	1	1	44	11	33	5	7	4	10	7	2	6	8	10	3	0	7	4	5
9	6	1	1	44	10	34	0	0	0	0	0	0	0	0	0	0	0	0	0	0
9	6	1	1	44	9	35	0	0	0	0	0	0	0	0	0	0	0	0	0	0
9	6	1	1	44	8	36	0	0	0	0	0	0	0	0	0	0	0	0	0	0
9	6	1	1	44	7	37	0	0	0	0	0	0	0	0	0	0	0	0	0	0
9	6	1	1	44	6	38	0	0	0	0	0	0	0	0	0	0	0	0	0	0
9	6	1	1	44	5	39	0	0	0	0	0	0	0	0	0	0	0	0	0	0
9	6	1	1	44	4	40	0	0	0	0	0	0	0	0	0	0	0	0	0	0
9	6	1	1	44	3	41	0	0	0	0	0	0	0	0	0	0	0	0	0	0
9	6	1	1	44	2	42	0	0	0	0	0	0	0	0	0	0	0	0	0	0
9	6	1	1	44	1	43	0	0	0	0	0	0	0	0	0	0	0	0	0	0
9	6	1	1	44	0	44	0	0	0	0	0	0	0	0	0	0	0	0	0	0
9	6	1	1	45	45	0	0	1	10	9	7	10	7	3	7	7	10	6	3	1
9	6	1	1	45	44	1	9	8	3	6	3	9	8	1	1	0	8	5	7	0
9	6	1	1	45	43	2	3	6	8	1	4	7	4	9	4	10	7	10	1	6
9	6	1	1	45	42	3	2	9	0	10	0	1	2	10	0	0	10	7	0	4
9	6	1	1	45	41	4	2	3	10	10	4	6	9	6	10	6	0	0	7	7
9	6	1	1	45	40	5	3	3	6	1	3	3	10	10	8	4	6	9	8	5
9	6	1	1	45	39	6	1	8	4	5	4	10	3	8	9	6	5	5	2	8
9	6	1	1	45	38	7	8	4	8	0	8	8	7	10	5	3	2	7	7	0
9	6	1	1	45	37	8	0	8	9	7	0	0	8	0	1	1	7	9	10	6
9	6	1	1	45	36	9	3	10	7	10	3	1	10	0	1	7	10	3	8	8
9	6	1	1	45	35	10	10	4	8	3	6	7	3	9	4	3	7	0	4	10
9	6	1	1	45	34	11	0	7	7	2	9	4	4	0	5	9	6	6	8	4
9	6	1	1	45	33	12	7	2	5	5	0	0	4	3	3	7	8	3	10	4
9	6	1	1	45	32	13	7	0	9	10	6	3	0	9	3	2	1	0	0	10
9	6	1	1	45	31	14	5	7	6	1	7	7	2	7	4	4	2	10	0	2
9	6	1	1	45	30	15	3	9	10	10	4	9	2	0	6	1	8	0	9	1
9	6	1	1	45	29	16	10	6	3	2	6	4	9	2	2	5	1	7	7	9
9	6	1	1	45	28	17	9	9	7	4	4	3	0	3	6	6	7	5	6	1
9	6	1	1	45	27	18	10	3	0	8	2	1	10	5	10	2	6	2	4	8
9	6	1	1	45	26	19	4	10	8	6	4	9	0	5	3	9	10	2	9	1
9	6	1	1	45	25	20	7	8	5	1	7	0	3	3	1	6	8	5	10	7
9	6	1	1	45	24	21	9	8	6	1	6	6	6	0	0	5	10	8	7	8
9	6	1	1	45	23	22	6	1	9	5	2	6	6	3	2	0	10	2	5	8
9	6	1	1	45	22	23	10	2	4	6	10	8	1	1	7	7	8	2	6	3
9	6	1	1	45	21	24	7	8	3	4	0	8	7	9	3	0	5	7	6	4
9	6	1	1	45	20	25	0	10	3	10	3	0	9	6	0	4	7	6	1	9
9	6	1	1	45	19	26	2	1	8	3	4	6	1	4	8	4	5	8	2	0
9	6	1	1	45	18	27	0	1	5	3	9	3	0	6	10	1	8	1	2	3
9	6	1	1	45	17	28	8	8	10	3	10	10	10	3	6	10	7	1	3	4
9	6	1	1	45	16	29	10	1	0	1	6	8	4	8	7	0	9	9	7	1
9	6	1	1	45	15	30	3	1	0	9	3	4	9	1	7	2	5	6	2	5
9	6	1	1	45	14	31	4	2	7	9	8	1	4	9	0	2	0	9	1	4
9	6	1	1	45	13	32	10	8	2	10	1	4	8	2	4	8	6	9	6	1
9	6	1	1	45	12	33	4	9	1	6	9	2	2	2	7	5	0	5	4	2
9	6	1	1	45	11	34	10	3	8	9	3	4	1	5	9	6	0	3	8	10
9	6	1	1	45	10	35	0	0	0	0	0	0	0	0	0	0	0	0	0	0
9	6	1	1	45	9	36	0	0	0	0	0	0	0	0	0	0	0	0	0	0
9	6	1	1	45	8	37	0	0	0	0	0	0	0	0	0	0	0	0	0	0
9	6	1	1	45	7	38	0	0	0	0	0	0	0	0	0	0	0	0	0	0
9	6	1	1	45	6	39	0	0	0	0	0	0	0	0	0	0	0	0	0	0
9	6	1	1	45	5	40	0	0	0	0	0	0	0	0	0	0	0	0	0	0
9	6	1	1	45	4	41	0	0	0	0	0	0	0	0	0	0	0	0	0	0
9	6	1	1	45	3	42	0	0	0	0	0	0	0	0	0	0	0	0	0	0
9	6	1	1	45	2	43	0	0	0	0	0	0	0	0	0	0	0	0	0	0
9	6	1	1	45	1	44	0	0	0	0	0	0	0	0	0	0	0	0	0	0
9	6	1	1	45	0	45	0	0	0	0	0	0	0	0	0	0	0	0	0	0
10	6	2	1	48	48	0	7	9	4	2	10	1	1	5	7	6	8	8	10	9
10	6	2	1	48	47	1	10	2	2	2	5	2	3	6	6	7	8	3	4	10
10	6	2	1	48	46	2	1	9	0	0	8	7	4	4	6	9	1	7	7	7
10	6	2	1	48	45	3	8	5	1	2	4	1	5	9	0	2	10	2	4	6
10	6	2	1	48	44	4	3	8	9	9	4	3	3	5	0	4	9	0	4	0
10	6	2	1	48	43	5	1	10	1	6	6	9	8	4	0	0	4	9	7	6
10	6	2	1	48	42	6	6	3	4	7	3	1	3	1	8	3	2	5	4	2
10	6	2	1	48	41	7	5	1	3	0	4	3	3	7	6	2	9	1	10	2
10	6	2	1	48	40	8	6	3	2	4	8	8	6	0	7	9	0	9	7	3
10	6	2	1	48	39	9	1	2	9	3	0	0	9	5	0	7	7	0	1	7
10	6	2	1	48	38	10	5	0	4	6	4	9	5	8	2	9	9	0	9	0
10	6	2	1	48	37	11	8	8	8	6	6	1	5	10	5	4	10	6	8	5
10	6	2	1	48	36	12	0	4	8	2	8	3	3	0	9	2	5	2	0	6
10	6	2	1	48	35	13	2	6	8	5	7	3	0	3	1	4	2	8	6	8
10	6	2	1	48	34	14	9	9	5	4	3	2	4	0	9	5	3	7	1	8
10	6	2	1	48	33	15	1	0	7	6	2	9	9	6	7	7	4	4	6	8
10	6	2	1	48	32	16	7	4	7	6	5	7	10	0	5	7	5	6	5	2
10	6	2	1	48	31	17	10	1	2	7	6	5	10	9	2	3	8	7	4	5
10	6	2	1	48	30	18	9	2	3	5	10	10	6	6	6	5	4	2	2	4
10	6	2	1	48	29	19	3	3	0	10	1	3	5	5	0	5	8	1	10	4
10	6	2	1	48	28	20	4	2	2	7	5	3	5	2	3	10	0	8	7	4
10	6	2	1	48	27	21	5	7	8	9	4	7	10	9	10	7	3	7	4	2
10	6	2	1	48	26	22	1	5	2	8	10	7	1	3	2	7	7	5	7	7
10	6	2	1	48	25	23	4	5	7	4	7	7	7	3	10	0	6	1	2	10
10	6	2	1	48	24	24	6	2	1	4	7	5	5	2	10	1	4	8	1	5
10	6	2	1	48	23	25	9	4	10	0	7	2	7	2	10	7	3	3	10	7
10	6	2	1	48	22	26	8	2	4	4	6	3	6	10	4	0	7	2	6	7
10	6	2	1	48	21	27	8	3	8	6	7	1	7	10	2	8	7	7	4	8
10	6	2	1	48	20	28	6	2	1	4	10	2	2	7	0	7	0	0	10	4
10	6	2	1	48	19	29	2	8	10	8	3	10	4	7	4	0	9	1	3	5
10	6	2	1	48	18	30	1	9	4	7	6	10	6	2	7	9	10	0	7	8
10	6	2	1	48	17	31	8	6	8	2	1	9	1	8	4	4	6	7	6	3
10	6	2	1	48	16	32	8	9	6	9	2	6	8	7	9	9	9	9	4	10
10	6	2	1	48	15	33	7	7	7	3	10	6	2	4	7	6	0	3	8	3
10	6	2	1	48	14	34	7	5	1	4	5	6	7	10	1	7	3	5	6	10
10	6	2	1	48	13	35	9	4	3	5	6	1	5	1	0	1	5	4	2	1
10	6	2	1	48	12	36	0	2	3	1	3	8	3	6	3	10	7	5	10	10
10	6	2	1	48	11	37	6	4	7	1	4	9	5	3	1	8	0	4	7	9
10	6	2	1	48	10	38	0	0	0	0	0	0	0	0	0	0	0	0	0	0
10	6	2	1	48	9	39	0	0	0	0	0	0	0	0	0	0	0	0	0	0
10	6	2	1	48	8	40	0	0	0	0	0	0	0	0	0	0	0	0	0	0
10	6	2	1	48	7	41	0	0	0	0	0	0	0	0	0	0	0	0	0	0
10	6	2	1	48	6	42	0	0	0	0	0	0	0	0	0	0	0	0	0	0
10	6	2	1	48	5	43	0	0	0	0	0	0	0	0	0	0	0	0	0	0
10	6	2	1	48	4	44	0	0	0	0	0	0	0	0	0	0	0	0	0	0
10	6	2	1	48	3	45	0	0	0	0	0	0	0	0	0	0	0	0	0	0
10	6	2	1	48	2	46	0	0	0	0	0	0	0	0	0	0	0	0	0	0
10	6	2	1	48	1	47	0	0	0	0	0	0	0	0	0	0	0	0	0	0
10	6	2	1	48	0	48	0	0	0	0	0	0	0	0	0	0	0	0	0	0
10	6	2	1	49	49	0	4	9	0	7	3	9	10	1	8	8	4	3	7	10
10	6	2	1	49	48	1	3	10	9	7	4	10	7	8	5	0	0	5	2	1
10	6	2	1	49	47	2	9	8	3	3	3	6	0	7	10	1	3	0	7	1
10	6	2	1	49	46	3	10	2	9	3	6	4	1	4	3	6	5	10	3	0
10	6	2	1	49	45	4	10	8	10	4	0	6	1	0	3	5	8	10	2	6
10	6	2	1	49	44	5	1	0	6	2	1	3	5	5	8	5	6	5	2	0
10	6	2	1	49	43	6	8	4	7	3	6	7	4	9	1	3	6	0	6	6
10	6	2	1	49	42	7	5	0	5	5	6	5	8	5	3	0	3	8	10	3
10	6	2	1	49	41	8	4	3	3	3	3	6	6	5	3	3	6	8	3	10
10	6	2	1	49	40	9	1	1	3	0	5	9	9	7	8	9	2	3	2	8
10	6	2	1	49	39	10	3	10	8	1	8	9	7	7	8	8	4	9	3	6
10	6	2	1	49	38	11	10	10	9	6	6	3	4	7	1	4	4	10	6	10
10	6	2	1	49	37	12	5	6	3	5	7	2	3	5	10	10	0	6	6	4
10	6	2	1	49	36	13	7	6	7	6	1	0	1	7	9	0	1	3	9	0
10	6	2	1	49	35	14	1	8	5	4	2	2	9	0	7	10	2	3	3	3
10	6	2	1	49	34	15	7	1	4	9	0	8	10	4	7	4	4	7	9	7
10	6	2	1	49	33	16	8	1	0	2	6	3	1	6	2	5	3	5	4	8
10	6	2	1	49	32	17	1	4	3	4	0	2	1	6	8	6	7	0	1	5
10	6	2	1	49	31	18	8	2	5	10	0	7	1	5	6	9	0	3	0	1
10	6	2	1	49	30	19	6	1	0	7	3	3	3	10	8	5	7	7	10	4
10	6	2	1	49	29	20	7	2	1	9	6	9	5	6	4	3	10	2	10	0
10	6	2	1	49	28	21	4	8	3	0	7	6	2	9	6	4	8	4	9	10
10	6	2	1	49	27	22	1	2	9	4	3	10	7	2	5	6	8	1	9	8
10	6	2	1	49	26	23	2	10	7	9	6	2	8	3	2	8	5	4	8	5
10	6	2	1	49	25	24	10	4	1	2	9	6	10	3	4	4	3	2	7	7
10	6	2	1	49	24	25	3	3	7	10	8	2	6	7	2	2	9	0	8	9
10	6	2	1	49	23	26	5	6	0	1	2	1	0	5	3	0	2	6	8	5
10	6	2	1	49	22	27	10	1	2	6	6	3	9	7	7	6	9	9	3	8
10	6	2	1	49	21	28	0	1	9	1	10	3	2	4	5	3	5	5	6	1
10	6	2	1	49	20	29	6	6	1	3	5	7	5	0	4	3	10	2	4	10
10	6	2	1	49	19	30	4	1	3	10	5	0	4	7	5	1	8	0	4	5
10	6	2	1	49	18	31	4	4	8	3	9	10	3	7	1	9	6	1	7	3
10	6	2	1	49	17	32	9	8	9	4	9	8	0	8	0	0	8	5	3	1
10	6	2	1	49	16	33	1	3	10	6	2	2	5	3	1	4	4	5	1	10
10	6	2	1	49	15	34	4	2	10	8	6	8	6	7	10	3	5	5	8	8
10	6	2	1	49	14	35	4	1	9	8	4	9	9	9	7	3	0	7	2	6
10	6	2	1	49	13	36	10	0	2	4	0	5	10	5	8	6	10	9	7	8
10	6	2	1	49	12	37	0	9	2	7	1	8	8	5	3	1	6	8	0	4
10	6	2	1	49	11	38	4	10	1	8	10	6	7	2	8	9	0	10	1	5
10	6	2	1	49	10	39	0	0	0	0	0	0	0	0	0	0	0	0	0	0
10	6	2	1	49	9	40	0	0	0	0	0	0	0	0	0	0	0	0	0	0
10	6	2	1	49	8	41	0	0	0	0	0	0	0	0	0	0	0	0	0	0
10	6	2	1	49	7	42	0	0	0	0	0	0	0	0	0	0	0	0	0	0
10	6	2	1	49	6	43	0	0	0	0	0	0	0	0	0	0	0	0	0	0
10	6	2	1	49	5	44	0	0	0	0	0	0	0	0	0	0	0	0	0	0
10	6	2	1	49	4	45	0	0	0	0	0	0	0	0	0	0	0	0	0	0
10	6	2	1	49	3	46	0	0	0	0	0	0	0	0	0	0	0	0	0	0
10	6	2	1	49	2	47	0	0	0	0	0	0	0	0	0	0	0	0	0	0
10	6	2	1	49	1	48	0	0	0	0	0	0	0	0	0	0	0	0	0	0
10	6	2	1	49	0	49	0	0	0	0	0	0	0	0	0	0	0	0	0	0
10	6	2	1	50	50	0	0	0	7	7	6	2	4	0	1	10	8	0	7	1
10	6	2	1	50	49	1	0	4	6	0	8	4	4	4	3	10	2	1	7	3
10	6	2	1	50	48	2	1	2	0	10	1	8	2	1	7	0	1	6	0	7
10	6	2	1	50	47	3	9	0	8	5	9	1	3	6	9	8	9	2	4	10
10	6	2	1	50	46	4	0	6	8	8	1	0	8	5	3	9	9	6	1	4
10	6	2	1	50	45	5	2	7	6	4	3	6	6	9	8	10	7	7	6	9
10	6	2	1	50	44	6	7	1	2	1	8	4	6	10	1	7	8	10	9	3
10	6	2	1	50	43	7	5	9	2	10	2	4	1	3	8	6	2	9	1	4
10	6	2	1	50	42	8	5	3	1	7	9	4	3	7	6	1	9	7	7	10
10	6	2	1	50	41	9	7	1	1	10	1	8	2	5	5	0	6	0	2	5
10	6	2	1	50	40	10	2	4	0	4	4	10	4	8	1	10	10	4	3	2
10	6	2	1	50	39	11	2	7	1	6	4	0	4	7	7	7	6	4	9	7
10	6	2	1	50	38	12	3	3	8	3	2	5	2	6	1	9	2	3	5	9
10	6	2	1	50	37	13	5	0	9	9	0	7	4	2	10	5	0	0	4	3
10	6	2	1	50	36	14	1	3	0	4	4	3	6	4	3	0	2	9	8	9
10	6	2	1	50	35	15	8	2	4	2	7	8	3	1	2	3	2	7	10	2
10	6	2	1	50	34	16	8	6	9	8	0	3	7	3	1	7	4	2	4	2
10	6	2	1	50	33	17	10	8	2	3	9	7	6	0	9	5	0	9	10	10
10	6	2	1	50	32	18	2	9	9	8	0	6	2	9	1	8	1	10	10	8
10	6	2	1	50	31	19	6	0	3	2	7	4	8	6	6	0	5	5	0	3
10	6	2	1	50	30	20	0	6	6	10	9	10	1	0	1	3	10	4	5	0
10	6	2	1	50	29	21	6	6	8	9	3	3	1	1	9	2	5	3	6	0
10	6	2	1	50	28	22	0	8	8	6	2	0	9	10	0	0	7	10	5	5
10	6	2	1	50	27	23	4	9	6	10	10	6	1	2	1	1	2	5	2	1
10	6	2	1	50	26	24	3	1	4	9	7	4	7	1	4	4	8	5	10	7
10	6	2	1	50	25	25	9	5	2	8	8	9	10	0	10	1	5	8	0	7
10	6	2	1	50	24	26	1	6	4	4	2	7	2	7	10	10	5	5	3	5
10	6	2	1	50	23	27	3	10	5	6	0	8	1	6	2	4	9	8	6	2
10	6	2	1	50	22	28	1	7	2	1	10	5	3	2	2	7	7	7	5	2
10	6	2	1	50	21	29	7	5	4	3	7	3	8	0	7	7	0	1	2	5
10	6	2	1	50	20	30	5	3	10	7	2	1	1	1	2	2	7	0	9	5
10	6	2	1	50	19	31	10	2	1	8	5	7	8	3	3	2	0	0	1	7
10	6	2	1	50	18	32	6	10	0	9	6	5	3	6	1	0	5	3	2	0
10	6	2	1	50	17	33	3	8	1	8	2	1	10	8	1	2	5	9	3	3
10	6	2	1	50	16	34	8	9	3	5	5	1	5	0	5	2	7	9	2	10
10	6	2	1	50	15	35	2	4	7	0	3	0	4	3	8	7	8	9	6	6
10	6	2	1	50	14	36	6	8	6	3	5	8	2	0	2	0	10	2	10	7
10	6	2	1	50	13	37	8	2	6	1	7	6	1	7	10	5	5	9	0	9
10	6	2	1	50	12	38	8	2	0	9	10	1	4	3	6	7	0	4	2	0
10	6	2	1	50	11	39	2	5	6	4	5	3	9	1	4	10	0	5	6	6
10	6	2	1	50	10	40	0	0	0	0	0	0	0	0	0	0	0	0	0	0
10	6	2	1	50	9	41	0	0	0	0	0	0	0	0	0	0	0	0	0	0
10	6	2	1	50	8	42	0	0	0	0	0	0	0	0	0	0	0	0	0	0
10	6	2	1	50	7	43	0	0	0	0	0	0	0	0	0	0	0	0	0	0
10	6	2	1	50	6	44	0	0	0	0	0	0	0	0	0	0	0	0	0	0
10	6	2	1	50	5	45	0	0	0	0	0	0	0	0	0	0	0	0	0	0
10	6	2	1	50	4	46	0	0	0	0	0	0	0	0	0	0	0	0	0	0
10	6	2	1	50	3	47	0	0	0	0	0	0	0	0	0	0	0	0	0	0
10	6	2	1	50	2	48	0	0	0	0	0	0	0	0	0	0	0	0	0	0
10	6	2	1	50	1	49	0	0	0	0	0	0	0	0	0	0	0	0	0	0
10	6	2	1	50	0	50	0	0	0	0	0	0	0	0	0	0	0	0	0	0
11	6	3	2	41	41	0	10	4	1	4	0	7	1	9	10	7	8	8	10	0
11	6	3	2	41	39	1	10	2	10	2	3	2	6	10	3	6	3	4	3	7
11	6	3	2	41	37	2	1	6	1	1	5	5	5	6	2	0	2	8	9	6
11	6	3	2	41	35	3	7	2	10	4	7	2	10	7	8	1	0	3	10	7
11	6	3	2	41	33	4	9	8	0	4	8	8	9	3	4	3	6	3	6	4
11	6	3	2	41	31	5	10	5	5	8	9	8	10	7	1	10	3	7	3	3
11	6	3	2	41	29	6	3	1	8	4	5	0	7	7	0	7	9	6	9	4
11	6	3	2	41	27	7	1	6	6	1	0	1	9	1	10	8	10	3	3	4
11	6	3	2	41	25	8	9	7	6	8	7	1	7	6	6	4	5	5	3	10
11	6	3	2	41	23	9	5	7	10	5	9	3	2	4	2	2	7	9	8	6
11	6	3	2	41	21	10	6	3	0	4	4	9	5	4	8	8	3	7	5	5
11	6	3	2	41	19	11	3	3	4	7	0	9	6	10	9	8	3	10	6	5
11	6	3	2	41	17	12	8	3	0	1	3	0	10	8	0	8	7	4	3	2
11	6	3	2	41	15	13	8	6	7	3	8	10	7	10	0	5	2	7	1	1
11	6	3	2	41	13	14	6	1	0	2	10	9	0	1	7	7	1	3	2	4
11	6	3	2	41	11	15	6	4	7	1	4	9	5	3	1	8	0	4	7	8
11	6	3	2	41	9	16	0	0	0	0	0	0	0	0	0	0	0	0	0	0
11	6	3	2	41	7	17	0	0	0	0	0	0	0	0	0	0	0	0	0	0
11	6	3	2	41	5	18	0	0	0	0	0	0	0	0	0	0	0	0	0	0
11	6	3	2	41	3	19	0	0	0	0	0	0	0	0	0	0	0	0	0	0
11	6	3	2	41	1	20	0	0	0	0	0	0	0	0	0	0	0	0	0	0
11	6	3	2	42	42	0	1	7	10	7	0	4	10	2	1	4	3	3	1	0
11	6	3	2	42	40	1	8	0	8	9	9	7	6	7	5	0	3	2	10	4
11	6	3	2	42	38	2	8	5	10	8	10	0	4	2	8	0	10	0	2	10
11	6	3	2	42	36	3	9	3	2	6	6	1	5	5	10	8	6	4	3	1
11	6	3	2	42	34	4	4	7	2	4	4	9	8	6	2	3	2	10	6	7
11	6	3	2	42	32	5	10	3	1	5	4	8	3	4	7	0	3	3	7	10
11	6	3	2	42	30	6	0	2	10	6	3	10	6	5	4	6	2	2	8	7
11	6	3	2	42	28	7	9	7	7	9	0	10	3	1	10	1	6	5	8	8
11	6	3	2	42	26	8	9	1	3	2	8	3	4	2	4	6	9	6	3	6
11	6	3	2	42	24	9	0	1	3	4	3	2	7	3	10	3	0	3	2	0
11	6	3	2	42	22	10	1	8	5	5	7	4	2	7	7	3	3	1	1	0
11	6	3	2	42	20	11	3	5	8	6	9	7	4	0	6	5	10	6	1	1
11	6	3	2	42	18	12	6	8	9	6	1	5	4	1	2	2	5	1	0	10
11	6	3	2	42	16	13	4	7	9	4	5	3	2	4	4	0	3	7	1	9
11	6	3	2	42	14	14	9	4	5	7	1	8	6	1	4	8	9	5	9	8
11	6	3	2	42	12	15	1	10	0	1	3	10	1	5	9	2	8	4	3	3
11	6	3	2	42	10	16	0	0	0	0	0	0	0	0	0	0	0	0	0	0
11	6	3	2	42	8	17	0	0	0	0	0	0	0	0	0	0	0	0	0	0
11	6	3	2	42	6	18	0	0	0	0	0	0	0	0	0	0	0	0	0	0
11	6	3	2	42	4	19	0	0	0	0	0	0	0	0	0	0	0	0	0	0
11	6	3	2	42	2	20	0	0	0	0	0	0	0	0	0	0	0	0	0	0
11	6	3	2	42	0	21	0	0	0	0	0	0	0	0	0	0	0	0	0	0
11	6	3	2	43	43	0	2	3	9	3	0	8	9	4	2	8	6	6	2	0
11	6	3	2	43	41	1	10	7	4	10	1	6	2	10	8	6	10	2	7	3
11	6	3	2	43	39	2	6	4	4	7	10	2	0	1	3	7	4	1	7	6
11	6	3	2	43	37	3	5	10	5	8	0	0	6	5	1	0	4	1	0	5
11	6	3	2	43	35	4	9	6	3	0	3	5	7	8	10	8	2	10	6	0
11	6	3	2	43	33	5	9	1	6	2	0	0	1	7	4	10	3	5	5	2
11	6	3	2	43	31	6	5	1	0	8	1	4	10	8	0	5	0	9	7	2
11	6	3	2	43	29	7	2	0	3	8	7	10	2	8	10	6	7	2	3	6
11	6	3	2	43	27	8	1	7	3	9	3	5	9	7	9	0	1	8	2	7
11	6	3	2	43	25	9	2	4	7	10	0	4	8	6	0	5	2	4	7	10
11	6	3	2	43	23	10	3	1	8	10	0	3	8	3	0	4	9	8	6	9
11	6	3	2	43	21	11	5	6	8	5	5	2	6	4	4	10	2	10	0	8
11	6	3	2	43	19	12	9	8	6	9	7	3	4	1	2	6	1	10	8	7
11	6	3	2	43	17	13	7	2	0	3	2	8	4	0	6	4	8	4	4	5
11	6	3	2	43	15	14	8	9	2	10	8	0	8	3	1	9	5	2	7	2
11	6	3	2	43	13	15	5	8	9	8	1	7	10	1	7	2	10	9	6	7
11	6	3	2	43	11	16	7	1	10	3	1	5	4	9	3	2	0	1	10	1
11	6	3	2	43	9	17	0	0	0	0	0	0	0	0	0	0	0	0	0	0
11	6	3	2	43	7	18	0	0	0	0	0	0	0	0	0	0	0	0	0	0
11	6	3	2	43	5	19	0	0	0	0	0	0	0	0	0	0	0	0	0	0
11	6	3	2	43	3	20	0	0	0	0	0	0	0	0	0	0	0	0	0	0
11	6	3	2	43	1	21	0	0	0	0	0	0	0	0	0	0	0	0	0	0
12	7	0	1	31	31	0	8	8	6	1	10	1	10	10	7	1	1	2	6	3
12	7	0	1	31	30	1	4	9	3	9	6	9	8	5	8	8	2	1	5	0
12	7	0	1	31	29	2	9	10	1	6	3	3	7	7	10	8	2	0	5	1
12	7	0	1	31	28	3	8	8	1	2	7	9	4	8	9	4	4	4	7	8
12	7	0	1	31	27	4	5	5	10	4	5	1	0	2	1	3	2	5	10	10
12	7	0	1	31	26	5	4	10	7	5	0	9	5	10	6	1	10	1	1	8
12	7	0	1	31	25	6	8	1	6	8	8	9	7	2	5	3	2	9	10	8
12	7	0	1	31	24	7	4	0	8	10	4	8	6	6	10	5	7	10	3	7
12	7	0	1	31	23	8	8	9	4	5	9	1	2	0	0	2	5	7	6	8
12	7	0	1	31	22	9	7	3	6	7	7	2	9	4	8	10	2	2	3	8
12	7	0	1	31	21	10	3	8	0	8	0	4	2	8	3	4	9	8	3	6
12	7	0	1	31	20	11	10	5	10	8	8	0	2	7	10	6	5	3	9	3
12	7	0	1	31	19	12	0	9	2	5	6	7	1	1	4	10	7	8	6	3
12	7	0	1	31	18	13	3	6	4	10	8	4	1	4	4	8	5	6	4	2
12	7	0	1	31	17	14	6	1	10	3	3	0	6	6	4	1	2	1	6	7
12	7	0	1	31	16	15	10	9	2	0	2	1	3	7	3	3	2	7	10	5
12	7	0	1	31	15	16	6	10	5	4	6	9	10	1	2	10	0	6	8	8
12	7	0	1	31	14	17	9	4	4	6	6	4	2	0	7	5	10	2	9	6
12	7	0	1	31	13	18	4	6	4	3	8	8	0	2	5	3	10	7	3	10
12	7	0	1	31	12	19	10	0	9	5	0	3	10	5	10	1	3	5	0	8
12	7	0	1	31	11	20	9	4	1	5	1	7	8	0	5	9	7	2	5	5
12	7	0	1	31	10	21	8	1	7	5	5	9	3	10	6	4	2	6	8	8
12	7	0	1	31	9	22	7	0	4	4	4	6	6	3	5	3	4	3	8	10
12	7	0	1	31	8	23	0	0	0	0	0	0	0	0	0	0	0	0	0	0
12	7	0	1	31	7	24	0	0	0	0	0	0	0	0	0	0	0	0	0	0
12	7	0	1	31	6	25	0	0	0	0	0	0	0	0	0	0	0	0	0	0
12	7	0	1	31	5	26	0	0	0	0	0	0	0	0	0	0	0	0	0	0
12	7	0	1	31	4	27	0	0	0	0	0	0	0	0	0	0	0	0	0	0
12	7	0	1	31	3	28	0	0	0	0	0	0	0	0	0	0	0	0	0	0
12	7	0	1	31	2	29	0	0	0	0	0	0	0	0	0	0	0	0	0	0
12	7	0	1	31	1	30	0	0	0	0	0	0	0	0	0	0	0	0	0	0
12	7	0	1	31	0	31	0	0	0	0	0	0	0	0	0	0	0	0	0	0
12	7	0	1	32	32	0	6	1	9	10	1	9	8	7	5	0	5	7	8	8
12	7	0	1	32	31	1	6	10	5	8	10	5	10	9	1	7	2	6	1	6
12	7	0	1	32	30	2	7	3	6	7	5	5	1	7	8	6	8	2	1	0
12	7	0	1	32	29	3	3	6	5	1	2	10	9	4	1	7	6	8	1	9
12	7	0	1	32	28	4	2	6	7	5	0	3	9	10	8	4	3	4	8	8
12	7	0	1	32	27	5	9	6	6	8	7	2	4	0	9	8	3	5	5	4
12	7	0	1	32	26	6	9	4	6	8	6	4	1	6	1	6	5	6	0	6
12	7	0	1	32	25	7	8	2	10	1	5	5	8	10	3	6	3	0	3	4
12	7	0	1	32	24	8	10	1	0	1	10	4	9	2	9	1	5	6	9	10
12	7	0	1	32	23	9	4	0	4	3	8	2	6	5	2	10	3	1	2	5
12	7	0	1	32	22	10	10	7	10	2	8	0	10	5	8	7	6	10	10	6
12	7	0	1	32	21	11	7	9	1	4	3	10	6	9	6	8	3	6	6	3
12	7	0	1	32	20	12	1	3	10	2	0	5	6	10	3	9	3	7	5	6
12	7	0	1	32	19	13	8	8	5	3	5	9	10	7	2	0	4	7	0	1
12	7	0	1	32	18	14	6	7	6	5	2	2	5	0	2	5	2	9	5	9
12	7	0	1	32	17	15	9	10	3	3	4	8	3	1	5	6	10	10	8	9
12	7	0	1	32	16	16	2	0	4	8	5	1	1	4	1	0	6	5	10	1
12	7	0	1	32	15	17	3	9	10	8	2	1	7	5	0	9	3	10	3	5
12	7	0	1	32	14	18	8	5	8	6	3	10	5	8	0	5	10	1	4	8
12	7	0	1	32	13	19	6	4	2	10	9	4	1	0	7	4	3	4	9	6
12	7	0	1	32	12	20	4	4	1	7	8	2	2	7	2	6	0	7	1	1
12	7	0	1	32	11	21	10	9	4	3	2	5	3	6	3	4	4	2	5	10
12	7	0	1	32	10	22	0	1	4	6	7	5	3	9	5	8	3	8	4	6
12	7	0	1	32	9	23	4	0	7	7	7	5	5	8	6	8	7	8	3	6
12	7	0	1	32	8	24	0	0	0	0	0	0	0	0	0	0	0	0	0	0
12	7	0	1	32	7	25	0	0	0	0	0	0	0	0	0	0	0	0	0	0
12	7	0	1	32	6	26	0	0	0	0	0	0	0	0	0	0	0	0	0	0
12	7	0	1	32	5	27	0	0	0	0	0	0	0	0	0	0	0	0	0	0
12	7	0	1	32	4	28	0	0	0	0	0	0	0	0	0	0	0	0	0	0
12	7	0	1	32	3	29	0	0	0	0	0	0	0	0	0	0	0	0	0	0
12	7	0	1	32	2	30	0	0	0	0	0	0	0	0	0	0	0	0	0	0
12	7	0	1	32	1	31	0	0	0	0	0	0	0	0	0	0	0	0	0	0
12	7	0	1	32	0	32	0	0	0	0	0	0	0	0	0	0	0	0	0	0
12	7	0	1	33	33	0	5	5	1	9	5	7	3	2	8	6	5	10	1	8
12	7	0	1	33	32	1	8	6	5	4	7	0	6	0	7	10	1	7	6	5
12	7	0	1	33	31	2	9	4	1	6	2	9	1	6	0	7	10	6	8	2
12	7	0	1	33	30	3	2	1	10	2	0	6	0	3	6	3	7	6	9	6
12	7	0	1	33	29	4	5	6	6	8	8	2	5	7	7	5	1	3	0	10
12	7	0	1	33	28	5	7	4	10	2	4	2	6	7	2	9	7	9	8	7
12	7	0	1	33	27	6	5	3	7	0	4	4	3	6	9	0	3	5	3	2
12	7	0	1	33	26	7	2	5	0	1	9	4	8	3	10	1	0	8	7	6
12	7	0	1	33	25	8	5	9	10	2	3	6	3	7	1	10	7	8	10	7
12	7	0	1	33	24	9	5	6	3	7	8	6	8	9	0	4	0	6	2	4
12	7	0	1	33	23	10	6	1	7	5	8	6	7	5	1	0	1	10	3	5
12	7	0	1	33	22	11	9	4	3	1	10	4	9	1	0	7	3	4	5	8
12	7	0	1	33	21	12	3	8	7	5	3	5	7	10	0	4	10	9	0	5
12	7	0	1	33	20	13	6	2	1	0	5	4	1	7	2	10	6	6	7	4
12	7	0	1	33	19	14	3	8	7	5	3	10	9	5	0	6	0	10	1	10
12	7	0	1	33	18	15	4	8	1	8	4	7	0	0	0	1	4	2	7	8
12	7	0	1	33	17	16	3	0	0	8	10	9	4	8	2	4	8	8	6	6
12	7	0	1	33	16	17	7	6	1	8	9	1	8	2	2	7	5	5	6	9
12	7	0	1	33	15	18	6	2	7	6	5	9	10	7	7	4	8	1	2	4
12	7	0	1	33	14	19	5	0	9	5	0	2	1	6	3	9	2	2	7	6
12	7	0	1	33	13	20	2	9	8	7	6	0	0	1	8	8	6	8	9	6
12	7	0	1	33	12	21	5	1	0	6	3	3	3	8	10	1	1	7	2	6
12	7	0	1	33	11	22	2	1	7	4	9	8	4	0	6	10	6	8	10	3
12	7	0	1	33	10	23	3	2	3	5	2	3	2	1	4	7	9	2	7	10
12	7	0	1	33	9	24	0	0	0	0	0	0	0	0	0	0	0	0	0	6
12	7	0	1	33	8	25	0	0	0	0	0	0	0	0	0	0	0	0	0	0
12	7	0	1	33	7	26	0	0	0	0	0	0	0	0	0	0	0	0	0	0
12	7	0	1	33	6	27	0	0	0	0	0	0	0	0	0	0	0	0	0	0
12	7	0	1	33	5	28	0	0	0	0	0	0	0	0	0	0	0	0	0	0
12	7	0	1	33	4	29	0	0	0	0	0	0	0	0	0	0	0	0	0	0
12	7	0	1	33	3	30	0	0	0	0	0	0	0	0	0	0	0	0	0	0
12	7	0	1	33	2	31	0	0	0	0	0	0	0	0	0	0	0	0	0	0
12	7	0	1	33	1	32	0	0	0	0	0	0	0	0	0	0	0	0	0	0
12	7	0	1	33	0	33	0	0	0	0	0	0	0	0	0	0	0	0	0	0
13	7	1	1	34	34	0	0	7	6	5	8	4	2	3	0	8	8	2	3	6
13	7	1	1	34	33	1	2	5	3	2	1	3	3	7	0	10	10	7	4	4
13	7	1	1	34	32	2	1	0	10	9	6	10	8	7	3	6	9	2	8	5
13	7	1	1	34	31	3	5	9	4	9	0	5	4	2	2	5	0	9	10	9
13	7	1	1	34	30	4	4	3	8	2	8	7	1	9	3	2	10	0	1	9
13	7	1	1	34	29	5	3	8	0	4	1	0	8	4	1	0	10	1	10	1
13	7	1	1	34	28	6	7	0	3	8	1	4	10	8	6	2	7	10	8	5
13	7	1	1	34	27	7	0	7	3	7	10	4	1	4	8	5	8	1	3	10
13	7	1	1	34	26	8	10	4	8	2	6	7	5	3	2	4	1	0	10	6
13	7	1	1	34	25	9	3	4	4	1	3	2	8	8	3	4	4	5	4	5
13	7	1	1	34	24	10	9	6	8	0	3	6	7	9	6	7	5	2	5	7
13	7	1	1	34	23	11	5	7	7	5	1	4	10	3	0	8	1	4	6	5
13	7	1	1	34	22	12	9	4	8	7	3	9	5	9	9	0	7	5	7	2
13	7	1	1	34	21	13	6	7	0	2	1	5	4	1	5	1	8	9	1	1
13	7	1	1	34	20	14	5	6	1	1	8	3	8	6	10	0	7	5	1	0
13	7	1	1	34	19	15	6	4	10	6	10	2	2	0	0	7	10	1	0	9
13	7	1	1	34	18	16	1	5	7	5	9	5	5	10	6	9	2	10	6	8
13	7	1	1	34	17	17	3	8	7	10	6	7	5	4	0	0	1	0	8	7
13	7	1	1	34	16	18	8	5	6	2	7	5	1	2	2	5	2	6	4	10
13	7	1	1	34	15	19	7	10	1	5	5	3	0	9	2	8	1	10	9	2
13	7	1	1	34	14	20	1	0	8	6	3	4	0	5	8	7	1	10	2	2
13	7	1	1	34	13	21	5	3	0	10	8	8	9	3	6	8	9	2	7	0
13	7	1	1	34	12	22	1	3	6	1	7	0	2	10	10	6	6	3	9	9
13	7	1	1	34	11	23	10	9	8	2	2	7	8	5	5	5	7	7	8	6
13	7	1	1	34	10	24	10	9	0	9	6	3	2	2	1	9	3	7	1	0
13	7	1	1	34	9	25	6	0	5	5	5	2	2	1	9	1	5	1	10	6
13	7	1	1	34	8	26	0	0	0	0	0	0	0	0	0	0	0	0	0	0
13	7	1	1	34	7	27	0	0	0	0	0	0	0	0	0	0	0	0	0	0
13	7	1	1	34	6	28	0	0	0	0	0	0	0	0	0	0	0	0	0	0
13	7	1	1	34	5	29	0	0	0	0	0	0	0	0	0	0	0	0	0	0
13	7	1	1	34	4	30	0	0	0	0	0	0	0	0	0	0	0	0	0	0
13	7	1	1	34	3	31	0	0	0	0	0	0	0	0	0	0	0	0	0	0
13	7	1	1	34	2	32	0	0	0	0	0	0	0	0	0	0	0	0	0	0
13	7	1	1	34	1	33	0	0	0	0	0	0	0	0	0	0	0	0	0	0
13	7	1	1	34	0	34	0	0	0	0	0	0	0	0	0	0	0	0	0	0
13	7	1	1	35	35	0	9	0	2	3	10	0	1	3	2	2	9	0	1	5
13	7	1	1	35	34	1	8	9	7	6	7	7	3	7	1	3	7	2	5	6
13	7	1	1	35	33	2	2	0	1	2	6	2	3	9	0	5	1	2	0	3
13	7	1	1	35	32	3	8	10	4	7	9	7	7	0	10	4	0	4	2	10
13	7	1	1	35	31	4	5	4	5	1	0	10	6	4	2	5	9	3	4	0
13	7	1	1	35	30	5	4	1	10	7	4	2	7	8	10	0	3	1	10	5
13	7	1	1	35	29	6	10	0	10	9	10	5	6	2	3	4	3	9	3	0
13	7	1	1	35	28	7	5	3	10	5	4	3	0	6	6	6	0	7	4	1
13	7	1	1	35	27	8	0	0	3	3	8	3	6	0	1	0	9	7	2	2
13	7	1	1	35	26	9	3	1	0	10	3	4	2	1	5	7	1	4	3	10
13	7	1	1	35	25	10	1	6	6	3	9	3	5	8	4	9	3	0	8	2
13	7	1	1	35	24	11	10	9	6	4	4	1	3	10	2	3	8	8	7	10
13	7	1	1	35	23	12	7	8	7	9	1	3	0	9	1	3	10	2	10	1
13	7	1	1	35	22	13	7	1	0	3	10	4	9	6	1	0	6	1	6	7
13	7	1	1	35	21	14	9	0	2	10	4	4	7	3	2	10	9	2	3	6
13	7	1	1	35	20	15	8	7	9	5	10	1	8	3	10	8	9	0	4	7
13	7	1	1	35	19	16	7	3	10	5	2	9	5	5	5	6	4	1	1	7
13	7	1	1	35	18	17	7	6	9	2	5	6	3	5	8	3	2	1	7	10
13	7	1	1	35	17	18	5	2	2	3	6	10	8	10	1	10	3	7	1	1
13	7	1	1	35	16	19	1	10	7	6	5	9	10	2	10	9	9	0	7	6
13	7	1	1	35	15	20	4	3	4	10	5	5	3	3	2	0	2	8	5	0
13	7	1	1	35	14	21	4	7	7	8	6	7	6	3	9	1	9	2	2	1
13	7	1	1	35	13	22	10	6	4	7	7	10	9	9	4	1	7	8	8	8
13	7	1	1	35	12	23	6	7	5	7	7	10	7	8	8	8	0	2	3	4
13	7	1	1	35	11	24	10	5	3	0	6	0	3	3	10	8	0	8	1	4
13	7	1	1	35	10	25	10	8	7	5	4	4	3	10	8	2	3	5	3	1
13	7	1	1	35	9	26	7	0	4	4	4	6	6	3	5	3	4	3	8	5
13	7	1	1	35	8	27	0	0	0	0	0	0	0	0	0	0	0	0	0	0
13	7	1	1	35	7	28	0	0	0	0	0	0	0	0	0	0	0	0	0	0
13	7	1	1	35	6	29	0	0	0	0	0	0	0	0	0	0	0	0	0	0
13	7	1	1	35	5	30	0	0	0	0	0	0	0	0	0	0	0	0	0	0
13	7	1	1	35	4	31	0	0	0	0	0	0	0	0	0	0	0	0	0	0
13	7	1	1	35	3	32	0	0	0	0	0	0	0	0	0	0	0	0	0	0
13	7	1	1	35	2	33	0	0	0	0	0	0	0	0	0	0	0	0	0	0
13	7	1	1	35	1	34	0	0	0	0	0	0	0	0	0	0	0	0	0	0
13	7	1	1	35	0	35	0	0	0	0	0	0	0	0	0	0	0	0	0	0
13	7	1	1	36	36	0	4	5	9	1	4	6	10	9	0	8	9	8	2	1
13	7	1	1	36	35	1	1	10	6	10	9	1	9	10	9	8	0	6	7	7
13	7	1	1	36	34	2	8	7	0	9	5	2	10	8	6	1	3	0	4	7
13	7	1	1	36	33	3	5	8	8	0	1	9	10	0	5	9	0	8	9	9
13	7	1	1	36	32	4	7	1	8	3	3	9	7	7	10	3	10	8	6	8
13	7	1	1	36	31	5	9	7	8	4	9	7	8	10	7	3	1	1	2	0
13	7	1	1	36	30	6	5	6	4	2	10	1	9	9	7	5	6	6	2	1
13	7	1	1	36	29	7	1	4	5	3	4	10	2	10	3	0	9	6	2	2
13	7	1	1	36	28	8	7	10	3	0	8	2	7	3	5	8	5	2	8	3
13	7	1	1	36	27	9	7	8	6	9	0	5	1	6	9	8	1	8	1	10
13	7	1	1	36	26	10	0	2	10	10	3	1	0	4	3	9	8	1	0	3
13	7	1	1	36	25	11	0	7	4	7	5	1	0	9	5	10	9	2	3	0
13	7	1	1	36	24	12	1	6	0	2	3	2	8	0	2	5	8	1	6	6
13	7	1	1	36	23	13	10	1	2	2	2	8	4	2	4	0	2	6	6	5
13	7	1	1	36	22	14	5	3	10	5	5	4	1	0	8	9	3	5	2	8
13	7	1	1	36	21	15	10	9	2	0	8	4	10	9	4	9	3	9	1	0
13	7	1	1	36	20	16	1	3	9	8	5	5	10	9	2	10	9	9	6	9
13	7	1	1	36	19	17	4	0	3	2	1	10	6	6	3	9	7	10	6	4
13	7	1	1	36	18	18	6	4	3	5	3	4	2	6	2	4	9	1	9	7
13	7	1	1	36	17	19	8	1	2	3	10	5	6	3	10	8	1	8	5	2
13	7	1	1	36	16	20	1	8	7	1	4	1	2	1	6	8	2	8	3	5
13	7	1	1	36	15	21	6	10	5	3	10	2	4	5	5	3	4	6	7	7
13	7	1	1	36	14	22	7	10	2	10	4	10	4	8	2	7	10	6	2	4
13	7	1	1	36	13	23	2	6	3	2	7	0	2	6	8	2	6	8	2	9
13	7	1	1	36	12	24	4	9	10	6	10	5	1	6	8	7	3	6	2	0
13	7	1	1	36	11	25	0	5	9	5	10	8	1	2	9	6	0	6	10	9
13	7	1	1	36	10	26	4	2	2	7	9	8	9	1	9	7	6	1	9	9
13	7	1	1	36	9	27	6	0	5	5	5	2	2	1	9	1	5	1	10	0
13	7	1	1	36	8	28	0	0	0	0	0	0	0	0	0	0	0	0	0	0
13	7	1	1	36	7	29	0	0	0	0	0	0	0	0	0	0	0	0	0	0
13	7	1	1	36	6	30	0	0	0	0	0	0	0	0	0	0	0	0	0	0
13	7	1	1	36	5	31	0	0	0	0	0	0	0	0	0	0	0	0	0	0
13	7	1	1	36	4	32	0	0	0	0	0	0	0	0	0	0	0	0	0	0
13	7	1	1	36	3	33	0	0	0	0	0	0	0	0	0	0	0	0	0	0
13	7	1	1	36	2	34	0	0	0	0	0	0	0	0	0	0	0	0	0	0
13	7	1	1	36	1	35	0	0	0	0	0	0	0	0	0	0	0	0	0	0
13	7	1	1	36	0	36	0	0	0	0	0	0	0	0	0	0	0	0	0	0
14	7	2	1	39	39	0	2	10	2	9	5	9	0	4	1	8	6	5	0	3
14	7	2	1	39	38	1	4	9	2	0	5	6	0	6	10	6	7	8	5	5
14	7	2	1	39	37	2	3	9	0	5	9	0	1	0	5	0	6	5	2	2
14	7	2	1	39	36	3	4	4	3	0	7	2	0	9	8	1	3	6	3	6
14	7	2	1	39	35	4	8	1	0	1	8	2	5	7	2	3	1	5	1	4
14	7	2	1	39	34	5	4	10	9	6	8	1	5	6	8	7	0	1	10	0
14	7	2	1	39	33	6	8	10	10	7	8	1	8	4	1	0	3	8	3	0
14	7	2	1	39	32	7	2	3	3	1	5	4	3	1	3	5	1	8	5	9
14	7	2	1	39	31	8	3	9	4	1	8	9	5	0	9	10	3	1	6	9
14	7	2	1	39	30	9	0	7	3	2	1	4	9	3	6	0	2	1	5	9
14	7	2	1	39	29	10	10	4	2	10	3	9	10	3	1	4	10	6	6	9
14	7	2	1	39	28	11	2	8	10	5	4	8	9	9	5	5	0	8	10	1
14	7	2	1	39	27	12	6	1	5	0	5	2	5	6	4	2	2	7	1	0
14	7	2	1	39	26	13	5	7	5	10	1	1	7	3	2	3	2	8	0	1
14	7	2	1	39	25	14	7	10	0	10	6	9	1	8	3	9	9	5	3	8
14	7	2	1	39	24	15	4	0	3	7	7	1	5	2	6	5	5	6	3	1
14	7	2	1	39	23	16	1	2	10	6	8	5	8	1	8	9	6	0	10	8
14	7	2	1	39	22	17	4	10	3	8	2	2	2	10	2	9	2	4	6	3
14	7	2	1	39	21	18	1	0	4	9	3	1	10	8	5	1	10	9	10	7
14	7	2	1	39	20	19	4	0	0	4	3	1	9	2	6	0	4	9	7	4
14	7	2	1	39	19	20	5	3	2	7	0	3	2	8	9	7	2	2	5	10
14	7	2	1	39	18	21	6	2	8	0	9	10	7	4	10	0	3	4	7	6
14	7	2	1	39	17	22	6	0	10	4	9	0	0	5	4	9	8	10	3	1
14	7	2	1	39	16	23	8	0	7	5	4	1	6	10	1	3	7	1	6	1
14	7	2	1	39	15	24	5	7	1	9	0	9	6	6	0	10	0	4	7	3
14	7	2	1	39	14	25	10	3	4	4	9	4	3	7	0	8	4	3	9	2
14	7	2	1	39	13	26	10	8	8	10	7	1	9	10	8	0	0	1	2	3
14	7	2	1	39	12	27	6	7	3	5	4	8	0	10	5	0	4	0	10	10
14	7	2	1	39	11	28	2	10	7	1	0	8	3	5	2	6	7	8	2	3
14	7	2	1	39	10	29	0	10	10	3	8	2	8	7	2	3	10	10	8	4
14	7	2	1	39	9	30	8	0	3	3	3	10	10	5	1	5	3	5	6	1
14	7	2	1	39	8	31	0	0	0	0	0	0	0	0	0	0	0	0	0	0
14	7	2	1	39	7	32	0	0	0	0	0	0	0	0	0	0	0	0	0	0
14	7	2	1	39	6	33	0	0	0	0	0	0	0	0	0	0	0	0	0	0
14	7	2	1	39	5	34	0	0	0	0	0	0	0	0	0	0	0	0	0	0
14	7	2	1	39	4	35	0	0	0	0	0	0	0	0	0	0	0	0	0	0
14	7	2	1	39	3	36	0	0	0	0	0	0	0	0	0	0	0	0	0	0
14	7	2	1	39	2	37	0	0	0	0	0	0	0	0	0	0	0	0	0	0
14	7	2	1	39	1	38	0	0	0	0	0	0	0	0	0	0	0	0	0	0
14	7	2	1	39	0	39	0	0	0	0	0	0	0	0	0	0	0	0	0	0
14	7	2	1	40	40	0	0	5	5	0	1	6	4	8	3	2	1	4	7	6
14	7	2	1	40	39	1	9	8	9	5	7	4	7	3	9	7	3	3	0	0
14	7	2	1	40	38	2	10	4	1	6	2	10	3	2	8	9	1	4	1	3
14	7	2	1	40	37	3	1	10	8	1	10	10	7	7	3	8	9	0	1	9
14	7	2	1	40	36	4	1	1	10	3	2	2	5	10	9	9	6	7	10	1
14	7	2	1	40	35	5	2	9	7	4	7	3	10	4	3	0	9	2	4	1
14	7	2	1	40	34	6	3	1	0	1	8	1	8	5	7	7	1	1	10	10
14	7	2	1	40	33	7	0	6	8	7	10	7	9	7	2	10	6	2	4	0
14	7	2	1	40	32	8	10	8	1	2	9	6	7	4	0	7	0	2	2	2
14	7	2	1	40	31	9	8	0	9	4	5	5	3	1	7	6	9	1	0	2
14	7	2	1	40	30	10	7	10	7	0	2	5	6	3	3	0	5	7	6	10
14	7	2	1	40	29	11	5	5	7	0	1	6	3	10	8	3	1	7	9	7
14	7	2	1	40	28	12	2	0	7	4	8	3	7	2	2	5	6	9	9	1
14	7	2	1	40	27	13	1	5	5	3	1	0	3	8	9	8	2	4	4	5
14	7	2	1	40	26	14	10	3	0	1	8	1	0	8	6	4	9	0	0	1
14	7	2	1	40	25	15	7	5	8	9	0	4	5	0	7	2	2	6	7	2
14	7	2	1	40	24	16	5	10	10	5	5	9	10	6	8	1	8	0	6	2
14	7	2	1	40	23	17	9	2	3	0	4	1	3	2	7	9	5	7	6	10
14	7	2	1	40	22	18	7	1	3	10	1	9	8	0	3	6	8	1	1	9
14	7	2	1	40	21	19	9	2	8	0	10	9	0	2	8	3	1	0	5	9
14	7	2	1	40	20	20	8	3	5	4	2	5	8	0	2	7	9	2	10	8
14	7	2	1	40	19	21	0	5	5	7	8	4	0	7	8	5	1	2	2	5
14	7	2	1	40	18	22	9	10	6	2	3	10	1	5	9	8	10	5	3	9
14	7	2	1	40	17	23	7	8	4	8	0	1	4	9	9	2	7	3	9	4
14	7	2	1	40	16	24	2	1	5	8	7	2	3	9	1	7	9	9	5	7
14	7	2	1	40	15	25	7	9	0	3	5	0	1	1	9	1	10	4	0	6
14	7	2	1	40	14	26	6	7	8	2	9	4	7	5	0	2	9	9	3	3
14	7	2	1	40	13	27	8	4	3	5	2	3	5	1	2	2	8	7	10	10
14	7	2	1	40	12	28	5	10	2	6	0	7	5	2	7	9	9	4	5	2
14	7	2	1	40	11	29	5	0	3	3	7	6	10	4	8	10	1	3	0	1
14	7	2	1	40	10	30	7	10	0	3	6	9	3	8	10	2	3	0	8	7
14	7	2	1	40	9	31	5	0	6	6	6	9	9	10	2	10	6	10	1	3
14	7	2	1	40	8	32	0	0	0	0	0	0	0	0	0	0	0	0	0	0
14	7	2	1	40	7	33	0	0	0	0	0	0	0	0	0	0	0	0	0	0
14	7	2	1	40	6	34	0	0	0	0	0	0	0	0	0	0	0	0	0	0
14	7	2	1	40	5	35	0	0	0	0	0	0	0	0	0	0	0	0	0	0
14	7	2	1	40	4	36	0	0	0	0	0	0	0	0	0	0	0	0	0	0
14	7	2	1	40	3	37	0	0	0	0	0	0	0	0	0	0	0	0	0	0
14	7	2	1	40	2	38	0	0	0	0	0	0	0	0	0	0	0	0	0	0
14	7	2	1	40	1	39	0	0	0	0	0	0	0	0	0	0	0	0	0	0
14	7	2	1	40	0	40	0	0	0	0	0	0	0	0	0	0	0	0	0	0
14	7	2	1	41	41	0	0	3	7	5	0	2	5	3	10	5	9	8	2	6
14	7	2	1	41	40	1	7	6	10	4	6	2	4	2	7	3	5	8	9	1
14	7	2	1	41	39	2	8	4	3	0	9	3	4	1	7	5	1	7	9	3
14	7	2	1	41	38	3	3	3	8	3	6	4	10	7	6	3	8	1	5	9
14	7	2	1	41	37	4	8	3	7	5	0	9	9	2	7	3	0	3	3	2
14	7	2	1	41	36	5	1	1	7	0	3	7	10	3	4	4	10	1	9	5
14	7	2	1	41	35	6	4	3	8	10	3	3	3	6	9	2	4	3	3	2
14	7	2	1	41	34	7	10	2	1	7	9	0	6	7	0	5	0	2	4	2
14	7	2	1	41	33	8	4	4	5	8	2	8	2	8	5	4	4	0	10	3
14	7	2	1	41	32	9	4	7	2	6	10	10	5	3	2	4	1	10	8	2
14	7	2	1	41	31	10	1	10	8	9	0	6	8	3	10	1	8	1	10	2
14	7	2	1	41	30	11	9	9	2	0	0	4	10	4	10	10	9	9	8	2
14	7	2	1	41	29	12	7	0	3	5	2	6	2	9	7	8	10	8	5	8
14	7	2	1	41	28	13	4	2	10	7	3	2	1	8	0	1	0	3	5	6
14	7	2	1	41	27	14	5	10	5	3	8	5	3	8	8	8	5	6	10	8
14	7	2	1	41	26	15	5	0	10	9	10	0	5	2	9	7	7	5	2	6
14	7	2	1	41	25	16	8	4	4	5	2	7	10	2	1	4	6	1	9	10
14	7	2	1	41	24	17	1	4	7	3	5	6	3	3	4	3	7	7	7	1
14	7	2	1	41	23	18	1	5	2	9	2	5	5	5	3	3	6	3	8	9
14	7	2	1	41	22	19	2	9	8	0	9	5	9	7	7	10	8	6	4	1
14	7	2	1	41	21	20	5	3	6	0	7	3	9	6	7	0	2	10	4	5
14	7	2	1	41	20	21	6	4	10	1	9	9	3	8	6	7	4	1	10	7
14	7	2	1	41	19	22	4	4	9	1	6	7	4	1	2	3	1	3	10	1
14	7	2	1	41	18	23	9	9	7	2	7	1	10	2	10	2	3	1	3	8
14	7	2	1	41	17	24	2	0	5	0	10	6	6	10	0	4	4	8	1	9
14	7	2	1	41	16	25	9	1	3	2	2	4	1	2	4	5	2	0	10	3
14	7	2	1	41	15	26	6	0	5	8	10	0	10	9	7	10	1	8	7	5
14	7	2	1	41	14	27	1	7	10	7	3	10	4	3	10	6	4	4	0	4
14	7	2	1	41	13	28	6	4	5	1	10	7	8	4	3	2	3	5	7	4
14	7	2	1	41	12	29	5	5	8	1	6	2	2	3	3	9	7	4	1	7
14	7	2	1	41	11	30	6	10	0	9	9	8	4	4	7	2	8	7	10	3
14	7	2	1	41	10	31	4	7	2	4	2	0	1	3	0	4	10	5	6	10
14	7	2	1	41	9	32	4	0	7	7	7	5	5	8	6	8	7	8	3	8
14	7	2	1	41	8	33	0	0	0	0	0	0	0	0	0	0	0	0	0	0
14	7	2	1	41	7	34	0	0	0	0	0	0	0	0	0	0	0	0	0	0
14	7	2	1	41	6	35	0	0	0	0	0	0	0	0	0	0	0	0	0	0
14	7	2	1	41	5	36	0	0	0	0	0	0	0	0	0	0	0	0	0	0
14	7	2	1	41	4	37	0	0	0	0	0	0	0	0	0	0	0	0	0	0
14	7	2	1	41	3	38	0	0	0	0	0	0	0	0	0	0	0	0	0	0
14	7	2	1	41	2	39	0	0	0	0	0	0	0	0	0	0	0	0	0	0
14	7	2	1	41	1	40	0	0	0	0	0	0	0	0	0	0	0	0	0	0
14	7	2	1	41	0	41	0	0	0	0	0	0	0	0	0	0	0	0	0	0
15	7	3	1	45	45	0	3	10	6	8	5	7	6	4	0	3	5	5	7	3
15	7	3	1	45	44	1	8	4	10	8	1	4	10	6	3	2	7	6	6	10
15	7	3	1	45	43	2	4	1	4	2	7	6	10	0	9	6	7	2	2	10
15	7	3	1	45	42	3	6	2	5	10	10	4	6	6	0	4	5	3	5	6
15	7	3	1	45	41	4	10	0	7	9	2	6	9	4	10	0	0	1	6	10
15	7	3	1	45	40	5	0	1	9	1	8	4	4	1	4	10	4	1	7	3
15	7	3	1	45	39	6	4	7	1	4	7	1	6	9	1	7	3	5	10	5
15	7	3	1	45	38	7	3	7	9	2	1	9	3	3	10	6	4	3	2	1
15	7	3	1	45	37	8	2	0	8	2	9	5	9	1	10	3	5	8	1	1
15	7	3	1	45	36	9	5	8	10	4	2	5	0	4	0	3	3	5	5	0
15	7	3	1	45	35	10	2	1	4	1	7	0	5	2	3	5	0	6	3	9
15	7	3	1	45	34	11	10	5	10	9	8	1	2	3	7	0	8	3	1	4
15	7	3	1	45	33	12	3	3	5	3	7	8	6	2	4	5	7	6	1	3
15	7	3	1	45	32	13	6	5	5	5	9	3	10	6	0	5	2	10	10	8
15	7	3	1	45	31	14	1	9	5	0	6	5	4	0	7	2	2	8	7	0
15	7	3	1	45	30	15	10	7	7	10	0	8	9	3	2	0	2	2	10	6
15	7	3	1	45	29	16	2	4	1	4	7	1	10	4	8	10	8	0	10	3
15	7	3	1	45	28	17	8	0	0	5	8	8	2	8	5	4	4	9	5	9
15	7	3	1	45	27	18	5	7	10	5	6	2	3	5	3	8	3	4	7	2
15	7	3	1	45	26	19	7	3	0	2	4	2	3	2	4	7	0	7	1	7
15	7	3	1	45	25	20	1	9	4	0	3	3	6	6	5	1	3	6	6	9
15	7	3	1	45	24	21	7	3	7	6	6	9	1	2	9	3	5	2	5	0
15	7	3	1	45	23	22	6	4	0	9	10	0	7	4	4	3	0	3	3	0
15	7	3	1	45	22	23	4	6	1	2	5	6	0	10	6	0	9	3	8	5
15	7	3	1	45	21	24	9	10	9	9	9	9	5	10	8	8	7	4	3	7
15	7	3	1	45	20	25	0	3	4	9	10	3	4	2	10	0	7	0	5	6
15	7	3	1	45	19	26	8	0	7	1	5	2	1	1	2	5	5	7	4	7
15	7	3	1	45	18	27	4	4	6	1	4	10	4	0	9	5	8	7	4	5
15	7	3	1	45	17	28	6	0	7	0	6	7	2	9	7	2	4	5	7	5
15	7	3	1	45	16	29	10	7	2	0	6	9	0	8	5	2	3	3	4	1
15	7	3	1	45	15	30	10	2	7	6	7	5	5	3	1	9	10	2	8	3
15	7	3	1	45	14	31	1	10	7	1	0	0	3	7	8	0	9	0	4	2
15	7	3	1	45	13	32	2	1	9	0	8	6	6	5	10	5	1	4	2	0
15	7	3	1	45	12	33	9	5	0	4	5	9	10	7	1	10	1	9	3	5
15	7	3	1	45	11	34	3	9	0	0	10	6	6	2	4	4	9	6	4	8
15	7	3	1	45	10	35	10	8	9	7	5	8	6	2	4	10	1	7	5	7
15	7	3	1	45	9	36	4	0	7	7	7	5	5	8	6	8	7	8	3	7
15	7	3	1	45	8	37	0	0	0	0	0	0	0	0	0	0	0	0	0	0
15	7	3	1	45	7	38	0	0	0	0	0	0	0	0	0	0	0	0	0	0
15	7	3	1	45	6	39	0	0	0	0	0	0	0	0	0	0	0	0	0	0
15	7	3	1	45	5	40	0	0	0	0	0	0	0	0	0	0	0	0	0	0
15	7	3	1	45	4	41	0	0	0	0	0	0	0	0	0	0	0	0	0	0
15	7	3	1	45	3	42	0	0	0	0	0	0	0	0	0	0	0	0	0	0
15	7	3	1	45	2	43	0	0	0	0	0	0	0	0	0	0	0	0	0	0
15	7	3	1	45	1	44	0	0	0	0	0	0	0	0	0	0	0	0	0	0
15	7	3	1	45	0	45	0	0	0	0	0	0	0	0	0	0	0	0	0	0
15	7	3	1	46	46	0	0	2	2	4	9	7	4	2	3	5	6	6	8	8
15	7	3	1	46	45	1	5	9	7	0	0	6	0	6	3	4	9	4	4	0
15	7	3	1	46	44	2	9	9	4	2	8	1	3	5	9	4	9	5	2	7
15	7	3	1	46	43	3	2	9	0	9	3	8	6	9	3	2	4	4	4	6
15	7	3	1	46	42	4	4	5	4	8	7	9	2	7	9	3	9	6	2	6
15	7	3	1	46	41	5	3	5	2	9	4	9	10	3	6	4	0	7	4	9
15	7	3	1	46	40	6	0	5	10	5	6	7	3	10	10	1	3	0	0	2
15	7	3	1	46	39	7	10	4	8	1	8	0	2	8	8	7	6	1	4	7
15	7	3	1	46	38	8	3	0	7	4	2	9	6	7	7	3	7	4	5	10
15	7	3	1	46	37	9	4	2	10	9	6	0	6	3	0	1	0	0	1	8
15	7	3	1	46	36	10	5	7	7	3	10	4	2	8	6	2	1	9	1	9
15	7	3	1	46	35	11	6	4	9	4	9	3	4	9	2	0	9	0	9	3
15	7	3	1	46	34	12	8	7	7	8	4	8	5	10	1	8	7	2	6	0
15	7	3	1	46	33	13	7	0	0	5	3	5	4	7	9	2	1	2	6	1
15	7	3	1	46	32	14	0	7	10	3	3	6	3	5	8	0	10	2	5	9
15	7	3	1	46	31	15	3	0	8	9	0	1	10	8	5	3	1	9	8	1
15	7	3	1	46	30	16	0	1	9	1	7	9	7	6	0	2	8	10	10	1
15	7	3	1	46	29	17	4	0	7	7	1	8	1	8	3	2	9	4	9	5
15	7	3	1	46	28	18	2	2	5	1	10	10	7	5	6	8	0	2	9	7
15	7	3	1	46	27	19	10	8	6	1	1	7	6	8	7	0	1	1	7	8
15	7	3	1	46	26	20	9	7	7	2	5	5	5	5	4	6	9	4	4	9
15	7	3	1	46	25	21	3	10	9	5	3	6	10	1	1	0	9	3	8	6
15	7	3	1	46	24	22	2	1	3	5	0	1	9	1	4	5	0	2	4	8
15	7	3	1	46	23	23	0	6	2	1	4	7	5	7	3	0	5	1	6	7
15	7	3	1	46	22	24	3	4	5	4	0	9	5	3	7	2	8	2	7	10
15	7	3	1	46	21	25	9	6	2	8	10	3	8	1	3	4	3	3	4	0
15	7	3	1	46	20	26	6	5	5	4	0	1	8	9	7	3	9	10	5	10
15	7	3	1	46	19	27	0	0	10	1	6	8	7	7	4	7	5	6	1	8
15	7	3	1	46	18	28	7	3	4	8	7	4	0	9	7	9	4	3	8	3
15	7	3	1	46	17	29	7	3	3	1	7	1	10	3	3	0	1	2	5	3
15	7	3	1	46	16	30	0	3	10	3	6	7	6	7	10	7	0	9	2	0
15	7	3	1	46	15	31	0	1	5	1	3	5	3	0	6	6	3	8	6	2
15	7	3	1	46	14	32	1	9	1	3	3	6	5	9	10	4	8	9	9	8
15	7	3	1	46	13	33	6	6	6	1	9	0	6	7	2	1	5	0	0	7
15	7	3	1	46	12	34	3	2	1	1	4	9	3	5	7	0	0	10	1	1
15	7	3	1	46	11	35	10	6	9	0	10	9	7	7	6	9	9	10	4	2
15	7	3	1	46	10	36	7	2	7	10	8	1	9	3	9	10	4	9	10	6
15	7	3	1	46	9	37	7	0	4	4	4	6	6	3	5	3	4	3	8	10
15	7	3	1	46	8	38	0	0	0	0	0	0	0	0	0	0	0	0	0	0
15	7	3	1	46	7	39	0	0	0	0	0	0	0	0	0	0	0	0	0	0
15	7	3	1	46	6	40	0	0	0	0	0	0	0	0	0	0	0	0	0	0
15	7	3	1	46	5	41	0	0	0	0	0	0	0	0	0	0	0	0	0	0
15	7	3	1	46	4	42	0	0	0	0	0	0	0	0	0	0	0	0	0	0
15	7	3	1	46	3	43	0	0	0	0	0	0	0	0	0	0	0	0	0	0
15	7	3	1	46	2	44	0	0	0	0	0	0	0	0	0	0	0	0	0	0
15	7	3	1	46	1	45	0	0	0	0	0	0	0	0	0	0	0	0	0	0
15	7	3	1	46	0	46	0	0	0	0	0	0	0	0	0	0	0	0	0	0
15	7	3	1	47	47	0	1	6	0	1	6	3	1	3	2	6	2	7	4	2
15	7	3	1	47	46	1	8	6	4	4	0	3	1	5	5	4	9	3	2	10
15	7	3	1	47	45	2	8	1	7	1	7	10	9	8	9	3	10	6	8	3
15	7	3	1	47	44	3	6	7	10	9	0	8	10	5	8	5	10	7	3	5
15	7	3	1	47	43	4	2	1	0	1	5	8	6	9	0	5	1	10	9	10
15	7	3	1	47	42	5	0	7	5	8	3	5	9	0	9	1	7	5	4	1
15	7	3	1	47	41	6	10	6	7	6	4	9	2	3	7	5	2	9	7	3
15	7	3	1	47	40	7	10	4	3	3	1	3	7	1	6	1	10	10	4	8
15	7	3	1	47	39	8	6	3	3	3	2	6	5	2	6	0	7	7	2	2
15	7	3	1	47	38	9	9	10	8	6	8	7	2	2	7	0	2	0	9	3
15	7	3	1	47	37	10	10	4	10	10	3	0	5	7	1	6	10	9	5	7
15	7	3	1	47	36	11	6	9	5	1	10	3	5	8	0	2	3	1	8	1
15	7	3	1	47	35	12	6	10	6	0	5	10	6	4	10	6	1	5	5	6
15	7	3	1	47	34	13	5	9	2	2	2	4	2	0	5	10	9	2	9	9
15	7	3	1	47	33	14	9	5	7	6	7	9	1	6	4	3	9	10	4	8
15	7	3	1	47	32	15	8	6	8	5	4	8	8	6	10	3	10	4	9	3
15	7	3	1	47	31	16	6	5	2	0	1	10	8	4	3	2	9	10	5	3
15	7	3	1	47	30	17	10	3	1	4	6	9	0	5	1	0	0	7	6	3
15	7	3	1	47	29	18	2	8	0	1	1	6	0	2	2	7	10	7	3	5
15	7	3	1	47	28	19	0	3	9	2	3	1	1	0	1	2	3	10	3	4
15	7	3	1	47	27	20	8	9	3	4	6	10	9	4	5	9	0	6	3	3
15	7	3	1	47	26	21	4	2	7	9	8	10	0	0	5	0	3	6	6	8
15	7	3	1	47	25	22	8	7	2	10	2	8	4	5	3	2	4	5	9	2
15	7	3	1	47	24	23	7	4	6	2	3	9	9	6	7	3	6	3	5	6
15	7	3	1	47	23	24	3	0	7	10	3	0	4	5	5	4	5	4	0	9
15	7	3	1	47	22	25	5	5	10	3	3	3	1	4	7	3	6	5	5	5
15	7	3	1	47	21	26	9	7	2	4	5	10	10	5	5	2	0	4	8	7
15	7	3	1	47	20	27	4	2	9	3	1	3	6	4	9	0	9	0	4	1
15	7	3	1	47	19	28	0	5	10	8	10	10	6	3	0	5	0	2	7	3
15	7	3	1	47	18	29	1	6	9	8	1	6	2	3	7	9	9	9	7	7
15	7	3	1	47	17	30	10	2	4	6	4	2	9	2	10	2	6	5	8	7
15	7	3	1	47	16	31	2	4	1	0	4	5	9	8	5	1	0	5	0	3
15	7	3	1	47	15	32	1	5	7	10	9	3	5	9	6	9	10	5	7	9
15	7	3	1	47	14	33	5	5	0	1	10	7	9	2	7	9	4	1	7	4
15	7	3	1	47	13	34	0	1	6	0	4	7	0	9	4	8	1	4	5	3
15	7	3	1	47	12	35	9	10	6	5	6	8	2	6	2	5	4	0	8	5
15	7	3	1	47	11	36	8	10	10	1	9	8	10	8	4	10	3	8	5	10
15	7	3	1	47	10	37	2	10	0	2	3	3	5	0	9	6	6	8	10	0
15	7	3	1	47	9	38	7	0	4	4	4	6	6	3	5	3	4	3	8	9
15	7	3	1	47	8	39	0	0	0	0	0	0	0	0	0	0	0	0	0	0
15	7	3	1	47	7	40	0	0	0	0	0	0	0	0	0	0	0	0	0	0
15	7	3	1	47	6	41	0	0	0	0	0	0	0	0	0	0	0	0	0	0
15	7	3	1	47	5	42	0	0	0	0	0	0	0	0	0	0	0	0	0	0
15	7	3	1	47	4	43	0	0	0	0	0	0	0	0	0	0	0	0	0	0
15	7	3	1	47	3	44	0	0	0	0	0	0	0	0	0	0	0	0	0	0
15	7	3	1	47	2	45	0	0	0	0	0	0	0	0	0	0	0	0	0	0
15	7	3	1	47	1	46	0	0	0	0	0	0	0	0	0	0	0	0	0	0
15	7	3	1	47	0	47	0	0	0	0	0	0	0	0	0	0	0	0	0	0
16	8	0	1	25	25	0	10	1	6	10	6	3	5	0	4	5	9	1	5	2
16	8	0	1	25	24	1	7	4	10	1	1	0	8	2	2	0	9	3	5	5
16	8	0	1	25	23	2	1	0	4	4	4	0	8	1	6	4	2	3	3	8
16	8	0	1	25	22	3	4	10	3	10	8	1	8	8	9	3	6	2	7	0
16	8	0	1	25	21	4	1	2	8	5	8	8	8	7	1	8	1	9	4	8
16	8	0	1	25	20	5	10	7	2	1	8	4	6	8	0	1	6	5	2	3
16	8	0	1	25	19	6	0	2	7	3	1	7	8	0	2	8	2	4	9	2
16	8	0	1	25	18	7	0	4	0	8	1	4	9	2	9	3	5	6	8	10
16	8	0	1	25	17	8	6	1	7	5	8	1	7	9	4	2	1	9	10	2
16	8	0	1	25	16	9	3	1	5	2	3	6	7	1	1	6	1	5	4	5
16	8	0	1	25	15	10	8	8	5	4	8	3	4	1	7	8	5	2	8	0
16	8	0	1	25	14	11	1	4	4	10	6	3	2	9	7	9	10	10	5	0
16	8	0	1	25	13	12	7	7	4	9	1	2	9	7	10	6	1	6	3	8
16	8	0	1	25	12	13	7	1	4	2	0	6	8	4	8	6	10	8	4	9
16	8	0	1	25	11	14	7	4	1	0	8	7	0	5	5	1	8	2	6	1
16	8	0	1	25	10	15	2	7	2	8	8	8	8	10	4	8	3	6	6	1
16	8	0	1	25	9	16	10	8	0	5	7	4	0	10	1	4	7	8	10	2
16	8	0	1	25	8	17	0	0	0	0	0	0	0	0	0	0	0	0	0	0
16	8	0	1	25	7	18	0	0	0	0	0	0	0	0	0	0	0	0	0	0
16	8	0	1	25	6	19	0	0	0	0	0	0	0	0	0	0	0	0	0	0
16	8	0	1	25	5	20	0	0	0	0	0	0	0	0	0	0	0	0	0	0
16	8	0	1	25	4	21	0	0	0	0	0	0	0	0	0	0	0	0	0	0
16	8	0	1	25	3	22	0	0	0	0	0	0	0	0	0	0	0	0	0	0
16	8	0	1	25	2	23	0	0	0	0	0	0	0	0	0	0	0	0	0	0
16	8	0	1	25	1	24	0	0	0	0	0	0	0	0	0	0	0	0	0	0
16	8	0	1	25	0	25	0	0	0	0	0	0	0	0	0	0	0	0	0	0
16	8	0	1	26	26	0	7	0	9	9	7	4	9	2	5	1	8	4	8	4
16	8	0	1	26	25	1	7	8	1	2	6	5	7	9	7	5	4	3	4	9
16	8	0	1	26	24	2	1	0	7	5	2	7	8	2	7	9	7	6	7	5
16	8	0	1	26	23	3	8	8	6	6	4	5	0	10	1	1	2	3	5	7
16	8	0	1	26	22	4	6	6	6	9	9	2	3	10	6	8	9	0	0	2
16	8	0	1	26	21	5	6	4	10	10	2	6	9	9	9	1	0	4	10	9
16	8	0	1	26	20	6	6	10	7	3	10	10	3	8	8	5	6	9	4	4
16	8	0	1	26	19	7	2	5	6	2	2	9	0	2	4	0	10	10	5	4
16	8	0	1	26	18	8	5	3	2	2	0	8	1	10	10	8	7	7	5	5
16	8	0	1	26	17	9	10	8	1	1	1	10	6	2	5	6	3	9	7	9
16	8	0	1	26	16	10	4	9	6	1	0	10	2	7	1	5	1	8	3	0
16	8	0	1	26	15	11	6	9	2	7	8	7	4	5	3	7	1	5	3	8
16	8	0	1	26	14	12	0	3	0	3	6	6	2	4	1	8	3	1	0	8
16	8	0	1	26	13	13	9	7	5	4	10	5	0	4	10	7	2	5	4	7
16	8	0	1	26	12	14	1	8	2	0	2	7	3	6	5	0	7	0	4	5
16	8	0	1	26	11	15	10	6	0	0	0	7	6	5	8	6	2	0	9	4
16	8	0	1	26	10	16	5	0	5	4	4	1	5	9	6	9	5	1	3	2
16	8	0	1	26	9	17	8	2	5	6	0	9	3	7	2	4	0	9	4	4
16	8	0	1	26	8	18	0	0	0	0	0	0	0	0	0	0	0	0	0	0
16	8	0	1	26	7	19	0	0	0	0	0	0	0	0	0	0	0	0	0	0
16	8	0	1	26	6	20	0	0	0	0	0	0	0	0	0	0	0	0	0	0
16	8	0	1	26	5	21	0	0	0	0	0	0	0	0	0	0	0	0	0	0
16	8	0	1	26	4	22	0	0	0	0	0	0	0	0	0	0	0	0	0	0
16	8	0	1	26	3	23	0	0	0	0	0	0	0	0	0	0	0	0	0	0
16	8	0	1	26	2	24	0	0	0	0	0	0	0	0	0	0	0	0	0	0
16	8	0	1	26	1	25	0	0	0	0	0	0	0	0	0	0	0	0	0	0
16	8	0	1	26	0	26	0	0	0	0	0	0	0	0	0	0	0	0	0	0
16	8	0	1	27	27	0	3	7	6	4	1	6	9	7	9	6	3	7	4	2
16	8	0	1	27	26	1	9	6	4	8	3	4	3	8	3	5	0	0	10	3
16	8	0	1	27	25	2	2	4	9	2	6	3	8	3	7	5	0	3	7	9
16	8	0	1	27	24	3	5	0	3	7	8	5	3	7	6	7	6	2	5	6
16	8	0	1	27	23	4	3	3	2	1	6	3	3	10	7	8	5	4	5	7
16	8	0	1	27	22	5	0	4	8	6	4	3	10	1	5	5	5	4	2	2
16	8	0	1	27	21	6	5	7	3	7	7	0	10	9	8	2	10	4	1	5
16	8	0	1	27	20	7	4	0	1	5	2	1	8	0	3	9	5	10	2	2
16	8	0	1	27	19	8	3	3	1	2	5	10	4	7	5	9	2	6	5	9
16	8	0	1	27	18	9	5	7	9	1	1	0	2	4	4	10	2	10	8	1
16	8	0	1	27	17	10	3	2	9	1	6	10	0	8	3	10	6	5	6	2
16	8	0	1	27	16	11	10	9	4	1	1	1	0	1	4	6	10	0	6	2
16	8	0	1	27	15	12	1	1	9	9	10	5	3	3	5	5	6	2	4	10
16	8	0	1	27	14	13	10	2	2	2	2	4	5	10	2	4	0	1	2	6
16	8	0	1	27	13	14	7	1	8	7	5	7	5	1	3	10	9	2	5	9
16	8	0	1	27	12	15	2	0	3	8	7	0	0	6	8	9	9	10	0	7
16	8	0	1	27	11	16	7	9	5	3	7	0	9	4	1	4	3	0	9	7
16	8	0	1	27	10	17	1	7	8	3	6	2	7	8	3	0	10	7	6	10
16	8	0	1	27	9	18	4	3	2	7	8	10	1	7	5	9	6	5	6	10
16	8	0	1	27	8	19	0	0	0	0	0	0	0	0	0	0	0	0	0	0
16	8	0	1	27	7	20	0	0	0	0	0	0	0	0	0	0	0	0	0	0
16	8	0	1	27	6	21	0	0	0	0	0	0	0	0	0	0	0	0	0	0
16	8	0	1	27	5	22	0	0	0	0	0	0	0	0	0	0	0	0	0	0
16	8	0	1	27	4	23	0	0	0	0	0	0	0	0	0	0	0	0	0	0
16	8	0	1	27	3	24	0	0	0	0	0	0	0	0	0	0	0	0	0	0
16	8	0	1	27	2	25	0	0	0	0	0	0	0	0	0	0	0	0	0	0
16	8	0	1	27	1	26	0	0	0	0	0	0	0	0	0	0	0	0	0	0
16	8	0	1	27	0	27	0	0	0	0	0	0	0	0	0	0	0	0	0	0
17	8	1	1	28	28	0	6	0	1	1	1	8	2	3	1	8	1	2	2	10
17	8	1	1	28	27	1	8	0	6	5	7	1	1	1	10	1	4	6	8	10
17	8	1	1	28	26	2	2	1	7	9	1	7	3	8	2	8	4	8	5	9
17	8	1	1	28	25	3	0	1	0	9	6	2	10	10	8	0	5	6	7	2
17	8	1	1	28	24	4	9	2	2	6	8	7	10	5	5	0	6	0	2	10
17	8	1	1	28	23	5	7	2	9	1	4	10	0	4	7	5	0	4	9	2
17	8	1	1	28	22	6	9	8	6	0	4	6	9	3	7	1	3	7	9	4
17	8	1	1	28	21	7	8	1	1	9	4	9	5	6	2	1	7	8	0	0
17	8	1	1	28	20	8	8	6	8	5	3	2	4	4	10	6	5	6	9	2
17	8	1	1	28	19	9	6	6	1	6	4	5	2	1	3	9	3	1	7	4
17	8	1	1	28	18	10	0	9	10	6	1	6	3	0	2	10	6	8	5	2
17	8	1	1	28	17	11	7	8	1	0	6	4	2	6	3	3	0	0	7	10
17	8	1	1	28	16	12	2	0	0	5	9	5	5	6	1	10	1	8	10	0
17	8	1	1	28	15	13	10	0	5	5	9	10	3	0	0	9	0	4	5	7
17	8	1	1	28	14	14	9	10	10	0	3	10	7	3	3	7	9	4	7	9
17	8	1	1	28	13	15	4	7	7	4	10	4	10	5	1	10	6	3	2	0
17	8	1	1	28	12	16	1	2	4	10	4	2	5	6	3	1	4	3	10	10
17	8	1	1	28	11	17	2	9	10	6	8	8	3	2	0	6	10	10	2	6
17	8	1	1	28	10	18	4	10	1	4	1	6	0	0	9	2	7	3	5	6
17	8	1	1	28	9	19	7	5	2	7	1	4	5	8	1	5	6	1	3	7
17	8	1	1	28	8	20	0	0	0	0	0	0	0	0	0	0	0	0	0	0
17	8	1	1	28	7	21	0	0	0	0	0	0	0	0	0	0	0	0	0	0
17	8	1	1	28	6	22	0	0	0	0	0	0	0	0	0	0	0	0	0	0
17	8	1	1	28	5	23	0	0	0	0	0	0	0	0	0	0	0	0	0	0
17	8	1	1	28	4	24	0	0	0	0	0	0	0	0	0	0	0	0	0	0
17	8	1	1	28	3	25	0	0	0	0	0	0	0	0	0	0	0	0	0	0
17	8	1	1	28	2	26	0	0	0	0	0	0	0	0	0	0	0	0	0	0
17	8	1	1	28	1	27	0	0	0	0	0	0	0	0	0	0	0	0	0	0
17	8	1	1	28	0	28	0	0	0	0	0	0	0	0	0	0	0	0	0	0
17	8	1	1	29	29	0	0	8	0	3	9	6	10	6	2	3	3	5	1	2
17	8	1	1	29	28	1	6	6	7	6	10	3	2	6	9	1	3	7	7	4
17	8	1	1	29	27	2	0	7	0	3	8	1	6	9	8	2	2	10	7	7
17	8	1	1	29	26	3	5	10	10	4	2	0	7	1	4	3	5	6	10	10
17	8	1	1	29	25	4	7	8	3	7	7	4	10	5	3	8	3	9	9	5
17	8	1	1	29	24	5	6	0	0	5	9	5	8	4	2	4	6	4	0	4
17	8	1	1	29	23	6	2	4	4	6	2	7	8	0	1	10	1	8	6	9
17	8	1	1	29	22	7	10	3	1	6	2	1	4	3	3	1	6	8	7	10
17	8	1	1	29	21	8	10	2	10	1	10	0	9	0	10	3	1	1	8	6
17	8	1	1	29	20	9	9	5	3	9	5	9	10	8	4	2	6	2	1	8
17	8	1	1	29	19	10	7	7	3	4	10	2	9	5	8	1	7	0	9	5
17	8	1	1	29	18	11	6	0	4	10	7	1	4	6	4	6	3	9	6	3
17	8	1	1	29	17	12	7	9	8	9	7	0	4	3	6	8	10	5	9	10
17	8	1	1	29	16	13	7	8	10	2	7	4	7	3	8	5	6	1	5	5
17	8	1	1	29	15	14	2	8	3	5	5	9	3	7	6	9	7	8	7	9
17	8	1	1	29	14	15	6	6	0	3	6	4	6	1	4	0	1	4	10	10
17	8	1	1	29	13	16	4	1	0	0	10	1	5	4	2	3	3	7	3	4
17	8	1	1	29	12	17	7	0	10	7	1	3	7	5	7	5	5	10	9	4
17	8	1	1	29	11	18	5	9	4	0	6	3	7	10	10	10	0	3	5	10
17	8	1	1	29	10	19	2	9	7	9	8	2	8	1	4	8	2	6	0	6
17	8	1	1	29	9	20	1	5	5	10	1	7	5	10	3	3	10	9	5	0
17	8	1	1	29	8	21	0	0	0	0	0	0	0	0	0	0	0	0	0	0
17	8	1	1	29	7	22	0	0	0	0	0	0	0	0	0	0	0	0	0	0
17	8	1	1	29	6	23	0	0	0	0	0	0	0	0	0	0	0	0	0	0
17	8	1	1	29	5	24	0	0	0	0	0	0	0	0	0	0	0	0	0	0
17	8	1	1	29	4	25	0	0	0	0	0	0	0	0	0	0	0	0	0	0
17	8	1	1	29	3	26	0	0	0	0	0	0	0	0	0	0	0	0	0	0
17	8	1	1	29	2	27	0	0	0	0	0	0	0	0	0	0	0	0	0	0
17	8	1	1	29	1	28	0	0	0	0	0	0	0	0	0	0	0	0	0	0
17	8	1	1	29	0	29	0	0	0	0	0	0	0	0	0	0	0	0	0	0
17	8	1	1	30	30	0	3	1	7	5	4	10	8	7	6	9	0	9	6	7
17	8	1	1	30	29	1	7	1	2	9	9	5	3	5	9	7	3	9	5	7
17	8	1	1	30	28	2	8	9	7	9	0	2	1	2	6	9	7	3	7	3
17	8	1	1	30	27	3	3	4	1	2	0	0	6	2	5	1	1	3	9	10
17	8	1	1	30	26	4	8	2	6	1	3	10	10	8	10	9	4	1	1	5
17	8	1	1	30	25	5	5	0	4	8	5	9	0	3	8	4	2	5	5	5
17	8	1	1	30	24	6	3	4	3	2	1	3	9	9	9	0	7	6	10	10
17	8	1	1	30	23	7	10	7	6	10	5	9	3	6	0	3	8	8	8	5
17	8	1	1	30	22	8	6	10	4	0	9	6	9	0	0	5	7	6	6	9
17	8	1	1	30	21	9	9	2	3	6	4	3	7	0	8	8	8	6	10	1
17	8	1	1	30	20	10	6	3	2	9	7	1	2	10	7	8	3	5	9	6
17	8	1	1	30	19	11	10	9	1	10	7	3	7	9	1	3	9	7	5	10
17	8	1	1	30	18	12	3	0	7	4	6	3	1	1	9	3	8	5	3	8
17	8	1	1	30	17	13	3	9	0	1	6	3	10	0	10	9	4	3	1	7
17	8	1	1	30	16	14	10	4	2	8	4	3	4	0	5	9	6	7	4	10
17	8	1	1	30	15	15	9	0	1	8	0	8	6	3	1	9	0	1	1	1
17	8	1	1	30	14	16	0	6	9	10	10	10	7	0	10	8	9	9	6	8
17	8	1	1	30	13	17	7	10	4	10	7	9	4	7	9	8	2	8	3	9
17	8	1	1	30	12	18	5	3	0	8	8	10	2	2	9	6	1	6	1	6
17	8	1	1	30	11	19	2	8	9	7	2	1	3	8	5	4	0	9	5	9
17	8	1	1	30	10	20	3	1	0	3	6	6	8	3	7	8	8	7	0	9
17	8	1	1	30	9	21	0	1	5	3	10	4	4	4	7	5	9	1	0	8
17	8	1	1	30	8	22	0	0	0	0	0	0	0	0	0	0	0	0	0	0
17	8	1	1	30	7	23	0	0	0	0	0	0	0	0	0	0	0	0	0	0
17	8	1	1	30	6	24	0	0	0	0	0	0	0	0	0	0	0	0	0	0
17	8	1	1	30	5	25	0	0	0	0	0	0	0	0	0	0	0	0	0	0
17	8	1	1	30	4	26	0	0	0	0	0	0	0	0	0	0	0	0	0	0
17	8	1	1	30	3	27	0	0	0	0	0	0	0	0	0	0	0	0	0	0
17	8	1	1	30	2	28	0	0	0	0	0	0	0	0	0	0	0	0	0	0
17	8	1	1	30	1	29	0	0	0	0	0	0	0	0	0	0	0	0	0	0
17	8	1	1	30	0	30	0	0	0	0	0	0	0	0	0	0	0	0	0	0
18	8	2	1	33	33	0	4	6	8	9	6	9	2	8	1	10	7	10	9	5
18	8	2	1	33	32	1	9	10	9	0	10	7	0	3	7	4	8	6	5	6
18	8	2	1	33	31	2	4	9	0	6	4	7	8	6	7	2	9	2	8	10
18	8	2	1	33	30	3	10	1	5	10	5	4	3	6	1	0	2	10	1	3
18	8	2	1	33	29	4	10	7	8	7	7	3	6	9	10	6	5	3	6	8
18	8	2	1	33	28	5	6	10	0	7	3	7	6	6	5	1	1	3	8	9
18	8	2	1	33	27	6	8	8	8	10	0	5	9	9	10	7	0	3	10	8
18	8	2	1	33	26	7	2	9	4	5	3	9	8	1	5	8	8	6	2	3
18	8	2	1	33	25	8	0	10	8	5	8	1	0	10	2	8	1	9	9	7
18	8	2	1	33	24	9	5	7	2	4	4	1	10	10	1	7	6	7	5	0
18	8	2	1	33	23	10	6	0	1	6	7	10	2	0	4	7	3	9	7	7
18	8	2	1	33	22	11	0	10	4	7	0	3	0	0	4	5	1	2	5	3
18	8	2	1	33	21	12	5	3	6	1	4	2	2	3	0	4	2	10	3	3
18	8	2	1	33	20	13	5	1	6	10	9	9	7	5	0	0	6	1	6	7
18	8	2	1	33	19	14	10	7	8	6	7	1	3	10	4	2	10	8	8	3
18	8	2	1	33	18	15	4	7	0	9	6	2	7	5	5	5	0	0	6	0
18	8	2	1	33	17	16	10	2	7	2	10	8	2	1	9	6	10	2	4	4
18	8	2	1	33	16	17	4	3	5	8	3	9	0	2	3	0	7	10	6	6
18	8	2	1	33	15	18	6	10	7	6	9	9	7	9	9	6	1	6	4	8
18	8	2	1	33	14	19	4	8	2	2	7	3	0	7	1	5	5	7	6	7
18	8	2	1	33	13	20	3	1	8	8	9	9	9	2	1	4	3	2	4	9
18	8	2	1	33	12	21	3	7	5	2	8	10	10	1	8	4	7	8	9	2
18	8	2	1	33	11	22	0	8	8	6	8	7	2	8	3	3	8	0	8	8
18	8	2	1	33	10	23	0	0	6	8	6	1	5	3	6	9	3	3	2	1
18	8	2	1	33	9	24	3	8	8	7	9	7	6	3	5	4	10	2	8	7
18	8	2	1	33	8	25	0	0	0	0	0	0	0	0	0	0	0	0	0	0
18	8	2	1	33	7	26	0	0	0	0	0	0	0	0	0	0	0	0	0	0
18	8	2	1	33	6	27	0	0	0	0	0	0	0	0	0	0	0	0	0	0
18	8	2	1	33	5	28	0	0	0	0	0	0	0	0	0	0	0	0	0	0
18	8	2	1	33	4	29	0	0	0	0	0	0	0	0	0	0	0	0	0	0
18	8	2	1	33	3	30	0	0	0	0	0	0	0	0	0	0	0	0	0	0
18	8	2	1	33	2	31	0	0	0	0	0	0	0	0	0	0	0	0	0	0
18	8	2	1	33	1	32	0	0	0	0	0	0	0	0	0	0	0	0	0	0
18	8	2	1	33	0	33	0	0	0	0	0	0	0	0	0	0	0	0	0	0
18	8	2	1	34	34	0	5	8	3	7	5	10	6	7	10	7	9	1	1	7
18	8	2	1	34	33	1	3	1	4	9	5	1	3	8	5	5	9	6	2	2
18	8	2	1	34	32	2	9	0	8	3	2	0	1	6	5	6	2	8	8	5
18	8	2	1	34	31	3	5	7	6	5	8	3	4	10	10	8	3	9	3	6
18	8	2	1	34	30	4	2	6	9	9	5	7	7	7	6	4	8	4	6	3
18	8	2	1	34	29	5	3	8	4	9	5	6	4	9	5	1	1	0	4	2
18	8	2	1	34	28	6	9	1	3	2	4	0	3	4	3	5	2	3	1	8
18	8	2	1	34	27	7	9	9	9	5	5	3	8	1	5	8	10	6	4	8
18	8	2	1	34	26	8	6	5	5	6	8	10	3	10	10	7	8	8	7	3
18	8	2	1	34	25	9	2	3	1	10	0	2	6	7	0	7	6	1	6	6
18	8	2	1	34	24	10	3	9	8	7	3	1	2	9	2	3	8	3	0	3
18	8	2	1	34	23	11	4	1	1	7	2	2	8	2	3	4	5	8	6	10
18	8	2	1	34	22	12	9	7	0	8	2	6	6	9	4	3	7	3	9	10
18	8	2	1	34	21	13	1	0	3	3	7	4	2	2	9	9	5	3	10	0
18	8	2	1	34	20	14	8	8	3	6	4	3	4	9	8	0	9	2	10	9
18	8	2	1	34	19	15	6	8	9	5	2	8	9	9	10	4	7	7	3	2
18	8	2	1	34	18	16	2	6	7	1	10	0	2	10	0	2	7	1	3	2
18	8	2	1	34	17	17	9	6	7	9	8	8	6	1	4	1	8	5	5	8
18	8	2	1	34	16	18	2	7	0	4	5	2	10	8	4	4	6	7	7	6
18	8	2	1	34	15	19	1	4	10	6	3	8	4	1	3	9	7	4	2	4
18	8	2	1	34	14	20	1	7	1	0	3	1	9	4	4	5	4	0	1	8
18	8	2	1	34	13	21	3	7	7	2	8	5	1	9	10	3	0	8	2	1
18	8	2	1	34	12	22	1	3	4	10	2	1	5	5	7	1	8	3	9	1
18	8	2	1	34	11	23	8	7	0	0	0	3	0	9	2	2	10	5	10	3
18	8	2	1	34	10	24	5	5	7	5	9	9	6	9	0	7	2	0	2	7
18	8	2	1	34	9	25	0	8	10	1	8	6	3	5	7	0	0	10	2	2
18	8	2	1	34	8	26	0	0	0	0	0	0	0	0	0	0	0	0	0	0
18	8	2	1	34	7	27	0	0	0	0	0	0	0	0	0	0	0	0	0	0
18	8	2	1	34	6	28	0	0	0	0	0	0	0	0	0	0	0	0	0	0
18	8	2	1	34	5	29	0	0	0	0	0	0	0	0	0	0	0	0	0	0
18	8	2	1	34	4	30	0	0	0	0	0	0	0	0	0	0	0	0	0	0
18	8	2	1	34	3	31	0	0	0	0	0	0	0	0	0	0	0	0	0	0
18	8	2	1	34	2	32	0	0	0	0	0	0	0	0	0	0	0	0	0	0
18	8	2	1	34	1	33	0	0	0	0	0	0	0	0	0	0	0	0	0	0
18	8	2	1	34	0	34	0	0	0	0	0	0	0	0	0	0	0	0	0	0
18	8	2	1	35	35	0	7	3	10	0	7	8	0	9	7	8	6	4	4	7
18	8	2	1	35	34	1	4	3	1	6	5	9	9	1	5	4	9	2	1	5
18	8	2	1	35	33	2	8	4	3	1	2	0	9	10	3	10	6	10	2	1
18	8	2	1	35	32	3	4	0	1	9	4	6	10	9	2	7	8	0	2	7
18	8	2	1	35	31	4	6	0	5	9	3	5	3	8	6	8	3	2	4	1
18	8	2	1	35	30	5	6	6	5	7	4	8	1	5	0	1	4	3	2	7
18	8	2	1	35	29	6	8	7	2	8	8	1	3	5	2	6	6	4	6	5
18	8	2	1	35	28	7	8	7	3	8	4	0	8	2	10	2	5	6	7	10
18	8	2	1	35	27	8	4	0	4	4	1	6	7	5	3	6	3	9	7	1
18	8	2	1	35	26	9	8	7	3	8	5	8	5	6	9	6	0	8	2	1
18	8	2	1	35	25	10	10	4	9	6	5	7	0	8	7	4	7	3	5	5
18	8	2	1	35	24	11	7	2	4	6	9	2	0	0	0	7	3	6	5	0
18	8	2	1	35	23	12	9	0	7	5	1	2	9	4	3	8	8	8	8	2
18	8	2	1	35	22	13	2	2	8	1	4	0	10	1	4	0	8	5	9	3
18	8	2	1	35	21	14	6	2	4	8	4	8	5	4	8	8	5	9	8	0
18	8	2	1	35	20	15	7	4	5	10	8	0	9	8	1	2	3	0	9	1
18	8	2	1	35	19	16	10	4	1	6	10	0	3	5	3	3	2	2	9	10
18	8	2	1	35	18	17	1	10	0	5	5	9	9	4	1	10	2	2	4	4
18	8	2	1	35	17	18	6	7	3	8	2	2	5	3	1	4	9	8	1	10
18	8	2	1	35	16	19	1	4	5	8	7	4	3	2	8	10	9	9	9	4
18	8	2	1	35	15	20	5	10	3	10	2	1	4	4	10	10	1	4	2	9
18	8	2	1	35	14	21	0	7	0	2	1	4	6	8	5	6	8	4	2	10
18	8	2	1	35	13	22	2	8	3	9	2	3	7	2	7	2	1	10	1	0
18	8	2	1	35	12	23	9	10	4	4	2	7	2	5	8	10	8	9	1	9
18	8	2	1	35	11	24	4	8	8	10	1	7	5	10	1	5	9	4	4	10
18	8	2	1	35	10	25	0	9	7	5	1	7	3	5	8	1	8	9	3	10
18	8	2	1	35	9	26	4	3	0	4	1	9	2	3	1	10	10	0	1	10
18	8	2	1	35	8	27	0	0	0	0	0	0	0	0	0	0	0	0	0	0
18	8	2	1	35	7	28	0	0	0	0	0	0	0	0	0	0	0	0	0	0
18	8	2	1	35	6	29	0	0	0	0	0	0	0	0	0	0	0	0	0	0
18	8	2	1	35	5	30	0	0	0	0	0	0	0	0	0	0	0	0	0	0
18	8	2	1	35	4	31	0	0	0	0	0	0	0	0	0	0	0	0	0	0
18	8	2	1	35	3	32	0	0	0	0	0	0	0	0	0	0	0	0	0	0
18	8	2	1	35	2	33	0	0	0	0	0	0	0	0	0	0	0	0	0	0
18	8	2	1	35	1	34	0	0	0	0	0	0	0	0	0	0	0	0	0	0
18	8	2	1	35	0	35	0	0	0	0	0	0	0	0	0	0	0	0	0	0
19	8	3	1	39	39	0	0	4	1	3	10	2	0	3	8	7	4	1	5	8
19	8	3	1	39	38	1	1	5	1	6	10	6	5	1	7	5	9	1	3	5
19	8	3	1	39	37	2	10	6	4	10	4	8	0	8	5	4	7	2	5	7
19	8	3	1	39	36	3	10	8	7	7	10	3	10	7	5	10	3	8	5	1
19	8	3	1	39	35	4	3	4	3	5	6	7	4	3	5	0	4	8	5	5
19	8	3	1	39	34	5	6	10	6	2	2	6	4	6	1	1	1	1	2	9
19	8	3	1	39	33	6	6	5	8	0	3	10	1	5	5	6	2	6	7	2
19	8	3	1	39	32	7	10	3	3	6	2	8	1	4	10	8	1	4	9	3
19	8	3	1	39	31	8	10	1	7	6	8	9	9	2	6	5	2	10	4	10
19	8	3	1	39	30	9	6	4	2	2	1	9	3	3	10	6	2	0	4	3
19	8	3	1	39	29	10	10	2	9	2	8	7	7	10	6	1	7	2	2	9
19	8	3	1	39	28	11	1	8	10	7	7	4	5	7	2	7	6	9	3	8
19	8	3	1	39	27	12	2	2	6	6	0	4	9	2	7	2	9	7	8	5
19	8	3	1	39	26	13	6	0	2	7	8	7	10	4	2	2	10	0	7	1
19	8	3	1	39	25	14	0	6	4	6	7	6	8	3	2	3	5	9	10	7
19	8	3	1	39	24	15	1	0	10	3	0	3	7	8	0	8	8	7	8	8
19	8	3	1	39	23	16	3	8	5	4	1	4	8	6	1	8	4	8	0	9
19	8	3	1	39	22	17	0	2	0	0	6	2	1	10	9	5	8	10	3	5
19	8	3	1	39	21	18	0	10	3	2	6	5	4	5	10	3	3	9	10	6
19	8	3	1	39	20	19	0	7	8	6	5	4	5	8	3	0	2	0	3	6
19	8	3	1	39	19	20	8	3	8	9	8	9	3	10	1	7	5	5	0	5
19	8	3	1	39	18	21	5	0	0	9	0	8	10	8	0	1	9	6	10	8
19	8	3	1	39	17	22	4	10	9	9	8	7	1	7	4	1	8	7	7	6
19	8	3	1	39	16	23	4	1	5	1	5	4	5	3	9	5	7	4	8	8
19	8	3	1	39	15	24	7	3	9	8	8	8	10	4	5	0	7	8	5	8
19	8	3	1	39	14	25	4	6	0	3	3	1	4	9	6	5	10	7	9	1
19	8	3	1	39	13	26	3	3	7	0	0	10	5	8	5	9	2	4	5	6
19	8	3	1	39	12	27	0	5	10	9	2	2	2	7	2	10	2	6	10	1
19	8	3	1	39	11	28	9	7	8	1	3	4	6	6	3	8	0	7	8	8
19	8	3	1	39	10	29	8	9	3	0	4	6	8	1	4	1	9	6	3	9
19	8	3	1	39	9	30	10	9	8	7	0	4	8	9	3	2	10	0	1	7
19	8	3	1	39	8	31	0	0	0	0	0	0	0	0	0	0	0	0	0	0
19	8	3	1	39	7	32	0	0	0	0	0	0	0	0	0	0	0	0	0	0
19	8	3	1	39	6	33	0	0	0	0	0	0	0	0	0	0	0	0	0	0
19	8	3	1	39	5	34	0	0	0	0	0	0	0	0	0	0	0	0	0	0
19	8	3	1	39	4	35	0	0	0	0	0	0	0	0	0	0	0	0	0	0
19	8	3	1	39	3	36	0	0	0	0	0	0	0	0	0	0	0	0	0	0
19	8	3	1	39	2	37	0	0	0	0	0	0	0	0	0	0	0	0	0	0
19	8	3	1	39	1	38	0	0	0	0	0	0	0	0	0	0	0	0	0	0
19	8	3	1	39	0	39	0	0	0	0	0	0	0	0	0	0	0	0	0	0
19	8	3	1	40	40	0	2	0	2	4	9	0	6	7	2	1	6	0	3	4
19	8	3	1	40	39	1	0	2	3	7	8	5	8	6	10	1	1	0	0	0
19	8	3	1	40	38	2	6	5	7	6	2	7	5	7	8	3	9	1	8	0
19	8	3	1	40	37	3	3	8	2	3	8	2	2	1	7	8	9	7	3	5
19	8	3	1	40	36	4	1	6	0	3	3	6	10	9	1	6	2	4	4	6
19	8	3	1	40	35	5	8	0	2	10	4	1	9	3	6	6	5	5	6	9
19	8	3	1	40	34	6	4	2	5	3	7	5	10	7	1	2	7	2	4	7
19	8	3	1	40	33	7	8	10	2	7	0	9	2	8	5	10	3	9	7	5
19	8	3	1	40	32	8	7	10	9	5	10	7	0	7	9	1	10	4	0	10
19	8	3	1	40	31	9	7	6	1	6	2	8	2	9	2	8	1	0	4	1
19	8	3	1	40	30	10	5	4	1	1	8	10	5	8	9	4	9	9	5	1
19	8	3	1	40	29	11	0	5	2	3	2	8	7	4	1	7	4	7	2	7
19	8	3	1	40	28	12	2	0	7	1	3	2	2	0	5	3	8	7	6	8
19	8	3	1	40	27	13	6	10	5	9	0	0	10	0	7	5	7	9	2	8
19	8	3	1	40	26	14	6	3	6	5	3	7	2	0	10	3	9	8	3	1
19	8	3	1	40	25	15	6	3	6	6	7	2	10	2	6	7	5	5	3	6
19	8	3	1	40	24	16	8	10	7	3	4	1	6	9	4	3	3	1	9	9
19	8	3	1	40	23	17	6	7	8	5	5	0	6	10	0	3	2	8	7	2
19	8	3	1	40	22	18	9	2	8	2	4	10	6	9	2	3	3	7	0	7
19	8	3	1	40	21	19	6	10	1	5	8	5	5	7	10	0	2	9	8	0
19	8	3	1	40	20	20	3	9	1	1	4	1	3	1	3	2	1	8	0	10
19	8	3	1	40	19	21	7	1	0	10	3	2	0	10	5	10	1	7	1	7
19	8	3	1	40	18	22	3	6	8	3	2	10	8	5	3	3	0	0	4	6
19	8	3	1	40	17	23	2	6	4	4	1	8	0	6	9	4	9	4	10	7
19	8	3	1	40	16	24	5	10	7	4	6	9	8	10	9	3	8	4	7	9
19	8	3	1	40	15	25	7	2	2	7	5	3	1	0	1	10	7	1	9	8
19	8	3	1	40	14	26	2	3	4	7	3	10	7	9	10	2	3	8	4	5
19	8	3	1	40	13	27	6	3	4	5	1	1	6	7	9	6	1	6	4	9
19	8	3	1	40	12	28	10	5	3	10	7	0	8	6	9	2	7	1	7	5
19	8	3	1	40	11	29	3	8	5	8	5	8	5	8	4	1	6	4	2	9
19	8	3	1	40	10	30	10	3	8	7	10	0	5	7	3	9	2	2	1	4
19	8	3	1	40	9	31	3	6	3	3	1	7	1	5	1	8	4	7	4	2
19	8	3	1	40	8	32	0	0	0	0	0	0	0	0	0	0	0	0	0	0
19	8	3	1	40	7	33	0	0	0	0	0	0	0	0	0	0	0	0	0	0
19	8	3	1	40	6	34	0	0	0	0	0	0	0	0	0	0	0	0	0	0
19	8	3	1	40	5	35	0	0	0	0	0	0	0	0	0	0	0	0	0	0
19	8	3	1	40	4	36	0	0	0	0	0	0	0	0	0	0	0	0	0	0
19	8	3	1	40	3	37	0	0	0	0	0	0	0	0	0	0	0	0	0	0
19	8	3	1	40	2	38	0	0	0	0	0	0	0	0	0	0	0	0	0	0
19	8	3	1	40	1	39	0	0	0	0	0	0	0	0	0	0	0	0	0	0
19	8	3	1	40	0	40	0	0	0	0	0	0	0	0	0	0	0	0	0	0
19	8	3	1	41	41	0	5	10	10	9	4	8	2	2	7	3	10	8	1	10
19	8	3	1	41	40	1	5	10	5	0	9	9	7	1	7	1	3	6	6	9
19	8	3	1	41	39	2	8	4	6	1	2	6	9	7	10	0	1	1	5	4
19	8	3	1	41	38	3	2	3	5	6	0	0	4	3	10	8	6	8	0	8
19	8	3	1	41	37	4	1	5	0	1	8	3	2	3	9	8	7	4	6	10
19	8	3	1	41	36	5	9	0	5	5	7	1	9	9	9	10	7	2	1	9
19	8	3	1	41	35	6	5	0	4	7	0	6	8	2	10	5	8	9	3	1
19	8	3	1	41	34	7	5	10	8	1	9	7	2	7	7	9	6	0	8	3
19	8	3	1	41	33	8	0	5	0	6	8	8	9	6	4	6	10	2	3	3
19	8	3	1	41	32	9	6	4	2	4	5	2	9	2	2	3	1	10	2	0
19	8	3	1	41	31	10	2	5	0	5	9	6	3	7	4	10	1	3	1	2
19	8	3	1	41	30	11	0	8	1	2	1	7	9	3	1	2	10	9	6	7
19	8	3	1	41	29	12	8	7	3	7	2	3	0	10	9	4	5	8	3	5
19	8	3	1	41	28	13	5	7	3	9	10	10	10	2	7	3	0	10	7	1
19	8	3	1	41	27	14	5	8	5	0	8	7	2	6	4	5	3	4	9	9
19	8	3	1	41	26	15	1	7	9	9	8	2	8	3	1	8	5	7	0	5
19	8	3	1	41	25	16	7	7	8	4	6	3	3	7	1	9	8	4	4	5
19	8	3	1	41	24	17	7	4	5	8	6	4	3	4	1	10	8	1	1	7
19	8	3	1	41	23	18	10	5	10	8	4	1	7	10	3	4	6	6	5	4
19	8	3	1	41	22	19	0	9	1	7	9	6	6	10	9	7	3	2	7	1
19	8	3	1	41	21	20	9	6	7	4	1	8	4	6	1	4	5	4	9	0
19	8	3	1	41	20	21	3	7	7	7	10	2	9	0	2	2	10	4	10	5
19	8	3	1	41	19	22	1	1	5	10	6	9	5	1	8	7	6	5	8	5
19	8	3	1	41	18	23	1	1	3	7	5	10	5	3	4	0	6	7	3	4
19	8	3	1	41	17	24	9	1	9	9	10	10	4	6	8	1	5	7	2	6
19	8	3	1	41	16	25	3	7	0	5	5	1	8	10	7	1	10	9	6	1
19	8	3	1	41	15	26	2	1	6	9	9	9	4	8	6	3	0	9	10	3
19	8	3	1	41	14	27	8	8	9	10	6	0	8	7	0	4	7	5	9	7
19	8	3	1	41	13	28	1	6	9	7	2	9	4	5	5	5	4	0	6	3
19	8	3	1	41	12	29	7	3	6	5	2	9	0	8	6	8	8	3	10	0
19	8	3	1	41	11	30	10	3	6	4	3	7	6	9	7	9	8	10	6	4
19	8	3	1	41	10	31	9	5	6	2	10	6	5	5	0	7	10	7	7	3
19	8	3	1	41	9	32	6	10	5	8	8	5	6	9	6	7	5	7	3	6
19	8	3	1	41	8	33	0	0	0	0	0	0	0	0	0	0	0	0	0	0
19	8	3	1	41	7	34	0	0	0	0	0	0	0	0	0	0	0	0	0	0
19	8	3	1	41	6	35	0	0	0	0	0	0	0	0	0	0	0	0	0	0
19	8	3	1	41	5	36	0	0	0	0	0	0	0	0	0	0	0	0	0	0
19	8	3	1	41	4	37	0	0	0	0	0	0	0	0	0	0	0	0	0	0
19	8	3	1	41	3	38	0	0	0	0	0	0	0	0	0	0	0	0	0	0
19	8	3	1	41	2	39	0	0	0	0	0	0	0	0	0	0	0	0	0	0
19	8	3	1	41	1	40	0	0	0	0	0	0	0	0	0	0	0	0	0	0
19	8	3	1	41	0	41	0	0	0	0	0	0	0	0	0	0	0	0	0	0
20	8	4	2	52	52	0	10	0	5	5	9	10	7	0	9	8	2	10	5	6
20	8	4	2	52	50	1	4	3	0	7	0	6	8	2	2	8	3	1	8	9
20	8	4	2	52	48	2	2	10	5	7	7	4	6	1	7	8	7	6	4	8
20	8	4	2	52	46	3	5	6	10	4	7	2	7	7	9	10	7	8	6	8
20	8	4	2	52	44	4	6	9	8	0	4	6	10	8	5	4	9	1	4	1
20	8	4	2	52	42	5	9	8	10	10	2	0	0	10	5	4	7	9	2	1
20	8	4	2	52	40	6	1	8	6	5	5	2	10	5	3	8	1	7	5	0
20	8	4	2	52	38	7	3	10	4	4	7	2	4	7	6	6	9	10	0	0
20	8	4	2	52	36	8	4	4	6	1	1	5	9	2	7	9	7	8	9	3
20	8	4	2	52	34	9	0	2	5	6	3	7	8	5	1	0	7	6	7	3
20	8	4	2	52	32	10	4	3	2	6	0	7	6	0	2	2	10	3	0	4
20	8	4	2	52	30	11	0	4	3	7	7	4	6	6	5	8	3	8	1	0
20	8	4	2	52	28	12	5	8	9	1	8	1	4	7	1	0	1	9	10	9
20	8	4	2	52	26	13	3	9	5	0	5	10	8	3	6	10	6	3	8	1
20	8	4	2	52	24	14	5	5	9	3	10	7	8	8	7	9	7	0	1	4
20	8	4	2	52	22	15	6	9	2	7	4	1	2	6	2	2	2	9	3	10
20	8	4	2	52	20	16	0	1	1	3	5	3	8	9	0	10	10	10	2	7
20	8	4	2	52	18	17	0	3	1	3	8	1	2	7	4	5	4	4	5	10
20	8	4	2	52	16	18	7	10	10	2	10	8	9	10	6	8	0	9	8	7
20	8	4	2	52	14	19	3	8	1	10	6	9	0	2	5	8	2	8	3	10
20	8	4	2	52	12	20	0	10	10	6	4	6	0	1	0	2	5	9	9	6
20	8	4	2	52	10	21	5	5	3	0	2	0	7	2	9	6	7	4	4	10
20	8	4	2	52	8	22	0	0	0	0	0	0	0	0	0	0	0	0	0	0
20	8	4	2	52	6	23	0	0	0	0	0	0	0	0	0	0	0	0	0	0
20	8	4	2	52	4	24	0	0	0	0	0	0	0	0	0	0	0	0	0	0
20	8	4	2	52	2	25	0	0	0	0	0	0	0	0	0	0	0	0	0	0
20	8	4	2	52	0	26	0	0	0	0	0	0	0	0	0	0	0	0	0	0
20	8	4	2	53	53	0	7	8	7	8	6	0	5	4	6	8	3	4	10	0
20	8	4	2	53	51	1	6	2	8	0	1	3	1	6	9	2	3	5	2	2
20	8	4	2	53	49	2	6	6	6	2	9	3	3	0	10	0	2	3	7	3
20	8	4	2	53	47	3	6	6	0	1	0	1	8	0	2	2	0	8	7	9
20	8	4	2	53	45	4	1	10	0	6	10	10	9	5	9	1	10	1	5	6
20	8	4	2	53	43	5	2	8	5	7	5	2	4	4	10	3	10	7	8	2
20	8	4	2	53	41	6	4	5	3	10	7	6	8	10	1	8	4	6	9	10
20	8	4	2	53	39	7	3	3	1	9	8	5	6	10	9	6	2	0	3	2
20	8	4	2	53	37	8	7	9	7	0	0	0	1	7	8	1	8	9	8	10
20	8	4	2	53	35	9	0	6	3	7	9	7	2	4	1	10	4	6	9	2
20	8	4	2	53	33	10	0	4	4	5	2	9	1	7	7	3	5	8	10	4
20	8	4	2	53	31	11	8	0	0	1	8	6	7	9	9	5	3	8	6	3
20	8	4	2	53	29	12	1	4	9	6	1	8	2	7	0	8	7	9	5	3
20	8	4	2	53	27	13	6	4	7	1	3	6	10	8	8	8	6	8	0	9
20	8	4	2	53	25	14	7	8	7	0	8	3	1	9	7	5	9	10	8	10
20	8	4	2	53	23	15	10	6	1	6	7	3	3	8	8	6	0	9	8	4
20	8	4	2	53	21	16	5	4	4	7	6	9	10	9	5	9	5	0	7	3
20	8	4	2	53	19	17	0	2	9	8	8	10	6	10	5	7	2	7	6	0
20	8	4	2	53	17	18	3	7	1	4	3	1	7	4	2	5	9	2	1	1
20	8	4	2	53	15	19	1	4	8	4	3	8	9	3	0	5	3	1	5	9
20	8	4	2	53	13	20	8	2	8	8	9	1	6	5	9	2	7	2	2	5
20	8	4	2	53	11	21	9	0	3	5	5	0	0	8	2	0	4	6	2	3
20	8	4	2	53	9	22	7	5	6	2	4	6	3	5	9	3	9	0	2	9
20	8	4	2	53	7	23	0	0	0	0	0	0	0	0	0	0	0	0	0	0
20	8	4	2	53	5	24	0	0	0	0	0	0	0	0	0	0	0	0	0	0
20	8	4	2	53	3	25	0	0	0	0	0	0	0	0	0	0	0	0	0	0
20	8	4	2	53	1	26	0	0	0	0	0	0	0	0	0	0	0	0	0	0
20	8	4	2	54	54	0	7	2	2	2	8	8	10	3	7	1	4	9	1	6
20	8	4	2	54	52	1	5	2	4	1	0	3	7	2	1	7	7	3	7	0
20	8	4	2	54	50	2	0	4	3	10	3	7	0	4	2	4	9	10	6	5
20	8	4	2	54	48	3	9	4	2	9	0	8	1	2	1	7	0	7	4	10
20	8	4	2	54	46	4	3	1	10	5	6	9	9	3	7	5	5	2	9	4
20	8	4	2	54	44	5	6	1	7	2	1	5	10	0	9	6	6	5	3	7
20	8	4	2	54	42	6	6	2	7	2	10	9	8	9	3	3	1	0	5	1
20	8	4	2	54	40	7	10	10	0	4	8	1	1	6	5	9	3	2	2	3
20	8	4	2	54	38	8	6	6	7	3	0	5	7	10	6	5	1	1	7	8
20	8	4	2	54	36	9	1	9	8	8	9	2	10	7	0	4	8	4	0	10
20	8	4	2	54	34	10	8	10	0	1	8	7	5	1	8	9	5	5	3	7
20	8	4	2	54	32	11	0	8	4	0	6	2	2	4	2	8	4	9	7	7
20	8	4	2	54	30	12	4	9	10	8	4	6	9	10	5	1	7	2	0	8
20	8	4	2	54	28	13	9	2	0	2	2	5	1	8	8	3	1	9	8	1
20	8	4	2	54	26	14	7	3	2	3	5	2	6	1	1	8	7	6	3	10
20	8	4	2	54	24	15	10	8	8	5	4	8	1	4	7	3	8	5	2	5
20	8	4	2	54	22	16	10	1	8	2	3	4	3	9	2	8	3	0	2	5
20	8	4	2	54	20	17	10	4	2	1	0	1	6	6	3	6	10	5	8	0
20	8	4	2	54	18	18	2	6	4	10	9	9	6	1	5	1	4	4	7	5
20	8	4	2	54	16	19	3	9	7	3	5	3	5	10	10	6	4	9	10	1
20	8	4	2	54	14	20	4	1	4	9	8	5	0	9	7	5	1	7	9	3
20	8	4	2	54	12	21	1	5	0	1	0	5	0	3	0	4	2	3	5	6
20	8	4	2	54	10	22	1	6	2	2	1	3	2	4	7	10	5	9	4	9
20	8	4	2	54	8	23	0	0	0	0	0	0	0	0	0	0	0	0	0	0
20	8	4	2	54	6	24	0	0	0	0	0	0	0	0	0	0	0	0	0	0
20	8	4	2	54	4	25	0	0	0	0	0	0	0	0	0	0	0	0	0	0
20	8	4	2	54	2	26	0	0	0	0	0	0	0	0	0	0	0	0	0	0
20	8	4	2	54	0	27	0	0	0	0	0	0	0	0	0	0	0	0	0	0
