a	b	coefficient
0	0	2
1	0	1
2	0	5
3	0	5
4	0	3
6	0	9
7	0	7
8	0	7
9	0	9
10	0	5
11	0	9
12	0	4
13	0	6
14	0	1
15	0	6
16	0	5
17	0	3
18	0	7
19	0	8
20	0	2
21	0	8
22	0	9
23	0	6
24	0	8
25	0	6
26	0	4
27	0	9
28	0	5
29	0	3
30	0	1
32	0	1
33	0	8
35	0	6
36	0	2
37	0	5
38	0	2
39	0	4
41	0	10
42	0	1
43	0	6
44	0	1
45	0	8
46	0	10
47	0	6
48	0	9
49	0	9
50	0	7
51	0	6
52	0	8
53	0	4
54	0	9
55	0	10
56	0	8
57	0	8
58	0	2
59	0	3
60	0	1
61	0	6
62	0	7
63	0	2
64	0	6
65	0	1
66	0	1
67	0	9
68	0	6
69	0	4
70	0	2
71	0	3
72	0	7
73	0	1
74	0	7
75	0	6
76	0	7
77	0	7
78	0	5
79	0	1
80	0	5
82	0	7
83	0	1
84	0	10
85	0	7
86	0	4
87	0	6
88	0	2
89	0	10
90	0	10
91	0	8
92	0	3
93	0	3
94	0	6
95	0	6
96	0	7
97	0	4
98	0	10
99	0	8
100	0	1
101	0	8
102	0	10
103	0	1
104	0	2
106	0	8
107	0	3
108	0	8
109	0	7
110	0	6
111	0	10
112	0	10
113	0	3
114	0	3
115	0	8
116	0	3
117	0	2
118	0	8
119	0	3
120	0	4
121	0	9
122	0	6
123	0	10
124	0	10
125	0	2
126	0	10
127	0	1
128	0	2
130	0	1
131	0	7
132	0	3
133	0	8
135	0	7
136	0	4
137	0	7
138	0	3
139	0	8
140	0	2
141	0	8
142	0	1
143	0	10
144	0	4
145	0	1
146	0	1
147	0	3
148	0	2
149	0	3
150	0	1
151	0	7
152	0	10
153	0	3
154	0	4
155	0	9
156	0	10
157	0	5
158	0	3
159	0	4
160	0	7
162	0	5
163	0	5
164	0	8
165	0	5
166	0	7
167	0	6
168	0	8
169	0	1
170	0	1
171	0	2
172	0	8
173	0	7
174	0	9
175	0	1
176	0	4
177	0	6
178	0	2
179	0	5
180	0	1
181	0	5
182	0	10
183	0	6
184	0	3
185	0	10
187	0	3
188	0	6
189	0	3
190	0	9
191	0	9
192	0	10
193	0	3
194	0	6
195	0	2
196	0	10
197	0	6
198	0	7
199	0	5
200	0	10
201	0	9
202	0	10
203	0	5
204	0	6
205	0	2
206	0	9
207	0	6
208	0	5
209	0	6
210	0	8
211	0	6
212	0	1
213	0	3
214	0	9
215	0	10
216	0	6
217	0	10
218	0	8
219	0	8
220	0	3
221	0	3
223	0	9
224	0	3
225	0	1
226	0	3
227	0	7
228	0	10
230	0	4
231	0	2
233	0	10
234	0	3
235	0	3
236	0	10
237	0	9
238	0	10
239	0	4
240	0	8
241	0	9
242	0	5
243	0	8
244	0	3
245	0	4
247	0	7
248	0	5
249	0	7
250	0	5
251	0	10
252	0	5
253	0	9
254	0	9
256	0	9
257	0	2
258	0	8
259	0	4
261	0	3
262	0	7
263	0	9
264	0	8
265	0	7
266	0	1
267	0	6
268	0	4
269	0	8
270	0	4
271	0	7
272	0	10
273	0	5
274	0	5
276	0	7
277	0	2
278	0	7
279	0	3
280	0	4
281	0	8
282	0	9
283	0	2
284	0	2
285	0	9
286	0	7
287	0	4
288	0	10
289	0	8
290	0	4
291	0	7
292	0	5
293	0	2
294	0	3
295	0	8
296	0	5
297	0	2
298	0	5
299	0	6
300	0	7
302	0	4
303	0	5
305	0	8
0	1	1
1	1	9
2	1	9
3	1	7
4	1	1
5	1	2
6	1	10
8	1	4
9	1	10
10	1	7
11	1	9
12	1	8
14	1	8
15	1	7
16	1	8
17	1	5
18	1	8
19	1	2
20	1	7
21	1	9
22	1	8
23	1	9
24	1	4
25	1	3
26	1	9
27	1	3
28	1	2
29	1	9
30	1	5
31	1	8
32	1	5
33	1	2
34	1	5
35	1	8
36	1	8
37	1	2
38	1	6
39	1	5
40	1	10
43	1	7
44	1	10
45	1	7
46	1	2
47	1	5
48	1	8
49	1	5
50	1	2
51	1	2
52	1	9
53	1	4
54	1	8
55	1	2
56	1	8
57	1	3
58	1	4
59	1	2
60	1	9
61	1	7
62	1	2
63	1	4
64	1	3
65	1	4
66	1	7
67	1	5
68	1	3
69	1	5
70	1	9
71	1	1
72	1	8
73	1	9
74	1	2
75	1	4
76	1	5
77	1	6
78	1	6
79	1	2
80	1	8
82	1	4
83	1	10
84	1	1
85	1	8
86	1	10
87	1	9
88	1	10
89	1	5
90	1	3
91	1	5
92	1	2
93	1	1
94	1	1
96	1	6
97	1	8
98	1	10
99	1	8
100	1	9
101	1	7
102	1	4
103	1	1
104	1	10
105	1	3
106	1	5
107	1	4
108	1	4
109	1	10
110	1	1
111	1	5
112	1	9
114	1	5
115	1	10
116	1	7
117	1	6
118	1	8
119	1	2
121	1	4
122	1	1
123	1	8
124	1	1
125	1	5
126	1	3
127	1	1
128	1	10
129	1	3
130	1	2
131	1	7
132	1	7
133	1	8
134	1	1
137	1	9
139	1	3
140	1	10
141	1	9
142	1	4
143	1	7
144	1	4
145	1	3
146	1	1
147	1	2
148	1	9
149	1	10
150	1	9
151	1	10
152	1	6
153	1	4
154	1	4
155	1	6
156	1	6
157	1	4
158	1	6
159	1	8
160	1	5
161	1	3
162	1	10
163	1	7
164	1	8
165	1	8
166	1	10
167	1	9
168	1	10
169	1	2
170	1	5
171	1	7
172	1	9
173	1	8
174	1	4
175	1	9
176	1	6
177	1	8
178	1	2
179	1	8
181	1	7
182	1	2
183	1	6
185	1	7
186	1	10
187	1	1
188	1	6
189	1	3
190	1	5
192	1	3
194	1	10
195	1	2
196	1	1
197	1	1
198	1	5
199	1	1
200	1	9
201	1	9
202	1	3
203	1	7
204	1	6
205	1	4
206	1	4
208	1	9
210	1	1
211	1	8
212	1	8
213	1	4
214	1	5
215	1	7
216	1	9
217	1	5
218	1	6
219	1	9
220	1	3
222	1	3
223	1	6
224	1	2
225	1	2
226	1	2
227	1	10
228	1	9
229	1	9
230	1	1
231	1	7
232	1	8
233	1	8
234	1	7
235	1	8
236	1	5
237	1	4
238	1	5
239	1	1
240	1	9
241	1	8
242	1	4
243	1	10
244	1	10
245	1	7
246	1	8
247	1	9
248	1	9
249	1	7
250	1	6
251	1	10
252	1	10
253	1	3
254	1	7
255	1	8
256	1	8
257	1	6
258	1	4
259	1	6
260	1	9
261	1	9
262	1	3
263	1	6
264	1	3
265	1	9
267	1	3
268	1	8
269	1	7
270	1	2
271	1	1
272	1	2
273	1	1
274	1	3
276	1	6
277	1	5
278	1	6
279	1	9
280	1	3
281	1	7
282	1	10
283	1	2
284	1	8
285	1	5
286	1	9
287	1	5
288	1	4
289	1	5
290	1	6
291	1	9
292	1	4
293	1	7
294	1	8
296	1	4
297	1	8
298	1	3
299	1	6
300	1	5
302	1	4
0	2	9
1	2	5
2	2	1
3	2	1
4	2	8
5	2	9
6	2	10
7	2	2
8	2	1
9	2	7
10	2	10
11	2	10
12	2	1
13	2	3
14	2	8
16	2	8
17	2	2
18	2	1
19	2	6
20	2	4
21	2	10
22	2	10
23	2	6
24	2	3
25	2	8
26	2	3
27	2	1
28	2	7
29	2	1
30	2	5
31	2	8
32	2	2
33	2	9
34	2	10
35	2	1
36	2	8
37	2	2
39	2	7
40	2	5
41	2	1
42	2	2
43	2	3
44	2	6
45	2	8
46	2	8
47	2	2
48	2	6
49	2	4
50	2	7
51	2	8
54	2	2
55	2	4
56	2	8
57	2	2
58	2	5
59	2	4
60	2	7
61	2	7
62	2	3
63	2	3
64	2	7
65	2	3
67	2	7
68	2	7
69	2	5
71	2	1
73	2	6
74	2	9
75	2	4
77	2	7
78	2	5
79	2	5
80	2	2
81	2	3
82	2	10
83	2	9
84	2	2
85	2	3
86	2	9
87	2	7
88	2	9
89	2	8
90	2	1
91	2	9
92	2	8
93	2	1
94	2	5
95	2	5
96	2	8
97	2	10
98	2	2
99	2	2
100	2	8
101	2	5
102	2	6
103	2	6
104	2	7
105	2	9
106	2	1
107	2	9
108	2	3
109	2	1
110	2	8
111	2	1
112	2	6
113	2	5
114	2	4
115	2	10
116	2	10
117	2	5
118	2	3
119	2	5
120	2	2
121	2	3
122	2	3
123	2	2
125	2	7
126	2	1
127	2	3
129	2	6
130	2	4
132	2	9
133	2	8
134	2	4
135	2	1
136	2	2
137	2	1
139	2	4
140	2	1
141	2	8
142	2	2
143	2	8
144	2	3
145	2	7
146	2	3
147	2	8
148	2	10
149	2	6
150	2	4
151	2	2
152	2	8
154	2	5
155	2	6
156	2	3
157	2	3
158	2	1
159	2	9
160	2	3
161	2	10
162	2	1
163	2	9
164	2	5
165	2	10
166	2	7
167	2	8
168	2	7
169	2	1
170	2	1
171	2	6
172	2	2
173	2	6
174	2	7
175	2	3
176	2	8
177	2	2
178	2	2
179	2	1
180	2	6
181	2	5
182	2	8
183	2	4
184	2	5
185	2	1
186	2	10
187	2	4
188	2	2
189	2	2
191	2	4
192	2	5
193	2	9
195	2	1
196	2	4
197	2	1
198	2	2
199	2	9
200	2	8
201	2	8
203	2	6
204	2	10
205	2	5
206	2	2
207	2	6
209	2	7
210	2	4
211	2	10
212	2	2
213	2	7
214	2	9
215	2	10
216	2	7
217	2	5
218	2	9
219	2	5
221	2	3
222	2	2
223	2	1
224	2	6
225	2	2
226	2	7
227	2	3
228	2	5
229	2	1
230	2	6
231	2	8
232	2	1
233	2	2
234	2	6
235	2	4
236	2	10
237	2	6
238	2	3
239	2	10
240	2	1
241	2	1
242	2	5
243	2	4
244	2	2
245	2	1
246	2	10
247	2	6
248	2	1
249	2	5
251	2	10
252	2	7
253	2	7
254	2	4
255	2	8
256	2	10
257	2	6
258	2	7
259	2	7
260	2	5
261	2	10
262	2	1
263	2	1
264	2	1
265	2	9
266	2	9
267	2	3
268	2	10
270	2	7
271	2	3
272	2	7
273	2	1
274	2	5
275	2	8
276	2	5
278	2	8
279	2	4
280	2	3
281	2	1
282	2	6
283	2	10
284	2	3
285	2	10
286	2	1
287	2	7
289	2	7
290	2	6
292	2	3
295	2	1
296	2	5
297	2	5
299	2	7
300	2	4
301	2	3
1	3	9
2	3	2
3	3	6
4	3	10
5	3	2
6	3	1
7	3	4
8	3	1
10	3	4
11	3	1
12	3	4
14	3	4
17	3	2
18	3	1
19	3	6
20	3	6
21	3	9
22	3	8
23	3	9
25	3	4
26	3	4
27	3	10
28	3	7
29	3	10
30	3	3
31	3	9
32	3	3
33	3	2
34	3	3
35	3	8
36	3	3
37	3	3
38	3	7
39	3	1
40	3	1
41	3	9
43	3	6
44	3	8
45	3	7
46	3	2
47	3	8
48	3	5
49	3	4
50	3	9
51	3	8
53	3	7
54	3	9
56	3	4
57	3	3
58	3	8
59	3	2
60	3	5
62	3	4
63	3	9
64	3	3
66	3	6
67	3	3
68	3	8
70	3	9
71	3	1
72	3	5
73	3	3
74	3	7
75	3	10
76	3	4
78	3	10
79	3	5
80	3	2
81	3	7
82	3	6
83	3	4
84	3	10
85	3	8
86	3	2
88	3	6
89	3	9
90	3	1
91	3	7
92	3	3
93	3	6
94	3	4
95	3	10
96	3	7
97	3	7
99	3	2
100	3	5
101	3	8
102	3	6
103	3	10
104	3	7
106	3	5
107	3	7
109	3	7
111	3	2
112	3	7
113	3	6
114	3	10
115	3	3
116	3	6
117	3	8
118	3	2
119	3	1
120	3	10
121	3	2
123	3	1
124	3	4
125	3	10
126	3	4
127	3	9
128	3	6
129	3	10
130	3	10
131	3	2
132	3	3
133	3	2
134	3	10
136	3	9
137	3	10
138	3	3
139	3	5
140	3	4
141	3	6
142	3	2
143	3	10
144	3	5
145	3	7
146	3	9
147	3	2
148	3	4
149	3	1
150	3	4
151	3	2
153	3	10
154	3	7
155	3	7
156	3	5
157	3	10
158	3	2
159	3	9
160	3	7
161	3	10
162	3	1
165	3	4
166	3	10
167	3	7
168	3	10
169	3	6
170	3	6
171	3	10
172	3	4
173	3	7
174	3	9
175	3	3
176	3	8
178	3	3
179	3	5
180	3	1
181	3	6
182	3	5
183	3	1
184	3	5
185	3	9
186	3	7
188	3	7
189	3	2
190	3	9
191	3	7
192	3	6
193	3	10
194	3	3
196	3	6
197	3	1
198	3	10
200	3	5
201	3	1
202	3	9
203	3	5
204	3	8
205	3	8
206	3	1
207	3	4
208	3	7
209	3	10
210	3	2
211	3	7
212	3	3
213	3	8
214	3	9
216	3	4
218	3	3
219	3	1
220	3	7
221	3	8
222	3	8
223	3	4
224	3	7
225	3	9
226	3	10
227	3	1
228	3	3
229	3	9
230	3	10
231	3	9
232	3	10
233	3	1
234	3	6
235	3	9
236	3	2
237	3	2
238	3	1
239	3	10
240	3	5
241	3	7
242	3	2
243	3	5
244	3	7
245	3	3
246	3	4
247	3	3
249	3	5
250	3	4
251	3	3
252	3	4
254	3	5
255	3	3
256	3	6
257	3	6
258	3	9
259	3	6
261	3	6
262	3	9
263	3	10
264	3	5
265	3	4
266	3	10
267	3	6
268	3	2
269	3	4
270	3	6
271	3	1
272	3	3
273	3	2
274	3	10
275	3	8
276	3	7
277	3	1
278	3	1
279	3	1
280	3	7
281	3	5
282	3	10
283	3	7
284	3	5
285	3	3
286	3	5
287	3	10
288	3	6
289	3	4
290	3	8
291	3	3
292	3	4
293	3	1
294	3	4
295	3	7
296	3	5
297	3	1
298	3	6
299	3	5
0	4	7
1	4	5
2	4	10
3	4	1
4	4	2
5	4	2
7	4	8
8	4	5
9	4	6
10	4	4
11	4	4
12	4	4
13	4	6
14	4	1
15	4	2
16	4	7
17	4	3
19	4	5
20	4	10
21	4	6
22	4	7
23	4	4
24	4	2
25	4	1
26	4	8
27	4	1
28	4	3
29	4	7
31	4	5
32	4	7
33	4	4
34	4	9
35	4	2
36	4	4
37	4	8
38	4	3
40	4	1
41	4	2
42	4	3
43	4	8
45	4	8
46	4	1
47	4	10
48	4	4
49	4	3
50	4	4
51	4	5
52	4	10
53	4	4
54	4	4
55	4	4
56	4	3
57	4	2
58	4	10
59	4	1
60	4	6
61	4	2
62	4	1
64	4	6
65	4	8
66	4	2
67	4	5
68	4	4
69	4	8
70	4	8
71	4	7
72	4	1
73	4	4
74	4	7
75	4	1
77	4	10
78	4	8
79	4	1
80	4	8
81	4	5
82	4	9
83	4	9
84	4	10
85	4	4
86	4	9
87	4	8
88	4	2
89	4	4
90	4	7
93	4	5
94	4	6
95	4	9
96	4	4
97	4	2
98	4	1
99	4	8
100	4	6
101	4	2
102	4	6
103	4	2
105	4	8
106	4	5
107	4	6
108	4	10
109	4	7
110	4	5
111	4	5
113	4	8
114	4	7
116	4	2
117	4	3
118	4	10
119	4	8
120	4	6
121	4	1
122	4	5
125	4	1
126	4	8
127	4	5
128	4	8
129	4	7
130	4	5
131	4	6
132	4	8
133	4	6
134	4	4
135	4	9
136	4	7
137	4	10
138	4	3
139	4	6
140	4	5
141	4	10
142	4	10
143	4	10
144	4	7
145	4	9
146	4	9
147	4	3
148	4	4
149	4	7
150	4	3
151	4	1
152	4	3
153	4	8
154	4	10
155	4	7
156	4	10
157	4	2
158	4	9
159	4	2
160	4	7
161	4	4
162	4	7
163	4	9
164	4	3
165	4	5
166	4	3
167	4	3
168	4	6
169	4	1
170	4	1
171	4	8
172	4	6
174	4	8
175	4	5
176	4	9
177	4	10
178	4	4
179	4	6
180	4	2
181	4	1
182	4	6
183	4	1
184	4	6
185	4	10
186	4	9
187	4	4
189	4	7
190	4	2
191	4	5
192	4	2
193	4	1
194	4	2
195	4	2
196	4	4
199	4	3
200	4	9
201	4	8
202	4	7
203	4	5
204	4	6
205	4	8
206	4	5
207	4	3
208	4	8
209	4	1
210	4	8
211	4	7
212	4	9
213	4	5
214	4	2
215	4	4
216	4	6
217	4	9
218	4	9
219	4	2
220	4	2
221	4	4
223	4	7
224	4	4
225	4	8
226	4	2
228	4	6
229	4	10
230	4	8
231	4	7
232	4	1
233	4	6
234	4	7
235	4	6
236	4	4
237	4	10
239	4	8
242	4	2
243	4	3
244	4	8
245	4	8
246	4	5
247	4	10
248	4	7
249	4	2
250	4	8
252	4	6
253	4	7
254	4	4
255	4	10
256	4	7
257	4	4
258	4	8
259	4	7
260	4	6
261	4	10
262	4	8
263	4	5
264	4	5
265	4	6
266	4	4
267	4	1
268	4	6
269	4	5
270	4	7
271	4	7
272	4	5
273	4	8
274	4	9
275	4	6
277	4	10
278	4	7
279	4	9
280	4	7
281	4	3
282	4	9
283	4	3
284	4	8
285	4	2
286	4	9
287	4	8
288	4	10
289	4	6
290	4	6
291	4	2
292	4	4
293	4	3
294	4	3
295	4	6
296	4	8
297	4	5
0	5	6
1	5	7
3	5	3
4	5	2
5	5	2
6	5	1
7	5	7
8	5	8
9	5	10
10	5	2
11	5	6
12	5	7
13	5	1
14	5	5
15	5	2
16	5	1
17	5	6
18	5	2
19	5	8
20	5	10
21	5	7
22	5	10
23	5	6
24	5	3
25	5	9
26	5	7
27	5	7
28	5	2
29	5	2
30	5	6
31	5	8
32	5	10
33	5	2
34	5	5
35	5	6
36	5	1
37	5	2
38	5	8
39	5	10
40	5	6
41	5	1
42	5	7
43	5	1
45	5	2
46	5	6
47	5	6
48	5	8
49	5	6
50	5	9
51	5	1
52	5	9
53	5	9
54	5	8
55	5	2
56	5	6
57	5	10
58	5	3
59	5	1
60	5	10
61	5	10
62	5	2
63	5	8
64	5	3
65	5	1
66	5	1
67	5	6
68	5	8
69	5	4
70	5	3
71	5	1
74	5	6
75	5	2
76	5	4
77	5	10
78	5	9
79	5	7
80	5	1
81	5	7
82	5	5
83	5	6
84	5	3
85	5	7
86	5	5
88	5	8
89	5	4
90	5	5
91	5	6
92	5	2
93	5	4
94	5	6
95	5	1
96	5	5
97	5	7
98	5	5
99	5	8
100	5	7
101	5	2
102	5	5
103	5	8
104	5	4
105	5	4
106	5	1
107	5	7
108	5	10
109	5	9
110	5	10
111	5	6
112	5	6
113	5	8
114	5	1
115	5	10
116	5	5
117	5	8
118	5	6
119	5	8
120	5	5
121	5	9
122	5	2
123	5	9
124	5	4
125	5	10
126	5	5
127	5	4
128	5	5
129	5	9
130	5	6
131	5	3
132	5	5
133	5	3
135	5	1
136	5	5
137	5	4
139	5	7
140	5	2
141	5	6
142	5	7
143	5	8
145	5	7
146	5	1
147	5	5
148	5	10
149	5	6
150	5	5
151	5	5
152	5	9
153	5	10
155	5	4
156	5	5
158	5	2
159	5	2
160	5	3
161	5	8
163	5	2
164	5	2
165	5	2
166	5	10
167	5	4
168	5	9
169	5	8
170	5	2
171	5	1
173	5	1
174	5	3
175	5	8
176	5	1
177	5	9
179	5	3
180	5	3
181	5	5
182	5	10
183	5	4
184	5	3
185	5	1
186	5	8
187	5	6
188	5	7
189	5	2
190	5	7
191	5	2
192	5	4
193	5	8
194	5	6
195	5	5
197	5	8
198	5	4
199	5	6
200	5	4
201	5	1
202	5	9
203	5	1
204	5	6
205	5	3
206	5	4
207	5	2
208	5	4
209	5	1
210	5	1
211	5	10
213	5	3
214	5	9
216	5	1
217	5	1
218	5	5
219	5	1
220	5	1
221	5	6
222	5	6
223	5	8
224	5	9
225	5	6
226	5	3
227	5	9
228	5	9
229	5	8
230	5	4
231	5	6
232	5	8
234	5	9
235	5	5
236	5	8
237	5	8
238	5	7
239	5	1
240	5	7
241	5	6
242	5	6
243	5	4
244	5	7
245	5	1
246	5	3
247	5	2
248	5	9
249	5	9
250	5	2
251	5	8
253	5	3
254	5	6
255	5	2
257	5	6
258	5	10
260	5	6
261	5	9
262	5	9
263	5	1
266	5	4
267	5	3
268	5	3
269	5	1
270	5	5
271	5	2
272	5	6
273	5	10
274	5	3
275	5	7
276	5	10
277	5	5
278	5	8
279	5	3
280	5	3
281	5	10
282	5	2
283	5	8
284	5	3
285	5	2
286	5	1
287	5	3
289	5	7
290	5	1
291	5	2
292	5	3
293	5	8
294	5	10
295	5	4
0	6	5
1	6	1
3	6	6
4	6	6
5	6	6
6	6	2
7	6	4
8	6	1
9	6	5
10	6	3
11	6	10
12	6	5
13	6	8
14	6	7
15	6	7
16	6	10
17	6	9
18	6	6
19	6	8
20	6	4
21	6	7
22	6	9
23	6	6
24	6	10
25	6	6
26	6	4
27	6	5
28	6	4
29	6	5
30	6	5
31	6	6
32	6	7
33	6	1
34	6	8
35	6	1
36	6	9
37	6	8
38	6	1
39	6	2
40	6	7
41	6	4
42	6	5
43	6	8
44	6	7
45	6	8
46	6	4
47	6	10
48	6	3
50	6	2
51	6	1
52	6	7
53	6	3
54	6	5
55	6	9
58	6	7
59	6	8
60	6	10
61	6	10
62	6	2
63	6	3
64	6	7
65	6	10
66	6	6
67	6	9
68	6	1
69	6	10
71	6	3
72	6	8
73	6	9
74	6	9
75	6	9
76	6	8
77	6	3
78	6	7
79	6	4
80	6	2
81	6	3
82	6	3
83	6	5
84	6	7
85	6	7
86	6	7
87	6	5
88	6	4
89	6	5
90	6	10
91	6	5
92	6	4
93	6	2
94	6	2
95	6	5
96	6	6
97	6	8
98	6	3
99	6	5
100	6	2
101	6	3
102	6	8
103	6	1
105	6	6
106	6	6
107	6	5
108	6	6
109	6	6
110	6	6
111	6	6
112	6	8
113	6	4
115	6	6
116	6	9
117	6	8
118	6	10
119	6	8
120	6	8
121	6	2
122	6	4
123	6	9
124	6	1
125	6	4
126	6	7
127	6	3
128	6	8
129	6	7
130	6	5
131	6	9
132	6	2
133	6	4
134	6	10
135	6	8
136	6	9
137	6	9
138	6	6
139	6	10
140	6	3
141	6	5
142	6	5
143	6	10
144	6	2
145	6	7
146	6	10
148	6	1
149	6	10
150	6	6
151	6	6
152	6	5
153	6	5
154	6	4
155	6	5
156	6	6
158	6	5
159	6	8
160	6	7
161	6	2
162	6	2
163	6	9
164	6	5
165	6	10
167	6	2
168	6	2
169	6	8
170	6	8
171	6	9
172	6	5
173	6	8
174	6	4
175	6	3
176	6	2
177	6	10
178	6	9
179	6	5
180	6	7
181	6	7
182	6	5
183	6	5
184	6	7
185	6	6
186	6	3
187	6	6
189	6	7
190	6	9
191	6	5
192	6	9
193	6	4
194	6	6
195	6	6
196	6	1
197	6	2
198	6	8
199	6	4
200	6	9
201	6	4
202	6	3
203	6	5
204	6	8
205	6	2
206	6	5
207	6	1
208	6	10
209	6	1
210	6	5
211	6	7
212	6	7
213	6	5
214	6	9
215	6	9
216	6	5
217	6	1
219	6	1
220	6	8
221	6	3
222	6	3
223	6	9
224	6	7
225	6	10
226	6	7
227	6	7
228	6	7
230	6	8
231	6	7
232	6	9
233	6	1
234	6	8
236	6	5
237	6	10
238	6	2
239	6	3
240	6	2
241	6	2
242	6	7
243	6	3
245	6	2
246	6	7
247	6	9
248	6	10
249	6	7
250	6	9
251	6	3
252	6	3
253	6	3
254	6	8
255	6	1
257	6	7
258	6	4
259	6	9
260	6	7
262	6	5
263	6	5
264	6	4
265	6	9
266	6	4
267	6	8
269	6	7
270	6	6
271	6	6
272	6	5
273	6	5
274	6	4
275	6	2
276	6	7
277	6	2
278	6	8
280	6	6
281	6	10
282	6	3
283	6	8
284	6	5
285	6	5
286	6	9
287	6	8
288	6	8
289	6	9
290	6	9
291	6	3
292	6	9
0	7	1
1	7	6
2	7	10
3	7	8
4	7	3
5	7	10
6	7	10
7	7	1
8	7	4
9	7	5
10	7	3
11	7	3
12	7	3
13	7	9
14	7	4
15	7	8
17	7	8
18	7	3
19	7	5
20	7	3
21	7	6
22	7	5
24	7	1
25	7	7
26	7	10
28	7	10
29	7	2
30	7	3
31	7	2
32	7	9
33	7	5
34	7	8
35	7	6
36	7	6
37	7	8
38	7	10
39	7	3
40	7	1
41	7	6
42	7	6
43	7	5
44	7	3
45	7	3
46	7	3
47	7	2
48	7	10
49	7	2
50	7	1
51	7	2
54	7	6
55	7	7
56	7	7
57	7	2
58	7	2
59	7	8
60	7	9
61	7	7
62	7	3
63	7	10
64	7	1
65	7	4
66	7	3
67	7	2
68	7	5
69	7	4
70	7	10
71	7	3
72	7	3
73	7	7
74	7	4
75	7	7
77	7	8
78	7	3
80	7	3
81	7	7
82	7	4
83	7	2
84	7	6
85	7	1
86	7	3
87	7	3
88	7	8
89	7	10
92	7	8
93	7	6
94	7	5
95	7	4
96	7	9
97	7	7
98	7	4
99	7	10
100	7	2
101	7	3
102	7	9
103	7	3
104	7	2
105	7	3
106	7	5
107	7	2
108	7	4
109	7	3
111	7	9
112	7	7
113	7	3
114	7	9
115	7	2
117	7	1
118	7	10
119	7	6
120	7	5
121	7	4
122	7	7
123	7	8
124	7	9
125	7	4
126	7	9
128	7	9
129	7	8
130	7	5
131	7	2
132	7	1
134	7	3
135	7	3
136	7	7
138	7	7
139	7	1
140	7	10
141	7	3
142	7	9
144	7	5
145	7	10
146	7	5
147	7	4
148	7	7
149	7	10
150	7	3
151	7	1
152	7	5
153	7	3
154	7	10
155	7	6
156	7	9
157	7	5
158	7	4
159	7	6
160	7	3
161	7	1
163	7	3
164	7	6
165	7	4
166	7	4
167	7	5
168	7	1
169	7	6
170	7	5
171	7	9
172	7	9
173	7	2
174	7	10
175	7	8
176	7	6
177	7	2
178	7	9
179	7	7
180	7	3
181	7	4
182	7	5
183	7	8
184	7	2
185	7	3
186	7	2
187	7	8
188	7	6
189	7	2
190	7	4
191	7	1
192	7	9
193	7	6
194	7	1
195	7	5
196	7	2
197	7	8
198	7	9
199	7	3
200	7	2
201	7	3
202	7	2
203	7	10
204	7	8
205	7	2
206	7	9
207	7	2
208	7	5
209	7	6
210	7	10
211	7	5
212	7	6
213	7	6
214	7	7
215	7	2
216	7	4
217	7	4
218	7	6
219	7	3
220	7	8
221	7	2
222	7	9
223	7	3
224	7	3
225	7	4
226	7	7
227	7	10
228	7	7
229	7	6
231	7	9
233	7	9
234	7	4
236	7	10
237	7	10
238	7	3
239	7	4
240	7	6
241	7	5
242	7	1
243	7	7
244	7	6
245	7	4
246	7	2
247	7	5
248	7	1
249	7	5
250	7	6
251	7	3
252	7	9
254	7	2
255	7	9
256	7	1
257	7	9
258	7	10
260	7	7
261	7	10
262	7	4
263	7	4
264	7	10
265	7	1
266	7	5
267	7	7
268	7	6
269	7	8
270	7	6
271	7	4
272	7	2
274	7	6
275	7	5
276	7	8
277	7	4
278	7	5
279	7	1
280	7	4
281	7	4
282	7	9
283	7	5
284	7	7
285	7	8
286	7	7
287	7	4
288	7	2
289	7	3
290	7	10
291	7	9
0	8	6
1	8	4
2	8	2
3	8	7
4	8	6
5	8	10
6	8	8
7	8	3
8	8	5
9	8	9
10	8	7
11	8	8
12	8	3
13	8	4
14	8	4
15	8	2
16	8	9
17	8	6
18	8	1
20	8	3
21	8	4
22	8	5
23	8	7
24	8	1
25	8	4
26	8	3
27	8	9
28	8	4
29	8	3
31	8	9
32	8	1
33	8	2
34	8	5
35	8	4
36	8	8
37	8	2
38	8	10
39	8	9
40	8	6
41	8	5
42	8	4
43	8	4
44	8	4
45	8	1
46	8	5
48	8	3
49	8	6
51	8	2
52	8	3
53	8	9
54	8	10
57	8	3
59	8	2
60	8	3
61	8	9
62	8	5
63	8	4
64	8	3
65	8	1
66	8	7
67	8	2
68	8	1
69	8	1
70	8	4
71	8	9
72	8	8
73	8	7
74	8	4
75	8	8
76	8	4
77	8	5
78	8	8
79	8	10
80	8	4
81	8	7
82	8	2
83	8	9
84	8	2
85	8	8
86	8	9
87	8	5
88	8	3
89	8	4
90	8	6
91	8	5
92	8	6
93	8	1
96	8	5
97	8	6
98	8	5
99	8	7
100	8	6
101	8	9
102	8	8
103	8	7
104	8	2
105	8	7
106	8	8
107	8	6
108	8	2
109	8	4
110	8	9
111	8	5
112	8	1
114	8	10
115	8	8
116	8	3
117	8	1
118	8	5
119	8	1
120	8	6
121	8	6
122	8	5
124	8	1
125	8	4
126	8	5
127	8	8
128	8	7
129	8	3
130	8	1
131	8	7
132	8	3
133	8	4
134	8	6
135	8	2
136	8	8
137	8	6
138	8	3
139	8	10
140	8	2
141	8	9
142	8	3
143	8	7
144	8	4
146	8	5
147	8	10
148	8	2
149	8	9
150	8	5
151	8	9
152	8	1
153	8	3
154	8	8
155	8	6
156	8	8
157	8	1
158	8	9
160	8	4
161	8	2
162	8	10
164	8	5
165	8	3
166	8	10
167	8	4
169	8	10
170	8	10
171	8	3
172	8	8
173	8	2
174	8	2
175	8	5
176	8	4
177	8	9
178	8	4
179	8	9
180	8	1
181	8	5
182	8	5
183	8	6
184	8	4
185	8	5
188	8	9
189	8	8
190	8	1
191	8	4
192	8	5
193	8	4
194	8	1
195	8	2
196	8	8
197	8	7
198	8	10
199	8	8
200	8	10
201	8	6
202	8	1
203	8	5
204	8	5
205	8	7
207	8	10
208	8	5
209	8	3
210	8	2
211	8	6
212	8	2
213	8	5
214	8	6
215	8	4
216	8	3
217	8	7
219	8	4
220	8	6
221	8	2
222	8	4
223	8	2
224	8	8
225	8	8
226	8	3
227	8	7
228	8	8
229	8	4
230	8	4
232	8	6
233	8	2
234	8	9
235	8	9
236	8	8
237	8	2
238	8	5
239	8	8
240	8	8
241	8	7
242	8	4
243	8	8
244	8	6
245	8	8
246	8	9
247	8	5
248	8	1
249	8	10
251	8	1
252	8	1
253	8	6
254	8	1
255	8	8
256	8	2
257	8	1
258	8	8
259	8	2
260	8	8
261	8	2
262	8	4
263	8	8
264	8	6
265	8	3
266	8	7
267	8	6
268	8	7
269	8	7
270	8	8
272	8	7
273	8	3
274	8	9
275	8	4
276	8	10
277	8	1
278	8	7
279	8	6
280	8	1
281	8	9
282	8	2
283	8	3
284	8	6
286	8	3
287	8	5
288	8	3
289	8	9
1	9	1
2	9	8
4	9	6
5	9	10
6	9	8
7	9	9
8	9	10
9	9	4
10	9	5
11	9	9
12	9	1
13	9	6
14	9	10
16	9	4
17	9	5
18	9	5
19	9	1
20	9	1
21	9	9
22	9	6
23	9	9
24	9	10
25	9	7
27	9	6
28	9	4
29	9	10
30	9	1
31	9	10
32	9	7
33	9	5
34	9	6
35	9	2
36	9	5
37	9	6
38	9	3
39	9	5
40	9	6
41	9	1
42	9	10
43	9	8
44	9	3
46	9	2
47	9	4
48	9	4
49	9	9
50	9	2
51	9	5
52	9	3
54	9	1
55	9	5
56	9	4
57	9	5
58	9	5
60	9	4
61	9	4
63	9	3
64	9	9
65	9	2
66	9	5
67	9	1
68	9	1
69	9	8
70	9	2
71	9	6
72	9	9
73	9	5
74	9	6
76	9	6
77	9	4
78	9	4
79	9	1
80	9	3
81	9	4
82	9	6
83	9	5
84	9	8
85	9	9
86	9	7
87	9	7
88	9	2
89	9	3
90	9	6
91	9	5
92	9	10
93	9	9
94	9	1
95	9	4
96	9	4
97	9	8
98	9	8
99	9	10
100	9	1
101	9	4
103	9	2
104	9	9
105	9	9
106	9	4
107	9	3
108	9	8
109	9	2
110	9	7
112	9	10
113	9	5
114	9	6
115	9	4
116	9	4
117	9	6
118	9	9
119	9	6
120	9	7
121	9	1
122	9	9
123	9	4
124	9	10
125	9	9
126	9	6
127	9	10
128	9	10
129	9	5
130	9	9
131	9	6
132	9	2
133	9	6
134	9	8
135	9	2
136	9	8
137	9	2
138	9	6
139	9	7
140	9	5
141	9	8
142	9	9
143	9	5
144	9	2
145	9	2
146	9	4
147	9	7
148	9	1
149	9	9
150	9	1
151	9	10
152	9	1
153	9	6
154	9	5
155	9	8
156	9	10
158	9	8
159	9	10
160	9	8
161	9	2
163	9	6
164	9	10
165	9	10
166	9	5
167	9	9
168	9	10
169	9	1
170	9	6
171	9	3
172	9	4
173	9	9
174	9	5
176	9	3
177	9	2
179	9	9
180	9	7
181	9	5
182	9	4
184	9	5
186	9	3
187	9	10
188	9	4
189	9	6
190	9	10
191	9	10
192	9	6
193	9	6
194	9	5
195	9	4
196	9	4
198	9	7
199	9	3
200	9	1
201	9	3
202	9	3
203	9	6
204	9	3
205	9	3
206	9	1
207	9	4
208	9	2
209	9	6
210	9	4
211	9	5
212	9	10
213	9	4
214	9	7
216	9	8
217	9	3
218	9	8
219	9	4
220	9	10
222	9	7
223	9	9
224	9	2
225	9	2
226	9	9
227	9	9
228	9	1
229	9	5
230	9	1
231	9	1
232	9	8
233	9	5
234	9	3
235	9	6
236	9	7
237	9	10
238	9	5
239	9	1
240	9	10
241	9	10
243	9	4
244	9	6
245	9	1
246	9	9
248	9	7
249	9	3
250	9	4
251	9	6
252	9	6
253	9	8
254	9	5
255	9	7
256	9	9
257	9	7
258	9	5
259	9	4
260	9	4
261	9	10
262	9	10
263	9	2
264	9	6
265	9	10
266	9	9
267	9	5
268	9	3
269	9	9
270	9	6
271	9	1
272	9	10
273	9	1
274	9	5
275	9	2
277	9	7
278	9	10
279	9	1
280	9	8
281	9	1
282	9	2
283	9	7
284	9	10
285	9	9
286	9	2
287	9	1
0	10	4
1	10	8
2	10	6
3	10	4
4	10	5
5	10	5
6	10	3
7	10	1
8	10	4
9	10	10
10	10	10
12	10	1
13	10	9
14	10	9
15	10	6
16	10	3
17	10	10
18	10	4
19	10	8
21	10	2
22	10	7
23	10	4
24	10	8
25	10	1
26	10	2
27	10	10
28	10	6
29	10	7
30	10	9
31	10	1
32	10	3
33	10	8
34	10	7
35	10	10
36	10	3
38	10	10
39	10	3
40	10	6
42	10	5
43	10	7
44	10	9
45	10	9
47	10	5
48	10	1
49	10	4
50	10	6
51	10	5
52	10	3
53	10	3
54	10	4
55	10	6
56	10	1
57	10	3
58	10	2
59	10	2
60	10	2
61	10	3
62	10	3
63	10	7
64	10	9
66	10	9
67	10	2
68	10	8
70	10	2
71	10	5
72	10	7
74	10	2
76	10	8
77	10	5
78	10	2
79	10	5
80	10	2
82	10	3
83	10	6
84	10	1
85	10	9
86	10	8
87	10	9
88	10	4
89	10	4
90	10	6
91	10	3
92	10	7
93	10	7
94	10	7
95	10	8
96	10	8
97	10	8
98	10	10
99	10	4
100	10	6
101	10	4
102	10	5
103	10	5
105	10	1
106	10	2
107	10	9
108	10	10
109	10	9
110	10	9
112	10	5
113	10	3
115	10	2
116	10	1
117	10	9
118	10	7
119	10	9
120	10	9
121	10	8
122	10	2
123	10	8
125	10	8
126	10	7
127	10	6
128	10	10
129	10	9
130	10	4
131	10	7
132	10	10
133	10	6
134	10	2
135	10	5
136	10	3
137	10	3
138	10	3
139	10	1
140	10	9
141	10	8
142	10	1
143	10	2
144	10	5
145	10	7
146	10	5
147	10	10
148	10	6
150	10	6
151	10	3
152	10	4
153	10	3
154	10	1
155	10	3
156	10	9
157	10	7
158	10	6
160	10	5
161	10	8
162	10	6
163	10	1
164	10	4
165	10	4
166	10	5
167	10	3
168	10	5
169	10	3
170	10	5
171	10	9
172	10	8
173	10	5
174	10	8
175	10	1
177	10	4
178	10	3
179	10	2
180	10	4
182	10	5
183	10	9
185	10	6
186	10	5
187	10	2
188	10	5
189	10	6
190	10	10
191	10	5
192	10	6
193	10	3
194	10	1
195	10	10
197	10	7
198	10	10
199	10	4
200	10	10
201	10	1
202	10	1
203	10	5
204	10	10
205	10	4
206	10	9
207	10	3
208	10	6
209	10	9
211	10	4
212	10	7
213	10	2
215	10	5
216	10	1
217	10	2
218	10	2
219	10	10
220	10	5
221	10	6
222	10	9
223	10	3
224	10	9
225	10	4
226	10	6
228	10	7
229	10	7
230	10	6
231	10	1
233	10	4
234	10	3
235	10	10
236	10	7
237	10	3
238	10	3
239	10	3
240	10	9
241	10	8
242	10	2
246	10	5
247	10	6
248	10	2
249	10	7
250	10	3
251	10	7
252	10	4
253	10	9
254	10	4
255	10	10
256	10	4
257	10	10
258	10	8
260	10	3
262	10	7
263	10	1
264	10	1
265	10	8
266	10	4
267	10	4
268	10	2
269	10	6
270	10	3
271	10	6
272	10	10
273	10	4
274	10	4
275	10	6
276	10	5
277	10	6
278	10	5
279	10	3
280	10	5
281	10	9
282	10	9
283	10	6
284	10	8
285	10	3
0	11	3
1	11	6
2	11	4
3	11	4
4	11	10
6	11	3
7	11	2
8	11	5
9	11	5
10	11	3
11	11	10
12	11	9
13	11	10
14	11	3
15	11	8
16	11	7
17	11	9
18	11	5
19	11	8
21	11	3
22	11	9
23	11	7
24	11	9
26	11	6
27	11	5
28	11	5
29	11	3
30	11	4
31	11	3
32	11	9
33	11	5
34	11	6
35	11	4
37	11	8
38	11	9
39	11	4
40	11	1
41	11	4
42	11	1
45	11	9
46	11	1
47	11	6
48	11	5
49	11	9
50	11	6
51	11	7
52	11	9
53	11	5
55	11	10
56	11	3
57	11	5
58	11	7
59	11	2
60	11	2
61	11	7
62	11	5
63	11	7
64	11	9
65	11	2
66	11	8
67	11	8
68	11	5
69	11	1
70	11	2
71	11	6
72	11	5
73	11	9
74	11	10
75	11	5
76	11	6
77	11	6
79	11	1
80	11	5
81	11	6
82	11	4
83	11	2
84	11	4
85	11	1
86	11	2
87	11	2
88	11	2
89	11	1
90	11	1
91	11	1
93	11	8
94	11	6
96	11	7
97	11	9
98	11	8
100	11	10
101	11	2
102	11	9
103	11	8
104	11	6
105	11	9
106	11	7
107	11	8
108	11	3
109	11	9
110	11	7
111	11	6
112	11	8
114	11	9
115	11	9
116	11	7
117	11	6
118	11	7
119	11	5
120	11	2
121	11	5
122	11	8
123	11	4
124	11	5
125	11	4
126	11	10
127	11	1
128	11	6
129	11	2
130	11	6
131	11	3
132	11	5
133	11	7
134	11	4
135	11	6
136	11	9
137	11	5
138	11	6
139	11	2
140	11	1
141	11	8
142	11	6
143	11	2
144	11	7
145	11	9
146	11	5
147	11	4
148	11	8
149	11	1
150	11	8
151	11	8
153	11	3
155	11	10
156	11	7
157	11	1
158	11	2
159	11	9
160	11	3
161	11	4
162	11	6
164	11	1
165	11	6
166	11	6
167	11	9
168	11	8
169	11	6
170	11	9
171	11	10
172	11	3
173	11	1
174	11	7
175	11	2
177	11	6
178	11	3
179	11	8
180	11	5
181	11	5
182	11	3
183	11	8
184	11	9
185	11	2
186	11	10
187	11	8
188	11	6
189	11	8
190	11	2
191	11	8
193	11	9
194	11	9
195	11	7
196	11	4
197	11	4
198	11	6
199	11	9
200	11	1
201	11	7
202	11	7
203	11	8
204	11	4
205	11	4
206	11	5
207	11	6
208	11	4
209	11	9
210	11	1
211	11	7
212	11	6
213	11	10
214	11	9
215	11	2
216	11	7
217	11	8
218	11	6
219	11	3
220	11	9
221	11	8
222	11	5
223	11	1
224	11	10
226	11	6
227	11	1
228	11	1
229	11	7
230	11	6
231	11	1
232	11	9
233	11	6
234	11	9
235	11	7
236	11	9
237	11	1
238	11	6
239	11	8
240	11	1
241	11	2
242	11	5
243	11	3
244	11	5
245	11	1
246	11	3
248	11	1
249	11	8
251	11	1
252	11	4
253	11	8
254	11	3
255	11	7
256	11	7
257	11	10
258	11	9
259	11	6
260	11	6
261	11	1
263	11	4
264	11	8
266	11	2
267	11	6
269	11	6
270	11	2
271	11	3
272	11	10
273	11	3
274	11	9
275	11	7
276	11	10
277	11	6
278	11	4
279	11	1
280	11	4
281	11	5
282	11	1
283	11	1
0	12	3
1	12	8
2	12	1
3	12	9
4	12	10
5	12	7
6	12	4
7	12	10
8	12	7
9	12	5
10	12	8
11	12	1
13	12	1
14	12	2
15	12	1
16	12	2
17	12	1
18	12	3
19	12	6
20	12	10
21	12	9
22	12	1
23	12	5
24	12	10
25	12	6
26	12	10
27	12	8
28	12	3
29	12	1
30	12	8
31	12	7
32	12	2
33	12	2
35	12	3
36	12	4
37	12	5
39	12	8
40	12	2
41	12	8
42	12	6
43	12	8
44	12	4
45	12	6
46	12	5
47	12	1
48	12	3
49	12	9
50	12	5
51	12	7
52	12	7
53	12	9
54	12	6
55	12	7
57	12	6
58	12	2
59	12	6
61	12	9
62	12	1
63	12	7
64	12	10
65	12	5
66	12	7
67	12	6
69	12	3
70	12	6
71	12	1
72	12	1
73	12	3
74	12	10
75	12	9
76	12	2
77	12	4
78	12	3
79	12	7
80	12	4
81	12	4
82	12	2
83	12	2
84	12	4
85	12	9
86	12	1
87	12	6
88	12	2
89	12	9
90	12	7
91	12	10
92	12	5
93	12	7
94	12	1
95	12	4
96	12	5
97	12	7
98	12	3
100	12	4
102	12	1
103	12	6
104	12	6
105	12	10
106	12	8
107	12	8
108	12	10
109	12	1
110	12	8
111	12	8
112	12	9
114	12	5
115	12	10
116	12	5
117	12	2
119	12	7
122	12	2
123	12	2
124	12	5
125	12	8
126	12	6
127	12	3
128	12	2
129	12	6
130	12	9
131	12	9
132	12	7
134	12	2
135	12	5
136	12	6
137	12	9
138	12	9
139	12	7
140	12	2
141	12	4
142	12	1
143	12	7
144	12	8
145	12	10
146	12	7
147	12	2
148	12	4
149	12	2
150	12	10
151	12	9
152	12	2
153	12	8
154	12	3
155	12	8
156	12	6
157	12	4
158	12	10
160	12	10
161	12	9
162	12	9
163	12	2
164	12	3
165	12	7
167	12	2
168	12	2
169	12	10
170	12	2
171	12	10
172	12	8
173	12	9
174	12	5
175	12	6
176	12	6
177	12	3
178	12	2
180	12	3
181	12	9
182	12	5
183	12	9
184	12	4
185	12	9
186	12	1
187	12	4
188	12	10
189	12	4
190	12	1
191	12	9
192	12	3
193	12	7
194	12	6
196	12	2
197	12	3
198	12	3
199	12	1
200	12	9
201	12	4
202	12	6
203	12	5
204	12	1
205	12	3
206	12	1
207	12	6
208	12	4
209	12	3
210	12	10
211	12	6
212	12	10
213	12	8
214	12	6
215	12	9
216	12	5
217	12	2
218	12	1
219	12	2
220	12	3
221	12	8
222	12	4
223	12	5
224	12	2
225	12	1
226	12	3
227	12	2
228	12	8
229	12	8
231	12	9
232	12	4
233	12	10
235	12	8
236	12	3
237	12	1
238	12	6
239	12	1
240	12	5
243	12	6
244	12	7
245	12	3
246	12	8
247	12	8
248	12	8
249	12	5
250	12	10
251	12	8
252	12	8
254	12	7
255	12	10
256	12	6
257	12	8
258	12	4
259	12	8
260	12	4
261	12	5
263	12	3
264	12	5
265	12	2
266	12	1
267	12	9
268	12	10
269	12	4
270	12	7
271	12	5
272	12	8
273	12	5
275	12	3
276	12	9
277	12	1
278	12	10
279	12	4
280	12	8
281	12	5
1	13	4
2	13	4
3	13	2
4	13	4
9	13	9
10	13	8
11	13	6
12	13	4
13	13	7
15	13	8
16	13	10
17	13	6
18	13	1
19	13	2
20	13	6
21	13	2
23	13	5
24	13	3
26	13	7
27	13	4
28	13	10
31	13	10
32	13	4
33	13	10
34	13	2
35	13	7
36	13	4
37	13	7
38	13	10
39	13	10
40	13	7
41	13	8
42	13	2
43	13	9
44	13	9
46	13	2
47	13	8
48	13	6
49	13	7
50	13	7
51	13	6
52	13	2
53	13	4
54	13	5
55	13	6
56	13	5
57	13	2
59	13	6
60	13	1
61	13	6
62	13	2
64	13	5
65	13	3
66	13	3
67	13	7
68	13	1
69	13	1
70	13	5
71	13	1
72	13	4
73	13	2
74	13	10
75	13	1
76	13	7
77	13	6
78	13	2
79	13	8
80	13	6
81	13	10
82	13	3
83	13	9
84	13	6
85	13	3
86	13	5
87	13	8
88	13	5
89	13	10
90	13	2
91	13	10
94	13	3
95	13	10
96	13	2
97	13	4
98	13	1
99	13	10
100	13	3
101	13	5
102	13	5
103	13	7
104	13	8
105	13	6
106	13	5
107	13	7
108	13	10
109	13	1
110	13	4
111	13	7
112	13	7
113	13	8
115	13	1
116	13	2
117	13	7
118	13	3
119	13	7
120	13	5
121	13	6
122	13	1
123	13	10
124	13	10
125	13	4
126	13	10
127	13	7
129	13	5
130	13	1
131	13	8
132	13	3
133	13	2
134	13	1
135	13	1
136	13	4
137	13	10
139	13	9
140	13	9
142	13	5
143	13	8
144	13	4
145	13	5
146	13	1
148	13	10
149	13	3
150	13	1
151	13	3
152	13	3
153	13	1
154	13	4
156	13	2
157	13	7
158	13	7
159	13	4
160	13	6
161	13	7
162	13	3
163	13	7
165	13	8
167	13	9
168	13	4
169	13	5
170	13	10
171	13	9
172	13	1
173	13	7
174	13	2
175	13	10
176	13	10
177	13	9
178	13	4
179	13	5
180	13	8
181	13	9
182	13	6
183	13	8
184	13	3
185	13	2
187	13	3
188	13	1
189	13	7
190	13	4
191	13	7
192	13	8
195	13	9
196	13	5
197	13	6
198	13	1
199	13	3
200	13	4
202	13	2
203	13	3
204	13	1
205	13	4
206	13	10
208	13	2
209	13	1
211	13	8
212	13	9
213	13	9
214	13	3
215	13	7
216	13	10
217	13	9
218	13	9
219	13	5
220	13	3
221	13	4
222	13	9
223	13	1
224	13	9
225	13	3
226	13	6
227	13	8
228	13	6
229	13	2
231	13	5
232	13	9
233	13	1
234	13	5
235	13	1
236	13	2
237	13	1
238	13	8
239	13	10
240	13	6
241	13	5
242	13	7
243	13	3
244	13	3
245	13	2
246	13	2
247	13	4
248	13	10
249	13	9
250	13	2
251	13	6
252	13	1
253	13	6
254	13	8
255	13	10
256	13	2
257	13	8
258	13	2
259	13	4
260	13	5
261	13	9
262	13	1
263	13	10
264	13	6
265	13	6
266	13	8
267	13	8
269	13	5
270	13	10
271	13	3
272	13	1
273	13	10
274	13	7
275	13	9
276	13	9
277	13	1
278	13	1
279	13	10
0	14	7
1	14	6
2	14	9
3	14	10
4	14	5
6	14	1
7	14	4
8	14	8
9	14	10
10	14	7
11	14	10
14	14	2
15	14	5
16	14	10
17	14	3
18	14	4
19	14	4
20	14	1
21	14	9
22	14	3
23	14	10
24	14	8
25	14	2
26	14	9
27	14	10
28	14	8
29	14	9
30	14	9
31	14	4
32	14	3
33	14	9
34	14	7
35	14	7
36	14	4
37	14	8
38	14	3
39	14	8
40	14	4
41	14	1
42	14	7
43	14	8
44	14	2
45	14	1
46	14	2
47	14	8
48	14	2
49	14	6
50	14	10
51	14	1
52	14	2
53	14	6
54	14	2
55	14	8
56	14	9
57	14	4
58	14	5
59	14	1
60	14	3
61	14	6
63	14	9
64	14	1
65	14	10
66	14	2
67	14	2
68	14	7
69	14	10
70	14	7
72	14	3
73	14	2
74	14	4
75	14	9
76	14	6
77	14	9
78	14	1
79	14	10
80	14	3
81	14	7
82	14	2
83	14	10
84	14	9
85	14	6
86	14	5
87	14	3
89	14	8
90	14	6
91	14	7
92	14	2
93	14	8
94	14	9
95	14	4
96	14	6
98	14	4
99	14	2
100	14	3
101	14	8
102	14	5
103	14	1
104	14	8
106	14	5
107	14	9
108	14	5
109	14	10
110	14	6
111	14	2
112	14	6
113	14	4
114	14	3
115	14	5
116	14	6
117	14	3
118	14	10
119	14	1
120	14	3
121	14	10
122	14	1
123	14	6
124	14	2
125	14	1
126	14	4
127	14	9
128	14	2
129	14	1
130	14	5
131	14	7
133	14	3
134	14	10
136	14	2
137	14	7
138	14	6
139	14	5
140	14	4
141	14	3
142	14	5
144	14	4
145	14	7
148	14	10
149	14	6
150	14	5
151	14	3
152	14	3
153	14	8
154	14	7
155	14	4
156	14	4
157	14	9
158	14	9
159	14	5
160	14	3
161	14	10
162	14	2
163	14	4
164	14	2
165	14	3
166	14	7
167	14	2
168	14	6
169	14	10
170	14	7
171	14	2
172	14	9
173	14	5
174	14	10
175	14	3
176	14	6
177	14	9
179	14	5
180	14	10
181	14	2
182	14	2
183	14	1
184	14	7
185	14	7
186	14	5
187	14	5
188	14	6
189	14	7
190	14	8
191	14	7
193	14	3
194	14	9
195	14	10
196	14	4
197	14	8
198	14	6
199	14	2
200	14	8
201	14	1
202	14	1
203	14	8
204	14	5
205	14	9
206	14	4
207	14	7
208	14	1
209	14	9
210	14	8
211	14	7
212	14	6
214	14	3
215	14	6
216	14	7
217	14	2
218	14	9
219	14	6
220	14	9
221	14	10
222	14	9
223	14	6
224	14	8
225	14	9
226	14	1
227	14	3
229	14	2
230	14	10
231	14	4
233	14	3
234	14	7
236	14	2
237	14	6
238	14	10
239	14	2
240	14	1
241	14	4
242	14	1
243	14	7
244	14	3
245	14	10
247	14	2
248	14	9
249	14	9
250	14	7
251	14	2
252	14	2
253	14	10
254	14	4
255	14	10
256	14	7
257	14	2
258	14	7
259	14	7
260	14	8
261	14	2
262	14	9
263	14	5
264	14	7
265	14	10
266	14	6
267	14	4
268	14	7
269	14	1
271	14	7
273	14	9
274	14	9
275	14	4
276	14	8
277	14	8
0	15	9
1	15	5
2	15	10
4	15	2
5	15	4
6	15	7
7	15	3
8	15	4
9	15	3
10	15	10
11	15	5
12	15	3
14	15	3
15	15	5
16	15	9
17	15	4
18	15	10
19	15	10
20	15	9
21	15	3
22	15	3
23	15	10
24	15	6
25	15	1
26	15	9
27	15	6
28	15	5
29	15	8
30	15	6
32	15	2
33	15	5
34	15	2
35	15	5
36	15	5
37	15	7
38	15	2
40	15	2
41	15	10
42	15	7
43	15	1
44	15	3
45	15	8
46	15	9
47	15	1
48	15	1
49	15	3
50	15	8
51	15	7
52	15	5
54	15	1
55	15	10
56	15	9
57	15	2
58	15	1
59	15	10
60	15	5
61	15	9
62	15	1
63	15	5
64	15	2
65	15	5
66	15	1
67	15	1
68	15	10
69	15	7
70	15	7
71	15	10
72	15	8
74	15	4
75	15	7
76	15	5
78	15	2
80	15	9
81	15	9
82	15	10
83	15	8
84	15	10
85	15	3
86	15	10
87	15	3
88	15	5
89	15	7
90	15	7
91	15	10
92	15	6
93	15	10
95	15	3
96	15	4
97	15	3
98	15	1
99	15	7
100	15	8
101	15	3
103	15	10
104	15	1
105	15	3
106	15	4
107	15	10
108	15	6
109	15	5
110	15	8
111	15	4
112	15	9
113	15	6
114	15	8
116	15	4
117	15	10
118	15	7
119	15	2
120	15	2
121	15	2
122	15	10
124	15	3
126	15	6
128	15	8
129	15	3
130	15	1
131	15	4
132	15	2
133	15	8
134	15	9
135	15	2
137	15	5
138	15	6
139	15	9
140	15	3
141	15	8
142	15	9
143	15	9
144	15	4
145	15	8
146	15	4
147	15	7
149	15	4
150	15	8
151	15	3
153	15	8
154	15	10
155	15	1
156	15	10
157	15	5
158	15	1
159	15	4
161	15	2
162	15	5
163	15	10
164	15	5
165	15	4
166	15	2
167	15	3
168	15	1
169	15	8
170	15	6
171	15	10
172	15	8
173	15	5
174	15	9
175	15	10
176	15	3
177	15	6
178	15	8
179	15	7
180	15	8
181	15	7
182	15	1
183	15	1
187	15	1
188	15	4
189	15	10
190	15	5
191	15	4
192	15	10
194	15	10
195	15	5
196	15	5
197	15	8
198	15	3
199	15	7
200	15	8
201	15	1
202	15	3
203	15	9
204	15	6
205	15	1
206	15	10
207	15	2
208	15	7
209	15	1
210	15	9
211	15	6
212	15	4
213	15	7
214	15	3
215	15	1
216	15	10
217	15	5
218	15	2
219	15	4
220	15	7
221	15	10
222	15	7
223	15	4
224	15	4
225	15	6
226	15	2
227	15	2
228	15	3
229	15	4
230	15	9
231	15	6
232	15	2
233	15	3
234	15	2
235	15	9
236	15	1
237	15	1
238	15	3
240	15	3
241	15	2
242	15	10
243	15	2
244	15	1
246	15	3
247	15	7
248	15	4
249	15	8
250	15	9
251	15	8
252	15	3
254	15	4
255	15	1
256	15	5
257	15	4
258	15	9
259	15	3
260	15	3
262	15	8
263	15	8
264	15	9
265	15	10
266	15	5
268	15	7
269	15	1
270	15	6
271	15	8
272	15	7
273	15	2
274	15	10
275	15	10
0	16	8
1	16	3
3	16	8
4	16	1
5	16	3
6	16	7
7	16	9
9	16	7
10	16	3
11	16	8
12	16	5
13	16	7
14	16	8
15	16	5
16	16	7
17	16	6
19	16	2
20	16	8
21	16	3
22	16	8
24	16	7
25	16	10
26	16	1
27	16	8
28	16	9
29	16	5
30	16	2
31	16	2
32	16	4
33	16	9
34	16	8
35	16	7
36	16	9
37	16	2
40	16	4
41	16	3
42	16	8
43	16	8
45	16	5
47	16	8
48	16	2
49	16	6
50	16	7
51	16	9
52	16	10
53	16	9
54	16	7
55	16	3
56	16	2
57	16	9
58	16	8
59	16	7
60	16	1
61	16	5
62	16	10
63	16	10
64	16	2
65	16	4
66	16	9
67	16	1
68	16	5
69	16	8
70	16	6
71	16	8
72	16	10
73	16	10
74	16	1
75	16	1
76	16	2
77	16	3
78	16	9
79	16	9
80	16	7
81	16	2
82	16	5
83	16	4
84	16	4
85	16	2
86	16	9
87	16	5
88	16	4
89	16	8
90	16	5
91	16	5
92	16	8
93	16	3
94	16	8
95	16	4
96	16	4
97	16	1
98	16	4
99	16	4
100	16	10
101	16	5
102	16	5
103	16	9
104	16	4
105	16	9
106	16	5
107	16	1
109	16	1
110	16	9
111	16	7
112	16	3
113	16	4
114	16	8
116	16	6
117	16	5
118	16	6
119	16	5
120	16	8
121	16	2
123	16	3
124	16	8
125	16	4
126	16	9
127	16	5
128	16	6
129	16	6
130	16	5
131	16	3
132	16	2
133	16	9
134	16	3
135	16	1
136	16	1
137	16	4
138	16	3
139	16	1
140	16	9
141	16	9
142	16	4
143	16	9
144	16	10
145	16	4
146	16	9
147	16	2
148	16	1
149	16	8
150	16	2
151	16	4
152	16	7
153	16	9
154	16	7
155	16	10
156	16	4
158	16	8
159	16	9
160	16	10
162	16	6
163	16	8
164	16	6
165	16	1
166	16	8
167	16	2
168	16	4
169	16	6
170	16	6
172	16	3
173	16	5
175	16	9
176	16	4
177	16	4
178	16	2
179	16	10
180	16	5
181	16	9
182	16	4
183	16	6
184	16	8
185	16	3
186	16	1
187	16	8
188	16	1
189	16	10
190	16	3
191	16	8
192	16	9
193	16	7
194	16	4
195	16	7
196	16	10
197	16	4
198	16	8
199	16	8
200	16	7
201	16	2
202	16	7
203	16	4
204	16	1
205	16	1
206	16	10
207	16	10
208	16	1
209	16	9
210	16	3
211	16	10
212	16	10
215	16	8
216	16	8
220	16	2
221	16	5
222	16	4
223	16	6
224	16	8
225	16	10
226	16	7
227	16	10
228	16	5
229	16	3
230	16	6
231	16	2
232	16	10
233	16	7
234	16	3
235	16	4
236	16	1
237	16	8
238	16	1
239	16	8
240	16	9
241	16	2
242	16	3
243	16	9
244	16	3
245	16	7
246	16	4
247	16	1
248	16	6
249	16	5
251	16	8
252	16	9
254	16	1
255	16	5
256	16	2
257	16	1
258	16	6
259	16	3
260	16	10
261	16	7
262	16	6
263	16	2
264	16	7
265	16	9
267	16	10
268	16	10
269	16	7
270	16	7
271	16	9
272	16	7
273	16	7
0	17	1
1	17	4
2	17	3
4	17	7
5	17	9
6	17	7
7	17	10
8	17	10
10	17	5
11	17	2
12	17	8
13	17	9
14	17	9
15	17	8
16	17	4
17	17	3
18	17	1
19	17	2
20	17	2
21	17	6
22	17	9
23	17	9
24	17	1
25	17	7
26	17	7
27	17	1
28	17	10
29	17	2
30	17	4
31	17	2
32	17	9
33	17	3
34	17	5
35	17	2
36	17	4
37	17	1
38	17	3
39	17	8
40	17	4
41	17	9
42	17	2
44	17	9
45	17	7
46	17	8
47	17	8
48	17	1
49	17	6
51	17	4
52	17	3
53	17	4
54	17	10
56	17	6
57	17	10
58	17	7
59	17	5
60	17	4
61	17	3
62	17	10
63	17	2
64	17	3
65	17	9
66	17	2
67	17	5
68	17	4
69	17	9
70	17	6
71	17	2
72	17	4
73	17	6
74	17	1
75	17	3
76	17	7
77	17	2
78	17	2
79	17	8
80	17	5
81	17	3
82	17	9
83	17	7
84	17	2
85	17	4
86	17	1
87	17	4
88	17	1
89	17	10
90	17	8
91	17	9
92	17	1
93	17	6
94	17	2
95	17	2
96	17	1
98	17	3
99	17	4
100	17	5
101	17	9
102	17	3
103	17	6
105	17	3
106	17	7
107	17	5
108	17	4
109	17	4
110	17	10
111	17	5
112	17	3
113	17	7
114	17	4
115	17	1
116	17	3
117	17	2
118	17	7
119	17	10
120	17	8
121	17	7
122	17	1
123	17	2
124	17	8
125	17	9
126	17	4
127	17	10
128	17	7
129	17	7
130	17	2
131	17	2
132	17	10
133	17	1
134	17	5
135	17	10
136	17	5
137	17	7
138	17	2
140	17	7
142	17	2
143	17	7
144	17	8
145	17	6
146	17	9
147	17	5
148	17	10
149	17	8
150	17	1
151	17	9
152	17	1
153	17	8
154	17	5
155	17	2
156	17	7
157	17	5
158	17	8
159	17	5
160	17	3
161	17	3
162	17	5
163	17	7
164	17	1
165	17	5
166	17	9
167	17	10
168	17	8
169	17	10
170	17	3
171	17	4
172	17	2
173	17	4
174	17	2
175	17	9
176	17	2
177	17	3
179	17	5
180	17	10
181	17	3
182	17	8
183	17	5
184	17	4
185	17	4
186	17	3
187	17	10
188	17	5
189	17	9
190	17	4
191	17	8
192	17	3
193	17	3
194	17	3
195	17	10
196	17	6
197	17	8
198	17	7
199	17	8
200	17	5
201	17	7
202	17	3
203	17	1
204	17	1
205	17	2
206	17	9
207	17	9
208	17	9
209	17	7
210	17	8
211	17	1
212	17	9
213	17	2
214	17	4
215	17	1
216	17	3
217	17	10
218	17	8
219	17	3
220	17	9
221	17	7
222	17	4
223	17	8
224	17	9
225	17	7
226	17	4
227	17	10
228	17	1
229	17	9
230	17	8
231	17	10
232	17	7
233	17	10
234	17	10
235	17	5
237	17	8
238	17	4
239	17	4
240	17	7
241	17	5
242	17	4
243	17	5
244	17	10
245	17	4
246	17	8
247	17	4
248	17	5
249	17	5
250	17	7
251	17	1
252	17	8
254	17	3
255	17	8
256	17	1
257	17	8
258	17	4
260	17	3
261	17	8
262	17	2
263	17	7
264	17	7
265	17	6
266	17	6
267	17	5
268	17	2
269	17	9
270	17	5
271	17	6
0	18	3
1	18	9
2	18	2
3	18	6
4	18	1
5	18	1
7	18	6
8	18	8
10	18	7
11	18	10
12	18	4
13	18	10
14	18	2
15	18	1
16	18	1
17	18	9
18	18	7
19	18	1
20	18	6
21	18	2
22	18	5
23	18	10
24	18	1
25	18	6
26	18	5
27	18	3
28	18	9
29	18	1
30	18	4
31	18	3
32	18	7
33	18	7
34	18	3
35	18	10
37	18	5
38	18	6
39	18	5
40	18	3
41	18	3
43	18	2
45	18	4
46	18	7
47	18	3
48	18	10
49	18	10
50	18	8
51	18	10
52	18	1
53	18	8
54	18	5
55	18	6
56	18	5
57	18	7
58	18	3
59	18	1
60	18	4
61	18	4
62	18	5
63	18	4
64	18	2
65	18	4
66	18	4
67	18	10
68	18	4
69	18	1
70	18	4
71	18	4
72	18	10
73	18	3
74	18	3
75	18	3
76	18	2
77	18	10
78	18	5
79	18	5
80	18	4
81	18	5
82	18	10
83	18	2
84	18	5
85	18	9
86	18	7
87	18	9
89	18	8
90	18	9
91	18	1
92	18	1
93	18	3
94	18	6
95	18	4
96	18	3
97	18	2
98	18	3
101	18	8
102	18	10
103	18	2
104	18	9
105	18	3
106	18	2
107	18	7
108	18	5
109	18	8
110	18	5
111	18	2
112	18	1
113	18	4
114	18	8
115	18	8
116	18	7
117	18	2
118	18	6
119	18	6
120	18	9
121	18	9
123	18	3
124	18	3
125	18	8
126	18	3
127	18	7
128	18	6
130	18	3
131	18	1
132	18	10
133	18	10
134	18	2
135	18	4
136	18	8
137	18	7
138	18	8
139	18	8
140	18	2
141	18	2
142	18	7
143	18	4
144	18	8
145	18	6
146	18	4
147	18	5
148	18	1
149	18	9
150	18	2
151	18	6
155	18	5
156	18	2
157	18	4
158	18	6
159	18	4
160	18	2
162	18	7
163	18	5
164	18	3
165	18	9
166	18	9
167	18	4
168	18	3
169	18	2
170	18	6
171	18	9
172	18	2
173	18	3
174	18	2
175	18	1
176	18	7
177	18	6
178	18	4
179	18	9
180	18	7
181	18	10
182	18	1
183	18	10
184	18	3
185	18	1
186	18	4
187	18	9
188	18	6
189	18	6
190	18	8
191	18	5
192	18	6
193	18	1
194	18	8
195	18	7
196	18	5
197	18	6
199	18	3
200	18	10
201	18	8
202	18	10
203	18	6
204	18	8
205	18	9
206	18	3
207	18	5
208	18	2
209	18	6
210	18	1
211	18	4
212	18	6
213	18	4
214	18	9
215	18	3
216	18	10
217	18	1
218	18	10
219	18	6
220	18	4
222	18	1
223	18	8
224	18	3
225	18	5
226	18	5
227	18	4
229	18	6
231	18	10
232	18	6
233	18	7
234	18	8
235	18	3
236	18	6
237	18	10
239	18	6
240	18	9
241	18	7
242	18	5
244	18	2
245	18	7
246	18	7
247	18	9
249	18	6
250	18	6
251	18	2
252	18	6
253	18	1
254	18	1
255	18	9
256	18	2
258	18	8
259	18	6
260	18	9
262	18	8
263	18	2
264	18	3
265	18	6
266	18	9
267	18	10
268	18	9
269	18	3
1	19	10
2	19	1
3	19	6
4	19	2
5	19	9
6	19	8
7	19	8
8	19	3
9	19	10
10	19	2
11	19	5
13	19	4
14	19	8
15	19	8
16	19	8
18	19	5
19	19	10
20	19	3
21	19	6
23	19	2
24	19	9
25	19	1
26	19	10
27	19	9
28	19	1
29	19	7
30	19	10
32	19	2
33	19	3
34	19	1
35	19	10
36	19	1
37	19	6
38	19	2
39	19	9
40	19	9
41	19	2
42	19	10
43	19	10
44	19	5
45	19	9
46	19	5
48	19	5
49	19	4
51	19	1
52	19	9
53	19	6
55	19	8
56	19	3
57	19	1
58	19	6
59	19	1
60	19	1
61	19	4
62	19	7
63	19	8
64	19	10
65	19	10
66	19	9
67	19	3
68	19	10
69	19	4
70	19	2
71	19	1
72	19	7
73	19	6
74	19	4
75	19	5
76	19	1
77	19	4
78	19	7
79	19	5
80	19	7
81	19	1
82	19	4
83	19	7
84	19	8
85	19	8
86	19	4
87	19	5
88	19	4
89	19	8
92	19	2
93	19	8
94	19	7
95	19	2
96	19	4
97	19	5
98	19	4
99	19	6
100	19	1
101	19	10
102	19	8
103	19	6
104	19	3
105	19	2
106	19	4
107	19	8
108	19	1
109	19	3
110	19	2
112	19	8
113	19	7
114	19	1
115	19	10
116	19	10
117	19	4
118	19	4
119	19	7
121	19	6
122	19	10
123	19	10
124	19	6
125	19	6
126	19	8
128	19	7
129	19	1
130	19	6
131	19	3
132	19	7
133	19	8
134	19	1
135	19	1
136	19	9
137	19	9
138	19	8
139	19	1
140	19	9
141	19	10
142	19	7
143	19	5
144	19	6
145	19	9
146	19	2
147	19	1
148	19	9
149	19	8
150	19	6
151	19	6
152	19	3
153	19	7
154	19	3
156	19	5
157	19	4
158	19	8
159	19	9
160	19	4
161	19	9
162	19	8
163	19	8
164	19	1
165	19	3
166	19	10
167	19	2
168	19	7
169	19	2
170	19	7
171	19	5
172	19	8
174	19	8
175	19	4
177	19	6
178	19	7
179	19	8
180	19	6
181	19	7
182	19	6
183	19	5
184	19	9
185	19	6
186	19	4
187	19	7
188	19	1
189	19	7
190	19	1
191	19	2
192	19	2
193	19	3
195	19	8
196	19	7
197	19	3
198	19	4
199	19	3
200	19	2
201	19	8
202	19	10
203	19	8
204	19	7
205	19	6
206	19	10
208	19	1
209	19	9
210	19	9
211	19	5
212	19	4
213	19	9
214	19	4
215	19	5
216	19	7
217	19	2
218	19	10
219	19	2
220	19	9
221	19	5
223	19	6
224	19	6
225	19	4
226	19	1
227	19	1
228	19	9
229	19	7
230	19	9
231	19	3
232	19	3
234	19	6
235	19	9
236	19	7
237	19	1
238	19	7
239	19	7
240	19	8
241	19	7
242	19	10
243	19	7
244	19	5
246	19	5
247	19	7
248	19	2
249	19	2
250	19	9
251	19	3
252	19	6
253	19	4
255	19	8
256	19	10
257	19	10
258	19	4
259	19	3
260	19	1
261	19	10
262	19	8
264	19	1
265	19	8
266	19	3
267	19	5
0	20	5
1	20	2
3	20	8
4	20	4
5	20	4
6	20	5
7	20	6
8	20	3
9	20	7
10	20	9
11	20	1
12	20	4
13	20	5
14	20	4
16	20	5
17	20	5
19	20	6
20	20	1
21	20	1
22	20	10
23	20	6
24	20	8
26	20	8
27	20	6
28	20	2
29	20	4
30	20	4
31	20	7
32	20	2
33	20	9
34	20	8
35	20	7
37	20	5
38	20	10
39	20	7
40	20	7
41	20	10
42	20	4
43	20	7
44	20	10
45	20	6
46	20	8
47	20	1
48	20	3
50	20	3
51	20	8
52	20	1
53	20	5
54	20	8
55	20	8
56	20	7
57	20	10
58	20	2
59	20	10
60	20	6
61	20	3
62	20	7
63	20	9
64	20	9
65	20	7
66	20	7
67	20	10
68	20	4
69	20	1
70	20	9
71	20	8
72	20	8
73	20	1
74	20	10
77	20	6
78	20	9
79	20	6
81	20	7
82	20	4
83	20	6
84	20	8
85	20	10
86	20	7
88	20	1
89	20	1
90	20	10
91	20	7
92	20	2
93	20	1
95	20	2
96	20	10
98	20	6
99	20	10
100	20	2
101	20	8
102	20	7
103	20	9
104	20	7
106	20	10
107	20	3
108	20	8
109	20	10
110	20	5
111	20	3
112	20	10
113	20	5
114	20	2
115	20	5
116	20	5
117	20	6
118	20	7
119	20	4
120	20	9
121	20	7
122	20	7
123	20	2
124	20	3
125	20	2
127	20	7
128	20	8
129	20	1
130	20	8
131	20	1
132	20	5
133	20	10
135	20	9
136	20	8
137	20	2
138	20	1
139	20	4
140	20	2
141	20	5
142	20	6
144	20	9
145	20	9
146	20	10
147	20	10
148	20	1
149	20	7
150	20	2
151	20	2
152	20	4
153	20	3
154	20	3
155	20	8
156	20	3
157	20	6
158	20	10
159	20	6
160	20	8
161	20	4
162	20	1
163	20	9
164	20	9
165	20	5
166	20	5
167	20	6
168	20	10
169	20	9
170	20	10
171	20	10
172	20	8
173	20	4
174	20	3
175	20	6
176	20	3
177	20	6
178	20	7
180	20	1
181	20	10
182	20	9
183	20	4
184	20	9
185	20	6
186	20	6
189	20	8
190	20	6
191	20	6
193	20	9
194	20	7
195	20	6
196	20	4
198	20	6
199	20	10
200	20	3
202	20	6
203	20	9
205	20	9
206	20	8
207	20	10
208	20	3
209	20	9
210	20	8
211	20	3
212	20	6
213	20	2
214	20	5
215	20	7
216	20	7
217	20	10
218	20	9
219	20	5
220	20	6
221	20	6
222	20	8
224	20	9
225	20	10
226	20	6
227	20	9
228	20	9
229	20	8
230	20	4
232	20	8
233	20	10
234	20	9
235	20	6
236	20	9
238	20	3
239	20	3
240	20	5
241	20	9
242	20	8
243	20	4
244	20	9
245	20	6
246	20	8
247	20	5
249	20	3
250	20	3
251	20	8
252	20	7
253	20	2
254	20	4
255	20	6
256	20	2
257	20	10
258	20	9
259	20	4
260	20	1
261	20	8
262	20	2
263	20	8
264	20	8
265	20	1
0	21	3
1	21	7
2	21	7
3	21	3
4	21	8
5	21	10
6	21	1
7	21	1
8	21	5
9	21	4
10	21	10
11	21	2
12	21	10
13	21	8
14	21	9
15	21	8
16	21	4
17	21	5
18	21	9
19	21	3
21	21	1
22	21	4
23	21	3
24	21	4
25	21	3
26	21	1
27	21	9
28	21	7
29	21	9
31	21	7
32	21	4
34	21	9
35	21	7
36	21	9
37	21	3
38	21	10
39	21	4
40	21	1
41	21	1
42	21	6
43	21	4
44	21	5
45	21	5
46	21	4
47	21	1
48	21	3
50	21	1
51	21	4
52	21	6
53	21	1
54	21	7
55	21	8
56	21	4
57	21	6
58	21	3
59	21	4
60	21	4
61	21	6
63	21	7
64	21	9
65	21	6
66	21	7
67	21	6
68	21	2
69	21	3
70	21	5
71	21	8
72	21	7
74	21	6
75	21	8
77	21	9
78	21	10
79	21	3
80	21	6
81	21	8
82	21	10
83	21	9
84	21	8
85	21	2
86	21	2
87	21	6
88	21	7
89	21	10
90	21	10
91	21	8
92	21	7
93	21	6
94	21	5
95	21	1
96	21	9
97	21	3
98	21	1
99	21	4
100	21	10
101	21	7
102	21	8
103	21	4
104	21	3
105	21	7
106	21	6
107	21	3
109	21	2
110	21	8
111	21	9
113	21	6
114	21	9
115	21	5
117	21	4
118	21	3
119	21	5
120	21	6
121	21	6
122	21	8
123	21	1
124	21	9
125	21	5
126	21	5
127	21	3
128	21	3
129	21	8
130	21	3
131	21	4
132	21	2
133	21	10
134	21	10
135	21	8
136	21	6
138	21	4
139	21	10
140	21	1
141	21	2
142	21	9
143	21	9
145	21	4
146	21	1
147	21	10
148	21	9
149	21	9
150	21	6
151	21	10
152	21	9
153	21	4
155	21	5
156	21	7
157	21	6
158	21	8
159	21	9
160	21	6
161	21	3
162	21	6
163	21	7
164	21	5
165	21	2
166	21	7
167	21	6
168	21	2
169	21	4
170	21	6
171	21	8
173	21	7
174	21	8
175	21	10
176	21	2
177	21	6
178	21	8
179	21	8
181	21	9
182	21	1
183	21	3
184	21	9
185	21	9
186	21	1
187	21	3
188	21	8
189	21	3
190	21	9
191	21	9
192	21	6
194	21	8
195	21	2
196	21	10
197	21	7
198	21	5
199	21	5
200	21	3
201	21	6
202	21	5
203	21	8
204	21	10
205	21	2
206	21	7
207	21	7
208	21	8
209	21	9
210	21	10
211	21	6
212	21	3
213	21	7
214	21	4
215	21	2
216	21	5
217	21	7
219	21	6
220	21	10
221	21	1
222	21	10
223	21	8
224	21	2
225	21	8
226	21	3
227	21	5
228	21	9
229	21	4
230	21	3
231	21	2
232	21	10
233	21	2
234	21	2
235	21	1
236	21	4
237	21	1
238	21	10
239	21	6
240	21	10
241	21	5
242	21	7
243	21	3
244	21	5
245	21	6
246	21	10
247	21	1
248	21	3
249	21	10
250	21	10
251	21	9
252	21	8
253	21	1
254	21	2
255	21	10
256	21	2
257	21	7
258	21	6
259	21	3
260	21	3
261	21	2
262	21	5
0	22	1
1	22	4
2	22	6
3	22	7
4	22	10
5	22	10
6	22	4
7	22	7
8	22	1
9	22	4
10	22	5
11	22	9
12	22	2
13	22	3
14	22	5
15	22	8
16	22	9
17	22	8
18	22	1
19	22	1
20	22	1
21	22	9
22	22	3
23	22	8
24	22	10
25	22	6
27	22	6
28	22	10
29	22	7
30	22	9
31	22	9
32	22	6
33	22	3
34	22	7
35	22	1
36	22	10
37	22	5
38	22	10
39	22	9
40	22	5
41	22	4
42	22	7
43	22	10
44	22	5
45	22	9
46	22	5
47	22	3
49	22	5
50	22	3
51	22	8
52	22	1
53	22	8
54	22	4
55	22	2
56	22	3
57	22	10
58	22	1
59	22	3
60	22	9
62	22	3
63	22	1
64	22	3
65	22	9
66	22	6
67	22	6
68	22	8
69	22	4
70	22	4
71	22	3
72	22	1
73	22	10
74	22	7
75	22	7
76	22	2
77	22	4
78	22	7
79	22	1
80	22	9
81	22	1
82	22	5
83	22	1
84	22	10
85	22	6
86	22	7
87	22	6
88	22	6
89	22	1
91	22	5
92	22	10
93	22	6
94	22	4
95	22	4
96	22	1
98	22	9
99	22	8
100	22	10
102	22	8
103	22	1
104	22	2
105	22	4
106	22	1
107	22	3
108	22	5
109	22	6
110	22	6
111	22	4
112	22	10
113	22	1
114	22	4
115	22	3
116	22	10
117	22	10
118	22	4
119	22	4
120	22	8
121	22	7
122	22	7
123	22	1
124	22	8
125	22	4
126	22	4
127	22	3
128	22	6
129	22	10
130	22	6
131	22	1
132	22	9
133	22	7
134	22	4
135	22	5
136	22	10
137	22	10
138	22	4
139	22	3
140	22	2
141	22	7
142	22	9
143	22	9
144	22	2
145	22	2
146	22	7
147	22	4
148	22	4
149	22	6
150	22	1
151	22	8
152	22	5
153	22	2
154	22	7
155	22	7
156	22	7
158	22	10
159	22	1
161	22	7
162	22	6
163	22	2
164	22	9
165	22	10
166	22	3
168	22	3
169	22	1
170	22	4
171	22	8
172	22	1
173	22	7
174	22	10
176	22	8
177	22	6
178	22	10
179	22	7
180	22	4
181	22	8
182	22	4
183	22	10
184	22	3
186	22	7
187	22	10
188	22	4
189	22	10
190	22	1
191	22	5
193	22	10
194	22	1
195	22	5
196	22	4
197	22	1
198	22	8
199	22	6
200	22	8
201	22	10
202	22	2
203	22	9
204	22	3
206	22	8
207	22	4
208	22	5
209	22	2
210	22	7
211	22	10
212	22	9
213	22	10
214	22	3
215	22	10
216	22	5
218	22	7
219	22	1
220	22	6
221	22	7
222	22	7
223	22	6
224	22	7
226	22	1
227	22	9
228	22	9
229	22	9
230	22	1
231	22	10
232	22	6
234	22	6
235	22	3
237	22	4
238	22	4
239	22	6
240	22	1
241	22	8
242	22	1
243	22	9
244	22	8
245	22	3
246	22	8
247	22	4
248	22	2
249	22	4
250	22	8
251	22	1
252	22	3
253	22	2
254	22	4
256	22	6
257	22	8
258	22	1
259	22	7
260	22	7
261	22	2
0	23	7
1	23	3
2	23	1
3	23	9
4	23	9
5	23	7
6	23	10
7	23	5
8	23	10
9	23	7
10	23	10
11	23	7
13	23	3
14	23	1
15	23	3
16	23	6
17	23	1
18	23	6
19	23	4
20	23	1
22	23	5
23	23	5
24	23	4
26	23	8
27	23	3
28	23	3
29	23	6
30	23	2
31	23	7
32	23	7
33	23	10
34	23	6
35	23	2
36	23	3
37	23	3
38	23	6
39	23	9
40	23	9
41	23	4
42	23	1
43	23	4
44	23	2
45	23	9
46	23	7
47	23	7
48	23	6
49	23	6
50	23	8
51	23	5
52	23	8
53	23	10
54	23	9
55	23	7
56	23	3
57	23	6
58	23	9
59	23	1
60	23	2
61	23	7
62	23	8
64	23	10
65	23	10
66	23	1
67	23	6
68	23	3
69	23	8
70	23	8
71	23	9
72	23	5
73	23	3
74	23	1
75	23	2
76	23	1
77	23	8
78	23	1
79	23	9
80	23	10
81	23	9
82	23	10
83	23	3
84	23	4
85	23	3
86	23	8
87	23	10
88	23	8
89	23	6
90	23	8
91	23	7
92	23	7
93	23	10
94	23	5
95	23	7
96	23	7
97	23	6
98	23	5
99	23	1
101	23	8
102	23	1
103	23	8
105	23	2
106	23	5
107	23	4
108	23	3
109	23	4
110	23	8
112	23	5
113	23	6
114	23	6
115	23	8
116	23	8
117	23	6
118	23	7
119	23	5
120	23	8
121	23	1
122	23	3
123	23	3
124	23	2
125	23	7
126	23	10
127	23	2
128	23	7
129	23	1
131	23	7
132	23	9
134	23	1
135	23	8
136	23	7
137	23	6
139	23	9
140	23	1
141	23	2
143	23	2
144	23	8
145	23	7
146	23	4
148	23	3
149	23	5
150	23	10
151	23	6
152	23	8
153	23	8
154	23	5
155	23	5
156	23	8
157	23	1
158	23	8
159	23	10
161	23	8
162	23	1
163	23	8
164	23	4
165	23	5
166	23	3
167	23	10
169	23	8
170	23	3
171	23	1
172	23	1
173	23	10
174	23	6
175	23	8
176	23	6
177	23	5
178	23	8
179	23	3
180	23	1
181	23	5
182	23	9
183	23	8
184	23	8
185	23	3
186	23	6
187	23	7
188	23	4
189	23	5
190	23	5
191	23	2
192	23	8
193	23	1
194	23	9
195	23	6
196	23	4
197	23	3
198	23	3
199	23	1
200	23	9
201	23	1
202	23	10
203	23	9
204	23	5
205	23	7
206	23	7
207	23	3
208	23	2
209	23	7
210	23	10
211	23	2
213	23	6
214	23	1
215	23	9
217	23	1
218	23	7
219	23	1
220	23	6
221	23	8
222	23	8
224	23	2
225	23	4
226	23	1
228	23	3
229	23	6
230	23	10
231	23	9
232	23	1
233	23	5
234	23	8
235	23	8
236	23	7
237	23	6
238	23	6
239	23	8
240	23	3
241	23	7
242	23	5
243	23	6
244	23	7
246	23	6
247	23	9
248	23	7
249	23	8
250	23	3
251	23	6
252	23	8
253	23	6
255	23	9
256	23	2
257	23	4
258	23	3
1	24	3
2	24	2
3	24	10
5	24	1
8	24	7
9	24	3
11	24	9
12	24	10
13	24	8
14	24	8
15	24	2
16	24	2
17	24	5
18	24	3
19	24	10
20	24	10
21	24	5
22	24	9
24	24	5
25	24	5
26	24	7
27	24	7
28	24	1
29	24	3
30	24	9
31	24	6
32	24	9
34	24	8
35	24	4
36	24	6
37	24	4
38	24	7
39	24	1
41	24	7
43	24	2
44	24	5
45	24	10
46	24	4
47	24	7
48	24	1
51	24	6
52	24	1
53	24	4
54	24	8
55	24	6
56	24	6
57	24	2
58	24	5
59	24	6
60	24	10
61	24	4
62	24	1
63	24	9
64	24	2
65	24	3
66	24	5
67	24	3
68	24	4
69	24	1
71	24	4
72	24	2
74	24	6
75	24	5
76	24	5
77	24	6
78	24	6
79	24	4
80	24	5
81	24	7
82	24	5
83	24	1
84	24	7
85	24	8
86	24	1
87	24	10
88	24	8
89	24	7
90	24	8
91	24	8
92	24	5
93	24	6
94	24	3
95	24	5
96	24	7
97	24	10
98	24	1
99	24	9
100	24	10
101	24	9
102	24	1
103	24	2
104	24	6
105	24	3
106	24	9
107	24	8
108	24	5
109	24	8
110	24	5
111	24	4
112	24	6
114	24	10
115	24	5
116	24	10
117	24	6
118	24	2
119	24	2
120	24	3
121	24	2
122	24	4
123	24	5
124	24	4
125	24	6
126	24	7
127	24	9
128	24	4
129	24	6
130	24	6
131	24	5
132	24	9
133	24	2
134	24	4
135	24	9
136	24	3
137	24	8
139	24	5
140	24	4
141	24	10
142	24	9
143	24	8
144	24	10
145	24	8
146	24	7
147	24	4
148	24	6
149	24	7
150	24	8
151	24	5
152	24	5
153	24	8
154	24	8
156	24	8
157	24	8
158	24	3
159	24	6
160	24	5
161	24	7
162	24	9
163	24	6
164	24	1
165	24	10
166	24	10
167	24	8
168	24	4
169	24	1
170	24	2
171	24	3
172	24	2
174	24	7
175	24	1
176	24	4
177	24	2
178	24	3
179	24	5
180	24	5
181	24	9
182	24	9
183	24	5
184	24	3
185	24	2
186	24	6
187	24	10
188	24	6
189	24	9
190	24	5
191	24	10
192	24	8
193	24	5
194	24	10
195	24	6
196	24	7
197	24	4
198	24	2
199	24	4
200	24	1
201	24	3
202	24	9
204	24	10
205	24	5
206	24	3
207	24	3
208	24	4
209	24	7
210	24	3
211	24	6
212	24	9
213	24	9
214	24	4
216	24	5
217	24	1
218	24	7
219	24	4
220	24	6
221	24	9
222	24	6
223	24	5
224	24	2
225	24	5
226	24	3
227	24	8
228	24	8
229	24	6
231	24	8
232	24	3
234	24	1
235	24	4
236	24	3
238	24	10
239	24	3
240	24	9
241	24	4
242	24	10
243	24	2
245	24	3
246	24	2
247	24	7
248	24	10
251	24	2
252	24	6
253	24	7
254	24	1
256	24	10
257	24	1
0	25	6
1	25	6
2	25	5
3	25	10
4	25	8
5	25	2
6	25	1
7	25	9
8	25	9
10	25	9
11	25	7
12	25	6
13	25	1
14	25	3
15	25	9
16	25	4
17	25	7
19	25	7
20	25	7
21	25	5
22	25	3
23	25	1
24	25	5
25	25	6
26	25	4
27	25	10
28	25	2
29	25	6
30	25	9
31	25	6
32	25	2
34	25	5
35	25	7
36	25	4
37	25	6
38	25	7
39	25	2
40	25	9
41	25	2
42	25	5
43	25	2
44	25	6
45	25	2
46	25	2
47	25	6
50	25	3
51	25	7
52	25	10
53	25	1
54	25	8
55	25	1
56	25	4
57	25	10
58	25	4
59	25	4
60	25	7
61	25	6
62	25	10
63	25	10
64	25	2
65	25	2
66	25	4
67	25	7
68	25	10
70	25	4
71	25	4
72	25	7
73	25	3
75	25	1
76	25	10
77	25	2
78	25	7
79	25	2
80	25	7
81	25	3
82	25	4
83	25	9
84	25	10
86	25	3
87	25	9
88	25	3
89	25	2
90	25	3
91	25	1
93	25	3
94	25	10
95	25	7
96	25	8
97	25	10
98	25	3
99	25	8
100	25	2
101	25	8
102	25	4
103	25	6
104	25	1
105	25	2
106	25	6
107	25	10
108	25	8
110	25	1
111	25	5
112	25	2
114	25	3
115	25	1
116	25	8
117	25	8
118	25	3
119	25	10
120	25	9
121	25	6
122	25	9
123	25	1
124	25	7
126	25	5
127	25	3
128	25	10
129	25	6
130	25	7
131	25	7
132	25	6
133	25	1
134	25	3
136	25	1
137	25	7
138	25	10
139	25	5
141	25	8
142	25	6
143	25	6
144	25	1
145	25	1
146	25	8
148	25	10
149	25	8
151	25	9
152	25	8
153	25	1
154	25	4
155	25	6
156	25	3
157	25	8
158	25	5
159	25	2
160	25	1
161	25	1
162	25	3
163	25	6
164	25	6
165	25	1
166	25	6
167	25	4
169	25	5
172	25	6
173	25	6
174	25	5
175	25	2
176	25	5
177	25	6
178	25	5
179	25	3
180	25	7
181	25	3
182	25	10
183	25	1
184	25	9
185	25	10
186	25	7
187	25	1
188	25	6
189	25	8
190	25	6
191	25	4
192	25	9
193	25	1
194	25	2
195	25	7
196	25	6
198	25	9
199	25	2
200	25	2
201	25	6
203	25	2
204	25	9
205	25	1
206	25	5
207	25	3
208	25	7
209	25	8
210	25	6
211	25	9
212	25	8
214	25	3
215	25	10
216	25	6
217	25	3
218	25	2
219	25	2
220	25	4
222	25	7
223	25	3
224	25	5
225	25	4
226	25	2
227	25	2
228	25	8
229	25	10
230	25	9
231	25	3
232	25	7
233	25	8
234	25	3
235	25	9
236	25	5
237	25	6
238	25	8
239	25	9
240	25	8
242	25	7
243	25	2
244	25	3
245	25	3
246	25	4
247	25	4
248	25	3
250	25	1
251	25	7
252	25	2
253	25	4
254	25	5
255	25	10
1	26	1
2	26	6
3	26	2
4	26	3
5	26	1
6	26	7
7	26	9
8	26	4
9	26	7
10	26	2
11	26	2
12	26	4
13	26	2
14	26	6
15	26	7
16	26	8
17	26	9
18	26	2
19	26	7
20	26	9
21	26	8
23	26	9
25	26	10
26	26	8
27	26	6
28	26	1
29	26	5
30	26	2
32	26	7
33	26	1
35	26	5
36	26	1
37	26	10
38	26	8
39	26	2
41	26	7
42	26	2
43	26	8
44	26	2
45	26	9
46	26	10
47	26	4
48	26	10
49	26	9
50	26	1
52	26	10
53	26	7
54	26	7
55	26	9
56	26	1
57	26	8
58	26	1
59	26	9
61	26	7
62	26	4
63	26	10
64	26	3
65	26	7
66	26	2
67	26	1
68	26	8
70	26	9
71	26	6
72	26	7
73	26	6
74	26	1
75	26	7
76	26	9
77	26	3
78	26	7
79	26	9
80	26	6
81	26	4
82	26	1
83	26	3
84	26	1
85	26	3
86	26	1
87	26	7
88	26	7
89	26	7
91	26	10
92	26	7
93	26	5
94	26	3
96	26	5
97	26	4
98	26	7
99	26	9
100	26	9
101	26	8
102	26	4
103	26	2
104	26	9
106	26	4
107	26	10
108	26	5
109	26	1
110	26	5
111	26	3
112	26	9
114	26	1
115	26	5
116	26	7
117	26	7
118	26	6
119	26	7
120	26	8
121	26	9
122	26	9
123	26	3
124	26	3
125	26	2
127	26	10
128	26	1
129	26	2
130	26	5
131	26	4
132	26	1
133	26	4
135	26	6
136	26	2
137	26	10
138	26	2
139	26	5
140	26	1
141	26	5
143	26	5
144	26	8
145	26	10
146	26	3
147	26	7
148	26	3
149	26	9
150	26	2
151	26	4
152	26	2
153	26	10
154	26	8
156	26	7
157	26	6
158	26	5
159	26	3
161	26	2
162	26	5
163	26	2
164	26	8
165	26	8
166	26	1
167	26	1
168	26	5
169	26	1
170	26	4
171	26	1
172	26	8
174	26	5
175	26	10
176	26	3
177	26	8
178	26	3
179	26	9
180	26	4
181	26	6
182	26	8
183	26	8
184	26	1
185	26	9
188	26	1
189	26	4
191	26	6
192	26	3
193	26	2
194	26	6
195	26	5
196	26	2
197	26	7
198	26	2
199	26	6
200	26	8
201	26	9
202	26	1
203	26	7
204	26	4
205	26	8
206	26	4
207	26	9
208	26	9
209	26	4
210	26	9
212	26	5
213	26	2
214	26	7
215	26	10
216	26	9
217	26	10
218	26	3
219	26	5
220	26	7
221	26	7
223	26	2
224	26	8
225	26	10
226	26	9
227	26	1
228	26	2
229	26	6
230	26	6
231	26	10
232	26	9
233	26	3
234	26	2
235	26	4
236	26	4
237	26	9
238	26	5
239	26	1
240	26	9
241	26	6
242	26	7
243	26	1
244	26	3
245	26	4
246	26	4
247	26	2
248	26	7
249	26	3
250	26	6
251	26	9
252	26	9
253	26	9
1	27	2
2	27	3
3	27	1
4	27	8
5	27	6
6	27	4
7	27	10
8	27	10
9	27	6
11	27	4
12	27	9
13	27	4
14	27	10
15	27	5
16	27	1
17	27	10
18	27	10
19	27	3
20	27	7
21	27	8
22	27	5
23	27	6
24	27	2
25	27	10
26	27	7
27	27	9
28	27	1
29	27	9
31	27	6
32	27	7
33	27	4
34	27	9
35	27	9
36	27	1
37	27	8
38	27	8
39	27	7
40	27	5
41	27	2
42	27	7
43	27	8
44	27	5
45	27	9
46	27	3
47	27	10
48	27	3
49	27	4
50	27	3
51	27	4
52	27	2
53	27	1
54	27	7
55	27	8
56	27	9
57	27	6
58	27	10
59	27	10
60	27	8
62	27	9
63	27	9
64	27	10
65	27	1
66	27	2
69	27	6
70	27	5
71	27	9
72	27	8
73	27	4
74	27	7
75	27	2
76	27	4
77	27	9
78	27	7
79	27	4
80	27	8
81	27	7
82	27	9
83	27	3
84	27	5
85	27	8
86	27	2
87	27	7
88	27	2
89	27	7
90	27	8
91	27	1
92	27	5
93	27	5
94	27	9
95	27	2
96	27	2
97	27	8
98	27	2
99	27	6
100	27	1
101	27	8
102	27	2
103	27	10
104	27	3
105	27	8
106	27	9
107	27	4
108	27	4
109	27	3
110	27	6
112	27	5
113	27	3
115	27	4
116	27	9
117	27	9
118	27	9
119	27	9
120	27	2
121	27	9
122	27	2
123	27	9
124	27	9
125	27	4
126	27	9
127	27	2
128	27	3
129	27	1
130	27	4
131	27	10
132	27	9
133	27	3
134	27	4
135	27	4
136	27	4
137	27	3
139	27	2
140	27	6
141	27	3
142	27	9
143	27	6
144	27	2
145	27	8
146	27	2
147	27	6
148	27	1
149	27	4
150	27	9
151	27	4
152	27	2
153	27	9
154	27	3
155	27	4
156	27	1
158	27	10
159	27	3
160	27	9
161	27	7
162	27	9
163	27	1
164	27	2
165	27	1
166	27	9
167	27	9
168	27	10
169	27	7
170	27	1
172	27	10
173	27	8
174	27	8
175	27	4
176	27	8
177	27	5
178	27	3
180	27	9
181	27	4
182	27	4
183	27	3
184	27	9
185	27	8
186	27	8
187	27	4
188	27	8
189	27	9
190	27	9
191	27	9
192	27	2
193	27	10
194	27	5
195	27	5
196	27	6
197	27	6
198	27	1
199	27	7
200	27	10
202	27	10
203	27	6
204	27	5
205	27	5
206	27	8
207	27	8
208	27	6
209	27	4
210	27	7
211	27	1
213	27	5
214	27	9
215	27	6
216	27	2
217	27	5
218	27	5
219	27	4
220	27	6
221	27	3
222	27	1
223	27	6
224	27	9
225	27	6
226	27	7
228	27	4
229	27	7
230	27	8
231	27	2
232	27	6
233	27	8
234	27	7
235	27	8
236	27	10
237	27	10
238	27	10
239	27	10
240	27	10
241	27	2
242	27	7
243	27	4
244	27	5
247	27	6
248	27	2
249	27	2
250	27	5
251	27	2
0	28	2
1	28	1
2	28	3
3	28	9
4	28	8
5	28	5
6	28	2
8	28	4
9	28	8
10	28	9
11	28	10
13	28	1
14	28	7
15	28	9
16	28	1
17	28	5
18	28	1
19	28	6
20	28	7
21	28	4
22	28	5
23	28	10
24	28	5
25	28	5
26	28	5
27	28	10
28	28	10
29	28	9
30	28	4
31	28	4
32	28	4
33	28	8
34	28	10
35	28	2
36	28	8
37	28	6
39	28	10
40	28	3
41	28	8
43	28	4
44	28	8
45	28	6
46	28	5
47	28	5
48	28	8
49	28	5
50	28	4
51	28	3
52	28	5
53	28	3
54	28	5
55	28	5
56	28	4
57	28	1
58	28	7
59	28	10
60	28	10
61	28	9
62	28	10
63	28	10
64	28	5
66	28	1
67	28	6
68	28	10
69	28	10
71	28	6
72	28	3
73	28	1
74	28	6
76	28	6
77	28	9
78	28	8
81	28	9
82	28	6
83	28	1
84	28	2
85	28	1
86	28	2
87	28	6
88	28	2
89	28	1
90	28	4
91	28	5
92	28	10
93	28	6
94	28	5
96	28	6
97	28	6
98	28	8
99	28	3
100	28	10
101	28	5
103	28	9
104	28	9
105	28	6
106	28	5
107	28	7
109	28	1
110	28	9
111	28	10
112	28	3
113	28	2
114	28	1
115	28	6
116	28	7
117	28	2
118	28	2
120	28	6
121	28	6
122	28	9
123	28	2
124	28	8
125	28	6
126	28	10
128	28	1
129	28	5
130	28	6
131	28	10
132	28	10
133	28	2
134	28	8
135	28	8
136	28	5
137	28	5
138	28	8
139	28	4
140	28	6
142	28	9
143	28	6
144	28	2
145	28	4
146	28	6
148	28	1
149	28	6
150	28	9
151	28	6
152	28	9
153	28	7
154	28	4
155	28	10
156	28	7
157	28	3
158	28	7
159	28	8
160	28	8
161	28	4
162	28	10
164	28	7
165	28	8
166	28	6
167	28	8
168	28	10
170	28	1
171	28	1
172	28	7
173	28	3
174	28	6
175	28	8
176	28	2
180	28	7
181	28	10
182	28	4
183	28	1
184	28	7
185	28	8
186	28	8
187	28	4
189	28	6
190	28	9
191	28	1
192	28	2
193	28	6
194	28	5
195	28	2
196	28	1
197	28	1
198	28	6
199	28	4
200	28	9
201	28	7
202	28	1
203	28	6
204	28	9
205	28	9
206	28	1
207	28	8
208	28	6
209	28	3
210	28	5
211	28	7
212	28	8
213	28	4
214	28	4
215	28	10
216	28	8
217	28	6
218	28	1
219	28	4
220	28	7
221	28	3
222	28	1
223	28	4
224	28	9
225	28	3
226	28	10
227	28	7
230	28	9
232	28	7
233	28	7
234	28	10
235	28	6
236	28	4
238	28	8
239	28	5
240	28	7
241	28	2
242	28	8
243	28	3
244	28	10
245	28	6
246	28	8
247	28	5
248	28	1
249	28	10
0	29	1
1	29	4
2	29	6
4	29	3
5	29	7
6	29	1
7	29	9
8	29	2
9	29	1
10	29	1
11	29	1
12	29	6
13	29	6
14	29	5
15	29	2
16	29	5
17	29	6
18	29	3
19	29	10
20	29	7
21	29	9
22	29	1
23	29	4
24	29	2
25	29	7
26	29	6
27	29	2
28	29	8
29	29	5
30	29	4
32	29	6
33	29	4
34	29	4
35	29	2
36	29	3
37	29	5
38	29	9
39	29	6
40	29	5
42	29	7
43	29	1
44	29	8
45	29	3
46	29	7
47	29	9
48	29	9
49	29	7
50	29	5
51	29	3
52	29	2
53	29	8
54	29	6
55	29	3
56	29	3
57	29	1
58	29	1
60	29	10
61	29	3
62	29	10
63	29	9
64	29	7
65	29	7
66	29	7
67	29	6
68	29	9
69	29	7
70	29	8
71	29	7
72	29	3
74	29	8
75	29	4
76	29	6
77	29	4
78	29	3
79	29	1
80	29	10
81	29	6
82	29	8
83	29	10
84	29	3
85	29	5
86	29	10
87	29	6
88	29	9
89	29	5
90	29	3
91	29	3
93	29	7
95	29	8
97	29	1
98	29	3
99	29	1
100	29	4
101	29	10
102	29	4
103	29	3
104	29	10
105	29	1
106	29	7
107	29	6
108	29	8
109	29	7
110	29	1
111	29	3
112	29	8
113	29	8
114	29	3
115	29	4
116	29	3
117	29	1
119	29	8
120	29	4
121	29	1
122	29	4
123	29	7
124	29	10
125	29	10
126	29	6
127	29	2
128	29	7
129	29	4
130	29	6
131	29	8
132	29	7
133	29	10
134	29	2
135	29	2
136	29	10
137	29	1
139	29	3
141	29	2
142	29	3
143	29	8
145	29	6
146	29	4
147	29	2
148	29	1
149	29	3
150	29	9
151	29	8
152	29	10
153	29	1
154	29	6
155	29	7
156	29	7
157	29	4
158	29	4
159	29	10
160	29	3
161	29	4
162	29	8
163	29	4
164	29	6
165	29	5
166	29	8
167	29	2
168	29	10
169	29	4
170	29	3
171	29	3
172	29	7
173	29	1
174	29	2
175	29	7
177	29	6
178	29	7
179	29	10
180	29	9
181	29	3
182	29	6
183	29	2
184	29	7
185	29	2
186	29	10
187	29	3
188	29	9
189	29	10
190	29	1
191	29	1
192	29	2
193	29	7
194	29	1
195	29	5
197	29	2
198	29	1
199	29	1
200	29	10
201	29	8
202	29	4
203	29	2
204	29	3
205	29	3
206	29	8
207	29	2
208	29	5
210	29	5
211	29	10
212	29	2
214	29	6
215	29	4
216	29	10
217	29	10
218	29	7
220	29	3
221	29	2
222	29	5
223	29	5
224	29	9
225	29	2
226	29	8
227	29	3
228	29	9
230	29	1
231	29	5
232	29	3
233	29	10
234	29	6
235	29	5
236	29	3
237	29	4
238	29	4
240	29	9
241	29	3
242	29	4
243	29	2
244	29	10
246	29	9
247	29	1
0	30	10
1	30	9
2	30	1
3	30	1
4	30	4
5	30	4
6	30	6
7	30	5
8	30	1
9	30	5
10	30	9
11	30	9
12	30	5
13	30	6
14	30	1
15	30	8
17	30	8
18	30	3
19	30	7
20	30	2
22	30	6
23	30	10
25	30	4
27	30	2
29	30	4
30	30	8
31	30	5
32	30	1
33	30	9
34	30	3
35	30	6
36	30	7
38	30	8
39	30	7
40	30	7
41	30	7
42	30	4
43	30	7
44	30	9
45	30	3
47	30	2
49	30	5
50	30	3
51	30	5
52	30	4
53	30	10
54	30	7
55	30	1
56	30	8
57	30	7
59	30	5
60	30	10
61	30	7
62	30	7
63	30	6
64	30	5
65	30	7
66	30	7
67	30	8
68	30	10
69	30	4
70	30	10
71	30	1
72	30	5
73	30	10
74	30	3
75	30	1
76	30	4
77	30	5
78	30	4
79	30	10
80	30	7
81	30	2
82	30	1
83	30	3
85	30	2
87	30	8
88	30	4
89	30	5
90	30	6
92	30	1
93	30	1
94	30	7
95	30	2
97	30	7
98	30	8
99	30	3
100	30	2
101	30	8
102	30	9
103	30	7
104	30	8
105	30	4
106	30	8
107	30	9
108	30	1
109	30	4
110	30	4
111	30	9
112	30	5
113	30	7
114	30	2
115	30	9
116	30	3
117	30	4
118	30	9
119	30	9
120	30	3
121	30	9
122	30	8
123	30	3
124	30	9
125	30	9
126	30	3
127	30	4
128	30	4
129	30	6
130	30	3
131	30	7
132	30	5
133	30	4
134	30	8
135	30	9
136	30	5
138	30	8
141	30	4
142	30	6
144	30	5
145	30	3
146	30	2
147	30	7
148	30	5
149	30	8
150	30	6
151	30	7
152	30	2
153	30	1
154	30	9
155	30	7
156	30	10
157	30	9
158	30	8
159	30	1
160	30	4
161	30	9
162	30	2
164	30	8
165	30	10
166	30	4
167	30	10
168	30	10
169	30	6
170	30	1
171	30	9
172	30	7
173	30	1
174	30	10
175	30	10
176	30	8
177	30	7
178	30	5
179	30	1
181	30	4
183	30	9
184	30	1
185	30	9
186	30	2
187	30	2
189	30	10
190	30	8
191	30	1
192	30	1
193	30	4
195	30	5
196	30	5
197	30	8
198	30	2
199	30	3
200	30	2
201	30	4
202	30	8
203	30	2
204	30	9
206	30	1
207	30	1
208	30	2
209	30	2
210	30	9
211	30	9
212	30	10
213	30	8
214	30	7
215	30	1
216	30	4
218	30	3
219	30	7
220	30	5
221	30	5
222	30	10
223	30	9
224	30	8
226	30	2
227	30	3
228	30	9
229	30	7
230	30	4
231	30	10
233	30	6
234	30	8
235	30	8
236	30	9
237	30	8
239	30	9
240	30	10
242	30	2
243	30	8
244	30	9
245	30	8
0	31	8
1	31	3
3	31	9
4	31	5
5	31	3
6	31	5
7	31	6
8	31	1
9	31	3
10	31	8
11	31	6
12	31	7
13	31	5
14	31	4
15	31	3
16	31	1
17	31	2
18	31	9
19	31	6
20	31	5
21	31	6
22	31	1
23	31	6
24	31	1
25	31	6
26	31	3
28	31	10
29	31	8
30	31	9
31	31	10
32	31	10
33	31	3
34	31	6
35	31	10
36	31	5
37	31	1
38	31	10
39	31	8
40	31	8
41	31	6
42	31	6
43	31	1
44	31	2
45	31	7
46	31	7
47	31	4
48	31	6
49	31	7
50	31	10
52	31	7
53	31	3
54	31	9
55	31	3
56	31	4
57	31	3
58	31	9
59	31	9
61	31	8
62	31	6
63	31	6
64	31	7
65	31	7
66	31	3
67	31	10
68	31	5
69	31	1
70	31	6
71	31	8
72	31	5
73	31	7
75	31	10
76	31	9
77	31	10
78	31	9
79	31	2
80	31	4
81	31	8
82	31	10
83	31	9
84	31	1
85	31	7
86	31	2
87	31	2
90	31	4
91	31	1
92	31	3
93	31	4
94	31	1
95	31	9
96	31	7
97	31	6
98	31	5
99	31	9
100	31	3
101	31	1
102	31	10
103	31	5
104	31	3
107	31	5
108	31	3
109	31	6
110	31	4
111	31	2
112	31	1
113	31	9
114	31	2
118	31	8
119	31	1
120	31	2
121	31	8
122	31	6
123	31	1
124	31	7
125	31	2
126	31	7
127	31	3
128	31	7
129	31	1
130	31	2
131	31	7
132	31	4
133	31	2
134	31	4
135	31	8
136	31	3
137	31	5
138	31	3
139	31	3
140	31	1
141	31	10
143	31	1
144	31	9
145	31	6
146	31	9
147	31	8
148	31	7
149	31	4
150	31	1
151	31	1
152	31	10
153	31	8
154	31	8
157	31	9
158	31	4
159	31	4
160	31	2
162	31	1
163	31	7
164	31	8
165	31	2
166	31	1
167	31	9
168	31	3
169	31	8
170	31	2
171	31	2
172	31	7
173	31	5
174	31	6
175	31	10
176	31	3
177	31	5
178	31	8
179	31	4
180	31	2
181	31	4
182	31	3
183	31	8
184	31	7
185	31	2
186	31	8
187	31	5
188	31	2
189	31	4
190	31	7
191	31	4
193	31	7
194	31	7
195	31	7
196	31	4
197	31	3
199	31	1
200	31	7
201	31	5
202	31	7
203	31	9
205	31	1
207	31	10
208	31	10
209	31	9
210	31	3
212	31	5
213	31	9
214	31	3
215	31	9
216	31	8
217	31	6
218	31	5
219	31	2
220	31	10
221	31	10
222	31	10
223	31	5
224	31	3
225	31	2
226	31	2
228	31	2
229	31	8
230	31	3
231	31	2
232	31	5
233	31	2
234	31	10
235	31	7
236	31	3
237	31	6
238	31	10
239	31	1
240	31	8
241	31	3
242	31	10
243	31	2
0	32	1
1	32	3
2	32	9
3	32	7
4	32	9
5	32	2
6	32	2
7	32	5
8	32	10
9	32	7
10	32	2
11	32	1
12	32	8
13	32	9
14	32	1
15	32	6
16	32	7
17	32	4
18	32	2
19	32	5
20	32	10
21	32	3
22	32	5
23	32	10
25	32	6
26	32	9
27	32	2
28	32	1
29	32	9
30	32	1
31	32	4
32	32	3
33	32	8
34	32	4
35	32	9
36	32	9
38	32	6
39	32	4
40	32	5
41	32	2
42	32	7
43	32	2
44	32	6
45	32	3
46	32	7
47	32	5
48	32	2
49	32	1
50	32	10
51	32	3
52	32	6
53	32	7
54	32	8
55	32	10
56	32	1
57	32	9
58	32	2
59	32	10
60	32	3
61	32	9
62	32	7
63	32	1
64	32	2
65	32	9
66	32	5
67	32	3
68	32	7
69	32	8
70	32	7
71	32	9
72	32	2
73	32	4
74	32	10
75	32	5
76	32	4
78	32	1
79	32	7
81	32	6
82	32	4
83	32	4
84	32	9
85	32	8
87	32	7
88	32	8
89	32	10
90	32	10
91	32	8
92	32	9
93	32	3
94	32	4
96	32	8
97	32	8
99	32	7
100	32	4
101	32	6
102	32	5
103	32	9
104	32	5
105	32	10
106	32	10
107	32	2
108	32	3
109	32	6
110	32	4
111	32	2
112	32	7
113	32	4
114	32	7
115	32	4
116	32	10
117	32	6
118	32	1
119	32	7
120	32	6
121	32	9
122	32	5
123	32	9
124	32	4
125	32	1
126	32	1
128	32	10
129	32	5
130	32	3
131	32	1
132	32	5
133	32	2
134	32	7
136	32	2
137	32	6
138	32	4
139	32	3
140	32	2
141	32	7
143	32	5
145	32	10
146	32	5
147	32	6
148	32	7
149	32	1
150	32	1
151	32	6
152	32	1
153	32	3
154	32	6
155	32	4
156	32	9
158	32	3
159	32	6
160	32	2
161	32	6
162	32	2
163	32	7
165	32	1
166	32	7
168	32	7
169	32	6
171	32	1
172	32	9
173	32	7
174	32	3
176	32	10
177	32	9
178	32	7
179	32	3
181	32	5
182	32	6
183	32	9
185	32	9
186	32	2
187	32	2
190	32	3
191	32	9
193	32	2
194	32	5
195	32	2
196	32	9
197	32	10
198	32	7
199	32	9
200	32	7
201	32	4
202	32	3
203	32	3
204	32	7
205	32	5
206	32	7
207	32	1
208	32	1
209	32	1
210	32	7
211	32	3
212	32	2
213	32	8
214	32	9
215	32	8
216	32	5
217	32	8
218	32	7
219	32	10
220	32	8
221	32	2
223	32	10
224	32	10
226	32	1
227	32	7
228	32	7
229	32	7
230	32	9
231	32	8
232	32	8
233	32	4
234	32	5
235	32	7
236	32	4
237	32	9
238	32	4
239	32	2
240	32	9
241	32	4
0	33	3
1	33	6
2	33	9
3	33	5
4	33	9
5	33	6
6	33	5
7	33	6
8	33	7
9	33	5
10	33	7
11	33	10
12	33	8
13	33	8
14	33	10
15	33	8
16	33	1
17	33	5
18	33	6
19	33	5
21	33	9
22	33	2
23	33	1
24	33	9
25	33	10
26	33	10
27	33	6
28	33	1
29	33	2
30	33	3
32	33	3
34	33	5
35	33	5
36	33	3
37	33	4
38	33	2
39	33	5
40	33	6
41	33	1
42	33	9
43	33	10
44	33	6
45	33	5
46	33	8
47	33	5
48	33	9
50	33	10
51	33	9
52	33	7
53	33	10
54	33	9
55	33	6
56	33	6
57	33	8
58	33	9
59	33	4
60	33	9
61	33	8
62	33	6
63	33	8
65	33	5
66	33	1
67	33	6
68	33	1
69	33	7
70	33	3
71	33	3
72	33	7
73	33	10
74	33	5
75	33	8
76	33	4
77	33	1
78	33	6
79	33	2
80	33	3
81	33	2
82	33	6
83	33	7
85	33	4
86	33	6
87	33	2
89	33	10
90	33	3
92	33	6
94	33	9
95	33	10
97	33	5
98	33	6
99	33	4
100	33	10
101	33	10
103	33	5
104	33	1
105	33	7
106	33	10
107	33	1
109	33	2
110	33	5
111	33	9
112	33	8
113	33	3
114	33	6
115	33	8
117	33	1
118	33	7
119	33	5
120	33	9
121	33	7
122	33	1
124	33	4
125	33	3
126	33	9
127	33	8
129	33	7
130	33	6
131	33	7
132	33	6
133	33	3
135	33	2
136	33	4
137	33	8
138	33	1
139	33	8
140	33	6
141	33	5
142	33	10
143	33	7
144	33	1
145	33	10
146	33	8
147	33	4
148	33	8
149	33	1
151	33	8
152	33	2
153	33	7
154	33	8
155	33	3
156	33	8
157	33	8
158	33	9
159	33	2
160	33	4
161	33	1
162	33	3
163	33	2
164	33	2
165	33	6
167	33	6
168	33	7
169	33	1
170	33	5
171	33	8
172	33	5
173	33	4
174	33	5
175	33	8
176	33	8
178	33	6
179	33	9
180	33	5
181	33	1
182	33	3
183	33	8
184	33	7
185	33	10
186	33	3
187	33	10
188	33	3
190	33	3
191	33	7
192	33	4
193	33	3
194	33	1
195	33	5
196	33	8
197	33	3
198	33	8
199	33	5
200	33	4
201	33	2
202	33	2
203	33	7
204	33	6
205	33	1
206	33	4
208	33	3
209	33	10
210	33	10
211	33	7
212	33	8
213	33	2
214	33	1
215	33	1
216	33	5
217	33	10
219	33	9
220	33	7
221	33	9
222	33	2
223	33	4
224	33	6
225	33	10
226	33	6
227	33	3
228	33	2
229	33	10
230	33	6
231	33	7
232	33	3
233	33	7
235	33	1
236	33	7
237	33	7
238	33	10
239	33	6
0	34	10
1	34	4
2	34	6
4	34	10
5	34	4
6	34	6
7	34	1
8	34	7
9	34	2
10	34	8
11	34	2
12	34	7
13	34	5
15	34	8
16	34	8
17	34	5
18	34	5
19	34	4
20	34	5
21	34	9
22	34	3
23	34	10
24	34	10
25	34	8
26	34	4
27	34	2
28	34	8
29	34	4
30	34	5
31	34	5
32	34	3
33	34	5
34	34	4
35	34	5
36	34	4
37	34	1
38	34	5
39	34	10
40	34	7
41	34	6
42	34	2
43	34	8
44	34	4
46	34	7
47	34	7
49	34	6
50	34	1
51	34	2
52	34	1
54	34	6
55	34	3
56	34	6
58	34	2
59	34	3
60	34	7
61	34	3
62	34	4
63	34	10
64	34	8
65	34	6
66	34	1
67	34	5
68	34	3
69	34	2
71	34	8
72	34	10
73	34	8
74	34	4
75	34	2
76	34	5
77	34	4
78	34	5
79	34	10
81	34	9
82	34	10
83	34	7
84	34	8
85	34	6
86	34	2
87	34	10
88	34	3
89	34	6
90	34	7
91	34	3
92	34	2
93	34	4
94	34	5
95	34	2
96	34	1
97	34	4
98	34	7
99	34	6
100	34	7
101	34	5
102	34	1
103	34	7
104	34	5
105	34	7
106	34	9
107	34	4
108	34	9
109	34	2
110	34	6
112	34	2
113	34	3
115	34	2
116	34	10
117	34	8
118	34	4
119	34	2
120	34	2
121	34	6
122	34	6
123	34	3
124	34	7
125	34	3
126	34	9
127	34	9
128	34	8
130	34	4
131	34	3
132	34	4
133	34	1
134	34	7
135	34	3
136	34	6
137	34	4
138	34	9
139	34	4
140	34	8
141	34	7
142	34	6
143	34	6
144	34	3
146	34	8
147	34	4
148	34	3
149	34	2
150	34	1
151	34	6
152	34	7
153	34	4
154	34	6
155	34	7
156	34	1
157	34	9
158	34	1
159	34	10
160	34	5
161	34	10
162	34	3
163	34	8
164	34	9
165	34	5
166	34	1
167	34	2
168	34	6
169	34	1
170	34	4
171	34	5
172	34	10
173	34	9
174	34	8
175	34	5
176	34	2
177	34	8
178	34	10
179	34	10
181	34	1
182	34	5
183	34	2
184	34	4
185	34	9
186	34	8
187	34	3
188	34	9
189	34	6
190	34	6
191	34	3
192	34	7
194	34	2
195	34	10
197	34	7
198	34	5
199	34	2
200	34	4
201	34	1
202	34	2
203	34	9
204	34	6
205	34	5
206	34	2
207	34	4
208	34	1
209	34	6
210	34	6
211	34	6
212	34	5
213	34	2
214	34	1
215	34	5
216	34	1
217	34	3
218	34	4
219	34	6
220	34	2
221	34	1
222	34	2
223	34	8
224	34	1
225	34	10
226	34	2
227	34	1
228	34	5
229	34	10
230	34	6
231	34	2
232	34	1
234	34	7
235	34	7
236	34	4
237	34	4
0	35	3
1	35	6
2	35	5
4	35	5
5	35	7
6	35	10
7	35	7
8	35	4
9	35	4
10	35	7
11	35	6
13	35	1
15	35	7
16	35	5
17	35	9
18	35	7
19	35	2
20	35	4
21	35	6
22	35	2
23	35	6
24	35	1
25	35	4
26	35	6
27	35	7
28	35	3
29	35	5
31	35	10
32	35	6
33	35	4
34	35	2
36	35	4
37	35	3
38	35	4
39	35	4
40	35	7
41	35	8
43	35	7
44	35	10
45	35	10
47	35	3
48	35	5
49	35	5
50	35	3
53	35	8
55	35	5
57	35	10
58	35	10
59	35	2
60	35	1
61	35	1
62	35	8
63	35	10
64	35	7
65	35	2
66	35	9
67	35	10
68	35	5
69	35	5
70	35	8
71	35	2
72	35	7
73	35	6
74	35	6
75	35	3
77	35	9
78	35	3
79	35	5
80	35	9
81	35	1
83	35	6
84	35	8
85	35	2
86	35	9
87	35	2
88	35	5
89	35	8
90	35	4
91	35	10
92	35	6
93	35	7
94	35	4
95	35	9
96	35	6
97	35	4
98	35	10
99	35	7
100	35	6
101	35	9
102	35	2
103	35	7
104	35	3
105	35	1
106	35	6
107	35	9
108	35	5
111	35	6
113	35	2
114	35	2
115	35	8
116	35	7
117	35	9
118	35	1
120	35	8
123	35	7
124	35	10
125	35	2
126	35	9
127	35	6
128	35	3
129	35	2
131	35	2
132	35	8
133	35	8
134	35	6
137	35	10
138	35	7
139	35	2
140	35	8
141	35	3
142	35	9
143	35	9
144	35	6
145	35	9
146	35	3
147	35	4
148	35	4
149	35	2
150	35	9
151	35	6
152	35	6
154	35	10
155	35	10
156	35	3
157	35	6
158	35	8
159	35	7
160	35	3
161	35	9
163	35	9
164	35	10
165	35	5
166	35	3
167	35	9
168	35	8
169	35	7
170	35	1
171	35	10
172	35	4
173	35	10
174	35	2
175	35	4
176	35	7
177	35	6
178	35	1
179	35	8
180	35	10
181	35	9
182	35	9
183	35	3
184	35	6
185	35	1
186	35	1
187	35	3
188	35	4
189	35	5
190	35	9
191	35	10
192	35	6
193	35	10
194	35	1
195	35	6
197	35	1
199	35	6
200	35	5
201	35	4
202	35	5
203	35	9
204	35	2
205	35	9
206	35	7
207	35	5
208	35	2
209	35	4
210	35	1
212	35	5
213	35	3
214	35	3
215	35	1
216	35	10
217	35	7
218	35	2
219	35	3
220	35	6
221	35	4
222	35	2
223	35	4
224	35	10
225	35	4
226	35	4
227	35	7
228	35	2
229	35	1
230	35	6
231	35	3
232	35	7
233	35	5
234	35	8
235	35	3
0	36	9
1	36	10
2	36	4
3	36	9
4	36	1
5	36	10
6	36	5
7	36	3
8	36	3
9	36	7
10	36	8
11	36	6
12	36	9
13	36	4
14	36	6
16	36	7
17	36	1
18	36	4
19	36	7
20	36	7
21	36	3
22	36	10
23	36	2
24	36	4
25	36	7
26	36	4
27	36	8
29	36	7
30	36	8
31	36	5
32	36	3
33	36	8
34	36	8
35	36	7
36	36	2
37	36	3
38	36	3
39	36	2
40	36	3
41	36	2
42	36	7
43	36	9
45	36	1
46	36	5
47	36	1
48	36	2
49	36	1
50	36	2
52	36	10
53	36	2
56	36	3
57	36	10
58	36	10
59	36	3
60	36	4
61	36	8
62	36	7
63	36	4
64	36	7
65	36	10
66	36	7
68	36	10
69	36	3
70	36	8
71	36	4
72	36	8
73	36	2
74	36	1
75	36	1
76	36	10
77	36	10
79	36	1
80	36	7
81	36	1
82	36	2
84	36	10
85	36	5
86	36	2
87	36	8
88	36	1
89	36	8
90	36	10
91	36	6
92	36	9
93	36	8
94	36	8
95	36	1
96	36	8
97	36	2
98	36	6
99	36	5
100	36	8
101	36	3
102	36	3
103	36	2
104	36	9
105	36	2
106	36	9
107	36	10
108	36	9
109	36	8
110	36	5
111	36	6
112	36	1
113	36	9
114	36	7
115	36	1
116	36	7
117	36	7
118	36	6
119	36	6
120	36	4
122	36	3
123	36	10
124	36	6
125	36	6
126	36	10
127	36	7
128	36	8
129	36	5
130	36	2
131	36	8
132	36	2
133	36	7
134	36	9
136	36	9
137	36	3
139	36	5
140	36	7
141	36	1
142	36	3
144	36	5
145	36	3
146	36	4
147	36	5
148	36	6
150	36	9
151	36	10
153	36	2
154	36	9
155	36	10
156	36	8
157	36	4
158	36	3
159	36	9
160	36	7
161	36	9
162	36	4
163	36	8
165	36	7
166	36	9
167	36	1
168	36	1
169	36	2
170	36	8
171	36	5
172	36	8
173	36	10
174	36	7
175	36	9
176	36	1
177	36	6
178	36	9
179	36	1
180	36	7
181	36	2
182	36	3
183	36	6
184	36	9
186	36	10
188	36	9
189	36	10
190	36	5
191	36	8
192	36	10
193	36	5
194	36	10
195	36	9
196	36	2
197	36	3
198	36	9
199	36	5
200	36	9
202	36	10
203	36	6
204	36	2
205	36	2
207	36	1
208	36	7
209	36	6
210	36	3
211	36	5
212	36	2
213	36	1
214	36	4
215	36	3
217	36	6
218	36	2
219	36	7
220	36	9
221	36	7
222	36	9
223	36	4
224	36	10
226	36	10
227	36	8
228	36	2
229	36	5
230	36	5
232	36	5
233	36	1
0	37	9
2	37	1
3	37	6
4	37	4
5	37	10
6	37	6
7	37	5
9	37	10
10	37	6
11	37	5
12	37	3
13	37	7
14	37	6
15	37	9
16	37	1
17	37	7
19	37	1
21	37	7
22	37	1
23	37	1
24	37	2
25	37	4
26	37	10
31	37	5
32	37	10
33	37	5
34	37	8
36	37	1
37	37	8
38	37	9
39	37	1
40	37	10
41	37	8
42	37	5
43	37	6
44	37	7
45	37	10
46	37	9
47	37	1
49	37	3
50	37	4
51	37	6
52	37	4
53	37	1
54	37	8
56	37	5
57	37	8
58	37	3
59	37	10
60	37	9
61	37	2
62	37	8
63	37	1
64	37	2
65	37	5
66	37	4
67	37	10
68	37	4
69	37	6
70	37	5
71	37	3
72	37	5
73	37	9
74	37	4
75	37	3
76	37	4
77	37	10
78	37	5
79	37	5
80	37	9
81	37	8
82	37	6
83	37	5
84	37	4
85	37	10
86	37	5
87	37	10
88	37	2
89	37	8
90	37	1
91	37	5
92	37	2
93	37	9
94	37	9
95	37	5
96	37	7
97	37	5
98	37	8
99	37	9
100	37	2
101	37	10
102	37	6
103	37	1
104	37	10
105	37	3
106	37	4
107	37	10
108	37	4
109	37	4
110	37	7
111	37	7
112	37	6
113	37	7
114	37	10
115	37	10
116	37	2
117	37	5
119	37	6
120	37	4
121	37	8
122	37	8
123	37	5
124	37	2
125	37	5
126	37	3
127	37	5
128	37	3
129	37	6
130	37	10
131	37	6
132	37	2
133	37	5
134	37	6
135	37	2
137	37	4
138	37	6
139	37	8
140	37	4
141	37	3
142	37	4
143	37	5
144	37	8
145	37	9
146	37	3
148	37	9
149	37	6
150	37	6
151	37	1
152	37	7
154	37	6
155	37	3
156	37	10
157	37	7
158	37	2
159	37	5
160	37	4
161	37	9
162	37	1
163	37	6
164	37	2
165	37	7
166	37	6
167	37	4
168	37	3
169	37	10
170	37	1
171	37	8
172	37	8
173	37	4
174	37	7
176	37	1
177	37	2
178	37	10
179	37	7
180	37	5
181	37	9
182	37	4
183	37	3
184	37	4
185	37	5
186	37	4
187	37	9
189	37	6
190	37	7
191	37	3
192	37	9
193	37	9
194	37	10
195	37	4
196	37	9
197	37	1
198	37	2
199	37	4
200	37	7
201	37	7
202	37	7
203	37	7
204	37	10
205	37	3
206	37	6
207	37	3
208	37	9
209	37	7
210	37	10
212	37	5
213	37	5
214	37	3
215	37	1
216	37	4
217	37	5
218	37	10
219	37	10
220	37	4
221	37	3
222	37	4
223	37	4
224	37	6
225	37	3
226	37	1
227	37	3
228	37	5
229	37	1
230	37	3
231	37	10
0	38	2
1	38	10
2	38	2
3	38	3
4	38	5
5	38	9
6	38	8
7	38	8
8	38	1
9	38	6
10	38	3
11	38	1
12	38	7
13	38	1
14	38	4
15	38	7
16	38	8
17	38	6
18	38	6
19	38	2
20	38	9
21	38	2
22	38	1
23	38	10
24	38	5
25	38	1
26	38	8
27	38	3
28	38	6
29	38	9
30	38	8
31	38	3
32	38	2
34	38	1
35	38	2
36	38	6
37	38	1
38	38	4
39	38	6
40	38	1
41	38	6
42	38	4
43	38	7
44	38	8
45	38	1
46	38	4
47	38	3
48	38	2
49	38	6
50	38	3
51	38	10
52	38	5
53	38	5
54	38	7
55	38	7
56	38	3
57	38	9
58	38	9
59	38	8
60	38	10
61	38	10
62	38	6
63	38	4
64	38	4
65	38	8
66	38	9
67	38	2
68	38	1
69	38	10
71	38	3
72	38	6
73	38	2
74	38	10
75	38	4
76	38	1
77	38	7
79	38	10
80	38	4
81	38	8
82	38	5
83	38	9
84	38	7
85	38	8
87	38	1
88	38	6
89	38	9
90	38	10
91	38	7
93	38	1
94	38	3
95	38	6
96	38	3
97	38	7
98	38	2
99	38	7
100	38	1
101	38	5
102	38	9
103	38	8
104	38	6
105	38	9
106	38	1
107	38	4
108	38	1
109	38	9
111	38	2
112	38	4
113	38	10
114	38	9
115	38	6
116	38	1
117	38	9
118	38	1
119	38	1
120	38	10
121	38	9
122	38	10
123	38	1
124	38	3
125	38	8
126	38	10
127	38	2
128	38	2
129	38	3
130	38	7
132	38	5
133	38	1
135	38	6
137	38	8
138	38	2
139	38	2
140	38	3
141	38	1
142	38	7
143	38	5
144	38	2
145	38	3
146	38	7
147	38	10
148	38	5
149	38	5
150	38	7
151	38	4
152	38	5
153	38	1
154	38	5
155	38	10
156	38	2
157	38	6
158	38	3
159	38	4
160	38	4
161	38	7
162	38	5
164	38	4
165	38	7
166	38	10
167	38	5
168	38	1
169	38	6
171	38	5
172	38	6
174	38	6
175	38	4
176	38	5
177	38	1
178	38	5
179	38	1
180	38	7
181	38	5
182	38	10
183	38	5
184	38	5
185	38	7
186	38	1
187	38	7
188	38	3
189	38	8
190	38	2
192	38	6
193	38	5
195	38	9
196	38	3
197	38	10
199	38	5
200	38	6
201	38	1
202	38	8
203	38	3
204	38	9
205	38	8
207	38	1
208	38	2
209	38	1
210	38	9
212	38	10
213	38	10
214	38	7
215	38	1
216	38	2
217	38	1
218	38	6
219	38	7
221	38	5
222	38	7
223	38	7
224	38	4
225	38	4
226	38	7
227	38	3
228	38	8
229	38	3
0	39	9
2	39	4
3	39	5
4	39	7
5	39	7
6	39	10
7	39	1
8	39	1
9	39	8
10	39	5
12	39	9
13	39	2
14	39	10
15	39	7
16	39	8
17	39	6
18	39	6
19	39	3
20	39	7
21	39	6
22	39	4
23	39	7
24	39	3
25	39	4
27	39	3
28	39	1
29	39	9
31	39	7
32	39	6
33	39	2
34	39	4
35	39	1
36	39	8
37	39	3
38	39	6
39	39	6
40	39	4
41	39	5
42	39	3
43	39	8
44	39	8
45	39	10
46	39	3
47	39	9
48	39	7
49	39	8
50	39	7
51	39	5
52	39	4
53	39	5
54	39	6
55	39	4
56	39	6
57	39	7
58	39	4
59	39	7
60	39	7
61	39	2
62	39	7
63	39	9
64	39	8
66	39	5
67	39	10
68	39	8
69	39	6
70	39	3
72	39	5
73	39	8
74	39	1
75	39	7
76	39	2
77	39	1
78	39	5
79	39	1
80	39	3
81	39	4
82	39	10
84	39	7
86	39	4
87	39	6
88	39	10
89	39	8
90	39	7
91	39	3
92	39	10
93	39	4
94	39	6
96	39	9
97	39	1
98	39	1
99	39	6
100	39	7
101	39	8
102	39	8
103	39	6
104	39	7
105	39	8
106	39	7
107	39	5
108	39	1
109	39	9
110	39	3
111	39	2
112	39	9
113	39	1
114	39	5
116	39	10
117	39	9
118	39	3
119	39	4
120	39	6
121	39	3
122	39	1
123	39	1
124	39	5
125	39	6
126	39	4
127	39	6
128	39	1
129	39	6
130	39	10
131	39	5
132	39	10
133	39	9
134	39	10
135	39	7
136	39	2
137	39	4
138	39	3
139	39	6
142	39	7
143	39	4
144	39	3
145	39	6
146	39	5
147	39	3
148	39	1
149	39	10
150	39	4
151	39	9
152	39	1
153	39	7
154	39	1
155	39	4
156	39	5
157	39	2
158	39	9
159	39	3
160	39	10
161	39	10
162	39	4
163	39	2
164	39	6
165	39	7
166	39	10
167	39	3
170	39	4
171	39	9
172	39	2
174	39	8
175	39	4
176	39	5
178	39	6
179	39	2
180	39	5
181	39	8
182	39	5
183	39	7
184	39	8
185	39	2
186	39	10
187	39	5
188	39	6
189	39	1
190	39	9
191	39	4
193	39	5
194	39	7
195	39	10
196	39	5
198	39	6
199	39	3
200	39	2
201	39	7
202	39	5
203	39	2
204	39	10
205	39	1
206	39	2
207	39	5
208	39	5
209	39	6
210	39	7
211	39	5
212	39	4
213	39	10
214	39	8
215	39	1
216	39	8
217	39	10
218	39	5
219	39	10
220	39	4
221	39	5
222	39	1
223	39	2
224	39	2
225	39	7
226	39	9
227	39	6
0	40	7
1	40	10
2	40	7
3	40	2
4	40	4
5	40	8
6	40	2
7	40	3
8	40	5
9	40	8
10	40	7
11	40	2
12	40	5
13	40	1
15	40	10
16	40	3
17	40	2
18	40	8
19	40	1
20	40	9
21	40	2
22	40	3
23	40	3
24	40	9
25	40	7
26	40	8
27	40	4
28	40	5
29	40	6
31	40	10
32	40	2
33	40	9
34	40	4
35	40	5
36	40	5
37	40	5
40	40	1
41	40	8
42	40	9
43	40	7
44	40	10
45	40	7
46	40	6
47	40	3
48	40	8
49	40	1
50	40	5
52	40	2
53	40	9
54	40	4
55	40	1
56	40	10
57	40	9
58	40	4
59	40	10
60	40	8
61	40	3
62	40	10
63	40	3
64	40	9
65	40	9
66	40	4
67	40	4
68	40	4
69	40	8
70	40	1
72	40	2
73	40	3
74	40	8
75	40	7
76	40	5
77	40	1
78	40	7
79	40	10
80	40	6
81	40	8
82	40	2
83	40	9
84	40	5
85	40	4
86	40	3
87	40	2
88	40	2
89	40	2
91	40	10
92	40	9
93	40	6
94	40	8
95	40	3
96	40	1
97	40	5
98	40	9
100	40	6
101	40	6
102	40	5
103	40	8
105	40	4
106	40	4
107	40	6
108	40	6
110	40	2
111	40	8
112	40	3
113	40	9
114	40	8
115	40	6
116	40	1
117	40	4
118	40	6
119	40	9
120	40	6
121	40	9
122	40	8
123	40	3
124	40	4
125	40	1
126	40	8
127	40	3
128	40	1
129	40	2
130	40	8
131	40	5
132	40	7
133	40	1
134	40	9
135	40	7
136	40	1
138	40	2
140	40	8
141	40	1
142	40	6
143	40	7
144	40	9
145	40	7
146	40	4
147	40	4
148	40	9
149	40	5
150	40	2
151	40	2
152	40	9
153	40	6
154	40	8
155	40	4
156	40	10
157	40	8
159	40	4
160	40	8
162	40	2
163	40	2
164	40	3
165	40	4
166	40	1
167	40	1
169	40	3
170	40	9
171	40	9
173	40	6
175	40	9
176	40	4
177	40	4
178	40	4
179	40	8
180	40	5
181	40	3
182	40	8
183	40	5
184	40	1
185	40	4
186	40	10
187	40	4
188	40	3
189	40	1
190	40	4
192	40	5
193	40	10
194	40	6
195	40	4
196	40	2
198	40	10
199	40	8
200	40	3
201	40	3
202	40	10
203	40	3
204	40	2
206	40	3
207	40	10
208	40	5
209	40	9
210	40	7
212	40	7
213	40	1
214	40	4
215	40	9
216	40	2
217	40	5
218	40	2
219	40	6
220	40	8
222	40	4
223	40	2
224	40	3
225	40	10
0	41	7
1	41	7
2	41	5
3	41	10
4	41	6
5	41	9
6	41	7
8	41	10
9	41	1
10	41	2
11	41	7
12	41	2
13	41	2
14	41	7
15	41	6
16	41	10
17	41	6
18	41	1
19	41	8
20	41	5
22	41	8
23	41	7
24	41	2
25	41	8
26	41	10
27	41	3
28	41	3
29	41	6
30	41	1
31	41	3
32	41	10
33	41	10
34	41	9
35	41	4
36	41	9
37	41	8
38	41	3
39	41	10
40	41	6
41	41	9
42	41	8
43	41	3
44	41	5
46	41	10
47	41	2
48	41	1
49	41	8
50	41	7
51	41	4
53	41	5
54	41	1
55	41	10
56	41	9
57	41	7
58	41	1
59	41	5
60	41	7
61	41	3
62	41	5
63	41	1
64	41	1
65	41	4
66	41	9
67	41	4
68	41	9
69	41	10
70	41	1
71	41	4
72	41	7
73	41	9
74	41	1
75	41	10
77	41	8
78	41	10
79	41	7
80	41	7
82	41	3
84	41	4
85	41	9
86	41	2
87	41	10
88	41	5
89	41	1
90	41	7
91	41	3
92	41	5
93	41	10
95	41	5
96	41	10
97	41	5
98	41	9
99	41	9
100	41	3
101	41	10
102	41	4
103	41	5
104	41	1
105	41	8
106	41	10
108	41	8
109	41	1
110	41	2
111	41	4
112	41	2
115	41	6
117	41	5
118	41	4
119	41	5
120	41	4
122	41	6
123	41	1
124	41	3
125	41	10
126	41	8
127	41	5
128	41	2
129	41	7
130	41	8
131	41	4
132	41	5
133	41	3
134	41	7
135	41	8
136	41	8
137	41	2
138	41	1
139	41	1
140	41	6
141	41	7
142	41	5
143	41	10
144	41	3
145	41	8
147	41	7
148	41	4
149	41	5
150	41	2
151	41	9
153	41	1
154	41	2
155	41	2
157	41	5
158	41	9
159	41	9
161	41	4
163	41	9
164	41	3
165	41	6
166	41	2
167	41	10
168	41	10
169	41	8
170	41	8
172	41	4
173	41	2
174	41	6
175	41	5
176	41	8
177	41	2
178	41	3
179	41	7
181	41	6
183	41	6
185	41	3
186	41	7
187	41	8
188	41	2
189	41	10
190	41	10
192	41	10
193	41	10
194	41	5
195	41	6
196	41	2
197	41	10
198	41	7
199	41	5
200	41	7
201	41	7
202	41	3
203	41	6
204	41	1
205	41	4
206	41	2
207	41	7
208	41	10
209	41	9
210	41	4
211	41	6
212	41	4
214	41	8
216	41	4
217	41	4
218	41	6
219	41	2
220	41	9
221	41	8
222	41	2
223	41	7
0	42	6
1	42	8
2	42	6
3	42	2
4	42	3
5	42	2
6	42	1
7	42	6
8	42	1
9	42	8
10	42	6
11	42	3
12	42	6
13	42	10
14	42	8
16	42	10
17	42	1
18	42	4
19	42	2
20	42	7
21	42	3
22	42	1
23	42	3
24	42	4
25	42	9
26	42	10
27	42	6
28	42	9
29	42	9
31	42	7
32	42	4
33	42	8
34	42	4
35	42	1
36	42	5
37	42	8
39	42	5
40	42	10
41	42	8
43	42	6
44	42	3
45	42	7
46	42	7
47	42	3
48	42	3
49	42	3
50	42	6
51	42	7
52	42	1
53	42	6
54	42	9
55	42	2
56	42	3
57	42	5
58	42	7
59	42	3
60	42	6
61	42	1
62	42	4
63	42	10
64	42	7
65	42	7
67	42	7
68	42	3
69	42	7
70	42	7
71	42	9
72	42	9
73	42	2
74	42	10
75	42	1
76	42	2
77	42	5
78	42	2
80	42	5
81	42	3
82	42	4
83	42	7
84	42	10
86	42	1
87	42	10
88	42	5
89	42	10
90	42	1
91	42	10
92	42	10
93	42	8
94	42	2
96	42	7
97	42	1
98	42	8
100	42	8
101	42	4
102	42	10
103	42	3
105	42	8
106	42	2
107	42	7
108	42	8
109	42	3
110	42	2
111	42	2
112	42	8
113	42	1
114	42	10
115	42	6
116	42	9
117	42	6
118	42	3
119	42	2
120	42	1
121	42	5
122	42	5
123	42	5
124	42	4
125	42	1
126	42	4
127	42	9
128	42	9
129	42	1
130	42	6
131	42	1
132	42	3
134	42	4
135	42	9
136	42	4
137	42	6
138	42	5
139	42	8
141	42	5
142	42	2
143	42	3
144	42	2
145	42	2
146	42	8
147	42	4
148	42	10
149	42	5
150	42	2
151	42	9
152	42	10
153	42	10
155	42	7
156	42	9
157	42	10
158	42	6
159	42	5
160	42	6
162	42	7
163	42	9
164	42	7
165	42	9
166	42	1
167	42	5
168	42	1
169	42	10
170	42	2
171	42	8
172	42	9
173	42	2
174	42	1
175	42	1
178	42	7
179	42	9
180	42	10
181	42	10
182	42	7
183	42	5
184	42	1
185	42	10
186	42	9
187	42	4
188	42	10
190	42	2
191	42	5
192	42	3
193	42	7
194	42	1
195	42	4
196	42	8
197	42	10
199	42	6
200	42	7
201	42	9
202	42	9
203	42	8
204	42	4
205	42	1
206	42	7
207	42	6
208	42	2
209	42	6
210	42	2
211	42	6
213	42	9
214	42	9
215	42	2
216	42	6
217	42	8
218	42	7
219	42	7
220	42	10
221	42	9
0	43	6
1	43	1
2	43	3
3	43	6
4	43	7
5	43	6
6	43	9
7	43	3
9	43	3
10	43	6
11	43	2
12	43	4
13	43	3
14	43	6
16	43	3
17	43	1
18	43	6
19	43	2
20	43	6
21	43	10
22	43	7
23	43	5
25	43	3
26	43	4
27	43	10
28	43	8
29	43	7
30	43	5
31	43	2
32	43	1
33	43	7
34	43	1
35	43	7
36	43	1
37	43	9
38	43	2
39	43	1
40	43	3
41	43	9
42	43	6
43	43	3
44	43	1
45	43	3
46	43	4
47	43	9
48	43	2
49	43	5
50	43	8
51	43	10
52	43	8
53	43	4
54	43	6
55	43	2
56	43	3
57	43	4
58	43	2
59	43	10
60	43	7
61	43	7
62	43	2
63	43	9
64	43	6
65	43	10
66	43	6
67	43	3
68	43	7
69	43	7
70	43	8
71	43	10
72	43	9
73	43	4
75	43	8
76	43	3
78	43	4
79	43	6
80	43	3
81	43	3
83	43	1
85	43	3
86	43	7
87	43	10
88	43	1
89	43	3
90	43	7
91	43	8
92	43	3
93	43	9
94	43	6
95	43	2
96	43	6
97	43	3
98	43	4
99	43	7
100	43	7
101	43	6
102	43	9
104	43	9
105	43	10
106	43	7
107	43	7
108	43	8
110	43	6
111	43	5
112	43	10
113	43	3
114	43	1
115	43	8
116	43	7
117	43	2
118	43	1
119	43	8
120	43	10
121	43	2
123	43	2
124	43	3
125	43	1
126	43	10
127	43	7
128	43	6
129	43	4
131	43	6
132	43	7
133	43	4
134	43	7
135	43	2
136	43	9
137	43	2
139	43	4
141	43	2
142	43	3
143	43	8
144	43	1
145	43	4
146	43	9
147	43	9
148	43	1
149	43	1
150	43	9
151	43	3
152	43	5
153	43	10
155	43	10
156	43	8
157	43	3
158	43	7
159	43	4
160	43	9
161	43	3
162	43	1
163	43	2
164	43	8
165	43	7
166	43	2
168	43	6
169	43	8
171	43	8
172	43	2
173	43	8
174	43	10
175	43	9
176	43	6
177	43	8
178	43	7
179	43	9
180	43	2
181	43	2
182	43	5
183	43	10
184	43	10
185	43	7
187	43	10
189	43	5
190	43	2
191	43	8
193	43	1
194	43	1
195	43	9
196	43	2
197	43	2
198	43	4
199	43	9
200	43	6
201	43	5
202	43	2
203	43	1
204	43	8
205	43	5
206	43	4
207	43	3
208	43	6
209	43	3
210	43	10
211	43	3
212	43	1
213	43	9
215	43	8
216	43	1
217	43	9
218	43	1
0	44	7
1	44	7
2	44	2
3	44	6
4	44	10
5	44	9
7	44	3
8	44	5
9	44	4
10	44	2
11	44	3
12	44	6
13	44	8
15	44	6
17	44	8
18	44	9
19	44	7
20	44	4
22	44	1
23	44	1
24	44	8
25	44	10
26	44	8
27	44	2
28	44	5
29	44	7
31	44	3
32	44	5
33	44	6
34	44	6
35	44	4
36	44	3
37	44	2
38	44	8
39	44	3
40	44	8
41	44	10
42	44	9
43	44	5
44	44	8
45	44	8
47	44	9
48	44	10
49	44	5
50	44	5
51	44	4
52	44	7
53	44	3
54	44	3
55	44	7
56	44	9
57	44	5
58	44	8
59	44	6
60	44	9
61	44	10
62	44	4
63	44	3
64	44	9
65	44	2
66	44	3
67	44	8
68	44	8
69	44	5
70	44	5
71	44	5
72	44	5
73	44	6
74	44	2
75	44	4
76	44	1
78	44	4
79	44	5
80	44	9
81	44	10
83	44	4
84	44	6
85	44	3
86	44	10
87	44	5
88	44	10
89	44	3
90	44	3
91	44	10
92	44	2
93	44	4
94	44	3
95	44	9
96	44	9
98	44	3
99	44	4
100	44	10
102	44	9
103	44	5
104	44	4
105	44	3
106	44	3
107	44	10
108	44	7
109	44	3
110	44	9
111	44	4
112	44	6
113	44	1
114	44	5
115	44	7
116	44	5
117	44	9
118	44	1
119	44	6
120	44	3
121	44	5
122	44	3
123	44	10
124	44	6
125	44	5
127	44	1
128	44	4
129	44	7
130	44	1
131	44	7
132	44	4
133	44	8
134	44	7
135	44	7
136	44	4
137	44	3
138	44	2
139	44	1
140	44	1
141	44	2
142	44	2
143	44	2
144	44	8
145	44	4
146	44	1
147	44	10
148	44	7
149	44	7
150	44	1
151	44	8
152	44	2
154	44	1
155	44	7
156	44	2
157	44	3
158	44	10
159	44	9
160	44	1
162	44	4
164	44	10
165	44	3
166	44	5
167	44	2
168	44	2
170	44	10
171	44	3
172	44	9
173	44	1
174	44	5
177	44	8
178	44	6
179	44	9
180	44	8
181	44	6
182	44	5
183	44	9
184	44	9
185	44	8
186	44	9
187	44	8
188	44	1
189	44	9
190	44	9
191	44	6
192	44	7
193	44	2
194	44	7
195	44	8
198	44	5
199	44	8
200	44	3
201	44	8
202	44	1
203	44	9
204	44	3
205	44	1
206	44	8
207	44	5
208	44	1
209	44	5
211	44	3
212	44	2
213	44	2
214	44	2
216	44	2
217	44	8
0	45	6
1	45	10
3	45	5
4	45	5
5	45	6
6	45	5
7	45	8
8	45	6
9	45	3
11	45	10
12	45	5
13	45	2
14	45	8
16	45	9
20	45	4
21	45	2
22	45	5
23	45	4
24	45	1
25	45	9
26	45	1
27	45	8
28	45	3
30	45	9
31	45	6
32	45	8
33	45	4
34	45	7
35	45	4
36	45	5
37	45	7
38	45	3
39	45	8
40	45	8
41	45	8
42	45	4
43	45	1
44	45	5
45	45	3
46	45	2
47	45	10
48	45	6
49	45	7
50	45	2
51	45	2
52	45	1
53	45	2
54	45	7
55	45	7
56	45	9
58	45	6
59	45	3
60	45	9
62	45	7
63	45	4
64	45	2
65	45	7
66	45	5
68	45	8
69	45	6
70	45	5
71	45	10
72	45	4
73	45	1
74	45	7
75	45	1
76	45	2
77	45	1
78	45	5
79	45	9
81	45	5
82	45	5
83	45	8
84	45	9
85	45	6
86	45	6
87	45	1
88	45	1
89	45	2
90	45	7
91	45	5
93	45	3
94	45	3
95	45	1
96	45	4
97	45	6
98	45	2
100	45	10
101	45	8
102	45	2
103	45	2
104	45	2
105	45	1
106	45	3
107	45	2
108	45	1
110	45	10
112	45	5
113	45	2
114	45	8
115	45	3
116	45	10
117	45	1
118	45	9
119	45	6
120	45	1
121	45	9
122	45	8
123	45	1
124	45	5
125	45	6
126	45	9
127	45	5
128	45	9
129	45	6
131	45	3
132	45	6
134	45	3
135	45	5
136	45	6
137	45	3
138	45	1
139	45	3
140	45	1
141	45	4
142	45	1
143	45	1
144	45	2
145	45	1
146	45	5
147	45	6
148	45	7
150	45	5
151	45	6
152	45	8
153	45	10
154	45	7
155	45	5
156	45	3
157	45	7
158	45	4
159	45	6
160	45	5
161	45	1
162	45	9
164	45	7
165	45	5
166	45	3
167	45	10
168	45	7
169	45	7
170	45	8
171	45	2
172	45	5
173	45	10
174	45	2
175	45	10
176	45	3
177	45	3
178	45	3
179	45	9
180	45	7
181	45	5
182	45	4
183	45	9
184	45	2
185	45	3
186	45	9
187	45	10
188	45	10
189	45	7
190	45	10
191	45	3
192	45	8
193	45	3
194	45	8
195	45	6
197	45	7
198	45	2
199	45	1
200	45	5
202	45	9
203	45	10
204	45	3
206	45	6
207	45	5
208	45	9
209	45	3
210	45	3
212	45	6
213	45	1
214	45	3
215	45	1
0	46	2
1	46	7
2	46	7
3	46	10
4	46	6
5	46	3
6	46	8
7	46	6
8	46	3
10	46	10
11	46	10
12	46	10
13	46	8
14	46	5
15	46	1
16	46	5
17	46	6
18	46	7
19	46	4
20	46	2
21	46	5
22	46	8
23	46	7
24	46	4
25	46	10
26	46	10
27	46	3
28	46	9
29	46	6
30	46	10
31	46	10
32	46	4
33	46	5
34	46	3
35	46	10
36	46	6
38	46	7
39	46	3
40	46	4
41	46	2
42	46	1
44	46	5
45	46	3
46	46	3
47	46	6
48	46	2
50	46	4
52	46	3
53	46	7
54	46	9
55	46	3
57	46	5
58	46	5
59	46	1
60	46	7
61	46	7
62	46	2
63	46	10
64	46	3
65	46	8
66	46	1
67	46	7
68	46	9
69	46	3
71	46	5
72	46	6
73	46	4
74	46	1
75	46	7
76	46	10
77	46	1
78	46	6
79	46	6
80	46	6
81	46	6
82	46	3
83	46	9
84	46	1
85	46	4
86	46	10
87	46	2
88	46	7
89	46	3
90	46	9
91	46	9
92	46	1
93	46	5
94	46	5
95	46	3
96	46	7
97	46	10
98	46	9
99	46	1
100	46	1
101	46	7
103	46	8
104	46	4
105	46	10
107	46	1
108	46	1
109	46	5
110	46	5
111	46	4
112	46	3
113	46	10
114	46	1
115	46	3
117	46	9
118	46	8
120	46	5
121	46	10
123	46	9
125	46	5
126	46	4
127	46	10
128	46	6
129	46	4
131	46	7
132	46	9
133	46	7
134	46	1
135	46	1
137	46	7
138	46	1
139	46	1
140	46	4
141	46	9
142	46	3
143	46	7
144	46	1
145	46	1
146	46	8
147	46	6
148	46	10
149	46	10
150	46	9
151	46	8
152	46	8
153	46	6
154	46	4
156	46	5
157	46	7
158	46	1
159	46	9
160	46	3
161	46	10
162	46	2
163	46	7
164	46	5
165	46	1
166	46	2
167	46	6
171	46	4
172	46	4
173	46	8
174	46	6
175	46	10
176	46	9
177	46	3
178	46	7
179	46	8
181	46	10
182	46	7
183	46	4
184	46	3
185	46	3
186	46	4
187	46	8
188	46	2
189	46	5
190	46	9
191	46	2
193	46	5
194	46	2
195	46	8
196	46	9
197	46	4
198	46	9
199	46	3
200	46	10
201	46	9
202	46	5
203	46	2
204	46	3
205	46	5
206	46	2
207	46	6
208	46	10
209	46	6
210	46	1
211	46	8
212	46	5
213	46	4
0	47	1
1	47	1
2	47	3
3	47	1
4	47	6
5	47	3
6	47	6
7	47	3
8	47	9
9	47	6
11	47	6
12	47	4
13	47	4
14	47	9
15	47	9
16	47	8
17	47	4
18	47	4
19	47	8
20	47	10
21	47	4
22	47	10
24	47	4
25	47	8
26	47	5
27	47	3
28	47	3
29	47	5
30	47	5
31	47	6
32	47	5
33	47	3
34	47	8
35	47	8
36	47	5
37	47	2
38	47	9
39	47	5
40	47	4
41	47	8
42	47	4
43	47	7
44	47	4
46	47	7
48	47	10
49	47	10
50	47	1
51	47	2
52	47	8
54	47	7
55	47	6
56	47	5
57	47	9
58	47	5
60	47	4
61	47	7
62	47	10
63	47	9
64	47	4
65	47	3
66	47	8
67	47	2
70	47	8
71	47	7
72	47	4
73	47	9
75	47	7
76	47	4
77	47	6
78	47	1
79	47	7
80	47	3
81	47	6
82	47	8
83	47	5
84	47	2
85	47	8
86	47	6
87	47	9
88	47	2
89	47	9
90	47	2
91	47	3
92	47	2
93	47	6
94	47	8
96	47	3
97	47	6
98	47	7
99	47	7
101	47	1
102	47	8
103	47	5
104	47	5
106	47	3
107	47	1
108	47	8
109	47	9
110	47	2
111	47	3
112	47	4
114	47	5
115	47	7
116	47	3
117	47	9
118	47	1
119	47	4
120	47	3
122	47	9
123	47	1
124	47	6
125	47	2
126	47	5
127	47	1
129	47	6
131	47	9
132	47	6
133	47	7
134	47	6
135	47	9
136	47	3
137	47	3
139	47	4
141	47	3
142	47	9
143	47	8
145	47	6
146	47	8
149	47	2
150	47	1
152	47	8
153	47	1
154	47	3
155	47	6
156	47	4
157	47	1
158	47	7
159	47	5
160	47	6
161	47	4
162	47	4
163	47	9
164	47	2
165	47	8
166	47	6
167	47	8
169	47	8
170	47	6
171	47	8
172	47	2
173	47	4
174	47	8
175	47	9
176	47	5
177	47	6
178	47	3
179	47	9
180	47	7
182	47	1
183	47	9
184	47	4
185	47	8
186	47	5
187	47	7
188	47	10
189	47	10
190	47	6
191	47	3
192	47	6
193	47	9
194	47	1
195	47	2
196	47	3
197	47	1
199	47	8
200	47	7
201	47	9
202	47	1
203	47	5
204	47	4
205	47	1
207	47	9
208	47	8
209	47	7
210	47	10
211	47	2
0	48	3
1	48	1
2	48	7
3	48	4
4	48	10
5	48	4
6	48	3
7	48	7
8	48	5
9	48	5
10	48	5
11	48	3
13	48	7
15	48	7
17	48	7
18	48	7
19	48	2
20	48	2
21	48	9
23	48	5
24	48	2
26	48	10
27	48	1
28	48	10
29	48	10
30	48	7
31	48	1
32	48	4
33	48	4
34	48	3
35	48	7
36	48	3
37	48	7
38	48	3
39	48	4
40	48	10
41	48	3
42	48	10
43	48	3
44	48	8
46	48	7
47	48	10
48	48	7
49	48	10
50	48	6
51	48	1
54	48	6
55	48	3
56	48	3
57	48	10
58	48	7
59	48	2
60	48	1
61	48	1
62	48	2
63	48	4
64	48	6
65	48	3
66	48	1
67	48	4
68	48	3
71	48	4
72	48	5
73	48	6
74	48	8
75	48	2
77	48	10
78	48	9
79	48	3
80	48	5
82	48	9
83	48	6
84	48	9
85	48	9
87	48	9
88	48	6
89	48	2
90	48	7
91	48	7
92	48	6
93	48	2
94	48	4
95	48	6
96	48	9
97	48	2
98	48	10
99	48	1
100	48	1
101	48	3
102	48	8
103	48	1
104	48	10
105	48	5
106	48	8
107	48	6
108	48	8
109	48	9
110	48	6
111	48	5
112	48	2
113	48	10
114	48	3
115	48	7
116	48	3
117	48	8
118	48	7
119	48	5
121	48	3
122	48	5
124	48	10
125	48	7
127	48	9
128	48	3
129	48	9
130	48	5
131	48	3
132	48	6
133	48	9
134	48	7
135	48	5
136	48	3
137	48	4
138	48	9
139	48	2
140	48	1
141	48	4
142	48	3
143	48	10
144	48	5
145	48	5
146	48	10
147	48	4
148	48	1
150	48	10
151	48	2
152	48	9
153	48	10
155	48	4
156	48	3
157	48	2
158	48	10
160	48	6
161	48	10
162	48	1
163	48	1
164	48	5
165	48	7
166	48	8
167	48	6
169	48	3
170	48	7
171	48	4
172	48	10
173	48	2
174	48	1
175	48	2
177	48	2
178	48	9
179	48	5
180	48	4
181	48	10
182	48	4
183	48	7
184	48	10
185	48	4
186	48	3
187	48	8
188	48	2
189	48	10
190	48	8
191	48	5
192	48	8
193	48	4
194	48	4
195	48	1
196	48	10
197	48	2
198	48	1
199	48	8
200	48	7
201	48	2
202	48	1
203	48	1
204	48	8
205	48	9
206	48	4
207	48	4
208	48	10
209	48	8
2	49	4
3	49	1
4	49	1
5	49	6
6	49	3
7	49	3
9	49	5
10	49	3
11	49	8
12	49	1
13	49	1
14	49	9
15	49	5
16	49	8
17	49	3
18	49	1
19	49	8
20	49	5
21	49	10
22	49	6
23	49	1
24	49	3
25	49	1
27	49	5
28	49	10
29	49	6
31	49	8
32	49	7
33	49	7
34	49	3
35	49	7
36	49	5
37	49	5
38	49	2
40	49	2
41	49	7
42	49	6
43	49	8
44	49	10
45	49	9
46	49	3
47	49	9
48	49	2
49	49	3
51	49	7
52	49	3
53	49	6
54	49	9
55	49	2
56	49	9
57	49	4
58	49	1
59	49	5
61	49	10
62	49	8
63	49	9
64	49	4
65	49	6
67	49	7
68	49	8
69	49	5
71	49	3
72	49	3
73	49	9
74	49	9
75	49	5
76	49	5
77	49	4
78	49	3
79	49	3
81	49	4
82	49	2
83	49	7
84	49	5
86	49	2
87	49	2
88	49	10
90	49	7
91	49	4
92	49	1
93	49	1
95	49	7
96	49	2
97	49	1
98	49	2
99	49	10
100	49	4
101	49	10
102	49	9
103	49	2
104	49	4
106	49	2
107	49	6
108	49	6
109	49	10
110	49	4
111	49	1
112	49	1
113	49	1
114	49	1
115	49	3
116	49	6
118	49	10
119	49	6
120	49	2
121	49	6
122	49	9
123	49	3
124	49	6
125	49	9
126	49	2
127	49	5
128	49	10
129	49	3
130	49	4
131	49	4
132	49	9
133	49	2
135	49	6
137	49	2
138	49	6
139	49	2
141	49	7
142	49	10
143	49	1
144	49	8
145	49	3
146	49	5
147	49	4
148	49	2
149	49	7
150	49	7
151	49	9
152	49	3
153	49	7
154	49	6
155	49	1
156	49	4
157	49	6
158	49	5
159	49	10
160	49	9
161	49	6
162	49	1
163	49	6
164	49	8
165	49	10
166	49	4
167	49	7
169	49	5
170	49	3
171	49	6
172	49	6
173	49	3
174	49	9
176	49	7
177	49	8
178	49	10
179	49	10
180	49	2
181	49	7
182	49	6
183	49	7
184	49	7
185	49	7
187	49	5
188	49	8
189	49	2
190	49	4
191	49	10
192	49	7
193	49	9
194	49	9
195	49	8
197	49	7
198	49	10
199	49	3
200	49	9
201	49	1
202	49	5
203	49	2
204	49	1
205	49	3
206	49	5
207	49	9
0	50	5
1	50	7
2	50	1
3	50	3
4	50	10
5	50	9
6	50	1
7	50	4
8	50	9
9	50	8
10	50	6
12	50	8
13	50	10
14	50	7
15	50	3
16	50	1
17	50	4
18	50	4
19	50	7
20	50	8
21	50	8
22	50	5
23	50	9
24	50	6
25	50	7
27	50	1
28	50	9
29	50	2
30	50	10
31	50	3
32	50	8
33	50	2
34	50	7
35	50	6
36	50	5
38	50	3
39	50	10
40	50	8
41	50	10
42	50	8
44	50	5
45	50	6
46	50	4
47	50	4
48	50	6
50	50	6
51	50	4
52	50	9
53	50	3
54	50	9
56	50	9
57	50	3
58	50	8
59	50	4
60	50	9
61	50	9
62	50	9
64	50	4
65	50	6
66	50	7
67	50	3
68	50	2
69	50	9
70	50	2
72	50	9
73	50	6
74	50	1
75	50	6
76	50	4
77	50	2
78	50	7
79	50	5
80	50	5
81	50	4
82	50	8
83	50	4
84	50	10
85	50	1
86	50	8
87	50	3
88	50	1
89	50	9
90	50	9
92	50	7
93	50	5
95	50	1
96	50	1
97	50	8
98	50	9
99	50	2
100	50	7
101	50	4
102	50	7
103	50	1
104	50	10
105	50	6
106	50	8
107	50	8
108	50	8
109	50	6
110	50	3
111	50	10
112	50	3
113	50	8
114	50	1
115	50	1
116	50	4
117	50	8
118	50	1
119	50	5
120	50	1
121	50	6
122	50	2
123	50	1
124	50	1
125	50	9
126	50	9
127	50	5
128	50	7
129	50	2
130	50	2
131	50	8
132	50	10
133	50	2
135	50	8
136	50	3
137	50	3
138	50	3
139	50	3
140	50	1
141	50	9
142	50	7
143	50	4
144	50	2
145	50	4
146	50	10
147	50	9
148	50	9
150	50	5
151	50	10
153	50	10
154	50	2
155	50	1
156	50	10
157	50	9
158	50	10
159	50	8
160	50	6
161	50	1
162	50	8
163	50	1
164	50	4
165	50	1
166	50	8
167	50	1
168	50	1
169	50	4
170	50	7
171	50	5
172	50	2
173	50	2
174	50	8
175	50	6
176	50	7
179	50	3
180	50	4
181	50	1
182	50	6
183	50	1
184	50	3
185	50	8
186	50	10
187	50	3
189	50	5
191	50	6
192	50	1
195	50	6
196	50	10
197	50	1
198	50	2
199	50	3
200	50	1
201	50	5
202	50	5
203	50	6
204	50	10
205	50	8
0	51	4
2	51	10
3	51	8
4	51	10
5	51	2
6	51	3
7	51	3
8	51	5
9	51	2
10	51	2
11	51	4
12	51	2
13	51	6
15	51	7
16	51	8
17	51	10
18	51	9
19	51	8
20	51	4
21	51	2
22	51	1
23	51	7
25	51	3
26	51	10
27	51	5
30	51	6
31	51	9
32	51	7
33	51	3
34	51	7
35	51	8
36	51	3
37	51	5
38	51	3
39	51	2
40	51	7
41	51	3
42	51	8
43	51	6
44	51	7
46	51	4
47	51	9
48	51	2
49	51	8
50	51	4
51	51	1
52	51	8
53	51	8
54	51	10
55	51	9
56	51	1
57	51	9
58	51	4
59	51	8
60	51	8
61	51	8
62	51	6
63	51	6
64	51	3
65	51	1
66	51	4
67	51	7
68	51	10
69	51	9
71	51	6
72	51	9
73	51	9
74	51	10
75	51	6
76	51	4
77	51	9
78	51	6
81	51	5
82	51	10
83	51	7
84	51	4
85	51	2
86	51	8
87	51	2
88	51	10
89	51	7
90	51	9
91	51	3
92	51	10
93	51	3
97	51	3
98	51	6
99	51	9
100	51	6
102	51	1
104	51	8
105	51	10
106	51	2
107	51	4
108	51	10
109	51	4
110	51	8
111	51	5
112	51	6
113	51	4
115	51	10
116	51	3
117	51	3
119	51	2
120	51	6
122	51	3
123	51	6
124	51	9
125	51	9
126	51	3
127	51	5
128	51	5
129	51	8
130	51	3
131	51	5
133	51	8
134	51	8
135	51	6
136	51	1
137	51	6
138	51	1
139	51	3
140	51	8
141	51	3
142	51	10
143	51	3
144	51	2
145	51	7
146	51	4
148	51	6
149	51	2
150	51	5
151	51	8
152	51	6
153	51	4
154	51	6
157	51	7
158	51	2
159	51	2
161	51	5
162	51	7
163	51	10
164	51	7
165	51	1
166	51	9
167	51	7
168	51	10
169	51	5
170	51	3
171	51	6
172	51	9
173	51	4
174	51	10
175	51	4
176	51	3
177	51	4
178	51	7
179	51	9
180	51	3
181	51	9
182	51	4
183	51	8
184	51	2
185	51	4
186	51	6
187	51	1
189	51	6
190	51	1
191	51	5
192	51	9
193	51	5
194	51	8
196	51	8
197	51	7
198	51	6
199	51	8
200	51	3
201	51	3
202	51	5
203	51	5
0	52	1
1	52	6
2	52	5
3	52	6
5	52	10
7	52	5
8	52	8
9	52	8
10	52	9
11	52	5
12	52	8
13	52	2
15	52	2
16	52	10
17	52	2
18	52	8
20	52	4
21	52	3
23	52	4
24	52	8
25	52	8
26	52	2
27	52	2
28	52	10
29	52	1
30	52	10
31	52	3
32	52	7
33	52	5
35	52	7
36	52	3
38	52	6
40	52	1
42	52	9
43	52	4
44	52	5
45	52	5
46	52	3
47	52	7
48	52	9
49	52	9
51	52	7
52	52	4
53	52	1
54	52	9
55	52	7
56	52	6
57	52	10
58	52	7
59	52	4
60	52	9
61	52	6
62	52	3
63	52	2
64	52	7
65	52	9
66	52	10
67	52	10
69	52	2
70	52	1
71	52	6
72	52	8
73	52	3
74	52	3
75	52	6
76	52	7
77	52	4
78	52	5
79	52	6
80	52	4
81	52	1
82	52	9
85	52	10
86	52	4
87	52	6
88	52	2
89	52	9
90	52	4
91	52	9
92	52	6
93	52	3
94	52	8
95	52	5
96	52	1
97	52	10
99	52	9
100	52	2
101	52	7
102	52	3
104	52	3
105	52	6
106	52	8
107	52	4
108	52	6
109	52	1
110	52	9
111	52	5
112	52	4
113	52	7
114	52	5
115	52	5
116	52	7
117	52	10
118	52	2
119	52	4
120	52	6
121	52	1
122	52	2
124	52	7
125	52	10
126	52	9
127	52	5
128	52	5
129	52	1
130	52	8
131	52	2
132	52	6
133	52	10
135	52	7
136	52	8
138	52	7
139	52	7
140	52	10
141	52	5
142	52	3
143	52	3
144	52	2
145	52	5
146	52	6
147	52	10
148	52	4
149	52	1
150	52	5
152	52	4
153	52	6
154	52	6
155	52	4
156	52	7
157	52	9
158	52	10
159	52	6
160	52	9
161	52	6
162	52	7
163	52	3
164	52	8
165	52	9
166	52	3
167	52	5
168	52	9
169	52	3
170	52	8
171	52	10
172	52	9
173	52	7
174	52	3
175	52	1
176	52	7
177	52	1
178	52	2
179	52	4
180	52	8
182	52	4
183	52	8
184	52	2
185	52	9
186	52	4
187	52	9
188	52	7
190	52	2
192	52	1
193	52	4
194	52	1
195	52	10
196	52	7
197	52	10
199	52	7
200	52	4
201	52	10
0	53	10
1	53	8
2	53	8
3	53	9
5	53	8
6	53	10
7	53	10
8	53	5
9	53	6
10	53	9
11	53	4
12	53	8
13	53	5
14	53	2
15	53	10
16	53	4
17	53	7
18	53	9
19	53	9
20	53	10
21	53	7
23	53	4
24	53	7
25	53	1
26	53	6
28	53	7
29	53	10
30	53	5
31	53	2
32	53	6
33	53	8
34	53	2
35	53	10
36	53	9
37	53	2
39	53	6
40	53	1
41	53	2
42	53	3
44	53	3
45	53	1
46	53	3
47	53	6
48	53	9
49	53	8
50	53	1
51	53	9
52	53	2
53	53	5
54	53	2
55	53	6
56	53	10
57	53	3
58	53	10
60	53	2
62	53	3
63	53	4
64	53	6
65	53	8
66	53	7
67	53	2
68	53	3
69	53	1
70	53	4
71	53	2
72	53	9
73	53	4
75	53	3
76	53	6
77	53	9
78	53	7
79	53	2
80	53	5
81	53	8
83	53	10
84	53	7
85	53	5
86	53	7
87	53	2
88	53	10
89	53	2
90	53	3
91	53	2
92	53	9
93	53	10
94	53	9
95	53	8
96	53	6
97	53	7
98	53	4
99	53	9
100	53	1
101	53	6
102	53	4
103	53	9
104	53	9
105	53	4
106	53	4
107	53	7
108	53	8
109	53	8
110	53	9
111	53	2
112	53	3
113	53	4
114	53	8
116	53	1
117	53	3
119	53	5
120	53	3
121	53	8
122	53	10
123	53	3
124	53	5
125	53	3
126	53	5
127	53	10
128	53	2
129	53	2
130	53	3
131	53	5
132	53	1
133	53	9
134	53	10
135	53	1
136	53	8
137	53	7
138	53	5
139	53	4
140	53	6
141	53	3
142	53	2
143	53	1
144	53	3
145	53	8
146	53	1
147	53	8
148	53	5
149	53	5
150	53	3
151	53	7
152	53	6
154	53	10
155	53	7
157	53	5
158	53	9
159	53	8
160	53	4
161	53	9
162	53	6
163	53	1
164	53	3
165	53	6
166	53	8
167	53	1
168	53	7
169	53	4
170	53	10
171	53	9
172	53	1
173	53	6
174	53	9
175	53	5
176	53	2
177	53	4
178	53	1
179	53	9
180	53	8
181	53	6
182	53	5
183	53	10
184	53	4
185	53	4
186	53	1
187	53	5
188	53	6
191	53	2
192	53	6
193	53	9
195	53	10
197	53	1
198	53	10
199	53	7
0	54	4
1	54	8
2	54	9
3	54	3
4	54	8
5	54	5
6	54	5
7	54	5
8	54	7
9	54	2
10	54	1
11	54	6
12	54	5
13	54	8
14	54	7
16	54	9
17	54	2
18	54	3
19	54	9
20	54	9
21	54	8
22	54	1
23	54	5
24	54	8
25	54	3
26	54	4
27	54	3
28	54	10
29	54	1
30	54	10
31	54	5
32	54	1
33	54	10
34	54	5
35	54	1
36	54	5
37	54	6
38	54	6
40	54	9
41	54	1
42	54	8
44	54	1
45	54	3
46	54	9
47	54	1
48	54	10
49	54	3
50	54	1
52	54	5
54	54	10
55	54	3
56	54	10
58	54	1
59	54	6
60	54	6
62	54	3
64	54	4
65	54	2
66	54	1
67	54	8
68	54	10
69	54	9
70	54	7
71	54	6
72	54	6
73	54	2
74	54	7
75	54	1
76	54	8
77	54	9
78	54	3
79	54	7
80	54	6
81	54	5
82	54	8
83	54	4
84	54	4
86	54	9
88	54	9
90	54	9
91	54	1
92	54	5
93	54	1
94	54	1
95	54	9
96	54	7
97	54	5
98	54	4
99	54	5
100	54	5
101	54	7
102	54	6
103	54	7
104	54	2
105	54	2
106	54	4
107	54	7
108	54	1
109	54	4
111	54	2
112	54	5
113	54	10
114	54	8
116	54	7
117	54	1
118	54	7
119	54	7
120	54	7
121	54	5
123	54	9
124	54	4
125	54	6
126	54	8
127	54	9
128	54	6
129	54	5
130	54	10
131	54	8
133	54	8
134	54	2
135	54	2
136	54	5
137	54	9
138	54	8
139	54	1
140	54	1
141	54	7
142	54	6
143	54	1
144	54	9
145	54	6
146	54	2
147	54	6
148	54	9
149	54	4
150	54	9
151	54	4
152	54	5
153	54	10
154	54	6
155	54	5
156	54	2
157	54	3
158	54	10
159	54	1
160	54	3
161	54	5
163	54	10
164	54	4
165	54	9
166	54	10
167	54	3
168	54	6
171	54	10
172	54	9
173	54	9
174	54	7
175	54	6
176	54	2
177	54	3
178	54	7
179	54	6
180	54	6
181	54	2
182	54	8
183	54	8
184	54	2
185	54	1
186	54	4
187	54	5
188	54	7
189	54	3
190	54	1
191	54	1
192	54	9
193	54	7
194	54	7
195	54	1
196	54	5
197	54	4
1	55	7
2	55	1
3	55	7
4	55	4
5	55	5
6	55	8
8	55	5
9	55	10
10	55	1
11	55	3
12	55	2
13	55	3
14	55	3
15	55	9
16	55	1
17	55	8
18	55	1
19	55	2
20	55	9
21	55	7
22	55	6
23	55	9
24	55	4
25	55	7
26	55	6
27	55	1
28	55	6
29	55	9
30	55	3
31	55	5
32	55	9
33	55	7
34	55	8
35	55	7
36	55	3
37	55	6
38	55	9
39	55	8
40	55	6
41	55	5
42	55	7
43	55	6
44	55	8
45	55	10
46	55	9
47	55	2
48	55	7
49	55	2
51	55	8
52	55	1
53	55	8
54	55	6
55	55	10
58	55	7
59	55	3
60	55	2
61	55	4
62	55	1
63	55	9
64	55	1
65	55	5
66	55	5
67	55	4
68	55	2
69	55	10
71	55	7
72	55	10
73	55	2
74	55	8
76	55	5
77	55	2
78	55	10
79	55	6
80	55	7
81	55	5
82	55	10
83	55	5
84	55	8
85	55	4
86	55	7
87	55	9
88	55	5
89	55	1
90	55	8
91	55	9
92	55	10
93	55	8
94	55	4
95	55	9
96	55	6
97	55	1
98	55	2
99	55	3
100	55	2
101	55	4
102	55	6
103	55	5
104	55	1
105	55	10
106	55	10
107	55	8
108	55	8
109	55	3
110	55	7
112	55	6
113	55	7
114	55	10
115	55	5
116	55	4
117	55	6
120	55	1
121	55	4
122	55	6
123	55	7
124	55	3
125	55	2
126	55	1
127	55	9
128	55	1
129	55	8
130	55	9
131	55	6
132	55	3
133	55	9
134	55	2
135	55	5
136	55	5
137	55	4
138	55	8
139	55	6
140	55	4
141	55	1
142	55	8
143	55	8
144	55	2
145	55	6
146	55	3
147	55	4
148	55	4
150	55	8
151	55	9
152	55	9
153	55	3
154	55	6
155	55	6
156	55	9
157	55	10
159	55	9
160	55	10
161	55	6
162	55	10
163	55	10
164	55	4
165	55	7
166	55	2
167	55	9
168	55	1
169	55	10
170	55	10
174	55	5
175	55	5
176	55	3
177	55	7
178	55	7
179	55	4
180	55	3
181	55	8
182	55	2
183	55	6
184	55	4
185	55	3
187	55	3
188	55	8
190	55	2
191	55	10
192	55	10
193	55	9
194	55	2
195	55	7
0	56	2
1	56	5
2	56	2
3	56	2
4	56	5
5	56	10
6	56	10
7	56	10
8	56	10
9	56	10
12	56	3
13	56	5
14	56	3
15	56	7
17	56	5
18	56	9
19	56	10
20	56	7
22	56	6
23	56	4
24	56	6
26	56	5
27	56	7
28	56	3
29	56	2
30	56	3
31	56	1
33	56	4
34	56	8
35	56	9
36	56	3
37	56	9
38	56	7
39	56	8
40	56	8
41	56	8
42	56	3
43	56	8
44	56	4
45	56	10
47	56	6
48	56	10
49	56	3
50	56	6
51	56	7
52	56	10
53	56	3
54	56	8
55	56	10
56	56	3
57	56	7
60	56	9
61	56	4
62	56	5
63	56	8
64	56	9
65	56	9
67	56	8
68	56	6
70	56	7
72	56	4
73	56	9
74	56	3
75	56	5
76	56	6
77	56	7
78	56	1
79	56	8
80	56	6
81	56	6
83	56	3
84	56	6
85	56	9
86	56	8
87	56	10
88	56	6
89	56	6
90	56	7
91	56	3
92	56	2
93	56	8
94	56	3
95	56	5
96	56	8
97	56	9
98	56	5
99	56	1
100	56	3
101	56	10
102	56	5
103	56	5
104	56	5
105	56	3
106	56	7
107	56	8
108	56	2
109	56	2
110	56	6
111	56	10
112	56	3
114	56	10
115	56	6
117	56	2
118	56	9
120	56	5
121	56	4
122	56	1
123	56	1
124	56	2
125	56	3
126	56	1
127	56	9
128	56	8
130	56	3
132	56	2
133	56	6
134	56	6
135	56	4
136	56	1
137	56	3
138	56	8
140	56	2
141	56	9
142	56	5
143	56	4
144	56	4
145	56	8
146	56	1
147	56	2
148	56	1
149	56	5
150	56	7
151	56	2
152	56	4
153	56	8
154	56	1
155	56	4
156	56	2
157	56	6
158	56	5
159	56	7
160	56	2
162	56	9
163	56	1
164	56	8
165	56	3
166	56	5
167	56	6
168	56	10
169	56	7
170	56	7
171	56	5
173	56	1
174	56	3
176	56	4
177	56	8
178	56	3
179	56	4
180	56	4
181	56	6
182	56	8
183	56	6
184	56	9
185	56	10
186	56	10
187	56	5
188	56	5
189	56	2
190	56	6
191	56	4
192	56	4
193	56	3
1	57	1
2	57	10
3	57	2
4	57	8
5	57	9
6	57	6
7	57	1
8	57	7
9	57	7
10	57	10
11	57	9
13	57	2
14	57	9
15	57	8
16	57	6
17	57	3
18	57	9
19	57	7
20	57	3
21	57	6
22	57	1
23	57	3
24	57	6
25	57	9
26	57	8
27	57	4
28	57	8
29	57	4
31	57	8
32	57	4
33	57	8
34	57	2
35	57	5
36	57	5
37	57	3
38	57	7
39	57	1
40	57	7
41	57	9
42	57	5
43	57	3
44	57	8
45	57	8
46	57	6
47	57	3
49	57	7
50	57	2
51	57	5
53	57	10
54	57	1
55	57	9
56	57	9
57	57	5
59	57	8
60	57	4
61	57	7
62	57	9
63	57	3
64	57	8
65	57	8
66	57	5
67	57	2
70	57	6
71	57	1
72	57	7
73	57	9
74	57	10
75	57	8
76	57	10
77	57	10
79	57	4
80	57	8
81	57	6
82	57	8
83	57	4
84	57	5
85	57	7
86	57	10
87	57	1
88	57	1
89	57	1
90	57	7
91	57	1
92	57	8
94	57	9
95	57	5
96	57	4
97	57	5
98	57	7
99	57	8
100	57	8
101	57	4
102	57	8
103	57	10
104	57	2
105	57	1
106	57	6
107	57	7
108	57	4
109	57	4
110	57	1
111	57	2
112	57	6
114	57	1
115	57	1
116	57	2
117	57	2
118	57	2
119	57	3
120	57	2
122	57	5
123	57	10
124	57	5
125	57	6
126	57	6
127	57	8
128	57	5
129	57	6
130	57	10
131	57	4
132	57	6
133	57	10
134	57	9
135	57	4
136	57	4
137	57	5
138	57	6
139	57	10
140	57	3
141	57	9
142	57	2
143	57	4
144	57	10
145	57	10
146	57	10
147	57	8
148	57	4
149	57	2
150	57	6
151	57	9
152	57	9
153	57	10
155	57	7
156	57	5
158	57	5
159	57	5
160	57	1
161	57	2
162	57	9
163	57	9
164	57	3
165	57	10
166	57	6
167	57	3
168	57	6
170	57	4
171	57	4
172	57	9
173	57	7
174	57	3
175	57	5
176	57	4
177	57	8
178	57	2
179	57	1
180	57	7
181	57	3
182	57	10
183	57	5
185	57	1
186	57	2
187	57	2
188	57	9
190	57	7
191	57	4
0	58	7
1	58	8
2	58	10
3	58	1
4	58	7
5	58	8
6	58	10
8	58	4
9	58	8
11	58	2
13	58	8
14	58	8
16	58	1
17	58	10
18	58	3
19	58	8
20	58	8
21	58	2
22	58	10
23	58	7
24	58	10
25	58	3
26	58	2
27	58	3
28	58	9
29	58	10
30	58	8
31	58	6
33	58	7
34	58	2
36	58	2
37	58	3
38	58	5
39	58	5
41	58	2
43	58	5
45	58	3
46	58	5
47	58	5
48	58	6
49	58	7
52	58	5
53	58	10
54	58	7
55	58	5
56	58	4
57	58	8
59	58	7
60	58	6
61	58	10
63	58	5
64	58	8
65	58	8
66	58	10
69	58	3
71	58	6
72	58	5
73	58	2
74	58	6
75	58	7
76	58	3
77	58	3
78	58	2
79	58	2
80	58	6
81	58	8
82	58	2
83	58	10
84	58	2
85	58	6
86	58	1
87	58	10
88	58	6
89	58	2
90	58	2
91	58	5
92	58	7
93	58	10
94	58	1
95	58	4
96	58	1
97	58	9
99	58	2
100	58	9
101	58	10
102	58	4
103	58	9
104	58	3
105	58	5
106	58	6
107	58	10
108	58	9
109	58	3
110	58	5
111	58	6
113	58	3
114	58	8
115	58	2
116	58	3
117	58	7
118	58	1
119	58	8
120	58	3
121	58	1
122	58	10
123	58	8
124	58	4
125	58	6
126	58	3
127	58	3
128	58	8
129	58	7
130	58	6
131	58	7
132	58	1
133	58	8
134	58	2
135	58	9
136	58	7
138	58	7
139	58	2
140	58	6
141	58	9
142	58	1
143	58	1
144	58	8
145	58	7
146	58	9
147	58	1
148	58	9
149	58	9
150	58	6
151	58	1
152	58	4
153	58	6
154	58	2
155	58	5
156	58	4
157	58	8
158	58	10
159	58	10
160	58	10
161	58	6
162	58	8
163	58	1
164	58	1
165	58	3
166	58	2
167	58	7
168	58	7
169	58	7
170	58	6
171	58	3
172	58	4
173	58	9
174	58	9
176	58	10
177	58	3
178	58	6
179	58	10
180	58	10
182	58	8
183	58	4
186	58	10
187	58	2
188	58	5
189	58	4
0	59	8
1	59	1
2	59	6
3	59	4
4	59	7
6	59	3
7	59	6
8	59	9
9	59	6
10	59	6
11	59	3
12	59	6
13	59	7
14	59	9
15	59	1
16	59	6
17	59	7
18	59	5
19	59	4
20	59	2
21	59	5
22	59	5
23	59	4
24	59	9
25	59	10
26	59	3
28	59	1
29	59	1
30	59	5
31	59	10
32	59	1
34	59	1
35	59	6
36	59	1
37	59	1
38	59	3
39	59	7
40	59	1
42	59	7
43	59	5
44	59	9
45	59	4
46	59	9
47	59	8
48	59	9
49	59	2
50	59	2
51	59	7
52	59	4
53	59	8
54	59	7
55	59	4
57	59	3
58	59	5
59	59	10
61	59	8
62	59	6
63	59	2
64	59	8
67	59	5
68	59	4
69	59	3
70	59	7
71	59	10
72	59	4
73	59	9
74	59	1
75	59	8
76	59	4
79	59	1
80	59	3
81	59	2
82	59	2
83	59	1
84	59	10
85	59	10
86	59	2
87	59	4
88	59	1
89	59	3
90	59	6
91	59	10
92	59	5
93	59	1
94	59	2
95	59	3
96	59	10
97	59	1
98	59	5
99	59	4
100	59	5
101	59	8
102	59	1
103	59	4
104	59	3
106	59	1
108	59	1
109	59	4
110	59	8
112	59	9
113	59	7
114	59	8
115	59	6
116	59	6
117	59	3
118	59	9
119	59	2
120	59	10
121	59	4
122	59	5
123	59	8
124	59	8
125	59	3
126	59	3
127	59	4
128	59	1
130	59	10
131	59	5
132	59	4
133	59	7
134	59	9
135	59	4
136	59	5
137	59	1
138	59	9
139	59	7
140	59	1
141	59	10
142	59	8
143	59	7
144	59	2
145	59	3
146	59	9
147	59	4
148	59	7
149	59	9
151	59	3
152	59	10
154	59	6
155	59	5
157	59	4
158	59	8
159	59	2
160	59	7
161	59	3
162	59	5
164	59	6
165	59	10
166	59	9
167	59	9
168	59	6
169	59	7
170	59	3
171	59	2
172	59	9
173	59	2
174	59	3
175	59	3
176	59	1
177	59	7
178	59	3
179	59	3
180	59	10
182	59	10
183	59	8
184	59	5
185	59	5
186	59	4
187	59	10
0	60	9
1	60	2
2	60	8
3	60	3
4	60	9
5	60	3
6	60	10
8	60	9
9	60	8
10	60	2
11	60	1
12	60	7
13	60	1
14	60	1
15	60	5
16	60	3
17	60	4
18	60	6
19	60	4
20	60	1
21	60	6
22	60	4
23	60	10
24	60	10
25	60	2
26	60	6
27	60	2
28	60	3
29	60	1
30	60	2
31	60	3
32	60	3
33	60	7
34	60	6
35	60	4
36	60	9
37	60	7
38	60	10
39	60	3
40	60	6
41	60	5
42	60	8
43	60	4
44	60	9
45	60	8
46	60	7
47	60	10
48	60	10
49	60	8
51	60	1
52	60	6
54	60	10
55	60	2
56	60	10
57	60	8
58	60	10
59	60	1
60	60	4
61	60	4
62	60	5
63	60	7
64	60	3
65	60	6
66	60	5
67	60	5
68	60	9
69	60	9
70	60	5
71	60	1
73	60	5
74	60	1
75	60	1
76	60	8
77	60	5
78	60	9
79	60	7
80	60	7
81	60	10
82	60	10
83	60	4
84	60	2
85	60	5
86	60	3
87	60	7
88	60	10
89	60	4
90	60	5
91	60	4
93	60	10
94	60	5
95	60	7
96	60	2
97	60	2
98	60	3
99	60	7
100	60	9
102	60	5
103	60	10
104	60	1
105	60	6
106	60	3
107	60	2
108	60	1
109	60	3
110	60	6
111	60	9
112	60	10
114	60	8
115	60	1
116	60	2
117	60	10
118	60	6
119	60	10
120	60	3
121	60	9
122	60	3
123	60	9
125	60	2
126	60	4
127	60	3
129	60	5
130	60	5
131	60	10
132	60	2
133	60	2
134	60	2
135	60	1
136	60	1
137	60	4
138	60	4
139	60	4
140	60	2
141	60	6
142	60	3
143	60	7
144	60	3
145	60	1
146	60	1
147	60	3
148	60	7
149	60	7
150	60	8
151	60	7
152	60	5
153	60	6
154	60	7
156	60	2
157	60	8
158	60	10
159	60	7
160	60	7
161	60	10
162	60	9
163	60	7
165	60	1
166	60	5
169	60	2
170	60	8
171	60	9
172	60	8
173	60	10
174	60	7
175	60	2
177	60	1
178	60	4
179	60	8
180	60	2
181	60	8
182	60	1
183	60	2
184	60	9
0	61	2
1	61	7
2	61	7
3	61	9
5	61	7
7	61	2
8	61	8
9	61	6
10	61	8
11	61	10
12	61	6
14	61	10
15	61	1
16	61	1
17	61	4
18	61	2
20	61	2
21	61	3
22	61	4
23	61	2
24	61	1
25	61	2
26	61	7
27	61	9
28	61	1
29	61	6
30	61	1
31	61	6
32	61	7
33	61	6
34	61	4
35	61	2
36	61	2
37	61	7
38	61	6
39	61	10
40	61	5
41	61	1
42	61	4
43	61	3
44	61	4
46	61	2
47	61	5
48	61	5
49	61	4
51	61	9
52	61	3
53	61	7
54	61	1
55	61	4
56	61	10
57	61	8
58	61	2
59	61	9
61	61	4
62	61	8
63	61	6
64	61	9
65	61	7
66	61	1
67	61	9
68	61	2
69	61	5
70	61	2
71	61	9
72	61	10
73	61	9
74	61	1
75	61	3
76	61	8
77	61	1
78	61	6
81	61	9
82	61	5
83	61	1
84	61	4
85	61	7
86	61	3
87	61	10
88	61	10
89	61	5
90	61	3
91	61	8
92	61	6
93	61	5
94	61	4
95	61	1
96	61	8
97	61	1
98	61	7
100	61	1
101	61	10
102	61	3
103	61	4
104	61	4
105	61	6
106	61	5
107	61	6
108	61	3
109	61	5
110	61	6
112	61	7
113	61	7
114	61	1
115	61	4
116	61	2
117	61	1
118	61	10
119	61	2
120	61	3
121	61	10
122	61	10
123	61	8
124	61	10
125	61	9
126	61	2
127	61	4
128	61	4
129	61	7
130	61	7
131	61	4
132	61	5
133	61	3
134	61	8
135	61	5
136	61	9
137	61	8
138	61	2
139	61	9
140	61	8
141	61	1
143	61	2
144	61	6
145	61	1
146	61	6
147	61	10
148	61	10
149	61	1
150	61	8
151	61	3
152	61	6
153	61	6
154	61	10
155	61	1
156	61	1
157	61	9
158	61	4
159	61	8
160	61	9
161	61	8
162	61	5
163	61	6
164	61	5
165	61	4
166	61	8
167	61	4
168	61	4
169	61	8
170	61	2
171	61	9
172	61	7
174	61	2
175	61	1
176	61	5
177	61	5
178	61	4
180	61	9
181	61	8
182	61	8
183	61	5
0	62	8
1	62	7
2	62	8
3	62	6
5	62	4
7	62	3
8	62	7
9	62	6
10	62	1
12	62	2
13	62	8
14	62	1
15	62	2
16	62	5
17	62	3
18	62	8
19	62	4
20	62	9
21	62	3
22	62	6
23	62	3
25	62	7
26	62	1
27	62	7
28	62	3
29	62	6
30	62	2
31	62	5
32	62	4
33	62	5
35	62	3
36	62	4
37	62	10
38	62	2
39	62	4
40	62	5
41	62	4
42	62	4
43	62	9
44	62	3
45	62	10
46	62	2
47	62	5
50	62	1
51	62	2
52	62	7
53	62	1
54	62	3
55	62	9
56	62	2
57	62	5
58	62	2
59	62	6
60	62	1
61	62	1
62	62	7
63	62	2
64	62	7
65	62	10
67	62	2
68	62	6
69	62	1
70	62	7
72	62	1
73	62	9
74	62	9
75	62	4
76	62	10
77	62	6
78	62	9
79	62	10
80	62	2
81	62	9
82	62	9
83	62	6
84	62	7
85	62	3
86	62	10
87	62	6
88	62	10
89	62	2
90	62	6
91	62	3
92	62	1
93	62	2
94	62	2
95	62	1
96	62	6
98	62	3
99	62	6
100	62	8
102	62	6
103	62	4
105	62	8
106	62	2
107	62	2
108	62	8
110	62	2
111	62	1
112	62	4
113	62	9
114	62	4
115	62	7
116	62	3
117	62	10
118	62	5
119	62	9
120	62	8
121	62	7
122	62	1
123	62	7
124	62	9
125	62	9
126	62	1
127	62	1
128	62	6
129	62	6
130	62	10
132	62	4
133	62	1
134	62	5
135	62	10
136	62	3
137	62	8
138	62	9
139	62	5
140	62	2
141	62	8
142	62	3
143	62	4
144	62	1
147	62	8
148	62	7
150	62	9
151	62	3
152	62	8
153	62	1
154	62	3
155	62	1
156	62	10
157	62	2
158	62	1
159	62	1
160	62	3
161	62	7
162	62	1
163	62	3
164	62	10
165	62	2
166	62	1
167	62	10
168	62	4
169	62	2
170	62	5
171	62	5
172	62	4
173	62	3
174	62	1
175	62	5
176	62	4
177	62	10
178	62	4
179	62	6
180	62	7
181	62	3
1	63	5
2	63	7
4	63	1
5	63	2
6	63	7
7	63	10
8	63	1
9	63	2
10	63	9
11	63	3
12	63	10
13	63	10
14	63	10
16	63	5
17	63	10
18	63	3
19	63	7
20	63	1
21	63	7
22	63	3
23	63	7
24	63	4
25	63	6
26	63	4
27	63	9
28	63	7
29	63	9
31	63	1
32	63	7
33	63	6
34	63	2
35	63	1
36	63	8
37	63	5
38	63	9
39	63	3
41	63	7
42	63	9
43	63	3
45	63	2
46	63	8
47	63	8
48	63	9
49	63	9
50	63	7
51	63	8
52	63	4
53	63	9
54	63	2
55	63	7
56	63	2
57	63	1
58	63	3
59	63	7
61	63	3
62	63	1
63	63	4
65	63	10
66	63	7
68	63	5
69	63	2
70	63	9
71	63	5
72	63	2
73	63	1
74	63	6
75	63	5
76	63	5
77	63	9
78	63	6
79	63	9
80	63	10
81	63	4
82	63	1
83	63	5
84	63	1
85	63	5
86	63	5
87	63	5
88	63	4
89	63	3
90	63	10
91	63	8
93	63	4
94	63	8
95	63	3
96	63	2
98	63	3
99	63	4
100	63	9
101	63	6
102	63	2
103	63	4
104	63	5
105	63	6
106	63	4
108	63	5
110	63	8
111	63	1
112	63	10
113	63	6
115	63	4
116	63	3
117	63	4
118	63	10
119	63	5
120	63	7
121	63	4
122	63	9
123	63	10
124	63	6
125	63	5
126	63	3
127	63	3
128	63	9
129	63	1
130	63	5
132	63	8
133	63	9
134	63	5
135	63	2
136	63	9
137	63	6
138	63	8
139	63	7
140	63	10
141	63	9
142	63	7
144	63	6
145	63	10
147	63	5
148	63	7
149	63	1
150	63	1
152	63	4
153	63	4
157	63	7
158	63	6
159	63	4
160	63	3
161	63	4
162	63	8
164	63	7
165	63	3
166	63	3
167	63	5
168	63	2
169	63	1
170	63	2
171	63	1
172	63	6
173	63	1
174	63	1
176	63	8
177	63	3
178	63	10
179	63	7
0	64	10
1	64	2
2	64	3
3	64	2
4	64	8
5	64	9
6	64	4
7	64	1
8	64	7
9	64	1
10	64	6
11	64	5
12	64	4
13	64	2
14	64	10
15	64	5
16	64	9
17	64	6
18	64	2
19	64	5
20	64	8
22	64	7
23	64	2
24	64	7
25	64	9
26	64	8
27	64	9
28	64	10
30	64	4
31	64	3
32	64	7
33	64	4
34	64	9
35	64	1
36	64	4
37	64	8
38	64	7
39	64	9
40	64	4
41	64	8
42	64	3
43	64	1
44	64	7
46	64	10
47	64	10
48	64	6
49	64	10
50	64	4
51	64	10
52	64	2
54	64	5
55	64	5
56	64	5
57	64	10
58	64	8
60	64	1
61	64	5
62	64	9
63	64	8
64	64	4
65	64	1
67	64	1
68	64	8
69	64	6
70	64	8
71	64	5
72	64	4
73	64	7
74	64	7
75	64	8
76	64	7
77	64	4
78	64	1
79	64	6
80	64	10
81	64	5
82	64	2
83	64	8
84	64	6
85	64	3
86	64	6
87	64	4
88	64	5
89	64	3
90	64	7
91	64	1
92	64	7
93	64	1
94	64	5
95	64	5
96	64	6
97	64	7
98	64	4
99	64	5
100	64	8
101	64	7
103	64	10
104	64	5
105	64	10
106	64	1
107	64	7
108	64	4
109	64	6
110	64	2
111	64	8
112	64	6
113	64	5
114	64	3
115	64	6
116	64	7
117	64	7
118	64	6
119	64	7
120	64	9
121	64	8
122	64	2
125	64	9
126	64	3
127	64	3
128	64	1
129	64	7
130	64	3
132	64	8
133	64	3
134	64	4
135	64	1
136	64	8
137	64	3
138	64	10
139	64	10
140	64	3
141	64	1
142	64	6
144	64	9
146	64	2
147	64	1
148	64	2
149	64	1
150	64	4
151	64	6
152	64	10
153	64	7
154	64	2
156	64	1
157	64	9
158	64	8
159	64	8
160	64	2
161	64	9
162	64	6
164	64	9
166	64	5
167	64	5
168	64	9
169	64	9
170	64	6
171	64	5
172	64	5
173	64	2
176	64	8
177	64	7
0	65	3
1	65	1
2	65	4
4	65	7
5	65	5
6	65	6
7	65	9
8	65	8
9	65	1
10	65	8
12	65	10
13	65	8
14	65	10
15	65	1
16	65	7
17	65	7
18	65	8
19	65	8
20	65	2
21	65	6
22	65	6
23	65	6
24	65	3
25	65	5
26	65	8
27	65	6
28	65	8
29	65	4
30	65	10
31	65	1
32	65	6
34	65	5
35	65	6
36	65	9
37	65	2
38	65	4
39	65	4
40	65	1
41	65	7
42	65	1
44	65	7
45	65	7
46	65	5
47	65	10
48	65	1
49	65	2
50	65	4
51	65	3
52	65	7
54	65	2
55	65	4
56	65	9
57	65	10
58	65	2
59	65	7
60	65	2
61	65	10
62	65	9
63	65	5
64	65	5
65	65	3
67	65	10
68	65	9
69	65	5
70	65	10
71	65	1
72	65	10
73	65	2
74	65	7
75	65	5
76	65	3
77	65	1
78	65	3
79	65	5
80	65	9
81	65	6
82	65	3
83	65	10
84	65	8
85	65	9
86	65	3
87	65	9
88	65	8
89	65	2
90	65	1
91	65	8
92	65	2
93	65	10
94	65	7
95	65	2
96	65	2
98	65	3
99	65	9
100	65	2
101	65	3
102	65	1
104	65	4
105	65	10
106	65	7
107	65	10
108	65	5
109	65	9
110	65	6
111	65	10
112	65	10
113	65	9
114	65	1
115	65	8
116	65	6
117	65	4
119	65	2
121	65	5
122	65	7
123	65	10
125	65	6
126	65	9
128	65	10
129	65	9
130	65	9
131	65	2
132	65	5
133	65	5
134	65	9
135	65	4
137	65	10
138	65	4
139	65	10
141	65	4
142	65	8
143	65	6
144	65	8
145	65	4
146	65	5
147	65	6
148	65	4
149	65	3
150	65	7
151	65	7
153	65	3
154	65	8
156	65	6
157	65	9
159	65	7
160	65	4
161	65	6
162	65	6
163	65	5
164	65	9
165	65	6
166	65	3
167	65	5
168	65	10
169	65	7
170	65	6
171	65	5
172	65	2
173	65	1
174	65	3
175	65	2
0	66	6
1	66	10
2	66	9
4	66	5
5	66	8
6	66	4
7	66	1
8	66	4
9	66	7
10	66	7
11	66	8
12	66	7
13	66	10
14	66	3
15	66	7
16	66	10
17	66	5
18	66	10
19	66	4
20	66	9
21	66	1
22	66	6
23	66	2
24	66	1
25	66	5
26	66	5
27	66	7
28	66	2
29	66	4
30	66	6
31	66	3
32	66	10
33	66	7
34	66	4
35	66	2
36	66	6
37	66	2
39	66	8
40	66	7
41	66	2
42	66	6
43	66	4
44	66	3
45	66	5
47	66	10
48	66	7
49	66	4
50	66	7
51	66	2
53	66	2
54	66	4
55	66	7
56	66	9
57	66	5
58	66	9
59	66	4
62	66	6
63	66	1
64	66	2
65	66	5
66	66	9
67	66	5
68	66	10
69	66	7
70	66	8
71	66	5
72	66	3
73	66	9
74	66	2
75	66	6
76	66	4
77	66	10
78	66	8
79	66	2
81	66	8
82	66	7
83	66	5
84	66	8
85	66	8
86	66	4
87	66	4
88	66	2
89	66	4
90	66	10
91	66	6
92	66	8
93	66	6
94	66	4
95	66	1
96	66	1
97	66	5
98	66	9
99	66	2
100	66	9
101	66	4
102	66	4
103	66	9
104	66	9
105	66	5
106	66	10
107	66	6
108	66	9
109	66	7
110	66	2
111	66	9
112	66	5
113	66	9
114	66	8
115	66	2
116	66	9
117	66	7
118	66	5
119	66	1
120	66	10
121	66	6
122	66	5
123	66	5
124	66	7
125	66	7
126	66	4
127	66	2
128	66	7
129	66	2
130	66	7
131	66	3
132	66	5
134	66	8
135	66	5
136	66	4
137	66	10
138	66	7
139	66	9
140	66	7
141	66	9
142	66	1
143	66	2
145	66	6
146	66	7
147	66	4
148	66	10
150	66	10
151	66	6
152	66	8
153	66	4
155	66	6
156	66	5
157	66	6
158	66	5
159	66	7
160	66	1
161	66	2
162	66	9
163	66	1
164	66	5
165	66	4
166	66	8
168	66	7
169	66	6
170	66	8
171	66	5
172	66	2
173	66	2
2	67	1
3	67	5
4	67	2
5	67	10
6	67	10
7	67	5
8	67	2
9	67	1
10	67	3
11	67	9
12	67	6
13	67	1
14	67	2
15	67	8
16	67	5
17	67	5
18	67	4
19	67	6
20	67	6
21	67	10
22	67	7
23	67	5
24	67	9
25	67	8
26	67	5
27	67	5
28	67	5
30	67	6
31	67	10
32	67	8
33	67	10
34	67	3
35	67	10
36	67	9
37	67	5
38	67	1
39	67	2
40	67	3
41	67	8
42	67	9
43	67	7
44	67	9
45	67	1
46	67	4
47	67	10
48	67	7
49	67	5
50	67	8
51	67	10
52	67	9
53	67	7
54	67	3
56	67	6
57	67	8
58	67	3
59	67	7
60	67	2
61	67	5
62	67	10
63	67	7
64	67	4
65	67	4
66	67	10
67	67	8
68	67	9
69	67	8
70	67	1
71	67	9
72	67	4
73	67	1
74	67	8
75	67	10
76	67	5
77	67	7
78	67	3
79	67	6
80	67	7
81	67	7
83	67	7
84	67	4
85	67	1
86	67	2
87	67	3
88	67	7
89	67	1
90	67	9
91	67	3
92	67	10
94	67	8
95	67	9
97	67	2
98	67	7
99	67	3
100	67	8
101	67	10
102	67	6
104	67	2
105	67	6
106	67	8
107	67	4
108	67	4
111	67	6
112	67	7
113	67	7
115	67	9
116	67	2
117	67	9
118	67	6
119	67	3
120	67	4
121	67	5
122	67	1
123	67	10
124	67	6
125	67	3
126	67	9
127	67	5
128	67	6
129	67	4
130	67	1
131	67	1
132	67	7
133	67	3
134	67	8
135	67	5
136	67	4
137	67	5
139	67	8
140	67	4
141	67	6
142	67	8
144	67	9
145	67	8
146	67	6
147	67	10
148	67	10
149	67	3
150	67	5
151	67	1
152	67	1
153	67	9
154	67	7
155	67	3
157	67	3
158	67	8
159	67	9
160	67	4
161	67	2
162	67	8
163	67	4
164	67	7
165	67	7
166	67	6
167	67	10
168	67	9
170	67	9
171	67	4
0	68	1
3	68	5
4	68	9
5	68	9
6	68	4
7	68	1
8	68	4
9	68	10
10	68	10
11	68	6
12	68	10
13	68	8
14	68	9
15	68	8
16	68	10
17	68	7
18	68	3
19	68	7
20	68	8
21	68	4
22	68	5
23	68	1
24	68	10
25	68	9
26	68	9
27	68	10
28	68	5
29	68	4
30	68	7
31	68	2
32	68	5
34	68	9
35	68	4
36	68	9
38	68	2
39	68	3
40	68	8
41	68	1
42	68	5
43	68	9
44	68	6
45	68	10
46	68	7
47	68	6
48	68	10
49	68	4
50	68	1
51	68	3
52	68	1
53	68	7
54	68	4
55	68	1
57	68	9
58	68	8
59	68	2
60	68	10
61	68	4
62	68	6
63	68	4
64	68	1
65	68	4
66	68	9
68	68	7
69	68	1
70	68	9
71	68	3
72	68	1
73	68	1
75	68	4
79	68	5
80	68	3
81	68	10
83	68	7
84	68	9
85	68	3
86	68	9
87	68	5
88	68	1
89	68	8
90	68	3
91	68	1
92	68	10
93	68	1
94	68	7
95	68	5
96	68	10
97	68	5
98	68	3
99	68	7
100	68	1
101	68	3
102	68	6
103	68	6
104	68	8
105	68	2
106	68	8
107	68	2
108	68	2
109	68	10
110	68	4
111	68	3
112	68	6
113	68	2
114	68	6
115	68	10
116	68	1
117	68	6
119	68	3
120	68	3
121	68	3
122	68	10
124	68	5
125	68	4
126	68	3
127	68	2
128	68	5
130	68	2
131	68	1
132	68	7
133	68	3
134	68	1
135	68	6
136	68	3
137	68	7
138	68	3
139	68	9
140	68	3
141	68	3
142	68	1
143	68	3
144	68	6
145	68	3
146	68	1
147	68	6
148	68	8
149	68	8
150	68	8
151	68	10
152	68	4
153	68	7
154	68	6
155	68	8
156	68	3
157	68	8
158	68	3
159	68	2
160	68	8
161	68	5
162	68	3
163	68	5
164	68	1
166	68	7
167	68	2
168	68	6
169	68	6
0	69	6
1	69	4
2	69	9
3	69	6
4	69	5
5	69	9
6	69	3
7	69	3
8	69	2
9	69	9
11	69	2
12	69	8
13	69	1
14	69	10
15	69	6
16	69	7
17	69	5
18	69	1
19	69	5
21	69	7
22	69	3
23	69	1
24	69	1
25	69	10
26	69	2
29	69	6
30	69	9
31	69	2
32	69	1
33	69	6
34	69	8
35	69	7
36	69	1
37	69	9
38	69	3
39	69	8
40	69	8
41	69	4
42	69	4
43	69	2
44	69	3
45	69	9
46	69	5
47	69	6
48	69	10
49	69	3
50	69	4
52	69	6
53	69	7
54	69	4
55	69	2
56	69	10
58	69	7
59	69	3
60	69	1
61	69	1
62	69	9
63	69	7
64	69	2
65	69	7
66	69	3
67	69	7
68	69	4
69	69	3
70	69	6
71	69	1
72	69	7
73	69	8
74	69	7
75	69	8
76	69	4
77	69	4
78	69	5
79	69	7
80	69	1
81	69	9
82	69	7
84	69	1
86	69	6
87	69	9
88	69	1
89	69	6
90	69	6
91	69	9
92	69	1
94	69	5
96	69	9
97	69	6
98	69	4
100	69	4
101	69	9
102	69	2
103	69	2
104	69	4
105	69	7
106	69	7
107	69	6
108	69	4
109	69	10
110	69	2
111	69	10
112	69	7
113	69	8
114	69	1
115	69	7
116	69	10
117	69	4
118	69	9
120	69	8
121	69	2
122	69	4
123	69	2
124	69	1
125	69	3
126	69	8
127	69	3
128	69	8
129	69	9
130	69	4
131	69	5
133	69	4
134	69	4
135	69	1
136	69	1
137	69	4
138	69	9
139	69	4
140	69	5
141	69	9
144	69	6
145	69	2
146	69	3
147	69	9
148	69	5
149	69	10
150	69	6
151	69	10
152	69	10
153	69	7
154	69	4
155	69	2
156	69	5
157	69	10
158	69	9
159	69	8
160	69	5
162	69	1
163	69	2
164	69	3
165	69	8
166	69	10
167	69	1
0	70	2
1	70	1
2	70	7
3	70	7
4	70	2
5	70	10
6	70	5
7	70	3
8	70	9
9	70	7
10	70	5
11	70	1
12	70	7
13	70	1
15	70	10
16	70	1
17	70	8
18	70	1
19	70	8
20	70	7
21	70	3
22	70	9
24	70	9
25	70	6
26	70	2
28	70	10
29	70	7
30	70	8
31	70	9
32	70	9
33	70	7
34	70	2
35	70	3
36	70	6
37	70	5
38	70	10
39	70	5
40	70	1
41	70	9
43	70	5
44	70	3
45	70	1
46	70	10
47	70	9
48	70	9
49	70	2
50	70	8
52	70	9
53	70	9
54	70	4
55	70	1
56	70	9
57	70	10
58	70	9
59	70	4
60	70	4
63	70	6
64	70	9
65	70	8
67	70	7
69	70	9
70	70	8
71	70	5
72	70	3
73	70	3
75	70	4
76	70	6
77	70	2
78	70	2
79	70	4
80	70	4
81	70	4
82	70	9
83	70	9
84	70	5
85	70	7
86	70	5
87	70	7
88	70	8
89	70	6
91	70	8
92	70	8
93	70	2
94	70	10
95	70	3
96	70	1
97	70	6
98	70	8
99	70	10
100	70	3
101	70	6
102	70	4
103	70	8
104	70	1
105	70	1
106	70	6
107	70	10
108	70	10
109	70	8
110	70	1
111	70	10
113	70	4
114	70	10
115	70	10
116	70	2
117	70	8
118	70	10
119	70	4
120	70	6
121	70	7
122	70	9
123	70	8
124	70	2
126	70	8
127	70	7
128	70	10
129	70	5
130	70	8
131	70	3
132	70	3
133	70	3
137	70	10
138	70	10
139	70	6
140	70	4
142	70	5
143	70	7
144	70	6
145	70	8
146	70	2
147	70	10
148	70	10
149	70	3
150	70	1
151	70	6
152	70	5
153	70	9
154	70	5
156	70	7
158	70	3
159	70	1
160	70	9
162	70	4
163	70	10
164	70	4
165	70	5
0	71	5
1	71	4
3	71	1
4	71	3
5	71	4
6	71	9
9	71	5
10	71	3
11	71	8
12	71	2
14	71	10
15	71	5
16	71	1
17	71	5
18	71	6
19	71	1
20	71	5
22	71	3
23	71	2
24	71	3
25	71	1
26	71	10
27	71	3
28	71	6
29	71	5
30	71	10
31	71	3
32	71	10
33	71	9
34	71	7
35	71	8
36	71	1
37	71	6
38	71	3
39	71	9
41	71	5
42	71	4
44	71	10
45	71	6
46	71	7
47	71	6
49	71	2
50	71	9
51	71	1
52	71	1
53	71	7
54	71	4
55	71	8
56	71	7
58	71	1
60	71	2
61	71	10
62	71	7
63	71	7
64	71	5
65	71	7
66	71	5
67	71	9
68	71	1
69	71	4
70	71	10
71	71	1
73	71	8
74	71	9
75	71	10
76	71	5
77	71	3
78	71	8
79	71	8
80	71	8
81	71	8
82	71	5
83	71	9
84	71	4
85	71	10
86	71	9
87	71	8
89	71	9
90	71	4
91	71	8
92	71	10
93	71	9
94	71	2
95	71	1
96	71	6
97	71	3
98	71	10
99	71	9
100	71	4
101	71	2
102	71	4
103	71	9
104	71	3
105	71	8
106	71	6
107	71	6
108	71	10
109	71	1
110	71	5
111	71	2
112	71	9
113	71	9
114	71	5
115	71	10
116	71	5
117	71	1
118	71	6
119	71	2
120	71	2
121	71	10
122	71	7
123	71	9
126	71	8
128	71	2
129	71	9
130	71	9
131	71	9
132	71	9
134	71	4
135	71	9
136	71	10
137	71	5
138	71	5
139	71	3
140	71	7
141	71	6
142	71	6
143	71	10
144	71	9
145	71	6
146	71	7
148	71	5
149	71	7
150	71	2
151	71	1
152	71	3
153	71	9
154	71	9
155	71	2
156	71	2
157	71	7
158	71	2
159	71	10
160	71	2
161	71	6
162	71	7
163	71	8
1	72	3
2	72	6
3	72	10
4	72	3
5	72	2
7	72	2
8	72	10
9	72	10
10	72	1
11	72	3
12	72	7
13	72	3
14	72	9
15	72	3
16	72	1
17	72	9
18	72	7
20	72	4
22	72	8
23	72	2
24	72	4
25	72	9
26	72	10
27	72	3
28	72	4
29	72	6
30	72	1
31	72	7
32	72	5
33	72	3
34	72	4
35	72	5
36	72	9
38	72	8
39	72	8
40	72	2
41	72	7
42	72	5
43	72	1
44	72	5
45	72	6
46	72	5
47	72	3
48	72	10
49	72	3
50	72	2
51	72	6
52	72	4
53	72	10
54	72	9
55	72	7
56	72	1
57	72	6
58	72	10
59	72	7
61	72	6
62	72	1
63	72	1
64	72	4
67	72	7
68	72	3
69	72	4
71	72	5
73	72	5
74	72	4
75	72	7
76	72	7
77	72	6
78	72	4
79	72	4
80	72	2
81	72	10
82	72	9
83	72	10
84	72	2
86	72	9
87	72	3
88	72	3
90	72	2
92	72	5
93	72	3
94	72	10
95	72	6
96	72	2
97	72	2
98	72	5
99	72	10
100	72	9
102	72	8
103	72	8
105	72	5
106	72	3
107	72	10
108	72	9
110	72	6
112	72	3
113	72	8
115	72	2
116	72	5
117	72	7
118	72	7
119	72	1
120	72	1
121	72	10
122	72	7
123	72	1
124	72	8
125	72	8
126	72	3
127	72	1
128	72	1
129	72	1
130	72	6
131	72	4
132	72	10
133	72	1
134	72	3
135	72	8
136	72	7
138	72	2
139	72	9
140	72	5
142	72	4
143	72	7
144	72	10
145	72	2
147	72	3
148	72	5
149	72	6
150	72	7
151	72	2
152	72	4
154	72	9
155	72	1
156	72	5
157	72	3
158	72	5
160	72	2
161	72	7
0	73	3
1	73	2
2	73	10
3	73	10
4	73	8
5	73	9
6	73	4
7	73	1
8	73	1
9	73	10
10	73	9
11	73	1
12	73	8
13	73	4
14	73	9
15	73	8
16	73	9
17	73	7
18	73	5
19	73	2
20	73	4
21	73	10
22	73	8
23	73	2
24	73	2
25	73	4
26	73	2
27	73	9
28	73	6
29	73	3
30	73	3
33	73	2
34	73	10
35	73	9
37	73	4
38	73	2
39	73	9
40	73	8
41	73	9
42	73	3
43	73	1
44	73	10
45	73	7
46	73	5
47	73	10
48	73	1
49	73	1
50	73	2
52	73	7
53	73	5
54	73	1
55	73	7
56	73	6
57	73	1
58	73	1
59	73	7
60	73	5
61	73	2
62	73	7
63	73	3
64	73	9
66	73	8
67	73	6
68	73	10
69	73	2
70	73	3
71	73	2
72	73	3
73	73	2
75	73	10
76	73	8
77	73	1
78	73	9
79	73	1
80	73	6
81	73	3
82	73	9
83	73	6
84	73	2
85	73	5
86	73	10
87	73	1
88	73	7
89	73	8
90	73	2
91	73	2
92	73	5
93	73	5
94	73	7
95	73	9
96	73	5
97	73	9
98	73	1
99	73	1
100	73	6
102	73	5
103	73	9
104	73	6
105	73	8
106	73	7
107	73	4
108	73	5
109	73	5
111	73	6
112	73	9
113	73	1
114	73	5
115	73	6
116	73	7
117	73	9
118	73	9
119	73	2
120	73	3
122	73	10
123	73	4
124	73	1
125	73	9
126	73	7
127	73	7
128	73	5
129	73	10
130	73	7
131	73	2
132	73	6
133	73	8
134	73	5
135	73	2
136	73	4
137	73	1
138	73	3
139	73	4
140	73	10
142	73	4
143	73	3
144	73	9
145	73	2
146	73	10
148	73	6
150	73	10
151	73	1
152	73	9
153	73	5
154	73	8
155	73	10
157	73	8
158	73	10
159	73	9
0	74	3
1	74	3
2	74	9
3	74	5
4	74	6
5	74	1
6	74	5
7	74	1
8	74	9
9	74	4
10	74	9
11	74	10
12	74	10
13	74	9
14	74	3
15	74	3
17	74	7
18	74	5
19	74	7
20	74	8
21	74	1
22	74	2
23	74	8
24	74	1
25	74	3
26	74	2
27	74	4
28	74	2
29	74	2
30	74	8
31	74	8
32	74	2
33	74	5
34	74	1
35	74	8
37	74	10
38	74	8
39	74	5
40	74	9
41	74	5
42	74	3
44	74	2
45	74	8
46	74	9
47	74	10
48	74	9
49	74	5
50	74	4
51	74	9
53	74	8
54	74	9
55	74	9
56	74	3
57	74	4
58	74	7
59	74	10
60	74	3
61	74	5
62	74	4
63	74	4
64	74	7
65	74	3
66	74	2
67	74	4
68	74	9
69	74	1
70	74	6
71	74	4
72	74	1
74	74	6
75	74	2
76	74	5
77	74	2
78	74	1
79	74	2
80	74	3
81	74	4
82	74	5
83	74	7
84	74	7
85	74	8
86	74	5
87	74	4
89	74	2
90	74	10
91	74	2
92	74	6
93	74	10
94	74	3
95	74	9
96	74	1
97	74	1
98	74	6
99	74	10
100	74	9
101	74	3
102	74	3
103	74	6
104	74	8
105	74	4
106	74	3
107	74	1
108	74	1
109	74	6
110	74	6
111	74	1
112	74	8
113	74	9
114	74	5
115	74	6
116	74	1
117	74	2
118	74	1
119	74	7
120	74	5
122	74	8
123	74	6
124	74	2
125	74	9
126	74	2
127	74	7
128	74	10
130	74	9
131	74	10
134	74	3
135	74	2
136	74	8
137	74	10
138	74	4
139	74	2
140	74	3
142	74	5
143	74	3
144	74	7
145	74	8
146	74	5
149	74	6
150	74	6
151	74	10
152	74	1
153	74	2
154	74	5
155	74	9
156	74	4
0	75	5
1	75	3
2	75	4
3	75	5
4	75	3
5	75	3
6	75	6
7	75	2
8	75	10
9	75	3
10	75	3
11	75	10
12	75	5
13	75	2
14	75	10
15	75	7
16	75	10
17	75	6
18	75	9
19	75	3
20	75	9
21	75	2
22	75	4
23	75	4
24	75	5
25	75	1
26	75	5
27	75	8
28	75	8
29	75	6
30	75	6
31	75	1
32	75	7
34	75	9
35	75	5
36	75	3
37	75	6
38	75	3
40	75	6
41	75	4
42	75	7
43	75	8
44	75	9
46	75	10
47	75	10
48	75	10
49	75	6
50	75	2
51	75	8
52	75	7
53	75	9
54	75	3
55	75	8
57	75	1
58	75	1
59	75	3
60	75	7
61	75	10
62	75	2
63	75	5
64	75	2
65	75	10
66	75	2
67	75	10
68	75	2
70	75	7
71	75	7
72	75	6
73	75	10
74	75	7
75	75	1
76	75	3
77	75	7
78	75	7
79	75	6
80	75	9
81	75	3
82	75	9
83	75	5
84	75	8
86	75	1
87	75	2
88	75	7
89	75	9
90	75	8
92	75	1
93	75	1
94	75	3
95	75	8
96	75	6
97	75	2
98	75	7
99	75	4
100	75	3
101	75	4
102	75	2
103	75	4
104	75	8
105	75	4
106	75	6
108	75	3
109	75	3
110	75	3
111	75	5
112	75	1
113	75	6
114	75	3
115	75	5
116	75	4
117	75	5
118	75	10
119	75	8
120	75	2
121	75	6
122	75	8
123	75	6
124	75	2
125	75	3
126	75	3
127	75	1
128	75	9
129	75	6
130	75	8
132	75	6
133	75	10
134	75	8
135	75	2
136	75	5
137	75	6
138	75	9
139	75	10
140	75	9
141	75	8
142	75	1
143	75	5
144	75	4
145	75	7
146	75	9
147	75	8
148	75	1
149	75	9
150	75	1
152	75	5
153	75	9
154	75	7
155	75	2
0	76	8
1	76	3
2	76	5
3	76	3
4	76	1
5	76	9
6	76	2
7	76	10
8	76	1
9	76	6
10	76	8
11	76	1
12	76	4
13	76	2
15	76	7
17	76	7
19	76	8
20	76	9
21	76	6
22	76	1
23	76	8
24	76	9
25	76	10
26	76	4
27	76	9
28	76	5
29	76	6
30	76	9
31	76	4
32	76	5
33	76	4
34	76	2
35	76	6
36	76	7
37	76	1
39	76	5
40	76	10
41	76	3
42	76	6
43	76	9
44	76	9
46	76	2
47	76	2
48	76	4
49	76	9
50	76	10
51	76	5
52	76	4
53	76	6
54	76	10
55	76	3
56	76	9
57	76	2
58	76	10
59	76	1
60	76	7
61	76	10
63	76	5
64	76	3
65	76	7
66	76	1
67	76	9
68	76	6
69	76	2
70	76	10
71	76	2
73	76	4
74	76	1
76	76	5
77	76	7
78	76	10
79	76	8
80	76	10
81	76	2
82	76	5
83	76	3
84	76	10
85	76	9
86	76	4
87	76	2
88	76	4
89	76	5
90	76	7
91	76	8
92	76	10
93	76	2
94	76	4
95	76	9
96	76	4
97	76	9
98	76	9
99	76	4
100	76	8
101	76	7
102	76	7
103	76	1
104	76	6
105	76	6
108	76	7
109	76	10
110	76	6
111	76	1
112	76	6
113	76	5
116	76	10
118	76	4
119	76	3
120	76	9
121	76	2
122	76	3
123	76	3
124	76	6
125	76	3
126	76	8
127	76	1
128	76	9
129	76	9
130	76	9
132	76	8
133	76	2
134	76	6
135	76	4
136	76	5
137	76	10
138	76	7
139	76	1
140	76	7
141	76	7
142	76	5
143	76	2
145	76	4
146	76	1
147	76	10
148	76	4
149	76	8
150	76	7
151	76	9
152	76	7
153	76	10
0	77	4
1	77	8
2	77	6
3	77	10
4	77	7
5	77	5
6	77	3
7	77	7
8	77	8
9	77	7
10	77	10
11	77	6
13	77	2
14	77	2
15	77	6
16	77	9
17	77	6
18	77	9
19	77	2
20	77	5
21	77	1
22	77	10
23	77	2
24	77	8
26	77	6
27	77	10
28	77	6
29	77	8
30	77	9
31	77	5
32	77	2
33	77	6
35	77	4
38	77	8
39	77	2
40	77	1
41	77	7
42	77	1
43	77	4
45	77	7
46	77	1
47	77	5
48	77	5
49	77	7
50	77	4
52	77	7
53	77	3
54	77	1
56	77	10
58	77	9
59	77	8
60	77	1
61	77	8
62	77	5
63	77	7
64	77	5
65	77	7
66	77	9
67	77	4
68	77	6
69	77	1
70	77	3
71	77	4
72	77	6
73	77	6
74	77	5
75	77	8
76	77	3
78	77	7
79	77	7
80	77	9
81	77	1
82	77	5
83	77	8
84	77	6
85	77	6
86	77	2
87	77	9
88	77	8
89	77	10
90	77	10
91	77	8
93	77	3
94	77	9
95	77	4
96	77	9
97	77	2
98	77	10
99	77	2
100	77	5
102	77	4
103	77	3
104	77	5
105	77	3
107	77	1
108	77	1
109	77	4
110	77	4
112	77	3
113	77	2
114	77	7
115	77	5
116	77	9
117	77	8
118	77	6
119	77	8
120	77	9
121	77	1
123	77	8
124	77	1
125	77	6
126	77	4
127	77	7
128	77	6
129	77	2
130	77	10
131	77	6
132	77	2
133	77	2
134	77	3
135	77	9
136	77	6
137	77	10
139	77	1
141	77	9
142	77	7
144	77	3
145	77	3
146	77	3
147	77	3
148	77	10
150	77	2
151	77	7
0	78	9
1	78	5
2	78	6
3	78	4
4	78	9
5	78	10
6	78	6
7	78	2
8	78	5
9	78	3
10	78	4
11	78	8
12	78	6
13	78	1
14	78	4
15	78	4
16	78	10
17	78	6
18	78	6
19	78	8
20	78	4
22	78	7
23	78	5
24	78	2
25	78	5
26	78	7
27	78	5
28	78	4
30	78	10
31	78	7
32	78	2
33	78	6
34	78	1
35	78	3
36	78	9
37	78	2
38	78	4
39	78	10
40	78	6
41	78	3
42	78	3
43	78	7
44	78	2
45	78	3
46	78	7
47	78	9
48	78	1
49	78	9
50	78	1
51	78	1
53	78	10
54	78	5
55	78	7
56	78	1
57	78	9
58	78	8
59	78	1
60	78	5
62	78	10
63	78	2
64	78	8
65	78	8
66	78	6
67	78	8
68	78	5
69	78	6
70	78	8
73	78	2
74	78	4
75	78	2
77	78	9
78	78	7
79	78	1
80	78	4
82	78	8
83	78	3
84	78	5
85	78	1
86	78	2
87	78	10
88	78	3
89	78	4
90	78	9
91	78	3
92	78	2
93	78	1
94	78	8
95	78	5
96	78	3
98	78	10
99	78	1
100	78	4
101	78	8
102	78	8
103	78	7
104	78	1
105	78	10
106	78	7
107	78	10
108	78	5
109	78	7
110	78	10
111	78	10
112	78	8
113	78	4
114	78	9
115	78	1
116	78	7
117	78	3
118	78	1
119	78	9
120	78	8
121	78	6
122	78	3
123	78	2
124	78	1
125	78	7
126	78	3
127	78	6
128	78	9
129	78	8
130	78	6
131	78	5
132	78	7
133	78	10
134	78	7
135	78	10
136	78	1
137	78	7
140	78	3
141	78	7
142	78	6
143	78	7
144	78	9
145	78	8
146	78	3
147	78	4
148	78	6
149	78	8
0	79	4
1	79	6
2	79	4
3	79	7
4	79	1
5	79	10
6	79	7
7	79	9
8	79	3
9	79	6
10	79	3
11	79	4
12	79	9
13	79	5
14	79	2
15	79	7
16	79	4
17	79	8
18	79	10
19	79	7
21	79	3
22	79	3
23	79	5
25	79	5
26	79	1
27	79	5
28	79	6
29	79	1
30	79	2
31	79	1
32	79	2
33	79	6
35	79	2
36	79	4
37	79	6
38	79	5
40	79	8
41	79	10
42	79	2
43	79	3
44	79	1
45	79	4
46	79	4
47	79	1
48	79	5
49	79	8
50	79	9
51	79	9
52	79	8
53	79	3
54	79	10
55	79	3
56	79	7
57	79	3
58	79	7
59	79	2
60	79	8
61	79	2
63	79	2
64	79	1
65	79	4
66	79	5
67	79	9
68	79	7
69	79	7
71	79	1
72	79	7
73	79	3
74	79	4
75	79	2
76	79	4
77	79	10
79	79	1
80	79	2
81	79	9
82	79	8
83	79	2
84	79	7
85	79	5
86	79	2
87	79	5
88	79	4
89	79	5
90	79	1
91	79	2
92	79	9
93	79	1
94	79	8
95	79	10
96	79	1
97	79	8
98	79	1
99	79	3
100	79	10
103	79	1
104	79	2
105	79	3
106	79	9
107	79	1
108	79	4
109	79	4
110	79	8
111	79	9
112	79	3
114	79	5
115	79	1
116	79	1
117	79	9
118	79	5
119	79	7
120	79	2
121	79	6
123	79	6
124	79	4
126	79	4
127	79	7
128	79	5
129	79	4
130	79	3
131	79	10
132	79	2
133	79	4
134	79	2
135	79	1
136	79	3
137	79	1
138	79	8
139	79	10
141	79	1
142	79	6
143	79	5
144	79	3
145	79	2
146	79	10
147	79	6
0	80	6
1	80	9
2	80	8
3	80	8
4	80	5
5	80	9
6	80	2
7	80	5
8	80	4
9	80	8
10	80	3
11	80	6
12	80	4
14	80	9
15	80	4
16	80	7
17	80	5
18	80	1
19	80	1
20	80	1
21	80	8
22	80	7
23	80	1
24	80	9
25	80	1
26	80	2
27	80	10
28	80	2
29	80	6
30	80	5
32	80	5
33	80	2
34	80	6
35	80	6
36	80	8
37	80	8
38	80	8
39	80	9
40	80	1
41	80	10
42	80	10
43	80	6
44	80	6
45	80	4
46	80	2
47	80	10
48	80	1
49	80	8
50	80	9
51	80	4
52	80	8
53	80	10
54	80	3
55	80	5
56	80	10
57	80	3
58	80	5
59	80	2
60	80	6
62	80	9
63	80	2
64	80	3
65	80	8
66	80	3
67	80	3
68	80	2
69	80	1
70	80	1
71	80	4
72	80	5
73	80	8
74	80	2
75	80	2
76	80	3
77	80	4
78	80	6
79	80	7
80	80	4
81	80	2
82	80	6
83	80	7
84	80	3
85	80	3
86	80	9
87	80	1
88	80	8
89	80	9
90	80	10
91	80	1
92	80	10
93	80	7
94	80	5
95	80	1
96	80	2
97	80	6
98	80	3
99	80	1
100	80	2
102	80	2
103	80	9
104	80	5
105	80	9
106	80	5
107	80	9
108	80	2
109	80	4
110	80	3
111	80	8
112	80	8
113	80	3
114	80	7
115	80	10
116	80	3
117	80	8
118	80	3
119	80	3
120	80	8
121	80	7
122	80	4
123	80	3
124	80	4
125	80	7
126	80	8
127	80	7
128	80	1
129	80	10
130	80	10
131	80	2
132	80	4
133	80	1
134	80	7
135	80	10
136	80	9
137	80	6
138	80	2
139	80	7
140	80	3
141	80	10
142	80	10
145	80	9
0	81	6
1	81	6
2	81	6
3	81	6
4	81	4
5	81	1
7	81	7
8	81	1
9	81	7
10	81	4
11	81	9
12	81	8
13	81	5
14	81	10
15	81	4
16	81	7
17	81	1
18	81	1
19	81	4
20	81	1
21	81	7
22	81	2
23	81	8
24	81	8
25	81	2
26	81	9
28	81	4
29	81	5
30	81	6
31	81	10
33	81	4
34	81	4
35	81	6
36	81	3
37	81	6
38	81	1
39	81	7
40	81	3
41	81	1
42	81	10
43	81	3
44	81	1
45	81	4
46	81	7
47	81	1
48	81	2
49	81	1
50	81	6
51	81	2
52	81	7
53	81	7
54	81	1
55	81	9
56	81	10
57	81	9
58	81	1
60	81	10
61	81	4
62	81	7
63	81	3
64	81	10
65	81	10
66	81	1
67	81	5
68	81	7
69	81	6
70	81	5
71	81	2
72	81	5
73	81	4
74	81	1
75	81	5
76	81	6
77	81	10
78	81	3
79	81	10
80	81	9
81	81	5
82	81	7
84	81	10
85	81	2
86	81	10
87	81	3
88	81	5
89	81	1
90	81	7
91	81	9
92	81	1
93	81	3
94	81	3
95	81	6
96	81	7
97	81	9
98	81	10
99	81	7
100	81	1
101	81	10
102	81	4
104	81	9
105	81	9
106	81	1
107	81	3
108	81	6
109	81	10
110	81	5
113	81	7
114	81	6
115	81	7
116	81	3
117	81	3
118	81	5
119	81	10
120	81	9
121	81	4
122	81	3
123	81	4
124	81	10
125	81	8
126	81	5
127	81	5
128	81	5
129	81	10
130	81	3
131	81	4
132	81	5
133	81	5
134	81	3
135	81	9
136	81	5
137	81	9
138	81	5
139	81	4
140	81	4
141	81	9
142	81	6
143	81	1
0	82	6
1	82	3
2	82	9
3	82	4
4	82	7
5	82	10
6	82	1
7	82	5
9	82	7
10	82	4
11	82	1
13	82	10
14	82	1
16	82	7
17	82	1
18	82	8
19	82	6
21	82	9
22	82	10
23	82	9
24	82	2
25	82	8
26	82	4
27	82	9
28	82	7
29	82	1
30	82	8
31	82	6
32	82	2
33	82	2
34	82	8
35	82	1
36	82	9
37	82	5
38	82	1
39	82	5
40	82	6
41	82	10
42	82	8
43	82	2
44	82	9
45	82	6
46	82	5
47	82	6
48	82	10
49	82	2
50	82	9
51	82	9
52	82	7
53	82	8
54	82	8
55	82	4
59	82	5
60	82	9
61	82	2
62	82	3
63	82	5
64	82	1
65	82	2
66	82	1
67	82	6
68	82	10
70	82	1
72	82	3
73	82	9
74	82	2
75	82	9
76	82	10
77	82	9
78	82	3
79	82	9
80	82	9
81	82	8
82	82	6
83	82	10
84	82	10
86	82	1
87	82	2
88	82	4
89	82	6
90	82	2
91	82	3
92	82	1
94	82	2
95	82	1
96	82	1
97	82	2
98	82	10
99	82	1
100	82	7
101	82	9
102	82	7
103	82	1
104	82	4
105	82	8
106	82	5
107	82	9
108	82	6
110	82	9
111	82	5
112	82	5
113	82	3
114	82	2
115	82	1
116	82	9
117	82	8
118	82	3
119	82	4
120	82	4
121	82	7
122	82	10
123	82	5
124	82	9
125	82	6
126	82	6
127	82	5
128	82	9
129	82	4
130	82	4
131	82	1
132	82	6
134	82	3
135	82	8
136	82	4
137	82	7
138	82	10
139	82	10
140	82	2
0	83	7
1	83	7
2	83	4
3	83	1
4	83	1
5	83	7
6	83	7
7	83	2
8	83	6
10	83	9
11	83	7
12	83	6
13	83	5
14	83	2
15	83	7
16	83	7
17	83	3
19	83	4
20	83	9
21	83	2
22	83	10
23	83	9
24	83	3
25	83	2
26	83	10
27	83	7
28	83	6
30	83	3
31	83	3
32	83	10
33	83	5
34	83	4
35	83	3
36	83	6
37	83	3
38	83	8
40	83	2
41	83	2
43	83	4
44	83	1
45	83	5
46	83	7
47	83	4
48	83	8
49	83	2
50	83	6
51	83	2
52	83	10
53	83	9
54	83	2
55	83	2
56	83	3
57	83	10
58	83	7
59	83	6
60	83	8
61	83	1
62	83	2
63	83	3
64	83	3
65	83	4
66	83	1
67	83	9
68	83	3
69	83	2
70	83	1
72	83	5
73	83	5
74	83	8
75	83	8
76	83	10
77	83	4
78	83	10
79	83	1
80	83	9
82	83	8
83	83	10
84	83	8
85	83	5
86	83	10
87	83	4
88	83	1
89	83	6
90	83	5
91	83	4
92	83	2
93	83	10
94	83	4
95	83	9
96	83	10
97	83	5
98	83	2
99	83	10
100	83	5
101	83	5
102	83	4
103	83	8
104	83	6
105	83	6
109	83	8
110	83	5
112	83	7
113	83	1
114	83	9
115	83	9
117	83	8
118	83	2
119	83	4
120	83	6
121	83	10
122	83	6
123	83	3
124	83	10
125	83	8
126	83	9
127	83	2
128	83	2
129	83	4
130	83	2
131	83	8
132	83	2
133	83	2
134	83	1
135	83	6
136	83	6
137	83	5
138	83	4
139	83	7
0	84	10
1	84	5
2	84	5
3	84	2
4	84	8
6	84	6
7	84	5
8	84	3
9	84	3
10	84	10
11	84	5
12	84	7
13	84	7
14	84	8
15	84	8
16	84	5
17	84	5
18	84	9
19	84	8
20	84	3
21	84	8
22	84	7
23	84	10
24	84	9
25	84	9
26	84	10
29	84	7
30	84	10
31	84	10
32	84	6
33	84	10
34	84	1
35	84	1
36	84	1
37	84	3
38	84	1
39	84	8
40	84	9
41	84	4
42	84	5
43	84	9
44	84	10
45	84	4
46	84	8
47	84	10
48	84	4
49	84	3
50	84	4
51	84	9
52	84	7
53	84	2
54	84	7
55	84	3
56	84	10
58	84	10
59	84	1
60	84	9
61	84	4
62	84	8
63	84	8
64	84	2
65	84	6
66	84	8
68	84	2
69	84	4
70	84	8
71	84	10
72	84	3
73	84	9
74	84	6
76	84	7
77	84	6
79	84	4
80	84	8
81	84	10
82	84	9
83	84	6
84	84	5
85	84	1
86	84	10
87	84	10
89	84	3
90	84	7
91	84	3
92	84	7
93	84	10
94	84	3
95	84	4
96	84	7
97	84	7
98	84	7
99	84	5
100	84	1
101	84	2
103	84	3
104	84	4
105	84	10
106	84	9
107	84	4
108	84	3
109	84	9
110	84	5
111	84	6
112	84	4
113	84	6
114	84	5
116	84	8
117	84	8
119	84	9
121	84	9
122	84	6
123	84	6
124	84	2
126	84	4
127	84	8
128	84	7
129	84	8
130	84	1
131	84	1
132	84	7
133	84	7
134	84	10
135	84	10
136	84	6
137	84	5
0	85	4
1	85	5
2	85	1
3	85	2
4	85	2
5	85	8
6	85	4
7	85	2
8	85	1
9	85	10
10	85	3
11	85	9
12	85	7
13	85	3
14	85	8
15	85	10
16	85	4
17	85	5
18	85	10
19	85	4
20	85	7
21	85	7
22	85	8
23	85	5
24	85	8
27	85	3
29	85	9
31	85	7
32	85	5
33	85	1
34	85	4
35	85	8
36	85	9
37	85	5
38	85	7
39	85	5
40	85	5
41	85	4
42	85	5
43	85	6
45	85	2
46	85	3
47	85	1
48	85	4
50	85	10
51	85	1
52	85	3
53	85	10
54	85	3
55	85	3
56	85	10
57	85	9
58	85	10
59	85	6
61	85	2
62	85	3
63	85	5
64	85	2
65	85	1
66	85	7
67	85	5
69	85	8
70	85	7
71	85	7
72	85	5
73	85	8
74	85	4
75	85	3
76	85	10
77	85	9
78	85	4
79	85	6
80	85	10
82	85	3
83	85	10
84	85	6
85	85	8
86	85	9
87	85	4
88	85	7
89	85	2
90	85	5
91	85	6
93	85	9
94	85	5
95	85	1
96	85	4
97	85	7
98	85	2
99	85	9
100	85	6
101	85	4
102	85	9
103	85	4
106	85	4
107	85	5
108	85	4
110	85	7
111	85	3
113	85	6
114	85	4
116	85	4
117	85	6
118	85	2
119	85	1
120	85	7
121	85	1
122	85	1
124	85	9
125	85	4
126	85	4
128	85	1
130	85	9
131	85	1
132	85	4
133	85	1
134	85	9
135	85	6
0	86	8
1	86	4
2	86	10
3	86	3
4	86	9
5	86	8
6	86	2
7	86	8
9	86	8
11	86	9
12	86	5
13	86	9
14	86	3
15	86	4
16	86	4
17	86	7
19	86	7
20	86	9
21	86	5
22	86	3
23	86	1
25	86	6
26	86	9
27	86	5
28	86	3
30	86	3
31	86	5
32	86	1
33	86	2
34	86	7
35	86	2
36	86	3
37	86	2
38	86	8
40	86	9
41	86	7
42	86	4
43	86	4
44	86	6
45	86	5
46	86	3
47	86	3
48	86	5
49	86	7
50	86	7
51	86	8
52	86	5
54	86	9
55	86	5
56	86	10
57	86	2
58	86	5
59	86	6
60	86	6
62	86	6
64	86	8
65	86	6
66	86	9
68	86	4
69	86	9
70	86	4
71	86	4
72	86	9
74	86	6
75	86	10
77	86	7
78	86	3
79	86	8
80	86	5
81	86	5
82	86	2
83	86	9
84	86	1
85	86	10
86	86	2
87	86	4
88	86	5
89	86	4
90	86	6
91	86	10
92	86	4
93	86	1
94	86	6
95	86	2
96	86	6
97	86	9
98	86	7
99	86	1
100	86	8
101	86	5
102	86	9
103	86	5
104	86	1
105	86	2
106	86	9
107	86	8
108	86	10
109	86	10
110	86	5
111	86	9
112	86	7
113	86	10
114	86	4
118	86	2
119	86	1
120	86	9
122	86	2
123	86	6
124	86	3
125	86	1
126	86	3
127	86	6
128	86	10
131	86	1
132	86	8
0	87	9
1	87	4
2	87	6
3	87	4
5	87	1
6	87	3
8	87	8
9	87	1
10	87	1
11	87	1
12	87	9
13	87	1
14	87	7
15	87	4
16	87	7
17	87	5
18	87	10
20	87	6
21	87	7
22	87	2
23	87	4
24	87	10
25	87	10
26	87	3
27	87	7
28	87	8
29	87	6
30	87	4
31	87	10
32	87	2
34	87	2
35	87	10
36	87	1
37	87	7
39	87	1
40	87	4
41	87	3
42	87	3
43	87	5
44	87	8
45	87	3
46	87	4
47	87	1
49	87	5
50	87	10
51	87	7
52	87	5
53	87	6
54	87	8
55	87	7
56	87	8
57	87	8
58	87	1
59	87	7
60	87	1
61	87	9
62	87	1
63	87	4
64	87	2
65	87	8
66	87	8
68	87	10
69	87	6
70	87	9
71	87	1
72	87	6
73	87	6
75	87	8
76	87	7
77	87	4
78	87	10
79	87	8
80	87	10
81	87	10
82	87	7
83	87	3
84	87	10
85	87	8
86	87	1
87	87	2
88	87	7
89	87	4
90	87	6
91	87	3
92	87	8
93	87	10
94	87	5
95	87	2
96	87	8
97	87	8
98	87	7
99	87	4
100	87	7
101	87	2
103	87	3
104	87	7
105	87	4
106	87	4
107	87	1
108	87	5
110	87	10
111	87	7
112	87	8
113	87	3
114	87	2
115	87	9
116	87	9
117	87	2
118	87	2
119	87	8
120	87	1
121	87	10
123	87	3
124	87	8
125	87	4
126	87	9
127	87	1
128	87	2
129	87	10
130	87	8
131	87	6
0	88	10
1	88	5
2	88	4
3	88	9
4	88	6
5	88	3
6	88	9
8	88	10
9	88	9
10	88	10
11	88	7
13	88	1
14	88	10
17	88	8
18	88	10
19	88	10
20	88	1
21	88	10
22	88	9
23	88	1
24	88	3
25	88	10
26	88	2
27	88	7
28	88	7
29	88	6
30	88	10
32	88	1
33	88	2
34	88	1
35	88	8
36	88	4
37	88	8
38	88	1
39	88	7
40	88	4
41	88	2
42	88	5
43	88	9
44	88	2
45	88	1
46	88	9
47	88	4
48	88	8
49	88	5
50	88	9
51	88	8
53	88	6
56	88	4
57	88	7
58	88	9
59	88	10
61	88	9
62	88	5
63	88	7
64	88	2
65	88	7
66	88	6
67	88	2
68	88	4
69	88	5
70	88	3
71	88	3
72	88	9
73	88	10
74	88	2
75	88	3
76	88	8
77	88	5
79	88	9
80	88	1
81	88	1
82	88	3
83	88	1
84	88	10
85	88	1
86	88	1
88	88	4
89	88	7
90	88	10
91	88	7
92	88	6
93	88	6
94	88	3
95	88	6
96	88	2
97	88	3
98	88	6
99	88	8
100	88	9
101	88	6
102	88	7
103	88	6
104	88	9
106	88	5
107	88	2
108	88	4
109	88	8
110	88	9
113	88	4
114	88	9
115	88	2
116	88	8
117	88	1
118	88	8
119	88	9
121	88	7
122	88	2
123	88	8
124	88	7
126	88	1
127	88	6
128	88	6
129	88	7
0	89	3
1	89	8
3	89	1
4	89	9
5	89	2
6	89	1
7	89	6
8	89	9
9	89	9
11	89	7
12	89	8
13	89	3
14	89	8
15	89	9
16	89	10
17	89	8
18	89	3
19	89	7
20	89	3
21	89	3
22	89	6
24	89	9
25	89	1
26	89	6
27	89	2
28	89	5
29	89	8
30	89	8
32	89	4
33	89	2
34	89	2
35	89	3
36	89	8
38	89	10
39	89	2
40	89	2
42	89	1
43	89	4
44	89	4
46	89	2
47	89	2
48	89	5
49	89	3
50	89	9
51	89	9
52	89	8
53	89	3
54	89	8
55	89	6
57	89	6
58	89	4
59	89	2
60	89	10
61	89	3
62	89	4
63	89	4
64	89	9
65	89	3
66	89	8
67	89	8
68	89	6
69	89	2
71	89	5
73	89	3
75	89	9
76	89	1
77	89	8
78	89	9
79	89	1
81	89	3
82	89	7
83	89	7
84	89	2
85	89	3
86	89	7
87	89	5
88	89	3
89	89	7
90	89	3
91	89	4
94	89	9
95	89	6
96	89	9
97	89	3
98	89	8
100	89	9
101	89	6
102	89	10
103	89	5
104	89	1
105	89	8
107	89	2
108	89	8
109	89	8
110	89	1
111	89	1
112	89	1
113	89	7
114	89	5
115	89	6
116	89	10
117	89	4
118	89	2
119	89	6
121	89	3
122	89	4
123	89	4
124	89	2
125	89	4
126	89	7
127	89	2
0	90	7
1	90	7
2	90	7
3	90	8
4	90	8
5	90	2
6	90	5
7	90	7
8	90	9
10	90	4
11	90	6
12	90	2
13	90	3
14	90	6
16	90	2
17	90	2
18	90	10
19	90	9
20	90	6
21	90	2
22	90	5
23	90	5
24	90	2
25	90	2
26	90	8
27	90	6
28	90	2
29	90	8
30	90	4
31	90	7
32	90	7
33	90	8
34	90	5
35	90	2
36	90	5
37	90	5
39	90	7
40	90	2
41	90	6
42	90	6
43	90	2
44	90	3
45	90	2
46	90	10
47	90	8
48	90	2
49	90	9
50	90	2
51	90	3
52	90	1
53	90	1
54	90	8
55	90	6
56	90	10
57	90	6
58	90	1
59	90	6
60	90	1
61	90	8
62	90	8
63	90	8
64	90	7
66	90	10
67	90	9
68	90	10
69	90	4
70	90	3
71	90	6
72	90	6
73	90	3
74	90	2
75	90	2
77	90	9
78	90	8
79	90	9
80	90	9
81	90	10
82	90	4
83	90	8
84	90	1
85	90	10
86	90	8
87	90	7
88	90	10
89	90	1
90	90	9
91	90	6
92	90	2
93	90	9
94	90	2
95	90	9
96	90	1
98	90	6
99	90	2
100	90	2
101	90	1
102	90	3
103	90	5
104	90	6
105	90	2
106	90	7
107	90	4
108	90	4
109	90	3
110	90	4
111	90	10
112	90	9
113	90	2
114	90	4
115	90	9
116	90	10
117	90	1
119	90	4
121	90	6
122	90	10
123	90	9
124	90	1
125	90	4
1	91	7
2	91	1
3	91	7
4	91	10
5	91	2
6	91	8
7	91	1
8	91	3
9	91	3
10	91	4
11	91	7
12	91	6
13	91	1
14	91	2
15	91	3
16	91	3
17	91	1
18	91	10
19	91	10
20	91	7
21	91	4
22	91	3
23	91	5
24	91	9
25	91	8
26	91	3
27	91	1
28	91	10
29	91	6
31	91	1
33	91	4
34	91	2
35	91	5
36	91	9
37	91	4
38	91	2
39	91	9
40	91	2
41	91	5
45	91	9
46	91	9
47	91	3
48	91	2
49	91	8
50	91	1
51	91	10
52	91	1
53	91	8
54	91	6
55	91	8
56	91	1
57	91	10
58	91	8
59	91	2
61	91	3
62	91	10
63	91	7
64	91	2
65	91	9
66	91	3
67	91	5
68	91	8
69	91	2
71	91	2
72	91	7
73	91	7
74	91	8
75	91	6
77	91	3
78	91	7
79	91	3
80	91	6
81	91	5
82	91	6
83	91	4
84	91	8
85	91	1
86	91	3
87	91	7
88	91	9
89	91	1
90	91	6
92	91	7
93	91	4
94	91	2
95	91	8
96	91	10
97	91	3
99	91	4
100	91	4
101	91	8
102	91	3
103	91	2
104	91	4
105	91	6
106	91	2
107	91	7
108	91	1
109	91	3
110	91	6
112	91	3
113	91	9
114	91	1
115	91	7
116	91	9
118	91	7
119	91	1
120	91	8
121	91	10
122	91	5
123	91	1
0	92	8
1	92	4
2	92	2
3	92	6
4	92	3
5	92	5
6	92	3
7	92	8
9	92	1
10	92	8
12	92	8
13	92	10
14	92	3
15	92	10
16	92	10
17	92	3
21	92	10
23	92	2
24	92	9
25	92	2
26	92	1
27	92	2
28	92	5
29	92	8
30	92	8
31	92	1
32	92	1
33	92	7
34	92	5
35	92	2
36	92	4
37	92	6
38	92	6
39	92	8
40	92	6
41	92	9
42	92	4
43	92	10
45	92	9
46	92	2
47	92	2
48	92	7
49	92	3
50	92	8
51	92	5
52	92	1
53	92	9
54	92	10
55	92	9
56	92	1
57	92	3
58	92	8
59	92	2
60	92	4
61	92	8
62	92	7
64	92	3
65	92	4
66	92	3
67	92	6
68	92	8
69	92	9
70	92	5
71	92	4
72	92	5
74	92	1
75	92	2
76	92	5
77	92	8
78	92	9
79	92	1
80	92	3
81	92	1
82	92	2
83	92	8
84	92	10
85	92	5
86	92	10
87	92	7
88	92	3
89	92	2
90	92	1
91	92	10
92	92	8
93	92	3
94	92	8
95	92	3
96	92	9
97	92	8
98	92	7
99	92	9
101	92	10
102	92	2
103	92	1
104	92	9
105	92	1
106	92	3
107	92	9
108	92	8
109	92	8
110	92	9
111	92	3
112	92	8
113	92	6
114	92	6
115	92	7
116	92	7
117	92	10
118	92	3
119	92	5
121	92	9
0	93	8
1	93	3
2	93	2
3	93	8
4	93	7
5	93	1
6	93	5
7	93	10
8	93	3
10	93	1
11	93	2
12	93	5
13	93	9
14	93	8
15	93	8
16	93	10
17	93	1
18	93	8
20	93	7
21	93	2
22	93	6
23	93	2
24	93	4
25	93	9
26	93	6
27	93	10
28	93	4
29	93	5
30	93	8
31	93	4
32	93	5
33	93	7
34	93	6
35	93	8
36	93	1
37	93	8
38	93	4
39	93	1
40	93	10
41	93	1
42	93	2
43	93	4
44	93	5
45	93	3
46	93	6
47	93	9
48	93	4
49	93	10
50	93	5
51	93	7
53	93	6
54	93	7
55	93	9
56	93	6
57	93	2
58	93	4
59	93	1
60	93	5
61	93	1
62	93	1
63	93	10
65	93	7
66	93	5
67	93	6
68	93	9
69	93	1
70	93	7
71	93	4
72	93	1
73	93	2
74	93	1
75	93	8
77	93	7
78	93	9
79	93	8
80	93	1
81	93	1
82	93	9
83	93	6
85	93	10
86	93	9
88	93	3
89	93	5
90	93	7
91	93	3
92	93	3
93	93	7
94	93	5
95	93	3
96	93	3
97	93	1
98	93	5
99	93	1
100	93	8
101	93	2
102	93	9
103	93	5
104	93	5
105	93	3
106	93	2
108	93	2
110	93	2
111	93	2
112	93	2
113	93	10
114	93	2
115	93	7
116	93	1
0	94	2
1	94	5
2	94	1
4	94	9
5	94	1
6	94	7
7	94	1
8	94	1
10	94	4
12	94	7
13	94	2
14	94	3
15	94	5
16	94	10
17	94	10
18	94	8
19	94	4
20	94	4
21	94	8
22	94	5
23	94	10
24	94	10
25	94	4
26	94	1
27	94	6
28	94	2
29	94	3
30	94	2
31	94	3
32	94	5
33	94	8
35	94	8
36	94	2
38	94	8
39	94	9
40	94	3
41	94	1
42	94	6
43	94	8
44	94	10
45	94	4
46	94	7
48	94	9
49	94	1
50	94	9
51	94	5
53	94	5
54	94	10
55	94	5
56	94	6
57	94	3
58	94	2
59	94	6
60	94	4
61	94	10
62	94	6
63	94	4
64	94	1
65	94	9
66	94	1
67	94	6
68	94	4
70	94	7
71	94	8
72	94	5
73	94	9
74	94	3
75	94	7
76	94	5
77	94	4
79	94	2
80	94	3
81	94	9
82	94	1
83	94	8
85	94	4
86	94	3
87	94	8
88	94	8
89	94	6
90	94	1
91	94	3
93	94	10
94	94	9
95	94	7
97	94	8
98	94	5
99	94	8
100	94	4
101	94	9
102	94	6
103	94	7
104	94	6
105	94	5
106	94	7
107	94	9
108	94	5
109	94	3
110	94	10
111	94	7
112	94	3
113	94	9
114	94	4
115	94	2
116	94	10
117	94	4
0	95	5
1	95	4
3	95	6
5	95	6
6	95	5
7	95	7
8	95	10
9	95	7
10	95	4
11	95	5
12	95	4
13	95	3
14	95	9
15	95	6
16	95	1
17	95	2
18	95	9
19	95	2
20	95	2
22	95	9
23	95	9
24	95	5
25	95	2
27	95	5
28	95	3
29	95	7
30	95	5
32	95	8
33	95	1
34	95	9
35	95	9
36	95	8
37	95	1
38	95	5
39	95	3
40	95	1
41	95	10
42	95	2
43	95	4
44	95	3
46	95	3
47	95	10
48	95	5
49	95	7
50	95	9
51	95	5
52	95	9
53	95	8
54	95	3
55	95	2
56	95	9
57	95	3
58	95	6
59	95	7
60	95	1
61	95	5
62	95	6
63	95	3
64	95	10
65	95	2
66	95	2
67	95	5
68	95	3
69	95	8
70	95	9
71	95	2
73	95	7
74	95	10
75	95	2
76	95	4
77	95	5
78	95	9
80	95	5
81	95	4
82	95	5
83	95	3
84	95	2
85	95	2
86	95	5
87	95	8
88	95	4
89	95	10
90	95	2
91	95	4
92	95	3
93	95	7
94	95	1
95	95	6
96	95	5
97	95	8
98	95	6
99	95	1
100	95	2
101	95	5
102	95	5
103	95	10
104	95	4
105	95	7
106	95	3
107	95	2
108	95	5
109	95	10
110	95	3
111	95	3
112	95	1
113	95	7
114	95	8
115	95	10
0	96	7
1	96	2
2	96	5
3	96	6
4	96	3
5	96	7
6	96	8
7	96	5
8	96	7
9	96	5
10	96	4
11	96	6
12	96	3
13	96	8
14	96	1
15	96	4
16	96	2
18	96	5
19	96	4
21	96	10
22	96	9
23	96	10
24	96	10
25	96	3
26	96	10
27	96	2
28	96	1
30	96	5
31	96	8
32	96	3
33	96	5
34	96	6
35	96	10
36	96	3
38	96	5
39	96	2
40	96	7
42	96	8
43	96	9
44	96	10
45	96	7
46	96	4
47	96	5
49	96	4
50	96	1
51	96	5
52	96	3
53	96	5
54	96	4
55	96	9
56	96	9
57	96	7
58	96	9
59	96	7
60	96	1
62	96	5
64	96	1
65	96	3
66	96	2
67	96	1
68	96	6
69	96	10
71	96	7
72	96	3
73	96	1
74	96	8
75	96	5
76	96	2
77	96	3
78	96	3
79	96	10
80	96	1
81	96	8
82	96	1
83	96	10
84	96	8
85	96	10
86	96	3
87	96	1
88	96	5
89	96	8
90	96	7
91	96	10
93	96	1
94	96	5
96	96	8
98	96	10
99	96	1
100	96	1
101	96	9
102	96	9
103	96	9
104	96	6
105	96	8
106	96	8
107	96	3
108	96	10
109	96	2
112	96	3
113	96	4
0	97	10
1	97	7
3	97	2
4	97	10
5	97	7
6	97	2
7	97	7
8	97	5
9	97	2
10	97	8
11	97	9
12	97	4
13	97	2
14	97	2
15	97	3
16	97	10
17	97	8
18	97	8
19	97	2
20	97	2
21	97	10
22	97	9
23	97	7
24	97	2
25	97	3
26	97	9
27	97	2
28	97	1
29	97	3
30	97	9
31	97	5
32	97	9
35	97	6
36	97	9
37	97	5
38	97	8
39	97	6
40	97	9
41	97	10
42	97	8
43	97	4
45	97	1
46	97	3
47	97	7
48	97	8
49	97	10
50	97	5
52	97	6
53	97	7
54	97	5
55	97	2
56	97	8
57	97	3
58	97	9
59	97	2
60	97	3
61	97	6
62	97	2
63	97	6
64	97	7
65	97	10
66	97	7
67	97	7
68	97	6
71	97	4
72	97	1
73	97	8
74	97	10
75	97	10
76	97	8
77	97	5
78	97	9
79	97	9
80	97	9
81	97	4
82	97	10
83	97	2
84	97	4
85	97	8
87	97	9
88	97	4
89	97	8
90	97	9
91	97	9
92	97	3
93	97	5
95	97	8
96	97	10
97	97	6
98	97	3
99	97	9
101	97	10
102	97	8
103	97	8
104	97	8
105	97	5
106	97	1
107	97	7
108	97	8
109	97	2
111	97	6
0	98	10
1	98	5
2	98	1
3	98	2
4	98	8
6	98	3
7	98	9
8	98	4
9	98	6
10	98	4
11	98	6
12	98	6
13	98	1
14	98	7
15	98	8
16	98	1
17	98	5
18	98	10
20	98	5
21	98	1
22	98	8
23	98	8
24	98	2
25	98	3
26	98	1
27	98	5
28	98	8
29	98	8
30	98	10
31	98	2
32	98	10
33	98	8
34	98	6
35	98	3
36	98	1
37	98	6
38	98	5
39	98	4
40	98	3
41	98	8
42	98	3
43	98	6
44	98	4
46	98	2
47	98	9
48	98	8
49	98	7
50	98	3
51	98	3
52	98	9
53	98	2
54	98	8
55	98	5
56	98	2
58	98	8
59	98	9
62	98	8
63	98	3
64	98	10
65	98	9
66	98	9
67	98	10
68	98	2
69	98	3
70	98	4
71	98	2
72	98	4
73	98	6
74	98	8
75	98	9
76	98	7
77	98	7
78	98	9
80	98	7
81	98	8
82	98	2
83	98	9
84	98	3
85	98	3
86	98	2
87	98	6
88	98	7
89	98	5
90	98	5
91	98	9
92	98	10
94	98	9
95	98	5
96	98	8
97	98	6
98	98	6
100	98	3
101	98	3
102	98	1
103	98	10
104	98	10
105	98	1
106	98	1
108	98	10
109	98	6
1	99	6
2	99	2
3	99	7
4	99	10
5	99	5
6	99	3
7	99	1
8	99	1
9	99	2
11	99	8
12	99	10
14	99	5
15	99	1
16	99	4
17	99	4
18	99	6
19	99	6
20	99	4
21	99	5
22	99	4
23	99	5
24	99	1
26	99	5
27	99	1
28	99	6
29	99	2
30	99	8
31	99	4
32	99	9
33	99	8
34	99	7
35	99	3
36	99	4
38	99	3
39	99	1
40	99	10
41	99	9
42	99	4
44	99	9
45	99	2
46	99	9
47	99	9
48	99	6
49	99	6
50	99	4
51	99	6
52	99	3
53	99	9
54	99	9
55	99	8
56	99	7
57	99	1
58	99	9
59	99	1
61	99	6
62	99	4
63	99	3
64	99	1
65	99	7
66	99	9
67	99	7
69	99	5
70	99	9
71	99	4
72	99	10
74	99	9
75	99	2
76	99	3
77	99	3
78	99	10
79	99	6
80	99	2
84	99	9
85	99	7
86	99	6
87	99	4
88	99	4
89	99	9
90	99	6
91	99	2
92	99	2
93	99	7
94	99	9
95	99	4
96	99	6
97	99	4
98	99	5
99	99	6
100	99	8
101	99	10
102	99	6
103	99	3
104	99	5
105	99	4
106	99	1
107	99	1
0	100	6
1	100	6
2	100	5
3	100	4
5	100	6
6	100	7
7	100	4
8	100	5
9	100	10
10	100	3
12	100	6
13	100	1
14	100	9
15	100	8
16	100	5
17	100	5
18	100	5
19	100	1
20	100	7
21	100	2
22	100	6
25	100	3
26	100	6
27	100	8
28	100	7
29	100	1
30	100	8
31	100	6
32	100	6
33	100	8
34	100	7
35	100	6
36	100	5
37	100	6
38	100	1
39	100	8
40	100	2
41	100	5
42	100	9
43	100	5
44	100	9
45	100	6
46	100	8
47	100	10
50	100	10
52	100	5
53	100	1
54	100	7
55	100	2
56	100	4
57	100	2
58	100	3
59	100	8
60	100	2
61	100	10
62	100	10
63	100	1
64	100	7
65	100	7
66	100	5
67	100	9
68	100	10
69	100	6
70	100	5
71	100	9
72	100	10
73	100	2
74	100	10
75	100	2
76	100	1
77	100	6
78	100	7
79	100	9
80	100	8
81	100	10
82	100	3
83	100	9
84	100	4
85	100	6
86	100	7
87	100	6
88	100	6
89	100	4
90	100	4
91	100	8
92	100	3
93	100	6
94	100	2
95	100	4
96	100	2
97	100	2
98	100	8
99	100	4
100	100	3
101	100	7
102	100	2
103	100	7
104	100	9
105	100	3
0	101	8
1	101	7
2	101	5
3	101	6
4	101	10
5	101	1
6	101	6
7	101	9
8	101	3
9	101	9
10	101	9
11	101	7
12	101	3
13	101	4
14	101	3
16	101	1
17	101	9
18	101	1
19	101	1
20	101	1
21	101	4
22	101	5
24	101	5
25	101	10
26	101	3
27	101	2
28	101	7
29	101	8
30	101	4
31	101	8
32	101	5
33	101	10
34	101	2
35	101	5
36	101	5
37	101	6
38	101	5
39	101	9
40	101	9
42	101	6
43	101	6
44	101	8
46	101	7
47	101	8
48	101	1
49	101	8
50	101	7
51	101	5
53	101	10
54	101	8
55	101	4
56	101	8
57	101	3
58	101	4
59	101	2
60	101	6
61	101	2
62	101	6
63	101	6
64	101	6
65	101	5
67	101	4
68	101	2
69	101	10
70	101	9
71	101	1
72	101	4
73	101	9
74	101	9
75	101	6
76	101	7
77	101	10
79	101	2
80	101	7
81	101	2
82	101	8
83	101	9
84	101	10
86	101	3
87	101	2
88	101	1
89	101	7
90	101	7
91	101	10
92	101	1
93	101	1
95	101	5
96	101	7
97	101	3
98	101	3
99	101	5
100	101	10
101	101	8
102	101	8
103	101	5
0	102	2
1	102	4
2	102	8
3	102	7
4	102	6
5	102	8
6	102	9
7	102	7
8	102	10
9	102	4
10	102	6
11	102	8
12	102	9
13	102	1
14	102	9
15	102	3
17	102	1
18	102	8
19	102	7
20	102	3
21	102	8
23	102	10
24	102	1
26	102	7
27	102	4
28	102	8
29	102	1
30	102	7
31	102	10
32	102	9
33	102	7
35	102	3
36	102	2
37	102	2
38	102	8
39	102	1
40	102	5
41	102	6
42	102	4
43	102	8
44	102	6
45	102	8
46	102	3
47	102	5
48	102	6
49	102	4
50	102	6
51	102	3
52	102	9
53	102	5
54	102	4
56	102	9
57	102	5
58	102	9
59	102	4
60	102	6
61	102	8
62	102	4
63	102	3
65	102	9
66	102	7
67	102	1
68	102	3
69	102	7
70	102	5
71	102	9
72	102	5
73	102	10
74	102	4
75	102	7
76	102	7
77	102	3
78	102	7
79	102	2
80	102	5
81	102	2
82	102	2
83	102	9
84	102	8
85	102	5
86	102	8
87	102	6
88	102	2
89	102	8
90	102	6
91	102	3
92	102	1
93	102	5
94	102	5
95	102	3
97	102	10
98	102	7
100	102	10
101	102	3
0	103	10
1	103	2
2	103	1
3	103	3
5	103	10
6	103	9
7	103	7
8	103	9
9	103	6
10	103	10
11	103	6
12	103	2
13	103	2
14	103	6
15	103	10
16	103	6
17	103	3
18	103	9
21	103	1
22	103	10
23	103	9
24	103	4
25	103	5
26	103	2
27	103	1
28	103	4
29	103	10
30	103	4
31	103	1
32	103	6
33	103	2
34	103	6
35	103	8
36	103	8
37	103	8
38	103	3
39	103	6
40	103	5
41	103	10
42	103	6
43	103	4
44	103	2
45	103	4
46	103	9
47	103	9
48	103	7
49	103	7
50	103	6
51	103	6
52	103	9
53	103	10
54	103	2
55	103	4
56	103	4
57	103	10
59	103	8
60	103	4
61	103	1
62	103	5
64	103	4
65	103	1
66	103	9
67	103	3
68	103	8
70	103	3
71	103	10
72	103	5
74	103	9
75	103	10
77	103	10
78	103	2
79	103	1
80	103	5
81	103	3
82	103	3
83	103	5
84	103	6
85	103	5
86	103	9
88	103	10
89	103	2
90	103	5
92	103	1
93	103	7
94	103	8
95	103	2
96	103	10
97	103	4
98	103	5
99	103	3
1	104	4
2	104	2
3	104	5
4	104	7
5	104	8
6	104	1
8	104	1
9	104	5
10	104	3
11	104	6
12	104	7
13	104	9
14	104	9
15	104	9
16	104	8
17	104	4
18	104	8
19	104	8
20	104	9
21	104	9
22	104	2
23	104	7
24	104	7
25	104	7
26	104	9
27	104	2
28	104	4
29	104	4
30	104	7
31	104	6
32	104	6
33	104	10
34	104	7
35	104	9
36	104	4
37	104	2
38	104	9
39	104	6
40	104	5
43	104	8
44	104	5
45	104	9
46	104	8
47	104	9
48	104	6
50	104	10
51	104	10
52	104	3
54	104	8
55	104	2
57	104	2
58	104	5
59	104	1
61	104	10
62	104	10
63	104	8
64	104	6
65	104	5
66	104	3
67	104	5
68	104	8
69	104	6
70	104	9
71	104	7
72	104	1
73	104	2
74	104	9
75	104	2
76	104	10
77	104	9
78	104	1
79	104	9
81	104	4
82	104	4
83	104	4
84	104	6
85	104	6
86	104	5
87	104	2
89	104	3
90	104	2
91	104	7
92	104	8
93	104	7
94	104	6
95	104	5
96	104	4
0	105	1
2	105	10
3	105	8
4	105	2
5	105	10
6	105	3
7	105	1
8	105	10
9	105	9
10	105	1
11	105	6
12	105	9
13	105	7
14	105	8
16	105	2
17	105	2
18	105	9
19	105	9
20	105	10
21	105	3
22	105	4
23	105	2
24	105	3
25	105	5
26	105	3
27	105	3
28	105	4
29	105	2
30	105	8
31	105	10
32	105	3
33	105	2
34	105	10
35	105	3
36	105	4
37	105	7
38	105	9
39	105	10
40	105	8
41	105	8
42	105	5
43	105	10
44	105	2
45	105	1
47	105	4
48	105	9
49	105	2
50	105	5
51	105	8
52	105	10
53	105	9
54	105	2
55	105	1
58	105	8
60	105	10
61	105	2
62	105	1
63	105	10
64	105	9
65	105	5
66	105	7
67	105	8
68	105	9
69	105	2
71	105	9
72	105	3
73	105	7
74	105	6
75	105	9
76	105	1
77	105	9
78	105	1
79	105	10
80	105	8
81	105	9
82	105	7
83	105	1
84	105	7
85	105	4
86	105	3
87	105	2
90	105	6
91	105	2
92	105	10
93	105	7
94	105	6
95	105	10
0	106	4
1	106	6
2	106	8
3	106	1
4	106	8
5	106	1
6	106	2
7	106	4
8	106	7
9	106	8
10	106	2
11	106	2
12	106	6
14	106	3
15	106	6
16	106	6
17	106	10
19	106	8
20	106	5
21	106	2
22	106	7
24	106	7
25	106	2
27	106	1
28	106	7
29	106	3
30	106	7
31	106	8
32	106	3
33	106	3
34	106	2
35	106	8
36	106	8
37	106	7
38	106	2
39	106	9
40	106	5
41	106	9
42	106	4
43	106	2
44	106	1
45	106	8
46	106	10
47	106	10
48	106	10
49	106	7
50	106	9
52	106	2
53	106	1
54	106	9
55	106	6
56	106	6
57	106	4
58	106	3
59	106	9
60	106	3
61	106	7
62	106	4
63	106	4
65	106	9
66	106	9
67	106	4
69	106	4
70	106	2
71	106	5
72	106	10
73	106	4
74	106	4
75	106	5
76	106	8
77	106	9
79	106	10
80	106	9
81	106	7
82	106	1
83	106	2
84	106	3
85	106	10
86	106	1
87	106	2
88	106	5
89	106	3
90	106	6
91	106	1
92	106	6
93	106	10
0	107	7
1	107	2
2	107	8
4	107	1
5	107	10
6	107	3
7	107	9
8	107	6
9	107	4
10	107	2
11	107	9
12	107	8
14	107	8
15	107	3
16	107	10
17	107	10
18	107	3
19	107	3
20	107	7
21	107	10
22	107	4
23	107	1
24	107	7
25	107	10
27	107	8
28	107	8
29	107	2
30	107	1
31	107	4
32	107	3
33	107	7
34	107	4
35	107	6
36	107	5
37	107	10
38	107	3
39	107	9
40	107	1
41	107	1
42	107	4
44	107	8
45	107	3
46	107	9
47	107	2
48	107	4
49	107	7
50	107	2
51	107	4
52	107	9
53	107	8
54	107	5
55	107	5
56	107	7
57	107	5
58	107	3
59	107	6
60	107	6
61	107	8
62	107	10
63	107	10
64	107	2
65	107	6
66	107	1
67	107	9
70	107	8
71	107	7
72	107	2
73	107	3
74	107	4
76	107	2
77	107	7
78	107	1
79	107	5
80	107	1
81	107	9
82	107	3
83	107	9
84	107	5
85	107	5
86	107	8
87	107	7
88	107	9
91	107	10
0	108	3
2	108	10
4	108	4
5	108	2
6	108	1
7	108	5
8	108	6
9	108	5
11	108	5
12	108	5
13	108	4
14	108	3
15	108	8
16	108	8
17	108	6
18	108	6
19	108	8
20	108	6
21	108	6
22	108	6
23	108	8
24	108	2
25	108	8
26	108	9
27	108	2
28	108	8
29	108	8
30	108	2
31	108	10
32	108	7
33	108	4
34	108	5
35	108	8
36	108	6
37	108	2
38	108	5
40	108	7
41	108	10
43	108	6
44	108	1
45	108	8
46	108	6
48	108	10
49	108	10
50	108	6
51	108	5
52	108	1
53	108	5
54	108	4
55	108	5
56	108	1
57	108	8
58	108	3
59	108	2
61	108	2
62	108	1
63	108	5
64	108	3
65	108	5
66	108	5
67	108	5
68	108	8
69	108	4
71	108	9
72	108	4
73	108	5
74	108	9
75	108	6
76	108	4
77	108	3
78	108	3
79	108	2
80	108	8
81	108	9
82	108	2
83	108	4
84	108	6
85	108	1
87	108	6
0	109	7
1	109	5
2	109	2
3	109	2
4	109	6
6	109	10
7	109	7
8	109	8
9	109	8
10	109	3
11	109	5
12	109	1
13	109	8
14	109	6
16	109	3
17	109	5
18	109	1
19	109	4
20	109	7
21	109	2
22	109	2
23	109	2
24	109	3
25	109	2
26	109	3
27	109	6
28	109	5
29	109	6
30	109	5
31	109	3
32	109	4
33	109	9
34	109	9
35	109	4
36	109	4
37	109	10
38	109	3
39	109	10
40	109	10
41	109	8
42	109	5
43	109	4
44	109	2
45	109	9
46	109	9
47	109	5
49	109	4
50	109	7
51	109	5
52	109	2
53	109	2
54	109	10
55	109	4
56	109	4
57	109	10
58	109	8
59	109	10
60	109	9
61	109	4
62	109	6
63	109	8
64	109	1
65	109	4
66	109	7
67	109	8
68	109	8
69	109	7
70	109	8
71	109	9
73	109	8
74	109	5
75	109	4
76	109	1
77	109	4
78	109	7
80	109	4
81	109	9
82	109	10
83	109	10
84	109	5
85	109	2
86	109	7
87	109	1
0	110	1
1	110	2
2	110	6
3	110	8
4	110	6
5	110	3
6	110	9
7	110	10
8	110	10
11	110	1
12	110	8
13	110	1
14	110	7
15	110	7
16	110	3
17	110	4
18	110	3
19	110	4
20	110	3
21	110	7
22	110	9
23	110	8
24	110	9
27	110	1
28	110	7
30	110	2
31	110	8
32	110	6
33	110	7
34	110	6
35	110	2
36	110	3
37	110	5
38	110	2
39	110	9
40	110	10
41	110	3
42	110	8
43	110	1
44	110	7
45	110	10
46	110	3
47	110	7
48	110	2
49	110	10
50	110	2
51	110	2
52	110	8
53	110	8
54	110	9
55	110	6
56	110	6
57	110	2
58	110	8
59	110	3
60	110	3
61	110	2
62	110	7
63	110	1
64	110	8
65	110	5
66	110	6
67	110	1
68	110	10
69	110	10
70	110	4
71	110	5
72	110	8
73	110	1
75	110	5
77	110	9
78	110	6
79	110	6
81	110	10
82	110	6
83	110	10
84	110	5
0	111	7
2	111	2
4	111	1
5	111	5
6	111	6
7	111	4
8	111	7
9	111	6
10	111	5
11	111	9
12	111	1
13	111	6
14	111	9
15	111	2
16	111	2
17	111	8
18	111	7
19	111	2
20	111	2
21	111	6
22	111	5
23	111	8
24	111	4
25	111	8
26	111	7
27	111	3
28	111	1
30	111	10
31	111	1
33	111	8
34	111	7
35	111	8
36	111	2
37	111	10
38	111	10
39	111	9
40	111	1
42	111	2
43	111	4
44	111	9
45	111	3
46	111	5
47	111	9
48	111	8
50	111	5
51	111	6
52	111	5
53	111	7
54	111	2
55	111	7
56	111	5
57	111	10
59	111	8
61	111	1
62	111	5
63	111	1
64	111	4
65	111	9
66	111	8
67	111	3
68	111	8
69	111	1
70	111	1
71	111	6
72	111	9
73	111	6
74	111	10
75	111	1
76	111	2
77	111	5
78	111	2
79	111	9
80	111	8
81	111	10
82	111	9
1	112	3
2	112	10
3	112	1
4	112	5
5	112	1
6	112	8
7	112	10
8	112	5
9	112	10
10	112	10
11	112	3
12	112	3
13	112	4
14	112	9
15	112	8
16	112	8
17	112	1
18	112	2
19	112	10
22	112	1
23	112	10
24	112	6
25	112	7
26	112	1
27	112	1
28	112	1
29	112	10
30	112	3
31	112	1
32	112	1
33	112	10
34	112	7
35	112	3
36	112	1
37	112	3
38	112	1
40	112	7
41	112	6
42	112	9
43	112	9
44	112	6
45	112	2
46	112	9
47	112	3
48	112	2
49	112	1
50	112	6
51	112	3
52	112	10
53	112	5
54	112	5
55	112	8
56	112	7
57	112	7
58	112	1
59	112	3
61	112	6
62	112	6
63	112	3
64	112	8
65	112	8
66	112	4
67	112	3
68	112	9
69	112	10
70	112	8
71	112	4
72	112	9
73	112	2
74	112	10
75	112	6
76	112	6
77	112	1
78	112	9
79	112	9
80	112	9
0	113	9
1	113	6
2	113	2
3	113	9
5	113	5
6	113	5
7	113	2
8	113	4
9	113	2
10	113	4
11	113	2
12	113	6
13	113	10
14	113	10
15	113	1
16	113	6
17	113	1
18	113	8
19	113	5
20	113	8
21	113	4
23	113	9
24	113	10
25	113	8
26	113	8
27	113	3
28	113	9
29	113	10
30	113	9
31	113	10
32	113	9
33	113	1
34	113	7
35	113	5
36	113	6
37	113	2
38	113	5
39	113	3
40	113	10
41	113	9
42	113	10
43	113	6
44	113	3
45	113	9
46	113	2
47	113	7
48	113	5
49	113	4
50	113	6
51	113	10
52	113	9
53	113	10
54	113	2
55	113	4
56	113	2
57	113	7
58	113	3
59	113	9
60	113	5
61	113	5
62	113	8
63	113	5
64	113	8
66	113	6
67	113	8
68	113	1
69	113	5
70	113	6
71	113	1
72	113	7
73	113	2
74	113	4
75	113	2
76	113	10
77	113	5
78	113	2
