p 257 h 129 constraints 17012
0 0 1 0
1 0 1 1
2 0 1 2
3 0 1 3
4 0 1 4
5 0 1 5
6 0 1 6
7 0 1 7
8 0 1 8
9 0 1 9
10 0 1 10
11 0 1 11
12 0 1 12
13 0 1 13
14 0 1 14
15 0 1 15
16 0 1 16
17 0 1 17
18 0 1 18
19 0 1 19
20 0 1 20
21 0 1 21
22 0 1 22
23 0 1 23
24 0 1 24
25 0 1 25
26 0 1 26
27 0 1 27
28 0 1 28
29 0 1 29
30 0 1 30
31 0 1 31
32 0 1 32
33 0 1 33
34 0 1 34
35 0 1 35
36 0 1 36
37 0 1 37
38 0 1 38
39 0 1 39
40 0 1 40
41 0 1 41
42 0 1 42
43 0 1 43
44 0 1 44
45 0 1 45
46 0 1 46
47 0 1 47
48 0 1 48
49 0 1 49
50 0 1 50
51 0 1 51
52 0 1 52
53 0 1 53
54 0 1 54
55 0 1 55
56 0 1 56
57 0 1 57
58 0 1 58
59 0 1 59
60 0 1 60
61 0 1 61
62 0 1 62
63 0 1 63
64 0 1 64
65 1 1 2
66 1 1 3
67 1 1 4
68 1 1 5
69 1 1 6
70 1 1 7
71 1 1 8
72 1 1 9
73 1 1 10
74 1 1 11
75 1 1 12
76 1 1 13
77 1 1 14
78 1 1 15
79 1 1 16
80 1 1 17
81 1 1 18
82 1 1 19
83 1 1 20
84 1 1 21
85 1 1 22
86 1 1 23
87 1 1 24
88 1 1 25
89 1 1 26
90 1 1 27
91 1 1 28
92 1 1 29
93 1 1 30
94 1 1 31
95 1 1 32
96 1 1 33
97 1 1 34
98 1 1 35
99 1 1 36
100 1 1 37
101 1 1 38
102 1 1 39
103 1 1 40
104 1 1 41
105 1 1 42
106 1 1 43
107 1 1 44
108 1 1 45
109 1 1 46
110 1 1 47
111 1 1 48
112 1 1 49
113 1 1 50
114 1 1 51
115 1 1 52
116 1 1 53
117 1 1 54
118 1 1 55
119 1 1 56
120 1 1 57
121 1 1 58
122 1 1 59
123 1 1 60
124 1 1 61
125 1 1 62
126 1 1 63
127 1 1 64
128 1 1 65
129 2 1 4
130 2 1 5
131 2 1 6
132 2 1 7
133 2 1 8
134 2 1 9
135 2 1 10
136 2 1 11
137 2 1 12
138 2 1 13
139 2 1 14
140 2 1 15
141 2 1 16
142 2 1 17
143 2 1 18
144 2 1 19
145 2 1 20
146 2 1 21
147 2 1 22
148 2 1 23
149 2 1 24
150 2 1 25
151 2 1 26
152 2 1 27
153 2 1 28
154 2 1 29
155 2 1 30
156 2 1 31
157 2 1 32
158 2 1 33
159 2 1 34
160 2 1 35
161 2 1 36
162 2 1 37
163 2 1 38
164 2 1 39
165 2 1 40
166 2 1 41
167 2 1 42
168 2 1 43
169 2 1 44
170 2 1 45
171 2 1 46
172 2 1 47
173 2 1 48
174 2 1 49
175 2 1 50
176 2 1 51
177 2 1 52
178 2 1 53
179 2 1 54
180 2 1 55
181 2 1 56
182 2 1 57
183 2 1 58
184 2 1 59
185 2 1 60
186 2 1 61
187 2 1 62
188 2 1 63
189 2 1 64
190 2 1 65
191 2 1 66
192 3 1 6
193 3 1 7
194 3 1 8
195 3 1 9
196 3 1 10
197 3 1 11
198 3 1 12
199 3 1 13
200 3 1 14
201 3 1 15
202 3 1 16
203 3 1 17
204 3 1 18
205 3 1 19
206 3 1 20
207 3 1 21
208 3 1 22
209 3 1 23
210 3 1 24
211 3 1 25
212 3 1 26
213 3 1 27
214 3 1 28
215 3 1 29
216 3 1 30
217 3 1 31
218 3 1 32
219 3 1 33
220 3 1 34
221 3 1 35
222 3 1 36
223 3 1 37
224 3 1 38
225 3 1 39
226 3 1 40
227 3 1 41
228 3 1 42
229 3 1 43
230 3 1 44
231 3 1 45
232 3 1 46
233 3 1 47
234 3 1 48
235 3 1 49
236 3 1 50
237 3 1 51
238 3 1 52
239 3 1 53
240 3 1 54
241 3 1 55
242 3 1 56
243 3 1 57
244 3 1 58
245 3 1 59
246 3 1 60
247 3 1 61
248 3 1 62
249 3 1 63
250 3 1 64
251 3 1 65
252 3 1 66
253 3 1 67
254 4 1 8
255 4 1 9
256 4 1 10
257 4 1 11
258 4 1 12
259 4 1 13
260 4 1 14
261 4 1 15
262 4 1 16
263 4 1 17
264 4 1 18
265 4 1 19
266 4 1 20
267 4 1 21
268 4 1 22
269 4 1 23
270 4 1 24
271 4 1 25
272 4 1 26
273 4 1 27
274 4 1 28
275 4 1 29
276 4 1 30
277 4 1 31
278 4 1 32
279 4 1 33
280 4 1 34
281 4 1 35
282 4 1 36
283 4 1 37
284 4 1 38
285 4 1 39
286 4 1 40
287 4 1 41
288 4 1 42
289 4 1 43
290 4 1 44
291 4 1 45
292 4 1 46
293 4 1 47
294 4 1 48
295 4 1 49
296 4 1 50
297 4 1 51
298 4 1 52
299 4 1 53
300 4 1 54
301 4 1 55
302 4 1 56
303 4 1 57
304 4 1 58
305 4 1 59
306 4 1 60
307 4 1 61
308 4 1 62
309 4 1 63
310 4 1 64
311 4 1 65
312 4 1 66
313 4 1 67
314 4 1 68
315 5 1 10
316 5 1 11
317 5 1 12
318 5 1 13
319 5 1 14
320 5 1 15
321 5 1 16
322 5 1 17
323 5 1 18
324 5 1 19
325 5 1 20
326 5 1 21
327 5 1 22
328 5 1 23
329 5 1 24
330 5 1 25
331 5 1 26
332 5 1 27
333 5 1 28
334 5 1 29
335 5 1 30
336 5 1 31
337 5 1 32
338 5 1 33
339 5 1 34
340 5 1 35
341 5 1 36
342 5 1 37
343 5 1 38
344 5 1 39
345 5 1 40
346 5 1 41
347 5 1 42
348 5 1 43
349 5 1 44
350 5 1 45
351 5 1 46
352 5 1 47
353 5 1 48
354 5 1 49
355 5 1 50
356 5 1 51
357 5 1 52
358 5 1 53
359 5 1 54
360 5 1 55
361 5 1 56
362 5 1 57
363 5 1 58
364 5 1 59
365 5 1 60
366 5 1 61
367 5 1 62
368 5 1 63
369 5 1 64
370 5 1 65
371 5 1 66
372 5 1 67
373 5 1 68
374 5 1 69
375 6 1 12
376 6 1 13
377 6 1 14
378 6 1 15
379 6 1 16
380 6 1 17
381 6 1 18
382 6 1 19
383 6 1 20
384 6 1 21
385 6 1 22
386 6 1 23
387 6 1 24
388 6 1 25
389 6 1 26
390 6 1 27
391 6 1 28
392 6 1 29
393 6 1 30
394 6 1 31
395 6 1 32
396 6 1 33
397 6 1 34
398 6 1 35
399 6 1 36
400 6 1 37
401 6 1 38
402 6 1 39
403 6 1 40
404 6 1 41
405 6 1 42
406 6 1 43
407 6 1 44
408 6 1 45
409 6 1 46
410 6 1 47
411 6 1 48
412 6 1 49
413 6 1 50
414 6 1 51
415 6 1 52
416 6 1 53
417 6 1 54
418 6 1 55
419 6 1 56
420 6 1 57
421 6 1 58
422 6 1 59
423 6 1 60
424 6 1 61
425 6 1 62
426 6 1 63
427 6 1 64
428 6 1 65
429 6 1 66
430 6 1 67
431 6 1 68
432 6 1 69
433 6 1 70
434 7 1 14
435 7 1 15
436 7 1 16
437 7 1 17
438 7 1 18
439 7 1 19
440 7 1 20
441 7 1 21
442 7 1 22
443 7 1 23
444 7 1 24
445 7 1 25
446 7 1 26
447 7 1 27
448 7 1 28
449 7 1 29
450 7 1 30
451 7 1 31
452 7 1 32
453 7 1 33
454 7 1 34
455 7 1 35
456 7 1 36
457 7 1 37
458 7 1 38
459 7 1 39
460 7 1 40
461 7 1 41
462 7 1 42
463 7 1 43
464 7 1 44
465 7 1 45
466 7 1 46
467 7 1 47
468 7 1 48
469 7 1 49
470 7 1 50
471 7 1 51
472 7 1 52
473 7 1 53
474 7 1 54
475 7 1 55
476 7 1 56
477 7 1 57
478 7 1 58
479 7 1 59
480 7 1 60
481 7 1 61
482 7 1 62
483 7 1 63
484 7 1 64
485 7 1 65
486 7 1 66
487 7 1 67
488 7 1 68
489 7 1 69
490 7 1 70
491 7 1 71
492 8 1 16
493 8 1 17
494 8 1 18
495 8 1 19
496 8 1 20
497 8 1 21
498 8 1 22
499 8 1 23
500 8 1 24
501 8 1 25
502 8 1 26
503 8 1 27
504 8 1 28
505 8 1 29
506 8 1 30
507 8 1 31
508 8 1 32
509 8 1 33
510 8 1 34
511 8 1 35
512 8 1 36
513 8 1 37
514 8 1 38
515 8 1 39
516 8 1 40
517 8 1 41
518 8 1 42
519 8 1 43
520 8 1 44
521 8 1 45
522 8 1 46
523 8 1 47
524 8 1 48
525 8 1 49
526 8 1 50
527 8 1 51
528 8 1 52
529 8 1 53
530 8 1 54
531 8 1 55
532 8 1 56
533 8 1 57
534 8 1 58
535 8 1 59
536 8 1 60
537 8 1 61
538 8 1 62
539 8 1 63
540 8 1 64
541 8 1 65
542 8 1 66
543 8 1 67
544 8 1 68
545 8 1 69
546 8 1 70
547 8 1 71
548 8 1 72
549 9 1 18
550 9 1 19
551 9 1 20
552 9 1 21
553 9 1 22
554 9 1 23
555 9 1 24
556 9 1 25
557 9 1 26
558 9 1 27
559 9 1 28
560 9 1 29
561 9 1 30
562 9 1 31
563 9 1 32
564 9 1 33
565 9 1 34
566 9 1 35
567 9 1 36
568 9 1 37
569 9 1 38
570 9 1 39
571 9 1 40
572 9 1 41
573 9 1 42
574 9 1 43
575 9 1 44
576 9 1 45
577 9 1 46
578 9 1 47
579 9 1 48
580 9 1 49
581 9 1 50
582 9 1 51
583 9 1 52
584 9 1 53
585 9 1 54
586 9 1 55
587 9 1 56
588 9 1 57
589 9 1 58
590 9 1 59
591 9 1 60
592 9 1 61
593 9 1 62
594 9 1 63
595 9 1 64
596 9 1 65
597 9 1 66
598 9 1 67
599 9 1 68
600 9 1 69
601 9 1 70
602 9 1 71
603 9 1 72
604 9 1 73
605 10 1 20
606 10 1 21
607 10 1 22
608 10 1 23
609 10 1 24
610 10 1 25
611 10 1 26
612 10 1 27
613 10 1 28
614 10 1 29
615 10 1 30
616 10 1 31
617 10 1 32
618 10 1 33
619 10 1 34
620 10 1 35
621 10 1 36
622 10 1 37
623 10 1 38
624 10 1 39
625 10 1 40
626 10 1 41
627 10 1 42
628 10 1 43
629 10 1 44
630 10 1 45
631 10 1 46
632 10 1 47
633 10 1 48
634 10 1 49
635 10 1 50
636 10 1 51
637 10 1 52
638 10 1 53
639 10 1 54
640 10 1 55
641 10 1 56
642 10 1 57
643 10 1 58
644 10 1 59
645 10 1 60
646 10 1 61
647 10 1 62
648 10 1 63
649 10 1 64
650 10 1 65
651 10 1 66
652 10 1 67
653 10 1 68
654 10 1 69
655 10 1 70
656 10 1 71
657 10 1 72
658 10 1 73
659 10 1 74
660 11 1 22
661 11 1 23
662 11 1 24
663 11 1 25
664 11 1 26
665 11 1 27
666 11 1 28
667 11 1 29
668 11 1 30
669 11 1 31
670 11 1 32
671 11 1 33
672 11 1 34
673 11 1 35
674 11 1 36
675 11 1 37
676 11 1 38
677 11 1 39
678 11 1 40
679 11 1 41
680 11 1 42
681 11 1 43
682 11 1 44
683 11 1 45
684 11 1 46
685 11 1 47
686 11 1 48
687 11 1 49
688 11 1 50
689 11 1 51
690 11 1 52
691 11 1 53
692 11 1 54
693 11 1 55
694 11 1 56
695 11 1 57
696 11 1 58
697 11 1 59
698 11 1 60
699 11 1 61
700 11 1 62
701 11 1 63
702 11 1 64
703 11 1 65
704 11 1 66
705 11 1 67
706 11 1 68
707 11 1 69
708 11 1 70
709 11 1 71
710 11 1 72
711 11 1 73
712 11 1 74
713 11 1 75
714 12 1 24
715 12 1 25
716 12 1 26
717 12 1 27
718 12 1 28
719 12 1 29
720 12 1 30
721 12 1 31
722 12 1 32
723 12 1 33
724 12 1 34
725 12 1 35
726 12 1 36
727 12 1 37
728 12 1 38
729 12 1 39
730 12 1 40
731 12 1 41
732 12 1 42
733 12 1 43
734 12 1 44
735 12 1 45
736 12 1 46
737 12 1 47
738 12 1 48
739 12 1 49
740 12 1 50
741 12 1 51
742 12 1 52
743 12 1 53
744 12 1 54
745 12 1 55
746 12 1 56
747 12 1 57
748 12 1 58
749 12 1 59
750 12 1 60
751 12 1 61
752 12 1 62
753 12 1 63
754 12 1 64
755 12 1 65
756 12 1 66
757 12 1 67
758 12 1 68
759 12 1 69
760 12 1 70
761 12 1 71
762 12 1 72
763 12 1 73
764 12 1 74
765 12 1 75
766 12 1 76
767 13 1 26
768 13 1 27
769 13 1 28
770 13 1 29
771 13 1 30
772 13 1 31
773 13 1 32
774 13 1 33
775 13 1 34
776 13 1 35
777 13 1 36
778 13 1 37
779 13 1 38
780 13 1 39
781 13 1 40
782 13 1 41
783 13 1 42
784 13 1 43
785 13 1 44
786 13 1 45
787 13 1 46
788 13 1 47
789 13 1 48
790 13 1 49
791 13 1 50
792 13 1 51
793 13 1 52
794 13 1 53
795 13 1 54
796 13 1 55
797 13 1 56
798 13 1 57
799 13 1 58
800 13 1 59
801 13 1 60
802 13 1 61
803 13 1 62
804 13 1 63
805 13 1 64
806 13 1 65
807 13 1 66
808 13 1 67
809 13 1 68
810 13 1 69
811 13 1 70
812 13 1 71
813 13 1 72
814 13 1 73
815 13 1 74
816 13 1 75
817 13 1 76
818 13 1 77
819 14 1 28
820 14 1 29
821 14 1 30
822 14 1 31
823 14 1 32
824 14 1 33
825 14 1 34
826 14 1 35
827 14 1 36
828 14 1 37
829 14 1 38
830 14 1 39
831 14 1 40
832 14 1 41
833 14 1 42
834 14 1 43
835 14 1 44
836 14 1 45
837 14 1 46
838 14 1 47
839 14 1 48
840 14 1 49
841 14 1 50
842 14 1 51
843 14 1 52
844 14 1 53
845 14 1 54
846 14 1 55
847 14 1 56
848 14 1 57
849 14 1 58
850 14 1 59
851 14 1 60
852 14 1 61
853 14 1 62
854 14 1 63
855 14 1 64
856 14 1 65
857 14 1 66
858 14 1 67
859 14 1 68
860 14 1 69
861 14 1 70
862 14 1 71
863 14 1 72
864 14 1 73
865 14 1 74
866 14 1 75
867 14 1 76
868 14 1 77
869 14 1 78
870 15 1 30
871 15 1 31
872 15 1 32
873 15 1 33
874 15 1 34
875 15 1 35
876 15 1 36
877 15 1 37
878 15 1 38
879 15 1 39
880 15 1 40
881 15 1 41
882 15 1 42
883 15 1 43
884 15 1 44
885 15 1 45
886 15 1 46
887 15 1 47
888 15 1 48
889 15 1 49
890 15 1 50
891 15 1 51
892 15 1 52
893 15 1 53
894 15 1 54
895 15 1 55
896 15 1 56
897 15 1 57
898 15 1 58
899 15 1 59
900 15 1 60
901 15 1 61
902 15 1 62
903 15 1 63
904 15 1 64
905 15 1 65
906 15 1 66
907 15 1 67
908 15 1 68
909 15 1 69
910 15 1 70
911 15 1 71
912 15 1 72
913 15 1 73
914 15 1 74
915 15 1 75
916 15 1 76
917 15 1 77
918 15 1 78
919 15 1 79
920 16 1 32
921 16 1 33
922 16 1 34
923 16 1 35
924 16 1 36
925 16 1 37
926 16 1 38
927 16 1 39
928 16 1 40
929 16 1 41
930 16 1 42
931 16 1 43
932 16 1 44
933 16 1 45
934 16 1 46
935 16 1 47
936 16 1 48
937 16 1 49
938 16 1 50
939 16 1 51
940 16 1 52
941 16 1 53
942 16 1 54
943 16 1 55
944 16 1 56
945 16 1 57
946 16 1 58
947 16 1 59
948 16 1 60
949 16 1 61
950 16 1 62
951 16 1 63
952 16 1 64
953 16 1 65
954 16 1 66
955 16 1 67
956 16 1 68
957 16 1 69
958 16 1 70
959 16 1 71
960 16 1 72
961 16 1 73
962 16 1 74
963 16 1 75
964 16 1 76
965 16 1 77
966 16 1 78
967 16 1 79
968 16 1 80
969 17 1 34
970 17 1 35
971 17 1 36
972 17 1 37
973 17 1 38
974 17 1 39
975 17 1 40
976 17 1 41
977 17 1 42
978 17 1 43
979 17 1 44
980 17 1 45
981 17 1 46
982 17 1 47
983 17 1 48
984 17 1 49
985 17 1 50
986 17 1 51
987 17 1 52
988 17 1 53
989 17 1 54
990 17 1 55
991 17 1 56
992 17 1 57
993 17 1 58
994 17 1 59
995 17 1 60
996 17 1 61
997 17 1 62
998 17 1 63
999 17 1 64
1000 17 1 65
1001 17 1 66
1002 17 1 67
1003 17 1 68
1004 17 1 69
1005 17 1 70
1006 17 1 71
1007 17 1 72
1008 17 1 73
1009 17 1 74
1010 17 1 75
1011 17 1 76
1012 17 1 77
1013 17 1 78
1014 17 1 79
1015 17 1 80
1016 17 1 81
1017 18 1 36
1018 18 1 37
1019 18 1 38
1020 18 1 39
1021 18 1 40
1022 18 1 41
1023 18 1 42
1024 18 1 43
1025 18 1 44
1026 18 1 45
1027 18 1 46
1028 18 1 47
1029 18 1 48
1030 18 1 49
1031 18 1 50
1032 18 1 51
1033 18 1 52
1034 18 1 53
1035 18 1 54
1036 18 1 55
1037 18 1 56
1038 18 1 57
1039 18 1 58
1040 18 1 59
1041 18 1 60
1042 18 1 61
1043 18 1 62
1044 18 1 63
1045 18 1 64
1046 18 1 65
1047 18 1 66
1048 18 1 67
1049 18 1 68
1050 18 1 69
1051 18 1 70
1052 18 1 71
1053 18 1 72
1054 18 1 73
1055 18 1 74
1056 18 1 75
1057 18 1 76
1058 18 1 77
1059 18 1 78
1060 18 1 79
1061 18 1 80
1062 18 1 81
1063 18 1 82
1064 19 1 38
1065 19 1 39
1066 19 1 40
1067 19 1 41
1068 19 1 42
1069 19 1 43
1070 19 1 44
1071 19 1 45
1072 19 1 46
1073 19 1 47
1074 19 1 48
1075 19 1 49
1076 19 1 50
1077 19 1 51
1078 19 1 52
1079 19 1 53
1080 19 1 54
1081 19 1 55
1082 19 1 56
1083 19 1 57
1084 19 1 58
1085 19 1 59
1086 19 1 60
1087 19 1 61
1088 19 1 62
1089 19 1 63
1090 19 1 64
1091 19 1 65
1092 19 1 66
1093 19 1 67
1094 19 1 68
1095 19 1 69
1096 19 1 70
1097 19 1 71
1098 19 1 72
1099 19 1 73
1100 19 1 74
1101 19 1 75
1102 19 1 76
1103 19 1 77
1104 19 1 78
1105 19 1 79
1106 19 1 80
1107 19 1 81
1108 19 1 82
1109 19 1 83
1110 20 1 40
1111 20 1 41
1112 20 1 42
1113 20 1 43
1114 20 1 44
1115 20 1 45
1116 20 1 46
1117 20 1 47
1118 20 1 48
1119 20 1 49
1120 20 1 50
1121 20 1 51
1122 20 1 52
1123 20 1 53
1124 20 1 54
1125 20 1 55
1126 20 1 56
1127 20 1 57
1128 20 1 58
1129 20 1 59
1130 20 1 60
1131 20 1 61
1132 20 1 62
1133 20 1 63
1134 20 1 64
1135 20 1 65
1136 20 1 66
1137 20 1 67
1138 20 1 68
1139 20 1 69
1140 20 1 70
1141 20 1 71
1142 20 1 72
1143 20 1 73
1144 20 1 74
1145 20 1 75
1146 20 1 76
1147 20 1 77
1148 20 1 78
1149 20 1 79
1150 20 1 80
1151 20 1 81
1152 20 1 82
1153 20 1 83
1154 20 1 84
1155 21 1 42
1156 21 1 43
1157 21 1 44
1158 21 1 45
1159 21 1 46
1160 21 1 47
1161 21 1 48
1162 21 1 49
1163 21 1 50
1164 21 1 51
1165 21 1 52
1166 21 1 53
1167 21 1 54
1168 21 1 55
1169 21 1 56
1170 21 1 57
1171 21 1 58
1172 21 1 59
1173 21 1 60
1174 21 1 61
1175 21 1 62
1176 21 1 63
1177 21 1 64
1178 21 1 65
1179 21 1 66
1180 21 1 67
1181 21 1 68
1182 21 1 69
1183 21 1 70
1184 21 1 71
1185 21 1 72
1186 21 1 73
1187 21 1 74
1188 21 1 75
1189 21 1 76
1190 21 1 77
1191 21 1 78
1192 21 1 79
1193 21 1 80
1194 21 1 81
1195 21 1 82
1196 21 1 83
1197 21 1 84
1198 21 1 85
1199 22 1 44
1200 22 1 45
1201 22 1 46
1202 22 1 47
1203 22 1 48
1204 22 1 49
1205 22 1 50
1206 22 1 51
1207 22 1 52
1208 22 1 53
1209 22 1 54
1210 22 1 55
1211 22 1 56
1212 22 1 57
1213 22 1 58
1214 22 1 59
1215 22 1 60
1216 22 1 61
1217 22 1 62
1218 22 1 63
1219 22 1 64
1220 22 1 65
1221 22 1 66
1222 22 1 67
1223 22 1 68
1224 22 1 69
1225 22 1 70
1226 22 1 71
1227 22 1 72
1228 22 1 73
1229 22 1 74
1230 22 1 75
1231 22 1 76
1232 22 1 77
1233 22 1 78
1234 22 1 79
1235 22 1 80
1236 22 1 81
1237 22 1 82
1238 22 1 83
1239 22 1 84
1240 22 1 85
1241 22 1 86
1242 23 1 46
1243 23 1 47
1244 23 1 48
1245 23 1 49
1246 23 1 50
1247 23 1 51
1248 23 1 52
1249 23 1 53
1250 23 1 54
1251 23 1 55
1252 23 1 56
1253 23 1 57
1254 23 1 58
1255 23 1 59
1256 23 1 60
1257 23 1 61
1258 23 1 62
1259 23 1 63
1260 23 1 64
1261 23 1 65
1262 23 1 66
1263 23 1 67
1264 23 1 68
1265 23 1 69
1266 23 1 70
1267 23 1 71
1268 23 1 72
1269 23 1 73
1270 23 1 74
1271 23 1 75
1272 23 1 76
1273 23 1 77
1274 23 1 78
1275 23 1 79
1276 23 1 80
1277 23 1 81
1278 23 1 82
1279 23 1 83
1280 23 1 84
1281 23 1 85
1282 23 1 86
1283 23 1 87
1284 24 1 48
1285 24 1 49
1286 24 1 50
1287 24 1 51
1288 24 1 52
1289 24 1 53
1290 24 1 54
1291 24 1 55
1292 24 1 56
1293 24 1 57
1294 24 1 58
1295 24 1 59
1296 24 1 60
1297 24 1 61
1298 24 1 62
1299 24 1 63
1300 24 1 64
1301 24 1 65
1302 24 1 66
1303 24 1 67
1304 24 1 68
1305 24 1 69
1306 24 1 70
1307 24 1 71
1308 24 1 72
1309 24 1 73
1310 24 1 74
1311 24 1 75
1312 24 1 76
1313 24 1 77
1314 24 1 78
1315 24 1 79
1316 24 1 80
1317 24 1 81
1318 24 1 82
1319 24 1 83
1320 24 1 84
1321 24 1 85
1322 24 1 86
1323 24 1 87
1324 24 1 88
1325 25 1 50
1326 25 1 51
1327 25 1 52
1328 25 1 53
1329 25 1 54
1330 25 1 55
1331 25 1 56
1332 25 1 57
1333 25 1 58
1334 25 1 59
1335 25 1 60
1336 25 1 61
1337 25 1 62
1338 25 1 63
1339 25 1 64
1340 25 1 65
1341 25 1 66
1342 25 1 67
1343 25 1 68
1344 25 1 69
1345 25 1 70
1346 25 1 71
1347 25 1 72
1348 25 1 73
1349 25 1 74
1350 25 1 75
1351 25 1 76
1352 25 1 77
1353 25 1 78
1354 25 1 79
1355 25 1 80
1356 25 1 81
1357 25 1 82
1358 25 1 83
1359 25 1 84
1360 25 1 85
1361 25 1 86
1362 25 1 87
1363 25 1 88
1364 25 1 89
1365 26 1 52
1366 26 1 53
1367 26 1 54
1368 26 1 55
1369 26 1 56
1370 26 1 57
1371 26 1 58
1372 26 1 59
1373 26 1 60
1374 26 1 61
1375 26 1 62
1376 26 1 63
1377 26 1 64
1378 26 1 65
1379 26 1 66
1380 26 1 67
1381 26 1 68
1382 26 1 69
1383 26 1 70
1384 26 1 71
1385 26 1 72
1386 26 1 73
1387 26 1 74
1388 26 1 75
1389 26 1 76
1390 26 1 77
1391 26 1 78
1392 26 1 79
1393 26 1 80
1394 26 1 81
1395 26 1 82
1396 26 1 83
1397 26 1 84
1398 26 1 85
1399 26 1 86
1400 26 1 87
1401 26 1 88
1402 26 1 89
1403 26 1 90
1404 27 1 54
1405 27 1 55
1406 27 1 56
1407 27 1 57
1408 27 1 58
1409 27 1 59
1410 27 1 60
1411 27 1 61
1412 27 1 62
1413 27 1 63
1414 27 1 64
1415 27 1 65
1416 27 1 66
1417 27 1 67
1418 27 1 68
1419 27 1 69
1420 27 1 70
1421 27 1 71
1422 27 1 72
1423 27 1 73
1424 27 1 74
1425 27 1 75
1426 27 1 76
1427 27 1 77
1428 27 1 78
1429 27 1 79
1430 27 1 80
1431 27 1 81
1432 27 1 82
1433 27 1 83
1434 27 1 84
1435 27 1 85
1436 27 1 86
1437 27 1 87
1438 27 1 88
1439 27 1 89
1440 27 1 90
1441 27 1 91
1442 28 1 56
1443 28 1 57
1444 28 1 58
1445 28 1 59
1446 28 1 60
1447 28 1 61
1448 28 1 62
1449 28 1 63
1450 28 1 64
1451 28 1 65
1452 28 1 66
1453 28 1 67
1454 28 1 68
1455 28 1 69
1456 28 1 70
1457 28 1 71
1458 28 1 72
1459 28 1 73
1460 28 1 74
1461 28 1 75
1462 28 1 76
1463 28 1 77
1464 28 1 78
1465 28 1 79
1466 28 1 80
1467 28 1 81
1468 28 1 82
1469 28 1 83
1470 28 1 84
1471 28 1 85
1472 28 1 86
1473 28 1 87
1474 28 1 88
1475 28 1 89
1476 28 1 90
1477 28 1 91
1478 28 1 92
1479 29 1 58
1480 29 1 59
1481 29 1 60
1482 29 1 61
1483 29 1 62
1484 29 1 63
1485 29 1 64
1486 29 1 65
1487 29 1 66
1488 29 1 67
1489 29 1 68
1490 29 1 69
1491 29 1 70
1492 29 1 71
1493 29 1 72
1494 29 1 73
1495 29 1 74
1496 29 1 75
1497 29 1 76
1498 29 1 77
1499 29 1 78
1500 29 1 79
1501 29 1 80
1502 29 1 81
1503 29 1 82
1504 29 1 83
1505 29 1 84
1506 29 1 85
1507 29 1 86
1508 29 1 87
1509 29 1 88
1510 29 1 89
1511 29 1 90
1512 29 1 91
1513 29 1 92
1514 29 1 93
1515 30 1 60
1516 30 1 61
1517 30 1 62
1518 30 1 63
1519 30 1 64
1520 30 1 65
1521 30 1 66
1522 30 1 67
1523 30 1 68
1524 30 1 69
1525 30 1 70
1526 30 1 71
1527 30 1 72
1528 30 1 73
1529 30 1 74
1530 30 1 75
1531 30 1 76
1532 30 1 77
1533 30 1 78
1534 30 1 79
1535 30 1 80
1536 30 1 81
1537 30 1 82
1538 30 1 83
1539 30 1 84
1540 30 1 85
1541 30 1 86
1542 30 1 87
1543 30 1 88
1544 30 1 89
1545 30 1 90
1546 30 1 91
1547 30 1 92
1548 30 1 93
1549 30 1 94
1550 31 1 62
1551 31 1 63
1552 31 1 64
1553 31 1 65
1554 31 1 66
1555 31 1 67
1556 31 1 68
1557 31 1 69
1558 31 1 70
1559 31 1 71
1560 31 1 72
1561 31 1 73
1562 31 1 74
1563 31 1 75
1564 31 1 76
1565 31 1 77
1566 31 1 78
1567 31 1 79
1568 31 1 80
1569 31 1 81
1570 31 1 82
1571 31 1 83
1572 31 1 84
1573 31 1 85
1574 31 1 86
1575 31 1 87
1576 31 1 88
1577 31 1 89
1578 31 1 90
1579 31 1 91
1580 31 1 92
1581 31 1 93
1582 31 1 94
1583 31 1 95
1584 32 1 64
1585 32 1 65
1586 32 1 66
1587 32 1 67
1588 32 1 68
1589 32 1 69
1590 32 1 70
1591 32 1 71
1592 32 1 72
1593 32 1 73
1594 32 1 74
1595 32 1 75
1596 32 1 76
1597 32 1 77
1598 32 1 78
1599 32 1 79
1600 32 1 80
1601 32 1 81
1602 32 1 82
1603 32 1 83
1604 32 1 84
1605 32 1 85
1606 32 1 86
1607 32 1 87
1608 32 1 88
1609 32 1 89
1610 32 1 90
1611 32 1 91
1612 32 1 92
1613 32 1 93
1614 32 1 94
1615 32 1 95
1616 32 1 96
1617 33 1 66
1618 33 1 67
1619 33 1 68
1620 33 1 69
1621 33 1 70
1622 33 1 71
1623 33 1 72
1624 33 1 73
1625 33 1 74
1626 33 1 75
1627 33 1 76
1628 33 1 77
1629 33 1 78
1630 33 1 79
1631 33 1 80
1632 33 1 81
1633 33 1 82
1634 33 1 83
1635 33 1 84
1636 33 1 85
1637 33 1 86
1638 33 1 87
1639 33 1 88
1640 33 1 89
1641 33 1 90
1642 33 1 91
1643 33 1 92
1644 33 1 93
1645 33 1 94
1646 33 1 95
1647 33 1 96
1648 33 1 97
1649 34 1 68
1650 34 1 69
1651 34 1 70
1652 34 1 71
1653 34 1 72
1654 34 1 73
1655 34 1 74
1656 34 1 75
1657 34 1 76
1658 34 1 77
1659 34 1 78
1660 34 1 79
1661 34 1 80
1662 34 1 81
1663 34 1 82
1664 34 1 83
1665 34 1 84
1666 34 1 85
1667 34 1 86
1668 34 1 87
1669 34 1 88
1670 34 1 89
1671 34 1 90
1672 34 1 91
1673 34 1 92
1674 34 1 93
1675 34 1 94
1676 34 1 95
1677 34 1 96
1678 34 1 97
1679 34 1 98
1680 35 1 70
1681 35 1 71
1682 35 1 72
1683 35 1 73
1684 35 1 74
1685 35 1 75
1686 35 1 76
1687 35 1 77
1688 35 1 78
1689 35 1 79
1690 35 1 80
1691 35 1 81
1692 35 1 82
1693 35 1 83
1694 35 1 84
1695 35 1 85
1696 35 1 86
1697 35 1 87
1698 35 1 88
1699 35 1 89
1700 35 1 90
1701 35 1 91
1702 35 1 92
1703 35 1 93
1704 35 1 94
1705 35 1 95
1706 35 1 96
1707 35 1 97
1708 35 1 98
1709 35 1 99
1710 36 1 72
1711 36 1 73
1712 36 1 74
1713 36 1 75
1714 36 1 76
1715 36 1 77
1716 36 1 78
1717 36 1 79
1718 36 1 80
1719 36 1 81
1720 36 1 82
1721 36 1 83
1722 36 1 84
1723 36 1 85
1724 36 1 86
1725 36 1 87
1726 36 1 88
1727 36 1 89
1728 36 1 90
1729 36 1 91
1730 36 1 92
1731 36 1 93
1732 36 1 94
1733 36 1 95
1734 36 1 96
1735 36 1 97
1736 36 1 98
1737 36 1 99
1738 36 1 100
1739 37 1 74
1740 37 1 75
1741 37 1 76
1742 37 1 77
1743 37 1 78
1744 37 1 79
1745 37 1 80
1746 37 1 81
1747 37 1 82
1748 37 1 83
1749 37 1 84
1750 37 1 85
1751 37 1 86
1752 37 1 87
1753 37 1 88
1754 37 1 89
1755 37 1 90
1756 37 1 91
1757 37 1 92
1758 37 1 93
1759 37 1 94
1760 37 1 95
1761 37 1 96
1762 37 1 97
1763 37 1 98
1764 37 1 99
1765 37 1 100
1766 37 1 101
1767 38 1 76
1768 38 1 77
1769 38 1 78
1770 38 1 79
1771 38 1 80
1772 38 1 81
1773 38 1 82
1774 38 1 83
1775 38 1 84
1776 38 1 85
1777 38 1 86
1778 38 1 87
1779 38 1 88
1780 38 1 89
1781 38 1 90
1782 38 1 91
1783 38 1 92
1784 38 1 93
1785 38 1 94
1786 38 1 95
1787 38 1 96
1788 38 1 97
1789 38 1 98
1790 38 1 99
1791 38 1 100
1792 38 1 101
1793 38 1 102
1794 39 1 78
1795 39 1 79
1796 39 1 80
1797 39 1 81
1798 39 1 82
1799 39 1 83
1800 39 1 84
1801 39 1 85
1802 39 1 86
1803 39 1 87
1804 39 1 88
1805 39 1 89
1806 39 1 90
1807 39 1 91
1808 39 1 92
1809 39 1 93
1810 39 1 94
1811 39 1 95
1812 39 1 96
1813 39 1 97
1814 39 1 98
1815 39 1 99
1816 39 1 100
1817 39 1 101
1818 39 1 102
1819 39 1 103
1820 40 1 80
1821 40 1 81
1822 40 1 82
1823 40 1 83
1824 40 1 84
1825 40 1 85
1826 40 1 86
1827 40 1 87
1828 40 1 88
1829 40 1 89
1830 40 1 90
1831 40 1 91
1832 40 1 92
1833 40 1 93
1834 40 1 94
1835 40 1 95
1836 40 1 96
1837 40 1 97
1838 40 1 98
1839 40 1 99
1840 40 1 100
1841 40 1 101
1842 40 1 102
1843 40 1 103
1844 40 1 104
1845 41 1 82
1846 41 1 83
1847 41 1 84
1848 41 1 85
1849 41 1 86
1850 41 1 87
1851 41 1 88
1852 41 1 89
1853 41 1 90
1854 41 1 91
1855 41 1 92
1856 41 1 93
1857 41 1 94
1858 41 1 95
1859 41 1 96
1860 41 1 97
1861 41 1 98
1862 41 1 99
1863 41 1 100
1864 41 1 101
1865 41 1 102
1866 41 1 103
1867 41 1 104
1868 41 1 105
1869 42 1 84
1870 42 1 85
1871 42 1 86
1872 42 1 87
1873 42 1 88
1874 42 1 89
1875 42 1 90
1876 42 1 91
1877 42 1 92
1878 42 1 93
1879 42 1 94
1880 42 1 95
1881 42 1 96
1882 42 1 97
1883 42 1 98
1884 42 1 99
1885 42 1 100
1886 42 1 101
1887 42 1 102
1888 42 1 103
1889 42 1 104
1890 42 1 105
1891 42 1 106
1892 43 1 86
1893 43 1 87
1894 43 1 88
1895 43 1 89
1896 43 1 90
1897 43 1 91
1898 43 1 92
1899 43 1 93
1900 43 1 94
1901 43 1 95
1902 43 1 96
1903 43 1 97
1904 43 1 98
1905 43 1 99
1906 43 1 100
1907 43 1 101
1908 43 1 102
1909 43 1 103
1910 43 1 104
1911 43 1 105
1912 43 1 106
1913 43 1 107
1914 44 1 88
1915 44 1 89
1916 44 1 90
1917 44 1 91
1918 44 1 92
1919 44 1 93
1920 44 1 94
1921 44 1 95
1922 44 1 96
1923 44 1 97
1924 44 1 98
1925 44 1 99
1926 44 1 100
1927 44 1 101
1928 44 1 102
1929 44 1 103
1930 44 1 104
1931 44 1 105
1932 44 1 106
1933 44 1 107
1934 44 1 108
1935 45 1 90
1936 45 1 91
1937 45 1 92
1938 45 1 93
1939 45 1 94
1940 45 1 95
1941 45 1 96
1942 45 1 97
1943 45 1 98
1944 45 1 99
1945 45 1 100
1946 45 1 101
1947 45 1 102
1948 45 1 103
1949 45 1 104
1950 45 1 105
1951 45 1 106
1952 45 1 107
1953 45 1 108
1954 45 1 109
1955 46 1 92
1956 46 1 93
1957 46 1 94
1958 46 1 95
1959 46 1 96
1960 46 1 97
1961 46 1 98
1962 46 1 99
1963 46 1 100
1964 46 1 101
1965 46 1 102
1966 46 1 103
1967 46 1 104
1968 46 1 105
1969 46 1 106
1970 46 1 107
1971 46 1 108
1972 46 1 109
1973 46 1 110
1974 47 1 94
1975 47 1 95
1976 47 1 96
1977 47 1 97
1978 47 1 98
1979 47 1 99
1980 47 1 100
1981 47 1 101
1982 47 1 102
1983 47 1 103
1984 47 1 104
1985 47 1 105
1986 47 1 106
1987 47 1 107
1988 47 1 108
1989 47 1 109
1990 47 1 110
1991 47 1 111
1992 48 1 96
1993 48 1 97
1994 48 1 98
1995 48 1 99
1996 48 1 100
1997 48 1 101
1998 48 1 102
1999 48 1 103
2000 48 1 104
2001 48 1 105
2002 48 1 106
2003 48 1 107
2004 48 1 108
2005 48 1 109
2006 48 1 110
2007 48 1 111
2008 48 1 112
2009 49 1 98
2010 49 1 99
2011 49 1 100
2012 49 1 101
2013 49 1 102
2014 49 1 103
2015 49 1 104
2016 49 1 105
2017 49 1 106
2018 49 1 107
2019 49 1 108
2020 49 1 109
2021 49 1 110
2022 49 1 111
2023 49 1 112
2024 49 1 113
2025 50 1 100
2026 50 1 101
2027 50 1 102
2028 50 1 103
2029 50 1 104
2030 50 1 105
2031 50 1 106
2032 50 1 107
2033 50 1 108
2034 50 1 109
2035 50 1 110
2036 50 1 111
2037 50 1 112
2038 50 1 113
2039 50 1 114
2040 51 1 102
2041 51 1 103
2042 51 1 104
2043 51 1 105
2044 51 1 106
2045 51 1 107
2046 51 1 108
2047 51 1 109
2048 51 1 110
2049 51 1 111
2050 51 1 112
2051 51 1 113
2052 51 1 114
2053 51 1 115
2054 52 1 104
2055 52 1 105
2056 52 1 106
2057 52 1 107
2058 52 1 108
2059 52 1 109
2060 52 1 110
2061 52 1 111
2062 52 1 112
2063 52 1 113
2064 52 1 114
2065 52 1 115
2066 52 1 116
2067 53 1 106
2068 53 1 107
2069 53 1 108
2070 53 1 109
2071 53 1 110
2072 53 1 111
2073 53 1 112
2074 53 1 113
2075 53 1 114
2076 53 1 115
2077 53 1 116
2078 53 1 117
2079 54 1 108
2080 54 1 109
2081 54 1 110
2082 54 1 111
2083 54 1 112
2084 54 1 113
2085 54 1 114
2086 54 1 115
2087 54 1 116
2088 54 1 117
2089 54 1 118
2090 55 1 110
2091 55 1 111
2092 55 1 112
2093 55 1 113
2094 55 1 114
2095 55 1 115
2096 55 1 116
2097 55 1 117
2098 55 1 118
2099 55 1 119
2100 56 1 112
2101 56 1 113
2102 56 1 114
2103 56 1 115
2104 56 1 116
2105 56 1 117
2106 56 1 118
2107 56 1 119
2108 56 1 120
2109 57 1 114
2110 57 1 115
2111 57 1 116
2112 57 1 117
2113 57 1 118
2114 57 1 119
2115 57 1 120
2116 57 1 121
2117 58 1 116
2118 58 1 117
2119 58 1 118
2120 58 1 119
2121 58 1 120
2122 58 1 121
2123 58 1 122
2124 59 1 118
2125 59 1 119
2126 59 1 120
2127 59 1 121
2128 59 1 122
2129 59 1 123
2130 60 1 120
2131 60 1 121
2132 60 1 122
2133 60 1 123
2134 60 1 124
2135 61 1 122
2136 61 1 123
2137 61 1 124
2138 61 1 125
2139 62 1 124
2140 62 1 125
2141 62 1 126
2142 63 1 126
2143 63 1 127
2144 64 1 128
2145 65 2 130
2146 64 1 129
2147 63 129 128
2148 62 193 127
2149 61 225 126
2150 60 241 125
2151 59 249 124
2152 58 253 123
2153 57 255 122
2154 56 256 121
2155 55 128 120
2156 54 64 119
2157 53 32 118
2158 52 16 117
2159 51 8 116
2160 50 4 115
2161 49 2 114
2162 48 1 113
2163 47 129 112
2164 46 193 111
2165 45 225 110
2166 44 241 109
2167 43 249 108
2168 42 253 107
2169 41 255 106
2170 40 256 105
2171 39 128 104
2172 38 64 103
2173 37 32 102
2174 36 16 101
2175 35 8 100
2176 34 4 99
2177 33 2 98
2178 32 1 97
2179 31 129 96
2180 30 193 95
2181 29 225 94
2182 28 241 93
2183 27 249 92
2184 26 253 91
2185 25 255 90
2186 24 256 89
2187 23 128 88
2188 22 64 87
2189 21 32 86
2190 20 16 85
2191 19 8 84
2192 18 4 83
2193 17 2 82
2194 16 1 81
2195 15 129 80
2196 14 193 79
2197 13 225 78
2198 12 241 77
2199 11 249 76
2200 10 253 75
2201 9 255 74
2202 8 256 73
2203 7 128 72
2204 6 64 71
2205 5 32 70
2206 4 16 69
2207 3 8 68
2208 66 2 132
2209 65 1 131
2210 64 129 130
2211 63 193 129
2212 62 225 128
2213 61 241 127
2214 60 249 126
2215 59 253 125
2216 58 255 124
2217 57 256 123
2218 56 128 122
2219 55 64 121
2220 54 32 120
2221 53 16 119
2222 52 8 118
2223 51 4 117
2224 50 2 116
2225 49 1 115
2226 48 129 114
2227 47 193 113
2228 46 225 112
2229 45 241 111
2230 44 249 110
2231 43 253 109
2232 42 255 108
2233 41 256 107
2234 40 128 106
2235 39 64 105
2236 38 32 104
2237 37 16 103
2238 36 8 102
2239 35 4 101
2240 34 2 100
2241 33 1 99
2242 32 129 98
2243 31 193 97
2244 30 225 96
2245 29 241 95
2246 28 249 94
2247 27 253 93
2248 26 255 92
2249 25 256 91
2250 24 128 90
2251 23 64 89
2252 22 32 88
2253 21 16 87
2254 20 8 86
2255 19 4 85
2256 18 2 84
2257 17 1 83
2258 16 129 82
2259 15 193 81
2260 14 225 80
2261 13 241 79
2262 12 249 78
2263 11 253 77
2264 10 255 76
2265 9 256 75
2266 8 128 74
2267 7 64 73
2268 6 32 72
2269 5 16 71
2270 67 2 134
2271 66 1 133
2272 65 129 132
2273 64 193 131
2274 63 225 130
2275 62 241 129
2276 61 249 128
2277 60 253 127
2278 59 255 126
2279 58 256 125
2280 57 128 124
2281 56 64 123
2282 55 32 122
2283 54 16 121
2284 53 8 120
2285 52 4 119
2286 51 2 118
2287 50 1 117
2288 49 129 116
2289 48 193 115
2290 47 225 114
2291 46 241 113
2292 45 249 112
2293 44 253 111
2294 43 255 110
2295 42 256 109
2296 41 128 108
2297 40 64 107
2298 39 32 106
2299 38 16 105
2300 37 8 104
2301 36 4 103
2302 35 2 102
2303 34 1 101
2304 33 129 100
2305 32 193 99
2306 31 225 98
2307 30 241 97
2308 29 249 96
2309 28 253 95
2310 27 255 94
2311 26 256 93
2312 25 128 92
2313 24 64 91
2314 23 32 90
2315 22 16 89
2316 21 8 88
2317 20 4 87
2318 19 2 86
2319 18 1 85
2320 17 129 84
2321 16 193 83
2322 15 225 82
2323 14 241 81
2324 13 249 80
2325 12 253 79
2326 11 255 78
2327 10 256 77
2328 9 128 76
2329 8 64 75
2330 7 32 74
2331 68 2 136
2332 67 1 135
2333 66 129 134
2334 65 193 133
2335 64 225 132
2336 63 241 131
2337 62 249 130
2338 61 253 129
2339 60 255 128
2340 59 256 127
2341 58 128 126
2342 57 64 125
2343 56 32 124
2344 55 16 123
2345 54 8 122
2346 53 4 121
2347 52 2 120
2348 51 1 119
2349 50 129 118
2350 49 193 117
2351 48 225 116
2352 47 241 115
2353 46 249 114
2354 45 253 113
2355 44 255 112
2356 43 256 111
2357 42 128 110
2358 41 64 109
2359 40 32 108
2360 39 16 107
2361 38 8 106
2362 37 4 105
2363 36 2 104
2364 35 1 103
2365 34 129 102
2366 33 193 101
2367 32 225 100
2368 31 241 99
2369 30 249 98
2370 29 253 97
2371 28 255 96
2372 27 256 95
2373 26 128 94
2374 25 64 93
2375 24 32 92
2376 23 16 91
2377 22 8 90
2378 21 4 89
2379 20 2 88
2380 19 1 87
2381 18 129 86
2382 17 193 85
2383 16 225 84
2384 15 241 83
2385 14 249 82
2386 13 253 81
2387 12 255 80
2388 11 256 79
2389 10 128 78
2390 9 64 77
2391 69 2 138
2392 68 1 137
2393 67 129 136
2394 66 193 135
2395 65 225 134
2396 64 241 133
2397 63 249 132
2398 62 253 131
2399 61 255 130
2400 60 256 129
2401 59 128 128
2402 58 64 127
2403 57 32 126
2404 56 16 125
2405 55 8 124
2406 54 4 123
2407 53 2 122
2408 52 1 121
2409 51 129 120
2410 50 193 119
2411 49 225 118
2412 48 241 117
2413 47 249 116
2414 46 253 115
2415 45 255 114
2416 44 256 113
2417 43 128 112
2418 42 64 111
2419 41 32 110
2420 40 16 109
2421 39 8 108
2422 38 4 107
2423 37 2 106
2424 36 1 105
2425 35 129 104
2426 34 193 103
2427 33 225 102
2428 32 241 101
2429 31 249 100
2430 30 253 99
2431 29 255 98
2432 28 256 97
2433 27 128 96
2434 26 64 95
2435 25 32 94
2436 24 16 93
2437 23 8 92
2438 22 4 91
2439 21 2 90
2440 20 1 89
2441 19 129 88
2442 18 193 87
2443 17 225 86
2444 16 241 85
2445 15 249 84
2446 14 253 83
2447 13 255 82
2448 12 256 81
2449 11 128 80
2450 70 2 140
2451 69 1 139
2452 68 129 138
2453 67 193 137
2454 66 225 136
2455 65 241 135
2456 64 249 134
2457 63 253 133
2458 62 255 132
2459 61 256 131
2460 60 128 130
2461 59 64 129
2462 58 32 128
2463 57 16 127
2464 56 8 126
2465 55 4 125
2466 54 2 124
2467 53 1 123
2468 52 129 122
2469 51 193 121
2470 50 225 120
2471 49 241 119
2472 48 249 118
2473 47 253 117
2474 46 255 116
2475 45 256 115
2476 44 128 114
2477 43 64 113
2478 42 32 112
2479 41 16 111
2480 40 8 110
2481 39 4 109
2482 38 2 108
2483 37 1 107
2484 36 129 106
2485 35 193 105
2486 34 225 104
2487 33 241 103
2488 32 249 102
2489 31 253 101
2490 30 255 100
2491 29 256 99
2492 28 128 98
2493 27 64 97
2494 26 32 96
2495 25 16 95
2496 24 8 94
2497 23 4 93
2498 22 2 92
2499 21 1 91
2500 20 129 90
2501 19 193 89
2502 18 225 88
2503 17 241 87
2504 16 249 86
2505 15 253 85
2506 14 255 84
2507 13 256 83
2508 71 2 142
2509 70 1 141
2510 69 129 140
2511 68 193 139
2512 67 225 138
2513 66 241 137
2514 65 249 136
2515 64 253 135
2516 63 255 134
2517 62 256 133
2518 61 128 132
2519 60 64 131
2520 59 32 130
2521 58 16 129
2522 57 8 128
2523 56 4 127
2524 55 2 126
2525 54 1 125
2526 53 129 124
2527 52 193 123
2528 51 225 122
2529 50 241 121
2530 49 249 120
2531 48 253 119
2532 47 255 118
2533 46 256 117
2534 45 128 116
2535 44 64 115
2536 43 32 114
2537 42 16 113
2538 41 8 112
2539 40 4 111
2540 39 2 110
2541 38 1 109
2542 37 129 108
2543 36 193 107
2544 35 225 106
2545 34 241 105
2546 33 249 104
2547 32 253 103
2548 31 255 102
2549 30 256 101
2550 29 128 100
2551 28 64 99
2552 27 32 98
2553 26 16 97
2554 25 8 96
2555 24 4 95
2556 23 2 94
2557 22 1 93
2558 21 129 92
2559 20 193 91
2560 19 225 90
2561 18 241 89
2562 17 249 88
2563 16 253 87
2564 15 255 86
2565 72 2 144
2566 71 1 143
2567 70 129 142
2568 69 193 141
2569 68 225 140
2570 67 241 139
2571 66 249 138
2572 65 253 137
2573 64 255 136
2574 63 256 135
2575 62 128 134
2576 61 64 133
2577 60 32 132
2578 59 16 131
2579 58 8 130
2580 57 4 129
2581 56 2 128
2582 55 1 127
2583 54 129 126
2584 53 193 125
2585 52 225 124
2586 51 241 123
2587 50 249 122
2588 49 253 121
2589 48 255 120
2590 47 256 119
2591 46 128 118
2592 45 64 117
2593 44 32 116
2594 43 16 115
2595 42 8 114
2596 41 4 113
2597 40 2 112
2598 39 1 111
2599 38 129 110
2600 37 193 109
2601 36 225 108
2602 35 241 107
2603 34 249 106
2604 33 253 105
2605 32 255 104
2606 31 256 103
2607 30 128 102
2608 29 64 101
2609 28 32 100
2610 27 16 99
2611 26 8 98
2612 25 4 97
2613 24 2 96
2614 23 1 95
2615 22 129 94
2616 21 193 93
2617 20 225 92
2618 19 241 91
2619 18 249 90
2620 17 253 89
2621 73 2 146
2622 72 1 145
2623 71 129 144
2624 70 193 143
2625 69 225 142
2626 68 241 141
2627 67 249 140
2628 66 253 139
2629 65 255 138
2630 64 256 137
2631 63 128 136
2632 62 64 135
2633 61 32 134
2634 60 16 133
2635 59 8 132
2636 58 4 131
2637 57 2 130
2638 56 1 129
2639 55 129 128
2640 54 193 127
2641 53 225 126
2642 52 241 125
2643 51 249 124
2644 50 253 123
2645 49 255 122
2646 48 256 121
2647 47 128 120
2648 46 64 119
2649 45 32 118
2650 44 16 117
2651 43 8 116
2652 42 4 115
2653 41 2 114
2654 40 1 113
2655 39 129 112
2656 38 193 111
2657 37 225 110
2658 36 241 109
2659 35 249 108
2660 34 253 107
2661 33 255 106
2662 32 256 105
2663 31 128 104
2664 30 64 103
2665 29 32 102
2666 28 16 101
2667 27 8 100
2668 26 4 99
2669 25 2 98
2670 24 1 97
2671 23 129 96
2672 22 193 95
2673 21 225 94
2674 20 241 93
2675 19 249 92
2676 74 2 148
2677 73 1 147
2678 72 129 146
2679 71 193 145
2680 70 225 144
2681 69 241 143
2682 68 249 142
2683 67 253 141
2684 66 255 140
2685 65 256 139
2686 64 128 138
2687 63 64 137
2688 62 32 136
2689 61 16 135
2690 60 8 134
2691 59 4 133
2692 58 2 132
2693 57 1 131
2694 56 129 130
2695 55 193 129
2696 54 225 128
2697 53 241 127
2698 52 249 126
2699 51 253 125
2700 50 255 124
2701 49 256 123
2702 48 128 122
2703 47 64 121
2704 46 32 120
2705 45 16 119
2706 44 8 118
2707 43 4 117
2708 42 2 116
2709 41 1 115
2710 40 129 114
2711 39 193 113
2712 38 225 112
2713 37 241 111
2714 36 249 110
2715 35 253 109
2716 34 255 108
2717 33 256 107
2718 32 128 106
2719 31 64 105
2720 30 32 104
2721 29 16 103
2722 28 8 102
2723 27 4 101
2724 26 2 100
2725 25 1 99
2726 24 129 98
2727 23 193 97
2728 22 225 96
2729 21 241 95
2730 75 2 150
2731 74 1 149
2732 73 129 148
2733 72 193 147
2734 71 225 146
2735 70 241 145
2736 69 249 144
2737 68 253 143
2738 67 255 142
2739 66 256 141
2740 65 128 140
2741 64 64 139
2742 63 32 138
2743 62 16 137
2744 61 8 136
2745 60 4 135
2746 59 2 134
2747 58 1 133
2748 57 129 132
2749 56 193 131
2750 55 225 130
2751 54 241 129
2752 53 249 128
2753 52 253 127
2754 51 255 126
2755 50 256 125
2756 49 128 124
2757 48 64 123
2758 47 32 122
2759 46 16 121
2760 45 8 120
2761 44 4 119
2762 43 2 118
2763 42 1 117
2764 41 129 116
2765 40 193 115
2766 39 225 114
2767 38 241 113
2768 37 249 112
2769 36 253 111
2770 35 255 110
2771 34 256 109
2772 33 128 108
2773 32 64 107
2774 31 32 106
2775 30 16 105
2776 29 8 104
2777 28 4 103
2778 27 2 102
2779 26 1 101
2780 25 129 100
2781 24 193 99
2782 23 225 98
2783 76 2 152
2784 75 1 151
2785 74 129 150
2786 73 193 149
2787 72 225 148
2788 71 241 147
2789 70 249 146
2790 69 253 145
2791 68 255 144
2792 67 256 143
2793 66 128 142
2794 65 64 141
2795 64 32 140
2796 63 16 139
2797 62 8 138
2798 61 4 137
2799 60 2 136
2800 59 1 135
2801 58 129 134
2802 57 193 133
2803 56 225 132
2804 55 241 131
2805 54 249 130
2806 53 253 129
2807 52 255 128
2808 51 256 127
2809 50 128 126
2810 49 64 125
2811 48 32 124
2812 47 16 123
2813 46 8 122
2814 45 4 121
2815 44 2 120
2816 43 1 119
2817 42 129 118
2818 41 193 117
2819 40 225 116
2820 39 241 115
2821 38 249 114
2822 37 253 113
2823 36 255 112
2824 35 256 111
2825 34 128 110
2826 33 64 109
2827 32 32 108
2828 31 16 107
2829 30 8 106
2830 29 4 105
2831 28 2 104
2832 27 1 103
2833 26 129 102
2834 25 193 101
2835 77 2 154
2836 76 1 153
2837 75 129 152
2838 74 193 151
2839 73 225 150
2840 72 241 149
2841 71 249 148
2842 70 253 147
2843 69 255 146
2844 68 256 145
2845 67 128 144
2846 66 64 143
2847 65 32 142
2848 64 16 141
2849 63 8 140
2850 62 4 139
2851 61 2 138
2852 60 1 137
2853 59 129 136
2854 58 193 135
2855 57 225 134
2856 56 241 133
2857 55 249 132
2858 54 253 131
2859 53 255 130
2860 52 256 129
2861 51 128 128
2862 50 64 127
2863 49 32 126
2864 48 16 125
2865 47 8 124
2866 46 4 123
2867 45 2 122
2868 44 1 121
2869 43 129 120
2870 42 193 119
2871 41 225 118
2872 40 241 117
2873 39 249 116
2874 38 253 115
2875 37 255 114
2876 36 256 113
2877 35 128 112
2878 34 64 111
2879 33 32 110
2880 32 16 109
2881 31 8 108
2882 30 4 107
2883 29 2 106
2884 28 1 105
2885 27 129 104
2886 78 2 156
2887 77 1 155
2888 76 129 154
2889 75 193 153
2890 74 225 152
2891 73 241 151
2892 72 249 150
2893 71 253 149
2894 70 255 148
2895 69 256 147
2896 68 128 146
2897 67 64 145
2898 66 32 144
2899 65 16 143
2900 64 8 142
2901 63 4 141
2902 62 2 140
2903 61 1 139
2904 60 129 138
2905 59 193 137
2906 58 225 136
2907 57 241 135
2908 56 249 134
2909 55 253 133
2910 54 255 132
2911 53 256 131
2912 52 128 130
2913 51 64 129
2914 50 32 128
2915 49 16 127
2916 48 8 126
2917 47 4 125
2918 46 2 124
2919 45 1 123
2920 44 129 122
2921 43 193 121
2922 42 225 120
2923 41 241 119
2924 40 249 118
2925 39 253 117
2926 38 255 116
2927 37 256 115
2928 36 128 114
2929 35 64 113
2930 34 32 112
2931 33 16 111
2932 32 8 110
2933 31 4 109
2934 30 2 108
2935 29 1 107
2936 79 2 158
2937 78 1 157
2938 77 129 156
2939 76 193 155
2940 75 225 154
2941 74 241 153
2942 73 249 152
2943 72 253 151
2944 71 255 150
2945 70 256 149
2946 69 128 148
2947 68 64 147
2948 67 32 146
2949 66 16 145
2950 65 8 144
2951 64 4 143
2952 63 2 142
2953 62 1 141
2954 61 129 140
2955 60 193 139
2956 59 225 138
2957 58 241 137
2958 57 249 136
2959 56 253 135
2960 55 255 134
2961 54 256 133
2962 53 128 132
2963 52 64 131
2964 51 32 130
2965 50 16 129
2966 49 8 128
2967 48 4 127
2968 47 2 126
2969 46 1 125
2970 45 129 124
2971 44 193 123
2972 43 225 122
2973 42 241 121
2974 41 249 120
2975 40 253 119
2976 39 255 118
2977 38 256 117
2978 37 128 116
2979 36 64 115
2980 35 32 114
2981 34 16 113
2982 33 8 112
2983 32 4 111
2984 31 2 110
2985 80 2 160
2986 79 1 159
2987 78 129 158
2988 77 193 157
2989 76 225 156
2990 75 241 155
2991 74 249 154
2992 73 253 153
2993 72 255 152
2994 71 256 151
2995 70 128 150
2996 69 64 149
2997 68 32 148
2998 67 16 147
2999 66 8 146
3000 65 4 145
3001 64 2 144
3002 63 1 143
3003 62 129 142
3004 61 193 141
3005 60 225 140
3006 59 241 139
3007 58 249 138
3008 57 253 137
3009 56 255 136
3010 55 256 135
3011 54 128 134
3012 53 64 133
3013 52 32 132
3014 51 16 131
3015 50 8 130
3016 49 4 129
3017 48 2 128
3018 47 1 127
3019 46 129 126
3020 45 193 125
3021 44 225 124
3022 43 241 123
3023 42 249 122
3024 41 253 121
3025 40 255 120
3026 39 256 119
3027 38 128 118
3028 37 64 117
3029 36 32 116
3030 35 16 115
3031 34 8 114
3032 33 4 113
3033 81 2 162
3034 80 1 161
3035 79 129 160
3036 78 193 159
3037 77 225 158
3038 76 241 157
3039 75 249 156
3040 74 253 155
3041 73 255 154
3042 72 256 153
3043 71 128 152
3044 70 64 151
3045 69 32 150
3046 68 16 149
3047 67 8 148
3048 66 4 147
3049 65 2 146
3050 64 1 145
3051 63 129 144
3052 62 193 143
3053 61 225 142
3054 60 241 141
3055 59 249 140
3056 58 253 139
3057 57 255 138
3058 56 256 137
3059 55 128 136
3060 54 64 135
3061 53 32 134
3062 52 16 133
3063 51 8 132
3064 50 4 131
3065 49 2 130
3066 48 1 129
3067 47 129 128
3068 46 193 127
3069 45 225 126
3070 44 241 125
3071 43 249 124
3072 42 253 123
3073 41 255 122
3074 40 256 121
3075 39 128 120
3076 38 64 119
3077 37 32 118
3078 36 16 117
3079 35 8 116
3080 82 2 164
3081 81 1 163
3082 80 129 162
3083 79 193 161
3084 78 225 160
3085 77 241 159
3086 76 249 158
3087 75 253 157
3088 74 255 156
3089 73 256 155
3090 72 128 154
3091 71 64 153
3092 70 32 152
3093 69 16 151
3094 68 8 150
3095 67 4 149
3096 66 2 148
3097 65 1 147
3098 64 129 146
3099 63 193 145
3100 62 225 144
3101 61 241 143
3102 60 249 142
3103 59 253 141
3104 58 255 140
3105 57 256 139
3106 56 128 138
3107 55 64 137
3108 54 32 136
3109 53 16 135
3110 52 8 134
3111 51 4 133
3112 50 2 132
3113 49 1 131
3114 48 129 130
3115 47 193 129
3116 46 225 128
3117 45 241 127
3118 44 249 126
3119 43 253 125
3120 42 255 124
3121 41 256 123
3122 40 128 122
3123 39 64 121
3124 38 32 120
3125 37 16 119
3126 83 2 166
3127 82 1 165
3128 81 129 164
3129 80 193 163
3130 79 225 162
3131 78 241 161
3132 77 249 160
3133 76 253 159
3134 75 255 158
3135 74 256 157
3136 73 128 156
3137 72 64 155
3138 71 32 154
3139 70 16 153
3140 69 8 152
3141 68 4 151
3142 67 2 150
3143 66 1 149
3144 65 129 148
3145 64 193 147
3146 63 225 146
3147 62 241 145
3148 61 249 144
3149 60 253 143
3150 59 255 142
3151 58 256 141
3152 57 128 140
3153 56 64 139
3154 55 32 138
3155 54 16 137
3156 53 8 136
3157 52 4 135
3158 51 2 134
3159 50 1 133
3160 49 129 132
3161 48 193 131
3162 47 225 130
3163 46 241 129
3164 45 249 128
3165 44 253 127
3166 43 255 126
3167 42 256 125
3168 41 128 124
3169 40 64 123
3170 39 32 122
3171 84 2 168
3172 83 1 167
3173 82 129 166
3174 81 193 165
3175 80 225 164
3176 79 241 163
3177 78 249 162
3178 77 253 161
3179 76 255 160
3180 75 256 159
3181 74 128 158
3182 73 64 157
3183 72 32 156
3184 71 16 155
3185 70 8 154
3186 69 4 153
3187 68 2 152
3188 67 1 151
3189 66 129 150
3190 65 193 149
3191 64 225 148
3192 63 241 147
3193 62 249 146
3194 61 253 145
3195 60 255 144
3196 59 256 143
3197 58 128 142
3198 57 64 141
3199 56 32 140
3200 55 16 139
3201 54 8 138
3202 53 4 137
3203 52 2 136
3204 51 1 135
3205 50 129 134
3206 49 193 133
3207 48 225 132
3208 47 241 131
3209 46 249 130
3210 45 253 129
3211 44 255 128
3212 43 256 127
3213 42 128 126
3214 41 64 125
3215 85 2 170
3216 84 1 169
3217 83 129 168
3218 82 193 167
3219 81 225 166
3220 80 241 165
3221 79 249 164
3222 78 253 163
3223 77 255 162
3224 76 256 161
3225 75 128 160
3226 74 64 159
3227 73 32 158
3228 72 16 157
3229 71 8 156
3230 70 4 155
3231 69 2 154
3232 68 1 153
3233 67 129 152
3234 66 193 151
3235 65 225 150
3236 64 241 149
3237 63 249 148
3238 62 253 147
3239 61 255 146
3240 60 256 145
3241 59 128 144
3242 58 64 143
3243 57 32 142
3244 56 16 141
3245 55 8 140
3246 54 4 139
3247 53 2 138
3248 52 1 137
3249 51 129 136
3250 50 193 135
3251 49 225 134
3252 48 241 133
3253 47 249 132
3254 46 253 131
3255 45 255 130
3256 44 256 129
3257 43 128 128
3258 86 2 172
3259 85 1 171
3260 84 129 170
3261 83 193 169
3262 82 225 168
3263 81 241 167
3264 80 249 166
3265 79 253 165
3266 78 255 164
3267 77 256 163
3268 76 128 162
3269 75 64 161
3270 74 32 160
3271 73 16 159
3272 72 8 158
3273 71 4 157
3274 70 2 156
3275 69 1 155
3276 68 129 154
3277 67 193 153
3278 66 225 152
3279 65 241 151
3280 64 249 150
3281 63 253 149
3282 62 255 148
3283 61 256 147
3284 60 128 146
3285 59 64 145
3286 58 32 144
3287 57 16 143
3288 56 8 142
3289 55 4 141
3290 54 2 140
3291 53 1 139
3292 52 129 138
3293 51 193 137
3294 50 225 136
3295 49 241 135
3296 48 249 134
3297 47 253 133
3298 46 255 132
3299 45 256 131
3300 87 2 174
3301 86 1 173
3302 85 129 172
3303 84 193 171
3304 83 225 170
3305 82 241 169
3306 81 249 168
3307 80 253 167
3308 79 255 166
3309 78 256 165
3310 77 128 164
3311 76 64 163
3312 75 32 162
3313 74 16 161
3314 73 8 160
3315 72 4 159
3316 71 2 158
3317 70 1 157
3318 69 129 156
3319 68 193 155
3320 67 225 154
3321 66 241 153
3322 65 249 152
3323 64 253 151
3324 63 255 150
3325 62 256 149
3326 61 128 148
3327 60 64 147
3328 59 32 146
3329 58 16 145
3330 57 8 144
3331 56 4 143
3332 55 2 142
3333 54 1 141
3334 53 129 140
3335 52 193 139
3336 51 225 138
3337 50 241 137
3338 49 249 136
3339 48 253 135
3340 47 255 134
3341 88 2 176
3342 87 1 175
3343 86 129 174
3344 85 193 173
3345 84 225 172
3346 83 241 171
3347 82 249 170
3348 81 253 169
3349 80 255 168
3350 79 256 167
3351 78 128 166
3352 77 64 165
3353 76 32 164
3354 75 16 163
3355 74 8 162
3356 73 4 161
3357 72 2 160
3358 71 1 159
3359 70 129 158
3360 69 193 157
3361 68 225 156
3362 67 241 155
3363 66 249 154
3364 65 253 153
3365 64 255 152
3366 63 256 151
3367 62 128 150
3368 61 64 149
3369 60 32 148
3370 59 16 147
3371 58 8 146
3372 57 4 145
3373 56 2 144
3374 55 1 143
3375 54 129 142
3376 53 193 141
3377 52 225 140
3378 51 241 139
3379 50 249 138
3380 49 253 137
3381 89 2 178
3382 88 1 177
3383 87 129 176
3384 86 193 175
3385 85 225 174
3386 84 241 173
3387 83 249 172
3388 82 253 171
3389 81 255 170
3390 80 256 169
3391 79 128 168
3392 78 64 167
3393 77 32 166
3394 76 16 165
3395 75 8 164
3396 74 4 163
3397 73 2 162
3398 72 1 161
3399 71 129 160
3400 70 193 159
3401 69 225 158
3402 68 241 157
3403 67 249 156
3404 66 253 155
3405 65 255 154
3406 64 256 153
3407 63 128 152
3408 62 64 151
3409 61 32 150
3410 60 16 149
3411 59 8 148
3412 58 4 147
3413 57 2 146
3414 56 1 145
3415 55 129 144
3416 54 193 143
3417 53 225 142
3418 52 241 141
3419 51 249 140
3420 90 2 180
3421 89 1 179
3422 88 129 178
3423 87 193 177
3424 86 225 176
3425 85 241 175
3426 84 249 174
3427 83 253 173
3428 82 255 172
3429 81 256 171
3430 80 128 170
3431 79 64 169
3432 78 32 168
3433 77 16 167
3434 76 8 166
3435 75 4 165
3436 74 2 164
3437 73 1 163
3438 72 129 162
3439 71 193 161
3440 70 225 160
3441 69 241 159
3442 68 249 158
3443 67 253 157
3444 66 255 156
3445 65 256 155
3446 64 128 154
3447 63 64 153
3448 62 32 152
3449 61 16 151
3450 60 8 150
3451 59 4 149
3452 58 2 148
3453 57 1 147
3454 56 129 146
3455 55 193 145
3456 54 225 144
3457 53 241 143
3458 91 2 182
3459 90 1 181
3460 89 129 180
3461 88 193 179
3462 87 225 178
3463 86 241 177
3464 85 249 176
3465 84 253 175
3466 83 255 174
3467 82 256 173
3468 81 128 172
3469 80 64 171
3470 79 32 170
3471 78 16 169
3472 77 8 168
3473 76 4 167
3474 75 2 166
3475 74 1 165
3476 73 129 164
3477 72 193 163
3478 71 225 162
3479 70 241 161
3480 69 249 160
3481 68 253 159
3482 67 255 158
3483 66 256 157
3484 65 128 156
3485 64 64 155
3486 63 32 154
3487 62 16 153
3488 61 8 152
3489 60 4 151
3490 59 2 150
3491 58 1 149
3492 57 129 148
3493 56 193 147
3494 55 225 146
3495 92 2 184
3496 91 1 183
3497 90 129 182
3498 89 193 181
3499 88 225 180
3500 87 241 179
3501 86 249 178
3502 85 253 177
3503 84 255 176
3504 83 256 175
3505 82 128 174
3506 81 64 173
3507 80 32 172
3508 79 16 171
3509 78 8 170
3510 77 4 169
3511 76 2 168
3512 75 1 167
3513 74 129 166
3514 73 193 165
3515 72 225 164
3516 71 241 163
3517 70 249 162
3518 69 253 161
3519 68 255 160
3520 67 256 159
3521 66 128 158
3522 65 64 157
3523 64 32 156
3524 63 16 155
3525 62 8 154
3526 61 4 153
3527 60 2 152
3528 59 1 151
3529 58 129 150
3530 57 193 149
3531 93 2 186
3532 92 1 185
3533 91 129 184
3534 90 193 183
3535 89 225 182
3536 88 241 181
3537 87 249 180
3538 86 253 179
3539 85 255 178
3540 84 256 177
3541 83 128 176
3542 82 64 175
3543 81 32 174
3544 80 16 173
3545 79 8 172
3546 78 4 171
3547 77 2 170
3548 76 1 169
3549 75 129 168
3550 74 193 167
3551 73 225 166
3552 72 241 165
3553 71 249 164
3554 70 253 163
3555 69 255 162
3556 68 256 161
3557 67 128 160
3558 66 64 159
3559 65 32 158
3560 64 16 157
3561 63 8 156
3562 62 4 155
3563 61 2 154
3564 60 1 153
3565 59 129 152
3566 94 2 188
3567 93 1 187
3568 92 129 186
3569 91 193 185
3570 90 225 184
3571 89 241 183
3572 88 249 182
3573 87 253 181
3574 86 255 180
3575 85 256 179
3576 84 128 178
3577 83 64 177
3578 82 32 176
3579 81 16 175
3580 80 8 174
3581 79 4 173
3582 78 2 172
3583 77 1 171
3584 76 129 170
3585 75 193 169
3586 74 225 168
3587 73 241 167
3588 72 249 166
3589 71 253 165
3590 70 255 164
3591 69 256 163
3592 68 128 162
3593 67 64 161
3594 66 32 160
3595 65 16 159
3596 64 8 158
3597 63 4 157
3598 62 2 156
3599 61 1 155
3600 95 2 190
3601 94 1 189
3602 93 129 188
3603 92 193 187
3604 91 225 186
3605 90 241 185
3606 89 249 184
3607 88 253 183
3608 87 255 182
3609 86 256 181
3610 85 128 180
3611 84 64 179
3612 83 32 178
3613 82 16 177
3614 81 8 176
3615 80 4 175
3616 79 2 174
3617 78 1 173
3618 77 129 172
3619 76 193 171
3620 75 225 170
3621 74 241 169
3622 73 249 168
3623 72 253 167
3624 71 255 166
3625 70 256 165
3626 69 128 164
3627 68 64 163
3628 67 32 162
3629 66 16 161
3630 65 8 160
3631 64 4 159
3632 63 2 158
3633 96 2 192
3634 95 1 191
3635 94 129 190
3636 93 193 189
3637 92 225 188
3638 91 241 187
3639 90 249 186
3640 89 253 185
3641 88 255 184
3642 87 256 183
3643 86 128 182
3644 85 64 181
3645 84 32 180
3646 83 16 179
3647 82 8 178
3648 81 4 177
3649 80 2 176
3650 79 1 175
3651 78 129 174
3652 77 193 173
3653 76 225 172
3654 75 241 171
3655 74 249 170
3656 73 253 169
3657 72 255 168
3658 71 256 167
3659 70 128 166
3660 69 64 165
3661 68 32 164
3662 67 16 163
3663 66 8 162
3664 65 4 161
3665 97 2 194
3666 96 1 193
3667 95 129 192
3668 94 193 191
3669 93 225 190
3670 92 241 189
3671 91 249 188
3672 90 253 187
3673 89 255 186
3674 88 256 185
3675 87 128 184
3676 86 64 183
3677 85 32 182
3678 84 16 181
3679 83 8 180
3680 82 4 179
3681 81 2 178
3682 80 1 177
3683 79 129 176
3684 78 193 175
3685 77 225 174
3686 76 241 173
3687 75 249 172
3688 74 253 171
3689 73 255 170
3690 72 256 169
3691 71 128 168
3692 70 64 167
3693 69 32 166
3694 68 16 165
3695 67 8 164
3696 98 2 196
3697 97 1 195
3698 96 129 194
3699 95 193 193
3700 94 225 192
3701 93 241 191
3702 92 249 190
3703 91 253 189
3704 90 255 188
3705 89 256 187
3706 88 128 186
3707 87 64 185
3708 86 32 184
3709 85 16 183
3710 84 8 182
3711 83 4 181
3712 82 2 180
3713 81 1 179
3714 80 129 178
3715 79 193 177
3716 78 225 176
3717 77 241 175
3718 76 249 174
3719 75 253 173
3720 74 255 172
3721 73 256 171
3722 72 128 170
3723 71 64 169
3724 70 32 168
3725 69 16 167
3726 99 2 198
3727 98 1 197
3728 97 129 196
3729 96 193 195
3730 95 225 194
3731 94 241 193
3732 93 249 192
3733 92 253 191
3734 91 255 190
3735 90 256 189
3736 89 128 188
3737 88 64 187
3738 87 32 186
3739 86 16 185
3740 85 8 184
3741 84 4 183
3742 83 2 182
3743 82 1 181
3744 81 129 180
3745 80 193 179
3746 79 225 178
3747 78 241 177
3748 77 249 176
3749 76 253 175
3750 75 255 174
3751 74 256 173
3752 73 128 172
3753 72 64 171
3754 71 32 170
3755 100 2 200
3756 99 1 199
3757 98 129 198
3758 97 193 197
3759 96 225 196
3760 95 241 195
3761 94 249 194
3762 93 253 193
3763 92 255 192
3764 91 256 191
3765 90 128 190
3766 89 64 189
3767 88 32 188
3768 87 16 187
3769 86 8 186
3770 85 4 185
3771 84 2 184
3772 83 1 183
3773 82 129 182
3774 81 193 181
3775 80 225 180
3776 79 241 179
3777 78 249 178
3778 77 253 177
3779 76 255 176
3780 75 256 175
3781 74 128 174
3782 73 64 173
3783 101 2 202
3784 100 1 201
3785 99 129 200
3786 98 193 199
3787 97 225 198
3788 96 241 197
3789 95 249 196
3790 94 253 195
3791 93 255 194
3792 92 256 193
3793 91 128 192
3794 90 64 191
3795 89 32 190
3796 88 16 189
3797 87 8 188
3798 86 4 187
3799 85 2 186
3800 84 1 185
3801 83 129 184
3802 82 193 183
3803 81 225 182
3804 80 241 181
3805 79 249 180
3806 78 253 179
3807 77 255 178
3808 76 256 177
3809 75 128 176
3810 102 2 204
3811 101 1 203
3812 100 129 202
3813 99 193 201
3814 98 225 200
3815 97 241 199
3816 96 249 198
3817 95 253 197
3818 94 255 196
3819 93 256 195
3820 92 128 194
3821 91 64 193
3822 90 32 192
3823 89 16 191
3824 88 8 190
3825 87 4 189
3826 86 2 188
3827 85 1 187
3828 84 129 186
3829 83 193 185
3830 82 225 184
3831 81 241 183
3832 80 249 182
3833 79 253 181
3834 78 255 180
3835 77 256 179
3836 103 2 206
3837 102 1 205
3838 101 129 204
3839 100 193 203
3840 99 225 202
3841 98 241 201
3842 97 249 200
3843 96 253 199
3844 95 255 198
3845 94 256 197
3846 93 128 196
3847 92 64 195
3848 91 32 194
3849 90 16 193
3850 89 8 192
3851 88 4 191
3852 87 2 190
3853 86 1 189
3854 85 129 188
3855 84 193 187
3856 83 225 186
3857 82 241 185
3858 81 249 184
3859 80 253 183
3860 79 255 182
3861 104 2 208
3862 103 1 207
3863 102 129 206
3864 101 193 205
3865 100 225 204
3866 99 241 203
3867 98 249 202
3868 97 253 201
3869 96 255 200
3870 95 256 199
3871 94 128 198
3872 93 64 197
3873 92 32 196
3874 91 16 195
3875 90 8 194
3876 89 4 193
3877 88 2 192
3878 87 1 191
3879 86 129 190
3880 85 193 189
3881 84 225 188
3882 83 241 187
3883 82 249 186
3884 81 253 185
3885 105 2 210
3886 104 1 209
3887 103 129 208
3888 102 193 207
3889 101 225 206
3890 100 241 205
3891 99 249 204
3892 98 253 203
3893 97 255 202
3894 96 256 201
3895 95 128 200
3896 94 64 199
3897 93 32 198
3898 92 16 197
3899 91 8 196
3900 90 4 195
3901 89 2 194
3902 88 1 193
3903 87 129 192
3904 86 193 191
3905 85 225 190
3906 84 241 189
3907 83 249 188
3908 106 2 212
3909 105 1 211
3910 104 129 210
3911 103 193 209
3912 102 225 208
3913 101 241 207
3914 100 249 206
3915 99 253 205
3916 98 255 204
3917 97 256 203
3918 96 128 202
3919 95 64 201
3920 94 32 200
3921 93 16 199
3922 92 8 198
3923 91 4 197
3924 90 2 196
3925 89 1 195
3926 88 129 194
3927 87 193 193
3928 86 225 192
3929 85 241 191
3930 107 2 214
3931 106 1 213
3932 105 129 212
3933 104 193 211
3934 103 225 210
3935 102 241 209
3936 101 249 208
3937 100 253 207
3938 99 255 206
3939 98 256 205
3940 97 128 204
3941 96 64 203
3942 95 32 202
3943 94 16 201
3944 93 8 200
3945 92 4 199
3946 91 2 198
3947 90 1 197
3948 89 129 196
3949 88 193 195
3950 87 225 194
3951 108 2 216
3952 107 1 215
3953 106 129 214
3954 105 193 213
3955 104 225 212
3956 103 241 211
3957 102 249 210
3958 101 253 209
3959 100 255 208
3960 99 256 207
3961 98 128 206
3962 97 64 205
3963 96 32 204
3964 95 16 203
3965 94 8 202
3966 93 4 201
3967 92 2 200
3968 91 1 199
3969 90 129 198
3970 89 193 197
3971 109 2 218
3972 108 1 217
3973 107 129 216
3974 106 193 215
3975 105 225 214
3976 104 241 213
3977 103 249 212
3978 102 253 211
3979 101 255 210
3980 100 256 209
3981 99 128 208
3982 98 64 207
3983 97 32 206
3984 96 16 205
3985 95 8 204
3986 94 4 203
3987 93 2 202
3988 92 1 201
3989 91 129 200
3990 110 2 220
3991 109 1 219
3992 108 129 218
3993 107 193 217
3994 106 225 216
3995 105 241 215
3996 104 249 214
3997 103 253 213
3998 102 255 212
3999 101 256 211
4000 100 128 210
4001 99 64 209
4002 98 32 208
4003 97 16 207
4004 96 8 206
4005 95 4 205
4006 94 2 204
4007 93 1 203
4008 111 2 222
4009 110 1 221
4010 109 129 220
4011 108 193 219
4012 107 225 218
4013 106 241 217
4014 105 249 216
4015 104 253 215
4016 103 255 214
4017 102 256 213
4018 101 128 212
4019 100 64 211
4020 99 32 210
4021 98 16 209
4022 97 8 208
4023 96 4 207
4024 95 2 206
4025 112 2 224
4026 111 1 223
4027 110 129 222
4028 109 193 221
4029 108 225 220
4030 107 241 219
4031 106 249 218
4032 105 253 217
4033 104 255 216
4034 103 256 215
4035 102 128 214
4036 101 64 213
4037 100 32 212
4038 99 16 211
4039 98 8 210
4040 97 4 209
4041 113 2 226
4042 112 1 225
4043 111 129 224
4044 110 193 223
4045 109 225 222
4046 108 241 221
4047 107 249 220
4048 106 253 219
4049 105 255 218
4050 104 256 217
4051 103 128 216
4052 102 64 215
4053 101 32 214
4054 100 16 213
4055 99 8 212
4056 114 2 228
4057 113 1 227
4058 112 129 226
4059 111 193 225
4060 110 225 224
4061 109 241 223
4062 108 249 222
4063 107 253 221
4064 106 255 220
4065 105 256 219
4066 104 128 218
4067 103 64 217
4068 102 32 216
4069 101 16 215
4070 115 2 230
4071 114 1 229
4072 113 129 228
4073 112 193 227
4074 111 225 226
4075 110 241 225
4076 109 249 224
4077 108 253 223
4078 107 255 222
4079 106 256 221
4080 105 128 220
4081 104 64 219
4082 103 32 218
4083 116 2 232
4084 115 1 231
4085 114 129 230
4086 113 193 229
4087 112 225 228
4088 111 241 227
4089 110 249 226
4090 109 253 225
4091 108 255 224
4092 107 256 223
4093 106 128 222
4094 105 64 221
4095 117 2 234
4096 116 1 233
4097 115 129 232
4098 114 193 231
4099 113 225 230
4100 112 241 229
4101 111 249 228
4102 110 253 227
4103 109 255 226
4104 108 256 225
4105 107 128 224
4106 118 2 236
4107 117 1 235
4108 116 129 234
4109 115 193 233
4110 114 225 232
4111 113 241 231
4112 112 249 230
4113 111 253 229
4114 110 255 228
4115 109 256 227
4116 119 2 238
4117 118 1 237
4118 117 129 236
4119 116 193 235
4120 115 225 234
4121 114 241 233
4122 113 249 232
4123 112 253 231
4124 111 255 230
4125 120 2 240
4126 119 1 239
4127 118 129 238
4128 117 193 237
4129 116 225 236
4130 115 241 235
4131 114 249 234
4132 113 253 233
4133 121 2 242
4134 120 1 241
4135 119 129 240
4136 118 193 239
4137 117 225 238
4138 116 241 237
4139 115 249 236
4140 122 2 244
4141 121 1 243
4142 120 129 242
4143 119 193 241
4144 118 225 240
4145 117 241 239
4146 123 2 246
4147 122 1 245
4148 121 129 244
4149 120 193 243
4150 119 225 242
4151 124 2 248
4152 123 1 247
4153 122 129 246
4154 121 193 245
4155 125 2 250
4156 124 1 249
4157 123 129 248
4158 126 2 252
4159 125 1 251
4160 127 2 254
4161 0 1 65
4162 0 1 66
4163 0 1 67
4164 0 1 68
4165 0 1 69
4166 0 1 70
4167 0 1 71
4168 0 1 72
4169 0 1 73
4170 0 1 74
4171 0 1 75
4172 0 1 76
4173 0 1 77
4174 0 1 78
4175 0 1 79
4176 0 1 80
4177 0 1 81
4178 0 1 82
4179 0 1 83
4180 0 1 84
4181 0 1 85
4182 0 1 86
4183 0 1 87
4184 0 1 88
4185 0 1 89
4186 0 1 90
4187 0 1 91
4188 0 1 92
4189 0 1 93
4190 0 1 94
4191 0 1 95
4192 0 1 96
4193 0 1 97
4194 0 1 98
4195 0 1 99
4196 0 1 100
4197 0 1 101
4198 0 1 102
4199 0 1 103
4200 0 1 104
4201 0 1 105
4202 0 1 106
4203 0 1 107
4204 0 1 108
4205 0 1 109
4206 0 1 110
4207 0 1 111
4208 0 1 112
4209 0 1 113
4210 0 1 114
4211 0 1 115
4212 0 1 116
4213 0 1 117
4214 0 1 118
4215 0 1 119
4216 0 1 120
4217 0 1 121
4218 0 1 122
4219 1 1 66
4220 1 1 67
4221 1 1 68
4222 1 1 69
4223 1 1 70
4224 1 1 71
4225 1 1 72
4226 1 1 73
4227 1 1 74
4228 1 1 75
4229 1 1 76
4230 1 1 77
4231 1 1 78
4232 1 1 79
4233 1 1 80
4234 1 1 81
4235 1 1 82
4236 1 1 83
4237 1 1 84
4238 1 1 85
4239 1 1 86
4240 1 1 87
4241 1 1 88
4242 1 1 89
4243 1 1 90
4244 1 1 91
4245 1 1 92
4246 1 1 93
4247 1 1 94
4248 1 1 95
4249 1 1 96
4250 1 1 97
4251 1 1 98
4252 1 1 99
4253 1 1 100
4254 1 1 101
4255 1 1 102
4256 1 1 103
4257 1 1 104
4258 1 1 105
4259 1 1 106
4260 1 1 107
4261 1 1 108
4262 1 1 109
4263 1 1 110
4264 1 1 111
4265 1 1 112
4266 1 1 113
4267 1 1 114
4268 1 1 115
4269 1 1 116
4270 1 1 117
4271 1 1 118
4272 1 1 119
4273 1 1 120
4274 1 1 121
4275 1 1 122
4276 2 1 67
4277 2 1 68
4278 2 1 69
4279 2 1 70
4280 2 1 71
4281 2 1 72
4282 2 1 73
4283 2 1 74
4284 2 1 75
4285 2 1 76
4286 2 1 77
4287 2 1 78
4288 2 1 79
4289 2 1 80
4290 2 1 81
4291 2 1 82
4292 2 1 83
4293 2 1 84
4294 2 1 85
4295 2 1 86
4296 2 1 87
4297 2 1 88
4298 2 1 89
4299 2 1 90
4300 2 1 91
4301 2 1 92
4302 2 1 93
4303 2 1 94
4304 2 1 95
4305 2 1 96
4306 2 1 97
4307 2 1 98
4308 2 1 99
4309 2 1 100
4310 2 1 101
4311 2 1 102
4312 2 1 103
4313 2 1 104
4314 2 1 105
4315 2 1 106
4316 2 1 107
4317 2 1 108
4318 2 1 109
4319 2 1 110
4320 2 1 111
4321 2 1 112
4322 2 1 113
4323 2 1 114
4324 2 1 115
4325 2 1 116
4326 2 1 117
4327 2 1 118
4328 2 1 119
4329 2 1 120
4330 2 1 121
4331 2 1 122
4332 3 1 69
4333 3 1 70
4334 4 255 70
4335 3 1 71
4336 3 1 72
4337 3 1 73
4338 3 1 74
4339 3 1 75
4340 3 1 76
4341 3 1 77
4342 3 1 78
4343 3 1 79
4344 3 1 80
4345 3 1 81
4346 3 1 82
4347 3 1 83
4348 3 1 84
4349 3 1 85
4350 3 1 86
4351 3 1 87
4352 3 1 88
4353 3 1 89
4354 3 1 90
4355 3 1 91
4356 3 1 92
4357 3 1 93
4358 3 1 94
4359 3 1 95
4360 3 1 96
4361 3 1 97
4362 3 1 98
4363 3 1 99
4364 3 1 100
4365 3 1 101
4366 3 1 102
4367 3 1 103
4368 3 1 104
4369 3 1 105
4370 3 1 106
4371 3 1 107
4372 3 1 108
4373 3 1 109
4374 3 1 110
4375 3 1 111
4376 3 1 112
4377 3 1 113
4378 3 1 114
4379 3 1 115
4380 3 1 116
4381 3 1 117
4382 3 1 118
4383 3 1 119
4384 3 1 120
4385 3 1 121
4386 3 1 122
4387 4 1 71
4388 4 1 72
4389 5 255 72
4390 4 1 73
4391 6 4 73
4392 4 1 74
4393 4 1 75
4394 4 1 76
4395 4 1 77
4396 4 1 78
4397 4 1 79
4398 4 1 80
4399 4 1 81
4400 4 1 82
4401 4 1 83
4402 4 1 84
4403 4 1 85
4404 4 1 86
4405 4 1 87
4406 4 1 88
4407 4 1 89
4408 4 1 90
4409 4 1 91
4410 4 1 92
4411 4 1 93
4412 4 1 94
4413 4 1 95
4414 4 1 96
4415 4 1 97
4416 4 1 98
4417 4 1 99
4418 4 1 100
4419 4 1 101
4420 4 1 102
4421 4 1 103
4422 4 1 104
4423 4 1 105
4424 4 1 106
4425 4 1 107
4426 4 1 108
4427 4 1 109
4428 4 1 110
4429 4 1 111
4430 4 1 112
4431 4 1 113
4432 4 1 114
4433 4 1 115
4434 4 1 116
4435 4 1 117
4436 4 1 118
4437 4 1 119
4438 4 1 120
4439 4 1 121
4440 4 1 122
4441 5 1 73
4442 5 1 74
4443 6 255 74
4444 5 1 75
4445 7 4 75
4446 5 1 76
4447 8 249 76
4448 5 1 77
4449 5 1 78
4450 5 1 79
4451 5 1 80
4452 5 1 81
4453 5 1 82
4454 5 1 83
4455 5 1 84
4456 5 1 85
4457 5 1 86
4458 5 1 87
4459 5 1 88
4460 5 1 89
4461 5 1 90
4462 5 1 91
4463 5 1 92
4464 5 1 93
4465 5 1 94
4466 5 1 95
4467 5 1 96
4468 5 1 97
4469 5 1 98
4470 5 1 99
4471 5 1 100
4472 5 1 101
4473 5 1 102
4474 5 1 103
4475 5 1 104
4476 5 1 105
4477 5 1 106
4478 5 1 107
4479 5 1 108
4480 5 1 109
4481 5 1 110
4482 5 1 111
4483 5 1 112
4484 5 1 113
4485 5 1 114
4486 5 1 115
4487 5 1 116
4488 5 1 117
4489 5 1 118
4490 5 1 119
4491 5 1 120
4492 5 1 121
4493 5 1 122
4494 6 1 75
4495 6 1 76
4496 7 255 76
4497 6 1 77
4498 8 4 77
4499 6 1 78
4500 9 249 78
4501 6 1 79
4502 10 16 79
4503 6 1 80
4504 6 1 81
4505 6 1 82
4506 6 1 83
4507 6 1 84
4508 6 1 85
4509 6 1 86
4510 6 1 87
4511 6 1 88
4512 6 1 89
4513 6 1 90
4514 6 1 91
4515 6 1 92
4516 6 1 93
4517 6 1 94
4518 6 1 95
4519 6 1 96
4520 6 1 97
4521 6 1 98
4522 6 1 99
4523 6 1 100
4524 6 1 101
4525 6 1 102
4526 6 1 103
4527 6 1 104
4528 6 1 105
4529 6 1 106
4530 6 1 107
4531 6 1 108
4532 6 1 109
4533 6 1 110
4534 6 1 111
4535 6 1 112
4536 6 1 113
4537 6 1 114
4538 6 1 115
4539 6 1 116
4540 6 1 117
4541 6 1 118
4542 6 1 119
4543 6 1 120
4544 6 1 121
4545 6 1 122
4546 7 1 77
4547 7 1 78
4548 8 255 78
4549 7 1 79
4550 9 4 79
4551 7 1 80
4552 10 249 80
4553 7 1 81
4554 11 16 81
4555 7 1 82
4556 12 225 82
4557 7 1 83
4558 7 1 84
4559 7 1 85
4560 7 1 86
4561 7 1 87
4562 7 1 88
4563 7 1 89
4564 7 1 90
4565 7 1 91
4566 7 1 92
4567 7 1 93
4568 7 1 94
4569 7 1 95
4570 7 1 96
4571 7 1 97
4572 7 1 98
4573 7 1 99
4574 7 1 100
4575 7 1 101
4576 7 1 102
4577 7 1 103
4578 7 1 104
4579 7 1 105
4580 7 1 106
4581 7 1 107
4582 7 1 108
4583 7 1 109
4584 7 1 110
4585 7 1 111
4586 7 1 112
4587 7 1 113
4588 7 1 114
4589 7 1 115
4590 7 1 116
4591 7 1 117
4592 7 1 118
4593 7 1 119
4594 7 1 120
4595 7 1 121
4596 7 1 122
4597 8 1 79
4598 8 1 80
4599 9 255 80
4600 8 1 81
4601 10 4 81
4602 8 1 82
4603 11 249 82
4604 8 1 83
4605 12 16 83
4606 8 1 84
4607 13 225 84
4608 8 1 85
4609 14 64 85
4610 8 1 86
4611 8 1 87
4612 8 1 88
4613 8 1 89
4614 8 1 90
4615 8 1 91
4616 8 1 92
4617 8 1 93
4618 8 1 94
4619 8 1 95
4620 8 1 96
4621 8 1 97
4622 8 1 98
4623 8 1 99
4624 8 1 100
4625 8 1 101
4626 8 1 102
4627 8 1 103
4628 8 1 104
4629 8 1 105
4630 8 1 106
4631 8 1 107
4632 8 1 108
4633 8 1 109
4634 8 1 110
4635 8 1 111
4636 8 1 112
4637 8 1 113
4638 8 1 114
4639 8 1 115
4640 8 1 116
4641 8 1 117
4642 8 1 118
4643 8 1 119
4644 8 1 120
4645 8 1 121
4646 8 1 122
4647 9 1 81
4648 9 1 82
4649 10 255 82
4650 9 1 83
4651 11 4 83
4652 9 1 84
4653 12 249 84
4654 9 1 85
4655 13 16 85
4656 9 1 86
4657 14 225 86
4658 9 1 87
4659 15 64 87
4660 9 1 88
4661 16 129 88
4662 9 1 89
4663 9 1 90
4664 9 1 91
4665 9 1 92
4666 9 1 93
4667 9 1 94
4668 9 1 95
4669 9 1 96
4670 9 1 97
4671 9 1 98
4672 9 1 99
4673 9 1 100
4674 9 1 101
4675 9 1 102
4676 9 1 103
4677 9 1 104
4678 9 1 105
4679 9 1 106
4680 9 1 107
4681 9 1 108
4682 9 1 109
4683 9 1 110
4684 9 1 111
4685 9 1 112
4686 9 1 113
4687 9 1 114
4688 9 1 115
4689 9 1 116
4690 9 1 117
4691 9 1 118
4692 9 1 119
4693 9 1 120
4694 9 1 121
4695 9 1 122
4696 10 1 83
4697 10 1 84
4698 11 255 84
4699 10 1 85
4700 12 4 85
4701 10 1 86
4702 13 249 86
4703 10 1 87
4704 14 16 87
4705 10 1 88
4706 15 225 88
4707 10 1 89
4708 16 64 89
4709 10 1 90
4710 17 129 90
4711 10 1 91
4712 18 256 91
4713 10 1 92
4714 10 1 93
4715 10 1 94
4716 10 1 95
4717 10 1 96
4718 10 1 97
4719 10 1 98
4720 10 1 99
4721 10 1 100
4722 10 1 101
4723 10 1 102
4724 10 1 103
4725 10 1 104
4726 10 1 105
4727 10 1 106
4728 10 1 107
4729 10 1 108
4730 10 1 109
4731 10 1 110
4732 10 1 111
4733 10 1 112
4734 10 1 113
4735 10 1 114
4736 10 1 115
4737 10 1 116
4738 10 1 117
4739 10 1 118
4740 10 1 119
4741 10 1 120
4742 10 1 121
4743 10 1 122
4744 11 1 85
4745 11 1 86
4746 12 255 86
4747 11 1 87
4748 13 4 87
4749 11 1 88
4750 14 249 88
4751 11 1 89
4752 15 16 89
4753 11 1 90
4754 16 225 90
4755 11 1 91
4756 17 64 91
4757 11 1 92
4758 18 129 92
4759 11 1 93
4760 19 256 93
4761 11 1 94
4762 20 2 94
4763 11 1 95
4764 11 1 96
4765 11 1 97
4766 11 1 98
4767 11 1 99
4768 11 1 100
4769 11 1 101
4770 11 1 102
4771 11 1 103
4772 11 1 104
4773 11 1 105
4774 11 1 106
4775 11 1 107
4776 11 1 108
4777 11 1 109
4778 11 1 110
4779 11 1 111
4780 11 1 112
4781 11 1 113
4782 11 1 114
4783 11 1 115
4784 11 1 116
4785 11 1 117
4786 11 1 118
4787 11 1 119
4788 11 1 120
4789 11 1 121
4790 11 1 122
4791 12 1 87
4792 12 1 88
4793 13 255 88
4794 12 1 89
4795 14 4 89
4796 12 1 90
4797 15 249 90
4798 12 1 91
4799 16 16 91
4800 12 1 92
4801 17 225 92
4802 12 1 93
4803 18 64 93
4804 12 1 94
4805 19 129 94
4806 12 1 95
4807 20 256 95
4808 12 1 96
4809 21 2 96
4810 12 1 97
4811 22 253 97
4812 12 1 98
4813 12 1 99
4814 12 1 100
4815 12 1 101
4816 12 1 102
4817 12 1 103
4818 12 1 104
4819 12 1 105
4820 12 1 106
4821 12 1 107
4822 12 1 108
4823 12 1 109
4824 12 1 110
4825 12 1 111
4826 12 1 112
4827 12 1 113
4828 12 1 114
4829 12 1 115
4830 12 1 116
4831 12 1 117
4832 12 1 118
4833 12 1 119
4834 12 1 120
4835 12 1 121
4836 12 1 122
4837 13 1 89
4838 13 1 90
4839 14 255 90
4840 13 1 91
4841 15 4 91
4842 13 1 92
4843 16 249 92
4844 13 1 93
4845 17 16 93
4846 13 1 94
4847 18 225 94
4848 13 1 95
4849 19 64 95
4850 13 1 96
4851 20 129 96
4852 13 1 97
4853 21 256 97
4854 13 1 98
4855 22 2 98
4856 13 1 99
4857 23 253 99
4858 13 1 100
4859 24 8 100
4860 13 1 101
4861 13 1 102
4862 13 1 103
4863 13 1 104
4864 13 1 105
4865 13 1 106
4866 13 1 107
4867 13 1 108
4868 13 1 109
4869 13 1 110
4870 13 1 111
4871 13 1 112
4872 13 1 113
4873 13 1 114
4874 13 1 115
4875 13 1 116
4876 13 1 117
4877 13 1 118
4878 13 1 119
4879 13 1 120
4880 13 1 121
4881 13 1 122
4882 14 1 91
4883 14 1 92
4884 15 255 92
4885 14 1 93
4886 16 4 93
4887 14 1 94
4888 17 249 94
4889 14 1 95
4890 18 16 95
4891 14 1 96
4892 19 225 96
4893 14 1 97
4894 20 64 97
4895 14 1 98
4896 21 129 98
4897 14 1 99
4898 22 256 99
4899 14 1 100
4900 23 2 100
4901 14 1 101
4902 24 253 101
4903 14 1 102
4904 25 8 102
4905 14 1 103
4906 26 241 103
4907 14 1 104
4908 14 1 105
4909 14 1 106
4910 14 1 107
4911 14 1 108
4912 14 1 109
4913 14 1 110
4914 14 1 111
4915 14 1 112
4916 14 1 113
4917 14 1 114
4918 14 1 115
4919 14 1 116
4920 14 1 117
4921 14 1 118
4922 14 1 119
4923 14 1 120
4924 14 1 121
4925 14 1 122
4926 15 1 93
4927 15 1 94
4928 16 255 94
4929 15 1 95
4930 17 4 95
4931 15 1 96
4932 18 249 96
4933 15 1 97
4934 19 16 97
4935 15 1 98
4936 20 225 98
4937 15 1 99
4938 21 64 99
4939 15 1 100
4940 22 129 100
4941 15 1 101
4942 23 256 101
4943 15 1 102
4944 24 2 102
4945 15 1 103
4946 25 253 103
4947 15 1 104
4948 26 8 104
4949 15 1 105
4950 27 241 105
4951 15 1 106
4952 28 32 106
4953 15 1 107
4954 15 1 108
4955 15 1 109
4956 15 1 110
4957 15 1 111
4958 15 1 112
4959 15 1 113
4960 15 1 114
4961 15 1 115
4962 15 1 116
4963 15 1 117
4964 15 1 118
4965 15 1 119
4966 15 1 120
4967 15 1 121
4968 15 1 122
4969 16 1 95
4970 16 1 96
4971 17 255 96
4972 16 1 97
4973 18 4 97
4974 16 1 98
4975 19 249 98
4976 16 1 99
4977 20 16 99
4978 16 1 100
4979 21 225 100
4980 16 1 101
4981 22 64 101
4982 16 1 102
4983 23 129 102
4984 16 1 103
4985 24 256 103
4986 16 1 104
4987 25 2 104
4988 16 1 105
4989 26 253 105
4990 16 1 106
4991 27 8 106
4992 16 1 107
4993 28 241 107
4994 16 1 108
4995 29 32 108
4996 16 1 109
4997 30 193 109
4998 16 1 110
4999 16 1 111
5000 16 1 112
5001 16 1 113
5002 16 1 114
5003 16 1 115
5004 16 1 116
5005 16 1 117
5006 16 1 118
5007 16 1 119
5008 16 1 120
5009 16 1 121
5010 16 1 122
5011 17 1 97
5012 17 1 98
5013 18 255 98
5014 17 1 99
5015 19 4 99
5016 17 1 100
5017 20 249 100
5018 17 1 101
5019 21 16 101
5020 17 1 102
5021 22 225 102
5022 17 1 103
5023 23 64 103
5024 17 1 104
5025 24 129 104
5026 17 1 105
5027 25 256 105
5028 17 1 106
5029 26 2 106
5030 17 1 107
5031 27 253 107
5032 17 1 108
5033 28 8 108
5034 17 1 109
5035 29 241 109
5036 17 1 110
5037 30 32 110
5038 17 1 111
5039 31 193 111
5040 17 1 112
5041 32 128 112
5042 17 1 113
5043 17 1 114
5044 17 1 115
5045 17 1 116
5046 17 1 117
5047 17 1 118
5048 17 1 119
5049 17 1 120
5050 17 1 121
5051 17 1 122
5052 18 1 99
5053 18 1 100
5054 19 255 100
5055 18 1 101
5056 20 4 101
5057 18 1 102
5058 21 249 102
5059 18 1 103
5060 22 16 103
5061 18 1 104
5062 23 225 104
5063 18 1 105
5064 24 64 105
5065 18 1 106
5066 25 129 106
5067 18 1 107
5068 26 256 107
5069 18 1 108
5070 27 2 108
5071 18 1 109
5072 28 253 109
5073 18 1 110
5074 29 8 110
5075 18 1 111
5076 30 241 111
5077 18 1 112
5078 31 32 112
5079 18 1 113
5080 32 193 113
5081 18 1 114
5082 33 128 114
5083 18 1 115
5084 34 1 115
5085 18 1 116
5086 18 1 117
5087 18 1 118
5088 18 1 119
5089 18 1 120
5090 18 1 121
5091 18 1 122
5092 19 1 101
5093 19 1 102
5094 20 255 102
5095 19 1 103
5096 21 4 103
5097 19 1 104
5098 22 249 104
5099 19 1 105
5100 23 16 105
5101 19 1 106
5102 24 225 106
5103 19 1 107
5104 25 64 107
5105 19 1 108
5106 26 129 108
5107 19 1 109
5108 27 256 109
5109 19 1 110
5110 28 2 110
5111 19 1 111
5112 29 253 111
5113 19 1 112
5114 30 8 112
5115 19 1 113
5116 31 241 113
5117 19 1 114
5118 32 32 114
5119 19 1 115
5120 33 193 115
5121 19 1 116
5122 34 128 116
5123 19 1 117
5124 35 1 117
5125 19 1 118
5126 36 255 118
5127 19 1 119
5128 19 1 120
5129 19 1 121
5130 19 1 122
5131 20 1 103
5132 20 1 104
5133 21 255 104
5134 20 1 105
5135 22 4 105
5136 20 1 106
5137 23 249 106
5138 20 1 107
5139 24 16 107
5140 20 1 108
5141 25 225 108
5142 20 1 109
5143 26 64 109
5144 20 1 110
5145 27 129 110
5146 20 1 111
5147 28 256 111
5148 20 1 112
5149 29 2 112
5150 20 1 113
5151 30 253 113
5152 20 1 114
5153 31 8 114
5154 20 1 115
5155 32 241 115
5156 20 1 116
5157 33 32 116
5158 20 1 117
5159 34 193 117
5160 20 1 118
5161 35 128 118
5162 20 1 119
5163 36 1 119
5164 20 1 120
5165 37 255 120
5166 20 1 121
5167 38 4 121
5168 20 1 122
5169 21 1 105
5170 21 1 106
5171 22 255 106
5172 21 1 107
5173 23 4 107
5174 21 1 108
5175 24 249 108
5176 21 1 109
5177 25 16 109
5178 21 1 110
5179 26 225 110
5180 21 1 111
5181 27 64 111
5182 21 1 112
5183 28 129 112
5184 21 1 113
5185 29 256 113
5186 21 1 114
5187 30 2 114
5188 21 1 115
5189 31 253 115
5190 21 1 116
5191 32 8 116
5192 21 1 117
5193 33 241 117
5194 21 1 118
5195 34 32 118
5196 21 1 119
5197 35 193 119
5198 21 1 120
5199 36 128 120
5200 21 1 121
5201 37 1 121
5202 21 1 122
5203 38 255 122
5204 20 9 123
5205 21 1 123
5206 22 1 107
5207 22 1 108
5208 23 255 108
5209 22 1 109
5210 24 4 109
5211 22 1 110
5212 25 249 110
5213 22 1 111
5214 26 16 111
5215 22 1 112
5216 27 225 112
5217 22 1 113
5218 28 64 113
5219 22 1 114
5220 29 129 114
5221 22 1 115
5222 30 256 115
5223 22 1 116
5224 31 2 116
5225 22 1 117
5226 32 253 117
5227 22 1 118
5228 33 8 118
5229 22 1 119
5230 34 241 119
5231 22 1 120
5232 35 32 120
5233 22 1 121
5234 36 193 121
5235 22 1 122
5236 37 128 122
5237 18 178 123
5238 19 89 123
5239 22 1 123
5240 39 238 123
5241 22 1 124
5242 23 1 109
5243 23 1 110
5244 24 255 110
5245 23 1 111
5246 25 4 111
5247 23 1 112
5248 26 249 112
5249 23 1 113
5250 27 16 113
5251 23 1 114
5252 28 225 114
5253 23 1 115
5254 29 64 115
5255 23 1 116
5256 30 129 116
5257 23 1 117
5258 31 256 117
5259 23 1 118
5260 32 2 118
5261 23 1 119
5262 33 253 119
5263 23 1 120
5264 34 8 120
5265 23 1 121
5266 35 241 121
5267 23 1 122
5268 36 32 122
5269 16 188 123
5270 17 188 123
5271 23 1 123
5272 38 255 123
5273 20 154 124
5274 21 77 124
5275 23 1 124
5276 40 172 124
5277 24 1 111
5278 24 1 112
5279 25 255 112
5280 24 1 113
5281 26 4 113
5282 24 1 114
5283 27 249 114
5284 24 1 115
5285 28 16 115
5286 24 1 116
5287 29 225 116
5288 24 1 117
5289 30 64 117
5290 24 1 118
5291 31 129 118
5292 24 1 119
5293 32 256 119
5294 24 1 120
5295 33 2 120
5296 24 1 121
5297 34 253 121
5298 24 1 122
5299 35 8 122
5300 14 229 123
5301 15 39 123
5302 24 1 123
5303 37 84 123
5304 18 173 124
5305 19 173 124
5306 24 1 124
5307 39 119 124
5308 22 177 125
5309 23 217 125
5310 24 1 125
5311 25 1 113
5312 25 1 114
5313 26 255 114
5314 25 1 115
5315 27 4 115
5316 25 1 116
5317 28 249 116
5318 25 1 117
5319 29 16 117
5320 25 1 118
5321 30 225 118
5322 25 1 119
5323 31 64 119
5324 25 1 120
5325 32 129 120
5326 25 1 121
5327 33 256 121
5328 25 1 122
5329 34 2 122
5330 12 229 123
5331 13 30 123
5332 25 1 123
5333 36 16 123
5334 16 83 124
5335 17 224 124
5336 25 1 124
5337 38 240 124
5338 20 77 125
5339 21 77 125
5340 25 1 125
5341 40 200 125
5342 24 2 126
5343 25 1 126
5344 26 1 115
5345 26 1 116
5346 27 255 116
5347 26 1 117
5348 28 4 117
5349 26 1 118
5350 29 249 118
5351 26 1 119
5352 30 16 119
5353 26 1 120
5354 31 225 120
5355 26 1 121
5356 32 64 121
5357 26 1 122
5358 33 129 122
5359 10 236 123
5360 11 173 123
5361 26 1 123
5362 35 40 123
5363 14 161 124
5364 15 213 124
5365 26 1 124
5366 37 85 124
5367 18 68 125
5368 19 199 125
5369 26 1 125
5370 39 246 125
5371 22 197 126
5372 23 197 126
5373 26 1 126
5374 41 158 126
5375 26 1 127
5376 27 1 117
5377 27 1 118
5378 28 255 118
5379 27 1 119
5380 29 4 119
5381 27 1 120
5382 30 249 120
5383 27 1 121
5384 31 16 121
5385 27 1 122
5386 32 225 122
5387 8 173 123
5388 9 239 123
5389 27 1 123
5390 34 167 123
5391 12 244 124
5392 13 205 124
5393 27 1 124
5394 36 127 124
5395 16 202 125
5396 17 114 125
5397 27 1 125
5398 38 246 125
5399 20 35 126
5400 21 144 126
5401 27 1 126
5402 40 166 126
5403 24 2 127
5404 25 2 127
5405 27 1 127
5406 42 215 127
5407 28 1 119
5408 28 1 120
5409 29 255 120
5410 28 1 121
5411 30 4 121
5412 28 1 122
5413 31 249 122
5414 6 52 123
5415 7 58 123
5416 28 1 123
5417 33 217 123
5418 10 250 124
5419 11 127 124
5420 28 1 124
5421 35 224 124
5422 14 21 125
5423 15 84 125
5424 28 1 125
5425 37 158 125
5426 18 112 126
5427 19 137 126
5428 28 1 126
5429 39 6 126
5430 22 244 127
5431 23 64 127
5432 28 1 127
5433 41 63 127
5434 26 194 128
5435 27 194 128
5436 28 1 128
5437 29 1 121
5438 29 1 122
5439 30 255 122
5440 4 244 123
5441 5 189 123
5442 29 1 123
5443 32 58 123
5444 8 35 124
5445 9 128 124
5446 29 1 124
5447 34 220 124
5448 12 77 125
5449 13 145 125
5450 29 1 125
5451 36 3 125
5452 16 6 126
5453 17 24 126
5454 29 1 126
5455 38 77 126
5456 20 223 127
5457 21 220 127
5458 29 1 127
5459 40 199 127
5460 24 204 128
5461 25 83 128
5462 29 1 128
5463 42 79 128
5464 28 1 129
5465 29 1 129
5466 3 32 123
5467 30 1 123
5468 31 77 123
5469 6 256 124
5470 7 232 124
5471 30 1 124
5472 33 136 124
5473 10 220 125
5474 11 107 125
5475 30 1 125
5476 35 224 125
5477 14 21 126
5478 15 133 126
5479 30 1 126
5480 37 133 126
5481 18 208 127
5482 19 61 127
5483 30 1 127
5484 39 172 127
5485 22 181 128
5486 23 8 128
5487 30 1 128
5488 41 7 128
5489 26 153 129
5490 27 255 129
5491 30 1 129
5492 43 207 129
5493 30 1 130
5494 5 69 124
5495 31 1 124
5496 32 224 124
5497 8 226 125
5498 9 253 125
5499 31 1 125
5500 34 82 125
5501 12 225 126
5502 13 162 126
5503 31 1 126
5504 36 48 126
5505 16 8 127
5506 17 222 127
5507 31 1 127
5508 38 86 127
5509 20 123 128
5510 21 235 128
5511 31 1 128
5512 40 87 128
5513 24 158 129
5514 25 51 129
5515 31 1 129
5516 42 228 129
5517 28 40 130
5518 29 238 130
5519 31 1 130
5520 44 71 130
5521 7 149 125
5522 32 1 125
5523 33 62 125
5524 10 185 126
5525 11 256 126
5526 32 1 126
5527 35 120 126
5528 14 222 127
5529 15 129 127
5530 32 1 127
5531 37 63 127
5532 18 4 128
5533 19 111 128
5534 32 1 128
5535 39 179 128
5536 22 82 129
5537 23 71 129
5538 32 1 129
5539 41 217 129
5540 26 74 130
5541 27 141 130
5542 32 1 130
5543 43 84 130
5544 30 9 131
5545 31 15 131
5546 32 1 131
5547 9 118 126
5548 33 1 126
5549 34 20 126
5550 12 42 127
5551 13 22 127
5552 33 1 127
5553 36 166 127
5554 16 69 128
5555 17 245 128
5556 33 1 128
5557 38 84 128
5558 20 246 129
5559 21 16 129
5560 33 1 129
5561 40 106 129
5562 24 128 130
5563 25 255 130
5564 33 1 130
5565 42 239 130
5566 28 216 131
5567 29 99 131
5568 33 1 131
5569 44 135 131
5570 32 52 132
5571 33 1 132
5572 11 125 127
5573 34 1 127
5574 35 91 127
5575 14 206 128
5576 15 10 128
5577 34 1 128
5578 37 108 128
5579 18 247 129
5580 19 147 129
5581 34 1 129
5582 39 114 129
5583 22 20 130
5584 23 41 130
5585 34 1 130
5586 41 26 130
5587 26 128 131
5588 27 255 131
5589 34 1 131
5590 43 212 131
5591 30 241 132
5592 31 164 132
5593 34 1 132
5594 45 235 132
5595 34 1 133
5596 13 32 128
5597 35 1 128
5598 36 181 128
5599 16 81 129
5600 17 226 129
5601 35 1 129
5602 38 248 129
5603 20 182 130
5604 21 203 130
5605 35 1 130
5606 40 59 130
5607 24 170 131
5608 25 220 131
5609 35 1 131
5610 42 189 131
5611 28 205 132
5612 29 49 132
5613 35 1 132
5614 44 131 132
5615 32 94 133
5616 33 193 133
5617 35 1 133
5618 46 250 133
5619 15 181 129
5620 36 1 129
5621 37 23 129
5622 18 31 130
5623 19 4 130
5624 36 1 130
5625 39 166 130
5626 22 19 131
5627 23 209 131
5628 36 1 131
5629 41 105 131
5630 26 127 132
5631 27 119 132
5632 36 1 132
5633 43 1 132
5634 30 146 133
5635 31 70 133
5636 36 1 133
5637 45 233 133
5638 34 1 134
5639 35 54 134
5640 36 1 134
5641 17 35 130
5642 37 1 130
5643 38 173 130
5644 20 229 131
5645 21 71 131
5646 37 1 131
5647 40 45 131
5648 24 5 132
5649 25 55 132
5650 37 1 132
5651 42 106 132
5652 28 255 133
5653 29 73 133
5654 37 1 133
5655 44 2 133
5656 32 168 134
5657 33 158 134
5658 37 1 134
5659 46 161 134
5660 36 119 135
5661 37 1 135
5662 19 28 131
5663 38 1 131
5664 39 254 131
5665 22 229 132
5666 23 71 132
5667 38 1 132
5668 41 73 132
5669 26 199 133
5670 27 133 133
5671 38 1 133
5672 43 159 133
5673 30 107 134
5674 31 78 134
5675 38 1 134
5676 45 90 134
5677 34 79 135
5678 35 59 135
5679 38 1 135
5680 47 243 135
5681 38 1 136
5682 21 13 132
5683 39 1 132
5684 40 148 132
5685 24 88 133
5686 25 144 133
5687 39 1 133
5688 42 248 133
5689 28 52 134
5690 29 58 134
5691 39 1 134
5692 44 76 134
5693 32 158 135
5694 33 144 135
5695 39 1 135
5696 46 216 135
5697 36 140 136
5698 37 46 136
5699 39 1 136
5700 48 117 136
5701 23 43 133
5702 40 1 133
5703 41 93 133
5704 26 121 134
5705 27 198 134
5706 40 1 134
5707 43 53 134
5708 30 236 135
5709 31 26 135
5710 40 1 135
5711 45 252 135
5712 34 171 136
5713 35 55 136
5714 40 1 136
5715 47 80 136
5716 38 135 137
5717 39 26 137
5718 40 1 137
5719 25 101 134
5720 41 1 134
5721 42 202 134
5722 28 245 135
5723 29 214 135
5724 41 1 135
5725 44 231 135
5726 32 215 136
5727 33 52 136
5728 41 1 136
5729 46 175 136
5730 36 225 137
5731 37 140 137
5732 41 1 137
5733 48 181 137
5734 40 193 138
5735 41 1 138
5736 27 23 135
5737 42 1 135
5738 43 143 135
5739 30 198 136
5740 31 67 136
5741 42 1 136
5742 45 69 136
5743 34 159 137
5744 35 207 137
5745 42 1 137
5746 47 21 137
5747 38 161 138
5748 39 163 138
5749 42 1 138
5750 49 172 138
5751 42 1 139
5752 29 57 136
5753 43 1 136
5754 44 154 136
5755 32 209 137
5756 33 85 137
5757 43 1 137
5758 46 92 137
5759 36 200 138
5760 37 144 138
5761 43 1 138
5762 48 42 138
5763 40 87 139
5764 41 37 139
5765 43 1 139
5766 50 91 139
5767 31 114 137
5768 44 1 137
5769 45 124 137
5770 34 137 138
5771 35 84 138
5772 44 1 138
5773 47 255 138
5774 38 126 139
5775 39 101 139
5776 44 1 139
5777 49 223 139
5778 42 177 140
5779 43 93 140
5780 44 1 140
5781 33 184 138
5782 45 1 138
5783 46 182 138
5784 36 235 139
5785 37 221 139
5786 45 1 139
5787 48 144 139
5788 40 219 140
5789 41 96 140
5790 45 1 140
5791 50 252 140
5792 44 176 141
5793 45 1 141
5794 35 148 139
5795 46 1 139
5796 47 46 139
5797 38 28 140
5798 39 186 140
5799 46 1 140
5800 49 216 140
5801 42 86 141
5802 43 175 141
5803 46 1 141
5804 51 111 141
5805 46 1 142
5806 37 107 140
5807 47 1 140
5808 48 251 140
5809 40 112 141
5810 41 230 141
5811 47 1 141
5812 50 140 141
5813 44 63 142
5814 45 179 142
5815 47 1 142
5816 52 152 142
5817 39 231 141
5818 48 1 141
5819 49 186 141
5820 42 18 142
5821 43 193 142
5822 48 1 142
5823 51 245 142
5824 46 163 143
5825 47 251 143
5826 48 1 143
5827 41 33 142
5828 49 1 142
5829 50 29 142
5830 44 213 143
5831 45 185 143
5832 49 1 143
5833 52 233 143
5834 48 187 144
5835 49 1 144
5836 43 165 143
5837 50 1 143
5838 51 248 143
5839 46 206 144
5840 47 10 144
5841 50 1 144
5842 53 197 144
5843 50 1 145
5844 45 219 144
5845 51 1 144
5846 52 92 144
5847 48 168 145
5848 49 88 145
5849 51 1 145
5850 54 17 145
5851 47 64 145
5852 52 1 145
5853 53 115 145
5854 50 133 146
5855 51 241 146
5856 52 1 146
5857 49 229 146
5858 53 1 146
5859 54 239 146
5860 52 72 147
5861 53 1 147
5862 51 178 147
5863 54 1 147
5864 55 230 147
5865 54 1 148
5866 53 54 148
5867 55 1 148
5868 56 203 148
5869 55 119 149
5870 56 1 149
5871 57 1 150
5872 58 135 151
5873 57 45 151
5874 56 15 150
5875 55 5 150
5876 54 173 149
5877 53 229 149
5878 52 162 148
5879 51 54 148
5880 50 18 147
5881 49 6 147
5882 48 2 146
5883 47 172 146
5884 46 143 145
5885 45 219 145
5886 44 73 144
5887 43 110 144
5888 42 208 143
5889 41 155 143
5890 40 223 142
5891 39 160 142
5892 38 139 141
5893 37 132 141
5894 36 44 140
5895 35 186 140
5896 34 62 139
5897 33 192 139
5898 32 64 138
5899 31 107 138
5900 30 207 137
5901 29 69 137
5902 28 23 136
5903 27 179 136
5904 26 231 135
5905 25 77 135
5906 24 197 134
5907 23 237 134
5908 22 79 133
5909 21 112 133
5910 20 123 132
5911 19 41 132
5912 18 185 131
5913 17 233 131
5914 16 249 130
5915 15 83 130
5916 14 199 129
5917 13 152 129
5918 12 222 128
5919 11 74 128
5920 59 135 153
5921 58 45 152
5922 57 15 152
5923 56 5 151
5924 55 173 151
5925 54 229 150
5926 53 162 150
5927 52 54 149
5928 51 18 149
5929 50 6 148
5930 49 2 148
5931 48 172 147
5932 47 143 147
5933 46 219 146
5934 45 73 146
5935 44 110 145
5936 43 208 145
5937 42 155 144
5938 41 223 144
5939 40 160 143
5940 39 139 143
5941 38 132 142
5942 37 44 142
5943 36 186 141
5944 35 62 141
5945 34 192 140
5946 33 64 140
5947 32 107 139
5948 31 207 139
5949 30 69 138
5950 29 23 138
5951 28 179 137
5952 27 231 137
5953 26 77 136
5954 25 197 136
5955 24 237 135
5956 23 79 135
5957 22 112 134
5958 21 123 134
5959 20 41 133
5960 19 185 133
5961 18 233 132
5962 17 249 132
5963 16 83 131
5964 15 199 131
5965 14 152 130
5966 13 222 130
5967 60 135 154
5968 59 45 154
5969 58 15 153
5970 57 5 153
5971 56 173 152
5972 55 229 152
5973 54 162 151
5974 53 54 151
5975 52 18 150
5976 51 6 150
5977 50 2 149
5978 49 172 149
5979 48 143 148
5980 47 219 148
5981 46 73 147
5982 45 110 147
5983 44 208 146
5984 43 155 146
5985 42 223 145
5986 41 160 145
5987 40 139 144
5988 39 132 144
5989 38 44 143
5990 37 186 143
5991 36 62 142
5992 35 192 142
5993 34 64 141
5994 33 107 141
5995 32 207 140
5996 31 69 140
5997 30 23 139
5998 29 179 139
5999 28 231 138
6000 27 77 138
6001 26 197 137
6002 25 237 137
6003 24 79 136
6004 23 112 136
6005 22 123 135
6006 21 41 135
6007 20 185 134
6008 19 233 134
6009 18 249 133
6010 17 83 133
6011 16 199 132
6012 15 152 132
6013 61 135 156
6014 60 45 155
6015 59 15 155
6016 58 5 154
6017 57 173 154
6018 56 229 153
6019 55 162 153
6020 54 54 152
6021 53 18 152
6022 52 6 151
6023 51 2 151
6024 50 172 150
6025 49 143 150
6026 48 219 149
6027 47 73 149
6028 46 110 148
6029 45 208 148
6030 44 155 147
6031 43 223 147
6032 42 160 146
6033 41 139 146
6034 40 132 145
6035 39 44 145
6036 38 186 144
6037 37 62 144
6038 36 192 143
6039 35 64 143
6040 34 107 142
6041 33 207 142
6042 32 69 141
6043 31 23 141
6044 30 179 140
6045 29 231 140
6046 28 77 139
6047 27 197 139
6048 26 237 138
6049 25 79 138
6050 24 112 137
6051 23 123 137
6052 22 41 136
6053 21 185 136
6054 20 233 135
6055 19 249 135
6056 18 83 134
6057 17 199 134
6058 62 135 157
6059 61 45 157
6060 60 15 156
6061 59 5 156
6062 58 173 155
6063 57 229 155
6064 56 162 154
6065 55 54 154
6066 54 18 153
6067 53 6 153
6068 52 2 152
6069 51 172 152
6070 50 143 151
6071 49 219 151
6072 48 73 150
6073 47 110 150
6074 46 208 149
6075 45 155 149
6076 44 223 148
6077 43 160 148
6078 42 139 147
6079 41 132 147
6080 40 44 146
6081 39 186 146
6082 38 62 145
6083 37 192 145
6084 36 64 144
6085 35 107 144
6086 34 207 143
6087 33 69 143
6088 32 23 142
6089 31 179 142
6090 30 231 141
6091 29 77 141
6092 28 197 140
6093 27 237 140
6094 26 79 139
6095 25 112 139
6096 24 123 138
6097 23 41 138
6098 22 185 137
6099 21 233 137
6100 20 249 136
6101 19 83 136
6102 63 135 159
6103 62 45 158
6104 61 15 158
6105 60 5 157
6106 59 173 157
6107 58 229 156
6108 57 162 156
6109 56 54 155
6110 55 18 155
6111 54 6 154
6112 53 2 154
6113 52 172 153
6114 51 143 153
6115 50 219 152
6116 49 73 152
6117 48 110 151
6118 47 208 151
6119 46 155 150
6120 45 223 150
6121 44 160 149
6122 43 139 149
6123 42 132 148
6124 41 44 148
6125 40 186 147
6126 39 62 147
6127 38 192 146
6128 37 64 146
6129 36 107 145
6130 35 207 145
6131 34 69 144
6132 33 23 144
6133 32 179 143
6134 31 231 143
6135 30 77 142
6136 29 197 142
6137 28 237 141
6138 27 79 141
6139 26 112 140
6140 25 123 140
6141 24 41 139
6142 23 185 139
6143 22 233 138
6144 21 249 138
6145 64 135 160
6146 63 45 160
6147 62 15 159
6148 61 5 159
6149 60 173 158
6150 59 229 158
6151 58 162 157
6152 57 54 157
6153 56 18 156
6154 55 6 156
6155 54 2 155
6156 53 172 155
6157 52 143 154
6158 51 219 154
6159 50 73 153
6160 49 110 153
6161 48 208 152
6162 47 155 152
6163 46 223 151
6164 45 160 151
6165 44 139 150
6166 43 132 150
6167 42 44 149
6168 41 186 149
6169 40 62 148
6170 39 192 148
6171 38 64 147
6172 37 107 147
6173 36 207 146
6174 35 69 146
6175 34 23 145
6176 33 179 145
6177 32 231 144
6178 31 77 144
6179 30 197 143
6180 29 237 143
6181 28 79 142
6182 27 112 142
6183 26 123 141
6184 25 41 141
6185 24 185 140
6186 23 233 140
6187 65 135 162
6188 64 45 161
6189 63 15 161
6190 62 5 160
6191 61 173 160
6192 60 229 159
6193 59 162 159
6194 58 54 158
6195 57 18 158
6196 56 6 157
6197 55 2 157
6198 54 172 156
6199 53 143 156
6200 52 219 155
6201 51 73 155
6202 50 110 154
6203 49 208 154
6204 48 155 153
6205 47 223 153
6206 46 160 152
6207 45 139 152
6208 44 132 151
6209 43 44 151
6210 42 186 150
6211 41 62 150
6212 40 192 149
6213 39 64 149
6214 38 107 148
6215 37 207 148
6216 36 69 147
6217 35 23 147
6218 34 179 146
6219 33 231 146
6220 32 77 145
6221 31 197 145
6222 30 237 144
6223 29 79 144
6224 28 112 143
6225 27 123 143
6226 26 41 142
6227 25 185 142
6228 66 135 163
6229 65 45 163
6230 64 15 162
6231 63 5 162
6232 62 173 161
6233 61 229 161
6234 60 162 160
6235 59 54 160
6236 58 18 159
6237 57 6 159
6238 56 2 158
6239 55 172 158
6240 54 143 157
6241 53 219 157
6242 52 73 156
6243 51 110 156
6244 50 208 155
6245 49 155 155
6246 48 223 154
6247 47 160 154
6248 46 139 153
6249 45 132 153
6250 44 44 152
6251 43 186 152
6252 42 62 151
6253 41 192 151
6254 40 64 150
6255 39 107 150
6256 38 207 149
6257 37 69 149
6258 36 23 148
6259 35 179 148
6260 34 231 147
6261 33 77 147
6262 32 197 146
6263 31 237 146
6264 30 79 145
6265 29 112 145
6266 28 123 144
6267 27 41 144
6268 67 135 165
6269 66 45 164
6270 65 15 164
6271 64 5 163
6272 63 173 163
6273 62 229 162
6274 61 162 162
6275 60 54 161
6276 59 18 161
6277 58 6 160
6278 57 2 160
6279 56 172 159
6280 55 143 159
6281 54 219 158
6282 53 73 158
6283 52 110 157
6284 51 208 157
6285 50 155 156
6286 49 223 156
6287 48 160 155
6288 47 139 155
6289 46 132 154
6290 45 44 154
6291 44 186 153
6292 43 62 153
6293 42 192 152
6294 41 64 152
6295 40 107 151
6296 39 207 151
6297 38 69 150
6298 37 23 150
6299 36 179 149
6300 35 231 149
6301 34 77 148
6302 33 197 148
6303 32 237 147
6304 31 79 147
6305 30 112 146
6306 29 123 146
6307 68 135 166
6308 67 45 166
6309 66 15 165
6310 65 5 165
6311 64 173 164
6312 63 229 164
6313 62 162 163
6314 61 54 163
6315 60 18 162
6316 59 6 162
6317 58 2 161
6318 57 172 161
6319 56 143 160
6320 55 219 160
6321 54 73 159
6322 53 110 159
6323 52 208 158
6324 51 155 158
6325 50 223 157
6326 49 160 157
6327 48 139 156
6328 47 132 156
6329 46 44 155
6330 45 186 155
6331 44 62 154
6332 43 192 154
6333 42 64 153
6334 41 107 153
6335 40 207 152
6336 39 69 152
6337 38 23 151
6338 37 179 151
6339 36 231 150
6340 35 77 150
6341 34 197 149
6342 33 237 149
6343 32 79 148
6344 31 112 148
6345 69 135 168
6346 68 45 167
6347 67 15 167
6348 66 5 166
6349 65 173 166
6350 64 229 165
6351 63 162 165
6352 62 54 164
6353 61 18 164
6354 60 6 163
6355 59 2 163
6356 58 172 162
6357 57 143 162
6358 56 219 161
6359 55 73 161
6360 54 110 160
6361 53 208 160
6362 52 155 159
6363 51 223 159
6364 50 160 158
6365 49 139 158
6366 48 132 157
6367 47 44 157
6368 46 186 156
6369 45 62 156
6370 44 192 155
6371 43 64 155
6372 42 107 154
6373 41 207 154
6374 40 69 153
6375 39 23 153
6376 38 179 152
6377 37 231 152
6378 36 77 151
6379 35 197 151
6380 34 237 150
6381 33 79 150
6382 70 135 169
6383 69 45 169
6384 68 15 168
6385 67 5 168
6386 66 173 167
6387 65 229 167
6388 64 162 166
6389 63 54 166
6390 62 18 165
6391 61 6 165
6392 60 2 164
6393 59 172 164
6394 58 143 163
6395 57 219 163
6396 56 73 162
6397 55 110 162
6398 54 208 161
6399 53 155 161
6400 52 223 160
6401 51 160 160
6402 50 139 159
6403 49 132 159
6404 48 44 158
6405 47 186 158
6406 46 62 157
6407 45 192 157
6408 44 64 156
6409 43 107 156
6410 42 207 155
6411 41 69 155
6412 40 23 154
6413 39 179 154
6414 38 231 153
6415 37 77 153
6416 36 197 152
6417 35 237 152
6418 71 135 171
6419 70 45 170
6420 69 15 170
6421 68 5 169
6422 67 173 169
6423 66 229 168
6424 65 162 168
6425 64 54 167
6426 63 18 167
6427 62 6 166
6428 61 2 166
6429 60 172 165
6430 59 143 165
6431 58 219 164
6432 57 73 164
6433 56 110 163
6434 55 208 163
6435 54 155 162
6436 53 223 162
6437 52 160 161
6438 51 139 161
6439 50 132 160
6440 49 44 160
6441 48 186 159
6442 47 62 159
6443 46 192 158
6444 45 64 158
6445 44 107 157
6446 43 207 157
6447 42 69 156
6448 41 23 156
6449 40 179 155
6450 39 231 155
6451 38 77 154
6452 37 197 154
6453 72 135 172
6454 71 45 172
6455 70 15 171
6456 69 5 171
6457 68 173 170
6458 67 229 170
6459 66 162 169
6460 65 54 169
6461 64 18 168
6462 63 6 168
6463 62 2 167
6464 61 172 167
6465 60 143 166
6466 59 219 166
6467 58 73 165
6468 57 110 165
6469 56 208 164
6470 55 155 164
6471 54 223 163
6472 53 160 163
6473 52 139 162
6474 51 132 162
6475 50 44 161
6476 49 186 161
6477 48 62 160
6478 47 192 160
6479 46 64 159
6480 45 107 159
6481 44 207 158
6482 43 69 158
6483 42 23 157
6484 41 179 157
6485 40 231 156
6486 39 77 156
6487 73 135 174
6488 72 45 173
6489 71 15 173
6490 70 5 172
6491 69 173 172
6492 68 229 171
6493 67 162 171
6494 66 54 170
6495 65 18 170
6496 64 6 169
6497 63 2 169
6498 62 172 168
6499 61 143 168
6500 60 219 167
6501 59 73 167
6502 58 110 166
6503 57 208 166
6504 56 155 165
6505 55 223 165
6506 54 160 164
6507 53 139 164
6508 52 132 163
6509 51 44 163
6510 50 186 162
6511 49 62 162
6512 48 192 161
6513 47 64 161
6514 46 107 160
6515 45 207 160
6516 44 69 159
6517 43 23 159
6518 42 179 158
6519 41 231 158
6520 74 135 175
6521 73 45 175
6522 72 15 174
6523 71 5 174
6524 70 173 173
6525 69 229 173
6526 68 162 172
6527 67 54 172
6528 66 18 171
6529 65 6 171
6530 64 2 170
6531 63 172 170
6532 62 143 169
6533 61 219 169
6534 60 73 168
6535 59 110 168
6536 58 208 167
6537 57 155 167
6538 56 223 166
6539 55 160 166
6540 54 139 165
6541 53 132 165
6542 52 44 164
6543 51 186 164
6544 50 62 163
6545 49 192 163
6546 48 64 162
6547 47 107 162
6548 46 207 161
6549 45 69 161
6550 44 23 160
6551 43 179 160
6552 75 135 177
6553 74 45 176
6554 73 15 176
6555 72 5 175
6556 71 173 175
6557 70 229 174
6558 69 162 174
6559 68 54 173
6560 67 18 173
6561 66 6 172
6562 65 2 172
6563 64 172 171
6564 63 143 171
6565 62 219 170
6566 61 73 170
6567 60 110 169
6568 59 208 169
6569 58 155 168
6570 57 223 168
6571 56 160 167
6572 55 139 167
6573 54 132 166
6574 53 44 166
6575 52 186 165
6576 51 62 165
6577 50 192 164
6578 49 64 164
6579 48 107 163
6580 47 207 163
6581 46 69 162
6582 45 23 162
6583 76 135 178
6584 75 45 178
6585 74 15 177
6586 73 5 177
6587 72 173 176
6588 71 229 176
6589 70 162 175
6590 69 54 175
6591 68 18 174
6592 67 6 174
6593 66 2 173
6594 65 172 173
6595 64 143 172
6596 63 219 172
6597 62 73 171
6598 61 110 171
6599 60 208 170
6600 59 155 170
6601 58 223 169
6602 57 160 169
6603 56 139 168
6604 55 132 168
6605 54 44 167
6606 53 186 167
6607 52 62 166
6608 51 192 166
6609 50 64 165
6610 49 107 165
6611 48 207 164
6612 47 69 164
6613 77 135 180
6614 76 45 179
6615 75 15 179
6616 74 5 178
6617 73 173 178
6618 72 229 177
6619 71 162 177
6620 70 54 176
6621 69 18 176
6622 68 6 175
6623 67 2 175
6624 66 172 174
6625 65 143 174
6626 64 219 173
6627 63 73 173
6628 62 110 172
6629 61 208 172
6630 60 155 171
6631 59 223 171
6632 58 160 170
6633 57 139 170
6634 56 132 169
6635 55 44 169
6636 54 186 168
6637 53 62 168
6638 52 192 167
6639 51 64 167
6640 50 107 166
6641 49 207 166
6642 78 135 181
6643 77 45 181
6644 76 15 180
6645 75 5 180
6646 74 173 179
6647 73 229 179
6648 72 162 178
6649 71 54 178
6650 70 18 177
6651 69 6 177
6652 68 2 176
6653 67 172 176
6654 66 143 175
6655 65 219 175
6656 64 73 174
6657 63 110 174
6658 62 208 173
6659 61 155 173
6660 60 223 172
6661 59 160 172
6662 58 139 171
6663 57 132 171
6664 56 44 170
6665 55 186 170
6666 54 62 169
6667 53 192 169
6668 52 64 168
6669 51 107 168
6670 79 135 183
6671 78 45 182
6672 77 15 182
6673 76 5 181
6674 75 173 181
6675 74 229 180
6676 73 162 180
6677 72 54 179
6678 71 18 179
6679 70 6 178
6680 69 2 178
6681 68 172 177
6682 67 143 177
6683 66 219 176
6684 65 73 176
6685 64 110 175
6686 63 208 175
6687 62 155 174
6688 61 223 174
6689 60 160 173
6690 59 139 173
6691 58 132 172
6692 57 44 172
6693 56 186 171
6694 55 62 171
6695 54 192 170
6696 53 64 170
6697 80 135 184
6698 79 45 184
6699 78 15 183
6700 77 5 183
6701 76 173 182
6702 75 229 182
6703 74 162 181
6704 73 54 181
6705 72 18 180
6706 71 6 180
6707 70 2 179
6708 69 172 179
6709 68 143 178
6710 67 219 178
6711 66 73 177
6712 65 110 177
6713 64 208 176
6714 63 155 176
6715 62 223 175
6716 61 160 175
6717 60 139 174
6718 59 132 174
6719 58 44 173
6720 57 186 173
6721 56 62 172
6722 55 192 172
6723 81 135 186
6724 80 45 185
6725 79 15 185
6726 78 5 184
6727 77 173 184
6728 76 229 183
6729 75 162 183
6730 74 54 182
6731 73 18 182
6732 72 6 181
6733 71 2 181
6734 70 172 180
6735 69 143 180
6736 68 219 179
6737 67 73 179
6738 66 110 178
6739 65 208 178
6740 64 155 177
6741 63 223 177
6742 62 160 176
6743 61 139 176
6744 60 132 175
6745 59 44 175
6746 58 186 174
6747 57 62 174
6748 82 135 187
6749 81 45 187
6750 80 15 186
6751 79 5 186
6752 78 173 185
6753 77 229 185
6754 76 162 184
6755 75 54 184
6756 74 18 183
6757 73 6 183
6758 72 2 182
6759 71 172 182
6760 70 143 181
6761 69 219 181
6762 68 73 180
6763 67 110 180
6764 66 208 179
6765 65 155 179
6766 64 223 178
6767 63 160 178
6768 62 139 177
6769 61 132 177
6770 60 44 176
6771 59 186 176
6772 83 135 189
6773 82 45 188
6774 81 15 188
6775 80 5 187
6776 79 173 187
6777 78 229 186
6778 77 162 186
6779 76 54 185
6780 75 18 185
6781 74 6 184
6782 73 2 184
6783 72 172 183
6784 71 143 183
6785 70 219 182
6786 69 73 182
6787 68 110 181
6788 67 208 181
6789 66 155 180
6790 65 223 180
6791 64 160 179
6792 63 139 179
6793 62 132 178
6794 61 44 178
6795 84 135 190
6796 83 45 190
6797 82 15 189
6798 81 5 189
6799 80 173 188
6800 79 229 188
6801 78 162 187
6802 77 54 187
6803 76 18 186
6804 75 6 186
6805 74 2 185
6806 73 172 185
6807 72 143 184
6808 71 219 184
6809 70 73 183
6810 69 110 183
6811 68 208 182
6812 67 155 182
6813 66 223 181
6814 65 160 181
6815 64 139 180
6816 63 132 180
6817 85 135 192
6818 84 45 191
6819 83 15 191
6820 82 5 190
6821 81 173 190
6822 80 229 189
6823 79 162 189
6824 78 54 188
6825 77 18 188
6826 76 6 187
6827 75 2 187
6828 74 172 186
6829 73 143 186
6830 72 219 185
6831 71 73 185
6832 70 110 184
6833 69 208 184
6834 68 155 183
6835 67 223 183
6836 66 160 182
6837 65 139 182
6838 86 135 193
6839 85 45 193
6840 84 15 192
6841 83 5 192
6842 82 173 191
6843 81 229 191
6844 80 162 190
6845 79 54 190
6846 78 18 189
6847 77 6 189
6848 76 2 188
6849 75 172 188
6850 74 143 187
6851 73 219 187
6852 72 73 186
6853 71 110 186
6854 70 208 185
6855 69 155 185
6856 68 223 184
6857 67 160 184
6858 87 135 195
6859 86 45 194
6860 85 15 194
6861 84 5 193
6862 83 173 193
6863 82 229 192
6864 81 162 192
6865 80 54 191
6866 79 18 191
6867 78 6 190
6868 77 2 190
6869 76 172 189
6870 75 143 189
6871 74 219 188
6872 73 73 188
6873 72 110 187
6874 71 208 187
6875 70 155 186
6876 69 223 186
6877 88 135 196
6878 87 45 196
6879 86 15 195
6880 85 5 195
6881 84 173 194
6882 83 229 194
6883 82 162 193
6884 81 54 193
6885 80 18 192
6886 79 6 192
6887 78 2 191
6888 77 172 191
6889 76 143 190
6890 75 219 190
6891 74 73 189
6892 73 110 189
6893 72 208 188
6894 71 155 188
6895 89 135 198
6896 88 45 197
6897 87 15 197
6898 86 5 196
6899 85 173 196
6900 84 229 195
6901 83 162 195
6902 82 54 194
6903 81 18 194
6904 80 6 193
6905 79 2 193
6906 78 172 192
6907 77 143 192
6908 76 219 191
6909 75 73 191
6910 74 110 190
6911 73 208 190
6912 90 135 199
6913 89 45 199
6914 88 15 198
6915 87 5 198
6916 86 173 197
6917 85 229 197
6918 84 162 196
6919 83 54 196
6920 82 18 195
6921 81 6 195
6922 80 2 194
6923 79 172 194
6924 78 143 193
6925 77 219 193
6926 76 73 192
6927 75 110 192
6928 91 135 201
6929 90 45 200
6930 89 15 200
6931 88 5 199
6932 87 173 199
6933 86 229 198
6934 85 162 198
6935 84 54 197
6936 83 18 197
6937 82 6 196
6938 81 2 196
6939 80 172 195
6940 79 143 195
6941 78 219 194
6942 77 73 194
6943 92 135 202
6944 91 45 202
6945 90 15 201
6946 89 5 201
6947 88 173 200
6948 87 229 200
6949 86 162 199
6950 85 54 199
6951 84 18 198
6952 83 6 198
6953 82 2 197
6954 81 172 197
6955 80 143 196
6956 79 219 196
6957 93 135 204
6958 92 45 203
6959 91 15 203
6960 90 5 202
6961 89 173 202
6962 88 229 201
6963 87 162 201
6964 86 54 200
6965 85 18 200
6966 84 6 199
6967 83 2 199
6968 82 172 198
6969 81 143 198
6970 94 135 205
6971 93 45 205
6972 92 15 204
6973 91 5 204
6974 90 173 203
6975 89 229 203
6976 88 162 202
6977 87 54 202
6978 86 18 201
6979 85 6 201
6980 84 2 200
6981 83 172 200
6982 95 135 207
6983 94 45 206
6984 93 15 206
6985 92 5 205
6986 91 173 205
6987 90 229 204
6988 89 162 204
6989 88 54 203
6990 87 18 203
6991 86 6 202
6992 85 2 202
6993 96 135 208
6994 95 45 208
6995 94 15 207
6996 93 5 207
6997 92 173 206
6998 91 229 206
6999 90 162 205
7000 89 54 205
7001 88 18 204
7002 87 6 204
7003 97 135 210
7004 96 45 209
7005 95 15 209
7006 94 5 208
7007 93 173 208
7008 92 229 207
7009 91 162 207
7010 90 54 206
7011 89 18 206
7012 98 135 211
7013 97 45 211
7014 96 15 210
7015 95 5 210
7016 94 173 209
7017 93 229 209
7018 92 162 208
7019 91 54 208
7020 99 135 213
7021 98 45 212
7022 97 15 212
7023 96 5 211
7024 95 173 211
7025 94 229 210
7026 93 162 210
7027 100 135 214
7028 99 45 214
7029 98 15 213
7030 97 5 213
7031 96 173 212
7032 95 229 212
7033 101 135 216
7034 100 45 215
7035 99 15 215
7036 98 5 214
7037 97 173 214
7038 102 135 217
7039 101 45 217
7040 100 15 216
7041 99 5 216
7042 103 135 219
7043 102 45 218
7044 101 15 218
7045 104 135 220
7046 103 45 220
7047 105 135 222
7048 106 16 223
7049 104 4 221
7050 102 1 219
7051 100 193 217
7052 98 241 215
7053 96 253 213
7054 94 256 211
7055 92 64 209
7056 90 16 207
7057 88 4 205
7058 86 1 203
7059 84 193 201
7060 82 241 199
7061 80 253 197
7062 78 256 195
7063 76 64 193
7064 74 16 191
7065 72 4 189
7066 70 1 187
7067 68 193 185
7068 66 241 183
7069 64 253 181
7070 62 256 179
7071 60 64 177
7072 58 16 175
7073 56 4 173
7074 54 1 171
7075 52 193 169
7076 50 241 167
7077 48 253 165
7078 46 256 163
7079 44 64 161
7080 42 16 159
7081 40 4 157
7082 38 1 155
7083 36 193 153
7084 34 241 151
7085 32 253 149
7086 30 256 147
7087 28 64 145
7088 26 16 143
7089 24 4 141
7090 22 1 139
7091 20 193 137
7092 18 241 135
7093 16 253 133
7094 107 16 225
7095 105 4 223
7096 103 1 221
7097 101 193 219
7098 99 241 217
7099 97 253 215
7100 95 256 213
7101 93 64 211
7102 91 16 209
7103 89 4 207
7104 87 1 205
7105 85 193 203
7106 83 241 201
7107 81 253 199
7108 79 256 197
7109 77 64 195
7110 75 16 193
7111 73 4 191
7112 71 1 189
7113 69 193 187
7114 67 241 185
7115 65 253 183
7116 63 256 181
7117 61 64 179
7118 59 16 177
7119 57 4 175
7120 55 1 173
7121 53 193 171
7122 51 241 169
7123 49 253 167
7124 47 256 165
7125 45 64 163
7126 43 16 161
7127 41 4 159
7128 39 1 157
7129 37 193 155
7130 35 241 153
7131 33 253 151
7132 31 256 149
7133 29 64 147
7134 27 16 145
7135 25 4 143
7136 23 1 141
7137 21 193 139
7138 108 16 226
7139 106 4 224
7140 104 1 222
7141 102 193 220
7142 100 241 218
7143 98 253 216
7144 96 256 214
7145 94 64 212
7146 92 16 210
7147 90 4 208
7148 88 1 206
7149 86 193 204
7150 84 241 202
7151 82 253 200
7152 80 256 198
7153 78 64 196
7154 76 16 194
7155 74 4 192
7156 72 1 190
7157 70 193 188
7158 68 241 186
7159 66 253 184
7160 64 256 182
7161 62 64 180
7162 60 16 178
7163 58 4 176
7164 56 1 174
7165 54 193 172
7166 52 241 170
7167 50 253 168
7168 48 256 166
7169 46 64 164
7170 44 16 162
7171 42 4 160
7172 40 1 158
7173 38 193 156
7174 36 241 154
7175 34 253 152
7176 32 256 150
7177 30 64 148
7178 28 16 146
7179 26 4 144
7180 109 16 228
7181 107 4 226
7182 105 1 224
7183 103 193 222
7184 101 241 220
7185 99 253 218
7186 97 256 216
7187 95 64 214
7188 93 16 212
7189 91 4 210
7190 89 1 208
7191 87 193 206
7192 85 241 204
7193 83 253 202
7194 81 256 200
7195 79 64 198
7196 77 16 196
7197 75 4 194
7198 73 1 192
7199 71 193 190
7200 69 241 188
7201 67 253 186
7202 65 256 184
7203 63 64 182
7204 61 16 180
7205 59 4 178
7206 57 1 176
7207 55 193 174
7208 53 241 172
7209 51 253 170
7210 49 256 168
7211 47 64 166
7212 45 16 164
7213 43 4 162
7214 41 1 160
7215 39 193 158
7216 37 241 156
7217 35 253 154
7218 33 256 152
7219 31 64 150
7220 110 16 229
7221 108 4 227
7222 106 1 225
7223 104 193 223
7224 102 241 221
7225 100 253 219
7226 98 256 217
7227 96 64 215
7228 94 16 213
7229 92 4 211
7230 90 1 209
7231 88 193 207
7232 86 241 205
7233 84 253 203
7234 82 256 201
7235 80 64 199
7236 78 16 197
7237 76 4 195
7238 74 1 193
7239 72 193 191
7240 70 241 189
7241 68 253 187
7242 66 256 185
7243 64 64 183
7244 62 16 181
7245 60 4 179
7246 58 1 177
7247 56 193 175
7248 54 241 173
7249 52 253 171
7250 50 256 169
7251 48 64 167
7252 46 16 165
7253 44 4 163
7254 42 1 161
7255 40 193 159
7256 38 241 157
7257 36 253 155
7258 111 16 231
7259 109 4 229
7260 107 1 227
7261 105 193 225
7262 103 241 223
7263 101 253 221
7264 99 256 219
7265 97 64 217
7266 95 16 215
7267 93 4 213
7268 91 1 211
7269 89 193 209
7270 87 241 207
7271 85 253 205
7272 83 256 203
7273 81 64 201
7274 79 16 199
7275 77 4 197
7276 75 1 195
7277 73 193 193
7278 71 241 191
7279 69 253 189
7280 67 256 187
7281 65 64 185
7282 63 16 183
7283 61 4 181
7284 59 1 179
7285 57 193 177
7286 55 241 175
7287 53 253 173
7288 51 256 171
7289 49 64 169
7290 47 16 167
7291 45 4 165
7292 43 1 163
7293 41 193 161
7294 112 16 232
7295 110 4 230
7296 108 1 228
7297 106 193 226
7298 104 241 224
7299 102 253 222
7300 100 256 220
7301 98 64 218
7302 96 16 216
7303 94 4 214
7304 92 1 212
7305 90 193 210
7306 88 241 208
7307 86 253 206
7308 84 256 204
7309 82 64 202
7310 80 16 200
7311 78 4 198
7312 76 1 196
7313 74 193 194
7314 72 241 192
7315 70 253 190
7316 68 256 188
7317 66 64 186
7318 64 16 184
7319 62 4 182
7320 60 1 180
7321 58 193 178
7322 56 241 176
7323 54 253 174
7324 52 256 172
7325 50 64 170
7326 48 16 168
7327 46 4 166
7328 113 16 234
7329 111 4 232
7330 109 1 230
7331 107 193 228
7332 105 241 226
7333 103 253 224
7334 101 256 222
7335 99 64 220
7336 97 16 218
7337 95 4 216
7338 93 1 214
7339 91 193 212
7340 89 241 210
7341 87 253 208
7342 85 256 206
7343 83 64 204
7344 81 16 202
7345 79 4 200
7346 77 1 198
7347 75 193 196
7348 73 241 194
7349 71 253 192
7350 69 256 190
7351 67 64 188
7352 65 16 186
7353 63 4 184
7354 61 1 182
7355 59 193 180
7356 57 241 178
7357 55 253 176
7358 53 256 174
7359 51 64 172
7360 114 16 235
7361 112 4 233
7362 110 1 231
7363 108 193 229
7364 106 241 227
7365 104 253 225
7366 102 256 223
7367 100 64 221
7368 98 16 219
7369 96 4 217
7370 94 1 215
7371 92 193 213
7372 90 241 211
7373 88 253 209
7374 86 256 207
7375 84 64 205
7376 82 16 203
7377 80 4 201
7378 78 1 199
7379 76 193 197
7380 74 241 195
7381 72 253 193
7382 70 256 191
7383 68 64 189
7384 66 16 187
7385 64 4 185
7386 62 1 183
7387 60 193 181
7388 58 241 179
7389 56 253 177
7390 115 16 237
7391 113 4 235
7392 111 1 233
7393 109 193 231
7394 107 241 229
7395 105 253 227
7396 103 256 225
7397 101 64 223
7398 99 16 221
7399 97 4 219
7400 95 1 217
7401 93 193 215
7402 91 241 213
7403 89 253 211
7404 87 256 209
7405 85 64 207
7406 83 16 205
7407 81 4 203
7408 79 1 201
7409 77 193 199
7410 75 241 197
7411 73 253 195
7412 71 256 193
7413 69 64 191
7414 67 16 189
7415 65 4 187
7416 63 1 185
7417 61 193 183
7418 116 16 238
7419 114 4 236
7420 112 1 234
7421 110 193 232
7422 108 241 230
7423 106 253 228
7424 104 256 226
7425 102 64 224
7426 100 16 222
7427 98 4 220
7428 96 1 218
7429 94 193 216
7430 92 241 214
7431 90 253 212
7432 88 256 210
7433 86 64 208
7434 84 16 206
7435 82 4 204
7436 80 1 202
7437 78 193 200
7438 76 241 198
7439 74 253 196
7440 72 256 194
7441 70 64 192
7442 68 16 190
7443 66 4 188
7444 117 16 240
7445 115 4 238
7446 113 1 236
7447 111 193 234
7448 109 241 232
7449 107 253 230
7450 105 256 228
7451 103 64 226
7452 101 16 224
7453 99 4 222
7454 97 1 220
7455 95 193 218
7456 93 241 216
7457 91 253 214
7458 89 256 212
7459 87 64 210
7460 85 16 208
7461 83 4 206
7462 81 1 204
7463 79 193 202
7464 77 241 200
7465 75 253 198
7466 73 256 196
7467 71 64 194
7468 118 16 241
7469 116 4 239
7470 114 1 237
7471 112 193 235
7472 110 241 233
7473 108 253 231
7474 106 256 229
7475 104 64 227
7476 102 16 225
7477 100 4 223
7478 98 1 221
7479 96 193 219
7480 94 241 217
7481 92 253 215
7482 90 256 213
7483 88 64 211
7484 86 16 209
7485 84 4 207
7486 82 1 205
7487 80 193 203
7488 78 241 201
7489 76 253 199
7490 119 16 243
7491 117 4 241
7492 115 1 239
7493 113 193 237
7494 111 241 235
7495 109 253 233
7496 107 256 231
7497 105 64 229
7498 103 16 227
7499 101 4 225
7500 99 1 223
7501 97 193 221
7502 95 241 219
7503 93 253 217
7504 91 256 215
7505 89 64 213
7506 87 16 211
7507 85 4 209
7508 83 1 207
7509 81 193 205
7510 120 16 244
7511 118 4 242
7512 116 1 240
7513 114 193 238
7514 112 241 236
7515 110 253 234
7516 108 256 232
7517 106 64 230
7518 104 16 228
7519 102 4 226
7520 100 1 224
7521 98 193 222
7522 96 241 220
7523 94 253 218
7524 92 256 216
7525 90 64 214
7526 88 16 212
7527 86 4 210
7528 121 16 246
7529 119 4 244
7530 117 1 242
7531 115 193 240
7532 113 241 238
7533 111 253 236
7534 109 256 234
7535 107 64 232
7536 105 16 230
7537 103 4 228
7538 101 1 226
7539 99 193 224
7540 97 241 222
7541 95 253 220
7542 93 256 218
7543 91 64 216
7544 122 16 247
7545 120 4 245
7546 118 1 243
7547 116 193 241
7548 114 241 239
7549 112 253 237
7550 110 256 235
7551 108 64 233
7552 106 16 231
7553 104 4 229
7554 102 1 227
7555 100 193 225
7556 98 241 223
7557 96 253 221
7558 123 16 249
7559 121 4 247
7560 119 1 245
7561 117 193 243
7562 115 241 241
7563 113 253 239
7564 111 256 237
7565 109 64 235
7566 107 16 233
7567 105 4 231
7568 103 1 229
7569 101 193 227
7570 124 16 250
7571 122 4 248
7572 120 1 246
7573 118 193 244
7574 116 241 242
7575 114 253 240
7576 112 256 238
7577 110 64 236
7578 108 16 234
7579 106 4 232
7580 125 16 252
7581 123 4 250
7582 121 1 248
7583 119 193 246
7584 117 241 244
7585 115 253 242
7586 113 256 240
7587 111 64 238
7588 126 16 253
7589 124 4 251
7590 122 1 249
7591 120 193 247
7592 118 241 245
7593 116 253 243
7594 127 16 255
7595 125 4 253
7596 123 1 251
7597 121 193 249
7598 128 16 256
7599 126 4 254
7600 0 2 123
7601 0 2 124
7602 0 2 125
7603 0 2 126
7604 0 2 127
7605 0 2 128
7606 0 2 129
7607 0 2 130
7608 0 2 131
7609 0 2 132
7610 0 2 133
7611 0 2 134
7612 0 2 135
7613 0 2 136
7614 0 2 137
7615 0 2 138
7616 0 2 139
7617 0 2 140
7618 0 2 141
7619 0 2 142
7620 0 2 143
7621 0 2 144
7622 0 2 145
7623 0 2 146
7624 0 2 147
7625 0 2 148
7626 0 2 149
7627 0 2 150
7628 0 2 151
7629 0 2 152
7630 0 2 153
7631 0 2 154
7632 0 2 155
7633 0 2 156
7634 0 2 157
7635 0 2 158
7636 0 2 159
7637 0 2 160
7638 0 2 161
7639 0 2 162
7640 0 2 163
7641 0 2 164
7642 0 2 165
7643 1 1 123
7644 1 1 124
7645 1 1 125
7646 1 1 126
7647 1 1 127
7648 1 1 128
7649 1 1 129
7650 1 1 130
7651 1 1 131
7652 1 1 132
7653 1 1 133
7654 1 1 134
7655 1 1 135
7656 1 1 136
7657 1 1 137
7658 1 1 138
7659 1 1 139
7660 1 1 140
7661 1 1 141
7662 1 1 142
7663 1 1 143
7664 1 1 144
7665 1 1 145
7666 1 1 146
7667 1 1 147
7668 1 1 148
7669 1 1 149
7670 1 1 150
7671 1 1 151
7672 1 1 152
7673 1 1 153
7674 1 1 154
7675 1 1 155
7676 1 1 156
7677 1 1 157
7678 1 1 158
7679 1 1 159
7680 1 1 160
7681 1 1 161
7682 1 1 162
7683 1 1 163
7684 1 1 164
7685 2 129 123
7686 2 129 124
7687 2 129 125
7688 2 129 126
7689 2 129 127
7690 2 129 128
7691 2 129 129
7692 2 129 130
7693 2 129 131
7694 2 129 132
7695 2 129 133
7696 2 129 134
7697 2 129 135
7698 2 129 136
7699 2 129 137
7700 2 129 138
7701 2 129 139
7702 2 129 140
7703 2 129 141
7704 2 129 142
7705 2 129 143
7706 2 129 144
7707 2 129 145
7708 2 129 146
7709 2 129 147
7710 2 129 148
7711 2 129 149
7712 2 129 150
7713 2 129 151
7714 2 129 152
7715 2 129 153
7716 2 129 154
7717 2 129 155
7718 2 129 156
7719 2 129 157
7720 2 129 158
7721 2 129 159
7722 2 129 160
7723 2 129 161
7724 2 129 162
7725 2 129 163
7726 3 129 124
7727 4 64 124
7728 3 193 125
7729 3 193 126
7730 3 193 127
7731 3 193 128
7732 3 193 129
7733 3 193 130
7734 3 193 131
7735 3 193 132
7736 3 193 133
7737 3 193 134
7738 3 193 135
7739 3 193 136
7740 3 193 137
7741 3 193 138
7742 3 193 139
7743 3 193 140
7744 3 193 141
7745 3 193 142
7746 3 193 143
7747 3 193 144
7748 3 193 145
7749 3 193 146
7750 3 193 147
7751 3 193 148
7752 3 193 149
7753 3 193 150
7754 3 193 151
7755 3 193 152
7756 3 193 153
7757 3 193 154
7758 3 193 155
7759 3 193 156
7760 3 193 157
7761 3 193 158
7762 3 193 159
7763 3 193 160
7764 3 193 161
7765 3 193 162
7766 4 129 125
7767 5 64 125
7768 6 225 125
7769 4 225 126
7770 4 225 127
7771 4 225 128
7772 4 225 129
7773 4 225 130
7774 4 225 131
7775 4 225 132
7776 4 225 133
7777 4 225 134
7778 4 225 135
7779 4 225 136
7780 4 225 137
7781 4 225 138
7782 4 225 139
7783 4 225 140
7784 4 225 141
7785 4 225 142
7786 4 225 143
7787 4 225 144
7788 4 225 145
7789 4 225 146
7790 4 225 147
7791 4 225 148
7792 4 225 149
7793 4 225 150
7794 4 225 151
7795 4 225 152
7796 4 225 153
7797 4 225 154
7798 4 225 155
7799 4 225 156
7800 4 225 157
7801 4 225 158
7802 4 225 159
7803 4 225 160
7804 4 225 161
7805 5 129 126
7806 6 64 126
7807 7 225 126
7808 8 16 126
7809 5 241 127
7810 5 241 128
7811 5 241 129
7812 5 241 130
7813 5 241 131
7814 5 241 132
7815 5 241 133
7816 5 241 134
7817 5 241 135
7818 5 241 136
7819 5 241 137
7820 5 241 138
7821 5 241 139
7822 5 241 140
7823 5 241 141
7824 5 241 142
7825 5 241 143
7826 5 241 144
7827 5 241 145
7828 5 241 146
7829 5 241 147
7830 5 241 148
7831 5 241 149
7832 5 241 150
7833 5 241 151
7834 5 241 152
7835 5 241 153
7836 5 241 154
7837 5 241 155
7838 5 241 156
7839 5 241 157
7840 5 241 158
7841 5 241 159
7842 5 241 160
7843 6 129 127
7844 7 64 127
7845 8 225 127
7846 9 16 127
7847 10 249 127
7848 6 249 128
7849 6 249 129
7850 6 249 130
7851 6 249 131
7852 6 249 132
7853 6 249 133
7854 6 249 134
7855 6 249 135
7856 6 249 136
7857 6 249 137
7858 6 249 138
7859 6 249 139
7860 6 249 140
7861 6 249 141
7862 6 249 142
7863 6 249 143
7864 6 249 144
7865 6 249 145
7866 6 249 146
7867 6 249 147
7868 6 249 148
7869 6 249 149
7870 6 249 150
7871 6 249 151
7872 6 249 152
7873 6 249 153
7874 6 249 154
7875 6 249 155
7876 6 249 156
7877 6 249 157
7878 6 249 158
7879 6 249 159
7880 7 129 128
7881 8 64 128
7882 9 225 128
7883 10 16 128
7884 7 241 129
7885 11 253 129
7886 12 2 129
7887 7 253 130
7888 7 253 131
7889 7 253 132
7890 7 253 133
7891 7 253 134
7892 7 253 135
7893 7 253 136
7894 7 253 137
7895 7 253 138
7896 7 253 139
7897 7 253 140
7898 7 253 141
7899 7 253 142
7900 7 253 143
7901 7 253 144
7902 7 253 145
7903 7 253 146
7904 7 253 147
7905 7 253 148
7906 7 253 149
7907 7 253 150
7908 7 253 151
7909 7 253 152
7910 7 253 153
7911 7 253 154
7912 7 253 155
7913 7 253 156
7914 7 253 157
7915 7 253 158
7916 8 129 129
7917 9 64 129
7918 10 225 129
7919 8 225 130
7920 11 8 130
7921 12 253 130
7922 8 249 131
7923 13 1 131
7924 14 128 131
7925 8 255 132
7926 8 255 133
7927 8 255 134
7928 8 255 135
7929 8 255 136
7930 8 255 137
7931 8 255 138
7932 8 255 139
7933 8 255 140
7934 8 255 141
7935 8 255 142
7936 8 255 143
7937 8 255 144
7938 8 255 145
7939 8 255 146
7940 8 255 147
7941 8 255 148
7942 8 255 149
7943 8 255 150
7944 8 255 151
7945 8 255 152
7946 8 255 153
7947 8 255 154
7948 8 255 155
7949 8 255 156
7950 8 255 157
7951 9 129 130
7952 10 64 130
7953 9 193 131
7954 11 241 131
7955 12 8 131
7956 9 241 132
7957 13 255 132
7958 14 1 132
7959 9 253 133
7960 15 64 133
7961 9 255 134
7962 16 241 134
7963 9 256 135
7964 9 256 136
7965 9 256 137
7966 9 256 138
7967 9 256 139
7968 9 256 140
7969 9 256 141
7970 9 256 142
7971 9 256 143
7972 9 256 144
7973 9 256 145
7974 9 256 146
7975 9 256 147
7976 9 256 148
7977 9 256 149
7978 9 256 150
7979 9 256 151
7980 9 256 152
7981 9 256 153
7982 9 256 154
7983 9 256 155
7984 9 256 156
7985 10 129 131
7986 10 129 132
7987 11 32 132
7988 12 241 132
7989 10 225 133
7990 13 4 133
7991 14 255 133
7992 10 249 134
7993 15 129 134
7994 10 253 135
7995 16 32 135
7996 17 241 135
7997 10 256 136
7998 18 4 136
7999 10 128 137
8000 10 128 138
8001 10 128 139
8002 10 128 140
8003 10 128 141
8004 10 128 142
8005 10 128 143
8006 10 128 144
8007 10 128 145
8008 10 128 146
8009 10 128 147
8010 10 128 148
8011 10 128 149
8012 10 128 150
8013 10 128 151
8014 10 128 152
8015 10 128 153
8016 10 128 154
8017 10 128 155
8018 11 129 133
8019 12 194 133
8020 11 219 134
8021 12 181 134
8022 13 249 134
8023 14 4 134
8024 11 241 135
8025 15 256 135
8026 11 249 136
8027 16 193 136
8028 17 32 136
8029 11 255 137
8030 18 249 137
8031 19 4 137
8032 11 128 138
8033 20 256 138
8034 11 64 139
8035 11 64 140
8036 11 64 141
8037 11 64 142
8038 11 64 143
8039 11 64 144
8040 11 64 145
8041 11 64 146
8042 11 64 147
8043 11 64 148
8044 11 64 149
8045 11 64 150
8046 11 64 151
8047 11 64 152
8048 11 64 153
8049 11 64 154
8050 12 129 135
8051 13 194 135
8052 14 228 135
8053 12 115 136
8054 13 222 136
8055 14 43 136
8056 15 2 136
8057 12 241 137
8058 16 128 137
8059 17 193 137
8060 12 253 138
8061 18 16 138
8062 19 249 138
8063 12 256 139
8064 20 2 139
8065 12 128 140
8066 21 128 140
8067 22 193 140
8068 12 32 141
8069 12 32 142
8070 12 32 143
8071 12 32 144
8072 12 32 145
8073 12 32 146
8074 12 32 147
8075 12 32 148
8076 12 32 149
8077 12 32 150
8078 12 32 151
8079 12 32 152
8080 12 32 153
8081 13 129 137
8082 14 194 137
8083 15 228 137
8084 13 115 138
8085 14 222 138
8086 15 43 138
8087 16 2 138
8088 17 185 138
8089 13 184 139
8090 17 33 139
8091 18 225 139
8092 19 16 139
8093 13 255 140
8094 20 253 140
8095 13 256 141
8096 21 1 141
8097 22 128 141
8098 13 64 142
8099 23 225 142
8100 24 16 142
8101 13 16 143
8102 13 16 144
8103 13 16 145
8104 13 16 146
8105 13 16 147
8106 13 16 148
8107 13 16 149
8108 13 16 150
8109 13 16 151
8110 13 16 152
8111 14 129 139
8112 15 194 139
8113 16 228 139
8114 14 115 140
8115 15 222 140
8116 16 43 140
8117 17 2 140
8118 18 185 140
8119 19 157 140
8120 14 173 141
8121 18 64 141
8122 19 3 141
8123 20 8 141
8124 14 255 142
8125 21 255 142
8126 22 1 142
8127 14 128 143
8128 23 64 143
8129 24 225 143
8130 14 32 144
8131 25 8 144
8132 14 16 145
8133 26 255 145
8134 14 8 146
8135 14 8 147
8136 14 8 148
8137 14 8 149
8138 14 8 150
8139 14 8 151
8140 15 129 141
8141 16 194 141
8142 17 228 141
8143 15 115 142
8144 16 222 142
8145 17 43 142
8146 18 2 142
8147 19 185 142
8148 20 157 142
8149 15 173 143
8150 19 64 143
8151 20 3 143
8152 21 8 143
8153 22 187 143
8154 15 211 144
8155 22 188 144
8156 23 129 144
8157 24 64 144
8158 15 64 145
8159 25 241 145
8160 15 32 146
8161 26 4 146
8162 27 255 146
8163 15 8 147
8164 28 129 147
8165 15 4 148
8166 15 4 149
8167 15 4 150
8168 16 129 143
8169 17 194 143
8170 18 228 143
8171 16 115 144
8172 17 222 144
8173 18 43 144
8174 19 2 144
8175 20 185 144
8176 21 157 144
8177 16 173 145
8178 20 64 145
8179 21 3 145
8180 22 8 145
8181 23 187 145
8182 24 173 145
8183 16 189 146
8184 23 45 146
8185 24 121 146
8186 25 32 146
8187 16 64 147
8188 26 249 147
8189 27 4 147
8190 16 16 148
8191 28 256 148
8192 29 129 148
8193 16 4 149
8194 30 32 149
8195 17 129 145
8196 18 194 145
8197 19 228 145
8198 17 115 146
8199 18 222 146
8200 19 43 146
8201 20 2 146
8202 21 185 146
8203 22 157 146
8204 17 173 147
8205 21 64 147
8206 22 3 147
8207 23 8 147
8208 24 187 147
8209 25 173 147
8210 17 189 148
8211 24 45 148
8212 25 121 148
8213 26 32 148
8214 27 24 148
8215 17 171 149
8216 27 252 149
8217 28 2 149
8218 29 256 149
8219 16 200 150
8220 17 84 150
8221 18 129 147
8222 19 194 147
8223 20 228 147
8224 18 115 148
8225 19 222 148
8226 20 43 148
8227 21 2 148
8228 22 185 148
8229 23 157 148
8230 18 173 149
8231 22 64 149
8232 23 3 149
8233 24 8 149
8234 25 187 149
8235 26 173 149
8236 18 189 150
8237 25 45 150
8238 26 121 150
8239 27 32 150
8240 28 24 150
8241 29 191 150
8242 30 116 150
8243 15 93 151
8244 16 224 151
8245 17 231 151
8246 19 129 149
8247 20 194 149
8248 21 228 149
8249 19 115 150
8250 20 222 150
8251 21 43 150
8252 22 2 150
8253 23 185 150
8254 24 157 150
8255 18 185 151
8256 19 26 151
8257 23 32 151
8258 24 247 151
8259 25 139 151
8260 26 245 151
8261 27 231 151
8262 28 122 151
8263 29 114 151
8264 30 143 151
8265 31 95 151
8266 32 52 151
8267 14 150 152
8268 15 32 152
8269 16 29 152
8270 20 129 151
8271 21 194 151
8272 22 228 151
8273 17 172 152
8274 18 132 152
8275 19 239 152
8276 20 188 152
8277 21 249 152
8278 22 141 152
8279 23 112 152
8280 24 166 152
8281 25 35 152
8282 26 135 152
8283 27 65 152
8284 28 256 152
8285 29 52 152
8286 30 28 152
8287 31 62 152
8288 32 255 152
8289 13 7 153
8290 14 97 153
8291 15 70 153
8292 16 163 153
8293 17 180 153
8294 18 33 153
8295 19 43 153
8296 20 40 153
8297 21 55 153
8298 22 232 153
8299 23 90 153
8300 24 69 153
8301 25 173 153
8302 26 197 153
8303 27 117 153
8304 28 111 153
8305 29 40 153
8306 30 233 153
8307 31 176 153
8308 32 146 153
8309 33 69 153
8310 34 153 153
8311 12 134 154
8312 13 217 154
8313 14 121 154
8314 15 51 154
8315 16 46 154
8316 17 65 154
8317 18 187 154
8318 19 129 154
8319 20 71 154
8320 21 97 154
8321 22 122 154
8322 23 118 154
8323 24 106 154
8324 25 97 154
8325 26 28 154
8326 27 202 154
8327 28 153 154
8328 29 91 154
8329 30 225 154
8330 31 152 154
8331 32 174 154
8332 33 208 154
8333 34 234 154
8334 11 120 155
8335 12 122 155
8336 13 130 155
8337 14 199 155
8338 15 255 155
8339 16 81 155
8340 17 110 155
8341 18 78 155
8342 19 206 155
8343 20 155 155
8344 21 63 155
8345 22 224 155
8346 23 37 155
8347 24 119 155
8348 25 216 155
8349 26 137 155
8350 27 237 155
8351 28 174 155
8352 29 8 155
8353 30 254 155
8354 31 106 155
8355 32 95 155
8356 33 52 155
8357 34 43 155
8358 35 163 155
8359 10 35 156
8360 11 39 156
8361 12 59 156
8362 13 50 156
8363 14 136 156
8364 15 69 156
8365 16 236 156
8366 17 28 156
8367 18 88 156
8368 19 76 156
8369 20 191 156
8370 21 100 156
8371 22 181 156
8372 23 147 156
8373 24 63 156
8374 25 242 156
8375 26 112 156
8376 27 63 156
8377 28 84 156
8378 29 26 156
8379 30 11 156
8380 31 192 156
8381 32 242 156
8382 33 132 156
8383 34 125 156
8384 35 245 156
8385 36 147 156
8386 9 229 157
8387 10 44 157
8388 11 201 157
8389 12 238 157
8390 13 123 157
8391 14 211 157
8392 15 27 157
8393 16 237 157
8394 17 133 157
8395 18 214 157
8396 19 118 157
8397 20 77 157
8398 21 122 157
8399 22 13 157
8400 23 20 157
8401 24 141 157
8402 25 58 157
8403 26 69 157
8404 27 187 157
8405 28 155 157
8406 29 33 157
8407 30 78 157
8408 31 161 157
8409 32 164 157
8410 33 111 157
8411 34 97 157
8412 35 176 157
8413 36 174 157
8414 37 23 157
8415 8 114 158
8416 9 135 158
8417 10 57 158
8418 11 53 158
8419 12 14 158
8420 13 165 158
8421 14 22 158
8422 15 253 158
8423 16 218 158
8424 17 166 158
8425 18 5 158
8426 19 37 158
8427 20 156 158
8428 21 187 158
8429 22 73 158
8430 23 121 158
8431 24 78 158
8432 25 33 158
8433 26 194 158
8434 27 209 158
8435 28 151 158
8436 29 108 158
8437 30 107 158
8438 31 143 158
8439 32 51 158
8440 33 27 158
8441 34 87 158
8442 35 170 158
8443 36 47 158
8444 37 194 158
8445 38 151 158
8446 7 18 159
8447 8 50 159
8448 9 92 159
8449 10 170 159
8450 11 141 159
8451 12 256 159
8452 13 188 159
8453 14 147 159
8454 15 234 159
8455 16 244 159
8456 17 231 159
8457 18 29 159
8458 19 145 159
8459 20 74 159
8460 21 129 159
8461 22 115 159
8462 23 218 159
8463 24 109 159
8464 25 89 159
8465 26 119 159
8466 27 18 159
8467 28 171 159
8468 29 83 159
8469 30 67 159
8470 31 213 159
8471 32 66 159
8472 33 204 159
8473 34 107 159
8474 35 103 159
8475 36 74 159
8476 37 126 159
8477 38 142 159
8478 39 204 159
8479 6 237 160
8480 7 114 160
8481 8 28 160
8482 9 60 160
8483 11 141 160
8484 13 62 160
8485 15 61 160
8486 16 74 160
8487 17 165 160
8488 18 88 160
8489 19 100 160
8490 20 232 160
8491 21 112 160
8492 22 175 160
8493 23 85 160
8494 24 256 160
8495 25 51 160
8496 26 256 160
8497 27 92 160
8498 28 62 160
8499 29 130 160
8500 30 251 160
8501 31 215 160
8502 32 79 160
8503 33 50 160
8504 34 21 160
8505 35 235 160
8506 36 196 160
8507 37 132 160
8508 38 69 160
8509 39 31 160
8510 40 178 160
8511 5 222 161
8512 6 13 161
8513 7 90 161
8514 21 237 161
8515 23 66 161
8516 25 6 161
8517 26 115 161
8518 27 23 161
8519 28 212 161
8520 29 240 161
8521 30 16 161
8522 31 116 161
8523 32 137 161
8524 33 85 161
8525 34 123 161
8526 35 128 161
8527 36 118 161
8528 37 80 161
8529 38 15 161
8530 39 79 161
8531 40 222 161
8532 4 244 162
8533 5 160 162
8534 31 35 162
8535 33 110 162
8536 35 164 162
8537 36 6 162
8538 37 152 162
8539 38 26 162
8540 39 233 162
8541 40 17 162
8542 41 152 162
8543 42 36 162
8544 3 135 163
8545 41 5 163
8546 43 2 164
8547 42 129 163
8548 41 193 164
8549 40 241 163
8550 39 249 163
8551 38 255 163
8552 37 256 163
8553 36 64 163
8554 35 32 163
8555 34 8 162
8556 33 4 163
8557 32 1 162
8558 31 129 163
8559 30 225 162
8560 29 241 162
8561 28 253 162
8562 27 255 162
8563 26 128 162
8564 25 64 162
8565 24 16 161
8566 23 8 162
8567 22 2 161
8568 21 1 162
8569 20 193 161
8570 19 225 161
8571 18 249 161
8572 17 253 161
8573 16 256 161
8574 15 128 161
8575 14 32 160
8576 13 16 161
8577 12 4 160
8578 11 2 161
8579 10 129 160
8580 9 193 161
8581 8 241 161
8582 10 50 161
8583 12 38 161
8584 14 95 161
8585 6 5 162
8586 7 21 162
8587 8 91 162
8588 9 177 162
8589 10 53 162
8590 12 124 162
8591 14 147 162
8592 44 1 164
8593 43 129 165
8594 42 225 164
8595 41 241 165
8596 40 253 164
8597 39 255 164
8598 38 128 164
8599 37 64 164
8600 36 16 164
8601 35 8 164
8602 34 2 163
8603 33 1 164
8604 32 193 163
8605 31 225 164
8606 30 249 163
8607 29 253 163
8608 28 256 163
8609 27 128 163
8610 26 32 163
8611 25 16 163
8612 24 4 162
8613 23 2 163
8614 22 129 162
8615 21 193 163
8616 20 241 162
8617 19 249 162
8618 18 255 162
8619 17 256 162
8620 16 64 162
8621 15 32 162
8622 4 51 163
8623 13 4 162
8624 5 8 163
8625 11 129 162
8626 6 44 163
8627 7 40 163
8628 8 40 163
8629 9 94 163
8630 10 232 163
8631 11 32 163
8632 12 180 163
8633 13 97 163
8634 14 194 163
8635 15 151 163
8636 17 156 163
8637 45 1 166
8638 44 193 165
8639 43 225 166
8640 42 249 165
8641 41 253 166
8642 40 256 165
8643 39 128 165
8644 38 32 165
8645 37 16 165
8646 36 4 165
8647 35 2 165
8648 34 129 164
8649 33 193 165
8650 32 241 164
8651 31 249 165
8652 30 255 164
8653 29 256 164
8654 28 64 164
8655 27 32 164
8656 26 8 164
8657 25 4 164
8658 24 1 163
8659 23 129 164
8660 22 225 163
8661 21 241 164
8662 20 253 163
8663 19 255 163
8664 18 128 163
8665 2 43 164
8666 16 16 163
8667 3 148 164
8668 4 191 164
8669 5 97 164
8670 6 217 164
8671 7 69 164
8672 8 69 164
8673 9 55 164
8674 10 95 164
8675 11 105 164
8676 12 149 164
8677 13 110 164
8678 14 221 164
8679 15 82 164
8680 16 164 164
8681 46 129 167
8682 45 193 167
8683 44 241 166
8684 43 249 167
8685 42 255 166
8686 41 256 167
8687 40 64 166
8688 39 32 166
8689 38 8 166
8690 37 4 166
8691 36 1 166
8692 35 129 166
8693 34 225 165
8694 33 241 166
8695 32 253 165
8696 31 255 166
8697 30 128 165
8698 29 64 165
8699 28 16 165
8700 27 8 165
8701 26 2 165
8702 25 1 165
8703 24 193 164
8704 23 225 165
8705 22 249 164
8706 21 253 165
8707 20 256 164
8708 19 128 164
8709 18 32 164
8710 17 16 164
8711 1 43 165
8712 2 54 165
8713 3 189 165
8714 4 71 165
8715 5 20 165
8716 6 129 165
8717 7 140 165
8718 8 235 165
8719 9 209 165
8720 10 69 165
8721 11 58 165
8722 12 192 165
8723 13 43 165
8724 47 129 168
8725 46 225 168
8726 45 241 168
8727 44 253 167
8728 43 255 168
8729 42 128 167
8730 41 64 168
8731 40 16 167
8732 39 8 167
8733 38 2 167
8734 37 1 167
8735 36 193 167
8736 35 225 167
8737 34 249 166
8738 33 253 167
8739 32 256 166
8740 31 128 167
8741 30 32 166
8742 29 16 166
8743 28 4 166
8744 27 2 166
8745 26 129 166
8746 25 193 166
8747 24 241 165
8748 23 249 166
8749 22 255 165
8750 21 256 166
8751 20 64 165
8752 19 32 165
8753 18 8 165
8754 17 4 165
8755 16 1 165
8756 15 129 165
8757 14 107 165
8758 0 233 166
8759 1 153 166
8760 2 147 166
8761 3 15 166
8762 4 83 166
8763 5 216 166
8764 6 99 166
8765 7 46 166
8766 48 193 169
8767 47 225 169
8768 46 249 169
8769 45 253 169
8770 44 256 168
8771 43 128 169
8772 42 32 168
8773 41 16 169
8774 40 4 168
8775 39 2 168
8776 38 129 168
8777 37 193 168
8778 36 241 168
8779 35 249 168
8780 34 255 167
8781 33 256 168
8782 32 64 167
8783 31 32 168
8784 30 8 167
8785 29 4 167
8786 28 1 167
8787 27 129 167
8788 26 225 167
8789 25 241 167
8790 24 253 166
8791 23 255 167
8792 22 128 166
8793 21 64 167
8794 20 16 166
8795 19 8 166
8796 18 2 166
8797 17 1 166
8798 16 193 166
8799 15 225 166
8800 8 76 166
8801 13 253 166
8802 9 240 166
8803 11 128 166
8804 10 247 166
8805 12 78 166
8806 14 88 166
8807 49 193 170
8808 48 241 170
8809 47 249 170
8810 46 255 170
8811 45 256 170
8812 44 64 169
8813 43 32 170
8814 42 8 169
8815 41 4 170
8816 40 1 169
8817 39 129 169
8818 38 225 169
8819 37 241 169
8820 36 253 169
8821 35 255 169
8822 34 128 168
8823 33 64 169
8824 32 16 168
8825 31 8 169
8826 30 2 168
8827 29 1 168
8828 28 193 168
8829 27 225 168
8830 26 249 168
8831 25 253 168
8832 24 256 167
8833 23 128 168
8834 22 32 167
8835 21 16 168
8836 20 4 167
8837 19 2 167
8838 18 129 167
8839 17 193 167
8840 16 241 167
8841 15 249 167
8842 0 234 167
8843 13 256 167
8844 1 70 167
8845 11 32 167
8846 12 161 167
8847 50 225 171
8848 49 241 171
8849 48 253 171
8850 47 255 171
8851 46 128 171
8852 45 64 171
8853 44 16 170
8854 43 8 171
8855 42 2 170
8856 41 1 171
8857 40 193 170
8858 39 225 170
8859 38 249 170
8860 37 253 170
8861 36 256 170
8862 35 128 170
8863 34 32 169
8864 33 16 170
8865 32 4 169
8866 31 2 170
8867 30 129 169
8868 29 193 169
8869 28 241 169
8870 27 249 169
8871 26 255 169
8872 25 256 169
8873 24 64 168
8874 23 32 169
8875 22 8 168
8876 21 4 169
8877 20 1 168
8878 19 129 168
8879 18 225 168
8880 17 241 168
8881 16 253 168
8882 15 255 168
8883 14 128 167
8884 13 64 168
8885 0 204 168
8886 51 225 173
8887 50 249 172
8888 49 253 172
8889 48 256 172
8890 47 128 172
8891 46 32 172
8892 45 16 172
8893 44 4 171
8894 43 2 172
8895 42 129 171
8896 41 193 172
8897 40 241 171
8898 39 249 171
8899 38 255 171
8900 37 256 171
8901 36 64 171
8902 35 32 171
8903 34 8 170
8904 33 4 171
8905 32 1 170
8906 31 129 171
8907 30 225 170
8908 29 241 170
8909 28 253 170
8910 27 255 170
8911 26 128 170
8912 25 64 170
8913 24 16 169
8914 23 8 170
8915 22 2 169
8916 21 1 170
8917 20 193 169
8918 19 225 169
8919 18 249 169
8920 17 253 169
8921 16 256 169
8922 15 128 169
8923 14 32 168
8924 52 241 173
8925 51 249 174
8926 50 255 173
8927 49 256 173
8928 48 64 173
8929 47 32 173
8930 46 8 173
8931 45 4 173
8932 44 1 172
8933 43 129 173
8934 42 225 172
8935 41 241 173
8936 40 253 172
8937 39 255 172
8938 38 128 172
8939 37 64 172
8940 36 16 172
8941 35 8 172
8942 34 2 171
8943 33 1 172
8944 32 193 171
8945 31 225 172
8946 30 249 171
8947 29 253 171
8948 28 256 171
8949 27 128 171
8950 26 32 171
8951 25 16 171
8952 24 4 170
8953 23 2 171
8954 22 129 170
8955 21 193 171
8956 20 241 170
8957 19 249 170
8958 18 255 170
8959 17 256 170
8960 16 64 170
8961 53 241 175
8962 52 253 174
8963 51 255 175
8964 50 128 174
8965 49 64 174
8966 48 16 174
8967 47 8 174
8968 46 2 174
8969 45 1 174
8970 44 193 173
8971 43 225 174
8972 42 249 173
8973 41 253 174
8974 40 256 173
8975 39 128 173
8976 38 32 173
8977 37 16 173
8978 36 4 173
8979 35 2 173
8980 34 129 172
8981 33 193 173
8982 32 241 172
8983 31 249 173
8984 30 255 172
8985 29 256 172
8986 28 64 172
8987 27 32 172
8988 26 8 172
8989 25 4 172
8990 24 1 171
8991 23 129 172
8992 22 225 171
8993 21 241 172
8994 20 253 171
8995 19 255 171
8996 18 128 171
8997 54 249 175
8998 53 253 176
8999 52 256 175
9000 51 128 176
9001 50 32 175
9002 49 16 175
9003 48 4 175
9004 47 2 175
9005 46 129 175
9006 45 193 175
9007 44 241 174
9008 43 249 175
9009 42 255 174
9010 41 256 175
9011 40 64 174
9012 39 32 174
9013 38 8 174
9014 37 4 174
9015 36 1 174
9016 35 129 174
9017 34 225 173
9018 33 241 174
9019 32 253 173
9020 31 255 174
9021 30 128 173
9022 29 64 173
9023 28 16 173
9024 27 8 173
9025 26 2 173
9026 25 1 173
9027 24 193 172
9028 23 225 173
9029 22 249 172
9030 21 253 173
9031 20 256 172
9032 55 249 177
9033 54 255 176
9034 53 256 177
9035 52 64 176
9036 51 32 177
9037 50 8 176
9038 49 4 176
9039 48 1 176
9040 47 129 176
9041 46 225 176
9042 45 241 176
9043 44 253 175
9044 43 255 176
9045 42 128 175
9046 41 64 176
9047 40 16 175
9048 39 8 175
9049 38 2 175
9050 37 1 175
9051 36 193 175
9052 35 225 175
9053 34 249 174
9054 33 253 175
9055 32 256 174
9056 31 128 175
9057 30 32 174
9058 29 16 174
9059 28 4 174
9060 27 2 174
9061 26 129 174
9062 25 193 174
9063 24 241 173
9064 23 249 174
9065 22 255 173
9066 56 253 178
9067 55 255 178
9068 54 128 177
9069 53 64 178
9070 52 16 177
9071 51 8 178
9072 50 2 177
9073 49 1 177
9074 48 193 177
9075 47 225 177
9076 46 249 177
9077 45 253 177
9078 44 256 176
9079 43 128 177
9080 42 32 176
9081 41 16 177
9082 40 4 176
9083 39 2 176
9084 38 129 176
9085 37 193 176
9086 36 241 176
9087 35 249 176
9088 34 255 175
9089 33 256 176
9090 32 64 175
9091 31 32 176
9092 30 8 175
9093 29 4 175
9094 28 1 175
9095 27 129 175
9096 26 225 175
9097 25 241 175
9098 24 253 174
9099 57 253 179
9100 56 256 179
9101 55 128 179
9102 54 32 178
9103 53 16 179
9104 52 4 178
9105 51 2 179
9106 50 129 178
9107 49 193 178
9108 48 241 178
9109 47 249 178
9110 46 255 178
9111 45 256 178
9112 44 64 177
9113 43 32 178
9114 42 8 177
9115 41 4 178
9116 40 1 177
9117 39 129 177
9118 38 225 177
9119 37 241 177
9120 36 253 177
9121 35 255 177
9122 34 128 176
9123 33 64 177
9124 32 16 176
9125 31 8 177
9126 30 2 176
9127 29 1 176
9128 28 193 176
9129 27 225 176
9130 26 249 176
9131 58 255 180
9132 57 256 180
9133 56 64 180
9134 55 32 180
9135 54 8 179
9136 53 4 180
9137 52 1 179
9138 51 129 180
9139 50 225 179
9140 49 241 179
9141 48 253 179
9142 47 255 179
9143 46 128 179
9144 45 64 179
9145 44 16 178
9146 43 8 179
9147 42 2 178
9148 41 1 179
9149 40 193 178
9150 39 225 178
9151 38 249 178
9152 37 253 178
9153 36 256 178
9154 35 128 178
9155 34 32 177
9156 33 16 178
9157 32 4 177
9158 31 2 178
9159 30 129 177
9160 29 193 177
9161 28 241 177
9162 59 255 181
9163 58 128 181
9164 57 64 181
9165 56 16 181
9166 55 8 181
9167 54 2 180
9168 53 1 181
9169 52 193 180
9170 51 225 181
9171 50 249 180
9172 49 253 180
9173 48 256 180
9174 47 128 180
9175 46 32 180
9176 45 16 180
9177 44 4 179
9178 43 2 180
9179 42 129 179
9180 41 193 180
9181 40 241 179
9182 39 249 179
9183 38 255 179
9184 37 256 179
9185 36 64 179
9186 35 32 179
9187 34 8 178
9188 33 4 179
9189 32 1 178
9190 31 129 179
9191 30 225 178
9192 60 256 182
9193 59 128 182
9194 58 32 182
9195 57 16 182
9196 56 4 182
9197 55 2 182
9198 54 129 181
9199 53 193 182
9200 52 241 181
9201 51 249 182
9202 50 255 181
9203 49 256 181
9204 48 64 181
9205 47 32 181
9206 46 8 181
9207 45 4 181
9208 44 1 180
9209 43 129 181
9210 42 225 180
9211 41 241 181
9212 40 253 180
9213 39 255 180
9214 38 128 180
9215 37 64 180
9216 36 16 180
9217 35 8 180
9218 34 2 179
9219 33 1 180
9220 32 193 179
9221 61 256 184
9222 60 64 183
9223 59 32 183
9224 58 8 183
9225 57 4 183
9226 56 1 183
9227 55 129 183
9228 54 225 182
9229 53 241 183
9230 52 253 182
9231 51 255 183
9232 50 128 182
9233 49 64 182
9234 48 16 182
9235 47 8 182
9236 46 2 182
9237 45 1 182
9238 44 193 181
9239 43 225 182
9240 42 249 181
9241 41 253 182
9242 40 256 181
9243 39 128 181
9244 38 32 181
9245 37 16 181
9246 36 4 181
9247 35 2 181
9248 34 129 180
9249 62 128 184
9250 61 64 185
9251 60 16 184
9252 59 8 184
9253 58 2 184
9254 57 1 184
9255 56 193 184
9256 55 225 184
9257 54 249 183
9258 53 253 184
9259 52 256 183
9260 51 128 184
9261 50 32 183
9262 49 16 183
9263 48 4 183
9264 47 2 183
9265 46 129 183
9266 45 193 183
9267 44 241 182
9268 43 249 183
9269 42 255 182
9270 41 256 183
9271 40 64 182
9272 39 32 182
9273 38 8 182
9274 37 4 182
9275 36 1 182
9276 63 128 186
9277 62 32 185
9278 61 16 186
9279 60 4 185
9280 59 2 185
9281 58 129 185
9282 57 193 185
9283 56 241 185
9284 55 249 185
9285 54 255 184
9286 53 256 185
9287 52 64 184
9288 51 32 185
9289 50 8 184
9290 49 4 184
9291 48 1 184
9292 47 129 184
9293 46 225 184
9294 45 241 184
9295 44 253 183
9296 43 255 184
9297 42 128 183
9298 41 64 184
9299 40 16 183
9300 39 8 183
9301 38 2 183
9302 64 64 186
9303 63 32 187
9304 62 8 186
9305 61 4 187
9306 60 1 186
9307 59 129 186
9308 58 225 186
9309 57 241 186
9310 56 253 186
9311 55 255 186
9312 54 128 185
9313 53 64 186
9314 52 16 185
9315 51 8 186
9316 50 2 185
9317 49 1 185
9318 48 193 185
9319 47 225 185
9320 46 249 185
9321 45 253 185
9322 44 256 184
9323 43 128 185
9324 42 32 184
9325 41 16 185
9326 40 4 184
9327 65 64 188
9328 64 16 187
9329 63 8 188
9330 62 2 187
9331 61 1 188
9332 60 193 187
9333 59 225 187
9334 58 249 187
9335 57 253 187
9336 56 256 187
9337 55 128 187
9338 54 32 186
9339 53 16 187
9340 52 4 186
9341 51 2 187
9342 50 129 186
9343 49 193 186
9344 48 241 186
9345 47 249 186
9346 46 255 186
9347 45 256 186
9348 44 64 185
9349 43 32 186
9350 42 8 185
9351 66 32 189
9352 65 16 189
9353 64 4 188
9354 63 2 189
9355 62 129 188
9356 61 193 189
9357 60 241 188
9358 59 249 188
9359 58 255 188
9360 57 256 188
9361 56 64 188
9362 55 32 188
9363 54 8 187
9364 53 4 188
9365 52 1 187
9366 51 129 188
9367 50 225 187
9368 49 241 187
9369 48 253 187
9370 47 255 187
9371 46 128 187
9372 45 64 187
9373 44 16 186
9374 67 32 190
9375 66 8 190
9376 65 4 190
9377 64 1 189
9378 63 129 190
9379 62 225 189
9380 61 241 190
9381 60 253 189
9382 59 255 189
9383 58 128 189
9384 57 64 189
9385 56 16 189
9386 55 8 189
9387 54 2 188
9388 53 1 189
9389 52 193 188
9390 51 225 189
9391 50 249 188
9392 49 253 188
9393 48 256 188
9394 47 128 188
9395 46 32 188
9396 68 16 191
9397 67 8 191
9398 66 2 191
9399 65 1 191
9400 64 193 190
9401 63 225 191
9402 62 249 190
9403 61 253 191
9404 60 256 190
9405 59 128 190
9406 58 32 190
9407 57 16 190
9408 56 4 190
9409 55 2 190
9410 54 129 189
9411 53 193 190
9412 52 241 189
9413 51 249 190
9414 50 255 189
9415 49 256 189
9416 48 64 189
9417 69 16 192
9418 68 4 192
9419 67 2 192
9420 66 129 192
9421 65 193 192
9422 64 241 191
9423 63 249 192
9424 62 255 191
9425 61 256 192
9426 60 64 191
9427 59 32 191
9428 58 8 191
9429 57 4 191
9430 56 1 191
9431 55 129 191
9432 54 225 190
9433 53 241 191
9434 52 253 190
9435 51 255 191
9436 50 128 190
9437 70 8 193
9438 69 4 193
9439 68 1 193
9440 67 129 193
9441 66 225 193
9442 65 241 193
9443 64 253 192
9444 63 255 193
9445 62 128 192
9446 61 64 193
9447 60 16 192
9448 59 8 192
9449 58 2 192
9450 57 1 192
9451 56 193 192
9452 55 225 192
9453 54 249 191
9454 53 253 192
9455 52 256 191
9456 71 8 195
9457 70 2 194
9458 69 1 194
9459 68 193 194
9460 67 225 194
9461 66 249 194
9462 65 253 194
9463 64 256 193
9464 63 128 194
9465 62 32 193
9466 61 16 194
9467 60 4 193
9468 59 2 193
9469 58 129 193
9470 57 193 193
9471 56 241 193
9472 55 249 193
9473 54 255 192
9474 72 4 195
9475 71 2 196
9476 70 129 195
9477 69 193 195
9478 68 241 195
9479 67 249 195
9480 66 255 195
9481 65 256 195
9482 64 64 194
9483 63 32 195
9484 62 8 194
9485 61 4 195
9486 60 1 194
9487 59 129 194
9488 58 225 194
9489 57 241 194
9490 56 253 194
9491 73 4 197
9492 72 1 196
9493 71 129 197
9494 70 225 196
9495 69 241 196
9496 68 253 196
9497 67 255 196
9498 66 128 196
9499 65 64 196
9500 64 16 195
9501 63 8 196
9502 62 2 195
9503 61 1 196
9504 60 193 195
9505 59 225 195
9506 58 249 195
9507 74 2 197
9508 73 1 198
9509 72 193 197
9510 71 225 198
9511 70 249 197
9512 69 253 197
9513 68 256 197
9514 67 128 197
9515 66 32 197
9516 65 16 197
9517 64 4 196
9518 63 2 197
9519 62 129 196
9520 61 193 197
9521 60 241 196
9522 75 2 199
9523 74 129 198
9524 73 193 199
9525 72 241 198
9526 71 249 199
9527 70 255 198
9528 69 256 198
9529 68 64 198
9530 67 32 198
9531 66 8 198
9532 65 4 198
9533 64 1 197
9534 63 129 198
9535 62 225 197
9536 76 1 200
9537 75 129 200
9538 74 225 199
9539 73 241 200
9540 72 253 199
9541 71 255 200
9542 70 128 199
9543 69 64 199
9544 68 16 199
9545 67 8 199
9546 66 2 199
9547 65 1 199
9548 64 193 198
9549 77 1 201
9550 76 193 201
9551 75 225 201
9552 74 249 200
9553 73 253 201
9554 72 256 200
9555 71 128 201
9556 70 32 200
9557 69 16 200
9558 68 4 200
9559 67 2 200
9560 66 129 200
9561 78 129 202
9562 77 193 202
9563 76 241 202
9564 75 249 202
9565 74 255 201
9566 73 256 202
9567 72 64 201
9568 71 32 202
9569 70 8 201
9570 69 4 201
9571 68 1 201
9572 79 129 203
9573 78 225 203
9574 77 241 203
9575 76 253 203
9576 75 255 203
9577 74 128 202
9578 73 64 203
9579 72 16 202
9580 71 8 203
9581 70 2 202
9582 80 193 204
9583 79 225 204
9584 78 249 204
9585 77 253 204
9586 76 256 204
9587 75 128 204
9588 74 32 203
9589 73 16 204
9590 72 4 203
9591 81 193 206
9592 80 241 205
9593 79 249 205
9594 78 255 205
9595 77 256 205
9596 76 64 205
9597 75 32 205
9598 74 8 204
9599 82 225 206
9600 81 241 207
9601 80 253 206
9602 79 255 206
9603 78 128 206
9604 77 64 206
9605 76 16 206
9606 83 225 208
9607 82 249 207
9608 81 253 208
9609 80 256 207
9610 79 128 207
9611 78 32 207
9612 84 241 208
9613 83 249 209
9614 82 255 208
9615 81 256 209
9616 80 64 208
9617 85 241 210
9618 84 253 209
9619 83 255 210
9620 82 128 209
9621 86 249 211
9622 85 253 211
9623 84 256 210
9624 87 249 212
9625 86 255 212
9626 88 253 213
9627 89 78 214
9628 87 13 213
9629 85 45 212
9630 83 136 211
9631 81 194 210
9632 79 118 208
9633 77 191 207
9634 75 246 206
9635 73 41 205
9636 71 221 204
9637 69 251 202
9638 67 256 201
9639 65 214 200
9640 63 207 199
9641 61 163 198
9642 59 70 196
9643 57 183 195
9644 55 159 194
9645 53 155 193
9646 51 240 192
9647 49 40 190
9648 47 178 189
9649 45 201 188
9650 43 162 187
9651 41 27 186
9652 39 133 184
9653 37 65 183
9654 35 225 182
9655 33 166 181
9656 31 199 180
9657 29 76 178
9658 27 184 177
9659 25 202 176
9660 23 205 175
9661 21 77 174
9662 19 227 172
9663 17 252 171
9664 90 39 215
9665 88 135 214
9666 86 151 213
9667 84 68 211
9668 82 97 210
9669 80 59 209
9670 78 224 208
9671 76 123 207
9672 74 149 205
9673 72 239 204
9674 70 254 203
9675 68 128 202
9676 66 107 201
9677 64 232 199
9678 62 210 198
9679 60 35 197
9680 58 220 196
9681 56 208 195
9682 54 206 193
9683 52 120 192
9684 50 20 191
9685 48 89 190
9686 46 229 189
9687 44 81 187
9688 42 142 186
9689 40 195 185
9690 38 161 184
9691 36 241 183
9692 34 83 181
9693 32 228 180
9694 30 38 179
9695 28 92 178
9696 26 101 177
9697 24 231 175
9698 22 167 174
9699 20 242 173
9700 91 39 217
9701 89 135 215
9702 87 151 214
9703 85 68 213
9704 83 97 212
9705 81 59 211
9706 79 224 209
9707 77 123 208
9708 75 149 207
9709 73 239 206
9710 71 254 205
9711 69 128 203
9712 67 107 202
9713 65 232 201
9714 63 210 200
9715 61 35 199
9716 59 220 197
9717 57 208 196
9718 55 206 195
9719 53 120 194
9720 51 20 193
9721 49 89 191
9722 47 229 190
9723 45 81 189
9724 43 142 188
9725 41 195 187
9726 39 161 185
9727 37 241 184
9728 35 83 183
9729 33 228 182
9730 31 38 181
9731 29 92 179
9732 27 101 178
9733 25 231 177
9734 23 167 176
9735 92 148 217
9736 90 196 216
9737 88 204 215
9738 86 34 214
9739 84 177 212
9740 82 158 211
9741 80 112 210
9742 78 190 209
9743 76 203 208
9744 74 248 206
9745 72 127 205
9746 70 64 204
9747 68 182 203
9748 66 116 202
9749 64 105 200
9750 62 146 199
9751 60 110 198
9752 58 104 197
9753 56 103 196
9754 54 60 194
9755 52 10 193
9756 50 173 192
9757 48 243 191
9758 46 169 190
9759 44 71 188
9760 42 226 187
9761 40 209 186
9762 38 249 185
9763 36 170 184
9764 34 114 182
9765 32 19 181
9766 30 46 180
9767 28 179 179
9768 26 244 178
9769 93 148 219
9770 91 196 218
9771 89 204 216
9772 87 34 215
9773 85 177 214
9774 83 158 213
9775 81 112 212
9776 79 190 210
9777 77 203 209
9778 75 248 208
9779 73 127 207
9780 71 64 206
9781 69 182 204
9782 67 116 203
9783 65 105 202
9784 63 146 201
9785 61 110 200
9786 59 104 198
9787 57 103 197
9788 55 60 196
9789 53 10 195
9790 51 173 194
9791 49 243 192
9792 47 169 191
9793 45 71 190
9794 43 226 189
9795 41 209 188
9796 39 249 186
9797 37 170 185
9798 35 114 184
9799 33 19 183
9800 31 46 182
9801 29 179 180
9802 94 74 219
9803 92 98 218
9804 90 102 217
9805 88 17 216
9806 86 217 215
9807 84 79 213
9808 82 56 212
9809 80 95 211
9810 78 230 210
9811 76 124 209
9812 74 192 207
9813 72 32 206
9814 70 91 205
9815 68 58 204
9816 66 181 203
9817 64 73 201
9818 62 55 200
9819 60 52 199
9820 58 180 198
9821 56 30 197
9822 54 5 195
9823 52 215 194
9824 50 250 193
9825 48 213 192
9826 46 164 191
9827 44 113 189
9828 42 233 188
9829 40 253 187
9830 38 85 186
9831 36 57 185
9832 34 138 183
9833 32 23 182
9834 95 74 221
9835 93 98 220
9836 91 102 219
9837 89 17 217
9838 87 217 216
9839 85 79 215
9840 83 56 214
9841 81 95 213
9842 79 230 211
9843 77 124 210
9844 75 192 209
9845 73 32 208
9846 71 91 207
9847 69 58 205
9848 67 181 204
9849 65 73 203
9850 63 55 202
9851 61 52 201
9852 59 180 199
9853 57 30 198
9854 55 5 197
9855 53 215 196
9856 51 250 195
9857 49 213 193
9858 47 164 192
9859 45 113 191
9860 43 233 190
9861 41 253 189
9862 39 85 187
9863 37 57 186
9864 35 138 185
9865 96 37 222
9866 94 49 220
9867 92 51 219
9868 90 137 218
9869 88 237 217
9870 86 168 216
9871 84 28 214
9872 82 176 213
9873 80 115 212
9874 78 62 211
9875 76 96 210
9876 74 16 208
9877 72 174 207
9878 70 29 206
9879 68 219 205
9880 66 165 204
9881 64 156 202
9882 62 26 201
9883 60 90 200
9884 58 15 199
9885 56 131 198
9886 54 236 196
9887 52 125 195
9888 50 235 194
9889 48 82 193
9890 46 185 192
9891 44 245 190
9892 42 255 189
9893 40 171 188
9894 38 157 187
9895 97 37 223
9896 95 49 222
9897 93 51 221
9898 91 137 220
9899 89 237 218
9900 87 168 217
9901 85 28 216
9902 83 176 215
9903 81 115 214
9904 79 62 212
9905 77 96 211
9906 75 16 210
9907 73 174 209
9908 71 29 208
9909 69 219 206
9910 67 165 205
9911 65 156 204
9912 63 26 203
9913 61 90 202
9914 59 15 200
9915 57 131 199
9916 55 236 198
9917 53 125 197
9918 51 235 196
9919 49 82 194
9920 47 185 193
9921 45 245 192
9922 43 255 191
9923 41 171 190
9924 98 147 224
9925 96 153 223
9926 94 154 221
9927 92 197 220
9928 90 247 219
9929 88 84 218
9930 86 14 217
9931 84 88 215
9932 82 186 214
9933 80 31 213
9934 78 48 212
9935 76 8 211
9936 74 87 209
9937 72 143 208
9938 70 238 207
9939 68 211 206
9940 66 78 205
9941 64 13 203
9942 62 45 202
9943 60 136 201
9944 58 194 200
9945 56 118 199
9946 54 191 197
9947 52 246 196
9948 50 41 195
9949 48 221 194
9950 46 251 193
9951 44 256 191
9952 99 147 225
9953 97 153 224
9954 95 154 223
9955 93 197 222
9956 91 247 221
9957 89 84 219
9958 87 14 218
9959 85 88 217
9960 83 186 216
9961 81 31 215
9962 79 48 213
9963 77 8 212
9964 75 87 211
9965 73 143 210
9966 71 238 209
9967 69 211 207
9968 67 78 206
9969 65 13 205
9970 63 45 204
9971 61 136 203
9972 59 194 201
9973 57 118 200
9974 55 191 199
9975 53 246 198
9976 51 41 197
9977 49 221 195
9978 47 251 194
9979 100 202 226
9980 98 205 225
9981 96 77 224
9982 94 227 222
9983 92 252 221
9984 90 42 220
9985 88 7 219
9986 86 44 218
9987 84 93 216
9988 82 144 215
9989 80 24 214
9990 78 4 213
9991 76 172 212
9992 74 200 210
9993 72 119 209
9994 70 234 208
9995 68 39 207
9996 66 135 206
9997 64 151 204
9998 62 68 203
9999 60 97 202
10000 58 59 201
10001 56 224 200
10002 54 123 198
10003 52 149 197
10004 50 239 196
10005 101 202 228
10006 99 205 226
10007 97 77 225
10008 95 227 224
10009 93 252 223
10010 91 42 222
10011 89 7 220
10012 87 44 219
10013 85 93 218
10014 83 144 217
10015 81 24 216
10016 79 4 214
10017 77 172 213
10018 75 200 212
10019 73 119 211
10020 71 234 210
10021 69 39 208
10022 67 135 207
10023 65 151 206
10024 63 68 205
10025 61 97 204
10026 59 59 202
10027 57 224 201
10028 55 123 200
10029 53 149 199
10030 102 101 228
10031 100 231 227
10032 98 167 226
10033 96 242 225
10034 94 126 223
10035 92 21 222
10036 90 132 221
10037 88 22 220
10038 86 175 219
10039 84 72 217
10040 82 12 216
10041 80 2 215
10042 78 86 214
10043 76 100 213
10044 74 188 211
10045 72 117 210
10046 70 148 209
10047 68 196 208
10048 66 204 207
10049 64 34 205
10050 62 177 204
10051 60 158 203
10052 58 112 202
10053 56 190 201
10054 103 101 230
10055 101 231 229
10056 99 167 227
10057 97 242 226
10058 95 126 225
10059 93 21 224
10060 91 132 223
10061 89 22 221
10062 87 175 220
10063 85 72 219
10064 83 12 218
10065 81 2 217
10066 79 86 215
10067 77 100 214
10068 75 188 213
10069 73 117 212
10070 71 148 211
10071 69 196 209
10072 67 204 208
10073 65 34 207
10074 63 177 206
10075 61 158 205
10076 59 112 203
10077 104 179 230
10078 102 244 229
10079 100 212 228
10080 98 121 227
10081 96 63 226
10082 94 139 224
10083 92 66 223
10084 90 11 222
10085 88 216 221
10086 86 36 220
10087 84 6 218
10088 82 1 217
10089 80 43 216
10090 78 50 215
10091 76 94 214
10092 74 187 212
10093 72 74 211
10094 70 98 210
10095 68 102 209
10096 66 17 208
10097 64 217 206
10098 62 79 205
10099 105 179 232
10100 103 244 231
10101 101 212 230
10102 99 121 228
10103 97 63 227
10104 95 139 226
10105 93 66 225
10106 91 11 224
10107 89 216 222
10108 87 36 221
10109 85 6 220
10110 83 1 219
10111 81 43 218
10112 79 50 216
10113 77 94 215
10114 75 187 214
10115 73 74 213
10116 71 98 212
10117 69 102 210
10118 67 17 209
10119 65 217 208
10120 106 218 233
10121 104 122 231
10122 102 106 230
10123 100 189 229
10124 98 160 228
10125 96 198 227
10126 94 33 225
10127 92 134 224
10128 90 108 223
10129 88 18 222
10130 86 3 221
10131 84 129 219
10132 82 150 218
10133 80 25 217
10134 78 47 216
10135 76 222 215
10136 74 37 213
10137 72 49 212
10138 70 51 211
10139 68 137 210
10140 107 218 234
10141 105 122 233
10142 103 106 232
10143 101 189 231
10144 99 160 229
10145 97 198 228
10146 95 33 227
10147 93 134 226
10148 91 108 225
10149 89 18 223
10150 87 3 222
10151 85 129 221
10152 83 150 220
10153 81 25 219
10154 79 47 217
10155 77 222 216
10156 75 37 215
10157 73 49 214
10158 71 51 213
10159 108 109 235
10160 106 61 234
10161 104 53 232
10162 102 223 231
10163 100 80 230
10164 98 99 229
10165 96 145 228
10166 94 67 226
10167 92 54 225
10168 90 9 224
10169 88 130 223
10170 86 193 222
10171 84 75 220
10172 82 141 219
10173 80 152 218
10174 78 111 217
10175 76 147 216
10176 74 153 214
10177 109 109 236
10178 107 61 235
10179 105 53 234
10180 103 223 233
10181 101 80 232
10182 99 99 230
10183 97 145 229
10184 95 67 228
10185 93 54 227
10186 91 9 226
10187 89 130 224
10188 87 193 223
10189 85 75 222
10190 83 141 221
10191 81 152 220
10192 79 111 218
10193 77 147 217
10194 110 183 237
10195 108 159 236
10196 106 155 235
10197 104 240 233
10198 102 40 232
10199 100 178 231
10200 98 201 230
10201 96 162 229
10202 94 27 227
10203 92 133 226
10204 90 65 225
10205 88 225 224
10206 86 166 223
10207 84 199 221
10208 82 76 220
10209 80 184 219
10210 111 183 239
10211 109 159 237
10212 107 155 236
10213 105 240 235
10214 103 40 234
10215 101 178 233
10216 99 201 231
10217 97 162 230
10218 95 27 229
10219 93 133 228
10220 91 65 227
10221 89 225 225
10222 87 166 224
10223 85 199 223
10224 83 76 222
10225 112 220 239
10226 110 208 238
10227 108 206 237
10228 106 120 236
10229 104 20 234
10230 102 89 233
10231 100 229 232
10232 98 81 231
10233 96 142 230
10234 94 195 228
10235 92 161 227
10236 90 241 226
10237 88 83 225
10238 86 228 224
10239 113 220 241
10240 111 208 240
10241 109 206 238
10242 107 120 237
10243 105 20 236
10244 103 89 235
10245 101 229 234
10246 99 81 232
10247 97 142 231
10248 95 195 230
10249 93 161 229
10250 91 241 228
10251 89 83 226
10252 114 110 241
10253 112 104 240
10254 110 103 239
10255 108 60 238
10256 106 10 237
10257 104 173 235
10258 102 243 234
10259 100 169 233
10260 98 71 232
10261 96 226 231
10262 94 209 229
10263 92 249 228
10264 115 110 243
10265 113 104 242
10266 111 103 241
10267 109 60 239
10268 107 10 238
10269 105 173 237
10270 103 243 236
10271 101 169 235
10272 99 71 233
10273 97 226 232
10274 95 209 231
10275 116 55 244
10276 114 52 242
10277 112 180 241
10278 110 30 240
10279 108 5 239
10280 106 215 238
10281 104 250 236
10282 102 213 235
10283 100 164 234
10284 98 113 233
10285 117 55 245
10286 115 52 244
10287 113 180 243
10288 111 30 242
10289 109 5 240
10290 107 215 239
10291 105 250 238
10292 103 213 237
10293 101 164 236
10294 118 156 246
10295 116 26 245
10296 114 90 243
10297 112 15 242
10298 110 131 241
10299 108 236 240
10300 106 125 239
10301 104 235 237
10302 119 156 247
10303 117 26 246
10304 115 90 245
10305 113 15 244
10306 111 131 243
10307 109 236 241
10308 107 125 240
10309 120 78 248
10310 118 13 247
10311 116 45 246
10312 114 136 244
10313 112 194 243
10314 110 118 242
10315 121 78 250
10316 119 13 248
10317 117 45 247
10318 115 136 246
10319 113 194 245
10320 122 39 250
10321 120 135 249
10322 118 151 248
10323 116 68 247
10324 123 39 252
10325 121 135 251
10326 119 151 249
10327 124 148 252
10328 122 196 251
10329 125 148 254
10330 2 254 167
10331 3 245 167
10332 1 130 168
10333 0 192 169
10334 0 192 170
10335 0 192 171
10336 0 192 172
10337 0 192 173
10338 0 192 174
10339 0 192 175
10340 0 192 176
10341 0 192 177
10342 0 192 178
10343 0 192 179
10344 0 192 180
10345 0 192 181
10346 0 192 182
10347 0 192 183
10348 0 192 184
10349 0 192 185
10350 0 192 186
10351 0 192 187
10352 0 192 188
10353 0 192 189
10354 0 192 190
10355 0 192 191
10356 0 192 192
10357 0 192 193
10358 0 192 194
10359 0 192 195
10360 0 192 196
10361 0 192 197
10362 0 192 198
10363 4 132 167
10364 5 14 167
10365 2 167 168
10366 3 119 168
10367 1 32 169
10368 1 32 170
10369 1 32 171
10370 1 32 172
10371 1 32 173
10372 1 32 174
10373 1 32 175
10374 1 32 176
10375 1 32 177
10376 1 32 178
10377 1 32 179
10378 1 32 180
10379 1 32 181
10380 1 32 182
10381 1 32 183
10382 1 32 184
10383 1 32 185
10384 1 32 186
10385 1 32 187
10386 1 32 188
10387 1 32 189
10388 1 32 190
10389 1 32 191
10390 1 32 192
10391 1 32 193
10392 1 32 194
10393 1 32 195
10394 1 32 196
10395 6 103 167
10396 7 155 167
10397 4 105 168
10398 5 161 168
10399 2 93 169
10400 3 237 169
10401 2 91 170
10402 2 91 171
10403 2 91 172
10404 2 91 173
10405 2 91 174
10406 2 91 175
10407 2 91 176
10408 2 91 177
10409 2 91 178
10410 2 91 179
10411 2 91 180
10412 2 91 181
10413 2 91 182
10414 2 91 183
10415 2 91 184
10416 2 91 185
10417 2 91 186
10418 2 91 187
10419 2 91 188
10420 2 91 189
10421 2 91 190
10422 2 91 191
10423 2 91 192
10424 2 91 193
10425 2 91 194
10426 8 94 167
10427 9 119 167
10428 6 6 168
10429 7 112 168
10430 4 20 169
10431 5 109 169
10432 3 50 170
10433 4 225 170
10434 3 58 171
10435 3 58 172
10436 3 58 173
10437 3 58 174
10438 3 58 175
10439 3 58 176
10440 3 58 177
10441 3 58 178
10442 3 58 179
10443 3 58 180
10444 3 58 181
10445 3 58 182
10446 3 58 183
10447 3 58 184
10448 3 58 185
10449 3 58 186
10450 3 58 187
10451 3 58 188
10452 3 58 189
10453 3 58 190
10454 3 58 191
10455 3 58 192
10456 10 233 167
10457 8 55 168
10458 9 121 168
10459 11 92 168
10460 6 148 169
10461 7 87 169
10462 5 113 170
10463 6 123 170
10464 4 156 171
10465 5 217 171
10466 4 181 172
10467 4 181 173
10468 4 181 174
10469 4 181 175
10470 4 181 176
10471 4 181 177
10472 4 181 178
10473 4 181 179
10474 4 181 180
10475 4 181 181
10476 4 181 182
10477 4 181 183
10478 4 181 184
10479 4 181 185
10480 4 181 186
10481 4 181 187
10482 4 181 188
10483 4 181 189
10484 4 181 190
10485 10 2 168
10486 12 221 168
10487 8 39 169
10488 9 198 169
10489 11 67 169
10490 13 110 169
10491 7 168 170
10492 8 242 170
10493 6 75 171
10494 7 218 171
10495 5 89 172
10496 6 255 172
10497 5 73 173
10498 5 73 174
10499 5 73 175
10500 5 73 176
10501 5 73 177
10502 5 73 178
10503 5 73 179
10504 5 73 180
10505 5 73 181
10506 5 73 182
10507 5 73 183
10508 5 73 184
10509 5 73 185
10510 5 73 186
10511 5 73 187
10512 5 73 188
10513 10 214 169
10514 12 3 169
10515 14 203 169
10516 9 237 170
10517 10 191 170
10518 11 74 170
10519 13 46 170
10520 15 98 170
10521 8 41 171
10522 9 174 171
10523 7 196 172
10524 8 88 172
10525 6 7 173
10526 7 33 173
10527 6 55 174
10528 6 55 175
10529 6 55 176
10530 6 55 177
10531 6 55 178
10532 6 55 179
10533 6 55 180
10534 6 55 181
10535 6 55 182
10536 6 55 183
10537 6 55 184
10538 6 55 185
10539 6 55 186
10540 12 250 170
10541 14 126 170
10542 10 31 171
10543 11 252 171
10544 12 14 171
10545 13 219 171
10546 15 113 171
10547 16 106 171
10548 9 223 172
10549 10 81 172
10550 11 114 172
10551 18 112 172
10552 8 206 173
10553 9 90 173
10554 7 92 174
10555 8 195 174
10556 7 52 175
10557 7 52 176
10558 7 52 177
10559 7 52 178
10560 7 52 179
10561 7 52 180
10562 7 52 181
10563 7 52 182
10564 7 52 183
10565 7 52 184
10566 14 220 171
10567 12 216 172
10568 13 3 172
10569 14 26 172
10570 15 189 172
10571 16 104 172
10572 17 120 172
10573 10 96 173
10574 11 176 173
10575 12 29 173
10576 13 248 173
10577 19 149 173
10578 9 156 174
10579 10 105 174
10580 11 4 174
10581 8 144 175
10582 9 7 175
10583 21 183 175
10584 8 180 176
10585 8 180 177
10586 8 180 178
10587 8 180 179
10588 8 180 180
10589 8 180 181
10590 8 180 182
10591 14 63 173
10592 15 119 173
10593 16 82 173
10594 17 187 173
10595 18 187 173
10596 12 69 174
10597 13 93 174
10598 14 215 174
10599 15 205 174
10600 16 17 174
10601 20 81 174
10602 10 45 175
10603 11 127 175
10604 12 84 175
10605 13 250 175
10606 22 68 175
10607 9 75 176
10608 10 242 176
10609 11 111 176
10610 24 109 176
10611 9 30 177
10612 9 30 178
10613 9 30 179
10614 9 30 180
10615 17 35 174
10616 18 9 174
10617 19 245 174
10618 14 138 175
10619 15 66 175
10620 16 132 175
10621 17 239 175
10622 18 66 175
10623 19 157 175
10624 12 180 176
10625 13 159 176
10626 14 44 176
10627 15 254 176
10628 21 93 176
10629 10 124 177
10630 11 13 177
10631 12 114 177
10632 13 151 177
10633 23 41 177
10634 10 112 178
10635 11 66 178
10636 25 122 178
10637 10 5 179
10638 20 48 175
10639 16 155 176
10640 17 7 176
10641 18 173 176
10642 19 32 176
10643 20 47 176
10644 22 81 176
10645 14 189 177
10646 15 242 177
10647 16 109 177
10648 17 75 177
10649 18 84 177
10650 19 70 177
10651 24 104 177
10652 12 68 178
10653 13 32 178
10654 14 162 178
10655 15 174 178
10656 11 77 179
10657 12 172 179
10658 13 8 179
10659 26 77 179
10660 20 210 177
10661 21 54 177
10662 22 19 177
10663 16 223 178
10664 17 114 178
10665 18 122 178
10666 19 147 178
10667 20 158 178
10668 21 44 178
10669 22 13 178
10670 23 53 178
10671 24 96 178
10672 14 1 179
10673 15 184 179
10674 16 49 179
10675 17 237 179
10676 25 100 179
10677 27 17 179
10678 10 123 180
10679 11 10 180
10680 12 244 180
10681 18 45 179
10682 19 174 179
10683 20 226 179
10684 21 79 179
10685 22 217 179
10686 23 145 179
10687 24 1 179
10688 13 161 180
10689 14 238 180
10690 15 94 180
10691 16 16 180
10692 17 4 180
10693 18 235 180
10694 19 163 180
10695 20 125 180
10696 21 95 180
10697 22 14 180
10698 24 156 180
10699 26 40 180
10700 27 5 180
10701 23 232 180
10702 25 161 180
10703 28 232 180
10704 9 137 181
10705 10 23 181
10706 11 2 181
10707 12 249 181
10708 13 50 181
10709 14 111 181
10710 15 211 181
10711 16 79 181
10712 17 204 181
10713 18 51 181
10714 19 107 181
10715 20 141 181
10716 21 80 181
10717 22 55 181
10718 23 61 181
10719 24 200 181
10720 25 161 181
10721 26 163 181
10722 27 250 181
10723 28 185 181
10724 29 250 181
10725 30 200 181
10726 9 180 182
10727 10 86 182
10728 11 186 182
10729 12 102 182
10730 13 52 182
10731 14 251 182
10732 15 25 182
10733 16 33 182
10734 17 180 182
10735 18 32 182
10736 19 192 182
10737 20 181 182
10738 21 83 182
10739 22 230 182
10740 23 153 182
10741 24 182 182
10742 25 99 182
10743 26 25 182
10744 27 234 182
10745 28 250 182
10746 29 28 182
10747 30 43 182
10748 8 161 183
10749 9 18 183
10750 10 144 183
10751 11 107 183
10752 12 182 183
10753 13 9 183
10754 14 96 183
10755 15 169 183
10756 16 34 183
10757 17 128 183
10758 18 215 183
10759 19 227 183
10760 20 209 183
10761 21 212 183
10762 22 186 183
10763 23 53 183
10764 24 54 183
10765 25 21 183
10766 26 249 183
10767 27 110 183
10768 28 231 183
10769 29 235 183
10770 30 18 183
10771 31 168 183
10772 32 256 183
10773 8 35 184
10774 9 84 184
10775 10 137 184
10776 11 103 184
10777 12 40 184
10778 13 125 184
10779 14 237 184
10780 15 43 184
10781 16 217 184
10782 17 89 184
10783 18 204 184
10784 19 28 184
10785 20 160 184
10786 21 5 184
10787 22 60 184
10788 23 28 184
10789 24 140 184
10790 25 212 184
10791 26 92 184
10792 27 101 184
10793 28 203 184
10794 29 180 184
10795 30 15 184
10796 31 216 184
10797 32 107 184
10798 33 202 184
10799 34 184 184
10800 7 244 185
10801 8 60 185
10802 9 65 185
10803 10 56 185
10804 11 94 185
10805 12 193 185
10806 13 197 185
10807 14 238 185
10808 15 194 185
10809 16 33 185
10810 17 53 185
10811 18 49 185
10812 19 49 185
10813 20 247 185
10814 21 43 185
10815 22 254 185
10816 23 75 185
10817 24 241 185
10818 25 236 185
10819 26 154 185
10820 27 26 185
10821 28 168 185
10822 29 182 185
10823 30 135 185
10824 31 201 185
10825 32 107 185
10826 33 172 185
10827 34 206 185
10828 7 38 186
10829 8 38 186
10830 9 107 186
10831 10 245 186
10832 11 33 186
10833 12 17 186
10834 13 148 186
10835 14 230 186
10836 15 121 186
10837 16 121 186
10838 17 131 186
10839 18 242 186
10840 19 9 186
10841 20 133 186
10842 21 98 186
10843 22 16 186
10844 23 159 186
10845 24 2 186
10846 25 200 186
10847 26 77 186
10848 27 191 186
10849 28 13 186
10850 29 5 186
10851 30 202 186
10852 31 104 186
10853 32 112 186
10854 33 90 186
10855 34 94 186
10856 35 180 186
10857 36 95 186
10858 6 57 187
10859 7 93 187
10860 8 12 187
10861 9 32 187
10862 10 194 187
10863 11 181 187
10864 12 28 187
10865 13 121 187
10866 14 245 187
10867 15 196 187
10868 16 250 187
10869 17 9 187
10870 18 245 187
10871 19 227 187
10872 20 241 187
10873 21 134 187
10874 22 103 187
10875 23 114 187
10876 24 176 187
10877 25 91 187
10878 26 235 187
10879 27 117 187
10880 28 4 187
10881 29 196 187
10882 30 56 187
10883 31 181 187
10884 32 38 187
10885 33 43 187
10886 34 213 187
10887 37 17 187
10888 6 72 188
10889 7 1 188
10890 5 6 189
10891 35 7 187
10892 36 114 187
10893 8 126 188
10894 9 136 188
10895 10 147 188
10896 11 76 188
10897 12 228 188
10898 13 174 188
10899 14 77 188
10900 15 203 188
10901 16 4 188
10902 17 155 188
10903 18 46 188
10904 19 110 188
10905 20 195 188
10906 21 170 188
10907 22 27 188
10908 23 145 188
10909 24 230 188
10910 25 63 188
10911 26 125 188
10912 27 232 188
10913 28 179 188
10914 29 189 188
10915 30 229 188
10916 31 238 188
10917 33 139 188
10918 32 107 188
10919 34 118 188
10920 35 49 188
10921 36 206 188
10922 37 117 188
10923 38 156 188
10924 39 47 188
10925 6 128 189
10926 7 166 189
10927 8 23 189
10928 9 85 189
10929 10 42 189
10930 11 56 189
10931 12 74 189
10932 13 96 189
10933 14 163 189
10934 15 233 189
10935 16 28 189
10936 17 54 189
10937 18 152 189
10938 19 139 189
10939 20 119 189
10940 21 144 189
10941 22 188 189
10942 23 245 189
10943 24 203 189
10944 25 256 189
10945 26 185 189
10946 27 76 189
10947 28 166 189
10948 29 230 189
10949 30 158 189
10950 31 224 189
10951 32 123 189
10952 33 48 189
10953 34 42 189
10954 35 217 189
10955 36 234 189
10956 37 51 189
10957 38 66 189
10958 39 132 189
10959 40 138 189
10960 5 23 190
10961 6 133 190
10962 7 2 190
10963 8 243 190
10964 9 169 190
10965 10 226 190
10966 11 174 190
10967 12 156 190
10968 13 125 190
10969 14 221 190
10970 15 150 190
10971 16 155 190
10972 17 122 190
10973 18 144 190
10974 19 207 190
10975 20 91 190
10976 21 226 190
10977 22 126 190
10978 23 217 190
10979 24 24 190
10980 25 178 190
10981 26 90 190
10982 27 167 190
10983 28 39 190
10984 29 38 190
10985 30 68 190
10986 31 252 190
10987 32 14 190
10988 33 45 190
10989 34 109 190
10990 35 20 190
10991 36 20 190
10992 37 191 190
10993 38 192 190
10994 39 227 190
10995 40 45 190
10996 42 171 190
10997 4 164 191
10998 5 26 191
10999 6 170 191
11000 7 117 191
11001 8 244 191
11002 9 204 191
11003 10 140 191
11004 11 24 191
11005 12 177 191
11006 13 88 191
11007 14 23 191
11008 15 213 191
11009 16 196 191
11010 17 246 191
11011 18 137 191
11012 19 239 191
11013 20 18 191
11014 21 52 191
11015 22 174 191
11016 23 152 191
11017 24 133 191
11018 25 234 191
11019 26 111 191
11020 27 77 191
11021 28 51 191
11022 29 136 191
11023 30 37 191
11024 31 34 191
11025 32 208 191
11026 33 74 191
11027 34 22 191
11028 35 100 191
11029 36 159 191
11030 37 228 191
11031 38 242 191
11032 39 220 191
11033 40 205 191
11034 41 49 191
11035 42 194 191
11036 4 139 192
11037 5 16 192
11038 6 230 192
11039 7 137 192
11040 8 212 192
11041 9 39 192
11042 10 193 192
11043 11 91 192
11044 12 115 192
11045 13 206 192
11046 14 247 192
11047 15 213 192
11048 16 7 192
11049 17 228 192
11050 18 192 192
11051 19 237 192
11052 20 30 192
11053 21 177 192
11054 22 234 192
11055 23 150 192
11056 24 65 192
11057 25 114 192
11058 26 139 192
11059 27 24 192
11060 28 227 192
11061 29 182 192
11062 30 44 192
11063 31 171 192
11064 32 17 192
11065 33 81 192
11066 34 15 192
11067 35 175 192
11068 36 33 192
11069 37 84 192
11070 38 57 192
11071 39 42 192
11072 40 229 192
11073 41 245 192
11074 42 193 192
11075 43 245 192
11076 44 191 192
11077 3 60 193
11078 4 1 193
11079 5 166 193
11080 6 167 193
11081 7 22 193
11082 8 120 193
11083 9 88 193
11084 10 12 193
11085 11 44 193
11086 12 211 193
11087 13 125 193
11088 14 94 193
11089 15 80 193
11090 16 195 193
11091 17 58 193
11092 18 58 193
11093 19 153 193
11094 20 165 193
11095 21 119 193
11096 22 253 193
11097 23 98 193
11098 24 151 193
11099 25 141 193
11100 26 92 193
11101 27 60 193
11102 28 160 193
11103 29 60 193
11104 30 42 193
11105 31 238 193
11106 32 143 193
11107 33 2 193
11108 34 166 193
11109 35 102 193
11110 36 111 193
11111 37 158 193
11112 38 224 193
11113 39 110 193
11114 40 1 193
11115 41 61 193
11116 42 231 193
11117 43 216 193
11118 44 80 193
11119 45 160 193
11120 3 138 194
11121 4 171 194
11122 5 244 194
11123 6 229 194
11124 7 248 194
11125 8 30 194
11126 9 204 194
11127 10 208 194
11128 11 77 194
11129 12 149 194
11130 13 204 194
11131 14 24 194
11132 15 246 194
11133 16 147 194
11134 17 256 194
11135 18 129 194
11136 19 81 194
11137 20 200 194
11138 21 50 194
11139 22 5 194
11140 23 1 194
11141 24 65 194
11142 25 161 194
11143 26 59 194
11144 27 111 194
11145 28 160 194
11146 29 44 194
11147 30 171 194
11148 31 13 194
11149 33 102 194
11150 32 144 194
11151 34 181 194
11152 35 89 194
11153 36 189 194
11154 37 39 194
11155 38 105 194
11156 39 142 194
11157 40 201 194
11158 41 57 194
11159 42 1 194
11160 43 187 194
11161 44 44 194
11162 45 235 194
11163 46 145 194
11164 2 158 195
11165 3 198 195
11166 4 78 195
11167 5 174 195
11168 6 33 195
11169 7 32 195
11170 8 238 195
11171 9 186 195
11172 10 105 195
11173 11 71 195
11174 12 4 195
11175 13 25 195
11176 14 217 195
11177 15 194 195
11178 16 22 195
11179 17 154 195
11180 18 159 195
11181 19 22 195
11182 20 147 195
11183 21 64 195
11184 22 179 195
11185 23 60 195
11186 24 27 195
11187 25 242 195
11188 26 253 195
11189 27 31 195
11190 28 31 195
11191 29 254 195
11192 30 225 195
11193 31 182 195
11194 32 181 195
11195 33 38 195
11196 34 45 195
11197 35 33 195
11198 36 137 195
11199 37 159 195
11200 38 55 195
11201 39 170 195
11202 40 79 195
11203 41 124 195
11204 42 140 195
11205 43 99 195
11206 44 181 195
11207 45 196 195
11208 46 52 195
11209 47 176 195
11210 48 245 195
11211 2 187 196
11212 3 43 196
11213 4 118 196
11214 5 223 196
11215 6 123 196
11216 7 182 196
11217 8 134 196
11218 9 221 196
11219 10 2 196
11220 11 126 196
11221 12 245 196
11222 13 208 196
11223 14 246 196
11224 15 256 196
11225 16 205 196
11226 17 201 196
11227 18 213 196
11228 19 245 196
11229 20 215 196
11230 21 66 196
11231 22 224 196
11232 23 6 196
11233 24 38 196
11234 25 108 196
11235 26 194 196
11236 27 167 196
11237 28 136 196
11238 29 53 196
11239 30 50 196
11240 31 174 196
11241 32 216 196
11242 33 215 196
11243 34 152 196
11244 35 65 196
11245 36 134 196
11246 37 251 196
11247 38 136 196
11248 39 214 196
11249 40 253 196
11250 41 142 196
11251 42 91 196
11252 43 63 196
11253 44 104 196
11254 45 171 196
11255 46 17 196
11256 47 132 196
11257 48 237 196
11258 49 186 196
11259 1 34 197
11260 2 215 197
11261 3 11 197
11262 4 111 197
11263 5 130 197
11264 6 34 197
11265 7 152 197
11266 8 256 197
11267 9 204 197
11268 10 235 197
11269 11 94 197
11270 12 148 197
11271 13 146 197
11272 14 9 197
11273 15 61 197
11274 16 177 197
11275 17 115 197
11276 18 3 197
11277 19 98 197
11278 20 117 197
11279 21 216 197
11280 22 169 197
11281 23 139 197
11282 24 54 197
11283 25 86 197
11284 26 104 197
11285 27 82 197
11286 28 154 197
11287 29 101 197
11288 30 204 197
11289 31 185 197
11290 32 117 197
11291 33 166 197
11292 34 154 197
11293 35 35 197
11294 36 41 197
11295 37 62 197
11296 38 252 197
11297 39 1 197
11298 40 107 197
11299 41 256 197
11300 42 244 197
11301 43 242 197
11302 44 146 197
11303 45 238 197
11304 46 37 197
11305 47 72 197
11306 48 245 197
11307 49 172 197
11308 50 172 197
11309 1 28 198
11310 2 175 198
11311 3 77 198
11312 4 179 198
11313 5 85 198
11314 6 30 198
11315 7 110 198
11316 8 229 198
11317 9 138 198
11318 10 93 198
11319 11 55 198
11320 12 91 198
11321 13 131 198
11322 20 192 198
11323 21 117 198
11324 22 234 198
11325 23 140 198
11326 24 8 198
11327 25 60 198
11328 26 147 198
11329 27 50 198
11330 28 173 198
11331 29 216 198
11332 30 223 198
11333 31 74 198
11334 32 231 198
11335 33 42 198
11336 34 28 198
11337 35 21 198
11338 36 153 198
11339 37 87 198
11340 38 139 198
11341 39 44 198
11342 40 61 198
11343 41 110 198
11344 42 169 198
11345 43 210 198
11346 44 212 198
11347 45 52 198
11348 46 220 198
11349 47 255 198
11350 48 72 198
11351 49 141 198
11352 50 182 198
11353 51 249 198
11354 52 33 198
11355 23 102 199
11356 25 240 199
11357 26 54 199
11358 27 29 199
11359 28 16 199
11360 29 64 199
11361 30 93 199
11362 31 116 199
11363 32 157 199
11364 33 39 199
11365 34 242 199
11366 35 8 199
11367 36 163 199
11368 37 122 199
11369 38 84 199
11370 39 165 199
11371 40 125 199
11372 41 213 199
11373 42 99 199
11374 43 189 199
11375 44 156 199
11376 45 20 199
11377 46 63 199
11378 47 153 199
11379 48 169 199
11380 49 151 199
11381 50 197 199
11382 51 125 199
11383 52 12 199
11384 54 2 199
11385 26 243 200
11386 28 250 200
11387 29 182 200
11388 30 17 200
11389 31 200 200
11390 32 38 200
11391 33 50 200
11392 34 139 200
11393 35 44 200
11394 36 2 200
11395 37 87 200
11396 38 169 200
11397 39 2 200
11398 40 169 200
11399 41 198 200
11400 42 17 200
11401 43 40 200
11402 44 15 200
11403 45 141 200
11404 46 123 200
11405 47 12 200
11406 48 69 200
11407 49 247 200
11408 50 218 200
11409 51 34 200
11410 52 59 200
11411 53 29 200
11412 54 115 200
11413 31 247 201
11414 32 76 201
11415 33 164 201
11416 34 3 201
11417 35 244 201
11418 36 224 201
11419 37 236 201
11420 38 21 201
11421 39 245 201
11422 40 72 201
11423 41 14 201
11424 42 180 201
11425 43 122 201
11426 44 50 201
11427 45 37 201
11428 46 212 201
11429 47 45 201
11430 48 18 201
11431 49 197 201
11432 50 252 201
11433 51 147 201
11434 52 221 201
11435 53 34 201
11436 54 198 201
11437 55 10 201
11438 35 60 202
11439 36 174 202
11440 37 186 202
11441 38 138 202
11442 39 136 202
11443 40 187 202
11444 41 80 202
11445 42 242 202
11446 43 103 202
11447 44 128 202
11448 45 87 202
11449 46 157 202
11450 47 158 202
11451 48 23 202
11452 49 148 202
11453 50 166 202
11454 51 84 202
11455 52 225 202
11456 53 176 202
11457 54 71 202
11458 55 23 202
11459 56 244 202
11460 57 61 202
11461 38 98 203
11462 40 155 203
11463 41 207 203
11464 42 133 203
11465 43 27 203
11466 44 185 203
11467 45 179 203
11468 46 109 203
11469 47 226 203
11470 48 153 203
11471 49 145 203
11472 50 22 203
11473 51 117 203
11474 52 103 203
11475 53 206 203
11476 54 7 203
11477 55 48 203
11478 56 130 203
11479 57 56 203
11480 58 28 203
11481 41 243 204
11482 43 232 204
11483 44 36 204
11484 45 1 204
11485 46 158 204
11486 47 228 204
11487 49 126 204
11488 48 256 204
11489 50 90 204
11490 51 159 204
11491 52 20 204
11492 53 133 204
11493 56 94 204
11494 55 5 204
11495 54 18 204
11496 57 21 204
11497 58 185 204
11498 59 186 204
11499 60 125 204
11500 46 217 205
11501 47 19 205
11502 48 172 205
11503 49 97 205
11504 50 145 205
11505 51 30 205
11506 55 1 205
11507 53 99 205
11508 54 4 205
11509 52 35 205
11510 56 169 205
11511 57 31 205
11512 58 45 205
11513 59 82 205
11514 60 237 205
11515 50 62 206
11516 51 33 206
11517 55 103 206
11518 53 191 206
11519 54 227 206
11520 52 7 206
11521 61 51 206
11522 56 210 206
11523 59 222 206
11524 58 243 206
11525 57 43 206
11526 60 93 206
11527 62 104 206
11528 53 171 207
11529 55 4 207
11530 61 113 207
11531 56 4 207
11532 59 250 207
11533 58 100 207
11534 57 60 207
11535 60 32 207
11536 63 137 207
11537 62 233 207
11538 64 70 207
11539 56 66 208
11540 59 50 208
11541 58 20 208
11542 61 168 208
11543 63 233 208
11544 62 98 208
11545 64 205 208
11546 60 188 208
11547 65 237 209
11548 61 244 209
11549 63 98 209
11550 62 71 209
11551 66 79 209
11552 65 253 210
11553 64 102 209
11554 67 168 210
11555 66 170 210
11556 68 56 211
11557 69 124 211
11558 67 31 211
11559 65 72 211
11560 63 18 210
11561 61 133 210
11562 59 113 209
11563 57 221 208
11564 55 248 208
11565 54 54 207
11566 51 144 207
11567 49 18 206
11568 47 133 206
11569 45 226 205
11570 43 185 205
11571 42 76 204
11572 39 62 203
11573 37 144 203
11574 35 36 203
11575 33 9 202
11576 31 195 202
11577 29 185 201
11578 27 239 200
11579 25 124 200
11580 24 29 199
11581 21 72 199
11582 19 9 198
11583 17 195 198
11584 14 243 198
11585 15 179 198
11586 16 249 198
11587 18 22 198
11588 0 167 199
11589 1 170 199
11590 2 93 199
11591 3 74 199
11592 4 36 199
11593 5 120 199
11594 6 66 199
11595 7 126 199
11596 8 249 199
11597 9 28 199
11598 70 127 212
11599 68 96 212
11600 66 24 211
11601 64 3 210
11602 62 65 210
11603 60 209 209
11604 58 245 209
11605 56 254 209
11606 53 4 208
11607 52 24 207
11608 50 6 207
11609 48 130 206
11610 46 161 206
11611 44 245 205
11612 41 236 205
11613 40 192 204
11614 38 48 204
11615 36 12 203
11616 34 130 202
11617 32 161 202
11618 30 233 201
11619 28 251 201
11620 26 127 201
11621 23 250 200
11622 22 12 199
11623 20 3 199
11624 10 57 199
11625 11 75 199
11626 12 121 199
11627 13 252 199
11628 14 87 199
11629 15 215 199
11630 16 200 199
11631 17 12 199
11632 18 32 199
11633 19 234 199
11634 0 54 200
11635 1 134 200
11636 2 198 200
11637 3 239 200
11638 72 108 213
11639 69 48 212
11640 67 12 212
11641 65 3 212
11642 63 65 211
11643 61 209 211
11644 59 251 210
11645 57 127 209
11646 55 96 209
11647 54 239 208
11648 51 6 208
11649 49 65 207
11650 47 209 207
11651 45 245 206
11652 43 254 206
11653 42 141 205
11654 39 24 204
11655 37 6 204
11656 35 130 204
11657 33 161 203
11658 31 233 203
11659 29 254 202
11660 27 192 201
11661 25 48 201
11662 24 141 200
11663 21 3 200
11664 4 207 200
11665 5 113 200
11666 6 36 200
11667 7 220 200
11668 8 85 200
11669 9 5 200
11670 10 231 200
11671 11 183 200
11672 12 224 200
11673 13 154 200
11674 14 28 200
11675 15 53 200
11676 16 48 200
11677 71 58 214
11678 70 16 213
11679 68 4 213
11680 66 1 212
11681 64 225 211
11682 62 249 211
11683 60 255 210
11684 58 128 210
11685 56 32 210
11686 53 91 209
11687 52 1 208
11688 50 193 208
11689 48 241 207
11690 46 253 207
11691 44 128 206
11692 41 115 206
11693 40 8 205
11694 38 2 205
11695 36 129 204
11696 34 241 203
11697 32 253 203
11698 30 256 202
11699 28 64 202
11700 26 16 202
11701 23 142 201
11702 22 129 200
11703 20 225 200
11704 17 129 200
11705 18 193 200
11706 19 188 200
11707 0 63 201
11708 1 164 201
11709 2 5 201
11710 3 131 201
11711 4 55 201
11712 5 181 201
11713 6 78 201
11714 7 24 201
11715 73 64 215
11716 72 248 214
11717 69 2 213
11718 67 129 213
11719 65 225 213
11720 63 249 212
11721 61 255 212
11722 59 64 211
11723 57 16 210
11724 55 4 210
11725 54 151 209
11726 51 193 209
11727 49 249 208
11728 47 255 208
11729 45 128 207
11730 43 32 207
11731 42 224 206
11732 39 1 205
11733 37 193 205
11734 35 241 205
11735 33 253 204
11736 31 256 204
11737 29 32 203
11738 27 8 202
11739 25 2 202
11740 24 146 201
11741 21 225 201
11742 8 150 201
11743 9 157 201
11744 10 215 201
11745 11 5 201
11746 12 78 201
11747 13 94 201
11748 14 203 201
11749 15 75 201
11750 16 216 201
11751 17 140 201
11752 74 182 215
11753 71 138 215
11754 70 172 214
11755 68 43 214
11756 66 75 213
11757 64 170 212
11758 62 171 212
11759 60 107 211
11760 58 91 211
11761 56 87 211
11762 53 158 210
11763 52 75 209
11764 50 83 209
11765 48 85 208
11766 46 214 208
11767 44 91 207
11768 41 208 207
11769 40 86 206
11770 38 150 206
11771 36 166 205
11772 34 85 204
11773 32 214 204
11774 30 182 203
11775 28 174 203
11776 26 172 203
11777 23 216 202
11778 22 166 201
11779 20 170 201
11780 18 16 201
11781 19 155 201
11782 0 19 202
11783 1 2 202
11784 2 18 202
11785 3 233 202
11786 4 73 202
11787 5 55 202
11788 75 182 216
11789 73 174 216
11790 72 240 215
11791 69 150 214
11792 67 166 214
11793 65 170 214
11794 63 171 213
11795 61 107 213
11796 59 174 212
11797 57 172 211
11798 55 43 211
11799 54 26 210
11800 51 83 210
11801 49 171 209
11802 47 107 209
11803 45 91 208
11804 43 87 208
11805 42 167 207
11806 39 75 206
11807 37 83 206
11808 35 85 206
11809 33 214 205
11810 31 182 205
11811 29 87 204
11812 27 86 203
11813 25 150 203
11814 24 32 202
11815 21 170 202
11816 6 47 202
11817 7 140 202
11818 8 75 202
11819 9 251 202
11820 10 95 202
11821 11 182 202
11822 12 123 202
11823 76 232 217
11824 74 29 216
11825 71 28 216
11826 70 50 215
11827 68 141 215
11828 66 228 214
11829 64 157 213
11830 62 232 213
11831 60 58 212
11832 58 143 212
11833 56 100 212
11834 53 216 211
11835 52 228 210
11836 50 57 210
11837 48 207 209
11838 46 116 209
11839 44 143 208
11840 41 67 208
11841 40 25 207
11842 38 199 207
11843 36 114 206
11844 34 207 205
11845 32 116 205
11846 30 29 204
11847 28 200 204
11848 26 50 204
11849 23 76 203
11850 22 114 202
11851 20 157 202
11852 13 138 202
11853 14 181 202
11854 15 121 202
11855 16 3 202
11856 17 40 202
11857 77 116 218
11858 75 29 217
11859 73 200 217
11860 72 16 216
11861 69 199 215
11862 67 114 215
11863 65 157 215
11864 63 232 214
11865 61 58 214
11866 59 200 213
11867 57 50 212
11868 55 141 212
11869 54 55 211
11870 51 57 211
11871 49 232 210
11872 47 58 210
11873 45 143 209
11874 43 100 209
11875 42 192 208
11876 39 228 207
11877 37 57 207
11878 35 207 207
11879 33 116 206
11880 31 29 206
11881 29 100 205
11882 27 25 204
11883 25 199 204
11884 24 39 203
11885 21 157 203
11886 19 116 202
11887 18 221 202
11888 0 236 203
11889 1 159 203
11890 78 210 218
11891 76 181 218
11892 74 119 217
11893 71 156 217
11894 70 152 216
11895 68 38 216
11896 66 138 215
11897 64 210 214
11898 62 181 214
11899 60 238 213
11900 58 188 213
11901 56 47 213
11902 53 249 212
11903 52 138 211
11904 50 163 211
11905 48 105 210
11906 46 219 210
11907 44 188 209
11908 41 196 209
11909 40 76 208
11910 38 19 208
11911 36 69 207
11912 34 105 206
11913 32 219 206
11914 30 119 205
11915 28 94 205
11916 26 152 205
11917 23 241 204
11918 22 69 203
11919 20 210 203
11920 2 43 203
11921 3 47 203
11922 79 105 219
11923 77 219 219
11924 75 119 218
11925 73 94 218
11926 72 108 217
11927 69 19 216
11928 67 69 216
11929 65 210 216
11930 63 181 215
11931 61 238 215
11932 59 94 214
11933 57 152 213
11934 55 38 213
11935 54 9 212
11936 51 163 212
11937 49 181 211
11938 47 238 211
11939 45 188 210
11940 43 47 210
11941 42 233 209
11942 39 138 208
11943 37 163 208
11944 35 105 208
11945 33 219 207
11946 31 119 207
11947 29 47 206
11948 27 76 205
11949 25 19 205
11950 24 96 204
11951 21 210 204
11952 19 219 203
11953 80 35 220
11954 78 73 219
11955 76 211 219
11956 74 187 218
11957 71 215 218
11958 70 92 217
11959 68 23 217
11960 66 70 216
11961 64 73 215
11962 62 211 215
11963 60 117 214
11964 58 222 214
11965 56 184 214
11966 53 247 213
11967 52 70 212
11968 50 146 212
11969 48 165 211
11970 46 234 211
11971 44 222 210
11972 41 240 210
11973 40 46 209
11974 38 140 209
11975 36 35 208
11976 34 165 207
11977 32 234 207
11978 30 187 206
11979 28 111 206
11980 26 92 206
11981 23 60 205
11982 22 35 204
11983 81 35 221
11984 79 165 220
11985 77 234 220
11986 75 187 219
11987 73 111 219
11988 72 216 218
11989 69 140 217
11990 67 35 217
11991 65 73 217
11992 63 211 216
11993 61 117 216
11994 59 111 215
11995 57 92 214
11996 55 23 214
11997 54 118 213
11998 51 146 213
11999 49 211 212
12000 47 117 212
12001 45 222 211
12002 43 184 211
12003 42 169 210
12004 39 70 209
12005 37 146 209
12006 35 165 209
12007 33 234 208
12008 31 187 208
12009 29 184 207
12010 27 46 206
12011 25 140 206
12012 82 220 221
12013 80 55 221
12014 78 78 220
12015 76 148 220
12016 74 147 219
12017 71 95 219
12018 70 218 218
12019 68 183 218
12020 66 110 217
12021 64 78 216
12022 62 148 216
12023 60 37 215
12024 58 202 215
12025 56 179 215
12026 53 192 214
12027 52 110 213
12028 50 156 213
12029 48 39 212
12030 46 74 212
12031 44 202 211
12032 41 41 211
12033 40 109 210
12034 38 220 210
12035 36 55 209
12036 34 39 208
12037 32 74 208
12038 30 147 207
12039 28 101 207
12040 84 19 222
12041 81 55 222
12042 79 39 221
12043 77 74 221
12044 75 147 220
12045 73 101 220
12046 72 66 219
12047 69 220 218
12048 67 55 218
12049 65 78 218
12050 63 148 217
12051 61 37 217
12052 59 101 216
12053 57 218 215
12054 55 183 215
12055 54 228 214
12056 51 156 214
12057 49 148 213
12058 47 37 213
12059 45 202 212
12060 43 179 212
12061 42 239 211
12062 39 110 210
12063 37 156 210
12064 35 39 210
12065 33 74 209
12066 31 147 209
12067 83 121 223
12068 82 52 222
12069 80 13 222
12070 78 196 221
12071 76 49 221
12072 74 231 220
12073 71 2 220
12074 70 159 219
12075 68 104 219
12076 66 26 218
12077 64 196 217
12078 62 49 217
12079 60 205 216
12080 58 244 216
12081 56 61 216
12082 53 40 215
12083 52 26 214
12084 50 135 214
12085 48 98 213
12086 46 153 213
12087 44 244 212
12088 41 41 212
12089 40 208 211
12090 38 52 211
12091 36 13 210
12092 34 98 209
12093 85 208 224
12094 84 64 223
12095 81 13 223
12096 79 98 222
12097 77 153 222
12098 75 231 221
12099 73 122 221
12100 72 230 220
12101 69 52 219
12102 67 13 219
12103 65 196 219
12104 63 49 218
12105 61 205 218
12106 59 122 217
12107 57 159 216
12108 55 104 216
12109 54 100 215
12110 51 135 215
12111 49 49 214
12112 47 205 214
12113 45 244 213
12114 43 61 213
12115 42 145 212
12116 39 26 211
12117 37 135 211
12118 86 155 225
12119 83 175 224
12120 82 45 223
12121 80 204 223
12122 78 51 222
12123 76 77 222
12124 74 106 221
12125 71 256 221
12126 70 103 220
12127 68 90 220
12128 66 151 219
12129 64 51 218
12130 62 77 218
12131 60 212 217
12132 58 53 217
12133 56 206 217
12134 53 28 216
12135 52 151 215
12136 50 102 215
12137 48 154 214
12138 46 167 214
12139 44 53 213
12140 41 199 213
12141 40 180 212
12142 87 206 225
12143 85 180 225
12144 84 128 224
12145 81 204 224
12146 79 154 223
12147 77 167 223
12148 75 106 222
12149 73 155 222
12150 72 177 221
12151 69 45 220
12152 67 204 220
12153 65 51 220
12154 63 77 219
12155 61 212 219
12156 59 155 218
12157 57 103 217
12158 55 90 217
12159 54 24 216
12160 51 102 216
12161 49 77 215
12162 47 212 215
12163 45 53 214
12164 43 206 214
12165 88 240 226
12166 86 60 226
12167 83 161 225
12168 82 34 224
12169 80 137 224
12170 78 227 223
12171 76 121 223
12172 74 240 222
12173 71 13 222
12174 70 15 221
12175 68 68 221
12176 66 17 220
12177 64 227 219
12178 62 121 219
12179 60 223 218
12180 58 120 218
12181 56 30 218
12182 53 129 217
12183 52 17 216
12184 50 197 216
12185 48 242 215
12186 46 189 215
12187 89 120 227
12188 87 30 226
12189 85 136 226
12190 84 239 225
12191 81 137 225
12192 79 242 224
12193 77 189 224
12194 75 240 223
12195 73 60 223
12196 72 67 222
12197 69 34 221
12198 67 137 221
12199 65 227 221
12200 63 121 220
12201 61 223 220
12202 59 60 219
12203 57 15 218
12204 55 68 218
12205 54 75 217
12206 51 197 217
12207 49 121 216
12208 90 40 227
12209 88 10 227
12210 86 131 227
12211 83 163 226
12212 82 237 225
12213 80 252 225
12214 78 63 224
12215 76 80 224
12216 74 10 223
12217 71 220 223
12218 70 97 222
12219 68 217 222
12220 66 247 221
12221 64 63 220
12222 62 80 220
12223 60 20 219
12224 58 5 219
12225 56 194 219
12226 53 129 218
12227 52 247 217
12228 91 40 229
12229 89 5 228
12230 87 194 227
12231 85 177 227
12232 84 241 226
12233 81 252 226
12234 79 160 225
12235 77 40 225
12236 75 10 224
12237 73 131 224
12238 72 20 223
12239 69 237 222
12240 67 252 222
12241 65 63 222
12242 63 80 221
12243 61 20 221
12244 59 131 220
12245 57 97 219
12246 55 217 219
12247 92 178 229
12248 90 173 228
12249 88 236 228
12250 86 59 228
12251 83 47 227
12252 82 42 226
12253 80 139 226
12254 78 99 225
12255 76 89 225
12256 74 236 224
12257 71 215 224
12258 70 79 223
12259 68 84 223
12260 66 21 222
12261 64 99 221
12262 62 89 221
12263 60 215 220
12264 58 118 220
12265 93 178 230
12266 91 173 230
12267 89 118 229
12268 87 158 228
12269 85 168 228
12270 84 162 227
12271 81 139 227
12272 79 178 226
12273 77 173 226
12274 75 236 225
12275 73 59 225
12276 72 60 224
12277 69 42 223
12278 67 139 223
12279 65 99 223
12280 63 89 222
12281 61 215 222
12282 94 201 230
12283 92 243 230
12284 90 125 229
12285 88 224 229
12286 86 56 229
12287 83 160 228
12288 82 66 227
12289 80 145 227
12290 78 229 226
12291 76 250 226
12292 74 224 225
12293 71 149 225
12294 70 14 224
12295 68 132 224
12296 66 33 223
12297 64 229 222
12298 95 201 232
12299 93 243 231
12300 91 125 231
12301 89 112 230
12302 87 28 229
12303 85 7 229
12304 84 192 228
12305 81 145 228
12306 79 243 227
12307 77 125 227
12308 75 224 226
12309 73 56 226
12310 72 71 225
12311 69 66 224
12312 67 145 224
12313 96 67 232
12314 94 169 231
12315 92 235 231
12316 90 123 230
12317 88 95 230
12318 86 88 230
12319 83 197 229
12320 82 67 228
12321 80 81 228
12322 78 213 227
12323 76 246 227
12324 74 95 226
12325 71 84 226
12326 70 22 225
12327 97 162 233
12328 95 169 233
12329 93 235 232
12330 91 123 232
12331 89 176 231
12332 87 44 230
12333 85 11 230
12334 84 88 229
12335 81 81 229
12336 79 235 228
12337 77 123 228
12338 75 95 227
12339 73 88 227
12340 98 54 234
12341 96 142 233
12342 94 82 232
12343 92 149 232
12344 90 230 231
12345 88 186 231
12346 86 175 231
12347 83 175 230
12348 82 142 229
12349 80 164 229
12350 78 41 228
12351 76 203 228
12352 99 27 234
12353 97 71 234
12354 95 82 234
12355 93 149 233
12356 91 230 233
12357 89 93 232
12358 87 216 231
12359 85 54 231
12360 84 7 230
12361 81 164 230
12362 79 149 229
12363 100 9 235
12364 98 195 235
12365 96 113 234
12366 94 239 233
12367 92 124 233
12368 90 31 232
12369 88 72 232
12370 86 18 232
12371 83 193 231
12372 82 113 230
12373 102 1 236
12374 99 226 235
12375 97 185 235
12376 95 239 235
12377 93 124 234
12378 91 31 234
12379 89 36 233
12380 87 9 232
12381 85 195 232
12382 101 115 237
12383 100 161 236
12384 98 233 236
12385 96 251 235
12386 94 192 234
12387 92 48 234
12388 90 12 233
12389 88 3 233
12390 103 130 238
12391 102 156 237
12392 99 245 236
12393 97 254 236
12394 95 192 236
12395 93 48 235
12396 91 12 235
12397 104 193 238
12398 101 89 238
12399 100 253 237
12400 98 256 237
12401 96 64 236
12402 94 8 235
12403 105 193 239
12404 103 241 239
12405 102 42 238
12406 99 128 237
12407 97 32 237
12408 106 150 240
12409 104 83 239
12410 101 106 239
12411 100 214 238
12412 107 75 241
12413 105 83 240
12414 103 85 240
12415 108 25 241
12416 106 199 241
12417 109 141 242
12418 110 101 243
12419 107 179 242
12420 104 244 240
12421 102 239 239
12422 98 212 238
12423 95 106 237
12424 92 189 235
12425 89 223 234
12426 86 160 233
12427 84 211 231
12428 80 99 230
12429 77 178 229
12430 74 201 227
12431 72 118 226
12432 68 162 225
12433 65 81 224
12434 62 142 222
12435 59 71 221
12436 56 195 220
12437 54 28 218
12438 50 209 217
12439 47 233 216
12440 44 253 214
12441 42 93 213
12442 38 85 212
12443 35 171 211
12444 32 157 209
12445 29 207 208
12446 26 69 207
12447 24 117 205
12448 20 70 204
12449 17 35 203
12450 4 94 203
12451 5 140 203
12452 111 101 244
12453 108 231 242
12454 105 244 241
12455 101 161 240
12456 99 106 238
12457 96 121 237
12458 93 189 236
12459 90 160 234
12460 87 80 233
12461 83 161 232
12462 81 99 231
12463 78 145 229
12464 75 201 228
12465 71 164 227
12466 69 81 225
12467 66 27 224
12468 63 142 223
12469 60 195 221
12470 57 226 220
12471 53 57 219
12472 51 209 218
12473 48 249 216
12474 45 253 215
12475 41 23 214
12476 39 171 212
12477 36 57 211
12478 33 157 210
12479 30 69 208
12480 27 163 207
12481 23 210 206
12482 21 70 205
12483 18 183 203
12484 112 231 244
12485 109 244 243
12486 106 167 242
12487 103 212 241
12488 100 121 239
12489 97 189 238
12490 94 160 236
12491 91 160 236
12492 88 198 234
12493 85 99 233
12494 82 145 231
12495 79 201 230
12496 76 67 229
12497 73 162 228
12498 70 27 226
12499 67 142 225
12500 64 195 223
12501 61 195 223
12502 58 161 221
12503 55 209 220
12504 52 249 218
12505 49 253 217
12506 46 170 216
12507 43 85 215
12508 40 57 213
12509 37 157 212
12510 34 69 210
12511 31 69 210
12512 28 140 208
12513 25 70 207
12514 114 208 245
12515 110 167 244
12516 107 212 243
12517 104 121 241
12518 102 239 240
12519 98 63 239
12520 95 160 238
12521 92 198 236
12522 89 99 235
12523 86 33 234
12524 84 180 232
12525 80 67 231
12526 77 162 230
12527 74 27 228
12528 72 52 227
12529 68 133 226
12530 65 195 225
12531 62 161 223
12532 59 209 222
12533 56 241 221
12534 54 182 219
12535 50 170 218
12536 47 85 217
12537 44 57 215
12538 42 157 214
12539 38 138 213
12540 35 69 212
12541 32 140 210
12542 113 53 246
12543 111 167 245
12544 108 242 243
12545 105 121 242
12546 101 38 241
12547 99 160 239
12548 96 139 238
12549 93 198 237
12550 90 33 235
12551 87 145 234
12552 83 253 233
12553 81 67 232
12554 78 54 230
12555 75 27 229
12556 71 183 228
12557 69 195 226
12558 66 65 225
12559 63 161 224
12560 60 241 222
12561 57 249 221
12562 53 256 220
12563 51 170 219
12564 48 114 217
12565 45 57 216
12566 41 238 215
12567 39 69 213
12568 115 167 247
12569 112 242 245
12570 109 121 244
12571 106 126 243
12572 103 63 242
12573 100 139 240
12574 97 198 239
12575 94 33 237
12576 91 33 237
12577 88 134 235
12578 85 67 234
12579 82 54 232
12580 79 27 231
12581 76 9 230
12582 73 133 229
12583 70 65 227
12584 67 161 226
12585 64 241 224
12586 61 241 224
12587 58 83 222
12588 55 170 221
12589 52 114 219
12590 49 57 218
12591 46 19 217
12592 116 227 248
12593 114 85 246
12594 110 126 245
12595 107 63 244
12596 104 139 242
12597 102 24 241
12598 98 66 240
12599 95 33 239
12600 92 134 237
12601 89 67 236
12602 86 108 235
12603 84 131 233
12604 80 9 232
12605 77 133 231
12606 74 65 229
12607 72 96 228
12608 68 225 227
12609 65 241 226
12610 62 83 224
12611 59 170 223
12612 56 228 222
12613 54 114 220
12614 117 242 248
12615 113 249 247
12616 111 126 246
12617 108 21 244
12618 105 139 243
12619 101 196 242
12620 99 33 240
12621 96 11 239
12622 93 134 238
12623 90 108 236
12624 87 54 235
12625 83 114 234
12626 81 9 233
12627 78 130 231
12628 75 65 230
12629 71 193 229
12630 69 241 227
12631 66 166 226
12632 63 83 225
12633 60 228 223
12634 118 252 249
12635 115 126 248
12636 112 21 246
12637 109 139 245
12638 106 132 244
12639 103 66 243
12640 100 11 241
12641 97 134 240
12642 94 108 238
12643 91 108 238
12644 88 18 236
12645 85 9 235
12646 82 130 233
12647 79 65 232
12648 76 193 231
12649 73 225 230
12650 70 166 228
12651 67 83 227
12652 119 126 250
12653 116 42 249
12654 114 187 247
12655 110 132 246
12656 107 66 245
12657 104 11 243
12658 102 112 242
12659 98 216 241
12660 95 108 240
12661 92 18 238
12662 89 9 237
12663 86 3 236
12664 83 130 235
12665 80 193 233
12666 77 225 232
12667 74 166 230
12668 120 42 250
12669 117 21 249
12670 113 91 248
12671 111 132 247
12672 108 22 245
12673 105 11 244
12674 101 144 243
12675 99 108 241
12676 96 36 240
12677 93 18 239
12678 90 3 237
12679 87 130 236
12680 84 193 234
12681 81 193 234
12682 121 42 252
12683 118 7 250
12684 115 132 249
12685 112 22 247
12686 109 11 246
12687 106 175 245
12688 103 216 244
12689 100 36 242
12690 97 18 241
12691 94 3 239
12692 91 3 239
12693 88 129 237
12694 122 7 252
12695 119 132 251
12696 116 44 250
12697 114 235 248
12698 110 175 247
12699 107 216 246
12700 104 36 244
12701 102 30 243
12702 98 6 242
12703 95 3 241
12704 123 7 253
12705 120 44 251
12706 117 22 250
12707 113 175 249
12708 111 175 248
12709 108 72 246
12710 105 36 245
12711 101 147 244
12712 124 44 253
12713 121 44 253
12714 118 93 251
12715 115 175 250
12716 112 72 248
12717 109 36 247
12718 125 44 255
12719 122 93 253
12720 119 175 252
12721 116 144 251
12722 126 186 255
12723 123 93 254
12724 6 169 203
12725 7 70 203
12726 8 79 203
12727 9 32 203
12728 10 166 203
12729 0 49 204
12730 0 49 205
12731 0 49 206
12732 0 49 207
12733 0 49 208
12734 0 49 209
12735 0 49 210
12736 0 49 211
12737 0 49 212
12738 0 49 213
12739 0 49 214
12740 0 49 215
12741 0 49 216
12742 0 49 217
12743 0 49 218
12744 0 49 219
12745 0 49 220
12746 0 49 221
12747 0 49 222
12748 0 49 223
12749 0 49 224
12750 11 30 203
12751 12 49 203
12752 13 176 203
12753 14 39 203
12754 15 2 203
12755 16 221 203
12756 1 245 204
12757 2 95 204
12758 1 77 205
12759 1 77 206
12760 1 77 207
12761 1 77 208
12762 1 77 209
12763 1 77 210
12764 1 77 211
12765 1 77 212
12766 1 77 213
12767 1 77 214
12768 1 77 215
12769 1 77 216
12770 1 77 217
12771 1 77 218
12772 1 77 219
12773 1 77 220
12774 1 77 221
12775 3 200 204
12776 4 18 204
12777 5 211 204
12778 6 95 204
12779 7 177 204
12780 8 165 204
12781 9 45 204
12782 10 206 204
12783 11 57 204
12784 19 80 204
12785 2 121 205
12786 2 121 206
12787 2 121 207
12788 2 121 208
12789 2 121 209
12790 2 121 210
12791 2 121 211
12792 2 121 212
12793 2 121 213
12794 2 121 214
12795 2 121 215
12796 2 121 216
12797 2 121 217
12798 2 121 218
12799 12 169 204
12800 13 241 204
12801 14 245 204
12802 15 175 204
12803 16 167 204
12804 17 56 204
12805 18 157 204
12806 3 177 205
12807 4 232 205
12808 5 208 205
12809 6 226 205
12810 20 178 205
12811 22 184 205
12812 3 80 206
12813 3 80 207
12814 3 80 208
12815 3 80 209
12816 3 80 210
12817 3 80 211
12818 3 80 212
12819 3 80 213
12820 3 80 214
12821 3 80 215
12822 7 169 205
12823 8 144 205
12824 9 58 205
12825 10 151 205
12826 11 198 205
12827 12 80 205
12828 13 186 205
12829 14 16 205
12830 15 71 205
12831 16 208 205
12832 17 33 205
12833 18 248 205
12834 4 89 206
12835 21 173 206
12836 24 211 206
12837 4 89 207
12838 4 89 208
12839 26 149 208
12840 4 89 209
12841 4 89 210
12842 4 89 211
12843 4 89 212
12844 19 54 205
12845 5 228 206
12846 6 245 206
12847 7 192 206
12848 8 139 206
12849 9 108 206
12850 10 70 206
12851 11 3 206
12852 12 67 206
12853 13 60 206
12854 14 14 206
12855 15 217 206
12856 16 188 206
12857 17 93 206
12858 22 132 206
12859 5 250 207
12860 23 109 207
12861 5 250 208
12862 27 142 208
12863 5 250 209
12864 29 90 209
12865 18 200 206
12866 19 194 206
12867 20 108 206
12868 6 42 207
12869 7 143 207
12870 8 160 207
12871 9 82 207
12872 10 104 207
12873 11 134 207
12874 12 248 207
12875 13 59 207
12876 14 216 207
12877 15 246 207
12878 16 164 207
12879 17 189 207
12880 18 192 207
12881 24 24 207
12882 6 246 208
12883 25 220 208
12884 6 246 209
12885 19 38 207
12886 20 35 207
12887 21 78 207
12888 22 129 207
12889 7 242 208
12890 8 233 208
12891 9 181 208
12892 10 93 208
12893 11 134 208
12894 12 217 208
12895 13 237 208
12896 14 7 208
12897 15 180 208
12898 16 147 208
12899 17 144 208
12900 18 19 208
12901 19 105 208
12902 20 23 208
12903 23 227 208
12904 21 39 208
12905 22 143 208
12906 24 227 208
12907 7 113 209
12908 8 76 209
12909 9 93 209
12910 10 213 209
12911 11 65 209
12912 12 251 209
12913 13 150 209
12914 14 162 209
12915 15 188 209
12916 16 220 209
12917 17 12 209
12918 18 3 209
12919 19 206 209
12920 20 183 209
12921 21 48 209
12922 22 190 209
12923 23 232 209
12924 24 181 209
12925 25 254 209
12926 26 108 209
12927 27 153 209
12928 28 107 209
12929 30 121 209
12930 5 53 210
12931 6 184 210
12932 7 27 210
12933 8 22 210
12934 9 148 210
12935 10 248 210
12936 11 4 210
12937 12 67 210
12938 13 167 210
12939 14 243 210
12940 15 35 210
12941 16 179 210
12942 17 190 210
12943 18 132 210
12944 19 149 210
12945 20 33 210
12946 21 215 210
12947 22 86 210
12948 23 91 210
12949 24 167 210
12950 25 213 210
12951 26 102 210
12952 27 102 210
12953 28 95 210
12954 29 86 210
12955 30 3 210
12956 5 222 211
12957 6 171 211
12958 7 25 211
12959 8 133 211
12960 9 169 211
12961 10 83 211
12962 11 207 211
12963 12 151 211
12964 13 145 211
12965 14 116 211
12966 15 135 211
12967 16 139 211
12968 17 246 211
12969 18 252 211
12970 19 12 211
12971 20 81 211
12972 21 4 211
12973 22 225 211
12974 23 145 211
12975 24 33 211
12976 25 68 211
12977 26 42 211
12978 27 232 211
12979 28 68 211
12980 29 200 211
12981 30 156 211
12982 31 248 211
12983 32 128 211
12984 33 58 211
12985 34 52 211
12986 5 157 212
12987 6 148 212
12988 7 238 212
12989 8 120 212
12990 9 242 212
12991 10 68 212
12992 11 182 212
12993 12 30 212
12994 13 113 212
12995 14 88 212
12996 15 25 212
12997 16 202 212
12998 17 106 212
12999 18 99 212
13000 19 97 212
13001 20 41 212
13002 21 34 212
13003 23 98 212
13004 22 48 212
13005 24 50 212
13006 25 4 212
13007 26 3 212
13008 27 188 212
13009 28 50 212
13010 29 189 212
13011 30 112 212
13012 31 147 212
13013 32 213 212
13014 33 69 212
13015 34 256 212
13016 36 244 212
13017 4 232 213
13018 5 64 213
13019 6 118 213
13020 7 17 213
13021 8 28 213
13022 9 144 213
13023 10 94 213
13024 11 170 213
13025 12 58 213
13026 13 176 213
13027 14 254 213
13028 15 223 213
13029 16 193 213
13030 17 43 213
13031 18 89 213
13032 19 214 213
13033 20 244 213
13034 21 220 213
13035 22 179 213
13036 23 134 213
13037 24 182 213
13038 25 83 213
13039 26 15 213
13040 27 86 213
13041 28 145 213
13042 29 95 213
13043 30 107 213
13044 31 200 213
13045 32 6 213
13046 33 16 213
13047 34 224 213
13048 35 128 213
13049 36 120 213
13050 37 130 213
13051 4 193 214
13052 5 223 214
13053 6 55 214
13054 7 142 214
13055 8 45 214
13056 9 252 214
13057 10 8 214
13058 11 62 214
13059 12 90 214
13060 13 55 214
13061 14 123 214
13062 15 165 214
13063 16 102 214
13064 17 73 214
13065 18 229 214
13066 19 211 214
13067 20 50 214
13068 21 155 214
13069 22 251 214
13070 23 213 214
13071 24 160 214
13072 25 128 214
13073 26 6 214
13074 27 116 214
13075 28 34 214
13076 29 186 214
13077 30 62 214
13078 31 188 214
13079 32 115 214
13080 33 158 214
13081 34 26 214
13082 35 72 214
13083 36 106 214
13084 37 175 214
13085 38 29 214
13086 39 3 214
13087 40 121 214
13088 4 198 215
13089 5 187 215
13090 6 92 215
13091 7 203 215
13092 8 145 215
13093 9 3 215
13094 10 140 215
13095 11 192 215
13096 12 68 215
13097 13 200 215
13098 14 45 215
13099 15 175 215
13100 16 137 215
13101 17 217 215
13102 18 97 215
13103 19 145 215
13104 20 215 215
13105 21 77 215
13106 22 222 215
13107 23 246 215
13108 24 77 215
13109 25 38 215
13110 26 105 215
13111 27 166 215
13112 28 66 215
13113 29 253 215
13114 30 140 215
13115 31 227 215
13116 32 207 215
13117 33 196 215
13118 34 46 215
13119 35 206 215
13120 36 83 215
13121 37 231 215
13122 38 212 215
13123 39 147 215
13124 40 172 215
13125 42 42 215
13126 3 147 216
13127 4 180 216
13128 5 78 216
13129 6 9 216
13130 7 119 216
13131 8 62 216
13132 9 15 216
13133 10 198 216
13134 11 241 216
13135 12 254 216
13136 13 150 216
13137 14 29 216
13138 15 147 216
13139 16 8 216
13140 17 110 216
13141 18 127 216
13142 19 47 216
13143 20 116 216
13144 21 174 216
13145 22 161 216
13146 23 76 216
13147 24 202 216
13148 25 182 216
13149 26 173 216
13150 27 55 216
13151 28 162 216
13152 29 116 216
13153 30 168 216
13154 31 104 216
13155 32 138 216
13156 33 53 216
13157 34 156 216
13158 35 217 216
13159 36 20 216
13160 37 247 216
13161 38 236 216
13162 39 198 216
13163 40 103 216
13164 41 199 216
13165 42 217 216
13166 43 74 216
13167 44 140 216
13168 3 220 217
13169 4 164 217
13170 5 107 217
13171 6 163 217
13172 7 182 217
13173 8 187 217
13174 9 253 217
13175 10 86 217
13176 11 203 217
13177 12 37 217
13178 13 179 217
13179 14 111 217
13180 15 183 217
13181 16 57 217
13182 17 241 217
13183 18 227 217
13184 19 65 217
13185 20 246 217
13186 21 131 217
13187 22 50 217
13188 23 169 217
13189 24 60 217
13190 25 9 217
13191 26 97 217
13192 27 217 217
13193 28 9 217
13194 29 205 217
13195 30 227 217
13196 31 129 217
13197 32 237 217
13198 33 76 217
13199 34 146 217
13200 35 40 217
13201 36 216 217
13202 37 26 217
13203 38 46 217
13204 39 192 217
13205 40 7 217
13206 41 118 217
13207 42 181 217
13208 43 170 217
13209 44 199 217
13210 45 9 217
13211 3 90 218
13212 4 90 218
13213 5 229 218
13214 6 240 218
13215 7 73 218
13216 8 255 218
13217 9 19 218
13218 10 29 218
13219 11 46 218
13220 12 194 218
13221 13 75 218
13222 14 109 218
13223 15 64 218
13224 16 8 218
13225 17 162 218
13226 18 196 218
13227 19 122 218
13228 20 19 218
13229 21 20 218
13230 22 85 218
13231 23 40 218
13232 24 99 218
13233 25 130 218
13234 26 219 218
13235 27 38 218
13236 28 35 218
13237 29 182 218
13238 30 134 218
13239 31 11 218
13240 32 163 218
13241 33 213 218
13242 34 143 218
13243 35 76 218
13244 36 69 218
13245 37 159 218
13246 38 121 218
13247 39 81 218
13248 40 51 218
13249 41 34 218
13250 42 176 218
13251 43 74 218
13252 44 136 218
13253 45 203 218
13254 46 19 218
13255 47 13 218
13256 48 248 218
13257 2 137 219
13258 3 228 219
13259 4 176 219
13260 5 213 219
13261 6 198 219
13262 7 8 219
13263 8 223 219
13264 9 183 219
13265 10 247 219
13266 11 158 219
13267 12 165 219
13268 13 33 219
13269 14 220 219
13270 15 213 219
13271 16 1 219
13272 17 90 219
13273 18 97 219
13274 19 180 219
13275 20 49 219
13276 21 49 219
13277 22 253 219
13278 23 152 219
13279 24 22 219
13280 25 170 219
13281 26 176 219
13282 27 2 219
13283 28 64 219
13284 29 87 219
13285 30 159 219
13286 31 128 219
13287 32 40 219
13288 33 232 219
13289 34 102 219
13290 35 179 219
13291 36 63 219
13292 37 157 219
13293 38 89 219
13294 39 59 219
13295 40 66 219
13296 41 211 219
13297 42 99 219
13298 43 236 219
13299 44 99 219
13300 45 85 219
13301 46 166 219
13302 47 173 219
13303 48 109 219
13304 49 228 219
13305 50 138 219
13306 2 3 220
13307 3 41 220
13308 4 224 220
13309 5 219 220
13310 6 84 220
13311 7 156 220
13312 8 12 220
13313 9 254 220
13314 10 183 220
13315 11 11 220
13316 12 187 220
13317 13 170 220
13318 14 100 220
13319 15 11 220
13320 16 21 220
13321 17 21 220
13322 18 188 220
13323 19 241 220
13324 20 35 220
13325 21 159 220
13326 22 149 220
13327 23 191 220
13328 24 6 220
13329 25 160 220
13330 26 137 220
13331 27 28 220
13332 28 85 220
13333 29 207 220
13334 30 177 220
13335 31 217 220
13336 32 146 220
13337 33 180 220
13338 34 66 220
13339 35 212 220
13340 36 208 220
13341 37 229 220
13342 38 51 220
13343 39 140 220
13344 40 256 220
13345 41 199 220
13346 42 216 220
13347 43 62 220
13348 44 116 220
13349 45 98 220
13350 46 201 220
13351 47 248 220
13352 48 249 220
13353 49 125 220
13354 50 146 220
13355 51 83 220
13356 52 239 220
13357 2 64 221
13358 3 105 221
13359 4 69 221
13360 5 24 221
13361 6 47 221
13362 7 188 221
13363 8 8 221
13364 9 249 221
13365 10 139 221
13366 11 204 221
13367 12 125 221
13368 13 41 221
13369 14 64 221
13370 15 211 221
13371 16 56 221
13372 17 249 221
13373 18 108 221
13374 19 9 221
13375 20 175 221
13376 21 87 221
13377 22 225 221
13378 23 219 221
13379 24 112 221
13380 25 14 221
13381 26 61 221
13382 27 36 221
13383 28 97 221
13384 29 161 221
13385 30 54 221
13386 31 115 221
13387 32 97 221
13388 33 136 221
13389 34 219 221
13390 35 17 221
13391 36 17 221
13392 37 199 221
13393 38 3 221
13394 39 70 221
13395 40 156 221
13396 41 70 221
13397 42 251 221
13398 43 60 221
13399 44 229 221
13400 45 29 221
13401 46 54 221
13402 47 117 221
13403 48 25 221
13404 49 146 221
13405 50 21 221
13406 51 200 221
13407 52 194 221
13408 53 96 221
13409 54 136 221
13410 1 189 222
13411 2 21 222
13412 3 228 222
13413 4 156 222
13414 5 178 222
13415 6 13 222
13416 7 131 222
13417 8 135 222
13418 9 237 222
13419 10 16 222
13420 11 148 222
13421 12 172 222
13422 13 79 222
13423 14 236 222
13424 15 131 222
13425 16 236 222
13426 17 56 222
13427 18 246 222
13428 19 103 222
13429 20 104 222
13430 21 57 222
13431 22 171 222
13432 23 230 222
13433 24 234 222
13434 25 149 222
13435 26 217 222
13436 27 117 222
13437 28 59 222
13438 29 10 222
13439 30 173 222
13440 31 128 222
13441 32 140 222
13442 34 1 222
13443 33 33 222
13444 35 186 222
13445 36 103 222
13446 37 199 222
13447 38 58 222
13448 39 171 222
13449 40 4 222
13450 41 145 222
13451 42 228 222
13452 43 113 222
13453 44 81 222
13454 45 114 222
13455 46 245 222
13456 47 186 222
13457 48 97 222
13458 49 147 222
13459 50 23 222
13460 51 21 222
13461 52 197 222
13462 53 119 222
13463 54 169 222
13464 55 162 222
13465 57 36 222
13466 1 169 223
13467 2 227 223
13468 3 219 223
13469 4 236 223
13470 5 126 223
13471 6 225 223
13472 7 70 223
13473 8 215 223
13474 9 61 223
13475 10 55 223
13476 11 90 223
13477 12 116 223
13478 13 137 223
13479 14 33 223
13480 15 101 223
13481 16 199 223
13482 17 10 223
13483 18 220 223
13484 19 227 223
13485 20 27 223
13486 21 141 223
13487 22 89 223
13488 23 102 223
13489 24 187 223
13490 25 90 223
13491 26 120 223
13492 27 91 223
13493 28 47 223
13494 29 163 223
13495 30 190 223
13496 31 115 223
13497 32 236 223
13498 33 154 223
13499 34 117 223
13500 35 204 223
13501 36 239 223
13502 37 142 223
13503 38 161 223
13504 39 114 223
13505 40 241 223
13506 41 242 223
13507 42 77 223
13508 43 19 223
13509 44 56 223
13510 45 250 223
13511 46 155 223
13512 47 117 223
13513 48 2 223
13514 49 126 223
13515 50 216 223
13516 51 169 223
13517 52 226 223
13518 53 246 223
13519 54 26 223
13520 55 163 223
13521 56 212 223
13522 57 167 223
13523 58 33 223
13524 1 8 224
13525 2 219 224
13526 3 29 224
13527 4 145 224
13528 5 70 224
13529 6 103 224
13530 7 81 224
13531 8 164 224
13532 9 179 224
13533 10 78 224
13534 11 246 224
13535 12 111 224
13536 13 63 224
13537 14 108 224
13538 15 109 224
13539 16 142 224
13540 17 58 224
13541 18 99 224
13542 19 14 224
13543 20 177 224
13544 21 250 224
13545 22 80 224
13546 23 185 224
13547 24 16 224
13548 25 49 224
13549 26 239 224
13550 27 150 224
13551 28 160 224
13552 29 187 224
13553 30 12 224
13554 31 146 224
13555 32 171 224
13556 33 53 224
13557 34 253 224
13558 35 87 224
13559 36 105 224
13560 37 201 224
13561 38 178 224
13562 39 234 224
13563 40 242 224
13564 41 134 224
13565 42 110 224
13566 43 17 224
13567 44 48 224
13568 45 161 224
13569 46 95 224
13570 47 126 224
13571 48 38 224
13572 49 163 224
13573 50 184 224
13574 51 226 224
13575 52 208 224
13576 53 145 224
13577 54 76 224
13578 55 28 224
13579 56 238 224
13580 57 226 224
13581 58 230 224
13582 59 70 224
13583 60 114 224
13584 0 10 225
13585 1 137 225
13586 2 62 225
13587 3 135 225
13588 4 83 225
13589 5 74 225
13590 6 73 225
13591 7 109 225
13592 8 200 225
13593 9 13 225
13594 10 14 225
13595 11 72 225
13596 12 129 225
13597 13 148 225
13598 14 147 225
13599 15 144 225
13600 16 238 225
13601 17 82 225
13602 18 153 225
13603 19 157 225
13604 20 137 225
13605 21 17 225
13606 22 203 225
13607 23 135 225
13608 24 106 225
13609 25 83 225
13610 26 66 225
13611 27 122 225
13612 28 159 225
13613 29 19 225
13614 30 62 225
13615 31 72 225
13616 32 176 225
13617 33 143 225
13618 34 167 225
13619 35 203 225
13620 36 12 225
13621 37 224 225
13622 38 78 225
13623 39 53 225
13624 40 129 225
13625 41 121 225
13626 42 184 225
13627 43 218 225
13628 44 96 225
13629 45 193 225
13630 46 175 225
13631 47 204 225
13632 48 234 225
13633 49 235 225
13634 50 173 225
13635 51 85 225
13636 52 15 225
13637 53 123 225
13638 54 175 225
13639 55 223 225
13640 56 123 225
13641 57 93 225
13642 58 162 225
13643 59 153 225
13644 60 156 225
13645 61 160 225
13646 62 208 225
13647 64 53 225
13648 0 256 226
13649 1 97 226
13650 2 173 226
13651 3 87 226
13652 4 34 226
13653 5 176 226
13654 6 55 226
13655 7 200 226
13656 8 67 226
13657 9 230 226
13658 10 58 226
13659 11 50 226
13660 12 12 226
13661 13 184 226
13662 14 5 226
13663 15 155 226
13664 16 241 226
13665 17 50 226
13666 18 135 226
13667 19 63 226
13668 20 34 226
13669 21 103 226
13670 22 194 226
13671 23 240 226
13672 24 8 226
13673 25 152 226
13674 26 134 226
13675 27 60 226
13676 28 91 226
13677 29 58 226
13678 30 33 226
13679 31 255 226
13680 32 89 226
13681 33 65 226
13682 34 122 226
13683 35 197 226
13684 36 242 226
13685 37 152 226
13686 38 174 226
13687 39 175 226
13688 40 184 226
13689 41 1 226
13690 42 193 226
13691 43 130 226
13692 44 208 226
13693 45 210 226
13694 46 41 226
13695 47 241 226
13696 48 103 226
13697 49 67 226
13698 50 50 226
13699 51 11 226
13700 52 132 226
13701 53 132 226
13702 54 66 226
13703 55 132 226
13704 56 144 226
13705 57 57 226
13706 58 236 226
13707 59 250 226
13708 60 128 226
13709 61 78 226
13710 62 12 226
13711 63 203 226
13712 64 65 226
13713 0 78 227
13714 1 143 227
13715 2 202 227
13716 3 181 227
13717 4 58 227
13718 5 94 227
13719 6 12 227
13720 7 232 227
13721 8 150 227
13722 9 53 227
13723 10 234 227
13724 11 59 227
13725 12 202 227
13726 13 205 227
13727 14 103 227
13728 15 12 227
13729 17 177 227
13730 16 213 227
13731 18 230 227
13732 19 105 227
13733 20 55 227
13734 21 224 227
13735 22 43 227
13736 23 181 227
13737 24 11 227
13738 25 13 227
13739 26 82 227
13740 27 199 227
13741 28 240 227
13742 29 158 227
13743 30 159 227
13744 31 71 227
13745 32 68 227
13746 33 255 227
13747 34 32 227
13748 35 86 227
13749 36 163 227
13750 37 148 227
13751 38 182 227
13752 39 46 227
13753 40 17 227
13754 41 31 227
13755 42 81 227
13756 43 200 227
13757 44 76 227
13758 45 102 227
13759 46 246 227
13760 47 38 227
13761 48 190 227
13762 49 15 227
13763 50 74 227
13764 51 216 227
13765 52 230 227
13766 53 206 227
13767 54 138 227
13768 55 66 227
13769 56 162 227
13770 57 20 227
13771 58 178 227
13772 59 202 227
13773 60 86 227
13774 61 24 227
13775 62 231 227
13776 63 191 227
13777 64 65 227
13778 65 154 227
13779 66 198 227
13780 0 230 228
13781 1 183 228
13782 2 27 228
13783 3 184 228
13784 5 207 228
13785 4 154 228
13786 6 12 228
13787 7 26 228
13788 8 208 228
13789 9 8 228
13790 10 212 228
13791 11 160 228
13792 12 93 228
13793 13 25 228
13794 14 77 228
13795 15 68 228
13796 16 79 228
13797 17 46 228
13798 18 26 228
13799 19 146 228
13800 20 35 228
13801 21 11 228
13802 22 78 228
13803 23 106 228
13804 24 12 228
13805 25 199 228
13806 26 245 228
13807 27 81 228
13808 28 105 228
13809 29 20 228
13810 30 2 228
13811 31 198 228
13812 32 251 228
13813 33 53 228
13814 34 52 228
13815 35 64 228
13816 36 169 228
13817 37 80 228
13818 38 236 228
13819 39 76 228
13820 40 216 228
13821 41 194 228
13822 42 170 228
13823 43 112 228
13824 44 24 228
13825 45 148 228
13826 46 245 228
13827 47 220 228
13828 48 191 228
13829 49 217 228
13830 50 102 228
13831 51 160 228
13832 52 222 228
13833 53 231 228
13834 54 144 228
13835 55 195 228
13836 56 61 228
13837 57 182 228
13838 58 171 228
13839 59 140 228
13840 60 93 228
13841 61 209 228
13842 62 137 228
13843 63 36 228
13844 64 119 228
13845 65 210 228
13846 66 68 228
13847 67 130 228
13848 68 235 228
13849 69 216 228
13850 0 48 229
13851 1 106 229
13852 2 22 229
13853 3 241 229
13854 4 15 229
13855 5 236 229
13856 6 249 229
13857 7 121 229
13858 8 29 229
13859 9 250 229
13860 10 131 229
13861 11 224 229
13862 12 141 229
13863 13 168 229
13864 14 146 229
13865 15 171 229
13866 16 228 229
13867 17 4 229
13868 18 200 229
13869 19 223 229
13870 20 82 229
13871 21 92 229
13872 22 97 229
13873 23 48 229
13874 24 99 229
13875 25 204 229
13876 26 138 229
13877 27 67 229
13878 28 149 229
13879 29 203 229
13880 30 53 229
13881 31 43 229
13882 32 185 229
13883 33 77 229
13884 34 27 229
13885 35 83 229
13886 36 56 229
13887 37 185 229
13888 38 8 229
13889 39 98 229
13890 40 154 229
13891 41 215 229
13892 42 76 229
13893 43 232 229
13894 44 176 229
13895 45 115 229
13896 67 136 229
13897 65 133 229
13898 46 97 229
13899 61 173 229
13900 59 86 229
13901 56 75 229
13902 55 108 229
13903 53 7 229
13904 51 40 229
13905 49 8 229
13906 47 159 229
13907 48 165 229
13908 50 35 229
13909 52 179 229
13910 54 205 229
13911 57 9 229
13912 58 200 229
13913 60 95 229
13914 62 177 229
13915 70 228 229
13916 68 34 229
13917 66 113 229
13918 63 178 229
13919 64 9 229
13920 69 97 229
13921 72 189 229
13922 0 163 230
13923 1 105 230
13924 2 61 230
13925 3 32 230
13926 4 196 230
13927 5 87 230
13928 6 107 230
13929 7 114 230
13930 8 169 230
13931 9 133 230
13932 35 195 230
13933 31 229 230
13934 38 105 230
13935 41 197 230
13936 67 209 230
13937 65 74 230
13938 46 122 230
13939 61 75 230
13940 59 15 230
13941 56 196 230
13942 55 234 230
13943 53 156 230
13944 51 1 230
13945 49 103 230
13946 47 216 230
13947 45 219 230
13948 43 80 230
13949 42 21 230
13950 39 159 230
13951 37 44 230
13952 71 245 230
13953 70 237 230
13954 68 245 230
13955 66 202 230
13956 63 180 230
13957 62 199 230
13958 60 34 230
13959 58 226 230
13960 57 184 230
13961 54 225 230
13962 52 150 230
13963 50 90 230
13964 48 27 230
13965 64 55 230
13966 44 178 230
13967 69 241 230
13968 40 104 230
13969 73 138 231
13970 72 101 230
13971 41 74 231
13972 67 153 231
13973 65 246 231
13974 46 51 231
13975 61 34 231
13976 59 161 231
13977 56 179 231
13978 55 250 231
13979 53 122 231
13980 51 45 231
13981 49 9 231
13982 47 211 231
13983 45 89 231
13984 43 2 231
13985 74 140 231
13986 71 133 231
13987 70 128 231
13988 68 231 231
13989 66 95 231
13990 63 95 231
13991 62 217 231
13992 60 245 231
13993 58 147 231
13994 57 159 231
13995 54 93 231
13996 52 68 231
13997 50 195 231
13998 48 187 231
13999 64 46 231
14000 75 70 231
14001 73 42 232
14002 72 165 231
14003 69 167 231
14004 67 203 232
14005 65 19 232
14006 46 217 232
14007 61 245 232
14008 59 49 232
14009 56 170 232
14010 55 199 232
14011 53 139 232
14012 51 226 232
14013 49 148 232
14014 76 146 232
14015 74 132 232
14016 71 216 232
14017 70 106 232
14018 68 115 232
14019 66 163 232
14020 63 241 232
14021 62 256 232
14022 60 231 232
14023 58 190 232
14024 57 225 232
14025 54 206 232
14026 52 233 232
14027 78 33 232
14028 75 66 232
14029 73 91 233
14030 72 248 232
14031 69 62 232
14032 67 140 233
14033 65 84 233
14034 64 136 232
14035 61 231 233
14036 59 149 233
14037 56 148 233
14038 55 217 233
14039 77 245 233
14040 76 145 233
14041 74 29 233
14042 71 171 233
14043 70 144 233
14044 68 35 233
14045 66 139 233
14046 63 252 233
14047 62 212 233
14048 60 115 233
14049 58 69 233
14050 79 52 233
14051 78 49 233
14052 75 143 233
14053 73 240 234
14054 72 193 233
14055 69 220 233
14056 67 132 234
14057 65 182 234
14058 64 247 233
14059 61 115 234
14060 80 13 234
14061 77 25 234
14062 76 100 234
14063 74 20 234
14064 71 142 234
14065 70 55 234
14066 68 33 234
14067 66 87 234
14068 63 205 234
14069 82 156 234
14070 79 27 234
14071 78 36 234
14072 75 10 234
14073 73 6 235
14074 72 129 234
14075 69 134 234
14076 67 29 235
14077 81 120 235
14078 80 71 235
14079 77 223 235
14080 76 131 235
14081 74 129 235
14082 71 112 235
14083 70 162 235
14084 84 14 235
14085 82 101 235
14086 79 187 235
14087 78 133 235
14088 75 193 235
14089 73 13 236
14090 83 23 236
14091 81 122 236
14092 80 111 236
14093 77 208 236
14094 76 241 236
14095 85 137 236
14096 84 74 236
14097 82 48 236
14098 79 191 236
14099 86 227 237
14100 83 136 237
14101 81 84 237
14102 87 252 237
14103 85 254 237
14104 88 63 238
14105 89 40 238
14106 86 20 238
14107 84 157 237
14108 80 145 237
14109 78 30 236
14110 74 216 236
14111 72 91 235
14112 68 72 235
14113 65 48 235
14114 62 8 234
14115 59 91 234
14116 57 77 233
14117 53 59 233
14118 50 105 232
14119 47 70 232
14120 44 183 231
14121 42 115 231
14122 38 61 231
14123 36 237 230
14124 32 121 230
14125 10 28 230
14126 11 86 230
14127 12 20 230
14128 13 80 230
14129 14 162 230
14130 15 21 230
14131 16 15 230
14132 17 114 230
14133 18 89 230
14134 19 38 230
14135 20 192 230
14136 21 200 230
14137 22 71 230
14138 23 224 230
14139 24 206 230
14140 25 227 230
14141 26 162 230
14142 27 72 230
14143 28 174 230
14144 29 86 230
14145 90 5 238
14146 87 89 238
14147 83 219 238
14148 82 69 237
14149 77 249 237
14150 75 108 236
14151 71 84 236
14152 69 12 235
14153 66 6 235
14154 64 122 234
14155 60 172 234
14156 56 88 234
14157 54 191 233
14158 51 181 233
14159 48 73 232
14160 45 220 232
14161 41 185 232
14162 39 53 231
14163 35 101 231
14164 33 189 230
14165 30 59 230
14166 34 164 230
14167 0 230 231
14168 1 205 231
14169 2 62 231
14170 3 100 231
14171 4 237 231
14172 5 136 231
14173 6 29 231
14174 7 16 231
14175 8 107 231
14176 9 87 231
14177 10 57 231
14178 11 11 231
14179 12 132 231
14180 13 127 231
14181 14 232 231
14182 15 124 231
14183 16 125 231
14184 92 51 239
14185 88 215 239
14186 85 229 238
14187 81 211 238
14188 79 54 237
14189 76 27 237
14190 73 18 237
14191 70 3 236
14192 67 2 236
14193 63 132 235
14194 61 172 235
14195 58 200 234
14196 55 219 234
14197 52 165 233
14198 49 110 233
14199 46 55 233
14200 43 208 232
14201 40 206 231
14202 37 223 231
14203 17 61 231
14204 31 160 231
14205 18 130 231
14206 19 189 231
14207 20 127 231
14208 21 84 231
14209 22 127 231
14210 23 35 231
14211 24 28 231
14212 25 231 231
14213 26 75 231
14214 27 221 231
14215 28 84 231
14216 29 11 231
14217 30 77 231
14218 32 119 231
14219 33 20 231
14220 34 158 231
14221 36 126 231
14222 91 123 240
14223 89 243 239
14224 86 250 239
14225 84 231 238
14226 80 142 238
14227 78 12 237
14228 74 130 237
14229 72 112 236
14230 68 129 236
14231 65 86 236
14232 62 100 235
14233 59 238 235
14234 57 117 234
14235 53 86 234
14236 50 156 233
14237 47 104 233
14238 44 103 232
14239 42 110 232
14240 38 120 232
14241 0 87 232
14242 1 115 232
14243 2 252 232
14244 4 244 232
14245 3 103 232
14246 5 56 232
14247 6 178 232
14248 7 103 232
14249 8 130 232
14250 9 195 232
14251 10 197 232
14252 11 210 232
14253 12 173 232
14254 13 34 232
14255 14 107 232
14256 15 164 232
14257 16 124 232
14258 17 58 232
14259 93 118 240
14260 90 191 239
14261 87 213 239
14262 83 76 239
14263 82 167 238
14264 77 216 238
14265 75 65 237
14266 71 111 237
14267 69 150 236
14268 66 75 236
14269 64 152 235
14270 60 94 235
14271 56 19 235
14272 54 30 234
14273 51 78 234
14274 48 13 233
14275 45 180 233
14276 41 84 233
14277 39 20 232
14278 35 16 232
14279 18 202 232
14280 19 219 232
14281 20 245 232
14282 21 18 232
14283 22 196 232
14284 23 183 232
14285 24 118 232
14286 25 161 232
14287 26 214 232
14288 27 203 232
14289 28 173 232
14290 29 218 232
14291 30 149 232
14292 31 17 232
14293 32 251 232
14294 33 245 232
14295 94 224 240
14296 92 142 240
14297 88 246 240
14298 85 164 239
14299 81 92 239
14300 79 161 238
14301 76 209 238
14302 73 225 238
14303 70 166 237
14304 67 25 237
14305 63 157 236
14306 61 94 236
14307 58 187 235
14308 55 39 235
14309 52 135 234
14310 49 90 234
14311 46 45 234
14312 43 30 233
14313 40 5 232
14314 37 89 232
14315 34 203 232
14316 36 99 232
14317 0 238 233
14318 1 56 233
14319 2 189 233
14320 3 118 233
14321 4 108 233
14322 5 171 233
14323 6 231 233
14324 7 109 233
14325 8 80 233
14326 9 56 233
14327 10 133 233
14328 11 49 233
14329 12 233 233
14330 96 212 241
14331 91 173 241
14332 89 82 240
14333 86 41 240
14334 84 69 239
14335 80 233 239
14336 78 110 238
14337 74 83 238
14338 72 82 237
14339 68 199 237
14340 65 47 237
14341 62 222 236
14342 59 148 236
14343 57 210 235
14344 53 63 235
14345 50 151 234
14346 47 15 234
14347 44 131 233
14348 42 137 233
14349 38 215 233
14350 13 214 233
14351 14 137 233
14352 15 52 233
14353 16 228 233
14354 17 142 233
14355 18 138 233
14356 19 252 233
14357 20 113 233
14358 21 169 233
14359 22 97 233
14360 23 149 233
14361 24 198 233
14362 25 203 233
14363 26 200 233
14364 95 48 242
14365 93 190 241
14366 90 203 240
14367 87 221 240
14368 83 21 240
14369 82 140 239
14370 77 224 239
14371 75 170 238
14372 71 208 238
14373 69 76 237
14374 66 38 237
14375 64 29 236
14376 60 147 236
14377 56 34 236
14378 54 35 235
14379 51 204 235
14380 48 34 234
14381 45 194 234
14382 41 112 234
14383 39 250 233
14384 35 19 233
14385 27 1 233
14386 28 104 233
14387 29 11 233
14388 30 77 233
14389 31 229 233
14390 32 222 233
14391 33 101 233
14392 34 227 233
14393 36 66 233
14394 37 90 233
14395 40 165 233
14396 0 33 234
14397 97 95 242
14398 94 230 241
14399 92 143 241
14400 88 248 241
14401 85 251 240
14402 81 66 240
14403 79 85 239
14404 76 171 239
14405 73 114 239
14406 70 19 238
14407 67 184 238
14408 63 51 237
14409 61 147 237
14410 58 153 236
14411 55 102 236
14412 52 17 235
14413 49 97 235
14414 46 177 235
14415 43 118 234
14416 1 40 234
14417 2 256 234
14418 3 5 234
14419 4 20 234
14420 5 75 234
14421 6 38 234
14422 7 158 234
14423 8 160 234
14424 9 170 234
14425 10 46 234
14426 11 150 234
14427 12 54 234
14428 13 189 234
14429 99 96 242
14430 96 141 242
14431 91 63 242
14432 89 254 241
14433 86 127 241
14434 84 5 240
14435 80 214 240
14436 78 104 239
14437 74 138 239
14438 72 227 238
14439 68 46 238
14440 65 202 238
14441 62 205 237
14442 59 51 237
14443 57 140 236
14444 53 88 236
14445 50 217 235
14446 47 59 235
14447 44 224 234
14448 42 244 234
14449 38 246 234
14450 14 206 234
14451 15 226 234
14452 16 42 234
14453 17 187 234
14454 18 69 234
14455 19 209 234
14456 20 42 234
14457 21 168 234
14458 22 66 234
14459 23 155 234
14460 98 215 243
14461 95 242 243
14462 93 62 242
14463 90 96 241
14464 87 64 241
14465 83 242 241
14466 82 215 240
14467 77 31 240
14468 75 69 239
14469 71 3 239
14470 69 179 238
14471 66 218 238
14472 64 105 237
14473 60 167 237
14474 56 66 237
14475 54 74 236
14476 51 237 236
14477 48 168 235
14478 45 112 235
14479 41 182 235
14480 39 41 234
14481 35 10 234
14482 24 131 234
14483 25 254 234
14484 26 96 234
14485 27 91 234
14486 28 57 234
14487 29 112 234
14488 30 251 234
14489 31 100 234
14490 100 175 243
14491 97 31 243
14492 94 48 242
14493 92 20 242
14494 88 16 242
14495 85 182 241
14496 81 63 241
14497 79 163 240
14498 76 210 240
14499 73 140 240
14500 70 109 239
14501 67 244 239
14502 63 99 238
14503 61 167 238
14504 58 242 237
14505 55 247 237
14506 52 84 236
14507 49 56 236
14508 46 28 236
14509 43 190 235
14510 40 203 234
14511 37 221 234
14512 32 151 234
14513 33 19 234
14514 34 229 234
14515 36 30 234
14516 0 64 235
14517 1 115 235
14518 2 250 235
14519 102 117 244
14520 99 155 243
14521 96 212 243
14522 91 13 243
14523 89 91 242
14524 86 174 242
14525 84 202 241
14526 80 105 241
14527 78 190 240
14528 74 183 240
14529 72 187 239
14530 68 61 239
14531 65 212 239
14532 62 121 238
14533 59 252 238
14534 57 114 237
14535 53 2 237
14536 50 14 236
14537 47 95 236
14538 44 230 235
14539 42 178 235
14540 38 248 235
14541 3 23 235
14542 4 69 235
14543 5 33 235
14544 6 218 235
14545 7 21 235
14546 8 135 235
14547 101 151 245
14548 98 205 244
14549 95 212 244
14550 93 4 243
14551 90 172 242
14552 87 29 242
14553 83 32 242
14554 82 205 241
14555 77 176 241
14556 75 220 240
14557 71 155 240
14558 69 53 239
14559 66 155 239
14560 64 214 238
14561 60 160 238
14562 56 85 238
14563 54 147 237
14564 51 7 237
14565 48 44 236
14566 45 115 236
14567 41 91 236
14568 39 127 235
14569 35 173 235
14570 9 244 235
14571 10 50 235
14572 11 97 235
14573 12 43 235
14574 103 18 245
14575 100 3 244
14576 97 2 244
14577 94 86 243
14578 92 194 243
14579 88 200 243
14580 85 219 242
14581 81 174 242
14582 79 110 241
14583 76 55 241
14584 73 208 241
14585 70 206 240
14586 67 223 240
14587 63 256 239
14588 61 160 239
14589 58 198 238
14590 55 132 238
14591 52 22 237
14592 49 186 237
14593 46 93 237
14594 43 62 236
14595 40 96 235
14596 37 64 235
14597 13 192 235
14598 31 107 235
14599 14 66 235
14600 104 130 245
14601 102 180 245
14602 99 183 244
14603 96 38 244
14604 91 118 244
14605 89 238 243
14606 86 119 243
14607 84 221 242
14608 80 156 242
14609 78 65 241
14610 74 103 241
14611 72 239 240
14612 68 120 240
14613 65 80 240
14614 62 99 239
14615 59 66 239
14616 57 250 238
14617 53 178 238
14618 50 175 237
14619 47 31 237
14620 44 48 236
14621 42 249 236
14622 38 16 236
14623 36 100 235
14624 32 116 235
14625 105 65 246
14626 101 189 246
14627 98 67 245
14628 95 209 245
14629 93 50 244
14630 90 94 243
14631 87 234 243
14632 83 243 243
14633 82 251 242
14634 77 82 242
14635 75 180 241
14636 71 172 241
14637 69 20 240
14638 66 10 240
14639 64 59 239
14640 60 201 239
14641 56 81 239
14642 54 48 238
14643 51 216 238
14644 48 36 237
14645 45 24 237
14646 41 48 237
14647 39 174 236
14648 35 1 236
14649 106 209 246
14650 103 225 246
14651 100 166 245
14652 97 25 245
14653 94 47 244
14654 92 183 244
14655 88 187 244
14656 85 39 243
14657 81 213 243
14658 79 90 242
14659 76 45 242
14660 73 30 242
14661 70 5 241
14662 67 89 241
14663 63 250 240
14664 61 201 240
14665 58 162 239
14666 55 108 239
14667 52 18 238
14668 49 12 238
14669 46 6 238
14670 43 4 237
14671 40 172 236
14672 107 241 247
14673 104 83 246
14674 102 161 246
14675 99 81 245
14676 96 207 245
14677 91 25 245
14678 89 148 244
14679 86 74 244
14680 84 48 243
14681 80 151 243
14682 78 79 242
14683 74 131 242
14684 72 79 241
14685 68 215 241
14686 65 229 241
14687 62 81 240
14688 59 54 240
14689 57 131 239
14690 53 154 239
14691 50 3 238
14692 47 2 238
14693 44 86 237
14694 108 255 247
14695 105 170 247
14696 101 165 247
14697 98 10 246
14698 95 46 246
14699 93 111 245
14700 90 147 244
14701 87 98 244
14702 83 195 244
14703 82 8 243
14704 77 205 243
14705 75 194 242
14706 71 217 242
14707 69 250 241
14708 66 125 241
14709 64 34 240
14710 60 71 240
14711 56 157 240
14712 54 61 239
14713 51 130 239
14714 48 193 238
14715 109 85 248
14716 106 171 247
14717 103 114 247
14718 100 19 246
14719 97 184 246
14720 94 202 245
14721 92 91 245
14722 88 153 245
14723 85 102 244
14724 81 209 244
14725 79 97 243
14726 76 177 243
14727 73 118 243
14728 70 191 242
14729 67 213 242
14730 63 107 241
14731 61 71 241
14732 58 226 240
14733 55 65 240
14734 52 225 239
14735 110 214 248
14736 107 57 248
14737 104 138 247
14738 102 58 247
14739 99 95 246
14740 96 137 246
14741 91 84 246
14742 89 51 245
14743 86 154 245
14744 84 143 244
14745 80 217 244
14746 78 107 243
14747 74 224 243
14748 72 33 242
14749 68 246 242
14750 65 164 242
14751 62 113 241
14752 59 161 241
14753 57 64 240
14754 111 107 249
14755 108 232 248
14756 105 69 248
14757 101 220 248
14758 98 54 247
14759 95 50 247
14760 93 231 246
14761 90 167 245
14762 87 197 245
14763 83 251 245
14764 82 238 244
14765 77 210 244
14766 75 112 243
14767 71 123 243
14768 69 41 242
14769 66 149 242
14770 64 48 241
14771 60 245 241
14772 112 116 249
14773 109 163 249
14774 106 210 248
14775 103 140 248
14776 100 109 247
14777 97 244 247
14778 94 212 246
14779 92 88 246
14780 88 242 246
14781 85 247 245
14782 81 128 245
14783 79 56 244
14784 76 28 244
14785 73 190 244
14786 70 203 243
14787 67 221 243
14788 63 248 242
14789 114 90 249
14790 110 105 249
14791 107 70 249
14792 104 183 248
14793 102 2 248
14794 99 63 247
14795 96 58 247
14796 91 188 247
14797 89 252 246
14798 86 126 246
14799 84 187 245
14800 80 14 245
14801 78 33 244
14802 74 230 244
14803 72 239 243
14804 68 248 243
14805 113 9 250
14806 111 181 250
14807 108 73 249
14808 105 220 249
14809 101 229 249
14810 98 222 248
14811 95 169 248
14812 93 189 247
14813 90 160 246
14814 87 21 246
14815 83 107 246
14816 82 74 245
14817 77 216 245
14818 75 115 244
14819 71 71 244
14820 115 219 251
14821 112 165 250
14822 109 110 250
14823 106 55 249
14824 103 208 249
14825 100 206 248
14826 97 223 248
14827 94 80 247
14828 92 253 247
14829 88 198 247
14830 85 132 246
14831 81 116 246
14832 79 186 245
14833 76 93 245
14834 117 160 251
14835 114 106 250
14836 110 156 250
14837 107 104 250
14838 104 103 249
14839 102 111 249
14840 99 31 248
14841 96 154 248
14842 91 105 248
14843 89 66 247
14844 86 33 247
14845 83 22 247
14846 80 175 246
14847 116 144 252
14848 113 29 251
14849 111 78 251
14850 108 13 250
14851 105 180 250
14852 101 243 250
14853 98 163 249
14854 95 145 249
14855 93 178 248
14856 90 201 247
14857 87 134 247
14858 84 108 246
14859 118 187 252
14860 115 39 252
14861 112 135 251
14862 109 90 251
14863 106 45 250
14864 103 30 250
14865 100 5 249
14866 97 89 249
14867 94 229 248
14868 92 28 248
14869 88 162 248
14870 120 5 252
14871 117 105 252
14872 114 24 251
14873 110 151 251
14874 107 15 251
14875 104 131 250
14876 102 21 250
14877 99 119 249
14878 96 56 249
14879 91 162 249
14880 119 172 253
14881 116 68 253
14882 113 133 252
14883 111 204 252
14884 108 34 251
14885 105 194 251
14886 101 131 251
14887 98 58 250
14888 95 191 250
14889 121 147 254
14890 118 153 253
14891 115 102 253
14892 112 17 252
14893 109 97 252
14894 106 177 251
14895 103 118 251
14896 100 191 250
14897 122 205 254
14898 120 190 253
14899 117 241 253
14900 114 100 252
14901 110 217 252
14902 107 59 252
14903 104 224 251
14904 124 155 254
14905 119 200 254
14906 116 65 254
14907 113 233 253
14908 111 237 253
14909 108 168 252
14910 123 208 255
14911 121 167 255
14912 118 242 254
14913 115 247 254
14914 112 84 253
14915 125 212 256
14916 122 121 255
14917 120 178 254
14918 117 220 254
14919 126 155 256
14920 124 68 255
14921 119 120 255
14922 127 223 256
14923 123 80 256
14924 128 120 257
14925 15 188 235
14926 16 179 235
14927 17 37 235
14928 18 209 235
14929 19 142 235
14930 20 10 235
14931 21 24 235
14932 22 16 235
14933 23 230 235
14934 24 181 235
14935 25 4 235
14936 0 185 236
14937 0 185 237
14938 0 185 238
14939 0 185 239
14940 0 185 240
14941 0 185 241
14942 0 185 242
14943 0 185 243
14944 0 185 244
14945 26 69 235
14946 27 168 235
14947 28 5 235
14948 29 163 235
14949 30 122 235
14950 33 30 235
14951 34 177 235
14952 1 25 236
14953 2 55 236
14954 3 223 236
14955 4 162 236
14956 5 80 236
14957 6 67 236
14958 7 10 236
14959 8 107 236
14960 1 205 237
14961 1 205 238
14962 1 205 239
14963 1 205 240
14964 9 31 236
14965 10 45 236
14966 11 230 236
14967 12 105 236
14968 13 198 236
14969 14 12 236
14970 15 177 236
14971 16 172 236
14972 17 14 236
14973 18 60 236
14974 19 139 236
14975 20 203 236
14976 21 220 236
14977 22 170 236
14978 23 10 236
14979 24 85 236
14980 25 212 236
14981 26 188 236
14982 27 185 236
14983 28 23 236
14984 29 159 236
14985 30 11 236
14986 31 249 236
14987 32 120 236
14988 33 45 236
14989 34 110 236
14990 36 194 236
14991 37 1 236
14992 2 3 237
14993 3 114 237
14994 4 172 237
14995 5 128 237
14996 6 47 237
14997 7 223 237
14998 8 160 237
14999 9 26 237
15000 10 191 237
15001 11 235 237
15002 12 110 237
15003 13 38 237
15004 14 186 237
15005 15 233 237
15006 16 214 237
15007 17 65 237
15008 18 34 237
15009 19 166 237
15010 20 199 237
15011 21 101 237
15012 22 126 237
15013 23 119 237
15014 24 195 237
15015 25 49 237
15016 26 167 237
15017 27 235 237
15018 28 207 237
15019 29 239 237
15020 30 35 237
15021 31 13 237
15022 32 214 237
15023 33 98 237
15024 34 32 237
15025 35 63 237
15026 36 178 237
15027 37 110 237
15028 38 248 237
15029 39 94 237
15030 40 42 237
15031 42 210 237
15032 2 70 238
15033 3 172 238
15034 4 17 238
15035 5 120 238
15036 6 84 238
15037 7 4 238
15038 8 51 238
15039 9 33 238
15040 10 118 238
15041 11 256 238
15042 12 208 238
15043 13 148 238
15044 14 107 238
15045 15 18 238
15046 16 227 238
15047 17 196 238
15048 18 96 238
15049 19 149 238
15050 20 12 238
15051 21 225 238
15052 22 220 238
15053 23 140 238
15054 24 38 238
15055 25 235 238
15056 26 78 238
15057 27 150 238
15058 28 36 238
15059 29 172 238
15060 30 156 238
15061 31 118 238
15062 32 77 238
15063 33 188 238
15064 34 78 238
15065 35 179 238
15066 36 195 238
15067 37 162 238
15068 38 110 238
15069 39 172 238
15070 40 72 238
15071 41 102 238
15072 42 181 238
15073 43 118 238
15074 44 214 238
15075 45 20 238
15076 2 122 239
15077 3 51 239
15078 4 181 239
15079 5 240 239
15080 6 241 239
15081 7 143 239
15082 8 58 239
15083 9 72 239
15084 10 164 239
15085 11 173 239
15086 13 221 239
15087 12 165 239
15088 14 54 239
15089 15 214 239
15090 16 220 239
15091 17 14 239
15092 18 68 239
15093 19 156 239
15094 20 183 239
15095 21 1 239
15096 22 203 239
15097 23 120 239
15098 24 184 239
15099 25 249 239
15100 26 256 239
15101 27 19 239
15102 28 19 239
15103 29 18 239
15104 30 73 239
15105 31 157 239
15106 32 75 239
15107 33 214 239
15108 34 237 239
15109 35 170 239
15110 36 118 239
15111 37 219 239
15112 38 6 239
15113 39 115 239
15114 40 199 239
15115 42 59 239
15116 41 141 239
15117 43 74 239
15118 44 220 239
15119 45 118 239
15120 46 140 239
15121 47 134 239
15122 48 216 239
15123 49 236 239
15124 50 223 239
15125 2 121 240
15126 3 33 240
15127 4 6 240
15128 5 173 240
15129 6 104 240
15130 7 198 240
15131 8 196 240
15132 9 211 240
15133 10 148 240
15134 11 59 240
15135 12 100 240
15136 13 240 240
15137 14 2 240
15138 15 36 240
15139 16 206 240
15140 17 204 240
15141 18 123 240
15142 19 174 240
15143 20 93 240
15144 21 230 240
15145 22 211 240
15146 23 92 240
15147 24 251 240
15148 25 149 240
15149 26 240 240
15150 27 16 240
15151 28 128 240
15152 29 207 240
15153 30 103 240
15154 31 167 240
15155 32 82 240
15156 33 53 240
15157 34 46 240
15158 35 235 240
15159 36 124 240
15160 37 193 240
15161 38 142 240
15162 39 227 240
15163 40 77 240
15164 41 187 240
15165 42 200 240
15166 43 190 240
15167 44 234 240
15168 45 17 240
15169 46 216 240
15170 47 246 240
15171 48 81 240
15172 49 219 240
15173 50 225 240
15174 51 164 240
15175 52 105 240
15176 53 161 240
15177 54 77 240
15178 1 6 241
15179 2 54 241
15180 3 10 241
15181 4 102 241
15182 5 192 241
15183 6 211 241
15184 7 86 241
15185 8 170 241
15186 9 149 241
15187 10 247 241
15188 11 146 241
15189 12 99 241
15190 13 131 241
15191 14 121 241
15192 15 160 241
15193 16 172 241
15194 17 247 241
15195 18 89 241
15196 19 34 241
15197 20 156 241
15198 21 207 241
15199 22 27 241
15200 23 101 241
15201 24 25 241
15202 25 176 241
15203 26 97 241
15204 27 131 241
15205 28 53 241
15206 29 180 241
15207 30 96 241
15208 31 44 241
15209 32 134 241
15210 33 68 241
15211 34 227 241
15212 35 25 241
15213 36 103 241
15214 37 174 241
15215 38 180 241
15216 39 219 241
15217 40 220 241
15218 41 212 241
15219 42 135 241
15220 43 77 241
15221 44 4 241
15222 45 164 241
15223 46 224 241
15224 47 14 241
15225 48 167 241
15226 49 152 241
15227 50 40 241
15228 51 88 241
15229 52 120 241
15230 53 25 241
15231 54 211 241
15232 55 254 241
15233 56 122 241
15234 57 165 241
15235 58 18 241
15236 1 256 242
15237 2 74 242
15238 3 214 242
15239 4 163 242
15240 5 121 242
15241 6 207 242
15242 7 37 242
15243 8 196 242
15244 9 32 242
15245 10 45 242
15246 11 189 242
15247 12 181 242
15248 13 9 242
15249 14 84 242
15250 15 62 242
15251 16 254 242
15252 17 163 242
15253 18 220 242
15254 19 222 242
15255 20 161 242
15256 21 255 242
15257 22 130 242
15258 23 49 242
15259 24 154 242
15260 25 78 242
15261 26 242 242
15262 27 83 242
15263 28 179 242
15264 29 7 242
15265 30 146 242
15266 31 193 242
15267 32 62 242
15268 33 229 242
15269 34 108 242
15270 35 10 242
15271 36 219 242
15272 37 148 242
15273 38 200 242
15274 39 197 242
15275 40 255 242
15276 41 231 242
15277 42 237 242
15278 43 2 242
15279 44 233 242
15280 45 32 242
15281 46 155 242
15282 47 235 242
15283 48 134 242
15284 49 112 242
15285 50 87 242
15286 51 76 242
15287 52 140 242
15288 53 237 242
15289 54 166 242
15290 55 138 242
15291 56 135 242
15292 57 187 242
15293 58 207 242
15294 59 75 242
15295 60 111 242
15296 61 122 242
15297 62 227 242
15298 64 241 242
15299 1 174 243
15300 2 226 243
15301 3 102 243
15302 4 46 243
15303 5 220 243
15304 6 58 243
15305 7 213 243
15306 8 70 243
15307 9 249 243
15308 10 46 243
15309 11 109 243
15310 12 172 243
15311 13 25 243
15312 14 78 243
15313 15 241 243
15314 16 252 243
15315 17 153 243
15316 18 247 243
15317 19 99 243
15318 20 156 243
15319 21 98 243
15320 22 96 243
15321 23 249 243
15322 24 96 243
15323 25 110 243
15324 27 64 243
15325 26 107 243
15326 28 229 243
15327 29 221 243
15328 30 78 243
15329 31 149 243
15330 32 96 243
15331 33 88 243
15332 34 253 243
15333 35 197 243
15334 36 176 243
15335 37 219 243
15336 38 182 243
15337 39 1 243
15338 40 38 243
15339 41 148 243
15340 42 202 243
15341 43 231 243
15342 44 12 243
15343 45 231 243
15344 46 31 243
15345 47 48 243
15346 48 244 243
15347 49 134 243
15348 50 195 243
15349 51 59 243
15350 52 244 243
15351 53 59 243
15352 54 201 243
15353 55 166 243
15354 56 151 243
15355 57 187 243
15356 58 47 243
15357 59 56 243
15358 60 203 243
15359 61 7 243
15360 62 9 243
15361 63 34 243
15362 64 28 243
15363 65 236 243
15364 69 71 243
15365 66 74 243
15366 1 254 244
15367 2 219 244
15368 3 190 244
15369 4 183 244
15370 5 201 244
15371 6 192 244
15372 7 206 244
15373 8 124 244
15374 9 175 244
15375 10 159 244
15376 11 1 244
15377 12 106 244
15378 13 233 244
15379 14 145 244
15380 15 1 244
15381 16 150 244
15382 17 204 244
15383 18 12 244
15384 19 213 244
15385 20 34 244
15386 21 125 244
15387 22 229 244
15388 23 57 244
15389 24 74 244
15390 25 12 244
15391 26 68 244
15392 27 240 244
15393 28 135 244
15394 29 214 244
15395 30 95 244
15396 31 49 244
15397 32 164 244
15398 33 38 244
15399 34 247 244
15400 35 22 244
15401 37 219 244
15402 36 251 244
15403 38 57 244
15404 39 74 244
15405 40 25 244
15406 41 94 244
15407 42 240 244
15408 0 40 245
15409 43 144 244
15410 1 60 245
15411 44 115 244
15412 45 187 244
15413 46 76 244
15414 47 189 244
15415 48 28 244
15416 49 141 244
15417 50 176 244
15418 51 166 244
15419 52 131 244
15420 53 17 244
15421 54 251 244
15422 55 110 244
15423 56 116 244
15424 57 112 244
15425 58 218 244
15426 59 133 244
15427 60 16 244
15428 61 95 244
15429 62 242 244
15430 63 156 244
15431 64 72 244
15432 65 140 244
15433 66 98 244
15434 67 42 244
15435 68 167 244
15436 69 73 244
15437 70 36 244
15438 72 247 244
15439 2 64 245
15440 3 98 245
15441 4 232 245
15442 5 40 245
15443 6 208 245
15444 7 63 245
15445 8 239 245
15446 9 130 245
15447 10 233 245
15448 11 70 245
15449 12 10 245
15450 13 138 245
15451 14 196 245
15452 15 36 245
15453 16 14 245
15454 17 26 245
15455 18 25 245
15456 19 180 245
15457 20 159 245
15458 21 121 245
15459 22 51 245
15460 23 27 245
15461 24 223 245
15462 25 250 245
15463 26 150 245
15464 27 179 245
15465 28 104 245
15466 29 107 245
15467 30 77 245
15468 31 60 245
15469 32 256 245
15470 33 181 245
15471 34 139 245
15472 35 131 245
15473 36 171 245
15474 37 43 245
15475 38 39 245
15476 39 19 245
15477 40 58 245
15478 41 24 245
15479 42 62 245
15480 43 77 245
15481 44 157 245
15482 45 137 245
15483 46 148 245
15484 47 140 245
15485 48 158 245
15486 49 43 245
15487 50 26 245
15488 51 64 245
15489 52 202 245
15490 53 106 245
15491 54 212 245
15492 56 34 245
15493 55 43 245
15494 57 90 245
15495 58 203 245
15496 59 130 245
15497 60 55 245
15498 61 184 245
15499 62 58 245
15500 63 247 245
15501 64 233 245
15502 65 255 245
15503 66 46 245
15504 67 19 245
15505 68 224 245
15506 69 245 245
15507 70 59 245
15508 71 138 245
15509 72 71 245
15510 73 203 245
15511 74 79 245
15512 75 256 245
15513 78 70 245
15514 0 197 246
15515 1 14 246
15516 2 253 246
15517 3 179 246
15518 4 92 246
15519 5 82 246
15520 6 222 246
15521 7 222 246
15522 8 206 246
15523 9 94 246
15524 10 244 246
15525 11 236 246
15526 12 117 246
15527 13 20 246
15528 14 179 246
15529 15 95 246
15530 16 233 246
15531 17 20 246
15532 18 128 246
15533 19 33 246
15534 20 15 246
15535 21 143 246
15536 22 153 246
15537 23 237 246
15538 24 13 246
15539 25 231 246
15540 26 173 246
15541 27 184 246
15542 28 198 246
15543 29 209 246
15544 30 158 246
15545 31 195 246
15546 32 130 246
15547 33 86 246
15548 34 143 246
15549 35 119 246
15550 36 147 246
15551 37 28 246
15552 38 57 246
15553 39 186 246
15554 40 112 246
15555 41 79 246
15556 42 164 246
15557 43 244 246
15558 44 122 246
15559 45 60 246
15560 46 67 246
15561 47 22 246
15562 48 46 246
15563 49 195 246
15564 50 18 246
15565 51 169 246
15566 52 138 246
15567 53 31 246
15568 54 235 246
15569 55 162 246
15570 56 114 246
15571 57 56 246
15572 58 252 246
15573 59 12 246
15574 60 152 246
15575 61 149 246
15576 62 8 246
15577 63 167 246
15578 64 86 246
15579 65 97 246
15580 66 9 246
15581 67 23 246
15582 68 61 246
15583 69 151 246
15584 70 153 246
15585 71 201 246
15586 72 249 246
15587 73 219 246
15588 74 84 246
15589 75 95 246
15590 76 114 246
15591 77 234 246
15592 78 22 246
15593 79 2 246
15594 82 76 246
15595 0 134 247
15596 1 119 247
15597 2 238 247
15598 3 110 247
15599 4 44 247
15600 5 110 247
15601 6 180 247
15602 7 106 247
15603 8 217 247
15604 9 61 247
15605 10 12 247
15606 11 220 247
15607 12 19 247
15608 13 236 247
15609 14 114 247
15610 15 114 247
15611 16 222 247
15612 17 111 247
15613 18 166 247
15614 19 177 247
15615 20 3 247
15616 21 227 247
15617 22 95 247
15618 23 110 247
15619 24 65 247
15620 25 196 247
15621 26 106 247
15622 27 63 247
15623 28 132 247
15624 29 42 247
15625 30 30 247
15626 31 97 247
15627 32 102 247
15628 33 93 247
15629 34 25 247
15630 35 116 247
15631 36 197 247
15632 37 215 247
15633 38 37 247
15634 39 92 247
15635 40 84 247
15636 41 28 247
15637 42 82 247
15638 43 19 247
15639 44 88 247
15640 45 78 247
15641 46 219 247
15642 47 18 247
15643 48 156 247
15644 49 219 247
15645 50 28 247
15646 51 15 247
15647 52 194 247
15648 53 235 247
15649 54 118 247
15650 55 241 247
15651 56 123 247
15652 57 54 247
15653 58 186 247
15654 59 96 247
15655 60 22 247
15656 61 21 247
15657 62 5 247
15658 63 15 247
15659 64 113 247
15660 65 51 247
15661 66 151 247
15662 67 35 247
15663 68 128 247
15664 69 58 247
15665 70 128 247
15666 71 31 247
15667 72 123 247
15668 73 119 247
15669 74 33 247
15670 75 96 247
15671 76 240 247
15672 77 136 247
15673 78 234 247
15674 79 188 247
15675 80 231 247
15676 81 122 247
15677 82 96 247
15678 84 217 247
15679 85 164 247
15680 0 246 248
15681 1 105 248
15682 2 85 248
15683 3 61 248
15684 4 234 248
15685 5 78 248
15686 6 186 248
15687 7 235 248
15688 8 209 248
15689 9 96 248
15690 10 191 248
15691 11 223 248
15692 12 242 248
15693 13 38 248
15694 14 86 248
15695 15 57 248
15696 16 4 248
15697 17 62 248
15698 18 159 248
15699 19 177 248
15700 20 149 248
15701 21 63 248
15702 22 86 248
15703 23 239 248
15704 24 244 248
15705 25 174 248
15706 26 195 248
15707 27 172 248
15708 28 231 248
15709 29 154 248
15710 30 22 248
15711 31 192 248
15712 32 152 248
15713 33 133 248
15714 34 153 248
15715 35 88 248
15716 36 78 248
15717 37 226 248
15718 38 184 248
15719 39 20 248
15720 40 83 248
15721 41 187 248
15722 42 253 248
15723 43 223 248
15724 44 123 248
15725 45 151 248
15726 46 45 248
15727 47 201 248
15728 48 8 248
15729 49 130 248
15730 50 220 248
15731 51 124 248
15732 52 109 248
15733 53 183 248
15734 54 83 248
15735 55 102 248
15736 56 94 248
15737 57 134 248
15738 58 223 248
15739 59 49 248
15740 60 123 248
15741 61 117 248
15742 62 35 248
15743 63 227 248
15744 64 62 248
15745 65 182 248
15746 66 209 248
15747 67 14 248
15748 68 174 248
15749 69 34 248
15750 70 181 248
15751 71 95 248
15752 72 135 248
15753 73 104 248
15754 74 45 248
15755 75 73 248
15756 76 41 248
15757 77 189 248
15758 78 187 248
15759 79 224 248
15760 80 169 248
15761 81 60 248
15762 82 55 248
15763 84 170 248
15764 83 147 248
15765 85 141 248
15766 86 253 248
15767 87 66 248
15768 89 99 248
15769 90 177 248
15770 0 154 249
15771 1 231 249
15772 2 43 249
15773 3 66 249
15774 4 194 249
15775 5 15 249
15776 6 235 249
15777 7 105 249
15778 8 178 249
15779 9 23 249
15780 10 40 249
15781 11 38 249
15782 12 55 249
15783 13 1 249
15784 14 216 249
15785 15 36 249
15786 16 109 249
15787 17 61 249
15788 18 212 249
15789 19 167 249
15790 20 250 249
15791 21 126 249
15792 22 5 249
15793 23 243 249
15794 24 243 249
15795 25 53 249
15796 26 125 249
15797 27 14 249
15798 28 247 249
15799 29 193 249
15800 30 124 249
15801 31 248 249
15802 32 130 249
15803 33 14 249
15804 34 74 249
15805 35 55 249
15806 36 181 249
15807 37 85 249
15808 38 246 249
15809 39 75 249
15810 40 193 249
15811 41 150 249
15812 42 151 249
15813 43 189 249
15814 44 128 249
15815 45 18 249
15816 46 33 249
15817 47 29 249
15818 48 76 249
15819 49 159 249
15820 50 238 249
15821 51 99 249
15822 52 84 249
15823 53 82 249
15824 54 234 249
15825 55 207 249
15826 56 226 249
15827 57 252 249
15828 58 252 249
15829 59 112 249
15830 60 123 249
15831 61 181 249
15832 62 3 249
15833 63 177 249
15834 64 97 249
15835 65 232 249
15836 66 41 249
15837 67 145 249
15838 68 163 249
15839 69 12 249
15840 70 29 249
15841 71 201 249
15842 72 140 249
15843 73 228 249
15844 74 104 249
15845 75 9 249
15846 76 107 249
15847 77 236 249
15848 78 226 249
15849 79 88 249
15850 80 205 249
15851 81 154 249
15852 82 168 249
15853 83 87 249
15854 84 217 249
15855 85 137 249
15856 86 20 249
15857 87 5 249
15858 88 206 249
15859 89 218 249
15860 90 29 249
15861 92 88 249
15862 93 65 249
15863 94 197 249
15864 0 145 250
15865 1 204 250
15866 2 23 250
15867 3 107 250
15868 4 129 250
15869 5 164 250
15870 6 158 250
15871 7 113 250
15872 8 242 250
15873 9 198 250
15874 10 214 250
15875 11 202 250
15876 12 121 250
15877 13 231 250
15878 14 250 250
15879 15 8 250
15880 16 116 250
15881 17 50 250
15882 18 44 250
15883 19 229 250
15884 20 41 250
15885 21 19 250
15886 22 101 250
15887 23 148 250
15888 24 72 250
15889 25 218 250
15890 26 139 250
15891 27 255 250
15892 28 47 250
15893 29 123 250
15894 30 182 250
15895 31 23 250
15896 32 91 250
15897 33 110 250
15898 34 171 250
15899 35 173 250
15900 36 172 250
15901 37 176 250
15902 38 70 250
15903 39 38 250
15904 40 49 250
15905 41 1 250
15906 42 66 250
15907 43 168 250
15908 44 118 250
15909 45 62 250
15910 46 192 250
15911 47 134 250
15912 48 152 250
15913 49 76 250
15914 50 254 250
15915 51 127 250
15916 52 111 250
15917 53 173 250
15918 54 40 250
15919 55 90 250
15920 56 168 250
15921 57 183 250
15922 58 7 250
15923 59 181 250
15924 60 252 250
15925 61 214 250
15926 62 45 250
15927 63 72 250
15928 64 173 250
15929 65 170 250
15930 66 151 250
15931 67 30 250
15932 68 100 250
15933 69 4 250
15934 70 111 250
15935 71 169 250
15936 72 170 250
15937 73 145 250
15938 74 161 250
15939 75 240 250
15940 76 58 250
15941 77 108 250
15942 78 119 250
15943 79 108 250
15944 80 200 250
15945 81 81 250
15946 82 18 250
15947 83 211 250
15948 84 81 250
15949 85 122 250
15950 86 91 250
15951 87 43 250
15952 88 73 250
15953 89 84 250
15954 90 123 250
15955 91 152 250
15956 92 232 250
15957 93 179 250
15958 94 202 250
15959 96 89 250
15960 97 100 250
15961 99 59 250
15962 0 197 251
15963 1 235 251
15964 2 41 251
15965 3 63 251
15966 4 15 251
15967 5 16 251
15968 6 47 251
15969 7 204 251
15970 8 241 251
15971 9 143 251
15972 10 175 251
15973 11 163 251
15974 12 193 251
15975 13 10 251
15976 14 185 251
15977 15 239 251
15978 16 41 251
15979 17 41 251
15980 18 125 251
15981 19 157 251
15982 20 175 251
15983 21 229 251
15984 22 4 251
15985 23 28 251
15986 24 240 251
15987 25 16 251
15988 26 146 251
15989 27 201 251
15990 28 144 251
15991 29 113 251
15992 30 210 251
15993 31 169 251
15994 32 139 251
15995 33 232 251
15996 34 210 251
15997 35 15 251
15998 36 216 251
15999 37 167 251
16000 38 251 251
16001 39 255 251
16002 40 140 251
16003 41 36 251
16004 42 65 251
16005 43 70 251
16006 44 64 251
16007 45 110 251
16008 46 230 251
16009 47 202 251
16010 48 77 251
16011 49 64 251
16012 50 98 251
16013 51 153 251
16014 52 133 251
16015 53 201 251
16016 54 146 251
16017 55 89 251
16018 56 142 251
16019 57 227 251
16020 58 226 251
16021 59 217 251
16022 60 183 251
16023 61 73 251
16024 62 4 251
16025 63 26 251
16026 64 60 251
16027 65 124 251
16028 66 217 251
16029 67 69 251
16030 68 231 251
16031 69 8 251
16032 70 158 251
16033 71 64 251
16034 72 204 251
16035 73 169 251
16036 74 253 251
16037 75 81 251
16038 76 167 251
16039 77 12 251
16040 78 84 251
16041 79 144 251
16042 80 182 251
16043 81 180 251
16044 82 197 251
16045 83 16 251
16046 84 196 251
16047 85 136 251
16048 86 164 251
16049 87 191 251
16050 88 149 251
16051 89 177 251
16052 90 192 251
16053 91 192 251
16054 92 135 251
16055 93 214 251
16056 94 110 251
16057 95 154 251
16058 96 227 251
16059 97 93 251
16060 98 103 251
16061 99 24 251
16062 100 244 251
16063 102 98 251
16064 0 70 252
16065 1 61 252
16066 2 57 252
16067 3 67 252
16068 4 19 252
16069 5 241 252
16070 6 138 252
16071 7 145 252
16072 8 29 252
16073 9 43 252
16074 10 223 252
16075 11 129 252
16076 12 181 252
16077 13 203 252
16078 14 149 252
16079 15 236 252
16080 16 153 252
16081 17 246 252
16082 18 182 252
16083 19 66 252
16084 20 116 252
16085 21 25 252
16086 22 176 252
16087 23 100 252
16088 24 220 252
16089 25 243 252
16090 26 38 252
16091 27 13 252
16092 28 150 252
16093 29 88 252
16094 30 68 252
16095 31 193 252
16096 32 226 252
16097 33 82 252
16098 34 201 252
16099 35 134 252
16100 36 141 252
16101 37 224 252
16102 38 9 252
16103 39 108 252
16104 40 182 252
16105 41 221 252
16106 42 7 252
16107 43 56 252
16108 44 106 252
16109 45 69 252
16110 46 22 252
16111 47 47 252
16112 48 126 252
16113 49 37 252
16114 50 247 252
16115 51 31 252
16116 52 202 252
16117 53 66 252
16118 54 154 252
16119 55 29 252
16120 56 219 252
16121 57 45 252
16122 58 226 252
16123 59 2 252
16124 60 27 252
16125 61 107 252
16126 62 122 252
16127 63 1 252
16128 64 230 252
16129 65 45 252
16130 66 129 252
16131 67 118 252
16132 68 19 252
16133 69 49 252
16134 70 243 252
16135 71 109 252
16136 72 90 252
16137 73 250 252
16138 74 249 252
16139 75 132 252
16140 76 70 252
16141 77 35 252
16142 78 24 252
16143 79 25 252
16144 80 176 252
16145 81 248 252
16146 82 82 252
16147 83 49 252
16148 84 128 252
16149 85 204 252
16150 86 154 252
16151 87 74 252
16152 88 243 252
16153 89 80 252
16154 90 3 252
16155 91 160 252
16156 92 69 252
16157 93 233 252
16158 94 243 252
16159 95 93 252
16160 96 63 252
16161 97 173 252
16162 98 53 252
16163 99 167 252
16164 100 32 252
16165 101 242 252
16166 102 241 252
16167 103 1 252
16168 104 70 252
16169 105 31 252
16170 106 250 252
16171 0 57 253
16172 1 150 253
16173 2 58 253
16174 3 160 253
16175 4 109 253
16176 5 232 253
16177 6 187 253
16178 7 65 253
16179 8 34 253
16180 9 206 253
16181 10 62 253
16182 11 226 253
16183 12 98 253
16184 13 236 253
16185 14 142 253
16186 15 25 253
16187 16 133 253
16188 17 254 253
16189 18 157 253
16190 19 244 253
16191 20 232 253
16192 21 73 253
16193 22 160 253
16194 23 172 253
16195 24 118 253
16196 25 175 253
16197 26 40 253
16198 27 17 253
16199 28 149 253
16200 29 118 253
16201 30 175 253
16202 31 191 253
16203 32 82 253
16204 33 107 253
16205 34 26 253
16206 35 97 253
16207 36 109 253
16208 37 73 253
16209 38 256 253
16210 39 118 253
16211 40 194 253
16212 41 172 253
16213 42 10 253
16214 43 139 253
16215 44 95 253
16216 45 111 253
16217 46 26 253
16218 47 152 253
16219 48 248 253
16220 49 205 253
16221 50 197 253
16222 51 139 253
16223 52 174 253
16224 53 230 253
16225 54 23 253
16226 55 10 253
16227 56 161 253
16228 57 232 253
16229 58 182 253
16230 59 89 253
16231 60 2 253
16232 61 44 253
16233 62 239 253
16234 63 5 253
16235 64 162 253
16236 65 248 253
16237 66 196 253
16238 67 224 253
16239 68 63 253
16240 69 59 253
16241 70 206 253
16242 71 246 253
16243 72 61 253
16244 73 182 253
16245 74 217 253
16246 75 84 253
16247 76 229 253
16248 77 135 253
16249 78 171 253
16250 79 138 253
16251 80 142 253
16252 81 57 253
16253 82 188 253
16254 83 173 253
16255 84 206 253
16256 85 154 253
16257 86 77 253
16258 87 176 253
16259 88 191 253
16260 89 19 253
16261 90 86 253
16262 91 61 253
16263 92 51 253
16264 93 25 253
16265 94 147 253
16266 95 185 253
16267 96 251 253
16268 97 26 253
16269 98 124 253
16270 99 162 253
16271 100 50 253
16272 101 250 253
16273 102 158 253
16274 103 250 253
16275 104 96 253
16276 105 243 253
16277 106 119 253
16278 107 197 253
16279 108 211 253
16280 109 146 253
16281 110 155 253
16282 114 244 253
16283 0 194 254
16284 1 73 254
16285 2 132 254
16286 3 109 254
16287 4 62 254
16288 5 45 254
16289 6 108 254
16290 7 22 254
16291 8 117 254
16292 9 28 254
16293 10 241 254
16294 11 188 254
16295 12 20 254
16296 13 75 254
16297 14 115 254
16298 15 110 254
16299 16 101 254
16300 17 16 254
16301 18 43 254
16302 19 151 254
16303 20 78 254
16304 21 240 254
16305 22 112 254
16306 23 62 254
16307 24 49 254
16308 25 90 254
16309 27 254 254
16310 26 255 254
16311 28 241 254
16312 29 163 254
16313 30 106 254
16314 31 93 254
16315 32 39 254
16316 33 228 254
16317 34 75 254
16318 35 14 254
16319 36 240 254
16320 37 252 254
16321 38 210 254
16322 39 47 254
16323 40 204 254
16324 41 242 254
16325 42 249 254
16326 43 72 254
16327 44 252 254
16328 45 60 254
16329 46 77 254
16330 47 22 254
16331 48 242 254
16332 49 27 254
16333 50 101 254
16334 51 187 254
16335 52 17 254
16336 53 216 254
16337 54 97 254
16338 55 231 254
16339 56 114 254
16340 57 139 254
16341 58 169 254
16342 59 142 254
16343 60 230 254
16344 61 198 254
16345 62 249 254
16346 63 204 254
16347 64 209 254
16348 65 143 254
16349 66 182 254
16350 67 163 254
16351 68 24 254
16352 69 116 254
16353 70 61 254
16354 71 81 254
16355 72 77 254
16356 73 122 254
16357 74 4 254
16358 75 114 254
16359 76 79 254
16360 77 51 254
16361 78 135 254
16362 79 215 254
16363 80 99 254
16364 81 237 254
16365 82 1 254
16366 83 159 254
16367 84 70 254
16368 85 250 254
16369 86 203 254
16370 87 171 254
16371 88 249 254
16372 89 224 254
16373 90 155 254
16374 91 96 254
16375 92 154 254
16376 93 118 254
16377 94 238 254
16378 95 223 254
16379 96 22 254
16380 97 154 254
16381 98 161 254
16382 99 226 254
16383 100 174 254
16384 101 11 254
16385 102 210 254
16386 103 31 254
16387 104 61 254
16388 105 38 254
16389 106 87 254
16390 107 147 254
16391 108 41 254
16392 109 202 254
16393 110 79 254
16394 111 128 254
16395 112 116 254
16396 113 18 254
16397 114 20 254
16398 0 217 255
16399 1 62 255
16400 2 186 255
16401 3 78 255
16402 4 29 255
16403 5 88 255
16404 6 169 255
16405 7 33 255
16406 8 154 255
16407 9 85 255
16408 10 194 255
16409 0 146 256
16410 11 90 255
16411 0 220 257
16412 12 129 255
16413 13 164 255
16414 14 6 255
16415 15 154 255
16416 16 127 255
16417 17 254 255
16418 18 157 255
16419 19 41 255
16420 20 40 255
16421 21 245 255
16422 22 25 255
16423 23 30 255
16424 24 78 255
16425 25 39 255
16426 26 21 255
16427 27 205 255
16428 28 157 255
16429 29 180 255
16430 30 98 255
16431 31 77 255
16432 32 6 255
16433 33 105 255
16434 34 173 255
16435 35 4 255
16436 36 123 255
16437 37 161 255
16438 38 7 255
16439 39 19 255
16440 40 187 255
16441 41 20 255
16442 42 157 255
16443 43 4 255
16444 44 36 255
16445 45 243 255
16446 46 88 255
16447 47 91 255
16448 48 179 255
16449 49 160 255
16450 50 150 255
16451 51 181 255
16452 52 231 255
16453 53 106 255
16454 54 249 255
16455 55 15 255
16456 56 112 255
16457 57 158 255
16458 58 1 255
16459 59 224 255
16460 60 229 255
16461 61 25 255
16462 62 114 255
16463 63 156 255
16464 64 181 255
16465 65 74 255
16466 66 36 255
16467 67 90 255
16468 68 189 255
16469 69 97 255
16470 70 125 255
16471 71 123 255
16472 72 1 255
16473 73 37 255
16474 74 138 255
16475 75 81 255
16476 76 5 255
16477 77 214 255
16478 78 117 255
16479 79 74 255
16480 80 40 255
16481 81 205 255
16482 82 153 255
16483 83 123 255
16484 84 117 255
16485 85 1 255
16486 86 249 255
16487 87 78 255
16488 88 38 255
16489 89 73 255
16490 90 145 255
16491 91 233 255
16492 92 71 255
16493 93 140 255
16494 94 239 255
16495 95 167 255
16496 96 38 255
16497 97 16 255
16498 98 76 255
16499 99 205 255
16500 100 182 255
16501 101 252 255
16502 102 227 255
16503 103 24 255
16504 104 4 255
16505 105 119 255
16506 106 247 255
16507 107 6 255
16508 108 82 255
16509 109 92 255
16510 110 249 255
16511 111 114 255
16512 112 194 255
16513 113 43 255
16514 114 251 255
16515 115 143 255
16516 116 70 255
16517 117 191 255
16518 118 81 255
16519 120 165 255
16520 1 131 256
16521 2 61 256
16522 3 78 256
16523 4 15 256
16524 5 6 256
16525 6 239 256
16526 7 38 256
16527 8 44 256
16528 9 104 256
16529 10 31 256
16530 11 254 256
16531 12 69 256
16532 13 233 256
16533 14 60 256
16534 15 46 256
16535 16 195 256
16536 17 33 256
16537 18 226 256
16538 19 56 256
16539 20 71 256
16540 21 248 256
16541 22 122 256
16542 23 5 256
16543 24 92 256
16544 25 51 256
16545 26 78 256
16546 27 9 256
16547 28 32 256
16548 29 255 256
16549 30 145 256
16550 31 112 256
16551 32 83 256
16552 33 54 256
16553 34 154 256
16554 35 84 256
16555 36 100 256
16556 37 174 256
16557 38 13 256
16558 39 73 256
16559 40 256 256
16560 41 105 256
16561 42 26 256
16562 43 185 256
16563 44 39 256
16564 45 14 256
16565 46 64 256
16566 47 33 256
16567 48 209 256
16568 49 6 256
16569 50 172 256
16570 51 81 256
16571 52 125 256
16572 53 59 256
16573 54 245 256
16574 55 187 256
16575 56 51 256
16576 57 90 256
16577 58 68 256
16578 59 176 256
16579 60 154 256
16580 61 233 256
16581 62 66 256
16582 63 29 256
16583 64 87 256
16584 65 143 256
16585 66 219 256
16586 67 127 256
16587 68 214 256
16588 69 141 256
16589 70 64 256
16590 71 255 256
16591 72 181 256
16592 73 115 256
16593 74 249 256
16594 75 208 256
16595 76 165 256
16596 77 48 256
16597 78 223 256
16598 79 70 256
16599 80 148 256
16600 81 247 256
16601 82 71 256
16602 83 118 256
16603 84 104 256
16604 85 3 256
16605 86 210 256
16606 87 196 256
16607 88 96 256
16608 89 184 256
16609 90 100 256
16610 91 240 256
16611 92 127 256
16612 93 27 256
16613 94 114 256
16614 95 254 256
16615 96 209 256
16616 97 170 256
16617 98 6 256
16618 99 113 256
16619 100 201 256
16620 101 215 256
16621 102 28 256
16622 103 16 256
16623 104 218 256
16624 105 138 256
16625 106 158 256
16626 107 114 256
16627 108 7 256
16628 109 12 256
16629 110 186 256
16630 111 77 256
16631 112 253 256
16632 113 67 256
16633 114 113 256
16634 115 241 256
16635 116 36 256
16636 117 149 256
16637 118 164 256
16638 119 35 256
16639 120 90 256
16640 121 70 256
16641 122 135 256
16642 124 16 256
16643 1 94 257
16644 2 99 257
16645 3 94 257
16646 4 24 257
16647 5 202 257
16648 6 124 257
16649 7 151 257
16650 8 96 257
16651 9 159 257
16652 10 39 257
16653 11 134 257
16654 12 148 257
16655 13 255 257
16656 14 97 257
16657 15 60 257
16658 16 41 257
16659 17 134 257
16660 18 189 257
16661 19 50 257
16662 20 7 257
16663 21 134 257
16664 22 5 257
16665 23 116 257
16666 24 94 257
16667 25 71 257
16668 26 150 257
16669 27 142 257
16670 28 3 257
16671 29 226 257
16672 30 31 257
16673 31 221 257
16674 32 213 257
16675 33 212 257
16676 34 219 257
16677 35 246 257
16678 36 66 257
16679 37 114 257
16680 38 94 257
16681 39 134 257
16682 40 163 257
16683 41 193 257
16684 42 121 257
16685 43 206 257
16686 44 111 257
16687 45 151 257
16688 46 216 257
16689 47 191 257
16690 48 247 257
16691 49 118 257
16692 50 202 257
16693 51 89 257
16694 52 3 257
16695 53 206 257
16696 54 132 257
16697 55 107 257
16698 56 179 257
16699 57 225 257
16700 58 55 257
16701 59 90 257
16702 60 17 257
16703 61 140 257
16704 62 33 257
16705 63 96 257
16706 64 9 257
16707 65 250 257
16708 66 44 257
16709 67 35 257
16710 68 188 257
16711 69 205 257
16712 70 243 257
16713 71 59 257
16714 72 79 257
16715 73 30 257
16716 74 175 257
16717 75 246 257
16718 76 51 257
16719 77 219 257
16720 78 182 257
16721 79 96 257
16722 80 149 257
16723 81 88 257
16724 82 243 257
16725 83 226 257
16726 84 111 257
16727 85 211 257
16728 86 8 257
16729 87 1 257
16730 88 78 257
16731 89 209 257
16732 90 35 257
16733 91 187 257
16734 92 89 257
16735 93 232 257
16736 94 44 257
16737 95 223 257
16738 96 41 257
16739 97 35 257
16740 98 112 257
16741 99 145 257
16742 100 241 257
16743 101 45 257
16744 102 78 257
16745 103 8 257
16746 104 188 257
16747 105 243 257
16748 106 176 257
16749 107 33 257
16750 108 79 257
16751 109 6 257
16752 110 153 257
16753 111 175 257
16754 112 41 257
16755 113 12 257
16756 114 62 257
16757 115 47 257
16758 116 47 257
16759 117 16 257
16760 118 80 257
16761 119 154 257
16762 120 173 257
16763 121 60 257
16764 122 111 257
16765 123 115 257
16766 124 82 257
16767 125 53 257
16768 126 207 257
16769 127 200 257
16770 0 221 258
16771 1 114 258
16772 2 70 258
16773 3 188 258
16774 4 246 258
16775 5 171 258
16776 6 205 258
16777 7 73 258
16778 8 90 258
16779 9 217 258
16780 10 95 258
16781 11 248 258
16782 12 34 258
16783 13 105 258
16784 14 179 258
16785 15 96 258
16786 16 108 258
16787 17 88 258
16788 18 108 258
16789 19 116 258
16790 20 253 258
16791 21 170 258
16792 22 105 258
16793 23 249 258
16794 24 73 258
16795 25 73 258
16796 26 99 258
16797 27 135 258
16798 28 43 258
16799 29 188 258
16800 30 6 258
16801 31 21 258
16802 32 219 258
16803 33 182 258
16804 34 248 258
16805 35 3 258
16806 36 216 258
16807 37 76 258
16808 38 123 258
16809 39 100 258
16810 40 237 258
16811 41 230 258
16812 42 138 258
16813 43 236 258
16814 44 176 258
16815 45 27 258
16816 46 186 258
16817 47 209 258
16818 48 141 258
16819 49 150 258
16820 50 41 258
16821 51 84 258
16822 52 205 258
16823 53 32 258
16824 54 134 258
16825 55 42 258
16826 56 185 258
16827 57 210 258
16828 58 74 258
16829 59 23 258
16830 60 120 258
16831 61 59 258
16832 62 198 258
16833 63 246 258
16834 64 23 258
16835 65 136 258
16836 66 154 258
16837 67 191 258
16838 68 208 258
16839 69 190 258
16840 70 226 258
16841 71 17 258
16842 72 30 258
16843 73 13 258
16844 74 227 258
16845 75 7 258
16846 76 89 258
16847 77 27 258
16848 78 137 258
16849 79 254 258
16850 80 113 258
16851 81 184 258
16852 82 114 258
16853 83 66 258
16854 84 212 258
16855 85 73 258
16856 86 125 258
16857 87 135 258
16858 88 136 258
16859 89 159 258
16860 90 195 258
16861 91 141 258
16862 92 184 258
16863 93 161 258
16864 94 114 258
16865 95 223 258
16866 96 216 258
16867 97 223 258
16868 98 175 258
16869 99 66 258
16870 100 176 258
16871 101 231 258
16872 102 133 258
16873 103 220 258
16874 104 185 258
16875 105 23 258
16876 106 249 258
16877 107 3 258
16878 108 42 258
16879 109 124 258
16880 110 83 258
16881 111 24 258
16882 112 5 258
16883 113 104 258
16884 114 116 258
16885 115 236 258
16886 116 9 258
16887 117 152 258
16888 118 94 258
16889 119 131 258
16890 120 177 258
16891 121 82 258
16892 122 193 258
16893 123 156 258
16894 124 14 258
16895 125 221 258
16896 126 62 258
16897 127 192 258
16898 128 117 258
16899 129 243 258
16900 0 154 259
16901 1 89 259
16902 2 45 259
16903 3 202 259
16904 4 52 259
16905 5 153 259
16906 6 139 259
16907 7 90 259
16908 8 190 259
16909 9 141 259
16910 10 111 259
16911 11 141 259
16912 12 53 259
16913 13 81 259
16914 14 189 259
16915 15 31 259
16916 16 250 259
16917 17 93 259
16918 18 211 259
16919 19 254 259
16920 20 91 259
16921 21 41 259
16922 22 115 259
16923 23 124 259
16924 24 61 259
16925 25 97 259
16926 26 200 259
16927 27 71 259
16928 28 135 259
16929 29 58 259
16930 30 103 259
16931 31 135 259
16932 32 173 259
16933 33 174 259
16934 34 108 259
16935 35 190 259
16936 36 178 259
16937 37 68 259
16938 38 111 259
16939 39 15 259
16940 40 53 259
16941 41 6 259
16942 42 7 259
16943 43 39 259
16944 44 31 259
16945 45 28 259
16946 46 240 259
16947 47 105 259
16948 48 182 259
16949 49 173 259
16950 50 98 259
16951 51 82 259
16952 52 107 259
16953 53 64 259
16954 54 242 259
16955 55 245 259
16956 56 115 259
16957 57 67 259
16958 58 70 259
16959 59 45 259
16960 60 29 259
16961 61 174 259
16962 62 159 259
16963 63 179 259
16964 64 214 259
16965 65 190 259
16966 66 137 259
16967 67 76 259
16968 68 160 259
16969 69 201 259
16970 70 82 259
16971 71 22 259
16972 72 102 259
16973 73 102 259
16974 74 187 259
16975 75 231 259
16976 76 196 259
16977 77 103 259
16978 78 116 259
16979 79 231 259
16980 80 100 259
16981 81 215 259
16982 82 143 259
16983 83 188 259
16984 84 39 259
16985 85 86 259
16986 86 224 259
16987 87 184 259
16988 88 14 259
16989 89 201 259
16990 90 154 259
16991 91 96 259
16992 92 94 259
16993 93 228 259
16994 94 249 259
16995 95 210 259
16996 96 24 259
16997 97 67 259
16998 98 51 259
16999 99 158 259
17000 100 166 259
17001 101 70 259
17002 102 19 259
17003 103 1 259
17004 104 241 259
17005 105 6 259
17006 106 110 259
17007 107 29 259
17008 108 47 259
17009 109 13 259
17010 110 254 259
17011 111 193 259
weights 260 260 260 260 260 260 260 260 260 260 260 260 260 260 260 260 260 260 260 260 260 260 260 260 260 260 260 260 260 260 260 260 260 260 260 260 260 260 260 260 260 260 260 260 260 260 260 260 260 260 260 260 260 260 260 260 260 260 260 260 260 260 260 260 260 260 260 260 260 260 260 260 260 260 260 260 260 260 260 260 260 260 260 260 260 260 260 260 260 260 260 260 260 260 260 260 260 260 260 260 260 260 260 260 260 260 260 260 260 260 260 260 259 259 259 259 259 259 259 259 259 259 259 259 259 259 259 259 259 259
