p 257 h 117 constraints 14050
0 0 1 0
1 0 1 1
2 0 1 2
3 0 1 3
4 0 1 4
5 0 1 5
6 0 1 6
7 0 1 7
8 0 1 8
9 0 1 9
10 0 1 10
11 0 1 11
12 0 1 12
13 0 1 13
14 0 1 14
15 0 1 15
16 0 1 16
17 0 1 17
18 0 1 18
19 0 1 19
20 0 1 20
21 0 1 21
22 0 1 22
23 0 1 23
24 0 1 24
25 0 1 25
26 0 1 26
27 0 1 27
28 0 1 28
29 0 1 29
30 0 1 30
31 0 1 31
32 0 1 32
33 0 1 33
34 0 1 34
35 0 1 35
36 0 1 36
37 0 1 37
38 0 1 38
39 0 1 39
40 0 1 40
41 0 1 41
42 0 1 42
43 0 1 43
44 0 1 44
45 0 1 45
46 0 1 46
47 0 1 47
48 0 1 48
49 0 1 49
50 0 1 50
51 0 1 51
52 0 1 52
53 0 1 53
54 0 1 54
55 0 1 55
56 0 1 56
57 0 1 57
58 0 1 58
59 0 1 59
60 1 1 2
61 1 1 3
62 1 1 4
63 1 1 5
64 1 1 6
65 1 1 7
66 1 1 8
67 1 1 9
68 1 1 10
69 1 1 11
70 1 1 12
71 1 1 13
72 1 1 14
73 1 1 15
74 1 1 16
75 1 1 17
76 1 1 18
77 1 1 19
78 1 1 20
79 1 1 21
80 1 1 22
81 1 1 23
82 1 1 24
83 1 1 25
84 1 1 26
85 1 1 27
86 1 1 28
87 1 1 29
88 1 1 30
89 1 1 31
90 1 1 32
91 1 1 33
92 1 1 34
93 1 1 35
94 1 1 36
95 1 1 37
96 1 1 38
97 1 1 39
98 1 1 40
99 1 1 41
100 1 1 42
101 1 1 43
102 1 1 44
103 1 1 45
104 1 1 46
105 1 1 47
106 1 1 48
107 1 1 49
108 1 1 50
109 1 1 51
110 1 1 52
111 1 1 53
112 1 1 54
113 1 1 55
114 1 1 56
115 1 1 57
116 1 1 58
117 1 1 59
118 1 1 60
119 2 1 4
120 2 1 5
121 2 1 6
122 2 1 7
123 2 1 8
124 2 1 9
125 2 1 10
126 2 1 11
127 2 1 12
128 2 1 13
129 2 1 14
130 2 1 15
131 2 1 16
132 2 1 17
133 2 1 18
134 2 1 19
135 2 1 20
136 2 1 21
137 2 1 22
138 2 1 23
139 2 1 24
140 2 1 25
141 2 1 26
142 2 1 27
143 2 1 28
144 2 1 29
145 2 1 30
146 2 1 31
147 2 1 32
148 2 1 33
149 2 1 34
150 2 1 35
151 2 1 36
152 2 1 37
153 2 1 38
154 2 1 39
155 2 1 40
156 2 1 41
157 2 1 42
158 2 1 43
159 2 1 44
160 2 1 45
161 2 1 46
162 2 1 47
163 2 1 48
164 2 1 49
165 2 1 50
166 2 1 51
167 2 1 52
168 2 1 53
169 2 1 54
170 2 1 55
171 2 1 56
172 2 1 57
173 2 1 58
174 2 1 59
175 2 1 60
176 2 1 61
177 3 1 6
178 3 1 7
179 3 1 8
180 3 1 9
181 3 1 10
182 3 1 11
183 3 1 12
184 3 1 13
185 3 1 14
186 3 1 15
187 3 1 16
188 3 1 17
189 3 1 18
190 3 1 19
191 3 1 20
192 3 1 21
193 3 1 22
194 3 1 23
195 3 1 24
196 3 1 25
197 3 1 26
198 3 1 27
199 3 1 28
200 3 1 29
201 3 1 30
202 3 1 31
203 3 1 32
204 3 1 33
205 3 1 34
206 3 1 35
207 3 1 36
208 3 1 37
209 3 1 38
210 3 1 39
211 3 1 40
212 3 1 41
213 3 1 42
214 3 1 43
215 3 1 44
216 3 1 45
217 3 1 46
218 3 1 47
219 3 1 48
220 3 1 49
221 3 1 50
222 3 1 51
223 3 1 52
224 3 1 53
225 3 1 54
226 3 1 55
227 3 1 56
228 3 1 57
229 3 1 58
230 3 1 59
231 3 1 60
232 3 1 61
233 3 1 62
234 4 1 8
235 4 1 9
236 4 1 10
237 4 1 11
238 4 1 12
239 4 1 13
240 4 1 14
241 4 1 15
242 4 1 16
243 4 1 17
244 4 1 18
245 4 1 19
246 4 1 20
247 4 1 21
248 4 1 22
249 4 1 23
250 4 1 24
251 4 1 25
252 4 1 26
253 4 1 27
254 4 1 28
255 4 1 29
256 4 1 30
257 4 1 31
258 4 1 32
259 4 1 33
260 4 1 34
261 4 1 35
262 4 1 36
263 4 1 37
264 4 1 38
265 4 1 39
266 4 1 40
267 4 1 41
268 4 1 42
269 4 1 43
270 4 1 44
271 4 1 45
272 4 1 46
273 4 1 47
274 4 1 48
275 4 1 49
276 4 1 50
277 4 1 51
278 4 1 52
279 4 1 53
280 4 1 54
281 4 1 55
282 4 1 56
283 4 1 57
284 4 1 58
285 4 1 59
286 4 1 60
287 4 1 61
288 4 1 62
289 4 1 63
290 5 1 10
291 5 1 11
292 5 1 12
293 5 1 13
294 5 1 14
295 5 1 15
296 5 1 16
297 5 1 17
298 5 1 18
299 5 1 19
300 5 1 20
301 5 1 21
302 5 1 22
303 5 1 23
304 5 1 24
305 5 1 25
306 5 1 26
307 5 1 27
308 5 1 28
309 5 1 29
310 5 1 30
311 5 1 31
312 5 1 32
313 5 1 33
314 5 1 34
315 5 1 35
316 5 1 36
317 5 1 37
318 5 1 38
319 5 1 39
320 5 1 40
321 5 1 41
322 5 1 42
323 5 1 43
324 5 1 44
325 5 1 45
326 5 1 46
327 5 1 47
328 5 1 48
329 5 1 49
330 5 1 50
331 5 1 51
332 5 1 52
333 5 1 53
334 5 1 54
335 5 1 55
336 5 1 56
337 5 1 57
338 5 1 58
339 5 1 59
340 5 1 60
341 5 1 61
342 5 1 62
343 5 1 63
344 5 1 64
345 6 1 12
346 6 1 13
347 6 1 14
348 6 1 15
349 6 1 16
350 6 1 17
351 6 1 18
352 6 1 19
353 6 1 20
354 6 1 21
355 6 1 22
356 6 1 23
357 6 1 24
358 6 1 25
359 6 1 26
360 6 1 27
361 6 1 28
362 6 1 29
363 6 1 30
364 6 1 31
365 6 1 32
366 6 1 33
367 6 1 34
368 6 1 35
369 6 1 36
370 6 1 37
371 6 1 38
372 6 1 39
373 6 1 40
374 6 1 41
375 6 1 42
376 6 1 43
377 6 1 44
378 6 1 45
379 6 1 46
380 6 1 47
381 6 1 48
382 6 1 49
383 6 1 50
384 6 1 51
385 6 1 52
386 6 1 53
387 6 1 54
388 6 1 55
389 6 1 56
390 6 1 57
391 6 1 58
392 6 1 59
393 6 1 60
394 6 1 61
395 6 1 62
396 6 1 63
397 6 1 64
398 6 1 65
399 7 1 14
400 7 1 15
401 7 1 16
402 7 1 17
403 7 1 18
404 7 1 19
405 7 1 20
406 7 1 21
407 7 1 22
408 7 1 23
409 7 1 24
410 7 1 25
411 7 1 26
412 7 1 27
413 7 1 28
414 7 1 29
415 7 1 30
416 7 1 31
417 7 1 32
418 7 1 33
419 7 1 34
420 7 1 35
421 7 1 36
422 7 1 37
423 7 1 38
424 7 1 39
425 7 1 40
426 7 1 41
427 7 1 42
428 7 1 43
429 7 1 44
430 7 1 45
431 7 1 46
432 7 1 47
433 7 1 48
434 7 1 49
435 7 1 50
436 7 1 51
437 7 1 52
438 7 1 53
439 7 1 54
440 7 1 55
441 7 1 56
442 7 1 57
443 7 1 58
444 7 1 59
445 7 1 60
446 7 1 61
447 7 1 62
448 7 1 63
449 7 1 64
450 7 1 65
451 7 1 66
452 8 1 16
453 8 1 17
454 8 1 18
455 8 1 19
456 8 1 20
457 8 1 21
458 8 1 22
459 8 1 23
460 8 1 24
461 8 1 25
462 8 1 26
463 8 1 27
464 8 1 28
465 8 1 29
466 8 1 30
467 8 1 31
468 8 1 32
469 8 1 33
470 8 1 34
471 8 1 35
472 8 1 36
473 8 1 37
474 8 1 38
475 8 1 39
476 8 1 40
477 8 1 41
478 8 1 42
479 8 1 43
480 8 1 44
481 8 1 45
482 8 1 46
483 8 1 47
484 8 1 48
485 8 1 49
486 8 1 50
487 8 1 51
488 8 1 52
489 8 1 53
490 8 1 54
491 8 1 55
492 8 1 56
493 8 1 57
494 8 1 58
495 8 1 59
496 8 1 60
497 8 1 61
498 8 1 62
499 8 1 63
500 8 1 64
501 8 1 65
502 8 1 66
503 8 1 67
504 9 1 18
505 9 1 19
506 9 1 20
507 9 1 21
508 9 1 22
509 9 1 23
510 9 1 24
511 9 1 25
512 9 1 26
513 9 1 27
514 9 1 28
515 9 1 29
516 9 1 30
517 9 1 31
518 9 1 32
519 9 1 33
520 9 1 34
521 9 1 35
522 9 1 36
523 9 1 37
524 9 1 38
525 9 1 39
526 9 1 40
527 9 1 41
528 9 1 42
529 9 1 43
530 9 1 44
531 9 1 45
532 9 1 46
533 9 1 47
534 9 1 48
535 9 1 49
536 9 1 50
537 9 1 51
538 9 1 52
539 9 1 53
540 9 1 54
541 9 1 55
542 9 1 56
543 9 1 57
544 9 1 58
545 9 1 59
546 9 1 60
547 9 1 61
548 9 1 62
549 9 1 63
550 9 1 64
551 9 1 65
552 9 1 66
553 9 1 67
554 9 1 68
555 10 1 20
556 10 1 21
557 10 1 22
558 10 1 23
559 10 1 24
560 10 1 25
561 10 1 26
562 10 1 27
563 10 1 28
564 10 1 29
565 10 1 30
566 10 1 31
567 10 1 32
568 10 1 33
569 10 1 34
570 10 1 35
571 10 1 36
572 10 1 37
573 10 1 38
574 10 1 39
575 10 1 40
576 10 1 41
577 10 1 42
578 10 1 43
579 10 1 44
580 10 1 45
581 10 1 46
582 10 1 47
583 10 1 48
584 10 1 49
585 10 1 50
586 10 1 51
587 10 1 52
588 10 1 53
589 10 1 54
590 10 1 55
591 10 1 56
592 10 1 57
593 10 1 58
594 10 1 59
595 10 1 60
596 10 1 61
597 10 1 62
598 10 1 63
599 10 1 64
600 10 1 65
601 10 1 66
602 10 1 67
603 10 1 68
604 10 1 69
605 11 1 22
606 11 1 23
607 11 1 24
608 11 1 25
609 11 1 26
610 11 1 27
611 11 1 28
612 11 1 29
613 11 1 30
614 11 1 31
615 11 1 32
616 11 1 33
617 11 1 34
618 11 1 35
619 11 1 36
620 11 1 37
621 11 1 38
622 11 1 39
623 11 1 40
624 11 1 41
625 11 1 42
626 11 1 43
627 11 1 44
628 11 1 45
629 11 1 46
630 11 1 47
631 11 1 48
632 11 1 49
633 11 1 50
634 11 1 51
635 11 1 52
636 11 1 53
637 11 1 54
638 11 1 55
639 11 1 56
640 11 1 57
641 11 1 58
642 11 1 59
643 11 1 60
644 11 1 61
645 11 1 62
646 11 1 63
647 11 1 64
648 11 1 65
649 11 1 66
650 11 1 67
651 11 1 68
652 11 1 69
653 11 1 70
654 12 1 24
655 12 1 25
656 12 1 26
657 12 1 27
658 12 1 28
659 12 1 29
660 12 1 30
661 12 1 31
662 12 1 32
663 12 1 33
664 12 1 34
665 12 1 35
666 12 1 36
667 12 1 37
668 12 1 38
669 12 1 39
670 12 1 40
671 12 1 41
672 12 1 42
673 12 1 43
674 12 1 44
675 12 1 45
676 12 1 46
677 12 1 47
678 12 1 48
679 12 1 49
680 12 1 50
681 12 1 51
682 12 1 52
683 12 1 53
684 12 1 54
685 12 1 55
686 12 1 56
687 12 1 57
688 12 1 58
689 12 1 59
690 12 1 60
691 12 1 61
692 12 1 62
693 12 1 63
694 12 1 64
695 12 1 65
696 12 1 66
697 12 1 67
698 12 1 68
699 12 1 69
700 12 1 70
701 12 1 71
702 13 1 26
703 13 1 27
704 13 1 28
705 13 1 29
706 13 1 30
707 13 1 31
708 13 1 32
709 13 1 33
710 13 1 34
711 13 1 35
712 13 1 36
713 13 1 37
714 13 1 38
715 13 1 39
716 13 1 40
717 13 1 41
718 13 1 42
719 13 1 43
720 13 1 44
721 13 1 45
722 13 1 46
723 13 1 47
724 13 1 48
725 13 1 49
726 13 1 50
727 13 1 51
728 13 1 52
729 13 1 53
730 13 1 54
731 13 1 55
732 13 1 56
733 13 1 57
734 13 1 58
735 13 1 59
736 13 1 60
737 13 1 61
738 13 1 62
739 13 1 63
740 13 1 64
741 13 1 65
742 13 1 66
743 13 1 67
744 13 1 68
745 13 1 69
746 13 1 70
747 13 1 71
748 13 1 72
749 14 1 28
750 14 1 29
751 14 1 30
752 14 1 31
753 14 1 32
754 14 1 33
755 14 1 34
756 14 1 35
757 14 1 36
758 14 1 37
759 14 1 38
760 14 1 39
761 14 1 40
762 14 1 41
763 14 1 42
764 14 1 43
765 14 1 44
766 14 1 45
767 14 1 46
768 14 1 47
769 14 1 48
770 14 1 49
771 14 1 50
772 14 1 51
773 14 1 52
774 14 1 53
775 14 1 54
776 14 1 55
777 14 1 56
778 14 1 57
779 14 1 58
780 14 1 59
781 14 1 60
782 14 1 61
783 14 1 62
784 14 1 63
785 14 1 64
786 14 1 65
787 14 1 66
788 14 1 67
789 14 1 68
790 14 1 69
791 14 1 70
792 14 1 71
793 14 1 72
794 14 1 73
795 15 1 30
796 15 1 31
797 15 1 32
798 15 1 33
799 15 1 34
800 15 1 35
801 15 1 36
802 15 1 37
803 15 1 38
804 15 1 39
805 15 1 40
806 15 1 41
807 15 1 42
808 15 1 43
809 15 1 44
810 15 1 45
811 15 1 46
812 15 1 47
813 15 1 48
814 15 1 49
815 15 1 50
816 15 1 51
817 15 1 52
818 15 1 53
819 15 1 54
820 15 1 55
821 15 1 56
822 15 1 57
823 15 1 58
824 15 1 59
825 15 1 60
826 15 1 61
827 15 1 62
828 15 1 63
829 15 1 64
830 15 1 65
831 15 1 66
832 15 1 67
833 15 1 68
834 15 1 69
835 15 1 70
836 15 1 71
837 15 1 72
838 15 1 73
839 15 1 74
840 16 1 32
841 16 1 33
842 16 1 34
843 16 1 35
844 16 1 36
845 16 1 37
846 16 1 38
847 16 1 39
848 16 1 40
849 16 1 41
850 16 1 42
851 16 1 43
852 16 1 44
853 16 1 45
854 16 1 46
855 16 1 47
856 16 1 48
857 16 1 49
858 16 1 50
859 16 1 51
860 16 1 52
861 16 1 53
862 16 1 54
863 16 1 55
864 16 1 56
865 16 1 57
866 16 1 58
867 16 1 59
868 16 1 60
869 16 1 61
870 16 1 62
871 16 1 63
872 16 1 64
873 16 1 65
874 16 1 66
875 16 1 67
876 16 1 68
877 16 1 69
878 16 1 70
879 16 1 71
880 16 1 72
881 16 1 73
882 16 1 74
883 16 1 75
884 17 1 34
885 17 1 35
886 17 1 36
887 17 1 37
888 17 1 38
889 17 1 39
890 17 1 40
891 17 1 41
892 17 1 42
893 17 1 43
894 17 1 44
895 17 1 45
896 17 1 46
897 17 1 47
898 17 1 48
899 17 1 49
900 17 1 50
901 17 1 51
902 17 1 52
903 17 1 53
904 17 1 54
905 17 1 55
906 17 1 56
907 17 1 57
908 17 1 58
909 17 1 59
910 17 1 60
911 17 1 61
912 17 1 62
913 17 1 63
914 17 1 64
915 17 1 65
916 17 1 66
917 17 1 67
918 17 1 68
919 17 1 69
920 17 1 70
921 17 1 71
922 17 1 72
923 17 1 73
924 17 1 74
925 17 1 75
926 17 1 76
927 18 1 36
928 18 1 37
929 18 1 38
930 18 1 39
931 18 1 40
932 18 1 41
933 18 1 42
934 18 1 43
935 18 1 44
936 18 1 45
937 18 1 46
938 18 1 47
939 18 1 48
940 18 1 49
941 18 1 50
942 18 1 51
943 18 1 52
944 18 1 53
945 18 1 54
946 18 1 55
947 18 1 56
948 18 1 57
949 18 1 58
950 18 1 59
951 18 1 60
952 18 1 61
953 18 1 62
954 18 1 63
955 18 1 64
956 18 1 65
957 18 1 66
958 18 1 67
959 18 1 68
960 18 1 69
961 18 1 70
962 18 1 71
963 18 1 72
964 18 1 73
965 18 1 74
966 18 1 75
967 18 1 76
968 18 1 77
969 19 1 38
970 19 1 39
971 19 1 40
972 19 1 41
973 19 1 42
974 19 1 43
975 19 1 44
976 19 1 45
977 19 1 46
978 19 1 47
979 19 1 48
980 19 1 49
981 19 1 50
982 19 1 51
983 19 1 52
984 19 1 53
985 19 1 54
986 19 1 55
987 19 1 56
988 19 1 57
989 19 1 58
990 19 1 59
991 19 1 60
992 19 1 61
993 19 1 62
994 19 1 63
995 19 1 64
996 19 1 65
997 19 1 66
998 19 1 67
999 19 1 68
1000 19 1 69
1001 19 1 70
1002 19 1 71
1003 19 1 72
1004 19 1 73
1005 19 1 74
1006 19 1 75
1007 19 1 76
1008 19 1 77
1009 19 1 78
1010 20 1 40
1011 20 1 41
1012 20 1 42
1013 20 1 43
1014 20 1 44
1015 20 1 45
1016 20 1 46
1017 20 1 47
1018 20 1 48
1019 20 1 49
1020 20 1 50
1021 20 1 51
1022 20 1 52
1023 20 1 53
1024 20 1 54
1025 20 1 55
1026 20 1 56
1027 20 1 57
1028 20 1 58
1029 20 1 59
1030 20 1 60
1031 20 1 61
1032 20 1 62
1033 20 1 63
1034 20 1 64
1035 20 1 65
1036 20 1 66
1037 20 1 67
1038 20 1 68
1039 20 1 69
1040 20 1 70
1041 20 1 71
1042 20 1 72
1043 20 1 73
1044 20 1 74
1045 20 1 75
1046 20 1 76
1047 20 1 77
1048 20 1 78
1049 20 1 79
1050 21 1 42
1051 21 1 43
1052 21 1 44
1053 21 1 45
1054 21 1 46
1055 21 1 47
1056 21 1 48
1057 21 1 49
1058 21 1 50
1059 21 1 51
1060 21 1 52
1061 21 1 53
1062 21 1 54
1063 21 1 55
1064 21 1 56
1065 21 1 57
1066 21 1 58
1067 21 1 59
1068 21 1 60
1069 21 1 61
1070 21 1 62
1071 21 1 63
1072 21 1 64
1073 21 1 65
1074 21 1 66
1075 21 1 67
1076 21 1 68
1077 21 1 69
1078 21 1 70
1079 21 1 71
1080 21 1 72
1081 21 1 73
1082 21 1 74
1083 21 1 75
1084 21 1 76
1085 21 1 77
1086 21 1 78
1087 21 1 79
1088 21 1 80
1089 22 1 44
1090 22 1 45
1091 22 1 46
1092 22 1 47
1093 22 1 48
1094 22 1 49
1095 22 1 50
1096 22 1 51
1097 22 1 52
1098 22 1 53
1099 22 1 54
1100 22 1 55
1101 22 1 56
1102 22 1 57
1103 22 1 58
1104 22 1 59
1105 22 1 60
1106 22 1 61
1107 22 1 62
1108 22 1 63
1109 22 1 64
1110 22 1 65
1111 22 1 66
1112 22 1 67
1113 22 1 68
1114 22 1 69
1115 22 1 70
1116 22 1 71
1117 22 1 72
1118 22 1 73
1119 22 1 74
1120 22 1 75
1121 22 1 76
1122 22 1 77
1123 22 1 78
1124 22 1 79
1125 22 1 80
1126 22 1 81
1127 23 1 46
1128 23 1 47
1129 23 1 48
1130 23 1 49
1131 23 1 50
1132 23 1 51
1133 23 1 52
1134 23 1 53
1135 23 1 54
1136 23 1 55
1137 23 1 56
1138 23 1 57
1139 23 1 58
1140 23 1 59
1141 23 1 60
1142 23 1 61
1143 23 1 62
1144 23 1 63
1145 23 1 64
1146 23 1 65
1147 23 1 66
1148 23 1 67
1149 23 1 68
1150 23 1 69
1151 23 1 70
1152 23 1 71
1153 23 1 72
1154 23 1 73
1155 23 1 74
1156 23 1 75
1157 23 1 76
1158 23 1 77
1159 23 1 78
1160 23 1 79
1161 23 1 80
1162 23 1 81
1163 23 1 82
1164 24 1 48
1165 24 1 49
1166 24 1 50
1167 24 1 51
1168 24 1 52
1169 24 1 53
1170 24 1 54
1171 24 1 55
1172 24 1 56
1173 24 1 57
1174 24 1 58
1175 24 1 59
1176 24 1 60
1177 24 1 61
1178 24 1 62
1179 24 1 63
1180 24 1 64
1181 24 1 65
1182 24 1 66
1183 24 1 67
1184 24 1 68
1185 24 1 69
1186 24 1 70
1187 24 1 71
1188 24 1 72
1189 24 1 73
1190 24 1 74
1191 24 1 75
1192 24 1 76
1193 24 1 77
1194 24 1 78
1195 24 1 79
1196 24 1 80
1197 24 1 81
1198 24 1 82
1199 24 1 83
1200 25 1 50
1201 25 1 51
1202 25 1 52
1203 25 1 53
1204 25 1 54
1205 25 1 55
1206 25 1 56
1207 25 1 57
1208 25 1 58
1209 25 1 59
1210 25 1 60
1211 25 1 61
1212 25 1 62
1213 25 1 63
1214 25 1 64
1215 25 1 65
1216 25 1 66
1217 25 1 67
1218 25 1 68
1219 25 1 69
1220 25 1 70
1221 25 1 71
1222 25 1 72
1223 25 1 73
1224 25 1 74
1225 25 1 75
1226 25 1 76
1227 25 1 77
1228 25 1 78
1229 25 1 79
1230 25 1 80
1231 25 1 81
1232 25 1 82
1233 25 1 83
1234 25 1 84
1235 26 1 52
1236 26 1 53
1237 26 1 54
1238 26 1 55
1239 26 1 56
1240 26 1 57
1241 26 1 58
1242 26 1 59
1243 26 1 60
1244 26 1 61
1245 26 1 62
1246 26 1 63
1247 26 1 64
1248 26 1 65
1249 26 1 66
1250 26 1 67
1251 26 1 68
1252 26 1 69
1253 26 1 70
1254 26 1 71
1255 26 1 72
1256 26 1 73
1257 26 1 74
1258 26 1 75
1259 26 1 76
1260 26 1 77
1261 26 1 78
1262 26 1 79
1263 26 1 80
1264 26 1 81
1265 26 1 82
1266 26 1 83
1267 26 1 84
1268 26 1 85
1269 27 1 54
1270 27 1 55
1271 27 1 56
1272 27 1 57
1273 27 1 58
1274 27 1 59
1275 27 1 60
1276 27 1 61
1277 27 1 62
1278 27 1 63
1279 27 1 64
1280 27 1 65
1281 27 1 66
1282 27 1 67
1283 27 1 68
1284 27 1 69
1285 27 1 70
1286 27 1 71
1287 27 1 72
1288 27 1 73
1289 27 1 74
1290 27 1 75
1291 27 1 76
1292 27 1 77
1293 27 1 78
1294 27 1 79
1295 27 1 80
1296 27 1 81
1297 27 1 82
1298 27 1 83
1299 27 1 84
1300 27 1 85
1301 27 1 86
1302 28 1 56
1303 28 1 57
1304 28 1 58
1305 28 1 59
1306 28 1 60
1307 28 1 61
1308 28 1 62
1309 28 1 63
1310 28 1 64
1311 28 1 65
1312 28 1 66
1313 28 1 67
1314 28 1 68
1315 28 1 69
1316 28 1 70
1317 28 1 71
1318 28 1 72
1319 28 1 73
1320 28 1 74
1321 28 1 75
1322 28 1 76
1323 28 1 77
1324 28 1 78
1325 28 1 79
1326 28 1 80
1327 28 1 81
1328 28 1 82
1329 28 1 83
1330 28 1 84
1331 28 1 85
1332 28 1 86
1333 28 1 87
1334 29 1 58
1335 29 1 59
1336 29 1 60
1337 29 1 61
1338 29 1 62
1339 29 1 63
1340 29 1 64
1341 29 1 65
1342 29 1 66
1343 29 1 67
1344 29 1 68
1345 29 1 69
1346 29 1 70
1347 29 1 71
1348 29 1 72
1349 29 1 73
1350 29 1 74
1351 29 1 75
1352 29 1 76
1353 29 1 77
1354 29 1 78
1355 29 1 79
1356 29 1 80
1357 29 1 81
1358 29 1 82
1359 29 1 83
1360 29 1 84
1361 29 1 85
1362 29 1 86
1363 29 1 87
1364 29 1 88
1365 30 1 60
1366 30 1 61
1367 30 1 62
1368 30 1 63
1369 30 1 64
1370 30 1 65
1371 30 1 66
1372 30 1 67
1373 30 1 68
1374 30 1 69
1375 30 1 70
1376 30 1 71
1377 30 1 72
1378 30 1 73
1379 30 1 74
1380 30 1 75
1381 30 1 76
1382 30 1 77
1383 30 1 78
1384 30 1 79
1385 30 1 80
1386 30 1 81
1387 30 1 82
1388 30 1 83
1389 30 1 84
1390 30 1 85
1391 30 1 86
1392 30 1 87
1393 30 1 88
1394 30 1 89
1395 31 1 62
1396 31 1 63
1397 31 1 64
1398 31 1 65
1399 31 1 66
1400 31 1 67
1401 31 1 68
1402 31 1 69
1403 31 1 70
1404 31 1 71
1405 31 1 72
1406 31 1 73
1407 31 1 74
1408 31 1 75
1409 31 1 76
1410 31 1 77
1411 31 1 78
1412 31 1 79
1413 31 1 80
1414 31 1 81
1415 31 1 82
1416 31 1 83
1417 31 1 84
1418 31 1 85
1419 31 1 86
1420 31 1 87
1421 31 1 88
1422 31 1 89
1423 31 1 90
1424 32 1 64
1425 32 1 65
1426 32 1 66
1427 32 1 67
1428 32 1 68
1429 32 1 69
1430 32 1 70
1431 32 1 71
1432 32 1 72
1433 32 1 73
1434 32 1 74
1435 32 1 75
1436 32 1 76
1437 32 1 77
1438 32 1 78
1439 32 1 79
1440 32 1 80
1441 32 1 81
1442 32 1 82
1443 32 1 83
1444 32 1 84
1445 32 1 85
1446 32 1 86
1447 32 1 87
1448 32 1 88
1449 32 1 89
1450 32 1 90
1451 32 1 91
1452 33 1 66
1453 33 1 67
1454 33 1 68
1455 33 1 69
1456 33 1 70
1457 33 1 71
1458 33 1 72
1459 33 1 73
1460 33 1 74
1461 33 1 75
1462 33 1 76
1463 33 1 77
1464 33 1 78
1465 33 1 79
1466 33 1 80
1467 33 1 81
1468 33 1 82
1469 33 1 83
1470 33 1 84
1471 33 1 85
1472 33 1 86
1473 33 1 87
1474 33 1 88
1475 33 1 89
1476 33 1 90
1477 33 1 91
1478 33 1 92
1479 34 1 68
1480 34 1 69
1481 34 1 70
1482 34 1 71
1483 34 1 72
1484 34 1 73
1485 34 1 74
1486 34 1 75
1487 34 1 76
1488 34 1 77
1489 34 1 78
1490 34 1 79
1491 34 1 80
1492 34 1 81
1493 34 1 82
1494 34 1 83
1495 34 1 84
1496 34 1 85
1497 34 1 86
1498 34 1 87
1499 34 1 88
1500 34 1 89
1501 34 1 90
1502 34 1 91
1503 34 1 92
1504 34 1 93
1505 35 1 70
1506 35 1 71
1507 35 1 72
1508 35 1 73
1509 35 1 74
1510 35 1 75
1511 35 1 76
1512 35 1 77
1513 35 1 78
1514 35 1 79
1515 35 1 80
1516 35 1 81
1517 35 1 82
1518 35 1 83
1519 35 1 84
1520 35 1 85
1521 35 1 86
1522 35 1 87
1523 35 1 88
1524 35 1 89
1525 35 1 90
1526 35 1 91
1527 35 1 92
1528 35 1 93
1529 35 1 94
1530 36 1 72
1531 36 1 73
1532 36 1 74
1533 36 1 75
1534 36 1 76
1535 36 1 77
1536 36 1 78
1537 36 1 79
1538 36 1 80
1539 36 1 81
1540 36 1 82
1541 36 1 83
1542 36 1 84
1543 36 1 85
1544 36 1 86
1545 36 1 87
1546 36 1 88
1547 36 1 89
1548 36 1 90
1549 36 1 91
1550 36 1 92
1551 36 1 93
1552 36 1 94
1553 36 1 95
1554 37 1 74
1555 37 1 75
1556 37 1 76
1557 37 1 77
1558 37 1 78
1559 37 1 79
1560 37 1 80
1561 37 1 81
1562 37 1 82
1563 37 1 83
1564 37 1 84
1565 37 1 85
1566 37 1 86
1567 37 1 87
1568 37 1 88
1569 37 1 89
1570 37 1 90
1571 37 1 91
1572 37 1 92
1573 37 1 93
1574 37 1 94
1575 37 1 95
1576 37 1 96
1577 38 1 76
1578 38 1 77
1579 38 1 78
1580 38 1 79
1581 38 1 80
1582 38 1 81
1583 38 1 82
1584 38 1 83
1585 38 1 84
1586 38 1 85
1587 38 1 86
1588 38 1 87
1589 38 1 88
1590 38 1 89
1591 38 1 90
1592 38 1 91
1593 38 1 92
1594 38 1 93
1595 38 1 94
1596 38 1 95
1597 38 1 96
1598 38 1 97
1599 39 1 78
1600 39 1 79
1601 39 1 80
1602 39 1 81
1603 39 1 82
1604 39 1 83
1605 39 1 84
1606 39 1 85
1607 39 1 86
1608 39 1 87
1609 39 1 88
1610 39 1 89
1611 39 1 90
1612 39 1 91
1613 39 1 92
1614 39 1 93
1615 39 1 94
1616 39 1 95
1617 39 1 96
1618 39 1 97
1619 39 1 98
1620 40 1 80
1621 40 1 81
1622 40 1 82
1623 40 1 83
1624 40 1 84
1625 40 1 85
1626 40 1 86
1627 40 1 87
1628 40 1 88
1629 40 1 89
1630 40 1 90
1631 40 1 91
1632 40 1 92
1633 40 1 93
1634 40 1 94
1635 40 1 95
1636 40 1 96
1637 40 1 97
1638 40 1 98
1639 40 1 99
1640 41 1 82
1641 41 1 83
1642 41 1 84
1643 41 1 85
1644 41 1 86
1645 41 1 87
1646 41 1 88
1647 41 1 89
1648 41 1 90
1649 41 1 91
1650 41 1 92
1651 41 1 93
1652 41 1 94
1653 41 1 95
1654 41 1 96
1655 41 1 97
1656 41 1 98
1657 41 1 99
1658 41 1 100
1659 42 1 84
1660 42 1 85
1661 42 1 86
1662 42 1 87
1663 42 1 88
1664 42 1 89
1665 42 1 90
1666 42 1 91
1667 42 1 92
1668 42 1 93
1669 42 1 94
1670 42 1 95
1671 42 1 96
1672 42 1 97
1673 42 1 98
1674 42 1 99
1675 42 1 100
1676 42 1 101
1677 43 1 86
1678 43 1 87
1679 43 1 88
1680 43 1 89
1681 43 1 90
1682 43 1 91
1683 43 1 92
1684 43 1 93
1685 43 1 94
1686 43 1 95
1687 43 1 96
1688 43 1 97
1689 43 1 98
1690 43 1 99
1691 43 1 100
1692 43 1 101
1693 43 1 102
1694 44 1 88
1695 44 1 89
1696 44 1 90
1697 44 1 91
1698 44 1 92
1699 44 1 93
1700 44 1 94
1701 44 1 95
1702 44 1 96
1703 44 1 97
1704 44 1 98
1705 44 1 99
1706 44 1 100
1707 44 1 101
1708 44 1 102
1709 44 1 103
1710 45 1 90
1711 45 1 91
1712 45 1 92
1713 45 1 93
1714 45 1 94
1715 45 1 95
1716 45 1 96
1717 45 1 97
1718 45 1 98
1719 45 1 99
1720 45 1 100
1721 45 1 101
1722 45 1 102
1723 45 1 103
1724 45 1 104
1725 46 1 92
1726 46 1 93
1727 46 1 94
1728 46 1 95
1729 46 1 96
1730 46 1 97
1731 46 1 98
1732 46 1 99
1733 46 1 100
1734 46 1 101
1735 46 1 102
1736 46 1 103
1737 46 1 104
1738 46 1 105
1739 47 1 94
1740 47 1 95
1741 47 1 96
1742 47 1 97
1743 47 1 98
1744 47 1 99
1745 47 1 100
1746 47 1 101
1747 47 1 102
1748 47 1 103
1749 47 1 104
1750 47 1 105
1751 47 1 106
1752 48 1 96
1753 48 1 97
1754 48 1 98
1755 48 1 99
1756 48 1 100
1757 48 1 101
1758 48 1 102
1759 48 1 103
1760 48 1 104
1761 48 1 105
1762 48 1 106
1763 48 1 107
1764 49 1 98
1765 49 1 99
1766 49 1 100
1767 49 1 101
1768 49 1 102
1769 49 1 103
1770 49 1 104
1771 49 1 105
1772 49 1 106
1773 49 1 107
1774 49 1 108
1775 50 1 100
1776 50 1 101
1777 50 1 102
1778 50 1 103
1779 50 1 104
1780 50 1 105
1781 50 1 106
1782 50 1 107
1783 50 1 108
1784 50 1 109
1785 51 1 102
1786 51 1 103
1787 51 1 104
1788 51 1 105
1789 51 1 106
1790 51 1 107
1791 51 1 108
1792 51 1 109
1793 51 1 110
1794 52 1 104
1795 52 1 105
1796 52 1 106
1797 52 1 107
1798 52 1 108
1799 52 1 109
1800 52 1 110
1801 52 1 111
1802 53 1 106
1803 53 1 107
1804 53 1 108
1805 53 1 109
1806 53 1 110
1807 53 1 111
1808 53 1 112
1809 54 1 108
1810 54 1 109
1811 54 1 110
1812 54 1 111
1813 54 1 112
1814 54 1 113
1815 55 1 110
1816 55 1 111
1817 55 1 112
1818 55 1 113
1819 55 1 114
1820 56 1 112
1821 56 1 113
1822 56 1 114
1823 56 1 115
1824 57 1 114
1825 57 1 115
1826 57 1 116
1827 58 1 116
1828 58 1 117
1829 59 1 118
1830 60 241 120
1831 59 249 119
1832 58 253 118
1833 57 255 117
1834 56 256 116
1835 55 128 115
1836 54 64 114
1837 53 32 113
1838 52 16 112
1839 51 8 111
1840 50 4 110
1841 49 2 109
1842 48 1 108
1843 47 129 107
1844 46 193 106
1845 45 225 105
1846 44 241 104
1847 43 249 103
1848 42 253 102
1849 41 255 101
1850 40 256 100
1851 39 128 99
1852 38 64 98
1853 37 32 97
1854 36 16 96
1855 35 8 95
1856 34 4 94
1857 33 2 93
1858 32 1 92
1859 31 129 91
1860 30 193 90
1861 29 225 89
1862 28 241 88
1863 27 249 87
1864 26 253 86
1865 25 255 85
1866 24 256 84
1867 23 128 83
1868 22 64 82
1869 21 32 81
1870 20 16 80
1871 19 8 79
1872 18 4 78
1873 17 2 77
1874 16 1 76
1875 15 129 75
1876 14 193 74
1877 13 225 73
1878 12 241 72
1879 11 249 71
1880 10 253 70
1881 9 255 69
1882 8 256 68
1883 7 128 67
1884 6 64 66
1885 5 32 65
1886 61 241 122
1887 60 249 121
1888 59 253 120
1889 58 255 119
1890 57 256 118
1891 56 128 117
1892 55 64 116
1893 54 32 115
1894 53 16 114
1895 52 8 113
1896 51 4 112
1897 50 2 111
1898 49 1 110
1899 48 129 109
1900 47 193 108
1901 46 225 107
1902 45 241 106
1903 44 249 105
1904 43 253 104
1905 42 255 103
1906 41 256 102
1907 40 128 101
1908 39 64 100
1909 38 32 99
1910 37 16 98
1911 36 8 97
1912 35 4 96
1913 34 2 95
1914 33 1 94
1915 32 129 93
1916 31 193 92
1917 30 225 91
1918 29 241 90
1919 28 249 89
1920 27 253 88
1921 26 255 87
1922 25 256 86
1923 24 128 85
1924 23 64 84
1925 22 32 83
1926 21 16 82
1927 20 8 81
1928 19 4 80
1929 18 2 79
1930 17 1 78
1931 16 129 77
1932 15 193 76
1933 14 225 75
1934 13 241 74
1935 12 249 73
1936 11 253 72
1937 10 255 71
1938 9 256 70
1939 8 128 69
1940 7 64 68
1941 62 241 124
1942 61 249 123
1943 60 253 122
1944 59 255 121
1945 58 256 120
1946 57 128 119
1947 56 64 118
1948 55 32 117
1949 54 16 116
1950 53 8 115
1951 52 4 114
1952 51 2 113
1953 50 1 112
1954 49 129 111
1955 48 193 110
1956 47 225 109
1957 46 241 108
1958 45 249 107
1959 44 253 106
1960 43 255 105
1961 42 256 104
1962 41 128 103
1963 40 64 102
1964 39 32 101
1965 38 16 100
1966 37 8 99
1967 36 4 98
1968 35 2 97
1969 34 1 96
1970 33 129 95
1971 32 193 94
1972 31 225 93
1973 30 241 92
1974 29 249 91
1975 28 253 90
1976 27 255 89
1977 26 256 88
1978 25 128 87
1979 24 64 86
1980 23 32 85
1981 22 16 84
1982 21 8 83
1983 20 4 82
1984 19 2 81
1985 18 1 80
1986 17 129 79
1987 16 193 78
1988 15 225 77
1989 14 241 76
1990 13 249 75
1991 12 253 74
1992 11 255 73
1993 10 256 72
1994 9 128 71
1995 63 241 126
1996 62 249 125
1997 61 253 124
1998 60 255 123
1999 59 256 122
2000 58 128 121
2001 57 64 120
2002 56 32 119
2003 55 16 118
2004 54 8 117
2005 53 4 116
2006 52 2 115
2007 51 1 114
2008 50 129 113
2009 49 193 112
2010 48 225 111
2011 47 241 110
2012 46 249 109
2013 45 253 108
2014 44 255 107
2015 43 256 106
2016 42 128 105
2017 41 64 104
2018 40 32 103
2019 39 16 102
2020 38 8 101
2021 37 4 100
2022 36 2 99
2023 35 1 98
2024 34 129 97
2025 33 193 96
2026 32 225 95
2027 31 241 94
2028 30 249 93
2029 29 253 92
2030 28 255 91
2031 27 256 90
2032 26 128 89
2033 25 64 88
2034 24 32 87
2035 23 16 86
2036 22 8 85
2037 21 4 84
2038 20 2 83
2039 19 1 82
2040 18 129 81
2041 17 193 80
2042 16 225 79
2043 15 241 78
2044 14 249 77
2045 13 253 76
2046 12 255 75
2047 11 256 74
2048 64 241 128
2049 63 249 127
2050 62 253 126
2051 61 255 125
2052 60 256 124
2053 59 128 123
2054 58 64 122
2055 57 32 121
2056 56 16 120
2057 55 8 119
2058 54 4 118
2059 53 2 117
2060 52 1 116
2061 51 129 115
2062 50 193 114
2063 49 225 113
2064 48 241 112
2065 47 249 111
2066 46 253 110
2067 45 255 109
2068 44 256 108
2069 43 128 107
2070 42 64 106
2071 41 32 105
2072 40 16 104
2073 39 8 103
2074 38 4 102
2075 37 2 101
2076 36 1 100
2077 35 129 99
2078 34 193 98
2079 33 225 97
2080 32 241 96
2081 31 249 95
2082 30 253 94
2083 29 255 93
2084 28 256 92
2085 27 128 91
2086 26 64 90
2087 25 32 89
2088 24 16 88
2089 23 8 87
2090 22 4 86
2091 21 2 85
2092 20 1 84
2093 19 129 83
2094 18 193 82
2095 17 225 81
2096 16 241 80
2097 15 249 79
2098 14 253 78
2099 13 255 77
2100 65 241 130
2101 64 249 129
2102 63 253 128
2103 62 255 127
2104 61 256 126
2105 60 128 125
2106 59 64 124
2107 58 32 123
2108 57 16 122
2109 56 8 121
2110 55 4 120
2111 54 2 119
2112 53 1 118
2113 52 129 117
2114 51 193 116
2115 50 225 115
2116 49 241 114
2117 48 249 113
2118 47 253 112
2119 46 255 111
2120 45 256 110
2121 44 128 109
2122 43 64 108
2123 42 32 107
2124 41 16 106
2125 40 8 105
2126 39 4 104
2127 38 2 103
2128 37 1 102
2129 36 129 101
2130 35 193 100
2131 34 225 99
2132 33 241 98
2133 32 249 97
2134 31 253 96
2135 30 255 95
2136 29 256 94
2137 28 128 93
2138 27 64 92
2139 26 32 91
2140 25 16 90
2141 24 8 89
2142 23 4 88
2143 22 2 87
2144 21 1 86
2145 20 129 85
2146 19 193 84
2147 18 225 83
2148 17 241 82
2149 16 249 81
2150 15 253 80
2151 66 241 132
2152 65 249 131
2153 64 253 130
2154 63 255 129
2155 62 256 128
2156 61 128 127
2157 60 64 126
2158 59 32 125
2159 58 16 124
2160 57 8 123
2161 56 4 122
2162 55 2 121
2163 54 1 120
2164 53 129 119
2165 52 193 118
2166 51 225 117
2167 50 241 116
2168 49 249 115
2169 48 253 114
2170 47 255 113
2171 46 256 112
2172 45 128 111
2173 44 64 110
2174 43 32 109
2175 42 16 108
2176 41 8 107
2177 40 4 106
2178 39 2 105
2179 38 1 104
2180 37 129 103
2181 36 193 102
2182 35 225 101
2183 34 241 100
2184 33 249 99
2185 32 253 98
2186 31 255 97
2187 30 256 96
2188 29 128 95
2189 28 64 94
2190 27 32 93
2191 26 16 92
2192 25 8 91
2193 24 4 90
2194 23 2 89
2195 22 1 88
2196 21 129 87
2197 20 193 86
2198 19 225 85
2199 18 241 84
2200 17 249 83
2201 67 241 134
2202 66 249 133
2203 65 253 132
2204 64 255 131
2205 63 256 130
2206 62 128 129
2207 61 64 128
2208 60 32 127
2209 59 16 126
2210 58 8 125
2211 57 4 124
2212 56 2 123
2213 55 1 122
2214 54 129 121
2215 53 193 120
2216 52 225 119
2217 51 241 118
2218 50 249 117
2219 49 253 116
2220 48 255 115
2221 47 256 114
2222 46 128 113
2223 45 64 112
2224 44 32 111
2225 43 16 110
2226 42 8 109
2227 41 4 108
2228 40 2 107
2229 39 1 106
2230 38 129 105
2231 37 193 104
2232 36 225 103
2233 35 241 102
2234 34 249 101
2235 33 253 100
2236 32 255 99
2237 31 256 98
2238 30 128 97
2239 29 64 96
2240 28 32 95
2241 27 16 94
2242 26 8 93
2243 25 4 92
2244 24 2 91
2245 23 1 90
2246 22 129 89
2247 21 193 88
2248 20 225 87
2249 19 241 86
2250 68 241 136
2251 67 249 135
2252 66 253 134
2253 65 255 133
2254 64 256 132
2255 63 128 131
2256 62 64 130
2257 61 32 129
2258 60 16 128
2259 59 8 127
2260 58 4 126
2261 57 2 125
2262 56 1 124
2263 55 129 123
2264 54 193 122
2265 53 225 121
2266 52 241 120
2267 51 249 119
2268 50 253 118
2269 49 255 117
2270 48 256 116
2271 47 128 115
2272 46 64 114
2273 45 32 113
2274 44 16 112
2275 43 8 111
2276 42 4 110
2277 41 2 109
2278 40 1 108
2279 39 129 107
2280 38 193 106
2281 37 225 105
2282 36 241 104
2283 35 249 103
2284 34 253 102
2285 33 255 101
2286 32 256 100
2287 31 128 99
2288 30 64 98
2289 29 32 97
2290 28 16 96
2291 27 8 95
2292 26 4 94
2293 25 2 93
2294 24 1 92
2295 23 129 91
2296 22 193 90
2297 21 225 89
2298 69 241 138
2299 68 249 137
2300 67 253 136
2301 66 255 135
2302 65 256 134
2303 64 128 133
2304 63 64 132
2305 62 32 131
2306 61 16 130
2307 60 8 129
2308 59 4 128
2309 58 2 127
2310 57 1 126
2311 56 129 125
2312 55 193 124
2313 54 225 123
2314 53 241 122
2315 52 249 121
2316 51 253 120
2317 50 255 119
2318 49 256 118
2319 48 128 117
2320 47 64 116
2321 46 32 115
2322 45 16 114
2323 44 8 113
2324 43 4 112
2325 42 2 111
2326 41 1 110
2327 40 129 109
2328 39 193 108
2329 38 225 107
2330 37 241 106
2331 36 249 105
2332 35 253 104
2333 34 255 103
2334 33 256 102
2335 32 128 101
2336 31 64 100
2337 30 32 99
2338 29 16 98
2339 28 8 97
2340 27 4 96
2341 26 2 95
2342 25 1 94
2343 24 129 93
2344 23 193 92
2345 70 241 140
2346 69 249 139
2347 68 253 138
2348 67 255 137
2349 66 256 136
2350 65 128 135
2351 64 64 134
2352 63 32 133
2353 62 16 132
2354 61 8 131
2355 60 4 130
2356 59 2 129
2357 58 1 128
2358 57 129 127
2359 56 193 126
2360 55 225 125
2361 54 241 124
2362 53 249 123
2363 52 253 122
2364 51 255 121
2365 50 256 120
2366 49 128 119
2367 48 64 118
2368 47 32 117
2369 46 16 116
2370 45 8 115
2371 44 4 114
2372 43 2 113
2373 42 1 112
2374 41 129 111
2375 40 193 110
2376 39 225 109
2377 38 241 108
2378 37 249 107
2379 36 253 106
2380 35 255 105
2381 34 256 104
2382 33 128 103
2383 32 64 102
2384 31 32 101
2385 30 16 100
2386 29 8 99
2387 28 4 98
2388 27 2 97
2389 26 1 96
2390 25 129 95
2391 71 241 142
2392 70 249 141
2393 69 253 140
2394 68 255 139
2395 67 256 138
2396 66 128 137
2397 65 64 136
2398 64 32 135
2399 63 16 134
2400 62 8 133
2401 61 4 132
2402 60 2 131
2403 59 1 130
2404 58 129 129
2405 57 193 128
2406 56 225 127
2407 55 241 126
2408 54 249 125
2409 53 253 124
2410 52 255 123
2411 51 256 122
2412 50 128 121
2413 49 64 120
2414 48 32 119
2415 47 16 118
2416 46 8 117
2417 45 4 116
2418 44 2 115
2419 43 1 114
2420 42 129 113
2421 41 193 112
2422 40 225 111
2423 39 241 110
2424 38 249 109
2425 37 253 108
2426 36 255 107
2427 35 256 106
2428 34 128 105
2429 33 64 104
2430 32 32 103
2431 31 16 102
2432 30 8 101
2433 29 4 100
2434 28 2 99
2435 27 1 98
2436 72 241 144
2437 71 249 143
2438 70 253 142
2439 69 255 141
2440 68 256 140
2441 67 128 139
2442 66 64 138
2443 65 32 137
2444 64 16 136
2445 63 8 135
2446 62 4 134
2447 61 2 133
2448 60 1 132
2449 59 129 131
2450 58 193 130
2451 57 225 129
2452 56 241 128
2453 55 249 127
2454 54 253 126
2455 53 255 125
2456 52 256 124
2457 51 128 123
2458 50 64 122
2459 49 32 121
2460 48 16 120
2461 47 8 119
2462 46 4 118
2463 45 2 117
2464 44 1 116
2465 43 129 115
2466 42 193 114
2467 41 225 113
2468 40 241 112
2469 39 249 111
2470 38 253 110
2471 37 255 109
2472 36 256 108
2473 35 128 107
2474 34 64 106
2475 33 32 105
2476 32 16 104
2477 31 8 103
2478 30 4 102
2479 29 2 101
2480 73 241 146
2481 72 249 145
2482 71 253 144
2483 70 255 143
2484 69 256 142
2485 68 128 141
2486 67 64 140
2487 66 32 139
2488 65 16 138
2489 64 8 137
2490 63 4 136
2491 62 2 135
2492 61 1 134
2493 60 129 133
2494 59 193 132
2495 58 225 131
2496 57 241 130
2497 56 249 129
2498 55 253 128
2499 54 255 127
2500 53 256 126
2501 52 128 125
2502 51 64 124
2503 50 32 123
2504 49 16 122
2505 48 8 121
2506 47 4 120
2507 46 2 119
2508 45 1 118
2509 44 129 117
2510 43 193 116
2511 42 225 115
2512 41 241 114
2513 40 249 113
2514 39 253 112
2515 38 255 111
2516 37 256 110
2517 36 128 109
2518 35 64 108
2519 34 32 107
2520 33 16 106
2521 32 8 105
2522 31 4 104
2523 74 241 148
2524 73 249 147
2525 72 253 146
2526 71 255 145
2527 70 256 144
2528 69 128 143
2529 68 64 142
2530 67 32 141
2531 66 16 140
2532 65 8 139
2533 64 4 138
2534 63 2 137
2535 62 1 136
2536 61 129 135
2537 60 193 134
2538 59 225 133
2539 58 241 132
2540 57 249 131
2541 56 253 130
2542 55 255 129
2543 54 256 128
2544 53 128 127
2545 52 64 126
2546 51 32 125
2547 50 16 124
2548 49 8 123
2549 48 4 122
2550 47 2 121
2551 46 1 120
2552 45 129 119
2553 44 193 118
2554 43 225 117
2555 42 241 116
2556 41 249 115
2557 40 253 114
2558 39 255 113
2559 38 256 112
2560 37 128 111
2561 36 64 110
2562 35 32 109
2563 34 16 108
2564 33 8 107
2565 75 241 150
2566 74 249 149
2567 73 253 148
2568 72 255 147
2569 71 256 146
2570 70 128 145
2571 69 64 144
2572 68 32 143
2573 67 16 142
2574 66 8 141
2575 65 4 140
2576 64 2 139
2577 63 1 138
2578 62 129 137
2579 61 193 136
2580 60 225 135
2581 59 241 134
2582 58 249 133
2583 57 253 132
2584 56 255 131
2585 55 256 130
2586 54 128 129
2587 53 64 128
2588 52 32 127
2589 51 16 126
2590 50 8 125
2591 49 4 124
2592 48 2 123
2593 47 1 122
2594 46 129 121
2595 45 193 120
2596 44 225 119
2597 43 241 118
2598 42 249 117
2599 41 253 116
2600 40 255 115
2601 39 256 114
2602 38 128 113
2603 37 64 112
2604 36 32 111
2605 35 16 110
2606 76 241 152
2607 75 249 151
2608 74 253 150
2609 73 255 149
2610 72 256 148
2611 71 128 147
2612 70 64 146
2613 69 32 145
2614 68 16 144
2615 67 8 143
2616 66 4 142
2617 65 2 141
2618 64 1 140
2619 63 129 139
2620 62 193 138
2621 61 225 137
2622 60 241 136
2623 59 249 135
2624 58 253 134
2625 57 255 133
2626 56 256 132
2627 55 128 131
2628 54 64 130
2629 53 32 129
2630 52 16 128
2631 51 8 127
2632 50 4 126
2633 49 2 125
2634 48 1 124
2635 47 129 123
2636 46 193 122
2637 45 225 121
2638 44 241 120
2639 43 249 119
2640 42 253 118
2641 41 255 117
2642 40 256 116
2643 39 128 115
2644 38 64 114
2645 37 32 113
2646 77 241 154
2647 76 249 153
2648 75 253 152
2649 74 255 151
2650 73 256 150
2651 72 128 149
2652 71 64 148
2653 70 32 147
2654 69 16 146
2655 68 8 145
2656 67 4 144
2657 66 2 143
2658 65 1 142
2659 64 129 141
2660 63 193 140
2661 62 225 139
2662 61 241 138
2663 60 249 137
2664 59 253 136
2665 58 255 135
2666 57 256 134
2667 56 128 133
2668 55 64 132
2669 54 32 131
2670 53 16 130
2671 52 8 129
2672 51 4 128
2673 50 2 127
2674 49 1 126
2675 48 129 125
2676 47 193 124
2677 46 225 123
2678 45 241 122
2679 44 249 121
2680 43 253 120
2681 42 255 119
2682 41 256 118
2683 40 128 117
2684 39 64 116
2685 78 241 156
2686 77 249 155
2687 76 253 154
2688 75 255 153
2689 74 256 152
2690 73 128 151
2691 72 64 150
2692 71 32 149
2693 70 16 148
2694 69 8 147
2695 68 4 146
2696 67 2 145
2697 66 1 144
2698 65 129 143
2699 64 193 142
2700 63 225 141
2701 62 241 140
2702 61 249 139
2703 60 253 138
2704 59 255 137
2705 58 256 136
2706 57 128 135
2707 56 64 134
2708 55 32 133
2709 54 16 132
2710 53 8 131
2711 52 4 130
2712 51 2 129
2713 50 1 128
2714 49 129 127
2715 48 193 126
2716 47 225 125
2717 46 241 124
2718 45 249 123
2719 44 253 122
2720 43 255 121
2721 42 256 120
2722 41 128 119
2723 79 241 158
2724 78 249 157
2725 77 253 156
2726 76 255 155
2727 75 256 154
2728 74 128 153
2729 73 64 152
2730 72 32 151
2731 71 16 150
2732 70 8 149
2733 69 4 148
2734 68 2 147
2735 67 1 146
2736 66 129 145
2737 65 193 144
2738 64 225 143
2739 63 241 142
2740 62 249 141
2741 61 253 140
2742 60 255 139
2743 59 256 138
2744 58 128 137
2745 57 64 136
2746 56 32 135
2747 55 16 134
2748 54 8 133
2749 53 4 132
2750 52 2 131
2751 51 1 130
2752 50 129 129
2753 49 193 128
2754 48 225 127
2755 47 241 126
2756 46 249 125
2757 45 253 124
2758 44 255 123
2759 43 256 122
2760 80 241 160
2761 79 249 159
2762 78 253 158
2763 77 255 157
2764 76 256 156
2765 75 128 155
2766 74 64 154
2767 73 32 153
2768 72 16 152
2769 71 8 151
2770 70 4 150
2771 69 2 149
2772 68 1 148
2773 67 129 147
2774 66 193 146
2775 65 225 145
2776 64 241 144
2777 63 249 143
2778 62 253 142
2779 61 255 141
2780 60 256 140
2781 59 128 139
2782 58 64 138
2783 57 32 137
2784 56 16 136
2785 55 8 135
2786 54 4 134
2787 53 2 133
2788 52 1 132
2789 51 129 131
2790 50 193 130
2791 49 225 129
2792 48 241 128
2793 47 249 127
2794 46 253 126
2795 45 255 125
2796 81 241 162
2797 80 249 161
2798 79 253 160
2799 78 255 159
2800 77 256 158
2801 76 128 157
2802 75 64 156
2803 74 32 155
2804 73 16 154
2805 72 8 153
2806 71 4 152
2807 70 2 151
2808 69 1 150
2809 68 129 149
2810 67 193 148
2811 66 225 147
2812 65 241 146
2813 64 249 145
2814 63 253 144
2815 62 255 143
2816 61 256 142
2817 60 128 141
2818 59 64 140
2819 58 32 139
2820 57 16 138
2821 56 8 137
2822 55 4 136
2823 54 2 135
2824 53 1 134
2825 52 129 133
2826 51 193 132
2827 50 225 131
2828 49 241 130
2829 48 249 129
2830 47 253 128
2831 82 241 164
2832 81 249 163
2833 80 253 162
2834 79 255 161
2835 78 256 160
2836 77 128 159
2837 76 64 158
2838 75 32 157
2839 74 16 156
2840 73 8 155
2841 72 4 154
2842 71 2 153
2843 70 1 152
2844 69 129 151
2845 68 193 150
2846 67 225 149
2847 66 241 148
2848 65 249 147
2849 64 253 146
2850 63 255 145
2851 62 256 144
2852 61 128 143
2853 60 64 142
2854 59 32 141
2855 58 16 140
2856 57 8 139
2857 56 4 138
2858 55 2 137
2859 54 1 136
2860 53 129 135
2861 52 193 134
2862 51 225 133
2863 50 241 132
2864 49 249 131
2865 83 241 166
2866 82 249 165
2867 81 253 164
2868 80 255 163
2869 79 256 162
2870 78 128 161
2871 77 64 160
2872 76 32 159
2873 75 16 158
2874 74 8 157
2875 73 4 156
2876 72 2 155
2877 71 1 154
2878 70 129 153
2879 69 193 152
2880 68 225 151
2881 67 241 150
2882 66 249 149
2883 65 253 148
2884 64 255 147
2885 63 256 146
2886 62 128 145
2887 61 64 144
2888 60 32 143
2889 59 16 142
2890 58 8 141
2891 57 4 140
2892 56 2 139
2893 55 1 138
2894 54 129 137
2895 53 193 136
2896 52 225 135
2897 51 241 134
2898 84 241 168
2899 83 249 167
2900 82 253 166
2901 81 255 165
2902 80 256 164
2903 79 128 163
2904 78 64 162
2905 77 32 161
2906 76 16 160
2907 75 8 159
2908 74 4 158
2909 73 2 157
2910 72 1 156
2911 71 129 155
2912 70 193 154
2913 69 225 153
2914 68 241 152
2915 67 249 151
2916 66 253 150
2917 65 255 149
2918 64 256 148
2919 63 128 147
2920 62 64 146
2921 61 32 145
2922 60 16 144
2923 59 8 143
2924 58 4 142
2925 57 2 141
2926 56 1 140
2927 55 129 139
2928 54 193 138
2929 53 225 137
2930 85 241 170
2931 84 249 169
2932 83 253 168
2933 82 255 167
2934 81 256 166
2935 80 128 165
2936 79 64 164
2937 78 32 163
2938 77 16 162
2939 76 8 161
2940 75 4 160
2941 74 2 159
2942 73 1 158
2943 72 129 157
2944 71 193 156
2945 70 225 155
2946 69 241 154
2947 68 249 153
2948 67 253 152
2949 66 255 151
2950 65 256 150
2951 64 128 149
2952 63 64 148
2953 62 32 147
2954 61 16 146
2955 60 8 145
2956 59 4 144
2957 58 2 143
2958 57 1 142
2959 56 129 141
2960 55 193 140
2961 86 241 172
2962 85 249 171
2963 84 253 170
2964 83 255 169
2965 82 256 168
2966 81 128 167
2967 80 64 166
2968 79 32 165
2969 78 16 164
2970 77 8 163
2971 76 4 162
2972 75 2 161
2973 74 1 160
2974 73 129 159
2975 72 193 158
2976 71 225 157
2977 70 241 156
2978 69 249 155
2979 68 253 154
2980 67 255 153
2981 66 256 152
2982 65 128 151
2983 64 64 150
2984 63 32 149
2985 62 16 148
2986 61 8 147
2987 60 4 146
2988 59 2 145
2989 58 1 144
2990 57 129 143
2991 87 241 174
2992 86 249 173
2993 85 253 172
2994 84 255 171
2995 83 256 170
2996 82 128 169
2997 81 64 168
2998 80 32 167
2999 79 16 166
3000 78 8 165
3001 77 4 164
3002 76 2 163
3003 75 1 162
3004 74 129 161
3005 73 193 160
3006 72 225 159
3007 71 241 158
3008 70 249 157
3009 69 253 156
3010 68 255 155
3011 67 256 154
3012 66 128 153
3013 65 64 152
3014 64 32 151
3015 63 16 150
3016 62 8 149
3017 61 4 148
3018 60 2 147
3019 59 1 146
3020 88 241 176
3021 87 249 175
3022 86 253 174
3023 85 255 173
3024 84 256 172
3025 83 128 171
3026 82 64 170
3027 81 32 169
3028 80 16 168
3029 79 8 167
3030 78 4 166
3031 77 2 165
3032 76 1 164
3033 75 129 163
3034 74 193 162
3035 73 225 161
3036 72 241 160
3037 71 249 159
3038 70 253 158
3039 69 255 157
3040 68 256 156
3041 67 128 155
3042 66 64 154
3043 65 32 153
3044 64 16 152
3045 63 8 151
3046 62 4 150
3047 61 2 149
3048 89 241 178
3049 88 249 177
3050 87 253 176
3051 86 255 175
3052 85 256 174
3053 84 128 173
3054 83 64 172
3055 82 32 171
3056 81 16 170
3057 80 8 169
3058 79 4 168
3059 78 2 167
3060 77 1 166
3061 76 129 165
3062 75 193 164
3063 74 225 163
3064 73 241 162
3065 72 249 161
3066 71 253 160
3067 70 255 159
3068 69 256 158
3069 68 128 157
3070 67 64 156
3071 66 32 155
3072 65 16 154
3073 64 8 153
3074 63 4 152
3075 90 241 180
3076 89 249 179
3077 88 253 178
3078 87 255 177
3079 86 256 176
3080 85 128 175
3081 84 64 174
3082 83 32 173
3083 82 16 172
3084 81 8 171
3085 80 4 170
3086 79 2 169
3087 78 1 168
3088 77 129 167
3089 76 193 166
3090 75 225 165
3091 74 241 164
3092 73 249 163
3093 72 253 162
3094 71 255 161
3095 70 256 160
3096 69 128 159
3097 68 64 158
3098 67 32 157
3099 66 16 156
3100 65 8 155
3101 91 241 182
3102 90 249 181
3103 89 253 180
3104 88 255 179
3105 87 256 178
3106 86 128 177
3107 85 64 176
3108 84 32 175
3109 83 16 174
3110 82 8 173
3111 81 4 172
3112 80 2 171
3113 79 1 170
3114 78 129 169
3115 77 193 168
3116 76 225 167
3117 75 241 166
3118 74 249 165
3119 73 253 164
3120 72 255 163
3121 71 256 162
3122 70 128 161
3123 69 64 160
3124 68 32 159
3125 67 16 158
3126 92 241 184
3127 91 249 183
3128 90 253 182
3129 89 255 181
3130 88 256 180
3131 87 128 179
3132 86 64 178
3133 85 32 177
3134 84 16 176
3135 83 8 175
3136 82 4 174
3137 81 2 173
3138 80 1 172
3139 79 129 171
3140 78 193 170
3141 77 225 169
3142 76 241 168
3143 75 249 167
3144 74 253 166
3145 73 255 165
3146 72 256 164
3147 71 128 163
3148 70 64 162
3149 69 32 161
3150 93 241 186
3151 92 249 185
3152 91 253 184
3153 90 255 183
3154 89 256 182
3155 88 128 181
3156 87 64 180
3157 86 32 179
3158 85 16 178
3159 84 8 177
3160 83 4 176
3161 82 2 175
3162 81 1 174
3163 80 129 173
3164 79 193 172
3165 78 225 171
3166 77 241 170
3167 76 249 169
3168 75 253 168
3169 74 255 167
3170 73 256 166
3171 72 128 165
3172 71 64 164
3173 94 241 188
3174 93 249 187
3175 92 253 186
3176 91 255 185
3177 90 256 184
3178 89 128 183
3179 88 64 182
3180 87 32 181
3181 86 16 180
3182 85 8 179
3183 84 4 178
3184 83 2 177
3185 82 1 176
3186 81 129 175
3187 80 193 174
3188 79 225 173
3189 78 241 172
3190 77 249 171
3191 76 253 170
3192 75 255 169
3193 74 256 168
3194 73 128 167
3195 95 241 190
3196 94 249 189
3197 93 253 188
3198 92 255 187
3199 91 256 186
3200 90 128 185
3201 89 64 184
3202 88 32 183
3203 87 16 182
3204 86 8 181
3205 85 4 180
3206 84 2 179
3207 83 1 178
3208 82 129 177
3209 81 193 176
3210 80 225 175
3211 79 241 174
3212 78 249 173
3213 77 253 172
3214 76 255 171
3215 75 256 170
3216 96 241 192
3217 95 249 191
3218 94 253 190
3219 93 255 189
3220 92 256 188
3221 91 128 187
3222 90 64 186
3223 89 32 185
3224 88 16 184
3225 87 8 183
3226 86 4 182
3227 85 2 181
3228 84 1 180
3229 83 129 179
3230 82 193 178
3231 81 225 177
3232 80 241 176
3233 79 249 175
3234 78 253 174
3235 77 255 173
3236 97 241 194
3237 96 249 193
3238 95 253 192
3239 94 255 191
3240 93 256 190
3241 92 128 189
3242 91 64 188
3243 90 32 187
3244 89 16 186
3245 88 8 185
3246 87 4 184
3247 86 2 183
3248 85 1 182
3249 84 129 181
3250 83 193 180
3251 82 225 179
3252 81 241 178
3253 80 249 177
3254 79 253 176
3255 98 241 196
3256 97 249 195
3257 96 253 194
3258 95 255 193
3259 94 256 192
3260 93 128 191
3261 92 64 190
3262 91 32 189
3263 90 16 188
3264 89 8 187
3265 88 4 186
3266 87 2 185
3267 86 1 184
3268 85 129 183
3269 84 193 182
3270 83 225 181
3271 82 241 180
3272 81 249 179
3273 99 241 198
3274 98 249 197
3275 97 253 196
3276 96 255 195
3277 95 256 194
3278 94 128 193
3279 93 64 192
3280 92 32 191
3281 91 16 190
3282 90 8 189
3283 89 4 188
3284 88 2 187
3285 87 1 186
3286 86 129 185
3287 85 193 184
3288 84 225 183
3289 83 241 182
3290 100 241 200
3291 99 249 199
3292 98 253 198
3293 97 255 197
3294 96 256 196
3295 95 128 195
3296 94 64 194
3297 93 32 193
3298 92 16 192
3299 91 8 191
3300 90 4 190
3301 89 2 189
3302 88 1 188
3303 87 129 187
3304 86 193 186
3305 85 225 185
3306 101 241 202
3307 100 249 201
3308 99 253 200
3309 98 255 199
3310 97 256 198
3311 96 128 197
3312 95 64 196
3313 94 32 195
3314 93 16 194
3315 92 8 193
3316 91 4 192
3317 90 2 191
3318 89 1 190
3319 88 129 189
3320 87 193 188
3321 102 241 204
3322 101 249 203
3323 100 253 202
3324 99 255 201
3325 98 256 200
3326 97 128 199
3327 96 64 198
3328 95 32 197
3329 94 16 196
3330 93 8 195
3331 92 4 194
3332 91 2 193
3333 90 1 192
3334 89 129 191
3335 103 241 206
3336 102 249 205
3337 101 253 204
3338 100 255 203
3339 99 256 202
3340 98 128 201
3341 97 64 200
3342 96 32 199
3343 95 16 198
3344 94 8 197
3345 93 4 196
3346 92 2 195
3347 91 1 194
3348 104 241 208
3349 103 249 207
3350 102 253 206
3351 101 255 205
3352 100 256 204
3353 99 128 203
3354 98 64 202
3355 97 32 201
3356 96 16 200
3357 95 8 199
3358 94 4 198
3359 93 2 197
3360 105 241 210
3361 104 249 209
3362 103 253 208
3363 102 255 207
3364 101 256 206
3365 100 128 205
3366 99 64 204
3367 98 32 203
3368 97 16 202
3369 96 8 201
3370 95 4 200
3371 106 241 212
3372 105 249 211
3373 104 253 210
3374 103 255 209
3375 102 256 208
3376 101 128 207
3377 100 64 206
3378 99 32 205
3379 98 16 204
3380 97 8 203
3381 107 241 214
3382 106 249 213
3383 105 253 212
3384 104 255 211
3385 103 256 210
3386 102 128 209
3387 101 64 208
3388 100 32 207
3389 99 16 206
3390 108 241 216
3391 107 249 215
3392 106 253 214
3393 105 255 213
3394 104 256 212
3395 103 128 211
3396 102 64 210
3397 101 32 209
3398 109 241 218
3399 108 249 217
3400 107 253 216
3401 106 255 215
3402 105 256 214
3403 104 128 213
3404 103 64 212
3405 110 241 220
3406 109 249 219
3407 108 253 218
3408 107 255 217
3409 106 256 216
3410 105 128 215
3411 111 241 222
3412 110 249 221
3413 109 253 220
3414 108 255 219
3415 107 256 218
3416 112 241 224
3417 111 249 223
3418 110 253 222
3419 109 255 221
3420 113 241 226
3421 112 249 225
3422 111 253 224
3423 114 241 228
3424 113 249 227
3425 115 241 230
3426 0 1 60
3427 0 1 61
3428 0 1 62
3429 0 1 63
3430 0 1 64
3431 0 1 65
3432 0 1 66
3433 0 1 67
3434 0 1 68
3435 0 1 69
3436 0 1 70
3437 0 1 71
3438 0 1 72
3439 0 1 73
3440 0 1 74
3441 0 1 75
3442 0 1 76
3443 0 1 77
3444 0 1 78
3445 0 1 79
3446 0 1 80
3447 0 1 81
3448 0 1 82
3449 0 1 83
3450 0 1 84
3451 0 1 85
3452 0 1 86
3453 0 1 87
3454 0 1 88
3455 0 1 89
3456 0 1 90
3457 0 1 91
3458 0 1 92
3459 0 1 93
3460 0 1 94
3461 0 1 95
3462 0 1 96
3463 0 1 97
3464 0 1 98
3465 0 1 99
3466 0 1 100
3467 0 1 101
3468 0 1 102
3469 0 1 103
3470 0 1 104
3471 0 1 105
3472 0 1 106
3473 0 1 107
3474 0 1 108
3475 0 1 109
3476 0 1 110
3477 0 1 111
3478 0 1 112
3479 1 1 61
3480 1 1 62
3481 1 1 63
3482 1 1 64
3483 1 1 65
3484 1 1 66
3485 1 1 67
3486 1 1 68
3487 1 1 69
3488 1 1 70
3489 1 1 71
3490 1 1 72
3491 1 1 73
3492 1 1 74
3493 1 1 75
3494 1 1 76
3495 1 1 77
3496 1 1 78
3497 1 1 79
3498 1 1 80
3499 1 1 81
3500 1 1 82
3501 1 1 83
3502 1 1 84
3503 1 1 85
3504 1 1 86
3505 1 1 87
3506 1 1 88
3507 1 1 89
3508 1 1 90
3509 1 1 91
3510 1 1 92
3511 1 1 93
3512 1 1 94
3513 1 1 95
3514 1 1 96
3515 1 1 97
3516 1 1 98
3517 1 1 99
3518 1 1 100
3519 1 1 101
3520 1 1 102
3521 1 1 103
3522 1 1 104
3523 1 1 105
3524 1 1 106
3525 1 1 107
3526 1 1 108
3527 1 1 109
3528 1 1 110
3529 1 1 111
3530 1 1 112
3531 2 1 62
3532 2 1 63
3533 2 1 64
3534 2 1 65
3535 2 1 66
3536 2 1 67
3537 2 1 68
3538 2 1 69
3539 2 1 70
3540 2 1 71
3541 2 1 72
3542 2 1 73
3543 2 1 74
3544 2 1 75
3545 2 1 76
3546 2 1 77
3547 2 1 78
3548 2 1 79
3549 2 1 80
3550 2 1 81
3551 2 1 82
3552 2 1 83
3553 2 1 84
3554 2 1 85
3555 2 1 86
3556 2 1 87
3557 2 1 88
3558 2 1 89
3559 2 1 90
3560 2 1 91
3561 2 1 92
3562 2 1 93
3563 2 1 94
3564 2 1 95
3565 2 1 96
3566 2 1 97
3567 2 1 98
3568 2 1 99
3569 2 1 100
3570 2 1 101
3571 2 1 102
3572 2 1 103
3573 2 1 104
3574 2 1 105
3575 2 1 106
3576 2 1 107
3577 2 1 108
3578 2 1 109
3579 2 1 110
3580 2 1 111
3581 2 1 112
3582 3 1 63
3583 3 1 64
3584 3 1 65
3585 3 1 66
3586 3 1 67
3587 3 1 68
3588 3 1 69
3589 3 1 70
3590 3 1 71
3591 3 1 72
3592 3 1 73
3593 3 1 74
3594 3 1 75
3595 3 1 76
3596 3 1 77
3597 3 1 78
3598 3 1 79
3599 3 1 80
3600 3 1 81
3601 3 1 82
3602 3 1 83
3603 3 1 84
3604 3 1 85
3605 3 1 86
3606 3 1 87
3607 3 1 88
3608 3 1 89
3609 3 1 90
3610 3 1 91
3611 3 1 92
3612 3 1 93
3613 3 1 94
3614 3 1 95
3615 3 1 96
3616 3 1 97
3617 3 1 98
3618 3 1 99
3619 3 1 100
3620 3 1 101
3621 3 1 102
3622 3 1 103
3623 3 1 104
3624 3 1 105
3625 3 1 106
3626 3 1 107
3627 3 1 108
3628 3 1 109
3629 3 1 110
3630 3 1 111
3631 3 1 112
3632 4 1 64
3633 4 1 65
3634 4 1 66
3635 4 1 67
3636 4 1 68
3637 4 1 69
3638 4 1 70
3639 4 1 71
3640 4 1 72
3641 4 1 73
3642 4 1 74
3643 4 1 75
3644 4 1 76
3645 4 1 77
3646 4 1 78
3647 4 1 79
3648 4 1 80
3649 4 1 81
3650 4 1 82
3651 4 1 83
3652 4 1 84
3653 4 1 85
3654 4 1 86
3655 4 1 87
3656 4 1 88
3657 4 1 89
3658 4 1 90
3659 4 1 91
3660 4 1 92
3661 4 1 93
3662 4 1 94
3663 4 1 95
3664 4 1 96
3665 4 1 97
3666 4 1 98
3667 4 1 99
3668 4 1 100
3669 4 1 101
3670 4 1 102
3671 4 1 103
3672 4 1 104
3673 4 1 105
3674 4 1 106
3675 4 1 107
3676 4 1 108
3677 4 1 109
3678 4 1 110
3679 4 1 111
3680 4 1 112
3681 5 1 66
3682 5 1 67
3683 6 255 67
3684 5 1 68
3685 5 1 69
3686 5 1 70
3687 5 1 71
3688 5 1 72
3689 5 1 73
3690 5 1 74
3691 5 1 75
3692 5 1 76
3693 5 1 77
3694 5 1 78
3695 5 1 79
3696 5 1 80
3697 5 1 81
3698 5 1 82
3699 5 1 83
3700 5 1 84
3701 5 1 85
3702 5 1 86
3703 5 1 87
3704 5 1 88
3705 5 1 89
3706 5 1 90
3707 5 1 91
3708 5 1 92
3709 5 1 93
3710 5 1 94
3711 5 1 95
3712 5 1 96
3713 5 1 97
3714 5 1 98
3715 5 1 99
3716 5 1 100
3717 5 1 101
3718 5 1 102
3719 5 1 103
3720 5 1 104
3721 5 1 105
3722 5 1 106
3723 5 1 107
3724 5 1 108
3725 5 1 109
3726 5 1 110
3727 5 1 111
3728 5 1 112
3729 6 1 68
3730 6 1 69
3731 7 255 69
3732 6 1 70
3733 8 4 70
3734 6 1 71
3735 6 1 72
3736 6 1 73
3737 6 1 74
3738 6 1 75
3739 6 1 76
3740 6 1 77
3741 6 1 78
3742 6 1 79
3743 6 1 80
3744 6 1 81
3745 6 1 82
3746 6 1 83
3747 6 1 84
3748 6 1 85
3749 6 1 86
3750 6 1 87
3751 6 1 88
3752 6 1 89
3753 6 1 90
3754 6 1 91
3755 6 1 92
3756 6 1 93
3757 6 1 94
3758 6 1 95
3759 6 1 96
3760 6 1 97
3761 6 1 98
3762 6 1 99
3763 6 1 100
3764 6 1 101
3765 6 1 102
3766 6 1 103
3767 6 1 104
3768 6 1 105
3769 6 1 106
3770 6 1 107
3771 6 1 108
3772 6 1 109
3773 6 1 110
3774 6 1 111
3775 6 1 112
3776 7 1 70
3777 7 1 71
3778 8 255 71
3779 7 1 72
3780 9 4 72
3781 7 1 73
3782 10 249 73
3783 7 1 74
3784 7 1 75
3785 7 1 76
3786 7 1 77
3787 7 1 78
3788 7 1 79
3789 7 1 80
3790 7 1 81
3791 7 1 82
3792 7 1 83
3793 7 1 84
3794 7 1 85
3795 7 1 86
3796 7 1 87
3797 7 1 88
3798 7 1 89
3799 7 1 90
3800 7 1 91
3801 7 1 92
3802 7 1 93
3803 7 1 94
3804 7 1 95
3805 7 1 96
3806 7 1 97
3807 7 1 98
3808 7 1 99
3809 7 1 100
3810 7 1 101
3811 7 1 102
3812 7 1 103
3813 7 1 104
3814 7 1 105
3815 7 1 106
3816 7 1 107
3817 7 1 108
3818 7 1 109
3819 7 1 110
3820 7 1 111
3821 7 1 112
3822 8 1 72
3823 8 1 73
3824 9 255 73
3825 8 1 74
3826 10 4 74
3827 8 1 75
3828 11 249 75
3829 8 1 76
3830 12 16 76
3831 8 1 77
3832 8 1 78
3833 8 1 79
3834 8 1 80
3835 8 1 81
3836 8 1 82
3837 8 1 83
3838 8 1 84
3839 8 1 85
3840 8 1 86
3841 8 1 87
3842 8 1 88
3843 8 1 89
3844 8 1 90
3845 8 1 91
3846 8 1 92
3847 8 1 93
3848 8 1 94
3849 8 1 95
3850 8 1 96
3851 8 1 97
3852 8 1 98
3853 8 1 99
3854 8 1 100
3855 8 1 101
3856 8 1 102
3857 8 1 103
3858 8 1 104
3859 8 1 105
3860 8 1 106
3861 8 1 107
3862 8 1 108
3863 8 1 109
3864 8 1 110
3865 8 1 111
3866 8 1 112
3867 9 1 74
3868 9 1 75
3869 10 255 75
3870 9 1 76
3871 11 4 76
3872 9 1 77
3873 12 249 77
3874 9 1 78
3875 13 16 78
3876 9 1 79
3877 14 225 79
3878 9 1 80
3879 9 1 81
3880 9 1 82
3881 9 1 83
3882 9 1 84
3883 9 1 85
3884 9 1 86
3885 9 1 87
3886 9 1 88
3887 9 1 89
3888 9 1 90
3889 9 1 91
3890 9 1 92
3891 9 1 93
3892 9 1 94
3893 9 1 95
3894 9 1 96
3895 9 1 97
3896 9 1 98
3897 9 1 99
3898 9 1 100
3899 9 1 101
3900 9 1 102
3901 9 1 103
3902 9 1 104
3903 9 1 105
3904 9 1 106
3905 9 1 107
3906 9 1 108
3907 9 1 109
3908 9 1 110
3909 9 1 111
3910 9 1 112
3911 10 1 76
3912 10 1 77
3913 11 255 77
3914 10 1 78
3915 12 4 78
3916 10 1 79
3917 13 249 79
3918 10 1 80
3919 14 16 80
3920 10 1 81
3921 15 225 81
3922 10 1 82
3923 16 64 82
3924 10 1 83
3925 10 1 84
3926 10 1 85
3927 10 1 86
3928 10 1 87
3929 10 1 88
3930 10 1 89
3931 10 1 90
3932 10 1 91
3933 10 1 92
3934 10 1 93
3935 10 1 94
3936 10 1 95
3937 10 1 96
3938 10 1 97
3939 10 1 98
3940 10 1 99
3941 10 1 100
3942 10 1 101
3943 10 1 102
3944 10 1 103
3945 10 1 104
3946 10 1 105
3947 10 1 106
3948 10 1 107
3949 10 1 108
3950 10 1 109
3951 10 1 110
3952 10 1 111
3953 10 1 112
3954 11 1 78
3955 11 1 79
3956 12 255 79
3957 11 1 80
3958 13 4 80
3959 11 1 81
3960 14 249 81
3961 11 1 82
3962 15 16 82
3963 11 1 83
3964 16 225 83
3965 11 1 84
3966 17 64 84
3967 11 1 85
3968 18 129 85
3969 11 1 86
3970 11 1 87
3971 11 1 88
3972 11 1 89
3973 11 1 90
3974 11 1 91
3975 11 1 92
3976 11 1 93
3977 11 1 94
3978 11 1 95
3979 11 1 96
3980 11 1 97
3981 11 1 98
3982 11 1 99
3983 11 1 100
3984 11 1 101
3985 11 1 102
3986 11 1 103
3987 11 1 104
3988 11 1 105
3989 11 1 106
3990 11 1 107
3991 11 1 108
3992 11 1 109
3993 11 1 110
3994 11 1 111
3995 11 1 112
3996 12 1 80
3997 12 1 81
3998 13 255 81
3999 12 1 82
4000 14 4 82
4001 12 1 83
4002 15 249 83
4003 12 1 84
4004 16 16 84
4005 12 1 85
4006 17 225 85
4007 12 1 86
4008 18 64 86
4009 12 1 87
4010 19 129 87
4011 12 1 88
4012 20 256 88
4013 12 1 89
4014 12 1 90
4015 12 1 91
4016 12 1 92
4017 12 1 93
4018 12 1 94
4019 12 1 95
4020 12 1 96
4021 12 1 97
4022 12 1 98
4023 12 1 99
4024 12 1 100
4025 12 1 101
4026 12 1 102
4027 12 1 103
4028 12 1 104
4029 12 1 105
4030 12 1 106
4031 12 1 107
4032 12 1 108
4033 12 1 109
4034 12 1 110
4035 12 1 111
4036 12 1 112
4037 13 1 82
4038 13 1 83
4039 14 255 83
4040 13 1 84
4041 15 4 84
4042 13 1 85
4043 16 249 85
4044 13 1 86
4045 17 16 86
4046 13 1 87
4047 18 225 87
4048 13 1 88
4049 19 64 88
4050 13 1 89
4051 20 129 89
4052 13 1 90
4053 21 256 90
4054 13 1 91
4055 22 2 91
4056 13 1 92
4057 13 1 93
4058 13 1 94
4059 13 1 95
4060 13 1 96
4061 13 1 97
4062 13 1 98
4063 13 1 99
4064 13 1 100
4065 13 1 101
4066 13 1 102
4067 13 1 103
4068 13 1 104
4069 13 1 105
4070 13 1 106
4071 13 1 107
4072 13 1 108
4073 13 1 109
4074 13 1 110
4075 13 1 111
4076 13 1 112
4077 14 1 84
4078 14 1 85
4079 15 255 85
4080 14 1 86
4081 16 4 86
4082 14 1 87
4083 17 249 87
4084 14 1 88
4085 18 16 88
4086 14 1 89
4087 19 225 89
4088 14 1 90
4089 20 64 90
4090 14 1 91
4091 21 129 91
4092 14 1 92
4093 22 256 92
4094 14 1 93
4095 23 2 93
4096 14 1 94
4097 24 253 94
4098 14 1 95
4099 14 1 96
4100 14 1 97
4101 14 1 98
4102 14 1 99
4103 14 1 100
4104 14 1 101
4105 14 1 102
4106 14 1 103
4107 14 1 104
4108 14 1 105
4109 14 1 106
4110 14 1 107
4111 14 1 108
4112 14 1 109
4113 14 1 110
4114 14 1 111
4115 14 1 112
4116 15 1 86
4117 15 1 87
4118 16 255 87
4119 15 1 88
4120 17 4 88
4121 15 1 89
4122 18 249 89
4123 15 1 90
4124 19 16 90
4125 15 1 91
4126 20 225 91
4127 15 1 92
4128 21 64 92
4129 15 1 93
4130 22 129 93
4131 15 1 94
4132 23 256 94
4133 15 1 95
4134 24 2 95
4135 15 1 96
4136 25 253 96
4137 15 1 97
4138 26 8 97
4139 15 1 98
4140 15 1 99
4141 15 1 100
4142 15 1 101
4143 15 1 102
4144 15 1 103
4145 15 1 104
4146 15 1 105
4147 15 1 106
4148 15 1 107
4149 15 1 108
4150 15 1 109
4151 15 1 110
4152 15 1 111
4153 15 1 112
4154 16 1 88
4155 16 1 89
4156 17 255 89
4157 16 1 90
4158 18 4 90
4159 16 1 91
4160 19 249 91
4161 16 1 92
4162 20 16 92
4163 16 1 93
4164 21 225 93
4165 16 1 94
4166 22 64 94
4167 16 1 95
4168 23 129 95
4169 16 1 96
4170 24 256 96
4171 16 1 97
4172 25 2 97
4173 16 1 98
4174 26 253 98
4175 16 1 99
4176 27 8 99
4177 16 1 100
4178 28 241 100
4179 16 1 101
4180 16 1 102
4181 16 1 103
4182 16 1 104
4183 16 1 105
4184 16 1 106
4185 16 1 107
4186 16 1 108
4187 16 1 109
4188 16 1 110
4189 16 1 111
4190 16 1 112
4191 17 1 90
4192 17 1 91
4193 18 255 91
4194 17 1 92
4195 19 4 92
4196 17 1 93
4197 20 249 93
4198 17 1 94
4199 21 16 94
4200 17 1 95
4201 22 225 95
4202 17 1 96
4203 23 64 96
4204 17 1 97
4205 24 129 97
4206 17 1 98
4207 25 256 98
4208 17 1 99
4209 26 2 99
4210 17 1 100
4211 27 253 100
4212 17 1 101
4213 28 8 101
4214 17 1 102
4215 29 241 102
4216 17 1 103
4217 30 32 103
4218 17 1 104
4219 17 1 105
4220 17 1 106
4221 17 1 107
4222 17 1 108
4223 17 1 109
4224 17 1 110
4225 17 1 111
4226 17 1 112
4227 18 1 92
4228 18 1 93
4229 19 255 93
4230 18 1 94
4231 20 4 94
4232 18 1 95
4233 21 249 95
4234 18 1 96
4235 22 16 96
4236 18 1 97
4237 23 225 97
4238 18 1 98
4239 24 64 98
4240 18 1 99
4241 25 129 99
4242 18 1 100
4243 26 256 100
4244 18 1 101
4245 27 2 101
4246 18 1 102
4247 28 253 102
4248 18 1 103
4249 29 8 103
4250 18 1 104
4251 30 241 104
4252 18 1 105
4253 31 32 105
4254 18 1 106
4255 32 193 106
4256 18 1 107
4257 18 1 108
4258 18 1 109
4259 18 1 110
4260 18 1 111
4261 18 1 112
4262 19 1 94
4263 19 1 95
4264 20 255 95
4265 19 1 96
4266 21 4 96
4267 19 1 97
4268 22 249 97
4269 19 1 98
4270 23 16 98
4271 19 1 99
4272 24 225 99
4273 19 1 100
4274 25 64 100
4275 19 1 101
4276 26 129 101
4277 19 1 102
4278 27 256 102
4279 19 1 103
4280 28 2 103
4281 19 1 104
4282 29 253 104
4283 19 1 105
4284 30 8 105
4285 19 1 106
4286 31 241 106
4287 19 1 107
4288 32 32 107
4289 19 1 108
4290 33 193 108
4291 19 1 109
4292 34 128 109
4293 19 1 110
4294 19 1 111
4295 19 1 112
4296 20 1 96
4297 20 1 97
4298 21 255 97
4299 20 1 98
4300 22 4 98
4301 20 1 99
4302 23 249 99
4303 20 1 100
4304 24 16 100
4305 20 1 101
4306 25 225 101
4307 20 1 102
4308 26 64 102
4309 20 1 103
4310 27 129 103
4311 20 1 104
4312 28 256 104
4313 20 1 105
4314 29 2 105
4315 20 1 106
4316 30 253 106
4317 20 1 107
4318 31 8 107
4319 20 1 108
4320 32 241 108
4321 20 1 109
4322 33 32 109
4323 20 1 110
4324 34 193 110
4325 20 1 111
4326 35 128 111
4327 20 1 112
4328 36 1 112
4329 21 1 98
4330 21 1 99
4331 22 255 99
4332 21 1 100
4333 23 4 100
4334 21 1 101
4335 24 249 101
4336 21 1 102
4337 25 16 102
4338 21 1 103
4339 26 225 103
4340 21 1 104
4341 27 64 104
4342 21 1 105
4343 28 129 105
4344 21 1 106
4345 29 256 106
4346 21 1 107
4347 30 2 107
4348 21 1 108
4349 31 253 108
4350 21 1 109
4351 32 8 109
4352 21 1 110
4353 33 241 110
4354 21 1 111
4355 34 32 111
4356 21 1 112
4357 35 193 112
4358 19 30 113
4359 20 8 113
4360 21 1 113
4361 22 1 100
4362 22 1 101
4363 23 255 101
4364 22 1 102
4365 24 4 102
4366 22 1 103
4367 25 249 103
4368 22 1 104
4369 26 16 104
4370 22 1 105
4371 27 225 105
4372 22 1 106
4373 28 64 106
4374 22 1 107
4375 29 129 107
4376 22 1 108
4377 30 256 108
4378 22 1 109
4379 31 2 109
4380 22 1 110
4381 32 253 110
4382 22 1 111
4383 33 8 111
4384 22 1 112
4385 34 241 112
4386 17 97 113
4387 18 213 113
4388 22 1 113
4389 36 237 113
4390 21 68 114
4391 22 1 114
4392 23 1 102
4393 23 1 103
4394 24 255 103
4395 23 1 104
4396 25 4 104
4397 23 1 105
4398 26 249 105
4399 23 1 106
4400 27 16 106
4401 23 1 107
4402 28 225 107
4403 23 1 108
4404 29 64 108
4405 23 1 109
4406 30 129 109
4407 23 1 110
4408 31 256 110
4409 23 1 111
4410 32 2 111
4411 23 1 112
4412 33 253 112
4413 15 189 113
4414 16 88 113
4415 23 1 113
4416 35 209 113
4417 19 87 114
4418 20 146 114
4419 23 1 114
4420 37 97 114
4421 23 1 115
4422 24 1 104
4423 24 1 105
4424 25 255 105
4425 24 1 106
4426 26 4 106
4427 24 1 107
4428 27 249 107
4429 24 1 108
4430 28 16 108
4431 24 1 109
4432 29 225 109
4433 24 1 110
4434 30 64 110
4435 24 1 111
4436 31 129 111
4437 24 1 112
4438 32 256 112
4439 13 254 113
4440 14 164 113
4441 24 1 113
4442 34 220 113
4443 17 21 114
4444 18 124 114
4445 24 1 114
4446 36 248 114
4447 21 86 115
4448 22 165 115
4449 24 1 115
4450 38 170 115
4451 25 1 106
4452 25 1 107
4453 26 255 107
4454 25 1 108
4455 27 4 108
4456 25 1 109
4457 28 249 109
4458 25 1 110
4459 29 16 110
4460 25 1 111
4461 30 225 111
4462 25 1 112
4463 31 64 112
4464 11 69 113
4465 12 19 113
4466 25 1 113
4467 33 84 113
4468 15 162 114
4469 16 139 114
4470 25 1 114
4471 35 238 114
4472 19 141 115
4473 20 135 115
4474 25 1 115
4475 37 221 115
4476 23 240 116
4477 24 66 116
4478 25 1 116
4479 26 1 108
4480 26 1 109
4481 27 255 109
4482 26 1 110
4483 28 4 110
4484 26 1 111
4485 29 249 111
4486 26 1 112
4487 30 16 112
4488 9 37 113
4489 10 46 113
4490 26 1 113
4491 32 141 113
4492 13 84 114
4493 14 79 114
4494 26 1 114
4495 34 75 114
4496 17 36 115
4497 18 88 115
4498 26 1 115
4499 36 64 115
4500 21 85 116
4501 22 147 116
4502 26 1 116
4503 38 77 116
4504 25 27 117
4505 26 1 117
4506 27 1 110
4507 27 1 111
4508 28 255 111
4509 27 1 112
4510 29 4 112
4511 7 159 113
4512 8 64 113
4513 27 1 113
4514 31 248 113
4515 11 28 114
4516 12 139 114
4517 27 1 114
4518 33 128 114
4519 15 180 115
4520 16 206 115
4521 27 1 115
4522 35 135 115
4523 19 179 116
4524 20 152 116
4525 27 1 116
4526 37 85 116
4527 23 131 117
4528 24 27 117
4529 27 1 117
4530 39 25 117
4531 27 1 118
4532 28 1 112
4533 5 255 113
4534 6 165 113
4535 28 1 113
4536 30 139 113
4537 9 178 114
4538 10 146 114
4539 28 1 114
4540 32 4 114
4541 13 57 115
4542 14 182 115
4543 28 1 115
4544 34 108 115
4545 17 60 116
4546 18 240 116
4547 28 1 116
4548 36 255 116
4549 21 218 117
4550 22 76 117
4551 28 1 117
4552 38 255 117
4553 25 167 118
4554 26 56 118
4555 28 1 118
4556 40 68 118
4557 29 1 113
4558 7 11 114
4559 8 249 114
4560 29 1 114
4561 31 230 114
4562 11 193 115
4563 12 89 115
4564 29 1 115
4565 33 5 115
4566 15 18 116
4567 16 71 116
4568 29 1 116
4569 35 162 116
4570 19 255 117
4571 20 249 117
4572 29 1 117
4573 37 253 117
4574 23 231 118
4575 24 222 118
4576 29 1 118
4577 39 250 118
4578 27 253 119
4579 28 111 119
4580 29 1 119
4581 30 1 114
4582 9 2 115
4583 10 92 115
4584 30 1 115
4585 32 146 115
4586 13 135 116
4587 14 1 116
4588 30 1 116
4589 34 92 116
4590 17 8 117
4591 18 3 117
4592 30 1 117
4593 36 227 117
4594 21 63 118
4595 22 252 118
4596 30 1 118
4597 38 175 118
4598 25 198 119
4599 26 227 119
4600 30 1 119
4601 40 141 119
4602 29 81 120
4603 30 1 120
4604 31 1 115
4605 11 74 116
4606 12 63 116
4607 31 1 116
4608 33 48 116
4609 15 138 117
4610 16 41 117
4611 31 1 117
4612 35 155 117
4613 19 171 118
4614 20 32 118
4615 31 1 118
4616 37 209 118
4617 23 256 119
4618 24 253 119
4619 31 1 119
4620 39 237 119
4621 27 233 120
4622 28 27 120
4623 31 1 120
4624 41 75 120
4625 31 1 121
4626 32 1 116
4627 13 81 117
4628 14 128 117
4629 32 1 117
4630 34 99 117
4631 17 248 118
4632 18 137 118
4633 32 1 118
4634 36 5 118
4635 21 64 119
4636 22 24 119
4637 32 1 119
4638 38 177 119
4639 25 256 120
4640 26 253 120
4641 32 1 120
4642 40 205 120
4643 29 225 121
4644 30 36 121
4645 32 1 121
4646 42 54 121
4647 33 1 117
4648 15 232 118
4649 16 135 118
4650 33 1 118
4651 35 15 118
4652 19 39 119
4653 20 6 119
4654 33 1 119
4655 37 178 119
4656 23 94 120
4657 24 228 120
4658 33 1 120
4659 39 117 120
4660 27 236 121
4661 28 173 121
4662 33 1 121
4663 41 101 121
4664 31 228 122
4665 32 129 122
4666 33 1 122
4667 34 1 118
4668 17 69 119
4669 18 90 119
4670 34 1 119
4671 36 17 119
4672 21 2 120
4673 22 198 120
4674 34 1 120
4675 38 196 120
4676 25 34 121
4677 26 77 121
4678 34 1 121
4679 40 254 121
4680 29 97 122
4681 30 131 122
4682 34 1 122
4683 42 199 122
4684 33 199 123
4685 34 1 123
4686 35 1 119
4687 19 208 120
4688 20 59 120
4689 35 1 120
4690 37 203 120
4691 23 242 121
4692 24 57 121
4693 35 1 121
4694 39 223 121
4695 27 225 122
4696 28 245 122
4697 35 1 122
4698 41 251 122
4699 31 153 123
4700 32 98 123
4701 35 1 123
4702 43 224 123
4703 35 1 124
4704 36 1 120
4705 21 208 121
4706 22 59 121
4707 36 1 121
4708 38 254 121
4709 25 201 122
4710 26 110 122
4711 36 1 122
4712 40 8 122
4713 29 118 123
4714 30 237 123
4715 36 1 123
4716 42 141 123
4717 33 131 124
4718 34 10 124
4719 36 1 124
4720 44 217 124
4721 37 1 121
4722 23 44 122
4723 24 225 122
4724 37 1 122
4725 39 125 122
4726 27 72 123
4727 28 189 123
4728 37 1 123
4729 41 12 123
4730 31 236 124
4731 32 217 124
4732 37 1 124
4733 43 224 124
4734 35 178 125
4735 36 198 125
4736 37 1 125
4737 38 1 122
4738 25 173 123
4739 26 248 123
4740 38 1 123
4741 40 101 123
4742 29 132 124
4743 30 218 124
4744 38 1 124
4745 42 129 124
4746 33 1 125
4747 34 161 125
4748 38 1 125
4749 44 158 125
4750 37 193 126
4751 38 1 126
4752 39 1 123
4753 27 16 124
4754 28 222 124
4755 39 1 124
4756 41 224 124
4757 31 31 125
4758 32 242 125
4759 39 1 125
4760 43 215 125
4761 35 60 126
4762 36 151 126
4763 39 1 126
4764 45 118 126
4765 39 1 127
4766 40 1 124
4767 29 32 125
4768 30 187 125
4769 40 1 125
4770 42 131 125
4771 33 132 126
4772 34 218 126
4773 40 1 126
4774 44 130 126
4775 37 210 127
4776 38 143 127
4777 40 1 127
4778 46 55 127
4779 41 1 125
4780 31 99 126
4781 32 185 126
4782 41 1 126
4783 43 228 126
4784 35 68 127
4785 36 50 127
4786 41 1 127
4787 45 3 127
4788 39 129 128
4789 40 209 128
4790 41 1 128
4791 42 1 126
4792 33 123 127
4793 34 4 127
4794 42 1 127
4795 44 183 127
4796 37 255 128
4797 38 59 128
4798 42 1 128
4799 46 7 128
4800 41 174 129
4801 42 1 129
4802 43 1 127
4803 35 153 128
4804 36 99 128
4805 43 1 128
4806 45 244 128
4807 39 101 129
4808 40 233 129
4809 43 1 129
4810 47 21 129
4811 43 1 130
4812 44 1 128
4813 37 98 129
4814 38 139 129
4815 44 1 129
4816 46 136 129
4817 41 144 130
4818 42 121 130
4819 44 1 130
4820 48 105 130
4821 45 1 129
4822 39 219 130
4823 40 51 130
4824 45 1 130
4825 47 204 130
4826 43 163 131
4827 44 203 131
4828 45 1 131
4829 46 1 130
4830 41 29 131
4831 42 49 131
4832 46 1 131
4833 48 83 131
4834 45 135 132
4835 46 1 132
4836 47 1 131
4837 43 169 132
4838 44 64 132
4839 47 1 132
4840 49 166 132
4841 47 1 133
4842 48 1 132
4843 45 148 133
4844 46 126 133
4845 48 1 133
4846 50 241 133
4847 49 1 133
4848 47 16 134
4849 48 222 134
4850 49 1 134
4851 50 1 134
4852 49 95 135
4853 50 1 135
4854 51 1 135
4855 51 1 136
4856 52 1 136
4857 53 229 138
4858 52 162 137
4859 51 54 137
4860 50 18 136
4861 49 6 136
4862 48 2 135
4863 47 172 135
4864 46 143 134
4865 45 219 134
4866 44 73 133
4867 43 110 133
4868 42 208 132
4869 41 155 132
4870 40 223 131
4871 39 160 131
4872 38 139 130
4873 37 132 130
4874 36 44 129
4875 35 186 129
4876 34 62 128
4877 33 192 128
4878 32 64 127
4879 31 107 127
4880 30 207 126
4881 29 69 126
4882 28 23 125
4883 27 179 125
4884 26 231 124
4885 25 77 124
4886 24 197 123
4887 23 237 123
4888 22 79 122
4889 21 112 122
4890 20 123 121
4891 19 41 121
4892 18 185 120
4893 17 233 120
4894 16 249 119
4895 15 83 119
4896 14 199 118
4897 13 152 118
4898 12 222 117
4899 11 74 117
4900 54 229 139
4901 53 162 139
4902 52 54 138
4903 51 18 138
4904 50 6 137
4905 49 2 137
4906 48 172 136
4907 47 143 136
4908 46 219 135
4909 45 73 135
4910 44 110 134
4911 43 208 134
4912 42 155 133
4913 41 223 133
4914 40 160 132
4915 39 139 132
4916 38 132 131
4917 37 44 131
4918 36 186 130
4919 35 62 130
4920 34 192 129
4921 33 64 129
4922 32 107 128
4923 31 207 128
4924 30 69 127
4925 29 23 127
4926 28 179 126
4927 27 231 126
4928 26 77 125
4929 25 197 125
4930 24 237 124
4931 23 79 124
4932 22 112 123
4933 21 123 123
4934 20 41 122
4935 19 185 122
4936 18 233 121
4937 17 249 121
4938 16 83 120
4939 15 199 120
4940 14 152 119
4941 13 222 119
4942 55 229 141
4943 54 162 140
4944 53 54 140
4945 52 18 139
4946 51 6 139
4947 50 2 138
4948 49 172 138
4949 48 143 137
4950 47 219 137
4951 46 73 136
4952 45 110 136
4953 44 208 135
4954 43 155 135
4955 42 223 134
4956 41 160 134
4957 40 139 133
4958 39 132 133
4959 38 44 132
4960 37 186 132
4961 36 62 131
4962 35 192 131
4963 34 64 130
4964 33 107 130
4965 32 207 129
4966 31 69 129
4967 30 23 128
4968 29 179 128
4969 28 231 127
4970 27 77 127
4971 26 197 126
4972 25 237 126
4973 24 79 125
4974 23 112 125
4975 22 123 124
4976 21 41 124
4977 20 185 123
4978 19 233 123
4979 18 249 122
4980 17 83 122
4981 16 199 121
4982 15 152 121
4983 56 229 142
4984 55 162 142
4985 54 54 141
4986 53 18 141
4987 52 6 140
4988 51 2 140
4989 50 172 139
4990 49 143 139
4991 48 219 138
4992 47 73 138
4993 46 110 137
4994 45 208 137
4995 44 155 136
4996 43 223 136
4997 42 160 135
4998 41 139 135
4999 40 132 134
5000 39 44 134
5001 38 186 133
5002 37 62 133
5003 36 192 132
5004 35 64 132
5005 34 107 131
5006 33 207 131
5007 32 69 130
5008 31 23 130
5009 30 179 129
5010 29 231 129
5011 28 77 128
5012 27 197 128
5013 26 237 127
5014 25 79 127
5015 24 112 126
5016 23 123 126
5017 22 41 125
5018 21 185 125
5019 20 233 124
5020 19 249 124
5021 18 83 123
5022 17 199 123
5023 57 229 144
5024 56 162 143
5025 55 54 143
5026 54 18 142
5027 53 6 142
5028 52 2 141
5029 51 172 141
5030 50 143 140
5031 49 219 140
5032 48 73 139
5033 47 110 139
5034 46 208 138
5035 45 155 138
5036 44 223 137
5037 43 160 137
5038 42 139 136
5039 41 132 136
5040 40 44 135
5041 39 186 135
5042 38 62 134
5043 37 192 134
5044 36 64 133
5045 35 107 133
5046 34 207 132
5047 33 69 132
5048 32 23 131
5049 31 179 131
5050 30 231 130
5051 29 77 130
5052 28 197 129
5053 27 237 129
5054 26 79 128
5055 25 112 128
5056 24 123 127
5057 23 41 127
5058 22 185 126
5059 21 233 126
5060 20 249 125
5061 19 83 125
5062 58 229 145
5063 57 162 145
5064 56 54 144
5065 55 18 144
5066 54 6 143
5067 53 2 143
5068 52 172 142
5069 51 143 142
5070 50 219 141
5071 49 73 141
5072 48 110 140
5073 47 208 140
5074 46 155 139
5075 45 223 139
5076 44 160 138
5077 43 139 138
5078 42 132 137
5079 41 44 137
5080 40 186 136
5081 39 62 136
5082 38 192 135
5083 37 64 135
5084 36 107 134
5085 35 207 134
5086 34 69 133
5087 33 23 133
5088 32 179 132
5089 31 231 132
5090 30 77 131
5091 29 197 131
5092 28 237 130
5093 27 79 130
5094 26 112 129
5095 25 123 129
5096 24 41 128
5097 23 185 128
5098 22 233 127
5099 21 249 127
5100 59 229 147
5101 58 162 146
5102 57 54 146
5103 56 18 145
5104 55 6 145
5105 54 2 144
5106 53 172 144
5107 52 143 143
5108 51 219 143
5109 50 73 142
5110 49 110 142
5111 48 208 141
5112 47 155 141
5113 46 223 140
5114 45 160 140
5115 44 139 139
5116 43 132 139
5117 42 44 138
5118 41 186 138
5119 40 62 137
5120 39 192 137
5121 38 64 136
5122 37 107 136
5123 36 207 135
5124 35 69 135
5125 34 23 134
5126 33 179 134
5127 32 231 133
5128 31 77 133
5129 30 197 132
5130 29 237 132
5131 28 79 131
5132 27 112 131
5133 26 123 130
5134 25 41 130
5135 24 185 129
5136 23 233 129
5137 60 229 148
5138 59 162 148
5139 58 54 147
5140 57 18 147
5141 56 6 146
5142 55 2 146
5143 54 172 145
5144 53 143 145
5145 52 219 144
5146 51 73 144
5147 50 110 143
5148 49 208 143
5149 48 155 142
5150 47 223 142
5151 46 160 141
5152 45 139 141
5153 44 132 140
5154 43 44 140
5155 42 186 139
5156 41 62 139
5157 40 192 138
5158 39 64 138
5159 38 107 137
5160 37 207 137
5161 36 69 136
5162 35 23 136
5163 34 179 135
5164 33 231 135
5165 32 77 134
5166 31 197 134
5167 30 237 133
5168 29 79 133
5169 28 112 132
5170 27 123 132
5171 26 41 131
5172 25 185 131
5173 61 229 150
5174 60 162 149
5175 59 54 149
5176 58 18 148
5177 57 6 148
5178 56 2 147
5179 55 172 147
5180 54 143 146
5181 53 219 146
5182 52 73 145
5183 51 110 145
5184 50 208 144
5185 49 155 144
5186 48 223 143
5187 47 160 143
5188 46 139 142
5189 45 132 142
5190 44 44 141
5191 43 186 141
5192 42 62 140
5193 41 192 140
5194 40 64 139
5195 39 107 139
5196 38 207 138
5197 37 69 138
5198 36 23 137
5199 35 179 137
5200 34 231 136
5201 33 77 136
5202 32 197 135
5203 31 237 135
5204 30 79 134
5205 29 112 134
5206 28 123 133
5207 27 41 133
5208 62 229 151
5209 61 162 151
5210 60 54 150
5211 59 18 150
5212 58 6 149
5213 57 2 149
5214 56 172 148
5215 55 143 148
5216 54 219 147
5217 53 73 147
5218 52 110 146
5219 51 208 146
5220 50 155 145
5221 49 223 145
5222 48 160 144
5223 47 139 144
5224 46 132 143
5225 45 44 143
5226 44 186 142
5227 43 62 142
5228 42 192 141
5229 41 64 141
5230 40 107 140
5231 39 207 140
5232 38 69 139
5233 37 23 139
5234 36 179 138
5235 35 231 138
5236 34 77 137
5237 33 197 137
5238 32 237 136
5239 31 79 136
5240 30 112 135
5241 29 123 135
5242 63 229 153
5243 62 162 152
5244 61 54 152
5245 60 18 151
5246 59 6 151
5247 58 2 150
5248 57 172 150
5249 56 143 149
5250 55 219 149
5251 54 73 148
5252 53 110 148
5253 52 208 147
5254 51 155 147
5255 50 223 146
5256 49 160 146
5257 48 139 145
5258 47 132 145
5259 46 44 144
5260 45 186 144
5261 44 62 143
5262 43 192 143
5263 42 64 142
5264 41 107 142
5265 40 207 141
5266 39 69 141
5267 38 23 140
5268 37 179 140
5269 36 231 139
5270 35 77 139
5271 34 197 138
5272 33 237 138
5273 32 79 137
5274 31 112 137
5275 64 229 154
5276 63 162 154
5277 62 54 153
5278 61 18 153
5279 60 6 152
5280 59 2 152
5281 58 172 151
5282 57 143 151
5283 56 219 150
5284 55 73 150
5285 54 110 149
5286 53 208 149
5287 52 155 148
5288 51 223 148
5289 50 160 147
5290 49 139 147
5291 48 132 146
5292 47 44 146
5293 46 186 145
5294 45 62 145
5295 44 192 144
5296 43 64 144
5297 42 107 143
5298 41 207 143
5299 40 69 142
5300 39 23 142
5301 38 179 141
5302 37 231 141
5303 36 77 140
5304 35 197 140
5305 34 237 139
5306 33 79 139
5307 65 229 156
5308 64 162 155
5309 63 54 155
5310 62 18 154
5311 61 6 154
5312 60 2 153
5313 59 172 153
5314 58 143 152
5315 57 219 152
5316 56 73 151
5317 55 110 151
5318 54 208 150
5319 53 155 150
5320 52 223 149
5321 51 160 149
5322 50 139 148
5323 49 132 148
5324 48 44 147
5325 47 186 147
5326 46 62 146
5327 45 192 146
5328 44 64 145
5329 43 107 145
5330 42 207 144
5331 41 69 144
5332 40 23 143
5333 39 179 143
5334 38 231 142
5335 37 77 142
5336 36 197 141
5337 35 237 141
5338 66 229 157
5339 65 162 157
5340 64 54 156
5341 63 18 156
5342 62 6 155
5343 61 2 155
5344 60 172 154
5345 59 143 154
5346 58 219 153
5347 57 73 153
5348 56 110 152
5349 55 208 152
5350 54 155 151
5351 53 223 151
5352 52 160 150
5353 51 139 150
5354 50 132 149
5355 49 44 149
5356 48 186 148
5357 47 62 148
5358 46 192 147
5359 45 64 147
5360 44 107 146
5361 43 207 146
5362 42 69 145
5363 41 23 145
5364 40 179 144
5365 39 231 144
5366 38 77 143
5367 37 197 143
5368 67 229 159
5369 66 162 158
5370 65 54 158
5371 64 18 157
5372 63 6 157
5373 62 2 156
5374 61 172 156
5375 60 143 155
5376 59 219 155
5377 58 73 154
5378 57 110 154
5379 56 208 153
5380 55 155 153
5381 54 223 152
5382 53 160 152
5383 52 139 151
5384 51 132 151
5385 50 44 150
5386 49 186 150
5387 48 62 149
5388 47 192 149
5389 46 64 148
5390 45 107 148
5391 44 207 147
5392 43 69 147
5393 42 23 146
5394 41 179 146
5395 40 231 145
5396 39 77 145
5397 68 229 160
5398 67 162 160
5399 66 54 159
5400 65 18 159
5401 64 6 158
5402 63 2 158
5403 62 172 157
5404 61 143 157
5405 60 219 156
5406 59 73 156
5407 58 110 155
5408 57 208 155
5409 56 155 154
5410 55 223 154
5411 54 160 153
5412 53 139 153
5413 52 132 152
5414 51 44 152
5415 50 186 151
5416 49 62 151
5417 48 192 150
5418 47 64 150
5419 46 107 149
5420 45 207 149
5421 44 69 148
5422 43 23 148
5423 42 179 147
5424 41 231 147
5425 69 229 162
5426 68 162 161
5427 67 54 161
5428 66 18 160
5429 65 6 160
5430 64 2 159
5431 63 172 159
5432 62 143 158
5433 61 219 158
5434 60 73 157
5435 59 110 157
5436 58 208 156
5437 57 155 156
5438 56 223 155
5439 55 160 155
5440 54 139 154
5441 53 132 154
5442 52 44 153
5443 51 186 153
5444 50 62 152
5445 49 192 152
5446 48 64 151
5447 47 107 151
5448 46 207 150
5449 45 69 150
5450 44 23 149
5451 43 179 149
5452 70 229 163
5453 69 162 163
5454 68 54 162
5455 67 18 162
5456 66 6 161
5457 65 2 161
5458 64 172 160
5459 63 143 160
5460 62 219 159
5461 61 73 159
5462 60 110 158
5463 59 208 158
5464 58 155 157
5465 57 223 157
5466 56 160 156
5467 55 139 156
5468 54 132 155
5469 53 44 155
5470 52 186 154
5471 51 62 154
5472 50 192 153
5473 49 64 153
5474 48 107 152
5475 47 207 152
5476 46 69 151
5477 45 23 151
5478 71 229 165
5479 70 162 164
5480 69 54 164
5481 68 18 163
5482 67 6 163
5483 66 2 162
5484 65 172 162
5485 64 143 161
5486 63 219 161
5487 62 73 160
5488 61 110 160
5489 60 208 159
5490 59 155 159
5491 58 223 158
5492 57 160 158
5493 56 139 157
5494 55 132 157
5495 54 44 156
5496 53 186 156
5497 52 62 155
5498 51 192 155
5499 50 64 154
5500 49 107 154
5501 48 207 153
5502 47 69 153
5503 72 229 166
5504 71 162 166
5505 70 54 165
5506 69 18 165
5507 68 6 164
5508 67 2 164
5509 66 172 163
5510 65 143 163
5511 64 219 162
5512 63 73 162
5513 62 110 161
5514 61 208 161
5515 60 155 160
5516 59 223 160
5517 58 160 159
5518 57 139 159
5519 56 132 158
5520 55 44 158
5521 54 186 157
5522 53 62 157
5523 52 192 156
5524 51 64 156
5525 50 107 155
5526 49 207 155
5527 73 229 168
5528 72 162 167
5529 71 54 167
5530 70 18 166
5531 69 6 166
5532 68 2 165
5533 67 172 165
5534 66 143 164
5535 65 219 164
5536 64 73 163
5537 63 110 163
5538 62 208 162
5539 61 155 162
5540 60 223 161
5541 59 160 161
5542 58 139 160
5543 57 132 160
5544 56 44 159
5545 55 186 159
5546 54 62 158
5547 53 192 158
5548 52 64 157
5549 51 107 157
5550 74 229 169
5551 73 162 169
5552 72 54 168
5553 71 18 168
5554 70 6 167
5555 69 2 167
5556 68 172 166
5557 67 143 166
5558 66 219 165
5559 65 73 165
5560 64 110 164
5561 63 208 164
5562 62 155 163
5563 61 223 163
5564 60 160 162
5565 59 139 162
5566 58 132 161
5567 57 44 161
5568 56 186 160
5569 55 62 160
5570 54 192 159
5571 53 64 159
5572 75 229 171
5573 74 162 170
5574 73 54 170
5575 72 18 169
5576 71 6 169
5577 70 2 168
5578 69 172 168
5579 68 143 167
5580 67 219 167
5581 66 73 166
5582 65 110 166
5583 64 208 165
5584 63 155 165
5585 62 223 164
5586 61 160 164
5587 60 139 163
5588 59 132 163
5589 58 44 162
5590 57 186 162
5591 56 62 161
5592 55 192 161
5593 76 229 172
5594 75 162 172
5595 74 54 171
5596 73 18 171
5597 72 6 170
5598 71 2 170
5599 70 172 169
5600 69 143 169
5601 68 219 168
5602 67 73 168
5603 66 110 167
5604 65 208 167
5605 64 155 166
5606 63 223 166
5607 62 160 165
5608 61 139 165
5609 60 132 164
5610 59 44 164
5611 58 186 163
5612 57 62 163
5613 77 229 174
5614 76 162 173
5615 75 54 173
5616 74 18 172
5617 73 6 172
5618 72 2 171
5619 71 172 171
5620 70 143 170
5621 69 219 170
5622 68 73 169
5623 67 110 169
5624 66 208 168
5625 65 155 168
5626 64 223 167
5627 63 160 167
5628 62 139 166
5629 61 132 166
5630 60 44 165
5631 59 186 165
5632 78 229 175
5633 77 162 175
5634 76 54 174
5635 75 18 174
5636 74 6 173
5637 73 2 173
5638 72 172 172
5639 71 143 172
5640 70 219 171
5641 69 73 171
5642 68 110 170
5643 67 208 170
5644 66 155 169
5645 65 223 169
5646 64 160 168
5647 63 139 168
5648 62 132 167
5649 61 44 167
5650 79 229 177
5651 78 162 176
5652 77 54 176
5653 76 18 175
5654 75 6 175
5655 74 2 174
5656 73 172 174
5657 72 143 173
5658 71 219 173
5659 70 73 172
5660 69 110 172
5661 68 208 171
5662 67 155 171
5663 66 223 170
5664 65 160 170
5665 64 139 169
5666 63 132 169
5667 80 229 178
5668 79 162 178
5669 78 54 177
5670 77 18 177
5671 76 6 176
5672 75 2 176
5673 74 172 175
5674 73 143 175
5675 72 219 174
5676 71 73 174
5677 70 110 173
5678 69 208 173
5679 68 155 172
5680 67 223 172
5681 66 160 171
5682 65 139 171
5683 81 229 180
5684 80 162 179
5685 79 54 179
5686 78 18 178
5687 77 6 178
5688 76 2 177
5689 75 172 177
5690 74 143 176
5691 73 219 176
5692 72 73 175
5693 71 110 175
5694 70 208 174
5695 69 155 174
5696 68 223 173
5697 67 160 173
5698 82 229 181
5699 81 162 181
5700 80 54 180
5701 79 18 180
5702 78 6 179
5703 77 2 179
5704 76 172 178
5705 75 143 178
5706 74 219 177
5707 73 73 177
5708 72 110 176
5709 71 208 176
5710 70 155 175
5711 69 223 175
5712 83 229 183
5713 82 162 182
5714 81 54 182
5715 80 18 181
5716 79 6 181
5717 78 2 180
5718 77 172 180
5719 76 143 179
5720 75 219 179
5721 74 73 178
5722 73 110 178
5723 72 208 177
5724 71 155 177
5725 84 229 184
5726 83 162 184
5727 82 54 183
5728 81 18 183
5729 80 6 182
5730 79 2 182
5731 78 172 181
5732 77 143 181
5733 76 219 180
5734 75 73 180
5735 74 110 179
5736 73 208 179
5737 85 229 186
5738 84 162 185
5739 83 54 185
5740 82 18 184
5741 81 6 184
5742 80 2 183
5743 79 172 183
5744 78 143 182
5745 77 219 182
5746 76 73 181
5747 75 110 181
5748 86 229 187
5749 85 162 187
5750 84 54 186
5751 83 18 186
5752 82 6 185
5753 81 2 185
5754 80 172 184
5755 79 143 184
5756 78 219 183
5757 77 73 183
5758 87 229 189
5759 86 162 188
5760 85 54 188
5761 84 18 187
5762 83 6 187
5763 82 2 186
5764 81 172 186
5765 80 143 185
5766 79 219 185
5767 88 229 190
5768 87 162 190
5769 86 54 189
5770 85 18 189
5771 84 6 188
5772 83 2 188
5773 82 172 187
5774 81 143 187
5775 89 229 192
5776 88 162 191
5777 87 54 191
5778 86 18 190
5779 85 6 190
5780 84 2 189
5781 83 172 189
5782 90 229 193
5783 89 162 193
5784 88 54 192
5785 87 18 192
5786 86 6 191
5787 85 2 191
5788 91 229 195
5789 90 162 194
5790 89 54 194
5791 88 18 193
5792 87 6 193
5793 92 229 196
5794 91 162 196
5795 90 54 195
5796 89 18 195
5797 93 229 198
5798 92 162 197
5799 91 54 197
5800 94 229 199
5801 93 162 199
5802 95 229 201
5803 96 253 202
5804 94 256 200
5805 92 64 198
5806 90 16 196
5807 88 4 194
5808 86 1 192
5809 84 193 190
5810 82 241 188
5811 80 253 186
5812 78 256 184
5813 76 64 182
5814 74 16 180
5815 72 4 178
5816 70 1 176
5817 68 193 174
5818 66 241 172
5819 64 253 170
5820 62 256 168
5821 60 64 166
5822 58 16 164
5823 56 4 162
5824 54 1 160
5825 52 193 158
5826 50 241 156
5827 48 253 154
5828 46 256 152
5829 44 64 150
5830 42 16 148
5831 40 4 146
5832 38 1 144
5833 36 193 142
5834 34 241 140
5835 32 253 138
5836 30 256 136
5837 28 64 134
5838 26 16 132
5839 24 4 130
5840 22 1 128
5841 20 193 126
5842 18 241 124
5843 16 253 122
5844 97 253 204
5845 95 256 202
5846 93 64 200
5847 91 16 198
5848 89 4 196
5849 87 1 194
5850 85 193 192
5851 83 241 190
5852 81 253 188
5853 79 256 186
5854 77 64 184
5855 75 16 182
5856 73 4 180
5857 71 1 178
5858 69 193 176
5859 67 241 174
5860 65 253 172
5861 63 256 170
5862 61 64 168
5863 59 16 166
5864 57 4 164
5865 55 1 162
5866 53 193 160
5867 51 241 158
5868 49 253 156
5869 47 256 154
5870 45 64 152
5871 43 16 150
5872 41 4 148
5873 39 1 146
5874 37 193 144
5875 35 241 142
5876 33 253 140
5877 31 256 138
5878 29 64 136
5879 27 16 134
5880 25 4 132
5881 23 1 130
5882 21 193 128
5883 98 253 205
5884 96 256 203
5885 94 64 201
5886 92 16 199
5887 90 4 197
5888 88 1 195
5889 86 193 193
5890 84 241 191
5891 82 253 189
5892 80 256 187
5893 78 64 185
5894 76 16 183
5895 74 4 181
5896 72 1 179
5897 70 193 177
5898 68 241 175
5899 66 253 173
5900 64 256 171
5901 62 64 169
5902 60 16 167
5903 58 4 165
5904 56 1 163
5905 54 193 161
5906 52 241 159
5907 50 253 157
5908 48 256 155
5909 46 64 153
5910 44 16 151
5911 42 4 149
5912 40 1 147
5913 38 193 145
5914 36 241 143
5915 34 253 141
5916 32 256 139
5917 30 64 137
5918 28 16 135
5919 26 4 133
5920 99 253 207
5921 97 256 205
5922 95 64 203
5923 93 16 201
5924 91 4 199
5925 89 1 197
5926 87 193 195
5927 85 241 193
5928 83 253 191
5929 81 256 189
5930 79 64 187
5931 77 16 185
5932 75 4 183
5933 73 1 181
5934 71 193 179
5935 69 241 177
5936 67 253 175
5937 65 256 173
5938 63 64 171
5939 61 16 169
5940 59 4 167
5941 57 1 165
5942 55 193 163
5943 53 241 161
5944 51 253 159
5945 49 256 157
5946 47 64 155
5947 45 16 153
5948 43 4 151
5949 41 1 149
5950 39 193 147
5951 37 241 145
5952 35 253 143
5953 33 256 141
5954 31 64 139
5955 100 253 208
5956 98 256 206
5957 96 64 204
5958 94 16 202
5959 92 4 200
5960 90 1 198
5961 88 193 196
5962 86 241 194
5963 84 253 192
5964 82 256 190
5965 80 64 188
5966 78 16 186
5967 76 4 184
5968 74 1 182
5969 72 193 180
5970 70 241 178
5971 68 253 176
5972 66 256 174
5973 64 64 172
5974 62 16 170
5975 60 4 168
5976 58 1 166
5977 56 193 164
5978 54 241 162
5979 52 253 160
5980 50 256 158
5981 48 64 156
5982 46 16 154
5983 44 4 152
5984 42 1 150
5985 40 193 148
5986 38 241 146
5987 36 253 144
5988 101 253 210
5989 99 256 208
5990 97 64 206
5991 95 16 204
5992 93 4 202
5993 91 1 200
5994 89 193 198
5995 87 241 196
5996 85 253 194
5997 83 256 192
5998 81 64 190
5999 79 16 188
6000 77 4 186
6001 75 1 184
6002 73 193 182
6003 71 241 180
6004 69 253 178
6005 67 256 176
6006 65 64 174
6007 63 16 172
6008 61 4 170
6009 59 1 168
6010 57 193 166
6011 55 241 164
6012 53 253 162
6013 51 256 160
6014 49 64 158
6015 47 16 156
6016 45 4 154
6017 43 1 152
6018 41 193 150
6019 102 253 211
6020 100 256 209
6021 98 64 207
6022 96 16 205
6023 94 4 203
6024 92 1 201
6025 90 193 199
6026 88 241 197
6027 86 253 195
6028 84 256 193
6029 82 64 191
6030 80 16 189
6031 78 4 187
6032 76 1 185
6033 74 193 183
6034 72 241 181
6035 70 253 179
6036 68 256 177
6037 66 64 175
6038 64 16 173
6039 62 4 171
6040 60 1 169
6041 58 193 167
6042 56 241 165
6043 54 253 163
6044 52 256 161
6045 50 64 159
6046 48 16 157
6047 46 4 155
6048 103 253 213
6049 101 256 211
6050 99 64 209
6051 97 16 207
6052 95 4 205
6053 93 1 203
6054 91 193 201
6055 89 241 199
6056 87 253 197
6057 85 256 195
6058 83 64 193
6059 81 16 191
6060 79 4 189
6061 77 1 187
6062 75 193 185
6063 73 241 183
6064 71 253 181
6065 69 256 179
6066 67 64 177
6067 65 16 175
6068 63 4 173
6069 61 1 171
6070 59 193 169
6071 57 241 167
6072 55 253 165
6073 53 256 163
6074 51 64 161
6075 104 253 214
6076 102 256 212
6077 100 64 210
6078 98 16 208
6079 96 4 206
6080 94 1 204
6081 92 193 202
6082 90 241 200
6083 88 253 198
6084 86 256 196
6085 84 64 194
6086 82 16 192
6087 80 4 190
6088 78 1 188
6089 76 193 186
6090 74 241 184
6091 72 253 182
6092 70 256 180
6093 68 64 178
6094 66 16 176
6095 64 4 174
6096 62 1 172
6097 60 193 170
6098 58 241 168
6099 56 253 166
6100 105 253 216
6101 103 256 214
6102 101 64 212
6103 99 16 210
6104 97 4 208
6105 95 1 206
6106 93 193 204
6107 91 241 202
6108 89 253 200
6109 87 256 198
6110 85 64 196
6111 83 16 194
6112 81 4 192
6113 79 1 190
6114 77 193 188
6115 75 241 186
6116 73 253 184
6117 71 256 182
6118 69 64 180
6119 67 16 178
6120 65 4 176
6121 63 1 174
6122 61 193 172
6123 106 253 217
6124 104 256 215
6125 102 64 213
6126 100 16 211
6127 98 4 209
6128 96 1 207
6129 94 193 205
6130 92 241 203
6131 90 253 201
6132 88 256 199
6133 86 64 197
6134 84 16 195
6135 82 4 193
6136 80 1 191
6137 78 193 189
6138 76 241 187
6139 74 253 185
6140 72 256 183
6141 70 64 181
6142 68 16 179
6143 66 4 177
6144 107 253 219
6145 105 256 217
6146 103 64 215
6147 101 16 213
6148 99 4 211
6149 97 1 209
6150 95 193 207
6151 93 241 205
6152 91 253 203
6153 89 256 201
6154 87 64 199
6155 85 16 197
6156 83 4 195
6157 81 1 193
6158 79 193 191
6159 77 241 189
6160 75 253 187
6161 73 256 185
6162 71 64 183
6163 108 253 220
6164 106 256 218
6165 104 64 216
6166 102 16 214
6167 100 4 212
6168 98 1 210
6169 96 193 208
6170 94 241 206
6171 92 253 204
6172 90 256 202
6173 88 64 200
6174 86 16 198
6175 84 4 196
6176 82 1 194
6177 80 193 192
6178 78 241 190
6179 76 253 188
6180 109 253 222
6181 107 256 220
6182 105 64 218
6183 103 16 216
6184 101 4 214
6185 99 1 212
6186 97 193 210
6187 95 241 208
6188 93 253 206
6189 91 256 204
6190 89 64 202
6191 87 16 200
6192 85 4 198
6193 83 1 196
6194 81 193 194
6195 110 253 223
6196 108 256 221
6197 106 64 219
6198 104 16 217
6199 102 4 215
6200 100 1 213
6201 98 193 211
6202 96 241 209
6203 94 253 207
6204 92 256 205
6205 90 64 203
6206 88 16 201
6207 86 4 199
6208 111 253 225
6209 109 256 223
6210 107 64 221
6211 105 16 219
6212 103 4 217
6213 101 1 215
6214 99 193 213
6215 97 241 211
6216 95 253 209
6217 93 256 207
6218 91 64 205
6219 112 253 226
6220 110 256 224
6221 108 64 222
6222 106 16 220
6223 104 4 218
6224 102 1 216
6225 100 193 214
6226 98 241 212
6227 96 253 210
6228 113 253 228
6229 111 256 226
6230 109 64 224
6231 107 16 222
6232 105 4 220
6233 103 1 218
6234 101 193 216
6235 114 253 229
6236 112 256 227
6237 110 64 225
6238 108 16 223
6239 106 4 221
6240 115 253 231
6241 113 256 229
6242 111 64 227
6243 116 253 232
6244 0 241 113
6245 0 241 114
6246 0 241 115
6247 0 241 116
6248 0 241 117
6249 0 241 118
6250 0 241 119
6251 0 241 120
6252 0 241 121
6253 0 241 122
6254 0 241 123
6255 0 241 124
6256 0 241 125
6257 0 241 126
6258 0 241 127
6259 0 241 128
6260 0 241 129
6261 0 241 130
6262 0 241 131
6263 0 241 132
6264 0 241 133
6265 0 241 134
6266 0 241 135
6267 0 241 136
6268 0 241 137
6269 0 241 138
6270 0 241 139
6271 0 241 140
6272 0 241 141
6273 0 241 142
6274 0 241 143
6275 0 241 144
6276 0 241 145
6277 0 241 146
6278 0 241 147
6279 0 241 148
6280 0 241 149
6281 0 241 150
6282 0 241 151
6283 1 249 113
6284 1 249 114
6285 1 249 115
6286 1 249 116
6287 1 249 117
6288 1 249 118
6289 1 249 119
6290 1 249 120
6291 1 249 121
6292 1 249 122
6293 1 249 123
6294 1 249 124
6295 1 249 125
6296 1 249 126
6297 1 249 127
6298 1 249 128
6299 1 249 129
6300 1 249 130
6301 1 249 131
6302 1 249 132
6303 1 249 133
6304 1 249 134
6305 1 249 135
6306 1 249 136
6307 1 249 137
6308 1 249 138
6309 1 249 139
6310 1 249 140
6311 1 249 141
6312 1 249 142
6313 1 249 143
6314 1 249 144
6315 1 249 145
6316 1 249 146
6317 1 249 147
6318 1 249 148
6319 1 249 149
6320 1 249 150
6321 2 253 113
6322 2 253 114
6323 2 253 115
6324 2 253 116
6325 2 253 117
6326 2 253 118
6327 2 253 119
6328 2 253 120
6329 2 253 121
6330 2 253 122
6331 2 253 123
6332 2 253 124
6333 2 253 125
6334 2 253 126
6335 2 253 127
6336 2 253 128
6337 2 253 129
6338 2 253 130
6339 2 253 131
6340 2 253 132
6341 2 253 133
6342 2 253 134
6343 2 253 135
6344 2 253 136
6345 2 253 137
6346 2 253 138
6347 2 253 139
6348 2 253 140
6349 2 253 141
6350 2 253 142
6351 2 253 143
6352 2 253 144
6353 2 253 145
6354 2 253 146
6355 2 253 147
6356 2 253 148
6357 2 253 149
6358 3 255 113
6359 3 255 114
6360 3 255 115
6361 3 255 116
6362 3 255 117
6363 3 255 118
6364 3 255 119
6365 3 255 120
6366 3 255 121
6367 3 255 122
6368 3 255 123
6369 3 255 124
6370 3 255 125
6371 3 255 126
6372 3 255 127
6373 3 255 128
6374 3 255 129
6375 3 255 130
6376 3 255 131
6377 3 255 132
6378 3 255 133
6379 3 255 134
6380 3 255 135
6381 3 255 136
6382 3 255 137
6383 3 255 138
6384 3 255 139
6385 3 255 140
6386 3 255 141
6387 3 255 142
6388 3 255 143
6389 3 255 144
6390 3 255 145
6391 3 255 146
6392 3 255 147
6393 3 255 148
6394 4 256 113
6395 4 256 114
6396 4 256 115
6397 4 256 116
6398 4 256 117
6399 4 256 118
6400 4 256 119
6401 4 256 120
6402 4 256 121
6403 4 256 122
6404 4 256 123
6405 4 256 124
6406 4 256 125
6407 4 256 126
6408 4 256 127
6409 4 256 128
6410 4 256 129
6411 4 256 130
6412 4 256 131
6413 4 256 132
6414 4 256 133
6415 4 256 134
6416 4 256 135
6417 4 256 136
6418 4 256 137
6419 4 256 138
6420 4 256 139
6421 4 256 140
6422 4 256 141
6423 4 256 142
6424 4 256 143
6425 4 256 144
6426 4 256 145
6427 4 256 146
6428 4 256 147
6429 5 256 114
6430 6 129 114
6431 5 128 115
6432 5 128 116
6433 5 128 117
6434 5 128 118
6435 5 128 119
6436 5 128 120
6437 5 128 121
6438 5 128 122
6439 5 128 123
6440 5 128 124
6441 5 128 125
6442 5 128 126
6443 5 128 127
6444 5 128 128
6445 5 128 129
6446 5 128 130
6447 5 128 131
6448 5 128 132
6449 5 128 133
6450 5 128 134
6451 5 128 135
6452 5 128 136
6453 5 128 137
6454 5 128 138
6455 5 128 139
6456 5 128 140
6457 5 128 141
6458 5 128 142
6459 5 128 143
6460 5 128 144
6461 5 128 145
6462 5 128 146
6463 6 256 115
6464 7 129 115
6465 8 64 115
6466 6 64 116
6467 6 64 117
6468 6 64 118
6469 6 64 119
6470 6 64 120
6471 6 64 121
6472 6 64 122
6473 6 64 123
6474 6 64 124
6475 6 64 125
6476 6 64 126
6477 6 64 127
6478 6 64 128
6479 6 64 129
6480 6 64 130
6481 6 64 131
6482 6 64 132
6483 6 64 133
6484 6 64 134
6485 6 64 135
6486 6 64 136
6487 6 64 137
6488 6 64 138
6489 6 64 139
6490 6 64 140
6491 6 64 141
6492 6 64 142
6493 6 64 143
6494 6 64 144
6495 6 64 145
6496 7 256 116
6497 8 129 116
6498 9 64 116
6499 10 225 116
6500 7 32 117
6501 7 32 118
6502 7 32 119
6503 7 32 120
6504 7 32 121
6505 7 32 122
6506 7 32 123
6507 7 32 124
6508 7 32 125
6509 7 32 126
6510 7 32 127
6511 7 32 128
6512 7 32 129
6513 7 32 130
6514 7 32 131
6515 7 32 132
6516 7 32 133
6517 7 32 134
6518 7 32 135
6519 7 32 136
6520 7 32 137
6521 7 32 138
6522 7 32 139
6523 7 32 140
6524 7 32 141
6525 7 32 142
6526 7 32 143
6527 7 32 144
6528 8 256 117
6529 9 129 117
6530 10 64 117
6531 8 64 118
6532 11 241 118
6533 12 8 118
6534 8 16 119
6535 8 16 120
6536 8 16 121
6537 8 16 122
6538 8 16 123
6539 8 16 124
6540 8 16 125
6541 8 16 126
6542 8 16 127
6543 8 16 128
6544 8 16 129
6545 8 16 130
6546 8 16 131
6547 8 16 132
6548 8 16 133
6549 8 16 134
6550 8 16 135
6551 8 16 136
6552 8 16 137
6553 8 16 138
6554 8 16 139
6555 8 16 140
6556 8 16 141
6557 8 16 142
6558 8 16 143
6559 9 256 118
6560 10 129 118
6561 9 128 119
6562 11 32 119
6563 12 241 119
6564 9 32 120
6565 13 4 120
6566 14 255 120
6567 9 8 121
6568 9 8 122
6569 9 8 123
6570 9 8 124
6571 9 8 125
6572 9 8 126
6573 9 8 127
6574 9 8 128
6575 9 8 129
6576 9 8 130
6577 9 8 131
6578 9 8 132
6579 9 8 133
6580 9 8 134
6581 9 8 135
6582 9 8 136
6583 9 8 137
6584 9 8 138
6585 9 8 139
6586 9 8 140
6587 9 8 141
6588 9 8 142
6589 10 256 119
6590 10 256 120
6591 11 193 120
6592 12 32 120
6593 10 64 121
6594 13 249 121
6595 14 4 121
6596 10 16 122
6597 15 256 122
6598 10 8 123
6599 16 193 123
6600 10 4 124
6601 10 4 125
6602 10 4 126
6603 10 4 127
6604 10 4 128
6605 10 4 129
6606 10 4 130
6607 10 4 131
6608 10 4 132
6609 10 4 133
6610 10 4 134
6611 10 4 135
6612 10 4 136
6613 10 4 137
6614 10 4 138
6615 10 4 139
6616 10 4 140
6617 10 4 141
6618 11 256 121
6619 12 126 121
6620 11 76 122
6621 12 152 122
6622 13 16 122
6623 14 249 122
6624 11 32 123
6625 15 2 123
6626 11 16 124
6627 16 128 124
6628 17 193 124
6629 11 4 125
6630 18 16 125
6631 11 2 126
6632 11 2 127
6633 11 2 128
6634 11 2 129
6635 11 2 130
6636 11 2 131
6637 11 2 132
6638 11 2 133
6639 11 2 134
6640 11 2 135
6641 11 2 136
6642 11 2 137
6643 11 2 138
6644 11 2 139
6645 11 2 140
6646 12 256 123
6647 13 126 123
6648 14 58 123
6649 12 27 124
6650 13 70 124
6651 14 171 124
6652 15 253 124
6653 12 32 125
6654 16 1 125
6655 17 128 125
6656 12 8 126
6657 18 225 126
6658 19 16 126
6659 12 2 127
6660 20 253 127
6661 12 1 128
6662 12 1 129
6663 12 1 130
6664 12 1 131
6665 12 1 132
6666 12 1 133
6667 12 1 134
6668 12 1 135
6669 12 1 136
6670 12 1 137
6671 12 1 138
6672 12 1 139
6673 13 256 125
6674 14 126 125
6675 15 58 125
6676 13 27 126
6677 14 70 126
6678 15 171 126
6679 16 253 126
6680 17 144 126
6681 13 146 127
6682 17 191 127
6683 18 64 127
6684 19 225 127
6685 13 4 128
6686 20 8 128
6687 13 2 129
6688 21 255 129
6689 22 1 129
6690 13 129 130
6691 13 129 131
6692 13 129 132
6693 13 129 133
6694 13 129 134
6695 13 129 135
6696 13 129 136
6697 13 129 137
6698 13 129 138
6699 14 256 127
6700 15 126 127
6701 16 58 127
6702 14 27 128
6703 15 70 128
6704 16 171 128
6705 17 253 128
6706 18 144 128
6707 19 200 128
6708 14 168 129
6709 18 129 129
6710 19 251 129
6711 20 241 129
6712 14 4 130
6713 21 4 130
6714 22 255 130
6715 14 1 131
6716 23 129 131
6717 24 64 131
6718 14 193 132
6719 14 193 133
6720 14 193 134
6721 14 193 135
6722 14 193 136
6723 14 193 137
6724 15 256 129
6725 16 126 129
6726 17 58 129
6727 15 27 130
6728 16 70 130
6729 17 171 130
6730 18 253 130
6731 19 144 130
6732 20 200 130
6733 15 168 131
6734 19 129 131
6735 20 251 131
6736 21 241 131
6737 22 140 131
6738 15 92 132
6739 22 138 132
6740 23 256 132
6741 24 129 132
6742 15 129 133
6743 25 32 133
6744 15 193 134
6745 26 249 134
6746 15 225 135
6747 15 225 136
6748 16 256 131
6749 17 126 131
6750 18 58 131
6751 16 27 132
6752 17 70 132
6753 18 171 132
6754 19 253 132
6755 20 144 132
6756 21 200 132
6757 16 168 133
6758 20 129 133
6759 21 251 133
6760 22 241 133
6761 23 140 133
6762 24 168 133
6763 16 136 134
6764 23 167 134
6765 24 15 134
6766 25 193 134
6767 16 129 135
6768 26 16 135
6769 27 249 135
6770 16 225 136
6771 17 256 133
6772 18 126 133
6773 19 58 133
6774 17 27 134
6775 18 70 134
6776 19 171 134
6777 20 253 134
6778 21 144 134
6779 22 200 134
6780 17 168 135
6781 21 129 135
6782 22 251 135
6783 23 241 135
6784 24 140 135
6785 25 168 135
6786 17 136 136
6787 24 167 136
6788 25 15 136
6789 26 193 136
6790 27 209 136
6791 28 118 136
6792 15 55 137
6793 18 256 135
6794 19 126 135
6795 20 58 135
6796 18 27 136
6797 19 70 136
6798 20 171 136
6799 21 253 136
6800 22 144 136
6801 23 200 136
6802 16 7 137
6803 17 164 137
6804 18 183 137
6805 22 96 137
6806 23 205 137
6807 24 76 137
6808 25 196 137
6809 26 124 137
6810 27 177 137
6811 28 107 137
6812 29 151 137
6813 14 19 138
6814 19 256 137
6815 20 126 137
6816 21 58 137
6817 15 26 138
6818 16 135 138
6819 17 34 138
6820 18 137 138
6821 19 29 138
6822 20 91 138
6823 21 116 138
6824 22 43 138
6825 23 232 138
6826 24 39 138
6827 25 9 138
6828 26 49 138
6829 27 112 138
6830 28 21 138
6831 29 18 138
6832 30 23 138
6833 13 109 139
6834 14 41 139
6835 15 225 139
6836 16 186 139
6837 17 217 139
6838 18 250 139
6839 19 239 139
6840 20 160 139
6841 21 32 139
6842 22 173 139
6843 23 13 139
6844 24 255 139
6845 25 96 139
6846 26 125 139
6847 27 75 139
6848 28 209 139
6849 29 14 139
6850 30 212 139
6851 12 223 140
6852 13 114 140
6853 14 90 140
6854 15 158 140
6855 16 123 140
6856 17 133 140
6857 18 2 140
6858 19 237 140
6859 20 47 140
6860 21 197 140
6861 22 155 140
6862 23 244 140
6863 24 236 140
6864 25 172 140
6865 26 155 140
6866 27 64 140
6867 28 249 140
6868 29 135 140
6869 30 79 140
6870 31 229 140
6871 32 233 140
6872 11 238 141
6873 12 100 141
6874 13 129 141
6875 14 53 141
6876 15 253 141
6877 16 122 141
6878 17 222 141
6879 18 64 141
6880 19 93 141
6881 20 65 141
6882 21 111 141
6883 22 245 141
6884 23 125 141
6885 24 10 141
6886 25 238 141
6887 26 116 141
6888 27 119 141
6889 28 176 141
6890 29 99 141
6891 30 152 141
6892 31 132 141
6893 32 40 141
6894 10 38 142
6895 11 195 142
6896 12 70 142
6897 13 151 142
6898 14 228 142
6899 15 90 142
6900 16 71 142
6901 17 77 142
6902 18 22 142
6903 19 228 142
6904 20 105 142
6905 21 32 142
6906 22 68 142
6907 23 87 142
6908 24 18 142
6909 25 173 142
6910 26 37 142
6911 27 148 142
6912 28 237 142
6913 29 69 142
6914 30 97 142
6915 31 166 142
6916 32 165 142
6917 33 21 142
6918 34 52 142
6919 9 120 143
6920 10 194 143
6921 11 211 143
6922 12 235 143
6923 13 68 143
6924 14 47 143
6925 15 186 143
6926 16 200 143
6927 17 79 143
6928 18 210 143
6929 19 40 143
6930 20 82 143
6931 21 62 143
6932 22 211 143
6933 23 105 143
6934 24 117 143
6935 25 135 143
6936 26 143 143
6937 27 99 143
6938 28 72 143
6939 29 11 143
6940 30 230 143
6941 31 100 143
6942 32 22 143
6943 33 174 143
6944 34 111 143
6945 8 21 144
6946 9 69 144
6947 10 19 144
6948 11 248 144
6949 12 58 144
6950 13 153 144
6951 14 183 144
6952 15 31 144
6953 16 175 144
6954 17 19 144
6955 18 3 144
6956 19 146 144
6957 20 123 144
6958 21 231 144
6959 22 146 144
6960 23 35 144
6961 24 205 144
6962 25 234 144
6963 26 77 144
6964 27 87 144
6965 28 248 144
6966 29 157 144
6967 30 93 144
6968 31 108 144
6969 7 178 145
6970 32 218 144
6971 33 36 144
6972 34 251 144
6973 35 24 144
6974 8 210 145
6975 9 115 145
6976 11 179 145
6977 13 130 145
6978 15 236 145
6979 16 20 145
6980 17 20 145
6981 18 250 145
6982 19 75 145
6983 20 195 145
6984 21 15 145
6985 22 214 145
6986 23 104 145
6987 24 29 145
6988 25 223 145
6989 26 219 145
6990 27 129 145
6991 28 156 145
6992 29 100 145
6993 30 34 145
6994 31 94 145
6995 32 184 145
6996 33 86 145
6997 34 55 145
6998 35 176 145
6999 36 222 145
7000 6 181 146
7001 7 245 146
7002 21 138 146
7003 23 166 146
7004 25 117 146
7005 26 248 146
7006 27 64 146
7007 28 73 146
7008 29 196 146
7009 30 41 146
7010 31 114 146
7011 32 245 146
7012 33 217 146
7013 34 5 146
7014 35 224 146
7015 36 149 146
7016 37 248 146
7017 5 182 147
7018 31 3 147
7019 33 36 147
7020 35 249 147
7021 36 160 147
7022 37 256 147
7023 38 128 147
7024 39 32 148
7025 38 8 148
7026 37 4 148
7027 36 1 148
7028 35 129 148
7029 34 225 147
7030 33 241 148
7031 32 253 147
7032 31 255 148
7033 30 128 147
7034 29 64 147
7035 28 16 147
7036 27 8 147
7037 26 2 147
7038 25 1 147
7039 24 193 146
7040 23 225 147
7041 22 249 146
7042 21 253 147
7043 20 256 146
7044 19 128 146
7045 18 32 146
7046 17 16 146
7047 16 4 146
7048 15 2 146
7049 14 129 145
7050 13 193 146
7051 12 241 145
7052 11 249 146
7053 10 255 145
7054 9 256 146
7055 8 64 146
7056 10 57 146
7057 12 105 146
7058 14 134 146
7059 6 237 147
7060 7 173 147
7061 8 150 147
7062 9 63 147
7063 10 45 147
7064 12 18 147
7065 14 183 147
7066 40 16 149
7067 39 8 149
7068 38 2 149
7069 37 1 149
7070 36 193 149
7071 35 225 149
7072 34 249 148
7073 33 253 149
7074 32 256 148
7075 31 128 149
7076 30 32 148
7077 29 16 148
7078 28 4 148
7079 27 2 148
7080 26 129 148
7081 25 193 148
7082 24 241 147
7083 23 249 148
7084 22 255 147
7085 21 256 148
7086 20 64 147
7087 19 32 147
7088 18 8 147
7089 17 4 147
7090 16 1 147
7091 15 129 147
7092 4 53 148
7093 13 241 147
7094 5 225 148
7095 11 255 147
7096 6 81 148
7097 7 97 148
7098 8 97 148
7099 9 138 148
7100 10 100 148
7101 11 129 148
7102 12 51 148
7103 13 126 148
7104 14 252 148
7105 15 167 148
7106 17 147 148
7107 41 16 151
7108 40 4 150
7109 39 2 150
7110 38 129 150
7111 37 193 150
7112 36 241 150
7113 35 249 150
7114 34 255 149
7115 33 256 150
7116 32 64 149
7117 31 32 150
7118 30 8 149
7119 29 4 149
7120 28 1 149
7121 27 129 149
7122 26 225 149
7123 25 241 149
7124 24 253 148
7125 23 255 149
7126 22 128 148
7127 21 64 149
7128 20 16 148
7129 19 8 148
7130 18 2 148
7131 3 8 149
7132 16 193 148
7133 4 137 149
7134 5 91 149
7135 6 132 149
7136 7 3 149
7137 8 188 149
7138 9 247 149
7139 10 227 149
7140 11 249 149
7141 12 216 149
7142 13 156 149
7143 14 57 149
7144 15 241 149
7145 16 224 149
7146 17 100 149
7147 42 8 151
7148 41 4 152
7149 40 1 151
7150 39 129 151
7151 38 225 151
7152 37 241 151
7153 36 253 151
7154 35 255 151
7155 34 128 150
7156 33 64 151
7157 32 16 150
7158 31 8 151
7159 30 2 150
7160 29 1 150
7161 28 193 150
7162 27 225 150
7163 26 249 150
7164 25 253 150
7165 24 256 149
7166 23 128 150
7167 22 32 149
7168 21 16 150
7169 20 4 149
7170 19 2 149
7171 18 129 149
7172 2 228 150
7173 3 194 150
7174 4 129 150
7175 5 145 150
7176 6 88 150
7177 7 19 150
7178 8 17 150
7179 9 105 150
7180 10 136 150
7181 11 148 150
7182 12 92 150
7183 13 108 150
7184 14 135 150
7185 15 98 150
7186 43 8 153
7187 42 2 152
7188 41 1 153
7189 40 193 152
7190 39 225 152
7191 38 249 152
7192 37 253 152
7193 36 256 152
7194 35 128 152
7195 34 32 151
7196 33 16 152
7197 32 4 151
7198 31 2 152
7199 30 129 151
7200 29 193 151
7201 28 241 151
7202 27 249 151
7203 26 255 151
7204 25 256 151
7205 24 64 150
7206 23 32 151
7207 22 8 150
7208 21 4 151
7209 20 1 150
7210 19 129 150
7211 18 225 150
7212 17 241 150
7213 16 253 150
7214 1 223 151
7215 2 140 151
7216 3 58 151
7217 4 69 151
7218 5 45 151
7219 6 185 151
7220 7 111 151
7221 8 20 151
7222 9 212 151
7223 10 76 151
7224 44 4 153
7225 43 2 154
7226 42 129 153
7227 41 193 154
7228 40 241 153
7229 39 249 153
7230 38 255 153
7231 37 256 153
7232 36 64 153
7233 35 32 153
7234 34 8 152
7235 33 4 153
7236 32 1 152
7237 31 129 153
7238 30 225 152
7239 29 241 152
7240 28 253 152
7241 27 255 152
7242 26 128 152
7243 25 64 152
7244 24 16 151
7245 23 8 152
7246 22 2 151
7247 21 1 152
7248 20 193 151
7249 19 225 151
7250 18 249 151
7251 17 253 151
7252 16 256 151
7253 15 128 151
7254 11 26 151
7255 13 16 151
7256 12 239 151
7257 14 21 151
7258 0 240 152
7259 1 212 152
7260 2 106 152
7261 45 4 155
7262 44 1 154
7263 43 129 155
7264 42 225 154
7265 41 241 155
7266 40 253 154
7267 39 255 154
7268 38 128 154
7269 37 64 154
7270 36 16 154
7271 35 8 154
7272 34 2 153
7273 33 1 154
7274 32 193 153
7275 31 225 154
7276 30 249 153
7277 29 253 153
7278 28 256 153
7279 27 128 153
7280 26 32 153
7281 25 16 153
7282 24 4 152
7283 23 2 153
7284 22 129 152
7285 21 193 153
7286 20 241 152
7287 19 249 152
7288 18 255 152
7289 17 256 152
7290 16 64 152
7291 15 32 152
7292 11 52 152
7293 13 4 152
7294 12 185 152
7295 14 149 152
7296 0 94 153
7297 46 2 156
7298 45 1 156
7299 44 193 155
7300 43 225 156
7301 42 249 155
7302 41 253 156
7303 40 256 155
7304 39 128 155
7305 38 32 155
7306 37 16 155
7307 36 4 155
7308 35 2 155
7309 34 129 154
7310 33 193 155
7311 32 241 154
7312 31 249 155
7313 30 255 154
7314 29 256 154
7315 28 64 154
7316 27 32 154
7317 26 8 154
7318 25 4 154
7319 24 1 153
7320 23 129 154
7321 22 225 153
7322 21 241 154
7323 20 253 153
7324 19 255 153
7325 18 128 153
7326 17 64 153
7327 16 16 153
7328 15 8 153
7329 1 145 153
7330 13 1 153
7331 14 254 153
7332 47 2 157
7333 46 129 157
7334 45 193 157
7335 44 241 156
7336 43 249 157
7337 42 255 156
7338 41 256 157
7339 40 64 156
7340 39 32 156
7341 38 8 156
7342 37 4 156
7343 36 1 156
7344 35 129 156
7345 34 225 155
7346 33 241 156
7347 32 253 155
7348 31 255 156
7349 30 128 155
7350 29 64 155
7351 28 16 155
7352 27 8 155
7353 26 2 155
7354 25 1 155
7355 24 193 154
7356 23 225 155
7357 22 249 154
7358 21 253 155
7359 20 256 154
7360 19 128 154
7361 18 32 154
7362 17 16 154
7363 16 4 154
7364 15 2 154
7365 0 242 154
7366 48 1 158
7367 47 129 158
7368 46 225 158
7369 45 241 158
7370 44 253 157
7371 43 255 158
7372 42 128 157
7373 41 64 158
7374 40 16 157
7375 39 8 157
7376 38 2 157
7377 37 1 157
7378 36 193 157
7379 35 225 157
7380 34 249 156
7381 33 253 157
7382 32 256 156
7383 31 128 157
7384 30 32 156
7385 29 16 156
7386 28 4 156
7387 27 2 156
7388 26 129 156
7389 25 193 156
7390 24 241 155
7391 23 249 156
7392 22 255 155
7393 21 256 156
7394 20 64 155
7395 19 32 155
7396 18 8 155
7397 17 4 155
7398 16 1 155
7399 49 1 159
7400 48 193 159
7401 47 225 159
7402 46 249 159
7403 45 253 159
7404 44 256 158
7405 43 128 159
7406 42 32 158
7407 41 16 159
7408 40 4 158
7409 39 2 158
7410 38 129 158
7411 37 193 158
7412 36 241 158
7413 35 249 158
7414 34 255 157
7415 33 256 158
7416 32 64 157
7417 31 32 158
7418 30 8 157
7419 29 4 157
7420 28 1 157
7421 27 129 157
7422 26 225 157
7423 25 241 157
7424 24 253 156
7425 23 255 157
7426 22 128 156
7427 21 64 157
7428 20 16 156
7429 19 8 156
7430 18 2 156
7431 50 129 160
7432 49 193 160
7433 48 241 160
7434 47 249 160
7435 46 255 160
7436 45 256 160
7437 44 64 159
7438 43 32 160
7439 42 8 159
7440 41 4 160
7441 40 1 159
7442 39 129 159
7443 38 225 159
7444 37 241 159
7445 36 253 159
7446 35 255 159
7447 34 128 158
7448 33 64 159
7449 32 16 158
7450 31 8 159
7451 30 2 158
7452 29 1 158
7453 28 193 158
7454 27 225 158
7455 26 249 158
7456 25 253 158
7457 24 256 157
7458 23 128 158
7459 22 32 157
7460 21 16 158
7461 20 4 157
7462 51 129 162
7463 50 225 161
7464 49 241 161
7465 48 253 161
7466 47 255 161
7467 46 128 161
7468 45 64 161
7469 44 16 160
7470 43 8 161
7471 42 2 160
7472 41 1 161
7473 40 193 160
7474 39 225 160
7475 38 249 160
7476 37 253 160
7477 36 256 160
7478 35 128 160
7479 34 32 159
7480 33 16 160
7481 32 4 159
7482 31 2 160
7483 30 129 159
7484 29 193 159
7485 28 241 159
7486 27 249 159
7487 26 255 159
7488 25 256 159
7489 24 64 158
7490 23 32 159
7491 22 8 158
7492 52 193 162
7493 51 225 163
7494 50 249 162
7495 49 253 162
7496 48 256 162
7497 47 128 162
7498 46 32 162
7499 45 16 162
7500 44 4 161
7501 43 2 162
7502 42 129 161
7503 41 193 162
7504 40 241 161
7505 39 249 161
7506 38 255 161
7507 37 256 161
7508 36 64 161
7509 35 32 161
7510 34 8 160
7511 33 4 161
7512 32 1 160
7513 31 129 161
7514 30 225 160
7515 29 241 160
7516 28 253 160
7517 27 255 160
7518 26 128 160
7519 25 64 160
7520 24 16 159
7521 53 193 164
7522 52 241 163
7523 51 249 164
7524 50 255 163
7525 49 256 163
7526 48 64 163
7527 47 32 163
7528 46 8 163
7529 45 4 163
7530 44 1 162
7531 43 129 163
7532 42 225 162
7533 41 241 163
7534 40 253 162
7535 39 255 162
7536 38 128 162
7537 37 64 162
7538 36 16 162
7539 35 8 162
7540 34 2 161
7541 33 1 162
7542 32 193 161
7543 31 225 162
7544 30 249 161
7545 29 253 161
7546 28 256 161
7547 27 128 161
7548 26 32 161
7549 54 225 164
7550 53 241 165
7551 52 253 164
7552 51 255 165
7553 50 128 164
7554 49 64 164
7555 48 16 164
7556 47 8 164
7557 46 2 164
7558 45 1 164
7559 44 193 163
7560 43 225 164
7561 42 249 163
7562 41 253 164
7563 40 256 163
7564 39 128 163
7565 38 32 163
7566 37 16 163
7567 36 4 163
7568 35 2 163
7569 34 129 162
7570 33 193 163
7571 32 241 162
7572 31 249 163
7573 30 255 162
7574 29 256 162
7575 28 64 162
7576 55 225 166
7577 54 249 165
7578 53 253 166
7579 52 256 165
7580 51 128 166
7581 50 32 165
7582 49 16 165
7583 48 4 165
7584 47 2 165
7585 46 129 165
7586 45 193 165
7587 44 241 164
7588 43 249 165
7589 42 255 164
7590 41 256 165
7591 40 64 164
7592 39 32 164
7593 38 8 164
7594 37 4 164
7595 36 1 164
7596 35 129 164
7597 34 225 163
7598 33 241 164
7599 32 253 163
7600 31 255 164
7601 30 128 163
7602 56 241 167
7603 55 249 167
7604 54 255 166
7605 53 256 167
7606 52 64 166
7607 51 32 167
7608 50 8 166
7609 49 4 166
7610 48 1 166
7611 47 129 166
7612 46 225 166
7613 45 241 166
7614 44 253 165
7615 43 255 166
7616 42 128 165
7617 41 64 166
7618 40 16 165
7619 39 8 165
7620 38 2 165
7621 37 1 165
7622 36 193 165
7623 35 225 165
7624 34 249 164
7625 33 253 165
7626 32 256 164
7627 57 241 168
7628 56 253 168
7629 55 255 168
7630 54 128 167
7631 53 64 168
7632 52 16 167
7633 51 8 168
7634 50 2 167
7635 49 1 167
7636 48 193 167
7637 47 225 167
7638 46 249 167
7639 45 253 167
7640 44 256 166
7641 43 128 167
7642 42 32 166
7643 41 16 167
7644 40 4 166
7645 39 2 166
7646 38 129 166
7647 37 193 166
7648 36 241 166
7649 35 249 166
7650 34 255 165
7651 58 249 169
7652 57 253 169
7653 56 256 169
7654 55 128 169
7655 54 32 168
7656 53 16 169
7657 52 4 168
7658 51 2 169
7659 50 129 168
7660 49 193 168
7661 48 241 168
7662 47 249 168
7663 46 255 168
7664 45 256 168
7665 44 64 167
7666 43 32 168
7667 42 8 167
7668 41 4 168
7669 40 1 167
7670 39 129 167
7671 38 225 167
7672 37 241 167
7673 36 253 167
7674 59 249 170
7675 58 255 170
7676 57 256 170
7677 56 64 170
7678 55 32 170
7679 54 8 169
7680 53 4 170
7681 52 1 169
7682 51 129 170
7683 50 225 169
7684 49 241 169
7685 48 253 169
7686 47 255 169
7687 46 128 169
7688 45 64 169
7689 44 16 168
7690 43 8 169
7691 42 2 168
7692 41 1 169
7693 40 193 168
7694 39 225 168
7695 38 249 168
7696 60 253 171
7697 59 255 171
7698 58 128 171
7699 57 64 171
7700 56 16 171
7701 55 8 171
7702 54 2 170
7703 53 1 171
7704 52 193 170
7705 51 225 171
7706 50 249 170
7707 49 253 170
7708 48 256 170
7709 47 128 170
7710 46 32 170
7711 45 16 170
7712 44 4 169
7713 43 2 170
7714 42 129 169
7715 41 193 170
7716 40 241 169
7717 61 253 173
7718 60 256 172
7719 59 128 172
7720 58 32 172
7721 57 16 172
7722 56 4 172
7723 55 2 172
7724 54 129 171
7725 53 193 172
7726 52 241 171
7727 51 249 172
7728 50 255 171
7729 49 256 171
7730 48 64 171
7731 47 32 171
7732 46 8 171
7733 45 4 171
7734 44 1 170
7735 43 129 171
7736 42 225 170
7737 62 255 173
7738 61 256 174
7739 60 64 173
7740 59 32 173
7741 58 8 173
7742 57 4 173
7743 56 1 173
7744 55 129 173
7745 54 225 172
7746 53 241 173
7747 52 253 172
7748 51 255 173
7749 50 128 172
7750 49 64 172
7751 48 16 172
7752 47 8 172
7753 46 2 172
7754 45 1 172
7755 44 193 171
7756 63 255 175
7757 62 128 174
7758 61 64 175
7759 60 16 174
7760 59 8 174
7761 58 2 174
7762 57 1 174
7763 56 193 174
7764 55 225 174
7765 54 249 173
7766 53 253 174
7767 52 256 173
7768 51 128 174
7769 50 32 173
7770 49 16 173
7771 48 4 173
7772 47 2 173
7773 46 129 173
7774 64 256 175
7775 63 128 176
7776 62 32 175
7777 61 16 176
7778 60 4 175
7779 59 2 175
7780 58 129 175
7781 57 193 175
7782 56 241 175
7783 55 249 175
7784 54 255 174
7785 53 256 175
7786 52 64 174
7787 51 32 175
7788 50 8 174
7789 49 4 174
7790 48 1 174
7791 65 256 177
7792 64 64 176
7793 63 32 177
7794 62 8 176
7795 61 4 177
7796 60 1 176
7797 59 129 176
7798 58 225 176
7799 57 241 176
7800 56 253 176
7801 55 255 176
7802 54 128 175
7803 53 64 176
7804 52 16 175
7805 51 8 176
7806 50 2 175
7807 66 128 178
7808 65 64 178
7809 64 16 177
7810 63 8 178
7811 62 2 177
7812 61 1 178
7813 60 193 177
7814 59 225 177
7815 58 249 177
7816 57 253 177
7817 56 256 177
7818 55 128 177
7819 54 32 176
7820 53 16 177
7821 52 4 176
7822 67 128 179
7823 66 32 179
7824 65 16 179
7825 64 4 178
7826 63 2 179
7827 62 129 178
7828 61 193 179
7829 60 241 178
7830 59 249 178
7831 58 255 178
7832 57 256 178
7833 56 64 178
7834 55 32 178
7835 54 8 177
7836 68 64 180
7837 67 32 180
7838 66 8 180
7839 65 4 180
7840 64 1 179
7841 63 129 180
7842 62 225 179
7843 61 241 180
7844 60 253 179
7845 59 255 179
7846 58 128 179
7847 57 64 179
7848 56 16 179
7849 69 64 181
7850 68 16 181
7851 67 8 181
7852 66 2 181
7853 65 1 181
7854 64 193 180
7855 63 225 181
7856 62 249 180
7857 61 253 181
7858 60 256 180
7859 59 128 180
7860 58 32 180
7861 70 32 182
7862 69 16 182
7863 68 4 182
7864 67 2 182
7865 66 129 182
7866 65 193 182
7867 64 241 181
7868 63 249 182
7869 62 255 181
7870 61 256 182
7871 60 64 181
7872 71 32 184
7873 70 8 183
7874 69 4 183
7875 68 1 183
7876 67 129 183
7877 66 225 183
7878 65 241 183
7879 64 253 182
7880 63 255 183
7881 62 128 182
7882 72 16 184
7883 71 8 185
7884 70 2 184
7885 69 1 184
7886 68 193 184
7887 67 225 184
7888 66 249 184
7889 65 253 184
7890 64 256 183
7891 73 16 186
7892 72 4 185
7893 71 2 186
7894 70 129 185
7895 69 193 185
7896 68 241 185
7897 67 249 185
7898 66 255 185
7899 74 8 186
7900 73 4 187
7901 72 1 186
7902 71 129 187
7903 70 225 186
7904 69 241 186
7905 68 253 186
7906 75 8 188
7907 74 2 187
7908 73 1 188
7909 72 193 187
7910 71 225 188
7911 70 249 187
7912 76 4 189
7913 75 2 189
7914 74 129 188
7915 73 193 189
7916 72 241 188
7917 77 4 190
7918 76 1 190
7919 75 129 190
7920 74 225 189
7921 78 2 191
7922 77 1 191
7923 76 193 191
7924 79 2 192
7925 78 129 192
7926 80 1 193
7927 81 252 195
7928 79 42 193
7929 77 7 192
7930 75 44 191
7931 73 93 190
7932 71 144 189
7933 69 24 187
7934 67 4 186
7935 65 172 185
7936 63 200 184
7937 61 119 183
7938 59 234 181
7939 57 39 180
7940 55 135 179
7941 53 151 178
7942 51 68 177
7943 49 97 175
7944 47 59 174
7945 45 224 173
7946 43 123 172
7947 41 149 171
7948 39 239 169
7949 37 254 168
7950 35 128 167
7951 33 107 166
7952 31 232 165
7953 29 210 163
7954 27 35 162
7955 25 220 161
7956 23 208 160
7957 21 206 159
7958 19 120 157
7959 17 20 156
7960 82 126 195
7961 80 21 194
7962 78 132 193
7963 76 22 192
7964 74 175 190
7965 72 72 189
7966 70 12 188
7967 68 2 187
7968 66 86 186
7969 64 100 184
7970 62 188 183
7971 60 117 182
7972 58 148 181
7973 56 196 180
7974 54 204 178
7975 52 34 177
7976 50 177 176
7977 48 158 175
7978 46 112 174
7979 44 190 172
7980 42 203 171
7981 40 248 170
7982 38 127 169
7983 36 64 168
7984 34 182 166
7985 32 116 165
7986 30 105 164
7987 28 146 163
7988 26 110 162
7989 24 104 160
7990 22 103 159
7991 20 60 158
7992 83 126 197
7993 81 21 196
7994 79 132 194
7995 77 22 193
7996 75 175 192
7997 73 72 191
7998 71 12 190
7999 69 2 188
8000 67 86 187
8001 65 100 186
8002 63 188 185
8003 61 117 184
8004 59 148 182
8005 57 196 181
8006 55 204 180
8007 53 34 179
8008 51 177 178
8009 49 158 176
8010 47 112 175
8011 45 190 174
8012 43 203 173
8013 41 248 172
8014 39 127 170
8015 37 64 169
8016 35 182 168
8017 33 116 167
8018 31 105 166
8019 29 146 164
8020 27 110 163
8021 25 104 162
8022 23 103 161
8023 84 63 197
8024 82 139 196
8025 80 66 195
8026 78 11 194
8027 76 216 193
8028 74 36 191
8029 72 6 190
8030 70 1 189
8031 68 43 188
8032 66 50 187
8033 64 94 185
8034 62 187 184
8035 60 74 183
8036 58 98 182
8037 56 102 181
8038 54 17 179
8039 52 217 178
8040 50 79 177
8041 48 56 176
8042 46 95 175
8043 44 230 173
8044 42 124 172
8045 40 192 171
8046 38 32 170
8047 36 91 169
8048 34 58 167
8049 32 181 166
8050 30 73 165
8051 28 55 164
8052 26 52 163
8053 85 63 199
8054 83 139 198
8055 81 66 197
8056 79 11 195
8057 77 216 194
8058 75 36 193
8059 73 6 192
8060 71 1 191
8061 69 43 189
8062 67 50 188
8063 65 94 187
8064 63 187 186
8065 61 74 185
8066 59 98 183
8067 57 102 182
8068 55 17 181
8069 53 217 180
8070 51 79 179
8071 49 56 177
8072 47 95 176
8073 45 230 175
8074 43 124 174
8075 41 192 173
8076 39 32 171
8077 37 91 170
8078 35 58 169
8079 33 181 168
8080 31 73 167
8081 29 55 165
8082 86 160 200
8083 84 198 198
8084 82 33 197
8085 80 134 196
8086 78 108 195
8087 76 18 194
8088 74 3 192
8089 72 129 191
8090 70 150 190
8091 68 25 189
8092 66 47 188
8093 64 222 186
8094 62 37 185
8095 60 49 184
8096 58 51 183
8097 56 137 182
8098 54 237 180
8099 52 168 179
8100 50 28 178
8101 48 176 177
8102 46 115 176
8103 44 62 174
8104 42 96 173
8105 40 16 172
8106 38 174 171
8107 36 29 170
8108 34 219 168
8109 32 165 167
8110 87 160 201
8111 85 198 200
8112 83 33 199
8113 81 134 198
8114 79 108 196
8115 77 18 195
8116 75 3 194
8117 73 129 193
8118 71 150 192
8119 69 25 190
8120 67 47 189
8121 65 222 188
8122 63 37 187
8123 61 49 186
8124 59 51 184
8125 57 137 183
8126 55 237 182
8127 53 168 181
8128 51 28 180
8129 49 176 178
8130 47 115 177
8131 45 62 176
8132 43 96 175
8133 41 16 174
8134 39 174 172
8135 37 29 171
8136 35 219 170
8137 88 80 202
8138 86 99 201
8139 84 145 199
8140 82 67 198
8141 80 54 197
8142 78 9 196
8143 76 130 195
8144 74 193 193
8145 72 75 192
8146 70 141 191
8147 68 152 190
8148 66 111 189
8149 64 147 187
8150 62 153 186
8151 60 154 185
8152 58 197 184
8153 56 247 183
8154 54 84 181
8155 52 14 180
8156 50 88 179
8157 48 186 178
8158 46 31 177
8159 44 48 175
8160 42 8 174
8161 40 87 173
8162 38 143 172
8163 89 80 203
8164 87 99 202
8165 85 145 201
8166 83 67 200
8167 81 54 199
8168 79 9 197
8169 77 130 196
8170 75 193 195
8171 73 75 194
8172 71 141 193
8173 69 152 191
8174 67 111 190
8175 65 147 189
8176 63 153 188
8177 61 154 187
8178 59 197 185
8179 57 247 184
8180 55 84 183
8181 53 14 182
8182 51 88 181
8183 49 186 179
8184 47 31 178
8185 45 48 177
8186 43 8 176
8187 41 87 175
8188 90 40 204
8189 88 178 203
8190 86 201 202
8191 84 162 200
8192 82 27 199
8193 80 133 198
8194 78 65 197
8195 76 225 196
8196 74 166 194
8197 72 199 193
8198 70 76 192
8199 68 184 191
8200 66 202 190
8201 64 205 188
8202 62 77 187
8203 60 227 186
8204 58 252 185
8205 56 42 184
8206 54 7 182
8207 52 44 181
8208 50 93 180
8209 48 144 179
8210 46 24 178
8211 44 4 176
8212 91 40 206
8213 89 178 204
8214 87 201 203
8215 85 162 202
8216 83 27 201
8217 81 133 200
8218 79 65 198
8219 77 225 197
8220 75 166 196
8221 73 199 195
8222 71 76 194
8223 69 184 192
8224 67 202 191
8225 65 205 190
8226 63 77 189
8227 61 227 188
8228 59 252 186
8229 57 42 185
8230 55 7 184
8231 53 44 183
8232 51 93 182
8233 49 144 180
8234 47 24 179
8235 92 20 206
8236 90 89 205
8237 88 229 204
8238 86 81 203
8239 84 142 201
8240 82 195 200
8241 80 161 199
8242 78 241 198
8243 76 83 197
8244 74 228 195
8245 72 38 194
8246 70 92 193
8247 68 101 192
8248 66 231 191
8249 64 167 189
8250 62 242 188
8251 60 126 187
8252 58 21 186
8253 56 132 185
8254 54 22 183
8255 52 175 182
8256 50 72 181
8257 93 20 208
8258 91 89 207
8259 89 229 205
8260 87 81 204
8261 85 142 203
8262 83 195 202
8263 81 161 201
8264 79 241 199
8265 77 83 198
8266 75 228 197
8267 73 38 196
8268 71 92 195
8269 69 101 193
8270 67 231 192
8271 65 167 191
8272 63 242 190
8273 61 126 189
8274 59 21 187
8275 57 132 186
8276 55 22 185
8277 53 175 184
8278 94 10 208
8279 92 173 207
8280 90 243 206
8281 88 169 205
8282 86 71 204
8283 84 226 202
8284 82 209 201
8285 80 249 200
8286 78 170 199
8287 76 114 198
8288 74 19 196
8289 72 46 195
8290 70 179 194
8291 68 244 193
8292 66 212 192
8293 64 121 190
8294 62 63 189
8295 60 139 188
8296 58 66 187
8297 56 11 186
8298 95 10 210
8299 93 173 209
8300 91 243 208
8301 89 169 206
8302 87 71 205
8303 85 226 204
8304 83 209 203
8305 81 249 202
8306 79 170 200
8307 77 114 199
8308 75 19 198
8309 73 46 197
8310 71 179 196
8311 69 244 194
8312 67 212 193
8313 65 121 192
8314 63 63 191
8315 61 139 190
8316 59 66 188
8317 96 5 211
8318 94 215 209
8319 92 250 208
8320 90 213 207
8321 88 164 206
8322 86 113 205
8323 84 233 203
8324 82 253 202
8325 80 85 201
8326 78 57 200
8327 76 138 199
8328 74 23 197
8329 72 218 196
8330 70 122 195
8331 68 106 194
8332 66 189 193
8333 64 160 191
8334 62 198 190
8335 97 5 212
8336 95 215 211
8337 93 250 210
8338 91 213 209
8339 89 164 207
8340 87 113 206
8341 85 233 205
8342 83 253 204
8343 81 85 203
8344 79 57 201
8345 77 138 200
8346 75 23 199
8347 73 218 198
8348 71 122 197
8349 69 106 195
8350 67 189 194
8351 65 160 193
8352 98 131 213
8353 96 236 212
8354 94 125 210
8355 92 235 209
8356 90 82 208
8357 88 185 207
8358 86 245 206
8359 84 255 204
8360 82 171 203
8361 80 157 202
8362 78 69 201
8363 76 140 200
8364 74 109 198
8365 72 61 197
8366 70 53 196
8367 68 223 195
8368 99 131 214
8369 97 236 213
8370 95 125 212
8371 93 235 211
8372 91 82 210
8373 89 185 208
8374 87 245 207
8375 85 255 206
8376 83 171 205
8377 81 157 204
8378 79 69 202
8379 77 140 201
8380 75 109 200
8381 73 61 199
8382 71 53 198
8383 100 194 215
8384 98 118 214
8385 96 191 213
8386 94 246 211
8387 92 41 210
8388 90 221 209
8389 88 251 208
8390 86 256 207
8391 84 214 205
8392 82 207 204
8393 80 163 203
8394 78 70 202
8395 76 183 201
8396 74 159 199
8397 101 194 217
8398 99 118 215
8399 97 191 214
8400 95 246 213
8401 93 41 212
8402 91 221 211
8403 89 251 209
8404 87 256 208
8405 85 214 207
8406 83 207 206
8407 81 163 205
8408 79 70 203
8409 77 183 202
8410 102 97 217
8411 100 59 216
8412 98 224 215
8413 96 123 214
8414 94 149 212
8415 92 239 211
8416 90 254 210
8417 88 128 209
8418 86 107 208
8419 84 232 206
8420 82 210 205
8421 80 35 204
8422 103 97 219
8423 101 59 218
8424 99 224 216
8425 97 123 215
8426 95 149 214
8427 93 239 213
8428 91 254 212
8429 89 128 210
8430 87 107 209
8431 85 232 208
8432 83 210 207
8433 104 177 219
8434 102 158 218
8435 100 112 217
8436 98 190 216
8437 96 203 215
8438 94 248 213
8439 92 127 212
8440 90 64 211
8441 88 182 210
8442 86 116 209
8443 105 177 221
8444 103 158 220
8445 101 112 219
8446 99 190 217
8447 97 203 216
8448 95 248 215
8449 93 127 214
8450 91 64 213
8451 89 182 211
8452 106 217 222
8453 104 79 220
8454 102 56 219
8455 100 95 218
8456 98 230 217
8457 96 124 216
8458 94 192 214
8459 92 32 213
8460 107 217 223
8461 105 79 222
8462 103 56 221
8463 101 95 220
8464 99 230 218
8465 97 124 217
8466 95 192 216
8467 108 237 224
8468 106 168 223
8469 104 28 221
8470 102 176 220
8471 100 115 219
8472 98 62 218
8473 109 237 225
8474 107 168 224
8475 105 28 223
8476 103 176 222
8477 101 115 221
8478 110 247 226
8479 108 84 225
8480 106 14 224
8481 104 88 222
8482 111 247 228
8483 109 84 226
8484 107 14 225
8485 112 252 228
8486 110 42 227
8487 113 252 230
8488 3 187 152
8489 2 35 153
8490 1 111 154
8491 0 73 155
8492 0 73 156
8493 0 73 157
8494 0 73 158
8495 0 73 159
8496 0 73 160
8497 0 73 161
8498 0 73 162
8499 0 73 163
8500 0 73 164
8501 0 73 165
8502 0 73 166
8503 0 73 167
8504 0 73 168
8505 0 73 169
8506 0 73 170
8507 0 73 171
8508 0 73 172
8509 0 73 173
8510 0 73 174
8511 0 73 175
8512 0 73 176
8513 0 73 177
8514 0 73 178
8515 0 73 179
8516 0 73 180
8517 0 73 181
8518 4 74 152
8519 5 39 152
8520 3 220 153
8521 2 147 154
8522 1 55 155
8523 1 55 156
8524 1 55 157
8525 1 55 158
8526 1 55 159
8527 1 55 160
8528 1 55 161
8529 1 55 162
8530 1 55 163
8531 1 55 164
8532 1 55 165
8533 1 55 166
8534 1 55 167
8535 1 55 168
8536 1 55 169
8537 1 55 170
8538 1 55 171
8539 1 55 172
8540 1 55 173
8541 1 55 174
8542 1 55 175
8543 1 55 176
8544 1 55 177
8545 1 55 178
8546 1 55 179
8547 6 85 152
8548 7 83 152
8549 4 164 153
8550 5 63 153
8551 3 153 154
8552 2 52 155
8553 2 52 156
8554 2 52 157
8555 2 52 158
8556 2 52 159
8557 2 52 160
8558 2 52 161
8559 2 52 162
8560 2 52 163
8561 2 52 164
8562 2 52 165
8563 2 52 166
8564 2 52 167
8565 2 52 168
8566 2 52 169
8567 2 52 170
8568 2 52 171
8569 2 52 172
8570 2 52 173
8571 2 52 174
8572 2 52 175
8573 2 52 176
8574 2 52 177
8575 8 115 152
8576 9 203 152
8577 6 237 153
8578 7 55 153
8579 4 19 154
8580 5 65 154
8581 3 180 155
8582 3 180 156
8583 3 180 157
8584 3 180 158
8585 3 180 159
8586 3 180 160
8587 3 180 161
8588 3 180 162
8589 3 180 163
8590 3 180 164
8591 3 180 165
8592 3 180 166
8593 3 180 167
8594 3 180 168
8595 3 180 169
8596 3 180 170
8597 3 180 171
8598 3 180 172
8599 3 180 173
8600 3 180 174
8601 3 180 175
8602 10 80 152
8603 8 245 153
8604 9 25 153
8605 11 36 153
8606 6 192 154
8607 7 224 154
8608 4 176 155
8609 5 232 155
8610 4 30 156
8611 4 30 157
8612 4 30 158
8613 4 30 159
8614 4 30 160
8615 4 30 161
8616 4 30 162
8617 4 30 163
8618 4 30 164
8619 4 30 165
8620 4 30 166
8621 4 30 167
8622 4 30 168
8623 4 30 169
8624 4 30 170
8625 4 30 171
8626 4 30 172
8627 4 30 173
8628 10 79 153
8629 12 120 153
8630 8 127 154
8631 9 111 154
8632 11 205 154
8633 13 233 154
8634 6 223 155
8635 7 72 155
8636 5 42 156
8637 6 32 156
8638 5 5 157
8639 5 5 158
8640 5 5 159
8641 5 5 160
8642 5 5 161
8643 5 5 162
8644 5 5 163
8645 5 5 164
8646 5 5 165
8647 5 5 166
8648 5 5 167
8649 5 5 168
8650 5 5 169
8651 5 5 170
8652 5 5 171
8653 10 229 154
8654 12 247 154
8655 14 180 154
8656 8 22 155
8657 9 95 155
8658 11 96 155
8659 13 18 155
8660 15 16 155
8661 7 208 156
8662 8 134 156
8663 6 252 157
8664 7 175 157
8665 6 215 158
8666 6 215 159
8667 6 215 160
8668 6 215 161
8669 6 215 162
8670 6 215 163
8671 6 215 164
8672 6 215 165
8673 6 215 166
8674 6 215 167
8675 6 215 168
8676 6 215 169
8677 10 88 155
8678 12 215 155
8679 14 242 155
8680 9 23 156
8681 10 153 156
8682 11 249 156
8683 13 127 156
8684 15 170 156
8685 16 83 156
8686 8 235 157
8687 9 82 157
8688 18 55 157
8689 7 121 158
8690 8 198 158
8691 7 250 159
8692 7 250 160
8693 7 250 161
8694 7 250 162
8695 7 250 163
8696 7 250 164
8697 7 250 165
8698 7 250 166
8699 7 250 167
8700 12 98 156
8701 14 35 156
8702 10 80 157
8703 11 70 157
8704 12 61 157
8705 13 18 157
8706 15 217 157
8707 16 58 157
8708 17 12 157
8709 9 107 158
8710 10 5 158
8711 11 101 158
8712 19 153 158
8713 8 107 159
8714 9 189 159
8715 8 213 160
8716 21 168 160
8717 8 213 161
8718 8 213 162
8719 8 213 163
8720 8 213 164
8721 8 213 165
8722 14 4 157
8723 12 60 158
8724 13 215 158
8725 14 150 158
8726 15 181 158
8727 16 86 158
8728 17 119 158
8729 18 123 158
8730 10 11 159
8731 11 127 159
8732 12 82 159
8733 13 162 159
8734 20 91 159
8735 9 103 160
8736 10 150 160
8737 11 22 160
8738 22 28 160
8739 9 164 161
8740 24 79 161
8741 9 164 162
8742 9 164 163
8743 14 146 159
8744 15 133 159
8745 16 137 159
8746 17 209 159
8747 18 209 159
8748 19 1 159
8749 12 187 160
8750 13 139 160
8751 14 200 160
8752 15 111 160
8753 16 210 160
8754 10 141 161
8755 11 21 161
8756 12 109 161
8757 13 98 161
8758 21 146 161
8759 10 113 162
8760 11 94 162
8761 23 95 162
8762 10 113 163
8763 17 24 160
8764 18 131 160
8765 19 168 160
8766 20 222 160
8767 14 252 161
8768 15 247 161
8769 16 103 161
8770 17 170 161
8771 18 209 161
8772 19 235 161
8773 22 174 161
8774 12 11 162
8775 13 111 162
8776 14 209 162
8777 15 4 162
8778 24 108 162
8779 11 175 163
8780 12 234 163
8781 13 212 163
8782 20 99 161
8783 16 143 162
8784 17 159 162
8785 18 148 162
8786 19 66 162
8787 20 113 162
8788 21 5 162
8789 22 65 162
8790 14 70 163
8791 15 190 163
8792 16 100 163
8793 17 49 163
8794 18 144 163
8795 23 57 163
8796 25 88 163
8797 9 244 164
8798 10 140 164
8799 11 197 164
8800 19 181 163
8801 20 207 163
8802 21 54 163
8803 22 202 163
8804 24 67 163
8805 12 146 164
8806 13 59 164
8807 14 31 164
8808 15 226 164
8809 16 201 164
8810 17 165 164
8811 18 237 164
8812 19 208 164
8813 20 203 164
8814 21 35 164
8815 22 82 164
8816 24 190 164
8817 23 80 164
8818 25 227 164
8819 26 147 164
8820 27 249 164
8821 9 150 165
8822 10 204 165
8823 11 1 165
8824 12 206 165
8825 13 114 165
8826 14 8 165
8827 15 256 165
8828 16 198 165
8829 17 216 165
8830 18 183 165
8831 19 61 165
8832 20 213 165
8833 21 107 165
8834 22 8 165
8835 23 48 165
8836 24 106 165
8837 25 124 165
8838 26 10 165
8839 27 114 165
8840 28 111 165
8841 8 252 166
8842 9 93 166
8843 10 141 166
8844 11 203 166
8845 12 233 166
8846 13 9 166
8847 14 138 166
8848 15 189 166
8849 16 143 166
8850 17 227 166
8851 18 86 166
8852 19 206 166
8853 20 206 166
8854 21 188 166
8855 22 19 166
8856 23 242 166
8857 24 129 166
8858 25 136 166
8859 26 67 166
8860 27 16 166
8861 28 28 166
8862 29 157 166
8863 30 186 166
8864 8 202 167
8865 9 119 167
8866 10 28 167
8867 12 76 167
8868 11 149 167
8869 13 196 167
8870 14 26 167
8871 15 94 167
8872 16 191 167
8873 17 107 167
8874 18 187 167
8875 19 231 167
8876 20 144 167
8877 21 67 167
8878 22 166 167
8879 23 122 167
8880 24 209 167
8881 25 177 167
8882 26 126 167
8883 27 159 167
8884 28 14 167
8885 29 91 167
8886 30 154 167
8887 7 201 168
8888 8 43 168
8889 9 173 168
8890 10 5 168
8891 11 34 168
8892 12 149 168
8893 13 129 168
8894 14 251 168
8895 15 71 168
8896 16 103 168
8897 17 105 168
8898 18 253 168
8899 19 225 168
8900 20 181 168
8901 21 128 168
8902 22 143 168
8903 23 38 168
8904 24 152 168
8905 25 214 168
8906 26 153 168
8907 27 88 168
8908 28 151 168
8909 29 145 168
8910 30 142 168
8911 31 194 168
8912 32 211 168
8913 7 135 169
8914 8 54 169
8915 9 15 169
8916 10 24 169
8917 11 109 169
8918 12 111 169
8919 13 127 169
8920 14 154 169
8921 15 245 169
8922 16 240 169
8923 17 237 169
8924 18 217 169
8925 19 233 169
8926 20 235 169
8927 21 208 169
8928 22 120 169
8929 23 140 169
8930 24 237 169
8931 25 124 169
8932 26 52 169
8933 27 179 169
8934 28 10 169
8935 29 189 169
8936 31 200 169
8937 30 186 169
8938 32 125 169
8939 33 92 169
8940 34 19 169
8941 6 26 170
8942 7 70 170
8943 8 212 170
8944 9 140 170
8945 10 235 170
8946 11 243 170
8947 12 90 170
8948 13 99 170
8949 14 126 170
8950 6 255 171
8951 15 216 170
8952 5 214 172
8953 16 91 170
8954 17 57 170
8955 18 161 170
8956 19 217 170
8957 20 51 170
8958 21 167 170
8959 22 9 170
8960 23 89 170
8961 24 56 170
8962 25 239 170
8963 26 97 170
8964 27 243 170
8965 28 17 170
8966 29 228 170
8967 30 119 170
8968 31 231 170
8969 32 67 170
8970 33 240 170
8971 34 212 170
8972 7 32 171
8973 8 152 171
8974 9 226 171
8975 11 177 171
8976 10 213 171
8977 12 167 171
8978 13 124 171
8979 14 23 171
8980 15 210 171
8981 16 95 171
8982 18 151 171
8983 17 19 171
8984 19 134 171
8985 20 92 171
8986 21 132 171
8987 22 105 171
8988 23 5 171
8989 24 73 171
8990 25 82 171
8991 26 62 171
8992 27 37 171
8993 28 235 171
8994 29 209 171
8995 30 211 171
8996 31 256 171
8997 32 205 171
8998 33 219 171
8999 34 60 171
9000 35 252 171
9001 36 72 171
9002 6 28 172
9003 7 232 172
9004 8 25 172
9005 9 236 172
9006 10 221 172
9007 11 225 172
9008 12 110 172
9009 13 15 172
9010 14 56 172
9011 15 140 172
9012 16 44 172
9013 17 142 172
9014 18 37 172
9015 19 4 172
9016 20 28 172
9017 21 11 172
9018 22 107 172
9019 23 214 172
9020 24 118 172
9021 25 140 172
9022 26 109 172
9023 27 231 172
9024 28 168 172
9025 29 95 172
9026 30 34 172
9027 31 151 172
9028 32 251 172
9029 33 141 172
9030 34 190 172
9031 35 136 172
9032 36 24 172
9033 37 132 172
9034 5 135 173
9035 6 118 173
9036 7 38 173
9037 8 54 173
9038 9 231 173
9039 10 166 173
9040 11 222 173
9041 12 115 173
9042 13 133 173
9043 14 22 173
9044 15 114 173
9045 16 199 173
9046 17 10 173
9047 18 131 173
9048 19 86 173
9049 20 168 173
9050 21 182 173
9051 22 114 173
9052 23 209 173
9053 24 205 173
9054 25 181 173
9055 26 234 173
9056 27 134 173
9057 28 29 173
9058 29 191 173
9059 30 139 173
9060 31 219 173
9061 32 3 173
9062 33 237 173
9063 34 184 173
9064 35 244 173
9065 36 127 173
9066 37 178 173
9067 38 125 173
9068 39 9 173
9069 4 254 174
9070 5 138 174
9071 6 251 174
9072 7 58 174
9073 8 3 174
9074 9 228 174
9075 10 26 174
9076 11 43 174
9077 12 202 174
9078 13 216 174
9079 14 122 174
9080 15 43 174
9081 16 180 174
9082 17 13 174
9083 18 85 174
9084 19 169 174
9085 20 173 174
9086 21 253 174
9087 22 132 174
9088 23 161 174
9089 24 90 174
9090 25 64 174
9091 26 133 174
9092 27 8 174
9093 28 224 174
9094 29 14 174
9095 30 29 174
9096 31 64 174
9097 32 26 174
9098 33 111 174
9099 34 83 174
9100 35 3 174
9101 36 46 174
9102 37 139 174
9103 38 29 174
9104 39 209 174
9105 40 118 174
9106 4 162 175
9107 6 170 175
9108 5 113 175
9109 7 188 175
9110 8 149 175
9111 9 107 175
9112 10 20 175
9113 11 111 175
9114 12 20 175
9115 13 87 175
9116 14 27 175
9117 15 83 175
9118 16 155 175
9119 17 236 175
9120 18 153 175
9121 19 108 175
9122 20 53 175
9123 21 256 175
9124 22 146 175
9125 23 248 175
9126 24 254 175
9127 25 94 175
9128 26 43 175
9129 27 37 175
9130 28 214 175
9131 29 233 175
9132 30 20 175
9133 31 92 175
9134 32 78 175
9135 33 127 175
9136 34 111 175
9137 35 178 175
9138 36 253 175
9139 37 236 175
9140 38 155 175
9141 39 60 175
9142 40 128 175
9143 42 33 175
9144 3 86 176
9145 4 52 176
9146 5 41 176
9147 6 229 176
9148 7 44 176
9149 8 184 176
9150 9 134 176
9151 10 152 176
9152 11 203 176
9153 12 58 176
9154 13 44 176
9155 14 247 176
9156 15 125 176
9157 16 128 176
9158 17 67 176
9159 18 168 176
9160 19 202 176
9161 20 21 176
9162 21 183 176
9163 22 86 176
9164 23 147 176
9165 24 231 176
9166 25 93 176
9167 26 214 176
9168 27 90 176
9169 28 152 176
9170 29 166 176
9171 30 249 176
9172 31 83 176
9173 32 157 176
9174 33 231 176
9175 34 36 176
9176 35 201 176
9177 36 231 176
9178 37 244 176
9179 38 160 176
9180 39 21 176
9181 40 227 176
9182 41 68 176
9183 42 220 176
9184 3 217 177
9185 4 3 177
9186 5 256 177
9187 6 248 177
9188 7 100 177
9189 8 198 177
9190 9 255 177
9191 10 131 177
9192 11 57 177
9193 12 134 177
9194 13 69 177
9195 14 97 177
9196 15 241 177
9197 16 55 177
9198 17 27 177
9199 18 36 177
9200 19 177 177
9201 20 26 177
9202 21 42 177
9203 22 113 177
9204 23 158 177
9205 24 88 177
9206 25 166 177
9207 26 24 177
9208 27 228 177
9209 28 246 177
9210 29 31 177
9211 30 109 177
9212 31 85 177
9213 32 202 177
9214 33 234 177
9215 34 207 177
9216 35 2 177
9217 36 232 177
9218 37 143 177
9219 38 42 177
9220 39 66 177
9221 40 241 177
9222 41 179 177
9223 42 174 177
9224 43 90 177
9225 44 71 177
9226 2 87 178
9227 3 200 178
9228 4 96 178
9229 5 208 178
9230 6 164 178
9231 7 256 178
9232 8 104 178
9233 9 140 178
9234 10 147 178
9235 11 157 178
9236 12 248 178
9237 13 139 178
9238 15 43 178
9239 14 156 178
9240 16 152 178
9241 17 224 178
9242 18 32 178
9243 19 84 178
9244 20 10 178
9245 21 220 178
9246 22 157 178
9247 23 103 178
9248 24 87 178
9249 25 242 178
9250 26 35 178
9251 27 93 178
9252 28 255 178
9253 29 216 178
9254 30 95 178
9255 31 204 178
9256 32 170 178
9257 33 181 178
9258 34 72 178
9259 35 119 178
9260 36 142 178
9261 37 116 178
9262 38 74 178
9263 39 214 178
9264 40 8 178
9265 41 196 178
9266 42 53 178
9267 43 62 178
9268 44 110 178
9269 45 40 178
9270 2 128 179
9271 3 101 179
9272 4 102 179
9273 5 102 179
9274 6 252 179
9275 7 95 179
9276 8 173 179
9277 9 50 179
9278 10 233 179
9279 11 133 179
9280 12 215 179
9281 13 84 179
9282 14 57 179
9283 15 198 179
9284 16 27 179
9285 17 120 179
9286 18 85 179
9287 19 190 179
9288 20 21 179
9289 21 76 179
9290 22 23 179
9291 23 112 179
9292 24 78 179
9293 25 102 179
9294 26 23 179
9295 27 37 179
9296 28 36 179
9297 29 169 179
9298 30 127 179
9299 31 112 179
9300 32 187 179
9301 33 155 179
9302 34 141 179
9303 35 84 179
9304 36 228 179
9305 37 224 179
9306 38 41 179
9307 39 147 179
9308 40 174 179
9309 41 27 179
9310 42 139 179
9311 43 178 179
9312 44 91 179
9313 45 167 179
9314 46 246 179
9315 1 140 180
9316 2 26 180
9317 3 101 180
9318 4 199 180
9319 5 177 180
9320 6 230 180
9321 7 91 180
9322 8 174 180
9323 9 172 180
9324 10 225 180
9325 11 230 180
9326 12 141 180
9327 13 136 180
9328 14 141 180
9329 17 240 180
9330 20 90 180
9331 21 140 180
9332 22 120 180
9333 23 168 180
9334 24 185 180
9335 25 202 180
9336 26 240 180
9337 27 132 180
9338 28 247 180
9339 29 20 180
9340 30 146 180
9341 31 73 180
9342 32 209 180
9343 33 20 180
9344 34 123 180
9345 35 145 180
9346 36 203 180
9347 37 112 180
9348 38 195 180
9349 39 129 180
9350 40 252 180
9351 41 151 180
9352 42 216 180
9353 43 92 180
9354 44 57 180
9355 45 123 180
9356 46 25 180
9357 47 224 180
9358 48 59 180
9359 23 56 181
9360 25 68 181
9361 26 65 181
9362 27 167 181
9363 28 250 181
9364 29 208 181
9365 30 76 181
9366 31 158 181
9367 32 164 181
9368 33 118 181
9369 34 33 181
9370 35 219 181
9371 36 82 181
9372 37 14 181
9373 38 102 181
9374 39 191 181
9375 40 190 181
9376 41 119 181
9377 42 51 181
9378 43 234 181
9379 44 253 181
9380 46 64 181
9381 45 66 181
9382 47 62 181
9383 48 105 181
9384 49 131 181
9385 26 26 182
9386 28 80 182
9387 29 31 182
9388 30 4 182
9389 31 112 182
9390 32 20 182
9391 33 5 182
9392 34 218 182
9393 35 19 182
9394 36 183 182
9395 37 71 182
9396 38 125 182
9397 39 159 182
9398 40 107 182
9399 41 207 182
9400 42 113 182
9401 43 130 182
9402 44 95 182
9403 45 24 182
9404 46 255 182
9405 47 205 182
9406 48 120 182
9407 49 226 182
9408 50 9 182
9409 31 41 183
9410 32 33 183
9411 33 247 183
9412 34 77 183
9413 35 57 183
9414 36 152 183
9415 37 208 183
9416 38 142 183
9417 39 91 183
9418 40 51 183
9419 41 8 183
9420 42 228 183
9421 43 115 183
9422 44 144 183
9423 45 121 183
9424 46 239 183
9425 47 28 183
9426 48 107 183
9427 49 132 183
9428 50 42 183
9429 51 57 183
9430 52 121 183
9431 35 163 184
9432 36 80 184
9433 37 114 184
9434 38 80 184
9435 39 239 184
9436 40 235 184
9437 41 236 184
9438 42 148 184
9439 43 41 184
9440 44 214 184
9441 46 31 184
9442 45 70 184
9443 47 27 184
9444 48 147 184
9445 49 174 184
9446 50 19 184
9447 51 120 184
9448 52 162 184
9449 54 238 184
9450 38 115 185
9451 40 98 185
9452 41 28 185
9453 42 137 185
9454 43 88 185
9455 45 14 185
9456 44 157 185
9457 46 256 185
9458 47 58 185
9459 48 18 185
9460 49 9 185
9461 51 229 185
9462 50 200 185
9463 52 139 185
9464 53 41 185
9465 54 141 185
9466 41 2 186
9467 43 72 186
9468 44 237 186
9469 45 46 186
9470 46 121 186
9471 47 107 186
9472 51 200 186
9473 50 40 186
9474 49 24 186
9475 48 61 186
9476 52 187 186
9477 53 134 186
9478 55 209 186
9479 54 64 186
9480 46 124 187
9481 47 201 187
9482 51 40 187
9483 50 8 187
9484 49 159 187
9485 48 115 187
9486 56 241 187
9487 55 196 187
9488 53 76 187
9489 54 224 187
9490 52 178 187
9491 57 18 187
9492 50 53 188
9493 51 232 188
9494 56 151 188
9495 55 142 188
9496 53 213 188
9497 54 176 188
9498 52 87 188
9499 58 83 188
9500 57 204 188
9501 56 133 189
9502 55 234 189
9503 53 80 189
9504 59 170 189
9505 58 68 189
9506 57 195 189
9507 60 223 189
9508 56 130 190
9509 59 34 190
9510 58 65 190
9511 61 228 191
9512 60 97 190
9513 62 38 191
9514 63 187 192
9515 61 111 192
9516 59 46 191
9517 57 140 190
9518 55 35 190
9519 54 157 189
9520 51 211 189
9521 49 187 188
9522 47 111 188
9523 45 92 187
9524 43 23 187
9525 42 99 186
9526 39 73 185
9527 37 211 185
9528 35 117 185
9529 33 222 184
9530 31 184 184
9531 29 23 183
9532 27 70 182
9533 25 146 182
9534 24 85 181
9535 21 234 181
9536 19 222 180
9537 18 178 180
9538 15 92 180
9539 16 133 180
9540 1 47 181
9541 2 202 181
9542 3 42 181
9543 4 155 181
9544 5 225 181
9545 6 178 181
9546 7 243 181
9547 8 89 181
9548 9 93 181
9549 10 107 181
9550 11 2 181
9551 12 172 181
9552 64 74 192
9553 62 147 192
9554 60 101 191
9555 58 218 191
9556 56 183 191
9557 53 53 190
9558 52 78 189
9559 50 148 189
9560 48 37 188
9561 46 202 188
9562 44 218 187
9563 41 3 187
9564 40 110 186
9565 38 156 186
9566 36 39 185
9567 34 37 184
9568 32 202 184
9569 30 179 183
9570 28 109 183
9571 26 220 183
9572 23 60 182
9573 22 39 181
9574 20 74 181
9575 13 77 181
9576 14 104 181
9577 15 222 181
9578 16 2 181
9579 17 90 181
9580 18 152 181
9581 19 250 181
9582 0 248 182
9583 1 171 182
9584 2 136 182
9585 3 112 182
9586 4 197 182
9587 5 11 182
9588 6 91 182
9589 65 74 194
9590 63 147 193
9591 61 101 193
9592 59 109 192
9593 57 220 191
9594 55 55 191
9595 54 96 190
9596 51 148 190
9597 49 147 189
9598 47 101 189
9599 45 218 188
9600 43 183 188
9601 42 88 187
9602 39 78 186
9603 37 148 186
9604 35 37 186
9605 33 202 185
9606 31 179 185
9607 29 183 184
9608 27 110 183
9609 25 156 183
9610 24 150 182
9611 21 74 182
9612 7 171 182
9613 8 214 182
9614 9 106 182
9615 10 243 182
9616 11 105 182
9617 12 204 182
9618 13 249 182
9619 14 124 182
9620 15 235 182
9621 16 169 182
9622 17 198 182
9623 18 21 182
9624 19 165 182
9625 66 196 194
9626 64 153 193
9627 62 231 193
9628 60 122 192
9629 58 159 192
9630 56 104 192
9631 53 134 191
9632 52 196 190
9633 50 49 190
9634 48 205 189
9635 46 244 189
9636 44 159 188
9637 41 127 188
9638 40 26 187
9639 38 135 187
9640 36 98 186
9641 34 205 185
9642 32 244 185
9643 30 61 184
9644 28 208 184
9645 26 52 184
9646 23 42 183
9647 22 98 182
9648 20 153 182
9649 0 242 183
9650 1 86 183
9651 2 213 183
9652 3 203 183
9653 4 31 183
9654 5 242 183
9655 6 177 183
9656 7 84 183
9657 8 146 183
9658 9 215 183
9659 10 245 183
9660 67 98 195
9661 65 153 195
9662 63 231 194
9663 61 122 194
9664 59 208 193
9665 57 52 192
9666 55 13 192
9667 54 192 191
9668 51 49 191
9669 49 231 190
9670 47 122 190
9671 45 159 189
9672 43 104 189
9673 42 137 188
9674 39 196 187
9675 37 49 187
9676 35 205 187
9677 33 244 186
9678 31 61 186
9679 29 104 185
9680 27 26 184
9681 25 135 184
9682 24 36 183
9683 21 153 183
9684 11 182 183
9685 12 253 183
9686 13 46 183
9687 14 103 183
9688 15 42 183
9689 16 183 183
9690 17 170 183
9691 18 147 183
9692 19 85 183
9693 20 208 183
9694 68 204 196
9695 66 51 195
9696 64 167 194
9697 62 106 194
9698 60 155 193
9699 58 103 193
9700 56 90 193
9701 53 113 192
9702 52 51 191
9703 50 77 191
9704 48 212 190
9705 46 53 190
9706 44 103 189
9707 41 148 189
9708 40 151 188
9709 38 102 188
9710 36 154 187
9711 34 212 186
9712 32 53 186
9713 30 206 185
9714 28 180 185
9715 26 45 185
9716 23 65 184
9717 22 154 183
9718 0 33 184
9719 1 111 184
9720 2 159 184
9721 3 190 184
9722 4 147 184
9723 5 48 184
9724 6 117 184
9725 7 34 184
9726 8 123 184
9727 69 102 196
9728 67 154 196
9729 65 167 196
9730 63 106 195
9731 61 155 195
9732 59 180 194
9733 57 45 193
9734 55 204 193
9735 54 230 192
9736 51 77 192
9737 49 106 191
9738 47 155 191
9739 45 103 190
9740 43 90 190
9741 42 229 189
9742 39 51 188
9743 37 77 188
9744 35 212 188
9745 33 53 187
9746 31 206 187
9747 29 90 186
9748 27 151 185
9749 25 102 185
9750 24 241 184
9751 21 167 184
9752 9 201 184
9753 10 8 184
9754 11 201 184
9755 12 12 184
9756 13 214 184
9757 15 200 184
9758 14 13 184
9759 70 34 197
9760 68 137 197
9761 66 227 196
9762 64 189 195
9763 62 240 195
9764 60 60 194
9765 58 15 194
9766 56 68 194
9767 53 116 193
9768 52 227 192
9769 50 121 192
9770 48 223 191
9771 46 120 191
9772 44 15 190
9773 41 73 190
9774 40 17 189
9775 38 197 189
9776 36 242 188
9777 34 223 187
9778 32 120 187
9779 30 30 186
9780 28 136 186
9781 26 34 186
9782 23 65 185
9783 22 242 184
9784 20 189 184
9785 16 64 184
9786 17 251 184
9787 18 182 184
9788 19 109 184
9789 0 256 185
9790 72 149 198
9791 69 197 197
9792 67 242 197
9793 65 189 197
9794 63 240 196
9795 61 60 196
9796 59 136 195
9797 57 34 194
9798 55 137 194
9799 54 233 193
9800 51 121 193
9801 49 240 192
9802 47 60 192
9803 45 15 191
9804 43 68 191
9805 42 30 190
9806 39 227 189
9807 37 121 189
9808 35 223 189
9809 33 120 188
9810 31 30 188
9811 29 68 187
9812 27 17 186
9813 25 197 186
9814 24 186 185
9815 21 189 185
9816 1 245 185
9817 2 237 185
9818 3 117 185
9819 4 103 185
9820 71 70 199
9821 70 237 198
9822 68 252 198
9823 66 63 197
9824 64 40 196
9825 62 10 196
9826 60 131 195
9827 58 97 195
9828 56 217 195
9829 53 199 194
9830 52 63 193
9831 50 80 193
9832 48 20 192
9833 46 5 192
9834 44 97 191
9835 41 194 191
9836 40 247 190
9837 38 126 190
9838 36 160 189
9839 34 20 188
9840 32 5 188
9841 30 194 187
9842 28 177 187
9843 26 237 187
9844 23 234 186
9845 22 160 185
9846 20 40 185
9847 5 154 185
9848 6 168 185
9849 73 177 200
9850 72 173 199
9851 69 126 198
9852 67 160 198
9853 65 40 198
9854 63 10 197
9855 61 131 197
9856 59 177 196
9857 57 237 195
9858 55 252 195
9859 54 243 194
9860 51 80 194
9861 49 10 193
9862 47 131 193
9863 45 97 192
9864 43 217 192
9865 42 90 191
9866 39 63 190
9867 37 80 190
9868 35 20 190
9869 33 5 189
9870 31 194 189
9871 29 217 188
9872 27 247 187
9873 25 126 187
9874 24 194 186
9875 21 40 186
9876 19 5 185
9877 74 158 200
9878 71 217 200
9879 70 42 199
9880 68 139 199
9881 66 99 198
9882 64 173 197
9883 62 236 197
9884 60 59 196
9885 58 79 196
9886 56 84 196
9887 53 240 195
9888 52 99 194
9889 50 89 194
9890 48 215 193
9891 46 118 193
9892 44 79 192
9893 41 95 192
9894 40 21 191
9895 38 198 191
9896 36 178 190
9897 34 215 189
9898 32 118 189
9899 30 158 188
9900 28 168 188
9901 26 42 188
9902 23 99 187
9903 22 178 186
9904 75 158 201
9905 73 168 201
9906 72 202 200
9907 69 198 199
9908 67 178 199
9909 65 173 199
9910 63 236 198
9911 61 59 198
9912 59 168 197
9913 57 42 196
9914 55 139 196
9915 54 31 195
9916 51 89 195
9917 49 236 194
9918 47 59 194
9919 45 79 193
9920 43 84 193
9921 42 235 192
9922 39 99 191
9923 37 89 191
9924 35 215 191
9925 33 118 190
9926 31 158 190
9927 29 84 189
9928 27 21 188
9929 25 198 188
9930 76 224 202
9931 74 28 201
9932 71 253 201
9933 70 66 200
9934 68 145 200
9935 66 229 199
9936 64 125 198
9937 62 224 198
9938 60 56 197
9939 58 14 197
9940 56 132 197
9941 53 167 196
9942 52 229 195
9943 50 250 195
9944 48 191 194
9945 46 112 194
9946 44 14 193
9947 41 126 193
9948 40 33 192
9949 38 201 192
9950 36 243 191
9951 34 191 190
9952 32 112 190
9953 30 28 189
9954 28 7 189
9955 77 112 203
9956 75 28 202
9957 73 7 202
9958 72 108 201
9959 69 201 200
9960 67 243 200
9961 65 125 200
9962 63 224 199
9963 61 56 199
9964 59 7 198
9965 57 66 197
9966 55 145 197
9967 54 132 196
9968 51 250 196
9969 49 224 195
9970 47 56 195
9971 45 14 194
9972 43 132 194
9973 42 81 193
9974 39 229 192
9975 37 250 192
9976 35 191 192
9977 33 112 191
9978 31 28 191
9979 78 123 203
9980 76 95 203
9981 74 44 202
9982 71 236 202
9983 70 67 201
9984 68 81 201
9985 66 213 200
9986 64 123 199
9987 62 95 199
9988 60 88 198
9989 58 22 198
9990 56 134 198
9991 53 134 197
9992 52 213 196
9993 50 246 196
9994 48 190 195
9995 46 176 195
9996 44 22 194
9997 41 250 194
9998 40 162 193
9999 38 169 193
10000 36 235 192
10001 34 190 191
10002 79 190 204
10003 77 176 204
10004 75 44 203
10005 73 11 203
10006 72 213 202
10007 69 169 201
10008 67 235 201
10009 65 123 201
10010 63 95 200
10011 61 88 200
10012 59 11 199
10013 57 67 198
10014 55 81 198
10015 54 139 197
10016 51 246 197
10017 49 95 196
10018 47 88 196
10019 45 22 195
10020 43 134 195
10021 42 204 194
10022 39 213 193
10023 37 246 193
10024 80 149 205
10025 78 230 204
10026 76 186 204
10027 74 216 203
10028 71 164 203
10029 70 142 202
10030 68 164 202
10031 66 41 201
10032 64 230 200
10033 62 186 200
10034 60 175 199
10035 58 108 199
10036 56 27 199
10037 53 161 198
10038 52 41 197
10039 50 203 197
10040 48 115 196
10041 46 93 196
10042 44 108 195
10043 41 228 195
10044 40 71 194
10045 81 149 206
10046 79 115 205
10047 77 93 205
10048 75 216 204
10049 73 54 204
10050 72 130 203
10051 69 82 202
10052 67 149 202
10053 65 230 202
10054 63 186 201
10055 61 175 201
10056 59 54 200
10057 57 142 199
10058 55 164 199
10059 54 6 198
10060 51 203 198
10061 49 186 197
10062 47 175 197
10063 45 108 196
10064 43 27 196
10065 82 239 206
10066 80 124 206
10067 78 31 205
10068 76 72 205
10069 74 9 204
10070 71 44 204
10071 70 113 203
10072 68 221 203
10073 66 248 202
10074 64 31 201
10075 62 72 201
10076 60 18 200
10077 58 133 200
10078 56 226 200
10079 53 246 199
10080 52 248 198
10081 50 62 198
10082 48 144 197
10083 46 36 197
10084 84 64 207
10085 81 124 207
10086 79 144 206
10087 77 36 206
10088 75 9 205
10089 73 195 205
10090 72 234 204
10091 69 239 203
10092 67 124 203
10093 65 31 203
10094 63 72 202
10095 61 18 202
10096 59 195 201
10097 57 113 200
10098 55 221 200
10099 54 48 199
10100 51 62 199
10101 49 72 198
10102 83 216 208
10103 82 192 207
10104 80 48 207
10105 78 12 206
10106 76 3 206
10107 74 161 205
10108 71 5 205
10109 70 251 204
10110 68 127 204
10111 66 96 203
10112 64 12 202
10113 62 3 202
10114 60 65 201
10115 58 209 201
10116 56 245 201
10117 53 72 200
10118 52 96 199
10119 85 254 209
10120 84 12 208
10121 81 48 208
10122 79 6 207
10123 77 130 207
10124 75 161 206
10125 73 233 206
10126 72 63 205
10127 69 192 204
10128 67 48 204
10129 65 12 204
10130 63 3 203
10131 61 65 203
10132 59 233 202
10133 57 251 201
10134 55 127 201
10135 86 256 210
10136 83 2 209
10137 82 8 208
10138 80 2 208
10139 78 129 207
10140 76 225 207
10141 74 253 206
10142 71 159 206
10143 70 64 205
10144 68 16 205
10145 66 4 204
10146 64 129 203
10147 62 225 203
10148 60 249 202
10149 58 255 202
10150 87 128 210
10151 85 32 210
10152 84 58 209
10153 81 2 209
10154 79 193 208
10155 77 241 208
10156 75 253 207
10157 73 256 207
10158 72 45 206
10159 69 8 205
10160 67 2 205
10161 65 129 205
10162 63 225 204
10163 61 249 204
10164 88 214 211
10165 86 182 211
10166 83 245 210
10167 82 86 209
10168 80 150 209
10169 78 166 208
10170 76 170 208
10171 74 214 207
10172 71 21 207
10173 70 174 206
10174 68 172 206
10175 66 43 205
10176 64 166 204
10177 89 107 212
10178 87 91 211
10179 85 87 211
10180 84 53 210
10181 81 150 210
10182 79 83 209
10183 77 85 209
10184 75 214 208
10185 73 182 208
10186 72 96 207
10187 69 86 206
10188 67 150 206
10189 90 207 212
10190 88 116 212
10191 86 29 212
10192 83 22 211
10193 82 25 210
10194 80 199 210
10195 78 114 209
10196 76 157 209
10197 74 116 208
10198 71 92 208
10199 70 200 207
10200 91 207 214
10201 89 58 213
10202 87 143 212
10203 85 100 212
10204 84 123 211
10205 81 199 211
10206 79 57 210
10207 77 207 210
10208 75 116 209
10209 73 29 209
10210 92 163 214
10211 90 105 213
10212 88 219 213
10213 86 119 213
10214 83 237 212
10215 82 76 211
10216 80 19 211
10217 78 69 210
10218 76 210 210
10219 93 163 215
10220 91 105 215
10221 89 238 214
10222 87 188 213
10223 85 47 213
10224 84 198 212
10225 81 19 212
10226 79 163 211
10227 94 70 215
10228 92 146 215
10229 90 165 214
10230 88 234 214
10231 86 187 214
10232 83 41 213
10233 82 46 212
10234 95 70 217
10235 93 146 216
10236 91 165 216
10237 89 117 215
10238 87 222 214
10239 85 184 214
10240 96 109 217
10241 94 110 216
10242 92 156 216
10243 90 39 215
10244 88 74 215
10245 97 183 218
10246 95 110 218
10247 93 156 217
10248 91 39 217
10249 98 61 219
10250 96 208 218
10251 94 26 217
10252 99 159 219
10253 97 104 219
10254 100 53 220
10255 102 163 221
10256 98 175 220
10257 95 216 219
10258 92 36 217
10259 89 18 216
10260 86 6 215
10261 84 237 213
10262 80 129 212
10263 77 193 211
10264 74 75 209
10265 72 23 208
10266 68 141 207
10267 65 199 206
10268 62 76 204
10269 59 38 203
10270 56 184 202
10271 54 36 200
10272 50 101 199
10273 47 179 198
10274 44 244 196
10275 42 148 195
10276 38 212 194
10277 35 106 193
10278 32 189 191
10279 29 223 190
10280 26 160 189
10281 23 80 188
10282 20 99 186
10283 17 178 185
10284 7 72 185
10285 8 160 185
10286 101 205 222
10287 99 216 220
10288 96 72 219
10289 93 36 218
10290 90 6 216
10291 87 3 215
10292 83 135 214
10293 81 129 213
10294 78 150 211
10295 75 75 210
10296 71 233 209
10297 69 199 207
10298 66 152 206
10299 63 76 205
10300 60 184 203
10301 57 92 202
10302 53 56 201
10303 51 101 200
10304 48 231 198
10305 45 244 197
10306 41 227 196
10307 39 106 194
10308 36 121 193
10309 33 189 192
10310 30 160 190
10311 27 80 189
10312 24 99 187
10313 21 99 187
10314 18 145 185
10315 103 175 223
10316 100 72 221
10317 97 36 220
10318 94 6 218
10319 91 6 218
10320 88 1 216
10321 85 129 215
10322 82 150 213
10323 79 75 212
10324 76 25 211
10325 73 141 210
10326 70 152 208
10327 67 76 207
10328 64 184 205
10329 61 184 205
10330 58 202 203
10331 55 101 202
10332 52 231 200
10333 49 244 199
10334 46 167 198
10335 43 212 197
10336 40 121 195
10337 37 189 194
10338 34 160 192
10339 31 160 192
10340 28 198 190
10341 25 99 189
10342 104 72 223
10343 102 94 222
10344 98 12 221
10345 95 6 220
10346 92 1 218
10347 89 129 217
10348 86 43 216
10349 84 121 214
10350 80 25 213
10351 77 141 212
10352 74 152 210
10353 72 134 209
10354 68 111 208
10355 65 184 207
10356 62 202 205
10357 59 101 204
10358 56 205 203
10359 54 26 201
10360 50 167 200
10361 47 212 199
10362 44 121 197
10363 42 58 196
10364 38 63 195
10365 35 160 194
10366 32 198 192
10367 105 72 224
10368 101 215 223
10369 99 6 221
10370 96 2 220
10371 93 1 219
10372 90 43 217
10373 87 150 216
10374 83 243 215
10375 81 25 214
10376 78 47 212
10377 75 152 211
10378 71 250 210
10379 69 184 208
10380 66 147 207
10381 63 202 206
10382 60 205 204
10383 57 231 203
10384 53 167 202
10385 51 167 201
10386 48 242 199
10387 45 121 198
10388 41 130 197
10389 39 160 195
10390 106 24 225
10391 103 12 224
10392 100 2 222
10393 97 1 221
10394 94 43 219
10395 91 43 219
10396 88 50 217
10397 85 25 216
10398 82 47 214
10399 79 152 213
10400 76 222 212
10401 73 111 211
10402 70 147 209
10403 67 202 208
10404 64 205 206
10405 61 205 206
10406 58 77 204
10407 55 167 203
10408 52 242 201
10409 49 121 200
10410 46 126 199
10411 107 12 226
10412 104 2 224
10413 102 250 223
10414 98 86 222
10415 95 43 221
10416 92 50 219
10417 89 25 218
10418 86 94 217
10419 84 163 215
10420 80 222 214
10421 77 111 213
10422 74 147 211
10423 72 104 210
10424 68 153 209
10425 65 205 208
10426 62 77 206
10427 59 167 205
10428 56 227 204
10429 54 237 202
10430 108 4 226
10431 105 2 225
10432 101 98 224
10433 99 43 222
10434 96 100 221
10435 93 50 220
10436 90 94 218
10437 87 47 217
10438 83 111 216
10439 81 222 215
10440 78 37 213
10441 75 147 212
10442 71 147 211
10443 69 205 209
10444 66 154 208
10445 63 77 207
10446 60 227 205
10447 109 2 227
10448 106 172 226
10449 103 86 225
10450 100 100 223
10451 97 50 222
10452 94 94 220
10453 91 94 220
10454 88 187 218
10455 85 222 217
10456 82 37 215
10457 79 147 214
10458 76 49 213
10459 73 153 212
10460 70 154 210
10461 67 77 209
10462 110 172 228
10463 107 86 227
10464 104 100 225
10465 102 226 224
10466 98 188 223
10467 95 94 222
10468 92 187 220
10469 89 222 219
10470 86 74 218
10471 84 98 216
10472 80 49 215
10473 77 153 214
10474 74 154 212
10475 111 172 229
10476 108 200 227
10477 105 100 226
10478 101 51 225
10479 99 94 223
10480 96 117 222
10481 93 187 221
10482 90 74 219
10483 87 37 218
10484 83 110 217
10485 81 49 216
10486 112 200 229
10487 109 100 228
10488 106 119 227
10489 103 188 226
10490 100 117 224
10491 97 187 223
10492 94 74 221
10493 91 74 221
10494 88 98 219
10495 114 38 230
10496 110 119 229
10497 107 188 228
10498 104 117 226
10499 102 8 225
10500 98 148 224
10501 95 74 223
10502 113 50 231
10503 111 119 230
10504 108 234 228
10505 105 117 227
10506 101 20 226
10507 115 119 232
10508 112 234 230
10509 109 117 229
10510 116 211 233
10511 9 165 185
10512 10 50 185
10513 11 249 185
10514 12 13 185
10515 0 243 186
10516 0 243 187
10517 0 243 188
10518 0 243 189
10519 0 243 190
10520 0 243 191
10521 0 243 192
10522 0 243 193
10523 0 243 194
10524 0 243 195
10525 0 243 196
10526 0 243 197
10527 0 243 198
10528 0 243 199
10529 0 243 200
10530 0 243 201
10531 0 243 202
10532 0 243 203
10533 0 243 204
10534 13 109 185
10535 14 96 185
10536 15 120 185
10537 16 228 185
10538 1 89 186
10539 2 218 186
10540 3 119 186
10541 1 235 187
10542 1 235 188
10543 1 235 189
10544 1 235 190
10545 1 235 191
10546 1 235 192
10547 1 235 193
10548 1 235 194
10549 1 235 195
10550 1 235 196
10551 1 235 197
10552 1 235 198
10553 1 235 199
10554 1 235 200
10555 1 235 201
10556 4 219 186
10557 5 1 186
10558 6 59 186
10559 7 36 186
10560 8 23 186
10561 9 17 186
10562 10 12 186
10563 11 208 186
10564 19 130 186
10565 2 149 187
10566 2 149 188
10567 2 149 189
10568 2 149 190
10569 2 149 191
10570 2 149 192
10571 2 149 193
10572 2 149 194
10573 2 149 195
10574 2 149 196
10575 2 149 197
10576 2 149 198
10577 12 167 186
10578 13 55 186
10579 14 156 186
10580 15 88 186
10581 16 2 186
10582 17 131 186
10583 18 157 186
10584 3 38 187
10585 4 120 187
10586 5 180 187
10587 20 225 187
10588 22 42 187
10589 3 124 188
10590 3 124 189
10591 3 124 190
10592 3 124 191
10593 3 124 192
10594 3 124 193
10595 3 124 194
10596 3 124 195
10597 6 158 187
10598 7 92 187
10599 8 8 187
10600 9 150 187
10601 10 203 187
10602 11 131 187
10603 12 34 187
10604 13 117 187
10605 14 141 187
10606 15 155 187
10607 16 211 187
10608 4 48 188
10609 21 249 188
10610 24 250 188
10611 4 48 189
10612 4 48 190
10613 26 210 190
10614 4 48 191
10615 4 48 192
10616 17 237 187
10617 18 164 187
10618 19 235 187
10619 5 49 188
10620 6 125 188
10621 7 62 188
10622 8 46 188
10623 9 84 188
10624 10 206 188
10625 11 137 188
10626 12 205 188
10627 13 124 188
10628 14 241 188
10629 22 86 188
10630 5 2 189
10631 23 89 189
10632 5 2 190
10633 27 38 190
10634 15 53 188
10635 16 144 188
10636 17 22 188
10637 18 113 188
10638 19 161 188
10639 20 12 188
10640 6 116 189
10641 7 248 189
10642 8 46 189
10643 9 29 189
10644 10 72 189
10645 11 241 189
10646 12 153 189
10647 13 157 189
10648 14 211 189
10649 24 89 189
10650 6 150 190
10651 15 199 189
10652 16 194 189
10653 17 102 189
10654 18 123 189
10655 19 154 189
10656 20 183 189
10657 21 48 189
10658 22 217 189
10659 7 242 190
10660 8 7 190
10661 9 12 190
10662 10 234 190
10663 11 256 190
10664 12 1 190
10665 13 130 190
10666 14 201 190
10667 15 38 190
10668 16 92 190
10669 17 173 190
10670 18 87 190
10671 19 145 190
10672 20 50 190
10673 21 57 190
10674 22 189 190
10675 23 104 190
10676 24 240 190
10677 25 142 190
10678 5 244 191
10679 6 103 191
10680 7 149 191
10681 8 47 191
10682 9 249 191
10683 10 13 191
10684 11 211 191
10685 12 165 191
10686 13 249 191
10687 14 116 191
10688 15 40 191
10689 16 203 191
10690 17 1 191
10691 18 52 191
10692 19 252 191
10693 20 230 191
10694 21 62 191
10695 22 167 191
10696 23 224 191
10697 24 217 191
10698 25 250 191
10699 26 217 191
10700 27 120 191
10701 28 49 191
10702 29 168 191
10703 30 42 191
10704 5 168 192
10705 6 14 192
10706 7 248 192
10707 8 100 192
10708 9 58 192
10709 10 66 192
10710 11 225 192
10711 12 67 192
10712 13 56 192
10713 14 61 192
10714 15 239 192
10715 16 204 192
10716 17 198 192
10717 18 179 192
10718 19 40 192
10719 20 202 192
10720 21 81 192
10721 22 5 192
10722 23 3 192
10723 24 241 192
10724 25 65 192
10725 26 132 192
10726 27 198 192
10727 28 236 192
10728 29 92 192
10729 30 114 192
10730 4 225 193
10731 5 75 193
10732 6 20 193
10733 7 73 193
10734 8 85 193
10735 9 40 193
10736 10 175 193
10737 11 139 193
10738 12 164 193
10739 13 236 193
10740 14 146 193
10741 15 30 193
10742 16 41 193
10743 17 167 193
10744 18 170 193
10745 19 48 193
10746 20 10 193
10747 21 69 193
10748 22 5 193
10749 23 140 193
10750 24 198 193
10751 25 202 193
10752 26 74 193
10753 27 241 193
10754 28 210 193
10755 29 248 193
10756 30 213 193
10757 31 37 193
10758 32 195 193
10759 33 16 193
10760 34 177 193
10761 4 168 194
10762 5 246 194
10763 6 254 194
10764 7 249 194
10765 9 23 194
10766 8 87 194
10767 10 62 194
10768 11 5 194
10769 12 207 194
10770 13 214 194
10771 14 220 194
10772 15 218 194
10773 16 13 194
10774 17 44 194
10775 18 25 194
10776 19 106 194
10777 20 25 194
10778 21 5 194
10779 22 114 194
10780 23 155 194
10781 24 17 194
10782 25 98 194
10783 26 256 194
10784 27 228 194
10785 28 51 194
10786 29 98 194
10787 30 5 194
10788 31 77 194
10789 32 165 194
10790 33 242 194
10791 34 32 194
10792 36 207 194
10793 4 204 195
10794 5 231 195
10795 6 51 195
10796 7 204 195
10797 8 90 195
10798 9 59 195
10799 10 190 195
10800 11 12 195
10801 12 141 195
10802 13 184 195
10803 14 77 195
10804 15 138 195
10805 16 54 195
10806 17 235 195
10807 18 122 195
10808 19 180 195
10809 20 90 195
10810 21 208 195
10811 22 30 195
10812 23 239 195
10813 24 2 195
10814 25 149 195
10815 26 174 195
10816 27 37 195
10817 28 145 195
10818 29 82 195
10819 30 110 195
10820 31 152 195
10821 32 179 195
10822 33 220 195
10823 34 61 195
10824 35 31 195
10825 36 246 195
10826 37 192 195
10827 4 107 196
10828 3 83 196
10829 5 250 196
10830 6 220 196
10831 7 126 196
10832 8 110 196
10833 9 129 196
10834 10 25 196
10835 11 121 196
10836 12 55 196
10837 13 118 196
10838 14 128 196
10839 15 104 196
10840 16 96 196
10841 17 126 196
10842 18 130 196
10843 19 53 196
10844 20 76 196
10845 21 210 196
10846 22 13 196
10847 23 22 196
10848 24 89 196
10849 25 67 196
10850 26 6 196
10851 27 46 196
10852 28 235 196
10853 29 223 196
10854 30 67 196
10855 31 233 196
10856 32 212 196
10857 33 158 196
10858 34 113 196
10859 35 121 196
10860 36 88 196
10861 37 27 196
10862 38 192 196
10863 39 205 196
10864 40 155 196
10865 3 110 197
10866 4 158 197
10867 5 168 197
10868 6 197 197
10869 7 96 197
10870 8 211 197
10871 9 142 197
10872 10 172 197
10873 11 3 197
10874 12 84 197
10875 13 116 197
10876 14 256 197
10877 15 247 197
10878 16 19 197
10879 17 97 197
10880 18 169 197
10881 19 10 197
10882 20 113 197
10883 21 238 197
10884 22 19 197
10885 23 142 197
10886 24 117 197
10887 25 145 197
10888 26 220 197
10889 27 194 197
10890 28 166 197
10891 29 204 197
10892 30 118 197
10893 31 164 197
10894 32 225 197
10895 33 71 197
10896 34 223 197
10897 35 39 197
10898 36 186 197
10899 37 213 197
10900 38 204 197
10901 39 172 197
10902 40 90 197
10903 42 151 197
10904 3 173 198
10905 4 224 198
10906 5 211 198
10907 6 11 198
10908 7 51 198
10909 8 64 198
10910 9 64 198
10911 10 58 198
10912 11 15 198
10913 12 181 198
10914 13 130 198
10915 14 171 198
10916 15 48 198
10917 16 48 198
10918 17 101 198
10919 18 2 198
10920 19 252 198
10921 20 154 198
10922 21 148 198
10923 22 167 198
10924 23 193 198
10925 24 182 198
10926 25 195 198
10927 26 252 198
10928 27 101 198
10929 28 240 198
10930 29 98 198
10931 30 174 198
10932 31 232 198
10933 32 143 198
10934 33 181 198
10935 34 92 198
10936 35 75 198
10937 36 232 198
10938 37 86 198
10939 38 134 198
10940 39 239 198
10941 40 208 198
10942 41 202 198
10943 42 242 198
10944 43 108 198
10945 44 159 198
10946 2 126 199
10947 3 207 199
10948 4 44 199
10949 5 129 199
10950 6 114 199
10951 7 139 199
10952 8 85 199
10953 9 77 199
10954 10 50 199
10955 11 57 199
10956 12 135 199
10957 13 252 199
10958 14 188 199
10959 15 63 199
10960 16 177 199
10961 17 206 199
10962 18 197 199
10963 19 229 199
10964 20 73 199
10965 21 46 199
10966 22 43 199
10967 23 244 199
10968 24 103 199
10969 25 114 199
10970 26 45 199
10971 27 118 199
10972 28 148 199
10973 29 120 199
10974 30 124 199
10975 31 53 199
10976 32 152 199
10977 33 6 199
10978 34 220 199
10979 35 102 199
10980 36 162 199
10981 37 186 199
10982 38 248 199
10983 39 224 199
10984 40 202 199
10985 41 128 199
10986 42 112 199
10987 43 18 199
10988 44 248 199
10989 45 222 199
10990 2 9 200
10991 3 128 200
10992 4 244 200
10993 5 174 200
10994 6 173 200
10995 7 129 200
10996 8 20 200
10997 9 97 200
10998 10 17 200
10999 11 146 200
11000 12 146 200
11001 13 62 200
11002 14 222 200
11003 15 108 200
11004 16 129 200
11005 17 34 200
11006 18 25 200
11007 19 235 200
11008 20 148 200
11009 21 68 200
11010 22 4 200
11011 23 43 200
11012 24 192 200
11013 25 199 200
11014 26 62 200
11015 27 83 200
11016 28 215 200
11017 29 80 200
11018 30 156 200
11019 31 95 200
11020 32 248 200
11021 33 250 200
11022 34 228 200
11023 35 142 200
11024 36 204 200
11025 37 180 200
11026 38 249 200
11027 39 156 200
11028 40 184 200
11029 41 197 200
11030 42 127 200
11031 43 234 200
11032 44 80 200
11033 45 169 200
11034 46 89 200
11035 47 120 200
11036 48 181 200
11037 2 100 201
11038 3 218 201
11039 4 175 201
11040 5 69 201
11041 6 232 201
11042 7 226 201
11043 8 252 201
11044 9 20 201
11045 10 144 201
11046 11 114 201
11047 12 249 201
11048 13 185 201
11049 14 183 201
11050 15 77 201
11051 17 17 201
11052 16 214 201
11053 18 70 201
11054 19 21 201
11055 20 76 201
11056 21 50 201
11057 22 41 201
11058 23 178 201
11059 24 214 201
11060 25 177 201
11061 26 169 201
11062 27 30 201
11063 28 143 201
11064 29 5 201
11065 30 36 201
11066 31 19 201
11067 32 72 201
11068 33 49 201
11069 34 9 201
11070 35 78 201
11071 36 77 201
11072 37 169 201
11073 38 215 201
11074 39 89 201
11075 40 172 201
11076 41 78 201
11077 42 256 201
11078 43 95 201
11079 44 84 201
11080 45 209 201
11081 46 123 201
11082 47 99 201
11083 48 189 201
11084 49 199 201
11085 50 141 201
11086 1 86 202
11087 2 90 202
11088 3 248 202
11089 4 117 202
11090 5 98 202
11091 6 255 202
11092 7 141 202
11093 8 116 202
11094 9 13 202
11095 10 230 202
11096 11 56 202
11097 12 34 202
11098 13 148 202
11099 14 25 202
11100 15 233 202
11101 16 247 202
11102 17 181 202
11103 18 120 202
11104 19 218 202
11105 20 211 202
11106 21 182 202
11107 22 201 202
11108 23 30 202
11109 24 119 202
11110 25 78 202
11111 26 32 202
11112 27 140 202
11113 28 85 202
11114 29 153 202
11115 30 11 202
11116 31 179 202
11117 32 201 202
11118 33 247 202
11119 34 54 202
11120 35 127 202
11121 36 215 202
11122 37 155 202
11123 38 214 202
11124 39 66 202
11125 40 3 202
11126 41 227 202
11127 42 194 202
11128 43 89 202
11129 44 216 202
11130 45 166 202
11131 46 7 202
11132 47 69 202
11133 48 109 202
11134 49 165 202
11135 50 69 202
11136 51 58 202
11137 52 174 202
11138 1 198 203
11139 2 76 203
11140 3 249 203
11141 4 200 203
11142 5 107 203
11143 6 150 203
11144 7 69 203
11145 8 12 203
11146 9 28 203
11147 10 117 203
11148 11 246 203
11149 12 192 203
11150 13 49 203
11151 14 106 203
11152 15 133 203
11153 16 23 203
11154 17 109 203
11155 18 202 203
11156 19 3 203
11157 20 227 203
11158 21 136 203
11159 22 79 203
11160 23 117 203
11161 24 194 203
11162 25 236 203
11163 26 124 203
11164 27 133 203
11165 28 16 203
11166 29 189 203
11167 30 44 203
11168 31 101 203
11169 32 168 203
11170 33 36 203
11171 34 152 203
11172 35 164 203
11173 36 74 203
11174 37 202 203
11175 38 45 203
11176 39 90 203
11177 40 246 203
11178 41 43 203
11179 42 184 203
11180 43 85 203
11181 44 18 203
11182 45 71 203
11183 46 250 203
11184 47 207 203
11185 48 238 203
11186 49 99 203
11187 50 190 203
11188 51 21 203
11189 52 175 203
11190 53 238 203
11191 54 251 203
11192 1 165 204
11193 3 27 204
11194 2 194 204
11195 4 24 204
11196 5 181 204
11197 6 31 204
11198 7 184 204
11199 8 184 204
11200 9 73 204
11201 10 116 204
11202 11 234 204
11203 12 139 204
11204 13 115 204
11205 14 235 204
11206 15 124 204
11207 16 52 204
11208 17 123 204
11209 18 56 204
11210 19 172 204
11211 20 33 204
11212 21 188 204
11213 22 202 204
11214 23 65 204
11215 24 237 204
11216 25 97 204
11217 26 167 204
11218 27 93 204
11219 28 92 204
11220 29 102 204
11221 30 108 204
11222 31 47 204
11223 32 116 204
11224 33 15 204
11225 34 213 204
11226 35 50 204
11227 36 135 204
11228 37 85 204
11229 38 179 204
11230 39 31 204
11231 40 28 204
11232 41 136 204
11233 42 1 204
11234 43 223 204
11235 44 182 204
11236 45 144 204
11237 46 203 204
11238 47 219 204
11239 48 249 204
11240 49 94 204
11241 50 238 204
11242 51 204 204
11243 52 246 204
11244 53 17 204
11245 54 110 204
11246 55 61 204
11247 57 2 204
11248 0 138 205
11249 1 112 205
11250 2 240 205
11251 3 228 205
11252 4 213 205
11253 5 255 205
11254 6 35 205
11255 7 45 205
11256 8 237 205
11257 9 100 205
11258 10 92 205
11259 11 98 205
11260 12 158 205
11261 13 210 205
11262 14 240 205
11263 15 180 205
11264 16 74 205
11265 17 194 205
11266 18 171 205
11267 19 49 205
11268 20 119 205
11269 21 86 205
11270 22 151 205
11271 23 142 205
11272 24 121 205
11273 25 238 205
11274 26 24 205
11275 27 98 205
11276 28 138 205
11277 29 89 205
11278 30 40 205
11279 31 186 205
11280 32 219 205
11281 33 48 205
11282 34 142 205
11283 35 112 205
11284 36 106 205
11285 37 83 205
11286 38 88 205
11287 39 229 205
11288 40 203 205
11289 41 253 205
11290 42 211 205
11291 43 135 205
11292 44 173 205
11293 45 220 205
11294 46 88 205
11295 47 186 205
11296 48 133 205
11297 49 98 205
11298 50 102 205
11299 51 63 205
11300 52 100 205
11301 53 27 205
11302 54 78 205
11303 55 165 205
11304 56 101 205
11305 57 238 205
11306 58 195 205
11307 0 111 206
11308 1 41 206
11309 2 229 206
11310 3 18 206
11311 4 186 206
11312 5 225 206
11313 6 124 206
11314 7 253 206
11315 8 56 206
11316 9 44 206
11317 10 154 206
11318 11 144 206
11319 12 85 206
11320 13 29 206
11321 14 143 206
11322 15 76 206
11323 16 125 206
11324 17 130 206
11325 18 175 206
11326 19 205 206
11327 20 234 206
11328 21 52 206
11329 22 215 206
11330 23 207 206
11331 24 234 206
11332 25 186 206
11333 26 186 206
11334 27 137 206
11335 28 225 206
11336 29 134 206
11337 30 120 206
11338 31 242 206
11339 32 220 206
11340 33 51 206
11341 34 165 206
11342 35 53 206
11343 36 2 206
11344 37 45 206
11345 38 129 206
11346 39 27 206
11347 40 215 206
11348 41 82 206
11349 42 4 206
11350 43 18 206
11351 44 105 206
11352 45 64 206
11353 46 123 206
11354 47 124 206
11355 48 40 206
11356 49 148 206
11357 50 216 206
11358 51 54 206
11359 52 72 206
11360 53 111 206
11361 54 252 206
11362 55 205 206
11363 56 179 206
11364 57 137 206
11365 58 67 206
11366 59 31 206
11367 60 75 206
11368 0 186 207
11369 1 32 207
11370 2 25 207
11371 3 101 207
11372 5 179 207
11373 4 82 207
11374 6 91 207
11375 7 123 207
11376 8 74 207
11377 9 23 207
11378 10 253 207
11379 11 220 207
11380 12 111 207
11381 13 71 207
11382 14 91 207
11383 15 110 207
11384 16 82 207
11385 17 28 207
11386 18 187 207
11387 19 27 207
11388 20 174 207
11389 21 14 207
11390 22 131 207
11391 23 178 207
11392 24 153 207
11393 25 147 207
11394 26 134 207
11395 27 48 207
11396 28 136 207
11397 29 164 207
11398 30 130 207
11399 31 233 207
11400 32 3 207
11401 33 157 207
11402 34 88 207
11403 35 52 207
11404 36 121 207
11405 37 95 207
11406 38 137 207
11407 39 52 207
11408 40 58 207
11409 41 108 207
11410 42 225 207
11411 43 112 207
11412 44 165 207
11413 45 41 207
11414 46 193 207
11415 47 151 207
11416 48 249 207
11417 49 25 207
11418 50 65 207
11419 51 98 207
11420 52 64 207
11421 53 158 207
11422 54 68 207
11423 55 110 207
11424 56 24 207
11425 57 52 207
11426 58 88 207
11427 59 167 207
11428 60 99 207
11429 61 105 207
11430 62 40 207
11431 64 52 207
11432 0 26 208
11433 1 166 208
11434 2 53 208
11435 3 58 208
11436 4 242 208
11437 5 219 208
11438 6 78 208
11439 7 158 208
11440 8 135 208
11441 9 256 208
11442 10 106 208
11443 11 17 208
11444 12 202 208
11445 13 117 208
11446 14 227 208
11447 15 184 208
11448 16 230 208
11449 17 182 208
11450 18 3 208
11451 19 166 208
11452 20 138 208
11453 21 3 208
11454 22 226 208
11455 23 68 208
11456 24 122 208
11457 25 203 208
11458 26 105 208
11459 27 28 208
11460 28 42 208
11461 29 124 208
11462 30 249 208
11463 31 179 208
11464 32 127 208
11465 33 171 208
11466 34 37 208
11467 35 131 208
11468 36 168 208
11469 37 81 208
11470 38 217 208
11471 39 109 208
11472 40 134 208
11473 41 29 208
11474 42 192 208
11475 43 93 208
11476 44 107 208
11477 45 140 208
11478 46 88 208
11479 47 22 208
11480 48 114 208
11481 49 2 208
11482 61 6 208
11483 59 104 208
11484 56 13 208
11485 55 29 208
11486 53 126 208
11487 51 144 208
11488 50 45 208
11489 52 77 208
11490 54 153 208
11491 57 180 208
11492 58 84 208
11493 60 164 208
11494 62 6 208
11495 63 247 208
11496 64 212 208
11497 0 19 209
11498 1 66 209
11499 2 134 209
11500 3 204 209
11501 4 50 209
11502 5 159 209
11503 6 224 209
11504 7 33 209
11505 8 62 209
11506 9 133 209
11507 10 195 209
11508 11 166 209
11509 41 165 209
11510 12 56 209
11511 38 42 209
11512 35 155 209
11513 31 187 209
11514 65 215 209
11515 46 15 209
11516 61 13 209
11517 59 54 209
11518 56 243 209
11519 55 20 209
11520 53 75 209
11521 51 55 209
11522 49 11 209
11523 47 58 209
11524 45 223 209
11525 43 31 209
11526 42 16 209
11527 39 7 209
11528 37 107 209
11529 66 59 209
11530 63 224 209
11531 62 151 209
11532 60 71 209
11533 58 94 209
11534 57 97 209
11535 54 144 209
11536 52 26 209
11537 50 67 209
11538 48 200 209
11539 64 168 209
11540 44 24 209
11541 41 97 210
11542 40 66 209
11543 67 191 210
11544 65 166 210
11545 46 115 210
11546 61 71 210
11547 59 117 210
11548 56 79 210
11549 55 129 210
11550 53 119 210
11551 51 162 210
11552 49 238 210
11553 47 40 210
11554 45 12 210
11555 43 110 210
11556 68 112 210
11557 66 85 210
11558 63 253 210
11559 62 113 210
11560 60 111 210
11561 58 118 210
11562 57 7 210
11563 54 236 210
11564 52 142 210
11565 50 188 210
11566 48 5 210
11567 64 119 210
11568 69 190 210
11569 67 114 211
11570 65 17 211
11571 46 215 211
11572 61 111 211
11573 59 125 211
11574 56 98 211
11575 55 151 211
11576 53 185 211
11577 51 94 211
11578 49 173 211
11579 70 176 211
11580 68 157 211
11581 66 227 211
11582 63 96 211
11583 62 202 211
11584 60 112 211
11585 58 170 211
11586 57 39 211
11587 54 27 211
11588 52 222 211
11589 72 63 211
11590 69 69 211
11591 67 247 212
11592 65 251 212
11593 64 1 211
11594 61 112 212
11595 59 228 212
11596 56 173 212
11597 55 113 212
11598 71 193 212
11599 70 210 212
11600 68 126 212
11601 66 192 212
11602 63 28 212
11603 62 95 212
11604 60 157 212
11605 58 197 212
11606 73 93 213
11607 72 2 212
11608 69 21 212
11609 67 64 213
11610 65 244 213
11611 64 79 212
11612 61 157 213
11613 74 72 213
11614 71 45 213
11615 70 198 213
11616 68 16 213
11617 66 159 213
11618 63 233 213
11619 75 36 213
11620 73 73 214
11621 72 77 213
11622 69 174 213
11623 67 53 214
11624 76 9 214
11625 74 156 214
11626 71 144 214
11627 70 172 214
11628 78 55 214
11629 75 78 214
11630 73 201 215
11631 77 80 215
11632 76 148 215
11633 79 225 215
11634 80 8 216
11635 78 137 215
11636 74 58 215
11637 72 151 214
11638 68 105 214
11639 65 70 214
11640 62 183 213
11641 59 122 213
11642 57 123 212
11643 53 134 212
11644 50 121 211
11645 47 252 211
11646 44 42 210
11647 42 178 210
11648 38 14 210
11649 36 43 209
11650 32 230 209
11651 13 210 209
11652 14 70 209
11653 15 214 209
11654 16 30 209
11655 17 130 209
11656 18 7 209
11657 19 151 209
11658 20 152 209
11659 21 53 209
11660 22 221 209
11661 23 121 209
11662 24 184 209
11663 25 223 209
11664 26 116 209
11665 27 120 209
11666 28 11 209
11667 29 136 209
11668 30 244 209
11669 33 23 209
11670 34 33 209
11671 82 112 216
11672 77 139 216
11673 75 29 215
11674 71 36 215
11675 69 146 214
11676 66 73 214
11677 64 236 213
11678 60 208 213
11679 56 214 213
11680 54 138 212
11681 51 189 212
11682 48 160 211
11683 45 21 211
11684 41 33 211
11685 39 88 210
11686 35 106 210
11687 0 3 210
11688 1 93 210
11689 2 47 210
11690 3 253 210
11691 4 247 210
11692 5 28 210
11693 6 215 210
11694 7 101 210
11695 8 61 210
11696 9 247 210
11697 10 252 210
11698 11 184 210
11699 12 15 210
11700 13 254 210
11701 14 122 210
11702 15 253 210
11703 16 11 210
11704 17 195 210
11705 18 3 210
11706 19 229 210
11707 81 52 217
11708 79 143 216
11709 76 200 216
11710 73 219 216
11711 70 165 215
11712 67 110 215
11713 63 86 214
11714 61 208 214
11715 58 206 213
11716 55 223 213
11717 52 80 212
11718 49 139 212
11719 46 198 212
11720 43 132 211
11721 40 22 210
11722 37 186 210
11723 20 61 210
11724 31 62 210
11725 21 98 210
11726 22 134 210
11727 23 78 210
11728 24 246 210
11729 25 171 210
11730 26 100 210
11731 27 126 210
11732 28 141 210
11733 29 121 210
11734 30 200 210
11735 32 164 210
11736 33 49 210
11737 34 112 210
11738 36 32 210
11739 0 195 211
11740 1 176 211
11741 2 186 211
11742 84 5 217
11743 80 100 217
11744 78 123 216
11745 74 211 216
11746 72 226 215
11747 68 156 215
11748 65 104 215
11749 62 103 214
11750 59 240 214
11751 57 10 213
11752 53 83 213
11753 50 99 212
11754 47 66 212
11755 44 11 211
11756 42 16 211
11757 38 175 211
11758 3 125 211
11759 4 143 211
11760 5 174 211
11761 6 194 211
11762 7 31 211
11763 8 238 211
11764 9 255 211
11765 10 51 211
11766 11 100 211
11767 12 245 211
11768 13 33 211
11769 14 14 211
11770 15 52 211
11771 16 198 211
11772 17 72 211
11773 18 88 211
11774 19 151 211
11775 20 106 211
11776 83 84 218
11777 82 27 217
11778 77 236 217
11779 75 234 216
11780 71 191 216
11781 69 26 215
11782 66 13 215
11783 64 166 214
11784 60 30 214
11785 56 17 214
11786 54 157 213
11787 51 178 213
11788 48 201 212
11789 45 134 212
11790 41 237 212
11791 39 72 211
11792 35 106 211
11793 21 143 211
11794 22 168 211
11795 23 107 211
11796 24 101 211
11797 25 235 211
11798 26 94 211
11799 27 154 211
11800 28 66 211
11801 29 34 211
11802 30 154 211
11803 31 153 211
11804 32 137 211
11805 33 198 211
11806 34 185 211
11807 36 246 211
11808 37 163 211
11809 85 25 218
11810 81 189 218
11811 79 117 217
11812 76 187 217
11813 73 39 217
11814 70 135 216
11815 67 90 216
11816 63 185 215
11817 61 30 215
11818 58 5 214
11819 55 89 214
11820 52 229 213
11821 49 67 213
11822 46 162 213
11823 43 108 212
11824 40 18 211
11825 0 250 212
11826 1 141 212
11827 2 101 212
11828 3 53 212
11829 4 133 212
11830 5 11 212
11831 6 183 212
11832 7 92 212
11833 8 78 212
11834 9 30 212
11835 10 182 212
11836 11 208 212
11837 12 30 212
11838 13 233 212
11839 14 185 212
11840 15 23 212
11841 86 199 219
11842 84 16 218
11843 80 222 218
11844 78 237 217
11845 74 196 217
11846 72 239 216
11847 68 151 216
11848 65 15 216
11849 62 131 215
11850 59 173 215
11851 57 242 214
11852 53 27 214
11853 50 81 213
11854 47 54 213
11855 44 9 212
11856 42 215 212
11857 38 3 212
11858 16 19 212
11859 17 232 212
11860 18 186 212
11861 19 44 212
11862 20 242 212
11863 21 172 212
11864 22 242 212
11865 23 83 212
11866 24 10 212
11867 25 120 212
11868 26 23 212
11869 27 81 212
11870 28 193 212
11871 29 119 212
11872 87 76 219
11873 83 102 219
11874 82 137 218
11875 77 214 218
11876 75 98 217
11877 71 251 217
11878 69 68 216
11879 66 34 216
11880 64 171 215
11881 60 118 215
11882 56 71 215
11883 54 236 214
11884 51 169 214
11885 48 71 213
11886 45 133 213
11887 41 138 213
11888 39 129 212
11889 35 235 212
11890 30 2 212
11891 31 227 212
11892 32 152 212
11893 33 94 212
11894 34 253 212
11895 36 133 212
11896 37 73 212
11897 40 65 212
11898 0 38 213
11899 1 8 213
11900 2 137 213
11901 3 207 213
11902 88 19 220
11903 85 184 219
11904 81 174 219
11905 79 49 218
11906 76 153 218
11907 73 102 218
11908 70 17 217
11909 67 97 217
11910 63 157 216
11911 61 118 216
11912 58 191 215
11913 55 213 215
11914 52 164 214
11915 49 195 214
11916 46 226 214
11917 43 65 213
11918 4 5 213
11919 5 185 213
11920 6 185 213
11921 7 96 213
11922 8 187 213
11923 9 91 213
11924 10 251 213
11925 11 113 213
11926 12 46 213
11927 13 173 213
11928 14 174 213
11929 15 125 213
11930 16 80 213
11931 89 92 220
11932 86 46 220
11933 84 197 219
11934 80 205 219
11935 78 6 218
11936 74 137 218
11937 72 89 217
11938 68 217 217
11939 65 59 217
11940 62 224 216
11941 59 235 216
11942 57 247 215
11943 53 235 215
11944 50 113 214
11945 47 161 214
11946 44 241 213
11947 42 48 213
11948 38 166 213
11949 17 125 213
11950 18 251 213
11951 19 221 213
11952 20 106 213
11953 21 70 213
11954 22 256 213
11955 23 28 213
11956 24 82 213
11957 25 41 213
11958 26 57 213
11959 90 140 220
11960 87 179 220
11961 83 119 220
11962 82 170 219
11963 77 251 219
11964 75 197 218
11965 71 51 218
11966 69 79 217
11967 66 168 217
11968 64 54 216
11969 60 190 216
11970 56 32 216
11971 54 245 215
11972 51 185 215
11973 48 245 214
11974 45 249 214
11975 41 199 214
11976 39 199 213
11977 35 129 213
11978 27 199 213
11979 28 98 213
11980 29 9 213
11981 30 243 213
11982 31 60 213
11983 32 76 213
11984 33 186 213
11985 34 65 213
11986 92 181 221
11987 88 109 221
11988 85 244 220
11989 81 235 220
11990 79 227 219
11991 76 242 219
11992 73 247 219
11993 70 84 218
11994 67 56 218
11995 63 79 217
11996 61 190 217
11997 58 203 216
11998 55 221 216
11999 52 251 215
12000 49 253 215
12001 46 255 215
12002 43 170 214
12003 40 114 213
12004 37 76 213
12005 36 12 213
12006 0 176 214
12007 1 118 214
12008 2 129 214
12009 3 106 214
12010 4 216 214
12011 5 234 214
12012 91 26 222
12013 89 122 221
12014 86 61 221
12015 84 112 220
12016 80 121 220
12017 78 191 219
12018 74 42 219
12019 72 26 218
12020 68 14 218
12021 65 95 218
12022 62 230 217
12023 59 239 217
12024 57 102 216
12025 53 50 216
12026 50 256 215
12027 47 85 215
12028 44 57 214
12029 42 181 214
12030 38 19 214
12031 6 78 214
12032 7 85 214
12033 8 185 214
12034 9 75 214
12035 10 215 214
12036 11 179 214
12037 93 220 222
12038 90 208 221
12039 87 53 221
12040 83 46 221
12041 82 127 220
12042 77 167 220
12043 75 21 219
12044 71 48 219
12045 69 88 218
12046 66 44 218
12047 64 10 217
12048 60 62 217
12049 56 49 217
12050 54 54 216
12051 51 128 216
12052 48 107 215
12053 45 157 215
12054 41 232 215
12055 39 46 214
12056 35 246 214
12057 12 177 214
12058 13 235 214
12059 14 181 214
12060 15 123 214
12061 94 104 222
12062 92 82 222
12063 88 206 222
12064 85 223 221
12065 81 57 221
12066 79 139 220
12067 76 198 220
12068 73 132 220
12069 70 22 219
12070 67 186 219
12071 63 29 218
12072 61 62 218
12073 58 96 217
12074 55 64 217
12075 52 182 216
12076 49 207 216
12077 46 232 216
12078 43 69 215
12079 40 140 214
12080 37 179 214
12081 16 22 214
12082 31 231 214
12083 17 193 214
12084 96 214 223
12085 91 2 223
12086 89 240 222
12087 86 120 222
12088 84 96 221
12089 80 99 221
12090 78 111 220
12091 74 11 220
12092 72 172 219
12093 68 175 219
12094 65 31 219
12095 62 48 218
12096 59 32 218
12097 57 129 217
12098 53 190 217
12099 50 116 216
12100 47 163 216
12101 44 70 215
12102 42 109 215
12103 38 109 215
12104 36 209 214
12105 32 212 214
12106 95 145 224
12107 93 180 223
12108 90 30 222
12109 87 20 222
12110 83 140 222
12111 82 128 221
12112 77 200 221
12113 75 134 220
12114 71 34 220
12115 69 72 219
12116 66 36 219
12117 64 165 218
12118 60 4 218
12119 56 86 218
12120 54 90 217
12121 51 58 217
12122 48 181 216
12123 45 35 216
12124 41 222 216
12125 39 61 215
12126 35 230 215
12127 97 90 224
12128 94 15 223
12129 92 47 223
12130 88 5 223
12131 85 89 222
12132 81 55 222
12133 79 67 221
12134 76 162 221
12135 73 108 221
12136 70 18 220
12137 67 12 220
12138 63 224 219
12139 61 4 219
12140 58 172 218
12141 55 29 218
12142 52 219 217
12143 49 146 217
12144 46 73 217
12145 43 220 216
12146 40 208 215
12147 99 86 224
12148 96 14 224
12149 91 239 224
12150 89 173 223
12151 86 215 223
12152 84 63 222
12153 80 81 222
12154 78 109 221
12155 74 9 221
12156 72 109 220
12157 68 3 220
12158 65 2 220
12159 62 86 219
12160 59 143 219
12161 57 9 218
12162 53 150 218
12163 50 165 217
12164 47 110 217
12165 44 104 216
12166 98 36 225
12167 95 37 225
12168 93 194 224
12169 90 118 223
12170 87 250 223
12171 83 9 223
12172 82 254 222
12173 77 78 222
12174 75 133 221
12175 71 60 221
12176 69 129 220
12177 66 193 220
12178 64 121 219
12179 60 50 219
12180 56 154 219
12181 54 208 218
12182 51 211 218
12183 48 78 217
12184 100 17 225
12185 97 97 225
12186 94 59 224
12187 92 56 224
12188 88 191 224
12189 85 213 223
12190 81 158 223
12191 79 195 222
12192 76 226 222
12193 73 65 222
12194 70 225 221
12195 67 150 221
12196 63 229 220
12197 61 50 220
12198 58 94 219
12199 55 234 219
12200 52 39 218
12201 102 46 226
12202 99 85 225
12203 96 194 225
12204 91 42 225
12205 89 235 224
12206 86 246 224
12207 84 196 223
12208 80 113 223
12209 78 223 222
12210 74 241 222
12211 72 8 221
12212 68 166 221
12213 65 25 221
12214 62 47 220
12215 59 117 220
12216 57 179 219
12217 101 216 227
12218 98 143 226
12219 95 243 226
12220 93 112 225
12221 90 190 224
12222 87 41 224
12223 83 156 224
12224 82 228 223
12225 77 49 223
12226 75 249 222
12227 71 166 222
12228 69 199 221
12229 66 228 221
12230 64 181 220
12231 60 111 220
12232 103 247 227
12233 100 84 226
12234 97 56 226
12235 94 95 225
12236 92 160 225
12237 88 203 225
12238 85 221 224
12239 81 201 224
12240 79 253 223
12241 76 255 223
12242 73 170 223
12243 70 114 222
12244 67 76 222
12245 63 111 221
12246 104 42 227
12247 102 131 227
12248 99 124 226
12249 96 221 226
12250 91 16 226
12251 89 239 225
12252 86 248 225
12253 84 132 224
12254 80 256 224
12255 78 173 223
12256 74 57 223
12257 72 195 222
12258 68 19 222
12259 105 21 228
12260 101 88 228
12261 98 131 227
12262 95 59 227
12263 93 115 226
12264 90 62 225
12265 87 127 225
12266 83 73 225
12267 82 65 224
12268 77 197 224
12269 75 157 223
12270 71 102 223
12271 106 198 228
12272 103 132 228
12273 100 22 227
12274 97 186 227
12275 94 31 226
12276 92 133 226
12277 88 96 226
12278 85 64 225
12279 81 207 225
12280 79 207 224
12281 76 232 224
12282 107 66 229
12283 104 11 228
12284 102 71 228
12285 99 163 227
12286 96 13 227
12287 91 24 227
12288 89 32 226
12289 86 16 226
12290 84 174 225
12291 80 116 225
12292 108 201 229
12293 105 134 229
12294 101 162 229
12295 98 227 228
12296 95 13 228
12297 93 24 227
12298 90 4 226
12299 87 174 226
12300 83 141 226
12301 109 67 230
12302 106 162 229
12303 103 108 229
12304 100 18 228
12305 97 12 228
12306 94 2 227
12307 92 170 227
12308 88 172 227
12309 110 81 230
12310 107 54 230
12311 104 9 229
12312 102 3 229
12313 99 120 228
12314 96 39 228
12315 91 1 228
12316 111 169 231
12317 108 71 230
12318 105 133 230
12319 101 124 230
12320 98 106 229
12321 95 56 229
12322 112 164 231
12323 109 195 231
12324 106 226 230
12325 103 65 230
12326 100 225 229
12327 114 144 231
12328 110 113 231
12329 107 161 231
12330 104 241 230
12331 113 41 232
12332 111 185 232
12333 108 245 231
12334 115 221 233
12335 112 251 232
12336 116 248 234
12337 18 248 214
12338 19 75 214
12339 20 239 214
12340 21 167 214
12341 22 168 214
12342 23 94 214
12343 24 204 214
12344 25 70 214
12345 26 252 214
12346 27 148 214
12347 0 183 215
12348 0 183 216
12349 0 183 217
12350 0 183 218
12351 0 183 219
12352 0 183 220
12353 0 183 221
12354 28 26 214
12355 29 83 214
12356 30 66 214
12357 33 211 214
12358 34 16 214
12359 1 202 215
12360 2 72 215
12361 3 248 215
12362 4 70 215
12363 5 98 215
12364 6 228 215
12365 7 205 215
12366 8 114 215
12367 9 210 215
12368 1 175 216
12369 1 175 217
12370 10 143 215
12371 11 37 215
12372 12 185 215
12373 13 28 215
12374 14 117 215
12375 15 131 215
12376 16 178 215
12377 17 103 215
12378 18 51 215
12379 19 225 215
12380 20 154 215
12381 21 253 215
12382 22 141 215
12383 23 91 215
12384 24 56 215
12385 25 198 215
12386 26 248 215
12387 27 132 215
12388 28 70 215
12389 29 29 215
12390 30 246 215
12391 31 227 215
12392 32 147 215
12393 33 88 215
12394 34 13 215
12395 36 104 215
12396 37 216 215
12397 2 249 216
12398 3 105 216
12399 4 124 216
12400 6 44 216
12401 5 159 216
12402 7 33 216
12403 8 64 216
12404 9 176 216
12405 10 213 216
12406 11 239 216
12407 12 166 216
12408 13 153 216
12409 14 179 216
12410 15 103 216
12411 16 8 216
12412 17 240 216
12413 18 229 216
12414 19 152 216
12415 20 61 216
12416 21 213 216
12417 22 32 216
12418 23 130 216
12419 24 115 216
12420 25 32 216
12421 26 246 216
12422 27 106 216
12423 28 203 216
12424 29 84 216
12425 30 154 216
12426 31 61 216
12427 32 10 216
12428 33 132 216
12429 34 72 216
12430 35 38 216
12431 36 62 216
12432 37 183 216
12433 38 131 216
12434 39 179 216
12435 40 256 216
12436 42 89 216
12437 2 77 217
12438 3 213 217
12439 4 188 217
12440 5 163 217
12441 6 106 217
12442 7 148 217
12443 8 223 217
12444 9 127 217
12445 10 197 217
12446 11 151 217
12447 12 177 217
12448 13 166 217
12449 14 172 217
12450 15 52 217
12451 16 142 217
12452 17 92 217
12453 18 51 217
12454 19 157 217
12455 20 108 217
12456 21 61 217
12457 22 203 217
12458 23 143 217
12459 24 121 217
12460 25 145 217
12461 26 229 217
12462 27 169 217
12463 28 64 217
12464 29 212 217
12465 30 119 217
12466 31 113 217
12467 32 212 217
12468 33 58 217
12469 34 16 217
12470 35 162 217
12471 36 118 217
12472 37 143 217
12473 38 25 217
12474 39 91 217
12475 40 199 217
12476 41 232 217
12477 42 75 217
12478 43 124 217
12479 44 194 217
12480 45 103 217
12481 1 4 218
12482 2 214 218
12483 3 47 218
12484 4 154 218
12485 5 90 218
12486 6 203 218
12487 7 66 218
12488 8 151 218
12489 9 37 218
12490 10 98 218
12491 11 227 218
12492 12 46 218
12493 13 238 218
12494 14 198 218
12495 15 165 218
12496 16 183 218
12497 17 210 218
12498 18 236 218
12499 19 189 218
12500 20 78 218
12501 21 245 218
12502 22 99 218
12503 23 149 218
12504 24 64 218
12505 25 21 218
12506 26 218 218
12507 27 85 218
12508 28 215 218
12509 29 176 218
12510 30 120 218
12511 31 109 218
12512 32 140 218
12513 33 68 218
12514 34 134 218
12515 35 256 218
12516 36 240 218
12517 37 18 218
12518 38 69 218
12519 39 76 218
12520 40 42 218
12521 41 37 218
12522 42 211 218
12523 43 193 218
12524 44 203 218
12525 45 214 218
12526 46 93 218
12527 47 210 218
12528 48 214 218
12529 49 235 218
12530 50 200 218
12531 1 185 219
12532 2 13 219
12533 3 255 219
12534 4 74 219
12535 5 151 219
12536 6 86 219
12537 7 15 219
12538 8 123 219
12539 9 91 219
12540 10 135 219
12541 11 160 219
12542 12 166 219
12543 13 97 219
12544 14 9 219
12545 15 186 219
12546 16 155 219
12547 17 168 219
12548 18 250 219
12549 19 188 219
12550 20 68 219
12551 21 218 219
12552 22 53 219
12553 23 212 219
12554 24 162 219
12555 25 6 219
12556 26 63 219
12557 27 114 219
12558 28 107 219
12559 29 158 219
12560 30 126 219
12561 31 190 219
12562 32 255 219
12563 33 232 219
12564 34 184 219
12565 35 254 219
12566 36 97 219
12567 37 250 219
12568 38 252 219
12569 39 83 219
12570 40 79 219
12571 41 57 219
12572 42 83 219
12573 43 58 219
12574 44 214 219
12575 45 130 219
12576 46 1 219
12577 47 14 219
12578 48 157 219
12579 49 129 219
12580 50 173 219
12581 51 31 219
12582 52 85 219
12583 53 9 219
12584 54 90 219
12585 1 20 220
12586 2 165 220
12587 3 80 220
12588 4 82 220
12589 5 169 220
12590 6 31 220
12591 7 10 220
12592 8 61 220
12593 9 173 220
12594 10 41 220
12595 11 233 220
12596 12 121 220
12597 13 249 220
12598 14 186 220
12599 15 121 220
12600 16 243 220
12601 17 70 220
12602 18 131 220
12603 19 99 220
12604 20 106 220
12605 21 92 220
12606 22 39 220
12607 23 166 220
12608 24 16 220
12609 25 71 220
12610 26 222 220
12611 27 249 220
12612 28 126 220
12613 29 106 220
12614 30 51 220
12615 31 18 220
12616 32 42 220
12617 33 241 220
12618 34 23 220
12619 35 221 220
12620 36 178 220
12621 37 113 220
12622 38 93 220
12623 39 184 220
12624 40 172 220
12625 41 118 220
12626 42 24 220
12627 43 3 220
12628 44 76 220
12629 45 217 220
12630 46 252 220
12631 47 64 220
12632 48 109 220
12633 49 58 220
12634 50 203 220
12635 51 214 220
12636 52 66 220
12637 53 193 220
12638 54 237 220
12639 55 32 220
12640 56 27 220
12641 57 13 220
12642 58 9 220
12643 1 36 221
12644 2 94 221
12645 3 239 221
12646 4 102 221
12647 5 181 221
12648 6 2 221
12649 7 108 221
12650 8 92 221
12651 9 244 221
12652 10 17 221
12653 11 92 221
12654 12 197 221
12655 13 112 221
12656 14 3 221
12657 15 195 221
12658 16 123 221
12659 17 76 221
12660 18 239 221
12661 19 87 221
12662 20 161 221
12663 21 81 221
12664 22 190 221
12665 23 209 221
12666 24 114 221
12667 25 244 221
12668 26 90 221
12669 27 52 221
12670 28 201 221
12671 29 50 221
12672 30 99 221
12673 31 105 221
12674 32 117 221
12675 33 1 221
12676 34 114 221
12677 35 29 221
12678 36 35 221
12679 37 210 221
12680 38 108 221
12681 39 136 221
12682 40 16 221
12683 41 130 221
12684 42 108 221
12685 43 221 221
12686 44 233 221
12687 45 108 221
12688 46 191 221
12689 47 176 221
12690 48 166 221
12691 49 55 221
12692 50 228 221
12693 51 127 221
12694 52 62 221
12695 53 35 221
12696 54 121 221
12697 55 214 221
12698 56 155 221
12699 57 60 221
12700 58 57 221
12701 59 172 221
12702 60 12 221
12703 61 188 221
12704 62 148 221
12705 64 198 221
12706 0 71 222
12707 1 41 222
12708 2 177 222
12709 3 92 222
12710 4 5 222
12711 5 212 222
12712 6 242 222
12713 7 222 222
12714 8 35 222
12715 9 210 222
12716 10 159 222
12717 11 38 222
12718 12 34 222
12719 13 56 222
12720 14 241 222
12721 15 164 222
12722 16 95 222
12723 17 242 222
12724 18 187 222
12725 19 175 222
12726 20 163 222
12727 21 250 222
12728 22 223 222
12729 23 108 222
12730 24 202 222
12731 25 127 222
12732 26 74 222
12733 27 220 222
12734 28 229 222
12735 29 232 222
12736 30 205 222
12737 31 241 222
12738 32 192 222
12739 33 72 222
12740 34 6 222
12741 35 170 222
12742 36 48 222
12743 37 156 222
12744 38 18 222
12745 39 67 222
12746 40 43 222
12747 41 229 222
12748 42 216 222
12749 43 41 222
12750 44 237 222
12751 45 214 222
12752 46 79 222
12753 47 179 222
12754 48 251 222
12755 49 53 222
12756 50 22 222
12757 51 136 222
12758 52 102 222
12759 53 92 222
12760 54 230 222
12761 55 57 222
12762 56 183 222
12763 57 93 222
12764 58 152 222
12765 59 82 222
12766 60 239 222
12767 61 77 222
12768 62 24 222
12769 63 145 222
12770 64 136 222
12771 65 211 222
12772 66 187 222
12773 69 21 222
12774 0 1 223
12775 1 149 223
12776 2 248 223
12777 3 142 223
12778 4 60 223
12779 5 212 223
12780 6 137 223
12781 7 178 223
12782 8 253 223
12783 9 214 223
12784 10 134 223
12785 11 207 223
12786 12 155 223
12787 13 241 223
12788 14 158 223
12789 15 109 223
12790 16 87 223
12791 17 115 223
12792 18 54 223
12793 19 8 223
12794 20 139 223
12795 21 25 223
12796 22 200 223
12797 23 249 223
12798 24 206 223
12799 25 43 223
12800 26 133 223
12801 27 231 223
12802 28 251 223
12803 29 94 223
12804 30 118 223
12805 31 8 223
12806 32 235 223
12807 33 142 223
12808 34 242 223
12809 35 81 223
12810 36 195 223
12811 37 185 223
12812 38 123 223
12813 39 53 223
12814 40 66 223
12815 42 244 223
12816 41 159 223
12817 43 225 223
12818 44 61 223
12819 45 50 223
12820 46 215 223
12821 47 66 223
12822 48 105 223
12823 49 93 223
12824 50 81 223
12825 51 168 223
12826 52 37 223
12827 53 213 223
12828 54 251 223
12829 55 31 223
12830 56 7 223
12831 57 41 223
12832 58 218 223
12833 59 206 223
12834 60 53 223
12835 61 175 223
12836 62 247 223
12837 63 132 223
12838 64 75 223
12839 65 37 223
12840 66 67 223
12841 67 79 223
12842 68 117 223
12843 69 66 223
12844 70 77 223
12845 72 74 223
12846 0 12 224
12847 1 19 224
12848 2 157 224
12849 3 206 224
12850 4 157 224
12851 5 243 224
12852 6 54 224
12853 7 214 224
12854 8 187 224
12855 9 196 224
12856 10 180 224
12857 11 95 224
12858 12 82 224
12859 13 251 224
12860 14 88 224
12861 15 35 224
12862 16 13 224
12863 17 123 224
12864 18 198 224
12865 19 182 224
12866 20 19 224
12867 21 182 224
12868 22 9 224
12869 23 121 224
12870 24 135 224
12871 25 231 224
12872 26 103 224
12873 27 122 224
12874 28 32 224
12875 29 72 224
12876 30 122 224
12877 31 129 224
12878 32 217 224
12879 33 245 224
12880 34 91 224
12881 35 139 224
12882 36 127 224
12883 37 3 224
12884 38 31 224
12885 39 157 224
12886 40 195 224
12887 41 141 224
12888 42 16 224
12889 43 167 224
12890 44 43 224
12891 45 209 224
12892 46 240 224
12893 47 46 224
12894 48 235 224
12895 49 127 224
12896 50 189 224
12897 51 81 224
12898 52 89 224
12899 53 225 224
12900 54 143 224
12901 55 52 224
12902 56 194 224
12903 57 223 224
12904 58 176 224
12905 59 131 224
12906 60 190 224
12907 61 160 224
12908 62 172 224
12909 63 177 224
12910 64 132 224
12911 65 163 224
12912 66 30 224
12913 67 117 224
12914 68 43 224
12915 69 150 224
12916 70 148 224
12917 71 34 224
12918 72 198 224
12919 73 68 224
12920 74 107 224
12921 75 216 224
12922 78 70 224
12923 0 114 225
12924 1 16 225
12925 2 45 225
12926 3 33 225
12927 4 219 225
12928 5 249 225
12929 6 49 225
12930 7 90 225
12931 8 82 225
12932 9 145 225
12933 10 8 225
12934 11 232 225
12935 12 137 225
12936 13 61 225
12937 14 213 225
12938 15 195 225
12939 16 132 225
12940 17 117 225
12941 18 141 225
12942 19 158 225
12943 20 86 225
12944 21 233 225
12945 22 58 225
12946 23 19 225
12947 24 133 225
12948 25 78 225
12949 26 184 225
12950 27 55 225
12951 28 108 225
12952 29 32 225
12953 30 128 225
12954 31 88 225
12955 32 29 225
12956 33 255 225
12957 34 155 225
12958 35 227 225
12959 36 162 225
12960 37 132 225
12961 38 54 225
12962 39 126 225
12963 40 19 225
12964 41 18 225
12965 42 215 225
12966 43 143 225
12967 44 198 225
12968 45 218 225
12969 46 123 225
12970 47 224 225
12971 48 27 225
12972 49 76 225
12973 50 157 225
12974 51 126 225
12975 52 84 225
12976 53 185 225
12977 54 254 225
12978 55 107 225
12979 56 46 225
12980 57 255 225
12981 58 117 225
12982 59 203 225
12983 60 119 225
12984 61 227 225
12985 62 83 225
12986 63 115 225
12987 64 225 225
12988 65 181 225
12989 66 172 225
12990 67 6 225
12991 68 31 225
12992 69 107 225
12993 70 30 225
12994 71 196 225
12995 72 23 225
12996 73 221 225
12997 74 64 225
12998 75 147 225
12999 76 67 225
13000 77 232 225
13001 78 99 225
13002 79 73 225
13003 82 207 225
13004 0 12 226
13005 1 141 226
13006 2 129 226
13007 3 135 226
13008 4 221 226
13009 5 62 226
13010 6 211 226
13011 7 114 226
13012 8 3 226
13013 9 80 226
13014 10 19 226
13015 11 178 226
13016 12 81 226
13017 13 235 226
13018 14 167 226
13019 15 177 226
13020 16 105 226
13021 17 93 226
13022 18 74 226
13023 19 236 226
13024 20 76 226
13025 21 214 226
13026 22 188 226
13027 23 246 226
13028 24 103 226
13029 25 21 226
13030 26 18 226
13031 27 151 226
13032 28 209 226
13033 29 52 226
13034 30 69 226
13035 31 60 226
13036 32 208 226
13037 33 140 226
13038 34 6 226
13039 35 65 226
13040 36 247 226
13041 37 53 226
13042 38 74 226
13043 39 12 226
13044 40 31 226
13045 41 14 226
13046 42 16 226
13047 43 17 226
13048 44 232 226
13049 45 189 226
13050 46 128 226
13051 47 109 226
13052 48 30 226
13053 49 97 226
13054 50 177 226
13055 51 154 226
13056 52 181 226
13057 53 103 226
13058 54 6 226
13059 55 139 226
13060 56 200 226
13061 57 245 226
13062 58 166 226
13063 59 234 226
13064 60 150 226
13065 61 130 226
13066 62 112 226
13067 63 76 226
13068 64 66 226
13069 65 236 226
13070 66 255 226
13071 67 127 226
13072 68 185 226
13073 69 60 226
13074 70 239 226
13075 71 90 226
13076 72 25 226
13077 73 60 226
13078 74 140 226
13079 75 73 226
13080 76 202 226
13081 77 45 226
13082 78 83 226
13083 79 122 226
13084 80 252 226
13085 81 165 226
13086 82 64 226
13087 84 131 226
13088 85 39 226
13089 0 227 227
13090 1 158 227
13091 2 51 227
13092 3 58 227
13093 4 128 227
13094 5 238 227
13095 6 119 227
13096 7 178 227
13097 8 184 227
13098 9 241 227
13099 10 93 227
13100 11 36 227
13101 12 13 227
13102 13 187 227
13103 14 198 227
13104 15 143 227
13105 16 252 227
13106 17 202 227
13107 18 9 227
13108 19 141 227
13109 20 246 227
13110 21 191 227
13111 22 252 227
13112 23 184 227
13113 24 185 227
13114 25 135 227
13115 26 138 227
13116 27 48 227
13117 28 233 227
13118 29 171 227
13119 30 227 227
13120 31 178 227
13121 32 189 227
13122 33 42 227
13123 34 154 227
13124 35 198 227
13125 36 185 227
13126 37 117 227
13127 38 150 227
13128 39 128 227
13129 40 33 227
13130 41 182 227
13131 42 58 227
13132 43 212 227
13133 44 205 227
13134 45 216 227
13135 46 57 227
13136 47 8 227
13137 48 143 227
13138 49 2 227
13139 50 104 227
13140 51 154 227
13141 52 9 227
13142 53 122 227
13143 54 184 227
13144 55 100 227
13145 56 106 227
13146 57 202 227
13147 58 82 227
13148 59 218 227
13149 60 200 227
13150 61 154 227
13151 62 71 227
13152 63 92 227
13153 64 210 227
13154 65 89 227
13155 66 94 227
13156 67 224 227
13157 68 67 227
13158 69 229 227
13159 70 19 227
13160 71 20 227
13161 72 134 227
13162 73 185 227
13163 74 26 227
13164 75 122 227
13165 76 105 227
13166 77 218 227
13167 78 134 227
13168 79 87 227
13169 80 18 227
13170 81 195 227
13171 82 183 227
13172 83 132 227
13173 84 78 227
13174 85 236 227
13175 86 248 227
13176 87 121 227
13177 89 172 227
13178 90 14 227
13179 0 241 228
13180 1 196 228
13181 2 245 228
13182 3 176 228
13183 4 22 228
13184 5 75 228
13185 6 237 228
13186 7 250 228
13187 8 255 228
13188 9 163 228
13189 10 231 228
13190 11 1 228
13191 12 127 228
13192 13 230 228
13193 14 82 228
13194 15 189 228
13195 16 134 228
13196 17 237 228
13197 18 243 228
13198 19 93 228
13199 20 22 228
13200 21 55 228
13201 22 221 228
13202 23 219 228
13203 24 249 228
13204 25 132 228
13205 26 90 228
13206 27 39 228
13207 28 23 228
13208 29 139 228
13209 30 119 228
13210 31 117 228
13211 32 72 228
13212 33 232 228
13213 34 191 228
13214 35 139 228
13215 36 125 228
13216 37 61 228
13217 38 245 228
13218 39 36 228
13219 40 130 228
13220 41 42 228
13221 42 151 228
13222 43 53 228
13223 44 246 228
13224 45 43 228
13225 46 62 228
13226 47 173 228
13227 48 58 228
13228 49 132 228
13229 50 74 228
13230 51 5 228
13231 52 132 228
13232 53 86 228
13233 54 211 228
13234 55 149 228
13235 56 41 228
13236 57 169 228
13237 58 33 228
13238 59 228 228
13239 60 173 228
13240 61 29 228
13241 62 208 228
13242 63 102 228
13243 64 254 228
13244 65 148 228
13245 66 187 228
13246 67 235 228
13247 68 46 228
13248 69 122 228
13249 70 139 228
13250 71 212 228
13251 72 47 228
13252 73 162 228
13253 74 195 228
13254 75 56 228
13255 76 256 228
13256 77 45 228
13257 78 96 228
13258 79 10 228
13259 80 52 228
13260 81 71 228
13261 82 110 228
13262 83 190 228
13263 84 163 228
13264 85 73 228
13265 86 245 228
13266 87 145 228
13267 88 20 228
13268 89 134 228
13269 90 135 228
13270 92 225 228
13271 93 214 228
13272 94 194 228
13273 0 71 229
13274 1 99 229
13275 2 163 229
13276 3 63 229
13277 4 95 229
13278 5 120 229
13279 6 135 229
13280 7 68 229
13281 8 249 229
13282 9 95 229
13283 10 62 229
13284 11 3 229
13285 12 199 229
13286 13 129 229
13287 14 203 229
13288 15 93 229
13289 16 19 229
13290 17 37 229
13291 18 213 229
13292 19 97 229
13293 20 252 229
13294 21 42 229
13295 22 7 229
13296 23 168 229
13297 24 134 229
13298 25 229 229
13299 26 202 229
13300 27 158 229
13301 28 186 229
13302 29 144 229
13303 30 103 229
13304 31 82 229
13305 32 31 229
13306 33 157 229
13307 34 57 229
13308 35 251 229
13309 36 116 229
13310 37 211 229
13311 38 165 229
13312 39 93 229
13313 40 227 229
13314 41 204 229
13315 42 70 229
13316 43 135 229
13317 44 114 229
13318 45 231 229
13319 46 186 229
13320 47 16 229
13321 48 139 229
13322 49 139 229
13323 50 246 229
13324 51 107 229
13325 52 252 229
13326 53 163 229
13327 54 202 229
13328 55 184 229
13329 56 137 229
13330 57 67 229
13331 58 127 229
13332 59 218 229
13333 60 216 229
13334 61 2 229
13335 62 104 229
13336 63 142 229
13337 64 45 229
13338 65 83 229
13339 66 57 229
13340 67 252 229
13341 68 194 229
13342 69 69 229
13343 70 252 229
13344 71 87 229
13345 72 49 229
13346 73 196 229
13347 74 76 229
13348 75 225 229
13349 76 206 229
13350 77 23 229
13351 78 232 229
13352 79 200 229
13353 80 210 229
13354 81 94 229
13355 82 7 229
13356 83 252 229
13357 84 107 229
13358 85 206 229
13359 86 209 229
13360 87 9 229
13361 88 2 229
13362 89 63 229
13363 90 12 229
13364 91 73 229
13365 92 136 229
13366 93 249 229
13367 94 147 229
13368 96 184 229
13369 97 43 229
13370 99 149 229
13371 0 130 230
13372 1 211 230
13373 2 170 230
13374 3 253 230
13375 4 74 230
13376 5 238 230
13377 6 8 230
13378 7 243 230
13379 8 160 230
13380 9 17 230
13381 10 183 230
13382 11 120 230
13383 12 65 230
13384 13 187 230
13385 14 223 230
13386 15 81 230
13387 16 207 230
13388 17 22 230
13389 18 221 230
13390 19 209 230
13391 20 31 230
13392 21 29 230
13393 22 102 230
13394 23 99 230
13395 24 157 230
13396 25 239 230
13397 26 8 230
13398 27 233 230
13399 28 29 230
13400 29 71 230
13401 30 243 230
13402 31 105 230
13403 32 191 230
13404 33 43 230
13405 34 46 230
13406 35 236 230
13407 36 72 230
13408 37 179 230
13409 38 139 230
13410 39 223 230
13411 40 238 230
13412 41 91 230
13413 42 64 230
13414 43 188 230
13415 44 112 230
13416 45 164 230
13417 46 149 230
13418 47 2 230
13419 48 18 230
13420 49 82 230
13421 50 44 230
13422 51 36 230
13423 52 17 230
13424 53 12 230
13425 54 118 230
13426 55 116 230
13427 56 76 230
13428 57 26 230
13429 58 82 230
13430 59 256 230
13431 60 193 230
13432 61 54 230
13433 62 198 230
13434 63 104 230
13435 64 88 230
13436 65 162 230
13437 66 141 230
13438 67 129 230
13439 68 188 230
13440 69 102 230
13441 70 242 230
13442 71 129 230
13443 72 224 230
13444 73 121 230
13445 74 118 230
13446 75 24 230
13447 76 41 230
13448 77 10 230
13449 78 228 230
13450 79 38 230
13451 80 253 230
13452 81 217 230
13453 82 46 230
13454 83 126 230
13455 84 228 230
13456 85 71 230
13457 86 171 230
13458 87 144 230
13459 88 141 230
13460 89 222 230
13461 90 63 230
13462 91 53 230
13463 92 42 230
13464 93 149 230
13465 94 73 230
13466 95 182 230
13467 96 128 230
13468 97 70 230
13469 98 69 230
13470 99 84 230
13471 100 83 230
13472 102 134 230
13473 0 160 231
13474 1 71 231
13475 2 222 231
13476 3 17 231
13477 4 231 231
13478 5 197 231
13479 6 100 231
13480 7 169 231
13481 8 252 231
13482 9 166 231
13483 10 109 231
13484 11 106 231
13485 12 191 231
13486 13 93 231
13487 14 35 231
13488 15 256 231
13489 16 184 231
13490 17 134 231
13491 18 61 231
13492 19 28 231
13493 20 31 231
13494 21 43 231
13495 22 151 231
13496 23 234 231
13497 24 27 231
13498 25 208 231
13499 26 55 231
13500 27 21 231
13501 28 94 231
13502 29 165 231
13503 30 5 231
13504 31 31 231
13505 32 109 231
13506 33 134 231
13507 34 180 231
13508 35 7 231
13509 36 236 231
13510 37 94 231
13511 38 171 231
13512 39 202 231
13513 40 70 231
13514 41 29 231
13515 0 204 232
13516 42 81 231
13517 43 175 231
13518 0 68 233
13519 44 199 231
13520 0 194 234
13521 45 197 231
13522 46 201 231
13523 47 89 231
13524 48 235 231
13525 49 212 231
13526 50 132 231
13527 51 177 231
13528 52 236 231
13529 53 236 231
13530 54 102 231
13531 55 102 231
13532 56 75 231
13533 57 88 231
13534 58 254 231
13535 59 210 231
13536 60 126 231
13537 61 210 231
13538 62 143 231
13539 63 48 231
13540 64 212 231
13541 65 219 231
13542 66 124 231
13543 67 93 231
13544 68 115 231
13545 69 125 231
13546 70 26 231
13547 71 171 231
13548 72 28 231
13549 73 222 231
13550 74 77 231
13551 75 79 231
13552 76 25 231
13553 77 94 231
13554 78 58 231
13555 79 143 231
13556 80 243 231
13557 81 89 231
13558 82 18 231
13559 83 243 231
13560 84 86 231
13561 85 98 231
13562 86 170 231
13563 87 124 231
13564 88 60 231
13565 89 45 231
13566 90 96 231
13567 91 110 231
13568 92 143 231
13569 93 217 231
13570 94 26 231
13571 95 163 231
13572 96 43 231
13573 97 65 231
13574 98 145 231
13575 99 2 231
13576 100 107 231
13577 101 33 231
13578 102 210 231
13579 103 182 231
13580 104 2 231
13581 105 178 231
13582 106 222 231
13583 1 226 232
13584 2 189 232
13585 3 107 232
13586 4 92 232
13587 5 79 232
13588 6 179 232
13589 7 200 232
13590 8 51 232
13591 9 217 232
13592 10 172 232
13593 11 82 232
13594 12 79 232
13595 13 203 232
13596 14 256 232
13597 15 252 232
13598 16 64 232
13599 17 202 232
13600 18 151 232
13601 19 116 232
13602 20 211 232
13603 21 67 232
13604 22 220 232
13605 23 232 232
13606 24 187 232
13607 25 218 232
13608 26 170 232
13609 27 216 232
13610 28 59 232
13611 29 178 232
13612 30 144 232
13613 31 61 232
13614 32 51 232
13615 33 247 232
13616 34 37 232
13617 35 114 232
13618 36 244 232
13619 37 35 232
13620 38 65 232
13621 39 7 232
13622 40 207 232
13623 41 188 232
13624 42 130 232
13625 43 192 232
13626 44 78 232
13627 45 163 232
13628 46 157 232
13629 47 2 232
13630 48 79 232
13631 49 105 232
13632 50 120 232
13633 51 116 232
13634 52 85 232
13635 53 82 232
13636 54 112 232
13637 55 46 232
13638 56 43 232
13639 57 201 232
13640 58 28 232
13641 59 154 232
13642 60 58 232
13643 61 134 232
13644 62 206 232
13645 63 142 232
13646 64 140 232
13647 65 30 232
13648 66 162 232
13649 67 67 232
13650 68 75 232
13651 69 110 232
13652 70 14 232
13653 71 77 232
13654 72 130 232
13655 73 140 232
13656 74 72 232
13657 75 83 232
13658 76 71 232
13659 77 248 232
13660 78 83 232
13661 79 159 232
13662 80 219 232
13663 81 250 232
13664 82 9 232
13665 83 100 232
13666 84 99 232
13667 85 2 232
13668 86 113 232
13669 87 124 232
13670 88 184 232
13671 89 14 232
13672 90 44 232
13673 91 136 232
13674 92 188 232
13675 93 42 232
13676 94 228 232
13677 95 206 232
13678 96 82 232
13679 97 180 232
13680 98 59 232
13681 99 9 232
13682 100 144 232
13683 101 78 232
13684 102 12 232
13685 103 84 232
13686 104 206 232
13687 105 178 232
13688 106 41 232
13689 107 183 232
13690 108 13 232
13691 109 158 232
13692 110 137 232
13693 114 197 232
13694 1 164 233
13695 2 124 233
13696 3 173 233
13697 4 25 233
13698 5 216 233
13699 6 211 233
13700 7 81 233
13701 8 60 233
13702 9 196 233
13703 10 89 233
13704 11 201 233
13705 12 56 233
13706 13 40 233
13707 14 22 233
13708 15 40 233
13709 16 21 233
13710 17 177 233
13711 18 158 233
13712 19 179 233
13713 20 61 233
13714 21 9 233
13715 22 227 233
13716 23 237 233
13717 24 54 233
13718 25 69 233
13719 26 149 233
13720 27 254 233
13721 28 75 233
13722 29 196 233
13723 30 194 233
13724 31 80 233
13725 32 53 233
13726 33 232 233
13727 34 126 233
13728 35 156 233
13729 36 67 233
13730 37 220 233
13731 38 152 233
13732 39 102 233
13733 40 152 233
13734 41 115 233
13735 42 2 233
13736 43 198 233
13737 44 138 233
13738 45 97 233
13739 46 204 233
13740 47 226 233
13741 48 177 233
13742 49 14 233
13743 50 165 233
13744 51 147 233
13745 52 253 233
13746 53 26 233
13747 54 44 233
13748 55 176 233
13749 56 164 233
13750 57 38 233
13751 58 59 233
13752 59 138 233
13753 60 164 233
13754 61 86 233
13755 62 7 233
13756 63 37 233
13757 64 80 233
13758 65 104 233
13759 66 223 233
13760 67 219 233
13761 68 125 233
13762 69 203 233
13763 70 101 233
13764 71 249 233
13765 72 247 233
13766 73 151 233
13767 74 77 233
13768 75 21 233
13769 76 224 233
13770 77 49 233
13771 78 33 233
13772 79 174 233
13773 80 138 233
13774 81 12 233
13775 82 153 233
13776 83 83 233
13777 84 94 233
13778 85 182 233
13779 86 88 233
13780 87 92 233
13781 88 167 233
13782 89 64 233
13783 90 157 233
13784 91 164 233
13785 92 53 233
13786 93 164 233
13787 94 60 233
13788 95 176 233
13789 96 156 233
13790 97 42 233
13791 98 132 233
13792 99 253 233
13793 100 127 233
13794 101 151 233
13795 102 244 233
13796 103 62 233
13797 104 50 233
13798 105 171 233
13799 106 136 233
13800 107 188 233
13801 108 86 233
13802 109 188 233
13803 110 141 233
13804 111 65 233
13805 112 137 233
13806 113 82 233
13807 114 80 233
13808 1 92 234
13809 2 111 234
13810 3 80 234
13811 4 175 234
13812 5 167 234
13813 6 249 234
13814 7 133 234
13815 8 249 234
13816 9 226 234
13817 10 158 234
13818 11 190 234
13819 12 105 234
13820 13 97 234
13821 14 34 234
13822 15 215 234
13823 16 133 234
13824 17 68 234
13825 18 185 234
13826 19 78 234
13827 20 117 234
13828 21 249 234
13829 22 184 234
13830 23 105 234
13831 24 130 234
13832 25 232 234
13833 26 82 234
13834 27 220 234
13835 28 70 234
13836 29 117 234
13837 30 52 234
13838 31 85 234
13839 32 150 234
13840 33 69 234
13841 34 47 234
13842 35 208 234
13843 36 125 234
13844 37 227 234
13845 38 167 234
13846 39 196 234
13847 40 6 234
13848 41 54 234
13849 42 56 234
13850 43 44 234
13851 44 105 234
13852 45 76 234
13853 46 37 234
13854 47 132 234
13855 49 163 234
13856 48 254 234
13857 50 82 234
13858 51 98 234
13859 52 41 234
13860 53 123 234
13861 54 21 234
13862 55 224 234
13863 56 143 234
13864 57 102 234
13865 58 30 234
13866 59 251 234
13867 60 42 234
13868 61 50 234
13869 62 112 234
13870 63 150 234
13871 64 122 234
13872 65 146 234
13873 66 189 234
13874 67 114 234
13875 68 139 234
13876 69 2 234
13877 70 137 234
13878 71 216 234
13879 72 173 234
13880 73 203 234
13881 74 126 234
13882 75 201 234
13883 76 146 234
13884 77 34 234
13885 78 12 234
13886 79 214 234
13887 80 131 234
13888 81 119 234
13889 82 80 234
13890 83 145 234
13891 84 37 234
13892 85 45 234
13893 86 18 234
13894 87 250 234
13895 88 51 234
13896 89 84 234
13897 90 102 234
13898 91 89 234
13899 92 80 234
13900 93 91 234
13901 94 172 234
13902 95 73 234
13903 96 221 234
13904 97 130 234
13905 98 125 234
13906 99 69 234
13907 100 205 234
13908 101 70 234
13909 102 206 234
13910 103 83 234
13911 104 155 234
13912 105 137 234
13913 106 28 234
13914 107 189 234
13915 108 91 234
13916 109 256 234
13917 110 102 234
13918 111 30 234
13919 112 232 234
13920 113 240 234
13921 114 24 234
13922 115 209 234
13923 117 55 234
13924 0 181 235
13925 1 156 235
13926 2 120 235
13927 3 206 235
13928 4 64 235
13929 5 91 235
13930 6 241 235
13931 7 135 235
13932 8 92 235
13933 9 45 235
13934 10 103 235
13935 11 136 235
13936 12 102 235
13937 13 32 235
13938 14 127 235
13939 15 162 235
13940 16 103 235
13941 17 98 235
13942 18 170 235
13943 19 172 235
13944 20 13 235
13945 21 61 235
13946 22 156 235
13947 23 16 235
13948 24 128 235
13949 25 108 235
13950 26 144 235
13951 27 184 235
13952 28 180 235
13953 29 90 235
13954 30 240 235
13955 31 37 235
13956 32 26 235
13957 33 208 235
13958 34 75 235
13959 35 84 235
13960 36 59 235
13961 37 208 235
13962 38 3 235
13963 39 47 235
13964 40 19 235
13965 41 219 235
13966 42 144 235
13967 43 25 235
13968 44 76 235
13969 45 29 235
13970 46 98 235
13971 47 131 235
13972 48 72 235
13973 49 121 235
13974 50 64 235
13975 51 27 235
13976 52 139 235
13977 53 172 235
13978 54 224 235
13979 55 11 235
13980 56 88 235
13981 57 197 235
13982 58 67 235
13983 59 152 235
13984 60 123 235
13985 61 66 235
13986 62 66 235
13987 63 114 235
13988 64 60 235
13989 65 76 235
13990 66 177 235
13991 67 143 235
13992 68 121 235
13993 69 3 235
13994 70 42 235
13995 71 114 235
13996 72 17 235
13997 73 119 235
13998 74 9 235
13999 75 209 235
14000 76 96 235
14001 77 34 235
14002 78 96 235
14003 79 256 235
14004 80 87 235
14005 81 189 235
14006 82 10 235
14007 83 13 235
14008 84 43 235
14009 85 253 235
14010 86 173 235
14011 87 216 235
14012 88 117 235
14013 89 233 235
14014 90 24 235
14015 91 229 235
14016 92 253 235
14017 93 45 235
14018 94 50 235
14019 95 220 235
14020 96 185 235
14021 97 12 235
14022 98 161 235
14023 99 19 235
14024 100 9 235
14025 101 193 235
14026 102 23 235
14027 103 180 235
14028 104 47 235
14029 105 160 235
14030 106 196 235
14031 107 38 235
14032 108 22 235
14033 109 118 235
14034 110 19 235
14035 111 213 235
14036 112 17 235
14037 113 245 235
14038 114 162 235
14039 115 16 235
14040 116 30 235
14041 117 25 235
14042 0 21 236
14043 1 179 236
14044 2 138 236
14045 3 96 236
14046 4 195 236
14047 5 38 236
14048 6 88 236
14049 7 25 236
weights 237 237 237 237 237 237 237 237 236 236 236 236 236 236 236 236 236 236 236 236 236 236 236 236 236 236 236 236 236 236 236 236 236 236 236 236 236 236 236 236 236 236 236 236 236 236 236 236 236 236 236 236 236 236 236 236 236 236 236 236 236 236 236 236 236 236 236 236 236 236 236 236 236 236 236 236 236 236 236 236 236 236 236 236 236 236 236 236 236 236 236 236 236 236 236 236 236 236 236 236 236 236 236 236 236 236 236 236 236 236 236 236 236 236 236 236 236 236
