condition	point	a	b	pivot	pivot_value	weight_before
0	0	0	0	0	1	0
1	0	0	1	1	1	2
2	0	0	2	2	1	4
3	0	0	3	3	1	6
4	0	0	4	4	1	8
5	0	0	5	5	1	10
6	0	0	6	6	1	12
7	0	0	7	7	1	14
8	0	0	8	8	1	16
9	0	0	9	9	1	18
10	0	0	10	10	1	20
11	0	0	11	11	1	22
12	0	0	12	12	1	24
13	0	0	13	13	1	26
14	0	0	14	14	1	28
15	0	0	15	15	1	30
16	0	0	16	16	1	32
17	0	0	17	17	1	34
18	0	0	18	18	1	36
19	0	0	19	19	1	38
20	0	0	20	20	1	40
21	0	0	21	21	1	42
22	0	0	22	22	1	44
23	0	0	23	23	1	46
24	0	0	24	24	1	48
25	0	0	25	25	1	50
26	0	0	26	26	1	52
27	0	0	27	27	1	54
28	0	0	28	28	1	56
29	0	0	29	29	1	58
30	0	0	30	30	1	60
31	0	0	31	31	1	62
32	0	0	32	32	1	64
33	0	0	33	33	1	66
34	0	0	34	34	1	68
35	0	0	35	35	1	70
36	0	0	36	36	1	72
37	0	0	37	37	1	74
38	0	0	38	38	1	76
39	0	0	39	39	1	78
40	0	0	40	40	1	80
41	0	0	41	41	1	82
42	0	0	42	42	1	84
43	0	0	43	43	1	86
44	0	0	44	44	1	88
45	0	0	45	45	1	90
46	0	0	46	46	1	92
47	0	0	47	47	1	94
48	0	0	48	48	1	96
49	0	0	49	49	1	98
50	0	0	50	50	1	100
51	0	0	51	51	1	102
52	0	0	52	52	1	104
53	0	0	53	53	1	106
54	0	0	54	54	1	108
55	0	0	55	55	1	110
56	0	0	56	56	1	112
57	0	0	57	57	1	114
58	0	0	58	58	1	116
59	0	0	59	59	1	118
60	0	0	60	60	1	120
61	0	0	61	61	1	122
62	0	0	62	62	1	124
63	0	0	63	63	1	126
64	0	0	64	64	1	128
65	0	0	65	65	1	130
66	0	0	66	66	1	132
67	0	0	67	67	1	134
68	0	0	68	68	1	136
69	0	0	69	69	1	138
70	0	0	70	70	1	140
71	0	1	0	0	1	1
72	0	1	1	1	1	3
73	0	1	2	2	1	5
74	0	1	3	3	1	7
75	0	1	4	4	1	9
76	0	1	5	5	1	11
77	0	1	6	6	1	13
78	0	1	7	7	1	15
79	0	1	8	8	1	17
80	0	1	9	9	1	19
81	0	1	10	10	1	21
82	0	1	11	11	1	23
83	0	1	12	12	1	25
84	0	1	13	13	1	27
85	0	1	14	14	1	29
86	0	1	15	15	1	31
87	0	1	16	16	1	33
88	0	1	17	17	1	35
89	0	1	18	18	1	37
90	0	1	19	19	1	39
91	0	1	20	20	1	41
92	0	1	21	21	1	43
93	0	1	22	22	1	45
94	0	1	23	23	1	47
95	0	1	24	24	1	49
96	0	1	25	25	1	51
97	0	1	26	26	1	53
98	0	1	27	27	1	55
99	0	1	28	28	1	57
100	0	1	29	29	1	59
101	0	1	30	30	1	61
102	0	1	31	31	1	63
103	0	1	32	32	1	65
104	0	1	33	33	1	67
105	0	1	34	34	1	69
106	0	1	35	35	1	71
107	0	1	36	36	1	73
108	0	1	37	37	1	75
109	0	1	38	38	1	77
110	0	1	39	39	1	79
111	0	1	40	40	1	81
112	0	1	41	41	1	83
113	0	1	42	42	1	85
114	0	1	43	43	1	87
115	0	1	44	44	1	89
116	0	1	45	45	1	91
117	0	1	46	46	1	93
118	0	1	47	47	1	95
119	0	1	48	48	1	97
120	0	1	49	49	1	99
121	0	1	50	50	1	101
122	0	1	51	51	1	103
123	0	1	52	52	1	105
124	0	1	53	53	1	107
125	0	1	54	54	1	109
126	0	1	55	55	1	111
127	0	1	56	56	1	113
128	0	1	57	57	1	115
129	0	1	58	58	1	117
130	0	1	59	59	1	119
131	0	1	60	60	1	121
132	0	1	61	61	1	123
133	0	1	62	62	1	125
134	0	1	63	63	1	127
135	0	1	64	64	1	129
136	0	1	65	65	1	131
137	0	1	66	66	1	133
138	0	1	67	67	1	135
139	0	1	68	68	1	137
140	0	1	69	69	1	139
141	0	2	0	0	1	2
142	0	2	1	1	1	4
143	0	2	2	2	1	6
144	0	2	3	3	1	8
145	0	2	4	4	1	10
146	0	2	5	5	1	12
147	0	2	6	6	1	14
148	0	2	7	7	1	16
149	0	2	8	8	1	18
150	0	2	9	9	1	20
151	0	2	10	10	1	22
152	0	2	11	11	1	24
153	0	2	12	12	1	26
154	0	2	13	13	1	28
155	0	2	14	14	1	30
156	0	2	15	15	1	32
157	0	2	16	16	1	34
158	0	2	17	17	1	36
159	0	2	18	18	1	38
160	0	2	19	19	1	40
161	0	2	20	20	1	42
162	0	2	21	21	1	44
163	0	2	22	22	1	46
164	0	2	23	23	1	48
165	0	2	24	24	1	50
166	0	2	25	25	1	52
167	0	2	26	26	1	54
168	0	2	27	27	1	56
169	0	2	28	28	1	58
170	0	2	29	29	1	60
171	0	2	30	30	1	62
172	0	2	31	31	1	64
173	0	2	32	32	1	66
174	0	2	33	33	1	68
175	0	2	34	34	1	70
176	0	2	35	35	1	72
177	0	2	36	36	1	74
178	0	2	37	37	1	76
179	0	2	38	38	1	78
180	0	2	39	39	1	80
181	0	2	40	40	1	82
182	0	2	41	41	1	84
183	0	2	42	42	1	86
184	0	2	43	43	1	88
185	0	2	44	44	1	90
186	0	2	45	45	1	92
187	0	2	46	46	1	94
188	0	2	47	47	1	96
189	0	2	48	48	1	98
190	0	2	49	49	1	100
191	0	2	50	50	1	102
192	0	2	51	51	1	104
193	0	2	52	52	1	106
194	0	2	53	53	1	108
195	0	2	54	54	1	110
196	0	2	55	55	1	112
197	0	2	56	56	1	114
198	0	2	57	57	1	116
199	0	2	58	58	1	118
200	0	2	59	59	1	120
201	0	2	60	60	1	122
202	0	2	61	61	1	124
203	0	2	62	62	1	126
204	0	2	63	63	1	128
205	0	2	64	64	1	130
206	0	2	65	65	1	132
207	0	2	66	66	1	134
208	0	2	67	67	1	136
209	0	2	68	68	1	138
210	0	3	0	0	1	3
211	0	3	1	1	1	5
212	0	3	2	2	1	7
213	0	3	3	3	1	9
214	0	3	4	4	1	11
215	0	3	5	5	1	13
216	0	3	6	6	1	15
217	0	3	7	7	1	17
218	0	3	8	8	1	19
219	0	3	9	9	1	21
220	0	3	10	10	1	23
221	0	3	11	11	1	25
222	0	3	12	12	1	27
223	0	3	13	13	1	29
224	0	3	14	14	1	31
225	0	3	15	15	1	33
226	0	3	16	16	1	35
227	0	3	17	17	1	37
228	0	3	18	18	1	39
229	0	3	19	19	1	41
230	0	3	20	20	1	43
231	0	3	21	21	1	45
232	0	3	22	22	1	47
233	0	3	23	23	1	49
234	0	3	24	24	1	51
235	0	3	25	25	1	53
236	0	3	26	26	1	55
237	0	3	27	27	1	57
238	0	3	28	28	1	59
239	0	3	29	29	1	61
240	0	3	30	30	1	63
241	0	3	31	31	1	65
242	0	3	32	32	1	67
243	0	3	33	33	1	69
244	0	3	34	34	1	71
245	0	3	35	35	1	73
246	0	3	36	36	1	75
247	0	3	37	37	1	77
248	0	3	38	38	1	79
249	0	3	39	39	1	81
250	0	3	40	40	1	83
251	0	3	41	41	1	85
252	0	3	42	42	1	87
253	0	3	43	43	1	89
254	0	3	44	44	1	91
255	0	3	45	45	1	93
256	0	3	46	46	1	95
257	0	3	47	47	1	97
258	0	3	48	48	1	99
259	0	3	49	49	1	101
260	0	3	50	50	1	103
261	0	3	51	51	1	105
262	0	3	52	52	1	107
263	0	3	53	53	1	109
264	0	3	54	54	1	111
265	0	3	55	55	1	113
266	0	3	56	56	1	115
267	0	3	57	57	1	117
268	0	3	58	58	1	119
269	0	3	59	59	1	121
270	0	3	60	60	1	123
271	0	3	61	61	1	125
272	0	3	62	62	1	127
273	0	3	63	63	1	129
274	0	3	64	64	1	131
275	0	3	65	65	1	133
276	0	3	66	66	1	135
277	0	3	67	67	1	137
278	0	4	0	0	1	4
279	0	4	1	1	1	6
280	0	4	2	2	1	8
281	0	4	3	3	1	10
282	0	4	4	4	1	12
283	0	4	5	5	1	14
284	0	4	6	6	1	16
285	0	4	7	7	1	18
286	0	4	8	8	1	20
287	0	4	9	9	1	22
288	0	4	10	10	1	24
289	0	4	11	11	1	26
290	0	4	12	12	1	28
291	0	4	13	13	1	30
292	0	4	14	14	1	32
293	0	4	15	15	1	34
294	0	4	16	16	1	36
295	0	4	17	17	1	38
296	0	4	18	18	1	40
297	0	4	19	19	1	42
298	0	4	20	20	1	44
299	0	4	21	21	1	46
300	0	4	22	22	1	48
301	0	4	23	23	1	50
302	0	4	24	24	1	52
303	0	4	25	25	1	54
304	0	4	26	26	1	56
305	0	4	27	27	1	58
306	0	4	28	28	1	60
307	0	4	29	29	1	62
308	0	4	30	30	1	64
309	0	4	31	31	1	66
310	0	4	32	32	1	68
311	0	4	33	33	1	70
312	0	4	34	34	1	72
313	0	4	35	35	1	74
314	0	4	36	36	1	76
315	0	4	37	37	1	78
316	0	4	38	38	1	80
317	0	4	39	39	1	82
318	0	4	40	40	1	84
319	0	4	41	41	1	86
320	0	4	42	42	1	88
321	0	4	43	43	1	90
322	0	4	44	44	1	92
323	0	4	45	45	1	94
324	0	4	46	46	1	96
325	0	4	47	47	1	98
326	0	4	48	48	1	100
327	0	4	49	49	1	102
328	0	4	50	50	1	104
329	0	4	51	51	1	106
330	0	4	52	52	1	108
331	0	4	53	53	1	110
332	0	4	54	54	1	112
333	0	4	55	55	1	114
334	0	4	56	56	1	116
335	0	4	57	57	1	118
336	0	4	58	58	1	120
337	0	4	59	59	1	122
338	0	4	60	60	1	124
339	0	4	61	61	1	126
340	0	4	62	62	1	128
341	0	4	63	63	1	130
342	0	4	64	64	1	132
343	0	4	65	65	1	134
344	0	4	66	66	1	136
345	0	5	0	0	1	5
346	0	5	1	1	1	7
347	0	5	2	2	1	9
348	0	5	3	3	1	11
349	0	5	4	4	1	13
350	0	5	5	5	1	15
351	0	5	6	6	1	17
352	0	5	7	7	1	19
353	0	5	8	8	1	21
354	0	5	9	9	1	23
355	0	5	10	10	1	25
356	0	5	11	11	1	27
357	0	5	12	12	1	29
358	0	5	13	13	1	31
359	0	5	14	14	1	33
360	0	5	15	15	1	35
361	0	5	16	16	1	37
362	0	5	17	17	1	39
363	0	5	18	18	1	41
364	0	5	19	19	1	43
365	0	5	20	20	1	45
366	0	5	21	21	1	47
367	0	5	22	22	1	49
368	0	5	23	23	1	51
369	0	5	24	24	1	53
370	0	5	25	25	1	55
371	0	5	26	26	1	57
372	0	5	27	27	1	59
373	0	5	28	28	1	61
374	0	5	29	29	1	63
375	0	5	30	30	1	65
376	0	5	31	31	1	67
377	0	5	32	32	1	69
378	0	5	33	33	1	71
379	0	5	34	34	1	73
380	0	5	35	35	1	75
381	0	5	36	36	1	77
382	0	5	37	37	1	79
383	0	5	38	38	1	81
384	0	5	39	39	1	83
385	0	5	40	40	1	85
386	0	5	41	41	1	87
387	0	5	42	42	1	89
388	0	5	43	43	1	91
389	0	5	44	44	1	93
390	0	5	45	45	1	95
391	0	5	46	46	1	97
392	0	5	47	47	1	99
393	0	5	48	48	1	101
394	0	5	49	49	1	103
395	0	5	50	50	1	105
396	0	5	51	51	1	107
397	0	5	52	52	1	109
398	0	5	53	53	1	111
399	0	5	54	54	1	113
400	0	5	55	55	1	115
401	0	5	56	56	1	117
402	0	5	57	57	1	119
403	0	5	58	58	1	121
404	0	5	59	59	1	123
405	0	5	60	60	1	125
406	0	5	61	61	1	127
407	0	5	62	62	1	129
408	0	5	63	63	1	131
409	0	5	64	64	1	133
410	0	5	65	65	1	135
411	0	6	0	0	1	6
412	0	6	1	1	1	8
413	0	6	2	2	1	10
414	0	6	3	3	1	12
415	0	6	4	4	1	14
416	0	6	5	5	1	16
417	0	6	6	6	1	18
418	0	6	7	7	1	20
419	0	6	8	8	1	22
420	0	6	9	9	1	24
421	0	6	10	10	1	26
422	0	6	11	11	1	28
423	0	6	12	12	1	30
424	0	6	13	13	1	32
425	0	6	14	14	1	34
426	0	6	15	15	1	36
427	0	6	16	16	1	38
428	0	6	17	17	1	40
429	0	6	18	18	1	42
430	0	6	19	19	1	44
431	0	6	20	20	1	46
432	0	6	21	21	1	48
433	0	6	22	22	1	50
434	0	6	23	23	1	52
435	0	6	24	24	1	54
436	0	6	25	25	1	56
437	0	6	26	26	1	58
438	0	6	27	27	1	60
439	0	6	28	28	1	62
440	0	6	29	29	1	64
441	0	6	30	30	1	66
442	0	6	31	31	1	68
443	0	6	32	32	1	70
444	0	6	33	33	1	72
445	0	6	34	34	1	74
446	0	6	35	35	1	76
447	0	6	36	36	1	78
448	0	6	37	37	1	80
449	0	6	38	38	1	82
450	0	6	39	39	1	84
451	0	6	40	40	1	86
452	0	6	41	41	1	88
453	0	6	42	42	1	90
454	0	6	43	43	1	92
455	0	6	44	44	1	94
456	0	6	45	45	1	96
457	0	6	46	46	1	98
458	0	6	47	47	1	100
459	0	6	48	48	1	102
460	0	6	49	49	1	104
461	0	6	50	50	1	106
462	0	6	51	51	1	108
463	0	6	52	52	1	110
464	0	6	53	53	1	112
465	0	6	54	54	1	114
466	0	6	55	55	1	116
467	0	6	56	56	1	118
468	0	6	57	57	1	120
469	0	6	58	58	1	122
470	0	6	59	59	1	124
471	0	6	60	60	1	126
472	0	6	61	61	1	128
473	0	6	62	62	1	130
474	0	6	63	63	1	132
475	0	6	64	64	1	134
476	0	7	0	0	1	7
477	0	7	1	1	1	9
478	0	7	2	2	1	11
479	0	7	3	3	1	13
480	0	7	4	4	1	15
481	0	7	5	5	1	17
482	0	7	6	6	1	19
483	0	7	7	7	1	21
484	0	7	8	8	1	23
485	0	7	9	9	1	25
486	0	7	10	10	1	27
487	0	7	11	11	1	29
488	0	7	12	12	1	31
489	0	7	13	13	1	33
490	0	7	14	14	1	35
491	0	7	15	15	1	37
492	0	7	16	16	1	39
493	0	7	17	17	1	41
494	0	7	18	18	1	43
495	0	7	19	19	1	45
496	0	7	20	20	1	47
497	0	7	21	21	1	49
498	0	7	22	22	1	51
499	0	7	23	23	1	53
500	0	7	24	24	1	55
501	0	7	25	25	1	57
502	0	7	26	26	1	59
503	0	7	27	27	1	61
504	0	7	28	28	1	63
505	0	7	29	29	1	65
506	0	7	30	30	1	67
507	0	7	31	31	1	69
508	0	7	32	32	1	71
509	0	7	33	33	1	73
510	0	7	34	34	1	75
511	0	7	35	35	1	77
512	0	7	36	36	1	79
513	0	7	37	37	1	81
514	0	7	38	38	1	83
515	0	7	39	39	1	85
516	0	7	40	40	1	87
517	0	7	41	41	1	89
518	0	7	42	42	1	91
519	0	7	43	43	1	93
520	0	7	44	44	1	95
521	0	7	45	45	1	97
522	0	7	46	46	1	99
523	0	7	47	47	1	101
524	0	7	48	48	1	103
525	0	7	49	49	1	105
526	0	7	50	50	1	107
527	0	7	51	51	1	109
528	0	7	52	52	1	111
529	0	7	53	53	1	113
530	0	7	54	54	1	115
531	0	7	55	55	1	117
532	0	7	56	56	1	119
533	0	7	57	57	1	121
534	0	7	58	58	1	123
535	0	7	59	59	1	125
536	0	7	60	60	1	127
537	0	7	61	61	1	129
538	0	7	62	62	1	131
539	0	7	63	63	1	133
540	0	8	0	0	1	8
541	0	8	1	1	1	10
542	0	8	2	2	1	12
543	0	8	3	3	1	14
544	0	8	4	4	1	16
545	0	8	5	5	1	18
546	0	8	6	6	1	20
547	0	8	7	7	1	22
548	0	8	8	8	1	24
549	0	8	9	9	1	26
550	0	8	10	10	1	28
551	0	8	11	11	1	30
552	0	8	12	12	1	32
553	0	8	13	13	1	34
554	0	8	14	14	1	36
555	0	8	15	15	1	38
556	0	8	16	16	1	40
557	0	8	17	17	1	42
558	0	8	18	18	1	44
559	0	8	19	19	1	46
560	0	8	20	20	1	48
561	0	8	21	21	1	50
562	0	8	22	22	1	52
563	0	8	23	23	1	54
564	0	8	24	24	1	56
565	0	8	25	25	1	58
566	0	8	26	26	1	60
567	0	8	27	27	1	62
568	0	8	28	28	1	64
569	0	8	29	29	1	66
570	0	8	30	30	1	68
571	0	8	31	31	1	70
572	0	8	32	32	1	72
573	0	8	33	33	1	74
574	0	8	34	34	1	76
575	0	8	35	35	1	78
576	0	8	36	36	1	80
577	0	8	37	37	1	82
578	0	8	38	38	1	84
579	0	8	39	39	1	86
580	0	8	40	40	1	88
581	0	8	41	41	1	90
582	0	8	42	42	1	92
583	0	8	43	43	1	94
584	0	8	44	44	1	96
585	0	8	45	45	1	98
586	0	8	46	46	1	100
587	0	8	47	47	1	102
588	0	8	48	48	1	104
589	0	8	49	49	1	106
590	0	8	50	50	1	108
591	0	8	51	51	1	110
592	0	8	52	52	1	112
593	0	8	53	53	1	114
594	0	8	54	54	1	116
595	0	8	55	55	1	118
596	0	8	56	56	1	120
597	0	8	57	57	1	122
598	0	8	58	58	1	124
599	0	8	59	59	1	126
600	0	8	60	60	1	128
601	0	8	61	61	1	130
602	0	8	62	62	1	132
603	0	9	0	0	1	9
604	0	9	1	1	1	11
605	0	9	2	2	1	13
606	0	9	3	3	1	15
607	0	9	4	4	1	17
608	0	9	5	5	1	19
609	0	9	6	6	1	21
610	0	9	7	7	1	23
611	0	9	8	8	1	25
612	0	9	9	9	1	27
613	0	9	10	10	1	29
614	0	9	11	11	1	31
615	0	9	12	12	1	33
616	0	9	13	13	1	35
617	0	9	14	14	1	37
618	0	9	15	15	1	39
619	0	9	16	16	1	41
620	0	9	17	17	1	43
621	0	9	18	18	1	45
622	0	9	19	19	1	47
623	0	9	20	20	1	49
624	0	9	21	21	1	51
625	0	9	22	22	1	53
626	0	9	23	23	1	55
627	0	9	24	24	1	57
628	0	9	25	25	1	59
629	0	9	26	26	1	61
630	0	9	27	27	1	63
631	0	9	28	28	1	65
632	0	9	29	29	1	67
633	0	9	30	30	1	69
634	0	9	31	31	1	71
635	0	9	32	32	1	73
636	0	9	33	33	1	75
637	0	9	34	34	1	77
638	0	9	35	35	1	79
639	0	9	36	36	1	81
640	0	9	37	37	1	83
641	0	9	38	38	1	85
642	0	9	39	39	1	87
643	0	9	40	40	1	89
644	0	9	41	41	1	91
645	0	9	42	42	1	93
646	0	9	43	43	1	95
647	0	9	44	44	1	97
648	0	9	45	45	1	99
649	0	9	46	46	1	101
650	0	9	47	47	1	103
651	0	9	48	48	1	105
652	0	9	49	49	1	107
653	0	9	50	50	1	109
654	0	9	51	51	1	111
655	0	9	52	52	1	113
656	0	9	53	53	1	115
657	0	9	54	54	1	117
658	0	9	55	55	1	119
659	0	9	56	56	1	121
660	0	9	57	57	1	123
661	0	9	58	58	1	125
662	0	9	59	59	1	127
663	0	9	60	60	1	129
664	0	9	61	61	1	131
665	0	10	0	0	1	10
666	0	10	1	1	1	12
667	0	10	2	2	1	14
668	0	10	3	3	1	16
669	0	10	4	4	1	18
670	0	10	5	5	1	20
671	0	10	6	6	1	22
672	0	10	7	7	1	24
673	0	10	8	8	1	26
674	0	10	9	9	1	28
675	0	10	10	10	1	30
676	0	10	11	11	1	32
677	0	10	12	12	1	34
678	0	10	13	13	1	36
679	0	10	14	14	1	38
680	0	10	15	15	1	40
681	0	10	16	16	1	42
682	0	10	17	17	1	44
683	0	10	18	18	1	46
684	0	10	19	19	1	48
685	0	10	20	20	1	50
686	0	10	21	21	1	52
687	0	10	22	22	1	54
688	0	10	23	23	1	56
689	0	10	24	24	1	58
690	0	10	25	25	1	60
691	0	10	26	26	1	62
692	0	10	27	27	1	64
693	0	10	28	28	1	66
694	0	10	29	29	1	68
695	0	10	30	30	1	70
696	0	10	31	31	1	72
697	0	10	32	32	1	74
698	0	10	33	33	1	76
699	0	10	34	34	1	78
700	0	10	35	35	1	80
701	0	10	36	36	1	82
702	0	10	37	37	1	84
703	0	10	38	38	1	86
704	0	10	39	39	1	88
705	0	10	40	40	1	90
706	0	10	41	41	1	92
707	0	10	42	42	1	94
708	0	10	43	43	1	96
709	0	10	44	44	1	98
710	0	10	45	45	1	100
711	0	10	46	46	1	102
712	0	10	47	47	1	104
713	0	10	48	48	1	106
714	0	10	49	49	1	108
715	0	10	50	50	1	110
716	0	10	51	51	1	112
717	0	10	52	52	1	114
718	0	10	53	53	1	116
719	0	10	54	54	1	118
720	0	10	55	55	1	120
721	0	10	56	56	1	122
722	0	10	57	57	1	124
723	0	10	58	58	1	126
724	0	10	59	59	1	128
725	0	10	60	60	1	130
726	0	11	0	0	1	11
727	0	11	1	1	1	13
728	0	11	2	2	1	15
729	0	11	3	3	1	17
730	0	11	4	4	1	19
731	0	11	5	5	1	21
732	0	11	6	6	1	23
733	0	11	7	7	1	25
734	0	11	8	8	1	27
735	0	11	9	9	1	29
736	0	11	10	10	1	31
737	0	11	11	11	1	33
738	0	11	12	12	1	35
739	0	11	13	13	1	37
740	0	11	14	14	1	39
741	0	11	15	15	1	41
742	0	11	16	16	1	43
743	0	11	17	17	1	45
744	0	11	18	18	1	47
745	0	11	19	19	1	49
746	0	11	20	20	1	51
747	0	11	21	21	1	53
748	0	11	22	22	1	55
749	0	11	23	23	1	57
750	0	11	24	24	1	59
751	0	11	25	25	1	61
752	0	11	26	26	1	63
753	0	11	27	27	1	65
754	0	11	28	28	1	67
755	0	11	29	29	1	69
756	0	11	30	30	1	71
757	0	11	31	31	1	73
758	0	11	32	32	1	75
759	0	11	33	33	1	77
760	0	11	34	34	1	79
761	0	11	35	35	1	81
762	0	11	36	36	1	83
763	0	11	37	37	1	85
764	0	11	38	38	1	87
765	0	11	39	39	1	89
766	0	11	40	40	1	91
767	0	11	41	41	1	93
768	0	11	42	42	1	95
769	0	11	43	43	1	97
770	0	11	44	44	1	99
771	0	11	45	45	1	101
772	0	11	46	46	1	103
773	0	11	47	47	1	105
774	0	11	48	48	1	107
775	0	11	49	49	1	109
776	0	11	50	50	1	111
777	0	11	51	51	1	113
778	0	11	52	52	1	115
779	0	11	53	53	1	117
780	0	11	54	54	1	119
781	0	11	55	55	1	121
782	0	11	56	56	1	123
783	0	11	57	57	1	125
784	0	11	58	58	1	127
785	0	11	59	59	1	129
786	0	12	0	0	1	12
787	0	12	1	1	1	14
788	0	12	2	2	1	16
789	0	12	3	3	1	18
790	0	12	4	4	1	20
791	0	12	5	5	1	22
792	0	12	6	6	1	24
793	0	12	7	7	1	26
794	0	12	8	8	1	28
795	0	12	9	9	1	30
796	0	12	10	10	1	32
797	0	12	11	11	1	34
798	0	12	12	12	1	36
799	0	12	13	13	1	38
800	0	12	14	14	1	40
801	0	12	15	15	1	42
802	0	12	16	16	1	44
803	0	12	17	17	1	46
804	0	12	18	18	1	48
805	0	12	19	19	1	50
806	0	12	20	20	1	52
807	0	12	21	21	1	54
808	0	12	22	22	1	56
809	0	12	23	23	1	58
810	0	12	24	24	1	60
811	0	12	25	25	1	62
812	0	12	26	26	1	64
813	0	12	27	27	1	66
814	0	12	28	28	1	68
815	0	12	29	29	1	70
816	0	12	30	30	1	72
817	0	12	31	31	1	74
818	0	12	32	32	1	76
819	0	12	33	33	1	78
820	0	12	34	34	1	80
821	0	12	35	35	1	82
822	0	12	36	36	1	84
823	0	12	37	37	1	86
824	0	12	38	38	1	88
825	0	12	39	39	1	90
826	0	12	40	40	1	92
827	0	12	41	41	1	94
828	0	12	42	42	1	96
829	0	12	43	43	1	98
830	0	12	44	44	1	100
831	0	12	45	45	1	102
832	0	12	46	46	1	104
833	0	12	47	47	1	106
834	0	12	48	48	1	108
835	0	12	49	49	1	110
836	0	12	50	50	1	112
837	0	12	51	51	1	114
838	0	12	52	52	1	116
839	0	12	53	53	1	118
840	0	12	54	54	1	120
841	0	12	55	55	1	122
842	0	12	56	56	1	124
843	0	12	57	57	1	126
844	0	12	58	58	1	128
845	0	13	0	0	1	13
846	0	13	1	1	1	15
847	0	13	2	2	1	17
848	0	13	3	3	1	19
849	0	13	4	4	1	21
850	0	13	5	5	1	23
851	0	13	6	6	1	25
852	0	13	7	7	1	27
853	0	13	8	8	1	29
854	0	13	9	9	1	31
855	0	13	10	10	1	33
856	0	13	11	11	1	35
857	0	13	12	12	1	37
858	0	13	13	13	1	39
859	0	13	14	14	1	41
860	0	13	15	15	1	43
861	0	13	16	16	1	45
862	0	13	17	17	1	47
863	0	13	18	18	1	49
864	0	13	19	19	1	51
865	0	13	20	20	1	53
866	0	13	21	21	1	55
867	0	13	22	22	1	57
868	0	13	23	23	1	59
869	0	13	24	24	1	61
870	0	13	25	25	1	63
871	0	13	26	26	1	65
872	0	13	27	27	1	67
873	0	13	28	28	1	69
874	0	13	29	29	1	71
875	0	13	30	30	1	73
876	0	13	31	31	1	75
877	0	13	32	32	1	77
878	0	13	33	33	1	79
879	0	13	34	34	1	81
880	0	13	35	35	1	83
881	0	13	36	36	1	85
882	0	13	37	37	1	87
883	0	13	38	38	1	89
884	0	13	39	39	1	91
885	0	13	40	40	1	93
886	0	13	41	41	1	95
887	0	13	42	42	1	97
888	0	13	43	43	1	99
889	0	13	44	44	1	101
890	0	13	45	45	1	103
891	0	13	46	46	1	105
892	0	13	47	47	1	107
893	0	13	48	48	1	109
894	0	13	49	49	1	111
895	0	13	50	50	1	113
896	0	13	51	51	1	115
897	0	13	52	52	1	117
898	0	13	53	53	1	119
899	0	13	54	54	1	121
900	0	13	55	55	1	123
901	0	13	56	56	1	125
902	0	13	57	57	1	127
903	0	14	0	0	1	14
904	0	14	1	1	1	16
905	0	14	2	2	1	18
906	0	14	3	3	1	20
907	0	14	4	4	1	22
908	0	14	5	5	1	24
909	0	14	6	6	1	26
910	0	14	7	7	1	28
911	0	14	8	8	1	30
912	0	14	9	9	1	32
913	0	14	10	10	1	34
914	0	14	11	11	1	36
915	0	14	12	12	1	38
916	0	14	13	13	1	40
917	0	14	14	14	1	42
918	0	14	15	15	1	44
919	0	14	16	16	1	46
920	0	14	17	17	1	48
921	0	14	18	18	1	50
922	0	14	19	19	1	52
923	0	14	20	20	1	54
924	0	14	21	21	1	56
925	0	14	22	22	1	58
926	0	14	23	23	1	60
927	0	14	24	24	1	62
928	0	14	25	25	1	64
929	0	14	26	26	1	66
930	0	14	27	27	1	68
931	0	14	28	28	1	70
932	0	14	29	29	1	72
933	0	14	30	30	1	74
934	0	14	31	31	1	76
935	0	14	32	32	1	78
936	0	14	33	33	1	80
937	0	14	34	34	1	82
938	0	14	35	35	1	84
939	0	14	36	36	1	86
940	0	14	37	37	1	88
941	0	14	38	38	1	90
942	0	14	39	39	1	92
943	0	14	40	40	1	94
944	0	14	41	41	1	96
945	0	14	42	42	1	98
946	0	14	43	43	1	100
947	0	14	44	44	1	102
948	0	14	45	45	1	104
949	0	14	46	46	1	106
950	0	14	47	47	1	108
951	0	14	48	48	1	110
952	0	14	49	49	1	112
953	0	14	50	50	1	114
954	0	14	51	51	1	116
955	0	14	52	52	1	118
956	0	14	53	53	1	120
957	0	14	54	54	1	122
958	0	14	55	55	1	124
959	0	14	56	56	1	126
960	0	15	0	0	1	15
961	0	15	1	1	1	17
962	0	15	2	2	1	19
963	0	15	3	3	1	21
964	0	15	4	4	1	23
965	0	15	5	5	1	25
966	0	15	6	6	1	27
967	0	15	7	7	1	29
968	0	15	8	8	1	31
969	0	15	9	9	1	33
970	0	15	10	10	1	35
971	0	15	11	11	1	37
972	0	15	12	12	1	39
973	0	15	13	13	1	41
974	0	15	14	14	1	43
975	0	15	15	15	1	45
976	0	15	16	16	1	47
977	0	15	17	17	1	49
978	0	15	18	18	1	51
979	0	15	19	19	1	53
980	0	15	20	20	1	55
981	0	15	21	21	1	57
982	0	15	22	22	1	59
983	0	15	23	23	1	61
984	0	15	24	24	1	63
985	0	15	25	25	1	65
986	0	15	26	26	1	67
987	0	15	27	27	1	69
988	0	15	28	28	1	71
989	0	15	29	29	1	73
990	0	15	30	30	1	75
991	0	15	31	31	1	77
992	0	15	32	32	1	79
993	0	15	33	33	1	81
994	0	15	34	34	1	83
995	0	15	35	35	1	85
996	0	15	36	36	1	87
997	0	15	37	37	1	89
998	0	15	38	38	1	91
999	0	15	39	39	1	93
1000	0	15	40	40	1	95
1001	0	15	41	41	1	97
1002	0	15	42	42	1	99
1003	0	15	43	43	1	101
1004	0	15	44	44	1	103
1005	0	15	45	45	1	105
1006	0	15	46	46	1	107
1007	0	15	47	47	1	109
1008	0	15	48	48	1	111
1009	0	15	49	49	1	113
1010	0	15	50	50	1	115
1011	0	15	51	51	1	117
1012	0	15	52	52	1	119
1013	0	15	53	53	1	121
1014	0	15	54	54	1	123
1015	0	15	55	55	1	125
1016	0	16	0	0	1	16
1017	0	16	1	1	1	18
1018	0	16	2	2	1	20
1019	0	16	3	3	1	22
1020	0	16	4	4	1	24
1021	0	16	5	5	1	26
1022	0	16	6	6	1	28
1023	0	16	7	7	1	30
1024	0	16	8	8	1	32
1025	0	16	9	9	1	34
1026	0	16	10	10	1	36
1027	0	16	11	11	1	38
1028	0	16	12	12	1	40
1029	0	16	13	13	1	42
1030	0	16	14	14	1	44
1031	0	16	15	15	1	46
1032	0	16	16	16	1	48
1033	0	16	17	17	1	50
1034	0	16	18	18	1	52
1035	0	16	19	19	1	54
1036	0	16	20	20	1	56
1037	0	16	21	21	1	58
1038	0	16	22	22	1	60
1039	0	16	23	23	1	62
1040	0	16	24	24	1	64
1041	0	16	25	25	1	66
1042	0	16	26	26	1	68
1043	0	16	27	27	1	70
1044	0	16	28	28	1	72
1045	0	16	29	29	1	74
1046	0	16	30	30	1	76
1047	0	16	31	31	1	78
1048	0	16	32	32	1	80
1049	0	16	33	33	1	82
1050	0	16	34	34	1	84
1051	0	16	35	35	1	86
1052	0	16	36	36	1	88
1053	0	16	37	37	1	90
1054	0	16	38	38	1	92
1055	0	16	39	39	1	94
1056	0	16	40	40	1	96
1057	0	16	41	41	1	98
1058	0	16	42	42	1	100
1059	0	16	43	43	1	102
1060	0	16	44	44	1	104
1061	0	16	45	45	1	106
1062	0	16	46	46	1	108
1063	0	16	47	47	1	110
1064	0	16	48	48	1	112
1065	0	16	49	49	1	114
1066	0	16	50	50	1	116
1067	0	16	51	51	1	118
1068	0	16	52	52	1	120
1069	0	16	53	53	1	122
1070	0	16	54	54	1	124
1071	0	17	0	0	1	17
1072	0	17	1	1	1	19
1073	0	17	2	2	1	21
1074	0	17	3	3	1	23
1075	0	17	4	4	1	25
1076	0	17	5	5	1	27
1077	0	17	6	6	1	29
1078	0	17	7	7	1	31
1079	0	17	8	8	1	33
1080	0	17	9	9	1	35
1081	0	17	10	10	1	37
1082	0	17	11	11	1	39
1083	0	17	12	12	1	41
1084	0	17	13	13	1	43
1085	0	17	14	14	1	45
1086	0	17	15	15	1	47
1087	0	17	16	16	1	49
1088	0	17	17	17	1	51
1089	0	17	18	18	1	53
1090	0	17	19	19	1	55
1091	0	17	20	20	1	57
1092	0	17	21	21	1	59
1093	0	17	22	22	1	61
1094	0	17	23	23	1	63
1095	0	17	24	24	1	65
1096	0	17	25	25	1	67
1097	0	17	26	26	1	69
1098	0	17	27	27	1	71
1099	0	17	28	28	1	73
1100	0	17	29	29	1	75
1101	0	17	30	30	1	77
1102	0	17	31	31	1	79
1103	0	17	32	32	1	81
1104	0	17	33	33	1	83
1105	0	17	34	34	1	85
1106	0	17	35	35	1	87
1107	0	17	36	36	1	89
1108	0	17	37	37	1	91
1109	0	17	38	38	1	93
1110	0	17	39	39	1	95
1111	0	17	40	40	1	97
1112	0	17	41	41	1	99
1113	0	17	42	42	1	101
1114	0	17	43	43	1	103
1115	0	17	44	44	1	105
1116	0	17	45	45	1	107
1117	0	17	46	46	1	109
1118	0	17	47	47	1	111
1119	0	17	48	48	1	113
1120	0	17	49	49	1	115
1121	0	17	50	50	1	117
1122	0	17	51	51	1	119
1123	0	17	52	52	1	121
1124	0	17	53	53	1	123
1125	0	18	0	0	1	18
1126	0	18	1	1	1	20
1127	0	18	2	2	1	22
1128	0	18	3	3	1	24
1129	0	18	4	4	1	26
1130	0	18	5	5	1	28
1131	0	18	6	6	1	30
1132	0	18	7	7	1	32
1133	0	18	8	8	1	34
1134	0	18	9	9	1	36
1135	0	18	10	10	1	38
1136	0	18	11	11	1	40
1137	0	18	12	12	1	42
1138	0	18	13	13	1	44
1139	0	18	14	14	1	46
1140	0	18	15	15	1	48
1141	0	18	16	16	1	50
1142	0	18	17	17	1	52
1143	0	18	18	18	1	54
1144	0	18	19	19	1	56
1145	0	18	20	20	1	58
1146	0	18	21	21	1	60
1147	0	18	22	22	1	62
1148	0	18	23	23	1	64
1149	0	18	24	24	1	66
1150	0	18	25	25	1	68
1151	0	18	26	26	1	70
1152	0	18	27	27	1	72
1153	0	18	28	28	1	74
1154	0	18	29	29	1	76
1155	0	18	30	30	1	78
1156	0	18	31	31	1	80
1157	0	18	32	32	1	82
1158	0	18	33	33	1	84
1159	0	18	34	34	1	86
1160	0	18	35	35	1	88
1161	0	18	36	36	1	90
1162	0	18	37	37	1	92
1163	0	18	38	38	1	94
1164	0	18	39	39	1	96
1165	0	18	40	40	1	98
1166	0	18	41	41	1	100
1167	0	18	42	42	1	102
1168	0	18	43	43	1	104
1169	0	18	44	44	1	106
1170	0	18	45	45	1	108
1171	0	18	46	46	1	110
1172	0	18	47	47	1	112
1173	0	18	48	48	1	114
1174	0	18	49	49	1	116
1175	0	18	50	50	1	118
1176	0	18	51	51	1	120
1177	0	18	52	52	1	122
1178	0	19	0	0	1	19
1179	0	19	1	1	1	21
1180	0	19	2	2	1	23
1181	0	19	3	3	1	25
1182	0	19	4	4	1	27
1183	0	19	5	5	1	29
1184	0	19	6	6	1	31
1185	0	19	7	7	1	33
1186	0	19	8	8	1	35
1187	0	19	9	9	1	37
1188	0	19	10	10	1	39
1189	0	19	11	11	1	41
1190	0	19	12	12	1	43
1191	0	19	13	13	1	45
1192	0	19	14	14	1	47
1193	0	19	15	15	1	49
1194	0	19	16	16	1	51
1195	0	19	17	17	1	53
1196	0	19	18	18	1	55
1197	0	19	19	19	1	57
1198	0	19	20	20	1	59
1199	0	19	21	21	1	61
1200	0	19	22	22	1	63
1201	0	19	23	23	1	65
1202	0	19	24	24	1	67
1203	0	19	25	25	1	69
1204	0	19	26	26	1	71
1205	0	19	27	27	1	73
1206	0	19	28	28	1	75
1207	0	19	29	29	1	77
1208	0	19	30	30	1	79
1209	0	19	31	31	1	81
1210	0	19	32	32	1	83
1211	0	19	33	33	1	85
1212	0	19	34	34	1	87
1213	0	19	35	35	1	89
1214	0	19	36	36	1	91
1215	0	19	37	37	1	93
1216	0	19	38	38	1	95
1217	0	19	39	39	1	97
1218	0	19	40	40	1	99
1219	0	19	41	41	1	101
1220	0	19	42	42	1	103
1221	0	19	43	43	1	105
1222	0	19	44	44	1	107
1223	0	19	45	45	1	109
1224	0	19	46	46	1	111
1225	0	19	47	47	1	113
1226	0	19	48	48	1	115
1227	0	19	49	49	1	117
1228	0	19	50	50	1	119
1229	0	19	51	51	1	121
1230	0	20	0	0	1	20
1231	0	20	1	1	1	22
1232	0	20	2	2	1	24
1233	0	20	3	3	1	26
1234	0	20	4	4	1	28
1235	0	20	5	5	1	30
1236	0	20	6	6	1	32
1237	0	20	7	7	1	34
1238	0	20	8	8	1	36
1239	0	20	9	9	1	38
1240	0	20	10	10	1	40
1241	0	20	11	11	1	42
1242	0	20	12	12	1	44
1243	0	20	13	13	1	46
1244	0	20	14	14	1	48
1245	0	20	15	15	1	50
1246	0	20	16	16	1	52
1247	0	20	17	17	1	54
1248	0	20	18	18	1	56
1249	0	20	19	19	1	58
1250	0	20	20	20	1	60
1251	0	20	21	21	1	62
1252	0	20	22	22	1	64
1253	0	20	23	23	1	66
1254	0	20	24	24	1	68
1255	0	20	25	25	1	70
1256	0	20	26	26	1	72
1257	0	20	27	27	1	74
1258	0	20	28	28	1	76
1259	0	20	29	29	1	78
1260	0	20	30	30	1	80
1261	0	20	31	31	1	82
1262	0	20	32	32	1	84
1263	0	20	33	33	1	86
1264	0	20	34	34	1	88
1265	0	20	35	35	1	90
1266	0	20	36	36	1	92
1267	0	20	37	37	1	94
1268	0	20	38	38	1	96
1269	0	20	39	39	1	98
1270	0	20	40	40	1	100
1271	0	20	41	41	1	102
1272	0	20	42	42	1	104
1273	0	20	43	43	1	106
1274	0	20	44	44	1	108
1275	0	20	45	45	1	110
1276	0	20	46	46	1	112
1277	0	20	47	47	1	114
1278	0	20	48	48	1	116
1279	0	20	49	49	1	118
1280	0	20	50	50	1	120
1281	0	21	0	0	1	21
1282	0	21	1	1	1	23
1283	0	21	2	2	1	25
1284	0	21	3	3	1	27
1285	0	21	4	4	1	29
1286	0	21	5	5	1	31
1287	0	21	6	6	1	33
1288	0	21	7	7	1	35
1289	0	21	8	8	1	37
1290	0	21	9	9	1	39
1291	0	21	10	10	1	41
1292	0	21	11	11	1	43
1293	0	21	12	12	1	45
1294	0	21	13	13	1	47
1295	0	21	14	14	1	49
1296	0	21	15	15	1	51
1297	0	21	16	16	1	53
1298	0	21	17	17	1	55
1299	0	21	18	18	1	57
1300	0	21	19	19	1	59
1301	0	21	20	20	1	61
1302	0	21	21	21	1	63
1303	0	21	22	22	1	65
1304	0	21	23	23	1	67
1305	0	21	24	24	1	69
1306	0	21	25	25	1	71
1307	0	21	26	26	1	73
1308	0	21	27	27	1	75
1309	0	21	28	28	1	77
1310	0	21	29	29	1	79
1311	0	21	30	30	1	81
1312	0	21	31	31	1	83
1313	0	21	32	32	1	85
1314	0	21	33	33	1	87
1315	0	21	34	34	1	89
1316	0	21	35	35	1	91
1317	0	21	36	36	1	93
1318	0	21	37	37	1	95
1319	0	21	38	38	1	97
1320	0	21	39	39	1	99
1321	0	21	40	40	1	101
1322	0	21	41	41	1	103
1323	0	21	42	42	1	105
1324	0	21	43	43	1	107
1325	0	21	44	44	1	109
1326	0	21	45	45	1	111
1327	0	21	46	46	1	113
1328	0	21	47	47	1	115
1329	0	21	48	48	1	117
1330	0	21	49	49	1	119
1331	0	22	0	0	1	22
1332	0	22	1	1	1	24
1333	0	22	2	2	1	26
1334	0	22	3	3	1	28
1335	0	22	4	4	1	30
1336	0	22	5	5	1	32
1337	0	22	6	6	1	34
1338	0	22	7	7	1	36
1339	0	22	8	8	1	38
1340	0	22	9	9	1	40
1341	0	22	10	10	1	42
1342	0	22	11	11	1	44
1343	0	22	12	12	1	46
1344	0	22	13	13	1	48
1345	0	22	14	14	1	50
1346	0	22	15	15	1	52
1347	0	22	16	16	1	54
1348	0	22	17	17	1	56
1349	0	22	18	18	1	58
1350	0	22	19	19	1	60
1351	0	22	20	20	1	62
1352	0	22	21	21	1	64
1353	0	22	22	22	1	66
1354	0	22	23	23	1	68
1355	0	22	24	24	1	70
1356	0	22	25	25	1	72
1357	0	22	26	26	1	74
1358	0	22	27	27	1	76
1359	0	22	28	28	1	78
1360	0	22	29	29	1	80
1361	0	22	30	30	1	82
1362	0	22	31	31	1	84
1363	0	22	32	32	1	86
1364	0	22	33	33	1	88
1365	0	22	34	34	1	90
1366	0	22	35	35	1	92
1367	0	22	36	36	1	94
1368	0	22	37	37	1	96
1369	0	22	38	38	1	98
1370	0	22	39	39	1	100
1371	0	22	40	40	1	102
1372	0	22	41	41	1	104
1373	0	22	42	42	1	106
1374	0	22	43	43	1	108
1375	0	22	44	44	1	110
1376	0	22	45	45	1	112
1377	0	22	46	46	1	114
1378	0	22	47	47	1	116
1379	0	22	48	48	1	118
1380	0	23	0	0	1	23
1381	0	23	1	1	1	25
1382	0	23	2	2	1	27
1383	0	23	3	3	1	29
1384	0	23	4	4	1	31
1385	0	23	5	5	1	33
1386	0	23	6	6	1	35
1387	0	23	7	7	1	37
1388	0	23	8	8	1	39
1389	0	23	9	9	1	41
1390	0	23	10	10	1	43
1391	0	23	11	11	1	45
1392	0	23	12	12	1	47
1393	0	23	13	13	1	49
1394	0	23	14	14	1	51
1395	0	23	15	15	1	53
1396	0	23	16	16	1	55
1397	0	23	17	17	1	57
1398	0	23	18	18	1	59
1399	0	23	19	19	1	61
1400	0	23	20	20	1	63
1401	0	23	21	21	1	65
1402	0	23	22	22	1	67
1403	0	23	23	23	1	69
1404	0	23	24	24	1	71
1405	0	23	25	25	1	73
1406	0	23	26	26	1	75
1407	0	23	27	27	1	77
1408	0	23	28	28	1	79
1409	0	23	29	29	1	81
1410	0	23	30	30	1	83
1411	0	23	31	31	1	85
1412	0	23	32	32	1	87
1413	0	23	33	33	1	89
1414	0	23	34	34	1	91
1415	0	23	35	35	1	93
1416	0	23	36	36	1	95
1417	0	23	37	37	1	97
1418	0	23	38	38	1	99
1419	0	23	39	39	1	101
1420	0	23	40	40	1	103
1421	0	23	41	41	1	105
1422	0	23	42	42	1	107
1423	0	23	43	43	1	109
1424	0	23	44	44	1	111
1425	0	23	45	45	1	113
1426	0	23	46	46	1	115
1427	0	23	47	47	1	117
1428	0	24	0	0	1	24
1429	0	24	1	1	1	26
1430	0	24	2	2	1	28
1431	0	24	3	3	1	30
1432	0	24	4	4	1	32
1433	0	24	5	5	1	34
1434	0	24	6	6	1	36
1435	0	24	7	7	1	38
1436	0	24	8	8	1	40
1437	0	24	9	9	1	42
1438	0	24	10	10	1	44
1439	0	24	11	11	1	46
1440	0	24	12	12	1	48
1441	0	24	13	13	1	50
1442	0	24	14	14	1	52
1443	0	24	15	15	1	54
1444	0	24	16	16	1	56
1445	0	24	17	17	1	58
1446	0	24	18	18	1	60
1447	0	24	19	19	1	62
1448	0	24	20	20	1	64
1449	0	24	21	21	1	66
1450	0	24	22	22	1	68
1451	0	24	23	23	1	70
1452	0	24	24	24	1	72
1453	0	24	25	25	1	74
1454	0	24	26	26	1	76
1455	0	24	27	27	1	78
1456	0	24	28	28	1	80
1457	0	24	29	29	1	82
1458	0	24	30	30	1	84
1459	0	24	31	31	1	86
1460	0	24	32	32	1	88
1461	0	24	33	33	1	90
1462	0	24	34	34	1	92
1463	0	24	35	35	1	94
1464	0	24	36	36	1	96
1465	0	24	37	37	1	98
1466	0	24	38	38	1	100
1467	0	24	39	39	1	102
1468	0	24	40	40	1	104
1469	0	24	41	41	1	106
1470	0	24	42	42	1	108
1471	0	24	43	43	1	110
1472	0	24	44	44	1	112
1473	0	24	45	45	1	114
1474	0	24	46	46	1	116
1475	0	25	0	0	1	25
1476	0	25	1	1	1	27
1477	0	25	2	2	1	29
1478	0	25	3	3	1	31
1479	0	25	4	4	1	33
1480	0	25	5	5	1	35
1481	0	25	6	6	1	37
1482	0	25	7	7	1	39
1483	0	25	8	8	1	41
1484	0	25	9	9	1	43
1485	0	25	10	10	1	45
1486	0	25	11	11	1	47
1487	0	25	12	12	1	49
1488	0	25	13	13	1	51
1489	0	25	14	14	1	53
1490	0	25	15	15	1	55
1491	0	25	16	16	1	57
1492	0	25	17	17	1	59
1493	0	25	18	18	1	61
1494	0	25	19	19	1	63
1495	0	25	20	20	1	65
1496	0	25	21	21	1	67
1497	0	25	22	22	1	69
1498	0	25	23	23	1	71
1499	0	25	24	24	1	73
1500	0	25	25	25	1	75
1501	0	25	26	26	1	77
1502	0	25	27	27	1	79
1503	0	25	28	28	1	81
1504	0	25	29	29	1	83
1505	0	25	30	30	1	85
1506	0	25	31	31	1	87
1507	0	25	32	32	1	89
1508	0	25	33	33	1	91
1509	0	25	34	34	1	93
1510	0	25	35	35	1	95
1511	0	25	36	36	1	97
1512	0	25	37	37	1	99
1513	0	25	38	38	1	101
1514	0	25	39	39	1	103
1515	0	25	40	40	1	105
1516	0	25	41	41	1	107
1517	0	25	42	42	1	109
1518	0	25	43	43	1	111
1519	0	25	44	44	1	113
1520	0	25	45	45	1	115
1521	0	26	0	0	1	26
1522	0	26	1	1	1	28
1523	0	26	2	2	1	30
1524	0	26	3	3	1	32
1525	0	26	4	4	1	34
1526	0	26	5	5	1	36
1527	0	26	6	6	1	38
1528	0	26	7	7	1	40
1529	0	26	8	8	1	42
1530	0	26	9	9	1	44
1531	0	26	10	10	1	46
1532	0	26	11	11	1	48
1533	0	26	12	12	1	50
1534	0	26	13	13	1	52
1535	0	26	14	14	1	54
1536	0	26	15	15	1	56
1537	0	26	16	16	1	58
1538	0	26	17	17	1	60
1539	0	26	18	18	1	62
1540	0	26	19	19	1	64
1541	0	26	20	20	1	66
1542	0	26	21	21	1	68
1543	0	26	22	22	1	70
1544	0	26	23	23	1	72
1545	0	26	24	24	1	74
1546	0	26	25	25	1	76
1547	0	26	26	26	1	78
1548	0	26	27	27	1	80
1549	0	26	28	28	1	82
1550	0	26	29	29	1	84
1551	0	26	30	30	1	86
1552	0	26	31	31	1	88
1553	0	26	32	32	1	90
1554	0	26	33	33	1	92
1555	0	26	34	34	1	94
1556	0	26	35	35	1	96
1557	0	26	36	36	1	98
1558	0	26	37	37	1	100
1559	0	26	38	38	1	102
1560	0	26	39	39	1	104
1561	0	26	40	40	1	106
1562	0	26	41	41	1	108
1563	0	26	42	42	1	110
1564	0	26	43	43	1	112
1565	0	26	44	44	1	114
1566	0	27	0	0	1	27
1567	0	27	1	1	1	29
1568	0	27	2	2	1	31
1569	0	27	3	3	1	33
1570	0	27	4	4	1	35
1571	0	27	5	5	1	37
1572	0	27	6	6	1	39
1573	0	27	7	7	1	41
1574	0	27	8	8	1	43
1575	0	27	9	9	1	45
1576	0	27	10	10	1	47
1577	0	27	11	11	1	49
1578	0	27	12	12	1	51
1579	0	27	13	13	1	53
1580	0	27	14	14	1	55
1581	0	27	15	15	1	57
1582	0	27	16	16	1	59
1583	0	27	17	17	1	61
1584	0	27	18	18	1	63
1585	0	27	19	19	1	65
1586	0	27	20	20	1	67
1587	0	27	21	21	1	69
1588	0	27	22	22	1	71
1589	0	27	23	23	1	73
1590	0	27	24	24	1	75
1591	0	27	25	25	1	77
1592	0	27	26	26	1	79
1593	0	27	27	27	1	81
1594	0	27	28	28	1	83
1595	0	27	29	29	1	85
1596	0	27	30	30	1	87
1597	0	27	31	31	1	89
1598	0	27	32	32	1	91
1599	0	27	33	33	1	93
1600	0	27	34	34	1	95
1601	0	27	35	35	1	97
1602	0	27	36	36	1	99
1603	0	27	37	37	1	101
1604	0	27	38	38	1	103
1605	0	27	39	39	1	105
1606	0	27	40	40	1	107
1607	0	27	41	41	1	109
1608	0	27	42	42	1	111
1609	0	27	43	43	1	113
1610	0	28	0	0	1	28
1611	0	28	1	1	1	30
1612	0	28	2	2	1	32
1613	0	28	3	3	1	34
1614	0	28	4	4	1	36
1615	0	28	5	5	1	38
1616	0	28	6	6	1	40
1617	0	28	7	7	1	42
1618	0	28	8	8	1	44
1619	0	28	9	9	1	46
1620	0	28	10	10	1	48
1621	0	28	11	11	1	50
1622	0	28	12	12	1	52
1623	0	28	13	13	1	54
1624	0	28	14	14	1	56
1625	0	28	15	15	1	58
1626	0	28	16	16	1	60
1627	0	28	17	17	1	62
1628	0	28	18	18	1	64
1629	0	28	19	19	1	66
1630	0	28	20	20	1	68
1631	0	28	21	21	1	70
1632	0	28	22	22	1	72
1633	0	28	23	23	1	74
1634	0	28	24	24	1	76
1635	0	28	25	25	1	78
1636	0	28	26	26	1	80
1637	0	28	27	27	1	82
1638	0	28	28	28	1	84
1639	0	28	29	29	1	86
1640	0	28	30	30	1	88
1641	0	28	31	31	1	90
1642	0	28	32	32	1	92
1643	0	28	33	33	1	94
1644	0	28	34	34	1	96
1645	0	28	35	35	1	98
1646	0	28	36	36	1	100
1647	0	28	37	37	1	102
1648	0	28	38	38	1	104
1649	0	28	39	39	1	106
1650	0	28	40	40	1	108
1651	0	28	41	41	1	110
1652	0	28	42	42	1	112
1653	0	29	0	0	1	29
1654	0	29	1	1	1	31
1655	0	29	2	2	1	33
1656	0	29	3	3	1	35
1657	0	29	4	4	1	37
1658	0	29	5	5	1	39
1659	0	29	6	6	1	41
1660	0	29	7	7	1	43
1661	0	29	8	8	1	45
1662	0	29	9	9	1	47
1663	0	29	10	10	1	49
1664	0	29	11	11	1	51
1665	0	29	12	12	1	53
1666	0	29	13	13	1	55
1667	0	29	14	14	1	57
1668	0	29	15	15	1	59
1669	0	29	16	16	1	61
1670	0	29	17	17	1	63
1671	0	29	18	18	1	65
1672	0	29	19	19	1	67
1673	0	29	20	20	1	69
1674	0	29	21	21	1	71
1675	0	29	22	22	1	73
1676	0	29	23	23	1	75
1677	0	29	24	24	1	77
1678	0	29	25	25	1	79
1679	0	29	26	26	1	81
1680	0	29	27	27	1	83
1681	0	29	28	28	1	85
1682	0	29	29	29	1	87
1683	0	29	30	30	1	89
1684	0	29	31	31	1	91
1685	0	29	32	32	1	93
1686	0	29	33	33	1	95
1687	0	29	34	34	1	97
1688	0	29	35	35	1	99
1689	0	29	36	36	1	101
1690	0	29	37	37	1	103
1691	0	29	38	38	1	105
1692	0	29	39	39	1	107
1693	0	29	40	40	1	109
1694	0	29	41	41	1	111
1695	0	30	0	0	1	30
1696	0	30	1	1	1	32
1697	0	30	2	2	1	34
1698	0	30	3	3	1	36
1699	0	30	4	4	1	38
1700	0	30	5	5	1	40
1701	0	30	6	6	1	42
1702	0	30	7	7	1	44
1703	0	30	8	8	1	46
1704	0	30	9	9	1	48
1705	0	30	10	10	1	50
1706	0	30	11	11	1	52
1707	0	30	12	12	1	54
1708	0	30	13	13	1	56
1709	0	30	14	14	1	58
1710	0	30	15	15	1	60
1711	0	30	16	16	1	62
1712	0	30	17	17	1	64
1713	0	30	18	18	1	66
1714	0	30	19	19	1	68
1715	0	30	20	20	1	70
1716	0	30	21	21	1	72
1717	0	30	22	22	1	74
1718	0	30	23	23	1	76
1719	0	30	24	24	1	78
1720	0	30	25	25	1	80
1721	0	30	26	26	1	82
1722	0	30	27	27	1	84
1723	0	30	28	28	1	86
1724	0	30	29	29	1	88
1725	0	30	30	30	1	90
1726	0	30	31	31	1	92
1727	0	30	32	32	1	94
1728	0	30	33	33	1	96
1729	0	30	34	34	1	98
1730	0	30	35	35	1	100
1731	0	30	36	36	1	102
1732	0	30	37	37	1	104
1733	0	30	38	38	1	106
1734	0	30	39	39	1	108
1735	0	30	40	40	1	110
1736	0	31	0	0	1	31
1737	0	31	1	1	1	33
1738	0	31	2	2	1	35
1739	0	31	3	3	1	37
1740	0	31	4	4	1	39
1741	0	31	5	5	1	41
1742	0	31	6	6	1	43
1743	0	31	7	7	1	45
1744	0	31	8	8	1	47
1745	0	31	9	9	1	49
1746	0	31	10	10	1	51
1747	0	31	11	11	1	53
1748	0	31	12	12	1	55
1749	0	31	13	13	1	57
1750	0	31	14	14	1	59
1751	0	31	15	15	1	61
1752	0	31	16	16	1	63
1753	0	31	17	17	1	65
1754	0	31	18	18	1	67
1755	0	31	19	19	1	69
1756	0	31	20	20	1	71
1757	0	31	21	21	1	73
1758	0	31	22	22	1	75
1759	0	31	23	23	1	77
1760	0	31	24	24	1	79
1761	0	31	25	25	1	81
1762	0	31	26	26	1	83
1763	0	31	27	27	1	85
1764	0	31	28	28	1	87
1765	0	31	29	29	1	89
1766	0	31	30	30	1	91
1767	0	31	31	31	1	93
1768	0	31	32	32	1	95
1769	0	31	33	33	1	97
1770	0	31	34	34	1	99
1771	0	31	35	35	1	101
1772	0	31	36	36	1	103
1773	0	31	37	37	1	105
1774	0	31	38	38	1	107
1775	0	31	39	39	1	109
1776	0	32	0	0	1	32
1777	0	32	1	1	1	34
1778	0	32	2	2	1	36
1779	0	32	3	3	1	38
1780	0	32	4	4	1	40
1781	0	32	5	5	1	42
1782	0	32	6	6	1	44
1783	0	32	7	7	1	46
1784	0	32	8	8	1	48
1785	0	32	9	9	1	50
1786	0	32	10	10	1	52
1787	0	32	11	11	1	54
1788	0	32	12	12	1	56
1789	0	32	13	13	1	58
1790	0	32	14	14	1	60
1791	0	32	15	15	1	62
1792	0	32	16	16	1	64
1793	0	32	17	17	1	66
1794	0	32	18	18	1	68
1795	0	32	19	19	1	70
1796	0	32	20	20	1	72
1797	0	32	21	21	1	74
1798	0	32	22	22	1	76
1799	0	32	23	23	1	78
1800	0	32	24	24	1	80
1801	0	32	25	25	1	82
1802	0	32	26	26	1	84
1803	0	32	27	27	1	86
1804	0	32	28	28	1	88
1805	0	32	29	29	1	90
1806	0	32	30	30	1	92
1807	0	32	31	31	1	94
1808	0	32	32	32	1	96
1809	0	32	33	33	1	98
1810	0	32	34	34	1	100
1811	0	32	35	35	1	102
1812	0	32	36	36	1	104
1813	0	32	37	37	1	106
1814	0	32	38	38	1	108
1815	0	33	0	0	1	33
1816	0	33	1	1	1	35
1817	0	33	2	2	1	37
1818	0	33	3	3	1	39
1819	0	33	4	4	1	41
1820	0	33	5	5	1	43
1821	0	33	6	6	1	45
1822	0	33	7	7	1	47
1823	0	33	8	8	1	49
1824	0	33	9	9	1	51
1825	0	33	10	10	1	53
1826	0	33	11	11	1	55
1827	0	33	12	12	1	57
1828	0	33	13	13	1	59
1829	0	33	14	14	1	61
1830	0	33	15	15	1	63
1831	0	33	16	16	1	65
1832	0	33	17	17	1	67
1833	0	33	18	18	1	69
1834	0	33	19	19	1	71
1835	0	33	20	20	1	73
1836	0	33	21	21	1	75
1837	0	33	22	22	1	77
1838	0	33	23	23	1	79
1839	0	33	24	24	1	81
1840	0	33	25	25	1	83
1841	0	33	26	26	1	85
1842	0	33	27	27	1	87
1843	0	33	28	28	1	89
1844	0	33	29	29	1	91
1845	0	33	30	30	1	93
1846	0	33	31	31	1	95
1847	0	33	32	32	1	97
1848	0	33	33	33	1	99
1849	0	33	34	34	1	101
1850	0	33	35	35	1	103
1851	0	33	36	36	1	105
1852	0	33	37	37	1	107
1853	0	34	0	0	1	34
1854	0	34	1	1	1	36
1855	0	34	2	2	1	38
1856	0	34	3	3	1	40
1857	0	34	4	4	1	42
1858	0	34	5	5	1	44
1859	0	34	6	6	1	46
1860	0	34	7	7	1	48
1861	0	34	8	8	1	50
1862	0	34	9	9	1	52
1863	0	34	10	10	1	54
1864	0	34	11	11	1	56
1865	0	34	12	12	1	58
1866	0	34	13	13	1	60
1867	0	34	14	14	1	62
1868	0	34	15	15	1	64
1869	0	34	16	16	1	66
1870	0	34	17	17	1	68
1871	0	34	18	18	1	70
1872	0	34	19	19	1	72
1873	0	34	20	20	1	74
1874	0	34	21	21	1	76
1875	0	34	22	22	1	78
1876	0	34	23	23	1	80
1877	0	34	24	24	1	82
1878	0	34	25	25	1	84
1879	0	34	26	26	1	86
1880	0	34	27	27	1	88
1881	0	34	28	28	1	90
1882	0	34	29	29	1	92
1883	0	34	30	30	1	94
1884	0	34	31	31	1	96
1885	0	34	32	32	1	98
1886	0	34	33	33	1	100
1887	0	34	34	34	1	102
1888	0	34	35	35	1	104
1889	0	34	36	36	1	106
1890	0	35	0	0	1	35
1891	0	35	1	1	1	37
1892	0	35	2	2	1	39
1893	0	35	3	3	1	41
1894	0	35	4	4	1	43
1895	0	35	5	5	1	45
1896	0	35	6	6	1	47
1897	0	35	7	7	1	49
1898	0	35	8	8	1	51
1899	0	35	9	9	1	53
1900	0	35	10	10	1	55
1901	0	35	11	11	1	57
1902	0	35	12	12	1	59
1903	0	35	13	13	1	61
1904	0	35	14	14	1	63
1905	0	35	15	15	1	65
1906	0	35	16	16	1	67
1907	0	35	17	17	1	69
1908	0	35	18	18	1	71
1909	0	35	19	19	1	73
1910	0	35	20	20	1	75
1911	0	35	21	21	1	77
1912	0	35	22	22	1	79
1913	0	35	23	23	1	81
1914	0	35	24	24	1	83
1915	0	35	25	25	1	85
1916	0	35	26	26	1	87
1917	0	35	27	27	1	89
1918	0	35	28	28	1	91
1919	0	35	29	29	1	93
1920	0	35	30	30	1	95
1921	0	35	31	31	1	97
1922	0	35	32	32	1	99
1923	0	35	33	33	1	101
1924	0	35	34	34	1	103
1925	0	35	35	35	1	105
1926	0	36	0	0	1	36
1927	0	36	1	1	1	38
1928	0	36	2	2	1	40
1929	0	36	3	3	1	42
1930	0	36	4	4	1	44
1931	0	36	5	5	1	46
1932	0	36	6	6	1	48
1933	0	36	7	7	1	50
1934	0	36	8	8	1	52
1935	0	36	9	9	1	54
1936	0	36	10	10	1	56
1937	0	36	11	11	1	58
1938	0	36	12	12	1	60
1939	0	36	13	13	1	62
1940	0	36	14	14	1	64
1941	0	36	15	15	1	66
1942	0	36	16	16	1	68
1943	0	36	17	17	1	70
1944	0	36	18	18	1	72
1945	0	36	19	19	1	74
1946	0	36	20	20	1	76
1947	0	36	21	21	1	78
1948	0	36	22	22	1	80
1949	0	36	23	23	1	82
1950	0	36	24	24	1	84
1951	0	36	25	25	1	86
1952	0	36	26	26	1	88
1953	0	36	27	27	1	90
1954	0	36	28	28	1	92
1955	0	36	29	29	1	94
1956	0	36	30	30	1	96
1957	0	36	31	31	1	98
1958	0	36	32	32	1	100
1959	0	36	33	33	1	102
1960	0	36	34	34	1	104
1961	0	37	0	0	1	37
1962	0	37	1	1	1	39
1963	0	37	2	2	1	41
1964	0	37	3	3	1	43
1965	0	37	4	4	1	45
1966	0	37	5	5	1	47
1967	0	37	6	6	1	49
1968	0	37	7	7	1	51
1969	0	37	8	8	1	53
1970	0	37	9	9	1	55
1971	0	37	10	10	1	57
1972	0	37	11	11	1	59
1973	0	37	12	12	1	61
1974	0	37	13	13	1	63
1975	0	37	14	14	1	65
1976	0	37	15	15	1	67
1977	0	37	16	16	1	69
1978	0	37	17	17	1	71
1979	0	37	18	18	1	73
1980	0	37	19	19	1	75
1981	0	37	20	20	1	77
1982	0	37	21	21	1	79
1983	0	37	22	22	1	81
1984	0	37	23	23	1	83
1985	0	37	24	24	1	85
1986	0	37	25	25	1	87
1987	0	37	26	26	1	89
1988	0	37	27	27	1	91
1989	0	37	28	28	1	93
1990	0	37	29	29	1	95
1991	0	37	30	30	1	97
1992	0	37	31	31	1	99
1993	0	37	32	32	1	101
1994	0	37	33	33	1	103
1995	0	38	0	0	1	38
1996	0	38	1	1	1	40
1997	0	38	2	2	1	42
1998	0	38	3	3	1	44
1999	0	38	4	4	1	46
2000	0	38	5	5	1	48
2001	0	38	6	6	1	50
2002	0	38	7	7	1	52
2003	0	38	8	8	1	54
2004	0	38	9	9	1	56
2005	0	38	10	10	1	58
2006	0	38	11	11	1	60
2007	0	38	12	12	1	62
2008	0	38	13	13	1	64
2009	0	38	14	14	1	66
2010	0	38	15	15	1	68
2011	0	38	16	16	1	70
2012	0	38	17	17	1	72
2013	0	38	18	18	1	74
2014	0	38	19	19	1	76
2015	0	38	20	20	1	78
2016	0	38	21	21	1	80
2017	0	38	22	22	1	82
2018	0	38	23	23	1	84
2019	0	38	24	24	1	86
2020	0	38	25	25	1	88
2021	0	38	26	26	1	90
2022	0	38	27	27	1	92
2023	0	38	28	28	1	94
2024	0	38	29	29	1	96
2025	0	38	30	30	1	98
2026	0	38	31	31	1	100
2027	0	38	32	32	1	102
2028	0	39	0	0	1	39
2029	0	39	1	1	1	41
2030	0	39	2	2	1	43
2031	0	39	3	3	1	45
2032	0	39	4	4	1	47
2033	0	39	5	5	1	49
2034	0	39	6	6	1	51
2035	0	39	7	7	1	53
2036	0	39	8	8	1	55
2037	0	39	9	9	1	57
2038	0	39	10	10	1	59
2039	0	39	11	11	1	61
2040	0	39	12	12	1	63
2041	0	39	13	13	1	65
2042	0	39	14	14	1	67
2043	0	39	15	15	1	69
2044	0	39	16	16	1	71
2045	0	39	17	17	1	73
2046	0	39	18	18	1	75
2047	0	39	19	19	1	77
2048	0	39	20	20	1	79
2049	0	39	21	21	1	81
2050	0	39	22	22	1	83
2051	0	39	23	23	1	85
2052	0	39	24	24	1	87
2053	0	39	25	25	1	89
2054	0	39	26	26	1	91
2055	0	39	27	27	1	93
2056	0	39	28	28	1	95
2057	0	39	29	29	1	97
2058	0	39	30	30	1	99
2059	0	39	31	31	1	101
2060	0	40	0	0	1	40
2061	0	40	1	1	1	42
2062	0	40	2	2	1	44
2063	0	40	3	3	1	46
2064	0	40	4	4	1	48
2065	0	40	5	5	1	50
2066	0	40	6	6	1	52
2067	0	40	7	7	1	54
2068	0	40	8	8	1	56
2069	0	40	9	9	1	58
2070	0	40	10	10	1	60
2071	0	40	11	11	1	62
2072	0	40	12	12	1	64
2073	0	40	13	13	1	66
2074	0	40	14	14	1	68
2075	0	40	15	15	1	70
2076	0	40	16	16	1	72
2077	0	40	17	17	1	74
2078	0	40	18	18	1	76
2079	0	40	19	19	1	78
2080	0	40	20	20	1	80
2081	0	40	21	21	1	82
2082	0	40	22	22	1	84
2083	0	40	23	23	1	86
2084	0	40	24	24	1	88
2085	0	40	25	25	1	90
2086	0	40	26	26	1	92
2087	0	40	27	27	1	94
2088	0	40	28	28	1	96
2089	0	40	29	29	1	98
2090	0	40	30	30	1	100
2091	0	41	0	0	1	41
2092	0	41	1	1	1	43
2093	0	41	2	2	1	45
2094	0	41	3	3	1	47
2095	0	41	4	4	1	49
2096	0	41	5	5	1	51
2097	0	41	6	6	1	53
2098	0	41	7	7	1	55
2099	0	41	8	8	1	57
2100	0	41	9	9	1	59
2101	0	41	10	10	1	61
2102	0	41	11	11	1	63
2103	0	41	12	12	1	65
2104	0	41	13	13	1	67
2105	0	41	14	14	1	69
2106	0	41	15	15	1	71
2107	0	41	16	16	1	73
2108	0	41	17	17	1	75
2109	0	41	18	18	1	77
2110	0	41	19	19	1	79
2111	0	41	20	20	1	81
2112	0	41	21	21	1	83
2113	0	41	22	22	1	85
2114	0	41	23	23	1	87
2115	0	41	24	24	1	89
2116	0	41	25	25	1	91
2117	0	41	26	26	1	93
2118	0	41	27	27	1	95
2119	0	41	28	28	1	97
2120	0	41	29	29	1	99
2121	0	42	0	0	1	42
2122	0	42	1	1	1	44
2123	0	42	2	2	1	46
2124	0	42	3	3	1	48
2125	0	42	4	4	1	50
2126	0	42	5	5	1	52
2127	0	42	6	6	1	54
2128	0	42	7	7	1	56
2129	0	42	8	8	1	58
2130	0	42	9	9	1	60
2131	0	42	10	10	1	62
2132	0	42	11	11	1	64
2133	0	42	12	12	1	66
2134	0	42	13	13	1	68
2135	0	42	14	14	1	70
2136	0	42	15	15	1	72
2137	0	42	16	16	1	74
2138	0	42	17	17	1	76
2139	0	42	18	18	1	78
2140	0	42	19	19	1	80
2141	0	42	20	20	1	82
2142	0	42	21	21	1	84
2143	0	42	22	22	1	86
2144	0	42	23	23	1	88
2145	0	42	24	24	1	90
2146	0	42	25	25	1	92
2147	0	42	26	26	1	94
2148	0	42	27	27	1	96
2149	0	42	28	28	1	98
2150	0	43	0	0	1	43
2151	0	43	1	1	1	45
2152	0	43	2	2	1	47
2153	0	43	3	3	1	49
2154	0	43	4	4	1	51
2155	0	43	5	5	1	53
2156	0	43	6	6	1	55
2157	0	43	7	7	1	57
2158	0	43	8	8	1	59
2159	0	43	9	9	1	61
2160	0	43	10	10	1	63
2161	0	43	11	11	1	65
2162	0	43	12	12	1	67
2163	0	43	13	13	1	69
2164	0	43	14	14	1	71
2165	0	43	15	15	1	73
2166	0	43	16	16	1	75
2167	0	43	17	17	1	77
2168	0	43	18	18	1	79
2169	0	43	19	19	1	81
2170	0	43	20	20	1	83
2171	0	43	21	21	1	85
2172	0	43	22	22	1	87
2173	0	43	23	23	1	89
2174	0	43	24	24	1	91
2175	0	43	25	25	1	93
2176	0	43	26	26	1	95
2177	0	43	27	27	1	97
2178	0	44	0	0	1	44
2179	0	44	1	1	1	46
2180	0	44	2	2	1	48
2181	0	44	3	3	1	50
2182	0	44	4	4	1	52
2183	0	44	5	5	1	54
2184	0	44	6	6	1	56
2185	0	44	7	7	1	58
2186	0	44	8	8	1	60
2187	0	44	9	9	1	62
2188	0	44	10	10	1	64
2189	0	44	11	11	1	66
2190	0	44	12	12	1	68
2191	0	44	13	13	1	70
2192	0	44	14	14	1	72
2193	0	44	15	15	1	74
2194	0	44	16	16	1	76
2195	0	44	17	17	1	78
2196	0	44	18	18	1	80
2197	0	44	19	19	1	82
2198	0	44	20	20	1	84
2199	0	44	21	21	1	86
2200	0	44	22	22	1	88
2201	0	44	23	23	1	90
2202	0	44	24	24	1	92
2203	0	44	25	25	1	94
2204	0	44	26	26	1	96
2205	0	45	0	0	1	45
2206	0	45	1	1	1	47
2207	0	45	2	2	1	49
2208	0	45	3	3	1	51
2209	0	45	4	4	1	53
2210	0	45	5	5	1	55
2211	0	45	6	6	1	57
2212	0	45	7	7	1	59
2213	0	45	8	8	1	61
2214	0	45	9	9	1	63
2215	0	45	10	10	1	65
2216	0	45	11	11	1	67
2217	0	45	12	12	1	69
2218	0	45	13	13	1	71
2219	0	45	14	14	1	73
2220	0	45	15	15	1	75
2221	0	45	16	16	1	77
2222	0	45	17	17	1	79
2223	0	45	18	18	1	81
2224	0	45	19	19	1	83
2225	0	45	20	20	1	85
2226	0	45	21	21	1	87
2227	0	45	22	22	1	89
2228	0	45	23	23	1	91
2229	0	45	24	24	1	93
2230	0	45	25	25	1	95
2231	0	46	0	0	1	46
2232	0	46	1	1	1	48
2233	0	46	2	2	1	50
2234	0	46	3	3	1	52
2235	0	46	4	4	1	54
2236	0	46	5	5	1	56
2237	0	46	6	6	1	58
2238	0	46	7	7	1	60
2239	0	46	8	8	1	62
2240	0	46	9	9	1	64
2241	0	46	10	10	1	66
2242	0	46	11	11	1	68
2243	0	46	12	12	1	70
2244	0	46	13	13	1	72
2245	0	46	14	14	1	74
2246	0	46	15	15	1	76
2247	0	46	16	16	1	78
2248	0	46	17	17	1	80
2249	0	46	18	18	1	82
2250	0	46	19	19	1	84
2251	0	46	20	20	1	86
2252	0	46	21	21	1	88
2253	0	46	22	22	1	90
2254	0	46	23	23	1	92
2255	0	46	24	24	1	94
2256	0	47	0	0	1	47
2257	0	47	1	1	1	49
2258	0	47	2	2	1	51
2259	0	47	3	3	1	53
2260	0	47	4	4	1	55
2261	0	47	5	5	1	57
2262	0	47	6	6	1	59
2263	0	47	7	7	1	61
2264	0	47	8	8	1	63
2265	0	47	9	9	1	65
2266	0	47	10	10	1	67
2267	0	47	11	11	1	69
2268	0	47	12	12	1	71
2269	0	47	13	13	1	73
2270	0	47	14	14	1	75
2271	0	47	15	15	1	77
2272	0	47	16	16	1	79
2273	0	47	17	17	1	81
2274	0	47	18	18	1	83
2275	0	47	19	19	1	85
2276	0	47	20	20	1	87
2277	0	47	21	21	1	89
2278	0	47	22	22	1	91
2279	0	47	23	23	1	93
2280	0	48	0	0	1	48
2281	0	48	1	1	1	50
2282	0	48	2	2	1	52
2283	0	48	3	3	1	54
2284	0	48	4	4	1	56
2285	0	48	5	5	1	58
2286	0	48	6	6	1	60
2287	0	48	7	7	1	62
2288	0	48	8	8	1	64
2289	0	48	9	9	1	66
2290	0	48	10	10	1	68
2291	0	48	11	11	1	70
2292	0	48	12	12	1	72
2293	0	48	13	13	1	74
2294	0	48	14	14	1	76
2295	0	48	15	15	1	78
2296	0	48	16	16	1	80
2297	0	48	17	17	1	82
2298	0	48	18	18	1	84
2299	0	48	19	19	1	86
2300	0	48	20	20	1	88
2301	0	48	21	21	1	90
2302	0	48	22	22	1	92
2303	0	49	0	0	1	49
2304	0	49	1	1	1	51
2305	0	49	2	2	1	53
2306	0	49	3	3	1	55
2307	0	49	4	4	1	57
2308	0	49	5	5	1	59
2309	0	49	6	6	1	61
2310	0	49	7	7	1	63
2311	0	49	8	8	1	65
2312	0	49	9	9	1	67
2313	0	49	10	10	1	69
2314	0	49	11	11	1	71
2315	0	49	12	12	1	73
2316	0	49	13	13	1	75
2317	0	49	14	14	1	77
2318	0	49	15	15	1	79
2319	0	49	16	16	1	81
2320	0	49	17	17	1	83
2321	0	49	18	18	1	85
2322	0	49	19	19	1	87
2323	0	49	20	20	1	89
2324	0	49	21	21	1	91
2325	0	50	0	0	1	50
2326	0	50	1	1	1	52
2327	0	50	2	2	1	54
2328	0	50	3	3	1	56
2329	0	50	4	4	1	58
2330	0	50	5	5	1	60
2331	0	50	6	6	1	62
2332	0	50	7	7	1	64
2333	0	50	8	8	1	66
2334	0	50	9	9	1	68
2335	0	50	10	10	1	70
2336	0	50	11	11	1	72
2337	0	50	12	12	1	74
2338	0	50	13	13	1	76
2339	0	50	14	14	1	78
2340	0	50	15	15	1	80
2341	0	50	16	16	1	82
2342	0	50	17	17	1	84
2343	0	50	18	18	1	86
2344	0	50	19	19	1	88
2345	0	50	20	20	1	90
2346	0	51	0	0	1	51
2347	0	51	1	1	1	53
2348	0	51	2	2	1	55
2349	0	51	3	3	1	57
2350	0	51	4	4	1	59
2351	0	51	5	5	1	61
2352	0	51	6	6	1	63
2353	0	51	7	7	1	65
2354	0	51	8	8	1	67
2355	0	51	9	9	1	69
2356	0	51	10	10	1	71
2357	0	51	11	11	1	73
2358	0	51	12	12	1	75
2359	0	51	13	13	1	77
2360	0	51	14	14	1	79
2361	0	51	15	15	1	81
2362	0	51	16	16	1	83
2363	0	51	17	17	1	85
2364	0	51	18	18	1	87
2365	0	51	19	19	1	89
2366	0	52	0	0	1	52
2367	0	52	1	1	1	54
2368	0	52	2	2	1	56
2369	0	52	3	3	1	58
2370	0	52	4	4	1	60
2371	0	52	5	5	1	62
2372	0	52	6	6	1	64
2373	0	52	7	7	1	66
2374	0	52	8	8	1	68
2375	0	52	9	9	1	70
2376	0	52	10	10	1	72
2377	0	52	11	11	1	74
2378	0	52	12	12	1	76
2379	0	52	13	13	1	78
2380	0	52	14	14	1	80
2381	0	52	15	15	1	82
2382	0	52	16	16	1	84
2383	0	52	17	17	1	86
2384	0	52	18	18	1	88
2385	0	53	0	0	1	53
2386	0	53	1	1	1	55
2387	0	53	2	2	1	57
2388	0	53	3	3	1	59
2389	0	53	4	4	1	61
2390	0	53	5	5	1	63
2391	0	53	6	6	1	65
2392	0	53	7	7	1	67
2393	0	53	8	8	1	69
2394	0	53	9	9	1	71
2395	0	53	10	10	1	73
2396	0	53	11	11	1	75
2397	0	53	12	12	1	77
2398	0	53	13	13	1	79
2399	0	53	14	14	1	81
2400	0	53	15	15	1	83
2401	0	53	16	16	1	85
2402	0	53	17	17	1	87
2403	0	54	0	0	1	54
2404	0	54	1	1	1	56
2405	0	54	2	2	1	58
2406	0	54	3	3	1	60
2407	0	54	4	4	1	62
2408	0	54	5	5	1	64
2409	0	54	6	6	1	66
2410	0	54	7	7	1	68
2411	0	54	8	8	1	70
2412	0	54	9	9	1	72
2413	0	54	10	10	1	74
2414	0	54	11	11	1	76
2415	0	54	12	12	1	78
2416	0	54	13	13	1	80
2417	0	54	14	14	1	82
2418	0	54	15	15	1	84
2419	0	54	16	16	1	86
2420	0	55	0	0	1	55
2421	0	55	1	1	1	57
2422	0	55	2	2	1	59
2423	0	55	3	3	1	61
2424	0	55	4	4	1	63
2425	0	55	5	5	1	65
2426	0	55	6	6	1	67
2427	0	55	7	7	1	69
2428	0	55	8	8	1	71
2429	0	55	9	9	1	73
2430	0	55	10	10	1	75
2431	0	55	11	11	1	77
2432	0	55	12	12	1	79
2433	0	55	13	13	1	81
2434	0	55	14	14	1	83
2435	0	55	15	15	1	85
2436	0	56	0	0	1	56
2437	0	56	1	1	1	58
2438	0	56	2	2	1	60
2439	0	56	3	3	1	62
2440	0	56	4	4	1	64
2441	0	56	5	5	1	66
2442	0	56	6	6	1	68
2443	0	56	7	7	1	70
2444	0	56	8	8	1	72
2445	0	56	9	9	1	74
2446	0	56	10	10	1	76
2447	0	56	11	11	1	78
2448	0	56	12	12	1	80
2449	0	56	13	13	1	82
2450	0	56	14	14	1	84
2451	0	57	0	0	1	57
2452	0	57	1	1	1	59
2453	0	57	2	2	1	61
2454	0	57	3	3	1	63
2455	0	57	4	4	1	65
2456	0	57	5	5	1	67
2457	0	57	6	6	1	69
2458	0	57	7	7	1	71
2459	0	57	8	8	1	73
2460	0	57	9	9	1	75
2461	0	57	10	10	1	77
2462	0	57	11	11	1	79
2463	0	57	12	12	1	81
2464	0	57	13	13	1	83
2465	0	58	0	0	1	58
2466	0	58	1	1	1	60
2467	0	58	2	2	1	62
2468	0	58	3	3	1	64
2469	0	58	4	4	1	66
2470	0	58	5	5	1	68
2471	0	58	6	6	1	70
2472	0	58	7	7	1	72
2473	0	58	8	8	1	74
2474	0	58	9	9	1	76
2475	0	58	10	10	1	78
2476	0	58	11	11	1	80
2477	0	58	12	12	1	82
2478	0	59	0	0	1	59
2479	0	59	1	1	1	61
2480	0	59	2	2	1	63
2481	0	59	3	3	1	65
2482	0	59	4	4	1	67
2483	0	59	5	5	1	69
2484	0	59	6	6	1	71
2485	0	59	7	7	1	73
2486	0	59	8	8	1	75
2487	0	59	9	9	1	77
2488	0	59	10	10	1	79
2489	0	59	11	11	1	81
2490	0	60	0	0	1	60
2491	0	60	1	1	1	62
2492	0	60	2	2	1	64
2493	0	60	3	3	1	66
2494	0	60	4	4	1	68
2495	0	60	5	5	1	70
2496	0	60	6	6	1	72
2497	0	60	7	7	1	74
2498	0	60	8	8	1	76
2499	0	60	9	9	1	78
2500	0	60	10	10	1	80
2501	0	61	0	0	1	61
2502	0	61	1	1	1	63
2503	0	61	2	2	1	65
2504	0	61	3	3	1	67
2505	0	61	4	4	1	69
2506	0	61	5	5	1	71
2507	0	61	6	6	1	73
2508	0	61	7	7	1	75
2509	0	61	8	8	1	77
2510	0	61	9	9	1	79
2511	0	62	0	0	1	62
2512	0	62	1	1	1	64
2513	0	62	2	2	1	66
2514	0	62	3	3	1	68
2515	0	62	4	4	1	70
2516	0	62	5	5	1	72
2517	0	62	6	6	1	74
2518	0	62	7	7	1	76
2519	0	62	8	8	1	78
2520	0	63	0	0	1	63
2521	0	63	1	1	1	65
2522	0	63	2	2	1	67
2523	0	63	3	3	1	69
2524	0	63	4	4	1	71
2525	0	63	5	5	1	73
2526	0	63	6	6	1	75
2527	0	63	7	7	1	77
2528	0	64	0	0	1	64
2529	0	64	1	1	1	66
2530	0	64	2	2	1	68
2531	0	64	3	3	1	70
2532	0	64	4	4	1	72
2533	0	64	5	5	1	74
2534	0	64	6	6	1	76
2535	0	65	0	0	1	65
2536	0	65	1	1	1	67
2537	0	65	2	2	1	69
2538	0	65	3	3	1	71
2539	0	65	4	4	1	73
2540	0	65	5	5	1	75
2541	0	66	0	0	1	66
2542	0	66	1	1	1	68
2543	0	66	2	2	1	70
2544	0	66	3	3	1	72
2545	0	66	4	4	1	74
2546	0	67	0	0	1	67
2547	0	67	1	1	1	69
2548	0	67	2	2	1	71
2549	0	67	3	3	1	73
2550	0	68	0	0	1	68
2551	0	68	1	1	1	70
2552	0	68	2	2	1	72
2553	0	69	0	0	1	69
2554	0	69	1	1	1	71
2555	0	70	0	0	1	70
2556	1	0	0	71	128	142
2557	1	0	1	72	128	144
2558	1	0	2	73	128	146
2559	1	0	3	74	128	148
2560	1	0	4	75	128	150
2561	1	0	5	76	128	152
2562	1	0	6	77	128	154
2563	1	0	7	78	128	156
2564	1	0	8	79	128	158
2565	1	0	9	80	128	160
2566	1	0	10	81	128	162
2567	1	0	11	82	128	164
2568	1	0	12	83	128	166
2569	1	0	13	84	128	168
2570	1	0	14	85	128	170
2571	1	0	15	86	128	172
2572	1	0	16	87	128	174
2573	1	0	17	88	128	176
2574	1	0	18	89	128	178
2575	1	0	19	90	128	180
2576	1	0	20	91	128	182
2577	1	0	21	92	128	184
2578	1	0	22	93	128	186
2579	1	0	23	94	128	188
2580	1	0	24	95	128	190
2581	1	0	25	96	128	192
2582	1	0	26	97	128	194
2583	1	0	27	98	128	196
2584	1	0	28	99	128	198
2585	1	0	29	100	128	200
2586	1	0	30	101	128	202
2587	1	0	31	102	128	204
2588	1	0	32	103	128	206
2589	1	0	33	104	128	208
2590	1	0	34	105	128	210
2591	1	0	35	106	128	212
2592	1	0	36	107	128	214
2593	1	0	37	108	128	216
2594	1	0	38	109	128	218
2595	1	0	39	110	128	220
2596	1	0	40	111	128	222
2597	1	0	41	112	128	224
2598	1	0	42	113	128	226
2599	1	0	43	114	128	228
2600	1	0	44	115	128	230
2601	1	0	45	116	128	232
2602	1	0	46	117	128	234
2603	1	0	47	118	128	236
2604	1	0	48	119	128	238
2605	1	0	49	120	128	240
2606	1	0	50	121	128	242
2607	1	0	51	122	128	244
2608	1	0	52	123	128	246
2609	1	0	53	124	128	248
2610	1	0	54	125	128	250
2611	1	0	55	126	128	252
2612	1	0	56	127	128	254
2613	1	0	57	128	128	256
2614	1	0	58	129	128	258
2615	1	0	59	130	128	260
2616	1	0	60	131	128	262
2617	1	0	61	132	128	264
2618	1	0	62	133	128	266
2619	1	0	63	134	128	268
2620	1	0	64	135	128	270
2621	1	0	65	136	128	272
2622	1	0	66	137	128	274
2623	1	0	67	138	128	276
2624	1	1	0	70	64	141
2625	1	1	1	71	64	143
2626	1	1	2	72	64	145
2627	1	1	3	73	64	147
2628	1	1	4	74	64	149
2629	1	1	5	75	64	151
2630	1	1	6	76	64	153
2631	1	1	7	77	64	155
2632	1	1	8	78	64	157
2633	1	1	9	79	64	159
2634	1	1	10	80	64	161
2635	1	1	11	81	64	163
2636	1	1	12	82	64	165
2637	1	1	13	83	64	167
2638	1	1	14	84	64	169
2639	1	1	15	85	64	171
2640	1	1	16	86	64	173
2641	1	1	17	87	64	175
2642	1	1	18	88	64	177
2643	1	1	19	89	64	179
2644	1	1	20	90	64	181
2645	1	1	21	91	64	183
2646	1	1	22	92	64	185
2647	1	1	23	93	64	187
2648	1	1	24	94	64	189
2649	1	1	25	95	64	191
2650	1	1	26	96	64	193
2651	1	1	27	97	64	195
2652	1	1	28	98	64	197
2653	1	1	29	99	64	199
2654	1	1	30	100	64	201
2655	1	1	31	101	64	203
2656	1	1	32	102	64	205
2657	1	1	33	103	64	207
2658	1	1	34	104	64	209
2659	1	1	35	105	64	211
2660	1	1	36	106	64	213
2661	1	1	37	107	64	215
2662	1	1	38	108	64	217
2663	1	1	39	109	64	219
2664	1	1	40	110	64	221
2665	1	1	41	111	64	223
2666	1	1	42	112	64	225
2667	1	1	43	113	64	227
2668	1	1	44	114	64	229
2669	1	1	45	115	64	231
2670	1	1	46	116	64	233
2671	1	1	47	117	64	235
2672	1	1	48	118	64	237
2673	1	1	49	119	64	239
2674	1	1	50	120	64	241
2675	1	1	51	121	64	243
2676	1	1	52	122	64	245
2677	1	1	53	123	64	247
2678	1	1	54	124	64	249
2679	1	1	55	125	64	251
2680	1	1	56	126	64	253
2681	1	1	57	127	64	255
2682	1	1	58	128	64	257
2683	1	1	59	129	64	259
2684	1	1	60	130	64	261
2685	1	1	61	131	64	263
2686	1	1	62	132	64	265
2687	1	1	63	133	64	267
2688	1	1	64	134	64	269
2689	1	1	65	135	64	271
2690	1	1	66	136	64	273
2691	1	2	0	69	32	140
2692	1	2	1	70	32	142
2693	1	2	2	71	32	144
2694	1	2	3	72	32	146
2695	1	2	4	73	32	148
2696	1	2	5	74	32	150
2697	1	2	6	75	32	152
2698	1	2	7	76	32	154
2699	1	2	8	77	32	156
2700	1	2	9	78	32	158
2701	1	2	10	79	32	160
2702	1	2	11	80	32	162
2703	1	2	12	81	32	164
2704	1	2	13	82	32	166
2705	1	2	14	83	32	168
2706	1	2	15	84	32	170
2707	1	2	16	85	32	172
2708	1	2	17	86	32	174
2709	1	2	18	87	32	176
2710	1	2	19	88	32	178
2711	1	2	20	89	32	180
2712	1	2	21	90	32	182
2713	1	2	22	91	32	184
2714	1	2	23	92	32	186
2715	1	2	24	93	32	188
2716	1	2	25	94	32	190
2717	1	2	26	95	32	192
2718	1	2	27	96	32	194
2719	1	2	28	97	32	196
2720	1	2	29	98	32	198
2721	1	2	30	99	32	200
2722	1	2	31	100	32	202
2723	1	2	32	101	32	204
2724	1	2	33	102	32	206
2725	1	2	34	103	32	208
2726	1	2	35	104	32	210
2727	1	2	36	105	32	212
2728	1	2	37	106	32	214
2729	1	2	38	107	32	216
2730	1	2	39	108	32	218
2731	1	2	40	109	32	220
2732	1	2	41	110	32	222
2733	1	2	42	111	32	224
2734	1	2	43	112	32	226
2735	1	2	44	113	32	228
2736	1	2	45	114	32	230
2737	1	2	46	115	32	232
2738	1	2	47	116	32	234
2739	1	2	48	117	32	236
2740	1	2	49	118	32	238
2741	1	2	50	119	32	240
2742	1	2	51	120	32	242
2743	1	2	52	121	32	244
2744	1	2	53	122	32	246
2745	1	2	54	123	32	248
2746	1	2	55	124	32	250
2747	1	2	56	125	32	252
2748	1	2	57	126	32	254
2749	1	2	58	127	32	256
2750	1	2	59	128	32	258
2751	1	2	60	129	32	260
2752	1	2	61	130	32	262
2753	1	2	62	131	32	264
2754	1	2	63	132	32	266
2755	1	2	64	133	32	268
2756	1	2	65	134	32	270
2757	1	3	0	68	16	139
2758	1	3	1	69	16	141
2759	1	3	2	70	16	143
2760	1	3	3	71	16	145
2761	1	3	4	72	16	147
2762	1	3	5	73	16	149
2763	1	3	6	74	16	151
2764	1	3	7	75	16	153
2765	1	3	8	76	16	155
2766	1	3	9	77	16	157
2767	1	3	10	78	16	159
2768	1	3	11	79	16	161
2769	1	3	12	80	16	163
2770	1	3	13	81	16	165
2771	1	3	14	82	16	167
2772	1	3	15	83	16	169
2773	1	3	16	84	16	171
2774	1	3	17	85	16	173
2775	1	3	18	86	16	175
2776	1	3	19	87	16	177
2777	1	3	20	88	16	179
2778	1	3	21	89	16	181
2779	1	3	22	90	16	183
2780	1	3	23	91	16	185
2781	1	3	24	92	16	187
2782	1	3	25	93	16	189
2783	1	3	26	94	16	191
2784	1	3	27	95	16	193
2785	1	3	28	96	16	195
2786	1	3	29	97	16	197
2787	1	3	30	98	16	199
2788	1	3	31	99	16	201
2789	1	3	32	100	16	203
2790	1	3	33	101	16	205
2791	1	3	34	102	16	207
2792	1	3	35	103	16	209
2793	1	3	36	104	16	211
2794	1	3	37	105	16	213
2795	1	3	38	106	16	215
2796	1	3	39	107	16	217
2797	1	3	40	108	16	219
2798	1	3	41	109	16	221
2799	1	3	42	110	16	223
2800	1	3	43	111	16	225
2801	1	3	44	112	16	227
2802	1	3	45	113	16	229
2803	1	3	46	114	16	231
2804	1	3	47	115	16	233
2805	1	3	48	116	16	235
2806	1	3	49	117	16	237
2807	1	3	50	118	16	239
2808	1	3	51	119	16	241
2809	1	3	52	120	16	243
2810	1	3	53	121	16	245
2811	1	3	54	122	16	247
2812	1	3	55	123	16	249
2813	1	3	56	124	16	251
2814	1	3	57	125	16	253
2815	1	3	58	126	16	255
2816	1	3	59	127	16	257
2817	1	3	60	128	16	259
2818	1	3	61	129	16	261
2819	1	3	62	130	16	263
2820	1	3	63	131	16	265
2821	1	3	64	132	16	267
2822	1	4	0	67	8	138
2823	1	4	1	68	8	140
2824	1	4	2	69	8	142
2825	1	4	3	70	8	144
2826	1	4	4	71	8	146
2827	1	4	5	72	8	148
2828	1	4	6	73	8	150
2829	1	4	7	74	8	152
2830	1	4	8	75	8	154
2831	1	4	9	76	8	156
2832	1	4	10	77	8	158
2833	1	4	11	78	8	160
2834	1	4	12	79	8	162
2835	1	4	13	80	8	164
2836	1	4	14	81	8	166
2837	1	4	15	82	8	168
2838	1	4	16	83	8	170
2839	1	4	17	84	8	172
2840	1	4	18	85	8	174
2841	1	4	19	86	8	176
2842	1	4	20	87	8	178
2843	1	4	21	88	8	180
2844	1	4	22	89	8	182
2845	1	4	23	90	8	184
2846	1	4	24	91	8	186
2847	1	4	25	92	8	188
2848	1	4	26	93	8	190
2849	1	4	27	94	8	192
2850	1	4	28	95	8	194
2851	1	4	29	96	8	196
2852	1	4	30	97	8	198
2853	1	4	31	98	8	200
2854	1	4	32	99	8	202
2855	1	4	33	100	8	204
2856	1	4	34	101	8	206
2857	1	4	35	102	8	208
2858	1	4	36	103	8	210
2859	1	4	37	104	8	212
2860	1	4	38	105	8	214
2861	1	4	39	106	8	216
2862	1	4	40	107	8	218
2863	1	4	41	108	8	220
2864	1	4	42	109	8	222
2865	1	4	43	110	8	224
2866	1	4	44	111	8	226
2867	1	4	45	112	8	228
2868	1	4	46	113	8	230
2869	1	4	47	114	8	232
2870	1	4	48	115	8	234
2871	1	4	49	116	8	236
2872	1	4	50	117	8	238
2873	1	4	51	118	8	240
2874	1	4	52	119	8	242
2875	1	4	53	120	8	244
2876	1	4	54	121	8	246
2877	1	4	55	122	8	248
2878	1	4	56	123	8	250
2879	1	4	57	124	8	252
2880	1	4	58	125	8	254
2881	1	4	59	126	8	256
2882	1	4	60	127	8	258
2883	1	4	61	128	8	260
2884	1	4	62	129	8	262
2885	1	4	63	130	8	264
2886	1	5	0	66	4	137
2887	1	5	1	67	4	139
2888	1	5	2	68	4	141
2889	1	5	3	69	4	143
2890	1	5	4	70	4	145
2891	1	5	5	71	4	147
2892	1	5	6	72	4	149
2893	1	5	7	73	4	151
2894	1	5	8	74	4	153
2895	1	5	9	75	4	155
2896	1	5	10	76	4	157
2897	1	5	11	77	4	159
2898	1	5	12	78	4	161
2899	1	5	13	79	4	163
2900	1	5	14	80	4	165
2901	1	5	15	81	4	167
2902	1	5	16	82	4	169
2903	1	5	17	83	4	171
2904	1	5	18	84	4	173
2905	1	5	19	85	4	175
2906	1	5	20	86	4	177
2907	1	5	21	87	4	179
2908	1	5	22	88	4	181
2909	1	5	23	89	4	183
2910	1	5	24	90	4	185
2911	1	5	25	91	4	187
2912	1	5	26	92	4	189
2913	1	5	27	93	4	191
2914	1	5	28	94	4	193
2915	1	5	29	95	4	195
2916	1	5	30	96	4	197
2917	1	5	31	97	4	199
2918	1	5	32	98	4	201
2919	1	5	33	99	4	203
2920	1	5	34	100	4	205
2921	1	5	35	101	4	207
2922	1	5	36	102	4	209
2923	1	5	37	103	4	211
2924	1	5	38	104	4	213
2925	1	5	39	105	4	215
2926	1	5	40	106	4	217
2927	1	5	41	107	4	219
2928	1	5	42	108	4	221
2929	1	5	43	109	4	223
2930	1	5	44	110	4	225
2931	1	5	45	111	4	227
2932	1	5	46	112	4	229
2933	1	5	47	113	4	231
2934	1	5	48	114	4	233
2935	1	5	49	115	4	235
2936	1	5	50	116	4	237
2937	1	5	51	117	4	239
2938	1	5	52	118	4	241
2939	1	5	53	119	4	243
2940	1	5	54	120	4	245
2941	1	5	55	121	4	247
2942	1	5	56	122	4	249
2943	1	5	57	123	4	251
2944	1	5	58	124	4	253
2945	1	5	59	125	4	255
2946	1	5	60	126	4	257
2947	1	5	61	127	4	259
2948	1	5	62	128	4	261
2949	1	6	0	65	2	136
2950	1	6	1	66	2	138
2951	1	6	2	67	2	140
2952	1	6	3	68	2	142
2953	1	6	4	69	2	144
2954	1	6	5	70	2	146
2955	1	6	6	71	2	148
2956	1	6	7	72	2	150
2957	1	6	8	73	2	152
2958	1	6	9	74	2	154
2959	1	6	10	75	2	156
2960	1	6	11	76	2	158
2961	1	6	12	77	2	160
2962	1	6	13	78	2	162
2963	1	6	14	79	2	164
2964	1	6	15	80	2	166
2965	1	6	16	81	2	168
2966	1	6	17	82	2	170
2967	1	6	18	83	2	172
2968	1	6	19	84	2	174
2969	1	6	20	85	2	176
2970	1	6	21	86	2	178
2971	1	6	22	87	2	180
2972	1	6	23	88	2	182
2973	1	6	24	89	2	184
2974	1	6	25	90	2	186
2975	1	6	26	91	2	188
2976	1	6	27	92	2	190
2977	1	6	28	93	2	192
2978	1	6	29	94	2	194
2979	1	6	30	95	2	196
2980	1	6	31	96	2	198
2981	1	6	32	97	2	200
2982	1	6	33	98	2	202
2983	1	6	34	99	2	204
2984	1	6	35	100	2	206
2985	1	6	36	101	2	208
2986	1	6	37	102	2	210
2987	1	6	38	103	2	212
2988	1	6	39	104	2	214
2989	1	6	40	105	2	216
2990	1	6	41	106	2	218
2991	1	6	42	107	2	220
2992	1	6	43	108	2	222
2993	1	6	44	109	2	224
2994	1	6	45	110	2	226
2995	1	6	46	111	2	228
2996	1	6	47	112	2	230
2997	1	6	48	113	2	232
2998	1	6	49	114	2	234
2999	1	6	50	115	2	236
3000	1	6	51	116	2	238
3001	1	6	52	117	2	240
3002	1	6	53	118	2	242
3003	1	6	54	119	2	244
3004	1	6	55	120	2	246
3005	1	6	56	121	2	248
3006	1	6	57	122	2	250
3007	1	6	58	123	2	252
3008	1	6	59	124	2	254
3009	1	6	60	125	2	256
3010	1	6	61	126	2	258
3011	1	7	0	64	1	135
3012	1	7	1	65	1	137
3013	1	7	2	66	1	139
3014	1	7	3	67	1	141
3015	1	7	4	68	1	143
3016	1	7	5	69	1	145
3017	1	7	6	70	1	147
3018	1	7	7	71	1	149
3019	1	7	8	72	1	151
3020	1	7	9	73	1	153
3021	1	7	10	74	1	155
3022	1	7	11	75	1	157
3023	1	7	12	76	1	159
3024	1	7	13	77	1	161
3025	1	7	14	78	1	163
3026	1	7	15	79	1	165
3027	1	7	16	80	1	167
3028	1	7	17	81	1	169
3029	1	7	18	82	1	171
3030	1	7	19	83	1	173
3031	1	7	20	84	1	175
3032	1	7	21	85	1	177
3033	1	7	22	86	1	179
3034	1	7	23	87	1	181
3035	1	7	24	88	1	183
3036	1	7	25	89	1	185
3037	1	7	26	90	1	187
3038	1	7	27	91	1	189
3039	1	7	28	92	1	191
3040	1	7	29	93	1	193
3041	1	7	30	94	1	195
3042	1	7	31	95	1	197
3043	1	7	32	96	1	199
3044	1	7	33	97	1	201
3045	1	7	34	98	1	203
3046	1	7	35	99	1	205
3047	1	7	36	100	1	207
3048	1	7	37	101	1	209
3049	1	7	38	102	1	211
3050	1	7	39	103	1	213
3051	1	7	40	104	1	215
3052	1	7	41	105	1	217
3053	1	7	42	106	1	219
3054	1	7	43	107	1	221
3055	1	7	44	108	1	223
3056	1	7	45	109	1	225
3057	1	7	46	110	1	227
3058	1	7	47	111	1	229
3059	1	7	48	112	1	231
3060	1	7	49	113	1	233
3061	1	7	50	114	1	235
3062	1	7	51	115	1	237
3063	1	7	52	116	1	239
3064	1	7	53	117	1	241
3065	1	7	54	118	1	243
3066	1	7	55	119	1	245
3067	1	7	56	120	1	247
3068	1	7	57	121	1	249
3069	1	7	58	122	1	251
3070	1	7	59	123	1	253
3071	1	7	60	124	1	255
3072	1	8	0	63	129	134
3073	1	8	1	64	129	136
3074	1	8	2	65	129	138
3075	1	8	3	66	129	140
3076	1	8	4	67	129	142
3077	1	8	5	68	129	144
3078	1	8	6	69	129	146
3079	1	8	7	70	129	148
3080	1	8	8	71	129	150
3081	1	8	9	72	129	152
3082	1	8	10	73	129	154
3083	1	8	11	74	129	156
3084	1	8	12	75	129	158
3085	1	8	13	76	129	160
3086	1	8	14	77	129	162
3087	1	8	15	78	129	164
3088	1	8	16	79	129	166
3089	1	8	17	80	129	168
3090	1	8	18	81	129	170
3091	1	8	19	82	129	172
3092	1	8	20	83	129	174
3093	1	8	21	84	129	176
3094	1	8	22	85	129	178
3095	1	8	23	86	129	180
3096	1	8	24	87	129	182
3097	1	8	25	88	129	184
3098	1	8	26	89	129	186
3099	1	8	27	90	129	188
3100	1	8	28	91	129	190
3101	1	8	29	92	129	192
3102	1	8	30	93	129	194
3103	1	8	31	94	129	196
3104	1	8	32	95	129	198
3105	1	8	33	96	129	200
3106	1	8	34	97	129	202
3107	1	8	35	98	129	204
3108	1	8	36	99	129	206
3109	1	8	37	100	129	208
3110	1	8	38	101	129	210
3111	1	8	39	102	129	212
3112	1	8	40	103	129	214
3113	1	8	41	104	129	216
3114	1	8	42	105	129	218
3115	1	8	43	106	129	220
3116	1	8	44	107	129	222
3117	1	8	45	108	129	224
3118	1	8	46	109	129	226
3119	1	8	47	110	129	228
3120	1	8	48	111	129	230
3121	1	8	49	112	129	232
3122	1	8	50	113	129	234
3123	1	8	51	114	129	236
3124	1	8	52	115	129	238
3125	1	8	53	116	129	240
3126	1	8	54	117	129	242
3127	1	8	55	118	129	244
3128	1	8	56	119	129	246
3129	1	8	57	120	129	248
3130	1	8	58	121	129	250
3131	1	8	59	122	129	252
3132	1	9	0	62	193	133
3133	1	9	1	63	193	135
3134	1	9	2	64	193	137
3135	1	9	3	65	193	139
3136	1	9	4	66	193	141
3137	1	9	5	67	193	143
3138	1	9	6	68	193	145
3139	1	9	7	69	193	147
3140	1	9	8	70	193	149
3141	1	9	9	71	193	151
3142	1	9	10	72	193	153
3143	1	9	11	73	193	155
3144	1	9	12	74	193	157
3145	1	9	13	75	193	159
3146	1	9	14	76	193	161
3147	1	9	15	77	193	163
3148	1	9	16	78	193	165
3149	1	9	17	79	193	167
3150	1	9	18	80	193	169
3151	1	9	19	81	193	171
3152	1	9	20	82	193	173
3153	1	9	21	83	193	175
3154	1	9	22	84	193	177
3155	1	9	23	85	193	179
3156	1	9	24	86	193	181
3157	1	9	25	87	193	183
3158	1	9	26	88	193	185
3159	1	9	27	89	193	187
3160	1	9	28	90	193	189
3161	1	9	29	91	193	191
3162	1	9	30	92	193	193
3163	1	9	31	93	193	195
3164	1	9	32	94	193	197
3165	1	9	33	95	193	199
3166	1	9	34	96	193	201
3167	1	9	35	97	193	203
3168	1	9	36	98	193	205
3169	1	9	37	99	193	207
3170	1	9	38	100	193	209
3171	1	9	39	101	193	211
3172	1	9	40	102	193	213
3173	1	9	41	103	193	215
3174	1	9	42	104	193	217
3175	1	9	43	105	193	219
3176	1	9	44	106	193	221
3177	1	9	45	107	193	223
3178	1	9	46	108	193	225
3179	1	9	47	109	193	227
3180	1	9	48	110	193	229
3181	1	9	49	111	193	231
3182	1	9	50	112	193	233
3183	1	9	51	113	193	235
3184	1	9	52	114	193	237
3185	1	9	53	115	193	239
3186	1	9	54	116	193	241
3187	1	9	55	117	193	243
3188	1	9	56	118	193	245
3189	1	9	57	119	193	247
3190	1	9	58	120	193	249
3191	1	10	0	61	225	132
3192	1	10	1	62	225	134
3193	1	10	2	63	225	136
3194	1	10	3	64	225	138
3195	1	10	4	65	225	140
3196	1	10	5	66	225	142
3197	1	10	6	67	225	144
3198	1	10	7	68	225	146
3199	1	10	8	69	225	148
3200	1	10	9	70	225	150
3201	1	10	10	71	225	152
3202	1	10	11	72	225	154
3203	1	10	12	73	225	156
3204	1	10	13	74	225	158
3205	1	10	14	75	225	160
3206	1	10	15	76	225	162
3207	1	10	16	77	225	164
3208	1	10	17	78	225	166
3209	1	10	18	79	225	168
3210	1	10	19	80	225	170
3211	1	10	20	81	225	172
3212	1	10	21	82	225	174
3213	1	10	22	83	225	176
3214	1	10	23	84	225	178
3215	1	10	24	85	225	180
3216	1	10	25	86	225	182
3217	1	10	26	87	225	184
3218	1	10	27	88	225	186
3219	1	10	28	89	225	188
3220	1	10	29	90	225	190
3221	1	10	30	91	225	192
3222	1	10	31	92	225	194
3223	1	10	32	93	225	196
3224	1	10	33	94	225	198
3225	1	10	34	95	225	200
3226	1	10	35	96	225	202
3227	1	10	36	97	225	204
3228	1	10	37	98	225	206
3229	1	10	38	99	225	208
3230	1	10	39	100	225	210
3231	1	10	40	101	225	212
3232	1	10	41	102	225	214
3233	1	10	42	103	225	216
3234	1	10	43	104	225	218
3235	1	10	44	105	225	220
3236	1	10	45	106	225	222
3237	1	10	46	107	225	224
3238	1	10	47	108	225	226
3239	1	10	48	109	225	228
3240	1	10	49	110	225	230
3241	1	10	50	111	225	232
3242	1	10	51	112	225	234
3243	1	10	52	113	225	236
3244	1	10	53	114	225	238
3245	1	10	54	115	225	240
3246	1	10	55	116	225	242
3247	1	10	56	117	225	244
3248	1	10	57	118	225	246
3249	1	11	0	60	241	131
3250	1	11	1	61	241	133
3251	1	11	2	62	241	135
3252	1	11	3	63	241	137
3253	1	11	4	64	241	139
3254	1	11	5	65	241	141
3255	1	11	6	66	241	143
3256	1	11	7	67	241	145
3257	1	11	8	68	241	147
3258	1	11	9	69	241	149
3259	1	11	10	70	241	151
3260	1	11	11	71	241	153
3261	1	11	12	72	241	155
3262	1	11	13	73	241	157
3263	1	11	14	74	241	159
3264	1	11	15	75	241	161
3265	1	11	16	76	241	163
3266	1	11	17	77	241	165
3267	1	11	18	78	241	167
3268	1	11	19	79	241	169
3269	1	11	20	80	241	171
3270	1	11	21	81	241	173
3271	1	11	22	82	241	175
3272	1	11	23	83	241	177
3273	1	11	24	84	241	179
3274	1	11	25	85	241	181
3275	1	11	26	86	241	183
3276	1	11	27	87	241	185
3277	1	11	28	88	241	187
3278	1	11	29	89	241	189
3279	1	11	30	90	241	191
3280	1	11	31	91	241	193
3281	1	11	32	92	241	195
3282	1	11	33	93	241	197
3283	1	11	34	94	241	199
3284	1	11	35	95	241	201
3285	1	11	36	96	241	203
3286	1	11	37	97	241	205
3287	1	11	38	98	241	207
3288	1	11	39	99	241	209
3289	1	11	40	100	241	211
3290	1	11	41	101	241	213
3291	1	11	42	102	241	215
3292	1	11	43	103	241	217
3293	1	11	44	104	241	219
3294	1	11	45	105	241	221
3295	1	11	46	106	241	223
3296	1	11	47	107	241	225
3297	1	11	48	108	241	227
3298	1	11	49	109	241	229
3299	1	11	50	110	241	231
3300	1	11	51	111	241	233
3301	1	11	52	112	241	235
3302	1	11	53	113	241	237
3303	1	11	54	114	241	239
3304	1	11	55	115	241	241
3305	1	11	56	116	241	243
3306	1	12	0	59	249	130
3307	1	12	1	60	249	132
3308	1	12	2	61	249	134
3309	1	12	3	62	249	136
3310	1	12	4	63	249	138
3311	1	12	5	64	249	140
3312	1	12	6	65	249	142
3313	1	12	7	66	249	144
3314	1	12	8	67	249	146
3315	1	12	9	68	249	148
3316	1	12	10	69	249	150
3317	1	12	11	70	249	152
3318	1	12	12	71	249	154
3319	1	12	13	72	249	156
3320	1	12	14	73	249	158
3321	1	12	15	74	249	160
3322	1	12	16	75	249	162
3323	1	12	17	76	249	164
3324	1	12	18	77	249	166
3325	1	12	19	78	249	168
3326	1	12	20	79	249	170
3327	1	12	21	80	249	172
3328	1	12	22	81	249	174
3329	1	12	23	82	249	176
3330	1	12	24	83	249	178
3331	1	12	25	84	249	180
3332	1	12	26	85	249	182
3333	1	12	27	86	249	184
3334	1	12	28	87	249	186
3335	1	12	29	88	249	188
3336	1	12	30	89	249	190
3337	1	12	31	90	249	192
3338	1	12	32	91	249	194
3339	1	12	33	92	249	196
3340	1	12	34	93	249	198
3341	1	12	35	94	249	200
3342	1	12	36	95	249	202
3343	1	12	37	96	249	204
3344	1	12	38	97	249	206
3345	1	12	39	98	249	208
3346	1	12	40	99	249	210
3347	1	12	41	100	249	212
3348	1	12	42	101	249	214
3349	1	12	43	102	249	216
3350	1	12	44	103	249	218
3351	1	12	45	104	249	220
3352	1	12	46	105	249	222
3353	1	12	47	106	249	224
3354	1	12	48	107	249	226
3355	1	12	49	108	249	228
3356	1	12	50	109	249	230
3357	1	12	51	110	249	232
3358	1	12	52	111	249	234
3359	1	12	53	112	249	236
3360	1	12	54	113	249	238
3361	1	12	55	114	249	240
3362	1	13	0	58	253	129
3363	1	13	1	59	253	131
3364	1	13	2	60	253	133
3365	1	13	3	61	253	135
3366	1	13	4	62	253	137
3367	1	13	5	63	253	139
3368	1	13	6	64	253	141
3369	1	13	7	65	253	143
3370	1	13	8	66	253	145
3371	1	13	9	67	253	147
3372	1	13	10	68	253	149
3373	1	13	11	69	253	151
3374	1	13	12	70	253	153
3375	1	13	13	71	253	155
3376	1	13	14	72	253	157
3377	1	13	15	73	253	159
3378	1	13	16	74	253	161
3379	1	13	17	75	253	163
3380	1	13	18	76	253	165
3381	1	13	19	77	253	167
3382	1	13	20	78	253	169
3383	1	13	21	79	253	171
3384	1	13	22	80	253	173
3385	1	13	23	81	253	175
3386	1	13	24	82	253	177
3387	1	13	25	83	253	179
3388	1	13	26	84	253	181
3389	1	13	27	85	253	183
3390	1	13	28	86	253	185
3391	1	13	29	87	253	187
3392	1	13	30	88	253	189
3393	1	13	31	89	253	191
3394	1	13	32	90	253	193
3395	1	13	33	91	253	195
3396	1	13	34	92	253	197
3397	1	13	35	93	253	199
3398	1	13	36	94	253	201
3399	1	13	37	95	253	203
3400	1	13	38	96	253	205
3401	1	13	39	97	253	207
3402	1	13	40	98	253	209
3403	1	13	41	99	253	211
3404	1	13	42	100	253	213
3405	1	13	43	101	253	215
3406	1	13	44	102	253	217
3407	1	13	45	103	253	219
3408	1	13	46	104	253	221
3409	1	13	47	105	253	223
3410	1	13	48	106	253	225
3411	1	13	49	107	253	227
3412	1	13	50	108	253	229
3413	1	13	51	109	253	231
3414	1	13	52	110	253	233
3415	1	13	53	111	253	235
3416	1	13	54	112	253	237
3417	1	14	0	57	255	128
3418	1	14	1	58	255	130
3419	1	14	2	59	255	132
3420	1	14	3	60	255	134
3421	1	14	4	61	255	136
3422	1	14	5	62	255	138
3423	1	14	6	63	255	140
3424	1	14	7	64	255	142
3425	1	14	8	65	255	144
3426	1	14	9	66	255	146
3427	1	14	10	67	255	148
3428	1	14	11	68	255	150
3429	1	14	12	69	255	152
3430	1	14	13	70	255	154
3431	1	14	14	71	255	156
3432	1	14	15	72	255	158
3433	1	14	16	73	255	160
3434	1	14	17	74	255	162
3435	1	14	18	75	255	164
3436	1	14	19	76	255	166
3437	1	14	20	77	255	168
3438	1	14	21	78	255	170
3439	1	14	22	79	255	172
3440	1	14	23	80	255	174
3441	1	14	24	81	255	176
3442	1	14	25	82	255	178
3443	1	14	26	83	255	180
3444	1	14	27	84	255	182
3445	1	14	28	85	255	184
3446	1	14	29	86	255	186
3447	1	14	30	87	255	188
3448	1	14	31	88	255	190
3449	1	14	32	89	255	192
3450	1	14	33	90	255	194
3451	1	14	34	91	255	196
3452	1	14	35	92	255	198
3453	1	14	36	93	255	200
3454	1	14	37	94	255	202
3455	1	14	38	95	255	204
3456	1	14	39	96	255	206
3457	1	14	40	97	255	208
3458	1	14	41	98	255	210
3459	1	14	42	99	255	212
3460	1	14	43	100	255	214
3461	1	14	44	101	255	216
3462	1	14	45	102	255	218
3463	1	14	46	103	255	220
3464	1	14	47	104	255	222
3465	1	14	48	105	255	224
3466	1	14	49	106	255	226
3467	1	14	50	107	255	228
3468	1	14	51	108	255	230
3469	1	14	52	109	255	232
3470	1	14	53	110	255	234
3471	1	15	0	56	256	127
3472	1	15	1	57	256	129
3473	1	15	2	58	256	131
3474	1	15	3	59	256	133
3475	1	15	4	60	256	135
3476	1	15	5	61	256	137
3477	1	15	6	62	256	139
3478	1	15	7	63	256	141
3479	1	15	8	64	256	143
3480	1	15	9	65	256	145
3481	1	15	10	66	256	147
3482	1	15	11	67	256	149
3483	1	15	12	68	256	151
3484	1	15	13	69	256	153
3485	1	15	14	70	256	155
3486	1	15	15	71	256	157
3487	1	15	16	72	256	159
3488	1	15	17	73	256	161
3489	1	15	18	74	256	163
3490	1	15	19	75	256	165
3491	1	15	20	76	256	167
3492	1	15	21	77	256	169
3493	1	15	22	78	256	171
3494	1	15	23	79	256	173
3495	1	15	24	80	256	175
3496	1	15	25	81	256	177
3497	1	15	26	82	256	179
3498	1	15	27	83	256	181
3499	1	15	28	84	256	183
3500	1	15	29	85	256	185
3501	1	15	30	86	256	187
3502	1	15	31	87	256	189
3503	1	15	32	88	256	191
3504	1	15	33	89	256	193
3505	1	15	34	90	256	195
3506	1	15	35	91	256	197
3507	1	15	36	92	256	199
3508	1	15	37	93	256	201
3509	1	15	38	94	256	203
3510	1	15	39	95	256	205
3511	1	15	40	96	256	207
3512	1	15	41	97	256	209
3513	1	15	42	98	256	211
3514	1	15	43	99	256	213
3515	1	15	44	100	256	215
3516	1	15	45	101	256	217
3517	1	15	46	102	256	219
3518	1	15	47	103	256	221
3519	1	15	48	104	256	223
3520	1	15	49	105	256	225
3521	1	15	50	106	256	227
3522	1	15	51	107	256	229
3523	1	15	52	108	256	231
3524	1	16	0	55	128	126
3525	1	16	1	56	128	128
3526	1	16	2	57	128	130
3527	1	16	3	58	128	132
3528	1	16	4	59	128	134
3529	1	16	5	60	128	136
3530	1	16	6	61	128	138
3531	1	16	7	62	128	140
3532	1	16	8	63	128	142
3533	1	16	9	64	128	144
3534	1	16	10	65	128	146
3535	1	16	11	66	128	148
3536	1	16	12	67	128	150
3537	1	16	13	68	128	152
3538	1	16	14	69	128	154
3539	1	16	15	70	128	156
3540	1	16	16	71	128	158
3541	1	16	17	72	128	160
3542	1	16	18	73	128	162
3543	1	16	19	74	128	164
3544	1	16	20	75	128	166
3545	1	16	21	76	128	168
3546	1	16	22	77	128	170
3547	1	16	23	78	128	172
3548	1	16	24	79	128	174
3549	1	16	25	80	128	176
3550	1	16	26	81	128	178
3551	1	16	27	82	128	180
3552	1	16	28	83	128	182
3553	1	16	29	84	128	184
3554	1	16	30	85	128	186
3555	1	16	31	86	128	188
3556	1	16	32	87	128	190
3557	1	16	33	88	128	192
3558	1	16	34	89	128	194
3559	1	16	35	90	128	196
3560	1	16	36	91	128	198
3561	1	16	37	92	128	200
3562	1	16	38	93	128	202
3563	1	16	39	94	128	204
3564	1	16	40	95	128	206
3565	1	16	41	96	128	208
3566	1	16	42	97	128	210
3567	1	16	43	98	128	212
3568	1	16	44	99	128	214
3569	1	16	45	100	128	216
3570	1	16	46	101	128	218
3571	1	16	47	102	128	220
3572	1	16	48	103	128	222
3573	1	16	49	104	128	224
3574	1	16	50	105	128	226
3575	1	16	51	106	128	228
3576	1	17	0	54	64	125
3577	1	17	1	55	64	127
3578	1	17	2	56	64	129
3579	1	17	3	57	64	131
3580	1	17	4	58	64	133
3581	1	17	5	59	64	135
3582	1	17	6	60	64	137
3583	1	17	7	61	64	139
3584	1	17	8	62	64	141
3585	1	17	9	63	64	143
3586	1	17	10	64	64	145
3587	1	17	11	65	64	147
3588	1	17	12	66	64	149
3589	1	17	13	67	64	151
3590	1	17	14	68	64	153
3591	1	17	15	69	64	155
3592	1	17	16	70	64	157
3593	1	17	17	71	64	159
3594	1	17	18	72	64	161
3595	1	17	19	73	64	163
3596	1	17	20	74	64	165
3597	1	17	21	75	64	167
3598	1	17	22	76	64	169
3599	1	17	23	77	64	171
3600	1	17	24	78	64	173
3601	1	17	25	79	64	175
3602	1	17	26	80	64	177
3603	1	17	27	81	64	179
3604	1	17	28	82	64	181
3605	1	17	29	83	64	183
3606	1	17	30	84	64	185
3607	1	17	31	85	64	187
3608	1	17	32	86	64	189
3609	1	17	33	87	64	191
3610	1	17	34	88	64	193
3611	1	17	35	89	64	195
3612	1	17	36	90	64	197
3613	1	17	37	91	64	199
3614	1	17	38	92	64	201
3615	1	17	39	93	64	203
3616	1	17	40	94	64	205
3617	1	17	41	95	64	207
3618	1	17	42	96	64	209
3619	1	17	43	97	64	211
3620	1	17	44	98	64	213
3621	1	17	45	99	64	215
3622	1	17	46	100	64	217
3623	1	17	47	101	64	219
3624	1	17	48	102	64	221
3625	1	17	49	103	64	223
3626	1	17	50	104	64	225
3627	1	18	0	53	32	124
3628	1	18	1	54	32	126
3629	1	18	2	55	32	128
3630	1	18	3	56	32	130
3631	1	18	4	57	32	132
3632	1	18	5	58	32	134
3633	1	18	6	59	32	136
3634	1	18	7	60	32	138
3635	1	18	8	61	32	140
3636	1	18	9	62	32	142
3637	1	18	10	63	32	144
3638	1	18	11	64	32	146
3639	1	18	12	65	32	148
3640	1	18	13	66	32	150
3641	1	18	14	67	32	152
3642	1	18	15	68	32	154
3643	1	18	16	69	32	156
3644	1	18	17	70	32	158
3645	1	18	18	71	32	160
3646	1	18	19	72	32	162
3647	1	18	20	73	32	164
3648	1	18	21	74	32	166
3649	1	18	22	75	32	168
3650	1	18	23	76	32	170
3651	1	18	24	77	32	172
3652	1	18	25	78	32	174
3653	1	18	26	79	32	176
3654	1	18	27	80	32	178
3655	1	18	28	81	32	180
3656	1	18	29	82	32	182
3657	1	18	30	83	32	184
3658	1	18	31	84	32	186
3659	1	18	32	85	32	188
3660	1	18	33	86	32	190
3661	1	18	34	87	32	192
3662	1	18	35	88	32	194
3663	1	18	36	89	32	196
3664	1	18	37	90	32	198
3665	1	18	38	91	32	200
3666	1	18	39	92	32	202
3667	1	18	40	93	32	204
3668	1	18	41	94	32	206
3669	1	18	42	95	32	208
3670	1	18	43	96	32	210
3671	1	18	44	97	32	212
3672	1	18	45	98	32	214
3673	1	18	46	99	32	216
3674	1	18	47	100	32	218
3675	1	18	48	101	32	220
3676	1	18	49	102	32	222
3677	1	19	0	52	16	123
3678	1	19	1	53	16	125
3679	1	19	2	54	16	127
3680	1	19	3	55	16	129
3681	1	19	4	56	16	131
3682	1	19	5	57	16	133
3683	1	19	6	58	16	135
3684	1	19	7	59	16	137
3685	1	19	8	60	16	139
3686	1	19	9	61	16	141
3687	1	19	10	62	16	143
3688	1	19	11	63	16	145
3689	1	19	12	64	16	147
3690	1	19	13	65	16	149
3691	1	19	14	66	16	151
3692	1	19	15	67	16	153
3693	1	19	16	68	16	155
3694	1	19	17	69	16	157
3695	1	19	18	70	16	159
3696	1	19	19	71	16	161
3697	1	19	20	72	16	163
3698	1	19	21	73	16	165
3699	1	19	22	74	16	167
3700	1	19	23	75	16	169
3701	1	19	24	76	16	171
3702	1	19	25	77	16	173
3703	1	19	26	78	16	175
3704	1	19	27	79	16	177
3705	1	19	28	80	16	179
3706	1	19	29	81	16	181
3707	1	19	30	82	16	183
3708	1	19	31	83	16	185
3709	1	19	32	84	16	187
3710	1	19	33	85	16	189
3711	1	19	34	86	16	191
3712	1	19	35	87	16	193
3713	1	19	36	88	16	195
3714	1	19	37	89	16	197
3715	1	19	38	90	16	199
3716	1	19	39	91	16	201
3717	1	19	40	92	16	203
3718	1	19	41	93	16	205
3719	1	19	42	94	16	207
3720	1	19	43	95	16	209
3721	1	19	44	96	16	211
3722	1	19	45	97	16	213
3723	1	19	46	98	16	215
3724	1	19	47	99	16	217
3725	1	19	48	100	16	219
3726	1	20	0	51	8	122
3727	1	20	1	52	8	124
3728	1	20	2	53	8	126
3729	1	20	3	54	8	128
3730	1	20	4	55	8	130
3731	1	20	5	56	8	132
3732	1	20	6	57	8	134
3733	1	20	7	58	8	136
3734	1	20	8	59	8	138
3735	1	20	9	60	8	140
3736	1	20	10	61	8	142
3737	1	20	11	62	8	144
3738	1	20	12	63	8	146
3739	1	20	13	64	8	148
3740	1	20	14	65	8	150
3741	1	20	15	66	8	152
3742	1	20	16	67	8	154
3743	1	20	17	68	8	156
3744	1	20	18	69	8	158
3745	1	20	19	70	8	160
3746	1	20	20	71	8	162
3747	1	20	21	72	8	164
3748	1	20	22	73	8	166
3749	1	20	23	74	8	168
3750	1	20	24	75	8	170
3751	1	20	25	76	8	172
3752	1	20	26	77	8	174
3753	1	20	27	78	8	176
3754	1	20	28	79	8	178
3755	1	20	29	80	8	180
3756	1	20	30	81	8	182
3757	1	20	31	82	8	184
3758	1	20	32	83	8	186
3759	1	20	33	84	8	188
3760	1	20	34	85	8	190
3761	1	20	35	86	8	192
3762	1	20	36	87	8	194
3763	1	20	37	88	8	196
3764	1	20	38	89	8	198
3765	1	20	39	90	8	200
3766	1	20	40	91	8	202
3767	1	20	41	92	8	204
3768	1	20	42	93	8	206
3769	1	20	43	94	8	208
3770	1	20	44	95	8	210
3771	1	20	45	96	8	212
3772	1	20	46	97	8	214
3773	1	20	47	98	8	216
3774	1	21	0	50	4	121
3775	1	21	1	51	4	123
3776	1	21	2	52	4	125
3777	1	21	3	53	4	127
3778	1	21	4	54	4	129
3779	1	21	5	55	4	131
3780	1	21	6	56	4	133
3781	1	21	7	57	4	135
3782	1	21	8	58	4	137
3783	1	21	9	59	4	139
3784	1	21	10	60	4	141
3785	1	21	11	61	4	143
3786	1	21	12	62	4	145
3787	1	21	13	63	4	147
3788	1	21	14	64	4	149
3789	1	21	15	65	4	151
3790	1	21	16	66	4	153
3791	1	21	17	67	4	155
3792	1	21	18	68	4	157
3793	1	21	19	69	4	159
3794	1	21	20	70	4	161
3795	1	21	21	71	4	163
3796	1	21	22	72	4	165
3797	1	21	23	73	4	167
3798	1	21	24	74	4	169
3799	1	21	25	75	4	171
3800	1	21	26	76	4	173
3801	1	21	27	77	4	175
3802	1	21	28	78	4	177
3803	1	21	29	79	4	179
3804	1	21	30	80	4	181
3805	1	21	31	81	4	183
3806	1	21	32	82	4	185
3807	1	21	33	83	4	187
3808	1	21	34	84	4	189
3809	1	21	35	85	4	191
3810	1	21	36	86	4	193
3811	1	21	37	87	4	195
3812	1	21	38	88	4	197
3813	1	21	39	89	4	199
3814	1	21	40	90	4	201
3815	1	21	41	91	4	203
3816	1	21	42	92	4	205
3817	1	21	43	93	4	207
3818	1	21	44	94	4	209
3819	1	21	45	95	4	211
3820	1	21	46	96	4	213
3821	1	22	0	49	2	120
3822	1	22	1	50	2	122
3823	1	22	2	51	2	124
3824	1	22	3	52	2	126
3825	1	22	4	53	2	128
3826	1	22	5	54	2	130
3827	1	22	6	55	2	132
3828	1	22	7	56	2	134
3829	1	22	8	57	2	136
3830	1	22	9	58	2	138
3831	1	22	10	59	2	140
3832	1	22	11	60	2	142
3833	1	22	12	61	2	144
3834	1	22	13	62	2	146
3835	1	22	14	63	2	148
3836	1	22	15	64	2	150
3837	1	22	16	65	2	152
3838	1	22	17	66	2	154
3839	1	22	18	67	2	156
3840	1	22	19	68	2	158
3841	1	22	20	69	2	160
3842	1	22	21	70	2	162
3843	1	22	22	71	2	164
3844	1	22	23	72	2	166
3845	1	22	24	73	2	168
3846	1	22	25	74	2	170
3847	1	22	26	75	2	172
3848	1	22	27	76	2	174
3849	1	22	28	77	2	176
3850	1	22	29	78	2	178
3851	1	22	30	79	2	180
3852	1	22	31	80	2	182
3853	1	22	32	81	2	184
3854	1	22	33	82	2	186
3855	1	22	34	83	2	188
3856	1	22	35	84	2	190
3857	1	22	36	85	2	192
3858	1	22	37	86	2	194
3859	1	22	38	87	2	196
3860	1	22	39	88	2	198
3861	1	22	40	89	2	200
3862	1	22	41	90	2	202
3863	1	22	42	91	2	204
3864	1	22	43	92	2	206
3865	1	22	44	93	2	208
3866	1	22	45	94	2	210
3867	1	23	0	48	1	119
3868	1	23	1	49	1	121
3869	1	23	2	50	1	123
3870	1	23	3	51	1	125
3871	1	23	4	52	1	127
3872	1	23	5	53	1	129
3873	1	23	6	54	1	131
3874	1	23	7	55	1	133
3875	1	23	8	56	1	135
3876	1	23	9	57	1	137
3877	1	23	10	58	1	139
3878	1	23	11	59	1	141
3879	1	23	12	60	1	143
3880	1	23	13	61	1	145
3881	1	23	14	62	1	147
3882	1	23	15	63	1	149
3883	1	23	16	64	1	151
3884	1	23	17	65	1	153
3885	1	23	18	66	1	155
3886	1	23	19	67	1	157
3887	1	23	20	68	1	159
3888	1	23	21	69	1	161
3889	1	23	22	70	1	163
3890	1	23	23	71	1	165
3891	1	23	24	72	1	167
3892	1	23	25	73	1	169
3893	1	23	26	74	1	171
3894	1	23	27	75	1	173
3895	1	23	28	76	1	175
3896	1	23	29	77	1	177
3897	1	23	30	78	1	179
3898	1	23	31	79	1	181
3899	1	23	32	80	1	183
3900	1	23	33	81	1	185
3901	1	23	34	82	1	187
3902	1	23	35	83	1	189
3903	1	23	36	84	1	191
3904	1	23	37	85	1	193
3905	1	23	38	86	1	195
3906	1	23	39	87	1	197
3907	1	23	40	88	1	199
3908	1	23	41	89	1	201
3909	1	23	42	90	1	203
3910	1	23	43	91	1	205
3911	1	23	44	92	1	207
3912	1	24	0	47	129	118
3913	1	24	1	48	129	120
3914	1	24	2	49	129	122
3915	1	24	3	50	129	124
3916	1	24	4	51	129	126
3917	1	24	5	52	129	128
3918	1	24	6	53	129	130
3919	1	24	7	54	129	132
3920	1	24	8	55	129	134
3921	1	24	9	56	129	136
3922	1	24	10	57	129	138
3923	1	24	11	58	129	140
3924	1	24	12	59	129	142
3925	1	24	13	60	129	144
3926	1	24	14	61	129	146
3927	1	24	15	62	129	148
3928	1	24	16	63	129	150
3929	1	24	17	64	129	152
3930	1	24	18	65	129	154
3931	1	24	19	66	129	156
3932	1	24	20	67	129	158
3933	1	24	21	68	129	160
3934	1	24	22	69	129	162
3935	1	24	23	70	129	164
3936	1	24	24	71	129	166
3937	1	24	25	72	129	168
3938	1	24	26	73	129	170
3939	1	24	27	74	129	172
3940	1	24	28	75	129	174
3941	1	24	29	76	129	176
3942	1	24	30	77	129	178
3943	1	24	31	78	129	180
3944	1	24	32	79	129	182
3945	1	24	33	80	129	184
3946	1	24	34	81	129	186
3947	1	24	35	82	129	188
3948	1	24	36	83	129	190
3949	1	24	37	84	129	192
3950	1	24	38	85	129	194
3951	1	24	39	86	129	196
3952	1	24	40	87	129	198
3953	1	24	41	88	129	200
3954	1	24	42	89	129	202
3955	1	24	43	90	129	204
3956	1	25	0	46	193	117
3957	1	25	1	47	193	119
3958	1	25	2	48	193	121
3959	1	25	3	49	193	123
3960	1	25	4	50	193	125
3961	1	25	5	51	193	127
3962	1	25	6	52	193	129
3963	1	25	7	53	193	131
3964	1	25	8	54	193	133
3965	1	25	9	55	193	135
3966	1	25	10	56	193	137
3967	1	25	11	57	193	139
3968	1	25	12	58	193	141
3969	1	25	13	59	193	143
3970	1	25	14	60	193	145
3971	1	25	15	61	193	147
3972	1	25	16	62	193	149
3973	1	25	17	63	193	151
3974	1	25	18	64	193	153
3975	1	25	19	65	193	155
3976	1	25	20	66	193	157
3977	1	25	21	67	193	159
3978	1	25	22	68	193	161
3979	1	25	23	69	193	163
3980	1	25	24	70	193	165
3981	1	25	25	71	193	167
3982	1	25	26	72	193	169
3983	1	25	27	73	193	171
3984	1	25	28	74	193	173
3985	1	25	29	75	193	175
3986	1	25	30	76	193	177
3987	1	25	31	77	193	179
3988	1	25	32	78	193	181
3989	1	25	33	79	193	183
3990	1	25	34	80	193	185
3991	1	25	35	81	193	187
3992	1	25	36	82	193	189
3993	1	25	37	83	193	191
3994	1	25	38	84	193	193
3995	1	25	39	85	193	195
3996	1	25	40	86	193	197
3997	1	25	41	87	193	199
3998	1	25	42	88	193	201
3999	1	26	0	45	225	116
4000	1	26	1	46	225	118
4001	1	26	2	47	225	120
4002	1	26	3	48	225	122
4003	1	26	4	49	225	124
4004	1	26	5	50	225	126
4005	1	26	6	51	225	128
4006	1	26	7	52	225	130
4007	1	26	8	53	225	132
4008	1	26	9	54	225	134
4009	1	26	10	55	225	136
4010	1	26	11	56	225	138
4011	1	26	12	57	225	140
4012	1	26	13	58	225	142
4013	1	26	14	59	225	144
4014	1	26	15	60	225	146
4015	1	26	16	61	225	148
4016	1	26	17	62	225	150
4017	1	26	18	63	225	152
4018	1	26	19	64	225	154
4019	1	26	20	65	225	156
4020	1	26	21	66	225	158
4021	1	26	22	67	225	160
4022	1	26	23	68	225	162
4023	1	26	24	69	225	164
4024	1	26	25	70	225	166
4025	1	26	26	71	225	168
4026	1	26	27	72	225	170
4027	1	26	28	73	225	172
4028	1	26	29	74	225	174
4029	1	26	30	75	225	176
4030	1	26	31	76	225	178
4031	1	26	32	77	225	180
4032	1	26	33	78	225	182
4033	1	26	34	79	225	184
4034	1	26	35	80	225	186
4035	1	26	36	81	225	188
4036	1	26	37	82	225	190
4037	1	26	38	83	225	192
4038	1	26	39	84	225	194
4039	1	26	40	85	225	196
4040	1	26	41	86	225	198
4041	1	27	0	44	241	115
4042	1	27	1	45	241	117
4043	1	27	2	46	241	119
4044	1	27	3	47	241	121
4045	1	27	4	48	241	123
4046	1	27	5	49	241	125
4047	1	27	6	50	241	127
4048	1	27	7	51	241	129
4049	1	27	8	52	241	131
4050	1	27	9	53	241	133
4051	1	27	10	54	241	135
4052	1	27	11	55	241	137
4053	1	27	12	56	241	139
4054	1	27	13	57	241	141
4055	1	27	14	58	241	143
4056	1	27	15	59	241	145
4057	1	27	16	60	241	147
4058	1	27	17	61	241	149
4059	1	27	18	62	241	151
4060	1	27	19	63	241	153
4061	1	27	20	64	241	155
4062	1	27	21	65	241	157
4063	1	27	22	66	241	159
4064	1	27	23	67	241	161
4065	1	27	24	68	241	163
4066	1	27	25	69	241	165
4067	1	27	26	70	241	167
4068	1	27	27	71	241	169
4069	1	27	28	72	241	171
4070	1	27	29	73	241	173
4071	1	27	30	74	241	175
4072	1	27	31	75	241	177
4073	1	27	32	76	241	179
4074	1	27	33	77	241	181
4075	1	27	34	78	241	183
4076	1	27	35	79	241	185
4077	1	27	36	80	241	187
4078	1	27	37	81	241	189
4079	1	27	38	82	241	191
4080	1	27	39	83	241	193
4081	1	27	40	84	241	195
4082	1	28	0	43	249	114
4083	1	28	1	44	249	116
4084	1	28	2	45	249	118
4085	1	28	3	46	249	120
4086	1	28	4	47	249	122
4087	1	28	5	48	249	124
4088	1	28	6	49	249	126
4089	1	28	7	50	249	128
4090	1	28	8	51	249	130
4091	1	28	9	52	249	132
4092	1	28	10	53	249	134
4093	1	28	11	54	249	136
4094	1	28	12	55	249	138
4095	1	28	13	56	249	140
4096	1	28	14	57	249	142
4097	1	28	15	58	249	144
4098	1	28	16	59	249	146
4099	1	28	17	60	249	148
4100	1	28	18	61	249	150
4101	1	28	19	62	249	152
4102	1	28	20	63	249	154
4103	1	28	21	64	249	156
4104	1	28	22	65	249	158
4105	1	28	23	66	249	160
4106	1	28	24	67	249	162
4107	1	28	25	68	249	164
4108	1	28	26	69	249	166
4109	1	28	27	70	249	168
4110	1	28	28	71	249	170
4111	1	28	29	72	249	172
4112	1	28	30	73	249	174
4113	1	28	31	74	249	176
4114	1	28	32	75	249	178
4115	1	28	33	76	249	180
4116	1	28	34	77	249	182
4117	1	28	35	78	249	184
4118	1	28	36	79	249	186
4119	1	28	37	80	249	188
4120	1	28	38	81	249	190
4121	1	28	39	82	249	192
4122	1	29	0	42	253	113
4123	1	29	1	43	253	115
4124	1	29	2	44	253	117
4125	1	29	3	45	253	119
4126	1	29	4	46	253	121
4127	1	29	5	47	253	123
4128	1	29	6	48	253	125
4129	1	29	7	49	253	127
4130	1	29	8	50	253	129
4131	1	29	9	51	253	131
4132	1	29	10	52	253	133
4133	1	29	11	53	253	135
4134	1	29	12	54	253	137
4135	1	29	13	55	253	139
4136	1	29	14	56	253	141
4137	1	29	15	57	253	143
4138	1	29	16	58	253	145
4139	1	29	17	59	253	147
4140	1	29	18	60	253	149
4141	1	29	19	61	253	151
4142	1	29	20	62	253	153
4143	1	29	21	63	253	155
4144	1	29	22	64	253	157
4145	1	29	23	65	253	159
4146	1	29	24	66	253	161
4147	1	29	25	67	253	163
4148	1	29	26	68	253	165
4149	1	29	27	69	253	167
4150	1	29	28	70	253	169
4151	1	29	29	71	253	171
4152	1	29	30	72	253	173
4153	1	29	31	73	253	175
4154	1	29	32	74	253	177
4155	1	29	33	75	253	179
4156	1	29	34	76	253	181
4157	1	29	35	77	253	183
4158	1	29	36	78	253	185
4159	1	29	37	79	253	187
4160	1	29	38	80	253	189
4161	1	30	0	41	255	112
4162	1	30	1	42	255	114
4163	1	30	2	43	255	116
4164	1	30	3	44	255	118
4165	1	30	4	45	255	120
4166	1	30	5	46	255	122
4167	1	30	6	47	255	124
4168	1	30	7	48	255	126
4169	1	30	8	49	255	128
4170	1	30	9	50	255	130
4171	1	30	10	51	255	132
4172	1	30	11	52	255	134
4173	1	30	12	53	255	136
4174	1	30	13	54	255	138
4175	1	30	14	55	255	140
4176	1	30	15	56	255	142
4177	1	30	16	57	255	144
4178	1	30	17	58	255	146
4179	1	30	18	59	255	148
4180	1	30	19	60	255	150
4181	1	30	20	61	255	152
4182	1	30	21	62	255	154
4183	1	30	22	63	255	156
4184	1	30	23	64	255	158
4185	1	30	24	65	255	160
4186	1	30	25	66	255	162
4187	1	30	26	67	255	164
4188	1	30	27	68	255	166
4189	1	30	28	69	255	168
4190	1	30	29	70	255	170
4191	1	30	30	71	255	172
4192	1	30	31	72	255	174
4193	1	30	32	73	255	176
4194	1	30	33	74	255	178
4195	1	30	34	75	255	180
4196	1	30	35	76	255	182
4197	1	30	36	77	255	184
4198	1	30	37	78	255	186
4199	1	31	0	40	256	111
4200	1	31	1	41	256	113
4201	1	31	2	42	256	115
4202	1	31	3	43	256	117
4203	1	31	4	44	256	119
4204	1	31	5	45	256	121
4205	1	31	6	46	256	123
4206	1	31	7	47	256	125
4207	1	31	8	48	256	127
4208	1	31	9	49	256	129
4209	1	31	10	50	256	131
4210	1	31	11	51	256	133
4211	1	31	12	52	256	135
4212	1	31	13	53	256	137
4213	1	31	14	54	256	139
4214	1	31	15	55	256	141
4215	1	31	16	56	256	143
4216	1	31	17	57	256	145
4217	1	31	18	58	256	147
4218	1	31	19	59	256	149
4219	1	31	20	60	256	151
4220	1	31	21	61	256	153
4221	1	31	22	62	256	155
4222	1	31	23	63	256	157
4223	1	31	24	64	256	159
4224	1	31	25	65	256	161
4225	1	31	26	66	256	163
4226	1	31	27	67	256	165
4227	1	31	28	68	256	167
4228	1	31	29	69	256	169
4229	1	31	30	70	256	171
4230	1	31	31	71	256	173
4231	1	31	32	72	256	175
4232	1	31	33	73	256	177
4233	1	31	34	74	256	179
4234	1	31	35	75	256	181
4235	1	31	36	76	256	183
4236	1	32	0	39	128	110
4237	1	32	1	40	128	112
4238	1	32	2	41	128	114
4239	1	32	3	42	128	116
4240	1	32	4	43	128	118
4241	1	32	5	44	128	120
4242	1	32	6	45	128	122
4243	1	32	7	46	128	124
4244	1	32	8	47	128	126
4245	1	32	9	48	128	128
4246	1	32	10	49	128	130
4247	1	32	11	50	128	132
4248	1	32	12	51	128	134
4249	1	32	13	52	128	136
4250	1	32	14	53	128	138
4251	1	32	15	54	128	140
4252	1	32	16	55	128	142
4253	1	32	17	56	128	144
4254	1	32	18	57	128	146
4255	1	32	19	58	128	148
4256	1	32	20	59	128	150
4257	1	32	21	60	128	152
4258	1	32	22	61	128	154
4259	1	32	23	62	128	156
4260	1	32	24	63	128	158
4261	1	32	25	64	128	160
4262	1	32	26	65	128	162
4263	1	32	27	66	128	164
4264	1	32	28	67	128	166
4265	1	32	29	68	128	168
4266	1	32	30	69	128	170
4267	1	32	31	70	128	172
4268	1	32	32	71	128	174
4269	1	32	33	72	128	176
4270	1	32	34	73	128	178
4271	1	32	35	74	128	180
4272	1	33	0	38	64	109
4273	1	33	1	39	64	111
4274	1	33	2	40	64	113
4275	1	33	3	41	64	115
4276	1	33	4	42	64	117
4277	1	33	5	43	64	119
4278	1	33	6	44	64	121
4279	1	33	7	45	64	123
4280	1	33	8	46	64	125
4281	1	33	9	47	64	127
4282	1	33	10	48	64	129
4283	1	33	11	49	64	131
4284	1	33	12	50	64	133
4285	1	33	13	51	64	135
4286	1	33	14	52	64	137
4287	1	33	15	53	64	139
4288	1	33	16	54	64	141
4289	1	33	17	55	64	143
4290	1	33	18	56	64	145
4291	1	33	19	57	64	147
4292	1	33	20	58	64	149
4293	1	33	21	59	64	151
4294	1	33	22	60	64	153
4295	1	33	23	61	64	155
4296	1	33	24	62	64	157
4297	1	33	25	63	64	159
4298	1	33	26	64	64	161
4299	1	33	27	65	64	163
4300	1	33	28	66	64	165
4301	1	33	29	67	64	167
4302	1	33	30	68	64	169
4303	1	33	31	69	64	171
4304	1	33	32	70	64	173
4305	1	33	33	71	64	175
4306	1	33	34	72	64	177
4307	1	34	0	37	32	108
4308	1	34	1	38	32	110
4309	1	34	2	39	32	112
4310	1	34	3	40	32	114
4311	1	34	4	41	32	116
4312	1	34	5	42	32	118
4313	1	34	6	43	32	120
4314	1	34	7	44	32	122
4315	1	34	8	45	32	124
4316	1	34	9	46	32	126
4317	1	34	10	47	32	128
4318	1	34	11	48	32	130
4319	1	34	12	49	32	132
4320	1	34	13	50	32	134
4321	1	34	14	51	32	136
4322	1	34	15	52	32	138
4323	1	34	16	53	32	140
4324	1	34	17	54	32	142
4325	1	34	18	55	32	144
4326	1	34	19	56	32	146
4327	1	34	20	57	32	148
4328	1	34	21	58	32	150
4329	1	34	22	59	32	152
4330	1	34	23	60	32	154
4331	1	34	24	61	32	156
4332	1	34	25	62	32	158
4333	1	34	26	63	32	160
4334	1	34	27	64	32	162
4335	1	34	28	65	32	164
4336	1	34	29	66	32	166
4337	1	34	30	67	32	168
4338	1	34	31	68	32	170
4339	1	34	32	69	32	172
4340	1	34	33	70	32	174
4341	1	35	0	36	16	107
4342	1	35	1	37	16	109
4343	1	35	2	38	16	111
4344	1	35	3	39	16	113
4345	1	35	4	40	16	115
4346	1	35	5	41	16	117
4347	1	35	6	42	16	119
4348	1	35	7	43	16	121
4349	1	35	8	44	16	123
4350	1	35	9	45	16	125
4351	1	35	10	46	16	127
4352	1	35	11	47	16	129
4353	1	35	12	48	16	131
4354	1	35	13	49	16	133
4355	1	35	14	50	16	135
4356	1	35	15	51	16	137
4357	1	35	16	52	16	139
4358	1	35	17	53	16	141
4359	1	35	18	54	16	143
4360	1	35	19	55	16	145
4361	1	35	20	56	16	147
4362	1	35	21	57	16	149
4363	1	35	22	58	16	151
4364	1	35	23	59	16	153
4365	1	35	24	60	16	155
4366	1	35	25	61	16	157
4367	1	35	26	62	16	159
4368	1	35	27	63	16	161
4369	1	35	28	64	16	163
4370	1	35	29	65	16	165
4371	1	35	30	66	16	167
4372	1	35	31	67	16	169
4373	1	35	32	68	16	171
4374	1	36	0	35	8	106
4375	1	36	1	36	8	108
4376	1	36	2	37	8	110
4377	1	36	3	38	8	112
4378	1	36	4	39	8	114
4379	1	36	5	40	8	116
4380	1	36	6	41	8	118
4381	1	36	7	42	8	120
4382	1	36	8	43	8	122
4383	1	36	9	44	8	124
4384	1	36	10	45	8	126
4385	1	36	11	46	8	128
4386	1	36	12	47	8	130
4387	1	36	13	48	8	132
4388	1	36	14	49	8	134
4389	1	36	15	50	8	136
4390	1	36	16	51	8	138
4391	1	36	17	52	8	140
4392	1	36	18	53	8	142
4393	1	36	19	54	8	144
4394	1	36	20	55	8	146
4395	1	36	21	56	8	148
4396	1	36	22	57	8	150
4397	1	36	23	58	8	152
4398	1	36	24	59	8	154
4399	1	36	25	60	8	156
4400	1	36	26	61	8	158
4401	1	36	27	62	8	160
4402	1	36	28	63	8	162
4403	1	36	29	64	8	164
4404	1	36	30	65	8	166
4405	1	36	31	66	8	168
4406	1	37	0	34	4	105
4407	1	37	1	35	4	107
4408	1	37	2	36	4	109
4409	1	37	3	37	4	111
4410	1	37	4	38	4	113
4411	1	37	5	39	4	115
4412	1	37	6	40	4	117
4413	1	37	7	41	4	119
4414	1	37	8	42	4	121
4415	1	37	9	43	4	123
4416	1	37	10	44	4	125
4417	1	37	11	45	4	127
4418	1	37	12	46	4	129
4419	1	37	13	47	4	131
4420	1	37	14	48	4	133
4421	1	37	15	49	4	135
4422	1	37	16	50	4	137
4423	1	37	17	51	4	139
4424	1	37	18	52	4	141
4425	1	37	19	53	4	143
4426	1	37	20	54	4	145
4427	1	37	21	55	4	147
4428	1	37	22	56	4	149
4429	1	37	23	57	4	151
4430	1	37	24	58	4	153
4431	1	37	25	59	4	155
4432	1	37	26	60	4	157
4433	1	37	27	61	4	159
4434	1	37	28	62	4	161
4435	1	37	29	63	4	163
4436	1	37	30	64	4	165
4437	1	38	0	33	2	104
4438	1	38	1	34	2	106
4439	1	38	2	35	2	108
4440	1	38	3	36	2	110
4441	1	38	4	37	2	112
4442	1	38	5	38	2	114
4443	1	38	6	39	2	116
4444	1	38	7	40	2	118
4445	1	38	8	41	2	120
4446	1	38	9	42	2	122
4447	1	38	10	43	2	124
4448	1	38	11	44	2	126
4449	1	38	12	45	2	128
4450	1	38	13	46	2	130
4451	1	38	14	47	2	132
4452	1	38	15	48	2	134
4453	1	38	16	49	2	136
4454	1	38	17	50	2	138
4455	1	38	18	51	2	140
4456	1	38	19	52	2	142
4457	1	38	20	53	2	144
4458	1	38	21	54	2	146
4459	1	38	22	55	2	148
4460	1	38	23	56	2	150
4461	1	38	24	57	2	152
4462	1	38	25	58	2	154
4463	1	38	26	59	2	156
4464	1	38	27	60	2	158
4465	1	38	28	61	2	160
4466	1	38	29	62	2	162
4467	1	39	0	32	1	103
4468	1	39	1	33	1	105
4469	1	39	2	34	1	107
4470	1	39	3	35	1	109
4471	1	39	4	36	1	111
4472	1	39	5	37	1	113
4473	1	39	6	38	1	115
4474	1	39	7	39	1	117
4475	1	39	8	40	1	119
4476	1	39	9	41	1	121
4477	1	39	10	42	1	123
4478	1	39	11	43	1	125
4479	1	39	12	44	1	127
4480	1	39	13	45	1	129
4481	1	39	14	46	1	131
4482	1	39	15	47	1	133
4483	1	39	16	48	1	135
4484	1	39	17	49	1	137
4485	1	39	18	50	1	139
4486	1	39	19	51	1	141
4487	1	39	20	52	1	143
4488	1	39	21	53	1	145
4489	1	39	22	54	1	147
4490	1	39	23	55	1	149
4491	1	39	24	56	1	151
4492	1	39	25	57	1	153
4493	1	39	26	58	1	155
4494	1	39	27	59	1	157
4495	1	39	28	60	1	159
4496	1	40	0	31	129	102
4497	1	40	1	32	129	104
4498	1	40	2	33	129	106
4499	1	40	3	34	129	108
4500	1	40	4	35	129	110
4501	1	40	5	36	129	112
4502	1	40	6	37	129	114
4503	1	40	7	38	129	116
4504	1	40	8	39	129	118
4505	1	40	9	40	129	120
4506	1	40	10	41	129	122
4507	1	40	11	42	129	124
4508	1	40	12	43	129	126
4509	1	40	13	44	129	128
4510	1	40	14	45	129	130
4511	1	40	15	46	129	132
4512	1	40	16	47	129	134
4513	1	40	17	48	129	136
4514	1	40	18	49	129	138
4515	1	40	19	50	129	140
4516	1	40	20	51	129	142
4517	1	40	21	52	129	144
4518	1	40	22	53	129	146
4519	1	40	23	54	129	148
4520	1	40	24	55	129	150
4521	1	40	25	56	129	152
4522	1	40	26	57	129	154
4523	1	40	27	58	129	156
4524	1	41	0	30	193	101
4525	1	41	1	31	193	103
4526	1	41	2	32	193	105
4527	1	41	3	33	193	107
4528	1	41	4	34	193	109
4529	1	41	5	35	193	111
4530	1	41	6	36	193	113
4531	1	41	7	37	193	115
4532	1	41	8	38	193	117
4533	1	41	9	39	193	119
4534	1	41	10	40	193	121
4535	1	41	11	41	193	123
4536	1	41	12	42	193	125
4537	1	41	13	43	193	127
4538	1	41	14	44	193	129
4539	1	41	15	45	193	131
4540	1	41	16	46	193	133
4541	1	41	17	47	193	135
4542	1	41	18	48	193	137
4543	1	41	19	49	193	139
4544	1	41	20	50	193	141
4545	1	41	21	51	193	143
4546	1	41	22	52	193	145
4547	1	41	23	53	193	147
4548	1	41	24	54	193	149
4549	1	41	25	55	193	151
4550	1	41	26	56	193	153
4551	1	42	0	29	225	100
4552	1	42	1	30	225	102
4553	1	42	2	31	225	104
4554	1	42	3	32	225	106
4555	1	42	4	33	225	108
4556	1	42	5	34	225	110
4557	1	42	6	35	225	112
4558	1	42	7	36	225	114
4559	1	42	8	37	225	116
4560	1	42	9	38	225	118
4561	1	42	10	39	225	120
4562	1	42	11	40	225	122
4563	1	42	12	41	225	124
4564	1	42	13	42	225	126
4565	1	42	14	43	225	128
4566	1	42	15	44	225	130
4567	1	42	16	45	225	132
4568	1	42	17	46	225	134
4569	1	42	18	47	225	136
4570	1	42	19	48	225	138
4571	1	42	20	49	225	140
4572	1	42	21	50	225	142
4573	1	42	22	51	225	144
4574	1	42	23	52	225	146
4575	1	42	24	53	225	148
4576	1	42	25	54	225	150
4577	1	43	0	28	241	99
4578	1	43	1	29	241	101
4579	1	43	2	30	241	103
4580	1	43	3	31	241	105
4581	1	43	4	32	241	107
4582	1	43	5	33	241	109
4583	1	43	6	34	241	111
4584	1	43	7	35	241	113
4585	1	43	8	36	241	115
4586	1	43	9	37	241	117
4587	1	43	10	38	241	119
4588	1	43	11	39	241	121
4589	1	43	12	40	241	123
4590	1	43	13	41	241	125
4591	1	43	14	42	241	127
4592	1	43	15	43	241	129
4593	1	43	16	44	241	131
4594	1	43	17	45	241	133
4595	1	43	18	46	241	135
4596	1	43	19	47	241	137
4597	1	43	20	48	241	139
4598	1	43	21	49	241	141
4599	1	43	22	50	241	143
4600	1	43	23	51	241	145
4601	1	43	24	52	241	147
4602	1	44	0	27	249	98
4603	1	44	1	28	249	100
4604	1	44	2	29	249	102
4605	1	44	3	30	249	104
4606	1	44	4	31	249	106
4607	1	44	5	32	249	108
4608	1	44	6	33	249	110
4609	1	44	7	34	249	112
4610	1	44	8	35	249	114
4611	1	44	9	36	249	116
4612	1	44	10	37	249	118
4613	1	44	11	38	249	120
4614	1	44	12	39	249	122
4615	1	44	13	40	249	124
4616	1	44	14	41	249	126
4617	1	44	15	42	249	128
4618	1	44	16	43	249	130
4619	1	44	17	44	249	132
4620	1	44	18	45	249	134
4621	1	44	19	46	249	136
4622	1	44	20	47	249	138
4623	1	44	21	48	249	140
4624	1	44	22	49	249	142
4625	1	44	23	50	249	144
4626	1	45	0	26	253	97
4627	1	45	1	27	253	99
4628	1	45	2	28	253	101
4629	1	45	3	29	253	103
4630	1	45	4	30	253	105
4631	1	45	5	31	253	107
4632	1	45	6	32	253	109
4633	1	45	7	33	253	111
4634	1	45	8	34	253	113
4635	1	45	9	35	253	115
4636	1	45	10	36	253	117
4637	1	45	11	37	253	119
4638	1	45	12	38	253	121
4639	1	45	13	39	253	123
4640	1	45	14	40	253	125
4641	1	45	15	41	253	127
4642	1	45	16	42	253	129
4643	1	45	17	43	253	131
4644	1	45	18	44	253	133
4645	1	45	19	45	253	135
4646	1	45	20	46	253	137
4647	1	45	21	47	253	139
4648	1	45	22	48	253	141
4649	1	46	0	25	255	96
4650	1	46	1	26	255	98
4651	1	46	2	27	255	100
4652	1	46	3	28	255	102
4653	1	46	4	29	255	104
4654	1	46	5	30	255	106
4655	1	46	6	31	255	108
4656	1	46	7	32	255	110
4657	1	46	8	33	255	112
4658	1	46	9	34	255	114
4659	1	46	10	35	255	116
4660	1	46	11	36	255	118
4661	1	46	12	37	255	120
4662	1	46	13	38	255	122
4663	1	46	14	39	255	124
4664	1	46	15	40	255	126
4665	1	46	16	41	255	128
4666	1	46	17	42	255	130
4667	1	46	18	43	255	132
4668	1	46	19	44	255	134
4669	1	46	20	45	255	136
4670	1	46	21	46	255	138
4671	1	47	0	24	256	95
4672	1	47	1	25	256	97
4673	1	47	2	26	256	99
4674	1	47	3	27	256	101
4675	1	47	4	28	256	103
4676	1	47	5	29	256	105
4677	1	47	6	30	256	107
4678	1	47	7	31	256	109
4679	1	47	8	32	256	111
4680	1	47	9	33	256	113
4681	1	47	10	34	256	115
4682	1	47	11	35	256	117
4683	1	47	12	36	256	119
4684	1	47	13	37	256	121
4685	1	47	14	38	256	123
4686	1	47	15	39	256	125
4687	1	47	16	40	256	127
4688	1	47	17	41	256	129
4689	1	47	18	42	256	131
4690	1	47	19	43	256	133
4691	1	47	20	44	256	135
4692	1	48	0	23	128	94
4693	1	48	1	24	128	96
4694	1	48	2	25	128	98
4695	1	48	3	26	128	100
4696	1	48	4	27	128	102
4697	1	48	5	28	128	104
4698	1	48	6	29	128	106
4699	1	48	7	30	128	108
4700	1	48	8	31	128	110
4701	1	48	9	32	128	112
4702	1	48	10	33	128	114
4703	1	48	11	34	128	116
4704	1	48	12	35	128	118
4705	1	48	13	36	128	120
4706	1	48	14	37	128	122
4707	1	48	15	38	128	124
4708	1	48	16	39	128	126
4709	1	48	17	40	128	128
4710	1	48	18	41	128	130
4711	1	48	19	42	128	132
4712	1	49	0	22	64	93
4713	1	49	1	23	64	95
4714	1	49	2	24	64	97
4715	1	49	3	25	64	99
4716	1	49	4	26	64	101
4717	1	49	5	27	64	103
4718	1	49	6	28	64	105
4719	1	49	7	29	64	107
4720	1	49	8	30	64	109
4721	1	49	9	31	64	111
4722	1	49	10	32	64	113
4723	1	49	11	33	64	115
4724	1	49	12	34	64	117
4725	1	49	13	35	64	119
4726	1	49	14	36	64	121
4727	1	49	15	37	64	123
4728	1	49	16	38	64	125
4729	1	49	17	39	64	127
4730	1	49	18	40	64	129
4731	1	50	0	21	32	92
4732	1	50	1	22	32	94
4733	1	50	2	23	32	96
4734	1	50	3	24	32	98
4735	1	50	4	25	32	100
4736	1	50	5	26	32	102
4737	1	50	6	27	32	104
4738	1	50	7	28	32	106
4739	1	50	8	29	32	108
4740	1	50	9	30	32	110
4741	1	50	10	31	32	112
4742	1	50	11	32	32	114
4743	1	50	12	33	32	116
4744	1	50	13	34	32	118
4745	1	50	14	35	32	120
4746	1	50	15	36	32	122
4747	1	50	16	37	32	124
4748	1	50	17	38	32	126
4749	1	51	0	20	16	91
4750	1	51	1	21	16	93
4751	1	51	2	22	16	95
4752	1	51	3	23	16	97
4753	1	51	4	24	16	99
4754	1	51	5	25	16	101
4755	1	51	6	26	16	103
4756	1	51	7	27	16	105
4757	1	51	8	28	16	107
4758	1	51	9	29	16	109
4759	1	51	10	30	16	111
4760	1	51	11	31	16	113
4761	1	51	12	32	16	115
4762	1	51	13	33	16	117
4763	1	51	14	34	16	119
4764	1	51	15	35	16	121
4765	1	51	16	36	16	123
4766	1	52	0	19	8	90
4767	1	52	1	20	8	92
4768	1	52	2	21	8	94
4769	1	52	3	22	8	96
4770	1	52	4	23	8	98
4771	1	52	5	24	8	100
4772	1	52	6	25	8	102
4773	1	52	7	26	8	104
4774	1	52	8	27	8	106
4775	1	52	9	28	8	108
4776	1	52	10	29	8	110
4777	1	52	11	30	8	112
4778	1	52	12	31	8	114
4779	1	52	13	32	8	116
4780	1	52	14	33	8	118
4781	1	52	15	34	8	120
4782	1	53	0	18	4	89
4783	1	53	1	19	4	91
4784	1	53	2	20	4	93
4785	1	53	3	21	4	95
4786	1	53	4	22	4	97
4787	1	53	5	23	4	99
4788	1	53	6	24	4	101
4789	1	53	7	25	4	103
4790	1	53	8	26	4	105
4791	1	53	9	27	4	107
4792	1	53	10	28	4	109
4793	1	53	11	29	4	111
4794	1	53	12	30	4	113
4795	1	53	13	31	4	115
4796	1	53	14	32	4	117
4797	1	54	0	17	2	88
4798	1	54	1	18	2	90
4799	1	54	2	19	2	92
4800	1	54	3	20	2	94
4801	1	54	4	21	2	96
4802	1	54	5	22	2	98
4803	1	54	6	23	2	100
4804	1	54	7	24	2	102
4805	1	54	8	25	2	104
4806	1	54	9	26	2	106
4807	1	54	10	27	2	108
4808	1	54	11	28	2	110
4809	1	54	12	29	2	112
4810	1	54	13	30	2	114
4811	1	55	0	16	1	87
4812	1	55	1	17	1	89
4813	1	55	2	18	1	91
4814	1	55	3	19	1	93
4815	1	55	4	20	1	95
4816	1	55	5	21	1	97
4817	1	55	6	22	1	99
4818	1	55	7	23	1	101
4819	1	55	8	24	1	103
4820	1	55	9	25	1	105
4821	1	55	10	26	1	107
4822	1	55	11	27	1	109
4823	1	55	12	28	1	111
4824	1	56	0	15	129	86
4825	1	56	1	16	129	88
4826	1	56	2	17	129	90
4827	1	56	3	18	129	92
4828	1	56	4	19	129	94
4829	1	56	5	20	129	96
4830	1	56	6	21	129	98
4831	1	56	7	22	129	100
4832	1	56	8	23	129	102
4833	1	56	9	24	129	104
4834	1	56	10	25	129	106
4835	1	56	11	26	129	108
4836	1	57	0	14	193	85
4837	1	57	1	15	193	87
4838	1	57	2	16	193	89
4839	1	57	3	17	193	91
4840	1	57	4	18	193	93
4841	1	57	5	19	193	95
4842	1	57	6	20	193	97
4843	1	57	7	21	193	99
4844	1	57	8	22	193	101
4845	1	57	9	23	193	103
4846	1	57	10	24	193	105
4847	1	58	0	13	225	84
4848	1	58	1	14	225	86
4849	1	58	2	15	225	88
4850	1	58	3	16	225	90
4851	1	58	4	17	225	92
4852	1	58	5	18	225	94
4853	1	58	6	19	225	96
4854	1	58	7	20	225	98
4855	1	58	8	21	225	100
4856	1	58	9	22	225	102
4857	1	59	0	12	241	83
4858	1	59	1	13	241	85
4859	1	59	2	14	241	87
4860	1	59	3	15	241	89
4861	1	59	4	16	241	91
4862	1	59	5	17	241	93
4863	1	59	6	18	241	95
4864	1	59	7	19	241	97
4865	1	59	8	20	241	99
4866	1	60	0	11	249	82
4867	1	60	1	12	249	84
4868	1	60	2	13	249	86
4869	1	60	3	14	249	88
4870	1	60	4	15	249	90
4871	1	60	5	16	249	92
4872	1	60	6	17	249	94
4873	1	60	7	18	249	96
4874	1	61	0	10	253	81
4875	1	61	1	11	253	83
4876	1	61	2	12	253	85
4877	1	61	3	13	253	87
4878	1	61	4	14	253	89
4879	1	61	5	15	253	91
4880	1	61	6	16	253	93
4881	1	62	0	9	255	80
4882	1	62	1	10	255	82
4883	1	62	2	11	255	84
4884	1	62	3	12	255	86
4885	1	62	4	13	255	88
4886	1	62	5	14	255	90
4887	1	63	0	8	256	79
4888	1	63	1	9	256	81
4889	1	63	2	10	256	83
4890	1	63	3	11	256	85
4891	1	63	4	12	256	87
4892	1	64	0	7	128	78
4893	1	64	1	8	128	80
4894	1	64	2	9	128	82
4895	1	64	3	10	128	84
4896	1	65	0	6	64	77
4897	1	65	1	7	64	79
4898	1	65	2	8	64	81
4899	1	66	0	5	32	76
4900	1	66	1	6	32	78
4901	1	67	0	4	16	75
4902	2	0	0	0	1	71
4903	2	0	1	1	1	72
4904	2	0	2	2	1	73
4905	2	0	3	3	1	74
4906	2	0	4	4	1	76
4907	2	0	5	5	1	77
4908	2	0	6	6	1	79
4909	2	0	7	7	1	80
4910	2	0	8	8	1	82
4911	2	0	9	9	1	83
4912	2	0	10	10	1	85
4913	2	0	11	11	1	86
4914	2	0	12	12	1	88
4915	2	0	13	13	1	89
4916	2	0	14	14	1	91
4917	2	0	15	15	1	92
4918	2	0	16	16	1	94
4919	2	0	17	17	1	95
4920	2	0	18	18	1	97
4921	2	0	19	19	1	98
4922	2	0	20	20	1	100
4923	2	0	21	21	1	101
4924	2	0	22	22	1	103
4925	2	0	23	23	1	104
4926	2	0	24	24	1	106
4927	2	0	25	25	1	107
4928	2	0	26	26	1	109
4929	2	0	27	27	1	110
4930	2	0	28	28	1	112
4931	2	0	29	29	1	113
4932	2	0	30	30	1	115
4933	2	0	31	31	1	116
4934	2	0	32	32	1	118
4935	2	0	33	33	1	119
4936	2	0	34	34	1	121
4937	2	0	35	35	1	122
4938	2	0	36	36	1	124
4939	2	0	37	37	1	125
4940	2	0	38	38	1	127
4941	2	0	39	39	1	128
4942	2	0	40	40	1	130
4943	2	0	41	41	1	131
4944	2	0	42	42	1	133
4945	2	0	43	43	1	134
4946	2	0	44	44	1	136
4947	2	0	45	45	1	137
4948	2	0	46	46	1	139
4949	2	0	47	47	1	140
4950	2	0	48	48	1	142
4951	2	0	49	49	1	143
4952	2	0	50	50	1	145
4953	2	0	51	51	1	146
4954	2	0	52	52	1	148
4955	2	0	53	53	1	149
4956	2	0	54	54	1	151
4957	2	0	55	55	1	152
4958	2	0	56	56	1	154
4959	2	0	57	57	1	155
4960	2	0	58	58	1	157
4961	2	0	59	59	1	158
4962	2	0	60	60	1	160
4963	2	0	61	61	1	161
4964	2	1	0	0	1	72
4965	2	1	1	1	1	73
4966	2	1	2	2	1	74
4967	2	1	3	3	1	75
4968	2	1	4	4	1	77
4969	2	1	5	5	1	78
4970	2	1	6	6	1	80
4971	2	1	7	7	1	81
4972	2	1	8	8	1	83
4973	2	1	9	9	1	84
4974	2	1	10	10	1	86
4975	2	1	11	11	1	87
4976	2	1	12	12	1	89
4977	2	1	13	13	1	90
4978	2	1	14	14	1	92
4979	2	1	15	15	1	93
4980	2	1	16	16	1	95
4981	2	1	17	17	1	96
4982	2	1	18	18	1	98
4983	2	1	19	19	1	99
4984	2	1	20	20	1	101
4985	2	1	21	21	1	102
4986	2	1	22	22	1	104
4987	2	1	23	23	1	105
4988	2	1	24	24	1	107
4989	2	1	25	25	1	108
4990	2	1	26	26	1	110
4991	2	1	27	27	1	111
4992	2	1	28	28	1	113
4993	2	1	29	29	1	114
4994	2	1	30	30	1	116
4995	2	1	31	31	1	117
4996	2	1	32	32	1	119
4997	2	1	33	33	1	120
4998	2	1	34	34	1	122
4999	2	1	35	35	1	123
5000	2	1	36	36	1	125
5001	2	1	37	37	1	126
5002	2	1	38	38	1	128
5003	2	1	39	39	1	129
5004	2	1	40	40	1	131
5005	2	1	41	41	1	132
5006	2	1	42	42	1	134
5007	2	1	43	43	1	135
5008	2	1	44	44	1	137
5009	2	1	45	45	1	138
5010	2	1	46	46	1	140
5011	2	1	47	47	1	141
5012	2	1	48	48	1	143
5013	2	1	49	49	1	144
5014	2	1	50	50	1	146
5015	2	1	51	51	1	147
5016	2	1	52	52	1	149
5017	2	1	53	53	1	150
5018	2	1	54	54	1	152
5019	2	1	55	55	1	153
5020	2	1	56	56	1	155
5021	2	1	57	57	1	156
5022	2	1	58	58	1	158
5023	2	1	59	59	1	159
5024	2	1	60	60	1	161
5025	2	2	0	0	1	73
5026	2	2	1	1	1	74
5027	2	2	2	2	1	75
5028	2	2	3	3	1	76
5029	2	2	4	4	1	78
5030	2	2	5	5	1	79
5031	2	2	6	6	1	81
5032	2	2	7	7	1	82
5033	2	2	8	8	1	84
5034	2	2	9	9	1	85
5035	2	2	10	10	1	87
5036	2	2	11	11	1	88
5037	2	2	12	12	1	90
5038	2	2	13	13	1	91
5039	2	2	14	14	1	93
5040	2	2	15	15	1	94
5041	2	2	16	16	1	96
5042	2	2	17	17	1	97
5043	2	2	18	18	1	99
5044	2	2	19	19	1	100
5045	2	2	20	20	1	102
5046	2	2	21	21	1	103
5047	2	2	22	22	1	105
5048	2	2	23	23	1	106
5049	2	2	24	24	1	108
5050	2	2	25	25	1	109
5051	2	2	26	26	1	111
5052	2	2	27	27	1	112
5053	2	2	28	28	1	114
5054	2	2	29	29	1	115
5055	2	2	30	30	1	117
5056	2	2	31	31	1	118
5057	2	2	32	32	1	120
5058	2	2	33	33	1	121
5059	2	2	34	34	1	123
5060	2	2	35	35	1	124
5061	2	2	36	36	1	126
5062	2	2	37	37	1	127
5063	2	2	38	38	1	129
5064	2	2	39	39	1	130
5065	2	2	40	40	1	132
5066	2	2	41	41	1	133
5067	2	2	42	42	1	135
5068	2	2	43	43	1	136
5069	2	2	44	44	1	138
5070	2	2	45	45	1	139
5071	2	2	46	46	1	141
5072	2	2	47	47	1	142
5073	2	2	48	48	1	144
5074	2	2	49	49	1	145
5075	2	2	50	50	1	147
5076	2	2	51	51	1	148
5077	2	2	52	52	1	150
5078	2	2	53	53	1	151
5079	2	2	54	54	1	153
5080	2	2	55	55	1	154
5081	2	2	56	56	1	156
5082	2	2	57	57	1	157
5083	2	2	58	58	1	159
5084	2	2	59	59	1	160
5085	2	3	0	0	1	74
5086	2	3	1	1	1	75
5087	2	3	2	2	1	76
5088	2	3	3	3	1	77
5089	2	3	4	4	1	79
5090	2	3	5	5	1	80
5091	2	3	6	6	1	82
5092	2	3	7	7	1	83
5093	2	3	8	8	1	85
5094	2	3	9	9	1	86
5095	2	3	10	10	1	88
5096	2	3	11	11	1	89
5097	2	3	12	12	1	91
5098	2	3	13	13	1	92
5099	2	3	14	14	1	94
5100	2	3	15	15	1	95
5101	2	3	16	16	1	97
5102	2	3	17	17	1	98
5103	2	3	18	18	1	100
5104	2	3	19	19	1	101
5105	2	3	20	20	1	103
5106	2	3	21	21	1	104
5107	2	3	22	22	1	106
5108	2	3	23	23	1	107
5109	2	3	24	24	1	109
5110	2	3	25	25	1	110
5111	2	3	26	26	1	112
5112	2	3	27	27	1	113
5113	2	3	28	28	1	115
5114	2	3	29	29	1	116
5115	2	3	30	30	1	118
5116	2	3	31	31	1	119
5117	2	3	32	32	1	121
5118	2	3	33	33	1	122
5119	2	3	34	34	1	124
5120	2	3	35	35	1	125
5121	2	3	36	36	1	127
5122	2	3	37	37	1	128
5123	2	3	38	38	1	130
5124	2	3	39	39	1	131
5125	2	3	40	40	1	133
5126	2	3	41	41	1	134
5127	2	3	42	42	1	136
5128	2	3	43	43	1	137
5129	2	3	44	44	1	139
5130	2	3	45	45	1	140
5131	2	3	46	46	1	142
5132	2	3	47	47	1	143
5133	2	3	48	48	1	145
5134	2	3	49	49	1	146
5135	2	3	50	50	1	148
5136	2	3	51	51	1	149
5137	2	3	52	52	1	151
5138	2	3	53	53	1	152
5139	2	3	54	54	1	154
5140	2	3	55	55	1	155
5141	2	3	56	56	1	157
5142	2	3	57	57	1	158
5143	2	3	58	58	1	160
5144	2	4	0	0	1	75
5145	2	4	1	1	1	76
5146	2	4	2	2	1	77
5147	2	4	3	3	1	78
5148	2	4	4	4	1	80
5149	2	4	5	5	1	81
5150	2	4	6	6	1	83
5151	2	4	7	7	1	84
5152	2	4	8	8	1	86
5153	2	4	9	9	1	87
5154	2	4	10	10	1	89
5155	2	4	11	11	1	90
5156	2	4	12	12	1	92
5157	2	4	13	13	1	93
5158	2	4	14	14	1	95
5159	2	4	15	15	1	96
5160	2	4	16	16	1	98
5161	2	4	17	17	1	99
5162	2	4	18	18	1	101
5163	2	4	19	19	1	102
5164	2	4	20	20	1	104
5165	2	4	21	21	1	105
5166	2	4	22	22	1	107
5167	2	4	23	23	1	108
5168	2	4	24	24	1	110
5169	2	4	25	25	1	111
5170	2	4	26	26	1	113
5171	2	4	27	27	1	114
5172	2	4	28	28	1	116
5173	2	4	29	29	1	117
5174	2	4	30	30	1	119
5175	2	4	31	31	1	120
5176	2	4	32	32	1	122
5177	2	4	33	33	1	123
5178	2	4	34	34	1	125
5179	2	4	35	35	1	126
5180	2	4	36	36	1	128
5181	2	4	37	37	1	129
5182	2	4	38	38	1	131
5183	2	4	39	39	1	132
5184	2	4	40	40	1	134
5185	2	4	41	41	1	135
5186	2	4	42	42	1	137
5187	2	4	43	43	1	138
5188	2	4	44	44	1	140
5189	2	4	45	45	1	141
5190	2	4	46	46	1	143
5191	2	4	47	47	1	144
5192	2	4	48	48	1	146
5193	2	4	49	49	1	147
5194	2	4	50	50	1	149
5195	2	4	51	51	1	150
5196	2	4	52	52	1	152
5197	2	4	53	53	1	153
5198	2	4	54	54	1	155
5199	2	4	55	55	1	156
5200	2	4	56	56	1	158
5201	2	4	57	57	1	159
5202	2	5	0	0	1	76
5203	2	5	1	1	1	77
5204	2	5	2	2	1	78
5205	2	5	3	3	1	79
5206	2	5	4	4	1	81
5207	2	5	5	5	1	82
5208	2	5	6	6	1	84
5209	2	5	7	7	1	85
5210	2	5	8	8	1	87
5211	2	5	9	9	1	88
5212	2	5	10	10	1	90
5213	2	5	11	11	1	91
5214	2	5	12	12	1	93
5215	2	5	13	13	1	94
5216	2	5	14	14	1	96
5217	2	5	15	15	1	97
5218	2	5	16	16	1	99
5219	2	5	17	17	1	100
5220	2	5	18	18	1	102
5221	2	5	19	19	1	103
5222	2	5	20	20	1	105
5223	2	5	21	21	1	106
5224	2	5	22	22	1	108
5225	2	5	23	23	1	109
5226	2	5	24	24	1	111
5227	2	5	25	25	1	112
5228	2	5	26	26	1	114
5229	2	5	27	27	1	115
5230	2	5	28	28	1	117
5231	2	5	29	29	1	118
5232	2	5	30	30	1	120
5233	2	5	31	31	1	121
5234	2	5	32	32	1	123
5235	2	5	33	33	1	124
5236	2	5	34	34	1	126
5237	2	5	35	35	1	127
5238	2	5	36	36	1	129
5239	2	5	37	37	1	130
5240	2	5	38	38	1	132
5241	2	5	39	39	1	133
5242	2	5	40	40	1	135
5243	2	5	41	41	1	136
5244	2	5	42	42	1	138
5245	2	5	43	43	1	139
5246	2	5	44	44	1	141
5247	2	5	45	45	1	142
5248	2	5	46	46	1	144
5249	2	5	47	47	1	145
5250	2	5	48	48	1	147
5251	2	5	49	49	1	148
5252	2	5	50	50	1	150
5253	2	5	51	51	1	151
5254	2	5	52	52	1	153
5255	2	5	53	53	1	154
5256	2	5	54	54	1	156
5257	2	5	55	55	1	157
5258	2	5	56	56	1	159
5259	2	6	0	0	1	77
5260	2	6	1	1	1	78
5261	2	6	2	2	1	79
5262	2	6	3	3	1	80
5263	2	6	4	4	1	82
5264	2	6	5	5	1	83
5265	2	6	6	6	1	85
5266	2	6	7	7	1	86
5267	2	6	8	8	1	88
5268	2	6	9	9	1	89
5269	2	6	10	10	1	91
5270	2	6	11	11	1	92
5271	2	6	12	12	1	94
5272	2	6	13	13	1	95
5273	2	6	14	14	1	97
5274	2	6	15	15	1	98
5275	2	6	16	16	1	100
5276	2	6	17	17	1	101
5277	2	6	18	18	1	103
5278	2	6	19	19	1	104
5279	2	6	20	20	1	106
5280	2	6	21	21	1	107
5281	2	6	22	22	1	109
5282	2	6	23	23	1	110
5283	2	6	24	24	1	112
5284	2	6	25	25	1	113
5285	2	6	26	26	1	115
5286	2	6	27	27	1	116
5287	2	6	28	28	1	118
5288	2	6	29	29	1	119
5289	2	6	30	30	1	121
5290	2	6	31	31	1	122
5291	2	6	32	32	1	124
5292	2	6	33	33	1	125
5293	2	6	34	34	1	127
5294	2	6	35	35	1	128
5295	2	6	36	36	1	130
5296	2	6	37	37	1	131
5297	2	6	38	38	1	133
5298	2	6	39	39	1	134
5299	2	6	40	40	1	136
5300	2	6	41	41	1	137
5301	2	6	42	42	1	139
5302	2	6	43	43	1	140
5303	2	6	44	44	1	142
5304	2	6	45	45	1	143
5305	2	6	46	46	1	145
5306	2	6	47	47	1	146
5307	2	6	48	48	1	148
5308	2	6	49	49	1	149
5309	2	6	50	50	1	151
5310	2	6	51	51	1	152
5311	2	6	52	52	1	154
5312	2	6	53	53	1	155
5313	2	6	54	54	1	157
5314	2	6	55	55	1	158
5315	2	7	0	0	1	78
5316	2	7	1	1	1	79
5317	2	7	2	2	1	80
5318	2	7	3	3	1	81
5319	2	7	4	4	1	83
5320	2	7	5	5	1	84
5321	2	7	6	6	1	86
5322	2	7	7	7	1	87
5323	2	7	8	8	1	89
5324	2	7	9	9	1	90
5325	2	7	10	10	1	92
5326	2	7	11	11	1	93
5327	2	7	12	12	1	95
5328	2	7	13	13	1	96
5329	2	7	14	14	1	98
5330	2	7	15	15	1	99
5331	2	7	16	16	1	101
5332	2	7	17	17	1	102
5333	2	7	18	18	1	104
5334	2	7	19	19	1	105
5335	2	7	20	20	1	107
5336	2	7	21	21	1	108
5337	2	7	22	22	1	110
5338	2	7	23	23	1	111
5339	2	7	24	24	1	113
5340	2	7	25	25	1	114
5341	2	7	26	26	1	116
5342	2	7	27	27	1	117
5343	2	7	28	28	1	119
5344	2	7	29	29	1	120
5345	2	7	30	30	1	122
5346	2	7	31	31	1	123
5347	2	7	32	32	1	125
5348	2	7	33	33	1	126
5349	2	7	34	34	1	128
5350	2	7	35	35	1	129
5351	2	7	36	36	1	131
5352	2	7	37	37	1	132
5353	2	7	38	38	1	134
5354	2	7	39	39	1	135
5355	2	7	40	40	1	137
5356	2	7	41	41	1	138
5357	2	7	42	42	1	140
5358	2	7	43	43	1	141
5359	2	7	44	44	1	143
5360	2	7	45	45	1	144
5361	2	7	46	46	1	146
5362	2	7	47	47	1	147
5363	2	7	48	48	1	149
5364	2	7	49	49	1	150
5365	2	7	50	50	1	152
5366	2	7	51	51	1	153
5367	2	7	52	52	1	155
5368	2	7	53	53	1	156
5369	2	7	54	54	1	158
5370	2	8	0	0	1	79
5371	2	8	1	1	1	80
5372	2	8	2	2	1	81
5373	2	8	3	3	1	82
5374	2	8	4	4	1	84
5375	2	8	5	5	1	85
5376	2	8	6	6	1	87
5377	2	8	7	7	1	88
5378	2	8	8	8	1	90
5379	2	8	9	9	1	91
5380	2	8	10	10	1	93
5381	2	8	11	11	1	94
5382	2	8	12	12	1	96
5383	2	8	13	13	1	97
5384	2	8	14	14	1	99
5385	2	8	15	15	1	100
5386	2	8	16	16	1	102
5387	2	8	17	17	1	103
5388	2	8	18	18	1	105
5389	2	8	19	19	1	106
5390	2	8	20	20	1	108
5391	2	8	21	21	1	109
5392	2	8	22	22	1	111
5393	2	8	23	23	1	112
5394	2	8	24	24	1	114
5395	2	8	25	25	1	115
5396	2	8	26	26	1	117
5397	2	8	27	27	1	118
5398	2	8	28	28	1	120
5399	2	8	29	29	1	121
5400	2	8	30	30	1	123
5401	2	8	31	31	1	124
5402	2	8	32	32	1	126
5403	2	8	33	33	1	127
5404	2	8	34	34	1	129
5405	2	8	35	35	1	130
5406	2	8	36	36	1	132
5407	2	8	37	37	1	133
5408	2	8	38	38	1	135
5409	2	8	39	39	1	136
5410	2	8	40	40	1	138
5411	2	8	41	41	1	139
5412	2	8	42	42	1	141
5413	2	8	43	43	1	142
5414	2	8	44	44	1	144
5415	2	8	45	45	1	145
5416	2	8	46	46	1	147
5417	2	8	47	47	1	148
5418	2	8	48	48	1	150
5419	2	8	49	49	1	151
5420	2	8	50	50	1	153
5421	2	8	51	51	1	154
5422	2	8	52	52	1	156
5423	2	8	53	53	1	157
5424	2	9	0	0	1	80
5425	2	9	1	1	1	81
5426	2	9	2	2	1	82
5427	2	9	3	3	1	83
5428	2	9	4	4	1	85
5429	2	9	5	5	1	86
5430	2	9	6	6	1	88
5431	2	9	7	7	1	89
5432	2	9	8	8	1	91
5433	2	9	9	9	1	92
5434	2	9	10	10	1	94
5435	2	9	11	11	1	95
5436	2	9	12	12	1	97
5437	2	9	13	13	1	98
5438	2	9	14	14	1	100
5439	2	9	15	15	1	101
5440	2	9	16	16	1	103
5441	2	9	17	17	1	104
5442	2	9	18	18	1	106
5443	2	9	19	19	1	107
5444	2	9	20	20	1	109
5445	2	9	21	21	1	110
5446	2	9	22	22	1	112
5447	2	9	23	23	1	113
5448	2	9	24	24	1	115
5449	2	9	25	25	1	116
5450	2	9	26	26	1	118
5451	2	9	27	27	1	119
5452	2	9	28	28	1	121
5453	2	9	29	29	1	122
5454	2	9	30	30	1	124
5455	2	9	31	31	1	125
5456	2	9	32	32	1	127
5457	2	9	33	33	1	128
5458	2	9	34	34	1	130
5459	2	9	35	35	1	131
5460	2	9	36	36	1	133
5461	2	9	37	37	1	134
5462	2	9	38	38	1	136
5463	2	9	39	39	1	137
5464	2	9	40	40	1	139
5465	2	9	41	41	1	140
5466	2	9	42	42	1	142
5467	2	9	43	43	1	143
5468	2	9	44	44	1	145
5469	2	9	45	45	1	146
5470	2	9	46	46	1	148
5471	2	9	47	47	1	149
5472	2	9	48	48	1	151
5473	2	9	49	49	1	152
5474	2	9	50	50	1	154
5475	2	9	51	51	1	155
5476	2	9	52	52	1	157
5477	2	10	0	0	1	81
5478	2	10	1	1	1	82
5479	2	10	2	2	1	83
5480	2	10	3	3	1	84
5481	2	10	4	4	1	86
5482	2	10	5	5	1	87
5483	2	10	6	6	1	89
5484	2	10	7	7	1	90
5485	2	10	8	8	1	92
5486	2	10	9	9	1	93
5487	2	10	10	10	1	95
5488	2	10	11	11	1	96
5489	2	10	12	12	1	98
5490	2	10	13	13	1	99
5491	2	10	14	14	1	101
5492	2	10	15	15	1	102
5493	2	10	16	16	1	104
5494	2	10	17	17	1	105
5495	2	10	18	18	1	107
5496	2	10	19	19	1	108
5497	2	10	20	20	1	110
5498	2	10	21	21	1	111
5499	2	10	22	22	1	113
5500	2	10	23	23	1	114
5501	2	10	24	24	1	116
5502	2	10	25	25	1	117
5503	2	10	26	26	1	119
5504	2	10	27	27	1	120
5505	2	10	28	28	1	122
5506	2	10	29	29	1	123
5507	2	10	30	30	1	125
5508	2	10	31	31	1	126
5509	2	10	32	32	1	128
5510	2	10	33	33	1	129
5511	2	10	34	34	1	131
5512	2	10	35	35	1	132
5513	2	10	36	36	1	134
5514	2	10	37	37	1	135
5515	2	10	38	38	1	137
5516	2	10	39	39	1	138
5517	2	10	40	40	1	140
5518	2	10	41	41	1	141
5519	2	10	42	42	1	143
5520	2	10	43	43	1	144
5521	2	10	44	44	1	146
5522	2	10	45	45	1	147
5523	2	10	46	46	1	149
5524	2	10	47	47	1	150
5525	2	10	48	48	1	152
5526	2	10	49	49	1	153
5527	2	10	50	50	1	155
5528	2	10	51	51	1	156
5529	2	11	0	0	1	82
5530	2	11	1	1	1	83
5531	2	11	2	2	1	84
5532	2	11	3	3	1	85
5533	2	11	4	4	1	87
5534	2	11	5	5	1	88
5535	2	11	6	6	1	90
5536	2	11	7	7	1	91
5537	2	11	8	8	1	93
5538	2	11	9	9	1	94
5539	2	11	10	10	1	96
5540	2	11	11	11	1	97
5541	2	11	12	12	1	99
5542	2	11	13	13	1	100
5543	2	11	14	14	1	102
5544	2	11	15	15	1	103
5545	2	11	16	16	1	105
5546	2	11	17	17	1	106
5547	2	11	18	18	1	108
5548	2	11	19	19	1	109
5549	2	11	20	20	1	111
5550	2	11	21	21	1	112
5551	2	11	22	22	1	114
5552	2	11	23	23	1	115
5553	2	11	24	24	1	117
5554	2	11	25	25	1	118
5555	2	11	26	26	1	120
5556	2	11	27	27	1	121
5557	2	11	28	28	1	123
5558	2	11	29	29	1	124
5559	2	11	30	30	1	126
5560	2	11	31	31	1	127
5561	2	11	32	32	1	129
5562	2	11	33	33	1	130
5563	2	11	34	34	1	132
5564	2	11	35	35	1	133
5565	2	11	36	36	1	135
5566	2	11	37	37	1	136
5567	2	11	38	38	1	138
5568	2	11	39	39	1	139
5569	2	11	40	40	1	141
5570	2	11	41	41	1	142
5571	2	11	42	42	1	144
5572	2	11	43	43	1	145
5573	2	11	44	44	1	147
5574	2	11	45	45	1	148
5575	2	11	46	46	1	150
5576	2	11	47	47	1	151
5577	2	11	48	48	1	153
5578	2	11	49	49	1	154
5579	2	11	50	50	1	156
5580	2	12	0	0	1	83
5581	2	12	1	1	1	84
5582	2	12	2	2	1	85
5583	2	12	3	3	1	86
5584	2	12	4	4	1	88
5585	2	12	5	5	1	89
5586	2	12	6	6	1	91
5587	2	12	7	7	1	92
5588	2	12	8	8	1	94
5589	2	12	9	9	1	95
5590	2	12	10	10	1	97
5591	2	12	11	11	1	98
5592	2	12	12	12	1	100
5593	2	12	13	13	1	101
5594	2	12	14	14	1	103
5595	2	12	15	15	1	104
5596	2	12	16	16	1	106
5597	2	12	17	17	1	107
5598	2	12	18	18	1	109
5599	2	12	19	19	1	110
5600	2	12	20	20	1	112
5601	2	12	21	21	1	113
5602	2	12	22	22	1	115
5603	2	12	23	23	1	116
5604	2	12	24	24	1	118
5605	2	12	25	25	1	119
5606	2	12	26	26	1	121
5607	2	12	27	27	1	122
5608	2	12	28	28	1	124
5609	2	12	29	29	1	125
5610	2	12	30	30	1	127
5611	2	12	31	31	1	128
5612	2	12	32	32	1	130
5613	2	12	33	33	1	131
5614	2	12	34	34	1	133
5615	2	12	35	35	1	134
5616	2	12	36	36	1	136
5617	2	12	37	37	1	137
5618	2	12	38	38	1	139
5619	2	12	39	39	1	140
5620	2	12	40	40	1	142
5621	2	12	41	41	1	143
5622	2	12	42	42	1	145
5623	2	12	43	43	1	146
5624	2	12	44	44	1	148
5625	2	12	45	45	1	149
5626	2	12	46	46	1	151
5627	2	12	47	47	1	152
5628	2	12	48	48	1	154
5629	2	12	49	49	1	155
5630	2	13	0	0	1	84
5631	2	13	1	1	1	85
5632	2	13	2	2	1	86
5633	2	13	3	3	1	87
5634	2	13	4	4	1	89
5635	2	13	5	5	1	90
5636	2	13	6	6	1	92
5637	2	13	7	7	1	93
5638	2	13	8	8	1	95
5639	2	13	9	9	1	96
5640	2	13	10	10	1	98
5641	2	13	11	11	1	99
5642	2	13	12	12	1	101
5643	2	13	13	13	1	102
5644	2	13	14	14	1	104
5645	2	13	15	15	1	105
5646	2	13	16	16	1	107
5647	2	13	17	17	1	108
5648	2	13	18	18	1	110
5649	2	13	19	19	1	111
5650	2	13	20	20	1	113
5651	2	13	21	21	1	114
5652	2	13	22	22	1	116
5653	2	13	23	23	1	117
5654	2	13	24	24	1	119
5655	2	13	25	25	1	120
5656	2	13	26	26	1	122
5657	2	13	27	27	1	123
5658	2	13	28	28	1	125
5659	2	13	29	29	1	126
5660	2	13	30	30	1	128
5661	2	13	31	31	1	129
5662	2	13	32	32	1	131
5663	2	13	33	33	1	132
5664	2	13	34	34	1	134
5665	2	13	35	35	1	135
5666	2	13	36	36	1	137
5667	2	13	37	37	1	138
5668	2	13	38	38	1	140
5669	2	13	39	39	1	141
5670	2	13	40	40	1	143
5671	2	13	41	41	1	144
5672	2	13	42	42	1	146
5673	2	13	43	43	1	147
5674	2	13	44	44	1	149
5675	2	13	45	45	1	150
5676	2	13	46	46	1	152
5677	2	13	47	47	1	153
5678	2	13	48	48	1	155
5679	2	14	0	0	1	85
5680	2	14	1	1	1	86
5681	2	14	2	2	1	87
5682	2	14	3	3	1	88
5683	2	14	4	4	1	90
5684	2	14	5	5	1	91
5685	2	14	6	6	1	93
5686	2	14	7	7	1	94
5687	2	14	8	8	1	96
5688	2	14	9	9	1	97
5689	2	14	10	10	1	99
5690	2	14	11	11	1	100
5691	2	14	12	12	1	102
5692	2	14	13	13	1	103
5693	2	14	14	14	1	105
5694	2	14	15	15	1	106
5695	2	14	16	16	1	108
5696	2	14	17	17	1	109
5697	2	14	18	18	1	111
5698	2	14	19	19	1	112
5699	2	14	20	20	1	114
5700	2	14	21	21	1	115
5701	2	14	22	22	1	117
5702	2	14	23	23	1	118
5703	2	14	24	24	1	120
5704	2	14	25	25	1	121
5705	2	14	26	26	1	123
5706	2	14	27	27	1	124
5707	2	14	28	28	1	126
5708	2	14	29	29	1	127
5709	2	14	30	30	1	129
5710	2	14	31	31	1	130
5711	2	14	32	32	1	132
5712	2	14	33	33	1	133
5713	2	14	34	34	1	135
5714	2	14	35	35	1	136
5715	2	14	36	36	1	138
5716	2	14	37	37	1	139
5717	2	14	38	38	1	141
5718	2	14	39	39	1	142
5719	2	14	40	40	1	144
5720	2	14	41	41	1	145
5721	2	14	42	42	1	147
5722	2	14	43	43	1	148
5723	2	14	44	44	1	150
5724	2	14	45	45	1	151
5725	2	14	46	46	1	153
5726	2	14	47	47	1	154
5727	2	15	0	0	1	86
5728	2	15	1	1	1	87
5729	2	15	2	2	1	88
5730	2	15	3	3	1	89
5731	2	15	4	4	1	91
5732	2	15	5	5	1	92
5733	2	15	6	6	1	94
5734	2	15	7	7	1	95
5735	2	15	8	8	1	97
5736	2	15	9	9	1	98
5737	2	15	10	10	1	100
5738	2	15	11	11	1	101
5739	2	15	12	12	1	103
5740	2	15	13	13	1	104
5741	2	15	14	14	1	106
5742	2	15	15	15	1	107
5743	2	15	16	16	1	109
5744	2	15	17	17	1	110
5745	2	15	18	18	1	112
5746	2	15	19	19	1	113
5747	2	15	20	20	1	115
5748	2	15	21	21	1	116
5749	2	15	22	22	1	118
5750	2	15	23	23	1	119
5751	2	15	24	24	1	121
5752	2	15	25	25	1	122
5753	2	15	26	26	1	124
5754	2	15	27	27	1	125
5755	2	15	28	28	1	127
5756	2	15	29	29	1	128
5757	2	15	30	30	1	130
5758	2	15	31	31	1	131
5759	2	15	32	32	1	133
5760	2	15	33	33	1	134
5761	2	15	34	34	1	136
5762	2	15	35	35	1	137
5763	2	15	36	36	1	139
5764	2	15	37	37	1	140
5765	2	15	38	38	1	142
5766	2	15	39	39	1	143
5767	2	15	40	40	1	145
5768	2	15	41	41	1	146
5769	2	15	42	42	1	148
5770	2	15	43	43	1	149
5771	2	15	44	44	1	151
5772	2	15	45	45	1	152
5773	2	15	46	46	1	154
5774	2	16	0	0	1	87
5775	2	16	1	1	1	88
5776	2	16	2	2	1	89
5777	2	16	3	3	1	90
5778	2	16	4	4	1	92
5779	2	16	5	5	1	93
5780	2	16	6	6	1	95
5781	2	16	7	7	1	96
5782	2	16	8	8	1	98
5783	2	16	9	9	1	99
5784	2	16	10	10	1	101
5785	2	16	11	11	1	102
5786	2	16	12	12	1	104
5787	2	16	13	13	1	105
5788	2	16	14	14	1	107
5789	2	16	15	15	1	108
5790	2	16	16	16	1	110
5791	2	16	17	17	1	111
5792	2	16	18	18	1	113
5793	2	16	19	19	1	114
5794	2	16	20	20	1	116
5795	2	16	21	21	1	117
5796	2	16	22	22	1	119
5797	2	16	23	23	1	120
5798	2	16	24	24	1	122
5799	2	16	25	25	1	123
5800	2	16	26	26	1	125
5801	2	16	27	27	1	126
5802	2	16	28	28	1	128
5803	2	16	29	29	1	129
5804	2	16	30	30	1	131
5805	2	16	31	31	1	132
5806	2	16	32	32	1	134
5807	2	16	33	33	1	135
5808	2	16	34	34	1	137
5809	2	16	35	35	1	138
5810	2	16	36	36	1	140
5811	2	16	37	37	1	141
5812	2	16	38	38	1	143
5813	2	16	39	39	1	144
5814	2	16	40	40	1	146
5815	2	16	41	41	1	147
5816	2	16	42	42	1	149
5817	2	16	43	43	1	150
5818	2	16	44	44	1	152
5819	2	16	45	45	1	153
5820	2	17	0	0	1	88
5821	2	17	1	1	1	89
5822	2	17	2	2	1	90
5823	2	17	3	3	1	91
5824	2	17	4	4	1	93
5825	2	17	5	5	1	94
5826	2	17	6	6	1	96
5827	2	17	7	7	1	97
5828	2	17	8	8	1	99
5829	2	17	9	9	1	100
5830	2	17	10	10	1	102
5831	2	17	11	11	1	103
5832	2	17	12	12	1	105
5833	2	17	13	13	1	106
5834	2	17	14	14	1	108
5835	2	17	15	15	1	109
5836	2	17	16	16	1	111
5837	2	17	17	17	1	112
5838	2	17	18	18	1	114
5839	2	17	19	19	1	115
5840	2	17	20	20	1	117
5841	2	17	21	21	1	118
5842	2	17	22	22	1	120
5843	2	17	23	23	1	121
5844	2	17	24	24	1	123
5845	2	17	25	25	1	124
5846	2	17	26	26	1	126
5847	2	17	27	27	1	127
5848	2	17	28	28	1	129
5849	2	17	29	29	1	130
5850	2	17	30	30	1	132
5851	2	17	31	31	1	133
5852	2	17	32	32	1	135
5853	2	17	33	33	1	136
5854	2	17	34	34	1	138
5855	2	17	35	35	1	139
5856	2	17	36	36	1	141
5857	2	17	37	37	1	142
5858	2	17	38	38	1	144
5859	2	17	39	39	1	145
5860	2	17	40	40	1	147
5861	2	17	41	41	1	148
5862	2	17	42	42	1	150
5863	2	17	43	43	1	151
5864	2	17	44	44	1	153
5865	2	18	0	0	1	89
5866	2	18	1	1	1	90
5867	2	18	2	2	1	91
5868	2	18	3	3	1	92
5869	2	18	4	4	1	94
5870	2	18	5	5	1	95
5871	2	18	6	6	1	97
5872	2	18	7	7	1	98
5873	2	18	8	8	1	100
5874	2	18	9	9	1	101
5875	2	18	10	10	1	103
5876	2	18	11	11	1	104
5877	2	18	12	12	1	106
5878	2	18	13	13	1	107
5879	2	18	14	14	1	109
5880	2	18	15	15	1	110
5881	2	18	16	16	1	112
5882	2	18	17	17	1	113
5883	2	18	18	18	1	115
5884	2	18	19	19	1	116
5885	2	18	20	20	1	118
5886	2	18	21	21	1	119
5887	2	18	22	22	1	121
5888	2	18	23	23	1	122
5889	2	18	24	24	1	124
5890	2	18	25	25	1	125
5891	2	18	26	26	1	127
5892	2	18	27	27	1	128
5893	2	18	28	28	1	130
5894	2	18	29	29	1	131
5895	2	18	30	30	1	133
5896	2	18	31	31	1	134
5897	2	18	32	32	1	136
5898	2	18	33	33	1	137
5899	2	18	34	34	1	139
5900	2	18	35	35	1	140
5901	2	18	36	36	1	142
5902	2	18	37	37	1	143
5903	2	18	38	38	1	145
5904	2	18	39	39	1	146
5905	2	18	40	40	1	148
5906	2	18	41	41	1	149
5907	2	18	42	42	1	151
5908	2	18	43	43	1	152
5909	2	19	0	0	1	90
5910	2	19	1	1	1	91
5911	2	19	2	2	1	92
5912	2	19	3	3	1	93
5913	2	19	4	4	1	95
5914	2	19	5	5	1	96
5915	2	19	6	6	1	98
5916	2	19	7	7	1	99
5917	2	19	8	8	1	101
5918	2	19	9	9	1	102
5919	2	19	10	10	1	104
5920	2	19	11	11	1	105
5921	2	19	12	12	1	107
5922	2	19	13	13	1	108
5923	2	19	14	14	1	110
5924	2	19	15	15	1	111
5925	2	19	16	16	1	113
5926	2	19	17	17	1	114
5927	2	19	18	18	1	116
5928	2	19	19	19	1	117
5929	2	19	20	20	1	119
5930	2	19	21	21	1	120
5931	2	19	22	22	1	122
5932	2	19	23	23	1	123
5933	2	19	24	24	1	125
5934	2	19	25	25	1	126
5935	2	19	26	26	1	128
5936	2	19	27	27	1	129
5937	2	19	28	28	1	131
5938	2	19	29	29	1	132
5939	2	19	30	30	1	134
5940	2	19	31	31	1	135
5941	2	19	32	32	1	137
5942	2	19	33	33	1	138
5943	2	19	34	34	1	140
5944	2	19	35	35	1	141
5945	2	19	36	36	1	143
5946	2	19	37	37	1	144
5947	2	19	38	38	1	146
5948	2	19	39	39	1	147
5949	2	19	40	40	1	149
5950	2	19	41	41	1	150
5951	2	19	42	42	1	152
5952	2	20	0	0	1	91
5953	2	20	1	1	1	92
5954	2	20	2	2	1	93
5955	2	20	3	3	1	94
5956	2	20	4	4	1	96
5957	2	20	5	5	1	97
5958	2	20	6	6	1	99
5959	2	20	7	7	1	100
5960	2	20	8	8	1	102
5961	2	20	9	9	1	103
5962	2	20	10	10	1	105
5963	2	20	11	11	1	106
5964	2	20	12	12	1	108
5965	2	20	13	13	1	109
5966	2	20	14	14	1	111
5967	2	20	15	15	1	112
5968	2	20	16	16	1	114
5969	2	20	17	17	1	115
5970	2	20	18	18	1	117
5971	2	20	19	19	1	118
5972	2	20	20	20	1	120
5973	2	20	21	21	1	121
5974	2	20	22	22	1	123
5975	2	20	23	23	1	124
5976	2	20	24	24	1	126
5977	2	20	25	25	1	127
5978	2	20	26	26	1	129
5979	2	20	27	27	1	130
5980	2	20	28	28	1	132
5981	2	20	29	29	1	133
5982	2	20	30	30	1	135
5983	2	20	31	31	1	136
5984	2	20	32	32	1	138
5985	2	20	33	33	1	139
5986	2	20	34	34	1	141
5987	2	20	35	35	1	142
5988	2	20	36	36	1	144
5989	2	20	37	37	1	145
5990	2	20	38	38	1	147
5991	2	20	39	39	1	148
5992	2	20	40	40	1	150
5993	2	20	41	41	1	151
5994	2	21	0	0	1	92
5995	2	21	1	1	1	93
5996	2	21	2	2	1	94
5997	2	21	3	3	1	95
5998	2	21	4	4	1	97
5999	2	21	5	5	1	98
6000	2	21	6	6	1	100
6001	2	21	7	7	1	101
6002	2	21	8	8	1	103
6003	2	21	9	9	1	104
6004	2	21	10	10	1	106
6005	2	21	11	11	1	107
6006	2	21	12	12	1	109
6007	2	21	13	13	1	110
6008	2	21	14	14	1	112
6009	2	21	15	15	1	113
6010	2	21	16	16	1	115
6011	2	21	17	17	1	116
6012	2	21	18	18	1	118
6013	2	21	19	19	1	119
6014	2	21	20	20	1	121
6015	2	21	21	21	1	122
6016	2	21	22	22	1	124
6017	2	21	23	23	1	125
6018	2	21	24	24	1	127
6019	2	21	25	25	1	128
6020	2	21	26	26	1	130
6021	2	21	27	27	1	131
6022	2	21	28	28	1	133
6023	2	21	29	29	1	134
6024	2	21	30	30	1	136
6025	2	21	31	31	1	137
6026	2	21	32	32	1	139
6027	2	21	33	33	1	140
6028	2	21	34	34	1	142
6029	2	21	35	35	1	143
6030	2	21	36	36	1	145
6031	2	21	37	37	1	146
6032	2	21	38	38	1	148
6033	2	21	39	39	1	149
6034	2	21	40	40	1	151
6035	2	22	0	0	1	93
6036	2	22	1	1	1	94
6037	2	22	2	2	1	95
6038	2	22	3	3	1	96
6039	2	22	4	4	1	98
6040	2	22	5	5	1	99
6041	2	22	6	6	1	101
6042	2	22	7	7	1	102
6043	2	22	8	8	1	104
6044	2	22	9	9	1	105
6045	2	22	10	10	1	107
6046	2	22	11	11	1	108
6047	2	22	12	12	1	110
6048	2	22	13	13	1	111
6049	2	22	14	14	1	113
6050	2	22	15	15	1	114
6051	2	22	16	16	1	116
6052	2	22	17	17	1	117
6053	2	22	18	18	1	119
6054	2	22	19	19	1	120
6055	2	22	20	20	1	122
6056	2	22	21	21	1	123
6057	2	22	22	22	1	125
6058	2	22	23	23	1	126
6059	2	22	24	24	1	128
6060	2	22	25	25	1	129
6061	2	22	26	26	1	131
6062	2	22	27	27	1	132
6063	2	22	28	28	1	134
6064	2	22	29	29	1	135
6065	2	22	30	30	1	137
6066	2	22	31	31	1	138
6067	2	22	32	32	1	140
6068	2	22	33	33	1	141
6069	2	22	34	34	1	143
6070	2	22	35	35	1	144
6071	2	22	36	36	1	146
6072	2	22	37	37	1	147
6073	2	22	38	38	1	149
6074	2	22	39	39	1	150
6075	2	23	0	0	1	94
6076	2	23	1	1	1	95
6077	2	23	2	2	1	96
6078	2	23	3	3	1	97
6079	2	23	4	4	1	99
6080	2	23	5	5	1	100
6081	2	23	6	6	1	102
6082	2	23	7	7	1	103
6083	2	23	8	8	1	105
6084	2	23	9	9	1	106
6085	2	23	10	10	1	108
6086	2	23	11	11	1	109
6087	2	23	12	12	1	111
6088	2	23	13	13	1	112
6089	2	23	14	14	1	114
6090	2	23	15	15	1	115
6091	2	23	16	16	1	117
6092	2	23	17	17	1	118
6093	2	23	18	18	1	120
6094	2	23	19	19	1	121
6095	2	23	20	20	1	123
6096	2	23	21	21	1	124
6097	2	23	22	22	1	126
6098	2	23	23	23	1	127
6099	2	23	24	24	1	129
6100	2	23	25	25	1	130
6101	2	23	26	26	1	132
6102	2	23	27	27	1	133
6103	2	23	28	28	1	135
6104	2	23	29	29	1	136
6105	2	23	30	30	1	138
6106	2	23	31	31	1	139
6107	2	23	32	32	1	141
6108	2	23	33	33	1	142
6109	2	23	34	34	1	144
6110	2	23	35	35	1	145
6111	2	23	36	36	1	147
6112	2	23	37	37	1	148
6113	2	23	38	38	1	150
6114	2	24	0	0	1	95
6115	2	24	1	1	1	96
6116	2	24	2	2	1	97
6117	2	24	3	3	1	98
6118	2	24	4	4	1	100
6119	2	24	5	5	1	101
6120	2	24	6	6	1	103
6121	2	24	7	7	1	104
6122	2	24	8	8	1	106
6123	2	24	9	9	1	107
6124	2	24	10	10	1	109
6125	2	24	11	11	1	110
6126	2	24	12	12	1	112
6127	2	24	13	13	1	113
6128	2	24	14	14	1	115
6129	2	24	15	15	1	116
6130	2	24	16	16	1	118
6131	2	24	17	17	1	119
6132	2	24	18	18	1	121
6133	2	24	19	19	1	122
6134	2	24	20	20	1	124
6135	2	24	21	21	1	125
6136	2	24	22	22	1	127
6137	2	24	23	23	1	128
6138	2	24	24	24	1	130
6139	2	24	25	25	1	131
6140	2	24	26	26	1	133
6141	2	24	27	27	1	134
6142	2	24	28	28	1	136
6143	2	24	29	29	1	137
6144	2	24	30	30	1	139
6145	2	24	31	31	1	140
6146	2	24	32	32	1	142
6147	2	24	33	33	1	143
6148	2	24	34	34	1	145
6149	2	24	35	35	1	146
6150	2	24	36	36	1	148
6151	2	24	37	37	1	149
6152	2	25	0	0	1	96
6153	2	25	1	1	1	97
6154	2	25	2	2	1	98
6155	2	25	3	3	1	99
6156	2	25	4	4	1	101
6157	2	25	5	5	1	102
6158	2	25	6	6	1	104
6159	2	25	7	7	1	105
6160	2	25	8	8	1	107
6161	2	25	9	9	1	108
6162	2	25	10	10	1	110
6163	2	25	11	11	1	111
6164	2	25	12	12	1	113
6165	2	25	13	13	1	114
6166	2	25	14	14	1	116
6167	2	25	15	15	1	117
6168	2	25	16	16	1	119
6169	2	25	17	17	1	120
6170	2	25	18	18	1	122
6171	2	25	19	19	1	123
6172	2	25	20	20	1	125
6173	2	25	21	21	1	126
6174	2	25	22	22	1	128
6175	2	25	23	23	1	129
6176	2	25	24	24	1	131
6177	2	25	25	25	1	132
6178	2	25	26	26	1	134
6179	2	25	27	27	1	135
6180	2	25	28	28	1	137
6181	2	25	29	29	1	138
6182	2	25	30	30	1	140
6183	2	25	31	31	1	141
6184	2	25	32	32	1	143
6185	2	25	33	33	1	144
6186	2	25	34	34	1	146
6187	2	25	35	35	1	147
6188	2	25	36	36	1	149
6189	2	26	0	0	1	97
6190	2	26	1	1	1	98
6191	2	26	2	2	1	99
6192	2	26	3	3	1	100
6193	2	26	4	4	1	102
6194	2	26	5	5	1	103
6195	2	26	6	6	1	105
6196	2	26	7	7	1	106
6197	2	26	8	8	1	108
6198	2	26	9	9	1	109
6199	2	26	10	10	1	111
6200	2	26	11	11	1	112
6201	2	26	12	12	1	114
6202	2	26	13	13	1	115
6203	2	26	14	14	1	117
6204	2	26	15	15	1	118
6205	2	26	16	16	1	120
6206	2	26	17	17	1	121
6207	2	26	18	18	1	123
6208	2	26	19	19	1	124
6209	2	26	20	20	1	126
6210	2	26	21	21	1	127
6211	2	26	22	22	1	129
6212	2	26	23	23	1	130
6213	2	26	24	24	1	132
6214	2	26	25	25	1	133
6215	2	26	26	26	1	135
6216	2	26	27	27	1	136
6217	2	26	28	28	1	138
6218	2	26	29	29	1	139
6219	2	26	30	30	1	141
6220	2	26	31	31	1	142
6221	2	26	32	32	1	144
6222	2	26	33	33	1	145
6223	2	26	34	34	1	147
6224	2	26	35	35	1	148
6225	2	27	0	0	1	98
6226	2	27	1	1	1	99
6227	2	27	2	2	1	100
6228	2	27	3	3	1	101
6229	2	27	4	4	1	103
6230	2	27	5	5	1	104
6231	2	27	6	6	1	106
6232	2	27	7	7	1	107
6233	2	27	8	8	1	109
6234	2	27	9	9	1	110
6235	2	27	10	10	1	112
6236	2	27	11	11	1	113
6237	2	27	12	12	1	115
6238	2	27	13	13	1	116
6239	2	27	14	14	1	118
6240	2	27	15	15	1	119
6241	2	27	16	16	1	121
6242	2	27	17	17	1	122
6243	2	27	18	18	1	124
6244	2	27	19	19	1	125
6245	2	27	20	20	1	127
6246	2	27	21	21	1	128
6247	2	27	22	22	1	130
6248	2	27	23	23	1	131
6249	2	27	24	24	1	133
6250	2	27	25	25	1	134
6251	2	27	26	26	1	136
6252	2	27	27	27	1	137
6253	2	27	28	28	1	139
6254	2	27	29	29	1	140
6255	2	27	30	30	1	142
6256	2	27	31	31	1	143
6257	2	27	32	32	1	145
6258	2	27	33	33	1	146
6259	2	27	34	34	1	148
6260	2	28	0	0	1	99
6261	2	28	1	1	1	100
6262	2	28	2	2	1	101
6263	2	28	3	3	1	102
6264	2	28	4	4	1	104
6265	2	28	5	5	1	105
6266	2	28	6	6	1	107
6267	2	28	7	7	1	108
6268	2	28	8	8	1	110
6269	2	28	9	9	1	111
6270	2	28	10	10	1	113
6271	2	28	11	11	1	114
6272	2	28	12	12	1	116
6273	2	28	13	13	1	117
6274	2	28	14	14	1	119
6275	2	28	15	15	1	120
6276	2	28	16	16	1	122
6277	2	28	17	17	1	123
6278	2	28	18	18	1	125
6279	2	28	19	19	1	126
6280	2	28	20	20	1	128
6281	2	28	21	21	1	129
6282	2	28	22	22	1	131
6283	2	28	23	23	1	132
6284	2	28	24	24	1	134
6285	2	28	25	25	1	135
6286	2	28	26	26	1	137
6287	2	28	27	27	1	138
6288	2	28	28	28	1	140
6289	2	28	29	29	1	141
6290	2	28	30	30	1	143
6291	2	28	31	31	1	144
6292	2	28	32	32	1	146
6293	2	28	33	33	1	147
6294	2	29	0	0	1	100
6295	2	29	1	1	1	101
6296	2	29	2	2	1	102
6297	2	29	3	3	1	103
6298	2	29	4	4	1	105
6299	2	29	5	5	1	106
6300	2	29	6	6	1	108
6301	2	29	7	7	1	109
6302	2	29	8	8	1	111
6303	2	29	9	9	1	112
6304	2	29	10	10	1	114
6305	2	29	11	11	1	115
6306	2	29	12	12	1	117
6307	2	29	13	13	1	118
6308	2	29	14	14	1	120
6309	2	29	15	15	1	121
6310	2	29	16	16	1	123
6311	2	29	17	17	1	124
6312	2	29	18	18	1	126
6313	2	29	19	19	1	127
6314	2	29	20	20	1	129
6315	2	29	21	21	1	130
6316	2	29	22	22	1	132
6317	2	29	23	23	1	133
6318	2	29	24	24	1	135
6319	2	29	25	25	1	136
6320	2	29	26	26	1	138
6321	2	29	27	27	1	139
6322	2	29	28	28	1	141
6323	2	29	29	29	1	142
6324	2	29	30	30	1	144
6325	2	29	31	31	1	145
6326	2	29	32	32	1	147
6327	2	30	0	0	1	101
6328	2	30	1	1	1	102
6329	2	30	2	2	1	103
6330	2	30	3	3	1	104
6331	2	30	4	4	1	106
6332	2	30	5	5	1	107
6333	2	30	6	6	1	109
6334	2	30	7	7	1	110
6335	2	30	8	8	1	112
6336	2	30	9	9	1	113
6337	2	30	10	10	1	115
6338	2	30	11	11	1	116
6339	2	30	12	12	1	118
6340	2	30	13	13	1	119
6341	2	30	14	14	1	121
6342	2	30	15	15	1	122
6343	2	30	16	16	1	124
6344	2	30	17	17	1	125
6345	2	30	18	18	1	127
6346	2	30	19	19	1	128
6347	2	30	20	20	1	130
6348	2	30	21	21	1	131
6349	2	30	22	22	1	133
6350	2	30	23	23	1	134
6351	2	30	24	24	1	136
6352	2	30	25	25	1	137
6353	2	30	26	26	1	139
6354	2	30	27	27	1	140
6355	2	30	28	28	1	142
6356	2	30	29	29	1	143
6357	2	30	30	30	1	145
6358	2	30	31	31	1	146
6359	2	31	0	0	1	102
6360	2	31	1	1	1	103
6361	2	31	2	2	1	104
6362	2	31	3	3	1	105
6363	2	31	4	4	1	107
6364	2	31	5	5	1	108
6365	2	31	6	6	1	110
6366	2	31	7	7	1	111
6367	2	31	8	8	1	113
6368	2	31	9	9	1	114
6369	2	31	10	10	1	116
6370	2	31	11	11	1	117
6371	2	31	12	12	1	119
6372	2	31	13	13	1	120
6373	2	31	14	14	1	122
6374	2	31	15	15	1	123
6375	2	31	16	16	1	125
6376	2	31	17	17	1	126
6377	2	31	18	18	1	128
6378	2	31	19	19	1	129
6379	2	31	20	20	1	131
6380	2	31	21	21	1	132
6381	2	31	22	22	1	134
6382	2	31	23	23	1	135
6383	2	31	24	24	1	137
6384	2	31	25	25	1	138
6385	2	31	26	26	1	140
6386	2	31	27	27	1	141
6387	2	31	28	28	1	143
6388	2	31	29	29	1	144
6389	2	31	30	30	1	146
6390	2	32	0	0	1	103
6391	2	32	1	1	1	104
6392	2	32	2	2	1	105
6393	2	32	3	3	1	106
6394	2	32	4	4	1	108
6395	2	32	5	5	1	109
6396	2	32	6	6	1	111
6397	2	32	7	7	1	112
6398	2	32	8	8	1	114
6399	2	32	9	9	1	115
6400	2	32	10	10	1	117
6401	2	32	11	11	1	118
6402	2	32	12	12	1	120
6403	2	32	13	13	1	121
6404	2	32	14	14	1	123
6405	2	32	15	15	1	124
6406	2	32	16	16	1	126
6407	2	32	17	17	1	127
6408	2	32	18	18	1	129
6409	2	32	19	19	1	130
6410	2	32	20	20	1	132
6411	2	32	21	21	1	133
6412	2	32	22	22	1	135
6413	2	32	23	23	1	136
6414	2	32	24	24	1	138
6415	2	32	25	25	1	139
6416	2	32	26	26	1	141
6417	2	32	27	27	1	142
6418	2	32	28	28	1	144
6419	2	32	29	29	1	145
6420	2	33	0	0	1	104
6421	2	33	1	1	1	105
6422	2	33	2	2	1	106
6423	2	33	3	3	1	107
6424	2	33	4	4	1	109
6425	2	33	5	5	1	110
6426	2	33	6	6	1	112
6427	2	33	7	7	1	113
6428	2	33	8	8	1	115
6429	2	33	9	9	1	116
6430	2	33	10	10	1	118
6431	2	33	11	11	1	119
6432	2	33	12	12	1	121
6433	2	33	13	13	1	122
6434	2	33	14	14	1	124
6435	2	33	15	15	1	125
6436	2	33	16	16	1	127
6437	2	33	17	17	1	128
6438	2	33	18	18	1	130
6439	2	33	19	19	1	131
6440	2	33	20	20	1	133
6441	2	33	21	21	1	134
6442	2	33	22	22	1	136
6443	2	33	23	23	1	137
6444	2	33	24	24	1	139
6445	2	33	25	25	1	140
6446	2	33	26	26	1	142
6447	2	33	27	27	1	143
6448	2	33	28	28	1	145
6449	2	34	0	0	1	105
6450	2	34	1	1	1	106
6451	2	34	2	2	1	107
6452	2	34	3	3	1	108
6453	2	34	4	4	1	110
6454	2	34	5	5	1	111
6455	2	34	6	6	1	113
6456	2	34	7	7	1	114
6457	2	34	8	8	1	116
6458	2	34	9	9	1	117
6459	2	34	10	10	1	119
6460	2	34	11	11	1	120
6461	2	34	12	12	1	122
6462	2	34	13	13	1	123
6463	2	34	14	14	1	125
6464	2	34	15	15	1	126
6465	2	34	16	16	1	128
6466	2	34	17	17	1	129
6467	2	34	18	18	1	131
6468	2	34	19	19	1	132
6469	2	34	20	20	1	134
6470	2	34	21	21	1	135
6471	2	34	22	22	1	137
6472	2	34	23	23	1	138
6473	2	34	24	24	1	140
6474	2	34	25	25	1	141
6475	2	34	26	26	1	143
6476	2	34	27	27	1	144
6477	2	35	0	0	1	106
6478	2	35	1	1	1	107
6479	2	35	2	2	1	108
6480	2	35	3	3	1	109
6481	2	35	4	4	1	111
6482	2	35	5	5	1	112
6483	2	35	6	6	1	114
6484	2	35	7	7	1	115
6485	2	35	8	8	1	117
6486	2	35	9	9	1	118
6487	2	35	10	10	1	120
6488	2	35	11	11	1	121
6489	2	35	12	12	1	123
6490	2	35	13	13	1	124
6491	2	35	14	14	1	126
6492	2	35	15	15	1	127
6493	2	35	16	16	1	129
6494	2	35	17	17	1	130
6495	2	35	18	18	1	132
6496	2	35	19	19	1	133
6497	2	35	20	20	1	135
6498	2	35	21	21	1	136
6499	2	35	22	22	1	138
6500	2	35	23	23	1	139
6501	2	35	24	24	1	141
6502	2	35	25	25	1	142
6503	2	35	26	26	1	144
6504	2	36	0	0	1	107
6505	2	36	1	1	1	108
6506	2	36	2	2	1	109
6507	2	36	3	3	1	110
6508	2	36	4	4	1	112
6509	2	36	5	5	1	113
6510	2	36	6	6	1	115
6511	2	36	7	7	1	116
6512	2	36	8	8	1	118
6513	2	36	9	9	1	119
6514	2	36	10	10	1	121
6515	2	36	11	11	1	122
6516	2	36	12	12	1	124
6517	2	36	13	13	1	125
6518	2	36	14	14	1	127
6519	2	36	15	15	1	128
6520	2	36	16	16	1	130
6521	2	36	17	17	1	131
6522	2	36	18	18	1	133
6523	2	36	19	19	1	134
6524	2	36	20	20	1	136
6525	2	36	21	21	1	137
6526	2	36	22	22	1	139
6527	2	36	23	23	1	140
6528	2	36	24	24	1	142
6529	2	36	25	25	1	143
6530	2	37	0	0	1	108
6531	2	37	1	1	1	109
6532	2	37	2	2	1	110
6533	2	37	3	3	1	111
6534	2	37	4	4	1	113
6535	2	37	5	5	1	114
6536	2	37	6	6	1	116
6537	2	37	7	7	1	117
6538	2	37	8	8	1	119
6539	2	37	9	9	1	120
6540	2	37	10	10	1	122
6541	2	37	11	11	1	123
6542	2	37	12	12	1	125
6543	2	37	13	13	1	126
6544	2	37	14	14	1	128
6545	2	37	15	15	1	129
6546	2	37	16	16	1	131
6547	2	37	17	17	1	132
6548	2	37	18	18	1	134
6549	2	37	19	19	1	135
6550	2	37	20	20	1	137
6551	2	37	21	21	1	138
6552	2	37	22	22	1	140
6553	2	37	23	23	1	141
6554	2	37	24	24	1	143
6555	2	38	0	0	1	109
6556	2	38	1	1	1	110
6557	2	38	2	2	1	111
6558	2	38	3	3	1	112
6559	2	38	4	4	1	114
6560	2	38	5	5	1	115
6561	2	38	6	6	1	117
6562	2	38	7	7	1	118
6563	2	38	8	8	1	120
6564	2	38	9	9	1	121
6565	2	38	10	10	1	123
6566	2	38	11	11	1	124
6567	2	38	12	12	1	126
6568	2	38	13	13	1	127
6569	2	38	14	14	1	129
6570	2	38	15	15	1	130
6571	2	38	16	16	1	132
6572	2	38	17	17	1	133
6573	2	38	18	18	1	135
6574	2	38	19	19	1	136
6575	2	38	20	20	1	138
6576	2	38	21	21	1	139
6577	2	38	22	22	1	141
6578	2	38	23	23	1	142
6579	2	39	0	0	1	110
6580	2	39	1	1	1	111
6581	2	39	2	2	1	112
6582	2	39	3	3	1	113
6583	2	39	4	4	1	115
6584	2	39	5	5	1	116
6585	2	39	6	6	1	118
6586	2	39	7	7	1	119
6587	2	39	8	8	1	121
6588	2	39	9	9	1	122
6589	2	39	10	10	1	124
6590	2	39	11	11	1	125
6591	2	39	12	12	1	127
6592	2	39	13	13	1	128
6593	2	39	14	14	1	130
6594	2	39	15	15	1	131
6595	2	39	16	16	1	133
6596	2	39	17	17	1	134
6597	2	39	18	18	1	136
6598	2	39	19	19	1	137
6599	2	39	20	20	1	139
6600	2	39	21	21	1	140
6601	2	39	22	22	1	142
6602	2	40	0	0	1	111
6603	2	40	1	1	1	112
6604	2	40	2	2	1	113
6605	2	40	3	3	1	114
6606	2	40	4	4	1	116
6607	2	40	5	5	1	117
6608	2	40	6	6	1	119
6609	2	40	7	7	1	120
6610	2	40	8	8	1	122
6611	2	40	9	9	1	123
6612	2	40	10	10	1	125
6613	2	40	11	11	1	126
6614	2	40	12	12	1	128
6615	2	40	13	13	1	129
6616	2	40	14	14	1	131
6617	2	40	15	15	1	132
6618	2	40	16	16	1	134
6619	2	40	17	17	1	135
6620	2	40	18	18	1	137
6621	2	40	19	19	1	138
6622	2	40	20	20	1	140
6623	2	40	21	21	1	141
6624	2	41	0	0	1	112
6625	2	41	1	1	1	113
6626	2	41	2	2	1	114
6627	2	41	3	3	1	115
6628	2	41	4	4	1	117
6629	2	41	5	5	1	118
6630	2	41	6	6	1	120
6631	2	41	7	7	1	121
6632	2	41	8	8	1	123
6633	2	41	9	9	1	124
6634	2	41	10	10	1	126
6635	2	41	11	11	1	127
6636	2	41	12	12	1	129
6637	2	41	13	13	1	130
6638	2	41	14	14	1	132
6639	2	41	15	15	1	133
6640	2	41	16	16	1	135
6641	2	41	17	17	1	136
6642	2	41	18	18	1	138
6643	2	41	19	19	1	139
6644	2	41	20	20	1	141
6645	2	42	0	0	1	113
6646	2	42	1	1	1	114
6647	2	42	2	2	1	115
6648	2	42	3	3	1	116
6649	2	42	4	4	1	118
6650	2	42	5	5	1	119
6651	2	42	6	6	1	121
6652	2	42	7	7	1	122
6653	2	42	8	8	1	124
6654	2	42	9	9	1	125
6655	2	42	10	10	1	127
6656	2	42	11	11	1	128
6657	2	42	12	12	1	130
6658	2	42	13	13	1	131
6659	2	42	14	14	1	133
6660	2	42	15	15	1	134
6661	2	42	16	16	1	136
6662	2	42	17	17	1	137
6663	2	42	18	18	1	139
6664	2	42	19	19	1	140
6665	2	43	0	0	1	114
6666	2	43	1	1	1	115
6667	2	43	2	2	1	116
6668	2	43	3	3	1	117
6669	2	43	4	4	1	119
6670	2	43	5	5	1	120
6671	2	43	6	6	1	122
6672	2	43	7	7	1	123
6673	2	43	8	8	1	125
6674	2	43	9	9	1	126
6675	2	43	10	10	1	128
6676	2	43	11	11	1	129
6677	2	43	12	12	1	131
6678	2	43	13	13	1	132
6679	2	43	14	14	1	134
6680	2	43	15	15	1	135
6681	2	43	16	16	1	137
6682	2	43	17	17	1	138
6683	2	43	18	18	1	140
6684	2	44	0	0	1	115
6685	2	44	1	1	1	116
6686	2	44	2	2	1	117
6687	2	44	3	3	1	118
6688	2	44	4	4	1	120
6689	2	44	5	5	1	121
6690	2	44	6	6	1	123
6691	2	44	7	7	1	124
6692	2	44	8	8	1	126
6693	2	44	9	9	1	127
6694	2	44	10	10	1	129
6695	2	44	11	11	1	130
6696	2	44	12	12	1	132
6697	2	44	13	13	1	133
6698	2	44	14	14	1	135
6699	2	44	15	15	1	136
6700	2	44	16	16	1	138
6701	2	44	17	17	1	139
6702	2	45	0	0	1	116
6703	2	45	1	1	1	117
6704	2	45	2	2	1	118
6705	2	45	3	3	1	119
6706	2	45	4	4	1	121
6707	2	45	5	5	1	122
6708	2	45	6	6	1	124
6709	2	45	7	7	1	125
6710	2	45	8	8	1	127
6711	2	45	9	9	1	128
6712	2	45	10	10	1	130
6713	2	45	11	11	1	131
6714	2	45	12	12	1	133
6715	2	45	13	13	1	134
6716	2	45	14	14	1	136
6717	2	45	15	15	1	137
6718	2	45	16	16	1	139
6719	2	46	0	0	1	117
6720	2	46	1	1	1	118
6721	2	46	2	2	1	119
6722	2	46	3	3	1	120
6723	2	46	4	4	1	122
6724	2	46	5	5	1	123
6725	2	46	6	6	1	125
6726	2	46	7	7	1	126
6727	2	46	8	8	1	128
6728	2	46	9	9	1	129
6729	2	46	10	10	1	131
6730	2	46	11	11	1	132
6731	2	46	12	12	1	134
6732	2	46	13	13	1	135
6733	2	46	14	14	1	137
6734	2	46	15	15	1	138
6735	2	47	0	0	1	118
6736	2	47	1	1	1	119
6737	2	47	2	2	1	120
6738	2	47	3	3	1	121
6739	2	47	4	4	1	123
6740	2	47	5	5	1	124
6741	2	47	6	6	1	126
6742	2	47	7	7	1	127
6743	2	47	8	8	1	129
6744	2	47	9	9	1	130
6745	2	47	10	10	1	132
6746	2	47	11	11	1	133
6747	2	47	12	12	1	135
6748	2	47	13	13	1	136
6749	2	47	14	14	1	138
6750	2	48	0	0	1	119
6751	2	48	1	1	1	120
6752	2	48	2	2	1	121
6753	2	48	3	3	1	122
6754	2	48	4	4	1	124
6755	2	48	5	5	1	125
6756	2	48	6	6	1	127
6757	2	48	7	7	1	128
6758	2	48	8	8	1	130
6759	2	48	9	9	1	131
6760	2	48	10	10	1	133
6761	2	48	11	11	1	134
6762	2	48	12	12	1	136
6763	2	48	13	13	1	137
6764	2	49	0	0	1	120
6765	2	49	1	1	1	121
6766	2	49	2	2	1	122
6767	2	49	3	3	1	123
6768	2	49	4	4	1	125
6769	2	49	5	5	1	126
6770	2	49	6	6	1	128
6771	2	49	7	7	1	129
6772	2	49	8	8	1	131
6773	2	49	9	9	1	132
6774	2	49	10	10	1	134
6775	2	49	11	11	1	135
6776	2	49	12	12	1	137
6777	2	50	0	0	1	121
6778	2	50	1	1	1	122
6779	2	50	2	2	1	123
6780	2	50	3	3	1	124
6781	2	50	4	4	1	126
6782	2	50	5	5	1	127
6783	2	50	6	6	1	129
6784	2	50	7	7	1	130
6785	2	50	8	8	1	132
6786	2	50	9	9	1	133
6787	2	50	10	10	1	135
6788	2	50	11	11	1	136
6789	2	51	0	0	1	122
6790	2	51	1	1	1	123
6791	2	51	2	2	1	124
6792	2	51	3	3	1	125
6793	2	51	4	4	1	127
6794	2	51	5	5	1	128
6795	2	51	6	6	1	130
6796	2	51	7	7	1	131
6797	2	51	8	8	1	133
6798	2	51	9	9	1	134
6799	2	51	10	10	1	136
6800	2	52	0	0	1	123
6801	2	52	1	1	1	124
6802	2	52	2	2	1	125
6803	2	52	3	3	1	126
6804	2	52	4	4	1	128
6805	2	52	5	5	1	129
6806	2	52	6	6	1	131
6807	2	52	7	7	1	132
6808	2	52	8	8	1	134
6809	2	52	9	9	1	135
6810	2	53	0	0	1	124
6811	2	53	1	1	1	125
6812	2	53	2	2	1	126
6813	2	53	3	3	1	127
6814	2	53	4	4	1	129
6815	2	53	5	5	1	130
6816	2	53	6	6	1	132
6817	2	53	7	7	1	133
6818	2	53	8	8	1	135
6819	2	54	0	0	1	125
6820	2	54	1	1	1	126
6821	2	54	2	2	1	127
6822	2	54	3	3	1	128
6823	2	54	4	4	1	130
6824	2	54	5	5	1	131
6825	2	54	6	6	1	133
6826	2	54	7	7	1	134
6827	2	55	0	0	1	126
6828	2	55	1	1	1	127
6829	2	55	2	2	1	128
6830	2	55	3	3	1	129
6831	2	55	4	4	1	131
6832	2	55	5	5	1	132
6833	2	55	6	6	1	134
6834	2	56	0	0	1	127
6835	2	56	1	1	1	128
6836	2	56	2	2	1	129
6837	2	56	3	3	1	130
6838	2	56	4	4	1	132
6839	2	56	5	5	1	133
6840	2	57	0	0	1	128
6841	2	57	1	1	1	129
6842	2	57	2	2	1	130
6843	2	57	3	3	1	131
6844	2	57	4	4	1	133
6845	2	58	0	0	1	129
6846	2	58	1	1	1	130
6847	2	58	2	2	1	131
6848	2	58	3	3	1	132
6849	2	59	0	0	1	130
6850	2	59	1	1	1	131
6851	2	59	2	2	1	132
6852	2	60	0	0	1	131
6853	2	60	1	1	1	132
6854	2	61	0	0	1	132
6855	3	0	0	62	141	163
6856	3	0	1	63	141	164
6857	3	0	2	64	141	166
6858	3	0	3	65	141	167
6859	3	0	4	66	141	169
6860	3	0	5	67	141	170
6861	3	0	6	68	141	172
6862	3	0	7	69	141	173
6863	3	0	8	70	141	175
6864	3	0	9	71	141	176
6865	3	0	10	72	141	178
6866	3	0	11	73	141	179
6867	3	0	12	74	141	181
6868	3	0	13	75	141	182
6869	3	0	14	76	141	184
6870	3	0	15	77	141	185
6871	3	0	16	78	141	187
6872	3	0	17	79	141	188
6873	3	0	18	80	141	190
6874	3	0	19	81	141	191
6875	3	0	20	82	141	193
6876	3	0	21	83	141	194
6877	3	0	22	84	141	196
6878	3	0	23	85	141	197
6879	3	0	24	86	141	199
6880	3	0	25	87	141	200
6881	3	0	26	88	141	202
6882	3	0	27	89	141	203
6883	3	0	28	90	141	205
6884	3	0	29	91	141	206
6885	3	0	30	92	141	208
6886	3	0	31	93	141	209
6887	3	0	32	94	141	211
6888	3	0	33	95	141	212
6889	3	0	34	96	141	214
6890	3	0	35	97	141	215
6891	3	0	36	98	141	217
6892	3	0	37	99	141	218
6893	3	0	38	100	141	220
6894	3	0	39	101	141	221
6895	3	0	40	102	141	223
6896	3	0	41	103	141	224
6897	3	0	42	104	141	226
6898	3	0	43	105	141	227
6899	3	0	44	106	141	229
6900	3	0	45	107	141	230
6901	3	0	46	108	141	232
6902	3	0	47	109	141	233
6903	3	0	48	110	141	235
6904	3	0	49	111	141	236
6905	3	0	50	112	141	238
6906	3	1	0	61	47	162
6907	3	1	1	62	47	164
6908	3	1	2	63	47	165
6909	3	1	3	64	47	167
6910	3	1	4	65	47	168
6911	3	1	5	66	47	170
6912	3	1	6	67	47	171
6913	3	1	7	68	47	173
6914	3	1	8	69	47	174
6915	3	1	9	70	47	176
6916	3	1	10	71	47	177
6917	3	1	11	72	47	179
6918	3	1	12	73	47	180
6919	3	1	13	74	47	182
6920	3	1	14	75	47	183
6921	3	1	15	76	47	185
6922	3	1	16	77	47	186
6923	3	1	17	78	47	188
6924	3	1	18	79	47	189
6925	3	1	19	80	47	191
6926	3	1	20	81	47	192
6927	3	1	21	82	47	194
6928	3	1	22	83	47	195
6929	3	1	23	84	47	197
6930	3	1	24	85	47	198
6931	3	1	25	86	47	200
6932	3	1	26	87	47	201
6933	3	1	27	88	47	203
6934	3	1	28	89	47	204
6935	3	1	29	90	47	206
6936	3	1	30	91	47	207
6937	3	1	31	92	47	209
6938	3	1	32	93	47	210
6939	3	1	33	94	47	212
6940	3	1	34	95	47	213
6941	3	1	35	96	47	215
6942	3	1	36	97	47	216
6943	3	1	37	98	47	218
6944	3	1	38	99	47	219
6945	3	1	39	100	47	221
6946	3	1	40	101	47	222
6947	3	1	41	102	47	224
6948	3	1	42	103	47	225
6949	3	1	43	104	47	227
6950	3	1	44	105	47	228
6951	3	1	45	106	47	230
6952	3	1	46	107	47	231
6953	3	1	47	108	47	233
6954	3	1	48	109	47	234
6955	3	1	49	110	47	236
6956	3	2	0	60	187	162
6957	3	2	1	61	187	163
6958	3	2	2	62	187	165
6959	3	2	3	63	187	166
6960	3	2	4	64	187	168
6961	3	2	5	65	187	169
6962	3	2	6	66	187	171
6963	3	2	7	67	187	172
6964	3	2	8	68	187	174
6965	3	2	9	69	187	175
6966	3	2	10	70	187	177
6967	3	2	11	71	187	178
6968	3	2	12	72	187	180
6969	3	2	13	73	187	181
6970	3	2	14	74	187	183
6971	3	2	15	75	187	184
6972	3	2	16	76	187	186
6973	3	2	17	77	187	187
6974	3	2	18	78	187	189
6975	3	2	19	79	187	190
6976	3	2	20	80	187	192
6977	3	2	21	81	187	193
6978	3	2	22	82	187	195
6979	3	2	23	83	187	196
6980	3	2	24	84	187	198
6981	3	2	25	85	187	199
6982	3	2	26	86	187	201
6983	3	2	27	87	187	202
6984	3	2	28	88	187	204
6985	3	2	29	89	187	205
6986	3	2	30	90	187	207
6987	3	2	31	91	187	208
6988	3	2	32	92	187	210
6989	3	2	33	93	187	211
6990	3	2	34	94	187	213
6991	3	2	35	95	187	214
6992	3	2	36	96	187	216
6993	3	2	37	97	187	217
6994	3	2	38	98	187	219
6995	3	2	39	99	187	220
6996	3	2	40	100	187	222
6997	3	2	41	101	187	223
6998	3	2	42	102	187	225
6999	3	2	43	103	187	226
7000	3	2	44	104	187	228
7001	3	2	45	105	187	229
7002	3	2	46	106	187	231
7003	3	2	47	107	187	232
7004	3	2	48	108	187	234
7005	3	3	0	59	148	161
7006	3	3	1	60	148	163
7007	3	3	2	61	148	164
7008	3	3	3	62	148	166
7009	3	3	4	63	148	167
7010	3	3	5	64	148	169
7011	3	3	6	65	148	170
7012	3	3	7	66	148	172
7013	3	3	8	67	148	173
7014	3	3	9	68	148	175
7015	3	3	10	69	148	176
7016	3	3	11	70	148	178
7017	3	3	12	71	148	179
7018	3	3	13	72	148	181
7019	3	3	14	73	148	182
7020	3	3	15	74	148	184
7021	3	3	16	75	148	185
7022	3	3	17	76	148	187
7023	3	3	18	77	148	188
7024	3	3	19	78	148	190
7025	3	3	20	79	148	191
7026	3	3	21	80	148	193
7027	3	3	22	81	148	194
7028	3	3	23	82	148	196
7029	3	3	24	83	148	197
7030	3	3	25	84	148	199
7031	3	3	26	85	148	200
7032	3	3	27	86	148	202
7033	3	3	28	87	148	203
7034	3	3	29	88	148	205
7035	3	3	30	89	148	206
7036	3	3	31	90	148	208
7037	3	3	32	91	148	209
7038	3	3	33	92	148	211
7039	3	3	34	93	148	212
7040	3	3	35	94	148	214
7041	3	3	36	95	148	215
7042	3	3	37	96	148	217
7043	3	3	38	97	148	218
7044	3	3	39	98	148	220
7045	3	3	40	99	148	221
7046	3	3	41	100	148	223
7047	3	3	42	101	148	224
7048	3	3	43	102	148	226
7049	3	3	44	103	148	227
7050	3	3	45	104	148	229
7051	3	3	46	105	148	230
7052	3	3	47	106	148	232
7053	3	4	0	58	135	161
7054	3	4	1	59	135	162
7055	3	4	2	60	135	164
7056	3	4	3	61	135	165
7057	3	4	4	62	135	167
7058	3	4	5	63	135	168
7059	3	4	6	64	135	170
7060	3	4	7	65	135	171
7061	3	4	8	66	135	173
7062	3	4	9	67	135	174
7063	3	4	10	68	135	176
7064	3	4	11	69	135	177
7065	3	4	12	70	135	179
7066	3	4	13	71	135	180
7067	3	4	14	72	135	182
7068	3	4	15	73	135	183
7069	3	4	16	74	135	185
7070	3	4	17	75	135	186
7071	3	4	18	76	135	188
7072	3	4	19	77	135	189
7073	3	4	20	78	135	191
7074	3	4	21	79	135	192
7075	3	4	22	80	135	194
7076	3	4	23	81	135	195
7077	3	4	24	82	135	197
7078	3	4	25	83	135	198
7079	3	4	26	84	135	200
7080	3	4	27	85	135	201
7081	3	4	28	86	135	203
7082	3	4	29	87	135	204
7083	3	4	30	88	135	206
7084	3	4	31	89	135	207
7085	3	4	32	90	135	209
7086	3	4	33	91	135	210
7087	3	4	34	92	135	212
7088	3	4	35	93	135	213
7089	3	4	36	94	135	215
7090	3	4	37	95	135	216
7091	3	4	38	96	135	218
7092	3	4	39	97	135	219
7093	3	4	40	98	135	221
7094	3	4	41	99	135	222
7095	3	4	42	100	135	224
7096	3	4	43	101	135	225
7097	3	4	44	102	135	227
7098	3	4	45	103	135	228
7099	3	4	46	104	135	230
7100	3	5	0	57	45	160
7101	3	5	1	58	45	162
7102	3	5	2	59	45	163
7103	3	5	3	60	45	165
7104	3	5	4	61	45	166
7105	3	5	5	62	45	168
7106	3	5	6	63	45	169
7107	3	5	7	64	45	171
7108	3	5	8	65	45	172
7109	3	5	9	66	45	174
7110	3	5	10	67	45	175
7111	3	5	11	68	45	177
7112	3	5	12	69	45	178
7113	3	5	13	70	45	180
7114	3	5	14	71	45	181
7115	3	5	15	72	45	183
7116	3	5	16	73	45	184
7117	3	5	17	74	45	186
7118	3	5	18	75	45	187
7119	3	5	19	76	45	189
7120	3	5	20	77	45	190
7121	3	5	21	78	45	192
7122	3	5	22	79	45	193
7123	3	5	23	80	45	195
7124	3	5	24	81	45	196
7125	3	5	25	82	45	198
7126	3	5	26	83	45	199
7127	3	5	27	84	45	201
7128	3	5	28	85	45	202
7129	3	5	29	86	45	204
7130	3	5	30	87	45	205
7131	3	5	31	88	45	207
7132	3	5	32	89	45	208
7133	3	5	33	90	45	210
7134	3	5	34	91	45	211
7135	3	5	35	92	45	213
7136	3	5	36	93	45	214
7137	3	5	37	94	45	216
7138	3	5	38	95	45	217
7139	3	5	39	96	45	219
7140	3	5	40	97	45	220
7141	3	5	41	98	45	222
7142	3	5	42	99	45	223
7143	3	5	43	100	45	225
7144	3	5	44	101	45	226
7145	3	5	45	102	45	228
7146	3	6	0	56	15	160
7147	3	6	1	57	15	161
7148	3	6	2	58	15	163
7149	3	6	3	59	15	164
7150	3	6	4	60	15	166
7151	3	6	5	61	15	167
7152	3	6	6	62	15	169
7153	3	6	7	63	15	170
7154	3	6	8	64	15	172
7155	3	6	9	65	15	173
7156	3	6	10	66	15	175
7157	3	6	11	67	15	176
7158	3	6	12	68	15	178
7159	3	6	13	69	15	179
7160	3	6	14	70	15	181
7161	3	6	15	71	15	182
7162	3	6	16	72	15	184
7163	3	6	17	73	15	185
7164	3	6	18	74	15	187
7165	3	6	19	75	15	188
7166	3	6	20	76	15	190
7167	3	6	21	77	15	191
7168	3	6	22	78	15	193
7169	3	6	23	79	15	194
7170	3	6	24	80	15	196
7171	3	6	25	81	15	197
7172	3	6	26	82	15	199
7173	3	6	27	83	15	200
7174	3	6	28	84	15	202
7175	3	6	29	85	15	203
7176	3	6	30	86	15	205
7177	3	6	31	87	15	206
7178	3	6	32	88	15	208
7179	3	6	33	89	15	209
7180	3	6	34	90	15	211
7181	3	6	35	91	15	212
7182	3	6	36	92	15	214
7183	3	6	37	93	15	215
7184	3	6	38	94	15	217
7185	3	6	39	95	15	218
7186	3	6	40	96	15	220
7187	3	6	41	97	15	221
7188	3	6	42	98	15	223
7189	3	6	43	99	15	224
7190	3	6	44	100	15	226
7191	3	7	0	55	5	159
7192	3	7	1	56	5	161
7193	3	7	2	57	5	162
7194	3	7	3	58	5	164
7195	3	7	4	59	5	165
7196	3	7	5	60	5	167
7197	3	7	6	61	5	168
7198	3	7	7	62	5	170
7199	3	7	8	63	5	171
7200	3	7	9	64	5	173
7201	3	7	10	65	5	174
7202	3	7	11	66	5	176
7203	3	7	12	67	5	177
7204	3	7	13	68	5	179
7205	3	7	14	69	5	180
7206	3	7	15	70	5	182
7207	3	7	16	71	5	183
7208	3	7	17	72	5	185
7209	3	7	18	73	5	186
7210	3	7	19	74	5	188
7211	3	7	20	75	5	189
7212	3	7	21	76	5	191
7213	3	7	22	77	5	192
7214	3	7	23	78	5	194
7215	3	7	24	79	5	195
7216	3	7	25	80	5	197
7217	3	7	26	81	5	198
7218	3	7	27	82	5	200
7219	3	7	28	83	5	201
7220	3	7	29	84	5	203
7221	3	7	30	85	5	204
7222	3	7	31	86	5	206
7223	3	7	32	87	5	207
7224	3	7	33	88	5	209
7225	3	7	34	89	5	210
7226	3	7	35	90	5	212
7227	3	7	36	91	5	213
7228	3	7	37	92	5	215
7229	3	7	38	93	5	216
7230	3	7	39	94	5	218
7231	3	7	40	95	5	219
7232	3	7	41	96	5	221
7233	3	7	42	97	5	222
7234	3	7	43	98	5	224
7235	3	8	0	54	173	159
7236	3	8	1	55	173	160
7237	3	8	2	56	173	162
7238	3	8	3	57	173	163
7239	3	8	4	58	173	165
7240	3	8	5	59	173	166
7241	3	8	6	60	173	168
7242	3	8	7	61	173	169
7243	3	8	8	62	173	171
7244	3	8	9	63	173	172
7245	3	8	10	64	173	174
7246	3	8	11	65	173	175
7247	3	8	12	66	173	177
7248	3	8	13	67	173	178
7249	3	8	14	68	173	180
7250	3	8	15	69	173	181
7251	3	8	16	70	173	183
7252	3	8	17	71	173	184
7253	3	8	18	72	173	186
7254	3	8	19	73	173	187
7255	3	8	20	74	173	189
7256	3	8	21	75	173	190
7257	3	8	22	76	173	192
7258	3	8	23	77	173	193
7259	3	8	24	78	173	195
7260	3	8	25	79	173	196
7261	3	8	26	80	173	198
7262	3	8	27	81	173	199
7263	3	8	28	82	173	201
7264	3	8	29	83	173	202
7265	3	8	30	84	173	204
7266	3	8	31	85	173	205
7267	3	8	32	86	173	207
7268	3	8	33	87	173	208
7269	3	8	34	88	173	210
7270	3	8	35	89	173	211
7271	3	8	36	90	173	213
7272	3	8	37	91	173	214
7273	3	8	38	92	173	216
7274	3	8	39	93	173	217
7275	3	8	40	94	173	219
7276	3	8	41	95	173	220
7277	3	8	42	96	173	222
7278	3	9	0	53	229	158
7279	3	9	1	54	229	160
7280	3	9	2	55	229	161
7281	3	9	3	56	229	163
7282	3	9	4	57	229	164
7283	3	9	5	58	229	166
7284	3	9	6	59	229	167
7285	3	9	7	60	229	169
7286	3	9	8	61	229	170
7287	3	9	9	62	229	172
7288	3	9	10	63	229	173
7289	3	9	11	64	229	175
7290	3	9	12	65	229	176
7291	3	9	13	66	229	178
7292	3	9	14	67	229	179
7293	3	9	15	68	229	181
7294	3	9	16	69	229	182
7295	3	9	17	70	229	184
7296	3	9	18	71	229	185
7297	3	9	19	72	229	187
7298	3	9	20	73	229	188
7299	3	9	21	74	229	190
7300	3	9	22	75	229	191
7301	3	9	23	76	229	193
7302	3	9	24	77	229	194
7303	3	9	25	78	229	196
7304	3	9	26	79	229	197
7305	3	9	27	80	229	199
7306	3	9	28	81	229	200
7307	3	9	29	82	229	202
7308	3	9	30	83	229	203
7309	3	9	31	84	229	205
7310	3	9	32	85	229	206
7311	3	9	33	86	229	208
7312	3	9	34	87	229	209
7313	3	9	35	88	229	211
7314	3	9	36	89	229	212
7315	3	9	37	90	229	214
7316	3	9	38	91	229	215
7317	3	9	39	92	229	217
7318	3	9	40	93	229	218
7319	3	9	41	94	229	220
7320	3	10	0	52	162	158
7321	3	10	1	53	162	159
7322	3	10	2	54	162	161
7323	3	10	3	55	162	162
7324	3	10	4	56	162	164
7325	3	10	5	57	162	165
7326	3	10	6	58	162	167
7327	3	10	7	59	162	168
7328	3	10	8	60	162	170
7329	3	10	9	61	162	171
7330	3	10	10	62	162	173
7331	3	10	11	63	162	174
7332	3	10	12	64	162	176
7333	3	10	13	65	162	177
7334	3	10	14	66	162	179
7335	3	10	15	67	162	180
7336	3	10	16	68	162	182
7337	3	10	17	69	162	183
7338	3	10	18	70	162	185
7339	3	10	19	71	162	186
7340	3	10	20	72	162	188
7341	3	10	21	73	162	189
7342	3	10	22	74	162	191
7343	3	10	23	75	162	192
7344	3	10	24	76	162	194
7345	3	10	25	77	162	195
7346	3	10	26	78	162	197
7347	3	10	27	79	162	198
7348	3	10	28	80	162	200
7349	3	10	29	81	162	201
7350	3	10	30	82	162	203
7351	3	10	31	83	162	204
7352	3	10	32	84	162	206
7353	3	10	33	85	162	207
7354	3	10	34	86	162	209
7355	3	10	35	87	162	210
7356	3	10	36	88	162	212
7357	3	10	37	89	162	213
7358	3	10	38	90	162	215
7359	3	10	39	91	162	216
7360	3	10	40	92	162	218
7361	3	11	0	51	54	157
7362	3	11	1	52	54	159
7363	3	11	2	53	54	160
7364	3	11	3	54	54	162
7365	3	11	4	55	54	163
7366	3	11	5	56	54	165
7367	3	11	6	57	54	166
7368	3	11	7	58	54	168
7369	3	11	8	59	54	169
7370	3	11	9	60	54	171
7371	3	11	10	61	54	172
7372	3	11	11	62	54	174
7373	3	11	12	63	54	175
7374	3	11	13	64	54	177
7375	3	11	14	65	54	178
7376	3	11	15	66	54	180
7377	3	11	16	67	54	181
7378	3	11	17	68	54	183
7379	3	11	18	69	54	184
7380	3	11	19	70	54	186
7381	3	11	20	71	54	187
7382	3	11	21	72	54	189
7383	3	11	22	73	54	190
7384	3	11	23	74	54	192
7385	3	11	24	75	54	193
7386	3	11	25	76	54	195
7387	3	11	26	77	54	196
7388	3	11	27	78	54	198
7389	3	11	28	79	54	199
7390	3	11	29	80	54	201
7391	3	11	30	81	54	202
7392	3	11	31	82	54	204
7393	3	11	32	83	54	205
7394	3	11	33	84	54	207
7395	3	11	34	85	54	208
7396	3	11	35	86	54	210
7397	3	11	36	87	54	211
7398	3	11	37	88	54	213
7399	3	11	38	89	54	214
7400	3	11	39	90	54	216
7401	3	12	0	50	18	157
7402	3	12	1	51	18	158
7403	3	12	2	52	18	160
7404	3	12	3	53	18	161
7405	3	12	4	54	18	163
7406	3	12	5	55	18	164
7407	3	12	6	56	18	166
7408	3	12	7	57	18	167
7409	3	12	8	58	18	169
7410	3	12	9	59	18	170
7411	3	12	10	60	18	172
7412	3	12	11	61	18	173
7413	3	12	12	62	18	175
7414	3	12	13	63	18	176
7415	3	12	14	64	18	178
7416	3	12	15	65	18	179
7417	3	12	16	66	18	181
7418	3	12	17	67	18	182
7419	3	12	18	68	18	184
7420	3	12	19	69	18	185
7421	3	12	20	70	18	187
7422	3	12	21	71	18	188
7423	3	12	22	72	18	190
7424	3	12	23	73	18	191
7425	3	12	24	74	18	193
7426	3	12	25	75	18	194
7427	3	12	26	76	18	196
7428	3	12	27	77	18	197
7429	3	12	28	78	18	199
7430	3	12	29	79	18	200
7431	3	12	30	80	18	202
7432	3	12	31	81	18	203
7433	3	12	32	82	18	205
7434	3	12	33	83	18	206
7435	3	12	34	84	18	208
7436	3	12	35	85	18	209
7437	3	12	36	86	18	211
7438	3	12	37	87	18	212
7439	3	12	38	88	18	214
7440	3	13	0	49	6	156
7441	3	13	1	50	6	158
7442	3	13	2	51	6	159
7443	3	13	3	52	6	161
7444	3	13	4	53	6	162
7445	3	13	5	54	6	164
7446	3	13	6	55	6	165
7447	3	13	7	56	6	167
7448	3	13	8	57	6	168
7449	3	13	9	58	6	170
7450	3	13	10	59	6	171
7451	3	13	11	60	6	173
7452	3	13	12	61	6	174
7453	3	13	13	62	6	176
7454	3	13	14	63	6	177
7455	3	13	15	64	6	179
7456	3	13	16	65	6	180
7457	3	13	17	66	6	182
7458	3	13	18	67	6	183
7459	3	13	19	68	6	185
7460	3	13	20	69	6	186
7461	3	13	21	70	6	188
7462	3	13	22	71	6	189
7463	3	13	23	72	6	191
7464	3	13	24	73	6	192
7465	3	13	25	74	6	194
7466	3	13	26	75	6	195
7467	3	13	27	76	6	197
7468	3	13	28	77	6	198
7469	3	13	29	78	6	200
7470	3	13	30	79	6	201
7471	3	13	31	80	6	203
7472	3	13	32	81	6	204
7473	3	13	33	82	6	206
7474	3	13	34	83	6	207
7475	3	13	35	84	6	209
7476	3	13	36	85	6	210
7477	3	13	37	86	6	212
7478	3	14	0	48	2	156
7479	3	14	1	49	2	157
7480	3	14	2	50	2	159
7481	3	14	3	51	2	160
7482	3	14	4	52	2	162
7483	3	14	5	53	2	163
7484	3	14	6	54	2	165
7485	3	14	7	55	2	166
7486	3	14	8	56	2	168
7487	3	14	9	57	2	169
7488	3	14	10	58	2	171
7489	3	14	11	59	2	172
7490	3	14	12	60	2	174
7491	3	14	13	61	2	175
7492	3	14	14	62	2	177
7493	3	14	15	63	2	178
7494	3	14	16	64	2	180
7495	3	14	17	65	2	181
7496	3	14	18	66	2	183
7497	3	14	19	67	2	184
7498	3	14	20	68	2	186
7499	3	14	21	69	2	187
7500	3	14	22	70	2	189
7501	3	14	23	71	2	190
7502	3	14	24	72	2	192
7503	3	14	25	73	2	193
7504	3	14	26	74	2	195
7505	3	14	27	75	2	196
7506	3	14	28	76	2	198
7507	3	14	29	77	2	199
7508	3	14	30	78	2	201
7509	3	14	31	79	2	202
7510	3	14	32	80	2	204
7511	3	14	33	81	2	205
7512	3	14	34	82	2	207
7513	3	14	35	83	2	208
7514	3	14	36	84	2	210
7515	3	15	0	47	172	155
7516	3	15	1	48	172	157
7517	3	15	2	49	172	158
7518	3	15	3	50	172	160
7519	3	15	4	51	172	161
7520	3	15	5	52	172	163
7521	3	15	6	53	172	164
7522	3	15	7	54	172	166
7523	3	15	8	55	172	167
7524	3	15	9	56	172	169
7525	3	15	10	57	172	170
7526	3	15	11	58	172	172
7527	3	15	12	59	172	173
7528	3	15	13	60	172	175
7529	3	15	14	61	172	176
7530	3	15	15	62	172	178
7531	3	15	16	63	172	179
7532	3	15	17	64	172	181
7533	3	15	18	65	172	182
7534	3	15	19	66	172	184
7535	3	15	20	67	172	185
7536	3	15	21	68	172	187
7537	3	15	22	69	172	188
7538	3	15	23	70	172	190
7539	3	15	24	71	172	191
7540	3	15	25	72	172	193
7541	3	15	26	73	172	194
7542	3	15	27	74	172	196
7543	3	15	28	75	172	197
7544	3	15	29	76	172	199
7545	3	15	30	77	172	200
7546	3	15	31	78	172	202
7547	3	15	32	79	172	203
7548	3	15	33	80	172	205
7549	3	15	34	81	172	206
7550	3	15	35	82	172	208
7551	3	16	0	46	143	155
7552	3	16	1	47	143	156
7553	3	16	2	48	143	158
7554	3	16	3	49	143	159
7555	3	16	4	50	143	161
7556	3	16	5	51	143	162
7557	3	16	6	52	143	164
7558	3	16	7	53	143	165
7559	3	16	8	54	143	167
7560	3	16	9	55	143	168
7561	3	16	10	56	143	170
7562	3	16	11	57	143	171
7563	3	16	12	58	143	173
7564	3	16	13	59	143	174
7565	3	16	14	60	143	176
7566	3	16	15	61	143	177
7567	3	16	16	62	143	179
7568	3	16	17	63	143	180
7569	3	16	18	64	143	182
7570	3	16	19	65	143	183
7571	3	16	20	66	143	185
7572	3	16	21	67	143	186
7573	3	16	22	68	143	188
7574	3	16	23	69	143	189
7575	3	16	24	70	143	191
7576	3	16	25	71	143	192
7577	3	16	26	72	143	194
7578	3	16	27	73	143	195
7579	3	16	28	74	143	197
7580	3	16	29	75	143	198
7581	3	16	30	76	143	200
7582	3	16	31	77	143	201
7583	3	16	32	78	143	203
7584	3	16	33	79	143	204
7585	3	16	34	80	143	206
7586	3	17	0	45	219	154
7587	3	17	1	46	219	156
7588	3	17	2	47	219	157
7589	3	17	3	48	219	159
7590	3	17	4	49	219	160
7591	3	17	5	50	219	162
7592	3	17	6	51	219	163
7593	3	17	7	52	219	165
7594	3	17	8	53	219	166
7595	3	17	9	54	219	168
7596	3	17	10	55	219	169
7597	3	17	11	56	219	171
7598	3	17	12	57	219	172
7599	3	17	13	58	219	174
7600	3	17	14	59	219	175
7601	3	17	15	60	219	177
7602	3	17	16	61	219	178
7603	3	17	17	62	219	180
7604	3	17	18	63	219	181
7605	3	17	19	64	219	183
7606	3	17	20	65	219	184
7607	3	17	21	66	219	186
7608	3	17	22	67	219	187
7609	3	17	23	68	219	189
7610	3	17	24	69	219	190
7611	3	17	25	70	219	192
7612	3	17	26	71	219	193
7613	3	17	27	72	219	195
7614	3	17	28	73	219	196
7615	3	17	29	74	219	198
7616	3	17	30	75	219	199
7617	3	17	31	76	219	201
7618	3	17	32	77	219	202
7619	3	17	33	78	219	204
7620	3	18	0	44	73	154
7621	3	18	1	45	73	155
7622	3	18	2	46	73	157
7623	3	18	3	47	73	158
7624	3	18	4	48	73	160
7625	3	18	5	49	73	161
7626	3	18	6	50	73	163
7627	3	18	7	51	73	164
7628	3	18	8	52	73	166
7629	3	18	9	53	73	167
7630	3	18	10	54	73	169
7631	3	18	11	55	73	170
7632	3	18	12	56	73	172
7633	3	18	13	57	73	173
7634	3	18	14	58	73	175
7635	3	18	15	59	73	176
7636	3	18	16	60	73	178
7637	3	18	17	61	73	179
7638	3	18	18	62	73	181
7639	3	18	19	63	73	182
7640	3	18	20	64	73	184
7641	3	18	21	65	73	185
7642	3	18	22	66	73	187
7643	3	18	23	67	73	188
7644	3	18	24	68	73	190
7645	3	18	25	69	73	191
7646	3	18	26	70	73	193
7647	3	18	27	71	73	194
7648	3	18	28	72	73	196
7649	3	18	29	73	73	197
7650	3	18	30	74	73	199
7651	3	18	31	75	73	200
7652	3	18	32	76	73	202
7653	3	19	0	43	110	153
7654	3	19	1	44	110	155
7655	3	19	2	45	110	156
7656	3	19	3	46	110	158
7657	3	19	4	47	110	159
7658	3	19	5	48	110	161
7659	3	19	6	49	110	162
7660	3	19	7	50	110	164
7661	3	19	8	51	110	165
7662	3	19	9	52	110	167
7663	3	19	10	53	110	168
7664	3	19	11	54	110	170
7665	3	19	12	55	110	171
7666	3	19	13	56	110	173
7667	3	19	14	57	110	174
7668	3	19	15	58	110	176
7669	3	19	16	59	110	177
7670	3	19	17	60	110	179
7671	3	19	18	61	110	180
7672	3	19	19	62	110	182
7673	3	19	20	63	110	183
7674	3	19	21	64	110	185
7675	3	19	22	65	110	186
7676	3	19	23	66	110	188
7677	3	19	24	67	110	189
7678	3	19	25	68	110	191
7679	3	19	26	69	110	192
7680	3	19	27	70	110	194
7681	3	19	28	71	110	195
7682	3	19	29	72	110	197
7683	3	19	30	73	110	198
7684	3	19	31	74	110	200
7685	3	20	0	42	208	153
7686	3	20	1	43	208	154
7687	3	20	2	44	208	156
7688	3	20	3	45	208	157
7689	3	20	4	46	208	159
7690	3	20	5	47	208	160
7691	3	20	6	48	208	162
7692	3	20	7	49	208	163
7693	3	20	8	50	208	165
7694	3	20	9	51	208	166
7695	3	20	10	52	208	168
7696	3	20	11	53	208	169
7697	3	20	12	54	208	171
7698	3	20	13	55	208	172
7699	3	20	14	56	208	174
7700	3	20	15	57	208	175
7701	3	20	16	58	208	177
7702	3	20	17	59	208	178
7703	3	20	18	60	208	180
7704	3	20	19	61	208	181
7705	3	20	20	62	208	183
7706	3	20	21	63	208	184
7707	3	20	22	64	208	186
7708	3	20	23	65	208	187
7709	3	20	24	66	208	189
7710	3	20	25	67	208	190
7711	3	20	26	68	208	192
7712	3	20	27	69	208	193
7713	3	20	28	70	208	195
7714	3	20	29	71	208	196
7715	3	20	30	72	208	198
7716	3	21	0	41	155	152
7717	3	21	1	42	155	154
7718	3	21	2	43	155	155
7719	3	21	3	44	155	157
7720	3	21	4	45	155	158
7721	3	21	5	46	155	160
7722	3	21	6	47	155	161
7723	3	21	7	48	155	163
7724	3	21	8	49	155	164
7725	3	21	9	50	155	166
7726	3	21	10	51	155	167
7727	3	21	11	52	155	169
7728	3	21	12	53	155	170
7729	3	21	13	54	155	172
7730	3	21	14	55	155	173
7731	3	21	15	56	155	175
7732	3	21	16	57	155	176
7733	3	21	17	58	155	178
7734	3	21	18	59	155	179
7735	3	21	19	60	155	181
7736	3	21	20	61	155	182
7737	3	21	21	62	155	184
7738	3	21	22	63	155	185
7739	3	21	23	64	155	187
7740	3	21	24	65	155	188
7741	3	21	25	66	155	190
7742	3	21	26	67	155	191
7743	3	21	27	68	155	193
7744	3	21	28	69	155	194
7745	3	21	29	70	155	196
7746	3	22	0	40	223	152
7747	3	22	1	41	223	153
7748	3	22	2	42	223	155
7749	3	22	3	43	223	156
7750	3	22	4	44	223	158
7751	3	22	5	45	223	159
7752	3	22	6	46	223	161
7753	3	22	7	47	223	162
7754	3	22	8	48	223	164
7755	3	22	9	49	223	165
7756	3	22	10	50	223	167
7757	3	22	11	51	223	168
7758	3	22	12	52	223	170
7759	3	22	13	53	223	171
7760	3	22	14	54	223	173
7761	3	22	15	55	223	174
7762	3	22	16	56	223	176
7763	3	22	17	57	223	177
7764	3	22	18	58	223	179
7765	3	22	19	59	223	180
7766	3	22	20	60	223	182
7767	3	22	21	61	223	183
7768	3	22	22	62	223	185
7769	3	22	23	63	223	186
7770	3	22	24	64	223	188
7771	3	22	25	65	223	189
7772	3	22	26	66	223	191
7773	3	22	27	67	223	192
7774	3	22	28	68	223	194
7775	3	23	0	39	160	151
7776	3	23	1	40	160	153
7777	3	23	2	41	160	154
7778	3	23	3	42	160	156
7779	3	23	4	43	160	157
7780	3	23	5	44	160	159
7781	3	23	6	45	160	160
7782	3	23	7	46	160	162
7783	3	23	8	47	160	163
7784	3	23	9	48	160	165
7785	3	23	10	49	160	166
7786	3	23	11	50	160	168
7787	3	23	12	51	160	169
7788	3	23	13	52	160	171
7789	3	23	14	53	160	172
7790	3	23	15	54	160	174
7791	3	23	16	55	160	175
7792	3	23	17	56	160	177
7793	3	23	18	57	160	178
7794	3	23	19	58	160	180
7795	3	23	20	59	160	181
7796	3	23	21	60	160	183
7797	3	23	22	61	160	184
7798	3	23	23	62	160	186
7799	3	23	24	63	160	187
7800	3	23	25	64	160	189
7801	3	23	26	65	160	190
7802	3	23	27	66	160	192
7803	3	24	0	38	139	151
7804	3	24	1	39	139	152
7805	3	24	2	40	139	154
7806	3	24	3	41	139	155
7807	3	24	4	42	139	157
7808	3	24	5	43	139	158
7809	3	24	6	44	139	160
7810	3	24	7	45	139	161
7811	3	24	8	46	139	163
7812	3	24	9	47	139	164
7813	3	24	10	48	139	166
7814	3	24	11	49	139	167
7815	3	24	12	50	139	169
7816	3	24	13	51	139	170
7817	3	24	14	52	139	172
7818	3	24	15	53	139	173
7819	3	24	16	54	139	175
7820	3	24	17	55	139	176
7821	3	24	18	56	139	178
7822	3	24	19	57	139	179
7823	3	24	20	58	139	181
7824	3	24	21	59	139	182
7825	3	24	22	60	139	184
7826	3	24	23	61	139	185
7827	3	24	24	62	139	187
7828	3	24	25	63	139	188
7829	3	24	26	64	139	190
7830	3	25	0	37	132	150
7831	3	25	1	38	132	152
7832	3	25	2	39	132	153
7833	3	25	3	40	132	155
7834	3	25	4	41	132	156
7835	3	25	5	42	132	158
7836	3	25	6	43	132	159
7837	3	25	7	44	132	161
7838	3	25	8	45	132	162
7839	3	25	9	46	132	164
7840	3	25	10	47	132	165
7841	3	25	11	48	132	167
7842	3	25	12	49	132	168
7843	3	25	13	50	132	170
7844	3	25	14	51	132	171
7845	3	25	15	52	132	173
7846	3	25	16	53	132	174
7847	3	25	17	54	132	176
7848	3	25	18	55	132	177
7849	3	25	19	56	132	179
7850	3	25	20	57	132	180
7851	3	25	21	58	132	182
7852	3	25	22	59	132	183
7853	3	25	23	60	132	185
7854	3	25	24	61	132	186
7855	3	25	25	62	132	188
7856	3	26	0	36	44	150
7857	3	26	1	37	44	151
7858	3	26	2	38	44	153
7859	3	26	3	39	44	154
7860	3	26	4	40	44	156
7861	3	26	5	41	44	157
7862	3	26	6	42	44	159
7863	3	26	7	43	44	160
7864	3	26	8	44	44	162
7865	3	26	9	45	44	163
7866	3	26	10	46	44	165
7867	3	26	11	47	44	166
7868	3	26	12	48	44	168
7869	3	26	13	49	44	169
7870	3	26	14	50	44	171
7871	3	26	15	51	44	172
7872	3	26	16	52	44	174
7873	3	26	17	53	44	175
7874	3	26	18	54	44	177
7875	3	26	19	55	44	178
7876	3	26	20	56	44	180
7877	3	26	21	57	44	181
7878	3	26	22	58	44	183
7879	3	26	23	59	44	184
7880	3	26	24	60	44	186
7881	3	27	0	35	186	149
7882	3	27	1	36	186	151
7883	3	27	2	37	186	152
7884	3	27	3	38	186	154
7885	3	27	4	39	186	155
7886	3	27	5	40	186	157
7887	3	27	6	41	186	158
7888	3	27	7	42	186	160
7889	3	27	8	43	186	161
7890	3	27	9	44	186	163
7891	3	27	10	45	186	164
7892	3	27	11	46	186	166
7893	3	27	12	47	186	167
7894	3	27	13	48	186	169
7895	3	27	14	49	186	170
7896	3	27	15	50	186	172
7897	3	27	16	51	186	173
7898	3	27	17	52	186	175
7899	3	27	18	53	186	176
7900	3	27	19	54	186	178
7901	3	27	20	55	186	179
7902	3	27	21	56	186	181
7903	3	27	22	57	186	182
7904	3	27	23	58	186	184
7905	3	28	0	34	62	149
7906	3	28	1	35	62	150
7907	3	28	2	36	62	152
7908	3	28	3	37	62	153
7909	3	28	4	38	62	155
7910	3	28	5	39	62	156
7911	3	28	6	40	62	158
7912	3	28	7	41	62	159
7913	3	28	8	42	62	161
7914	3	28	9	43	62	162
7915	3	28	10	44	62	164
7916	3	28	11	45	62	165
7917	3	28	12	46	62	167
7918	3	28	13	47	62	168
7919	3	28	14	48	62	170
7920	3	28	15	49	62	171
7921	3	28	16	50	62	173
7922	3	28	17	51	62	174
7923	3	28	18	52	62	176
7924	3	28	19	53	62	177
7925	3	28	20	54	62	179
7926	3	28	21	55	62	180
7927	3	28	22	56	62	182
7928	3	29	0	33	192	148
7929	3	29	1	34	192	150
7930	3	29	2	35	192	151
7931	3	29	3	36	192	153
7932	3	29	4	37	192	154
7933	3	29	5	38	192	156
7934	3	29	6	39	192	157
7935	3	29	7	40	192	159
7936	3	29	8	41	192	160
7937	3	29	9	42	192	162
7938	3	29	10	43	192	163
7939	3	29	11	44	192	165
7940	3	29	12	45	192	166
7941	3	29	13	46	192	168
7942	3	29	14	47	192	169
7943	3	29	15	48	192	171
7944	3	29	16	49	192	172
7945	3	29	17	50	192	174
7946	3	29	18	51	192	175
7947	3	29	19	52	192	177
7948	3	29	20	53	192	178
7949	3	29	21	54	192	180
7950	3	30	0	32	64	148
7951	3	30	1	33	64	149
7952	3	30	2	34	64	151
7953	3	30	3	35	64	152
7954	3	30	4	36	64	154
7955	3	30	5	37	64	155
7956	3	30	6	38	64	157
7957	3	30	7	39	64	158
7958	3	30	8	40	64	160
7959	3	30	9	41	64	161
7960	3	30	10	42	64	163
7961	3	30	11	43	64	164
7962	3	30	12	44	64	166
7963	3	30	13	45	64	167
7964	3	30	14	46	64	169
7965	3	30	15	47	64	170
7966	3	30	16	48	64	172
7967	3	30	17	49	64	173
7968	3	30	18	50	64	175
7969	3	30	19	51	64	176
7970	3	30	20	52	64	178
7971	3	31	0	31	107	147
7972	3	31	1	32	107	149
7973	3	31	2	33	107	150
7974	3	31	3	34	107	152
7975	3	31	4	35	107	153
7976	3	31	5	36	107	155
7977	3	31	6	37	107	156
7978	3	31	7	38	107	158
7979	3	31	8	39	107	159
7980	3	31	9	40	107	161
7981	3	31	10	41	107	162
7982	3	31	11	42	107	164
7983	3	31	12	43	107	165
7984	3	31	13	44	107	167
7985	3	31	14	45	107	168
7986	3	31	15	46	107	170
7987	3	31	16	47	107	171
7988	3	31	17	48	107	173
7989	3	31	18	49	107	174
7990	3	31	19	50	107	176
7991	3	32	0	30	207	147
7992	3	32	1	31	207	148
7993	3	32	2	32	207	150
7994	3	32	3	33	207	151
7995	3	32	4	34	207	153
7996	3	32	5	35	207	154
7997	3	32	6	36	207	156
7998	3	32	7	37	207	157
7999	3	32	8	38	207	159
8000	3	32	9	39	207	160
8001	3	32	10	40	207	162
8002	3	32	11	41	207	163
8003	3	32	12	42	207	165
8004	3	32	13	43	207	166
8005	3	32	14	44	207	168
8006	3	32	15	45	207	169
8007	3	32	16	46	207	171
8008	3	32	17	47	207	172
8009	3	32	18	48	207	174
8010	3	33	0	29	69	146
8011	3	33	1	30	69	148
8012	3	33	2	31	69	149
8013	3	33	3	32	69	151
8014	3	33	4	33	69	152
8015	3	33	5	34	69	154
8016	3	33	6	35	69	155
8017	3	33	7	36	69	157
8018	3	33	8	37	69	158
8019	3	33	9	38	69	160
8020	3	33	10	39	69	161
8021	3	33	11	40	69	163
8022	3	33	12	41	69	164
8023	3	33	13	42	69	166
8024	3	33	14	43	69	167
8025	3	33	15	44	69	169
8026	3	33	16	45	69	170
8027	3	33	17	46	69	172
8028	3	34	0	28	23	146
8029	3	34	1	29	23	147
8030	3	34	2	30	23	149
8031	3	34	3	31	23	150
8032	3	34	4	32	23	152
8033	3	34	5	33	23	153
8034	3	34	6	34	23	155
8035	3	34	7	35	23	156
8036	3	34	8	36	23	158
8037	3	34	9	37	23	159
8038	3	34	10	38	23	161
8039	3	34	11	39	23	162
8040	3	34	12	40	23	164
8041	3	34	13	41	23	165
8042	3	34	14	42	23	167
8043	3	34	15	43	23	168
8044	3	34	16	44	23	170
8045	3	35	0	27	179	145
8046	3	35	1	28	179	147
8047	3	35	2	29	179	148
8048	3	35	3	30	179	150
8049	3	35	4	31	179	151
8050	3	35	5	32	179	153
8051	3	35	6	33	179	154
8052	3	35	7	34	179	156
8053	3	35	8	35	179	157
8054	3	35	9	36	179	159
8055	3	35	10	37	179	160
8056	3	35	11	38	179	162
8057	3	35	12	39	179	163
8058	3	35	13	40	179	165
8059	3	35	14	41	179	166
8060	3	35	15	42	179	168
8061	3	36	0	26	231	145
8062	3	36	1	27	231	146
8063	3	36	2	28	231	148
8064	3	36	3	29	231	149
8065	3	36	4	30	231	151
8066	3	36	5	31	231	152
8067	3	36	6	32	231	154
8068	3	36	7	33	231	155
8069	3	36	8	34	231	157
8070	3	36	9	35	231	158
8071	3	36	10	36	231	160
8072	3	36	11	37	231	161
8073	3	36	12	38	231	163
8074	3	36	13	39	231	164
8075	3	36	14	40	231	166
8076	3	37	0	25	77	144
8077	3	37	1	26	77	146
8078	3	37	2	27	77	147
8079	3	37	3	28	77	149
8080	3	37	4	29	77	150
8081	3	37	5	30	77	152
8082	3	37	6	31	77	153
8083	3	37	7	32	77	155
8084	3	37	8	33	77	156
8085	3	37	9	34	77	158
8086	3	37	10	35	77	159
8087	3	37	11	36	77	161
8088	3	37	12	37	77	162
8089	3	37	13	38	77	164
8090	3	38	0	24	197	144
8091	3	38	1	25	197	145
8092	3	38	2	26	197	147
8093	3	38	3	27	197	148
8094	3	38	4	28	197	150
8095	3	38	5	29	197	151
8096	3	38	6	30	197	153
8097	3	38	7	31	197	154
8098	3	38	8	32	197	156
8099	3	38	9	33	197	157
8100	3	38	10	34	197	159
8101	3	38	11	35	197	160
8102	3	38	12	36	197	162
8103	3	39	0	23	237	143
8104	3	39	1	24	237	145
8105	3	39	2	25	237	146
8106	3	39	3	26	237	148
8107	3	39	4	27	237	149
8108	3	39	5	28	237	151
8109	3	39	6	29	237	152
8110	3	39	7	30	237	154
8111	3	39	8	31	237	155
8112	3	39	9	32	237	157
8113	3	39	10	33	237	158
8114	3	39	11	34	237	160
8115	3	40	0	22	79	143
8116	3	40	1	23	79	144
8117	3	40	2	24	79	146
8118	3	40	3	25	79	147
8119	3	40	4	26	79	149
8120	3	40	5	27	79	150
8121	3	40	6	28	79	152
8122	3	40	7	29	79	153
8123	3	40	8	30	79	155
8124	3	40	9	31	79	156
8125	3	40	10	32	79	158
8126	3	41	0	21	112	142
8127	3	41	1	22	112	144
8128	3	41	2	23	112	145
8129	3	41	3	24	112	147
8130	3	41	4	25	112	148
8131	3	41	5	26	112	150
8132	3	41	6	27	112	151
8133	3	41	7	28	112	153
8134	3	41	8	29	112	154
8135	3	41	9	30	112	156
8136	3	42	0	20	123	142
8137	3	42	1	21	123	143
8138	3	42	2	22	123	145
8139	3	42	3	23	123	146
8140	3	42	4	24	123	148
8141	3	42	5	25	123	149
8142	3	42	6	26	123	151
8143	3	42	7	27	123	152
8144	3	42	8	28	123	154
8145	3	43	0	19	41	141
8146	3	43	1	20	41	143
8147	3	43	2	21	41	144
8148	3	43	3	22	41	146
8149	3	43	4	23	41	147
8150	3	43	5	24	41	149
8151	3	43	6	25	41	150
8152	3	43	7	26	41	152
8153	3	44	0	18	185	141
8154	3	44	1	19	185	142
8155	3	44	2	20	185	144
8156	3	44	3	21	185	145
8157	3	44	4	22	185	147
8158	3	44	5	23	185	148
8159	3	44	6	24	185	150
8160	3	45	0	17	233	140
8161	3	45	1	18	233	142
8162	3	45	2	19	233	143
8163	3	45	3	20	233	145
8164	3	45	4	21	233	146
8165	3	45	5	22	233	148
8166	3	46	0	16	249	140
8167	3	46	1	17	249	141
8168	3	46	2	18	249	143
8169	3	46	3	19	249	144
8170	3	46	4	20	249	146
8171	3	47	0	15	83	139
8172	3	47	1	16	83	141
8173	3	47	2	17	83	142
8174	3	47	3	18	83	144
8175	3	48	0	14	199	139
8176	3	48	1	15	199	140
8177	3	48	2	16	199	142
8178	3	49	0	13	152	138
8179	3	49	1	14	152	140
8180	3	50	0	12	222	138
8181	4	0	0	113	241	239
8182	4	0	1	114	241	241
8183	4	0	2	115	241	242
8184	4	0	3	116	241	244
8185	4	0	4	117	241	245
8186	4	0	5	118	241	247
8187	4	0	6	119	241	248
8188	4	0	7	120	241	250
8189	4	0	8	121	241	251
8190	4	0	9	122	241	253
8191	4	0	10	123	241	254
8192	4	0	11	124	241	256
8193	4	0	12	125	241	257
8194	4	0	13	126	241	259
8195	4	0	14	127	241	260
8196	4	0	15	128	241	262
8197	4	0	16	129	241	263
8198	4	0	17	130	241	265
8199	4	0	18	131	241	266
8200	4	0	19	132	241	268
8201	4	0	20	133	241	269
8202	4	0	21	134	241	271
8203	4	0	22	135	241	272
8204	4	0	23	136	241	274
8205	4	0	24	137	241	275
8206	4	1	0	111	253	237
8207	4	1	1	112	253	239
8208	4	1	2	113	253	240
8209	4	1	3	114	253	242
8210	4	1	4	115	253	243
8211	4	1	5	116	253	245
8212	4	1	6	117	253	246
8213	4	1	7	118	253	248
8214	4	1	8	119	253	249
8215	4	1	9	120	253	251
8216	4	1	10	121	253	252
8217	4	1	11	122	253	254
8218	4	1	12	123	253	255
8219	4	1	13	124	253	257
8220	4	1	14	125	253	258
8221	4	1	15	126	253	260
8222	4	1	16	127	253	261
8223	4	1	17	128	253	263
8224	4	1	18	129	253	264
8225	4	1	19	130	253	266
8226	4	1	20	131	253	267
8227	4	1	21	132	253	269
8228	4	1	22	133	253	270
8229	4	1	23	134	253	272
8230	4	1	24	135	253	273
8231	4	2	0	109	256	235
8232	4	2	1	110	256	237
8233	4	2	2	111	256	238
8234	4	2	3	112	256	240
8235	4	2	4	113	256	241
8236	4	2	5	114	256	243
8237	4	2	6	115	256	244
8238	4	2	7	116	256	246
8239	4	2	8	117	256	247
8240	4	2	9	118	256	249
8241	4	2	10	119	256	250
8242	4	2	11	120	256	252
8243	4	2	12	121	256	253
8244	4	2	13	122	256	255
8245	4	2	14	123	256	256
8246	4	2	15	124	256	258
8247	4	2	16	125	256	259
8248	4	2	17	126	256	261
8249	4	2	18	127	256	262
8250	4	2	19	128	256	264
8251	4	2	20	129	256	265
8252	4	2	21	130	256	267
8253	4	2	22	131	256	268
8254	4	2	23	132	256	270
8255	4	3	0	107	64	233
8256	4	3	1	108	64	235
8257	4	3	2	109	64	236
8258	4	3	3	110	64	238
8259	4	3	4	111	64	239
8260	4	3	5	112	64	241
8261	4	3	6	113	64	242
8262	4	3	7	114	64	244
8263	4	3	8	115	64	245
8264	4	3	9	116	64	247
8265	4	3	10	117	64	248
8266	4	3	11	118	64	250
8267	4	3	12	119	64	251
8268	4	3	13	120	64	253
8269	4	3	14	121	64	254
8270	4	3	15	122	64	256
8271	4	3	16	123	64	257
8272	4	3	17	124	64	259
8273	4	3	18	125	64	260
8274	4	3	19	126	64	262
8275	4	3	20	127	64	263
8276	4	3	21	128	64	265
8277	4	3	22	129	64	266
8278	4	3	23	130	64	268
8279	4	4	0	105	16	231
8280	4	4	1	106	16	233
8281	4	4	2	107	16	234
8282	4	4	3	108	16	236
8283	4	4	4	109	16	237
8284	4	4	5	110	16	239
8285	4	4	6	111	16	240
8286	4	4	7	112	16	242
8287	4	4	8	113	16	243
8288	4	4	9	114	16	245
8289	4	4	10	115	16	246
8290	4	4	11	116	16	248
8291	4	4	12	117	16	249
8292	4	4	13	118	16	251
8293	4	4	14	119	16	252
8294	4	4	15	120	16	254
8295	4	4	16	121	16	255
8296	4	4	17	122	16	257
8297	4	4	18	123	16	258
8298	4	4	19	124	16	260
8299	4	4	20	125	16	261
8300	4	4	21	126	16	263
8301	4	4	22	127	16	264
8302	4	5	0	103	4	229
8303	4	5	1	104	4	231
8304	4	5	2	105	4	232
8305	4	5	3	106	4	234
8306	4	5	4	107	4	235
8307	4	5	5	108	4	237
8308	4	5	6	109	4	238
8309	4	5	7	110	4	240
8310	4	5	8	111	4	241
8311	4	5	9	112	4	243
8312	4	5	10	113	4	244
8313	4	5	11	114	4	246
8314	4	5	12	115	4	247
8315	4	5	13	116	4	249
8316	4	5	14	117	4	250
8317	4	5	15	118	4	252
8318	4	5	16	119	4	253
8319	4	5	17	120	4	255
8320	4	5	18	121	4	256
8321	4	5	19	122	4	258
8322	4	5	20	123	4	259
8323	4	5	21	124	4	261
8324	4	5	22	125	4	262
8325	4	6	0	101	1	227
8326	4	6	1	102	1	229
8327	4	6	2	103	1	230
8328	4	6	3	104	1	232
8329	4	6	4	105	1	233
8330	4	6	5	106	1	235
8331	4	6	6	107	1	236
8332	4	6	7	108	1	238
8333	4	6	8	109	1	239
8334	4	6	9	110	1	241
8335	4	6	10	111	1	242
8336	4	6	11	112	1	244
8337	4	6	12	113	1	245
8338	4	6	13	114	1	247
8339	4	6	14	115	1	248
8340	4	6	15	116	1	250
8341	4	6	16	117	1	251
8342	4	6	17	118	1	253
8343	4	6	18	119	1	254
8344	4	6	19	120	1	256
8345	4	6	20	121	1	257
8346	4	6	21	122	1	259
8347	4	7	0	99	193	225
8348	4	7	1	100	193	227
8349	4	7	2	101	193	228
8350	4	7	3	102	193	230
8351	4	7	4	103	193	231
8352	4	7	5	104	193	233
8353	4	7	6	105	193	234
8354	4	7	7	106	193	236
8355	4	7	8	107	193	237
8356	4	7	9	108	193	239
8357	4	7	10	109	193	240
8358	4	7	11	110	193	242
8359	4	7	12	111	193	243
8360	4	7	13	112	193	245
8361	4	7	14	113	193	246
8362	4	7	15	114	193	248
8363	4	7	16	115	193	249
8364	4	7	17	116	193	251
8365	4	7	18	117	193	252
8366	4	7	19	118	193	254
8367	4	7	20	119	193	255
8368	4	7	21	120	193	257
8369	4	8	0	97	241	223
8370	4	8	1	98	241	225
8371	4	8	2	99	241	226
8372	4	8	3	100	241	228
8373	4	8	4	101	241	229
8374	4	8	5	102	241	231
8375	4	8	6	103	241	232
8376	4	8	7	104	241	234
8377	4	8	8	105	241	235
8378	4	8	9	106	241	237
8379	4	8	10	107	241	238
8380	4	8	11	108	241	240
8381	4	8	12	109	241	241
8382	4	8	13	110	241	243
8383	4	8	14	111	241	244
8384	4	8	15	112	241	246
8385	4	8	16	113	241	247
8386	4	8	17	114	241	249
8387	4	8	18	115	241	250
8388	4	8	19	116	241	252
8389	4	8	20	117	241	253
8390	4	9	0	95	253	221
8391	4	9	1	96	253	223
8392	4	9	2	97	253	224
8393	4	9	3	98	253	226
8394	4	9	4	99	253	227
8395	4	9	5	100	253	229
8396	4	9	6	101	253	230
8397	4	9	7	102	253	232
8398	4	9	8	103	253	233
8399	4	9	9	104	253	235
8400	4	9	10	105	253	236
8401	4	9	11	106	253	238
8402	4	9	12	107	253	239
8403	4	9	13	108	253	241
8404	4	9	14	109	253	242
8405	4	9	15	110	253	244
8406	4	9	16	111	253	245
8407	4	9	17	112	253	247
8408	4	9	18	113	253	248
8409	4	9	19	114	253	250
8410	4	9	20	115	253	251
8411	4	10	0	93	256	219
8412	4	10	1	94	256	221
8413	4	10	2	95	256	222
8414	4	10	3	96	256	224
8415	4	10	4	97	256	225
8416	4	10	5	98	256	227
8417	4	10	6	99	256	228
8418	4	10	7	100	256	230
8419	4	10	8	101	256	231
8420	4	10	9	102	256	233
8421	4	10	10	103	256	234
8422	4	10	11	104	256	236
8423	4	10	12	105	256	237
8424	4	10	13	106	256	239
8425	4	10	14	107	256	240
8426	4	10	15	108	256	242
8427	4	10	16	109	256	243
8428	4	10	17	110	256	245
8429	4	10	18	111	256	246
8430	4	10	19	112	256	248
8431	4	11	0	91	64	217
8432	4	11	1	92	64	219
8433	4	11	2	93	64	220
8434	4	11	3	94	64	222
8435	4	11	4	95	64	223
8436	4	11	5	96	64	225
8437	4	11	6	97	64	226
8438	4	11	7	98	64	228
8439	4	11	8	99	64	229
8440	4	11	9	100	64	231
8441	4	11	10	101	64	232
8442	4	11	11	102	64	234
8443	4	11	12	103	64	235
8444	4	11	13	104	64	237
8445	4	11	14	105	64	238
8446	4	11	15	106	64	240
8447	4	11	16	107	64	241
8448	4	11	17	108	64	243
8449	4	11	18	109	64	244
8450	4	11	19	110	64	246
8451	4	12	0	89	16	215
8452	4	12	1	90	16	217
8453	4	12	2	91	16	218
8454	4	12	3	92	16	220
8455	4	12	4	93	16	221
8456	4	12	5	94	16	223
8457	4	12	6	95	16	224
8458	4	12	7	96	16	226
8459	4	12	8	97	16	227
8460	4	12	9	98	16	229
8461	4	12	10	99	16	230
8462	4	12	11	100	16	232
8463	4	12	12	101	16	233
8464	4	12	13	102	16	235
8465	4	12	14	103	16	236
8466	4	12	15	104	16	238
8467	4	12	16	105	16	239
8468	4	12	17	106	16	241
8469	4	12	18	107	16	242
8470	4	13	0	87	4	213
8471	4	13	1	88	4	215
8472	4	13	2	89	4	216
8473	4	13	3	90	4	218
8474	4	13	4	91	4	219
8475	4	13	5	92	4	221
8476	4	13	6	93	4	222
8477	4	13	7	94	4	224
8478	4	13	8	95	4	225
8479	4	13	9	96	4	227
8480	4	13	10	97	4	228
8481	4	13	11	98	4	230
8482	4	13	12	99	4	231
8483	4	13	13	100	4	233
8484	4	13	14	101	4	234
8485	4	13	15	102	4	236
8486	4	13	16	103	4	237
8487	4	13	17	104	4	239
8488	4	13	18	105	4	240
8489	4	14	0	85	1	211
8490	4	14	1	86	1	213
8491	4	14	2	87	1	214
8492	4	14	3	88	1	216
8493	4	14	4	89	1	217
8494	4	14	5	90	1	219
8495	4	14	6	91	1	220
8496	4	14	7	92	1	222
8497	4	14	8	93	1	223
8498	4	14	9	94	1	225
8499	4	14	10	95	1	226
8500	4	14	11	96	1	228
8501	4	14	12	97	1	229
8502	4	14	13	98	1	231
8503	4	14	14	99	1	232
8504	4	14	15	100	1	234
8505	4	14	16	101	1	235
8506	4	14	17	102	1	237
8507	4	15	0	83	193	209
8508	4	15	1	84	193	211
8509	4	15	2	85	193	212
8510	4	15	3	86	193	214
8511	4	15	4	87	193	215
8512	4	15	5	88	193	217
8513	4	15	6	89	193	218
8514	4	15	7	90	193	220
8515	4	15	8	91	193	221
8516	4	15	9	92	193	223
8517	4	15	10	93	193	224
8518	4	15	11	94	193	226
8519	4	15	12	95	193	227
8520	4	15	13	96	193	229
8521	4	15	14	97	193	230
8522	4	15	15	98	193	232
8523	4	15	16	99	193	233
8524	4	15	17	100	193	235
8525	4	16	0	81	241	207
8526	4	16	1	82	241	209
8527	4	16	2	83	241	210
8528	4	16	3	84	241	212
8529	4	16	4	85	241	213
8530	4	16	5	86	241	215
8531	4	16	6	87	241	216
8532	4	16	7	88	241	218
8533	4	16	8	89	241	219
8534	4	16	9	90	241	221
8535	4	16	10	91	241	222
8536	4	16	11	92	241	224
8537	4	16	12	93	241	225
8538	4	16	13	94	241	227
8539	4	16	14	95	241	228
8540	4	16	15	96	241	230
8541	4	16	16	97	241	231
8542	4	17	0	79	253	205
8543	4	17	1	80	253	207
8544	4	17	2	81	253	208
8545	4	17	3	82	253	210
8546	4	17	4	83	253	211
8547	4	17	5	84	253	213
8548	4	17	6	85	253	214
8549	4	17	7	86	253	216
8550	4	17	8	87	253	217
8551	4	17	9	88	253	219
8552	4	17	10	89	253	220
8553	4	17	11	90	253	222
8554	4	17	12	91	253	223
8555	4	17	13	92	253	225
8556	4	17	14	93	253	226
8557	4	17	15	94	253	228
8558	4	17	16	95	253	229
8559	4	18	0	77	256	203
8560	4	18	1	78	256	205
8561	4	18	2	79	256	206
8562	4	18	3	80	256	208
8563	4	18	4	81	256	209
8564	4	18	5	82	256	211
8565	4	18	6	83	256	212
8566	4	18	7	84	256	214
8567	4	18	8	85	256	215
8568	4	18	9	86	256	217
8569	4	18	10	87	256	218
8570	4	18	11	88	256	220
8571	4	18	12	89	256	221
8572	4	18	13	90	256	223
8573	4	18	14	91	256	224
8574	4	18	15	92	256	226
8575	4	19	0	75	64	201
8576	4	19	1	76	64	203
8577	4	19	2	77	64	204
8578	4	19	3	78	64	206
8579	4	19	4	79	64	207
8580	4	19	5	80	64	209
8581	4	19	6	81	64	210
8582	4	19	7	82	64	212
8583	4	19	8	83	64	213
8584	4	19	9	84	64	215
8585	4	19	10	85	64	216
8586	4	19	11	86	64	218
8587	4	19	12	87	64	219
8588	4	19	13	88	64	221
8589	4	19	14	89	64	222
8590	4	19	15	90	64	224
8591	4	20	0	73	16	199
8592	4	20	1	74	16	201
8593	4	20	2	75	16	202
8594	4	20	3	76	16	204
8595	4	20	4	77	16	205
8596	4	20	5	78	16	207
8597	4	20	6	79	16	208
8598	4	20	7	80	16	210
8599	4	20	8	81	16	211
8600	4	20	9	82	16	213
8601	4	20	10	83	16	214
8602	4	20	11	84	16	216
8603	4	20	12	85	16	217
8604	4	20	13	86	16	219
8605	4	20	14	87	16	220
8606	4	21	0	71	4	197
8607	4	21	1	72	4	199
8608	4	21	2	73	4	200
8609	4	21	3	74	4	202
8610	4	21	4	75	4	203
8611	4	21	5	76	4	205
8612	4	21	6	77	4	206
8613	4	21	7	78	4	208
8614	4	21	8	79	4	209
8615	4	21	9	80	4	211
8616	4	21	10	81	4	212
8617	4	21	11	82	4	214
8618	4	21	12	83	4	215
8619	4	21	13	84	4	217
8620	4	21	14	85	4	218
8621	4	22	0	69	1	195
8622	4	22	1	70	1	197
8623	4	22	2	71	1	198
8624	4	22	3	72	1	200
8625	4	22	4	73	1	201
8626	4	22	5	74	1	203
8627	4	22	6	75	1	204
8628	4	22	7	76	1	206
8629	4	22	8	77	1	207
8630	4	22	9	78	1	209
8631	4	22	10	79	1	210
8632	4	22	11	80	1	212
8633	4	22	12	81	1	213
8634	4	22	13	82	1	215
8635	4	23	0	67	193	193
8636	4	23	1	68	193	195
8637	4	23	2	69	193	196
8638	4	23	3	70	193	198
8639	4	23	4	71	193	199
8640	4	23	5	72	193	201
8641	4	23	6	73	193	202
8642	4	23	7	74	193	204
8643	4	23	8	75	193	205
8644	4	23	9	76	193	207
8645	4	23	10	77	193	208
8646	4	23	11	78	193	210
8647	4	23	12	79	193	211
8648	4	23	13	80	193	213
8649	4	24	0	65	241	191
8650	4	24	1	66	241	193
8651	4	24	2	67	241	194
8652	4	24	3	68	241	196
8653	4	24	4	69	241	197
8654	4	24	5	70	241	199
8655	4	24	6	71	241	200
8656	4	24	7	72	241	202
8657	4	24	8	73	241	203
8658	4	24	9	74	241	205
8659	4	24	10	75	241	206
8660	4	24	11	76	241	208
8661	4	24	12	77	241	209
8662	4	25	0	63	253	189
8663	4	25	1	64	253	191
8664	4	25	2	65	253	192
8665	4	25	3	66	253	194
8666	4	25	4	67	253	195
8667	4	25	5	68	253	197
8668	4	25	6	69	253	198
8669	4	25	7	70	253	200
8670	4	25	8	71	253	201
8671	4	25	9	72	253	203
8672	4	25	10	73	253	204
8673	4	25	11	74	253	206
8674	4	25	12	75	253	207
8675	4	26	0	61	256	187
8676	4	26	1	62	256	189
8677	4	26	2	63	256	190
8678	4	26	3	64	256	192
8679	4	26	4	65	256	193
8680	4	26	5	66	256	195
8681	4	26	6	67	256	196
8682	4	26	7	68	256	198
8683	4	26	8	69	256	199
8684	4	26	9	70	256	201
8685	4	26	10	71	256	202
8686	4	26	11	72	256	204
8687	4	27	0	59	64	185
8688	4	27	1	60	64	187
8689	4	27	2	61	64	188
8690	4	27	3	62	64	190
8691	4	27	4	63	64	191
8692	4	27	5	64	64	193
8693	4	27	6	65	64	194
8694	4	27	7	66	64	196
8695	4	27	8	67	64	197
8696	4	27	9	68	64	199
8697	4	27	10	69	64	200
8698	4	27	11	70	64	202
8699	4	28	0	57	16	183
8700	4	28	1	58	16	185
8701	4	28	2	59	16	186
8702	4	28	3	60	16	188
8703	4	28	4	61	16	189
8704	4	28	5	62	16	191
8705	4	28	6	63	16	192
8706	4	28	7	64	16	194
8707	4	28	8	65	16	195
8708	4	28	9	66	16	197
8709	4	28	10	67	16	198
8710	4	29	0	55	4	181
8711	4	29	1	56	4	183
8712	4	29	2	57	4	184
8713	4	29	3	58	4	186
8714	4	29	4	59	4	187
8715	4	29	5	60	4	189
8716	4	29	6	61	4	190
8717	4	29	7	62	4	192
8718	4	29	8	63	4	193
8719	4	29	9	64	4	195
8720	4	29	10	65	4	196
8721	4	30	0	53	1	179
8722	4	30	1	54	1	181
8723	4	30	2	55	1	182
8724	4	30	3	56	1	184
8725	4	30	4	57	1	185
8726	4	30	5	58	1	187
8727	4	30	6	59	1	188
8728	4	30	7	60	1	190
8729	4	30	8	61	1	191
8730	4	30	9	62	1	193
8731	4	31	0	51	193	177
8732	4	31	1	52	193	179
8733	4	31	2	53	193	180
8734	4	31	3	54	193	182
8735	4	31	4	55	193	183
8736	4	31	5	56	193	185
8737	4	31	6	57	193	186
8738	4	31	7	58	193	188
8739	4	31	8	59	193	189
8740	4	31	9	60	193	191
8741	4	32	0	49	241	175
8742	4	32	1	50	241	177
8743	4	32	2	51	241	178
8744	4	32	3	52	241	180
8745	4	32	4	53	241	181
8746	4	32	5	54	241	183
8747	4	32	6	55	241	184
8748	4	32	7	56	241	186
8749	4	32	8	57	241	187
8750	4	33	0	47	253	173
8751	4	33	1	48	253	175
8752	4	33	2	49	253	176
8753	4	33	3	50	253	178
8754	4	33	4	51	253	179
8755	4	33	5	52	253	181
8756	4	33	6	53	253	182
8757	4	33	7	54	253	184
8758	4	33	8	55	253	185
8759	4	34	0	45	256	171
8760	4	34	1	46	256	173
8761	4	34	2	47	256	174
8762	4	34	3	48	256	176
8763	4	34	4	49	256	177
8764	4	34	5	50	256	179
8765	4	34	6	51	256	180
8766	4	34	7	52	256	182
8767	4	35	0	43	64	169
8768	4	35	1	44	64	171
8769	4	35	2	45	64	172
8770	4	35	3	46	64	174
8771	4	35	4	47	64	175
8772	4	35	5	48	64	177
8773	4	35	6	49	64	178
8774	4	35	7	50	64	180
8775	4	36	0	41	16	167
8776	4	36	1	42	16	169
8777	4	36	2	43	16	170
8778	4	36	3	44	16	172
8779	4	36	4	45	16	173
8780	4	36	5	46	16	175
8781	4	36	6	47	16	176
8782	4	37	0	39	4	165
8783	4	37	1	40	4	167
8784	4	37	2	41	4	168
8785	4	37	3	42	4	170
8786	4	37	4	43	4	171
8787	4	37	5	44	4	173
8788	4	37	6	45	4	174
8789	4	38	0	37	1	163
8790	4	38	1	38	1	165
8791	4	38	2	39	1	166
8792	4	38	3	40	1	168
8793	4	38	4	41	1	169
8794	4	38	5	42	1	171
8795	4	39	0	35	193	161
8796	4	39	1	36	193	163
8797	4	39	2	37	193	164
8798	4	39	3	38	193	166
8799	4	39	4	39	193	167
8800	4	39	5	40	193	169
8801	4	40	0	33	241	159
8802	4	40	1	34	241	161
8803	4	40	2	35	241	162
8804	4	40	3	36	241	164
8805	4	40	4	37	241	165
8806	4	41	0	31	253	157
8807	4	41	1	32	253	159
8808	4	41	2	33	253	160
8809	4	41	3	34	253	162
8810	4	41	4	35	253	163
8811	4	42	0	29	256	155
8812	4	42	1	30	256	157
8813	4	42	2	31	256	158
8814	4	42	3	32	256	160
8815	4	43	0	27	64	153
8816	4	43	1	28	64	155
8817	4	43	2	29	64	156
8818	4	43	3	30	64	158
8819	4	44	0	25	16	151
8820	4	44	1	26	16	153
8821	4	44	2	27	16	154
8822	4	45	0	23	4	149
8823	4	45	1	24	4	151
8824	4	45	2	25	4	152
8825	4	46	0	21	1	147
8826	4	46	1	22	1	149
8827	4	47	0	19	193	145
8828	4	47	1	20	193	147
8829	4	48	0	17	241	143
8830	4	49	0	15	253	141
8831	5	0	0	0	128	133
8832	5	0	1	1	64	133
8833	5	0	2	2	32	133
8834	5	0	3	3	16	133
8835	5	0	4	4	16	134
8836	5	0	5	5	8	134
8837	5	0	6	6	8	135
8838	5	0	7	7	4	135
8839	5	0	8	8	4	136
8840	5	0	9	9	2	136
8841	5	0	10	10	2	137
8842	5	0	11	11	1	137
8843	5	0	12	12	1	139
8844	5	0	13	13	129	139
8845	5	0	14	14	129	141
8846	5	0	15	15	193	142
8847	5	0	16	16	193	143
8848	5	0	17	17	225	144
8849	5	0	18	18	225	145
8850	5	0	19	19	241	146
8851	5	0	20	20	241	148
8852	5	0	21	21	249	148
8853	5	0	22	22	249	150
8854	5	0	23	23	253	150
8855	5	0	24	24	253	152
8856	5	0	25	25	255	153
8857	5	0	26	26	255	154
8858	5	0	27	27	256	155
8859	5	0	28	28	256	156
8860	5	0	29	29	128	157
8861	5	0	30	30	128	159
8862	5	0	31	31	64	159
8863	5	0	32	32	64	161
8864	5	0	33	33	32	161
8865	5	0	34	34	32	163
8866	5	0	35	35	16	164
8867	5	0	36	36	16	165
8868	5	0	37	37	8	166
8869	5	0	38	38	8	167
8870	5	0	39	39	4	168
8871	5	0	40	40	4	170
8872	5	0	41	41	2	170
8873	5	0	42	42	2	172
8874	5	0	43	43	1	172
8875	5	0	44	44	1	174
8876	5	0	45	45	129	175
8877	5	0	46	46	129	176
8878	5	1	0	0	128	134
8879	5	1	1	1	64	134
8880	5	1	2	2	32	134
8881	5	1	3	3	16	134
8882	5	1	4	4	16	135
8883	5	1	5	5	8	135
8884	5	1	6	6	8	136
8885	5	1	7	7	4	136
8886	5	1	8	8	4	137
8887	5	1	9	9	2	137
8888	5	1	10	10	2	138
8889	5	1	11	11	1	138
8890	5	1	12	12	1	140
8891	5	1	13	13	129	140
8892	5	1	14	14	129	142
8893	5	1	15	15	193	143
8894	5	1	16	16	193	144
8895	5	1	17	17	225	145
8896	5	1	18	18	225	146
8897	5	1	19	19	241	147
8898	5	1	20	20	241	149
8899	5	1	21	21	249	149
8900	5	1	22	22	249	151
8901	5	1	23	23	253	151
8902	5	1	24	24	253	153
8903	5	1	25	25	255	154
8904	5	1	26	26	255	155
8905	5	1	27	27	256	156
8906	5	1	28	28	256	157
8907	5	1	29	29	128	158
8908	5	1	30	30	128	160
8909	5	1	31	31	64	160
8910	5	1	32	32	64	162
8911	5	1	33	33	32	162
8912	5	1	34	34	32	164
8913	5	1	35	35	16	165
8914	5	1	36	36	16	166
8915	5	1	37	37	8	167
8916	5	1	38	38	8	168
8917	5	1	39	39	4	169
8918	5	1	40	40	4	171
8919	5	1	41	41	2	171
8920	5	1	42	42	2	173
8921	5	1	43	43	1	173
8922	5	1	44	44	1	175
8923	5	1	45	45	129	176
8924	5	2	0	0	128	135
8925	5	2	1	1	64	135
8926	5	2	2	2	32	135
8927	5	2	3	3	16	135
8928	5	2	4	4	16	136
8929	5	2	5	5	8	136
8930	5	2	6	6	8	137
8931	5	2	7	7	4	137
8932	5	2	8	8	4	138
8933	5	2	9	9	2	138
8934	5	2	10	10	2	139
8935	5	2	11	11	1	139
8936	5	2	12	12	1	141
8937	5	2	13	13	129	141
8938	5	2	14	14	129	143
8939	5	2	15	15	193	144
8940	5	2	16	16	193	145
8941	5	2	17	17	225	146
8942	5	2	18	18	225	147
8943	5	2	19	19	241	148
8944	5	2	20	20	241	150
8945	5	2	21	21	249	150
8946	5	2	22	22	249	152
8947	5	2	23	23	253	152
8948	5	2	24	24	253	154
8949	5	2	25	25	255	155
8950	5	2	26	26	255	156
8951	5	2	27	27	256	157
8952	5	2	28	28	256	158
8953	5	2	29	29	128	159
8954	5	2	30	30	128	161
8955	5	2	31	31	64	161
8956	5	2	32	32	64	163
8957	5	2	33	33	32	163
8958	5	2	34	34	32	165
8959	5	2	35	35	16	166
8960	5	2	36	36	16	167
8961	5	2	37	37	8	168
8962	5	2	38	38	8	169
8963	5	2	39	39	4	170
8964	5	2	40	40	4	172
8965	5	2	41	41	2	172
8966	5	2	42	42	2	174
8967	5	2	43	43	1	174
8968	5	2	44	44	1	176
8969	5	3	0	0	128	136
8970	5	3	1	1	64	136
8971	5	3	2	2	32	136
8972	5	3	3	3	16	136
8973	5	3	4	4	16	137
8974	5	3	5	5	8	137
8975	5	3	6	6	8	138
8976	5	3	7	7	4	138
8977	5	3	8	8	4	139
8978	5	3	9	9	2	139
8979	5	3	10	10	2	140
8980	5	3	11	11	1	140
8981	5	3	12	12	1	142
8982	5	3	13	13	129	142
8983	5	3	14	14	129	144
8984	5	3	15	15	193	145
8985	5	3	16	16	193	146
8986	5	3	17	17	225	147
8987	5	3	18	18	225	148
8988	5	3	19	19	241	149
8989	5	3	20	20	241	151
8990	5	3	21	21	249	151
8991	5	3	22	22	249	153
8992	5	3	23	23	253	153
8993	5	3	24	24	253	155
8994	5	3	25	25	255	156
8995	5	3	26	26	255	157
8996	5	3	27	27	256	158
8997	5	3	28	28	256	159
8998	5	3	29	29	128	160
8999	5	3	30	30	128	162
9000	5	3	31	31	64	162
9001	5	3	32	32	64	164
9002	5	3	33	33	32	164
9003	5	3	34	34	32	166
9004	5	3	35	35	16	167
9005	5	3	36	36	16	168
9006	5	3	37	37	8	169
9007	5	3	38	38	8	170
9008	5	3	39	39	4	171
9009	5	3	40	40	4	173
9010	5	3	41	41	2	173
9011	5	3	42	42	2	175
9012	5	3	43	43	1	175
9013	5	4	0	0	128	137
9014	5	4	1	1	64	137
9015	5	4	2	2	32	137
9016	5	4	3	3	16	137
9017	5	4	4	4	16	138
9018	5	4	5	5	8	138
9019	5	4	6	6	8	139
9020	5	4	7	7	4	139
9021	5	4	8	8	4	140
9022	5	4	9	9	2	140
9023	5	4	10	10	2	141
9024	5	4	11	11	1	141
9025	5	4	12	12	1	143
9026	5	4	13	13	129	143
9027	5	4	14	14	129	145
9028	5	4	15	15	193	146
9029	5	4	16	16	193	147
9030	5	4	17	17	225	148
9031	5	4	18	18	225	149
9032	5	4	19	19	241	150
9033	5	4	20	20	241	152
9034	5	4	21	21	249	152
9035	5	4	22	22	249	154
9036	5	4	23	23	253	154
9037	5	4	24	24	253	156
9038	5	4	25	25	255	157
9039	5	4	26	26	255	158
9040	5	4	27	27	256	159
9041	5	4	28	28	256	160
9042	5	4	29	29	128	161
9043	5	4	30	30	128	163
9044	5	4	31	31	64	163
9045	5	4	32	32	64	165
9046	5	4	33	33	32	165
9047	5	4	34	34	32	167
9048	5	4	35	35	16	168
9049	5	4	36	36	16	169
9050	5	4	37	37	8	170
9051	5	4	38	38	8	171
9052	5	4	39	39	4	172
9053	5	4	40	40	4	174
9054	5	4	41	41	2	174
9055	5	4	42	42	2	176
9056	5	5	0	0	128	138
9057	5	5	1	1	64	138
9058	5	5	2	2	32	138
9059	5	5	3	3	16	138
9060	5	5	4	4	16	139
9061	5	5	5	5	8	139
9062	5	5	6	6	8	140
9063	5	5	7	7	4	140
9064	5	5	8	8	4	141
9065	5	5	9	9	2	141
9066	5	5	10	10	2	142
9067	5	5	11	11	1	142
9068	5	5	12	12	1	144
9069	5	5	13	13	129	144
9070	5	5	14	14	129	146
9071	5	5	15	15	193	147
9072	5	5	16	16	193	148
9073	5	5	17	17	225	149
9074	5	5	18	18	225	150
9075	5	5	19	19	241	151
9076	5	5	20	20	241	153
9077	5	5	21	21	249	153
9078	5	5	22	22	249	155
9079	5	5	23	23	253	155
9080	5	5	24	24	253	157
9081	5	5	25	25	255	158
9082	5	5	26	26	255	159
9083	5	5	27	27	256	160
9084	5	5	28	28	256	161
9085	5	5	29	29	128	162
9086	5	5	30	30	128	164
9087	5	5	31	31	64	164
9088	5	5	32	32	64	166
9089	5	5	33	33	32	166
9090	5	5	34	34	32	168
9091	5	5	35	35	16	169
9092	5	5	36	36	16	170
9093	5	5	37	37	8	171
9094	5	5	38	38	8	172
9095	5	5	39	39	4	173
9096	5	5	40	40	4	175
9097	5	5	41	41	2	175
9098	5	6	0	0	128	139
9099	5	6	1	1	64	139
9100	5	6	2	2	32	139
9101	5	6	3	3	16	139
9102	5	6	4	4	16	140
9103	5	6	5	5	8	140
9104	5	6	6	6	8	141
9105	5	6	7	7	4	141
9106	5	6	8	8	4	142
9107	5	6	9	9	2	142
9108	5	6	10	10	2	143
9109	5	6	11	11	1	143
9110	5	6	12	12	1	145
9111	5	6	13	13	129	145
9112	5	6	14	14	129	147
9113	5	6	15	15	193	148
9114	5	6	16	16	193	149
9115	5	6	17	17	225	150
9116	5	6	18	18	225	151
9117	5	6	19	19	241	152
9118	5	6	20	20	241	154
9119	5	6	21	21	249	154
9120	5	6	22	22	249	156
9121	5	6	23	23	253	156
9122	5	6	24	24	253	158
9123	5	6	25	25	255	159
9124	5	6	26	26	255	160
9125	5	6	27	27	256	161
9126	5	6	28	28	256	162
9127	5	6	29	29	128	163
9128	5	6	30	30	128	165
9129	5	6	31	31	64	165
9130	5	6	32	32	64	167
9131	5	6	33	33	32	167
9132	5	6	34	34	32	169
9133	5	6	35	35	16	170
9134	5	6	36	36	16	171
9135	5	6	37	37	8	172
9136	5	6	38	38	8	173
9137	5	6	39	39	4	174
9138	5	6	40	40	4	176
9139	5	7	0	0	128	140
9140	5	7	1	1	64	140
9141	5	7	2	2	32	140
9142	5	7	3	3	16	140
9143	5	7	4	4	16	141
9144	5	7	5	5	8	141
9145	5	7	6	6	8	142
9146	5	7	7	7	4	142
9147	5	7	8	8	4	143
9148	5	7	9	9	2	143
9149	5	7	10	10	2	144
9150	5	7	11	11	1	144
9151	5	7	12	12	1	146
9152	5	7	13	13	129	146
9153	5	7	14	14	129	148
9154	5	7	15	15	193	149
9155	5	7	16	16	193	150
9156	5	7	17	17	225	151
9157	5	7	18	18	225	152
9158	5	7	19	19	241	153
9159	5	7	20	20	241	155
9160	5	7	21	21	249	155
9161	5	7	22	22	249	157
9162	5	7	23	23	253	157
9163	5	7	24	24	253	159
9164	5	7	25	25	255	160
9165	5	7	26	26	255	161
9166	5	7	27	27	256	162
9167	5	7	28	28	256	163
9168	5	7	29	29	128	164
9169	5	7	30	30	128	166
9170	5	7	31	31	64	166
9171	5	7	32	32	64	168
9172	5	7	33	33	32	168
9173	5	7	34	34	32	170
9174	5	7	35	35	16	171
9175	5	7	36	36	16	172
9176	5	7	37	37	8	173
9177	5	7	38	38	8	174
9178	5	7	39	39	4	175
9179	5	8	0	0	128	141
9180	5	8	1	1	64	141
9181	5	8	2	2	32	141
9182	5	8	3	3	16	141
9183	5	8	4	4	16	142
9184	5	8	5	5	8	142
9185	5	8	6	6	8	143
9186	5	8	7	7	4	143
9187	5	8	8	8	4	144
9188	5	8	9	9	2	144
9189	5	8	10	10	2	145
9190	5	8	11	11	1	145
9191	5	8	12	12	1	147
9192	5	8	13	13	129	147
9193	5	8	14	14	129	149
9194	5	8	15	15	193	150
9195	5	8	16	16	193	151
9196	5	8	17	17	225	152
9197	5	8	18	18	225	153
9198	5	8	19	19	241	154
9199	5	8	20	20	241	156
9200	5	8	21	21	249	156
9201	5	8	22	22	249	158
9202	5	8	23	23	253	158
9203	5	8	24	24	253	160
9204	5	8	25	25	255	161
9205	5	8	26	26	255	162
9206	5	8	27	27	256	163
9207	5	8	28	28	256	164
9208	5	8	29	29	128	165
9209	5	8	30	30	128	167
9210	5	8	31	31	64	167
9211	5	8	32	32	64	169
9212	5	8	33	33	32	169
9213	5	8	34	34	32	171
9214	5	8	35	35	16	172
9215	5	8	36	36	16	173
9216	5	8	37	37	8	174
9217	5	8	38	38	8	175
9218	5	9	0	0	128	142
9219	5	9	1	1	64	142
9220	5	9	2	2	32	142
9221	5	9	3	3	16	142
9222	5	9	4	4	16	143
9223	5	9	5	5	8	143
9224	5	9	6	6	8	144
9225	5	9	7	7	4	144
9226	5	9	8	8	4	145
9227	5	9	9	9	2	145
9228	5	9	10	10	2	146
9229	5	9	11	11	1	146
9230	5	9	12	12	1	148
9231	5	9	13	13	129	148
9232	5	9	14	14	129	150
9233	5	9	15	15	193	151
9234	5	9	16	16	193	152
9235	5	9	17	17	225	153
9236	5	9	18	18	225	154
9237	5	9	19	19	241	155
9238	5	9	20	20	241	157
9239	5	9	21	21	249	157
9240	5	9	22	22	249	159
9241	5	9	23	23	253	159
9242	5	9	24	24	253	161
9243	5	9	25	25	255	162
9244	5	9	26	26	255	163
9245	5	9	27	27	256	164
9246	5	9	28	28	256	165
9247	5	9	29	29	128	166
9248	5	9	30	30	128	168
9249	5	9	31	31	64	168
9250	5	9	32	32	64	170
9251	5	9	33	33	32	170
9252	5	9	34	34	32	172
9253	5	9	35	35	16	173
9254	5	9	36	36	16	174
9255	5	9	37	37	8	175
9256	5	10	0	0	128	143
9257	5	10	1	1	64	143
9258	5	10	2	2	32	143
9259	5	10	3	3	16	143
9260	5	10	4	4	16	144
9261	5	10	5	5	8	144
9262	5	10	6	6	8	145
9263	5	10	7	7	4	145
9264	5	10	8	8	4	146
9265	5	10	9	9	2	146
9266	5	10	10	10	2	147
9267	5	10	11	11	1	147
9268	5	10	12	12	1	149
9269	5	10	13	13	129	149
9270	5	10	14	14	129	151
9271	5	10	15	15	193	152
9272	5	10	16	16	193	153
9273	5	10	17	17	225	154
9274	5	10	18	18	225	155
9275	5	10	19	19	241	156
9276	5	10	20	20	241	158
9277	5	10	21	21	249	158
9278	5	10	22	22	249	160
9279	5	10	23	23	253	160
9280	5	10	24	24	253	162
9281	5	10	25	25	255	163
9282	5	10	26	26	255	164
9283	5	10	27	27	256	165
9284	5	10	28	28	256	166
9285	5	10	29	29	128	167
9286	5	10	30	30	128	169
9287	5	10	31	31	64	169
9288	5	10	32	32	64	171
9289	5	10	33	33	32	171
9290	5	10	34	34	32	173
9291	5	10	35	35	16	174
9292	5	10	36	36	16	175
9293	5	11	0	0	128	144
9294	5	11	1	1	64	144
9295	5	11	2	2	32	144
9296	5	11	3	3	16	144
9297	5	11	4	4	16	145
9298	5	11	5	5	8	145
9299	5	11	6	6	8	146
9300	5	11	7	7	4	146
9301	5	11	8	8	4	147
9302	5	11	9	9	2	147
9303	5	11	10	10	2	148
9304	5	11	11	11	1	148
9305	5	11	12	12	1	150
9306	5	11	13	13	129	150
9307	5	11	14	14	129	152
9308	5	11	15	15	193	153
9309	5	11	16	16	193	154
9310	5	11	17	17	225	155
9311	5	11	18	18	225	156
9312	5	11	19	19	241	157
9313	5	11	20	20	241	159
9314	5	11	21	21	249	159
9315	5	11	22	22	249	161
9316	5	11	23	23	253	161
9317	5	11	24	24	253	163
9318	5	11	25	25	255	164
9319	5	11	26	26	255	165
9320	5	11	27	27	256	166
9321	5	11	28	28	256	167
9322	5	11	29	29	128	168
9323	5	11	30	30	128	170
9324	5	11	31	31	64	170
9325	5	11	32	32	64	172
9326	5	11	33	33	32	172
9327	5	11	34	34	32	174
9328	5	11	35	35	16	175
9329	5	12	0	0	128	145
9330	5	12	1	1	64	145
9331	5	12	2	2	32	145
9332	5	12	3	3	16	145
9333	5	12	4	4	16	146
9334	5	12	5	5	8	146
9335	5	12	6	6	8	147
9336	5	12	7	7	4	147
9337	5	12	8	8	4	148
9338	5	12	9	9	2	148
9339	5	12	10	10	2	149
9340	5	12	11	11	1	149
9341	5	12	12	12	1	151
9342	5	12	13	13	129	151
9343	5	12	14	14	129	153
9344	5	12	15	15	193	154
9345	5	12	16	16	193	155
9346	5	12	17	17	225	156
9347	5	12	18	18	225	157
9348	5	12	19	19	241	158
9349	5	12	20	20	241	160
9350	5	12	21	21	249	160
9351	5	12	22	22	249	162
9352	5	12	23	23	253	162
9353	5	12	24	24	253	164
9354	5	12	25	25	255	165
9355	5	12	26	26	255	166
9356	5	12	27	27	256	167
9357	5	12	28	28	256	168
9358	5	12	29	29	128	169
9359	5	12	30	30	128	171
9360	5	12	31	31	64	171
9361	5	12	32	32	64	173
9362	5	12	33	33	32	173
9363	5	12	34	34	32	175
9364	5	13	0	0	128	146
9365	5	13	1	1	64	146
9366	5	13	2	2	32	146
9367	5	13	3	3	16	146
9368	5	13	4	4	16	147
9369	5	13	5	5	8	147
9370	5	13	6	6	8	148
9371	5	13	7	7	4	148
9372	5	13	8	8	4	149
9373	5	13	9	9	2	149
9374	5	13	10	10	2	150
9375	5	13	11	11	1	150
9376	5	13	12	12	1	152
9377	5	13	13	13	129	152
9378	5	13	14	14	129	154
9379	5	13	15	15	193	155
9380	5	13	16	16	193	156
9381	5	13	17	17	225	157
9382	5	13	18	18	225	158
9383	5	13	19	19	241	159
9384	5	13	20	20	241	161
9385	5	13	21	21	249	161
9386	5	13	22	22	249	163
9387	5	13	23	23	253	163
9388	5	13	24	24	253	165
9389	5	13	25	25	255	166
9390	5	13	26	26	255	167
9391	5	13	27	27	256	168
9392	5	13	28	28	256	169
9393	5	13	29	29	128	170
9394	5	13	30	30	128	172
9395	5	13	31	31	64	172
9396	5	13	32	32	64	174
9397	5	13	33	33	32	174
9398	5	14	0	0	128	147
9399	5	14	1	1	64	147
9400	5	14	2	2	32	147
9401	5	14	3	3	16	147
9402	5	14	4	4	16	148
9403	5	14	5	5	8	148
9404	5	14	6	6	8	149
9405	5	14	7	7	4	149
9406	5	14	8	8	4	150
9407	5	14	9	9	2	150
9408	5	14	10	10	2	151
9409	5	14	11	11	1	151
9410	5	14	12	12	1	153
9411	5	14	13	13	129	153
9412	5	14	14	14	129	155
9413	5	14	15	15	193	156
9414	5	14	16	16	193	157
9415	5	14	17	17	225	158
9416	5	14	18	18	225	159
9417	5	14	19	19	241	160
9418	5	14	20	20	241	162
9419	5	14	21	21	249	162
9420	5	14	22	22	249	164
9421	5	14	23	23	253	164
9422	5	14	24	24	253	166
9423	5	14	25	25	255	167
9424	5	14	26	26	255	168
9425	5	14	27	27	256	169
9426	5	14	28	28	256	170
9427	5	14	29	29	128	171
9428	5	14	30	30	128	173
9429	5	14	31	31	64	173
9430	5	14	32	32	64	175
9431	5	15	0	0	128	148
9432	5	15	1	1	64	148
9433	5	15	2	2	32	148
9434	5	15	3	3	16	148
9435	5	15	4	4	16	149
9436	5	15	5	5	8	149
9437	5	15	6	6	8	150
9438	5	15	7	7	4	150
9439	5	15	8	8	4	151
9440	5	15	9	9	2	151
9441	5	15	10	10	2	152
9442	5	15	11	11	1	152
9443	5	15	12	12	1	154
9444	5	15	13	13	129	154
9445	5	15	14	14	129	156
9446	5	15	15	15	193	157
9447	5	15	16	16	193	158
9448	5	15	17	17	225	159
9449	5	15	18	18	225	160
9450	5	15	19	19	241	161
9451	5	15	20	20	241	163
9452	5	15	21	21	249	163
9453	5	15	22	22	249	165
9454	5	15	23	23	253	165
9455	5	15	24	24	253	167
9456	5	15	25	25	255	168
9457	5	15	26	26	255	169
9458	5	15	27	27	256	170
9459	5	15	28	28	256	171
9460	5	15	29	29	128	172
9461	5	15	30	30	128	174
9462	5	15	31	31	64	174
9463	5	16	0	0	128	149
9464	5	16	1	1	64	149
9465	5	16	2	2	32	149
9466	5	16	3	3	16	149
9467	5	16	4	4	16	150
9468	5	16	5	5	8	150
9469	5	16	6	6	8	151
9470	5	16	7	7	4	151
9471	5	16	8	8	4	152
9472	5	16	9	9	2	152
9473	5	16	10	10	2	153
9474	5	16	11	11	1	153
9475	5	16	12	12	1	155
9476	5	16	13	13	129	155
9477	5	16	14	14	129	157
9478	5	16	15	15	193	158
9479	5	16	16	16	193	159
9480	5	16	17	17	225	160
9481	5	16	18	18	225	161
9482	5	16	19	19	241	162
9483	5	16	20	20	241	164
9484	5	16	21	21	249	164
9485	5	16	22	22	249	166
9486	5	16	23	23	253	166
9487	5	16	24	24	253	168
9488	5	16	25	25	255	169
9489	5	16	26	26	255	170
9490	5	16	27	27	256	171
9491	5	16	28	28	256	172
9492	5	16	29	29	128	173
9493	5	16	30	30	128	175
9494	5	17	0	0	128	150
9495	5	17	1	1	64	150
9496	5	17	2	2	32	150
9497	5	17	3	3	16	150
9498	5	17	4	4	16	151
9499	5	17	5	5	8	151
9500	5	17	6	6	8	152
9501	5	17	7	7	4	152
9502	5	17	8	8	4	153
9503	5	17	9	9	2	153
9504	5	17	10	10	2	154
9505	5	17	11	11	1	154
9506	5	17	12	12	1	156
9507	5	17	13	13	129	156
9508	5	17	14	14	129	158
9509	5	17	15	15	193	159
9510	5	17	16	16	193	160
9511	5	17	17	17	225	161
9512	5	17	18	18	225	162
9513	5	17	19	19	241	163
9514	5	17	20	20	241	165
9515	5	17	21	21	249	165
9516	5	17	22	22	249	167
9517	5	17	23	23	253	167
9518	5	17	24	24	253	169
9519	5	17	25	25	255	170
9520	5	17	26	26	255	171
9521	5	17	27	27	256	172
9522	5	17	28	28	256	173
9523	5	17	29	29	128	174
9524	5	18	0	0	128	151
9525	5	18	1	1	64	151
9526	5	18	2	2	32	151
9527	5	18	3	3	16	151
9528	5	18	4	4	16	152
9529	5	18	5	5	8	152
9530	5	18	6	6	8	153
9531	5	18	7	7	4	153
9532	5	18	8	8	4	154
9533	5	18	9	9	2	154
9534	5	18	10	10	2	155
9535	5	18	11	11	1	155
9536	5	18	12	12	1	157
9537	5	18	13	13	129	157
9538	5	18	14	14	129	159
9539	5	18	15	15	193	160
9540	5	18	16	16	193	161
9541	5	18	17	17	225	162
9542	5	18	18	18	225	163
9543	5	18	19	19	241	164
9544	5	18	20	20	241	166
9545	5	18	21	21	249	166
9546	5	18	22	22	249	168
9547	5	18	23	23	253	168
9548	5	18	24	24	253	170
9549	5	18	25	25	255	171
9550	5	18	26	26	255	172
9551	5	18	27	27	256	173
9552	5	18	28	28	256	174
9553	5	19	0	0	128	152
9554	5	19	1	1	64	152
9555	5	19	2	2	32	152
9556	5	19	3	3	16	152
9557	5	19	4	4	16	153
9558	5	19	5	5	8	153
9559	5	19	6	6	8	154
9560	5	19	7	7	4	154
9561	5	19	8	8	4	155
9562	5	19	9	9	2	155
9563	5	19	10	10	2	156
9564	5	19	11	11	1	156
9565	5	19	12	12	1	158
9566	5	19	13	13	129	158
9567	5	19	14	14	129	160
9568	5	19	15	15	193	161
9569	5	19	16	16	193	162
9570	5	19	17	17	225	163
9571	5	19	18	18	225	164
9572	5	19	19	19	241	165
9573	5	19	20	20	241	167
9574	5	19	21	21	249	167
9575	5	19	22	22	249	169
9576	5	19	23	23	253	169
9577	5	19	24	24	253	171
9578	5	19	25	25	255	172
9579	5	19	26	26	255	173
9580	5	19	27	27	256	174
9581	5	20	0	0	128	153
9582	5	20	1	1	64	153
9583	5	20	2	2	32	153
9584	5	20	3	3	16	153
9585	5	20	4	4	16	154
9586	5	20	5	5	8	154
9587	5	20	6	6	8	155
9588	5	20	7	7	4	155
9589	5	20	8	8	4	156
9590	5	20	9	9	2	156
9591	5	20	10	10	2	157
9592	5	20	11	11	1	157
9593	5	20	12	12	1	159
9594	5	20	13	13	129	159
9595	5	20	14	14	129	161
9596	5	20	15	15	193	162
9597	5	20	16	16	193	163
9598	5	20	17	17	225	164
9599	5	20	18	18	225	165
9600	5	20	19	19	241	166
9601	5	20	20	20	241	168
9602	5	20	21	21	249	168
9603	5	20	22	22	249	170
9604	5	20	23	23	253	170
9605	5	20	24	24	253	172
9606	5	20	25	25	255	173
9607	5	20	26	26	255	174
9608	5	21	0	0	128	154
9609	5	21	1	1	64	154
9610	5	21	2	2	32	154
9611	5	21	3	3	16	154
9612	5	21	4	4	16	155
9613	5	21	5	5	8	155
9614	5	21	6	6	8	156
9615	5	21	7	7	4	156
9616	5	21	8	8	4	157
9617	5	21	9	9	2	157
9618	5	21	10	10	2	158
9619	5	21	11	11	1	158
9620	5	21	12	12	1	160
9621	5	21	13	13	129	160
9622	5	21	14	14	129	162
9623	5	21	15	15	193	163
9624	5	21	16	16	193	164
9625	5	21	17	17	225	165
9626	5	21	18	18	225	166
9627	5	21	19	19	241	167
9628	5	21	20	20	241	169
9629	5	21	21	21	249	169
9630	5	21	22	22	249	171
9631	5	21	23	23	253	171
9632	5	21	24	24	253	173
9633	5	21	25	25	255	174
9634	5	22	0	0	128	155
9635	5	22	1	1	64	155
9636	5	22	2	2	32	155
9637	5	22	3	3	16	155
9638	5	22	4	4	16	156
9639	5	22	5	5	8	156
9640	5	22	6	6	8	157
9641	5	22	7	7	4	157
9642	5	22	8	8	4	158
9643	5	22	9	9	2	158
9644	5	22	10	10	2	159
9645	5	22	11	11	1	159
9646	5	22	12	12	1	161
9647	5	22	13	13	129	161
9648	5	22	14	14	129	163
9649	5	22	15	15	193	164
9650	5	22	16	16	193	165
9651	5	22	17	17	225	166
9652	5	22	18	18	225	167
9653	5	22	19	19	241	168
9654	5	22	20	20	241	170
9655	5	22	21	21	249	170
9656	5	22	22	22	249	172
9657	5	22	23	23	253	172
9658	5	22	24	24	253	174
9659	5	23	0	0	128	156
9660	5	23	1	1	64	156
9661	5	23	2	2	32	156
9662	5	23	3	3	16	156
9663	5	23	4	4	16	157
9664	5	23	5	5	8	157
9665	5	23	6	6	8	158
9666	5	23	7	7	4	158
9667	5	23	8	8	4	159
9668	5	23	9	9	2	159
9669	5	23	10	10	2	160
9670	5	23	11	11	1	160
9671	5	23	12	12	1	162
9672	5	23	13	13	129	162
9673	5	23	14	14	129	164
9674	5	23	15	15	193	165
9675	5	23	16	16	193	166
9676	5	23	17	17	225	167
9677	5	23	18	18	225	168
9678	5	23	19	19	241	169
9679	5	23	20	20	241	171
9680	5	23	21	21	249	171
9681	5	23	22	22	249	173
9682	5	23	23	23	253	173
9683	5	24	0	0	128	157
9684	5	24	1	1	64	157
9685	5	24	2	2	32	157
9686	5	24	3	3	16	157
9687	5	24	4	4	16	158
9688	5	24	5	5	8	158
9689	5	24	6	6	8	159
9690	5	24	7	7	4	159
9691	5	24	8	8	4	160
9692	5	24	9	9	2	160
9693	5	24	10	10	2	161
9694	5	24	11	11	1	161
9695	5	24	12	12	1	163
9696	5	24	13	13	129	163
9697	5	24	14	14	129	165
9698	5	24	15	15	193	166
9699	5	24	16	16	193	167
9700	5	24	17	17	225	168
9701	5	24	18	18	225	169
9702	5	24	19	19	241	170
9703	5	24	20	20	241	172
9704	5	24	21	21	249	172
9705	5	24	22	22	249	174
9706	5	25	0	0	128	158
9707	5	25	1	1	64	158
9708	5	25	2	2	32	158
9709	5	25	3	3	16	158
9710	5	25	4	4	16	159
9711	5	25	5	5	8	159
9712	5	25	6	6	8	160
9713	5	25	7	7	4	160
9714	5	25	8	8	4	161
9715	5	25	9	9	2	161
9716	5	25	10	10	2	162
9717	5	25	11	11	1	162
9718	5	25	12	12	1	164
9719	5	25	13	13	129	164
9720	5	25	14	14	129	166
9721	5	25	15	15	193	167
9722	5	25	16	16	193	168
9723	5	25	17	17	225	169
9724	5	25	18	18	225	170
9725	5	25	19	19	241	171
9726	5	25	20	20	241	173
9727	5	25	21	21	249	173
9728	5	26	0	0	128	159
9729	5	26	1	1	64	159
9730	5	26	2	2	32	159
9731	5	26	3	3	16	159
9732	5	26	4	4	16	160
9733	5	26	5	5	8	160
9734	5	26	6	6	8	161
9735	5	26	7	7	4	161
9736	5	26	8	8	4	162
9737	5	26	9	9	2	162
9738	5	26	10	10	2	163
9739	5	26	11	11	1	163
9740	5	26	12	12	1	165
9741	5	26	13	13	129	165
9742	5	26	14	14	129	167
9743	5	26	15	15	193	168
9744	5	26	16	16	193	169
9745	5	26	17	17	225	170
9746	5	26	18	18	225	171
9747	5	26	19	19	241	172
9748	5	26	20	20	241	174
9749	5	27	0	0	128	160
9750	5	27	1	1	64	160
9751	5	27	2	2	32	160
9752	5	27	3	3	16	160
9753	5	27	4	4	16	161
9754	5	27	5	5	8	161
9755	5	27	6	6	8	162
9756	5	27	7	7	4	162
9757	5	27	8	8	4	163
9758	5	27	9	9	2	163
9759	5	27	10	10	2	164
9760	5	27	11	11	1	164
9761	5	27	12	12	1	166
9762	5	27	13	13	129	166
9763	5	27	14	14	129	168
9764	5	27	15	15	193	169
9765	5	27	16	16	193	170
9766	5	27	17	17	225	171
9767	5	27	18	18	225	172
9768	5	27	19	19	241	173
9769	5	28	0	0	128	161
9770	5	28	1	1	64	161
9771	5	28	2	2	32	161
9772	5	28	3	3	16	161
9773	5	28	4	4	16	162
9774	5	28	5	5	8	162
9775	5	28	6	6	8	163
9776	5	28	7	7	4	163
9777	5	28	8	8	4	164
9778	5	28	9	9	2	164
9779	5	28	10	10	2	165
9780	5	28	11	11	1	165
9781	5	28	12	12	1	167
9782	5	28	13	13	129	167
9783	5	28	14	14	129	169
9784	5	28	15	15	193	170
9785	5	28	16	16	193	171
9786	5	28	17	17	225	172
9787	5	28	18	18	225	173
9788	5	29	0	0	128	162
9789	5	29	1	1	64	162
9790	5	29	2	2	32	162
9791	5	29	3	3	16	162
9792	5	29	4	4	16	163
9793	5	29	5	5	8	163
9794	5	29	6	6	8	164
9795	5	29	7	7	4	164
9796	5	29	8	8	4	165
9797	5	29	9	9	2	165
9798	5	29	10	10	2	166
9799	5	29	11	11	1	166
9800	5	29	12	12	1	168
9801	5	29	13	13	129	168
9802	5	29	14	14	129	170
9803	5	29	15	15	193	171
9804	5	29	16	16	193	172
9805	5	29	17	17	225	173
9806	5	30	0	0	128	163
9807	5	30	1	1	64	163
9808	5	30	2	2	32	163
9809	5	30	3	3	16	163
9810	5	30	4	4	16	164
9811	5	30	5	5	8	164
9812	5	30	6	6	8	165
9813	5	30	7	7	4	165
9814	5	30	8	8	4	166
9815	5	30	9	9	2	166
9816	5	30	10	10	2	167
9817	5	30	11	11	1	167
9818	5	30	12	12	1	169
9819	5	30	13	13	129	169
9820	5	30	14	14	129	171
9821	5	30	15	15	193	172
9822	5	30	16	16	193	173
9823	5	31	0	0	128	164
9824	5	31	1	1	64	164
9825	5	31	2	2	32	164
9826	5	31	3	3	16	164
9827	5	31	4	4	16	165
9828	5	31	5	5	8	165
9829	5	31	6	6	8	166
9830	5	31	7	7	4	166
9831	5	31	8	8	4	167
9832	5	31	9	9	2	167
9833	5	31	10	10	2	168
9834	5	31	11	11	1	168
9835	5	31	12	12	1	170
9836	5	31	13	13	129	170
9837	5	31	14	14	129	172
9838	5	31	15	15	193	173
9839	5	32	0	0	128	165
9840	5	32	1	1	64	165
9841	5	32	2	2	32	165
9842	5	32	3	3	16	165
9843	5	32	4	4	16	166
9844	5	32	5	5	8	166
9845	5	32	6	6	8	167
9846	5	32	7	7	4	167
9847	5	32	8	8	4	168
9848	5	32	9	9	2	168
9849	5	32	10	10	2	169
9850	5	32	11	11	1	169
9851	5	32	12	12	1	171
9852	5	32	13	13	129	171
9853	5	32	14	14	129	173
9854	5	33	0	0	128	166
9855	5	33	1	1	64	166
9856	5	33	2	2	32	166
9857	5	33	3	3	16	166
9858	5	33	4	4	16	167
9859	5	33	5	5	8	167
9860	5	33	6	6	8	168
9861	5	33	7	7	4	168
9862	5	33	8	8	4	169
9863	5	33	9	9	2	169
9864	5	33	10	10	2	170
9865	5	33	11	11	1	170
9866	5	33	12	12	1	172
9867	5	33	13	13	129	172
9868	5	34	0	0	128	167
9869	5	34	1	1	64	167
9870	5	34	2	2	32	167
9871	5	34	3	3	16	167
9872	5	34	4	4	16	168
9873	5	34	5	5	8	168
9874	5	34	6	6	8	169
9875	5	34	7	7	4	169
9876	5	34	8	8	4	170
9877	5	34	9	9	2	170
9878	5	34	10	10	2	171
9879	5	34	11	11	1	171
9880	5	34	12	12	1	173
9881	5	35	0	0	128	168
9882	5	35	1	1	64	168
9883	5	35	2	2	32	168
9884	5	35	3	3	16	168
9885	5	35	4	4	16	169
9886	5	35	5	5	8	169
9887	5	35	6	6	8	170
9888	5	35	7	7	4	170
9889	5	35	8	8	4	171
9890	5	35	9	9	2	171
9891	5	35	10	10	2	172
9892	5	35	11	11	1	172
9893	5	36	0	0	128	169
9894	5	36	1	1	64	169
9895	5	36	2	2	32	169
9896	5	36	3	3	16	169
9897	5	36	4	4	16	170
9898	5	36	5	5	8	170
9899	5	36	6	6	8	171
9900	5	36	7	7	4	171
9901	5	36	8	8	4	172
9902	5	36	9	9	2	172
9903	5	36	10	10	2	173
9904	5	37	0	0	128	170
9905	5	37	1	1	64	170
9906	5	37	2	2	32	170
9907	5	37	3	3	16	170
9908	5	37	4	4	16	171
9909	5	37	5	5	8	171
9910	5	37	6	6	8	172
9911	5	37	7	7	4	172
9912	5	37	8	8	4	173
9913	5	37	9	9	2	173
9914	5	38	0	0	128	171
9915	5	38	1	1	64	171
9916	5	38	2	2	32	171
9917	5	38	3	3	16	171
9918	5	38	4	4	16	172
9919	5	38	5	5	8	172
9920	5	38	6	6	8	173
9921	5	38	7	7	4	173
9922	5	38	8	8	4	174
9923	5	39	0	0	128	172
9924	5	39	1	1	64	172
9925	5	39	2	2	32	172
9926	5	39	3	3	16	172
9927	5	39	4	4	16	173
9928	5	39	5	5	8	173
9929	5	39	6	6	8	174
9930	5	39	7	7	4	174
9931	5	40	0	0	128	173
9932	5	40	1	1	64	173
9933	5	40	2	2	32	173
9934	5	40	3	3	16	173
9935	5	40	4	4	16	174
9936	5	40	5	5	8	174
9937	5	40	6	6	8	175
9938	5	41	0	0	128	174
9939	5	41	1	1	64	174
9940	5	41	2	2	32	174
9941	5	41	3	3	16	174
9942	5	41	4	4	16	175
9943	5	41	5	5	8	175
9944	5	42	0	0	128	175
9945	5	42	1	1	64	175
9946	5	42	2	2	32	175
9947	5	42	3	3	16	175
9948	5	42	4	4	16	176
9949	5	43	0	0	128	176
9950	5	43	1	1	64	176
9951	5	43	2	2	32	176
9952	5	43	3	3	16	176
9953	5	44	0	0	128	177
9954	5	44	1	1	64	177
9955	5	44	2	2	32	177
9956	5	45	0	0	128	178
9957	5	45	1	1	64	178
9958	5	46	0	0	128	179
9959	6	0	0	47	241	177
9960	6	0	1	48	241	178
9961	6	0	2	49	249	179
9962	6	0	3	50	249	181
9963	6	0	4	51	253	181
9964	6	0	5	52	253	183
9965	6	0	6	53	255	183
9966	6	0	7	54	255	185
9967	6	0	8	55	256	186
9968	6	0	9	56	256	187
9969	6	0	10	57	128	188
9970	6	0	11	58	128	189
9971	6	0	12	59	64	190
9972	6	0	13	60	64	192
9973	6	0	14	61	32	192
9974	6	0	15	62	32	194
9975	6	0	16	63	16	194
9976	6	0	17	64	16	196
9977	6	0	18	65	8	197
9978	6	0	19	66	8	198
9979	6	0	20	67	4	199
9980	6	0	21	68	4	200
9981	6	0	22	69	2	201
9982	6	0	23	70	2	203
9983	6	0	24	71	1	203
9984	6	0	25	72	1	205
9985	6	0	26	73	129	205
9986	6	0	27	74	129	207
9987	6	0	28	75	193	208
9988	6	0	29	76	193	209
9989	6	0	30	77	225	210
9990	6	0	31	78	225	211
9991	6	0	32	79	241	212
9992	6	0	33	80	241	214
9993	6	0	34	81	249	214
9994	6	0	35	82	249	216
9995	6	0	36	83	253	216
9996	6	0	37	84	253	218
9997	6	0	38	85	255	219
9998	6	0	39	86	255	220
9999	6	0	40	87	256	221
10000	6	0	41	88	256	222
10001	6	0	42	89	128	223
10002	6	0	43	90	128	225
10003	6	0	44	91	64	225
10004	6	0	45	92	64	227
10005	6	0	46	93	32	227
10006	6	0	47	94	32	229
10007	6	0	48	95	16	230
10008	6	0	49	96	16	231
10009	6	1	0	46	249	177
10010	6	1	1	47	253	178
10011	6	1	2	48	253	179
10012	6	1	3	49	255	180
10013	6	1	4	50	255	182
10014	6	1	5	51	256	182
10015	6	1	6	52	256	184
10016	6	1	7	53	128	184
10017	6	1	8	54	128	186
10018	6	1	9	55	64	187
10019	6	1	10	56	64	188
10020	6	1	11	57	32	189
10021	6	1	12	58	32	190
10022	6	1	13	59	16	191
10023	6	1	14	60	16	193
10024	6	1	15	61	8	193
10025	6	1	16	62	8	195
10026	6	1	17	63	4	195
10027	6	1	18	64	4	197
10028	6	1	19	65	2	198
10029	6	1	20	66	2	199
10030	6	1	21	67	1	200
10031	6	1	22	68	1	201
10032	6	1	23	69	129	202
10033	6	1	24	70	129	204
10034	6	1	25	71	193	204
10035	6	1	26	72	193	206
10036	6	1	27	73	225	206
10037	6	1	28	74	225	208
10038	6	1	29	75	241	209
10039	6	1	30	76	241	210
10040	6	1	31	77	249	211
10041	6	1	32	78	249	212
10042	6	1	33	79	253	213
10043	6	1	34	80	253	215
10044	6	1	35	81	255	215
10045	6	1	36	82	255	217
10046	6	1	37	83	256	217
10047	6	1	38	84	256	219
10048	6	1	39	85	128	220
10049	6	1	40	86	128	221
10050	6	1	41	87	64	222
10051	6	1	42	88	64	223
10052	6	1	43	89	32	224
10053	6	1	44	90	32	226
10054	6	1	45	91	16	226
10055	6	1	46	92	16	228
10056	6	1	47	93	8	228
10057	6	1	48	94	8	230
10058	6	2	0	45	255	177
10059	6	2	1	46	255	178
10060	6	2	2	47	256	179
10061	6	2	3	48	256	180
10062	6	2	4	49	128	181
10063	6	2	5	50	128	183
10064	6	2	6	51	64	183
10065	6	2	7	52	64	185
10066	6	2	8	53	32	185
10067	6	2	9	54	32	187
10068	6	2	10	55	16	188
10069	6	2	11	56	16	189
10070	6	2	12	57	8	190
10071	6	2	13	58	8	191
10072	6	2	14	59	4	192
10073	6	2	15	60	4	194
10074	6	2	16	61	2	194
10075	6	2	17	62	2	196
10076	6	2	18	63	1	196
10077	6	2	19	64	1	198
10078	6	2	20	65	129	199
10079	6	2	21	66	129	200
10080	6	2	22	67	193	201
10081	6	2	23	68	193	202
10082	6	2	24	69	225	203
10083	6	2	25	70	225	205
10084	6	2	26	71	241	205
10085	6	2	27	72	241	207
10086	6	2	28	73	249	207
10087	6	2	29	74	249	209
10088	6	2	30	75	253	210
10089	6	2	31	76	253	211
10090	6	2	32	77	255	212
10091	6	2	33	78	255	213
10092	6	2	34	79	256	214
10093	6	2	35	80	256	216
10094	6	2	36	81	128	216
10095	6	2	37	82	128	218
10096	6	2	38	83	64	218
10097	6	2	39	84	64	220
10098	6	2	40	85	32	221
10099	6	2	41	86	32	222
10100	6	2	42	87	16	223
10101	6	2	43	88	16	224
10102	6	2	44	89	8	225
10103	6	2	45	90	8	227
10104	6	2	46	91	4	227
10105	6	2	47	92	4	229
10106	6	3	0	44	256	177
10107	6	3	1	45	128	178
10108	6	3	2	46	128	179
10109	6	3	3	47	64	180
10110	6	3	4	48	64	181
10111	6	3	5	49	32	182
10112	6	3	6	50	32	184
10113	6	3	7	51	16	184
10114	6	3	8	52	16	186
10115	6	3	9	53	8	186
10116	6	3	10	54	8	188
10117	6	3	11	55	4	189
10118	6	3	12	56	4	190
10119	6	3	13	57	2	191
10120	6	3	14	58	2	192
10121	6	3	15	59	1	193
10122	6	3	16	60	1	195
10123	6	3	17	61	129	195
10124	6	3	18	62	129	197
10125	6	3	19	63	193	197
10126	6	3	20	64	193	199
10127	6	3	21	65	225	200
10128	6	3	22	66	225	201
10129	6	3	23	67	241	202
10130	6	3	24	68	241	203
10131	6	3	25	69	249	204
10132	6	3	26	70	249	206
10133	6	3	27	71	253	206
10134	6	3	28	72	253	208
10135	6	3	29	73	255	208
10136	6	3	30	74	255	210
10137	6	3	31	75	256	211
10138	6	3	32	76	256	212
10139	6	3	33	77	128	213
10140	6	3	34	78	128	214
10141	6	3	35	79	64	215
10142	6	3	36	80	64	217
10143	6	3	37	81	32	217
10144	6	3	38	82	32	219
10145	6	3	39	83	16	219
10146	6	3	40	84	16	221
10147	6	3	41	85	8	222
10148	6	3	42	86	8	223
10149	6	3	43	87	4	224
10150	6	3	44	88	4	225
10151	6	3	45	89	2	226
10152	6	3	46	90	2	228
10153	6	4	0	43	64	176
10154	6	4	1	44	64	178
10155	6	4	2	45	32	179
10156	6	4	3	46	32	180
10157	6	4	4	47	16	181
10158	6	4	5	48	16	182
10159	6	4	6	49	8	183
10160	6	4	7	50	8	185
10161	6	4	8	51	4	185
10162	6	4	9	52	4	187
10163	6	4	10	53	2	187
10164	6	4	11	54	2	189
10165	6	4	12	55	1	190
10166	6	4	13	56	1	191
10167	6	4	14	57	129	192
10168	6	4	15	58	129	193
10169	6	4	16	59	193	194
10170	6	4	17	60	193	196
10171	6	4	18	61	225	196
10172	6	4	19	62	225	198
10173	6	4	20	63	241	198
10174	6	4	21	64	241	200
10175	6	4	22	65	249	201
10176	6	4	23	66	249	202
10177	6	4	24	67	253	203
10178	6	4	25	68	253	204
10179	6	4	26	69	255	205
10180	6	4	27	70	255	207
10181	6	4	28	71	256	207
10182	6	4	29	72	256	209
10183	6	4	30	73	128	209
10184	6	4	31	74	128	211
10185	6	4	32	75	64	212
10186	6	4	33	76	64	213
10187	6	4	34	77	32	214
10188	6	4	35	78	32	215
10189	6	4	36	79	16	216
10190	6	4	37	80	16	218
10191	6	4	38	81	8	218
10192	6	4	39	82	8	220
10193	6	4	40	83	4	220
10194	6	4	41	84	4	222
10195	6	4	42	85	2	223
10196	6	4	43	86	2	224
10197	6	4	44	87	1	225
10198	6	4	45	88	1	226
10199	6	5	0	42	32	177
10200	6	5	1	43	16	177
10201	6	5	2	44	16	179
10202	6	5	3	45	8	180
10203	6	5	4	46	8	181
10204	6	5	5	47	4	182
10205	6	5	6	48	4	183
10206	6	5	7	49	2	184
10207	6	5	8	50	2	186
10208	6	5	9	51	1	186
10209	6	5	10	52	1	188
10210	6	5	11	53	129	188
10211	6	5	12	54	129	190
10212	6	5	13	55	193	191
10213	6	5	14	56	193	192
10214	6	5	15	57	225	193
10215	6	5	16	58	225	194
10216	6	5	17	59	241	195
10217	6	5	18	60	241	197
10218	6	5	19	61	249	197
10219	6	5	20	62	249	199
10220	6	5	21	63	253	199
10221	6	5	22	64	253	201
10222	6	5	23	65	255	202
10223	6	5	24	66	255	203
10224	6	5	25	67	256	204
10225	6	5	26	68	256	205
10226	6	5	27	69	128	206
10227	6	5	28	70	128	208
10228	6	5	29	71	64	208
10229	6	5	30	72	64	210
10230	6	5	31	73	32	210
10231	6	5	32	74	32	212
10232	6	5	33	75	16	213
10233	6	5	34	76	16	214
10234	6	5	35	77	8	215
10235	6	5	36	78	8	216
10236	6	5	37	79	4	217
10237	6	5	38	80	4	219
10238	6	5	39	81	2	219
10239	6	5	40	82	2	221
10240	6	5	41	83	1	221
10241	6	5	42	84	1	223
10242	6	5	43	85	129	224
10243	6	5	44	86	129	225
10244	6	6	0	41	8	176
10245	6	6	1	42	8	178
10246	6	6	2	43	4	178
10247	6	6	3	44	4	180
10248	6	6	4	45	2	181
10249	6	6	5	46	2	182
10250	6	6	6	47	1	183
10251	6	6	7	48	1	184
10252	6	6	8	49	129	185
10253	6	6	9	50	129	187
10254	6	6	10	51	193	187
10255	6	6	11	52	193	189
10256	6	6	12	53	225	189
10257	6	6	13	54	225	191
10258	6	6	14	55	241	192
10259	6	6	15	56	241	193
10260	6	6	16	57	249	194
10261	6	6	17	58	249	195
10262	6	6	18	59	253	196
10263	6	6	19	60	253	198
10264	6	6	20	61	255	198
10265	6	6	21	62	255	200
10266	6	6	22	63	256	200
10267	6	6	23	64	256	202
10268	6	6	24	65	128	203
10269	6	6	25	66	128	204
10270	6	6	26	67	64	205
10271	6	6	27	68	64	206
10272	6	6	28	69	32	207
10273	6	6	29	70	32	209
10274	6	6	30	71	16	209
10275	6	6	31	72	16	211
10276	6	6	32	73	8	211
10277	6	6	33	74	8	213
10278	6	6	34	75	4	214
10279	6	6	35	76	4	215
10280	6	6	36	77	2	216
10281	6	6	37	78	2	217
10282	6	6	38	79	1	218
10283	6	6	39	80	1	220
10284	6	6	40	81	129	220
10285	6	6	41	82	129	222
10286	6	6	42	83	193	222
10287	6	6	43	84	193	224
10288	6	7	0	40	4	177
10289	6	7	1	41	2	177
10290	6	7	2	42	2	179
10291	6	7	3	43	1	179
10292	6	7	4	44	1	181
10293	6	7	5	45	129	182
10294	6	7	6	46	129	183
10295	6	7	7	47	193	184
10296	6	7	8	48	193	185
10297	6	7	9	49	225	186
10298	6	7	10	50	225	188
10299	6	7	11	51	241	188
10300	6	7	12	52	241	190
10301	6	7	13	53	249	190
10302	6	7	14	54	249	192
10303	6	7	15	55	253	193
10304	6	7	16	56	253	194
10305	6	7	17	57	255	195
10306	6	7	18	58	255	196
10307	6	7	19	59	256	197
10308	6	7	20	60	256	199
10309	6	7	21	61	128	199
10310	6	7	22	62	128	201
10311	6	7	23	63	64	201
10312	6	7	24	64	64	203
10313	6	7	25	65	32	204
10314	6	7	26	66	32	205
10315	6	7	27	67	16	206
10316	6	7	28	68	16	207
10317	6	7	29	69	8	208
10318	6	7	30	70	8	210
10319	6	7	31	71	4	210
10320	6	7	32	72	4	212
10321	6	7	33	73	2	212
10322	6	7	34	74	2	214
10323	6	7	35	75	1	215
10324	6	7	36	76	1	216
10325	6	7	37	77	129	217
10326	6	7	38	78	129	218
10327	6	7	39	79	193	219
10328	6	7	40	80	193	221
10329	6	7	41	81	225	221
10330	6	7	42	82	225	223
10331	6	8	0	39	1	176
10332	6	8	1	40	1	178
10333	6	8	2	41	129	178
10334	6	8	3	42	129	180
10335	6	8	4	43	193	180
10336	6	8	5	44	193	182
10337	6	8	6	45	225	183
10338	6	8	7	46	225	184
10339	6	8	8	47	241	185
10340	6	8	9	48	241	186
10341	6	8	10	49	249	187
10342	6	8	11	50	249	189
10343	6	8	12	51	253	189
10344	6	8	13	52	253	191
10345	6	8	14	53	255	191
10346	6	8	15	54	255	193
10347	6	8	16	55	256	194
10348	6	8	17	56	256	195
10349	6	8	18	57	128	196
10350	6	8	19	58	128	197
10351	6	8	20	59	64	198
10352	6	8	21	60	64	200
10353	6	8	22	61	32	200
10354	6	8	23	62	32	202
10355	6	8	24	63	16	202
10356	6	8	25	64	16	204
10357	6	8	26	65	8	205
10358	6	8	27	66	8	206
10359	6	8	28	67	4	207
10360	6	8	29	68	4	208
10361	6	8	30	69	2	209
10362	6	8	31	70	2	211
10363	6	8	32	71	1	211
10364	6	8	33	72	1	213
10365	6	8	34	73	129	213
10366	6	8	35	74	129	215
10367	6	8	36	75	193	216
10368	6	8	37	76	193	217
10369	6	8	38	77	225	218
10370	6	8	39	78	225	219
10371	6	8	40	79	241	220
10372	6	8	41	80	241	222
10373	6	9	0	38	129	176
10374	6	9	1	39	193	177
10375	6	9	2	40	193	179
10376	6	9	3	41	225	179
10377	6	9	4	42	225	181
10378	6	9	5	43	241	181
10379	6	9	6	44	241	183
10380	6	9	7	45	249	184
10381	6	9	8	46	249	185
10382	6	9	9	47	253	186
10383	6	9	10	48	253	187
10384	6	9	11	49	255	188
10385	6	9	12	50	255	190
10386	6	9	13	51	256	190
10387	6	9	14	52	256	192
10388	6	9	15	53	128	192
10389	6	9	16	54	128	194
10390	6	9	17	55	64	195
10391	6	9	18	56	64	196
10392	6	9	19	57	32	197
10393	6	9	20	58	32	198
10394	6	9	21	59	16	199
10395	6	9	22	60	16	201
10396	6	9	23	61	8	201
10397	6	9	24	62	8	203
10398	6	9	25	63	4	203
10399	6	9	26	64	4	205
10400	6	9	27	65	2	206
10401	6	9	28	66	2	207
10402	6	9	29	67	1	208
10403	6	9	30	68	1	209
10404	6	9	31	69	129	210
10405	6	9	32	70	129	212
10406	6	9	33	71	193	212
10407	6	9	34	72	193	214
10408	6	9	35	73	225	214
10409	6	9	36	74	225	216
10410	6	9	37	75	241	217
10411	6	9	38	76	241	218
10412	6	9	39	77	249	219
10413	6	9	40	78	249	220
10414	6	10	0	37	225	176
10415	6	10	1	38	225	177
10416	6	10	2	39	241	178
10417	6	10	3	40	241	180
10418	6	10	4	41	249	180
10419	6	10	5	42	249	182
10420	6	10	6	43	253	182
10421	6	10	7	44	253	184
10422	6	10	8	45	255	185
10423	6	10	9	46	255	186
10424	6	10	10	47	256	187
10425	6	10	11	48	256	188
10426	6	10	12	49	128	189
10427	6	10	13	50	128	191
10428	6	10	14	51	64	191
10429	6	10	15	52	64	193
10430	6	10	16	53	32	193
10431	6	10	17	54	32	195
10432	6	10	18	55	16	196
10433	6	10	19	56	16	197
10434	6	10	20	57	8	198
10435	6	10	21	58	8	199
10436	6	10	22	59	4	200
10437	6	10	23	60	4	202
10438	6	10	24	61	2	202
10439	6	10	25	62	2	204
10440	6	10	26	63	1	204
10441	6	10	27	64	1	206
10442	6	10	28	65	129	207
10443	6	10	29	66	129	208
10444	6	10	30	67	193	209
10445	6	10	31	68	193	210
10446	6	10	32	69	225	211
10447	6	10	33	70	225	213
10448	6	10	34	71	241	213
10449	6	10	35	72	241	215
10450	6	10	36	73	249	215
10451	6	10	37	74	249	217
10452	6	10	38	75	253	218
10453	6	10	39	76	253	219
10454	6	11	0	36	241	176
10455	6	11	1	37	249	177
10456	6	11	2	38	249	178
10457	6	11	3	39	253	179
10458	6	11	4	40	253	181
10459	6	11	5	41	255	181
10460	6	11	6	42	255	183
10461	6	11	7	43	256	183
10462	6	11	8	44	256	185
10463	6	11	9	45	128	186
10464	6	11	10	46	128	187
10465	6	11	11	47	64	188
10466	6	11	12	48	64	189
10467	6	11	13	49	32	190
10468	6	11	14	50	32	192
10469	6	11	15	51	16	192
10470	6	11	16	52	16	194
10471	6	11	17	53	8	194
10472	6	11	18	54	8	196
10473	6	11	19	55	4	197
10474	6	11	20	56	4	198
10475	6	11	21	57	2	199
10476	6	11	22	58	2	200
10477	6	11	23	59	1	201
10478	6	11	24	60	1	203
10479	6	11	25	61	129	203
10480	6	11	26	62	129	205
10481	6	11	27	63	193	205
10482	6	11	28	64	193	207
10483	6	11	29	65	225	208
10484	6	11	30	66	225	209
10485	6	11	31	67	241	210
10486	6	11	32	68	241	211
10487	6	11	33	69	249	212
10488	6	11	34	70	249	214
10489	6	11	35	71	253	214
10490	6	11	36	72	253	216
10491	6	11	37	73	255	216
10492	6	11	38	74	255	218
10493	6	12	0	35	253	176
10494	6	12	1	36	253	177
10495	6	12	2	37	255	178
10496	6	12	3	38	255	179
10497	6	12	4	39	256	180
10498	6	12	5	40	256	182
10499	6	12	6	41	128	182
10500	6	12	7	42	128	184
10501	6	12	8	43	64	184
10502	6	12	9	44	64	186
10503	6	12	10	45	32	187
10504	6	12	11	46	32	188
10505	6	12	12	47	16	189
10506	6	12	13	48	16	190
10507	6	12	14	49	8	191
10508	6	12	15	50	8	193
10509	6	12	16	51	4	193
10510	6	12	17	52	4	195
10511	6	12	18	53	2	195
10512	6	12	19	54	2	197
10513	6	12	20	55	1	198
10514	6	12	21	56	1	199
10515	6	12	22	57	129	200
10516	6	12	23	58	129	201
10517	6	12	24	59	193	202
10518	6	12	25	60	193	204
10519	6	12	26	61	225	204
10520	6	12	27	62	225	206
10521	6	12	28	63	241	206
10522	6	12	29	64	241	208
10523	6	12	30	65	249	209
10524	6	12	31	66	249	210
10525	6	12	32	67	253	211
10526	6	12	33	68	253	212
10527	6	12	34	69	255	213
10528	6	12	35	70	255	215
10529	6	12	36	71	256	215
10530	6	12	37	72	256	217
10531	6	13	0	34	255	176
10532	6	13	1	35	256	177
10533	6	13	2	36	256	178
10534	6	13	3	37	128	179
10535	6	13	4	38	128	180
10536	6	13	5	39	64	181
10537	6	13	6	40	64	183
10538	6	13	7	41	32	183
10539	6	13	8	42	32	185
10540	6	13	9	43	16	185
10541	6	13	10	44	16	187
10542	6	13	11	45	8	188
10543	6	13	12	46	8	189
10544	6	13	13	47	4	190
10545	6	13	14	48	4	191
10546	6	13	15	49	2	192
10547	6	13	16	50	2	194
10548	6	13	17	51	1	194
10549	6	13	18	52	1	196
10550	6	13	19	53	129	196
10551	6	13	20	54	129	198
10552	6	13	21	55	193	199
10553	6	13	22	56	193	200
10554	6	13	23	57	225	201
10555	6	13	24	58	225	202
10556	6	13	25	59	241	203
10557	6	13	26	60	241	205
10558	6	13	27	61	249	205
10559	6	13	28	62	249	207
10560	6	13	29	63	253	207
10561	6	13	30	64	253	209
10562	6	13	31	65	255	210
10563	6	13	32	66	255	211
10564	6	13	33	67	256	212
10565	6	13	34	68	256	213
10566	6	13	35	69	128	214
10567	6	13	36	70	128	216
10568	6	14	0	33	128	175
10569	6	14	1	34	128	177
10570	6	14	2	35	64	178
10571	6	14	3	36	64	179
10572	6	14	4	37	32	180
10573	6	14	5	38	32	181
10574	6	14	6	39	16	182
10575	6	14	7	40	16	184
10576	6	14	8	41	8	184
10577	6	14	9	42	8	186
10578	6	14	10	43	4	186
10579	6	14	11	44	4	188
10580	6	14	12	45	2	189
10581	6	14	13	46	2	190
10582	6	14	14	47	1	191
10583	6	14	15	48	1	192
10584	6	14	16	49	129	193
10585	6	14	17	50	129	195
10586	6	14	18	51	193	195
10587	6	14	19	52	193	197
10588	6	14	20	53	225	197
10589	6	14	21	54	225	199
10590	6	14	22	55	241	200
10591	6	14	23	56	241	201
10592	6	14	24	57	249	202
10593	6	14	25	58	249	203
10594	6	14	26	59	253	204
10595	6	14	27	60	253	206
10596	6	14	28	61	255	206
10597	6	14	29	62	255	208
10598	6	14	30	63	256	208
10599	6	14	31	64	256	210
10600	6	14	32	65	128	211
10601	6	14	33	66	128	212
10602	6	14	34	67	64	213
10603	6	14	35	68	64	214
10604	6	15	0	32	64	176
10605	6	15	1	33	32	176
10606	6	15	2	34	32	178
10607	6	15	3	35	16	179
10608	6	15	4	36	16	180
10609	6	15	5	37	8	181
10610	6	15	6	38	8	182
10611	6	15	7	39	4	183
10612	6	15	8	40	4	185
10613	6	15	9	41	2	185
10614	6	15	10	42	2	187
10615	6	15	11	43	1	187
10616	6	15	12	44	1	189
10617	6	15	13	45	129	190
10618	6	15	14	46	129	191
10619	6	15	15	47	193	192
10620	6	15	16	48	193	193
10621	6	15	17	49	225	194
10622	6	15	18	50	225	196
10623	6	15	19	51	241	196
10624	6	15	20	52	241	198
10625	6	15	21	53	249	198
10626	6	15	22	54	249	200
10627	6	15	23	55	253	201
10628	6	15	24	56	253	202
10629	6	15	25	57	255	203
10630	6	15	26	58	255	204
10631	6	15	27	59	256	205
10632	6	15	28	60	256	207
10633	6	15	29	61	128	207
10634	6	15	30	62	128	209
10635	6	15	31	63	64	209
10636	6	15	32	64	64	211
10637	6	15	33	65	32	212
10638	6	15	34	66	32	213
10639	6	16	0	31	16	175
10640	6	16	1	32	16	177
10641	6	16	2	33	8	177
10642	6	16	3	34	8	179
10643	6	16	4	35	4	180
10644	6	16	5	36	4	181
10645	6	16	6	37	2	182
10646	6	16	7	38	2	183
10647	6	16	8	39	1	184
10648	6	16	9	40	1	186
10649	6	16	10	41	129	186
10650	6	16	11	42	129	188
10651	6	16	12	43	193	188
10652	6	16	13	44	193	190
10653	6	16	14	45	225	191
10654	6	16	15	46	225	192
10655	6	16	16	47	241	193
10656	6	16	17	48	241	194
10657	6	16	18	49	249	195
10658	6	16	19	50	249	197
10659	6	16	20	51	253	197
10660	6	16	21	52	253	199
10661	6	16	22	53	255	199
10662	6	16	23	54	255	201
10663	6	16	24	55	256	202
10664	6	16	25	56	256	203
10665	6	16	26	57	128	204
10666	6	16	27	58	128	205
10667	6	16	28	59	64	206
10668	6	16	29	60	64	208
10669	6	16	30	61	32	208
10670	6	16	31	62	32	210
10671	6	16	32	63	16	210
10672	6	16	33	64	16	212
10673	6	17	0	30	8	176
10674	6	17	1	31	4	176
10675	6	17	2	32	4	178
10676	6	17	3	33	2	178
10677	6	17	4	34	2	180
10678	6	17	5	35	1	181
10679	6	17	6	36	1	182
10680	6	17	7	37	129	183
10681	6	17	8	38	129	184
10682	6	17	9	39	193	185
10683	6	17	10	40	193	187
10684	6	17	11	41	225	187
10685	6	17	12	42	225	189
10686	6	17	13	43	241	189
10687	6	17	14	44	241	191
10688	6	17	15	45	249	192
10689	6	17	16	46	249	193
10690	6	17	17	47	253	194
10691	6	17	18	48	253	195
10692	6	17	19	49	255	196
10693	6	17	20	50	255	198
10694	6	17	21	51	256	198
10695	6	17	22	52	256	200
10696	6	17	23	53	128	200
10697	6	17	24	54	128	202
10698	6	17	25	55	64	203
10699	6	17	26	56	64	204
10700	6	17	27	57	32	205
10701	6	17	28	58	32	206
10702	6	17	29	59	16	207
10703	6	17	30	60	16	209
10704	6	17	31	61	8	209
10705	6	17	32	62	8	211
10706	6	18	0	29	2	175
10707	6	18	1	30	2	177
10708	6	18	2	31	1	177
10709	6	18	3	32	1	179
10710	6	18	4	33	129	179
10711	6	18	5	34	129	181
10712	6	18	6	35	193	182
10713	6	18	7	36	193	183
10714	6	18	8	37	225	184
10715	6	18	9	38	225	185
10716	6	18	10	39	241	186
10717	6	18	11	40	241	188
10718	6	18	12	41	249	188
10719	6	18	13	42	249	190
10720	6	18	14	43	253	190
10721	6	18	15	44	253	192
10722	6	18	16	45	255	193
10723	6	18	17	46	255	194
10724	6	18	18	47	256	195
10725	6	18	19	48	256	196
10726	6	18	20	49	128	197
10727	6	18	21	50	128	199
10728	6	18	22	51	64	199
10729	6	18	23	52	64	201
10730	6	18	24	53	32	201
10731	6	18	25	54	32	203
10732	6	18	26	55	16	204
10733	6	18	27	56	16	205
10734	6	18	28	57	8	206
10735	6	18	29	58	8	207
10736	6	18	30	59	4	208
10737	6	18	31	60	4	210
10738	6	19	0	28	1	175
10739	6	19	1	29	129	176
10740	6	19	2	30	129	178
10741	6	19	3	31	193	178
10742	6	19	4	32	193	180
10743	6	19	5	33	225	180
10744	6	19	6	34	225	182
10745	6	19	7	35	241	183
10746	6	19	8	36	241	184
10747	6	19	9	37	249	185
10748	6	19	10	38	249	186
10749	6	19	11	39	253	187
10750	6	19	12	40	253	189
10751	6	19	13	41	255	189
10752	6	19	14	42	255	191
10753	6	19	15	43	256	191
10754	6	19	16	44	256	193
10755	6	19	17	45	128	194
10756	6	19	18	46	128	195
10757	6	19	19	47	64	196
10758	6	19	20	48	64	197
10759	6	19	21	49	32	198
10760	6	19	22	50	32	200
10761	6	19	23	51	16	200
10762	6	19	24	52	16	202
10763	6	19	25	53	8	202
10764	6	19	26	54	8	204
10765	6	19	27	55	4	205
10766	6	19	28	56	4	206
10767	6	19	29	57	2	207
10768	6	19	30	58	2	208
10769	6	20	0	27	193	175
10770	6	20	1	28	193	176
10771	6	20	2	29	225	177
10772	6	20	3	30	225	179
10773	6	20	4	31	241	179
10774	6	20	5	32	241	181
10775	6	20	6	33	249	181
10776	6	20	7	34	249	183
10777	6	20	8	35	253	184
10778	6	20	9	36	253	185
10779	6	20	10	37	255	186
10780	6	20	11	38	255	187
10781	6	20	12	39	256	188
10782	6	20	13	40	256	190
10783	6	20	14	41	128	190
10784	6	20	15	42	128	192
10785	6	20	16	43	64	192
10786	6	20	17	44	64	194
10787	6	20	18	45	32	195
10788	6	20	19	46	32	196
10789	6	20	20	47	16	197
10790	6	20	21	48	16	198
10791	6	20	22	49	8	199
10792	6	20	23	50	8	201
10793	6	20	24	51	4	201
10794	6	20	25	52	4	203
10795	6	20	26	53	2	203
10796	6	20	27	54	2	205
10797	6	20	28	55	1	206
10798	6	20	29	56	1	207
10799	6	21	0	26	225	175
10800	6	21	1	27	241	176
10801	6	21	2	28	241	177
10802	6	21	3	29	249	178
10803	6	21	4	30	249	180
10804	6	21	5	31	253	180
10805	6	21	6	32	253	182
10806	6	21	7	33	255	182
10807	6	21	8	34	255	184
10808	6	21	9	35	256	185
10809	6	21	10	36	256	186
10810	6	21	11	37	128	187
10811	6	21	12	38	128	188
10812	6	21	13	39	64	189
10813	6	21	14	40	64	191
10814	6	21	15	41	32	191
10815	6	21	16	42	32	193
10816	6	21	17	43	16	193
10817	6	21	18	44	16	195
10818	6	21	19	45	8	196
10819	6	21	20	46	8	197
10820	6	21	21	47	4	198
10821	6	21	22	48	4	199
10822	6	21	23	49	2	200
10823	6	21	24	50	2	202
10824	6	21	25	51	1	202
10825	6	21	26	52	1	204
10826	6	21	27	53	129	204
10827	6	21	28	54	129	206
10828	6	22	0	25	249	175
10829	6	22	1	26	249	176
10830	6	22	2	27	253	177
10831	6	22	3	28	253	178
10832	6	22	4	29	255	179
10833	6	22	5	30	255	181
10834	6	22	6	31	256	181
10835	6	22	7	32	256	183
10836	6	22	8	33	128	183
10837	6	22	9	34	128	185
10838	6	22	10	35	64	186
10839	6	22	11	36	64	187
10840	6	22	12	37	32	188
10841	6	22	13	38	32	189
10842	6	22	14	39	16	190
10843	6	22	15	40	16	192
10844	6	22	16	41	8	192
10845	6	22	17	42	8	194
10846	6	22	18	43	4	194
10847	6	22	19	44	4	196
10848	6	22	20	45	2	197
10849	6	22	21	46	2	198
10850	6	22	22	47	1	199
10851	6	22	23	48	1	200
10852	6	22	24	49	129	201
10853	6	22	25	50	129	203
10854	6	22	26	51	193	203
10855	6	22	27	52	193	205
10856	6	23	0	24	253	175
10857	6	23	1	25	255	176
10858	6	23	2	26	255	177
10859	6	23	3	27	256	178
10860	6	23	4	28	256	179
10861	6	23	5	29	128	180
10862	6	23	6	30	128	182
10863	6	23	7	31	64	182
10864	6	23	8	32	64	184
10865	6	23	9	33	32	184
10866	6	23	10	34	32	186
10867	6	23	11	35	16	187
10868	6	23	12	36	16	188
10869	6	23	13	37	8	189
10870	6	23	14	38	8	190
10871	6	23	15	39	4	191
10872	6	23	16	40	4	193
10873	6	23	17	41	2	193
10874	6	23	18	42	2	195
10875	6	23	19	43	1	195
10876	6	23	20	44	1	197
10877	6	23	21	45	129	198
10878	6	23	22	46	129	199
10879	6	23	23	47	193	200
10880	6	23	24	48	193	201
10881	6	23	25	49	225	202
10882	6	23	26	50	225	204
10883	6	24	0	23	256	174
10884	6	24	1	24	256	176
10885	6	24	2	25	128	177
10886	6	24	3	26	128	178
10887	6	24	4	27	64	179
10888	6	24	5	28	64	180
10889	6	24	6	29	32	181
10890	6	24	7	30	32	183
10891	6	24	8	31	16	183
10892	6	24	9	32	16	185
10893	6	24	10	33	8	185
10894	6	24	11	34	8	187
10895	6	24	12	35	4	188
10896	6	24	13	36	4	189
10897	6	24	14	37	2	190
10898	6	24	15	38	2	191
10899	6	24	16	39	1	192
10900	6	24	17	40	1	194
10901	6	24	18	41	129	194
10902	6	24	19	42	129	196
10903	6	24	20	43	193	196
10904	6	24	21	44	193	198
10905	6	24	22	45	225	199
10906	6	24	23	46	225	200
10907	6	24	24	47	241	201
10908	6	24	25	48	241	202
10909	6	25	0	22	128	175
10910	6	25	1	23	64	175
10911	6	25	2	24	64	177
10912	6	25	3	25	32	178
10913	6	25	4	26	32	179
10914	6	25	5	27	16	180
10915	6	25	6	28	16	181
10916	6	25	7	29	8	182
10917	6	25	8	30	8	184
10918	6	25	9	31	4	184
10919	6	25	10	32	4	186
10920	6	25	11	33	2	186
10921	6	25	12	34	2	188
10922	6	25	13	35	1	189
10923	6	25	14	36	1	190
10924	6	25	15	37	129	191
10925	6	25	16	38	129	192
10926	6	25	17	39	193	193
10927	6	25	18	40	193	195
10928	6	25	19	41	225	195
10929	6	25	20	42	225	197
10930	6	25	21	43	241	197
10931	6	25	22	44	241	199
10932	6	25	23	45	249	200
10933	6	25	24	46	249	201
10934	6	26	0	21	32	174
10935	6	26	1	22	32	176
10936	6	26	2	23	16	176
10937	6	26	3	24	16	178
10938	6	26	4	25	8	179
10939	6	26	5	26	8	180
10940	6	26	6	27	4	181
10941	6	26	7	28	4	182
10942	6	26	8	29	2	183
10943	6	26	9	30	2	185
10944	6	26	10	31	1	185
10945	6	26	11	32	1	187
10946	6	26	12	33	129	187
10947	6	26	13	34	129	189
10948	6	26	14	35	193	190
10949	6	26	15	36	193	191
10950	6	26	16	37	225	192
10951	6	26	17	38	225	193
10952	6	26	18	39	241	194
10953	6	26	19	40	241	196
10954	6	26	20	41	249	196
10955	6	26	21	42	249	198
10956	6	26	22	43	253	198
10957	6	26	23	44	253	200
10958	6	27	0	20	16	175
10959	6	27	1	21	8	175
10960	6	27	2	22	8	177
10961	6	27	3	23	4	177
10962	6	27	4	24	4	179
10963	6	27	5	25	2	180
10964	6	27	6	26	2	181
10965	6	27	7	27	1	182
10966	6	27	8	28	1	183
10967	6	27	9	29	129	184
10968	6	27	10	30	129	186
10969	6	27	11	31	193	186
10970	6	27	12	32	193	188
10971	6	27	13	33	225	188
10972	6	27	14	34	225	190
10973	6	27	15	35	241	191
10974	6	27	16	36	241	192
10975	6	27	17	37	249	193
10976	6	27	18	38	249	194
10977	6	27	19	39	253	195
10978	6	27	20	40	253	197
10979	6	27	21	41	255	197
10980	6	27	22	42	255	199
10981	6	28	0	19	4	174
10982	6	28	1	20	4	176
10983	6	28	2	21	2	176
10984	6	28	3	22	2	178
10985	6	28	4	23	1	178
10986	6	28	5	24	1	180
10987	6	28	6	25	129	181
10988	6	28	7	26	129	182
10989	6	28	8	27	193	183
10990	6	28	9	28	193	184
10991	6	28	10	29	225	185
10992	6	28	11	30	225	187
10993	6	28	12	31	241	187
10994	6	28	13	32	241	189
10995	6	28	14	33	249	189
10996	6	28	15	34	249	191
10997	6	28	16	35	253	192
10998	6	28	17	36	253	193
10999	6	28	18	37	255	194
11000	6	28	19	38	255	195
11001	6	28	20	39	256	196
11002	6	28	21	40	256	198
11003	6	29	0	18	2	174
11004	6	29	1	19	1	175
11005	6	29	2	20	1	177
11006	6	29	3	21	129	177
11007	6	29	4	22	129	179
11008	6	29	5	23	193	179
11009	6	29	6	24	193	181
11010	6	29	7	25	225	182
11011	6	29	8	26	225	183
11012	6	29	9	27	241	184
11013	6	29	10	28	241	185
11014	6	29	11	29	249	186
11015	6	29	12	30	249	188
11016	6	29	13	31	253	188
11017	6	29	14	32	253	190
11018	6	29	15	33	255	190
11019	6	29	16	34	255	192
11020	6	29	17	35	256	193
11021	6	29	18	36	256	194
11022	6	29	19	37	128	195
11023	6	29	20	38	128	196
11024	6	30	0	17	129	174
11025	6	30	1	18	129	175
11026	6	30	2	19	193	176
11027	6	30	3	20	193	178
11028	6	30	4	21	225	178
11029	6	30	5	22	225	180
11030	6	30	6	23	241	180
11031	6	30	7	24	241	182
11032	6	30	8	25	249	183
11033	6	30	9	26	249	184
11034	6	30	10	27	253	185
11035	6	30	11	28	253	186
11036	6	30	12	29	255	187
11037	6	30	13	30	255	189
11038	6	30	14	31	256	189
11039	6	30	15	32	256	191
11040	6	30	16	33	128	191
11041	6	30	17	34	128	193
11042	6	30	18	35	64	194
11043	6	30	19	36	64	195
11044	6	31	0	16	193	174
11045	6	31	1	17	225	175
11046	6	31	2	18	225	176
11047	6	31	3	19	241	177
11048	6	31	4	20	241	179
11049	6	31	5	21	249	179
11050	6	31	6	22	249	181
11051	6	31	7	23	253	181
11052	6	31	8	24	253	183
11053	6	31	9	25	255	184
11054	6	31	10	26	255	185
11055	6	31	11	27	256	186
11056	6	31	12	28	256	187
11057	6	31	13	29	128	188
11058	6	31	14	30	128	190
11059	6	31	15	31	64	190
11060	6	31	16	32	64	192
11061	6	31	17	33	32	192
11062	6	31	18	34	32	194
11063	6	32	0	15	241	174
11064	6	32	1	16	241	175
11065	6	32	2	17	249	176
11066	6	32	3	18	249	177
11067	6	32	4	19	253	178
11068	6	32	5	20	253	180
11069	6	32	6	21	255	180
11070	6	32	7	22	255	182
11071	6	32	8	23	256	182
11072	6	32	9	24	256	184
11073	6	32	10	25	128	185
11074	6	32	11	26	128	186
11075	6	32	12	27	64	187
11076	6	32	13	28	64	188
11077	6	32	14	29	32	189
11078	6	32	15	30	32	191
11079	6	32	16	31	16	191
11080	6	32	17	32	16	193
11081	6	33	0	14	249	174
11082	6	33	1	15	253	175
11083	6	33	2	16	253	176
11084	6	33	3	17	255	177
11085	6	33	4	18	255	178
11086	6	33	5	19	256	179
11087	6	33	6	20	256	181
11088	6	33	7	21	128	181
11089	6	33	8	22	128	183
11090	6	33	9	23	64	183
11091	6	33	10	24	64	185
11092	6	33	11	25	32	186
11093	6	33	12	26	32	187
11094	6	33	13	27	16	188
11095	6	33	14	28	16	189
11096	6	33	15	29	8	190
11097	6	33	16	30	8	192
11098	6	34	0	13	255	173
11099	6	34	1	14	255	175
11100	6	34	2	15	256	176
11101	6	34	3	16	256	177
11102	6	34	4	17	128	178
11103	6	34	5	18	128	179
11104	6	34	6	19	64	180
11105	6	34	7	20	64	182
11106	6	34	8	21	32	182
11107	6	34	9	22	32	184
11108	6	34	10	23	16	184
11109	6	34	11	24	16	186
11110	6	34	12	25	8	187
11111	6	34	13	26	8	188
11112	6	34	14	27	4	189
11113	6	34	15	28	4	190
11114	6	35	0	12	256	174
11115	6	35	1	13	128	174
11116	6	35	2	14	128	176
11117	6	35	3	15	64	177
11118	6	35	4	16	64	178
11119	6	35	5	17	32	179
11120	6	35	6	18	32	180
11121	6	35	7	19	16	181
11122	6	35	8	20	16	183
11123	6	35	9	21	8	183
11124	6	35	10	22	8	185
11125	6	35	11	23	4	185
11126	6	35	12	24	4	187
11127	6	35	13	25	2	188
11128	6	35	14	26	2	189
11129	6	36	0	11	64	173
11130	6	36	1	12	64	175
11131	6	36	2	13	32	175
11132	6	36	3	14	32	177
11133	6	36	4	15	16	178
11134	6	36	5	16	16	179
11135	6	36	6	17	8	180
11136	6	36	7	18	8	181
11137	6	36	8	19	4	182
11138	6	36	9	20	4	184
11139	6	36	10	21	2	184
11140	6	36	11	22	2	186
11141	6	36	12	23	1	186
11142	6	36	13	24	1	188
11143	6	37	0	10	32	174
11144	6	37	1	11	16	174
11145	6	37	2	12	16	176
11146	6	37	3	13	8	176
11147	6	37	4	14	8	178
11148	6	37	5	15	4	179
11149	6	37	6	16	4	180
11150	6	37	7	17	2	181
11151	6	37	8	18	2	182
11152	6	37	9	19	1	183
11153	6	37	10	20	1	185
11154	6	37	11	21	129	185
11155	6	37	12	22	129	187
11156	6	38	0	9	8	174
11157	6	38	1	10	8	175
11158	6	38	2	11	4	175
11159	6	38	3	12	4	177
11160	6	38	4	13	2	177
11161	6	38	5	14	2	179
11162	6	38	6	15	1	180
11163	6	38	7	16	1	181
11164	6	38	8	17	129	182
11165	6	38	9	18	129	183
11166	6	38	10	19	193	184
11167	6	38	11	20	193	186
11168	6	39	0	8	4	175
11169	6	39	1	9	2	175
11170	6	39	2	10	2	176
11171	6	39	3	11	1	176
11172	6	39	4	12	1	178
11173	6	39	5	13	129	178
11174	6	39	6	14	129	180
11175	6	39	7	15	193	181
11176	6	39	8	16	193	182
11177	6	39	9	17	225	183
11178	6	39	10	18	225	184
11179	6	40	0	7	1	175
11180	6	40	1	8	1	176
11181	6	40	2	9	129	176
11182	6	40	3	10	129	177
11183	6	40	4	11	193	177
11184	6	40	5	12	193	179
11185	6	40	6	13	225	179
11186	6	40	7	14	225	181
11187	6	40	8	15	241	182
11188	6	40	9	16	241	183
11189	6	41	0	6	129	176
11190	6	41	1	7	193	176
11191	6	41	2	8	193	177
11192	6	41	3	9	225	177
11193	6	41	4	10	225	178
11194	6	41	5	11	241	178
11195	6	41	6	12	241	180
11196	6	41	7	13	249	180
11197	6	41	8	14	249	182
11198	6	42	0	5	225	176
11199	6	42	1	6	225	177
11200	6	42	2	7	241	177
11201	6	42	3	8	241	178
11202	6	42	4	9	249	178
11203	6	42	5	10	249	179
11204	6	42	6	11	253	179
11205	6	42	7	12	253	181
11206	6	43	0	4	241	177
11207	6	43	1	5	249	177
11208	6	43	2	6	249	178
11209	6	43	3	7	253	178
11210	6	43	4	8	253	179
11211	6	43	5	9	255	179
11212	6	43	6	10	255	180
11213	6	44	0	3	253	177
11214	6	44	1	4	253	178
11215	6	44	2	5	255	178
11216	6	44	3	6	255	179
11217	6	44	4	7	256	179
11218	6	44	5	8	256	180
11219	6	45	0	2	255	178
11220	6	45	1	3	256	178
11221	6	45	2	4	256	179
11222	6	45	3	5	128	179
11223	6	45	4	6	128	180
11224	6	46	0	1	256	179
11225	6	46	1	2	128	179
11226	6	46	2	3	64	179
11227	6	46	3	4	64	180
11228	6	47	0	0	128	180
11229	6	47	1	1	64	180
11230	6	47	2	2	32	180
11231	6	48	0	0	128	181
11232	6	48	1	1	64	181
11233	6	49	0	0	128	182
11234	7	0	0	97	214	232
11235	7	0	1	98	214	233
11236	7	0	2	99	107	234
11237	7	0	3	100	107	236
11238	7	0	4	101	182	236
11239	7	0	5	102	182	238
11240	7	0	6	103	91	238
11241	7	0	7	104	91	240
11242	7	0	8	105	174	241
11243	7	0	9	106	174	242
11244	7	0	10	107	87	243
11245	7	0	11	108	87	244
11246	7	0	12	109	172	245
11247	7	0	13	110	172	247
11248	7	0	14	111	86	247
11249	7	0	15	112	86	249
11250	7	0	16	113	43	249
11251	7	0	17	114	43	251
11252	7	0	18	115	150	252
11253	7	0	19	116	150	253
11254	7	0	20	117	75	254
11255	7	0	21	118	75	255
11256	7	0	22	119	166	256
11257	7	0	23	120	166	258
11258	7	0	24	121	83	258
11259	7	0	25	122	83	260
11260	7	0	26	123	170	260
11261	7	0	27	124	170	262
11262	7	0	28	125	85	263
11263	7	0	29	126	85	264
11264	7	0	30	127	171	265
11265	7	0	31	128	171	266
11266	7	0	32	129	214	267
11267	7	0	33	130	214	269
11268	7	0	34	131	107	269
11269	7	0	35	132	107	271
11270	7	0	36	133	182	271
11271	7	0	37	134	182	273
11272	7	0	38	135	91	274
11273	7	0	39	136	91	275
11274	7	0	40	137	174	276
11275	7	0	41	138	174	277
11276	7	1	0	95	207	231
11277	7	1	1	96	207	232
11278	7	1	2	97	232	233
11279	7	1	3	98	232	234
11280	7	1	4	99	116	235
11281	7	1	5	100	116	237
11282	7	1	6	101	58	237
11283	7	1	7	102	58	239
11284	7	1	8	103	29	239
11285	7	1	9	104	29	241
11286	7	1	10	105	143	242
11287	7	1	11	106	143	243
11288	7	1	12	107	200	244
11289	7	1	13	108	200	245
11290	7	1	14	109	100	246
11291	7	1	15	110	100	248
11292	7	1	16	111	50	248
11293	7	1	17	112	50	250
11294	7	1	18	113	25	250
11295	7	1	19	114	25	252
11296	7	1	20	115	141	253
11297	7	1	21	116	141	254
11298	7	1	22	117	199	255
11299	7	1	23	118	199	256
11300	7	1	24	119	228	257
11301	7	1	25	120	228	259
11302	7	1	26	121	114	259
11303	7	1	27	122	114	261
11304	7	1	28	123	57	261
11305	7	1	29	124	57	263
11306	7	1	30	125	157	264
11307	7	1	31	126	157	265
11308	7	1	32	127	207	266
11309	7	1	33	128	207	267
11310	7	1	34	129	232	268
11311	7	1	35	130	232	270
11312	7	1	36	131	116	270
11313	7	1	37	132	116	272
11314	7	1	38	133	58	272
11315	7	1	39	134	58	274
11316	7	1	40	135	29	275
11317	7	2	0	93	163	229
11318	7	2	1	94	163	231
11319	7	2	2	95	210	232
11320	7	2	3	96	210	233
11321	7	2	4	97	105	234
11322	7	2	5	98	105	235
11323	7	2	6	99	181	236
11324	7	2	7	100	181	238
11325	7	2	8	101	219	238
11326	7	2	9	102	219	240
11327	7	2	10	103	238	240
11328	7	2	11	104	238	242
11329	7	2	12	105	119	243
11330	7	2	13	106	119	244
11331	7	2	14	107	188	245
11332	7	2	15	108	188	246
11333	7	2	16	109	94	247
11334	7	2	17	110	94	249
11335	7	2	18	111	47	249
11336	7	2	19	112	47	251
11337	7	2	20	113	152	251
11338	7	2	21	114	152	253
11339	7	2	22	115	76	254
11340	7	2	23	116	76	255
11341	7	2	24	117	38	256
11342	7	2	25	118	38	257
11343	7	2	26	119	19	258
11344	7	2	27	120	19	260
11345	7	2	28	121	138	260
11346	7	2	29	122	138	262
11347	7	2	30	123	69	262
11348	7	2	31	124	69	264
11349	7	2	32	125	163	265
11350	7	2	33	126	163	266
11351	7	2	34	127	210	267
11352	7	2	35	128	210	268
11353	7	2	36	129	105	269
11354	7	2	37	130	105	271
11355	7	2	38	131	181	271
11356	7	2	39	132	181	273
11357	7	3	0	91	70	228
11358	7	3	1	92	70	230
11359	7	3	2	93	35	230
11360	7	3	3	94	35	232
11361	7	3	4	95	146	233
11362	7	3	5	96	146	234
11363	7	3	6	97	73	235
11364	7	3	7	98	73	236
11365	7	3	8	99	165	237
11366	7	3	9	100	165	239
11367	7	3	10	101	211	239
11368	7	3	11	102	211	241
11369	7	3	12	103	234	241
11370	7	3	13	104	234	243
11371	7	3	14	105	117	244
11372	7	3	15	106	117	245
11373	7	3	16	107	187	246
11374	7	3	17	108	187	247
11375	7	3	18	109	222	248
11376	7	3	19	110	222	250
11377	7	3	20	111	111	250
11378	7	3	21	112	111	252
11379	7	3	22	113	184	252
11380	7	3	23	114	184	254
11381	7	3	24	115	92	255
11382	7	3	25	116	92	256
11383	7	3	26	117	46	257
11384	7	3	27	118	46	258
11385	7	3	28	119	23	259
11386	7	3	29	120	23	261
11387	7	3	30	121	140	261
11388	7	3	31	122	140	263
11389	7	3	32	123	70	263
11390	7	3	33	124	70	265
11391	7	3	34	125	35	266
11392	7	3	35	126	35	267
11393	7	3	36	127	146	268
11394	7	3	37	128	146	269
11395	7	3	38	129	73	270
11396	7	4	0	89	183	227
11397	7	4	1	90	183	229
11398	7	4	2	91	220	229
11399	7	4	3	92	220	231
11400	7	4	4	93	110	231
11401	7	4	5	94	110	233
11402	7	4	6	95	55	234
11403	7	4	7	96	55	235
11404	7	4	8	97	156	236
11405	7	4	9	98	156	237
11406	7	4	10	99	78	238
11407	7	4	11	100	78	240
11408	7	4	12	101	39	240
11409	7	4	13	102	39	242
11410	7	4	14	103	148	242
11411	7	4	15	104	148	244
11412	7	4	16	105	74	245
11413	7	4	17	106	74	246
11414	7	4	18	107	37	247
11415	7	4	19	108	37	248
11416	7	4	20	109	147	249
11417	7	4	21	110	147	251
11418	7	4	22	111	202	251
11419	7	4	23	112	202	253
11420	7	4	24	113	101	253
11421	7	4	25	114	101	255
11422	7	4	26	115	179	256
11423	7	4	27	116	179	257
11424	7	4	28	117	218	258
11425	7	4	29	118	218	259
11426	7	4	30	119	109	260
11427	7	4	31	120	109	262
11428	7	4	32	121	183	262
11429	7	4	33	122	183	264
11430	7	4	34	123	220	264
11431	7	4	35	124	220	266
11432	7	4	36	125	110	267
11433	7	4	37	126	110	268
11434	7	5	0	87	159	226
11435	7	5	1	88	159	227
11436	7	5	2	89	208	228
11437	7	5	3	90	208	230
11438	7	5	4	91	104	230
11439	7	5	5	92	104	232
11440	7	5	6	93	52	232
11441	7	5	7	94	52	234
11442	7	5	8	95	26	235
11443	7	5	9	96	26	236
11444	7	5	10	97	13	237
11445	7	5	11	98	13	238
11446	7	5	12	99	135	239
11447	7	5	13	100	135	241
11448	7	5	14	101	196	241
11449	7	5	15	102	196	243
11450	7	5	16	103	98	243
11451	7	5	17	104	98	245
11452	7	5	18	105	49	246
11453	7	5	19	106	49	247
11454	7	5	20	107	153	248
11455	7	5	21	108	153	249
11456	7	5	22	109	205	250
11457	7	5	23	110	205	252
11458	7	5	24	111	231	252
11459	7	5	25	112	231	254
11460	7	5	26	113	244	254
11461	7	5	27	114	244	256
11462	7	5	28	115	122	257
11463	7	5	29	116	122	258
11464	7	5	30	117	61	259
11465	7	5	31	118	61	260
11466	7	5	32	119	159	261
11467	7	5	33	120	159	263
11468	7	5	34	121	208	263
11469	7	5	35	122	208	265
11470	7	5	36	123	104	265
11471	7	6	0	85	155	225
11472	7	6	1	86	155	226
11473	7	6	2	87	206	227
11474	7	6	3	88	206	228
11475	7	6	4	89	103	229
11476	7	6	5	90	103	231
11477	7	6	6	91	180	231
11478	7	6	7	92	180	233
11479	7	6	8	93	90	233
11480	7	6	9	94	90	235
11481	7	6	10	95	45	236
11482	7	6	11	96	45	237
11483	7	6	12	97	151	238
11484	7	6	13	98	151	239
11485	7	6	14	99	204	240
11486	7	6	15	100	204	242
11487	7	6	16	101	102	242
11488	7	6	17	102	102	244
11489	7	6	18	103	51	244
11490	7	6	19	104	51	246
11491	7	6	20	105	154	247
11492	7	6	21	106	154	248
11493	7	6	22	107	77	249
11494	7	6	23	108	77	250
11495	7	6	24	109	167	251
11496	7	6	25	110	167	253
11497	7	6	26	111	212	253
11498	7	6	27	112	212	255
11499	7	6	28	113	106	255
11500	7	6	29	114	106	257
11501	7	6	30	115	53	258
11502	7	6	31	116	53	259
11503	7	6	32	117	155	260
11504	7	6	33	118	155	261
11505	7	6	34	119	206	262
11506	7	6	35	120	206	264
11507	7	7	0	83	240	223
11508	7	7	1	84	240	225
11509	7	7	2	85	120	226
11510	7	7	3	86	120	227
11511	7	7	4	87	60	228
11512	7	7	5	88	60	229
11513	7	7	6	89	30	230
11514	7	7	7	90	30	232
11515	7	7	8	91	15	232
11516	7	7	9	92	15	234
11517	7	7	10	93	136	234
11518	7	7	11	94	136	236
11519	7	7	12	95	68	237
11520	7	7	13	96	68	238
11521	7	7	14	97	34	239
11522	7	7	15	98	34	240
11523	7	7	16	99	17	241
11524	7	7	17	100	17	243
11525	7	7	18	101	137	243
11526	7	7	19	102	137	245
11527	7	7	20	103	197	245
11528	7	7	21	104	197	247
11529	7	7	22	105	227	248
11530	7	7	23	106	227	249
11531	7	7	24	107	242	250
11532	7	7	25	108	242	251
11533	7	7	26	109	121	252
11534	7	7	27	110	121	254
11535	7	7	28	111	189	254
11536	7	7	29	112	189	256
11537	7	7	30	113	223	256
11538	7	7	31	114	223	258
11539	7	7	32	115	240	259
11540	7	7	33	116	240	260
11541	7	7	34	117	120	261
11542	7	8	0	81	40	222
11543	7	8	1	82	40	224
11544	7	8	2	83	20	224
11545	7	8	3	84	20	226
11546	7	8	4	85	10	227
11547	7	8	5	86	10	228
11548	7	8	6	87	5	229
11549	7	8	7	88	5	230
11550	7	8	8	89	131	231
11551	7	8	9	90	131	233
11552	7	8	10	91	194	233
11553	7	8	11	92	194	235
11554	7	8	12	93	97	235
11555	7	8	13	94	97	237
11556	7	8	14	95	177	238
11557	7	8	15	96	177	239
11558	7	8	16	97	217	240
11559	7	8	17	98	217	241
11560	7	8	18	99	237	242
11561	7	8	19	100	237	244
11562	7	8	20	101	247	244
11563	7	8	21	102	247	246
11564	7	8	22	103	252	246
11565	7	8	23	104	252	248
11566	7	8	24	105	126	249
11567	7	8	25	106	126	250
11568	7	8	26	107	63	251
11569	7	8	27	108	63	252
11570	7	8	28	109	160	253
11571	7	8	29	110	160	255
11572	7	8	30	111	80	255
11573	7	8	31	112	80	257
11574	7	8	32	113	40	257
11575	7	8	33	114	40	259
11576	7	9	0	79	178	221
11577	7	9	1	80	178	223
11578	7	9	2	81	89	223
11579	7	9	3	82	89	225
11580	7	9	4	83	173	225
11581	7	9	5	84	173	227
11582	7	9	6	85	215	228
11583	7	9	7	86	215	229
11584	7	9	8	87	236	230
11585	7	9	9	88	236	231
11586	7	9	10	89	118	232
11587	7	9	11	90	118	234
11588	7	9	12	91	59	234
11589	7	9	13	92	59	236
11590	7	9	14	93	158	236
11591	7	9	15	94	158	238
11592	7	9	16	95	79	239
11593	7	9	17	96	79	240
11594	7	9	18	97	168	241
11595	7	9	19	98	168	242
11596	7	9	20	99	84	243
11597	7	9	21	100	84	245
11598	7	9	22	101	42	245
11599	7	9	23	102	42	247
11600	7	9	24	103	21	247
11601	7	9	25	104	21	249
11602	7	9	26	105	139	250
11603	7	9	27	106	139	251
11604	7	9	28	107	198	252
11605	7	9	29	108	198	253
11606	7	9	30	109	99	254
11607	7	9	31	110	99	256
11608	7	9	32	111	178	256
11609	7	10	0	77	201	220
11610	7	10	1	78	201	221
11611	7	10	2	79	229	222
11612	7	10	3	80	229	224
11613	7	10	4	81	243	224
11614	7	10	5	82	243	226
11615	7	10	6	83	250	226
11616	7	10	7	84	250	228
11617	7	10	8	85	125	229
11618	7	10	9	86	125	230
11619	7	10	10	87	191	231
11620	7	10	11	88	191	232
11621	7	10	12	89	224	233
11622	7	10	13	90	224	235
11623	7	10	14	91	112	235
11624	7	10	15	92	112	237
11625	7	10	16	93	56	237
11626	7	10	17	94	56	239
11627	7	10	18	95	28	240
11628	7	10	19	96	28	241
11629	7	10	20	97	14	242
11630	7	10	21	98	14	243
11631	7	10	22	99	7	244
11632	7	10	23	100	7	246
11633	7	10	24	101	132	246
11634	7	10	25	102	132	248
11635	7	10	26	103	66	248
11636	7	10	27	104	66	250
11637	7	10	28	105	33	251
11638	7	10	29	106	33	252
11639	7	10	30	107	145	253
11640	7	10	31	108	145	254
11641	7	11	0	75	162	219
11642	7	11	1	76	162	220
11643	7	11	2	77	81	221
11644	7	11	3	78	81	222
11645	7	11	4	79	169	223
11646	7	11	5	80	169	225
11647	7	11	6	81	213	225
11648	7	11	7	82	213	227
11649	7	11	8	83	235	227
11650	7	11	9	84	235	229
11651	7	11	10	85	246	230
11652	7	11	11	86	246	231
11653	7	11	12	87	123	232
11654	7	11	13	88	123	233
11655	7	11	14	89	190	234
11656	7	11	15	90	190	236
11657	7	11	16	91	95	236
11658	7	11	17	92	95	238
11659	7	11	18	93	176	238
11660	7	11	19	94	176	240
11661	7	11	20	95	88	241
11662	7	11	21	96	88	242
11663	7	11	22	97	44	243
11664	7	11	23	98	44	244
11665	7	11	24	99	22	245
11666	7	11	25	100	22	247
11667	7	11	26	101	11	247
11668	7	11	27	102	11	249
11669	7	11	28	103	134	249
11670	7	11	29	104	134	251
11671	7	11	30	105	67	252
11672	7	12	0	73	27	217
11673	7	12	1	74	27	219
11674	7	12	2	75	142	220
11675	7	12	3	76	142	221
11676	7	12	4	77	71	222
11677	7	12	5	78	71	223
11678	7	12	6	79	164	224
11679	7	12	7	80	164	226
11680	7	12	8	81	82	226
11681	7	12	9	82	82	228
11682	7	12	10	83	41	228
11683	7	12	11	84	41	230
11684	7	12	12	85	149	231
11685	7	12	13	86	149	232
11686	7	12	14	87	203	233
11687	7	12	15	88	203	234
11688	7	12	16	89	230	235
11689	7	12	17	90	230	237
11690	7	12	18	91	115	237
11691	7	12	19	92	115	239
11692	7	12	20	93	186	239
11693	7	12	21	94	186	241
11694	7	12	22	95	93	242
11695	7	12	23	96	93	243
11696	7	12	24	97	175	244
11697	7	12	25	98	175	245
11698	7	12	26	99	216	246
11699	7	12	27	100	216	248
11700	7	12	28	101	108	248
11701	7	12	29	102	108	250
11702	7	13	0	71	133	216
11703	7	13	1	72	133	218
11704	7	13	2	73	195	218
11705	7	13	3	74	195	220
11706	7	13	4	75	226	221
11707	7	13	5	76	226	222
11708	7	13	6	77	113	223
11709	7	13	7	78	113	224
11710	7	13	8	79	185	225
11711	7	13	9	80	185	227
11712	7	13	10	81	221	227
11713	7	13	11	82	221	229
11714	7	13	12	83	239	229
11715	7	13	13	84	239	231
11716	7	13	14	85	248	232
11717	7	13	15	86	248	233
11718	7	13	16	87	124	234
11719	7	13	17	88	124	235
11720	7	13	18	89	62	236
11721	7	13	19	90	62	238
11722	7	13	20	91	31	238
11723	7	13	21	92	31	240
11724	7	13	22	93	144	240
11725	7	13	23	94	144	242
11726	7	13	24	95	72	243
11727	7	13	25	96	72	244
11728	7	13	26	97	36	245
11729	7	13	27	98	36	246
11730	7	13	28	99	18	247
11731	7	14	0	69	65	215
11732	7	14	1	70	65	217
11733	7	14	2	71	161	217
11734	7	14	3	72	161	219
11735	7	14	4	73	209	219
11736	7	14	5	74	209	221
11737	7	14	6	75	233	222
11738	7	14	7	76	233	223
11739	7	14	8	77	245	224
11740	7	14	9	78	245	225
11741	7	14	10	79	251	226
11742	7	14	11	80	251	228
11743	7	14	12	81	254	228
11744	7	14	13	82	254	230
11745	7	14	14	83	127	230
11746	7	14	15	84	127	232
11747	7	14	16	85	192	233
11748	7	14	17	86	192	234
11749	7	14	18	87	96	235
11750	7	14	19	88	96	236
11751	7	14	20	89	48	237
11752	7	14	21	90	48	239
11753	7	14	22	91	24	239
11754	7	14	23	92	24	241
11755	7	14	24	93	12	241
11756	7	14	25	94	12	243
11757	7	14	26	95	6	244
11758	7	14	27	96	6	245
11759	7	15	0	67	225	214
11760	7	15	1	68	225	215
11761	7	15	2	69	241	216
11762	7	15	3	70	241	218
11763	7	15	4	71	249	218
11764	7	15	5	72	249	220
11765	7	15	6	73	253	220
11766	7	15	7	74	253	222
11767	7	15	8	75	255	223
11768	7	15	9	76	255	224
11769	7	15	10	77	256	225
11770	7	15	11	78	256	226
11771	7	15	12	79	128	227
11772	7	15	13	80	128	229
11773	7	15	14	81	64	229
11774	7	15	15	82	64	231
11775	7	15	16	83	32	231
11776	7	15	17	84	32	233
11777	7	15	18	85	16	234
11778	7	15	19	86	16	235
11779	7	15	20	87	8	236
11780	7	15	21	88	8	237
11781	7	15	22	89	4	238
11782	7	15	23	90	4	240
11783	7	15	24	91	2	240
11784	7	15	25	92	2	242
11785	7	15	26	93	1	242
11786	7	16	0	65	166	213
11787	7	16	1	66	166	214
11788	7	16	2	67	83	215
11789	7	16	3	68	83	216
11790	7	16	4	69	170	217
11791	7	16	5	70	170	219
11792	7	16	6	71	85	219
11793	7	16	7	72	85	221
11794	7	16	8	73	171	221
11795	7	16	9	74	171	223
11796	7	16	10	75	214	224
11797	7	16	11	76	214	225
11798	7	16	12	77	107	226
11799	7	16	13	78	107	227
11800	7	16	14	79	182	228
11801	7	16	15	80	182	230
11802	7	16	16	81	91	230
11803	7	16	17	82	91	232
11804	7	16	18	83	174	232
11805	7	16	19	84	174	234
11806	7	16	20	85	87	235
11807	7	16	21	86	87	236
11808	7	16	22	87	172	237
11809	7	16	23	88	172	238
11810	7	16	24	89	86	239
11811	7	16	25	90	86	241
11812	7	17	0	63	199	211
11813	7	17	1	64	199	213
11814	7	17	2	65	228	214
11815	7	17	3	66	228	215
11816	7	17	4	67	114	216
11817	7	17	5	68	114	217
11818	7	17	6	69	57	218
11819	7	17	7	70	57	220
11820	7	17	8	71	157	220
11821	7	17	9	72	157	222
11822	7	17	10	73	207	222
11823	7	17	11	74	207	224
11824	7	17	12	75	232	225
11825	7	17	13	76	232	226
11826	7	17	14	77	116	227
11827	7	17	15	78	116	228
11828	7	17	16	79	58	229
11829	7	17	17	80	58	231
11830	7	17	18	81	29	231
11831	7	17	19	82	29	233
11832	7	17	20	83	143	233
11833	7	17	21	84	143	235
11834	7	17	22	85	200	236
11835	7	17	23	86	200	237
11836	7	17	24	87	100	238
11837	7	18	0	61	76	210
11838	7	18	1	62	76	212
11839	7	18	2	63	38	212
11840	7	18	3	64	38	214
11841	7	18	4	65	19	215
11842	7	18	5	66	19	216
11843	7	18	6	67	138	217
11844	7	18	7	68	138	218
11845	7	18	8	69	69	219
11846	7	18	9	70	69	221
11847	7	18	10	71	163	221
11848	7	18	11	72	163	223
11849	7	18	12	73	210	223
11850	7	18	13	74	210	225
11851	7	18	14	75	105	226
11852	7	18	15	76	105	227
11853	7	18	16	77	181	228
11854	7	18	17	78	181	229
11855	7	18	18	79	219	230
11856	7	18	19	80	219	232
11857	7	18	20	81	238	232
11858	7	18	21	82	238	234
11859	7	18	22	83	119	234
11860	7	18	23	84	119	236
11861	7	19	0	59	184	209
11862	7	19	1	60	184	211
11863	7	19	2	61	92	211
11864	7	19	3	62	92	213
11865	7	19	4	63	46	213
11866	7	19	5	64	46	215
11867	7	19	6	65	23	216
11868	7	19	7	66	23	217
11869	7	19	8	67	140	218
11870	7	19	9	68	140	219
11871	7	19	10	69	70	220
11872	7	19	11	70	70	222
11873	7	19	12	71	35	222
11874	7	19	13	72	35	224
11875	7	19	14	73	146	224
11876	7	19	15	74	146	226
11877	7	19	16	75	73	227
11878	7	19	17	76	73	228
11879	7	19	18	77	165	229
11880	7	19	19	78	165	230
11881	7	19	20	79	211	231
11882	7	19	21	80	211	233
11883	7	19	22	81	234	233
11884	7	20	0	57	202	208
11885	7	20	1	58	202	209
11886	7	20	2	59	101	210
11887	7	20	3	60	101	212
11888	7	20	4	61	179	212
11889	7	20	5	62	179	214
11890	7	20	6	63	218	214
11891	7	20	7	64	218	216
11892	7	20	8	65	109	217
11893	7	20	9	66	109	218
11894	7	20	10	67	183	219
11895	7	20	11	68	183	220
11896	7	20	12	69	220	221
11897	7	20	13	70	220	223
11898	7	20	14	71	110	223
11899	7	20	15	72	110	225
11900	7	20	16	73	55	225
11901	7	20	17	74	55	227
11902	7	20	18	75	156	228
11903	7	20	19	76	156	229
11904	7	20	20	77	78	230
11905	7	20	21	78	78	231
11906	7	21	0	55	205	207
11907	7	21	1	56	205	208
11908	7	21	2	57	231	209
11909	7	21	3	58	231	210
11910	7	21	4	59	244	211
11911	7	21	5	60	244	213
11912	7	21	6	61	122	213
11913	7	21	7	62	122	215
11914	7	21	8	63	61	215
11915	7	21	9	64	61	217
11916	7	21	10	65	159	218
11917	7	21	11	66	159	219
11918	7	21	12	67	208	220
11919	7	21	13	68	208	221
11920	7	21	14	69	104	222
11921	7	21	15	70	104	224
11922	7	21	16	71	52	224
11923	7	21	17	72	52	226
11924	7	21	18	73	26	226
11925	7	21	19	74	26	228
11926	7	21	20	75	13	229
11927	7	22	0	53	77	205
11928	7	22	1	54	77	207
11929	7	22	2	55	167	208
11930	7	22	3	56	167	209
11931	7	22	4	57	212	210
11932	7	22	5	58	212	211
11933	7	22	6	59	106	212
11934	7	22	7	60	106	214
11935	7	22	8	61	53	214
11936	7	22	9	62	53	216
11937	7	22	10	63	155	216
11938	7	22	11	64	155	218
11939	7	22	12	65	206	219
11940	7	22	13	66	206	220
11941	7	22	14	67	103	221
11942	7	22	15	68	103	222
11943	7	22	16	69	180	223
11944	7	22	17	70	180	225
11945	7	22	18	71	90	225
11946	7	22	19	72	90	227
11947	7	23	0	51	227	204
11948	7	23	1	52	227	206
11949	7	23	2	53	242	206
11950	7	23	3	54	242	208
11951	7	23	4	55	121	209
11952	7	23	5	56	121	210
11953	7	23	6	57	189	211
11954	7	23	7	58	189	212
11955	7	23	8	59	223	213
11956	7	23	9	60	223	215
11957	7	23	10	61	240	215
11958	7	23	11	62	240	217
11959	7	23	12	63	120	217
11960	7	23	13	64	120	219
11961	7	23	14	65	60	220
11962	7	23	15	66	60	221
11963	7	23	16	67	30	222
11964	7	23	17	68	30	223
11965	7	23	18	69	15	224
11966	7	24	0	49	252	203
11967	7	24	1	50	252	205
11968	7	24	2	51	126	205
11969	7	24	3	52	126	207
11970	7	24	4	53	63	207
11971	7	24	5	54	63	209
11972	7	24	6	55	160	210
11973	7	24	7	56	160	211
11974	7	24	8	57	80	212
11975	7	24	9	58	80	213
11976	7	24	10	59	40	214
11977	7	24	11	60	40	216
11978	7	24	12	61	20	216
11979	7	24	13	62	20	218
11980	7	24	14	63	10	218
11981	7	24	15	64	10	220
11982	7	24	16	65	5	221
11983	7	24	17	66	5	222
11984	7	25	0	47	42	202
11985	7	25	1	48	42	203
11986	7	25	2	49	21	204
11987	7	25	3	50	21	206
11988	7	25	4	51	139	206
11989	7	25	5	52	139	208
11990	7	25	6	53	198	208
11991	7	25	7	54	198	210
11992	7	25	8	55	99	211
11993	7	25	9	56	99	212
11994	7	25	10	57	178	213
11995	7	25	11	58	178	214
11996	7	25	12	59	89	215
11997	7	25	13	60	89	217
11998	7	25	14	61	173	217
11999	7	25	15	62	173	219
12000	7	25	16	63	215	219
12001	7	26	0	45	7	201
12002	7	26	1	46	7	202
12003	7	26	2	47	132	203
12004	7	26	3	48	132	204
12005	7	26	4	49	66	205
12006	7	26	5	50	66	207
12007	7	26	6	51	33	207
12008	7	26	7	52	33	209
12009	7	26	8	53	145	209
12010	7	26	9	54	145	211
12011	7	26	10	55	201	212
12012	7	26	11	56	201	213
12013	7	26	12	57	229	214
12014	7	26	13	58	229	215
12015	7	26	14	59	243	216
12016	7	26	15	60	243	218
12017	7	27	0	43	44	199
12018	7	27	1	44	44	201
12019	7	27	2	45	22	202
12020	7	27	3	46	22	203
12021	7	27	4	47	11	204
12022	7	27	5	48	11	205
12023	7	27	6	49	134	206
12024	7	27	7	50	134	208
12025	7	27	8	51	67	208
12026	7	27	9	52	67	210
12027	7	27	10	53	162	210
12028	7	27	11	54	162	212
12029	7	27	12	55	81	213
12030	7	27	13	56	81	214
12031	7	27	14	57	169	215
12032	7	28	0	41	93	198
12033	7	28	1	42	93	200
12034	7	28	2	43	175	200
12035	7	28	3	44	175	202
12036	7	28	4	45	216	203
12037	7	28	5	46	216	204
12038	7	28	6	47	108	205
12039	7	28	7	48	108	206
12040	7	28	8	49	54	207
12041	7	28	9	50	54	209
12042	7	28	10	51	27	209
12043	7	28	11	52	27	211
12044	7	28	12	53	142	211
12045	7	28	13	54	142	213
12046	7	29	0	39	144	197
12047	7	29	1	40	144	199
12048	7	29	2	41	72	199
12049	7	29	3	42	72	201
12050	7	29	4	43	36	201
12051	7	29	5	44	36	203
12052	7	29	6	45	18	204
12053	7	29	7	46	18	205
12054	7	29	8	47	9	206
12055	7	29	9	48	9	207
12056	7	29	10	49	133	208
12057	7	29	11	50	133	210
12058	7	29	12	51	195	210
12059	7	30	0	37	24	196
12060	7	30	1	38	24	197
12061	7	30	2	39	12	198
12062	7	30	3	40	12	200
12063	7	30	4	41	6	200
12064	7	30	5	42	6	202
12065	7	30	6	43	3	202
12066	7	30	7	44	3	204
12067	7	30	8	45	130	205
12068	7	30	9	46	130	206
12069	7	30	10	47	65	207
12070	7	30	11	48	65	208
12071	7	31	0	35	4	195
12072	7	31	1	36	4	196
12073	7	31	2	37	2	197
12074	7	31	3	38	2	198
12075	7	31	4	39	1	199
12076	7	31	5	40	1	201
12077	7	31	6	41	129	201
12078	7	31	7	42	129	203
12079	7	31	8	43	193	203
12080	7	31	9	44	193	205
12081	7	31	10	45	225	206
12082	7	32	0	33	172	193
12083	7	32	1	34	172	195
12084	7	32	2	35	86	196
12085	7	32	3	36	86	197
12086	7	32	4	37	43	198
12087	7	32	5	38	43	199
12088	7	32	6	39	150	200
12089	7	32	7	40	150	202
12090	7	32	8	41	75	202
12091	7	32	9	42	75	204
12092	7	33	0	31	200	192
12093	7	33	1	32	200	194
12094	7	33	2	33	100	194
12095	7	33	3	34	100	196
12096	7	33	4	35	50	197
12097	7	33	5	36	50	198
12098	7	33	6	37	25	199
12099	7	33	7	38	25	200
12100	7	33	8	39	141	201
12101	7	34	0	29	119	191
12102	7	34	1	30	119	193
12103	7	34	2	31	188	193
12104	7	34	3	32	188	195
12105	7	34	4	33	94	195
12106	7	34	5	34	94	197
12107	7	34	6	35	47	198
12108	7	34	7	36	47	199
12109	7	35	0	27	234	190
12110	7	35	1	28	234	191
12111	7	35	2	29	117	192
12112	7	35	3	30	117	194
12113	7	35	4	31	187	194
12114	7	35	5	32	187	196
12115	7	35	6	33	222	196
12116	7	36	0	25	39	189
12117	7	36	1	26	39	190
12118	7	36	2	27	148	191
12119	7	36	3	28	148	192
12120	7	36	4	29	74	193
12121	7	36	5	30	74	195
12122	7	37	0	23	135	187
12123	7	37	1	24	135	189
12124	7	37	2	25	196	190
12125	7	37	3	26	196	191
12126	7	37	4	27	98	192
12127	7	38	0	21	151	186
12128	7	38	1	22	151	188
12129	7	38	2	23	204	188
12130	7	38	3	24	204	190
12131	7	39	0	19	68	185
12132	7	39	1	20	68	187
12133	7	39	2	21	34	187
12134	7	40	0	17	97	184
12135	7	40	1	18	97	185
12136	7	41	0	15	59	183
12137	8	0	0	3	80	180
12138	8	0	1	5	78	180
12139	8	0	2	7	166	180
12140	8	0	3	9	149	180
12141	8	0	4	11	126	180
12142	8	0	5	2	117	181
12143	8	0	6	4	151	181
12144	8	0	7	6	28	181
12145	8	0	8	8	94	181
12146	8	0	9	10	218	181
12147	8	0	10	13	152	181
12148	8	0	11	1	182	182
12149	8	0	12	12	9	182
12150	8	0	13	0	104	183
12151	8	0	14	14	150	183
12152	8	0	15	15	50	184
12153	8	0	16	16	25	184
12154	8	0	17	17	94	185
12155	8	0	18	18	47	186
12156	8	0	19	19	187	186
12157	8	0	20	20	187	188
12158	8	0	21	21	74	188
12159	8	0	22	22	74	189
12160	8	0	23	23	98	189
12161	8	0	24	24	98	191
12162	8	0	25	25	204	191
12163	8	0	26	26	102	192
12164	8	0	27	27	34	193
12165	8	0	28	28	17	193
12166	8	0	29	29	177	194
12167	8	0	30	31	226	195
12168	8	0	31	30	156	196
12169	8	0	32	32	158	197
12170	8	0	33	33	112	197
12171	8	0	34	34	112	198
12172	8	0	35	35	123	199
12173	8	1	0	3	80	181
12174	8	1	1	5	78	181
12175	8	1	2	7	166	181
12176	8	1	3	9	149	181
12177	8	1	4	11	126	181
12178	8	1	5	2	117	182
12179	8	1	6	4	151	182
12180	8	1	7	6	28	182
12181	8	1	8	8	94	182
12182	8	1	9	10	218	182
12183	8	1	10	13	152	182
12184	8	1	11	1	182	183
12185	8	1	12	12	9	183
12186	8	1	13	0	104	184
12187	8	1	14	14	150	184
12188	8	1	15	15	50	185
12189	8	1	16	16	25	185
12190	8	1	17	17	94	186
12191	8	1	18	18	47	187
12192	8	1	19	19	187	187
12193	8	1	20	20	187	189
12194	8	1	21	21	74	189
12195	8	1	22	22	74	190
12196	8	1	23	23	98	190
12197	8	1	24	24	98	192
12198	8	1	25	25	204	192
12199	8	1	26	26	102	193
12200	8	1	27	27	34	194
12201	8	1	28	28	17	194
12202	8	1	29	29	177	195
12203	8	1	30	31	226	196
12204	8	1	31	30	156	197
12205	8	1	32	32	158	198
12206	8	1	33	33	112	198
12207	8	1	34	34	112	199
12208	8	2	0	3	80	182
12209	8	2	1	5	78	182
12210	8	2	2	7	166	182
12211	8	2	3	9	149	182
12212	8	2	4	11	126	182
12213	8	2	5	2	117	183
12214	8	2	6	4	151	183
12215	8	2	7	6	28	183
12216	8	2	8	8	94	183
12217	8	2	9	10	218	183
12218	8	2	10	13	152	183
12219	8	2	11	1	182	184
12220	8	2	12	12	9	184
12221	8	2	13	0	104	185
12222	8	2	14	14	150	185
12223	8	2	15	15	50	186
12224	8	2	16	16	25	186
12225	8	2	17	17	94	187
12226	8	2	18	18	47	188
12227	8	2	19	19	187	188
12228	8	2	20	20	187	190
12229	8	2	21	21	74	190
12230	8	2	22	22	74	191
12231	8	2	23	23	98	191
12232	8	2	24	24	98	193
12233	8	2	25	25	204	193
12234	8	2	26	26	102	194
12235	8	2	27	27	34	195
12236	8	2	28	28	17	195
12237	8	2	29	29	177	196
12238	8	2	30	31	226	197
12239	8	2	31	30	156	198
12240	8	2	32	32	158	199
12241	8	2	33	33	112	199
12242	8	3	0	3	80	183
12243	8	3	1	5	78	183
12244	8	3	2	7	166	183
12245	8	3	3	9	149	183
12246	8	3	4	11	126	183
12247	8	3	5	2	117	184
12248	8	3	6	4	151	184
12249	8	3	7	6	28	184
12250	8	3	8	8	94	184
12251	8	3	9	10	218	184
12252	8	3	10	13	152	184
12253	8	3	11	1	182	185
12254	8	3	12	12	9	185
12255	8	3	13	0	104	186
12256	8	3	14	14	150	186
12257	8	3	15	15	50	187
12258	8	3	16	16	25	187
12259	8	3	17	17	94	188
12260	8	3	18	18	47	189
12261	8	3	19	19	187	189
12262	8	3	20	20	187	191
12263	8	3	21	21	74	191
12264	8	3	22	22	74	192
12265	8	3	23	23	98	192
12266	8	3	24	24	98	194
12267	8	3	25	25	204	194
12268	8	3	26	26	102	195
12269	8	3	27	27	34	196
12270	8	3	28	28	17	196
12271	8	3	29	29	177	197
12272	8	3	30	31	226	198
12273	8	3	31	30	156	199
12274	8	3	32	32	158	200
12275	8	4	0	3	80	184
12276	8	4	1	5	78	184
12277	8	4	2	7	166	184
12278	8	4	3	9	149	184
12279	8	4	4	11	126	184
12280	8	4	5	2	117	185
12281	8	4	6	4	151	185
12282	8	4	7	6	28	185
12283	8	4	8	8	94	185
12284	8	4	9	10	218	185
12285	8	4	10	13	152	185
12286	8	4	11	1	182	186
12287	8	4	12	12	9	186
12288	8	4	13	0	104	187
12289	8	4	14	14	150	187
12290	8	4	15	15	50	188
12291	8	4	16	16	25	188
12292	8	4	17	17	94	189
12293	8	4	18	18	47	190
12294	8	4	19	19	187	190
12295	8	4	20	20	187	192
12296	8	4	21	21	74	192
12297	8	4	22	22	74	193
12298	8	4	23	23	98	193
12299	8	4	24	24	98	195
12300	8	4	25	25	204	195
12301	8	4	26	26	102	196
12302	8	4	27	27	34	197
12303	8	4	28	28	17	197
12304	8	4	29	29	177	198
12305	8	4	30	31	226	199
12306	8	4	31	30	156	200
12307	8	5	0	3	80	185
12308	8	5	1	5	78	185
12309	8	5	2	7	166	185
12310	8	5	3	9	149	185
12311	8	5	4	11	126	185
12312	8	5	5	2	117	186
12313	8	5	6	4	151	186
12314	8	5	7	6	28	186
12315	8	5	8	8	94	186
12316	8	5	9	10	218	186
12317	8	5	10	13	152	186
12318	8	5	11	1	182	187
12319	8	5	12	12	9	187
12320	8	5	13	0	104	188
12321	8	5	14	14	150	188
12322	8	5	15	15	50	189
12323	8	5	16	16	25	189
12324	8	5	17	17	94	190
12325	8	5	18	18	47	191
12326	8	5	19	19	187	191
12327	8	5	20	20	187	193
12328	8	5	21	21	74	193
12329	8	5	22	22	74	194
12330	8	5	23	23	98	194
12331	8	5	24	24	98	196
12332	8	5	25	25	204	196
12333	8	5	26	26	102	197
12334	8	5	27	27	34	198
12335	8	5	28	28	17	198
12336	8	5	29	29	177	199
12337	8	5	30	31	226	200
12338	8	6	0	3	80	186
12339	8	6	1	5	78	186
12340	8	6	2	7	166	186
12341	8	6	3	9	149	186
12342	8	6	4	11	126	186
12343	8	6	5	2	117	187
12344	8	6	6	4	151	187
12345	8	6	7	6	28	187
12346	8	6	8	8	94	187
12347	8	6	9	10	218	187
12348	8	6	10	13	152	187
12349	8	6	11	1	182	188
12350	8	6	12	12	9	188
12351	8	6	13	0	104	189
12352	8	6	14	14	150	189
12353	8	6	15	15	50	190
12354	8	6	16	16	25	190
12355	8	6	17	17	94	191
12356	8	6	18	18	47	192
12357	8	6	19	19	187	192
12358	8	6	20	20	187	194
12359	8	6	21	21	74	194
12360	8	6	22	22	74	195
12361	8	6	23	23	98	195
12362	8	6	24	24	98	197
12363	8	6	25	25	204	197
12364	8	6	26	26	102	198
12365	8	6	27	27	34	199
12366	8	6	28	28	17	199
12367	8	6	29	29	177	200
12368	8	7	0	3	80	187
12369	8	7	1	5	78	187
12370	8	7	2	7	166	187
12371	8	7	3	9	149	187
12372	8	7	4	11	126	187
12373	8	7	5	2	117	188
12374	8	7	6	4	151	188
12375	8	7	7	6	28	188
12376	8	7	8	8	94	188
12377	8	7	9	10	218	188
12378	8	7	10	13	152	188
12379	8	7	11	1	182	189
12380	8	7	12	12	9	189
12381	8	7	13	0	104	190
12382	8	7	14	14	150	190
12383	8	7	15	15	50	191
12384	8	7	16	16	25	191
12385	8	7	17	17	94	192
12386	8	7	18	18	47	193
12387	8	7	19	19	187	193
12388	8	7	20	20	187	195
12389	8	7	21	21	74	195
12390	8	7	22	22	74	196
12391	8	7	23	23	98	196
12392	8	7	24	24	98	198
12393	8	7	25	25	204	198
12394	8	7	26	26	102	199
12395	8	7	27	27	34	200
12396	8	7	28	28	17	200
12397	8	8	0	3	80	188
12398	8	8	1	5	78	188
12399	8	8	2	7	166	188
12400	8	8	3	9	149	188
12401	8	8	4	11	126	188
12402	8	8	5	2	117	189
12403	8	8	6	4	151	189
12404	8	8	7	6	28	189
12405	8	8	8	8	94	189
12406	8	8	9	10	218	189
12407	8	8	10	13	152	189
12408	8	8	11	1	182	190
12409	8	8	12	12	9	190
12410	8	8	13	0	104	191
12411	8	8	14	14	150	191
12412	8	8	15	15	50	192
12413	8	8	16	16	25	192
12414	8	8	17	17	94	193
12415	8	8	18	18	47	194
12416	8	8	19	19	187	194
12417	8	8	20	20	187	196
12418	8	8	21	21	74	196
12419	8	8	22	22	74	197
12420	8	8	23	23	98	197
12421	8	8	24	24	98	199
12422	8	8	25	25	204	199
12423	8	8	26	26	102	200
12424	8	8	27	33	135	200
12425	8	9	0	3	80	189
12426	8	9	1	5	78	189
12427	8	9	2	7	166	189
12428	8	9	3	9	149	189
12429	8	9	4	11	126	189
12430	8	9	5	2	117	190
12431	8	9	6	4	151	190
12432	8	9	7	6	28	190
12433	8	9	8	8	94	190
12434	8	9	9	10	218	190
12435	8	9	10	13	152	190
12436	8	9	11	1	182	191
12437	8	9	12	12	9	191
12438	8	9	13	0	104	192
12439	8	9	14	14	150	192
12440	8	9	15	15	50	193
12441	8	9	16	16	25	193
12442	8	9	17	17	94	194
12443	8	9	18	18	47	195
12444	8	9	19	19	187	195
12445	8	9	20	20	187	197
12446	8	9	21	21	74	197
12447	8	9	22	22	74	198
12448	8	9	23	23	98	198
12449	8	9	24	24	98	200
12450	8	9	25	25	204	200
12451	8	9	26	34	6	200
12452	8	10	0	3	80	190
12453	8	10	1	5	78	190
12454	8	10	2	7	166	190
12455	8	10	3	9	149	190
12456	8	10	4	11	126	190
12457	8	10	5	2	117	191
12458	8	10	6	4	151	191
12459	8	10	7	6	28	191
12460	8	10	8	8	94	191
12461	8	10	9	10	218	191
12462	8	10	10	13	152	191
12463	8	10	11	1	182	192
12464	8	10	12	12	9	192
12465	8	10	13	0	104	193
12466	8	10	14	14	150	193
12467	8	10	15	15	50	194
12468	8	10	16	16	25	194
12469	8	10	17	17	94	195
12470	8	10	18	18	47	196
12471	8	10	19	19	187	196
12472	8	10	20	20	187	198
12473	8	10	21	21	74	198
12474	8	10	22	22	74	199
12475	8	10	23	23	98	199
12476	8	10	24	35	93	200
12477	8	10	25	36	25	200
12478	8	11	0	3	80	191
12479	8	11	1	5	78	191
12480	8	11	2	7	166	191
12481	8	11	3	9	149	191
12482	8	11	4	11	126	191
12483	8	11	5	2	117	192
12484	8	11	6	4	151	192
12485	8	11	7	6	28	192
12486	8	11	8	8	94	192
12487	8	11	9	10	218	192
12488	8	11	10	13	152	192
12489	8	11	11	1	182	193
12490	8	11	12	12	9	193
12491	8	11	13	0	104	194
12492	8	11	14	14	150	194
12493	8	11	15	15	50	195
12494	8	11	16	16	25	195
12495	8	11	17	17	94	196
12496	8	11	18	18	47	197
12497	8	11	19	19	187	197
12498	8	11	20	20	187	199
12499	8	11	21	21	74	199
12500	8	11	22	22	74	200
12501	8	11	23	23	98	200
12502	8	11	24	37	112	200
12503	8	12	0	3	80	192
12504	8	12	1	5	78	192
12505	8	12	2	7	166	192
12506	8	12	3	9	149	192
12507	8	12	4	11	126	192
12508	8	12	5	2	117	193
12509	8	12	6	4	151	193
12510	8	12	7	6	28	193
12511	8	12	8	8	94	193
12512	8	12	9	10	218	193
12513	8	12	10	13	152	193
12514	8	12	11	1	182	194
12515	8	12	12	12	9	194
12516	8	12	13	0	104	195
12517	8	12	14	14	150	195
12518	8	12	15	15	50	196
12519	8	12	16	16	25	196
12520	8	12	17	17	94	197
12521	8	12	18	18	47	198
12522	8	12	19	19	187	198
12523	8	12	20	20	187	200
12524	8	12	21	21	74	200
12525	8	12	22	22	74	201
12526	8	12	23	23	98	201
12527	8	13	0	3	80	193
12528	8	13	1	5	78	193
12529	8	13	2	7	166	193
12530	8	13	3	9	149	193
12531	8	13	4	11	126	193
12532	8	13	5	2	117	194
12533	8	13	6	4	151	194
12534	8	13	7	6	28	194
12535	8	13	8	8	94	194
12536	8	13	9	10	218	194
12537	8	13	10	13	152	194
12538	8	13	11	1	182	195
12539	8	13	12	12	9	195
12540	8	13	13	0	104	196
12541	8	13	14	14	150	196
12542	8	13	15	15	50	197
12543	8	13	16	16	25	197
12544	8	13	17	17	94	198
12545	8	13	18	18	47	199
12546	8	13	19	19	187	199
12547	8	13	20	20	187	201
12548	8	13	21	21	74	201
12549	8	13	22	24	39	201
12550	8	14	0	3	80	194
12551	8	14	1	5	78	194
12552	8	14	2	7	166	194
12553	8	14	3	9	149	194
12554	8	14	4	11	126	194
12555	8	14	5	2	117	195
12556	8	14	6	4	151	195
12557	8	14	7	6	28	195
12558	8	14	8	8	94	195
12559	8	14	9	10	218	195
12560	8	14	10	13	152	195
12561	8	14	11	1	182	196
12562	8	14	12	12	9	196
12563	8	14	13	0	104	197
12564	8	14	14	14	150	197
12565	8	14	15	15	50	198
12566	8	14	16	16	25	198
12567	8	14	17	17	94	199
12568	8	14	18	18	47	200
12569	8	14	19	19	187	200
12570	8	14	20	25	82	201
12571	8	14	21	26	157	201
12572	8	15	0	3	80	195
12573	8	15	1	5	78	195
12574	8	15	2	7	166	195
12575	8	15	3	9	149	195
12576	8	15	4	11	126	195
12577	8	15	5	2	117	196
12578	8	15	6	4	151	196
12579	8	15	7	6	28	196
12580	8	15	8	8	94	196
12581	8	15	9	10	218	196
12582	8	15	10	13	152	196
12583	8	15	11	1	182	197
12584	8	15	12	12	9	197
12585	8	15	13	0	104	198
12586	8	15	14	14	150	198
12587	8	15	15	15	50	199
12588	8	15	16	16	25	199
12589	8	15	17	17	94	200
12590	8	15	18	18	47	201
12591	8	15	19	19	187	201
12592	8	15	20	27	21	201
12593	8	16	0	3	80	196
12594	8	16	1	5	78	196
12595	8	16	2	7	166	196
12596	8	16	3	9	149	196
12597	8	16	4	11	126	196
12598	8	16	5	2	117	197
12599	8	16	6	4	151	197
12600	8	16	7	6	28	197
12601	8	16	8	8	94	197
12602	8	16	9	10	218	197
12603	8	16	10	13	152	197
12604	8	16	11	1	182	198
12605	8	16	12	12	9	198
12606	8	16	13	0	104	199
12607	8	16	14	14	150	199
12608	8	16	15	15	50	200
12609	8	16	16	16	25	200
12610	8	16	17	17	94	201
12611	8	16	18	28	204	201
12612	8	16	19	29	75	201
12613	8	17	0	3	80	197
12614	8	17	1	5	78	197
12615	8	17	2	7	166	197
12616	8	17	3	9	149	197
12617	8	17	4	11	126	197
12618	8	17	5	2	117	198
12619	8	17	6	4	151	198
12620	8	17	7	6	28	198
12621	8	17	8	8	94	198
12622	8	17	9	10	218	198
12623	8	17	10	13	152	198
12624	8	17	11	1	182	199
12625	8	17	12	12	9	199
12626	8	17	13	0	104	200
12627	8	17	14	14	150	200
12628	8	17	15	15	50	201
12629	8	17	16	16	25	201
12630	8	17	17	30	74	201
12631	8	17	18	31	177	201
12632	8	18	0	3	80	198
12633	8	18	1	5	78	198
12634	8	18	2	7	166	198
12635	8	18	3	9	149	198
12636	8	18	4	11	126	198
12637	8	18	5	2	117	199
12638	8	18	6	4	151	199
12639	8	18	7	6	28	199
12640	8	18	8	8	94	199
12641	8	18	9	10	218	199
12642	8	18	10	13	152	199
12643	8	18	11	1	182	200
12644	8	18	12	12	9	200
12645	8	18	13	0	104	201
12646	8	18	14	14	150	201
12647	8	18	15	32	142	201
12648	8	18	16	33	185	201
12649	8	18	17	34	57	201
12650	8	19	0	3	80	199
12651	8	19	1	5	78	199
12652	8	19	2	7	166	199
12653	8	19	3	9	149	199
12654	8	19	4	11	126	199
12655	8	19	5	2	117	200
12656	8	19	6	4	151	200
12657	8	19	7	6	28	200
12658	8	19	8	8	94	200
12659	8	19	9	10	218	200
12660	8	19	10	13	152	200
12661	8	19	11	1	182	201
12662	8	19	12	12	9	201
12663	8	19	13	35	131	201
12664	8	19	14	36	118	201
12665	8	19	15	37	250	201
12666	8	19	16	38	63	201
12667	8	20	0	3	80	200
12668	8	20	1	5	78	200
12669	8	20	2	7	166	200
12670	8	20	3	9	149	200
12671	8	20	4	11	126	200
12672	8	20	5	2	117	201
12673	8	20	6	4	151	201
12674	8	20	7	6	28	201
12675	8	20	8	8	94	201
12676	8	20	9	10	218	201
12677	8	20	10	13	152	201
12678	8	20	11	0	199	202
12679	8	20	12	1	113	202
12680	8	20	13	12	52	202
12681	8	20	14	14	105	202
12682	8	20	15	15	38	202
12683	8	21	0	3	80	201
12684	8	21	1	5	78	201
12685	8	21	2	7	166	201
12686	8	21	3	9	149	201
12687	8	21	4	11	126	201
12688	8	21	5	2	117	202
12689	8	21	6	4	151	202
12690	8	21	7	6	28	202
12691	8	21	8	8	94	202
12692	8	21	9	10	218	202
12693	8	21	10	13	152	202
12694	8	21	11	16	69	202
12695	8	21	12	17	92	202
12696	8	21	13	18	13	202
12697	8	21	14	19	225	202
12698	8	22	0	3	80	202
12699	8	22	1	5	78	202
12700	8	22	2	7	166	202
12701	8	22	3	9	149	202
12702	8	22	4	11	126	202
12703	8	22	5	20	223	202
12704	8	22	6	21	161	202
12705	8	22	7	22	171	202
12706	8	22	8	23	227	202
12707	8	22	9	24	45	202
12708	8	22	10	25	36	202
12709	8	22	11	26	61	202
12710	8	22	12	27	138	202
12711	8	22	13	28	1	202
12712	8	23	0	0	247	203
12713	8	23	1	29	18	202
12714	8	23	2	30	141	202
12715	8	23	3	31	210	202
12716	8	23	4	32	177	202
12717	8	23	5	33	68	202
12718	8	23	6	34	202	202
12719	8	23	7	35	253	202
12720	8	23	8	36	24	202
12721	8	23	9	37	183	202
12722	8	23	10	38	215	202
12723	8	23	11	39	5	202
12724	8	23	12	1	131	203
12725	8	24	0	0	247	204
12726	8	24	1	2	228	203
12727	8	24	2	3	120	203
12728	8	24	3	4	187	203
12729	8	24	4	5	92	203
12730	8	24	5	6	202	203
12731	8	24	6	7	107	203
12732	8	24	7	8	170	203
12733	8	24	8	9	101	203
12734	8	24	9	10	76	203
12735	8	24	10	11	203	203
12736	8	24	11	12	144	203
12737	8	25	0	0	247	205
12738	8	25	1	1	84	204
12739	8	25	2	13	252	203
12740	8	25	3	14	74	203
12741	8	25	4	15	208	203
12742	8	25	5	16	255	203
12743	8	25	6	17	8	203
12744	8	25	7	18	172	203
12745	8	25	8	19	87	203
12746	8	25	9	20	168	203
12747	8	25	10	21	241	203
12748	8	26	0	0	247	206
12749	8	26	1	1	84	205
12750	8	26	2	2	14	204
12751	8	26	3	22	180	203
12752	8	26	4	23	45	203
12753	8	26	5	24	191	203
12754	8	26	6	25	98	203
12755	8	26	7	26	57	203
12756	8	26	8	27	30	203
12757	8	26	9	28	16	203
12758	8	27	0	0	247	207
12759	8	27	1	1	84	206
12760	8	27	2	2	14	205
12761	8	27	3	3	88	204
12762	8	27	4	29	160	203
12763	8	27	5	30	64	203
12764	8	27	6	31	133	203
12765	8	27	7	32	96	203
12766	8	27	8	33	230	203
12767	8	28	0	0	247	208
12768	8	28	1	1	84	207
12769	8	28	2	2	14	206
12770	8	28	3	3	88	205
12771	8	28	4	4	186	204
12772	8	28	5	5	195	204
12773	8	28	6	6	96	204
12774	8	28	7	40	81	203
12775	8	29	0	0	247	209
12776	8	29	1	1	84	208
12777	8	29	2	2	14	207
12778	8	29	3	3	88	206
12779	8	29	4	4	186	205
12780	8	29	5	5	195	205
12781	8	29	6	6	96	205
12782	8	30	0	0	247	210
12783	8	30	1	1	84	209
12784	8	30	2	2	14	208
12785	8	30	3	3	88	207
12786	8	30	4	4	186	206
12787	8	30	5	5	195	206
12788	8	31	0	0	247	211
12789	8	31	1	1	84	210
12790	8	31	2	2	14	209
12791	8	31	3	3	88	208
12792	8	31	4	4	186	207
12793	8	32	0	0	247	212
12794	8	32	1	1	84	211
12795	8	32	2	2	14	210
12796	8	32	3	3	88	209
12797	8	33	0	0	247	213
12798	8	33	1	1	84	212
12799	8	33	2	2	14	211
12800	8	34	0	0	247	214
12801	8	34	1	1	84	213
12802	8	35	0	0	247	215
12803	9	0	0	34	111	203
12804	9	0	1	35	135	203
12805	9	0	2	36	209	203
12806	9	0	3	37	179	203
12807	9	0	4	41	134	203
12808	9	0	5	7	253	204
12809	9	0	6	43	224	204
12810	9	0	7	42	176	205
12811	9	0	8	44	222	206
12812	9	0	9	45	74	207
12813	9	0	10	46	37	207
12814	9	0	11	47	98	208
12815	9	0	12	48	49	209
12816	9	0	13	49	102	209
12817	9	0	14	50	102	211
12818	9	0	15	51	17	211
12819	9	0	16	52	17	212
12820	9	0	17	53	217	212
12821	9	0	18	54	217	214
12822	9	0	19	55	158	214
12823	9	0	20	56	79	215
12824	9	0	21	57	112	216
12825	9	0	22	58	56	216
12826	9	0	23	59	190	217
12827	9	0	24	61	235	218
12828	9	0	25	60	71	219
12829	9	0	26	62	203	220
12830	9	0	27	63	248	220
12831	9	0	28	64	248	221
12832	9	0	29	65	254	222
12833	9	0	30	66	127	223
12834	9	0	31	67	128	223
12835	9	0	32	68	64	224
12836	9	0	33	69	107	225
12837	9	0	34	70	107	226
12838	9	0	35	71	232	226
12839	9	0	36	73	198	227
12840	9	0	37	72	229	228
12841	9	0	38	74	210	229
12842	9	1	0	38	124	203
12843	9	1	1	39	170	203
12844	9	1	2	8	214	204
12845	9	1	3	9	48	204
12846	9	1	4	10	34	204
12847	9	1	5	40	5	204
12848	9	1	6	41	215	204
12849	9	1	7	43	164	205
12850	9	1	8	42	227	206
12851	9	1	9	44	250	207
12852	9	1	10	45	169	208
12853	9	1	11	46	213	208
12854	9	1	12	47	71	209
12855	9	1	13	48	164	210
12856	9	1	14	49	226	210
12857	9	1	15	50	226	212
12858	9	1	16	51	209	212
12859	9	1	17	52	209	213
12860	9	1	18	53	249	213
12861	9	1	19	54	249	215
12862	9	1	20	55	83	215
12863	9	1	21	56	170	216
12864	9	1	22	57	228	217
12865	9	1	23	58	114	217
12866	9	1	24	59	38	218
12867	9	1	25	61	250	219
12868	9	1	26	60	169	220
12869	9	1	27	62	92	221
12870	9	1	28	63	101	221
12871	9	1	29	64	101	222
12872	9	1	30	65	205	223
12873	9	1	31	66	231	224
12874	9	1	32	67	77	224
12875	9	1	33	68	167	225
12876	9	1	34	69	227	226
12877	9	1	35	70	227	227
12878	9	1	36	71	252	227
12879	9	1	37	73	44	228
12880	9	2	0	11	110	204
12881	9	2	1	12	192	204
12882	9	2	2	13	19	204
12883	9	2	3	14	29	204
12884	9	2	4	15	120	204
12885	9	2	5	39	1	204
12886	9	2	6	40	1	205
12887	9	2	7	41	43	205
12888	9	2	8	43	180	206
12889	9	2	9	42	88	207
12890	9	2	10	44	50	208
12891	9	2	11	45	188	209
12892	9	2	12	46	94	209
12893	9	2	13	47	117	210
12894	9	2	14	48	187	211
12895	9	2	15	49	148	211
12896	9	2	16	50	148	213
12897	9	2	17	51	196	213
12898	9	2	18	52	196	214
12899	9	2	19	53	204	214
12900	9	2	20	54	204	216
12901	9	2	21	55	68	216
12902	9	2	22	56	34	217
12903	9	2	23	57	97	218
12904	9	2	24	58	177	218
12905	9	2	25	59	59	219
12906	9	2	26	61	142	220
12907	9	2	27	60	30	221
12908	9	2	28	62	224	222
12909	9	2	29	63	123	222
12910	9	2	30	64	123	223
12911	9	2	31	65	41	224
12912	9	2	32	66	149	225
12913	9	2	33	67	221	225
12914	9	2	34	68	239	226
12915	9	2	35	69	251	227
12916	9	2	36	70	251	228
12917	9	3	0	16	192	204
12918	9	3	1	17	24	204
12919	9	3	2	18	111	204
12920	9	3	3	19	62	204
12921	9	3	4	20	34	204
12922	9	3	5	38	52	204
12923	9	3	6	39	103	205
12924	9	3	7	40	103	206
12925	9	3	8	41	60	206
12926	9	3	9	43	86	207
12927	9	3	10	42	256	208
12928	9	3	11	44	10	209
12929	9	3	12	45	89	210
12930	9	3	13	46	173	210
12931	9	3	14	47	229	211
12932	9	3	15	48	243	212
12933	9	3	16	49	81	212
12934	9	3	17	50	81	214
12935	9	3	18	51	142	214
12936	9	3	19	52	142	215
12937	9	3	20	53	195	215
12938	9	3	21	54	195	217
12939	9	3	22	55	65	217
12940	9	3	23	56	161	218
12941	9	3	24	57	225	219
12942	9	3	25	58	241	219
12943	9	3	26	59	166	220
12944	9	3	27	61	201	221
12945	9	3	28	60	30	222
12946	9	3	29	62	199	223
12947	9	3	30	63	76	223
12948	9	3	31	64	76	224
12949	9	3	32	65	111	225
12950	9	3	33	66	184	226
12951	9	3	34	67	147	226
12952	9	3	35	68	202	227
12953	9	4	0	21	212	204
12954	9	4	1	22	6	204
12955	9	4	2	23	187	204
12956	9	4	3	24	205	204
12957	9	4	4	36	11	204
12958	9	4	5	37	175	204
12959	9	4	6	38	216	205
12960	9	4	7	39	72	206
12961	9	4	8	40	72	207
12962	9	4	9	41	12	207
12963	9	4	10	43	130	208
12964	9	4	11	42	241	209
12965	9	4	12	44	2	210
12966	9	4	13	45	172	211
12967	9	4	14	46	86	211
12968	9	4	15	47	200	212
12969	9	4	16	48	100	213
12970	9	4	17	49	119	213
12971	9	4	18	50	119	215
12972	9	4	19	51	234	215
12973	9	4	20	52	234	216
12974	9	4	21	53	39	216
12975	9	4	22	54	39	218
12976	9	4	23	55	13	218
12977	9	4	24	56	135	219
12978	9	4	25	57	45	220
12979	9	4	26	58	151	220
12980	9	4	27	59	136	221
12981	9	4	28	61	85	222
12982	9	4	29	60	255	223
12983	9	4	30	62	194	224
12984	9	4	31	63	118	224
12985	9	4	32	64	118	225
12986	9	4	33	65	125	226
12987	9	4	34	66	191	227
12988	9	5	0	25	230	204
12989	9	5	1	26	74	204
12990	9	5	2	27	25	204
12991	9	5	3	34	116	204
12992	9	5	4	35	210	204
12993	9	5	5	36	105	205
12994	9	5	6	37	35	205
12995	9	5	7	38	146	206
12996	9	5	8	39	220	207
12997	9	5	9	40	220	208
12998	9	5	10	41	208	208
12999	9	5	11	43	28	209
13000	9	5	12	42	232	210
13001	9	5	13	44	206	211
13002	9	5	14	45	240	212
13003	9	5	15	46	120	212
13004	9	5	16	47	40	213
13005	9	5	17	48	20	214
13006	9	5	18	49	178	214
13007	9	5	19	50	178	216
13008	9	5	20	51	201	216
13009	9	5	21	52	201	217
13010	9	5	22	53	162	217
13011	9	5	23	54	162	219
13012	9	5	24	55	54	219
13013	9	5	25	56	27	220
13014	9	5	26	57	9	221
13015	9	5	27	58	133	221
13016	9	5	28	59	130	222
13017	9	5	29	61	211	223
13018	9	5	30	60	132	224
13019	9	5	31	62	193	225
13020	9	5	32	63	75	225
13021	9	5	33	64	75	226
13022	9	6	0	28	154	204
13023	9	6	1	29	136	204
13024	9	6	2	30	246	204
13025	9	6	3	32	147	204
13026	9	6	4	7	97	205
13027	9	6	5	35	42	205
13028	9	6	6	36	21	206
13029	9	6	7	37	7	206
13030	9	6	8	38	132	207
13031	9	6	9	39	44	208
13032	9	6	10	40	44	209
13033	9	6	11	41	93	209
13034	9	6	12	43	6	210
13035	9	6	13	42	81	211
13036	9	6	14	44	144	212
13037	9	6	15	45	48	213
13038	9	6	16	46	24	213
13039	9	6	17	47	8	214
13040	9	6	18	48	4	215
13041	9	6	19	49	87	215
13042	9	6	20	50	87	217
13043	9	6	21	51	143	217
13044	9	6	22	52	143	218
13045	9	6	23	53	238	218
13046	9	6	24	54	238	220
13047	9	6	25	55	165	220
13048	9	6	26	56	211	221
13049	9	6	27	57	156	222
13050	9	6	28	58	78	222
13051	9	6	29	59	26	223
13052	9	6	30	61	81	224
13053	9	6	31	60	171	225
13054	9	6	32	62	90	226
13055	9	7	0	31	252	204
13056	9	7	1	33	69	204
13057	9	7	2	8	243	205
13058	9	7	3	9	205	205
13059	9	7	4	10	161	205
13060	9	7	5	34	128	205
13061	9	7	6	35	214	206
13062	9	7	7	36	107	207
13063	9	7	8	37	207	207
13064	9	7	9	38	232	208
13065	9	7	10	39	163	209
13066	9	7	11	40	163	210
13067	9	7	12	41	70	210
13068	9	7	13	43	248	211
13069	9	7	14	42	224	212
13070	9	7	15	44	183	213
13071	9	7	16	45	61	214
13072	9	7	17	46	159	214
13073	9	7	18	47	53	215
13074	9	7	19	48	155	216
13075	9	7	20	49	223	216
13076	9	7	21	50	223	218
13077	9	7	22	51	80	218
13078	9	7	23	52	80	219
13079	9	7	24	53	99	219
13080	9	7	25	54	99	221
13081	9	7	26	55	33	221
13082	9	7	27	56	145	222
13083	9	7	28	57	134	223
13084	9	7	29	58	67	223
13085	9	7	30	59	108	224
13086	9	7	31	61	209	225
13087	9	8	0	11	174	205
13088	9	8	1	12	236	205
13089	9	8	2	13	194	205
13090	9	8	3	14	31	205
13091	9	8	4	32	205	205
13092	9	8	5	33	77	205
13093	9	8	6	34	77	206
13094	9	8	7	35	197	207
13095	9	8	8	36	227	208
13096	9	8	9	37	247	208
13097	9	8	10	38	252	209
13098	9	8	11	39	84	210
13099	9	8	12	40	84	211
13100	9	8	13	41	14	211
13101	9	8	14	43	27	212
13102	9	8	15	42	21	213
13103	9	8	16	44	88	214
13104	9	8	17	45	115	215
13105	9	8	18	46	186	215
13106	9	8	19	47	62	216
13107	9	8	20	48	31	217
13108	9	8	21	49	96	217
13109	9	8	22	50	96	219
13110	9	8	23	51	16	219
13111	9	8	24	52	16	220
13112	9	8	25	53	174	220
13113	9	8	26	54	174	222
13114	9	8	27	55	58	222
13115	9	8	28	56	29	223
13116	9	8	29	57	181	224
13117	9	8	30	58	219	224
13118	9	9	0	15	240	205
13119	9	9	1	16	7	205
13120	9	9	2	17	220	205
13121	9	9	3	18	36	205
13122	9	9	4	30	130	205
13123	9	9	5	32	41	206
13124	9	9	6	33	221	206
13125	9	9	7	34	221	207
13126	9	9	8	35	245	208
13127	9	9	9	36	251	209
13128	9	9	10	37	255	209
13129	9	9	11	38	256	210
13130	9	9	12	39	171	211
13131	9	9	13	40	171	212
13132	9	9	14	41	157	212
13133	9	9	15	43	42	213
13134	9	9	16	42	201	214
13135	9	9	17	44	69	215
13136	9	9	18	45	23	216
13137	9	9	19	46	140	216
13138	9	9	20	47	218	217
13139	9	9	21	48	109	218
13140	9	9	22	49	122	218
13141	9	9	23	50	122	220
13142	9	9	24	51	106	220
13143	9	9	25	52	106	221
13144	9	9	26	53	189	221
13145	9	9	27	54	189	223
13146	9	9	28	55	63	223
13147	9	9	29	56	160	224
13148	9	10	0	19	82	205
13149	9	10	1	20	137	205
13150	9	10	2	21	146	205
13151	9	10	3	22	23	205
13152	9	10	4	31	84	205
13153	9	10	5	30	203	206
13154	9	10	6	32	111	207
13155	9	10	7	33	147	207
13156	9	10	8	34	147	208
13157	9	10	9	35	49	209
13158	9	10	10	36	153	210
13159	9	10	11	37	51	210
13160	9	10	12	38	154	211
13161	9	10	13	39	137	212
13162	9	10	14	40	137	213
13163	9	10	15	41	237	213
13164	9	10	16	43	26	214
13165	9	10	17	42	149	215
13166	9	10	18	44	168	216
13167	9	10	19	45	56	217
13168	9	10	20	46	28	217
13169	9	10	21	47	95	218
13170	9	10	22	48	176	219
13171	9	10	23	49	230	219
13172	9	10	24	50	230	221
13173	9	10	25	51	124	221
13174	9	10	26	52	124	222
13175	9	10	27	53	192	222
13176	9	10	28	54	192	224
13177	9	11	0	23	1	205
13178	9	11	1	24	1	205
13179	9	11	2	25	208	205
13180	9	11	3	28	194	205
13181	9	11	4	29	236	205
13182	9	11	5	31	25	206
13183	9	11	6	30	105	207
13184	9	11	7	32	125	208
13185	9	11	8	33	235	208
13186	9	11	9	34	235	209
13187	9	11	10	35	164	210
13188	9	11	11	36	82	211
13189	9	11	12	37	113	211
13190	9	11	13	38	185	212
13191	9	11	14	39	233	213
13192	9	11	15	40	233	214
13193	9	11	16	41	253	214
13194	9	11	17	43	19	215
13195	9	11	18	42	72	216
13196	9	11	19	44	85	217
13197	9	11	20	45	114	218
13198	9	11	21	46	57	218
13199	9	11	22	47	19	219
13200	9	11	23	48	138	220
13201	9	11	24	49	46	220
13202	9	11	25	50	46	222
13203	9	11	26	51	179	222
13204	9	11	27	52	179	223
13205	9	12	0	26	226	205
13206	9	12	1	27	54	205
13207	9	12	2	6	146	206
13208	9	12	3	7	59	206
13209	9	12	4	8	171	206
13210	9	12	5	29	150	206
13211	9	12	6	31	130	207
13212	9	12	7	30	70	208
13213	9	12	8	32	25	209
13214	9	12	9	33	47	209
13215	9	12	10	34	47	210
13216	9	12	11	35	187	211
13217	9	12	12	36	222	212
13218	9	12	13	37	74	212
13219	9	12	14	38	37	213
13220	9	12	15	39	98	214
13221	9	12	16	40	98	215
13222	9	12	17	41	102	215
13223	9	12	18	43	243	216
13224	9	12	19	42	234	217
13225	9	12	20	44	17	218
13226	9	12	21	45	177	219
13227	9	12	22	46	217	219
13228	9	12	23	47	158	220
13229	9	12	24	48	79	221
13230	9	12	25	49	112	221
13231	9	12	26	50	112	223
13232	9	13	0	9	191	206
13233	9	13	1	10	76	206
13234	9	13	2	11	204	206
13235	9	13	3	12	189	206
13236	9	13	4	27	180	206
13237	9	13	5	28	90	206
13238	9	13	6	29	30	207
13239	9	13	7	31	51	208
13240	9	13	8	30	118	209
13241	9	13	9	32	5	210
13242	9	13	10	33	215	210
13243	9	13	11	34	215	211
13244	9	13	12	35	243	212
13245	9	13	13	36	250	213
13246	9	13	14	37	169	213
13247	9	13	15	38	213	214
13248	9	13	16	39	71	215
13249	9	13	17	40	71	216
13250	9	13	18	41	226	216
13251	9	13	19	43	117	217
13252	9	13	20	42	40	218
13253	9	13	21	44	209	219
13254	9	13	22	45	241	220
13255	9	13	23	46	249	220
13256	9	13	24	47	83	221
13257	9	13	25	48	170	222
13258	9	14	0	13	182	206
13259	9	14	1	14	21	206
13260	9	14	2	15	109	206
13261	9	14	3	16	235	206
13262	9	14	4	26	108	206
13263	9	14	5	27	36	207
13264	9	14	6	28	18	207
13265	9	14	7	29	6	208
13266	9	14	8	31	118	209
13267	9	14	9	30	74	210
13268	9	14	10	32	1	211
13269	9	14	11	33	43	211
13270	9	14	12	34	43	212
13271	9	14	13	35	100	213
13272	9	14	14	36	50	214
13273	9	14	15	37	188	214
13274	9	14	16	38	94	215
13275	9	14	17	39	117	216
13276	9	14	18	40	117	217
13277	9	14	19	41	148	217
13278	9	14	20	43	181	218
13279	9	14	21	42	30	219
13280	9	14	22	44	196	220
13281	9	14	23	45	151	221
13282	9	14	24	46	204	221
13283	9	15	0	17	235	206
13284	9	15	1	18	60	206
13285	9	15	2	19	22	206
13286	9	15	3	24	181	206
13287	9	15	4	25	146	206
13288	9	15	5	26	73	207
13289	9	15	6	27	110	208
13290	9	15	7	28	55	208
13291	9	15	8	29	104	209
13292	9	15	9	31	76	210
13293	9	15	10	30	89	211
13294	9	15	11	32	103	212
13295	9	15	12	33	60	212
13296	9	15	13	34	60	213
13297	9	15	14	35	20	214
13298	9	15	15	36	10	215
13299	9	15	16	37	89	215
13300	9	15	17	38	173	216
13301	9	15	18	39	229	217
13302	9	15	19	40	229	218
13303	9	15	20	41	81	218
13304	9	15	21	43	78	219
13305	9	15	22	42	70	220
13306	9	15	23	44	142	221
13307	9	16	0	20	85	206
13308	9	16	1	21	31	206
13309	9	16	2	22	204	206
13310	9	16	3	23	198	206
13311	9	16	4	24	139	207
13312	9	16	5	25	132	207
13313	9	16	6	26	66	208
13314	9	16	7	27	22	209
13315	9	16	8	28	11	209
13316	9	16	9	29	175	210
13317	9	16	10	31	221	211
13318	9	16	11	30	93	212
13319	9	16	12	32	72	213
13320	9	16	13	33	12	213
13321	9	16	14	34	12	214
13322	9	16	15	35	4	215
13323	9	16	16	36	2	216
13324	9	16	17	37	172	216
13325	9	16	18	38	86	217
13326	9	16	19	39	200	218
13327	9	16	20	40	200	219
13328	9	16	21	41	119	219
13329	9	16	22	43	209	220
13330	9	17	0	5	46	207
13331	9	17	1	6	229	207
13332	9	17	2	7	174	207
13333	9	17	3	8	229	207
13334	9	17	4	9	127	207
13335	9	17	5	24	182	208
13336	9	17	6	25	232	208
13337	9	17	7	26	116	209
13338	9	17	8	27	210	210
13339	9	17	9	28	105	210
13340	9	17	10	29	35	211
13341	9	17	11	31	219	212
13342	9	17	12	30	135	213
13343	9	17	13	32	220	214
13344	9	17	14	33	208	214
13345	9	17	15	34	208	215
13346	9	17	16	35	155	216
13347	9	17	17	36	206	217
13348	9	17	18	37	240	217
13349	9	17	19	38	120	218
13350	9	17	20	39	40	219
13351	9	17	21	40	40	220
13352	9	18	0	10	73	207
13353	9	18	1	11	14	207
13354	9	18	2	12	251	207
13355	9	18	3	13	255	207
13356	9	18	4	22	167	207
13357	9	18	5	23	242	207
13358	9	18	6	24	242	209
13359	9	18	7	25	252	209
13360	9	18	8	26	126	210
13361	9	18	9	27	42	211
13362	9	18	10	28	21	211
13363	9	18	11	29	7	212
13364	9	18	12	31	161	213
13365	9	18	13	30	121	214
13366	9	18	14	32	44	215
13367	9	18	15	33	93	215
13368	9	18	16	34	93	216
13369	9	18	17	35	31	217
13370	9	18	18	36	144	218
13371	9	18	19	37	48	218
13372	9	18	20	38	24	219
13373	9	19	0	14	28	207
13374	9	19	1	15	245	207
13375	9	19	2	16	115	207
13376	9	19	3	20	149	207
13377	9	19	4	21	239	207
13378	9	19	5	22	239	208
13379	9	19	6	23	254	208
13380	9	19	7	24	254	210
13381	9	19	8	25	256	210
13382	9	19	9	26	128	211
13383	9	19	10	27	214	212
13384	9	19	11	28	107	212
13385	9	19	12	29	207	213
13386	9	19	13	31	179	214
13387	9	19	14	30	225	215
13388	9	19	15	32	163	216
13389	9	19	16	33	70	216
13390	9	19	17	34	70	217
13391	9	19	18	35	109	218
13392	9	19	19	36	183	219
13393	9	20	0	17	131	207
13394	9	20	1	18	98	207
13395	9	20	2	19	110	207
13396	9	20	3	4	95	208
13397	9	20	4	20	184	208
13398	9	20	5	21	202	208
13399	9	20	6	22	202	209
13400	9	20	7	23	205	209
13401	9	20	8	24	205	211
13402	9	20	9	25	154	211
13403	9	20	10	26	77	212
13404	9	20	11	27	197	213
13405	9	20	12	28	227	213
13406	9	20	13	29	247	214
13407	9	20	14	31	96	215
13408	9	20	15	30	73	216
13409	9	20	16	32	84	217
13410	9	20	17	33	14	217
13411	9	20	18	34	14	218
13412	9	21	0	5	46	208
13413	9	21	1	6	218	208
13414	9	21	2	7	145	208
13415	9	21	3	8	143	208
13416	9	21	4	9	153	208
13417	9	21	5	20	191	209
13418	9	21	6	21	246	209
13419	9	21	7	22	246	210
13420	9	21	8	23	41	210
13421	9	21	9	24	41	212
13422	9	21	10	25	185	212
13423	9	21	11	26	221	213
13424	9	21	12	27	245	214
13425	9	21	13	28	251	214
13426	9	21	14	29	255	215
13427	9	21	15	31	206	216
13428	9	21	16	30	84	217
13429	9	21	17	32	171	218
13430	9	22	0	10	43	208
13431	9	22	1	11	254	208
13432	9	22	2	15	196	208
13433	9	22	3	17	225	208
13434	9	22	4	18	166	208
13435	9	22	5	19	141	208
13436	9	22	6	20	141	210
13437	9	22	7	21	152	210
13438	9	22	8	22	152	211
13439	9	22	9	23	111	211
13440	9	22	10	24	111	213
13441	9	22	11	25	37	213
13442	9	22	12	26	147	214
13443	9	22	13	27	49	215
13444	9	22	14	28	153	215
13445	9	22	15	29	51	216
13446	9	22	16	31	58	217
13447	9	23	0	12	192	208
13448	9	23	1	14	117	208
13449	9	23	2	16	28	208
13450	9	23	3	4	167	209
13451	9	23	4	5	231	209
13452	9	23	5	18	136	209
13453	9	23	6	19	131	209
13454	9	23	7	20	131	211
13455	9	23	8	21	236	211
13456	9	23	9	22	236	212
13457	9	23	10	23	125	212
13458	9	23	11	24	125	214
13459	9	23	12	25	213	214
13460	9	23	13	26	235	215
13461	9	23	14	27	164	216
13462	9	23	15	28	82	216
13463	9	24	0	13	148	208
13464	9	24	1	6	37	209
13465	9	24	2	7	17	209
13466	9	24	3	8	212	209
13467	9	24	4	15	21	209
13468	9	24	5	17	3	209
13469	9	24	6	18	130	210
13470	9	24	7	19	129	210
13471	9	24	8	20	129	212
13472	9	24	9	21	150	212
13473	9	24	10	22	150	213
13474	9	24	11	23	25	213
13475	9	24	12	24	25	215
13476	9	24	13	25	94	215
13477	9	24	14	26	47	216
13478	9	25	0	9	66	209
13479	9	25	1	10	27	209
13480	9	25	2	12	71	209
13481	9	25	3	14	238	209
13482	9	25	4	16	232	209
13483	9	25	5	3	165	210
13484	9	25	6	17	52	210
13485	9	25	7	18	26	211
13486	9	25	8	19	180	211
13487	9	25	9	20	180	213
13488	9	25	10	21	30	213
13489	9	25	11	22	30	214
13490	9	25	12	23	5	214
13491	9	25	13	24	5	216
13492	9	26	0	11	202	209
13493	9	26	1	13	107	209
13494	9	26	2	4	51	210
13495	9	26	3	5	65	210
13496	9	26	4	6	97	210
13497	9	26	5	15	11	210
13498	9	26	6	16	134	210
13499	9	26	7	17	216	211
13500	9	26	8	18	108	212
13501	9	26	9	19	36	212
13502	9	26	10	20	36	214
13503	9	26	11	21	6	214
13504	9	26	12	22	6	215
13505	9	27	0	7	109	210
13506	9	27	1	8	245	210
13507	9	27	2	9	135	210
13508	9	27	3	10	98	210
13509	9	27	4	12	217	210
13510	9	27	5	14	58	210
13511	9	27	6	15	105	211
13512	9	27	7	16	181	211
13513	9	27	8	17	146	212
13514	9	27	9	18	73	213
13515	9	27	10	19	110	213
13516	9	27	11	20	110	215
13517	9	28	0	11	108	210
13518	9	28	1	13	131	210
13519	9	28	2	3	213	211
13520	9	28	3	4	243	211
13521	9	28	4	5	40	211
13522	9	28	5	6	185	211
13523	9	28	6	14	63	211
13524	9	28	7	15	21	212
13525	9	28	8	16	139	212
13526	9	28	9	17	132	213
13527	9	28	10	18	66	214
13528	9	29	0	7	71	211
13529	9	29	1	8	103	211
13530	9	29	2	9	62	211
13531	9	29	3	10	144	211
13532	9	29	4	12	172	211
13533	9	29	5	2	254	212
13534	9	29	6	3	149	212
13535	9	29	7	14	64	212
13536	9	29	8	15	107	213
13537	9	29	9	16	182	213
13538	9	30	0	11	101	211
13539	9	30	1	13	182	211
13540	9	30	2	4	79	212
13541	9	30	3	5	212	212
13542	9	30	4	6	250	212
13543	9	30	5	7	236	212
13544	9	30	6	12	22	212
13545	9	30	7	2	240	213
13546	9	30	8	14	167	213
13547	9	31	0	8	108	212
13548	9	31	1	9	241	212
13549	9	31	2	10	159	212
13550	9	31	3	13	157	212
13551	9	31	4	3	190	213
13552	9	31	5	4	38	213
13553	9	31	6	5	198	213
13554	9	31	7	12	231	213
13555	9	32	0	11	54	212
13556	9	32	1	6	91	213
13557	9	32	2	7	158	213
13558	9	32	3	8	47	213
13559	9	32	4	10	12	213
13560	9	32	5	13	14	213
13561	9	32	6	1	201	214
13562	9	33	0	9	37	213
13563	9	33	1	11	159	213
13564	9	33	2	2	57	214
13565	9	33	3	3	50	214
13566	9	33	4	4	199	214
13567	9	33	5	5	53	214
13568	9	34	0	6	58	214
13569	9	34	1	7	141	214
13570	9	34	2	8	130	214
13571	9	34	3	9	240	214
13572	9	34	4	10	28	214
13573	9	35	0	11	167	214
13574	9	35	1	12	140	214
13575	9	35	2	13	115	214
13576	9	35	3	14	119	214
13577	9	36	0	15	79	214
13578	9	36	1	16	130	214
13579	9	36	2	17	241	214
13580	9	37	0	19	156	214
13581	9	37	1	1	195	215
13582	9	38	0	2	202	215
13583	10	0	0	75	10	230
13584	10	0	1	76	5	230
13585	10	0	2	77	173	231
13586	10	0	3	78	215	232
13587	10	0	4	79	243	232
13588	10	0	5	80	243	234
13589	10	0	6	81	169	234
13590	10	0	7	82	169	235
13591	10	0	8	83	71	235
13592	10	0	9	84	71	237
13593	10	0	10	85	195	237
13594	10	0	11	86	226	238
13595	10	0	12	87	161	239
13596	10	0	13	88	209	239
13597	10	0	14	89	241	240
13598	10	0	15	91	1	241
13599	10	0	16	90	43	242
13600	10	0	17	92	83	243
13601	10	0	18	93	228	243
13602	10	0	19	94	228	244
13603	10	0	20	95	76	245
13604	10	0	21	96	38	246
13605	10	0	22	97	184	246
13606	10	0	23	98	92	247
13607	10	0	24	99	202	248
13608	10	0	25	100	202	249
13609	10	0	26	101	205	249
13610	10	0	27	103	167	250
13611	10	0	28	102	104	251
13612	10	0	29	104	77	252
13613	10	0	30	105	197	253
13614	10	0	31	106	227	253
13615	10	0	32	107	247	254
13616	10	0	33	108	252	255
13617	10	0	34	109	84	255
13618	10	0	35	110	84	257
13619	10	0	36	111	14	257
13620	10	0	37	112	14	258
13621	10	0	38	113	88	258
13622	10	0	39	114	88	260
13623	10	0	40	115	115	260
13624	10	0	41	116	186	261
13625	10	0	42	117	62	262
13626	10	0	43	118	31	262
13627	10	1	0	72	244	229
13628	10	1	1	74	194	230
13629	10	1	2	75	236	231
13630	10	1	3	76	118	231
13631	10	1	4	77	125	232
13632	10	1	5	78	191	233
13633	10	1	6	79	235	233
13634	10	1	7	80	235	235
13635	10	1	8	81	82	235
13636	10	1	9	82	82	236
13637	10	1	10	83	185	236
13638	10	1	11	84	185	238
13639	10	1	12	85	233	238
13640	10	1	13	86	245	239
13641	10	1	14	87	253	240
13642	10	1	15	88	255	240
13643	10	1	16	89	85	241
13644	10	1	17	91	188	242
13645	10	1	18	90	249	243
13646	10	1	19	92	57	244
13647	10	1	20	93	138	244
13648	10	1	21	94	138	245
13649	10	1	22	95	46	246
13650	10	1	23	96	23	247
13651	10	1	24	97	179	247
13652	10	1	25	98	218	248
13653	10	1	26	99	244	249
13654	10	1	27	100	244	250
13655	10	1	28	101	212	250
13656	10	1	29	103	235	251
13657	10	1	30	102	138	252
13658	10	1	31	104	121	253
13659	10	1	32	105	126	254
13660	10	1	33	106	63	254
13661	10	1	34	107	21	255
13662	10	1	35	108	139	256
13663	10	1	36	109	132	256
13664	10	1	37	110	132	258
13665	10	1	38	111	22	258
13666	10	1	39	112	22	259
13667	10	1	40	113	175	259
13668	10	1	41	114	175	261
13669	10	1	42	115	144	261
13670	10	2	0	71	177	228
13671	10	2	1	73	129	229
13672	10	2	2	72	94	230
13673	10	2	3	74	158	231
13674	10	2	4	75	224	232
13675	10	2	5	76	112	232
13676	10	2	6	77	123	233
13677	10	2	7	78	190	234
13678	10	2	8	79	149	234
13679	10	2	9	80	149	236
13680	10	2	10	81	239	236
13681	10	2	11	82	239	237
13682	10	2	12	83	254	237
13683	10	2	13	84	254	239
13684	10	2	14	85	256	239
13685	10	2	15	86	128	240
13686	10	2	16	87	214	241
13687	10	2	17	88	107	241
13688	10	2	18	89	207	242
13689	10	2	19	91	216	243
13690	10	2	20	90	240	244
13691	10	2	21	92	163	245
13692	10	2	22	93	70	245
13693	10	2	23	94	70	246
13694	10	2	24	95	109	247
13695	10	2	25	96	183	248
13696	10	2	26	97	61	248
13697	10	2	27	98	159	249
13698	10	2	28	99	53	250
13699	10	2	29	100	53	251
13700	10	2	30	101	223	251
13701	10	2	31	103	1	252
13702	10	2	32	102	150	253
13703	10	2	33	104	80	254
13704	10	2	34	105	198	255
13705	10	2	35	106	99	255
13706	10	2	36	107	33	256
13707	10	2	37	108	145	257
13708	10	2	38	109	134	257
13709	10	2	39	110	134	259
13710	10	2	40	111	108	259
13711	10	2	41	112	108	260
13712	10	3	0	69	237	228
13713	10	3	1	70	237	229
13714	10	3	2	71	168	229
13715	10	3	3	73	217	230
13716	10	3	4	72	169	231
13717	10	3	5	74	28	232
13718	10	3	6	75	95	233
13719	10	3	7	76	176	233
13720	10	3	8	77	230	234
13721	10	3	9	78	115	235
13722	10	3	10	79	124	235
13723	10	3	11	80	124	237
13724	10	3	12	81	192	237
13725	10	3	13	82	192	238
13726	10	3	14	83	32	238
13727	10	3	15	84	32	240
13728	10	3	16	85	182	240
13729	10	3	17	86	91	241
13730	10	3	18	87	116	242
13731	10	3	19	88	58	242
13732	10	3	20	89	105	243
13733	10	3	21	91	73	244
13734	10	3	22	90	47	245
13735	10	3	23	92	146	246
13736	10	3	24	93	110	246
13737	10	3	25	94	110	247
13738	10	3	26	95	208	248
13739	10	3	27	96	104	249
13740	10	3	28	97	206	249
13741	10	3	29	98	103	250
13742	10	3	30	99	120	251
13743	10	3	31	100	120	252
13744	10	3	32	101	20	252
13745	10	3	33	103	26	253
13746	10	3	34	102	149	254
13747	10	3	35	104	89	255
13748	10	3	36	105	201	256
13749	10	3	37	106	229	256
13750	10	3	38	107	162	257
13751	10	3	39	108	81	258
13752	10	3	40	109	27	258
13753	10	4	0	67	252	227
13754	10	4	1	68	126	228
13755	10	4	2	69	42	229
13756	10	4	3	70	42	230
13757	10	4	4	71	7	230
13758	10	4	5	73	54	231
13759	10	4	6	72	99	232
13760	10	4	7	74	44	233
13761	10	4	8	75	186	234
13762	10	4	9	76	93	234
13763	10	4	10	77	31	235
13764	10	4	11	78	144	236
13765	10	4	12	79	48	236
13766	10	4	13	80	48	238
13767	10	4	14	81	8	238
13768	10	4	15	82	8	239
13769	10	4	16	83	87	239
13770	10	4	17	84	87	241
13771	10	4	18	85	29	241
13772	10	4	19	86	143	242
13773	10	4	20	87	219	243
13774	10	4	21	88	238	243
13775	10	4	22	89	165	244
13776	10	4	23	91	252	245
13777	10	4	24	90	8	246
13778	10	4	25	92	156	247
13779	10	4	26	93	26	247
13780	10	4	27	94	26	248
13781	10	4	28	95	180	249
13782	10	4	29	96	90	250
13783	10	4	30	97	30	250
13784	10	4	31	98	15	251
13785	10	4	32	99	5	252
13786	10	4	33	100	5	253
13787	10	4	34	101	215	253
13788	10	4	35	103	74	254
13789	10	4	36	102	128	255
13790	10	4	37	104	250	256
13791	10	4	38	105	169	257
13792	10	4	39	106	213	257
13793	10	5	0	65	63	227
13794	10	5	1	66	160	228
13795	10	5	2	67	139	228
13796	10	5	3	68	198	229
13797	10	5	4	69	66	230
13798	10	5	5	70	66	231
13799	10	5	6	71	11	231
13800	10	5	7	73	1	232
13801	10	5	8	72	194	233
13802	10	5	9	74	216	234
13803	10	5	10	75	72	235
13804	10	5	11	76	36	235
13805	10	5	12	77	12	236
13806	10	5	13	78	6	237
13807	10	5	14	79	2	237
13808	10	5	15	80	2	239
13809	10	5	16	81	86	239
13810	10	5	17	82	86	240
13811	10	5	18	83	100	240
13812	10	5	19	84	100	242
13813	10	5	20	85	119	242
13814	10	5	21	86	188	243
13815	10	5	22	87	234	244
13816	10	5	23	88	117	244
13817	10	5	24	89	39	245
13818	10	5	25	91	82	246
13819	10	5	26	90	221	247
13820	10	5	27	92	135	248
13821	10	5	28	93	151	248
13822	10	5	29	94	151	249
13823	10	5	30	95	136	250
13824	10	5	31	96	68	251
13825	10	5	32	97	194	251
13826	10	5	33	98	97	252
13827	10	5	34	99	118	253
13828	10	5	35	100	118	254
13829	10	5	36	101	191	254
13830	10	5	37	103	32	255
13831	10	5	38	102	154	256
13832	10	6	0	63	40	226
13833	10	6	1	64	40	227
13834	10	6	2	65	99	228
13835	10	6	3	66	178	229
13836	10	6	4	67	145	229
13837	10	6	5	68	201	230
13838	10	6	6	69	67	231
13839	10	6	7	70	67	232
13840	10	6	8	71	54	232
13841	10	6	9	73	174	233
13842	10	6	10	72	139	234
13843	10	6	11	74	9	235
13844	10	6	12	75	3	236
13845	10	6	13	76	130	236
13846	10	6	14	77	129	237
13847	10	6	15	78	193	238
13848	10	6	16	79	150	238
13849	10	6	17	80	150	240
13850	10	6	18	81	25	240
13851	10	6	19	82	25	241
13852	10	6	20	83	47	241
13853	10	6	21	84	47	243
13854	10	6	22	85	187	243
13855	10	6	23	86	222	244
13856	10	6	24	87	74	245
13857	10	6	25	88	37	245
13858	10	6	26	89	98	246
13859	10	6	27	91	76	247
13860	10	6	28	90	139	248
13861	10	6	29	92	102	249
13862	10	6	30	93	17	249
13863	10	6	31	94	17	250
13864	10	6	32	95	177	251
13865	10	6	33	96	217	252
13866	10	6	34	97	158	252
13867	10	6	35	98	79	253
13868	10	6	36	99	112	254
13869	10	6	37	100	112	255
13870	10	7	0	60	151	226
13871	10	7	1	62	10	227
13872	10	7	2	63	173	227
13873	10	7	3	64	173	228
13874	10	7	4	65	229	229
13875	10	7	5	66	243	230
13876	10	7	6	67	81	230
13877	10	7	7	68	169	231
13878	10	7	8	69	142	232
13879	10	7	9	70	142	233
13880	10	7	10	71	195	233
13881	10	7	11	73	172	234
13882	10	7	12	72	67	235
13883	10	7	13	74	161	236
13884	10	7	14	75	225	237
13885	10	7	15	76	241	237
13886	10	7	16	77	166	238
13887	10	7	17	78	83	239
13888	10	7	18	79	199	239
13889	10	7	19	80	199	241
13890	10	7	20	81	76	241
13891	10	7	21	82	76	242
13892	10	7	22	83	184	242
13893	10	7	23	84	184	244
13894	10	7	24	85	147	244
13895	10	7	25	86	202	245
13896	10	7	26	87	153	246
13897	10	7	27	88	205	246
13898	10	7	28	89	154	247
13899	10	7	29	91	157	248
13900	10	7	30	90	216	249
13901	10	7	31	92	197	250
13902	10	7	32	93	247	250
13903	10	7	33	94	247	251
13904	10	7	34	95	168	252
13905	10	7	35	96	84	253
13906	10	7	36	97	28	253
13907	10	8	0	59	131	225
13908	10	8	1	61	82	226
13909	10	8	2	60	231	227
13910	10	8	3	62	236	228
13911	10	8	4	63	125	228
13912	10	8	5	64	125	229
13913	10	8	6	65	213	230
13914	10	8	7	66	235	231
13915	10	8	8	67	164	231
13916	10	8	9	68	82	232
13917	10	8	10	69	113	233
13918	10	8	11	70	113	234
13919	10	8	12	71	233	234
13920	10	8	13	73	6	235
13921	10	8	14	72	241	236
13922	10	8	15	74	253	237
13923	10	8	16	75	170	238
13924	10	8	17	76	85	238
13925	10	8	18	77	114	239
13926	10	8	19	78	57	240
13927	10	8	20	79	19	240
13928	10	8	21	80	19	242
13929	10	8	22	81	46	242
13930	10	8	23	82	46	243
13931	10	8	24	83	179	243
13932	10	8	25	84	179	245
13933	10	8	26	85	231	245
13934	10	8	27	86	244	246
13935	10	8	28	87	167	247
13936	10	8	29	88	212	247
13937	10	8	30	89	242	248
13938	10	8	31	91	54	249
13939	10	8	32	90	35	250
13940	10	8	33	92	126	251
13941	10	8	34	93	21	251
13942	10	8	35	94	21	252
13943	10	9	0	57	97	225
13944	10	9	1	58	177	225
13945	10	9	2	59	59	226
13946	10	9	3	61	133	227
13947	10	9	4	60	90	228
13948	10	9	5	62	224	229
13949	10	9	6	63	123	229
13950	10	9	7	64	123	230
13951	10	9	8	65	41	231
13952	10	9	9	66	149	232
13953	10	9	10	67	221	232
13954	10	9	11	68	239	233
13955	10	9	12	69	251	234
13956	10	9	13	70	251	235
13957	10	9	14	71	256	235
13958	10	9	15	73	234	236
13959	10	9	16	72	203	237
13960	10	9	17	74	214	238
13961	10	9	18	75	157	239
13962	10	9	19	76	207	239
13963	10	9	20	77	69	240
13964	10	9	21	78	163	241
13965	10	9	22	79	140	241
13966	10	9	23	80	140	243
13967	10	9	24	81	109	243
13968	10	9	25	82	109	244
13969	10	9	26	83	61	244
13970	10	9	27	84	61	246
13971	10	9	28	85	106	246
13972	10	9	29	86	53	247
13973	10	9	30	87	189	248
13974	10	9	31	88	223	248
13975	10	9	32	89	160	249
13976	10	9	33	91	60	250
13977	10	9	34	90	243	251
13978	10	10	0	55	217	224
13979	10	10	1	56	237	225
13980	10	10	2	57	79	226
13981	10	10	3	58	168	226
13982	10	10	4	59	56	227
13983	10	10	5	61	226	228
13984	10	10	6	60	97	229
13985	10	10	7	62	95	230
13986	10	10	8	63	230	230
13987	10	10	9	64	230	231
13988	10	10	10	65	248	232
13989	10	10	11	66	124	233
13990	10	10	12	67	127	233
13991	10	10	13	68	192	234
13992	10	10	14	69	64	235
13993	10	10	15	70	64	236
13994	10	10	16	71	182	236
13995	10	10	17	73	65	237
13996	10	10	18	72	35	238
13997	10	10	19	74	116	239
13998	10	10	20	75	210	240
13999	10	10	21	76	105	240
14000	10	10	22	77	35	241
14001	10	10	23	78	146	242
14002	10	10	24	79	220	242
14003	10	10	25	80	220	244
14004	10	10	26	81	208	244
14005	10	10	27	82	208	245
14006	10	10	28	83	206	245
14007	10	10	29	84	206	247
14008	10	10	30	85	240	247
14009	10	10	31	86	120	248
14010	10	10	32	87	40	249
14011	10	10	33	88	20	249
14012	10	11	0	53	252	223
14013	10	11	1	54	252	225
14014	10	11	2	55	84	225
14015	10	11	3	56	42	226
14016	10	11	4	57	14	227
14017	10	11	5	58	7	227
14018	10	11	6	59	88	228
14019	10	11	7	61	235	229
14020	10	11	8	60	230	230
14021	10	11	9	62	186	231
14022	10	11	10	63	31	231
14023	10	11	11	64	31	232
14024	10	11	12	65	96	233
14025	10	11	13	66	48	234
14026	10	11	14	67	16	234
14027	10	11	15	68	8	235
14028	10	11	16	69	174	236
14029	10	11	17	70	174	237
14030	10	11	18	71	29	237
14031	10	11	19	73	88	238
14032	10	11	20	72	252	239
14033	10	11	21	74	219	240
14034	10	11	22	75	73	241
14035	10	11	23	76	165	241
14036	10	11	24	77	55	242
14037	10	11	25	78	156	243
14038	10	11	26	79	52	243
14039	10	11	27	80	52	245
14040	10	11	28	81	180	245
14041	10	11	29	82	180	246
14042	10	11	30	83	30	246
14043	10	11	31	84	30	248
14044	10	11	32	85	10	248
14045	10	12	0	51	63	223
14046	10	12	1	52	63	224
14047	10	12	2	53	139	224
14048	10	12	3	54	139	226
14049	10	12	4	55	132	226
14050	10	12	5	56	66	227
14051	10	12	6	57	22	228
14052	10	12	7	58	11	228
14053	10	12	8	59	175	229
14054	10	12	9	61	170	230
14055	10	12	10	60	198	231
14056	10	12	11	62	72	232
14057	10	12	12	63	12	232
14058	10	12	13	64	12	233
14059	10	12	14	65	4	234
14060	10	12	15	66	2	235
14061	10	12	16	67	172	235
14062	10	12	17	68	86	236
14063	10	12	18	69	200	237
14064	10	12	19	70	200	238
14065	10	12	20	71	119	238
14066	10	12	21	73	179	239
14067	10	12	22	72	100	240
14068	10	12	23	74	234	241
14069	10	12	24	75	78	242
14070	10	12	25	76	39	242
14071	10	12	26	77	13	243
14072	10	12	27	78	135	244
14073	10	12	28	79	45	244
14074	10	12	29	80	45	246
14075	10	12	30	81	136	246
14076	10	12	31	82	136	247
14077	10	13	0	49	80	222
14078	10	13	1	50	80	224
14079	10	13	2	51	99	224
14080	10	13	3	52	99	225
14081	10	13	4	53	145	225
14082	10	13	5	54	145	227
14083	10	13	6	55	134	227
14084	10	13	7	56	67	228
14085	10	13	8	57	108	229
14086	10	13	9	58	54	229
14087	10	13	10	59	18	230
14088	10	13	11	61	190	231
14089	10	13	12	60	43	232
14090	10	13	13	62	3	233
14091	10	13	14	63	129	233
14092	10	13	15	64	129	234
14093	10	13	16	65	43	235
14094	10	13	17	66	150	236
14095	10	13	18	67	50	236
14096	10	13	19	68	25	237
14097	10	13	20	69	94	238
14098	10	13	21	70	94	239
14099	10	13	22	71	187	239
14100	10	13	23	73	104	240
14101	10	13	24	72	119	241
14102	10	13	25	74	74	242
14103	10	13	26	75	196	243
14104	10	13	27	76	98	243
14105	10	13	28	77	204	244
14106	10	13	29	78	102	245
14107	10	13	30	79	34	245
14108	10	14	0	47	20	222
14109	10	14	1	48	10	223
14110	10	14	2	49	89	223
14111	10	14	3	50	89	225
14112	10	14	4	51	229	225
14113	10	14	5	52	229	226
14114	10	14	6	53	81	226
14115	10	14	7	54	81	228
14116	10	14	8	55	27	228
14117	10	14	9	56	142	229
14118	10	14	10	57	133	230
14119	10	14	11	58	195	230
14120	10	14	12	59	65	231
14121	10	14	13	61	20	232
14122	10	14	14	60	104	233
14123	10	14	15	62	225	234
14124	10	14	16	63	166	234
14125	10	14	17	64	166	235
14126	10	14	18	65	141	236
14127	10	14	19	66	199	237
14128	10	14	20	67	152	237
14129	10	14	21	68	76	238
14130	10	14	22	69	111	239
14131	10	14	23	70	111	240
14132	10	14	24	71	147	240
14133	10	14	25	73	231	241
14134	10	14	26	72	183	242
14135	10	14	27	74	153	243
14136	10	14	28	75	51	244
14137	10	14	29	76	154	244
14138	10	15	0	45	5	222
14139	10	15	1	46	131	222
14140	10	15	2	47	215	223
14141	10	15	3	48	236	224
14142	10	15	4	49	250	224
14143	10	15	5	50	250	226
14144	10	15	6	51	213	226
14145	10	15	7	52	213	227
14146	10	15	8	53	164	227
14147	10	15	9	54	164	229
14148	10	15	10	55	226	229
14149	10	15	11	56	113	230
14150	10	15	12	57	209	231
14151	10	15	13	58	233	231
14152	10	15	14	59	249	232
14153	10	15	15	61	29	233
14154	10	15	16	60	233	234
14155	10	15	17	62	170	235
14156	10	15	18	63	114	235
14157	10	15	19	64	114	236
14158	10	15	20	65	38	237
14159	10	15	21	66	19	238
14160	10	15	22	67	92	238
14161	10	15	23	68	46	239
14162	10	15	24	69	101	240
14163	10	15	25	70	101	241
14164	10	15	26	71	231	241
14165	10	15	27	73	144	242
14166	10	15	28	72	48	243
14167	10	16	0	42	203	221
14168	10	16	1	44	97	222
14169	10	16	2	45	118	223
14170	10	16	3	46	59	223
14171	10	16	4	47	191	224
14172	10	16	5	48	224	225
14173	10	16	6	49	246	225
14174	10	16	7	50	246	227
14175	10	16	8	51	41	227
14176	10	16	9	52	41	228
14177	10	16	10	53	221	228
14178	10	16	11	54	221	230
14179	10	16	12	55	245	230
14180	10	16	13	56	251	231
14181	10	16	14	57	255	232
14182	10	16	15	58	256	232
14183	10	16	16	59	171	233
14184	10	16	17	61	47	234
14185	10	16	18	60	249	235
14186	10	16	19	62	157	236
14187	10	16	20	63	69	236
14188	10	16	21	64	69	237
14189	10	16	22	65	23	238
14190	10	16	23	66	140	239
14191	10	16	24	67	218	239
14192	10	16	25	68	109	240
14193	10	16	26	69	122	241
14194	10	16	27	70	122	242
14195	10	17	0	41	217	220
14196	10	17	1	43	207	221
14197	10	17	2	42	91	222
14198	10	17	3	44	79	223
14199	10	17	4	45	112	224
14200	10	17	5	46	56	224
14201	10	17	6	47	190	225
14202	10	17	7	48	95	226
14203	10	17	8	49	203	226
14204	10	17	9	50	203	228
14205	10	17	10	51	248	228
14206	10	17	11	52	248	229
14207	10	17	12	53	127	229
14208	10	17	13	54	127	231
14209	10	17	14	55	128	231
14210	10	17	15	56	64	232
14211	10	17	16	57	107	233
14212	10	17	17	58	182	233
14213	10	17	18	59	232	234
14214	10	17	19	61	181	235
14215	10	17	20	60	100	236
14216	10	17	21	62	210	237
14217	10	17	22	63	35	237
14218	10	17	23	64	35	238
14219	10	17	24	65	183	239
14220	10	17	25	66	220	240
14221	10	17	26	67	159	240
14222	10	18	0	39	247	220
14223	10	18	1	40	247	221
14224	10	18	2	41	84	221
14225	10	18	3	43	2	222
14226	10	18	4	42	183	223
14227	10	18	5	44	14	224
14228	10	18	6	45	176	225
14229	10	18	7	46	88	225
14230	10	18	8	47	115	226
14231	10	18	9	48	186	227
14232	10	18	10	49	62	227
14233	10	18	11	50	62	229
14234	10	18	12	51	96	229
14235	10	18	13	52	96	230
14236	10	18	14	53	16	230
14237	10	18	15	54	16	232
14238	10	18	16	55	91	232
14239	10	18	17	56	174	233
14240	10	18	18	57	58	234
14241	10	18	19	58	29	234
14242	10	18	20	59	181	235
14243	10	18	21	61	243	236
14244	10	18	22	60	81	237
14245	10	18	23	62	73	238
14246	10	18	24	63	55	238
14247	10	18	25	64	55	239
14248	10	19	0	37	126	219
14249	10	19	1	38	63	220
14250	10	19	2	39	21	221
14251	10	19	3	40	21	222
14252	10	19	4	41	132	222
14253	10	19	5	43	135	223
14254	10	19	6	42	87	224
14255	10	19	7	44	22	225
14256	10	19	8	45	93	226
14257	10	19	9	46	175	226
14258	10	19	10	47	144	227
14259	10	19	11	48	72	228
14260	10	19	12	49	24	228
14261	10	19	13	50	24	230
14262	10	19	14	51	4	230
14263	10	19	15	52	4	231
14264	10	19	16	53	172	231
14265	10	19	17	54	172	233
14266	10	19	18	55	143	233
14267	10	19	19	56	200	234
14268	10	19	20	57	238	235
14269	10	19	21	58	119	235
14270	10	19	22	59	211	236
14271	10	19	23	61	65	237
14272	10	19	24	60	158	238
14273	10	20	0	35	160	219
14274	10	20	1	36	80	220
14275	10	20	2	37	198	220
14276	10	20	3	38	99	221
14277	10	20	4	39	33	222
14278	10	20	5	40	33	223
14279	10	20	6	41	134	223
14280	10	20	7	43	5	224
14281	10	20	8	42	241	225
14282	10	20	9	44	108	226
14283	10	20	10	45	36	227
14284	10	20	11	46	18	227
14285	10	20	12	47	6	228
14286	10	20	13	48	3	229
14287	10	20	14	49	1	229
14288	10	20	15	50	1	231
14289	10	20	16	51	43	231
14290	10	20	17	52	43	232
14291	10	20	18	53	50	232
14292	10	20	19	54	50	234
14293	10	20	20	55	188	234
14294	10	20	21	56	94	235
14295	10	20	22	57	117	236
14296	10	20	23	58	187	236
14297	10	21	0	33	20	218
14298	10	21	1	34	20	219
14299	10	21	2	35	178	220
14300	10	21	3	36	89	221
14301	10	21	4	37	201	221
14302	10	21	5	38	229	222
14303	10	21	6	39	162	223
14304	10	21	7	40	162	224
14305	10	21	8	41	27	224
14306	10	21	9	43	39	225
14307	10	21	10	42	244	226
14308	10	21	11	44	133	227
14309	10	21	12	45	130	228
14310	10	21	13	46	65	228
14311	10	21	14	47	193	229
14312	10	21	15	48	225	230
14313	10	21	16	49	75	230
14314	10	21	17	50	75	232
14315	10	21	18	51	141	232
14316	10	21	19	52	141	233
14317	10	21	20	53	152	233
14318	10	21	21	54	152	235
14319	10	21	22	55	222	235
14320	10	22	0	30	195	218
14321	10	22	1	32	5	219
14322	10	22	2	33	215	219
14323	10	22	3	34	215	220
14324	10	22	4	35	243	221
14325	10	22	5	36	250	222
14326	10	22	6	37	169	222
14327	10	22	7	38	213	223
14328	10	22	8	39	71	224
14329	10	22	9	40	71	225
14330	10	22	10	41	226	225
14331	10	22	11	43	84	226
14332	10	22	12	42	19	227
14333	10	22	13	44	209	228
14334	10	22	14	45	241	229
14335	10	22	15	46	249	229
14336	10	22	16	47	83	230
14337	10	22	17	48	170	231
14338	10	22	18	49	228	231
14339	10	22	19	50	228	233
14340	10	22	20	51	38	233
14341	10	22	21	52	38	234
14342	10	23	0	29	194	217
14343	10	23	1	31	153	218
14344	10	23	2	30	230	219
14345	10	23	3	32	118	220
14346	10	23	4	33	191	220
14347	10	23	5	34	191	221
14348	10	23	6	35	235	222
14349	10	23	7	36	246	223
14350	10	23	8	37	82	223
14351	10	23	9	38	41	224
14352	10	23	10	39	185	225
14353	10	23	11	40	185	226
14354	10	23	12	41	245	226
14355	10	23	13	43	110	227
14356	10	23	14	42	168	228
14357	10	23	15	44	255	229
14358	10	23	16	45	85	230
14359	10	23	17	46	171	230
14360	10	23	18	47	57	231
14361	10	23	19	48	157	232
14362	10	23	20	49	138	232
14363	10	24	0	27	177	217
14364	10	24	1	28	217	217
14365	10	24	2	29	158	218
14366	10	24	3	31	114	219
14367	10	24	4	30	219	220
14368	10	24	5	32	112	221
14369	10	24	6	33	190	221
14370	10	24	7	34	190	222
14371	10	24	8	35	149	223
14372	10	24	9	36	203	224
14373	10	24	10	37	239	224
14374	10	24	11	38	248	225
14375	10	24	12	39	254	226
14376	10	24	13	40	254	227
14377	10	24	14	41	128	227
14378	10	24	15	43	175	228
14379	10	24	16	42	73	229
14380	10	24	17	44	107	230
14381	10	24	18	45	207	231
14382	10	24	19	46	232	231
14383	10	25	0	25	237	216
14384	10	25	1	26	247	217
14385	10	25	2	27	168	218
14386	10	25	3	28	84	218
14387	10	25	4	29	28	219
14388	10	25	5	31	206	220
14389	10	25	6	30	16	221
14390	10	25	7	32	176	222
14391	10	25	8	33	115	222
14392	10	25	9	34	115	223
14393	10	25	10	35	124	224
14394	10	25	11	36	62	225
14395	10	25	12	37	192	225
14396	10	25	13	38	96	226
14397	10	25	14	39	32	227
14398	10	25	15	40	32	228
14399	10	25	16	41	91	228
14400	10	25	17	43	142	229
14401	10	25	18	42	104	230
14402	10	26	0	23	126	215
14403	10	26	1	24	126	217
14404	10	26	2	25	42	217
14405	10	26	3	26	21	218
14406	10	26	4	27	7	219
14407	10	26	5	28	132	219
14408	10	26	6	29	44	220
14409	10	26	7	31	25	221
14410	10	26	8	30	155	222
14411	10	26	9	32	93	223
14412	10	26	10	33	144	223
14413	10	26	11	34	144	224
14414	10	26	12	35	48	225
14415	10	26	13	36	24	226
14416	10	26	14	37	8	226
14417	10	26	15	38	4	227
14418	10	26	16	39	87	228
14419	10	26	17	40	87	229
14420	10	27	0	21	160	215
14421	10	27	1	22	160	216
14422	10	27	2	23	198	216
14423	10	27	3	24	198	218
14424	10	27	4	25	66	218
14425	10	27	5	26	33	219
14426	10	27	6	27	11	220
14427	10	27	7	28	134	220
14428	10	27	8	29	216	221
14429	10	27	9	31	215	222
14430	10	27	10	30	75	223
14431	10	27	11	32	36	224
14432	10	27	12	33	6	224
14433	10	27	13	34	6	225
14434	10	27	14	35	2	226
14435	10	27	15	36	1	227
14436	10	27	16	37	86	227
14437	10	28	0	3	122	215
14438	10	28	1	20	40	216
14439	10	28	2	21	178	216
14440	10	28	3	22	178	217
14441	10	28	4	23	201	217
14442	10	28	5	24	201	219
14443	10	28	6	25	67	219
14444	10	28	7	26	162	220
14445	10	28	8	27	54	221
14446	10	28	9	28	27	221
14447	10	28	10	29	9	222
14448	10	28	11	31	79	223
14449	10	28	12	30	47	224
14450	10	28	13	32	130	225
14451	10	28	14	33	193	225
14452	10	28	15	34	193	226
14453	10	29	0	4	202	215
14454	10	29	1	18	5	215
14455	10	29	2	19	173	215
14456	10	29	3	20	173	217
14457	10	29	4	21	243	217
14458	10	29	5	22	243	218
14459	10	29	6	23	169	218
14460	10	29	7	24	169	220
14461	10	29	8	25	142	220
14462	10	29	9	26	71	221
14463	10	29	10	27	195	222
14464	10	29	11	28	226	222
14465	10	29	12	29	161	223
14466	10	29	13	31	95	224
14467	10	29	14	30	19	225
14468	10	30	0	5	92	215
14469	10	30	1	6	247	215
14470	10	30	2	17	236	215
14471	10	30	3	18	118	216
14472	10	30	4	19	125	216
14473	10	30	5	20	125	218
14474	10	30	6	21	235	218
14475	10	30	7	22	235	219
14476	10	30	8	23	82	219
14477	10	30	9	24	82	221
14478	10	30	10	25	113	221
14479	10	30	11	26	185	222
14480	10	30	12	27	233	223
14481	10	30	13	28	245	223
14482	10	31	0	7	1	215
14483	10	31	1	8	169	215
14484	10	31	2	15	59	215
14485	10	31	3	16	158	215
14486	10	31	4	17	224	216
14487	10	31	5	18	112	217
14488	10	31	6	19	123	217
14489	10	31	7	20	123	219
14490	10	31	8	21	149	219
14491	10	31	9	22	149	220
14492	10	31	10	23	239	220
14493	10	31	11	24	239	222
14494	10	31	12	25	251	222
14495	10	32	0	9	88	215
14496	10	32	1	10	24	215
14497	10	32	2	14	89	215
14498	10	32	3	0	99	216
14499	10	32	4	15	56	216
14500	10	32	5	16	28	216
14501	10	32	6	17	95	217
14502	10	32	7	18	176	218
14503	10	32	8	19	230	218
14504	10	32	9	20	230	220
14505	10	32	10	21	124	220
14506	10	32	11	22	124	221
14507	10	33	0	11	65	215
14508	10	33	1	12	136	215
14509	10	33	2	1	140	216
14510	10	33	3	2	60	216
14511	10	33	4	3	27	216
14512	10	33	5	14	7	216
14513	10	33	6	15	88	217
14514	10	33	7	16	44	217
14515	10	33	8	17	186	218
14516	10	33	9	18	93	219
14517	10	33	10	19	31	219
14518	10	34	0	13	232	215
14519	10	34	1	4	173	216
14520	10	34	2	5	56	216
14521	10	34	3	6	237	216
14522	10	34	4	12	68	216
14523	10	34	5	0	27	217
14524	10	34	6	1	168	217
14525	10	34	7	14	11	217
14526	10	34	8	15	175	218
14527	10	34	9	16	216	218
14528	10	35	0	7	204	216
14529	10	35	1	8	78	216
14530	10	35	2	10	129	216
14531	10	35	3	13	235	216
14532	10	35	4	2	153	217
14533	10	35	5	3	48	217
14534	10	35	6	4	231	217
14535	10	35	7	12	113	217
14536	10	35	8	0	99	218
14537	10	36	0	9	88	216
14538	10	36	1	11	186	216
14539	10	36	2	5	6	217
14540	10	36	3	6	54	217
14541	10	36	4	8	132	217
14542	10	36	5	10	190	217
14543	10	36	6	13	5	217
14544	10	36	7	1	151	218
14545	10	37	0	7	162	217
14546	10	37	1	9	27	217
14547	10	37	2	11	133	217
14548	10	37	3	2	63	218
14549	10	37	4	3	162	218
14550	10	37	5	4	65	218
14551	10	37	6	6	42	218
14552	10	38	0	5	123	218
14553	10	38	1	7	149	218
14554	10	38	2	8	33	218
14555	10	38	3	9	29	218
14556	10	38	4	10	166	218
14557	10	38	5	11	55	218
14558	10	39	0	12	58	218
14559	10	39	1	13	250	218
14560	10	39	2	14	53	218
14561	10	39	3	0	89	219
14562	10	39	4	1	183	219
14563	10	40	0	2	95	219
14564	10	40	1	3	149	219
14565	10	40	2	4	108	219
14566	10	40	3	5	46	219
14567	10	41	0	6	60	219
14568	10	41	1	7	46	219
14569	10	41	2	8	170	219
14570	10	42	0	9	86	219
14571	10	42	1	10	74	219
14572	10	43	0	11	36	219
14573	11	0	0	119	226	263
14574	11	0	1	121	228	264
14575	11	0	2	120	7	265
14576	11	0	3	122	209	266
14577	11	0	4	123	249	266
14578	11	0	5	124	249	267
14579	11	0	6	125	83	268
14580	11	0	7	126	170	269
14581	11	0	8	127	228	269
14582	11	0	9	128	114	270
14583	11	0	10	129	38	271
14584	11	0	11	130	38	272
14585	11	0	12	131	92	272
14586	11	0	13	133	146	273
14587	11	0	14	132	218	274
14588	11	0	15	134	101	275
14589	11	0	16	135	205	276
14590	11	0	17	136	231	276
14591	11	0	18	137	77	277
14592	11	1	0	116	113	262
14593	11	1	1	117	209	263
14594	11	1	2	118	233	263
14595	11	1	3	119	249	264
14596	11	1	4	121	159	265
14597	11	1	5	120	112	266
14598	11	1	6	122	170	267
14599	11	1	7	123	114	267
14600	11	1	8	124	114	268
14601	11	1	9	125	38	269
14602	11	1	10	126	19	270
14603	11	1	11	127	92	270
14604	11	1	12	128	46	271
14605	11	1	13	129	101	272
14606	11	1	14	130	101	273
14607	11	1	15	131	231	273
14608	11	1	16	133	129	274
14609	11	1	17	132	203	275
14610	11	2	0	113	233	260
14611	11	2	1	114	233	262
14612	11	2	2	115	249	262
14613	11	2	3	116	253	263
14614	11	2	4	117	170	264
14615	11	2	5	118	85	264
14616	11	2	6	119	114	265
14617	11	2	7	121	249	266
14618	11	2	8	120	78	267
14619	11	2	9	122	19	268
14620	11	2	10	123	46	268
14621	11	2	11	124	46	269
14622	11	2	12	125	101	270
14623	11	2	13	126	179	271
14624	11	2	14	127	231	271
14625	11	2	15	128	244	272
14626	11	2	16	129	167	273
14627	11	2	17	130	167	274
14628	11	3	0	110	233	260
14629	11	3	1	111	253	260
14630	11	3	2	112	253	261
14631	11	3	3	113	85	261
14632	11	3	4	114	85	263
14633	11	3	5	115	114	263
14634	11	3	6	116	57	264
14635	11	3	7	117	19	265
14636	11	3	8	118	138	265
14637	11	3	9	119	46	266
14638	11	3	10	121	50	267
14639	11	3	11	120	154	268
14640	11	3	12	122	179	269
14641	11	3	13	123	244	269
14642	11	3	14	124	244	270
14643	11	3	15	125	167	271
14644	11	3	16	126	212	272
14645	11	4	0	107	253	258
14646	11	4	1	108	255	259
14647	11	4	2	109	85	259
14648	11	4	3	110	85	261
14649	11	4	4	111	57	261
14650	11	4	5	112	57	262
14651	11	4	6	113	138	262
14652	11	4	7	114	138	264
14653	11	4	8	115	46	264
14654	11	4	9	116	23	265
14655	11	4	10	117	179	266
14656	11	4	11	118	218	266
14657	11	4	12	119	244	267
14658	11	4	13	121	71	268
14659	11	4	14	120	256	269
14660	11	4	15	122	212	270
14661	11	4	16	123	121	270
14662	11	5	0	104	255	257
14663	11	5	1	105	85	258
14664	11	5	2	106	171	258
14665	11	5	3	107	57	259
14666	11	5	4	108	157	260
14667	11	5	5	109	138	260
14668	11	5	6	110	138	262
14669	11	5	7	111	23	262
14670	11	5	8	112	23	263
14671	11	5	9	113	218	263
14672	11	5	10	114	218	265
14673	11	5	11	115	244	265
14674	11	5	12	116	122	266
14675	11	5	13	117	212	267
14676	11	5	14	118	106	267
14677	11	5	15	119	121	268
14678	11	6	0	101	171	255
14679	11	6	1	103	89	256
14680	11	6	2	102	247	257
14681	11	6	3	104	157	258
14682	11	6	4	105	138	259
14683	11	6	5	106	69	259
14684	11	6	6	107	23	260
14685	11	6	7	108	140	261
14686	11	6	8	109	218	261
14687	11	6	9	110	218	263
14688	11	6	10	111	122	263
14689	11	6	11	112	122	264
14690	11	6	12	113	106	264
14691	11	6	13	114	106	266
14692	11	6	14	115	121	266
14693	11	6	15	116	189	267
14694	11	7	0	98	214	254
14695	11	7	1	99	157	255
14696	11	7	2	100	157	256
14697	11	7	3	101	69	256
14698	11	7	4	103	242	257
14699	11	7	5	102	130	258
14700	11	7	6	104	140	259
14701	11	7	7	105	218	260
14702	11	7	8	106	109	260
14703	11	7	9	107	122	261
14704	11	7	10	108	61	262
14705	11	7	11	109	106	262
14706	11	7	12	110	106	264
14707	11	7	13	111	189	264
14708	11	7	14	112	189	265
14709	11	8	0	95	157	253
14710	11	8	1	96	207	254
14711	11	8	2	97	69	254
14712	11	8	3	98	163	255
14713	11	8	4	99	140	256
14714	11	8	5	100	140	257
14715	11	8	6	101	109	257
14716	11	8	7	103	104	258
14717	11	8	8	102	156	259
14718	11	8	9	104	61	260
14719	11	8	10	105	106	261
14720	11	8	11	106	53	261
14721	11	8	12	107	189	262
14722	11	8	13	108	223	263
14723	11	8	14	109	160	263
14724	11	9	0	92	207	252
14725	11	9	1	93	163	252
14726	11	9	2	94	163	253
14727	11	9	3	95	140	254
14728	11	9	4	96	70	255
14729	11	9	5	97	109	255
14730	11	9	6	98	183	256
14731	11	9	7	99	61	257
14732	11	9	8	100	61	258
14733	11	9	9	101	53	258
14734	11	9	10	103	98	259
14735	11	9	11	102	160	260
14736	11	9	12	104	223	261
14737	11	9	13	105	160	262
14738	11	10	0	89	163	250
14739	11	10	1	91	168	251
14740	11	10	2	90	82	252
14741	11	10	3	92	70	253
14742	11	10	4	93	183	253
14743	11	10	5	94	183	254
14744	11	10	6	95	61	255
14745	11	10	7	96	159	256
14746	11	10	8	97	53	256
14747	11	10	9	98	155	257
14748	11	10	10	99	223	258
14749	11	10	11	100	223	259
14750	11	10	12	101	80	259
14751	11	10	13	103	118	260
14752	11	11	0	86	210	249
14753	11	11	1	87	70	250
14754	11	11	2	88	35	250
14755	11	11	3	89	183	251
14756	11	11	4	91	89	252
14757	11	11	5	90	86	253
14758	11	11	6	92	159	254
14759	11	11	7	93	155	254
14760	11	11	8	94	155	255
14761	11	11	9	95	223	256
14762	11	11	10	96	240	257
14763	11	11	11	97	80	257
14764	11	11	12	98	40	258
14765	11	12	0	83	35	247
14766	11	12	1	84	35	249
14767	11	12	2	85	183	249
14768	11	12	3	86	220	250
14769	11	12	4	87	159	251
14770	11	12	5	88	208	251
14771	11	12	6	89	155	252
14772	11	12	7	91	100	253
14773	11	12	8	90	142	254
14774	11	12	9	92	240	255
14775	11	12	10	93	40	255
14776	11	12	11	94	40	256
14777	11	12	12	95	99	257
14778	11	13	0	80	35	247
14779	11	13	1	81	220	247
14780	11	13	2	82	220	248
14781	11	13	3	83	208	248
14782	11	13	4	84	208	250
14783	11	13	5	85	155	250
14784	11	13	6	86	206	251
14785	11	13	7	87	240	252
14786	11	13	8	88	120	252
14787	11	13	9	89	40	253
14788	11	13	10	91	39	254
14789	11	13	11	90	226	255
14790	11	14	0	77	220	245
14791	11	14	1	78	110	246
14792	11	14	2	79	208	246
14793	11	14	3	80	208	248
14794	11	14	4	81	206	248
14795	11	14	5	82	206	249
14796	11	14	6	83	120	249
14797	11	14	7	84	120	251
14798	11	14	8	85	40	251
14799	11	14	9	86	20	252
14800	11	14	10	87	178	253
14801	11	14	11	88	89	253
14802	11	15	0	74	110	244
14803	11	15	1	75	208	245
14804	11	15	2	76	104	245
14805	11	15	3	77	206	246
14806	11	15	4	78	103	247
14807	11	15	5	79	120	247
14808	11	15	6	80	120	249
14809	11	15	7	81	20	249
14810	11	15	8	82	20	250
14811	11	15	9	83	89	250
14812	11	15	10	84	89	252
14813	11	16	0	71	104	242
14814	11	16	1	73	249	243
14815	11	16	2	72	54	244
14816	11	16	3	74	103	245
14817	11	16	4	75	120	246
14818	11	16	5	76	60	246
14819	11	16	6	77	20	247
14820	11	16	7	78	10	248
14821	11	16	8	79	89	248
14822	11	16	9	80	89	250
14823	11	16	10	81	229	250
14824	11	17	0	68	52	241
14825	11	17	1	69	103	242
14826	11	17	2	70	103	243
14827	11	17	3	71	60	243
14828	11	17	4	73	254	244
14829	11	17	5	72	200	245
14830	11	17	6	74	10	246
14831	11	17	7	75	89	247
14832	11	17	8	76	173	247
14833	11	17	9	77	229	248
14834	11	18	0	65	103	240
14835	11	18	1	66	180	241
14836	11	18	2	67	60	241
14837	11	18	3	68	30	242
14838	11	18	4	69	10	243
14839	11	18	5	70	10	244
14840	11	18	6	71	173	244
14841	11	18	7	73	168	245
14842	11	18	8	72	250	246
14843	11	18	9	74	243	247
14844	11	19	0	62	180	239
14845	11	19	1	63	30	239
14846	11	19	2	64	30	240
14847	11	19	3	65	10	241
14848	11	19	4	66	5	242
14849	11	19	5	67	173	242
14850	11	19	6	68	215	243
14851	11	19	7	69	243	244
14852	11	19	8	70	243	245
14853	11	20	0	59	30	237
14854	11	20	1	61	112	238
14855	11	20	2	60	196	239
14856	11	20	3	62	5	240
14857	11	20	4	63	215	240
14858	11	20	5	64	215	241
14859	11	20	6	65	243	242
14860	11	20	7	66	250	243
14861	11	20	8	67	169	243
14862	11	21	0	56	15	236
14863	11	21	1	57	5	237
14864	11	21	2	58	131	237
14865	11	21	3	59	215	238
14866	11	21	4	61	105	239
14867	11	21	5	60	100	240
14868	11	21	6	62	250	241
14869	11	21	7	63	213	241
14870	11	22	0	53	131	234
14871	11	22	1	54	131	236
14872	11	22	2	55	215	236
14873	11	22	3	56	236	237
14874	11	22	4	57	250	238
14875	11	22	5	58	125	238
14876	11	22	6	59	213	239
14877	11	22	7	61	93	240
14878	11	23	0	50	131	234
14879	11	23	1	51	236	234
14880	11	23	2	52	236	235
14881	11	23	3	53	125	235
14882	11	23	4	54	125	237
14883	11	23	5	55	213	237
14884	11	23	6	56	235	238
14885	11	24	0	47	236	232
14886	11	24	1	48	118	233
14887	11	24	2	49	125	233
14888	11	24	3	50	125	235
14889	11	24	4	51	235	235
14890	11	24	5	52	235	236
14891	11	24	6	53	82	236
14892	11	25	0	44	118	231
14893	11	25	1	45	125	232
14894	11	25	2	46	191	232
14895	11	25	3	47	235	233
14896	11	25	4	48	246	234
14897	11	25	5	49	82	234
14898	11	26	0	41	191	229
14899	11	26	1	43	220	230
14900	11	26	2	42	228	231
14901	11	26	3	44	246	232
14902	11	26	4	45	82	233
14903	11	26	5	46	41	233
14904	11	27	0	38	224	228
14905	11	27	1	39	246	229
14906	11	27	2	40	246	230
14907	11	27	3	41	41	230
14908	11	27	4	43	216	231
14909	11	28	0	35	246	227
14910	11	28	1	36	123	228
14911	11	28	2	37	41	228
14912	11	28	3	38	149	229
14913	11	28	4	39	221	230
14914	11	29	0	32	123	226
14915	11	29	1	33	149	226
14916	11	29	2	34	149	227
14917	11	29	3	35	221	228
14918	11	30	0	29	149	224
14919	11	30	1	31	162	225
14920	11	30	2	30	245	226
14921	11	30	3	32	239	227
14922	11	31	0	26	203	223
14923	11	31	1	27	239	224
14924	11	31	2	28	248	224
14925	11	32	0	23	248	221
14926	11	32	1	24	248	223
14927	11	32	2	25	254	223
14928	11	33	0	20	248	221
14929	11	33	1	21	127	221
14930	11	34	0	17	127	219
14931	11	34	1	18	192	220
14932	11	35	0	15	192	219
14933	11	36	0	12	218	219
14934	12	0	0	13	25	219
14935	12	0	1	14	125	219
14936	12	0	2	16	237	219
14937	12	0	3	0	210	220
14938	12	0	4	1	104	220
14939	12	0	5	2	183	220
14940	12	0	6	3	234	220
14941	12	0	7	4	37	220
14942	12	0	8	5	98	220
14943	12	0	9	6	202	220
14944	12	0	10	7	113	220
14945	12	0	11	8	246	220
14946	12	0	12	9	155	220
14947	12	0	13	10	76	220
14948	12	0	14	11	5	220
14949	12	0	15	12	244	220
14950	12	0	16	15	55	220
14951	12	0	17	17	48	220
14952	12	0	18	19	141	220
14953	12	0	19	18	18	221
14954	12	0	20	20	2	222
14955	12	0	21	21	43	222
14956	12	0	22	22	150	222
14957	12	0	23	23	141	222
14958	12	0	24	24	141	224
14959	12	0	25	25	114	224
14960	12	0	26	26	38	224
14961	12	0	27	27	138	225
14962	12	1	0	13	25	220
14963	12	1	1	14	125	220
14964	12	1	2	16	237	220
14965	12	1	3	0	210	221
14966	12	1	4	1	104	221
14967	12	1	5	2	183	221
14968	12	1	6	3	234	221
14969	12	1	7	4	37	221
14970	12	1	8	5	98	221
14971	12	1	9	6	202	221
14972	12	1	10	7	113	221
14973	12	1	11	8	246	221
14974	12	1	12	9	155	221
14975	12	1	13	10	76	221
14976	12	1	14	11	5	221
14977	12	1	15	12	244	221
14978	12	1	16	15	55	221
14979	12	1	17	17	48	221
14980	12	1	18	19	141	221
14981	12	1	19	18	18	222
14982	12	1	20	20	2	223
14983	12	1	21	21	43	223
14984	12	1	22	22	150	223
14985	12	1	23	23	141	223
14986	12	1	24	24	141	225
14987	12	1	25	25	114	225
14988	12	1	26	26	38	225
14989	12	2	0	13	25	221
14990	12	2	1	14	125	221
14991	12	2	2	16	237	221
14992	12	2	3	0	210	222
14993	12	2	4	1	104	222
14994	12	2	5	2	183	222
14995	12	2	6	3	234	222
14996	12	2	7	4	37	222
14997	12	2	8	5	98	222
14998	12	2	9	6	202	222
14999	12	2	10	7	113	222
15000	12	2	11	8	246	222
15001	12	2	12	9	155	222
15002	12	2	13	10	76	222
15003	12	2	14	11	5	222
15004	12	2	15	12	244	222
15005	12	2	16	15	55	222
15006	12	2	17	17	48	222
15007	12	2	18	19	141	222
15008	12	2	19	18	18	223
15009	12	2	20	20	2	224
15010	12	2	21	21	43	224
15011	12	2	22	22	150	224
15012	12	2	23	23	141	224
15013	12	2	24	28	170	225
15014	12	2	25	29	52	225
15015	12	3	0	13	25	222
15016	12	3	1	14	125	222
15017	12	3	2	16	237	222
15018	12	3	3	0	210	223
15019	12	3	4	1	104	223
15020	12	3	5	2	183	223
15021	12	3	6	3	234	223
15022	12	3	7	4	37	223
15023	12	3	8	5	98	223
15024	12	3	9	6	202	223
15025	12	3	10	7	113	223
15026	12	3	11	8	246	223
15027	12	3	12	9	155	223
15028	12	3	13	10	76	223
15029	12	3	14	11	5	223
15030	12	3	15	12	244	223
15031	12	3	16	15	55	223
15032	12	3	17	17	48	223
15033	12	3	18	19	141	223
15034	12	3	19	18	18	224
15035	12	3	20	20	2	225
15036	12	3	21	21	43	225
15037	12	3	22	22	150	225
15038	12	3	23	23	141	225
15039	12	3	24	24	214	226
15040	12	4	0	13	25	223
15041	12	4	1	14	125	223
15042	12	4	2	16	237	223
15043	12	4	3	0	210	224
15044	12	4	4	1	104	224
15045	12	4	5	2	183	224
15046	12	4	6	3	234	224
15047	12	4	7	4	37	224
15048	12	4	8	5	98	224
15049	12	4	9	6	202	224
15050	12	4	10	7	113	224
15051	12	4	11	8	246	224
15052	12	4	12	9	155	224
15053	12	4	13	10	76	224
15054	12	4	14	11	5	224
15055	12	4	15	12	244	224
15056	12	4	16	15	55	224
15057	12	4	17	17	48	224
15058	12	4	18	19	141	224
15059	12	4	19	18	18	225
15060	12	4	20	20	2	226
15061	12	4	21	21	43	226
15062	12	4	22	22	150	226
15063	12	4	23	23	141	226
15064	12	5	0	13	25	224
15065	12	5	1	14	125	224
15066	12	5	2	16	237	224
15067	12	5	3	0	210	225
15068	12	5	4	1	104	225
15069	12	5	5	2	183	225
15070	12	5	6	3	234	225
15071	12	5	7	4	37	225
15072	12	5	8	5	98	225
15073	12	5	9	6	202	225
15074	12	5	10	7	113	225
15075	12	5	11	8	246	225
15076	12	5	12	9	155	225
15077	12	5	13	10	76	225
15078	12	5	14	11	5	225
15079	12	5	15	12	244	225
15080	12	5	16	15	55	225
15081	12	5	17	17	48	225
15082	12	5	18	19	141	225
15083	12	5	19	18	18	226
15084	12	5	20	25	240	226
15085	12	5	21	26	80	226
15086	12	5	22	27	244	226
15087	12	6	0	13	25	225
15088	12	6	1	14	125	225
15089	12	6	2	16	237	225
15090	12	6	3	0	210	226
15091	12	6	4	1	104	226
15092	12	6	5	2	183	226
15093	12	6	6	3	234	226
15094	12	6	7	4	37	226
15095	12	6	8	5	98	226
15096	12	6	9	6	202	226
15097	12	6	10	7	113	226
15098	12	6	11	8	246	226
15099	12	6	12	9	155	226
15100	12	6	13	10	76	226
15101	12	6	14	11	5	226
15102	12	6	15	12	244	226
15103	12	6	16	15	55	226
15104	12	6	17	17	48	226
15105	12	6	18	19	141	226
15106	12	6	19	28	28	226
15107	12	6	20	29	132	226
15108	12	6	21	31	193	226
15109	12	7	0	13	25	226
15110	12	7	1	14	125	226
15111	12	7	2	16	237	226
15112	12	7	3	0	210	227
15113	12	7	4	1	104	227
15114	12	7	5	2	183	227
15115	12	7	6	3	234	227
15116	12	7	7	4	37	227
15117	12	7	8	5	98	227
15118	12	7	9	6	202	227
15119	12	7	10	7	113	227
15120	12	7	11	8	246	227
15121	12	7	12	9	155	227
15122	12	7	13	10	76	227
15123	12	7	14	11	5	227
15124	12	7	15	12	244	227
15125	12	7	16	15	55	227
15126	12	7	17	17	48	227
15127	12	7	18	18	61	227
15128	12	7	19	19	215	227
15129	12	7	20	20	68	227
15130	12	8	0	13	25	227
15131	12	8	1	14	125	227
15132	12	8	2	16	237	227
15133	12	8	3	21	80	227
15134	12	8	4	22	23	227
15135	12	8	5	23	14	227
15136	12	8	6	24	61	227
15137	12	8	7	25	114	227
15138	12	8	8	26	113	227
15139	12	8	9	27	51	227
15140	12	8	10	28	17	227
15141	12	8	11	29	57	227
15142	12	8	12	30	40	227
15143	12	8	13	31	78	227
15144	12	8	14	33	222	227
15145	12	8	15	0	147	228
15146	12	8	16	1	75	228
15147	12	8	17	2	225	228
15148	12	8	18	3	108	228
15149	12	8	19	4	14	228
15150	12	9	0	5	94	228
15151	12	9	1	6	250	228
15152	12	9	2	7	135	228
15153	12	9	3	8	71	228
15154	12	9	4	9	74	228
15155	12	9	5	10	60	228
15156	12	9	6	11	65	228
15157	12	9	7	12	59	228
15158	12	9	8	14	20	228
15159	12	9	9	13	186	228
15160	12	9	10	15	115	228
15161	12	9	11	16	153	228
15162	12	9	12	17	214	228
15163	12	9	13	18	244	228
15164	12	9	14	19	12	228
15165	12	9	15	20	143	228
15166	12	9	16	21	181	228
15167	12	9	17	22	84	228
15168	12	9	18	23	110	228
15169	12	10	0	24	136	228
15170	12	10	1	25	200	228
15171	12	10	2	26	27	228
15172	12	10	3	27	49	228
15173	12	10	4	28	41	228
15174	12	10	5	29	42	228
15175	12	10	6	30	138	228
15176	12	10	7	31	231	228
15177	12	10	8	32	32	228
15178	12	10	9	33	229	228
15179	12	10	10	34	119	228
15180	12	10	11	0	86	229
15181	12	10	12	1	119	229
15182	12	10	13	2	60	229
15183	12	10	14	3	109	229
15184	12	10	15	4	176	229
15185	12	10	16	5	158	229
15186	12	10	17	6	14	229
15187	12	11	0	7	209	229
15188	12	11	1	8	211	229
15189	12	11	2	9	241	229
15190	12	11	3	10	112	229
15191	12	11	4	11	3	229
15192	12	11	5	12	101	229
15193	12	11	6	13	216	229
15194	12	11	7	14	174	229
15195	12	11	8	15	51	229
15196	12	11	9	16	218	229
15197	12	11	10	17	256	229
15198	12	11	11	18	110	229
15199	12	11	12	19	16	229
15200	12	11	13	20	112	229
15201	12	11	14	21	48	229
15202	12	11	15	22	140	229
15203	12	11	16	23	247	229
15204	12	12	0	24	177	229
15205	12	12	1	25	101	229
15206	12	12	2	26	43	229
15207	12	12	3	27	168	229
15208	12	12	4	28	73	229
15209	12	12	5	29	127	229
15210	12	12	6	30	92	229
15211	12	12	7	31	48	229
15212	12	12	8	32	68	229
15213	12	12	9	33	124	229
15214	12	12	10	34	241	229
15215	12	12	11	35	193	229
15216	12	12	12	36	106	229
15217	12	12	13	37	66	229
15218	12	12	14	0	68	230
15219	12	12	15	1	123	230
15220	12	13	0	2	50	230
15221	12	13	1	3	92	230
15222	12	13	2	4	31	230
15223	12	13	3	5	133	230
15224	12	13	4	6	13	230
15225	12	13	5	7	73	230
15226	12	13	6	8	32	230
15227	12	13	7	9	206	230
15228	12	13	8	10	256	230
15229	12	13	9	11	29	230
15230	12	13	10	12	33	230
15231	12	13	11	13	9	230
15232	12	13	12	14	219	230
15233	12	13	13	15	10	230
15234	12	13	14	16	55	230
15235	12	14	0	17	204	230
15236	12	14	1	18	50	230
15237	12	14	2	19	152	230
15238	12	14	3	20	149	230
15239	12	14	4	21	180	230
15240	12	14	5	22	4	230
15241	12	14	6	23	201	230
15242	12	14	7	24	103	230
15243	12	14	8	25	139	230
15244	12	14	9	26	27	230
15245	12	14	10	27	246	230
15246	12	14	11	28	33	230
15247	12	14	12	29	1	230
15248	12	14	13	30	5	230
15249	12	15	0	0	114	231
15250	12	15	1	31	39	230
15251	12	15	2	32	43	230
15252	12	15	3	33	193	230
15253	12	15	4	34	223	230
15254	12	15	5	35	179	230
15255	12	15	6	36	119	230
15256	12	15	7	37	197	230
15257	12	15	8	38	169	230
15258	12	15	9	1	58	231
15259	12	15	10	2	118	231
15260	12	15	11	3	210	231
15261	12	15	12	4	183	231
15262	12	16	0	0	114	232
15263	12	16	1	5	120	231
15264	12	16	2	6	210	231
15265	12	16	3	7	98	231
15266	12	16	4	8	123	231
15267	12	16	5	9	208	231
15268	12	16	6	10	247	231
15269	12	16	7	11	241	231
15270	12	16	8	12	98	231
15271	12	16	9	13	204	231
15272	12	16	10	14	110	231
15273	12	16	11	15	50	231
15274	12	17	0	0	114	233
15275	12	17	1	16	9	231
15276	12	17	2	17	29	231
15277	12	17	3	18	31	231
15278	12	17	4	19	252	231
15279	12	17	5	20	82	231
15280	12	17	6	21	123	231
15281	12	17	7	22	46	231
15282	12	17	8	23	163	231
15283	12	17	9	24	27	231
15284	12	17	10	25	48	231
15285	12	18	0	0	114	234
15286	12	18	1	1	69	232
15287	12	18	2	26	3	231
15288	12	18	3	27	102	231
15289	12	18	4	28	137	231
15290	12	18	5	29	34	231
15291	12	18	6	30	129	231
15292	12	18	7	31	245	231
15293	12	18	8	32	47	231
15294	12	18	9	33	216	231
15295	12	19	0	0	114	235
15296	12	19	1	1	69	233
15297	12	19	2	34	228	231
15298	12	19	3	35	99	231
15299	12	19	4	36	203	231
15300	12	19	5	37	113	231
15301	12	19	6	38	86	231
15302	12	19	7	39	172	231
15303	12	19	8	40	168	231
15304	12	20	0	0	114	236
15305	12	20	1	1	69	234
15306	12	20	2	2	35	232
15307	12	20	3	3	125	232
15308	12	20	4	41	246	231
15309	12	20	5	4	237	232
15310	12	20	6	5	211	232
15311	12	20	7	6	75	232
15312	12	21	0	0	114	237
15313	12	21	1	1	69	235
15314	12	21	2	2	35	233
15315	12	21	3	7	30	232
15316	12	21	4	8	212	232
15317	12	21	5	9	146	232
15318	12	21	6	10	116	232
15319	12	22	0	0	114	238
15320	12	22	1	1	69	236
15321	12	22	2	2	35	234
15322	12	22	3	11	236	232
15323	12	22	4	12	194	232
15324	12	22	5	13	73	232
15325	12	23	0	0	114	239
15326	12	23	1	1	69	237
15327	12	23	2	2	35	235
15328	12	23	3	3	55	233
15329	12	23	4	14	82	232
15330	12	24	0	0	114	240
15331	12	24	1	1	69	238
15332	12	24	2	2	35	236
15333	12	24	3	3	55	234
15334	12	25	0	0	114	241
15335	12	25	1	1	69	239
15336	12	25	2	2	35	237
15337	12	26	0	0	114	242
15338	12	26	1	1	69	240
15339	12	27	0	0	114	243
15340	13	0	0	15	228	232
15341	13	0	1	16	178	232
15342	13	0	2	17	238	232
15343	13	0	3	18	60	232
15344	13	0	4	19	69	232
15345	13	0	5	20	153	232
15346	13	0	6	21	16	232
15347	13	0	7	22	80	232
15348	13	0	8	23	119	232
15349	13	0	9	24	239	232
15350	13	0	10	25	26	232
15351	13	0	11	26	214	232
15352	13	0	12	27	251	232
15353	13	0	13	28	250	232
15354	13	0	14	42	76	232
15355	13	0	15	43	242	232
15356	13	0	16	44	248	233
15357	13	0	17	45	62	234
15358	13	0	18	46	96	234
15359	13	0	19	47	24	234
15360	13	0	20	48	8	235
15361	13	0	21	49	1	235
15362	13	0	22	50	1	236
15363	13	0	23	51	150	236
15364	13	0	24	52	75	237
15365	13	0	25	53	199	237
15366	13	0	26	54	199	238
15367	13	0	27	55	57	238
15368	13	0	28	56	19	239
15369	13	0	29	57	69	239
15370	13	0	30	58	140	239
15371	13	1	0	29	213	232
15372	13	1	1	30	208	232
15373	13	1	2	31	110	232
15374	13	1	3	32	81	232
15375	13	1	4	33	45	232
15376	13	1	5	34	140	232
15377	13	1	6	35	67	232
15378	13	1	7	36	11	232
15379	13	1	8	37	94	232
15380	13	1	9	38	140	232
15381	13	1	10	39	132	232
15382	13	1	11	40	45	232
15383	13	1	12	41	149	232
15384	13	1	13	4	137	233
15385	13	1	14	5	238	233
15386	13	1	15	42	175	233
15387	13	1	16	43	225	233
15388	13	1	17	44	127	234
15389	13	1	18	45	96	235
15390	13	1	19	46	16	235
15391	13	1	20	47	4	235
15392	13	1	21	48	87	236
15393	13	1	22	49	43	236
15394	13	1	23	50	43	237
15395	13	1	24	51	25	237
15396	13	1	25	52	141	238
15397	13	1	26	53	76	238
15398	13	1	27	54	76	239
15399	13	1	28	55	138	239
15400	13	1	29	56	46	240
15401	13	2	0	6	217	233
15402	13	2	1	7	118	233
15403	13	2	2	8	117	233
15404	13	2	3	9	43	233
15405	13	2	4	10	13	233
15406	13	2	5	11	177	233
15407	13	2	6	12	66	233
15408	13	2	7	13	84	233
15409	13	2	8	14	163	233
15410	13	2	9	15	244	233
15411	13	2	10	16	15	233
15412	13	2	11	17	248	233
15413	13	2	12	18	88	233
15414	13	2	13	39	113	233
15415	13	2	14	40	185	233
15416	13	2	15	41	251	233
15417	13	2	16	42	199	234
15418	13	2	17	43	175	234
15419	13	2	18	44	64	235
15420	13	2	19	45	16	236
15421	13	2	20	46	174	236
15422	13	2	21	47	172	236
15423	13	2	22	48	143	237
15424	13	2	23	49	50	237
15425	13	2	24	50	50	238
15426	13	2	25	51	47	238
15427	13	2	26	52	152	239
15428	13	2	27	53	184	239
15429	13	2	28	54	184	240
15430	13	3	0	19	242	233
15431	13	3	1	20	175	233
15432	13	3	2	21	231	233
15433	13	3	3	22	135	233
15434	13	3	4	23	218	233
15435	13	3	5	24	234	233
15436	13	3	6	25	60	233
15437	13	3	7	26	156	233
15438	13	3	8	27	151	233
15439	13	3	9	28	57	233
15440	13	3	10	29	136	233
15441	13	3	11	30	228	233
15442	13	3	12	31	166	233
15443	13	3	13	38	161	233
15444	13	3	14	39	233	234
15445	13	3	15	40	245	234
15446	13	3	16	41	256	234
15447	13	3	17	42	140	235
15448	13	3	18	43	230	235
15449	13	3	19	44	182	236
15450	13	3	20	45	174	237
15451	13	3	21	46	29	237
15452	13	3	22	47	200	237
15453	13	3	23	48	238	238
15454	13	3	24	49	94	238
15455	13	3	25	50	94	239
15456	13	3	26	51	222	239
15457	13	3	27	52	111	240
15458	13	4	0	32	171	233
15459	13	4	1	33	168	233
15460	13	4	2	34	160	233
15461	13	4	3	35	219	233
15462	13	4	4	36	160	233
15463	13	4	5	37	150	233
15464	13	4	6	4	44	234
15465	13	4	7	5	23	234
15466	13	4	8	6	6	234
15467	13	4	9	7	19	234
15468	13	4	10	8	118	234
15469	13	4	11	9	58	234
15470	13	4	12	10	99	234
15471	13	4	13	11	217	234
15472	13	4	14	38	241	234
15473	13	4	15	39	253	235
15474	13	4	16	40	255	235
15475	13	4	17	41	214	235
15476	13	4	18	42	34	236
15477	13	4	19	43	201	236
15478	13	4	20	44	116	237
15479	13	4	21	45	29	238
15480	13	4	22	46	219	238
15481	13	4	23	47	119	238
15482	13	4	24	48	211	239
15483	13	4	25	49	187	239
15484	13	4	26	50	187	240
15485	13	5	0	12	25	234
15486	13	5	1	13	99	234
15487	13	5	2	14	158	234
15488	13	5	3	15	68	234
15489	13	5	4	16	27	234
15490	13	5	5	17	107	234
15491	13	5	6	18	78	234
15492	13	5	7	19	199	234
15493	13	5	8	20	40	234
15494	13	5	9	21	123	234
15495	13	5	10	22	171	234
15496	13	5	11	23	29	234
15497	13	5	12	35	65	234
15498	13	5	13	36	193	234
15499	13	5	14	37	249	234
15500	13	5	15	38	83	235
15501	13	5	16	39	85	236
15502	13	5	17	40	171	236
15503	13	5	18	41	207	236
15504	13	5	19	42	36	237
15505	13	5	20	43	154	237
15506	13	5	21	44	105	238
15507	13	5	22	45	219	239
15508	13	5	23	46	165	239
15509	13	5	24	47	234	239
15510	13	5	25	48	78	240
15511	13	6	0	24	168	234
15512	13	6	1	25	221	234
15513	13	6	2	26	245	234
15514	13	6	3	27	59	234
15515	13	6	4	28	147	234
15516	13	6	5	29	38	234
15517	13	6	6	30	159	234
15518	13	6	7	31	150	234
15519	13	6	8	32	66	234
15520	13	6	9	33	166	234
15521	13	6	10	34	14	234
15522	13	6	11	3	147	235
15523	13	6	12	4	141	235
15524	13	6	13	35	225	235
15525	13	6	14	36	75	235
15526	13	6	15	37	170	235
15527	13	6	16	38	228	236
15528	13	6	17	39	57	237
15529	13	6	18	40	157	237
15530	13	6	19	41	163	237
15531	13	6	20	42	111	238
15532	13	6	21	43	94	238
15533	13	6	22	44	146	239
15534	13	6	23	45	165	240
15535	13	6	24	46	156	240
15536	13	7	0	5	29	235
15537	13	7	1	6	77	235
15538	13	7	2	7	147	235
15539	13	7	3	8	30	235
15540	13	7	4	9	248	235
15541	13	7	5	10	236	235
15542	13	7	6	11	147	235
15543	13	7	7	12	232	235
15544	13	7	8	13	68	235
15545	13	7	9	14	200	235
15546	13	7	10	15	106	235
15547	13	7	11	16	103	235
15548	13	7	12	32	2	235
15549	13	7	13	34	150	235
15550	13	7	14	35	166	236
15551	13	7	15	36	141	236
15552	13	7	16	37	114	236
15553	13	7	17	38	38	237
15554	13	7	18	39	138	238
15555	13	7	19	40	69	238
15556	13	7	20	41	70	238
15557	13	7	21	42	36	239
15558	13	7	22	43	14	239
15559	13	7	23	44	110	240
15560	13	8	0	17	161	235
15561	13	8	1	18	5	235
15562	13	8	2	19	216	235
15563	13	8	3	20	123	235
15564	13	8	4	21	250	235
15565	13	8	5	22	123	235
15566	13	8	6	23	216	235
15567	13	8	7	24	105	235
15568	13	8	8	25	44	235
15569	13	8	9	26	165	235
15570	13	8	10	27	21	235
15571	13	8	11	30	109	235
15572	13	8	12	33	250	235
15573	13	8	13	32	137	236
15574	13	8	14	34	25	236
15575	13	8	15	35	199	237
15576	13	8	16	36	152	237
15577	13	8	17	37	19	237
15578	13	8	18	38	92	238
15579	13	8	19	39	23	239
15580	13	8	20	40	140	239
15581	13	8	21	41	183	239
15582	13	8	22	42	116	240
15583	13	9	0	28	122	235
15584	13	9	1	29	37	235
15585	13	9	2	31	174	235
15586	13	9	3	3	27	236
15587	13	9	4	4	68	236
15588	13	9	5	5	216	236
15589	13	9	6	6	84	236
15590	13	9	7	7	243	236
15591	13	9	8	8	84	236
15592	13	9	9	9	214	236
15593	13	9	10	10	85	236
15594	13	9	11	11	184	236
15595	13	9	12	30	191	236
15596	13	9	13	33	6	236
15597	13	9	14	32	61	237
15598	13	9	15	34	47	237
15599	13	9	16	35	76	238
15600	13	9	17	36	111	238
15601	13	9	18	37	46	238
15602	13	9	19	38	101	239
15603	13	9	20	39	218	240
15604	13	9	21	40	109	240
15605	13	10	0	12	160	236
15606	13	10	1	13	35	236
15607	13	10	2	14	69	236
15608	13	10	3	15	50	236
15609	13	10	4	16	244	236
15610	13	10	5	17	156	236
15611	13	10	6	18	51	236
15612	13	10	7	19	157	236
15613	13	10	8	20	132	236
15614	13	10	9	21	22	236
15615	13	10	10	22	65	236
15616	13	10	11	23	177	236
15617	13	10	12	31	231	236
15618	13	10	13	30	6	237
15619	13	10	14	33	95	237
15620	13	10	15	32	125	238
15621	13	10	16	34	222	238
15622	13	10	17	35	184	239
15623	13	10	18	36	147	239
15624	13	10	19	37	179	239
15625	13	10	20	38	231	240
15626	13	11	0	24	14	236
15627	13	11	1	25	37	236
15628	13	11	2	26	110	236
15629	13	11	3	27	162	236
15630	13	11	4	28	89	236
15631	13	11	5	29	97	236
15632	13	11	6	3	44	237
15633	13	11	7	4	112	237
15634	13	11	8	5	106	237
15635	13	11	9	6	69	237
15636	13	11	10	7	51	237
15637	13	11	11	8	146	237
15638	13	11	12	9	105	237
15639	13	11	13	31	98	237
15640	13	11	14	30	83	238
15641	13	11	15	33	160	238
15642	13	11	16	32	129	239
15643	13	11	17	34	37	239
15644	13	11	18	35	202	240
15645	13	11	19	36	153	240
15646	13	12	0	10	179	237
15647	13	12	1	11	223	237
15648	13	12	2	12	48	237
15649	13	12	3	13	219	237
15650	13	12	4	14	126	237
15651	13	12	5	15	53	237
15652	13	12	6	16	89	237
15653	13	12	7	17	89	237
15654	13	12	8	18	95	237
15655	13	12	9	19	211	237
15656	13	12	10	20	72	237
15657	13	12	11	27	181	237
15658	13	12	12	28	73	237
15659	13	12	13	29	211	237
15660	13	12	14	31	219	238
15661	13	12	15	30	159	239
15662	13	12	16	33	15	239
15663	13	12	17	32	181	240
15664	13	12	18	34	49	240
15665	13	13	0	21	131	237
15666	13	13	1	22	249	237
15667	13	13	2	23	213	237
15668	13	13	3	24	133	237
15669	13	13	4	25	129	237
15670	13	13	5	26	249	237
15671	13	13	6	2	32	238
15672	13	13	7	3	49	238
15673	13	13	8	4	91	238
15674	13	13	9	5	54	238
15675	13	13	10	6	233	238
15676	13	13	11	7	255	238
15677	13	13	12	27	73	238
15678	13	13	13	28	55	238
15679	13	13	14	29	78	238
15680	13	13	15	31	56	239
15681	13	13	16	30	241	240
15682	13	13	17	33	229	240
15683	13	14	0	8	129	238
15684	13	14	1	9	93	238
15685	13	14	2	10	40	238
15686	13	14	3	11	186	238
15687	13	14	4	12	245	238
15688	13	14	5	13	77	238
15689	13	14	6	14	178	238
15690	13	14	7	15	160	238
15691	13	14	8	16	163	238
15692	13	14	9	17	63	238
15693	13	14	10	24	140	238
15694	13	14	11	25	146	238
15695	13	14	12	26	220	238
15696	13	14	13	27	55	239
15697	13	14	14	28	52	239
15698	13	14	15	29	13	239
15699	13	14	16	31	34	240
15700	13	15	0	18	198	238
15701	13	15	1	19	91	238
15702	13	15	2	20	160	238
15703	13	15	3	21	242	238
15704	13	15	4	22	127	238
15705	13	15	5	23	82	238
15706	13	15	6	2	33	239
15707	13	15	7	3	232	239
15708	13	15	8	4	186	239
15709	13	15	9	5	128	239
15710	13	15	10	6	37	239
15711	13	15	11	24	109	239
15712	13	15	12	25	110	239
15713	13	15	13	26	208	239
15714	13	15	14	27	52	240
15715	13	15	15	28	180	240
15716	13	16	0	7	123	239
15717	13	16	1	8	9	239
15718	13	16	2	9	191	239
15719	13	16	3	10	7	239
15720	13	16	4	11	215	239
15721	13	16	5	12	213	239
15722	13	16	6	13	146	239
15723	13	16	7	14	96	239
15724	13	16	8	15	138	239
15725	13	16	9	16	156	239
15726	13	16	10	17	91	239
15727	13	16	11	18	208	239
15728	13	16	12	24	61	240
15729	13	16	13	25	104	240
15730	13	16	14	26	206	240
15731	13	17	0	19	129	239
15732	13	17	1	20	117	239
15733	13	17	2	21	49	239
15734	13	17	3	22	177	239
15735	13	17	4	23	236	239
15736	13	17	5	2	39	240
15737	13	17	6	3	211	240
15738	13	17	7	4	200	240
15739	13	17	8	5	216	240
15740	13	17	9	6	98	240
15741	13	17	10	7	140	240
15742	13	17	11	8	216	240
15743	13	17	12	9	140	240
15744	13	17	13	29	201	240
15745	13	18	0	10	161	240
15746	13	18	1	11	183	240
15747	13	18	2	12	186	240
15748	13	18	3	13	116	240
15749	13	18	4	14	62	240
15750	13	18	5	15	54	240
15751	13	18	6	16	58	240
15752	13	18	7	17	144	240
15753	13	18	8	18	140	240
15754	13	18	9	19	46	240
15755	13	18	10	20	231	240
15756	13	18	11	21	212	240
15757	13	18	12	22	106	240
15758	13	19	0	23	233	240
15759	13	19	1	37	242	240
15760	13	19	2	41	254	240
15761	13	19	3	43	250	240
15762	13	19	4	47	89	240
15763	13	19	5	49	49	240
15764	13	19	6	51	162	240
15765	13	19	7	53	5	240
15766	13	19	8	55	249	240
15767	13	19	9	57	30	240
15768	13	19	10	58	172	240
15769	13	19	11	59	70	240
15770	13	20	0	1	250	241
15771	13	20	1	2	179	241
15772	13	20	2	3	2	241
15773	13	20	3	4	135	241
15774	13	20	4	5	210	241
15775	13	20	5	6	156	241
15776	13	20	6	7	221	241
15777	13	20	7	8	72	241
15778	13	20	8	9	85	241
15779	13	20	9	10	179	241
15780	13	20	10	11	29	241
15781	13	21	0	12	128	241
15782	13	21	1	13	167	241
15783	13	21	2	14	256	241
15784	13	21	3	15	190	241
15785	13	21	4	16	193	241
15786	13	21	5	17	248	241
15787	13	21	6	18	3	241
15788	13	21	7	19	58	241
15789	13	21	8	20	44	241
15790	13	21	9	21	245	241
15791	13	22	0	22	15	241
15792	13	22	1	23	146	241
15793	13	22	2	24	154	241
15794	13	22	3	25	223	241
15795	13	22	4	26	192	241
15796	13	22	5	27	215	241
15797	13	22	6	28	18	241
15798	13	22	7	29	135	241
15799	13	22	8	30	142	241
15800	13	23	0	31	80	241
15801	13	23	1	32	33	241
15802	13	23	2	33	46	241
15803	13	23	3	34	224	241
15804	13	23	4	35	50	241
15805	13	23	5	36	5	241
15806	13	23	6	37	46	241
15807	13	23	7	38	87	241
15808	13	24	0	39	154	241
15809	13	24	1	40	209	241
15810	13	24	2	41	52	241
15811	13	24	3	42	190	241
15812	13	24	4	43	125	241
15813	13	24	5	44	237	241
15814	13	24	6	45	105	241
15815	13	25	0	46	195	241
15816	13	25	1	47	18	241
15817	13	25	2	48	165	241
15818	13	25	3	49	140	241
15819	13	25	4	50	222	241
15820	13	25	5	51	110	241
15821	13	26	0	52	165	241
15822	13	26	1	53	195	241
15823	13	26	2	54	224	241
15824	13	26	3	55	121	241
15825	13	26	4	56	202	241
15826	13	27	0	57	223	241
15827	13	27	1	58	88	241
15828	13	27	2	59	27	241
15829	13	27	3	60	140	241
15830	13	28	0	61	153	241
15831	13	28	1	1	72	242
15832	13	28	2	2	197	242
15833	13	29	0	3	124	242
15834	13	29	1	4	43	242
15835	13	30	0	5	214	242
15836	14	0	0	6	70	242
15837	14	0	1	7	48	242
15838	14	0	2	8	116	242
15839	14	0	3	62	230	242
15840	14	0	4	63	62	242
15841	14	0	5	64	31	242
15842	14	0	6	65	72	243
15843	14	0	7	66	24	244
15844	14	0	8	67	3	244
15845	14	0	9	68	1	244
15846	14	0	10	69	193	245
15847	14	0	11	71	72	245
15848	14	0	12	70	94	246
15849	14	0	13	73	61	246
15850	14	0	14	72	230	247
15851	14	0	15	74	57	248
15852	14	0	16	75	207	248
15853	14	0	17	76	163	248
15854	14	0	18	77	105	249
15855	14	0	19	78	35	249
15856	14	0	20	79	165	249
15857	14	0	21	80	165	251
15858	14	0	22	81	78	251
15859	14	0	23	82	39	251
15860	14	0	24	83	196	251
15861	14	0	25	85	31	252
15862	14	0	26	84	185	253
15863	14	0	27	86	51	253
15864	14	0	28	87	77	254
15865	14	0	29	88	227	254
15866	14	0	30	89	121	254
15867	14	0	31	91	104	255
15868	14	0	32	90	243	256
15869	14	0	33	92	80	256
15870	14	0	34	93	178	256
15871	14	0	35	94	89	257
15872	14	1	0	9	49	242
15873	14	1	1	10	135	242
15874	14	1	2	11	157	242
15875	14	1	3	60	118	242
15876	14	1	4	61	108	242
15877	14	1	5	62	70	243
15878	14	1	6	63	220	243
15879	14	1	7	64	110	243
15880	14	1	8	65	156	244
15881	14	1	9	66	52	245
15882	14	1	10	67	135	245
15883	14	1	11	68	45	245
15884	14	1	12	69	204	246
15885	14	1	13	71	18	246
15886	14	1	14	70	166	247
15887	14	1	15	73	105	247
15888	14	1	16	72	31	248
15889	14	1	17	74	252	249
15890	14	1	18	75	63	249
15891	14	1	19	76	139	249
15892	14	1	20	77	99	250
15893	14	1	21	78	33	250
15894	14	1	22	79	229	250
15895	14	1	23	80	229	252
15896	14	1	24	81	169	252
15897	14	1	25	82	213	252
15898	14	1	26	83	82	252
15899	14	1	27	85	125	253
15900	14	1	28	84	130	254
15901	14	1	29	86	239	254
15902	14	1	30	87	124	255
15903	14	1	31	88	192	255
15904	14	1	32	89	48	255
15905	14	1	33	91	82	256
15906	14	1	34	90	143	257
15907	14	2	0	12	138	242
15908	14	2	1	13	97	242
15909	14	2	2	14	204	242
15910	14	2	3	15	136	242
15911	14	2	4	59	42	242
15912	14	2	5	60	60	243
15913	14	2	6	61	149	243
15914	14	2	7	62	66	244
15915	14	2	8	63	134	244
15916	14	2	9	64	67	244
15917	14	2	10	65	81	245
15918	14	2	11	66	27	246
15919	14	2	12	67	164	246
15920	14	2	13	68	226	246
15921	14	2	14	69	185	247
15922	14	2	15	71	254	247
15923	14	2	16	70	36	248
15924	14	2	17	73	33	248
15925	14	2	18	72	73	249
15926	14	2	19	74	32	250
15927	14	2	20	75	8	250
15928	14	2	21	76	87	250
15929	14	2	22	77	86	251
15930	14	2	23	78	200	251
15931	14	2	24	79	25	251
15932	14	2	25	80	25	253
15933	14	2	26	81	152	253
15934	14	2	27	82	76	253
15935	14	2	28	83	92	253
15936	14	2	29	85	132	254
15937	14	2	30	84	175	255
15938	14	2	31	86	218	255
15939	14	2	32	87	183	256
15940	14	2	33	88	159	256
15941	14	3	0	17	31	242
15942	14	3	1	16	132	242
15943	14	3	2	18	244	242
15944	14	3	3	56	255	242
15945	14	3	4	57	128	242
15946	14	3	5	58	107	242
15947	14	3	6	59	91	243
15948	14	3	7	60	63	244
15949	14	3	8	61	178	244
15950	14	3	9	62	143	245
15951	14	3	10	63	119	245
15952	14	3	11	64	188	245
15953	14	3	12	65	47	246
15954	14	3	13	66	187	247
15955	14	3	14	67	184	247
15956	14	3	15	68	147	247
15957	14	3	16	69	101	248
15958	14	3	17	71	31	248
15959	14	3	18	70	108	249
15960	14	3	19	73	57	249
15961	14	3	20	72	56	250
15962	14	3	21	74	155	251
15963	14	3	22	75	103	251
15964	14	3	23	76	60	251
15965	14	3	24	77	15	252
15966	14	3	25	78	5	252
15967	14	3	26	79	97	252
15968	14	3	27	80	97	254
15969	14	3	28	81	158	254
15970	14	3	29	82	79	254
15971	14	3	30	83	28	254
15972	14	3	31	85	78	255
15973	14	3	32	84	91	256
15974	14	4	0	19	70	242
15975	14	4	1	20	235	242
15976	14	4	2	21	186	242
15977	14	4	3	54	153	242
15978	14	4	4	55	244	242
15979	14	4	5	56	167	243
15980	14	4	6	57	106	243
15981	14	4	7	58	189	243
15982	14	4	8	59	240	244
15983	14	4	9	60	77	245
15984	14	4	10	61	158	245
15985	14	4	11	62	10	246
15986	14	4	12	63	215	246
15987	14	4	13	64	236	246
15988	14	4	14	65	59	247
15989	14	4	15	66	191	248
15990	14	4	16	67	56	248
15991	14	4	17	68	190	248
15992	14	4	18	69	176	249
15993	14	4	19	71	127	249
15994	14	4	20	70	59	250
15995	14	4	21	73	242	250
15996	14	4	22	72	69	251
15997	14	4	23	74	36	252
15998	14	4	24	75	9	252
15999	14	4	25	76	130	252
16000	14	4	26	77	161	253
16001	14	4	27	78	225	253
16002	14	4	28	79	253	253
16003	14	4	29	80	253	255
16004	14	4	30	81	171	255
16005	14	4	31	82	214	255
16006	14	5	0	22	112	242
16007	14	5	1	23	163	242
16008	14	5	2	24	176	242
16009	14	5	3	52	123	242
16010	14	5	4	53	203	242
16011	14	5	5	54	203	243
16012	14	5	6	55	186	243
16013	14	5	7	56	62	244
16014	14	5	8	57	144	244
16015	14	5	9	58	24	244
16016	14	5	10	59	6	245
16017	14	5	11	60	145	246
16018	14	5	12	61	187	246
16019	14	5	13	62	193	247
16020	14	5	14	63	166	247
16021	14	5	15	64	83	247
16022	14	5	16	65	85	248
16023	14	5	17	66	114	249
16024	14	5	18	67	207	249
16025	14	5	19	68	69	249
16026	14	5	20	69	210	250
16027	14	5	21	71	55	250
16028	14	5	22	70	141	251
16029	14	5	23	73	160	251
16030	14	5	24	72	64	252
16031	14	5	25	74	78	253
16032	14	5	26	75	148	253
16033	14	5	27	76	196	253
16034	14	5	28	77	49	254
16035	14	5	29	78	102	254
16036	14	5	30	79	77	254
16037	14	6	0	25	57	242
16038	14	6	1	26	152	242
16039	14	6	2	27	110	242
16040	14	6	3	50	228	242
16041	14	6	4	51	19	242
16042	14	6	5	52	138	243
16043	14	6	6	53	140	243
16044	14	6	7	54	140	244
16045	14	6	8	55	146	244
16046	14	6	9	56	220	245
16047	14	6	10	57	55	245
16048	14	6	11	58	52	245
16049	14	6	12	59	13	246
16050	14	6	13	60	17	247
16051	14	6	14	61	156	247
16052	14	6	15	62	204	248
16053	14	6	16	63	17	248
16054	14	6	17	64	137	248
16055	14	6	18	65	227	249
16056	14	6	19	66	247	250
16057	14	6	20	67	63	250
16058	14	6	21	68	21	250
16059	14	6	22	69	198	251
16060	14	6	23	71	149	251
16061	14	6	24	70	120	252
16062	14	6	25	73	57	252
16063	14	6	26	72	148	253
16064	14	6	27	74	169	254
16065	14	6	28	75	235	254
16066	14	6	29	76	82	254
16067	14	7	0	28	169	242
16068	14	7	1	29	213	242
16069	14	7	2	30	23	242
16070	14	7	3	48	97	242
16071	14	7	4	49	237	242
16072	14	7	5	50	237	243
16073	14	7	6	51	84	243
16074	14	7	7	52	42	244
16075	14	7	8	53	132	244
16076	14	7	9	54	132	245
16077	14	7	10	55	145	245
16078	14	7	11	56	134	246
16079	14	7	12	57	162	246
16080	14	7	13	58	27	246
16081	14	7	14	59	71	247
16082	14	7	15	60	114	248
16083	14	7	16	61	131	248
16084	14	7	17	62	185	249
16085	14	7	18	63	251	249
16086	14	7	19	64	254	249
16087	14	7	20	65	192	250
16088	14	7	21	66	64	251
16089	14	7	22	67	8	251
16090	14	7	23	68	174	251
16091	14	7	24	69	172	252
16092	14	7	25	71	209	252
16093	14	7	26	70	111	253
16094	14	7	27	73	67	253
16095	14	7	28	72	40	254
16096	14	8	0	31	76	242
16097	14	8	1	32	116	242
16098	14	8	2	45	226	242
16099	14	8	3	46	209	242
16100	14	8	4	47	245	242
16101	14	8	5	48	253	243
16102	14	8	6	49	128	243
16103	14	8	7	50	128	244
16104	14	8	8	51	182	244
16105	14	8	9	52	91	245
16106	14	8	10	53	29	245
16107	14	8	11	54	29	246
16108	14	8	12	55	100	246
16109	14	8	13	56	119	247
16110	14	8	14	57	94	247
16111	14	8	15	58	187	247
16112	14	8	16	59	111	248
16113	14	8	17	60	250	249
16114	14	8	18	61	124	249
16115	14	8	19	62	101	250
16116	14	8	20	63	244	250
16117	14	8	21	64	122	250
16118	14	8	22	65	159	251
16119	14	8	23	66	53	252
16120	14	8	24	67	103	252
16121	14	8	25	68	120	252
16122	14	8	26	69	30	253
16123	14	8	27	71	42	253
16124	14	9	0	33	238	242
16125	14	9	1	34	101	242
16126	14	9	2	35	14	242
16127	14	9	3	44	74	242
16128	14	9	4	45	147	243
16129	14	9	5	46	153	243
16130	14	9	6	47	231	243
16131	14	9	7	48	77	244
16132	14	9	8	49	106	244
16133	14	9	9	50	106	245
16134	14	9	10	51	223	245
16135	14	9	11	52	240	246
16136	14	9	12	53	20	246
16137	14	9	13	54	20	247
16138	14	9	14	55	131	247
16139	14	9	15	56	215	248
16140	14	9	16	57	118	248
16141	14	9	17	58	191	248
16142	14	9	18	59	112	249
16143	14	9	19	60	77	250
16144	14	9	20	61	256	250
16145	14	9	21	62	176	251
16146	14	9	22	63	186	251
16147	14	9	23	64	93	251
16148	14	9	24	65	216	252
16149	14	9	25	66	72	253
16150	14	9	26	67	9	253
16151	14	10	0	36	227	242
16152	14	10	1	37	62	242
16153	14	10	2	38	194	242
16154	14	10	3	42	85	242
16155	14	10	4	43	13	242
16156	14	10	5	44	246	243
16157	14	10	6	45	190	244
16158	14	10	7	46	203	244
16159	14	10	8	47	115	244
16160	14	10	9	48	124	245
16161	14	10	10	49	144	245
16162	14	10	11	50	144	246
16163	14	10	12	51	12	246
16164	14	10	13	52	6	247
16165	14	10	14	53	129	247
16166	14	10	15	54	129	248
16167	14	10	16	55	241	248
16168	14	10	17	56	166	249
16169	14	10	18	57	170	249
16170	14	10	19	58	114	249
16171	14	10	20	59	157	250
16172	14	10	21	60	31	251
16173	14	10	22	61	77	251
16174	14	10	23	62	210	252
16175	14	10	24	63	146	252
16176	14	10	25	64	73	252
16177	14	11	0	39	252	242
16178	14	11	1	40	163	242
16179	14	11	2	41	18	242
16180	14	11	3	1	229	243
16181	14	11	4	2	56	243
16182	14	11	5	42	236	243
16183	14	11	6	43	28	243
16184	14	11	7	44	19	244
16185	14	11	8	45	69	245
16186	14	11	9	46	140	245
16187	14	11	10	47	35	245
16188	14	11	11	48	183	246
16189	14	11	12	49	55	246
16190	14	11	13	50	55	247
16191	14	11	14	51	26	247
16192	14	11	15	52	13	248
16193	14	11	16	53	151	248
16194	14	11	17	54	151	249
16195	14	11	18	55	51	249
16196	14	11	19	56	17	250
16197	14	11	20	57	197	250
16198	14	11	21	58	247	250
16199	14	11	22	59	126	251
16200	14	11	23	60	37	252
16201	14	11	24	61	195	252
16202	14	12	0	3	106	243
16203	14	12	1	4	48	243
16204	14	12	2	5	135	243
16205	14	12	3	6	168	243
16206	14	12	4	39	68	243
16207	14	12	5	40	34	243
16208	14	12	6	41	217	243
16209	14	12	7	42	231	244
16210	14	12	8	43	149	244
16211	14	12	9	44	84	245
16212	14	12	10	45	21	246
16213	14	12	11	46	132	246
16214	14	12	12	47	33	246
16215	14	12	13	48	11	247
16216	14	12	14	49	162	247
16217	14	12	15	50	162	248
16218	14	12	16	51	142	248
16219	14	12	17	52	71	249
16220	14	12	18	53	113	249
16221	14	12	19	54	113	250
16222	14	12	20	55	239	250
16223	14	12	21	56	251	251
16224	14	12	22	57	127	251
16225	14	12	23	58	64	251
16226	14	13	0	7	43	243
16227	14	13	1	8	144	243
16228	14	13	2	9	238	243
16229	14	13	3	10	134	243
16230	14	13	4	11	149	243
16231	14	13	5	38	161	243
16232	14	13	6	39	233	244
16233	14	13	7	40	245	244
16234	14	13	8	41	256	244
16235	14	13	9	42	93	245
16236	14	13	10	43	92	245
16237	14	13	11	44	182	246
16238	14	13	12	45	174	247
16239	14	13	13	46	29	247
16240	14	13	14	47	200	247
16241	14	13	15	48	238	248
16242	14	13	16	49	94	248
16243	14	13	17	50	94	249
16244	14	13	18	51	222	249
16245	14	13	19	52	111	250
16246	14	13	20	53	202	250
16247	14	13	21	54	202	251
16248	14	13	22	55	218	251
16249	14	14	0	12	168	243
16250	14	14	1	13	18	243
16251	14	14	2	14	12	243
16252	14	14	3	15	223	243
16253	14	14	4	35	187	243
16254	14	14	5	36	148	243
16255	14	14	6	37	147	243
16256	14	14	7	38	49	244
16257	14	14	8	39	205	245
16258	14	14	9	40	231	245
16259	14	14	10	41	212	245
16260	14	14	11	42	111	246
16261	14	14	12	43	243	246
16262	14	14	13	44	223	247
16263	14	14	14	45	120	248
16264	14	14	15	46	20	248
16265	14	14	16	47	5	248
16266	14	14	17	48	173	249
16267	14	14	18	49	118	249
16268	14	14	19	50	118	250
16269	14	14	20	51	224	250
16270	14	14	21	52	112	251
16271	14	15	0	16	97	243
16272	14	15	1	17	139	243
16273	14	15	2	18	132	243
16274	14	15	3	19	191	243
16275	14	15	4	32	174	243
16276	14	15	5	34	250	243
16277	14	15	6	35	191	244
16278	14	15	7	36	235	244
16279	14	15	8	37	190	244
16280	14	15	9	38	149	245
16281	14	15	10	39	230	246
16282	14	15	11	40	115	246
16283	14	15	12	41	31	246
16284	14	15	13	42	23	247
16285	14	15	14	43	5	247
16286	14	15	15	44	12	248
16287	14	15	16	45	3	249
16288	14	15	17	46	129	249
16289	14	15	18	47	225	249
16290	14	15	19	48	75	250
16291	14	15	20	49	170	250
16292	14	16	0	20	130	243
16293	14	16	1	21	231	243
16294	14	16	2	22	181	243
16295	14	16	3	23	166	243
16296	14	16	4	30	152	243
16297	14	16	5	33	63	243
16298	14	16	6	32	215	244
16299	14	16	7	34	199	244
16300	14	16	8	35	114	245
16301	14	16	9	36	38	245
16302	14	16	10	37	69	245
16303	14	16	11	38	23	246
16304	14	16	12	39	70	247
16305	14	16	13	40	35	247
16306	14	16	14	41	110	247
16307	14	16	15	42	114	248
16308	14	16	16	43	237	248
16309	14	16	17	44	26	249
16310	14	16	18	45	135	250
16311	14	16	19	46	151	250
16312	14	17	0	24	125	243
16313	14	17	1	25	137	243
16314	14	17	2	26	167	243
16315	14	17	3	27	243	243
16316	14	17	4	28	55	243
16317	14	17	5	31	126	243
16318	14	17	6	30	135	244
16319	14	17	7	33	173	244
16320	14	17	8	32	180	245
16321	14	17	9	34	217	245
16322	14	17	10	35	247	246
16323	14	17	11	36	168	246
16324	14	17	12	37	21	246
16325	14	17	13	38	7	247
16326	14	17	14	39	66	248
16327	14	17	15	40	33	248
16328	14	17	16	41	67	248
16329	14	17	17	42	179	249
16330	14	17	18	43	23	249
16331	14	18	0	29	45	243
16332	14	18	1	0	233	244
16333	14	18	2	1	134	244
16334	14	18	3	2	228	244
16335	14	18	4	3	233	244
16336	14	18	5	4	159	244
16337	14	18	6	5	231	244
16338	14	18	7	31	194	244
16339	14	18	8	30	146	245
16340	14	18	9	33	47	245
16341	14	18	10	32	81	246
16342	14	18	11	34	256	246
16343	14	18	12	35	64	247
16344	14	18	13	36	107	247
16345	14	18	14	37	174	247
16346	14	18	15	38	58	248
16347	14	18	16	39	143	249
16348	14	18	17	40	200	249
16349	14	19	0	6	76	244
16350	14	19	1	7	40	244
16351	14	19	2	8	16	244
16352	14	19	3	9	34	244
16353	14	19	4	10	87	244
16354	14	19	5	11	126	244
16355	14	19	6	27	117	244
16356	14	19	7	28	148	244
16357	14	19	8	29	37	244
16358	14	19	9	31	35	245
16359	14	19	10	30	77	246
16360	14	19	11	33	84	246
16361	14	19	12	32	238	247
16362	14	19	13	34	212	247
16363	14	19	14	35	53	248
16364	14	19	15	36	189	248
16365	14	19	16	37	120	248
16366	14	20	0	12	182	244
16367	14	20	1	13	176	244
16368	14	20	2	14	220	244
16369	14	20	3	15	103	244
16370	14	20	4	16	98	244
16371	14	20	5	24	178	244
16372	14	20	6	25	215	244
16373	14	20	7	26	243	244
16374	14	20	8	27	125	245
16375	14	20	9	28	235	245
16376	14	20	10	29	123	245
16377	14	20	11	31	169	246
16378	14	20	12	30	82	247
16379	14	20	13	33	22	247
16380	14	20	14	32	6	248
16381	14	20	15	34	31	248
16382	14	21	0	17	243	244
16383	14	21	1	18	85	244
16384	14	21	2	19	63	244
16385	14	21	3	20	45	244
16386	14	21	4	21	17	244
16387	14	21	5	22	1	244
16388	14	21	6	23	171	244
16389	14	21	7	24	43	245
16390	14	21	8	25	166	245
16391	14	21	9	26	141	245
16392	14	21	10	27	228	246
16393	14	21	11	28	38	246
16394	14	21	12	29	138	246
16395	14	21	13	31	104	247
16396	14	21	14	30	174	248
16397	14	22	0	0	80	245
16398	14	22	1	1	108	245
16399	14	22	2	2	151	245
16400	14	22	3	3	206	245
16401	14	22	4	4	58	245
16402	14	22	5	5	181	245
16403	14	22	6	6	248	245
16404	14	22	7	7	51	245
16405	14	22	8	8	120	245
16406	14	22	9	24	136	246
16407	14	22	10	25	17	246
16408	14	22	11	26	177	246
16409	14	22	12	27	237	247
16410	14	22	13	28	168	247
16411	14	23	0	9	82	245
16412	14	23	1	10	28	245
16413	14	23	2	11	51	245
16414	14	23	3	12	124	245
16415	14	23	4	13	61	245
16416	14	23	5	14	245	245
16417	14	23	6	15	28	245
16418	14	23	7	20	54	245
16419	14	23	8	21	133	245
16420	14	23	9	22	195	245
16421	14	23	10	23	209	245
16422	14	23	11	24	209	247
16423	14	23	12	25	251	247
16424	14	24	0	16	96	245
16425	14	24	1	17	27	245
16426	14	24	2	18	231	245
16427	14	24	3	19	13	245
16428	14	24	4	0	191	246
16429	14	24	5	1	49	246
16430	14	24	6	2	118	246
16431	14	24	7	3	163	246
16432	14	24	8	4	132	246
16433	14	24	9	20	117	246
16434	14	24	10	21	74	246
16435	14	24	11	22	37	246
16436	14	25	0	5	159	246
16437	14	25	1	6	180	246
16438	14	25	2	7	34	246
16439	14	25	3	8	72	246
16440	14	25	4	9	244	246
16441	14	25	5	10	162	246
16442	14	25	6	11	56	246
16443	14	25	7	12	138	246
16444	14	25	8	13	96	246
16445	14	25	9	14	121	246
16446	14	25	10	18	231	246
16447	14	26	0	15	38	246
16448	14	26	1	16	41	246
16449	14	26	2	17	114	246
16450	14	26	3	19	117	246
16451	14	26	4	23	122	246
16452	14	26	5	0	27	247
16453	14	26	6	1	76	247
16454	14	26	7	2	125	247
16455	14	26	8	3	106	247
16456	14	26	9	4	23	247
16457	14	27	0	5	131	247
16458	14	27	1	6	239	247
16459	14	27	2	7	153	247
16460	14	27	3	8	80	247
16461	14	27	4	9	8	247
16462	14	27	5	10	58	247
16463	14	27	6	11	96	247
16464	14	27	7	12	48	247
16465	14	27	8	13	204	247
16466	14	28	0	14	146	247
16467	14	28	1	15	121	247
16468	14	28	2	16	189	247
16469	14	28	3	17	232	247
16470	14	28	4	18	179	247
16471	14	28	5	19	86	247
16472	14	28	6	20	82	247
16473	14	28	7	21	215	247
16474	14	29	0	22	205	247
16475	14	29	1	23	74	247
16476	14	29	2	26	26	247
16477	14	29	3	29	175	247
16478	14	29	4	0	248	248
16479	14	29	5	1	6	248
16480	14	29	6	2	188	248
16481	14	30	0	3	161	248
16482	14	30	1	4	82	248
16483	14	30	2	5	94	248
16484	14	30	3	6	23	248
16485	14	30	4	7	10	248
16486	14	30	5	8	120	248
16487	14	31	0	9	206	248
16488	14	31	1	10	71	248
16489	14	31	2	11	23	248
16490	14	31	3	12	167	248
16491	14	31	4	13	58	248
16492	14	32	0	14	10	248
16493	14	32	1	15	60	248
16494	14	32	2	16	9	248
16495	14	32	3	17	81	248
16496	14	33	0	18	34	248
16497	14	33	1	19	104	248
16498	14	33	2	20	130	248
16499	14	34	0	21	247	248
16500	14	34	1	22	97	248
16501	14	35	0	23	105	248
16502	15	0	0	95	94	258
16503	15	0	1	96	117	258
16504	15	0	2	97	111	258
16505	15	0	3	98	37	259
16506	15	0	4	99	202	259
16507	15	0	5	100	101	260
16508	15	0	6	101	244	260
16509	15	0	7	102	106	261
16510	15	0	8	103	122	261
16511	15	0	9	104	53	262
16512	15	0	10	106	24	262
16513	15	0	11	105	255	263
16514	15	0	12	107	30	263
16515	15	0	13	108	10	264
16516	15	0	14	109	194	264
16517	15	0	15	110	194	265
16518	15	0	16	111	59	265
16519	15	0	17	113	252	265
16520	15	0	18	112	22	266
16521	15	0	19	114	56	267
16522	15	0	20	115	7	267
16523	15	0	21	116	88	268
16524	15	0	22	117	22	268
16525	15	0	23	118	175	268
16526	15	0	24	119	108	269
16527	15	0	25	121	118	269
16528	15	0	26	120	83	270
16529	15	0	27	122	133	271
16530	15	0	28	123	161	271
16531	15	0	29	124	209	271
16532	15	0	30	125	245	272
16533	15	0	31	127	25	272
16534	15	0	32	126	113	273
16535	15	0	33	128	214	273
16536	15	0	34	129	182	274
16537	15	0	35	131	241	274
16538	15	0	36	130	181	275
16539	15	0	37	133	85	275
16540	15	0	38	132	165	276
16541	15	0	39	134	119	276
16542	15	0	40	135	94	277
16543	15	0	41	136	187	277
16544	15	1	0	92	234	257
16545	15	1	1	93	148	257
16546	15	1	2	94	74	258
16547	15	1	3	95	147	259
16548	15	1	4	96	49	259
16549	15	1	5	97	231	259
16550	15	1	6	98	77	260
16551	15	1	7	99	212	260
16552	15	1	8	100	106	261
16553	15	1	9	101	223	261
16554	15	1	10	102	126	262
16555	15	1	11	103	15	262
16556	15	1	12	104	20	263
16557	15	1	13	106	231	263
16558	15	1	14	105	71	264
16559	15	1	15	107	118	264
16560	15	1	16	108	125	265
16561	15	1	17	109	112	265
16562	15	1	18	110	112	266
16563	15	1	19	111	95	266
16564	15	1	20	113	188	266
16565	15	1	21	112	61	267
16566	15	1	22	114	186	268
16567	15	1	23	115	216	268
16568	15	1	24	116	72	269
16569	15	1	25	117	18	269
16570	15	1	26	118	3	269
16571	15	1	27	119	65	270
16572	15	1	28	121	30	270
16573	15	1	29	120	103	271
16574	15	1	30	122	249	272
16575	15	1	31	123	85	272
16576	15	1	32	124	171	272
16577	15	1	33	125	107	273
16578	15	1	34	127	59	273
16579	15	1	35	126	84	274
16580	15	1	36	128	105	274
16581	15	1	37	129	219	275
16582	15	1	38	131	111	275
16583	15	1	39	130	47	276
16584	15	1	40	133	101	276
16585	15	2	0	89	39	256
16586	15	2	1	91	128	257
16587	15	2	2	90	191	258
16588	15	2	3	92	98	258
16589	15	2	4	93	51	258
16590	15	2	5	94	154	259
16591	15	2	6	95	167	260
16592	15	2	7	96	227	260
16593	15	2	8	97	189	260
16594	15	2	9	98	63	261
16595	15	2	10	99	80	261
16596	15	2	11	100	40	262
16597	15	2	12	101	89	262
16598	15	2	13	102	80	263
16599	15	2	14	103	246	263
16600	15	2	15	104	250	264
16601	15	2	16	106	226	264
16602	15	2	17	105	40	265
16603	15	2	18	107	190	265
16604	15	2	19	108	149	266
16605	15	2	20	109	115	266
16606	15	2	21	110	115	267
16607	15	2	22	111	31	267
16608	15	2	23	113	20	267
16609	15	2	24	112	222	268
16610	15	2	25	114	12	269
16611	15	2	26	115	130	269
16612	15	2	27	116	129	270
16613	15	2	28	117	225	270
16614	15	2	29	118	166	270
16615	15	2	30	119	170	271
16616	15	2	31	121	174	271
16617	15	2	32	120	207	272
16618	15	2	33	122	157	273
16619	15	2	34	123	163	273
16620	15	2	35	124	210	273
16621	15	2	36	125	181	274
16622	15	2	37	127	203	274
16623	15	2	38	126	66	275
16624	15	2	39	128	156	275
16625	15	3	0	86	26	256
16626	15	3	1	87	135	257
16627	15	3	2	88	151	257
16628	15	3	3	89	102	257
16629	15	3	4	91	143	258
16630	15	3	5	90	41	259
16631	15	3	6	92	197	259
16632	15	3	7	93	252	259
16633	15	3	8	94	126	260
16634	15	3	9	95	160	261
16635	15	3	10	96	139	261
16636	15	3	11	97	178	261
16637	15	3	12	98	145	262
16638	15	3	13	99	229	262
16639	15	3	14	100	243	263
16640	15	3	15	101	213	263
16641	15	3	16	102	174	264
16642	15	3	17	103	223	264
16643	15	3	18	104	41	265
16644	15	3	19	106	75	265
16645	15	3	20	105	158	266
16646	15	3	21	107	62	266
16647	15	3	22	108	192	267
16648	15	3	23	109	24	267
16649	15	3	24	110	24	268
16650	15	3	25	111	2	268
16651	15	3	26	113	166	268
16652	15	3	27	112	253	269
16653	15	3	28	114	150	270
16654	15	3	29	115	83	270
16655	15	3	30	116	199	271
16656	15	3	31	117	114	271
16657	15	3	32	118	19	271
16658	15	3	33	119	69	272
16659	15	3	34	121	48	272
16660	15	3	35	120	30	273
16661	15	3	36	122	35	274
16662	15	3	37	123	110	274
16663	15	3	38	124	55	274
16664	15	4	0	83	90	255
16665	15	4	1	85	31	256
16666	15	4	2	84	129	257
16667	15	4	3	86	68	257
16668	15	4	4	87	17	258
16669	15	4	5	88	217	258
16670	15	4	6	89	247	258
16671	15	4	7	91	23	259
16672	15	4	8	90	65	260
16673	15	4	9	92	21	260
16674	15	4	10	93	66	260
16675	15	4	11	94	33	261
16676	15	4	12	95	201	262
16677	15	4	13	96	67	262
16678	15	4	14	97	169	262
16679	15	4	15	98	142	263
16680	15	4	16	99	164	263
16681	15	4	17	100	82	264
16682	15	4	18	101	221	264
16683	15	4	19	102	74	265
16684	15	4	20	103	223	265
16685	15	4	21	104	127	266
16686	15	4	22	106	101	266
16687	15	4	23	105	168	267
16688	15	4	24	107	4	267
16689	15	4	25	108	87	268
16690	15	4	26	109	43	268
16691	15	4	27	110	43	269
16692	15	4	28	111	25	269
16693	15	4	29	113	254	269
16694	15	4	30	112	231	270
16695	15	4	31	114	76	271
16696	15	4	32	115	138	271
16697	15	4	33	116	46	272
16698	15	4	34	117	140	272
16699	15	4	35	118	109	272
16700	15	4	36	119	220	273
16701	15	4	37	121	98	273
16702	15	5	0	80	180	256
16703	15	5	1	81	15	256
16704	15	5	2	82	136	256
16705	15	5	3	83	97	256
16706	15	5	4	85	116	257
16707	15	5	5	84	256	258
16708	15	5	6	86	79	258
16709	15	5	7	87	84	259
16710	15	5	8	88	14	259
16711	15	5	9	89	132	259
16712	15	5	10	91	12	260
16713	15	5	11	90	68	261
16714	15	5	12	92	134	261
16715	15	5	13	93	54	261
16716	15	5	14	94	27	262
16717	15	5	15	95	71	263
16718	15	5	16	96	195	263
16719	15	5	17	97	185	263
16720	15	5	18	98	233	264
16721	15	5	19	99	251	264
16722	15	5	20	100	254	265
16723	15	5	21	101	64	265
16724	15	5	22	102	234	266
16725	15	5	23	103	41	266
16726	15	5	24	104	174	267
16727	15	5	25	106	251	267
16728	15	5	26	105	165	268
16729	15	5	27	107	50	268
16730	15	5	28	108	188	269
16731	15	5	29	109	152	269
16732	15	5	30	110	152	270
16733	15	5	31	111	184	270
16734	15	5	32	113	73	270
16735	15	5	33	112	218	271
16736	15	5	34	114	179	272
16737	15	5	35	115	183	272
16738	15	5	36	116	61	273
16739	15	6	0	77	30	255
16740	15	6	1	78	10	255
16741	15	6	2	79	194	255
16742	15	6	3	80	194	257
16743	15	6	4	81	59	257
16744	15	6	5	82	158	257
16745	15	6	6	83	56	257
16746	15	6	7	85	48	258
16747	15	6	8	84	206	259
16748	15	6	9	86	88	259
16749	15	6	10	87	22	260
16750	15	6	11	88	175	260
16751	15	6	12	89	108	260
16752	15	6	13	91	240	261
16753	15	6	14	90	210	262
16754	15	6	15	92	133	262
16755	15	6	16	93	161	262
16756	15	6	17	94	209	263
16757	15	6	18	95	245	264
16758	15	6	19	96	253	264
16759	15	6	20	97	128	264
16760	15	6	21	98	214	265
16761	15	6	22	99	182	265
16762	15	6	23	100	91	266
16763	15	6	24	101	29	266
16764	15	6	25	102	70	267
16765	15	6	26	103	75	267
16766	15	6	27	104	119	268
16767	15	6	28	106	67	268
16768	15	6	29	105	33	269
16769	15	6	30	107	111	269
16770	15	6	31	108	37	270
16771	15	6	32	109	101	270
16772	15	6	33	110	101	271
16773	15	6	34	111	244	271
16774	15	6	35	113	45	271
16775	15	7	0	74	20	255
16776	15	7	1	75	5	255
16777	15	7	2	76	215	255
16778	15	7	3	77	118	256
16779	15	7	4	78	125	256
16780	15	7	5	79	112	256
16781	15	7	6	80	112	258
16782	15	7	7	81	95	258
16783	15	7	8	82	176	258
16784	15	7	9	83	186	258
16785	15	7	10	85	37	259
16786	15	7	11	84	220	260
16787	15	7	12	86	72	260
16788	15	7	13	87	18	261
16789	15	7	14	88	3	261
16790	15	7	15	89	65	261
16791	15	7	16	91	13	262
16792	15	7	17	90	40	263
16793	15	7	18	92	249	263
16794	15	7	19	93	85	263
16795	15	7	20	94	171	264
16796	15	7	21	95	107	265
16797	15	7	22	96	207	265
16798	15	7	23	97	58	265
16799	15	7	24	98	105	266
16800	15	7	25	99	219	266
16801	15	7	26	100	238	267
16802	15	7	27	101	234	267
16803	15	7	28	102	11	268
16804	15	7	29	103	149	268
16805	15	7	30	104	74	269
16806	15	7	31	106	171	269
16807	15	7	32	105	139	270
16808	15	7	33	107	231	270
16809	15	7	34	108	77	271
16810	15	8	0	70	60	254
16811	15	8	1	73	204	254
16812	15	8	2	72	221	255
16813	15	8	3	74	250	256
16814	15	8	4	75	191	256
16815	15	8	5	76	246	256
16816	15	8	6	77	190	257
16817	15	8	7	78	149	257
16818	15	8	8	79	115	257
16819	15	8	9	80	115	259
16820	15	8	10	81	31	259
16821	15	8	11	82	144	259
16822	15	8	12	83	12	259
16823	15	8	13	85	107	260
16824	15	8	14	84	216	261
16825	15	8	15	86	129	261
16826	15	8	16	87	225	262
16827	15	8	17	88	166	262
16828	15	8	18	89	170	262
16829	15	8	19	91	90	263
16830	15	8	20	90	246	264
16831	15	8	21	92	157	264
16832	15	8	22	93	163	264
16833	15	8	23	94	210	265
16834	15	8	24	95	181	266
16835	15	8	25	96	146	266
16836	15	8	26	97	211	266
16837	15	8	27	98	156	267
16838	15	8	28	99	39	267
16839	15	8	29	100	148	268
16840	15	8	30	101	98	268
16841	15	8	31	102	3	269
16842	15	8	32	103	62	269
16843	15	8	33	104	154	270
16844	15	9	0	68	145	253
16845	15	9	1	69	229	254
16846	15	9	2	71	6	254
16847	15	9	3	70	240	255
16848	15	9	4	73	29	255
16849	15	9	5	72	204	256
16850	15	9	6	74	41	257
16851	15	9	7	75	203	257
16852	15	9	8	76	248	257
16853	15	9	9	77	62	258
16854	15	9	10	78	192	258
16855	15	9	11	79	24	258
16856	15	9	12	80	24	260
16857	15	9	13	81	2	260
16858	15	9	14	82	1	260
16859	15	9	15	83	150	260
16860	15	9	16	85	42	261
16861	15	9	17	84	34	262
16862	15	9	18	86	199	262
16863	15	9	19	87	114	263
16864	15	9	20	88	19	263
16865	15	9	21	89	69	263
16866	15	9	22	91	26	264
16867	15	9	23	90	174	265
16868	15	9	24	92	35	265
16869	15	9	25	93	110	265
16870	15	9	26	94	55	266
16871	15	9	27	95	78	267
16872	15	9	28	96	26	267
16873	15	9	29	97	196	267
16874	15	9	30	98	151	268
16875	15	9	31	99	102	268
16876	15	9	32	100	51	269
16877	15	10	0	65	201	253
16878	15	10	1	66	67	254
16879	15	10	2	67	169	254
16880	15	10	3	68	142	254
16881	15	10	4	69	164	255
16882	15	10	5	71	126	255
16883	15	10	6	70	207	256
16884	15	10	7	73	204	256
16885	15	10	8	72	98	257
16886	15	10	9	74	127	258
16887	15	10	10	75	96	258
16888	15	10	11	76	16	258
16889	15	10	12	77	4	259
16890	15	10	13	78	87	259
16891	15	10	14	79	43	259
16892	15	10	15	80	43	261
16893	15	10	16	81	25	261
16894	15	10	17	82	141	261
16895	15	10	18	83	76	261
16896	15	10	19	85	201	262
16897	15	10	20	84	224	263
16898	15	10	21	86	46	263
16899	15	10	22	87	140	264
16900	15	10	23	88	109	264
16901	15	10	24	89	220	264
16902	15	10	25	91	80	265
16903	15	10	26	90	114	266
16904	15	10	27	92	52	266
16905	15	10	28	93	90	266
16906	15	10	29	94	45	267
16907	15	10	30	95	204	268
16908	15	10	31	96	68	268
16909	15	11	0	62	134	253
16910	15	11	1	63	54	253
16911	15	11	2	64	27	253
16912	15	11	3	65	71	254
16913	15	11	4	66	195	255
16914	15	11	5	67	185	255
16915	15	11	6	68	233	255
16916	15	11	7	69	251	256
16917	15	11	8	71	28	256
16918	15	11	9	70	117	257
16919	15	11	10	73	119	257
16920	15	11	11	72	36	258
16921	15	11	12	74	174	259
16922	15	11	13	75	172	259
16923	15	11	14	76	200	259
16924	15	11	15	77	50	260
16925	15	11	16	78	188	260
16926	15	11	17	79	152	260
16927	15	11	18	80	152	262
16928	15	11	19	81	184	262
16929	15	11	20	82	92	262
16930	15	11	21	83	179	262
16931	15	11	22	85	133	263
16932	15	11	23	84	88	264
16933	15	11	24	86	61	264
16934	15	11	25	87	208	265
16935	15	11	26	88	206	265
16936	15	11	27	89	180	265
16937	15	11	28	91	122	266
16938	15	11	29	90	10	267
16939	15	11	30	92	136	267
16940	15	12	0	59	108	252
16941	15	12	1	60	224	253
16942	15	12	2	61	32	253
16943	15	12	3	62	133	254
16944	15	12	4	63	161	254
16945	15	12	5	64	209	254
16946	15	12	6	65	245	255
16947	15	12	7	66	253	256
16948	15	12	8	67	128	256
16949	15	12	9	68	214	256
16950	15	12	10	69	182	257
16951	15	12	11	71	159	257
16952	15	12	12	70	82	258
16953	15	12	13	73	141	258
16954	15	12	14	72	94	259
16955	15	12	15	74	119	260
16956	15	12	16	75	94	260
16957	15	12	17	76	187	260
16958	15	12	18	77	111	261
16959	15	12	19	78	37	261
16960	15	12	20	79	101	261
16961	15	12	21	80	101	263
16962	15	12	22	81	244	263
16963	15	12	23	82	122	263
16964	15	12	24	83	53	263
16965	15	12	25	85	253	264
16966	15	12	26	84	144	265
16967	15	12	27	86	120	265
16968	15	12	28	87	30	266
16969	15	12	29	88	5	266
16970	15	13	0	56	72	252
16971	15	13	1	57	18	252
16972	15	13	2	58	3	252
16973	15	13	3	59	65	253
16974	15	13	4	60	41	254
16975	15	13	5	61	50	254
16976	15	13	6	62	249	255
16977	15	13	7	63	85	255
16978	15	13	8	64	171	255
16979	15	13	9	65	107	256
16980	15	13	10	66	207	257
16981	15	13	11	67	58	257
16982	15	13	12	68	105	257
16983	15	13	13	69	219	258
16984	15	13	14	71	114	258
16985	15	13	15	70	39	259
16986	15	13	16	73	30	259
16987	15	13	17	72	91	260
16988	15	13	18	74	74	261
16989	15	13	19	75	147	261
16990	15	13	20	76	153	261
16991	15	13	21	77	231	262
16992	15	13	22	78	77	262
16993	15	13	23	79	106	262
16994	15	13	24	80	106	264
16995	15	13	25	81	223	264
16996	15	13	26	82	240	264
16997	15	13	27	83	20	264
16998	15	13	28	84	20	266
16999	15	14	0	53	12	251
17000	15	14	1	54	12	252
17001	15	14	2	55	130	252
17002	15	14	3	56	129	253
17003	15	14	4	57	225	253
17004	15	14	5	58	166	253
17005	15	14	6	59	170	254
17006	15	14	7	60	206	255
17007	15	14	8	61	162	255
17008	15	14	9	62	157	256
17009	15	14	10	63	163	256
17010	15	14	11	64	210	256
17011	15	14	12	65	181	257
17012	15	14	13	66	146	258
17013	15	14	14	67	211	258
17014	15	14	15	68	156	258
17015	15	14	16	69	39	259
17016	15	14	17	71	44	259
17017	15	14	18	70	161	260
17018	15	14	19	73	114	260
17019	15	14	20	72	66	261
17020	15	14	21	74	154	262
17021	15	14	22	75	167	262
17022	15	14	23	76	242	262
17023	15	14	24	77	189	263
17024	15	14	25	78	63	263
17025	15	14	26	79	40	263
17026	15	14	27	80	40	265
17027	15	15	0	50	24	251
17028	15	15	1	51	2	251
17029	15	15	2	52	1	252
17030	15	15	3	53	150	252
17031	15	15	4	54	150	253
17032	15	15	5	55	83	253
17033	15	15	6	56	199	254
17034	15	15	7	57	114	254
17035	15	15	8	58	19	254
17036	15	15	9	59	69	255
17037	15	15	10	60	93	256
17038	15	15	11	61	84	256
17039	15	15	12	62	35	257
17040	15	15	13	63	110	257
17041	15	15	14	64	55	257
17042	15	15	15	65	78	258
17043	15	15	16	66	26	259
17044	15	15	17	67	196	259
17045	15	15	18	68	151	259
17046	15	15	19	69	102	260
17047	15	15	20	71	121	260
17048	15	15	21	70	106	261
17049	15	15	22	73	90	261
17050	15	15	23	72	84	262
17051	15	15	24	74	126	263
17052	15	15	25	75	160	263
17053	15	15	26	76	198	263
17054	15	16	0	47	4	250
17055	15	16	1	48	87	251
17056	15	16	2	49	43	251
17057	15	16	3	50	43	252
17058	15	16	4	51	25	252
17059	15	16	5	52	141	253
17060	15	16	6	53	76	253
17061	15	16	7	54	76	254
17062	15	16	8	55	138	254
17063	15	16	9	56	46	255
17064	15	16	10	57	140	255
17065	15	16	11	58	109	255
17066	15	16	12	59	220	256
17067	15	16	13	60	78	257
17068	15	16	14	61	61	257
17069	15	16	15	62	52	258
17070	15	16	16	63	90	258
17071	15	16	17	64	45	258
17072	15	16	18	65	204	259
17073	15	16	19	66	68	260
17074	15	16	20	67	137	260
17075	15	16	21	68	217	260
17076	15	16	22	69	247	261
17077	15	16	23	71	5	261
17078	15	16	24	70	21	262
17079	15	16	25	73	243	262
17080	15	17	0	44	174	250
17081	15	17	1	45	172	251
17082	15	17	2	46	200	251
17083	15	17	3	47	50	251
17084	15	17	4	48	188	252
17085	15	17	5	49	152	252
17086	15	17	6	50	152	253
17087	15	17	7	51	184	253
17088	15	17	8	52	92	254
17089	15	17	9	53	179	254
17090	15	17	10	54	179	255
17091	15	17	11	55	183	255
17092	15	17	12	56	61	256
17093	15	17	13	57	208	256
17094	15	17	14	58	206	256
17095	15	17	15	59	180	257
17096	15	17	16	60	76	258
17097	15	17	17	61	11	258
17098	15	17	18	62	136	259
17099	15	17	19	63	97	259
17100	15	17	20	64	177	259
17101	15	17	21	65	237	260
17102	15	17	22	66	79	261
17103	15	17	23	67	42	261
17104	15	17	24	68	14	261
17105	15	18	0	41	29	249
17106	15	18	1	42	198	250
17107	15	18	2	43	229	250
17108	15	18	3	44	119	251
17109	15	18	4	45	94	252
17110	15	18	5	46	187	252
17111	15	18	6	47	111	252
17112	15	18	7	48	37	253
17113	15	18	8	49	101	253
17114	15	18	9	50	101	254
17115	15	18	10	51	244	254
17116	15	18	11	52	122	255
17117	15	18	12	53	53	255
17118	15	18	13	54	53	256
17119	15	18	14	55	103	256
17120	15	18	15	56	120	257
17121	15	18	16	57	30	257
17122	15	18	17	58	5	257
17123	15	18	18	59	194	258
17124	15	18	19	60	121	259
17125	15	18	20	61	145	259
17126	15	18	21	62	158	260
17127	15	18	22	63	56	260
17128	15	18	23	64	28	260
17129	15	19	0	38	105	249
17130	15	19	1	39	219	250
17131	15	19	2	40	238	250
17132	15	19	3	41	234	250
17133	15	19	4	42	100	251
17134	15	19	5	43	204	251
17135	15	19	6	44	74	252
17136	15	19	7	45	147	253
17137	15	19	8	46	153	253
17138	15	19	9	47	231	253
17139	15	19	10	48	77	254
17140	15	19	11	49	106	254
17141	15	19	12	50	106	255
17142	15	19	13	51	223	255
17143	15	19	14	52	240	256
17144	15	19	15	53	20	256
17145	15	19	16	54	20	257
17146	15	19	17	55	131	257
17147	15	19	18	56	215	258
17148	15	19	19	57	118	258
17149	15	19	20	58	191	258
17150	15	19	21	59	112	259
17151	15	19	22	60	145	260
17152	15	20	0	35	181	249
17153	15	20	1	36	146	249
17154	15	20	2	37	211	249
17155	15	20	3	38	156	250
17156	15	20	4	39	39	251
17157	15	20	5	40	148	251
17158	15	20	6	41	98	251
17159	15	20	7	42	218	252
17160	15	20	8	43	15	252
17161	15	20	9	44	154	253
17162	15	20	10	45	167	254
17163	15	20	11	46	242	254
17164	15	20	12	47	189	254
17165	15	20	13	48	63	255
17166	15	20	14	49	40	255
17167	15	20	15	50	40	256
17168	15	20	16	51	89	256
17169	15	20	17	52	173	257
17170	15	20	18	53	250	257
17171	15	20	19	54	250	258
17172	15	20	20	55	224	258
17173	15	20	21	56	246	259
17174	15	21	0	33	199	248
17175	15	21	1	32	155	249
17176	15	21	2	34	55	249
17177	15	21	3	35	78	250
17178	15	21	4	36	26	250
17179	15	21	5	37	196	250
17180	15	21	6	38	151	251
17181	15	21	7	39	102	252
17182	15	21	8	40	51	252
17183	15	21	9	41	197	252
17184	15	21	10	42	105	253
17185	15	21	11	43	185	253
17186	15	21	12	44	126	254
17187	15	21	13	45	160	255
17188	15	21	14	46	198	255
17189	15	21	15	47	178	255
17190	15	21	16	48	145	256
17191	15	21	17	49	243	256
17192	15	21	18	50	243	257
17193	15	21	19	51	213	257
17194	15	21	20	52	235	258
17195	15	22	0	24	48	248
17196	15	22	1	31	44	248
17197	15	22	2	30	254	249
17198	15	22	3	33	47	249
17199	15	22	4	32	59	250
17200	15	22	5	34	45	250
17201	15	22	6	35	204	251
17202	15	22	7	36	68	251
17203	15	22	8	37	137	251
17204	15	22	9	38	217	252
17205	15	22	10	39	247	253
17206	15	22	11	40	252	253
17207	15	22	12	41	21	253
17208	15	22	13	42	45	254
17209	15	22	14	43	221	254
17210	15	22	15	44	33	255
17211	15	22	16	45	201	256
17212	15	22	17	46	162	256
17213	15	22	18	47	169	256
17214	15	22	19	48	142	257
17215	15	23	0	25	57	248
17216	15	23	1	27	208	248
17217	15	23	2	28	206	248
17218	15	23	3	29	180	248
17219	15	23	4	31	186	249
17220	15	23	5	30	200	250
17221	15	23	6	33	86	250
17222	15	23	7	32	2	251
17223	15	23	8	34	177	251
17224	15	23	9	35	237	252
17225	15	23	10	36	79	252
17226	15	23	11	37	42	252
17227	15	23	12	38	14	253
17228	15	23	13	39	132	254
17229	15	23	14	40	66	254
17230	15	23	15	41	134	254
17231	15	23	16	42	203	255
17232	15	23	17	43	190	255
17233	15	23	18	44	27	256
17234	15	24	0	26	76	248
17235	15	24	1	0	156	249
17236	15	24	2	1	50	249
17237	15	24	3	2	252	249
17238	15	24	4	27	30	249
17239	15	24	5	28	5	249
17240	15	24	6	29	194	249
17241	15	24	7	31	88	250
17242	15	24	8	30	154	251
17243	15	24	9	33	139	251
17244	15	24	10	32	14	252
17245	15	24	11	34	28	252
17246	15	24	12	35	7	253
17247	15	24	13	36	88	253
17248	15	24	14	37	11	253
17249	15	24	15	38	175	254
17250	15	24	16	39	108	255
17251	15	24	17	40	54	255
17252	15	25	0	3	92	249
17253	15	25	1	4	214	249
17254	15	25	2	5	32	249
17255	15	25	3	6	52	249
17256	15	25	4	24	20	249
17257	15	25	5	25	131	249
17258	15	25	6	26	215	249
17259	15	25	7	27	118	250
17260	15	25	8	28	191	250
17261	15	25	9	29	112	250
17262	15	25	10	31	251	251
17263	15	25	11	30	30	252
17264	15	25	12	33	189	252
17265	15	25	13	32	43	253
17266	15	25	14	34	93	253
17267	15	25	15	35	216	254
17268	15	25	16	36	72	254
17269	15	26	0	7	79	249
17270	15	26	1	8	114	249
17271	15	26	2	9	92	249
17272	15	26	3	10	251	249
17273	15	26	4	11	195	249
17274	15	26	5	12	176	249
17275	15	26	6	13	113	249
17276	15	26	7	24	250	250
17277	15	26	8	25	224	250
17278	15	26	9	26	246	250
17279	15	26	10	27	190	251
17280	15	26	11	28	203	251
17281	15	26	12	29	115	251
17282	15	26	13	31	235	252
17283	15	26	14	30	192	253
17284	15	26	15	33	161	253
17285	15	27	0	14	122	249
17286	15	27	1	15	168	249
17287	15	27	2	16	93	249
17288	15	27	3	17	38	249
17289	15	27	4	18	45	249
17290	15	27	5	19	160	249
17291	15	27	6	20	243	249
17292	15	27	7	21	213	249
17293	15	27	8	22	235	249
17294	15	27	9	23	41	249
17295	15	27	10	24	41	251
17296	15	27	11	25	230	251
17297	15	27	12	26	248	251
17298	15	27	13	27	62	252
17299	15	27	14	28	96	252
17300	15	28	0	0	198	250
17301	15	28	1	1	234	250
17302	15	28	2	2	46	250
17303	15	28	3	3	57	250
17304	15	28	4	4	70	250
17305	15	28	5	5	157	250
17306	15	28	6	6	195	250
17307	15	28	7	7	31	250
17308	15	28	8	8	85	250
17309	15	28	9	20	82	250
17310	15	28	10	21	221	250
17311	15	28	11	22	239	250
17312	15	28	12	23	127	250
17313	15	28	13	24	127	252
17314	15	29	0	9	3	250
17315	15	29	1	10	134	250
17316	15	29	2	11	208	250
17317	15	29	3	12	90	250
17318	15	29	4	13	92	250
17319	15	29	5	14	186	250
17320	15	29	6	15	215	250
17321	15	29	7	16	82	250
17322	15	29	8	17	123	250
17323	15	29	9	18	242	250
17324	15	29	10	19	172	250
17325	15	29	11	20	221	251
17326	15	29	12	21	254	251
17327	15	30	0	0	256	251
17328	15	30	1	1	162	251
17329	15	30	2	2	190	251
17330	15	30	3	3	212	251
17331	15	30	4	4	144	251
17332	15	30	5	5	12	251
17333	15	30	6	6	219	251
17334	15	30	7	7	104	251
17335	15	30	8	8	59	251
17336	15	30	9	9	100	251
17337	15	30	10	10	6	251
17338	15	30	11	11	165	251
17339	15	31	0	12	8	251
17340	15	31	1	13	12	251
17341	15	31	2	14	51	251
17342	15	31	3	15	251	251
17343	15	31	4	16	196	251
17344	15	31	5	17	187	251
17345	15	31	6	18	50	251
17346	15	31	7	19	157	251
17347	15	31	8	22	244	251
17348	15	31	9	23	247	251
17349	15	31	10	0	13	252
17350	15	32	0	1	249	252
17351	15	32	1	2	47	252
17352	15	32	2	3	120	252
17353	15	32	3	4	143	252
17354	15	32	4	5	42	252
17355	15	32	5	6	145	252
17356	15	32	6	7	177	252
17357	15	32	7	8	27	252
17358	15	32	8	9	184	252
17359	15	32	9	10	253	252
17360	15	33	0	11	215	252
17361	15	33	1	12	101	252
17362	15	33	2	13	58	252
17363	15	33	3	14	40	252
17364	15	33	4	15	97	252
17365	15	33	5	16	90	252
17366	15	33	6	17	162	252
17367	15	33	7	18	192	252
17368	15	33	8	19	96	252
17369	15	34	0	20	144	252
17370	15	34	1	21	111	252
17371	15	34	2	22	7	252
17372	15	34	3	23	76	252
17373	15	34	4	25	226	252
17374	15	34	5	26	95	252
17375	15	34	6	29	131	252
17376	15	34	7	0	111	253
17377	15	35	0	1	65	253
17378	15	35	1	2	86	253
17379	15	35	2	3	50	253
17380	15	35	3	4	20	253
17381	15	35	4	5	149	253
17382	15	35	5	6	244	253
17383	15	35	6	7	256	253
17384	15	36	0	8	183	253
17385	15	36	1	9	4	253
17386	15	36	2	10	47	253
17387	15	36	3	11	59	253
17388	15	36	4	12	251	253
17389	15	36	5	13	95	253
17390	15	37	0	14	94	253
17391	15	37	1	15	153	253
17392	15	37	2	16	169	253
17393	15	37	3	17	55	253
17394	15	37	4	18	87	253
17395	15	38	0	19	46	253
17396	15	38	1	20	55	253
17397	15	38	2	21	35	253
17398	15	38	3	22	139	253
17399	15	39	0	23	152	253
17400	15	39	1	24	151	253
17401	15	39	2	25	186	253
17402	15	40	0	26	177	253
17403	15	40	1	27	88	253
17404	15	41	0	28	16	253
17405	16	0	0	29	79	253
17406	16	0	1	31	229	253
17407	16	0	2	0	246	254
17408	16	0	3	1	168	254
17409	16	0	4	2	140	254
17410	16	0	5	3	66	254
17411	16	0	6	4	152	254
17412	16	0	7	5	146	254
17413	16	0	8	6	61	254
17414	16	0	9	7	103	254
17415	16	0	10	8	240	254
17416	16	0	11	9	201	254
17417	16	0	12	10	6	254
17418	16	0	13	11	71	254
17419	16	0	14	12	216	254
17420	16	0	15	13	246	254
17421	16	0	16	14	89	254
17422	16	0	17	15	178	254
17423	16	0	18	16	15	254
17424	16	0	19	17	7	254
17425	16	0	20	18	175	254
17426	16	1	0	19	250	254
17427	16	1	1	20	23	254
17428	16	1	2	21	76	254
17429	16	1	3	22	166	254
17430	16	1	4	23	189	254
17431	16	1	5	24	147	254
17432	16	1	6	25	41	254
17433	16	1	7	26	230	254
17434	16	1	8	27	41	254
17435	16	1	9	28	17	254
17436	16	1	10	29	30	254
17437	16	1	11	30	237	254
17438	16	1	12	31	156	254
17439	16	1	13	32	126	254
17440	16	1	14	33	21	254
17441	16	1	15	34	80	254
17442	16	1	16	37	89	254
17443	16	1	17	0	156	255
17444	16	1	18	1	107	255
17445	16	1	19	2	153	255
17446	16	2	0	3	236	255
17447	16	2	1	4	119	255
17448	16	2	2	5	150	255
17449	16	2	3	6	16	255
17450	16	2	4	7	37	255
17451	16	2	5	8	163	255
17452	16	2	6	9	217	255
17453	16	2	7	10	91	255
17454	16	2	8	11	183	255
17455	16	2	9	12	8	255
17456	16	2	10	13	25	255
17457	16	2	11	14	2	255
17458	16	2	12	15	117	255
17459	16	2	13	16	91	255
17460	16	2	14	17	213	255
17461	16	2	15	18	184	255
17462	16	2	16	19	195	255
17463	16	2	17	20	251	255
17464	16	2	18	21	57	255
17465	16	3	0	22	114	255
17466	16	3	1	23	185	255
17467	16	3	2	24	160	255
17468	16	3	3	25	215	255
17469	16	3	4	26	214	255
17470	16	3	5	27	142	255
17471	16	3	6	28	76	255
17472	16	3	7	29	195	255
17473	16	3	8	30	62	255
17474	16	3	9	31	144	255
17475	16	3	10	32	52	255
17476	16	3	11	33	33	255
17477	16	3	12	34	12	255
17478	16	3	13	35	208	255
17479	16	3	14	36	131	255
17480	16	3	15	37	227	255
17481	16	3	16	38	37	255
17482	16	3	17	41	37	255
17483	16	4	0	0	151	256
17484	16	4	1	1	220	256
17485	16	4	2	2	23	256
17486	16	4	3	3	56	256
17487	16	4	4	4	52	256
17488	16	4	5	5	19	256
17489	16	4	6	6	196	256
17490	16	4	7	7	83	256
17491	16	4	8	8	210	256
17492	16	4	9	9	182	256
17493	16	4	10	10	200	256
17494	16	4	11	11	166	256
17495	16	4	12	12	76	256
17496	16	4	13	13	97	256
17497	16	4	14	14	48	256
17498	16	4	15	15	232	256
17499	16	4	16	16	255	256
17500	16	5	0	17	115	256
17501	16	5	1	18	141	256
17502	16	5	2	19	21	256
17503	16	5	3	20	50	256
17504	16	5	4	21	44	256
17505	16	5	5	22	149	256
17506	16	5	6	23	121	256
17507	16	5	7	24	46	256
17508	16	5	8	25	60	256
17509	16	5	9	26	175	256
17510	16	5	10	27	195	256
17511	16	5	11	28	40	256
17512	16	5	12	29	131	256
17513	16	5	13	30	151	256
17514	16	5	14	31	123	256
17515	16	5	15	32	224	256
17516	16	6	0	33	21	256
17517	16	6	1	34	117	256
17518	16	6	2	35	106	256
17519	16	6	3	36	201	256
17520	16	6	4	37	197	256
17521	16	6	5	38	129	256
17522	16	6	6	39	191	256
17523	16	6	7	40	104	256
17524	16	6	8	41	176	256
17525	16	6	9	42	11	256
17526	16	6	10	43	78	256
17527	16	6	11	0	91	257
17528	16	6	12	1	138	257
17529	16	6	13	2	238	257
17530	16	6	14	3	178	257
17531	16	7	0	4	142	257
17532	16	7	1	5	242	257
17533	16	7	2	6	167	257
17534	16	7	3	7	229	257
17535	16	7	4	8	48	257
17536	16	7	5	9	242	257
17537	16	7	6	10	132	257
17538	16	7	7	11	241	257
17539	16	7	8	12	49	257
17540	16	7	9	13	218	257
17541	16	7	10	14	30	257
17542	16	7	11	15	197	257
17543	16	7	12	16	235	257
17544	16	7	13	17	57	257
17545	16	8	0	18	2	257
17546	16	8	1	19	251	257
17547	16	8	2	20	75	257
17548	16	8	3	21	200	257
17549	16	8	4	22	211	257
17550	16	8	5	23	229	257
17551	16	8	6	24	168	257
17552	16	8	7	25	87	257
17553	16	8	8	26	122	257
17554	16	8	9	27	196	257
17555	16	8	10	28	202	257
17556	16	8	11	29	116	257
17557	16	8	12	30	106	257
17558	16	9	0	31	215	257
17559	16	9	1	32	12	257
17560	16	9	2	33	232	257
17561	16	9	3	34	29	257
17562	16	9	4	35	116	257
17563	16	9	5	36	182	257
17564	16	9	6	37	31	257
17565	16	9	7	38	252	257
17566	16	9	8	39	115	257
17567	16	9	9	40	177	257
17568	16	9	10	41	19	257
17569	16	9	11	42	98	257
17570	16	10	0	43	21	257
17571	16	10	1	44	208	257
17572	16	10	2	45	92	257
17573	16	10	3	46	160	257
17574	16	10	4	47	148	257
17575	16	10	5	49	114	257
17576	16	10	6	0	101	258
17577	16	10	7	1	222	258
17578	16	10	8	2	120	258
17579	16	10	9	3	136	258
17580	16	10	10	4	255	258
17581	16	11	0	5	163	258
17582	16	11	1	6	13	258
17583	16	11	2	7	213	258
17584	16	11	3	8	77	258
17585	16	11	4	9	91	258
17586	16	11	5	10	81	258
17587	16	11	6	11	81	258
17588	16	11	7	12	197	258
17589	16	11	8	13	244	258
17590	16	11	9	14	62	258
17591	16	12	0	15	110	258
17592	16	12	1	16	166	258
17593	16	12	2	17	66	258
17594	16	12	3	18	88	258
17595	16	12	4	19	11	258
17596	16	12	5	20	23	258
17597	16	12	6	21	62	258
17598	16	12	7	22	191	258
17599	16	12	8	23	232	258
17600	16	13	0	24	87	258
17601	16	13	1	25	216	258
17602	16	13	2	26	245	258
17603	16	13	3	27	130	258
17604	16	13	4	28	82	258
17605	16	13	5	29	59	258
17606	16	13	6	30	95	258
17607	16	13	7	31	36	258
17608	16	14	0	32	247	258
17609	16	14	1	33	253	258
17610	16	14	2	34	129	258
17611	16	14	3	35	185	258
17612	16	14	4	36	34	258
17613	16	14	5	37	134	258
17614	16	14	6	38	138	258
17615	16	15	0	0	225	259
17616	16	15	1	39	123	258
17617	16	15	2	40	134	258
17618	16	15	3	41	117	258
17619	16	15	4	42	56	258
17620	16	15	5	43	183	258
17621	16	16	0	0	225	260
17622	16	16	1	44	185	258
17623	16	16	2	45	10	258
17624	16	16	3	46	244	258
17625	16	16	4	47	172	258
17626	16	17	0	0	225	261
17627	16	17	1	48	119	258
17628	16	17	2	49	94	258
17629	16	17	3	50	145	258
17630	16	18	0	0	225	262
17631	16	18	1	1	34	259
17632	16	18	2	51	126	258
17633	16	19	0	0	225	263
17634	16	19	1	1	34	260
17635	16	20	0	0	225	264
17636	17	0	0	53	177	258
17637	17	0	1	2	139	259
17638	17	0	2	3	175	259
17639	17	0	3	4	230	259
17640	17	0	4	5	252	259
17641	17	0	5	6	217	259
17642	17	0	6	7	68	259
17643	17	0	7	8	214	259
17644	17	0	8	9	197	259
17645	17	0	9	10	250	259
17646	17	0	10	11	203	259
17647	17	0	11	12	160	259
17648	17	0	12	13	103	259
17649	17	0	13	14	170	259
17650	17	0	14	15	6	259
17651	17	0	15	16	65	259
17652	17	0	16	17	24	259
17653	17	0	17	18	76	259
17654	17	0	18	19	94	259
17655	17	0	19	20	247	259
17656	17	0	20	21	17	259
17657	17	0	21	22	117	259
17658	17	0	22	23	94	259
17659	17	0	23	24	192	259
17660	17	1	0	25	112	259
17661	17	1	1	26	80	259
17662	17	1	2	27	68	259
17663	17	1	3	28	139	259
17664	17	1	4	29	17	259
17665	17	1	5	30	161	259
17666	17	1	6	31	201	259
17667	17	1	7	32	186	259
17668	17	1	8	33	100	259
17669	17	1	9	34	172	259
17670	17	1	10	35	93	259
17671	17	1	11	36	196	259
17672	17	1	12	37	181	259
17673	17	1	13	38	116	259
17674	17	1	14	39	163	259
17675	17	1	15	40	146	259
17676	17	1	16	41	155	259
17677	17	1	17	42	116	259
17678	17	1	18	43	256	259
17679	17	1	19	44	123	259
17680	17	1	20	45	163	259
17681	17	1	21	46	175	259
17682	17	1	22	47	3	259
17683	17	2	0	48	220	259
17684	17	2	1	49	106	259
17685	17	2	2	50	21	259
17686	17	2	3	51	34	259
17687	17	2	4	52	38	259
17688	17	2	5	53	104	259
17689	17	2	6	54	156	259
17690	17	2	7	55	89	259
17691	17	2	8	57	13	259
17692	17	2	9	58	109	259
17693	17	2	10	2	32	260
17694	17	2	11	3	34	260
17695	17	2	12	4	151	260
17696	17	2	13	5	77	260
17697	17	2	14	6	181	260
17698	17	2	15	7	98	260
17699	17	2	16	8	151	260
17700	17	2	17	9	227	260
17701	17	2	18	10	195	260
17702	17	2	19	11	97	260
17703	17	2	20	12	234	260
17704	17	2	21	13	180	260
17705	17	3	0	14	252	260
17706	17	3	1	15	111	260
17707	17	3	2	16	190	260
17708	17	3	3	17	97	260
17709	17	3	4	18	249	260
17710	17	3	5	19	209	260
17711	17	3	6	20	254	260
17712	17	3	7	21	112	260
17713	17	3	8	22	6	260
17714	17	3	9	23	230	260
17715	17	3	10	24	76	260
17716	17	3	11	25	178	260
17717	17	3	12	26	138	260
17718	17	3	13	27	108	260
17719	17	3	14	28	20	260
17720	17	3	15	29	33	260
17721	17	3	16	30	231	260
17722	17	3	17	31	63	260
17723	17	3	18	32	102	260
17724	17	3	19	33	84	260
17725	17	3	20	34	9	260
17726	17	4	0	35	7	260
17727	17	4	1	36	58	260
17728	17	4	2	37	30	260
17729	17	4	3	38	99	260
17730	17	4	4	39	53	260
17731	17	4	5	40	164	260
17732	17	4	6	41	73	260
17733	17	4	7	42	188	260
17734	17	4	8	43	97	260
17735	17	4	9	44	56	260
17736	17	4	10	45	82	260
17737	17	4	11	46	2	260
17738	17	4	12	47	160	260
17739	17	4	13	48	89	260
17740	17	4	14	49	77	260
17741	17	4	15	50	214	260
17742	17	4	16	51	233	260
17743	17	4	17	52	221	260
17744	17	4	18	53	10	260
17745	17	4	19	54	77	260
17746	17	5	0	55	144	260
17747	17	5	1	56	68	260
17748	17	5	2	57	145	260
17749	17	5	3	58	76	260
17750	17	5	4	59	254	260
17751	17	5	5	61	165	260
17752	17	5	6	1	154	261
17753	17	5	7	2	134	261
17754	17	5	8	3	244	261
17755	17	5	9	4	211	261
17756	17	5	10	5	21	261
17757	17	5	11	6	52	261
17758	17	5	12	7	175	261
17759	17	5	13	8	185	261
17760	17	5	14	9	23	261
17761	17	5	15	10	48	261
17762	17	5	16	11	91	261
17763	17	5	17	12	183	261
17764	17	5	18	13	155	261
17765	17	6	0	14	251	261
17766	17	6	1	15	182	261
17767	17	6	2	16	243	261
17768	17	6	3	17	121	261
17769	17	6	4	18	19	261
17770	17	6	5	19	117	261
17771	17	6	6	20	118	261
17772	17	6	7	21	240	261
17773	17	6	8	22	196	261
17774	17	6	9	23	223	261
17775	17	6	10	24	74	261
17776	17	6	11	25	108	261
17777	17	6	12	26	78	261
17778	17	6	13	27	143	261
17779	17	6	14	28	225	261
17780	17	6	15	29	181	261
17781	17	6	16	30	111	261
17782	17	6	17	31	177	261
17783	17	7	0	32	218	261
17784	17	7	1	33	187	261
17785	17	7	2	34	182	261
17786	17	7	3	35	35	261
17787	17	7	4	36	194	261
17788	17	7	5	37	231	261
17789	17	7	6	38	108	261
17790	17	7	7	39	157	261
17791	17	7	8	40	245	261
17792	17	7	9	41	126	261
17793	17	7	10	42	231	261
17794	17	7	11	43	210	261
17795	17	7	12	44	121	261
17796	17	7	13	45	44	261
17797	17	7	14	46	49	261
17798	17	7	15	47	251	261
17799	17	7	16	48	92	261
17800	17	8	0	49	220	261
17801	17	8	1	50	200	261
17802	17	8	2	51	114	261
17803	17	8	3	52	167	261
17804	17	8	4	53	118	261
17805	17	8	5	54	34	261
17806	17	8	6	55	6	261
17807	17	8	7	56	112	261
17808	17	8	8	57	235	261
17809	17	8	9	58	36	261
17810	17	8	10	59	145	261
17811	17	8	11	60	15	261
17812	17	8	12	61	143	261
17813	17	8	13	62	247	261
17814	17	8	14	63	142	261
17815	17	8	15	64	117	261
17816	17	9	0	65	78	261
17817	17	9	1	1	186	262
17818	17	9	2	2	198	262
17819	17	9	3	3	30	262
17820	17	9	4	4	51	262
17821	17	9	5	5	223	262
17822	17	9	6	6	123	262
17823	17	9	7	7	232	262
17824	17	9	8	8	127	262
17825	17	9	9	9	139	262
17826	17	9	10	10	105	262
17827	17	9	11	11	146	262
17828	17	9	12	12	179	262
17829	17	9	13	13	236	262
17830	17	9	14	14	9	262
17831	17	10	0	15	228	262
17832	17	10	1	16	190	262
17833	17	10	2	17	29	262
17834	17	10	3	18	107	262
17835	17	10	4	19	216	262
17836	17	10	5	20	130	262
17837	17	10	6	21	196	262
17838	17	10	7	22	52	262
17839	17	10	8	23	150	262
17840	17	10	9	24	114	262
17841	17	10	10	25	25	262
17842	17	10	11	26	29	262
17843	17	10	12	27	149	262
17844	17	10	13	28	218	262
17845	17	11	0	29	121	262
17846	17	11	1	30	138	262
17847	17	11	2	31	29	262
17848	17	11	3	32	69	262
17849	17	11	4	33	11	262
17850	17	11	5	34	39	262
17851	17	11	6	35	156	262
17852	17	11	7	36	128	262
17853	17	11	8	37	100	262
17854	17	11	9	38	244	262
17855	17	11	10	39	37	262
17856	17	11	11	40	234	262
17857	17	11	12	41	178	262
17858	17	12	0	42	117	262
17859	17	12	1	43	128	262
17860	17	12	2	44	183	262
17861	17	12	3	45	255	262
17862	17	12	4	46	61	262
17863	17	12	5	47	203	262
17864	17	12	6	48	175	262
17865	17	12	7	49	38	262
17866	17	12	8	50	18	262
17867	17	12	9	51	138	262
17868	17	12	10	52	9	262
17869	17	12	11	53	48	262
17870	17	13	0	54	31	262
17871	17	13	1	55	133	262
17872	17	13	2	56	131	262
17873	17	13	3	57	98	262
17874	17	13	4	58	131	262
17875	17	13	5	59	10	262
17876	17	13	6	60	162	262
17877	17	13	7	61	256	262
17878	17	13	8	62	188	262
17879	17	13	9	63	21	262
17880	17	13	10	64	121	262
17881	17	14	0	65	74	262
17882	17	14	1	66	141	262
17883	17	14	2	67	129	262
17884	17	14	3	68	128	262
17885	17	14	4	69	100	262
17886	17	14	5	71	41	262
17887	17	14	6	1	25	263
17888	17	14	7	2	148	263
17889	17	14	8	3	244	263
17890	17	14	9	4	197	263
17891	17	15	0	5	69	263
17892	17	15	1	6	116	263
17893	17	15	2	7	253	263
17894	17	15	3	8	48	263
17895	17	15	4	9	239	263
17896	17	15	5	10	252	263
17897	17	15	6	11	164	263
17898	17	15	7	12	82	263
17899	17	15	8	13	144	263
17900	17	16	0	14	213	263
17901	17	16	1	15	53	263
17902	17	16	2	16	241	263
17903	17	16	3	17	62	263
17904	17	16	4	18	255	263
17905	17	16	5	19	105	263
17906	17	16	6	20	74	263
17907	17	16	7	21	126	263
17908	17	17	0	22	134	263
17909	17	17	1	23	249	263
17910	17	17	2	24	100	263
17911	17	17	3	25	186	263
17912	17	17	4	26	175	263
17913	17	17	5	27	224	263
17914	17	17	6	28	84	263
17915	17	18	0	29	29	263
17916	17	18	1	30	255	263
17917	17	18	2	31	9	263
17918	17	18	3	32	138	263
17919	17	18	4	33	136	263
17920	17	18	5	34	52	263
17921	17	19	0	35	197	263
17922	17	19	1	36	194	263
17923	17	19	2	37	4	263
17924	17	19	3	38	26	263
17925	17	19	4	39	69	263
17926	17	20	0	40	155	263
17927	17	20	1	41	218	263
17928	17	20	2	42	126	263
17929	17	20	3	43	34	263
17930	17	21	0	44	75	263
17931	17	21	1	45	240	263
17932	17	21	2	46	120	263
17933	17	22	0	47	167	263
17934	17	22	1	48	150	263
17935	17	23	0	1	216	264
17936	18	0	0	49	20	263
17937	18	0	1	50	76	263
17938	18	0	2	51	50	263
17939	18	0	3	52	241	263
17940	18	0	4	53	88	263
17941	18	0	5	54	99	263
17942	18	0	6	55	87	263
17943	18	0	7	56	250	263
17944	18	0	8	57	158	263
17945	18	0	9	58	134	263
17946	18	0	10	59	112	263
17947	18	0	11	60	125	263
17948	18	0	12	61	119	263
17949	18	0	13	62	172	263
17950	18	0	14	63	139	263
17951	18	0	15	64	241	263
17952	18	0	16	65	42	263
17953	18	0	17	66	241	263
17954	18	0	18	67	205	263
17955	18	0	19	68	171	263
17956	18	0	20	69	177	263
17957	18	0	21	70	76	263
17958	18	0	22	71	124	263
17959	18	0	23	72	2	263
17960	18	0	24	73	146	263
17961	18	0	25	2	189	264
17962	18	0	26	3	32	264
17963	18	0	27	4	47	264
17964	18	0	28	5	153	264
17965	18	1	0	7	1	264
17966	18	1	1	6	25	264
17967	18	1	2	8	183	264
17968	18	1	3	9	91	264
17969	18	1	4	10	212	264
17970	18	1	5	11	234	264
17971	18	1	6	12	250	264
17972	18	1	7	13	103	264
17973	18	1	8	14	35	264
17974	18	1	9	15	189	264
17975	18	1	10	16	68	264
17976	18	1	11	17	87	264
17977	18	1	12	18	160	264
17978	18	1	13	19	202	264
17979	18	1	14	20	14	264
17980	18	1	15	21	34	264
17981	18	1	16	22	80	264
17982	18	1	17	23	153	264
17983	18	1	18	24	175	264
17984	18	1	19	25	161	264
17985	18	1	20	26	51	264
17986	18	1	21	27	101	264
17987	18	1	22	28	48	264
17988	18	1	23	29	110	264
17989	18	1	24	30	121	264
17990	18	1	25	31	135	264
17991	18	1	26	32	131	264
17992	18	1	27	33	169	264
17993	18	2	0	34	46	264
17994	18	2	1	35	238	264
17995	18	2	2	36	201	264
17996	18	2	3	37	76	264
17997	18	2	4	38	44	264
17998	18	2	5	39	29	264
17999	18	2	6	40	240	264
18000	18	2	7	41	90	264
18001	18	2	8	42	158	264
18002	18	2	9	43	160	264
18003	18	2	10	44	218	264
18004	18	2	11	45	79	264
18005	18	2	12	46	143	264
18006	18	2	13	47	168	264
18007	18	2	14	48	141	264
18008	18	2	15	49	30	264
18009	18	2	16	50	39	264
18010	18	2	17	51	217	264
18011	18	2	18	52	141	264
18012	18	2	19	53	208	264
18013	18	2	20	54	134	264
18014	18	2	21	55	27	264
18015	18	2	22	56	99	264
18016	18	2	23	57	210	264
18017	18	2	24	58	243	264
18018	18	2	25	66	103	264
18019	18	2	26	67	24	264
18020	18	3	0	59	184	264
18021	18	3	1	60	68	264
18022	18	3	2	61	69	264
18023	18	3	3	62	249	264
18024	18	3	4	63	212	264
18025	18	3	5	64	139	264
18026	18	3	6	65	104	264
18027	18	3	7	68	241	264
18028	18	3	8	69	54	264
18029	18	3	9	70	216	264
18030	18	3	10	71	106	264
18031	18	3	11	72	249	264
18032	18	3	12	73	70	264
18033	18	3	13	74	163	264
18034	18	3	14	75	108	264
18035	18	3	15	76	196	264
18036	18	3	16	77	30	264
18037	18	3	17	78	112	264
18038	18	3	18	79	112	264
18039	18	3	19	0	128	265
18040	18	3	20	1	255	265
18041	18	3	21	2	171	265
18042	18	3	22	3	166	265
18043	18	3	23	4	76	265
18044	18	3	24	5	218	265
18045	18	3	25	6	114	265
18046	18	4	0	7	140	265
18047	18	4	1	8	109	265
18048	18	4	2	9	113	265
18049	18	4	3	10	67	265
18050	18	4	4	11	106	265
18051	18	4	5	12	93	265
18052	18	4	6	13	191	265
18053	18	4	7	14	85	265
18054	18	4	8	15	123	265
18055	18	4	9	16	204	265
18056	18	4	10	17	177	265
18057	18	4	11	18	88	265
18058	18	4	12	19	97	265
18059	18	4	13	20	211	265
18060	18	4	14	21	175	265
18061	18	4	15	22	84	265
18062	18	4	16	23	240	265
18063	18	4	17	24	252	265
18064	18	4	18	25	210	265
18065	18	4	19	26	110	265
18066	18	4	20	27	220	265
18067	18	4	21	28	145	265
18068	18	4	22	29	77	265
18069	18	4	23	30	100	265
18070	18	4	24	31	133	265
18071	18	5	0	32	55	265
18072	18	5	1	33	195	265
18073	18	5	2	34	121	265
18074	18	5	3	35	223	265
18075	18	5	4	36	87	265
18076	18	5	5	37	77	265
18077	18	5	6	38	5	265
18078	18	5	7	39	251	265
18079	18	5	8	40	86	265
18080	18	5	9	41	129	265
18081	18	5	10	42	90	265
18082	18	5	11	43	116	265
18083	18	5	12	44	37	265
18084	18	5	13	45	53	265
18085	18	5	14	46	195	265
18086	18	5	15	47	8	265
18087	18	5	16	48	26	265
18088	18	5	17	49	171	265
18089	18	5	18	50	53	265
18090	18	5	19	51	6	265
18091	18	5	20	52	119	265
18092	18	5	21	53	126	265
18093	18	5	22	54	100	265
18094	18	5	23	55	228	265
18095	18	6	0	56	212	265
18096	18	6	1	57	26	265
18097	18	6	2	58	211	265
18098	18	6	3	59	202	265
18099	18	6	4	60	48	265
18100	18	6	5	61	1	265
18101	18	6	6	62	140	265
18102	18	6	7	63	51	265
18103	18	6	8	64	223	265
18104	18	6	9	65	9	265
18105	18	6	10	66	109	265
18106	18	6	11	67	82	265
18107	18	6	12	68	239	265
18108	18	6	13	69	181	265
18109	18	6	14	70	74	265
18110	18	6	15	71	56	265
18111	18	6	16	72	95	265
18112	18	6	17	73	36	265
18113	18	6	18	74	124	265
18114	18	6	19	75	252	265
18115	18	6	20	76	140	265
18116	18	6	21	77	128	265
18117	18	6	22	78	92	265
18118	18	7	0	79	58	265
18119	18	7	1	81	175	265
18120	18	7	2	82	165	265
18121	18	7	3	83	132	265
18122	18	7	4	85	25	265
18123	18	7	5	0	77	266
18124	18	7	6	1	132	266
18125	18	7	7	2	230	266
18126	18	7	8	3	203	266
18127	18	7	9	4	132	266
18128	18	7	10	5	243	266
18129	18	7	11	6	18	266
18130	18	7	12	7	63	266
18131	18	7	13	8	11	266
18132	18	7	14	9	185	266
18133	18	7	15	10	221	266
18134	18	7	16	11	243	266
18135	18	7	17	12	107	266
18136	18	7	18	13	43	266
18137	18	7	19	14	150	266
18138	18	7	20	15	254	266
18139	18	7	21	16	249	266
18140	18	8	0	17	249	266
18141	18	8	1	18	154	266
18142	18	8	2	19	42	266
18143	18	8	3	20	30	266
18144	18	8	4	21	60	266
18145	18	8	5	22	81	266
18146	18	8	6	23	84	266
18147	18	8	7	24	209	266
18148	18	8	8	25	173	266
18149	18	8	9	26	200	266
18150	18	8	10	27	256	266
18151	18	8	11	28	191	266
18152	18	8	12	29	40	266
18153	18	8	13	30	188	266
18154	18	8	14	31	220	266
18155	18	8	15	32	72	266
18156	18	8	16	33	165	266
18157	18	8	17	34	46	266
18158	18	8	18	35	48	266
18159	18	8	19	36	141	266
18160	18	8	20	37	41	266
18161	18	9	0	38	252	266
18162	18	9	1	39	173	266
18163	18	9	2	40	23	266
18164	18	9	3	41	143	266
18165	18	9	4	42	28	266
18166	18	9	5	43	195	266
18167	18	9	6	44	167	266
18168	18	9	7	45	246	266
18169	18	9	8	46	234	266
18170	18	9	9	47	233	266
18171	18	9	10	48	60	266
18172	18	9	11	49	100	266
18173	18	9	12	50	154	266
18174	18	9	13	51	49	266
18175	18	9	14	52	32	266
18176	18	9	15	53	243	266
18177	18	9	16	54	49	266
18178	18	9	17	55	210	266
18179	18	9	18	56	73	266
18180	18	9	19	57	40	266
18181	18	10	0	58	142	266
18182	18	10	1	59	128	266
18183	18	10	2	60	142	266
18184	18	10	3	61	20	266
18185	18	10	4	62	33	266
18186	18	10	5	63	161	266
18187	18	10	6	64	122	266
18188	18	10	7	65	218	266
18189	18	10	8	66	64	266
18190	18	10	9	67	150	266
18191	18	10	10	68	146	266
18192	18	10	11	69	176	266
18193	18	10	12	70	130	266
18194	18	10	13	71	105	266
18195	18	10	14	72	66	266
18196	18	10	15	73	176	266
18197	18	10	16	74	7	266
18198	18	10	17	75	97	266
18199	18	10	18	76	157	266
18200	18	11	0	77	8	266
18201	18	11	1	78	184	266
18202	18	11	2	79	245	266
18203	18	11	3	80	94	266
18204	18	11	4	81	17	266
18205	18	11	5	82	214	266
18206	18	11	6	83	114	266
18207	18	11	7	85	132	266
18208	18	11	8	86	126	266
18209	18	11	9	89	156	266
18210	18	11	10	0	89	267
18211	18	11	11	1	234	267
18212	18	11	12	2	25	267
18213	18	11	13	3	146	267
18214	18	11	14	4	109	267
18215	18	11	15	5	184	267
18216	18	11	16	6	203	267
18217	18	11	17	7	77	267
18218	18	12	0	8	17	267
18219	18	12	1	9	4	267
18220	18	12	2	10	47	267
18221	18	12	3	11	138	267
18222	18	12	4	12	212	267
18223	18	12	5	13	139	267
18224	18	12	6	14	235	267
18225	18	12	7	15	208	267
18226	18	12	8	16	140	267
18227	18	12	9	17	183	267
18228	18	12	10	18	79	267
18229	18	12	11	19	45	267
18230	18	12	12	20	44	267
18231	18	12	13	21	31	267
18232	18	12	14	22	125	267
18233	18	12	15	23	25	267
18234	18	12	16	24	255	267
18235	18	13	0	25	17	267
18236	18	13	1	26	86	267
18237	18	13	2	27	159	267
18238	18	13	3	28	75	267
18239	18	13	4	29	154	267
18240	18	13	5	30	15	267
18241	18	13	6	31	150	267
18242	18	13	7	32	201	267
18243	18	13	8	33	22	267
18244	18	13	9	34	136	267
18245	18	13	10	35	148	267
18246	18	13	11	36	224	267
18247	18	13	12	37	121	267
18248	18	13	13	38	64	267
18249	18	13	14	39	112	267
18250	18	13	15	40	254	267
18251	18	14	0	41	243	267
18252	18	14	1	42	206	267
18253	18	14	2	43	24	267
18254	18	14	3	44	10	267
18255	18	14	4	45	122	267
18256	18	14	5	46	215	267
18257	18	14	6	47	39	267
18258	18	14	7	48	141	267
18259	18	14	8	49	170	267
18260	18	14	9	50	4	267
18261	18	14	10	51	174	267
18262	18	14	11	52	67	267
18263	18	14	12	53	198	267
18264	18	14	13	54	25	267
18265	18	14	14	55	32	267
18266	18	15	0	56	15	267
18267	18	15	1	57	117	267
18268	18	15	2	58	235	267
18269	18	15	3	59	219	267
18270	18	15	4	60	189	267
18271	18	15	5	61	225	267
18272	18	15	6	62	221	267
18273	18	15	7	63	133	267
18274	18	15	8	64	169	267
18275	18	15	9	65	93	267
18276	18	15	10	66	2	267
18277	18	15	11	67	165	267
18278	18	15	12	68	176	267
18279	18	15	13	69	198	267
18280	18	16	0	70	92	267
18281	18	16	1	71	201	267
18282	18	16	2	72	91	267
18283	18	16	3	73	205	267
18284	18	16	4	74	185	267
18285	18	16	5	75	188	267
18286	18	16	6	76	19	267
18287	18	16	7	77	18	267
18288	18	16	8	78	252	267
18289	18	16	9	79	61	267
18290	18	16	10	80	3	267
18291	18	16	11	81	137	267
18292	18	16	12	82	48	267
18293	18	17	0	83	229	267
18294	18	17	1	84	251	267
18295	18	17	2	85	8	267
18296	18	17	3	86	111	267
18297	18	17	4	87	8	267
18298	18	17	5	88	120	267
18299	18	17	6	89	241	267
18300	18	17	7	91	230	267
18301	18	17	8	93	82	267
18302	18	17	9	0	242	268
18303	18	17	10	1	114	268
18304	18	17	11	2	127	268
18305	18	18	0	3	119	268
18306	18	18	1	4	29	268
18307	18	18	2	5	89	268
18308	18	18	3	6	217	268
18309	18	18	4	7	196	268
18310	18	18	5	8	205	268
18311	18	18	6	9	2	268
18312	18	18	7	10	36	268
18313	18	18	8	11	191	268
18314	18	18	9	12	212	268
18315	18	18	10	13	106	268
18316	18	19	0	14	200	268
18317	18	19	1	15	3	268
18318	18	19	2	16	106	268
18319	18	19	3	17	171	268
18320	18	19	4	18	148	268
18321	18	19	5	19	200	268
18322	18	19	6	20	197	268
18323	18	19	7	21	252	268
18324	18	19	8	22	153	268
18325	18	19	9	23	43	268
18326	18	20	0	24	7	268
18327	18	20	1	25	247	268
18328	18	20	2	26	121	268
18329	18	20	3	27	227	268
18330	18	20	4	28	37	268
18331	18	20	5	29	136	268
18332	18	20	6	30	30	268
18333	18	20	7	31	147	268
18334	18	20	8	32	48	268
18335	18	21	0	33	93	268
18336	18	21	1	34	63	268
18337	18	21	2	35	189	268
18338	18	21	3	36	71	268
18339	18	21	4	37	15	268
18340	18	21	5	38	256	268
18341	18	21	6	39	24	268
18342	18	21	7	40	46	268
18343	18	22	0	41	190	268
18344	18	22	1	42	158	268
18345	18	22	2	43	122	268
18346	18	22	3	44	172	268
18347	18	22	4	45	21	268
18348	18	22	5	46	161	268
18349	18	22	6	47	122	268
18350	18	23	0	48	28	268
18351	18	23	1	49	207	268
18352	18	23	2	50	80	268
18353	18	23	3	51	94	268
18354	18	23	4	52	89	268
18355	18	23	5	53	28	268
18356	18	24	0	54	121	268
18357	18	24	1	55	100	268
18358	18	24	2	56	83	268
18359	18	24	3	57	198	268
18360	18	24	4	58	223	268
18361	18	25	0	59	84	268
18362	18	25	1	60	42	268
18363	18	25	2	61	69	268
18364	18	25	3	62	61	268
18365	18	26	0	63	126	268
18366	18	26	1	64	60	268
18367	18	26	2	65	50	268
18368	18	27	0	66	145	268
18369	18	27	1	68	151	268
18370	18	28	0	67	71	268
18371	19	0	0	69	125	268
18372	19	0	1	70	131	268
18373	19	0	2	71	9	268
18374	19	0	3	72	124	268
18375	19	0	4	73	225	268
18376	19	0	5	74	134	268
18377	19	0	6	75	200	268
18378	19	0	7	76	90	268
18379	19	0	8	77	232	268
18380	19	0	9	78	110	268
18381	19	0	10	79	182	268
18382	19	0	11	80	202	268
18383	19	0	12	81	60	268
18384	19	0	13	82	55	268
18385	19	0	14	83	59	268
18386	19	0	15	84	60	268
18387	19	0	16	85	215	268
18388	19	0	17	86	181	268
18389	19	0	18	90	181	268
18390	19	0	19	92	92	268
18391	19	0	20	94	201	268
18392	19	0	21	97	16	268
18393	19	0	22	95	239	269
18394	19	0	23	96	16	269
18395	19	0	24	98	215	269
18396	19	0	25	99	150	269
18397	19	0	26	101	125	269
18398	19	0	27	100	256	270
18399	19	0	28	102	187	270
18400	19	0	29	103	196	270
18401	19	0	30	106	86	270
18402	19	0	31	104	158	271
18403	19	0	32	105	51	271
18404	19	0	33	107	241	271
18405	19	0	34	109	214	271
18406	19	1	0	87	118	268
18407	19	1	1	88	137	268
18408	19	1	2	89	163	268
18409	19	1	3	91	104	268
18410	19	1	4	93	51	268
18411	19	1	5	0	17	269
18412	19	1	6	1	182	269
18413	19	1	7	2	93	269
18414	19	1	8	3	65	269
18415	19	1	9	4	95	269
18416	19	1	10	5	84	269
18417	19	1	11	6	134	269
18418	19	1	12	7	49	269
18419	19	1	13	8	245	269
18420	19	1	14	9	122	269
18421	19	1	15	10	199	269
18422	19	1	16	11	253	269
18423	19	1	17	12	194	269
18424	19	1	18	13	81	269
18425	19	1	19	14	116	269
18426	19	1	20	15	186	269
18427	19	1	21	90	102	269
18428	19	1	22	92	21	269
18429	19	1	23	94	234	269
18430	19	1	24	97	34	269
18431	19	1	25	95	250	270
18432	19	1	26	96	159	270
18433	19	1	27	98	47	270
18434	19	1	28	99	236	270
18435	19	1	29	101	179	270
18436	19	1	30	100	17	271
18437	19	1	31	102	152	271
18438	19	1	32	103	97	271
18439	19	1	33	106	194	271
18440	19	2	0	17	243	269
18441	19	2	1	16	179	269
18442	19	2	2	18	17	269
18443	19	2	3	19	220	269
18444	19	2	4	20	192	269
18445	19	2	5	21	242	269
18446	19	2	6	22	228	269
18447	19	2	7	23	103	269
18448	19	2	8	24	131	269
18449	19	2	9	25	32	269
18450	19	2	10	26	234	269
18451	19	2	11	27	117	269
18452	19	2	12	28	173	269
18453	19	2	13	29	85	269
18454	19	2	14	30	198	269
18455	19	2	15	31	224	269
18456	19	2	16	32	124	269
18457	19	2	17	33	59	269
18458	19	2	18	34	84	269
18459	19	2	19	84	38	269
18460	19	2	20	87	85	269
18461	19	2	21	88	85	269
18462	19	2	22	91	183	269
18463	19	2	23	93	108	269
18464	19	2	24	90	85	270
18465	19	2	25	92	32	270
18466	19	2	26	94	142	270
18467	19	2	27	97	76	270
18468	19	2	28	95	237	271
18469	19	2	29	96	121	271
18470	19	2	30	98	235	271
18471	19	2	31	99	152	271
18472	19	2	32	101	207	271
18473	19	3	0	35	160	269
18474	19	3	1	36	215	269
18475	19	3	2	37	247	269
18476	19	3	3	38	79	269
18477	19	3	4	39	6	269
18478	19	3	5	40	134	269
18479	19	3	6	41	209	269
18480	19	3	7	42	21	269
18481	19	3	8	43	254	269
18482	19	3	9	44	69	269
18483	19	3	10	45	129	269
18484	19	3	11	46	89	269
18485	19	3	12	47	234	269
18486	19	3	13	48	196	269
18487	19	3	14	49	238	269
18488	19	3	15	50	123	269
18489	19	3	16	51	29	269
18490	19	3	17	52	109	269
18491	19	3	18	53	229	269
18492	19	3	19	80	230	269
18493	19	3	20	86	29	269
18494	19	3	21	89	119	269
18495	19	3	22	84	126	270
18496	19	3	23	87	122	270
18497	19	3	24	88	255	270
18498	19	3	25	91	4	270
18499	19	3	26	93	179	270
18500	19	3	27	90	129	271
18501	19	3	28	92	207	271
18502	19	3	29	94	196	271
18503	19	3	30	97	76	271
18504	19	3	31	95	193	272
18505	19	4	0	54	8	269
18506	19	4	1	55	176	269
18507	19	4	2	56	205	269
18508	19	4	3	57	256	269
18509	19	4	4	58	36	269
18510	19	4	5	59	141	269
18511	19	4	6	60	26	269
18512	19	4	7	61	94	269
18513	19	4	8	62	100	269
18514	19	4	9	63	211	269
18515	19	4	10	64	67	269
18516	19	4	11	65	103	269
18517	19	4	12	66	123	269
18518	19	4	13	67	255	269
18519	19	4	14	68	28	269
18520	19	4	15	69	155	269
18521	19	4	16	70	26	269
18522	19	4	17	71	192	269
18523	19	4	18	81	167	269
18524	19	4	19	82	146	269
18525	19	4	20	83	256	269
18526	19	4	21	85	73	269
18527	19	4	22	80	199	270
18528	19	4	23	86	159	270
18529	19	4	24	89	198	270
18530	19	4	25	84	45	271
18531	19	4	26	87	97	271
18532	19	4	27	88	103	271
18533	19	4	28	91	91	271
18534	19	4	29	93	253	271
18535	19	4	30	90	117	272
18536	19	5	0	72	98	269
18537	19	5	1	73	157	269
18538	19	5	2	74	5	269
18539	19	5	3	75	93	269
18540	19	5	4	76	22	269
18541	19	5	5	77	240	269
18542	19	5	6	78	230	269
18543	19	5	7	79	29	269
18544	19	5	8	0	88	270
18545	19	5	9	1	97	270
18546	19	5	10	2	53	270
18547	19	5	11	3	56	270
18548	19	5	12	4	180	270
18549	19	5	13	5	110	270
18550	19	5	14	6	123	270
18551	19	5	15	7	196	270
18552	19	5	16	8	49	270
18553	19	5	17	9	128	270
18554	19	5	18	10	58	270
18555	19	5	19	11	253	270
18556	19	5	20	12	157	270
18557	19	5	21	81	67	270
18558	19	5	22	82	62	270
18559	19	5	23	83	75	270
18560	19	5	24	85	4	270
18561	19	5	25	80	37	271
18562	19	5	26	86	100	271
18563	19	5	27	89	202	271
18564	19	5	28	84	97	272
18565	19	5	29	87	147	272
18566	19	6	0	13	255	270
18567	19	6	1	14	9	270
18568	19	6	2	15	145	270
18569	19	6	3	16	2	270
18570	19	6	4	17	139	270
18571	19	6	5	18	134	270
18572	19	6	6	19	234	270
18573	19	6	7	20	79	270
18574	19	6	8	21	151	270
18575	19	6	9	22	23	270
18576	19	6	10	23	239	270
18577	19	6	11	24	85	270
18578	19	6	12	25	152	270
18579	19	6	13	26	35	270
18580	19	6	14	27	89	270
18581	19	6	15	28	25	270
18582	19	6	16	29	217	270
18583	19	6	17	30	20	270
18584	19	6	18	74	165	270
18585	19	6	19	75	145	270
18586	19	6	20	76	162	270
18587	19	6	21	77	238	270
18588	19	6	22	78	94	270
18589	19	6	23	79	229	270
18590	19	6	24	81	93	271
18591	19	6	25	82	166	271
18592	19	6	26	83	126	271
18593	19	6	27	85	109	271
18594	19	6	28	80	92	272
18595	19	7	0	31	142	270
18596	19	7	1	32	44	270
18597	19	7	2	33	64	270
18598	19	7	3	34	214	270
18599	19	7	4	35	113	270
18600	19	7	5	36	87	270
18601	19	7	6	37	61	270
18602	19	7	7	38	134	270
18603	19	7	8	39	212	270
18604	19	7	9	40	229	270
18605	19	7	10	41	253	270
18606	19	7	11	42	2	270
18607	19	7	12	43	1	270
18608	19	7	13	44	137	270
18609	19	7	14	45	120	270
18610	19	7	15	46	197	270
18611	19	7	16	47	223	270
18612	19	7	17	48	153	270
18613	19	7	18	70	174	270
18614	19	7	19	72	203	270
18615	19	7	20	73	101	270
18616	19	7	21	74	54	271
18617	19	7	22	75	211	271
18618	19	7	23	76	39	271
18619	19	7	24	77	162	271
18620	19	7	25	78	213	271
18621	19	7	26	79	117	271
18622	19	7	27	81	26	272
18623	19	8	0	49	211	270
18624	19	8	1	50	203	270
18625	19	8	2	51	238	270
18626	19	8	3	52	144	270
18627	19	8	4	53	71	270
18628	19	8	5	54	208	270
18629	19	8	6	55	81	270
18630	19	8	7	56	45	270
18631	19	8	8	57	7	270
18632	19	8	9	58	77	270
18633	19	8	10	59	114	270
18634	19	8	11	60	75	270
18635	19	8	12	61	70	270
18636	19	8	13	62	17	270
18637	19	8	14	63	181	270
18638	19	8	15	64	81	270
18639	19	8	16	66	103	270
18640	19	8	17	67	24	270
18641	19	8	18	68	3	270
18642	19	8	19	69	52	270
18643	19	8	20	71	248	270
18644	19	8	21	70	103	271
18645	19	8	22	72	237	271
18646	19	8	23	73	7	271
18647	19	8	24	74	13	272
18648	19	8	25	75	27	272
18649	19	8	26	76	195	272
18650	19	9	0	65	172	270
18651	19	9	1	0	186	271
18652	19	9	2	1	65	271
18653	19	9	3	2	1	271
18654	19	9	4	3	30	271
18655	19	9	5	4	69	271
18656	19	9	6	5	154	271
18657	19	9	7	6	185	271
18658	19	9	8	7	79	271
18659	19	9	9	8	104	271
18660	19	9	10	9	162	271
18661	19	9	11	10	12	271
18662	19	9	12	11	60	271
18663	19	9	13	12	8	271
18664	19	9	14	13	35	271
18665	19	9	15	14	55	271
18666	19	9	16	15	215	271
18667	19	9	17	16	3	271
18668	19	9	18	17	66	271
18669	19	9	19	66	1	271
18670	19	9	20	67	120	271
18671	19	9	21	68	15	271
18672	19	9	22	69	3	271
18673	19	9	23	71	97	271
18674	19	9	24	70	185	272
18675	19	9	25	72	122	272
18676	19	10	0	18	35	271
18677	19	10	1	19	217	271
18678	19	10	2	20	170	271
18679	19	10	3	21	215	271
18680	19	10	4	22	237	271
18681	19	10	5	23	241	271
18682	19	10	6	24	77	271
18683	19	10	7	25	17	271
18684	19	10	8	26	62	271
18685	19	10	9	27	233	271
18686	19	10	10	28	209	271
18687	19	10	11	29	245	271
18688	19	10	12	30	116	271
18689	19	10	13	31	27	271
18690	19	10	14	32	37	271
18691	19	10	15	33	106	271
18692	19	10	16	34	124	271
18693	19	10	17	60	40	271
18694	19	10	18	62	178	271
18695	19	10	19	63	86	271
18696	19	10	20	64	100	271
18697	19	10	21	65	20	271
18698	19	10	22	66	5	272
18699	19	10	23	67	86	272
18700	19	10	24	68	75	272
18701	19	11	0	35	78	271
18702	19	11	1	36	252	271
18703	19	11	2	37	49	271
18704	19	11	3	38	79	271
18705	19	11	4	39	139	271
18706	19	11	5	40	95	271
18707	19	11	6	41	34	271
18708	19	11	7	42	11	271
18709	19	11	8	43	32	271
18710	19	11	9	44	137	271
18711	19	11	10	45	67	271
18712	19	11	11	46	23	271
18713	19	11	12	47	123	271
18714	19	11	13	48	91	271
18715	19	11	14	49	192	271
18716	19	11	15	50	212	271
18717	19	11	16	51	100	271
18718	19	11	17	56	22	271
18719	19	11	18	59	145	271
18720	19	11	19	61	190	271
18721	19	11	20	60	200	272
18722	19	11	21	62	119	272
18723	19	11	22	63	173	272
18724	19	11	23	64	243	272
18725	19	12	0	52	53	271
18726	19	12	1	53	56	271
18727	19	12	2	54	35	271
18728	19	12	3	55	59	271
18729	19	12	4	57	7	271
18730	19	12	5	58	190	271
18731	19	12	6	0	163	272
18732	19	12	7	1	4	272
18733	19	12	8	2	19	272
18734	19	12	9	3	36	272
18735	19	12	10	4	143	272
18736	19	12	11	5	62	272
18737	19	12	12	6	144	272
18738	19	12	13	7	106	272
18739	19	12	14	8	144	272
18740	19	12	15	9	244	272
18741	19	12	16	10	157	272
18742	19	12	17	11	242	272
18743	19	12	18	12	22	272
18744	19	12	19	13	75	272
18745	19	12	20	56	147	272
18746	19	12	21	59	211	272
18747	19	12	22	61	179	272
18748	19	13	0	14	77	272
18749	19	13	1	15	111	272
18750	19	13	2	16	73	272
18751	19	13	3	17	191	272
18752	19	13	4	18	207	272
18753	19	13	5	19	144	272
18754	19	13	6	20	217	272
18755	19	13	7	21	1	272
18756	19	13	8	22	17	272
18757	19	13	9	23	12	272
18758	19	13	10	24	221	272
18759	19	13	11	25	165	272
18760	19	13	12	26	240	272
18761	19	13	13	27	129	272
18762	19	13	14	28	23	272
18763	19	13	15	29	241	272
18764	19	13	16	30	50	272
18765	19	13	17	31	179	272
18766	19	13	18	52	149	272
18767	19	13	19	54	26	272
18768	19	13	20	55	36	272
18769	19	13	21	57	152	272
18770	19	14	0	32	216	272
18771	19	14	1	33	89	272
18772	19	14	2	34	162	272
18773	19	14	3	35	109	272
18774	19	14	4	36	104	272
18775	19	14	5	37	164	272
18776	19	14	6	38	214	272
18777	19	14	7	39	66	272
18778	19	14	8	40	55	272
18779	19	14	9	41	143	272
18780	19	14	10	42	189	272
18781	19	14	11	43	186	272
18782	19	14	12	44	99	272
18783	19	14	13	45	174	272
18784	19	14	14	46	45	272
18785	19	14	15	47	160	272
18786	19	14	16	48	239	272
18787	19	14	17	49	91	272
18788	19	14	18	50	2	272
18789	19	14	19	51	180	272
18790	19	14	20	53	164	272
18791	19	15	0	58	199	272
18792	19	15	1	65	3	272
18793	19	15	2	69	54	272
18794	19	15	3	71	103	272
18795	19	15	4	73	227	272
18796	19	15	5	77	228	272
18797	19	15	6	78	138	272
18798	19	15	7	79	94	272
18799	19	15	8	82	201	272
18800	19	15	9	83	232	272
18801	19	15	10	85	92	272
18802	19	15	11	86	59	272
18803	19	15	12	88	63	272
18804	19	15	13	89	55	272
18805	19	15	14	91	220	272
18806	19	15	15	92	124	272
18807	19	15	16	93	143	272
18808	19	15	17	94	225	272
18809	19	15	18	96	228	272
18810	19	15	19	97	81	272
18811	19	16	0	98	28	272
18812	19	16	1	99	204	272
18813	19	16	2	100	146	272
18814	19	16	3	101	254	272
18815	19	16	4	102	53	272
18816	19	16	5	103	97	272
18817	19	16	6	104	27	272
18818	19	16	7	105	105	272
18819	19	16	8	106	28	272
18820	19	16	9	107	190	272
18821	19	16	10	108	142	272
18822	19	16	11	109	247	272
18823	19	16	12	110	97	272
18824	19	16	13	111	241	272
18825	19	16	14	112	128	272
18826	19	16	15	113	58	272
18827	19	16	16	0	20	273
18828	19	16	17	1	197	273
18829	19	16	18	2	1	273
18830	19	17	0	3	13	273
18831	19	17	1	4	205	273
18832	19	17	2	5	125	273
18833	19	17	3	6	97	273
18834	19	17	4	7	179	273
18835	19	17	5	8	95	273
18836	19	17	6	9	202	273
18837	19	17	7	10	234	273
18838	19	17	8	11	153	273
18839	19	17	9	12	194	273
18840	19	17	10	13	57	273
18841	19	17	11	14	227	273
18842	19	17	12	15	2	273
18843	19	17	13	16	64	273
18844	19	17	14	17	145	273
18845	19	17	15	18	88	273
18846	19	17	16	19	126	273
18847	19	17	17	20	81	273
18848	19	18	0	22	110	273
18849	19	18	1	21	251	273
18850	19	18	2	23	167	273
18851	19	18	3	24	81	273
18852	19	18	4	25	64	273
18853	19	18	5	26	21	273
18854	19	18	6	27	199	273
18855	19	18	7	28	145	273
18856	19	18	8	29	24	273
18857	19	18	9	30	72	273
18858	19	18	10	31	179	273
18859	19	18	11	32	228	273
18860	19	18	12	33	121	273
18861	19	18	13	34	79	273
18862	19	18	14	35	67	273
18863	19	18	15	36	47	273
18864	19	18	16	37	125	273
18865	19	19	0	38	193	273
18866	19	19	1	39	103	273
18867	19	19	2	40	177	273
18868	19	19	3	41	85	273
18869	19	19	4	42	18	273
18870	19	19	5	43	212	273
18871	19	19	6	44	180	273
18872	19	19	7	45	255	273
18873	19	19	8	46	102	273
18874	19	19	9	47	14	273
18875	19	19	10	48	247	273
18876	19	19	11	49	220	273
18877	19	19	12	50	158	273
18878	19	19	13	51	242	273
18879	19	19	14	52	122	273
18880	19	19	15	53	178	273
18881	19	20	0	54	229	273
18882	19	20	1	55	150	273
18883	19	20	2	56	135	273
18884	19	20	3	57	170	273
18885	19	20	4	58	80	273
18886	19	20	5	59	103	273
18887	19	20	6	60	211	273
18888	19	20	7	61	111	273
18889	19	20	8	62	54	273
18890	19	20	9	63	235	273
18891	19	20	10	64	48	273
18892	19	20	11	65	207	273
18893	19	20	12	66	117	273
18894	19	20	13	67	239	273
18895	19	20	14	68	129	273
18896	19	21	0	69	117	273
18897	19	21	1	70	246	273
18898	19	21	2	71	85	273
18899	19	21	3	72	112	273
18900	19	21	4	73	79	273
18901	19	21	5	74	221	273
18902	19	21	6	75	188	273
18903	19	21	7	76	64	273
18904	19	21	8	77	202	273
18905	19	21	9	78	111	273
18906	19	21	10	79	13	273
18907	19	21	11	80	86	273
18908	19	21	12	81	227	273
18909	19	21	13	82	99	273
18910	19	22	0	83	41	273
18911	19	22	1	84	76	273
18912	19	22	2	85	211	273
18913	19	22	3	86	87	273
18914	19	22	4	87	71	273
18915	19	22	5	88	196	273
18916	19	22	6	89	224	273
18917	19	22	7	90	206	273
18918	19	22	8	91	29	273
18919	19	22	9	92	39	273
18920	19	22	10	93	128	273
18921	19	22	11	94	233	273
18922	19	22	12	95	194	273
18923	19	23	0	96	68	273
18924	19	23	1	97	203	273
18925	19	23	2	98	133	273
18926	19	23	3	99	140	273
18927	19	23	4	100	213	273
18928	19	23	5	101	193	273
18929	19	23	6	102	162	273
18930	19	23	7	103	132	273
18931	19	23	8	104	171	273
18932	19	23	9	105	251	273
18933	19	23	10	106	178	273
18934	19	23	11	107	77	273
18935	19	24	0	108	26	273
18936	19	24	1	109	76	273
18937	19	24	2	110	129	273
18938	19	24	3	111	231	273
18939	19	24	4	112	44	273
18940	19	24	5	113	41	273
18941	19	24	6	114	163	273
18942	19	24	7	115	76	273
18943	19	24	8	117	17	273
18944	19	24	9	118	180	273
18945	19	24	10	0	66	274
18946	19	25	0	1	232	274
18947	19	25	1	2	191	274
18948	19	25	2	3	98	274
18949	19	25	3	4	252	274
18950	19	25	4	5	121	274
18951	19	25	5	6	70	274
18952	19	25	6	7	195	274
18953	19	25	7	8	221	274
18954	19	25	8	9	124	274
18955	19	25	9	10	171	274
18956	19	26	0	11	59	274
18957	19	26	1	12	5	274
18958	19	26	2	13	196	274
18959	19	26	3	14	162	274
18960	19	26	4	15	210	274
18961	19	26	5	16	241	274
18962	19	26	6	17	87	274
18963	19	26	7	18	74	274
18964	19	26	8	19	68	274
18965	19	27	0	20	127	274
18966	19	27	1	21	180	274
18967	19	27	2	22	94	274
18968	19	27	3	23	120	274
18969	19	27	4	24	68	274
18970	19	27	5	25	152	274
18971	19	27	6	26	33	274
18972	19	27	7	27	31	274
18973	19	28	0	28	181	274
18974	19	28	1	29	27	274
18975	19	28	2	30	83	274
18976	19	28	3	31	29	274
18977	19	28	4	32	62	274
18978	19	28	5	33	221	274
18979	19	28	6	34	85	274
18980	19	29	0	35	47	274
18981	19	29	1	36	193	274
18982	19	29	2	37	13	274
18983	19	29	3	38	108	274
18984	19	29	4	39	105	274
18985	19	29	5	40	52	274
18986	19	30	0	41	35	274
18987	19	30	1	42	133	274
18988	19	30	2	43	115	274
18989	19	30	3	44	34	274
18990	19	30	4	45	212	274
18991	19	31	0	46	45	274
18992	19	31	1	47	239	274
18993	19	31	2	48	130	274
18994	19	31	3	49	2	274
18995	19	32	0	0	202	275
18996	19	32	1	50	109	274
18997	19	32	2	51	6	274
18998	19	33	0	0	202	276
18999	19	33	1	52	86	274
19000	19	34	0	0	202	277
19001	20	0	0	53	69	274
19002	20	0	1	54	180	274
19003	20	0	2	55	228	274
19004	20	0	3	56	5	274
19005	20	0	4	57	256	274
19006	20	0	5	58	171	274
19007	20	0	6	59	168	274
19008	20	0	7	60	4	274
19009	20	0	8	61	208	274
19010	20	0	9	116	200	274
19011	20	0	10	119	69	274
19012	20	0	11	120	224	274
19013	20	0	12	121	238	274
19014	20	0	13	122	7	275
19015	20	0	14	123	116	275
19016	20	0	15	124	105	275
19017	20	0	16	125	21	275
19018	20	0	17	127	250	275
19019	20	0	18	126	172	276
19020	20	0	19	128	143	276
19021	20	0	20	129	80	276
19022	20	0	21	131	69	276
19023	20	0	22	130	121	277
19024	20	0	23	132	43	277
19025	20	0	24	133	80	277
19026	20	1	0	62	129	274
19027	20	1	1	63	226	274
19028	20	1	2	64	23	274
19029	20	1	3	65	220	274
19030	20	1	4	66	25	274
19031	20	1	5	67	57	274
19032	20	1	6	68	173	274
19033	20	1	7	69	103	274
19034	20	1	8	70	176	274
19035	20	1	9	114	72	274
19036	20	1	10	115	159	274
19037	20	1	11	117	94	274
19038	20	1	12	118	145	274
19039	20	1	13	116	210	275
19040	20	1	14	119	55	275
19041	20	1	15	120	163	275
19042	20	1	16	121	233	275
19043	20	1	17	122	54	276
19044	20	1	18	123	234	276
19045	20	1	19	124	39	276
19046	20	1	20	125	162	276
19047	20	1	21	127	115	276
19048	20	1	22	126	94	277
19049	20	1	23	128	222	277
19050	20	2	0	71	82	274
19051	20	2	1	72	29	274
19052	20	2	2	73	185	274
19053	20	2	3	74	88	274
19054	20	2	4	75	217	274
19055	20	2	5	76	83	274
19056	20	2	6	77	101	274
19057	20	2	7	78	189	274
19058	20	2	8	108	90	274
19059	20	2	9	110	43	274
19060	20	2	10	111	15	274
19061	20	2	11	112	38	274
19062	20	2	12	113	104	274
19063	20	2	13	114	225	275
19064	20	2	14	115	15	275
19065	20	2	15	117	48	275
19066	20	2	16	118	256	275
19067	20	2	17	116	197	276
19068	20	2	18	119	204	276
19069	20	2	19	120	52	276
19070	20	2	20	121	32	276
19071	20	2	21	122	233	277
19072	20	2	22	123	153	277
19073	20	2	23	124	154	277
19074	20	3	0	79	238	274
19075	20	3	1	80	75	274
19076	20	3	2	81	64	274
19077	20	3	3	82	248	274
19078	20	3	4	83	83	274
19079	20	3	5	84	217	274
19080	20	3	6	85	49	274
19081	20	3	7	86	167	274
19082	20	3	8	104	5	274
19083	20	3	9	105	228	274
19084	20	3	10	107	191	274
19085	20	3	11	109	77	274
19086	20	3	12	108	53	275
19087	20	3	13	110	38	275
19088	20	3	14	111	79	275
19089	20	3	15	112	178	275
19090	20	3	16	113	119	275
19091	20	3	17	114	157	276
19092	20	3	18	115	79	276
19093	20	3	19	117	145	276
19094	20	3	20	118	21	276
19095	20	3	21	116	136	277
19096	20	3	22	119	252	277
19097	20	4	0	87	242	274
19098	20	4	1	88	17	274
19099	20	4	2	89	90	274
19100	20	4	3	90	63	274
19101	20	4	4	91	202	274
19102	20	4	5	92	87	274
19103	20	4	6	93	175	274
19104	20	4	7	94	238	274
19105	20	4	8	100	238	274
19106	20	4	9	102	87	274
19107	20	4	10	103	152	274
19108	20	4	11	106	217	274
19109	20	4	12	104	41	275
19110	20	4	13	105	188	275
19111	20	4	14	107	115	275
19112	20	4	15	109	9	275
19113	20	4	16	108	73	276
19114	20	4	17	110	183	276
19115	20	4	18	111	22	276
19116	20	4	19	112	123	276
19117	20	4	20	113	74	276
19118	20	4	21	114	73	277
19119	20	4	22	115	22	277
19120	20	5	0	95	92	274
19121	20	5	1	96	242	274
19122	20	5	2	97	250	274
19123	20	5	3	98	241	274
19124	20	5	4	99	18	274
19125	20	5	5	101	150	274
19126	20	5	6	1	37	275
19127	20	5	7	2	126	275
19128	20	5	8	3	227	275
19129	20	5	9	4	178	275
19130	20	5	10	5	14	275
19131	20	5	11	6	195	275
19132	20	5	12	100	232	275
19133	20	5	13	102	137	275
19134	20	5	14	103	253	275
19135	20	5	15	106	198	275
19136	20	5	16	104	125	276
19137	20	5	17	105	198	276
19138	20	5	18	107	6	276
19139	20	5	19	109	256	276
19140	20	5	20	108	13	277
19141	20	5	21	110	90	277
19142	20	6	0	7	250	275
19143	20	6	1	8	90	275
19144	20	6	2	9	200	275
19145	20	6	3	10	142	275
19146	20	6	4	11	43	275
19147	20	6	5	12	74	275
19148	20	6	6	13	38	275
19149	20	6	7	14	7	275
19150	20	6	8	15	180	275
19151	20	6	9	16	158	275
19152	20	6	10	17	207	275
19153	20	6	11	95	210	275
19154	20	6	12	96	250	275
19155	20	6	13	98	250	275
19156	20	6	14	99	25	275
19157	20	6	15	101	221	275
19158	20	6	16	100	245	276
19159	20	6	17	102	99	276
19160	20	6	18	103	207	276
19161	20	6	19	106	133	276
19162	20	6	20	104	27	277
19163	20	6	21	105	21	277
19164	20	7	0	18	214	275
19165	20	7	1	19	50	275
19166	20	7	2	20	226	275
19167	20	7	3	21	83	275
19168	20	7	4	22	147	275
19169	20	7	5	23	120	275
19170	20	7	6	24	233	275
19171	20	7	7	25	149	275
19172	20	7	8	26	34	275
19173	20	7	9	27	130	275
19174	20	7	10	28	119	275
19175	20	7	11	90	193	275
19176	20	7	12	92	185	275
19177	20	7	13	94	185	275
19178	20	7	14	97	62	275
19179	20	7	15	95	162	276
19180	20	7	16	96	149	276
19181	20	7	17	98	203	276
19182	20	7	18	99	46	276
19183	20	7	19	101	39	276
19184	20	7	20	100	123	277
19185	20	8	0	29	102	275
19186	20	8	1	30	173	275
19187	20	8	2	31	76	275
19188	20	8	3	32	164	275
19189	20	8	4	33	32	275
19190	20	8	5	34	14	275
19191	20	8	6	35	137	275
19192	20	8	7	36	37	275
19193	20	8	8	37	209	275
19194	20	8	9	38	152	275
19195	20	8	10	84	37	275
19196	20	8	11	87	2	275
19197	20	8	12	88	77	275
19198	20	8	13	91	54	275
19199	20	8	14	93	195	275
19200	20	8	15	90	222	276
19201	20	8	16	92	64	276
19202	20	8	17	94	32	276
19203	20	8	18	97	204	276
19204	20	8	19	96	155	277
19205	20	8	20	95	127	277
19206	20	9	0	39	92	275
19207	20	9	1	41	70	275
19208	20	9	2	40	164	275
19209	20	9	3	42	59	275
19210	20	9	4	43	225	275
19211	20	9	5	44	131	275
19212	20	9	6	45	236	275
19213	20	9	7	46	156	275
19214	20	9	8	47	135	275
19215	20	9	9	48	37	275
19216	20	9	10	49	48	275
19217	20	9	11	80	235	275
19218	20	9	12	86	133	275
19219	20	9	13	89	2	275
19220	20	9	14	84	57	276
19221	20	9	15	87	91	276
19222	20	9	16	88	200	276
19223	20	9	17	91	176	276
19224	20	9	18	93	144	276
19225	20	9	19	92	89	277
19226	20	10	0	50	22	275
19227	20	10	1	51	175	275
19228	20	10	2	52	34	275
19229	20	10	3	53	184	275
19230	20	10	4	54	59	275
19231	20	10	5	55	143	275
19232	20	10	6	56	54	275
19233	20	10	7	57	229	275
19234	20	10	8	58	55	275
19235	20	10	9	59	35	275
19236	20	10	10	60	2	275
19237	20	10	11	81	85	275
19238	20	10	12	82	114	275
19239	20	10	13	83	196	275
19240	20	10	14	85	38	275
19241	20	10	15	80	17	276
19242	20	10	16	86	64	276
19243	20	10	17	89	147	276
19244	20	10	18	84	32	277
19245	20	10	19	87	115	277
19246	20	11	0	61	78	275
19247	20	11	1	62	3	275
19248	20	11	2	63	183	275
19249	20	11	3	64	96	275
19250	20	11	4	65	187	275
19251	20	11	5	66	164	275
19252	20	11	6	67	93	275
19253	20	11	7	68	9	275
19254	20	11	8	69	250	275
19255	20	11	9	74	194	275
19256	20	11	10	75	225	275
19257	20	11	11	76	83	275
19258	20	11	12	77	68	275
19259	20	11	13	78	137	275
19260	20	11	14	79	249	275
19261	20	11	15	81	93	276
19262	20	11	16	82	79	276
19263	20	11	17	83	30	276
19264	20	11	18	85	125	276
19265	20	12	0	70	71	275
19266	20	12	1	71	155	275
19267	20	12	2	72	131	275
19268	20	12	3	73	38	275
19269	20	12	4	1	130	276
19270	20	12	5	2	129	276
19271	20	12	6	3	110	276
19272	20	12	7	4	156	276
19273	20	12	8	5	201	276
19274	20	12	9	6	205	276
19275	20	12	10	7	95	276
19276	20	12	11	8	244	276
19277	20	12	12	9	89	276
19278	20	12	13	74	28	276
19279	20	12	14	75	157	276
19280	20	12	15	76	163	276
19281	20	12	16	77	84	276
19282	20	12	17	78	139	276
19283	20	12	18	79	232	276
19284	20	13	0	10	86	276
19285	20	13	1	11	212	276
19286	20	13	2	12	98	276
19287	20	13	3	13	96	276
19288	20	13	4	14	124	276
19289	20	13	5	15	72	276
19290	20	13	6	16	45	276
19291	20	13	7	17	180	276
19292	20	13	8	18	142	276
19293	20	13	9	19	168	276
19294	20	13	10	20	211	276
19295	20	13	11	21	77	276
19296	20	13	12	22	236	276
19297	20	13	13	23	163	276
19298	20	13	14	70	246	276
19299	20	13	15	73	98	276
19300	20	13	16	72	67	276
19301	20	13	17	74	216	277
19302	20	14	0	24	208	276
19303	20	14	1	25	140	276
19304	20	14	2	26	85	276
19305	20	14	3	27	24	276
19306	20	14	4	28	3	276
19307	20	14	5	29	56	276
19308	20	14	6	30	250	276
19309	20	14	7	31	175	276
19310	20	14	8	32	134	276
19311	20	14	9	33	49	276
19312	20	14	10	34	220	276
19313	20	14	11	35	163	276
19314	20	14	12	36	27	276
19315	20	14	13	66	129	276
19316	20	14	14	67	60	276
19317	20	14	15	68	136	276
19318	20	14	16	69	130	276
19319	20	14	17	71	166	276
19320	20	15	0	37	209	276
19321	20	15	1	38	109	276
19322	20	15	2	39	63	276
19323	20	15	3	40	52	276
19324	20	15	4	41	147	276
19325	20	15	5	42	249	276
19326	20	15	6	43	176	276
19327	20	15	7	44	99	276
19328	20	15	8	45	38	276
19329	20	15	9	46	114	276
19330	20	15	10	47	170	276
19331	20	15	11	48	140	276
19332	20	15	12	60	141	276
19333	20	15	13	62	152	276
19334	20	15	14	63	59	276
19335	20	15	15	64	224	276
19336	20	15	16	65	199	276
19337	20	16	0	49	21	276
19338	20	16	1	50	145	276
19339	20	16	2	51	111	276
19340	20	16	3	52	111	276
19341	20	16	4	53	127	276
19342	20	16	5	54	174	276
19343	20	16	6	55	106	276
19344	20	16	7	56	14	276
19345	20	16	8	57	161	276
19346	20	16	9	58	10	276
19347	20	16	10	59	135	276
19348	20	16	11	61	177	276
19349	20	16	12	1	105	277
19350	20	16	13	2	206	277
19351	20	16	14	3	114	277
19352	20	16	15	4	94	277
19353	20	16	16	60	23	277
19354	20	17	0	5	100	277
19355	20	17	1	6	241	277
19356	20	17	2	7	11	277
19357	20	17	3	8	167	277
19358	20	17	4	9	83	277
19359	20	17	5	10	237	277
19360	20	17	6	11	101	277
19361	20	17	7	12	45	277
19362	20	17	8	13	27	277
19363	20	17	9	14	80	277
19364	20	17	10	15	169	277
19365	20	17	11	16	177	277
19366	20	17	12	17	256	277
19367	20	17	13	18	75	277
19368	20	17	14	19	166	277
19369	20	17	15	20	106	277
19370	20	18	0	21	85	277
19371	20	18	1	22	253	277
19372	20	18	2	23	4	277
19373	20	18	3	24	81	277
19374	20	18	4	25	14	277
19375	20	18	5	26	40	277
19376	20	18	6	27	89	277
19377	20	18	7	28	107	277
19378	20	18	8	29	194	277
19379	20	18	9	30	242	277
19380	20	18	10	31	219	277
19381	20	18	11	32	235	277
19382	20	18	12	33	238	277
19383	20	18	13	34	244	277
19384	20	18	14	35	93	277
19385	20	18	15	36	27	277
19386	20	19	0	37	52	277
19387	20	19	1	38	53	277
19388	20	19	2	39	24	277
19389	20	19	3	40	224	277
19390	20	19	4	41	103	277
19391	20	19	5	42	158	277
19392	20	19	6	43	207	277
19393	20	19	7	44	153	277
19394	20	19	8	45	194	277
19395	20	19	9	46	249	277
19396	20	19	10	47	27	277
19397	20	19	11	48	56	277
19398	20	19	12	49	132	277
19399	20	19	13	50	18	277
19400	20	19	14	51	195	277
19401	20	20	0	52	130	277
19402	20	20	1	53	228	277
19403	20	20	2	54	84	277
19404	20	20	3	55	189	277
19405	20	20	4	56	170	277
19406	20	20	5	57	52	277
19407	20	20	6	58	202	277
19408	20	20	7	59	56	277
19409	20	20	8	61	41	277
19410	20	20	9	62	48	277
19411	20	20	10	63	139	277
19412	20	20	11	64	165	277
19413	20	20	12	65	203	277
19414	20	20	13	66	59	277
19415	20	20	14	67	99	277
19416	20	21	0	68	230	277
19417	20	21	1	69	30	277
19418	20	21	2	70	253	277
19419	20	21	3	71	188	277
19420	20	21	4	72	12	277
19421	20	21	5	73	9	277
19422	20	21	6	75	217	277
19423	20	21	7	76	221	277
19424	20	21	8	77	203	277
19425	20	21	9	78	161	277
19426	20	21	10	79	251	277
19427	20	21	11	80	102	277
19428	20	21	12	81	86	277
19429	20	21	13	82	230	277
19430	20	22	0	83	140	277
19431	20	22	1	85	72	277
19432	20	22	2	86	247	277
19433	20	22	3	88	120	277
19434	20	22	4	89	98	277
19435	20	22	5	90	28	277
19436	20	22	6	91	166	277
19437	20	22	7	93	52	277
19438	20	22	8	94	239	277
19439	20	22	9	97	138	277
19440	20	22	10	98	176	277
19441	20	22	11	99	63	277
19442	20	22	12	101	76	277
19443	20	22	13	102	187	277
19444	20	23	0	103	13	277
19445	20	23	1	106	64	277
19446	20	23	2	107	39	277
19447	20	23	3	109	246	277
19448	20	23	4	111	53	277
19449	20	23	5	112	6	277
19450	20	23	6	113	184	277
19451	20	23	7	117	250	277
19452	20	23	8	118	44	277
19453	20	23	9	120	224	277
19454	20	23	10	121	173	277
19455	20	23	11	125	88	277
19456	20	23	12	127	237	277
19457	20	24	0	129	250	277
19458	20	24	1	131	90	277
19459	20	24	2	134	90	277
19460	20	24	3	0	255	278
19461	20	24	4	1	118	278
19462	20	24	5	2	157	278
19463	20	24	6	3	248	278
19464	20	24	7	4	20	278
19465	20	24	8	5	2	278
19466	20	24	9	6	168	278
19467	20	24	10	7	30	278
19468	20	24	11	8	97	278
19469	20	24	12	9	166	278
19470	20	25	0	10	70	278
19471	20	25	1	11	48	278
19472	20	25	2	12	136	278
19473	20	25	3	13	139	278
19474	20	25	4	14	254	278
19475	20	25	5	15	68	278
19476	20	25	6	16	22	278
19477	20	25	7	17	187	278
19478	20	25	8	18	141	278
19479	20	25	9	19	75	278
19480	20	25	10	20	133	278
19481	20	25	11	21	223	278
19482	20	26	0	22	134	278
19483	20	26	1	23	60	278
19484	20	26	2	24	65	278
19485	20	26	3	25	124	278
19486	20	26	4	26	143	278
19487	20	26	5	27	60	278
19488	20	26	6	28	73	278
19489	20	26	7	29	109	278
19490	20	26	8	30	5	278
19491	20	26	9	31	51	278
19492	20	26	10	32	42	278
19493	20	26	11	33	197	278
19494	20	27	0	34	192	278
19495	20	27	1	35	154	278
19496	20	27	2	36	182	278
19497	20	27	3	37	152	278
19498	20	27	4	38	174	278
19499	20	27	5	39	82	278
19500	20	27	6	40	75	278
19501	20	27	7	41	241	278
19502	20	27	8	42	3	278
19503	20	27	9	43	249	278
19504	20	27	10	44	168	278
19505	20	28	0	45	20	278
19506	20	28	1	46	196	278
19507	20	28	2	47	13	278
19508	20	28	3	48	251	278
19509	20	28	4	49	106	278
19510	20	28	5	50	101	278
19511	20	28	6	51	158	278
19512	20	28	7	52	154	278
19513	20	28	8	53	34	278
19514	20	28	9	54	190	278
19515	20	28	10	55	192	278
19516	20	29	0	56	45	278
19517	20	29	1	57	119	278
19518	20	29	2	58	102	278
19519	20	29	3	59	147	278
19520	20	29	4	60	50	278
19521	20	29	5	61	152	278
19522	20	29	6	62	131	278
19523	20	29	7	63	49	278
19524	20	29	8	64	22	278
19525	20	29	9	65	224	278
19526	20	30	0	66	179	278
19527	20	30	1	67	248	278
19528	20	30	2	68	79	278
19529	20	30	3	69	197	278
19530	20	30	4	70	167	278
19531	20	30	5	71	157	278
19532	20	30	6	72	135	278
19533	20	30	7	73	98	278
19534	20	30	8	74	125	278
19535	20	30	9	75	186	278
19536	20	31	0	77	7	278
19537	20	31	1	76	184	278
19538	20	31	2	78	64	278
19539	20	31	3	79	118	278
19540	20	31	4	80	17	278
19541	20	31	5	81	219	278
19542	20	31	6	82	6	278
19543	20	31	7	83	68	278
19544	20	31	8	84	226	278
19545	20	32	0	85	122	278
19546	20	32	1	86	202	278
19547	20	32	2	87	167	278
19548	20	32	3	88	216	278
19549	20	32	4	89	58	278
19550	20	32	5	90	98	278
19551	20	32	6	91	48	278
19552	20	32	7	92	112	278
19553	20	32	8	93	190	278
19554	20	33	0	94	50	278
19555	20	33	1	95	145	278
19556	20	33	2	96	149	278
19557	20	33	3	97	135	278
19558	20	33	4	98	77	278
19559	20	33	5	99	59	278
19560	20	33	6	100	35	278
19561	20	33	7	101	123	278
19562	20	34	0	102	129	278
19563	20	34	1	103	7	278
19564	20	34	2	104	57	278
19565	20	34	3	105	78	278
19566	20	34	4	106	219	278
19567	20	34	5	107	7	278
19568	20	34	6	108	186	278
19569	20	34	7	109	33	278
19570	20	35	0	110	244	278
19571	20	35	1	111	56	278
19572	20	35	2	112	157	278
19573	20	35	3	113	155	278
19574	20	35	4	114	36	278
19575	20	35	5	115	70	278
19576	20	35	6	116	170	278
19577	20	36	0	117	28	278
19578	20	36	1	118	105	278
19579	20	36	2	119	177	278
19580	20	36	3	120	233	278
19581	20	36	4	121	220	278
19582	20	36	5	122	188	278
19583	20	36	6	123	6	278
19584	20	37	0	124	14	278
19585	20	37	1	125	88	278
19586	20	37	2	126	230	278
19587	20	37	3	127	163	278
19588	20	37	4	128	106	278
19589	20	37	5	129	134	278
19590	20	38	0	130	5	278
19591	20	38	1	131	57	278
19592	20	38	2	132	139	278
19593	20	38	3	133	186	278
19594	20	38	4	134	225	278
19595	20	38	5	135	247	278
19596	20	39	0	136	170	278
19597	20	39	1	137	124	278
19598	20	39	2	138	137	278
19599	20	39	3	139	75	278
19600	20	39	4	0	90	279
19601	20	40	0	1	109	279
19602	20	40	1	2	255	279
19603	20	40	2	3	143	279
19604	20	40	3	4	193	279
19605	20	40	4	5	114	279
19606	20	41	0	6	168	279
19607	20	41	1	7	217	279
19608	20	41	2	8	77	279
19609	20	41	3	9	5	279
19610	20	42	0	10	244	279
19611	20	42	1	11	71	279
19612	20	42	2	12	230	279
19613	20	42	3	13	7	279
19614	20	43	0	14	100	279
19615	20	43	1	15	167	279
19616	20	43	2	16	177	279
19617	20	44	0	17	60	279
19618	20	44	1	18	132	279
19619	20	44	2	19	13	279
19620	20	45	0	20	19	279
19621	20	45	1	21	153	279
19622	20	46	0	22	197	279
19623	20	46	1	23	117	279
19624	20	47	0	24	155	279
19625	20	48	0	25	226	279
