263 121 14936
0 0 1 0
1 0 1 1
2 0 1 2
3 0 1 3
4 0 1 4
5 0 1 5
6 0 1 6
7 0 1 7
8 0 1 8
9 0 1 9
10 0 1 10
11 0 1 11
12 0 1 12
13 0 1 13
14 0 1 14
15 0 1 15
16 0 1 16
17 0 1 17
18 0 1 18
19 0 1 19
20 0 1 20
21 0 1 21
22 0 1 22
23 0 1 23
24 0 1 24
25 0 1 25
26 0 1 26
27 0 1 27
28 0 1 28
29 0 1 29
30 0 1 30
31 0 1 31
32 0 1 32
33 0 1 33
34 0 1 34
35 0 1 35
36 0 1 36
37 0 1 37
38 0 1 38
39 0 1 39
40 0 1 40
41 0 1 41
42 0 1 42
43 0 1 43
44 0 1 44
45 1 1 2
46 1 1 3
47 1 1 4
48 1 1 5
49 1 1 6
50 1 1 7
51 1 1 8
52 1 1 9
53 1 1 10
54 1 1 11
55 1 1 12
56 1 1 13
57 1 1 14
58 1 1 15
59 1 1 16
60 1 1 17
61 1 1 18
62 1 1 19
63 1 1 20
64 1 1 21
65 1 1 22
66 1 1 23
67 1 1 24
68 1 1 25
69 1 1 26
70 1 1 27
71 1 1 28
72 1 1 29
73 1 1 30
74 1 1 31
75 1 1 32
76 1 1 33
77 1 1 34
78 1 1 35
79 1 1 36
80 1 1 37
81 1 1 38
82 1 1 39
83 1 1 40
84 1 1 41
85 1 1 42
86 1 1 43
87 1 1 44
88 2 1 4
89 2 1 5
90 2 1 6
91 2 1 7
92 2 1 8
93 2 1 9
94 2 1 10
95 2 1 11
96 2 1 12
97 2 1 13
98 2 1 14
99 2 1 15
100 2 1 16
101 2 1 17
102 2 1 18
103 2 1 19
104 2 1 20
105 2 1 21
106 2 1 22
107 2 1 23
108 2 1 24
109 2 1 25
110 2 1 26
111 2 1 27
112 2 1 28
113 2 1 29
114 2 1 30
115 2 1 31
116 2 1 32
117 2 1 33
118 2 1 34
119 2 1 35
120 2 1 36
121 2 1 37
122 2 1 38
123 2 1 39
124 2 1 40
125 2 1 41
126 2 1 42
127 2 1 43
128 2 1 44
129 3 1 6
130 3 1 7
131 3 1 8
132 3 1 9
133 3 1 10
134 3 1 11
135 3 1 12
136 3 1 13
137 3 1 14
138 3 1 15
139 3 1 16
140 3 1 17
141 3 1 18
142 3 1 19
143 3 1 20
144 3 1 21
145 3 1 22
146 3 1 23
147 3 1 24
148 3 1 25
149 3 1 26
150 3 1 27
151 3 1 28
152 3 1 29
153 3 1 30
154 3 1 31
155 3 1 32
156 3 1 33
157 3 1 34
158 3 1 35
159 3 1 36
160 3 1 37
161 3 1 38
162 3 1 39
163 3 1 40
164 3 1 41
165 3 1 42
166 3 1 43
167 3 1 44
168 4 1 8
169 4 1 9
170 4 1 10
171 4 1 11
172 4 1 12
173 4 1 13
174 4 1 14
175 4 1 15
176 4 1 16
177 4 1 17
178 4 1 18
179 4 1 19
180 4 1 20
181 4 1 21
182 4 1 22
183 4 1 23
184 4 1 24
185 4 1 25
186 4 1 26
187 4 1 27
188 4 1 28
189 4 1 29
190 4 1 30
191 4 1 31
192 4 1 32
193 4 1 33
194 4 1 34
195 4 1 35
196 4 1 36
197 4 1 37
198 4 1 38
199 4 1 39
200 4 1 40
201 4 1 41
202 4 1 42
203 4 1 43
204 4 1 44
205 5 1 10
206 5 1 11
207 5 1 12
208 5 1 13
209 5 1 14
210 5 1 15
211 5 1 16
212 5 1 17
213 5 1 18
214 5 1 19
215 5 1 20
216 5 1 21
217 5 1 22
218 5 1 23
219 5 1 24
220 5 1 25
221 5 1 26
222 5 1 27
223 5 1 28
224 5 1 29
225 5 1 30
226 5 1 31
227 5 1 32
228 5 1 33
229 5 1 34
230 5 1 35
231 5 1 36
232 5 1 37
233 5 1 38
234 5 1 39
235 5 1 40
236 5 1 41
237 5 1 42
238 5 1 43
239 5 1 44
240 6 1 12
241 6 1 13
242 6 1 14
243 6 1 15
244 6 1 16
245 6 1 17
246 6 1 18
247 6 1 19
248 6 1 20
249 6 1 21
250 6 1 22
251 6 1 23
252 6 1 24
253 6 1 25
254 6 1 26
255 6 1 27
256 6 1 28
257 6 1 29
258 6 1 30
259 6 1 31
260 6 1 32
261 6 1 33
262 6 1 34
263 6 1 35
264 6 1 36
265 6 1 37
266 6 1 38
267 6 1 39
268 6 1 40
269 6 1 41
270 6 1 42
271 6 1 43
272 6 1 44
273 7 1 14
274 7 1 15
275 7 1 16
276 7 1 17
277 7 1 18
278 7 1 19
279 7 1 20
280 7 1 21
281 7 1 22
282 7 1 23
283 7 1 24
284 7 1 25
285 7 1 26
286 7 1 27
287 7 1 28
288 7 1 29
289 7 1 30
290 7 1 31
291 7 1 32
292 7 1 33
293 7 1 34
294 7 1 35
295 7 1 36
296 7 1 37
297 7 1 38
298 7 1 39
299 7 1 40
300 7 1 41
301 7 1 42
302 7 1 43
303 7 1 44
304 8 1 16
305 8 1 17
306 8 1 18
307 8 1 19
308 8 1 20
309 8 1 21
310 8 1 22
311 8 1 23
312 8 1 24
313 8 1 25
314 8 1 26
315 8 1 27
316 8 1 28
317 8 1 29
318 8 1 30
319 8 1 31
320 8 1 32
321 8 1 33
322 8 1 34
323 8 1 35
324 8 1 36
325 8 1 37
326 8 1 38
327 8 1 39
328 8 1 40
329 8 1 41
330 8 1 42
331 8 1 43
332 8 1 44
333 9 1 18
334 9 1 19
335 9 1 20
336 9 1 21
337 9 1 22
338 9 1 23
339 9 1 24
340 9 1 25
341 9 1 26
342 9 1 27
343 9 1 28
344 9 1 29
345 9 1 30
346 9 1 31
347 9 1 32
348 9 1 33
349 9 1 34
350 9 1 35
351 9 1 36
352 9 1 37
353 9 1 38
354 9 1 39
355 9 1 40
356 9 1 41
357 9 1 42
358 9 1 43
359 9 1 44
360 10 1 20
361 10 1 21
362 10 1 22
363 10 1 23
364 10 1 24
365 10 1 25
366 10 1 26
367 10 1 27
368 10 1 28
369 10 1 29
370 10 1 30
371 10 1 31
372 10 1 32
373 10 1 33
374 10 1 34
375 10 1 35
376 10 1 36
377 10 1 37
378 10 1 38
379 10 1 39
380 10 1 40
381 10 1 41
382 10 1 42
383 10 1 43
384 10 1 44
385 11 1 22
386 11 1 23
387 11 1 24
388 11 1 25
389 11 1 26
390 11 1 27
391 11 1 28
392 11 1 29
393 11 1 30
394 11 1 31
395 11 1 32
396 11 1 33
397 11 1 34
398 11 1 35
399 11 1 36
400 11 1 37
401 11 1 38
402 11 1 39
403 11 1 40
404 11 1 41
405 11 1 42
406 11 1 43
407 11 1 44
408 12 1 24
409 12 1 25
410 12 1 26
411 12 1 27
412 12 1 28
413 12 1 29
414 12 1 30
415 12 1 31
416 12 1 32
417 12 1 33
418 12 1 34
419 12 1 35
420 12 1 36
421 12 1 37
422 12 1 38
423 12 1 39
424 12 1 40
425 12 1 41
426 12 1 42
427 12 1 43
428 12 1 44
429 13 1 26
430 13 1 27
431 13 1 28
432 13 1 29
433 13 1 30
434 13 1 31
435 13 1 32
436 13 1 33
437 13 1 34
438 13 1 35
439 13 1 36
440 13 1 37
441 13 1 38
442 13 1 39
443 13 1 40
444 13 1 41
445 13 1 42
446 13 1 43
447 13 1 44
448 14 1 28
449 14 1 29
450 14 1 30
451 14 1 31
452 14 1 32
453 14 1 33
454 14 1 34
455 14 1 35
456 14 1 36
457 14 1 37
458 14 1 38
459 14 1 39
460 14 1 40
461 14 1 41
462 14 1 42
463 14 1 43
464 14 1 44
465 15 1 30
466 15 1 31
467 15 1 32
468 15 1 33
469 15 1 34
470 15 1 35
471 15 1 36
472 15 1 37
473 15 1 38
474 15 1 39
475 15 1 40
476 15 1 41
477 15 1 42
478 15 1 43
479 15 1 44
480 16 1 32
481 16 1 33
482 16 1 34
483 16 1 35
484 16 1 36
485 16 1 37
486 16 1 38
487 16 1 39
488 16 1 40
489 16 1 41
490 16 1 42
491 16 1 43
492 16 1 44
493 17 1 34
494 17 1 35
495 17 1 36
496 17 1 37
497 17 1 38
498 17 1 39
499 17 1 40
500 17 1 41
501 17 1 42
502 17 1 43
503 17 1 44
504 18 1 36
505 18 1 37
506 18 1 38
507 18 1 39
508 18 1 40
509 18 1 41
510 18 1 42
511 18 1 43
512 18 1 44
513 19 1 38
514 19 1 39
515 19 1 40
516 19 1 41
517 19 1 42
518 19 1 43
519 19 1 44
520 20 1 40
521 20 1 41
522 20 1 42
523 20 1 43
524 20 1 44
525 21 1 42
526 21 1 43
527 21 1 44
528 22 1 44
529 23 262 46
530 22 1 45
531 22 1 46
532 21 262 45
533 21 262 46
534 20 1 45
535 20 1 46
536 19 262 45
537 19 262 46
538 18 1 45
539 18 1 46
540 17 262 45
541 17 262 46
542 16 1 45
543 16 1 46
544 15 262 45
545 15 262 46
546 14 1 45
547 14 1 46
548 13 262 45
549 13 262 46
550 12 1 45
551 12 1 46
552 11 262 45
553 11 262 46
554 10 1 45
555 10 1 46
556 9 262 45
557 9 262 46
558 8 1 45
559 8 1 46
560 24 262 48
561 23 1 47
562 23 1 48
563 22 262 47
564 22 262 48
565 21 1 47
566 21 1 48
567 20 262 47
568 20 262 48
569 19 1 47
570 19 1 48
571 18 262 47
572 18 262 48
573 17 1 47
574 17 1 48
575 16 262 47
576 16 262 48
577 15 1 47
578 15 1 48
579 14 262 47
580 14 262 48
581 13 1 47
582 13 1 48
583 12 262 47
584 12 262 48
585 11 1 47
586 11 1 48
587 10 262 47
588 10 262 48
589 9 1 47
590 25 262 50
591 24 1 49
592 24 1 50
593 23 262 49
594 23 262 50
595 22 1 49
596 22 1 50
597 21 262 49
598 21 262 50
599 20 1 49
600 20 1 50
601 19 262 49
602 19 262 50
603 18 1 49
604 18 1 50
605 17 262 49
606 17 262 50
607 16 1 49
608 16 1 50
609 15 262 49
610 15 262 50
611 14 1 49
612 14 1 50
613 13 262 49
614 13 262 50
615 12 1 49
616 12 1 50
617 11 262 49
618 11 262 50
619 26 262 52
620 25 1 51
621 25 1 52
622 24 262 51
623 24 262 52
624 23 1 51
625 23 1 52
626 22 262 51
627 22 262 52
628 21 1 51
629 21 1 52
630 20 262 51
631 20 262 52
632 19 1 51
633 19 1 52
634 18 262 51
635 18 262 52
636 17 1 51
637 17 1 52
638 16 262 51
639 16 262 52
640 15 1 51
641 15 1 52
642 14 262 51
643 14 262 52
644 13 1 51
645 13 1 52
646 12 262 51
647 27 262 54
648 26 1 53
649 26 1 54
650 25 262 53
651 25 262 54
652 24 1 53
653 24 1 54
654 23 262 53
655 23 262 54
656 22 1 53
657 22 1 54
658 21 262 53
659 21 262 54
660 20 1 53
661 20 1 54
662 19 262 53
663 19 262 54
664 18 1 53
665 18 1 54
666 17 262 53
667 17 262 54
668 16 1 53
669 16 1 54
670 15 262 53
671 15 262 54
672 14 1 53
673 14 1 54
674 28 262 56
675 27 1 55
676 27 1 56
677 26 262 55
678 26 262 56
679 25 1 55
680 25 1 56
681 24 262 55
682 24 262 56
683 23 1 55
684 23 1 56
685 22 262 55
686 22 262 56
687 21 1 55
688 21 1 56
689 20 262 55
690 20 262 56
691 19 1 55
692 19 1 56
693 18 262 55
694 18 262 56
695 17 1 55
696 17 1 56
697 16 262 55
698 16 262 56
699 15 1 55
700 29 262 58
701 28 1 57
702 28 1 58
703 27 262 57
704 27 262 58
705 26 1 57
706 26 1 58
707 25 262 57
708 25 262 58
709 24 1 57
710 24 1 58
711 23 262 57
712 23 262 58
713 22 1 57
714 22 1 58
715 21 262 57
716 21 262 58
717 20 1 57
718 20 1 58
719 19 262 57
720 19 262 58
721 18 1 57
722 18 1 58
723 17 262 57
724 17 262 58
725 30 262 60
726 29 1 59
727 29 1 60
728 28 262 59
729 28 262 60
730 27 1 59
731 27 1 60
732 26 262 59
733 26 262 60
734 25 1 59
735 25 1 60
736 24 262 59
737 24 262 60
738 23 1 59
739 23 1 60
740 22 262 59
741 22 262 60
742 21 1 59
743 21 1 60
744 20 262 59
745 20 262 60
746 19 1 59
747 19 1 60
748 18 262 59
749 31 262 62
750 30 1 61
751 30 1 62
752 29 262 61
753 29 262 62
754 28 1 61
755 28 1 62
756 27 262 61
757 27 262 62
758 26 1 61
759 26 1 62
760 25 262 61
761 25 262 62
762 24 1 61
763 24 1 62
764 23 262 61
765 23 262 62
766 22 1 61
767 22 1 62
768 21 262 61
769 21 262 62
770 20 1 61
771 20 1 62
772 32 262 64
773 31 1 63
774 31 1 64
775 30 262 63
776 30 262 64
777 29 1 63
778 29 1 64
779 28 262 63
780 28 262 64
781 27 1 63
782 27 1 64
783 26 262 63
784 26 262 64
785 25 1 63
786 25 1 64
787 24 262 63
788 24 262 64
789 23 1 63
790 23 1 64
791 22 262 63
792 22 262 64
793 21 1 63
794 33 262 66
795 32 1 65
796 32 1 66
797 31 262 65
798 31 262 66
799 30 1 65
800 30 1 66
801 29 262 65
802 29 262 66
803 28 1 65
804 28 1 66
805 27 262 65
806 27 262 66
807 26 1 65
808 26 1 66
809 25 262 65
810 25 262 66
811 24 1 65
812 24 1 66
813 23 262 65
814 23 262 66
815 34 262 68
816 33 1 67
817 33 1 68
818 32 262 67
819 32 262 68
820 31 1 67
821 31 1 68
822 30 262 67
823 30 262 68
824 29 1 67
825 29 1 68
826 28 262 67
827 28 262 68
828 27 1 67
829 27 1 68
830 26 262 67
831 26 262 68
832 25 1 67
833 25 1 68
834 24 262 67
835 35 262 70
836 34 1 69
837 34 1 70
838 33 262 69
839 33 262 70
840 32 1 69
841 32 1 70
842 31 262 69
843 31 262 70
844 30 1 69
845 30 1 70
846 29 262 69
847 29 262 70
848 28 1 69
849 28 1 70
850 27 262 69
851 27 262 70
852 26 1 69
853 26 1 70
854 36 262 72
855 35 1 71
856 35 1 72
857 34 262 71
858 34 262 72
859 33 1 71
860 33 1 72
861 32 262 71
862 32 262 72
863 31 1 71
864 31 1 72
865 30 262 71
866 30 262 72
867 29 1 71
868 29 1 72
869 28 262 71
870 28 262 72
871 27 1 71
872 37 262 74
873 36 1 73
874 36 1 74
875 35 262 73
876 35 262 74
877 34 1 73
878 34 1 74
879 33 262 73
880 33 262 74
881 32 1 73
882 32 1 74
883 31 262 73
884 31 262 74
885 30 1 73
886 30 1 74
887 29 262 73
888 29 262 74
889 38 262 76
890 37 1 75
891 37 1 76
892 36 262 75
893 36 262 76
894 35 1 75
895 35 1 76
896 34 262 75
897 34 262 76
898 33 1 75
899 33 1 76
900 32 262 75
901 32 262 76
902 31 1 75
903 31 1 76
904 30 262 75
905 39 262 78
906 38 1 77
907 38 1 78
908 37 262 77
909 37 262 78
910 36 1 77
911 36 1 78
912 35 262 77
913 35 262 78
914 34 1 77
915 34 1 78
916 33 262 77
917 33 262 78
918 32 1 77
919 32 1 78
920 40 262 80
921 39 1 79
922 39 1 80
923 38 262 79
924 38 262 80
925 37 1 79
926 37 1 80
927 36 262 79
928 36 262 80
929 35 1 79
930 35 1 80
931 34 262 79
932 34 262 80
933 33 1 79
934 41 262 82
935 40 1 81
936 40 1 82
937 39 262 81
938 39 262 82
939 38 1 81
940 38 1 82
941 37 262 81
942 37 262 82
943 36 1 81
944 36 1 82
945 35 262 81
946 35 262 82
947 42 262 84
948 41 1 83
949 41 1 84
950 40 262 83
951 40 262 84
952 39 1 83
953 39 1 84
954 38 262 83
955 38 262 84
956 37 1 83
957 37 1 84
958 36 262 83
959 43 262 86
960 42 1 85
961 42 1 86
962 41 262 85
963 41 262 86
964 40 1 85
965 40 1 86
966 39 262 85
967 39 262 86
968 38 1 85
969 38 1 86
970 44 262 88
971 43 1 87
972 43 1 88
973 42 262 87
974 42 262 88
975 41 1 87
976 41 1 88
977 40 262 87
978 40 262 88
979 39 1 87
980 45 262 90
981 44 1 89
982 44 1 90
983 43 262 89
984 43 262 90
985 42 1 89
986 42 1 90
987 41 262 89
988 41 262 90
989 46 262 92
990 45 1 91
991 45 1 92
992 44 262 91
993 44 262 92
994 43 1 91
995 43 1 92
996 42 262 91
997 47 262 94
998 46 1 93
999 46 1 94
1000 45 262 93
1001 45 262 94
1002 44 1 93
1003 44 1 94
1004 48 262 96
1005 47 1 95
1006 47 1 96
1007 46 262 95
1008 46 262 96
1009 45 1 95
1010 49 262 98
1011 48 1 97
1012 48 1 98
1013 47 262 97
1014 47 262 98
1015 50 262 100
1016 49 1 99
1017 49 1 100
1018 48 262 99
1019 51 262 102
1020 50 1 101
1021 50 1 102
1022 52 262 104
1023 51 1 103
1024 53 262 106
1025 54 132 108
1026 52 11 105
1027 51 84 104
1028 49 7 101
1029 48 173 100
1030 46 124 97
1031 45 134 96
1032 43 55 93
1033 42 157 92
1034 40 35 89
1035 39 76 88
1036 37 94 85
1037 36 144 84
1038 34 12 81
1039 33 259 80
1040 31 175 77
1041 30 117 76
1042 28 207 73
1043 27 194 72
1044 25 60 69
1045 24 243 68
1046 22 86 65
1047 21 59 64
1048 19 246 61
1049 18 181 60
1050 55 132 110
1051 53 11 107
1052 52 84 106
1053 50 7 103
1054 49 173 102
1055 47 124 99
1056 46 134 98
1057 44 55 95
1058 43 157 94
1059 41 35 91
1060 40 76 90
1061 38 94 87
1062 37 144 86
1063 35 12 83
1064 34 259 82
1065 32 175 79
1066 31 117 78
1067 29 207 75
1068 28 194 74
1069 26 60 71
1070 25 243 70
1071 23 86 67
1072 22 59 66
1073 20 246 63
1074 56 132 112
1075 54 11 109
1076 53 84 108
1077 51 7 105
1078 50 173 104
1079 48 124 101
1080 47 134 100
1081 45 55 97
1082 44 157 96
1083 42 35 93
1084 41 76 92
1085 39 94 89
1086 38 144 88
1087 36 12 85
1088 35 259 84
1089 33 175 81
1090 32 117 80
1091 30 207 77
1092 29 194 76
1093 27 60 73
1094 26 243 72
1095 24 86 69
1096 23 59 68
1097 57 132 114
1098 55 11 111
1099 54 84 110
1100 52 7 107
1101 51 173 106
1102 49 124 103
1103 48 134 102
1104 46 55 99
1105 45 157 98
1106 43 35 95
1107 42 76 94
1108 40 94 91
1109 39 144 90
1110 37 12 87
1111 36 259 86
1112 34 175 83
1113 33 117 82
1114 31 207 79
1115 30 194 78
1116 28 60 75
1117 27 243 74
1118 25 86 71
1119 58 132 116
1120 56 11 113
1121 55 84 112
1122 53 7 109
1123 52 173 108
1124 50 124 105
1125 49 134 104
1126 47 55 101
1127 46 157 100
1128 44 35 97
1129 43 76 96
1130 41 94 93
1131 40 144 92
1132 38 12 89
1133 37 259 88
1134 35 175 85
1135 34 117 84
1136 32 207 81
1137 31 194 80
1138 29 60 77
1139 28 243 76
1140 59 132 118
1141 57 11 115
1142 56 84 114
1143 54 7 111
1144 53 173 110
1145 51 124 107
1146 50 134 106
1147 48 55 103
1148 47 157 102
1149 45 35 99
1150 44 76 98
1151 42 94 95
1152 41 144 94
1153 39 12 91
1154 38 259 90
1155 36 175 87
1156 35 117 86
1157 33 207 83
1158 32 194 82
1159 30 60 79
1160 60 132 120
1161 58 11 117
1162 57 84 116
1163 55 7 113
1164 54 173 112
1165 52 124 109
1166 51 134 108
1167 49 55 105
1168 48 157 104
1169 46 35 101
1170 45 76 100
1171 43 94 97
1172 42 144 96
1173 40 12 93
1174 39 259 92
1175 37 175 89
1176 36 117 88
1177 34 207 85
1178 33 194 84
1179 61 132 122
1180 59 11 119
1181 58 84 118
1182 56 7 115
1183 55 173 114
1184 53 124 111
1185 52 134 110
1186 50 55 107
1187 49 157 106
1188 47 35 103
1189 46 76 102
1190 44 94 99
1191 43 144 98
1192 41 12 95
1193 40 259 94
1194 38 175 91
1195 37 117 90
1196 35 207 87
1197 62 132 124
1198 60 11 121
1199 59 84 120
1200 57 7 117
1201 56 173 116
1202 54 124 113
1203 53 134 112
1204 51 55 109
1205 50 157 108
1206 48 35 105
1207 47 76 104
1208 45 94 101
1209 44 144 100
1210 42 12 97
1211 41 259 96
1212 39 175 93
1213 38 117 92
1214 63 132 126
1215 61 11 123
1216 60 84 122
1217 58 7 119
1218 57 173 118
1219 55 124 115
1220 54 134 114
1221 52 55 111
1222 51 157 110
1223 49 35 107
1224 48 76 106
1225 46 94 103
1226 45 144 102
1227 43 12 99
1228 42 259 98
1229 40 175 95
1230 64 132 128
1231 62 11 125
1232 61 84 124
1233 59 7 121
1234 58 173 120
1235 56 124 117
1236 55 134 116
1237 53 55 113
1238 52 157 112
1239 50 35 109
1240 49 76 108
1241 47 94 105
1242 46 144 104
1243 44 12 101
1244 43 259 100
1245 65 132 130
1246 63 11 127
1247 62 84 126
1248 60 7 123
1249 59 173 122
1250 57 124 119
1251 56 134 118
1252 54 55 115
1253 53 157 114
1254 51 35 111
1255 50 76 110
1256 48 94 107
1257 47 144 106
1258 45 12 103
1259 66 132 132
1260 64 11 129
1261 63 84 128
1262 61 7 125
1263 60 173 124
1264 58 124 121
1265 57 134 120
1266 55 55 117
1267 54 157 116
1268 52 35 113
1269 51 76 112
1270 49 94 109
1271 48 144 108
1272 67 132 134
1273 65 11 131
1274 64 84 130
1275 62 7 127
1276 61 173 126
1277 59 124 123
1278 58 134 122
1279 56 55 119
1280 55 157 118
1281 53 35 115
1282 52 76 114
1283 50 94 111
1284 68 132 136
1285 66 11 133
1286 65 84 132
1287 63 7 129
1288 62 173 128
1289 60 124 125
1290 59 134 124
1291 57 55 121
1292 56 157 120
1293 54 35 117
1294 53 76 116
1295 69 132 138
1296 67 11 135
1297 66 84 134
1298 64 7 131
1299 63 173 130
1300 61 124 127
1301 60 134 126
1302 58 55 123
1303 57 157 122
1304 55 35 119
1305 70 132 140
1306 68 11 137
1307 67 84 136
1308 65 7 133
1309 64 173 132
1310 62 124 129
1311 61 134 128
1312 59 55 125
1313 58 157 124
1314 71 132 142
1315 69 11 139
1316 68 84 138
1317 66 7 135
1318 65 173 134
1319 63 124 131
1320 62 134 130
1321 60 55 127
1322 72 132 144
1323 70 11 141
1324 69 84 140
1325 67 7 137
1326 66 173 136
1327 64 124 133
1328 63 134 132
1329 73 132 146
1330 71 11 143
1331 70 84 142
1332 68 7 139
1333 67 173 138
1334 65 124 135
1335 74 132 148
1336 72 11 145
1337 71 84 144
1338 69 7 141
1339 68 173 140
1340 75 132 150
1341 73 11 147
1342 72 84 146
1343 70 7 143
1344 76 132 152
1345 74 11 149
1346 73 84 148
1347 77 132 154
1348 75 11 151
1349 78 132 156
1350 79 96 158
1351 76 140 153
1352 74 135 150
1353 71 164 145
1354 69 83 142
1355 66 132 137
1356 64 240 134
1357 61 87 129
1358 59 206 126
1359 56 147 121
1360 54 76 118
1361 51 67 113
1362 49 74 110
1363 46 86 105
1364 44 252 102
1365 41 236 97
1366 39 190 94
1367 36 36 89
1368 34 185 86
1369 31 215 81
1370 80 96 160
1371 77 140 155
1372 75 135 152
1373 72 164 147
1374 70 83 144
1375 67 132 139
1376 65 240 136
1377 62 87 131
1378 60 206 128
1379 57 147 123
1380 55 76 120
1381 52 67 115
1382 50 74 112
1383 47 86 107
1384 45 252 104
1385 42 236 99
1386 40 190 96
1387 37 36 91
1388 35 185 88
1389 81 96 162
1390 78 140 157
1391 76 135 154
1392 73 164 149
1393 71 83 146
1394 68 132 141
1395 66 240 138
1396 63 87 133
1397 61 206 130
1398 58 147 125
1399 56 76 122
1400 53 67 117
1401 51 74 114
1402 48 86 109
1403 46 252 106
1404 43 236 101
1405 41 190 98
1406 38 36 93
1407 82 96 164
1408 79 140 159
1409 77 135 156
1410 74 164 151
1411 72 83 148
1412 69 132 143
1413 67 240 140
1414 64 87 135
1415 62 206 132
1416 59 147 127
1417 57 76 124
1418 54 67 119
1419 52 74 116
1420 49 86 111
1421 47 252 108
1422 44 236 103
1423 42 190 100
1424 83 96 166
1425 80 140 161
1426 78 135 158
1427 75 164 153
1428 73 83 150
1429 70 132 145
1430 68 240 142
1431 65 87 137
1432 63 206 134
1433 60 147 129
1434 58 76 126
1435 55 67 121
1436 53 74 118
1437 50 86 113
1438 48 252 110
1439 45 236 105
1440 84 96 168
1441 81 140 163
1442 79 135 160
1443 76 164 155
1444 74 83 152
1445 71 132 147
1446 69 240 144
1447 66 87 139
1448 64 206 136
1449 61 147 131
1450 59 76 128
1451 56 67 123
1452 54 74 120
1453 51 86 115
1454 49 252 112
1455 85 96 170
1456 82 140 165
1457 80 135 162
1458 77 164 157
1459 75 83 154
1460 72 132 149
1461 70 240 146
1462 67 87 141
1463 65 206 138
1464 62 147 133
1465 60 76 130
1466 57 67 125
1467 55 74 122
1468 52 86 117
1469 86 96 172
1470 83 140 167
1471 81 135 164
1472 78 164 159
1473 76 83 156
1474 73 132 151
1475 71 240 148
1476 68 87 143
1477 66 206 140
1478 63 147 135
1479 61 76 132
1480 58 67 127
1481 56 74 124
1482 87 96 174
1483 84 140 169
1484 82 135 166
1485 79 164 161
1486 77 83 158
1487 74 132 153
1488 72 240 150
1489 69 87 145
1490 67 206 142
1491 64 147 137
1492 62 76 134
1493 59 67 129
1494 88 96 176
1495 85 140 171
1496 83 135 168
1497 80 164 163
1498 78 83 160
1499 75 132 155
1500 73 240 152
1501 70 87 147
1502 68 206 144
1503 65 147 139
1504 63 76 136
1505 89 96 178
1506 86 140 173
1507 84 135 170
1508 81 164 165
1509 79 83 162
1510 76 132 157
1511 74 240 154
1512 71 87 149
1513 69 206 146
1514 66 147 141
1515 90 96 180
1516 87 140 175
1517 85 135 172
1518 82 164 167
1519 80 83 164
1520 77 132 159
1521 75 240 156
1522 72 87 151
1523 70 206 148
1524 91 96 182
1525 88 140 177
1526 86 135 174
1527 83 164 169
1528 81 83 166
1529 78 132 161
1530 76 240 158
1531 73 87 153
1532 92 96 184
1533 89 140 179
1534 87 135 176
1535 84 164 171
1536 82 83 168
1537 79 132 163
1538 77 240 160
1539 93 96 186
1540 90 140 181
1541 88 135 178
1542 85 164 173
1543 83 83 170
1544 80 132 165
1545 94 96 188
1546 91 140 183
1547 89 135 180
1548 86 164 175
1549 84 83 172
1550 95 96 190
1551 92 140 185
1552 90 135 182
1553 87 164 177
1554 96 96 192
1555 93 140 187
1556 91 135 184
1557 97 96 194
1558 94 140 189
1559 98 96 196
1560 99 86 198
1561 95 132 191
1562 92 55 186
1563 88 115 179
1564 85 26 174
1565 81 150 167
1566 78 194 162
1567 74 47 155
1568 71 173 150
1569 67 27 143
1570 64 77 138
1571 60 161 131
1572 57 89 126
1573 53 210 119
1574 50 219 114
1575 46 171 107
1576 43 137 102
1577 100 86 200
1578 96 132 193
1579 93 55 188
1580 89 115 181
1581 86 26 176
1582 82 150 169
1583 79 194 164
1584 75 47 157
1585 72 173 152
1586 68 27 145
1587 65 77 140
1588 61 161 133
1589 58 89 128
1590 54 210 121
1591 51 219 116
1592 47 171 109
1593 101 86 202
1594 97 132 195
1595 94 55 190
1596 90 115 183
1597 87 26 178
1598 83 150 171
1599 80 194 166
1600 76 47 159
1601 73 173 154
1602 69 27 147
1603 66 77 142
1604 62 161 135
1605 59 89 130
1606 55 210 123
1607 52 219 118
1608 102 86 204
1609 98 132 197
1610 95 55 192
1611 91 115 185
1612 88 26 180
1613 84 150 173
1614 81 194 168
1615 77 47 161
1616 74 173 156
1617 70 27 149
1618 67 77 144
1619 63 161 137
1620 60 89 132
1621 56 210 125
1622 103 86 206
1623 99 132 199
1624 96 55 194
1625 92 115 187
1626 89 26 182
1627 85 150 175
1628 82 194 170
1629 78 47 163
1630 75 173 158
1631 71 27 151
1632 68 77 146
1633 64 161 139
1634 61 89 134
1635 104 86 208
1636 100 132 201
1637 97 55 196
1638 93 115 189
1639 90 26 184
1640 86 150 177
1641 83 194 172
1642 79 47 165
1643 76 173 160
1644 72 27 153
1645 69 77 148
1646 65 161 141
1647 105 86 210
1648 101 132 203
1649 98 55 198
1650 94 115 191
1651 91 26 186
1652 87 150 179
1653 84 194 174
1654 80 47 167
1655 77 173 162
1656 73 27 155
1657 70 77 150
1658 106 86 212
1659 102 132 205
1660 99 55 200
1661 95 115 193
1662 92 26 188
1663 88 150 181
1664 85 194 176
1665 81 47 169
1666 78 173 164
1667 74 27 157
1668 107 86 214
1669 103 132 207
1670 100 55 202
1671 96 115 195
1672 93 26 190
1673 89 150 183
1674 86 194 178
1675 82 47 171
1676 79 173 166
1677 108 86 216
1678 104 132 209
1679 101 55 204
1680 97 115 197
1681 94 26 192
1682 90 150 185
1683 87 194 180
1684 83 47 173
1685 109 86 218
1686 105 132 211
1687 102 55 206
1688 98 115 199
1689 95 26 194
1690 91 150 187
1691 88 194 182
1692 110 86 220
1693 106 132 213
1694 103 55 208
1695 99 115 201
1696 96 26 196
1697 92 150 189
1698 111 86 222
1699 107 132 215
1700 104 55 210
1701 100 115 203
1702 97 26 198
1703 112 86 224
1704 108 132 217
1705 105 55 212
1706 101 115 205
1707 113 86 226
1708 109 132 219
1709 106 55 214
1710 114 86 228
1711 110 132 221
1712 115 86 230
1713 0 262 45
1714 1 4 45
1715 2 247 45
1716 3 64 45
1717 4 7 45
1718 5 235 45
1719 6 112 45
1720 7 78 45
1721 0 115 46
1722 1 167 46
1723 2 32 46
1724 3 116 46
1725 4 163 46
1726 5 221 46
1727 6 204 46
1728 7 207 46
1729 0 262 47
1730 0 262 48
1731 9 116 48
1732 0 1 49
1733 10 85 49
1734 0 262 50
1735 0 262 51
1736 0 262 52
1737 12 32 52
1738 0 1 53
1739 13 96 53
1740 0 262 54
1741 0 262 55
1742 0 262 56
1743 15 163 56
1744 0 1 57
1745 16 226 57
1746 0 262 58
1747 0 262 59
1748 0 262 60
1749 0 262 61
1750 1 262 47
1751 2 4 47
1752 3 247 47
1753 4 64 47
1754 5 7 47
1755 6 235 47
1756 7 112 47
1757 8 78 47
1758 1 115 48
1759 2 167 48
1760 3 32 48
1761 4 116 48
1762 5 163 48
1763 6 221 48
1764 7 204 48
1765 8 207 48
1766 1 262 49
1767 1 262 50
1768 10 116 50
1769 1 1 51
1770 11 85 51
1771 1 262 52
1772 1 262 53
1773 1 262 54
1774 13 32 54
1775 1 1 55
1776 14 96 55
1777 1 262 56
1778 1 262 57
1779 1 262 58
1780 16 163 58
1781 1 1 59
1782 17 226 59
1783 1 262 60
1784 1 262 61
1785 1 262 62
1786 2 262 49
1787 3 4 49
1788 4 247 49
1789 5 64 49
1790 6 7 49
1791 7 235 49
1792 8 112 49
1793 9 78 49
1794 2 115 50
1795 3 167 50
1796 4 32 50
1797 5 116 50
1798 6 163 50
1799 7 221 50
1800 8 204 50
1801 9 207 50
1802 2 262 51
1803 2 262 52
1804 11 116 52
1805 2 1 53
1806 12 85 53
1807 2 262 54
1808 2 262 55
1809 2 262 56
1810 14 32 56
1811 2 1 57
1812 15 96 57
1813 2 262 58
1814 2 262 59
1815 2 262 60
1816 17 163 60
1817 2 1 61
1818 18 226 61
1819 2 262 62
1820 19 110 62
1821 3 262 51
1822 4 4 51
1823 5 247 51
1824 6 64 51
1825 7 7 51
1826 8 235 51
1827 9 112 51
1828 10 78 51
1829 3 115 52
1830 4 167 52
1831 5 32 52
1832 6 116 52
1833 7 163 52
1834 8 221 52
1835 9 204 52
1836 10 207 52
1837 3 262 53
1838 3 262 54
1839 12 116 54
1840 3 1 55
1841 13 85 55
1842 3 262 56
1843 3 262 57
1844 3 262 58
1845 15 32 58
1846 3 1 59
1847 16 96 59
1848 3 262 60
1849 3 262 61
1850 0 69 62
1851 3 184 62
1852 18 48 62
1853 2 100 63
1854 3 1 63
1855 4 262 53
1856 5 4 53
1857 6 247 53
1858 7 64 53
1859 8 7 53
1860 9 235 53
1861 10 112 53
1862 11 78 53
1863 4 115 54
1864 5 167 54
1865 6 32 54
1866 7 116 54
1867 8 163 54
1868 9 221 54
1869 10 204 54
1870 11 207 54
1871 4 262 55
1872 4 262 56
1873 13 116 56
1874 4 1 57
1875 14 85 57
1876 4 262 58
1877 4 262 59
1878 4 262 60
1879 16 32 60
1880 4 1 61
1881 17 96 61
1882 4 262 62
1883 0 175 63
1884 1 25 63
1885 4 262 63
1886 3 9 64
1887 4 1 64
1888 5 262 55
1889 6 4 55
1890 7 247 55
1891 8 64 55
1892 9 7 55
1893 10 235 55
1894 11 112 55
1895 12 78 55
1896 5 115 56
1897 6 167 56
1898 7 32 56
1899 8 116 56
1900 9 163 56
1901 10 221 56
1902 11 204 56
1903 12 207 56
1904 5 262 57
1905 5 262 58
1906 14 116 58
1907 5 1 59
1908 15 85 59
1909 5 262 60
1910 5 262 61
1911 5 262 62
1912 17 32 62
1913 5 1 63
1914 18 96 63
1915 19 178 63
1916 1 21 64
1917 5 262 64
1918 20 202 64
1919 5 1 65
1920 6 262 57
1921 7 4 57
1922 8 247 57
1923 9 64 57
1924 10 7 57
1925 11 235 57
1926 12 112 57
1927 13 78 57
1928 6 115 58
1929 7 167 58
1930 8 32 58
1931 9 116 58
1932 10 163 58
1933 11 221 58
1934 12 204 58
1935 13 207 58
1936 6 262 59
1937 6 262 60
1938 15 116 60
1939 6 1 61
1940 16 85 61
1941 6 262 62
1942 6 262 63
1943 0 31 64
1944 2 127 64
1945 6 6 64
1946 18 15 64
1947 19 91 64
1948 4 130 65
1949 6 1 65
1950 21 88 65
1951 7 262 59
1952 8 4 59
1953 9 247 59
1954 10 64 59
1955 11 7 59
1956 12 235 59
1957 13 112 59
1958 14 78 59
1959 7 115 60
1960 8 167 60
1961 9 32 60
1962 10 116 60
1963 11 163 60
1964 12 221 60
1965 13 204 60
1966 14 207 60
1967 7 262 61
1968 7 262 62
1969 16 116 62
1970 7 1 63
1971 17 85 63
1972 7 262 64
1973 0 256 65
1974 1 159 65
1975 2 1 65
1976 3 37 65
1977 7 262 65
1978 5 196 66
1979 6 15 66
1980 7 262 66
1981 8 262 61
1982 9 4 61
1983 10 247 61
1984 11 64 61
1985 12 7 61
1986 13 235 61
1987 14 112 61
1988 15 78 61
1989 8 115 62
1990 9 167 62
1991 10 32 62
1992 11 116 62
1993 12 163 62
1994 13 221 62
1995 14 204 62
1996 15 207 62
1997 8 262 63
1998 8 262 64
1999 17 116 64
2000 8 1 65
2001 18 85 65
2002 19 86 65
2003 20 15 65
2004 1 85 66
2005 3 68 66
2006 8 262 66
2007 21 12 66
2008 7 26 67
2009 8 262 67
2010 9 262 63
2011 10 4 63
2012 11 247 63
2013 12 64 63
2014 13 7 63
2015 14 235 63
2016 15 112 63
2017 16 78 63
2018 9 115 64
2019 10 167 64
2020 11 32 64
2021 12 116 64
2022 13 163 64
2023 14 221 64
2024 15 204 64
2025 16 207 64
2026 9 262 65
2027 0 245 66
2028 2 132 66
2029 4 243 66
2030 9 15 66
2031 18 223 66
2032 19 163 66
2033 20 70 66
2034 6 12 67
2035 9 1 67
2036 22 26 67
2037 9 262 68
2038 10 262 65
2039 11 4 65
2040 12 247 65
2041 13 64 65
2042 14 7 65
2043 15 235 65
2044 16 112 65
2045 17 78 65
2046 10 115 66
2047 11 167 66
2048 12 32 66
2049 13 116 66
2050 14 163 66
2051 15 221 66
2052 16 204 66
2053 17 207 66
2054 0 226 67
2055 1 246 67
2056 2 4 67
2057 3 205 67
2058 4 154 67
2059 5 181 67
2060 10 262 67
2061 7 163 68
2062 8 262 68
2063 10 262 68
2064 10 262 69
2065 11 262 67
2066 12 4 67
2067 13 247 67
2068 14 64 67
2069 15 7 67
2070 16 235 67
2071 17 112 67
2072 18 78 67
2073 19 244 67
2074 20 14 67
2075 21 102 67
2076 0 188 68
2077 1 12 68
2078 2 88 68
2079 3 187 68
2080 4 14 68
2081 5 59 68
2082 6 257 68
2083 11 171 68
2084 12 260 68
2085 13 220 68
2086 14 225 68
2087 22 119 68
2088 9 184 69
2089 11 262 69
2090 11 262 70
2091 15 1 68
2092 16 164 68
2093 17 97 68
2094 18 23 68
2095 19 164 68
2096 20 164 68
2097 21 26 68
2098 0 210 69
2099 1 245 69
2100 2 78 69
2101 3 35 69
2102 4 56 69
2103 5 107 69
2104 6 63 69
2105 7 86 69
2106 8 132 69
2107 12 36 69
2108 13 12 69
2109 14 102 69
2110 15 241 69
2111 23 38 69
2112 0 75 70
2113 1 102 70
2114 12 262 70
2115 24 193 70
2116 16 7 69
2117 17 118 69
2118 18 137 69
2119 19 109 69
2120 20 152 69
2121 21 41 69
2122 22 230 69
2123 2 39 70
2124 3 181 70
2125 4 25 70
2126 5 83 70
2127 6 132 70
2128 7 63 70
2129 8 151 70
2130 9 31 70
2131 10 127 70
2132 13 122 70
2133 14 178 70
2134 15 94 70
2135 23 232 70
2136 0 212 71
2137 1 116 71
2138 12 236 71
2139 13 1 71
2140 16 8 70
2141 17 35 70
2142 18 204 70
2143 19 98 70
2144 20 210 70
2145 21 249 70
2146 22 26 70
2147 2 215 71
2148 3 244 71
2149 4 38 71
2150 5 20 71
2151 6 127 71
2152 7 20 71
2153 8 17 71
2154 9 194 71
2155 10 55 71
2156 11 132 71
2157 14 219 71
2158 15 27 71
2159 16 66 71
2160 24 122 71
2161 13 112 72
2162 14 1 72
2163 17 129 71
2164 18 58 71
2165 19 212 71
2166 20 135 71
2167 21 50 71
2168 22 231 71
2169 23 160 71
2170 0 51 72
2171 1 213 72
2172 2 164 72
2173 3 132 72
2174 4 36 72
2175 5 85 72
2176 6 101 72
2177 7 250 72
2178 8 56 72
2179 9 125 72
2180 10 249 72
2181 11 192 72
2182 15 262 72
2183 25 233 72
2184 15 1 73
2185 12 17 72
2186 16 62 72
2187 17 258 72
2188 18 180 72
2189 19 82 72
2190 20 41 72
2191 21 46 72
2192 22 178 72
2193 23 156 72
2194 24 251 72
2195 0 222 73
2196 1 29 73
2197 2 54 73
2198 3 171 73
2199 4 225 73
2200 5 167 73
2201 6 12 73
2202 7 201 73
2203 14 262 73
2204 16 1 73
2205 26 196 73
2206 8 187 73
2207 9 79 73
2208 10 252 73
2209 11 41 73
2210 12 86 73
2211 13 13 73
2212 17 27 73
2213 18 149 73
2214 19 195 73
2215 20 95 73
2216 21 88 73
2217 22 235 73
2218 23 43 73
2219 24 185 73
2220 25 262 73
2221 0 242 74
2222 1 23 74
2223 15 205 74
2224 16 56 74
2225 17 262 74
2226 2 30 74
2227 3 177 74
2228 4 110 74
2229 5 112 74
2230 6 241 74
2231 7 253 74
2232 8 212 74
2233 9 171 74
2234 10 48 74
2235 11 156 74
2236 12 178 74
2237 13 127 74
2238 14 72 74
2239 18 9 74
2240 19 70 74
2241 20 193 74
2242 26 200 74
2243 17 233 75
2244 18 262 75
2245 21 130 74
2246 22 61 74
2247 23 32 74
2248 24 121 74
2249 25 208 74
2250 0 150 75
2251 1 178 75
2252 2 100 75
2253 3 249 75
2254 4 40 75
2255 5 148 75
2256 6 248 75
2257 8 147 75
2258 9 4 75
2259 16 84 75
2260 19 1 75
2261 27 56 75
2262 19 262 76
2263 10 162 75
2264 11 200 75
2265 12 34 75
2266 13 218 75
2267 14 99 75
2268 15 246 75
2269 20 26 75
2270 21 194 75
2271 22 120 75
2272 23 218 75
2273 24 151 75
2274 25 134 75
2275 26 46 75
2276 17 179 76
2277 18 95 76
2278 20 262 76
2279 20 262 77
2280 0 214 76
2281 1 85 76
2282 2 85 76
2283 3 229 76
2284 4 229 76
2285 5 129 76
2286 11 49 76
2287 12 117 76
2288 13 92 76
2289 14 68 76
2290 15 139 76
2291 21 262 76
2292 27 53 76
2293 19 158 77
2294 21 262 77
2295 21 262 78
2296 16 191 76
2297 22 9 76
2298 23 116 76
2299 24 16 76
2300 25 167 76
2301 26 33 76
2302 0 260 77
2303 1 6 77
2304 2 44 77
2305 3 25 77
2306 22 262 77
2307 28 178 77
2308 19 119 78
2309 22 262 78
2310 29 92 78
2311 4 213 77
2312 14 73 77
2313 15 194 77
2314 16 97 77
2315 17 115 77
2316 18 89 77
2317 23 82 77
2318 24 14 77
2319 25 75 77
2320 27 81 77
2321 20 223 78
2322 23 262 78
2323 22 89 79
2324 23 1 79
2325 26 87 77
2326 0 113 78
2327 1 79 78
2328 2 242 78
2329 3 24 78
2330 17 154 78
2331 18 148 78
2332 24 262 78
2333 28 25 78
2334 21 169 79
2335 24 262 79
2336 23 132 80
2337 24 1 80
2338 25 260 78
2339 26 136 78
2340 27 23 78
2341 0 218 79
2342 1 101 79
2343 2 42 79
2344 20 210 79
2345 25 1 79
2346 29 259 79
2347 25 262 80
2348 30 129 80
2349 25 1 81
2350 18 29 79
2351 19 7 79
2352 26 133 79
2353 27 156 79
2354 28 238 79
2355 21 22 80
2356 22 245 80
2357 26 262 80
2358 24 115 81
2359 26 1 81
2360 26 1 82
2361 0 151 80
2362 1 93 80
2363 20 142 80
2364 27 262 80
2365 29 209 80
2366 23 3 81
2367 27 262 81
2368 25 4 82
2369 27 1 82
2370 27 1 83
2371 28 227 80
2372 0 153 81
2373 22 212 81
2374 28 1 81
2375 30 6 81
2376 28 262 82
2377 31 17 82
2378 28 1 83
2379 32 64 83
2380 29 262 81
2381 23 202 82
2382 24 116 82
2383 29 262 82
2384 26 156 83
2385 29 1 83
2386 28 165 84
2387 29 262 84
2388 30 1 82
2389 25 93 83
2390 30 262 83
2391 27 7 84
2392 30 1 84
2393 29 168 85
2394 30 262 85
2395 31 262 83
2396 31 262 84
2397 32 91 84
2398 31 1 85
2399 33 50 85
2400 31 262 86
2401 28 190 85
2402 32 1 85
2403 30 169 86
2404 32 262 86
2405 32 262 87
2406 33 1 86
2407 31 157 87
2408 33 262 87
2409 33 262 88
2410 34 262 87
2411 34 262 88
2412 34 262 89
2413 35 262 89
2414 35 262 90
2415 36 1 90
2416 37 227 92
2417 36 18 91
2418 35 9 91
2419 34 127 90
2420 33 68 89
2421 32 229 88
2422 31 246 88
2423 30 140 87
2424 29 193 86
2425 28 228 86
2426 27 149 85
2427 26 57 84
2428 25 160 84
2429 24 183 83
2430 23 223 83
2431 22 20 82
2432 21 253 81
2433 20 258 81
2434 19 134 80
2435 18 67 80
2436 17 98 79
2437 16 214 78
2438 15 107 78
2439 14 185 78
2440 13 39 77
2441 12 151 77
2442 11 207 77
2443 10 28 76
2444 9 14 76
2445 8 7 76
2446 7 128 75
2447 38 227 94
2448 37 18 93
2449 36 254 92
2450 35 127 92
2451 34 68 91
2452 33 229 90
2453 32 17 89
2454 31 140 89
2455 30 193 88
2456 29 35 87
2457 28 149 87
2458 27 57 86
2459 26 103 85
2460 25 183 85
2461 24 40 84
2462 23 20 84
2463 22 253 83
2464 21 5 82
2465 20 134 82
2466 19 196 81
2467 18 98 81
2468 17 214 80
2469 16 156 79
2470 15 78 79
2471 14 39 79
2472 13 112 78
2473 12 56 78
2474 11 28 78
2475 10 249 77
2476 9 256 77
2477 39 36 95
2478 38 18 95
2479 37 254 94
2480 36 136 93
2481 35 68 93
2482 34 229 92
2483 33 17 91
2484 32 123 90
2485 31 193 90
2486 30 35 89
2487 29 114 88
2488 28 57 88
2489 27 103 87
2490 26 80 86
2491 25 40 86
2492 24 243 85
2493 23 253 85
2494 22 5 84
2495 21 129 83
2496 20 196 83
2497 19 165 82
2498 18 214 82
2499 17 156 81
2500 16 185 80
2501 15 224 80
2502 14 112 80
2503 13 207 79
2504 12 235 79
2505 11 249 79
2506 40 36 97
2507 39 245 96
2508 38 254 96
2509 37 136 95
2510 36 195 94
2511 35 229 94
2512 34 17 93
2513 33 123 92
2514 32 70 91
2515 31 35 91
2516 30 114 90
2517 29 206 89
2518 28 103 89
2519 27 80 88
2520 26 223 87
2521 25 243 87
2522 24 10 86
2523 23 5 86
2524 22 129 85
2525 21 67 84
2526 20 165 84
2527 19 49 83
2528 18 156 83
2529 17 185 82
2530 16 39 81
2531 15 151 81
2532 14 207 81
2533 13 28 80
2534 41 36 99
2535 40 245 98
2536 39 9 97
2537 38 136 97
2538 37 195 96
2539 36 34 95
2540 35 17 95
2541 34 123 94
2542 33 70 93
2543 32 228 92
2544 31 114 92
2545 30 206 91
2546 29 160 90
2547 28 80 90
2548 27 223 89
2549 26 20 88
2550 25 10 88
2551 24 258 87
2552 23 129 87
2553 22 67 86
2554 21 98 85
2555 20 49 85
2556 19 107 84
2557 18 185 84
2558 17 39 83
2559 16 112 82
2560 15 56 82
2561 42 36 101
2562 41 245 100
2563 40 9 99
2564 39 127 98
2565 38 195 98
2566 37 34 97
2567 36 246 96
2568 35 123 96
2569 34 70 95
2570 33 228 94
2571 32 149 93
2572 31 206 93
2573 30 160 92
2574 29 183 91
2575 28 223 91
2576 27 20 90
2577 26 253 89
2578 25 258 89
2579 24 134 88
2580 23 67 88
2581 22 98 87
2582 21 214 86
2583 20 107 86
2584 19 78 85
2585 18 39 85
2586 17 112 84
2587 43 36 103
2588 42 245 102
2589 41 9 101
2590 40 127 100
2591 39 68 99
2592 38 34 99
2593 37 246 98
2594 36 140 97
2595 35 70 97
2596 34 228 96
2597 33 149 95
2598 32 57 94
2599 31 160 94
2600 30 183 93
2601 29 40 92
2602 28 20 92
2603 27 253 91
2604 26 5 90
2605 25 134 90
2606 24 196 89
2607 23 98 89
2608 22 214 88
2609 21 156 87
2610 20 78 87
2611 19 224 86
2612 44 227 104
2613 43 245 104
2614 42 9 103
2615 41 127 102
2616 40 68 101
2617 39 229 100
2618 38 246 100
2619 37 140 99
2620 36 193 98
2621 35 228 98
2622 34 149 97
2623 33 57 96
2624 32 103 95
2625 31 183 95
2626 30 40 94
2627 29 243 93
2628 28 253 93
2629 27 5 92
2630 26 129 91
2631 25 196 91
2632 24 165 90
2633 23 214 90
2634 22 156 89
2635 21 185 88
2636 45 227 106
2637 44 18 105
2638 43 9 105
2639 42 127 104
2640 41 68 103
2641 40 229 102
2642 39 17 101
2643 38 140 101
2644 37 193 100
2645 36 35 99
2646 35 149 99
2647 34 57 98
2648 33 103 97
2649 32 80 96
2650 31 40 96
2651 30 243 95
2652 29 10 94
2653 28 5 94
2654 27 129 93
2655 26 67 92
2656 25 165 92
2657 24 49 91
2658 23 156 91
2659 46 227 108
2660 45 18 107
2661 44 254 106
2662 43 127 106
2663 42 68 105
2664 41 229 104
2665 40 17 103
2666 39 123 102
2667 38 193 102
2668 37 35 101
2669 36 114 100
2670 35 57 100
2671 34 103 99
2672 33 80 98
2673 32 223 97
2674 31 243 97
2675 30 10 96
2676 29 258 95
2677 28 129 95
2678 27 67 94
2679 26 98 93
2680 25 49 93
2681 47 227 110
2682 46 18 109
2683 45 254 108
2684 44 136 107
2685 43 68 107
2686 42 229 106
2687 41 17 105
2688 40 123 104
2689 39 70 103
2690 38 35 103
2691 37 114 102
2692 36 206 101
2693 35 103 101
2694 34 80 100
2695 33 223 99
2696 32 20 98
2697 31 10 98
2698 30 258 97
2699 29 134 96
2700 28 67 96
2701 27 98 95
2702 48 36 111
2703 47 18 111
2704 46 254 110
2705 45 136 109
2706 44 195 108
2707 43 229 108
2708 42 17 107
2709 41 123 106
2710 40 70 105
2711 39 228 104
2712 38 114 104
2713 37 206 103
2714 36 160 102
2715 35 80 102
2716 34 223 101
2717 33 20 100
2718 32 253 99
2719 31 258 99
2720 30 134 98
2721 29 196 97
2722 49 36 113
2723 48 245 112
2724 47 254 112
2725 46 136 111
2726 45 195 110
2727 44 34 109
2728 43 17 109
2729 42 123 108
2730 41 70 107
2731 40 228 106
2732 39 149 105
2733 38 206 105
2734 37 160 104
2735 36 183 103
2736 35 223 103
2737 34 20 102
2738 33 253 101
2739 32 5 100
2740 31 134 100
2741 50 36 115
2742 49 245 114
2743 48 9 113
2744 47 136 113
2745 46 195 112
2746 45 34 111
2747 44 246 110
2748 43 123 110
2749 42 70 109
2750 41 228 108
2751 40 149 107
2752 39 57 106
2753 38 160 106
2754 37 183 105
2755 36 40 104
2756 35 20 104
2757 34 253 103
2758 33 5 102
2759 51 36 117
2760 50 245 116
2761 49 9 115
2762 48 127 114
2763 47 195 114
2764 46 34 113
2765 45 246 112
2766 44 140 111
2767 43 70 111
2768 42 228 110
2769 41 149 109
2770 40 57 108
2771 39 103 107
2772 38 183 107
2773 37 40 106
2774 36 243 105
2775 35 253 105
2776 52 36 119
2777 51 245 118
2778 50 9 117
2779 49 127 116
2780 48 68 115
2781 47 34 115
2782 46 246 114
2783 45 140 113
2784 44 193 112
2785 43 228 112
2786 42 149 111
2787 41 57 110
2788 40 103 109
2789 39 80 108
2790 38 40 108
2791 37 243 107
2792 53 227 120
2793 52 245 120
2794 51 9 119
2795 50 127 118
2796 49 68 117
2797 48 229 116
2798 47 246 116
2799 46 140 115
2800 45 193 114
2801 44 35 113
2802 43 149 113
2803 42 57 112
2804 41 103 111
2805 40 80 110
2806 39 223 109
2807 54 227 122
2808 53 18 121
2809 52 9 121
2810 51 127 120
2811 50 68 119
2812 49 229 118
2813 48 17 117
2814 47 140 117
2815 46 193 116
2816 45 35 115
2817 44 114 114
2818 43 57 114
2819 42 103 113
2820 41 80 112
2821 55 227 124
2822 54 18 123
2823 53 254 122
2824 52 127 122
2825 51 68 121
2826 50 229 120
2827 49 17 119
2828 48 123 118
2829 47 193 118
2830 46 35 117
2831 45 114 116
2832 44 206 115
2833 43 103 115
2834 56 227 126
2835 55 18 125
2836 54 254 124
2837 53 136 123
2838 52 68 123
2839 51 229 122
2840 50 17 121
2841 49 123 120
2842 48 70 119
2843 47 35 119
2844 46 114 118
2845 45 206 117
2846 57 36 127
2847 56 18 127
2848 55 254 126
2849 54 136 125
2850 53 195 124
2851 52 229 124
2852 51 17 123
2853 50 123 122
2854 49 70 121
2855 48 228 120
2856 47 114 120
2857 58 36 129
2858 57 245 128
2859 56 254 128
2860 55 136 127
2861 54 195 126
2862 53 34 125
2863 52 17 125
2864 51 123 124
2865 50 70 123
2866 49 228 122
2867 59 36 131
2868 58 245 130
2869 57 9 129
2870 56 136 129
2871 55 195 128
2872 54 34 127
2873 53 246 126
2874 52 123 126
2875 51 70 125
2876 60 36 133
2877 59 245 132
2878 58 9 131
2879 57 127 130
2880 56 195 130
2881 55 34 129
2882 54 246 128
2883 53 140 127
2884 61 36 135
2885 60 245 134
2886 59 9 133
2887 58 127 132
2888 57 68 131
2889 56 34 131
2890 55 246 130
2891 62 227 136
2892 61 245 136
2893 60 9 135
2894 59 127 134
2895 58 68 133
2896 57 229 132
2897 63 227 138
2898 62 18 137
2899 61 9 137
2900 60 127 136
2901 59 68 135
2902 64 227 140
2903 63 18 139
2904 62 254 138
2905 61 127 138
2906 65 227 142
2907 64 18 141
2908 63 254 140
2909 66 36 143
2910 65 18 143
2911 67 36 145
2912 68 57 147
2913 66 101 144
2914 64 204 142
2915 62 140 139
2916 60 38 137
2917 58 155 134
2918 56 136 132
2919 54 181 129
2920 52 113 127
2921 50 191 124
2922 48 260 121
2923 46 33 119
2924 44 100 116
2925 42 215 114
2926 40 261 111
2927 38 22 109
2928 36 242 106
2929 34 231 104
2930 32 174 101
2931 30 190 99
2932 28 14 97
2933 26 154 94
2934 24 147 92
2935 22 224 90
2936 20 166 88
2937 18 15 86
2938 69 57 149
2939 67 101 146
2940 65 204 144
2941 63 140 141
2942 61 38 139
2943 59 155 136
2944 57 127 133
2945 55 181 131
2946 53 150 128
2947 51 191 126
2948 49 260 123
2949 47 33 121
2950 45 100 118
2951 43 215 116
2952 41 261 113
2953 39 241 110
2954 37 242 108
2955 35 231 106
2956 33 174 103
2957 31 190 101
2958 29 249 98
2959 27 154 96
2960 25 147 94
2961 23 224 92
2962 21 97 89
2963 70 57 151
2964 68 101 148
2965 66 59 145
2966 64 140 143
2967 62 225 140
2968 60 155 138
2969 58 127 135
2970 56 181 133
2971 54 150 130
2972 52 191 128
2973 50 260 125
2974 48 230 122
2975 46 100 120
2976 44 48 117
2977 42 261 115
2978 40 241 112
2979 38 242 110
2980 36 32 107
2981 34 174 105
2982 32 73 102
2983 30 249 100
2984 28 154 98
2985 26 116 95
2986 24 39 93
2987 71 206 152
2988 69 101 150
2989 67 59 147
2990 65 140 145
2991 63 225 142
2992 61 155 140
2993 59 127 137
2994 57 82 134
2995 55 150 132
2996 53 72 129
2997 51 260 127
2998 49 230 124
2999 47 100 122
3000 45 48 119
3001 43 261 117
3002 41 241 114
3003 39 21 111
3004 37 32 109
3005 35 174 107
3006 33 73 104
3007 31 249 102
3008 29 109 99
3009 27 116 97
3010 72 206 154
3011 70 101 152
3012 68 59 149
3013 66 123 146
3014 64 225 144
3015 62 108 141
3016 60 127 139
3017 58 82 136
3018 56 150 134
3019 54 72 131
3020 52 260 129
3021 50 230 126
3022 48 163 123
3023 46 48 121
3024 44 2 118
3025 42 241 116
3026 40 21 113
3027 38 32 111
3028 36 89 108
3029 34 73 106
3030 32 14 103
3031 30 109 101
3032 73 206 156
3033 71 162 153
3034 69 59 151
3035 67 123 148
3036 65 225 146
3037 63 108 143
3038 61 127 141
3039 59 82 138
3040 57 113 135
3041 55 72 133
3042 53 3 130
3043 51 230 128
3044 49 163 125
3045 47 48 123
3046 45 2 120
3047 43 241 118
3048 41 21 115
3049 39 231 112
3050 37 89 110
3051 35 73 108
3052 33 14 105
3053 74 206 158
3054 72 162 155
3055 70 59 153
3056 68 123 150
3057 66 38 147
3058 64 108 145
3059 62 136 142
3060 60 82 140
3061 58 113 137
3062 56 72 135
3063 54 3 132
3064 52 230 130
3065 50 163 127
3066 48 215 124
3067 46 2 122
3068 44 22 119
3069 42 21 117
3070 40 231 114
3071 38 89 112
3072 36 190 109
3073 75 57 159
3074 73 162 157
3075 71 204 154
3076 69 123 152
3077 67 38 149
3078 65 108 147
3079 63 136 144
3080 61 82 142
3081 59 113 139
3082 57 191 136
3083 55 3 134
3084 53 33 131
3085 51 163 129
3086 49 215 126
3087 47 2 124
3088 45 22 121
3089 43 21 119
3090 41 231 116
3091 39 174 113
3092 76 57 161
3093 74 162 159
3094 72 204 156
3095 70 123 154
3096 68 38 151
3097 66 155 148
3098 64 136 146
3099 62 181 143
3100 60 113 141
3101 58 191 138
3102 56 3 136
3103 54 33 133
3104 52 163 131
3105 50 215 128
3106 48 261 125
3107 46 22 123
3108 44 242 120
3109 42 231 118
3110 77 57 163
3111 75 101 160
3112 73 204 158
3113 71 140 155
3114 69 38 153
3115 67 155 150
3116 65 136 148
3117 63 181 145
3118 61 113 143
3119 59 191 140
3120 57 260 137
3121 55 33 135
3122 53 100 132
3123 51 215 130
3124 49 261 127
3125 47 22 125
3126 45 242 122
3127 78 57 165
3128 76 101 162
3129 74 204 160
3130 72 140 157
3131 70 38 155
3132 68 155 152
3133 66 127 149
3134 64 181 147
3135 62 150 144
3136 60 191 142
3137 58 260 139
3138 56 33 137
3139 54 100 134
3140 52 215 132
3141 50 261 129
3142 48 241 126
3143 79 57 167
3144 77 101 164
3145 75 59 161
3146 73 140 159
3147 71 225 156
3148 69 155 154
3149 67 127 151
3150 65 181 149
3151 63 150 146
3152 61 191 144
3153 59 260 141
3154 57 230 138
3155 55 100 136
3156 53 48 133
3157 51 261 131
3158 80 206 168
3159 78 101 166
3160 76 59 163
3161 74 140 161
3162 72 225 158
3163 70 155 156
3164 68 127 153
3165 66 82 150
3166 64 150 148
3167 62 72 145
3168 60 260 143
3169 58 230 140
3170 56 100 138
3171 54 48 135
3172 81 206 170
3173 79 101 168
3174 77 59 165
3175 75 123 162
3176 73 225 160
3177 71 108 157
3178 69 127 155
3179 67 82 152
3180 65 150 150
3181 63 72 147
3182 61 260 145
3183 59 230 142
3184 57 163 139
3185 82 206 172
3186 80 162 169
3187 78 59 167
3188 76 123 164
3189 74 225 162
3190 72 108 159
3191 70 127 157
3192 68 82 154
3193 66 113 151
3194 64 72 149
3195 62 3 146
3196 60 230 144
3197 83 206 174
3198 81 162 171
3199 79 59 169
3200 77 123 166
3201 75 38 163
3202 73 108 161
3203 71 136 158
3204 69 82 156
3205 67 113 153
3206 65 72 151
3207 63 3 148
3208 84 57 175
3209 82 162 173
3210 80 204 170
3211 78 123 168
3212 76 38 165
3213 74 108 163
3214 72 136 160
3215 70 82 158
3216 68 113 155
3217 66 191 152
3218 85 57 177
3219 83 162 175
3220 81 204 172
3221 79 123 170
3222 77 38 167
3223 75 155 164
3224 73 136 162
3225 71 181 159
3226 69 113 157
3227 86 57 179
3228 84 101 176
3229 82 204 174
3230 80 140 171
3231 78 38 169
3232 76 155 166
3233 74 136 164
3234 72 181 161
3235 87 57 181
3236 85 101 178
3237 83 204 176
3238 81 140 173
3239 79 38 171
3240 77 155 168
3241 75 127 165
3242 88 57 183
3243 86 101 180
3244 84 59 177
3245 82 140 175
3246 80 225 172
3247 78 155 170
3248 89 206 184
3249 87 101 182
3250 85 59 179
3251 83 140 177
3252 81 225 174
3253 90 206 186
3254 88 101 184
3255 86 59 181
3256 84 123 178
3257 91 206 188
3258 89 162 185
3259 87 59 183
3260 92 206 190
3261 90 162 187
3262 93 57 191
3263 94 12 193
3264 91 57 189
3265 88 205 185
3266 85 144 180
3267 82 158 176
3268 79 93 172
3269 76 150 167
3270 73 55 163
3271 70 64 159
3272 67 222 154
3273 64 134 150
3274 61 242 146
3275 58 34 141
3276 55 30 137
3277 52 11 133
3278 49 145 128
3279 46 97 124
3280 43 132 120
3281 40 162 115
3282 37 112 111
3283 34 6 107
3284 31 160 103
3285 28 234 99
3286 95 12 195
3287 92 57 191
3288 89 58 186
3289 86 144 182
3290 83 158 178
3291 80 170 173
3292 77 150 169
3293 74 55 165
3294 71 199 160
3295 68 222 156
3296 65 134 152
3297 62 21 147
3298 59 34 143
3299 56 30 139
3300 53 252 134
3301 50 145 130
3302 47 97 126
3303 44 131 121
3304 41 162 117
3305 38 112 113
3306 35 6 109
3307 32 103 104
3308 96 12 197
3309 93 206 192
3310 90 58 188
3311 87 144 184
3312 84 105 179
3313 81 170 175
3314 78 150 171
3315 75 208 166
3316 72 199 162
3317 69 222 158
3318 66 129 153
3319 63 21 149
3320 60 34 145
3321 57 233 140
3322 54 252 136
3323 51 145 132
3324 48 166 127
3325 45 131 123
3326 42 162 119
3327 39 151 114
3328 36 257 110
3329 97 12 199
3330 94 206 194
3331 91 58 190
3332 88 144 186
3333 85 105 181
3334 82 170 177
3335 79 150 173
3336 76 208 168
3337 73 199 164
3338 70 222 160
3339 67 129 155
3340 64 21 151
3341 61 34 147
3342 58 233 142
3343 55 252 138
3344 52 145 134
3345 49 166 129
3346 46 131 125
3347 43 162 121
3348 40 151 116
3349 98 251 200
3350 95 206 196
3351 92 58 192
3352 89 119 187
3353 86 105 183
3354 83 170 179
3355 80 113 174
3356 77 208 170
3357 74 199 166
3358 71 41 161
3359 68 129 157
3360 65 21 153
3361 62 229 148
3362 59 233 144
3363 56 252 140
3364 53 118 135
3365 50 166 131
3366 47 131 127
3367 44 101 122
3368 99 251 202
3369 96 206 198
3370 93 205 193
3371 90 119 189
3372 87 105 185
3373 84 93 180
3374 81 113 176
3375 78 208 172
3376 75 64 167
3377 72 41 163
3378 69 129 159
3379 66 242 154
3380 63 229 150
3381 60 233 146
3382 57 11 141
3383 54 118 137
3384 51 166 133
3385 48 132 128
3386 100 251 204
3387 97 206 200
3388 94 205 195
3389 91 119 191
3390 88 105 187
3391 85 93 182
3392 82 113 178
3393 79 208 174
3394 76 64 169
3395 73 41 165
3396 70 129 161
3397 67 242 156
3398 64 229 152
3399 61 233 148
3400 58 11 143
3401 55 118 139
3402 52 166 135
3403 101 251 206
3404 98 57 201
3405 95 205 197
3406 92 119 193
3407 89 158 188
3408 86 93 184
3409 83 113 180
3410 80 55 175
3411 77 64 171
3412 74 41 167
3413 71 134 162
3414 68 242 158
3415 65 229 154
3416 62 30 149
3417 59 11 145
3418 56 118 141
3419 102 12 207
3420 99 57 203
3421 96 205 199
3422 93 144 194
3423 90 158 190
3424 87 93 186
3425 84 150 181
3426 81 55 177
3427 78 64 173
3428 75 222 168
3429 72 134 164
3430 69 242 160
3431 66 34 155
3432 63 30 151
3433 60 11 147
3434 103 12 209
3435 100 57 205
3436 97 205 201
3437 94 144 196
3438 91 158 192
3439 88 93 188
3440 85 150 183
3441 82 55 179
3442 79 64 175
3443 76 222 170
3444 73 134 166
3445 70 242 162
3446 67 34 157
3447 64 30 153
3448 104 12 211
3449 101 57 207
3450 98 58 202
3451 95 144 198
3452 92 158 194
3453 89 170 189
3454 86 150 185
3455 83 55 181
3456 80 199 176
3457 77 222 172
3458 74 134 168
3459 71 21 163
3460 68 34 159
3461 105 12 213
3462 102 206 208
3463 99 58 204
3464 96 144 200
3465 93 105 195
3466 90 170 191
3467 87 150 187
3468 84 208 182
3469 81 199 178
3470 78 222 174
3471 75 129 169
3472 72 21 165
3473 106 12 215
3474 103 206 210
3475 100 58 206
3476 97 144 202
3477 94 105 197
3478 91 170 193
3479 88 150 189
3480 85 208 184
3481 82 199 180
3482 79 222 176
3483 76 129 171
3484 107 251 216
3485 104 206 212
3486 101 58 208
3487 98 119 203
3488 95 105 199
3489 92 170 195
3490 89 113 190
3491 86 208 186
3492 83 199 182
3493 80 41 177
3494 108 251 218
3495 105 206 214
3496 102 205 209
3497 99 119 205
3498 96 105 201
3499 93 93 196
3500 90 113 192
3501 87 208 188
3502 84 64 183
3503 109 251 220
3504 106 206 216
3505 103 205 211
3506 100 119 207
3507 97 105 203
3508 94 93 198
3509 91 113 194
3510 88 208 190
3511 110 251 222
3512 107 57 217
3513 104 205 213
3514 101 119 209
3515 98 158 204
3516 95 93 200
3517 92 113 196
3518 111 12 223
3519 108 57 219
3520 105 205 215
3521 102 144 210
3522 99 158 206
3523 96 93 202
3524 112 12 225
3525 109 57 221
3526 106 205 217
3527 103 144 212
3528 100 158 208
3529 113 12 227
3530 110 57 223
3531 107 58 218
3532 104 144 214
3533 114 12 229
3534 111 206 224
3535 108 58 220
3536 115 12 231
3537 112 206 226
3538 116 251 232
3539 6 68 76
3540 5 9 77
3541 7 193 76
3542 6 246 77
3543 7 114 77
3544 4 59 78
3545 5 152 78
3546 3 9 79
3547 4 149 79
3548 2 186 80
3549 3 249 80
3550 1 145 81
3551 2 187 81
3552 0 50 82
3553 1 253 82
3554 0 17 83
3555 0 17 84
3556 0 17 85
3557 0 17 86
3558 0 17 87
3559 0 17 88
3560 0 17 89
3561 0 17 90
3562 0 17 91
3563 0 17 92
3564 0 17 93
3565 0 17 94
3566 0 17 95
3567 0 17 96
3568 0 17 97
3569 0 17 98
3570 0 17 99
3571 8 110 77
3572 6 254 78
3573 7 246 78
3574 9 237 78
3575 8 149 78
3576 5 168 79
3577 6 243 79
3578 7 127 79
3579 4 153 80
3580 5 37 80
3581 3 76 81
3582 4 161 81
3583 2 221 82
3584 3 147 82
3585 1 8 83
3586 2 83 83
3587 1 140 84
3588 1 140 85
3589 1 140 86
3590 1 140 87
3591 1 140 88
3592 1 140 89
3593 1 140 90
3594 1 140 91
3595 1 140 92
3596 1 140 93
3597 1 140 94
3598 1 140 95
3599 1 140 96
3600 1 140 97
3601 10 147 78
3602 8 86 79
3603 9 104 79
3604 6 243 80
3605 10 125 79
3606 7 242 80
3607 8 52 80
3608 5 203 81
3609 9 2 80
3610 6 55 81
3611 7 19 81
3612 4 161 82
3613 5 19 82
3614 3 119 83
3615 4 134 83
3616 2 127 84
3617 3 80 84
3618 2 70 85
3619 2 70 86
3620 2 70 87
3621 2 70 88
3622 2 70 89
3623 2 70 90
3624 2 70 91
3625 2 70 92
3626 2 70 93
3627 2 70 94
3628 2 70 95
3629 10 62 80
3630 12 2 80
3631 11 29 80
3632 8 45 81
3633 9 50 81
3634 10 211 81
3635 11 166 81
3636 6 64 82
3637 7 196 82
3638 8 190 82
3639 9 99 82
3640 5 121 83
3641 6 84 83
3642 7 236 83
3643 4 261 84
3644 5 45 84
3645 3 125 85
3646 4 115 85
3647 3 35 86
3648 3 35 87
3649 3 35 88
3650 3 35 89
3651 3 35 90
3652 3 35 91
3653 3 35 92
3654 3 35 93
3655 12 255 81
3656 10 15 82
3657 13 132 81
3658 11 147 82
3659 12 190 82
3660 8 202 83
3661 13 21 82
3662 9 91 83
3663 10 59 83
3664 6 229 84
3665 11 106 83
3666 7 3 84
3667 8 179 84
3668 5 74 85
3669 9 224 84
3670 6 46 85
3671 7 140 85
3672 4 159 86
3673 5 47 86
3674 4 149 87
3675 4 149 88
3676 4 149 89
3677 4 149 90
3678 4 149 91
3679 14 18 82
3680 12 32 83
3681 13 2 83
3682 15 34 83
3683 14 230 83
3684 10 203 84
3685 11 199 84
3686 12 116 84
3687 13 172 84
3688 8 208 85
3689 9 161 85
3690 10 248 85
3691 11 171 85
3692 6 255 86
3693 7 60 86
3694 8 70 86
3695 9 143 86
3696 5 246 87
3697 6 199 87
3698 7 243 87
3699 5 206 88
3700 5 206 89
3701 16 91 83
3702 14 191 84
3703 15 127 84
3704 12 188 85
3705 16 140 84
3706 13 250 85
3707 14 195 85
3708 10 244 86
3709 15 139 85
3710 11 34 86
3711 12 186 86
3712 8 177 87
3713 13 207 86
3714 9 87 87
3715 10 114 87
3716 6 1 88
3717 11 7 87
3718 7 154 88
3719 8 224 88
3720 6 208 89
3721 16 101 85
3722 14 238 86
3723 17 43 85
3724 15 18 86
3725 16 34 86
3726 12 14 87
3727 17 228 86
3728 13 199 87
3729 14 77 87
3730 19 240 87
3731 15 174 87
3732 9 104 88
3733 10 176 88
3734 11 3 88
3735 12 68 88
3736 7 80 89
3737 8 56 89
3738 9 114 89
3739 16 141 87
3740 13 158 88
3741 17 172 87
3742 14 156 88
3743 18 55 87
3744 15 39 88
3745 17 123 88
3746 10 93 89
3747 18 206 88
3748 11 201 89
3749 12 133 89
3750 20 203 89
3751 13 80 89
3752 5 182 90
3753 6 244 90
3754 7 6 90
3755 19 39 88
3756 14 75 89
3757 15 101 89
3758 8 217 90
3759 18 220 89
3760 9 46 90
3761 19 52 89
3762 10 253 90
3763 11 176 90
3764 12 78 90
3765 13 240 90
3766 5 42 91
3767 21 233 90
3768 6 48 91
3769 19 156 90
3770 7 110 91
3771 20 56 90
3772 8 218 91
3773 9 95 91
3774 10 68 91
3775 11 226 91
3776 4 133 92
3777 20 250 91
3778 5 103 92
3779 21 83 91
3780 6 128 92
3781 22 239 91
3782 7 219 92
3783 8 7 92
3784 4 14 93
3785 9 54 92
3786 5 82 93
3787 22 231 92
3788 6 137 93
3789 7 214 93
3790 3 149 94
3791 8 171 93
3792 4 123 94
3793 23 6 93
3794 5 5 94
3795 6 146 94
3796 24 99 94
3797 7 31 94
3798 3 259 95
3799 4 43 95
3800 25 228 95
3801 5 158 95
3802 2 20 96
3803 6 109 95
3804 3 117 96
3805 4 122 96
3806 2 172 97
3807 26 57 96
3808 3 55 97
3809 1 122 98
3810 1 122 99
3811 16 103 88
3812 16 103 89
3813 17 149 89
3814 14 13 90
3815 15 114 90
3816 16 260 90
3817 18 209 90
3818 12 27 91
3819 13 171 91
3820 14 218 91
3821 15 175 91
3822 16 105 91
3823 19 170 91
3824 10 163 92
3825 11 115 92
3826 12 40 92
3827 13 33 92
3828 14 62 92
3829 20 242 92
3830 21 47 92
3831 9 168 93
3832 10 99 93
3833 11 216 93
3834 12 4 93
3835 21 81 93
3836 22 140 93
3837 8 89 94
3838 9 154 94
3839 10 139 94
3840 23 233 94
3841 7 18 95
3842 8 256 95
3843 9 163 95
3844 24 194 95
3845 5 261 96
3846 6 131 96
3847 7 166 96
3848 8 167 96
3849 25 38 96
3850 17 103 90
3851 17 103 91
3852 18 149 91
3853 15 13 92
3854 16 114 92
3855 17 260 92
3856 19 209 92
3857 13 27 93
3858 14 171 93
3859 15 218 93
3860 16 175 93
3861 17 105 93
3862 20 170 93
3863 11 163 94
3864 12 115 94
3865 13 40 94
3866 14 33 94
3867 15 62 94
3868 21 242 94
3869 22 47 94
3870 10 168 95
3871 11 99 95
3872 12 216 95
3873 13 4 95
3874 22 81 95
3875 23 140 95
3876 9 89 96
3877 10 154 96
3878 11 139 96
3879 24 233 96
3880 4 95 97
3881 5 189 97
3882 6 42 97
3883 7 209 97
3884 8 199 97
3885 9 154 97
3886 10 227 97
3887 25 155 97
3888 18 103 92
3889 18 103 93
3890 19 149 93
3891 16 13 94
3892 17 114 94
3893 18 260 94
3894 20 209 94
3895 14 27 95
3896 15 171 95
3897 16 218 95
3898 17 175 95
3899 18 105 95
3900 21 170 95
3901 12 163 96
3902 13 115 96
3903 14 40 96
3904 15 33 96
3905 16 62 96
3906 22 242 96
3907 23 47 96
3908 11 168 97
3909 12 99 97
3910 13 216 97
3911 14 4 97
3912 23 81 97
3913 24 140 97
3914 26 261 97
3915 2 77 98
3916 3 143 98
3917 4 130 98
3918 5 153 98
3919 6 73 98
3920 7 164 98
3921 8 197 98
3922 9 29 98
3923 10 230 98
3924 11 106 98
3925 19 103 94
3926 19 103 95
3927 20 149 95
3928 17 13 96
3929 18 114 96
3930 19 260 96
3931 21 209 96
3932 15 27 97
3933 16 171 97
3934 17 218 97
3935 18 175 97
3936 19 105 97
3937 22 170 97
3938 12 36 98
3939 13 44 98
3940 14 177 98
3941 15 135 98
3942 16 126 98
3943 17 201 98
3944 23 222 98
3945 24 202 98
3946 25 189 98
3947 26 230 98
3948 27 49 98
3949 2 74 99
3950 3 111 99
3951 4 188 99
3952 5 4 99
3953 6 19 99
3954 7 228 99
3955 8 164 99
3956 9 184 99
3957 10 221 99
3958 11 187 99
3959 12 258 99
3960 13 36 99
3961 20 103 96
3962 20 103 97
3963 21 149 97
3964 18 13 98
3965 19 114 98
3966 20 260 98
3967 22 209 98
3968 14 241 99
3969 15 203 99
3970 16 106 99
3971 17 169 99
3972 18 213 99
3973 19 245 99
3974 20 211 99
3975 23 245 99
3976 24 186 99
3977 25 259 99
3978 26 167 99
3979 27 35 99
3980 0 223 100
3981 1 256 100
3982 2 229 100
3983 3 148 100
3984 4 140 100
3985 5 12 100
3986 6 182 100
3987 7 55 100
3988 8 105 100
3989 9 14 100
3990 10 152 100
3991 11 229 100
3992 12 64 100
3993 13 1 100
3994 14 157 100
3995 15 201 100
3996 21 103 98
3997 21 103 99
3998 22 149 99
3999 16 125 100
4000 17 14 100
4001 18 143 100
4002 19 259 100
4003 20 180 100
4004 21 77 100
4005 23 195 100
4006 24 219 100
4007 25 233 100
4008 26 16 100
4009 27 210 100
4010 28 72 100
4011 29 259 100
4012 0 92 101
4013 1 146 101
4014 2 198 101
4015 3 52 101
4016 4 181 101
4017 5 262 101
4018 6 135 101
4019 7 137 101
4020 8 108 101
4021 9 249 101
4022 10 49 101
4023 11 50 101
4024 12 22 101
4025 13 99 101
4026 14 87 101
4027 15 43 101
4028 16 189 101
4029 17 164 101
4030 22 103 100
4031 18 118 101
4032 19 8 101
4033 20 135 101
4034 21 25 101
4035 22 23 101
4036 23 117 101
4037 24 227 101
4038 25 14 101
4039 26 173 101
4040 28 109 101
4041 27 144 101
4042 29 171 101
4043 0 225 102
4044 1 135 102
4045 2 170 102
4046 3 100 102
4047 4 41 102
4048 5 165 102
4049 6 162 102
4050 7 102 102
4051 8 134 102
4052 9 157 102
4053 10 125 102
4054 11 125 102
4055 12 116 102
4056 13 10 102
4057 14 158 102
4058 15 244 102
4059 16 37 102
4060 17 229 102
4061 18 87 102
4062 19 115 102
4063 20 237 102
4064 21 233 102
4065 22 123 102
4066 23 195 102
4067 24 124 102
4068 25 68 102
4069 26 122 102
4070 27 175 102
4071 28 160 102
4072 29 255 102
4073 30 226 102
4074 0 94 103
4075 1 122 103
4076 2 197 103
4077 3 233 103
4078 4 105 103
4079 5 238 103
4080 6 126 103
4081 7 240 103
4082 8 252 103
4083 9 156 103
4084 10 12 103
4085 11 258 103
4086 12 111 103
4087 13 127 103
4088 14 153 103
4089 15 129 103
4090 16 102 103
4091 17 60 103
4092 18 19 103
4093 19 12 103
4094 20 22 103
4095 21 28 103
4096 22 132 103
4097 23 20 103
4098 24 158 103
4099 25 59 103
4100 26 63 103
4101 27 58 103
4102 28 181 103
4103 29 4 103
4104 30 209 103
4105 0 53 104
4106 1 53 104
4107 2 237 104
4108 3 129 104
4109 4 226 104
4110 5 247 104
4111 6 217 104
4112 7 14 104
4113 8 246 104
4114 9 111 104
4115 10 23 104
4116 11 138 104
4117 12 11 104
4118 13 179 104
4119 14 169 104
4120 15 129 104
4121 16 240 104
4122 17 140 104
4123 18 128 104
4124 19 197 104
4125 20 224 104
4126 21 239 104
4127 22 212 104
4128 23 167 104
4129 24 241 104
4130 25 179 104
4131 26 200 104
4132 27 101 104
4133 28 87 104
4134 29 194 104
4135 30 39 104
4136 31 159 104
4137 0 14 105
4138 1 133 105
4139 2 229 105
4140 3 179 105
4141 4 219 105
4142 5 233 105
4143 6 25 105
4144 7 174 105
4145 8 94 105
4146 9 146 105
4147 10 57 105
4148 11 48 105
4149 12 141 105
4150 13 219 105
4151 14 33 105
4152 15 32 105
4153 16 161 105
4154 17 147 105
4155 18 13 105
4156 19 85 105
4157 20 53 105
4158 21 87 105
4159 22 102 105
4160 23 119 105
4161 24 105 105
4162 25 192 105
4163 26 35 105
4164 27 149 105
4165 28 69 105
4166 29 209 105
4167 30 131 105
4168 31 250 105
4169 32 164 105
4170 0 86 106
4171 1 166 106
4172 2 45 106
4173 3 159 106
4174 4 153 106
4175 5 95 106
4176 6 232 106
4177 7 57 106
4178 8 34 106
4179 9 140 106
4180 10 109 106
4181 11 194 106
4182 12 30 106
4183 13 204 106
4184 14 59 106
4185 15 248 106
4186 16 217 106
4187 17 212 106
4188 18 169 106
4189 19 223 106
4190 20 210 106
4191 21 100 106
4192 22 55 106
4193 23 245 106
4194 24 190 106
4195 25 262 106
4196 26 98 106
4197 27 64 106
4198 28 73 106
4199 29 218 106
4200 30 37 106
4201 31 203 106
4202 32 92 106
4203 33 128 106
4204 0 43 107
4205 1 122 107
4206 2 85 107
4207 3 135 107
4208 4 92 107
4209 5 227 107
4210 6 77 107
4211 8 71 107
4212 7 100 107
4213 9 54 107
4214 10 233 107
4215 11 130 107
4216 12 8 107
4217 13 93 107
4218 14 180 107
4219 15 75 107
4220 16 223 107
4221 17 206 107
4222 18 116 107
4223 19 8 107
4224 20 236 107
4225 21 254 107
4226 22 34 107
4227 23 45 107
4228 24 88 107
4229 25 192 107
4230 26 232 107
4231 27 60 107
4232 28 121 107
4233 29 71 107
4234 30 48 107
4235 31 76 107
4236 32 158 107
4237 33 39 107
4238 0 98 108
4239 1 25 108
4240 2 121 108
4241 3 223 108
4242 4 214 108
4243 5 40 108
4244 6 76 108
4245 8 181 108
4246 9 167 108
4247 11 102 108
4248 12 48 108
4249 13 222 108
4250 14 179 108
4251 16 261 108
4252 15 26 108
4253 17 65 108
4254 18 164 108
4255 19 96 108
4256 20 251 108
4257 21 130 108
4258 22 14 108
4259 23 255 108
4260 24 150 108
4261 25 97 108
4262 26 31 108
4263 27 62 108
4264 28 56 108
4265 29 172 108
4266 30 251 108
4267 31 189 108
4268 32 186 108
4269 33 148 108
4270 34 176 108
4271 0 66 109
4272 1 228 109
4273 2 245 109
4274 3 175 109
4275 4 73 109
4276 5 139 109
4277 11 119 109
4278 14 51 109
4279 15 83 109
4280 17 193 109
4281 18 166 109
4282 19 253 109
4283 20 92 109
4284 21 24 109
4285 22 68 109
4286 23 129 109
4287 24 32 109
4288 25 99 109
4289 26 55 109
4290 27 214 109
4291 28 214 109
4292 29 180 109
4293 30 101 109
4294 31 185 109
4295 32 64 109
4296 33 140 109
4297 34 222 109
4298 0 68 110
4299 1 166 110
4300 2 28 110
4301 3 67 110
4302 4 69 110
4303 5 148 110
4304 17 124 110
4305 18 144 110
4306 19 235 110
4307 20 209 110
4308 21 118 110
4309 22 262 110
4310 23 232 110
4311 24 129 110
4312 25 254 110
4313 26 147 110
4314 27 132 110
4315 28 12 110
4316 29 56 110
4317 30 43 110
4318 31 151 110
4319 32 216 110
4320 33 4 110
4321 34 154 110
4322 35 185 110
4323 0 119 111
4324 1 111 111
4325 2 107 111
4326 3 188 111
4327 4 50 111
4328 18 26 111
4329 20 53 111
4330 21 25 111
4331 22 7 111
4332 23 73 111
4333 24 232 111
4334 25 78 111
4335 26 167 111
4336 27 142 111
4337 28 11 111
4338 29 167 111
4339 30 33 111
4340 31 81 111
4341 32 84 111
4342 33 113 111
4343 34 154 111
4344 35 238 111
4345 36 112 111
4346 0 106 112
4347 1 24 112
4348 2 194 112
4349 3 12 112
4350 4 232 112
4351 20 260 112
4352 21 116 112
4353 22 259 112
4354 23 216 112
4355 24 149 112
4356 25 56 112
4357 26 194 112
4358 27 178 112
4359 28 132 112
4360 29 101 112
4361 30 180 112
4362 31 250 112
4363 32 16 112
4364 33 166 112
4365 34 241 112
4366 35 227 112
4367 36 87 112
4368 37 249 112
4369 0 182 113
4370 1 167 113
4371 2 120 113
4372 3 202 113
4373 23 181 113
4374 24 98 113
4375 25 5 113
4376 26 67 113
4377 27 13 113
4378 28 132 113
4379 29 251 113
4380 30 228 113
4381 31 28 113
4382 32 28 113
4383 33 66 113
4384 34 113 113
4385 35 66 113
4386 36 190 113
4387 37 124 113
4388 0 62 114
4389 1 96 114
4390 2 46 114
4391 3 220 114
4392 23 255 114
4393 24 171 114
4394 25 161 114
4395 26 73 114
4396 27 223 114
4397 28 220 114
4398 29 92 114
4399 30 177 114
4400 31 34 114
4401 32 178 114
4402 33 137 114
4403 34 130 114
4404 35 94 114
4405 36 242 114
4406 37 163 114
4407 38 16 114
4408 0 100 115
4409 1 235 115
4410 2 221 115
4411 26 45 115
4412 27 235 115
4413 28 247 115
4414 29 139 115
4415 30 12 115
4416 31 171 115
4417 32 178 115
4418 33 65 115
4419 34 111 115
4420 35 213 115
4421 36 200 115
4422 37 193 115
4423 38 240 115
4424 39 16 115
4425 0 260 116
4426 1 157 116
4427 2 94 116
4428 27 95 116
4429 28 207 116
4430 29 255 116
4431 30 33 116
4432 31 98 116
4433 32 142 116
4434 33 42 116
4435 34 249 116
4436 35 4 116
4437 36 197 116
4438 37 139 116
4439 38 138 116
4440 39 128 116
4441 0 256 117
4442 1 42 117
4443 28 20 117
4444 29 23 117
4445 30 95 117
4446 31 213 117
4447 32 256 117
4448 33 184 117
4449 34 48 117
4450 35 153 117
4451 36 215 117
4452 37 137 117
4453 38 21 117
4454 39 69 117
4455 40 79 117
4456 0 258 118
4457 1 186 118
4458 30 179 118
4459 31 110 118
4460 32 83 118
4461 33 1 118
4462 34 132 118
4463 35 10 118
4464 36 238 118
4465 37 185 118
4466 38 91 118
4467 39 214 118
4468 40 27 118
4469 41 75 118
4470 0 143 119
4471 31 138 119
4472 32 111 119
4473 33 106 119
4474 34 212 119
4475 35 67 119
4476 36 44 119
4477 37 50 119
4478 38 61 119
4479 39 151 119
4480 40 64 119
4481 41 193 119
4482 0 40 120
4483 32 149 120
4484 34 215 120
4485 33 134 120
4486 35 62 120
4487 36 211 120
4488 37 167 120
4489 40 98 120
4490 38 243 120
4491 39 165 120
4492 41 24 120
4493 42 213 120
4494 34 170 121
4495 35 66 121
4496 36 196 121
4497 37 258 121
4498 38 141 121
4499 39 232 121
4500 40 57 121
4501 42 98 121
4502 41 241 121
4503 35 222 122
4504 36 9 122
4505 40 165 122
4506 37 217 122
4507 39 98 122
4508 38 196 122
4509 41 243 122
4510 42 23 122
4511 43 89 122
4512 35 234 123
4513 36 47 123
4514 43 98 123
4515 37 228 123
4516 42 165 123
4517 38 224 123
4518 41 98 123
4519 40 98 123
4520 44 85 123
4521 39 165 123
4522 39 165 124
4523 38 67 124
4524 40 15 124
4525 41 41 124
4526 44 214 124
4527 43 165 124
4528 45 88 124
4529 42 98 124
4530 42 98 125
4531 38 58 125
4532 41 165 125
4533 40 165 125
4534 43 91 125
4535 39 98 125
4536 44 74 125
4537 45 49 125
4538 40 12 126
4539 44 49 126
4540 43 98 126
4541 45 196 126
4542 42 165 126
4543 46 4 126
4544 41 98 126
4545 41 98 127
4546 42 17 127
4547 46 49 127
4548 43 156 127
4549 45 214 127
4550 44 214 127
4551 44 214 128
4552 43 165 128
4553 45 43 128
4554 42 98 128
4555 47 49 128
4556 47 49 129
4557 46 214 128
4558 46 214 129
4559 43 234 129
4560 45 49 129
4561 44 49 129
4562 48 258 129
4563 44 207 130
4564 48 107 130
4565 47 214 130
4566 49 205 130
4567 46 49 130
4568 46 49 131
4569 45 214 130
4570 47 104 131
4571 49 156 131
4572 48 156 131
4573 48 156 132
4574 47 49 132
4575 49 197 132
4576 50 156 132
4577 50 156 133
4578 47 195 133
4579 49 107 133
4580 48 107 133
4581 51 156 134
4582 51 156 135
4583 50 107 134
4584 50 107 135
4585 52 156 136
4586 53 136 136
4587 51 107 136
4588 52 189 137
4589 53 78 137
4590 54 78 138
4591 55 7 140
4592 54 173 139
4593 52 248 138
4594 51 5 137
4595 49 110 134
4596 48 212 134
4597 46 140 132
4598 45 41 131
4599 43 226 130
4600 42 100 129
4601 40 167 127
4602 39 32 126
4603 37 170 124
4604 36 232 124
4605 34 49 122
4606 33 159 121
4607 31 158 120
4608 30 35 119
4609 28 225 118
4610 27 188 117
4611 25 144 115
4612 24 48 115
4613 22 255 113
4614 21 85 113
4615 19 205 111
4616 18 214 112
4617 16 237 109
4618 15 105 110
4619 13 149 109
4620 12 187 109
4621 10 75 108
4622 9 213 109
4623 7 167 108
4624 6 128 109
4625 56 7 142
4626 55 173 141
4627 53 124 138
4628 52 5 139
4629 50 110 136
4630 49 51 135
4631 47 140 134
4632 46 41 133
4633 44 150 131
4634 43 100 131
4635 41 96 128
4636 40 32 128
4637 38 170 126
4638 37 31 125
4639 35 49 124
4640 34 159 123
4641 32 184 121
4642 31 35 121
4643 29 244 118
4644 28 188 119
4645 26 191 116
4646 25 215 116
4647 23 255 115
4648 22 178 114
4649 20 205 113
4650 19 107 112
4651 17 237 111
4652 16 184 110
4653 14 114 110
4654 13 38 110
4655 11 75 110
4656 10 238 109
4657 8 96 109
4658 57 135 142
4659 56 173 143
4660 54 124 140
4661 53 134 139
4662 51 110 138
4663 50 51 137
4664 48 193 135
4665 47 41 135
4666 45 113 132
4667 44 213 132
4668 42 96 130
4669 41 231 129
4670 39 178 127
4671 38 31 127
4672 36 107 125
4673 35 159 125
4674 33 79 122
4675 32 114 122
4676 30 244 120
4677 29 94 119
4678 27 191 118
4679 26 24 117
4680 24 4 116
4681 23 178 116
4682 21 29 114
4683 20 107 114
4684 18 237 113
4685 17 184 112
4686 15 206 111
4687 14 225 111
4688 12 169 110
4689 11 238 111
4690 58 135 144
4691 57 218 143
4692 55 124 142
4693 54 134 141
4694 52 110 140
4695 51 51 139
4696 49 70 136
4697 48 111 136
4698 46 113 134
4699 45 50 133
4700 43 96 132
4701 42 231 131
4702 40 178 129
4703 39 116 128
4704 37 156 126
4705 36 52 126
4706 34 79 124
4707 33 149 123
4708 31 244 122
4709 30 94 121
4710 28 191 120
4711 27 24 119
4712 25 259 117
4713 24 174 117
4714 22 234 115
4715 21 78 115
4716 19 250 113
4717 18 184 114
4718 16 103 111
4719 15 19 112
4720 13 47 111
4721 59 135 146
4722 58 218 145
4723 56 124 144
4724 55 134 143
4725 53 55 140
4726 52 51 141
4727 50 70 138
4728 49 152 137
4729 47 113 136
4730 46 50 135
4731 44 215 133
4732 43 231 133
4733 41 85 130
4734 40 116 130
4735 38 156 128
4736 37 211 127
4737 35 79 126
4738 34 149 125
4739 32 141 123
4740 31 94 123
4741 29 227 120
4742 28 24 121
4743 26 2 118
4744 25 89 118
4745 23 234 117
4746 22 185 116
4747 20 250 115
4748 19 92 114
4749 17 103 113
4750 16 141 112
4751 60 135 148
4752 59 218 147
4753 57 62 144
4754 56 134 145
4755 54 55 142
4756 53 157 141
4757 51 70 140
4758 50 152 139
4759 48 75 137
4760 47 50 137
4761 45 48 134
4762 44 16 134
4763 42 85 132
4764 41 147 131
4765 39 185 129
4766 38 211 129
4767 36 92 127
4768 35 149 127
4769 33 122 124
4770 32 216 124
4771 30 227 122
4772 29 12 121
4773 27 2 120
4774 26 87 119
4775 24 146 118
4776 23 185 118
4777 21 138 116
4778 20 92 116
4779 18 103 115
4780 61 128 149
4781 60 218 149
4782 58 62 146
4783 57 67 145
4784 55 55 144
4785 54 157 143
4786 52 70 142
4787 51 152 141
4788 49 188 138
4789 48 238 138
4790 46 48 136
4791 45 247 135
4792 43 85 134
4793 42 147 133
4794 40 185 131
4795 39 26 130
4796 37 171 128
4797 36 57 128
4798 34 122 126
4799 33 47 125
4800 31 227 124
4801 30 12 123
4802 28 2 122
4803 27 87 121
4804 25 117 119
4805 24 39 119
4806 22 125 117
4807 21 217 117
4808 62 199 150
4809 61 45 150
4810 59 62 148
4811 58 67 147
4812 56 55 146
4813 55 157 145
4814 53 35 142
4815 52 152 143
4816 50 188 140
4817 49 25 139
4818 47 48 138
4819 46 247 137
4820 44 89 135
4821 43 147 135
4822 41 78 132
4823 40 26 132
4824 38 171 130
4825 37 206 129
4826 35 122 128
4827 34 47 127
4828 32 18 125
4829 31 12 125
4830 29 1 122
4831 28 87 123
4832 26 73 120
4833 25 224 120
4834 23 125 119
4835 63 199 152
4836 62 109 151
4837 60 62 150
4838 59 67 149
4839 57 159 146
4840 56 157 147
4841 54 35 144
4842 53 76 143
4843 51 188 142
4844 50 25 141
4845 48 239 139
4846 47 247 139
4847 45 174 136
4848 44 58 136
4849 42 78 134
4850 41 237 133
4851 39 46 131
4852 38 206 131
4853 36 202 129
4854 35 47 129
4855 33 245 126
4856 32 257 126
4857 30 1 124
4858 29 175 123
4859 27 73 122
4860 26 151 121
4861 64 199 154
4862 63 109 153
4863 61 201 151
4864 60 67 151
4865 58 159 148
4866 57 210 147
4867 55 35 146
4868 54 76 145
4869 52 188 144
4870 51 25 143
4871 49 24 140
4872 48 8 140
4873 46 174 138
4874 45 205 137
4875 43 78 136
4876 42 237 135
4877 40 46 133
4878 39 160 132
4879 37 61 130
4880 36 108 130
4881 34 245 128
4882 33 6 127
4883 31 1 126
4884 30 175 125
4885 28 73 124
4886 65 64 155
4887 64 109 155
4888 62 31 152
4889 61 196 152
4890 59 159 150
4891 58 210 149
4892 56 35 148
4893 55 76 147
4894 53 94 144
4895 52 25 145
4896 50 24 142
4897 49 255 141
4898 47 174 140
4899 46 205 139
4900 44 224 137
4901 43 237 137
4902 41 217 134
4903 40 160 134
4904 38 61 132
4905 37 155 131
4906 35 245 130
4907 34 6 129
4908 32 131 127
4909 31 175 127
4910 66 231 156
4911 65 154 156
4912 63 31 154
4913 62 165 153
4914 60 159 152
4915 59 210 151
4916 57 149 148
4917 56 76 149
4918 54 94 146
4919 53 144 145
4920 51 24 144
4921 50 255 143
4922 48 176 141
4923 47 205 141
4924 45 39 138
4925 44 13 138
4926 42 217 136
4927 41 103 135
4928 39 101 133
4929 38 155 133
4930 36 9 131
4931 35 6 131
4932 33 132 128
4933 67 231 158
4934 66 186 157
4935 64 31 156
4936 63 165 155
4937 61 104 153
4938 60 210 153
4939 58 149 150
4940 57 38 149
4941 55 94 148
4942 54 144 147
4943 52 24 146
4944 51 255 145
4945 49 87 142
4946 48 29 142
4947 46 39 140
4948 45 250 139
4949 43 217 138
4950 42 103 137
4951 40 101 135
4952 39 54 134
4953 37 254 132
4954 36 260 132
4955 68 231 160
4956 67 186 159
4957 65 232 157
4958 64 165 157
4959 62 211 154
4960 61 53 154
4961 59 149 152
4962 58 38 151
4963 56 94 150
4964 55 144 149
4965 53 12 146
4966 52 255 147
4967 50 87 144
4968 49 234 143
4969 47 39 142
4970 46 250 141
4971 44 23 139
4972 43 103 139
4973 41 162 136
4974 40 54 136
4975 38 254 134
4976 69 32 161
4977 68 186 161
4978 66 147 158
4979 65 98 158
4980 63 211 156
4981 62 105 155
4982 60 149 154
4983 59 38 153
4984 57 47 150
4985 56 144 151
4986 54 12 148
4987 53 259 147
4988 51 87 146
4989 50 234 145
4990 48 112 143
4991 47 250 143
4992 45 240 140
4993 44 80 140
4994 42 162 138
4995 41 209 137
4996 70 32 163
4997 69 77 162
4998 67 147 160
4999 66 214 159
5000 64 211 158
5001 63 105 157
5002 61 114 155
5003 60 38 155
5004 58 47 152
5005 57 72 151
5006 55 12 150
5007 54 259 149
5008 52 87 148
5009 51 234 147
5010 49 151 144
5011 48 138 144
5012 46 240 142
5013 45 183 141
5014 43 162 140
5015 71 247 164
5016 70 77 164
5017 68 147 162
5018 67 214 161
5019 65 52 159
5020 64 105 159
5021 62 206 156
5022 61 225 156
5023 59 47 154
5024 58 72 153
5025 56 12 152
5026 55 259 151
5027 53 175 148
5028 52 234 149
5029 50 151 146
5030 49 125 145
5031 47 240 144
5032 46 183 143
5033 72 247 166
5034 71 93 165
5035 69 116 163
5036 68 214 163
5037 66 237 160
5038 65 158 160
5039 63 206 158
5040 62 19 157
5041 60 47 156
5042 59 72 155
5043 57 6 152
5044 56 259 153
5045 54 175 150
5046 53 117 149
5047 51 151 148
5048 50 125 147
5049 48 143 145
5050 73 16 167
5051 72 93 167
5052 70 116 165
5053 69 49 164
5054 67 237 162
5055 66 184 161
5056 64 206 160
5057 63 19 159
5058 61 216 157
5059 60 72 157
5060 58 6 154
5061 57 261 153
5062 55 175 152
5063 54 117 151
5064 52 151 150
5065 51 125 149
5066 74 16 169
5067 73 170 168
5068 71 205 166
5069 70 49 166
5070 68 237 164
5071 67 184 163
5072 65 57 161
5073 64 19 161
5074 62 155 158
5075 61 191 158
5076 59 6 156
5077 58 261 155
5078 56 175 154
5079 55 117 153
5080 53 207 150
5081 75 255 170
5082 74 170 170
5083 72 205 168
5084 71 107 167
5085 69 26 165
5086 68 184 165
5087 66 103 162
5088 65 244 162
5089 63 155 160
5090 62 36 159
5091 60 6 158
5092 59 261 157
5093 57 219 154
5094 56 117 155
5095 76 255 172
5096 75 178 171
5097 73 58 169
5098 72 107 169
5099 70 26 167
5100 69 79 166
5101 67 103 164
5102 66 141 163
5103 64 155 162
5104 63 36 161
5105 61 257 159
5106 60 261 159
5107 58 219 156
5108 77 8 173
5109 76 178 173
5110 74 58 171
5111 73 156 170
5112 71 250 168
5113 70 79 168
5114 68 103 166
5115 67 141 165
5116 65 108 163
5117 64 36 163
5118 62 3 160
5119 61 2 160
5120 78 8 175
5121 77 85 174
5122 75 234 172
5123 74 156 172
5124 72 250 170
5125 71 92 169
5126 69 160 167
5127 68 141 167
5128 66 209 164
5129 65 227 164
5130 63 3 162
5131 79 8 177
5132 78 85 176
5133 76 234 174
5134 75 185 173
5135 73 13 171
5136 72 92 171
5137 70 160 169
5138 69 122 168
5139 67 209 166
5140 66 18 165
5141 80 259 178
5142 79 85 178
5143 77 29 175
5144 76 185 175
5145 74 13 173
5146 73 171 172
5147 71 183 170
5148 70 122 170
5149 68 209 168
5150 81 4 179
5151 80 89 179
5152 78 29 177
5153 77 78 176
5154 75 125 174
5155 74 171 174
5156 72 183 172
5157 71 202 171
5158 82 4 181
5159 81 174 180
5160 79 29 179
5161 78 78 178
5162 76 125 176
5163 75 46 175
5164 73 80 173
5165 83 4 183
5166 82 174 182
5167 80 117 180
5168 79 78 180
5169 77 138 177
5170 76 46 177
5171 84 261 184
5172 83 174 184
5173 81 146 181
5174 80 224 181
5175 78 138 179
5176 85 2 185
5177 84 176 185
5178 82 146 183
5179 81 39 182
5180 86 2 187
5181 85 87 186
5182 83 146 185
5183 87 2 189
5184 86 87 188
5185 88 2 191
5186 89 186 191
5187 87 246 190
5188 84 233 186
5189 82 133 184
5190 79 103 181
5191 77 259 178
5192 74 76 175
5193 72 77 173
5194 69 148 169
5195 67 233 167
5196 64 44 164
5197 62 80 161
5198 59 58 158
5199 57 225 155
5200 54 196 152
5201 52 115 151
5202 49 91 146
5203 47 44 145
5204 44 155 141
5205 42 58 139
5206 39 25 135
5207 37 196 133
5208 34 221 130
5209 32 172 128
5210 29 112 124
5211 27 216 123
5212 24 104 120
5213 22 100 118
5214 19 204 115
5215 17 168 114
5216 14 72 112
5217 90 186 193
5218 88 246 192
5219 85 30 187
5220 83 133 186
5221 80 80 182
5222 78 259 180
5223 75 225 176
5224 73 186 174
5225 70 148 171
5226 68 233 169
5227 65 219 165
5228 63 80 163
5229 60 58 160
5230 58 225 157
5231 55 196 154
5232 53 189 151
5233 50 91 148
5234 48 241 146
5235 45 108 142
5236 43 58 141
5237 40 25 137
5238 38 196 135
5239 35 221 132
5240 33 91 129
5241 30 112 126
5242 28 216 125
5243 25 159 121
5244 23 100 120
5245 20 204 117
5246 18 168 116
5247 91 186 195
5248 89 123 192
5249 86 30 189
5250 84 65 187
5251 81 183 183
5252 79 259 182
5253 76 225 178
5254 74 186 176
5255 71 189 172
5256 69 30 170
5257 66 22 166
5258 64 80 165
5259 61 205 161
5260 59 225 159
5261 56 196 156
5262 54 189 153
5263 51 91 150
5264 49 22 147
5265 46 108 144
5266 44 234 142
5267 41 238 138
5268 39 165 136
5269 36 21 133
5270 34 91 131
5271 31 112 128
5272 29 108 125
5273 26 52 122
5274 24 213 121
5275 21 161 118
5276 92 186 197
5277 90 123 194
5278 87 30 191
5279 85 198 188
5280 82 183 185
5281 80 2 183
5282 77 38 179
5283 75 170 177
5284 72 189 174
5285 70 30 172
5286 67 22 168
5287 65 183 166
5288 62 29 162
5289 60 225 161
5290 57 98 156
5291 55 189 155
5292 52 91 152
5293 50 22 149
5294 47 108 146
5295 45 29 143
5296 42 238 140
5297 40 165 138
5298 37 242 134
5299 35 91 133
5300 32 207 129
5301 30 108 127
5302 27 52 124
5303 25 50 122
5304 93 93 197
5305 91 123 196
5306 88 30 193
5307 86 198 190
5308 83 183 187
5309 81 261 184
5310 78 38 181
5311 76 170 179
5312 73 74 175
5313 71 248 173
5314 68 22 170
5315 66 40 167
5316 63 29 164
5317 61 38 162
5318 58 98 158
5319 56 189 157
5320 53 177 152
5321 51 22 151
5322 48 209 147
5323 46 29 145
5324 43 238 142
5325 41 98 139
5326 38 242 136
5327 36 86 134
5328 33 56 130
5329 31 108 129
5330 28 52 126
5331 94 93 199
5332 92 123 198
5333 89 15 193
5334 87 198 192
5335 84 40 188
5336 82 261 186
5337 79 38 183
5338 77 93 180
5339 74 74 177
5340 72 248 175
5341 69 241 171
5342 67 40 169
5343 64 29 166
5344 62 244 163
5345 59 98 160
5346 57 226 157
5347 54 177 154
5348 52 22 153
5349 49 54 148
5350 47 29 147
5351 44 144 143
5352 42 98 141
5353 39 142 137
5354 37 177 135
5355 34 56 132
5356 32 209 130
5357 95 93 201
5358 93 193 198
5359 90 15 195
5360 88 198 194
5361 85 223 189
5362 83 261 188
5363 80 244 184
5364 78 93 182
5365 75 226 178
5366 73 15 176
5367 70 241 173
5368 68 40 171
5369 65 234 167
5370 63 244 165
5371 60 98 162
5372 58 226 159
5373 55 177 156
5374 53 11 153
5375 50 54 150
5376 48 117 148
5377 45 119 144
5378 43 98 143
5379 40 142 139
5380 38 177 137
5381 35 56 134
5382 96 93 203
5383 94 193 200
5384 91 15 197
5385 89 99 194
5386 86 223 191
5387 84 1 189
5388 81 19 185
5389 79 93 184
5390 76 226 180
5391 74 15 178
5392 71 11 174
5393 69 223 172
5394 66 146 168
5395 64 244 167
5396 61 165 163
5397 59 226 161
5398 56 177 158
5399 54 11 155
5400 51 54 152
5401 49 146 149
5402 46 119 146
5403 44 214 144
5404 41 121 140
5405 39 43 138
5406 97 170 204
5407 95 193 202
5408 92 15 199
5409 90 99 196
5410 87 223 193
5411 85 262 190
5412 82 19 187
5413 80 85 185
5414 77 37 181
5415 75 124 179
5416 72 11 176
5417 70 223 174
5418 67 146 170
5419 65 19 168
5420 62 49 164
5421 60 226 163
5422 57 220 158
5423 55 11 157
5424 52 54 154
5425 50 146 151
5426 47 119 148
5427 45 49 145
5428 42 121 142
5429 98 178 205
5430 96 193 204
5431 93 139 199
5432 91 99 198
5433 88 223 195
5434 86 262 192
5435 83 19 189
5436 81 178 186
5437 78 37 183
5438 76 124 181
5439 73 252 177
5440 71 20 175
5441 68 146 172
5442 66 122 169
5443 63 49 166
5444 61 37 164
5445 58 220 160
5446 56 11 159
5447 53 27 154
5448 51 146 153
5449 48 72 149
5450 46 49 147
5451 99 178 207
5452 97 70 205
5453 94 139 201
5454 92 99 200
5455 89 243 195
5456 87 262 194
5457 84 122 190
5458 82 178 188
5459 79 37 185
5460 77 139 182
5461 74 252 179
5462 72 20 177
5463 69 117 173
5464 67 122 171
5465 64 49 168
5466 62 113 165
5467 59 220 162
5468 57 137 159
5469 54 27 156
5470 52 146 155
5471 49 191 150
5472 100 178 209
5473 98 228 206
5474 95 139 203
5475 93 181 200
5476 90 243 197
5477 88 262 196
5478 85 141 191
5479 83 178 190
5480 80 113 186
5481 78 139 184
5482 75 137 180
5483 73 243 178
5484 70 117 175
5485 68 122 173
5486 65 214 169
5487 63 113 167
5488 60 220 164
5489 58 137 161
5490 55 27 158
5491 53 73 155
5492 101 85 210
5493 99 228 208
5494 96 139 205
5495 94 181 202
5496 91 243 199
5497 89 131 196
5498 86 141 193
5499 84 174 191
5500 81 150 187
5501 79 139 186
5502 76 137 182
5503 74 243 180
5504 71 73 176
5505 69 141 174
5506 66 156 170
5507 64 113 169
5508 61 43 165
5509 59 137 163
5510 56 27 160
5511 102 89 211
5512 100 228 210
5513 97 124 206
5514 95 181 204
5515 92 243 201
5516 90 131 198
5517 87 141 195
5518 85 89 192
5519 82 150 189
5520 80 62 187
5521 77 126 183
5522 75 10 181
5523 72 73 178
5524 70 141 176
5525 67 156 172
5526 65 150 170
5527 62 110 166
5528 60 137 165
5529 103 89 213
5530 101 35 211
5531 98 201 207
5532 96 181 206
5533 93 253 201
5534 91 131 200
5535 88 141 197
5536 86 89 194
5537 83 150 191
5538 81 201 188
5539 78 126 185
5540 76 10 183
5541 73 190 179
5542 71 61 177
5543 68 156 174
5544 66 188 171
5545 63 110 168
5546 104 89 215
5547 102 114 212
5548 99 201 209
5549 97 82 207
5550 94 253 203
5551 92 131 202
5552 89 202 197
5553 87 89 196
5554 84 188 192
5555 82 201 190
5556 79 126 187
5557 77 253 184
5558 74 190 181
5559 72 61 179
5560 69 107 175
5561 67 188 173
5562 105 174 216
5563 103 114 214
5564 100 201 211
5565 98 222 208
5566 95 253 205
5567 93 197 202
5568 90 202 199
5569 88 89 198
5570 85 75 193
5571 83 201 192
5572 80 200 188
5573 78 253 186
5574 75 168 182
5575 73 202 180
5576 70 107 177
5577 106 174 218
5578 104 114 216
5579 101 62 212
5580 99 222 210
5581 96 253 207
5582 94 197 204
5583 91 202 201
5584 89 176 198
5585 86 75 195
5586 84 31 193
5587 81 63 189
5588 79 253 188
5589 76 168 184
5590 74 202 182
5591 107 176 219
5592 105 149 217
5593 102 232 213
5594 100 222 212
5595 97 10 208
5596 95 197 206
5597 92 202 203
5598 90 176 200
5599 87 75 197
5600 85 232 194
5601 82 63 191
5602 80 5 189
5603 77 95 185
5604 108 176 221
5605 106 149 219
5606 103 232 215
5607 101 41 213
5608 98 258 209
5609 96 197 208
5610 93 101 203
5611 91 176 202
5612 88 75 199
5613 86 232 196
5614 83 63 193
5615 81 258 190
5616 109 87 222
5617 107 57 220
5618 104 232 217
5619 102 111 214
5620 99 258 211
5621 97 66 209
5622 94 101 205
5623 92 176 204
5624 89 169 199
5625 87 232 198
5626 84 100 194
5627 110 87 224
5628 108 57 222
5629 105 31 218
5630 103 111 216
5631 100 258 213
5632 98 230 210
5633 95 101 207
5634 93 88 204
5635 90 169 201
5636 88 232 200
5637 111 88 225
5638 109 206 223
5639 106 31 220
5640 104 111 218
5641 101 5 214
5642 99 230 212
5643 96 101 209
5644 94 88 206
5645 91 169 203
5646 112 88 227
5647 110 206 225
5648 107 116 221
5649 105 152 219
5650 102 129 215
5651 100 230 214
5652 97 162 210
5653 95 88 208
5654 113 175 228
5655 111 160 226
5656 108 116 223
5657 106 152 221
5658 103 129 217
5659 101 33 215
5660 98 182 211
5661 114 175 230
5662 112 160 228
5663 109 147 224
5664 107 187 222
5665 104 129 219
5666 102 115 216
5667 115 175 232
5668 113 103 229
5669 110 147 226
5670 108 187 224
5671 105 134 220
5672 116 44 233
5673 114 103 231
5674 111 58 227
5675 109 76 225
5676 117 219 234
5677 115 103 233
5678 112 58 229
5679 118 219 236
5680 116 80 234
5681 119 219 238
5682 7 214 109
5683 6 249 110
5684 7 178 110
5685 8 53 110
5686 9 113 110
5687 10 178 110
5688 5 15 111
5689 6 75 111
5690 7 98 111
5691 9 13 111
5692 10 11 111
5693 12 231 111
5694 5 179 112
5695 6 243 112
5696 12 90 112
5697 13 238 112
5698 4 229 113
5699 5 158 113
5700 12 53 113
5701 14 22 113
5702 15 88 113
5703 16 121 113
5704 4 109 114
5705 5 134 114
5706 15 229 114
5707 16 224 114
5708 3 220 115
5709 4 187 115
5710 3 139 116
5711 4 41 116
5712 19 125 116
5713 2 203 117
5714 3 124 117
5715 19 188 117
5716 2 232 118
5717 3 55 118
5718 8 214 111
5719 7 249 112
5720 8 178 112
5721 9 53 112
5722 10 113 112
5723 11 178 112
5724 6 15 113
5725 7 75 113
5726 8 98 113
5727 10 13 113
5728 11 11 113
5729 13 231 113
5730 6 179 114
5731 7 243 114
5732 13 90 114
5733 14 238 114
5734 5 229 115
5735 6 158 115
5736 13 53 115
5737 15 22 115
5738 16 88 115
5739 17 121 115
5740 5 109 116
5741 6 134 116
5742 16 229 116
5743 17 224 116
5744 4 220 117
5745 5 187 117
5746 4 139 118
5747 5 41 118
5748 19 142 118
5749 20 7 118
5750 1 248 119
5751 2 131 119
5752 3 255 119
5753 9 214 113
5754 8 249 114
5755 9 178 114
5756 10 53 114
5757 11 113 114
5758 12 178 114
5759 7 15 115
5760 8 75 115
5761 9 98 115
5762 11 13 115
5763 12 11 115
5764 14 231 115
5765 7 179 116
5766 8 243 116
5767 14 90 116
5768 15 238 116
5769 6 229 117
5770 7 158 117
5771 14 53 117
5772 16 22 117
5773 17 88 117
5774 18 121 117
5775 6 109 118
5776 7 134 118
5777 17 229 118
5778 18 224 118
5779 4 223 119
5780 5 75 119
5781 6 89 119
5782 20 146 119
5783 21 193 119
5784 22 213 119
5785 1 182 120
5786 2 32 120
5787 10 214 115
5788 9 249 116
5789 10 178 116
5790 11 53 116
5791 12 113 116
5792 13 178 116
5793 8 15 117
5794 9 75 117
5795 10 98 117
5796 12 13 117
5797 13 11 117
5798 15 231 117
5799 8 179 118
5800 9 243 118
5801 15 90 118
5802 16 238 118
5803 7 229 119
5804 8 158 119
5805 15 53 119
5806 17 22 119
5807 18 88 119
5808 19 121 119
5809 3 132 120
5810 4 221 120
5811 5 40 120
5812 6 205 120
5813 7 12 120
5814 8 150 120
5815 18 127 120
5816 19 225 120
5817 20 213 120
5818 21 224 120
5819 22 136 120
5820 11 214 117
5821 10 249 118
5822 11 178 118
5823 12 53 118
5824 13 113 118
5825 14 178 118
5826 9 15 119
5827 10 75 119
5828 11 98 119
5829 13 13 119
5830 14 11 119
5831 16 231 119
5832 9 179 120
5833 10 243 120
5834 16 90 120
5835 17 238 120
5836 0 7 121
5837 1 204 121
5838 2 32 121
5839 3 103 121
5840 4 253 121
5841 5 25 121
5842 6 204 121
5843 7 216 121
5844 8 3 121
5845 9 140 121
5846 16 130 121
5847 18 21 121
5848 19 137 121
5849 20 34 121
5850 21 125 121
5851 22 215 121
5852 12 214 119
5853 11 249 120
5854 12 178 120
5855 13 53 120
5856 14 113 120
5857 15 178 120
5858 10 15 121
5859 11 75 121
5860 12 98 121
5861 14 13 121
5862 15 11 121
5863 17 231 121
5864 23 69 121
5865 0 155 122
5866 1 222 122
5867 2 44 122
5868 3 138 122
5869 4 113 122
5870 5 145 122
5871 6 86 122
5872 7 129 122
5873 8 213 122
5874 9 245 122
5875 10 86 122
5876 11 78 122
5877 17 226 122
5878 18 82 122
5879 19 246 122
5880 20 178 122
5881 21 154 122
5882 22 180 122
5883 13 214 121
5884 12 249 122
5885 13 178 122
5886 14 53 122
5887 15 113 122
5888 16 178 122
5889 23 41 122
5890 24 20 122
5891 0 115 123
5892 1 233 123
5893 2 238 123
5894 3 61 123
5895 4 69 123
5896 5 262 123
5897 6 219 123
5898 7 44 123
5899 8 198 123
5900 9 217 123
5901 10 261 123
5902 11 173 123
5903 12 3 123
5904 13 3 123
5905 15 60 123
5906 16 41 123
5907 17 93 123
5908 18 209 123
5909 19 191 123
5910 20 173 123
5911 21 161 123
5912 22 218 123
5913 14 214 123
5914 23 259 123
5915 24 6 123
5916 25 173 123
5917 26 187 123
5918 0 136 124
5919 1 85 124
5920 2 108 124
5921 3 123 124
5922 4 77 124
5923 5 4 124
5924 6 9 124
5925 7 189 124
5926 8 140 124
5927 9 8 124
5928 10 104 124
5929 11 165 124
5930 12 145 124
5931 13 13 124
5932 14 23 124
5933 15 129 124
5934 16 38 124
5935 17 202 124
5936 18 39 124
5937 19 33 124
5938 20 124 124
5939 21 109 124
5940 22 207 124
5941 23 191 124
5942 24 96 124
5943 25 248 124
5944 26 138 124
5945 0 228 125
5946 1 88 125
5947 2 259 125
5948 3 120 125
5949 4 24 125
5950 5 200 125
5951 6 60 125
5952 7 153 125
5953 8 176 125
5954 9 82 125
5955 10 19 125
5956 11 8 125
5957 12 137 125
5958 13 184 125
5959 14 203 125
5960 15 85 125
5961 16 217 125
5962 17 27 125
5963 18 20 125
5964 19 83 125
5965 20 249 125
5966 21 261 125
5967 22 198 125
5968 23 212 125
5969 24 100 125
5970 25 185 125
5971 26 209 125
5972 27 140 125
5973 0 233 126
5974 1 103 126
5975 2 211 126
5976 3 227 126
5977 4 28 126
5978 5 157 126
5979 6 158 126
5980 7 82 126
5981 8 126 126
5982 9 60 126
5983 10 201 126
5984 11 114 126
5985 12 163 126
5986 13 224 126
5987 14 244 126
5988 15 199 126
5989 16 108 126
5990 17 216 126
5991 18 77 126
5992 19 33 126
5993 20 68 126
5994 21 262 126
5995 22 256 126
5996 23 25 126
5997 24 177 126
5998 25 4 126
5999 26 54 126
6000 27 196 126
6001 29 134 126
6002 0 177 127
6003 1 192 127
6004 2 155 127
6005 3 142 127
6006 4 17 127
6007 5 127 127
6008 6 159 127
6009 7 171 127
6010 8 71 127
6011 9 98 127
6012 10 229 127
6013 11 175 127
6014 12 54 127
6015 13 67 127
6016 14 89 127
6017 15 35 127
6018 16 134 127
6019 17 146 127
6020 18 13 127
6021 19 68 127
6022 20 45 127
6023 21 39 127
6024 22 219 127
6025 23 170 127
6026 24 81 127
6027 25 50 127
6028 26 30 127
6029 27 89 127
6030 28 232 127
6031 29 82 127
6032 0 93 128
6033 1 132 128
6034 2 242 128
6035 3 104 128
6036 4 96 128
6037 5 183 128
6038 6 120 128
6039 7 68 128
6040 8 192 128
6041 9 42 128
6042 10 186 128
6043 11 120 128
6044 12 170 128
6045 13 86 128
6046 14 125 128
6047 15 50 128
6048 16 247 128
6049 17 218 128
6050 18 25 128
6051 19 84 128
6052 20 158 128
6053 21 53 128
6054 22 174 128
6055 23 148 128
6056 24 160 128
6057 25 217 128
6058 26 243 128
6059 27 261 128
6060 28 90 128
6061 29 21 128
6062 30 41 128
6063 0 110 129
6064 1 196 129
6065 2 204 129
6066 3 5 129
6067 4 16 129
6068 5 223 129
6069 6 8 129
6070 7 34 129
6071 8 44 129
6072 9 168 129
6073 10 140 129
6074 11 141 129
6075 12 168 129
6076 13 47 129
6077 14 193 129
6078 15 71 129
6079 16 213 129
6080 17 112 129
6081 18 9 129
6082 19 120 129
6083 20 192 129
6084 21 129 129
6085 22 161 129
6086 23 177 129
6087 24 88 129
6088 25 214 129
6089 26 195 129
6090 27 238 129
6091 28 157 129
6092 29 82 129
6093 30 185 129
6094 0 79 130
6095 1 209 130
6096 2 43 130
6097 3 79 130
6098 4 194 130
6099 5 83 130
6100 6 7 130
6101 7 130 130
6102 8 231 130
6103 9 36 130
6104 10 226 130
6105 11 210 130
6106 12 121 130
6107 13 20 130
6108 14 162 130
6109 15 98 130
6110 16 181 130
6111 17 163 130
6112 18 30 130
6113 19 33 130
6114 20 158 130
6115 21 133 130
6116 22 71 130
6117 23 209 130
6118 24 241 130
6119 25 1 130
6120 26 59 130
6121 27 27 130
6122 28 149 130
6123 29 241 130
6124 30 176 130
6125 31 167 130
6126 0 120 131
6127 1 104 131
6128 2 226 131
6129 3 188 131
6130 4 231 131
6131 5 82 131
6132 6 212 131
6133 7 254 131
6134 8 62 131
6135 9 136 131
6136 10 249 131
6137 11 31 131
6138 12 225 131
6139 13 69 131
6140 14 209 131
6141 15 35 131
6142 16 122 131
6143 17 71 131
6144 18 135 131
6145 19 53 131
6146 20 170 131
6147 21 230 131
6148 22 180 131
6149 23 38 131
6150 24 173 131
6151 25 99 131
6152 26 94 131
6153 27 234 131
6154 28 78 131
6155 29 118 131
6156 30 118 131
6157 31 92 131
6158 32 131 131
6159 33 60 131
6160 0 117 132
6161 1 178 132
6162 2 114 132
6163 3 124 132
6164 4 132 132
6165 5 182 132
6166 6 225 132
6167 7 244 132
6168 8 98 132
6169 9 4 132
6170 10 20 132
6171 11 211 132
6172 12 28 132
6173 13 234 132
6174 14 134 132
6175 15 100 132
6176 16 227 132
6177 17 98 132
6178 18 78 132
6179 19 36 132
6180 20 235 132
6181 21 60 132
6182 22 230 132
6183 23 53 132
6184 24 94 132
6185 25 117 132
6186 26 177 132
6187 27 124 132
6188 28 19 132
6189 29 185 132
6190 30 135 132
6191 31 107 132
6192 32 11 132
6193 33 190 132
6194 0 36 133
6195 1 159 133
6196 2 150 133
6197 3 176 133
6198 4 37 133
6199 5 188 133
6200 6 109 133
6201 7 62 133
6202 8 62 133
6203 9 76 133
6204 10 44 133
6205 11 143 133
6206 12 250 133
6207 13 6 133
6208 14 14 133
6209 15 177 133
6210 16 115 133
6211 17 96 133
6212 18 249 133
6213 19 167 133
6214 20 54 133
6215 21 202 133
6216 22 159 133
6217 23 68 133
6218 24 162 133
6219 25 152 133
6220 26 241 133
6221 27 261 133
6222 28 62 133
6223 29 95 133
6224 30 66 133
6225 31 204 133
6226 32 13 133
6227 33 17 133
6228 34 150 133
6229 0 207 134
6230 1 147 134
6231 2 213 134
6232 3 32 134
6233 4 28 134
6234 5 239 134
6235 6 164 134
6236 7 69 134
6237 8 115 134
6238 9 144 134
6239 10 103 134
6240 11 66 134
6241 12 6 134
6242 13 231 134
6243 14 34 134
6244 15 210 134
6245 16 145 134
6246 17 143 134
6247 18 89 134
6248 19 79 134
6249 20 260 134
6250 21 215 134
6251 22 232 134
6252 23 102 134
6253 24 183 134
6254 25 207 134
6255 26 77 134
6256 27 138 134
6257 28 16 134
6258 29 226 134
6259 30 158 134
6260 31 262 134
6261 32 134 134
6262 33 95 134
6263 34 48 134
6264 0 132 135
6265 1 260 135
6266 2 13 135
6267 3 181 135
6268 4 43 135
6269 5 180 135
6270 6 68 135
6271 7 75 135
6272 8 105 135
6273 9 4 135
6274 10 192 135
6275 11 90 135
6276 12 139 135
6277 13 187 135
6278 14 244 135
6279 15 63 135
6280 16 70 135
6281 17 177 135
6282 18 79 135
6283 19 253 135
6284 20 28 135
6285 21 53 135
6286 22 214 135
6287 23 19 135
6288 24 206 135
6289 25 86 135
6290 26 199 135
6291 27 83 135
6292 28 206 135
6293 29 64 135
6294 30 11 135
6295 31 30 135
6296 32 24 135
6297 33 75 135
6298 34 173 135
6299 35 207 135
6300 36 158 135
6301 0 232 136
6302 1 86 136
6303 2 34 136
6304 3 121 136
6305 4 111 136
6306 5 76 136
6307 6 223 136
6308 7 190 136
6309 8 174 136
6310 9 27 136
6311 10 111 136
6312 11 140 136
6313 12 31 136
6314 13 23 136
6315 14 161 136
6316 15 212 136
6317 16 194 136
6318 17 92 136
6319 18 262 136
6320 19 238 136
6321 20 152 136
6322 21 241 136
6323 22 59 136
6324 23 240 136
6325 24 172 136
6326 25 176 136
6327 26 156 136
6328 27 159 136
6329 28 98 136
6330 29 48 136
6331 30 111 136
6332 31 129 136
6333 32 75 136
6334 33 230 136
6335 34 151 136
6336 35 227 136
6337 36 38 136
6338 37 135 136
6339 0 243 137
6340 1 43 137
6341 2 76 137
6342 3 244 137
6343 4 174 137
6344 5 15 137
6345 6 170 137
6346 7 42 137
6347 8 166 137
6348 9 42 137
6349 10 35 137
6350 11 143 137
6351 12 172 137
6352 13 51 137
6353 14 39 137
6354 15 56 137
6355 16 55 137
6356 17 254 137
6357 18 141 137
6358 19 104 137
6359 20 106 137
6360 21 165 137
6361 22 111 137
6362 23 98 137
6363 24 33 137
6364 25 131 137
6365 26 58 137
6366 27 96 137
6367 28 27 137
6368 29 235 137
6369 30 7 137
6370 31 177 137
6371 32 129 137
6372 33 78 137
6373 34 152 137
6374 35 35 137
6375 36 217 137
6376 37 222 137
6377 0 59 138
6378 1 240 138
6379 2 10 138
6380 3 227 138
6381 4 56 138
6382 5 117 138
6383 6 98 138
6384 7 19 138
6385 8 226 138
6386 9 25 138
6387 10 259 138
6388 11 75 138
6389 12 212 138
6390 13 83 138
6391 14 8 138
6392 15 68 138
6393 16 13 138
6394 17 7 138
6395 18 117 138
6396 19 199 138
6397 20 185 138
6398 21 39 138
6399 22 251 138
6400 23 36 138
6401 24 58 138
6402 25 195 138
6403 26 67 138
6404 27 41 138
6405 28 4 138
6406 29 173 138
6407 30 222 138
6408 31 180 138
6409 32 198 138
6410 33 131 138
6411 34 58 138
6412 35 258 138
6413 36 63 138
6414 37 226 138
6415 38 95 138
6416 0 41 139
6417 1 103 139
6418 2 180 139
6419 3 196 139
6420 4 241 139
6421 5 2 139
6422 6 69 139
6423 7 78 139
6424 8 243 139
6425 9 43 139
6426 10 137 139
6427 11 132 139
6428 12 63 139
6429 13 193 139
6430 14 102 139
6431 15 235 139
6432 16 54 139
6433 17 26 139
6434 18 130 139
6435 19 9 139
6436 20 186 139
6437 21 257 139
6438 22 165 139
6439 23 29 139
6440 24 43 139
6441 25 254 139
6442 26 176 139
6443 27 19 139
6444 28 70 139
6445 29 48 139
6446 30 44 139
6447 31 93 139
6448 32 163 139
6449 33 187 139
6450 34 60 139
6451 35 98 139
6452 36 154 139
6453 37 127 139
6454 38 150 139
6455 39 78 139
6456 0 188 140
6457 1 103 140
6458 2 134 140
6459 3 200 140
6460 4 109 140
6461 5 51 140
6462 6 67 140
6463 7 148 140
6464 8 164 140
6465 9 230 140
6466 10 240 140
6467 11 198 140
6468 12 45 140
6469 13 121 140
6470 14 161 140
6471 15 114 140
6472 16 197 140
6473 17 12 140
6474 18 209 140
6475 19 29 140
6476 20 186 140
6477 21 50 140
6478 22 17 140
6479 23 40 140
6480 24 7 140
6481 25 241 140
6482 26 46 140
6483 27 237 140
6484 28 122 140
6485 29 248 140
6486 30 160 140
6487 31 19 140
6488 32 14 140
6489 33 89 140
6490 34 76 140
6491 35 247 140
6492 36 111 140
6493 37 248 140
6494 38 247 140
6495 39 11 140
6496 40 49 140
6497 0 69 141
6498 1 250 141
6499 2 142 141
6500 3 105 141
6501 4 107 141
6502 5 212 141
6503 6 239 141
6504 7 113 141
6505 8 221 141
6506 9 120 141
6507 10 185 141
6508 11 219 141
6509 12 246 141
6510 13 258 141
6511 14 40 141
6512 15 56 141
6513 16 41 141
6514 17 104 141
6515 18 217 141
6516 19 23 141
6517 20 41 141
6518 21 41 141
6519 22 25 141
6520 23 99 141
6521 24 231 141
6522 25 124 141
6523 26 44 141
6524 27 35 141
6525 28 83 141
6526 29 225 141
6527 30 234 141
6528 31 174 141
6529 32 96 141
6530 33 32 141
6531 34 217 141
6532 35 58 141
6533 36 196 141
6534 37 105 141
6535 38 153 141
6536 39 19 141
6537 40 69 141
6538 41 8 141
6539 0 197 142
6540 1 218 142
6541 2 211 142
6542 3 113 142
6543 4 31 142
6544 5 246 142
6545 6 175 142
6546 7 206 142
6547 8 224 142
6548 9 65 142
6549 10 86 142
6550 11 212 142
6551 12 63 142
6552 13 243 142
6553 14 21 142
6554 15 185 142
6555 16 180 142
6556 17 80 142
6557 18 165 142
6558 19 194 142
6559 20 173 142
6560 21 210 142
6561 22 117 142
6562 23 4 142
6563 24 20 142
6564 25 248 142
6565 26 154 142
6566 27 242 142
6567 28 74 142
6568 29 19 142
6569 30 66 142
6570 31 186 142
6571 32 68 142
6572 33 73 142
6573 34 82 142
6574 35 200 142
6575 36 153 142
6576 37 13 142
6577 38 215 142
6578 39 148 142
6579 40 130 142
6580 41 169 142
6581 0 12 143
6582 1 52 143
6583 2 140 143
6584 3 115 143
6585 4 151 143
6586 5 220 143
6587 6 235 143
6588 7 98 143
6589 8 121 143
6590 9 108 143
6591 10 152 143
6592 11 69 143
6593 12 114 143
6594 13 1 143
6595 14 27 143
6596 15 233 143
6597 42 160 143
6598 16 261 143
6599 17 135 143
6600 18 169 143
6601 19 21 143
6602 20 112 143
6603 21 18 143
6604 22 117 143
6605 23 158 143
6606 24 94 143
6607 25 42 143
6608 26 160 143
6609 27 191 143
6610 28 228 143
6611 29 16 143
6612 30 65 143
6613 31 96 143
6614 32 74 143
6615 33 28 143
6616 34 141 143
6617 35 18 143
6618 36 176 143
6619 37 182 143
6620 38 163 143
6621 39 179 143
6622 40 260 143
6623 41 153 143
6624 0 40 144
6625 1 147 144
6626 2 257 144
6627 3 133 144
6628 4 261 144
6629 5 230 144
6630 6 106 144
6631 7 209 144
6632 8 201 144
6633 9 25 144
6634 10 174 144
6635 43 103 144
6636 42 183 144
6637 11 50 144
6638 12 160 144
6639 13 53 144
6640 14 89 144
6641 15 58 144
6642 16 206 144
6643 17 40 144
6644 18 256 144
6645 19 33 144
6646 20 129 144
6647 21 35 144
6648 22 226 144
6649 23 44 144
6650 24 256 144
6651 25 232 144
6652 26 240 144
6653 27 14 144
6654 28 219 144
6655 29 161 144
6656 30 43 144
6657 31 228 144
6658 32 85 144
6659 33 133 144
6660 34 134 144
6661 35 21 144
6662 36 79 144
6663 37 10 144
6664 38 44 144
6665 39 84 144
6666 40 182 144
6667 41 48 144
6668 0 1 145
6669 1 145 145
6670 2 214 145
6671 3 53 145
6672 44 141 145
6673 43 80 145
6674 42 40 145
6675 4 89 145
6676 5 229 145
6677 6 204 145
6678 7 124 145
6679 8 248 145
6680 9 239 145
6681 10 262 145
6682 11 122 145
6683 12 1 145
6684 13 18 145
6685 14 137 145
6686 15 14 145
6687 17 56 145
6688 18 7 145
6689 19 82 145
6690 20 229 145
6691 21 171 145
6692 22 217 145
6693 23 232 145
6694 24 195 145
6695 25 106 145
6696 26 46 145
6697 27 58 145
6698 28 175 145
6699 29 226 145
6700 30 100 145
6701 31 94 145
6702 32 27 145
6703 33 7 145
6704 34 44 145
6705 35 251 145
6706 36 208 145
6707 37 147 145
6708 45 61 146
6709 44 61 146
6710 43 223 146
6711 42 243 146
6712 41 10 145
6713 40 10 145
6714 39 5 145
6715 38 139 145
6716 0 150 146
6717 1 138 146
6718 2 193 146
6719 3 28 146
6720 4 175 146
6721 5 238 146
6722 6 172 146
6723 17 186 146
6724 18 27 146
6725 19 137 146
6726 20 112 146
6727 21 131 146
6728 22 150 146
6729 23 10 146
6730 24 126 146
6731 25 168 146
6732 26 66 146
6733 27 71 146
6734 28 249 146
6735 29 122 146
6736 30 184 146
6737 31 228 146
6738 32 72 146
6739 33 232 146
6740 34 119 146
6741 35 208 146
6742 36 230 146
6743 46 61 148
6744 45 101 147
6745 44 101 147
6746 43 20 147
6747 42 10 147
6748 41 258 146
6749 40 258 146
6750 39 129 146
6751 38 62 146
6752 37 32 146
6753 0 34 147
6754 1 131 147
6755 2 175 147
6756 3 164 147
6757 4 80 147
6758 5 172 147
6759 18 212 147
6760 20 169 147
6761 21 221 147
6762 22 10 147
6763 23 193 147
6764 24 219 147
6765 25 101 147
6766 26 209 147
6767 27 128 147
6768 28 137 147
6769 29 258 147
6770 30 159 147
6771 31 216 147
6772 32 42 147
6773 33 217 147
6774 34 105 147
6775 35 226 147
6776 36 97 147
6777 47 202 149
6778 46 101 149
6779 45 81 148
6780 44 81 148
6781 43 253 148
6782 42 258 148
6783 41 134 147
6784 40 134 147
6785 39 67 147
6786 38 232 147
6787 37 112 147
6788 0 14 148
6789 1 196 148
6790 2 54 148
6791 3 161 148
6792 4 98 148
6793 5 63 148
6794 21 121 148
6795 23 1 148
6796 24 33 148
6797 25 144 148
6798 26 162 148
6799 27 70 148
6800 28 254 148
6801 29 29 148
6802 30 176 148
6803 31 8 148
6804 32 189 148
6805 33 96 148
6806 34 14 148
6807 35 222 148
6808 36 49 148
6809 37 247 148
6810 48 108 150
6811 47 162 150
6812 46 81 150
6813 45 91 149
6814 44 91 149
6815 43 5 149
6816 42 134 149
6817 41 196 148
6818 40 196 148
6819 39 98 148
6820 38 147 148
6821 0 123 149
6822 1 6 149
6823 2 2 149
6824 3 5 149
6825 4 177 149
6826 5 185 149
6827 23 91 149
6828 24 248 149
6829 25 229 149
6830 26 46 149
6831 27 195 149
6832 28 93 149
6833 29 72 149
6834 30 104 149
6835 31 252 149
6836 32 137 149
6837 33 181 149
6838 34 178 149
6839 35 261 149
6840 36 194 149
6841 37 181 149
6842 49 209 151
6843 48 209 151
6844 47 182 151
6845 46 91 151
6846 45 86 150
6847 44 86 150
6848 43 129 150
6849 42 196 150
6850 41 165 149
6851 40 165 149
6852 39 214 149
6853 38 58 149
6854 0 64 150
6855 1 261 150
6856 2 97 150
6857 3 61 150
6858 4 163 150
6859 25 153 150
6860 27 182 150
6861 28 256 150
6862 29 17 150
6863 30 130 150
6864 31 206 150
6865 32 154 150
6866 33 213 150
6867 34 255 150
6868 35 100 150
6869 36 71 150
6870 37 253 150
6871 38 93 150
6872 39 188 150
6873 50 54 152
6874 49 27 152
6875 48 27 152
6876 47 172 152
6877 46 86 152
6878 45 220 151
6879 44 220 151
6880 43 67 151
6881 42 165 151
6882 41 49 150
6883 40 49 150
6884 0 63 151
6885 1 121 151
6886 2 244 151
6887 3 131 151
6888 4 221 151
6889 27 108 151
6890 28 144 151
6891 29 41 151
6892 30 64 151
6893 31 183 151
6894 32 32 151
6895 33 159 151
6896 34 84 151
6897 35 88 151
6898 36 234 151
6899 37 63 151
6900 38 214 151
6901 39 106 151
6902 40 88 151
6903 51 54 154
6904 50 236 153
6905 49 118 153
6906 48 118 153
6907 47 177 153
6908 46 220 153
6909 45 153 152
6910 44 153 152
6911 43 98 152
6912 42 49 152
6913 41 107 151
6914 0 188 152
6915 1 126 152
6916 2 6 152
6917 3 29 152
6918 4 78 152
6919 28 8 152
6920 30 246 152
6921 31 72 152
6922 32 224 152
6923 35 261 152
6924 34 44 152
6925 33 168 152
6926 36 191 152
6927 37 61 152
6928 38 21 152
6929 39 92 152
6930 40 95 152
6931 41 135 152
6932 52 54 156
6933 51 236 155
6934 50 145 154
6935 49 204 154
6936 48 204 154
6937 47 43 154
6938 46 153 154
6939 45 55 153
6940 44 55 153
6941 43 214 153
6942 42 107 153
6943 0 71 153
6944 1 83 153
6945 2 243 153
6946 3 8 153
6947 31 258 153
6948 32 251 153
6949 33 186 153
6950 34 215 153
6951 35 22 153
6952 36 146 153
6953 37 242 153
6954 38 113 153
6955 39 43 153
6956 40 173 153
6957 41 64 153
6958 0 206 154
6959 1 5 154
6960 53 9 156
6961 52 236 157
6962 51 145 156
6963 50 59 155
6964 49 161 155
6965 48 161 155
6966 47 110 155
6967 46 55 155
6968 45 104 154
6969 44 104 154
6970 43 156 154
6971 42 78 154
6972 2 51 154
6973 3 157 154
6974 31 61 154
6975 32 84 154
6976 33 262 154
6977 38 73 154
6978 34 64 154
6979 35 70 154
6980 37 190 154
6981 36 190 154
6982 39 97 154
6983 40 229 154
6984 41 81 154
6985 0 127 155
6986 1 153 155
6987 54 254 157
6988 53 127 157
6989 52 145 158
6990 51 59 157
6991 50 102 156
6992 49 51 156
6993 48 51 156
6994 47 208 156
6995 46 104 156
6996 45 211 155
6997 44 211 155
6998 43 185 155
6999 42 224 155
7000 2 188 155
7001 3 20 155
7002 34 248 155
7003 35 250 155
7004 39 151 155
7005 38 95 155
7006 36 112 155
7007 40 257 155
7008 37 168 155
7009 41 201 155
7010 0 25 156
7011 1 30 156
7012 2 5 156
7013 55 254 159
7014 54 136 158
7015 53 68 158
7016 52 59 159
7017 51 102 158
7018 50 212 157
7019 49 106 157
7020 48 106 157
7021 47 159 157
7022 46 211 157
7023 45 26 156
7024 44 26 156
7025 43 39 156
7026 42 151 156
7027 35 105 156
7028 36 19 156
7029 37 234 156
7030 40 112 156
7031 39 56 156
7032 38 84 156
7033 41 23 156
7034 0 200 157
7035 1 260 157
7036 2 241 157
7037 35 141 157
7038 57 177 160
7039 55 136 160
7040 54 195 159
7041 53 229 159
7042 52 102 160
7043 51 212 159
7044 50 157 158
7045 49 210 158
7046 48 210 158
7047 47 52 158
7048 46 26 158
7049 45 250 157
7050 44 250 157
7051 43 112 157
7052 42 56 157
7053 37 190 157
7054 38 161 157
7055 41 207 157
7056 40 207 157
7057 39 235 157
7058 0 232 158
7059 1 75 158
7060 38 179 158
7061 2 115 158
7062 56 87 161
7063 57 176 161
7064 55 195 161
7065 54 34 160
7066 53 17 160
7067 52 212 161
7068 51 157 160
7069 50 53 159
7070 49 158 159
7071 48 158 159
7072 47 237 159
7073 46 250 159
7074 45 138 158
7075 44 138 158
7076 43 207 158
7077 42 235 158
7078 39 207 158
7079 0 237 159
7080 41 28 158
7081 40 28 158
7082 1 35 159
7083 40 56 159
7084 39 28 159
7085 58 133 162
7086 56 153 162
7087 57 240 162
7088 55 34 162
7089 54 246 161
7090 53 123 161
7091 52 157 162
7092 51 53 161
7093 50 105 160
7094 49 184 160
7095 48 184 160
7096 47 13 160
7097 46 138 160
7098 45 194 159
7099 44 194 159
7100 43 28 159
7101 42 14 159
7102 0 125 160
7103 42 28 160
7104 41 249 159
7105 1 206 160
7106 41 235 160
7107 59 133 164
7108 58 65 163
7109 56 199 163
7110 57 242 163
7111 55 246 163
7112 54 140 162
7113 53 70 162
7114 52 53 163
7115 51 105 162
7116 50 79 161
7117 49 171 161
7118 48 171 161
7119 47 125 161
7120 46 194 161
7121 45 166 160
7122 44 166 160
7123 43 249 160
7124 0 97 161
7125 43 235 161
7126 42 249 161
7127 1 183 161
7128 60 133 166
7129 59 65 165
7130 58 99 164
7131 56 258 164
7132 57 224 164
7133 55 140 164
7134 54 193 163
7135 53 228 163
7136 52 105 164
7137 51 79 163
7138 50 92 162
7139 49 46 162
7140 48 46 162
7141 47 69 162
7142 46 166 162
7143 45 180 161
7144 44 180 161
7145 0 90 162
7146 44 97 162
7147 43 14 162
7148 61 198 166
7149 60 65 167
7150 59 99 166
7151 58 82 165
7152 56 146 165
7153 57 110 165
7154 55 193 165
7155 54 35 164
7156 53 149 164
7157 52 79 165
7158 51 92 164
7159 50 217 163
7160 49 240 163
7161 48 240 163
7162 47 97 163
7163 46 180 163
7164 45 173 162
7165 0 154 163
7166 45 83 163
7167 62 197 167
7168 61 164 167
7169 60 99 168
7170 59 82 167
7171 58 222 166
7172 56 213 166
7173 57 97 166
7174 55 35 166
7175 54 114 165
7176 53 57 165
7177 52 92 166
7178 51 217 165
7179 50 23 164
7180 49 143 164
7181 48 143 164
7182 47 83 164
7183 46 173 164
7184 0 170 164
7185 63 197 169
7186 62 33 168
7187 61 181 168
7188 60 82 169
7189 59 222 168
7190 58 152 167
7191 56 219 167
7192 57 7 167
7193 55 114 167
7194 54 206 166
7195 53 103 166
7196 52 217 167
7197 51 23 166
7198 50 120 165
7199 49 60 165
7200 48 60 165
7201 47 90 165
7202 64 66 170
7203 63 33 170
7204 62 115 169
7205 61 41 169
7206 60 222 170
7207 59 152 169
7208 58 187 168
7209 56 73 168
7210 57 166 168
7211 55 206 168
7212 54 160 167
7213 53 80 167
7214 52 23 168
7215 51 120 167
7216 50 203 166
7217 49 233 166
7218 65 230 171
7219 64 230 171
7220 63 115 171
7221 62 74 170
7222 61 111 170
7223 60 152 171
7224 59 187 170
7225 58 38 169
7226 56 200 169
7227 57 161 169
7228 55 160 169
7229 54 183 168
7230 53 223 168
7231 52 120 169
7232 51 203 168
7233 66 11 172
7234 65 148 172
7235 64 148 172
7236 63 74 172
7237 62 226 171
7238 61 76 171
7239 60 187 172
7240 59 38 171
7241 58 244 170
7242 56 161 170
7243 57 192 170
7244 55 183 170
7245 54 40 169
7246 53 20 169
7247 67 11 174
7248 66 126 173
7249 65 189 173
7250 64 189 173
7251 63 226 173
7252 62 150 172
7253 61 225 172
7254 60 38 173
7255 59 244 172
7256 58 141 171
7257 56 256 171
7258 57 228 171
7259 55 40 171
7260 68 252 175
7261 67 126 175
7262 66 200 174
7263 65 37 174
7264 64 37 174
7265 63 150 174
7266 62 188 173
7267 61 19 173
7268 60 244 174
7269 59 141 173
7270 58 61 172
7271 56 220 172
7272 69 137 176
7273 68 137 176
7274 67 200 176
7275 66 163 175
7276 65 113 175
7277 64 113 175
7278 63 188 175
7279 62 169 174
7280 61 122 174
7281 60 141 175
7282 59 61 174
7283 70 137 178
7284 69 63 177
7285 68 63 177
7286 67 163 177
7287 66 50 176
7288 65 75 176
7289 64 75 176
7290 63 169 176
7291 62 47 175
7292 61 202 175
7293 71 221 178
7294 70 63 179
7295 69 100 178
7296 68 100 178
7297 67 50 178
7298 66 238 177
7299 65 94 177
7300 64 94 177
7301 63 47 177
7302 72 221 180
7303 71 21 179
7304 70 100 180
7305 69 213 179
7306 68 213 179
7307 67 238 179
7308 66 144 178
7309 65 216 178
7310 73 21 181
7311 72 21 181
7312 71 121 180
7313 70 213 181
7314 69 25 180
7315 68 25 180
7316 67 144 180
7317 74 21 183
7318 73 121 182
7319 72 121 182
7320 71 71 181
7321 70 25 182
7322 69 119 181
7323 75 7 183
7324 74 121 184
7325 73 71 183
7326 72 71 183
7327 71 96 182
7328 76 7 185
7329 75 128 184
7330 74 71 185
7331 73 96 184
7332 77 128 186
7333 76 128 186
7334 75 199 185
7335 78 135 187
7336 77 199 187
7337 79 135 189
7338 80 27 190
7339 78 161 188
7340 76 123 187
7341 74 114 186
7342 72 122 184
7343 70 81 183
7344 68 59 181
7345 66 140 179
7346 64 35 178
7347 62 141 176
7348 60 162 176
7349 58 204 173
7350 57 239 172
7351 54 228 170
7352 52 206 170
7353 50 162 167
7354 48 145 166
7355 46 51 165
7356 44 193 163
7357 42 57 162
7358 40 61 160
7359 38 172 159
7360 36 161 157
7361 34 53 156
7362 32 114 155
7363 30 183 153
7364 29 124 152
7365 26 220 150
7366 24 208 150
7367 22 237 148
7368 20 138 148
7369 19 156 147
7370 16 15 145
7371 14 77 146
7372 11 19 146
7373 7 53 146
7374 8 132 146
7375 9 43 146
7376 10 8 146
7377 12 178 146
7378 13 66 146
7379 81 118 191
7380 79 161 190
7381 77 70 188
7382 75 38 186
7383 73 202 185
7384 71 27 183
7385 69 102 182
7386 67 140 181
7387 65 114 179
7388 63 141 178
7389 61 81 176
7390 59 204 175
7391 56 97 173
7392 55 228 172
7393 53 122 170
7394 51 162 169
7395 49 59 167
7396 47 212 166
7397 45 35 164
7398 43 206 163
7399 41 101 161
7400 39 118 160
7401 37 51 158
7402 35 53 158
7403 33 57 155
7404 31 183 155
7405 28 108 153
7406 27 220 152
7407 25 159 151
7408 23 237 150
7409 21 217 149
7410 18 98 148
7411 17 15 147
7412 15 201 146
7413 16 31 146
7414 6 240 147
7415 7 242 147
7416 8 165 147
7417 9 234 147
7418 10 76 147
7419 82 145 192
7420 80 34 191
7421 78 193 189
7422 76 38 188
7423 74 202 187
7424 72 27 185
7425 70 102 184
7426 68 123 182
7427 66 225 180
7428 64 122 179
7429 62 236 177
7430 60 204 177
7431 58 140 174
7432 57 116 173
7433 54 141 171
7434 52 162 171
7435 50 204 168
7436 48 17 167
7437 46 35 166
7438 44 19 164
7439 42 101 163
7440 40 145 161
7441 38 51 160
7442 36 193 158
7443 34 57 157
7444 32 202 156
7445 30 172 154
7446 29 65 153
7447 26 53 151
7448 24 184 151
7449 22 240 149
7450 20 203 149
7451 19 163 148
7452 11 47 147
7453 14 58 147
7454 12 165 147
7455 13 122 147
7456 15 96 147
7457 16 162 147
7458 83 145 194
7459 81 246 192
7460 79 193 191
7461 77 244 189
7462 75 155 187
7463 73 118 186
7464 71 34 184
7465 69 70 183
7466 67 225 182
7467 65 202 180
7468 63 236 179
7469 61 102 177
7470 59 140 176
7471 56 247 174
7472 55 141 173
7473 53 27 171
7474 51 204 170
7475 49 123 168
7476 47 228 167
7477 45 122 165
7478 43 162 164
7479 41 59 162
7480 39 246 161
7481 37 35 159
7482 35 57 159
7483 33 101 156
7484 31 172 156
7485 28 232 154
7486 27 53 153
7487 25 171 152
7488 23 240 151
7489 21 20 150
7490 18 164 149
7491 17 165 148
7492 6 123 148
7493 7 126 148
7494 8 241 148
7495 9 79 148
7496 84 127 195
7497 82 17 193
7498 80 111 192
7499 78 19 190
7500 76 155 189
7501 74 118 188
7502 72 34 186
7503 70 70 185
7504 68 38 183
7505 66 108 181
7506 64 27 180
7507 62 229 178
7508 60 140 178
7509 58 225 175
7510 57 196 174
7511 54 236 172
7512 52 204 172
7513 50 140 169
7514 48 187 168
7515 46 122 167
7516 44 209 165
7517 42 59 164
7518 40 17 162
7519 38 35 161
7520 36 19 159
7521 34 101 158
7522 32 118 157
7523 30 51 155
7524 29 102 154
7525 26 57 152
7526 24 183 152
7527 22 10 150
7528 20 129 150
7529 19 227 149
7530 10 219 148
7531 14 112 148
7532 11 239 148
7533 85 195 195
7534 83 17 195
7535 81 76 193
7536 79 19 192
7537 77 54 190
7538 75 127 188
7539 73 246 187
7540 71 111 185
7541 69 244 184
7542 67 108 183
7543 65 118 181
7544 63 229 180
7545 61 70 178
7546 59 225 177
7547 56 137 175
7548 55 236 174
7549 53 34 172
7550 51 140 171
7551 49 38 169
7552 47 141 168
7553 45 27 166
7554 43 204 165
7555 41 123 163
7556 39 76 162
7557 37 122 160
7558 35 101 160
7559 33 59 157
7560 31 51 157
7561 28 103 155
7562 27 57 154
7563 25 40 153
7564 23 10 152
7565 21 220 151
7566 18 126 150
7567 17 237 149
7568 15 125 148
7569 86 195 197
7570 84 82 196
7571 82 187 194
7572 80 169 193
7573 78 209 191
7574 76 127 190
7575 74 246 189
7576 72 111 187
7577 70 244 186
7578 68 155 184
7579 66 136 182
7580 64 34 181
7581 62 152 179
7582 60 225 179
7583 58 108 176
7584 57 7 175
7585 54 229 173
7586 52 140 173
7587 50 225 170
7588 48 216 169
7589 46 27 168
7590 44 195 166
7591 42 123 165
7592 40 187 163
7593 38 122 162
7594 36 209 160
7595 34 59 159
7596 32 246 158
7597 30 35 156
7598 29 165 155
7599 26 101 153
7600 24 172 153
7601 22 110 151
7602 20 104 151
7603 19 262 150
7604 87 195 199
7605 85 41 196
7606 83 187 196
7607 81 47 194
7608 79 209 193
7609 77 68 191
7610 75 82 189
7611 73 76 188
7612 71 169 186
7613 69 54 185
7614 67 136 184
7615 65 246 182
7616 63 152 181
7617 61 244 179
7618 59 108 178
7619 56 224 176
7620 55 229 175
7621 53 111 173
7622 51 225 172
7623 49 155 170
7624 47 236 169
7625 45 34 167
7626 43 140 166
7627 41 38 164
7628 39 47 163
7629 37 27 161
7630 35 59 161
7631 33 123 158
7632 31 35 158
7633 28 130 156
7634 27 101 155
7635 25 177 154
7636 23 110 153
7637 21 53 152
7638 89 101 200
7639 86 41 198
7640 84 113 197
7641 82 216 195
7642 80 18 194
7643 78 195 192
7644 76 82 191
7645 74 76 190
7646 72 169 188
7647 70 54 187
7648 68 127 185
7649 66 181 183
7650 64 111 182
7651 62 94 180
7652 60 108 180
7653 58 136 177
7654 57 108 176
7655 54 152 174
7656 52 225 174
7657 50 108 171
7658 48 9 170
7659 46 34 169
7660 44 41 167
7661 42 38 166
7662 40 216 164
7663 38 27 163
7664 36 195 161
7665 34 123 160
7666 32 76 159
7667 30 122 157
7668 29 230 156
7669 26 59 154
7670 24 51 154
7671 88 163 201
7672 87 41 200
7673 85 188 197
7674 83 216 197
7675 81 254 195
7676 79 195 194
7677 77 222 192
7678 75 113 190
7679 73 47 189
7680 71 18 187
7681 69 68 186
7682 67 181 185
7683 65 76 183
7684 63 94 182
7685 61 54 180
7686 59 136 179
7687 56 169 177
7688 55 152 176
7689 53 169 174
7690 51 108 173
7691 49 127 171
7692 47 229 170
7693 45 111 168
7694 43 225 167
7695 41 155 165
7696 39 254 164
7697 37 34 162
7698 35 123 162
7699 33 38 159
7700 31 122 159
7701 28 250 157
7702 27 59 156
7703 90 99 202
7704 89 215 201
7705 86 188 199
7706 84 191 198
7707 82 9 196
7708 80 198 195
7709 78 41 193
7710 76 113 192
7711 74 47 191
7712 72 18 189
7713 70 68 188
7714 68 82 186
7715 66 150 184
7716 64 169 183
7717 62 245 181
7718 60 136 181
7719 58 181 178
7720 57 214 177
7721 54 94 175
7722 52 108 175
7723 50 136 172
7724 48 99 171
7725 46 111 170
7726 44 188 168
7727 42 155 167
7728 40 9 165
7729 38 34 164
7730 36 41 162
7731 34 38 161
7732 32 47 160
7733 30 27 158
7734 91 99 204
7735 88 59 202
7736 87 188 201
7737 85 227 198
7738 83 9 198
7739 81 164 196
7740 79 41 195
7741 77 75 193
7742 75 191 191
7743 73 254 190
7744 71 198 188
7745 69 222 187
7746 67 150 186
7747 65 47 184
7748 63 245 183
7749 61 68 181
7750 59 181 180
7751 56 154 178
7752 55 94 177
7753 53 18 175
7754 51 136 174
7755 49 82 172
7756 47 152 171
7757 45 169 169
7758 43 108 168
7759 41 127 166
7760 39 164 165
7761 37 111 163
7762 35 38 163
7763 33 155 160
7764 92 164 205
7765 90 37 203
7766 89 136 202
7767 86 227 200
7768 84 260 199
7769 82 99 197
7770 80 74 196
7771 78 188 194
7772 76 191 193
7773 74 254 192
7774 72 198 190
7775 70 222 189
7776 68 113 187
7777 66 72 185
7778 64 18 184
7779 62 65 182
7780 60 181 182
7781 58 150 179
7782 57 56 178
7783 54 245 176
7784 52 136 176
7785 50 181 173
7786 48 37 172
7787 46 169 171
7788 44 227 169
7789 42 127 168
7790 40 99 166
7791 38 111 165
7792 36 188 163
7793 93 115 205
7794 91 37 205
7795 88 33 203
7796 87 227 202
7797 85 130 199
7798 83 99 199
7799 81 226 197
7800 79 188 196
7801 77 36 194
7802 75 260 192
7803 73 164 191
7804 71 74 189
7805 69 75 188
7806 67 72 187
7807 65 254 185
7808 63 65 184
7809 61 222 182
7810 59 150 181
7811 56 67 179
7812 55 245 178
7813 53 198 176
7814 51 181 175
7815 49 113 173
7816 47 94 172
7817 45 18 170
7818 43 136 169
7819 41 82 167
7820 39 226 166
7821 94 115 207
7822 92 226 206
7823 90 144 204
7824 89 121 203
7825 86 130 201
7826 84 230 200
7827 82 37 198
7828 80 25 197
7829 78 227 195
7830 76 260 194
7831 74 164 193
7832 72 74 191
7833 70 75 190
7834 68 191 188
7835 66 3 186
7836 64 198 185
7837 62 189 183
7838 60 150 183
7839 58 72 180
7840 57 60 179
7841 54 65 177
7842 52 181 177
7843 50 150 174
7844 48 144 173
7845 46 18 172
7846 44 130 170
7847 42 82 169
7848 95 115 209
7849 93 213 206
7850 91 144 206
7851 88 17 204
7852 87 130 203
7853 85 115 200
7854 83 37 200
7855 81 119 198
7856 79 227 197
7857 77 133 195
7858 75 230 193
7859 73 226 192
7860 71 25 190
7861 69 36 189
7862 67 3 188
7863 65 164 186
7864 63 189 185
7865 61 75 183
7866 59 72 182
7867 56 185 180
7868 55 65 179
7869 53 74 177
7870 51 150 176
7871 49 191 174
7872 47 245 173
7873 45 198 171
7874 96 148 210
7875 94 213 208
7876 92 119 207
7877 90 6 205
7878 89 145 204
7879 86 115 202
7880 84 163 201
7881 82 144 199
7882 80 12 198
7883 78 130 196
7884 76 230 195
7885 74 226 194
7886 72 25 192
7887 70 36 191
7888 68 260 189
7889 66 33 187
7890 64 74 186
7891 62 238 184
7892 60 72 184
7893 58 3 181
7894 57 67 180
7895 54 189 178
7896 52 150 178
7897 50 72 175
7898 48 6 174
7899 97 189 211
7900 95 213 210
7901 93 239 207
7902 91 6 207
7903 88 95 205
7904 87 115 204
7905 85 213 201
7906 83 144 201
7907 81 257 199
7908 79 130 198
7909 77 148 196
7910 75 163 194
7911 73 119 193
7912 71 12 191
7913 69 133 190
7914 67 33 189
7915 65 226 187
7916 63 238 186
7917 61 36 184
7918 59 3 183
7919 56 125 181
7920 55 189 180
7921 53 25 178
7922 51 72 177
7923 98 200 212
7924 96 50 211
7925 94 239 209
7926 92 257 208
7927 90 66 206
7928 89 121 205
7929 86 213 203
7930 84 215 202
7931 82 6 200
7932 80 132 199
7933 78 115 197
7934 76 163 196
7935 74 119 195
7936 72 12 193
7937 70 133 192
7938 68 230 190
7939 66 100 188
7940 64 25 187
7941 62 251 185
7942 60 3 185
7943 58 33 182
7944 56 189 182
7945 54 238 179
7946 99 63 213
7947 97 238 212
7948 95 239 211
7949 93 262 208
7950 91 66 208
7951 88 99 206
7952 87 213 205
7953 85 239 202
7954 83 6 202
7955 81 197 200
7956 79 115 199
7957 77 50 197
7958 75 215 195
7959 73 257 194
7960 71 132 192
7961 69 148 191
7962 67 100 190
7963 65 119 188
7964 63 251 187
7965 61 133 185
7966 59 33 184
7967 57 100 181
7968 100 63 215
7969 98 96 213
7970 96 24 212
7971 94 262 210
7972 92 197 209
7973 90 200 207
7974 89 108 206
7975 86 239 204
7976 84 261 203
7977 82 66 201
7978 80 137 200
7979 78 213 198
7980 76 215 197
7981 74 257 196
7982 72 132 194
7983 70 148 193
7984 68 163 191
7985 66 48 189
7986 64 12 188
7987 62 131 186
7988 60 33 186
7989 101 100 216
7990 99 167 214
7991 97 251 213
7992 95 262 212
7993 93 252 209
7994 91 200 209
7995 88 249 207
7996 87 239 206
7997 85 262 203
7998 83 66 203
7999 81 63 201
8000 79 213 200
8001 77 24 198
8002 75 261 196
8003 73 197 195
8004 71 137 193
8005 69 50 192
8006 67 48 191
8007 65 257 189
8008 63 131 188
8009 102 142 217
8010 100 167 216
8011 98 4 214
8012 96 1 213
8013 94 252 211
8014 92 63 210
8015 90 96 208
8016 89 96 207
8017 86 262 205
8018 84 241 204
8019 82 200 202
8020 80 192 201
8021 78 239 199
8022 76 261 198
8023 74 197 197
8024 72 137 195
8025 70 50 194
8026 68 215 192
8027 66 2 190
8028 103 121 218
8029 101 48 217
8030 99 259 215
8031 97 131 214
8032 95 252 213
8033 93 142 210
8034 91 96 210
8035 88 1 208
8036 87 262 207
8037 85 252 204
8038 83 200 204
8039 81 167 202
8040 79 239 201
8041 77 1 199
8042 75 241 197
8043 73 63 196
8044 71 192 194
8045 69 24 193
8046 104 121 220
8047 102 247 218
8048 100 259 217
8049 98 44 215
8050 96 11 214
8051 94 142 212
8052 92 167 211
8053 90 4 209
8054 89 90 208
8055 86 252 206
8056 84 21 205
8057 82 96 203
8058 80 8 202
8059 78 262 200
8060 76 241 199
8061 74 63 198
8062 72 192 196
8063 105 71 221
8064 103 16 219
8065 101 2 218
8066 99 219 216
8067 97 126 215
8068 95 142 214
8069 93 247 211
8070 91 4 211
8071 88 94 209
8072 87 252 208
8073 85 142 205
8074 83 96 205
8075 81 259 203
8076 79 262 202
8077 77 11 200
8078 75 21 198
8079 106 192 222
8080 104 16 221
8081 102 87 219
8082 100 219 218
8083 98 221 216
8084 96 121 215
8085 94 247 213
8086 92 259 212
8087 90 44 210
8088 89 95 209
8089 86 142 207
8090 84 231 206
8091 82 4 204
8092 80 88 203
8093 78 252 201
8094 107 199 223
8095 105 255 222
8096 103 176 220
8097 101 22 219
8098 99 42 217
8099 97 71 216
8100 95 247 215
8101 93 87 212
8102 91 44 212
8103 88 200 210
8104 87 142 209
8105 85 247 206
8106 83 4 206
8107 81 219 204
8108 108 199 225
8109 106 8 223
8110 104 176 222
8111 102 168 220
8112 100 42 219
8113 98 64 217
8114 96 16 216
8115 94 87 214
8116 92 219 213
8117 90 221 211
8118 89 142 210
8119 86 247 208
8120 84 174 207
8121 109 32 226
8122 107 85 224
8123 105 175 223
8124 103 95 221
8125 101 242 220
8126 99 199 218
8127 97 255 217
8128 95 87 216
8129 93 168 213
8130 91 221 213
8131 88 199 211
8132 87 247 210
8133 110 231 227
8134 108 85 226
8135 106 88 224
8136 104 95 223
8137 102 7 221
8138 100 199 220
8139 98 178 218
8140 96 176 217
8141 94 168 215
8142 92 42 214
8143 90 64 212
8144 111 186 228
8145 109 89 227
8146 107 146 225
8147 105 84 224
8148 103 256 222
8149 101 32 221
8150 99 85 219
8151 97 175 218
8152 95 168 217
8153 93 7 214
8154 112 186 230
8155 110 174 228
8156 108 146 227
8157 106 179 225
8158 104 256 224
8159 102 77 222
8160 100 85 221
8161 98 117 219
8162 96 95 218
8163 113 93 230
8164 111 205 229
8165 109 190 228
8166 107 28 226
8167 105 135 225
8168 103 186 223
8169 101 89 222
8170 99 146 220
8171 114 93 232
8172 112 205 231
8173 110 73 229
8174 108 28 228
8175 106 128 226
8176 104 186 225
8177 102 58 223
8178 115 93 234
8179 113 234 231
8180 111 151 230
8181 109 249 229
8182 107 45 227
8183 105 170 226
8184 116 232 235
8185 114 234 233
8186 112 151 232
8187 110 14 230
8188 108 45 229
8189 117 116 235
8190 115 234 235
8191 113 207 232
8192 111 83 231
8193 118 116 237
8194 116 185 236
8195 114 207 234
8196 119 116 239
8197 117 224 236
8198 120 147 240
8199 12 125 148
8200 13 7 148
8201 16 173 148
8202 6 26 149
8203 7 251 149
8204 8 183 149
8205 9 3 149
8206 10 10 149
8207 11 106 149
8208 12 187 149
8209 13 159 149
8210 14 14 149
8211 15 162 149
8212 5 80 150
8213 6 101 150
8214 5 44 151
8215 5 44 152
8216 4 224 153
8217 5 164 153
8218 4 241 154
8219 4 241 155
8220 3 19 156
8221 4 165 156
8222 3 11 157
8223 3 11 158
8224 2 188 159
8225 3 29 159
8226 2 126 160
8227 2 126 161
8228 1 136 162
8229 2 186 162
8230 1 200 163
8231 1 200 164
8232 0 80 165
8233 1 250 165
8234 0 163 166
8235 0 163 167
8236 0 163 168
8237 0 163 169
8238 0 163 170
8239 0 163 171
8240 0 163 172
8241 0 163 173
8242 16 34 149
8243 7 194 150
8244 8 220 150
8245 9 103 150
8246 10 237 150
8247 11 203 150
8248 12 78 150
8249 13 160 150
8250 14 56 150
8251 15 30 150
8252 16 151 150
8253 17 253 150
8254 6 111 151
8255 7 189 151
8256 8 2 151
8257 9 103 151
8258 10 227 151
8259 18 124 151
8260 6 221 152
8261 6 221 153
8262 5 192 154
8263 6 95 154
8264 5 21 155
8265 5 21 156
8266 4 30 157
8267 5 152 157
8268 4 121 158
8269 4 121 159
8270 3 185 160
8271 4 127 160
8272 3 71 161
8273 3 71 162
8274 2 202 163
8275 3 60 163
8276 2 96 164
8277 2 96 165
8278 1 212 166
8279 2 250 166
8280 1 215 167
8281 1 215 168
8282 1 215 169
8283 11 112 151
8284 12 19 151
8285 13 182 151
8286 14 246 151
8287 15 127 151
8288 16 109 151
8289 17 100 151
8290 19 226 151
8291 7 189 152
8292 8 236 152
8293 9 231 152
8294 10 78 152
8295 11 144 152
8296 12 78 152
8297 13 55 152
8298 14 98 152
8299 15 63 152
8300 17 228 152
8301 18 253 152
8302 20 18 152
8303 22 177 152
8304 7 64 153
8305 7 64 154
8306 6 1 155
8307 7 207 155
8308 6 231 156
8309 6 231 157
8310 5 202 158
8311 6 177 158
8312 5 16 159
8313 5 16 160
8314 4 258 161
8315 5 27 161
8316 4 255 162
8317 4 255 163
8318 3 86 164
8319 4 86 164
8320 3 4 165
8321 3 4 166
8322 16 208 152
8323 19 5 152
8324 8 20 153
8325 9 170 153
8326 10 64 153
8327 11 199 153
8328 12 202 153
8329 13 176 153
8330 14 248 153
8331 15 95 153
8332 16 148 153
8333 17 139 153
8334 18 171 153
8335 19 251 153
8336 20 215 153
8337 21 16 153
8338 22 56 153
8339 8 231 154
8340 9 11 154
8341 10 70 154
8342 11 47 154
8343 12 103 154
8344 13 104 154
8345 21 182 154
8346 8 77 155
8347 24 233 155
8348 7 197 156
8349 8 15 156
8350 7 174 157
8351 7 174 158
8352 6 25 159
8353 7 69 159
8354 6 176 160
8355 6 176 161
8356 5 123 162
8357 6 220 162
8358 5 175 163
8359 14 242 154
8360 15 225 154
8361 16 244 154
8362 17 221 154
8363 18 179 154
8364 19 206 154
8365 20 212 154
8366 22 83 154
8367 23 19 154
8368 9 224 155
8369 10 77 155
8370 11 226 155
8371 12 107 155
8372 13 89 155
8373 14 45 155
8374 15 78 155
8375 16 176 155
8376 17 222 155
8377 18 241 155
8378 19 65 155
8379 20 37 155
8380 21 62 155
8381 22 160 155
8382 23 85 155
8383 25 68 155
8384 26 29 155
8385 9 139 156
8386 10 13 156
8387 25 90 156
8388 8 5 157
8389 9 238 157
8390 8 73 158
8391 8 73 159
8392 7 41 160
8393 8 158 160
8394 11 229 156
8395 12 16 156
8396 13 23 156
8397 14 107 156
8398 15 240 156
8399 16 242 156
8400 17 154 156
8401 18 205 156
8402 19 205 156
8403 20 75 156
8404 21 222 156
8405 22 168 156
8406 23 53 156
8407 24 208 156
8408 26 117 156
8409 10 108 157
8410 11 97 157
8411 12 94 157
8412 13 170 157
8413 14 175 157
8414 15 229 157
8415 16 239 157
8416 17 78 157
8417 18 92 157
8418 19 229 157
8419 20 184 157
8420 21 138 157
8421 24 108 157
8422 26 92 157
8423 27 28 157
8424 29 6 157
8425 9 47 158
8426 10 240 158
8427 22 223 157
8428 23 237 157
8429 25 44 157
8430 11 246 158
8431 12 214 158
8432 13 35 158
8433 14 176 158
8434 15 189 158
8435 16 108 158
8436 17 95 158
8437 18 64 158
8438 19 159 158
8439 20 9 158
8440 21 190 158
8441 22 260 158
8442 23 44 158
8443 24 132 158
8444 25 242 158
8445 26 13 158
8446 27 176 158
8447 28 99 158
8448 29 79 158
8449 9 101 159
8450 10 40 159
8451 11 262 159
8452 12 191 159
8453 13 15 159
8454 14 217 159
8455 15 100 159
8456 16 182 159
8457 17 72 159
8458 18 209 159
8459 19 45 159
8460 20 42 159
8461 21 191 159
8462 22 217 159
8463 23 52 159
8464 24 220 159
8465 25 245 159
8466 26 236 159
8467 27 49 159
8468 28 223 159
8469 29 212 159
8470 30 138 159
8471 9 55 160
8472 10 79 160
8473 11 138 160
8474 12 257 160
8475 13 206 160
8476 14 173 160
8477 15 15 160
8478 16 254 160
8479 17 30 160
8480 18 77 160
8481 19 237 160
8482 20 178 160
8483 21 219 160
8484 22 145 160
8485 23 5 160
8486 24 146 160
8487 25 156 160
8488 26 248 160
8489 27 61 160
8490 28 50 160
8491 29 139 160
8492 30 185 160
8493 31 31 160
8494 7 131 161
8495 8 255 161
8496 9 124 161
8497 10 140 161
8498 11 139 161
8499 12 32 161
8500 13 55 161
8501 14 178 161
8502 15 111 161
8503 16 217 161
8504 17 59 161
8505 18 182 161
8506 19 167 161
8507 20 146 161
8508 21 138 161
8509 22 164 161
8510 23 182 161
8511 24 26 161
8512 25 206 161
8513 26 242 161
8514 27 233 161
8515 28 35 161
8516 29 241 161
8517 30 12 161
8518 31 103 161
8519 32 224 161
8520 33 227 161
8521 7 152 162
8522 8 43 162
8523 9 83 162
8524 10 127 162
8525 11 198 162
8526 12 10 162
8527 13 253 162
8528 14 7 162
8529 15 19 162
8530 16 141 162
8531 17 188 162
8532 18 259 162
8533 19 6 162
8534 20 116 162
8535 21 174 162
8536 22 14 162
8537 23 219 162
8538 24 188 162
8539 25 119 162
8540 26 137 162
8541 27 144 162
8542 28 188 162
8543 29 178 162
8544 30 219 162
8545 31 224 162
8546 32 106 162
8547 33 51 162
8548 34 148 162
8549 6 27 163
8550 7 161 163
8551 8 256 163
8552 9 33 163
8553 10 21 163
8554 11 235 163
8555 12 92 163
8556 13 18 163
8557 14 262 163
8558 15 57 163
8559 16 35 163
8560 17 57 163
8561 18 105 163
8562 19 172 163
8563 20 73 163
8564 21 137 163
8565 22 237 163
8566 23 124 163
8567 24 45 163
8568 25 105 163
8569 26 257 163
8570 27 142 163
8571 28 128 163
8572 29 33 163
8573 30 53 163
8574 31 171 163
8575 32 142 163
8576 33 38 163
8577 34 254 163
8578 5 142 164
8579 6 174 164
8580 7 21 164
8581 8 230 164
8582 9 233 164
8583 10 193 164
8584 11 249 164
8585 12 28 164
8586 13 160 164
8587 14 219 164
8588 15 153 164
8589 16 139 164
8590 17 90 164
8591 18 253 164
8592 19 23 164
8593 20 158 164
8594 21 102 164
8595 22 229 164
8596 23 187 164
8597 24 146 164
8598 25 189 164
8599 26 95 164
8600 27 5 164
8601 28 18 164
8602 29 175 164
8603 30 177 164
8604 31 136 164
8605 32 34 164
8606 33 6 164
8607 34 46 164
8608 35 249 164
8609 36 109 164
8610 37 225 164
8611 4 190 165
8612 5 115 165
8613 6 196 165
8614 7 5 165
8615 8 106 165
8616 9 229 165
8617 10 246 165
8618 11 67 165
8619 12 64 165
8620 13 81 165
8621 14 118 165
8622 15 117 165
8623 16 66 165
8624 17 84 165
8625 18 41 165
8626 19 48 165
8627 20 237 165
8628 21 62 165
8629 22 52 165
8630 23 19 165
8631 24 221 165
8632 25 151 165
8633 26 249 165
8634 27 122 165
8635 28 183 165
8636 29 209 165
8637 30 260 165
8638 31 39 165
8639 32 237 165
8640 33 220 165
8641 34 48 165
8642 35 178 165
8643 36 204 165
8644 37 19 165
8645 4 50 166
8646 5 61 166
8647 6 151 166
8648 7 65 166
8649 8 73 166
8650 9 147 166
8651 10 258 166
8652 11 140 166
8653 12 72 166
8654 13 154 166
8655 14 254 166
8656 15 196 166
8657 16 231 166
8658 17 130 166
8659 18 152 166
8660 19 51 166
8661 20 229 166
8662 21 232 166
8663 22 101 166
8664 23 138 166
8665 24 95 166
8666 25 108 166
8667 26 172 166
8668 27 257 166
8669 28 179 166
8670 29 69 166
8671 30 200 166
8672 31 244 166
8673 32 145 166
8674 33 170 166
8675 34 145 166
8676 35 40 166
8677 36 132 166
8678 37 173 166
8679 38 49 166
8680 2 93 167
8681 3 42 167
8682 4 82 167
8683 5 120 167
8684 6 247 167
8685 7 208 167
8686 8 145 167
8687 9 147 167
8688 10 195 167
8689 11 252 167
8690 12 214 167
8691 13 181 167
8692 14 168 167
8693 15 107 167
8694 16 127 167
8695 17 150 167
8696 18 16 167
8697 19 247 167
8698 20 90 167
8699 21 184 167
8700 22 261 167
8701 23 97 167
8702 24 41 167
8703 25 53 167
8704 26 46 167
8705 27 133 167
8706 28 43 167
8707 29 218 167
8708 30 139 167
8709 31 128 167
8710 32 177 167
8711 33 7 167
8712 34 9 167
8713 35 28 167
8714 36 222 167
8715 37 216 167
8716 38 87 167
8717 39 121 167
8718 40 90 167
8719 2 17 168
8720 3 53 168
8721 4 18 168
8722 5 87 168
8723 6 136 168
8724 7 203 168
8725 8 200 168
8726 9 149 168
8727 10 147 168
8728 11 68 168
8729 12 209 168
8730 13 50 168
8731 14 182 168
8732 15 9 168
8733 16 1 168
8734 17 152 168
8735 18 82 168
8736 19 15 168
8737 20 43 168
8738 21 21 168
8739 22 11 168
8740 23 81 168
8741 24 52 168
8742 25 208 168
8743 26 176 168
8744 27 41 168
8745 28 73 168
8746 29 81 168
8747 30 68 168
8748 31 24 168
8749 32 133 168
8750 33 72 168
8751 34 126 168
8752 35 70 168
8753 36 51 168
8754 37 218 168
8755 38 44 168
8756 39 143 168
8757 40 154 168
8758 41 48 168
8759 2 35 169
8760 3 205 169
8761 4 224 169
8762 5 209 169
8763 6 202 169
8764 7 219 169
8765 8 241 169
8766 9 121 169
8767 10 117 169
8768 11 15 169
8769 12 156 169
8770 13 254 169
8771 14 260 169
8772 15 226 169
8773 16 137 169
8774 17 29 169
8775 18 90 169
8776 19 255 169
8777 20 232 169
8778 21 261 169
8779 22 100 169
8780 23 145 169
8781 24 194 169
8782 25 113 169
8783 26 171 169
8784 27 112 169
8785 28 231 169
8786 29 191 169
8787 30 230 169
8788 31 127 169
8789 32 171 169
8790 33 244 169
8791 34 65 169
8792 35 52 169
8793 36 121 169
8794 37 40 169
8795 38 33 169
8796 39 40 169
8797 41 140 169
8798 40 42 169
8799 1 88 170
8800 2 13 170
8801 3 189 170
8802 4 71 170
8803 5 108 170
8804 6 103 170
8805 7 126 170
8806 8 2 170
8807 9 149 170
8808 10 226 170
8809 11 112 170
8810 12 236 170
8811 13 246 170
8812 14 169 170
8813 15 42 170
8814 16 4 170
8815 17 58 170
8816 18 20 170
8817 19 7 170
8818 20 52 170
8819 21 91 170
8820 22 246 170
8821 23 12 170
8822 24 117 170
8823 25 158 170
8824 26 63 170
8825 27 24 170
8826 28 107 170
8827 29 219 170
8828 30 96 170
8829 31 127 170
8830 32 181 170
8831 33 145 170
8832 34 230 170
8833 35 209 170
8834 36 260 170
8835 37 31 170
8836 38 33 170
8837 39 38 170
8838 40 230 170
8839 41 226 170
8840 42 149 170
8841 43 128 170
8842 1 183 171
8843 2 20 171
8844 3 256 171
8845 4 63 171
8846 5 98 171
8847 6 213 171
8848 7 259 171
8849 8 172 171
8850 9 118 171
8851 10 2 171
8852 11 256 171
8853 12 159 171
8854 13 128 171
8855 14 111 171
8856 15 54 171
8857 16 21 171
8858 17 116 171
8859 18 242 171
8860 19 258 171
8861 21 256 171
8862 20 227 171
8863 22 93 171
8864 23 109 171
8865 24 25 171
8866 25 138 171
8867 26 216 171
8868 27 7 171
8869 28 259 171
8870 29 258 171
8871 30 260 171
8872 31 16 171
8873 32 218 171
8874 33 226 171
8875 34 69 171
8876 35 24 171
8877 36 179 171
8878 37 224 171
8879 38 6 171
8880 39 76 171
8881 40 119 171
8882 41 29 171
8883 42 132 171
8884 43 60 171
8885 44 212 171
8886 1 237 172
8887 2 198 172
8888 3 53 172
8889 4 1 172
8890 5 9 172
8891 6 246 172
8892 7 215 172
8893 8 68 172
8894 9 75 172
8895 10 82 172
8896 11 160 172
8897 12 17 172
8898 13 162 172
8899 14 93 172
8900 15 12 172
8901 16 86 172
8902 17 190 172
8903 18 81 172
8904 19 184 172
8905 20 133 172
8906 21 55 172
8907 22 55 172
8908 23 78 172
8909 24 223 172
8910 25 108 172
8911 26 147 172
8912 27 87 172
8913 28 250 172
8914 29 62 172
8915 30 1 172
8916 31 72 172
8917 32 12 172
8918 33 179 172
8919 34 162 172
8920 35 63 172
8921 36 10 172
8922 37 179 172
8923 38 39 172
8924 39 247 172
8925 40 105 172
8926 41 166 172
8927 42 207 172
8928 43 84 172
8929 44 212 172
8930 45 236 172
8931 1 188 173
8932 2 226 173
8933 3 19 173
8934 4 75 173
8935 5 73 173
8936 6 193 173
8937 7 251 173
8938 8 58 173
8939 9 55 173
8940 10 164 173
8941 11 241 173
8942 12 130 173
8943 13 170 173
8944 14 230 173
8945 15 27 173
8946 16 34 173
8947 17 67 173
8948 18 163 173
8949 19 140 173
8950 20 153 173
8951 21 35 173
8952 22 2 173
8953 23 109 173
8954 24 121 173
8955 25 90 173
8956 26 36 173
8957 27 38 173
8958 28 141 173
8959 29 71 173
8960 30 177 173
8961 31 82 173
8962 32 126 173
8963 33 210 173
8964 34 149 173
8965 35 74 173
8966 36 75 173
8967 37 33 173
8968 38 229 173
8969 39 4 173
8970 40 69 173
8971 41 79 173
8972 42 19 173
8973 43 160 173
8974 44 66 173
8975 45 256 173
8976 46 66 173
8977 0 78 174
8978 1 100 174
8979 2 179 174
8980 3 173 174
8981 4 223 174
8982 5 185 174
8983 6 202 174
8984 7 231 174
8985 8 30 174
8986 9 212 174
8987 10 251 174
8988 11 60 174
8989 12 50 174
8990 13 162 174
8991 14 133 174
8992 15 207 174
8993 16 92 174
8994 17 168 174
8995 18 96 174
8996 19 61 174
8997 20 70 174
8998 21 173 174
8999 22 139 174
9000 23 199 174
9001 24 176 174
9002 25 176 174
9003 26 253 174
9004 27 91 174
9005 28 175 174
9006 29 262 174
9007 30 167 174
9008 31 52 174
9009 32 190 174
9010 33 34 174
9011 34 202 174
9012 35 24 174
9013 36 92 174
9014 37 253 174
9015 38 38 174
9016 39 6 174
9017 40 226 174
9018 41 239 174
9019 42 147 174
9020 43 249 174
9021 44 247 174
9022 45 171 174
9023 46 151 174
9024 47 177 174
9025 0 49 175
9026 1 141 175
9027 2 230 175
9028 3 213 175
9029 4 185 175
9030 5 95 175
9031 6 134 175
9032 7 79 175
9033 8 258 175
9034 9 244 175
9035 10 149 175
9036 11 95 175
9037 12 67 175
9038 13 60 175
9039 14 239 175
9040 15 175 175
9041 16 22 175
9042 17 204 175
9043 18 158 175
9044 19 193 175
9045 20 256 175
9046 21 223 175
9047 22 41 175
9048 23 234 175
9049 24 161 175
9050 25 181 175
9051 26 109 175
9052 27 161 175
9053 28 179 175
9054 29 94 175
9055 30 130 175
9056 31 5 175
9057 32 89 175
9058 33 203 175
9059 34 186 175
9060 35 154 175
9061 36 203 175
9062 37 73 175
9063 38 199 175
9064 39 66 175
9065 40 15 175
9066 41 235 175
9067 42 56 175
9068 43 85 175
9069 44 208 175
9070 45 3 175
9071 46 251 175
9072 47 116 175
9073 48 226 175
9074 49 178 175
9075 0 157 176
9076 1 131 176
9077 2 251 176
9078 3 185 176
9079 4 125 176
9080 5 34 176
9081 6 208 176
9082 7 78 176
9083 8 128 176
9084 9 105 176
9085 10 42 176
9086 11 254 176
9087 12 212 176
9088 13 17 176
9089 14 59 176
9090 15 117 176
9091 16 138 176
9092 17 133 176
9093 18 51 176
9094 19 247 176
9095 20 242 176
9096 21 38 176
9097 22 245 176
9098 23 84 176
9099 24 189 176
9100 25 160 176
9101 26 3 176
9102 27 157 176
9103 28 207 176
9104 29 36 176
9105 30 225 176
9106 31 169 176
9107 32 120 176
9108 33 47 176
9109 34 111 176
9110 35 5 176
9111 36 92 176
9112 37 243 176
9113 38 122 176
9114 39 14 176
9115 40 176 176
9116 41 147 176
9117 42 217 176
9118 43 176 176
9119 44 191 176
9120 45 172 176
9121 46 147 176
9122 47 167 176
9123 48 4 176
9124 49 31 176
9125 50 134 176
9126 0 142 177
9127 1 38 177
9128 2 77 177
9129 3 198 177
9130 4 80 177
9131 5 61 177
9132 6 246 177
9133 7 72 177
9134 8 165 177
9135 9 122 177
9136 10 115 177
9137 11 229 177
9138 12 204 177
9139 13 236 177
9140 14 59 177
9141 15 90 177
9142 16 39 177
9143 17 255 177
9144 18 216 177
9145 19 54 177
9146 20 118 177
9147 21 148 177
9148 22 172 177
9149 23 171 177
9150 24 73 177
9151 25 5 177
9152 26 96 177
9153 27 175 177
9154 28 253 177
9155 29 136 177
9156 30 83 177
9157 31 156 177
9158 32 90 177
9159 33 159 177
9160 34 116 177
9161 35 105 177
9162 36 43 177
9163 37 254 177
9164 38 145 177
9165 39 170 177
9166 40 155 177
9167 41 155 177
9168 42 79 177
9169 43 112 177
9170 44 57 177
9171 45 218 177
9172 46 69 177
9173 47 231 177
9174 48 242 177
9175 49 63 177
9176 50 177 177
9177 0 101 178
9178 1 152 178
9179 2 234 178
9180 4 112 178
9181 3 56 178
9182 5 157 178
9183 6 217 178
9184 7 7 178
9185 8 246 178
9186 9 131 178
9187 10 23 178
9188 11 187 178
9189 12 118 178
9190 13 50 178
9191 14 224 178
9192 15 8 178
9193 16 205 178
9194 17 191 178
9195 18 245 178
9196 19 232 178
9197 20 132 178
9198 21 209 178
9199 22 209 178
9200 23 151 178
9201 24 261 178
9202 25 117 178
9203 26 24 178
9204 27 195 178
9205 28 9 178
9206 29 232 178
9207 30 179 178
9208 31 60 178
9209 32 155 178
9210 33 8 178
9211 34 107 178
9212 35 237 178
9213 36 143 178
9214 37 71 178
9215 38 24 178
9216 39 217 178
9217 40 10 178
9218 41 168 178
9219 42 66 178
9220 43 36 178
9221 44 30 178
9222 45 106 178
9223 46 98 178
9224 47 79 178
9225 48 188 178
9226 49 228 178
9227 50 77 178
9228 51 62 178
9229 0 223 179
9230 1 197 179
9231 2 3 179
9232 3 199 179
9233 4 236 179
9234 5 113 179
9235 6 233 179
9236 7 193 179
9237 8 114 179
9238 9 169 179
9239 10 196 179
9240 11 82 179
9241 12 109 179
9242 13 93 179
9243 14 200 179
9244 15 5 179
9245 16 106 179
9246 17 47 179
9247 18 76 179
9248 19 91 179
9249 20 262 179
9250 21 60 179
9251 22 52 179
9252 23 201 179
9253 24 168 179
9254 25 230 179
9255 27 98 179
9256 26 109 179
9257 28 149 179
9258 29 239 179
9259 30 28 179
9260 31 197 179
9261 32 134 179
9262 33 248 179
9263 34 76 179
9264 35 226 179
9265 36 61 179
9266 37 191 179
9267 38 181 179
9268 39 125 179
9269 40 42 179
9270 41 206 179
9271 42 147 179
9272 43 260 179
9273 44 212 179
9274 45 200 179
9275 46 236 179
9276 47 19 179
9277 48 179 179
9278 49 240 179
9279 50 44 179
9280 51 32 179
9281 52 127 179
9282 53 181 179
9283 0 61 180
9284 1 10 180
9285 2 100 180
9286 3 178 180
9287 4 35 180
9288 5 229 180
9289 6 169 180
9290 7 241 180
9291 8 203 180
9292 9 211 180
9293 10 208 180
9294 11 261 180
9295 12 92 180
9296 13 137 180
9297 14 1 180
9298 15 137 180
9299 16 238 180
9300 17 104 180
9301 18 192 180
9302 19 201 180
9303 20 247 180
9304 21 72 180
9305 22 170 180
9306 23 140 180
9307 24 163 180
9308 25 216 180
9309 26 236 180
9310 27 38 180
9311 28 87 180
9312 29 154 180
9313 30 173 180
9314 31 19 180
9315 32 18 180
9316 33 153 180
9317 34 21 180
9318 35 26 180
9319 36 250 180
9320 37 170 180
9321 38 107 180
9322 39 6 180
9323 40 247 180
9324 41 145 180
9325 42 128 180
9326 43 115 180
9327 44 110 180
9328 45 206 180
9329 46 5 180
9330 47 5 180
9331 48 75 180
9332 49 126 180
9333 50 71 180
9334 51 228 180
9335 52 101 180
9336 53 174 180
9337 54 48 180
9338 0 108 181
9339 1 150 181
9340 2 123 181
9341 3 69 181
9342 4 74 181
9343 5 173 181
9344 6 262 181
9345 7 78 181
9346 8 17 181
9347 9 126 181
9348 10 84 181
9349 11 194 181
9350 12 173 181
9351 13 87 181
9352 14 183 181
9353 15 111 181
9354 16 204 181
9355 17 113 181
9356 18 168 181
9357 19 49 181
9358 20 91 181
9359 21 177 181
9360 22 253 181
9361 23 127 181
9362 24 45 181
9363 25 96 181
9364 26 37 181
9365 27 16 181
9366 28 84 181
9367 29 134 181
9368 30 64 181
9369 31 34 181
9370 32 73 181
9371 33 200 181
9372 34 91 181
9373 35 139 181
9374 36 96 181
9375 37 29 181
9376 38 235 181
9377 39 179 181
9378 40 134 181
9379 41 30 181
9380 42 54 181
9381 43 20 181
9382 44 115 181
9383 45 19 181
9384 46 261 181
9385 47 57 181
9386 48 141 181
9387 49 219 181
9388 50 147 181
9389 51 161 181
9390 52 53 181
9391 53 201 181
9392 54 188 181
9393 55 47 181
9394 0 117 182
9395 1 232 182
9396 2 190 182
9397 3 216 182
9398 4 214 182
9399 5 21 182
9400 6 214 182
9401 7 125 182
9402 8 232 182
9403 9 133 182
9404 10 223 182
9405 11 219 182
9406 12 234 182
9407 13 107 182
9408 14 38 182
9409 15 230 182
9410 16 205 182
9411 17 172 182
9412 18 193 182
9413 19 187 182
9414 20 220 182
9415 21 154 182
9416 22 112 182
9417 23 112 182
9418 24 153 182
9419 25 222 182
9420 26 91 182
9421 27 222 182
9422 28 85 182
9423 29 5 182
9424 30 59 182
9425 31 125 182
9426 32 25 182
9427 33 57 182
9428 34 34 182
9429 35 53 182
9430 36 126 182
9431 37 214 182
9432 38 132 182
9433 39 13 182
9434 40 261 182
9435 41 24 182
9436 42 37 182
9437 43 11 182
9438 44 130 182
9439 45 162 182
9440 46 13 182
9441 47 95 182
9442 48 197 182
9443 49 51 182
9444 50 108 182
9445 51 131 182
9446 52 254 182
9447 53 87 182
9448 54 172 182
9449 55 123 182
9450 57 96 182
9451 0 142 183
9452 1 108 183
9453 2 161 183
9454 3 135 183
9455 4 207 183
9456 5 247 183
9457 6 197 183
9458 7 153 183
9459 8 226 183
9460 9 80 183
9461 10 194 183
9462 11 249 183
9463 12 1 183
9464 13 162 183
9465 14 205 183
9466 15 212 183
9467 16 65 183
9468 17 125 183
9469 18 233 183
9470 19 261 183
9471 20 65 183
9472 21 45 183
9473 22 58 183
9474 23 51 183
9475 24 11 183
9476 25 18 183
9477 26 259 183
9478 27 70 183
9479 28 106 183
9480 29 239 183
9481 30 249 183
9482 31 69 183
9483 32 257 183
9484 33 253 183
9485 34 236 183
9486 35 233 183
9487 36 257 183
9488 37 24 183
9489 38 122 183
9490 39 165 183
9491 40 59 183
9492 41 141 183
9493 42 44 183
9494 43 218 183
9495 44 42 183
9496 45 14 183
9497 46 146 183
9498 47 153 183
9499 48 38 183
9500 49 156 183
9501 50 169 183
9502 51 222 183
9503 52 3 183
9504 53 196 183
9505 54 194 183
9506 55 117 183
9507 56 261 183
9508 57 12 183
9509 58 208 183
9510 0 96 184
9511 1 64 184
9512 2 195 184
9513 3 250 184
9514 4 33 184
9515 5 183 184
9516 6 67 184
9517 7 157 184
9518 8 60 184
9519 9 179 184
9520 10 5 184
9521 11 191 184
9522 12 243 184
9523 13 184 184
9524 14 132 184
9525 15 37 184
9526 16 193 184
9527 17 199 184
9528 18 40 184
9529 19 185 184
9530 20 19 184
9531 21 88 184
9532 22 154 184
9533 23 184 184
9534 24 248 184
9535 25 16 184
9536 26 256 184
9537 27 147 184
9538 28 70 184
9539 29 190 184
9540 30 193 184
9541 31 124 184
9542 32 42 184
9543 33 36 184
9544 34 29 184
9545 35 148 184
9546 36 124 184
9547 37 229 184
9548 38 169 184
9549 39 16 184
9550 40 218 184
9551 41 89 184
9552 42 164 184
9553 43 56 184
9554 44 225 184
9555 45 30 184
9556 46 133 184
9557 47 111 184
9558 48 206 184
9559 49 16 184
9560 50 233 184
9561 51 147 184
9562 52 130 184
9563 53 130 184
9564 54 221 184
9565 55 91 184
9566 56 52 184
9567 57 123 184
9568 58 232 184
9569 0 248 185
9570 1 158 185
9571 2 72 185
9572 3 130 185
9573 4 59 185
9574 5 11 185
9575 6 198 185
9576 7 104 185
9577 8 193 185
9578 9 154 185
9579 10 121 185
9580 11 131 185
9581 12 253 185
9582 13 183 185
9583 14 122 185
9584 15 60 185
9585 16 215 185
9586 17 93 185
9587 18 202 185
9588 19 157 185
9589 20 21 185
9590 21 15 185
9591 22 51 185
9592 23 156 185
9593 24 202 185
9594 25 162 185
9595 26 59 185
9596 27 153 185
9597 28 47 185
9598 29 185 185
9599 30 32 185
9600 32 259 185
9601 31 9 185
9602 33 97 185
9603 34 148 185
9604 35 198 185
9605 36 128 185
9606 37 164 185
9607 38 123 185
9608 39 185 185
9609 40 189 185
9610 41 68 185
9611 42 30 185
9612 43 102 185
9613 44 261 185
9614 45 143 185
9615 46 143 185
9616 47 197 185
9617 48 135 185
9618 49 71 185
9619 50 222 185
9620 51 23 185
9621 52 206 185
9622 53 2 185
9623 54 144 185
9624 55 244 185
9625 56 150 185
9626 57 192 185
9627 58 196 185
9628 59 165 185
9629 0 238 186
9630 1 98 186
9631 2 139 186
9632 3 143 186
9633 4 56 186
9634 47 191 186
9635 48 42 186
9636 50 249 186
9637 51 189 186
9638 52 54 186
9639 53 31 186
9640 54 224 186
9641 55 43 186
9642 56 142 186
9643 57 151 186
9644 58 224 186
9645 59 151 186
9646 61 139 186
9647 51 76 187
9648 52 186 187
9649 53 105 187
9650 54 27 187
9651 55 195 187
9652 56 9 187
9653 57 176 187
9654 59 184 187
9655 58 174 187
9656 60 138 187
9657 61 189 187
9658 62 204 187
9659 56 163 188
9660 57 213 188
9661 59 79 188
9662 60 241 188
9663 61 121 188
9664 62 59 188
9665 59 18 189
9666 60 102 189
9667 63 80 189
9668 61 124 189
9669 62 183 189
9670 64 40 189
9671 63 183 190
9672 65 162 190
9673 66 29 191
9674 64 29 190
9675 63 156 191
9676 60 114 190
9677 61 242 190
9678 58 79 188
9679 56 104 189
9680 55 35 188
9681 54 187 188
9682 52 152 188
9683 51 226 188
9684 49 50 186
9685 48 213 187
9686 46 142 186
9687 45 135 186
9688 5 177 186
9689 42 173 186
9690 6 7 186
9691 7 95 186
9692 8 120 186
9693 9 60 186
9694 10 22 186
9695 11 72 186
9696 12 135 186
9697 13 119 186
9698 14 14 186
9699 15 108 186
9700 16 99 186
9701 17 60 186
9702 18 153 186
9703 19 100 186
9704 20 169 186
9705 21 25 186
9706 22 255 186
9707 23 191 186
9708 24 222 186
9709 25 178 186
9710 26 49 186
9711 27 13 186
9712 28 116 186
9713 29 251 186
9714 30 154 186
9715 31 221 186
9716 32 221 186
9717 33 149 186
9718 34 206 186
9719 35 259 186
9720 36 45 186
9721 37 244 186
9722 38 191 186
9723 39 185 186
9724 40 163 186
9725 41 221 186
9726 43 19 186
9727 44 203 186
9728 67 234 192
9729 65 78 191
9730 64 78 191
9731 62 13 190
9732 60 6 191
9733 59 79 190
9734 58 149 189
9735 57 234 189
9736 55 76 189
9737 53 188 188
9738 52 37 189
9739 50 238 187
9740 49 71 187
9741 47 192 187
9742 46 128 187
9743 0 190 187
9744 1 120 187
9745 2 11 187
9746 3 58 187
9747 4 32 187
9748 5 127 187
9749 6 210 187
9750 7 52 187
9751 8 147 187
9752 9 18 187
9753 10 113 187
9754 11 235 187
9755 12 237 187
9756 13 18 187
9757 14 162 187
9758 15 36 187
9759 16 87 187
9760 17 7 187
9761 18 167 187
9762 19 73 187
9763 20 23 187
9764 21 227 187
9765 22 75 187
9766 23 138 187
9767 24 196 187
9768 25 38 187
9769 26 56 187
9770 27 145 187
9771 28 183 187
9772 29 41 187
9773 30 128 187
9774 31 117 187
9775 32 112 187
9776 33 16 187
9777 34 3 187
9778 35 25 187
9779 36 21 187
9780 37 158 187
9781 38 31 187
9782 68 146 193
9783 66 112 192
9784 65 237 192
9785 63 13 192
9786 62 171 191
9787 61 200 191
9788 59 149 191
9789 56 16 190
9790 57 63 190
9791 54 169 189
9792 53 25 189
9793 51 238 189
9794 50 96 188
9795 48 215 188
9796 47 199 188
9797 45 77 187
9798 44 77 187
9799 42 124 187
9800 39 74 187
9801 40 16 187
9802 41 156 187
9803 43 39 187
9804 0 216 188
9805 1 128 188
9806 2 200 188
9807 3 4 188
9808 4 232 188
9809 5 220 188
9810 6 84 188
9811 7 86 188
9812 8 138 188
9813 9 115 188
9814 10 105 188
9815 11 41 188
9816 12 147 188
9817 13 39 188
9818 14 237 188
9819 15 204 188
9820 16 31 188
9821 17 220 188
9822 18 33 188
9823 19 7 188
9824 20 155 188
9825 21 220 188
9826 22 90 188
9827 23 232 188
9828 24 143 188
9829 25 189 188
9830 26 137 188
9831 27 126 188
9832 28 242 188
9833 29 258 188
9834 30 169 188
9835 69 39 194
9836 67 151 193
9837 66 138 193
9838 64 138 192
9839 63 171 193
9840 60 179 192
9841 61 227 192
9842 58 122 190
9843 56 40 191
9844 55 94 190
9845 54 119 190
9846 52 25 190
9847 51 96 190
9848 49 247 188
9849 48 16 189
9850 46 186 188
9851 45 62 188
9852 31 65 188
9853 42 134 188
9854 32 140 188
9855 33 151 188
9856 34 52 188
9857 35 101 188
9858 36 106 188
9859 37 2 188
9860 38 58 188
9861 39 88 188
9862 40 26 188
9863 41 42 188
9864 43 203 188
9865 44 24 188
9866 0 180 189
9867 1 185 189
9868 2 96 189
9869 3 100 189
9870 4 20 189
9871 5 157 189
9872 6 107 189
9873 7 246 189
9874 8 225 189
9875 9 190 189
9876 10 149 189
9877 11 258 189
9878 12 119 189
9879 13 242 189
9880 14 10 189
9881 15 15 189
9882 16 241 189
9883 17 1 189
9884 18 161 189
9885 19 133 189
9886 20 61 189
9887 70 224 195
9888 68 56 194
9889 67 125 194
9890 65 217 193
9891 64 217 193
9892 62 80 192
9893 60 159 193
9894 59 122 192
9895 58 47 191
9896 57 208 191
9897 55 144 191
9898 53 24 190
9899 52 167 191
9900 50 8 189
9901 49 93 189
9902 47 170 189
9903 46 201 189
9904 21 94 189
9905 22 121 189
9906 23 162 189
9907 24 25 189
9908 25 243 189
9909 26 2 189
9910 27 80 189
9911 28 131 189
9912 29 57 189
9913 30 12 189
9914 31 81 189
9915 32 176 189
9916 33 151 189
9917 34 89 189
9918 35 160 189
9919 36 187 189
9920 37 31 189
9921 38 69 189
9922 39 19 189
9923 40 102 189
9924 41 39 189
9925 42 26 189
9926 43 117 189
9927 44 194 189
9928 45 114 189
9929 0 250 190
9930 1 14 190
9931 2 157 190
9932 3 53 190
9933 4 71 190
9934 5 81 190
9935 6 56 190
9936 7 26 190
9937 8 254 190
9938 71 28 195
9939 69 69 195
9940 68 69 195
9941 66 143 194
9942 65 103 194
9943 63 80 194
9944 62 61 193
9945 61 227 193
9946 59 47 193
9947 56 179 192
9948 57 124 192
9949 54 251 191
9950 53 255 191
9951 51 8 191
9952 50 85 190
9953 48 89 190
9954 47 31 190
9955 9 114 190
9956 10 81 190
9957 11 262 190
9958 12 239 190
9959 13 138 190
9960 14 249 190
9961 15 88 190
9962 16 163 190
9963 17 4 190
9964 18 24 190
9965 19 57 190
9966 20 219 190
9967 21 123 190
9968 22 170 190
9969 23 110 190
9970 24 158 190
9971 25 179 190
9972 26 226 190
9973 27 67 190
9974 28 244 190
9975 29 226 190
9976 30 213 190
9977 31 184 190
9978 32 227 190
9979 33 81 190
9980 34 164 190
9981 35 12 190
9982 36 109 190
9983 37 95 190
9984 38 243 190
9985 39 92 190
9986 40 25 190
9987 41 56 190
9988 72 28 197
9989 70 194 196
9990 69 240 196
9991 67 120 195
9992 66 40 195
9993 64 40 194
9994 63 61 195
9995 60 160 194
9996 61 167 194
9997 58 245 192
9998 56 253 193
9999 55 12 192
10000 54 4 192
10001 52 255 192
10002 51 85 192
10003 49 205 190
10004 48 58 191
10005 46 214 190
10006 45 159 190
10007 42 44 190
10008 44 159 190
10009 43 212 190
10010 0 16 191
10011 1 197 191
10012 2 227 191
10013 3 63 191
10014 4 189 191
10015 5 138 191
10016 6 7 191
10017 7 87 191
10018 8 116 191
10019 9 170 191
10020 10 188 191
10021 11 106 191
10022 12 202 191
10023 13 23 191
10024 14 5 191
10025 15 214 191
10026 16 135 191
10027 17 15 191
10028 18 160 191
10029 19 120 191
10030 20 47 191
10031 21 236 191
10032 22 73 191
10033 23 10 191
10034 24 24 191
10035 25 56 191
10036 26 143 191
10037 73 97 197
10038 71 90 196
10039 70 23 197
10040 68 203 196
10041 67 223 196
10042 65 162 195
10043 64 162 195
10044 62 27 194
10045 60 182 195
10046 59 245 194
10047 58 6 193
10048 57 233 193
10049 55 259 193
10050 53 87 192
10051 52 178 193
10052 50 29 191
10053 49 107 191
10054 47 156 191
10055 46 104 191
10056 27 127 191
10057 45 210 191
10058 44 210 191
10059 42 123 191
10060 28 167 191
10061 43 73 191
10062 29 199 191
10063 39 115 191
10064 30 256 191
10065 38 241 191
10066 31 108 191
10067 35 190 191
10068 32 58 191
10069 36 187 191
10070 33 23 191
10071 34 21 191
10072 37 234 191
10073 40 176 191
10074 41 175 191
10075 0 207 192
10076 1 221 192
10077 2 90 192
10078 3 51 192
10079 4 223 192
10080 5 45 192
10081 6 145 192
10082 7 193 192
10083 8 230 192
10084 9 56 192
10085 74 97 199
10086 72 90 198
10087 71 233 197
10088 69 20 197
10089 68 20 197
10090 66 91 196
10091 65 209 196
10092 63 27 196
10093 62 254 195
10094 61 234 195
10095 59 6 195
10096 56 105 194
10097 57 141 194
10098 54 88 193
10099 53 234 193
10100 51 29 193
10101 50 78 192
10102 48 224 192
10103 47 211 192
10104 10 138 192
10105 46 53 192
10106 45 193 192
10107 11 238 192
10108 42 222 192
10109 43 82 192
10110 12 5 192
10111 13 228 192
10112 14 122 192
10113 39 137 192
10114 38 95 192
10115 15 224 192
10116 16 104 192
10117 35 77 192
10118 17 192 192
10119 18 117 192
10120 19 23 192
10121 32 171 192
10122 31 228 192
10123 20 54 192
10124 21 153 192
10125 28 57 192
10126 27 37 192
10127 23 246 192
10128 24 63 192
10129 25 179 192
10130 26 209 192
10131 22 110 192
10132 75 45 199
10133 73 30 198
10134 72 233 199
10135 70 243 198
10136 69 81 198
10137 67 172 197
10138 66 145 197
10139 64 145 196
10140 63 254 197
10141 60 243 196
10142 61 188 196
10143 58 132 194
10144 56 240 195
10145 55 175 194
10146 54 146 194
10147 52 234 194
10148 51 78 194
10149 49 250 192
10150 48 13 193
10151 0 191 193
10152 47 105 193
10153 46 70 193
10154 44 149 192
10155 1 260 193
10156 44 111 193
10157 42 189 193
10158 41 200 192
10159 2 230 193
10160 40 200 192
10161 39 42 193
10162 36 126 192
10163 3 163 193
10164 37 69 192
10165 35 138 193
10166 34 217 192
10167 4 215 193
10168 33 160 192
10169 32 206 193
10170 30 244 192
10171 5 261 193
10172 30 150 193
10173 29 86 192
10174 27 163 193
10175 6 241 193
10176 24 159 193
10177 25 28 193
10178 76 218 200
10179 74 30 200
10180 73 253 199
10181 71 129 198
10182 70 182 199
10183 68 177 198
10184 67 118 198
10185 65 127 197
10186 64 127 197
10187 62 65 196
10188 60 42 197
10189 59 132 196
10190 58 219 195
10191 57 8 195
10192 55 117 195
10193 53 151 194
10194 52 185 195
10195 50 138 193
10196 49 92 193
10197 0 245 194
10198 48 171 194
10199 47 228 194
10200 45 38 193
10201 1 65 194
10202 45 226 194
10203 43 226 193
10204 42 200 194
10205 2 189 194
10206 41 21 193
10207 40 21 193
10208 38 249 193
10209 3 238 194
10210 38 69 194
10211 36 83 193
10212 37 171 193
10213 4 251 194
10214 34 103 193
10215 33 122 193
10216 31 19 193
10217 5 131 194
10218 31 113 194
10219 28 117 193
10220 29 203 193
10221 6 126 194
10222 27 121 194
10223 77 15 201
10224 75 201 200
10225 74 253 201
10226 72 129 200
10227 71 220 199
10228 69 204 199
10229 68 204 199
10230 66 34 198
10231 65 133 198
10232 63 65 198
10233 62 66 197
10234 61 82 197
10235 59 219 197
10236 56 128 196
10237 57 1 196
10238 54 56 195
10239 53 125 195
10240 51 138 195
10241 50 217 194
10242 0 127 195
10243 49 57 194
10244 48 206 195
10245 46 225 194
10246 1 82 195
10247 46 37 195
10248 44 75 194
10249 43 100 194
10250 2 113 195
10251 42 21 195
10252 41 256 194
10253 39 135 194
10254 40 256 194
10255 3 11 195
10256 35 30 194
10257 36 60 194
10258 37 183 194
10259 4 44 195
10260 34 141 194
10261 32 61 194
10262 33 47 194
10263 5 227 195
10264 30 144 194
10265 28 183 194
10266 6 163 195
10267 78 124 202
10268 76 62 201
10269 75 196 201
10270 73 43 200
10271 72 220 201
10272 70 59 200
10273 69 195 200
10274 67 229 199
10275 66 164 199
10276 64 164 198
10277 63 66 199
10278 60 29 198
10279 61 126 198
10280 58 84 196
10281 56 143 197
10282 55 207 196
10283 54 69 196
10284 52 125 196
10285 51 217 196
10286 0 229 196
10287 50 103 195
10288 49 244 195
10289 47 19 195
10290 1 152 196
10291 47 113 196
10292 45 238 195
10293 44 238 195
10294 2 94 196
10295 43 142 195
10296 42 256 196
10297 39 175 195
10298 41 90 195
10299 40 90 195
10300 38 203 195
10301 35 69 195
10302 3 61 196
10303 36 243 195
10304 37 189 195
10305 32 164 195
10306 34 216 195
10307 33 72 195
10308 31 119 195
10309 30 215 195
10310 79 139 203
10311 77 67 202
10312 76 67 202
10313 74 43 202
10314 73 161 201
10315 71 106 200
10316 70 68 201
10317 68 17 200
10318 67 99 200
10319 65 33 199
10320 64 33 199
10321 62 137 198
10322 60 29 199
10323 59 84 198
10324 58 235 197
10325 57 181 197
10326 55 194 197
10327 53 120 196
10328 52 46 197
10329 0 123 197
10330 51 103 197
10331 50 141 196
10332 48 61 196
10333 49 94 196
10334 1 1 197
10335 46 25 196
10336 45 96 196
10337 2 155 197
10338 44 96 196
10339 43 128 196
10340 4 63 196
10341 3 127 197
10342 41 233 196
10343 39 15 196
10344 38 20 196
10345 40 213 196
10346 35 165 196
10347 36 182 196
10348 5 113 196
10349 37 35 196
10350 34 191 196
10351 32 36 196
10352 80 31 204
10353 78 98 203
10354 77 153 203
10355 75 104 202
10356 74 161 203
10357 72 106 202
10358 71 140 201
10359 69 82 201
10360 68 82 201
10361 66 189 200
10362 65 252 200
10363 63 137 200
10364 62 42 199
10365 61 240 199
10366 59 235 199
10367 56 54 198
10368 57 205 198
10369 54 203 197
10370 53 223 197
10371 0 228 198
10372 52 160 198
10373 51 141 198
10374 48 104 197
10375 50 216 197
10376 49 144 197
10377 47 119 197
10378 46 167 197
10379 1 166 198
10380 45 231 197
10381 44 231 197
10382 42 109 197
10383 43 45 197
10384 3 184 198
10385 4 249 197
10386 39 258 197
10387 40 10 197
10388 38 81 197
10389 5 260 197
10390 35 209 197
10391 36 27 197
10392 37 11 197
10393 81 165 205
10394 79 165 204
10395 78 55 204
10396 76 159 203
10397 75 53 203
10398 73 123 202
10399 72 140 203
10400 70 181 202
10401 69 148 202
10402 67 74 201
10403 66 200 201
10404 64 200 200
10405 63 42 201
10406 60 189 200
10407 61 169 200
10408 58 173 198
10409 56 208 199
10410 55 60 198
10411 54 20 198
10412 0 57 199
10413 53 101 198
10414 52 122 199
10415 2 262 198
10416 1 101 199
10417 50 191 198
10418 48 36 198
10419 47 48 198
10420 49 66 198
10421 46 32 198
10422 45 186 198
10423 42 183 198
10424 44 186 198
10425 43 248 198
10426 41 129 197
10427 4 38 198
10428 41 172 198
10429 39 177 198
10430 38 236 198
10431 5 155 198
10432 35 35 198
10433 82 214 205
10434 80 156 205
10435 79 208 205
10436 77 210 204
10437 76 210 204
10438 74 123 204
10439 73 222 203
10440 71 187 202
10441 70 115 203
10442 68 226 202
10443 67 63 202
10444 65 21 201
10445 64 21 201
10446 62 135 200
10447 60 187 201
10448 59 173 200
10449 58 30 199
10450 57 188 199
10451 55 243 199
10452 0 80 200
10453 54 81 199
10454 53 54 199
10455 51 209 199
10456 1 91 200
10457 51 191 200
10458 2 61 199
10459 48 251 199
10460 49 16 199
10461 47 247 199
10462 46 77 199
10463 3 228 199
10464 45 201 199
10465 44 201 199
10466 42 129 199
10467 4 141 199
10468 43 40 199
10469 40 220 198
10470 39 204 199
10471 5 236 199
10472 83 214 207
10473 81 211 206
10474 80 211 206
10475 78 158 205
10476 77 193 205
10477 75 114 204
10478 74 222 205
10479 72 187 204
10480 71 113 203
10481 69 100 203
10482 68 100 203
10483 66 192 202
10484 65 256 202
10485 63 135 202
10486 62 218 201
10487 61 194 201
10488 59 30 201
10489 56 261 200
10490 57 154 200
10491 58 21 200
10492 55 182 200
10493 54 236 200
10494 52 54 200
10495 53 245 200
10496 0 64 201
10497 50 257 199
10498 2 53 200
10499 50 255 200
10500 48 4 200
10501 47 93 200
10502 3 57 200
10503 46 62 200
10504 45 196 200
10505 4 177 200
10506 42 220 200
10507 43 86 200
10508 41 102 199
10509 40 102 199
10510 85 129 207
10511 82 237 206
10512 81 105 207
10513 79 105 206
10514 78 35 206
10515 76 149 205
10516 75 225 205
10517 73 150 204
10518 72 113 205
10519 70 163 204
10520 69 142 204
10521 67 71 203
10522 66 199 203
10523 64 199 202
10524 63 218 203
10525 60 232 202
10526 61 38 202
10527 1 191 201
10528 56 254 201
10529 58 91 201
10530 57 199 201
10531 55 27 201
10532 52 249 201
10533 54 9 201
10534 53 6 201
10535 51 257 201
10536 2 79 201
10537 0 18 202
10538 49 89 200
10539 48 174 201
10540 3 80 201
10541 47 232 201
10542 46 67 201
10543 44 214 200
10544 4 91 201
10545 44 110 201
10546 42 102 201
10547 84 173 208
10548 83 237 208
10549 82 184 207
10550 80 171 207
10551 79 228 207
10552 77 38 206
10553 76 38 206
10554 74 150 206
10555 73 213 205
10556 71 119 204
10557 70 121 205
10558 68 96 204
10559 67 64 204
10560 65 109 203
10561 64 109 203
10562 62 62 202
10563 60 87 203
10564 59 134 202
10565 1 255 202
10566 0 67 203
10567 56 175 202
10568 57 211 202
10569 2 253 202
10570 55 254 202
10571 54 260 202
10572 52 6 202
10573 51 2 202
10574 53 253 202
10575 50 87 201
10576 49 58 201
10577 3 20 202
10578 48 205 202
10579 47 98 202
10580 45 104 201
10581 4 220 202
10582 45 51 202
10583 86 250 209
10584 85 106 208
10585 83 184 209
10586 81 206 208
10587 80 206 208
10588 78 244 207
10589 77 75 207
10590 75 216 206
10591 74 213 207
10592 72 119 206
10593 71 48 205
10594 69 231 205
10595 68 231 205
10596 66 170 204
10597 65 139 204
10598 63 62 204
10599 62 67 203
10600 61 28 203
10601 59 43 203
10602 0 214 204
10603 58 161 202
10604 56 215 203
10605 1 250 203
10606 57 201 203
10607 55 3 203
10608 2 24 203
10609 52 261 203
10610 53 176 203
10611 51 87 203
10612 50 234 202
10613 3 5 203
10614 49 156 202
10615 48 107 203
10616 46 159 202
10617 4 55 203
10618 87 250 211
10619 84 154 209
10620 85 117 209
10621 82 103 208
10622 81 19 209
10623 79 19 208
10624 78 94 208
10625 76 47 207
10626 75 191 207
10627 73 215 206
10628 72 48 207
10629 70 32 206
10630 69 186 206
10631 67 93 205
10632 66 31 205
10633 64 31 204
10634 63 67 205
10635 60 38 204
10636 61 56 204
10637 62 151 204
10638 59 161 204
10639 58 34 203
10640 1 194 204
10641 56 185 204
10642 57 32 204
10643 54 197 203
10644 2 30 204
10645 54 175 204
10646 52 176 204
10647 51 234 204
10648 3 67 204
10649 50 185 203
10650 49 211 203
10651 47 52 203
10652 89 38 211
10653 86 240 210
10654 84 18 210
10655 83 103 210
10656 82 141 209
10657 80 61 209
10658 79 169 209
10659 77 72 208
10660 76 72 208
10661 74 215 208
10662 73 16 207
10663 71 4 206
10664 70 77 207
10665 68 85 206
10666 67 232 206
10667 65 165 205
10668 64 165 205
10669 0 110 205
10670 60 119 205
10671 62 212 205
10672 61 213 205
10673 59 34 205
10674 1 180 205
10675 58 164 204
10676 56 225 205
10677 55 66 204
10678 2 139 205
10679 55 88 205
10680 53 190 204
10681 52 29 205
10682 3 214 205
10683 51 185 205
10684 50 26 204
10685 88 42 212
10686 87 240 212
10687 86 183 211
10688 85 166 210
10689 83 141 211
10690 81 155 210
10691 80 155 210
10692 78 227 209
10693 77 239 209
10694 75 257 208
10695 74 16 209
10696 72 4 208
10697 71 174 207
10698 69 147 207
10699 68 147 207
10700 66 156 206
10701 65 208 206
10702 63 159 206
10703 0 28 206
10704 64 77 206
10705 60 60 206
10706 61 209 206
10707 1 45 206
10708 59 164 206
10709 58 33 205
10710 56 66 206
10711 57 11 205
10712 2 14 206
10713 54 168 205
10714 53 112 205
10715 3 185 206
10716 52 78 206
10717 90 120 213
10718 89 240 212
10719 87 183 213
10720 84 9 211
10721 85 201 211
10722 82 209 210
10723 81 36 211
10724 79 36 210
10725 78 12 210
10726 76 6 209
10727 75 2 209
10728 73 89 208
10729 72 174 209
10730 70 116 208
10731 69 214 208
10732 67 107 207
10733 66 211 207
10734 0 258 207
10735 63 210 207
10736 64 106 207
10737 62 193 206
10738 60 188 207
10739 1 77 207
10740 61 34 207
10741 59 33 207
10742 57 255 206
10743 58 252 206
10744 2 2 207
10745 55 95 206
10746 54 207 206
10747 3 112 207
10748 91 143 214
10749 88 10 213
10750 89 193 213
10751 86 81 212
10752 84 167 212
10753 83 209 212
10754 82 18 211
10755 80 254 211
10756 79 251 211
10757 77 261 210
10758 76 261 210
10759 74 89 210
10760 73 58 209
10761 71 146 208
10762 70 49 209
10763 68 78 208
10764 67 52 208
10765 65 105 207
10766 0 199 208
10767 65 140 208
10768 63 193 208
10769 62 111 207
10770 1 85 208
10771 60 137 208
10772 61 49 208
10773 56 138 207
10774 2 146 208
10775 58 179 207
10776 57 193 207
10777 55 56 207
10778 92 60 215
10779 90 10 214
10780 88 159 214
10781 87 81 214
10782 86 236 213
10783 85 164 212
10784 83 18 213
10785 81 3 212
10786 80 3 212
10787 78 1 211
10788 77 176 211
10789 75 44 210
10790 74 58 211
10791 72 146 210
10792 71 39 209
10793 69 237 209
10794 68 237 209
10795 66 171 208
10796 0 247 209
10797 66 228 209
10798 64 228 208
10799 63 111 209
10800 1 87 209
10801 62 226 208
10802 60 103 209
10803 59 200 208
10804 2 168 209
10805 59 179 209
10806 56 141 208
10807 93 5 215
10808 91 253 215
10809 90 172 215
10810 89 113 214
10811 87 236 215
10812 84 182 213
10813 85 228 213
10814 82 133 212
10815 81 262 213
10816 79 262 212
10817 78 175 212
10818 76 219 211
10819 75 73 211
10820 73 224 210
10821 72 39 211
10822 70 26 210
10823 69 184 210
10824 67 92 209
10825 0 259 210
10826 67 35 210
10827 65 187 209
10828 64 187 209
10829 1 219 210
10830 63 226 210
10831 62 100 209
10832 61 84 209
10833 2 42 210
10834 60 40 210
10835 94 258 216
10836 92 5 216
10837 91 91 216
10838 88 250 215
10839 89 152 215
10840 86 195 214
10841 84 215 214
10842 83 133 214
10843 82 131 213
10844 80 66 213
10845 79 88 213
10846 77 190 212
10847 76 190 212
10848 74 224 212
10849 73 13 211
10850 71 69 210
10851 70 79 211
10852 68 217 210
10853 0 262 211
10854 68 114 211
10855 66 19 210
10856 65 113 210
10857 1 252 211
10858 64 113 210
10859 63 100 211
10860 61 241 210
10861 62 142 210
10862 95 258 218
10863 93 110 216
10864 92 86 217
10865 90 102 216
10866 88 141 216
10867 87 195 216
10868 86 198 215
10869 85 35 214
10870 83 131 215
10871 81 241 214
10872 80 241 214
10873 78 168 213
10874 77 112 213
10875 75 28 212
10876 74 13 213
10877 72 69 212
10878 71 240 211
10879 69 103 211
10880 0 197 212
10881 69 225 212
10882 67 244 211
10883 66 169 211
10884 1 63 212
10885 65 50 211
10886 64 50 211
10887 2 167 211
10888 96 134 219
10889 94 153 217
10890 93 51 217
10891 91 161 217
10892 90 229 217
10893 89 164 216
10894 87 198 217
10895 84 88 215
10896 85 224 215
10897 82 252 214
10898 81 95 215
10899 79 95 214
10900 78 207 214
10901 76 235 213
10902 75 166 213
10903 73 23 212
10904 72 240 213
10905 70 160 212
10906 71 183 212
10907 0 36 213
10908 68 141 212
10909 67 94 212
10910 1 213 213
10911 66 119 212
10912 65 71 212
10913 97 220 219
10914 95 153 219
10915 94 212 218
10916 92 51 218
10917 91 34 218
10918 88 246 217
10919 89 74 217
10920 86 148 216
10921 84 228 216
10922 83 252 216
10923 82 179 215
10924 80 42 215
10925 79 56 215
10926 77 97 214
10927 76 97 214
10928 74 23 214
10929 73 80 213
10930 70 229 213
10931 0 226 214
10932 71 202 213
10933 69 216 213
10934 68 216 213
10935 1 119 214
10936 67 144 213
10937 98 208 220
10938 96 55 220
10939 95 212 220
10940 93 70 218
10941 92 246 219
10942 90 41 218
10943 88 198 218
10944 87 148 218
10945 86 126 217
10946 85 252 216
10947 83 179 217
10948 81 249 216
10949 80 249 216
10950 78 83 215
10951 77 143 215
10952 75 233 214
10953 74 80 215
10954 72 20 214
10955 73 61 214
10956 0 51 215
10957 70 47 214
10958 69 191 214
10959 71 165 214
10960 99 159 221
10961 97 106 220
10962 96 157 221
10963 94 193 219
10964 93 152 219
10965 91 222 219
10966 90 74 219
10967 89 226 218
10968 87 126 219
10969 84 167 217
10970 85 58 217
10971 82 256 216
10972 81 180 217
10973 79 180 216
10974 78 60 216
10975 76 30 215
10976 75 10 215
10977 72 82 215
10978 0 47 216
10979 73 155 215
10980 1 128 215
10981 70 72 215
10982 100 104 222
10983 98 105 221
10984 97 140 221
10985 95 193 221
10986 94 111 220
10987 92 152 220
10988 91 189 220
10989 88 63 219
10990 89 150 219
10991 86 142 218
10992 84 262 218
10993 83 256 218
10994 82 90 217
10995 80 218 217
10996 79 203 217
10997 77 253 216
10998 76 253 216
10999 74 182 216
11000 75 172 216
11001 0 31 217
11002 72 236 216
11003 101 53 223
11004 99 79 222
11005 98 228 222
11006 96 35 222
11007 95 111 222
11008 93 188 220
11009 92 37 221
11010 90 50 220
11011 88 249 220
11012 87 142 220
11013 86 128 219
11014 85 237 218
11015 83 90 219
11016 81 15 218
11017 80 15 218
11018 78 5 217
11019 77 91 217
11020 74 199 217
11021 76 91 217
11022 75 118 217
11023 102 184 224
11024 100 184 223
11025 99 149 223
11026 97 187 222
11027 96 76 223
11028 94 75 221
11029 93 25 221
11030 91 213 221
11031 90 71 221
11032 89 256 220
11033 87 128 221
11034 84 230 219
11035 85 107 219
11036 82 139 218
11037 81 258 219
11038 79 258 218
11039 78 86 218
11040 0 161 218
11041 77 145 218
11042 103 92 224
11043 101 114 224
11044 100 114 224
11045 98 19 223
11046 97 113 223
11047 95 75 223
11048 94 238 222
11049 92 25 222
11050 91 192 222
11051 88 24 221
11052 89 74 221
11053 86 186 220
11054 84 14 220
11055 83 139 220
11056 82 129 219
11057 80 67 219
11058 79 177 219
11059 0 106 219
11060 104 92 226
11061 102 103 225
11062 101 225 225
11063 99 122 224
11064 98 169 224
11065 96 94 224
11066 95 238 224
11067 93 24 222
11068 92 167 223
11069 90 247 222
11070 88 104 222
11071 87 186 222
11072 86 201 221
11073 85 67 220
11074 83 129 221
11075 81 153 220
11076 80 153 220
11077 105 57 227
11078 103 183 225
11079 102 141 226
11080 100 141 225
11081 99 47 225
11082 97 119 224
11083 96 144 225
11084 94 239 223
11085 93 255 223
11086 91 16 223
11087 90 93 223
11088 89 193 222
11089 87 201 223
11090 84 58 221
11091 85 104 221
11092 82 208 220
11093 106 160 227
11094 104 183 227
11095 103 202 226
11096 101 216 226
11097 100 216 226
11098 98 36 225
11099 97 48 225
11100 95 239 225
11101 94 8 224
11102 92 255 224
11103 91 170 224
11104 88 94 223
11105 89 53 223
11106 86 214 222
11107 84 98 222
11108 107 223 228
11109 105 202 228
11110 104 202 228
11111 102 209 227
11112 101 191 227
11113 99 245 226
11114 98 251 226
11115 96 12 226
11116 95 8 226
11117 93 87 224
11118 92 178 225
11119 90 205 224
11120 88 247 224
11121 87 214 224
11122 108 223 230
11123 106 101 228
11124 105 108 229
11125 103 236 227
11126 102 18 228
11127 100 18 227
11128 99 6 227
11129 97 4 226
11130 96 259 227
11131 94 176 225
11132 93 234 225
11133 91 58 225
11134 90 107 225
11135 109 162 230
11136 107 172 229
11137 106 54 229
11138 104 236 229
11139 103 9 228
11140 101 257 228
11141 100 257 228
11142 98 262 227
11143 97 174 227
11144 95 176 227
11145 94 29 226
11146 92 234 226
11147 110 182 231
11148 108 172 231
11149 107 118 230
11150 105 9 230
11151 104 9 230
11152 102 133 229
11153 101 2 229
11154 99 132 228
11155 98 88 228
11156 96 175 228
11157 95 29 228
11158 111 86 232
11159 109 145 231
11160 108 118 232
11161 106 136 230
11162 105 260 231
11163 103 198 229
11164 102 131 230
11165 100 131 229
11166 99 219 229
11167 97 146 228
11168 112 177 233
11169 110 59 232
11170 109 127 232
11171 107 229 231
11172 106 130 231
11173 104 198 231
11174 103 197 230
11175 101 44 230
11176 100 44 230
11177 113 161 233
11178 111 51 233
11179 110 68 233
11180 108 229 233
11181 107 99 232
11182 105 197 232
11183 104 197 232
11184 102 252 231
11185 114 161 235
11186 112 212 234
11187 111 246 234
11188 109 164 233
11189 108 99 234
11190 106 230 232
11191 105 22 233
11192 115 102 236
11193 113 123 234
11194 112 17 235
11195 110 181 234
11196 109 33 234
11197 107 74 233
11198 116 106 237
11199 114 123 236
11200 113 222 235
11201 111 152 235
11202 110 115 235
11203 117 193 237
11204 115 140 237
11205 114 222 237
11206 112 111 236
11207 118 70 238
11208 116 228 238
11209 115 41 238
11210 119 70 240
11211 117 38 238
11212 120 228 241
11213 7 217 193
11214 8 92 193
11215 9 236 193
11216 10 241 193
11217 11 124 193
11218 12 122 193
11219 13 235 193
11220 14 222 193
11221 15 52 193
11222 16 157 193
11223 17 16 193
11224 18 76 193
11225 19 124 193
11226 20 232 193
11227 21 140 193
11228 22 72 193
11229 23 225 193
11230 26 181 193
11231 7 101 194
11232 8 50 194
11233 9 29 194
11234 10 255 194
11235 11 202 194
11236 12 205 194
11237 13 95 194
11238 14 196 194
11239 15 133 194
11240 16 148 194
11241 17 76 194
11242 18 28 194
11243 19 120 194
11244 20 106 194
11245 21 157 194
11246 22 181 194
11247 23 116 194
11248 24 16 194
11249 25 116 194
11250 26 186 194
11251 29 210 194
11252 7 98 195
11253 25 37 195
11254 26 63 195
11255 28 204 195
11256 29 219 195
11257 6 201 196
11258 7 171 196
11259 28 19 196
11260 29 36 196
11261 31 56 196
11262 33 181 196
11263 6 101 197
11264 7 99 197
11265 31 89 197
11266 32 165 197
11267 33 40 197
11268 34 203 197
11269 6 61 198
11270 33 162 198
11271 36 105 198
11272 8 217 195
11273 9 92 195
11274 10 236 195
11275 11 241 195
11276 12 124 195
11277 13 122 195
11278 14 235 195
11279 15 222 195
11280 16 52 195
11281 17 157 195
11282 18 16 195
11283 19 76 195
11284 20 124 195
11285 21 232 195
11286 22 140 195
11287 23 72 195
11288 24 225 195
11289 27 181 195
11290 8 101 196
11291 9 50 196
11292 10 29 196
11293 11 255 196
11294 12 202 196
11295 13 205 196
11296 14 95 196
11297 15 196 196
11298 16 133 196
11299 17 148 196
11300 18 76 196
11301 19 28 196
11302 20 120 196
11303 21 106 196
11304 22 157 196
11305 23 181 196
11306 24 116 196
11307 25 16 196
11308 26 116 196
11309 27 186 196
11310 30 210 196
11311 8 98 197
11312 26 37 197
11313 27 63 197
11314 29 204 197
11315 30 219 197
11316 7 201 198
11317 8 171 198
11318 29 19 198
11319 30 36 198
11320 32 56 198
11321 34 181 198
11322 37 6 198
11323 6 162 199
11324 7 20 199
11325 8 164 199
11326 32 151 199
11327 33 2 199
11328 34 108 199
11329 35 148 199
11330 9 217 197
11331 10 92 197
11332 11 236 197
11333 12 241 197
11334 13 124 197
11335 14 122 197
11336 15 235 197
11337 16 222 197
11338 17 52 197
11339 18 157 197
11340 19 16 197
11341 20 76 197
11342 21 124 197
11343 22 232 197
11344 23 140 197
11345 24 72 197
11346 25 225 197
11347 28 181 197
11348 9 101 198
11349 10 50 198
11350 11 29 198
11351 12 255 198
11352 13 202 198
11353 14 205 198
11354 15 95 198
11355 16 196 198
11356 17 133 198
11357 18 148 198
11358 19 76 198
11359 20 28 198
11360 21 120 198
11361 22 106 198
11362 23 157 198
11363 24 181 198
11364 25 116 198
11365 26 16 198
11366 27 116 198
11367 28 186 198
11368 31 210 198
11369 9 98 199
11370 27 37 199
11371 28 63 199
11372 30 204 199
11373 31 219 199
11374 36 193 199
11375 37 47 199
11376 38 66 199
11377 5 17 200
11378 6 13 200
11379 7 78 200
11380 8 17 200
11381 9 149 200
11382 30 106 200
11383 31 24 200
11384 33 9 200
11385 34 84 200
11386 35 178 200
11387 10 217 199
11388 11 92 199
11389 12 236 199
11390 13 241 199
11391 14 124 199
11392 15 122 199
11393 16 235 199
11394 17 222 199
11395 18 52 199
11396 19 157 199
11397 20 16 199
11398 21 76 199
11399 22 124 199
11400 23 232 199
11401 24 140 199
11402 25 72 199
11403 26 225 199
11404 29 181 199
11405 10 101 200
11406 11 50 200
11407 12 29 200
11408 13 255 200
11409 14 202 200
11410 15 205 200
11411 16 95 200
11412 17 196 200
11413 18 133 200
11414 19 148 200
11415 20 76 200
11416 21 28 200
11417 22 120 200
11418 23 106 200
11419 24 157 200
11420 25 181 200
11421 26 116 200
11422 27 16 200
11423 28 116 200
11424 29 186 200
11425 32 210 200
11426 36 85 200
11427 37 183 200
11428 38 85 200
11429 39 151 200
11430 40 168 200
11431 41 86 200
11432 5 74 201
11433 6 82 201
11434 7 188 201
11435 8 135 201
11436 9 211 201
11437 10 91 201
11438 28 83 201
11439 29 251 201
11440 31 11 201
11441 32 29 201
11442 33 172 201
11443 11 217 201
11444 12 92 201
11445 13 236 201
11446 14 241 201
11447 15 124 201
11448 16 122 201
11449 17 235 201
11450 18 222 201
11451 19 52 201
11452 20 157 201
11453 21 16 201
11454 22 76 201
11455 23 124 201
11456 24 232 201
11457 25 140 201
11458 26 72 201
11459 27 225 201
11460 30 181 201
11461 34 25 201
11462 35 119 201
11463 36 221 201
11464 37 45 201
11465 38 54 201
11466 39 238 201
11467 40 142 201
11468 41 106 201
11469 43 68 201
11470 5 239 202
11471 6 225 202
11472 7 241 202
11473 8 100 202
11474 9 99 202
11475 10 81 202
11476 11 50 202
11477 12 26 202
11478 13 70 202
11479 14 231 202
11480 15 124 202
11481 16 246 202
11482 17 75 202
11483 18 5 202
11484 19 53 202
11485 20 212 202
11486 21 60 202
11487 22 114 202
11488 23 261 202
11489 24 257 202
11490 25 16 202
11491 26 15 202
11492 27 135 202
11493 28 228 202
11494 29 138 202
11495 30 216 202
11496 31 223 202
11497 32 73 202
11498 33 148 202
11499 34 176 202
11500 35 117 202
11501 36 224 202
11502 37 18 202
11503 38 200 202
11504 39 32 202
11505 40 164 202
11506 41 261 202
11507 42 34 202
11508 43 118 202
11509 44 153 202
11510 5 184 203
11511 6 177 203
11512 7 31 203
11513 8 244 203
11514 9 108 203
11515 10 128 203
11516 11 97 203
11517 12 187 203
11518 13 5 203
11519 14 35 203
11520 15 130 203
11521 16 187 203
11522 17 118 203
11523 18 164 203
11524 19 125 203
11525 20 259 203
11526 21 37 203
11527 22 89 203
11528 23 248 203
11529 24 112 203
11530 25 181 203
11531 26 214 203
11532 27 55 203
11533 28 255 203
11534 29 193 203
11535 30 162 203
11536 31 128 203
11537 32 157 203
11538 33 42 203
11539 34 181 203
11540 35 147 203
11541 36 62 203
11542 37 54 203
11543 38 231 203
11544 39 71 203
11545 40 25 203
11546 41 135 203
11547 42 205 203
11548 43 186 203
11549 44 163 203
11550 45 34 203
11551 46 25 203
11552 4 87 204
11553 5 120 204
11554 6 226 204
11555 7 236 204
11556 8 244 204
11557 9 59 204
11558 10 10 204
11559 11 85 204
11560 12 157 204
11561 13 189 204
11562 14 256 204
11563 15 162 204
11564 16 136 204
11565 17 169 204
11566 18 131 204
11567 19 252 204
11568 20 182 204
11569 21 91 204
11570 22 115 204
11571 23 14 204
11572 24 141 204
11573 25 16 204
11574 26 164 204
11575 27 23 204
11576 28 144 204
11577 29 73 204
11578 30 151 204
11579 31 138 204
11580 32 160 204
11581 33 35 204
11582 34 172 204
11583 35 109 204
11584 36 257 204
11585 38 10 204
11586 37 123 204
11587 39 259 204
11588 40 141 204
11589 41 29 204
11590 42 112 204
11591 43 257 204
11592 44 43 204
11593 45 235 204
11594 46 82 204
11595 47 17 204
11596 48 14 204
11597 49 57 204
11598 4 206 205
11599 5 196 205
11600 6 170 205
11601 7 10 205
11602 8 121 205
11603 9 176 205
11604 10 115 205
11605 11 108 205
11606 12 249 205
11607 13 16 205
11608 14 250 205
11609 15 132 205
11610 16 59 205
11611 17 230 205
11612 18 148 205
11613 19 114 205
11614 20 104 205
11615 21 57 205
11616 22 27 205
11617 23 150 205
11618 24 160 205
11619 25 190 205
11620 26 226 205
11621 27 54 205
11622 28 205 205
11623 29 39 205
11624 30 245 205
11625 31 239 205
11626 32 106 205
11627 33 121 205
11628 34 142 205
11629 35 146 205
11630 36 181 205
11631 37 46 205
11632 38 190 205
11633 39 22 205
11634 40 181 205
11635 41 154 205
11636 42 68 205
11637 43 119 205
11638 44 108 205
11639 45 166 205
11640 46 82 205
11641 47 99 205
11642 48 116 205
11643 49 52 205
11644 50 154 205
11645 4 155 206
11646 5 142 206
11647 6 151 206
11648 7 106 206
11649 8 171 206
11650 9 112 206
11651 10 28 206
11652 11 177 206
11653 12 94 206
11654 13 108 206
11655 14 193 206
11656 15 186 206
11657 16 170 206
11658 17 115 206
11659 18 48 206
11660 19 237 206
11661 20 43 206
11662 21 3 206
11663 22 171 206
11664 23 10 206
11665 24 217 206
11666 25 62 206
11667 26 76 206
11668 27 225 206
11669 28 209 206
11670 29 254 206
11671 30 173 206
11672 31 27 206
11673 32 114 206
11674 33 245 206
11675 34 125 206
11676 35 32 206
11677 36 94 206
11678 37 59 206
11679 38 42 206
11680 39 156 206
11681 40 166 206
11682 41 211 206
11683 42 134 206
11684 43 203 206
11685 44 182 206
11686 45 15 206
11687 46 101 206
11688 47 143 206
11689 48 125 206
11690 49 156 206
11691 50 108 206
11692 51 203 206
11693 53 193 206
11694 4 34 207
11695 5 128 207
11696 6 17 207
11697 7 75 207
11698 9 156 207
11699 8 149 207
11700 10 226 207
11701 11 199 207
11702 12 98 207
11703 13 176 207
11704 14 76 207
11705 15 210 207
11706 16 165 207
11707 17 24 207
11708 18 103 207
11709 19 67 207
11710 20 13 207
11711 21 112 207
11712 22 243 207
11713 23 141 207
11714 24 231 207
11715 25 191 207
11716 26 218 207
11717 27 14 207
11718 28 6 207
11719 29 103 207
11720 30 142 207
11721 31 207 207
11722 32 223 207
11723 33 215 207
11724 34 101 207
11725 35 145 207
11726 36 4 207
11727 37 118 207
11728 38 203 207
11729 39 215 207
11730 40 245 207
11731 41 232 207
11732 42 72 207
11733 43 181 207
11734 44 25 207
11735 45 69 207
11736 46 120 207
11737 47 195 207
11738 48 251 207
11739 49 147 207
11740 50 231 207
11741 51 257 207
11742 52 44 207
11743 53 2 207
11744 54 174 207
11745 3 210 208
11746 4 150 208
11747 5 76 208
11748 6 50 208
11749 7 34 208
11750 8 78 208
11751 9 179 208
11752 10 251 208
11753 11 228 208
11754 12 147 208
11755 13 218 208
11756 14 151 208
11757 15 111 208
11758 16 34 208
11759 17 161 208
11760 18 217 208
11761 19 225 208
11762 20 211 208
11763 21 195 208
11764 22 22 208
11765 23 180 208
11766 24 229 208
11767 25 183 208
11768 26 255 208
11769 27 223 208
11770 28 14 208
11771 29 12 208
11772 30 259 208
11773 31 6 208
11774 32 10 208
11775 33 255 208
11776 34 189 208
11777 35 230 208
11778 36 45 208
11779 37 149 208
11780 38 127 208
11781 39 17 208
11782 40 119 208
11783 41 187 208
11784 42 194 208
11785 43 135 208
11786 44 236 208
11787 45 196 208
11788 46 214 208
11789 47 130 208
11790 48 194 208
11791 49 29 208
11792 50 247 208
11793 51 127 208
11794 52 227 208
11795 53 161 208
11796 54 256 208
11797 55 36 208
11798 57 202 208
11799 58 60 208
11800 3 171 209
11801 4 49 209
11802 5 37 209
11803 6 101 209
11804 7 14 209
11805 8 225 209
11806 9 209 209
11807 10 255 209
11808 11 240 209
11809 12 94 209
11810 13 212 209
11811 14 32 209
11812 15 78 209
11813 16 40 209
11814 17 214 209
11815 18 24 209
11816 19 130 209
11817 20 219 209
11818 21 169 209
11819 22 233 209
11820 23 200 209
11821 24 198 209
11822 25 174 209
11823 26 11 209
11824 27 231 209
11825 28 137 209
11826 29 232 209
11827 30 233 209
11828 31 69 209
11829 32 166 209
11830 33 12 209
11831 34 195 209
11832 35 255 209
11833 36 166 209
11834 37 84 209
11835 38 175 209
11836 39 65 209
11837 40 47 209
11838 41 57 209
11839 42 133 209
11840 43 33 209
11841 44 121 209
11842 45 8 209
11843 46 78 209
11844 47 176 209
11845 48 51 209
11846 49 95 209
11847 50 255 209
11848 51 85 209
11849 52 91 209
11850 53 172 209
11851 54 228 209
11852 55 86 209
11853 56 121 209
11854 57 145 209
11855 58 1 209
11856 3 99 210
11857 4 13 210
11858 5 200 210
11859 6 127 210
11860 7 24 210
11861 8 243 210
11862 9 36 210
11863 10 147 210
11864 11 54 210
11865 12 122 210
11866 13 37 210
11867 14 97 210
11868 15 110 210
11869 16 97 210
11870 17 118 210
11871 18 177 210
11872 19 190 210
11873 20 212 210
11874 21 105 210
11875 22 76 210
11876 23 34 210
11877 24 250 210
11878 25 142 210
11879 26 81 210
11880 27 60 210
11881 28 237 210
11882 29 218 210
11883 30 58 210
11884 31 134 210
11885 32 193 210
11886 33 143 210
11887 34 212 210
11888 35 202 210
11889 36 139 210
11890 37 159 210
11891 38 89 210
11892 39 251 210
11893 40 108 210
11894 41 39 210
11895 42 157 210
11896 43 35 210
11897 44 78 210
11898 45 137 210
11899 46 184 210
11900 47 211 210
11901 48 116 210
11902 49 107 210
11903 50 137 210
11904 51 261 210
11905 52 59 210
11906 53 26 210
11907 54 15 210
11908 55 240 210
11909 56 81 210
11910 57 162 210
11911 58 82 210
11912 59 23 210
11913 3 259 211
11914 4 34 211
11915 5 33 211
11916 6 88 211
11917 7 44 211
11918 8 40 211
11919 9 149 211
11920 10 152 211
11921 11 86 211
11922 12 76 211
11923 13 77 211
11924 14 168 211
11925 15 2 211
11926 16 229 211
11927 17 114 211
11928 18 29 211
11929 19 196 211
11930 20 159 211
11931 21 182 211
11932 22 108 211
11933 23 239 211
11934 24 129 211
11935 25 90 211
11936 26 6 211
11937 27 70 211
11938 28 172 211
11939 29 218 211
11940 30 252 211
11941 31 171 211
11942 32 184 211
11943 33 235 211
11944 34 5 211
11945 35 153 211
11946 36 96 211
11947 37 241 211
11948 38 209 211
11949 39 244 211
11950 40 50 211
11951 41 36 211
11952 42 126 211
11953 43 140 211
11954 44 204 211
11955 45 88 211
11956 46 152 211
11957 47 85 211
11958 48 140 211
11959 49 126 211
11960 50 182 211
11961 51 70 211
11962 52 148 211
11963 53 93 211
11964 54 228 211
11965 55 125 211
11966 56 228 211
11967 57 98 211
11968 58 253 211
11969 59 221 211
11970 60 83 211
11971 61 6 211
11972 62 20 211
11973 2 214 212
11974 3 221 212
11975 4 17 212
11976 5 125 212
11977 6 228 212
11978 7 14 212
11979 8 96 212
11980 9 54 212
11981 10 196 212
11982 11 24 212
11983 12 42 212
11984 13 13 212
11985 14 234 212
11986 15 164 212
11987 16 186 212
11988 17 37 212
11989 18 70 212
11990 19 21 212
11991 20 254 212
11992 21 217 212
11993 22 6 212
11994 23 81 212
11995 24 207 212
11996 25 140 212
11997 26 149 212
11998 27 71 212
11999 28 105 212
12000 29 155 212
12001 30 22 212
12002 31 163 212
12003 32 61 212
12004 33 198 212
12005 34 237 212
12006 35 177 212
12007 36 13 212
12008 37 152 212
12009 38 5 212
12010 39 103 212
12011 40 16 212
12012 41 228 212
12013 42 97 212
12014 43 232 212
12015 44 47 212
12016 45 181 212
12017 46 200 212
12018 47 81 212
12019 48 207 212
12020 49 38 212
12021 50 32 212
12022 51 218 212
12023 52 28 212
12024 53 187 212
12025 54 79 212
12026 55 141 212
12027 56 242 212
12028 57 261 212
12029 58 180 212
12030 59 56 212
12031 60 207 212
12032 61 79 212
12033 62 187 212
12034 63 71 212
12035 64 162 212
12036 2 111 213
12037 3 80 213
12038 4 236 213
12039 5 162 213
12040 6 216 213
12041 7 218 213
12042 8 4 213
12043 9 24 213
12044 10 1 213
12045 11 73 213
12046 12 243 213
12047 13 146 213
12048 14 181 213
12049 15 67 213
12050 16 150 213
12051 17 233 213
12052 18 228 213
12053 19 249 213
12054 20 123 213
12055 21 76 213
12056 22 10 213
12057 23 143 213
12058 24 22 213
12059 25 26 213
12060 26 136 213
12061 27 192 213
12062 28 92 213
12063 29 110 213
12064 30 69 213
12065 31 260 213
12066 32 101 213
12067 33 38 213
12068 34 202 213
12069 35 143 213
12070 36 187 213
12071 37 222 213
12072 38 192 213
12073 39 64 213
12074 40 18 213
12075 41 37 213
12076 42 172 213
12077 43 85 213
12078 44 203 213
12079 45 254 213
12080 46 62 213
12081 47 175 213
12082 48 95 213
12083 49 29 213
12084 50 117 213
12085 51 247 213
12086 52 248 213
12087 53 154 213
12088 54 2 213
12089 55 184 213
12090 56 126 213
12091 57 223 213
12092 58 143 213
12093 59 223 213
12094 60 190 213
12095 61 139 213
12096 62 193 213
12097 63 143 213
12098 64 23 213
12099 65 87 213
12100 66 66 213
12101 2 4 214
12102 3 187 214
12103 4 229 214
12104 5 83 214
12105 6 13 214
12106 7 217 214
12107 8 101 214
12108 9 244 214
12109 10 169 214
12110 11 90 214
12111 12 259 214
12112 13 37 214
12113 14 196 214
12114 15 151 214
12115 16 143 214
12116 17 82 214
12117 18 117 214
12118 19 155 214
12119 20 130 214
12120 21 16 214
12121 22 39 214
12122 23 249 214
12123 24 64 214
12124 25 146 214
12125 26 217 214
12126 27 239 214
12127 28 126 214
12128 29 227 214
12129 30 104 214
12130 31 107 214
12131 32 100 214
12132 33 84 214
12133 34 176 214
12134 35 201 214
12135 36 73 214
12136 37 34 214
12137 38 131 214
12138 39 27 214
12139 40 246 214
12140 41 88 214
12141 42 245 214
12142 43 225 214
12143 44 128 214
12144 45 43 214
12145 46 151 214
12146 47 243 214
12147 48 160 214
12148 49 202 214
12149 50 213 214
12150 51 155 214
12151 52 56 214
12152 53 66 214
12153 54 168 214
12154 55 127 214
12155 56 238 214
12156 57 143 214
12157 58 1 214
12158 59 245 214
12159 60 171 214
12160 61 62 214
12161 62 254 214
12162 63 183 214
12163 64 172 214
12164 65 225 214
12165 66 104 214
12166 67 103 214
12167 68 94 214
12168 2 261 215
12169 3 186 215
12170 4 6 215
12171 5 109 215
12172 6 49 215
12173 7 186 215
12174 8 40 215
12175 9 32 215
12176 10 143 215
12177 11 86 215
12178 12 45 215
12179 13 249 215
12180 14 169 215
12181 15 48 215
12182 16 157 215
12183 17 50 215
12184 18 30 215
12185 19 136 215
12186 20 144 215
12187 21 232 215
12188 22 95 215
12189 23 241 215
12190 24 168 215
12191 25 166 215
12192 26 29 215
12193 27 170 215
12194 29 23 215
12195 28 193 215
12196 30 44 215
12197 31 103 215
12198 32 185 215
12199 33 38 215
12200 34 148 215
12201 35 29 215
12202 36 14 215
12203 37 200 215
12204 38 58 215
12205 39 95 215
12206 40 135 215
12207 41 62 215
12208 42 176 215
12209 43 247 215
12210 44 143 215
12211 45 221 215
12212 46 117 215
12213 47 3 215
12214 48 4 215
12215 49 5 215
12216 50 57 215
12217 51 98 215
12218 52 171 215
12219 53 164 215
12220 54 50 215
12221 55 95 215
12222 56 50 215
12223 57 252 215
12224 58 79 215
12225 59 247 215
12226 60 47 215
12227 61 99 215
12228 62 96 215
12229 63 22 215
12230 64 182 215
12231 65 221 215
12232 66 56 215
12233 67 154 215
12234 68 44 215
12235 69 139 215
12236 71 91 215
12237 1 43 216
12238 2 39 216
12239 3 163 216
12240 4 211 216
12241 5 190 216
12242 6 189 216
12243 7 222 216
12244 8 169 216
12245 9 73 216
12246 10 114 216
12247 11 53 216
12248 12 164 216
12249 13 7 216
12250 14 215 216
12251 15 234 216
12252 16 176 216
12253 17 36 216
12254 18 47 216
12255 19 75 216
12256 20 176 216
12257 21 112 216
12258 22 167 216
12259 23 90 216
12260 24 214 216
12261 25 239 216
12262 26 251 216
12263 27 256 216
12264 28 145 216
12265 29 13 216
12266 30 174 216
12267 31 31 216
12268 32 200 216
12269 33 220 216
12270 34 89 216
12271 35 136 216
12272 36 67 216
12273 37 244 216
12274 38 149 216
12275 39 261 216
12276 40 225 216
12277 41 213 216
12278 42 202 216
12279 43 226 216
12280 44 94 216
12281 45 195 216
12282 46 188 216
12283 47 96 216
12284 48 137 216
12285 49 62 216
12286 51 36 216
12287 50 225 216
12288 52 188 216
12289 53 58 216
12290 54 163 216
12291 55 164 216
12292 56 69 216
12293 57 170 216
12294 58 162 216
12295 59 34 216
12296 60 224 216
12297 61 224 216
12298 62 199 216
12299 63 221 216
12300 64 73 216
12301 65 191 216
12302 66 94 216
12303 67 13 216
12304 68 81 216
12305 69 109 216
12306 70 51 216
12307 71 47 216
12308 73 199 216
12309 1 178 217
12310 2 216 217
12311 3 48 217
12312 4 4 217
12313 5 122 217
12314 6 149 217
12315 7 86 217
12316 8 164 217
12317 9 48 217
12318 10 86 217
12319 11 170 217
12320 12 8 217
12321 13 106 217
12322 14 31 217
12323 15 181 217
12324 16 261 217
12325 17 236 217
12326 18 107 217
12327 19 100 217
12328 20 245 217
12329 21 228 217
12330 22 140 217
12331 23 68 217
12332 24 205 217
12333 25 102 217
12334 26 33 217
12335 27 132 217
12336 28 37 217
12337 29 73 217
12338 30 162 217
12339 31 159 217
12340 32 238 217
12341 33 90 217
12342 34 238 217
12343 35 135 217
12344 36 261 217
12345 37 199 217
12346 38 86 217
12347 39 73 217
12348 40 119 217
12349 41 259 217
12350 42 134 217
12351 43 65 217
12352 44 141 217
12353 45 217 217
12354 46 201 217
12355 47 233 217
12356 48 243 217
12357 49 213 217
12358 50 119 217
12359 51 110 217
12360 52 112 217
12361 53 119 217
12362 54 57 217
12363 55 258 217
12364 56 212 217
12365 57 151 217
12366 58 175 217
12367 59 234 217
12368 60 98 217
12369 61 28 217
12370 62 223 217
12371 63 177 217
12372 64 41 217
12373 65 96 217
12374 66 244 217
12375 67 245 217
12376 68 95 217
12377 69 57 217
12378 70 11 217
12379 71 229 217
12380 72 225 217
12381 73 142 217
12382 1 230 218
12383 2 131 218
12384 3 255 218
12385 4 127 218
12386 5 112 218
12387 6 212 218
12388 7 42 218
12389 8 114 218
12390 9 133 218
12391 10 121 218
12392 11 105 218
12393 12 215 218
12394 13 179 218
12395 14 205 218
12396 15 63 218
12397 16 103 218
12398 17 56 218
12399 18 128 218
12400 19 23 218
12401 20 72 218
12402 21 216 218
12403 22 179 218
12404 23 65 218
12405 24 3 218
12406 25 234 218
12407 26 107 218
12408 27 130 218
12409 28 115 218
12410 29 81 218
12411 30 234 218
12412 31 130 218
12413 32 224 218
12414 33 157 218
12415 34 186 218
12416 35 230 218
12417 36 231 218
12418 37 255 218
12419 38 15 218
12420 39 78 218
12421 40 220 218
12422 41 85 218
12423 42 193 218
12424 43 96 218
12425 44 157 218
12426 45 207 218
12427 46 23 218
12428 47 143 218
12429 48 153 218
12430 49 158 218
12431 50 237 218
12432 51 158 218
12433 52 182 218
12434 53 218 218
12435 54 59 218
12436 55 116 218
12437 56 190 218
12438 57 104 218
12439 58 216 218
12440 59 163 218
12441 60 219 218
12442 61 60 218
12443 62 115 218
12444 63 252 218
12445 64 254 218
12446 65 21 218
12447 66 157 218
12448 67 67 218
12449 68 259 218
12450 69 28 218
12451 70 213 218
12452 71 247 218
12453 72 30 218
12454 73 85 218
12455 74 200 218
12456 75 165 218
12457 76 27 218
12458 1 147 219
12459 2 65 219
12460 3 139 219
12461 4 183 219
12462 5 38 219
12463 6 74 219
12464 7 173 219
12465 8 98 219
12466 9 127 219
12467 10 154 219
12468 11 180 219
12469 12 137 219
12470 13 126 219
12471 14 206 219
12472 15 173 219
12473 16 114 219
12474 17 94 219
12475 18 136 219
12476 19 3 219
12477 20 90 219
12478 21 137 219
12479 22 206 219
12480 23 55 219
12481 24 139 219
12482 25 94 219
12483 26 195 219
12484 27 101 219
12485 28 55 219
12486 29 49 219
12487 30 148 219
12488 31 193 219
12489 32 248 219
12490 33 126 219
12491 34 148 219
12492 35 236 219
12493 36 165 219
12494 37 94 219
12495 38 85 219
12496 39 53 219
12497 40 113 219
12498 41 123 219
12499 42 236 219
12500 43 185 219
12501 44 226 219
12502 45 124 219
12503 46 15 219
12504 47 57 219
12505 48 65 219
12506 49 42 219
12507 50 94 219
12508 51 111 219
12509 52 248 219
12510 53 256 219
12511 54 225 219
12512 55 247 219
12513 56 239 219
12514 57 165 219
12515 58 2 219
12516 59 163 219
12517 60 45 219
12518 61 200 219
12519 62 85 219
12520 63 198 219
12521 64 122 219
12522 65 250 219
12523 66 121 219
12524 67 57 219
12525 68 214 219
12526 69 152 219
12527 70 75 219
12528 71 69 219
12529 72 178 219
12530 73 3 219
12531 74 184 219
12532 75 60 219
12533 76 191 219
12534 77 30 219
12535 78 204 219
12536 0 11 220
12537 1 142 220
12538 2 143 220
12539 3 26 220
12540 4 247 220
12541 5 142 220
12542 6 213 220
12543 7 72 220
12544 8 106 220
12545 9 30 220
12546 10 148 220
12547 11 216 220
12548 12 51 220
12549 13 87 220
12550 14 26 220
12551 15 61 220
12552 16 35 220
12553 17 244 220
12554 18 222 220
12555 19 243 220
12556 20 223 220
12557 21 91 220
12558 22 139 220
12559 23 118 220
12560 24 56 220
12561 25 3 220
12562 26 67 220
12563 27 231 220
12564 28 224 220
12565 29 226 220
12566 30 254 220
12567 31 31 220
12568 32 234 220
12569 33 81 220
12570 34 35 220
12571 35 22 220
12572 36 81 220
12573 37 222 220
12574 38 108 220
12575 39 237 220
12576 40 169 220
12577 41 122 220
12578 42 123 220
12579 43 92 220
12580 44 64 220
12581 45 106 220
12582 46 99 220
12583 47 94 220
12584 48 204 220
12585 49 249 220
12586 50 135 220
12587 51 115 220
12588 52 56 220
12589 53 85 220
12590 54 142 220
12591 55 228 220
12592 56 207 220
12593 57 14 220
12594 58 226 220
12595 59 203 220
12596 60 31 220
12597 61 197 220
12598 62 227 220
12599 63 210 220
12600 64 156 220
12601 65 112 220
12602 66 124 220
12603 67 244 220
12604 68 182 220
12605 69 83 220
12606 70 205 220
12607 71 207 220
12608 72 83 220
12609 73 75 220
12610 74 15 220
12611 75 199 220
12612 76 252 220
12613 77 33 220
12614 78 182 220
12615 79 80 220
12616 0 67 221
12617 1 221 221
12618 2 262 221
12619 3 90 221
12620 4 196 221
12621 5 135 221
12622 6 229 221
12623 7 82 221
12624 8 25 221
12625 9 15 221
12626 10 136 221
12627 11 102 221
12628 12 123 221
12629 13 55 221
12630 14 205 221
12631 15 91 221
12632 16 122 221
12633 17 81 221
12634 18 114 221
12635 19 162 221
12636 20 221 221
12637 21 116 221
12638 22 139 221
12639 23 160 221
12640 24 173 221
12641 25 235 221
12642 26 117 221
12643 27 5 221
12644 28 25 221
12645 29 128 221
12646 30 77 221
12647 31 124 221
12648 32 196 221
12649 33 250 221
12650 34 258 221
12651 35 189 221
12652 36 110 221
12653 37 48 221
12654 38 73 221
12655 39 139 221
12656 40 129 221
12657 41 20 221
12658 42 139 221
12659 43 90 221
12660 44 87 221
12661 45 157 221
12662 46 157 221
12663 47 29 221
12664 48 107 221
12665 49 12 221
12666 50 119 221
12667 51 42 221
12668 52 175 221
12669 53 227 221
12670 54 195 221
12671 55 82 221
12672 56 122 221
12673 57 138 221
12674 58 161 221
12675 59 163 221
12676 60 82 221
12677 61 137 221
12678 62 227 221
12679 63 171 221
12680 64 191 221
12681 65 240 221
12682 66 190 221
12683 67 244 221
12684 68 174 221
12685 69 142 221
12686 70 1 221
12687 71 19 221
12688 72 119 221
12689 73 106 221
12690 74 16 221
12691 75 196 221
12692 76 85 221
12693 77 14 221
12694 78 206 221
12695 79 184 221
12696 80 71 221
12697 81 113 221
12698 82 153 221
12699 0 64 222
12700 1 219 222
12701 2 44 222
12702 3 245 222
12703 4 123 222
12704 5 67 222
12705 6 28 222
12706 7 3 222
12707 8 113 222
12708 9 245 222
12709 10 182 222
12710 11 58 222
12711 12 183 222
12712 13 54 222
12713 14 94 222
12714 15 156 222
12715 16 128 222
12716 17 170 222
12717 18 144 222
12718 19 75 222
12719 20 117 222
12720 21 32 222
12721 22 106 222
12722 23 105 222
12723 24 184 222
12724 25 214 222
12725 26 177 222
12726 27 206 222
12727 28 234 222
12728 29 10 222
12729 30 78 222
12730 31 184 222
12731 32 209 222
12732 33 243 222
12733 34 261 222
12734 35 147 222
12735 36 47 222
12736 37 245 222
12737 38 255 222
12738 39 228 222
12739 40 100 222
12740 41 232 222
12741 42 79 222
12742 43 147 222
12743 44 116 222
12744 45 123 222
12745 46 28 222
12746 47 204 222
12747 48 220 222
12748 49 47 222
12749 50 238 222
12750 51 29 222
12751 52 157 222
12752 53 28 222
12753 54 199 222
12754 55 31 222
12755 56 16 222
12756 57 64 222
12757 58 155 222
12758 59 171 222
12759 60 109 222
12760 61 202 222
12761 62 256 222
12762 63 205 222
12763 64 61 222
12764 65 250 222
12765 66 138 222
12766 67 175 222
12767 68 125 222
12768 69 139 222
12769 70 25 222
12770 71 123 222
12771 72 161 222
12772 73 120 222
12773 74 8 222
12774 75 165 222
12775 76 224 222
12776 77 82 222
12777 78 108 222
12778 79 12 222
12779 80 49 222
12780 81 153 222
12781 82 230 222
12782 83 34 222
12783 85 2 222
12784 0 115 223
12785 1 198 223
12786 2 77 223
12787 3 122 223
12788 4 218 223
12789 5 46 223
12790 6 143 223
12791 7 57 223
12792 8 92 223
12793 9 11 223
12794 10 60 223
12795 11 91 223
12796 12 27 223
12797 13 261 223
12798 14 239 223
12799 15 57 223
12800 16 213 223
12801 17 201 223
12802 18 44 223
12803 19 249 223
12804 20 198 223
12805 21 211 223
12806 22 44 223
12807 23 77 223
12808 24 74 223
12809 25 190 223
12810 26 247 223
12811 27 108 223
12812 28 256 223
12813 29 57 223
12814 30 249 223
12815 31 159 223
12816 32 6 223
12817 33 23 223
12818 34 9 223
12819 35 213 223
12820 36 262 223
12821 37 90 223
12822 38 2 223
12823 39 158 223
12824 40 107 223
12825 41 17 223
12826 42 79 223
12827 43 67 223
12828 44 8 223
12829 45 228 223
12830 46 222 223
12831 47 35 223
12832 48 255 223
12833 49 99 223
12834 50 166 223
12835 51 92 223
12836 52 85 223
12837 53 92 223
12838 54 167 223
12839 55 114 223
12840 56 96 223
12841 57 217 223
12842 58 31 223
12843 60 111 223
12844 59 164 223
12845 61 258 223
12846 62 220 223
12847 63 70 223
12848 64 130 223
12849 65 66 223
12850 66 113 223
12851 67 150 223
12852 68 183 223
12853 69 95 223
12854 70 93 223
12855 71 150 223
12856 72 190 223
12857 73 198 223
12858 74 254 223
12859 75 154 223
12860 76 230 223
12861 77 13 223
12862 78 145 223
12863 79 5 223
12864 80 219 223
12865 81 64 223
12866 82 13 223
12867 83 178 223
12868 84 53 223
12869 85 240 223
12870 86 47 223
12871 0 199 224
12872 1 243 224
12873 2 111 224
12874 3 87 224
12875 4 46 224
12876 5 245 224
12877 6 130 224
12878 7 67 224
12879 8 53 224
12880 9 155 224
12881 10 239 224
12882 11 153 224
12883 12 70 224
12884 13 33 224
12885 14 182 224
12886 15 196 224
12887 16 85 224
12888 17 148 224
12889 18 173 224
12890 19 61 224
12891 20 189 224
12892 21 150 224
12893 22 76 224
12894 23 56 224
12895 24 123 224
12896 25 14 224
12897 26 199 224
12898 27 131 224
12899 28 183 224
12900 29 82 224
12901 30 41 224
12902 31 82 224
12903 32 257 224
12904 33 243 224
12905 34 162 224
12906 35 68 224
12907 36 245 224
12908 37 78 224
12909 38 83 224
12910 39 159 224
12911 40 82 224
12912 41 102 224
12913 42 111 224
12914 43 106 224
12915 44 150 224
12916 45 197 224
12917 46 211 224
12918 47 128 224
12919 48 23 224
12920 49 118 224
12921 50 140 224
12922 51 114 224
12923 52 220 224
12924 53 233 224
12925 54 132 224
12926 55 226 224
12927 56 197 224
12928 57 124 224
12929 58 183 224
12930 59 60 224
12931 60 6 224
12932 61 233 224
12933 62 238 224
12934 63 186 224
12935 64 5 224
12936 65 35 224
12937 66 175 224
12938 67 206 224
12939 68 216 224
12940 69 160 224
12941 70 172 224
12942 71 100 224
12943 72 32 224
12944 73 220 224
12945 74 108 224
12946 75 127 224
12947 0 59 225
12948 76 239 224
12949 77 14 224
12950 78 62 224
12951 79 132 224
12952 80 7 224
12953 81 43 224
12954 82 22 224
12955 0 161 226
12956 83 204 224
12957 84 120 224
12958 85 79 224
12959 86 59 224
12960 89 186 224
12961 1 110 225
12962 0 212 227
12963 2 253 225
12964 3 217 225
12965 4 234 225
12966 5 185 225
12967 6 250 225
12968 0 106 228
12969 7 260 225
12970 8 33 225
12971 9 144 225
12972 10 81 225
12973 0 53 229
12974 1 255 226
12975 2 171 226
12976 11 215 225
12977 0 158 230
12978 1 122 227
12979 2 37 227
12980 0 79 231
12981 1 90 228
12982 0 171 232
12983 12 80 225
12984 13 206 225
12985 14 48 225
12986 15 37 225
12987 16 57 225
12988 17 239 225
12989 18 115 225
12990 19 7 225
12991 20 203 225
12992 21 149 225
12993 22 94 225
12994 23 84 225
12995 24 126 225
12996 25 253 225
12997 26 139 225
12998 27 230 225
12999 28 228 225
13000 29 236 225
13001 30 239 225
13002 31 59 225
13003 32 229 225
13004 33 68 225
13005 34 246 225
13006 35 86 225
13007 36 96 225
13008 37 249 225
13009 38 187 225
13010 39 214 225
13011 40 206 225
13012 41 244 225
13013 42 166 225
13014 43 116 225
13015 44 221 225
13016 45 124 225
13017 46 262 225
13018 47 218 225
13019 48 184 225
13020 49 257 225
13021 50 162 225
13022 51 173 225
13023 52 159 225
13024 53 98 225
13025 54 255 225
13026 55 245 225
13027 56 253 225
13028 57 94 225
13029 58 238 225
13030 59 144 225
13031 60 46 225
13032 61 232 225
13033 62 108 225
13034 3 137 226
13035 4 162 226
13036 5 159 226
13037 3 47 227
13038 2 163 228
13039 3 149 228
13040 1 204 229
13041 2 150 229
13042 3 208 229
13043 1 130 230
13044 2 100 230
13045 63 139 225
13046 64 170 225
13047 65 180 225
13048 66 155 225
13049 67 246 225
13050 68 53 225
13051 69 18 225
13052 70 150 225
13053 71 88 225
13054 72 80 225
13055 73 89 225
13056 74 224 225
13057 75 185 225
13058 76 217 225
13059 77 85 225
13060 78 255 225
13061 79 115 225
13062 80 247 225
13063 81 233 225
13064 82 72 225
13065 83 154 225
13066 84 192 225
13067 85 152 225
13068 86 46 225
13069 87 2 225
13070 88 218 225
13071 89 96 225
13072 6 99 226
13073 7 135 226
13074 8 6 226
13075 9 16 226
13076 10 129 226
13077 11 157 226
13078 12 181 226
13079 13 236 226
13080 14 176 226
13081 15 127 226
13082 16 4 226
13083 17 146 226
13084 18 183 226
13085 19 246 226
13086 20 217 226
13087 21 109 226
13088 22 262 226
13089 23 113 226
13090 24 3 226
13091 25 157 226
13092 26 116 226
13093 27 8 226
13094 28 97 226
13095 29 249 226
13096 30 261 226
13097 31 154 226
13098 4 173 227
13099 5 100 227
13100 6 228 227
13101 4 88 228
13102 5 207 228
13103 6 42 228
13104 4 107 229
13105 3 3 230
13106 32 88 226
13107 33 193 226
13108 34 168 226
13109 35 95 226
13110 36 33 226
13111 37 260 226
13112 38 227 226
13113 39 235 226
13114 40 128 226
13115 41 211 226
13116 42 21 226
13117 43 78 226
13118 44 7 226
13119 45 252 226
13120 46 221 226
13121 47 43 226
13122 48 220 226
13123 49 217 226
13124 50 108 226
13125 51 189 226
13126 52 153 226
13127 53 202 226
13128 54 262 226
13129 55 161 226
13130 56 42 226
13131 57 18 226
13132 58 208 226
13133 59 98 226
13134 60 171 226
13135 61 208 226
13136 62 176 226
13137 63 105 226
13138 64 113 226
13139 65 157 226
13140 66 70 226
13141 67 211 226
13142 68 133 226
13143 69 245 226
13144 70 147 226
13145 71 193 226
13146 72 113 226
13147 73 239 226
13148 74 195 226
13149 75 45 226
13150 76 257 226
13151 77 139 226
13152 78 162 226
13153 79 74 226
13154 80 143 226
13155 81 112 226
13156 82 43 226
13157 83 229 226
13158 7 197 227
13159 8 136 227
13160 9 76 227
13161 10 105 227
13162 7 82 228
13163 8 78 228
13164 5 213 229
13165 6 232 229
13166 84 68 226
13167 85 135 226
13168 86 130 226
13169 87 139 226
13170 88 255 226
13171 89 61 226
13172 90 195 226
13173 91 213 226
13174 93 83 226
13175 11 9 227
13176 12 177 227
13177 13 172 227
13178 14 216 227
13179 15 239 227
13180 16 193 227
13181 17 246 227
13182 18 91 227
13183 19 165 227
13184 20 163 227
13185 21 251 227
13186 22 51 227
13187 23 242 227
13188 24 7 227
13189 25 75 227
13190 26 223 227
13191 27 183 227
13192 28 27 227
13193 29 179 227
13194 30 238 227
13195 31 42 227
13196 32 252 227
13197 33 113 227
13198 34 115 227
13199 35 18 227
13200 36 100 227
13201 37 108 227
13202 38 116 227
13203 39 3 227
13204 40 91 227
13205 41 5 227
13206 42 11 227
13207 43 14 227
13208 44 136 227
13209 45 29 227
13210 46 182 227
13211 47 222 227
13212 48 116 227
13213 49 162 227
13214 50 123 227
13215 51 91 227
13216 52 125 227
13217 53 2 227
13218 54 74 227
13219 55 78 227
13220 56 131 227
13221 9 21 228
13222 10 87 228
13223 11 105 228
13224 7 106 229
13225 57 208 227
13226 58 15 227
13227 59 13 227
13228 60 256 227
13229 61 220 227
13230 62 213 227
13231 63 108 227
13232 64 119 227
13233 65 19 227
13234 66 179 227
13235 67 226 227
13236 68 192 227
13237 69 55 227
13238 70 27 227
13239 71 129 227
13240 72 129 227
13241 73 188 227
13242 74 226 227
13243 75 25 227
13244 76 188 227
13245 77 222 227
13246 78 150 227
13247 79 45 227
13248 80 125 227
13249 81 84 227
13250 82 218 227
13251 83 261 227
13252 84 11 227
13253 85 116 227
13254 86 124 227
13255 87 139 227
13256 88 65 227
13257 89 98 227
13258 90 10 227
13259 91 163 227
13260 92 226 227
13261 93 196 227
13262 94 136 227
13263 12 91 228
13264 13 160 228
13265 14 78 228
13266 15 222 228
13267 16 67 228
13268 17 146 228
13269 18 259 228
13270 19 253 228
13271 20 208 228
13272 21 262 228
13273 22 256 228
13274 23 250 228
13275 24 24 228
13276 25 125 228
13277 26 211 228
13278 27 189 228
13279 28 160 228
13280 29 45 228
13281 30 112 228
13282 31 23 228
13283 32 199 228
13284 33 192 228
13285 34 31 228
13286 35 96 228
13287 36 210 228
13288 37 174 228
13289 38 199 228
13290 39 130 228
13291 40 156 228
13292 41 99 228
13293 42 116 228
13294 43 261 228
13295 44 111 228
13296 45 27 228
13297 46 149 228
13298 47 34 228
13299 48 33 228
13300 49 26 228
13301 50 59 228
13302 51 133 228
13303 52 252 228
13304 53 4 228
13305 54 86 228
13306 55 212 228
13307 56 236 228
13308 57 31 228
13309 58 61 228
13310 59 57 228
13311 60 232 228
13312 61 118 228
13313 62 127 228
13314 63 187 228
13315 64 136 228
13316 65 224 228
13317 66 194 228
13318 67 191 228
13319 68 138 228
13320 69 34 228
13321 70 239 228
13322 71 194 228
13323 72 160 228
13324 73 62 228
13325 74 172 228
13326 75 142 228
13327 76 131 228
13328 77 34 228
13329 78 15 228
13330 79 12 228
13331 80 134 228
13332 81 131 228
13333 82 36 228
13334 83 123 228
13335 84 149 228
13336 85 193 228
13337 86 101 228
13338 87 17 228
13339 8 112 229
13340 88 215 228
13341 89 186 228
13342 90 203 228
13343 91 160 228
13344 92 126 228
13345 93 178 228
13346 94 112 228
13347 9 257 229
13348 10 13 229
13349 11 223 229
13350 12 15 229
13351 13 5 229
13352 14 116 229
13353 15 82 229
13354 16 129 229
13355 17 223 229
13356 18 16 229
13357 19 143 229
13358 20 260 229
13359 21 221 229
13360 22 167 229
13361 23 108 229
13362 24 64 229
13363 25 56 229
13364 26 257 229
13365 27 97 229
13366 28 164 229
13367 29 259 229
13368 30 49 229
13369 31 118 229
13370 32 36 229
13371 33 193 229
13372 34 107 229
13373 35 214 229
13374 36 198 229
13375 37 87 229
13376 38 141 229
13377 39 75 229
13378 40 109 229
13379 41 132 229
13380 42 256 229
13381 43 120 229
13382 44 16 229
13383 45 131 229
13384 46 128 229
13385 47 179 229
13386 48 9 229
13387 49 244 229
13388 50 239 229
13389 51 74 229
13390 52 202 229
13391 53 245 229
13392 54 167 229
13393 55 227 229
13394 56 148 229
13395 57 244 229
13396 58 130 229
13397 59 261 229
13398 60 156 229
13399 61 111 229
13400 62 162 229
13401 63 125 229
13402 64 180 229
13403 65 165 229
13404 66 231 229
13405 67 199 229
13406 68 38 229
13407 69 229 229
13408 70 32 229
13409 71 76 229
13410 72 130 229
13411 73 184 229
13412 74 6 229
13413 75 91 229
13414 76 86 229
13415 77 206 229
13416 78 47 229
13417 79 103 229
13418 80 46 229
13419 81 71 229
13420 82 250 229
13421 83 70 229
13422 84 261 229
13423 85 12 229
13424 86 205 229
13425 87 228 229
13426 88 92 229
13427 89 25 229
13428 90 44 229
13429 91 105 229
13430 92 37 229
13431 93 186 229
13432 94 76 229
13433 95 52 229
13434 96 161 229
13435 97 53 229
13436 98 118 229
13437 4 126 230
13438 5 147 230
13439 6 95 230
13440 7 177 230
13441 8 234 230
13442 9 90 230
13443 10 135 230
13444 11 234 230
13445 12 131 230
13446 13 258 230
13447 14 216 230
13448 15 194 230
13449 16 61 230
13450 17 60 230
13451 18 112 230
13452 19 131 230
13453 20 225 230
13454 21 229 230
13455 22 128 230
13456 23 43 230
13457 24 186 230
13458 25 24 230
13459 27 42 230
13460 26 157 230
13461 28 243 230
13462 29 1 230
13463 30 249 230
13464 31 73 230
13465 32 79 230
13466 33 98 230
13467 34 153 230
13468 35 2 230
13469 36 64 230
13470 37 216 230
13471 38 214 230
13472 39 95 230
13473 40 29 230
13474 41 243 230
13475 42 145 230
13476 43 178 230
13477 44 100 230
13478 45 233 230
13479 46 203 230
13480 47 18 230
13481 48 170 230
13482 49 189 230
13483 50 153 230
13484 51 34 230
13485 52 153 230
13486 53 60 230
13487 54 99 230
13488 55 251 230
13489 56 42 230
13490 57 226 230
13491 58 121 230
13492 59 156 230
13493 60 205 230
13494 61 66 230
13495 62 58 230
13496 63 13 230
13497 64 102 230
13498 65 244 230
13499 66 6 230
13500 67 125 230
13501 68 248 230
13502 69 133 230
13503 70 138 230
13504 71 71 230
13505 72 9 230
13506 73 174 230
13507 74 101 230
13508 75 174 230
13509 76 235 230
13510 77 96 230
13511 78 77 230
13512 79 148 230
13513 80 191 230
13514 81 206 230
13515 82 91 230
13516 83 168 230
13517 84 177 230
13518 85 31 230
13519 86 126 230
13520 87 247 230
13521 88 234 230
13522 89 127 230
13523 90 115 230
13524 91 250 230
13525 92 141 230
13526 93 53 230
13527 94 190 230
13528 95 5 230
13529 96 108 230
13530 97 248 230
13531 98 143 230
13532 99 156 230
13533 1 104 231
13534 2 144 231
13535 3 259 231
13536 4 240 231
13537 5 129 231
13538 6 65 231
13539 7 28 231
13540 8 59 231
13541 9 97 231
13542 10 138 231
13543 11 178 231
13544 12 230 231
13545 13 180 231
13546 14 234 231
13547 15 89 231
13548 16 117 231
13549 17 242 231
13550 18 154 231
13551 19 128 231
13552 20 159 231
13553 21 205 231
13554 22 188 231
13555 23 153 231
13556 24 139 231
13557 25 170 231
13558 26 137 231
13559 27 33 231
13560 28 197 231
13561 29 57 231
13562 30 239 231
13563 31 119 231
13564 32 69 231
13565 33 216 231
13566 34 253 231
13567 35 81 231
13568 36 99 231
13569 37 127 231
13570 38 196 231
13571 39 161 231
13572 40 227 231
13573 41 110 231
13574 42 21 231
13575 43 223 231
13576 44 116 231
13577 45 58 231
13578 46 254 231
13579 47 112 231
13580 48 14 231
13581 50 103 231
13582 49 195 231
13583 51 107 231
13584 53 189 231
13585 52 25 231
13586 54 220 231
13587 55 138 231
13588 56 200 231
13589 57 229 231
13590 58 172 231
13591 59 128 231
13592 60 58 231
13593 61 160 231
13594 62 133 231
13595 63 87 231
13596 64 156 231
13597 65 75 231
13598 66 52 231
13599 67 206 231
13600 68 101 231
13601 69 65 231
13602 70 140 231
13603 71 163 231
13604 72 11 231
13605 73 171 231
13606 74 255 231
13607 75 195 231
13608 76 146 231
13609 77 169 231
13610 78 91 231
13611 79 205 231
13612 80 166 231
13613 81 250 231
13614 82 28 231
13615 83 98 231
13616 84 198 231
13617 85 1 231
13618 86 145 231
13619 87 10 231
13620 88 254 231
13621 89 82 231
13622 91 121 231
13623 90 174 231
13624 92 81 231
13625 93 122 231
13626 94 7 231
13627 95 140 231
13628 96 242 231
13629 97 38 231
13630 98 114 231
13631 99 146 231
13632 100 142 231
13633 101 74 231
13634 103 152 231
13635 1 233 232
13636 2 27 232
13637 3 207 232
13638 4 114 232
13639 5 68 232
13640 6 73 232
13641 7 143 232
13642 8 185 232
13643 9 113 232
13644 10 189 232
13645 11 50 232
13646 12 155 232
13647 13 236 232
13648 14 124 232
13649 15 242 232
13650 16 137 232
13651 17 148 232
13652 18 122 232
13653 19 255 232
13654 20 197 232
13655 21 115 232
13656 22 51 232
13657 23 162 232
13658 24 254 232
13659 25 168 232
13660 26 116 232
13661 27 61 232
13662 28 132 232
13663 29 224 232
13664 30 141 232
13665 31 80 232
13666 32 256 232
13667 33 120 232
13668 34 72 232
13669 35 127 232
13670 36 61 232
13671 37 187 232
13672 38 89 232
13673 39 148 232
13674 40 96 232
13675 41 70 232
13676 42 152 232
13677 43 173 232
13678 44 198 232
13679 45 42 232
13680 46 4 232
13681 47 113 232
13682 48 8 232
13683 49 126 232
13684 50 192 232
13685 51 84 232
13686 52 116 232
13687 53 56 232
13688 55 168 232
13689 54 39 232
13690 56 149 232
13691 57 132 232
13692 58 92 232
13693 59 57 232
13694 60 59 232
13695 61 126 232
13696 62 243 232
13697 63 136 232
13698 64 177 232
13699 65 161 232
13700 66 126 232
13701 67 187 232
13702 68 15 232
13703 69 248 232
13704 70 174 232
13705 71 255 232
13706 72 152 232
13707 73 40 232
13708 74 69 232
13709 75 48 232
13710 76 244 232
13711 77 118 232
13712 78 37 232
13713 79 224 232
13714 80 82 232
13715 81 258 232
13716 82 67 232
13717 83 197 232
13718 84 104 232
13719 85 56 232
13720 86 68 232
13721 87 39 232
13722 88 123 232
13723 89 81 232
13724 90 154 232
13725 91 48 232
13726 92 146 232
13727 93 156 232
13728 94 194 232
13729 95 45 232
13730 96 138 232
13731 97 75 232
13732 98 153 232
13733 99 258 232
13734 100 105 232
13735 101 20 232
13736 102 117 232
13737 103 204 232
13738 0 94 233
13739 1 241 233
13740 2 41 233
13741 3 187 233
13742 4 190 233
13743 5 36 233
13744 6 219 233
13745 7 102 233
13746 8 25 233
13747 9 93 233
13748 10 101 233
13749 11 187 233
13750 12 60 233
13751 13 160 233
13752 15 106 233
13753 14 15 233
13754 16 163 233
13755 17 213 233
13756 18 165 233
13757 19 250 233
13758 20 160 233
13759 21 98 233
13760 22 132 233
13761 23 35 233
13762 24 132 233
13763 25 90 233
13764 26 162 233
13765 27 93 233
13766 28 15 233
13767 29 225 233
13768 30 164 233
13769 31 76 233
13770 32 64 233
13771 33 226 233
13772 34 246 233
13773 35 176 233
13774 36 162 233
13775 37 6 233
13776 38 92 233
13777 39 143 233
13778 40 66 233
13779 41 174 233
13780 42 31 233
13781 43 58 233
13782 44 95 233
13783 45 78 233
13784 46 24 233
13785 47 57 233
13786 48 78 233
13787 49 195 233
13788 50 244 233
13789 51 81 233
13790 52 39 233
13791 53 189 233
13792 54 213 233
13793 55 99 233
13794 56 182 233
13795 57 247 233
13796 58 33 233
13797 59 131 233
13798 60 7 233
13799 61 66 233
13800 62 192 233
13801 63 226 233
13802 64 150 233
13803 65 149 233
13804 66 242 233
13805 67 71 233
13806 68 1 233
13807 69 202 233
13808 70 242 233
13809 71 5 233
13810 72 201 233
13811 73 132 233
13812 74 193 233
13813 75 84 233
13814 76 85 233
13815 77 122 233
13816 78 103 233
13817 79 198 233
13818 80 244 233
13819 81 186 233
13820 82 77 233
13821 83 41 233
13822 84 159 233
13823 85 117 233
13824 86 29 233
13825 87 120 233
13826 88 64 233
13827 89 54 233
13828 90 2 233
13829 91 216 233
13830 92 73 233
13831 93 54 233
13832 94 161 233
13833 95 204 233
13834 96 54 233
13835 97 225 233
13836 98 218 233
13837 99 38 233
13838 100 189 233
13839 101 95 233
13840 102 2 233
13841 103 109 233
13842 104 42 233
13843 106 88 233
13844 0 53 234
13845 1 226 234
13846 2 230 234
13847 3 124 234
13848 4 77 234
13849 5 136 234
13850 6 72 234
13851 7 50 234
13852 8 104 234
13853 9 46 234
13854 10 99 234
13855 11 77 234
13856 12 186 234
13857 13 102 234
13858 14 150 234
13859 15 111 234
13860 16 83 234
13861 17 104 234
13862 18 90 234
13863 19 229 234
13864 20 89 234
13865 21 174 234
13866 22 128 234
13867 23 145 234
13868 24 37 234
13869 25 95 234
13870 26 189 234
13871 27 205 234
13872 28 60 234
13873 29 89 234
13874 30 188 234
13875 31 41 234
13876 32 79 234
13877 33 35 234
13878 34 154 234
13879 35 140 234
13880 36 240 234
13881 37 144 234
13882 38 30 234
13883 39 248 234
13884 40 56 234
13885 41 219 234
13886 42 158 234
13887 43 63 234
13888 44 261 234
13889 45 105 234
13890 46 45 234
13891 47 147 234
13892 48 235 234
13893 49 148 234
13894 50 161 234
13895 51 99 234
13896 52 34 234
13897 53 47 234
13898 54 159 234
13899 55 181 234
13900 56 50 234
13901 57 31 234
13902 58 181 234
13903 59 154 234
13904 60 26 234
13905 61 162 234
13906 62 256 234
13907 63 102 234
13908 64 171 234
13909 65 92 234
13910 66 184 234
13911 67 47 234
13912 68 111 234
13913 69 154 234
13914 70 117 234
13915 71 27 234
13916 72 136 234
13917 73 197 234
13918 74 63 234
13919 75 21 234
13920 76 89 234
13921 77 120 234
13922 78 15 234
13923 79 119 234
13924 80 137 234
13925 81 198 234
13926 82 39 234
13927 83 60 234
13928 84 202 234
13929 85 107 234
13930 86 63 234
13931 87 71 234
13932 88 190 234
13933 89 169 234
13934 90 166 234
13935 91 68 234
13936 92 175 234
13937 93 167 234
13938 94 97 234
13939 95 260 234
13940 96 65 234
13941 98 167 234
13942 97 11 234
13943 100 72 234
13944 99 225 234
13945 101 239 234
13946 102 149 234
13947 103 158 234
13948 104 50 234
13949 105 43 234
13950 106 133 234
13951 107 251 234
13952 0 75 235
13953 1 159 235
13954 2 206 235
13955 3 100 235
13956 4 127 235
13957 5 109 235
13958 6 28 235
13959 7 21 235
13960 8 111 235
13961 9 141 235
13962 10 11 235
13963 11 37 235
13964 12 76 235
13965 13 7 235
13966 14 39 235
13967 15 117 235
13968 16 250 235
13969 17 224 235
13970 18 33 235
13971 19 212 235
13972 20 71 235
13973 21 229 235
13974 22 91 235
13975 23 234 235
13976 24 243 235
13977 25 214 235
13978 26 183 235
13979 27 165 235
13980 28 230 235
13981 29 130 235
13982 30 159 235
13983 31 154 235
13984 32 235 235
13985 33 122 235
13986 34 63 235
13987 35 2 235
13988 36 128 235
13989 37 198 235
13990 38 29 235
13991 39 77 235
13992 40 146 235
13993 41 164 235
13994 42 150 235
13995 43 236 235
13996 44 118 235
13997 45 196 235
13998 46 229 235
13999 47 154 235
14000 48 242 235
14001 49 11 235
14002 50 249 235
14003 51 71 235
14004 52 220 235
14005 54 22 235
14006 53 206 235
14007 55 152 235
14008 56 165 235
14009 57 136 235
14010 58 54 235
14011 59 4 235
14012 60 174 235
14013 61 190 235
14014 62 224 235
14015 63 231 235
14016 64 213 235
14017 65 140 235
14018 66 73 235
14019 67 164 235
14020 68 237 235
14021 69 65 235
14022 70 211 235
14023 71 215 235
14024 72 34 235
14025 73 106 235
14026 74 40 235
14027 75 71 235
14028 76 143 235
14029 77 145 235
14030 78 256 235
14031 79 18 235
14032 80 198 235
14033 81 148 235
14034 82 207 235
14035 83 203 235
14036 84 204 235
14037 85 76 235
14038 86 187 235
14039 87 229 235
14040 88 234 235
14041 89 237 235
14042 90 243 235
14043 91 254 235
14044 92 247 235
14045 93 81 235
14046 94 235 235
14047 95 156 235
14048 96 180 235
14049 97 169 235
14050 98 71 235
14051 99 99 235
14052 100 94 235
14053 101 241 235
14054 102 185 235
14055 103 99 235
14056 104 233 235
14057 105 78 235
14058 106 110 235
14059 107 231 235
14060 108 250 235
14061 109 204 235
14062 0 160 236
14063 1 204 236
14064 2 104 236
14065 3 227 236
14066 4 121 236
14067 5 206 236
14068 6 232 236
14069 7 7 236
14070 8 250 236
14071 9 169 236
14072 10 146 236
14073 11 59 236
14074 12 170 236
14075 13 109 236
14076 14 181 236
14077 15 176 236
14078 16 42 236
14079 17 103 236
14080 18 221 236
14081 19 90 236
14082 20 24 236
14083 21 169 236
14084 22 59 236
14085 23 253 236
14086 24 136 236
14087 25 72 236
14088 26 111 236
14089 27 76 236
14090 28 114 236
14091 29 78 236
14092 30 49 236
14093 31 109 236
14094 32 227 236
14095 33 62 236
14096 34 39 236
14097 35 89 236
14098 36 10 236
14099 37 33 236
14100 38 115 236
14101 39 61 236
14102 40 39 236
14103 41 23 236
14104 42 25 236
14105 43 80 236
14106 44 37 236
14107 45 221 236
14108 46 210 236
14109 47 71 236
14110 48 215 236
14111 49 257 236
14112 50 237 236
14113 51 96 236
14114 52 177 236
14115 53 18 236
14116 54 209 236
14117 55 222 236
14118 56 84 236
14119 57 88 236
14120 58 224 236
14121 59 192 236
14122 60 76 236
14123 61 214 236
14124 62 10 236
14125 63 230 236
14126 64 13 236
14127 65 75 236
14128 66 87 236
14129 67 82 236
14130 68 46 236
14131 69 177 236
14132 70 171 236
14133 71 207 236
14134 72 47 236
14135 73 164 236
14136 74 54 236
14137 75 189 236
14138 76 64 236
14139 77 47 236
14140 78 202 236
14141 79 159 236
14142 80 7 236
14143 81 223 236
14144 82 45 236
14145 83 15 236
14146 84 195 236
14147 85 137 236
14148 86 6 236
14149 87 227 236
14150 88 12 236
14151 89 114 236
14152 90 172 236
14153 91 44 236
14154 92 51 236
14155 93 119 236
14156 94 77 236
14157 95 109 236
14158 96 92 236
14159 97 252 236
14160 98 146 236
14161 99 196 236
14162 100 40 236
14163 101 66 236
14164 102 73 236
14165 103 102 236
14166 104 67 236
14167 105 246 236
14168 106 159 236
14169 107 156 236
14170 108 196 236
14171 109 227 236
14172 110 148 236
14173 111 105 236
14174 113 222 236
14175 0 249 237
14176 1 190 237
14177 2 90 237
14178 3 73 237
14179 4 18 237
14180 5 236 237
14181 6 250 237
14182 7 47 237
14183 8 153 237
14184 9 15 237
14185 10 39 237
14186 11 36 237
14187 12 108 237
14188 13 94 237
14189 14 81 237
14190 15 199 237
14191 16 62 237
14192 17 151 237
14193 18 29 237
14194 19 227 237
14195 20 4 237
14196 21 125 237
14197 22 257 237
14198 23 209 237
14199 24 126 237
14200 25 87 237
14201 26 14 237
14202 27 21 237
14203 28 34 237
14204 29 77 237
14205 30 110 237
14206 31 43 237
14207 32 86 237
14208 33 11 237
14209 34 246 237
14210 35 86 237
14211 36 87 237
14212 37 210 237
14213 38 262 237
14214 39 28 237
14215 40 39 237
14216 41 15 237
14217 42 248 237
14218 43 61 237
14219 44 143 237
14220 45 250 237
14221 46 194 237
14222 47 220 237
14223 48 223 237
14224 49 39 237
14225 50 124 237
14226 51 40 237
14227 52 242 237
14228 53 221 237
14229 54 130 237
14230 55 10 237
14231 56 126 237
14232 57 230 237
14233 58 230 237
14234 59 92 237
14235 60 5 237
14236 61 76 237
14237 62 226 237
14238 63 141 237
14239 64 226 237
14240 65 222 237
14241 66 91 237
14242 67 229 237
14243 68 150 237
14244 69 250 237
14245 70 136 237
14246 71 115 237
14247 72 235 237
14248 73 227 237
14249 74 118 237
14250 75 223 237
14251 76 217 237
14252 77 70 237
14253 78 32 237
14254 79 112 237
14255 80 159 237
14256 81 156 237
14257 82 50 237
14258 83 49 237
14259 84 3 237
14260 85 205 237
14261 86 34 237
14262 87 140 237
14263 88 176 237
14264 89 163 237
14265 90 171 237
14266 91 189 237
14267 92 124 237
14268 93 152 237
14269 94 186 237
14270 95 195 237
14271 96 120 237
14272 97 222 237
14273 98 10 237
14274 99 117 237
14275 100 111 237
14276 101 230 237
14277 102 6 237
14278 103 214 237
14279 104 35 237
14280 105 99 237
14281 106 38 237
14282 107 144 237
14283 108 146 237
14284 109 128 237
14285 110 27 237
14286 111 97 237
14287 112 117 237
14288 113 163 237
14289 0 224 238
14290 1 121 238
14291 2 23 238
14292 3 107 238
14293 4 106 238
14294 5 157 238
14295 6 166 238
14296 7 163 238
14297 8 187 238
14298 9 139 238
14299 10 222 238
14300 11 72 238
14301 12 110 238
14302 13 30 238
14303 14 86 238
14304 15 89 238
14305 16 1 238
14306 17 129 238
14307 18 145 238
14308 19 247 238
14309 20 168 238
14310 21 39 238
14311 22 94 238
14312 23 248 238
14313 24 166 238
14314 25 70 238
14315 26 209 238
14316 27 219 238
14317 28 90 238
14318 29 242 238
14319 30 34 238
14320 31 112 238
14321 32 47 238
14322 33 231 238
14323 34 33 238
14324 35 160 238
14325 36 101 238
14326 37 230 238
14327 38 256 238
14328 39 253 238
14329 40 229 238
14330 41 34 238
14331 42 143 238
14332 43 260 238
14333 44 90 238
14334 45 14 238
14335 46 108 238
14336 47 221 238
14337 48 176 238
14338 49 99 238
14339 50 121 238
14340 51 147 238
14341 52 132 238
14342 53 68 238
14343 54 44 238
14344 55 203 238
14345 56 47 238
14346 57 126 238
14347 58 213 238
14348 59 57 238
14349 60 59 238
14350 61 199 238
14351 62 210 238
14352 63 110 238
14353 64 47 238
14354 65 39 238
14355 66 78 238
14356 67 26 238
14357 68 73 238
14358 69 238 238
14359 70 243 238
14360 71 67 238
14361 72 215 238
14362 73 233 238
14363 74 140 238
14364 75 175 238
14365 76 194 238
14366 77 48 238
14367 78 84 238
14368 79 104 238
14369 80 102 238
14370 81 256 238
14371 82 172 238
14372 83 233 238
14373 84 1 238
14374 85 179 238
14375 86 203 238
14376 87 140 238
14377 88 94 238
14378 89 126 238
14379 90 261 238
14380 91 30 238
14381 92 162 238
14382 93 209 238
14383 94 167 238
14384 95 227 238
14385 96 65 238
14386 97 21 238
14387 98 120 238
14388 99 124 238
14389 100 189 238
14390 101 49 238
14391 102 160 238
14392 103 53 238
14393 104 38 238
14394 105 146 238
14395 106 52 238
14396 107 139 238
14397 108 193 238
14398 109 35 238
14399 110 109 238
14400 111 237 238
14401 112 24 238
14402 113 249 238
14403 114 91 238
14404 0 235 239
14405 1 115 239
14406 2 61 239
14407 3 147 239
14408 4 195 239
14409 5 161 239
14410 6 117 239
14411 7 245 239
14412 8 25 239
14413 9 129 239
14414 10 227 239
14415 11 210 239
14416 12 68 239
14417 13 132 239
14418 14 52 239
14419 15 139 239
14420 16 250 239
14421 17 230 239
14422 18 148 239
14423 19 138 239
14424 20 69 239
14425 21 114 239
14426 22 222 239
14427 23 77 239
14428 24 260 239
14429 25 74 239
14430 26 101 239
14431 27 157 239
14432 28 97 239
14433 29 107 239
14434 30 125 239
14435 31 56 239
14436 32 55 239
14437 33 171 239
14438 34 177 239
14439 35 156 239
14440 36 44 239
14441 37 39 239
14442 38 50 239
14443 39 48 239
14444 40 2 239
14445 41 247 239
14446 42 254 239
14447 43 145 239
14448 44 67 239
14449 45 94 239
14450 46 101 239
14451 47 261 239
14452 48 139 239
14453 49 253 239
14454 50 117 239
14455 51 167 239
14456 52 71 239
14457 53 198 239
14458 54 19 239
14459 55 16 239
14460 56 71 239
14461 57 147 239
14462 58 238 239
14463 59 2 239
14464 60 148 239
14465 61 226 239
14466 62 150 239
14467 63 185 239
14468 64 224 239
14469 65 127 239
14470 66 72 239
14471 67 4 239
14472 68 221 239
14473 69 105 239
14474 70 171 239
14475 71 143 239
14476 72 91 239
14477 73 95 239
14478 74 25 239
14479 75 44 239
14480 76 203 239
14481 77 192 239
14482 78 108 239
14483 79 208 239
14484 80 166 239
14485 81 141 239
14486 82 193 239
14487 83 140 239
14488 84 111 239
14489 85 101 239
14490 86 171 239
14491 87 239 239
14492 88 216 239
14493 89 150 239
14494 90 47 239
14495 91 247 239
14496 92 104 239
14497 93 210 239
14498 94 191 239
14499 95 141 239
14500 96 111 239
14501 97 227 239
14502 98 140 239
14503 99 99 239
14504 100 85 239
14505 101 218 239
14506 102 242 239
14507 103 128 239
14508 104 106 239
14509 105 238 239
14510 106 1 239
14511 107 237 239
14512 108 186 239
14513 109 62 239
14514 110 41 239
14515 111 26 239
14516 112 231 239
14517 113 138 239
14518 114 86 239
14519 115 89 239
14520 116 39 239
14521 117 205 239
14522 118 241 239
14523 0 227 240
14524 1 138 240
14525 2 118 240
14526 3 145 240
14527 4 246 240
14528 5 26 240
14529 6 261 240
14530 7 111 240
14531 8 179 240
14532 9 249 240
14533 10 167 240
14534 11 56 240
14535 12 227 240
14536 13 186 240
14537 14 8 240
14538 15 137 240
14539 16 156 240
14540 17 103 240
14541 18 126 240
14542 19 48 240
14543 20 50 240
14544 21 61 240
14545 22 158 240
14546 23 171 240
14547 24 9 240
14548 25 243 240
14549 26 121 240
14550 27 164 240
14551 28 32 240
14552 30 222 240
14553 29 14 240
14554 31 126 240
14555 32 207 240
14556 33 234 240
14557 34 69 240
14558 35 222 240
14559 36 180 240
14560 37 9 240
14561 38 203 240
14562 39 147 240
14563 40 139 240
14564 41 72 240
14565 42 203 240
14566 43 213 240
14567 44 235 240
14568 45 191 240
14569 46 162 240
14570 47 206 240
14571 48 99 240
14572 49 11 240
14573 50 147 240
14574 51 251 240
14575 52 216 240
14576 53 34 240
14577 54 225 240
14578 55 141 240
14579 56 165 240
14580 57 231 240
14581 58 44 240
14582 59 36 240
14583 60 16 240
14584 61 199 240
14585 62 128 240
14586 63 57 240
14587 64 32 240
14588 65 261 240
14589 66 1 240
14590 67 153 240
14591 68 4 240
14592 69 107 240
14593 70 47 240
14594 71 48 240
14595 72 8 240
14596 73 193 240
14597 74 143 240
14598 75 71 240
14599 76 138 240
14600 77 252 240
14601 78 84 240
14602 79 54 240
14603 80 129 240
14604 81 94 240
14605 82 84 240
14606 83 170 240
14607 84 184 240
14608 85 145 240
14609 86 95 240
14610 87 19 240
14611 88 166 240
14612 89 246 240
14613 90 21 240
14614 91 63 240
14615 92 215 240
14616 93 77 240
14617 94 158 240
14618 95 173 240
14619 96 206 240
14620 97 217 240
14621 98 244 240
14622 99 8 240
14623 100 69 240
14624 101 60 240
14625 102 207 240
14626 103 153 240
14627 104 101 240
14628 105 174 240
14629 106 4 240
14630 107 187 240
14631 108 114 240
14632 109 15 240
14633 110 127 240
14634 111 128 240
14635 112 26 240
14636 113 115 240
14637 114 39 240
14638 115 143 240
14639 116 96 240
14640 117 51 240
14641 118 25 240
14642 0 104 241
14643 1 52 241
14644 2 179 241
14645 3 49 241
14646 4 132 241
14647 5 215 241
14648 6 45 241
14649 7 172 241
14650 8 60 241
14651 9 177 241
14652 10 39 241
14653 11 190 241
14654 12 174 241
14655 13 234 241
14656 14 81 241
14657 15 199 241
14658 16 147 241
14659 17 223 241
14660 18 155 241
14661 19 212 241
14662 20 257 241
14663 21 244 241
14664 22 206 241
14665 23 129 241
14666 24 83 241
14667 25 246 241
14668 26 110 241
14669 27 253 241
14670 28 189 241
14671 29 102 241
14672 30 154 241
14673 31 199 241
14674 32 225 241
14675 33 21 241
14676 35 54 241
14677 34 123 241
14678 36 117 241
14679 37 171 241
14680 38 95 241
14681 39 188 241
14682 40 145 241
14683 41 123 241
14684 42 96 241
14685 43 46 241
14686 44 187 241
14687 45 101 241
14688 46 192 241
14689 47 257 241
14690 48 20 241
14691 49 125 241
14692 50 245 241
14693 51 54 241
14694 52 174 241
14695 53 47 241
14696 54 214 241
14697 55 242 241
14698 56 206 241
14699 57 260 241
14700 58 26 241
14701 59 163 241
14702 60 29 241
14703 61 67 241
14704 62 254 241
14705 63 119 241
14706 64 234 241
14707 65 94 241
14708 66 260 241
14709 67 235 241
14710 68 59 241
14711 69 229 241
14712 70 226 241
14713 71 169 241
14714 72 191 241
14715 73 56 241
14716 74 259 241
14717 75 67 241
14718 76 54 241
14719 77 141 241
14720 78 75 241
14721 79 70 241
14722 80 211 241
14723 81 189 241
14724 82 226 241
14725 83 77 241
14726 84 121 241
14727 85 164 241
14728 86 110 241
14729 87 21 241
14730 88 89 241
14731 89 259 241
14732 90 13 241
14733 91 216 241
14734 92 89 241
14735 93 142 241
14736 94 127 241
14737 95 68 241
14738 96 160 241
14739 97 159 241
14740 98 154 241
14741 99 147 241
14742 100 175 241
14743 101 183 241
14744 102 29 241
14745 103 205 241
14746 104 124 241
14747 105 131 241
14748 106 177 241
14749 107 91 241
14750 108 260 241
14751 109 200 241
14752 110 93 241
14753 111 23 241
14754 112 60 241
14755 113 18 241
14756 114 169 241
14757 115 60 241
14758 116 178 241
14759 117 51 241
14760 118 108 241
14761 119 88 241
14762 0 88 242
14763 1 104 242
14764 2 88 242
14765 3 137 242
14766 4 33 242
14767 5 72 242
14768 6 146 242
14769 7 180 242
14770 8 17 242
14771 9 174 242
14772 10 179 242
14773 11 26 242
14774 12 129 242
14775 13 24 242
14776 14 10 242
14777 15 54 242
14778 16 87 242
14779 17 160 242
14780 18 53 242
14781 19 44 242
14782 20 21 242
14783 21 230 242
14784 22 208 242
14785 24 184 242
14786 23 186 242
14787 25 115 242
14788 26 29 242
14789 27 122 242
14790 28 214 242
14791 29 95 242
14792 30 79 242
14793 31 84 242
14794 32 211 242
14795 33 110 242
14796 34 145 242
14797 35 122 242
14798 36 195 242
14799 37 1 242
14800 38 238 242
14801 39 226 242
14802 40 221 242
14803 41 29 242
14804 42 206 242
14805 43 127 242
14806 44 207 242
14807 45 195 242
14808 46 9 242
14809 47 16 242
14810 48 200 242
14811 49 254 242
14812 50 128 242
14813 51 234 242
14814 52 65 242
14815 53 129 242
14816 54 37 242
14817 55 213 242
14818 56 83 242
14819 57 206 242
14820 58 41 242
14821 59 157 242
14822 60 229 242
14823 61 163 242
14824 62 53 242
14825 63 63 242
14826 64 19 242
14827 65 105 242
14828 66 28 242
14829 67 63 242
14830 68 190 242
14831 69 50 242
14832 70 3 242
14833 71 93 242
14834 72 247 242
14835 73 141 242
14836 74 4 242
14837 75 119 242
14838 76 63 242
14839 77 185 242
14840 78 116 242
14841 79 58 242
14842 80 185 242
14843 81 107 242
14844 82 58 242
14845 83 31 242
14846 84 252 242
14847 85 126 242
14848 86 165 242
14849 87 229 242
14850 88 179 242
14851 89 42 242
14852 90 118 242
14853 91 81 242
14854 92 20 242
14855 93 37 242
14856 94 175 242
14857 95 235 242
14858 96 23 242
14859 97 220 242
14860 98 172 242
14861 99 208 242
14862 100 80 242
14863 101 88 242
14864 102 205 242
14865 103 199 242
14866 104 203 242
14867 105 229 242
14868 106 213 242
14869 107 132 242
14870 108 173 242
14871 109 221 242
14872 110 119 242
14873 111 129 242
14874 112 98 242
14875 113 162 242
14876 114 257 242
14877 115 258 242
14878 116 109 242
14879 117 237 242
14880 118 135 242
14881 119 91 242
14882 120 176 242
14883 121 3 242
14884 0 201 243
14885 1 245 243
14886 2 68 243
14887 3 4 243
14888 4 166 243
14889 5 208 243
14890 6 9 243
14891 7 206 243
14892 8 136 243
14893 9 49 243
14894 10 25 243
14895 11 119 243
14896 12 184 243
14897 13 43 243
14898 14 123 243
14899 15 113 243
14900 16 253 243
14901 17 71 243
14902 18 107 243
14903 19 144 243
14904 20 4 243
14905 21 13 243
14906 22 48 243
14907 23 163 243
14908 24 109 243
14909 25 231 243
14910 26 185 243
14911 27 118 243
14912 28 136 243
14913 29 3 243
14914 30 9 243
14915 31 8 243
14916 32 112 243
14917 33 71 243
14918 34 93 243
14919 35 154 243
14920 36 252 243
14921 37 261 243
14922 38 76 243
14923 39 226 243
14924 40 53 243
14925 41 187 243
14926 42 52 243
14927 43 110 243
14928 44 2 243
14929 45 226 243
14930 46 171 243
14931 47 229 243
14932 48 151 243
14933 49 179 243
14934 50 262 243
14935 51 3 243
weights 244 244 244 244 244 244 244 244 244 244 244 244 244 244 244 244 244 244 244 244 244 244 244 244 244 244 244 244 244 244 244 244 244 244 244 244 244 244 244 244 244 244 244 244 244 244 244 244 244 244 244 244 243 243 243 243 243 243 243 243 243 243 243 243 243 243 243 243 243 243 243 243 243 243 243 243 243 243 243 243 243 243 243 243 243 243 243 243 243 243 243 243 243 243 243 243 243 243 243 243 243 243 243 243 243 243 243 243 243 243 243 243 243 243 243 243 243 243 243 243 243 243
