p 257 h 93 constraints 8871
0 0 1 0
1 0 1 1
2 0 1 2
3 0 1 3
4 0 1 4
5 0 1 5
6 0 1 6
7 0 1 7
8 0 1 8
9 0 1 9
10 0 1 10
11 0 1 11
12 0 1 12
13 0 1 13
14 0 1 14
15 0 1 15
16 0 1 16
17 0 1 17
18 0 1 18
19 0 1 19
20 0 1 20
21 0 1 21
22 0 1 22
23 0 1 23
24 0 1 24
25 0 1 25
26 0 1 26
27 0 1 27
28 0 1 28
29 0 1 29
30 0 1 30
31 0 1 31
32 0 1 32
33 0 1 33
34 0 1 34
35 0 1 35
36 0 1 36
37 0 1 37
38 0 1 38
39 0 1 39
40 0 1 40
41 0 1 41
42 0 1 42
43 0 1 43
44 0 1 44
45 0 1 45
46 0 1 46
47 0 1 47
48 1 1 2
49 1 1 3
50 1 1 4
51 1 1 5
52 1 1 6
53 1 1 7
54 1 1 8
55 1 1 9
56 1 1 10
57 1 1 11
58 1 1 12
59 1 1 13
60 1 1 14
61 1 1 15
62 1 1 16
63 1 1 17
64 1 1 18
65 1 1 19
66 1 1 20
67 1 1 21
68 1 1 22
69 1 1 23
70 1 1 24
71 1 1 25
72 1 1 26
73 1 1 27
74 1 1 28
75 1 1 29
76 1 1 30
77 1 1 31
78 1 1 32
79 1 1 33
80 1 1 34
81 1 1 35
82 1 1 36
83 1 1 37
84 1 1 38
85 1 1 39
86 1 1 40
87 1 1 41
88 1 1 42
89 1 1 43
90 1 1 44
91 1 1 45
92 1 1 46
93 1 1 47
94 1 1 48
95 2 1 4
96 2 1 5
97 2 1 6
98 2 1 7
99 2 1 8
100 2 1 9
101 2 1 10
102 2 1 11
103 2 1 12
104 2 1 13
105 2 1 14
106 2 1 15
107 2 1 16
108 2 1 17
109 2 1 18
110 2 1 19
111 2 1 20
112 2 1 21
113 2 1 22
114 2 1 23
115 2 1 24
116 2 1 25
117 2 1 26
118 2 1 27
119 2 1 28
120 2 1 29
121 2 1 30
122 2 1 31
123 2 1 32
124 2 1 33
125 2 1 34
126 2 1 35
127 2 1 36
128 2 1 37
129 2 1 38
130 2 1 39
131 2 1 40
132 2 1 41
133 2 1 42
134 2 1 43
135 2 1 44
136 2 1 45
137 2 1 46
138 2 1 47
139 2 1 48
140 2 1 49
141 3 1 6
142 3 1 7
143 3 1 8
144 3 1 9
145 3 1 10
146 3 1 11
147 3 1 12
148 3 1 13
149 3 1 14
150 3 1 15
151 3 1 16
152 3 1 17
153 3 1 18
154 3 1 19
155 3 1 20
156 3 1 21
157 3 1 22
158 3 1 23
159 3 1 24
160 3 1 25
161 3 1 26
162 3 1 27
163 3 1 28
164 3 1 29
165 3 1 30
166 3 1 31
167 3 1 32
168 3 1 33
169 3 1 34
170 3 1 35
171 3 1 36
172 3 1 37
173 3 1 38
174 3 1 39
175 3 1 40
176 3 1 41
177 3 1 42
178 3 1 43
179 3 1 44
180 3 1 45
181 3 1 46
182 3 1 47
183 3 1 48
184 3 1 49
185 3 1 50
186 4 1 8
187 4 1 9
188 4 1 10
189 4 1 11
190 4 1 12
191 4 1 13
192 4 1 14
193 4 1 15
194 4 1 16
195 4 1 17
196 4 1 18
197 4 1 19
198 4 1 20
199 4 1 21
200 4 1 22
201 4 1 23
202 4 1 24
203 4 1 25
204 4 1 26
205 4 1 27
206 4 1 28
207 4 1 29
208 4 1 30
209 4 1 31
210 4 1 32
211 4 1 33
212 4 1 34
213 4 1 35
214 4 1 36
215 4 1 37
216 4 1 38
217 4 1 39
218 4 1 40
219 4 1 41
220 4 1 42
221 4 1 43
222 4 1 44
223 4 1 45
224 4 1 46
225 4 1 47
226 4 1 48
227 4 1 49
228 4 1 50
229 4 1 51
230 5 1 10
231 5 1 11
232 5 1 12
233 5 1 13
234 5 1 14
235 5 1 15
236 5 1 16
237 5 1 17
238 5 1 18
239 5 1 19
240 5 1 20
241 5 1 21
242 5 1 22
243 5 1 23
244 5 1 24
245 5 1 25
246 5 1 26
247 5 1 27
248 5 1 28
249 5 1 29
250 5 1 30
251 5 1 31
252 5 1 32
253 5 1 33
254 5 1 34
255 5 1 35
256 5 1 36
257 5 1 37
258 5 1 38
259 5 1 39
260 5 1 40
261 5 1 41
262 5 1 42
263 5 1 43
264 5 1 44
265 5 1 45
266 5 1 46
267 5 1 47
268 5 1 48
269 5 1 49
270 5 1 50
271 5 1 51
272 5 1 52
273 6 1 12
274 6 1 13
275 6 1 14
276 6 1 15
277 6 1 16
278 6 1 17
279 6 1 18
280 6 1 19
281 6 1 20
282 6 1 21
283 6 1 22
284 6 1 23
285 6 1 24
286 6 1 25
287 6 1 26
288 6 1 27
289 6 1 28
290 6 1 29
291 6 1 30
292 6 1 31
293 6 1 32
294 6 1 33
295 6 1 34
296 6 1 35
297 6 1 36
298 6 1 37
299 6 1 38
300 6 1 39
301 6 1 40
302 6 1 41
303 6 1 42
304 6 1 43
305 6 1 44
306 6 1 45
307 6 1 46
308 6 1 47
309 6 1 48
310 6 1 49
311 6 1 50
312 6 1 51
313 6 1 52
314 6 1 53
315 7 1 14
316 7 1 15
317 7 1 16
318 7 1 17
319 7 1 18
320 7 1 19
321 7 1 20
322 7 1 21
323 7 1 22
324 7 1 23
325 7 1 24
326 7 1 25
327 7 1 26
328 7 1 27
329 7 1 28
330 7 1 29
331 7 1 30
332 7 1 31
333 7 1 32
334 7 1 33
335 7 1 34
336 7 1 35
337 7 1 36
338 7 1 37
339 7 1 38
340 7 1 39
341 7 1 40
342 7 1 41
343 7 1 42
344 7 1 43
345 7 1 44
346 7 1 45
347 7 1 46
348 7 1 47
349 7 1 48
350 7 1 49
351 7 1 50
352 7 1 51
353 7 1 52
354 7 1 53
355 7 1 54
356 8 1 16
357 8 1 17
358 8 1 18
359 8 1 19
360 8 1 20
361 8 1 21
362 8 1 22
363 8 1 23
364 8 1 24
365 8 1 25
366 8 1 26
367 8 1 27
368 8 1 28
369 8 1 29
370 8 1 30
371 8 1 31
372 8 1 32
373 8 1 33
374 8 1 34
375 8 1 35
376 8 1 36
377 8 1 37
378 8 1 38
379 8 1 39
380 8 1 40
381 8 1 41
382 8 1 42
383 8 1 43
384 8 1 44
385 8 1 45
386 8 1 46
387 8 1 47
388 8 1 48
389 8 1 49
390 8 1 50
391 8 1 51
392 8 1 52
393 8 1 53
394 8 1 54
395 8 1 55
396 9 1 18
397 9 1 19
398 9 1 20
399 9 1 21
400 9 1 22
401 9 1 23
402 9 1 24
403 9 1 25
404 9 1 26
405 9 1 27
406 9 1 28
407 9 1 29
408 9 1 30
409 9 1 31
410 9 1 32
411 9 1 33
412 9 1 34
413 9 1 35
414 9 1 36
415 9 1 37
416 9 1 38
417 9 1 39
418 9 1 40
419 9 1 41
420 9 1 42
421 9 1 43
422 9 1 44
423 9 1 45
424 9 1 46
425 9 1 47
426 9 1 48
427 9 1 49
428 9 1 50
429 9 1 51
430 9 1 52
431 9 1 53
432 9 1 54
433 9 1 55
434 9 1 56
435 10 1 20
436 10 1 21
437 10 1 22
438 10 1 23
439 10 1 24
440 10 1 25
441 10 1 26
442 10 1 27
443 10 1 28
444 10 1 29
445 10 1 30
446 10 1 31
447 10 1 32
448 10 1 33
449 10 1 34
450 10 1 35
451 10 1 36
452 10 1 37
453 10 1 38
454 10 1 39
455 10 1 40
456 10 1 41
457 10 1 42
458 10 1 43
459 10 1 44
460 10 1 45
461 10 1 46
462 10 1 47
463 10 1 48
464 10 1 49
465 10 1 50
466 10 1 51
467 10 1 52
468 10 1 53
469 10 1 54
470 10 1 55
471 10 1 56
472 10 1 57
473 11 1 22
474 11 1 23
475 11 1 24
476 11 1 25
477 11 1 26
478 11 1 27
479 11 1 28
480 11 1 29
481 11 1 30
482 11 1 31
483 11 1 32
484 11 1 33
485 11 1 34
486 11 1 35
487 11 1 36
488 11 1 37
489 11 1 38
490 11 1 39
491 11 1 40
492 11 1 41
493 11 1 42
494 11 1 43
495 11 1 44
496 11 1 45
497 11 1 46
498 11 1 47
499 11 1 48
500 11 1 49
501 11 1 50
502 11 1 51
503 11 1 52
504 11 1 53
505 11 1 54
506 11 1 55
507 11 1 56
508 11 1 57
509 11 1 58
510 12 1 24
511 12 1 25
512 12 1 26
513 12 1 27
514 12 1 28
515 12 1 29
516 12 1 30
517 12 1 31
518 12 1 32
519 12 1 33
520 12 1 34
521 12 1 35
522 12 1 36
523 12 1 37
524 12 1 38
525 12 1 39
526 12 1 40
527 12 1 41
528 12 1 42
529 12 1 43
530 12 1 44
531 12 1 45
532 12 1 46
533 12 1 47
534 12 1 48
535 12 1 49
536 12 1 50
537 12 1 51
538 12 1 52
539 12 1 53
540 12 1 54
541 12 1 55
542 12 1 56
543 12 1 57
544 12 1 58
545 12 1 59
546 13 1 26
547 13 1 27
548 13 1 28
549 13 1 29
550 13 1 30
551 13 1 31
552 13 1 32
553 13 1 33
554 13 1 34
555 13 1 35
556 13 1 36
557 13 1 37
558 13 1 38
559 13 1 39
560 13 1 40
561 13 1 41
562 13 1 42
563 13 1 43
564 13 1 44
565 13 1 45
566 13 1 46
567 13 1 47
568 13 1 48
569 13 1 49
570 13 1 50
571 13 1 51
572 13 1 52
573 13 1 53
574 13 1 54
575 13 1 55
576 13 1 56
577 13 1 57
578 13 1 58
579 13 1 59
580 13 1 60
581 14 1 28
582 14 1 29
583 14 1 30
584 14 1 31
585 14 1 32
586 14 1 33
587 14 1 34
588 14 1 35
589 14 1 36
590 14 1 37
591 14 1 38
592 14 1 39
593 14 1 40
594 14 1 41
595 14 1 42
596 14 1 43
597 14 1 44
598 14 1 45
599 14 1 46
600 14 1 47
601 14 1 48
602 14 1 49
603 14 1 50
604 14 1 51
605 14 1 52
606 14 1 53
607 14 1 54
608 14 1 55
609 14 1 56
610 14 1 57
611 14 1 58
612 14 1 59
613 14 1 60
614 14 1 61
615 15 1 30
616 15 1 31
617 15 1 32
618 15 1 33
619 15 1 34
620 15 1 35
621 15 1 36
622 15 1 37
623 15 1 38
624 15 1 39
625 15 1 40
626 15 1 41
627 15 1 42
628 15 1 43
629 15 1 44
630 15 1 45
631 15 1 46
632 15 1 47
633 15 1 48
634 15 1 49
635 15 1 50
636 15 1 51
637 15 1 52
638 15 1 53
639 15 1 54
640 15 1 55
641 15 1 56
642 15 1 57
643 15 1 58
644 15 1 59
645 15 1 60
646 15 1 61
647 15 1 62
648 16 1 32
649 16 1 33
650 16 1 34
651 16 1 35
652 16 1 36
653 16 1 37
654 16 1 38
655 16 1 39
656 16 1 40
657 16 1 41
658 16 1 42
659 16 1 43
660 16 1 44
661 16 1 45
662 16 1 46
663 16 1 47
664 16 1 48
665 16 1 49
666 16 1 50
667 16 1 51
668 16 1 52
669 16 1 53
670 16 1 54
671 16 1 55
672 16 1 56
673 16 1 57
674 16 1 58
675 16 1 59
676 16 1 60
677 16 1 61
678 16 1 62
679 16 1 63
680 17 1 34
681 17 1 35
682 17 1 36
683 17 1 37
684 17 1 38
685 17 1 39
686 17 1 40
687 17 1 41
688 17 1 42
689 17 1 43
690 17 1 44
691 17 1 45
692 17 1 46
693 17 1 47
694 17 1 48
695 17 1 49
696 17 1 50
697 17 1 51
698 17 1 52
699 17 1 53
700 17 1 54
701 17 1 55
702 17 1 56
703 17 1 57
704 17 1 58
705 17 1 59
706 17 1 60
707 17 1 61
708 17 1 62
709 17 1 63
710 17 1 64
711 18 1 36
712 18 1 37
713 18 1 38
714 18 1 39
715 18 1 40
716 18 1 41
717 18 1 42
718 18 1 43
719 18 1 44
720 18 1 45
721 18 1 46
722 18 1 47
723 18 1 48
724 18 1 49
725 18 1 50
726 18 1 51
727 18 1 52
728 18 1 53
729 18 1 54
730 18 1 55
731 18 1 56
732 18 1 57
733 18 1 58
734 18 1 59
735 18 1 60
736 18 1 61
737 18 1 62
738 18 1 63
739 18 1 64
740 18 1 65
741 19 1 38
742 19 1 39
743 19 1 40
744 19 1 41
745 19 1 42
746 19 1 43
747 19 1 44
748 19 1 45
749 19 1 46
750 19 1 47
751 19 1 48
752 19 1 49
753 19 1 50
754 19 1 51
755 19 1 52
756 19 1 53
757 19 1 54
758 19 1 55
759 19 1 56
760 19 1 57
761 19 1 58
762 19 1 59
763 19 1 60
764 19 1 61
765 19 1 62
766 19 1 63
767 19 1 64
768 19 1 65
769 19 1 66
770 20 1 40
771 20 1 41
772 20 1 42
773 20 1 43
774 20 1 44
775 20 1 45
776 20 1 46
777 20 1 47
778 20 1 48
779 20 1 49
780 20 1 50
781 20 1 51
782 20 1 52
783 20 1 53
784 20 1 54
785 20 1 55
786 20 1 56
787 20 1 57
788 20 1 58
789 20 1 59
790 20 1 60
791 20 1 61
792 20 1 62
793 20 1 63
794 20 1 64
795 20 1 65
796 20 1 66
797 20 1 67
798 21 1 42
799 21 1 43
800 21 1 44
801 21 1 45
802 21 1 46
803 21 1 47
804 21 1 48
805 21 1 49
806 21 1 50
807 21 1 51
808 21 1 52
809 21 1 53
810 21 1 54
811 21 1 55
812 21 1 56
813 21 1 57
814 21 1 58
815 21 1 59
816 21 1 60
817 21 1 61
818 21 1 62
819 21 1 63
820 21 1 64
821 21 1 65
822 21 1 66
823 21 1 67
824 21 1 68
825 22 1 44
826 22 1 45
827 22 1 46
828 22 1 47
829 22 1 48
830 22 1 49
831 22 1 50
832 22 1 51
833 22 1 52
834 22 1 53
835 22 1 54
836 22 1 55
837 22 1 56
838 22 1 57
839 22 1 58
840 22 1 59
841 22 1 60
842 22 1 61
843 22 1 62
844 22 1 63
845 22 1 64
846 22 1 65
847 22 1 66
848 22 1 67
849 22 1 68
850 22 1 69
851 23 1 46
852 23 1 47
853 23 1 48
854 23 1 49
855 23 1 50
856 23 1 51
857 23 1 52
858 23 1 53
859 23 1 54
860 23 1 55
861 23 1 56
862 23 1 57
863 23 1 58
864 23 1 59
865 23 1 60
866 23 1 61
867 23 1 62
868 23 1 63
869 23 1 64
870 23 1 65
871 23 1 66
872 23 1 67
873 23 1 68
874 23 1 69
875 23 1 70
876 24 1 48
877 24 1 49
878 24 1 50
879 24 1 51
880 24 1 52
881 24 1 53
882 24 1 54
883 24 1 55
884 24 1 56
885 24 1 57
886 24 1 58
887 24 1 59
888 24 1 60
889 24 1 61
890 24 1 62
891 24 1 63
892 24 1 64
893 24 1 65
894 24 1 66
895 24 1 67
896 24 1 68
897 24 1 69
898 24 1 70
899 24 1 71
900 25 1 50
901 25 1 51
902 25 1 52
903 25 1 53
904 25 1 54
905 25 1 55
906 25 1 56
907 25 1 57
908 25 1 58
909 25 1 59
910 25 1 60
911 25 1 61
912 25 1 62
913 25 1 63
914 25 1 64
915 25 1 65
916 25 1 66
917 25 1 67
918 25 1 68
919 25 1 69
920 25 1 70
921 25 1 71
922 25 1 72
923 26 1 52
924 26 1 53
925 26 1 54
926 26 1 55
927 26 1 56
928 26 1 57
929 26 1 58
930 26 1 59
931 26 1 60
932 26 1 61
933 26 1 62
934 26 1 63
935 26 1 64
936 26 1 65
937 26 1 66
938 26 1 67
939 26 1 68
940 26 1 69
941 26 1 70
942 26 1 71
943 26 1 72
944 26 1 73
945 27 1 54
946 27 1 55
947 27 1 56
948 27 1 57
949 27 1 58
950 27 1 59
951 27 1 60
952 27 1 61
953 27 1 62
954 27 1 63
955 27 1 64
956 27 1 65
957 27 1 66
958 27 1 67
959 27 1 68
960 27 1 69
961 27 1 70
962 27 1 71
963 27 1 72
964 27 1 73
965 27 1 74
966 28 1 56
967 28 1 57
968 28 1 58
969 28 1 59
970 28 1 60
971 28 1 61
972 28 1 62
973 28 1 63
974 28 1 64
975 28 1 65
976 28 1 66
977 28 1 67
978 28 1 68
979 28 1 69
980 28 1 70
981 28 1 71
982 28 1 72
983 28 1 73
984 28 1 74
985 28 1 75
986 29 1 58
987 29 1 59
988 29 1 60
989 29 1 61
990 29 1 62
991 29 1 63
992 29 1 64
993 29 1 65
994 29 1 66
995 29 1 67
996 29 1 68
997 29 1 69
998 29 1 70
999 29 1 71
1000 29 1 72
1001 29 1 73
1002 29 1 74
1003 29 1 75
1004 29 1 76
1005 30 1 60
1006 30 1 61
1007 30 1 62
1008 30 1 63
1009 30 1 64
1010 30 1 65
1011 30 1 66
1012 30 1 67
1013 30 1 68
1014 30 1 69
1015 30 1 70
1016 30 1 71
1017 30 1 72
1018 30 1 73
1019 30 1 74
1020 30 1 75
1021 30 1 76
1022 30 1 77
1023 31 1 62
1024 31 1 63
1025 31 1 64
1026 31 1 65
1027 31 1 66
1028 31 1 67
1029 31 1 68
1030 31 1 69
1031 31 1 70
1032 31 1 71
1033 31 1 72
1034 31 1 73
1035 31 1 74
1036 31 1 75
1037 31 1 76
1038 31 1 77
1039 31 1 78
1040 32 1 64
1041 32 1 65
1042 32 1 66
1043 32 1 67
1044 32 1 68
1045 32 1 69
1046 32 1 70
1047 32 1 71
1048 32 1 72
1049 32 1 73
1050 32 1 74
1051 32 1 75
1052 32 1 76
1053 32 1 77
1054 32 1 78
1055 32 1 79
1056 33 1 66
1057 33 1 67
1058 33 1 68
1059 33 1 69
1060 33 1 70
1061 33 1 71
1062 33 1 72
1063 33 1 73
1064 33 1 74
1065 33 1 75
1066 33 1 76
1067 33 1 77
1068 33 1 78
1069 33 1 79
1070 33 1 80
1071 34 1 68
1072 34 1 69
1073 34 1 70
1074 34 1 71
1075 34 1 72
1076 34 1 73
1077 34 1 74
1078 34 1 75
1079 34 1 76
1080 34 1 77
1081 34 1 78
1082 34 1 79
1083 34 1 80
1084 34 1 81
1085 35 1 70
1086 35 1 71
1087 35 1 72
1088 35 1 73
1089 35 1 74
1090 35 1 75
1091 35 1 76
1092 35 1 77
1093 35 1 78
1094 35 1 79
1095 35 1 80
1096 35 1 81
1097 35 1 82
1098 36 1 72
1099 36 1 73
1100 36 1 74
1101 36 1 75
1102 36 1 76
1103 36 1 77
1104 36 1 78
1105 36 1 79
1106 36 1 80
1107 36 1 81
1108 36 1 82
1109 36 1 83
1110 37 1 74
1111 37 1 75
1112 37 1 76
1113 37 1 77
1114 37 1 78
1115 37 1 79
1116 37 1 80
1117 37 1 81
1118 37 1 82
1119 37 1 83
1120 37 1 84
1121 38 1 76
1122 38 1 77
1123 38 1 78
1124 38 1 79
1125 38 1 80
1126 38 1 81
1127 38 1 82
1128 38 1 83
1129 38 1 84
1130 38 1 85
1131 39 1 78
1132 39 1 79
1133 39 1 80
1134 39 1 81
1135 39 1 82
1136 39 1 83
1137 39 1 84
1138 39 1 85
1139 39 1 86
1140 40 1 80
1141 40 1 81
1142 40 1 82
1143 40 1 83
1144 40 1 84
1145 40 1 85
1146 40 1 86
1147 40 1 87
1148 41 1 82
1149 41 1 83
1150 41 1 84
1151 41 1 85
1152 41 1 86
1153 41 1 87
1154 41 1 88
1155 42 1 84
1156 42 1 85
1157 42 1 86
1158 42 1 87
1159 42 1 88
1160 42 1 89
1161 43 1 86
1162 43 1 87
1163 43 1 88
1164 43 1 89
1165 43 1 90
1166 44 1 88
1167 44 1 89
1168 44 1 90
1169 44 1 91
1170 45 1 90
1171 45 1 91
1172 45 1 92
1173 46 1 92
1174 46 1 93
1175 47 1 94
1176 48 1 96
1177 47 129 95
1178 46 193 94
1179 45 225 93
1180 44 241 92
1181 43 249 91
1182 42 253 90
1183 41 255 89
1184 40 256 88
1185 39 128 87
1186 38 64 86
1187 37 32 85
1188 36 16 84
1189 35 8 83
1190 34 4 82
1191 33 2 81
1192 32 1 80
1193 31 129 79
1194 30 193 78
1195 29 225 77
1196 28 241 76
1197 27 249 75
1198 26 253 74
1199 25 255 73
1200 24 256 72
1201 23 128 71
1202 22 64 70
1203 21 32 69
1204 20 16 68
1205 19 8 67
1206 18 4 66
1207 17 2 65
1208 16 1 64
1209 15 129 63
1210 14 193 62
1211 13 225 61
1212 12 241 60
1213 11 249 59
1214 10 253 58
1215 9 255 57
1216 8 256 56
1217 7 128 55
1218 6 64 54
1219 5 32 53
1220 4 16 52
1221 49 1 98
1222 48 129 97
1223 47 193 96
1224 46 225 95
1225 45 241 94
1226 44 249 93
1227 43 253 92
1228 42 255 91
1229 41 256 90
1230 40 128 89
1231 39 64 88
1232 38 32 87
1233 37 16 86
1234 36 8 85
1235 35 4 84
1236 34 2 83
1237 33 1 82
1238 32 129 81
1239 31 193 80
1240 30 225 79
1241 29 241 78
1242 28 249 77
1243 27 253 76
1244 26 255 75
1245 25 256 74
1246 24 128 73
1247 23 64 72
1248 22 32 71
1249 21 16 70
1250 20 8 69
1251 19 4 68
1252 18 2 67
1253 17 1 66
1254 16 129 65
1255 15 193 64
1256 14 225 63
1257 13 241 62
1258 12 249 61
1259 11 253 60
1260 10 255 59
1261 9 256 58
1262 8 128 57
1263 7 64 56
1264 6 32 55
1265 50 1 100
1266 49 129 99
1267 48 193 98
1268 47 225 97
1269 46 241 96
1270 45 249 95
1271 44 253 94
1272 43 255 93
1273 42 256 92
1274 41 128 91
1275 40 64 90
1276 39 32 89
1277 38 16 88
1278 37 8 87
1279 36 4 86
1280 35 2 85
1281 34 1 84
1282 33 129 83
1283 32 193 82
1284 31 225 81
1285 30 241 80
1286 29 249 79
1287 28 253 78
1288 27 255 77
1289 26 256 76
1290 25 128 75
1291 24 64 74
1292 23 32 73
1293 22 16 72
1294 21 8 71
1295 20 4 70
1296 19 2 69
1297 18 1 68
1298 17 129 67
1299 16 193 66
1300 15 225 65
1301 14 241 64
1302 13 249 63
1303 12 253 62
1304 11 255 61
1305 10 256 60
1306 9 128 59
1307 8 64 58
1308 51 1 102
1309 50 129 101
1310 49 193 100
1311 48 225 99
1312 47 241 98
1313 46 249 97
1314 45 253 96
1315 44 255 95
1316 43 256 94
1317 42 128 93
1318 41 64 92
1319 40 32 91
1320 39 16 90
1321 38 8 89
1322 37 4 88
1323 36 2 87
1324 35 1 86
1325 34 129 85
1326 33 193 84
1327 32 225 83
1328 31 241 82
1329 30 249 81
1330 29 253 80
1331 28 255 79
1332 27 256 78
1333 26 128 77
1334 25 64 76
1335 24 32 75
1336 23 16 74
1337 22 8 73
1338 21 4 72
1339 20 2 71
1340 19 1 70
1341 18 129 69
1342 17 193 68
1343 16 225 67
1344 15 241 66
1345 14 249 65
1346 13 253 64
1347 12 255 63
1348 11 256 62
1349 10 128 61
1350 52 1 104
1351 51 129 103
1352 50 193 102
1353 49 225 101
1354 48 241 100
1355 47 249 99
1356 46 253 98
1357 45 255 97
1358 44 256 96
1359 43 128 95
1360 42 64 94
1361 41 32 93
1362 40 16 92
1363 39 8 91
1364 38 4 90
1365 37 2 89
1366 36 1 88
1367 35 129 87
1368 34 193 86
1369 33 225 85
1370 32 241 84
1371 31 249 83
1372 30 253 82
1373 29 255 81
1374 28 256 80
1375 27 128 79
1376 26 64 78
1377 25 32 77
1378 24 16 76
1379 23 8 75
1380 22 4 74
1381 21 2 73
1382 20 1 72
1383 19 129 71
1384 18 193 70
1385 17 225 69
1386 16 241 68
1387 15 249 67
1388 14 253 66
1389 13 255 65
1390 12 256 64
1391 53 1 106
1392 52 129 105
1393 51 193 104
1394 50 225 103
1395 49 241 102
1396 48 249 101
1397 47 253 100
1398 46 255 99
1399 45 256 98
1400 44 128 97
1401 43 64 96
1402 42 32 95
1403 41 16 94
1404 40 8 93
1405 39 4 92
1406 38 2 91
1407 37 1 90
1408 36 129 89
1409 35 193 88
1410 34 225 87
1411 33 241 86
1412 32 249 85
1413 31 253 84
1414 30 255 83
1415 29 256 82
1416 28 128 81
1417 27 64 80
1418 26 32 79
1419 25 16 78
1420 24 8 77
1421 23 4 76
1422 22 2 75
1423 21 1 74
1424 20 129 73
1425 19 193 72
1426 18 225 71
1427 17 241 70
1428 16 249 69
1429 15 253 68
1430 14 255 67
1431 54 1 108
1432 53 129 107
1433 52 193 106
1434 51 225 105
1435 50 241 104
1436 49 249 103
1437 48 253 102
1438 47 255 101
1439 46 256 100
1440 45 128 99
1441 44 64 98
1442 43 32 97
1443 42 16 96
1444 41 8 95
1445 40 4 94
1446 39 2 93
1447 38 1 92
1448 37 129 91
1449 36 193 90
1450 35 225 89
1451 34 241 88
1452 33 249 87
1453 32 253 86
1454 31 255 85
1455 30 256 84
1456 29 128 83
1457 28 64 82
1458 27 32 81
1459 26 16 80
1460 25 8 79
1461 24 4 78
1462 23 2 77
1463 22 1 76
1464 21 129 75
1465 20 193 74
1466 19 225 73
1467 18 241 72
1468 17 249 71
1469 16 253 70
1470 55 1 110
1471 54 129 109
1472 53 193 108
1473 52 225 107
1474 51 241 106
1475 50 249 105
1476 49 253 104
1477 48 255 103
1478 47 256 102
1479 46 128 101
1480 45 64 100
1481 44 32 99
1482 43 16 98
1483 42 8 97
1484 41 4 96
1485 40 2 95
1486 39 1 94
1487 38 129 93
1488 37 193 92
1489 36 225 91
1490 35 241 90
1491 34 249 89
1492 33 253 88
1493 32 255 87
1494 31 256 86
1495 30 128 85
1496 29 64 84
1497 28 32 83
1498 27 16 82
1499 26 8 81
1500 25 4 80
1501 24 2 79
1502 23 1 78
1503 22 129 77
1504 21 193 76
1505 20 225 75
1506 19 241 74
1507 18 249 73
1508 56 1 112
1509 55 129 111
1510 54 193 110
1511 53 225 109
1512 52 241 108
1513 51 249 107
1514 50 253 106
1515 49 255 105
1516 48 256 104
1517 47 128 103
1518 46 64 102
1519 45 32 101
1520 44 16 100
1521 43 8 99
1522 42 4 98
1523 41 2 97
1524 40 1 96
1525 39 129 95
1526 38 193 94
1527 37 225 93
1528 36 241 92
1529 35 249 91
1530 34 253 90
1531 33 255 89
1532 32 256 88
1533 31 128 87
1534 30 64 86
1535 29 32 85
1536 28 16 84
1537 27 8 83
1538 26 4 82
1539 25 2 81
1540 24 1 80
1541 23 129 79
1542 22 193 78
1543 21 225 77
1544 20 241 76
1545 57 1 114
1546 56 129 113
1547 55 193 112
1548 54 225 111
1549 53 241 110
1550 52 249 109
1551 51 253 108
1552 50 255 107
1553 49 256 106
1554 48 128 105
1555 47 64 104
1556 46 32 103
1557 45 16 102
1558 44 8 101
1559 43 4 100
1560 42 2 99
1561 41 1 98
1562 40 129 97
1563 39 193 96
1564 38 225 95
1565 37 241 94
1566 36 249 93
1567 35 253 92
1568 34 255 91
1569 33 256 90
1570 32 128 89
1571 31 64 88
1572 30 32 87
1573 29 16 86
1574 28 8 85
1575 27 4 84
1576 26 2 83
1577 25 1 82
1578 24 129 81
1579 23 193 80
1580 22 225 79
1581 58 1 116
1582 57 129 115
1583 56 193 114
1584 55 225 113
1585 54 241 112
1586 53 249 111
1587 52 253 110
1588 51 255 109
1589 50 256 108
1590 49 128 107
1591 48 64 106
1592 47 32 105
1593 46 16 104
1594 45 8 103
1595 44 4 102
1596 43 2 101
1597 42 1 100
1598 41 129 99
1599 40 193 98
1600 39 225 97
1601 38 241 96
1602 37 249 95
1603 36 253 94
1604 35 255 93
1605 34 256 92
1606 33 128 91
1607 32 64 90
1608 31 32 89
1609 30 16 88
1610 29 8 87
1611 28 4 86
1612 27 2 85
1613 26 1 84
1614 25 129 83
1615 24 193 82
1616 59 1 118
1617 58 129 117
1618 57 193 116
1619 56 225 115
1620 55 241 114
1621 54 249 113
1622 53 253 112
1623 52 255 111
1624 51 256 110
1625 50 128 109
1626 49 64 108
1627 48 32 107
1628 47 16 106
1629 46 8 105
1630 45 4 104
1631 44 2 103
1632 43 1 102
1633 42 129 101
1634 41 193 100
1635 40 225 99
1636 39 241 98
1637 38 249 97
1638 37 253 96
1639 36 255 95
1640 35 256 94
1641 34 128 93
1642 33 64 92
1643 32 32 91
1644 31 16 90
1645 30 8 89
1646 29 4 88
1647 28 2 87
1648 27 1 86
1649 26 129 85
1650 60 1 120
1651 59 129 119
1652 58 193 118
1653 57 225 117
1654 56 241 116
1655 55 249 115
1656 54 253 114
1657 53 255 113
1658 52 256 112
1659 51 128 111
1660 50 64 110
1661 49 32 109
1662 48 16 108
1663 47 8 107
1664 46 4 106
1665 45 2 105
1666 44 1 104
1667 43 129 103
1668 42 193 102
1669 41 225 101
1670 40 241 100
1671 39 249 99
1672 38 253 98
1673 37 255 97
1674 36 256 96
1675 35 128 95
1676 34 64 94
1677 33 32 93
1678 32 16 92
1679 31 8 91
1680 30 4 90
1681 29 2 89
1682 28 1 88
1683 61 1 122
1684 60 129 121
1685 59 193 120
1686 58 225 119
1687 57 241 118
1688 56 249 117
1689 55 253 116
1690 54 255 115
1691 53 256 114
1692 52 128 113
1693 51 64 112
1694 50 32 111
1695 49 16 110
1696 48 8 109
1697 47 4 108
1698 46 2 107
1699 45 1 106
1700 44 129 105
1701 43 193 104
1702 42 225 103
1703 41 241 102
1704 40 249 101
1705 39 253 100
1706 38 255 99
1707 37 256 98
1708 36 128 97
1709 35 64 96
1710 34 32 95
1711 33 16 94
1712 32 8 93
1713 31 4 92
1714 30 2 91
1715 62 1 124
1716 61 129 123
1717 60 193 122
1718 59 225 121
1719 58 241 120
1720 57 249 119
1721 56 253 118
1722 55 255 117
1723 54 256 116
1724 53 128 115
1725 52 64 114
1726 51 32 113
1727 50 16 112
1728 49 8 111
1729 48 4 110
1730 47 2 109
1731 46 1 108
1732 45 129 107
1733 44 193 106
1734 43 225 105
1735 42 241 104
1736 41 249 103
1737 40 253 102
1738 39 255 101
1739 38 256 100
1740 37 128 99
1741 36 64 98
1742 35 32 97
1743 34 16 96
1744 33 8 95
1745 32 4 94
1746 63 1 126
1747 62 129 125
1748 61 193 124
1749 60 225 123
1750 59 241 122
1751 58 249 121
1752 57 253 120
1753 56 255 119
1754 55 256 118
1755 54 128 117
1756 53 64 116
1757 52 32 115
1758 51 16 114
1759 50 8 113
1760 49 4 112
1761 48 2 111
1762 47 1 110
1763 46 129 109
1764 45 193 108
1765 44 225 107
1766 43 241 106
1767 42 249 105
1768 41 253 104
1769 40 255 103
1770 39 256 102
1771 38 128 101
1772 37 64 100
1773 36 32 99
1774 35 16 98
1775 34 8 97
1776 64 1 128
1777 63 129 127
1778 62 193 126
1779 61 225 125
1780 60 241 124
1781 59 249 123
1782 58 253 122
1783 57 255 121
1784 56 256 120
1785 55 128 119
1786 54 64 118
1787 53 32 117
1788 52 16 116
1789 51 8 115
1790 50 4 114
1791 49 2 113
1792 48 1 112
1793 47 129 111
1794 46 193 110
1795 45 225 109
1796 44 241 108
1797 43 249 107
1798 42 253 106
1799 41 255 105
1800 40 256 104
1801 39 128 103
1802 38 64 102
1803 37 32 101
1804 36 16 100
1805 65 1 130
1806 64 129 129
1807 63 193 128
1808 62 225 127
1809 61 241 126
1810 60 249 125
1811 59 253 124
1812 58 255 123
1813 57 256 122
1814 56 128 121
1815 55 64 120
1816 54 32 119
1817 53 16 118
1818 52 8 117
1819 51 4 116
1820 50 2 115
1821 49 1 114
1822 48 129 113
1823 47 193 112
1824 46 225 111
1825 45 241 110
1826 44 249 109
1827 43 253 108
1828 42 255 107
1829 41 256 106
1830 40 128 105
1831 39 64 104
1832 38 32 103
1833 66 1 132
1834 65 129 131
1835 64 193 130
1836 63 225 129
1837 62 241 128
1838 61 249 127
1839 60 253 126
1840 59 255 125
1841 58 256 124
1842 57 128 123
1843 56 64 122
1844 55 32 121
1845 54 16 120
1846 53 8 119
1847 52 4 118
1848 51 2 117
1849 50 1 116
1850 49 129 115
1851 48 193 114
1852 47 225 113
1853 46 241 112
1854 45 249 111
1855 44 253 110
1856 43 255 109
1857 42 256 108
1858 41 128 107
1859 40 64 106
1860 67 1 134
1861 66 129 133
1862 65 193 132
1863 64 225 131
1864 63 241 130
1865 62 249 129
1866 61 253 128
1867 60 255 127
1868 59 256 126
1869 58 128 125
1870 57 64 124
1871 56 32 123
1872 55 16 122
1873 54 8 121
1874 53 4 120
1875 52 2 119
1876 51 1 118
1877 50 129 117
1878 49 193 116
1879 48 225 115
1880 47 241 114
1881 46 249 113
1882 45 253 112
1883 44 255 111
1884 43 256 110
1885 42 128 109
1886 68 1 136
1887 67 129 135
1888 66 193 134
1889 65 225 133
1890 64 241 132
1891 63 249 131
1892 62 253 130
1893 61 255 129
1894 60 256 128
1895 59 128 127
1896 58 64 126
1897 57 32 125
1898 56 16 124
1899 55 8 123
1900 54 4 122
1901 53 2 121
1902 52 1 120
1903 51 129 119
1904 50 193 118
1905 49 225 117
1906 48 241 116
1907 47 249 115
1908 46 253 114
1909 45 255 113
1910 44 256 112
1911 69 1 138
1912 68 129 137
1913 67 193 136
1914 66 225 135
1915 65 241 134
1916 64 249 133
1917 63 253 132
1918 62 255 131
1919 61 256 130
1920 60 128 129
1921 59 64 128
1922 58 32 127
1923 57 16 126
1924 56 8 125
1925 55 4 124
1926 54 2 123
1927 53 1 122
1928 52 129 121
1929 51 193 120
1930 50 225 119
1931 49 241 118
1932 48 249 117
1933 47 253 116
1934 46 255 115
1935 70 1 140
1936 69 129 139
1937 68 193 138
1938 67 225 137
1939 66 241 136
1940 65 249 135
1941 64 253 134
1942 63 255 133
1943 62 256 132
1944 61 128 131
1945 60 64 130
1946 59 32 129
1947 58 16 128
1948 57 8 127
1949 56 4 126
1950 55 2 125
1951 54 1 124
1952 53 129 123
1953 52 193 122
1954 51 225 121
1955 50 241 120
1956 49 249 119
1957 48 253 118
1958 71 1 142
1959 70 129 141
1960 69 193 140
1961 68 225 139
1962 67 241 138
1963 66 249 137
1964 65 253 136
1965 64 255 135
1966 63 256 134
1967 62 128 133
1968 61 64 132
1969 60 32 131
1970 59 16 130
1971 58 8 129
1972 57 4 128
1973 56 2 127
1974 55 1 126
1975 54 129 125
1976 53 193 124
1977 52 225 123
1978 51 241 122
1979 50 249 121
1980 72 1 144
1981 71 129 143
1982 70 193 142
1983 69 225 141
1984 68 241 140
1985 67 249 139
1986 66 253 138
1987 65 255 137
1988 64 256 136
1989 63 128 135
1990 62 64 134
1991 61 32 133
1992 60 16 132
1993 59 8 131
1994 58 4 130
1995 57 2 129
1996 56 1 128
1997 55 129 127
1998 54 193 126
1999 53 225 125
2000 52 241 124
2001 73 1 146
2002 72 129 145
2003 71 193 144
2004 70 225 143
2005 69 241 142
2006 68 249 141
2007 67 253 140
2008 66 255 139
2009 65 256 138
2010 64 128 137
2011 63 64 136
2012 62 32 135
2013 61 16 134
2014 60 8 133
2015 59 4 132
2016 58 2 131
2017 57 1 130
2018 56 129 129
2019 55 193 128
2020 54 225 127
2021 74 1 148
2022 73 129 147
2023 72 193 146
2024 71 225 145
2025 70 241 144
2026 69 249 143
2027 68 253 142
2028 67 255 141
2029 66 256 140
2030 65 128 139
2031 64 64 138
2032 63 32 137
2033 62 16 136
2034 61 8 135
2035 60 4 134
2036 59 2 133
2037 58 1 132
2038 57 129 131
2039 56 193 130
2040 75 1 150
2041 74 129 149
2042 73 193 148
2043 72 225 147
2044 71 241 146
2045 70 249 145
2046 69 253 144
2047 68 255 143
2048 67 256 142
2049 66 128 141
2050 65 64 140
2051 64 32 139
2052 63 16 138
2053 62 8 137
2054 61 4 136
2055 60 2 135
2056 59 1 134
2057 58 129 133
2058 76 1 152
2059 75 129 151
2060 74 193 150
2061 73 225 149
2062 72 241 148
2063 71 249 147
2064 70 253 146
2065 69 255 145
2066 68 256 144
2067 67 128 143
2068 66 64 142
2069 65 32 141
2070 64 16 140
2071 63 8 139
2072 62 4 138
2073 61 2 137
2074 60 1 136
2075 77 1 154
2076 76 129 153
2077 75 193 152
2078 74 225 151
2079 73 241 150
2080 72 249 149
2081 71 253 148
2082 70 255 147
2083 69 256 146
2084 68 128 145
2085 67 64 144
2086 66 32 143
2087 65 16 142
2088 64 8 141
2089 63 4 140
2090 62 2 139
2091 78 1 156
2092 77 129 155
2093 76 193 154
2094 75 225 153
2095 74 241 152
2096 73 249 151
2097 72 253 150
2098 71 255 149
2099 70 256 148
2100 69 128 147
2101 68 64 146
2102 67 32 145
2103 66 16 144
2104 65 8 143
2105 64 4 142
2106 79 1 158
2107 78 129 157
2108 77 193 156
2109 76 225 155
2110 75 241 154
2111 74 249 153
2112 73 253 152
2113 72 255 151
2114 71 256 150
2115 70 128 149
2116 69 64 148
2117 68 32 147
2118 67 16 146
2119 66 8 145
2120 80 1 160
2121 79 129 159
2122 78 193 158
2123 77 225 157
2124 76 241 156
2125 75 249 155
2126 74 253 154
2127 73 255 153
2128 72 256 152
2129 71 128 151
2130 70 64 150
2131 69 32 149
2132 68 16 148
2133 81 1 162
2134 80 129 161
2135 79 193 160
2136 78 225 159
2137 77 241 158
2138 76 249 157
2139 75 253 156
2140 74 255 155
2141 73 256 154
2142 72 128 153
2143 71 64 152
2144 70 32 151
2145 82 1 164
2146 81 129 163
2147 80 193 162
2148 79 225 161
2149 78 241 160
2150 77 249 159
2151 76 253 158
2152 75 255 157
2153 74 256 156
2154 73 128 155
2155 72 64 154
2156 83 1 166
2157 82 129 165
2158 81 193 164
2159 80 225 163
2160 79 241 162
2161 78 249 161
2162 77 253 160
2163 76 255 159
2164 75 256 158
2165 74 128 157
2166 84 1 168
2167 83 129 167
2168 82 193 166
2169 81 225 165
2170 80 241 164
2171 79 249 163
2172 78 253 162
2173 77 255 161
2174 76 256 160
2175 85 1 170
2176 84 129 169
2177 83 193 168
2178 82 225 167
2179 81 241 166
2180 80 249 165
2181 79 253 164
2182 78 255 163
2183 86 1 172
2184 85 129 171
2185 84 193 170
2186 83 225 169
2187 82 241 168
2188 81 249 167
2189 80 253 166
2190 87 1 174
2191 86 129 173
2192 85 193 172
2193 84 225 171
2194 83 241 170
2195 82 249 169
2196 88 1 176
2197 87 129 175
2198 86 193 174
2199 85 225 173
2200 84 241 172
2201 89 1 178
2202 88 129 177
2203 87 193 176
2204 86 225 175
2205 90 1 180
2206 89 129 179
2207 88 193 178
2208 91 1 182
2209 90 129 181
2210 92 1 184
2211 0 1 48
2212 0 1 49
2213 0 1 50
2214 0 1 51
2215 0 1 52
2216 0 1 53
2217 0 1 54
2218 0 1 55
2219 0 1 56
2220 0 1 57
2221 0 1 58
2222 0 1 59
2223 0 1 60
2224 0 1 61
2225 0 1 62
2226 0 1 63
2227 0 1 64
2228 0 1 65
2229 0 1 66
2230 0 1 67
2231 0 1 68
2232 0 1 69
2233 0 1 70
2234 0 1 71
2235 0 1 72
2236 0 1 73
2237 0 1 74
2238 0 1 75
2239 0 1 76
2240 0 1 77
2241 0 1 78
2242 0 1 79
2243 0 1 80
2244 0 1 81
2245 0 1 82
2246 0 1 83
2247 0 1 84
2248 0 1 85
2249 0 1 86
2250 0 1 87
2251 0 1 88
2252 0 1 89
2253 0 1 90
2254 1 1 49
2255 1 1 50
2256 1 1 51
2257 1 1 52
2258 1 1 53
2259 1 1 54
2260 1 1 55
2261 1 1 56
2262 1 1 57
2263 1 1 58
2264 1 1 59
2265 1 1 60
2266 1 1 61
2267 1 1 62
2268 1 1 63
2269 1 1 64
2270 1 1 65
2271 1 1 66
2272 1 1 67
2273 1 1 68
2274 1 1 69
2275 1 1 70
2276 1 1 71
2277 1 1 72
2278 1 1 73
2279 1 1 74
2280 1 1 75
2281 1 1 76
2282 1 1 77
2283 1 1 78
2284 1 1 79
2285 1 1 80
2286 1 1 81
2287 1 1 82
2288 1 1 83
2289 1 1 84
2290 1 1 85
2291 1 1 86
2292 1 1 87
2293 1 1 88
2294 1 1 89
2295 1 1 90
2296 2 1 50
2297 2 1 51
2298 2 1 52
2299 2 1 53
2300 2 1 54
2301 2 1 55
2302 2 1 56
2303 2 1 57
2304 2 1 58
2305 2 1 59
2306 2 1 60
2307 2 1 61
2308 2 1 62
2309 2 1 63
2310 2 1 64
2311 2 1 65
2312 2 1 66
2313 2 1 67
2314 2 1 68
2315 2 1 69
2316 2 1 70
2317 2 1 71
2318 2 1 72
2319 2 1 73
2320 2 1 74
2321 2 1 75
2322 2 1 76
2323 2 1 77
2324 2 1 78
2325 2 1 79
2326 2 1 80
2327 2 1 81
2328 2 1 82
2329 2 1 83
2330 2 1 84
2331 2 1 85
2332 2 1 86
2333 2 1 87
2334 2 1 88
2335 2 1 89
2336 2 1 90
2337 3 1 51
2338 3 1 52
2339 3 1 53
2340 3 1 54
2341 3 1 55
2342 3 1 56
2343 3 1 57
2344 3 1 58
2345 3 1 59
2346 3 1 60
2347 3 1 61
2348 3 1 62
2349 3 1 63
2350 3 1 64
2351 3 1 65
2352 3 1 66
2353 3 1 67
2354 3 1 68
2355 3 1 69
2356 3 1 70
2357 3 1 71
2358 3 1 72
2359 3 1 73
2360 3 1 74
2361 3 1 75
2362 3 1 76
2363 3 1 77
2364 3 1 78
2365 3 1 79
2366 3 1 80
2367 3 1 81
2368 3 1 82
2369 3 1 83
2370 3 1 84
2371 3 1 85
2372 3 1 86
2373 3 1 87
2374 3 1 88
2375 3 1 89
2376 3 1 90
2377 4 1 53
2378 4 1 54
2379 5 255 54
2380 4 1 55
2381 4 1 56
2382 4 1 57
2383 4 1 58
2384 4 1 59
2385 4 1 60
2386 4 1 61
2387 4 1 62
2388 4 1 63
2389 4 1 64
2390 4 1 65
2391 4 1 66
2392 4 1 67
2393 4 1 68
2394 4 1 69
2395 4 1 70
2396 4 1 71
2397 4 1 72
2398 4 1 73
2399 4 1 74
2400 4 1 75
2401 4 1 76
2402 4 1 77
2403 4 1 78
2404 4 1 79
2405 4 1 80
2406 4 1 81
2407 4 1 82
2408 4 1 83
2409 4 1 84
2410 4 1 85
2411 4 1 86
2412 4 1 87
2413 4 1 88
2414 4 1 89
2415 4 1 90
2416 5 1 55
2417 5 1 56
2418 6 255 56
2419 5 1 57
2420 7 4 57
2421 5 1 58
2422 5 1 59
2423 5 1 60
2424 5 1 61
2425 5 1 62
2426 5 1 63
2427 5 1 64
2428 5 1 65
2429 5 1 66
2430 5 1 67
2431 5 1 68
2432 5 1 69
2433 5 1 70
2434 5 1 71
2435 5 1 72
2436 5 1 73
2437 5 1 74
2438 5 1 75
2439 5 1 76
2440 5 1 77
2441 5 1 78
2442 5 1 79
2443 5 1 80
2444 5 1 81
2445 5 1 82
2446 5 1 83
2447 5 1 84
2448 5 1 85
2449 5 1 86
2450 5 1 87
2451 5 1 88
2452 5 1 89
2453 5 1 90
2454 6 1 57
2455 6 1 58
2456 7 255 58
2457 6 1 59
2458 8 4 59
2459 6 1 60
2460 9 249 60
2461 6 1 61
2462 6 1 62
2463 6 1 63
2464 6 1 64
2465 6 1 65
2466 6 1 66
2467 6 1 67
2468 6 1 68
2469 6 1 69
2470 6 1 70
2471 6 1 71
2472 6 1 72
2473 6 1 73
2474 6 1 74
2475 6 1 75
2476 6 1 76
2477 6 1 77
2478 6 1 78
2479 6 1 79
2480 6 1 80
2481 6 1 81
2482 6 1 82
2483 6 1 83
2484 6 1 84
2485 6 1 85
2486 6 1 86
2487 6 1 87
2488 6 1 88
2489 6 1 89
2490 6 1 90
2491 7 1 59
2492 7 1 60
2493 8 255 60
2494 7 1 61
2495 9 4 61
2496 7 1 62
2497 10 249 62
2498 7 1 63
2499 11 16 63
2500 7 1 64
2501 7 1 65
2502 7 1 66
2503 7 1 67
2504 7 1 68
2505 7 1 69
2506 7 1 70
2507 7 1 71
2508 7 1 72
2509 7 1 73
2510 7 1 74
2511 7 1 75
2512 7 1 76
2513 7 1 77
2514 7 1 78
2515 7 1 79
2516 7 1 80
2517 7 1 81
2518 7 1 82
2519 7 1 83
2520 7 1 84
2521 7 1 85
2522 7 1 86
2523 7 1 87
2524 7 1 88
2525 7 1 89
2526 7 1 90
2527 8 1 61
2528 8 1 62
2529 9 255 62
2530 8 1 63
2531 10 4 63
2532 8 1 64
2533 11 249 64
2534 8 1 65
2535 12 16 65
2536 8 1 66
2537 13 225 66
2538 8 1 67
2539 8 1 68
2540 8 1 69
2541 8 1 70
2542 8 1 71
2543 8 1 72
2544 8 1 73
2545 8 1 74
2546 8 1 75
2547 8 1 76
2548 8 1 77
2549 8 1 78
2550 8 1 79
2551 8 1 80
2552 8 1 81
2553 8 1 82
2554 8 1 83
2555 8 1 84
2556 8 1 85
2557 8 1 86
2558 8 1 87
2559 8 1 88
2560 8 1 89
2561 8 1 90
2562 9 1 63
2563 9 1 64
2564 10 255 64
2565 9 1 65
2566 11 4 65
2567 9 1 66
2568 12 249 66
2569 9 1 67
2570 13 16 67
2571 9 1 68
2572 14 225 68
2573 9 1 69
2574 15 64 69
2575 9 1 70
2576 9 1 71
2577 9 1 72
2578 9 1 73
2579 9 1 74
2580 9 1 75
2581 9 1 76
2582 9 1 77
2583 9 1 78
2584 9 1 79
2585 9 1 80
2586 9 1 81
2587 9 1 82
2588 9 1 83
2589 9 1 84
2590 9 1 85
2591 9 1 86
2592 9 1 87
2593 9 1 88
2594 9 1 89
2595 9 1 90
2596 10 1 65
2597 10 1 66
2598 11 255 66
2599 10 1 67
2600 12 4 67
2601 10 1 68
2602 13 249 68
2603 10 1 69
2604 14 16 69
2605 10 1 70
2606 15 225 70
2607 10 1 71
2608 16 64 71
2609 10 1 72
2610 17 129 72
2611 10 1 73
2612 10 1 74
2613 10 1 75
2614 10 1 76
2615 10 1 77
2616 10 1 78
2617 10 1 79
2618 10 1 80
2619 10 1 81
2620 10 1 82
2621 10 1 83
2622 10 1 84
2623 10 1 85
2624 10 1 86
2625 10 1 87
2626 10 1 88
2627 10 1 89
2628 10 1 90
2629 11 1 67
2630 11 1 68
2631 12 255 68
2632 11 1 69
2633 13 4 69
2634 11 1 70
2635 14 249 70
2636 11 1 71
2637 15 16 71
2638 11 1 72
2639 16 225 72
2640 11 1 73
2641 17 64 73
2642 11 1 74
2643 18 129 74
2644 11 1 75
2645 19 256 75
2646 11 1 76
2647 11 1 77
2648 11 1 78
2649 11 1 79
2650 11 1 80
2651 11 1 81
2652 11 1 82
2653 11 1 83
2654 11 1 84
2655 11 1 85
2656 11 1 86
2657 11 1 87
2658 11 1 88
2659 11 1 89
2660 11 1 90
2661 12 1 69
2662 12 1 70
2663 13 255 70
2664 12 1 71
2665 14 4 71
2666 12 1 72
2667 15 249 72
2668 12 1 73
2669 16 16 73
2670 12 1 74
2671 17 225 74
2672 12 1 75
2673 18 64 75
2674 12 1 76
2675 19 129 76
2676 12 1 77
2677 20 256 77
2678 12 1 78
2679 21 2 78
2680 12 1 79
2681 12 1 80
2682 12 1 81
2683 12 1 82
2684 12 1 83
2685 12 1 84
2686 12 1 85
2687 12 1 86
2688 12 1 87
2689 12 1 88
2690 12 1 89
2691 12 1 90
2692 13 1 71
2693 13 1 72
2694 14 255 72
2695 13 1 73
2696 15 4 73
2697 13 1 74
2698 16 249 74
2699 13 1 75
2700 17 16 75
2701 13 1 76
2702 18 225 76
2703 13 1 77
2704 19 64 77
2705 13 1 78
2706 20 129 78
2707 13 1 79
2708 21 256 79
2709 13 1 80
2710 22 2 80
2711 13 1 81
2712 23 253 81
2713 13 1 82
2714 13 1 83
2715 13 1 84
2716 13 1 85
2717 13 1 86
2718 13 1 87
2719 13 1 88
2720 13 1 89
2721 13 1 90
2722 14 1 73
2723 14 1 74
2724 15 255 74
2725 14 1 75
2726 16 4 75
2727 14 1 76
2728 17 249 76
2729 14 1 77
2730 18 16 77
2731 14 1 78
2732 19 225 78
2733 14 1 79
2734 20 64 79
2735 14 1 80
2736 21 129 80
2737 14 1 81
2738 22 256 81
2739 14 1 82
2740 23 2 82
2741 14 1 83
2742 24 253 83
2743 14 1 84
2744 25 8 84
2745 14 1 85
2746 14 1 86
2747 14 1 87
2748 14 1 88
2749 14 1 89
2750 14 1 90
2751 15 1 75
2752 15 1 76
2753 16 255 76
2754 15 1 77
2755 17 4 77
2756 15 1 78
2757 18 249 78
2758 15 1 79
2759 19 16 79
2760 15 1 80
2761 20 225 80
2762 15 1 81
2763 21 64 81
2764 15 1 82
2765 22 129 82
2766 15 1 83
2767 23 256 83
2768 15 1 84
2769 24 2 84
2770 15 1 85
2771 25 253 85
2772 15 1 86
2773 26 8 86
2774 15 1 87
2775 27 241 87
2776 15 1 88
2777 15 1 89
2778 15 1 90
2779 16 1 77
2780 16 1 78
2781 17 255 78
2782 16 1 79
2783 18 4 79
2784 16 1 80
2785 19 249 80
2786 16 1 81
2787 20 16 81
2788 16 1 82
2789 21 225 82
2790 16 1 83
2791 22 64 83
2792 16 1 84
2793 23 129 84
2794 16 1 85
2795 24 256 85
2796 16 1 86
2797 25 2 86
2798 16 1 87
2799 26 253 87
2800 16 1 88
2801 27 8 88
2802 16 1 89
2803 28 241 89
2804 16 1 90
2805 29 32 90
2806 17 1 79
2807 17 1 80
2808 18 255 80
2809 17 1 81
2810 19 4 81
2811 17 1 82
2812 20 249 82
2813 17 1 83
2814 21 16 83
2815 17 1 84
2816 22 225 84
2817 17 1 85
2818 23 64 85
2819 17 1 86
2820 24 129 86
2821 17 1 87
2822 25 256 87
2823 17 1 88
2824 26 2 88
2825 17 1 89
2826 27 253 89
2827 17 1 90
2828 28 8 90
2829 15 148 91
2830 16 135 91
2831 17 1 91
2832 18 1 81
2833 18 1 82
2834 19 255 82
2835 18 1 83
2836 20 4 83
2837 18 1 84
2838 21 249 84
2839 18 1 85
2840 22 16 85
2841 18 1 86
2842 23 225 86
2843 18 1 87
2844 24 64 87
2845 18 1 88
2846 25 129 88
2847 18 1 89
2848 26 256 89
2849 18 1 90
2850 27 2 90
2851 13 175 91
2852 14 175 91
2853 18 1 91
2854 29 123 91
2855 17 3 92
2856 18 1 92
2857 19 1 83
2858 19 1 84
2859 20 255 84
2860 19 1 85
2861 21 4 85
2862 19 1 86
2863 22 249 86
2864 19 1 87
2865 23 16 87
2866 19 1 88
2867 24 225 88
2868 19 1 89
2869 25 64 89
2870 19 1 90
2871 26 129 90
2872 11 247 91
2873 12 237 91
2874 19 1 91
2875 28 5 91
2876 15 25 92
2877 16 25 92
2878 19 1 92
2879 30 157 92
2880 19 1 93
2881 20 1 85
2882 20 1 86
2883 21 255 86
2884 20 1 87
2885 22 4 87
2886 20 1 88
2887 23 249 88
2888 20 1 89
2889 24 16 89
2890 20 1 90
2891 25 225 90
2892 9 225 91
2893 10 54 91
2894 20 1 91
2895 27 58 91
2896 13 170 92
2897 14 83 92
2898 20 1 92
2899 29 14 92
2900 17 67 93
2901 18 67 93
2902 20 1 93
2903 31 85 93
2904 21 1 87
2905 21 1 88
2906 22 255 88
2907 21 1 89
2908 23 4 89
2909 21 1 90
2910 24 249 90
2911 7 150 91
2912 8 22 91
2913 21 1 91
2914 26 126 91
2915 11 253 92
2916 12 71 92
2917 21 1 92
2918 28 173 92
2919 15 122 93
2920 16 244 93
2921 21 1 93
2922 30 174 93
2923 19 162 94
2924 20 162 94
2925 21 1 94
2926 22 1 89
2927 22 1 90
2928 23 255 90
2929 5 9 91
2930 6 153 91
2931 22 1 91
2932 25 196 91
2933 9 63 92
2934 10 184 92
2935 22 1 92
2936 27 230 92
2937 13 136 93
2938 14 156 93
2939 22 1 93
2940 29 89 93
2941 17 254 94
2942 18 251 94
2943 22 1 94
2944 31 182 94
2945 21 1 95
2946 22 1 95
2947 4 225 91
2948 23 1 91
2949 24 55 91
2950 7 1 92
2951 8 17 92
2952 23 1 92
2953 26 238 92
2954 11 80 93
2955 12 46 93
2956 23 1 93
2957 28 88 93
2958 15 95 94
2959 16 177 94
2960 23 1 94
2961 30 150 94
2962 19 255 95
2963 20 253 95
2964 23 1 95
2965 32 230 95
2966 23 1 96
2967 6 186 92
2968 24 1 92
2969 25 28 92
2970 9 227 93
2971 10 4 93
2972 24 1 93
2973 27 115 93
2974 13 32 94
2975 14 224 94
2976 24 1 94
2977 29 194 94
2978 17 98 95
2979 18 188 95
2980 24 1 95
2981 31 103 95
2982 21 115 96
2983 22 230 96
2984 24 1 96
2985 33 244 96
2986 8 127 93
2987 25 1 93
2988 26 94 93
2989 11 53 94
2990 12 130 94
2991 25 1 94
2992 28 208 94
2993 15 55 95
2994 16 128 95
2995 25 1 95
2996 30 251 95
2997 19 253 96
2998 20 71 96
2999 25 1 96
3000 32 219 96
3001 23 138 97
3002 24 19 97
3003 25 1 97
3004 10 196 94
3005 26 1 94
3006 27 66 94
3007 13 251 95
3008 14 155 95
3009 26 1 95
3010 29 218 95
3011 17 240 96
3012 18 138 96
3013 26 1 96
3014 31 210 96
3015 21 19 97
3016 22 241 97
3017 26 1 97
3018 33 216 97
3019 25 129 98
3020 26 1 98
3021 12 98 95
3022 27 1 95
3023 28 34 95
3024 15 216 96
3025 16 74 96
3026 27 1 96
3027 30 232 96
3028 19 240 97
3029 20 138 97
3030 27 1 97
3031 32 128 97
3032 23 78 98
3033 24 29 98
3034 27 1 98
3035 34 201 98
3036 27 1 99
3037 14 151 96
3038 28 1 96
3039 29 175 96
3040 17 61 97
3041 18 9 97
3042 28 1 97
3043 31 138 97
3044 21 212 98
3045 22 199 98
3046 28 1 98
3047 33 256 98
3048 25 53 99
3049 26 23 99
3050 28 1 99
3051 35 66 99
3052 16 56 97
3053 29 1 97
3054 30 211 97
3055 19 114 98
3056 20 139 98
3057 29 1 98
3058 32 254 98
3059 23 185 99
3060 24 10 99
3061 29 1 99
3062 34 62 99
3063 27 55 100
3064 28 116 100
3065 29 1 100
3066 18 1 98
3067 30 1 98
3068 31 90 98
3069 21 49 99
3070 22 62 99
3071 30 1 99
3072 33 216 99
3073 25 113 100
3074 26 20 100
3075 30 1 100
3076 35 251 100
3077 29 47 101
3078 30 1 101
3079 20 87 99
3080 31 1 99
3081 32 99 99
3082 23 191 100
3083 24 163 100
3084 31 1 100
3085 34 67 100
3086 27 154 101
3087 28 50 101
3088 31 1 101
3089 36 236 101
3090 31 1 102
3091 22 119 100
3092 32 1 100
3093 33 110 100
3094 25 196 101
3095 26 248 101
3096 32 1 101
3097 35 210 101
3098 29 227 102
3099 30 47 102
3100 32 1 102
3101 37 131 102
3102 24 238 101
3103 33 1 101
3104 34 188 101
3105 27 25 102
3106 28 168 102
3107 33 1 102
3108 36 239 102
3109 31 137 103
3110 32 188 103
3111 33 1 103
3112 26 182 102
3113 34 1 102
3114 35 68 102
3115 29 49 103
3116 30 62 103
3117 34 1 103
3118 37 221 103
3119 33 147 104
3120 34 1 104
3121 28 32 103
3122 35 1 103
3123 36 165 103
3124 31 41 104
3125 32 183 104
3126 35 1 104
3127 38 167 104
3128 35 1 105
3129 30 229 104
3130 36 1 104
3131 37 198 104
3132 33 24 105
3133 34 151 105
3134 36 1 105
3135 39 154 105
3136 32 212 105
3137 37 1 105
3138 38 119 105
3139 35 180 106
3140 36 233 106
3141 37 1 106
3142 34 244 106
3143 38 1 106
3144 39 73 106
3145 37 121 107
3146 38 1 107
3147 36 153 107
3148 39 1 107
3149 40 238 107
3150 39 1 108
3151 38 192 108
3152 40 1 108
3153 41 219 108
3154 40 115 109
3155 41 1 109
3156 42 1 110
3157 43 110 111
3158 42 208 111
3159 41 155 110
3160 40 223 110
3161 39 160 109
3162 38 139 109
3163 37 132 108
3164 36 44 108
3165 35 186 107
3166 34 62 107
3167 33 192 106
3168 32 64 106
3169 31 107 105
3170 30 207 105
3171 29 69 104
3172 28 23 104
3173 27 179 103
3174 26 231 103
3175 25 77 102
3176 24 197 102
3177 23 237 101
3178 22 79 101
3179 21 112 100
3180 20 123 100
3181 19 41 99
3182 18 185 99
3183 17 233 98
3184 16 249 98
3185 15 83 97
3186 14 199 97
3187 13 152 96
3188 12 222 96
3189 11 74 95
3190 44 110 113
3191 43 208 112
3192 42 155 112
3193 41 223 111
3194 40 160 111
3195 39 139 110
3196 38 132 110
3197 37 44 109
3198 36 186 109
3199 35 62 108
3200 34 192 108
3201 33 64 107
3202 32 107 107
3203 31 207 106
3204 30 69 106
3205 29 23 105
3206 28 179 105
3207 27 231 104
3208 26 77 104
3209 25 197 103
3210 24 237 103
3211 23 79 102
3212 22 112 102
3213 21 123 101
3214 20 41 101
3215 19 185 100
3216 18 233 100
3217 17 249 99
3218 16 83 99
3219 15 199 98
3220 14 152 98
3221 13 222 97
3222 45 110 114
3223 44 208 114
3224 43 155 113
3225 42 223 113
3226 41 160 112
3227 40 139 112
3228 39 132 111
3229 38 44 111
3230 37 186 110
3231 36 62 110
3232 35 192 109
3233 34 64 109
3234 33 107 108
3235 32 207 108
3236 31 69 107
3237 30 23 107
3238 29 179 106
3239 28 231 106
3240 27 77 105
3241 26 197 105
3242 25 237 104
3243 24 79 104
3244 23 112 103
3245 22 123 103
3246 21 41 102
3247 20 185 102
3248 19 233 101
3249 18 249 101
3250 17 83 100
3251 16 199 100
3252 15 152 99
3253 46 110 116
3254 45 208 115
3255 44 155 115
3256 43 223 114
3257 42 160 114
3258 41 139 113
3259 40 132 113
3260 39 44 112
3261 38 186 112
3262 37 62 111
3263 36 192 111
3264 35 64 110
3265 34 107 110
3266 33 207 109
3267 32 69 109
3268 31 23 108
3269 30 179 108
3270 29 231 107
3271 28 77 107
3272 27 197 106
3273 26 237 106
3274 25 79 105
3275 24 112 105
3276 23 123 104
3277 22 41 104
3278 21 185 103
3279 20 233 103
3280 19 249 102
3281 18 83 102
3282 17 199 101
3283 47 110 117
3284 46 208 117
3285 45 155 116
3286 44 223 116
3287 43 160 115
3288 42 139 115
3289 41 132 114
3290 40 44 114
3291 39 186 113
3292 38 62 113
3293 37 192 112
3294 36 64 112
3295 35 107 111
3296 34 207 111
3297 33 69 110
3298 32 23 110
3299 31 179 109
3300 30 231 109
3301 29 77 108
3302 28 197 108
3303 27 237 107
3304 26 79 107
3305 25 112 106
3306 24 123 106
3307 23 41 105
3308 22 185 105
3309 21 233 104
3310 20 249 104
3311 19 83 103
3312 48 110 119
3313 47 208 118
3314 46 155 118
3315 45 223 117
3316 44 160 117
3317 43 139 116
3318 42 132 116
3319 41 44 115
3320 40 186 115
3321 39 62 114
3322 38 192 114
3323 37 64 113
3324 36 107 113
3325 35 207 112
3326 34 69 112
3327 33 23 111
3328 32 179 111
3329 31 231 110
3330 30 77 110
3331 29 197 109
3332 28 237 109
3333 27 79 108
3334 26 112 108
3335 25 123 107
3336 24 41 107
3337 23 185 106
3338 22 233 106
3339 21 249 105
3340 49 110 120
3341 48 208 120
3342 47 155 119
3343 46 223 119
3344 45 160 118
3345 44 139 118
3346 43 132 117
3347 42 44 117
3348 41 186 116
3349 40 62 116
3350 39 192 115
3351 38 64 115
3352 37 107 114
3353 36 207 114
3354 35 69 113
3355 34 23 113
3356 33 179 112
3357 32 231 112
3358 31 77 111
3359 30 197 111
3360 29 237 110
3361 28 79 110
3362 27 112 109
3363 26 123 109
3364 25 41 108
3365 24 185 108
3366 23 233 107
3367 50 110 122
3368 49 208 121
3369 48 155 121
3370 47 223 120
3371 46 160 120
3372 45 139 119
3373 44 132 119
3374 43 44 118
3375 42 186 118
3376 41 62 117
3377 40 192 117
3378 39 64 116
3379 38 107 116
3380 37 207 115
3381 36 69 115
3382 35 23 114
3383 34 179 114
3384 33 231 113
3385 32 77 113
3386 31 197 112
3387 30 237 112
3388 29 79 111
3389 28 112 111
3390 27 123 110
3391 26 41 110
3392 25 185 109
3393 51 110 123
3394 50 208 123
3395 49 155 122
3396 48 223 122
3397 47 160 121
3398 46 139 121
3399 45 132 120
3400 44 44 120
3401 43 186 119
3402 42 62 119
3403 41 192 118
3404 40 64 118
3405 39 107 117
3406 38 207 117
3407 37 69 116
3408 36 23 116
3409 35 179 115
3410 34 231 115
3411 33 77 114
3412 32 197 114
3413 31 237 113
3414 30 79 113
3415 29 112 112
3416 28 123 112
3417 27 41 111
3418 52 110 125
3419 51 208 124
3420 50 155 124
3421 49 223 123
3422 48 160 123
3423 47 139 122
3424 46 132 122
3425 45 44 121
3426 44 186 121
3427 43 62 120
3428 42 192 120
3429 41 64 119
3430 40 107 119
3431 39 207 118
3432 38 69 118
3433 37 23 117
3434 36 179 117
3435 35 231 116
3436 34 77 116
3437 33 197 115
3438 32 237 115
3439 31 79 114
3440 30 112 114
3441 29 123 113
3442 53 110 126
3443 52 208 126
3444 51 155 125
3445 50 223 125
3446 49 160 124
3447 48 139 124
3448 47 132 123
3449 46 44 123
3450 45 186 122
3451 44 62 122
3452 43 192 121
3453 42 64 121
3454 41 107 120
3455 40 207 120
3456 39 69 119
3457 38 23 119
3458 37 179 118
3459 36 231 118
3460 35 77 117
3461 34 197 117
3462 33 237 116
3463 32 79 116
3464 31 112 115
3465 54 110 128
3466 53 208 127
3467 52 155 127
3468 51 223 126
3469 50 160 126
3470 49 139 125
3471 48 132 125
3472 47 44 124
3473 46 186 124
3474 45 62 123
3475 44 192 123
3476 43 64 122
3477 42 107 122
3478 41 207 121
3479 40 69 121
3480 39 23 120
3481 38 179 120
3482 37 231 119
3483 36 77 119
3484 35 197 118
3485 34 237 118
3486 33 79 117
3487 55 110 129
3488 54 208 129
3489 53 155 128
3490 52 223 128
3491 51 160 127
3492 50 139 127
3493 49 132 126
3494 48 44 126
3495 47 186 125
3496 46 62 125
3497 45 192 124
3498 44 64 124
3499 43 107 123
3500 42 207 123
3501 41 69 122
3502 40 23 122
3503 39 179 121
3504 38 231 121
3505 37 77 120
3506 36 197 120
3507 35 237 119
3508 56 110 131
3509 55 208 130
3510 54 155 130
3511 53 223 129
3512 52 160 129
3513 51 139 128
3514 50 132 128
3515 49 44 127
3516 48 186 127
3517 47 62 126
3518 46 192 126
3519 45 64 125
3520 44 107 125
3521 43 207 124
3522 42 69 124
3523 41 23 123
3524 40 179 123
3525 39 231 122
3526 38 77 122
3527 37 197 121
3528 57 110 132
3529 56 208 132
3530 55 155 131
3531 54 223 131
3532 53 160 130
3533 52 139 130
3534 51 132 129
3535 50 44 129
3536 49 186 128
3537 48 62 128
3538 47 192 127
3539 46 64 127
3540 45 107 126
3541 44 207 126
3542 43 69 125
3543 42 23 125
3544 41 179 124
3545 40 231 124
3546 39 77 123
3547 58 110 134
3548 57 208 133
3549 56 155 133
3550 55 223 132
3551 54 160 132
3552 53 139 131
3553 52 132 131
3554 51 44 130
3555 50 186 130
3556 49 62 129
3557 48 192 129
3558 47 64 128
3559 46 107 128
3560 45 207 127
3561 44 69 127
3562 43 23 126
3563 42 179 126
3564 41 231 125
3565 59 110 135
3566 58 208 135
3567 57 155 134
3568 56 223 134
3569 55 160 133
3570 54 139 133
3571 53 132 132
3572 52 44 132
3573 51 186 131
3574 50 62 131
3575 49 192 130
3576 48 64 130
3577 47 107 129
3578 46 207 129
3579 45 69 128
3580 44 23 128
3581 43 179 127
3582 60 110 137
3583 59 208 136
3584 58 155 136
3585 57 223 135
3586 56 160 135
3587 55 139 134
3588 54 132 134
3589 53 44 133
3590 52 186 133
3591 51 62 132
3592 50 192 132
3593 49 64 131
3594 48 107 131
3595 47 207 130
3596 46 69 130
3597 45 23 129
3598 61 110 138
3599 60 208 138
3600 59 155 137
3601 58 223 137
3602 57 160 136
3603 56 139 136
3604 55 132 135
3605 54 44 135
3606 53 186 134
3607 52 62 134
3608 51 192 133
3609 50 64 133
3610 49 107 132
3611 48 207 132
3612 47 69 131
3613 62 110 140
3614 61 208 139
3615 60 155 139
3616 59 223 138
3617 58 160 138
3618 57 139 137
3619 56 132 137
3620 55 44 136
3621 54 186 136
3622 53 62 135
3623 52 192 135
3624 51 64 134
3625 50 107 134
3626 49 207 133
3627 63 110 141
3628 62 208 141
3629 61 155 140
3630 60 223 140
3631 59 160 139
3632 58 139 139
3633 57 132 138
3634 56 44 138
3635 55 186 137
3636 54 62 137
3637 53 192 136
3638 52 64 136
3639 51 107 135
3640 64 110 143
3641 63 208 142
3642 62 155 142
3643 61 223 141
3644 60 160 141
3645 59 139 140
3646 58 132 140
3647 57 44 139
3648 56 186 139
3649 55 62 138
3650 54 192 138
3651 53 64 137
3652 65 110 144
3653 64 208 144
3654 63 155 143
3655 62 223 143
3656 61 160 142
3657 60 139 142
3658 59 132 141
3659 58 44 141
3660 57 186 140
3661 56 62 140
3662 55 192 139
3663 66 110 146
3664 65 208 145
3665 64 155 145
3666 63 223 144
3667 62 160 144
3668 61 139 143
3669 60 132 143
3670 59 44 142
3671 58 186 142
3672 57 62 141
3673 67 110 147
3674 66 208 147
3675 65 155 146
3676 64 223 146
3677 63 160 145
3678 62 139 145
3679 61 132 144
3680 60 44 144
3681 59 186 143
3682 68 110 149
3683 67 208 148
3684 66 155 148
3685 65 223 147
3686 64 160 147
3687 63 139 146
3688 62 132 146
3689 61 44 145
3690 69 110 150
3691 68 208 150
3692 67 155 149
3693 66 223 149
3694 65 160 148
3695 64 139 148
3696 63 132 147
3697 70 110 152
3698 69 208 151
3699 68 155 151
3700 67 223 150
3701 66 160 150
3702 65 139 149
3703 71 110 153
3704 70 208 153
3705 69 155 152
3706 68 223 152
3707 67 160 151
3708 72 110 155
3709 71 208 154
3710 70 155 154
3711 69 223 153
3712 73 110 156
3713 72 208 156
3714 71 155 155
3715 74 110 158
3716 73 208 157
3717 75 110 159
3718 76 64 161
3719 74 16 159
3720 72 4 157
3721 70 1 155
3722 68 193 153
3723 66 241 151
3724 64 253 149
3725 62 256 147
3726 60 64 145
3727 58 16 143
3728 56 4 141
3729 54 1 139
3730 52 193 137
3731 50 241 135
3732 48 253 133
3733 46 256 131
3734 44 64 129
3735 42 16 127
3736 40 4 125
3737 38 1 123
3738 36 193 121
3739 34 241 119
3740 32 253 117
3741 30 256 115
3742 28 64 113
3743 26 16 111
3744 24 4 109
3745 22 1 107
3746 20 193 105
3747 18 241 103
3748 16 253 101
3749 14 256 99
3750 77 64 162
3751 75 16 160
3752 73 4 158
3753 71 1 156
3754 69 193 154
3755 67 241 152
3756 65 253 150
3757 63 256 148
3758 61 64 146
3759 59 16 144
3760 57 4 142
3761 55 1 140
3762 53 193 138
3763 51 241 136
3764 49 253 134
3765 47 256 132
3766 45 64 130
3767 43 16 128
3768 41 4 126
3769 39 1 124
3770 37 193 122
3771 35 241 120
3772 33 253 118
3773 31 256 116
3774 29 64 114
3775 27 16 112
3776 25 4 110
3777 23 1 108
3778 21 193 106
3779 19 241 104
3780 78 64 164
3781 76 16 162
3782 74 4 160
3783 72 1 158
3784 70 193 156
3785 68 241 154
3786 66 253 152
3787 64 256 150
3788 62 64 148
3789 60 16 146
3790 58 4 144
3791 56 1 142
3792 54 193 140
3793 52 241 138
3794 50 253 136
3795 48 256 134
3796 46 64 132
3797 44 16 130
3798 42 4 128
3799 40 1 126
3800 38 193 124
3801 36 241 122
3802 34 253 120
3803 32 256 118
3804 30 64 116
3805 28 16 114
3806 26 4 112
3807 24 1 110
3808 79 64 165
3809 77 16 163
3810 75 4 161
3811 73 1 159
3812 71 193 157
3813 69 241 155
3814 67 253 153
3815 65 256 151
3816 63 64 149
3817 61 16 147
3818 59 4 145
3819 57 1 143
3820 55 193 141
3821 53 241 139
3822 51 253 137
3823 49 256 135
3824 47 64 133
3825 45 16 131
3826 43 4 129
3827 41 1 127
3828 39 193 125
3829 37 241 123
3830 35 253 121
3831 33 256 119
3832 31 64 117
3833 29 16 115
3834 80 64 167
3835 78 16 165
3836 76 4 163
3837 74 1 161
3838 72 193 159
3839 70 241 157
3840 68 253 155
3841 66 256 153
3842 64 64 151
3843 62 16 149
3844 60 4 147
3845 58 1 145
3846 56 193 143
3847 54 241 141
3848 52 253 139
3849 50 256 137
3850 48 64 135
3851 46 16 133
3852 44 4 131
3853 42 1 129
3854 40 193 127
3855 38 241 125
3856 36 253 123
3857 34 256 121
3858 81 64 168
3859 79 16 166
3860 77 4 164
3861 75 1 162
3862 73 193 160
3863 71 241 158
3864 69 253 156
3865 67 256 154
3866 65 64 152
3867 63 16 150
3868 61 4 148
3869 59 1 146
3870 57 193 144
3871 55 241 142
3872 53 253 140
3873 51 256 138
3874 49 64 136
3875 47 16 134
3876 45 4 132
3877 43 1 130
3878 41 193 128
3879 39 241 126
3880 82 64 170
3881 80 16 168
3882 78 4 166
3883 76 1 164
3884 74 193 162
3885 72 241 160
3886 70 253 158
3887 68 256 156
3888 66 64 154
3889 64 16 152
3890 62 4 150
3891 60 1 148
3892 58 193 146
3893 56 241 144
3894 54 253 142
3895 52 256 140
3896 50 64 138
3897 48 16 136
3898 46 4 134
3899 44 1 132
3900 83 64 171
3901 81 16 169
3902 79 4 167
3903 77 1 165
3904 75 193 163
3905 73 241 161
3906 71 253 159
3907 69 256 157
3908 67 64 155
3909 65 16 153
3910 63 4 151
3911 61 1 149
3912 59 193 147
3913 57 241 145
3914 55 253 143
3915 53 256 141
3916 51 64 139
3917 49 16 137
3918 84 64 173
3919 82 16 171
3920 80 4 169
3921 78 1 167
3922 76 193 165
3923 74 241 163
3924 72 253 161
3925 70 256 159
3926 68 64 157
3927 66 16 155
3928 64 4 153
3929 62 1 151
3930 60 193 149
3931 58 241 147
3932 56 253 145
3933 54 256 143
3934 85 64 174
3935 83 16 172
3936 81 4 170
3937 79 1 168
3938 77 193 166
3939 75 241 164
3940 73 253 162
3941 71 256 160
3942 69 64 158
3943 67 16 156
3944 65 4 154
3945 63 1 152
3946 61 193 150
3947 59 241 148
3948 86 64 176
3949 84 16 174
3950 82 4 172
3951 80 1 170
3952 78 193 168
3953 76 241 166
3954 74 253 164
3955 72 256 162
3956 70 64 160
3957 68 16 158
3958 66 4 156
3959 64 1 154
3960 87 64 177
3961 85 16 175
3962 83 4 173
3963 81 1 171
3964 79 193 169
3965 77 241 167
3966 75 253 165
3967 73 256 163
3968 71 64 161
3969 69 16 159
3970 88 64 179
3971 86 16 177
3972 84 4 175
3973 82 1 173
3974 80 193 171
3975 78 241 169
3976 76 253 167
3977 74 256 165
3978 89 64 180
3979 87 16 178
3980 85 4 176
3981 83 1 174
3982 81 193 172
3983 79 241 170
3984 90 64 182
3985 88 16 180
3986 86 4 178
3987 84 1 176
3988 91 64 183
3989 89 16 181
3990 0 1 91
3991 0 1 92
3992 0 1 93
3993 0 1 94
3994 0 1 95
3995 0 1 96
3996 0 1 97
3997 0 1 98
3998 0 1 99
3999 0 1 100
4000 0 1 101
4001 0 1 102
4002 0 1 103
4003 0 1 104
4004 0 1 105
4005 0 1 106
4006 0 1 107
4007 0 1 108
4008 0 1 109
4009 0 1 110
4010 0 1 111
4011 0 1 112
4012 0 1 113
4013 0 1 114
4014 0 1 115
4015 0 1 116
4016 0 1 117
4017 0 1 118
4018 0 1 119
4019 0 1 120
4020 1 129 91
4021 1 129 92
4022 1 129 93
4023 1 129 94
4024 1 129 95
4025 1 129 96
4026 1 129 97
4027 1 129 98
4028 1 129 99
4029 1 129 100
4030 1 129 101
4031 1 129 102
4032 1 129 103
4033 1 129 104
4034 1 129 105
4035 1 129 106
4036 1 129 107
4037 1 129 108
4038 1 129 109
4039 1 129 110
4040 1 129 111
4041 1 129 112
4042 1 129 113
4043 1 129 114
4044 1 129 115
4045 1 129 116
4046 1 129 117
4047 1 129 118
4048 1 129 119
4049 2 193 91
4050 2 193 92
4051 2 193 93
4052 2 193 94
4053 2 193 95
4054 2 193 96
4055 2 193 97
4056 2 193 98
4057 2 193 99
4058 2 193 100
4059 2 193 101
4060 2 193 102
4061 2 193 103
4062 2 193 104
4063 2 193 105
4064 2 193 106
4065 2 193 107
4066 2 193 108
4067 2 193 109
4068 2 193 110
4069 2 193 111
4070 2 193 112
4071 2 193 113
4072 2 193 114
4073 2 193 115
4074 2 193 116
4075 2 193 117
4076 2 193 118
4077 3 225 91
4078 3 225 92
4079 3 225 93
4080 3 225 94
4081 3 225 95
4082 3 225 96
4083 3 225 97
4084 3 225 98
4085 3 225 99
4086 3 225 100
4087 3 225 101
4088 3 225 102
4089 3 225 103
4090 3 225 104
4091 3 225 105
4092 3 225 106
4093 3 225 107
4094 3 225 108
4095 3 225 109
4096 3 225 110
4097 3 225 111
4098 3 225 112
4099 3 225 113
4100 3 225 114
4101 3 225 115
4102 3 225 116
4103 3 225 117
4104 4 225 92
4105 5 16 92
4106 4 241 93
4107 4 241 94
4108 4 241 95
4109 4 241 96
4110 4 241 97
4111 4 241 98
4112 4 241 99
4113 4 241 100
4114 4 241 101
4115 4 241 102
4116 4 241 103
4117 4 241 104
4118 4 241 105
4119 4 241 106
4120 4 241 107
4121 4 241 108
4122 4 241 109
4123 4 241 110
4124 4 241 111
4125 4 241 112
4126 4 241 113
4127 4 241 114
4128 4 241 115
4129 4 241 116
4130 5 225 93
4131 6 16 93
4132 7 249 93
4133 5 249 94
4134 5 249 95
4135 5 249 96
4136 5 249 97
4137 5 249 98
4138 5 249 99
4139 5 249 100
4140 5 249 101
4141 5 249 102
4142 5 249 103
4143 5 249 104
4144 5 249 105
4145 5 249 106
4146 5 249 107
4147 5 249 108
4148 5 249 109
4149 5 249 110
4150 5 249 111
4151 5 249 112
4152 5 249 113
4153 5 249 114
4154 5 249 115
4155 6 225 94
4156 7 16 94
4157 8 249 94
4158 9 4 94
4159 6 253 95
4160 6 253 96
4161 6 253 97
4162 6 253 98
4163 6 253 99
4164 6 253 100
4165 6 253 101
4166 6 253 102
4167 6 253 103
4168 6 253 104
4169 6 253 105
4170 6 253 106
4171 6 253 107
4172 6 253 108
4173 6 253 109
4174 6 253 110
4175 6 253 111
4176 6 253 112
4177 6 253 113
4178 6 253 114
4179 7 225 95
4180 8 16 95
4181 9 249 95
4182 10 4 95
4183 7 253 96
4184 11 256 96
4185 7 255 97
4186 7 255 98
4187 7 255 99
4188 7 255 100
4189 7 255 101
4190 7 255 102
4191 7 255 103
4192 7 255 104
4193 7 255 105
4194 7 255 106
4195 7 255 107
4196 7 255 108
4197 7 255 109
4198 7 255 110
4199 7 255 111
4200 7 255 112
4201 7 255 113
4202 8 225 96
4203 9 16 96
4204 10 249 96
4205 8 249 97
4206 11 2 97
4207 12 256 97
4208 8 255 98
4209 13 193 98
4210 8 256 99
4211 8 256 100
4212 8 256 101
4213 8 256 102
4214 8 256 103
4215 8 256 104
4216 8 256 105
4217 8 256 106
4218 8 256 107
4219 8 256 108
4220 8 256 109
4221 8 256 110
4222 8 256 111
4223 8 256 112
4224 9 225 97
4225 10 16 97
4226 9 241 98
4227 11 253 98
4228 12 2 98
4229 9 253 99
4230 13 128 99
4231 9 255 100
4232 14 225 100
4233 15 16 100
4234 9 128 101
4235 9 128 102
4236 9 128 103
4237 9 128 104
4238 9 128 105
4239 9 128 106
4240 9 128 107
4241 9 128 108
4242 9 128 109
4243 9 128 110
4244 9 128 111
4245 10 225 98
4246 10 225 99
4247 11 8 99
4248 12 253 99
4249 10 249 100
4250 13 1 100
4251 10 253 101
4252 14 64 101
4253 15 225 101
4254 10 256 102
4255 16 8 102
4256 17 253 102
4257 10 64 103
4258 10 64 104
4259 10 64 105
4260 10 64 106
4261 10 64 107
4262 10 64 108
4263 10 64 109
4264 10 64 110
4265 11 225 100
4266 12 177 100
4267 11 119 101
4268 12 238 101
4269 13 255 101
4270 11 249 102
4271 14 129 102
4272 15 64 102
4273 11 255 103
4274 16 241 103
4275 17 8 103
4276 11 128 104
4277 18 255 104
4278 11 64 105
4279 19 129 105
4280 11 32 106
4281 11 32 107
4282 11 32 108
4283 11 32 109
4284 12 225 102
4285 13 177 102
4286 12 119 103
4287 13 238 103
4288 14 255 103
4289 15 227 103
4290 12 9 104
4291 15 15 104
4292 16 32 104
4293 17 241 104
4294 12 256 105
4295 18 4 105
4296 12 128 106
4297 19 256 106
4298 20 129 106
4299 12 32 107
4300 21 32 107
4301 12 16 108
4302 13 225 104
4303 14 177 104
4304 13 119 105
4305 14 238 105
4306 15 255 105
4307 16 227 105
4308 17 32 105
4309 13 242 106
4310 16 2 106
4311 17 201 106
4312 18 249 106
4313 13 256 107
4314 19 2 107
4315 20 256 107
4316 13 64 108
4317 21 193 108
4318 22 32 108
4319 14 225 106
4320 15 177 106
4321 14 119 107
4322 15 238 107
4323 16 255 107
4324 17 227 107
4325 18 32 107
4326 14 242 108
4327 17 2 108
4328 18 201 108
4329 19 249 108
4330 20 15 108
4331 12 87 109
4332 13 68 109
4333 14 229 109
4334 20 250 109
4335 15 225 108
4336 16 177 108
4337 15 119 109
4338 16 238 109
4339 17 255 109
4340 18 227 109
4341 19 32 109
4342 21 161 109
4343 22 254 109
4344 23 136 109
4345 11 133 110
4346 12 131 110
4347 13 43 110
4348 14 175 110
4349 15 150 110
4350 16 225 110
4351 17 177 110
4352 18 159 110
4353 19 138 110
4354 20 15 110
4355 21 156 110
4356 22 110 110
4357 23 202 110
4358 10 103 111
4359 11 160 111
4360 12 60 111
4361 13 103 111
4362 14 136 111
4363 15 51 111
4364 16 151 111
4365 17 23 111
4366 18 176 111
4367 19 64 111
4368 20 33 111
4369 21 110 111
4370 22 179 111
4371 23 44 111
4372 24 171 111
4373 25 77 111
4374 9 137 112
4375 10 198 112
4376 11 235 112
4377 12 49 112
4378 13 14 112
4379 14 86 112
4380 15 191 112
4381 16 118 112
4382 17 209 112
4383 18 115 112
4384 19 57 112
4385 20 22 112
4386 21 226 112
4387 22 251 112
4388 23 178 112
4389 24 114 112
4390 25 151 112
4391 8 8 113
4392 9 236 113
4393 10 57 113
4394 11 22 113
4395 12 16 113
4396 13 207 113
4397 14 198 113
4398 15 173 113
4399 16 252 113
4400 17 139 113
4401 18 205 113
4402 19 208 113
4403 20 188 113
4404 21 246 113
4405 22 170 113
4406 23 74 113
4407 24 243 113
4408 25 203 113
4409 26 87 113
4410 27 3 113
4411 7 160 114
4412 8 163 114
4413 9 16 114
4414 10 11 114
4415 11 83 114
4416 12 200 114
4417 13 201 114
4418 14 192 114
4419 15 208 114
4420 16 101 114
4421 17 153 114
4422 18 238 114
4423 19 10 114
4424 20 198 114
4425 21 107 114
4426 22 217 114
4427 23 75 114
4428 24 229 114
4429 25 255 114
4430 26 254 114
4431 27 129 114
4432 6 151 115
4433 7 228 115
4434 8 6 115
4435 14 16 115
4436 16 14 115
4437 18 115 115
4438 19 218 115
4439 20 59 115
4440 21 186 115
4441 22 28 115
4442 23 172 115
4443 24 255 115
4444 25 187 115
4445 26 120 115
4446 27 185 115
4447 28 73 115
4448 5 73 116
4449 6 233 116
4450 24 222 116
4451 26 43 116
4452 28 51 116
4453 29 256 116
4454 4 225 117
4455 30 241 117
4456 29 253 117
4457 28 255 117
4458 27 128 116
4459 26 64 117
4460 25 16 116
4461 24 8 117
4462 23 2 116
4463 22 1 116
4464 21 193 116
4465 20 225 116
4466 19 249 116
4467 18 253 116
4468 17 256 115
4469 16 128 116
4470 15 32 115
4471 14 16 116
4472 13 4 115
4473 12 2 115
4474 11 129 115
4475 10 193 115
4476 9 241 115
4477 8 249 116
4478 7 255 116
4479 9 199 116
4480 10 107 116
4481 11 176 116
4482 12 113 116
4483 13 168 116
4484 15 170 116
4485 17 43 116
4486 5 188 117
4487 6 41 117
4488 31 249 118
4489 30 253 118
4490 29 256 118
4491 28 128 118
4492 27 32 117
4493 26 16 118
4494 25 4 117
4495 24 2 118
4496 23 129 117
4497 22 193 117
4498 21 241 117
4499 20 249 117
4500 19 255 117
4501 18 256 117
4502 7 195 117
4503 16 32 117
4504 8 234 117
4505 14 4 117
4506 9 46 117
4507 12 129 117
4508 11 193 117
4509 10 241 117
4510 13 111 117
4511 15 47 117
4512 17 20 117
4513 3 29 118
4514 4 14 118
4515 5 205 118
4516 6 30 118
4517 7 130 118
4518 8 31 118
4519 9 49 118
4520 32 249 119
4521 31 255 119
4522 30 256 119
4523 29 64 119
4524 28 32 119
4525 27 8 118
4526 26 4 119
4527 25 1 118
4528 24 129 119
4529 23 225 118
4530 22 241 118
4531 21 253 118
4532 20 255 118
4533 19 128 118
4534 18 64 118
4535 10 29 118
4536 16 8 118
4537 11 137 118
4538 14 1 118
4539 12 48 118
4540 13 200 118
4541 15 242 118
4542 17 152 118
4543 2 115 119
4544 3 126 119
4545 4 193 119
4546 5 137 119
4547 6 85 119
4548 7 189 119
4549 8 229 119
4550 9 15 119
4551 33 253 120
4552 32 255 120
4553 31 128 120
4554 30 64 120
4555 29 16 120
4556 28 8 120
4557 27 2 119
4558 26 1 120
4559 25 193 119
4560 24 225 120
4561 23 249 119
4562 22 253 119
4563 21 256 119
4564 20 128 119
4565 19 32 119
4566 18 16 119
4567 10 230 119
4568 16 2 119
4569 11 207 119
4570 14 193 119
4571 12 220 119
4572 13 213 119
4573 15 70 119
4574 17 17 119
4575 1 208 120
4576 2 217 120
4577 3 216 120
4578 4 170 120
4579 5 126 120
4580 6 170 120
4581 34 253 122
4582 33 256 121
4583 32 128 121
4584 31 32 121
4585 30 16 121
4586 29 4 121
4587 28 2 121
4588 27 129 120
4589 26 193 121
4590 25 241 120
4591 24 249 121
4592 23 255 120
4593 22 256 120
4594 21 64 120
4595 20 32 120
4596 19 8 120
4597 18 4 120
4598 7 220 120
4599 16 129 120
4600 8 56 120
4601 14 241 120
4602 9 172 120
4603 10 251 120
4604 11 141 120
4605 13 114 120
4606 12 7 120
4607 15 32 120
4608 17 118 120
4609 0 231 121
4610 35 255 122
4611 34 256 123
4612 33 64 122
4613 32 32 122
4614 31 8 122
4615 30 4 122
4616 29 1 122
4617 28 129 122
4618 27 225 121
4619 26 241 122
4620 25 253 121
4621 24 255 122
4622 23 128 121
4623 22 64 121
4624 21 16 121
4625 20 8 121
4626 19 2 121
4627 18 1 121
4628 1 187 121
4629 16 225 121
4630 2 39 121
4631 14 253 121
4632 4 223 121
4633 6 193 121
4634 8 242 121
4635 10 252 121
4636 11 209 121
4637 12 148 121
4638 36 255 124
4639 35 128 123
4640 34 64 124
4641 33 16 123
4642 32 8 123
4643 31 2 123
4644 30 1 123
4645 29 193 123
4646 28 225 123
4647 27 249 122
4648 26 253 123
4649 25 256 122
4650 24 128 123
4651 23 32 122
4652 22 16 122
4653 21 4 122
4654 20 2 122
4655 19 129 122
4656 18 193 122
4657 17 241 121
4658 16 249 122
4659 15 255 121
4660 14 256 122
4661 13 64 121
4662 0 25 122
4663 1 38 122
4664 12 209 122
4665 37 256 124
4666 36 128 125
4667 35 32 124
4668 34 16 125
4669 33 4 124
4670 32 2 124
4671 31 129 124
4672 30 193 124
4673 29 241 124
4674 28 249 124
4675 27 255 123
4676 26 256 124
4677 25 64 123
4678 24 32 124
4679 23 8 123
4680 22 4 123
4681 21 1 123
4682 20 129 123
4683 19 225 123
4684 18 241 123
4685 17 253 122
4686 16 255 123
4687 15 128 122
4688 14 64 123
4689 13 16 122
4690 0 102 123
4691 38 256 126
4692 37 64 125
4693 36 32 126
4694 35 8 125
4695 34 4 126
4696 33 1 125
4697 32 129 125
4698 31 225 125
4699 30 241 125
4700 29 253 125
4701 28 255 125
4702 27 128 124
4703 26 64 125
4704 25 16 124
4705 24 8 125
4706 23 2 124
4707 22 1 124
4708 21 193 124
4709 20 225 124
4710 19 249 124
4711 18 253 124
4712 17 256 123
4713 16 128 124
4714 15 32 123
4715 14 16 124
4716 39 128 127
4717 38 64 127
4718 37 16 126
4719 36 8 127
4720 35 2 126
4721 34 1 127
4722 33 193 126
4723 32 225 126
4724 31 249 126
4725 30 253 126
4726 29 256 126
4727 28 128 126
4728 27 32 125
4729 26 16 126
4730 25 4 125
4731 24 2 126
4732 23 129 125
4733 22 193 125
4734 21 241 125
4735 20 249 125
4736 19 255 125
4737 18 256 125
4738 17 64 124
4739 16 32 125
4740 40 128 128
4741 39 32 128
4742 38 16 128
4743 37 4 127
4744 36 2 128
4745 35 129 127
4746 34 193 128
4747 33 241 127
4748 32 249 127
4749 31 255 127
4750 30 256 127
4751 29 64 127
4752 28 32 127
4753 27 8 126
4754 26 4 127
4755 25 1 126
4756 24 129 127
4757 23 225 126
4758 22 241 126
4759 21 253 126
4760 20 255 126
4761 19 128 126
4762 18 64 126
4763 41 64 129
4764 40 32 129
4765 39 8 129
4766 38 4 129
4767 37 1 128
4768 36 129 129
4769 35 225 128
4770 34 241 129
4771 33 253 128
4772 32 255 128
4773 31 128 128
4774 30 64 128
4775 29 16 128
4776 28 8 128
4777 27 2 127
4778 26 1 128
4779 25 193 127
4780 24 225 128
4781 23 249 127
4782 22 253 127
4783 21 256 127
4784 20 128 127
4785 42 64 130
4786 41 16 130
4787 40 8 130
4788 39 2 130
4789 38 1 130
4790 37 193 129
4791 36 225 130
4792 35 249 129
4793 34 253 130
4794 33 256 129
4795 32 128 129
4796 31 32 129
4797 30 16 129
4798 29 4 129
4799 28 2 129
4800 27 129 128
4801 26 193 129
4802 25 241 128
4803 24 249 129
4804 23 255 128
4805 22 256 128
4806 43 32 131
4807 42 16 131
4808 41 4 131
4809 40 2 131
4810 39 129 131
4811 38 193 131
4812 37 241 130
4813 36 249 131
4814 35 255 130
4815 34 256 131
4816 33 64 130
4817 32 32 130
4818 31 8 130
4819 30 4 130
4820 29 1 130
4821 28 129 130
4822 27 225 129
4823 26 241 130
4824 25 253 129
4825 24 255 130
4826 44 32 133
4827 43 8 132
4828 42 4 132
4829 41 1 132
4830 40 129 132
4831 39 225 132
4832 38 241 132
4833 37 253 131
4834 36 255 132
4835 35 128 131
4836 34 64 132
4837 33 16 131
4838 32 8 131
4839 31 2 131
4840 30 1 131
4841 29 193 131
4842 28 225 131
4843 27 249 130
4844 26 253 131
4845 45 16 133
4846 44 8 134
4847 43 2 133
4848 42 1 133
4849 41 193 133
4850 40 225 133
4851 39 249 133
4852 38 253 133
4853 37 256 132
4854 36 128 133
4855 35 32 132
4856 34 16 133
4857 33 4 132
4858 32 2 132
4859 31 129 132
4860 30 193 132
4861 29 241 132
4862 28 249 132
4863 46 16 135
4864 45 4 134
4865 44 2 135
4866 43 129 134
4867 42 193 134
4868 41 241 134
4869 40 249 134
4870 39 255 134
4871 38 256 134
4872 37 64 133
4873 36 32 134
4874 35 8 133
4875 34 4 134
4876 33 1 133
4877 32 129 133
4878 31 225 133
4879 30 241 133
4880 47 8 135
4881 46 4 136
4882 45 1 135
4883 44 129 136
4884 43 225 135
4885 42 241 135
4886 41 253 135
4887 40 255 135
4888 39 128 135
4889 38 64 135
4890 37 16 134
4891 36 8 135
4892 35 2 134
4893 34 1 135
4894 33 193 134
4895 32 225 134
4896 48 8 137
4897 47 2 136
4898 46 1 137
4899 45 193 136
4900 44 225 137
4901 43 249 136
4902 42 253 136
4903 41 256 136
4904 40 128 136
4905 39 32 136
4906 38 16 136
4907 37 4 135
4908 36 2 136
4909 35 129 135
4910 34 193 136
4911 49 4 138
4912 48 2 138
4913 47 129 137
4914 46 193 138
4915 45 241 137
4916 44 249 138
4917 43 255 137
4918 42 256 137
4919 41 64 137
4920 40 32 137
4921 39 8 137
4922 38 4 137
4923 37 1 136
4924 36 129 137
4925 50 4 139
4926 49 1 139
4927 48 129 139
4928 47 225 138
4929 46 241 139
4930 45 253 138
4931 44 255 139
4932 43 128 138
4933 42 64 138
4934 41 16 138
4935 40 8 138
4936 39 2 138
4937 38 1 138
4938 51 2 140
4939 50 1 140
4940 49 193 140
4941 48 225 140
4942 47 249 139
4943 46 253 140
4944 45 256 139
4945 44 128 140
4946 43 32 139
4947 42 16 139
4948 41 4 139
4949 40 2 139
4950 52 2 141
4951 51 129 141
4952 50 193 141
4953 49 241 141
4954 48 249 141
4955 47 255 140
4956 46 256 141
4957 45 64 140
4958 44 32 141
4959 43 8 140
4960 42 4 140
4961 53 1 142
4962 52 129 142
4963 51 225 142
4964 50 241 142
4965 49 253 142
4966 48 255 142
4967 47 128 141
4968 46 64 142
4969 45 16 141
4970 44 8 142
4971 54 1 144
4972 53 193 143
4973 52 225 143
4974 51 249 143
4975 50 253 143
4976 49 256 143
4977 48 128 143
4978 47 32 142
4979 46 16 143
4980 55 129 144
4981 54 193 145
4982 53 241 144
4983 52 249 144
4984 51 255 144
4985 50 256 144
4986 49 64 144
4987 48 32 144
4988 56 129 146
4989 55 225 145
4990 54 241 146
4991 53 253 145
4992 52 255 145
4993 51 128 145
4994 50 64 145
4995 57 193 146
4996 56 225 147
4997 55 249 146
4998 54 253 147
4999 53 256 146
5000 52 128 146
5001 58 193 148
5002 57 241 147
5003 56 249 148
5004 55 255 147
5005 54 256 148
5006 59 225 149
5007 58 241 149
5008 57 253 148
5009 56 255 149
5010 60 225 150
5011 59 249 150
5012 58 253 150
5013 61 241 151
5014 60 249 151
5015 62 241 152
5016 63 116 153
5017 61 105 152
5018 59 146 151
5019 57 110 149
5020 55 104 148
5021 53 103 147
5022 51 60 146
5023 49 10 145
5024 47 173 143
5025 45 243 142
5026 43 169 141
5027 41 71 140
5028 39 226 139
5029 37 209 137
5030 35 249 136
5031 33 170 135
5032 31 114 134
5033 29 19 133
5034 27 46 131
5035 25 179 130
5036 23 244 129
5037 21 212 128
5038 19 121 127
5039 17 63 125
5040 15 139 124
5041 64 116 155
5042 62 105 153
5043 60 146 152
5044 58 110 151
5045 56 104 150
5046 54 103 149
5047 52 60 147
5048 50 10 146
5049 48 173 145
5050 46 243 144
5051 44 169 143
5052 42 71 141
5053 40 226 140
5054 38 209 139
5055 36 249 138
5056 34 170 137
5057 32 114 135
5058 30 19 134
5059 28 46 133
5060 26 179 132
5061 24 244 131
5062 22 212 129
5063 20 121 128
5064 18 63 127
5065 65 58 155
5066 63 181 154
5067 61 73 153
5068 59 55 152
5069 57 52 150
5070 55 180 149
5071 53 30 148
5072 51 5 147
5073 49 215 146
5074 47 250 144
5075 45 213 143
5076 43 164 142
5077 41 113 141
5078 39 233 140
5079 37 253 138
5080 35 85 137
5081 33 57 136
5082 31 138 135
5083 29 23 134
5084 27 218 132
5085 25 122 131
5086 23 106 130
5087 21 189 129
5088 66 58 157
5089 64 181 156
5090 62 73 154
5091 60 55 153
5092 58 52 152
5093 56 180 151
5094 54 30 150
5095 52 5 148
5096 50 215 147
5097 48 250 146
5098 46 213 145
5099 44 164 144
5100 42 113 142
5101 40 233 141
5102 38 253 140
5103 36 85 139
5104 34 57 138
5105 32 138 136
5106 30 23 135
5107 28 218 134
5108 26 122 133
5109 24 106 132
5110 67 29 157
5111 65 219 156
5112 63 165 155
5113 61 156 154
5114 59 26 153
5115 57 90 151
5116 55 15 150
5117 53 131 149
5118 51 236 148
5119 49 125 147
5120 47 235 145
5121 45 82 144
5122 43 185 143
5123 41 245 142
5124 39 255 141
5125 37 171 139
5126 35 157 138
5127 33 69 137
5128 31 140 136
5129 29 109 135
5130 27 61 133
5131 68 29 159
5132 66 219 158
5133 64 165 157
5134 62 156 155
5135 60 26 154
5136 58 90 153
5137 56 15 152
5138 54 131 151
5139 52 236 149
5140 50 125 148
5141 48 235 147
5142 46 82 146
5143 44 185 145
5144 42 245 143
5145 40 255 142
5146 38 171 141
5147 36 157 140
5148 34 69 139
5149 32 140 137
5150 30 109 136
5151 69 143 160
5152 67 238 158
5153 65 211 157
5154 63 78 156
5155 61 13 155
5156 59 45 154
5157 57 136 152
5158 55 194 151
5159 53 118 150
5160 51 191 149
5161 49 246 148
5162 47 41 146
5163 45 221 145
5164 43 251 144
5165 41 256 143
5166 39 214 142
5167 37 207 140
5168 35 163 139
5169 33 70 138
5170 70 143 161
5171 68 238 160
5172 66 211 159
5173 64 78 158
5174 62 13 156
5175 60 45 155
5176 58 136 154
5177 56 194 153
5178 54 118 152
5179 52 191 150
5180 50 246 149
5181 48 41 148
5182 46 221 147
5183 44 251 146
5184 42 256 144
5185 40 214 143
5186 38 207 142
5187 36 163 141
5188 71 200 162
5189 69 119 161
5190 67 234 159
5191 65 39 158
5192 63 135 157
5193 61 151 156
5194 59 68 155
5195 57 97 153
5196 55 59 152
5197 53 224 151
5198 51 123 150
5199 49 149 149
5200 47 239 147
5201 45 254 146
5202 43 128 145
5203 41 107 144
5204 39 232 143
5205 72 200 163
5206 70 119 162
5207 68 234 161
5208 66 39 160
5209 64 135 159
5210 62 151 157
5211 60 68 156
5212 58 97 155
5213 56 59 154
5214 54 224 153
5215 52 123 151
5216 50 149 150
5217 48 239 149
5218 46 254 148
5219 44 128 147
5220 42 107 145
5221 73 100 164
5222 71 188 163
5223 69 117 162
5224 67 148 160
5225 65 196 159
5226 63 204 158
5227 61 34 157
5228 59 177 156
5229 57 158 154
5230 55 112 153
5231 53 190 152
5232 51 203 151
5233 49 248 150
5234 47 127 148
5235 45 64 147
5236 74 100 166
5237 72 188 164
5238 70 117 163
5239 68 148 162
5240 66 196 161
5241 64 204 160
5242 62 34 158
5243 60 177 157
5244 58 158 156
5245 56 112 155
5246 54 190 154
5247 52 203 152
5248 50 248 151
5249 48 127 150
5250 75 50 166
5251 73 94 165
5252 71 187 164
5253 69 74 163
5254 67 98 161
5255 65 102 160
5256 63 17 159
5257 61 217 158
5258 59 79 157
5259 57 56 155
5260 55 95 154
5261 53 230 153
5262 51 124 152
5263 76 50 168
5264 74 94 167
5265 72 187 165
5266 70 74 164
5267 68 98 163
5268 66 102 162
5269 64 17 161
5270 62 217 159
5271 60 79 158
5272 58 56 157
5273 56 95 156
5274 54 230 155
5275 77 25 168
5276 75 47 167
5277 73 222 166
5278 71 37 165
5279 69 49 164
5280 67 51 162
5281 65 137 161
5282 63 237 160
5283 61 168 159
5284 59 28 158
5285 57 176 156
5286 78 25 170
5287 76 47 169
5288 74 222 168
5289 72 37 166
5290 70 49 165
5291 68 51 164
5292 66 137 163
5293 64 237 162
5294 62 168 160
5295 60 28 159
5296 79 141 171
5297 77 152 169
5298 75 111 168
5299 73 147 167
5300 71 153 166
5301 69 154 165
5302 67 197 163
5303 65 247 162
5304 63 84 161
5305 80 141 172
5306 78 152 171
5307 76 111 170
5308 74 147 169
5309 72 153 167
5310 70 154 166
5311 68 197 165
5312 66 247 164
5313 81 199 173
5314 79 76 172
5315 77 184 170
5316 75 202 169
5317 73 205 168
5318 71 77 167
5319 69 227 166
5320 82 199 174
5321 80 76 173
5322 78 184 172
5323 76 202 171
5324 74 205 170
5325 72 77 168
5326 83 228 175
5327 81 38 174
5328 79 92 173
5329 77 101 171
5330 75 231 170
5331 84 228 177
5332 82 38 175
5333 80 92 174
5334 78 101 173
5335 85 114 177
5336 83 19 176
5337 81 46 175
5338 86 114 179
5339 84 19 178
5340 87 57 179
5341 3 128 121
5342 2 193 122
5343 1 32 123
5344 0 241 124
5345 0 241 125
5346 0 241 126
5347 0 241 127
5348 0 241 128
5349 0 241 129
5350 0 241 130
5351 0 241 131
5352 0 241 132
5353 0 241 133
5354 0 241 134
5355 0 241 135
5356 0 241 136
5357 0 241 137
5358 0 241 138
5359 0 241 139
5360 0 241 140
5361 0 241 141
5362 0 241 142
5363 5 22 121
5364 3 228 122
5365 4 39 122
5366 2 91 123
5367 1 83 124
5368 1 83 125
5369 1 83 126
5370 1 83 127
5371 1 83 128
5372 1 83 129
5373 1 83 130
5374 1 83 131
5375 1 83 132
5376 1 83 133
5377 1 83 134
5378 1 83 135
5379 1 83 136
5380 1 83 137
5381 1 83 138
5382 1 83 139
5383 1 83 140
5384 7 60 121
5385 5 248 122
5386 6 83 122
5387 3 22 123
5388 4 102 123
5389 2 228 124
5390 2 228 125
5391 2 228 126
5392 2 228 127
5393 2 228 128
5394 2 228 129
5395 2 228 130
5396 2 228 131
5397 2 228 132
5398 2 228 133
5399 2 228 134
5400 2 228 135
5401 2 228 136
5402 2 228 137
5403 2 228 138
5404 9 187 121
5405 7 139 122
5406 8 203 122
5407 5 60 123
5408 6 138 123
5409 3 178 124
5410 4 220 124
5411 3 38 125
5412 3 38 126
5413 3 38 127
5414 3 38 128
5415 3 38 129
5416 3 38 130
5417 3 38 131
5418 3 38 132
5419 3 38 133
5420 3 38 134
5421 3 38 135
5422 3 38 136
5423 9 220 122
5424 10 109 122
5425 11 218 122
5426 7 187 123
5427 8 96 123
5428 5 135 124
5429 6 86 124
5430 4 112 125
5431 5 253 125
5432 4 92 126
5433 4 92 127
5434 4 92 128
5435 4 92 129
5436 4 92 130
5437 4 92 131
5438 4 92 132
5439 4 92 133
5440 4 92 134
5441 9 153 123
5442 10 98 123
5443 11 196 123
5444 12 13 123
5445 13 26 123
5446 7 228 124
5447 8 71 124
5448 6 212 125
5449 7 176 125
5450 5 112 126
5451 6 190 126
5452 5 101 127
5453 5 101 128
5454 5 101 129
5455 5 101 130
5456 5 101 131
5457 5 101 132
5458 9 180 124
5459 10 206 124
5460 11 155 124
5461 12 106 124
5462 13 212 124
5463 8 148 125
5464 9 162 125
5465 14 44 125
5466 7 181 126
5467 8 204 126
5468 16 249 126
5469 6 61 127
5470 7 164 127
5471 6 231 128
5472 6 231 129
5473 6 231 130
5474 10 90 125
5475 11 170 125
5476 12 82 125
5477 13 238 125
5478 15 75 125
5479 9 229 126
5480 10 208 126
5481 11 11 126
5482 14 209 126
5483 17 88 126
5484 8 240 127
5485 9 113 127
5486 7 82 128
5487 8 203 128
5488 19 101 128
5489 12 182 126
5490 13 201 126
5491 15 254 126
5492 10 96 127
5493 11 98 127
5494 12 9 127
5495 13 180 127
5496 14 94 127
5497 16 93 127
5498 9 124 128
5499 10 198 128
5500 11 212 128
5501 18 228 128
5502 7 201 129
5503 15 44 127
5504 17 2 127
5505 12 252 128
5506 13 12 128
5507 14 132 128
5508 15 206 128
5509 16 155 128
5510 17 14 128
5511 8 25 129
5512 9 231 129
5513 10 167 129
5514 11 70 129
5515 12 162 129
5516 13 147 129
5517 14 243 129
5518 15 18 129
5519 16 252 129
5520 17 109 129
5521 18 211 129
5522 19 229 129
5523 20 242 129
5524 7 127 130
5525 8 186 130
5526 9 128 130
5527 10 237 130
5528 11 211 130
5529 12 245 130
5530 13 76 130
5531 14 203 130
5532 15 123 130
5533 16 55 130
5534 17 241 130
5535 18 246 130
5536 19 213 130
5537 20 130 130
5538 21 18 130
5539 22 44 130
5540 6 65 131
5541 7 248 131
5542 8 120 131
5543 9 28 131
5544 10 115 131
5545 11 133 131
5546 12 112 131
5547 13 36 131
5548 14 158 131
5549 15 81 131
5550 16 23 131
5551 17 192 131
5552 18 250 131
5553 19 77 131
5554 20 77 131
5555 21 123 131
5556 22 107 131
5557 23 210 131
5558 6 3 132
5559 7 216 132
5560 8 43 132
5561 9 83 132
5562 10 212 132
5563 11 157 132
5564 12 123 132
5565 13 236 132
5566 14 255 132
5567 15 244 132
5568 16 155 132
5569 17 202 132
5570 18 173 132
5571 19 210 132
5572 20 36 132
5573 21 187 132
5574 22 28 132
5575 23 226 132
5576 25 224 132
5577 5 9 133
5578 6 6 133
5579 7 220 133
5580 8 185 133
5581 9 242 133
5582 10 99 133
5583 11 173 133
5584 12 133 133
5585 13 36 133
5586 14 122 133
5587 15 146 133
5588 16 19 133
5589 17 251 133
5590 18 46 133
5591 19 238 133
5592 20 238 133
5593 5 179 134
5594 21 67 133
5595 22 219 133
5596 24 193 133
5597 23 220 133
5598 25 193 133
5599 6 169 134
5600 7 186 134
5601 8 74 134
5602 9 143 134
5603 10 130 134
5604 11 166 134
5605 12 201 134
5606 13 187 134
5607 14 243 134
5608 15 190 134
5609 16 219 134
5610 17 230 134
5611 18 255 134
5612 19 21 134
5613 20 234 134
5614 21 236 134
5615 22 9 134
5616 23 237 134
5617 24 79 134
5618 25 117 134
5619 26 84 134
5620 27 109 134
5621 4 93 135
5622 5 241 135
5623 6 22 135
5624 7 146 135
5625 8 4 135
5626 9 65 135
5627 10 191 135
5628 11 24 135
5629 12 44 135
5630 13 58 135
5631 14 184 135
5632 15 153 135
5633 16 226 135
5634 17 67 135
5635 18 59 135
5636 19 53 135
5637 20 104 135
5638 21 124 135
5639 22 146 135
5640 23 204 135
5641 24 131 135
5642 25 8 135
5643 26 196 135
5644 27 69 135
5645 28 219 135
5646 4 159 136
5647 5 8 136
5648 6 60 136
5649 7 246 136
5650 8 143 136
5651 9 214 136
5652 10 92 136
5653 11 32 136
5654 12 84 136
5655 13 89 136
5656 14 201 136
5657 15 137 136
5658 16 49 136
5659 17 14 136
5660 18 72 136
5661 19 250 136
5662 20 25 136
5663 21 57 136
5664 22 104 136
5665 23 79 136
5666 24 129 136
5667 25 210 136
5668 26 64 136
5669 27 138 136
5670 28 182 136
5671 29 251 136
5672 3 104 137
5673 4 126 137
5674 5 163 137
5675 6 154 137
5676 7 72 137
5677 8 83 137
5678 9 27 137
5679 10 95 137
5680 11 7 137
5681 12 248 137
5682 13 182 137
5683 14 171 137
5684 15 228 137
5685 17 218 137
5686 16 220 137
5687 18 174 137
5688 19 3 137
5689 20 29 137
5690 21 28 137
5691 22 58 137
5692 23 7 137
5693 24 93 137
5694 25 52 137
5695 26 118 137
5696 27 184 137
5697 28 67 137
5698 29 22 137
5699 30 195 137
5700 31 31 137
5701 3 200 138
5702 4 27 138
5703 5 165 138
5704 6 67 138
5705 7 221 138
5706 8 180 138
5707 9 134 138
5708 10 150 138
5709 11 67 138
5710 12 113 138
5711 13 33 138
5712 14 251 138
5713 15 66 138
5714 16 205 138
5715 17 16 138
5716 18 4 138
5717 19 19 138
5718 20 23 138
5719 21 98 138
5720 22 140 138
5721 23 251 138
5722 24 70 138
5723 25 164 138
5724 26 202 138
5725 27 130 138
5726 28 96 138
5727 29 197 138
5728 30 152 138
5729 31 24 138
5730 32 137 138
5731 2 111 139
5732 3 97 139
5733 4 133 139
5734 5 231 139
5735 6 105 139
5736 7 173 139
5737 8 230 139
5738 9 240 139
5739 10 255 139
5740 11 110 139
5741 12 177 139
5742 13 230 139
5743 14 174 139
5744 15 211 139
5745 16 213 139
5746 17 126 139
5747 18 191 139
5748 19 40 139
5749 20 57 139
5750 21 120 139
5751 22 76 139
5752 23 150 139
5753 24 73 139
5754 25 192 139
5755 27 130 139
5756 26 59 139
5757 28 158 139
5758 29 211 139
5759 30 101 139
5760 31 155 139
5761 32 153 139
5762 33 155 139
5763 2 152 140
5764 3 168 140
5765 4 141 140
5766 5 206 140
5767 6 78 140
5768 7 16 140
5769 8 181 140
5770 9 58 140
5771 10 165 140
5772 11 28 140
5773 12 73 140
5774 13 147 140
5775 14 113 140
5776 15 96 140
5777 16 107 140
5778 17 133 140
5779 18 150 140
5780 19 220 140
5781 20 73 140
5782 21 49 140
5783 22 140 140
5784 23 93 140
5785 24 75 140
5786 25 194 140
5787 26 86 140
5788 27 133 140
5789 28 145 140
5790 29 158 140
5791 30 250 140
5792 31 87 140
5793 32 94 140
5794 33 209 140
5795 34 6 140
5796 35 44 140
5797 1 70 141
5798 2 113 141
5799 3 243 141
5800 4 121 141
5801 5 255 141
5802 6 132 141
5803 7 61 141
5804 8 24 141
5805 9 152 141
5806 10 170 141
5807 11 236 141
5808 12 121 141
5809 13 228 141
5810 14 88 141
5811 15 107 141
5812 16 115 141
5813 17 136 141
5814 18 210 141
5815 19 128 141
5816 20 70 141
5817 21 88 141
5818 22 42 141
5819 23 166 141
5820 24 225 141
5821 25 211 141
5822 26 175 141
5823 27 176 141
5824 28 222 141
5825 29 30 141
5826 30 143 141
5827 31 111 141
5828 32 247 141
5829 33 16 141
5830 34 214 141
5831 35 20 141
5832 37 231 141
5833 1 16 142
5834 2 239 142
5835 3 68 142
5836 4 48 142
5837 5 253 142
5838 6 208 142
5839 7 108 142
5840 18 162 142
5841 20 142 142
5842 21 225 142
5843 22 89 142
5844 23 202 142
5845 24 118 142
5846 25 206 142
5847 26 148 142
5848 28 135 142
5849 27 27 142
5850 29 72 142
5851 30 149 142
5852 31 66 142
5853 32 42 142
5854 33 252 142
5855 34 244 142
5856 35 36 142
5857 36 179 142
5858 37 164 142
5859 24 105 143
5860 25 107 143
5861 26 224 143
5862 27 211 143
5863 28 74 143
5864 29 254 143
5865 30 173 143
5866 31 118 143
5867 34 203 143
5868 33 92 143
5869 32 158 143
5870 35 7 143
5871 36 65 143
5872 37 230 143
5873 38 122 143
5874 26 243 144
5875 28 195 144
5876 29 88 144
5877 30 184 144
5878 34 92 144
5879 33 224 144
5880 32 83 144
5881 31 136 144
5882 35 23 144
5883 39 66 144
5884 38 91 144
5885 36 18 144
5886 37 53 144
5887 40 195 144
5888 30 151 145
5889 33 199 145
5890 32 68 145
5891 34 253 145
5892 39 116 145
5893 38 121 145
5894 36 104 145
5895 37 189 145
5896 35 123 145
5897 40 77 145
5898 41 11 145
5899 34 27 146
5900 39 126 146
5901 38 127 146
5902 36 105 146
5903 37 166 146
5904 42 134 146
5905 41 105 146
5906 40 63 146
5907 43 111 146
5908 38 231 147
5909 39 126 147
5910 42 181 147
5911 41 21 147
5912 40 64 147
5913 44 216 148
5914 43 146 147
5915 42 139 148
5916 45 36 148
5917 44 146 149
5918 46 36 149
5919 47 32 149
5920 45 8 149
5921 43 2 148
5922 41 129 148
5923 39 225 148
5924 36 229 147
5925 35 256 146
5926 33 64 146
5927 31 16 145
5928 29 4 145
5929 27 129 144
5930 24 215 144
5931 23 249 143
5932 21 255 143
5933 19 128 142
5934 8 175 142
5935 9 187 142
5936 10 96 142
5937 11 220 142
5938 12 163 142
5939 13 169 142
5940 14 169 142
5941 15 44 142
5942 16 230 142
5943 17 13 142
5944 0 23 143
5945 1 55 143
5946 2 207 143
5947 3 158 143
5948 4 34 143
5949 48 32 151
5950 46 8 150
5951 44 2 150
5952 42 193 149
5953 40 241 148
5954 38 253 148
5955 37 188 147
5956 34 64 147
5957 32 8 146
5958 30 2 146
5959 28 129 145
5960 26 225 145
5961 25 175 144
5962 22 256 143
5963 20 64 143
5964 18 16 143
5965 5 233 143
5966 6 247 143
5967 7 64 143
5968 8 203 143
5969 9 70 143
5970 10 205 143
5971 12 53 143
5972 11 91 143
5973 13 244 143
5974 14 152 143
5975 15 45 143
5976 16 179 143
5977 17 207 143
5978 49 182 151
5979 47 87 150
5980 45 86 150
5981 43 150 149
5982 41 166 149
5983 39 170 149
5984 36 239 148
5985 35 182 147
5986 33 174 147
5987 31 172 146
5988 29 43 146
5989 27 166 145
5990 24 184 145
5991 23 171 144
5992 21 107 144
5993 19 91 143
5994 0 210 144
5995 1 98 144
5996 2 166 144
5997 3 14 144
5998 4 199 144
5999 5 99 144
6000 6 186 144
6001 7 154 144
6002 8 62 144
6003 9 86 144
6004 10 161 144
6005 11 43 144
6006 50 91 152
6007 48 87 152
6008 46 86 151
6009 44 150 151
6010 42 83 150
6011 40 85 149
6012 38 214 149
6013 37 213 148
6014 34 174 148
6015 32 86 147
6016 30 150 147
6017 28 166 146
6018 26 170 146
6019 25 203 145
6020 22 182 144
6021 20 174 144
6022 18 172 144
6023 12 243 144
6024 13 22 144
6025 14 69 144
6026 15 23 144
6027 16 16 144
6028 17 172 144
6029 19 206 144
6030 0 125 145
6031 1 169 145
6032 2 239 145
6033 51 116 153
6034 49 29 152
6035 47 100 151
6036 45 25 151
6037 43 199 150
6038 41 114 150
6039 39 157 150
6040 36 106 149
6041 35 29 148
6042 33 200 148
6043 31 50 147
6044 29 141 147
6045 27 114 146
6046 24 26 146
6047 23 232 145
6048 21 58 145
6049 3 213 145
6050 4 36 145
6051 5 34 145
6052 6 90 145
6053 7 29 145
6054 8 243 145
6055 9 178 145
6056 10 95 145
6057 11 229 145
6058 12 32 145
6059 52 58 153
6060 50 143 153
6061 48 100 153
6062 46 25 152
6063 44 199 152
6064 42 57 151
6065 40 207 150
6066 38 116 150
6067 37 137 149
6068 34 200 149
6069 32 25 148
6070 30 199 148
6071 28 114 147
6072 26 157 147
6073 25 59 146
6074 22 29 145
6075 20 200 145
6076 18 50 145
6077 13 189 145
6078 14 55 145
6079 15 108 145
6080 16 145 145
6081 17 79 145
6082 19 54 145
6083 0 203 146
6084 53 105 154
6085 51 219 154
6086 49 119 153
6087 47 47 152
6088 45 76 152
6089 43 19 151
6090 41 69 151
6091 39 210 151
6092 36 175 150
6093 35 119 149
6094 33 94 149
6095 31 152 148
6096 29 38 148
6097 27 69 147
6098 24 28 147
6099 23 181 146
6100 21 238 146
6101 1 232 146
6102 2 146 146
6103 3 238 146
6104 4 171 146
6105 5 168 146
6106 6 113 146
6107 7 198 146
6108 55 20 155
6109 52 238 154
6110 50 188 154
6111 48 47 154
6112 46 76 153
6113 44 19 153
6114 42 163 152
6115 40 105 151
6116 38 219 151
6117 37 256 150
6118 34 94 150
6119 32 76 149
6120 30 19 149
6121 28 69 148
6122 26 210 148
6123 25 88 147
6124 22 119 146
6125 20 94 146
6126 18 152 146
6127 8 73 146
6128 9 196 146
6129 10 121 146
6130 11 187 146
6131 54 133 156
6132 53 165 155
6133 51 234 155
6134 49 187 154
6135 47 184 153
6136 45 46 153
6137 43 140 152
6138 41 35 152
6139 39 73 152
6140 36 90 151
6141 35 187 150
6142 33 111 150
6143 31 92 149
6144 29 23 149
6145 27 35 148
6146 24 28 148
6147 23 211 147
6148 21 117 147
6149 19 222 146
6150 12 164 146
6151 14 82 146
6152 15 12 146
6153 56 146 157
6154 55 132 156
6155 52 117 155
6156 50 222 155
6157 48 184 155
6158 46 46 154
6159 44 140 154
6160 42 146 153
6161 40 165 152
6162 38 234 152
6163 37 225 151
6164 34 111 151
6165 32 46 150
6166 30 140 150
6167 28 35 149
6168 26 73 149
6169 25 5 148
6170 22 187 147
6171 20 111 147
6172 18 92 147
6173 16 23 146
6174 57 110 157
6175 54 62 157
6176 53 39 156
6177 51 74 156
6178 49 147 155
6179 47 179 154
6180 45 109 154
6181 43 220 153
6182 41 55 153
6183 39 78 153
6184 36 63 152
6185 35 147 151
6186 33 101 151
6187 31 218 150
6188 29 183 150
6189 27 55 149
6190 24 255 149
6191 23 148 148
6192 21 37 148
6193 19 202 147
6194 58 110 158
6195 56 156 158
6196 55 77 157
6197 52 37 156
6198 50 202 156
6199 48 179 156
6200 46 109 155
6201 44 220 155
6202 42 156 154
6203 40 39 153
6204 38 74 153
6205 37 54 152
6206 34 101 152
6207 32 109 151
6208 30 220 151
6209 28 55 150
6210 26 78 150
6211 25 218 149
6212 22 147 148
6213 59 208 159
6214 57 26 158
6215 54 222 158
6216 53 98 157
6217 51 153 157
6218 49 231 156
6219 47 61 155
6220 45 208 155
6221 43 52 154
6222 41 13 154
6223 39 196 154
6224 36 226 153
6225 35 231 152
6226 33 122 152
6227 31 159 151
6228 29 104 151
6229 27 13 150
6230 24 98 150
6231 60 104 160
6232 58 26 159
6233 56 135 159
6234 55 215 158
6235 52 205 157
6236 50 244 157
6237 48 61 157
6238 46 208 156
6239 44 52 156
6240 42 135 155
6241 40 98 154
6242 38 153 154
6243 37 233 153
6244 34 122 153
6245 32 208 152
6246 30 52 152
6247 28 13 151
6248 61 206 160
6249 59 180 160
6250 57 151 159
6251 54 238 159
6252 53 154 158
6253 51 167 158
6254 49 106 157
6255 47 206 156
6256 45 180 156
6257 43 45 155
6258 41 204 155
6259 39 51 155
6260 36 226 154
6261 35 106 153
6262 33 155 153
6263 31 103 152
6264 62 103 161
6265 60 90 161
6266 58 151 160
6267 56 102 160
6268 55 45 159
6269 52 212 158
6270 50 53 158
6271 48 206 158
6272 46 180 157
6273 44 45 157
6274 42 102 156
6275 40 154 155
6276 38 167 155
6277 37 22 154
6278 34 155 154
6279 63 120 162
6280 61 30 161
6281 59 136 161
6282 57 17 160
6283 54 34 160
6284 53 242 159
6285 51 189 159
6286 49 240 158
6287 47 30 157
6288 45 136 157
6289 43 34 156
6290 41 137 156
6291 39 227 156
6292 36 94 155
6293 64 120 163
6294 62 15 162
6295 60 68 162
6296 58 17 161
6297 56 197 161
6298 55 135 160
6299 52 223 159
6300 50 120 159
6301 48 30 159
6302 46 136 158
6303 44 34 158
6304 42 197 157
6305 40 242 156
6306 65 20 163
6307 63 5 163
6308 61 194 162
6309 59 177 162
6310 57 247 161
6311 54 14 161
6312 53 160 160
6313 51 40 160
6314 49 10 159
6315 47 194 158
6316 45 177 158
6317 43 237 157
6318 67 175 164
6319 64 5 164
6320 62 97 163
6321 60 217 163
6322 58 247 162
6323 56 126 162
6324 55 224 161
6325 52 20 160
6326 50 5 160
6327 48 194 160
6328 46 177 159
6329 66 122 165
6330 65 215 164
6331 63 118 164
6332 61 158 163
6333 59 168 163
6334 57 21 162
6335 54 189 162
6336 53 178 161
6337 51 173 161
6338 49 236 160
6339 68 89 166
6340 67 198 165
6341 64 118 165
6342 62 79 164
6343 60 84 164
6344 58 21 163
6345 56 198 163
6346 55 250 162
6347 52 215 161
6348 69 201 167
6349 66 201 166
6350 65 191 165
6351 63 112 165
6352 61 28 164
6353 59 7 164
6354 57 33 163
6355 54 118 163
6356 70 229 167
6357 68 250 167
6358 67 80 166
6359 64 112 166
6360 62 14 165
6361 60 132 165
6362 58 33 164
6363 71 162 168
6364 69 169 168
6365 66 113 167
6366 65 190 166
6367 63 176 166
6368 61 44 165
6369 72 81 169
6370 70 213 168
6371 68 246 168
6372 67 9 167
6373 64 176 167
6374 73 27 169
6375 71 71 169
6376 69 82 169
6377 66 112 168
6378 74 27 171
6379 72 164 170
6380 70 41 169
6381 75 133 171
6382 73 226 170
6383 76 133 172
6384 77 95 172
6385 74 95 172
6386 71 230 170
6387 68 115 169
6388 65 62 167
6389 62 31 166
6390 59 96 165
6391 56 48 164
6392 53 8 162
6393 50 4 161
6394 47 172 159
6395 44 172 159
6396 41 200 157
6397 38 100 156
6398 35 188 154
6399 32 94 153
6400 29 117 152
6401 26 187 151
6402 23 74 149
6403 20 37 148
6404 17 49 146
6405 0 143 147
6406 13 153 146
6407 78 95 174
6408 75 230 172
6409 72 115 171
6410 69 124 170
6411 67 204 168
6412 63 96 167
6413 60 48 166
6414 57 8 164
6415 55 146 163
6416 51 87 162
6417 48 172 161
6418 45 200 159
6419 42 100 158
6420 39 119 157
6421 37 115 155
6422 33 117 154
6423 30 187 153
6424 27 74 151
6425 25 98 150
6426 21 98 149
6427 18 49 148
6428 79 203 174
6429 76 230 173
6430 73 124 171
6431 70 62 170
6432 66 122 169
6433 64 96 168
6434 61 16 166
6435 58 8 165
6436 54 41 164
6437 52 172 162
6438 49 143 161
6439 46 200 160
6440 43 119 158
6441 40 188 157
6442 36 173 156
6443 34 117 155
6444 31 148 153
6445 28 74 152
6446 24 183 151
6447 80 230 175
6448 77 124 173
6449 74 124 173
6450 71 192 171
6451 68 96 170
6452 65 16 168
6453 62 8 167
6454 59 174 166
6455 56 87 165
6456 53 143 163
6457 50 200 162
6458 47 119 160
6459 44 119 160
6460 41 234 158
6461 38 117 157
6462 35 148 155
6463 32 74 154
6464 81 248 176
6465 78 124 175
6466 75 192 173
6467 72 96 172
6468 69 32 171
6469 67 43 169
6470 63 174 168
6471 60 87 167
6472 57 143 165
6473 55 95 164
6474 51 238 163
6475 48 119 162
6476 45 234 160
6477 42 117 159
6478 39 39 158
6479 82 124 176
6480 79 127 175
6481 76 192 174
6482 73 32 172
6483 70 16 171
6484 66 1 170
6485 64 174 169
6486 61 29 167
6487 58 143 166
6488 54 80 165
6489 52 119 163
6490 49 211 162
6491 46 234 161
6492 83 127 177
6493 80 192 176
6494 77 32 174
6495 74 32 174
6496 71 91 172
6497 68 174 171
6498 65 29 169
6499 62 143 168
6500 59 219 167
6501 56 238 166
6502 53 211 164
6503 85 67 178
6504 81 64 177
6505 78 32 176
6506 75 91 174
6507 72 174 173
6508 69 58 172
6509 67 76 170
6510 63 219 169
6511 60 238 168
6512 84 105 179
6513 82 32 177
6514 79 182 176
6515 76 91 175
6516 73 58 173
6517 70 29 172
6518 66 143 171
6519 86 64 180
6520 83 182 178
6521 80 91 177
6522 77 58 175
6523 74 58 175
6524 87 182 180
6525 85 91 179
6526 81 116 178
6527 88 182 181
6528 1 122 147
6529 2 107 147
6530 3 134 147
6531 4 253 147
6532 5 217 147
6533 0 156 148
6534 0 156 149
6535 0 156 150
6536 0 156 151
6537 0 156 152
6538 0 156 153
6539 0 156 154
6540 0 156 155
6541 0 156 156
6542 0 156 157
6543 0 156 158
6544 0 156 159
6545 6 133 147
6546 7 229 147
6547 8 65 147
6548 9 79 147
6549 10 90 147
6550 11 181 147
6551 12 21 147
6552 1 135 148
6553 1 135 149
6554 1 135 150
6555 1 135 151
6556 1 135 152
6557 1 135 153
6558 1 135 154
6559 1 135 155
6560 1 135 156
6561 13 100 147
6562 14 5 147
6563 15 18 147
6564 16 166 147
6565 17 122 147
6566 2 87 148
6567 3 153 148
6568 4 31 148
6569 5 50 148
6570 19 217 148
6571 2 102 149
6572 2 102 150
6573 2 102 151
6574 2 102 152
6575 2 102 153
6576 6 148 148
6577 7 208 148
6578 8 204 148
6579 9 218 148
6580 10 232 148
6581 11 253 148
6582 12 34 148
6583 13 218 148
6584 14 133 148
6585 15 152 148
6586 3 197 149
6587 20 252 149
6588 22 119 149
6589 3 197 150
6590 16 203 148
6591 17 123 148
6592 4 141 149
6593 5 67 149
6594 6 66 149
6595 7 80 149
6596 8 87 149
6597 9 113 149
6598 10 149 149
6599 11 113 149
6600 12 199 149
6601 18 166 149
6602 4 126 150
6603 13 115 149
6604 14 61 149
6605 15 121 149
6606 16 171 149
6607 17 19 149
6608 19 100 149
6609 5 97 150
6610 6 120 150
6611 7 182 150
6612 8 35 150
6613 9 68 150
6614 10 158 150
6615 11 82 150
6616 12 171 150
6617 13 56 150
6618 14 160 150
6619 15 159 150
6620 16 37 150
6621 17 85 150
6622 18 124 150
6623 19 147 150
6624 20 143 150
6625 21 172 150
6626 22 160 150
6627 23 30 150
6628 3 197 151
6629 4 129 151
6630 5 212 151
6631 6 25 151
6632 7 240 151
6633 8 138 151
6634 9 212 151
6635 10 244 151
6636 11 187 151
6637 12 1 151
6638 13 135 151
6639 14 172 151
6640 15 159 151
6641 16 238 151
6642 17 95 151
6643 18 221 151
6644 19 108 151
6645 20 151 151
6646 21 109 151
6647 22 93 151
6648 23 35 151
6649 25 182 151
6650 3 225 152
6651 4 41 152
6652 5 38 152
6653 6 141 152
6654 7 33 152
6655 8 66 152
6656 9 97 152
6657 10 243 152
6658 11 138 152
6659 12 206 152
6660 13 71 152
6661 14 25 152
6662 15 132 152
6663 16 94 152
6664 17 72 152
6665 18 111 152
6666 19 216 152
6667 20 82 152
6668 21 102 152
6669 22 177 152
6670 23 248 152
6671 24 40 152
6672 25 157 152
6673 26 11 152
6674 27 148 152
6675 3 61 153
6676 4 223 153
6677 5 55 153
6678 6 237 153
6679 7 146 153
6680 8 243 153
6681 9 239 153
6682 10 225 153
6683 11 161 153
6684 12 230 153
6685 13 97 153
6686 14 176 153
6687 15 217 153
6688 16 235 153
6689 17 188 153
6690 18 220 153
6691 19 1 153
6692 20 130 153
6693 21 144 153
6694 22 182 153
6695 23 14 153
6696 24 58 153
6697 25 72 153
6698 26 25 153
6699 27 19 153
6700 28 164 153
6701 29 132 153
6702 2 148 154
6703 3 149 154
6704 4 42 154
6705 5 119 154
6706 6 181 154
6707 7 9 154
6708 8 116 154
6709 9 162 154
6710 10 111 154
6711 11 220 154
6712 12 251 154
6713 13 125 154
6714 14 47 154
6715 15 39 154
6716 16 153 154
6717 17 242 154
6718 18 168 154
6719 19 109 154
6720 20 187 154
6721 21 66 154
6722 22 86 154
6723 23 193 154
6724 24 123 154
6725 25 254 154
6726 26 212 154
6727 27 27 154
6728 28 23 154
6729 29 162 154
6730 30 196 154
6731 31 174 154
6732 2 169 155
6733 3 190 155
6734 4 43 155
6735 5 116 155
6736 6 236 155
6737 7 21 155
6738 8 65 155
6739 9 83 155
6740 10 234 155
6741 11 11 155
6742 12 143 155
6743 13 151 155
6744 14 250 155
6745 15 40 155
6746 16 98 155
6747 17 83 155
6748 18 226 155
6749 19 78 155
6750 20 201 155
6751 21 42 155
6752 22 35 155
6753 23 152 155
6754 24 255 155
6755 25 169 155
6756 26 63 155
6757 27 203 155
6758 28 247 155
6759 29 207 155
6760 30 199 155
6761 31 117 155
6762 32 225 155
6763 33 2 155
6764 2 96 156
6765 3 249 156
6766 4 163 156
6767 5 207 156
6768 6 96 156
6769 7 134 156
6770 8 119 156
6771 9 172 156
6772 10 222 156
6773 11 55 156
6774 12 249 156
6775 13 47 156
6776 14 126 156
6777 15 246 156
6778 16 232 156
6779 17 20 156
6780 18 60 156
6781 19 63 156
6782 20 115 156
6783 21 141 156
6784 22 129 156
6785 23 144 156
6786 24 106 156
6787 25 140 156
6788 26 162 156
6789 27 115 156
6790 28 73 156
6791 29 110 156
6792 30 236 156
6793 31 253 156
6794 32 100 156
6795 33 251 156
6796 34 11 156
6797 35 202 156
6798 37 244 156
6799 1 99 157
6800 2 87 157
6801 3 79 157
6802 4 113 157
6803 5 201 157
6804 6 58 157
6805 7 215 157
6806 8 65 157
6807 9 206 157
6808 10 117 157
6809 11 52 157
6810 12 55 157
6811 13 224 157
6812 14 229 157
6813 15 216 157
6814 16 137 157
6815 17 199 157
6816 18 11 157
6817 19 73 157
6818 20 71 157
6819 21 104 157
6820 22 225 157
6821 23 126 157
6822 24 46 157
6823 25 213 157
6824 26 189 157
6825 27 160 157
6826 28 224 157
6827 29 210 157
6828 30 197 157
6829 31 148 157
6830 32 128 157
6831 33 128 157
6832 34 161 157
6833 35 78 157
6834 36 88 157
6835 37 95 157
6836 1 47 158
6837 2 212 158
6838 3 38 158
6839 4 189 158
6840 5 26 158
6841 6 221 158
6842 7 220 158
6843 8 228 158
6844 9 58 158
6845 10 190 158
6846 11 100 158
6847 12 185 158
6848 13 124 158
6849 14 24 158
6850 15 106 158
6851 16 2 158
6852 17 216 158
6853 18 186 158
6854 19 246 158
6855 20 56 158
6856 21 75 158
6857 22 95 158
6858 23 174 158
6859 24 57 158
6860 25 53 158
6861 26 162 158
6862 27 121 158
6863 28 255 158
6864 29 133 158
6865 30 173 158
6866 31 36 158
6867 32 95 158
6868 33 176 158
6869 34 51 158
6870 35 52 158
6871 36 201 158
6872 37 243 158
6873 38 82 158
6874 40 126 158
6875 1 226 159
6876 2 65 159
6877 3 62 159
6878 4 201 159
6879 5 159 159
6880 6 141 159
6881 7 169 159
6882 8 30 159
6883 9 20 159
6884 10 83 159
6885 11 208 159
6886 12 173 159
6887 13 23 159
6888 14 27 159
6889 15 127 159
6890 16 101 159
6891 17 168 159
6892 18 47 159
6893 19 171 159
6894 20 5 159
6895 21 188 159
6896 22 92 159
6897 23 100 159
6898 24 130 159
6899 25 71 159
6900 26 32 159
6901 27 45 159
6902 28 130 159
6903 29 161 159
6904 30 19 159
6905 31 206 159
6906 32 71 159
6907 33 14 159
6908 34 45 159
6909 35 2 159
6910 36 48 159
6911 37 236 159
6912 38 42 159
6913 39 59 159
6914 40 121 159
6915 41 201 159
6916 43 81 159
6917 0 160 160
6918 1 120 160
6919 2 156 160
6920 3 75 160
6921 4 19 160
6922 5 82 160
6923 6 16 160
6924 7 7 160
6925 8 87 160
6926 9 23 160
6927 10 110 160
6928 11 16 160
6929 12 43 160
6930 13 240 160
6931 14 10 160
6932 15 44 160
6933 16 230 160
6934 17 124 160
6935 18 217 160
6936 19 250 160
6937 20 79 160
6938 21 93 160
6939 22 49 160
6940 23 15 160
6941 24 236 160
6942 25 243 160
6943 26 210 160
6944 27 22 160
6945 28 207 160
6946 29 82 160
6947 30 48 160
6948 31 242 160
6949 32 244 160
6950 33 206 160
6951 34 212 160
6952 35 45 160
6953 36 148 160
6954 37 109 160
6955 38 87 160
6956 39 71 160
6957 40 66 160
6958 41 201 160
6959 42 250 160
6960 43 251 160
6961 0 20 161
6962 1 147 161
6963 2 67 161
6964 3 64 161
6965 4 51 161
6966 5 118 161
6967 6 41 161
6968 7 82 161
6969 8 253 161
6970 9 232 161
6971 10 207 161
6972 11 252 161
6973 12 79 161
6974 13 216 161
6975 14 130 161
6976 15 116 161
6977 16 7 161
6978 17 104 161
6979 18 77 161
6980 19 34 161
6981 20 61 161
6982 21 227 161
6983 22 190 161
6984 23 8 161
6985 24 96 161
6986 25 189 161
6987 26 158 161
6988 27 89 161
6989 28 139 161
6990 29 7 161
6991 30 158 161
6992 31 247 161
6993 32 105 161
6994 33 61 161
6995 34 144 161
6996 35 73 161
6997 36 225 161
6998 37 68 161
6999 38 90 161
7000 39 159 161
7001 40 243 161
7002 41 45 161
7003 42 230 161
7004 43 223 161
7005 44 223 161
7006 45 214 161
7007 47 71 161
7008 0 81 162
7009 1 68 162
7010 2 145 162
7011 3 8 162
7012 4 130 162
7013 5 217 162
7014 6 130 162
7015 7 21 162
7016 8 242 162
7017 9 124 162
7018 10 162 162
7019 11 74 162
7020 12 250 162
7021 13 166 162
7022 14 228 162
7023 15 226 162
7024 16 237 162
7025 17 85 162
7026 18 141 162
7027 19 135 162
7028 20 25 162
7029 21 3 162
7030 22 170 162
7031 23 138 162
7032 24 109 162
7033 25 59 162
7034 26 175 162
7035 27 165 162
7036 28 3 162
7037 29 233 162
7038 30 37 162
7039 31 250 162
7040 32 112 162
7041 33 105 162
7042 34 36 162
7043 35 205 162
7044 36 227 162
7045 37 80 162
7046 38 48 162
7047 39 110 162
7048 40 219 162
7049 41 129 162
7050 42 111 162
7051 43 171 162
7052 44 175 162
7053 45 143 162
7054 46 84 162
7055 47 66 162
7056 0 69 163
7057 1 139 163
7058 2 25 163
7059 3 40 163
7060 4 47 163
7061 5 209 163
7062 6 73 163
7063 7 26 163
7064 8 242 163
7065 9 85 163
7066 10 118 163
7067 11 153 163
7068 12 225 163
7069 13 92 163
7070 14 136 163
7071 15 144 163
7072 16 189 163
7073 17 5 163
7074 18 195 163
7075 19 24 163
7076 20 73 163
7077 21 227 163
7078 22 199 163
7079 23 236 163
7080 24 201 163
7081 25 120 163
7082 26 24 163
7083 27 253 163
7084 28 71 163
7085 29 256 163
7086 30 24 163
7087 31 242 163
7088 32 187 163
7089 33 221 163
7090 34 47 163
7091 35 183 163
7092 36 7 163
7093 37 80 163
7094 38 81 163
7095 39 27 163
7096 40 7 163
7097 41 94 163
7098 42 131 163
7099 43 203 163
7100 44 74 163
7101 45 179 163
7102 46 67 163
7103 47 114 163
7104 48 88 163
7105 49 185 163
7106 50 255 163
7107 0 12 164
7108 1 40 164
7109 2 221 164
7110 3 97 164
7111 4 126 164
7112 5 117 164
7113 6 81 164
7114 7 239 164
7115 8 17 164
7116 9 243 164
7117 10 168 164
7118 11 147 164
7119 12 63 164
7120 13 191 164
7121 14 170 164
7122 15 51 164
7123 16 238 164
7124 17 217 164
7125 18 141 164
7126 19 125 164
7127 20 184 164
7128 21 39 164
7129 22 249 164
7130 23 72 164
7131 24 175 164
7132 25 86 164
7133 26 135 164
7134 27 61 164
7135 28 196 164
7136 29 74 164
7137 30 73 164
7138 31 69 164
7139 48 221 164
7140 32 116 164
7141 44 158 164
7142 33 98 164
7143 39 134 164
7144 38 164 164
7145 34 222 164
7146 35 50 164
7147 36 6 164
7148 37 30 164
7149 40 228 164
7150 51 242 164
7151 49 124 164
7152 46 240 164
7153 45 56 164
7154 42 246 164
7155 41 154 164
7156 43 65 164
7157 47 14 164
7158 50 169 164
7159 52 196 164
7160 0 114 165
7161 1 187 165
7162 2 177 165
7163 48 179 165
7164 3 240 165
7165 44 171 165
7166 4 193 165
7167 39 127 165
7168 38 184 165
7169 5 237 165
7170 34 249 165
7171 53 160 165
7172 51 96 165
7173 49 183 165
7174 46 254 165
7175 45 207 165
7176 42 191 165
7177 41 248 165
7178 40 117 165
7179 36 129 165
7180 55 165 165
7181 52 16 165
7182 50 61 165
7183 48 88 166
7184 47 137 165
7185 44 242 166
7186 43 48 165
7187 39 202 166
7188 54 209 166
7189 53 4 166
7190 51 208 166
7191 49 11 166
7192 46 203 166
7193 45 63 166
7194 42 6 166
7195 57 134 166
7196 55 60 166
7197 52 206 166
7198 50 175 166
7199 48 105 167
7200 47 98 166
7201 56 252 167
7202 54 237 167
7203 53 180 167
7204 51 108 167
7205 49 238 167
7206 58 243 167
7207 57 212 167
7208 55 235 167
7209 52 18 167
7210 59 125 168
7211 56 81 168
7212 54 38 168
7213 61 213 168
7214 58 141 168
7215 60 134 169
7216 62 251 169
7217 59 254 169
7218 57 109 168
7219 53 171 168
7220 50 114 167
7221 46 205 167
7222 44 38 167
7223 41 92 166
7224 38 147 166
7225 35 153 165
7226 32 102 165
7227 6 193 165
7228 7 35 165
7229 8 253 165
7230 9 166 165
7231 10 13 165
7232 11 195 165
7233 12 124 165
7234 13 186 165
7235 14 129 165
7236 15 27 165
7237 16 214 165
7238 17 159 165
7239 18 2 165
7240 19 77 165
7241 20 201 165
7242 21 217 165
7243 22 248 165
7244 23 181 165
7245 24 14 165
7246 25 36 165
7247 63 127 170
7248 61 61 169
7249 56 11 169
7250 55 223 168
7251 51 157 168
7252 48 19 168
7253 45 46 167
7254 43 178 166
7255 40 85 166
7256 37 5 165
7257 33 154 165
7258 30 17 165
7259 26 113 165
7260 27 254 165
7261 28 160 165
7262 29 19 165
7263 31 223 165
7264 0 155 166
7265 1 230 166
7266 2 197 166
7267 3 196 166
7268 4 129 166
7269 5 58 166
7270 6 169 166
7271 7 72 166
7272 8 135 166
7273 9 26 166
7274 10 161 166
7275 11 175 166
7276 12 176 166
7277 64 192 170
7278 60 89 170
7279 58 107 169
7280 54 33 169
7281 52 69 168
7282 49 163 168
7283 47 167 167
7284 42 128 167
7285 39 173 167
7286 36 184 166
7287 34 77 166
7288 13 56 166
7289 14 80 166
7290 15 17 166
7291 16 207 166
7292 17 112 166
7293 18 200 166
7294 19 7 166
7295 20 214 166
7296 21 98 166
7297 22 90 166
7298 23 16 166
7299 24 116 166
7300 25 199 166
7301 26 245 166
7302 27 211 166
7303 28 25 166
7304 29 61 166
7305 30 61 166
7306 65 16 170
7307 62 182 170
7308 59 91 170
7309 57 250 169
7310 53 210 169
7311 50 140 168
7312 46 25 168
7313 44 218 168
7314 41 122 167
7315 38 167 167
7316 35 242 166
7317 32 247 166
7318 31 243 166
7319 33 7 166
7320 37 158 166
7321 0 36 167
7322 1 16 167
7323 2 126 167
7324 3 182 167
7325 4 135 167
7326 5 199 167
7327 6 241 167
7328 7 80 167
7329 8 75 167
7330 9 28 167
7331 10 237 167
7332 11 94 167
7333 12 176 167
7334 67 256 171
7335 63 174 171
7336 61 153 170
7337 56 139 170
7338 55 7 169
7339 51 35 169
7340 48 109 169
7341 45 61 168
7342 43 185 167
7343 40 88 167
7344 13 246 167
7345 14 186 167
7346 15 250 167
7347 16 180 167
7348 17 127 167
7349 18 18 167
7350 19 17 167
7351 20 8 167
7352 21 179 167
7353 22 218 167
7354 23 17 167
7355 24 23 167
7356 25 110 167
7357 26 99 167
7358 27 83 167
7359 28 233 167
7360 29 158 167
7361 66 182 172
7362 64 87 171
7363 60 31 171
7364 58 181 170
7365 54 123 170
7366 52 220 169
7367 49 110 169
7368 47 168 168
7369 42 128 168
7370 39 152 168
7371 36 48 167
7372 34 63 167
7373 30 72 167
7374 31 193 167
7375 32 166 167
7376 33 165 167
7377 35 4 167
7378 37 71 167
7379 0 134 168
7380 1 204 168
7381 2 194 168
7382 3 191 168
7383 4 50 168
7384 5 198 168
7385 6 52 168
7386 7 31 168
7387 68 172 172
7388 65 200 171
7389 62 219 171
7390 59 238 171
7391 57 77 170
7392 53 55 170
7393 50 208 169
7394 46 163 169
7395 44 155 169
7396 41 240 168
7397 38 160 168
7398 8 219 168
7399 9 96 168
7400 10 130 168
7401 11 95 168
7402 12 253 168
7403 13 161 168
7404 14 149 168
7405 15 158 168
7406 16 86 168
7407 17 153 168
7408 18 206 168
7409 19 212 168
7410 20 233 168
7411 21 154 168
7412 69 43 173
7413 67 197 172
7414 63 119 172
7415 61 12 171
7416 56 29 171
7417 55 219 170
7418 51 52 170
7419 48 206 170
7420 45 120 169
7421 43 71 168
7422 40 34 168
7423 22 131 168
7424 23 1 168
7425 24 49 168
7426 25 44 168
7427 26 238 168
7428 27 170 168
7429 28 156 168
7430 29 78 168
7431 30 33 168
7432 31 142 168
7433 32 140 168
7434 33 164 168
7435 34 53 168
7436 70 50 173
7437 66 142 173
7438 64 188 172
7439 60 126 172
7440 58 78 171
7441 54 242 171
7442 52 180 170
7443 49 90 170
7444 47 144 169
7445 42 148 169
7446 39 229 169
7447 36 29 168
7448 35 164 168
7449 37 70 168
7450 0 49 169
7451 1 11 169
7452 2 244 169
7453 3 93 169
7454 4 191 169
7455 5 106 169
7456 6 66 169
7457 7 138 169
7458 8 75 169
7459 71 141 173
7460 68 94 173
7461 65 187 172
7462 62 39 172
7463 59 148 172
7464 57 256 171
7465 53 45 171
7466 50 30 170
7467 46 105 170
7468 44 10 170
7469 41 173 169
7470 38 201 169
7471 9 35 169
7472 10 80 169
7473 11 63 169
7474 12 36 169
7475 13 23 169
7476 14 172 169
7477 15 94 169
7478 16 78 169
7479 17 123 169
7480 18 157 169
7481 72 47 174
7482 69 152 174
7483 67 134 173
7484 63 74 173
7485 61 102 172
7486 56 164 172
7487 55 205 171
7488 51 136 171
7489 48 5 171
7490 45 215 170
7491 43 175 169
7492 40 207 169
7493 19 93 169
7494 20 254 169
7495 21 60 169
7496 22 143 169
7497 23 156 169
7498 24 1 169
7499 25 13 169
7500 26 137 169
7501 27 148 169
7502 73 38 174
7503 70 111 174
7504 66 142 174
7505 64 37 173
7506 60 109 173
7507 58 204 172
7508 54 237 172
7509 52 194 171
7510 49 97 171
7511 47 223 170
7512 42 20 170
7513 39 148 170
7514 36 94 169
7515 34 142 169
7516 29 225 169
7517 28 199 169
7518 30 170 169
7519 31 195 169
7520 32 157 169
7521 33 24 169
7522 75 137 175
7523 71 92 174
7524 68 147 174
7525 65 153 173
7526 62 102 173
7527 59 51 173
7528 57 87 172
7529 53 177 172
7530 50 118 171
7531 46 71 171
7532 44 125 171
7533 41 235 170
7534 38 71 170
7535 35 226 169
7536 37 18 169
7537 0 213 170
7538 1 8 170
7539 2 9 170
7540 3 26 170
7541 74 6 176
7542 72 202 175
7543 69 101 175
7544 67 132 174
7545 63 154 174
7546 61 161 173
7547 56 249 173
7548 55 140 172
7549 51 158 172
7550 48 191 172
7551 45 246 171
7552 43 156 170
7553 40 248 170
7554 4 49 170
7555 5 69 170
7556 6 153 170
7557 7 192 170
7558 8 6 170
7559 76 23 176
7560 73 218 175
7561 70 231 175
7562 66 116 175
7563 64 77 174
7564 60 75 174
7565 58 237 173
7566 54 96 173
7567 52 112 172
7568 49 56 172
7569 47 37 171
7570 42 74 171
7571 39 115 171
7572 36 37 170
7573 34 233 170
7574 9 134 170
7575 10 197 170
7576 77 109 176
7577 75 234 176
7578 71 122 175
7579 68 167 175
7580 65 242 174
7581 62 247 174
7582 59 252 174
7583 57 211 173
7584 53 28 173
7585 50 190 172
7586 46 117 172
7587 44 149 172
7588 41 239 171
7589 38 245 171
7590 35 255 170
7591 32 170 170
7592 78 109 177
7593 74 53 177
7594 72 212 176
7595 69 106 176
7596 67 224 175
7597 63 126 175
7598 61 38 174
7599 56 107 174
7600 55 60 173
7601 51 176 173
7602 48 203 173
7603 45 248 172
7604 43 136 171
7605 40 6 171
7606 36 255 171
7607 79 110 177
7608 76 159 177
7609 73 155 176
7610 70 189 176
7611 66 231 176
7612 64 63 175
7613 60 85 175
7614 58 7 174
7615 54 48 174
7616 52 115 173
7617 49 186 173
7618 47 198 172
7619 42 205 172
7620 39 64 172
7621 80 208 178
7622 77 206 177
7623 75 185 177
7624 71 240 176
7625 68 160 176
7626 65 198 175
7627 62 132 175
7628 59 66 175
7629 57 98 174
7630 53 93 174
7631 50 62 173
7632 46 119 173
7633 44 192 173
7634 82 71 178
7635 78 206 178
7636 74 87 178
7637 72 80 177
7638 69 40 177
7639 67 138 176
7640 63 33 176
7641 61 16 175
7642 56 105 175
7643 55 185 174
7644 51 144 174
7645 48 96 174
7646 81 241 179
7647 79 90 178
7648 76 60 178
7649 73 10 177
7650 70 178 177
7651 66 58 177
7652 64 145 176
7653 60 197 176
7654 58 216 175
7655 54 175 175
7656 52 24 174
7657 83 45 179
7658 80 30 179
7659 77 5 178
7660 75 59 178
7661 71 173 177
7662 68 201 177
7663 65 162 176
7664 62 108 176
7665 59 54 176
7666 56 36 176
7667 84 165 180
7668 82 13 179
7669 78 5 179
7670 74 177 179
7671 72 229 178
7672 69 243 178
7673 67 61 177
7674 63 27 177
7675 61 245 176
7676 85 56 180
7677 81 66 180
7678 79 97 179
7679 76 236 179
7680 73 125 178
7681 70 169 178
7682 66 119 178
7683 64 142 177
7684 86 34 181
7685 83 177 180
7686 80 118 180
7687 77 191 179
7688 75 132 179
7689 71 235 178
7690 68 71 178
7691 87 217 181
7692 84 97 181
7693 82 218 180
7694 78 191 180
7695 74 246 180
7696 72 164 179
7697 88 237 182
7698 85 84 181
7699 81 32 181
7700 79 56 180
7701 76 123 180
7702 89 252 182
7703 86 168 182
7704 83 28 181
7705 80 190 181
7706 90 84 183
7707 87 14 182
7708 84 95 182
7709 91 21 184
7710 88 7 183
7711 92 7 185
7712 11 184 170
7713 12 73 170
7714 13 145 170
7715 14 2 170
7716 15 215 170
7717 16 120 170
7718 17 243 170
7719 18 197 170
7720 19 251 170
7721 20 6 170
7722 21 234 170
7723 0 114 171
7724 22 185 170
7725 23 83 170
7726 24 208 170
7727 25 242 170
7728 26 232 170
7729 27 30 170
7730 28 114 170
7731 29 145 170
7732 30 170 170
7733 31 16 170
7734 33 230 170
7735 37 36 170
7736 1 20 171
7737 2 231 171
7738 3 254 171
7739 4 160 171
7740 5 55 171
7741 6 195 171
7742 7 100 171
7743 8 155 171
7744 9 107 171
7745 10 250 171
7746 11 252 171
7747 12 10 171
7748 13 141 171
7749 14 193 171
7750 15 4 171
7751 16 1 171
7752 17 237 171
7753 18 134 171
7754 19 110 171
7755 20 222 171
7756 21 8 171
7757 22 9 171
7758 23 147 171
7759 24 72 171
7760 25 39 171
7761 26 97 171
7762 27 43 171
7763 28 16 171
7764 29 187 171
7765 30 60 171
7766 31 158 171
7767 32 235 171
7768 33 46 171
7769 34 44 171
7770 35 22 171
7771 37 172 171
7772 0 185 172
7773 1 183 172
7774 2 236 172
7775 3 173 172
7776 4 142 172
7777 5 193 172
7778 6 35 172
7779 7 251 172
7780 8 242 172
7781 9 42 172
7782 10 229 172
7783 11 186 172
7784 12 199 172
7785 13 24 172
7786 14 147 172
7787 15 13 172
7788 16 88 172
7789 17 167 172
7790 18 181 172
7791 19 161 172
7792 20 173 172
7793 21 201 172
7794 22 226 172
7795 23 56 172
7796 24 92 172
7797 25 225 172
7798 26 52 172
7799 27 110 172
7800 28 134 172
7801 29 249 172
7802 30 1 172
7803 31 123 172
7804 32 7 172
7805 33 90 172
7806 34 195 172
7807 35 201 172
7808 36 206 172
7809 37 53 172
7810 38 87 172
7811 40 8 172
7812 41 183 172
7813 43 151 172
7814 0 64 173
7815 1 223 173
7816 2 185 173
7817 3 153 173
7818 4 227 173
7819 5 118 173
7820 6 223 173
7821 7 169 173
7822 8 150 173
7823 9 56 173
7824 10 207 173
7825 11 240 173
7826 12 127 173
7827 13 164 173
7828 14 240 173
7829 15 28 173
7830 16 245 173
7831 17 83 173
7832 18 99 173
7833 19 163 173
7834 20 255 173
7835 21 243 173
7836 22 210 173
7837 23 116 173
7838 24 223 173
7839 25 209 173
7840 26 166 173
7841 27 48 173
7842 28 48 173
7843 29 9 173
7844 30 224 173
7845 31 195 173
7846 32 77 173
7847 33 13 173
7848 34 112 173
7849 35 149 173
7850 36 106 173
7851 37 189 173
7852 38 185 173
7853 39 180 173
7854 40 249 173
7855 41 228 173
7856 42 114 173
7857 43 164 173
7858 45 225 173
7859 47 190 173
7860 0 192 174
7861 1 123 174
7862 2 76 174
7863 3 77 174
7864 4 181 174
7865 5 226 174
7866 6 113 174
7867 7 187 174
7868 8 146 174
7869 9 191 174
7870 10 52 174
7871 11 54 174
7872 12 187 174
7873 13 117 174
7874 14 189 174
7875 15 158 174
7876 16 143 174
7877 17 167 174
7878 18 63 174
7879 19 14 174
7880 20 177 174
7881 21 17 174
7882 22 254 174
7883 23 13 174
7884 24 224 174
7885 25 124 174
7886 26 213 174
7887 27 78 174
7888 28 205 174
7889 29 151 174
7890 30 148 174
7891 31 25 174
7892 32 24 174
7893 33 216 174
7894 34 20 174
7895 35 177 174
7896 36 180 174
7897 37 138 174
7898 38 219 174
7899 39 35 174
7900 40 219 174
7901 41 172 174
7902 42 195 174
7903 43 160 174
7904 44 81 174
7905 45 168 174
7906 46 106 174
7907 47 163 174
7908 49 124 174
7909 50 62 174
7910 0 85 175
7911 1 71 175
7912 2 54 175
7913 3 217 175
7914 4 151 175
7915 5 114 175
7916 6 168 175
7917 7 126 175
7918 8 58 175
7919 9 18 175
7920 10 212 175
7921 11 19 175
7922 12 210 175
7923 13 232 175
7924 14 35 175
7925 15 122 175
7926 16 127 175
7927 17 1 175
7928 18 109 175
7929 19 221 175
7930 20 228 175
7931 21 187 175
7932 22 215 175
7933 23 210 175
7934 24 168 175
7935 25 58 175
7936 26 24 175
7937 27 80 175
7938 28 195 175
7939 29 26 175
7940 30 148 175
7941 32 101 175
7942 31 122 175
7943 33 28 175
7944 34 10 175
7945 35 119 175
7946 36 179 175
7947 37 151 175
7948 38 248 175
7949 39 89 175
7950 40 110 175
7951 41 136 175
7952 42 217 175
7953 43 78 175
7954 44 210 175
7955 45 66 175
7956 46 237 175
7957 47 216 175
7958 48 243 175
7959 49 190 175
7960 50 251 175
7961 51 50 175
7962 52 242 175
7963 53 188 175
7964 55 74 175
7965 57 73 175
7966 0 215 176
7967 1 194 176
7968 2 129 176
7969 3 44 176
7970 4 139 176
7971 5 223 176
7972 6 209 176
7973 7 6 176
7974 8 172 176
7975 9 215 176
7976 10 80 176
7977 11 162 176
7978 12 69 176
7979 13 141 176
7980 14 80 176
7981 15 96 176
7982 16 184 176
7983 17 9 176
7984 18 96 176
7985 19 105 176
7986 20 90 176
7987 21 75 176
7988 22 87 176
7989 23 117 176
7990 24 228 176
7991 25 182 176
7992 26 102 176
7993 27 71 176
7994 28 101 176
7995 29 157 176
7996 30 221 176
7997 31 32 176
7998 32 124 176
7999 33 177 176
8000 34 231 176
8001 35 188 176
8002 36 110 176
8003 37 145 176
8004 38 219 176
8005 39 246 176
8006 40 88 176
8007 41 151 176
8008 42 225 176
8009 43 16 176
8010 44 21 176
8011 45 197 176
8012 46 113 176
8013 47 131 176
8014 48 222 176
8015 49 74 176
8016 50 246 176
8017 51 34 176
8018 52 46 176
8019 53 159 176
8020 54 45 176
8021 55 117 176
8022 57 61 176
8023 58 124 176
8024 0 137 177
8025 1 187 177
8026 2 192 177
8027 3 72 177
8028 4 59 177
8029 5 156 177
8030 6 181 177
8031 7 154 177
8032 8 229 177
8033 9 216 177
8034 10 119 177
8035 11 70 177
8036 12 148 177
8037 13 5 177
8038 14 98 177
8039 15 106 177
8040 16 41 177
8041 17 217 177
8042 18 205 177
8043 19 235 177
8044 20 114 177
8045 21 56 177
8046 22 221 177
8047 24 94 177
8048 23 205 177
8049 25 145 177
8050 26 61 177
8051 27 100 177
8052 28 101 177
8053 29 129 177
8054 30 133 177
8055 31 143 177
8056 32 158 177
8057 33 122 177
8058 34 79 177
8059 35 86 177
8060 36 239 177
8061 37 38 177
8062 38 131 177
8063 39 114 177
8064 40 192 177
8065 41 87 177
8066 42 243 177
8067 43 31 177
8068 44 178 177
8069 45 180 177
8070 46 234 177
8071 47 208 177
8072 48 103 177
8073 49 233 177
8074 50 9 177
8075 51 185 177
8076 52 192 177
8077 53 246 177
8078 54 174 177
8079 55 2 177
8080 56 124 177
8081 57 176 177
8082 58 251 177
8083 59 35 177
8084 60 129 177
8085 61 76 177
8086 62 108 177
8087 65 188 177
8088 0 44 178
8089 1 127 178
8090 2 98 178
8091 3 31 178
8092 4 185 178
8093 5 247 178
8094 6 251 178
8095 7 105 178
8096 8 132 178
8097 9 138 178
8098 10 77 178
8099 11 126 178
8100 12 214 178
8101 13 235 178
8102 14 242 178
8103 15 21 178
8104 16 176 178
8105 17 201 178
8106 18 179 178
8107 19 105 178
8108 20 235 178
8109 21 13 178
8110 22 236 178
8111 23 186 178
8112 24 74 178
8113 25 48 178
8114 26 182 178
8115 27 237 178
8116 28 47 178
8117 29 50 178
8118 30 42 178
8119 31 52 178
8120 32 65 178
8121 33 97 178
8122 34 94 178
8123 35 162 178
8124 36 100 178
8125 37 62 178
8126 38 168 178
8127 39 106 178
8128 40 128 178
8129 41 57 178
8130 42 214 178
8131 43 127 178
8132 44 88 178
8133 45 75 178
8134 46 114 178
8135 47 197 178
8136 48 97 178
8137 49 85 178
8138 50 236 178
8139 51 27 178
8140 52 176 178
8141 53 225 178
8142 54 152 178
8143 55 41 178
8144 56 127 178
8145 57 184 178
8146 58 17 178
8147 59 168 178
8148 60 160 178
8149 61 240 178
8150 62 200 178
8151 63 2 178
8152 64 105 178
8153 65 186 178
8154 67 247 178
8155 0 168 179
8156 1 160 179
8157 2 87 179
8158 3 144 179
8159 4 201 179
8160 5 41 179
8161 6 70 179
8162 7 189 179
8163 8 157 179
8164 9 172 179
8165 10 166 179
8166 11 106 179
8167 12 172 179
8168 13 179 179
8169 14 245 179
8170 15 242 179
8171 16 40 179
8172 17 136 179
8173 18 10 179
8174 19 106 179
8175 20 232 179
8176 21 212 179
8177 22 104 179
8178 23 242 179
8179 24 248 179
8180 25 44 179
8181 26 60 179
8182 27 85 179
8183 28 43 179
8184 29 188 179
8185 30 181 179
8186 31 216 179
8187 32 67 179
8188 33 254 179
8189 34 246 179
8190 35 87 179
8191 36 144 179
8192 37 156 179
8193 38 255 179
8194 39 235 179
8195 40 109 179
8196 41 175 179
8197 42 80 179
8198 43 207 179
8199 44 183 179
8200 45 231 179
8201 46 193 179
8202 47 174 179
8203 48 116 179
8204 49 222 179
8205 50 188 179
8206 51 101 179
8207 52 178 179
8208 53 223 179
8209 54 40 179
8210 55 236 179
8211 56 166 179
8212 57 10 179
8213 58 234 179
8214 59 166 179
8215 60 55 179
8216 61 26 179
8217 62 151 179
8218 63 250 179
8219 64 1 179
8220 65 90 179
8221 66 108 179
8222 67 36 179
8223 68 91 179
8224 69 243 179
8225 70 135 179
8226 71 197 179
8227 73 207 179
8228 0 207 180
8229 1 33 180
8230 2 246 180
8231 3 151 180
8232 4 211 180
8233 5 63 180
8234 6 149 180
8235 7 97 180
8236 8 179 180
8237 9 71 180
8238 10 179 180
8239 11 195 180
8240 12 207 180
8241 13 120 180
8242 14 104 180
8243 15 126 180
8244 16 217 180
8245 18 96 180
8246 17 254 180
8247 19 30 180
8248 20 230 180
8249 21 214 180
8250 22 190 180
8251 23 73 180
8252 24 90 180
8253 25 54 180
8254 26 76 180
8255 27 118 180
8256 28 58 180
8257 29 236 180
8258 30 45 180
8259 31 111 180
8260 32 116 180
8261 33 23 180
8262 34 45 180
8263 35 99 180
8264 36 56 180
8265 37 55 180
8266 38 210 180
8267 39 101 180
8268 40 154 180
8269 41 131 180
8270 42 186 180
8271 43 158 180
8272 44 116 180
8273 45 62 180
8274 46 11 180
8275 47 148 180
8276 48 108 180
8277 49 83 180
8278 50 95 180
8279 51 241 180
8280 52 229 180
8281 53 136 180
8282 54 203 180
8283 55 110 180
8284 56 231 180
8285 57 104 180
8286 58 139 180
8287 59 67 180
8288 60 75 180
8289 61 244 180
8290 62 71 180
8291 63 55 180
8292 64 9 180
8293 65 38 180
8294 66 39 180
8295 67 26 180
8296 68 162 180
8297 69 190 180
8298 70 27 180
8299 71 195 180
8300 72 82 180
8301 73 146 180
8302 75 18 180
8303 77 229 180
8304 0 49 181
8305 1 80 181
8306 2 22 181
8307 3 66 181
8308 4 43 181
8309 5 175 181
8310 6 139 181
8311 7 88 181
8312 8 198 181
8313 9 69 181
8314 10 27 181
8315 11 198 181
8316 12 88 181
8317 13 229 181
8318 14 195 181
8319 15 30 181
8320 16 227 181
8321 17 95 181
8322 18 244 181
8323 19 22 181
8324 20 39 181
8325 21 201 181
8326 22 128 181
8327 23 17 181
8328 24 150 181
8329 25 213 181
8330 26 72 181
8331 27 251 181
8332 28 112 181
8333 29 72 181
8334 30 199 181
8335 31 243 181
8336 32 56 181
8337 33 215 181
8338 34 216 181
8339 35 6 181
8340 36 130 181
8341 37 170 181
8342 38 233 181
8343 39 74 181
8344 40 232 181
8345 41 250 181
8346 42 155 181
8347 43 219 181
8348 44 240 181
8349 45 78 181
8350 46 132 181
8351 47 124 181
8352 48 17 181
8353 49 67 181
8354 50 157 181
8355 51 70 181
8356 52 167 181
8357 53 106 181
8358 54 5 181
8359 55 160 181
8360 56 12 181
8361 57 17 181
8362 58 111 181
8363 59 145 181
8364 60 82 181
8365 61 79 181
8366 62 58 181
8367 63 216 181
8368 64 205 181
8369 65 30 181
8370 66 67 181
8371 67 131 181
8372 68 139 181
8373 69 103 181
8374 70 122 181
8375 71 206 181
8376 72 163 181
8377 73 50 181
8378 74 221 181
8379 75 4 181
8380 76 114 181
8381 77 112 181
8382 78 206 181
8383 79 39 181
8384 0 213 182
8385 82 50 181
8386 1 136 182
8387 2 108 182
8388 3 186 182
8389 4 162 182
8390 5 128 182
8391 6 61 182
8392 7 240 182
8393 8 22 182
8394 9 136 182
8395 10 196 182
8396 11 35 182
8397 12 135 182
8398 13 22 182
8399 14 4 182
8400 15 40 182
8401 16 249 182
8402 17 185 182
8403 18 66 182
8404 19 31 182
8405 20 205 182
8406 21 91 182
8407 22 228 182
8408 23 234 182
8409 24 242 182
8410 25 65 182
8411 26 234 182
8412 27 216 182
8413 28 209 182
8414 29 196 182
8415 30 83 182
8416 31 159 182
8417 32 171 182
8418 33 123 182
8419 34 232 182
8420 35 200 182
8421 36 149 182
8422 37 151 182
8423 38 97 182
8424 39 234 182
8425 40 93 182
8426 41 104 182
8427 42 138 182
8428 43 207 182
8429 44 136 182
8430 45 176 182
8431 46 191 182
8432 47 61 182
8433 48 36 182
8434 49 187 182
8435 50 144 182
8436 51 237 182
8437 52 229 182
8438 53 234 182
8439 54 202 182
8440 55 181 182
8441 56 124 182
8442 57 143 182
8443 58 100 182
8444 59 71 182
8445 60 145 182
8446 61 30 182
8447 62 71 182
8448 63 256 182
8449 64 18 182
8450 65 95 182
8451 66 8 182
8452 67 128 182
8453 68 3 182
8454 69 97 182
8455 70 174 182
8456 71 138 182
8457 72 172 182
8458 73 209 182
8459 74 191 182
8460 75 93 182
8461 76 229 182
8462 77 47 182
8463 78 130 182
8464 79 59 182
8465 0 9 183
8466 80 181 182
8467 81 230 182
8468 0 3 184
8469 82 102 182
8470 0 1 185
8471 83 136 182
8472 85 107 182
8473 1 230 183
8474 2 156 183
8475 3 25 183
8476 4 135 183
8477 5 232 183
8478 6 132 183
8479 7 195 183
8480 8 246 183
8481 9 251 183
8482 10 14 183
8483 11 46 183
8484 12 164 183
8485 13 11 183
8486 14 65 183
8487 15 243 183
8488 16 111 183
8489 17 156 183
8490 18 199 183
8491 19 48 183
8492 20 28 183
8493 21 151 183
8494 22 95 183
8495 23 139 183
8496 24 145 183
8497 25 162 183
8498 26 102 183
8499 27 48 183
8500 28 135 183
8501 29 28 183
8502 30 122 183
8503 31 71 183
8504 32 183 183
8505 33 129 183
8506 34 166 183
8507 35 184 183
8508 36 2 183
8509 37 155 183
8510 38 214 183
8511 39 80 183
8512 40 189 183
8513 41 129 183
8514 42 18 183
8515 43 198 183
8516 44 242 183
8517 45 94 183
8518 46 70 183
8519 47 78 183
8520 48 150 183
8521 49 104 183
8522 50 41 183
8523 51 93 183
8524 52 166 183
8525 53 193 183
8526 54 151 183
8527 55 194 183
8528 56 203 183
8529 57 157 183
8530 58 25 183
8531 59 40 183
8532 60 48 183
8533 61 137 183
8534 62 89 183
8535 63 175 183
8536 64 146 183
8537 65 218 183
8538 66 102 183
8539 67 54 183
8540 68 91 183
8541 69 205 183
8542 70 232 183
8543 71 187 183
8544 72 23 183
8545 73 202 183
8546 74 29 183
8547 75 128 183
8548 76 117 183
8549 77 123 183
8550 78 240 183
8551 79 48 183
8552 80 228 183
8553 81 104 183
8554 82 51 183
8555 83 17 183
8556 84 113 183
8557 85 234 183
8558 86 164 183
8559 87 136 183
8560 89 155 183
8561 1 38 184
8562 2 63 184
8563 3 87 184
8564 4 163 184
8565 5 179 184
8566 6 162 184
8567 7 29 184
8568 8 22 184
8569 9 11 184
8570 10 121 184
8571 11 106 184
8572 12 98 184
8573 13 114 184
8574 14 240 184
8575 15 156 184
8576 16 115 184
8577 17 244 184
8578 18 56 184
8579 19 240 184
8580 20 231 184
8581 21 80 184
8582 22 74 184
8583 23 58 184
8584 24 7 184
8585 25 229 184
8586 26 256 184
8587 27 45 184
8588 28 4 184
8589 29 238 184
8590 30 176 184
8591 31 195 184
8592 32 150 184
8593 33 238 184
8594 34 116 184
8595 35 10 184
8596 36 223 184
8597 37 178 184
8598 38 248 184
8599 39 30 184
8600 40 200 184
8601 41 61 184
8602 42 48 184
8603 43 65 184
8604 44 76 184
8605 45 64 184
8606 46 193 184
8607 47 87 184
8608 48 101 184
8609 49 157 184
8610 50 152 184
8611 51 48 184
8612 52 145 184
8613 53 27 184
8614 54 3 184
8615 55 75 184
8616 56 51 184
8617 57 1 184
8618 58 152 184
8619 59 245 184
8620 60 1 184
8621 61 59 184
8622 62 106 184
8623 63 237 184
8624 64 48 184
8625 65 219 184
8626 66 180 184
8627 67 251 184
8628 68 162 184
8629 69 99 184
8630 70 232 184
8631 71 13 184
8632 72 184 184
8633 73 82 184
8634 74 148 184
8635 75 17 184
8636 76 255 184
8637 77 134 184
8638 78 216 184
8639 79 153 184
8640 80 215 184
8641 81 123 184
8642 82 33 184
8643 83 31 184
8644 84 83 184
8645 85 182 184
8646 86 142 184
8647 87 11 184
8648 88 129 184
8649 89 82 184
8650 90 152 184
8651 1 109 185
8652 2 16 185
8653 3 143 185
8654 4 215 185
8655 5 31 185
8656 6 37 185
8657 7 247 185
8658 8 218 185
8659 9 88 185
8660 10 227 185
8661 11 231 185
8662 12 193 185
8663 13 157 185
8664 14 59 185
8665 15 30 185
8666 16 43 185
8667 17 4 185
8668 18 244 185
8669 19 47 185
8670 20 212 185
8671 21 231 185
8672 22 241 185
8673 23 207 185
8674 24 122 185
8675 25 231 185
8676 26 143 185
8677 27 114 185
8678 28 126 185
8679 29 60 185
8680 30 159 185
8681 31 78 185
8682 32 28 185
8683 33 78 185
8684 34 127 185
8685 35 255 185
8686 36 76 185
8687 37 104 185
8688 38 74 185
8689 39 16 185
8690 40 184 185
8691 41 225 185
8692 42 12 185
8693 43 174 185
8694 44 13 185
8695 45 191 185
8696 46 155 185
8697 47 116 185
8698 48 199 185
8699 49 51 185
8700 50 5 185
8701 51 137 185
8702 52 108 185
8703 53 240 185
8704 54 115 185
8705 55 30 185
8706 56 136 185
8707 57 224 185
8708 58 97 185
8709 59 189 185
8710 60 159 185
8711 61 89 185
8712 62 97 185
8713 63 13 185
8714 64 145 185
8715 65 203 185
8716 66 70 185
8717 67 154 185
8718 68 50 185
8719 69 120 185
8720 70 136 185
8721 71 219 185
8722 72 201 185
8723 73 85 185
8724 74 22 185
8725 75 26 185
8726 76 210 185
8727 77 230 185
8728 78 28 185
8729 79 29 185
8730 80 223 185
8731 81 105 185
8732 82 21 185
8733 83 219 185
8734 84 192 185
8735 85 77 185
8736 86 58 185
8737 87 53 185
8738 88 86 185
8739 89 121 185
8740 90 18 185
8741 91 38 185
8742 0 22 186
8743 1 49 186
8744 2 168 186
8745 3 136 186
8746 4 81 186
8747 5 232 186
8748 6 214 186
8749 7 239 186
8750 8 25 186
8751 9 193 186
8752 10 253 186
8753 11 214 186
8754 12 226 186
8755 13 24 186
8756 14 119 186
8757 15 36 186
8758 16 165 186
8759 17 119 186
8760 18 212 186
8761 19 161 186
8762 20 106 186
8763 21 50 186
8764 22 21 186
8765 23 221 186
8766 24 104 186
8767 25 172 186
8768 26 56 186
8769 27 224 186
8770 28 39 186
8771 29 240 186
8772 30 127 186
8773 31 215 186
8774 32 112 186
8775 33 232 186
8776 34 157 186
8777 35 51 186
8778 36 117 186
8779 37 125 186
8780 38 119 186
8781 39 102 186
8782 40 166 186
8783 41 14 186
8784 42 199 186
8785 43 214 186
8786 44 214 186
8787 45 193 186
8788 46 72 186
8789 47 165 186
8790 48 41 186
8791 49 36 186
8792 50 234 186
8793 51 123 186
8794 52 31 186
8795 53 117 186
8796 54 74 186
8797 55 215 186
8798 56 11 186
8799 57 181 186
8800 58 75 186
8801 59 196 186
8802 60 75 186
8803 61 27 186
8804 62 195 186
8805 63 161 186
8806 64 247 186
8807 65 65 186
8808 66 71 186
8809 67 148 186
8810 68 174 186
8811 69 124 186
8812 70 66 186
8813 71 95 186
8814 72 224 186
8815 73 2 186
8816 74 62 186
8817 75 165 186
8818 76 46 186
8819 77 166 186
8820 78 150 186
8821 79 154 186
8822 80 203 186
8823 81 251 186
8824 82 254 186
8825 83 128 186
8826 84 192 186
8827 85 11 186
8828 86 212 186
8829 87 57 186
8830 88 30 186
8831 89 119 186
8832 90 201 186
8833 91 142 186
8834 92 185 186
8835 93 197 186
8836 0 62 187
8837 1 254 187
8838 2 162 187
8839 3 225 187
8840 4 71 187
8841 5 164 187
8842 6 30 187
8843 7 192 187
8844 8 6 187
8845 9 172 187
8846 10 37 187
8847 11 237 187
8848 12 2 187
8849 13 118 187
8850 14 212 187
8851 15 230 187
8852 16 110 187
8853 17 11 187
8854 18 23 187
8855 19 134 187
8856 20 175 187
8857 21 208 187
8858 22 71 187
8859 23 168 187
8860 24 232 187
8861 25 8 187
8862 26 63 187
8863 27 256 187
8864 28 175 187
8865 29 45 187
8866 30 75 187
8867 31 110 187
8868 32 149 187
8869 33 203 187
8870 34 61 187
weights 188 188 188 188 188 188 188 188 188 188 188 188 188 188 188 188 188 188 188 188 188 188 188 188 188 188 188 188 188 188 188 188 188 188 188 187 187 187 187 187 187 187 187 187 187 187 187 187 187 187 187 187 187 187 187 187 187 187 187 187 187 187 187 187 187 187 187 187 187 187 187 187 187 187 187 187 187 187 187 187 187 187 187 187 187 187 187 187 187 187 187 187 187 187
