257 129 16939
0 0 1 0
1 0 1 1
2 0 1 2
3 0 1 3
4 0 1 4
5 0 1 5
6 0 1 6
7 0 1 7
8 0 1 8
9 0 1 9
10 0 1 10
11 0 1 11
12 0 1 12
13 0 1 13
14 0 1 14
15 0 1 15
16 0 1 16
17 0 1 17
18 0 1 18
19 0 1 19
20 0 1 20
21 0 1 21
22 0 1 22
23 0 1 23
24 0 1 24
25 0 1 25
26 0 1 26
27 0 1 27
28 0 1 28
29 0 1 29
30 0 1 30
31 0 1 31
32 0 1 32
33 0 1 33
34 0 1 34
35 0 1 35
36 0 1 36
37 0 1 37
38 0 1 38
39 0 1 39
40 0 1 40
41 0 1 41
42 0 1 42
43 0 1 43
44 0 1 44
45 0 1 45
46 0 1 46
47 0 1 47
48 0 1 48
49 0 1 49
50 0 1 50
51 0 1 51
52 0 1 52
53 0 1 53
54 0 1 54
55 0 1 55
56 0 1 56
57 0 1 57
58 0 1 58
59 0 1 59
60 0 1 60
61 0 1 61
62 0 1 62
63 0 1 63
64 0 1 64
65 0 1 65
66 1 1 2
67 1 1 3
68 1 1 4
69 1 1 5
70 1 1 6
71 1 1 7
72 1 1 8
73 1 1 9
74 1 1 10
75 1 1 11
76 1 1 12
77 1 1 13
78 1 1 14
79 1 1 15
80 1 1 16
81 1 1 17
82 1 1 18
83 1 1 19
84 1 1 20
85 1 1 21
86 1 1 22
87 1 1 23
88 1 1 24
89 1 1 25
90 1 1 26
91 1 1 27
92 1 1 28
93 1 1 29
94 1 1 30
95 1 1 31
96 1 1 32
97 1 1 33
98 1 1 34
99 1 1 35
100 1 1 36
101 1 1 37
102 1 1 38
103 1 1 39
104 1 1 40
105 1 1 41
106 1 1 42
107 1 1 43
108 1 1 44
109 1 1 45
110 1 1 46
111 1 1 47
112 1 1 48
113 1 1 49
114 1 1 50
115 1 1 51
116 1 1 52
117 1 1 53
118 1 1 54
119 1 1 55
120 1 1 56
121 1 1 57
122 1 1 58
123 1 1 59
124 1 1 60
125 1 1 61
126 1 1 62
127 1 1 63
128 1 1 64
129 1 1 65
130 1 1 66
131 2 1 4
132 2 1 5
133 2 1 6
134 2 1 7
135 2 1 8
136 2 1 9
137 2 1 10
138 2 1 11
139 2 1 12
140 2 1 13
141 2 1 14
142 2 1 15
143 2 1 16
144 2 1 17
145 2 1 18
146 2 1 19
147 2 1 20
148 2 1 21
149 2 1 22
150 2 1 23
151 2 1 24
152 2 1 25
153 2 1 26
154 2 1 27
155 2 1 28
156 2 1 29
157 2 1 30
158 2 1 31
159 2 1 32
160 2 1 33
161 2 1 34
162 2 1 35
163 2 1 36
164 2 1 37
165 2 1 38
166 2 1 39
167 2 1 40
168 2 1 41
169 2 1 42
170 2 1 43
171 2 1 44
172 2 1 45
173 2 1 46
174 2 1 47
175 2 1 48
176 2 1 49
177 2 1 50
178 2 1 51
179 2 1 52
180 2 1 53
181 2 1 54
182 2 1 55
183 2 1 56
184 2 1 57
185 2 1 58
186 2 1 59
187 2 1 60
188 2 1 61
189 2 1 62
190 2 1 63
191 2 1 64
192 2 1 65
193 2 1 66
194 2 1 67
195 3 1 6
196 3 1 7
197 3 1 8
198 3 1 9
199 3 1 10
200 3 1 11
201 3 1 12
202 3 1 13
203 3 1 14
204 3 1 15
205 3 1 16
206 3 1 17
207 3 1 18
208 3 1 19
209 3 1 20
210 3 1 21
211 3 1 22
212 3 1 23
213 3 1 24
214 3 1 25
215 3 1 26
216 3 1 27
217 3 1 28
218 3 1 29
219 3 1 30
220 3 1 31
221 3 1 32
222 3 1 33
223 3 1 34
224 3 1 35
225 3 1 36
226 3 1 37
227 3 1 38
228 3 1 39
229 3 1 40
230 3 1 41
231 3 1 42
232 3 1 43
233 3 1 44
234 3 1 45
235 3 1 46
236 3 1 47
237 3 1 48
238 3 1 49
239 3 1 50
240 3 1 51
241 3 1 52
242 3 1 53
243 3 1 54
244 3 1 55
245 3 1 56
246 3 1 57
247 3 1 58
248 3 1 59
249 3 1 60
250 3 1 61
251 3 1 62
252 3 1 63
253 3 1 64
254 3 1 65
255 3 1 66
256 3 1 67
257 3 1 68
258 4 1 8
259 4 1 9
260 4 1 10
261 4 1 11
262 4 1 12
263 4 1 13
264 4 1 14
265 4 1 15
266 4 1 16
267 4 1 17
268 4 1 18
269 4 1 19
270 4 1 20
271 4 1 21
272 4 1 22
273 4 1 23
274 4 1 24
275 4 1 25
276 4 1 26
277 4 1 27
278 4 1 28
279 4 1 29
280 4 1 30
281 4 1 31
282 4 1 32
283 4 1 33
284 4 1 34
285 4 1 35
286 4 1 36
287 4 1 37
288 4 1 38
289 4 1 39
290 4 1 40
291 4 1 41
292 4 1 42
293 4 1 43
294 4 1 44
295 4 1 45
296 4 1 46
297 4 1 47
298 4 1 48
299 4 1 49
300 4 1 50
301 4 1 51
302 4 1 52
303 4 1 53
304 4 1 54
305 4 1 55
306 4 1 56
307 4 1 57
308 4 1 58
309 4 1 59
310 4 1 60
311 4 1 61
312 4 1 62
313 4 1 63
314 4 1 64
315 4 1 65
316 4 1 66
317 4 1 67
318 4 1 68
319 4 1 69
320 5 1 10
321 5 1 11
322 5 1 12
323 5 1 13
324 5 1 14
325 5 1 15
326 5 1 16
327 5 1 17
328 5 1 18
329 5 1 19
330 5 1 20
331 5 1 21
332 5 1 22
333 5 1 23
334 5 1 24
335 5 1 25
336 5 1 26
337 5 1 27
338 5 1 28
339 5 1 29
340 5 1 30
341 5 1 31
342 5 1 32
343 5 1 33
344 5 1 34
345 5 1 35
346 5 1 36
347 5 1 37
348 5 1 38
349 5 1 39
350 5 1 40
351 5 1 41
352 5 1 42
353 5 1 43
354 5 1 44
355 5 1 45
356 5 1 46
357 5 1 47
358 5 1 48
359 5 1 49
360 5 1 50
361 5 1 51
362 5 1 52
363 5 1 53
364 5 1 54
365 5 1 55
366 5 1 56
367 5 1 57
368 5 1 58
369 5 1 59
370 5 1 60
371 5 1 61
372 5 1 62
373 5 1 63
374 5 1 64
375 5 1 65
376 5 1 66
377 5 1 67
378 5 1 68
379 5 1 69
380 5 1 70
381 6 1 12
382 6 1 13
383 6 1 14
384 6 1 15
385 6 1 16
386 6 1 17
387 6 1 18
388 6 1 19
389 6 1 20
390 6 1 21
391 6 1 22
392 6 1 23
393 6 1 24
394 6 1 25
395 6 1 26
396 6 1 27
397 6 1 28
398 6 1 29
399 6 1 30
400 6 1 31
401 6 1 32
402 6 1 33
403 6 1 34
404 6 1 35
405 6 1 36
406 6 1 37
407 6 1 38
408 6 1 39
409 6 1 40
410 6 1 41
411 6 1 42
412 6 1 43
413 6 1 44
414 6 1 45
415 6 1 46
416 6 1 47
417 6 1 48
418 6 1 49
419 6 1 50
420 6 1 51
421 6 1 52
422 6 1 53
423 6 1 54
424 6 1 55
425 6 1 56
426 6 1 57
427 6 1 58
428 6 1 59
429 6 1 60
430 6 1 61
431 6 1 62
432 6 1 63
433 6 1 64
434 6 1 65
435 6 1 66
436 6 1 67
437 6 1 68
438 6 1 69
439 6 1 70
440 6 1 71
441 7 1 14
442 7 1 15
443 7 1 16
444 7 1 17
445 7 1 18
446 7 1 19
447 7 1 20
448 7 1 21
449 7 1 22
450 7 1 23
451 7 1 24
452 7 1 25
453 7 1 26
454 7 1 27
455 7 1 28
456 7 1 29
457 7 1 30
458 7 1 31
459 7 1 32
460 7 1 33
461 7 1 34
462 7 1 35
463 7 1 36
464 7 1 37
465 7 1 38
466 7 1 39
467 7 1 40
468 7 1 41
469 7 1 42
470 7 1 43
471 7 1 44
472 7 1 45
473 7 1 46
474 7 1 47
475 7 1 48
476 7 1 49
477 7 1 50
478 7 1 51
479 7 1 52
480 7 1 53
481 7 1 54
482 7 1 55
483 7 1 56
484 7 1 57
485 7 1 58
486 7 1 59
487 7 1 60
488 7 1 61
489 7 1 62
490 7 1 63
491 7 1 64
492 7 1 65
493 7 1 66
494 7 1 67
495 7 1 68
496 7 1 69
497 7 1 70
498 7 1 71
499 7 1 72
500 8 1 16
501 8 1 17
502 8 1 18
503 8 1 19
504 8 1 20
505 8 1 21
506 8 1 22
507 8 1 23
508 8 1 24
509 8 1 25
510 8 1 26
511 8 1 27
512 8 1 28
513 8 1 29
514 8 1 30
515 8 1 31
516 8 1 32
517 8 1 33
518 8 1 34
519 8 1 35
520 8 1 36
521 8 1 37
522 8 1 38
523 8 1 39
524 8 1 40
525 8 1 41
526 8 1 42
527 8 1 43
528 8 1 44
529 8 1 45
530 8 1 46
531 8 1 47
532 8 1 48
533 8 1 49
534 8 1 50
535 8 1 51
536 8 1 52
537 8 1 53
538 8 1 54
539 8 1 55
540 8 1 56
541 8 1 57
542 8 1 58
543 8 1 59
544 8 1 60
545 8 1 61
546 8 1 62
547 8 1 63
548 8 1 64
549 8 1 65
550 8 1 66
551 8 1 67
552 8 1 68
553 8 1 69
554 8 1 70
555 8 1 71
556 8 1 72
557 8 1 73
558 9 1 18
559 9 1 19
560 9 1 20
561 9 1 21
562 9 1 22
563 9 1 23
564 9 1 24
565 9 1 25
566 9 1 26
567 9 1 27
568 9 1 28
569 9 1 29
570 9 1 30
571 9 1 31
572 9 1 32
573 9 1 33
574 9 1 34
575 9 1 35
576 9 1 36
577 9 1 37
578 9 1 38
579 9 1 39
580 9 1 40
581 9 1 41
582 9 1 42
583 9 1 43
584 9 1 44
585 9 1 45
586 9 1 46
587 9 1 47
588 9 1 48
589 9 1 49
590 9 1 50
591 9 1 51
592 9 1 52
593 9 1 53
594 9 1 54
595 9 1 55
596 9 1 56
597 9 1 57
598 9 1 58
599 9 1 59
600 9 1 60
601 9 1 61
602 9 1 62
603 9 1 63
604 9 1 64
605 9 1 65
606 9 1 66
607 9 1 67
608 9 1 68
609 9 1 69
610 9 1 70
611 9 1 71
612 9 1 72
613 9 1 73
614 9 1 74
615 10 1 20
616 10 1 21
617 10 1 22
618 10 1 23
619 10 1 24
620 10 1 25
621 10 1 26
622 10 1 27
623 10 1 28
624 10 1 29
625 10 1 30
626 10 1 31
627 10 1 32
628 10 1 33
629 10 1 34
630 10 1 35
631 10 1 36
632 10 1 37
633 10 1 38
634 10 1 39
635 10 1 40
636 10 1 41
637 10 1 42
638 10 1 43
639 10 1 44
640 10 1 45
641 10 1 46
642 10 1 47
643 10 1 48
644 10 1 49
645 10 1 50
646 10 1 51
647 10 1 52
648 10 1 53
649 10 1 54
650 10 1 55
651 10 1 56
652 10 1 57
653 10 1 58
654 10 1 59
655 10 1 60
656 10 1 61
657 10 1 62
658 10 1 63
659 10 1 64
660 10 1 65
661 10 1 66
662 10 1 67
663 10 1 68
664 10 1 69
665 10 1 70
666 10 1 71
667 10 1 72
668 10 1 73
669 10 1 74
670 10 1 75
671 11 1 22
672 11 1 23
673 11 1 24
674 11 1 25
675 11 1 26
676 11 1 27
677 11 1 28
678 11 1 29
679 11 1 30
680 11 1 31
681 11 1 32
682 11 1 33
683 11 1 34
684 11 1 35
685 11 1 36
686 11 1 37
687 11 1 38
688 11 1 39
689 11 1 40
690 11 1 41
691 11 1 42
692 11 1 43
693 11 1 44
694 11 1 45
695 11 1 46
696 11 1 47
697 11 1 48
698 11 1 49
699 11 1 50
700 11 1 51
701 11 1 52
702 11 1 53
703 11 1 54
704 11 1 55
705 11 1 56
706 11 1 57
707 11 1 58
708 11 1 59
709 11 1 60
710 11 1 61
711 11 1 62
712 11 1 63
713 11 1 64
714 11 1 65
715 11 1 66
716 11 1 67
717 11 1 68
718 11 1 69
719 11 1 70
720 11 1 71
721 11 1 72
722 11 1 73
723 11 1 74
724 11 1 75
725 11 1 76
726 12 1 24
727 12 1 25
728 12 1 26
729 12 1 27
730 12 1 28
731 12 1 29
732 12 1 30
733 12 1 31
734 12 1 32
735 12 1 33
736 12 1 34
737 12 1 35
738 12 1 36
739 12 1 37
740 12 1 38
741 12 1 39
742 12 1 40
743 12 1 41
744 12 1 42
745 12 1 43
746 12 1 44
747 12 1 45
748 12 1 46
749 12 1 47
750 12 1 48
751 12 1 49
752 12 1 50
753 12 1 51
754 12 1 52
755 12 1 53
756 12 1 54
757 12 1 55
758 12 1 56
759 12 1 57
760 12 1 58
761 12 1 59
762 12 1 60
763 12 1 61
764 12 1 62
765 12 1 63
766 12 1 64
767 12 1 65
768 12 1 66
769 12 1 67
770 12 1 68
771 12 1 69
772 12 1 70
773 12 1 71
774 12 1 72
775 12 1 73
776 12 1 74
777 12 1 75
778 12 1 76
779 12 1 77
780 13 1 26
781 13 1 27
782 13 1 28
783 13 1 29
784 13 1 30
785 13 1 31
786 13 1 32
787 13 1 33
788 13 1 34
789 13 1 35
790 13 1 36
791 13 1 37
792 13 1 38
793 13 1 39
794 13 1 40
795 13 1 41
796 13 1 42
797 13 1 43
798 13 1 44
799 13 1 45
800 13 1 46
801 13 1 47
802 13 1 48
803 13 1 49
804 13 1 50
805 13 1 51
806 13 1 52
807 13 1 53
808 13 1 54
809 13 1 55
810 13 1 56
811 13 1 57
812 13 1 58
813 13 1 59
814 13 1 60
815 13 1 61
816 13 1 62
817 13 1 63
818 13 1 64
819 13 1 65
820 13 1 66
821 13 1 67
822 13 1 68
823 13 1 69
824 13 1 70
825 13 1 71
826 13 1 72
827 13 1 73
828 13 1 74
829 13 1 75
830 13 1 76
831 13 1 77
832 13 1 78
833 14 1 28
834 14 1 29
835 14 1 30
836 14 1 31
837 14 1 32
838 14 1 33
839 14 1 34
840 14 1 35
841 14 1 36
842 14 1 37
843 14 1 38
844 14 1 39
845 14 1 40
846 14 1 41
847 14 1 42
848 14 1 43
849 14 1 44
850 14 1 45
851 14 1 46
852 14 1 47
853 14 1 48
854 14 1 49
855 14 1 50
856 14 1 51
857 14 1 52
858 14 1 53
859 14 1 54
860 14 1 55
861 14 1 56
862 14 1 57
863 14 1 58
864 14 1 59
865 14 1 60
866 14 1 61
867 14 1 62
868 14 1 63
869 14 1 64
870 14 1 65
871 14 1 66
872 14 1 67
873 14 1 68
874 14 1 69
875 14 1 70
876 14 1 71
877 14 1 72
878 14 1 73
879 14 1 74
880 14 1 75
881 14 1 76
882 14 1 77
883 14 1 78
884 14 1 79
885 15 1 30
886 15 1 31
887 15 1 32
888 15 1 33
889 15 1 34
890 15 1 35
891 15 1 36
892 15 1 37
893 15 1 38
894 15 1 39
895 15 1 40
896 15 1 41
897 15 1 42
898 15 1 43
899 15 1 44
900 15 1 45
901 15 1 46
902 15 1 47
903 15 1 48
904 15 1 49
905 15 1 50
906 15 1 51
907 15 1 52
908 15 1 53
909 15 1 54
910 15 1 55
911 15 1 56
912 15 1 57
913 15 1 58
914 15 1 59
915 15 1 60
916 15 1 61
917 15 1 62
918 15 1 63
919 15 1 64
920 15 1 65
921 15 1 66
922 15 1 67
923 15 1 68
924 15 1 69
925 15 1 70
926 15 1 71
927 15 1 72
928 15 1 73
929 15 1 74
930 15 1 75
931 15 1 76
932 15 1 77
933 15 1 78
934 15 1 79
935 15 1 80
936 16 1 32
937 16 1 33
938 16 1 34
939 16 1 35
940 16 1 36
941 16 1 37
942 16 1 38
943 16 1 39
944 16 1 40
945 16 1 41
946 16 1 42
947 16 1 43
948 16 1 44
949 16 1 45
950 16 1 46
951 16 1 47
952 16 1 48
953 16 1 49
954 16 1 50
955 16 1 51
956 16 1 52
957 16 1 53
958 16 1 54
959 16 1 55
960 16 1 56
961 16 1 57
962 16 1 58
963 16 1 59
964 16 1 60
965 16 1 61
966 16 1 62
967 16 1 63
968 16 1 64
969 16 1 65
970 16 1 66
971 16 1 67
972 16 1 68
973 16 1 69
974 16 1 70
975 16 1 71
976 16 1 72
977 16 1 73
978 16 1 74
979 16 1 75
980 16 1 76
981 16 1 77
982 16 1 78
983 16 1 79
984 16 1 80
985 16 1 81
986 17 1 34
987 17 1 35
988 17 1 36
989 17 1 37
990 17 1 38
991 17 1 39
992 17 1 40
993 17 1 41
994 17 1 42
995 17 1 43
996 17 1 44
997 17 1 45
998 17 1 46
999 17 1 47
1000 17 1 48
1001 17 1 49
1002 17 1 50
1003 17 1 51
1004 17 1 52
1005 17 1 53
1006 17 1 54
1007 17 1 55
1008 17 1 56
1009 17 1 57
1010 17 1 58
1011 17 1 59
1012 17 1 60
1013 17 1 61
1014 17 1 62
1015 17 1 63
1016 17 1 64
1017 17 1 65
1018 17 1 66
1019 17 1 67
1020 17 1 68
1021 17 1 69
1022 17 1 70
1023 17 1 71
1024 17 1 72
1025 17 1 73
1026 17 1 74
1027 17 1 75
1028 17 1 76
1029 17 1 77
1030 17 1 78
1031 17 1 79
1032 17 1 80
1033 17 1 81
1034 17 1 82
1035 18 1 36
1036 18 1 37
1037 18 1 38
1038 18 1 39
1039 18 1 40
1040 18 1 41
1041 18 1 42
1042 18 1 43
1043 18 1 44
1044 18 1 45
1045 18 1 46
1046 18 1 47
1047 18 1 48
1048 18 1 49
1049 18 1 50
1050 18 1 51
1051 18 1 52
1052 18 1 53
1053 18 1 54
1054 18 1 55
1055 18 1 56
1056 18 1 57
1057 18 1 58
1058 18 1 59
1059 18 1 60
1060 18 1 61
1061 18 1 62
1062 18 1 63
1063 18 1 64
1064 18 1 65
1065 18 1 66
1066 18 1 67
1067 18 1 68
1068 18 1 69
1069 18 1 70
1070 18 1 71
1071 18 1 72
1072 18 1 73
1073 18 1 74
1074 18 1 75
1075 18 1 76
1076 18 1 77
1077 18 1 78
1078 18 1 79
1079 18 1 80
1080 18 1 81
1081 18 1 82
1082 18 1 83
1083 19 1 38
1084 19 1 39
1085 19 1 40
1086 19 1 41
1087 19 1 42
1088 19 1 43
1089 19 1 44
1090 19 1 45
1091 19 1 46
1092 19 1 47
1093 19 1 48
1094 19 1 49
1095 19 1 50
1096 19 1 51
1097 19 1 52
1098 19 1 53
1099 19 1 54
1100 19 1 55
1101 19 1 56
1102 19 1 57
1103 19 1 58
1104 19 1 59
1105 19 1 60
1106 19 1 61
1107 19 1 62
1108 19 1 63
1109 19 1 64
1110 19 1 65
1111 19 1 66
1112 19 1 67
1113 19 1 68
1114 19 1 69
1115 19 1 70
1116 19 1 71
1117 19 1 72
1118 19 1 73
1119 19 1 74
1120 19 1 75
1121 19 1 76
1122 19 1 77
1123 19 1 78
1124 19 1 79
1125 19 1 80
1126 19 1 81
1127 19 1 82
1128 19 1 83
1129 19 1 84
1130 20 1 40
1131 20 1 41
1132 20 1 42
1133 20 1 43
1134 20 1 44
1135 20 1 45
1136 20 1 46
1137 20 1 47
1138 20 1 48
1139 20 1 49
1140 20 1 50
1141 20 1 51
1142 20 1 52
1143 20 1 53
1144 20 1 54
1145 20 1 55
1146 20 1 56
1147 20 1 57
1148 20 1 58
1149 20 1 59
1150 20 1 60
1151 20 1 61
1152 20 1 62
1153 20 1 63
1154 20 1 64
1155 20 1 65
1156 20 1 66
1157 20 1 67
1158 20 1 68
1159 20 1 69
1160 20 1 70
1161 20 1 71
1162 20 1 72
1163 20 1 73
1164 20 1 74
1165 20 1 75
1166 20 1 76
1167 20 1 77
1168 20 1 78
1169 20 1 79
1170 20 1 80
1171 20 1 81
1172 20 1 82
1173 20 1 83
1174 20 1 84
1175 20 1 85
1176 21 1 42
1177 21 1 43
1178 21 1 44
1179 21 1 45
1180 21 1 46
1181 21 1 47
1182 21 1 48
1183 21 1 49
1184 21 1 50
1185 21 1 51
1186 21 1 52
1187 21 1 53
1188 21 1 54
1189 21 1 55
1190 21 1 56
1191 21 1 57
1192 21 1 58
1193 21 1 59
1194 21 1 60
1195 21 1 61
1196 21 1 62
1197 21 1 63
1198 21 1 64
1199 21 1 65
1200 21 1 66
1201 21 1 67
1202 21 1 68
1203 21 1 69
1204 21 1 70
1205 21 1 71
1206 21 1 72
1207 21 1 73
1208 21 1 74
1209 21 1 75
1210 21 1 76
1211 21 1 77
1212 21 1 78
1213 21 1 79
1214 21 1 80
1215 21 1 81
1216 21 1 82
1217 21 1 83
1218 21 1 84
1219 21 1 85
1220 21 1 86
1221 22 1 44
1222 22 1 45
1223 22 1 46
1224 22 1 47
1225 22 1 48
1226 22 1 49
1227 22 1 50
1228 22 1 51
1229 22 1 52
1230 22 1 53
1231 22 1 54
1232 22 1 55
1233 22 1 56
1234 22 1 57
1235 22 1 58
1236 22 1 59
1237 22 1 60
1238 22 1 61
1239 22 1 62
1240 22 1 63
1241 22 1 64
1242 22 1 65
1243 22 1 66
1244 22 1 67
1245 22 1 68
1246 22 1 69
1247 22 1 70
1248 22 1 71
1249 22 1 72
1250 22 1 73
1251 22 1 74
1252 22 1 75
1253 22 1 76
1254 22 1 77
1255 22 1 78
1256 22 1 79
1257 22 1 80
1258 22 1 81
1259 22 1 82
1260 22 1 83
1261 22 1 84
1262 22 1 85
1263 22 1 86
1264 22 1 87
1265 23 1 46
1266 23 1 47
1267 23 1 48
1268 23 1 49
1269 23 1 50
1270 23 1 51
1271 23 1 52
1272 23 1 53
1273 23 1 54
1274 23 1 55
1275 23 1 56
1276 23 1 57
1277 23 1 58
1278 23 1 59
1279 23 1 60
1280 23 1 61
1281 23 1 62
1282 23 1 63
1283 23 1 64
1284 23 1 65
1285 23 1 66
1286 23 1 67
1287 23 1 68
1288 23 1 69
1289 23 1 70
1290 23 1 71
1291 23 1 72
1292 23 1 73
1293 23 1 74
1294 23 1 75
1295 23 1 76
1296 23 1 77
1297 23 1 78
1298 23 1 79
1299 23 1 80
1300 23 1 81
1301 23 1 82
1302 23 1 83
1303 23 1 84
1304 23 1 85
1305 23 1 86
1306 23 1 87
1307 23 1 88
1308 24 1 48
1309 24 1 49
1310 24 1 50
1311 24 1 51
1312 24 1 52
1313 24 1 53
1314 24 1 54
1315 24 1 55
1316 24 1 56
1317 24 1 57
1318 24 1 58
1319 24 1 59
1320 24 1 60
1321 24 1 61
1322 24 1 62
1323 24 1 63
1324 24 1 64
1325 24 1 65
1326 24 1 66
1327 24 1 67
1328 24 1 68
1329 24 1 69
1330 24 1 70
1331 24 1 71
1332 24 1 72
1333 24 1 73
1334 24 1 74
1335 24 1 75
1336 24 1 76
1337 24 1 77
1338 24 1 78
1339 24 1 79
1340 24 1 80
1341 24 1 81
1342 24 1 82
1343 24 1 83
1344 24 1 84
1345 24 1 85
1346 24 1 86
1347 24 1 87
1348 24 1 88
1349 24 1 89
1350 25 1 50
1351 25 1 51
1352 25 1 52
1353 25 1 53
1354 25 1 54
1355 25 1 55
1356 25 1 56
1357 25 1 57
1358 25 1 58
1359 25 1 59
1360 25 1 60
1361 25 1 61
1362 25 1 62
1363 25 1 63
1364 25 1 64
1365 25 1 65
1366 25 1 66
1367 25 1 67
1368 25 1 68
1369 25 1 69
1370 25 1 70
1371 25 1 71
1372 25 1 72
1373 25 1 73
1374 25 1 74
1375 25 1 75
1376 25 1 76
1377 25 1 77
1378 25 1 78
1379 25 1 79
1380 25 1 80
1381 25 1 81
1382 25 1 82
1383 25 1 83
1384 25 1 84
1385 25 1 85
1386 25 1 86
1387 25 1 87
1388 25 1 88
1389 25 1 89
1390 25 1 90
1391 26 1 52
1392 26 1 53
1393 26 1 54
1394 26 1 55
1395 26 1 56
1396 26 1 57
1397 26 1 58
1398 26 1 59
1399 26 1 60
1400 26 1 61
1401 26 1 62
1402 26 1 63
1403 26 1 64
1404 26 1 65
1405 26 1 66
1406 26 1 67
1407 26 1 68
1408 26 1 69
1409 26 1 70
1410 26 1 71
1411 26 1 72
1412 26 1 73
1413 26 1 74
1414 26 1 75
1415 26 1 76
1416 26 1 77
1417 26 1 78
1418 26 1 79
1419 26 1 80
1420 26 1 81
1421 26 1 82
1422 26 1 83
1423 26 1 84
1424 26 1 85
1425 26 1 86
1426 26 1 87
1427 26 1 88
1428 26 1 89
1429 26 1 90
1430 26 1 91
1431 27 1 54
1432 27 1 55
1433 27 1 56
1434 27 1 57
1435 27 1 58
1436 27 1 59
1437 27 1 60
1438 27 1 61
1439 27 1 62
1440 27 1 63
1441 27 1 64
1442 27 1 65
1443 27 1 66
1444 27 1 67
1445 27 1 68
1446 27 1 69
1447 27 1 70
1448 27 1 71
1449 27 1 72
1450 27 1 73
1451 27 1 74
1452 27 1 75
1453 27 1 76
1454 27 1 77
1455 27 1 78
1456 27 1 79
1457 27 1 80
1458 27 1 81
1459 27 1 82
1460 27 1 83
1461 27 1 84
1462 27 1 85
1463 27 1 86
1464 27 1 87
1465 27 1 88
1466 27 1 89
1467 27 1 90
1468 27 1 91
1469 27 1 92
1470 28 1 56
1471 28 1 57
1472 28 1 58
1473 28 1 59
1474 28 1 60
1475 28 1 61
1476 28 1 62
1477 28 1 63
1478 28 1 64
1479 28 1 65
1480 28 1 66
1481 28 1 67
1482 28 1 68
1483 28 1 69
1484 28 1 70
1485 28 1 71
1486 28 1 72
1487 28 1 73
1488 28 1 74
1489 28 1 75
1490 28 1 76
1491 28 1 77
1492 28 1 78
1493 28 1 79
1494 28 1 80
1495 28 1 81
1496 28 1 82
1497 28 1 83
1498 28 1 84
1499 28 1 85
1500 28 1 86
1501 28 1 87
1502 28 1 88
1503 28 1 89
1504 28 1 90
1505 28 1 91
1506 28 1 92
1507 28 1 93
1508 29 1 58
1509 29 1 59
1510 29 1 60
1511 29 1 61
1512 29 1 62
1513 29 1 63
1514 29 1 64
1515 29 1 65
1516 29 1 66
1517 29 1 67
1518 29 1 68
1519 29 1 69
1520 29 1 70
1521 29 1 71
1522 29 1 72
1523 29 1 73
1524 29 1 74
1525 29 1 75
1526 29 1 76
1527 29 1 77
1528 29 1 78
1529 29 1 79
1530 29 1 80
1531 29 1 81
1532 29 1 82
1533 29 1 83
1534 29 1 84
1535 29 1 85
1536 29 1 86
1537 29 1 87
1538 29 1 88
1539 29 1 89
1540 29 1 90
1541 29 1 91
1542 29 1 92
1543 29 1 93
1544 29 1 94
1545 30 1 60
1546 30 1 61
1547 30 1 62
1548 30 1 63
1549 30 1 64
1550 30 1 65
1551 30 1 66
1552 30 1 67
1553 30 1 68
1554 30 1 69
1555 30 1 70
1556 30 1 71
1557 30 1 72
1558 30 1 73
1559 30 1 74
1560 30 1 75
1561 30 1 76
1562 30 1 77
1563 30 1 78
1564 30 1 79
1565 30 1 80
1566 30 1 81
1567 30 1 82
1568 30 1 83
1569 30 1 84
1570 30 1 85
1571 30 1 86
1572 30 1 87
1573 30 1 88
1574 30 1 89
1575 30 1 90
1576 30 1 91
1577 30 1 92
1578 30 1 93
1579 30 1 94
1580 30 1 95
1581 31 1 62
1582 31 1 63
1583 31 1 64
1584 31 1 65
1585 31 1 66
1586 31 1 67
1587 31 1 68
1588 31 1 69
1589 31 1 70
1590 31 1 71
1591 31 1 72
1592 31 1 73
1593 31 1 74
1594 31 1 75
1595 31 1 76
1596 31 1 77
1597 31 1 78
1598 31 1 79
1599 31 1 80
1600 31 1 81
1601 31 1 82
1602 31 1 83
1603 31 1 84
1604 31 1 85
1605 31 1 86
1606 31 1 87
1607 31 1 88
1608 31 1 89
1609 31 1 90
1610 31 1 91
1611 31 1 92
1612 31 1 93
1613 31 1 94
1614 31 1 95
1615 31 1 96
1616 32 1 64
1617 32 1 65
1618 32 1 66
1619 32 1 67
1620 32 1 68
1621 32 1 69
1622 32 1 70
1623 32 1 71
1624 32 1 72
1625 32 1 73
1626 32 1 74
1627 32 1 75
1628 32 1 76
1629 32 1 77
1630 32 1 78
1631 32 1 79
1632 32 1 80
1633 32 1 81
1634 32 1 82
1635 32 1 83
1636 32 1 84
1637 32 1 85
1638 32 1 86
1639 32 1 87
1640 32 1 88
1641 32 1 89
1642 32 1 90
1643 32 1 91
1644 32 1 92
1645 32 1 93
1646 32 1 94
1647 32 1 95
1648 32 1 96
1649 32 1 97
1650 33 1 66
1651 33 1 67
1652 33 1 68
1653 33 1 69
1654 33 1 70
1655 33 1 71
1656 33 1 72
1657 33 1 73
1658 33 1 74
1659 33 1 75
1660 33 1 76
1661 33 1 77
1662 33 1 78
1663 33 1 79
1664 33 1 80
1665 33 1 81
1666 33 1 82
1667 33 1 83
1668 33 1 84
1669 33 1 85
1670 33 1 86
1671 33 1 87
1672 33 1 88
1673 33 1 89
1674 33 1 90
1675 33 1 91
1676 33 1 92
1677 33 1 93
1678 33 1 94
1679 33 1 95
1680 33 1 96
1681 33 1 97
1682 33 1 98
1683 34 1 68
1684 34 1 69
1685 34 1 70
1686 34 1 71
1687 34 1 72
1688 34 1 73
1689 34 1 74
1690 34 1 75
1691 34 1 76
1692 34 1 77
1693 34 1 78
1694 34 1 79
1695 34 1 80
1696 34 1 81
1697 34 1 82
1698 34 1 83
1699 34 1 84
1700 34 1 85
1701 34 1 86
1702 34 1 87
1703 34 1 88
1704 34 1 89
1705 34 1 90
1706 34 1 91
1707 34 1 92
1708 34 1 93
1709 34 1 94
1710 34 1 95
1711 34 1 96
1712 34 1 97
1713 34 1 98
1714 34 1 99
1715 35 1 70
1716 35 1 71
1717 35 1 72
1718 35 1 73
1719 35 1 74
1720 35 1 75
1721 35 1 76
1722 35 1 77
1723 35 1 78
1724 35 1 79
1725 35 1 80
1726 35 1 81
1727 35 1 82
1728 35 1 83
1729 35 1 84
1730 35 1 85
1731 35 1 86
1732 35 1 87
1733 35 1 88
1734 35 1 89
1735 35 1 90
1736 35 1 91
1737 35 1 92
1738 35 1 93
1739 35 1 94
1740 35 1 95
1741 35 1 96
1742 35 1 97
1743 35 1 98
1744 35 1 99
1745 35 1 100
1746 36 1 72
1747 36 1 73
1748 36 1 74
1749 36 1 75
1750 36 1 76
1751 36 1 77
1752 36 1 78
1753 36 1 79
1754 36 1 80
1755 36 1 81
1756 36 1 82
1757 36 1 83
1758 36 1 84
1759 36 1 85
1760 36 1 86
1761 36 1 87
1762 36 1 88
1763 36 1 89
1764 36 1 90
1765 36 1 91
1766 36 1 92
1767 36 1 93
1768 36 1 94
1769 36 1 95
1770 36 1 96
1771 36 1 97
1772 36 1 98
1773 36 1 99
1774 36 1 100
1775 36 1 101
1776 37 1 74
1777 37 1 75
1778 37 1 76
1779 37 1 77
1780 37 1 78
1781 37 1 79
1782 37 1 80
1783 37 1 81
1784 37 1 82
1785 37 1 83
1786 37 1 84
1787 37 1 85
1788 37 1 86
1789 37 1 87
1790 37 1 88
1791 37 1 89
1792 37 1 90
1793 37 1 91
1794 37 1 92
1795 37 1 93
1796 37 1 94
1797 37 1 95
1798 37 1 96
1799 37 1 97
1800 37 1 98
1801 37 1 99
1802 37 1 100
1803 37 1 101
1804 37 1 102
1805 38 1 76
1806 38 1 77
1807 38 1 78
1808 38 1 79
1809 38 1 80
1810 38 1 81
1811 38 1 82
1812 38 1 83
1813 38 1 84
1814 38 1 85
1815 38 1 86
1816 38 1 87
1817 38 1 88
1818 38 1 89
1819 38 1 90
1820 38 1 91
1821 38 1 92
1822 38 1 93
1823 38 1 94
1824 38 1 95
1825 38 1 96
1826 38 1 97
1827 38 1 98
1828 38 1 99
1829 38 1 100
1830 38 1 101
1831 38 1 102
1832 38 1 103
1833 39 1 78
1834 39 1 79
1835 39 1 80
1836 39 1 81
1837 39 1 82
1838 39 1 83
1839 39 1 84
1840 39 1 85
1841 39 1 86
1842 39 1 87
1843 39 1 88
1844 39 1 89
1845 39 1 90
1846 39 1 91
1847 39 1 92
1848 39 1 93
1849 39 1 94
1850 39 1 95
1851 39 1 96
1852 39 1 97
1853 39 1 98
1854 39 1 99
1855 39 1 100
1856 39 1 101
1857 39 1 102
1858 39 1 103
1859 39 1 104
1860 40 1 80
1861 40 1 81
1862 40 1 82
1863 40 1 83
1864 40 1 84
1865 40 1 85
1866 40 1 86
1867 40 1 87
1868 40 1 88
1869 40 1 89
1870 40 1 90
1871 40 1 91
1872 40 1 92
1873 40 1 93
1874 40 1 94
1875 40 1 95
1876 40 1 96
1877 40 1 97
1878 40 1 98
1879 40 1 99
1880 40 1 100
1881 40 1 101
1882 40 1 102
1883 40 1 103
1884 40 1 104
1885 40 1 105
1886 41 1 82
1887 41 1 83
1888 41 1 84
1889 41 1 85
1890 41 1 86
1891 41 1 87
1892 41 1 88
1893 41 1 89
1894 41 1 90
1895 41 1 91
1896 41 1 92
1897 41 1 93
1898 41 1 94
1899 41 1 95
1900 41 1 96
1901 41 1 97
1902 41 1 98
1903 41 1 99
1904 41 1 100
1905 41 1 101
1906 41 1 102
1907 41 1 103
1908 41 1 104
1909 41 1 105
1910 41 1 106
1911 42 1 84
1912 42 1 85
1913 42 1 86
1914 42 1 87
1915 42 1 88
1916 42 1 89
1917 42 1 90
1918 42 1 91
1919 42 1 92
1920 42 1 93
1921 42 1 94
1922 42 1 95
1923 42 1 96
1924 42 1 97
1925 42 1 98
1926 42 1 99
1927 42 1 100
1928 42 1 101
1929 42 1 102
1930 42 1 103
1931 42 1 104
1932 42 1 105
1933 42 1 106
1934 42 1 107
1935 43 1 86
1936 43 1 87
1937 43 1 88
1938 43 1 89
1939 43 1 90
1940 43 1 91
1941 43 1 92
1942 43 1 93
1943 43 1 94
1944 43 1 95
1945 43 1 96
1946 43 1 97
1947 43 1 98
1948 43 1 99
1949 43 1 100
1950 43 1 101
1951 43 1 102
1952 43 1 103
1953 43 1 104
1954 43 1 105
1955 43 1 106
1956 43 1 107
1957 43 1 108
1958 44 1 88
1959 44 1 89
1960 44 1 90
1961 44 1 91
1962 44 1 92
1963 44 1 93
1964 44 1 94
1965 44 1 95
1966 44 1 96
1967 44 1 97
1968 44 1 98
1969 44 1 99
1970 44 1 100
1971 44 1 101
1972 44 1 102
1973 44 1 103
1974 44 1 104
1975 44 1 105
1976 44 1 106
1977 44 1 107
1978 44 1 108
1979 44 1 109
1980 45 1 90
1981 45 1 91
1982 45 1 92
1983 45 1 93
1984 45 1 94
1985 45 1 95
1986 45 1 96
1987 45 1 97
1988 45 1 98
1989 45 1 99
1990 45 1 100
1991 45 1 101
1992 45 1 102
1993 45 1 103
1994 45 1 104
1995 45 1 105
1996 45 1 106
1997 45 1 107
1998 45 1 108
1999 45 1 109
2000 45 1 110
2001 46 1 92
2002 46 1 93
2003 46 1 94
2004 46 1 95
2005 46 1 96
2006 46 1 97
2007 46 1 98
2008 46 1 99
2009 46 1 100
2010 46 1 101
2011 46 1 102
2012 46 1 103
2013 46 1 104
2014 46 1 105
2015 46 1 106
2016 46 1 107
2017 46 1 108
2018 46 1 109
2019 46 1 110
2020 46 1 111
2021 47 1 94
2022 47 1 95
2023 47 1 96
2024 47 1 97
2025 47 1 98
2026 47 1 99
2027 47 1 100
2028 47 1 101
2029 47 1 102
2030 47 1 103
2031 47 1 104
2032 47 1 105
2033 47 1 106
2034 47 1 107
2035 47 1 108
2036 47 1 109
2037 47 1 110
2038 47 1 111
2039 47 1 112
2040 48 1 96
2041 48 1 97
2042 48 1 98
2043 48 1 99
2044 48 1 100
2045 48 1 101
2046 48 1 102
2047 48 1 103
2048 48 1 104
2049 48 1 105
2050 48 1 106
2051 48 1 107
2052 48 1 108
2053 48 1 109
2054 48 1 110
2055 48 1 111
2056 48 1 112
2057 48 1 113
2058 49 1 98
2059 49 1 99
2060 49 1 100
2061 49 1 101
2062 49 1 102
2063 49 1 103
2064 49 1 104
2065 49 1 105
2066 49 1 106
2067 49 1 107
2068 49 1 108
2069 49 1 109
2070 49 1 110
2071 49 1 111
2072 49 1 112
2073 49 1 113
2074 49 1 114
2075 50 1 100
2076 50 1 101
2077 50 1 102
2078 50 1 103
2079 50 1 104
2080 50 1 105
2081 50 1 106
2082 50 1 107
2083 50 1 108
2084 50 1 109
2085 50 1 110
2086 50 1 111
2087 50 1 112
2088 50 1 113
2089 50 1 114
2090 50 1 115
2091 51 1 102
2092 51 1 103
2093 51 1 104
2094 51 1 105
2095 51 1 106
2096 51 1 107
2097 51 1 108
2098 51 1 109
2099 51 1 110
2100 51 1 111
2101 51 1 112
2102 51 1 113
2103 51 1 114
2104 51 1 115
2105 51 1 116
2106 52 1 104
2107 52 1 105
2108 52 1 106
2109 52 1 107
2110 52 1 108
2111 52 1 109
2112 52 1 110
2113 52 1 111
2114 52 1 112
2115 52 1 113
2116 52 1 114
2117 52 1 115
2118 52 1 116
2119 52 1 117
2120 53 1 106
2121 53 1 107
2122 53 1 108
2123 53 1 109
2124 53 1 110
2125 53 1 111
2126 53 1 112
2127 53 1 113
2128 53 1 114
2129 53 1 115
2130 53 1 116
2131 53 1 117
2132 53 1 118
2133 54 1 108
2134 54 1 109
2135 54 1 110
2136 54 1 111
2137 54 1 112
2138 54 1 113
2139 54 1 114
2140 54 1 115
2141 54 1 116
2142 54 1 117
2143 54 1 118
2144 54 1 119
2145 55 1 110
2146 55 1 111
2147 55 1 112
2148 55 1 113
2149 55 1 114
2150 55 1 115
2151 55 1 116
2152 55 1 117
2153 55 1 118
2154 55 1 119
2155 55 1 120
2156 56 1 112
2157 56 1 113
2158 56 1 114
2159 56 1 115
2160 56 1 116
2161 56 1 117
2162 56 1 118
2163 56 1 119
2164 56 1 120
2165 56 1 121
2166 57 1 114
2167 57 1 115
2168 57 1 116
2169 57 1 117
2170 57 1 118
2171 57 1 119
2172 57 1 120
2173 57 1 121
2174 57 1 122
2175 58 1 116
2176 58 1 117
2177 58 1 118
2178 58 1 119
2179 58 1 120
2180 58 1 121
2181 58 1 122
2182 58 1 123
2183 59 1 118
2184 59 1 119
2185 59 1 120
2186 59 1 121
2187 59 1 122
2188 59 1 123
2189 59 1 124
2190 60 1 120
2191 60 1 121
2192 60 1 122
2193 60 1 123
2194 60 1 124
2195 60 1 125
2196 61 1 122
2197 61 1 123
2198 61 1 124
2199 61 1 125
2200 61 1 126
2201 62 1 124
2202 62 1 125
2203 62 1 126
2204 62 1 127
2205 63 1 126
2206 63 1 127
2207 63 1 128
2208 64 1 128
2209 64 1 129
2210 65 1 130
2211 66 4 132
2212 65 2 131
2213 64 1 130
2214 63 129 129
2215 62 193 128
2216 61 225 127
2217 60 241 126
2218 59 249 125
2219 58 253 124
2220 57 255 123
2221 56 256 122
2222 55 128 121
2223 54 64 120
2224 53 32 119
2225 52 16 118
2226 51 8 117
2227 50 4 116
2228 49 2 115
2229 48 1 114
2230 47 129 113
2231 46 193 112
2232 45 225 111
2233 44 241 110
2234 43 249 109
2235 42 253 108
2236 41 255 107
2237 40 256 106
2238 39 128 105
2239 38 64 104
2240 37 32 103
2241 36 16 102
2242 35 8 101
2243 34 4 100
2244 33 2 99
2245 32 1 98
2246 31 129 97
2247 30 193 96
2248 29 225 95
2249 28 241 94
2250 27 249 93
2251 26 253 92
2252 25 255 91
2253 24 256 90
2254 23 128 89
2255 22 64 88
2256 21 32 87
2257 20 16 86
2258 19 8 85
2259 18 4 84
2260 17 2 83
2261 16 1 82
2262 15 129 81
2263 14 193 80
2264 13 225 79
2265 12 241 78
2266 11 249 77
2267 10 253 76
2268 9 255 75
2269 8 256 74
2270 7 128 73
2271 6 64 72
2272 5 32 71
2273 4 16 70
2274 67 4 134
2275 66 2 133
2276 65 1 132
2277 64 129 131
2278 63 193 130
2279 62 225 129
2280 61 241 128
2281 60 249 127
2282 59 253 126
2283 58 255 125
2284 57 256 124
2285 56 128 123
2286 55 64 122
2287 54 32 121
2288 53 16 120
2289 52 8 119
2290 51 4 118
2291 50 2 117
2292 49 1 116
2293 48 129 115
2294 47 193 114
2295 46 225 113
2296 45 241 112
2297 44 249 111
2298 43 253 110
2299 42 255 109
2300 41 256 108
2301 40 128 107
2302 39 64 106
2303 38 32 105
2304 37 16 104
2305 36 8 103
2306 35 4 102
2307 34 2 101
2308 33 1 100
2309 32 129 99
2310 31 193 98
2311 30 225 97
2312 29 241 96
2313 28 249 95
2314 27 253 94
2315 26 255 93
2316 25 256 92
2317 24 128 91
2318 23 64 90
2319 22 32 89
2320 21 16 88
2321 20 8 87
2322 19 4 86
2323 18 2 85
2324 17 1 84
2325 16 129 83
2326 15 193 82
2327 14 225 81
2328 13 241 80
2329 12 249 79
2330 11 253 78
2331 10 255 77
2332 9 256 76
2333 8 128 75
2334 7 64 74
2335 6 32 73
2336 68 4 136
2337 67 2 135
2338 66 1 134
2339 65 129 133
2340 64 193 132
2341 63 225 131
2342 62 241 130
2343 61 249 129
2344 60 253 128
2345 59 255 127
2346 58 256 126
2347 57 128 125
2348 56 64 124
2349 55 32 123
2350 54 16 122
2351 53 8 121
2352 52 4 120
2353 51 2 119
2354 50 1 118
2355 49 129 117
2356 48 193 116
2357 47 225 115
2358 46 241 114
2359 45 249 113
2360 44 253 112
2361 43 255 111
2362 42 256 110
2363 41 128 109
2364 40 64 108
2365 39 32 107
2366 38 16 106
2367 37 8 105
2368 36 4 104
2369 35 2 103
2370 34 1 102
2371 33 129 101
2372 32 193 100
2373 31 225 99
2374 30 241 98
2375 29 249 97
2376 28 253 96
2377 27 255 95
2378 26 256 94
2379 25 128 93
2380 24 64 92
2381 23 32 91
2382 22 16 90
2383 21 8 89
2384 20 4 88
2385 19 2 87
2386 18 1 86
2387 17 129 85
2388 16 193 84
2389 15 225 83
2390 14 241 82
2391 13 249 81
2392 12 253 80
2393 11 255 79
2394 10 256 78
2395 9 128 77
2396 8 64 76
2397 69 4 138
2398 68 2 137
2399 67 1 136
2400 66 129 135
2401 65 193 134
2402 64 225 133
2403 63 241 132
2404 62 249 131
2405 61 253 130
2406 60 255 129
2407 59 256 128
2408 58 128 127
2409 57 64 126
2410 56 32 125
2411 55 16 124
2412 54 8 123
2413 53 4 122
2414 52 2 121
2415 51 1 120
2416 50 129 119
2417 49 193 118
2418 48 225 117
2419 47 241 116
2420 46 249 115
2421 45 253 114
2422 44 255 113
2423 43 256 112
2424 42 128 111
2425 41 64 110
2426 40 32 109
2427 39 16 108
2428 38 8 107
2429 37 4 106
2430 36 2 105
2431 35 1 104
2432 34 129 103
2433 33 193 102
2434 32 225 101
2435 31 241 100
2436 30 249 99
2437 29 253 98
2438 28 255 97
2439 27 256 96
2440 26 128 95
2441 25 64 94
2442 24 32 93
2443 23 16 92
2444 22 8 91
2445 21 4 90
2446 20 2 89
2447 19 1 88
2448 18 129 87
2449 17 193 86
2450 16 225 85
2451 15 241 84
2452 14 249 83
2453 13 253 82
2454 12 255 81
2455 11 256 80
2456 10 128 79
2457 70 4 140
2458 69 2 139
2459 68 1 138
2460 67 129 137
2461 66 193 136
2462 65 225 135
2463 64 241 134
2464 63 249 133
2465 62 253 132
2466 61 255 131
2467 60 256 130
2468 59 128 129
2469 58 64 128
2470 57 32 127
2471 56 16 126
2472 55 8 125
2473 54 4 124
2474 53 2 123
2475 52 1 122
2476 51 129 121
2477 50 193 120
2478 49 225 119
2479 48 241 118
2480 47 249 117
2481 46 253 116
2482 45 255 115
2483 44 256 114
2484 43 128 113
2485 42 64 112
2486 41 32 111
2487 40 16 110
2488 39 8 109
2489 38 4 108
2490 37 2 107
2491 36 1 106
2492 35 129 105
2493 34 193 104
2494 33 225 103
2495 32 241 102
2496 31 249 101
2497 30 253 100
2498 29 255 99
2499 28 256 98
2500 27 128 97
2501 26 64 96
2502 25 32 95
2503 24 16 94
2504 23 8 93
2505 22 4 92
2506 21 2 91
2507 20 1 90
2508 19 129 89
2509 18 193 88
2510 17 225 87
2511 16 241 86
2512 15 249 85
2513 14 253 84
2514 13 255 83
2515 12 256 82
2516 71 4 142
2517 70 2 141
2518 69 1 140
2519 68 129 139
2520 67 193 138
2521 66 225 137
2522 65 241 136
2523 64 249 135
2524 63 253 134
2525 62 255 133
2526 61 256 132
2527 60 128 131
2528 59 64 130
2529 58 32 129
2530 57 16 128
2531 56 8 127
2532 55 4 126
2533 54 2 125
2534 53 1 124
2535 52 129 123
2536 51 193 122
2537 50 225 121
2538 49 241 120
2539 48 249 119
2540 47 253 118
2541 46 255 117
2542 45 256 116
2543 44 128 115
2544 43 64 114
2545 42 32 113
2546 41 16 112
2547 40 8 111
2548 39 4 110
2549 38 2 109
2550 37 1 108
2551 36 129 107
2552 35 193 106
2553 34 225 105
2554 33 241 104
2555 32 249 103
2556 31 253 102
2557 30 255 101
2558 29 256 100
2559 28 128 99
2560 27 64 98
2561 26 32 97
2562 25 16 96
2563 24 8 95
2564 23 4 94
2565 22 2 93
2566 21 1 92
2567 20 129 91
2568 19 193 90
2569 18 225 89
2570 17 241 88
2571 16 249 87
2572 15 253 86
2573 14 255 85
2574 72 4 144
2575 71 2 143
2576 70 1 142
2577 69 129 141
2578 68 193 140
2579 67 225 139
2580 66 241 138
2581 65 249 137
2582 64 253 136
2583 63 255 135
2584 62 256 134
2585 61 128 133
2586 60 64 132
2587 59 32 131
2588 58 16 130
2589 57 8 129
2590 56 4 128
2591 55 2 127
2592 54 1 126
2593 53 129 125
2594 52 193 124
2595 51 225 123
2596 50 241 122
2597 49 249 121
2598 48 253 120
2599 47 255 119
2600 46 256 118
2601 45 128 117
2602 44 64 116
2603 43 32 115
2604 42 16 114
2605 41 8 113
2606 40 4 112
2607 39 2 111
2608 38 1 110
2609 37 129 109
2610 36 193 108
2611 35 225 107
2612 34 241 106
2613 33 249 105
2614 32 253 104
2615 31 255 103
2616 30 256 102
2617 29 128 101
2618 28 64 100
2619 27 32 99
2620 26 16 98
2621 25 8 97
2622 24 4 96
2623 23 2 95
2624 22 1 94
2625 21 129 93
2626 20 193 92
2627 19 225 91
2628 18 241 90
2629 17 249 89
2630 16 253 88
2631 73 4 146
2632 72 2 145
2633 71 1 144
2634 70 129 143
2635 69 193 142
2636 68 225 141
2637 67 241 140
2638 66 249 139
2639 65 253 138
2640 64 255 137
2641 63 256 136
2642 62 128 135
2643 61 64 134
2644 60 32 133
2645 59 16 132
2646 58 8 131
2647 57 4 130
2648 56 2 129
2649 55 1 128
2650 54 129 127
2651 53 193 126
2652 52 225 125
2653 51 241 124
2654 50 249 123
2655 49 253 122
2656 48 255 121
2657 47 256 120
2658 46 128 119
2659 45 64 118
2660 44 32 117
2661 43 16 116
2662 42 8 115
2663 41 4 114
2664 40 2 113
2665 39 1 112
2666 38 129 111
2667 37 193 110
2668 36 225 109
2669 35 241 108
2670 34 249 107
2671 33 253 106
2672 32 255 105
2673 31 256 104
2674 30 128 103
2675 29 64 102
2676 28 32 101
2677 27 16 100
2678 26 8 99
2679 25 4 98
2680 24 2 97
2681 23 1 96
2682 22 129 95
2683 21 193 94
2684 20 225 93
2685 19 241 92
2686 18 249 91
2687 74 4 148
2688 73 2 147
2689 72 1 146
2690 71 129 145
2691 70 193 144
2692 69 225 143
2693 68 241 142
2694 67 249 141
2695 66 253 140
2696 65 255 139
2697 64 256 138
2698 63 128 137
2699 62 64 136
2700 61 32 135
2701 60 16 134
2702 59 8 133
2703 58 4 132
2704 57 2 131
2705 56 1 130
2706 55 129 129
2707 54 193 128
2708 53 225 127
2709 52 241 126
2710 51 249 125
2711 50 253 124
2712 49 255 123
2713 48 256 122
2714 47 128 121
2715 46 64 120
2716 45 32 119
2717 44 16 118
2718 43 8 117
2719 42 4 116
2720 41 2 115
2721 40 1 114
2722 39 129 113
2723 38 193 112
2724 37 225 111
2725 36 241 110
2726 35 249 109
2727 34 253 108
2728 33 255 107
2729 32 256 106
2730 31 128 105
2731 30 64 104
2732 29 32 103
2733 28 16 102
2734 27 8 101
2735 26 4 100
2736 25 2 99
2737 24 1 98
2738 23 129 97
2739 22 193 96
2740 21 225 95
2741 20 241 94
2742 75 4 150
2743 74 2 149
2744 73 1 148
2745 72 129 147
2746 71 193 146
2747 70 225 145
2748 69 241 144
2749 68 249 143
2750 67 253 142
2751 66 255 141
2752 65 256 140
2753 64 128 139
2754 63 64 138
2755 62 32 137
2756 61 16 136
2757 60 8 135
2758 59 4 134
2759 58 2 133
2760 57 1 132
2761 56 129 131
2762 55 193 130
2763 54 225 129
2764 53 241 128
2765 52 249 127
2766 51 253 126
2767 50 255 125
2768 49 256 124
2769 48 128 123
2770 47 64 122
2771 46 32 121
2772 45 16 120
2773 44 8 119
2774 43 4 118
2775 42 2 117
2776 41 1 116
2777 40 129 115
2778 39 193 114
2779 38 225 113
2780 37 241 112
2781 36 249 111
2782 35 253 110
2783 34 255 109
2784 33 256 108
2785 32 128 107
2786 31 64 106
2787 30 32 105
2788 29 16 104
2789 28 8 103
2790 27 4 102
2791 26 2 101
2792 25 1 100
2793 24 129 99
2794 23 193 98
2795 22 225 97
2796 76 4 152
2797 75 2 151
2798 74 1 150
2799 73 129 149
2800 72 193 148
2801 71 225 147
2802 70 241 146
2803 69 249 145
2804 68 253 144
2805 67 255 143
2806 66 256 142
2807 65 128 141
2808 64 64 140
2809 63 32 139
2810 62 16 138
2811 61 8 137
2812 60 4 136
2813 59 2 135
2814 58 1 134
2815 57 129 133
2816 56 193 132
2817 55 225 131
2818 54 241 130
2819 53 249 129
2820 52 253 128
2821 51 255 127
2822 50 256 126
2823 49 128 125
2824 48 64 124
2825 47 32 123
2826 46 16 122
2827 45 8 121
2828 44 4 120
2829 43 2 119
2830 42 1 118
2831 41 129 117
2832 40 193 116
2833 39 225 115
2834 38 241 114
2835 37 249 113
2836 36 253 112
2837 35 255 111
2838 34 256 110
2839 33 128 109
2840 32 64 108
2841 31 32 107
2842 30 16 106
2843 29 8 105
2844 28 4 104
2845 27 2 103
2846 26 1 102
2847 25 129 101
2848 24 193 100
2849 77 4 154
2850 76 2 153
2851 75 1 152
2852 74 129 151
2853 73 193 150
2854 72 225 149
2855 71 241 148
2856 70 249 147
2857 69 253 146
2858 68 255 145
2859 67 256 144
2860 66 128 143
2861 65 64 142
2862 64 32 141
2863 63 16 140
2864 62 8 139
2865 61 4 138
2866 60 2 137
2867 59 1 136
2868 58 129 135
2869 57 193 134
2870 56 225 133
2871 55 241 132
2872 54 249 131
2873 53 253 130
2874 52 255 129
2875 51 256 128
2876 50 128 127
2877 49 64 126
2878 48 32 125
2879 47 16 124
2880 46 8 123
2881 45 4 122
2882 44 2 121
2883 43 1 120
2884 42 129 119
2885 41 193 118
2886 40 225 117
2887 39 241 116
2888 38 249 115
2889 37 253 114
2890 36 255 113
2891 35 256 112
2892 34 128 111
2893 33 64 110
2894 32 32 109
2895 31 16 108
2896 30 8 107
2897 29 4 106
2898 28 2 105
2899 27 1 104
2900 26 129 103
2901 78 4 156
2902 77 2 155
2903 76 1 154
2904 75 129 153
2905 74 193 152
2906 73 225 151
2907 72 241 150
2908 71 249 149
2909 70 253 148
2910 69 255 147
2911 68 256 146
2912 67 128 145
2913 66 64 144
2914 65 32 143
2915 64 16 142
2916 63 8 141
2917 62 4 140
2918 61 2 139
2919 60 1 138
2920 59 129 137
2921 58 193 136
2922 57 225 135
2923 56 241 134
2924 55 249 133
2925 54 253 132
2926 53 255 131
2927 52 256 130
2928 51 128 129
2929 50 64 128
2930 49 32 127
2931 48 16 126
2932 47 8 125
2933 46 4 124
2934 45 2 123
2935 44 1 122
2936 43 129 121
2937 42 193 120
2938 41 225 119
2939 40 241 118
2940 39 249 117
2941 38 253 116
2942 37 255 115
2943 36 256 114
2944 35 128 113
2945 34 64 112
2946 33 32 111
2947 32 16 110
2948 31 8 109
2949 30 4 108
2950 29 2 107
2951 28 1 106
2952 79 4 158
2953 78 2 157
2954 77 1 156
2955 76 129 155
2956 75 193 154
2957 74 225 153
2958 73 241 152
2959 72 249 151
2960 71 253 150
2961 70 255 149
2962 69 256 148
2963 68 128 147
2964 67 64 146
2965 66 32 145
2966 65 16 144
2967 64 8 143
2968 63 4 142
2969 62 2 141
2970 61 1 140
2971 60 129 139
2972 59 193 138
2973 58 225 137
2974 57 241 136
2975 56 249 135
2976 55 253 134
2977 54 255 133
2978 53 256 132
2979 52 128 131
2980 51 64 130
2981 50 32 129
2982 49 16 128
2983 48 8 127
2984 47 4 126
2985 46 2 125
2986 45 1 124
2987 44 129 123
2988 43 193 122
2989 42 225 121
2990 41 241 120
2991 40 249 119
2992 39 253 118
2993 38 255 117
2994 37 256 116
2995 36 128 115
2996 35 64 114
2997 34 32 113
2998 33 16 112
2999 32 8 111
3000 31 4 110
3001 30 2 109
3002 80 4 160
3003 79 2 159
3004 78 1 158
3005 77 129 157
3006 76 193 156
3007 75 225 155
3008 74 241 154
3009 73 249 153
3010 72 253 152
3011 71 255 151
3012 70 256 150
3013 69 128 149
3014 68 64 148
3015 67 32 147
3016 66 16 146
3017 65 8 145
3018 64 4 144
3019 63 2 143
3020 62 1 142
3021 61 129 141
3022 60 193 140
3023 59 225 139
3024 58 241 138
3025 57 249 137
3026 56 253 136
3027 55 255 135
3028 54 256 134
3029 53 128 133
3030 52 64 132
3031 51 32 131
3032 50 16 130
3033 49 8 129
3034 48 4 128
3035 47 2 127
3036 46 1 126
3037 45 129 125
3038 44 193 124
3039 43 225 123
3040 42 241 122
3041 41 249 121
3042 40 253 120
3043 39 255 119
3044 38 256 118
3045 37 128 117
3046 36 64 116
3047 35 32 115
3048 34 16 114
3049 33 8 113
3050 32 4 112
3051 81 4 162
3052 80 2 161
3053 79 1 160
3054 78 129 159
3055 77 193 158
3056 76 225 157
3057 75 241 156
3058 74 249 155
3059 73 253 154
3060 72 255 153
3061 71 256 152
3062 70 128 151
3063 69 64 150
3064 68 32 149
3065 67 16 148
3066 66 8 147
3067 65 4 146
3068 64 2 145
3069 63 1 144
3070 62 129 143
3071 61 193 142
3072 60 225 141
3073 59 241 140
3074 58 249 139
3075 57 253 138
3076 56 255 137
3077 55 256 136
3078 54 128 135
3079 53 64 134
3080 52 32 133
3081 51 16 132
3082 50 8 131
3083 49 4 130
3084 48 2 129
3085 47 1 128
3086 46 129 127
3087 45 193 126
3088 44 225 125
3089 43 241 124
3090 42 249 123
3091 41 253 122
3092 40 255 121
3093 39 256 120
3094 38 128 119
3095 37 64 118
3096 36 32 117
3097 35 16 116
3098 34 8 115
3099 82 4 164
3100 81 2 163
3101 80 1 162
3102 79 129 161
3103 78 193 160
3104 77 225 159
3105 76 241 158
3106 75 249 157
3107 74 253 156
3108 73 255 155
3109 72 256 154
3110 71 128 153
3111 70 64 152
3112 69 32 151
3113 68 16 150
3114 67 8 149
3115 66 4 148
3116 65 2 147
3117 64 1 146
3118 63 129 145
3119 62 193 144
3120 61 225 143
3121 60 241 142
3122 59 249 141
3123 58 253 140
3124 57 255 139
3125 56 256 138
3126 55 128 137
3127 54 64 136
3128 53 32 135
3129 52 16 134
3130 51 8 133
3131 50 4 132
3132 49 2 131
3133 48 1 130
3134 47 129 129
3135 46 193 128
3136 45 225 127
3137 44 241 126
3138 43 249 125
3139 42 253 124
3140 41 255 123
3141 40 256 122
3142 39 128 121
3143 38 64 120
3144 37 32 119
3145 36 16 118
3146 83 4 166
3147 82 2 165
3148 81 1 164
3149 80 129 163
3150 79 193 162
3151 78 225 161
3152 77 241 160
3153 76 249 159
3154 75 253 158
3155 74 255 157
3156 73 256 156
3157 72 128 155
3158 71 64 154
3159 70 32 153
3160 69 16 152
3161 68 8 151
3162 67 4 150
3163 66 2 149
3164 65 1 148
3165 64 129 147
3166 63 193 146
3167 62 225 145
3168 61 241 144
3169 60 249 143
3170 59 253 142
3171 58 255 141
3172 57 256 140
3173 56 128 139
3174 55 64 138
3175 54 32 137
3176 53 16 136
3177 52 8 135
3178 51 4 134
3179 50 2 133
3180 49 1 132
3181 48 129 131
3182 47 193 130
3183 46 225 129
3184 45 241 128
3185 44 249 127
3186 43 253 126
3187 42 255 125
3188 41 256 124
3189 40 128 123
3190 39 64 122
3191 38 32 121
3192 84 4 168
3193 83 2 167
3194 82 1 166
3195 81 129 165
3196 80 193 164
3197 79 225 163
3198 78 241 162
3199 77 249 161
3200 76 253 160
3201 75 255 159
3202 74 256 158
3203 73 128 157
3204 72 64 156
3205 71 32 155
3206 70 16 154
3207 69 8 153
3208 68 4 152
3209 67 2 151
3210 66 1 150
3211 65 129 149
3212 64 193 148
3213 63 225 147
3214 62 241 146
3215 61 249 145
3216 60 253 144
3217 59 255 143
3218 58 256 142
3219 57 128 141
3220 56 64 140
3221 55 32 139
3222 54 16 138
3223 53 8 137
3224 52 4 136
3225 51 2 135
3226 50 1 134
3227 49 129 133
3228 48 193 132
3229 47 225 131
3230 46 241 130
3231 45 249 129
3232 44 253 128
3233 43 255 127
3234 42 256 126
3235 41 128 125
3236 40 64 124
3237 85 4 170
3238 84 2 169
3239 83 1 168
3240 82 129 167
3241 81 193 166
3242 80 225 165
3243 79 241 164
3244 78 249 163
3245 77 253 162
3246 76 255 161
3247 75 256 160
3248 74 128 159
3249 73 64 158
3250 72 32 157
3251 71 16 156
3252 70 8 155
3253 69 4 154
3254 68 2 153
3255 67 1 152
3256 66 129 151
3257 65 193 150
3258 64 225 149
3259 63 241 148
3260 62 249 147
3261 61 253 146
3262 60 255 145
3263 59 256 144
3264 58 128 143
3265 57 64 142
3266 56 32 141
3267 55 16 140
3268 54 8 139
3269 53 4 138
3270 52 2 137
3271 51 1 136
3272 50 129 135
3273 49 193 134
3274 48 225 133
3275 47 241 132
3276 46 249 131
3277 45 253 130
3278 44 255 129
3279 43 256 128
3280 42 128 127
3281 86 4 172
3282 85 2 171
3283 84 1 170
3284 83 129 169
3285 82 193 168
3286 81 225 167
3287 80 241 166
3288 79 249 165
3289 78 253 164
3290 77 255 163
3291 76 256 162
3292 75 128 161
3293 74 64 160
3294 73 32 159
3295 72 16 158
3296 71 8 157
3297 70 4 156
3298 69 2 155
3299 68 1 154
3300 67 129 153
3301 66 193 152
3302 65 225 151
3303 64 241 150
3304 63 249 149
3305 62 253 148
3306 61 255 147
3307 60 256 146
3308 59 128 145
3309 58 64 144
3310 57 32 143
3311 56 16 142
3312 55 8 141
3313 54 4 140
3314 53 2 139
3315 52 1 138
3316 51 129 137
3317 50 193 136
3318 49 225 135
3319 48 241 134
3320 47 249 133
3321 46 253 132
3322 45 255 131
3323 44 256 130
3324 87 4 174
3325 86 2 173
3326 85 1 172
3327 84 129 171
3328 83 193 170
3329 82 225 169
3330 81 241 168
3331 80 249 167
3332 79 253 166
3333 78 255 165
3334 77 256 164
3335 76 128 163
3336 75 64 162
3337 74 32 161
3338 73 16 160
3339 72 8 159
3340 71 4 158
3341 70 2 157
3342 69 1 156
3343 68 129 155
3344 67 193 154
3345 66 225 153
3346 65 241 152
3347 64 249 151
3348 63 253 150
3349 62 255 149
3350 61 256 148
3351 60 128 147
3352 59 64 146
3353 58 32 145
3354 57 16 144
3355 56 8 143
3356 55 4 142
3357 54 2 141
3358 53 1 140
3359 52 129 139
3360 51 193 138
3361 50 225 137
3362 49 241 136
3363 48 249 135
3364 47 253 134
3365 46 255 133
3366 88 4 176
3367 87 2 175
3368 86 1 174
3369 85 129 173
3370 84 193 172
3371 83 225 171
3372 82 241 170
3373 81 249 169
3374 80 253 168
3375 79 255 167
3376 78 256 166
3377 77 128 165
3378 76 64 164
3379 75 32 163
3380 74 16 162
3381 73 8 161
3382 72 4 160
3383 71 2 159
3384 70 1 158
3385 69 129 157
3386 68 193 156
3387 67 225 155
3388 66 241 154
3389 65 249 153
3390 64 253 152
3391 63 255 151
3392 62 256 150
3393 61 128 149
3394 60 64 148
3395 59 32 147
3396 58 16 146
3397 57 8 145
3398 56 4 144
3399 55 2 143
3400 54 1 142
3401 53 129 141
3402 52 193 140
3403 51 225 139
3404 50 241 138
3405 49 249 137
3406 48 253 136
3407 89 4 178
3408 88 2 177
3409 87 1 176
3410 86 129 175
3411 85 193 174
3412 84 225 173
3413 83 241 172
3414 82 249 171
3415 81 253 170
3416 80 255 169
3417 79 256 168
3418 78 128 167
3419 77 64 166
3420 76 32 165
3421 75 16 164
3422 74 8 163
3423 73 4 162
3424 72 2 161
3425 71 1 160
3426 70 129 159
3427 69 193 158
3428 68 225 157
3429 67 241 156
3430 66 249 155
3431 65 253 154
3432 64 255 153
3433 63 256 152
3434 62 128 151
3435 61 64 150
3436 60 32 149
3437 59 16 148
3438 58 8 147
3439 57 4 146
3440 56 2 145
3441 55 1 144
3442 54 129 143
3443 53 193 142
3444 52 225 141
3445 51 241 140
3446 50 249 139
3447 90 4 180
3448 89 2 179
3449 88 1 178
3450 87 129 177
3451 86 193 176
3452 85 225 175
3453 84 241 174
3454 83 249 173
3455 82 253 172
3456 81 255 171
3457 80 256 170
3458 79 128 169
3459 78 64 168
3460 77 32 167
3461 76 16 166
3462 75 8 165
3463 74 4 164
3464 73 2 163
3465 72 1 162
3466 71 129 161
3467 70 193 160
3468 69 225 159
3469 68 241 158
3470 67 249 157
3471 66 253 156
3472 65 255 155
3473 64 256 154
3474 63 128 153
3475 62 64 152
3476 61 32 151
3477 60 16 150
3478 59 8 149
3479 58 4 148
3480 57 2 147
3481 56 1 146
3482 55 129 145
3483 54 193 144
3484 53 225 143
3485 52 241 142
3486 91 4 182
3487 90 2 181
3488 89 1 180
3489 88 129 179
3490 87 193 178
3491 86 225 177
3492 85 241 176
3493 84 249 175
3494 83 253 174
3495 82 255 173
3496 81 256 172
3497 80 128 171
3498 79 64 170
3499 78 32 169
3500 77 16 168
3501 76 8 167
3502 75 4 166
3503 74 2 165
3504 73 1 164
3505 72 129 163
3506 71 193 162
3507 70 225 161
3508 69 241 160
3509 68 249 159
3510 67 253 158
3511 66 255 157
3512 65 256 156
3513 64 128 155
3514 63 64 154
3515 62 32 153
3516 61 16 152
3517 60 8 151
3518 59 4 150
3519 58 2 149
3520 57 1 148
3521 56 129 147
3522 55 193 146
3523 54 225 145
3524 92 4 184
3525 91 2 183
3526 90 1 182
3527 89 129 181
3528 88 193 180
3529 87 225 179
3530 86 241 178
3531 85 249 177
3532 84 253 176
3533 83 255 175
3534 82 256 174
3535 81 128 173
3536 80 64 172
3537 79 32 171
3538 78 16 170
3539 77 8 169
3540 76 4 168
3541 75 2 167
3542 74 1 166
3543 73 129 165
3544 72 193 164
3545 71 225 163
3546 70 241 162
3547 69 249 161
3548 68 253 160
3549 67 255 159
3550 66 256 158
3551 65 128 157
3552 64 64 156
3553 63 32 155
3554 62 16 154
3555 61 8 153
3556 60 4 152
3557 59 2 151
3558 58 1 150
3559 57 129 149
3560 56 193 148
3561 93 4 186
3562 92 2 185
3563 91 1 184
3564 90 129 183
3565 89 193 182
3566 88 225 181
3567 87 241 180
3568 86 249 179
3569 85 253 178
3570 84 255 177
3571 83 256 176
3572 82 128 175
3573 81 64 174
3574 80 32 173
3575 79 16 172
3576 78 8 171
3577 77 4 170
3578 76 2 169
3579 75 1 168
3580 74 129 167
3581 73 193 166
3582 72 225 165
3583 71 241 164
3584 70 249 163
3585 69 253 162
3586 68 255 161
3587 67 256 160
3588 66 128 159
3589 65 64 158
3590 64 32 157
3591 63 16 156
3592 62 8 155
3593 61 4 154
3594 60 2 153
3595 59 1 152
3596 58 129 151
3597 94 4 188
3598 93 2 187
3599 92 1 186
3600 91 129 185
3601 90 193 184
3602 89 225 183
3603 88 241 182
3604 87 249 181
3605 86 253 180
3606 85 255 179
3607 84 256 178
3608 83 128 177
3609 82 64 176
3610 81 32 175
3611 80 16 174
3612 79 8 173
3613 78 4 172
3614 77 2 171
3615 76 1 170
3616 75 129 169
3617 74 193 168
3618 73 225 167
3619 72 241 166
3620 71 249 165
3621 70 253 164
3622 69 255 163
3623 68 256 162
3624 67 128 161
3625 66 64 160
3626 65 32 159
3627 64 16 158
3628 63 8 157
3629 62 4 156
3630 61 2 155
3631 60 1 154
3632 95 4 190
3633 94 2 189
3634 93 1 188
3635 92 129 187
3636 91 193 186
3637 90 225 185
3638 89 241 184
3639 88 249 183
3640 87 253 182
3641 86 255 181
3642 85 256 180
3643 84 128 179
3644 83 64 178
3645 82 32 177
3646 81 16 176
3647 80 8 175
3648 79 4 174
3649 78 2 173
3650 77 1 172
3651 76 129 171
3652 75 193 170
3653 74 225 169
3654 73 241 168
3655 72 249 167
3656 71 253 166
3657 70 255 165
3658 69 256 164
3659 68 128 163
3660 67 64 162
3661 66 32 161
3662 65 16 160
3663 64 8 159
3664 63 4 158
3665 62 2 157
3666 96 4 192
3667 95 2 191
3668 94 1 190
3669 93 129 189
3670 92 193 188
3671 91 225 187
3672 90 241 186
3673 89 249 185
3674 88 253 184
3675 87 255 183
3676 86 256 182
3677 85 128 181
3678 84 64 180
3679 83 32 179
3680 82 16 178
3681 81 8 177
3682 80 4 176
3683 79 2 175
3684 78 1 174
3685 77 129 173
3686 76 193 172
3687 75 225 171
3688 74 241 170
3689 73 249 169
3690 72 253 168
3691 71 255 167
3692 70 256 166
3693 69 128 165
3694 68 64 164
3695 67 32 163
3696 66 16 162
3697 65 8 161
3698 64 4 160
3699 97 4 194
3700 96 2 193
3701 95 1 192
3702 94 129 191
3703 93 193 190
3704 92 225 189
3705 91 241 188
3706 90 249 187
3707 89 253 186
3708 88 255 185
3709 87 256 184
3710 86 128 183
3711 85 64 182
3712 84 32 181
3713 83 16 180
3714 82 8 179
3715 81 4 178
3716 80 2 177
3717 79 1 176
3718 78 129 175
3719 77 193 174
3720 76 225 173
3721 75 241 172
3722 74 249 171
3723 73 253 170
3724 72 255 169
3725 71 256 168
3726 70 128 167
3727 69 64 166
3728 68 32 165
3729 67 16 164
3730 66 8 163
3731 98 4 196
3732 97 2 195
3733 96 1 194
3734 95 129 193
3735 94 193 192
3736 93 225 191
3737 92 241 190
3738 91 249 189
3739 90 253 188
3740 89 255 187
3741 88 256 186
3742 87 128 185
3743 86 64 184
3744 85 32 183
3745 84 16 182
3746 83 8 181
3747 82 4 180
3748 81 2 179
3749 80 1 178
3750 79 129 177
3751 78 193 176
3752 77 225 175
3753 76 241 174
3754 75 249 173
3755 74 253 172
3756 73 255 171
3757 72 256 170
3758 71 128 169
3759 70 64 168
3760 69 32 167
3761 68 16 166
3762 99 4 198
3763 98 2 197
3764 97 1 196
3765 96 129 195
3766 95 193 194
3767 94 225 193
3768 93 241 192
3769 92 249 191
3770 91 253 190
3771 90 255 189
3772 89 256 188
3773 88 128 187
3774 87 64 186
3775 86 32 185
3776 85 16 184
3777 84 8 183
3778 83 4 182
3779 82 2 181
3780 81 1 180
3781 80 129 179
3782 79 193 178
3783 78 225 177
3784 77 241 176
3785 76 249 175
3786 75 253 174
3787 74 255 173
3788 73 256 172
3789 72 128 171
3790 71 64 170
3791 70 32 169
3792 100 4 200
3793 99 2 199
3794 98 1 198
3795 97 129 197
3796 96 193 196
3797 95 225 195
3798 94 241 194
3799 93 249 193
3800 92 253 192
3801 91 255 191
3802 90 256 190
3803 89 128 189
3804 88 64 188
3805 87 32 187
3806 86 16 186
3807 85 8 185
3808 84 4 184
3809 83 2 183
3810 82 1 182
3811 81 129 181
3812 80 193 180
3813 79 225 179
3814 78 241 178
3815 77 249 177
3816 76 253 176
3817 75 255 175
3818 74 256 174
3819 73 128 173
3820 72 64 172
3821 101 4 202
3822 100 2 201
3823 99 1 200
3824 98 129 199
3825 97 193 198
3826 96 225 197
3827 95 241 196
3828 94 249 195
3829 93 253 194
3830 92 255 193
3831 91 256 192
3832 90 128 191
3833 89 64 190
3834 88 32 189
3835 87 16 188
3836 86 8 187
3837 85 4 186
3838 84 2 185
3839 83 1 184
3840 82 129 183
3841 81 193 182
3842 80 225 181
3843 79 241 180
3844 78 249 179
3845 77 253 178
3846 76 255 177
3847 75 256 176
3848 74 128 175
3849 102 4 204
3850 101 2 203
3851 100 1 202
3852 99 129 201
3853 98 193 200
3854 97 225 199
3855 96 241 198
3856 95 249 197
3857 94 253 196
3858 93 255 195
3859 92 256 194
3860 91 128 193
3861 90 64 192
3862 89 32 191
3863 88 16 190
3864 87 8 189
3865 86 4 188
3866 85 2 187
3867 84 1 186
3868 83 129 185
3869 82 193 184
3870 81 225 183
3871 80 241 182
3872 79 249 181
3873 78 253 180
3874 77 255 179
3875 76 256 178
3876 103 4 206
3877 102 2 205
3878 101 1 204
3879 100 129 203
3880 99 193 202
3881 98 225 201
3882 97 241 200
3883 96 249 199
3884 95 253 198
3885 94 255 197
3886 93 256 196
3887 92 128 195
3888 91 64 194
3889 90 32 193
3890 89 16 192
3891 88 8 191
3892 87 4 190
3893 86 2 189
3894 85 1 188
3895 84 129 187
3896 83 193 186
3897 82 225 185
3898 81 241 184
3899 80 249 183
3900 79 253 182
3901 78 255 181
3902 104 4 208
3903 103 2 207
3904 102 1 206
3905 101 129 205
3906 100 193 204
3907 99 225 203
3908 98 241 202
3909 97 249 201
3910 96 253 200
3911 95 255 199
3912 94 256 198
3913 93 128 197
3914 92 64 196
3915 91 32 195
3916 90 16 194
3917 89 8 193
3918 88 4 192
3919 87 2 191
3920 86 1 190
3921 85 129 189
3922 84 193 188
3923 83 225 187
3924 82 241 186
3925 81 249 185
3926 80 253 184
3927 105 4 210
3928 104 2 209
3929 103 1 208
3930 102 129 207
3931 101 193 206
3932 100 225 205
3933 99 241 204
3934 98 249 203
3935 97 253 202
3936 96 255 201
3937 95 256 200
3938 94 128 199
3939 93 64 198
3940 92 32 197
3941 91 16 196
3942 90 8 195
3943 89 4 194
3944 88 2 193
3945 87 1 192
3946 86 129 191
3947 85 193 190
3948 84 225 189
3949 83 241 188
3950 82 249 187
3951 106 4 212
3952 105 2 211
3953 104 1 210
3954 103 129 209
3955 102 193 208
3956 101 225 207
3957 100 241 206
3958 99 249 205
3959 98 253 204
3960 97 255 203
3961 96 256 202
3962 95 128 201
3963 94 64 200
3964 93 32 199
3965 92 16 198
3966 91 8 197
3967 90 4 196
3968 89 2 195
3969 88 1 194
3970 87 129 193
3971 86 193 192
3972 85 225 191
3973 84 241 190
3974 107 4 214
3975 106 2 213
3976 105 1 212
3977 104 129 211
3978 103 193 210
3979 102 225 209
3980 101 241 208
3981 100 249 207
3982 99 253 206
3983 98 255 205
3984 97 256 204
3985 96 128 203
3986 95 64 202
3987 94 32 201
3988 93 16 200
3989 92 8 199
3990 91 4 198
3991 90 2 197
3992 89 1 196
3993 88 129 195
3994 87 193 194
3995 86 225 193
3996 108 4 216
3997 107 2 215
3998 106 1 214
3999 105 129 213
4000 104 193 212
4001 103 225 211
4002 102 241 210
4003 101 249 209
4004 100 253 208
4005 99 255 207
4006 98 256 206
4007 97 128 205
4008 96 64 204
4009 95 32 203
4010 94 16 202
4011 93 8 201
4012 92 4 200
4013 91 2 199
4014 90 1 198
4015 89 129 197
4016 88 193 196
4017 109 4 218
4018 108 2 217
4019 107 1 216
4020 106 129 215
4021 105 193 214
4022 104 225 213
4023 103 241 212
4024 102 249 211
4025 101 253 210
4026 100 255 209
4027 99 256 208
4028 98 128 207
4029 97 64 206
4030 96 32 205
4031 95 16 204
4032 94 8 203
4033 93 4 202
4034 92 2 201
4035 91 1 200
4036 90 129 199
4037 110 4 220
4038 109 2 219
4039 108 1 218
4040 107 129 217
4041 106 193 216
4042 105 225 215
4043 104 241 214
4044 103 249 213
4045 102 253 212
4046 101 255 211
4047 100 256 210
4048 99 128 209
4049 98 64 208
4050 97 32 207
4051 96 16 206
4052 95 8 205
4053 94 4 204
4054 93 2 203
4055 92 1 202
4056 111 4 222
4057 110 2 221
4058 109 1 220
4059 108 129 219
4060 107 193 218
4061 106 225 217
4062 105 241 216
4063 104 249 215
4064 103 253 214
4065 102 255 213
4066 101 256 212
4067 100 128 211
4068 99 64 210
4069 98 32 209
4070 97 16 208
4071 96 8 207
4072 95 4 206
4073 94 2 205
4074 112 4 224
4075 111 2 223
4076 110 1 222
4077 109 129 221
4078 108 193 220
4079 107 225 219
4080 106 241 218
4081 105 249 217
4082 104 253 216
4083 103 255 215
4084 102 256 214
4085 101 128 213
4086 100 64 212
4087 99 32 211
4088 98 16 210
4089 97 8 209
4090 96 4 208
4091 113 4 226
4092 112 2 225
4093 111 1 224
4094 110 129 223
4095 109 193 222
4096 108 225 221
4097 107 241 220
4098 106 249 219
4099 105 253 218
4100 104 255 217
4101 103 256 216
4102 102 128 215
4103 101 64 214
4104 100 32 213
4105 99 16 212
4106 98 8 211
4107 114 4 228
4108 113 2 227
4109 112 1 226
4110 111 129 225
4111 110 193 224
4112 109 225 223
4113 108 241 222
4114 107 249 221
4115 106 253 220
4116 105 255 219
4117 104 256 218
4118 103 128 217
4119 102 64 216
4120 101 32 215
4121 100 16 214
4122 115 4 230
4123 114 2 229
4124 113 1 228
4125 112 129 227
4126 111 193 226
4127 110 225 225
4128 109 241 224
4129 108 249 223
4130 107 253 222
4131 106 255 221
4132 105 256 220
4133 104 128 219
4134 103 64 218
4135 102 32 217
4136 116 4 232
4137 115 2 231
4138 114 1 230
4139 113 129 229
4140 112 193 228
4141 111 225 227
4142 110 241 226
4143 109 249 225
4144 108 253 224
4145 107 255 223
4146 106 256 222
4147 105 128 221
4148 104 64 220
4149 117 4 234
4150 116 2 233
4151 115 1 232
4152 114 129 231
4153 113 193 230
4154 112 225 229
4155 111 241 228
4156 110 249 227
4157 109 253 226
4158 108 255 225
4159 107 256 224
4160 106 128 223
4161 118 4 236
4162 117 2 235
4163 116 1 234
4164 115 129 233
4165 114 193 232
4166 113 225 231
4167 112 241 230
4168 111 249 229
4169 110 253 228
4170 109 255 227
4171 108 256 226
4172 119 4 238
4173 118 2 237
4174 117 1 236
4175 116 129 235
4176 115 193 234
4177 114 225 233
4178 113 241 232
4179 112 249 231
4180 111 253 230
4181 110 255 229
4182 120 4 240
4183 119 2 239
4184 118 1 238
4185 117 129 237
4186 116 193 236
4187 115 225 235
4188 114 241 234
4189 113 249 233
4190 112 253 232
4191 121 4 242
4192 120 2 241
4193 119 1 240
4194 118 129 239
4195 117 193 238
4196 116 225 237
4197 115 241 236
4198 114 249 235
4199 122 4 244
4200 121 2 243
4201 120 1 242
4202 119 129 241
4203 118 193 240
4204 117 225 239
4205 116 241 238
4206 123 4 246
4207 122 2 245
4208 121 1 244
4209 120 129 243
4210 119 193 242
4211 118 225 241
4212 124 4 248
4213 123 2 247
4214 122 1 246
4215 121 129 245
4216 120 193 244
4217 125 4 250
4218 124 2 249
4219 123 1 248
4220 122 129 247
4221 126 4 252
4222 125 2 251
4223 124 1 250
4224 127 4 254
4225 126 2 253
4226 128 4 256
4227 0 1 66
4228 0 1 67
4229 0 1 68
4230 0 1 69
4231 0 1 70
4232 0 1 71
4233 0 1 72
4234 0 1 73
4235 0 1 74
4236 0 1 75
4237 0 1 76
4238 0 1 77
4239 0 1 78
4240 0 1 79
4241 0 1 80
4242 0 1 81
4243 0 1 82
4244 0 1 83
4245 0 1 84
4246 0 1 85
4247 0 1 86
4248 0 1 87
4249 0 1 88
4250 0 1 89
4251 0 1 90
4252 0 1 91
4253 0 1 92
4254 0 1 93
4255 0 1 94
4256 0 1 95
4257 0 1 96
4258 0 1 97
4259 0 1 98
4260 0 1 99
4261 0 1 100
4262 0 1 101
4263 0 1 102
4264 0 1 103
4265 0 1 104
4266 0 1 105
4267 0 1 106
4268 0 1 107
4269 0 1 108
4270 0 1 109
4271 0 1 110
4272 0 1 111
4273 0 1 112
4274 0 1 113
4275 0 1 114
4276 0 1 115
4277 0 1 116
4278 0 1 117
4279 0 1 118
4280 0 1 119
4281 0 1 120
4282 0 1 121
4283 0 1 122
4284 0 1 123
4285 1 1 67
4286 1 1 68
4287 1 1 69
4288 1 1 70
4289 1 1 71
4290 1 1 72
4291 1 1 73
4292 1 1 74
4293 1 1 75
4294 1 1 76
4295 1 1 77
4296 1 1 78
4297 1 1 79
4298 1 1 80
4299 1 1 81
4300 1 1 82
4301 1 1 83
4302 1 1 84
4303 1 1 85
4304 1 1 86
4305 1 1 87
4306 1 1 88
4307 1 1 89
4308 1 1 90
4309 1 1 91
4310 1 1 92
4311 1 1 93
4312 1 1 94
4313 1 1 95
4314 1 1 96
4315 1 1 97
4316 1 1 98
4317 1 1 99
4318 1 1 100
4319 1 1 101
4320 1 1 102
4321 1 1 103
4322 1 1 104
4323 1 1 105
4324 1 1 106
4325 1 1 107
4326 1 1 108
4327 1 1 109
4328 1 1 110
4329 1 1 111
4330 1 1 112
4331 1 1 113
4332 1 1 114
4333 1 1 115
4334 1 1 116
4335 1 1 117
4336 1 1 118
4337 1 1 119
4338 1 1 120
4339 1 1 121
4340 1 1 122
4341 1 1 123
4342 2 1 68
4343 2 1 69
4344 2 1 70
4345 2 1 71
4346 2 1 72
4347 2 1 73
4348 2 1 74
4349 2 1 75
4350 2 1 76
4351 2 1 77
4352 2 1 78
4353 2 1 79
4354 2 1 80
4355 2 1 81
4356 2 1 82
4357 2 1 83
4358 2 1 84
4359 2 1 85
4360 2 1 86
4361 2 1 87
4362 2 1 88
4363 2 1 89
4364 2 1 90
4365 2 1 91
4366 2 1 92
4367 2 1 93
4368 2 1 94
4369 2 1 95
4370 2 1 96
4371 2 1 97
4372 2 1 98
4373 2 1 99
4374 2 1 100
4375 2 1 101
4376 2 1 102
4377 2 1 103
4378 2 1 104
4379 2 1 105
4380 2 1 106
4381 2 1 107
4382 2 1 108
4383 2 1 109
4384 2 1 110
4385 2 1 111
4386 2 1 112
4387 2 1 113
4388 2 1 114
4389 2 1 115
4390 2 1 116
4391 2 1 117
4392 2 1 118
4393 2 1 119
4394 2 1 120
4395 2 1 121
4396 2 1 122
4397 2 1 123
4398 3 1 69
4399 3 1 70
4400 3 1 71
4401 3 1 72
4402 3 1 73
4403 3 1 74
4404 3 1 75
4405 3 1 76
4406 3 1 77
4407 3 1 78
4408 3 1 79
4409 3 1 80
4410 3 1 81
4411 3 1 82
4412 3 1 83
4413 3 1 84
4414 3 1 85
4415 3 1 86
4416 3 1 87
4417 3 1 88
4418 3 1 89
4419 3 1 90
4420 3 1 91
4421 3 1 92
4422 3 1 93
4423 3 1 94
4424 3 1 95
4425 3 1 96
4426 3 1 97
4427 3 1 98
4428 3 1 99
4429 3 1 100
4430 3 1 101
4431 3 1 102
4432 3 1 103
4433 3 1 104
4434 3 1 105
4435 3 1 106
4436 3 1 107
4437 3 1 108
4438 3 1 109
4439 3 1 110
4440 3 1 111
4441 3 1 112
4442 3 1 113
4443 3 1 114
4444 3 1 115
4445 3 1 116
4446 3 1 117
4447 3 1 118
4448 3 1 119
4449 3 1 120
4450 3 1 121
4451 3 1 122
4452 3 1 123
4453 4 1 71
4454 4 1 72
4455 5 255 72
4456 4 1 73
4457 4 1 74
4458 4 1 75
4459 4 1 76
4460 4 1 77
4461 4 1 78
4462 4 1 79
4463 4 1 80
4464 4 1 81
4465 4 1 82
4466 4 1 83
4467 4 1 84
4468 4 1 85
4469 4 1 86
4470 4 1 87
4471 4 1 88
4472 4 1 89
4473 4 1 90
4474 4 1 91
4475 4 1 92
4476 4 1 93
4477 4 1 94
4478 4 1 95
4479 4 1 96
4480 4 1 97
4481 4 1 98
4482 4 1 99
4483 4 1 100
4484 4 1 101
4485 4 1 102
4486 4 1 103
4487 4 1 104
4488 4 1 105
4489 4 1 106
4490 4 1 107
4491 4 1 108
4492 4 1 109
4493 4 1 110
4494 4 1 111
4495 4 1 112
4496 4 1 113
4497 4 1 114
4498 4 1 115
4499 4 1 116
4500 4 1 117
4501 4 1 118
4502 4 1 119
4503 4 1 120
4504 4 1 121
4505 4 1 122
4506 4 1 123
4507 5 1 73
4508 5 1 74
4509 6 255 74
4510 5 1 75
4511 7 4 75
4512 5 1 76
4513 5 1 77
4514 5 1 78
4515 5 1 79
4516 5 1 80
4517 5 1 81
4518 5 1 82
4519 5 1 83
4520 5 1 84
4521 5 1 85
4522 5 1 86
4523 5 1 87
4524 5 1 88
4525 5 1 89
4526 5 1 90
4527 5 1 91
4528 5 1 92
4529 5 1 93
4530 5 1 94
4531 5 1 95
4532 5 1 96
4533 5 1 97
4534 5 1 98
4535 5 1 99
4536 5 1 100
4537 5 1 101
4538 5 1 102
4539 5 1 103
4540 5 1 104
4541 5 1 105
4542 5 1 106
4543 5 1 107
4544 5 1 108
4545 5 1 109
4546 5 1 110
4547 5 1 111
4548 5 1 112
4549 5 1 113
4550 5 1 114
4551 5 1 115
4552 5 1 116
4553 5 1 117
4554 5 1 118
4555 5 1 119
4556 5 1 120
4557 5 1 121
4558 5 1 122
4559 5 1 123
4560 6 1 75
4561 6 1 76
4562 7 255 76
4563 6 1 77
4564 8 4 77
4565 6 1 78
4566 9 249 78
4567 6 1 79
4568 6 1 80
4569 6 1 81
4570 6 1 82
4571 6 1 83
4572 6 1 84
4573 6 1 85
4574 6 1 86
4575 6 1 87
4576 6 1 88
4577 6 1 89
4578 6 1 90
4579 6 1 91
4580 6 1 92
4581 6 1 93
4582 6 1 94
4583 6 1 95
4584 6 1 96
4585 6 1 97
4586 6 1 98
4587 6 1 99
4588 6 1 100
4589 6 1 101
4590 6 1 102
4591 6 1 103
4592 6 1 104
4593 6 1 105
4594 6 1 106
4595 6 1 107
4596 6 1 108
4597 6 1 109
4598 6 1 110
4599 6 1 111
4600 6 1 112
4601 6 1 113
4602 6 1 114
4603 6 1 115
4604 6 1 116
4605 6 1 117
4606 6 1 118
4607 6 1 119
4608 6 1 120
4609 6 1 121
4610 6 1 122
4611 6 1 123
4612 7 1 77
4613 7 1 78
4614 8 255 78
4615 7 1 79
4616 9 4 79
4617 7 1 80
4618 10 249 80
4619 7 1 81
4620 11 16 81
4621 7 1 82
4622 7 1 83
4623 7 1 84
4624 7 1 85
4625 7 1 86
4626 7 1 87
4627 7 1 88
4628 7 1 89
4629 7 1 90
4630 7 1 91
4631 7 1 92
4632 7 1 93
4633 7 1 94
4634 7 1 95
4635 7 1 96
4636 7 1 97
4637 7 1 98
4638 7 1 99
4639 7 1 100
4640 7 1 101
4641 7 1 102
4642 7 1 103
4643 7 1 104
4644 7 1 105
4645 7 1 106
4646 7 1 107
4647 7 1 108
4648 7 1 109
4649 7 1 110
4650 7 1 111
4651 7 1 112
4652 7 1 113
4653 7 1 114
4654 7 1 115
4655 7 1 116
4656 7 1 117
4657 7 1 118
4658 7 1 119
4659 7 1 120
4660 7 1 121
4661 7 1 122
4662 7 1 123
4663 8 1 79
4664 8 1 80
4665 9 255 80
4666 8 1 81
4667 10 4 81
4668 8 1 82
4669 11 249 82
4670 8 1 83
4671 12 16 83
4672 8 1 84
4673 13 225 84
4674 8 1 85
4675 8 1 86
4676 8 1 87
4677 8 1 88
4678 8 1 89
4679 8 1 90
4680 8 1 91
4681 8 1 92
4682 8 1 93
4683 8 1 94
4684 8 1 95
4685 8 1 96
4686 8 1 97
4687 8 1 98
4688 8 1 99
4689 8 1 100
4690 8 1 101
4691 8 1 102
4692 8 1 103
4693 8 1 104
4694 8 1 105
4695 8 1 106
4696 8 1 107
4697 8 1 108
4698 8 1 109
4699 8 1 110
4700 8 1 111
4701 8 1 112
4702 8 1 113
4703 8 1 114
4704 8 1 115
4705 8 1 116
4706 8 1 117
4707 8 1 118
4708 8 1 119
4709 8 1 120
4710 8 1 121
4711 8 1 122
4712 8 1 123
4713 9 1 81
4714 9 1 82
4715 10 255 82
4716 9 1 83
4717 11 4 83
4718 9 1 84
4719 12 249 84
4720 9 1 85
4721 13 16 85
4722 9 1 86
4723 14 225 86
4724 9 1 87
4725 15 64 87
4726 9 1 88
4727 9 1 89
4728 9 1 90
4729 9 1 91
4730 9 1 92
4731 9 1 93
4732 9 1 94
4733 9 1 95
4734 9 1 96
4735 9 1 97
4736 9 1 98
4737 9 1 99
4738 9 1 100
4739 9 1 101
4740 9 1 102
4741 9 1 103
4742 9 1 104
4743 9 1 105
4744 9 1 106
4745 9 1 107
4746 9 1 108
4747 9 1 109
4748 9 1 110
4749 9 1 111
4750 9 1 112
4751 9 1 113
4752 9 1 114
4753 9 1 115
4754 9 1 116
4755 9 1 117
4756 9 1 118
4757 9 1 119
4758 9 1 120
4759 9 1 121
4760 9 1 122
4761 9 1 123
4762 10 1 83
4763 10 1 84
4764 11 255 84
4765 10 1 85
4766 12 4 85
4767 10 1 86
4768 13 249 86
4769 10 1 87
4770 14 16 87
4771 10 1 88
4772 15 225 88
4773 10 1 89
4774 16 64 89
4775 10 1 90
4776 17 129 90
4777 10 1 91
4778 10 1 92
4779 10 1 93
4780 10 1 94
4781 10 1 95
4782 10 1 96
4783 10 1 97
4784 10 1 98
4785 10 1 99
4786 10 1 100
4787 10 1 101
4788 10 1 102
4789 10 1 103
4790 10 1 104
4791 10 1 105
4792 10 1 106
4793 10 1 107
4794 10 1 108
4795 10 1 109
4796 10 1 110
4797 10 1 111
4798 10 1 112
4799 10 1 113
4800 10 1 114
4801 10 1 115
4802 10 1 116
4803 10 1 117
4804 10 1 118
4805 10 1 119
4806 10 1 120
4807 10 1 121
4808 10 1 122
4809 10 1 123
4810 11 1 85
4811 11 1 86
4812 12 255 86
4813 11 1 87
4814 13 4 87
4815 11 1 88
4816 14 249 88
4817 11 1 89
4818 15 16 89
4819 11 1 90
4820 16 225 90
4821 11 1 91
4822 17 64 91
4823 11 1 92
4824 18 129 92
4825 11 1 93
4826 19 256 93
4827 11 1 94
4828 11 1 95
4829 11 1 96
4830 11 1 97
4831 11 1 98
4832 11 1 99
4833 11 1 100
4834 11 1 101
4835 11 1 102
4836 11 1 103
4837 11 1 104
4838 11 1 105
4839 11 1 106
4840 11 1 107
4841 11 1 108
4842 11 1 109
4843 11 1 110
4844 11 1 111
4845 11 1 112
4846 11 1 113
4847 11 1 114
4848 11 1 115
4849 11 1 116
4850 11 1 117
4851 11 1 118
4852 11 1 119
4853 11 1 120
4854 11 1 121
4855 11 1 122
4856 11 1 123
4857 12 1 87
4858 12 1 88
4859 13 255 88
4860 12 1 89
4861 14 4 89
4862 12 1 90
4863 15 249 90
4864 12 1 91
4865 16 16 91
4866 12 1 92
4867 17 225 92
4868 12 1 93
4869 18 64 93
4870 12 1 94
4871 19 129 94
4872 12 1 95
4873 20 256 95
4874 12 1 96
4875 21 2 96
4876 12 1 97
4877 12 1 98
4878 12 1 99
4879 12 1 100
4880 12 1 101
4881 12 1 102
4882 12 1 103
4883 12 1 104
4884 12 1 105
4885 12 1 106
4886 12 1 107
4887 12 1 108
4888 12 1 109
4889 12 1 110
4890 12 1 111
4891 12 1 112
4892 12 1 113
4893 12 1 114
4894 12 1 115
4895 12 1 116
4896 12 1 117
4897 12 1 118
4898 12 1 119
4899 12 1 120
4900 12 1 121
4901 12 1 122
4902 12 1 123
4903 13 1 89
4904 13 1 90
4905 14 255 90
4906 13 1 91
4907 15 4 91
4908 13 1 92
4909 16 249 92
4910 13 1 93
4911 17 16 93
4912 13 1 94
4913 18 225 94
4914 13 1 95
4915 19 64 95
4916 13 1 96
4917 20 129 96
4918 13 1 97
4919 21 256 97
4920 13 1 98
4921 22 2 98
4922 13 1 99
4923 23 253 99
4924 13 1 100
4925 13 1 101
4926 13 1 102
4927 13 1 103
4928 13 1 104
4929 13 1 105
4930 13 1 106
4931 13 1 107
4932 13 1 108
4933 13 1 109
4934 13 1 110
4935 13 1 111
4936 13 1 112
4937 13 1 113
4938 13 1 114
4939 13 1 115
4940 13 1 116
4941 13 1 117
4942 13 1 118
4943 13 1 119
4944 13 1 120
4945 13 1 121
4946 13 1 122
4947 13 1 123
4948 14 1 91
4949 14 1 92
4950 15 255 92
4951 14 1 93
4952 16 4 93
4953 14 1 94
4954 17 249 94
4955 14 1 95
4956 18 16 95
4957 14 1 96
4958 19 225 96
4959 14 1 97
4960 20 64 97
4961 14 1 98
4962 21 129 98
4963 14 1 99
4964 22 256 99
4965 14 1 100
4966 23 2 100
4967 14 1 101
4968 24 253 101
4969 14 1 102
4970 25 8 102
4971 14 1 103
4972 14 1 104
4973 14 1 105
4974 14 1 106
4975 14 1 107
4976 14 1 108
4977 14 1 109
4978 14 1 110
4979 14 1 111
4980 14 1 112
4981 14 1 113
4982 14 1 114
4983 14 1 115
4984 14 1 116
4985 14 1 117
4986 14 1 118
4987 14 1 119
4988 14 1 120
4989 14 1 121
4990 14 1 122
4991 14 1 123
4992 15 1 93
4993 15 1 94
4994 16 255 94
4995 15 1 95
4996 17 4 95
4997 15 1 96
4998 18 249 96
4999 15 1 97
5000 19 16 97
5001 15 1 98
5002 20 225 98
5003 15 1 99
5004 21 64 99
5005 15 1 100
5006 22 129 100
5007 15 1 101
5008 23 256 101
5009 15 1 102
5010 24 2 102
5011 15 1 103
5012 25 253 103
5013 15 1 104
5014 26 8 104
5015 15 1 105
5016 27 241 105
5017 15 1 106
5018 15 1 107
5019 15 1 108
5020 15 1 109
5021 15 1 110
5022 15 1 111
5023 15 1 112
5024 15 1 113
5025 15 1 114
5026 15 1 115
5027 15 1 116
5028 15 1 117
5029 15 1 118
5030 15 1 119
5031 15 1 120
5032 15 1 121
5033 15 1 122
5034 15 1 123
5035 16 1 95
5036 16 1 96
5037 17 255 96
5038 16 1 97
5039 18 4 97
5040 16 1 98
5041 19 249 98
5042 16 1 99
5043 20 16 99
5044 16 1 100
5045 21 225 100
5046 16 1 101
5047 22 64 101
5048 16 1 102
5049 23 129 102
5050 16 1 103
5051 24 256 103
5052 16 1 104
5053 25 2 104
5054 16 1 105
5055 26 253 105
5056 16 1 106
5057 27 8 106
5058 16 1 107
5059 28 241 107
5060 16 1 108
5061 29 32 108
5062 16 1 109
5063 16 1 110
5064 16 1 111
5065 16 1 112
5066 16 1 113
5067 16 1 114
5068 16 1 115
5069 16 1 116
5070 16 1 117
5071 16 1 118
5072 16 1 119
5073 16 1 120
5074 16 1 121
5075 16 1 122
5076 16 1 123
5077 17 1 97
5078 17 1 98
5079 18 255 98
5080 17 1 99
5081 19 4 99
5082 17 1 100
5083 20 249 100
5084 17 1 101
5085 21 16 101
5086 17 1 102
5087 22 225 102
5088 17 1 103
5089 23 64 103
5090 17 1 104
5091 24 129 104
5092 17 1 105
5093 25 256 105
5094 17 1 106
5095 26 2 106
5096 17 1 107
5097 27 253 107
5098 17 1 108
5099 28 8 108
5100 17 1 109
5101 29 241 109
5102 17 1 110
5103 30 32 110
5104 17 1 111
5105 31 193 111
5106 17 1 112
5107 17 1 113
5108 17 1 114
5109 17 1 115
5110 17 1 116
5111 17 1 117
5112 17 1 118
5113 17 1 119
5114 17 1 120
5115 17 1 121
5116 17 1 122
5117 17 1 123
5118 18 1 99
5119 18 1 100
5120 19 255 100
5121 18 1 101
5122 20 4 101
5123 18 1 102
5124 21 249 102
5125 18 1 103
5126 22 16 103
5127 18 1 104
5128 23 225 104
5129 18 1 105
5130 24 64 105
5131 18 1 106
5132 25 129 106
5133 18 1 107
5134 26 256 107
5135 18 1 108
5136 27 2 108
5137 18 1 109
5138 28 253 109
5139 18 1 110
5140 29 8 110
5141 18 1 111
5142 30 241 111
5143 18 1 112
5144 31 32 112
5145 18 1 113
5146 32 193 113
5147 18 1 114
5148 33 128 114
5149 18 1 115
5150 18 1 116
5151 18 1 117
5152 18 1 118
5153 18 1 119
5154 18 1 120
5155 18 1 121
5156 18 1 122
5157 18 1 123
5158 19 1 101
5159 19 1 102
5160 20 255 102
5161 19 1 103
5162 21 4 103
5163 19 1 104
5164 22 249 104
5165 19 1 105
5166 23 16 105
5167 19 1 106
5168 24 225 106
5169 19 1 107
5170 25 64 107
5171 19 1 108
5172 26 129 108
5173 19 1 109
5174 27 256 109
5175 19 1 110
5176 28 2 110
5177 19 1 111
5178 29 253 111
5179 19 1 112
5180 30 8 112
5181 19 1 113
5182 31 241 113
5183 19 1 114
5184 32 32 114
5185 19 1 115
5186 33 193 115
5187 19 1 116
5188 34 128 116
5189 19 1 117
5190 35 1 117
5191 19 1 118
5192 19 1 119
5193 19 1 120
5194 19 1 121
5195 19 1 122
5196 19 1 123
5197 20 1 103
5198 20 1 104
5199 21 255 104
5200 20 1 105
5201 22 4 105
5202 20 1 106
5203 23 249 106
5204 20 1 107
5205 24 16 107
5206 20 1 108
5207 25 225 108
5208 20 1 109
5209 26 64 109
5210 20 1 110
5211 27 129 110
5212 20 1 111
5213 28 256 111
5214 20 1 112
5215 29 2 112
5216 20 1 113
5217 30 253 113
5218 20 1 114
5219 31 8 114
5220 20 1 115
5221 32 241 115
5222 20 1 116
5223 33 32 116
5224 20 1 117
5225 34 193 117
5226 20 1 118
5227 35 128 118
5228 20 1 119
5229 36 1 119
5230 20 1 120
5231 37 255 120
5232 20 1 121
5233 20 1 122
5234 20 1 123
5235 21 1 105
5236 21 1 106
5237 22 255 106
5238 21 1 107
5239 23 4 107
5240 21 1 108
5241 24 249 108
5242 21 1 109
5243 25 16 109
5244 21 1 110
5245 26 225 110
5246 21 1 111
5247 27 64 111
5248 21 1 112
5249 28 129 112
5250 21 1 113
5251 29 256 113
5252 21 1 114
5253 30 2 114
5254 21 1 115
5255 31 253 115
5256 21 1 116
5257 32 8 116
5258 21 1 117
5259 33 241 117
5260 21 1 118
5261 34 32 118
5262 21 1 119
5263 35 193 119
5264 21 1 120
5265 36 128 120
5266 21 1 121
5267 37 1 121
5268 21 1 122
5269 38 255 122
5270 21 1 123
5271 39 4 123
5272 22 1 107
5273 22 1 108
5274 23 255 108
5275 22 1 109
5276 24 4 109
5277 22 1 110
5278 25 249 110
5279 22 1 111
5280 26 16 111
5281 22 1 112
5282 27 225 112
5283 22 1 113
5284 28 64 113
5285 22 1 114
5286 29 129 114
5287 22 1 115
5288 30 256 115
5289 22 1 116
5290 31 2 116
5291 22 1 117
5292 32 253 117
5293 22 1 118
5294 33 8 118
5295 22 1 119
5296 34 241 119
5297 22 1 120
5298 35 32 120
5299 22 1 121
5300 36 193 121
5301 22 1 122
5302 37 128 122
5303 22 1 123
5304 38 1 123
5305 20 231 124
5306 21 9 124
5307 22 1 124
5308 23 1 109
5309 23 1 110
5310 24 255 110
5311 23 1 111
5312 25 4 111
5313 23 1 112
5314 26 249 112
5315 23 1 113
5316 27 16 113
5317 23 1 114
5318 28 225 114
5319 23 1 115
5320 29 64 115
5321 23 1 116
5322 30 129 116
5323 23 1 117
5324 31 256 117
5325 23 1 118
5326 32 2 118
5327 23 1 119
5328 33 253 119
5329 23 1 120
5330 34 8 120
5331 23 1 121
5332 35 241 121
5333 23 1 122
5334 36 32 122
5335 23 1 123
5336 37 193 123
5337 18 10 124
5338 19 178 124
5339 23 1 124
5340 39 92 124
5341 22 197 125
5342 23 1 125
5343 24 1 111
5344 24 1 112
5345 25 255 112
5346 24 1 113
5347 26 4 113
5348 24 1 114
5349 27 249 114
5350 24 1 115
5351 28 16 115
5352 24 1 116
5353 29 225 116
5354 24 1 117
5355 30 64 117
5356 24 1 118
5357 31 129 118
5358 24 1 119
5359 32 256 119
5360 24 1 120
5361 33 2 120
5362 24 1 121
5363 34 253 121
5364 24 1 122
5365 35 8 122
5366 24 1 123
5367 36 241 123
5368 16 217 124
5369 17 188 124
5370 24 1 124
5371 38 215 124
5372 20 231 125
5373 21 154 125
5374 24 1 125
5375 40 57 125
5376 24 1 126
5377 25 1 113
5378 25 1 114
5379 26 255 114
5380 25 1 115
5381 27 4 115
5382 25 1 116
5383 28 249 116
5384 25 1 117
5385 29 16 117
5386 25 1 118
5387 30 225 118
5388 25 1 119
5389 31 64 119
5390 25 1 120
5391 32 129 120
5392 25 1 121
5393 33 256 121
5394 25 1 122
5395 34 2 122
5396 25 1 123
5397 35 253 123
5398 14 243 124
5399 15 229 124
5400 25 1 124
5401 37 134 124
5402 18 253 125
5403 19 173 125
5404 25 1 125
5405 39 46 125
5406 22 137 126
5407 23 177 126
5408 25 1 126
5409 41 198 126
5410 26 1 115
5411 26 1 116
5412 27 255 116
5413 26 1 117
5414 28 4 117
5415 26 1 118
5416 29 249 118
5417 26 1 119
5418 30 16 119
5419 26 1 120
5420 31 225 120
5421 26 1 121
5422 32 64 121
5423 26 1 122
5424 33 129 122
5425 26 1 123
5426 34 256 123
5427 12 248 124
5428 13 229 124
5429 26 1 124
5430 36 164 124
5431 16 170 125
5432 17 83 125
5433 26 1 125
5434 38 78 125
5435 20 175 126
5436 21 77 126
5437 26 1 126
5438 40 207 126
5439 24 3 127
5440 25 2 127
5441 26 1 127
5442 27 1 117
5443 27 1 118
5444 28 255 118
5445 27 1 119
5446 29 4 119
5447 27 1 120
5448 30 249 120
5449 27 1 121
5450 31 16 121
5451 27 1 122
5452 32 225 122
5453 27 1 123
5454 33 64 123
5455 10 230 124
5456 11 236 124
5457 27 1 124
5458 35 67 124
5459 14 116 125
5460 15 161 125
5461 27 1 125
5462 37 243 125
5463 18 34 126
5464 19 68 126
5465 27 1 126
5466 39 175 126
5467 22 144 127
5468 23 197 127
5469 27 1 127
5470 41 145 127
5471 26 130 128
5472 27 1 128
5473 28 1 119
5474 28 1 120
5475 29 255 120
5476 28 1 121
5477 30 4 121
5478 28 1 122
5479 31 249 122
5480 28 1 123
5481 32 16 123
5482 8 118 124
5483 9 173 124
5484 28 1 124
5485 34 171 124
5486 12 20 125
5487 13 244 125
5488 28 1 125
5489 36 142 125
5490 16 120 126
5491 17 202 126
5492 28 1 126
5493 38 229 126
5494 20 146 127
5495 21 35 127
5496 28 1 127
5497 40 11 127
5498 24 98 128
5499 25 2 128
5500 28 1 128
5501 42 132 128
5502 28 1 129
5503 29 1 121
5504 29 1 122
5505 30 255 122
5506 29 1 123
5507 31 4 123
5508 6 171 124
5509 7 52 124
5510 29 1 124
5511 33 68 124
5512 10 224 125
5513 11 250 125
5514 29 1 125
5515 35 186 125
5516 14 27 126
5517 15 21 126
5518 29 1 126
5519 37 91 126
5520 18 36 127
5521 19 112 127
5522 29 1 127
5523 39 255 127
5524 22 122 128
5525 23 244 128
5526 29 1 128
5527 41 243 128
5528 26 254 129
5529 27 194 129
5530 29 1 129
5531 43 181 129
5532 30 1 123
5533 4 64 124
5534 5 244 124
5535 30 1 124
5536 32 90 124
5537 8 209 125
5538 9 35 125
5539 30 1 125
5540 34 133 125
5541 12 106 126
5542 13 77 126
5543 30 1 126
5544 36 63 126
5545 16 228 127
5546 17 6 127
5547 30 1 127
5548 38 66 127
5549 20 191 128
5550 21 223 128
5551 30 1 128
5552 40 124 128
5553 24 102 129
5554 25 204 129
5555 30 1 129
5556 42 201 129
5557 28 49 130
5558 29 1 130
5559 30 1 130
5560 31 1 124
5561 6 84 125
5562 7 256 125
5563 31 1 125
5564 33 109 125
5565 10 249 126
5566 11 220 126
5567 31 1 126
5568 35 161 126
5569 14 99 127
5570 15 21 127
5571 31 1 127
5572 37 191 127
5573 18 194 128
5574 19 208 128
5575 31 1 128
5576 39 114 128
5577 22 49 129
5578 23 181 129
5579 31 1 129
5580 41 191 129
5581 26 205 130
5582 27 153 130
5583 31 1 130
5584 43 234 130
5585 30 49 131
5586 31 1 131
5587 32 1 125
5588 8 34 126
5589 9 226 126
5590 32 1 126
5591 34 189 126
5592 12 132 127
5593 13 225 127
5594 32 1 127
5595 36 54 127
5596 16 1 128
5597 17 8 128
5598 32 1 128
5599 38 126 128
5600 20 48 129
5601 21 123 129
5602 32 1 129
5603 40 51 129
5604 24 216 130
5605 25 158 130
5606 32 1 130
5607 42 81 130
5608 28 20 131
5609 29 40 131
5610 32 1 131
5611 44 96 131
5612 32 1 132
5613 33 1 126
5614 10 137 127
5615 11 185 127
5616 33 1 127
5617 35 207 127
5618 14 48 128
5619 15 222 128
5620 33 1 128
5621 37 233 128
5622 18 129 129
5623 19 4 129
5624 33 1 129
5625 39 26 129
5626 22 32 130
5627 23 82 130
5628 33 1 130
5629 41 182 130
5630 26 189 131
5631 27 74 131
5632 33 1 131
5633 43 243 131
5634 30 133 132
5635 31 9 132
5636 33 1 132
5637 45 220 132
5638 34 1 127
5639 12 70 128
5640 13 42 128
5641 34 1 128
5642 36 202 128
5643 16 133 129
5644 17 69 129
5645 34 1 129
5646 38 227 129
5647 20 95 130
5648 21 246 130
5649 34 1 130
5650 40 39 130
5651 24 238 131
5652 25 128 131
5653 34 1 131
5654 42 107 131
5655 28 253 132
5656 29 216 132
5657 34 1 132
5658 44 208 132
5659 32 26 133
5660 33 52 133
5661 34 1 133
5662 35 1 128
5663 14 172 129
5664 15 206 129
5665 35 1 129
5666 37 88 129
5667 18 234 130
5668 19 247 130
5669 35 1 130
5670 39 219 130
5671 22 131 131
5672 23 20 131
5673 35 1 131
5674 41 107 131
5675 26 238 132
5676 27 128 132
5677 35 1 132
5678 43 9 132
5679 30 105 133
5680 31 241 133
5681 35 1 133
5682 45 216 133
5683 34 129 134
5684 35 1 134
5685 36 1 129
5686 16 135 130
5687 17 81 130
5688 36 1 130
5689 38 212 130
5690 20 213 131
5691 21 182 131
5692 36 1 131
5693 40 98 131
5694 24 214 132
5695 25 170 132
5696 36 1 132
5697 42 17 132
5698 28 80 133
5699 29 205 133
5700 36 1 133
5701 44 21 133
5702 32 122 134
5703 33 94 134
5704 36 1 134
5705 46 11 134
5706 36 1 135
5707 37 1 130
5708 18 223 131
5709 19 31 131
5710 37 1 131
5711 39 116 131
5712 22 18 132
5713 23 19 132
5714 37 1 132
5715 41 227 132
5716 26 48 133
5717 27 127 133
5718 37 1 133
5719 43 114 133
5720 30 151 134
5721 31 146 134
5722 37 1 134
5723 45 106 134
5724 34 138 135
5725 35 1 135
5726 37 1 135
5727 47 121 135
5728 38 1 131
5729 20 39 132
5730 21 229 132
5731 38 1 132
5732 40 2 132
5733 24 140 133
5734 25 5 133
5735 38 1 133
5736 42 217 133
5737 28 64 134
5738 29 255 134
5739 38 1 134
5740 44 71 134
5741 32 216 135
5742 33 168 135
5743 38 1 135
5744 46 61 135
5745 36 231 136
5746 37 119 136
5747 38 1 136
5748 39 1 132
5749 22 39 133
5750 23 229 133
5751 39 1 133
5752 41 225 133
5753 26 175 134
5754 27 199 134
5755 39 1 134
5756 43 109 134
5757 30 174 135
5758 31 107 135
5759 39 1 135
5760 45 242 135
5761 34 175 136
5762 35 79 136
5763 39 1 136
5764 47 138 136
5765 38 138 137
5766 39 1 137
5767 40 1 133
5768 24 61 134
5769 25 88 134
5770 40 1 134
5771 42 147 134
5772 28 171 135
5773 29 52 135
5774 40 1 135
5775 44 204 135
5776 32 84 136
5777 33 158 136
5778 40 1 136
5779 46 227 136
5780 36 180 137
5781 37 140 137
5782 40 1 137
5783 48 176 137
5784 40 1 138
5785 41 1 134
5786 26 116 135
5787 27 121 135
5788 41 1 135
5789 43 51 135
5790 30 183 136
5791 31 236 136
5792 41 1 136
5793 45 209 136
5794 34 182 137
5795 35 171 137
5796 41 1 137
5797 47 191 137
5798 38 247 138
5799 39 135 138
5800 41 1 138
5801 49 42 138
5802 42 1 135
5803 28 237 136
5804 29 245 136
5805 42 1 136
5806 44 188 136
5807 32 109 137
5808 33 215 137
5809 42 1 137
5810 46 185 137
5811 36 253 138
5812 37 225 138
5813 42 1 138
5814 48 92 138
5815 40 138 139
5816 41 193 139
5817 42 1 139
5818 43 1 136
5819 30 73 137
5820 31 198 137
5821 43 1 137
5822 45 82 137
5823 34 83 138
5824 35 159 138
5825 43 1 138
5826 47 254 138
5827 38 245 139
5828 39 161 139
5829 43 1 139
5830 49 19 139
5831 42 38 140
5832 43 1 140
5833 44 1 137
5834 32 177 138
5835 33 209 138
5836 44 1 138
5837 46 47 138
5838 36 203 139
5839 37 200 139
5840 44 1 139
5841 48 252 139
5842 40 43 140
5843 41 87 140
5844 44 1 140
5845 50 76 140
5846 44 1 141
5847 45 1 138
5848 34 57 139
5849 35 137 139
5850 45 1 139
5851 47 86 139
5852 38 187 140
5853 39 126 140
5854 45 1 140
5855 49 248 140
5856 42 247 141
5857 43 177 141
5858 45 1 141
5859 51 18 141
5860 46 1 139
5861 36 49 140
5862 37 235 140
5863 46 1 140
5864 48 236 140
5865 40 221 141
5866 41 219 141
5867 46 1 141
5868 50 239 141
5869 44 22 142
5870 45 176 142
5871 46 1 142
5872 47 1 140
5873 38 218 141
5874 39 28 141
5875 47 1 141
5876 49 230 141
5877 42 95 142
5878 43 86 142
5879 47 1 142
5880 51 215 142
5881 46 225 143
5882 47 1 143
5883 48 1 141
5884 40 101 142
5885 41 112 142
5886 48 1 142
5887 50 221 142
5888 44 222 143
5889 45 63 143
5890 48 1 143
5891 52 131 143
5892 48 1 144
5893 49 1 142
5894 42 30 143
5895 43 18 143
5896 49 1 143
5897 51 1 143
5898 46 195 144
5899 47 163 144
5900 49 1 144
5901 53 141 144
5902 50 1 143
5903 44 98 144
5904 45 213 144
5905 50 1 144
5906 52 130 144
5907 48 96 145
5908 49 187 145
5909 50 1 145
5910 51 1 144
5911 46 172 145
5912 47 206 145
5913 51 1 145
5914 53 131 145
5915 50 28 146
5916 51 1 146
5917 52 1 145
5918 48 23 146
5919 49 168 146
5920 52 1 146
5921 54 5 146
5922 52 1 147
5923 53 1 146
5924 50 136 147
5925 51 133 147
5926 53 1 147
5927 55 15 147
5928 54 1 147
5929 52 120 148
5930 53 72 148
5931 54 1 148
5932 55 1 148
5933 54 173 149
5934 55 1 149
5935 56 1 149
5936 56 1 150
5937 57 1 150
5938 58 135 152
5939 57 45 151
5940 56 15 151
5941 55 5 150
5942 54 173 150
5943 53 229 149
5944 52 162 149
5945 51 54 148
5946 50 18 148
5947 49 6 147
5948 48 2 147
5949 47 172 146
5950 46 143 146
5951 45 219 145
5952 44 73 145
5953 43 110 144
5954 42 208 144
5955 41 155 143
5956 40 223 143
5957 39 160 142
5958 38 139 142
5959 37 132 141
5960 36 44 141
5961 35 186 140
5962 34 62 140
5963 33 192 139
5964 32 64 139
5965 31 107 138
5966 30 207 138
5967 29 69 137
5968 28 23 137
5969 27 179 136
5970 26 231 136
5971 25 77 135
5972 24 197 135
5973 23 237 134
5974 22 79 134
5975 21 112 133
5976 20 123 133
5977 19 41 132
5978 18 185 132
5979 17 233 131
5980 16 249 131
5981 15 83 130
5982 14 199 130
5983 13 152 129
5984 12 222 129
5985 59 135 153
5986 58 45 153
5987 57 15 152
5988 56 5 152
5989 55 173 151
5990 54 229 151
5991 53 162 150
5992 52 54 150
5993 51 18 149
5994 50 6 149
5995 49 2 148
5996 48 172 148
5997 47 143 147
5998 46 219 147
5999 45 73 146
6000 44 110 146
6001 43 208 145
6002 42 155 145
6003 41 223 144
6004 40 160 144
6005 39 139 143
6006 38 132 143
6007 37 44 142
6008 36 186 142
6009 35 62 141
6010 34 192 141
6011 33 64 140
6012 32 107 140
6013 31 207 139
6014 30 69 139
6015 29 23 138
6016 28 179 138
6017 27 231 137
6018 26 77 137
6019 25 197 136
6020 24 237 136
6021 23 79 135
6022 22 112 135
6023 21 123 134
6024 20 41 134
6025 19 185 133
6026 18 233 133
6027 17 249 132
6028 16 83 132
6029 15 199 131
6030 14 152 131
6031 60 135 155
6032 59 45 154
6033 58 15 154
6034 57 5 153
6035 56 173 153
6036 55 229 152
6037 54 162 152
6038 53 54 151
6039 52 18 151
6040 51 6 150
6041 50 2 150
6042 49 172 149
6043 48 143 149
6044 47 219 148
6045 46 73 148
6046 45 110 147
6047 44 208 147
6048 43 155 146
6049 42 223 146
6050 41 160 145
6051 40 139 145
6052 39 132 144
6053 38 44 144
6054 37 186 143
6055 36 62 143
6056 35 192 142
6057 34 64 142
6058 33 107 141
6059 32 207 141
6060 31 69 140
6061 30 23 140
6062 29 179 139
6063 28 231 139
6064 27 77 138
6065 26 197 138
6066 25 237 137
6067 24 79 137
6068 23 112 136
6069 22 123 136
6070 21 41 135
6071 20 185 135
6072 19 233 134
6073 18 249 134
6074 17 83 133
6075 16 199 133
6076 61 135 156
6077 60 45 156
6078 59 15 155
6079 58 5 155
6080 57 173 154
6081 56 229 154
6082 55 162 153
6083 54 54 153
6084 53 18 152
6085 52 6 152
6086 51 2 151
6087 50 172 151
6088 49 143 150
6089 48 219 150
6090 47 73 149
6091 46 110 149
6092 45 208 148
6093 44 155 148
6094 43 223 147
6095 42 160 147
6096 41 139 146
6097 40 132 146
6098 39 44 145
6099 38 186 145
6100 37 62 144
6101 36 192 144
6102 35 64 143
6103 34 107 143
6104 33 207 142
6105 32 69 142
6106 31 23 141
6107 30 179 141
6108 29 231 140
6109 28 77 140
6110 27 197 139
6111 26 237 139
6112 25 79 138
6113 24 112 138
6114 23 123 137
6115 22 41 137
6116 21 185 136
6117 20 233 136
6118 19 249 135
6119 18 83 135
6120 62 135 158
6121 61 45 157
6122 60 15 157
6123 59 5 156
6124 58 173 156
6125 57 229 155
6126 56 162 155
6127 55 54 154
6128 54 18 154
6129 53 6 153
6130 52 2 153
6131 51 172 152
6132 50 143 152
6133 49 219 151
6134 48 73 151
6135 47 110 150
6136 46 208 150
6137 45 155 149
6138 44 223 149
6139 43 160 148
6140 42 139 148
6141 41 132 147
6142 40 44 147
6143 39 186 146
6144 38 62 146
6145 37 192 145
6146 36 64 145
6147 35 107 144
6148 34 207 144
6149 33 69 143
6150 32 23 143
6151 31 179 142
6152 30 231 142
6153 29 77 141
6154 28 197 141
6155 27 237 140
6156 26 79 140
6157 25 112 139
6158 24 123 139
6159 23 41 138
6160 22 185 138
6161 21 233 137
6162 20 249 137
6163 63 135 159
6164 62 45 159
6165 61 15 158
6166 60 5 158
6167 59 173 157
6168 58 229 157
6169 57 162 156
6170 56 54 156
6171 55 18 155
6172 54 6 155
6173 53 2 154
6174 52 172 154
6175 51 143 153
6176 50 219 153
6177 49 73 152
6178 48 110 152
6179 47 208 151
6180 46 155 151
6181 45 223 150
6182 44 160 150
6183 43 139 149
6184 42 132 149
6185 41 44 148
6186 40 186 148
6187 39 62 147
6188 38 192 147
6189 37 64 146
6190 36 107 146
6191 35 207 145
6192 34 69 145
6193 33 23 144
6194 32 179 144
6195 31 231 143
6196 30 77 143
6197 29 197 142
6198 28 237 142
6199 27 79 141
6200 26 112 141
6201 25 123 140
6202 24 41 140
6203 23 185 139
6204 22 233 139
6205 64 135 161
6206 63 45 160
6207 62 15 160
6208 61 5 159
6209 60 173 159
6210 59 229 158
6211 58 162 158
6212 57 54 157
6213 56 18 157
6214 55 6 156
6215 54 2 156
6216 53 172 155
6217 52 143 155
6218 51 219 154
6219 50 73 154
6220 49 110 153
6221 48 208 153
6222 47 155 152
6223 46 223 152
6224 45 160 151
6225 44 139 151
6226 43 132 150
6227 42 44 150
6228 41 186 149
6229 40 62 149
6230 39 192 148
6231 38 64 148
6232 37 107 147
6233 36 207 147
6234 35 69 146
6235 34 23 146
6236 33 179 145
6237 32 231 145
6238 31 77 144
6239 30 197 144
6240 29 237 143
6241 28 79 143
6242 27 112 142
6243 26 123 142
6244 25 41 141
6245 24 185 141
6246 65 135 162
6247 64 45 162
6248 63 15 161
6249 62 5 161
6250 61 173 160
6251 60 229 160
6252 59 162 159
6253 58 54 159
6254 57 18 158
6255 56 6 158
6256 55 2 157
6257 54 172 157
6258 53 143 156
6259 52 219 156
6260 51 73 155
6261 50 110 155
6262 49 208 154
6263 48 155 154
6264 47 223 153
6265 46 160 153
6266 45 139 152
6267 44 132 152
6268 43 44 151
6269 42 186 151
6270 41 62 150
6271 40 192 150
6272 39 64 149
6273 38 107 149
6274 37 207 148
6275 36 69 148
6276 35 23 147
6277 34 179 147
6278 33 231 146
6279 32 77 146
6280 31 197 145
6281 30 237 145
6282 29 79 144
6283 28 112 144
6284 27 123 143
6285 26 41 143
6286 66 135 164
6287 65 45 163
6288 64 15 163
6289 63 5 162
6290 62 173 162
6291 61 229 161
6292 60 162 161
6293 59 54 160
6294 58 18 160
6295 57 6 159
6296 56 2 159
6297 55 172 158
6298 54 143 158
6299 53 219 157
6300 52 73 157
6301 51 110 156
6302 50 208 156
6303 49 155 155
6304 48 223 155
6305 47 160 154
6306 46 139 154
6307 45 132 153
6308 44 44 153
6309 43 186 152
6310 42 62 152
6311 41 192 151
6312 40 64 151
6313 39 107 150
6314 38 207 150
6315 37 69 149
6316 36 23 149
6317 35 179 148
6318 34 231 148
6319 33 77 147
6320 32 197 147
6321 31 237 146
6322 30 79 146
6323 29 112 145
6324 28 123 145
6325 67 135 165
6326 66 45 165
6327 65 15 164
6328 64 5 164
6329 63 173 163
6330 62 229 163
6331 61 162 162
6332 60 54 162
6333 59 18 161
6334 58 6 161
6335 57 2 160
6336 56 172 160
6337 55 143 159
6338 54 219 159
6339 53 73 158
6340 52 110 158
6341 51 208 157
6342 50 155 157
6343 49 223 156
6344 48 160 156
6345 47 139 155
6346 46 132 155
6347 45 44 154
6348 44 186 154
6349 43 62 153
6350 42 192 153
6351 41 64 152
6352 40 107 152
6353 39 207 151
6354 38 69 151
6355 37 23 150
6356 36 179 150
6357 35 231 149
6358 34 77 149
6359 33 197 148
6360 32 237 148
6361 31 79 147
6362 30 112 147
6363 68 135 167
6364 67 45 166
6365 66 15 166
6366 65 5 165
6367 64 173 165
6368 63 229 164
6369 62 162 164
6370 61 54 163
6371 60 18 163
6372 59 6 162
6373 58 2 162
6374 57 172 161
6375 56 143 161
6376 55 219 160
6377 54 73 160
6378 53 110 159
6379 52 208 159
6380 51 155 158
6381 50 223 158
6382 49 160 157
6383 48 139 157
6384 47 132 156
6385 46 44 156
6386 45 186 155
6387 44 62 155
6388 43 192 154
6389 42 64 154
6390 41 107 153
6391 40 207 153
6392 39 69 152
6393 38 23 152
6394 37 179 151
6395 36 231 151
6396 35 77 150
6397 34 197 150
6398 33 237 149
6399 32 79 149
6400 69 135 168
6401 68 45 168
6402 67 15 167
6403 66 5 167
6404 65 173 166
6405 64 229 166
6406 63 162 165
6407 62 54 165
6408 61 18 164
6409 60 6 164
6410 59 2 163
6411 58 172 163
6412 57 143 162
6413 56 219 162
6414 55 73 161
6415 54 110 161
6416 53 208 160
6417 52 155 160
6418 51 223 159
6419 50 160 159
6420 49 139 158
6421 48 132 158
6422 47 44 157
6423 46 186 157
6424 45 62 156
6425 44 192 156
6426 43 64 155
6427 42 107 155
6428 41 207 154
6429 40 69 154
6430 39 23 153
6431 38 179 153
6432 37 231 152
6433 36 77 152
6434 35 197 151
6435 34 237 151
6436 70 135 170
6437 69 45 169
6438 68 15 169
6439 67 5 168
6440 66 173 168
6441 65 229 167
6442 64 162 167
6443 63 54 166
6444 62 18 166
6445 61 6 165
6446 60 2 165
6447 59 172 164
6448 58 143 164
6449 57 219 163
6450 56 73 163
6451 55 110 162
6452 54 208 162
6453 53 155 161
6454 52 223 161
6455 51 160 160
6456 50 139 160
6457 49 132 159
6458 48 44 159
6459 47 186 158
6460 46 62 158
6461 45 192 157
6462 44 64 157
6463 43 107 156
6464 42 207 156
6465 41 69 155
6466 40 23 155
6467 39 179 154
6468 38 231 154
6469 37 77 153
6470 36 197 153
6471 71 135 171
6472 70 45 171
6473 69 15 170
6474 68 5 170
6475 67 173 169
6476 66 229 169
6477 65 162 168
6478 64 54 168
6479 63 18 167
6480 62 6 167
6481 61 2 166
6482 60 172 166
6483 59 143 165
6484 58 219 165
6485 57 73 164
6486 56 110 164
6487 55 208 163
6488 54 155 163
6489 53 223 162
6490 52 160 162
6491 51 139 161
6492 50 132 161
6493 49 44 160
6494 48 186 160
6495 47 62 159
6496 46 192 159
6497 45 64 158
6498 44 107 158
6499 43 207 157
6500 42 69 157
6501 41 23 156
6502 40 179 156
6503 39 231 155
6504 38 77 155
6505 72 135 173
6506 71 45 172
6507 70 15 172
6508 69 5 171
6509 68 173 171
6510 67 229 170
6511 66 162 170
6512 65 54 169
6513 64 18 169
6514 63 6 168
6515 62 2 168
6516 61 172 167
6517 60 143 167
6518 59 219 166
6519 58 73 166
6520 57 110 165
6521 56 208 165
6522 55 155 164
6523 54 223 164
6524 53 160 163
6525 52 139 163
6526 51 132 162
6527 50 44 162
6528 49 186 161
6529 48 62 161
6530 47 192 160
6531 46 64 160
6532 45 107 159
6533 44 207 159
6534 43 69 158
6535 42 23 158
6536 41 179 157
6537 40 231 157
6538 73 135 174
6539 72 45 174
6540 71 15 173
6541 70 5 173
6542 69 173 172
6543 68 229 172
6544 67 162 171
6545 66 54 171
6546 65 18 170
6547 64 6 170
6548 63 2 169
6549 62 172 169
6550 61 143 168
6551 60 219 168
6552 59 73 167
6553 58 110 167
6554 57 208 166
6555 56 155 166
6556 55 223 165
6557 54 160 165
6558 53 139 164
6559 52 132 164
6560 51 44 163
6561 50 186 163
6562 49 62 162
6563 48 192 162
6564 47 64 161
6565 46 107 161
6566 45 207 160
6567 44 69 160
6568 43 23 159
6569 42 179 159
6570 74 135 176
6571 73 45 175
6572 72 15 175
6573 71 5 174
6574 70 173 174
6575 69 229 173
6576 68 162 173
6577 67 54 172
6578 66 18 172
6579 65 6 171
6580 64 2 171
6581 63 172 170
6582 62 143 170
6583 61 219 169
6584 60 73 169
6585 59 110 168
6586 58 208 168
6587 57 155 167
6588 56 223 167
6589 55 160 166
6590 54 139 166
6591 53 132 165
6592 52 44 165
6593 51 186 164
6594 50 62 164
6595 49 192 163
6596 48 64 163
6597 47 107 162
6598 46 207 162
6599 45 69 161
6600 44 23 161
6601 75 135 177
6602 74 45 177
6603 73 15 176
6604 72 5 176
6605 71 173 175
6606 70 229 175
6607 69 162 174
6608 68 54 174
6609 67 18 173
6610 66 6 173
6611 65 2 172
6612 64 172 172
6613 63 143 171
6614 62 219 171
6615 61 73 170
6616 60 110 170
6617 59 208 169
6618 58 155 169
6619 57 223 168
6620 56 160 168
6621 55 139 167
6622 54 132 167
6623 53 44 166
6624 52 186 166
6625 51 62 165
6626 50 192 165
6627 49 64 164
6628 48 107 164
6629 47 207 163
6630 46 69 163
6631 76 135 179
6632 75 45 178
6633 74 15 178
6634 73 5 177
6635 72 173 177
6636 71 229 176
6637 70 162 176
6638 69 54 175
6639 68 18 175
6640 67 6 174
6641 66 2 174
6642 65 172 173
6643 64 143 173
6644 63 219 172
6645 62 73 172
6646 61 110 171
6647 60 208 171
6648 59 155 170
6649 58 223 170
6650 57 160 169
6651 56 139 169
6652 55 132 168
6653 54 44 168
6654 53 186 167
6655 52 62 167
6656 51 192 166
6657 50 64 166
6658 49 107 165
6659 48 207 165
6660 77 135 180
6661 76 45 180
6662 75 15 179
6663 74 5 179
6664 73 173 178
6665 72 229 178
6666 71 162 177
6667 70 54 177
6668 69 18 176
6669 68 6 176
6670 67 2 175
6671 66 172 175
6672 65 143 174
6673 64 219 174
6674 63 73 173
6675 62 110 173
6676 61 208 172
6677 60 155 172
6678 59 223 171
6679 58 160 171
6680 57 139 170
6681 56 132 170
6682 55 44 169
6683 54 186 169
6684 53 62 168
6685 52 192 168
6686 51 64 167
6687 50 107 167
6688 78 135 182
6689 77 45 181
6690 76 15 181
6691 75 5 180
6692 74 173 180
6693 73 229 179
6694 72 162 179
6695 71 54 178
6696 70 18 178
6697 69 6 177
6698 68 2 177
6699 67 172 176
6700 66 143 176
6701 65 219 175
6702 64 73 175
6703 63 110 174
6704 62 208 174
6705 61 155 173
6706 60 223 173
6707 59 160 172
6708 58 139 172
6709 57 132 171
6710 56 44 171
6711 55 186 170
6712 54 62 170
6713 53 192 169
6714 52 64 169
6715 79 135 183
6716 78 45 183
6717 77 15 182
6718 76 5 182
6719 75 173 181
6720 74 229 181
6721 73 162 180
6722 72 54 180
6723 71 18 179
6724 70 6 179
6725 69 2 178
6726 68 172 178
6727 67 143 177
6728 66 219 177
6729 65 73 176
6730 64 110 176
6731 63 208 175
6732 62 155 175
6733 61 223 174
6734 60 160 174
6735 59 139 173
6736 58 132 173
6737 57 44 172
6738 56 186 172
6739 55 62 171
6740 54 192 171
6741 80 135 185
6742 79 45 184
6743 78 15 184
6744 77 5 183
6745 76 173 183
6746 75 229 182
6747 74 162 182
6748 73 54 181
6749 72 18 181
6750 71 6 180
6751 70 2 180
6752 69 172 179
6753 68 143 179
6754 67 219 178
6755 66 73 178
6756 65 110 177
6757 64 208 177
6758 63 155 176
6759 62 223 176
6760 61 160 175
6761 60 139 175
6762 59 132 174
6763 58 44 174
6764 57 186 173
6765 56 62 173
6766 81 135 186
6767 80 45 186
6768 79 15 185
6769 78 5 185
6770 77 173 184
6771 76 229 184
6772 75 162 183
6773 74 54 183
6774 73 18 182
6775 72 6 182
6776 71 2 181
6777 70 172 181
6778 69 143 180
6779 68 219 180
6780 67 73 179
6781 66 110 179
6782 65 208 178
6783 64 155 178
6784 63 223 177
6785 62 160 177
6786 61 139 176
6787 60 132 176
6788 59 44 175
6789 58 186 175
6790 82 135 188
6791 81 45 187
6792 80 15 187
6793 79 5 186
6794 78 173 186
6795 77 229 185
6796 76 162 185
6797 75 54 184
6798 74 18 184
6799 73 6 183
6800 72 2 183
6801 71 172 182
6802 70 143 182
6803 69 219 181
6804 68 73 181
6805 67 110 180
6806 66 208 180
6807 65 155 179
6808 64 223 179
6809 63 160 178
6810 62 139 178
6811 61 132 177
6812 60 44 177
6813 83 135 189
6814 82 45 189
6815 81 15 188
6816 80 5 188
6817 79 173 187
6818 78 229 187
6819 77 162 186
6820 76 54 186
6821 75 18 185
6822 74 6 185
6823 73 2 184
6824 72 172 184
6825 71 143 183
6826 70 219 183
6827 69 73 182
6828 68 110 182
6829 67 208 181
6830 66 155 181
6831 65 223 180
6832 64 160 180
6833 63 139 179
6834 62 132 179
6835 84 135 191
6836 83 45 190
6837 82 15 190
6838 81 5 189
6839 80 173 189
6840 79 229 188
6841 78 162 188
6842 77 54 187
6843 76 18 187
6844 75 6 186
6845 74 2 186
6846 73 172 185
6847 72 143 185
6848 71 219 184
6849 70 73 184
6850 69 110 183
6851 68 208 183
6852 67 155 182
6853 66 223 182
6854 65 160 181
6855 64 139 181
6856 85 135 192
6857 84 45 192
6858 83 15 191
6859 82 5 191
6860 81 173 190
6861 80 229 190
6862 79 162 189
6863 78 54 189
6864 77 18 188
6865 76 6 188
6866 75 2 187
6867 74 172 187
6868 73 143 186
6869 72 219 186
6870 71 73 185
6871 70 110 185
6872 69 208 184
6873 68 155 184
6874 67 223 183
6875 66 160 183
6876 86 135 194
6877 85 45 193
6878 84 15 193
6879 83 5 192
6880 82 173 192
6881 81 229 191
6882 80 162 191
6883 79 54 190
6884 78 18 190
6885 77 6 189
6886 76 2 189
6887 75 172 188
6888 74 143 188
6889 73 219 187
6890 72 73 187
6891 71 110 186
6892 70 208 186
6893 69 155 185
6894 68 223 185
6895 87 135 195
6896 86 45 195
6897 85 15 194
6898 84 5 194
6899 83 173 193
6900 82 229 193
6901 81 162 192
6902 80 54 192
6903 79 18 191
6904 78 6 191
6905 77 2 190
6906 76 172 190
6907 75 143 189
6908 74 219 189
6909 73 73 188
6910 72 110 188
6911 71 208 187
6912 70 155 187
6913 88 135 197
6914 87 45 196
6915 86 15 196
6916 85 5 195
6917 84 173 195
6918 83 229 194
6919 82 162 194
6920 81 54 193
6921 80 18 193
6922 79 6 192
6923 78 2 192
6924 77 172 191
6925 76 143 191
6926 75 219 190
6927 74 73 190
6928 73 110 189
6929 72 208 189
6930 89 135 198
6931 88 45 198
6932 87 15 197
6933 86 5 197
6934 85 173 196
6935 84 229 196
6936 83 162 195
6937 82 54 195
6938 81 18 194
6939 80 6 194
6940 79 2 193
6941 78 172 193
6942 77 143 192
6943 76 219 192
6944 75 73 191
6945 74 110 191
6946 90 135 200
6947 89 45 199
6948 88 15 199
6949 87 5 198
6950 86 173 198
6951 85 229 197
6952 84 162 197
6953 83 54 196
6954 82 18 196
6955 81 6 195
6956 80 2 195
6957 79 172 194
6958 78 143 194
6959 77 219 193
6960 76 73 193
6961 91 135 201
6962 90 45 201
6963 89 15 200
6964 88 5 200
6965 87 173 199
6966 86 229 199
6967 85 162 198
6968 84 54 198
6969 83 18 197
6970 82 6 197
6971 81 2 196
6972 80 172 196
6973 79 143 195
6974 78 219 195
6975 92 135 203
6976 91 45 202
6977 90 15 202
6978 89 5 201
6979 88 173 201
6980 87 229 200
6981 86 162 200
6982 85 54 199
6983 84 18 199
6984 83 6 198
6985 82 2 198
6986 81 172 197
6987 80 143 197
6988 93 135 204
6989 92 45 204
6990 91 15 203
6991 90 5 203
6992 89 173 202
6993 88 229 202
6994 87 162 201
6995 86 54 201
6996 85 18 200
6997 84 6 200
6998 83 2 199
6999 82 172 199
7000 94 135 206
7001 93 45 205
7002 92 15 205
7003 91 5 204
7004 90 173 204
7005 89 229 203
7006 88 162 203
7007 87 54 202
7008 86 18 202
7009 85 6 201
7010 84 2 201
7011 95 135 207
7012 94 45 207
7013 93 15 206
7014 92 5 206
7015 91 173 205
7016 90 229 205
7017 89 162 204
7018 88 54 204
7019 87 18 203
7020 86 6 203
7021 96 135 209
7022 95 45 208
7023 94 15 208
7024 93 5 207
7025 92 173 207
7026 91 229 206
7027 90 162 206
7028 89 54 205
7029 88 18 205
7030 97 135 210
7031 96 45 210
7032 95 15 209
7033 94 5 209
7034 93 173 208
7035 92 229 208
7036 91 162 207
7037 90 54 207
7038 98 135 212
7039 97 45 211
7040 96 15 211
7041 95 5 210
7042 94 173 210
7043 93 229 209
7044 92 162 209
7045 99 135 213
7046 98 45 213
7047 97 15 212
7048 96 5 212
7049 95 173 211
7050 94 229 211
7051 100 135 215
7052 99 45 214
7053 98 15 214
7054 97 5 213
7055 96 173 213
7056 101 135 216
7057 100 45 216
7058 99 15 215
7059 98 5 215
7060 102 135 218
7061 101 45 217
7062 100 15 217
7063 103 135 219
7064 102 45 219
7065 104 135 221
7066 105 16 222
7067 103 4 220
7068 101 1 218
7069 99 193 216
7070 97 241 214
7071 95 253 212
7072 93 256 210
7073 91 64 208
7074 89 16 206
7075 87 4 204
7076 85 1 202
7077 83 193 200
7078 81 241 198
7079 79 253 196
7080 77 256 194
7081 75 64 192
7082 73 16 190
7083 71 4 188
7084 69 1 186
7085 67 193 184
7086 65 241 182
7087 63 253 180
7088 61 256 178
7089 59 64 176
7090 57 16 174
7091 55 4 172
7092 53 1 170
7093 51 193 168
7094 49 241 166
7095 47 253 164
7096 45 256 162
7097 43 64 160
7098 41 16 158
7099 39 4 156
7100 37 1 154
7101 35 193 152
7102 33 241 150
7103 31 253 148
7104 29 256 146
7105 27 64 144
7106 25 16 142
7107 23 4 140
7108 21 1 138
7109 19 193 136
7110 17 241 134
7111 15 253 132
7112 106 16 224
7113 104 4 222
7114 102 1 220
7115 100 193 218
7116 98 241 216
7117 96 253 214
7118 94 256 212
7119 92 64 210
7120 90 16 208
7121 88 4 206
7122 86 1 204
7123 84 193 202
7124 82 241 200
7125 80 253 198
7126 78 256 196
7127 76 64 194
7128 74 16 192
7129 72 4 190
7130 70 1 188
7131 68 193 186
7132 66 241 184
7133 64 253 182
7134 62 256 180
7135 60 64 178
7136 58 16 176
7137 56 4 174
7138 54 1 172
7139 52 193 170
7140 50 241 168
7141 48 253 166
7142 46 256 164
7143 44 64 162
7144 42 16 160
7145 40 4 158
7146 38 1 156
7147 36 193 154
7148 34 241 152
7149 32 253 150
7150 30 256 148
7151 28 64 146
7152 26 16 144
7153 24 4 142
7154 22 1 140
7155 20 193 138
7156 107 16 225
7157 105 4 223
7158 103 1 221
7159 101 193 219
7160 99 241 217
7161 97 253 215
7162 95 256 213
7163 93 64 211
7164 91 16 209
7165 89 4 207
7166 87 1 205
7167 85 193 203
7168 83 241 201
7169 81 253 199
7170 79 256 197
7171 77 64 195
7172 75 16 193
7173 73 4 191
7174 71 1 189
7175 69 193 187
7176 67 241 185
7177 65 253 183
7178 63 256 181
7179 61 64 179
7180 59 16 177
7181 57 4 175
7182 55 1 173
7183 53 193 171
7184 51 241 169
7185 49 253 167
7186 47 256 165
7187 45 64 163
7188 43 16 161
7189 41 4 159
7190 39 1 157
7191 37 193 155
7192 35 241 153
7193 33 253 151
7194 31 256 149
7195 29 64 147
7196 27 16 145
7197 25 4 143
7198 108 16 227
7199 106 4 225
7200 104 1 223
7201 102 193 221
7202 100 241 219
7203 98 253 217
7204 96 256 215
7205 94 64 213
7206 92 16 211
7207 90 4 209
7208 88 1 207
7209 86 193 205
7210 84 241 203
7211 82 253 201
7212 80 256 199
7213 78 64 197
7214 76 16 195
7215 74 4 193
7216 72 1 191
7217 70 193 189
7218 68 241 187
7219 66 253 185
7220 64 256 183
7221 62 64 181
7222 60 16 179
7223 58 4 177
7224 56 1 175
7225 54 193 173
7226 52 241 171
7227 50 253 169
7228 48 256 167
7229 46 64 165
7230 44 16 163
7231 42 4 161
7232 40 1 159
7233 38 193 157
7234 36 241 155
7235 34 253 153
7236 32 256 151
7237 30 64 149
7238 109 16 228
7239 107 4 226
7240 105 1 224
7241 103 193 222
7242 101 241 220
7243 99 253 218
7244 97 256 216
7245 95 64 214
7246 93 16 212
7247 91 4 210
7248 89 1 208
7249 87 193 206
7250 85 241 204
7251 83 253 202
7252 81 256 200
7253 79 64 198
7254 77 16 196
7255 75 4 194
7256 73 1 192
7257 71 193 190
7258 69 241 188
7259 67 253 186
7260 65 256 184
7261 63 64 182
7262 61 16 180
7263 59 4 178
7264 57 1 176
7265 55 193 174
7266 53 241 172
7267 51 253 170
7268 49 256 168
7269 47 64 166
7270 45 16 164
7271 43 4 162
7272 41 1 160
7273 39 193 158
7274 37 241 156
7275 35 253 154
7276 110 16 230
7277 108 4 228
7278 106 1 226
7279 104 193 224
7280 102 241 222
7281 100 253 220
7282 98 256 218
7283 96 64 216
7284 94 16 214
7285 92 4 212
7286 90 1 210
7287 88 193 208
7288 86 241 206
7289 84 253 204
7290 82 256 202
7291 80 64 200
7292 78 16 198
7293 76 4 196
7294 74 1 194
7295 72 193 192
7296 70 241 190
7297 68 253 188
7298 66 256 186
7299 64 64 184
7300 62 16 182
7301 60 4 180
7302 58 1 178
7303 56 193 176
7304 54 241 174
7305 52 253 172
7306 50 256 170
7307 48 64 168
7308 46 16 166
7309 44 4 164
7310 42 1 162
7311 40 193 160
7312 111 16 231
7313 109 4 229
7314 107 1 227
7315 105 193 225
7316 103 241 223
7317 101 253 221
7318 99 256 219
7319 97 64 217
7320 95 16 215
7321 93 4 213
7322 91 1 211
7323 89 193 209
7324 87 241 207
7325 85 253 205
7326 83 256 203
7327 81 64 201
7328 79 16 199
7329 77 4 197
7330 75 1 195
7331 73 193 193
7332 71 241 191
7333 69 253 189
7334 67 256 187
7335 65 64 185
7336 63 16 183
7337 61 4 181
7338 59 1 179
7339 57 193 177
7340 55 241 175
7341 53 253 173
7342 51 256 171
7343 49 64 169
7344 47 16 167
7345 45 4 165
7346 112 16 233
7347 110 4 231
7348 108 1 229
7349 106 193 227
7350 104 241 225
7351 102 253 223
7352 100 256 221
7353 98 64 219
7354 96 16 217
7355 94 4 215
7356 92 1 213
7357 90 193 211
7358 88 241 209
7359 86 253 207
7360 84 256 205
7361 82 64 203
7362 80 16 201
7363 78 4 199
7364 76 1 197
7365 74 193 195
7366 72 241 193
7367 70 253 191
7368 68 256 189
7369 66 64 187
7370 64 16 185
7371 62 4 183
7372 60 1 181
7373 58 193 179
7374 56 241 177
7375 54 253 175
7376 52 256 173
7377 50 64 171
7378 113 16 234
7379 111 4 232
7380 109 1 230
7381 107 193 228
7382 105 241 226
7383 103 253 224
7384 101 256 222
7385 99 64 220
7386 97 16 218
7387 95 4 216
7388 93 1 214
7389 91 193 212
7390 89 241 210
7391 87 253 208
7392 85 256 206
7393 83 64 204
7394 81 16 202
7395 79 4 200
7396 77 1 198
7397 75 193 196
7398 73 241 194
7399 71 253 192
7400 69 256 190
7401 67 64 188
7402 65 16 186
7403 63 4 184
7404 61 1 182
7405 59 193 180
7406 57 241 178
7407 55 253 176
7408 114 16 236
7409 112 4 234
7410 110 1 232
7411 108 193 230
7412 106 241 228
7413 104 253 226
7414 102 256 224
7415 100 64 222
7416 98 16 220
7417 96 4 218
7418 94 1 216
7419 92 193 214
7420 90 241 212
7421 88 253 210
7422 86 256 208
7423 84 64 206
7424 82 16 204
7425 80 4 202
7426 78 1 200
7427 76 193 198
7428 74 241 196
7429 72 253 194
7430 70 256 192
7431 68 64 190
7432 66 16 188
7433 64 4 186
7434 62 1 184
7435 60 193 182
7436 115 16 237
7437 113 4 235
7438 111 1 233
7439 109 193 231
7440 107 241 229
7441 105 253 227
7442 103 256 225
7443 101 64 223
7444 99 16 221
7445 97 4 219
7446 95 1 217
7447 93 193 215
7448 91 241 213
7449 89 253 211
7450 87 256 209
7451 85 64 207
7452 83 16 205
7453 81 4 203
7454 79 1 201
7455 77 193 199
7456 75 241 197
7457 73 253 195
7458 71 256 193
7459 69 64 191
7460 67 16 189
7461 65 4 187
7462 116 16 239
7463 114 4 237
7464 112 1 235
7465 110 193 233
7466 108 241 231
7467 106 253 229
7468 104 256 227
7469 102 64 225
7470 100 16 223
7471 98 4 221
7472 96 1 219
7473 94 193 217
7474 92 241 215
7475 90 253 213
7476 88 256 211
7477 86 64 209
7478 84 16 207
7479 82 4 205
7480 80 1 203
7481 78 193 201
7482 76 241 199
7483 74 253 197
7484 72 256 195
7485 70 64 193
7486 117 16 240
7487 115 4 238
7488 113 1 236
7489 111 193 234
7490 109 241 232
7491 107 253 230
7492 105 256 228
7493 103 64 226
7494 101 16 224
7495 99 4 222
7496 97 1 220
7497 95 193 218
7498 93 241 216
7499 91 253 214
7500 89 256 212
7501 87 64 210
7502 85 16 208
7503 83 4 206
7504 81 1 204
7505 79 193 202
7506 77 241 200
7507 75 253 198
7508 118 16 242
7509 116 4 240
7510 114 1 238
7511 112 193 236
7512 110 241 234
7513 108 253 232
7514 106 256 230
7515 104 64 228
7516 102 16 226
7517 100 4 224
7518 98 1 222
7519 96 193 220
7520 94 241 218
7521 92 253 216
7522 90 256 214
7523 88 64 212
7524 86 16 210
7525 84 4 208
7526 82 1 206
7527 80 193 204
7528 119 16 243
7529 117 4 241
7530 115 1 239
7531 113 193 237
7532 111 241 235
7533 109 253 233
7534 107 256 231
7535 105 64 229
7536 103 16 227
7537 101 4 225
7538 99 1 223
7539 97 193 221
7540 95 241 219
7541 93 253 217
7542 91 256 215
7543 89 64 213
7544 87 16 211
7545 85 4 209
7546 120 16 245
7547 118 4 243
7548 116 1 241
7549 114 193 239
7550 112 241 237
7551 110 253 235
7552 108 256 233
7553 106 64 231
7554 104 16 229
7555 102 4 227
7556 100 1 225
7557 98 193 223
7558 96 241 221
7559 94 253 219
7560 92 256 217
7561 90 64 215
7562 121 16 246
7563 119 4 244
7564 117 1 242
7565 115 193 240
7566 113 241 238
7567 111 253 236
7568 109 256 234
7569 107 64 232
7570 105 16 230
7571 103 4 228
7572 101 1 226
7573 99 193 224
7574 97 241 222
7575 95 253 220
7576 122 16 248
7577 120 4 246
7578 118 1 244
7579 116 193 242
7580 114 241 240
7581 112 253 238
7582 110 256 236
7583 108 64 234
7584 106 16 232
7585 104 4 230
7586 102 1 228
7587 100 193 226
7588 123 16 249
7589 121 4 247
7590 119 1 245
7591 117 193 243
7592 115 241 241
7593 113 253 239
7594 111 256 237
7595 109 64 235
7596 107 16 233
7597 105 4 231
7598 124 16 251
7599 122 4 249
7600 120 1 247
7601 118 193 245
7602 116 241 243
7603 114 253 241
7604 112 256 239
7605 110 64 237
7606 125 16 252
7607 123 4 250
7608 121 1 248
7609 119 193 246
7610 117 241 244
7611 115 253 242
7612 126 16 254
7613 124 4 252
7614 122 1 250
7615 120 193 248
7616 127 16 255
7617 125 4 253
7618 0 4 124
7619 0 4 125
7620 0 4 126
7621 0 4 127
7622 0 4 128
7623 0 4 129
7624 0 4 130
7625 0 4 131
7626 0 4 132
7627 0 4 133
7628 0 4 134
7629 0 4 135
7630 0 4 136
7631 0 4 137
7632 0 4 138
7633 0 4 139
7634 0 4 140
7635 0 4 141
7636 0 4 142
7637 0 4 143
7638 0 4 144
7639 0 4 145
7640 0 4 146
7641 0 4 147
7642 0 4 148
7643 0 4 149
7644 0 4 150
7645 0 4 151
7646 0 4 152
7647 0 4 153
7648 0 4 154
7649 0 4 155
7650 0 4 156
7651 0 4 157
7652 0 4 158
7653 0 4 159
7654 0 4 160
7655 0 4 161
7656 0 4 162
7657 0 4 163
7658 0 4 164
7659 0 4 165
7660 0 4 166
7661 1 2 124
7662 1 2 125
7663 1 2 126
7664 1 2 127
7665 1 2 128
7666 1 2 129
7667 1 2 130
7668 1 2 131
7669 1 2 132
7670 1 2 133
7671 1 2 134
7672 1 2 135
7673 1 2 136
7674 1 2 137
7675 1 2 138
7676 1 2 139
7677 1 2 140
7678 1 2 141
7679 1 2 142
7680 1 2 143
7681 1 2 144
7682 1 2 145
7683 1 2 146
7684 1 2 147
7685 1 2 148
7686 1 2 149
7687 1 2 150
7688 1 2 151
7689 1 2 152
7690 1 2 153
7691 1 2 154
7692 1 2 155
7693 1 2 156
7694 1 2 157
7695 1 2 158
7696 1 2 159
7697 1 2 160
7698 1 2 161
7699 1 2 162
7700 1 2 163
7701 1 2 164
7702 1 2 165
7703 2 1 124
7704 2 1 125
7705 2 1 126
7706 2 1 127
7707 2 1 128
7708 2 1 129
7709 2 1 130
7710 2 1 131
7711 2 1 132
7712 2 1 133
7713 2 1 134
7714 2 1 135
7715 2 1 136
7716 2 1 137
7717 2 1 138
7718 2 1 139
7719 2 1 140
7720 2 1 141
7721 2 1 142
7722 2 1 143
7723 2 1 144
7724 2 1 145
7725 2 1 146
7726 2 1 147
7727 2 1 148
7728 2 1 149
7729 2 1 150
7730 2 1 151
7731 2 1 152
7732 2 1 153
7733 2 1 154
7734 2 1 155
7735 2 1 156
7736 2 1 157
7737 2 1 158
7738 2 1 159
7739 2 1 160
7740 2 1 161
7741 2 1 162
7742 2 1 163
7743 2 1 164
7744 3 129 124
7745 3 129 125
7746 3 129 126
7747 3 129 127
7748 3 129 128
7749 3 129 129
7750 3 129 130
7751 3 129 131
7752 3 129 132
7753 3 129 133
7754 3 129 134
7755 3 129 135
7756 3 129 136
7757 3 129 137
7758 3 129 138
7759 3 129 139
7760 3 129 140
7761 3 129 141
7762 3 129 142
7763 3 129 143
7764 3 129 144
7765 3 129 145
7766 3 129 146
7767 3 129 147
7768 3 129 148
7769 3 129 149
7770 3 129 150
7771 3 129 151
7772 3 129 152
7773 3 129 153
7774 3 129 154
7775 3 129 155
7776 3 129 156
7777 3 129 157
7778 3 129 158
7779 3 129 159
7780 3 129 160
7781 3 129 161
7782 3 129 162
7783 3 129 163
7784 4 129 125
7785 5 64 125
7786 4 193 126
7787 4 193 127
7788 4 193 128
7789 4 193 129
7790 4 193 130
7791 4 193 131
7792 4 193 132
7793 4 193 133
7794 4 193 134
7795 4 193 135
7796 4 193 136
7797 4 193 137
7798 4 193 138
7799 4 193 139
7800 4 193 140
7801 4 193 141
7802 4 193 142
7803 4 193 143
7804 4 193 144
7805 4 193 145
7806 4 193 146
7807 4 193 147
7808 4 193 148
7809 4 193 149
7810 4 193 150
7811 4 193 151
7812 4 193 152
7813 4 193 153
7814 4 193 154
7815 4 193 155
7816 4 193 156
7817 4 193 157
7818 4 193 158
7819 4 193 159
7820 4 193 160
7821 4 193 161
7822 4 193 162
7823 5 129 126
7824 6 64 126
7825 7 225 126
7826 5 225 127
7827 5 225 128
7828 5 225 129
7829 5 225 130
7830 5 225 131
7831 5 225 132
7832 5 225 133
7833 5 225 134
7834 5 225 135
7835 5 225 136
7836 5 225 137
7837 5 225 138
7838 5 225 139
7839 5 225 140
7840 5 225 141
7841 5 225 142
7842 5 225 143
7843 5 225 144
7844 5 225 145
7845 5 225 146
7846 5 225 147
7847 5 225 148
7848 5 225 149
7849 5 225 150
7850 5 225 151
7851 5 225 152
7852 5 225 153
7853 5 225 154
7854 5 225 155
7855 5 225 156
7856 5 225 157
7857 5 225 158
7858 5 225 159
7859 5 225 160
7860 5 225 161
7861 6 129 127
7862 7 64 127
7863 8 225 127
7864 9 16 127
7865 6 241 128
7866 6 241 129
7867 6 241 130
7868 6 241 131
7869 6 241 132
7870 6 241 133
7871 6 241 134
7872 6 241 135
7873 6 241 136
7874 6 241 137
7875 6 241 138
7876 6 241 139
7877 6 241 140
7878 6 241 141
7879 6 241 142
7880 6 241 143
7881 6 241 144
7882 6 241 145
7883 6 241 146
7884 6 241 147
7885 6 241 148
7886 6 241 149
7887 6 241 150
7888 6 241 151
7889 6 241 152
7890 6 241 153
7891 6 241 154
7892 6 241 155
7893 6 241 156
7894 6 241 157
7895 6 241 158
7896 6 241 159
7897 6 241 160
7898 7 129 128
7899 8 64 128
7900 9 225 128
7901 10 16 128
7902 11 249 128
7903 7 249 129
7904 7 249 130
7905 7 249 131
7906 7 249 132
7907 7 249 133
7908 7 249 134
7909 7 249 135
7910 7 249 136
7911 7 249 137
7912 7 249 138
7913 7 249 139
7914 7 249 140
7915 7 249 141
7916 7 249 142
7917 7 249 143
7918 7 249 144
7919 7 249 145
7920 7 249 146
7921 7 249 147
7922 7 249 148
7923 7 249 149
7924 7 249 150
7925 7 249 151
7926 7 249 152
7927 7 249 153
7928 7 249 154
7929 7 249 155
7930 7 249 156
7931 7 249 157
7932 7 249 158
7933 7 249 159
7934 8 129 129
7935 9 64 129
7936 10 225 129
7937 11 16 129
7938 8 241 130
7939 12 253 130
7940 13 2 130
7941 8 253 131
7942 8 253 132
7943 8 253 133
7944 8 253 134
7945 8 253 135
7946 8 253 136
7947 8 253 137
7948 8 253 138
7949 8 253 139
7950 8 253 140
7951 8 253 141
7952 8 253 142
7953 8 253 143
7954 8 253 144
7955 8 253 145
7956 8 253 146
7957 8 253 147
7958 8 253 148
7959 8 253 149
7960 8 253 150
7961 8 253 151
7962 8 253 152
7963 8 253 153
7964 8 253 154
7965 8 253 155
7966 8 253 156
7967 8 253 157
7968 8 253 158
7969 9 129 130
7970 10 64 130
7971 11 225 130
7972 9 225 131
7973 12 8 131
7974 13 253 131
7975 9 249 132
7976 14 1 132
7977 9 253 133
7978 15 64 133
7979 9 255 134
7980 9 255 135
7981 9 255 136
7982 9 255 137
7983 9 255 138
7984 9 255 139
7985 9 255 140
7986 9 255 141
7987 9 255 142
7988 9 255 143
7989 9 255 144
7990 9 255 145
7991 9 255 146
7992 9 255 147
7993 9 255 148
7994 9 255 149
7995 9 255 150
7996 9 255 151
7997 9 255 152
7998 9 255 153
7999 9 255 154
8000 9 255 155
8001 9 255 156
8002 9 255 157
8003 10 129 131
8004 11 64 131
8005 10 193 132
8006 12 241 132
8007 13 8 132
8008 10 241 133
8009 14 255 133
8010 10 249 134
8011 15 129 134
8012 16 64 134
8013 10 255 135
8014 17 241 135
8015 10 256 136
8016 10 256 137
8017 10 256 138
8018 10 256 139
8019 10 256 140
8020 10 256 141
8021 10 256 142
8022 10 256 143
8023 10 256 144
8024 10 256 145
8025 10 256 146
8026 10 256 147
8027 10 256 148
8028 10 256 149
8029 10 256 150
8030 10 256 151
8031 10 256 152
8032 10 256 153
8033 10 256 154
8034 10 256 155
8035 10 256 156
8036 11 129 132
8037 11 129 133
8038 12 32 133
8039 13 241 133
8040 11 225 134
8041 14 4 134
8042 11 241 135
8043 15 256 135
8044 16 129 135
8045 11 253 136
8046 17 32 136
8047 18 241 136
8048 11 256 137
8049 19 4 137
8050 11 128 138
8051 11 128 139
8052 11 128 140
8053 11 128 141
8054 11 128 142
8055 11 128 143
8056 11 128 144
8057 11 128 145
8058 11 128 146
8059 11 128 147
8060 11 128 148
8061 11 128 149
8062 11 128 150
8063 11 128 151
8064 11 128 152
8065 11 128 153
8066 11 128 154
8067 11 128 155
8068 12 129 134
8069 13 194 134
8070 12 219 135
8071 13 181 135
8072 14 249 135
8073 12 225 136
8074 15 2 136
8075 16 256 136
8076 12 249 137
8077 17 193 137
8078 18 32 137
8079 12 255 138
8080 19 249 138
8081 12 256 139
8082 20 2 139
8083 21 256 139
8084 12 64 140
8085 12 64 141
8086 12 64 142
8087 12 64 143
8088 12 64 144
8089 12 64 145
8090 12 64 146
8091 12 64 147
8092 12 64 148
8093 12 64 149
8094 12 64 150
8095 12 64 151
8096 12 64 152
8097 12 64 153
8098 12 64 154
8099 13 129 136
8100 14 194 136
8101 13 219 137
8102 14 181 137
8103 15 249 137
8104 16 137 137
8105 13 36 138
8106 16 60 138
8107 17 128 138
8108 18 193 138
8109 13 253 139
8110 19 16 139
8111 13 255 140
8112 20 253 140
8113 21 2 140
8114 13 128 141
8115 22 128 141
8116 23 193 141
8117 13 32 142
8118 13 32 143
8119 13 32 144
8120 13 32 145
8121 13 32 146
8122 13 32 147
8123 13 32 148
8124 13 32 149
8125 13 32 150
8126 13 32 151
8127 13 32 152
8128 13 32 153
8129 14 129 138
8130 15 194 138
8131 14 219 139
8132 15 181 139
8133 16 249 139
8134 17 137 139
8135 18 128 139
8136 14 197 140
8137 17 8 140
8138 18 33 140
8139 19 225 140
8140 14 253 141
8141 20 8 141
8142 21 253 141
8143 14 256 142
8144 22 1 142
8145 23 128 142
8146 14 64 143
8147 24 225 143
8148 14 32 144
8149 25 8 144
8150 14 16 145
8151 14 16 146
8152 14 16 147
8153 14 16 148
8154 14 16 149
8155 14 16 150
8156 14 16 151
8157 14 16 152
8158 15 129 140
8159 16 194 140
8160 15 219 141
8161 16 181 141
8162 17 249 141
8163 18 137 141
8164 19 128 141
8165 15 197 142
8166 18 8 142
8167 19 33 142
8168 20 225 142
8169 21 60 142
8170 15 185 143
8171 21 122 143
8172 22 255 143
8173 23 1 143
8174 15 128 144
8175 24 64 144
8176 15 64 145
8177 25 241 145
8178 26 8 145
8179 15 16 146
8180 27 255 146
8181 15 8 147
8182 15 8 148
8183 15 8 149
8184 15 8 150
8185 15 8 151
8186 16 129 142
8187 17 194 142
8188 16 219 143
8189 17 181 143
8190 18 249 143
8191 19 137 143
8192 20 128 143
8193 16 197 144
8194 19 8 144
8195 20 33 144
8196 21 225 144
8197 22 60 144
8198 23 31 144
8199 16 109 145
8200 22 80 145
8201 23 188 145
8202 24 129 145
8203 16 128 146
8204 25 32 146
8205 26 241 146
8206 16 32 147
8207 27 4 147
8208 28 255 147
8209 16 8 148
8210 29 129 148
8211 16 4 149
8212 16 4 150
8213 17 129 144
8214 18 194 144
8215 17 219 145
8216 18 181 145
8217 19 249 145
8218 20 137 145
8219 21 128 145
8220 17 197 146
8221 20 8 146
8222 21 33 146
8223 22 225 146
8224 23 60 146
8225 24 31 146
8226 17 109 147
8227 23 80 147
8228 24 188 147
8229 25 129 147
8230 26 123 147
8231 17 55 148
8232 26 177 148
8233 27 249 148
8234 28 4 148
8235 17 16 149
8236 29 256 149
8237 17 8 150
8238 30 193 150
8239 18 129 146
8240 19 194 146
8241 18 219 147
8242 19 181 147
8243 20 249 147
8244 21 137 147
8245 22 128 147
8246 18 197 148
8247 21 8 148
8248 22 33 148
8249 23 225 148
8250 24 60 148
8251 25 31 148
8252 18 109 149
8253 24 80 149
8254 25 188 149
8255 26 129 149
8256 27 123 149
8257 28 41 149
8258 18 13 150
8259 27 201 150
8260 28 252 150
8261 29 2 150
8262 31 34 150
8263 16 186 151
8264 19 129 148
8265 20 194 148
8266 19 219 149
8267 20 181 149
8268 21 249 149
8269 22 137 149
8270 23 128 149
8271 19 197 150
8272 22 8 150
8273 23 33 150
8274 24 225 150
8275 25 60 150
8276 26 31 150
8277 17 90 151
8278 18 252 151
8279 19 164 151
8280 25 160 151
8281 26 196 151
8282 27 155 151
8283 28 6 151
8284 29 129 151
8285 30 233 151
8286 31 228 151
8287 15 139 152
8288 20 129 150
8289 21 194 150
8290 20 219 151
8291 21 181 151
8292 22 249 151
8293 23 137 151
8294 24 128 151
8295 16 95 152
8296 17 228 152
8297 18 201 152
8298 19 113 152
8299 20 49 152
8300 23 216 152
8301 24 64 152
8302 25 24 152
8303 26 239 152
8304 27 56 152
8305 28 207 152
8306 29 56 152
8307 30 244 152
8308 31 245 152
8309 32 199 152
8310 33 38 152
8311 21 129 152
8312 22 194 152
8313 14 119 153
8314 15 47 153
8315 16 73 153
8316 17 56 153
8317 18 27 153
8318 19 4 153
8319 20 29 153
8320 21 194 153
8321 22 27 153
8322 23 36 153
8323 24 69 153
8324 25 95 153
8325 26 229 153
8326 27 212 153
8327 28 99 153
8328 29 23 153
8329 30 17 153
8330 31 244 153
8331 32 255 153
8332 33 72 153
8333 13 226 154
8334 14 102 154
8335 15 183 154
8336 16 74 154
8337 17 12 154
8338 18 43 154
8339 19 102 154
8340 20 177 154
8341 21 118 154
8342 22 103 154
8343 23 23 154
8344 24 255 154
8345 25 198 154
8346 26 106 154
8347 27 190 154
8348 28 24 154
8349 29 164 154
8350 30 145 154
8351 31 125 154
8352 32 167 154
8353 33 25 154
8354 34 38 154
8355 12 94 155
8356 13 93 155
8357 14 52 155
8358 15 106 155
8359 16 170 155
8360 17 35 155
8361 18 40 155
8362 19 252 155
8363 20 113 155
8364 21 212 155
8365 22 247 155
8366 23 83 155
8367 24 121 155
8368 25 126 155
8369 26 248 155
8370 27 71 155
8371 28 46 155
8372 29 21 155
8373 30 208 155
8374 31 94 155
8375 32 234 155
8376 33 68 155
8377 34 77 155
8378 35 128 155
8379 11 84 156
8380 12 229 156
8381 13 256 156
8382 14 248 156
8383 15 223 156
8384 16 84 156
8385 17 121 156
8386 18 186 156
8387 19 256 156
8388 20 207 156
8389 21 67 156
8390 22 238 156
8391 23 108 156
8392 24 164 156
8393 25 5 156
8394 26 180 156
8395 27 130 156
8396 28 145 156
8397 29 1 156
8398 30 5 156
8399 31 106 156
8400 32 43 156
8401 33 8 156
8402 34 90 156
8403 35 92 156
8404 36 219 156
8405 10 246 157
8406 11 71 157
8407 12 120 157
8408 13 29 157
8409 14 24 157
8410 15 100 157
8411 16 75 157
8412 17 154 157
8413 18 40 157
8414 19 113 157
8415 20 88 157
8416 21 151 157
8417 22 146 157
8418 23 219 157
8419 24 210 157
8420 25 42 157
8421 26 171 157
8422 27 70 157
8423 28 143 157
8424 29 185 157
8425 30 167 157
8426 31 213 157
8427 32 140 157
8428 33 186 157
8429 34 17 157
8430 35 105 157
8431 36 99 157
8432 37 206 157
8433 9 179 158
8434 10 1 158
8435 11 112 158
8436 12 75 158
8437 13 26 158
8438 14 152 158
8439 15 57 158
8440 16 168 158
8441 17 182 158
8442 18 150 158
8443 19 12 158
8444 20 230 158
8445 21 89 158
8446 22 248 158
8447 23 47 158
8448 24 157 158
8449 25 36 158
8450 26 240 158
8451 27 230 158
8452 28 92 158
8453 29 59 158
8454 30 192 158
8455 31 123 158
8456 32 89 158
8457 33 228 158
8458 34 213 158
8459 35 212 158
8460 36 96 158
8461 37 110 158
8462 38 196 158
8463 8 144 159
8464 9 173 159
8465 10 102 159
8466 11 125 159
8467 12 63 159
8468 13 202 159
8469 14 158 159
8470 15 29 159
8471 16 121 159
8472 17 236 159
8473 18 16 159
8474 19 157 159
8475 20 40 159
8476 21 252 159
8477 22 104 159
8478 23 130 159
8479 24 193 159
8480 25 141 159
8481 26 111 159
8482 27 55 159
8483 28 177 159
8484 29 165 159
8485 30 224 159
8486 31 179 159
8487 32 14 159
8488 33 119 159
8489 34 256 159
8490 35 136 159
8491 36 69 159
8492 37 76 159
8493 38 60 159
8494 39 173 159
8495 7 186 160
8496 8 246 160
8497 9 87 160
8498 10 72 160
8499 12 238 160
8500 14 142 160
8501 15 125 160
8502 16 209 160
8503 17 102 160
8504 18 71 160
8505 19 161 160
8506 20 85 160
8507 21 83 160
8508 22 147 160
8509 23 66 160
8510 24 154 160
8511 25 163 160
8512 26 179 160
8513 27 42 160
8514 28 227 160
8515 29 185 160
8516 30 232 160
8517 31 234 160
8518 32 235 160
8519 33 234 160
8520 34 45 160
8521 35 2 160
8522 36 236 160
8523 37 52 160
8524 38 81 160
8525 39 44 160
8526 6 239 161
8527 7 248 161
8528 8 41 161
8529 20 213 161
8530 22 51 161
8531 24 137 161
8532 25 47 161
8533 26 159 161
8534 27 75 161
8535 28 20 161
8536 29 204 161
8537 30 235 161
8538 31 202 161
8539 32 21 161
8540 33 203 161
8541 34 128 161
8542 35 206 161
8543 36 27 161
8544 37 114 161
8545 38 82 161
8546 39 147 161
8547 40 162 161
8548 41 170 161
8549 5 170 162
8550 6 161 162
8551 30 253 162
8552 32 163 162
8553 34 48 162
8554 35 206 162
8555 36 128 162
8556 37 13 162
8557 38 142 162
8558 39 50 162
8559 40 5 162
8560 41 152 162
8561 4 132 163
8562 40 125 163
8563 42 241 163
8564 43 2 163
8565 42 1 164
8566 41 193 163
8567 40 225 164
8568 39 249 163
8569 38 253 163
8570 37 256 163
8571 36 128 163
8572 35 32 163
8573 34 16 163
8574 33 4 162
8575 32 2 163
8576 31 129 162
8577 30 193 163
8578 29 241 162
8579 28 249 162
8580 27 255 162
8581 26 256 162
8582 25 64 162
8583 24 32 162
8584 23 8 161
8585 22 4 162
8586 21 1 161
8587 20 129 162
8588 19 225 161
8589 18 241 161
8590 17 253 161
8591 16 255 161
8592 15 128 161
8593 14 64 161
8594 13 16 160
8595 12 8 161
8596 11 2 160
8597 10 1 161
8598 9 193 161
8599 11 200 161
8600 13 152 161
8601 7 70 162
8602 8 6 162
8603 9 50 162
8604 10 78 162
8605 11 49 162
8606 13 174 162
8607 15 169 162
8608 17 108 162
8609 18 16 162
8610 44 2 165
8611 43 129 164
8612 42 193 165
8613 41 241 164
8614 40 249 165
8615 39 255 164
8616 38 256 164
8617 37 64 164
8618 36 32 164
8619 35 8 164
8620 34 4 164
8621 33 1 163
8622 32 129 164
8623 31 225 163
8624 30 241 164
8625 29 253 163
8626 28 255 163
8627 27 128 163
8628 26 64 163
8629 25 16 163
8630 24 8 163
8631 23 2 162
8632 22 1 163
8633 21 193 162
8634 20 225 163
8635 19 249 162
8636 5 126 163
8637 6 193 163
8638 16 128 162
8639 7 154 163
8640 14 16 162
8641 8 56 163
8642 12 2 162
8643 9 45 163
8644 10 193 163
8645 11 67 163
8646 12 157 163
8647 13 55 163
8648 14 126 163
8649 15 117 163
8650 16 32 163
8651 17 71 163
8652 18 89 163
8653 19 133 163
8654 21 93 163
8655 45 1 166
8656 44 129 166
8657 43 225 165
8658 42 241 166
8659 41 253 165
8660 40 255 166
8661 39 128 165
8662 38 64 165
8663 37 16 165
8664 36 8 165
8665 35 2 165
8666 34 1 165
8667 33 193 164
8668 32 225 165
8669 31 249 164
8670 30 253 165
8671 29 256 164
8672 28 128 164
8673 27 32 164
8674 26 16 164
8675 25 4 164
8676 24 2 164
8677 23 129 163
8678 22 193 164
8679 3 137 164
8680 20 249 164
8681 4 57 164
8682 5 156 164
8683 6 207 164
8684 7 31 164
8685 8 148 164
8686 9 201 164
8687 10 13 164
8688 11 250 164
8689 12 256 164
8690 13 3 164
8691 14 121 164
8692 15 185 164
8693 16 98 164
8694 17 203 164
8695 18 203 164
8696 19 99 164
8697 21 146 164
8698 23 149 164
8699 46 1 167
8700 45 193 167
8701 44 225 167
8702 43 249 166
8703 42 253 167
8704 41 256 166
8705 40 128 167
8706 39 32 166
8707 38 16 166
8708 37 4 166
8709 36 2 166
8710 35 129 166
8711 34 193 166
8712 33 241 165
8713 32 249 166
8714 31 255 165
8715 30 256 166
8716 29 64 165
8717 28 32 165
8718 27 8 165
8719 26 4 165
8720 25 1 165
8721 24 129 165
8722 2 104 165
8723 22 241 165
8724 3 112 165
8725 20 255 165
8726 4 223 165
8727 5 103 165
8728 6 33 165
8729 7 107 165
8730 8 184 165
8731 9 37 165
8732 10 170 165
8733 11 173 165
8734 12 129 165
8735 13 133 165
8736 14 68 165
8737 15 135 165
8738 16 12 165
8739 17 173 165
8740 18 167 165
8741 19 196 165
8742 47 129 168
8743 46 193 168
8744 45 241 168
8745 44 249 168
8746 43 255 167
8747 42 256 168
8748 41 64 167
8749 40 32 168
8750 39 8 167
8751 38 4 167
8752 37 1 167
8753 36 129 167
8754 35 225 167
8755 34 241 167
8756 33 253 166
8757 32 255 167
8758 31 128 166
8759 30 64 167
8760 29 16 166
8761 28 8 166
8762 27 2 166
8763 26 1 166
8764 25 193 166
8765 24 225 166
8766 23 249 165
8767 22 253 166
8768 21 256 165
8769 20 128 166
8770 1 116 166
8771 2 254 166
8772 3 254 166
8773 4 214 166
8774 5 85 166
8775 6 248 166
8776 7 34 166
8777 8 251 166
8778 9 45 166
8779 10 180 166
8780 12 28 166
8781 11 34 166
8782 13 218 166
8783 14 49 166
8784 48 129 169
8785 47 225 169
8786 46 241 169
8787 45 253 169
8788 44 255 169
8789 43 128 168
8790 42 64 169
8791 41 16 168
8792 40 8 169
8793 39 2 168
8794 38 1 168
8795 37 193 168
8796 36 225 168
8797 35 249 168
8798 34 253 168
8799 33 256 167
8800 32 128 168
8801 31 32 167
8802 30 16 168
8803 29 4 167
8804 28 2 167
8805 27 129 167
8806 26 193 167
8807 25 241 167
8808 24 249 167
8809 23 255 166
8810 22 256 167
8811 21 64 166
8812 20 32 167
8813 19 8 166
8814 18 4 166
8815 17 1 166
8816 16 129 166
8817 15 225 166
8818 0 111 167
8819 1 26 167
8820 2 218 167
8821 4 4 167
8822 6 134 167
8823 8 223 167
8824 10 152 167
8825 49 193 170
8826 48 225 170
8827 47 249 170
8828 46 253 170
8829 45 256 170
8830 44 128 170
8831 43 32 169
8832 42 16 170
8833 41 4 169
8834 40 2 170
8835 39 129 169
8836 38 193 169
8837 37 241 169
8838 36 249 169
8839 35 255 169
8840 34 256 169
8841 33 64 168
8842 32 32 169
8843 31 8 168
8844 30 4 169
8845 29 1 168
8846 28 129 168
8847 27 225 168
8848 26 241 168
8849 25 253 168
8850 24 255 168
8851 23 128 167
8852 22 64 168
8853 21 16 167
8854 20 8 168
8855 19 2 167
8856 18 1 167
8857 17 193 167
8858 16 225 167
8859 15 249 167
8860 14 253 167
8861 12 151 167
8862 13 254 167
8863 0 185 168
8864 1 115 168
8865 50 193 172
8866 49 241 171
8867 48 249 171
8868 47 255 171
8869 46 256 171
8870 45 64 171
8871 44 32 171
8872 43 8 170
8873 42 4 171
8874 41 1 170
8875 40 129 171
8876 39 225 170
8877 38 241 170
8878 37 253 170
8879 36 255 170
8880 35 128 170
8881 34 64 170
8882 33 16 169
8883 32 8 170
8884 31 2 169
8885 30 1 170
8886 29 193 169
8887 28 225 169
8888 27 249 169
8889 26 253 169
8890 25 256 169
8891 24 128 169
8892 23 32 168
8893 22 16 169
8894 21 4 168
8895 20 2 169
8896 19 129 168
8897 18 193 168
8898 17 241 168
8899 16 249 168
8900 15 255 168
8901 14 256 168
8902 12 173 168
8903 0 151 169
8904 51 225 172
8905 50 241 173
8906 49 253 172
8907 48 255 172
8908 47 128 172
8909 46 64 172
8910 45 16 172
8911 44 8 172
8912 43 2 171
8913 42 1 172
8914 41 193 171
8915 40 225 172
8916 39 249 171
8917 38 253 171
8918 37 256 171
8919 36 128 171
8920 35 32 171
8921 34 16 171
8922 33 4 170
8923 32 2 171
8924 31 129 170
8925 30 193 171
8926 29 241 170
8927 28 249 170
8928 27 255 170
8929 26 256 170
8930 25 64 170
8931 24 32 170
8932 23 8 169
8933 22 4 170
8934 21 1 169
8935 20 129 170
8936 19 225 169
8937 18 241 169
8938 17 253 169
8939 16 255 169
8940 15 128 169
8941 14 64 169
8942 52 225 174
8943 51 249 173
8944 50 253 174
8945 49 256 173
8946 48 128 173
8947 47 32 173
8948 46 16 173
8949 45 4 173
8950 44 2 173
8951 43 129 172
8952 42 193 173
8953 41 241 172
8954 40 249 173
8955 39 255 172
8956 38 256 172
8957 37 64 172
8958 36 32 172
8959 35 8 172
8960 34 4 172
8961 33 1 171
8962 32 129 172
8963 31 225 171
8964 30 241 172
8965 29 253 171
8966 28 255 171
8967 27 128 171
8968 26 64 171
8969 25 16 171
8970 24 8 171
8971 23 2 170
8972 22 1 171
8973 21 193 170
8974 20 225 171
8975 19 249 170
8976 18 253 170
8977 17 256 170
8978 16 128 170
8979 53 241 174
8980 52 249 175
8981 51 255 174
8982 50 256 175
8983 49 64 174
8984 48 32 174
8985 47 8 174
8986 46 4 174
8987 45 1 174
8988 44 129 174
8989 43 225 173
8990 42 241 174
8991 41 253 173
8992 40 255 174
8993 39 128 173
8994 38 64 173
8995 37 16 173
8996 36 8 173
8997 35 2 173
8998 34 1 173
8999 33 193 172
9000 32 225 173
9001 31 249 172
9002 30 253 173
9003 29 256 172
9004 28 128 172
9005 27 32 172
9006 26 16 172
9007 25 4 172
9008 24 2 172
9009 23 129 171
9010 22 193 172
9011 21 241 171
9012 20 249 172
9013 19 255 171
9014 18 256 171
9015 54 241 176
9016 53 253 175
9017 52 255 176
9018 51 128 175
9019 50 64 176
9020 49 16 175
9021 48 8 175
9022 47 2 175
9023 46 1 175
9024 45 193 175
9025 44 225 175
9026 43 249 174
9027 42 253 175
9028 41 256 174
9029 40 128 175
9030 39 32 174
9031 38 16 174
9032 37 4 174
9033 36 2 174
9034 35 129 174
9035 34 193 174
9036 33 241 173
9037 32 249 174
9038 31 255 173
9039 30 256 174
9040 29 64 173
9041 28 32 173
9042 27 8 173
9043 26 4 173
9044 25 1 173
9045 24 129 173
9046 23 225 172
9047 22 241 173
9048 21 253 172
9049 20 255 173
9050 55 249 177
9051 54 253 177
9052 53 256 176
9053 52 128 177
9054 51 32 176
9055 50 16 177
9056 49 4 176
9057 48 2 176
9058 47 129 176
9059 46 193 176
9060 45 241 176
9061 44 249 176
9062 43 255 175
9063 42 256 176
9064 41 64 175
9065 40 32 176
9066 39 8 175
9067 38 4 175
9068 37 1 175
9069 36 129 175
9070 35 225 175
9071 34 241 175
9072 33 253 174
9073 32 255 175
9074 31 128 174
9075 30 64 175
9076 29 16 174
9077 28 8 174
9078 27 2 174
9079 26 1 174
9080 25 193 174
9081 24 225 174
9082 23 249 173
9083 22 253 174
9084 56 249 178
9085 55 255 178
9086 54 256 178
9087 53 64 177
9088 52 32 178
9089 51 8 177
9090 50 4 178
9091 49 1 177
9092 48 129 177
9093 47 225 177
9094 46 241 177
9095 45 253 177
9096 44 255 177
9097 43 128 176
9098 42 64 177
9099 41 16 176
9100 40 8 177
9101 39 2 176
9102 38 1 176
9103 37 193 176
9104 36 225 176
9105 35 249 176
9106 34 253 176
9107 33 256 175
9108 32 128 176
9109 31 32 175
9110 30 16 176
9111 29 4 175
9112 28 2 175
9113 27 129 175
9114 26 193 175
9115 25 241 175
9116 24 249 175
9117 57 253 179
9118 56 255 179
9119 55 128 179
9120 54 64 179
9121 53 16 178
9122 52 8 179
9123 51 2 178
9124 50 1 179
9125 49 193 178
9126 48 225 178
9127 47 249 178
9128 46 253 178
9129 45 256 178
9130 44 128 178
9131 43 32 177
9132 42 16 178
9133 41 4 177
9134 40 2 178
9135 39 129 177
9136 38 193 177
9137 37 241 177
9138 36 249 177
9139 35 255 177
9140 34 256 177
9141 33 64 176
9142 32 32 177
9143 31 8 176
9144 30 4 177
9145 29 1 176
9146 28 129 176
9147 27 225 176
9148 26 241 176
9149 58 253 180
9150 57 256 180
9151 56 128 180
9152 55 32 180
9153 54 16 180
9154 53 4 179
9155 52 2 180
9156 51 129 179
9157 50 193 180
9158 49 241 179
9159 48 249 179
9160 47 255 179
9161 46 256 179
9162 45 64 179
9163 44 32 179
9164 43 8 178
9165 42 4 179
9166 41 1 178
9167 40 129 179
9168 39 225 178
9169 38 241 178
9170 37 253 178
9171 36 255 178
9172 35 128 178
9173 34 64 178
9174 33 16 177
9175 32 8 178
9176 31 2 177
9177 30 1 178
9178 29 193 177
9179 28 225 177
9180 59 255 181
9181 58 256 181
9182 57 64 181
9183 56 32 181
9184 55 8 181
9185 54 4 181
9186 53 1 180
9187 52 129 181
9188 51 225 180
9189 50 241 181
9190 49 253 180
9191 48 255 180
9192 47 128 180
9193 46 64 180
9194 45 16 180
9195 44 8 180
9196 43 2 179
9197 42 1 180
9198 41 193 179
9199 40 225 180
9200 39 249 179
9201 38 253 179
9202 37 256 179
9203 36 128 179
9204 35 32 179
9205 34 16 179
9206 33 4 178
9207 32 2 179
9208 31 129 178
9209 30 193 179
9210 60 255 183
9211 59 128 182
9212 58 64 182
9213 57 16 182
9214 56 8 182
9215 55 2 182
9216 54 1 182
9217 53 193 181
9218 52 225 182
9219 51 249 181
9220 50 253 182
9221 49 256 181
9222 48 128 181
9223 47 32 181
9224 46 16 181
9225 45 4 181
9226 44 2 181
9227 43 129 180
9228 42 193 181
9229 41 241 180
9230 40 249 181
9231 39 255 180
9232 38 256 180
9233 37 64 180
9234 36 32 180
9235 35 8 180
9236 34 4 180
9237 33 1 179
9238 32 129 180
9239 61 256 183
9240 60 128 184
9241 59 32 183
9242 58 16 183
9243 57 4 183
9244 56 2 183
9245 55 129 183
9246 54 193 183
9247 53 241 182
9248 52 249 183
9249 51 255 182
9250 50 256 183
9251 49 64 182
9252 48 32 182
9253 47 8 182
9254 46 4 182
9255 45 1 182
9256 44 129 182
9257 43 225 181
9258 42 241 182
9259 41 253 181
9260 40 255 182
9261 39 128 181
9262 38 64 181
9263 37 16 181
9264 36 8 181
9265 35 2 181
9266 34 1 181
9267 62 256 185
9268 61 64 184
9269 60 32 185
9270 59 8 184
9271 58 4 184
9272 57 1 184
9273 56 129 184
9274 55 225 184
9275 54 241 184
9276 53 253 183
9277 52 255 184
9278 51 128 183
9279 50 64 184
9280 49 16 183
9281 48 8 183
9282 47 2 183
9283 46 1 183
9284 45 193 183
9285 44 225 183
9286 43 249 182
9287 42 253 183
9288 41 256 182
9289 40 128 183
9290 39 32 182
9291 38 16 182
9292 37 4 182
9293 36 2 182
9294 63 128 185
9295 62 64 186
9296 61 16 185
9297 60 8 186
9298 59 2 185
9299 58 1 185
9300 57 193 185
9301 56 225 185
9302 55 249 185
9303 54 253 185
9304 53 256 184
9305 52 128 185
9306 51 32 184
9307 50 16 185
9308 49 4 184
9309 48 2 184
9310 47 129 184
9311 46 193 184
9312 45 241 184
9313 44 249 184
9314 43 255 183
9315 42 256 184
9316 41 64 183
9317 40 32 184
9318 39 8 183
9319 38 4 183
9320 64 128 187
9321 63 32 186
9322 62 16 187
9323 61 4 186
9324 60 2 187
9325 59 129 186
9326 58 193 186
9327 57 241 186
9328 56 249 186
9329 55 255 186
9330 54 256 186
9331 53 64 185
9332 52 32 186
9333 51 8 185
9334 50 4 186
9335 49 1 185
9336 48 129 185
9337 47 225 185
9338 46 241 185
9339 45 253 185
9340 44 255 185
9341 43 128 184
9342 42 64 185
9343 41 16 184
9344 40 8 185
9345 65 64 188
9346 64 32 188
9347 63 8 187
9348 62 4 188
9349 61 1 187
9350 60 129 188
9351 59 225 187
9352 58 241 187
9353 57 253 187
9354 56 255 187
9355 55 128 187
9356 54 64 187
9357 53 16 186
9358 52 8 187
9359 51 2 186
9360 50 1 187
9361 49 193 186
9362 48 225 186
9363 47 249 186
9364 46 253 186
9365 45 256 186
9366 44 128 186
9367 43 32 185
9368 42 16 186
9369 66 64 189
9370 65 16 189
9371 64 8 189
9372 63 2 188
9373 62 1 189
9374 61 193 188
9375 60 225 189
9376 59 249 188
9377 58 253 188
9378 57 256 188
9379 56 128 188
9380 55 32 188
9381 54 16 188
9382 53 4 187
9383 52 2 188
9384 51 129 187
9385 50 193 188
9386 49 241 187
9387 48 249 187
9388 47 255 187
9389 46 256 187
9390 45 64 187
9391 44 32 187
9392 67 32 190
9393 66 16 190
9394 65 4 190
9395 64 2 190
9396 63 129 189
9397 62 193 190
9398 61 241 189
9399 60 249 190
9400 59 255 189
9401 58 256 189
9402 57 64 189
9403 56 32 189
9404 55 8 189
9405 54 4 189
9406 53 1 188
9407 52 129 189
9408 51 225 188
9409 50 241 189
9410 49 253 188
9411 48 255 188
9412 47 128 188
9413 46 64 188
9414 68 32 191
9415 67 8 191
9416 66 4 191
9417 65 1 191
9418 64 129 191
9419 63 225 190
9420 62 241 191
9421 61 253 190
9422 60 255 191
9423 59 128 190
9424 58 64 190
9425 57 16 190
9426 56 8 190
9427 55 2 190
9428 54 1 190
9429 53 193 189
9430 52 225 190
9431 51 249 189
9432 50 253 190
9433 49 256 189
9434 48 128 189
9435 69 16 192
9436 68 8 192
9437 67 2 192
9438 66 1 192
9439 65 193 192
9440 64 225 192
9441 63 249 191
9442 62 253 192
9443 61 256 191
9444 60 128 192
9445 59 32 191
9446 58 16 191
9447 57 4 191
9448 56 2 191
9449 55 129 191
9450 54 193 191
9451 53 241 190
9452 52 249 191
9453 51 255 190
9454 50 256 191
9455 70 16 194
9456 69 4 193
9457 68 2 193
9458 67 129 193
9459 66 193 193
9460 65 241 193
9461 64 249 193
9462 63 255 192
9463 62 256 193
9464 61 64 192
9465 60 32 193
9466 59 8 192
9467 58 4 192
9468 57 1 192
9469 56 129 192
9470 55 225 192
9471 54 241 192
9472 53 253 191
9473 52 255 192
9474 71 8 194
9475 70 4 195
9476 69 1 194
9477 68 129 194
9478 67 225 194
9479 66 241 194
9480 65 253 194
9481 64 255 194
9482 63 128 193
9483 62 64 194
9484 61 16 193
9485 60 8 194
9486 59 2 193
9487 58 1 193
9488 57 193 193
9489 56 225 193
9490 55 249 193
9491 54 253 193
9492 72 8 196
9493 71 2 195
9494 70 1 196
9495 69 193 195
9496 68 225 195
9497 67 249 195
9498 66 253 195
9499 65 256 195
9500 64 128 195
9501 63 32 194
9502 62 16 195
9503 61 4 194
9504 60 2 195
9505 59 129 194
9506 58 193 194
9507 57 241 194
9508 56 249 194
9509 73 4 196
9510 72 2 197
9511 71 129 196
9512 70 193 197
9513 69 241 196
9514 68 249 196
9515 67 255 196
9516 66 256 196
9517 65 64 196
9518 64 32 196
9519 63 8 195
9520 62 4 196
9521 61 1 195
9522 60 129 196
9523 59 225 195
9524 58 241 195
9525 74 4 198
9526 73 1 197
9527 72 129 198
9528 71 225 197
9529 70 241 198
9530 69 253 197
9531 68 255 197
9532 67 128 197
9533 66 64 197
9534 65 16 197
9535 64 8 197
9536 63 2 196
9537 62 1 197
9538 61 193 196
9539 60 225 197
9540 75 2 199
9541 74 1 199
9542 73 193 198
9543 72 225 199
9544 71 249 198
9545 70 253 199
9546 69 256 198
9547 68 128 198
9548 67 32 198
9549 66 16 198
9550 65 4 198
9551 64 2 198
9552 63 129 197
9553 62 193 198
9554 76 2 200
9555 75 129 200
9556 74 193 200
9557 73 241 199
9558 72 249 200
9559 71 255 199
9560 70 256 200
9561 69 64 199
9562 68 32 199
9563 67 8 199
9564 66 4 199
9565 65 1 199
9566 64 129 199
9567 77 1 201
9568 76 129 201
9569 75 225 201
9570 74 241 201
9571 73 253 200
9572 72 255 201
9573 71 128 200
9574 70 64 201
9575 69 16 200
9576 68 8 200
9577 67 2 200
9578 66 1 200
9579 78 1 202
9580 77 193 202
9581 76 225 202
9582 75 249 202
9583 74 253 202
9584 73 256 201
9585 72 128 202
9586 71 32 201
9587 70 16 202
9588 69 4 201
9589 68 2 201
9590 79 129 203
9591 78 193 203
9592 77 241 203
9593 76 249 203
9594 75 255 203
9595 74 256 203
9596 73 64 202
9597 72 32 203
9598 71 8 202
9599 70 4 203
9600 80 129 205
9601 79 225 204
9602 78 241 204
9603 77 253 204
9604 76 255 204
9605 75 128 204
9606 74 64 204
9607 73 16 203
9608 72 8 204
9609 81 193 205
9610 80 225 206
9611 79 249 205
9612 78 253 205
9613 77 256 205
9614 76 128 205
9615 75 32 205
9616 74 16 205
9617 82 193 207
9618 81 241 206
9619 80 249 207
9620 79 255 206
9621 78 256 206
9622 77 64 206
9623 76 32 206
9624 83 225 207
9625 82 241 208
9626 81 253 207
9627 80 255 208
9628 79 128 207
9629 78 64 207
9630 84 225 209
9631 83 249 208
9632 82 253 209
9633 81 256 208
9634 80 128 209
9635 85 241 210
9636 84 249 210
9637 83 255 209
9638 82 256 210
9639 86 241 211
9640 85 253 211
9641 84 255 211
9642 87 249 212
9643 86 253 212
9644 88 249 213
9645 89 78 214
9646 87 13 213
9647 85 45 212
9648 83 136 210
9649 81 194 209
9650 79 118 208
9651 77 191 207
9652 75 246 206
9653 73 41 204
9654 71 221 203
9655 69 251 202
9656 67 256 201
9657 65 214 200
9658 63 207 198
9659 61 163 197
9660 59 70 196
9661 57 183 195
9662 55 159 194
9663 53 155 192
9664 51 240 191
9665 49 40 190
9666 47 178 189
9667 45 201 188
9668 43 162 186
9669 41 27 185
9670 39 133 184
9671 37 65 183
9672 35 225 182
9673 33 166 180
9674 31 199 179
9675 29 76 178
9676 27 184 177
9677 25 202 176
9678 23 205 174
9679 21 77 173
9680 19 227 172
9681 17 252 171
9682 15 42 170
9683 90 78 216
9684 88 13 214
9685 86 45 213
9686 84 136 212
9687 82 194 211
9688 80 118 210
9689 78 191 208
9690 76 246 207
9691 74 41 206
9692 72 221 205
9693 70 251 204
9694 68 256 202
9695 66 214 201
9696 64 207 200
9697 62 163 199
9698 60 70 198
9699 58 183 196
9700 56 159 195
9701 54 155 194
9702 52 240 193
9703 50 40 192
9704 48 178 190
9705 46 201 189
9706 44 162 188
9707 42 27 187
9708 40 133 186
9709 38 65 184
9710 36 225 183
9711 34 166 182
9712 32 199 181
9713 30 76 180
9714 28 184 178
9715 26 202 177
9716 24 205 176
9717 22 77 175
9718 20 227 174
9719 18 252 172
9720 91 39 216
9721 89 135 215
9722 87 151 214
9723 85 68 213
9724 83 97 211
9725 81 59 210
9726 79 224 209
9727 77 123 208
9728 75 149 207
9729 73 239 205
9730 71 254 204
9731 69 128 203
9732 67 107 202
9733 65 232 201
9734 63 210 199
9735 61 35 198
9736 59 220 197
9737 57 208 196
9738 55 206 195
9739 53 120 193
9740 51 20 192
9741 49 89 191
9742 47 229 190
9743 45 81 189
9744 43 142 187
9745 41 195 186
9746 39 161 185
9747 37 241 184
9748 35 83 183
9749 33 228 181
9750 31 38 180
9751 29 92 179
9752 27 101 178
9753 25 231 177
9754 23 167 175
9755 21 242 174
9756 92 39 218
9757 90 135 217
9758 88 151 215
9759 86 68 214
9760 84 97 213
9761 82 59 212
9762 80 224 211
9763 78 123 209
9764 76 149 208
9765 74 239 207
9766 72 254 206
9767 70 128 205
9768 68 107 203
9769 66 232 202
9770 64 210 201
9771 62 35 200
9772 60 220 199
9773 58 208 197
9774 56 206 196
9775 54 120 195
9776 52 20 194
9777 50 89 193
9778 48 229 191
9779 46 81 190
9780 44 142 189
9781 42 195 188
9782 40 161 187
9783 38 241 185
9784 36 83 184
9785 34 228 183
9786 32 38 182
9787 30 92 181
9788 28 101 179
9789 26 231 178
9790 24 167 177
9791 93 148 218
9792 91 196 217
9793 89 204 216
9794 87 34 215
9795 85 177 214
9796 83 158 212
9797 81 112 211
9798 79 190 210
9799 77 203 209
9800 75 248 208
9801 73 127 206
9802 71 64 205
9803 69 182 204
9804 67 116 203
9805 65 105 202
9806 63 146 200
9807 61 110 199
9808 59 104 198
9809 57 103 197
9810 55 60 196
9811 53 10 194
9812 51 173 193
9813 49 243 192
9814 47 169 191
9815 45 71 190
9816 43 226 188
9817 41 209 187
9818 39 249 186
9819 37 170 185
9820 35 114 184
9821 33 19 182
9822 31 46 181
9823 29 179 180
9824 27 244 179
9825 94 148 220
9826 92 196 219
9827 90 204 218
9828 88 34 216
9829 86 177 215
9830 84 158 214
9831 82 112 213
9832 80 190 212
9833 78 203 210
9834 76 248 209
9835 74 127 208
9836 72 64 207
9837 70 182 206
9838 68 116 204
9839 66 105 203
9840 64 146 202
9841 62 110 201
9842 60 104 200
9843 58 103 198
9844 56 60 197
9845 54 10 196
9846 52 173 195
9847 50 243 194
9848 48 169 192
9849 46 71 191
9850 44 226 190
9851 42 209 189
9852 40 249 188
9853 38 170 186
9854 36 114 185
9855 34 19 184
9856 32 46 183
9857 30 179 182
9858 95 74 221
9859 93 98 219
9860 91 102 218
9861 89 17 217
9862 87 217 216
9863 85 79 215
9864 83 56 213
9865 81 95 212
9866 79 230 211
9867 77 124 210
9868 75 192 209
9869 73 32 207
9870 71 91 206
9871 69 58 205
9872 67 181 204
9873 65 73 203
9874 63 55 201
9875 61 52 200
9876 59 180 199
9877 57 30 198
9878 55 5 197
9879 53 215 195
9880 51 250 194
9881 49 213 193
9882 47 164 192
9883 45 113 191
9884 43 233 189
9885 41 253 188
9886 39 85 187
9887 37 57 186
9888 35 138 185
9889 33 23 183
9890 96 74 222
9891 94 98 221
9892 92 102 220
9893 90 17 219
9894 88 217 217
9895 86 79 216
9896 84 56 215
9897 82 95 214
9898 80 230 213
9899 78 124 211
9900 76 192 210
9901 74 32 209
9902 72 91 208
9903 70 58 207
9904 68 181 205
9905 66 73 204
9906 64 55 203
9907 62 52 202
9908 60 180 201
9909 58 30 199
9910 56 5 198
9911 54 215 197
9912 52 250 196
9913 50 213 195
9914 48 164 193
9915 46 113 192
9916 44 233 191
9917 42 253 190
9918 40 85 189
9919 38 57 187
9920 36 138 186
9921 97 37 223
9922 95 49 222
9923 93 51 220
9924 91 137 219
9925 89 237 218
9926 87 168 217
9927 85 28 216
9928 83 176 214
9929 81 115 213
9930 79 62 212
9931 77 96 211
9932 75 16 210
9933 73 174 208
9934 71 29 207
9935 69 219 206
9936 67 165 205
9937 65 156 204
9938 63 26 202
9939 61 90 201
9940 59 15 200
9941 57 131 199
9942 55 236 198
9943 53 125 196
9944 51 235 195
9945 49 82 194
9946 47 185 193
9947 45 245 192
9948 43 255 190
9949 41 171 189
9950 39 157 188
9951 98 37 224
9952 96 49 223
9953 94 51 222
9954 92 137 221
9955 90 237 220
9956 88 168 218
9957 86 28 217
9958 84 176 216
9959 82 115 215
9960 80 62 214
9961 78 96 212
9962 76 16 211
9963 74 174 210
9964 72 29 209
9965 70 219 208
9966 68 165 206
9967 66 156 205
9968 64 26 204
9969 62 90 203
9970 60 15 202
9971 58 131 200
9972 56 236 199
9973 54 125 198
9974 52 235 197
9975 50 82 196
9976 48 185 194
9977 46 245 193
9978 44 255 192
9979 42 171 191
9980 99 147 225
9981 97 153 224
9982 95 154 223
9983 93 197 221
9984 91 247 220
9985 89 84 219
9986 87 14 218
9987 85 88 217
9988 83 186 215
9989 81 31 214
9990 79 48 213
9991 77 8 212
9992 75 87 211
9993 73 143 209
9994 71 238 208
9995 69 211 207
9996 67 78 206
9997 65 13 205
9998 63 45 203
9999 61 136 202
10000 59 194 201
10001 57 118 200
10002 55 191 199
10003 53 246 197
10004 51 41 196
10005 49 221 195
10006 47 251 194
10007 45 256 193
10008 100 147 227
10009 98 153 225
10010 96 154 224
10011 94 197 223
10012 92 247 222
10013 90 84 221
10014 88 14 219
10015 86 88 218
10016 84 186 217
10017 82 31 216
10018 80 48 215
10019 78 8 213
10020 76 87 212
10021 74 143 211
10022 72 238 210
10023 70 211 209
10024 68 78 207
10025 66 13 206
10026 64 45 205
10027 62 136 204
10028 60 194 203
10029 58 118 201
10030 56 191 200
10031 54 246 199
10032 52 41 198
10033 50 221 197
10034 48 251 195
10035 101 202 227
10036 99 205 226
10037 97 77 225
10038 95 227 224
10039 93 252 222
10040 91 42 221
10041 89 7 220
10042 87 44 219
10043 85 93 218
10044 83 144 216
10045 81 24 215
10046 79 4 214
10047 77 172 213
10048 75 200 212
10049 73 119 210
10050 71 234 209
10051 69 39 208
10052 67 135 207
10053 65 151 206
10054 63 68 204
10055 61 97 203
10056 59 59 202
10057 57 224 201
10058 55 123 200
10059 53 149 198
10060 51 239 197
10061 102 202 229
10062 100 205 228
10063 98 77 226
10064 96 227 225
10065 94 252 224
10066 92 42 223
10067 90 7 222
10068 88 44 220
10069 86 93 219
10070 84 144 218
10071 82 24 217
10072 80 4 216
10073 78 172 214
10074 76 200 213
10075 74 119 212
10076 72 234 211
10077 70 39 210
10078 68 135 208
10079 66 151 207
10080 64 68 206
10081 62 97 205
10082 60 59 204
10083 58 224 202
10084 56 123 201
10085 54 149 200
10086 103 101 229
10087 101 231 228
10088 99 167 227
10089 97 242 226
10090 95 126 225
10091 93 21 223
10092 91 132 222
10093 89 22 221
10094 87 175 220
10095 85 72 219
10096 83 12 217
10097 81 2 216
10098 79 86 215
10099 77 100 214
10100 75 188 213
10101 73 117 211
10102 71 148 210
10103 69 196 209
10104 67 204 208
10105 65 34 207
10106 63 177 205
10107 61 158 204
10108 59 112 203
10109 57 190 202
10110 104 101 231
10111 102 231 230
10112 100 167 229
10113 98 242 227
10114 96 126 226
10115 94 21 225
10116 92 132 224
10117 90 22 223
10118 88 175 221
10119 86 72 220
10120 84 12 219
10121 82 2 218
10122 80 86 217
10123 78 100 215
10124 76 188 214
10125 74 117 213
10126 72 148 212
10127 70 196 211
10128 68 204 209
10129 66 34 208
10130 64 177 207
10131 62 158 206
10132 60 112 205
10133 105 179 232
10134 103 244 230
10135 101 212 229
10136 99 121 228
10137 97 63 227
10138 95 139 226
10139 93 66 224
10140 91 11 223
10141 89 216 222
10142 87 36 221
10143 85 6 220
10144 83 1 218
10145 81 43 217
10146 79 50 216
10147 77 94 215
10148 75 187 214
10149 73 74 212
10150 71 98 211
10151 69 102 210
10152 67 17 209
10153 65 217 208
10154 63 79 206
10155 106 179 233
10156 104 244 232
10157 102 212 231
10158 100 121 230
10159 98 63 228
10160 96 139 227
10161 94 66 226
10162 92 11 225
10163 90 216 224
10164 88 36 222
10165 86 6 221
10166 84 1 220
10167 82 43 219
10168 80 50 218
10169 78 94 216
10170 76 187 215
10171 74 74 214
10172 72 98 213
10173 70 102 212
10174 68 17 210
10175 66 217 209
10176 107 218 234
10177 105 122 233
10178 103 106 231
10179 101 189 230
10180 99 160 229
10181 97 198 228
10182 95 33 227
10183 93 134 225
10184 91 108 224
10185 89 18 223
10186 87 3 222
10187 85 129 221
10188 83 150 219
10189 81 25 218
10190 79 47 217
10191 77 222 216
10192 75 37 215
10193 73 49 213
10194 71 51 212
10195 69 137 211
10196 108 218 235
10197 106 122 234
10198 104 106 233
10199 102 189 232
10200 100 160 231
10201 98 198 229
10202 96 33 228
10203 94 134 227
10204 92 108 226
10205 90 18 225
10206 88 3 223
10207 86 129 222
10208 84 150 221
10209 82 25 220
10210 80 47 219
10211 78 222 217
10212 76 37 216
10213 74 49 215
10214 72 51 214
10215 109 109 236
10216 107 61 235
10217 105 53 234
10218 103 223 232
10219 101 80 231
10220 99 99 230
10221 97 145 229
10222 95 67 228
10223 93 54 226
10224 91 9 225
10225 89 130 224
10226 87 193 223
10227 85 75 222
10228 83 141 220
10229 81 152 219
10230 79 111 218
10231 77 147 217
10232 75 153 216
10233 110 109 238
10234 108 61 236
10235 106 53 235
10236 104 223 234
10237 102 80 233
10238 100 99 232
10239 98 145 230
10240 96 67 229
10241 94 54 228
10242 92 9 227
10243 90 130 226
10244 88 193 224
10245 86 75 223
10246 84 141 222
10247 82 152 221
10248 80 111 220
10249 78 147 218
10250 111 183 238
10251 109 159 237
10252 107 155 236
10253 105 240 235
10254 103 40 233
10255 101 178 232
10256 99 201 231
10257 97 162 230
10258 95 27 229
10259 93 133 227
10260 91 65 226
10261 89 225 225
10262 87 166 224
10263 85 199 223
10264 83 76 221
10265 81 184 220
10266 112 183 240
10267 110 159 239
10268 108 155 237
10269 106 240 236
10270 104 40 235
10271 102 178 234
10272 100 201 233
10273 98 162 231
10274 96 27 230
10275 94 133 229
10276 92 65 228
10277 90 225 227
10278 88 166 225
10279 86 199 224
10280 84 76 223
10281 113 220 240
10282 111 208 239
10283 109 206 238
10284 107 120 237
10285 105 20 236
10286 103 89 234
10287 101 229 233
10288 99 81 232
10289 97 142 231
10290 95 195 230
10291 93 161 228
10292 91 241 227
10293 89 83 226
10294 87 228 225
10295 114 220 242
10296 112 208 241
10297 110 206 240
10298 108 120 238
10299 106 20 237
10300 104 89 236
10301 102 229 235
10302 100 81 234
10303 98 142 232
10304 96 195 231
10305 94 161 230
10306 92 241 229
10307 90 83 228
10308 115 110 243
10309 113 104 241
10310 111 103 240
10311 109 60 239
10312 107 10 238
10313 105 173 237
10314 103 243 235
10315 101 169 234
10316 99 71 233
10317 97 226 232
10318 95 209 231
10319 93 249 229
10320 116 110 244
10321 114 104 243
10322 112 103 242
10323 110 60 241
10324 108 10 239
10325 106 173 238
10326 104 243 237
10327 102 169 236
10328 100 71 235
10329 98 226 233
10330 96 209 232
10331 117 55 245
10332 115 52 244
10333 113 180 242
10334 111 30 241
10335 109 5 240
10336 107 215 239
10337 105 250 238
10338 103 213 236
10339 101 164 235
10340 99 113 234
10341 118 55 246
10342 116 52 245
10343 114 180 244
10344 112 30 243
10345 110 5 242
10346 108 215 240
10347 106 250 239
10348 104 213 238
10349 102 164 237
10350 119 156 247
10351 117 26 246
10352 115 90 245
10353 113 15 243
10354 111 131 242
10355 109 236 241
10356 107 125 240
10357 105 235 239
10358 120 156 249
10359 118 26 247
10360 116 90 246
10361 114 15 245
10362 112 131 244
10363 110 236 243
10364 108 125 241
10365 121 78 249
10366 119 13 248
10367 117 45 247
10368 115 136 246
10369 113 194 244
10370 111 118 243
10371 122 78 251
10372 120 13 250
10373 118 45 248
10374 116 136 247
10375 114 194 246
10376 123 39 251
10377 121 135 250
10378 119 151 249
10379 117 68 248
10380 124 39 253
10381 122 135 252
10382 120 151 251
10383 125 148 254
10384 123 196 252
10385 126 148 255
10386 3 18 167
10387 2 248 168
10388 1 133 169
10389 0 62 170
10390 0 62 171
10391 0 62 172
10392 0 62 173
10393 0 62 174
10394 0 62 175
10395 0 62 176
10396 0 62 177
10397 0 62 178
10398 0 62 179
10399 0 62 180
10400 0 62 181
10401 0 62 182
10402 0 62 183
10403 0 62 184
10404 0 62 185
10405 0 62 186
10406 0 62 187
10407 0 62 188
10408 0 62 189
10409 0 62 190
10410 0 62 191
10411 0 62 192
10412 0 62 193
10413 0 62 194
10414 0 62 195
10415 0 62 196
10416 0 62 197
10417 0 62 198
10418 0 62 199
10419 5 236 167
10420 3 16 168
10421 4 138 168
10422 2 65 169
10423 1 96 170
10424 1 96 171
10425 1 96 172
10426 1 96 173
10427 1 96 174
10428 1 96 175
10429 1 96 176
10430 1 96 177
10431 1 96 178
10432 1 96 179
10433 1 96 180
10434 1 96 181
10435 1 96 182
10436 1 96 183
10437 1 96 184
10438 1 96 185
10439 1 96 186
10440 1 96 187
10441 1 96 188
10442 1 96 189
10443 1 96 190
10444 1 96 191
10445 1 96 192
10446 1 96 193
10447 1 96 194
10448 1 96 195
10449 1 96 196
10450 1 96 197
10451 7 153 167
10452 5 67 168
10453 6 96 168
10454 3 236 169
10455 4 183 169
10456 2 16 170
10457 2 16 171
10458 2 16 172
10459 2 16 173
10460 2 16 174
10461 2 16 175
10462 2 16 176
10463 2 16 177
10464 2 16 178
10465 2 16 179
10466 2 16 180
10467 2 16 181
10468 2 16 182
10469 2 16 183
10470 2 16 184
10471 2 16 185
10472 2 16 186
10473 2 16 187
10474 2 16 188
10475 2 16 189
10476 2 16 190
10477 2 16 191
10478 2 16 192
10479 2 16 193
10480 2 16 194
10481 2 16 195
10482 9 207 167
10483 7 136 168
10484 8 145 168
10485 5 153 169
10486 6 172 169
10487 3 17 170
10488 4 47 170
10489 3 174 171
10490 3 174 172
10491 3 174 173
10492 3 174 174
10493 3 174 175
10494 3 174 176
10495 3 174 177
10496 3 174 178
10497 3 174 179
10498 3 174 180
10499 3 174 181
10500 3 174 182
10501 3 174 183
10502 3 174 184
10503 3 174 185
10504 3 174 186
10505 3 174 187
10506 3 174 188
10507 3 174 189
10508 3 174 190
10509 3 174 191
10510 3 174 192
10511 3 174 193
10512 11 144 167
10513 9 184 168
10514 10 45 168
10515 7 207 169
10516 8 142 169
10517 5 23 170
10518 6 245 170
10519 4 80 171
10520 5 144 171
10521 4 29 172
10522 4 29 173
10523 4 29 174
10524 4 29 175
10525 4 29 176
10526 4 29 177
10527 4 29 178
10528 4 29 179
10529 4 29 180
10530 4 29 181
10531 4 29 182
10532 4 29 183
10533 4 29 184
10534 4 29 185
10535 4 29 186
10536 4 29 187
10537 4 29 188
10538 4 29 189
10539 4 29 190
10540 4 29 191
10541 11 245 168
10542 13 216 168
10543 9 23 169
10544 10 97 169
10545 12 112 169
10546 7 16 170
10547 8 14 170
10548 6 78 171
10549 7 89 171
10550 5 80 172
10551 6 99 172
10552 5 219 173
10553 5 219 174
10554 5 219 175
10555 5 219 176
10556 5 219 177
10557 5 219 178
10558 5 219 179
10559 5 219 180
10560 5 219 181
10561 5 219 182
10562 5 219 183
10563 5 219 184
10564 5 219 185
10565 5 219 186
10566 5 219 187
10567 5 219 188
10568 5 219 189
10569 11 1 169
10570 13 239 169
10571 9 148 170
10572 10 99 170
10573 12 162 170
10574 14 55 170
10575 8 84 171
10576 9 121 171
10577 16 247 171
10578 7 78 172
10579 8 13 172
10580 6 117 173
10581 7 7 173
10582 6 165 174
10583 6 165 175
10584 6 165 176
10585 6 165 177
10586 6 165 178
10587 6 165 179
10588 6 165 180
10589 6 165 181
10590 6 165 182
10591 6 165 183
10592 6 165 184
10593 6 165 185
10594 6 165 186
10595 6 165 187
10596 11 107 170
10597 13 130 170
10598 10 96 171
10599 11 200 171
10600 12 115 171
10601 14 231 171
10602 15 205 171
10603 9 55 172
10604 10 187 172
10605 17 173 172
10606 8 98 173
10607 9 44 173
10608 19 62 173
10609 7 158 174
10610 8 171 174
10611 7 156 175
10612 7 156 176
10613 7 156 177
10614 7 156 178
10615 7 156 179
10616 7 156 180
10617 7 156 181
10618 7 156 182
10619 7 156 183
10620 7 156 184
10621 7 156 185
10622 13 125 171
10623 11 76 172
10624 12 101 172
10625 13 190 172
10626 14 195 172
10627 15 246 172
10628 16 185 172
10629 10 207 173
10630 11 57 173
10631 12 230 173
10632 18 28 173
10633 9 49 174
10634 10 138 174
10635 8 35 175
10636 9 160 175
10637 20 184 175
10638 8 26 176
10639 22 152 176
10640 8 26 177
10641 8 26 178
10642 8 26 179
10643 8 26 180
10644 8 26 181
10645 8 26 182
10646 8 26 183
10647 13 65 173
10648 14 237 173
10649 15 105 173
10650 16 42 173
10651 17 42 173
10652 11 10 174
10653 12 47 174
10654 13 128 174
10655 14 134 174
10656 15 144 174
10657 19 157 174
10658 11 154 175
10659 10 78 175
10660 12 121 175
10661 21 32 175
10662 9 72 176
10663 10 132 176
10664 23 111 176
10665 9 90 177
10666 9 90 178
10667 25 210 178
10668 9 90 179
10669 9 90 180
10670 9 90 181
10671 16 236 174
10672 17 46 174
10673 18 110 174
10674 13 20 175
10675 14 166 175
10676 15 75 175
10677 16 165 175
10678 17 166 175
10679 18 60 175
10680 11 149 176
10681 12 213 176
10682 13 25 176
10683 14 156 176
10684 20 47 176
10685 10 2 177
10686 11 128 177
10687 12 194 177
10688 22 153 177
10689 10 15 178
10690 24 37 178
10691 10 15 179
10692 26 187 179
10693 10 15 180
10694 19 74 175
10695 15 164 176
10696 16 150 176
10697 17 256 176
10698 18 135 176
10699 19 126 176
10700 21 157 176
10701 13 195 177
10702 14 9 177
10703 15 243 177
10704 16 212 177
10705 17 1 177
10706 18 215 177
10707 23 246 177
10708 11 62 178
10709 12 135 178
10710 13 57 178
10711 14 204 178
10712 11 155 179
10713 12 109 179
10714 25 208 179
10715 11 131 180
10716 19 131 177
10717 20 19 177
10718 21 40 177
10719 15 226 178
10720 16 240 178
10721 17 81 178
10722 18 66 178
10723 19 8 178
10724 20 25 178
10725 21 95 178
10726 22 71 178
10727 23 148 178
10728 13 205 179
10729 14 198 179
10730 15 22 179
10731 16 12 179
10732 24 197 179
10733 12 167 180
10734 13 64 180
10735 14 122 180
10736 26 11 180
10737 17 230 179
10738 18 204 179
10739 19 70 179
10740 20 4 179
10741 21 24 179
10742 22 170 179
10743 23 205 179
10744 15 156 180
10745 16 14 180
10746 17 107 180
10747 18 4 180
10748 19 87 180
10749 20 114 180
10750 21 94 180
10751 23 32 180
10752 25 98 180
10753 28 195 180
10754 27 8 180
10755 10 184 181
10756 11 174 181
10757 22 15 180
10758 24 109 180
10759 12 148 181
10760 13 254 181
10761 14 171 181
10762 15 225 181
10763 16 40 181
10764 17 17 181
10765 18 239 181
10766 19 187 181
10767 20 192 181
10768 21 164 181
10769 22 134 181
10770 23 53 181
10771 24 1 181
10772 25 53 181
10773 26 170 181
10774 27 161 181
10775 28 138 181
10776 29 167 181
10777 9 27 182
10778 10 39 182
10779 11 38 182
10780 12 227 182
10781 13 212 182
10782 14 17 182
10783 15 65 182
10784 16 255 182
10785 17 162 182
10786 18 5 182
10787 19 139 182
10788 20 89 182
10789 21 215 182
10790 22 91 182
10791 23 70 182
10792 24 198 182
10793 25 86 182
10794 26 244 182
10795 27 126 182
10796 28 81 182
10797 29 39 182
10798 31 153 182
10799 9 162 183
10800 10 99 183
10801 11 58 183
10802 12 114 183
10803 13 45 183
10804 14 250 183
10805 15 77 183
10806 16 100 183
10807 17 226 183
10808 18 11 183
10809 19 170 183
10810 20 230 183
10811 21 169 183
10812 22 63 183
10813 23 198 183
10814 24 173 183
10815 25 94 183
10816 26 69 183
10817 27 120 183
10818 28 249 183
10819 29 91 183
10820 30 167 183
10821 31 115 183
10822 8 225 184
10823 9 213 184
10824 10 255 184
10825 11 76 184
10826 12 197 184
10827 13 169 184
10828 14 111 184
10829 15 86 184
10830 16 32 184
10831 17 64 184
10832 18 250 184
10833 19 7 184
10834 20 239 184
10835 21 177 184
10836 22 160 184
10837 23 132 184
10838 24 21 184
10839 25 232 184
10840 26 34 184
10841 27 72 184
10842 28 13 184
10843 29 179 184
10844 30 162 184
10845 31 211 184
10846 32 2 184
10847 33 109 184
10848 8 198 185
10849 9 140 185
10850 10 233 185
10851 11 195 185
10852 12 176 185
10853 13 199 185
10854 14 20 185
10855 15 253 185
10856 16 160 185
10857 17 243 185
10858 18 7 185
10859 19 153 185
10860 20 242 185
10861 21 103 185
10862 22 182 185
10863 23 121 185
10864 24 57 185
10865 25 78 185
10866 26 115 185
10867 27 159 185
10868 28 62 185
10869 29 60 185
10870 30 82 185
10871 31 26 185
10872 32 177 185
10873 34 187 185
10874 33 99 185
10875 7 102 186
10876 8 57 186
10877 9 138 186
10878 10 150 186
10879 11 161 186
10880 12 27 186
10881 13 244 186
10882 14 54 186
10883 15 196 186
10884 16 219 186
10885 17 119 186
10886 18 94 186
10887 19 134 186
10888 20 98 186
10889 21 152 186
10890 22 136 186
10891 23 239 186
10892 24 66 186
10893 25 12 186
10894 26 28 186
10895 27 51 186
10896 28 193 186
10897 29 193 186
10898 30 176 186
10899 31 164 186
10900 32 74 186
10901 33 201 186
10902 34 108 186
10903 35 8 186
10904 7 129 187
10905 8 243 187
10906 10 13 187
10907 9 108 187
10908 11 221 187
10909 12 82 187
10910 13 255 187
10911 14 174 187
10912 15 203 187
10913 16 162 187
10914 17 138 187
10915 18 236 187
10916 19 116 187
10917 20 122 187
10918 21 5 187
10919 22 50 187
10920 23 68 187
10921 24 12 187
10922 25 105 187
10923 26 135 187
10924 27 205 187
10925 28 204 187
10926 29 64 187
10927 30 132 187
10928 31 75 187
10929 32 175 187
10930 33 49 187
10931 34 228 187
10932 35 85 187
10933 36 98 187
10934 37 206 187
10935 6 16 188
10936 7 10 188
10937 8 140 188
10938 9 137 188
10939 10 217 188
10940 11 55 188
10941 12 217 188
10942 13 33 188
10943 14 239 188
10944 6 216 189
10945 15 244 188
10946 5 18 190
10947 16 146 188
10948 17 166 188
10949 18 90 188
10950 19 65 188
10951 20 101 188
10952 21 18 188
10953 22 70 188
10954 23 185 188
10955 24 27 188
10956 25 139 188
10957 26 95 188
10958 27 187 188
10959 28 60 188
10960 29 32 188
10961 30 34 188
10962 31 42 188
10963 32 30 188
10964 33 55 188
10965 34 213 188
10966 35 212 188
10967 36 1 188
10968 37 12 188
10969 38 231 188
10970 7 53 189
10971 8 187 189
10972 9 135 189
10973 10 121 189
10974 11 167 189
10975 12 123 189
10976 13 65 189
10977 14 141 189
10978 15 50 189
10979 16 52 189
10980 17 13 189
10981 18 12 189
10982 19 152 189
10983 20 103 189
10984 21 100 189
10985 22 69 189
10986 23 189 189
10987 24 146 189
10988 25 86 189
10989 26 77 189
10990 27 199 189
10991 28 15 189
10992 29 73 189
10993 30 182 189
10994 31 242 189
10995 32 17 189
10996 33 180 189
10997 34 111 189
10998 35 234 189
10999 36 246 189
11000 37 186 189
11001 38 74 189
11002 39 219 189
11003 6 211 190
11004 7 231 190
11005 8 46 190
11006 9 96 190
11007 10 256 190
11008 11 105 190
11009 12 236 190
11010 13 138 190
11011 14 127 190
11012 15 254 190
11013 16 51 190
11014 17 167 190
11015 18 70 190
11016 19 31 190
11017 20 35 190
11018 21 61 190
11019 22 115 190
11020 23 204 190
11021 24 230 190
11022 25 183 190
11023 26 194 190
11024 27 37 190
11025 28 170 190
11026 29 116 190
11027 30 10 190
11028 31 12 190
11029 32 76 190
11030 33 189 190
11031 34 9 190
11032 35 99 190
11033 36 128 190
11034 37 244 190
11035 38 153 190
11036 39 158 190
11037 40 236 190
11038 41 109 190
11039 5 225 191
11040 6 111 191
11041 7 75 191
11042 8 134 191
11043 9 121 191
11044 10 48 191
11045 11 36 191
11046 12 90 191
11047 13 79 191
11048 14 54 191
11049 15 126 191
11050 16 145 191
11051 17 127 191
11052 18 61 191
11053 19 190 191
11054 20 167 191
11055 21 204 191
11056 22 214 191
11057 23 213 191
11058 24 136 191
11059 25 156 191
11060 26 5 191
11061 27 86 191
11062 28 20 191
11063 29 238 191
11064 30 17 191
11065 31 126 191
11066 32 130 191
11067 33 167 191
11068 34 11 191
11069 35 147 191
11070 36 135 191
11071 37 152 191
11072 38 115 191
11073 39 202 191
11074 40 61 191
11075 41 218 191
11076 43 90 191
11077 4 162 192
11078 5 126 192
11079 6 154 192
11080 7 56 192
11081 8 60 192
11082 9 234 192
11083 10 43 192
11084 11 196 192
11085 12 231 192
11086 13 118 192
11087 14 6 192
11088 15 244 192
11089 16 141 192
11090 17 125 192
11091 18 78 192
11092 19 70 192
11093 20 41 192
11094 21 256 192
11095 22 68 192
11096 23 130 192
11097 24 219 192
11098 25 5 192
11099 26 176 192
11100 27 202 192
11101 28 118 192
11102 29 51 192
11103 30 51 192
11104 31 91 192
11105 32 145 192
11106 33 26 192
11107 34 97 192
11108 35 37 192
11109 36 252 192
11110 37 224 192
11111 38 242 192
11112 39 6 192
11113 40 213 192
11114 41 111 192
11115 42 50 192
11116 43 35 192
11117 4 221 193
11118 5 208 193
11119 6 227 193
11120 7 180 193
11121 8 125 193
11122 9 47 193
11123 10 181 193
11124 11 179 193
11125 12 225 193
11126 13 230 193
11127 14 63 193
11128 15 11 193
11129 16 177 193
11130 17 104 193
11131 18 248 193
11132 19 220 193
11133 20 87 193
11134 21 70 193
11135 22 236 193
11136 23 29 193
11137 24 76 193
11138 25 180 193
11139 26 113 193
11140 27 184 193
11141 28 205 193
11142 29 113 193
11143 30 212 193
11144 31 68 193
11145 32 6 193
11146 33 202 193
11147 34 8 193
11148 35 166 193
11149 36 156 193
11150 37 94 193
11151 38 24 193
11152 39 30 193
11153 40 253 193
11154 41 21 193
11155 42 95 193
11156 43 47 193
11157 44 23 193
11158 3 1 194
11159 4 161 194
11160 5 11 194
11161 6 17 194
11162 7 239 194
11163 8 77 194
11164 9 184 194
11165 10 149 194
11166 11 157 194
11167 12 205 194
11168 13 213 194
11169 14 154 194
11170 15 86 194
11171 16 141 194
11172 17 156 194
11173 18 212 194
11174 19 244 194
11175 20 209 194
11176 21 71 194
11177 22 82 194
11178 23 208 194
11179 24 196 194
11180 25 223 194
11181 26 219 194
11182 27 19 194
11183 28 67 194
11184 29 153 194
11185 30 93 194
11186 31 76 194
11187 32 231 194
11188 33 169 194
11189 34 100 194
11190 35 192 194
11191 36 174 194
11192 37 34 194
11193 38 111 194
11194 39 212 194
11195 40 115 194
11196 41 81 194
11197 42 83 194
11198 43 118 194
11199 44 105 194
11200 45 51 194
11201 46 25 194
11202 3 253 195
11203 4 212 195
11204 5 65 195
11205 6 139 195
11206 7 169 195
11207 8 164 195
11208 9 127 195
11209 10 207 195
11210 11 116 195
11211 12 133 195
11212 13 51 195
11213 14 229 195
11214 15 135 195
11215 16 141 195
11216 17 187 195
11217 18 87 195
11218 19 15 195
11219 20 211 195
11220 21 114 195
11221 22 190 195
11222 23 48 195
11223 24 127 195
11224 25 129 195
11225 26 144 195
11226 27 84 195
11227 28 24 195
11228 29 83 195
11229 30 107 195
11230 31 186 195
11231 32 220 195
11232 33 106 195
11233 34 163 195
11234 35 250 195
11235 36 164 195
11236 37 182 195
11237 38 226 195
11238 39 102 195
11239 40 213 195
11240 41 144 195
11241 42 119 195
11242 43 170 195
11243 44 27 195
11244 45 216 195
11245 46 85 195
11246 47 175 195
11247 2 61 196
11248 3 103 196
11249 4 79 196
11250 5 106 196
11251 6 187 196
11252 7 183 196
11253 8 252 196
11254 9 254 196
11255 10 148 196
11256 11 111 196
11257 12 163 196
11258 13 59 196
11259 14 87 196
11260 15 111 196
11261 16 116 196
11262 17 96 196
11263 18 86 196
11264 19 1 196
11265 20 133 196
11266 21 42 196
11267 22 57 196
11268 23 61 196
11269 24 148 196
11270 25 155 196
11271 26 1 196
11272 27 136 196
11273 28 215 196
11274 29 9 196
11275 30 142 196
11276 31 94 196
11277 32 196 196
11278 33 213 196
11279 34 232 196
11280 35 141 196
11281 36 22 196
11282 37 202 196
11283 38 212 196
11284 39 102 196
11285 40 169 196
11286 41 194 196
11287 42 22 196
11288 43 181 196
11289 44 89 196
11290 45 83 196
11291 46 16 196
11292 47 202 196
11293 48 71 196
11294 49 208 196
11295 2 148 197
11296 3 97 197
11297 4 171 197
11298 5 5 197
11299 6 173 197
11300 7 10 197
11301 8 106 197
11302 9 102 197
11303 10 90 197
11304 11 150 197
11305 12 175 197
11306 13 119 197
11307 14 152 197
11308 15 70 197
11309 16 129 197
11310 17 32 197
11311 18 171 197
11312 19 50 197
11313 20 198 197
11314 21 59 197
11315 22 161 197
11316 23 64 197
11317 24 181 197
11318 25 118 197
11319 26 6 197
11320 27 121 197
11321 28 36 197
11322 29 131 197
11323 30 224 197
11324 31 110 197
11325 32 96 197
11326 33 15 197
11327 34 194 197
11328 35 16 197
11329 36 35 197
11330 37 2 197
11331 38 103 197
11332 40 147 197
11333 39 85 197
11334 41 145 197
11335 42 204 197
11336 43 244 197
11337 44 69 197
11338 45 24 197
11339 46 171 197
11340 47 50 197
11341 48 37 197
11342 49 24 197
11343 1 155 198
11344 2 70 198
11345 3 209 198
11346 4 32 198
11347 5 98 198
11348 6 241 198
11349 7 252 198
11350 8 45 198
11351 9 43 198
11352 10 98 198
11353 11 200 198
11354 12 176 198
11355 13 115 198
11356 14 9 198
11357 15 77 198
11358 16 240 198
11359 17 44 198
11360 18 92 198
11361 19 235 198
11362 20 229 198
11363 21 26 198
11364 22 142 198
11365 23 148 198
11366 24 150 198
11367 25 197 198
11368 26 209 198
11369 27 31 198
11370 28 64 198
11371 29 134 198
11372 30 184 198
11373 31 78 198
11374 32 176 198
11375 33 148 198
11376 34 102 198
11377 35 101 198
11378 36 118 198
11379 37 234 198
11380 38 185 198
11381 39 41 198
11382 40 14 198
11383 41 39 198
11384 42 136 198
11385 43 26 198
11386 44 37 198
11387 45 113 198
11388 46 166 198
11389 47 59 198
11390 48 246 198
11391 49 33 198
11392 50 199 198
11393 51 99 198
11394 1 38 199
11395 2 202 199
11396 20 141 199
11397 22 174 199
11398 24 212 199
11399 25 67 199
11400 26 198 199
11401 27 47 199
11402 28 10 199
11403 29 118 199
11404 30 213 199
11405 31 197 199
11406 32 131 199
11407 33 86 199
11408 34 170 199
11409 35 37 199
11410 36 48 199
11411 37 29 199
11412 39 28 199
11413 38 84 199
11414 40 30 199
11415 41 46 199
11416 42 201 199
11417 43 195 199
11418 44 54 199
11419 45 128 199
11420 46 31 199
11421 47 61 199
11422 48 140 199
11423 49 27 199
11424 50 93 199
11425 51 250 199
11426 52 102 199
11427 53 36 199
11428 24 7 200
11429 26 255 200
11430 27 196 200
11431 28 122 200
11432 29 210 200
11433 30 25 200
11434 31 191 200
11435 32 155 200
11436 33 168 200
11437 34 35 200
11438 35 208 200
11439 36 87 200
11440 37 236 200
11441 38 164 200
11442 39 214 200
11443 40 38 200
11444 41 79 200
11445 42 208 200
11446 43 256 200
11447 44 50 200
11448 45 106 200
11449 46 28 200
11450 47 144 200
11451 48 48 200
11452 49 172 200
11453 50 194 200
11454 51 148 200
11455 52 16 200
11456 53 48 200
11457 30 117 201
11458 31 217 201
11459 32 251 201
11460 33 117 201
11461 34 97 201
11462 35 77 201
11463 36 180 201
11464 37 145 201
11465 38 122 201
11466 39 38 201
11467 40 51 201
11468 41 224 201
11469 42 165 201
11470 43 90 201
11471 44 214 201
11472 45 168 201
11473 46 97 201
11474 47 208 201
11475 48 200 201
11476 49 35 201
11477 50 140 201
11478 51 37 201
11479 52 163 201
11480 53 160 201
11481 54 117 201
11482 55 194 201
11483 32 220 202
11484 34 187 202
11485 35 246 202
11486 36 45 202
11487 37 252 202
11488 38 227 202
11489 39 49 202
11490 40 173 202
11491 41 171 202
11492 42 194 202
11493 43 221 202
11494 44 117 202
11495 45 81 202
11496 46 67 202
11497 47 120 202
11498 48 12 202
11499 49 6 202
11500 50 50 202
11501 51 101 202
11502 52 52 202
11503 53 136 202
11504 54 220 202
11505 55 213 202
11506 56 6 202
11507 36 49 203
11508 38 92 203
11509 39 175 203
11510 40 126 203
11511 41 221 203
11512 42 13 203
11513 43 210 203
11514 44 59 203
11515 45 233 203
11516 46 117 203
11517 47 230 203
11518 48 75 203
11519 49 30 203
11520 50 53 203
11521 51 230 203
11522 52 58 203
11523 53 132 203
11524 54 75 203
11525 55 255 203
11526 56 224 203
11527 57 172 203
11528 58 24 203
11529 40 51 204
11530 42 25 204
11531 44 187 204
11532 43 214 204
11533 45 196 204
11534 46 169 204
11535 47 245 204
11536 48 233 204
11537 49 229 204
11538 50 41 204
11539 51 154 204
11540 52 55 204
11541 53 162 204
11542 54 248 204
11543 55 140 204
11544 56 193 204
11545 57 18 204
11546 58 103 204
11547 59 159 204
11548 44 33 205
11549 45 28 205
11550 46 93 205
11551 47 94 205
11552 48 183 205
11553 50 119 205
11554 51 105 205
11555 52 54 205
11556 49 128 205
11557 53 225 205
11558 54 98 205
11559 55 85 205
11560 57 47 205
11561 56 131 205
11562 58 69 205
11563 59 121 205
11564 61 92 205
11565 48 13 206
11566 50 143 206
11567 51 247 206
11568 52 8 206
11569 53 58 206
11570 54 206 206
11571 57 215 206
11572 56 129 206
11573 55 103 206
11574 58 71 206
11575 59 91 206
11576 60 98 206
11577 61 151 206
11578 50 160 207
11579 52 164 207
11580 54 158 207
11581 57 43 207
11582 56 180 207
11583 55 72 207
11584 58 124 207
11585 62 154 207
11586 60 218 207
11587 61 131 207
11588 59 250 207
11589 63 193 207
11590 54 252 208
11591 56 36 208
11592 57 248 208
11593 62 185 208
11594 60 4 208
11595 61 166 208
11596 59 50 208
11597 58 30 208
11598 64 197 208
11599 63 245 208
11600 62 37 209
11601 60 122 209
11602 61 92 209
11603 65 237 209
11604 64 245 209
11605 63 49 209
11606 62 213 210
11607 66 247 210
11608 65 253 210
11609 64 49 210
11610 67 168 210
11611 66 255 211
11612 68 84 211
11613 69 124 212
11614 67 31 211
11615 65 72 211
11616 63 9 210
11617 60 246 210
11618 59 113 209
11619 57 221 209
11620 55 248 208
11621 53 31 207
11622 51 72 207
11623 49 18 206
11624 47 133 206
11625 45 226 206
11626 42 232 205
11627 41 248 204
11628 39 62 204
11629 37 144 203
11630 35 36 203
11631 33 133 202
11632 30 76 202
11633 29 185 201
11634 27 239 201
11635 25 124 200
11636 23 144 199
11637 21 36 199
11638 3 66 199
11639 4 84 199
11640 5 252 199
11641 6 125 199
11642 7 18 199
11643 8 133 199
11644 9 188 199
11645 10 96 199
11646 11 235 199
11647 12 147 199
11648 13 225 199
11649 14 26 199
11650 15 254 199
11651 16 73 199
11652 17 32 199
11653 18 213 199
11654 70 124 213
11655 68 144 212
11656 66 36 212
11657 64 9 211
11658 62 195 211
11659 61 57 210
11660 58 239 209
11661 56 124 209
11662 54 31 209
11663 52 72 208
11664 50 18 208
11665 48 195 207
11666 46 113 206
11667 44 221 206
11668 43 53 205
11669 40 62 205
11670 38 72 204
11671 36 18 204
11672 34 133 203
11673 32 226 203
11674 31 28 202
11675 28 248 201
11676 26 62 201
11677 24 144 201
11678 22 36 200
11679 20 9 200
11680 19 137 199
11681 0 42 200
11682 1 253 200
11683 2 154 200
11684 3 252 200
11685 4 140 200
11686 5 101 200
11687 6 33 200
11688 7 253 200
11689 8 224 200
11690 9 243 200
11691 10 58 200
11692 11 51 200
11693 12 166 200
11694 71 192 213
11695 69 48 213
11696 67 12 212
11697 65 3 212
11698 63 161 211
11699 60 7 211
11700 59 251 210
11701 57 127 210
11702 55 96 209
11703 53 12 208
11704 51 3 208
11705 49 65 207
11706 47 209 207
11707 45 245 207
11708 42 104 206
11709 41 96 205
11710 39 24 205
11711 37 6 204
11712 35 130 204
11713 33 209 203
11714 30 116 203
11715 29 254 202
11716 27 192 202
11717 25 48 201
11718 23 6 200
11719 21 130 200
11720 13 119 200
11721 14 229 200
11722 15 57 200
11723 16 151 200
11724 17 121 200
11725 18 56 200
11726 19 7 200
11727 0 1 201
11728 1 144 201
11729 2 89 201
11730 3 86 201
11731 4 86 201
11732 5 10 201
11733 73 248 214
11734 70 48 214
11735 68 6 213
11736 66 130 213
11737 64 161 212
11738 62 233 212
11739 61 152 211
11740 58 192 210
11741 56 48 210
11742 54 12 210
11743 52 3 209
11744 50 65 209
11745 48 233 208
11746 46 251 207
11747 44 127 207
11748 43 39 206
11749 40 24 206
11750 38 3 205
11751 36 65 205
11752 34 209 204
11753 32 245 204
11754 31 167 203
11755 28 96 202
11756 26 24 202
11757 24 6 202
11758 22 130 201
11759 20 161 201
11760 6 139 201
11761 7 14 201
11762 8 176 201
11763 9 154 201
11764 10 252 201
11765 11 51 201
11766 12 125 201
11767 13 235 201
11768 14 220 201
11769 15 164 201
11770 16 98 201
11771 72 83 215
11772 71 8 214
11773 69 2 214
11774 67 129 213
11775 65 225 213
11776 63 253 212
11777 60 213 212
11778 59 64 211
11779 57 16 211
11780 55 4 210
11781 53 129 209
11782 51 225 209
11783 49 249 208
11784 47 255 208
11785 45 128 208
11786 42 99 207
11787 41 4 206
11788 39 1 206
11789 37 193 205
11790 35 241 205
11791 33 255 204
11792 30 30 204
11793 29 32 203
11794 27 8 203
11795 25 2 202
11796 23 193 201
11797 21 241 201
11798 17 178 201
11799 18 197 201
11800 19 16 201
11801 0 60 202
11802 1 93 202
11803 2 165 202
11804 3 79 202
11805 4 87 202
11806 5 196 202
11807 6 198 202
11808 74 32 216
11809 73 25 215
11810 70 2 215
11811 68 193 214
11812 66 241 214
11813 64 253 213
11814 62 256 213
11815 61 38 212
11816 58 8 211
11817 56 2 211
11818 54 129 211
11819 52 225 210
11820 50 249 210
11821 48 256 209
11822 46 64 208
11823 44 16 208
11824 43 191 207
11825 40 1 207
11826 38 225 206
11827 36 249 206
11828 34 255 205
11829 32 128 205
11830 31 162 204
11831 28 4 203
11832 26 1 203
11833 24 193 203
11834 22 241 202
11835 20 253 202
11836 7 73 202
11837 8 189 202
11838 9 124 202
11839 10 56 202
11840 11 42 202
11841 12 63 202
11842 13 235 202
11843 14 140 202
11844 75 182 217
11845 72 3 216
11846 71 86 215
11847 69 150 215
11848 67 166 214
11849 65 170 214
11850 63 214 213
11851 60 221 213
11852 59 174 212
11853 57 172 212
11854 55 43 211
11855 53 166 210
11856 51 170 210
11857 49 171 209
11858 47 107 209
11859 45 91 209
11860 42 26 208
11861 41 43 207
11862 39 75 207
11863 37 83 206
11864 35 85 206
11865 33 107 205
11866 30 55 205
11867 29 87 204
11868 27 86 204
11869 25 150 203
11870 23 83 202
11871 21 85 202
11872 15 200 202
11873 16 170 202
11874 17 27 202
11875 18 129 202
11876 19 22 202
11877 0 157 203
11878 1 203 203
11879 76 91 217
11880 74 87 217
11881 73 148 216
11882 70 150 216
11883 68 83 215
11884 66 85 215
11885 64 214 214
11886 62 182 214
11887 61 85 213
11888 58 86 212
11889 56 150 212
11890 54 166 212
11891 52 170 211
11892 50 171 211
11893 48 182 210
11894 46 174 209
11895 44 172 209
11896 43 226 208
11897 40 75 208
11898 38 170 207
11899 36 171 207
11900 34 107 206
11901 32 91 206
11902 31 102 205
11903 28 43 204
11904 26 75 204
11905 24 83 204
11906 22 85 203
11907 20 214 203
11908 2 224 203
11909 3 182 203
11910 4 62 203
11911 5 31 203
11912 6 23 203
11913 77 116 218
11914 75 29 218
11915 72 185 217
11916 71 25 216
11917 69 199 216
11918 67 114 215
11919 65 157 215
11920 63 116 214
11921 60 116 214
11922 59 200 213
11923 57 50 213
11924 55 141 212
11925 53 114 211
11926 51 157 211
11927 49 232 210
11928 47 58 210
11929 45 143 210
11930 42 202 209
11931 41 141 208
11932 39 228 208
11933 37 57 207
11934 35 207 207
11935 33 58 206
11936 30 67 206
11937 29 100 205
11938 27 25 205
11939 25 199 204
11940 23 57 203
11941 21 207 203
11942 7 134 203
11943 8 56 203
11944 9 186 203
11945 10 150 203
11946 78 58 219
11947 76 143 218
11948 74 100 218
11949 73 52 217
11950 70 199 217
11951 68 57 216
11952 66 207 216
11953 64 116 215
11954 62 29 215
11955 61 231 214
11956 58 25 213
11957 56 199 213
11958 54 114 213
11959 52 157 212
11960 50 232 212
11961 48 29 211
11962 46 200 210
11963 44 50 210
11964 43 118 209
11965 40 228 209
11966 38 157 208
11967 36 232 208
11968 34 58 207
11969 32 143 207
11970 31 209 206
11971 28 141 205
11972 26 228 205
11973 24 57 205
11974 22 207 204
11975 20 116 204
11976 18 143 203
11977 11 58 203
11978 79 105 219
11979 77 219 219
11980 75 119 219
11981 72 12 218
11982 71 76 217
11983 69 19 217
11984 67 69 216
11985 65 210 216
11986 63 219 215
11987 60 6 215
11988 59 94 214
11989 57 152 214
11990 55 38 213
11991 53 69 212
11992 51 210 212
11993 49 181 211
11994 47 238 211
11995 45 188 211
11996 42 132 210
11997 41 38 209
11998 39 138 209
11999 37 163 208
12000 35 105 208
12001 33 238 207
12002 30 49 207
12003 29 47 206
12004 27 76 206
12005 25 19 205
12006 23 163 204
12007 21 105 204
12008 19 219 203
12009 80 105 221
12010 78 238 220
12011 76 188 219
12012 74 47 219
12013 73 13 218
12014 70 19 218
12015 68 163 217
12016 66 105 217
12017 64 219 216
12018 62 119 216
12019 61 107 215
12020 58 76 214
12021 56 19 214
12022 54 69 214
12023 52 210 213
12024 50 181 213
12025 48 119 212
12026 46 94 211
12027 44 152 211
12028 43 96 210
12029 40 138 210
12030 38 210 209
12031 36 181 209
12032 34 238 208
12033 32 188 208
12034 31 127 207
12035 28 38 206
12036 26 138 206
12037 24 163 206
12038 22 105 205
12039 81 146 221
12040 79 165 220
12041 77 234 220
12042 75 187 220
12043 72 150 219
12044 71 46 218
12045 69 140 218
12046 67 35 217
12047 65 73 217
12048 63 234 216
12049 60 196 216
12050 59 111 215
12051 57 92 215
12052 55 23 214
12053 53 35 213
12054 51 73 213
12055 49 211 212
12056 47 117 212
12057 45 222 212
12058 42 242 211
12059 41 23 210
12060 39 70 210
12061 37 146 209
12062 35 165 209
12063 33 117 208
12064 30 17 208
12065 29 184 207
12066 27 46 207
12067 25 140 206
12068 82 146 222
12069 80 165 222
12070 78 117 221
12071 76 222 220
12072 74 184 220
12073 73 117 219
12074 70 140 219
12075 68 146 218
12076 66 165 218
12077 64 234 217
12078 62 187 217
12079 61 133 216
12080 58 46 215
12081 56 140 215
12082 54 35 215
12083 52 73 214
12084 50 211 214
12085 48 187 213
12086 46 111 212
12087 44 92 212
12088 43 89 211
12089 40 70 211
12090 38 73 210
12091 36 211 210
12092 34 117 209
12093 32 222 209
12094 31 182 208
12095 28 23 207
12096 83 110 222
12097 81 156 222
12098 79 39 221
12099 77 74 221
12100 75 147 221
12101 72 202 220
12102 71 109 219
12103 69 220 219
12104 67 55 218
12105 65 78 218
12106 63 74 217
12107 60 229 217
12108 59 101 216
12109 57 218 216
12110 55 183 215
12111 53 55 214
12112 51 78 214
12113 49 148 213
12114 47 37 213
12115 45 202 213
12116 42 192 212
12117 41 183 211
12118 39 110 211
12119 37 156 210
12120 35 39 210
12121 33 37 209
12122 30 242 209
12123 84 110 224
12124 82 156 223
12125 80 39 223
12126 78 37 222
12127 76 202 221
12128 74 179 221
12129 73 194 220
12130 70 220 220
12131 68 156 219
12132 66 39 219
12133 64 74 218
12134 62 147 218
12135 61 180 217
12136 58 109 216
12137 56 220 216
12138 54 55 216
12139 52 78 215
12140 50 148 215
12141 48 147 214
12142 46 101 213
12143 44 218 213
12144 43 200 212
12145 40 110 212
12146 38 78 211
12147 36 148 211
12148 34 37 210
12149 85 208 224
12150 83 26 223
12151 81 135 223
12152 79 98 222
12153 77 153 222
12154 75 231 222
12155 72 232 221
12156 71 208 220
12157 69 52 220
12158 67 13 219
12159 65 196 219
12160 63 153 218
12161 60 46 218
12162 59 122 217
12163 57 159 217
12164 55 104 216
12165 53 13 215
12166 51 196 215
12167 49 49 214
12168 47 205 214
12169 45 244 214
12170 42 10 213
12171 41 104 212
12172 39 26 212
12173 37 135 211
12174 86 104 225
12175 84 26 225
12176 82 135 224
12177 80 98 224
12178 78 205 223
12179 76 244 222
12180 74 61 222
12181 73 111 221
12182 70 52 221
12183 68 135 220
12184 66 98 220
12185 64 153 219
12186 62 231 219
12187 61 17 218
12188 58 208 217
12189 56 52 217
12190 54 13 217
12191 52 196 216
12192 50 49 216
12193 48 231 215
12194 46 122 214
12195 44 159 214
12196 43 199 213
12197 40 26 213
12198 87 206 226
12199 85 180 225
12200 83 151 224
12201 81 102 224
12202 79 154 223
12203 77 167 223
12204 75 106 223
12205 72 40 222
12206 71 180 221
12207 69 45 221
12208 67 204 220
12209 65 51 220
12210 63 167 219
12211 60 101 219
12212 59 155 218
12213 57 103 218
12214 55 90 217
12215 53 204 216
12216 51 51 216
12217 49 77 215
12218 47 212 215
12219 45 53 215
12220 42 229 214
12221 88 103 226
12222 86 90 226
12223 84 151 226
12224 82 102 225
12225 80 154 225
12226 78 212 224
12227 76 53 223
12228 74 206 223
12229 73 174 222
12230 70 45 222
12231 68 102 221
12232 66 154 221
12233 64 167 220
12234 62 106 220
12235 61 60 219
12236 58 180 218
12237 56 45 218
12238 54 204 218
12239 52 51 217
12240 50 77 217
12241 48 106 216
12242 46 155 215
12243 89 120 227
12244 87 30 227
12245 85 136 226
12246 83 17 225
12247 81 197 225
12248 79 242 224
12249 77 189 224
12250 75 240 224
12251 72 31 223
12252 71 136 222
12253 69 34 222
12254 67 137 221
12255 65 227 221
12256 63 189 220
12257 60 151 220
12258 59 60 219
12259 57 15 219
12260 55 68 218
12261 53 137 217
12262 51 227 217
12263 49 121 216
12264 91 10 228
12265 88 15 227
12266 86 68 227
12267 84 17 227
12268 82 197 226
12269 80 242 226
12270 78 223 225
12271 76 120 224
12272 74 30 224
12273 73 21 223
12274 70 34 223
12275 68 197 222
12276 66 242 222
12277 64 189 221
12278 62 240 221
12279 61 241 220
12280 58 136 219
12281 56 34 219
12282 54 137 219
12283 52 227 218
12284 90 17 229
12285 89 5 228
12286 87 194 228
12287 85 177 227
12288 83 247 226
12289 81 126 226
12290 79 160 225
12291 77 40 225
12292 75 10 225
12293 72 151 224
12294 71 177 223
12295 69 237 223
12296 67 252 222
12297 65 63 222
12298 63 40 221
12299 60 166 221
12300 59 131 220
12301 57 97 220
12302 55 217 219
12303 92 20 230
12304 91 31 229
12305 88 97 228
12306 86 217 228
12307 84 247 228
12308 82 126 227
12309 80 160 227
12310 78 20 226
12311 76 5 225
12312 74 194 225
12313 73 229 224
12314 70 237 224
12315 68 126 223
12316 66 160 223
12317 64 40 222
12318 62 10 222
12319 61 111 221
12320 58 177 220
12321 93 89 230
12322 90 156 230
12323 89 118 229
12324 87 158 229
12325 85 168 228
12326 83 21 227
12327 81 198 227
12328 79 178 226
12329 77 173 226
12330 75 236 226
12331 72 136 225
12332 71 168 224
12333 69 42 224
12334 67 139 223
12335 65 99 223
12336 63 173 222
12337 60 254 222
12338 94 89 231
12339 92 215 231
12340 91 57 230
12341 88 79 229
12342 86 84 229
12343 84 21 229
12344 82 198 228
12345 80 178 228
12346 78 215 227
12347 76 118 226
12348 74 158 226
12349 73 7 225
12350 70 42 225
12351 68 198 224
12352 66 178 224
12353 64 173 223
12354 95 201 232
12355 93 250 231
12356 90 69 231
12357 89 112 230
12358 87 28 230
12359 85 7 229
12360 83 33 228
12361 81 201 228
12362 79 243 227
12363 77 125 227
12364 75 224 227
12365 72 99 226
12366 71 7 225
12367 69 66 225
12368 67 145 224
12369 96 229 233
12370 94 250 232
12371 92 191 232
12372 91 197 231
12373 88 14 230
12374 86 132 230
12375 84 33 230
12376 82 201 229
12377 80 243 229
12378 78 191 228
12379 76 112 227
12380 74 28 227
12381 73 238 226
12382 70 66 226
12383 97 162 233
12384 95 169 233
12385 93 246 232
12386 90 12 232
12387 89 176 231
12388 87 44 231
12389 85 11 230
12390 83 162 229
12391 81 169 229
12392 79 235 228
12393 77 123 228
12394 75 95 228
12395 72 165 227
12396 98 81 234
12397 96 213 234
12398 94 246 233
12399 92 190 233
12400 91 106 232
12401 88 22 231
12402 86 134 231
12403 84 162 231
12404 82 169 230
12405 80 235 230
12406 78 190 229
12407 76 176 228
12408 99 27 235
12409 97 71 234
12410 95 82 234
12411 93 203 233
12412 90 100 233
12413 89 93 232
12414 87 216 232
12415 85 54 231
12416 83 71 230
12417 81 82 230
12418 79 149 229
12419 100 27 236
12420 98 164 235
12421 96 41 235
12422 94 203 234
12423 92 115 234
12424 91 25 233
12425 88 108 232
12426 86 27 232
12427 84 71 232
12428 82 82 231
12429 101 133 236
12430 99 226 236
12431 97 185 235
12432 95 239 235
12433 93 62 234
12434 90 40 234
12435 89 36 233
12436 87 9 233
12437 85 195 232
12438 103 250 237
12439 100 226 237
12440 98 221 236
12441 96 248 236
12442 94 62 235
12443 92 144 235
12444 91 142 234
12445 88 133 233
12446 102 207 238
12447 101 209 237
12448 99 245 237
12449 97 254 236
12450 95 192 236
12451 93 24 235
12452 90 241 235
12453 104 65 239
12454 103 158 238
12455 100 245 238
12456 98 127 237
12457 96 96 237
12458 94 24 236
12459 105 193 240
12460 102 183 239
12461 101 255 238
12462 99 128 238
12463 97 32 237
12464 106 225 240
12465 104 249 240
12466 103 110 239
12467 100 128 239
12468 107 75 241
12469 105 83 241
12470 102 176 240
12471 108 166 242
12472 106 170 241
12473 109 141 242
12474 110 46 244
12475 107 179 242
12476 104 218 241
12477 101 122 239
12478 98 61 238
12479 95 106 237
12480 92 53 236
12481 89 223 234
12482 86 240 233
12483 83 40 231
12484 80 40 231
12485 77 178 229
12486 74 89 228
12487 71 229 226
12488 68 243 225
12489 65 81 224
12490 62 169 223
12491 59 71 221
12492 56 164 220
12493 53 113 218
12494 50 113 218
12495 47 233 216
12496 44 245 215
12497 41 255 213
12498 38 256 212
12499 35 171 211
12500 32 214 210
12501 29 207 208
12502 26 232 207
12503 23 210 205
12504 20 210 205
12505 17 35 203
12506 15 146 203
12507 12 139 203
12508 111 179 244
12509 108 218 243
12510 105 244 242
12511 103 65 240
12512 99 106 239
12513 96 53 238
12514 93 223 236
12515 91 192 235
12516 87 80 234
12517 84 40 233
12518 81 178 231
12519 78 89 230
12520 75 201 229
12521 73 101 227
12522 69 81 226
12523 66 169 225
12524 63 71 223
12525 61 128 222
12526 57 226 221
12527 54 113 220
12528 51 233 218
12529 48 245 217
12530 45 253 216
12531 43 178 214
12532 39 171 213
12533 36 214 212
12534 33 207 210
12535 31 75 209
12536 27 163 208
12537 24 210 207
12538 21 35 205
12539 18 146 204
12540 112 179 245
12541 109 244 243
12542 106 122 242
12543 102 62 241
12544 100 106 240
12545 97 189 238
12546 94 223 237
12547 90 57 236
12548 88 40 234
12549 85 99 233
12550 82 178 232
12551 79 201 230
12552 76 229 229
12553 72 25 228
12554 70 81 227
12555 67 142 225
12556 64 71 224
12557 60 224 223
12558 58 113 221
12559 55 209 220
12560 52 233 219
12561 49 253 217
12562 46 255 216
12563 42 77 215
12564 40 171 214
12565 37 157 212
12566 34 207 211
12567 30 23 210
12568 28 210 208
12569 25 70 207
12570 113 244 245
12571 110 244 245
12572 107 212 243
12573 104 106 242
12574 101 189 240
12575 98 223 239
12576 95 160 238
12577 92 80 237
12578 89 99 235
12579 86 178 234
12580 83 201 232
12581 80 201 232
12582 77 162 230
12583 74 81 229
12584 71 142 227
12585 68 71 226
12586 65 195 225
12587 62 226 224
12588 59 209 222
12589 56 233 221
12590 53 253 219
12591 50 253 219
12592 47 85 217
12593 44 171 216
12594 41 157 214
12595 38 207 213
12596 35 69 212
12597 32 163 211
12598 114 244 247
12599 111 212 245
12600 108 106 244
12601 105 121 243
12602 103 93 241
12603 99 160 240
12604 96 80 239
12605 93 99 237
12606 91 65 236
12607 87 145 235
12608 84 201 234
12609 81 162 232
12610 78 81 231
12611 75 27 230
12612 73 70 228
12613 69 195 227
12614 66 226 226
12615 63 209 224
12616 61 120 223
12617 57 249 222
12618 54 253 221
12619 51 85 219
12620 48 171 218
12621 45 57 217
12622 43 100 215
12623 39 69 214
12624 115 167 247
12625 112 212 246
12626 109 121 244
12627 106 189 243
12628 102 222 242
12629 100 160 241
12630 97 198 239
12631 94 99 238
12632 90 135 237
12633 88 201 235
12634 85 67 234
12635 82 162 233
12636 79 27 231
12637 76 142 230
12638 72 45 229
12639 70 195 228
12640 67 161 226
12641 64 209 225
12642 60 151 224
12643 58 253 222
12644 55 170 221
12645 52 85 220
12646 49 57 218
12647 46 157 217
12648 116 212 248
12649 113 121 246
12650 110 121 246
12651 107 63 244
12652 104 160 243
12653 101 198 241
12654 98 99 240
12655 95 33 239
12656 92 145 238
12657 89 67 236
12658 86 162 235
12659 83 27 233
12660 80 27 233
12661 77 133 231
12662 74 195 230
12663 71 161 228
12664 68 209 227
12665 65 241 226
12666 62 249 225
12667 59 170 223
12668 56 85 222
12669 53 57 220
12670 117 242 249
12671 114 121 248
12672 111 63 246
12673 108 160 245
12674 105 139 244
12675 103 229 242
12676 99 33 241
12677 96 145 240
12678 93 67 238
12679 91 151 237
12680 87 54 236
12681 84 27 235
12682 81 133 233
12683 78 195 232
12684 75 65 231
12685 73 192 229
12686 69 241 228
12687 66 249 227
12688 63 170 225
12689 61 143 224
12690 118 121 249
12691 115 126 248
12692 112 63 247
12693 109 139 245
12694 106 198 244
12695 102 215 243
12696 100 33 242
12697 97 134 240
12698 94 67 239
12699 90 199 238
12700 88 27 236
12701 85 9 235
12702 82 133 234
12703 79 65 232
12704 76 161 231
12705 72 249 230
12706 70 241 229
12707 67 83 227
12708 119 126 250
12709 116 63 249
12710 113 139 247
12711 110 139 247
12712 107 66 245
12713 104 33 244
12714 101 134 242
12715 98 67 241
12716 95 108 240
12717 92 54 239
12718 89 9 237
12719 86 133 236
12720 83 65 234
12721 80 65 234
12722 77 225 232
12723 74 241 231
12724 121 204 251
12725 117 21 250
12726 114 139 249
12727 111 66 247
12728 108 33 246
12729 105 11 245
12730 103 112 243
12731 99 108 242
12732 96 54 241
12733 93 9 239
12734 91 118 238
12735 87 130 237
12736 84 65 236
12737 81 225 234
12738 120 176 252
12739 118 139 250
12740 115 132 249
12741 112 66 248
12742 109 11 246
12743 106 134 245
12744 102 36 244
12745 100 108 243
12746 97 18 241
12747 94 9 240
12748 90 38 239
12749 88 65 237
12750 122 21 253
12751 119 132 251
12752 116 66 250
12753 113 11 248
12754 110 11 248
12755 107 216 246
12756 104 108 245
12757 101 18 243
12758 98 9 242
12759 95 3 241
12760 123 132 253
12761 121 228 252
12762 117 22 251
12763 114 11 250
12764 111 216 248
12765 108 108 247
12766 105 36 246
12767 103 245 244
12768 124 132 254
12769 120 109 253
12770 118 11 251
12771 115 175 250
12772 112 216 249
12773 109 36 247
12774 125 44 255
12775 122 22 254
12776 119 175 252
12777 116 216 251
12778 126 22 256
12779 123 175 254
12780 13 52 203
12781 14 101 203
12782 16 75 203
12783 0 194 204
12784 1 201 204
12785 0 196 205
12786 0 196 206
12787 0 196 207
12788 0 196 208
12789 0 196 209
12790 0 196 210
12791 0 196 211
12792 0 196 212
12793 0 196 213
12794 0 196 214
12795 0 196 215
12796 0 196 216
12797 0 196 217
12798 0 196 218
12799 0 196 219
12800 0 196 220
12801 0 196 221
12802 0 196 222
12803 0 196 223
12804 0 196 224
12805 2 58 204
12806 3 140 204
12807 4 34 204
12808 5 129 204
12809 6 14 204
12810 7 130 204
12811 8 125 204
12812 1 51 205
12813 1 51 206
12814 1 51 207
12815 1 51 208
12816 1 51 209
12817 1 51 210
12818 1 51 211
12819 1 51 212
12820 1 51 213
12821 1 51 214
12822 1 51 215
12823 1 51 216
12824 1 51 217
12825 1 51 218
12826 1 51 219
12827 1 51 220
12828 1 51 221
12829 9 125 204
12830 10 235 204
12831 11 153 204
12832 12 202 204
12833 13 241 204
12834 14 53 204
12835 15 27 204
12836 16 224 204
12837 19 236 204
12838 2 227 205
12839 2 227 206
12840 2 227 207
12841 2 227 208
12842 2 227 209
12843 2 227 210
12844 2 227 211
12845 2 227 212
12846 2 227 213
12847 2 227 214
12848 2 227 215
12849 2 227 216
12850 2 227 217
12851 2 227 218
12852 17 143 204
12853 3 185 205
12854 4 53 205
12855 5 184 205
12856 6 75 205
12857 7 133 205
12858 8 218 205
12859 9 122 205
12860 10 240 205
12861 11 149 205
12862 3 63 206
12863 20 198 206
12864 22 222 206
12865 3 63 207
12866 3 63 208
12867 3 63 209
12868 3 63 210
12869 3 63 211
12870 3 63 212
12871 3 63 213
12872 3 63 214
12873 3 63 215
12874 12 194 205
12875 13 5 205
12876 14 177 205
12877 15 221 205
12878 16 51 205
12879 17 101 205
12880 18 111 205
12881 19 33 205
12882 4 224 206
12883 5 41 206
12884 6 116 206
12885 7 196 206
12886 21 56 206
12887 23 55 206
12888 4 99 207
12889 4 99 208
12890 26 216 208
12891 4 99 209
12892 4 99 210
12893 4 99 211
12894 4 99 212
12895 8 254 206
12896 9 26 206
12897 10 68 206
12898 11 105 206
12899 12 49 206
12900 13 32 206
12901 14 1 206
12902 15 64 206
12903 16 238 206
12904 17 40 206
12905 18 14 206
12906 19 58 206
12907 5 142 207
12908 6 215 207
12909 22 14 207
12910 5 229 208
12911 24 179 208
12912 5 229 209
12913 27 18 209
12914 29 137 209
12915 7 174 207
12916 8 33 207
12917 9 2 207
12918 10 140 207
12919 11 76 207
12920 12 65 207
12921 13 77 207
12922 14 179 207
12923 15 229 207
12924 16 102 207
12925 17 74 207
12926 18 141 207
12927 19 93 207
12928 20 29 207
12929 21 204 207
12930 23 235 207
12931 6 213 208
12932 25 135 208
12933 6 213 209
12934 7 24 208
12935 8 2 208
12936 9 16 208
12937 10 148 208
12938 11 230 208
12939 12 125 208
12940 13 256 208
12941 14 105 208
12942 15 83 208
12943 16 44 208
12944 17 42 208
12945 18 248 208
12946 19 177 208
12947 20 2 208
12948 21 216 208
12949 22 181 208
12950 23 156 208
12951 7 41 209
12952 8 211 209
12953 9 128 209
12954 10 234 209
12955 11 227 209
12956 12 146 209
12957 13 178 209
12958 14 229 209
12959 15 60 209
12960 16 211 209
12961 17 104 209
12962 18 190 209
12963 19 46 209
12964 20 119 209
12965 21 78 209
12966 22 114 209
12967 23 46 209
12968 24 223 209
12969 25 133 209
12970 26 38 209
12971 28 226 209
12972 5 34 210
12973 6 148 210
12974 7 256 210
12975 8 119 210
12976 9 189 210
12977 10 99 210
12978 11 59 210
12979 12 95 210
12980 13 23 210
12981 14 48 210
12982 15 237 210
12983 16 148 210
12984 17 226 210
12985 18 29 210
12986 19 88 210
12987 20 50 210
12988 21 146 210
12989 22 151 210
12990 23 189 210
12991 24 242 210
12992 25 184 210
12993 26 222 210
12994 27 187 210
12995 28 102 210
12996 29 229 210
12997 31 134 210
12998 5 5 211
12999 6 131 211
13000 7 243 211
13001 8 95 211
13002 9 174 211
13003 10 117 211
13004 11 116 211
13005 12 236 211
13006 13 134 211
13007 14 197 211
13008 15 161 211
13009 16 16 211
13010 17 204 211
13011 18 63 211
13012 20 145 211
13013 19 64 211
13014 21 39 211
13015 22 231 211
13016 23 205 211
13017 24 109 211
13018 25 46 211
13019 26 70 211
13020 27 81 211
13021 28 233 211
13022 29 88 211
13023 30 171 211
13024 31 180 211
13025 33 137 211
13026 5 65 212
13027 6 136 212
13028 7 16 212
13029 8 51 212
13030 9 247 212
13031 10 221 212
13032 11 68 212
13033 12 4 212
13034 13 160 212
13035 14 119 212
13036 15 168 212
13037 16 236 212
13038 17 177 212
13039 18 25 212
13040 19 165 212
13041 20 111 212
13042 21 71 212
13043 22 225 212
13044 23 211 212
13045 24 119 212
13046 25 143 212
13047 26 124 212
13048 27 157 212
13049 28 120 212
13050 29 180 212
13051 30 213 212
13052 31 196 212
13053 32 242 212
13054 33 96 212
13055 34 143 212
13056 4 166 213
13057 5 28 213
13058 6 10 213
13059 7 178 213
13060 8 150 213
13061 9 116 213
13062 10 196 213
13063 11 132 213
13064 12 5 213
13065 13 3 213
13066 14 126 213
13067 15 144 213
13068 16 49 213
13069 17 26 213
13070 18 110 213
13071 19 149 213
13072 20 227 213
13073 21 157 213
13074 22 199 213
13075 23 171 213
13076 24 3 213
13077 25 139 213
13078 26 104 213
13079 27 103 213
13080 28 158 213
13081 29 110 213
13082 30 35 213
13083 31 125 213
13084 32 73 213
13085 33 99 213
13086 34 140 213
13087 35 200 213
13088 36 155 213
13089 37 99 213
13090 4 137 214
13091 5 171 214
13092 6 103 214
13093 7 54 214
13094 8 62 214
13095 9 37 214
13096 10 121 214
13097 11 200 214
13098 12 69 214
13099 13 99 214
13100 14 102 214
13101 15 124 214
13102 16 149 214
13103 17 103 214
13104 18 206 214
13105 19 123 214
13106 20 205 214
13107 21 251 214
13108 22 185 214
13109 23 218 214
13110 24 225 214
13111 25 25 214
13112 26 172 214
13113 27 155 214
13114 28 167 214
13115 29 158 214
13116 30 250 214
13117 31 247 214
13118 32 61 214
13119 33 199 214
13120 34 154 214
13121 35 130 214
13122 36 91 214
13123 37 40 214
13124 38 150 214
13125 4 220 215
13126 5 7 215
13127 6 116 215
13128 7 13 215
13129 8 41 215
13130 9 122 215
13131 10 120 215
13132 11 153 215
13133 12 126 215
13134 13 122 215
13135 14 3 215
13136 15 124 215
13137 16 63 215
13138 17 201 215
13139 18 201 215
13140 19 73 215
13141 20 226 215
13142 21 116 215
13143 22 207 215
13144 23 189 215
13145 24 101 215
13146 25 215 215
13147 26 165 215
13148 27 170 215
13149 28 10 215
13150 29 27 215
13151 30 208 215
13152 31 217 215
13153 32 215 215
13154 33 106 215
13155 34 5 215
13156 35 13 215
13157 36 190 215
13158 37 250 215
13159 38 50 215
13160 39 77 215
13161 40 89 215
13162 41 238 215
13163 3 249 216
13164 4 28 216
13165 5 62 216
13166 6 178 216
13167 7 164 216
13168 8 215 216
13169 9 171 216
13170 10 242 216
13171 11 128 216
13172 12 152 216
13173 13 233 216
13174 14 243 216
13175 15 119 216
13176 16 209 216
13177 17 174 216
13178 18 7 216
13179 19 140 216
13180 20 233 216
13181 21 126 216
13182 22 203 216
13183 23 220 216
13184 24 3 216
13185 25 157 216
13186 26 56 216
13187 27 199 216
13188 28 226 216
13189 29 131 216
13190 30 43 216
13191 31 241 216
13192 32 169 216
13193 33 146 216
13194 34 248 216
13195 35 25 216
13196 36 169 216
13197 37 131 216
13198 38 83 216
13199 39 208 216
13200 40 239 216
13201 41 21 216
13202 42 104 216
13203 43 122 216
13204 3 169 217
13205 4 204 217
13206 5 17 217
13207 6 172 217
13208 7 188 217
13209 8 255 217
13210 9 8 217
13211 10 29 217
13212 11 150 217
13213 12 215 217
13214 13 81 217
13215 14 56 217
13216 15 220 217
13217 16 120 217
13218 17 45 217
13219 18 205 217
13220 19 157 217
13221 20 56 217
13222 21 197 217
13223 22 238 217
13224 23 186 217
13225 24 209 217
13226 25 190 217
13227 26 145 217
13228 27 11 217
13229 28 229 217
13230 29 242 217
13231 30 40 217
13232 31 146 217
13233 32 241 217
13234 33 174 217
13235 34 101 217
13236 35 31 217
13237 36 136 217
13238 37 232 217
13239 38 43 217
13240 39 221 217
13241 40 183 217
13242 41 97 217
13243 42 85 217
13244 43 177 217
13245 44 32 217
13246 3 241 218
13247 4 139 218
13248 5 198 218
13249 6 187 218
13250 7 34 218
13251 8 54 218
13252 9 60 218
13253 10 131 218
13254 11 149 218
13255 12 142 218
13256 13 205 218
13257 14 39 218
13258 15 163 218
13259 16 195 218
13260 17 25 218
13261 18 45 218
13262 19 52 218
13263 20 234 218
13264 21 162 218
13265 22 40 218
13266 23 239 218
13267 24 253 218
13268 25 205 218
13269 26 163 218
13270 27 53 218
13271 28 38 218
13272 29 195 218
13273 30 200 218
13274 31 97 218
13275 32 76 218
13276 33 92 218
13277 34 35 218
13278 35 176 218
13279 36 61 218
13280 37 183 218
13281 38 85 218
13282 39 137 218
13283 40 84 218
13284 41 47 218
13285 42 103 218
13286 43 256 218
13287 44 19 218
13288 45 179 218
13289 46 223 218
13290 47 121 218
13291 2 126 219
13292 3 142 219
13293 4 206 219
13294 5 68 219
13295 6 16 219
13296 7 100 219
13297 8 231 219
13298 9 77 219
13299 10 95 219
13300 11 202 219
13301 12 211 219
13302 13 130 219
13303 14 57 219
13304 15 36 219
13305 16 9 219
13306 17 178 219
13307 18 64 219
13308 19 133 219
13309 20 243 219
13310 21 217 219
13311 22 74 219
13312 23 54 219
13313 24 125 219
13314 25 228 219
13315 26 64 219
13316 27 98 219
13317 28 145 219
13318 29 171 219
13319 30 63 219
13320 31 25 219
13321 32 43 219
13322 33 8 219
13323 34 33 219
13324 35 45 219
13325 36 206 219
13326 37 68 219
13327 38 27 219
13328 39 99 219
13329 40 26 219
13330 41 150 219
13331 42 38 219
13332 43 223 219
13333 44 160 219
13334 45 208 219
13335 46 190 219
13336 47 170 219
13337 48 163 219
13338 49 168 219
13339 2 66 220
13340 3 6 220
13341 4 132 220
13342 5 135 220
13343 6 189 220
13344 7 28 220
13345 8 140 220
13346 9 138 220
13347 10 41 220
13348 11 22 220
13349 12 109 220
13350 13 48 220
13351 14 173 220
13352 15 214 220
13353 16 192 220
13354 17 49 220
13355 18 171 220
13356 19 98 220
13357 20 77 220
13358 21 87 220
13359 22 12 220
13360 23 75 220
13361 24 219 220
13362 25 77 220
13363 26 2 220
13364 27 124 220
13365 28 150 220
13366 29 120 220
13367 30 128 220
13368 31 243 220
13369 32 141 220
13370 33 55 220
13371 34 245 220
13372 35 107 220
13373 36 41 220
13374 37 197 220
13375 38 20 220
13376 39 254 220
13377 40 168 220
13378 41 213 220
13379 42 198 220
13380 43 42 220
13381 44 134 220
13382 45 81 220
13383 46 196 220
13384 47 215 220
13385 48 248 220
13386 49 237 220
13387 50 113 220
13388 51 105 220
13389 2 30 221
13390 3 153 221
13391 4 235 221
13392 5 139 221
13393 6 67 221
13394 7 179 221
13395 8 94 221
13396 9 173 221
13397 10 212 221
13398 11 65 221
13399 12 104 221
13400 13 81 221
13401 14 232 221
13402 15 11 221
13403 16 123 221
13404 17 98 221
13405 18 188 221
13406 19 224 221
13407 20 80 221
13408 21 151 221
13409 22 231 221
13410 23 121 221
13411 24 118 221
13412 25 67 221
13413 26 32 221
13414 27 102 221
13415 28 24 221
13416 29 176 221
13417 30 230 221
13418 31 11 221
13419 32 201 221
13420 33 152 221
13421 34 33 221
13422 35 100 221
13423 36 37 221
13424 37 85 221
13425 38 12 221
13426 39 251 221
13427 40 97 221
13428 41 6 221
13429 42 132 221
13430 43 56 221
13431 44 70 221
13432 45 38 221
13433 46 60 221
13434 47 81 221
13435 48 164 221
13436 49 28 221
13437 50 169 221
13438 51 195 221
13439 52 50 221
13440 53 192 221
13441 1 46 222
13442 2 240 222
13443 3 187 222
13444 4 215 222
13445 5 81 222
13446 6 16 222
13447 7 32 222
13448 8 96 222
13449 9 50 222
13450 10 145 222
13451 11 243 222
13452 12 186 222
13453 13 207 222
13454 14 161 222
13455 15 2 222
13456 16 32 222
13457 17 135 222
13458 18 118 222
13459 19 20 222
13460 20 24 222
13461 21 88 222
13462 22 256 222
13463 23 227 222
13464 24 216 222
13465 25 161 222
13466 26 135 222
13467 27 212 222
13468 28 162 222
13469 29 116 222
13470 30 217 222
13471 31 218 222
13472 32 164 222
13473 33 17 222
13474 34 241 222
13475 35 195 222
13476 36 224 222
13477 37 156 222
13478 38 44 222
13479 39 144 222
13480 40 115 222
13481 41 204 222
13482 42 38 222
13483 43 82 222
13484 44 112 222
13485 45 118 222
13486 46 74 222
13487 47 103 222
13488 48 58 222
13489 49 254 222
13490 50 36 222
13491 51 161 222
13492 52 182 222
13493 53 64 222
13494 54 176 222
13495 55 224 222
13496 1 253 223
13497 2 91 223
13498 3 229 223
13499 4 97 223
13500 5 188 223
13501 6 146 223
13502 7 85 223
13503 8 248 223
13504 9 41 223
13505 10 77 223
13506 11 69 223
13507 12 36 223
13508 13 191 223
13509 14 217 223
13510 15 231 223
13511 17 157 223
13512 16 255 223
13513 18 73 223
13514 19 114 223
13515 20 161 223
13516 21 128 223
13517 22 135 223
13518 23 104 223
13519 24 48 223
13520 25 249 223
13521 26 49 223
13522 27 62 223
13523 28 161 223
13524 29 136 223
13525 30 34 223
13526 31 19 223
13527 32 187 223
13528 33 33 223
13529 34 168 223
13530 35 35 223
13531 36 208 223
13532 37 34 223
13533 38 61 223
13534 39 118 223
13535 40 118 223
13536 41 111 223
13537 42 7 223
13538 43 109 223
13539 44 58 223
13540 45 95 223
13541 46 59 223
13542 47 125 223
13543 48 253 223
13544 49 116 223
13545 50 47 223
13546 51 68 223
13547 52 216 223
13548 53 216 223
13549 54 133 223
13550 55 244 223
13551 56 74 223
13552 57 9 223
13553 58 193 223
13554 1 126 224
13555 2 123 224
13556 3 100 224
13557 4 6 224
13558 5 207 224
13559 6 127 224
13560 7 5 224
13561 8 35 224
13562 9 115 224
13563 10 42 224
13564 11 131 224
13565 12 184 224
13566 13 125 224
13567 14 91 224
13568 15 173 224
13569 16 191 224
13570 17 183 224
13571 18 189 224
13572 19 47 224
13573 20 33 224
13574 21 130 224
13575 22 24 224
13576 23 8 224
13577 24 134 224
13578 25 67 224
13579 26 201 224
13580 27 77 224
13581 28 215 224
13582 29 99 224
13583 30 26 224
13584 31 164 224
13585 32 39 224
13586 33 27 224
13587 34 228 224
13588 35 47 224
13589 36 131 224
13590 37 115 224
13591 38 156 224
13592 39 179 224
13593 40 89 224
13594 41 30 224
13595 42 229 224
13596 43 23 224
13597 44 16 224
13598 45 169 224
13599 46 10 224
13600 47 20 224
13601 48 198 224
13602 49 17 224
13603 50 254 224
13604 51 251 224
13605 52 15 224
13606 53 254 224
13607 54 227 224
13608 55 143 224
13609 56 13 224
13610 57 177 224
13611 58 221 224
13612 59 227 224
13613 0 78 225
13614 1 227 225
13615 2 132 225
13616 3 245 225
13617 4 58 225
13618 5 181 225
13619 6 223 225
13620 7 106 225
13621 8 223 225
13622 9 194 225
13623 10 36 225
13624 11 48 225
13625 12 123 225
13626 13 193 225
13627 14 130 225
13628 15 141 225
13629 16 241 225
13630 17 172 225
13631 18 19 225
13632 19 139 225
13633 20 102 225
13634 21 256 225
13635 22 52 225
13636 23 103 225
13637 24 213 225
13638 25 21 225
13639 26 41 225
13640 27 142 225
13641 28 51 225
13642 29 209 225
13643 30 6 225
13644 31 113 225
13645 32 79 225
13646 33 192 225
13647 34 134 225
13648 35 65 225
13649 36 230 225
13650 37 218 225
13651 38 127 225
13652 39 83 225
13653 40 162 225
13654 41 156 225
13655 42 100 225
13656 43 119 225
13657 44 123 225
13658 45 222 225
13659 46 253 225
13660 47 93 225
13661 48 161 225
13662 49 194 225
13663 50 20 225
13664 51 223 225
13665 52 1 225
13666 53 14 225
13667 54 7 225
13668 55 46 225
13669 56 155 225
13670 57 238 225
13671 58 153 225
13672 59 253 225
13673 60 190 225
13674 61 1 225
13675 0 16 226
13676 1 6 226
13677 2 176 226
13678 3 206 226
13679 4 154 226
13680 5 167 226
13681 6 72 226
13682 7 177 226
13683 8 126 226
13684 9 254 226
13685 10 51 226
13686 11 115 226
13687 12 36 226
13688 13 230 226
13689 14 205 226
13690 15 160 226
13691 16 189 226
13692 17 35 226
13693 18 18 226
13694 19 2 226
13695 20 90 226
13696 21 25 226
13697 22 80 226
13698 23 14 226
13699 24 134 226
13700 25 241 226
13701 26 233 226
13702 27 204 226
13703 28 193 226
13704 29 82 226
13705 30 41 226
13706 31 67 226
13707 32 215 226
13708 33 67 226
13709 34 80 226
13710 35 190 226
13711 36 235 226
13712 37 55 226
13713 38 251 226
13714 39 115 226
13715 40 111 226
13716 41 253 226
13717 42 163 226
13718 43 229 226
13719 44 242 226
13720 45 242 226
13721 46 176 226
13722 47 100 226
13723 48 111 226
13724 49 203 226
13725 50 145 226
13726 51 149 226
13727 52 19 226
13728 53 2 226
13729 54 225 226
13730 55 210 226
13731 56 183 226
13732 57 194 226
13733 58 35 226
13734 59 31 226
13735 60 44 226
13736 61 199 226
13737 62 181 226
13738 63 64 226
13739 64 225 226
13740 0 45 227
13741 1 221 227
13742 2 136 227
13743 3 137 227
13744 5 210 227
13745 4 203 227
13746 6 30 227
13747 7 186 227
13748 8 156 227
13749 9 192 227
13750 10 255 227
13751 11 191 227
13752 12 183 227
13753 13 62 227
13754 14 153 227
13755 15 93 227
13756 16 15 227
13757 17 62 227
13758 18 114 227
13759 19 201 227
13760 20 75 227
13761 21 235 227
13762 22 189 227
13763 23 13 227
13764 24 92 227
13765 25 13 227
13766 26 49 227
13767 27 254 227
13768 28 173 227
13769 29 78 227
13770 30 79 227
13771 31 18 227
13772 32 230 227
13773 33 67 227
13774 34 116 227
13775 35 172 227
13776 36 129 227
13777 37 247 227
13778 38 226 227
13779 39 219 227
13780 40 22 227
13781 41 222 227
13782 42 224 227
13783 43 44 227
13784 44 47 227
13785 45 113 227
13786 46 48 227
13787 47 52 227
13788 48 147 227
13789 49 17 227
13790 50 17 227
13791 51 114 227
13792 52 86 227
13793 53 119 227
13794 54 202 227
13795 55 176 227
13796 56 237 227
13797 57 170 227
13798 58 89 227
13799 59 220 227
13800 60 184 227
13801 61 244 227
13802 62 33 227
13803 63 232 227
13804 64 47 227
13805 65 14 227
13806 0 253 228
13807 1 98 228
13808 2 6 228
13809 3 42 228
13810 4 242 228
13811 5 138 228
13812 6 224 228
13813 7 53 228
13814 8 51 228
13815 9 38 228
13816 10 36 228
13817 11 146 228
13818 12 222 228
13819 13 96 228
13820 14 73 228
13821 15 237 228
13822 16 215 228
13823 17 111 228
13824 18 203 228
13825 19 183 228
13826 20 223 228
13827 21 192 228
13828 22 151 228
13829 23 21 228
13830 24 221 228
13831 25 212 228
13832 26 184 228
13833 27 19 228
13834 28 126 228
13835 29 21 228
13836 30 131 228
13837 31 22 228
13838 32 120 228
13839 33 125 228
13840 34 189 228
13841 35 27 228
13842 36 10 228
13843 37 130 228
13844 38 12 228
13845 39 244 228
13846 40 50 228
13847 41 105 228
13848 42 78 228
13849 43 200 228
13850 44 256 228
13851 45 112 228
13852 46 68 228
13853 47 127 228
13854 48 178 228
13855 49 8 228
13856 50 160 228
13857 51 84 228
13858 52 179 228
13859 53 105 228
13860 54 186 228
13861 55 192 228
13862 66 60 228
13863 56 124 228
13864 62 165 228
13865 60 169 228
13866 57 16 228
13867 58 93 228
13868 59 46 228
13869 61 82 228
13870 63 25 228
13871 64 233 228
13872 65 221 228
13873 67 96 228
13874 68 207 228
13875 0 109 229
13876 1 108 229
13877 2 61 229
13878 3 48 229
13879 4 46 229
13880 5 93 229
13881 6 137 229
13882 7 48 229
13883 8 66 229
13884 9 23 229
13885 10 56 229
13886 11 250 229
13887 12 121 229
13888 13 139 229
13889 14 66 229
13890 15 55 229
13891 16 34 229
13892 17 118 229
13893 18 159 229
13894 19 220 229
13895 20 111 229
13896 21 229 229
13897 22 147 229
13898 23 114 229
13899 32 105 229
13900 30 218 229
13901 35 20 229
13902 66 130 229
13903 39 149 229
13904 62 229 229
13905 60 196 229
13906 45 163 229
13907 56 36 229
13908 54 73 229
13909 52 99 229
13910 50 8 229
13911 48 53 229
13912 46 93 229
13913 44 210 229
13914 42 196 229
13915 40 192 229
13916 38 244 229
13917 36 95 229
13918 34 157 229
13919 69 97 229
13920 67 209 229
13921 65 74 229
13922 63 169 229
13923 61 108 229
13924 59 15 229
13925 57 9 229
13926 55 234 229
13927 53 201 229
13928 51 172 229
13929 49 103 229
13930 47 216 229
13931 58 201 229
13932 43 164 229
13933 41 16 229
13934 64 87 229
13935 37 44 229
13936 71 157 229
13937 68 241 229
13938 66 196 230
13939 39 214 230
13940 62 25 230
13941 60 6 230
13942 45 154 230
13943 56 78 230
13944 54 201 230
13945 52 86 230
13946 50 103 230
13947 48 72 230
13948 46 73 230
13949 44 198 230
13950 42 177 230
13951 40 159 230
13952 70 91 230
13953 69 253 230
13954 67 153 230
13955 65 246 230
13956 63 152 230
13957 61 114 230
13958 59 161 230
13959 57 148 230
13960 55 250 230
13961 53 50 230
13962 51 30 230
13963 49 9 230
13964 47 211 230
13965 58 185 230
13966 43 17 230
13967 73 98 230
13968 71 38 230
13969 68 51 230
13970 66 82 231
13971 64 76 230
13972 62 97 231
13973 60 191 231
13974 45 199 231
13975 56 169 231
13976 54 50 231
13977 52 15 231
13978 50 9 231
13979 48 156 231
13980 46 201 231
13981 72 209 231
13982 70 133 231
13983 69 77 231
13984 67 203 231
13985 65 19 231
13986 63 158 231
13987 61 111 231
13988 59 49 231
13989 57 235 231
13990 55 199 231
13991 53 194 231
13992 51 65 231
13993 49 148 231
13994 74 14 232
13995 73 123 231
13996 71 63 231
13997 68 239 231
13998 66 92 232
13999 64 79 231
14000 62 253 232
14001 60 157 232
14002 58 82 231
14003 56 152 232
14004 54 194 232
14005 52 161 232
14006 75 132 232
14007 72 51 232
14008 70 26 232
14009 69 124 232
14010 67 140 232
14011 65 84 232
14012 63 171 232
14013 61 191 232
14014 59 149 232
14015 57 38 232
14016 55 217 232
14017 76 22 232
14018 74 116 233
14019 73 230 232
14020 71 166 232
14021 68 218 232
14022 66 28 233
14023 64 214 232
14024 62 77 233
14025 60 5 233
14026 58 92 232
14027 77 134 233
14028 75 29 233
14029 72 92 233
14030 70 44 233
14031 69 183 233
14032 67 132 233
14033 65 182 233
14034 63 242 233
14035 61 200 233
14036 78 216 233
14037 76 219 233
14038 79 166 233
14039 73 98 233
14040 71 188 233
14041 68 44 233
14042 66 232 234
14043 64 121 233
14044 74 148 234
14045 77 119 234
14046 75 20 234
14047 72 20 234
14048 70 15 234
14049 69 11 234
14050 67 29 234
14051 80 27 235
14052 78 211 234
14053 76 89 234
14054 79 15 234
14055 73 16 234
14056 71 221 234
14057 81 195 235
14058 74 95 235
14059 77 215 235
14060 75 129 235
14061 72 186 235
14062 82 226 235
14063 83 245 235
14064 78 243 235
14065 76 150 235
14066 80 140 236
14067 81 37 236
14068 79 191 235
14069 85 80 236
14070 82 147 236
14071 84 179 237
14072 86 198 237
14073 83 33 236
14074 80 66 237
14075 77 11 236
14076 74 93 236
14077 70 22 235
14078 68 96 234
14079 65 48 234
14080 62 32 234
14081 59 91 233
14082 56 232 233
14083 53 210 232
14084 50 163 232
14085 47 70 231
14086 44 218 231
14087 41 122 230
14088 38 167 230
14089 35 212 230
14090 33 13 229
14091 24 69 229
14092 25 98 229
14093 26 45 229
14094 27 1 229
14095 28 237 229
14096 29 83 229
14097 31 53 229
14098 0 21 230
14099 1 161 230
14100 2 54 230
14101 3 228 230
14102 4 198 230
14103 5 223 230
14104 6 248 230
14105 7 50 230
14106 8 132 230
14107 9 122 230
14108 10 236 230
14109 11 203 230
14110 12 15 230
14111 87 178 238
14112 85 157 237
14113 81 134 237
14114 78 175 236
14115 75 216 236
14116 73 229 235
14117 69 24 235
14118 66 16 235
14119 63 174 234
14120 60 65 234
14121 57 58 233
14122 54 210 233
14123 51 35 232
14124 48 109 232
14125 45 183 232
14126 42 124 231
14127 39 106 231
14128 36 242 230
14129 32 14 230
14130 13 65 230
14131 14 155 230
14132 15 242 230
14133 16 143 230
14134 17 166 230
14135 18 69 230
14136 19 92 230
14137 20 5 230
14138 21 230 230
14139 22 37 230
14140 23 254 230
14141 24 71 230
14142 25 24 230
14143 26 194 230
14144 27 182 230
14145 28 77 230
14146 29 23 230
14147 30 128 230
14148 31 164 230
14149 88 201 238
14150 84 73 238
14151 82 67 237
14152 79 54 236
14153 76 36 236
14154 72 141 236
14155 71 105 235
14156 67 2 235
14157 64 87 234
14158 61 46 234
14159 58 181 233
14160 55 219 233
14161 52 146 233
14162 49 110 232
14163 46 159 232
14164 43 24 231
14165 40 53 231
14166 37 223 230
14167 34 63 230
14168 33 62 230
14169 0 159 231
14170 1 6 231
14171 2 120 231
14172 3 104 231
14173 4 74 231
14174 5 139 231
14175 6 255 231
14176 7 34 231
14177 8 55 231
14178 9 213 231
14179 10 151 231
14180 11 59 231
14181 12 62 231
14182 13 134 231
14183 14 149 231
14184 15 164 231
14185 16 224 231
14186 89 243 238
14187 86 162 238
14188 83 27 237
14189 80 54 238
14190 77 9 237
14191 74 6 237
14192 70 88 236
14193 68 172 235
14194 65 86 235
14195 62 143 235
14196 59 238 234
14197 56 73 234
14198 53 55 233
14199 50 110 233
14200 47 104 232
14201 44 155 232
14202 41 240 231
14203 38 160 231
14204 35 80 231
14205 17 3 231
14206 18 66 231
14207 19 196 231
14208 20 18 231
14209 21 67 231
14210 22 197 231
14211 23 177 231
14212 24 192 231
14213 25 42 231
14214 26 57 231
14215 27 129 231
14216 28 18 231
14217 29 14 231
14218 30 40 231
14219 31 176 231
14220 32 189 231
14221 33 171 231
14222 91 61 239
14223 87 169 239
14224 85 231 238
14225 81 133 238
14226 78 3 237
14227 75 130 237
14228 73 122 236
14229 69 43 236
14230 66 200 236
14231 63 119 235
14232 60 75 235
14233 57 211 234
14234 54 55 234
14235 51 52 233
14236 48 206 233
14237 45 103 233
14238 42 208 232
14239 39 40 232
14240 36 198 231
14241 34 233 231
14242 37 130 231
14243 0 76 232
14244 1 171 232
14245 2 241 232
14246 3 240 232
14247 4 255 232
14248 5 209 232
14249 6 198 232
14250 7 213 232
14251 8 31 232
14252 9 92 232
14253 10 151 232
14254 11 127 232
14255 12 211 232
14256 13 249 232
14257 90 75 240
14258 88 71 239
14259 84 111 239
14260 82 195 238
14261 79 161 237
14262 76 193 237
14263 72 229 237
14264 71 149 236
14265 67 25 236
14266 64 188 235
14267 61 104 235
14268 58 78 234
14269 55 39 234
14270 52 26 234
14271 49 90 233
14272 46 60 233
14273 43 229 232
14274 40 20 232
14275 14 134 232
14276 15 107 232
14277 16 185 232
14278 17 93 232
14279 18 238 232
14280 19 206 232
14281 20 11 232
14282 21 136 232
14283 22 207 232
14284 23 16 232
14285 24 103 232
14286 25 170 232
14287 26 126 232
14288 27 91 232
14289 28 36 232
14290 29 187 232
14291 92 235 240
14292 89 82 239
14293 86 226 239
14294 83 209 238
14295 80 161 239
14296 77 241 238
14297 74 75 238
14298 70 153 237
14299 68 94 236
14300 65 47 236
14301 62 117 236
14302 59 148 235
14303 56 13 235
14304 53 45 234
14305 50 90 234
14306 47 15 233
14307 44 10 233
14308 41 173 232
14309 38 201 232
14310 35 229 232
14311 30 242 232
14312 31 106 232
14313 32 83 232
14314 33 210 232
14315 34 215 232
14316 36 65 232
14317 37 205 232
14318 0 124 233
14319 1 46 233
14320 2 35 233
14321 3 171 233
14322 4 192 233
14323 5 222 233
14324 93 41 240
14325 91 17 240
14326 87 185 240
14327 85 69 239
14328 81 249 239
14329 78 166 238
14330 75 83 238
14331 73 229 237
14332 69 152 237
14333 66 187 237
14334 63 74 236
14335 60 7 236
14336 57 196 235
14337 54 45 235
14338 51 136 234
14339 48 5 234
14340 45 131 234
14341 42 217 233
14342 39 243 233
14343 6 117 233
14344 7 233 233
14345 8 183 233
14346 9 90 233
14347 10 182 233
14348 11 210 233
14349 12 147 233
14350 13 57 233
14351 14 234 233
14352 15 5 233
14353 16 202 233
14354 17 78 233
14355 18 49 233
14356 94 149 241
14357 90 238 241
14358 88 245 240
14359 84 7 240
14360 82 253 239
14361 79 85 238
14362 76 228 238
14363 72 173 238
14364 71 233 237
14365 67 184 237
14366 64 37 236
14367 61 8 236
14368 58 204 235
14369 55 102 235
14370 52 68 235
14371 49 97 234
14372 46 236 234
14373 43 134 233
14374 40 250 233
14375 19 81 233
14376 20 62 233
14377 21 242 233
14378 22 243 233
14379 23 155 233
14380 24 189 233
14381 25 216 233
14382 26 252 233
14383 27 43 233
14384 28 233 233
14385 29 35 233
14386 30 254 233
14387 95 230 242
14388 92 239 241
14389 89 254 240
14390 86 255 240
14391 83 171 239
14392 80 85 240
14393 77 57 239
14394 74 38 239
14395 70 120 238
14396 68 147 237
14397 65 202 237
14398 62 49 237
14399 59 51 236
14400 56 34 236
14401 53 177 235
14402 50 97 235
14403 47 59 234
14404 44 125 234
14405 41 235 233
14406 38 71 233
14407 35 164 233
14408 31 19 233
14409 32 4 233
14410 33 209 233
14411 34 207 233
14412 36 27 233
14413 37 20 233
14414 0 232 234
14415 1 36 234
14416 2 49 234
14417 96 248 242
14418 93 127 241
14419 91 210 241
14420 87 128 241
14421 85 5 240
14422 81 157 240
14423 78 19 239
14424 75 138 239
14425 73 155 238
14426 69 101 238
14427 66 153 238
14428 63 154 237
14429 60 214 237
14430 57 137 236
14431 54 177 236
14432 51 158 235
14433 48 191 235
14434 45 224 235
14435 42 167 234
14436 39 82 234
14437 3 136 234
14438 4 61 234
14439 5 234 234
14440 6 254 234
14441 7 238 234
14442 8 224 234
14443 9 107 234
14444 10 94 234
14445 11 215 234
14446 97 31 242
14447 94 192 242
14448 90 162 242
14449 88 107 241
14450 84 252 241
14451 82 207 240
14452 79 163 239
14453 76 23 239
14454 72 116 239
14455 71 84 238
14456 67 244 238
14457 64 77 237
14458 61 185 237
14459 58 237 236
14460 55 247 236
14461 52 79 236
14462 49 56 235
14463 46 123 235
14464 43 25 234
14465 40 41 234
14466 12 19 234
14467 13 141 234
14468 14 52 234
14469 15 240 234
14470 16 64 234
14471 17 10 234
14472 18 43 234
14473 19 14 234
14474 98 96 243
14475 95 48 243
14476 92 32 242
14477 89 91 241
14478 86 232 241
14479 83 210 240
14480 80 163 241
14481 77 70 240
14482 74 218 240
14483 70 150 239
14484 68 167 238
14485 65 212 238
14486 62 227 238
14487 59 252 237
14488 56 168 237
14489 53 28 236
14490 50 56 236
14491 47 95 235
14492 44 149 235
14493 41 239 234
14494 38 245 234
14495 35 251 234
14496 20 123 234
14497 21 149 234
14498 22 13 234
14499 23 142 234
14500 24 130 234
14501 99 24 243
14502 96 16 243
14503 93 174 242
14504 91 88 242
14505 87 58 242
14506 85 202 241
14507 81 35 241
14508 78 109 240
14509 75 183 240
14510 73 26 239
14511 69 106 239
14512 66 242 239
14513 63 126 238
14514 60 80 238
14515 57 42 237
14516 54 28 237
14517 51 176 236
14518 48 203 236
14519 45 230 236
14520 42 145 235
14521 39 254 235
14522 36 255 234
14523 32 110 234
14524 25 255 234
14525 26 36 234
14526 27 87 234
14527 100 12 244
14528 97 2 243
14529 94 87 243
14530 90 77 243
14531 88 181 242
14532 84 182 242
14533 82 146 241
14534 79 110 240
14535 76 159 240
14536 72 103 240
14537 71 196 239
14538 67 223 239
14539 64 63 238
14540 61 168 238
14541 58 7 237
14542 55 132 237
14543 52 88 237
14544 49 186 236
14545 46 124 236
14546 43 141 235
14547 40 127 235
14548 37 64 234
14549 34 214 234
14550 30 19 234
14551 28 205 234
14552 101 1 244
14553 98 172 244
14554 95 86 244
14555 92 143 243
14556 89 238 242
14557 86 73 242
14558 83 55 241
14559 80 110 242
14560 77 104 241
14561 74 155 241
14562 70 40 240
14563 68 160 239
14564 65 80 239
14565 62 139 239
14566 59 66 238
14567 56 44 238
14568 53 93 237
14569 50 186 237
14570 47 31 236
14571 44 192 236
14572 41 32 235
14573 38 107 235
14574 35 182 235
14575 33 119 234
14576 102 218 245
14577 99 43 244
14578 96 200 244
14579 93 119 243
14580 91 99 243
14581 87 211 243
14582 85 221 242
14583 81 52 242
14584 78 206 241
14585 75 103 241
14586 73 11 240
14587 69 40 240
14588 66 198 240
14589 63 33 239
14590 60 45 239
14591 57 11 238
14592 54 93 238
14593 51 144 237
14594 48 96 237
14595 45 48 237
14596 42 83 236
14597 39 91 236
14598 36 232 235
14599 103 176 245
14600 100 150 245
14601 97 25 244
14602 94 188 244
14603 90 186 244
14604 88 78 243
14605 84 81 243
14606 82 26 242
14607 79 90 241
14608 76 60 241
14609 72 179 241
14610 71 256 240
14611 67 89 240
14612 64 145 239
14613 61 64 239
14614 58 216 238
14615 55 108 238
14616 52 72 238
14617 49 12 237
14618 46 8 237
14619 43 241 236
14620 40 174 236
14621 104 75 246
14622 101 141 245
14623 98 94 245
14624 95 47 245
14625 92 117 244
14626 89 148 243
14627 86 13 243
14628 83 45 242
14629 80 90 243
14630 77 15 242
14631 74 10 242
14632 70 119 241
14633 68 201 240
14634 65 229 240
14635 62 67 240
14636 59 54 239
14637 56 36 239
14638 53 6 238
14639 50 12 238
14640 47 2 237
14641 44 87 237
14642 106 156 246
14643 102 10 246
14644 99 152 245
14645 96 187 245
14646 93 74 244
14647 91 33 244
14648 87 196 244
14649 85 48 243
14650 81 136 243
14651 78 5 242
14652 75 131 242
14653 73 196 241
14654 69 243 241
14655 66 162 241
14656 63 27 240
14657 60 190 240
14658 57 9 239
14659 54 6 239
14660 51 1 238
14661 48 172 238
14662 105 195 247
14663 103 176 246
14664 100 76 246
14665 97 184 245
14666 94 37 245
14667 90 193 245
14668 88 204 244
14669 84 65 244
14670 82 68 243
14671 79 97 242
14672 76 236 242
14673 72 127 242
14674 71 190 241
14675 67 213 241
14676 64 142 240
14677 61 96 240
14678 58 130 239
14679 55 65 239
14680 52 129 239
14681 107 57 247
14682 104 38 247
14683 101 92 246
14684 98 147 246
14685 95 202 246
14686 92 49 245
14687 89 51 244
14688 86 34 244
14689 83 177 243
14690 80 97 244
14691 77 59 243
14692 74 125 243
14693 70 56 242
14694 68 71 241
14695 65 164 241
14696 62 195 241
14697 59 161 240
14698 56 193 240
14699 108 19 248
14700 106 97 247
14701 102 240 247
14702 99 101 246
14703 96 153 246
14704 93 154 245
14705 91 198 245
14706 87 137 245
14707 85 143 244
14708 81 158 244
14709 78 191 243
14710 75 224 243
14711 73 33 242
14712 69 82 242
14713 66 226 242
14714 63 209 241
14715 60 96 241
14716 109 163 248
14717 105 113 248
14718 103 75 247
14719 100 179 247
14720 97 244 246
14721 94 77 246
14722 90 218 246
14723 88 237 245
14724 84 255 245
14725 82 79 244
14726 79 56 243
14727 76 123 243
14728 72 185 243
14729 71 216 242
14730 67 221 242
14731 64 233 241
14732 110 163 249
14733 107 70 248
14734 104 218 248
14735 101 122 247
14736 98 167 247
14737 95 212 247
14738 92 227 246
14739 89 252 245
14740 86 168 245
14741 83 28 244
14742 80 56 245
14743 77 95 244
14744 74 149 244
14745 70 239 243
14746 68 245 242
14747 111 35 249
14748 108 109 249
14749 106 152 248
14750 102 197 248
14751 99 106 247
14752 96 242 247
14753 93 126 246
14754 91 115 246
14755 87 42 246
14756 85 187 245
14757 81 176 245
14758 78 203 244
14759 75 230 244
14760 73 12 243
14761 113 78 249
14762 109 110 249
14763 105 189 249
14764 103 156 248
14765 100 53 248
14766 97 223 247
14767 94 63 247
14768 90 196 247
14769 88 7 246
14770 84 207 246
14771 82 88 245
14772 79 186 244
14773 76 124 244
14774 112 187 250
14775 110 110 250
14776 107 104 249
14777 104 155 249
14778 101 240 248
14779 98 160 248
14780 95 80 248
14781 92 139 247
14782 89 66 246
14783 86 44 246
14784 83 93 245
14785 80 186 246
14786 114 55 251
14787 111 52 250
14788 108 206 250
14789 106 16 249
14790 102 64 249
14791 99 40 248
14792 96 198 248
14793 93 33 247
14794 91 79 247
14795 87 11 247
14796 84 93 247
14797 115 39 251
14798 113 76 250
14799 109 90 250
14800 105 192 250
14801 103 166 249
14802 100 20 249
14803 97 89 248
14804 94 145 248
14805 90 175 248
14806 88 216 247
14807 116 13 252
14808 112 59 251
14809 110 90 251
14810 107 15 250
14811 104 10 250
14812 101 173 249
14813 98 201 249
14814 95 229 249
14815 92 67 248
14816 117 196 252
14817 114 45 252
14818 111 136 251
14819 108 5 251
14820 106 37 250
14821 102 181 250
14822 99 243 249
14823 96 162 249
14824 118 204 252
14825 115 102 252
14826 113 121 251
14827 109 97 251
14828 105 248 251
14829 103 57 250
14830 100 250 250
14831 119 51 253
14832 116 34 253
14833 112 217 252
14834 110 97 252
14835 107 59 251
14836 104 125 251
14837 121 69 253
14838 117 137 253
14839 114 177 253
14840 111 158 252
14841 108 191 252
14842 120 11 254
14843 118 237 253
14844 115 247 253
14845 113 145 252
14846 122 227 255
14847 119 252 254
14848 116 168 254
14849 123 126 255
14850 121 173 254
14851 124 63 255
14852 29 182 234
14853 31 52 234
14854 0 229 235
14855 1 212 235
14856 2 157 235
14857 3 225 235
14858 4 213 235
14859 5 5 235
14860 6 72 235
14861 7 203 235
14862 8 165 235
14863 0 154 236
14864 0 154 237
14865 0 154 238
14866 0 154 239
14867 0 154 240
14868 0 154 241
14869 0 154 242
14870 0 154 243
14871 0 154 244
14872 9 26 235
14873 10 197 235
14874 11 240 235
14875 12 166 235
14876 13 169 235
14877 14 104 235
14878 15 138 235
14879 16 229 235
14880 17 107 235
14881 18 34 235
14882 19 53 235
14883 20 49 235
14884 21 96 235
14885 22 113 235
14886 1 254 236
14887 1 254 237
14888 1 254 238
14889 1 254 239
14890 1 254 240
14891 23 113 235
14892 24 184 235
14893 25 19 235
14894 26 249 235
14895 27 39 235
14896 28 75 235
14897 29 246 235
14898 30 157 235
14899 31 8 235
14900 32 33 235
14901 33 236 235
14902 34 75 235
14903 37 225 235
14904 2 9 236
14905 3 181 236
14906 4 141 236
14907 5 74 236
14908 6 190 236
14909 7 108 236
14910 8 162 236
14911 9 183 236
14912 10 185 236
14913 11 25 236
14914 12 28 236
14915 13 52 236
14916 14 234 236
14917 15 30 236
14918 16 75 236
14919 17 84 236
14920 18 164 236
14921 19 83 236
14922 20 19 236
14923 21 112 236
14924 22 247 236
14925 23 133 236
14926 24 137 236
14927 25 40 236
14928 26 126 236
14929 27 50 236
14930 28 196 236
14931 29 207 236
14932 30 237 236
14933 31 165 236
14934 32 215 236
14935 33 17 236
14936 34 93 236
14937 35 17 236
14938 36 196 236
14939 37 232 236
14940 38 152 236
14941 41 54 236
14942 2 174 237
14943 3 9 237
14944 4 45 237
14945 5 212 237
14946 6 124 237
14947 7 134 237
14948 8 21 237
14949 9 97 237
14950 10 71 237
14951 11 7 237
14952 12 212 237
14953 13 12 237
14954 14 96 237
14955 15 111 237
14956 16 236 237
14957 17 40 237
14958 18 221 237
14959 19 66 237
14960 20 209 237
14961 21 171 237
14962 22 8 237
14963 23 149 237
14964 24 98 237
14965 25 215 237
14966 26 205 237
14967 27 158 237
14968 28 30 237
14969 29 242 237
14970 30 117 237
14971 31 38 237
14972 32 163 237
14973 33 176 237
14974 34 120 237
14975 35 127 237
14976 36 213 237
14977 37 121 237
14978 38 195 237
14979 39 215 237
14980 40 118 237
14981 41 29 237
14982 42 250 237
14983 43 242 237
14984 2 180 238
14985 3 175 238
14986 4 126 238
14987 5 119 238
14988 6 172 238
14989 7 91 238
14990 8 193 238
14991 9 229 238
14992 10 198 238
14993 11 194 238
14994 12 219 238
14995 13 123 238
14996 14 70 238
14997 15 52 238
14998 16 173 238
14999 17 191 238
15000 18 31 238
15001 19 13 238
15002 20 209 238
15003 21 124 238
15004 22 41 238
15005 23 151 238
15006 24 171 238
15007 25 13 238
15008 26 254 238
15009 27 193 238
15010 28 20 238
15011 29 231 238
15012 30 134 238
15013 31 85 238
15014 32 72 238
15015 33 234 238
15016 34 65 238
15017 35 198 238
15018 36 146 238
15019 37 244 238
15020 38 36 238
15021 39 207 238
15022 40 65 238
15023 41 132 238
15024 42 170 238
15025 43 23 238
15026 44 159 238
15027 45 15 238
15028 46 35 238
15029 47 182 238
15030 49 72 238
15031 2 20 239
15032 3 204 239
15033 4 191 239
15034 5 184 239
15035 6 47 239
15036 7 90 239
15037 8 119 239
15038 9 93 239
15039 10 220 239
15040 11 196 239
15041 12 34 239
15042 13 107 239
15043 14 33 239
15044 15 243 239
15045 16 28 239
15046 17 6 239
15047 18 13 239
15048 19 254 239
15049 20 83 239
15050 21 103 239
15051 22 5 239
15052 23 153 239
15053 24 211 239
15054 25 140 239
15055 26 21 239
15056 27 162 239
15057 28 128 239
15058 29 129 239
15059 30 246 239
15060 31 230 239
15061 32 58 239
15062 33 164 239
15063 34 211 239
15064 35 129 239
15065 36 219 239
15066 37 144 239
15067 38 164 239
15068 39 139 239
15069 40 121 239
15070 41 246 239
15071 42 56 239
15072 43 207 239
15073 44 127 239
15074 45 237 239
15075 47 101 239
15076 46 43 239
15077 48 127 239
15078 49 237 239
15079 50 168 239
15080 51 204 239
15081 53 66 239
15082 2 206 240
15083 3 7 240
15084 4 13 240
15085 5 41 240
15086 6 253 240
15087 7 180 240
15088 8 130 240
15089 9 63 240
15090 10 205 240
15091 11 7 240
15092 12 233 240
15093 13 126 240
15094 14 64 240
15095 15 131 240
15096 16 115 240
15097 17 120 240
15098 18 147 240
15099 19 10 240
15100 20 224 240
15101 21 156 240
15102 22 4 240
15103 23 242 240
15104 24 245 240
15105 25 99 240
15106 26 120 240
15107 27 91 240
15108 28 223 240
15109 29 32 240
15110 30 6 240
15111 31 81 240
15112 32 119 240
15113 33 236 240
15114 34 142 240
15115 35 37 240
15116 36 196 240
15117 37 201 240
15118 38 152 240
15119 39 185 240
15120 40 20 240
15121 41 36 240
15122 42 5 240
15123 43 2 240
15124 44 88 240
15125 45 174 240
15126 46 168 240
15127 47 60 240
15128 48 113 240
15129 49 105 240
15130 50 40 240
15131 51 82 240
15132 52 173 240
15133 53 227 240
15134 54 63 240
15135 55 16 240
15136 57 37 240
15137 58 182 240
15138 1 106 241
15139 2 232 241
15140 3 108 241
15141 4 137 241
15142 5 148 241
15143 6 234 241
15144 7 71 241
15145 8 20 241
15146 9 152 241
15147 10 3 241
15148 11 159 241
15149 12 70 241
15150 13 248 241
15151 14 175 241
15152 15 49 241
15153 16 228 241
15154 17 147 241
15155 18 89 241
15156 19 104 241
15157 20 254 241
15158 21 14 241
15159 22 239 241
15160 23 74 241
15161 24 212 241
15162 25 170 241
15163 26 81 241
15164 27 47 241
15165 28 65 241
15166 29 143 241
15167 30 71 241
15168 31 214 241
15169 32 117 241
15170 33 250 241
15171 34 253 241
15172 35 190 241
15173 36 5 241
15174 37 172 241
15175 38 29 241
15176 39 18 241
15177 40 3 241
15178 41 124 241
15179 42 88 241
15180 43 57 241
15181 44 241 241
15182 45 121 241
15183 46 18 241
15184 47 80 241
15185 48 201 241
15186 49 74 241
15187 50 72 241
15188 51 128 241
15189 52 54 241
15190 53 23 241
15191 54 184 241
15192 55 92 241
15193 56 110 241
15194 57 77 241
15195 58 19 241
15196 59 149 241
15197 61 246 241
15198 1 156 242
15199 2 69 242
15200 3 70 242
15201 4 65 242
15202 5 105 242
15203 6 46 242
15204 7 18 242
15205 8 154 242
15206 9 114 242
15207 10 100 242
15208 11 230 242
15209 12 117 242
15210 13 104 242
15211 14 10 242
15212 15 187 242
15213 16 118 242
15214 17 172 242
15215 18 153 242
15216 19 229 242
15217 20 28 242
15218 21 50 242
15219 22 111 242
15220 23 139 242
15221 24 195 242
15222 25 55 242
15223 26 184 242
15224 27 61 242
15225 28 226 242
15226 29 53 242
15227 30 124 242
15228 31 59 242
15229 32 96 242
15230 33 106 242
15231 34 15 242
15232 35 243 242
15233 36 167 242
15234 37 210 242
15235 38 203 242
15236 39 209 242
15237 40 55 242
15238 41 62 242
15239 42 167 242
15240 43 105 242
15241 44 126 242
15242 45 140 242
15243 46 113 242
15244 47 223 242
15245 48 146 242
15246 49 99 242
15247 50 47 242
15248 51 250 242
15249 52 192 242
15250 53 98 242
15251 54 218 242
15252 55 230 242
15253 56 158 242
15254 57 90 242
15255 58 76 242
15256 59 51 242
15257 60 223 242
15258 61 50 242
15259 62 244 242
15260 63 43 242
15261 64 206 242
15262 65 202 242
15263 1 96 243
15264 2 17 243
15265 3 115 243
15266 4 191 243
15267 5 92 243
15268 6 144 243
15269 7 251 243
15270 8 86 243
15271 9 123 243
15272 10 119 243
15273 11 165 243
15274 12 169 243
15275 13 4 243
15276 14 142 243
15277 15 67 243
15278 16 85 243
15279 17 114 243
15280 18 215 243
15281 19 63 243
15282 20 239 243
15283 21 213 243
15284 22 226 243
15285 23 189 243
15286 24 94 243
15287 25 239 243
15288 26 135 243
15289 27 18 243
15290 28 10 243
15291 29 246 243
15292 30 151 243
15293 31 22 243
15294 32 139 243
15295 33 169 243
15296 34 111 243
15297 35 44 243
15298 36 74 243
15299 37 176 243
15300 38 230 243
15301 39 126 243
15302 40 90 243
15303 41 35 243
15304 42 19 243
15305 43 88 243
15306 44 55 243
15307 45 220 243
15308 46 44 243
15309 47 87 243
15310 48 137 243
15311 49 97 243
15312 50 201 243
15313 51 252 243
15314 52 53 243
15315 53 228 243
15316 54 212 243
15317 55 158 243
15318 56 169 243
15319 57 39 243
15320 58 66 243
15321 59 140 243
15322 60 253 243
15323 61 214 243
15324 62 210 243
15325 63 157 243
15326 64 118 243
15327 65 252 243
15328 66 136 243
15329 67 2 243
15330 68 154 243
15331 69 10 243
15332 71 215 243
15333 1 168 244
15334 2 55 244
15335 3 191 244
15336 4 235 244
15337 5 113 244
15338 7 204 244
15339 6 26 244
15340 8 155 244
15341 9 55 244
15342 10 220 244
15343 11 120 244
15344 12 82 244
15345 13 243 244
15346 14 234 244
15347 15 79 244
15348 16 241 244
15349 17 132 244
15350 18 68 244
15351 19 252 244
15352 20 69 244
15353 21 112 244
15354 22 182 244
15355 23 124 244
15356 24 138 244
15357 25 238 244
15358 26 123 244
15359 27 127 244
15360 28 79 244
15361 29 20 244
15362 30 92 244
15363 31 90 244
15364 32 117 244
15365 33 88 244
15366 34 17 244
15367 35 66 244
15368 36 78 244
15369 37 25 244
15370 38 168 244
15371 39 179 244
15372 40 96 244
15373 41 82 244
15374 42 20 244
15375 43 34 244
15376 44 17 244
15377 45 67 244
15378 46 81 244
15379 47 245 244
15380 48 156 244
15381 49 186 244
15382 50 27 244
15383 51 35 244
15384 52 125 244
15385 53 235 244
15386 54 188 244
15387 55 241 244
15388 56 51 244
15389 57 182 244
15390 58 208 244
15391 59 112 244
15392 60 202 244
15393 61 43 244
15394 62 166 244
15395 63 38 244
15396 64 208 244
15397 65 118 244
15398 66 56 244
15399 67 66 244
15400 68 195 244
15401 69 31 244
15402 70 165 244
15403 71 250 244
15404 72 5 244
15405 73 157 244
15406 0 87 245
15407 1 7 245
15408 2 224 245
15409 3 13 245
15410 4 138 245
15411 5 179 245
15412 6 201 245
15413 7 213 245
15414 8 2 245
15415 9 230 245
15416 10 41 245
15417 11 207 245
15418 12 92 245
15419 13 255 245
15420 14 97 245
15421 15 12 245
15422 16 228 245
15423 17 45 245
15424 18 87 245
15425 19 44 245
15426 20 146 245
15427 21 97 245
15428 23 138 245
15429 22 62 245
15430 24 245 245
15431 25 1 245
15432 26 63 245
15433 27 133 245
15434 28 147 245
15435 29 125 245
15436 30 210 245
15437 31 216 245
15438 32 5 245
15439 33 228 245
15440 34 75 245
15441 35 140 245
15442 36 91 245
15443 37 186 245
15444 38 152 245
15445 39 215 245
15446 40 114 245
15447 41 94 245
15448 42 190 245
15449 43 57 245
15450 44 25 245
15451 45 202 245
15452 46 220 245
15453 47 22 245
15454 48 34 245
15455 49 158 245
15456 50 83 245
15457 51 46 245
15458 52 197 245
15459 53 75 245
15460 54 130 245
15461 55 117 245
15462 56 79 245
15463 57 251 245
15464 58 131 245
15465 59 206 245
15466 60 108 245
15467 61 197 245
15468 62 160 245
15469 63 158 245
15470 64 111 245
15471 65 203 245
15472 66 117 245
15473 67 246 245
15474 68 209 245
15475 69 254 245
15476 70 100 245
15477 71 45 245
15478 72 219 245
15479 73 83 245
15480 74 136 245
15481 75 212 245
15482 76 177 245
15483 77 237 245
15484 78 25 245
15485 79 209 245
15486 0 142 246
15487 1 112 246
15488 2 177 246
15489 3 68 246
15490 4 149 246
15491 5 31 246
15492 6 218 246
15493 7 130 246
15494 8 33 246
15495 9 230 246
15496 10 255 246
15497 11 9 246
15498 12 109 246
15499 13 94 246
15500 14 148 246
15501 15 128 246
15502 16 122 246
15503 17 248 246
15504 18 177 246
15505 19 74 246
15506 20 89 246
15507 21 26 246
15508 22 62 246
15509 23 116 246
15510 24 198 246
15511 25 237 246
15512 26 57 246
15513 27 137 246
15514 28 161 246
15515 29 221 246
15516 30 90 246
15517 31 209 246
15518 32 49 246
15519 33 138 246
15520 35 178 246
15521 34 143 246
15522 36 128 246
15523 37 66 246
15524 38 58 246
15525 39 209 246
15526 40 95 246
15527 41 85 246
15528 42 150 246
15529 43 217 246
15530 44 175 246
15531 45 97 246
15532 46 26 246
15533 47 244 246
15534 48 173 246
15535 49 79 246
15536 50 96 246
15537 51 224 246
15538 52 134 246
15539 53 81 246
15540 54 152 246
15541 55 169 246
15542 56 200 246
15543 57 175 246
15544 58 120 246
15545 59 107 246
15546 60 25 246
15547 61 157 246
15548 62 107 246
15549 63 87 246
15550 64 148 246
15551 65 115 246
15552 66 253 246
15553 67 138 246
15554 68 84 246
15555 69 180 246
15556 70 193 246
15557 71 179 246
15558 72 110 246
15559 73 146 246
15560 74 221 246
15561 75 198 246
15562 76 34 246
15563 77 105 246
15564 78 116 246
15565 79 182 246
15566 81 67 246
15567 82 243 246
15568 83 88 246
15569 85 217 246
15570 0 188 247
15571 1 58 247
15572 2 48 247
15573 3 191 247
15574 4 18 247
15575 5 255 247
15576 6 161 247
15577 7 181 247
15578 8 110 247
15579 9 141 247
15580 10 113 247
15581 11 180 247
15582 12 5 247
15583 13 214 247
15584 14 29 247
15585 15 80 247
15586 16 66 247
15587 17 243 247
15588 18 233 247
15589 19 160 247
15590 20 207 247
15591 21 162 247
15592 22 116 247
15593 23 110 247
15594 24 159 247
15595 25 168 247
15596 26 52 247
15597 27 58 247
15598 28 104 247
15599 29 110 247
15600 30 46 247
15601 31 129 247
15602 32 123 247
15603 33 149 247
15604 34 201 247
15605 35 60 247
15606 36 53 247
15607 37 170 247
15608 38 218 247
15609 39 68 247
15610 40 256 247
15611 41 177 247
15612 42 26 247
15613 43 82 247
15614 44 244 247
15615 45 69 247
15616 46 139 247
15617 47 30 247
15618 48 157 247
15619 49 235 247
15620 50 167 247
15621 51 172 247
15622 52 177 247
15623 53 110 247
15624 54 103 247
15625 55 222 247
15626 56 166 247
15627 57 224 247
15628 58 87 247
15629 59 161 247
15630 60 208 247
15631 61 152 247
15632 62 231 247
15633 63 10 247
15634 64 91 247
15635 65 154 247
15636 66 65 247
15637 67 187 247
15638 68 240 247
15639 69 30 247
15640 70 163 247
15641 71 136 247
15642 72 152 247
15643 73 35 247
15644 74 116 247
15645 75 122 247
15646 76 23 247
15647 77 117 247
15648 78 2 247
15649 79 153 247
15650 80 172 247
15651 81 142 247
15652 82 147 247
15653 83 60 247
15654 85 203 247
15655 86 215 247
15656 89 55 247
15657 0 113 248
15658 1 238 248
15659 2 175 248
15660 3 32 248
15661 4 225 248
15662 5 69 248
15663 6 216 248
15664 7 129 248
15665 8 141 248
15666 9 187 248
15667 10 238 248
15668 11 57 248
15669 12 174 248
15670 13 70 248
15671 14 22 248
15672 15 202 248
15673 16 166 248
15674 17 43 248
15675 18 214 248
15676 19 254 248
15677 20 231 248
15678 21 20 248
15679 22 179 248
15680 23 81 248
15681 24 117 248
15682 25 188 248
15683 26 192 248
15684 27 5 248
15685 28 38 248
15686 29 105 248
15687 30 21 248
15688 31 160 248
15689 32 62 248
15690 34 35 248
15691 33 156 248
15692 35 10 248
15693 36 193 248
15694 37 223 248
15695 38 182 248
15696 39 96 248
15697 40 67 248
15698 41 81 248
15699 42 62 248
15700 43 164 248
15701 44 223 248
15702 45 73 248
15703 46 29 248
15704 47 39 248
15705 48 200 248
15706 49 231 248
15707 50 23 248
15708 51 25 248
15709 52 19 248
15710 53 169 248
15711 54 200 248
15712 55 12 248
15713 56 1 248
15714 57 173 248
15715 58 233 248
15716 59 166 248
15717 60 6 248
15718 61 29 248
15719 62 165 248
15720 63 244 248
15721 64 209 248
15722 65 111 248
15723 66 36 248
15724 67 144 248
15725 68 22 248
15726 69 177 248
15727 70 246 248
15728 71 11 248
15729 72 76 248
15730 73 126 248
15731 74 233 248
15732 75 124 248
15733 76 183 248
15734 77 85 248
15735 78 11 248
15736 79 24 248
15737 80 49 248
15738 81 66 248
15739 82 52 248
15740 83 3 248
15741 84 45 248
15742 85 123 248
15743 86 144 248
15744 87 171 248
15745 88 114 248
15746 89 25 248
15747 91 239 248
15748 93 186 248
15749 0 129 249
15750 1 187 249
15751 2 107 249
15752 3 115 249
15753 4 236 249
15754 5 171 249
15755 6 35 249
15756 7 117 249
15757 8 196 249
15758 9 22 249
15759 10 158 249
15760 11 153 249
15761 12 101 249
15762 13 173 249
15763 14 137 249
15764 15 218 249
15765 16 57 249
15766 17 232 249
15767 18 29 249
15768 19 229 249
15769 20 9 249
15770 21 186 249
15771 22 163 249
15772 23 47 249
15773 24 188 249
15774 25 16 249
15775 26 119 249
15776 27 191 249
15777 28 31 249
15778 29 247 249
15779 30 32 249
15780 31 132 249
15781 32 71 249
15782 33 213 249
15783 34 254 249
15784 35 145 249
15785 36 178 249
15786 37 168 249
15787 38 66 249
15788 39 222 249
15789 40 12 249
15790 41 128 249
15791 42 196 249
15792 43 150 249
15793 44 81 249
15794 45 203 249
15795 46 17 249
15796 47 20 249
15797 48 185 249
15798 49 102 249
15799 50 170 249
15800 51 243 249
15801 52 194 249
15802 53 109 249
15803 54 165 249
15804 55 149 249
15805 56 49 249
15806 57 235 249
15807 58 164 249
15808 59 93 249
15809 60 81 249
15810 61 247 249
15811 62 253 249
15812 63 122 249
15813 64 236 249
15814 65 27 249
15815 66 125 249
15816 67 245 249
15817 68 200 249
15818 69 49 249
15819 70 225 249
15820 71 233 249
15821 72 256 249
15822 73 224 249
15823 74 229 249
15824 75 3 249
15825 76 100 249
15826 77 195 249
15827 78 121 249
15828 79 115 249
15829 80 170 249
15830 81 95 249
15831 82 147 249
15832 83 14 249
15833 84 202 249
15834 85 116 249
15835 86 213 249
15836 87 208 249
15837 88 27 249
15838 89 151 249
15839 90 235 249
15840 91 19 249
15841 92 7 249
15842 93 21 249
15843 94 141 249
15844 97 158 249
15845 0 72 250
15846 1 137 250
15847 2 94 250
15848 3 191 250
15849 4 54 250
15850 5 32 250
15851 6 203 250
15852 7 155 250
15853 8 254 250
15854 9 23 250
15855 10 189 250
15856 11 40 250
15857 12 84 250
15858 13 55 250
15859 14 39 250
15860 15 184 250
15861 16 29 250
15862 17 255 250
15863 18 201 250
15864 19 96 250
15865 20 193 250
15866 21 57 250
15867 22 31 250
15868 23 163 250
15869 24 93 250
15870 25 47 250
15871 26 40 250
15872 27 177 250
15873 28 14 250
15874 29 42 250
15875 30 190 250
15876 31 56 250
15877 32 180 250
15878 33 187 250
15879 34 138 250
15880 35 235 250
15881 36 3 250
15882 37 44 250
15883 38 141 250
15884 39 130 250
15885 40 195 250
15886 41 45 250
15887 42 107 250
15888 43 177 250
15889 44 127 250
15890 45 58 250
15891 46 53 250
15892 47 188 250
15893 48 53 250
15894 49 216 250
15895 50 5 250
15896 51 201 250
15897 52 160 250
15898 53 189 250
15899 54 95 250
15900 55 155 250
15901 56 240 250
15902 57 203 250
15903 58 76 250
15904 59 10 250
15905 60 230 250
15906 61 19 250
15907 62 149 250
15908 63 125 250
15909 64 10 250
15910 65 150 250
15911 66 152 250
15912 67 97 250
15913 68 173 250
15914 69 71 250
15915 70 48 250
15916 71 132 250
15917 72 123 250
15918 73 15 250
15919 74 17 250
15920 75 165 250
15921 76 237 250
15922 77 70 250
15923 78 239 250
15924 79 52 250
15925 80 136 250
15926 81 180 250
15927 82 82 250
15928 83 41 250
15929 84 142 250
15930 85 39 250
15931 86 117 250
15932 87 181 250
15933 88 87 250
15934 89 248 250
15935 90 121 250
15936 91 74 250
15937 92 24 250
15938 93 5 250
15939 94 174 250
15940 95 236 250
15941 96 127 250
15942 97 164 250
15943 98 168 250
15944 99 20 250
15945 101 210 250
15946 0 242 251
15947 2 235 251
15948 1 26 251
15949 3 183 251
15950 4 158 251
15951 5 189 251
15952 6 175 251
15953 7 182 251
15954 8 20 251
15955 9 117 251
15956 10 140 251
15957 11 102 251
15958 12 124 251
15959 13 167 251
15960 14 134 251
15961 15 237 251
15962 16 216 251
15963 17 79 251
15964 18 161 251
15965 19 240 251
15966 20 18 251
15967 21 156 251
15968 22 235 251
15969 23 93 251
15970 24 113 251
15971 25 86 251
15972 26 87 251
15973 27 178 251
15974 28 48 251
15975 29 218 251
15976 30 102 251
15977 31 224 251
15978 32 17 251
15979 33 73 251
15980 34 102 251
15981 35 58 251
15982 36 115 251
15983 37 245 251
15984 38 176 251
15985 39 122 251
15986 40 35 251
15987 41 37 251
15988 42 171 251
15989 43 188 251
15990 44 88 251
15991 45 196 251
15992 46 95 251
15993 47 7 251
15994 48 84 251
15995 49 103 251
15996 50 186 251
15997 51 30 251
15998 52 61 251
15999 53 26 251
16000 54 203 251
16001 55 29 251
16002 56 42 251
16003 57 206 251
16004 58 184 251
16005 59 136 251
16006 60 141 251
16007 61 119 251
16008 62 50 251
16009 63 156 251
16010 64 14 251
16011 65 88 251
16012 66 145 251
16013 67 126 251
16014 68 249 251
16015 69 5 251
16016 70 13 251
16017 71 65 251
16018 72 107 251
16019 73 53 251
16020 74 92 251
16021 75 186 251
16022 76 217 251
16023 77 218 251
16024 78 106 251
16025 79 216 251
16026 80 242 251
16027 81 50 251
16028 82 198 251
16029 83 144 251
16030 84 171 251
16031 85 88 251
16032 86 174 251
16033 87 41 251
16034 88 87 251
16035 89 35 251
16036 90 109 251
16037 91 94 251
16038 92 135 251
16039 93 102 251
16040 94 144 251
16041 95 215 251
16042 96 56 251
16043 97 167 251
16044 98 88 251
16045 99 152 251
16046 100 100 251
16047 101 69 251
16048 102 75 251
16049 103 213 251
16050 106 184 251
16051 0 201 252
16052 1 19 252
16053 2 157 252
16054 3 43 252
16055 4 233 252
16056 5 43 252
16057 6 137 252
16058 7 176 252
16059 8 214 252
16060 9 237 252
16061 10 205 252
16062 11 184 252
16063 12 134 252
16064 13 249 252
16065 14 21 252
16066 15 254 252
16067 16 200 252
16068 17 68 252
16069 18 46 252
16070 19 65 252
16071 20 141 252
16072 21 54 252
16073 22 254 252
16074 23 149 252
16075 24 176 252
16076 25 87 252
16077 26 237 252
16078 27 6 252
16079 28 244 252
16080 29 195 252
16081 30 182 252
16082 31 178 252
16083 32 254 252
16084 33 256 252
16085 34 225 252
16086 35 115 252
16087 36 212 252
16088 37 35 252
16089 38 24 252
16090 39 100 252
16091 40 72 252
16092 41 234 252
16093 42 51 252
16094 43 255 252
16095 44 149 252
16096 45 228 252
16097 46 152 252
16098 47 233 252
16099 48 215 252
16100 49 132 252
16101 50 26 252
16102 51 217 252
16103 52 62 252
16104 53 214 252
16105 54 82 252
16106 55 171 252
16107 56 80 252
16108 57 86 252
16109 58 247 252
16110 59 73 252
16111 60 147 252
16112 61 253 252
16113 62 231 252
16114 63 84 252
16115 64 207 252
16116 65 240 252
16117 66 101 252
16118 67 17 252
16119 68 164 252
16120 69 183 252
16121 70 72 252
16122 71 182 252
16123 72 222 252
16124 73 17 252
16125 74 86 252
16126 75 193 252
16127 76 128 252
16128 77 124 252
16129 78 92 252
16130 79 142 252
16131 80 81 252
16132 81 162 252
16133 82 106 252
16134 83 208 252
16135 84 248 252
16136 85 163 252
16137 86 37 252
16138 87 183 252
16139 88 74 252
16140 89 183 252
16141 90 233 252
16142 91 13 252
16143 92 246 252
16144 93 210 252
16145 94 68 252
16146 95 213 252
16147 96 190 252
16148 97 87 252
16149 98 56 252
16150 99 98 252
16151 100 35 252
16152 101 166 252
16153 102 95 252
16154 103 174 252
16155 104 14 252
16156 105 146 252
16157 106 179 252
16158 107 207 252
16159 109 203 252
16160 0 11 253
16161 1 178 253
16162 2 24 253
16163 3 123 253
16164 4 126 253
16165 5 240 253
16166 6 23 253
16167 7 104 253
16168 8 101 253
16169 9 210 253
16170 10 129 253
16171 11 37 253
16172 12 44 253
16173 13 169 253
16174 14 151 253
16175 15 134 253
16176 16 164 253
16177 17 8 253
16178 18 94 253
16179 19 124 253
16180 20 66 253
16181 21 23 253
16182 22 44 253
16183 23 184 253
16184 24 70 253
16185 25 186 253
16186 26 54 253
16187 27 242 253
16188 28 222 253
16189 29 145 253
16190 30 191 253
16191 31 177 253
16192 32 56 253
16193 33 48 253
16194 34 25 253
16195 35 39 253
16196 36 108 253
16197 37 246 253
16198 38 232 253
16199 39 112 253
16200 40 94 253
16201 41 185 253
16202 42 85 253
16203 43 141 253
16204 44 30 253
16205 45 105 253
16206 46 225 253
16207 47 166 253
16208 48 101 253
16209 49 246 253
16210 50 184 253
16211 51 147 253
16212 52 182 253
16213 53 87 253
16214 54 209 253
16215 55 201 253
16216 56 171 253
16217 57 70 253
16218 58 112 253
16219 59 229 253
16220 60 174 253
16221 61 55 253
16222 62 100 253
16223 63 248 253
16224 64 234 253
16225 65 188 253
16226 66 111 253
16227 67 113 253
16228 68 79 253
16229 69 69 253
16230 70 70 253
16231 71 64 253
16232 72 172 253
16233 73 124 253
16234 74 113 253
16235 75 196 253
16236 76 255 253
16237 77 54 253
16238 78 169 253
16239 79 236 253
16240 80 38 253
16241 81 178 253
16242 82 26 253
16243 83 126 253
16244 84 180 253
16245 85 196 253
16246 86 77 253
16247 87 140 253
16248 88 246 253
16249 89 198 253
16250 90 89 253
16251 91 119 253
16252 92 117 253
16253 93 183 253
16254 94 240 253
16255 95 31 253
16256 96 128 253
16257 97 255 253
16258 98 178 253
16259 99 241 253
16260 100 106 253
16261 101 105 253
16262 102 106 253
16263 103 184 253
16264 104 205 253
16265 105 142 253
16266 106 100 253
16267 107 163 253
16268 108 248 253
16269 109 36 253
16270 110 110 253
16271 111 253 253
16272 112 219 253
16273 113 196 253
16274 0 215 254
16275 1 218 254
16276 2 177 254
16277 3 93 254
16278 4 27 254
16279 5 186 254
16280 6 193 254
16281 7 24 254
16282 8 28 254
16283 9 56 254
16284 10 91 254
16285 11 192 254
16286 12 152 254
16287 13 64 254
16288 14 143 254
16289 15 130 254
16290 16 174 254
16291 17 253 254
16292 18 103 254
16293 19 47 254
16294 20 216 254
16295 21 15 254
16296 22 176 254
16297 23 131 254
16298 24 98 254
16299 25 130 254
16300 26 234 254
16301 27 177 254
16302 28 30 254
16303 29 104 254
16304 30 213 254
16305 31 137 254
16306 32 199 254
16307 33 61 254
16308 34 227 254
16309 35 233 254
16310 36 160 254
16311 37 39 254
16312 38 98 254
16313 39 26 254
16314 40 93 254
16315 41 34 254
16316 42 247 254
16317 43 131 254
16318 44 106 254
16319 45 72 254
16320 46 27 254
16321 47 232 254
16322 48 228 254
16323 49 40 254
16324 50 237 254
16325 51 164 254
16326 52 23 254
16327 53 103 254
16328 54 56 254
16329 55 18 254
16330 56 25 254
16331 57 51 254
16332 58 238 254
16333 0 229 255
16334 59 181 254
16335 60 182 254
16336 0 162 256
16337 61 142 254
16338 0 54 257
16339 62 102 254
16340 63 94 254
16341 64 233 254
16342 65 106 254
16343 66 64 254
16344 67 86 254
16345 68 57 254
16346 69 133 254
16347 70 122 254
16348 71 185 254
16349 72 18 254
16350 73 4 254
16351 74 16 254
16352 75 180 254
16353 77 131 254
16354 76 250 254
16355 78 150 254
16356 79 169 254
16357 80 38 254
16358 81 18 254
16359 82 242 254
16360 83 57 254
16361 84 89 254
16362 85 226 254
16363 86 256 254
16364 87 157 254
16365 88 45 254
16366 89 48 254
16367 90 231 254
16368 91 153 254
16369 92 68 254
16370 93 106 254
16371 94 63 254
16372 95 101 254
16373 96 79 254
16374 97 122 254
16375 98 117 254
16376 99 78 254
16377 100 139 254
16378 101 200 254
16379 102 109 254
16380 103 14 254
16381 104 55 254
16382 105 135 254
16383 106 83 254
16384 107 33 254
16385 108 173 254
16386 109 249 254
16387 110 252 254
16388 111 59 254
16389 112 55 254
16390 113 96 254
16391 114 251 254
16392 115 203 254
16393 117 158 254
16394 118 34 254
16395 1 250 255
16396 2 230 255
16397 3 158 255
16398 4 79 255
16399 5 184 255
16400 6 165 255
16401 7 27 255
16402 8 200 255
16403 9 256 255
16404 10 27 255
16405 11 121 255
16406 12 218 255
16407 13 114 255
16408 14 244 255
16409 15 227 255
16410 16 100 255
16411 17 60 255
16412 18 155 255
16413 19 136 255
16414 20 187 255
16415 21 215 255
16416 22 238 255
16417 23 28 255
16418 24 151 255
16419 25 206 255
16420 26 248 255
16421 27 1 255
16422 28 161 255
16423 29 215 255
16424 30 82 255
16425 31 68 255
16426 32 13 255
16427 33 192 255
16428 34 67 255
16429 35 36 255
16430 36 178 255
16431 37 184 255
16432 38 161 255
16433 39 180 255
16434 40 83 255
16435 41 211 255
16436 42 98 255
16437 43 71 255
16438 44 8 255
16439 45 125 255
16440 46 192 255
16441 47 152 255
16442 48 240 255
16443 49 52 255
16444 50 184 255
16445 51 107 255
16446 52 44 255
16447 53 213 255
16448 54 255 255
16449 55 226 255
16450 56 92 255
16451 57 66 255
16452 58 72 255
16453 59 193 255
16454 60 56 255
16455 61 49 255
16456 62 111 255
16457 63 47 255
16458 64 131 255
16459 65 179 255
16460 66 22 255
16461 67 239 255
16462 68 180 255
16463 69 251 255
16464 70 251 255
16465 71 1 255
16466 72 199 255
16467 74 66 255
16468 73 230 255
16469 75 21 255
16470 76 16 255
16471 77 186 255
16472 78 94 255
16473 79 141 255
16474 80 36 255
16475 81 221 255
16476 82 61 255
16477 83 202 255
16478 84 135 255
16479 85 36 255
16480 86 131 255
16481 87 238 255
16482 88 248 255
16483 89 81 255
16484 90 157 255
16485 91 24 255
16486 92 177 255
16487 93 32 255
16488 94 187 255
16489 95 242 255
16490 96 174 255
16491 97 197 255
16492 98 98 255
16493 99 244 255
16494 100 113 255
16495 101 61 255
16496 102 89 255
16497 103 86 255
16498 104 239 255
16499 105 250 255
16500 106 249 255
16501 107 33 255
16502 108 26 255
16503 109 106 255
16504 110 193 255
16505 111 144 255
16506 112 99 255
16507 113 197 255
16508 114 209 255
16509 115 113 255
16510 116 66 255
16511 117 16 255
16512 118 36 255
16513 119 53 255
16514 120 109 255
16515 121 230 255
16516 1 174 256
16517 2 73 256
16518 3 251 256
16519 4 95 256
16520 5 108 256
16521 6 256 256
16522 7 113 256
16523 8 206 256
16524 9 233 256
16525 10 114 256
16526 11 133 256
16527 12 226 256
16528 13 134 256
16529 14 1 256
16530 15 137 256
16531 16 8 256
16532 17 38 256
16533 18 157 256
16534 19 109 256
16535 20 252 256
16536 21 210 256
16537 22 111 256
16538 23 14 256
16539 24 28 256
16540 25 154 256
16541 26 163 256
16542 27 53 256
16543 28 49 256
16544 29 197 256
16545 30 7 256
16546 31 189 256
16547 32 54 256
16548 33 115 256
16549 34 217 256
16550 35 215 256
16551 36 147 256
16552 37 138 256
16553 38 243 256
16554 39 54 256
16555 40 217 256
16556 41 197 256
16557 42 175 256
16558 43 195 256
16559 44 146 256
16560 45 221 256
16561 46 211 256
16562 47 70 256
16563 48 157 256
16564 49 19 256
16565 50 100 256
16566 51 19 256
16567 52 250 256
16568 53 188 256
16569 54 144 256
16570 55 142 256
16571 56 188 256
16572 57 123 256
16573 58 164 256
16574 59 106 256
16575 60 244 256
16576 61 181 256
16577 62 140 256
16578 63 30 256
16579 64 116 256
16580 65 19 256
16581 66 112 256
16582 67 55 256
16583 68 38 256
16584 69 254 256
16585 70 9 256
16586 71 245 256
16587 72 139 256
16588 73 31 256
16589 74 255 256
16590 75 178 256
16591 76 165 256
16592 77 152 256
16593 78 163 256
16594 79 4 256
16595 80 182 256
16596 81 114 256
16597 82 144 256
16598 83 149 256
16599 84 225 256
16600 85 17 256
16601 86 249 256
16602 87 46 256
16603 88 40 256
16604 89 229 256
16605 90 135 256
16606 91 129 256
16607 92 186 256
16608 93 77 256
16609 94 100 256
16610 95 22 256
16611 96 53 256
16612 97 100 256
16613 98 252 256
16614 99 77 256
16615 100 235 256
16616 101 216 256
16617 102 144 256
16618 103 191 256
16619 104 194 256
16620 105 87 256
16621 106 251 256
16622 107 131 256
16623 108 175 256
16624 109 2 256
16625 110 179 256
16626 111 195 256
16627 112 152 256
16628 113 3 256
16629 114 97 256
16630 115 30 256
16631 116 240 256
16632 117 126 256
16633 118 116 256
16634 119 17 256
16635 120 135 256
16636 121 49 256
16637 122 72 256
16638 123 202 256
16639 124 201 256
16640 125 97 256
16641 127 193 256
16642 1 14 257
16643 2 9 257
16644 3 166 257
16645 4 90 257
16646 5 78 257
16647 6 185 257
16648 7 233 257
16649 8 162 257
16650 9 187 257
16651 10 139 257
16652 11 179 257
16653 12 76 257
16654 13 20 257
16655 14 214 257
16656 15 167 257
16657 16 140 257
16658 17 119 257
16659 18 218 257
16660 19 95 257
16661 20 244 257
16662 21 84 257
16663 22 153 257
16664 23 153 257
16665 24 102 257
16666 25 219 257
16667 26 131 257
16668 27 239 257
16669 28 109 257
16670 29 86 257
16671 30 240 257
16672 31 31 257
16673 32 143 257
16674 33 161 257
16675 34 64 257
16676 35 152 257
16677 36 132 257
16678 37 69 257
16679 38 113 257
16680 39 30 257
16681 40 24 257
16682 41 198 257
16683 42 50 257
16684 43 172 257
16685 44 88 257
16686 45 192 257
16687 46 240 257
16688 47 67 257
16689 48 128 257
16690 49 231 257
16691 50 170 257
16692 51 77 257
16693 52 11 257
16694 53 171 257
16695 54 179 257
16696 55 204 257
16697 56 172 257
16698 57 231 257
16699 58 247 257
16700 59 73 257
16701 60 179 257
16702 61 125 257
16703 62 142 257
16704 63 23 257
16705 64 240 257
16706 65 18 257
16707 66 43 257
16708 67 145 257
16709 68 88 257
16710 69 109 257
16711 70 92 257
16712 71 255 257
16713 72 179 257
16714 73 207 257
16715 74 239 257
16716 75 193 257
16717 76 120 257
16718 77 79 257
16719 78 143 257
16720 79 213 257
16721 80 39 257
16722 81 220 257
16723 82 60 257
16724 83 206 257
16725 84 109 257
16726 85 176 257
16727 86 189 257
16728 87 46 257
16729 88 208 257
16730 89 203 257
16731 90 71 257
16732 91 58 257
16733 92 101 257
16734 93 49 257
16735 94 5 257
16736 95 121 257
16737 96 89 257
16738 97 90 257
16739 98 83 257
16740 99 251 257
16741 100 106 257
16742 101 139 257
16743 102 7 257
16744 103 143 257
16745 104 171 257
16746 105 53 257
16747 106 28 257
16748 107 7 257
16749 108 160 257
16750 109 99 257
16751 110 124 257
16752 111 255 257
16753 112 27 257
16754 113 13 257
16755 114 195 257
16756 115 39 257
16757 116 4 257
16758 117 9 257
16759 118 55 257
16760 119 221 257
16761 120 33 257
16762 121 107 257
16763 122 15 257
16764 123 112 257
16765 124 143 257
16766 125 185 257
16767 126 254 257
16768 127 144 257
16769 128 159 257
16770 0 123 258
16771 1 103 258
16772 2 176 258
16773 3 138 258
16774 4 226 258
16775 5 92 258
16776 6 42 258
16777 7 74 258
16778 8 116 258
16779 9 46 258
16780 10 35 258
16781 11 125 258
16782 12 158 258
16783 13 61 258
16784 14 53 258
16785 15 99 258
16786 16 163 258
16787 17 76 258
16788 18 160 258
16789 19 5 258
16790 20 50 258
16791 21 193 258
16792 22 7 258
16793 23 96 258
16794 24 138 258
16795 25 4 258
16796 26 210 258
16797 27 205 258
16798 28 19 258
16799 29 108 258
16800 30 53 258
16801 31 112 258
16802 32 98 258
16803 33 165 258
16804 34 222 258
16805 35 54 258
16806 36 140 258
16807 37 211 258
16808 38 147 258
16809 39 16 258
16810 40 114 258
16811 41 119 258
16812 42 46 258
16813 43 241 258
16814 44 58 258
16815 45 152 258
16816 46 61 258
16817 47 184 258
16818 48 199 258
16819 49 60 258
16820 50 159 258
16821 51 187 258
16822 52 115 258
16823 53 50 258
16824 54 180 258
16825 55 194 258
16826 56 81 258
16827 57 84 258
16828 58 148 258
16829 59 40 258
16830 60 129 258
16831 61 151 258
16832 62 57 258
16833 63 191 258
16834 64 78 258
16835 65 8 258
16836 66 37 258
16837 67 163 258
16838 68 174 258
16839 69 85 258
16840 70 98 258
16841 71 71 258
16842 72 36 258
16843 73 250 258
16844 74 73 258
16845 75 232 258
16846 76 116 258
16847 77 200 258
16848 78 197 258
16849 79 171 258
16850 80 160 258
16851 81 91 258
16852 82 124 258
16853 83 132 258
16854 84 93 258
16855 85 154 258
16856 86 20 258
16857 87 150 258
16858 88 106 258
16859 89 170 258
16860 90 160 258
16861 91 56 258
16862 92 73 258
16863 93 55 258
16864 94 163 258
16865 95 248 258
16866 96 248 258
16867 97 147 258
16868 98 30 258
16869 99 59 258
16870 100 72 258
16871 101 156 258
16872 102 206 258
16873 103 6 258
16874 104 48 258
16875 105 139 258
16876 106 226 258
16877 107 184 258
16878 108 129 258
16879 109 30 258
16880 110 208 258
16881 111 79 258
16882 112 160 258
16883 113 243 258
16884 114 193 258
16885 115 134 258
16886 116 57 258
16887 117 74 258
16888 118 146 258
16889 119 4 258
16890 120 203 258
16891 121 97 258
16892 122 201 258
16893 123 8 258
16894 124 70 258
16895 125 213 258
16896 126 55 258
16897 127 181 258
16898 128 61 258
16899 129 209 258
16900 0 210 259
16901 1 247 259
16902 2 64 259
16903 3 184 259
16904 4 195 259
16905 5 10 259
16906 6 28 259
16907 7 93 259
16908 8 136 259
16909 9 171 259
16910 10 214 259
16911 11 38 259
16912 12 154 259
16913 13 41 259
16914 14 145 259
16915 15 214 259
16916 16 148 259
16917 17 40 259
16918 18 89 259
16919 19 47 259
16920 20 64 259
16921 21 162 259
16922 22 59 259
16923 23 82 259
16924 24 244 259
16925 25 180 259
16926 26 5 259
16927 27 134 259
16928 28 215 259
16929 29 167 259
16930 30 65 259
16931 31 73 259
16932 32 109 259
16933 33 50 259
16934 34 55 259
16935 35 18 259
16936 36 89 259
16937 37 30 259
16938 38 123 259
weights 260 260 260 260 260 260 260 260 260 260 260 260 260 260 260 260 260 260 260 260 260 260 260 260 260 260 260 260 260 260 260 260 260 260 260 260 260 260 260 259 259 259 259 259 259 259 259 259 259 259 259 259 259 259 259 259 259 259 259 259 259 259 259 259 259 259 259 259 259 259 259 259 259 259 259 259 259 259 259 259 259 259 259 259 259 259 259 259 259 259 259 259 259 259 259 259 259 259 259 259 259 259 259 259 259 259 259 259 259 259 259 259 259 259 259 259 259 259 259 259 259 259 259 259 259 259 259 259 259 259
