a	b	coefficient
0	0	5
2	0	4
3	0	4
4	0	9
5	0	7
6	0	5
7	0	8
8	0	1
9	0	1
10	0	5
11	0	6
12	0	4
13	0	7
14	0	7
15	0	4
16	0	8
17	0	4
18	0	9
19	0	8
20	0	1
21	0	4
22	0	4
23	0	3
24	0	10
25	0	3
26	0	2
27	0	2
28	0	7
29	0	3
30	0	5
31	0	1
32	0	3
33	0	10
34	0	3
35	0	9
36	0	9
37	0	5
38	0	1
39	0	1
40	0	10
41	0	5
42	0	8
43	0	1
45	0	7
46	0	3
47	0	3
48	0	4
49	0	3
50	0	7
51	0	1
52	0	10
53	0	6
54	0	7
55	0	2
56	0	10
57	0	5
58	0	3
59	0	3
60	0	3
61	0	7
62	0	3
63	0	5
64	0	2
65	0	9
66	0	1
67	0	6
68	0	7
69	0	8
70	0	8
71	0	8
72	0	8
73	0	4
74	0	1
75	0	8
76	0	7
77	0	1
78	0	10
79	0	3
80	0	3
81	0	9
82	0	7
83	0	7
84	0	10
85	0	4
86	0	3
87	0	7
89	0	4
90	0	6
91	0	5
92	0	10
93	0	4
94	0	1
96	0	4
97	0	7
98	0	2
99	0	5
100	0	3
102	0	2
103	0	5
104	0	3
105	0	9
106	0	1
107	0	7
108	0	1
109	0	7
110	0	4
111	0	3
112	0	1
113	0	6
114	0	10
115	0	6
116	0	10
117	0	2
118	0	2
119	0	10
120	0	5
121	0	1
122	0	1
123	0	9
124	0	9
126	0	1
127	0	5
128	0	5
129	0	8
130	0	9
131	0	5
132	0	1
133	0	3
134	0	2
135	0	7
136	0	7
137	0	9
138	0	9
140	0	9
141	0	6
142	0	4
143	0	10
144	0	1
145	0	4
146	0	7
147	0	6
150	0	4
151	0	8
152	0	1
153	0	8
154	0	7
155	0	3
156	0	7
157	0	5
158	0	10
159	0	2
160	0	3
161	0	5
162	0	6
163	0	7
164	0	5
166	0	2
167	0	4
168	0	4
169	0	9
170	0	4
171	0	2
172	0	5
173	0	6
174	0	8
175	0	2
176	0	5
177	0	6
178	0	10
180	0	6
181	0	8
182	0	8
183	0	7
184	0	2
185	0	9
186	0	7
188	0	4
189	0	9
190	0	3
191	0	7
192	0	7
193	0	4
194	0	6
195	0	6
196	0	4
197	0	10
198	0	3
199	0	6
201	0	7
202	0	3
203	0	8
204	0	1
205	0	3
206	0	4
207	0	6
208	0	5
209	0	4
210	0	9
211	0	1
212	0	10
213	0	7
214	0	2
215	0	2
216	0	3
217	0	6
218	0	2
219	0	4
221	0	4
222	0	9
223	0	6
224	0	8
225	0	5
226	0	3
228	0	3
229	0	4
230	0	6
231	0	6
232	0	10
233	0	8
235	0	10
236	0	7
237	0	9
238	0	7
239	0	1
240	0	3
241	0	6
243	0	3
244	0	4
245	0	7
246	0	5
247	0	3
248	0	6
249	0	6
250	0	8
251	0	3
252	0	3
253	0	5
254	0	9
255	0	3
256	0	1
257	0	9
258	0	4
259	0	5
260	0	3
261	0	5
262	0	1
263	0	7
264	0	8
265	0	5
266	0	1
267	0	1
268	0	5
269	0	8
270	0	2
272	0	10
273	0	4
274	0	2
275	0	4
276	0	6
277	0	5
278	0	2
279	0	4
280	0	9
281	0	5
282	0	8
283	0	10
284	0	2
285	0	8
286	0	6
287	0	10
288	0	1
289	0	10
290	0	9
291	0	5
292	0	10
293	0	8
294	0	2
295	0	10
296	0	1
297	0	3
298	0	8
299	0	7
300	0	1
301	0	10
302	0	2
303	0	5
304	0	8
305	0	9
0	1	9
1	1	3
3	1	3
4	1	10
5	1	1
6	1	1
8	1	3
9	1	9
10	1	10
12	1	5
13	1	6
14	1	6
15	1	1
16	1	3
17	1	2
18	1	1
19	1	9
20	1	10
21	1	10
22	1	1
24	1	10
25	1	4
26	1	3
27	1	5
30	1	1
31	1	5
32	1	5
35	1	9
36	1	4
37	1	8
38	1	5
39	1	9
40	1	8
41	1	6
42	1	1
43	1	5
44	1	4
45	1	8
46	1	1
47	1	2
48	1	3
49	1	9
51	1	6
52	1	1
53	1	6
54	1	2
55	1	10
56	1	2
57	1	10
58	1	10
59	1	1
60	1	4
61	1	10
62	1	2
64	1	9
65	1	5
66	1	7
67	1	5
68	1	6
69	1	9
70	1	1
71	1	9
72	1	3
73	1	10
74	1	9
75	1	1
76	1	5
77	1	7
78	1	2
80	1	6
81	1	4
82	1	5
83	1	10
84	1	4
85	1	8
86	1	4
87	1	5
88	1	10
89	1	5
90	1	1
91	1	5
92	1	1
93	1	6
94	1	1
95	1	1
96	1	10
97	1	1
98	1	7
99	1	5
100	1	5
101	1	4
102	1	1
103	1	4
104	1	5
105	1	2
106	1	4
108	1	3
109	1	3
110	1	10
111	1	2
112	1	2
113	1	6
114	1	2
115	1	2
116	1	3
117	1	9
118	1	10
119	1	1
120	1	8
121	1	3
122	1	10
123	1	4
124	1	8
126	1	4
127	1	6
129	1	10
130	1	4
131	1	8
132	1	8
133	1	6
134	1	9
135	1	10
136	1	5
137	1	7
138	1	3
139	1	5
140	1	6
141	1	9
142	1	9
143	1	5
144	1	9
145	1	10
146	1	2
147	1	2
148	1	4
149	1	7
150	1	2
151	1	7
152	1	4
153	1	3
154	1	5
156	1	2
157	1	3
158	1	10
159	1	8
160	1	6
162	1	2
163	1	3
164	1	6
165	1	10
167	1	10
168	1	8
169	1	7
170	1	2
171	1	4
172	1	2
173	1	3
176	1	1
177	1	1
178	1	4
179	1	6
180	1	7
181	1	1
182	1	10
183	1	8
185	1	4
186	1	8
188	1	1
189	1	5
190	1	1
191	1	10
192	1	1
193	1	9
194	1	8
195	1	9
196	1	3
199	1	7
200	1	1
202	1	4
203	1	6
204	1	10
205	1	8
206	1	7
207	1	1
208	1	4
209	1	8
211	1	10
212	1	8
214	1	5
215	1	1
216	1	6
217	1	8
218	1	10
219	1	2
220	1	5
221	1	2
222	1	9
223	1	10
224	1	2
225	1	3
226	1	6
227	1	8
228	1	2
229	1	8
230	1	2
231	1	10
232	1	5
233	1	3
234	1	1
235	1	5
236	1	8
237	1	10
238	1	3
239	1	6
240	1	6
241	1	9
242	1	2
243	1	8
244	1	8
245	1	3
247	1	9
248	1	4
249	1	3
250	1	2
251	1	8
253	1	8
254	1	1
255	1	2
256	1	5
257	1	2
258	1	10
259	1	3
260	1	9
261	1	8
262	1	3
263	1	8
264	1	7
265	1	5
266	1	6
267	1	6
268	1	10
269	1	5
270	1	3
271	1	8
272	1	10
273	1	3
274	1	10
275	1	4
277	1	3
278	1	3
280	1	3
281	1	8
282	1	5
283	1	6
284	1	7
286	1	1
287	1	4
290	1	5
291	1	4
292	1	2
293	1	3
294	1	5
295	1	10
296	1	6
297	1	6
298	1	8
299	1	2
301	1	4
302	1	6
303	1	1
0	2	9
1	2	3
2	2	4
3	2	9
4	2	10
5	2	5
6	2	2
7	2	6
8	2	3
9	2	4
10	2	10
11	2	10
12	2	9
13	2	9
14	2	1
16	2	4
17	2	9
18	2	1
19	2	5
20	2	4
21	2	10
22	2	1
23	2	6
24	2	3
25	2	7
26	2	1
27	2	8
28	2	6
29	2	5
30	2	8
31	2	1
33	2	8
35	2	1
36	2	1
38	2	1
39	2	8
40	2	3
41	2	9
42	2	6
43	2	4
44	2	9
45	2	10
46	2	10
47	2	10
48	2	1
49	2	3
50	2	1
51	2	3
53	2	3
54	2	1
55	2	6
56	2	4
57	2	1
58	2	9
59	2	7
60	2	9
61	2	4
62	2	8
63	2	3
64	2	5
65	2	10
66	2	6
67	2	8
68	2	7
69	2	1
71	2	3
72	2	5
73	2	10
74	2	8
75	2	1
76	2	7
77	2	1
78	2	4
79	2	9
81	2	6
82	2	5
83	2	5
84	2	7
85	2	9
86	2	10
87	2	5
88	2	10
89	2	6
90	2	3
91	2	5
93	2	10
94	2	8
95	2	3
96	2	10
97	2	10
98	2	9
99	2	6
100	2	8
101	2	1
102	2	7
103	2	6
104	2	2
105	2	4
106	2	2
107	2	2
108	2	9
109	2	6
110	2	5
111	2	6
112	2	3
113	2	5
114	2	6
116	2	7
117	2	10
118	2	3
119	2	6
120	2	10
121	2	3
122	2	9
123	2	1
124	2	7
125	2	7
126	2	8
127	2	4
128	2	6
129	2	3
130	2	3
131	2	9
132	2	4
134	2	3
135	2	1
137	2	1
138	2	4
139	2	5
140	2	10
141	2	4
143	2	4
145	2	9
146	2	10
147	2	4
148	2	6
149	2	1
150	2	9
151	2	7
152	2	10
153	2	4
154	2	3
155	2	1
156	2	3
157	2	7
158	2	4
159	2	4
161	2	3
162	2	2
163	2	9
164	2	9
165	2	9
166	2	10
167	2	5
168	2	10
169	2	6
170	2	5
171	2	3
172	2	1
173	2	7
174	2	6
175	2	10
176	2	2
177	2	1
179	2	6
180	2	1
181	2	4
183	2	3
184	2	5
185	2	1
186	2	9
187	2	4
188	2	8
189	2	1
190	2	3
191	2	9
192	2	1
193	2	9
194	2	10
195	2	6
196	2	5
197	2	3
198	2	7
199	2	7
200	2	3
201	2	9
202	2	9
203	2	4
204	2	8
205	2	10
206	2	9
208	2	6
209	2	1
210	2	1
211	2	1
212	2	8
213	2	2
215	2	2
216	2	3
218	2	6
219	2	9
220	2	2
221	2	10
222	2	8
223	2	1
224	2	2
226	2	10
227	2	6
228	2	9
229	2	2
230	2	10
231	2	7
232	2	6
233	2	9
234	2	8
235	2	3
237	2	2
238	2	6
239	2	10
240	2	8
241	2	6
242	2	8
243	2	9
244	2	3
245	2	10
247	2	2
248	2	7
249	2	6
250	2	7
251	2	2
252	2	9
253	2	3
254	2	3
255	2	5
256	2	8
257	2	1
258	2	2
260	2	3
261	2	6
262	2	10
263	2	3
264	2	3
265	2	3
267	2	10
270	2	10
271	2	3
272	2	9
273	2	2
274	2	2
275	2	7
276	2	3
277	2	8
278	2	9
279	2	10
280	2	8
281	2	6
282	2	1
283	2	2
284	2	4
285	2	4
286	2	2
287	2	2
288	2	7
289	2	3
290	2	5
291	2	10
292	2	10
293	2	8
296	2	5
297	2	5
298	2	3
299	2	1
300	2	8
301	2	7
0	3	2
1	3	8
2	3	8
3	3	6
4	3	10
5	3	1
6	3	2
8	3	8
10	3	5
11	3	9
12	3	3
13	3	10
14	3	2
15	3	10
17	3	8
18	3	3
19	3	10
20	3	5
21	3	8
22	3	2
23	3	3
24	3	9
25	3	4
26	3	8
27	3	8
28	3	6
29	3	10
30	3	4
31	3	3
32	3	10
33	3	8
34	3	7
35	3	10
36	3	9
37	3	4
38	3	5
39	3	6
40	3	9
41	3	5
42	3	1
43	3	2
44	3	6
45	3	7
46	3	6
47	3	10
49	3	1
50	3	9
51	3	7
52	3	3
53	3	7
54	3	9
55	3	1
56	3	7
57	3	6
58	3	1
59	3	9
61	3	10
62	3	9
63	3	1
64	3	2
65	3	7
66	3	9
67	3	2
68	3	8
69	3	5
70	3	6
71	3	6
72	3	2
73	3	9
74	3	10
75	3	1
76	3	8
77	3	7
78	3	8
79	3	10
80	3	4
82	3	5
84	3	9
85	3	6
88	3	7
89	3	10
90	3	9
91	3	6
92	3	6
93	3	8
94	3	4
95	3	6
96	3	6
97	3	4
98	3	6
99	3	8
100	3	9
101	3	9
102	3	6
103	3	8
104	3	3
105	3	6
106	3	10
107	3	4
109	3	9
110	3	9
111	3	2
112	3	1
113	3	1
114	3	10
115	3	7
116	3	9
117	3	9
118	3	4
119	3	9
120	3	7
121	3	10
122	3	10
124	3	1
125	3	4
126	3	5
127	3	7
128	3	5
129	3	2
130	3	1
131	3	10
132	3	9
133	3	9
134	3	8
135	3	7
136	3	6
137	3	9
138	3	6
139	3	6
140	3	10
141	3	3
142	3	2
143	3	9
144	3	10
145	3	3
146	3	5
147	3	3
148	3	10
149	3	5
150	3	9
151	3	9
152	3	5
153	3	2
154	3	7
155	3	7
156	3	2
157	3	2
158	3	4
159	3	8
160	3	5
161	3	1
162	3	9
163	3	1
164	3	4
165	3	7
166	3	6
168	3	4
169	3	9
171	3	7
172	3	5
173	3	5
174	3	8
175	3	8
176	3	9
178	3	5
179	3	6
180	3	4
181	3	3
182	3	5
184	3	9
185	3	1
186	3	8
187	3	9
188	3	7
189	3	2
190	3	7
191	3	5
192	3	6
193	3	10
194	3	10
195	3	8
196	3	8
197	3	4
198	3	1
199	3	1
200	3	5
201	3	7
203	3	7
204	3	5
205	3	4
206	3	10
207	3	8
208	3	5
209	3	10
210	3	4
211	3	2
212	3	10
213	3	6
214	3	7
215	3	5
216	3	5
217	3	3
218	3	1
219	3	1
220	3	6
221	3	3
222	3	7
223	3	8
224	3	10
225	3	6
226	3	8
227	3	5
228	3	1
229	3	4
230	3	8
231	3	9
232	3	4
233	3	2
234	3	6
235	3	5
236	3	2
237	3	10
238	3	6
239	3	7
240	3	7
241	3	10
243	3	7
244	3	5
245	3	10
247	3	5
248	3	4
249	3	10
250	3	1
251	3	10
252	3	2
253	3	8
254	3	1
255	3	2
256	3	7
257	3	5
258	3	5
259	3	1
260	3	4
261	3	8
262	3	10
263	3	1
264	3	2
265	3	1
266	3	10
267	3	5
268	3	6
269	3	4
270	3	4
271	3	10
272	3	9
273	3	6
274	3	5
275	3	8
276	3	8
277	3	7
278	3	8
279	3	6
280	3	4
282	3	10
283	3	3
284	3	4
285	3	9
286	3	9
287	3	1
288	3	4
289	3	5
290	3	10
291	3	10
292	3	6
293	3	7
294	3	9
295	3	6
296	3	3
297	3	6
298	3	4
299	3	6
0	4	1
1	4	8
2	4	1
3	4	10
4	4	7
7	4	6
9	4	7
10	4	3
11	4	5
12	4	2
13	4	8
14	4	7
15	4	2
16	4	9
17	4	2
18	4	4
20	4	10
21	4	5
22	4	1
23	4	4
24	4	7
25	4	1
26	4	4
27	4	5
29	4	10
30	4	8
31	4	5
32	4	10
33	4	4
34	4	7
35	4	10
36	4	10
37	4	2
38	4	5
39	4	2
40	4	2
41	4	5
42	4	8
43	4	1
44	4	6
45	4	9
46	4	10
47	4	10
48	4	1
49	4	10
50	4	3
51	4	4
52	4	9
53	4	9
54	4	9
55	4	10
56	4	7
57	4	7
58	4	2
61	4	3
62	4	1
63	4	5
64	4	2
65	4	2
66	4	1
68	4	6
69	4	5
70	4	3
71	4	9
72	4	4
73	4	8
74	4	2
75	4	10
76	4	4
77	4	8
78	4	1
79	4	10
80	4	3
81	4	5
82	4	10
83	4	10
84	4	7
85	4	5
86	4	9
87	4	9
88	4	3
89	4	5
90	4	6
91	4	2
92	4	3
93	4	8
94	4	1
95	4	8
96	4	8
97	4	3
98	4	3
99	4	1
100	4	2
102	4	10
103	4	3
104	4	8
106	4	7
107	4	3
109	4	7
110	4	7
111	4	7
114	4	2
115	4	9
116	4	7
117	4	8
118	4	8
119	4	7
120	4	3
121	4	9
122	4	4
123	4	1
124	4	8
125	4	1
126	4	1
127	4	5
128	4	1
129	4	7
130	4	3
131	4	9
132	4	8
133	4	9
134	4	7
135	4	8
136	4	2
137	4	6
139	4	6
140	4	7
141	4	2
142	4	1
143	4	10
144	4	3
146	4	5
147	4	2
148	4	1
149	4	2
150	4	6
151	4	9
152	4	1
153	4	10
154	4	3
155	4	1
156	4	9
157	4	5
158	4	8
160	4	8
161	4	4
162	4	5
164	4	10
165	4	8
166	4	2
167	4	10
168	4	10
169	4	10
170	4	10
171	4	1
172	4	9
173	4	7
174	4	6
175	4	7
176	4	5
177	4	8
178	4	2
179	4	4
180	4	9
181	4	5
182	4	1
183	4	7
184	4	2
186	4	4
187	4	4
189	4	9
190	4	1
191	4	3
192	4	6
193	4	2
194	4	6
195	4	7
196	4	4
197	4	10
198	4	8
199	4	3
200	4	10
201	4	8
202	4	3
203	4	1
204	4	6
206	4	1
207	4	9
208	4	4
209	4	2
210	4	3
211	4	3
213	4	2
214	4	9
215	4	1
216	4	3
217	4	4
219	4	9
220	4	9
223	4	7
224	4	9
225	4	7
226	4	7
227	4	3
229	4	3
230	4	5
231	4	8
233	4	1
234	4	2
235	4	4
236	4	10
237	4	5
238	4	7
239	4	7
240	4	3
241	4	4
242	4	4
243	4	1
244	4	8
245	4	7
246	4	4
247	4	4
248	4	2
249	4	6
250	4	1
251	4	3
252	4	1
253	4	10
254	4	10
255	4	10
256	4	1
257	4	9
258	4	1
259	4	8
260	4	10
261	4	10
263	4	2
264	4	3
265	4	1
267	4	9
268	4	10
269	4	2
270	4	10
271	4	7
272	4	4
273	4	2
274	4	7
275	4	1
276	4	9
278	4	1
279	4	10
280	4	2
281	4	8
282	4	4
283	4	9
284	4	2
286	4	3
287	4	5
288	4	2
289	4	6
290	4	1
292	4	7
293	4	1
294	4	9
295	4	4
296	4	5
297	4	3
0	5	10
2	5	7
3	5	6
4	5	4
5	5	1
6	5	4
8	5	8
9	5	10
10	5	3
12	5	7
14	5	1
15	5	9
16	5	3
17	5	7
18	5	7
19	5	1
20	5	3
21	5	7
22	5	4
23	5	4
24	5	9
25	5	8
26	5	4
27	5	9
28	5	10
29	5	6
31	5	7
32	5	1
33	5	6
34	5	1
36	5	1
37	5	3
38	5	1
39	5	5
41	5	2
42	5	9
43	5	5
44	5	6
45	5	8
47	5	6
48	5	9
49	5	6
50	5	4
51	5	3
52	5	6
53	5	1
54	5	9
55	5	7
56	5	10
57	5	7
59	5	10
60	5	2
61	5	4
62	5	4
63	5	6
64	5	6
65	5	9
66	5	4
67	5	1
68	5	9
69	5	10
70	5	3
71	5	1
72	5	8
73	5	2
74	5	2
75	5	3
76	5	8
77	5	8
78	5	4
79	5	8
81	5	1
82	5	9
83	5	4
84	5	2
85	5	3
86	5	10
87	5	8
88	5	5
89	5	9
90	5	1
91	5	8
92	5	9
93	5	3
94	5	10
96	5	8
97	5	6
98	5	1
99	5	10
100	5	8
101	5	1
103	5	1
104	5	3
105	5	4
110	5	3
111	5	6
112	5	8
113	5	10
115	5	6
116	5	10
117	5	2
118	5	10
119	5	4
120	5	4
121	5	6
122	5	2
123	5	10
124	5	3
125	5	10
126	5	6
127	5	10
128	5	4
129	5	4
130	5	2
131	5	5
132	5	2
133	5	3
134	5	4
136	5	3
138	5	8
140	5	10
141	5	1
144	5	4
145	5	3
146	5	1
147	5	2
149	5	8
150	5	6
151	5	2
152	5	9
153	5	7
154	5	2
155	5	2
156	5	7
157	5	8
158	5	7
159	5	10
160	5	2
161	5	1
162	5	6
163	5	5
164	5	5
165	5	5
166	5	10
167	5	5
169	5	3
170	5	10
171	5	2
172	5	10
173	5	8
174	5	6
175	5	2
176	5	7
177	5	10
179	5	10
180	5	1
181	5	3
182	5	5
183	5	5
184	5	3
185	5	3
186	5	3
187	5	10
188	5	4
189	5	10
191	5	4
192	5	5
193	5	5
194	5	6
195	5	7
196	5	7
197	5	6
198	5	5
199	5	6
200	5	8
201	5	10
202	5	8
203	5	1
204	5	6
205	5	10
207	5	10
208	5	9
209	5	6
210	5	9
211	5	9
212	5	10
213	5	5
214	5	7
215	5	5
216	5	4
217	5	4
218	5	6
219	5	6
220	5	3
221	5	5
222	5	3
223	5	2
224	5	5
225	5	4
226	5	6
227	5	5
228	5	9
229	5	4
231	5	4
232	5	2
233	5	9
234	5	3
235	5	1
237	5	3
238	5	3
239	5	3
240	5	1
241	5	3
242	5	6
243	5	3
244	5	10
245	5	10
247	5	1
248	5	3
249	5	3
250	5	8
251	5	5
252	5	8
253	5	8
254	5	10
255	5	10
256	5	7
257	5	2
258	5	5
259	5	7
260	5	5
261	5	5
262	5	10
263	5	8
264	5	3
265	5	8
266	5	9
267	5	4
268	5	7
269	5	2
270	5	7
272	5	1
273	5	3
274	5	1
275	5	3
276	5	7
277	5	5
278	5	4
279	5	10
280	5	7
281	5	3
282	5	10
283	5	9
284	5	5
285	5	2
286	5	8
287	5	9
288	5	8
289	5	9
290	5	1
291	5	5
292	5	9
293	5	4
294	5	4
295	5	2
0	6	5
2	6	10
3	6	8
4	6	7
5	6	6
6	6	9
7	6	7
8	6	3
10	6	9
11	6	6
12	6	10
13	6	8
14	6	9
15	6	10
16	6	8
18	6	8
19	6	1
20	6	6
21	6	8
22	6	6
23	6	4
24	6	9
25	6	8
26	6	3
27	6	7
28	6	3
29	6	6
30	6	1
31	6	5
32	6	3
33	6	4
34	6	4
35	6	7
37	6	10
38	6	9
39	6	2
40	6	3
41	6	9
42	6	6
43	6	6
45	6	1
46	6	3
47	6	6
48	6	2
49	6	10
50	6	2
52	6	7
53	6	2
54	6	7
55	6	10
56	6	8
57	6	6
58	6	4
59	6	2
60	6	7
61	6	2
62	6	4
63	6	5
64	6	4
65	6	6
66	6	2
67	6	3
68	6	3
69	6	2
70	6	7
71	6	8
72	6	4
73	6	10
74	6	1
75	6	1
76	6	1
77	6	3
78	6	6
79	6	4
80	6	7
82	6	5
83	6	1
84	6	2
85	6	4
86	6	4
87	6	7
88	6	9
89	6	3
90	6	7
91	6	1
93	6	9
94	6	4
95	6	9
96	6	1
97	6	10
98	6	1
100	6	8
101	6	3
102	6	1
103	6	10
104	6	4
105	6	8
107	6	1
108	6	10
109	6	4
110	6	4
111	6	5
113	6	2
114	6	8
115	6	6
116	6	7
117	6	8
118	6	4
119	6	7
120	6	8
121	6	8
122	6	6
123	6	2
125	6	10
126	6	6
127	6	6
128	6	1
129	6	3
130	6	7
132	6	2
133	6	3
134	6	1
135	6	1
136	6	6
137	6	4
138	6	2
139	6	2
140	6	4
142	6	1
143	6	9
145	6	8
146	6	8
147	6	4
148	6	3
149	6	10
150	6	2
151	6	1
152	6	7
153	6	10
154	6	1
155	6	3
156	6	2
157	6	1
158	6	10
159	6	9
161	6	4
162	6	2
163	6	8
164	6	3
165	6	2
166	6	1
167	6	9
168	6	4
169	6	10
170	6	7
171	6	1
172	6	9
173	6	10
174	6	4
175	6	6
176	6	2
177	6	9
178	6	7
179	6	3
180	6	10
181	6	6
182	6	10
183	6	3
184	6	1
185	6	8
186	6	6
187	6	6
188	6	4
189	6	6
191	6	5
192	6	1
193	6	2
194	6	10
195	6	4
196	6	10
197	6	7
199	6	7
200	6	6
201	6	10
202	6	7
203	6	10
204	6	7
205	6	4
206	6	1
208	6	10
209	6	8
210	6	10
211	6	9
212	6	2
213	6	7
214	6	1
216	6	9
217	6	2
218	6	4
219	6	4
220	6	7
221	6	3
222	6	1
223	6	9
224	6	5
225	6	2
226	6	8
227	6	6
228	6	6
229	6	6
230	6	6
231	6	2
232	6	4
233	6	8
234	6	4
236	6	10
237	6	6
238	6	2
239	6	6
240	6	1
241	6	4
242	6	7
243	6	6
244	6	6
245	6	1
246	6	6
247	6	10
248	6	3
249	6	4
250	6	8
251	6	6
253	6	5
255	6	10
256	6	2
257	6	4
258	6	3
259	6	1
260	6	1
261	6	10
262	6	1
263	6	8
265	6	2
266	6	4
267	6	9
268	6	10
269	6	1
270	6	2
271	6	3
272	6	4
273	6	6
274	6	3
275	6	1
276	6	2
277	6	9
278	6	4
280	6	7
281	6	2
283	6	2
284	6	6
285	6	4
286	6	10
287	6	6
289	6	7
290	6	4
291	6	3
293	6	1
0	7	7
1	7	5
2	7	3
3	7	8
4	7	6
5	7	1
6	7	8
8	7	10
9	7	2
10	7	2
11	7	4
12	7	8
13	7	5
14	7	9
15	7	3
16	7	1
18	7	2
19	7	1
20	7	5
21	7	10
22	7	6
23	7	1
24	7	4
25	7	9
26	7	7
27	7	6
29	7	2
31	7	9
32	7	5
33	7	9
34	7	3
35	7	10
36	7	7
37	7	2
38	7	8
39	7	4
41	7	4
42	7	10
44	7	9
45	7	4
46	7	10
47	7	1
48	7	6
49	7	3
50	7	2
51	7	9
52	7	3
53	7	6
54	7	6
55	7	4
57	7	7
58	7	2
59	7	6
60	7	3
61	7	1
62	7	7
63	7	7
64	7	8
65	7	7
66	7	3
67	7	8
68	7	5
69	7	7
70	7	7
71	7	6
72	7	2
73	7	2
74	7	7
75	7	5
78	7	10
79	7	10
80	7	1
82	7	6
83	7	3
84	7	9
85	7	4
86	7	8
87	7	2
88	7	9
89	7	3
90	7	3
91	7	9
92	7	9
93	7	8
94	7	1
97	7	1
98	7	5
99	7	7
101	7	1
102	7	2
103	7	10
104	7	3
105	7	5
106	7	3
107	7	9
109	7	10
110	7	3
111	7	1
112	7	8
113	7	3
114	7	3
115	7	1
116	7	5
117	7	2
118	7	4
119	7	1
120	7	1
121	7	9
122	7	4
123	7	6
124	7	7
126	7	9
127	7	2
128	7	7
129	7	9
130	7	9
131	7	1
132	7	5
134	7	1
135	7	5
136	7	4
138	7	4
139	7	3
140	7	6
141	7	10
142	7	9
143	7	7
144	7	5
145	7	5
146	7	4
147	7	6
148	7	1
149	7	9
150	7	2
151	7	8
152	7	1
153	7	2
154	7	3
155	7	4
156	7	10
157	7	1
158	7	5
159	7	10
160	7	8
161	7	7
162	7	3
163	7	2
164	7	8
165	7	8
166	7	1
167	7	9
168	7	3
169	7	10
170	7	4
171	7	1
172	7	1
176	7	5
177	7	8
178	7	4
180	7	9
181	7	10
182	7	6
183	7	3
184	7	6
185	7	5
186	7	9
188	7	10
189	7	6
190	7	9
191	7	5
192	7	3
193	7	2
194	7	5
195	7	5
196	7	3
197	7	7
198	7	6
199	7	9
200	7	7
201	7	2
202	7	10
203	7	1
204	7	6
205	7	2
206	7	6
207	7	2
208	7	3
209	7	4
210	7	3
211	7	10
212	7	5
213	7	5
214	7	2
215	7	8
216	7	8
217	7	6
218	7	3
219	7	3
220	7	10
221	7	7
222	7	4
223	7	6
224	7	7
225	7	1
226	7	2
227	7	2
228	7	4
229	7	1
230	7	2
231	7	9
232	7	6
233	7	7
234	7	4
235	7	9
236	7	5
237	7	2
238	7	4
239	7	1
240	7	9
241	7	3
242	7	2
243	7	4
244	7	3
245	7	10
246	7	7
247	7	1
248	7	2
249	7	5
250	7	4
251	7	10
252	7	4
253	7	6
255	7	2
256	7	4
257	7	6
258	7	3
259	7	8
260	7	6
261	7	9
262	7	6
263	7	4
264	7	2
265	7	6
267	7	10
268	7	2
269	7	6
270	7	2
271	7	1
272	7	2
273	7	8
274	7	10
275	7	10
276	7	10
277	7	9
278	7	6
279	7	4
280	7	7
281	7	4
282	7	7
284	7	2
285	7	8
286	7	9
287	7	3
288	7	3
289	7	2
290	7	4
291	7	6
0	8	9
3	8	4
4	8	1
5	8	1
6	8	9
8	8	10
10	8	2
11	8	7
12	8	8
13	8	5
14	8	5
15	8	4
16	8	7
17	8	8
18	8	6
19	8	1
20	8	5
21	8	3
23	8	9
24	8	8
26	8	3
27	8	10
28	8	10
29	8	6
30	8	9
31	8	10
32	8	7
33	8	6
35	8	7
36	8	2
37	8	2
38	8	4
39	8	10
40	8	5
41	8	8
43	8	2
44	8	9
45	8	3
46	8	2
47	8	5
48	8	4
49	8	2
50	8	1
51	8	1
52	8	10
53	8	1
54	8	7
55	8	2
56	8	2
57	8	8
58	8	2
59	8	2
60	8	2
61	8	2
62	8	5
63	8	7
64	8	2
65	8	9
66	8	9
67	8	7
68	8	7
69	8	2
70	8	6
71	8	4
74	8	10
75	8	4
76	8	10
77	8	7
78	8	3
80	8	1
81	8	1
82	8	10
83	8	1
84	8	5
85	8	7
86	8	7
87	8	5
88	8	1
89	8	5
91	8	10
92	8	3
93	8	3
94	8	7
95	8	3
96	8	1
97	8	9
98	8	5
99	8	2
101	8	6
102	8	5
104	8	7
105	8	3
106	8	9
107	8	3
108	8	8
109	8	1
110	8	8
111	8	5
112	8	10
113	8	7
114	8	6
115	8	6
116	8	5
117	8	6
118	8	10
119	8	6
120	8	9
121	8	5
122	8	3
123	8	5
124	8	3
125	8	8
126	8	10
127	8	8
128	8	7
129	8	3
130	8	9
131	8	7
132	8	2
133	8	4
134	8	2
135	8	4
136	8	2
137	8	9
138	8	10
139	8	7
140	8	9
141	8	1
142	8	7
143	8	8
144	8	3
145	8	9
146	8	7
148	8	9
149	8	6
150	8	7
151	8	4
152	8	1
153	8	5
154	8	7
155	8	4
156	8	3
158	8	1
159	8	3
160	8	4
161	8	7
162	8	1
163	8	10
165	8	9
166	8	3
167	8	6
168	8	1
169	8	3
171	8	5
172	8	2
174	8	3
175	8	10
176	8	5
177	8	2
178	8	10
180	8	3
181	8	8
182	8	1
183	8	5
184	8	5
188	8	6
189	8	8
190	8	6
191	8	6
192	8	3
193	8	2
194	8	9
195	8	10
196	8	7
197	8	6
198	8	7
199	8	5
200	8	10
201	8	3
202	8	4
203	8	7
204	8	5
206	8	2
207	8	5
208	8	7
209	8	10
210	8	5
211	8	2
212	8	4
213	8	1
214	8	7
216	8	3
217	8	2
219	8	2
220	8	6
221	8	10
222	8	9
223	8	6
224	8	5
225	8	8
226	8	9
227	8	2
228	8	2
229	8	5
230	8	7
231	8	4
232	8	4
233	8	9
234	8	7
235	8	4
237	8	9
238	8	4
239	8	9
240	8	9
241	8	2
243	8	6
244	8	3
245	8	3
248	8	3
249	8	10
250	8	6
251	8	2
253	8	3
254	8	9
255	8	3
256	8	2
257	8	4
258	8	2
259	8	9
260	8	9
261	8	3
262	8	1
263	8	10
265	8	2
266	8	1
267	8	5
268	8	1
269	8	4
270	8	7
271	8	5
272	8	8
273	8	8
274	8	6
275	8	9
276	8	9
277	8	5
278	8	7
279	8	4
280	8	7
281	8	7
282	8	4
283	8	3
285	8	2
287	8	3
288	8	1
289	8	6
0	9	3
1	9	7
2	9	5
3	9	10
5	9	5
6	9	9
7	9	10
8	9	4
9	9	10
10	9	4
11	9	2
12	9	9
13	9	9
15	9	5
16	9	3
17	9	10
18	9	4
19	9	4
20	9	6
21	9	9
22	9	6
23	9	8
24	9	7
25	9	7
26	9	5
27	9	4
28	9	8
30	9	6
31	9	2
32	9	10
33	9	9
34	9	2
35	9	8
36	9	9
37	9	9
38	9	8
39	9	9
40	9	6
41	9	4
42	9	4
43	9	1
44	9	1
45	9	7
46	9	10
47	9	3
48	9	8
49	9	10
50	9	5
51	9	3
52	9	10
53	9	6
54	9	6
55	9	7
56	9	10
58	9	7
59	9	4
60	9	5
61	9	3
62	9	5
63	9	4
64	9	1
65	9	5
67	9	3
68	9	5
69	9	8
70	9	8
71	9	9
72	9	1
73	9	10
74	9	1
75	9	9
77	9	10
78	9	4
80	9	7
81	9	1
82	9	6
83	9	5
84	9	1
85	9	10
86	9	9
87	9	2
88	9	2
89	9	10
90	9	7
91	9	4
92	9	6
93	9	2
94	9	4
95	9	1
96	9	7
97	9	5
98	9	7
99	9	6
100	9	2
101	9	4
102	9	10
103	9	7
104	9	3
105	9	5
106	9	5
107	9	2
108	9	4
109	9	4
110	9	8
111	9	7
113	9	9
114	9	7
115	9	4
116	9	6
117	9	9
120	9	2
121	9	3
122	9	3
123	9	9
124	9	8
126	9	8
127	9	10
128	9	3
129	9	8
130	9	8
131	9	6
132	9	9
134	9	9
135	9	5
136	9	8
137	9	9
138	9	4
139	9	6
140	9	2
141	9	1
142	9	2
143	9	4
144	9	8
145	9	3
146	9	6
147	9	3
149	9	4
150	9	3
151	9	8
152	9	2
153	9	3
154	9	4
155	9	1
156	9	2
157	9	2
158	9	8
159	9	6
160	9	8
161	9	1
162	9	4
163	9	7
164	9	8
165	9	1
166	9	1
167	9	2
168	9	4
169	9	9
170	9	4
171	9	6
173	9	10
174	9	3
175	9	7
176	9	5
177	9	7
178	9	7
180	9	1
181	9	2
182	9	10
183	9	1
184	9	8
185	9	5
186	9	4
187	9	8
188	9	2
189	9	3
190	9	6
191	9	4
192	9	2
193	9	6
194	9	6
195	9	7
196	9	5
197	9	2
198	9	6
199	9	6
200	9	4
201	9	9
202	9	5
203	9	9
204	9	6
205	9	3
206	9	7
208	9	1
209	9	10
210	9	2
211	9	8
212	9	9
213	9	2
214	9	1
216	9	4
217	9	6
218	9	10
219	9	4
220	9	5
221	9	3
222	9	3
223	9	9
224	9	10
225	9	2
226	9	3
227	9	8
228	9	3
229	9	1
230	9	3
231	9	5
232	9	8
233	9	10
234	9	7
235	9	5
236	9	3
238	9	8
239	9	2
241	9	5
242	9	3
243	9	1
244	9	5
245	9	6
247	9	9
248	9	8
249	9	2
251	9	4
253	9	1
254	9	3
255	9	10
256	9	10
257	9	1
258	9	3
259	9	8
260	9	2
261	9	9
262	9	8
263	9	8
264	9	8
265	9	10
266	9	4
267	9	5
268	9	7
269	9	6
270	9	2
271	9	2
272	9	8
273	9	4
274	9	7
275	9	7
276	9	3
277	9	9
279	9	9
280	9	4
281	9	4
282	9	5
283	9	6
284	9	10
285	9	9
286	9	4
287	9	2
0	10	1
1	10	1
2	10	2
3	10	10
4	10	3
5	10	1
6	10	8
7	10	9
8	10	5
9	10	5
10	10	1
11	10	5
13	10	6
14	10	8
15	10	10
17	10	4
18	10	2
19	10	1
20	10	3
21	10	10
23	10	1
24	10	1
25	10	3
26	10	6
27	10	8
28	10	9
29	10	5
30	10	8
31	10	2
32	10	10
33	10	7
35	10	7
36	10	10
37	10	10
38	10	3
39	10	10
40	10	3
41	10	5
42	10	9
43	10	3
44	10	9
45	10	3
46	10	3
47	10	3
48	10	5
49	10	9
50	10	3
51	10	5
52	10	4
53	10	7
54	10	10
55	10	8
56	10	6
57	10	3
58	10	9
59	10	8
60	10	6
61	10	5
62	10	1
63	10	4
64	10	2
66	10	10
67	10	4
68	10	4
69	10	3
70	10	9
72	10	10
73	10	7
74	10	10
75	10	8
76	10	7
77	10	9
78	10	6
79	10	7
80	10	3
82	10	10
83	10	4
84	10	4
85	10	1
86	10	8
87	10	3
88	10	3
89	10	9
91	10	10
92	10	1
93	10	6
94	10	8
95	10	2
96	10	8
97	10	10
98	10	5
99	10	4
100	10	3
101	10	7
104	10	5
105	10	5
106	10	6
107	10	5
108	10	9
110	10	1
111	10	5
113	10	9
114	10	5
115	10	2
116	10	8
117	10	6
118	10	8
120	10	3
121	10	2
122	10	5
123	10	6
124	10	3
125	10	9
126	10	10
127	10	10
128	10	4
129	10	2
130	10	5
131	10	8
132	10	6
133	10	8
134	10	2
135	10	4
136	10	4
137	10	9
138	10	4
139	10	6
140	10	2
141	10	1
142	10	1
143	10	2
144	10	5
145	10	3
146	10	3
148	10	2
149	10	9
150	10	2
151	10	2
152	10	8
153	10	4
154	10	5
155	10	5
156	10	9
157	10	4
158	10	9
159	10	10
160	10	5
162	10	7
163	10	2
164	10	6
165	10	6
166	10	4
167	10	6
168	10	3
169	10	9
170	10	10
171	10	3
172	10	9
173	10	4
174	10	7
175	10	7
176	10	7
177	10	6
178	10	10
179	10	1
181	10	8
182	10	1
183	10	6
184	10	10
185	10	3
186	10	9
187	10	9
188	10	3
189	10	9
190	10	7
191	10	3
192	10	7
193	10	9
194	10	8
195	10	3
197	10	3
198	10	3
199	10	4
200	10	9
201	10	10
202	10	5
203	10	4
204	10	8
205	10	3
206	10	2
207	10	6
208	10	8
209	10	7
210	10	9
211	10	1
212	10	9
213	10	9
214	10	8
215	10	3
216	10	9
217	10	7
218	10	2
219	10	6
220	10	4
221	10	5
222	10	3
223	10	5
225	10	2
226	10	4
227	10	10
229	10	4
231	10	5
232	10	5
233	10	5
234	10	6
235	10	8
236	10	2
237	10	1
238	10	7
240	10	1
241	10	10
243	10	7
244	10	1
245	10	7
246	10	4
247	10	6
248	10	8
249	10	8
250	10	1
251	10	7
252	10	10
253	10	6
254	10	10
255	10	1
256	10	6
257	10	5
258	10	4
259	10	6
260	10	2
261	10	2
262	10	8
263	10	10
264	10	3
265	10	1
267	10	10
268	10	7
269	10	3
270	10	5
271	10	7
272	10	5
273	10	4
274	10	1
275	10	10
276	10	9
277	10	6
278	10	2
279	10	6
280	10	6
281	10	3
282	10	1
283	10	8
284	10	9
285	10	10
0	11	5
1	11	5
2	11	2
3	11	3
4	11	7
5	11	8
6	11	3
7	11	10
8	11	2
9	11	5
11	11	10
12	11	5
13	11	8
14	11	5
15	11	8
16	11	10
17	11	1
18	11	1
19	11	6
20	11	10
21	11	4
22	11	5
23	11	1
24	11	6
25	11	3
26	11	9
27	11	2
28	11	2
29	11	8
30	11	1
31	11	2
33	11	1
34	11	6
35	11	6
36	11	2
37	11	6
38	11	5
39	11	6
40	11	10
41	11	2
42	11	1
43	11	5
44	11	5
45	11	8
46	11	5
47	11	9
48	11	8
49	11	8
50	11	8
51	11	7
52	11	10
53	11	10
54	11	6
55	11	4
56	11	5
57	11	1
58	11	4
59	11	9
60	11	6
61	11	10
62	11	9
63	11	4
64	11	8
65	11	6
66	11	1
67	11	4
68	11	7
69	11	5
70	11	7
71	11	8
72	11	6
73	11	6
74	11	7
75	11	8
76	11	10
77	11	1
78	11	4
79	11	10
80	11	4
81	11	1
82	11	3
83	11	3
84	11	9
85	11	5
86	11	1
87	11	3
88	11	2
89	11	6
90	11	9
91	11	7
92	11	10
93	11	5
94	11	3
95	11	7
96	11	3
97	11	1
98	11	6
99	11	2
100	11	9
101	11	3
103	11	4
104	11	5
105	11	6
106	11	8
107	11	1
108	11	4
109	11	9
110	11	2
111	11	4
112	11	6
113	11	10
114	11	3
115	11	5
117	11	3
118	11	1
119	11	5
120	11	5
121	11	4
122	11	4
123	11	6
124	11	3
125	11	4
126	11	10
127	11	4
128	11	7
129	11	7
130	11	1
131	11	9
132	11	9
133	11	8
134	11	2
136	11	2
137	11	10
138	11	7
139	11	10
140	11	3
142	11	3
143	11	8
144	11	7
145	11	4
147	11	2
148	11	7
149	11	2
150	11	8
151	11	8
152	11	4
156	11	4
157	11	4
158	11	5
159	11	2
160	11	6
162	11	9
163	11	5
164	11	6
165	11	4
166	11	5
167	11	2
168	11	9
169	11	2
170	11	10
171	11	10
172	11	8
173	11	7
174	11	1
175	11	7
176	11	2
177	11	10
178	11	7
179	11	5
180	11	6
182	11	9
183	11	2
184	11	3
186	11	9
187	11	2
188	11	7
189	11	4
190	11	9
191	11	6
192	11	2
193	11	7
195	11	1
196	11	10
197	11	10
198	11	3
199	11	1
200	11	7
201	11	8
202	11	1
203	11	10
204	11	3
205	11	8
206	11	5
207	11	3
208	11	6
209	11	2
210	11	10
211	11	7
214	11	4
215	11	7
216	11	4
217	11	3
218	11	2
219	11	4
220	11	4
221	11	10
222	11	3
223	11	6
224	11	6
225	11	1
226	11	9
227	11	1
228	11	10
229	11	4
230	11	8
231	11	4
232	11	1
233	11	6
234	11	8
235	11	5
236	11	1
237	11	6
238	11	2
239	11	7
240	11	2
242	11	4
243	11	2
244	11	10
245	11	6
246	11	9
247	11	10
248	11	10
249	11	4
250	11	2
251	11	9
252	11	2
253	11	7
254	11	3
255	11	7
256	11	7
257	11	4
258	11	1
259	11	8
260	11	8
261	11	3
262	11	7
263	11	8
264	11	1
265	11	1
266	11	8
267	11	10
268	11	8
269	11	3
270	11	4
271	11	6
272	11	10
273	11	9
274	11	2
275	11	2
276	11	2
277	11	5
278	11	8
279	11	8
280	11	6
282	11	2
283	11	3
1	12	7
2	12	10
3	12	10
4	12	3
5	12	10
6	12	5
7	12	1
8	12	8
9	12	4
10	12	4
11	12	9
12	12	8
13	12	8
14	12	5
15	12	3
16	12	5
17	12	1
18	12	3
19	12	4
20	12	9
22	12	1
23	12	2
24	12	9
25	12	1
26	12	8
27	12	9
28	12	4
29	12	1
30	12	3
31	12	1
32	12	7
33	12	8
34	12	5
35	12	9
37	12	4
38	12	8
39	12	1
40	12	6
41	12	5
42	12	1
44	12	3
45	12	9
46	12	10
47	12	5
48	12	8
49	12	1
50	12	8
51	12	10
52	12	9
53	12	5
54	12	1
55	12	9
56	12	4
57	12	2
60	12	9
61	12	7
62	12	7
63	12	2
64	12	1
65	12	10
66	12	2
67	12	10
69	12	10
70	12	3
71	12	1
72	12	3
74	12	10
75	12	5
77	12	10
78	12	10
79	12	7
80	12	5
81	12	8
82	12	6
83	12	2
84	12	6
85	12	5
86	12	10
89	12	10
91	12	10
92	12	2
93	12	8
94	12	5
95	12	7
96	12	1
97	12	3
98	12	4
99	12	2
100	12	7
101	12	3
102	12	2
103	12	2
104	12	5
105	12	5
106	12	9
107	12	3
108	12	8
109	12	6
110	12	3
111	12	7
112	12	3
113	12	8
114	12	8
115	12	6
116	12	7
117	12	4
118	12	1
119	12	10
120	12	1
121	12	3
122	12	1
123	12	5
124	12	9
125	12	6
126	12	9
127	12	7
128	12	8
129	12	1
130	12	10
131	12	1
132	12	2
133	12	3
134	12	1
135	12	2
136	12	5
137	12	10
138	12	4
139	12	9
140	12	4
141	12	1
142	12	1
143	12	6
144	12	10
145	12	9
146	12	2
147	12	2
148	12	8
149	12	9
150	12	6
151	12	1
152	12	2
153	12	7
154	12	9
155	12	4
156	12	4
158	12	2
159	12	9
160	12	6
161	12	7
162	12	10
164	12	10
165	12	5
166	12	10
167	12	4
168	12	10
169	12	5
170	12	4
171	12	8
172	12	2
174	12	1
175	12	1
176	12	7
177	12	6
178	12	4
179	12	8
180	12	5
181	12	2
182	12	6
183	12	4
184	12	2
185	12	3
186	12	6
187	12	4
188	12	6
189	12	6
190	12	5
191	12	4
192	12	5
193	12	9
194	12	6
195	12	8
196	12	2
197	12	7
198	12	9
199	12	1
200	12	4
201	12	1
202	12	6
203	12	9
204	12	6
205	12	7
206	12	6
207	12	8
208	12	10
209	12	9
210	12	1
211	12	4
213	12	8
214	12	3
215	12	4
216	12	1
217	12	10
218	12	1
220	12	6
221	12	4
222	12	2
223	12	5
224	12	8
225	12	10
226	12	5
227	12	6
228	12	5
229	12	6
231	12	1
232	12	8
233	12	9
234	12	8
235	12	6
236	12	7
237	12	6
238	12	4
239	12	8
240	12	3
241	12	2
242	12	6
243	12	1
244	12	5
245	12	1
246	12	6
247	12	1
248	12	5
249	12	3
250	12	6
251	12	1
252	12	3
253	12	5
254	12	7
255	12	5
256	12	3
257	12	2
259	12	8
260	12	7
261	12	7
262	12	3
263	12	9
264	12	8
265	12	1
266	12	1
267	12	8
268	12	9
269	12	3
270	12	9
271	12	2
272	12	2
273	12	2
274	12	7
275	12	1
276	12	1
277	12	9
278	12	10
279	12	4
280	12	10
281	12	4
0	13	6
1	13	5
2	13	8
3	13	6
4	13	2
5	13	6
6	13	4
7	13	8
8	13	9
9	13	1
10	13	6
11	13	2
12	13	5
13	13	7
14	13	1
15	13	8
16	13	10
17	13	9
18	13	5
19	13	3
20	13	1
21	13	5
22	13	3
23	13	9
24	13	2
25	13	4
26	13	2
27	13	1
28	13	10
30	13	1
31	13	3
33	13	6
34	13	2
35	13	4
37	13	8
38	13	5
40	13	5
41	13	1
42	13	6
43	13	7
44	13	7
45	13	10
46	13	5
47	13	8
48	13	5
49	13	7
50	13	4
51	13	9
52	13	4
53	13	5
54	13	7
55	13	4
56	13	9
57	13	6
58	13	8
59	13	6
60	13	9
61	13	8
62	13	3
63	13	10
64	13	1
65	13	4
66	13	9
67	13	9
68	13	3
69	13	2
70	13	3
71	13	9
72	13	5
73	13	3
74	13	4
75	13	10
76	13	1
77	13	7
78	13	4
79	13	7
81	13	10
82	13	8
84	13	7
85	13	6
86	13	2
87	13	5
88	13	6
89	13	2
91	13	7
92	13	2
93	13	10
94	13	6
96	13	5
97	13	9
98	13	8
99	13	8
100	13	2
101	13	4
102	13	7
103	13	9
104	13	8
105	13	9
106	13	8
107	13	1
108	13	9
109	13	9
110	13	5
111	13	10
112	13	5
113	13	5
114	13	4
115	13	5
117	13	1
118	13	10
119	13	8
120	13	6
121	13	4
122	13	2
123	13	3
124	13	4
125	13	3
126	13	5
127	13	7
128	13	6
130	13	7
131	13	7
132	13	1
133	13	7
135	13	10
136	13	10
137	13	2
138	13	10
139	13	4
140	13	9
141	13	10
143	13	9
145	13	3
146	13	7
147	13	7
150	13	5
151	13	6
152	13	8
153	13	5
154	13	4
155	13	5
156	13	3
157	13	7
158	13	5
159	13	8
160	13	2
162	13	2
163	13	4
164	13	10
165	13	6
166	13	8
167	13	4
168	13	1
170	13	5
171	13	2
172	13	10
173	13	10
174	13	4
175	13	1
176	13	10
177	13	10
178	13	9
179	13	1
180	13	6
181	13	3
182	13	9
183	13	8
184	13	9
185	13	7
186	13	3
187	13	7
188	13	9
189	13	1
191	13	6
192	13	4
193	13	10
194	13	3
195	13	5
196	13	6
198	13	7
199	13	2
201	13	5
202	13	2
203	13	7
204	13	3
205	13	1
206	13	1
208	13	8
209	13	3
210	13	9
211	13	6
212	13	8
213	13	7
214	13	9
215	13	1
216	13	4
217	13	5
218	13	8
219	13	7
220	13	6
221	13	10
222	13	6
223	13	6
224	13	5
225	13	10
226	13	1
227	13	6
228	13	10
229	13	9
230	13	7
231	13	7
232	13	9
233	13	6
235	13	5
236	13	6
237	13	5
238	13	7
239	13	10
240	13	3
241	13	4
242	13	3
243	13	6
244	13	8
245	13	7
246	13	9
247	13	8
248	13	6
249	13	9
251	13	10
252	13	6
253	13	4
254	13	7
255	13	5
256	13	1
257	13	1
258	13	6
259	13	10
260	13	4
261	13	5
262	13	1
263	13	4
264	13	10
265	13	9
266	13	8
267	13	7
268	13	8
269	13	10
270	13	6
271	13	9
272	13	2
273	13	7
274	13	5
275	13	5
276	13	4
277	13	1
278	13	8
279	13	10
0	14	5
1	14	8
2	14	8
3	14	4
4	14	2
6	14	10
7	14	9
8	14	10
9	14	7
10	14	3
11	14	3
12	14	4
13	14	4
14	14	6
15	14	1
16	14	4
17	14	9
19	14	1
20	14	3
21	14	2
22	14	4
23	14	7
24	14	1
25	14	4
26	14	3
27	14	6
28	14	4
29	14	2
30	14	9
31	14	6
32	14	5
35	14	9
36	14	2
37	14	8
38	14	5
39	14	2
40	14	5
41	14	7
43	14	10
44	14	3
45	14	6
46	14	3
47	14	8
48	14	5
49	14	9
50	14	9
51	14	4
52	14	6
53	14	4
54	14	3
55	14	8
56	14	6
57	14	5
58	14	5
59	14	6
60	14	6
61	14	4
62	14	9
63	14	9
64	14	3
65	14	2
66	14	1
67	14	10
68	14	6
69	14	6
70	14	1
71	14	8
72	14	6
73	14	6
74	14	10
75	14	10
76	14	4
77	14	7
78	14	3
79	14	3
80	14	5
81	14	9
82	14	1
83	14	10
84	14	2
85	14	4
86	14	8
87	14	2
88	14	5
89	14	8
90	14	5
91	14	1
92	14	7
93	14	9
94	14	2
95	14	10
96	14	9
97	14	10
98	14	2
99	14	5
100	14	3
101	14	8
102	14	2
103	14	4
104	14	8
105	14	7
106	14	6
107	14	6
108	14	3
109	14	7
110	14	7
111	14	7
112	14	2
113	14	8
114	14	7
115	14	9
116	14	5
117	14	8
118	14	9
119	14	8
120	14	8
121	14	5
122	14	4
123	14	8
124	14	7
125	14	3
126	14	3
129	14	7
130	14	4
131	14	10
132	14	5
133	14	5
134	14	1
135	14	7
136	14	2
137	14	7
138	14	7
139	14	4
140	14	6
141	14	5
142	14	10
143	14	7
144	14	10
145	14	5
146	14	6
147	14	10
148	14	2
149	14	6
150	14	7
151	14	5
153	14	3
154	14	10
155	14	3
156	14	7
157	14	2
159	14	8
160	14	5
161	14	6
162	14	4
163	14	6
164	14	6
165	14	9
166	14	1
167	14	4
168	14	2
169	14	8
170	14	3
171	14	3
172	14	9
173	14	4
174	14	9
175	14	7
176	14	6
177	14	8
178	14	8
179	14	9
180	14	10
181	14	3
182	14	4
183	14	7
184	14	7
185	14	4
187	14	2
188	14	9
189	14	2
191	14	2
192	14	4
193	14	4
194	14	8
195	14	3
196	14	2
197	14	2
198	14	8
199	14	3
201	14	5
202	14	10
203	14	5
204	14	3
205	14	7
206	14	9
208	14	5
209	14	1
210	14	1
211	14	5
212	14	8
213	14	9
214	14	7
215	14	6
216	14	2
217	14	5
218	14	1
219	14	4
220	14	8
221	14	8
222	14	1
224	14	4
225	14	3
226	14	8
227	14	1
228	14	2
229	14	5
230	14	5
232	14	5
233	14	3
234	14	1
235	14	4
236	14	5
237	14	1
238	14	2
239	14	4
240	14	1
241	14	9
242	14	10
243	14	3
244	14	5
245	14	8
246	14	7
247	14	4
249	14	4
250	14	4
251	14	6
252	14	6
253	14	7
254	14	8
255	14	7
256	14	7
257	14	8
258	14	7
259	14	4
260	14	5
261	14	3
262	14	9
263	14	5
264	14	3
265	14	4
266	14	7
267	14	8
268	14	4
269	14	4
270	14	5
271	14	9
272	14	3
273	14	9
274	14	5
275	14	4
276	14	4
277	14	8
0	15	7
1	15	1
2	15	8
3	15	2
4	15	8
5	15	7
6	15	1
7	15	10
8	15	10
9	15	5
10	15	8
11	15	8
12	15	3
13	15	3
14	15	2
16	15	2
17	15	1
18	15	8
20	15	3
22	15	5
23	15	9
24	15	7
25	15	3
26	15	8
27	15	10
29	15	4
30	15	10
31	15	6
32	15	7
33	15	8
34	15	4
35	15	8
36	15	10
37	15	4
38	15	9
39	15	8
40	15	5
41	15	7
42	15	5
43	15	3
44	15	7
45	15	3
46	15	8
47	15	7
48	15	1
49	15	9
50	15	5
51	15	10
52	15	7
53	15	2
54	15	7
55	15	10
56	15	9
58	15	8
59	15	4
60	15	6
61	15	10
62	15	6
63	15	4
64	15	10
65	15	7
66	15	3
67	15	5
68	15	8
69	15	4
70	15	1
72	15	2
74	15	1
75	15	5
76	15	9
77	15	8
78	15	1
79	15	6
80	15	8
81	15	2
82	15	7
83	15	1
84	15	2
85	15	3
86	15	3
87	15	9
88	15	2
89	15	5
90	15	2
91	15	1
92	15	9
93	15	4
94	15	6
95	15	4
96	15	6
98	15	1
99	15	8
100	15	2
101	15	3
102	15	8
103	15	8
104	15	6
105	15	9
106	15	3
108	15	9
109	15	4
110	15	1
111	15	8
112	15	1
113	15	5
114	15	3
115	15	7
116	15	4
117	15	3
118	15	5
119	15	9
120	15	6
121	15	4
122	15	5
123	15	6
124	15	3
125	15	10
126	15	9
127	15	5
128	15	8
129	15	7
130	15	9
131	15	6
132	15	1
133	15	3
134	15	9
135	15	10
136	15	4
137	15	8
138	15	1
139	15	10
140	15	5
141	15	4
142	15	1
143	15	8
144	15	9
145	15	6
146	15	5
147	15	2
148	15	5
149	15	8
150	15	4
151	15	10
152	15	10
153	15	3
154	15	4
155	15	4
156	15	1
157	15	4
158	15	5
159	15	9
160	15	2
162	15	4
163	15	9
164	15	6
165	15	5
166	15	2
168	15	6
169	15	7
170	15	3
171	15	7
172	15	1
173	15	4
174	15	2
175	15	4
176	15	10
177	15	5
178	15	7
179	15	5
180	15	10
181	15	6
182	15	9
185	15	4
186	15	3
187	15	6
188	15	1
189	15	1
190	15	6
191	15	9
192	15	8
193	15	5
194	15	4
195	15	1
196	15	4
197	15	9
198	15	5
199	15	5
200	15	3
201	15	3
202	15	8
203	15	10
205	15	6
206	15	10
207	15	10
208	15	7
209	15	4
210	15	10
211	15	9
212	15	4
214	15	6
215	15	4
216	15	5
217	15	5
218	15	8
219	15	1
220	15	7
221	15	7
222	15	8
223	15	1
224	15	3
225	15	9
226	15	2
227	15	7
228	15	5
229	15	9
230	15	8
232	15	10
233	15	4
234	15	2
235	15	7
236	15	8
237	15	8
238	15	1
240	15	6
241	15	10
242	15	9
243	15	8
244	15	5
245	15	3
246	15	9
247	15	1
248	15	1
249	15	2
250	15	10
251	15	3
252	15	10
253	15	4
254	15	2
255	15	9
256	15	4
257	15	7
258	15	7
260	15	6
261	15	2
262	15	4
263	15	7
264	15	5
265	15	10
266	15	7
267	15	9
268	15	6
269	15	10
270	15	6
272	15	5
273	15	2
274	15	5
275	15	3
0	16	7
1	16	5
2	16	3
4	16	8
5	16	5
6	16	10
7	16	5
8	16	3
9	16	7
10	16	10
11	16	9
13	16	3
14	16	2
15	16	7
16	16	9
17	16	1
18	16	3
19	16	9
20	16	10
21	16	10
22	16	3
23	16	8
24	16	7
25	16	5
26	16	10
27	16	1
28	16	3
29	16	4
30	16	6
31	16	5
32	16	9
33	16	10
35	16	7
36	16	10
37	16	4
38	16	10
39	16	10
40	16	1
41	16	3
42	16	5
43	16	6
44	16	10
45	16	2
46	16	7
47	16	9
48	16	4
49	16	2
50	16	4
51	16	5
52	16	10
53	16	10
54	16	5
55	16	6
56	16	1
57	16	1
58	16	8
59	16	1
60	16	5
61	16	1
63	16	1
64	16	3
65	16	10
66	16	2
67	16	10
68	16	1
69	16	1
71	16	3
72	16	3
73	16	3
74	16	1
75	16	3
77	16	9
79	16	6
81	16	9
82	16	4
84	16	10
85	16	4
86	16	6
87	16	10
88	16	10
89	16	6
90	16	3
91	16	3
92	16	2
93	16	3
94	16	3
95	16	8
96	16	4
97	16	5
98	16	4
99	16	6
100	16	1
101	16	7
102	16	9
103	16	1
104	16	1
105	16	7
106	16	4
107	16	7
108	16	9
109	16	3
111	16	6
112	16	2
113	16	8
114	16	10
115	16	10
116	16	6
117	16	4
118	16	6
119	16	7
120	16	4
123	16	2
124	16	2
125	16	5
126	16	3
127	16	2
129	16	4
130	16	2
131	16	1
132	16	6
133	16	9
134	16	4
135	16	9
136	16	5
137	16	9
138	16	6
139	16	5
140	16	5
141	16	9
142	16	6
143	16	3
144	16	5
146	16	1
147	16	4
148	16	5
149	16	5
150	16	10
151	16	2
152	16	5
153	16	8
154	16	4
155	16	7
156	16	2
157	16	8
158	16	6
159	16	1
161	16	5
163	16	7
165	16	6
166	16	6
167	16	6
168	16	4
169	16	10
170	16	10
171	16	2
172	16	2
173	16	3
175	16	5
176	16	5
177	16	8
178	16	3
179	16	7
180	16	4
181	16	3
182	16	5
183	16	4
184	16	2
185	16	7
186	16	7
187	16	5
189	16	7
190	16	7
192	16	3
193	16	10
194	16	5
195	16	6
196	16	9
197	16	3
198	16	8
199	16	3
200	16	4
201	16	10
203	16	8
204	16	4
205	16	1
206	16	6
207	16	5
208	16	8
209	16	7
210	16	6
212	16	2
213	16	3
215	16	7
216	16	8
217	16	2
218	16	8
219	16	8
220	16	6
221	16	2
222	16	8
223	16	10
224	16	7
225	16	5
226	16	1
227	16	9
228	16	10
230	16	8
231	16	10
232	16	3
233	16	7
234	16	4
235	16	4
236	16	6
237	16	4
238	16	10
239	16	8
240	16	6
241	16	3
242	16	8
243	16	9
244	16	5
245	16	2
246	16	4
247	16	7
248	16	4
249	16	7
250	16	8
251	16	10
252	16	1
253	16	3
254	16	4
255	16	3
256	16	1
257	16	3
258	16	9
259	16	8
261	16	6
262	16	8
263	16	10
265	16	6
266	16	7
267	16	7
268	16	1
269	16	9
270	16	3
271	16	9
272	16	6
273	16	5
1	17	8
2	17	4
3	17	1
4	17	7
5	17	6
6	17	9
7	17	9
8	17	10
9	17	1
10	17	3
11	17	9
12	17	5
13	17	10
15	17	7
16	17	8
17	17	9
18	17	2
19	17	5
20	17	9
21	17	7
22	17	1
23	17	6
24	17	10
25	17	8
26	17	8
27	17	10
28	17	2
29	17	8
30	17	1
31	17	1
32	17	3
33	17	8
34	17	5
36	17	5
37	17	10
38	17	2
39	17	1
40	17	3
41	17	8
42	17	5
43	17	7
44	17	8
45	17	1
46	17	9
47	17	6
48	17	5
49	17	10
50	17	10
51	17	6
52	17	9
53	17	4
54	17	10
55	17	5
56	17	9
57	17	1
58	17	2
59	17	8
60	17	5
61	17	1
62	17	1
64	17	7
65	17	4
66	17	1
68	17	5
69	17	10
70	17	10
71	17	6
72	17	7
73	17	3
74	17	4
75	17	5
76	17	3
77	17	9
78	17	2
79	17	1
80	17	10
81	17	5
82	17	5
83	17	7
84	17	3
85	17	6
86	17	4
87	17	1
88	17	10
89	17	3
90	17	7
91	17	2
92	17	1
93	17	3
94	17	5
95	17	7
96	17	4
97	17	6
98	17	2
99	17	8
101	17	3
102	17	2
103	17	8
104	17	1
106	17	3
107	17	6
108	17	5
109	17	8
110	17	4
112	17	10
113	17	8
114	17	9
115	17	8
116	17	2
117	17	6
118	17	3
119	17	9
120	17	9
122	17	4
123	17	2
124	17	10
125	17	1
126	17	10
127	17	7
128	17	6
130	17	5
131	17	6
132	17	7
133	17	2
135	17	1
136	17	6
137	17	7
139	17	8
140	17	8
141	17	6
142	17	1
143	17	8
144	17	9
145	17	10
146	17	4
147	17	2
148	17	7
149	17	7
150	17	3
151	17	9
152	17	5
153	17	2
154	17	4
155	17	7
156	17	7
157	17	4
158	17	6
161	17	10
162	17	2
163	17	5
164	17	2
165	17	8
166	17	2
167	17	2
168	17	10
169	17	7
170	17	6
171	17	6
172	17	9
173	17	8
174	17	5
175	17	1
176	17	9
177	17	2
178	17	9
179	17	4
180	17	1
181	17	8
183	17	8
184	17	5
185	17	6
186	17	6
187	17	5
188	17	10
189	17	6
190	17	6
191	17	1
192	17	10
193	17	9
194	17	4
195	17	8
196	17	5
197	17	7
198	17	9
199	17	6
201	17	9
203	17	5
204	17	8
205	17	8
206	17	2
207	17	10
208	17	2
209	17	4
210	17	2
211	17	2
212	17	5
214	17	9
215	17	1
216	17	9
217	17	3
218	17	10
219	17	4
220	17	7
221	17	8
222	17	6
224	17	4
226	17	1
228	17	10
229	17	5
230	17	8
231	17	5
232	17	8
233	17	5
234	17	8
235	17	8
236	17	2
237	17	5
238	17	1
239	17	6
240	17	6
241	17	8
242	17	2
243	17	3
244	17	10
245	17	7
247	17	3
249	17	5
250	17	8
251	17	2
252	17	10
254	17	9
255	17	1
256	17	1
257	17	5
258	17	1
259	17	2
260	17	3
261	17	8
262	17	4
263	17	2
265	17	1
266	17	7
267	17	4
269	17	1
270	17	4
271	17	9
0	18	1
1	18	9
2	18	3
3	18	4
5	18	10
6	18	4
7	18	9
8	18	9
9	18	2
10	18	10
11	18	2
12	18	7
13	18	5
14	18	9
15	18	1
16	18	3
17	18	5
18	18	6
19	18	5
20	18	10
22	18	9
23	18	6
24	18	10
25	18	7
27	18	4
28	18	10
29	18	2
30	18	6
33	18	2
34	18	10
35	18	7
36	18	1
37	18	9
38	18	6
39	18	1
40	18	5
41	18	9
42	18	5
43	18	1
44	18	5
45	18	7
46	18	3
47	18	10
48	18	7
51	18	1
52	18	3
54	18	1
55	18	7
56	18	7
57	18	8
58	18	6
59	18	5
60	18	1
61	18	9
62	18	1
63	18	8
64	18	7
65	18	7
67	18	9
68	18	6
69	18	7
70	18	6
71	18	10
72	18	8
73	18	8
74	18	7
76	18	1
77	18	9
78	18	4
79	18	4
80	18	7
81	18	5
82	18	10
83	18	1
85	18	5
86	18	9
87	18	6
88	18	5
89	18	8
90	18	1
91	18	6
93	18	1
94	18	1
96	18	4
98	18	10
99	18	6
100	18	1
101	18	1
102	18	10
103	18	7
104	18	6
105	18	7
106	18	9
107	18	10
108	18	6
109	18	1
110	18	5
111	18	9
112	18	2
113	18	7
114	18	7
115	18	4
116	18	2
118	18	6
119	18	10
120	18	10
121	18	4
122	18	6
123	18	9
124	18	6
125	18	4
126	18	5
127	18	9
129	18	3
130	18	4
131	18	1
133	18	9
136	18	1
137	18	9
138	18	1
139	18	3
141	18	7
142	18	2
143	18	9
144	18	8
145	18	7
146	18	9
147	18	9
148	18	7
149	18	4
150	18	1
151	18	3
152	18	9
153	18	5
154	18	6
155	18	4
156	18	10
157	18	5
158	18	4
159	18	10
160	18	6
161	18	1
162	18	7
163	18	5
165	18	1
166	18	9
167	18	5
168	18	4
169	18	4
170	18	2
171	18	1
172	18	2
173	18	7
174	18	10
175	18	3
176	18	9
177	18	10
178	18	1
179	18	10
180	18	5
181	18	3
182	18	9
183	18	6
184	18	8
185	18	2
186	18	3
187	18	8
189	18	6
190	18	1
191	18	2
192	18	6
193	18	5
194	18	8
195	18	6
196	18	4
197	18	5
198	18	5
199	18	8
200	18	1
201	18	10
202	18	8
203	18	6
204	18	7
205	18	9
206	18	3
207	18	8
208	18	9
209	18	3
210	18	8
211	18	1
212	18	10
213	18	10
214	18	7
215	18	1
216	18	2
217	18	4
218	18	1
220	18	4
221	18	1
223	18	7
224	18	5
226	18	7
228	18	7
229	18	1
230	18	8
231	18	2
232	18	7
233	18	2
234	18	10
235	18	1
236	18	6
237	18	4
238	18	9
239	18	2
240	18	5
241	18	4
242	18	8
243	18	7
244	18	6
245	18	9
247	18	4
248	18	1
249	18	2
250	18	3
252	18	5
253	18	10
254	18	4
255	18	3
256	18	7
257	18	3
258	18	10
259	18	8
260	18	7
261	18	9
262	18	4
263	18	5
264	18	7
265	18	1
266	18	2
267	18	10
268	18	7
269	18	3
0	19	8
1	19	7
2	19	2
3	19	5
4	19	1
5	19	1
6	19	10
7	19	5
8	19	8
10	19	8
11	19	6
12	19	10
13	19	3
14	19	5
15	19	10
16	19	9
17	19	6
18	19	2
19	19	8
20	19	1
21	19	4
23	19	1
24	19	8
25	19	2
27	19	7
28	19	5
29	19	5
30	19	2
31	19	2
33	19	2
34	19	2
35	19	4
36	19	2
37	19	4
38	19	8
39	19	5
40	19	8
41	19	8
42	19	6
43	19	5
44	19	3
45	19	9
46	19	3
47	19	5
48	19	2
50	19	7
51	19	5
52	19	7
53	19	9
54	19	3
55	19	7
57	19	8
58	19	4
59	19	7
60	19	10
61	19	4
62	19	10
63	19	2
64	19	3
65	19	4
66	19	2
67	19	9
68	19	3
69	19	6
70	19	7
71	19	9
72	19	2
73	19	6
74	19	3
75	19	5
76	19	6
78	19	7
79	19	7
80	19	6
81	19	7
82	19	2
83	19	8
84	19	4
85	19	10
86	19	9
87	19	5
88	19	8
89	19	10
90	19	6
91	19	10
93	19	5
94	19	7
96	19	1
97	19	6
98	19	5
99	19	8
100	19	6
101	19	4
103	19	1
104	19	4
105	19	1
106	19	4
107	19	5
108	19	9
109	19	8
110	19	3
111	19	10
112	19	3
113	19	5
114	19	1
115	19	3
116	19	1
117	19	4
118	19	1
119	19	9
121	19	2
122	19	3
123	19	1
124	19	7
125	19	2
126	19	6
127	19	9
129	19	10
131	19	9
132	19	4
133	19	5
134	19	2
136	19	7
137	19	5
138	19	3
139	19	9
140	19	8
142	19	9
143	19	8
144	19	8
145	19	6
146	19	3
147	19	7
148	19	10
149	19	8
150	19	7
151	19	5
152	19	7
153	19	6
154	19	1
155	19	3
156	19	8
157	19	4
158	19	7
159	19	5
160	19	5
161	19	8
162	19	6
163	19	2
164	19	7
165	19	8
166	19	8
167	19	5
169	19	5
171	19	1
172	19	7
173	19	1
174	19	5
175	19	2
176	19	3
178	19	6
180	19	3
181	19	8
182	19	3
183	19	8
184	19	1
185	19	10
186	19	5
187	19	8
188	19	1
189	19	1
190	19	10
191	19	1
192	19	1
193	19	8
194	19	2
195	19	1
196	19	10
197	19	1
198	19	3
199	19	5
200	19	2
201	19	1
202	19	7
203	19	6
204	19	2
205	19	5
206	19	2
207	19	5
208	19	7
209	19	9
210	19	3
211	19	7
212	19	2
213	19	8
214	19	3
215	19	3
216	19	6
217	19	3
218	19	8
219	19	6
220	19	8
221	19	1
222	19	5
223	19	7
224	19	10
225	19	10
226	19	3
227	19	8
229	19	9
230	19	8
231	19	10
232	19	4
233	19	7
234	19	6
235	19	10
236	19	8
237	19	3
238	19	7
241	19	10
243	19	1
244	19	9
245	19	10
246	19	2
247	19	6
248	19	8
249	19	3
250	19	7
252	19	2
253	19	2
254	19	1
256	19	10
257	19	1
258	19	7
260	19	3
261	19	9
263	19	8
264	19	2
265	19	5
266	19	6
267	19	5
0	20	1
1	20	6
2	20	8
3	20	9
4	20	8
5	20	7
6	20	2
7	20	3
8	20	1
9	20	4
10	20	6
11	20	1
12	20	7
13	20	5
14	20	2
16	20	5
17	20	9
18	20	6
19	20	4
20	20	4
21	20	10
22	20	1
24	20	5
25	20	1
26	20	4
27	20	10
28	20	6
29	20	10
30	20	3
31	20	2
32	20	2
33	20	8
34	20	9
35	20	7
36	20	10
38	20	4
39	20	1
40	20	10
41	20	6
42	20	8
43	20	8
44	20	8
45	20	1
47	20	5
48	20	5
49	20	10
50	20	2
51	20	5
52	20	3
53	20	4
54	20	6
55	20	7
56	20	4
57	20	9
58	20	10
59	20	8
61	20	9
62	20	4
63	20	9
64	20	9
66	20	7
67	20	9
68	20	4
69	20	9
70	20	6
71	20	1
72	20	4
73	20	3
74	20	3
75	20	1
76	20	8
77	20	1
78	20	2
79	20	8
80	20	5
81	20	7
83	20	1
84	20	10
85	20	7
86	20	7
87	20	2
89	20	4
90	20	9
91	20	3
92	20	10
93	20	9
94	20	3
95	20	6
96	20	10
97	20	1
98	20	6
99	20	7
101	20	10
102	20	1
103	20	5
104	20	8
105	20	8
106	20	5
107	20	5
108	20	1
109	20	8
110	20	5
111	20	6
112	20	9
113	20	1
114	20	8
115	20	4
116	20	9
118	20	7
119	20	9
121	20	8
123	20	1
124	20	2
125	20	3
126	20	1
127	20	8
128	20	5
129	20	5
130	20	10
131	20	9
132	20	3
133	20	8
134	20	2
135	20	4
136	20	5
138	20	6
139	20	9
141	20	6
142	20	2
143	20	10
144	20	4
145	20	6
146	20	1
147	20	2
148	20	10
149	20	2
150	20	9
152	20	9
153	20	10
154	20	1
155	20	8
156	20	2
157	20	9
158	20	2
159	20	7
160	20	4
161	20	4
162	20	8
163	20	3
164	20	5
165	20	2
166	20	6
167	20	7
168	20	3
171	20	9
172	20	4
173	20	2
174	20	6
175	20	8
176	20	2
177	20	1
178	20	10
180	20	10
181	20	9
182	20	4
183	20	4
184	20	7
185	20	5
189	20	1
191	20	8
192	20	2
193	20	8
194	20	4
195	20	6
196	20	4
197	20	5
199	20	9
200	20	6
201	20	10
202	20	1
203	20	9
204	20	5
205	20	8
207	20	1
208	20	8
209	20	9
210	20	9
211	20	8
212	20	3
213	20	5
214	20	5
215	20	9
216	20	8
217	20	2
218	20	2
219	20	2
220	20	9
221	20	7
222	20	2
224	20	7
227	20	9
228	20	6
229	20	5
230	20	2
231	20	5
232	20	2
233	20	2
234	20	2
235	20	5
236	20	10
237	20	1
238	20	3
239	20	8
240	20	7
241	20	8
242	20	2
243	20	3
244	20	7
245	20	9
246	20	9
247	20	1
248	20	1
249	20	4
250	20	10
252	20	9
253	20	8
254	20	1
256	20	4
257	20	10
258	20	4
259	20	2
260	20	7
261	20	5
262	20	4
263	20	1
264	20	8
265	20	2
0	21	2
1	21	5
2	21	5
3	21	7
4	21	4
7	21	6
8	21	6
9	21	2
10	21	2
13	21	2
14	21	10
15	21	5
16	21	10
17	21	2
18	21	3
19	21	5
20	21	10
21	21	9
22	21	1
23	21	1
26	21	1
27	21	9
28	21	3
29	21	4
30	21	7
31	21	3
32	21	1
33	21	8
34	21	1
35	21	1
36	21	1
37	21	1
38	21	4
39	21	10
40	21	4
41	21	10
42	21	4
43	21	5
44	21	7
45	21	6
46	21	2
47	21	7
48	21	5
49	21	10
50	21	2
51	21	5
52	21	5
53	21	2
54	21	4
55	21	10
56	21	7
57	21	4
58	21	10
59	21	9
60	21	5
61	21	4
62	21	1
63	21	7
64	21	10
67	21	7
68	21	5
69	21	1
70	21	8
71	21	1
72	21	7
73	21	9
74	21	4
75	21	4
76	21	6
77	21	5
78	21	5
79	21	1
80	21	10
81	21	10
82	21	3
83	21	4
84	21	9
85	21	9
86	21	4
87	21	4
88	21	3
89	21	8
90	21	8
91	21	6
92	21	3
93	21	7
94	21	1
95	21	4
97	21	10
98	21	6
99	21	6
100	21	10
101	21	1
102	21	5
103	21	4
104	21	1
105	21	8
106	21	1
107	21	1
108	21	10
109	21	1
110	21	7
112	21	8
113	21	9
114	21	2
115	21	5
117	21	5
118	21	4
120	21	8
121	21	2
122	21	3
123	21	8
124	21	9
125	21	3
126	21	4
127	21	10
128	21	9
129	21	1
130	21	1
131	21	2
132	21	10
133	21	6
134	21	2
137	21	1
138	21	3
139	21	3
140	21	3
141	21	8
142	21	1
144	21	5
146	21	3
147	21	10
148	21	4
149	21	6
150	21	4
151	21	7
152	21	1
153	21	2
154	21	9
155	21	8
156	21	2
157	21	10
158	21	2
159	21	3
160	21	3
161	21	3
162	21	9
163	21	6
164	21	5
165	21	1
166	21	9
167	21	7
169	21	1
170	21	9
171	21	1
172	21	8
173	21	8
174	21	8
175	21	9
177	21	8
178	21	10
179	21	8
180	21	9
181	21	5
182	21	7
183	21	3
184	21	5
185	21	4
186	21	10
187	21	9
188	21	3
189	21	2
190	21	6
191	21	5
192	21	10
193	21	5
194	21	6
195	21	9
196	21	1
197	21	8
198	21	6
199	21	5
200	21	7
201	21	6
202	21	9
203	21	9
204	21	1
205	21	9
209	21	1
210	21	7
211	21	5
212	21	5
213	21	2
214	21	3
215	21	2
216	21	5
217	21	6
218	21	2
219	21	4
220	21	5
221	21	7
223	21	3
224	21	7
225	21	8
226	21	5
227	21	7
228	21	9
229	21	9
230	21	10
232	21	6
233	21	3
235	21	4
236	21	2
237	21	3
238	21	2
239	21	7
242	21	5
244	21	10
245	21	7
246	21	10
247	21	7
248	21	10
249	21	10
251	21	8
252	21	3
253	21	10
254	21	6
256	21	4
257	21	10
258	21	2
259	21	9
260	21	8
261	21	8
262	21	1
263	21	9
0	22	9
1	22	9
2	22	10
5	22	4
6	22	8
8	22	6
11	22	1
12	22	9
13	22	4
14	22	8
15	22	9
16	22	6
17	22	1
18	22	4
19	22	7
20	22	7
21	22	9
22	22	1
23	22	5
24	22	4
25	22	9
26	22	2
28	22	6
29	22	6
30	22	9
31	22	5
32	22	1
33	22	10
35	22	1
37	22	3
38	22	8
39	22	7
40	22	2
41	22	6
43	22	5
44	22	10
45	22	6
46	22	10
47	22	6
49	22	6
51	22	4
52	22	9
53	22	2
54	22	6
55	22	8
56	22	1
57	22	7
58	22	10
59	22	4
60	22	9
61	22	1
62	22	1
63	22	4
64	22	1
65	22	3
66	22	3
67	22	4
68	22	9
69	22	5
70	22	1
71	22	9
72	22	8
73	22	3
74	22	3
75	22	1
76	22	8
77	22	6
78	22	3
79	22	10
81	22	4
82	22	2
83	22	10
84	22	1
85	22	10
86	22	1
87	22	2
88	22	4
89	22	10
90	22	2
91	22	6
92	22	7
93	22	9
94	22	9
95	22	5
96	22	4
97	22	6
98	22	10
99	22	8
100	22	2
101	22	1
102	22	4
103	22	5
104	22	2
105	22	4
106	22	9
107	22	4
108	22	10
109	22	5
110	22	3
111	22	4
112	22	1
113	22	2
114	22	2
115	22	3
116	22	9
117	22	9
118	22	10
119	22	8
120	22	9
121	22	4
123	22	3
125	22	6
126	22	10
127	22	5
128	22	5
129	22	7
131	22	1
132	22	10
133	22	10
134	22	10
135	22	9
137	22	9
138	22	8
139	22	5
140	22	6
141	22	8
143	22	7
144	22	4
145	22	2
146	22	7
147	22	8
148	22	4
149	22	3
150	22	6
152	22	5
153	22	1
154	22	10
155	22	1
156	22	1
157	22	2
158	22	6
159	22	7
160	22	1
161	22	8
162	22	2
163	22	6
164	22	10
165	22	10
166	22	4
167	22	5
168	22	3
169	22	2
170	22	1
171	22	7
172	22	9
173	22	6
174	22	3
175	22	10
176	22	6
177	22	8
179	22	9
180	22	7
181	22	10
182	22	2
183	22	5
184	22	7
185	22	3
186	22	3
187	22	1
188	22	3
189	22	4
190	22	10
191	22	2
192	22	6
193	22	8
195	22	4
196	22	5
197	22	8
198	22	3
200	22	1
201	22	10
202	22	9
203	22	8
204	22	1
205	22	2
206	22	8
207	22	6
208	22	6
209	22	4
210	22	7
211	22	3
212	22	10
213	22	3
214	22	6
216	22	3
217	22	9
219	22	1
221	22	8
222	22	9
225	22	4
226	22	9
227	22	4
231	22	6
233	22	2
234	22	2
235	22	10
236	22	8
237	22	9
238	22	1
239	22	1
240	22	4
241	22	1
242	22	7
243	22	8
244	22	8
245	22	8
246	22	7
247	22	4
248	22	3
249	22	3
250	22	2
253	22	4
255	22	10
256	22	7
257	22	8
258	22	3
259	22	10
260	22	7
261	22	10
0	23	5
1	23	10
3	23	3
4	23	9
5	23	4
7	23	2
8	23	8
9	23	2
12	23	2
13	23	8
14	23	4
15	23	9
16	23	10
17	23	2
18	23	2
19	23	4
20	23	2
21	23	8
22	23	7
23	23	1
25	23	10
27	23	4
28	23	1
29	23	4
30	23	6
31	23	5
33	23	9
35	23	3
36	23	9
37	23	2
38	23	1
39	23	9
40	23	1
41	23	5
42	23	5
43	23	7
44	23	9
45	23	10
46	23	9
47	23	3
48	23	3
49	23	3
50	23	1
51	23	5
52	23	5
53	23	6
55	23	2
56	23	10
57	23	7
58	23	2
59	23	5
60	23	8
61	23	7
62	23	7
63	23	6
64	23	9
65	23	7
66	23	10
67	23	3
70	23	10
71	23	3
72	23	9
73	23	7
74	23	3
75	23	5
77	23	8
78	23	4
80	23	8
81	23	1
82	23	4
83	23	10
84	23	7
85	23	3
86	23	8
87	23	9
88	23	1
89	23	4
90	23	1
91	23	7
92	23	7
94	23	3
95	23	4
96	23	1
97	23	3
99	23	3
102	23	4
103	23	5
104	23	4
105	23	1
106	23	10
107	23	6
108	23	2
109	23	7
110	23	5
111	23	10
112	23	9
113	23	4
114	23	1
115	23	1
116	23	6
117	23	6
119	23	5
120	23	1
121	23	7
122	23	2
123	23	5
124	23	3
125	23	7
126	23	3
127	23	9
128	23	3
130	23	3
131	23	5
133	23	10
134	23	5
136	23	7
137	23	3
138	23	3
139	23	8
140	23	4
141	23	9
142	23	5
143	23	3
144	23	2
145	23	2
146	23	6
147	23	3
150	23	3
152	23	7
153	23	2
154	23	5
155	23	2
156	23	7
157	23	5
158	23	2
159	23	3
160	23	7
161	23	10
162	23	8
163	23	10
164	23	9
165	23	5
166	23	3
167	23	1
168	23	2
169	23	7
170	23	1
172	23	3
174	23	6
175	23	7
176	23	5
177	23	6
178	23	7
179	23	1
180	23	5
182	23	10
183	23	7
184	23	8
185	23	8
186	23	4
187	23	6
188	23	5
190	23	6
191	23	3
192	23	7
193	23	4
194	23	7
195	23	5
196	23	4
197	23	6
198	23	6
199	23	10
200	23	2
201	23	7
202	23	8
203	23	5
204	23	2
205	23	6
206	23	3
207	23	9
209	23	2
210	23	9
211	23	10
212	23	10
213	23	8
214	23	10
216	23	4
217	23	5
218	23	1
219	23	3
220	23	7
221	23	10
222	23	7
223	23	2
224	23	2
225	23	5
227	23	9
228	23	8
229	23	5
230	23	10
231	23	5
232	23	8
233	23	5
234	23	4
235	23	1
236	23	9
237	23	3
238	23	9
239	23	8
240	23	5
241	23	5
242	23	10
243	23	1
244	23	3
245	23	5
246	23	6
247	23	4
248	23	5
249	23	7
250	23	10
251	23	10
252	23	9
253	23	10
254	23	5
255	23	3
256	23	8
257	23	10
258	23	1
259	23	3
0	24	4
1	24	4
2	24	7
3	24	2
4	24	2
5	24	9
6	24	5
7	24	7
8	24	5
10	24	1
11	24	6
12	24	8
13	24	6
14	24	4
15	24	9
16	24	2
18	24	6
19	24	7
20	24	5
21	24	6
22	24	1
23	24	6
24	24	1
25	24	10
26	24	7
27	24	7
28	24	3
29	24	8
30	24	2
32	24	3
34	24	7
35	24	3
36	24	1
37	24	3
38	24	10
39	24	3
41	24	9
42	24	4
43	24	9
44	24	2
45	24	4
46	24	4
48	24	3
49	24	8
50	24	9
51	24	10
52	24	2
53	24	10
54	24	3
55	24	10
56	24	10
57	24	5
58	24	10
59	24	3
60	24	9
61	24	7
62	24	8
64	24	1
65	24	4
66	24	8
68	24	6
69	24	3
70	24	7
71	24	6
72	24	10
73	24	10
74	24	3
75	24	9
77	24	4
78	24	3
79	24	8
80	24	6
81	24	7
82	24	10
83	24	2
84	24	5
85	24	3
86	24	9
87	24	3
88	24	1
89	24	4
92	24	6
93	24	10
94	24	4
95	24	8
96	24	10
97	24	6
98	24	6
99	24	3
100	24	4
102	24	1
103	24	5
104	24	4
105	24	3
106	24	9
107	24	1
108	24	1
109	24	3
110	24	8
111	24	10
112	24	10
113	24	4
114	24	1
115	24	1
116	24	2
117	24	7
118	24	9
119	24	6
120	24	1
121	24	10
122	24	9
123	24	8
124	24	7
125	24	9
126	24	10
128	24	4
129	24	1
130	24	8
132	24	3
133	24	6
134	24	8
135	24	10
136	24	4
137	24	3
139	24	4
140	24	3
141	24	7
142	24	3
144	24	7
145	24	9
146	24	8
147	24	1
148	24	5
149	24	8
150	24	10
151	24	7
152	24	10
153	24	5
154	24	8
155	24	7
156	24	5
157	24	8
158	24	10
159	24	1
160	24	10
161	24	3
162	24	1
164	24	7
165	24	2
166	24	3
167	24	3
168	24	9
169	24	8
170	24	5
171	24	8
172	24	10
173	24	4
174	24	6
175	24	7
176	24	2
177	24	8
178	24	2
179	24	5
180	24	9
181	24	7
182	24	8
183	24	9
184	24	5
185	24	4
186	24	6
187	24	6
188	24	6
189	24	10
190	24	3
191	24	6
192	24	3
193	24	10
194	24	8
195	24	7
196	24	9
197	24	8
198	24	2
199	24	2
200	24	7
201	24	9
202	24	10
204	24	4
205	24	5
206	24	1
207	24	3
208	24	3
209	24	8
210	24	6
211	24	5
212	24	2
213	24	10
214	24	10
215	24	9
216	24	10
217	24	3
218	24	10
219	24	4
220	24	5
221	24	9
223	24	2
224	24	6
226	24	3
227	24	1
228	24	10
229	24	9
230	24	7
231	24	10
232	24	9
233	24	3
235	24	1
236	24	4
237	24	10
238	24	9
239	24	7
240	24	1
241	24	1
242	24	2
243	24	3
244	24	9
245	24	5
246	24	9
247	24	9
248	24	6
249	24	5
250	24	5
251	24	5
252	24	5
253	24	1
254	24	9
255	24	6
256	24	3
257	24	3
1	25	4
2	25	4
3	25	7
4	25	6
6	25	2
7	25	8
8	25	1
9	25	9
11	25	1
12	25	5
13	25	1
14	25	7
15	25	6
16	25	4
17	25	5
18	25	4
19	25	2
20	25	9
21	25	2
22	25	3
23	25	9
24	25	9
25	25	1
26	25	6
27	25	6
28	25	7
29	25	6
30	25	10
31	25	1
32	25	1
35	25	9
36	25	4
37	25	10
38	25	9
39	25	9
40	25	4
41	25	4
42	25	4
43	25	4
44	25	7
45	25	4
46	25	8
47	25	3
48	25	1
49	25	3
50	25	10
52	25	7
53	25	5
54	25	10
55	25	1
57	25	7
58	25	8
59	25	3
60	25	5
62	25	9
63	25	2
64	25	7
65	25	1
66	25	8
67	25	8
68	25	7
69	25	4
70	25	10
71	25	1
72	25	6
73	25	7
74	25	2
76	25	1
77	25	10
78	25	10
79	25	3
80	25	4
81	25	8
82	25	9
83	25	5
84	25	8
85	25	5
86	25	10
87	25	7
89	25	5
90	25	8
91	25	4
92	25	7
94	25	6
95	25	9
96	25	10
97	25	8
98	25	7
99	25	5
100	25	9
101	25	8
102	25	5
103	25	9
104	25	9
105	25	1
106	25	1
107	25	9
108	25	8
109	25	6
110	25	4
111	25	6
112	25	6
113	25	6
114	25	2
115	25	2
116	25	10
117	25	8
118	25	7
119	25	10
120	25	5
122	25	4
123	25	6
124	25	10
125	25	9
126	25	8
127	25	4
129	25	5
130	25	3
131	25	6
133	25	6
134	25	4
136	25	7
137	25	3
138	25	10
139	25	5
140	25	8
141	25	6
142	25	2
143	25	5
144	25	9
145	25	9
146	25	10
148	25	9
149	25	1
150	25	6
151	25	10
152	25	5
153	25	3
154	25	2
155	25	6
156	25	4
157	25	1
158	25	6
159	25	9
160	25	4
161	25	8
163	25	10
164	25	4
165	25	1
166	25	7
168	25	9
169	25	8
170	25	3
173	25	6
174	25	8
175	25	4
176	25	3
177	25	9
178	25	4
180	25	1
181	25	2
182	25	7
183	25	7
184	25	5
185	25	8
186	25	4
187	25	2
188	25	10
189	25	1
190	25	7
191	25	1
192	25	8
193	25	5
194	25	9
196	25	6
197	25	8
198	25	10
200	25	7
201	25	6
203	25	5
204	25	4
205	25	5
206	25	2
207	25	6
208	25	8
209	25	4
210	25	2
211	25	4
212	25	5
213	25	1
214	25	2
215	25	10
216	25	1
217	25	3
218	25	4
219	25	6
220	25	10
221	25	9
222	25	1
224	25	9
225	25	2
226	25	5
227	25	3
228	25	1
229	25	2
230	25	3
231	25	5
232	25	3
233	25	3
234	25	1
235	25	2
236	25	8
237	25	10
238	25	1
239	25	4
240	25	6
241	25	1
242	25	7
243	25	9
244	25	8
245	25	3
246	25	6
247	25	8
248	25	3
249	25	1
251	25	8
252	25	1
253	25	10
254	25	6
255	25	1
0	26	8
1	26	6
2	26	5
3	26	10
4	26	10
5	26	8
6	26	2
7	26	4
8	26	6
9	26	5
10	26	8
11	26	3
12	26	3
13	26	6
14	26	1
16	26	10
17	26	8
18	26	3
19	26	9
21	26	7
22	26	8
23	26	5
24	26	6
25	26	7
26	26	6
27	26	3
29	26	10
30	26	6
31	26	10
32	26	6
33	26	7
34	26	2
35	26	2
36	26	8
37	26	5
38	26	10
39	26	7
40	26	7
41	26	4
43	26	6
44	26	9
45	26	6
47	26	3
49	26	8
50	26	1
51	26	7
52	26	6
53	26	6
54	26	9
56	26	8
57	26	5
58	26	4
59	26	4
60	26	10
61	26	1
63	26	9
64	26	6
65	26	1
67	26	9
68	26	3
69	26	7
70	26	1
71	26	1
72	26	5
73	26	4
74	26	1
75	26	2
76	26	8
77	26	4
78	26	6
80	26	4
81	26	6
82	26	2
83	26	5
84	26	8
85	26	7
86	26	2
87	26	1
88	26	9
89	26	10
90	26	7
91	26	3
92	26	5
93	26	5
94	26	3
95	26	9
96	26	7
97	26	8
98	26	2
99	26	7
101	26	10
102	26	10
103	26	5
105	26	6
106	26	9
107	26	7
108	26	3
109	26	9
110	26	3
112	26	7
113	26	1
114	26	8
115	26	8
116	26	8
117	26	9
118	26	5
119	26	3
120	26	7
121	26	4
122	26	5
123	26	4
125	26	2
126	26	8
127	26	10
128	26	8
129	26	4
131	26	1
132	26	4
133	26	9
134	26	5
138	26	5
139	26	8
141	26	1
142	26	6
143	26	8
144	26	5
145	26	7
146	26	3
147	26	5
148	26	9
149	26	7
150	26	3
151	26	6
152	26	5
153	26	1
154	26	4
155	26	1
156	26	4
157	26	3
158	26	3
159	26	2
160	26	4
161	26	9
162	26	2
163	26	5
164	26	6
166	26	1
167	26	3
168	26	6
169	26	1
170	26	5
171	26	6
172	26	8
173	26	3
174	26	3
175	26	6
176	26	1
177	26	8
178	26	2
179	26	3
180	26	2
181	26	3
182	26	6
183	26	10
184	26	5
187	26	1
188	26	4
189	26	10
190	26	6
191	26	2
192	26	4
193	26	8
195	26	8
196	26	1
197	26	3
198	26	6
199	26	9
200	26	4
201	26	4
202	26	1
203	26	8
204	26	10
205	26	7
206	26	8
207	26	8
208	26	2
209	26	7
210	26	5
211	26	2
212	26	3
213	26	6
214	26	7
216	26	3
217	26	3
218	26	10
219	26	2
220	26	5
221	26	4
222	26	9
223	26	3
224	26	3
225	26	10
226	26	2
227	26	6
228	26	4
230	26	2
231	26	8
232	26	7
233	26	2
234	26	5
235	26	4
236	26	7
237	26	8
238	26	8
239	26	9
240	26	2
241	26	9
242	26	10
243	26	7
244	26	2
245	26	3
246	26	9
247	26	4
248	26	10
249	26	4
250	26	1
251	26	2
252	26	3
253	26	8
0	27	3
1	27	8
2	27	7
3	27	4
4	27	2
5	27	9
6	27	1
7	27	10
8	27	3
10	27	6
11	27	4
12	27	7
13	27	9
14	27	8
15	27	4
16	27	10
17	27	2
20	27	1
21	27	2
22	27	3
23	27	2
24	27	10
26	27	2
27	27	7
28	27	4
29	27	6
30	27	9
31	27	3
32	27	5
33	27	3
34	27	5
35	27	8
36	27	9
37	27	1
38	27	5
40	27	1
41	27	1
42	27	7
43	27	9
44	27	9
45	27	6
46	27	3
47	27	2
48	27	10
50	27	4
51	27	9
52	27	1
53	27	5
54	27	10
55	27	6
56	27	7
57	27	3
58	27	10
59	27	1
60	27	7
61	27	6
62	27	2
63	27	1
64	27	4
65	27	8
66	27	7
67	27	2
68	27	5
69	27	10
70	27	6
71	27	8
73	27	4
74	27	5
75	27	10
76	27	7
77	27	4
78	27	9
80	27	1
81	27	2
82	27	8
83	27	7
84	27	7
85	27	2
86	27	5
87	27	10
88	27	4
89	27	4
90	27	5
91	27	7
92	27	6
93	27	4
94	27	9
95	27	6
96	27	4
97	27	3
98	27	2
100	27	10
102	27	4
103	27	3
104	27	7
105	27	4
106	27	3
107	27	4
108	27	3
109	27	1
110	27	4
111	27	3
112	27	2
113	27	1
115	27	5
116	27	4
117	27	9
118	27	8
119	27	2
120	27	10
121	27	3
122	27	2
124	27	1
125	27	3
126	27	1
127	27	2
128	27	2
129	27	7
130	27	6
131	27	1
132	27	6
133	27	7
134	27	4
135	27	8
136	27	1
137	27	4
138	27	2
139	27	8
140	27	2
141	27	4
142	27	8
143	27	4
144	27	4
145	27	4
146	27	4
147	27	8
148	27	8
149	27	8
150	27	4
151	27	5
152	27	2
153	27	6
154	27	6
155	27	2
156	27	4
157	27	8
158	27	3
159	27	10
160	27	6
162	27	9
163	27	4
164	27	3
166	27	5
167	27	4
168	27	4
169	27	3
170	27	2
171	27	5
172	27	1
173	27	1
175	27	2
176	27	5
177	27	4
178	27	10
179	27	8
183	27	10
184	27	10
185	27	8
186	27	3
187	27	5
188	27	6
189	27	6
190	27	1
191	27	1
192	27	5
193	27	8
194	27	9
195	27	3
196	27	3
197	27	2
198	27	4
199	27	10
200	27	8
201	27	5
202	27	6
203	27	4
204	27	2
205	27	5
206	27	1
207	27	4
208	27	4
209	27	10
210	27	10
211	27	6
213	27	3
214	27	4
215	27	5
216	27	5
217	27	5
219	27	9
220	27	7
221	27	8
222	27	3
223	27	6
224	27	3
225	27	9
226	27	3
228	27	2
229	27	8
230	27	7
231	27	9
232	27	9
233	27	3
234	27	9
235	27	1
236	27	2
237	27	4
238	27	9
239	27	6
240	27	10
241	27	4
242	27	6
243	27	9
244	27	3
245	27	4
247	27	8
248	27	9
249	27	10
251	27	4
0	28	1
1	28	1
2	28	10
3	28	2
4	28	9
5	28	2
7	28	1
8	28	6
9	28	9
11	28	8
12	28	2
13	28	5
14	28	5
15	28	8
16	28	5
17	28	7
18	28	4
19	28	3
21	28	2
22	28	7
23	28	7
24	28	10
25	28	5
26	28	9
27	28	4
28	28	9
29	28	4
30	28	4
31	28	8
32	28	9
34	28	8
35	28	4
36	28	3
37	28	6
38	28	7
39	28	8
40	28	8
41	28	5
42	28	5
43	28	2
44	28	6
45	28	1
46	28	9
47	28	8
48	28	1
49	28	8
50	28	10
51	28	9
52	28	9
53	28	2
54	28	10
55	28	2
56	28	6
57	28	2
58	28	2
59	28	3
60	28	6
61	28	7
62	28	1
63	28	1
64	28	2
65	28	5
66	28	5
67	28	1
68	28	3
69	28	2
70	28	2
71	28	4
72	28	5
74	28	2
75	28	8
76	28	9
78	28	7
79	28	6
80	28	8
81	28	2
82	28	7
83	28	3
84	28	10
85	28	5
86	28	3
87	28	10
88	28	2
89	28	3
90	28	7
91	28	9
92	28	6
93	28	6
94	28	6
95	28	2
96	28	3
97	28	4
98	28	5
99	28	7
100	28	1
101	28	9
102	28	1
103	28	2
104	28	6
105	28	9
106	28	4
107	28	8
108	28	1
109	28	3
110	28	7
111	28	8
112	28	10
113	28	3
114	28	6
115	28	5
116	28	9
117	28	8
118	28	7
119	28	5
120	28	9
121	28	7
123	28	3
124	28	3
126	28	3
127	28	10
128	28	4
129	28	10
130	28	5
132	28	9
133	28	2
134	28	1
135	28	3
136	28	2
137	28	1
138	28	4
139	28	1
140	28	10
141	28	2
142	28	9
143	28	2
144	28	5
145	28	8
146	28	10
148	28	8
149	28	2
150	28	5
151	28	5
152	28	1
153	28	1
154	28	9
156	28	4
157	28	5
158	28	7
159	28	1
160	28	5
161	28	6
162	28	2
163	28	6
165	28	3
166	28	2
167	28	1
168	28	8
169	28	6
170	28	8
171	28	1
172	28	8
173	28	8
174	28	3
175	28	7
176	28	6
177	28	6
178	28	9
181	28	1
182	28	1
183	28	10
184	28	10
185	28	6
186	28	4
188	28	2
189	28	4
190	28	3
192	28	7
193	28	5
194	28	8
195	28	2
196	28	4
197	28	4
198	28	2
199	28	1
200	28	1
201	28	10
202	28	3
203	28	4
204	28	5
205	28	5
206	28	6
207	28	3
209	28	1
210	28	10
211	28	6
212	28	5
213	28	7
214	28	7
216	28	2
217	28	1
218	28	6
219	28	7
220	28	7
221	28	3
222	28	1
223	28	5
224	28	3
225	28	8
227	28	8
228	28	3
229	28	6
230	28	4
231	28	1
232	28	7
233	28	6
234	28	4
235	28	1
236	28	7
237	28	3
239	28	3
240	28	1
241	28	2
242	28	2
244	28	4
245	28	9
246	28	6
248	28	6
249	28	10
0	29	9
1	29	4
2	29	5
3	29	7
4	29	5
5	29	8
6	29	8
7	29	1
9	29	4
10	29	2
11	29	3
12	29	9
13	29	3
14	29	6
15	29	6
16	29	1
17	29	6
18	29	9
20	29	8
21	29	3
22	29	1
23	29	4
24	29	5
25	29	10
26	29	7
27	29	10
28	29	5
29	29	5
30	29	10
31	29	6
32	29	9
33	29	5
34	29	9
36	29	6
37	29	5
38	29	7
39	29	4
40	29	4
41	29	5
42	29	4
43	29	2
44	29	4
45	29	10
46	29	9
47	29	4
48	29	5
49	29	4
50	29	1
52	29	9
53	29	1
55	29	1
56	29	1
57	29	6
60	29	3
61	29	1
62	29	10
63	29	3
64	29	3
65	29	10
66	29	4
67	29	7
69	29	10
70	29	3
71	29	5
72	29	1
73	29	2
74	29	2
75	29	6
76	29	9
80	29	10
81	29	3
82	29	9
84	29	4
85	29	2
86	29	9
87	29	10
88	29	8
90	29	7
91	29	10
92	29	5
93	29	6
94	29	10
95	29	8
96	29	7
97	29	2
98	29	8
99	29	6
100	29	2
101	29	5
102	29	6
103	29	6
104	29	5
105	29	3
106	29	2
107	29	5
108	29	6
109	29	7
110	29	5
111	29	7
112	29	3
113	29	7
114	29	8
115	29	3
116	29	3
117	29	4
118	29	6
119	29	6
120	29	2
121	29	8
122	29	5
123	29	7
124	29	9
125	29	1
126	29	1
127	29	9
128	29	9
129	29	9
130	29	9
131	29	6
132	29	3
133	29	10
134	29	7
135	29	6
136	29	6
137	29	9
138	29	1
139	29	3
140	29	1
141	29	5
142	29	3
143	29	2
144	29	4
145	29	3
147	29	9
148	29	2
149	29	1
151	29	3
152	29	3
153	29	2
154	29	6
155	29	8
156	29	2
157	29	1
158	29	10
160	29	6
161	29	4
162	29	10
163	29	9
164	29	9
165	29	1
166	29	8
167	29	8
168	29	5
169	29	5
170	29	3
171	29	7
172	29	4
173	29	5
174	29	7
175	29	3
176	29	2
177	29	10
178	29	5
179	29	10
180	29	6
181	29	8
182	29	2
183	29	10
184	29	7
185	29	10
186	29	6
187	29	5
188	29	10
189	29	4
190	29	5
191	29	4
192	29	3
193	29	4
194	29	6
195	29	4
196	29	3
197	29	4
198	29	10
199	29	4
200	29	4
201	29	7
202	29	1
203	29	10
204	29	2
205	29	4
206	29	9
207	29	6
208	29	5
209	29	9
210	29	2
211	29	9
212	29	10
213	29	5
214	29	2
215	29	9
217	29	2
218	29	3
220	29	9
221	29	5
222	29	3
223	29	3
224	29	5
225	29	1
226	29	10
227	29	3
229	29	8
230	29	5
231	29	8
232	29	9
233	29	10
234	29	3
235	29	3
236	29	5
237	29	6
238	29	6
239	29	2
240	29	7
241	29	6
242	29	5
243	29	3
244	29	9
245	29	10
246	29	1
247	29	10
0	30	4
1	30	6
2	30	10
3	30	7
4	30	1
5	30	8
6	30	5
7	30	4
8	30	5
9	30	3
10	30	1
11	30	6
12	30	2
13	30	6
16	30	9
17	30	5
18	30	6
19	30	4
20	30	4
22	30	8
23	30	10
24	30	9
25	30	5
26	30	4
27	30	10
28	30	6
29	30	9
30	30	2
31	30	5
32	30	2
34	30	3
35	30	1
36	30	9
37	30	5
38	30	3
39	30	9
40	30	3
41	30	10
42	30	2
43	30	6
44	30	6
45	30	8
46	30	1
47	30	3
48	30	7
49	30	5
50	30	6
51	30	5
52	30	6
53	30	1
54	30	8
56	30	8
57	30	3
58	30	5
59	30	3
60	30	8
61	30	9
62	30	7
63	30	8
64	30	8
65	30	3
66	30	8
67	30	2
68	30	7
69	30	7
70	30	2
71	30	3
72	30	9
73	30	2
74	30	8
75	30	3
76	30	1
77	30	2
78	30	3
79	30	4
81	30	10
84	30	3
85	30	6
86	30	10
87	30	7
88	30	4
89	30	7
90	30	1
91	30	5
92	30	6
93	30	3
94	30	5
95	30	6
96	30	2
97	30	6
98	30	9
99	30	3
100	30	4
101	30	3
102	30	2
103	30	3
104	30	9
105	30	2
106	30	1
108	30	8
109	30	9
110	30	3
111	30	5
113	30	5
114	30	6
115	30	7
117	30	4
118	30	4
119	30	3
120	30	10
121	30	2
122	30	6
123	30	8
124	30	2
125	30	6
126	30	6
127	30	3
129	30	6
130	30	7
131	30	6
132	30	3
133	30	9
134	30	1
135	30	7
136	30	7
137	30	4
138	30	5
139	30	7
141	30	6
143	30	6
144	30	7
145	30	5
146	30	10
147	30	6
148	30	4
149	30	1
150	30	8
151	30	10
152	30	10
153	30	9
154	30	4
155	30	7
156	30	6
158	30	5
159	30	2
160	30	3
161	30	2
162	30	8
164	30	3
165	30	4
166	30	5
167	30	4
168	30	4
169	30	2
170	30	4
171	30	1
172	30	2
173	30	9
174	30	10
175	30	1
176	30	7
177	30	1
178	30	6
179	30	4
180	30	2
181	30	10
182	30	3
183	30	9
184	30	3
185	30	1
186	30	10
187	30	9
188	30	10
189	30	1
190	30	1
191	30	4
192	30	3
193	30	8
194	30	5
195	30	2
196	30	10
197	30	10
198	30	6
199	30	10
200	30	8
201	30	2
202	30	5
203	30	4
204	30	10
205	30	6
206	30	6
207	30	9
208	30	4
209	30	2
210	30	9
211	30	1
212	30	6
213	30	3
214	30	5
216	30	10
217	30	5
218	30	9
219	30	9
220	30	10
221	30	9
222	30	7
223	30	3
224	30	8
225	30	7
226	30	3
227	30	9
228	30	3
229	30	4
230	30	8
231	30	6
232	30	3
233	30	7
234	30	10
235	30	9
236	30	5
238	30	5
239	30	3
240	30	8
241	30	9
242	30	3
243	30	8
244	30	3
245	30	5
0	31	5
1	31	4
2	31	6
3	31	5
4	31	5
5	31	3
6	31	4
7	31	1
8	31	1
9	31	1
10	31	3
11	31	10
12	31	1
13	31	2
15	31	7
16	31	9
17	31	5
18	31	10
19	31	9
20	31	7
21	31	4
22	31	4
23	31	5
24	31	2
25	31	7
27	31	9
28	31	9
29	31	10
30	31	2
31	31	6
32	31	4
34	31	4
35	31	6
36	31	8
37	31	9
38	31	7
39	31	8
40	31	7
41	31	3
42	31	1
43	31	4
44	31	8
45	31	2
46	31	10
47	31	6
48	31	10
49	31	6
50	31	2
51	31	4
52	31	4
53	31	2
54	31	4
55	31	3
56	31	8
57	31	3
58	31	2
59	31	6
60	31	4
61	31	5
62	31	6
63	31	2
64	31	4
65	31	1
66	31	1
67	31	9
68	31	8
70	31	4
71	31	6
72	31	10
73	31	2
74	31	6
75	31	2
77	31	4
78	31	5
79	31	3
81	31	5
82	31	7
83	31	5
84	31	4
85	31	6
86	31	5
87	31	2
88	31	3
89	31	3
90	31	4
92	31	5
93	31	7
94	31	7
96	31	10
97	31	10
98	31	10
99	31	6
100	31	8
101	31	2
102	31	9
103	31	2
104	31	10
105	31	9
106	31	8
108	31	1
109	31	8
110	31	9
111	31	7
112	31	4
113	31	5
114	31	3
116	31	6
117	31	8
118	31	1
119	31	3
120	31	1
121	31	5
122	31	3
123	31	9
124	31	6
125	31	4
126	31	5
127	31	3
128	31	3
129	31	6
130	31	8
131	31	4
132	31	8
133	31	5
134	31	2
135	31	3
136	31	2
137	31	5
138	31	6
139	31	10
140	31	8
141	31	7
143	31	9
144	31	10
145	31	7
146	31	9
147	31	1
148	31	6
149	31	8
150	31	6
151	31	3
153	31	8
154	31	7
155	31	6
156	31	8
157	31	1
158	31	3
160	31	1
161	31	2
162	31	2
163	31	8
165	31	9
166	31	1
167	31	9
168	31	7
170	31	2
171	31	1
172	31	3
173	31	5
174	31	3
175	31	7
176	31	3
177	31	3
180	31	3
181	31	5
182	31	2
183	31	3
184	31	8
185	31	5
186	31	8
187	31	5
188	31	3
189	31	8
190	31	1
191	31	7
192	31	1
193	31	1
194	31	2
195	31	10
196	31	2
197	31	4
198	31	4
199	31	1
200	31	1
201	31	8
202	31	7
203	31	5
204	31	8
205	31	8
206	31	10
207	31	9
208	31	2
209	31	7
210	31	2
211	31	2
212	31	2
213	31	3
214	31	2
215	31	3
216	31	4
217	31	9
218	31	9
219	31	5
220	31	7
221	31	9
222	31	9
223	31	8
224	31	6
225	31	7
226	31	7
227	31	7
228	31	6
229	31	9
230	31	3
231	31	6
232	31	2
233	31	2
235	31	1
236	31	3
237	31	10
238	31	9
239	31	8
240	31	9
242	31	8
0	32	9
1	32	9
2	32	4
3	32	1
4	32	4
5	32	7
7	32	8
8	32	9
10	32	2
11	32	4
12	32	7
14	32	9
15	32	7
16	32	8
17	32	7
18	32	3
19	32	2
20	32	8
21	32	1
22	32	10
23	32	9
24	32	3
26	32	3
27	32	8
30	32	4
31	32	5
34	32	2
35	32	5
36	32	9
37	32	6
38	32	5
39	32	2
40	32	3
41	32	2
42	32	7
43	32	5
44	32	9
46	32	7
47	32	10
48	32	8
49	32	3
51	32	2
52	32	4
53	32	10
54	32	1
55	32	3
56	32	6
57	32	2
58	32	10
59	32	7
60	32	4
61	32	5
62	32	5
63	32	1
64	32	10
65	32	8
66	32	2
67	32	1
69	32	2
70	32	1
71	32	8
72	32	1
73	32	3
74	32	2
75	32	5
76	32	2
78	32	9
82	32	8
83	32	6
84	32	7
85	32	3
86	32	1
87	32	4
88	32	4
89	32	6
90	32	7
91	32	4
92	32	1
93	32	5
94	32	7
95	32	4
96	32	8
97	32	9
98	32	8
101	32	6
102	32	1
103	32	7
104	32	6
105	32	5
106	32	7
107	32	7
108	32	2
109	32	4
111	32	9
113	32	3
114	32	10
115	32	8
116	32	10
118	32	3
119	32	7
121	32	9
122	32	4
123	32	2
124	32	2
125	32	9
126	32	6
127	32	2
128	32	1
129	32	7
130	32	9
131	32	6
132	32	7
133	32	3
134	32	5
135	32	5
136	32	5
137	32	1
138	32	10
139	32	10
140	32	1
141	32	7
142	32	6
143	32	4
144	32	1
145	32	9
146	32	7
147	32	8
148	32	4
149	32	10
150	32	7
151	32	8
152	32	5
153	32	4
154	32	2
155	32	10
156	32	4
157	32	4
158	32	8
159	32	6
160	32	6
161	32	8
164	32	7
165	32	10
166	32	3
167	32	6
168	32	8
169	32	4
170	32	4
171	32	10
172	32	4
173	32	9
174	32	2
175	32	6
176	32	3
177	32	10
178	32	3
179	32	8
180	32	9
182	32	8
183	32	2
184	32	8
185	32	7
186	32	2
187	32	3
188	32	1
189	32	3
190	32	5
191	32	1
192	32	1
193	32	2
194	32	8
195	32	4
196	32	1
197	32	10
198	32	10
199	32	10
200	32	8
201	32	4
202	32	6
203	32	6
204	32	9
205	32	5
206	32	10
207	32	5
209	32	8
210	32	5
211	32	3
212	32	2
213	32	3
214	32	4
215	32	1
216	32	5
217	32	9
218	32	8
219	32	1
220	32	2
221	32	1
222	32	7
223	32	4
224	32	4
225	32	2
226	32	6
227	32	9
228	32	2
229	32	4
230	32	10
231	32	9
232	32	5
233	32	9
234	32	6
235	32	7
237	32	9
238	32	4
239	32	3
240	32	9
241	32	3
0	33	10
2	33	8
3	33	8
4	33	1
5	33	2
6	33	6
7	33	3
8	33	1
9	33	1
10	33	5
11	33	5
12	33	9
13	33	7
14	33	1
15	33	4
16	33	7
17	33	8
18	33	1
19	33	5
20	33	9
21	33	8
22	33	2
23	33	4
25	33	4
26	33	10
27	33	8
28	33	3
30	33	2
31	33	2
32	33	3
33	33	5
34	33	2
35	33	9
36	33	4
37	33	8
38	33	9
39	33	5
40	33	6
41	33	5
43	33	5
44	33	8
45	33	7
46	33	9
47	33	7
48	33	9
49	33	6
50	33	8
52	33	4
53	33	7
54	33	10
55	33	2
56	33	7
57	33	6
58	33	1
59	33	2
60	33	9
62	33	3
63	33	9
64	33	8
65	33	7
66	33	6
67	33	5
68	33	6
69	33	10
70	33	1
71	33	3
72	33	5
73	33	5
74	33	8
75	33	7
76	33	3
77	33	2
78	33	5
79	33	7
80	33	6
81	33	6
82	33	8
83	33	8
84	33	1
85	33	1
86	33	4
87	33	9
88	33	10
89	33	6
90	33	1
91	33	1
92	33	9
93	33	7
94	33	9
95	33	4
96	33	3
97	33	10
98	33	1
99	33	10
100	33	8
101	33	1
102	33	1
103	33	4
104	33	4
105	33	4
107	33	8
108	33	9
109	33	9
110	33	7
111	33	8
112	33	2
113	33	1
114	33	3
115	33	1
116	33	9
117	33	4
118	33	6
119	33	9
120	33	8
121	33	9
122	33	9
123	33	2
124	33	10
125	33	4
126	33	6
127	33	3
128	33	1
129	33	4
130	33	6
131	33	9
132	33	5
133	33	3
135	33	2
136	33	3
137	33	5
138	33	4
139	33	6
140	33	6
141	33	3
142	33	4
143	33	1
144	33	9
145	33	6
146	33	1
147	33	9
148	33	7
149	33	6
150	33	6
151	33	9
152	33	1
153	33	7
154	33	8
155	33	4
156	33	5
157	33	8
158	33	1
159	33	1
160	33	1
161	33	4
162	33	4
163	33	6
164	33	3
165	33	4
166	33	7
167	33	9
168	33	5
169	33	5
170	33	7
171	33	1
173	33	5
174	33	3
175	33	8
176	33	2
177	33	3
178	33	3
179	33	2
180	33	4
181	33	10
182	33	3
183	33	7
184	33	8
185	33	4
186	33	4
188	33	4
190	33	7
191	33	6
192	33	1
193	33	10
194	33	5
195	33	9
196	33	2
198	33	4
199	33	7
200	33	8
201	33	4
202	33	7
203	33	5
204	33	4
205	33	6
206	33	2
207	33	2
208	33	7
209	33	5
210	33	1
211	33	6
212	33	4
213	33	4
214	33	3
215	33	6
216	33	2
217	33	8
218	33	1
219	33	7
220	33	8
222	33	3
224	33	9
225	33	2
227	33	4
228	33	6
229	33	8
230	33	2
231	33	9
232	33	6
233	33	1
235	33	6
236	33	8
237	33	4
238	33	7
239	33	6
0	34	1
1	34	6
2	34	8
3	34	10
4	34	7
5	34	10
6	34	9
7	34	5
8	34	3
9	34	6
11	34	7
12	34	9
13	34	4
14	34	9
15	34	2
16	34	8
17	34	9
18	34	8
19	34	6
20	34	8
22	34	5
23	34	1
25	34	8
26	34	8
27	34	8
28	34	8
29	34	4
30	34	10
31	34	4
32	34	5
33	34	1
34	34	7
35	34	8
36	34	8
37	34	4
38	34	1
40	34	2
41	34	3
42	34	3
43	34	9
44	34	4
45	34	9
46	34	2
47	34	1
48	34	4
49	34	1
51	34	8
53	34	7
55	34	1
56	34	3
57	34	2
58	34	2
59	34	1
60	34	9
61	34	1
62	34	1
63	34	8
64	34	5
65	34	10
66	34	4
67	34	6
68	34	10
70	34	9
71	34	2
72	34	10
73	34	2
74	34	3
75	34	2
76	34	8
77	34	1
78	34	1
79	34	10
80	34	8
81	34	4
82	34	1
83	34	8
84	34	3
85	34	9
87	34	7
88	34	1
89	34	7
90	34	10
91	34	7
92	34	6
93	34	1
94	34	1
95	34	4
96	34	2
97	34	9
98	34	3
99	34	9
100	34	1
101	34	8
102	34	6
103	34	3
105	34	2
106	34	7
107	34	1
108	34	5
109	34	4
110	34	9
111	34	10
112	34	1
113	34	5
114	34	1
115	34	5
116	34	9
119	34	6
120	34	5
121	34	1
122	34	1
123	34	9
124	34	3
126	34	7
127	34	10
128	34	9
129	34	8
130	34	4
131	34	1
132	34	7
133	34	7
134	34	2
135	34	2
136	34	5
137	34	9
138	34	8
140	34	2
141	34	5
142	34	5
143	34	2
145	34	8
147	34	4
148	34	5
149	34	6
150	34	1
151	34	2
152	34	4
153	34	4
154	34	1
155	34	3
156	34	1
157	34	10
159	34	2
161	34	9
162	34	3
163	34	3
164	34	10
165	34	8
166	34	3
167	34	1
168	34	2
169	34	9
170	34	5
172	34	9
174	34	3
175	34	7
176	34	1
177	34	2
178	34	10
179	34	9
181	34	4
182	34	2
183	34	7
185	34	1
186	34	1
187	34	10
188	34	5
189	34	4
190	34	5
191	34	2
192	34	9
193	34	8
195	34	9
196	34	10
197	34	6
198	34	7
199	34	6
200	34	5
201	34	8
202	34	1
204	34	8
205	34	4
207	34	1
208	34	6
209	34	3
210	34	4
211	34	7
212	34	6
213	34	10
214	34	3
215	34	5
216	34	7
217	34	9
218	34	3
219	34	3
220	34	6
221	34	2
222	34	7
223	34	4
224	34	9
225	34	5
226	34	3
227	34	6
228	34	10
229	34	3
230	34	3
231	34	8
232	34	8
233	34	2
234	34	2
236	34	10
1	35	5
2	35	3
3	35	9
4	35	2
5	35	5
6	35	5
7	35	2
8	35	5
9	35	7
10	35	6
11	35	5
12	35	1
14	35	10
15	35	7
16	35	1
17	35	2
18	35	10
19	35	8
20	35	7
21	35	8
24	35	10
25	35	2
26	35	2
28	35	10
29	35	4
30	35	8
31	35	3
32	35	8
33	35	1
34	35	1
35	35	5
36	35	5
38	35	2
39	35	9
40	35	7
41	35	6
42	35	1
43	35	6
44	35	8
46	35	9
47	35	2
48	35	10
49	35	4
50	35	1
51	35	6
52	35	10
54	35	7
56	35	10
57	35	5
58	35	9
59	35	2
60	35	3
61	35	1
62	35	8
63	35	4
64	35	8
65	35	9
66	35	4
67	35	6
68	35	2
69	35	5
70	35	8
71	35	7
72	35	10
73	35	6
74	35	8
75	35	10
76	35	1
77	35	10
78	35	5
79	35	3
80	35	10
81	35	9
82	35	5
83	35	1
84	35	5
85	35	3
86	35	9
88	35	9
90	35	9
91	35	1
92	35	3
93	35	4
95	35	4
96	35	4
97	35	2
98	35	9
99	35	7
100	35	10
101	35	5
102	35	1
104	35	2
105	35	10
106	35	2
107	35	2
108	35	10
109	35	3
110	35	4
111	35	5
112	35	8
113	35	7
114	35	7
116	35	8
117	35	1
118	35	4
119	35	10
120	35	1
121	35	1
122	35	9
123	35	9
124	35	3
125	35	4
126	35	7
127	35	2
128	35	4
130	35	4
131	35	8
132	35	1
134	35	5
135	35	2
136	35	2
138	35	4
139	35	1
140	35	7
141	35	10
142	35	3
145	35	7
146	35	2
147	35	1
148	35	1
149	35	8
150	35	7
151	35	6
152	35	9
153	35	10
154	35	6
155	35	9
158	35	1
159	35	5
160	35	1
161	35	9
162	35	6
163	35	2
164	35	4
165	35	3
166	35	3
167	35	2
168	35	9
169	35	3
170	35	6
171	35	3
172	35	8
173	35	3
174	35	6
175	35	8
176	35	2
177	35	6
178	35	6
179	35	6
180	35	1
181	35	10
182	35	2
184	35	7
185	35	4
186	35	7
187	35	8
188	35	6
189	35	4
190	35	7
192	35	2
193	35	2
194	35	2
195	35	1
196	35	3
197	35	7
198	35	1
199	35	3
200	35	6
201	35	7
202	35	2
203	35	9
204	35	5
205	35	9
206	35	5
207	35	2
208	35	7
209	35	5
210	35	5
211	35	5
212	35	4
213	35	4
214	35	6
215	35	2
216	35	8
217	35	2
218	35	2
220	35	6
221	35	2
222	35	5
223	35	10
224	35	2
225	35	8
226	35	1
227	35	7
228	35	10
229	35	5
230	35	10
231	35	2
232	35	8
233	35	4
234	35	7
235	35	1
0	36	6
1	36	3
2	36	9
3	36	2
4	36	6
5	36	1
6	36	2
7	36	1
8	36	7
9	36	8
10	36	8
11	36	7
12	36	2
14	36	10
15	36	3
16	36	4
17	36	10
18	36	2
19	36	4
21	36	4
22	36	9
23	36	10
24	36	9
25	36	6
26	36	5
27	36	8
28	36	2
29	36	7
30	36	6
31	36	6
32	36	8
33	36	3
34	36	7
35	36	5
36	36	5
37	36	4
38	36	6
39	36	3
40	36	8
42	36	8
43	36	1
44	36	5
45	36	1
46	36	10
47	36	2
48	36	5
50	36	1
51	36	5
52	36	7
53	36	8
54	36	3
55	36	9
56	36	4
57	36	2
58	36	3
59	36	10
60	36	10
61	36	9
62	36	1
63	36	10
64	36	9
65	36	1
67	36	10
68	36	5
70	36	1
71	36	8
72	36	8
73	36	6
74	36	6
75	36	4
76	36	2
77	36	5
79	36	3
80	36	5
81	36	7
82	36	7
83	36	1
84	36	2
85	36	10
86	36	7
89	36	1
90	36	10
91	36	9
92	36	3
93	36	1
94	36	9
95	36	9
96	36	10
97	36	6
98	36	7
99	36	10
100	36	9
101	36	8
102	36	9
103	36	8
104	36	8
105	36	5
106	36	8
107	36	5
108	36	5
109	36	2
110	36	3
111	36	2
112	36	4
113	36	7
114	36	3
115	36	6
116	36	8
117	36	2
119	36	8
120	36	1
121	36	3
122	36	4
123	36	7
124	36	4
125	36	7
126	36	4
127	36	7
128	36	5
129	36	10
130	36	2
131	36	3
132	36	10
133	36	10
134	36	1
135	36	6
136	36	4
137	36	7
138	36	3
139	36	8
140	36	3
143	36	2
144	36	9
145	36	5
146	36	7
147	36	10
148	36	1
149	36	3
150	36	10
152	36	5
153	36	7
154	36	9
155	36	5
156	36	8
157	36	8
159	36	6
160	36	3
161	36	8
162	36	9
164	36	9
165	36	4
166	36	10
167	36	8
168	36	6
169	36	1
170	36	8
171	36	2
172	36	1
174	36	8
175	36	7
176	36	5
177	36	3
178	36	7
180	36	6
181	36	9
182	36	10
183	36	9
184	36	2
185	36	7
186	36	6
187	36	4
189	36	3
190	36	9
192	36	6
195	36	5
196	36	6
197	36	2
198	36	3
199	36	7
200	36	9
201	36	10
202	36	5
203	36	2
205	36	9
206	36	2
207	36	8
208	36	3
209	36	5
210	36	7
211	36	2
212	36	4
213	36	6
214	36	5
215	36	7
217	36	8
218	36	10
220	36	2
221	36	4
223	36	9
224	36	6
225	36	6
227	36	7
228	36	9
229	36	3
230	36	10
231	36	6
232	36	9
233	36	1
1	37	2
2	37	6
3	37	7
4	37	7
5	37	9
7	37	2
8	37	1
9	37	4
10	37	8
11	37	7
12	37	8
13	37	3
15	37	8
16	37	6
17	37	3
18	37	5
19	37	10
20	37	3
22	37	6
23	37	5
24	37	10
25	37	9
26	37	1
27	37	6
28	37	4
29	37	10
30	37	8
31	37	8
32	37	5
33	37	9
34	37	8
35	37	8
36	37	4
37	37	1
38	37	9
39	37	7
40	37	2
41	37	5
42	37	10
43	37	2
44	37	3
45	37	3
46	37	10
47	37	7
48	37	8
49	37	6
50	37	1
51	37	5
52	37	6
53	37	8
54	37	5
55	37	7
57	37	3
58	37	7
60	37	9
61	37	10
62	37	8
63	37	5
64	37	10
65	37	9
67	37	9
68	37	1
69	37	5
70	37	9
71	37	9
73	37	8
74	37	5
75	37	9
76	37	8
77	37	8
78	37	8
79	37	4
80	37	3
81	37	8
82	37	6
83	37	4
84	37	9
85	37	5
86	37	3
87	37	3
88	37	8
89	37	10
90	37	5
91	37	9
92	37	10
93	37	1
95	37	10
96	37	6
97	37	1
98	37	10
99	37	10
100	37	1
101	37	2
102	37	7
103	37	9
104	37	7
105	37	2
106	37	3
107	37	10
108	37	5
109	37	8
110	37	8
111	37	4
112	37	3
113	37	8
114	37	2
115	37	7
116	37	2
117	37	6
118	37	7
120	37	3
121	37	2
122	37	3
123	37	5
124	37	10
125	37	1
126	37	10
127	37	2
128	37	1
129	37	7
130	37	10
131	37	1
132	37	9
133	37	8
134	37	2
135	37	3
136	37	2
137	37	1
138	37	6
139	37	7
140	37	5
141	37	3
142	37	2
143	37	4
144	37	10
145	37	1
147	37	1
148	37	3
149	37	2
150	37	7
151	37	7
152	37	5
153	37	8
154	37	6
155	37	2
156	37	4
157	37	1
158	37	6
159	37	6
160	37	9
161	37	7
162	37	8
163	37	4
164	37	2
165	37	4
166	37	7
167	37	6
168	37	10
169	37	9
170	37	6
171	37	10
172	37	2
173	37	5
174	37	5
175	37	2
176	37	3
177	37	2
178	37	6
179	37	8
180	37	9
181	37	6
182	37	2
183	37	2
184	37	6
185	37	2
187	37	5
188	37	8
190	37	2
191	37	10
192	37	10
193	37	7
194	37	9
195	37	6
196	37	2
197	37	8
198	37	8
199	37	3
200	37	7
201	37	7
202	37	1
203	37	3
204	37	5
205	37	1
206	37	8
207	37	4
208	37	10
209	37	4
210	37	2
211	37	8
212	37	9
213	37	5
214	37	6
216	37	7
217	37	1
218	37	1
219	37	9
220	37	7
221	37	1
222	37	10
223	37	1
224	37	8
225	37	6
226	37	2
227	37	3
228	37	2
230	37	5
231	37	7
1	38	1
2	38	10
3	38	6
4	38	10
5	38	3
6	38	10
7	38	9
8	38	4
9	38	1
10	38	1
11	38	5
13	38	1
14	38	2
15	38	1
16	38	7
17	38	9
18	38	1
19	38	4
20	38	7
21	38	3
22	38	3
23	38	1
24	38	7
25	38	2
26	38	9
27	38	3
28	38	9
29	38	10
30	38	6
31	38	6
32	38	6
33	38	3
34	38	9
35	38	10
36	38	5
37	38	10
38	38	2
39	38	2
40	38	9
41	38	9
42	38	1
43	38	5
44	38	7
46	38	8
47	38	10
48	38	2
49	38	7
50	38	8
52	38	2
53	38	4
54	38	6
55	38	3
56	38	4
58	38	3
59	38	1
60	38	5
61	38	4
62	38	1
64	38	1
65	38	5
66	38	5
67	38	5
68	38	1
69	38	8
70	38	10
71	38	8
72	38	1
73	38	3
74	38	1
75	38	8
76	38	8
77	38	5
80	38	4
81	38	3
82	38	9
84	38	8
85	38	6
88	38	3
89	38	7
90	38	8
91	38	9
92	38	4
93	38	7
95	38	8
96	38	2
97	38	10
98	38	2
99	38	3
100	38	2
101	38	8
102	38	8
103	38	1
104	38	8
105	38	5
106	38	3
107	38	2
108	38	3
109	38	9
111	38	1
112	38	2
113	38	6
114	38	8
115	38	9
116	38	8
117	38	1
118	38	3
119	38	3
120	38	2
121	38	9
122	38	7
123	38	8
124	38	1
125	38	6
126	38	5
127	38	7
128	38	8
129	38	3
130	38	5
131	38	6
132	38	1
133	38	6
134	38	8
135	38	7
136	38	2
137	38	3
138	38	8
139	38	2
140	38	5
141	38	5
142	38	10
143	38	2
144	38	7
145	38	10
146	38	7
147	38	4
149	38	10
150	38	1
151	38	7
152	38	7
153	38	5
154	38	5
155	38	2
156	38	5
157	38	6
158	38	1
159	38	10
160	38	8
161	38	1
163	38	5
164	38	9
165	38	10
166	38	10
167	38	1
169	38	8
170	38	9
171	38	3
172	38	9
173	38	2
174	38	10
175	38	10
176	38	2
177	38	7
178	38	3
179	38	3
181	38	5
182	38	9
183	38	1
185	38	8
186	38	8
187	38	2
188	38	5
189	38	6
190	38	3
191	38	9
192	38	5
193	38	6
194	38	6
196	38	2
198	38	8
199	38	9
201	38	5
202	38	2
203	38	8
204	38	7
205	38	7
207	38	8
208	38	3
209	38	4
210	38	7
211	38	9
212	38	8
213	38	1
214	38	10
216	38	5
217	38	8
218	38	2
219	38	8
220	38	10
222	38	5
223	38	3
224	38	2
226	38	6
227	38	8
228	38	6
229	38	5
0	39	6
1	39	6
2	39	7
3	39	3
4	39	8
5	39	2
6	39	2
7	39	2
8	39	10
9	39	2
10	39	4
11	39	4
12	39	3
13	39	4
14	39	10
15	39	9
17	39	3
18	39	9
19	39	10
20	39	1
21	39	8
22	39	5
23	39	1
24	39	3
25	39	7
26	39	9
27	39	1
28	39	7
29	39	4
30	39	7
31	39	8
32	39	3
33	39	7
35	39	4
36	39	8
37	39	4
38	39	1
40	39	2
41	39	9
42	39	3
44	39	1
45	39	6
46	39	1
47	39	4
48	39	6
49	39	7
50	39	8
52	39	2
53	39	1
54	39	10
55	39	8
56	39	2
57	39	10
58	39	2
59	39	4
60	39	5
61	39	2
62	39	6
63	39	10
64	39	10
65	39	7
66	39	2
67	39	1
68	39	3
69	39	2
70	39	1
71	39	6
72	39	8
74	39	5
76	39	4
77	39	6
78	39	4
79	39	1
80	39	2
81	39	9
82	39	3
83	39	1
84	39	9
85	39	2
86	39	4
87	39	3
89	39	8
90	39	5
91	39	7
92	39	9
93	39	2
94	39	7
95	39	9
96	39	2
97	39	6
99	39	7
100	39	10
101	39	1
102	39	4
103	39	6
104	39	4
105	39	5
106	39	7
107	39	4
108	39	1
109	39	9
110	39	7
112	39	6
113	39	4
114	39	8
115	39	1
116	39	10
117	39	5
118	39	8
119	39	6
120	39	7
121	39	3
124	39	7
125	39	6
126	39	3
127	39	3
129	39	7
130	39	1
131	39	1
132	39	5
133	39	4
134	39	7
135	39	5
136	39	3
137	39	2
138	39	3
140	39	5
141	39	10
142	39	7
143	39	8
144	39	8
145	39	7
146	39	2
147	39	5
149	39	3
150	39	10
151	39	2
152	39	1
154	39	1
155	39	3
156	39	4
157	39	1
158	39	9
159	39	7
160	39	3
161	39	4
162	39	9
163	39	10
164	39	8
165	39	2
166	39	4
167	39	5
168	39	2
169	39	9
170	39	8
171	39	9
172	39	10
173	39	1
175	39	3
176	39	3
177	39	3
178	39	2
179	39	4
180	39	8
181	39	3
182	39	1
184	39	3
185	39	5
186	39	10
187	39	5
189	39	4
190	39	2
192	39	8
193	39	8
194	39	8
195	39	2
196	39	7
197	39	9
198	39	7
199	39	3
200	39	7
201	39	8
202	39	10
203	39	10
204	39	7
205	39	5
206	39	2
207	39	8
208	39	6
209	39	7
210	39	6
211	39	2
212	39	6
213	39	9
214	39	1
215	39	2
216	39	7
217	39	6
218	39	6
219	39	9
220	39	7
221	39	10
222	39	4
223	39	9
227	39	10
0	40	4
1	40	9
2	40	5
3	40	6
4	40	7
5	40	1
6	40	10
10	40	8
11	40	2
13	40	4
14	40	8
15	40	6
16	40	10
17	40	7
18	40	8
19	40	9
20	40	2
21	40	1
23	40	9
24	40	9
25	40	2
26	40	1
27	40	7
28	40	6
29	40	6
30	40	5
31	40	9
32	40	7
33	40	2
34	40	8
35	40	1
36	40	5
37	40	4
39	40	7
41	40	8
42	40	10
44	40	2
45	40	9
46	40	10
47	40	2
48	40	9
49	40	1
51	40	5
52	40	10
53	40	2
54	40	3
55	40	6
56	40	5
57	40	6
58	40	9
59	40	9
60	40	10
61	40	1
62	40	7
63	40	8
64	40	1
65	40	6
67	40	9
68	40	6
69	40	10
70	40	7
71	40	3
72	40	10
73	40	1
74	40	6
75	40	8
76	40	10
77	40	5
79	40	6
80	40	10
81	40	2
82	40	10
83	40	7
84	40	1
85	40	7
86	40	5
87	40	8
88	40	9
89	40	2
90	40	3
91	40	5
92	40	9
93	40	5
94	40	2
95	40	6
96	40	9
97	40	4
98	40	9
99	40	7
101	40	8
102	40	10
103	40	8
104	40	6
106	40	4
107	40	9
108	40	8
109	40	7
111	40	1
112	40	8
113	40	3
114	40	6
115	40	7
116	40	7
117	40	3
118	40	6
119	40	10
120	40	2
121	40	6
122	40	10
123	40	4
124	40	3
125	40	6
126	40	2
127	40	2
128	40	2
129	40	1
130	40	6
132	40	2
133	40	4
134	40	2
136	40	8
137	40	2
138	40	10
139	40	1
140	40	1
141	40	9
142	40	10
143	40	4
144	40	9
146	40	4
147	40	3
148	40	7
149	40	3
150	40	6
151	40	10
152	40	8
153	40	5
154	40	7
155	40	10
157	40	8
158	40	8
159	40	7
160	40	1
161	40	9
162	40	10
163	40	2
164	40	1
165	40	6
166	40	5
167	40	4
168	40	10
169	40	6
170	40	3
171	40	7
172	40	1
173	40	7
174	40	2
175	40	1
176	40	2
177	40	3
178	40	6
179	40	3
181	40	8
182	40	4
183	40	7
185	40	10
186	40	4
188	40	5
189	40	10
190	40	5
191	40	10
192	40	2
193	40	1
194	40	1
196	40	2
197	40	2
198	40	10
199	40	1
200	40	3
201	40	1
202	40	4
203	40	10
204	40	6
205	40	7
206	40	4
207	40	9
208	40	7
211	40	10
212	40	7
213	40	1
214	40	2
215	40	9
216	40	7
217	40	4
218	40	5
219	40	2
220	40	10
221	40	5
223	40	4
224	40	6
225	40	9
0	41	9
1	41	7
2	41	9
3	41	7
4	41	6
5	41	6
6	41	6
7	41	2
8	41	7
9	41	3
10	41	7
11	41	9
12	41	6
13	41	9
14	41	3
15	41	6
16	41	3
17	41	8
18	41	8
19	41	4
20	41	2
21	41	7
22	41	2
23	41	8
24	41	1
25	41	3
26	41	3
27	41	5
28	41	1
29	41	4
30	41	5
31	41	6
32	41	7
33	41	7
34	41	1
35	41	8
36	41	3
37	41	3
39	41	10
40	41	7
41	41	9
42	41	3
44	41	8
45	41	8
46	41	6
47	41	9
48	41	6
49	41	6
51	41	3
52	41	8
53	41	5
54	41	3
55	41	3
56	41	2
57	41	6
58	41	8
59	41	2
60	41	6
61	41	3
62	41	3
63	41	1
64	41	8
65	41	3
66	41	5
67	41	2
68	41	3
69	41	10
70	41	4
71	41	5
73	41	1
75	41	2
76	41	6
77	41	10
78	41	6
79	41	8
80	41	5
81	41	4
82	41	7
83	41	2
84	41	4
85	41	8
86	41	8
87	41	1
89	41	1
90	41	7
91	41	4
92	41	5
93	41	2
94	41	3
95	41	5
96	41	5
97	41	4
98	41	10
99	41	8
100	41	7
101	41	3
102	41	8
103	41	10
104	41	9
105	41	3
106	41	4
107	41	1
108	41	8
109	41	6
110	41	4
111	41	8
112	41	3
113	41	7
114	41	6
115	41	6
116	41	9
117	41	5
118	41	7
119	41	4
120	41	7
121	41	7
122	41	10
124	41	2
125	41	9
126	41	9
127	41	4
128	41	10
129	41	5
130	41	9
131	41	10
132	41	2
133	41	3
135	41	4
136	41	4
137	41	4
138	41	8
139	41	9
140	41	4
141	41	9
143	41	6
144	41	1
146	41	2
147	41	1
148	41	7
149	41	6
151	41	5
152	41	10
153	41	10
154	41	10
155	41	9
156	41	1
157	41	1
158	41	4
159	41	6
160	41	10
161	41	4
162	41	3
163	41	5
164	41	4
165	41	4
166	41	4
167	41	4
168	41	4
169	41	3
170	41	5
171	41	1
172	41	10
173	41	10
174	41	10
176	41	2
177	41	5
178	41	7
179	41	10
180	41	1
181	41	3
182	41	8
183	41	3
184	41	5
185	41	7
186	41	3
187	41	6
188	41	8
189	41	9
190	41	3
191	41	2
193	41	3
194	41	4
195	41	8
196	41	5
197	41	8
198	41	3
199	41	10
200	41	9
202	41	2
203	41	9
204	41	9
205	41	4
206	41	6
207	41	7
208	41	1
209	41	3
210	41	6
212	41	5
213	41	3
214	41	7
215	41	8
216	41	2
217	41	2
218	41	8
220	41	8
221	41	6
222	41	6
223	41	1
0	42	5
2	42	6
3	42	7
4	42	8
5	42	9
6	42	5
7	42	10
8	42	1
9	42	3
10	42	1
12	42	8
13	42	9
14	42	6
15	42	6
16	42	3
17	42	10
18	42	1
20	42	7
21	42	8
22	42	3
23	42	3
25	42	5
26	42	5
27	42	7
28	42	5
29	42	10
30	42	1
31	42	8
32	42	2
33	42	10
34	42	9
35	42	1
36	42	5
37	42	9
38	42	4
39	42	6
40	42	8
41	42	2
43	42	2
44	42	7
45	42	9
46	42	10
47	42	6
48	42	4
50	42	6
52	42	5
53	42	1
54	42	8
55	42	5
56	42	5
57	42	7
58	42	8
59	42	6
60	42	6
61	42	7
62	42	2
63	42	4
64	42	3
65	42	3
66	42	8
68	42	3
69	42	10
70	42	10
71	42	1
72	42	10
74	42	4
75	42	8
76	42	5
77	42	8
78	42	4
79	42	9
80	42	7
81	42	10
82	42	5
83	42	4
84	42	4
85	42	5
86	42	1
88	42	2
89	42	6
90	42	2
91	42	8
92	42	8
93	42	2
94	42	2
95	42	5
96	42	9
97	42	4
99	42	4
100	42	4
101	42	10
102	42	8
103	42	1
104	42	9
105	42	3
106	42	9
107	42	10
108	42	10
109	42	7
110	42	6
111	42	1
112	42	7
113	42	7
114	42	5
115	42	5
116	42	6
117	42	6
118	42	7
119	42	3
120	42	4
121	42	10
122	42	10
123	42	7
124	42	1
125	42	6
126	42	3
127	42	2
128	42	1
129	42	1
130	42	4
131	42	7
132	42	5
133	42	1
134	42	2
135	42	2
136	42	3
137	42	10
138	42	1
139	42	9
140	42	4
141	42	1
142	42	4
143	42	7
145	42	2
146	42	4
147	42	2
148	42	7
149	42	4
150	42	3
152	42	3
153	42	3
154	42	7
155	42	1
156	42	1
157	42	1
158	42	9
159	42	8
160	42	3
161	42	8
162	42	3
163	42	8
164	42	8
165	42	4
166	42	8
168	42	5
169	42	6
170	42	5
171	42	10
172	42	4
173	42	3
174	42	5
175	42	9
177	42	5
179	42	1
180	42	3
181	42	4
182	42	9
183	42	10
184	42	9
185	42	5
186	42	6
187	42	9
188	42	8
189	42	3
190	42	3
191	42	7
192	42	7
193	42	3
194	42	5
195	42	10
196	42	9
197	42	10
198	42	8
199	42	10
200	42	6
201	42	6
202	42	6
203	42	7
204	42	10
205	42	4
206	42	6
207	42	9
208	42	5
209	42	8
210	42	1
211	42	8
212	42	5
214	42	2
216	42	7
217	42	6
218	42	4
219	42	1
220	42	1
221	42	6
0	43	5
1	43	10
2	43	9
3	43	9
4	43	5
5	43	10
6	43	3
8	43	2
9	43	3
10	43	7
11	43	4
12	43	8
13	43	2
14	43	10
15	43	3
16	43	8
17	43	10
18	43	2
19	43	5
20	43	5
21	43	7
22	43	1
23	43	5
24	43	7
25	43	1
26	43	2
28	43	6
29	43	2
30	43	10
31	43	4
32	43	7
34	43	5
35	43	1
36	43	3
37	43	1
38	43	8
39	43	1
40	43	5
41	43	5
42	43	10
43	43	2
44	43	8
45	43	10
46	43	4
47	43	5
48	43	7
49	43	5
50	43	8
51	43	4
52	43	8
54	43	6
55	43	4
56	43	8
57	43	5
58	43	4
59	43	9
60	43	2
61	43	6
62	43	2
63	43	2
64	43	3
65	43	4
67	43	6
68	43	10
69	43	1
70	43	6
71	43	1
72	43	6
73	43	9
74	43	5
75	43	2
76	43	6
77	43	1
78	43	1
80	43	8
81	43	3
82	43	6
83	43	1
84	43	6
85	43	8
86	43	6
87	43	2
88	43	7
89	43	10
90	43	10
91	43	8
92	43	5
93	43	2
95	43	8
96	43	2
97	43	5
98	43	3
99	43	9
100	43	1
101	43	2
102	43	7
103	43	8
104	43	3
105	43	10
106	43	8
107	43	7
108	43	9
109	43	6
110	43	4
112	43	8
113	43	3
114	43	3
115	43	6
116	43	10
117	43	2
118	43	7
119	43	6
121	43	10
123	43	5
125	43	9
126	43	8
127	43	8
128	43	10
129	43	3
130	43	7
131	43	6
132	43	6
133	43	5
134	43	6
135	43	9
136	43	5
137	43	7
138	43	2
139	43	6
140	43	8
141	43	2
142	43	6
143	43	10
144	43	3
146	43	1
147	43	2
148	43	9
149	43	8
150	43	3
152	43	3
153	43	1
154	43	2
155	43	2
156	43	7
157	43	4
158	43	7
159	43	10
160	43	5
161	43	1
162	43	10
163	43	9
164	43	1
165	43	7
166	43	10
167	43	5
168	43	3
169	43	2
170	43	5
171	43	10
173	43	6
175	43	4
176	43	7
177	43	6
178	43	5
179	43	7
180	43	5
181	43	6
182	43	6
183	43	10
185	43	7
186	43	4
187	43	7
188	43	2
189	43	6
190	43	6
192	43	10
193	43	4
194	43	9
196	43	10
197	43	4
198	43	1
199	43	4
200	43	4
201	43	9
202	43	3
203	43	4
204	43	7
206	43	7
207	43	9
208	43	4
209	43	3
210	43	10
211	43	4
212	43	1
213	43	5
214	43	5
215	43	8
216	43	1
217	43	6
218	43	1
219	43	7
1	44	9
2	44	3
3	44	2
4	44	3
5	44	8
6	44	3
7	44	5
8	44	3
9	44	2
10	44	10
11	44	2
12	44	9
13	44	7
14	44	7
15	44	5
16	44	6
18	44	6
19	44	7
20	44	3
21	44	5
22	44	4
23	44	2
24	44	1
25	44	1
26	44	6
27	44	6
28	44	4
29	44	4
30	44	3
31	44	7
32	44	10
33	44	3
34	44	7
35	44	9
36	44	10
37	44	4
38	44	6
39	44	2
41	44	5
42	44	1
44	44	8
45	44	1
46	44	7
47	44	9
48	44	4
49	44	10
50	44	9
51	44	7
52	44	8
53	44	4
54	44	9
57	44	8
58	44	7
59	44	5
60	44	7
61	44	2
62	44	1
63	44	7
64	44	1
65	44	5
66	44	3
67	44	3
68	44	6
69	44	3
70	44	10
71	44	8
72	44	4
73	44	3
74	44	3
75	44	7
76	44	8
77	44	1
78	44	9
79	44	1
80	44	1
81	44	6
82	44	10
83	44	3
84	44	6
85	44	1
86	44	6
87	44	2
88	44	6
89	44	6
90	44	5
91	44	10
92	44	8
93	44	2
95	44	4
96	44	6
97	44	9
98	44	1
99	44	10
100	44	2
101	44	2
102	44	7
103	44	8
104	44	9
105	44	9
106	44	5
107	44	2
108	44	5
109	44	10
110	44	8
111	44	9
112	44	9
113	44	10
114	44	10
115	44	7
116	44	3
117	44	6
118	44	3
119	44	10
120	44	1
121	44	10
122	44	9
123	44	5
124	44	9
125	44	7
126	44	9
127	44	7
128	44	10
129	44	2
130	44	9
131	44	8
132	44	1
133	44	7
135	44	3
137	44	1
138	44	7
139	44	7
140	44	1
141	44	7
142	44	9
143	44	7
144	44	6
145	44	1
146	44	3
147	44	10
148	44	6
149	44	8
150	44	5
151	44	4
152	44	3
153	44	7
154	44	1
155	44	4
156	44	7
158	44	7
159	44	4
160	44	5
161	44	2
162	44	5
163	44	1
164	44	3
165	44	5
167	44	3
168	44	1
169	44	2
170	44	6
171	44	4
172	44	8
173	44	9
174	44	3
175	44	7
176	44	9
177	44	8
178	44	7
179	44	8
180	44	4
181	44	3
182	44	1
183	44	7
184	44	6
185	44	5
186	44	7
187	44	7
190	44	2
192	44	10
193	44	9
194	44	6
195	44	4
197	44	10
198	44	8
199	44	10
200	44	4
201	44	5
202	44	8
203	44	7
204	44	2
205	44	10
206	44	4
207	44	9
208	44	5
209	44	5
212	44	7
213	44	2
214	44	1
216	44	7
217	44	10
0	45	7
2	45	3
3	45	3
4	45	1
5	45	8
6	45	9
7	45	7
8	45	3
9	45	4
10	45	7
11	45	2
12	45	9
13	45	9
14	45	5
15	45	5
17	45	2
18	45	2
19	45	8
20	45	3
21	45	1
22	45	8
24	45	4
25	45	4
26	45	5
27	45	3
28	45	6
29	45	4
30	45	6
31	45	4
32	45	2
33	45	3
34	45	2
35	45	5
36	45	10
37	45	10
38	45	9
39	45	3
40	45	9
41	45	1
43	45	6
44	45	3
45	45	8
46	45	4
47	45	7
48	45	5
49	45	4
50	45	10
51	45	7
52	45	7
53	45	8
54	45	1
55	45	1
56	45	4
57	45	1
58	45	2
59	45	1
60	45	9
61	45	8
62	45	1
63	45	5
64	45	7
65	45	10
66	45	4
67	45	2
68	45	3
69	45	6
70	45	1
71	45	2
72	45	5
73	45	6
74	45	6
75	45	7
76	45	6
77	45	1
78	45	9
79	45	3
80	45	8
81	45	8
82	45	1
84	45	6
85	45	2
86	45	10
87	45	8
88	45	5
89	45	7
90	45	9
91	45	6
92	45	5
93	45	5
94	45	2
95	45	1
96	45	1
97	45	9
98	45	3
99	45	10
100	45	7
101	45	7
102	45	3
103	45	2
104	45	1
105	45	9
106	45	6
107	45	9
108	45	1
109	45	4
111	45	3
112	45	3
113	45	3
114	45	10
115	45	4
116	45	10
117	45	10
118	45	3
119	45	8
120	45	10
121	45	6
122	45	5
123	45	5
124	45	10
127	45	7
128	45	1
129	45	10
130	45	1
132	45	3
133	45	4
134	45	4
135	45	2
137	45	4
138	45	9
139	45	3
140	45	9
141	45	1
142	45	8
143	45	1
144	45	10
145	45	8
146	45	6
147	45	4
148	45	4
150	45	5
151	45	5
152	45	2
153	45	3
155	45	1
156	45	5
157	45	10
158	45	9
159	45	8
160	45	2
161	45	8
162	45	2
163	45	4
164	45	1
165	45	4
166	45	8
167	45	9
169	45	5
170	45	8
171	45	4
172	45	2
173	45	4
174	45	2
175	45	3
176	45	3
178	45	3
179	45	9
180	45	5
181	45	8
182	45	9
183	45	6
184	45	9
185	45	6
187	45	7
188	45	8
189	45	7
190	45	5
191	45	1
192	45	6
193	45	1
194	45	10
195	45	7
196	45	4
197	45	6
198	45	8
199	45	5
200	45	8
201	45	8
202	45	10
203	45	5
204	45	9
205	45	4
206	45	5
207	45	7
208	45	9
209	45	5
210	45	1
211	45	8
212	45	10
215	45	5
0	46	5
1	46	4
2	46	8
3	46	6
4	46	4
5	46	3
6	46	7
7	46	1
8	46	10
9	46	4
10	46	9
11	46	7
12	46	1
13	46	5
14	46	1
15	46	8
16	46	5
17	46	2
18	46	6
19	46	3
20	46	6
21	46	7
22	46	10
23	46	9
24	46	2
25	46	6
26	46	1
27	46	5
28	46	7
29	46	2
30	46	10
31	46	7
32	46	3
33	46	6
34	46	6
35	46	8
37	46	5
38	46	10
39	46	10
40	46	1
42	46	1
43	46	3
44	46	8
45	46	7
46	46	10
47	46	10
48	46	2
49	46	4
50	46	10
51	46	5
52	46	9
54	46	10
55	46	8
56	46	6
57	46	4
58	46	5
59	46	3
60	46	9
61	46	6
62	46	8
63	46	2
64	46	2
65	46	10
66	46	7
67	46	5
68	46	6
69	46	4
70	46	7
71	46	1
72	46	4
73	46	9
74	46	2
76	46	7
77	46	4
78	46	5
79	46	7
80	46	4
82	46	5
83	46	10
84	46	1
85	46	1
86	46	1
87	46	10
89	46	10
90	46	6
91	46	7
92	46	6
93	46	2
94	46	7
95	46	5
96	46	3
97	46	5
98	46	1
99	46	9
100	46	7
101	46	10
102	46	3
103	46	8
104	46	10
105	46	3
106	46	4
107	46	6
108	46	5
109	46	5
110	46	8
111	46	2
112	46	4
113	46	5
114	46	4
115	46	2
116	46	5
117	46	1
118	46	8
119	46	3
120	46	8
121	46	1
122	46	1
123	46	3
124	46	5
125	46	2
126	46	9
127	46	4
128	46	2
129	46	1
130	46	8
131	46	1
132	46	10
133	46	5
134	46	2
135	46	5
136	46	4
137	46	2
138	46	2
140	46	3
141	46	10
142	46	10
143	46	3
144	46	1
145	46	6
146	46	8
147	46	3
148	46	3
149	46	8
151	46	7
152	46	7
153	46	5
154	46	8
155	46	6
156	46	5
157	46	1
158	46	3
159	46	1
160	46	4
161	46	6
163	46	5
164	46	10
165	46	1
166	46	7
167	46	6
168	46	7
169	46	2
170	46	4
171	46	2
172	46	5
173	46	5
174	46	7
175	46	6
176	46	10
177	46	5
178	46	7
179	46	10
180	46	1
181	46	7
182	46	3
183	46	9
184	46	3
185	46	10
186	46	3
187	46	5
188	46	2
189	46	5
190	46	1
191	46	5
192	46	8
193	46	3
194	46	1
195	46	3
196	46	2
197	46	8
198	46	7
199	46	5
200	46	4
201	46	3
203	46	6
204	46	9
205	46	9
206	46	3
207	46	9
208	46	10
209	46	3
210	46	7
211	46	6
212	46	3
213	46	10
0	47	3
1	47	6
2	47	9
3	47	10
4	47	8
5	47	1
6	47	2
7	47	4
8	47	7
9	47	4
10	47	2
11	47	10
12	47	7
13	47	2
14	47	10
15	47	2
16	47	6
17	47	5
18	47	4
19	47	6
20	47	1
21	47	5
23	47	7
24	47	9
25	47	7
26	47	8
27	47	3
28	47	2
30	47	5
31	47	9
32	47	1
33	47	2
34	47	6
35	47	7
36	47	1
37	47	3
38	47	7
39	47	9
40	47	1
41	47	7
42	47	10
43	47	7
44	47	8
45	47	10
46	47	2
47	47	7
48	47	3
49	47	5
50	47	3
51	47	9
52	47	8
53	47	6
54	47	9
55	47	4
56	47	6
57	47	5
58	47	5
59	47	4
60	47	1
61	47	6
62	47	1
63	47	2
64	47	9
65	47	10
66	47	2
67	47	5
68	47	10
69	47	1
70	47	1
71	47	5
72	47	8
73	47	9
74	47	10
75	47	4
76	47	4
77	47	8
78	47	8
79	47	8
80	47	4
81	47	7
82	47	4
83	47	8
84	47	5
85	47	2
86	47	10
87	47	1
89	47	7
90	47	6
91	47	4
92	47	7
93	47	5
94	47	7
95	47	6
96	47	4
97	47	7
98	47	2
99	47	7
100	47	9
101	47	4
102	47	7
103	47	4
104	47	8
105	47	5
106	47	10
107	47	1
108	47	1
109	47	8
110	47	1
111	47	8
112	47	9
113	47	5
114	47	4
115	47	2
116	47	1
117	47	1
118	47	2
119	47	9
120	47	5
121	47	7
122	47	5
123	47	10
124	47	3
125	47	8
127	47	10
128	47	5
129	47	10
130	47	10
131	47	9
132	47	5
133	47	10
134	47	9
135	47	4
136	47	2
137	47	6
138	47	5
139	47	5
140	47	10
141	47	7
142	47	8
143	47	3
144	47	1
145	47	9
146	47	9
147	47	6
148	47	4
150	47	4
151	47	9
152	47	6
153	47	3
154	47	3
155	47	6
156	47	6
157	47	6
158	47	1
159	47	8
160	47	4
161	47	6
163	47	8
164	47	9
165	47	10
166	47	9
167	47	4
168	47	7
169	47	10
170	47	2
171	47	6
173	47	3
174	47	3
176	47	6
178	47	1
179	47	4
180	47	6
181	47	8
182	47	7
183	47	3
184	47	2
185	47	5
186	47	9
187	47	3
188	47	9
189	47	10
190	47	2
191	47	10
192	47	5
193	47	2
194	47	9
195	47	4
196	47	2
197	47	1
198	47	10
199	47	6
200	47	2
201	47	9
202	47	6
203	47	8
204	47	2
205	47	9
206	47	10
207	47	1
208	47	7
209	47	3
210	47	2
211	47	7
1	48	6
2	48	9
3	48	6
4	48	6
5	48	10
6	48	1
7	48	4
8	48	9
9	48	10
10	48	9
11	48	5
12	48	9
13	48	1
14	48	9
15	48	5
16	48	10
17	48	10
18	48	9
19	48	8
20	48	3
21	48	6
22	48	2
23	48	8
24	48	2
25	48	5
26	48	8
27	48	10
28	48	3
29	48	2
30	48	1
31	48	5
32	48	1
33	48	1
34	48	5
35	48	2
36	48	4
38	48	10
40	48	5
41	48	10
42	48	1
43	48	8
44	48	5
45	48	3
46	48	3
47	48	2
48	48	1
49	48	10
50	48	4
51	48	8
52	48	2
53	48	10
54	48	10
55	48	7
56	48	6
57	48	1
58	48	6
60	48	4
61	48	9
62	48	8
63	48	8
65	48	5
66	48	2
67	48	10
68	48	4
69	48	2
70	48	9
71	48	9
72	48	1
73	48	4
74	48	9
75	48	2
76	48	4
77	48	6
78	48	5
79	48	10
80	48	4
81	48	2
82	48	6
83	48	3
84	48	8
85	48	2
86	48	3
87	48	6
88	48	7
89	48	5
91	48	10
92	48	9
93	48	8
94	48	4
95	48	8
97	48	9
98	48	3
99	48	8
100	48	10
101	48	2
102	48	6
103	48	2
104	48	1
105	48	10
107	48	1
108	48	10
109	48	2
110	48	1
111	48	9
112	48	9
113	48	3
114	48	7
115	48	1
116	48	9
117	48	10
118	48	2
119	48	2
120	48	9
121	48	6
122	48	8
123	48	1
124	48	6
125	48	8
127	48	5
128	48	7
129	48	1
130	48	5
131	48	1
132	48	8
133	48	6
134	48	7
135	48	10
136	48	6
137	48	5
138	48	5
139	48	5
140	48	8
142	48	3
143	48	8
144	48	6
145	48	3
147	48	1
148	48	6
149	48	2
150	48	1
151	48	6
152	48	2
153	48	2
154	48	5
156	48	7
157	48	8
158	48	6
160	48	6
161	48	5
162	48	2
163	48	6
164	48	2
165	48	10
166	48	4
167	48	1
168	48	10
169	48	3
170	48	5
171	48	3
172	48	2
173	48	6
174	48	5
175	48	6
176	48	3
177	48	3
178	48	10
179	48	9
180	48	7
181	48	2
182	48	5
183	48	4
184	48	8
185	48	6
186	48	5
187	48	1
188	48	3
189	48	10
190	48	1
191	48	1
192	48	5
193	48	5
194	48	9
195	48	9
196	48	3
197	48	7
198	48	6
199	48	10
200	48	1
201	48	9
202	48	2
203	48	5
204	48	7
205	48	10
206	48	7
207	48	7
208	48	9
209	48	7
0	49	4
1	49	6
2	49	4
3	49	9
4	49	4
5	49	9
6	49	2
7	49	9
8	49	1
9	49	5
10	49	8
11	49	10
12	49	4
13	49	1
14	49	1
15	49	4
16	49	10
17	49	4
18	49	9
19	49	3
20	49	5
21	49	2
22	49	9
23	49	1
24	49	6
25	49	5
26	49	1
27	49	1
28	49	2
29	49	4
30	49	4
31	49	3
32	49	7
33	49	7
34	49	3
35	49	10
36	49	8
37	49	8
38	49	5
39	49	3
41	49	6
42	49	8
43	49	9
44	49	7
45	49	3
46	49	6
47	49	8
48	49	6
49	49	3
50	49	3
51	49	6
52	49	6
53	49	2
54	49	2
55	49	6
56	49	6
57	49	9
58	49	8
59	49	10
60	49	4
61	49	2
62	49	9
63	49	6
64	49	5
65	49	10
66	49	10
67	49	8
68	49	6
69	49	2
70	49	10
71	49	7
72	49	7
73	49	9
74	49	8
75	49	10
76	49	9
78	49	2
79	49	6
80	49	3
81	49	3
82	49	4
83	49	3
84	49	1
85	49	1
86	49	8
87	49	7
88	49	2
89	49	5
90	49	10
91	49	2
92	49	5
93	49	3
94	49	2
95	49	1
96	49	5
98	49	2
99	49	6
100	49	7
101	49	2
102	49	9
103	49	4
104	49	6
105	49	2
106	49	9
107	49	4
108	49	4
109	49	1
110	49	6
111	49	10
112	49	3
113	49	1
114	49	5
115	49	10
116	49	1
117	49	9
119	49	6
120	49	3
121	49	8
122	49	9
123	49	6
124	49	5
125	49	5
126	49	7
127	49	1
128	49	9
129	49	4
130	49	10
131	49	6
132	49	3
133	49	7
134	49	5
135	49	3
136	49	8
137	49	1
138	49	4
139	49	6
140	49	9
141	49	6
142	49	1
143	49	4
144	49	7
145	49	4
147	49	2
149	49	10
150	49	9
151	49	10
152	49	10
153	49	10
154	49	1
155	49	6
156	49	6
157	49	2
158	49	2
159	49	2
160	49	9
161	49	2
162	49	2
163	49	2
164	49	9
165	49	9
166	49	6
167	49	1
168	49	5
169	49	2
170	49	6
171	49	2
172	49	9
173	49	5
174	49	1
175	49	1
176	49	8
177	49	1
178	49	8
179	49	2
180	49	3
181	49	7
182	49	4
183	49	5
184	49	8
185	49	4
187	49	2
188	49	4
189	49	2
191	49	4
192	49	2
193	49	8
194	49	1
195	49	9
196	49	6
197	49	10
198	49	1
199	49	3
200	49	7
201	49	6
202	49	4
203	49	6
204	49	7
205	49	1
206	49	2
207	49	8
0	50	8
1	50	9
2	50	4
4	50	8
5	50	7
6	50	2
7	50	3
8	50	7
9	50	4
10	50	8
11	50	1
12	50	2
13	50	7
14	50	6
15	50	3
16	50	10
17	50	3
18	50	2
19	50	1
20	50	4
22	50	10
23	50	8
24	50	7
25	50	2
26	50	6
27	50	2
28	50	3
29	50	7
30	50	6
31	50	4
32	50	5
33	50	9
34	50	5
35	50	8
36	50	4
37	50	7
38	50	10
39	50	4
40	50	10
41	50	10
42	50	2
44	50	5
45	50	5
46	50	1
47	50	3
48	50	8
49	50	3
50	50	10
51	50	3
52	50	3
53	50	7
54	50	5
55	50	2
56	50	7
57	50	3
58	50	7
59	50	9
60	50	10
61	50	7
62	50	4
63	50	7
64	50	1
65	50	9
66	50	8
67	50	5
68	50	9
69	50	4
70	50	8
71	50	2
72	50	7
73	50	7
74	50	6
75	50	5
76	50	4
78	50	5
79	50	7
80	50	8
81	50	9
82	50	8
83	50	8
84	50	8
85	50	2
86	50	5
87	50	1
88	50	9
89	50	7
90	50	4
91	50	8
92	50	7
93	50	1
94	50	1
95	50	6
96	50	1
97	50	8
98	50	10
99	50	8
101	50	3
103	50	10
104	50	4
105	50	6
107	50	5
108	50	8
109	50	3
110	50	6
111	50	10
112	50	10
113	50	6
115	50	1
116	50	7
117	50	1
118	50	5
119	50	4
120	50	7
121	50	2
122	50	7
123	50	8
126	50	10
127	50	4
128	50	4
129	50	2
130	50	3
131	50	2
132	50	7
133	50	10
134	50	10
135	50	3
136	50	4
137	50	8
138	50	2
139	50	5
140	50	9
141	50	4
144	50	8
145	50	7
146	50	9
148	50	4
149	50	7
150	50	6
151	50	9
152	50	10
153	50	9
154	50	9
155	50	7
156	50	3
157	50	2
158	50	9
159	50	3
160	50	8
162	50	7
164	50	2
166	50	7
167	50	4
168	50	6
171	50	5
172	50	6
173	50	4
174	50	3
175	50	7
176	50	8
177	50	3
178	50	1
179	50	2
181	50	3
182	50	3
183	50	1
184	50	10
185	50	7
186	50	9
187	50	6
188	50	2
189	50	10
190	50	8
191	50	6
192	50	9
193	50	6
194	50	5
195	50	4
196	50	8
197	50	6
198	50	3
199	50	1
200	50	5
201	50	1
202	50	4
204	50	6
205	50	3
0	51	5
1	51	5
2	51	8
3	51	4
4	51	1
5	51	7
6	51	4
7	51	1
8	51	9
9	51	5
10	51	3
11	51	4
12	51	3
14	51	7
15	51	9
16	51	8
17	51	3
18	51	7
20	51	3
21	51	10
22	51	1
23	51	7
24	51	6
25	51	2
26	51	8
27	51	5
28	51	5
29	51	2
31	51	4
32	51	1
33	51	2
34	51	9
35	51	4
36	51	7
37	51	6
38	51	5
39	51	10
40	51	10
41	51	1
42	51	5
43	51	10
44	51	10
45	51	3
46	51	7
47	51	2
48	51	5
49	51	1
50	51	5
51	51	6
52	51	3
53	51	7
54	51	7
55	51	4
56	51	1
57	51	1
58	51	4
59	51	8
60	51	9
61	51	7
62	51	7
63	51	10
64	51	9
65	51	5
66	51	9
67	51	9
68	51	7
69	51	10
70	51	5
71	51	4
72	51	5
73	51	6
74	51	4
75	51	5
76	51	8
77	51	1
78	51	9
79	51	7
80	51	10
81	51	10
82	51	1
83	51	6
84	51	7
85	51	10
86	51	2
87	51	2
88	51	7
89	51	4
90	51	10
91	51	10
92	51	6
93	51	3
94	51	2
95	51	7
97	51	4
98	51	2
99	51	4
100	51	5
101	51	4
102	51	6
103	51	6
104	51	6
105	51	4
106	51	1
109	51	8
110	51	8
111	51	4
112	51	7
113	51	3
114	51	8
115	51	1
117	51	6
118	51	10
119	51	10
120	51	3
121	51	6
124	51	2
126	51	7
127	51	10
128	51	2
129	51	10
130	51	6
131	51	6
132	51	8
133	51	7
134	51	4
135	51	10
136	51	9
137	51	10
138	51	9
139	51	10
140	51	4
141	51	4
142	51	6
144	51	5
145	51	1
146	51	7
147	51	1
148	51	8
149	51	2
150	51	6
151	51	10
152	51	9
153	51	4
154	51	4
155	51	10
156	51	6
157	51	3
158	51	7
159	51	7
161	51	3
163	51	9
164	51	9
165	51	2
166	51	9
167	51	8
168	51	7
169	51	9
170	51	3
171	51	6
172	51	8
174	51	4
175	51	9
176	51	5
177	51	1
178	51	8
179	51	1
180	51	8
181	51	9
182	51	6
183	51	1
184	51	2
185	51	8
186	51	9
187	51	6
188	51	4
189	51	8
190	51	8
191	51	8
192	51	8
193	51	6
195	51	3
196	51	4
197	51	1
199	51	2
200	51	5
201	51	1
202	51	10
203	51	10
0	52	7
1	52	9
2	52	6
3	52	2
4	52	7
5	52	10
6	52	5
8	52	10
9	52	3
10	52	1
11	52	10
12	52	8
14	52	5
15	52	6
17	52	9
18	52	2
20	52	3
21	52	8
22	52	2
23	52	2
24	52	6
25	52	8
26	52	1
27	52	8
28	52	6
29	52	9
30	52	1
32	52	10
33	52	8
34	52	2
35	52	3
36	52	4
37	52	1
38	52	8
40	52	3
41	52	5
42	52	5
43	52	9
44	52	3
45	52	9
46	52	7
47	52	4
48	52	6
49	52	10
50	52	3
51	52	10
52	52	5
53	52	5
54	52	8
55	52	1
56	52	8
57	52	2
58	52	6
59	52	7
60	52	3
61	52	8
62	52	7
63	52	7
64	52	1
65	52	10
66	52	7
67	52	4
69	52	10
70	52	5
72	52	10
73	52	2
75	52	1
77	52	2
78	52	5
79	52	6
80	52	9
81	52	5
82	52	7
83	52	3
84	52	5
85	52	10
86	52	9
87	52	6
88	52	7
89	52	7
90	52	6
91	52	3
92	52	7
93	52	1
94	52	3
95	52	4
96	52	5
97	52	9
98	52	3
99	52	6
100	52	2
101	52	5
103	52	10
104	52	4
105	52	3
107	52	5
108	52	8
109	52	4
110	52	3
111	52	5
112	52	4
113	52	9
114	52	4
115	52	5
116	52	2
117	52	3
118	52	1
119	52	3
120	52	9
121	52	3
122	52	4
124	52	10
125	52	9
126	52	1
127	52	5
128	52	3
129	52	5
130	52	7
131	52	10
132	52	9
133	52	8
134	52	5
135	52	2
136	52	2
137	52	10
138	52	9
139	52	3
140	52	3
141	52	6
142	52	5
143	52	8
144	52	6
145	52	7
146	52	3
147	52	1
148	52	2
149	52	4
150	52	3
151	52	9
152	52	6
154	52	10
155	52	3
156	52	9
157	52	8
158	52	2
159	52	7
161	52	5
162	52	6
163	52	5
164	52	10
165	52	5
166	52	1
167	52	10
168	52	6
169	52	1
170	52	9
171	52	8
172	52	8
173	52	5
174	52	1
175	52	8
176	52	3
177	52	8
178	52	5
179	52	9
180	52	4
181	52	1
182	52	7
183	52	4
184	52	9
185	52	2
186	52	7
187	52	1
188	52	3
189	52	2
190	52	4
191	52	8
192	52	6
193	52	9
194	52	3
195	52	10
196	52	1
198	52	1
199	52	6
200	52	7
201	52	2
0	53	4
1	53	4
2	53	9
3	53	8
4	53	1
5	53	1
6	53	4
7	53	2
8	53	1
9	53	5
10	53	10
11	53	8
13	53	9
14	53	3
15	53	7
17	53	8
18	53	2
20	53	8
21	53	8
22	53	5
23	53	1
25	53	4
26	53	9
27	53	5
28	53	8
30	53	3
31	53	1
32	53	3
33	53	9
34	53	5
35	53	4
36	53	2
37	53	9
38	53	4
39	53	2
40	53	8
41	53	5
42	53	1
43	53	9
44	53	9
46	53	6
47	53	9
48	53	3
49	53	6
50	53	6
51	53	8
52	53	7
53	53	4
54	53	2
55	53	10
56	53	5
57	53	8
58	53	5
59	53	5
60	53	6
61	53	6
62	53	4
63	53	4
64	53	6
65	53	2
66	53	3
67	53	8
68	53	1
69	53	2
70	53	7
71	53	6
72	53	3
73	53	7
74	53	7
75	53	2
76	53	10
77	53	2
78	53	7
79	53	9
80	53	8
81	53	6
82	53	3
83	53	7
84	53	9
85	53	8
86	53	6
87	53	7
88	53	7
89	53	6
90	53	3
91	53	4
92	53	7
93	53	10
94	53	6
96	53	6
97	53	4
98	53	7
99	53	7
100	53	1
101	53	1
102	53	6
103	53	6
104	53	1
105	53	1
106	53	3
107	53	9
108	53	6
109	53	8
110	53	10
111	53	1
112	53	7
114	53	8
115	53	3
117	53	7
118	53	3
120	53	1
122	53	10
123	53	9
124	53	4
125	53	7
126	53	2
127	53	7
128	53	9
129	53	10
130	53	6
131	53	10
132	53	6
133	53	3
135	53	4
136	53	2
137	53	10
139	53	3
140	53	7
142	53	2
143	53	3
144	53	10
145	53	9
146	53	4
147	53	3
150	53	6
151	53	1
152	53	8
153	53	7
154	53	4
156	53	8
157	53	6
158	53	2
159	53	9
160	53	4
161	53	3
162	53	3
163	53	8
164	53	7
165	53	2
166	53	10
167	53	8
168	53	8
169	53	1
170	53	5
171	53	5
172	53	1
173	53	2
174	53	10
175	53	7
176	53	1
177	53	9
178	53	10
179	53	1
180	53	3
181	53	2
182	53	6
183	53	7
184	53	3
185	53	9
186	53	7
187	53	6
188	53	7
189	53	5
190	53	5
191	53	8
193	53	10
194	53	2
195	53	8
196	53	5
197	53	10
198	53	2
199	53	7
0	54	1
1	54	6
2	54	7
3	54	9
4	54	3
5	54	6
6	54	1
7	54	10
8	54	2
9	54	5
10	54	8
11	54	2
12	54	1
13	54	1
14	54	1
15	54	6
16	54	7
17	54	6
18	54	6
19	54	8
20	54	2
21	54	1
22	54	4
23	54	5
24	54	6
25	54	3
26	54	4
27	54	4
28	54	2
29	54	3
30	54	9
31	54	9
33	54	2
34	54	9
35	54	5
36	54	7
37	54	10
39	54	5
40	54	10
41	54	3
42	54	4
44	54	4
45	54	8
46	54	9
47	54	8
48	54	9
49	54	1
50	54	10
52	54	6
53	54	5
54	54	7
55	54	4
56	54	7
57	54	1
58	54	10
60	54	10
61	54	1
63	54	1
64	54	1
65	54	10
66	54	8
67	54	10
68	54	6
70	54	10
71	54	7
72	54	1
74	54	5
75	54	5
76	54	2
77	54	7
78	54	10
79	54	2
80	54	7
81	54	10
82	54	6
83	54	6
85	54	3
86	54	6
87	54	8
88	54	1
89	54	10
90	54	1
91	54	7
92	54	3
93	54	8
94	54	2
95	54	3
96	54	3
97	54	2
98	54	8
99	54	9
100	54	3
101	54	9
102	54	2
103	54	4
104	54	5
105	54	5
106	54	2
107	54	9
108	54	7
109	54	10
110	54	3
111	54	2
112	54	4
113	54	8
115	54	2
116	54	7
117	54	9
118	54	5
119	54	5
120	54	9
121	54	10
122	54	6
123	54	7
124	54	5
126	54	9
127	54	10
128	54	5
129	54	2
130	54	9
131	54	7
132	54	3
133	54	2
134	54	6
136	54	6
137	54	10
138	54	8
139	54	5
140	54	10
141	54	7
142	54	5
143	54	2
144	54	3
146	54	7
147	54	8
149	54	7
150	54	6
151	54	3
152	54	2
153	54	7
154	54	5
155	54	7
156	54	2
157	54	3
158	54	6
159	54	5
160	54	6
161	54	1
162	54	10
163	54	1
164	54	10
165	54	9
166	54	5
167	54	1
168	54	1
169	54	6
170	54	8
171	54	3
172	54	3
173	54	9
174	54	5
175	54	5
176	54	3
177	54	2
178	54	8
179	54	9
180	54	9
181	54	1
182	54	5
183	54	7
184	54	6
185	54	4
186	54	3
187	54	6
188	54	8
189	54	9
190	54	6
191	54	8
192	54	5
193	54	1
194	54	1
195	54	8
196	54	7
197	54	4
0	55	6
1	55	4
2	55	10
3	55	5
4	55	8
6	55	7
7	55	1
8	55	7
9	55	3
10	55	1
11	55	7
12	55	7
13	55	7
14	55	2
15	55	1
17	55	7
18	55	6
19	55	5
20	55	9
21	55	4
22	55	3
23	55	10
24	55	4
25	55	5
26	55	4
27	55	6
28	55	5
29	55	7
30	55	4
31	55	4
32	55	9
33	55	8
35	55	3
36	55	4
37	55	2
38	55	9
39	55	5
40	55	6
41	55	3
42	55	5
43	55	8
44	55	3
45	55	7
46	55	7
47	55	3
48	55	4
49	55	2
50	55	7
52	55	3
53	55	6
54	55	7
55	55	9
56	55	7
57	55	2
58	55	2
59	55	7
60	55	5
61	55	9
62	55	5
63	55	7
64	55	4
65	55	4
66	55	5
67	55	5
68	55	8
69	55	4
70	55	1
71	55	3
72	55	10
73	55	1
74	55	5
75	55	8
76	55	3
77	55	7
78	55	9
79	55	1
80	55	10
81	55	2
82	55	5
84	55	3
85	55	9
86	55	3
87	55	4
88	55	6
89	55	8
90	55	3
91	55	3
92	55	7
93	55	8
94	55	7
95	55	5
96	55	9
97	55	1
98	55	8
99	55	2
100	55	10
102	55	2
103	55	10
104	55	6
105	55	6
106	55	6
107	55	7
109	55	4
110	55	2
111	55	5
112	55	9
113	55	8
114	55	7
115	55	8
116	55	4
117	55	5
118	55	7
119	55	5
120	55	10
121	55	3
123	55	2
124	55	8
128	55	3
129	55	9
130	55	5
131	55	1
132	55	3
133	55	2
134	55	5
135	55	4
136	55	1
137	55	10
138	55	7
139	55	5
140	55	4
141	55	4
142	55	3
143	55	4
144	55	6
145	55	10
146	55	7
147	55	2
148	55	6
149	55	8
150	55	2
152	55	10
154	55	5
155	55	2
156	55	4
157	55	2
158	55	4
159	55	8
160	55	9
161	55	9
162	55	1
163	55	2
164	55	5
165	55	8
166	55	6
167	55	9
168	55	1
169	55	9
170	55	1
171	55	1
172	55	3
173	55	7
175	55	1
176	55	8
177	55	3
178	55	9
179	55	3
180	55	6
181	55	1
182	55	10
183	55	10
184	55	6
185	55	10
186	55	8
188	55	3
189	55	7
190	55	3
191	55	7
192	55	10
193	55	1
194	55	2
195	55	4
2	56	10
3	56	6
4	56	5
5	56	10
6	56	3
7	56	4
8	56	6
10	56	5
11	56	10
12	56	1
13	56	10
14	56	7
15	56	5
16	56	10
17	56	2
18	56	7
19	56	4
20	56	1
21	56	10
22	56	8
23	56	10
24	56	2
25	56	2
26	56	2
27	56	6
28	56	2
30	56	10
31	56	8
32	56	3
33	56	3
34	56	10
35	56	10
36	56	1
37	56	6
38	56	8
39	56	6
41	56	3
42	56	2
43	56	4
44	56	4
45	56	9
48	56	5
49	56	2
50	56	2
51	56	5
52	56	4
53	56	1
55	56	6
56	56	5
57	56	7
59	56	10
60	56	10
61	56	4
62	56	8
63	56	7
64	56	2
65	56	6
66	56	8
69	56	10
70	56	3
71	56	8
72	56	10
73	56	1
74	56	4
75	56	7
76	56	1
77	56	1
78	56	1
79	56	6
80	56	10
81	56	7
82	56	1
83	56	2
84	56	7
85	56	10
86	56	2
87	56	6
88	56	2
89	56	5
90	56	9
91	56	10
92	56	7
93	56	1
95	56	3
96	56	9
97	56	6
98	56	6
99	56	5
100	56	9
101	56	4
102	56	7
103	56	5
104	56	8
105	56	3
106	56	7
107	56	10
108	56	7
109	56	3
110	56	1
111	56	1
112	56	1
113	56	5
114	56	4
115	56	10
116	56	2
117	56	10
118	56	4
119	56	8
120	56	3
121	56	7
122	56	3
123	56	2
124	56	2
125	56	4
126	56	7
127	56	9
128	56	5
129	56	4
130	56	8
132	56	1
133	56	7
134	56	6
135	56	3
136	56	8
137	56	5
138	56	1
139	56	1
140	56	1
143	56	1
144	56	3
145	56	6
146	56	9
147	56	4
148	56	8
149	56	5
150	56	3
151	56	4
152	56	2
154	56	9
155	56	3
156	56	5
157	56	9
158	56	2
159	56	2
160	56	4
161	56	6
162	56	10
163	56	2
164	56	1
165	56	5
166	56	8
167	56	10
168	56	7
169	56	1
170	56	1
171	56	1
172	56	1
173	56	3
175	56	4
176	56	1
177	56	8
178	56	1
179	56	9
180	56	4
181	56	2
182	56	5
183	56	2
184	56	10
185	56	5
187	56	9
188	56	6
189	56	1
190	56	8
191	56	1
192	56	6
193	56	2
0	57	9
1	57	7
2	57	8
3	57	5
4	57	8
5	57	1
6	57	10
7	57	3
8	57	4
9	57	3
10	57	4
11	57	4
12	57	5
13	57	5
14	57	9
15	57	8
16	57	4
17	57	2
18	57	3
19	57	10
20	57	5
21	57	6
22	57	3
23	57	2
24	57	4
25	57	6
26	57	3
27	57	8
28	57	9
29	57	4
30	57	10
31	57	2
33	57	1
34	57	5
35	57	7
36	57	6
37	57	4
38	57	8
39	57	2
40	57	5
41	57	10
42	57	5
43	57	6
44	57	4
45	57	7
46	57	6
47	57	6
48	57	9
49	57	5
51	57	8
53	57	9
54	57	3
55	57	10
56	57	9
57	57	3
58	57	8
59	57	10
61	57	5
62	57	10
63	57	10
64	57	4
65	57	7
66	57	1
67	57	3
68	57	10
69	57	8
70	57	3
71	57	7
72	57	6
73	57	7
74	57	1
75	57	10
76	57	7
77	57	6
78	57	7
79	57	10
80	57	8
81	57	4
82	57	4
83	57	10
84	57	8
85	57	5
86	57	3
88	57	1
89	57	4
90	57	3
91	57	7
92	57	10
93	57	5
94	57	2
95	57	7
97	57	9
98	57	10
99	57	9
100	57	4
101	57	1
102	57	9
103	57	3
104	57	6
105	57	9
106	57	5
107	57	5
108	57	6
110	57	10
111	57	10
112	57	4
113	57	9
114	57	3
116	57	9
117	57	10
118	57	9
120	57	6
121	57	2
122	57	4
123	57	8
124	57	7
125	57	3
126	57	4
127	57	6
128	57	5
129	57	8
130	57	6
131	57	9
132	57	2
133	57	9
136	57	7
137	57	5
138	57	7
139	57	7
140	57	5
141	57	9
142	57	8
143	57	6
144	57	6
145	57	2
146	57	5
148	57	7
149	57	5
150	57	8
151	57	7
152	57	8
153	57	9
154	57	1
155	57	1
156	57	3
158	57	10
159	57	2
160	57	3
161	57	1
162	57	8
163	57	3
164	57	8
165	57	4
166	57	4
167	57	7
169	57	8
170	57	10
171	57	3
172	57	5
173	57	3
174	57	2
175	57	1
177	57	9
178	57	4
180	57	6
181	57	8
183	57	6
184	57	6
185	57	9
186	57	9
187	57	9
188	57	2
189	57	5
190	57	9
191	57	5
0	58	6
2	58	9
3	58	3
4	58	1
5	58	7
6	58	1
8	58	4
9	58	6
10	58	10
11	58	6
12	58	8
13	58	3
14	58	10
15	58	1
16	58	5
17	58	9
18	58	8
19	58	1
20	58	8
21	58	10
22	58	10
23	58	10
25	58	6
26	58	2
27	58	3
28	58	3
29	58	8
30	58	3
31	58	8
32	58	4
33	58	9
34	58	8
35	58	3
37	58	1
38	58	8
39	58	2
40	58	5
41	58	7
42	58	4
43	58	7
44	58	8
45	58	6
46	58	8
47	58	1
48	58	10
49	58	9
50	58	6
51	58	2
52	58	7
53	58	6
54	58	1
55	58	2
56	58	10
57	58	10
58	58	1
59	58	9
60	58	4
61	58	5
62	58	4
63	58	4
64	58	4
65	58	5
66	58	2
67	58	9
68	58	4
69	58	10
70	58	7
71	58	4
72	58	3
73	58	5
74	58	10
75	58	7
76	58	8
78	58	1
79	58	1
80	58	9
81	58	9
82	58	2
83	58	2
85	58	6
86	58	9
87	58	7
88	58	3
89	58	1
90	58	2
91	58	9
92	58	1
93	58	5
94	58	1
95	58	3
96	58	4
97	58	8
98	58	3
99	58	8
100	58	3
101	58	10
102	58	3
103	58	1
104	58	2
105	58	9
106	58	9
107	58	8
108	58	1
109	58	1
110	58	9
111	58	4
112	58	3
113	58	7
114	58	3
115	58	5
117	58	5
118	58	3
119	58	1
120	58	8
121	58	4
122	58	7
123	58	7
125	58	10
126	58	9
127	58	2
128	58	6
129	58	10
130	58	1
131	58	5
132	58	5
133	58	3
134	58	1
135	58	8
136	58	1
138	58	9
140	58	1
141	58	6
142	58	1
143	58	7
144	58	2
145	58	8
146	58	10
147	58	10
148	58	9
149	58	1
150	58	1
151	58	1
152	58	4
153	58	6
154	58	10
155	58	2
156	58	5
157	58	6
158	58	1
159	58	8
160	58	5
161	58	3
162	58	7
163	58	7
164	58	1
166	58	8
167	58	7
168	58	9
169	58	10
170	58	10
171	58	6
172	58	8
173	58	6
174	58	4
175	58	3
176	58	4
177	58	9
178	58	1
179	58	6
180	58	5
181	58	10
182	58	2
183	58	2
184	58	4
185	58	4
186	58	8
187	58	7
188	58	8
189	58	9
0	59	6
1	59	3
2	59	8
3	59	7
4	59	7
6	59	5
7	59	2
8	59	5
9	59	7
10	59	10
11	59	2
12	59	1
13	59	7
14	59	10
15	59	7
16	59	4
17	59	6
18	59	5
19	59	10
20	59	3
21	59	6
22	59	6
23	59	1
24	59	5
25	59	3
26	59	9
28	59	5
29	59	1
30	59	9
31	59	10
32	59	3
33	59	5
34	59	6
36	59	8
37	59	7
38	59	5
40	59	5
41	59	7
43	59	8
44	59	4
45	59	4
46	59	7
47	59	8
48	59	2
49	59	10
50	59	6
51	59	10
52	59	5
53	59	4
54	59	10
55	59	9
56	59	1
57	59	3
58	59	2
59	59	8
60	59	2
61	59	7
62	59	7
63	59	2
64	59	10
65	59	10
66	59	8
67	59	6
68	59	1
69	59	10
70	59	5
71	59	4
73	59	4
74	59	6
75	59	8
76	59	8
77	59	9
78	59	6
79	59	5
80	59	5
81	59	2
82	59	10
83	59	4
84	59	5
85	59	3
86	59	7
87	59	10
88	59	10
89	59	8
90	59	7
91	59	6
92	59	3
93	59	8
94	59	7
95	59	9
96	59	9
97	59	6
98	59	7
99	59	8
101	59	5
102	59	5
103	59	6
105	59	5
106	59	3
107	59	2
108	59	1
109	59	3
110	59	9
111	59	4
112	59	10
113	59	1
114	59	8
115	59	6
116	59	5
117	59	4
118	59	1
119	59	3
120	59	8
121	59	7
122	59	3
123	59	1
124	59	7
125	59	1
126	59	2
127	59	2
129	59	10
130	59	1
131	59	6
132	59	2
133	59	6
134	59	3
135	59	1
136	59	1
139	59	6
140	59	9
141	59	9
142	59	4
143	59	10
145	59	7
146	59	4
147	59	7
148	59	5
149	59	5
150	59	5
151	59	9
152	59	2
153	59	1
154	59	6
155	59	4
156	59	7
157	59	6
158	59	1
159	59	4
160	59	5
161	59	8
162	59	5
163	59	1
164	59	9
165	59	3
166	59	3
167	59	1
168	59	3
169	59	1
170	59	8
171	59	8
172	59	7
173	59	5
174	59	9
175	59	2
177	59	5
178	59	6
180	59	9
181	59	5
182	59	7
183	59	6
184	59	3
186	59	6
187	59	5
0	60	6
1	60	4
2	60	9
3	60	9
4	60	7
5	60	4
6	60	4
7	60	10
8	60	5
9	60	2
10	60	3
11	60	4
12	60	5
13	60	3
14	60	6
15	60	1
16	60	9
17	60	5
18	60	1
19	60	8
20	60	1
21	60	1
22	60	4
24	60	7
25	60	4
26	60	5
27	60	1
28	60	10
29	60	8
30	60	4
31	60	5
32	60	6
33	60	5
34	60	9
35	60	10
36	60	9
37	60	1
38	60	8
39	60	7
40	60	8
41	60	6
42	60	4
43	60	2
44	60	6
45	60	7
46	60	4
47	60	2
48	60	9
49	60	9
50	60	9
51	60	4
53	60	6
54	60	2
56	60	3
57	60	8
58	60	1
59	60	9
60	60	1
62	60	4
64	60	9
65	60	1
66	60	4
67	60	10
68	60	10
69	60	4
70	60	6
72	60	3
73	60	1
74	60	10
75	60	4
76	60	1
77	60	5
78	60	10
79	60	10
80	60	7
81	60	6
82	60	6
83	60	7
84	60	5
85	60	9
86	60	5
87	60	7
88	60	7
89	60	5
90	60	7
91	60	6
93	60	2
94	60	10
95	60	4
97	60	3
98	60	10
99	60	3
100	60	2
101	60	4
102	60	2
103	60	1
104	60	2
105	60	4
107	60	2
108	60	6
109	60	1
110	60	10
112	60	3
113	60	4
114	60	5
115	60	2
116	60	3
117	60	1
118	60	6
119	60	2
120	60	10
122	60	3
123	60	8
124	60	7
125	60	9
126	60	7
127	60	4
128	60	3
129	60	2
130	60	6
132	60	3
133	60	4
134	60	2
135	60	10
136	60	3
137	60	9
138	60	7
139	60	9
140	60	5
141	60	9
142	60	2
143	60	5
144	60	10
145	60	2
146	60	8
147	60	6
148	60	3
149	60	2
150	60	6
151	60	2
152	60	3
153	60	2
155	60	10
157	60	7
158	60	6
159	60	9
160	60	3
161	60	5
163	60	8
164	60	6
165	60	8
166	60	9
167	60	10
168	60	3
169	60	7
170	60	4
171	60	5
172	60	4
173	60	5
174	60	2
175	60	3
176	60	3
177	60	5
178	60	9
179	60	8
180	60	6
181	60	5
182	60	2
183	60	9
185	60	1
0	61	7
1	61	4
2	61	6
3	61	10
4	61	3
6	61	8
7	61	10
8	61	6
9	61	8
10	61	7
11	61	2
12	61	8
13	61	4
14	61	8
16	61	3
17	61	5
18	61	8
19	61	9
21	61	9
22	61	9
23	61	4
24	61	8
25	61	2
26	61	5
27	61	2
28	61	1
29	61	3
30	61	9
31	61	2
32	61	1
33	61	8
34	61	3
35	61	6
36	61	7
37	61	7
38	61	4
39	61	8
40	61	5
41	61	4
42	61	5
43	61	10
44	61	7
45	61	7
46	61	6
47	61	3
48	61	6
49	61	6
50	61	10
51	61	10
52	61	1
53	61	9
54	61	7
56	61	8
57	61	7
58	61	8
59	61	2
60	61	7
61	61	7
62	61	1
63	61	7
64	61	4
65	61	3
66	61	7
67	61	4
68	61	6
69	61	6
70	61	6
72	61	10
73	61	3
74	61	4
75	61	4
76	61	1
77	61	7
79	61	4
80	61	4
81	61	7
82	61	5
83	61	9
84	61	9
85	61	1
86	61	7
87	61	3
88	61	9
89	61	3
90	61	6
91	61	5
92	61	3
93	61	5
94	61	9
95	61	4
98	61	7
99	61	9
101	61	9
102	61	8
103	61	7
104	61	5
105	61	9
106	61	1
107	61	8
108	61	8
109	61	8
111	61	5
112	61	5
113	61	2
115	61	1
116	61	9
117	61	2
118	61	5
119	61	3
120	61	10
121	61	2
123	61	8
125	61	4
126	61	2
127	61	7
128	61	3
129	61	10
130	61	3
131	61	3
134	61	6
135	61	6
136	61	9
137	61	1
138	61	8
139	61	1
140	61	5
141	61	9
142	61	10
143	61	2
144	61	6
145	61	1
146	61	1
147	61	2
148	61	2
149	61	3
150	61	6
151	61	4
152	61	2
153	61	2
154	61	7
155	61	1
156	61	6
157	61	7
158	61	9
159	61	4
161	61	3
162	61	8
163	61	1
164	61	7
165	61	3
166	61	4
167	61	10
168	61	1
169	61	1
170	61	5
171	61	1
172	61	7
174	61	3
175	61	6
177	61	8
178	61	1
180	61	4
181	61	9
183	61	3
0	62	5
1	62	7
2	62	10
4	62	3
5	62	6
6	62	2
7	62	3
8	62	8
9	62	10
10	62	2
11	62	3
12	62	2
13	62	9
14	62	10
15	62	4
16	62	1
17	62	6
18	62	4
19	62	10
20	62	1
21	62	10
22	62	9
23	62	3
24	62	3
25	62	7
26	62	2
27	62	5
28	62	6
29	62	8
30	62	2
32	62	5
33	62	2
34	62	7
35	62	1
37	62	5
38	62	2
39	62	5
40	62	2
41	62	6
42	62	1
43	62	7
44	62	4
45	62	8
46	62	3
47	62	2
48	62	7
49	62	1
50	62	10
51	62	9
52	62	2
53	62	2
54	62	3
55	62	1
56	62	9
57	62	1
58	62	3
59	62	2
60	62	1
62	62	7
63	62	9
64	62	2
65	62	9
66	62	5
67	62	1
68	62	10
69	62	4
71	62	1
72	62	5
73	62	3
75	62	4
76	62	3
77	62	1
78	62	6
79	62	9
80	62	10
81	62	9
82	62	9
83	62	1
85	62	5
86	62	8
87	62	5
88	62	3
89	62	6
90	62	4
91	62	10
92	62	10
93	62	1
94	62	10
95	62	2
96	62	2
97	62	1
98	62	9
99	62	3
100	62	2
101	62	9
102	62	3
103	62	3
104	62	1
105	62	7
106	62	3
107	62	9
109	62	10
110	62	1
111	62	2
112	62	10
113	62	9
114	62	3
115	62	6
116	62	10
117	62	10
118	62	3
119	62	2
120	62	3
121	62	8
122	62	7
123	62	8
124	62	7
125	62	3
126	62	7
129	62	9
130	62	8
131	62	6
132	62	3
133	62	1
134	62	1
135	62	10
136	62	1
137	62	10
138	62	4
139	62	3
140	62	3
141	62	3
142	62	7
143	62	8
144	62	3
145	62	7
146	62	2
147	62	6
148	62	8
149	62	7
150	62	5
151	62	1
152	62	10
153	62	2
154	62	6
155	62	3
156	62	6
157	62	9
158	62	1
159	62	10
160	62	5
161	62	9
162	62	4
163	62	4
164	62	10
165	62	6
166	62	2
167	62	5
168	62	1
169	62	8
170	62	4
171	62	10
172	62	6
173	62	3
174	62	6
175	62	1
176	62	8
177	62	1
178	62	6
179	62	9
180	62	1
0	63	7
2	63	6
3	63	10
4	63	3
5	63	6
6	63	5
7	63	6
8	63	3
9	63	1
10	63	5
11	63	2
12	63	5
13	63	4
14	63	8
15	63	4
16	63	9
17	63	8
18	63	2
19	63	6
20	63	9
21	63	5
22	63	8
23	63	3
24	63	10
26	63	7
27	63	7
28	63	1
29	63	10
30	63	4
31	63	1
32	63	4
33	63	10
34	63	9
35	63	9
36	63	7
37	63	10
38	63	4
40	63	3
41	63	7
42	63	6
43	63	10
44	63	3
45	63	4
46	63	10
47	63	1
48	63	4
49	63	5
50	63	6
51	63	6
52	63	8
53	63	7
54	63	10
55	63	2
56	63	6
57	63	9
58	63	7
59	63	3
60	63	5
61	63	1
63	63	5
64	63	1
65	63	9
66	63	3
67	63	2
68	63	2
69	63	8
71	63	10
72	63	7
73	63	8
74	63	1
75	63	4
76	63	9
77	63	10
78	63	8
80	63	4
81	63	2
82	63	9
84	63	1
85	63	7
86	63	7
87	63	7
88	63	6
89	63	5
90	63	2
91	63	2
92	63	1
93	63	9
94	63	10
95	63	6
96	63	9
97	63	9
98	63	4
99	63	8
100	63	4
101	63	9
102	63	6
103	63	9
104	63	1
105	63	3
106	63	4
107	63	5
108	63	8
109	63	3
110	63	3
111	63	2
112	63	10
114	63	4
115	63	9
116	63	3
117	63	7
118	63	5
119	63	9
120	63	8
122	63	7
123	63	2
124	63	7
125	63	2
126	63	1
127	63	6
128	63	8
129	63	1
130	63	4
131	63	8
132	63	1
133	63	4
134	63	7
135	63	10
136	63	7
137	63	6
138	63	9
139	63	10
140	63	3
141	63	1
142	63	1
143	63	10
144	63	8
145	63	8
146	63	2
148	63	8
150	63	5
151	63	6
152	63	9
153	63	3
154	63	6
155	63	5
156	63	10
158	63	6
159	63	10
160	63	1
161	63	2
162	63	5
163	63	7
164	63	7
165	63	4
166	63	4
167	63	10
168	63	3
169	63	5
170	63	4
171	63	1
173	63	7
174	63	1
175	63	2
176	63	6
177	63	4
178	63	2
179	63	7
0	64	6
1	64	1
2	64	8
3	64	8
4	64	8
5	64	5
6	64	8
7	64	6
8	64	2
9	64	10
10	64	7
12	64	1
13	64	9
14	64	9
16	64	10
17	64	1
18	64	5
19	64	1
20	64	9
21	64	3
22	64	3
23	64	3
24	64	2
25	64	4
26	64	3
27	64	10
28	64	1
29	64	8
30	64	10
31	64	7
32	64	4
33	64	8
35	64	9
36	64	6
37	64	2
38	64	6
39	64	6
40	64	6
41	64	1
42	64	8
43	64	5
45	64	9
46	64	2
47	64	2
48	64	9
49	64	7
50	64	8
51	64	9
52	64	8
53	64	4
54	64	9
55	64	7
56	64	5
57	64	6
58	64	10
59	64	7
60	64	2
61	64	10
62	64	7
64	64	3
65	64	8
67	64	7
68	64	6
69	64	10
70	64	9
71	64	1
72	64	5
73	64	10
74	64	8
75	64	2
76	64	5
77	64	3
79	64	2
80	64	1
82	64	7
83	64	9
84	64	10
85	64	10
86	64	5
87	64	6
88	64	5
89	64	1
90	64	1
91	64	5
92	64	10
93	64	2
94	64	10
95	64	10
96	64	10
98	64	4
99	64	4
100	64	10
103	64	6
104	64	6
106	64	5
107	64	7
108	64	5
109	64	3
110	64	2
111	64	9
112	64	4
113	64	5
114	64	5
115	64	10
116	64	2
118	64	2
119	64	6
120	64	6
122	64	10
123	64	8
124	64	10
125	64	1
127	64	1
128	64	6
129	64	8
130	64	8
131	64	6
132	64	7
133	64	2
134	64	10
135	64	10
136	64	4
137	64	7
138	64	8
139	64	8
140	64	10
141	64	6
142	64	7
143	64	3
144	64	3
145	64	3
147	64	2
148	64	4
149	64	2
150	64	2
151	64	7
152	64	5
153	64	1
154	64	5
155	64	2
156	64	6
158	64	1
159	64	5
160	64	10
161	64	8
162	64	9
163	64	1
164	64	7
165	64	3
166	64	3
167	64	9
169	64	6
170	64	9
171	64	9
172	64	7
173	64	6
174	64	9
175	64	10
176	64	8
177	64	7
0	65	6
1	65	9
2	65	2
3	65	2
4	65	8
5	65	5
7	65	10
8	65	6
9	65	6
11	65	8
12	65	8
13	65	2
14	65	9
15	65	7
16	65	4
17	65	10
18	65	3
19	65	5
20	65	4
21	65	2
22	65	6
24	65	1
25	65	8
26	65	4
27	65	10
28	65	5
29	65	5
30	65	4
31	65	2
32	65	1
33	65	8
34	65	7
35	65	8
36	65	3
37	65	8
40	65	8
41	65	9
43	65	7
44	65	10
45	65	10
46	65	10
47	65	5
48	65	1
49	65	6
50	65	4
52	65	6
53	65	5
54	65	7
55	65	5
56	65	7
57	65	10
58	65	1
59	65	5
60	65	7
62	65	10
63	65	1
64	65	4
65	65	3
66	65	5
68	65	3
69	65	10
70	65	7
71	65	2
72	65	3
73	65	3
74	65	1
76	65	2
77	65	3
78	65	5
79	65	7
80	65	1
81	65	4
82	65	10
83	65	8
84	65	9
85	65	10
86	65	7
87	65	2
89	65	2
90	65	6
91	65	9
92	65	7
93	65	8
94	65	3
96	65	2
97	65	6
98	65	10
99	65	10
100	65	10
101	65	7
102	65	6
103	65	9
104	65	10
105	65	1
106	65	5
108	65	6
109	65	5
110	65	2
111	65	4
112	65	10
113	65	9
115	65	9
116	65	9
117	65	6
118	65	5
119	65	6
120	65	2
121	65	6
122	65	3
123	65	10
124	65	2
125	65	5
126	65	1
127	65	6
128	65	7
129	65	8
131	65	6
132	65	1
133	65	7
134	65	8
135	65	8
136	65	2
137	65	3
138	65	6
139	65	3
140	65	2
142	65	7
143	65	1
144	65	8
145	65	7
146	65	7
147	65	5
148	65	7
149	65	5
150	65	7
151	65	4
152	65	6
153	65	4
154	65	6
156	65	7
157	65	7
158	65	5
159	65	3
160	65	3
162	65	4
163	65	5
164	65	9
165	65	10
166	65	4
167	65	6
168	65	1
169	65	10
170	65	7
171	65	10
172	65	6
173	65	6
174	65	9
175	65	5
1	66	6
2	66	4
3	66	3
4	66	7
5	66	2
6	66	4
7	66	10
8	66	2
9	66	7
10	66	4
11	66	1
12	66	4
13	66	9
14	66	5
15	66	5
16	66	2
17	66	6
18	66	4
19	66	1
20	66	4
21	66	8
22	66	2
23	66	4
25	66	3
27	66	6
28	66	2
29	66	8
30	66	3
31	66	3
32	66	5
33	66	7
34	66	5
35	66	6
36	66	3
37	66	7
38	66	2
39	66	8
40	66	3
41	66	1
42	66	9
43	66	3
44	66	5
45	66	8
46	66	8
47	66	5
48	66	6
49	66	6
50	66	10
51	66	10
52	66	5
53	66	9
54	66	10
55	66	5
56	66	7
57	66	9
58	66	10
60	66	1
61	66	6
62	66	6
63	66	7
64	66	4
65	66	5
66	66	7
67	66	9
68	66	10
69	66	7
71	66	9
72	66	8
73	66	6
74	66	2
76	66	7
77	66	5
78	66	1
79	66	10
80	66	4
81	66	3
82	66	7
84	66	5
85	66	2
86	66	9
87	66	7
88	66	5
89	66	10
90	66	3
91	66	4
92	66	3
93	66	9
94	66	4
95	66	10
96	66	8
97	66	7
98	66	10
99	66	6
100	66	1
101	66	6
102	66	8
103	66	6
105	66	1
106	66	7
107	66	1
108	66	6
109	66	8
110	66	8
111	66	4
112	66	1
113	66	10
114	66	10
115	66	9
116	66	2
118	66	6
119	66	5
120	66	2
121	66	5
122	66	9
123	66	3
124	66	9
125	66	1
126	66	2
127	66	8
128	66	2
129	66	3
130	66	2
132	66	5
133	66	2
134	66	5
135	66	6
136	66	7
137	66	10
138	66	3
139	66	8
140	66	3
141	66	10
142	66	1
143	66	6
144	66	5
145	66	4
146	66	10
147	66	9
148	66	7
149	66	7
150	66	9
151	66	9
152	66	9
153	66	1
154	66	4
155	66	10
157	66	2
158	66	8
159	66	9
160	66	1
161	66	10
162	66	7
163	66	3
164	66	1
165	66	9
166	66	8
167	66	5
168	66	4
169	66	8
170	66	10
171	66	9
172	66	3
173	66	6
0	67	9
1	67	7
2	67	5
3	67	9
4	67	6
5	67	9
6	67	7
7	67	6
8	67	8
9	67	6
10	67	10
11	67	5
12	67	7
13	67	4
14	67	7
15	67	2
16	67	9
17	67	1
18	67	4
19	67	5
20	67	1
21	67	3
22	67	10
23	67	3
24	67	7
25	67	1
26	67	4
27	67	2
28	67	6
29	67	6
30	67	6
32	67	7
33	67	7
34	67	9
35	67	8
36	67	10
38	67	1
39	67	3
40	67	3
41	67	8
42	67	1
43	67	1
44	67	9
45	67	9
46	67	10
47	67	10
48	67	5
49	67	10
50	67	9
51	67	8
52	67	2
54	67	3
55	67	10
56	67	2
57	67	2
58	67	10
59	67	8
60	67	3
61	67	1
62	67	3
63	67	7
64	67	7
65	67	10
66	67	8
67	67	3
68	67	7
69	67	8
70	67	2
71	67	9
72	67	9
73	67	4
74	67	8
75	67	5
76	67	2
77	67	1
78	67	10
79	67	2
80	67	10
82	67	1
83	67	5
84	67	6
85	67	5
86	67	3
87	67	2
88	67	3
89	67	8
90	67	9
91	67	6
92	67	1
93	67	8
94	67	1
95	67	10
96	67	8
97	67	9
98	67	6
99	67	3
100	67	5
101	67	3
103	67	8
104	67	1
105	67	8
106	67	2
107	67	2
108	67	5
109	67	9
110	67	1
111	67	7
112	67	7
113	67	10
114	67	5
115	67	7
116	67	1
117	67	3
118	67	3
119	67	2
120	67	8
121	67	6
122	67	2
123	67	10
124	67	9
125	67	8
126	67	1
127	67	8
129	67	8
130	67	10
131	67	7
132	67	7
133	67	4
134	67	5
135	67	2
136	67	2
137	67	8
138	67	4
139	67	9
140	67	3
141	67	7
143	67	3
144	67	3
145	67	6
146	67	8
147	67	8
148	67	6
149	67	7
150	67	7
151	67	7
152	67	3
153	67	9
154	67	9
155	67	10
157	67	3
159	67	2
160	67	7
161	67	5
162	67	9
163	67	1
164	67	6
165	67	8
166	67	6
167	67	4
168	67	6
169	67	3
170	67	6
171	67	3
1	68	6
2	68	4
3	68	7
4	68	1
5	68	5
6	68	4
7	68	4
8	68	4
9	68	9
10	68	6
11	68	8
12	68	10
13	68	5
14	68	9
15	68	3
16	68	6
17	68	10
18	68	10
19	68	2
20	68	4
22	68	4
23	68	5
24	68	1
25	68	6
26	68	10
27	68	2
28	68	7
29	68	6
30	68	6
31	68	9
32	68	4
33	68	7
34	68	3
35	68	6
36	68	3
37	68	5
38	68	6
39	68	9
40	68	2
41	68	7
42	68	1
43	68	9
44	68	2
45	68	5
46	68	9
47	68	6
48	68	2
51	68	5
52	68	6
53	68	2
54	68	10
55	68	3
56	68	5
57	68	10
58	68	9
59	68	3
60	68	2
61	68	10
62	68	1
63	68	9
64	68	9
65	68	9
66	68	6
67	68	4
68	68	3
69	68	9
70	68	1
72	68	4
73	68	7
74	68	1
75	68	8
76	68	7
77	68	4
78	68	7
79	68	6
80	68	4
81	68	5
82	68	6
83	68	2
84	68	7
85	68	9
87	68	6
88	68	8
89	68	6
90	68	2
91	68	5
92	68	6
93	68	1
94	68	3
95	68	5
96	68	4
97	68	6
98	68	1
99	68	4
100	68	2
101	68	3
102	68	8
104	68	9
105	68	2
106	68	9
107	68	9
109	68	6
110	68	1
112	68	6
113	68	3
115	68	1
116	68	2
117	68	6
118	68	3
120	68	8
121	68	1
122	68	10
123	68	6
124	68	2
125	68	6
126	68	7
127	68	3
128	68	10
129	68	5
130	68	5
132	68	9
133	68	7
134	68	2
135	68	10
136	68	4
137	68	8
138	68	2
139	68	6
140	68	8
141	68	3
142	68	5
143	68	1
144	68	7
145	68	9
146	68	1
147	68	9
148	68	2
149	68	2
150	68	5
151	68	10
152	68	2
153	68	1
154	68	5
155	68	5
156	68	1
157	68	6
158	68	1
159	68	9
160	68	5
161	68	7
162	68	7
163	68	3
164	68	8
165	68	4
166	68	3
167	68	6
168	68	1
169	68	2
0	69	9
1	69	3
2	69	8
3	69	3
4	69	3
5	69	2
6	69	6
7	69	8
8	69	7
9	69	2
10	69	1
11	69	7
12	69	5
13	69	2
14	69	2
15	69	6
16	69	9
17	69	6
18	69	1
19	69	8
20	69	1
21	69	1
22	69	8
23	69	10
24	69	4
25	69	8
26	69	3
27	69	7
28	69	4
29	69	6
30	69	6
31	69	4
32	69	10
33	69	9
34	69	10
35	69	10
36	69	5
37	69	10
38	69	7
39	69	6
40	69	3
41	69	3
42	69	10
43	69	4
44	69	8
45	69	3
46	69	10
47	69	9
48	69	8
49	69	8
50	69	7
51	69	1
52	69	1
53	69	7
54	69	9
56	69	5
57	69	8
58	69	4
59	69	3
60	69	7
61	69	3
63	69	6
64	69	9
65	69	8
66	69	10
67	69	7
68	69	2
69	69	6
70	69	7
71	69	10
72	69	10
73	69	8
74	69	5
75	69	8
76	69	3
77	69	10
78	69	8
79	69	4
80	69	5
81	69	6
82	69	9
84	69	3
85	69	8
86	69	6
88	69	4
89	69	1
90	69	9
91	69	4
92	69	6
93	69	1
94	69	9
95	69	1
96	69	3
98	69	5
99	69	1
100	69	1
102	69	9
103	69	8
104	69	8
105	69	3
106	69	1
107	69	2
108	69	4
109	69	5
110	69	9
111	69	2
112	69	1
113	69	10
114	69	4
115	69	6
117	69	4
118	69	8
119	69	3
120	69	9
122	69	9
123	69	1
124	69	1
125	69	9
126	69	7
127	69	5
128	69	1
129	69	5
130	69	7
131	69	8
132	69	9
134	69	9
136	69	7
137	69	10
139	69	2
141	69	5
142	69	5
143	69	9
144	69	3
145	69	3
146	69	2
147	69	3
148	69	7
149	69	3
150	69	1
151	69	10
153	69	10
154	69	10
155	69	1
156	69	4
157	69	5
158	69	7
159	69	10
160	69	1
161	69	6
162	69	1
163	69	7
164	69	3
165	69	8
166	69	5
167	69	1
0	70	8
1	70	9
2	70	10
3	70	5
4	70	10
5	70	4
6	70	7
7	70	1
8	70	3
9	70	5
10	70	3
12	70	1
13	70	9
14	70	1
17	70	8
18	70	9
19	70	10
20	70	2
21	70	3
22	70	4
23	70	9
24	70	9
25	70	3
26	70	6
27	70	6
28	70	7
29	70	2
30	70	6
31	70	7
32	70	8
33	70	5
34	70	1
35	70	10
37	70	9
38	70	3
39	70	1
42	70	8
43	70	10
44	70	3
45	70	10
46	70	10
47	70	3
48	70	2
50	70	3
51	70	6
52	70	7
54	70	4
55	70	8
56	70	6
57	70	2
58	70	4
59	70	3
60	70	10
61	70	4
63	70	6
64	70	4
65	70	8
66	70	4
67	70	6
68	70	10
69	70	4
70	70	3
71	70	10
72	70	6
73	70	2
74	70	10
76	70	4
77	70	9
78	70	1
79	70	7
80	70	9
81	70	9
82	70	2
83	70	2
84	70	7
85	70	8
86	70	2
87	70	4
89	70	2
90	70	3
91	70	3
92	70	2
93	70	9
94	70	1
95	70	8
97	70	3
98	70	8
99	70	4
100	70	6
101	70	9
102	70	7
103	70	5
104	70	6
105	70	9
106	70	8
107	70	9
108	70	7
109	70	8
111	70	1
112	70	10
113	70	6
114	70	6
115	70	4
116	70	3
117	70	9
119	70	1
120	70	4
121	70	9
122	70	3
123	70	6
124	70	6
125	70	6
126	70	9
127	70	6
128	70	2
129	70	7
130	70	7
131	70	4
133	70	3
134	70	2
135	70	1
136	70	10
137	70	5
138	70	8
139	70	8
140	70	4
141	70	6
142	70	1
143	70	8
144	70	3
145	70	3
146	70	9
147	70	6
148	70	4
150	70	7
151	70	6
152	70	1
153	70	5
154	70	6
155	70	10
156	70	9
157	70	8
158	70	3
159	70	3
160	70	3
161	70	2
162	70	7
163	70	1
164	70	6
165	70	8
0	71	7
1	71	5
2	71	1
3	71	9
5	71	2
6	71	10
7	71	7
8	71	2
9	71	5
10	71	1
11	71	5
12	71	2
14	71	10
15	71	2
16	71	7
17	71	1
18	71	2
19	71	9
20	71	1
21	71	3
22	71	4
24	71	7
26	71	4
27	71	2
28	71	7
29	71	8
30	71	5
31	71	1
33	71	10
34	71	3
35	71	3
36	71	10
37	71	8
38	71	1
39	71	9
40	71	2
41	71	6
42	71	9
43	71	5
44	71	2
45	71	9
46	71	5
47	71	10
48	71	3
49	71	8
50	71	6
51	71	3
52	71	1
53	71	3
54	71	2
55	71	5
56	71	10
57	71	9
58	71	8
59	71	4
60	71	1
61	71	4
62	71	10
63	71	2
64	71	6
65	71	1
66	71	9
68	71	4
69	71	1
70	71	8
71	71	5
72	71	6
73	71	1
74	71	6
75	71	9
76	71	6
77	71	6
78	71	2
80	71	5
81	71	9
82	71	8
84	71	3
85	71	5
86	71	5
88	71	9
89	71	5
90	71	1
91	71	10
92	71	10
93	71	6
94	71	3
95	71	10
96	71	8
97	71	9
100	71	4
101	71	9
102	71	4
103	71	9
104	71	5
105	71	6
106	71	1
107	71	6
108	71	6
109	71	10
110	71	6
111	71	7
112	71	10
113	71	2
114	71	3
115	71	3
116	71	3
118	71	5
119	71	6
120	71	7
121	71	2
122	71	5
123	71	10
125	71	3
126	71	8
127	71	4
128	71	8
129	71	2
130	71	1
131	71	7
132	71	7
133	71	7
134	71	10
135	71	10
136	71	8
137	71	3
138	71	7
139	71	3
140	71	3
141	71	8
142	71	7
143	71	3
145	71	6
146	71	4
147	71	10
148	71	4
149	71	6
150	71	6
151	71	1
153	71	1
154	71	1
155	71	1
156	71	5
158	71	7
159	71	10
160	71	4
161	71	1
162	71	7
163	71	7
0	72	9
2	72	3
3	72	7
4	72	9
5	72	5
6	72	6
7	72	9
8	72	5
9	72	2
10	72	7
11	72	9
12	72	7
13	72	1
14	72	8
15	72	2
16	72	8
17	72	7
19	72	2
20	72	10
21	72	9
22	72	4
23	72	1
24	72	3
25	72	1
26	72	3
27	72	4
28	72	7
29	72	1
30	72	10
31	72	2
32	72	2
33	72	5
34	72	6
36	72	4
37	72	1
38	72	5
39	72	9
40	72	1
41	72	8
43	72	6
44	72	5
45	72	6
46	72	6
47	72	9
48	72	6
49	72	10
50	72	10
51	72	5
52	72	5
53	72	4
54	72	8
55	72	3
56	72	6
57	72	2
58	72	10
59	72	1
60	72	5
61	72	1
62	72	2
63	72	10
64	72	10
65	72	9
66	72	10
67	72	9
68	72	4
69	72	5
70	72	3
71	72	2
72	72	1
73	72	5
74	72	10
75	72	5
77	72	5
79	72	10
81	72	3
82	72	8
83	72	5
84	72	4
85	72	3
87	72	1
88	72	8
89	72	9
90	72	10
91	72	2
92	72	6
93	72	6
94	72	5
95	72	1
96	72	6
97	72	5
98	72	5
99	72	9
101	72	9
102	72	6
103	72	2
104	72	8
105	72	10
106	72	2
107	72	1
108	72	10
109	72	8
111	72	6
112	72	6
113	72	1
114	72	8
115	72	6
116	72	3
117	72	10
118	72	7
119	72	1
120	72	9
121	72	9
122	72	7
123	72	9
124	72	7
125	72	1
126	72	3
127	72	4
128	72	3
129	72	2
130	72	4
131	72	6
134	72	5
135	72	7
136	72	6
137	72	8
138	72	10
139	72	4
140	72	5
141	72	3
142	72	6
144	72	8
145	72	6
146	72	8
147	72	2
149	72	3
150	72	1
151	72	2
152	72	7
153	72	1
154	72	8
155	72	6
156	72	2
157	72	7
158	72	8
159	72	3
160	72	5
161	72	10
0	73	3
1	73	5
2	73	7
3	73	3
4	73	7
5	73	3
6	73	7
7	73	3
8	73	5
9	73	7
10	73	8
12	73	9
13	73	4
14	73	6
15	73	6
16	73	3
17	73	2
18	73	3
19	73	9
20	73	10
21	73	5
22	73	6
23	73	8
24	73	10
25	73	1
26	73	5
27	73	4
28	73	8
29	73	10
30	73	10
31	73	3
32	73	1
33	73	5
35	73	6
36	73	7
37	73	7
38	73	9
39	73	8
40	73	4
41	73	2
42	73	6
43	73	5
44	73	4
45	73	5
46	73	7
47	73	5
48	73	9
49	73	10
50	73	1
51	73	3
52	73	10
53	73	7
55	73	1
56	73	10
57	73	9
58	73	3
59	73	2
60	73	7
61	73	5
62	73	9
63	73	6
64	73	5
65	73	4
68	73	10
69	73	8
72	73	6
73	73	7
74	73	1
75	73	5
77	73	2
78	73	3
79	73	10
80	73	5
81	73	8
82	73	3
83	73	9
85	73	7
86	73	4
87	73	1
88	73	5
89	73	2
90	73	5
91	73	8
92	73	3
93	73	2
94	73	10
95	73	10
96	73	4
97	73	7
98	73	2
99	73	5
100	73	2
101	73	5
102	73	3
103	73	2
104	73	2
105	73	1
106	73	3
107	73	7
108	73	3
109	73	3
110	73	4
111	73	6
112	73	8
113	73	3
114	73	5
115	73	7
116	73	1
117	73	2
118	73	10
119	73	6
120	73	9
121	73	6
122	73	4
123	73	6
124	73	2
125	73	2
126	73	4
127	73	5
129	73	9
130	73	10
131	73	7
132	73	10
133	73	6
134	73	2
135	73	1
136	73	9
137	73	5
138	73	7
139	73	2
140	73	3
141	73	9
142	73	9
143	73	2
144	73	2
145	73	10
146	73	2
147	73	5
148	73	4
149	73	6
150	73	8
151	73	8
152	73	2
153	73	10
154	73	6
155	73	9
156	73	4
157	73	4
158	73	2
159	73	7
0	74	6
1	74	4
2	74	5
3	74	2
5	74	8
6	74	3
7	74	1
8	74	1
9	74	8
10	74	4
11	74	2
12	74	3
13	74	9
14	74	6
15	74	9
16	74	5
17	74	5
18	74	8
19	74	10
20	74	7
21	74	4
22	74	1
23	74	4
25	74	8
26	74	1
27	74	5
28	74	3
29	74	1
30	74	5
32	74	9
33	74	8
34	74	10
35	74	7
36	74	6
37	74	1
38	74	6
39	74	1
41	74	5
42	74	5
43	74	6
44	74	4
45	74	10
46	74	2
47	74	10
48	74	7
49	74	5
50	74	6
51	74	6
52	74	10
53	74	8
54	74	1
55	74	2
56	74	3
57	74	3
58	74	8
59	74	1
60	74	3
61	74	4
62	74	6
65	74	8
66	74	9
67	74	1
68	74	6
69	74	9
70	74	9
71	74	3
72	74	1
73	74	9
74	74	2
75	74	4
76	74	6
77	74	8
78	74	2
79	74	3
80	74	7
81	74	2
82	74	4
83	74	8
84	74	6
85	74	9
86	74	5
87	74	4
88	74	3
89	74	3
90	74	6
91	74	8
92	74	6
93	74	7
94	74	2
95	74	6
96	74	2
97	74	1
99	74	10
101	74	1
102	74	6
103	74	4
104	74	1
105	74	8
106	74	8
107	74	1
108	74	10
109	74	9
110	74	2
111	74	3
112	74	3
113	74	2
114	74	2
115	74	10
116	74	4
117	74	5
118	74	2
119	74	1
120	74	1
121	74	1
122	74	4
123	74	7
124	74	2
127	74	1
128	74	7
129	74	6
130	74	8
131	74	7
132	74	2
133	74	3
134	74	8
135	74	5
136	74	2
138	74	9
140	74	2
141	74	9
142	74	2
143	74	6
144	74	1
145	74	9
146	74	10
147	74	10
148	74	1
149	74	5
150	74	4
151	74	10
152	74	5
153	74	10
155	74	7
156	74	8
157	74	6
0	75	9
1	75	8
2	75	3
3	75	8
5	75	3
6	75	1
7	75	1
8	75	8
9	75	8
10	75	5
11	75	1
12	75	9
13	75	7
14	75	10
15	75	5
16	75	10
17	75	8
18	75	1
19	75	4
20	75	2
21	75	6
22	75	6
23	75	7
24	75	5
25	75	10
26	75	6
27	75	4
28	75	3
29	75	7
30	75	10
31	75	5
33	75	8
34	75	3
35	75	3
36	75	9
37	75	4
38	75	1
39	75	4
40	75	9
41	75	1
42	75	10
43	75	1
44	75	1
45	75	3
46	75	9
47	75	8
48	75	9
49	75	6
50	75	4
51	75	10
52	75	4
53	75	6
54	75	6
55	75	10
56	75	7
57	75	4
58	75	7
59	75	6
60	75	8
61	75	9
62	75	10
63	75	10
64	75	1
65	75	10
66	75	10
67	75	10
68	75	9
69	75	2
70	75	5
71	75	2
72	75	8
73	75	2
74	75	9
75	75	4
76	75	4
77	75	6
78	75	10
79	75	10
80	75	1
81	75	2
82	75	1
84	75	2
85	75	7
86	75	4
87	75	8
88	75	4
89	75	9
93	75	2
94	75	6
95	75	9
96	75	8
97	75	2
98	75	8
99	75	8
100	75	10
102	75	1
103	75	2
104	75	10
105	75	4
106	75	6
107	75	2
108	75	1
109	75	5
110	75	1
111	75	3
112	75	10
113	75	9
114	75	4
115	75	8
116	75	5
118	75	7
119	75	2
120	75	6
121	75	7
122	75	8
123	75	8
124	75	10
125	75	6
127	75	1
128	75	5
129	75	8
130	75	3
131	75	6
132	75	7
135	75	1
136	75	5
137	75	5
138	75	2
139	75	6
140	75	6
141	75	1
142	75	5
143	75	1
144	75	10
146	75	8
147	75	5
148	75	8
149	75	1
150	75	10
151	75	2
152	75	3
154	75	7
155	75	1
0	76	8
1	76	6
2	76	4
3	76	9
4	76	9
5	76	8
6	76	8
7	76	5
9	76	6
10	76	1
11	76	9
12	76	7
13	76	10
14	76	4
16	76	1
17	76	10
18	76	3
19	76	5
20	76	2
21	76	7
22	76	1
24	76	4
25	76	4
26	76	10
27	76	6
28	76	10
29	76	6
30	76	9
31	76	7
32	76	5
33	76	2
34	76	5
35	76	8
36	76	2
37	76	10
38	76	10
39	76	9
40	76	7
41	76	5
42	76	3
43	76	3
44	76	5
45	76	6
46	76	9
47	76	5
48	76	10
50	76	8
51	76	7
52	76	7
53	76	2
54	76	1
55	76	9
56	76	8
57	76	5
58	76	1
59	76	2
60	76	2
61	76	8
62	76	2
63	76	8
64	76	8
66	76	9
67	76	7
68	76	4
69	76	2
70	76	9
71	76	8
72	76	1
73	76	5
74	76	6
75	76	5
76	76	6
77	76	4
79	76	9
80	76	9
81	76	10
82	76	4
83	76	5
84	76	9
85	76	8
86	76	1
87	76	5
88	76	9
89	76	7
91	76	7
92	76	7
94	76	5
95	76	10
97	76	2
98	76	9
99	76	8
100	76	9
101	76	2
102	76	1
103	76	2
104	76	2
105	76	7
106	76	5
107	76	7
108	76	1
109	76	6
110	76	1
111	76	4
112	76	7
113	76	3
114	76	6
115	76	1
116	76	6
117	76	8
118	76	3
119	76	6
120	76	6
121	76	3
122	76	8
123	76	5
124	76	9
126	76	3
127	76	2
129	76	7
130	76	10
131	76	5
132	76	9
133	76	9
134	76	10
135	76	1
136	76	4
137	76	7
138	76	8
139	76	2
140	76	3
141	76	5
142	76	8
143	76	1
144	76	9
145	76	2
147	76	5
148	76	10
149	76	4
150	76	1
151	76	3
152	76	10
153	76	6
0	77	10
1	77	1
2	77	9
3	77	4
4	77	3
5	77	10
6	77	2
8	77	2
9	77	7
10	77	9
11	77	7
12	77	10
13	77	9
14	77	2
15	77	9
16	77	1
17	77	6
18	77	2
19	77	2
21	77	10
22	77	4
23	77	7
24	77	9
25	77	3
26	77	8
28	77	9
29	77	6
30	77	10
31	77	10
32	77	8
33	77	1
34	77	8
35	77	2
36	77	8
37	77	2
39	77	8
40	77	2
41	77	2
42	77	10
43	77	6
44	77	5
45	77	10
46	77	5
47	77	8
48	77	7
49	77	10
50	77	6
51	77	4
52	77	2
53	77	3
54	77	7
56	77	8
57	77	2
58	77	1
59	77	4
60	77	7
61	77	6
62	77	8
63	77	2
64	77	5
65	77	5
67	77	9
68	77	4
69	77	6
70	77	8
72	77	7
73	77	5
74	77	3
75	77	3
76	77	5
77	77	1
78	77	3
79	77	1
80	77	1
81	77	4
82	77	5
83	77	9
85	77	9
86	77	10
87	77	5
88	77	10
89	77	4
90	77	1
91	77	2
92	77	8
94	77	1
95	77	8
96	77	4
97	77	6
98	77	2
99	77	2
100	77	10
102	77	9
103	77	1
104	77	1
105	77	7
106	77	7
108	77	6
109	77	3
110	77	8
111	77	1
112	77	2
113	77	5
114	77	7
115	77	1
116	77	1
117	77	9
118	77	8
119	77	6
120	77	6
122	77	7
123	77	7
125	77	5
126	77	8
127	77	9
128	77	7
129	77	2
130	77	5
132	77	2
133	77	8
134	77	1
135	77	5
136	77	6
137	77	3
138	77	3
139	77	4
140	77	7
141	77	4
142	77	10
143	77	7
144	77	10
145	77	7
146	77	4
147	77	10
148	77	3
149	77	7
150	77	2
151	77	5
0	78	5
1	78	4
2	78	3
3	78	7
4	78	4
5	78	4
6	78	9
7	78	4
8	78	4
9	78	7
10	78	10
11	78	3
13	78	7
14	78	3
15	78	4
16	78	3
17	78	9
18	78	9
19	78	5
20	78	10
21	78	7
22	78	3
23	78	4
24	78	8
25	78	1
26	78	7
27	78	4
29	78	8
30	78	4
31	78	8
33	78	7
34	78	5
37	78	6
38	78	10
40	78	9
41	78	9
42	78	9
43	78	10
44	78	7
45	78	3
46	78	8
47	78	10
48	78	5
51	78	7
52	78	6
53	78	10
54	78	2
56	78	9
57	78	2
58	78	7
59	78	10
60	78	2
61	78	1
62	78	3
63	78	8
64	78	10
65	78	10
66	78	9
67	78	6
68	78	1
69	78	9
70	78	2
71	78	3
72	78	1
73	78	10
74	78	3
75	78	6
76	78	5
77	78	5
78	78	4
79	78	7
80	78	10
81	78	8
82	78	1
83	78	4
84	78	9
85	78	2
86	78	10
87	78	1
88	78	4
89	78	2
90	78	5
91	78	9
92	78	2
93	78	1
94	78	6
95	78	5
96	78	2
97	78	7
98	78	3
99	78	7
100	78	3
101	78	3
102	78	6
103	78	2
105	78	10
106	78	2
107	78	8
108	78	10
109	78	5
110	78	9
112	78	1
113	78	2
115	78	10
116	78	9
117	78	10
118	78	6
119	78	1
120	78	1
121	78	2
122	78	9
123	78	6
124	78	4
125	78	10
126	78	2
127	78	10
128	78	5
129	78	8
130	78	3
131	78	2
132	78	6
133	78	6
134	78	6
135	78	5
137	78	7
138	78	10
139	78	9
141	78	6
143	78	3
144	78	2
145	78	7
146	78	7
147	78	2
148	78	10
0	79	7
1	79	8
3	79	4
4	79	4
5	79	8
6	79	3
7	79	7
8	79	1
9	79	3
10	79	7
11	79	2
12	79	2
13	79	2
14	79	10
15	79	4
18	79	1
19	79	4
21	79	10
22	79	2
23	79	7
25	79	1
26	79	3
27	79	7
28	79	5
29	79	3
30	79	4
32	79	2
33	79	5
34	79	8
35	79	4
37	79	9
38	79	9
40	79	1
42	79	3
43	79	7
44	79	8
45	79	6
46	79	3
47	79	3
48	79	8
49	79	9
50	79	2
51	79	2
52	79	4
53	79	5
54	79	2
55	79	6
56	79	8
57	79	4
58	79	6
59	79	10
60	79	2
61	79	9
62	79	5
63	79	1
67	79	10
70	79	5
71	79	1
73	79	7
74	79	9
75	79	1
76	79	5
77	79	1
78	79	5
79	79	1
80	79	2
81	79	5
82	79	10
83	79	9
84	79	1
86	79	2
87	79	5
88	79	3
89	79	5
90	79	6
91	79	2
92	79	3
93	79	5
95	79	7
96	79	2
97	79	4
98	79	8
99	79	2
101	79	3
102	79	8
103	79	7
104	79	7
105	79	5
107	79	1
108	79	2
109	79	3
110	79	9
111	79	4
112	79	9
113	79	10
114	79	10
115	79	5
116	79	8
117	79	4
118	79	7
119	79	4
120	79	3
121	79	3
122	79	1
123	79	2
125	79	5
126	79	9
127	79	8
128	79	1
129	79	5
130	79	6
131	79	9
132	79	5
133	79	10
134	79	2
135	79	1
137	79	1
139	79	3
140	79	4
141	79	5
142	79	10
143	79	4
144	79	10
145	79	10
146	79	5
147	79	10
0	80	6
1	80	5
2	80	6
3	80	7
4	80	6
5	80	1
6	80	5
7	80	5
8	80	4
9	80	5
10	80	2
11	80	4
12	80	3
13	80	7
14	80	6
15	80	10
16	80	3
17	80	6
18	80	3
19	80	1
20	80	2
21	80	3
22	80	10
23	80	1
24	80	6
25	80	3
26	80	8
27	80	8
28	80	3
29	80	6
30	80	1
31	80	6
32	80	3
33	80	10
34	80	6
35	80	4
36	80	6
37	80	3
38	80	9
39	80	8
40	80	9
41	80	5
42	80	8
43	80	9
44	80	1
45	80	1
46	80	6
47	80	3
48	80	9
49	80	2
50	80	2
51	80	9
52	80	6
53	80	4
54	80	6
55	80	5
56	80	2
57	80	8
58	80	4
59	80	1
60	80	8
61	80	2
62	80	9
63	80	10
65	80	4
66	80	5
68	80	1
69	80	10
70	80	6
71	80	3
72	80	3
73	80	10
75	80	2
76	80	2
77	80	1
78	80	3
79	80	6
80	80	8
81	80	2
82	80	1
83	80	5
84	80	9
85	80	4
86	80	2
87	80	4
88	80	7
89	80	8
90	80	7
91	80	5
92	80	4
93	80	5
94	80	6
95	80	3
96	80	8
98	80	2
100	80	5
101	80	7
102	80	5
103	80	4
104	80	2
105	80	4
106	80	2
107	80	1
108	80	9
109	80	4
110	80	6
111	80	1
112	80	4
113	80	4
114	80	3
116	80	3
117	80	3
118	80	7
120	80	10
122	80	4
123	80	2
124	80	1
125	80	1
126	80	6
127	80	10
128	80	1
129	80	2
130	80	5
131	80	8
132	80	2
133	80	9
134	80	2
135	80	5
136	80	9
137	80	7
138	80	1
139	80	6
140	80	7
141	80	10
142	80	2
143	80	5
144	80	7
145	80	1
1	81	1
2	81	5
3	81	1
4	81	5
5	81	2
6	81	6
7	81	3
8	81	4
9	81	4
11	81	4
12	81	1
13	81	6
14	81	2
15	81	4
16	81	8
17	81	6
18	81	8
19	81	2
20	81	3
21	81	1
22	81	1
23	81	10
25	81	7
26	81	7
27	81	4
29	81	9
30	81	5
32	81	3
33	81	2
34	81	9
35	81	10
36	81	10
37	81	3
38	81	6
39	81	4
40	81	6
41	81	6
42	81	9
43	81	10
44	81	10
45	81	3
46	81	3
48	81	10
49	81	8
50	81	9
51	81	9
52	81	6
54	81	10
55	81	10
56	81	5
57	81	8
58	81	9
60	81	7
61	81	2
62	81	10
63	81	2
64	81	9
65	81	4
66	81	8
67	81	10
68	81	1
69	81	10
70	81	1
71	81	1
72	81	2
73	81	3
74	81	10
75	81	1
76	81	6
77	81	8
78	81	6
79	81	4
80	81	1
81	81	2
82	81	4
83	81	5
84	81	9
85	81	6
86	81	9
87	81	3
88	81	4
90	81	1
91	81	7
92	81	1
94	81	1
95	81	1
97	81	10
98	81	7
99	81	4
100	81	4
101	81	3
102	81	4
103	81	6
104	81	4
105	81	8
106	81	6
107	81	2
109	81	2
110	81	9
111	81	2
112	81	1
113	81	6
114	81	5
116	81	3
117	81	9
118	81	1
119	81	2
120	81	5
121	81	10
122	81	2
123	81	3
124	81	9
125	81	8
126	81	7
127	81	6
128	81	2
129	81	1
130	81	9
131	81	9
132	81	6
134	81	8
135	81	5
136	81	8
137	81	10
138	81	2
139	81	5
140	81	10
141	81	5
142	81	1
143	81	7
0	82	10
1	82	1
2	82	1
3	82	1
4	82	2
5	82	5
6	82	8
7	82	4
8	82	8
9	82	8
10	82	1
11	82	2
12	82	4
13	82	8
14	82	3
15	82	4
16	82	9
17	82	5
18	82	7
19	82	2
20	82	3
21	82	2
23	82	6
24	82	3
25	82	4
26	82	10
27	82	1
28	82	4
30	82	10
31	82	10
32	82	4
34	82	1
35	82	3
36	82	10
37	82	5
38	82	2
39	82	9
40	82	9
41	82	6
42	82	5
43	82	5
44	82	7
45	82	10
46	82	2
47	82	8
48	82	5
49	82	9
51	82	9
52	82	9
53	82	8
54	82	2
55	82	2
56	82	6
57	82	6
58	82	4
59	82	9
60	82	1
61	82	1
62	82	9
63	82	8
64	82	2
65	82	2
66	82	1
67	82	2
68	82	6
69	82	6
70	82	10
71	82	7
72	82	7
74	82	8
75	82	9
76	82	6
77	82	5
78	82	10
79	82	7
80	82	9
82	82	1
83	82	10
84	82	6
85	82	2
86	82	3
87	82	1
88	82	5
89	82	3
90	82	8
91	82	1
92	82	6
93	82	1
94	82	3
95	82	5
96	82	4
97	82	9
98	82	7
99	82	6
100	82	1
102	82	5
103	82	6
104	82	9
105	82	3
106	82	7
107	82	3
108	82	6
109	82	1
110	82	8
111	82	6
112	82	5
113	82	7
115	82	10
116	82	4
117	82	2
118	82	6
119	82	4
120	82	10
121	82	8
122	82	6
123	82	4
124	82	9
125	82	8
126	82	1
127	82	7
128	82	3
129	82	7
130	82	2
132	82	5
133	82	2
134	82	5
135	82	2
136	82	1
137	82	9
138	82	2
139	82	1
140	82	2
141	82	1
0	83	7
1	83	3
2	83	7
3	83	5
4	83	1
6	83	5
7	83	4
8	83	2
9	83	10
10	83	10
11	83	10
12	83	4
13	83	1
14	83	7
15	83	4
16	83	7
17	83	9
18	83	4
19	83	1
20	83	1
21	83	4
22	83	9
23	83	10
24	83	2
27	83	3
28	83	2
29	83	9
30	83	2
32	83	7
33	83	5
34	83	4
35	83	7
36	83	2
37	83	1
38	83	6
39	83	6
40	83	7
41	83	9
42	83	2
43	83	6
44	83	1
45	83	4
46	83	5
47	83	3
48	83	9
49	83	10
50	83	9
51	83	8
52	83	9
53	83	8
54	83	6
55	83	5
56	83	2
57	83	8
58	83	9
59	83	1
60	83	10
62	83	8
63	83	4
65	83	6
66	83	2
67	83	4
68	83	4
69	83	6
70	83	5
71	83	1
72	83	10
73	83	9
74	83	8
75	83	1
77	83	2
78	83	9
80	83	6
81	83	4
82	83	3
83	83	2
85	83	2
86	83	2
87	83	3
88	83	7
89	83	4
90	83	10
91	83	7
92	83	7
93	83	5
94	83	2
95	83	3
96	83	2
97	83	10
98	83	6
99	83	4
100	83	6
101	83	1
104	83	4
105	83	10
106	83	6
107	83	4
108	83	10
109	83	5
110	83	2
111	83	4
112	83	2
113	83	3
114	83	1
115	83	8
116	83	3
118	83	6
119	83	5
120	83	1
121	83	3
122	83	7
123	83	1
124	83	8
125	83	8
126	83	8
129	83	9
130	83	9
131	83	10
132	83	9
133	83	4
134	83	4
135	83	2
136	83	6
138	83	4
139	83	9
0	84	2
1	84	5
2	84	9
3	84	6
4	84	8
5	84	7
6	84	5
7	84	10
8	84	6
9	84	5
10	84	4
11	84	3
12	84	3
13	84	9
14	84	5
15	84	2
16	84	6
17	84	10
18	84	1
19	84	6
20	84	6
21	84	3
23	84	9
24	84	4
26	84	4
27	84	4
28	84	4
29	84	6
30	84	8
31	84	10
32	84	3
33	84	9
34	84	10
35	84	1
36	84	1
37	84	10
38	84	5
39	84	6
40	84	8
41	84	8
42	84	7
43	84	3
44	84	7
45	84	3
46	84	5
47	84	3
48	84	5
49	84	9
50	84	7
51	84	2
52	84	7
53	84	4
54	84	8
55	84	4
57	84	2
59	84	9
60	84	8
61	84	8
62	84	9
63	84	3
64	84	3
65	84	7
66	84	1
67	84	6
68	84	1
70	84	8
71	84	8
72	84	4
73	84	3
74	84	2
75	84	9
76	84	7
77	84	1
78	84	1
79	84	7
80	84	7
82	84	5
83	84	5
84	84	10
86	84	8
87	84	9
88	84	3
89	84	6
90	84	10
91	84	7
92	84	5
93	84	7
94	84	4
95	84	7
96	84	4
97	84	3
98	84	2
99	84	5
100	84	3
101	84	5
102	84	5
103	84	8
104	84	5
105	84	8
106	84	8
107	84	3
108	84	10
109	84	6
110	84	6
111	84	6
112	84	5
113	84	2
114	84	8
115	84	9
116	84	5
117	84	10
118	84	2
119	84	4
120	84	4
121	84	8
122	84	5
123	84	3
124	84	3
125	84	9
126	84	5
127	84	8
128	84	10
129	84	8
130	84	9
131	84	10
133	84	8
134	84	9
135	84	1
136	84	7
137	84	7
0	85	2
1	85	6
2	85	1
3	85	7
4	85	9
5	85	10
6	85	5
7	85	9
8	85	1
9	85	5
10	85	2
11	85	2
12	85	4
13	85	5
14	85	3
15	85	1
16	85	2
17	85	1
18	85	1
19	85	6
20	85	4
21	85	5
22	85	4
23	85	5
24	85	6
25	85	4
26	85	2
27	85	1
28	85	9
29	85	9
30	85	10
31	85	9
32	85	6
33	85	10
34	85	6
36	85	7
37	85	7
38	85	3
39	85	3
41	85	10
42	85	5
43	85	4
44	85	6
45	85	1
46	85	8
47	85	4
49	85	5
50	85	8
51	85	7
52	85	7
53	85	6
55	85	6
56	85	4
57	85	6
58	85	3
59	85	9
60	85	1
61	85	1
62	85	7
64	85	7
65	85	3
66	85	3
67	85	7
68	85	5
70	85	2
72	85	6
74	85	4
76	85	10
77	85	4
78	85	10
79	85	7
80	85	10
81	85	9
82	85	7
83	85	5
84	85	1
85	85	6
86	85	8
87	85	10
88	85	6
89	85	8
90	85	4
91	85	4
92	85	9
93	85	6
94	85	6
95	85	4
96	85	1
97	85	3
98	85	8
99	85	3
100	85	3
101	85	4
102	85	10
103	85	8
104	85	9
105	85	9
107	85	1
108	85	1
109	85	3
110	85	10
111	85	10
112	85	1
113	85	8
114	85	5
115	85	6
116	85	7
117	85	6
118	85	3
119	85	1
120	85	8
121	85	3
122	85	1
124	85	2
125	85	7
126	85	8
127	85	8
128	85	8
129	85	7
130	85	6
131	85	4
132	85	5
133	85	1
134	85	7
135	85	3
1	86	4
2	86	6
3	86	7
4	86	7
6	86	9
7	86	6
8	86	3
9	86	9
10	86	2
11	86	7
12	86	3
13	86	1
14	86	7
15	86	8
16	86	4
18	86	8
19	86	2
20	86	2
21	86	5
22	86	5
23	86	1
24	86	7
25	86	9
26	86	9
28	86	8
29	86	5
30	86	9
31	86	7
32	86	5
33	86	4
35	86	2
36	86	4
37	86	7
38	86	1
39	86	7
40	86	2
41	86	8
42	86	4
43	86	1
44	86	4
46	86	7
47	86	3
48	86	10
49	86	8
50	86	5
51	86	3
52	86	7
53	86	7
54	86	7
55	86	5
57	86	10
58	86	10
59	86	10
60	86	1
62	86	6
63	86	3
64	86	7
65	86	6
66	86	7
67	86	4
68	86	3
69	86	10
70	86	7
71	86	5
72	86	4
73	86	1
74	86	9
75	86	2
76	86	7
78	86	7
79	86	4
81	86	3
82	86	9
83	86	5
84	86	4
85	86	5
86	86	10
87	86	2
88	86	1
89	86	8
90	86	7
91	86	4
92	86	6
94	86	9
95	86	1
96	86	9
97	86	1
98	86	3
99	86	10
101	86	3
103	86	8
104	86	8
105	86	4
106	86	3
107	86	3
108	86	4
109	86	4
110	86	10
112	86	10
113	86	5
114	86	4
115	86	2
116	86	9
117	86	9
118	86	2
119	86	3
120	86	5
121	86	6
122	86	6
123	86	3
124	86	1
125	86	10
126	86	6
127	86	4
128	86	10
129	86	9
132	86	7
133	86	6
0	87	2
1	87	4
2	87	1
3	87	1
4	87	9
5	87	9
6	87	10
7	87	8
8	87	2
9	87	3
10	87	4
11	87	5
12	87	3
13	87	9
14	87	3
15	87	10
16	87	4
17	87	1
18	87	3
19	87	1
22	87	6
23	87	2
24	87	1
25	87	2
26	87	7
27	87	1
28	87	8
29	87	9
30	87	2
31	87	2
32	87	3
33	87	8
34	87	3
35	87	7
36	87	2
37	87	7
39	87	8
40	87	9
42	87	10
43	87	1
44	87	4
45	87	8
46	87	3
47	87	8
48	87	2
49	87	7
50	87	7
51	87	1
52	87	6
53	87	2
54	87	2
55	87	1
56	87	2
57	87	4
58	87	6
59	87	5
60	87	5
61	87	6
63	87	4
64	87	2
65	87	4
66	87	1
67	87	7
68	87	7
69	87	4
72	87	1
73	87	1
74	87	7
76	87	2
77	87	5
78	87	8
79	87	6
80	87	9
81	87	7
82	87	6
83	87	2
84	87	6
85	87	3
86	87	3
87	87	5
88	87	1
89	87	4
90	87	10
92	87	2
93	87	3
94	87	5
95	87	10
96	87	2
97	87	8
99	87	6
100	87	6
101	87	9
102	87	4
103	87	4
104	87	9
105	87	10
106	87	5
107	87	3
108	87	4
109	87	8
110	87	1
111	87	10
112	87	4
114	87	10
115	87	1
116	87	10
117	87	10
118	87	5
119	87	7
120	87	3
121	87	1
122	87	5
124	87	8
125	87	5
126	87	6
127	87	3
128	87	8
129	87	2
130	87	9
131	87	3
0	88	5
1	88	8
2	88	1
3	88	1
4	88	1
5	88	5
6	88	2
7	88	3
8	88	9
9	88	5
10	88	6
11	88	1
12	88	1
13	88	10
15	88	9
16	88	3
17	88	9
18	88	1
20	88	7
21	88	8
22	88	8
23	88	10
24	88	2
25	88	3
26	88	8
27	88	9
29	88	8
30	88	8
31	88	5
32	88	6
33	88	5
34	88	1
35	88	4
36	88	1
37	88	4
38	88	2
39	88	4
40	88	4
42	88	2
43	88	4
44	88	9
46	88	9
47	88	6
48	88	7
49	88	4
50	88	2
51	88	7
52	88	7
53	88	5
54	88	10
56	88	8
57	88	4
58	88	10
59	88	6
60	88	5
61	88	1
62	88	9
63	88	2
64	88	8
65	88	5
66	88	10
67	88	4
68	88	3
69	88	5
70	88	2
71	88	2
72	88	7
73	88	9
74	88	3
75	88	7
76	88	9
77	88	8
78	88	2
79	88	5
80	88	2
81	88	3
82	88	2
83	88	8
84	88	1
85	88	10
86	88	2
87	88	9
88	88	8
89	88	6
90	88	5
91	88	4
92	88	8
93	88	1
94	88	10
95	88	6
97	88	3
98	88	1
100	88	4
101	88	10
102	88	10
103	88	10
104	88	3
105	88	9
106	88	8
107	88	2
108	88	1
110	88	6
111	88	6
112	88	9
113	88	5
114	88	2
115	88	6
116	88	4
117	88	6
118	88	10
119	88	9
120	88	2
121	88	10
122	88	8
123	88	9
125	88	2
126	88	1
127	88	4
128	88	1
129	88	1
0	89	10
1	89	7
2	89	3
3	89	5
4	89	10
5	89	4
6	89	8
7	89	10
9	89	5
10	89	9
11	89	1
12	89	5
13	89	10
14	89	4
15	89	4
16	89	7
17	89	8
18	89	4
19	89	2
20	89	1
21	89	4
22	89	2
24	89	5
27	89	4
29	89	4
31	89	5
32	89	2
33	89	2
34	89	7
37	89	10
38	89	7
39	89	7
40	89	7
41	89	5
42	89	5
43	89	8
44	89	7
45	89	7
46	89	2
47	89	1
48	89	6
49	89	4
50	89	6
51	89	3
52	89	7
54	89	7
55	89	7
56	89	9
57	89	10
58	89	5
59	89	4
60	89	6
63	89	9
64	89	2
65	89	9
66	89	4
68	89	9
69	89	8
70	89	2
72	89	8
73	89	6
74	89	2
75	89	7
76	89	4
77	89	5
78	89	9
80	89	9
81	89	4
82	89	9
83	89	7
84	89	8
85	89	10
86	89	8
87	89	6
89	89	5
90	89	8
91	89	3
92	89	7
93	89	5
94	89	10
95	89	4
96	89	2
99	89	3
100	89	9
101	89	10
102	89	5
103	89	10
104	89	3
105	89	6
106	89	3
107	89	7
108	89	9
109	89	1
111	89	9
112	89	8
114	89	8
115	89	5
116	89	1
117	89	4
118	89	7
120	89	1
121	89	3
122	89	10
123	89	3
124	89	7
125	89	2
126	89	4
0	90	8
1	90	8
2	90	3
3	90	8
4	90	6
5	90	3
6	90	10
7	90	9
8	90	9
9	90	7
10	90	4
11	90	7
12	90	10
13	90	8
14	90	8
15	90	7
16	90	10
18	90	5
19	90	6
20	90	3
21	90	4
22	90	2
23	90	9
24	90	2
25	90	3
26	90	7
28	90	9
29	90	3
30	90	4
31	90	7
32	90	3
33	90	6
34	90	3
35	90	2
36	90	8
37	90	3
38	90	4
40	90	5
41	90	5
42	90	1
43	90	10
44	90	10
45	90	6
46	90	9
47	90	7
48	90	10
50	90	2
51	90	5
52	90	9
53	90	3
54	90	7
55	90	2
56	90	8
57	90	2
58	90	7
59	90	3
60	90	10
61	90	9
62	90	6
63	90	8
64	90	7
65	90	4
66	90	3
67	90	7
68	90	2
69	90	7
70	90	10
71	90	9
72	90	4
73	90	6
74	90	3
76	90	10
78	90	6
79	90	1
80	90	6
81	90	1
82	90	7
83	90	9
84	90	10
85	90	4
86	90	5
87	90	7
88	90	9
89	90	9
90	90	5
91	90	5
93	90	9
95	90	7
96	90	9
97	90	1
98	90	2
99	90	4
100	90	2
101	90	7
102	90	4
103	90	1
104	90	10
105	90	7
106	90	2
107	90	2
108	90	4
109	90	4
110	90	10
111	90	5
112	90	1
113	90	8
114	90	9
115	90	4
116	90	2
118	90	1
119	90	7
120	90	9
121	90	7
122	90	3
123	90	1
124	90	2
125	90	3
0	91	10
1	91	2
3	91	8
4	91	9
5	91	6
6	91	10
7	91	9
9	91	10
10	91	10
11	91	6
12	91	1
13	91	4
14	91	1
17	91	1
18	91	5
19	91	3
20	91	7
21	91	6
22	91	3
23	91	7
24	91	5
25	91	7
26	91	10
27	91	4
28	91	10
29	91	2
30	91	1
31	91	10
32	91	1
33	91	1
34	91	10
35	91	2
36	91	7
37	91	7
38	91	4
39	91	10
40	91	3
41	91	6
42	91	6
43	91	3
44	91	3
45	91	2
46	91	6
47	91	3
48	91	3
49	91	7
50	91	3
51	91	2
52	91	8
53	91	8
54	91	2
55	91	4
56	91	7
57	91	6
59	91	3
60	91	7
61	91	4
62	91	6
63	91	7
64	91	6
65	91	3
66	91	3
68	91	6
69	91	10
70	91	6
71	91	5
72	91	2
73	91	5
74	91	10
76	91	5
77	91	4
78	91	6
79	91	4
80	91	3
81	91	2
82	91	3
84	91	7
85	91	8
86	91	6
87	91	5
89	91	2
90	91	8
91	91	9
92	91	2
93	91	2
94	91	2
95	91	1
96	91	5
99	91	1
100	91	5
101	91	9
102	91	10
103	91	2
104	91	5
105	91	8
106	91	10
107	91	2
108	91	3
109	91	8
110	91	5
111	91	6
112	91	1
113	91	1
114	91	6
115	91	7
116	91	3
117	91	4
118	91	9
119	91	9
120	91	10
121	91	8
122	91	10
123	91	1
0	92	9
1	92	1
2	92	7
3	92	4
4	92	4
5	92	7
6	92	7
7	92	7
9	92	9
10	92	2
11	92	3
12	92	10
13	92	4
14	92	7
15	92	2
16	92	8
17	92	6
18	92	2
19	92	6
21	92	1
22	92	7
23	92	2
24	92	5
25	92	2
26	92	1
27	92	4
29	92	4
30	92	6
31	92	10
32	92	5
33	92	7
34	92	9
35	92	2
36	92	10
37	92	9
38	92	7
39	92	6
40	92	6
42	92	5
43	92	6
44	92	5
45	92	6
46	92	7
48	92	5
49	92	6
50	92	6
51	92	8
52	92	9
53	92	6
54	92	2
56	92	5
57	92	5
58	92	1
59	92	4
60	92	6
61	92	7
62	92	9
64	92	2
65	92	8
66	92	9
67	92	5
68	92	6
69	92	1
70	92	8
71	92	2
72	92	4
73	92	5
75	92	3
76	92	3
77	92	10
78	92	8
79	92	10
80	92	9
81	92	1
82	92	5
83	92	6
85	92	9
86	92	3
87	92	1
88	92	3
89	92	9
90	92	5
91	92	5
92	92	8
93	92	8
94	92	2
95	92	5
96	92	5
97	92	3
98	92	10
99	92	3
100	92	8
101	92	4
102	92	2
103	92	10
104	92	6
105	92	1
106	92	5
107	92	1
108	92	10
109	92	9
111	92	10
112	92	8
113	92	9
114	92	8
115	92	6
116	92	10
117	92	7
118	92	2
119	92	1
120	92	9
121	92	2
1	93	8
2	93	3
3	93	2
4	93	3
5	93	5
6	93	9
7	93	10
8	93	2
9	93	4
10	93	5
11	93	7
12	93	8
13	93	9
14	93	8
15	93	7
16	93	7
17	93	6
19	93	8
20	93	5
21	93	8
22	93	4
23	93	4
25	93	4
26	93	1
27	93	7
28	93	8
29	93	8
30	93	5
31	93	3
32	93	9
33	93	9
34	93	1
36	93	5
37	93	8
38	93	10
39	93	3
40	93	10
41	93	5
42	93	2
43	93	6
44	93	1
45	93	6
46	93	4
47	93	1
48	93	5
49	93	5
50	93	2
51	93	5
52	93	4
53	93	7
54	93	8
55	93	3
57	93	10
58	93	3
59	93	2
60	93	9
61	93	7
62	93	3
64	93	2
65	93	10
66	93	1
67	93	5
68	93	1
69	93	5
70	93	7
71	93	1
72	93	2
74	93	10
75	93	7
76	93	3
78	93	4
79	93	9
80	93	9
81	93	8
82	93	2
83	93	1
84	93	2
85	93	6
87	93	4
88	93	8
89	93	4
90	93	4
91	93	8
92	93	9
93	93	4
95	93	6
96	93	4
98	93	6
99	93	4
100	93	6
101	93	8
102	93	1
103	93	8
104	93	1
105	93	4
106	93	8
107	93	6
108	93	1
109	93	10
110	93	8
111	93	6
112	93	6
113	93	8
114	93	10
115	93	7
116	93	5
117	93	7
118	93	2
119	93	10
1	94	5
2	94	2
3	94	5
4	94	9
5	94	2
6	94	8
7	94	9
9	94	3
10	94	8
11	94	10
12	94	10
13	94	1
14	94	6
15	94	6
16	94	10
17	94	5
18	94	6
20	94	10
21	94	4
22	94	10
23	94	6
24	94	5
25	94	9
26	94	9
27	94	4
28	94	6
29	94	5
30	94	1
31	94	9
32	94	10
33	94	8
34	94	9
35	94	8
36	94	1
37	94	6
38	94	9
40	94	2
41	94	6
42	94	6
43	94	8
44	94	4
45	94	10
46	94	5
47	94	4
48	94	4
49	94	4
50	94	5
52	94	6
53	94	9
54	94	8
55	94	10
56	94	2
57	94	5
58	94	4
59	94	3
60	94	9
62	94	3
63	94	6
64	94	8
65	94	6
66	94	4
67	94	9
68	94	1
69	94	8
70	94	3
71	94	8
72	94	4
74	94	2
75	94	6
76	94	9
77	94	3
78	94	10
79	94	4
80	94	5
81	94	9
83	94	4
84	94	9
85	94	3
86	94	10
87	94	9
89	94	3
90	94	3
91	94	2
92	94	2
93	94	2
94	94	4
95	94	8
96	94	8
97	94	6
98	94	8
99	94	1
100	94	4
101	94	5
102	94	10
103	94	9
104	94	9
105	94	2
106	94	1
107	94	3
108	94	1
109	94	4
110	94	2
111	94	6
112	94	9
113	94	5
114	94	4
115	94	1
116	94	3
117	94	10
0	95	8
1	95	1
2	95	9
3	95	9
5	95	8
6	95	1
7	95	1
8	95	7
9	95	8
10	95	2
11	95	10
12	95	10
13	95	8
14	95	4
15	95	3
17	95	4
18	95	3
19	95	6
20	95	10
21	95	6
22	95	3
23	95	9
24	95	4
25	95	2
26	95	10
27	95	9
28	95	5
29	95	9
30	95	10
31	95	3
32	95	9
35	95	6
36	95	5
37	95	5
38	95	5
39	95	4
40	95	7
41	95	8
42	95	1
43	95	10
44	95	8
45	95	8
46	95	4
47	95	3
48	95	9
49	95	5
50	95	5
51	95	3
52	95	10
53	95	4
54	95	4
55	95	4
57	95	9
58	95	3
59	95	4
60	95	8
61	95	7
62	95	10
63	95	8
64	95	3
65	95	1
66	95	9
67	95	3
68	95	10
69	95	10
70	95	5
71	95	7
72	95	7
73	95	1
74	95	6
75	95	8
76	95	8
77	95	3
78	95	6
80	95	7
81	95	4
82	95	8
83	95	10
84	95	4
85	95	9
86	95	6
87	95	5
88	95	7
89	95	3
90	95	5
91	95	1
92	95	6
93	95	7
94	95	9
95	95	7
96	95	2
97	95	7
98	95	4
99	95	4
100	95	1
101	95	9
102	95	10
103	95	9
104	95	4
105	95	9
106	95	5
107	95	10
108	95	10
109	95	10
110	95	3
111	95	5
112	95	5
113	95	3
114	95	5
0	96	4
1	96	4
2	96	6
3	96	4
4	96	10
5	96	3
6	96	5
7	96	9
8	96	7
9	96	7
10	96	6
11	96	9
13	96	10
14	96	1
15	96	2
16	96	6
17	96	3
18	96	8
19	96	7
21	96	9
22	96	10
23	96	4
24	96	3
25	96	6
26	96	8
27	96	9
28	96	1
29	96	8
30	96	2
31	96	1
32	96	1
33	96	10
34	96	10
35	96	5
37	96	8
38	96	8
40	96	8
42	96	4
43	96	10
44	96	5
46	96	2
47	96	7
49	96	4
50	96	9
51	96	9
52	96	5
53	96	7
54	96	9
55	96	4
56	96	3
57	96	5
58	96	6
59	96	3
60	96	1
61	96	6
62	96	4
63	96	3
64	96	6
65	96	4
66	96	8
67	96	3
68	96	8
69	96	9
70	96	7
71	96	4
72	96	7
73	96	3
74	96	4
75	96	5
76	96	7
77	96	1
78	96	2
79	96	4
81	96	3
82	96	9
83	96	4
84	96	4
85	96	3
86	96	8
87	96	1
88	96	4
90	96	2
91	96	8
92	96	2
93	96	6
94	96	2
95	96	9
96	96	8
97	96	3
98	96	10
99	96	2
100	96	8
101	96	5
103	96	5
104	96	1
107	96	7
108	96	1
109	96	2
110	96	8
111	96	2
112	96	7
113	96	3
0	97	4
1	97	2
2	97	7
3	97	5
4	97	7
6	97	2
7	97	8
8	97	9
9	97	6
11	97	6
12	97	4
13	97	5
14	97	9
15	97	10
16	97	10
17	97	2
18	97	10
19	97	8
20	97	7
21	97	1
22	97	9
24	97	3
25	97	3
26	97	9
27	97	6
28	97	3
29	97	4
30	97	6
31	97	2
32	97	5
33	97	8
34	97	10
35	97	5
36	97	6
37	97	10
38	97	6
39	97	4
40	97	4
41	97	3
42	97	8
43	97	1
44	97	4
46	97	3
47	97	3
48	97	5
50	97	8
51	97	2
52	97	2
55	97	1
56	97	7
58	97	9
59	97	8
60	97	7
61	97	9
62	97	2
63	97	9
64	97	2
65	97	10
66	97	1
67	97	6
68	97	4
69	97	1
70	97	6
71	97	3
72	97	6
73	97	6
74	97	3
75	97	3
76	97	8
77	97	8
78	97	10
79	97	5
80	97	9
81	97	1
82	97	4
83	97	1
84	97	9
85	97	3
86	97	7
87	97	10
88	97	4
90	97	9
91	97	5
92	97	3
94	97	2
95	97	5
96	97	7
97	97	7
99	97	5
100	97	10
101	97	8
102	97	3
103	97	1
104	97	8
105	97	8
106	97	9
107	97	2
108	97	1
109	97	8
111	97	1
1	98	2
2	98	1
3	98	1
4	98	6
5	98	3
6	98	8
7	98	4
8	98	10
9	98	10
10	98	1
11	98	8
12	98	10
13	98	3
14	98	1
15	98	1
16	98	6
17	98	4
18	98	4
19	98	8
20	98	1
21	98	7
22	98	4
23	98	1
24	98	9
25	98	8
26	98	8
27	98	7
28	98	6
29	98	7
30	98	6
31	98	7
33	98	8
34	98	4
35	98	1
36	98	1
37	98	10
38	98	9
39	98	9
40	98	2
41	98	2
42	98	4
43	98	10
44	98	2
45	98	4
46	98	5
47	98	10
48	98	10
50	98	5
52	98	2
53	98	2
54	98	5
55	98	3
56	98	2
57	98	9
58	98	8
59	98	7
60	98	1
61	98	8
62	98	4
63	98	10
64	98	10
65	98	3
66	98	1
67	98	5
69	98	8
70	98	10
71	98	7
72	98	10
73	98	5
74	98	9
75	98	4
76	98	3
77	98	2
78	98	3
79	98	3
80	98	1
81	98	4
82	98	7
83	98	9
84	98	7
85	98	7
87	98	7
88	98	5
90	98	1
91	98	8
92	98	7
93	98	10
95	98	4
96	98	2
97	98	2
98	98	4
99	98	2
101	98	2
102	98	10
103	98	10
105	98	7
106	98	10
107	98	1
108	98	10
1	99	3
2	99	4
3	99	8
4	99	10
5	99	1
6	99	2
7	99	10
8	99	7
9	99	2
10	99	10
11	99	2
12	99	8
13	99	9
14	99	4
15	99	1
16	99	8
17	99	6
18	99	1
19	99	1
20	99	2
21	99	5
22	99	10
23	99	7
24	99	9
25	99	7
26	99	2
28	99	3
29	99	10
30	99	5
31	99	10
32	99	7
33	99	9
34	99	9
35	99	6
36	99	4
37	99	2
38	99	3
39	99	5
40	99	6
41	99	4
42	99	9
44	99	3
45	99	1
47	99	3
48	99	9
49	99	1
50	99	2
51	99	1
53	99	3
54	99	5
55	99	1
56	99	10
57	99	7
58	99	2
59	99	9
60	99	6
61	99	4
63	99	4
64	99	4
66	99	2
67	99	4
68	99	4
69	99	6
70	99	4
71	99	6
73	99	9
74	99	3
75	99	8
76	99	8
77	99	9
79	99	3
80	99	3
81	99	10
82	99	5
83	99	3
85	99	8
86	99	9
87	99	10
88	99	8
89	99	6
90	99	1
91	99	6
92	99	1
93	99	1
94	99	1
95	99	4
96	99	10
98	99	4
99	99	4
100	99	10
101	99	4
102	99	7
103	99	4
104	99	9
105	99	4
106	99	9
107	99	8
0	100	7
1	100	7
2	100	8
3	100	6
4	100	6
5	100	3
6	100	3
7	100	4
8	100	6
9	100	8
10	100	3
11	100	3
12	100	2
13	100	4
14	100	7
15	100	1
16	100	2
17	100	10
18	100	4
19	100	8
20	100	6
21	100	9
22	100	9
23	100	2
24	100	1
25	100	2
26	100	1
27	100	3
28	100	5
29	100	8
30	100	9
32	100	3
33	100	1
34	100	8
36	100	2
37	100	1
38	100	7
39	100	8
40	100	6
41	100	8
42	100	4
43	100	2
44	100	9
45	100	8
46	100	4
47	100	10
48	100	9
49	100	9
50	100	1
51	100	7
52	100	9
53	100	8
54	100	8
55	100	5
56	100	6
57	100	8
58	100	10
59	100	7
60	100	1
62	100	3
63	100	7
64	100	3
65	100	2
67	100	2
68	100	3
69	100	7
70	100	1
71	100	3
72	100	2
73	100	3
74	100	3
75	100	9
76	100	3
77	100	4
78	100	1
79	100	5
80	100	2
81	100	1
82	100	7
83	100	8
84	100	10
85	100	3
86	100	2
88	100	7
89	100	1
90	100	1
91	100	7
92	100	1
93	100	6
94	100	10
95	100	1
96	100	9
97	100	10
99	100	7
100	100	9
101	100	5
102	100	2
103	100	4
104	100	8
105	100	9
0	101	10
1	101	6
2	101	8
3	101	9
4	101	1
5	101	10
6	101	8
7	101	8
8	101	1
9	101	6
10	101	9
11	101	5
12	101	10
13	101	10
14	101	9
15	101	9
16	101	9
17	101	6
18	101	1
19	101	5
20	101	5
21	101	4
23	101	1
24	101	2
25	101	2
26	101	10
27	101	8
28	101	6
29	101	1
30	101	5
31	101	3
32	101	4
33	101	7
34	101	1
36	101	2
37	101	1
38	101	1
39	101	6
42	101	10
43	101	7
44	101	10
45	101	1
46	101	4
47	101	2
48	101	2
49	101	6
50	101	7
51	101	4
52	101	7
53	101	7
54	101	7
55	101	6
56	101	5
57	101	2
58	101	1
59	101	3
60	101	6
61	101	8
62	101	9
63	101	9
64	101	10
65	101	9
66	101	5
68	101	8
69	101	6
70	101	7
71	101	2
73	101	4
74	101	9
75	101	1
76	101	3
77	101	2
78	101	4
79	101	1
80	101	5
83	101	5
84	101	10
85	101	7
86	101	8
87	101	3
88	101	10
89	101	1
90	101	5
91	101	9
92	101	1
93	101	3
94	101	8
95	101	8
96	101	2
97	101	4
99	101	5
100	101	8
102	101	7
103	101	4
0	102	8
1	102	1
2	102	9
3	102	4
4	102	10
5	102	10
6	102	5
7	102	9
8	102	5
9	102	4
10	102	10
11	102	1
12	102	5
15	102	10
16	102	1
17	102	1
18	102	2
19	102	10
20	102	4
21	102	7
22	102	4
23	102	5
24	102	5
25	102	7
26	102	10
27	102	7
28	102	8
29	102	2
30	102	1
31	102	5
32	102	6
33	102	7
34	102	2
35	102	10
36	102	5
37	102	8
38	102	3
39	102	10
41	102	2
42	102	4
43	102	7
44	102	8
45	102	3
46	102	9
47	102	6
48	102	9
49	102	4
50	102	9
51	102	9
52	102	10
53	102	9
54	102	10
56	102	9
57	102	8
58	102	8
59	102	8
60	102	1
61	102	10
62	102	4
63	102	1
64	102	9
65	102	4
66	102	3
67	102	9
68	102	9
69	102	9
70	102	9
71	102	1
73	102	9
74	102	9
75	102	7
76	102	5
77	102	2
78	102	7
79	102	8
80	102	9
81	102	3
82	102	5
84	102	10
85	102	6
86	102	7
87	102	7
88	102	9
90	102	1
91	102	2
92	102	8
93	102	4
95	102	6
97	102	2
99	102	3
100	102	4
101	102	3
0	103	10
1	103	3
2	103	8
3	103	7
4	103	5
5	103	1
7	103	4
8	103	5
9	103	8
10	103	6
11	103	7
12	103	9
13	103	5
14	103	1
15	103	4
16	103	4
17	103	6
18	103	6
19	103	8
20	103	4
21	103	3
22	103	8
23	103	9
24	103	5
25	103	2
27	103	7
28	103	6
29	103	9
30	103	10
31	103	8
32	103	5
33	103	2
34	103	9
36	103	6
38	103	5
39	103	7
41	103	8
42	103	10
43	103	1
44	103	8
45	103	7
46	103	9
47	103	4
48	103	7
49	103	8
52	103	8
53	103	8
54	103	8
57	103	2
58	103	10
59	103	4
60	103	6
61	103	8
62	103	9
63	103	8
64	103	1
65	103	8
66	103	10
67	103	7
68	103	10
69	103	4
70	103	4
71	103	9
72	103	9
73	103	6
74	103	8
75	103	10
76	103	8
78	103	6
79	103	2
80	103	9
81	103	3
82	103	3
84	103	9
85	103	10
86	103	9
87	103	2
88	103	5
89	103	1
91	103	2
93	103	1
94	103	9
95	103	4
96	103	10
98	103	8
99	103	5
0	104	4
1	104	6
2	104	5
4	104	4
5	104	9
6	104	9
7	104	2
8	104	9
9	104	5
10	104	10
11	104	5
12	104	8
13	104	4
14	104	9
15	104	3
16	104	8
17	104	2
18	104	1
19	104	2
20	104	1
21	104	5
22	104	7
23	104	6
24	104	6
25	104	7
26	104	1
28	104	7
29	104	8
30	104	5
31	104	3
32	104	1
33	104	6
34	104	4
35	104	6
36	104	2
37	104	7
38	104	2
39	104	3
40	104	3
41	104	9
42	104	9
43	104	6
44	104	10
45	104	7
46	104	8
47	104	1
48	104	6
49	104	1
51	104	5
52	104	9
53	104	5
54	104	1
55	104	10
56	104	2
57	104	7
58	104	6
59	104	3
60	104	5
61	104	7
62	104	3
63	104	5
64	104	5
65	104	10
66	104	7
67	104	5
68	104	6
70	104	9
71	104	5
72	104	6
73	104	4
74	104	4
75	104	1
77	104	6
78	104	10
79	104	5
80	104	6
81	104	3
82	104	8
83	104	5
84	104	8
85	104	5
86	104	3
87	104	6
88	104	1
89	104	5
90	104	10
91	104	9
92	104	1
93	104	3
94	104	7
95	104	2
96	104	10
97	104	6
0	105	5
1	105	5
2	105	8
3	105	2
4	105	2
5	105	2
6	105	3
7	105	2
8	105	7
9	105	6
10	105	9
11	105	8
12	105	6
13	105	10
14	105	8
15	105	6
16	105	1
17	105	9
18	105	2
19	105	5
20	105	2
22	105	7
23	105	2
24	105	3
25	105	1
26	105	6
27	105	2
28	105	6
29	105	1
30	105	10
32	105	2
33	105	8
34	105	6
35	105	3
36	105	1
37	105	3
38	105	6
39	105	10
40	105	1
41	105	7
42	105	7
43	105	9
44	105	6
46	105	1
47	105	10
48	105	9
49	105	9
50	105	8
51	105	7
52	105	7
53	105	2
54	105	7
55	105	4
56	105	8
57	105	5
58	105	4
59	105	1
60	105	3
62	105	8
64	105	4
65	105	10
66	105	5
67	105	6
68	105	8
71	105	6
72	105	2
73	105	1
74	105	2
75	105	4
76	105	2
77	105	4
78	105	5
79	105	7
80	105	6
81	105	4
82	105	4
83	105	1
85	105	8
86	105	8
87	105	3
88	105	4
89	105	9
91	105	1
92	105	5
93	105	6
94	105	10
95	105	1
1	106	5
2	106	1
3	106	7
4	106	4
5	106	2
6	106	9
8	106	10
9	106	6
10	106	1
11	106	7
12	106	10
15	106	9
16	106	10
17	106	1
18	106	1
19	106	10
20	106	1
21	106	10
22	106	2
23	106	2
24	106	9
25	106	10
26	106	4
27	106	6
28	106	10
29	106	2
30	106	8
31	106	4
33	106	10
34	106	5
35	106	10
36	106	9
37	106	7
38	106	3
39	106	6
40	106	5
41	106	9
44	106	6
45	106	3
46	106	9
47	106	1
49	106	9
50	106	3
51	106	10
52	106	9
53	106	2
54	106	6
55	106	7
56	106	10
58	106	10
59	106	3
60	106	5
61	106	1
62	106	2
63	106	10
64	106	6
65	106	2
66	106	5
67	106	10
68	106	5
69	106	9
71	106	9
73	106	5
74	106	10
75	106	6
77	106	2
78	106	10
79	106	5
80	106	3
81	106	4
82	106	7
83	106	1
84	106	2
85	106	1
87	106	1
88	106	9
90	106	5
91	106	2
92	106	7
93	106	2
0	107	7
1	107	8
2	107	10
4	107	5
5	107	6
6	107	3
7	107	8
8	107	7
9	107	10
10	107	8
11	107	3
12	107	7
13	107	6
14	107	5
15	107	2
16	107	2
17	107	5
18	107	3
19	107	1
20	107	6
21	107	5
22	107	7
23	107	2
24	107	9
25	107	2
26	107	2
27	107	3
28	107	1
29	107	9
30	107	2
31	107	3
32	107	9
33	107	1
34	107	7
35	107	6
36	107	2
37	107	9
38	107	8
39	107	8
40	107	8
42	107	1
43	107	9
44	107	8
45	107	10
46	107	10
47	107	9
48	107	4
49	107	4
50	107	2
51	107	8
52	107	8
53	107	4
54	107	2
55	107	10
57	107	7
58	107	4
59	107	7
61	107	2
63	107	8
64	107	9
65	107	3
66	107	4
67	107	2
68	107	2
69	107	7
70	107	6
71	107	3
72	107	4
73	107	5
74	107	5
76	107	7
77	107	5
78	107	1
79	107	9
80	107	6
81	107	8
82	107	8
83	107	6
84	107	10
85	107	3
86	107	4
87	107	8
88	107	3
89	107	10
90	107	7
91	107	8
0	108	7
1	108	8
2	108	5
3	108	1
4	108	2
5	108	6
6	108	9
7	108	6
8	108	6
10	108	1
11	108	7
12	108	7
13	108	6
14	108	6
15	108	9
16	108	2
19	108	1
20	108	2
21	108	2
22	108	2
23	108	1
24	108	3
25	108	3
26	108	10
28	108	4
29	108	8
30	108	3
31	108	9
32	108	6
33	108	5
35	108	1
36	108	4
37	108	1
38	108	9
39	108	6
40	108	1
41	108	2
42	108	10
43	108	7
44	108	3
45	108	1
46	108	10
47	108	7
48	108	2
49	108	10
50	108	1
51	108	1
52	108	7
53	108	2
54	108	4
55	108	9
56	108	3
57	108	6
58	108	10
59	108	5
60	108	9
62	108	6
63	108	4
64	108	6
65	108	10
66	108	8
67	108	10
68	108	10
69	108	3
70	108	1
71	108	5
72	108	5
73	108	1
74	108	2
75	108	2
77	108	8
78	108	2
79	108	5
80	108	7
81	108	4
83	108	3
84	108	4
85	108	9
86	108	7
87	108	6
88	108	2
89	108	10
0	109	3
1	109	10
2	109	10
3	109	1
4	109	4
5	109	5
6	109	7
7	109	8
8	109	7
10	109	10
11	109	3
12	109	4
13	109	4
14	109	1
15	109	2
16	109	6
17	109	4
18	109	8
19	109	6
20	109	6
21	109	8
22	109	7
23	109	7
24	109	1
25	109	2
26	109	3
27	109	3
28	109	6
29	109	5
30	109	8
31	109	2
32	109	2
33	109	1
34	109	10
35	109	3
36	109	2
37	109	2
38	109	2
40	109	1
41	109	4
42	109	8
43	109	10
44	109	2
45	109	7
46	109	5
47	109	10
49	109	3
50	109	5
51	109	9
52	109	6
53	109	8
54	109	5
55	109	4
56	109	4
57	109	5
58	109	5
59	109	8
60	109	3
61	109	1
62	109	8
63	109	9
64	109	8
65	109	3
66	109	7
67	109	1
68	109	6
69	109	7
70	109	4
71	109	5
72	109	8
73	109	10
74	109	5
75	109	2
76	109	1
77	109	7
78	109	8
79	109	6
80	109	5
81	109	6
82	109	1
83	109	4
84	109	1
86	109	6
87	109	9
0	110	6
1	110	6
3	110	8
4	110	9
5	110	1
6	110	7
7	110	1
8	110	5
9	110	10
11	110	10
12	110	2
13	110	4
14	110	2
15	110	8
16	110	6
17	110	1
18	110	3
19	110	1
20	110	4
21	110	1
22	110	2
23	110	1
24	110	7
25	110	6
26	110	2
27	110	4
28	110	7
29	110	8
30	110	2
31	110	8
33	110	6
34	110	4
35	110	1
36	110	7
37	110	10
38	110	3
39	110	8
40	110	5
41	110	5
42	110	5
43	110	3
44	110	8
45	110	4
46	110	5
48	110	4
49	110	6
51	110	8
52	110	4
53	110	1
54	110	7
55	110	1
56	110	9
57	110	3
58	110	1
59	110	9
60	110	9
61	110	8
63	110	5
64	110	4
65	110	5
66	110	3
67	110	2
69	110	8
70	110	3
71	110	2
72	110	1
73	110	7
74	110	6
75	110	9
76	110	5
77	110	8
78	110	3
79	110	2
80	110	9
81	110	7
82	110	5
83	110	7
84	110	3
85	110	1
