p 257 h 107 constraints 11737
0 0 1 0
1 0 1 1
2 0 1 2
3 0 1 3
4 0 1 4
5 0 1 5
6 0 1 6
7 0 1 7
8 0 1 8
9 0 1 9
10 0 1 10
11 0 1 11
12 0 1 12
13 0 1 13
14 0 1 14
15 0 1 15
16 0 1 16
17 0 1 17
18 0 1 18
19 0 1 19
20 0 1 20
21 0 1 21
22 0 1 22
23 0 1 23
24 0 1 24
25 0 1 25
26 0 1 26
27 0 1 27
28 0 1 28
29 0 1 29
30 0 1 30
31 0 1 31
32 0 1 32
33 0 1 33
34 0 1 34
35 0 1 35
36 0 1 36
37 0 1 37
38 0 1 38
39 0 1 39
40 0 1 40
41 0 1 41
42 0 1 42
43 0 1 43
44 0 1 44
45 0 1 45
46 0 1 46
47 0 1 47
48 0 1 48
49 0 1 49
50 0 1 50
51 0 1 51
52 0 1 52
53 0 1 53
54 0 1 54
55 1 1 2
56 1 1 3
57 1 1 4
58 1 1 5
59 1 1 6
60 1 1 7
61 1 1 8
62 1 1 9
63 1 1 10
64 1 1 11
65 1 1 12
66 1 1 13
67 1 1 14
68 1 1 15
69 1 1 16
70 1 1 17
71 1 1 18
72 1 1 19
73 1 1 20
74 1 1 21
75 1 1 22
76 1 1 23
77 1 1 24
78 1 1 25
79 1 1 26
80 1 1 27
81 1 1 28
82 1 1 29
83 1 1 30
84 1 1 31
85 1 1 32
86 1 1 33
87 1 1 34
88 1 1 35
89 1 1 36
90 1 1 37
91 1 1 38
92 1 1 39
93 1 1 40
94 1 1 41
95 1 1 42
96 1 1 43
97 1 1 44
98 1 1 45
99 1 1 46
100 1 1 47
101 1 1 48
102 1 1 49
103 1 1 50
104 1 1 51
105 1 1 52
106 1 1 53
107 1 1 54
108 1 1 55
109 2 1 4
110 2 1 5
111 2 1 6
112 2 1 7
113 2 1 8
114 2 1 9
115 2 1 10
116 2 1 11
117 2 1 12
118 2 1 13
119 2 1 14
120 2 1 15
121 2 1 16
122 2 1 17
123 2 1 18
124 2 1 19
125 2 1 20
126 2 1 21
127 2 1 22
128 2 1 23
129 2 1 24
130 2 1 25
131 2 1 26
132 2 1 27
133 2 1 28
134 2 1 29
135 2 1 30
136 2 1 31
137 2 1 32
138 2 1 33
139 2 1 34
140 2 1 35
141 2 1 36
142 2 1 37
143 2 1 38
144 2 1 39
145 2 1 40
146 2 1 41
147 2 1 42
148 2 1 43
149 2 1 44
150 2 1 45
151 2 1 46
152 2 1 47
153 2 1 48
154 2 1 49
155 2 1 50
156 2 1 51
157 2 1 52
158 2 1 53
159 2 1 54
160 2 1 55
161 2 1 56
162 3 1 6
163 3 1 7
164 3 1 8
165 3 1 9
166 3 1 10
167 3 1 11
168 3 1 12
169 3 1 13
170 3 1 14
171 3 1 15
172 3 1 16
173 3 1 17
174 3 1 18
175 3 1 19
176 3 1 20
177 3 1 21
178 3 1 22
179 3 1 23
180 3 1 24
181 3 1 25
182 3 1 26
183 3 1 27
184 3 1 28
185 3 1 29
186 3 1 30
187 3 1 31
188 3 1 32
189 3 1 33
190 3 1 34
191 3 1 35
192 3 1 36
193 3 1 37
194 3 1 38
195 3 1 39
196 3 1 40
197 3 1 41
198 3 1 42
199 3 1 43
200 3 1 44
201 3 1 45
202 3 1 46
203 3 1 47
204 3 1 48
205 3 1 49
206 3 1 50
207 3 1 51
208 3 1 52
209 3 1 53
210 3 1 54
211 3 1 55
212 3 1 56
213 3 1 57
214 4 1 8
215 4 1 9
216 4 1 10
217 4 1 11
218 4 1 12
219 4 1 13
220 4 1 14
221 4 1 15
222 4 1 16
223 4 1 17
224 4 1 18
225 4 1 19
226 4 1 20
227 4 1 21
228 4 1 22
229 4 1 23
230 4 1 24
231 4 1 25
232 4 1 26
233 4 1 27
234 4 1 28
235 4 1 29
236 4 1 30
237 4 1 31
238 4 1 32
239 4 1 33
240 4 1 34
241 4 1 35
242 4 1 36
243 4 1 37
244 4 1 38
245 4 1 39
246 4 1 40
247 4 1 41
248 4 1 42
249 4 1 43
250 4 1 44
251 4 1 45
252 4 1 46
253 4 1 47
254 4 1 48
255 4 1 49
256 4 1 50
257 4 1 51
258 4 1 52
259 4 1 53
260 4 1 54
261 4 1 55
262 4 1 56
263 4 1 57
264 4 1 58
265 5 1 10
266 5 1 11
267 5 1 12
268 5 1 13
269 5 1 14
270 5 1 15
271 5 1 16
272 5 1 17
273 5 1 18
274 5 1 19
275 5 1 20
276 5 1 21
277 5 1 22
278 5 1 23
279 5 1 24
280 5 1 25
281 5 1 26
282 5 1 27
283 5 1 28
284 5 1 29
285 5 1 30
286 5 1 31
287 5 1 32
288 5 1 33
289 5 1 34
290 5 1 35
291 5 1 36
292 5 1 37
293 5 1 38
294 5 1 39
295 5 1 40
296 5 1 41
297 5 1 42
298 5 1 43
299 5 1 44
300 5 1 45
301 5 1 46
302 5 1 47
303 5 1 48
304 5 1 49
305 5 1 50
306 5 1 51
307 5 1 52
308 5 1 53
309 5 1 54
310 5 1 55
311 5 1 56
312 5 1 57
313 5 1 58
314 5 1 59
315 6 1 12
316 6 1 13
317 6 1 14
318 6 1 15
319 6 1 16
320 6 1 17
321 6 1 18
322 6 1 19
323 6 1 20
324 6 1 21
325 6 1 22
326 6 1 23
327 6 1 24
328 6 1 25
329 6 1 26
330 6 1 27
331 6 1 28
332 6 1 29
333 6 1 30
334 6 1 31
335 6 1 32
336 6 1 33
337 6 1 34
338 6 1 35
339 6 1 36
340 6 1 37
341 6 1 38
342 6 1 39
343 6 1 40
344 6 1 41
345 6 1 42
346 6 1 43
347 6 1 44
348 6 1 45
349 6 1 46
350 6 1 47
351 6 1 48
352 6 1 49
353 6 1 50
354 6 1 51
355 6 1 52
356 6 1 53
357 6 1 54
358 6 1 55
359 6 1 56
360 6 1 57
361 6 1 58
362 6 1 59
363 6 1 60
364 7 1 14
365 7 1 15
366 7 1 16
367 7 1 17
368 7 1 18
369 7 1 19
370 7 1 20
371 7 1 21
372 7 1 22
373 7 1 23
374 7 1 24
375 7 1 25
376 7 1 26
377 7 1 27
378 7 1 28
379 7 1 29
380 7 1 30
381 7 1 31
382 7 1 32
383 7 1 33
384 7 1 34
385 7 1 35
386 7 1 36
387 7 1 37
388 7 1 38
389 7 1 39
390 7 1 40
391 7 1 41
392 7 1 42
393 7 1 43
394 7 1 44
395 7 1 45
396 7 1 46
397 7 1 47
398 7 1 48
399 7 1 49
400 7 1 50
401 7 1 51
402 7 1 52
403 7 1 53
404 7 1 54
405 7 1 55
406 7 1 56
407 7 1 57
408 7 1 58
409 7 1 59
410 7 1 60
411 7 1 61
412 8 1 16
413 8 1 17
414 8 1 18
415 8 1 19
416 8 1 20
417 8 1 21
418 8 1 22
419 8 1 23
420 8 1 24
421 8 1 25
422 8 1 26
423 8 1 27
424 8 1 28
425 8 1 29
426 8 1 30
427 8 1 31
428 8 1 32
429 8 1 33
430 8 1 34
431 8 1 35
432 8 1 36
433 8 1 37
434 8 1 38
435 8 1 39
436 8 1 40
437 8 1 41
438 8 1 42
439 8 1 43
440 8 1 44
441 8 1 45
442 8 1 46
443 8 1 47
444 8 1 48
445 8 1 49
446 8 1 50
447 8 1 51
448 8 1 52
449 8 1 53
450 8 1 54
451 8 1 55
452 8 1 56
453 8 1 57
454 8 1 58
455 8 1 59
456 8 1 60
457 8 1 61
458 8 1 62
459 9 1 18
460 9 1 19
461 9 1 20
462 9 1 21
463 9 1 22
464 9 1 23
465 9 1 24
466 9 1 25
467 9 1 26
468 9 1 27
469 9 1 28
470 9 1 29
471 9 1 30
472 9 1 31
473 9 1 32
474 9 1 33
475 9 1 34
476 9 1 35
477 9 1 36
478 9 1 37
479 9 1 38
480 9 1 39
481 9 1 40
482 9 1 41
483 9 1 42
484 9 1 43
485 9 1 44
486 9 1 45
487 9 1 46
488 9 1 47
489 9 1 48
490 9 1 49
491 9 1 50
492 9 1 51
493 9 1 52
494 9 1 53
495 9 1 54
496 9 1 55
497 9 1 56
498 9 1 57
499 9 1 58
500 9 1 59
501 9 1 60
502 9 1 61
503 9 1 62
504 9 1 63
505 10 1 20
506 10 1 21
507 10 1 22
508 10 1 23
509 10 1 24
510 10 1 25
511 10 1 26
512 10 1 27
513 10 1 28
514 10 1 29
515 10 1 30
516 10 1 31
517 10 1 32
518 10 1 33
519 10 1 34
520 10 1 35
521 10 1 36
522 10 1 37
523 10 1 38
524 10 1 39
525 10 1 40
526 10 1 41
527 10 1 42
528 10 1 43
529 10 1 44
530 10 1 45
531 10 1 46
532 10 1 47
533 10 1 48
534 10 1 49
535 10 1 50
536 10 1 51
537 10 1 52
538 10 1 53
539 10 1 54
540 10 1 55
541 10 1 56
542 10 1 57
543 10 1 58
544 10 1 59
545 10 1 60
546 10 1 61
547 10 1 62
548 10 1 63
549 10 1 64
550 11 1 22
551 11 1 23
552 11 1 24
553 11 1 25
554 11 1 26
555 11 1 27
556 11 1 28
557 11 1 29
558 11 1 30
559 11 1 31
560 11 1 32
561 11 1 33
562 11 1 34
563 11 1 35
564 11 1 36
565 11 1 37
566 11 1 38
567 11 1 39
568 11 1 40
569 11 1 41
570 11 1 42
571 11 1 43
572 11 1 44
573 11 1 45
574 11 1 46
575 11 1 47
576 11 1 48
577 11 1 49
578 11 1 50
579 11 1 51
580 11 1 52
581 11 1 53
582 11 1 54
583 11 1 55
584 11 1 56
585 11 1 57
586 11 1 58
587 11 1 59
588 11 1 60
589 11 1 61
590 11 1 62
591 11 1 63
592 11 1 64
593 11 1 65
594 12 1 24
595 12 1 25
596 12 1 26
597 12 1 27
598 12 1 28
599 12 1 29
600 12 1 30
601 12 1 31
602 12 1 32
603 12 1 33
604 12 1 34
605 12 1 35
606 12 1 36
607 12 1 37
608 12 1 38
609 12 1 39
610 12 1 40
611 12 1 41
612 12 1 42
613 12 1 43
614 12 1 44
615 12 1 45
616 12 1 46
617 12 1 47
618 12 1 48
619 12 1 49
620 12 1 50
621 12 1 51
622 12 1 52
623 12 1 53
624 12 1 54
625 12 1 55
626 12 1 56
627 12 1 57
628 12 1 58
629 12 1 59
630 12 1 60
631 12 1 61
632 12 1 62
633 12 1 63
634 12 1 64
635 12 1 65
636 12 1 66
637 13 1 26
638 13 1 27
639 13 1 28
640 13 1 29
641 13 1 30
642 13 1 31
643 13 1 32
644 13 1 33
645 13 1 34
646 13 1 35
647 13 1 36
648 13 1 37
649 13 1 38
650 13 1 39
651 13 1 40
652 13 1 41
653 13 1 42
654 13 1 43
655 13 1 44
656 13 1 45
657 13 1 46
658 13 1 47
659 13 1 48
660 13 1 49
661 13 1 50
662 13 1 51
663 13 1 52
664 13 1 53
665 13 1 54
666 13 1 55
667 13 1 56
668 13 1 57
669 13 1 58
670 13 1 59
671 13 1 60
672 13 1 61
673 13 1 62
674 13 1 63
675 13 1 64
676 13 1 65
677 13 1 66
678 13 1 67
679 14 1 28
680 14 1 29
681 14 1 30
682 14 1 31
683 14 1 32
684 14 1 33
685 14 1 34
686 14 1 35
687 14 1 36
688 14 1 37
689 14 1 38
690 14 1 39
691 14 1 40
692 14 1 41
693 14 1 42
694 14 1 43
695 14 1 44
696 14 1 45
697 14 1 46
698 14 1 47
699 14 1 48
700 14 1 49
701 14 1 50
702 14 1 51
703 14 1 52
704 14 1 53
705 14 1 54
706 14 1 55
707 14 1 56
708 14 1 57
709 14 1 58
710 14 1 59
711 14 1 60
712 14 1 61
713 14 1 62
714 14 1 63
715 14 1 64
716 14 1 65
717 14 1 66
718 14 1 67
719 14 1 68
720 15 1 30
721 15 1 31
722 15 1 32
723 15 1 33
724 15 1 34
725 15 1 35
726 15 1 36
727 15 1 37
728 15 1 38
729 15 1 39
730 15 1 40
731 15 1 41
732 15 1 42
733 15 1 43
734 15 1 44
735 15 1 45
736 15 1 46
737 15 1 47
738 15 1 48
739 15 1 49
740 15 1 50
741 15 1 51
742 15 1 52
743 15 1 53
744 15 1 54
745 15 1 55
746 15 1 56
747 15 1 57
748 15 1 58
749 15 1 59
750 15 1 60
751 15 1 61
752 15 1 62
753 15 1 63
754 15 1 64
755 15 1 65
756 15 1 66
757 15 1 67
758 15 1 68
759 15 1 69
760 16 1 32
761 16 1 33
762 16 1 34
763 16 1 35
764 16 1 36
765 16 1 37
766 16 1 38
767 16 1 39
768 16 1 40
769 16 1 41
770 16 1 42
771 16 1 43
772 16 1 44
773 16 1 45
774 16 1 46
775 16 1 47
776 16 1 48
777 16 1 49
778 16 1 50
779 16 1 51
780 16 1 52
781 16 1 53
782 16 1 54
783 16 1 55
784 16 1 56
785 16 1 57
786 16 1 58
787 16 1 59
788 16 1 60
789 16 1 61
790 16 1 62
791 16 1 63
792 16 1 64
793 16 1 65
794 16 1 66
795 16 1 67
796 16 1 68
797 16 1 69
798 16 1 70
799 17 1 34
800 17 1 35
801 17 1 36
802 17 1 37
803 17 1 38
804 17 1 39
805 17 1 40
806 17 1 41
807 17 1 42
808 17 1 43
809 17 1 44
810 17 1 45
811 17 1 46
812 17 1 47
813 17 1 48
814 17 1 49
815 17 1 50
816 17 1 51
817 17 1 52
818 17 1 53
819 17 1 54
820 17 1 55
821 17 1 56
822 17 1 57
823 17 1 58
824 17 1 59
825 17 1 60
826 17 1 61
827 17 1 62
828 17 1 63
829 17 1 64
830 17 1 65
831 17 1 66
832 17 1 67
833 17 1 68
834 17 1 69
835 17 1 70
836 17 1 71
837 18 1 36
838 18 1 37
839 18 1 38
840 18 1 39
841 18 1 40
842 18 1 41
843 18 1 42
844 18 1 43
845 18 1 44
846 18 1 45
847 18 1 46
848 18 1 47
849 18 1 48
850 18 1 49
851 18 1 50
852 18 1 51
853 18 1 52
854 18 1 53
855 18 1 54
856 18 1 55
857 18 1 56
858 18 1 57
859 18 1 58
860 18 1 59
861 18 1 60
862 18 1 61
863 18 1 62
864 18 1 63
865 18 1 64
866 18 1 65
867 18 1 66
868 18 1 67
869 18 1 68
870 18 1 69
871 18 1 70
872 18 1 71
873 18 1 72
874 19 1 38
875 19 1 39
876 19 1 40
877 19 1 41
878 19 1 42
879 19 1 43
880 19 1 44
881 19 1 45
882 19 1 46
883 19 1 47
884 19 1 48
885 19 1 49
886 19 1 50
887 19 1 51
888 19 1 52
889 19 1 53
890 19 1 54
891 19 1 55
892 19 1 56
893 19 1 57
894 19 1 58
895 19 1 59
896 19 1 60
897 19 1 61
898 19 1 62
899 19 1 63
900 19 1 64
901 19 1 65
902 19 1 66
903 19 1 67
904 19 1 68
905 19 1 69
906 19 1 70
907 19 1 71
908 19 1 72
909 19 1 73
910 20 1 40
911 20 1 41
912 20 1 42
913 20 1 43
914 20 1 44
915 20 1 45
916 20 1 46
917 20 1 47
918 20 1 48
919 20 1 49
920 20 1 50
921 20 1 51
922 20 1 52
923 20 1 53
924 20 1 54
925 20 1 55
926 20 1 56
927 20 1 57
928 20 1 58
929 20 1 59
930 20 1 60
931 20 1 61
932 20 1 62
933 20 1 63
934 20 1 64
935 20 1 65
936 20 1 66
937 20 1 67
938 20 1 68
939 20 1 69
940 20 1 70
941 20 1 71
942 20 1 72
943 20 1 73
944 20 1 74
945 21 1 42
946 21 1 43
947 21 1 44
948 21 1 45
949 21 1 46
950 21 1 47
951 21 1 48
952 21 1 49
953 21 1 50
954 21 1 51
955 21 1 52
956 21 1 53
957 21 1 54
958 21 1 55
959 21 1 56
960 21 1 57
961 21 1 58
962 21 1 59
963 21 1 60
964 21 1 61
965 21 1 62
966 21 1 63
967 21 1 64
968 21 1 65
969 21 1 66
970 21 1 67
971 21 1 68
972 21 1 69
973 21 1 70
974 21 1 71
975 21 1 72
976 21 1 73
977 21 1 74
978 21 1 75
979 22 1 44
980 22 1 45
981 22 1 46
982 22 1 47
983 22 1 48
984 22 1 49
985 22 1 50
986 22 1 51
987 22 1 52
988 22 1 53
989 22 1 54
990 22 1 55
991 22 1 56
992 22 1 57
993 22 1 58
994 22 1 59
995 22 1 60
996 22 1 61
997 22 1 62
998 22 1 63
999 22 1 64
1000 22 1 65
1001 22 1 66
1002 22 1 67
1003 22 1 68
1004 22 1 69
1005 22 1 70
1006 22 1 71
1007 22 1 72
1008 22 1 73
1009 22 1 74
1010 22 1 75
1011 22 1 76
1012 23 1 46
1013 23 1 47
1014 23 1 48
1015 23 1 49
1016 23 1 50
1017 23 1 51
1018 23 1 52
1019 23 1 53
1020 23 1 54
1021 23 1 55
1022 23 1 56
1023 23 1 57
1024 23 1 58
1025 23 1 59
1026 23 1 60
1027 23 1 61
1028 23 1 62
1029 23 1 63
1030 23 1 64
1031 23 1 65
1032 23 1 66
1033 23 1 67
1034 23 1 68
1035 23 1 69
1036 23 1 70
1037 23 1 71
1038 23 1 72
1039 23 1 73
1040 23 1 74
1041 23 1 75
1042 23 1 76
1043 23 1 77
1044 24 1 48
1045 24 1 49
1046 24 1 50
1047 24 1 51
1048 24 1 52
1049 24 1 53
1050 24 1 54
1051 24 1 55
1052 24 1 56
1053 24 1 57
1054 24 1 58
1055 24 1 59
1056 24 1 60
1057 24 1 61
1058 24 1 62
1059 24 1 63
1060 24 1 64
1061 24 1 65
1062 24 1 66
1063 24 1 67
1064 24 1 68
1065 24 1 69
1066 24 1 70
1067 24 1 71
1068 24 1 72
1069 24 1 73
1070 24 1 74
1071 24 1 75
1072 24 1 76
1073 24 1 77
1074 24 1 78
1075 25 1 50
1076 25 1 51
1077 25 1 52
1078 25 1 53
1079 25 1 54
1080 25 1 55
1081 25 1 56
1082 25 1 57
1083 25 1 58
1084 25 1 59
1085 25 1 60
1086 25 1 61
1087 25 1 62
1088 25 1 63
1089 25 1 64
1090 25 1 65
1091 25 1 66
1092 25 1 67
1093 25 1 68
1094 25 1 69
1095 25 1 70
1096 25 1 71
1097 25 1 72
1098 25 1 73
1099 25 1 74
1100 25 1 75
1101 25 1 76
1102 25 1 77
1103 25 1 78
1104 25 1 79
1105 26 1 52
1106 26 1 53
1107 26 1 54
1108 26 1 55
1109 26 1 56
1110 26 1 57
1111 26 1 58
1112 26 1 59
1113 26 1 60
1114 26 1 61
1115 26 1 62
1116 26 1 63
1117 26 1 64
1118 26 1 65
1119 26 1 66
1120 26 1 67
1121 26 1 68
1122 26 1 69
1123 26 1 70
1124 26 1 71
1125 26 1 72
1126 26 1 73
1127 26 1 74
1128 26 1 75
1129 26 1 76
1130 26 1 77
1131 26 1 78
1132 26 1 79
1133 26 1 80
1134 27 1 54
1135 27 1 55
1136 27 1 56
1137 27 1 57
1138 27 1 58
1139 27 1 59
1140 27 1 60
1141 27 1 61
1142 27 1 62
1143 27 1 63
1144 27 1 64
1145 27 1 65
1146 27 1 66
1147 27 1 67
1148 27 1 68
1149 27 1 69
1150 27 1 70
1151 27 1 71
1152 27 1 72
1153 27 1 73
1154 27 1 74
1155 27 1 75
1156 27 1 76
1157 27 1 77
1158 27 1 78
1159 27 1 79
1160 27 1 80
1161 27 1 81
1162 28 1 56
1163 28 1 57
1164 28 1 58
1165 28 1 59
1166 28 1 60
1167 28 1 61
1168 28 1 62
1169 28 1 63
1170 28 1 64
1171 28 1 65
1172 28 1 66
1173 28 1 67
1174 28 1 68
1175 28 1 69
1176 28 1 70
1177 28 1 71
1178 28 1 72
1179 28 1 73
1180 28 1 74
1181 28 1 75
1182 28 1 76
1183 28 1 77
1184 28 1 78
1185 28 1 79
1186 28 1 80
1187 28 1 81
1188 28 1 82
1189 29 1 58
1190 29 1 59
1191 29 1 60
1192 29 1 61
1193 29 1 62
1194 29 1 63
1195 29 1 64
1196 29 1 65
1197 29 1 66
1198 29 1 67
1199 29 1 68
1200 29 1 69
1201 29 1 70
1202 29 1 71
1203 29 1 72
1204 29 1 73
1205 29 1 74
1206 29 1 75
1207 29 1 76
1208 29 1 77
1209 29 1 78
1210 29 1 79
1211 29 1 80
1212 29 1 81
1213 29 1 82
1214 29 1 83
1215 30 1 60
1216 30 1 61
1217 30 1 62
1218 30 1 63
1219 30 1 64
1220 30 1 65
1221 30 1 66
1222 30 1 67
1223 30 1 68
1224 30 1 69
1225 30 1 70
1226 30 1 71
1227 30 1 72
1228 30 1 73
1229 30 1 74
1230 30 1 75
1231 30 1 76
1232 30 1 77
1233 30 1 78
1234 30 1 79
1235 30 1 80
1236 30 1 81
1237 30 1 82
1238 30 1 83
1239 30 1 84
1240 31 1 62
1241 31 1 63
1242 31 1 64
1243 31 1 65
1244 31 1 66
1245 31 1 67
1246 31 1 68
1247 31 1 69
1248 31 1 70
1249 31 1 71
1250 31 1 72
1251 31 1 73
1252 31 1 74
1253 31 1 75
1254 31 1 76
1255 31 1 77
1256 31 1 78
1257 31 1 79
1258 31 1 80
1259 31 1 81
1260 31 1 82
1261 31 1 83
1262 31 1 84
1263 31 1 85
1264 32 1 64
1265 32 1 65
1266 32 1 66
1267 32 1 67
1268 32 1 68
1269 32 1 69
1270 32 1 70
1271 32 1 71
1272 32 1 72
1273 32 1 73
1274 32 1 74
1275 32 1 75
1276 32 1 76
1277 32 1 77
1278 32 1 78
1279 32 1 79
1280 32 1 80
1281 32 1 81
1282 32 1 82
1283 32 1 83
1284 32 1 84
1285 32 1 85
1286 32 1 86
1287 33 1 66
1288 33 1 67
1289 33 1 68
1290 33 1 69
1291 33 1 70
1292 33 1 71
1293 33 1 72
1294 33 1 73
1295 33 1 74
1296 33 1 75
1297 33 1 76
1298 33 1 77
1299 33 1 78
1300 33 1 79
1301 33 1 80
1302 33 1 81
1303 33 1 82
1304 33 1 83
1305 33 1 84
1306 33 1 85
1307 33 1 86
1308 33 1 87
1309 34 1 68
1310 34 1 69
1311 34 1 70
1312 34 1 71
1313 34 1 72
1314 34 1 73
1315 34 1 74
1316 34 1 75
1317 34 1 76
1318 34 1 77
1319 34 1 78
1320 34 1 79
1321 34 1 80
1322 34 1 81
1323 34 1 82
1324 34 1 83
1325 34 1 84
1326 34 1 85
1327 34 1 86
1328 34 1 87
1329 34 1 88
1330 35 1 70
1331 35 1 71
1332 35 1 72
1333 35 1 73
1334 35 1 74
1335 35 1 75
1336 35 1 76
1337 35 1 77
1338 35 1 78
1339 35 1 79
1340 35 1 80
1341 35 1 81
1342 35 1 82
1343 35 1 83
1344 35 1 84
1345 35 1 85
1346 35 1 86
1347 35 1 87
1348 35 1 88
1349 35 1 89
1350 36 1 72
1351 36 1 73
1352 36 1 74
1353 36 1 75
1354 36 1 76
1355 36 1 77
1356 36 1 78
1357 36 1 79
1358 36 1 80
1359 36 1 81
1360 36 1 82
1361 36 1 83
1362 36 1 84
1363 36 1 85
1364 36 1 86
1365 36 1 87
1366 36 1 88
1367 36 1 89
1368 36 1 90
1369 37 1 74
1370 37 1 75
1371 37 1 76
1372 37 1 77
1373 37 1 78
1374 37 1 79
1375 37 1 80
1376 37 1 81
1377 37 1 82
1378 37 1 83
1379 37 1 84
1380 37 1 85
1381 37 1 86
1382 37 1 87
1383 37 1 88
1384 37 1 89
1385 37 1 90
1386 37 1 91
1387 38 1 76
1388 38 1 77
1389 38 1 78
1390 38 1 79
1391 38 1 80
1392 38 1 81
1393 38 1 82
1394 38 1 83
1395 38 1 84
1396 38 1 85
1397 38 1 86
1398 38 1 87
1399 38 1 88
1400 38 1 89
1401 38 1 90
1402 38 1 91
1403 38 1 92
1404 39 1 78
1405 39 1 79
1406 39 1 80
1407 39 1 81
1408 39 1 82
1409 39 1 83
1410 39 1 84
1411 39 1 85
1412 39 1 86
1413 39 1 87
1414 39 1 88
1415 39 1 89
1416 39 1 90
1417 39 1 91
1418 39 1 92
1419 39 1 93
1420 40 1 80
1421 40 1 81
1422 40 1 82
1423 40 1 83
1424 40 1 84
1425 40 1 85
1426 40 1 86
1427 40 1 87
1428 40 1 88
1429 40 1 89
1430 40 1 90
1431 40 1 91
1432 40 1 92
1433 40 1 93
1434 40 1 94
1435 41 1 82
1436 41 1 83
1437 41 1 84
1438 41 1 85
1439 41 1 86
1440 41 1 87
1441 41 1 88
1442 41 1 89
1443 41 1 90
1444 41 1 91
1445 41 1 92
1446 41 1 93
1447 41 1 94
1448 41 1 95
1449 42 1 84
1450 42 1 85
1451 42 1 86
1452 42 1 87
1453 42 1 88
1454 42 1 89
1455 42 1 90
1456 42 1 91
1457 42 1 92
1458 42 1 93
1459 42 1 94
1460 42 1 95
1461 42 1 96
1462 43 1 86
1463 43 1 87
1464 43 1 88
1465 43 1 89
1466 43 1 90
1467 43 1 91
1468 43 1 92
1469 43 1 93
1470 43 1 94
1471 43 1 95
1472 43 1 96
1473 43 1 97
1474 44 1 88
1475 44 1 89
1476 44 1 90
1477 44 1 91
1478 44 1 92
1479 44 1 93
1480 44 1 94
1481 44 1 95
1482 44 1 96
1483 44 1 97
1484 44 1 98
1485 45 1 90
1486 45 1 91
1487 45 1 92
1488 45 1 93
1489 45 1 94
1490 45 1 95
1491 45 1 96
1492 45 1 97
1493 45 1 98
1494 45 1 99
1495 46 1 92
1496 46 1 93
1497 46 1 94
1498 46 1 95
1499 46 1 96
1500 46 1 97
1501 46 1 98
1502 46 1 99
1503 46 1 100
1504 47 1 94
1505 47 1 95
1506 47 1 96
1507 47 1 97
1508 47 1 98
1509 47 1 99
1510 47 1 100
1511 47 1 101
1512 48 1 96
1513 48 1 97
1514 48 1 98
1515 48 1 99
1516 48 1 100
1517 48 1 101
1518 48 1 102
1519 49 1 98
1520 49 1 99
1521 49 1 100
1522 49 1 101
1523 49 1 102
1524 49 1 103
1525 50 1 100
1526 50 1 101
1527 50 1 102
1528 50 1 103
1529 50 1 104
1530 51 1 102
1531 51 1 103
1532 51 1 104
1533 51 1 105
1534 52 1 104
1535 52 1 105
1536 52 1 106
1537 53 1 106
1538 53 1 107
1539 54 1 108
1540 55 128 110
1541 54 64 109
1542 53 32 108
1543 52 16 107
1544 51 8 106
1545 50 4 105
1546 49 2 104
1547 48 1 103
1548 47 129 102
1549 46 193 101
1550 45 225 100
1551 44 241 99
1552 43 249 98
1553 42 253 97
1554 41 255 96
1555 40 256 95
1556 39 128 94
1557 38 64 93
1558 37 32 92
1559 36 16 91
1560 35 8 90
1561 34 4 89
1562 33 2 88
1563 32 1 87
1564 31 129 86
1565 30 193 85
1566 29 225 84
1567 28 241 83
1568 27 249 82
1569 26 253 81
1570 25 255 80
1571 24 256 79
1572 23 128 78
1573 22 64 77
1574 21 32 76
1575 20 16 75
1576 19 8 74
1577 18 4 73
1578 17 2 72
1579 16 1 71
1580 15 129 70
1581 14 193 69
1582 13 225 68
1583 12 241 67
1584 11 249 66
1585 10 253 65
1586 9 255 64
1587 8 256 63
1588 7 128 62
1589 6 64 61
1590 5 32 60
1591 4 16 59
1592 56 128 112
1593 55 64 111
1594 54 32 110
1595 53 16 109
1596 52 8 108
1597 51 4 107
1598 50 2 106
1599 49 1 105
1600 48 129 104
1601 47 193 103
1602 46 225 102
1603 45 241 101
1604 44 249 100
1605 43 253 99
1606 42 255 98
1607 41 256 97
1608 40 128 96
1609 39 64 95
1610 38 32 94
1611 37 16 93
1612 36 8 92
1613 35 4 91
1614 34 2 90
1615 33 1 89
1616 32 129 88
1617 31 193 87
1618 30 225 86
1619 29 241 85
1620 28 249 84
1621 27 253 83
1622 26 255 82
1623 25 256 81
1624 24 128 80
1625 23 64 79
1626 22 32 78
1627 21 16 77
1628 20 8 76
1629 19 4 75
1630 18 2 74
1631 17 1 73
1632 16 129 72
1633 15 193 71
1634 14 225 70
1635 13 241 69
1636 12 249 68
1637 11 253 67
1638 10 255 66
1639 9 256 65
1640 8 128 64
1641 7 64 63
1642 6 32 62
1643 57 128 114
1644 56 64 113
1645 55 32 112
1646 54 16 111
1647 53 8 110
1648 52 4 109
1649 51 2 108
1650 50 1 107
1651 49 129 106
1652 48 193 105
1653 47 225 104
1654 46 241 103
1655 45 249 102
1656 44 253 101
1657 43 255 100
1658 42 256 99
1659 41 128 98
1660 40 64 97
1661 39 32 96
1662 38 16 95
1663 37 8 94
1664 36 4 93
1665 35 2 92
1666 34 1 91
1667 33 129 90
1668 32 193 89
1669 31 225 88
1670 30 241 87
1671 29 249 86
1672 28 253 85
1673 27 255 84
1674 26 256 83
1675 25 128 82
1676 24 64 81
1677 23 32 80
1678 22 16 79
1679 21 8 78
1680 20 4 77
1681 19 2 76
1682 18 1 75
1683 17 129 74
1684 16 193 73
1685 15 225 72
1686 14 241 71
1687 13 249 70
1688 12 253 69
1689 11 255 68
1690 10 256 67
1691 9 128 66
1692 8 64 65
1693 58 128 116
1694 57 64 115
1695 56 32 114
1696 55 16 113
1697 54 8 112
1698 53 4 111
1699 52 2 110
1700 51 1 109
1701 50 129 108
1702 49 193 107
1703 48 225 106
1704 47 241 105
1705 46 249 104
1706 45 253 103
1707 44 255 102
1708 43 256 101
1709 42 128 100
1710 41 64 99
1711 40 32 98
1712 39 16 97
1713 38 8 96
1714 37 4 95
1715 36 2 94
1716 35 1 93
1717 34 129 92
1718 33 193 91
1719 32 225 90
1720 31 241 89
1721 30 249 88
1722 29 253 87
1723 28 255 86
1724 27 256 85
1725 26 128 84
1726 25 64 83
1727 24 32 82
1728 23 16 81
1729 22 8 80
1730 21 4 79
1731 20 2 78
1732 19 1 77
1733 18 129 76
1734 17 193 75
1735 16 225 74
1736 15 241 73
1737 14 249 72
1738 13 253 71
1739 12 255 70
1740 11 256 69
1741 10 128 68
1742 59 128 118
1743 58 64 117
1744 57 32 116
1745 56 16 115
1746 55 8 114
1747 54 4 113
1748 53 2 112
1749 52 1 111
1750 51 129 110
1751 50 193 109
1752 49 225 108
1753 48 241 107
1754 47 249 106
1755 46 253 105
1756 45 255 104
1757 44 256 103
1758 43 128 102
1759 42 64 101
1760 41 32 100
1761 40 16 99
1762 39 8 98
1763 38 4 97
1764 37 2 96
1765 36 1 95
1766 35 129 94
1767 34 193 93
1768 33 225 92
1769 32 241 91
1770 31 249 90
1771 30 253 89
1772 29 255 88
1773 28 256 87
1774 27 128 86
1775 26 64 85
1776 25 32 84
1777 24 16 83
1778 23 8 82
1779 22 4 81
1780 21 2 80
1781 20 1 79
1782 19 129 78
1783 18 193 77
1784 17 225 76
1785 16 241 75
1786 15 249 74
1787 14 253 73
1788 13 255 72
1789 12 256 71
1790 60 128 120
1791 59 64 119
1792 58 32 118
1793 57 16 117
1794 56 8 116
1795 55 4 115
1796 54 2 114
1797 53 1 113
1798 52 129 112
1799 51 193 111
1800 50 225 110
1801 49 241 109
1802 48 249 108
1803 47 253 107
1804 46 255 106
1805 45 256 105
1806 44 128 104
1807 43 64 103
1808 42 32 102
1809 41 16 101
1810 40 8 100
1811 39 4 99
1812 38 2 98
1813 37 1 97
1814 36 129 96
1815 35 193 95
1816 34 225 94
1817 33 241 93
1818 32 249 92
1819 31 253 91
1820 30 255 90
1821 29 256 89
1822 28 128 88
1823 27 64 87
1824 26 32 86
1825 25 16 85
1826 24 8 84
1827 23 4 83
1828 22 2 82
1829 21 1 81
1830 20 129 80
1831 19 193 79
1832 18 225 78
1833 17 241 77
1834 16 249 76
1835 15 253 75
1836 14 255 74
1837 61 128 122
1838 60 64 121
1839 59 32 120
1840 58 16 119
1841 57 8 118
1842 56 4 117
1843 55 2 116
1844 54 1 115
1845 53 129 114
1846 52 193 113
1847 51 225 112
1848 50 241 111
1849 49 249 110
1850 48 253 109
1851 47 255 108
1852 46 256 107
1853 45 128 106
1854 44 64 105
1855 43 32 104
1856 42 16 103
1857 41 8 102
1858 40 4 101
1859 39 2 100
1860 38 1 99
1861 37 129 98
1862 36 193 97
1863 35 225 96
1864 34 241 95
1865 33 249 94
1866 32 253 93
1867 31 255 92
1868 30 256 91
1869 29 128 90
1870 28 64 89
1871 27 32 88
1872 26 16 87
1873 25 8 86
1874 24 4 85
1875 23 2 84
1876 22 1 83
1877 21 129 82
1878 20 193 81
1879 19 225 80
1880 18 241 79
1881 17 249 78
1882 16 253 77
1883 62 128 124
1884 61 64 123
1885 60 32 122
1886 59 16 121
1887 58 8 120
1888 57 4 119
1889 56 2 118
1890 55 1 117
1891 54 129 116
1892 53 193 115
1893 52 225 114
1894 51 241 113
1895 50 249 112
1896 49 253 111
1897 48 255 110
1898 47 256 109
1899 46 128 108
1900 45 64 107
1901 44 32 106
1902 43 16 105
1903 42 8 104
1904 41 4 103
1905 40 2 102
1906 39 1 101
1907 38 129 100
1908 37 193 99
1909 36 225 98
1910 35 241 97
1911 34 249 96
1912 33 253 95
1913 32 255 94
1914 31 256 93
1915 30 128 92
1916 29 64 91
1917 28 32 90
1918 27 16 89
1919 26 8 88
1920 25 4 87
1921 24 2 86
1922 23 1 85
1923 22 129 84
1924 21 193 83
1925 20 225 82
1926 19 241 81
1927 18 249 80
1928 63 128 126
1929 62 64 125
1930 61 32 124
1931 60 16 123
1932 59 8 122
1933 58 4 121
1934 57 2 120
1935 56 1 119
1936 55 129 118
1937 54 193 117
1938 53 225 116
1939 52 241 115
1940 51 249 114
1941 50 253 113
1942 49 255 112
1943 48 256 111
1944 47 128 110
1945 46 64 109
1946 45 32 108
1947 44 16 107
1948 43 8 106
1949 42 4 105
1950 41 2 104
1951 40 1 103
1952 39 129 102
1953 38 193 101
1954 37 225 100
1955 36 241 99
1956 35 249 98
1957 34 253 97
1958 33 255 96
1959 32 256 95
1960 31 128 94
1961 30 64 93
1962 29 32 92
1963 28 16 91
1964 27 8 90
1965 26 4 89
1966 25 2 88
1967 24 1 87
1968 23 129 86
1969 22 193 85
1970 21 225 84
1971 20 241 83
1972 64 128 128
1973 63 64 127
1974 62 32 126
1975 61 16 125
1976 60 8 124
1977 59 4 123
1978 58 2 122
1979 57 1 121
1980 56 129 120
1981 55 193 119
1982 54 225 118
1983 53 241 117
1984 52 249 116
1985 51 253 115
1986 50 255 114
1987 49 256 113
1988 48 128 112
1989 47 64 111
1990 46 32 110
1991 45 16 109
1992 44 8 108
1993 43 4 107
1994 42 2 106
1995 41 1 105
1996 40 129 104
1997 39 193 103
1998 38 225 102
1999 37 241 101
2000 36 249 100
2001 35 253 99
2002 34 255 98
2003 33 256 97
2004 32 128 96
2005 31 64 95
2006 30 32 94
2007 29 16 93
2008 28 8 92
2009 27 4 91
2010 26 2 90
2011 25 1 89
2012 24 129 88
2013 23 193 87
2014 22 225 86
2015 65 128 130
2016 64 64 129
2017 63 32 128
2018 62 16 127
2019 61 8 126
2020 60 4 125
2021 59 2 124
2022 58 1 123
2023 57 129 122
2024 56 193 121
2025 55 225 120
2026 54 241 119
2027 53 249 118
2028 52 253 117
2029 51 255 116
2030 50 256 115
2031 49 128 114
2032 48 64 113
2033 47 32 112
2034 46 16 111
2035 45 8 110
2036 44 4 109
2037 43 2 108
2038 42 1 107
2039 41 129 106
2040 40 193 105
2041 39 225 104
2042 38 241 103
2043 37 249 102
2044 36 253 101
2045 35 255 100
2046 34 256 99
2047 33 128 98
2048 32 64 97
2049 31 32 96
2050 30 16 95
2051 29 8 94
2052 28 4 93
2053 27 2 92
2054 26 1 91
2055 25 129 90
2056 24 193 89
2057 66 128 132
2058 65 64 131
2059 64 32 130
2060 63 16 129
2061 62 8 128
2062 61 4 127
2063 60 2 126
2064 59 1 125
2065 58 129 124
2066 57 193 123
2067 56 225 122
2068 55 241 121
2069 54 249 120
2070 53 253 119
2071 52 255 118
2072 51 256 117
2073 50 128 116
2074 49 64 115
2075 48 32 114
2076 47 16 113
2077 46 8 112
2078 45 4 111
2079 44 2 110
2080 43 1 109
2081 42 129 108
2082 41 193 107
2083 40 225 106
2084 39 241 105
2085 38 249 104
2086 37 253 103
2087 36 255 102
2088 35 256 101
2089 34 128 100
2090 33 64 99
2091 32 32 98
2092 31 16 97
2093 30 8 96
2094 29 4 95
2095 28 2 94
2096 27 1 93
2097 26 129 92
2098 67 128 134
2099 66 64 133
2100 65 32 132
2101 64 16 131
2102 63 8 130
2103 62 4 129
2104 61 2 128
2105 60 1 127
2106 59 129 126
2107 58 193 125
2108 57 225 124
2109 56 241 123
2110 55 249 122
2111 54 253 121
2112 53 255 120
2113 52 256 119
2114 51 128 118
2115 50 64 117
2116 49 32 116
2117 48 16 115
2118 47 8 114
2119 46 4 113
2120 45 2 112
2121 44 1 111
2122 43 129 110
2123 42 193 109
2124 41 225 108
2125 40 241 107
2126 39 249 106
2127 38 253 105
2128 37 255 104
2129 36 256 103
2130 35 128 102
2131 34 64 101
2132 33 32 100
2133 32 16 99
2134 31 8 98
2135 30 4 97
2136 29 2 96
2137 28 1 95
2138 68 128 136
2139 67 64 135
2140 66 32 134
2141 65 16 133
2142 64 8 132
2143 63 4 131
2144 62 2 130
2145 61 1 129
2146 60 129 128
2147 59 193 127
2148 58 225 126
2149 57 241 125
2150 56 249 124
2151 55 253 123
2152 54 255 122
2153 53 256 121
2154 52 128 120
2155 51 64 119
2156 50 32 118
2157 49 16 117
2158 48 8 116
2159 47 4 115
2160 46 2 114
2161 45 1 113
2162 44 129 112
2163 43 193 111
2164 42 225 110
2165 41 241 109
2166 40 249 108
2167 39 253 107
2168 38 255 106
2169 37 256 105
2170 36 128 104
2171 35 64 103
2172 34 32 102
2173 33 16 101
2174 32 8 100
2175 31 4 99
2176 30 2 98
2177 69 128 138
2178 68 64 137
2179 67 32 136
2180 66 16 135
2181 65 8 134
2182 64 4 133
2183 63 2 132
2184 62 1 131
2185 61 129 130
2186 60 193 129
2187 59 225 128
2188 58 241 127
2189 57 249 126
2190 56 253 125
2191 55 255 124
2192 54 256 123
2193 53 128 122
2194 52 64 121
2195 51 32 120
2196 50 16 119
2197 49 8 118
2198 48 4 117
2199 47 2 116
2200 46 1 115
2201 45 129 114
2202 44 193 113
2203 43 225 112
2204 42 241 111
2205 41 249 110
2206 40 253 109
2207 39 255 108
2208 38 256 107
2209 37 128 106
2210 36 64 105
2211 35 32 104
2212 34 16 103
2213 33 8 102
2214 32 4 101
2215 70 128 140
2216 69 64 139
2217 68 32 138
2218 67 16 137
2219 66 8 136
2220 65 4 135
2221 64 2 134
2222 63 1 133
2223 62 129 132
2224 61 193 131
2225 60 225 130
2226 59 241 129
2227 58 249 128
2228 57 253 127
2229 56 255 126
2230 55 256 125
2231 54 128 124
2232 53 64 123
2233 52 32 122
2234 51 16 121
2235 50 8 120
2236 49 4 119
2237 48 2 118
2238 47 1 117
2239 46 129 116
2240 45 193 115
2241 44 225 114
2242 43 241 113
2243 42 249 112
2244 41 253 111
2245 40 255 110
2246 39 256 109
2247 38 128 108
2248 37 64 107
2249 36 32 106
2250 35 16 105
2251 34 8 104
2252 71 128 142
2253 70 64 141
2254 69 32 140
2255 68 16 139
2256 67 8 138
2257 66 4 137
2258 65 2 136
2259 64 1 135
2260 63 129 134
2261 62 193 133
2262 61 225 132
2263 60 241 131
2264 59 249 130
2265 58 253 129
2266 57 255 128
2267 56 256 127
2268 55 128 126
2269 54 64 125
2270 53 32 124
2271 52 16 123
2272 51 8 122
2273 50 4 121
2274 49 2 120
2275 48 1 119
2276 47 129 118
2277 46 193 117
2278 45 225 116
2279 44 241 115
2280 43 249 114
2281 42 253 113
2282 41 255 112
2283 40 256 111
2284 39 128 110
2285 38 64 109
2286 37 32 108
2287 36 16 107
2288 72 128 144
2289 71 64 143
2290 70 32 142
2291 69 16 141
2292 68 8 140
2293 67 4 139
2294 66 2 138
2295 65 1 137
2296 64 129 136
2297 63 193 135
2298 62 225 134
2299 61 241 133
2300 60 249 132
2301 59 253 131
2302 58 255 130
2303 57 256 129
2304 56 128 128
2305 55 64 127
2306 54 32 126
2307 53 16 125
2308 52 8 124
2309 51 4 123
2310 50 2 122
2311 49 1 121
2312 48 129 120
2313 47 193 119
2314 46 225 118
2315 45 241 117
2316 44 249 116
2317 43 253 115
2318 42 255 114
2319 41 256 113
2320 40 128 112
2321 39 64 111
2322 38 32 110
2323 73 128 146
2324 72 64 145
2325 71 32 144
2326 70 16 143
2327 69 8 142
2328 68 4 141
2329 67 2 140
2330 66 1 139
2331 65 129 138
2332 64 193 137
2333 63 225 136
2334 62 241 135
2335 61 249 134
2336 60 253 133
2337 59 255 132
2338 58 256 131
2339 57 128 130
2340 56 64 129
2341 55 32 128
2342 54 16 127
2343 53 8 126
2344 52 4 125
2345 51 2 124
2346 50 1 123
2347 49 129 122
2348 48 193 121
2349 47 225 120
2350 46 241 119
2351 45 249 118
2352 44 253 117
2353 43 255 116
2354 42 256 115
2355 41 128 114
2356 40 64 113
2357 74 128 148
2358 73 64 147
2359 72 32 146
2360 71 16 145
2361 70 8 144
2362 69 4 143
2363 68 2 142
2364 67 1 141
2365 66 129 140
2366 65 193 139
2367 64 225 138
2368 63 241 137
2369 62 249 136
2370 61 253 135
2371 60 255 134
2372 59 256 133
2373 58 128 132
2374 57 64 131
2375 56 32 130
2376 55 16 129
2377 54 8 128
2378 53 4 127
2379 52 2 126
2380 51 1 125
2381 50 129 124
2382 49 193 123
2383 48 225 122
2384 47 241 121
2385 46 249 120
2386 45 253 119
2387 44 255 118
2388 43 256 117
2389 42 128 116
2390 75 128 150
2391 74 64 149
2392 73 32 148
2393 72 16 147
2394 71 8 146
2395 70 4 145
2396 69 2 144
2397 68 1 143
2398 67 129 142
2399 66 193 141
2400 65 225 140
2401 64 241 139
2402 63 249 138
2403 62 253 137
2404 61 255 136
2405 60 256 135
2406 59 128 134
2407 58 64 133
2408 57 32 132
2409 56 16 131
2410 55 8 130
2411 54 4 129
2412 53 2 128
2413 52 1 127
2414 51 129 126
2415 50 193 125
2416 49 225 124
2417 48 241 123
2418 47 249 122
2419 46 253 121
2420 45 255 120
2421 44 256 119
2422 76 128 152
2423 75 64 151
2424 74 32 150
2425 73 16 149
2426 72 8 148
2427 71 4 147
2428 70 2 146
2429 69 1 145
2430 68 129 144
2431 67 193 143
2432 66 225 142
2433 65 241 141
2434 64 249 140
2435 63 253 139
2436 62 255 138
2437 61 256 137
2438 60 128 136
2439 59 64 135
2440 58 32 134
2441 57 16 133
2442 56 8 132
2443 55 4 131
2444 54 2 130
2445 53 1 129
2446 52 129 128
2447 51 193 127
2448 50 225 126
2449 49 241 125
2450 48 249 124
2451 47 253 123
2452 46 255 122
2453 77 128 154
2454 76 64 153
2455 75 32 152
2456 74 16 151
2457 73 8 150
2458 72 4 149
2459 71 2 148
2460 70 1 147
2461 69 129 146
2462 68 193 145
2463 67 225 144
2464 66 241 143
2465 65 249 142
2466 64 253 141
2467 63 255 140
2468 62 256 139
2469 61 128 138
2470 60 64 137
2471 59 32 136
2472 58 16 135
2473 57 8 134
2474 56 4 133
2475 55 2 132
2476 54 1 131
2477 53 129 130
2478 52 193 129
2479 51 225 128
2480 50 241 127
2481 49 249 126
2482 48 253 125
2483 78 128 156
2484 77 64 155
2485 76 32 154
2486 75 16 153
2487 74 8 152
2488 73 4 151
2489 72 2 150
2490 71 1 149
2491 70 129 148
2492 69 193 147
2493 68 225 146
2494 67 241 145
2495 66 249 144
2496 65 253 143
2497 64 255 142
2498 63 256 141
2499 62 128 140
2500 61 64 139
2501 60 32 138
2502 59 16 137
2503 58 8 136
2504 57 4 135
2505 56 2 134
2506 55 1 133
2507 54 129 132
2508 53 193 131
2509 52 225 130
2510 51 241 129
2511 50 249 128
2512 79 128 158
2513 78 64 157
2514 77 32 156
2515 76 16 155
2516 75 8 154
2517 74 4 153
2518 73 2 152
2519 72 1 151
2520 71 129 150
2521 70 193 149
2522 69 225 148
2523 68 241 147
2524 67 249 146
2525 66 253 145
2526 65 255 144
2527 64 256 143
2528 63 128 142
2529 62 64 141
2530 61 32 140
2531 60 16 139
2532 59 8 138
2533 58 4 137
2534 57 2 136
2535 56 1 135
2536 55 129 134
2537 54 193 133
2538 53 225 132
2539 52 241 131
2540 80 128 160
2541 79 64 159
2542 78 32 158
2543 77 16 157
2544 76 8 156
2545 75 4 155
2546 74 2 154
2547 73 1 153
2548 72 129 152
2549 71 193 151
2550 70 225 150
2551 69 241 149
2552 68 249 148
2553 67 253 147
2554 66 255 146
2555 65 256 145
2556 64 128 144
2557 63 64 143
2558 62 32 142
2559 61 16 141
2560 60 8 140
2561 59 4 139
2562 58 2 138
2563 57 1 137
2564 56 129 136
2565 55 193 135
2566 54 225 134
2567 81 128 162
2568 80 64 161
2569 79 32 160
2570 78 16 159
2571 77 8 158
2572 76 4 157
2573 75 2 156
2574 74 1 155
2575 73 129 154
2576 72 193 153
2577 71 225 152
2578 70 241 151
2579 69 249 150
2580 68 253 149
2581 67 255 148
2582 66 256 147
2583 65 128 146
2584 64 64 145
2585 63 32 144
2586 62 16 143
2587 61 8 142
2588 60 4 141
2589 59 2 140
2590 58 1 139
2591 57 129 138
2592 56 193 137
2593 82 128 164
2594 81 64 163
2595 80 32 162
2596 79 16 161
2597 78 8 160
2598 77 4 159
2599 76 2 158
2600 75 1 157
2601 74 129 156
2602 73 193 155
2603 72 225 154
2604 71 241 153
2605 70 249 152
2606 69 253 151
2607 68 255 150
2608 67 256 149
2609 66 128 148
2610 65 64 147
2611 64 32 146
2612 63 16 145
2613 62 8 144
2614 61 4 143
2615 60 2 142
2616 59 1 141
2617 58 129 140
2618 83 128 166
2619 82 64 165
2620 81 32 164
2621 80 16 163
2622 79 8 162
2623 78 4 161
2624 77 2 160
2625 76 1 159
2626 75 129 158
2627 74 193 157
2628 73 225 156
2629 72 241 155
2630 71 249 154
2631 70 253 153
2632 69 255 152
2633 68 256 151
2634 67 128 150
2635 66 64 149
2636 65 32 148
2637 64 16 147
2638 63 8 146
2639 62 4 145
2640 61 2 144
2641 60 1 143
2642 84 128 168
2643 83 64 167
2644 82 32 166
2645 81 16 165
2646 80 8 164
2647 79 4 163
2648 78 2 162
2649 77 1 161
2650 76 129 160
2651 75 193 159
2652 74 225 158
2653 73 241 157
2654 72 249 156
2655 71 253 155
2656 70 255 154
2657 69 256 153
2658 68 128 152
2659 67 64 151
2660 66 32 150
2661 65 16 149
2662 64 8 148
2663 63 4 147
2664 62 2 146
2665 85 128 170
2666 84 64 169
2667 83 32 168
2668 82 16 167
2669 81 8 166
2670 80 4 165
2671 79 2 164
2672 78 1 163
2673 77 129 162
2674 76 193 161
2675 75 225 160
2676 74 241 159
2677 73 249 158
2678 72 253 157
2679 71 255 156
2680 70 256 155
2681 69 128 154
2682 68 64 153
2683 67 32 152
2684 66 16 151
2685 65 8 150
2686 64 4 149
2687 86 128 172
2688 85 64 171
2689 84 32 170
2690 83 16 169
2691 82 8 168
2692 81 4 167
2693 80 2 166
2694 79 1 165
2695 78 129 164
2696 77 193 163
2697 76 225 162
2698 75 241 161
2699 74 249 160
2700 73 253 159
2701 72 255 158
2702 71 256 157
2703 70 128 156
2704 69 64 155
2705 68 32 154
2706 67 16 153
2707 66 8 152
2708 87 128 174
2709 86 64 173
2710 85 32 172
2711 84 16 171
2712 83 8 170
2713 82 4 169
2714 81 2 168
2715 80 1 167
2716 79 129 166
2717 78 193 165
2718 77 225 164
2719 76 241 163
2720 75 249 162
2721 74 253 161
2722 73 255 160
2723 72 256 159
2724 71 128 158
2725 70 64 157
2726 69 32 156
2727 68 16 155
2728 88 128 176
2729 87 64 175
2730 86 32 174
2731 85 16 173
2732 84 8 172
2733 83 4 171
2734 82 2 170
2735 81 1 169
2736 80 129 168
2737 79 193 167
2738 78 225 166
2739 77 241 165
2740 76 249 164
2741 75 253 163
2742 74 255 162
2743 73 256 161
2744 72 128 160
2745 71 64 159
2746 70 32 158
2747 89 128 178
2748 88 64 177
2749 87 32 176
2750 86 16 175
2751 85 8 174
2752 84 4 173
2753 83 2 172
2754 82 1 171
2755 81 129 170
2756 80 193 169
2757 79 225 168
2758 78 241 167
2759 77 249 166
2760 76 253 165
2761 75 255 164
2762 74 256 163
2763 73 128 162
2764 72 64 161
2765 90 128 180
2766 89 64 179
2767 88 32 178
2768 87 16 177
2769 86 8 176
2770 85 4 175
2771 84 2 174
2772 83 1 173
2773 82 129 172
2774 81 193 171
2775 80 225 170
2776 79 241 169
2777 78 249 168
2778 77 253 167
2779 76 255 166
2780 75 256 165
2781 74 128 164
2782 91 128 182
2783 90 64 181
2784 89 32 180
2785 88 16 179
2786 87 8 178
2787 86 4 177
2788 85 2 176
2789 84 1 175
2790 83 129 174
2791 82 193 173
2792 81 225 172
2793 80 241 171
2794 79 249 170
2795 78 253 169
2796 77 255 168
2797 76 256 167
2798 92 128 184
2799 91 64 183
2800 90 32 182
2801 89 16 181
2802 88 8 180
2803 87 4 179
2804 86 2 178
2805 85 1 177
2806 84 129 176
2807 83 193 175
2808 82 225 174
2809 81 241 173
2810 80 249 172
2811 79 253 171
2812 78 255 170
2813 93 128 186
2814 92 64 185
2815 91 32 184
2816 90 16 183
2817 89 8 182
2818 88 4 181
2819 87 2 180
2820 86 1 179
2821 85 129 178
2822 84 193 177
2823 83 225 176
2824 82 241 175
2825 81 249 174
2826 80 253 173
2827 94 128 188
2828 93 64 187
2829 92 32 186
2830 91 16 185
2831 90 8 184
2832 89 4 183
2833 88 2 182
2834 87 1 181
2835 86 129 180
2836 85 193 179
2837 84 225 178
2838 83 241 177
2839 82 249 176
2840 95 128 190
2841 94 64 189
2842 93 32 188
2843 92 16 187
2844 91 8 186
2845 90 4 185
2846 89 2 184
2847 88 1 183
2848 87 129 182
2849 86 193 181
2850 85 225 180
2851 84 241 179
2852 96 128 192
2853 95 64 191
2854 94 32 190
2855 93 16 189
2856 92 8 188
2857 91 4 187
2858 90 2 186
2859 89 1 185
2860 88 129 184
2861 87 193 183
2862 86 225 182
2863 97 128 194
2864 96 64 193
2865 95 32 192
2866 94 16 191
2867 93 8 190
2868 92 4 189
2869 91 2 188
2870 90 1 187
2871 89 129 186
2872 88 193 185
2873 98 128 196
2874 97 64 195
2875 96 32 194
2876 95 16 193
2877 94 8 192
2878 93 4 191
2879 92 2 190
2880 91 1 189
2881 90 129 188
2882 99 128 198
2883 98 64 197
2884 97 32 196
2885 96 16 195
2886 95 8 194
2887 94 4 193
2888 93 2 192
2889 92 1 191
2890 100 128 200
2891 99 64 199
2892 98 32 198
2893 97 16 197
2894 96 8 196
2895 95 4 195
2896 94 2 194
2897 101 128 202
2898 100 64 201
2899 99 32 200
2900 98 16 199
2901 97 8 198
2902 96 4 197
2903 102 128 204
2904 101 64 203
2905 100 32 202
2906 99 16 201
2907 98 8 200
2908 103 128 206
2909 102 64 205
2910 101 32 204
2911 100 16 203
2912 104 128 208
2913 103 64 207
2914 102 32 206
2915 105 128 210
2916 104 64 209
2917 106 128 212
2918 0 1 55
2919 0 1 56
2920 0 1 57
2921 0 1 58
2922 0 1 59
2923 0 1 60
2924 0 1 61
2925 0 1 62
2926 0 1 63
2927 0 1 64
2928 0 1 65
2929 0 1 66
2930 0 1 67
2931 0 1 68
2932 0 1 69
2933 0 1 70
2934 0 1 71
2935 0 1 72
2936 0 1 73
2937 0 1 74
2938 0 1 75
2939 0 1 76
2940 0 1 77
2941 0 1 78
2942 0 1 79
2943 0 1 80
2944 0 1 81
2945 0 1 82
2946 0 1 83
2947 0 1 84
2948 0 1 85
2949 0 1 86
2950 0 1 87
2951 0 1 88
2952 0 1 89
2953 0 1 90
2954 0 1 91
2955 0 1 92
2956 0 1 93
2957 0 1 94
2958 0 1 95
2959 0 1 96
2960 0 1 97
2961 0 1 98
2962 0 1 99
2963 0 1 100
2964 0 1 101
2965 0 1 102
2966 0 1 103
2967 1 1 56
2968 1 1 57
2969 1 1 58
2970 1 1 59
2971 1 1 60
2972 1 1 61
2973 1 1 62
2974 1 1 63
2975 1 1 64
2976 1 1 65
2977 1 1 66
2978 1 1 67
2979 1 1 68
2980 1 1 69
2981 1 1 70
2982 1 1 71
2983 1 1 72
2984 1 1 73
2985 1 1 74
2986 1 1 75
2987 1 1 76
2988 1 1 77
2989 1 1 78
2990 1 1 79
2991 1 1 80
2992 1 1 81
2993 1 1 82
2994 1 1 83
2995 1 1 84
2996 1 1 85
2997 1 1 86
2998 1 1 87
2999 1 1 88
3000 1 1 89
3001 1 1 90
3002 1 1 91
3003 1 1 92
3004 1 1 93
3005 1 1 94
3006 1 1 95
3007 1 1 96
3008 1 1 97
3009 1 1 98
3010 1 1 99
3011 1 1 100
3012 1 1 101
3013 1 1 102
3014 1 1 103
3015 2 1 57
3016 2 1 58
3017 2 1 59
3018 2 1 60
3019 2 1 61
3020 2 1 62
3021 2 1 63
3022 2 1 64
3023 2 1 65
3024 2 1 66
3025 2 1 67
3026 2 1 68
3027 2 1 69
3028 2 1 70
3029 2 1 71
3030 2 1 72
3031 2 1 73
3032 2 1 74
3033 2 1 75
3034 2 1 76
3035 2 1 77
3036 2 1 78
3037 2 1 79
3038 2 1 80
3039 2 1 81
3040 2 1 82
3041 2 1 83
3042 2 1 84
3043 2 1 85
3044 2 1 86
3045 2 1 87
3046 2 1 88
3047 2 1 89
3048 2 1 90
3049 2 1 91
3050 2 1 92
3051 2 1 93
3052 2 1 94
3053 2 1 95
3054 2 1 96
3055 2 1 97
3056 2 1 98
3057 2 1 99
3058 2 1 100
3059 2 1 101
3060 2 1 102
3061 2 1 103
3062 3 1 58
3063 3 1 59
3064 3 1 60
3065 3 1 61
3066 3 1 62
3067 3 1 63
3068 3 1 64
3069 3 1 65
3070 3 1 66
3071 3 1 67
3072 3 1 68
3073 3 1 69
3074 3 1 70
3075 3 1 71
3076 3 1 72
3077 3 1 73
3078 3 1 74
3079 3 1 75
3080 3 1 76
3081 3 1 77
3082 3 1 78
3083 3 1 79
3084 3 1 80
3085 3 1 81
3086 3 1 82
3087 3 1 83
3088 3 1 84
3089 3 1 85
3090 3 1 86
3091 3 1 87
3092 3 1 88
3093 3 1 89
3094 3 1 90
3095 3 1 91
3096 3 1 92
3097 3 1 93
3098 3 1 94
3099 3 1 95
3100 3 1 96
3101 3 1 97
3102 3 1 98
3103 3 1 99
3104 3 1 100
3105 3 1 101
3106 3 1 102
3107 3 1 103
3108 4 1 60
3109 4 1 61
3110 5 255 61
3111 4 1 62
3112 4 1 63
3113 4 1 64
3114 4 1 65
3115 4 1 66
3116 4 1 67
3117 4 1 68
3118 4 1 69
3119 4 1 70
3120 4 1 71
3121 4 1 72
3122 4 1 73
3123 4 1 74
3124 4 1 75
3125 4 1 76
3126 4 1 77
3127 4 1 78
3128 4 1 79
3129 4 1 80
3130 4 1 81
3131 4 1 82
3132 4 1 83
3133 4 1 84
3134 4 1 85
3135 4 1 86
3136 4 1 87
3137 4 1 88
3138 4 1 89
3139 4 1 90
3140 4 1 91
3141 4 1 92
3142 4 1 93
3143 4 1 94
3144 4 1 95
3145 4 1 96
3146 4 1 97
3147 4 1 98
3148 4 1 99
3149 4 1 100
3150 4 1 101
3151 4 1 102
3152 4 1 103
3153 5 1 62
3154 5 1 63
3155 6 255 63
3156 5 1 64
3157 7 4 64
3158 5 1 65
3159 5 1 66
3160 5 1 67
3161 5 1 68
3162 5 1 69
3163 5 1 70
3164 5 1 71
3165 5 1 72
3166 5 1 73
3167 5 1 74
3168 5 1 75
3169 5 1 76
3170 5 1 77
3171 5 1 78
3172 5 1 79
3173 5 1 80
3174 5 1 81
3175 5 1 82
3176 5 1 83
3177 5 1 84
3178 5 1 85
3179 5 1 86
3180 5 1 87
3181 5 1 88
3182 5 1 89
3183 5 1 90
3184 5 1 91
3185 5 1 92
3186 5 1 93
3187 5 1 94
3188 5 1 95
3189 5 1 96
3190 5 1 97
3191 5 1 98
3192 5 1 99
3193 5 1 100
3194 5 1 101
3195 5 1 102
3196 5 1 103
3197 6 1 64
3198 6 1 65
3199 7 255 65
3200 6 1 66
3201 8 4 66
3202 6 1 67
3203 9 249 67
3204 6 1 68
3205 6 1 69
3206 6 1 70
3207 6 1 71
3208 6 1 72
3209 6 1 73
3210 6 1 74
3211 6 1 75
3212 6 1 76
3213 6 1 77
3214 6 1 78
3215 6 1 79
3216 6 1 80
3217 6 1 81
3218 6 1 82
3219 6 1 83
3220 6 1 84
3221 6 1 85
3222 6 1 86
3223 6 1 87
3224 6 1 88
3225 6 1 89
3226 6 1 90
3227 6 1 91
3228 6 1 92
3229 6 1 93
3230 6 1 94
3231 6 1 95
3232 6 1 96
3233 6 1 97
3234 6 1 98
3235 6 1 99
3236 6 1 100
3237 6 1 101
3238 6 1 102
3239 6 1 103
3240 7 1 66
3241 7 1 67
3242 8 255 67
3243 7 1 68
3244 9 4 68
3245 7 1 69
3246 10 249 69
3247 7 1 70
3248 11 16 70
3249 7 1 71
3250 7 1 72
3251 7 1 73
3252 7 1 74
3253 7 1 75
3254 7 1 76
3255 7 1 77
3256 7 1 78
3257 7 1 79
3258 7 1 80
3259 7 1 81
3260 7 1 82
3261 7 1 83
3262 7 1 84
3263 7 1 85
3264 7 1 86
3265 7 1 87
3266 7 1 88
3267 7 1 89
3268 7 1 90
3269 7 1 91
3270 7 1 92
3271 7 1 93
3272 7 1 94
3273 7 1 95
3274 7 1 96
3275 7 1 97
3276 7 1 98
3277 7 1 99
3278 7 1 100
3279 7 1 101
3280 7 1 102
3281 7 1 103
3282 8 1 68
3283 8 1 69
3284 9 255 69
3285 8 1 70
3286 10 4 70
3287 8 1 71
3288 11 249 71
3289 8 1 72
3290 12 16 72
3291 8 1 73
3292 13 225 73
3293 8 1 74
3294 8 1 75
3295 8 1 76
3296 8 1 77
3297 8 1 78
3298 8 1 79
3299 8 1 80
3300 8 1 81
3301 8 1 82
3302 8 1 83
3303 8 1 84
3304 8 1 85
3305 8 1 86
3306 8 1 87
3307 8 1 88
3308 8 1 89
3309 8 1 90
3310 8 1 91
3311 8 1 92
3312 8 1 93
3313 8 1 94
3314 8 1 95
3315 8 1 96
3316 8 1 97
3317 8 1 98
3318 8 1 99
3319 8 1 100
3320 8 1 101
3321 8 1 102
3322 8 1 103
3323 9 1 70
3324 9 1 71
3325 10 255 71
3326 9 1 72
3327 11 4 72
3328 9 1 73
3329 12 249 73
3330 9 1 74
3331 13 16 74
3332 9 1 75
3333 14 225 75
3334 9 1 76
3335 15 64 76
3336 9 1 77
3337 9 1 78
3338 9 1 79
3339 9 1 80
3340 9 1 81
3341 9 1 82
3342 9 1 83
3343 9 1 84
3344 9 1 85
3345 9 1 86
3346 9 1 87
3347 9 1 88
3348 9 1 89
3349 9 1 90
3350 9 1 91
3351 9 1 92
3352 9 1 93
3353 9 1 94
3354 9 1 95
3355 9 1 96
3356 9 1 97
3357 9 1 98
3358 9 1 99
3359 9 1 100
3360 9 1 101
3361 9 1 102
3362 9 1 103
3363 10 1 72
3364 10 1 73
3365 11 255 73
3366 10 1 74
3367 12 4 74
3368 10 1 75
3369 13 249 75
3370 10 1 76
3371 14 16 76
3372 10 1 77
3373 15 225 77
3374 10 1 78
3375 16 64 78
3376 10 1 79
3377 17 129 79
3378 10 1 80
3379 10 1 81
3380 10 1 82
3381 10 1 83
3382 10 1 84
3383 10 1 85
3384 10 1 86
3385 10 1 87
3386 10 1 88
3387 10 1 89
3388 10 1 90
3389 10 1 91
3390 10 1 92
3391 10 1 93
3392 10 1 94
3393 10 1 95
3394 10 1 96
3395 10 1 97
3396 10 1 98
3397 10 1 99
3398 10 1 100
3399 10 1 101
3400 10 1 102
3401 10 1 103
3402 11 1 74
3403 11 1 75
3404 12 255 75
3405 11 1 76
3406 13 4 76
3407 11 1 77
3408 14 249 77
3409 11 1 78
3410 15 16 78
3411 11 1 79
3412 16 225 79
3413 11 1 80
3414 17 64 80
3415 11 1 81
3416 18 129 81
3417 11 1 82
3418 19 256 82
3419 11 1 83
3420 11 1 84
3421 11 1 85
3422 11 1 86
3423 11 1 87
3424 11 1 88
3425 11 1 89
3426 11 1 90
3427 11 1 91
3428 11 1 92
3429 11 1 93
3430 11 1 94
3431 11 1 95
3432 11 1 96
3433 11 1 97
3434 11 1 98
3435 11 1 99
3436 11 1 100
3437 11 1 101
3438 11 1 102
3439 11 1 103
3440 12 1 76
3441 12 1 77
3442 13 255 77
3443 12 1 78
3444 14 4 78
3445 12 1 79
3446 15 249 79
3447 12 1 80
3448 16 16 80
3449 12 1 81
3450 17 225 81
3451 12 1 82
3452 18 64 82
3453 12 1 83
3454 19 129 83
3455 12 1 84
3456 20 256 84
3457 12 1 85
3458 21 2 85
3459 12 1 86
3460 12 1 87
3461 12 1 88
3462 12 1 89
3463 12 1 90
3464 12 1 91
3465 12 1 92
3466 12 1 93
3467 12 1 94
3468 12 1 95
3469 12 1 96
3470 12 1 97
3471 12 1 98
3472 12 1 99
3473 12 1 100
3474 12 1 101
3475 12 1 102
3476 12 1 103
3477 13 1 78
3478 13 1 79
3479 14 255 79
3480 13 1 80
3481 15 4 80
3482 13 1 81
3483 16 249 81
3484 13 1 82
3485 17 16 82
3486 13 1 83
3487 18 225 83
3488 13 1 84
3489 19 64 84
3490 13 1 85
3491 20 129 85
3492 13 1 86
3493 21 256 86
3494 13 1 87
3495 22 2 87
3496 13 1 88
3497 23 253 88
3498 13 1 89
3499 13 1 90
3500 13 1 91
3501 13 1 92
3502 13 1 93
3503 13 1 94
3504 13 1 95
3505 13 1 96
3506 13 1 97
3507 13 1 98
3508 13 1 99
3509 13 1 100
3510 13 1 101
3511 13 1 102
3512 13 1 103
3513 14 1 80
3514 14 1 81
3515 15 255 81
3516 14 1 82
3517 16 4 82
3518 14 1 83
3519 17 249 83
3520 14 1 84
3521 18 16 84
3522 14 1 85
3523 19 225 85
3524 14 1 86
3525 20 64 86
3526 14 1 87
3527 21 129 87
3528 14 1 88
3529 22 256 88
3530 14 1 89
3531 23 2 89
3532 14 1 90
3533 24 253 90
3534 14 1 91
3535 25 8 91
3536 14 1 92
3537 14 1 93
3538 14 1 94
3539 14 1 95
3540 14 1 96
3541 14 1 97
3542 14 1 98
3543 14 1 99
3544 14 1 100
3545 14 1 101
3546 14 1 102
3547 14 1 103
3548 15 1 82
3549 15 1 83
3550 16 255 83
3551 15 1 84
3552 17 4 84
3553 15 1 85
3554 18 249 85
3555 15 1 86
3556 19 16 86
3557 15 1 87
3558 20 225 87
3559 15 1 88
3560 21 64 88
3561 15 1 89
3562 22 129 89
3563 15 1 90
3564 23 256 90
3565 15 1 91
3566 24 2 91
3567 15 1 92
3568 25 253 92
3569 15 1 93
3570 26 8 93
3571 15 1 94
3572 27 241 94
3573 15 1 95
3574 15 1 96
3575 15 1 97
3576 15 1 98
3577 15 1 99
3578 15 1 100
3579 15 1 101
3580 15 1 102
3581 15 1 103
3582 16 1 84
3583 16 1 85
3584 17 255 85
3585 16 1 86
3586 18 4 86
3587 16 1 87
3588 19 249 87
3589 16 1 88
3590 20 16 88
3591 16 1 89
3592 21 225 89
3593 16 1 90
3594 22 64 90
3595 16 1 91
3596 23 129 91
3597 16 1 92
3598 24 256 92
3599 16 1 93
3600 25 2 93
3601 16 1 94
3602 26 253 94
3603 16 1 95
3604 27 8 95
3605 16 1 96
3606 28 241 96
3607 16 1 97
3608 29 32 97
3609 16 1 98
3610 16 1 99
3611 16 1 100
3612 16 1 101
3613 16 1 102
3614 16 1 103
3615 17 1 86
3616 17 1 87
3617 18 255 87
3618 17 1 88
3619 19 4 88
3620 17 1 89
3621 20 249 89
3622 17 1 90
3623 21 16 90
3624 17 1 91
3625 22 225 91
3626 17 1 92
3627 23 64 92
3628 17 1 93
3629 24 129 93
3630 17 1 94
3631 25 256 94
3632 17 1 95
3633 26 2 95
3634 17 1 96
3635 27 253 96
3636 17 1 97
3637 28 8 97
3638 17 1 98
3639 29 241 98
3640 17 1 99
3641 30 32 99
3642 17 1 100
3643 31 193 100
3644 17 1 101
3645 17 1 102
3646 17 1 103
3647 18 1 88
3648 18 1 89
3649 19 255 89
3650 18 1 90
3651 20 4 90
3652 18 1 91
3653 21 249 91
3654 18 1 92
3655 22 16 92
3656 18 1 93
3657 23 225 93
3658 18 1 94
3659 24 64 94
3660 18 1 95
3661 25 129 95
3662 18 1 96
3663 26 256 96
3664 18 1 97
3665 27 2 97
3666 18 1 98
3667 28 253 98
3668 18 1 99
3669 29 8 99
3670 18 1 100
3671 30 241 100
3672 18 1 101
3673 31 32 101
3674 18 1 102
3675 32 193 102
3676 18 1 103
3677 33 128 103
3678 19 1 90
3679 19 1 91
3680 20 255 91
3681 19 1 92
3682 21 4 92
3683 19 1 93
3684 22 249 93
3685 19 1 94
3686 23 16 94
3687 19 1 95
3688 24 225 95
3689 19 1 96
3690 25 64 96
3691 19 1 97
3692 26 129 97
3693 19 1 98
3694 27 256 98
3695 19 1 99
3696 28 2 99
3697 19 1 100
3698 29 253 100
3699 19 1 101
3700 30 8 101
3701 19 1 102
3702 31 241 102
3703 19 1 103
3704 32 32 103
3705 17 219 104
3706 18 136 104
3707 19 1 104
3708 20 1 92
3709 20 1 93
3710 21 255 93
3711 20 1 94
3712 22 4 94
3713 20 1 95
3714 23 249 95
3715 20 1 96
3716 24 16 96
3717 20 1 97
3718 25 225 97
3719 20 1 98
3720 26 64 98
3721 20 1 99
3722 27 129 99
3723 20 1 100
3724 28 256 100
3725 20 1 101
3726 29 2 101
3727 20 1 102
3728 30 253 102
3729 20 1 103
3730 31 8 103
3731 15 8 104
3732 16 178 104
3733 20 1 104
3734 33 85 104
3735 19 132 105
3736 20 1 105
3737 21 1 94
3738 21 1 95
3739 22 255 95
3740 21 1 96
3741 23 4 96
3742 21 1 97
3743 24 249 97
3744 21 1 98
3745 25 16 98
3746 21 1 99
3747 26 225 99
3748 21 1 100
3749 27 64 100
3750 21 1 101
3751 28 129 101
3752 21 1 102
3753 29 256 102
3754 21 1 103
3755 30 2 103
3756 13 105 104
3757 14 168 104
3758 21 1 104
3759 32 194 104
3760 17 1 105
3761 18 215 105
3762 21 1 105
3763 34 252 105
3764 21 1 106
3765 22 1 96
3766 22 1 97
3767 23 255 97
3768 22 1 98
3769 24 4 98
3770 22 1 99
3771 25 249 99
3772 22 1 100
3773 26 16 100
3774 22 1 101
3775 27 225 101
3776 22 1 102
3777 28 64 102
3778 22 1 103
3779 29 129 103
3780 11 134 104
3781 12 240 104
3782 22 1 104
3783 31 4 104
3784 15 224 105
3785 16 50 105
3786 22 1 105
3787 33 4 105
3788 19 223 106
3789 20 143 106
3790 22 1 106
3791 35 187 106
3792 23 1 98
3793 23 1 99
3794 24 255 99
3795 23 1 100
3796 25 4 100
3797 23 1 101
3798 26 249 101
3799 23 1 102
3800 27 16 102
3801 23 1 103
3802 28 225 103
3803 9 252 104
3804 10 148 104
3805 23 1 104
3806 30 140 104
3807 13 72 105
3808 14 198 105
3809 23 1 105
3810 32 137 105
3811 17 56 106
3812 18 141 106
3813 23 1 106
3814 34 15 106
3815 21 169 107
3816 22 98 107
3817 23 1 107
3818 24 1 100
3819 24 1 101
3820 25 255 101
3821 24 1 102
3822 26 4 102
3823 24 1 103
3824 27 249 103
3825 7 56 104
3826 8 219 104
3827 24 1 104
3828 29 43 104
3829 11 13 105
3830 12 232 105
3831 24 1 105
3832 31 159 105
3833 15 153 106
3834 16 228 106
3835 24 1 106
3836 33 203 106
3837 19 228 107
3838 20 5 107
3839 24 1 107
3840 35 70 107
3841 23 104 108
3842 24 1 108
3843 25 1 102
3844 25 1 103
3845 26 255 103
3846 5 178 104
3847 6 219 104
3848 25 1 104
3849 28 162 104
3850 9 57 105
3851 10 99 105
3852 25 1 105
3853 30 40 105
3854 13 60 106
3855 14 23 106
3856 25 1 106
3857 32 39 106
3858 17 218 107
3859 18 214 107
3860 25 1 107
3861 34 122 107
3862 21 167 108
3863 22 113 108
3864 25 1 108
3865 36 198 108
3866 25 1 109
3867 4 253 104
3868 26 1 104
3869 27 157 104
3870 7 225 105
3871 8 131 105
3872 26 1 105
3873 29 115 105
3874 11 12 106
3875 12 102 106
3876 26 1 106
3877 31 174 106
3878 15 127 107
3879 16 250 107
3880 26 1 107
3881 33 155 107
3882 19 82 108
3883 20 97 108
3884 26 1 108
3885 35 136 108
3886 23 168 109
3887 24 166 109
3888 26 1 109
3889 37 63 109
3890 6 23 105
3891 27 1 105
3892 28 152 105
3893 9 45 106
3894 10 129 106
3895 27 1 106
3896 30 249 106
3897 13 4 107
3898 14 34 107
3899 27 1 107
3900 32 118 107
3901 17 192 108
3902 18 125 108
3903 27 1 108
3904 34 130 108
3905 21 132 109
3906 22 106 109
3907 27 1 109
3908 36 185 109
3909 25 168 110
3910 26 166 110
3911 27 1 110
3912 8 139 106
3913 28 1 106
3914 29 160 106
3915 11 163 107
3916 12 176 107
3917 28 1 107
3918 31 196 107
3919 15 17 108
3920 16 16 108
3921 28 1 108
3922 33 195 108
3923 19 128 109
3924 20 169 109
3925 28 1 109
3926 35 3 109
3927 23 23 110
3928 24 256 110
3929 28 1 110
3930 37 226 110
3931 27 97 111
3932 28 1 111
3933 10 16 107
3934 29 1 107
3935 30 226 107
3936 13 101 108
3937 14 221 108
3938 29 1 108
3939 32 238 108
3940 17 107 109
3941 18 10 109
3942 29 1 109
3943 34 164 109
3944 21 73 110
3945 22 255 110
3946 29 1 110
3947 36 135 110
3948 25 241 111
3949 26 213 111
3950 29 1 111
3951 38 215 111
3952 29 1 112
3953 12 142 108
3954 30 1 108
3955 31 73 108
3956 15 135 109
3957 16 130 109
3958 30 1 109
3959 33 115 109
3960 19 137 110
3961 20 8 110
3962 30 1 110
3963 35 198 110
3964 23 217 111
3965 24 156 111
3966 30 1 111
3967 37 67 111
3968 27 187 112
3969 28 193 112
3970 30 1 112
3971 39 94 112
3972 14 136 109
3973 31 1 109
3974 32 190 109
3975 17 37 110
3976 18 226 110
3977 31 1 110
3978 34 208 110
3979 21 137 111
3980 22 8 111
3981 31 1 111
3982 36 129 111
3983 25 118 112
3984 26 208 112
3985 31 1 112
3986 38 120 112
3987 29 131 113
3988 30 39 113
3989 31 1 113
3990 16 96 110
3991 32 1 110
3992 33 117 110
3993 19 223 111
3994 20 91 111
3995 32 1 111
3996 35 218 111
3997 23 50 112
3998 24 168 112
3999 32 1 112
4000 37 111 112
4001 27 123 113
4002 28 60 113
4003 32 1 113
4004 39 143 113
4005 31 234 114
4006 32 1 114
4007 18 84 111
4008 33 1 111
4009 34 107 111
4010 21 108 112
4011 22 104 112
4012 33 1 112
4013 36 232 112
4014 25 75 113
4015 26 252 113
4016 33 1 113
4017 38 75 113
4018 29 246 114
4019 30 120 114
4020 33 1 114
4021 40 1 114
4022 33 1 115
4023 20 141 112
4024 34 1 112
4025 35 135 112
4026 23 110 113
4027 24 144 113
4028 34 1 113
4029 37 138 113
4030 27 113 114
4031 28 61 114
4032 34 1 114
4033 39 150 114
4034 31 173 115
4035 32 122 115
4036 34 1 115
4037 41 8 115
4038 22 218 113
4039 35 1 113
4040 36 82 113
4041 25 12 114
4042 26 240 114
4043 35 1 114
4044 38 254 114
4045 29 43 115
4046 30 237 115
4047 35 1 115
4048 40 209 115
4049 33 5 116
4050 34 109 116
4051 35 1 116
4052 24 197 114
4053 36 1 114
4054 37 253 114
4055 27 24 115
4056 28 223 115
4057 36 1 115
4058 39 216 115
4059 31 29 116
4060 32 118 116
4061 36 1 116
4062 41 129 116
4063 35 92 117
4064 36 1 117
4065 26 147 115
4066 37 1 115
4067 38 47 115
4068 29 109 116
4069 30 124 116
4070 37 1 116
4071 40 67 116
4072 33 30 117
4073 34 255 117
4074 37 1 117
4075 42 66 117
4076 37 1 118
4077 28 17 116
4078 38 1 116
4079 39 195 116
4080 31 115 117
4081 32 244 117
4082 38 1 117
4083 41 210 117
4084 35 120 118
4085 36 249 118
4086 38 1 118
4087 43 139 118
4088 30 147 117
4089 39 1 117
4090 40 123 117
4091 33 17 118
4092 34 83 118
4093 39 1 118
4094 42 239 118
4095 37 86 119
4096 38 217 119
4097 39 1 119
4098 32 29 118
4099 40 1 118
4100 41 214 118
4101 35 183 119
4102 36 62 119
4103 40 1 119
4104 43 221 119
4105 39 242 120
4106 40 1 120
4107 34 173 119
4108 41 1 119
4109 42 164 119
4110 37 205 120
4111 38 245 120
4112 41 1 120
4113 44 167 120
4114 41 1 121
4115 36 130 120
4116 42 1 120
4117 43 94 120
4118 39 109 121
4119 40 124 121
4120 42 1 121
4121 45 154 121
4122 38 137 121
4123 43 1 121
4124 44 246 121
4125 41 210 122
4126 42 88 122
4127 43 1 122
4128 40 164 122
4129 44 1 122
4130 45 71 122
4131 43 90 123
4132 44 1 123
4133 42 16 123
4134 45 1 123
4135 46 235 123
4136 45 1 124
4137 44 42 124
4138 46 1 124
4139 47 213 124
4140 46 111 125
4141 47 1 125
4142 48 1 126
4143 49 6 127
4144 48 2 127
4145 47 172 126
4146 46 143 126
4147 45 219 125
4148 44 73 125
4149 43 110 124
4150 42 208 124
4151 41 155 123
4152 40 223 123
4153 39 160 122
4154 38 139 122
4155 37 132 121
4156 36 44 121
4157 35 186 120
4158 34 62 120
4159 33 192 119
4160 32 64 119
4161 31 107 118
4162 30 207 118
4163 29 69 117
4164 28 23 117
4165 27 179 116
4166 26 231 116
4167 25 77 115
4168 24 197 115
4169 23 237 114
4170 22 79 114
4171 21 112 113
4172 20 123 113
4173 19 41 112
4174 18 185 112
4175 17 233 111
4176 16 249 111
4177 15 83 110
4178 14 199 110
4179 13 152 109
4180 12 222 109
4181 50 6 129
4182 49 2 128
4183 48 172 128
4184 47 143 127
4185 46 219 127
4186 45 73 126
4187 44 110 126
4188 43 208 125
4189 42 155 125
4190 41 223 124
4191 40 160 124
4192 39 139 123
4193 38 132 123
4194 37 44 122
4195 36 186 122
4196 35 62 121
4197 34 192 121
4198 33 64 120
4199 32 107 120
4200 31 207 119
4201 30 69 119
4202 29 23 118
4203 28 179 118
4204 27 231 117
4205 26 77 117
4206 25 197 116
4207 24 237 116
4208 23 79 115
4209 22 112 115
4210 21 123 114
4211 20 41 114
4212 19 185 113
4213 18 233 113
4214 17 249 112
4215 16 83 112
4216 15 199 111
4217 14 152 111
4218 51 6 130
4219 50 2 130
4220 49 172 129
4221 48 143 129
4222 47 219 128
4223 46 73 128
4224 45 110 127
4225 44 208 127
4226 43 155 126
4227 42 223 126
4228 41 160 125
4229 40 139 125
4230 39 132 124
4231 38 44 124
4232 37 186 123
4233 36 62 123
4234 35 192 122
4235 34 64 122
4236 33 107 121
4237 32 207 121
4238 31 69 120
4239 30 23 120
4240 29 179 119
4241 28 231 119
4242 27 77 118
4243 26 197 118
4244 25 237 117
4245 24 79 117
4246 23 112 116
4247 22 123 116
4248 21 41 115
4249 20 185 115
4250 19 233 114
4251 18 249 114
4252 17 83 113
4253 16 199 113
4254 52 6 132
4255 51 2 131
4256 50 172 131
4257 49 143 130
4258 48 219 130
4259 47 73 129
4260 46 110 129
4261 45 208 128
4262 44 155 128
4263 43 223 127
4264 42 160 127
4265 41 139 126
4266 40 132 126
4267 39 44 125
4268 38 186 125
4269 37 62 124
4270 36 192 124
4271 35 64 123
4272 34 107 123
4273 33 207 122
4274 32 69 122
4275 31 23 121
4276 30 179 121
4277 29 231 120
4278 28 77 120
4279 27 197 119
4280 26 237 119
4281 25 79 118
4282 24 112 118
4283 23 123 117
4284 22 41 117
4285 21 185 116
4286 20 233 116
4287 19 249 115
4288 18 83 115
4289 53 6 133
4290 52 2 133
4291 51 172 132
4292 50 143 132
4293 49 219 131
4294 48 73 131
4295 47 110 130
4296 46 208 130
4297 45 155 129
4298 44 223 129
4299 43 160 128
4300 42 139 128
4301 41 132 127
4302 40 44 127
4303 39 186 126
4304 38 62 126
4305 37 192 125
4306 36 64 125
4307 35 107 124
4308 34 207 124
4309 33 69 123
4310 32 23 123
4311 31 179 122
4312 30 231 122
4313 29 77 121
4314 28 197 121
4315 27 237 120
4316 26 79 120
4317 25 112 119
4318 24 123 119
4319 23 41 118
4320 22 185 118
4321 21 233 117
4322 20 249 117
4323 54 6 135
4324 53 2 134
4325 52 172 134
4326 51 143 133
4327 50 219 133
4328 49 73 132
4329 48 110 132
4330 47 208 131
4331 46 155 131
4332 45 223 130
4333 44 160 130
4334 43 139 129
4335 42 132 129
4336 41 44 128
4337 40 186 128
4338 39 62 127
4339 38 192 127
4340 37 64 126
4341 36 107 126
4342 35 207 125
4343 34 69 125
4344 33 23 124
4345 32 179 124
4346 31 231 123
4347 30 77 123
4348 29 197 122
4349 28 237 122
4350 27 79 121
4351 26 112 121
4352 25 123 120
4353 24 41 120
4354 23 185 119
4355 22 233 119
4356 55 6 136
4357 54 2 136
4358 53 172 135
4359 52 143 135
4360 51 219 134
4361 50 73 134
4362 49 110 133
4363 48 208 133
4364 47 155 132
4365 46 223 132
4366 45 160 131
4367 44 139 131
4368 43 132 130
4369 42 44 130
4370 41 186 129
4371 40 62 129
4372 39 192 128
4373 38 64 128
4374 37 107 127
4375 36 207 127
4376 35 69 126
4377 34 23 126
4378 33 179 125
4379 32 231 125
4380 31 77 124
4381 30 197 124
4382 29 237 123
4383 28 79 123
4384 27 112 122
4385 26 123 122
4386 25 41 121
4387 24 185 121
4388 56 6 138
4389 55 2 137
4390 54 172 137
4391 53 143 136
4392 52 219 136
4393 51 73 135
4394 50 110 135
4395 49 208 134
4396 48 155 134
4397 47 223 133
4398 46 160 133
4399 45 139 132
4400 44 132 132
4401 43 44 131
4402 42 186 131
4403 41 62 130
4404 40 192 130
4405 39 64 129
4406 38 107 129
4407 37 207 128
4408 36 69 128
4409 35 23 127
4410 34 179 127
4411 33 231 126
4412 32 77 126
4413 31 197 125
4414 30 237 125
4415 29 79 124
4416 28 112 124
4417 27 123 123
4418 26 41 123
4419 57 6 139
4420 56 2 139
4421 55 172 138
4422 54 143 138
4423 53 219 137
4424 52 73 137
4425 51 110 136
4426 50 208 136
4427 49 155 135
4428 48 223 135
4429 47 160 134
4430 46 139 134
4431 45 132 133
4432 44 44 133
4433 43 186 132
4434 42 62 132
4435 41 192 131
4436 40 64 131
4437 39 107 130
4438 38 207 130
4439 37 69 129
4440 36 23 129
4441 35 179 128
4442 34 231 128
4443 33 77 127
4444 32 197 127
4445 31 237 126
4446 30 79 126
4447 29 112 125
4448 28 123 125
4449 58 6 141
4450 57 2 140
4451 56 172 140
4452 55 143 139
4453 54 219 139
4454 53 73 138
4455 52 110 138
4456 51 208 137
4457 50 155 137
4458 49 223 136
4459 48 160 136
4460 47 139 135
4461 46 132 135
4462 45 44 134
4463 44 186 134
4464 43 62 133
4465 42 192 133
4466 41 64 132
4467 40 107 132
4468 39 207 131
4469 38 69 131
4470 37 23 130
4471 36 179 130
4472 35 231 129
4473 34 77 129
4474 33 197 128
4475 32 237 128
4476 31 79 127
4477 30 112 127
4478 59 6 142
4479 58 2 142
4480 57 172 141
4481 56 143 141
4482 55 219 140
4483 54 73 140
4484 53 110 139
4485 52 208 139
4486 51 155 138
4487 50 223 138
4488 49 160 137
4489 48 139 137
4490 47 132 136
4491 46 44 136
4492 45 186 135
4493 44 62 135
4494 43 192 134
4495 42 64 134
4496 41 107 133
4497 40 207 133
4498 39 69 132
4499 38 23 132
4500 37 179 131
4501 36 231 131
4502 35 77 130
4503 34 197 130
4504 33 237 129
4505 32 79 129
4506 60 6 144
4507 59 2 143
4508 58 172 143
4509 57 143 142
4510 56 219 142
4511 55 73 141
4512 54 110 141
4513 53 208 140
4514 52 155 140
4515 51 223 139
4516 50 160 139
4517 49 139 138
4518 48 132 138
4519 47 44 137
4520 46 186 137
4521 45 62 136
4522 44 192 136
4523 43 64 135
4524 42 107 135
4525 41 207 134
4526 40 69 134
4527 39 23 133
4528 38 179 133
4529 37 231 132
4530 36 77 132
4531 35 197 131
4532 34 237 131
4533 61 6 145
4534 60 2 145
4535 59 172 144
4536 58 143 144
4537 57 219 143
4538 56 73 143
4539 55 110 142
4540 54 208 142
4541 53 155 141
4542 52 223 141
4543 51 160 140
4544 50 139 140
4545 49 132 139
4546 48 44 139
4547 47 186 138
4548 46 62 138
4549 45 192 137
4550 44 64 137
4551 43 107 136
4552 42 207 136
4553 41 69 135
4554 40 23 135
4555 39 179 134
4556 38 231 134
4557 37 77 133
4558 36 197 133
4559 62 6 147
4560 61 2 146
4561 60 172 146
4562 59 143 145
4563 58 219 145
4564 57 73 144
4565 56 110 144
4566 55 208 143
4567 54 155 143
4568 53 223 142
4569 52 160 142
4570 51 139 141
4571 50 132 141
4572 49 44 140
4573 48 186 140
4574 47 62 139
4575 46 192 139
4576 45 64 138
4577 44 107 138
4578 43 207 137
4579 42 69 137
4580 41 23 136
4581 40 179 136
4582 39 231 135
4583 38 77 135
4584 63 6 148
4585 62 2 148
4586 61 172 147
4587 60 143 147
4588 59 219 146
4589 58 73 146
4590 57 110 145
4591 56 208 145
4592 55 155 144
4593 54 223 144
4594 53 160 143
4595 52 139 143
4596 51 132 142
4597 50 44 142
4598 49 186 141
4599 48 62 141
4600 47 192 140
4601 46 64 140
4602 45 107 139
4603 44 207 139
4604 43 69 138
4605 42 23 138
4606 41 179 137
4607 40 231 137
4608 64 6 150
4609 63 2 149
4610 62 172 149
4611 61 143 148
4612 60 219 148
4613 59 73 147
4614 58 110 147
4615 57 208 146
4616 56 155 146
4617 55 223 145
4618 54 160 145
4619 53 139 144
4620 52 132 144
4621 51 44 143
4622 50 186 143
4623 49 62 142
4624 48 192 142
4625 47 64 141
4626 46 107 141
4627 45 207 140
4628 44 69 140
4629 43 23 139
4630 42 179 139
4631 65 6 151
4632 64 2 151
4633 63 172 150
4634 62 143 150
4635 61 219 149
4636 60 73 149
4637 59 110 148
4638 58 208 148
4639 57 155 147
4640 56 223 147
4641 55 160 146
4642 54 139 146
4643 53 132 145
4644 52 44 145
4645 51 186 144
4646 50 62 144
4647 49 192 143
4648 48 64 143
4649 47 107 142
4650 46 207 142
4651 45 69 141
4652 44 23 141
4653 66 6 153
4654 65 2 152
4655 64 172 152
4656 63 143 151
4657 62 219 151
4658 61 73 150
4659 60 110 150
4660 59 208 149
4661 58 155 149
4662 57 223 148
4663 56 160 148
4664 55 139 147
4665 54 132 147
4666 53 44 146
4667 52 186 146
4668 51 62 145
4669 50 192 145
4670 49 64 144
4671 48 107 144
4672 47 207 143
4673 46 69 143
4674 67 6 154
4675 66 2 154
4676 65 172 153
4677 64 143 153
4678 63 219 152
4679 62 73 152
4680 61 110 151
4681 60 208 151
4682 59 155 150
4683 58 223 150
4684 57 160 149
4685 56 139 149
4686 55 132 148
4687 54 44 148
4688 53 186 147
4689 52 62 147
4690 51 192 146
4691 50 64 146
4692 49 107 145
4693 48 207 145
4694 68 6 156
4695 67 2 155
4696 66 172 155
4697 65 143 154
4698 64 219 154
4699 63 73 153
4700 62 110 153
4701 61 208 152
4702 60 155 152
4703 59 223 151
4704 58 160 151
4705 57 139 150
4706 56 132 150
4707 55 44 149
4708 54 186 149
4709 53 62 148
4710 52 192 148
4711 51 64 147
4712 50 107 147
4713 69 6 157
4714 68 2 157
4715 67 172 156
4716 66 143 156
4717 65 219 155
4718 64 73 155
4719 63 110 154
4720 62 208 154
4721 61 155 153
4722 60 223 153
4723 59 160 152
4724 58 139 152
4725 57 132 151
4726 56 44 151
4727 55 186 150
4728 54 62 150
4729 53 192 149
4730 52 64 149
4731 70 6 159
4732 69 2 158
4733 68 172 158
4734 67 143 157
4735 66 219 157
4736 65 73 156
4737 64 110 156
4738 63 208 155
4739 62 155 155
4740 61 223 154
4741 60 160 154
4742 59 139 153
4743 58 132 153
4744 57 44 152
4745 56 186 152
4746 55 62 151
4747 54 192 151
4748 71 6 160
4749 70 2 160
4750 69 172 159
4751 68 143 159
4752 67 219 158
4753 66 73 158
4754 65 110 157
4755 64 208 157
4756 63 155 156
4757 62 223 156
4758 61 160 155
4759 60 139 155
4760 59 132 154
4761 58 44 154
4762 57 186 153
4763 56 62 153
4764 72 6 162
4765 71 2 161
4766 70 172 161
4767 69 143 160
4768 68 219 160
4769 67 73 159
4770 66 110 159
4771 65 208 158
4772 64 155 158
4773 63 223 157
4774 62 160 157
4775 61 139 156
4776 60 132 156
4777 59 44 155
4778 58 186 155
4779 73 6 163
4780 72 2 163
4781 71 172 162
4782 70 143 162
4783 69 219 161
4784 68 73 161
4785 67 110 160
4786 66 208 160
4787 65 155 159
4788 64 223 159
4789 63 160 158
4790 62 139 158
4791 61 132 157
4792 60 44 157
4793 74 6 165
4794 73 2 164
4795 72 172 164
4796 71 143 163
4797 70 219 163
4798 69 73 162
4799 68 110 162
4800 67 208 161
4801 66 155 161
4802 65 223 160
4803 64 160 160
4804 63 139 159
4805 62 132 159
4806 75 6 166
4807 74 2 166
4808 73 172 165
4809 72 143 165
4810 71 219 164
4811 70 73 164
4812 69 110 163
4813 68 208 163
4814 67 155 162
4815 66 223 162
4816 65 160 161
4817 64 139 161
4818 76 6 168
4819 75 2 167
4820 74 172 167
4821 73 143 166
4822 72 219 166
4823 71 73 165
4824 70 110 165
4825 69 208 164
4826 68 155 164
4827 67 223 163
4828 66 160 163
4829 77 6 169
4830 76 2 169
4831 75 172 168
4832 74 143 168
4833 73 219 167
4834 72 73 167
4835 71 110 166
4836 70 208 166
4837 69 155 165
4838 68 223 165
4839 78 6 171
4840 77 2 170
4841 76 172 170
4842 75 143 169
4843 74 219 169
4844 73 73 168
4845 72 110 168
4846 71 208 167
4847 70 155 167
4848 79 6 172
4849 78 2 172
4850 77 172 171
4851 76 143 171
4852 75 219 170
4853 74 73 170
4854 73 110 169
4855 72 208 169
4856 80 6 174
4857 79 2 173
4858 78 172 173
4859 77 143 172
4860 76 219 172
4861 75 73 171
4862 74 110 171
4863 81 6 175
4864 80 2 175
4865 79 172 174
4866 78 143 174
4867 77 219 173
4868 76 73 173
4869 82 6 177
4870 81 2 176
4871 80 172 176
4872 79 143 175
4873 78 219 175
4874 83 6 178
4875 82 2 178
4876 81 172 177
4877 80 143 177
4878 84 6 180
4879 83 2 179
4880 82 172 179
4881 85 6 181
4882 84 2 181
4883 86 6 183
4884 87 4 184
4885 85 1 182
4886 83 193 180
4887 81 241 178
4888 79 253 176
4889 77 256 174
4890 75 64 172
4891 73 16 170
4892 71 4 168
4893 69 1 166
4894 67 193 164
4895 65 241 162
4896 63 253 160
4897 61 256 158
4898 59 64 156
4899 57 16 154
4900 55 4 152
4901 53 1 150
4902 51 193 148
4903 49 241 146
4904 47 253 144
4905 45 256 142
4906 43 64 140
4907 41 16 138
4908 39 4 136
4909 37 1 134
4910 35 193 132
4911 33 241 130
4912 31 253 128
4913 29 256 126
4914 27 64 124
4915 25 16 122
4916 23 4 120
4917 21 1 118
4918 19 193 116
4919 17 241 114
4920 15 253 112
4921 88 4 186
4922 86 1 184
4923 84 193 182
4924 82 241 180
4925 80 253 178
4926 78 256 176
4927 76 64 174
4928 74 16 172
4929 72 4 170
4930 70 1 168
4931 68 193 166
4932 66 241 164
4933 64 253 162
4934 62 256 160
4935 60 64 158
4936 58 16 156
4937 56 4 154
4938 54 1 152
4939 52 193 150
4940 50 241 148
4941 48 253 146
4942 46 256 144
4943 44 64 142
4944 42 16 140
4945 40 4 138
4946 38 1 136
4947 36 193 134
4948 34 241 132
4949 32 253 130
4950 30 256 128
4951 28 64 126
4952 26 16 124
4953 24 4 122
4954 22 1 120
4955 20 193 118
4956 89 4 187
4957 87 1 185
4958 85 193 183
4959 83 241 181
4960 81 253 179
4961 79 256 177
4962 77 64 175
4963 75 16 173
4964 73 4 171
4965 71 1 169
4966 69 193 167
4967 67 241 165
4968 65 253 163
4969 63 256 161
4970 61 64 159
4971 59 16 157
4972 57 4 155
4973 55 1 153
4974 53 193 151
4975 51 241 149
4976 49 253 147
4977 47 256 145
4978 45 64 143
4979 43 16 141
4980 41 4 139
4981 39 1 137
4982 37 193 135
4983 35 241 133
4984 33 253 131
4985 31 256 129
4986 29 64 127
4987 27 16 125
4988 25 4 123
4989 90 4 189
4990 88 1 187
4991 86 193 185
4992 84 241 183
4993 82 253 181
4994 80 256 179
4995 78 64 177
4996 76 16 175
4997 74 4 173
4998 72 1 171
4999 70 193 169
5000 68 241 167
5001 66 253 165
5002 64 256 163
5003 62 64 161
5004 60 16 159
5005 58 4 157
5006 56 1 155
5007 54 193 153
5008 52 241 151
5009 50 253 149
5010 48 256 147
5011 46 64 145
5012 44 16 143
5013 42 4 141
5014 40 1 139
5015 38 193 137
5016 36 241 135
5017 34 253 133
5018 32 256 131
5019 30 64 129
5020 91 4 190
5021 89 1 188
5022 87 193 186
5023 85 241 184
5024 83 253 182
5025 81 256 180
5026 79 64 178
5027 77 16 176
5028 75 4 174
5029 73 1 172
5030 71 193 170
5031 69 241 168
5032 67 253 166
5033 65 256 164
5034 63 64 162
5035 61 16 160
5036 59 4 158
5037 57 1 156
5038 55 193 154
5039 53 241 152
5040 51 253 150
5041 49 256 148
5042 47 64 146
5043 45 16 144
5044 43 4 142
5045 41 1 140
5046 39 193 138
5047 37 241 136
5048 35 253 134
5049 92 4 192
5050 90 1 190
5051 88 193 188
5052 86 241 186
5053 84 253 184
5054 82 256 182
5055 80 64 180
5056 78 16 178
5057 76 4 176
5058 74 1 174
5059 72 193 172
5060 70 241 170
5061 68 253 168
5062 66 256 166
5063 64 64 164
5064 62 16 162
5065 60 4 160
5066 58 1 158
5067 56 193 156
5068 54 241 154
5069 52 253 152
5070 50 256 150
5071 48 64 148
5072 46 16 146
5073 44 4 144
5074 42 1 142
5075 40 193 140
5076 93 4 193
5077 91 1 191
5078 89 193 189
5079 87 241 187
5080 85 253 185
5081 83 256 183
5082 81 64 181
5083 79 16 179
5084 77 4 177
5085 75 1 175
5086 73 193 173
5087 71 241 171
5088 69 253 169
5089 67 256 167
5090 65 64 165
5091 63 16 163
5092 61 4 161
5093 59 1 159
5094 57 193 157
5095 55 241 155
5096 53 253 153
5097 51 256 151
5098 49 64 149
5099 47 16 147
5100 45 4 145
5101 94 4 195
5102 92 1 193
5103 90 193 191
5104 88 241 189
5105 86 253 187
5106 84 256 185
5107 82 64 183
5108 80 16 181
5109 78 4 179
5110 76 1 177
5111 74 193 175
5112 72 241 173
5113 70 253 171
5114 68 256 169
5115 66 64 167
5116 64 16 165
5117 62 4 163
5118 60 1 161
5119 58 193 159
5120 56 241 157
5121 54 253 155
5122 52 256 153
5123 50 64 151
5124 95 4 196
5125 93 1 194
5126 91 193 192
5127 89 241 190
5128 87 253 188
5129 85 256 186
5130 83 64 184
5131 81 16 182
5132 79 4 180
5133 77 1 178
5134 75 193 176
5135 73 241 174
5136 71 253 172
5137 69 256 170
5138 67 64 168
5139 65 16 166
5140 63 4 164
5141 61 1 162
5142 59 193 160
5143 57 241 158
5144 55 253 156
5145 96 4 198
5146 94 1 196
5147 92 193 194
5148 90 241 192
5149 88 253 190
5150 86 256 188
5151 84 64 186
5152 82 16 184
5153 80 4 182
5154 78 1 180
5155 76 193 178
5156 74 241 176
5157 72 253 174
5158 70 256 172
5159 68 64 170
5160 66 16 168
5161 64 4 166
5162 62 1 164
5163 60 193 162
5164 97 4 199
5165 95 1 197
5166 93 193 195
5167 91 241 193
5168 89 253 191
5169 87 256 189
5170 85 64 187
5171 83 16 185
5172 81 4 183
5173 79 1 181
5174 77 193 179
5175 75 241 177
5176 73 253 175
5177 71 256 173
5178 69 64 171
5179 67 16 169
5180 65 4 167
5181 98 4 201
5182 96 1 199
5183 94 193 197
5184 92 241 195
5185 90 253 193
5186 88 256 191
5187 86 64 189
5188 84 16 187
5189 82 4 185
5190 80 1 183
5191 78 193 181
5192 76 241 179
5193 74 253 177
5194 72 256 175
5195 70 64 173
5196 99 4 202
5197 97 1 200
5198 95 193 198
5199 93 241 196
5200 91 253 194
5201 89 256 192
5202 87 64 190
5203 85 16 188
5204 83 4 186
5205 81 1 184
5206 79 193 182
5207 77 241 180
5208 75 253 178
5209 100 4 204
5210 98 1 202
5211 96 193 200
5212 94 241 198
5213 92 253 196
5214 90 256 194
5215 88 64 192
5216 86 16 190
5217 84 4 188
5218 82 1 186
5219 80 193 184
5220 101 4 205
5221 99 1 203
5222 97 193 201
5223 95 241 199
5224 93 253 197
5225 91 256 195
5226 89 64 193
5227 87 16 191
5228 85 4 189
5229 102 4 207
5230 100 1 205
5231 98 193 203
5232 96 241 201
5233 94 253 199
5234 92 256 197
5235 90 64 195
5236 103 4 208
5237 101 1 206
5238 99 193 204
5239 97 241 202
5240 95 253 200
5241 104 4 210
5242 102 1 208
5243 100 193 206
5244 105 4 211
5245 0 128 104
5246 0 128 105
5247 0 128 106
5248 0 128 107
5249 0 128 108
5250 0 128 109
5251 0 128 110
5252 0 128 111
5253 0 128 112
5254 0 128 113
5255 0 128 114
5256 0 128 115
5257 0 128 116
5258 0 128 117
5259 0 128 118
5260 0 128 119
5261 0 128 120
5262 0 128 121
5263 0 128 122
5264 0 128 123
5265 0 128 124
5266 0 128 125
5267 0 128 126
5268 0 128 127
5269 0 128 128
5270 0 128 129
5271 0 128 130
5272 0 128 131
5273 0 128 132
5274 0 128 133
5275 0 128 134
5276 0 128 135
5277 0 128 136
5278 0 128 137
5279 0 128 138
5280 1 64 104
5281 1 64 105
5282 1 64 106
5283 1 64 107
5284 1 64 108
5285 1 64 109
5286 1 64 110
5287 1 64 111
5288 1 64 112
5289 1 64 113
5290 1 64 114
5291 1 64 115
5292 1 64 116
5293 1 64 117
5294 1 64 118
5295 1 64 119
5296 1 64 120
5297 1 64 121
5298 1 64 122
5299 1 64 123
5300 1 64 124
5301 1 64 125
5302 1 64 126
5303 1 64 127
5304 1 64 128
5305 1 64 129
5306 1 64 130
5307 1 64 131
5308 1 64 132
5309 1 64 133
5310 1 64 134
5311 1 64 135
5312 1 64 136
5313 1 64 137
5314 2 32 104
5315 2 32 105
5316 2 32 106
5317 2 32 107
5318 2 32 108
5319 2 32 109
5320 2 32 110
5321 2 32 111
5322 2 32 112
5323 2 32 113
5324 2 32 114
5325 2 32 115
5326 2 32 116
5327 2 32 117
5328 2 32 118
5329 2 32 119
5330 2 32 120
5331 2 32 121
5332 2 32 122
5333 2 32 123
5334 2 32 124
5335 2 32 125
5336 2 32 126
5337 2 32 127
5338 2 32 128
5339 2 32 129
5340 2 32 130
5341 2 32 131
5342 2 32 132
5343 2 32 133
5344 2 32 134
5345 2 32 135
5346 2 32 136
5347 3 16 104
5348 3 16 105
5349 3 16 106
5350 3 16 107
5351 3 16 108
5352 3 16 109
5353 3 16 110
5354 3 16 111
5355 3 16 112
5356 3 16 113
5357 3 16 114
5358 3 16 115
5359 3 16 116
5360 3 16 117
5361 3 16 118
5362 3 16 119
5363 3 16 120
5364 3 16 121
5365 3 16 122
5366 3 16 123
5367 3 16 124
5368 3 16 125
5369 3 16 126
5370 3 16 127
5371 3 16 128
5372 3 16 129
5373 3 16 130
5374 3 16 131
5375 3 16 132
5376 3 16 133
5377 3 16 134
5378 3 16 135
5379 4 16 105
5380 5 249 105
5381 4 8 106
5382 4 8 107
5383 4 8 108
5384 4 8 109
5385 4 8 110
5386 4 8 111
5387 4 8 112
5388 4 8 113
5389 4 8 114
5390 4 8 115
5391 4 8 116
5392 4 8 117
5393 4 8 118
5394 4 8 119
5395 4 8 120
5396 4 8 121
5397 4 8 122
5398 4 8 123
5399 4 8 124
5400 4 8 125
5401 4 8 126
5402 4 8 127
5403 4 8 128
5404 4 8 129
5405 4 8 130
5406 4 8 131
5407 4 8 132
5408 4 8 133
5409 4 8 134
5410 5 16 106
5411 6 249 106
5412 7 4 106
5413 5 4 107
5414 5 4 108
5415 5 4 109
5416 5 4 110
5417 5 4 111
5418 5 4 112
5419 5 4 113
5420 5 4 114
5421 5 4 115
5422 5 4 116
5423 5 4 117
5424 5 4 118
5425 5 4 119
5426 5 4 120
5427 5 4 121
5428 5 4 122
5429 5 4 123
5430 5 4 124
5431 5 4 125
5432 5 4 126
5433 5 4 127
5434 5 4 128
5435 5 4 129
5436 5 4 130
5437 5 4 131
5438 5 4 132
5439 5 4 133
5440 6 16 107
5441 7 249 107
5442 8 4 107
5443 9 255 107
5444 6 2 108
5445 6 2 109
5446 6 2 110
5447 6 2 111
5448 6 2 112
5449 6 2 113
5450 6 2 114
5451 6 2 115
5452 6 2 116
5453 6 2 117
5454 6 2 118
5455 6 2 119
5456 6 2 120
5457 6 2 121
5458 6 2 122
5459 6 2 123
5460 6 2 124
5461 6 2 125
5462 6 2 126
5463 6 2 127
5464 6 2 128
5465 6 2 129
5466 6 2 130
5467 6 2 131
5468 6 2 132
5469 7 16 108
5470 8 249 108
5471 9 4 108
5472 10 255 108
5473 11 1 108
5474 7 1 109
5475 7 1 110
5476 7 1 111
5477 7 1 112
5478 7 1 113
5479 7 1 114
5480 7 1 115
5481 7 1 116
5482 7 1 117
5483 7 1 118
5484 7 1 119
5485 7 1 120
5486 7 1 121
5487 7 1 122
5488 7 1 123
5489 7 1 124
5490 7 1 125
5491 7 1 126
5492 7 1 127
5493 7 1 128
5494 7 1 129
5495 7 1 130
5496 7 1 131
5497 8 16 109
5498 9 249 109
5499 10 4 109
5500 11 255 109
5501 8 2 110
5502 12 129 110
5503 13 64 110
5504 8 129 111
5505 8 129 112
5506 8 129 113
5507 8 129 114
5508 8 129 115
5509 8 129 116
5510 8 129 117
5511 8 129 118
5512 8 129 119
5513 8 129 120
5514 8 129 121
5515 8 129 122
5516 8 129 123
5517 8 129 124
5518 8 129 125
5519 8 129 126
5520 8 129 127
5521 8 129 128
5522 8 129 129
5523 8 129 130
5524 9 16 110
5525 10 249 110
5526 11 4 110
5527 9 4 111
5528 12 256 111
5529 13 129 111
5530 9 1 112
5531 14 32 112
5532 9 129 113
5533 15 249 113
5534 9 193 114
5535 9 193 115
5536 9 193 116
5537 9 193 117
5538 9 193 118
5539 9 193 119
5540 9 193 120
5541 9 193 121
5542 9 193 122
5543 9 193 123
5544 9 193 124
5545 9 193 125
5546 9 193 126
5547 9 193 127
5548 9 193 128
5549 9 193 129
5550 10 16 111
5551 11 249 111
5552 10 8 112
5553 12 2 112
5554 13 256 112
5555 10 2 113
5556 14 193 113
5557 10 1 114
5558 15 16 114
5559 16 249 114
5560 10 193 115
5561 17 2 115
5562 10 225 116
5563 10 225 117
5564 10 225 118
5565 10 225 119
5566 10 225 120
5567 10 225 121
5568 10 225 122
5569 10 225 123
5570 10 225 124
5571 10 225 125
5572 10 225 126
5573 10 225 127
5574 10 225 128
5575 11 16 112
5576 11 16 113
5577 12 253 113
5578 13 2 113
5579 11 4 114
5580 14 128 114
5581 11 2 115
5582 15 225 115
5583 16 16 115
5584 11 129 116
5585 17 253 116
5586 18 2 116
5587 11 225 117
5588 19 128 117
5589 11 241 118
5590 11 241 119
5591 11 241 120
5592 11 241 121
5593 11 241 122
5594 11 241 123
5595 11 241 124
5596 11 241 125
5597 11 241 126
5598 11 241 127
5599 12 16 114
5600 13 40 114
5601 12 69 115
5602 13 138 115
5603 14 1 115
5604 12 4 116
5605 15 64 116
5606 16 225 116
5607 12 1 117
5608 17 8 117
5609 18 253 117
5610 12 193 118
5611 19 1 118
5612 12 225 119
5613 20 64 119
5614 21 225 119
5615 12 249 120
5616 12 249 121
5617 12 249 122
5618 12 249 123
5619 12 249 124
5620 12 249 125
5621 12 249 126
5622 13 16 116
5623 14 40 116
5624 13 69 117
5625 14 138 117
5626 15 1 117
5627 16 15 117
5628 13 124 118
5629 16 121 118
5630 17 241 118
5631 18 8 118
5632 13 129 119
5633 19 255 119
5634 13 193 120
5635 20 129 120
5636 21 64 120
5637 13 241 121
5638 22 241 121
5639 23 8 121
5640 13 253 122
5641 13 253 123
5642 13 253 124
5643 13 253 125
5644 14 16 118
5645 15 40 118
5646 14 69 119
5647 15 138 119
5648 16 1 119
5649 17 15 119
5650 18 241 119
5651 14 136 120
5652 17 256 120
5653 18 28 120
5654 19 4 120
5655 14 129 121
5656 20 256 121
5657 21 129 121
5658 14 225 122
5659 22 32 122
5660 23 241 122
5661 14 249 123
5662 24 4 123
5663 14 253 124
5664 25 256 124
5665 15 16 120
5666 16 40 120
5667 15 69 121
5668 16 138 121
5669 17 1 121
5670 18 15 121
5671 19 241 121
5672 15 136 122
5673 18 256 122
5674 19 28 122
5675 20 4 122
5676 21 121 122
5677 15 9 123
5678 21 49 123
5679 22 193 123
5680 23 32 123
5681 15 241 124
5682 24 249 124
5683 14 105 125
5684 15 93 125
5685 16 16 122
5686 17 40 122
5687 16 69 123
5688 17 138 123
5689 18 1 123
5690 19 15 123
5691 20 241 123
5692 16 136 124
5693 19 256 124
5694 20 28 124
5695 21 4 124
5696 22 121 124
5697 23 221 124
5698 16 147 125
5699 22 247 125
5700 23 105 125
5701 24 16 125
5702 25 106 125
5703 26 18 125
5704 17 16 124
5705 18 40 124
5706 17 69 125
5707 18 138 125
5708 19 1 125
5709 20 15 125
5710 21 241 125
5711 13 255 126
5712 14 143 126
5713 15 14 126
5714 16 99 126
5715 17 130 126
5716 20 33 126
5717 21 252 126
5718 22 205 126
5719 23 184 126
5720 24 55 126
5721 25 7 126
5722 18 16 126
5723 19 40 126
5724 26 153 126
5725 27 150 126
5726 12 117 127
5727 13 80 127
5728 14 239 127
5729 15 152 127
5730 16 127 127
5731 17 4 127
5732 18 9 127
5733 19 84 127
5734 20 211 127
5735 21 154 127
5736 23 138 127
5737 22 212 127
5738 24 101 127
5739 25 78 127
5740 26 102 127
5741 27 29 127
5742 28 94 127
5743 11 117 128
5744 12 216 128
5745 13 144 128
5746 14 23 128
5747 15 162 128
5748 16 176 128
5749 17 186 128
5750 18 117 128
5751 19 176 128
5752 20 6 128
5753 21 61 128
5754 22 72 128
5755 23 36 128
5756 24 57 128
5757 25 172 128
5758 26 133 128
5759 27 117 128
5760 28 243 128
5761 29 171 128
5762 10 68 129
5763 11 34 129
5764 12 95 129
5765 13 86 129
5766 14 203 129
5767 16 99 129
5768 15 238 129
5769 17 19 129
5770 18 103 129
5771 19 52 129
5772 20 214 129
5773 21 248 129
5774 22 248 129
5775 23 121 129
5776 24 254 129
5777 25 100 129
5778 26 7 129
5779 27 138 129
5780 28 34 129
5781 29 66 129
5782 9 141 130
5783 10 77 130
5784 11 223 130
5785 12 192 130
5786 13 46 130
5787 14 53 130
5788 15 231 130
5789 16 170 130
5790 17 142 130
5791 18 70 130
5792 19 10 130
5793 20 156 130
5794 21 211 130
5795 22 239 130
5796 23 39 130
5797 24 180 130
5798 25 111 130
5799 26 148 130
5800 27 32 130
5801 28 34 130
5802 29 40 130
5803 30 50 130
5804 31 176 130
5805 8 105 131
5806 9 111 131
5807 10 83 131
5808 11 67 131
5809 12 49 131
5810 13 184 131
5811 14 240 131
5812 15 182 131
5813 16 96 131
5814 17 82 131
5815 18 143 131
5816 19 226 131
5817 20 18 131
5818 21 226 131
5819 22 85 131
5820 23 73 131
5821 24 255 131
5822 25 216 131
5823 26 9 131
5824 27 121 131
5825 28 41 131
5826 29 47 131
5827 30 161 131
5828 31 42 131
5829 7 86 132
5830 8 203 132
5831 9 232 132
5832 10 185 132
5833 12 153 132
5834 14 57 132
5835 15 243 132
5836 16 17 132
5837 17 178 132
5838 18 36 132
5839 19 93 132
5840 20 12 132
5841 21 209 132
5842 22 250 132
5843 23 173 132
5844 24 142 132
5845 25 89 132
5846 26 53 132
5847 27 130 132
5848 28 12 132
5849 29 100 132
5850 30 186 132
5851 31 250 132
5852 32 50 132
5853 33 10 132
5854 6 122 133
5855 7 9 133
5856 8 226 133
5857 20 107 133
5858 22 42 133
5859 24 92 133
5860 25 76 133
5861 26 96 133
5862 27 77 133
5863 28 207 133
5864 29 179 133
5865 30 142 133
5866 31 21 133
5867 32 178 133
5868 33 93 133
5869 5 61 134
5870 6 52 134
5871 30 185 134
5872 32 10 134
5873 34 225 134
5874 4 16 135
5875 35 253 135
5876 34 255 135
5877 33 128 134
5878 32 64 135
5879 31 16 134
5880 30 8 135
5881 29 2 134
5882 28 1 134
5883 27 193 134
5884 26 225 134
5885 25 249 134
5886 24 253 134
5887 23 256 133
5888 22 128 134
5889 21 32 133
5890 20 16 134
5891 19 4 133
5892 18 2 133
5893 17 129 133
5894 16 193 133
5895 15 241 133
5896 14 249 133
5897 13 255 132
5898 12 256 133
5899 11 64 132
5900 10 32 133
5901 9 8 133
5902 11 232 133
5903 13 238 133
5904 7 184 134
5905 8 192 134
5906 9 58 134
5907 10 183 134
5908 11 26 134
5909 13 171 134
5910 15 11 134
5911 17 115 134
5912 18 255 134
5913 36 253 136
5914 35 256 136
5915 34 128 136
5916 33 32 135
5917 32 16 136
5918 31 4 135
5919 30 2 136
5920 29 129 135
5921 28 193 135
5922 27 241 135
5923 26 249 135
5924 25 255 135
5925 24 256 135
5926 23 64 134
5927 22 32 135
5928 21 8 134
5929 20 4 135
5930 19 1 134
5931 5 177 135
5932 6 8 135
5933 16 241 134
5934 7 45 135
5935 14 255 134
5936 8 250 135
5937 12 64 134
5938 9 155 135
5939 10 8 135
5940 11 88 135
5941 12 141 135
5942 13 218 135
5943 14 177 135
5944 15 146 135
5945 16 253 135
5946 17 216 135
5947 18 21 135
5948 19 144 135
5949 21 149 135
5950 37 255 137
5951 36 256 137
5952 35 64 137
5953 34 32 137
5954 33 8 136
5955 32 4 137
5956 31 1 136
5957 30 129 137
5958 29 225 136
5959 28 241 136
5960 27 253 136
5961 26 255 136
5962 25 128 136
5963 24 64 136
5964 23 16 135
5965 22 8 136
5966 3 15 136
5967 20 1 136
5968 4 25 136
5969 5 109 136
5970 6 199 136
5971 7 221 136
5972 8 110 136
5973 9 7 136
5974 10 159 136
5975 11 33 136
5976 12 225 136
5977 13 96 136
5978 14 17 136
5979 15 9 136
5980 16 52 136
5981 17 71 136
5982 18 71 136
5983 19 84 136
5984 21 46 136
5985 23 142 136
5986 38 255 138
5987 37 128 138
5988 36 64 138
5989 35 16 138
5990 34 8 138
5991 33 2 137
5992 32 1 138
5993 31 193 137
5994 30 225 138
5995 29 249 137
5996 28 253 137
5997 27 256 137
5998 26 128 137
5999 25 32 137
6000 24 16 137
6001 2 244 137
6002 22 2 137
6003 3 243 137
6004 20 193 137
6005 4 197 137
6006 5 212 137
6007 6 28 137
6008 7 83 137
6009 8 234 137
6010 9 156 137
6011 10 43 137
6012 11 139 137
6013 12 16 137
6014 13 144 137
6015 14 120 137
6016 15 208 137
6017 16 127 137
6018 17 139 137
6019 18 204 137
6020 19 104 137
6021 39 256 139
6022 38 128 139
6023 37 32 139
6024 36 16 139
6025 35 4 139
6026 34 2 139
6027 33 129 138
6028 32 193 139
6029 31 241 138
6030 30 249 139
6031 29 255 138
6032 28 256 138
6033 27 64 138
6034 26 32 138
6035 25 8 138
6036 24 4 138
6037 23 1 137
6038 22 129 138
6039 21 225 137
6040 20 241 138
6041 1 114 138
6042 2 161 138
6043 3 161 138
6044 4 166 138
6045 5 150 138
6046 6 226 138
6047 7 60 138
6048 8 65 138
6049 9 155 138
6050 10 106 138
6051 12 125 138
6052 11 60 138
6053 13 37 138
6054 14 26 138
6055 40 256 141
6056 39 64 140
6057 38 32 140
6058 37 8 140
6059 36 4 140
6060 35 1 140
6061 34 129 140
6062 33 225 139
6063 32 241 140
6064 31 253 139
6065 30 255 140
6066 29 128 139
6067 28 64 139
6068 27 16 139
6069 26 8 139
6070 25 2 139
6071 24 1 139
6072 23 193 138
6073 22 225 139
6074 21 249 138
6075 20 253 139
6076 19 256 138
6077 18 128 138
6078 17 32 138
6079 16 16 138
6080 15 4 138
6081 0 211 139
6082 1 61 139
6083 2 37 139
6084 4 128 139
6085 6 176 139
6086 8 197 139
6087 10 238 139
6088 41 128 141
6089 40 64 142
6090 39 16 141
6091 38 8 141
6092 37 2 141
6093 36 1 141
6094 35 193 141
6095 34 225 141
6096 33 249 140
6097 32 253 141
6098 31 256 140
6099 30 128 141
6100 29 32 140
6101 28 16 140
6102 27 4 140
6103 26 2 140
6104 25 129 140
6105 24 193 140
6106 23 241 139
6107 22 249 140
6108 21 255 139
6109 20 256 140
6110 19 64 139
6111 18 32 139
6112 17 8 139
6113 16 4 139
6114 15 1 139
6115 14 129 139
6116 12 206 139
6117 13 161 139
6118 0 9 140
6119 1 82 140
6120 42 128 143
6121 41 32 142
6122 40 16 143
6123 39 4 142
6124 38 2 142
6125 37 129 142
6126 36 193 142
6127 35 241 142
6128 34 249 142
6129 33 255 141
6130 32 256 142
6131 31 64 141
6132 30 32 142
6133 29 8 141
6134 28 4 141
6135 27 1 141
6136 26 129 141
6137 25 225 141
6138 24 241 141
6139 23 253 140
6140 22 255 141
6141 21 128 140
6142 20 64 141
6143 19 16 140
6144 18 8 140
6145 17 2 140
6146 16 1 140
6147 15 193 140
6148 14 225 140
6149 12 139 140
6150 0 206 141
6151 43 64 143
6152 42 32 144
6153 41 8 143
6154 40 4 144
6155 39 1 143
6156 38 129 143
6157 37 225 143
6158 36 241 143
6159 35 253 143
6160 34 255 143
6161 33 128 142
6162 32 64 143
6163 31 16 142
6164 30 8 143
6165 29 2 142
6166 28 1 142
6167 27 193 142
6168 26 225 142
6169 25 249 142
6170 24 253 142
6171 23 256 141
6172 22 128 142
6173 21 32 141
6174 20 16 142
6175 19 4 141
6176 18 2 141
6177 17 129 141
6178 16 193 141
6179 15 241 141
6180 14 249 141
6181 44 64 145
6182 43 16 144
6183 42 8 145
6184 41 2 144
6185 40 1 145
6186 39 193 144
6187 38 225 144
6188 37 249 144
6189 36 253 144
6190 35 256 144
6191 34 128 144
6192 33 32 143
6193 32 16 144
6194 31 4 143
6195 30 2 144
6196 29 129 143
6197 28 193 143
6198 27 241 143
6199 26 249 143
6200 25 255 143
6201 24 256 143
6202 23 64 142
6203 22 32 143
6204 21 8 142
6205 20 4 143
6206 19 1 142
6207 18 129 142
6208 17 225 142
6209 16 241 142
6210 45 32 146
6211 44 16 146
6212 43 4 145
6213 42 2 146
6214 41 129 145
6215 40 193 146
6216 39 241 145
6217 38 249 145
6218 37 255 145
6219 36 256 145
6220 35 64 145
6221 34 32 145
6222 33 8 144
6223 32 4 145
6224 31 1 144
6225 30 129 145
6226 29 225 144
6227 28 241 144
6228 27 253 144
6229 26 255 144
6230 25 128 144
6231 24 64 144
6232 23 16 143
6233 22 8 144
6234 21 2 143
6235 20 1 144
6236 19 193 143
6237 18 225 143
6238 46 32 147
6239 45 8 147
6240 44 4 147
6241 43 1 146
6242 42 129 147
6243 41 225 146
6244 40 241 147
6245 39 253 146
6246 38 255 146
6247 37 128 146
6248 36 64 146
6249 35 16 146
6250 34 8 146
6251 33 2 145
6252 32 1 146
6253 31 193 145
6254 30 225 146
6255 29 249 145
6256 28 253 145
6257 27 256 145
6258 26 128 145
6259 25 32 145
6260 24 16 145
6261 23 4 144
6262 22 2 145
6263 21 129 144
6264 20 193 145
6265 47 16 148
6266 46 8 148
6267 45 2 148
6268 44 1 148
6269 43 193 147
6270 42 225 148
6271 41 249 147
6272 40 253 148
6273 39 256 147
6274 38 128 147
6275 37 32 147
6276 36 16 147
6277 35 4 147
6278 34 2 147
6279 33 129 146
6280 32 193 147
6281 31 241 146
6282 30 249 147
6283 29 255 146
6284 28 256 146
6285 27 64 146
6286 26 32 146
6287 25 8 146
6288 24 4 146
6289 23 1 145
6290 22 129 146
6291 48 16 149
6292 47 4 149
6293 46 2 149
6294 45 129 149
6295 44 193 149
6296 43 241 148
6297 42 249 149
6298 41 255 148
6299 40 256 149
6300 39 64 148
6301 38 32 148
6302 37 8 148
6303 36 4 148
6304 35 1 148
6305 34 129 148
6306 33 225 147
6307 32 241 148
6308 31 253 147
6309 30 255 148
6310 29 128 147
6311 28 64 147
6312 27 16 147
6313 26 8 147
6314 25 2 147
6315 24 1 147
6316 49 8 150
6317 48 4 150
6318 47 1 150
6319 46 129 150
6320 45 225 150
6321 44 241 150
6322 43 253 149
6323 42 255 150
6324 41 128 149
6325 40 64 150
6326 39 16 149
6327 38 8 149
6328 37 2 149
6329 36 1 149
6330 35 193 149
6331 34 225 149
6332 33 249 148
6333 32 253 149
6334 31 256 148
6335 30 128 149
6336 29 32 148
6337 28 16 148
6338 27 4 148
6339 26 2 148
6340 50 8 152
6341 49 2 151
6342 48 1 151
6343 47 193 151
6344 46 225 151
6345 45 249 151
6346 44 253 151
6347 43 256 150
6348 42 128 151
6349 41 32 150
6350 40 16 151
6351 39 4 150
6352 38 2 150
6353 37 129 150
6354 36 193 150
6355 35 241 150
6356 34 249 150
6357 33 255 149
6358 32 256 150
6359 31 64 149
6360 30 32 150
6361 29 8 149
6362 28 4 149
6363 51 4 152
6364 50 2 153
6365 49 129 152
6366 48 193 152
6367 47 241 152
6368 46 249 152
6369 45 255 152
6370 44 256 152
6371 43 64 151
6372 42 32 152
6373 41 8 151
6374 40 4 152
6375 39 1 151
6376 38 129 151
6377 37 225 151
6378 36 241 151
6379 35 253 151
6380 34 255 151
6381 33 128 150
6382 32 64 151
6383 31 16 150
6384 30 8 151
6385 52 4 154
6386 51 1 153
6387 50 129 154
6388 49 225 153
6389 48 241 153
6390 47 253 153
6391 46 255 153
6392 45 128 153
6393 44 64 153
6394 43 16 152
6395 42 8 153
6396 41 2 152
6397 40 1 153
6398 39 193 152
6399 38 225 152
6400 37 249 152
6401 36 253 152
6402 35 256 152
6403 34 128 152
6404 33 32 151
6405 32 16 152
6406 53 2 154
6407 52 1 155
6408 51 193 154
6409 50 225 155
6410 49 249 154
6411 48 253 154
6412 47 256 154
6413 46 128 154
6414 45 32 154
6415 44 16 154
6416 43 4 153
6417 42 2 154
6418 41 129 153
6419 40 193 154
6420 39 241 153
6421 38 249 153
6422 37 255 153
6423 36 256 153
6424 35 64 153
6425 34 32 153
6426 54 2 156
6427 53 129 155
6428 52 193 156
6429 51 241 155
6430 50 249 156
6431 49 255 155
6432 48 256 155
6433 47 64 155
6434 46 32 155
6435 45 8 155
6436 44 4 155
6437 43 1 154
6438 42 129 155
6439 41 225 154
6440 40 241 155
6441 39 253 154
6442 38 255 154
6443 37 128 154
6444 36 64 154
6445 55 1 157
6446 54 129 157
6447 53 225 156
6448 52 241 157
6449 51 253 156
6450 50 255 157
6451 49 128 156
6452 48 64 156
6453 47 16 156
6454 46 8 156
6455 45 2 156
6456 44 1 156
6457 43 193 155
6458 42 225 156
6459 41 249 155
6460 40 253 156
6461 39 256 155
6462 38 128 155
6463 56 1 158
6464 55 193 158
6465 54 225 158
6466 53 249 157
6467 52 253 158
6468 51 256 157
6469 50 128 158
6470 49 32 157
6471 48 16 157
6472 47 4 157
6473 46 2 157
6474 45 129 157
6475 44 193 157
6476 43 241 156
6477 42 249 157
6478 41 255 156
6479 40 256 157
6480 57 129 159
6481 56 193 159
6482 55 241 159
6483 54 249 159
6484 53 255 158
6485 52 256 159
6486 51 64 158
6487 50 32 159
6488 49 8 158
6489 48 4 158
6490 47 1 158
6491 46 129 158
6492 45 225 158
6493 44 241 158
6494 43 253 157
6495 42 255 158
6496 58 129 160
6497 57 225 160
6498 56 241 160
6499 55 253 160
6500 54 255 160
6501 53 128 159
6502 52 64 160
6503 51 16 159
6504 50 8 160
6505 49 2 159
6506 48 1 159
6507 47 193 159
6508 46 225 159
6509 45 249 159
6510 44 253 159
6511 59 193 161
6512 58 225 161
6513 57 249 161
6514 56 253 161
6515 55 256 161
6516 54 128 161
6517 53 32 160
6518 52 16 161
6519 51 4 160
6520 50 2 161
6521 49 129 160
6522 48 193 160
6523 47 241 160
6524 46 249 160
6525 60 193 163
6526 59 241 162
6527 58 249 162
6528 57 255 162
6529 56 256 162
6530 55 64 162
6531 54 32 162
6532 53 8 161
6533 52 4 162
6534 51 1 161
6535 50 129 162
6536 49 225 161
6537 48 241 161
6538 61 225 163
6539 60 241 164
6540 59 253 163
6541 58 255 163
6542 57 128 163
6543 56 64 163
6544 55 16 163
6545 54 8 163
6546 53 2 162
6547 52 1 163
6548 51 193 162
6549 50 225 163
6550 62 225 165
6551 61 249 164
6552 60 253 165
6553 59 256 164
6554 58 128 164
6555 57 32 164
6556 56 16 164
6557 55 4 164
6558 54 2 164
6559 53 129 163
6560 52 193 164
6561 63 241 165
6562 62 249 166
6563 61 255 165
6564 60 256 166
6565 59 64 165
6566 58 32 165
6567 57 8 165
6568 56 4 165
6569 55 1 165
6570 54 129 165
6571 64 241 167
6572 63 253 166
6573 62 255 167
6574 61 128 166
6575 60 64 167
6576 59 16 166
6577 58 8 166
6578 57 2 166
6579 56 1 166
6580 65 249 168
6581 64 253 168
6582 63 256 167
6583 62 128 168
6584 61 32 167
6585 60 16 168
6586 59 4 167
6587 58 2 167
6588 66 249 169
6589 65 255 169
6590 64 256 169
6591 63 64 168
6592 62 32 169
6593 61 8 168
6594 60 4 169
6595 67 253 170
6596 66 255 170
6597 65 128 170
6598 64 64 170
6599 63 16 169
6600 62 8 170
6601 68 253 171
6602 67 256 171
6603 66 128 171
6604 65 32 171
6605 64 16 171
6606 69 255 172
6607 68 256 172
6608 67 64 172
6609 66 32 172
6610 70 255 174
6611 69 128 173
6612 68 64 173
6613 71 256 174
6614 70 128 175
6615 72 256 176
6616 73 27 176
6617 71 133 175
6618 69 65 174
6619 67 225 173
6620 65 166 172
6621 63 199 170
6622 61 76 169
6623 59 184 168
6624 57 202 167
6625 55 205 166
6626 53 77 164
6627 51 227 163
6628 49 252 162
6629 47 42 161
6630 45 7 160
6631 43 44 158
6632 41 93 157
6633 39 144 156
6634 37 24 155
6635 35 4 154
6636 33 172 152
6637 31 200 151
6638 29 119 150
6639 27 234 149
6640 25 39 148
6641 23 135 146
6642 21 151 145
6643 19 68 144
6644 17 97 143
6645 15 59 142
6646 74 27 178
6647 72 133 177
6648 70 65 176
6649 68 225 174
6650 66 166 173
6651 64 199 172
6652 62 76 171
6653 60 184 170
6654 58 202 168
6655 56 205 167
6656 54 77 166
6657 52 227 165
6658 50 252 164
6659 48 42 162
6660 46 7 161
6661 44 44 160
6662 42 93 159
6663 40 144 158
6664 38 24 156
6665 36 4 155
6666 34 172 154
6667 32 200 153
6668 30 119 152
6669 28 234 150
6670 26 39 149
6671 24 135 148
6672 22 151 147
6673 20 68 146
6674 18 97 144
6675 75 142 179
6676 73 195 177
6677 71 161 176
6678 69 241 175
6679 67 83 174
6680 65 228 173
6681 63 38 171
6682 61 92 170
6683 59 101 169
6684 57 231 168
6685 55 167 167
6686 53 242 165
6687 51 126 164
6688 49 21 163
6689 47 132 162
6690 45 22 161
6691 43 175 159
6692 41 72 158
6693 39 12 157
6694 37 2 156
6695 35 86 155
6696 33 100 153
6697 31 188 152
6698 29 117 151
6699 27 148 150
6700 25 196 149
6701 23 204 147
6702 21 34 146
6703 76 142 180
6704 74 195 179
6705 72 161 178
6706 70 241 177
6707 68 83 175
6708 66 228 174
6709 64 38 173
6710 62 92 172
6711 60 101 171
6712 58 231 169
6713 56 167 168
6714 54 242 167
6715 52 126 166
6716 50 21 165
6717 48 132 163
6718 46 22 162
6719 44 175 161
6720 42 72 160
6721 40 12 159
6722 38 2 157
6723 36 86 156
6724 34 100 155
6725 32 188 154
6726 30 117 153
6727 28 148 151
6728 26 196 150
6729 24 204 149
6730 77 71 181
6731 75 226 180
6732 73 209 178
6733 71 249 177
6734 69 170 176
6735 67 114 175
6736 65 19 174
6737 63 46 172
6738 61 179 171
6739 59 244 170
6740 57 212 169
6741 55 121 168
6742 53 63 166
6743 51 139 165
6744 49 66 164
6745 47 11 163
6746 45 216 162
6747 43 36 160
6748 41 6 159
6749 39 1 158
6750 37 43 157
6751 35 50 156
6752 33 94 154
6753 31 187 153
6754 29 74 152
6755 27 98 151
6756 78 71 182
6757 76 226 181
6758 74 209 180
6759 72 249 179
6760 70 170 178
6761 68 114 176
6762 66 19 175
6763 64 46 174
6764 62 179 173
6765 60 244 172
6766 58 212 170
6767 56 121 169
6768 54 63 168
6769 52 139 167
6770 50 66 166
6771 48 11 164
6772 46 216 163
6773 44 36 162
6774 42 6 161
6775 40 1 160
6776 38 43 158
6777 36 50 157
6778 34 94 156
6779 32 187 155
6780 30 74 154
6781 79 164 183
6782 77 113 182
6783 75 233 181
6784 73 253 179
6785 71 85 178
6786 69 57 177
6787 67 138 176
6788 65 23 175
6789 63 218 173
6790 61 122 172
6791 59 106 171
6792 57 189 170
6793 55 160 169
6794 53 198 167
6795 51 33 166
6796 49 134 165
6797 47 108 164
6798 45 18 163
6799 43 3 161
6800 41 129 160
6801 39 150 159
6802 37 25 158
6803 35 47 157
6804 33 222 155
6805 80 164 185
6806 78 113 183
6807 76 233 182
6808 74 253 181
6809 72 85 180
6810 70 57 179
6811 68 138 177
6812 66 23 176
6813 64 218 175
6814 62 122 174
6815 60 106 173
6816 58 189 171
6817 56 160 170
6818 54 198 169
6819 52 33 168
6820 50 134 167
6821 48 108 165
6822 46 18 164
6823 44 3 163
6824 42 129 162
6825 40 150 161
6826 38 25 159
6827 36 47 158
6828 81 82 185
6829 79 185 184
6830 77 245 183
6831 75 255 182
6832 73 171 180
6833 71 157 179
6834 69 69 178
6835 67 140 177
6836 65 109 176
6837 63 61 174
6838 61 53 173
6839 59 223 172
6840 57 80 171
6841 55 99 170
6842 53 145 168
6843 51 67 167
6844 49 54 166
6845 47 9 165
6846 45 130 164
6847 43 193 162
6848 41 75 161
6849 39 141 160
6850 82 82 187
6851 80 185 186
6852 78 245 184
6853 76 255 183
6854 74 171 182
6855 72 157 181
6856 70 69 180
6857 68 140 178
6858 66 109 177
6859 64 61 176
6860 62 53 175
6861 60 223 174
6862 58 80 172
6863 56 99 171
6864 54 145 170
6865 52 67 169
6866 50 54 168
6867 48 9 166
6868 46 130 165
6869 44 193 164
6870 42 75 163
6871 83 41 187
6872 81 221 186
6873 79 251 185
6874 77 256 184
6875 75 214 183
6876 73 207 181
6877 71 163 180
6878 69 70 179
6879 67 183 178
6880 65 159 177
6881 63 155 175
6882 61 240 174
6883 59 40 173
6884 57 178 172
6885 55 201 171
6886 53 162 169
6887 51 27 168
6888 49 133 167
6889 47 65 166
6890 45 225 165
6891 84 41 189
6892 82 221 188
6893 80 251 187
6894 78 256 185
6895 76 214 184
6896 74 207 183
6897 72 163 182
6898 70 70 181
6899 68 183 179
6900 66 159 178
6901 64 155 177
6902 62 240 176
6903 60 40 175
6904 58 178 173
6905 56 201 172
6906 54 162 171
6907 52 27 170
6908 50 133 169
6909 48 65 167
6910 85 149 190
6911 83 239 188
6912 81 254 187
6913 79 128 186
6914 77 107 185
6915 75 232 184
6916 73 210 182
6917 71 35 181
6918 69 220 180
6919 67 208 179
6920 65 206 178
6921 63 120 176
6922 61 20 175
6923 59 89 174
6924 57 229 173
6925 55 81 172
6926 53 142 170
6927 51 195 169
6928 86 149 191
6929 84 239 190
6930 82 254 189
6931 80 128 188
6932 78 107 186
6933 76 232 185
6934 74 210 184
6935 72 35 183
6936 70 220 182
6937 68 208 180
6938 66 206 179
6939 64 120 178
6940 62 20 177
6941 60 89 176
6942 58 229 174
6943 56 81 173
6944 54 142 172
6945 87 203 192
6946 85 248 191
6947 83 127 189
6948 81 64 188
6949 79 182 187
6950 77 116 186
6951 75 105 185
6952 73 146 183
6953 71 110 182
6954 69 104 181
6955 67 103 180
6956 65 60 179
6957 63 10 177
6958 61 173 176
6959 59 243 175
6960 57 169 174
6961 88 203 193
6962 86 248 192
6963 84 127 191
6964 82 64 190
6965 80 182 189
6966 78 116 187
6967 76 105 186
6968 74 146 185
6969 72 110 184
6970 70 104 183
6971 68 103 181
6972 66 60 180
6973 64 10 179
6974 62 173 178
6975 60 243 177
6976 89 230 194
6977 87 124 193
6978 85 192 192
6979 83 32 190
6980 81 91 189
6981 79 58 188
6982 77 181 187
6983 75 73 186
6984 73 55 184
6985 71 52 183
6986 69 180 182
6987 67 30 181
6988 65 5 180
6989 63 215 178
6990 90 230 196
6991 88 124 194
6992 86 192 193
6993 84 32 192
6994 82 91 191
6995 80 58 190
6996 78 181 188
6997 76 73 187
6998 74 55 186
6999 72 52 185
7000 70 180 184
7001 68 30 182
7002 66 5 181
7003 91 115 196
7004 89 62 195
7005 87 96 194
7006 85 16 193
7007 83 174 191
7008 81 29 190
7009 79 219 189
7010 77 165 188
7011 75 156 187
7012 73 26 185
7013 71 90 184
7014 69 15 183
7015 92 115 198
7016 90 62 197
7017 88 96 195
7018 86 16 194
7019 84 174 193
7020 82 29 192
7021 80 219 191
7022 78 165 189
7023 76 156 188
7024 74 26 187
7025 72 90 186
7026 93 186 198
7027 91 31 197
7028 89 48 196
7029 87 8 195
7030 85 87 194
7031 83 143 192
7032 81 238 191
7033 79 211 190
7034 77 78 189
7035 75 13 188
7036 94 186 200
7037 92 31 199
7038 90 48 198
7039 88 8 196
7040 86 87 195
7041 84 143 194
7042 82 238 193
7043 80 211 192
7044 78 78 190
7045 95 93 201
7046 93 144 199
7047 91 24 198
7048 89 4 197
7049 87 172 196
7050 85 200 195
7051 83 119 193
7052 81 234 192
7053 96 93 202
7054 94 144 201
7055 92 24 200
7056 90 4 199
7057 88 172 197
7058 86 200 196
7059 84 119 195
7060 97 175 203
7061 95 72 202
7062 93 12 200
7063 91 2 199
7064 89 86 198
7065 87 100 197
7066 98 175 204
7067 96 72 203
7068 94 12 202
7069 92 2 201
7070 90 86 200
7071 99 216 205
7072 97 36 204
7073 95 6 203
7074 93 1 201
7075 100 216 207
7076 98 36 205
7077 96 6 204
7078 101 108 207
7079 99 18 206
7080 102 108 209
7081 3 177 139
7082 2 40 140
7083 1 237 141
7084 0 10 142
7085 0 10 143
7086 0 10 144
7087 0 10 145
7088 0 10 146
7089 0 10 147
7090 0 10 148
7091 0 10 149
7092 0 10 150
7093 0 10 151
7094 0 10 152
7095 0 10 153
7096 0 10 154
7097 0 10 155
7098 0 10 156
7099 0 10 157
7100 0 10 158
7101 0 10 159
7102 0 10 160
7103 0 10 161
7104 0 10 162
7105 0 10 163
7106 0 10 164
7107 0 10 165
7108 5 179 139
7109 3 243 140
7110 4 72 140
7111 2 168 141
7112 1 173 142
7113 1 173 143
7114 1 173 144
7115 1 173 145
7116 1 173 146
7117 1 173 147
7118 1 173 148
7119 1 173 149
7120 1 173 150
7121 1 173 151
7122 1 173 152
7123 1 173 153
7124 1 173 154
7125 1 173 155
7126 1 173 156
7127 1 173 157
7128 1 173 158
7129 1 173 159
7130 1 173 160
7131 1 173 161
7132 1 173 162
7133 1 173 163
7134 7 91 139
7135 5 102 140
7136 6 173 140
7137 3 179 141
7138 4 129 141
7139 2 243 142
7140 2 243 143
7141 2 243 144
7142 2 243 145
7143 2 243 146
7144 2 243 147
7145 2 243 148
7146 2 243 149
7147 2 243 150
7148 2 243 151
7149 2 243 152
7150 2 243 153
7151 2 243 154
7152 2 243 155
7153 2 243 156
7154 2 243 157
7155 2 243 158
7156 2 243 159
7157 2 243 160
7158 2 243 161
7159 9 108 139
7160 7 138 140
7161 8 98 140
7162 5 91 141
7163 6 235 141
7164 3 210 142
7165 4 248 142
7166 3 169 143
7167 3 169 144
7168 3 169 145
7169 3 169 146
7170 3 169 147
7171 3 169 148
7172 3 169 149
7173 3 169 150
7174 3 169 151
7175 3 169 152
7176 3 169 153
7177 3 169 154
7178 3 169 155
7179 3 169 156
7180 3 169 157
7181 3 169 158
7182 3 169 159
7183 11 131 139
7184 9 96 140
7185 10 57 140
7186 7 108 141
7187 8 197 141
7188 5 12 142
7189 6 139 142
7190 4 187 143
7191 5 131 143
7192 4 71 144
7193 4 71 145
7194 4 71 146
7195 4 71 147
7196 4 71 148
7197 4 71 149
7198 4 71 150
7199 4 71 151
7200 4 71 152
7201 4 71 153
7202 4 71 154
7203 4 71 155
7204 4 71 156
7205 4 71 157
7206 11 139 140
7207 13 68 140
7208 9 12 141
7209 10 140 141
7210 12 159 141
7211 7 243 142
7212 8 52 142
7213 6 253 143
7214 7 147 143
7215 5 187 144
7216 6 74 144
7217 5 226 145
7218 5 226 146
7219 5 226 147
7220 5 226 148
7221 5 226 149
7222 5 226 150
7223 5 226 151
7224 5 226 152
7225 5 226 153
7226 5 226 154
7227 5 226 155
7228 11 224 141
7229 13 80 141
7230 9 256 142
7231 10 74 142
7232 12 51 142
7233 14 241 142
7234 8 55 143
7235 9 119 143
7236 16 73 143
7237 7 253 144
7238 8 85 144
7239 6 251 145
7240 7 26 145
7241 6 209 146
7242 6 209 147
7243 6 209 148
7244 6 209 149
7245 6 209 150
7246 6 209 151
7247 6 209 152
7248 6 209 153
7249 11 67 142
7250 13 79 142
7251 10 173 143
7252 11 82 143
7253 12 60 143
7254 14 87 143
7255 15 174 143
7256 9 241 144
7257 10 254 144
7258 17 202 144
7259 8 107 145
7260 9 90 145
7261 19 10 145
7262 7 183 146
7263 8 11 146
7264 7 249 147
7265 7 249 148
7266 7 249 149
7267 7 249 150
7268 7 249 151
7269 13 244 143
7270 11 62 144
7271 12 8 144
7272 13 155 144
7273 14 247 144
7274 15 106 144
7275 16 63 144
7276 10 108 145
7277 11 175 145
7278 12 120 145
7279 18 104 145
7280 9 182 146
7281 10 72 146
7282 8 130 147
7283 9 117 147
7284 20 96 147
7285 8 170 148
7286 22 124 148
7287 8 170 149
7288 13 168 145
7289 14 146 145
7290 15 133 145
7291 16 156 145
7292 17 156 145
7293 11 184 146
7294 12 248 146
7295 13 145 146
7296 14 204 146
7297 15 131 146
7298 19 216 146
7299 11 58 147
7300 10 253 147
7301 12 119 147
7302 21 229 147
7303 9 194 148
7304 10 13 148
7305 23 192 148
7306 16 179 146
7307 17 24 146
7308 18 225 146
7309 13 111 147
7310 14 176 147
7311 15 95 147
7312 16 209 147
7313 17 176 147
7314 18 76 147
7315 11 223 148
7316 12 167 148
7317 13 203 148
7318 14 249 148
7319 20 248 148
7320 9 147 149
7321 10 240 149
7322 11 7 149
7323 19 128 147
7324 15 242 148
7325 16 190 148
7326 17 33 148
7327 18 171 148
7328 19 211 148
7329 21 216 148
7330 12 106 149
7331 13 239 149
7332 14 149 149
7333 15 99 149
7334 16 151 149
7335 17 171 149
7336 18 211 149
7337 22 245 149
7338 23 235 149
7339 19 46 149
7340 20 144 149
7341 21 222 149
7342 8 226 150
7343 9 57 150
7344 10 220 150
7345 11 71 150
7346 12 126 150
7347 13 65 150
7348 14 161 150
7349 15 81 150
7350 16 217 150
7351 17 248 150
7352 18 244 150
7353 19 201 150
7354 20 230 150
7355 21 119 150
7356 22 147 150
7357 23 132 150
7358 24 127 150
7359 25 51 150
7360 8 185 151
7361 9 185 151
7362 10 190 151
7363 11 213 151
7364 12 140 151
7365 13 192 151
7366 14 95 151
7367 15 62 151
7368 16 216 151
7369 17 139 151
7370 18 186 151
7371 19 141 151
7372 20 175 151
7373 21 107 151
7374 22 99 151
7375 23 244 151
7376 24 244 151
7377 25 201 151
7378 26 137 151
7379 7 20 152
7380 8 211 152
7381 9 220 152
7382 10 33 152
7383 11 202 152
7384 12 222 152
7385 13 92 152
7386 14 9 152
7387 15 199 152
7388 16 214 152
7389 17 83 152
7390 18 202 152
7391 19 166 152
7392 20 228 152
7393 21 24 152
7394 22 235 152
7395 23 61 152
7396 24 127 152
7397 25 33 152
7398 26 143 152
7399 27 152 152
7400 28 236 152
7401 7 8 153
7402 8 109 153
7403 9 212 153
7404 10 44 153
7405 11 103 153
7406 12 23 153
7407 13 30 153
7408 14 254 153
7409 15 129 153
7410 16 46 153
7411 17 44 153
7412 18 152 153
7413 19 225 153
7414 20 202 153
7415 21 166 153
7416 22 40 153
7417 23 85 153
7418 24 188 153
7419 25 209 153
7420 26 21 153
7421 27 114 153
7422 28 112 153
7423 29 52 153
7424 6 208 154
7425 7 195 154
7426 8 209 154
7427 9 153 154
7428 10 231 154
7429 11 143 154
7430 12 37 154
7431 13 49 154
7432 14 151 154
7433 15 195 154
7434 16 40 154
7435 17 228 154
7436 18 115 154
7437 19 251 154
7438 20 120 154
7439 21 215 154
7440 22 189 154
7441 23 5 154
7442 24 103 154
7443 25 155 154
7444 26 169 154
7445 27 154 154
7446 28 226 154
7447 29 171 154
7448 31 124 154
7449 6 83 155
7450 7 110 155
7451 8 163 155
7452 9 192 155
7453 10 40 155
7454 11 255 155
7455 12 44 155
7456 13 17 155
7457 14 123 155
7458 5 188 156
7459 15 17 155
7460 16 210 155
7461 17 7 155
7462 18 14 155
7463 19 136 155
7464 20 252 155
7465 21 96 155
7466 22 43 155
7467 23 93 155
7468 24 230 155
7469 25 223 155
7470 26 144 155
7471 27 216 155
7472 28 219 155
7473 29 196 155
7474 30 234 155
7475 31 197 155
7476 6 117 156
7477 7 96 156
7478 8 38 156
7479 9 96 156
7480 10 232 156
7481 11 171 156
7482 12 83 156
7483 13 187 156
7484 14 116 156
7485 15 143 156
7486 16 229 156
7487 17 222 156
7488 18 66 156
7489 19 116 156
7490 20 236 156
7491 21 186 156
7492 22 133 156
7493 23 34 156
7494 24 168 156
7495 25 229 156
7496 26 118 156
7497 27 78 156
7498 28 73 156
7499 29 183 156
7500 30 11 156
7501 31 73 156
7502 32 86 156
7503 33 9 156
7504 5 75 157
7505 6 96 157
7506 7 47 157
7507 8 153 157
7508 9 45 157
7509 10 232 157
7510 11 159 157
7511 12 61 157
7512 13 28 157
7513 14 211 157
7514 15 43 157
7515 16 24 157
7516 17 57 157
7517 18 83 157
7518 19 36 157
7519 20 59 157
7520 21 128 157
7521 22 209 157
7522 23 6 157
7523 24 225 157
7524 25 194 157
7525 26 200 157
7526 27 174 157
7527 28 62 157
7528 29 197 157
7529 30 67 157
7530 31 224 157
7531 32 168 157
7532 33 117 157
7533 34 213 157
7534 4 185 158
7535 5 86 158
7536 6 12 158
7537 7 206 158
7538 8 11 158
7539 9 146 158
7540 10 209 158
7541 11 209 158
7542 12 197 158
7543 13 50 158
7544 14 42 158
7545 15 62 158
7546 16 54 158
7547 17 154 158
7548 18 235 158
7549 19 252 158
7550 20 49 158
7551 21 65 158
7552 22 2 158
7553 23 31 158
7554 24 62 158
7555 25 50 158
7556 26 93 158
7557 27 122 158
7558 28 68 158
7559 29 205 158
7560 30 83 158
7561 31 173 158
7562 32 253 158
7563 33 11 158
7564 34 24 158
7565 35 89 158
7566 4 122 159
7567 5 116 159
7568 6 81 159
7569 7 100 159
7570 8 78 159
7571 9 73 159
7572 10 19 159
7573 11 31 159
7574 12 118 159
7575 13 6 159
7576 14 37 159
7577 15 180 159
7578 16 236 159
7579 17 87 159
7580 18 185 159
7581 19 238 159
7582 20 1 159
7583 21 52 159
7584 22 183 159
7585 23 180 159
7586 24 134 159
7587 25 33 159
7588 26 231 159
7589 27 144 159
7590 28 50 159
7591 29 238 159
7592 30 34 159
7593 31 88 159
7594 32 48 159
7595 33 198 159
7596 34 21 159
7597 35 119 159
7598 36 145 159
7599 37 180 159
7600 3 130 160
7601 4 218 160
7602 5 141 160
7603 6 243 160
7604 7 123 160
7605 8 134 160
7606 9 158 160
7607 10 169 160
7608 11 206 160
7609 12 134 160
7610 13 196 160
7611 14 31 160
7612 15 101 160
7613 16 205 160
7614 17 65 160
7615 18 135 160
7616 19 250 160
7617 20 253 160
7618 21 70 160
7619 22 112 160
7620 23 59 160
7621 24 139 160
7622 25 139 160
7623 26 64 160
7624 27 232 160
7625 28 124 160
7626 29 227 160
7627 30 234 160
7628 31 102 160
7629 32 111 160
7630 33 86 160
7631 34 192 160
7632 35 55 160
7633 36 18 160
7634 37 222 160
7635 38 178 160
7636 3 20 161
7637 4 108 161
7638 5 165 161
7639 6 117 161
7640 7 113 161
7641 8 44 161
7642 9 39 161
7643 10 11 161
7644 11 13 161
7645 12 82 161
7646 13 69 161
7647 14 111 161
7648 15 228 161
7649 16 127 161
7650 17 14 161
7651 18 178 161
7652 19 5 161
7653 20 237 161
7654 21 61 161
7655 22 8 161
7656 23 106 161
7657 24 119 161
7658 25 116 161
7659 26 222 161
7660 27 9 161
7661 28 49 161
7662 29 205 161
7663 30 182 161
7664 31 222 161
7665 32 242 161
7666 33 234 161
7667 34 62 161
7668 35 62 161
7669 36 129 161
7670 37 18 161
7671 38 31 161
7672 39 230 161
7673 2 9 162
7674 3 238 162
7675 4 127 162
7676 5 165 162
7677 6 176 162
7678 7 86 162
7679 8 232 162
7680 9 14 162
7681 10 130 162
7682 11 64 162
7683 12 123 162
7684 13 124 162
7685 14 129 162
7686 15 58 162
7687 16 122 162
7688 17 243 162
7689 18 185 162
7690 19 187 162
7691 20 167 162
7692 21 2 162
7693 22 2 162
7694 23 216 162
7695 24 51 162
7696 25 95 162
7697 26 239 162
7698 28 235 162
7699 27 35 162
7700 29 78 162
7701 30 195 162
7702 31 36 162
7703 32 187 162
7704 33 155 162
7705 34 124 162
7706 35 194 162
7707 36 221 162
7708 37 79 162
7709 38 153 162
7710 39 117 162
7711 40 176 162
7712 41 209 162
7713 2 54 163
7714 3 16 163
7715 4 233 163
7716 5 20 163
7717 6 168 163
7718 7 112 163
7719 8 139 163
7720 9 221 163
7721 10 68 163
7722 11 219 163
7723 12 155 163
7724 13 191 163
7725 14 13 163
7726 15 19 163
7727 16 198 163
7728 17 36 163
7729 18 126 163
7730 19 221 163
7731 20 103 163
7732 21 15 163
7733 22 58 163
7734 23 140 163
7735 24 3 163
7736 25 24 163
7737 26 226 163
7738 27 92 163
7739 28 17 163
7740 29 2 163
7741 30 60 163
7742 31 92 163
7743 32 174 163
7744 33 105 163
7745 34 109 163
7746 35 199 163
7747 36 240 163
7748 37 225 163
7749 38 70 163
7750 39 44 163
7751 40 210 163
7752 41 8 163
7753 43 152 163
7754 1 142 164
7755 2 165 164
7756 3 127 164
7757 4 100 164
7758 5 172 164
7759 6 169 164
7760 7 166 164
7761 8 160 164
7762 9 114 164
7763 10 46 164
7764 11 122 164
7765 12 207 164
7766 13 192 164
7767 14 190 164
7768 15 124 164
7769 16 118 164
7770 17 118 164
7771 18 159 164
7772 19 18 164
7773 20 141 164
7774 21 205 164
7775 22 225 164
7776 23 112 164
7777 24 190 164
7778 25 63 164
7779 26 164 164
7780 27 229 164
7781 28 238 164
7782 29 107 164
7783 30 185 164
7784 31 206 164
7785 32 27 164
7786 33 3 164
7787 34 184 164
7788 35 100 164
7789 36 143 164
7790 37 98 164
7791 38 120 164
7792 39 24 164
7793 40 52 164
7794 41 221 164
7795 42 117 164
7796 43 205 164
7797 1 208 165
7798 2 238 165
7799 20 153 165
7800 22 7 165
7801 24 122 165
7802 25 192 165
7803 26 32 165
7804 27 53 165
7805 28 213 165
7806 29 119 165
7807 30 240 165
7808 31 179 165
7809 32 13 165
7810 33 34 165
7811 34 255 165
7812 35 76 165
7813 36 62 165
7814 37 155 165
7815 38 236 165
7816 39 39 165
7817 40 132 165
7818 41 172 165
7819 42 145 165
7820 43 176 165
7821 44 146 165
7822 24 175 166
7823 26 194 166
7824 27 236 166
7825 28 86 166
7826 29 28 166
7827 30 242 166
7828 31 220 166
7829 32 2 166
7830 33 223 166
7831 34 105 166
7832 35 86 166
7833 36 241 166
7834 37 231 166
7835 38 207 166
7836 39 9 166
7837 40 186 166
7838 41 209 166
7839 42 109 166
7840 43 165 166
7841 44 247 166
7842 45 92 166
7843 46 225 166
7844 30 195 167
7845 31 74 167
7846 32 177 167
7847 33 45 167
7848 34 215 167
7849 35 212 167
7850 36 150 167
7851 37 11 167
7852 39 28 167
7853 38 171 167
7854 40 168 167
7855 41 177 167
7856 42 98 167
7857 43 191 167
7858 44 219 167
7859 45 201 167
7860 46 226 167
7861 47 101 167
7862 32 201 168
7863 34 83 168
7864 35 135 168
7865 36 20 168
7866 38 137 168
7867 37 209 168
7868 39 240 168
7869 40 13 168
7870 41 38 168
7871 45 143 168
7872 44 240 168
7873 42 217 168
7874 43 76 168
7875 46 145 168
7876 47 212 168
7877 48 17 168
7878 49 100 168
7879 36 10 169
7880 38 160 169
7881 39 54 169
7882 40 182 169
7883 44 48 169
7884 42 227 169
7885 43 179 169
7886 41 138 169
7887 45 76 169
7888 46 37 169
7889 48 81 169
7890 47 238 169
7891 49 175 169
7892 40 210 170
7893 44 61 170
7894 42 187 170
7895 43 48 170
7896 50 135 170
7897 45 86 170
7898 48 119 170
7899 47 99 170
7900 46 8 170
7901 49 128 170
7902 51 26 170
7903 44 113 171
7904 50 27 171
7905 45 14 171
7906 48 178 171
7907 47 174 171
7908 46 53 171
7909 52 151 171
7910 51 133 171
7911 53 245 171
7912 49 145 171
7913 48 87 172
7914 50 82 172
7915 52 133 172
7916 51 78 172
7917 53 44 172
7918 54 68 173
7919 50 72 173
7920 52 78 173
7921 55 194 173
7922 54 65 174
7923 56 97 174
7924 57 160 175
7925 55 40 174
7926 53 5 173
7927 51 194 173
7928 49 177 172
7929 47 237 172
7930 45 252 172
7931 42 54 171
7932 41 40 170
7933 39 10 170
7934 37 131 169
7935 35 97 169
7936 33 237 168
7937 30 62 168
7938 29 63 167
7939 27 80 167
7940 25 20 166
7941 23 131 165
7942 21 97 165
7943 3 135 165
7944 4 55 165
7945 5 165 165
7946 6 244 165
7947 7 177 165
7948 8 237 165
7949 9 221 165
7950 10 173 165
7951 11 212 165
7952 12 32 165
7953 13 28 165
7954 14 170 165
7955 15 99 165
7956 16 161 165
7957 17 229 165
7958 18 167 165
7959 58 80 175
7960 56 20 175
7961 54 5 175
7962 52 194 174
7963 50 177 174
7964 48 247 173
7965 46 126 172
7966 44 160 172
7967 43 50 171
7968 40 10 171
7969 38 194 170
7970 36 177 170
7971 34 237 169
7972 32 252 169
7973 31 104 168
7974 28 40 167
7975 26 10 167
7976 24 131 167
7977 22 97 166
7978 20 217 166
7979 19 105 165
7980 0 156 166
7981 1 132 166
7982 2 58 166
7983 3 165 166
7984 4 6 166
7985 5 8 166
7986 6 196 166
7987 7 132 166
7988 8 61 166
7989 9 205 166
7990 10 142 166
7991 11 116 166
7992 12 176 166
7993 59 198 176
7994 57 178 176
7995 55 173 175
7996 53 118 174
7997 51 158 174
7998 49 168 173
7999 47 42 173
8000 45 139 173
8001 42 166 172
8002 41 173 171
8003 39 236 171
8004 37 59 170
8005 35 79 170
8006 33 42 169
8007 30 27 169
8008 29 99 168
8009 27 89 168
8010 25 215 167
8011 23 59 166
8012 21 79 166
8013 13 185 166
8014 14 153 166
8015 15 175 166
8016 16 157 166
8017 17 119 166
8018 18 208 166
8019 19 26 166
8020 0 224 167
8021 1 131 167
8022 2 147 167
8023 3 246 167
8024 4 246 167
8025 5 184 167
8026 61 124 177
8027 58 89 176
8028 56 215 176
8029 54 118 176
8030 52 158 175
8031 50 168 175
8032 48 21 174
8033 46 198 173
8034 44 178 173
8035 43 255 172
8036 40 236 172
8037 38 158 171
8038 36 168 171
8039 34 42 170
8040 32 139 170
8041 31 143 169
8042 28 173 168
8043 26 236 168
8044 24 59 168
8045 22 79 167
8046 20 84 167
8047 6 39 167
8048 7 52 167
8049 8 103 167
8050 9 58 167
8051 10 165 167
8052 11 116 167
8053 12 244 167
8054 13 212 167
8055 14 193 167
8056 15 242 167
8057 16 107 167
8058 60 167 178
8059 59 201 177
8060 57 243 177
8061 55 125 176
8062 53 112 175
8063 51 28 175
8064 49 7 174
8065 47 66 174
8066 45 145 174
8067 42 74 173
8068 41 125 172
8069 39 224 172
8070 37 56 171
8071 35 14 171
8072 33 66 170
8073 30 38 170
8074 29 229 169
8075 27 250 169
8076 25 191 168
8077 23 56 167
8078 21 14 167
8079 17 37 167
8080 18 181 167
8081 19 243 167
8082 0 76 168
8083 1 15 168
8084 2 209 168
8085 3 220 168
8086 4 213 168
8087 5 214 168
8088 6 148 168
8089 62 33 179
8090 61 31 178
8091 58 250 177
8092 56 191 177
8093 54 112 177
8094 52 28 176
8095 50 7 176
8096 48 33 175
8097 46 201 174
8098 44 243 174
8099 43 122 173
8100 40 224 173
8101 38 28 172
8102 36 7 172
8103 34 66 171
8104 32 145 171
8105 31 51 170
8106 28 125 169
8107 26 224 169
8108 24 56 169
8109 22 14 168
8110 20 132 168
8111 7 161 168
8112 8 188 168
8113 9 20 168
8114 10 208 168
8115 11 156 168
8116 12 234 168
8117 13 212 168
8118 14 6 168
8119 63 134 179
8120 60 160 179
8121 59 169 178
8122 57 235 178
8123 55 123 177
8124 53 176 176
8125 51 44 176
8126 49 11 175
8127 47 67 175
8128 45 81 175
8129 42 170 174
8130 41 123 173
8131 39 95 173
8132 37 88 172
8133 35 22 172
8134 33 67 171
8135 30 241 171
8136 29 213 170
8137 27 246 170
8138 25 190 169
8139 23 88 168
8140 21 22 168
8141 15 82 168
8142 16 44 168
8143 17 137 168
8144 18 112 168
8145 19 45 168
8146 0 216 169
8147 1 240 169
8148 64 134 180
8149 62 162 180
8150 61 22 179
8151 58 246 178
8152 56 190 178
8153 54 176 178
8154 52 44 177
8155 50 11 177
8156 48 162 176
8157 46 169 175
8158 44 235 175
8159 43 252 174
8160 40 95 174
8161 38 44 173
8162 36 11 173
8163 34 67 172
8164 32 81 172
8165 31 232 171
8166 28 123 170
8167 26 95 170
8168 24 88 170
8169 22 22 169
8170 20 134 169
8171 2 61 169
8172 3 162 169
8173 4 10 169
8174 5 5 169
8175 6 12 169
8176 65 216 181
8177 63 27 180
8178 60 27 180
8179 59 82 179
8180 57 149 179
8181 55 230 178
8182 53 93 177
8183 51 216 177
8184 49 54 176
8185 47 142 176
8186 45 164 176
8187 42 16 175
8188 41 230 174
8189 39 186 174
8190 37 175 173
8191 35 108 173
8192 33 142 172
8193 30 102 172
8194 29 41 171
8195 27 203 171
8196 25 115 170
8197 23 175 169
8198 21 108 169
8199 7 204 169
8200 8 208 169
8201 9 30 169
8202 10 190 169
8203 66 108 182
8204 64 27 181
8205 62 71 181
8206 61 87 180
8207 58 203 179
8208 56 115 179
8209 54 93 179
8210 52 216 178
8211 50 54 178
8212 48 71 177
8213 46 82 176
8214 44 149 176
8215 43 218 175
8216 40 186 175
8217 38 216 174
8218 36 54 174
8219 34 142 173
8220 32 164 173
8221 31 42 172
8222 28 230 171
8223 26 186 171
8224 24 175 171
8225 22 108 170
8226 20 27 170
8227 18 164 169
8228 11 142 169
8229 67 36 182
8230 65 9 182
8231 63 226 181
8232 60 59 181
8233 59 239 180
8234 57 124 180
8235 55 31 179
8236 53 36 178
8237 51 9 178
8238 49 195 177
8239 47 113 177
8240 45 221 177
8241 42 13 176
8242 41 31 175
8243 39 72 175
8244 37 18 174
8245 35 133 174
8246 33 113 173
8247 30 182 173
8248 29 248 172
8249 27 62 172
8250 25 144 171
8251 23 18 170
8252 21 133 170
8253 19 226 169
8254 68 18 183
8255 66 133 183
8256 64 226 182
8257 62 185 182
8258 61 67 181
8259 58 62 180
8260 56 144 180
8261 54 36 180
8262 52 9 179
8263 50 195 179
8264 48 185 178
8265 46 239 177
8266 44 124 177
8267 43 173 176
8268 40 72 176
8269 38 9 175
8270 36 195 175
8271 34 113 174
8272 32 221 174
8273 31 178 173
8274 28 31 172
8275 26 72 172
8276 24 18 172
8277 22 133 171
8278 69 6 184
8279 67 130 183
8280 65 161 183
8281 63 245 182
8282 60 214 182
8283 59 192 181
8284 57 48 181
8285 55 12 180
8286 53 130 179
8287 51 161 179
8288 49 233 178
8289 47 251 178
8290 45 127 178
8291 42 238 177
8292 41 12 176
8293 39 3 176
8294 37 65 175
8295 35 209 175
8296 33 251 174
8297 30 210 174
8298 29 96 173
8299 27 24 173
8300 25 6 172
8301 70 6 185
8302 68 65 184
8303 66 209 184
8304 64 245 183
8305 62 254 183
8306 61 237 182
8307 58 24 181
8308 56 6 181
8309 54 130 181
8310 52 161 180
8311 50 233 180
8312 48 254 179
8313 46 192 178
8314 44 48 178
8315 43 147 177
8316 40 3 177
8317 38 161 176
8318 36 233 176
8319 34 251 175
8320 32 127 175
8321 31 162 174
8322 28 12 173
8323 71 1 185
8324 69 193 185
8325 67 241 184
8326 65 253 184
8327 63 128 183
8328 60 153 183
8329 59 8 182
8330 57 2 182
8331 55 129 181
8332 53 241 180
8333 51 253 180
8334 49 256 179
8335 47 64 179
8336 45 16 179
8337 42 89 178
8338 41 129 177
8339 39 225 177
8340 37 249 176
8341 35 255 176
8342 33 64 175
8343 30 238 175
8344 73 23 186
8345 70 193 186
8346 68 249 185
8347 66 255 185
8348 64 128 184
8349 62 32 184
8350 61 228 183
8351 58 1 182
8352 56 193 182
8353 54 241 182
8354 52 253 181
8355 50 256 181
8356 48 32 180
8357 46 8 179
8358 44 2 179
8359 43 82 178
8360 40 225 178
8361 38 253 177
8362 36 256 177
8363 34 64 176
8364 72 54 187
8365 71 75 186
8366 69 83 186
8367 67 85 185
8368 65 214 185
8369 63 91 184
8370 60 24 184
8371 59 86 183
8372 57 150 183
8373 55 166 182
8374 53 85 181
8375 51 214 181
8376 49 182 180
8377 47 174 180
8378 45 172 180
8379 42 184 179
8380 41 166 178
8381 39 170 178
8382 37 171 177
8383 74 43 188
8384 73 192 187
8385 70 83 187
8386 68 171 186
8387 66 107 186
8388 64 91 185
8389 62 87 185
8390 61 210 184
8391 58 75 183
8392 56 83 183
8393 54 85 183
8394 52 214 182
8395 50 182 182
8396 48 87 181
8397 46 86 180
8398 44 150 180
8399 43 115 179
8400 40 170 179
8401 75 100 189
8402 72 222 188
8403 71 228 187
8404 69 57 187
8405 67 207 186
8406 65 116 186
8407 63 143 185
8408 60 8 185
8409 59 25 184
8410 57 199 184
8411 55 114 183
8412 53 207 182
8413 51 116 182
8414 49 29 181
8415 47 200 181
8416 45 50 181
8417 42 153 180
8418 76 50 189
8419 74 141 189
8420 73 169 188
8421 70 57 188
8422 68 232 187
8423 66 58 187
8424 64 143 186
8425 62 100 186
8426 61 76 185
8427 58 228 184
8428 56 57 184
8429 54 207 184
8430 52 116 183
8431 50 29 183
8432 48 100 182
8433 46 25 181
8434 77 188 190
8435 75 47 190
8436 72 5 189
8437 71 138 188
8438 69 163 188
8439 67 105 187
8440 65 219 187
8441 63 188 186
8442 60 157 186
8443 59 76 185
8444 57 19 185
8445 55 69 184
8446 53 105 183
8447 51 219 183
8448 49 119 182
8449 78 94 191
8450 76 152 190
8451 74 38 190
8452 73 78 189
8453 70 163 189
8454 68 181 188
8455 66 238 188
8456 64 188 187
8457 62 47 187
8458 61 14 186
8459 58 138 185
8460 56 163 185
8461 54 105 185
8462 52 219 184
8463 79 117 191
8464 77 222 191
8465 75 184 191
8466 72 157 190
8467 71 70 189
8468 69 146 189
8469 67 165 188
8470 65 234 188
8471 63 222 187
8472 60 176 187
8473 59 46 186
8474 57 140 186
8475 55 35 185
8476 80 117 193
8477 78 111 192
8478 76 92 191
8479 74 23 191
8480 73 153 190
8481 70 146 190
8482 68 211 189
8483 66 117 189
8484 64 222 188
8485 62 184 188
8486 61 192 187
8487 58 70 186
8488 81 148 193
8489 79 37 192
8490 77 202 192
8491 75 179 192
8492 72 138 191
8493 71 110 190
8494 69 156 190
8495 67 39 189
8496 65 74 189
8497 63 202 188
8498 60 99 188
8499 82 148 194
8500 80 37 194
8501 78 101 193
8502 76 218 192
8503 74 183 192
8504 73 26 191
8505 70 156 191
8506 68 148 190
8507 66 37 190
8508 64 202 189
8509 83 196 194
8510 81 49 194
8511 79 205 193
8512 77 244 193
8513 75 61 193
8514 72 74 192
8515 71 26 191
8516 69 135 191
8517 67 98 190
8518 84 196 196
8519 82 49 195
8520 80 205 195
8521 78 122 194
8522 76 159 193
8523 74 104 193
8524 73 113 192
8525 70 135 192
8526 85 151 196
8527 83 51 195
8528 81 77 195
8529 79 212 194
8530 77 53 194
8531 75 206 194
8532 72 209 193
8533 86 204 197
8534 84 51 197
8535 82 77 196
8536 80 212 196
8537 78 155 195
8538 76 103 194
8539 87 68 198
8540 85 17 197
8541 83 227 196
8542 81 121 196
8543 79 223 195
8544 88 34 198
8545 86 137 198
8546 84 227 198
8547 82 121 197
8548 89 97 199
8549 87 217 199
8550 85 247 198
8551 91 197 200
8552 88 237 199
8553 90 14 201
8554 92 50 202
8555 89 94 200
8556 86 47 199
8557 83 222 197
8558 80 222 197
8559 77 37 195
8560 74 147 194
8561 71 153 192
8562 68 205 191
8563 65 154 190
8564 62 77 189
8565 59 227 187
8566 56 242 186
8567 53 126 184
8568 50 126 184
8569 47 21 182
8570 44 139 181
8571 41 66 179
8572 38 33 178
8573 35 11 177
8574 32 134 176
8575 29 108 174
8576 26 54 173
8577 23 9 171
8578 20 9 171
8579 17 130 169
8580 15 65 169
8581 12 39 169
8582 93 94 202
8583 91 89 201
8584 87 187 200
8585 84 222 199
8586 81 37 197
8587 78 147 196
8588 75 49 195
8589 73 8 193
8590 69 154 192
8591 66 77 191
8592 63 227 189
8593 61 145 188
8594 57 252 187
8595 54 126 186
8596 51 21 184
8597 48 139 183
8598 45 132 182
8599 43 37 180
8600 39 11 179
8601 36 134 178
8602 33 108 176
8603 31 95 175
8604 27 18 174
8605 24 9 173
8606 21 130 171
8607 18 65 170
8608 94 94 203
8609 90 175 202
8610 88 222 200
8611 85 74 199
8612 82 37 198
8613 79 49 196
8614 76 153 195
8615 72 203 194
8616 70 154 193
8617 67 197 191
8618 64 227 190
8619 60 61 189
8620 58 126 187
8621 55 42 186
8622 52 21 185
8623 49 132 183
8624 46 66 182
8625 42 29 181
8626 40 11 180
8627 37 216 178
8628 34 108 177
8629 30 12 176
8630 28 9 174
8631 25 3 173
8632 95 117 204
8633 92 187 203
8634 89 74 201
8635 86 37 200
8636 83 49 198
8637 80 49 198
8638 77 51 196
8639 74 154 195
8640 71 197 193
8641 68 227 192
8642 65 247 191
8643 62 252 190
8644 59 42 188
8645 56 21 187
8646 53 132 185
8647 50 132 185
8648 47 22 183
8649 44 11 182
8650 41 216 180
8651 38 108 179
8652 35 36 178
8653 32 18 177
8654 96 187 205
8655 93 74 203
8656 91 168 202
8657 87 98 201
8658 84 49 200
8659 81 51 198
8660 78 154 197
8661 75 137 196
8662 73 3 194
8663 69 247 193
8664 66 252 192
8665 63 42 190
8666 61 152 189
8667 57 7 188
8668 54 132 187
8669 51 22 185
8670 48 11 184
8671 45 175 183
8672 43 41 181
8673 39 36 180
8674 97 148 205
8675 94 74 204
8676 90 171 203
8677 88 49 201
8678 85 102 200
8679 82 51 199
8680 79 137 197
8681 76 197 196
8682 72 57 195
8683 70 247 194
8684 67 84 192
8685 64 42 191
8686 60 157 190
8687 58 132 188
8688 55 44 187
8689 52 22 186
8690 49 175 184
8691 46 216 183
8692 98 74 206
8693 95 196 205
8694 92 98 204
8695 89 102 202
8696 86 51 201
8697 83 137 199
8698 80 137 199
8699 77 237 197
8700 74 247 196
8701 71 84 194
8702 68 42 193
8703 65 14 192
8704 62 7 191
8705 59 44 189
8706 56 22 188
8707 53 175 186
8708 99 196 207
8709 96 98 206
8710 93 102 204
8711 91 157 203
8712 87 17 202
8713 84 137 201
8714 81 237 199
8715 78 247 198
8716 75 168 197
8717 73 89 195
8718 69 14 194
8719 66 7 193
8720 63 44 191
8721 61 164 190
8722 100 196 208
8723 97 204 206
8724 94 102 205
8725 90 115 204
8726 88 137 202
8727 85 217 201
8728 82 237 200
8729 79 168 198
8730 76 84 197
8731 72 7 196
8732 70 14 195
8733 67 88 193
8734 101 204 208
8735 98 102 207
8736 95 34 206
8737 92 17 205
8738 89 217 203
8739 86 237 202
8740 83 168 200
8741 80 168 200
8742 77 28 198
8743 74 14 197
8744 103 159 209
8745 99 34 208
8746 96 17 207
8747 93 217 205
8748 91 218 204
8749 87 79 203
8750 84 168 202
8751 81 28 200
8752 102 97 210
8753 100 34 209
8754 97 177 207
8755 94 217 206
8756 90 31 205
8757 88 168 203
8758 104 34 211
8759 101 177 209
8760 98 217 208
8761 95 158 207
8762 105 97 212
8763 103 139 210
8764 13 192 169
8765 14 195 169
8766 16 99 169
8767 0 143 170
8768 1 70 170
8769 0 12 171
8770 0 12 172
8771 0 12 173
8772 0 12 174
8773 0 12 175
8774 0 12 176
8775 0 12 177
8776 0 12 178
8777 0 12 179
8778 0 12 180
8779 0 12 181
8780 0 12 182
8781 0 12 183
8782 0 12 184
8783 0 12 185
8784 2 56 170
8785 3 82 170
8786 4 86 170
8787 5 160 170
8788 6 111 170
8789 7 223 170
8790 8 165 170
8791 1 129 171
8792 1 129 172
8793 1 129 173
8794 1 129 174
8795 1 129 175
8796 1 129 176
8797 1 129 177
8798 1 129 178
8799 1 129 179
8800 1 129 180
8801 1 129 181
8802 1 129 182
8803 9 165 170
8804 10 156 170
8805 11 130 170
8806 12 133 170
8807 13 20 170
8808 14 255 170
8809 15 159 170
8810 16 234 170
8811 19 219 170
8812 2 166 171
8813 2 166 172
8814 2 166 173
8815 2 166 174
8816 2 166 175
8817 2 166 176
8818 2 166 177
8819 2 166 178
8820 2 166 179
8821 17 14 170
8822 3 90 171
8823 4 255 171
8824 5 27 171
8825 6 99 171
8826 7 155 171
8827 8 113 171
8828 9 233 171
8829 10 214 171
8830 11 135 171
8831 3 114 172
8832 20 138 172
8833 22 108 172
8834 3 114 173
8835 3 114 174
8836 3 114 175
8837 3 114 176
8838 12 143 171
8839 13 58 171
8840 14 100 171
8841 15 45 171
8842 16 129 171
8843 17 195 171
8844 18 54 171
8845 19 23 171
8846 4 234 172
8847 5 13 172
8848 6 112 172
8849 7 12 172
8850 21 187 172
8851 23 124 172
8852 4 69 173
8853 4 69 174
8854 8 68 172
8855 9 96 172
8856 10 172 172
8857 11 190 172
8858 12 3 172
8859 13 217 172
8860 14 63 172
8861 15 177 172
8862 16 88 172
8863 17 207 172
8864 18 111 172
8865 19 56 172
8866 5 208 173
8867 6 181 173
8868 22 111 173
8869 7 168 173
8870 8 23 173
8871 9 126 173
8872 10 82 173
8873 11 162 173
8874 12 240 173
8875 13 225 173
8876 14 226 173
8877 15 35 173
8878 16 1 173
8879 17 36 173
8880 18 145 173
8881 19 205 173
8882 20 28 173
8883 21 145 173
8884 23 76 173
8885 5 27 174
8886 6 18 174
8887 7 229 174
8888 8 114 174
8889 9 122 174
8890 10 94 174
8891 11 216 174
8892 12 130 174
8893 13 161 174
8894 14 252 174
8895 15 76 174
8896 16 89 174
8897 17 59 174
8898 18 104 174
8899 19 109 174
8900 20 192 174
8901 21 60 174
8902 22 134 174
8903 23 229 174
8904 24 238 174
8905 25 145 174
8906 26 138 174
8907 4 16 175
8908 5 245 175
8909 6 29 175
8910 7 77 175
8911 8 152 175
8912 9 44 175
8913 10 190 175
8914 11 13 175
8915 12 35 175
8916 13 3 175
8917 14 205 175
8918 15 97 175
8919 16 190 175
8920 17 238 175
8921 18 51 175
8922 19 90 175
8923 20 239 175
8924 21 154 175
8925 22 2 175
8926 23 192 175
8927 24 23 175
8928 25 141 175
8929 26 205 175
8930 27 54 175
8931 28 112 175
8932 29 220 175
8933 4 100 176
8934 5 149 176
8935 6 235 176
8936 7 186 176
8937 8 73 176
8938 9 239 176
8939 10 189 176
8940 11 24 176
8941 12 103 176
8942 13 233 176
8943 14 93 176
8944 15 92 176
8945 16 165 176
8946 17 137 176
8947 18 131 176
8948 19 176 176
8949 20 119 176
8950 21 122 176
8951 22 50 176
8952 23 208 176
8953 24 68 176
8954 25 185 176
8955 26 254 176
8956 27 171 176
8957 28 81 176
8958 29 175 176
8959 31 240 176
8960 3 247 177
8961 4 96 177
8962 5 9 177
8963 6 72 177
8964 7 76 177
8965 8 87 177
8966 9 250 177
8967 10 198 177
8968 11 43 177
8969 12 236 177
8970 13 81 177
8971 14 105 177
8972 15 114 177
8973 16 111 177
8974 17 44 177
8975 18 205 177
8976 19 150 177
8977 20 218 177
8978 21 197 177
8979 22 192 177
8980 23 248 177
8981 24 87 177
8982 25 96 177
8983 26 128 177
8984 27 29 177
8985 28 24 177
8986 29 205 177
8987 30 241 177
8988 31 156 177
8989 33 150 177
8990 3 168 178
8991 4 218 178
8992 5 195 178
8993 6 160 178
8994 7 71 178
8995 8 65 178
8996 9 2 178
8997 10 73 178
8998 11 212 178
8999 12 47 178
9000 13 76 178
9001 14 199 178
9002 15 13 178
9003 16 84 178
9004 17 66 178
9005 18 82 178
9006 19 220 178
9007 20 83 178
9008 21 158 178
9009 22 220 178
9010 23 19 178
9011 24 137 178
9012 25 137 178
9013 26 94 178
9014 27 125 178
9015 28 49 178
9016 29 226 178
9017 30 84 178
9018 31 246 178
9019 32 240 178
9020 33 150 178
9021 34 123 178
9022 3 98 179
9023 4 189 179
9024 5 154 179
9025 6 22 179
9026 7 130 179
9027 8 86 179
9028 9 3 179
9029 10 197 179
9030 11 137 179
9031 13 236 179
9032 12 198 179
9033 14 60 179
9034 15 120 179
9035 16 246 179
9036 17 66 179
9037 18 131 179
9038 19 56 179
9039 20 27 179
9040 21 93 179
9041 22 210 179
9042 23 209 179
9043 24 232 179
9044 25 105 179
9045 26 98 179
9046 27 144 179
9047 28 108 179
9048 29 138 179
9049 30 14 179
9050 31 25 179
9051 32 213 179
9052 33 77 179
9053 34 208 179
9054 35 61 179
9055 36 12 179
9056 37 208 179
9057 2 26 180
9058 3 42 180
9059 4 111 180
9060 5 238 180
9061 6 154 180
9062 7 185 180
9063 8 11 180
9064 9 164 180
9065 10 98 180
9066 11 98 180
9067 12 114 180
9068 13 237 180
9069 14 141 180
9070 15 135 180
9071 16 102 180
9072 17 128 180
9073 18 233 180
9074 19 36 180
9075 20 215 180
9076 21 13 180
9077 22 23 180
9078 23 64 180
9079 24 69 180
9080 25 121 180
9081 26 52 180
9082 27 2 180
9083 28 199 180
9084 29 196 180
9085 30 216 180
9086 31 86 180
9087 32 226 180
9088 33 121 180
9089 34 66 180
9090 35 1 180
9091 36 226 180
9092 37 224 180
9093 38 44 180
9094 2 79 181
9095 3 27 181
9096 4 226 181
9097 5 39 181
9098 6 143 181
9099 7 159 181
9100 8 50 181
9101 9 12 181
9102 10 176 181
9103 11 229 181
9104 12 241 181
9105 13 175 181
9106 14 238 181
9107 15 197 181
9108 16 111 181
9109 17 120 181
9110 18 88 181
9111 19 44 181
9112 20 83 181
9113 21 27 181
9114 22 27 181
9115 23 18 181
9116 24 104 181
9117 25 1 181
9118 26 66 181
9119 27 247 181
9120 28 173 181
9121 29 215 181
9122 30 168 181
9123 31 226 181
9124 32 135 181
9125 33 3 181
9126 34 229 181
9127 35 121 181
9128 36 134 181
9129 37 156 181
9130 38 173 181
9131 39 253 181
9132 40 36 181
9133 41 240 181
9134 2 196 182
9135 3 102 182
9136 5 241 182
9137 4 92 182
9138 6 142 182
9139 7 67 182
9140 8 61 182
9141 9 108 182
9142 10 119 182
9143 11 251 182
9144 12 24 182
9145 13 94 182
9146 14 88 182
9147 15 109 182
9148 16 212 182
9149 17 177 182
9150 18 112 182
9151 19 169 182
9152 20 246 182
9153 21 185 182
9154 22 213 182
9155 23 14 182
9156 24 19 182
9157 25 109 182
9158 26 114 182
9159 27 203 182
9160 28 133 182
9161 29 127 182
9162 30 230 182
9163 31 209 182
9164 32 114 182
9165 33 41 182
9166 34 90 182
9167 35 186 182
9168 36 98 182
9169 37 150 182
9170 38 195 182
9171 39 200 182
9172 40 117 182
9173 41 40 182
9174 42 203 182
9175 43 158 182
9176 1 203 183
9177 2 71 183
9178 3 187 183
9179 4 156 183
9180 5 229 183
9181 6 5 183
9182 7 89 183
9183 8 128 183
9184 9 201 183
9185 10 182 183
9186 11 39 183
9187 12 155 183
9188 13 226 183
9189 14 47 183
9190 15 22 183
9191 16 123 183
9192 17 39 183
9193 18 153 183
9194 19 8 183
9195 20 38 183
9196 21 232 183
9197 22 41 183
9198 23 185 183
9199 24 253 183
9200 25 167 183
9201 26 254 183
9202 27 159 183
9203 28 255 183
9204 29 106 183
9205 30 222 183
9206 31 180 183
9207 32 143 183
9208 33 140 183
9209 34 234 183
9210 35 25 183
9211 36 52 183
9212 37 25 183
9213 38 72 183
9214 39 227 183
9215 40 33 183
9216 41 164 183
9217 42 229 183
9218 43 42 183
9219 44 41 183
9220 1 81 184
9221 2 147 184
9222 3 94 184
9223 4 186 184
9224 5 117 184
9225 6 16 184
9226 7 1 184
9227 8 161 184
9228 9 16 184
9229 10 244 184
9230 11 12 184
9231 12 216 184
9232 13 174 184
9233 14 34 184
9234 15 134 184
9235 16 151 184
9236 17 223 184
9237 18 182 184
9238 19 22 184
9239 20 8 184
9240 21 3 184
9241 22 164 184
9242 23 251 184
9243 24 135 184
9244 25 246 184
9245 26 62 184
9246 27 110 184
9247 28 180 184
9248 29 209 184
9249 30 235 184
9250 31 8 184
9251 32 76 184
9252 33 191 184
9253 34 107 184
9254 35 49 184
9255 36 186 184
9256 37 177 184
9257 38 17 184
9258 39 73 184
9259 40 119 184
9260 41 225 184
9261 42 153 184
9262 43 139 184
9263 44 67 184
9264 45 248 184
9265 46 175 184
9266 47 5 184
9267 1 108 185
9268 2 64 185
9269 3 253 185
9270 4 49 185
9271 6 35 185
9272 5 221 185
9273 7 230 185
9274 8 132 185
9275 9 144 185
9276 10 32 185
9277 11 42 185
9278 12 152 185
9279 13 149 185
9280 14 56 185
9281 15 157 185
9282 16 256 185
9283 17 233 185
9284 18 42 185
9285 19 46 185
9286 20 80 185
9287 21 75 185
9288 22 120 185
9289 23 12 185
9290 24 220 185
9291 25 84 185
9292 26 53 185
9293 27 156 185
9294 28 127 185
9295 29 91 185
9296 30 78 185
9297 31 35 185
9298 32 193 185
9299 33 18 185
9300 34 173 185
9301 35 16 185
9302 36 216 185
9303 37 127 185
9304 38 237 185
9305 39 236 185
9306 40 8 185
9307 41 41 185
9308 42 133 185
9309 43 84 185
9310 44 193 185
9311 45 33 185
9312 46 153 185
9313 47 185 185
9314 48 165 185
9315 49 220 185
9316 0 24 186
9317 1 44 186
9318 2 135 186
9319 3 186 186
9320 4 4 186
9321 5 126 186
9322 6 228 186
9323 7 9 186
9324 8 105 186
9325 9 193 186
9326 10 83 186
9327 11 125 186
9328 12 138 186
9329 13 198 186
9330 14 149 186
9331 15 107 186
9332 16 113 186
9333 17 196 186
9334 18 182 186
9335 19 115 186
9336 20 41 186
9337 21 2 186
9338 22 135 186
9339 23 134 186
9340 24 211 186
9341 25 94 186
9342 26 224 186
9343 27 62 186
9344 28 141 186
9345 29 171 186
9346 30 149 186
9347 31 218 186
9348 32 114 186
9349 33 199 186
9350 34 70 186
9351 35 87 186
9352 36 111 186
9353 37 213 186
9354 38 220 186
9355 39 88 186
9356 40 248 186
9357 41 191 186
9358 42 224 186
9359 43 181 186
9360 44 131 186
9361 45 231 186
9362 46 222 186
9363 47 67 186
9364 48 94 186
9365 49 255 186
9366 50 38 186
9367 51 41 186
9368 0 57 187
9369 1 138 187
9370 2 175 187
9371 3 209 187
9372 4 174 187
9373 5 88 187
9374 6 67 187
9375 7 91 187
9376 8 252 187
9377 9 256 187
9378 10 255 187
9379 11 79 187
9380 12 85 187
9381 13 231 187
9382 14 99 187
9383 15 126 187
9384 16 199 187
9385 17 253 187
9386 18 248 187
9387 19 233 187
9388 20 202 187
9389 22 190 187
9390 21 209 187
9391 23 31 187
9392 24 157 187
9393 25 55 187
9394 26 256 187
9395 27 198 187
9396 28 72 187
9397 29 87 187
9398 30 153 187
9399 31 208 187
9400 32 4 187
9401 33 77 187
9402 34 170 187
9403 35 20 187
9404 36 249 187
9405 37 245 187
9406 38 127 187
9407 39 87 187
9408 40 84 187
9409 41 68 187
9410 42 145 187
9411 43 116 187
9412 44 26 187
9413 45 162 187
9414 46 125 187
9415 47 54 187
9416 48 214 187
9417 49 114 187
9418 50 201 187
9419 51 64 187
9420 52 41 187
9421 53 44 187
9422 0 150 188
9423 1 234 188
9424 2 29 188
9425 3 185 188
9426 4 205 188
9427 5 16 188
9428 6 81 188
9429 7 242 188
9430 8 236 188
9431 9 228 188
9432 10 102 188
9433 11 210 188
9434 12 156 188
9435 13 41 188
9436 14 210 188
9437 15 229 188
9438 16 116 188
9439 17 241 188
9440 18 36 188
9441 19 27 188
9442 20 224 188
9443 21 245 188
9444 22 198 188
9445 23 140 188
9446 24 137 188
9447 25 198 188
9448 26 2 188
9449 27 162 188
9450 28 47 188
9451 29 150 188
9452 30 18 188
9453 31 253 188
9454 32 233 188
9455 33 180 188
9456 34 151 188
9457 35 169 188
9458 36 193 188
9459 37 21 188
9460 38 157 188
9461 39 100 188
9462 40 95 188
9463 41 238 188
9464 42 52 188
9465 43 8 188
9466 44 8 188
9467 45 119 188
9468 46 207 188
9469 47 246 188
9470 48 79 188
9471 49 103 188
9472 50 256 188
9473 51 148 188
9474 52 151 188
9475 53 192 188
9476 54 175 188
9477 55 158 188
9478 0 43 189
9479 1 33 189
9480 2 127 189
9481 3 10 189
9482 4 61 189
9483 5 185 189
9484 6 12 189
9485 7 185 189
9486 8 76 189
9487 9 229 189
9488 10 170 189
9489 11 63 189
9490 12 58 189
9491 13 193 189
9492 14 62 189
9493 15 154 189
9494 16 47 189
9495 17 60 189
9496 18 229 189
9497 19 228 189
9498 20 109 189
9499 21 129 189
9500 22 77 189
9501 23 32 189
9502 24 51 189
9503 25 142 189
9504 26 73 189
9505 27 212 189
9506 28 34 189
9507 29 183 189
9508 30 118 189
9509 31 165 189
9510 32 130 189
9511 33 208 189
9512 34 94 189
9513 35 244 189
9514 36 3 189
9515 37 173 189
9516 38 217 189
9517 39 9 189
9518 40 121 189
9519 41 155 189
9520 42 127 189
9521 43 12 189
9522 44 114 189
9523 45 109 189
9524 46 6 189
9525 47 120 189
9526 48 22 189
9527 49 68 189
9528 50 210 189
9529 51 251 189
9530 52 151 189
9531 53 1 189
9532 54 79 189
9533 55 83 189
9534 56 239 189
9535 57 63 189
9536 58 205 189
9537 0 16 190
9538 1 25 190
9539 2 126 190
9540 3 102 190
9541 4 34 190
9542 5 146 190
9543 6 51 190
9544 7 50 190
9545 8 46 190
9546 9 205 190
9547 10 221 190
9548 11 76 190
9549 12 111 190
9550 13 174 190
9551 14 229 190
9552 15 227 190
9553 16 140 190
9554 17 103 190
9555 18 229 190
9556 19 195 190
9557 20 238 190
9558 21 102 190
9559 22 211 190
9560 39 34 190
9561 23 209 190
9562 35 222 190
9563 32 190 190
9564 30 113 190
9565 45 246 190
9566 56 212 190
9567 54 230 190
9568 52 69 190
9569 50 247 190
9570 48 255 190
9571 46 205 190
9572 44 123 190
9573 42 12 190
9574 40 17 190
9575 38 209 190
9576 36 74 190
9577 34 125 190
9578 59 174 190
9579 57 53 190
9580 55 93 190
9581 53 70 190
9582 51 42 190
9583 49 64 190
9584 47 244 190
9585 58 70 190
9586 43 52 190
9587 41 237 190
9588 39 245 191
9589 37 202 190
9590 60 121 191
9591 45 193 191
9592 56 31 191
9593 54 70 191
9594 52 21 191
9595 50 64 191
9596 48 167 191
9597 46 230 191
9598 44 138 191
9599 42 100 191
9600 40 251 191
9601 61 243 191
9602 59 120 191
9603 57 72 191
9604 55 73 191
9605 53 66 191
9606 51 91 191
9607 49 53 191
9608 47 186 191
9609 58 90 191
9610 43 43 191
9611 62 200 192
9612 60 211 192
9613 45 201 192
9614 56 110 192
9615 54 66 192
9616 52 174 192
9617 50 53 192
9618 48 62 192
9619 46 70 192
9620 63 188 192
9621 61 54 192
9622 59 3 192
9623 57 156 192
9624 55 201 192
9625 53 143 192
9626 51 240 192
9627 49 72 192
9628 64 94 192
9629 62 5 193
9630 60 125 193
9631 58 26 192
9632 56 67 193
9633 54 143 193
9634 52 120 193
9635 65 152 193
9636 63 236 193
9637 61 211 193
9638 59 135 193
9639 57 81 193
9640 55 50 193
9641 66 222 194
9642 64 118 193
9643 62 225 194
9644 60 58 194
9645 58 142 193
9646 67 92 194
9647 65 158 194
9648 63 83 194
9649 61 7 194
9650 68 202 194
9651 66 224 195
9652 64 170 194
9653 69 179 195
9654 67 28 195
9655 71 45 195
9656 70 101 196
9657 68 137 195
9658 65 197 195
9659 62 217 195
9660 59 79 194
9661 56 224 194
9662 53 123 193
9663 50 246 193
9664 47 41 192
9665 44 113 192
9666 41 233 191
9667 38 241 191
9668 35 249 191
9669 33 48 190
9670 24 235 190
9671 25 6 190
9672 26 8 190
9673 27 63 190
9674 28 25 190
9675 29 89 190
9676 31 255 190
9677 0 38 191
9678 1 120 191
9679 2 61 191
9680 3 229 191
9681 4 138 191
9682 5 171 191
9683 6 204 191
9684 7 66 191
9685 8 92 191
9686 9 233 191
9687 10 219 191
9688 11 196 191
9689 12 174 191
9690 73 35 196
9691 69 227 196
9692 66 237 196
9693 63 168 195
9694 60 240 195
9695 57 56 194
9696 54 123 194
9697 51 149 193
9698 48 185 193
9699 45 221 193
9700 42 102 192
9701 39 253 192
9702 36 83 191
9703 32 111 191
9704 13 240 191
9705 14 256 191
9706 15 83 191
9707 16 14 191
9708 17 178 191
9709 18 235 191
9710 19 142 191
9711 20 58 191
9712 21 98 191
9713 22 18 191
9714 23 68 191
9715 24 104 191
9716 25 227 191
9717 26 143 191
9718 27 158 191
9719 28 225 191
9720 29 164 191
9721 30 97 191
9722 31 52 191
9723 72 145 197
9724 71 190 196
9725 67 126 196
9726 64 84 195
9727 61 71 195
9728 58 95 194
9729 55 176 194
9730 52 203 194
9731 49 248 193
9732 46 251 193
9733 43 227 192
9734 40 255 192
9735 37 171 191
9736 34 114 191
9737 33 51 191
9738 0 251 192
9739 1 121 192
9740 2 107 192
9741 3 127 192
9742 4 36 192
9743 5 19 192
9744 6 131 192
9745 7 86 192
9746 8 124 192
9747 9 55 192
9748 10 4 192
9749 11 119 192
9750 12 51 192
9751 13 218 192
9752 14 135 192
9753 15 52 192
9754 16 234 192
9755 74 121 198
9756 70 147 197
9757 68 42 196
9758 65 21 196
9759 62 14 196
9760 59 88 195
9761 56 230 195
9762 53 124 194
9763 50 248 194
9764 47 127 193
9765 44 256 193
9766 41 214 192
9767 38 57 192
9768 35 157 192
9769 17 189 192
9770 18 46 192
9771 19 12 192
9772 20 106 192
9773 21 109 192
9774 22 75 192
9775 23 100 192
9776 24 17 192
9777 25 76 192
9778 26 250 192
9779 27 160 192
9780 28 106 192
9781 29 111 192
9782 30 207 192
9783 31 37 192
9784 32 85 192
9785 33 236 192
9786 75 223 198
9787 73 233 197
9788 69 139 197
9789 66 7 197
9790 63 44 196
9791 60 99 196
9792 57 186 195
9793 54 124 195
9794 51 192 194
9795 48 128 194
9796 45 64 194
9797 42 254 193
9798 39 207 193
9799 36 138 192
9800 34 30 192
9801 37 223 192
9802 0 162 193
9803 1 236 193
9804 2 20 193
9805 3 214 193
9806 4 131 193
9807 5 60 193
9808 6 138 193
9809 7 55 193
9810 8 154 193
9811 9 142 193
9812 10 4 193
9813 11 34 193
9814 12 186 193
9815 13 10 193
9816 76 80 198
9817 72 35 198
9818 71 135 197
9819 67 33 197
9820 64 22 196
9821 61 127 196
9822 58 31 195
9823 55 144 195
9824 52 96 195
9825 49 16 194
9826 46 182 194
9827 43 35 193
9828 40 232 193
9829 14 218 193
9830 15 59 193
9831 16 90 193
9832 17 205 193
9833 18 88 193
9834 19 128 193
9835 20 179 193
9836 21 87 193
9837 22 191 193
9838 23 237 193
9839 24 64 193
9840 25 173 193
9841 26 228 193
9842 27 79 193
9843 28 212 193
9844 29 216 193
9845 77 20 199
9846 74 99 199
9847 70 130 198
9848 68 11 197
9849 65 134 197
9850 62 175 197
9851 59 72 196
9852 56 48 196
9853 53 8 195
9854 50 16 195
9855 47 174 194
9856 44 116 194
9857 41 105 193
9858 38 70 193
9859 35 35 193
9860 30 83 193
9861 31 253 193
9862 32 89 193
9863 33 123 193
9864 34 181 193
9865 36 240 193
9866 37 65 193
9867 0 102 194
9868 1 71 194
9869 2 149 194
9870 3 236 194
9871 4 17 194
9872 5 108 194
9873 78 178 199
9874 75 89 199
9875 73 35 198
9876 69 67 198
9877 66 216 198
9878 63 36 197
9879 60 184 197
9880 57 12 196
9881 54 8 196
9882 51 87 195
9883 48 58 195
9884 45 29 195
9885 42 50 194
9886 39 146 194
9887 6 175 194
9888 7 30 194
9889 8 221 194
9890 9 16 194
9891 10 158 194
9892 11 123 194
9893 12 9 194
9894 13 250 194
9895 14 93 194
9896 15 58 194
9897 16 133 194
9898 17 31 194
9899 18 3 194
9900 79 215 199
9901 76 229 199
9902 72 105 199
9903 71 30 198
9904 67 27 198
9905 64 18 197
9906 61 247 197
9907 58 2 196
9908 55 1 196
9909 52 172 196
9910 49 200 195
9911 46 219 195
9912 43 218 194
9913 40 73 194
9914 19 220 194
9915 20 51 194
9916 21 83 194
9917 22 146 194
9918 23 256 194
9919 24 85 194
9920 25 244 194
9921 26 199 194
9922 27 139 194
9923 28 30 194
9924 29 149 194
9925 30 68 194
9926 80 215 201
9927 77 250 200
9928 74 81 200
9929 70 107 199
9930 68 9 198
9931 65 133 198
9932 62 3 198
9933 59 129 197
9934 56 86 197
9935 53 100 196
9936 50 200 196
9937 47 119 195
9938 44 165 195
9939 41 156 194
9940 38 104 194
9941 35 52 194
9942 31 169 194
9943 32 252 194
9944 33 60 194
9945 34 191 194
9946 36 159 194
9947 37 232 194
9948 0 224 195
9949 1 212 195
9950 2 3 195
9951 81 125 201
9952 78 169 200
9953 75 213 200
9954 73 256 199
9955 69 195 199
9956 66 130 199
9957 63 193 198
9958 60 118 198
9959 57 150 197
9960 54 100 197
9961 51 188 196
9962 48 211 196
9963 45 234 196
9964 42 241 195
9965 39 26 195
9966 3 87 195
9967 4 245 195
9968 5 93 195
9969 6 68 195
9970 7 88 195
9971 8 234 195
9972 9 59 195
9973 10 11 195
9974 11 181 195
9975 82 191 201
9976 79 246 200
9977 76 164 200
9978 72 112 200
9979 71 152 199
9980 67 209 199
9981 64 225 198
9982 61 90 198
9983 58 25 197
9984 55 141 197
9985 52 94 197
9986 49 187 196
9987 46 39 196
9988 43 33 195
9989 40 13 195
9990 12 169 195
9991 13 145 195
9992 14 192 195
9993 15 214 195
9994 16 177 195
9995 17 116 195
9996 18 139 195
9997 19 111 195
9998 83 123 201
9999 80 246 202
10000 77 41 201
10001 74 113 201
10002 70 198 200
10003 68 241 199
10004 65 249 199
10005 62 166 199
10006 59 199 198
10007 56 47 198
10008 53 222 197
10009 50 187 197
10010 47 74 196
10011 44 135 196
10012 41 151 195
10013 38 15 195
10014 35 136 195
10015 20 39 195
10016 21 135 195
10017 22 48 195
10018 23 208 195
10019 24 223 195
10020 85 133 202
10021 81 149 202
10022 78 185 201
10023 75 221 201
10024 73 96 200
10025 69 253 200
10026 66 83 200
10027 63 228 199
10028 60 157 199
10029 57 76 198
10030 54 222 198
10031 51 37 197
10032 48 196 197
10033 45 98 197
10034 42 140 196
10035 39 68 196
10036 36 131 195
10037 32 248 195
10038 25 131 195
10039 26 212 195
10040 27 84 195
10041 84 158 203
10042 82 203 202
10043 79 248 201
10044 76 251 201
10045 72 64 201
10046 71 12 200
10047 67 171 200
10048 64 114 199
10049 61 47 199
10050 58 184 198
10051 55 92 198
10052 52 147 198
10053 49 153 197
10054 46 102 197
10055 43 145 196
10056 40 34 196
10057 37 177 195
10058 34 118 195
10059 30 169 195
10060 28 65 195
10061 86 230 203
10062 83 124 202
10063 80 248 203
10064 77 127 202
10065 74 256 202
10066 70 207 201
10067 68 57 200
10068 65 157 200
10069 62 19 200
10070 59 46 199
10071 56 202 199
10072 53 205 198
10073 50 153 198
10074 47 154 197
10075 44 17 197
10076 41 217 196
10077 38 59 196
10078 35 158 196
10079 33 44 195
10080 87 186 204
10081 85 45 203
10082 81 192 203
10083 78 128 202
10084 75 64 202
10085 73 179 201
10086 69 207 201
10087 66 138 201
10088 63 23 200
10089 60 8 200
10090 57 179 199
10091 54 205 199
10092 51 77 198
10093 48 137 198
10094 45 197 198
10095 42 89 197
10096 39 79 197
10097 36 224 196
10098 88 31 204
10099 84 220 204
10100 82 96 203
10101 79 16 202
10102 76 182 202
10103 72 226 202
10104 71 194 201
10105 67 210 201
10106 64 140 200
10107 61 177 200
10108 58 244 199
10109 55 122 199
10110 52 167 199
10111 49 242 198
10112 46 247 198
10113 43 20 197
10114 40 168 197
10115 89 72 204
10116 86 48 204
10117 83 8 203
10118 80 16 204
10119 77 174 203
10120 74 116 203
10121 70 44 202
10122 68 70 201
10123 65 35 201
10124 62 109 201
10125 59 61 200
10126 56 212 200
10127 53 121 199
10128 50 242 199
10129 47 126 198
10130 44 84 198
10131 91 23 205
10132 87 12 205
10133 85 197 204
10134 81 87 204
10135 78 58 203
10136 75 29 203
10137 73 12 202
10138 69 146 202
10139 66 183 202
10140 63 159 201
10141 60 148 201
10142 57 53 200
10143 54 121 200
10144 51 63 199
10145 48 42 199
10146 90 80 206
10147 88 2 205
10148 84 240 205
10149 82 172 204
10150 79 200 203
10151 76 219 203
10152 72 34 203
10153 71 148 202
10154 67 55 202
10155 64 208 201
10156 61 137 201
10157 58 223 200
10158 55 240 200
10159 52 160 200
10160 92 3 206
10161 89 129 205
10162 86 86 205
10163 83 100 204
10164 80 200 205
10165 77 119 204
10166 74 165 204
10167 70 187 203
10168 68 104 202
10169 65 52 202
10170 62 206 202
10171 59 120 201
10172 56 80 201
10173 93 193 206
10174 91 138 206
10175 87 150 206
10176 85 14 205
10177 81 188 205
10178 78 211 204
10179 75 234 204
10180 73 23 203
10181 69 26 203
10182 66 103 203
10183 63 60 202
10184 60 137 202
10185 94 225 207
10186 90 113 207
10187 88 25 206
10188 84 131 206
10189 82 94 205
10190 79 187 204
10191 76 39 204
10192 72 90 204
10193 71 244 203
10194 67 45 203
10195 64 30 202
10196 95 249 208
10197 92 166 207
10198 89 199 206
10199 86 47 206
10200 83 222 205
10201 80 187 206
10202 77 74 205
10203 74 135 205
10204 70 151 204
10205 68 15 203
10206 96 83 208
10207 93 228 207
10208 91 49 207
10209 87 76 207
10210 85 216 206
10211 81 37 206
10212 78 196 205
10213 75 98 205
10214 73 242 204
10215 97 171 208
10216 94 114 208
10217 90 12 208
10218 88 184 207
10219 84 191 207
10220 82 147 206
10221 79 153 205
10222 76 102 205
10223 98 57 209
10224 95 157 209
10225 92 19 208
10226 89 46 207
10227 86 202 207
10228 83 205 206
10229 80 153 207
10230 99 207 209
10231 96 138 209
10232 93 23 208
10233 91 94 208
10234 87 179 208
10235 84 205 208
10236 100 232 210
10237 97 210 209
10238 94 140 209
10239 90 231 209
10240 88 244 208
10241 101 105 210
10242 98 70 210
10243 95 35 210
10244 92 109 209
10245 102 95 211
10246 99 146 210
10247 96 183 210
10248 103 250 211
10249 100 73 211
10250 104 165 212
10251 29 196 195
10252 31 56 195
10253 0 128 196
10254 1 169 196
10255 2 90 196
10256 3 183 196
10257 4 91 196
10258 5 124 196
10259 6 38 196
10260 7 100 196
10261 8 237 196
10262 0 67 197
10263 0 67 198
10264 0 67 199
10265 0 67 200
10266 9 28 196
10267 10 54 196
10268 11 41 196
10269 12 159 196
10270 13 182 196
10271 14 112 196
10272 15 30 196
10273 16 128 196
10274 17 135 196
10275 18 175 196
10276 19 235 196
10277 20 33 196
10278 21 222 196
10279 22 181 196
10280 23 181 196
10281 24 40 196
10282 25 60 196
10283 26 110 196
10284 27 42 196
10285 28 61 196
10286 29 87 196
10287 30 90 196
10288 31 147 196
10289 32 253 196
10290 33 96 196
10291 34 61 196
10292 37 183 196
10293 1 114 197
10294 2 164 197
10295 3 211 197
10296 4 74 197
10297 5 230 197
10298 6 68 197
10299 7 94 197
10300 8 176 197
10301 9 160 197
10302 10 164 197
10303 11 195 197
10304 12 211 197
10305 13 248 197
10306 14 8 197
10307 15 18 197
10308 16 16 197
10309 17 43 197
10310 18 226 197
10311 19 9 197
10312 20 64 197
10313 21 84 197
10314 22 240 197
10315 23 95 197
10316 24 5 197
10317 25 138 197
10318 26 198 197
10319 27 138 197
10320 28 113 197
10321 29 127 197
10322 30 157 197
10323 31 146 197
10324 32 202 197
10325 33 91 197
10326 34 179 197
10327 35 6 197
10328 36 49 197
10329 37 163 197
10330 38 51 197
10331 41 46 197
10332 1 36 198
10333 2 89 198
10334 3 133 198
10335 4 240 198
10336 5 106 198
10337 6 254 198
10338 7 120 198
10339 8 28 198
10340 9 36 198
10341 10 173 198
10342 11 92 198
10343 12 129 198
10344 13 57 198
10345 14 78 198
10346 15 126 198
10347 16 112 198
10348 17 249 198
10349 18 153 198
10350 19 14 198
10351 20 204 198
10352 21 74 198
10353 22 101 198
10354 23 138 198
10355 24 224 198
10356 25 122 198
10357 26 92 198
10358 27 27 198
10359 28 132 198
10360 29 31 198
10361 30 95 198
10362 31 153 198
10363 32 142 198
10364 33 174 198
10365 34 34 198
10366 35 44 198
10367 36 143 198
10368 37 186 198
10369 38 185 198
10370 39 153 198
10371 40 177 198
10372 41 105 198
10373 42 138 198
10374 43 119 198
10375 1 167 199
10376 2 142 199
10377 3 133 199
10378 4 37 199
10379 5 217 199
10380 6 157 199
10381 7 37 199
10382 8 160 199
10383 9 208 199
10384 10 126 199
10385 11 68 199
10386 12 149 199
10387 13 220 199
10388 14 234 199
10389 15 77 199
10390 16 38 199
10391 17 13 199
10392 18 218 199
10393 19 228 199
10394 20 32 199
10395 21 135 199
10396 22 231 199
10397 23 61 199
10398 24 236 199
10399 25 7 199
10400 26 106 199
10401 27 176 199
10402 28 222 199
10403 29 246 199
10404 30 116 199
10405 31 140 199
10406 32 246 199
10407 33 134 199
10408 34 229 199
10409 35 124 199
10410 36 249 199
10411 37 214 199
10412 38 52 199
10413 39 77 199
10414 40 248 199
10415 41 231 199
10416 42 126 199
10417 43 83 199
10418 44 19 199
10419 45 220 199
10420 46 98 199
10421 47 101 199
10422 49 247 199
10423 1 245 200
10424 2 54 200
10425 3 201 200
10426 4 150 200
10427 5 199 200
10428 6 189 200
10429 7 157 200
10430 8 192 200
10431 9 100 200
10432 10 125 200
10433 11 199 200
10434 12 93 200
10435 13 256 200
10436 14 164 200
10437 15 214 200
10438 16 61 200
10439 17 86 200
10440 18 81 200
10441 19 3 200
10442 20 142 200
10443 21 154 200
10444 22 244 200
10445 23 200 200
10446 24 33 200
10447 25 108 200
10448 26 54 200
10449 27 99 200
10450 28 116 200
10451 29 99 200
10452 30 210 200
10453 31 8 200
10454 32 228 200
10455 33 130 200
10456 34 175 200
10457 35 73 200
10458 36 220 200
10459 37 213 200
10460 38 53 200
10461 39 120 200
10462 40 49 200
10463 41 39 200
10464 42 253 200
10465 43 3 200
10466 44 69 200
10467 45 71 200
10468 46 165 200
10469 47 71 200
10470 48 62 200
10471 49 132 200
10472 50 180 200
10473 51 35 200
10474 53 64 200
10475 0 68 201
10476 1 245 201
10477 2 107 201
10478 4 178 201
10479 3 245 201
10480 5 191 201
10481 6 80 201
10482 8 114 201
10483 7 113 201
10484 9 43 201
10485 10 75 201
10486 11 186 201
10487 12 15 201
10488 13 146 201
10489 14 248 201
10490 15 48 201
10491 16 251 201
10492 17 223 201
10493 18 49 201
10494 19 36 201
10495 20 139 201
10496 21 136 201
10497 22 180 201
10498 23 105 201
10499 24 46 201
10500 25 111 201
10501 26 240 201
10502 27 47 201
10503 28 66 201
10504 29 226 201
10505 30 84 201
10506 31 192 201
10507 32 211 201
10508 33 15 201
10509 34 238 201
10510 35 220 201
10511 36 207 201
10512 37 90 201
10513 38 127 201
10514 39 69 201
10515 40 84 201
10516 41 233 201
10517 42 154 201
10518 43 94 201
10519 44 71 201
10520 45 47 201
10521 46 179 201
10522 47 190 201
10523 48 219 201
10524 49 37 201
10525 50 33 201
10526 51 10 201
10527 52 231 201
10528 53 239 201
10529 54 252 201
10530 55 188 201
10531 57 100 201
10532 58 20 201
10533 0 158 202
10534 1 111 202
10535 2 6 202
10536 3 243 202
10537 4 159 202
10538 5 235 202
10539 6 198 202
10540 7 35 202
10541 8 256 202
10542 9 237 202
10543 10 19 202
10544 11 208 202
10545 12 42 202
10546 13 164 202
10547 14 24 202
10548 15 41 202
10549 16 226 202
10550 17 102 202
10551 18 137 202
10552 19 139 202
10553 20 160 202
10554 21 145 202
10555 22 102 202
10556 23 217 202
10557 24 31 202
10558 25 1 202
10559 26 254 202
10560 27 229 202
10561 28 218 202
10562 29 121 202
10563 30 94 202
10564 31 209 202
10565 32 164 202
10566 33 211 202
10567 34 222 202
10568 35 74 202
10569 36 200 202
10570 37 142 202
10571 38 41 202
10572 39 205 202
10573 40 191 202
10574 41 54 202
10575 42 148 202
10576 43 18 202
10577 44 47 202
10578 45 256 202
10579 46 60 202
10580 47 43 202
10581 48 134 202
10582 49 30 202
10583 50 247 202
10584 51 62 202
10585 52 153 202
10586 53 226 202
10587 54 59 202
10588 55 228 202
10589 56 102 202
10590 57 48 202
10591 58 214 202
10592 59 47 202
10593 61 87 202
10594 0 36 203
10595 1 240 203
10596 2 6 203
10597 3 209 203
10598 4 189 203
10599 5 126 203
10600 6 53 203
10601 7 59 203
10602 8 30 203
10603 9 240 203
10604 10 188 203
10605 11 40 203
10606 12 208 203
10607 13 24 203
10608 14 113 203
10609 15 27 203
10610 16 1 203
10611 17 171 203
10612 18 248 203
10613 19 3 203
10614 20 137 203
10615 21 105 203
10616 22 24 203
10617 23 121 203
10618 24 69 203
10619 25 128 203
10620 26 6 203
10621 27 226 203
10622 28 115 203
10623 29 187 203
10624 30 14 203
10625 31 4 203
10626 32 136 203
10627 33 60 203
10628 34 93 203
10629 35 106 203
10630 36 16 203
10631 37 178 203
10632 38 162 203
10633 39 223 203
10634 40 229 203
10635 41 143 203
10636 42 152 203
10637 43 68 203
10638 44 170 203
10639 45 60 203
10640 46 19 203
10641 47 213 203
10642 48 30 203
10643 49 133 203
10644 51 127 203
10645 50 163 203
10646 52 142 203
10647 53 2 203
10648 54 28 203
10649 55 22 203
10650 56 8 203
10651 57 45 203
10652 58 193 203
10653 59 218 203
10654 60 135 203
10655 61 11 203
10656 62 150 203
10657 63 137 203
10658 64 122 203
10659 65 73 203
10660 0 21 204
10661 1 165 204
10662 2 191 204
10663 3 183 204
10664 4 91 204
10665 5 79 204
10666 6 27 204
10667 7 59 204
10668 9 178 204
10669 8 209 204
10670 10 19 204
10671 11 64 204
10672 12 70 204
10673 13 176 204
10674 14 52 204
10675 15 101 204
10676 16 112 204
10677 17 42 204
10678 18 51 204
10679 19 45 204
10680 20 10 204
10681 21 235 204
10682 22 171 204
10683 23 226 204
10684 24 229 204
10685 25 27 204
10686 26 54 204
10687 27 184 204
10688 28 252 204
10689 29 190 204
10690 30 125 204
10691 31 1 204
10692 32 180 204
10693 33 122 204
10694 34 187 204
10695 35 49 204
10696 36 211 204
10697 37 211 204
10698 38 165 204
10699 39 159 204
10700 40 80 204
10701 41 76 204
10702 42 90 204
10703 43 2 204
10704 44 161 204
10705 45 97 204
10706 46 158 204
10707 47 212 204
10708 48 226 204
10709 49 157 204
10710 50 27 204
10711 51 234 204
10712 52 60 204
10713 53 109 204
10714 54 8 204
10715 55 240 204
10716 56 171 204
10717 57 210 204
10718 58 202 204
10719 59 38 204
10720 60 158 204
10721 61 194 204
10722 62 224 204
10723 63 158 204
10724 64 209 204
10725 65 107 204
10726 66 162 204
10727 67 256 204
10728 68 219 204
10729 69 39 204
10730 71 75 204
10731 0 244 205
10732 1 68 205
10733 2 12 205
10734 3 176 205
10735 4 246 205
10736 5 134 205
10737 6 157 205
10738 7 125 205
10739 8 68 205
10740 9 32 205
10741 10 56 205
10742 11 95 205
10743 12 214 205
10744 13 89 205
10745 14 155 205
10746 15 47 205
10747 16 175 205
10748 17 214 205
10749 18 103 205
10750 19 217 205
10751 20 126 205
10752 21 123 205
10753 22 232 205
10754 23 183 205
10755 24 99 205
10756 25 163 205
10757 26 81 205
10758 27 9 205
10759 28 45 205
10760 29 38 205
10761 30 237 205
10762 31 226 205
10763 32 75 205
10764 33 54 205
10765 34 1 205
10766 35 80 205
10767 36 201 205
10768 37 26 205
10769 38 244 205
10770 39 16 205
10771 40 150 205
10772 41 178 205
10773 42 35 205
10774 43 174 205
10775 44 236 205
10776 45 16 205
10777 46 198 205
10778 47 169 205
10779 48 12 205
10780 49 136 205
10781 50 109 205
10782 51 219 205
10783 52 97 205
10784 53 160 205
10785 54 33 205
10786 55 157 205
10787 56 188 205
10788 57 206 205
10789 58 112 205
10790 59 13 205
10791 60 161 205
10792 61 197 205
10793 62 139 205
10794 63 228 205
10795 64 129 205
10796 65 223 205
10797 66 76 205
10798 67 233 205
10799 68 175 205
10800 69 34 205
10801 70 135 205
10802 71 227 205
10803 72 15 205
10804 73 79 205
10805 0 228 206
10806 1 249 206
10807 2 161 206
10808 3 134 206
10809 4 12 206
10810 5 22 206
10811 6 79 206
10812 7 14 206
10813 8 51 206
10814 9 168 206
10815 10 20 206
10816 11 134 206
10817 12 88 206
10818 13 213 206
10819 14 95 206
10820 15 32 206
10821 16 176 206
10822 17 101 206
10823 18 165 206
10824 19 159 206
10825 20 56 206
10826 21 241 206
10827 22 27 206
10828 23 108 206
10829 24 20 206
10830 25 8 206
10831 26 221 206
10832 27 155 206
10833 28 162 206
10834 29 240 206
10835 30 98 206
10836 31 120 206
10837 32 235 206
10838 33 55 206
10839 34 152 206
10840 35 230 206
10841 36 32 206
10842 37 197 206
10843 38 151 206
10844 39 133 206
10845 40 188 206
10846 41 68 206
10847 42 48 206
10848 43 236 206
10849 44 67 206
10850 45 13 206
10851 46 166 206
10852 47 226 206
10853 48 116 206
10854 49 55 206
10855 50 66 206
10856 51 125 206
10857 52 62 206
10858 53 87 206
10859 54 124 206
10860 55 23 206
10861 56 170 206
10862 57 192 206
10863 58 199 206
10864 59 158 206
10865 60 223 206
10866 61 207 206
10867 62 204 206
10868 63 1 206
10869 64 54 206
10870 65 249 206
10871 66 240 206
10872 67 116 206
10873 68 177 206
10874 69 205 206
10875 70 63 206
10876 71 84 206
10877 72 63 206
10878 73 56 206
10879 74 212 206
10880 75 97 206
10881 76 94 206
10882 77 168 206
10883 78 44 206
10884 79 255 206
10885 0 17 207
10886 1 62 207
10887 2 252 207
10888 3 145 207
10889 4 215 207
10890 5 249 207
10891 6 141 207
10892 7 223 207
10893 8 101 207
10894 9 35 207
10895 10 180 207
10896 11 104 207
10897 12 38 207
10898 13 96 207
10899 14 53 207
10900 15 146 207
10901 16 56 207
10902 17 47 207
10903 18 103 207
10904 19 18 207
10905 20 130 207
10906 21 29 207
10907 22 14 207
10908 23 47 207
10909 24 82 207
10910 25 221 207
10911 26 71 207
10912 27 128 207
10913 28 204 207
10914 29 96 207
10915 30 36 207
10916 31 94 207
10917 32 179 207
10918 33 209 207
10919 34 220 207
10920 35 111 207
10921 36 206 207
10922 37 215 207
10923 38 94 207
10924 39 169 207
10925 40 192 207
10926 41 220 207
10927 42 64 207
10928 43 123 207
10929 44 221 207
10930 45 137 207
10931 46 210 207
10932 47 51 207
10933 48 165 207
10934 49 162 207
10935 50 25 207
10936 51 29 207
10937 52 181 207
10938 53 141 207
10939 54 114 207
10940 55 137 207
10941 56 61 207
10942 57 204 207
10943 58 55 207
10944 59 80 207
10945 60 169 207
10946 61 107 207
10947 62 256 207
10948 63 168 207
10949 64 111 207
10950 65 59 207
10951 66 21 207
10952 67 166 207
10953 68 212 207
10954 69 51 207
10955 70 159 207
10956 71 227 207
10957 72 19 207
10958 73 215 207
10959 74 252 207
10960 75 6 207
10961 76 134 207
10962 77 107 207
10963 78 70 207
10964 79 72 207
10965 81 92 207
10966 82 75 207
10967 83 193 207
10968 85 72 207
10969 0 162 208
10970 2 231 208
10971 1 86 208
10972 3 133 208
10973 4 163 208
10974 5 242 208
10975 6 198 208
10976 7 88 208
10977 8 121 208
10978 9 201 208
10979 10 16 208
10980 11 191 208
10981 12 247 208
10982 13 252 208
10983 14 15 208
10984 15 130 208
10985 16 56 208
10986 17 72 208
10987 18 215 208
10988 19 55 208
10989 20 214 208
10990 21 185 208
10991 22 50 208
10992 23 184 208
10993 24 15 208
10994 25 48 208
10995 26 91 208
10996 27 40 208
10997 28 39 208
10998 29 58 208
10999 30 11 208
11000 31 140 208
11001 32 103 208
11002 33 207 208
11003 34 101 208
11004 35 9 208
11005 36 25 208
11006 37 84 208
11007 38 235 208
11008 39 162 208
11009 40 176 208
11010 41 136 208
11011 42 110 208
11012 43 203 208
11013 44 209 208
11014 45 118 208
11015 46 211 208
11016 47 225 208
11017 48 254 208
11018 49 42 208
11019 50 122 208
11020 51 227 208
11021 52 169 208
11022 53 83 208
11023 54 73 208
11024 55 144 208
11025 56 109 208
11026 57 14 208
11027 58 171 208
11028 59 123 208
11029 60 242 208
11030 61 175 208
11031 62 165 208
11032 63 181 208
11033 64 112 208
11034 65 18 208
11035 66 38 208
11036 67 104 208
11037 68 148 208
11038 69 121 208
11039 70 231 208
11040 71 91 208
11041 72 29 208
11042 73 144 208
11043 74 102 208
11044 75 40 208
11045 76 176 208
11046 77 177 208
11047 78 227 208
11048 79 135 208
11049 80 159 208
11050 81 219 208
11051 82 200 208
11052 83 106 208
11053 85 24 208
11054 86 186 208
11055 89 189 208
11056 0 19 209
11057 1 84 209
11058 2 138 209
11059 3 119 209
11060 4 206 209
11061 5 139 209
11062 6 43 209
11063 7 22 209
11064 8 104 209
11065 9 165 209
11066 10 209 209
11067 11 235 209
11068 12 57 209
11069 13 53 209
11070 14 172 209
11071 15 256 209
11072 16 200 209
11073 17 229 209
11074 18 236 209
11075 19 193 209
11076 20 172 209
11077 21 234 209
11078 22 189 209
11079 23 65 209
11080 24 59 209
11081 25 146 209
11082 26 125 209
11083 27 57 209
11084 28 47 209
11085 29 87 209
11086 30 54 209
11087 31 202 209
11088 32 128 209
11089 33 173 209
11090 34 256 209
11091 35 234 209
11092 36 12 209
11093 37 238 209
11094 38 84 209
11095 39 52 209
11096 40 203 209
11097 41 1 209
11098 42 176 209
11099 43 113 209
11100 44 254 209
11101 45 167 209
11102 46 52 209
11103 47 112 209
11104 48 222 209
11105 49 9 209
11106 50 53 209
11107 51 32 209
11108 52 99 209
11109 53 96 209
11110 54 16 209
11111 55 105 209
11112 56 183 209
11113 57 96 209
11114 58 122 209
11115 59 20 209
11116 60 99 209
11117 61 194 209
11118 62 137 209
11119 63 240 209
11120 64 90 209
11121 65 77 209
11122 66 89 209
11123 67 148 209
11124 68 114 209
11125 69 27 209
11126 70 224 209
11127 71 76 209
11128 72 103 209
11129 73 235 209
11130 74 203 209
11131 75 211 209
11132 76 20 209
11133 77 44 209
11134 78 20 209
11135 79 177 209
11136 80 223 209
11137 81 221 209
11138 82 163 209
11139 83 221 209
11140 84 131 209
11141 85 11 209
11142 86 223 209
11143 87 45 209
11144 88 50 209
11145 89 90 209
11146 91 29 209
11147 93 136 209
11148 0 238 210
11149 1 250 210
11150 2 23 210
11151 3 168 210
11152 4 96 210
11153 5 122 210
11154 6 124 210
11155 7 233 210
11156 8 218 210
11157 9 111 210
11158 10 145 210
11159 11 182 210
11160 12 256 210
11161 13 132 210
11162 14 148 210
11163 15 74 210
11164 16 210 210
11165 17 219 210
11166 18 20 210
11167 19 159 210
11168 20 237 210
11169 21 245 210
11170 22 51 210
11171 23 27 210
11172 24 102 210
11173 25 178 210
11174 26 92 210
11175 27 68 210
11176 28 133 210
11177 29 181 210
11178 30 61 210
11179 31 194 210
11180 32 112 210
11181 33 251 210
11182 34 46 210
11183 35 196 210
11184 36 179 210
11185 37 63 210
11186 38 32 210
11187 39 90 210
11188 40 66 210
11189 41 177 210
11190 42 151 210
11191 43 38 210
11192 44 226 210
11193 45 49 210
11194 46 10 210
11195 47 199 210
11196 48 194 210
11197 49 236 210
11198 50 139 210
11199 51 195 210
11200 52 228 210
11201 53 143 210
11202 54 41 210
11203 55 49 210
11204 56 109 210
11205 57 154 210
11206 58 109 210
11207 59 140 210
11208 60 147 210
11209 61 173 210
11210 62 95 210
11211 63 227 210
11212 64 100 210
11213 65 229 210
11214 66 20 210
11215 67 80 210
11216 68 162 210
11217 69 251 210
11218 70 231 210
11219 71 183 210
11220 72 206 210
11221 73 22 210
11222 74 197 210
11223 75 185 210
11224 76 65 210
11225 77 67 210
11226 78 239 210
11227 79 67 210
11228 80 163 210
11229 81 186 210
11230 82 176 210
11231 83 79 210
11232 84 161 210
11233 85 112 210
11234 86 109 210
11235 87 50 210
11236 88 157 210
11237 89 168 210
11238 90 143 210
11239 91 153 210
11240 92 46 210
11241 93 41 210
11242 94 183 210
11243 97 45 210
11244 0 161 211
11245 1 203 211
11246 2 47 211
11247 3 117 211
11248 4 245 211
11249 5 78 211
11250 0 88 212
11251 6 213 211
11252 0 115 213
11253 7 103 211
11254 8 158 211
11255 9 38 211
11256 10 42 211
11257 11 148 211
11258 12 98 211
11259 13 39 211
11260 14 117 211
11261 15 197 211
11262 16 36 211
11263 17 239 211
11264 18 134 211
11265 19 133 211
11266 20 58 211
11267 21 50 211
11268 22 25 211
11269 23 227 211
11270 25 66 211
11271 24 135 211
11272 26 61 211
11273 27 153 211
11274 28 188 211
11275 29 142 211
11276 30 8 211
11277 31 124 211
11278 32 102 211
11279 33 65 211
11280 34 251 211
11281 35 189 211
11282 36 86 211
11283 37 174 211
11284 38 61 211
11285 39 109 211
11286 40 57 211
11287 41 28 211
11288 42 129 211
11289 43 254 211
11290 44 159 211
11291 45 226 211
11292 46 199 211
11293 47 228 211
11294 48 110 211
11295 49 225 211
11296 50 177 211
11297 51 61 211
11298 52 252 211
11299 53 65 211
11300 54 127 211
11301 55 153 211
11302 56 129 211
11303 57 57 211
11304 58 47 211
11305 59 172 211
11306 60 227 211
11307 61 129 211
11308 62 221 211
11309 63 95 211
11310 64 173 211
11311 65 8 211
11312 66 234 211
11313 67 237 211
11314 68 217 211
11315 69 95 211
11316 70 77 211
11317 71 97 211
11318 72 239 211
11319 73 85 211
11320 74 84 211
11321 75 129 211
11322 76 227 211
11323 77 115 211
11324 78 10 211
11325 79 113 211
11326 80 71 211
11327 81 63 211
11328 82 218 211
11329 83 192 211
11330 84 122 211
11331 85 85 211
11332 86 161 211
11333 87 158 211
11334 88 151 211
11335 89 231 211
11336 90 213 211
11337 91 148 211
11338 92 202 211
11339 93 28 211
11340 94 167 211
11341 95 151 211
11342 96 170 211
11343 98 197 211
11344 97 40 211
11345 99 256 211
11346 101 216 211
11347 1 240 212
11348 2 199 212
11349 3 237 212
11350 4 164 212
11351 5 86 212
11352 6 144 212
11353 7 194 212
11354 8 190 212
11355 9 221 212
11356 10 156 212
11357 11 188 212
11358 12 254 212
11359 13 145 212
11360 14 86 212
11361 15 181 212
11362 16 159 212
11363 17 218 212
11364 18 49 212
11365 19 74 212
11366 20 142 212
11367 21 182 212
11368 22 168 212
11369 23 108 212
11370 24 147 212
11371 25 225 212
11372 26 17 212
11373 27 140 212
11374 28 78 212
11375 29 242 212
11376 30 168 212
11377 31 177 212
11378 32 5 212
11379 33 145 212
11380 34 213 212
11381 35 93 212
11382 36 52 212
11383 37 176 212
11384 38 188 212
11385 39 5 212
11386 40 197 212
11387 41 34 212
11388 42 184 212
11389 43 231 212
11390 44 213 212
11391 45 143 212
11392 46 27 212
11393 47 49 212
11394 48 145 212
11395 49 175 212
11396 50 113 212
11397 51 93 212
11398 52 208 212
11399 53 86 212
11400 54 218 212
11401 55 36 212
11402 56 15 212
11403 57 249 212
11404 58 251 212
11405 59 35 212
11406 60 106 212
11407 61 215 212
11408 62 7 212
11409 63 209 212
11410 64 123 212
11411 65 223 212
11412 66 225 212
11413 67 11 212
11414 68 8 212
11415 69 96 212
11416 70 149 212
11417 71 134 212
11418 72 104 212
11419 73 209 212
11420 74 144 212
11421 75 193 212
11422 76 2 212
11423 77 24 212
11424 78 69 212
11425 79 92 212
11426 80 228 212
11427 81 156 212
11428 82 43 212
11429 83 84 212
11430 84 182 212
11431 85 60 212
11432 86 147 212
11433 87 128 212
11434 88 172 212
11435 89 190 212
11436 90 35 212
11437 91 222 212
11438 92 192 212
11439 93 96 212
11440 94 152 212
11441 95 78 212
11442 96 151 212
11443 97 55 212
11444 98 137 212
11445 99 116 212
11446 100 80 212
11447 101 130 212
11448 102 29 212
11449 103 1 212
11450 1 255 213
11451 2 108 213
11452 3 172 213
11453 4 27 213
11454 5 214 213
11455 6 42 213
11456 8 92 213
11457 7 238 213
11458 9 118 213
11459 10 110 213
11460 11 115 213
11461 12 178 213
11462 13 101 213
11463 14 207 213
11464 15 169 213
11465 16 216 213
11466 17 86 213
11467 18 33 213
11468 19 182 213
11469 20 135 213
11470 21 245 213
11471 22 230 213
11472 23 197 213
11473 24 239 213
11474 25 248 213
11475 26 193 213
11476 27 134 213
11477 28 5 213
11478 29 161 213
11479 30 71 213
11480 31 194 213
11481 33 157 213
11482 32 100 213
11483 34 194 213
11484 35 4 213
11485 36 251 213
11486 37 54 213
11487 38 136 213
11488 39 244 213
11489 40 192 213
11490 41 127 213
11491 42 202 213
11492 43 157 213
11493 44 238 213
11494 45 5 213
11495 46 224 213
11496 47 224 213
11497 48 40 213
11498 49 223 213
11499 50 89 213
11500 51 38 213
11501 52 190 213
11502 53 32 213
11503 54 42 213
11504 55 219 213
11505 56 151 213
11506 57 23 213
11507 58 134 213
11508 59 136 213
11509 60 216 213
11510 61 136 213
11511 62 135 213
11512 63 33 213
11513 64 71 213
11514 65 24 213
11515 66 161 213
11516 67 95 213
11517 68 236 213
11518 69 183 213
11519 70 184 213
11520 71 38 213
11521 72 129 213
11522 73 234 213
11523 74 4 213
11524 75 169 213
11525 76 70 213
11526 77 177 213
11527 78 80 213
11528 79 108 213
11529 80 222 213
11530 81 226 213
11531 82 213 213
11532 83 140 213
11533 84 31 213
11534 85 69 213
11535 86 143 213
11536 87 53 213
11537 88 119 213
11538 89 95 213
11539 90 171 213
11540 91 82 213
11541 92 253 213
11542 93 60 213
11543 94 30 213
11544 95 41 213
11545 96 237 213
11546 97 220 213
11547 98 115 213
11548 99 195 213
11549 100 145 213
11550 101 140 213
11551 102 49 213
11552 103 199 213
11553 104 113 213
11554 105 11 213
11555 106 32 213
11556 0 193 214
11557 1 162 214
11558 2 134 214
11559 3 77 214
11560 4 30 214
11561 5 138 214
11562 6 166 214
11563 7 233 214
11564 8 10 214
11565 9 131 214
11566 10 198 214
11567 11 55 214
11568 12 63 214
11569 13 175 214
11570 14 8 214
11571 15 162 214
11572 16 128 214
11573 17 236 214
11574 18 49 214
11575 19 205 214
11576 20 202 214
11577 21 140 214
11578 22 126 214
11579 23 238 214
11580 24 46 214
11581 25 201 214
11582 26 193 214
11583 27 81 214
11584 28 181 214
11585 29 30 214
11586 30 66 214
11587 31 210 214
11588 32 118 214
11589 33 65 214
11590 34 68 214
11591 35 40 214
11592 36 35 214
11593 37 171 214
11594 38 121 214
11595 39 70 214
11596 40 145 214
11597 41 134 214
11598 42 14 214
11599 43 193 214
11600 44 139 214
11601 45 1 214
11602 46 2 214
11603 47 46 214
11604 48 10 214
11605 49 53 214
11606 50 56 214
11607 51 67 214
11608 52 195 214
11609 53 220 214
11610 54 125 214
11611 55 37 214
11612 56 18 214
11613 57 129 214
11614 58 198 214
11615 59 97 214
11616 60 150 214
11617 61 229 214
11618 62 121 214
11619 63 194 214
11620 64 131 214
11621 65 20 214
11622 66 203 214
11623 67 214 214
11624 68 111 214
11625 69 22 214
11626 70 189 214
11627 71 183 214
11628 72 65 214
11629 73 139 214
11630 74 210 214
11631 75 141 214
11632 76 191 214
11633 77 59 214
11634 78 117 214
11635 79 251 214
11636 80 216 214
11637 81 127 214
11638 82 86 214
11639 83 109 214
11640 84 110 214
11641 85 78 214
11642 86 201 214
11643 87 103 214
11644 88 214 214
11645 89 172 214
11646 90 81 214
11647 91 202 214
11648 92 49 214
11649 93 6 214
11650 94 117 214
11651 95 121 214
11652 97 120 214
11653 96 92 214
11654 98 136 214
11655 99 38 214
11656 100 71 214
11657 101 149 214
11658 102 114 214
11659 103 78 214
11660 104 238 214
11661 105 42 214
11662 106 53 214
11663 107 120 214
11664 0 167 215
11665 1 177 215
11666 2 22 215
11667 3 213 215
11668 4 48 215
11669 5 178 215
11670 6 60 215
11671 7 46 215
11672 8 112 215
11673 9 161 215
11674 10 85 215
11675 11 235 215
11676 12 32 215
11677 13 87 215
11678 14 64 215
11679 15 93 215
11680 16 148 215
11681 17 62 215
11682 18 176 215
11683 19 45 215
11684 20 249 215
11685 21 222 215
11686 22 178 215
11687 23 252 215
11688 24 169 215
11689 25 181 215
11690 26 111 215
11691 27 97 215
11692 28 81 215
11693 29 96 215
11694 30 48 215
11695 31 218 215
11696 32 3 215
11697 33 218 215
11698 34 67 215
11699 35 137 215
11700 36 122 215
11701 37 166 215
11702 38 2 215
11703 39 238 215
11704 40 112 215
11705 41 85 215
11706 42 200 215
11707 43 203 215
11708 44 224 215
11709 45 157 215
11710 46 47 215
11711 47 226 215
11712 48 76 215
11713 49 149 215
11714 50 155 215
11715 51 63 215
11716 52 153 215
11717 53 148 215
11718 54 36 215
11719 55 180 215
11720 56 202 215
11721 57 92 215
11722 58 29 215
11723 59 16 215
11724 60 127 215
11725 61 83 215
11726 62 201 215
11727 63 141 215
11728 64 75 215
11729 65 53 215
11730 66 149 215
11731 67 244 215
11732 68 62 215
11733 69 122 215
11734 70 144 215
11735 71 190 215
11736 72 117 215
weights 216 216 216 216 216 216 216 216 216 216 216 216 216 216 216 216 216 216 216 216 216 216 216 216 216 216 216 216 216 216 216 216 216 216 216 216 216 216 216 216 216 216 216 216 216 216 216 216 216 216 216 216 216 216 216 216 216 216 216 216 216 216 216 216 216 216 216 216 216 216 216 216 216 215 215 215 215 215 215 215 215 215 215 215 215 215 215 215 215 215 215 215 215 215 215 215 215 215 215 215 215 215 215 215 215 215 215 215
