p 263 h 121 constraints 15000
0 0 1 0
1 0 1 1
2 0 1 2
3 0 1 3
4 0 1 4
5 0 1 5
6 0 1 6
7 0 1 7
8 0 1 8
9 0 1 9
10 0 1 10
11 0 1 11
12 0 1 12
13 0 1 13
14 0 1 14
15 0 1 15
16 0 1 16
17 0 1 17
18 0 1 18
19 0 1 19
20 0 1 20
21 0 1 21
22 0 1 22
23 0 1 23
24 0 1 24
25 0 1 25
26 0 1 26
27 0 1 27
28 0 1 28
29 0 1 29
30 0 1 30
31 0 1 31
32 0 1 32
33 0 1 33
34 0 1 34
35 0 1 35
36 0 1 36
37 0 1 37
38 0 1 38
39 0 1 39
40 0 1 40
41 0 1 41
42 0 1 42
43 0 1 43
44 0 1 44
45 0 1 45
46 1 1 2
47 1 1 3
48 1 1 4
49 1 1 5
50 1 1 6
51 1 1 7
52 1 1 8
53 1 1 9
54 1 1 10
55 1 1 11
56 1 1 12
57 1 1 13
58 1 1 14
59 1 1 15
60 1 1 16
61 1 1 17
62 1 1 18
63 1 1 19
64 1 1 20
65 1 1 21
66 1 1 22
67 1 1 23
68 1 1 24
69 1 1 25
70 1 1 26
71 1 1 27
72 1 1 28
73 1 1 29
74 1 1 30
75 1 1 31
76 1 1 32
77 1 1 33
78 1 1 34
79 1 1 35
80 1 1 36
81 1 1 37
82 1 1 38
83 1 1 39
84 1 1 40
85 1 1 41
86 1 1 42
87 1 1 43
88 1 1 44
89 1 1 45
90 2 1 4
91 2 1 5
92 2 1 6
93 2 1 7
94 2 1 8
95 2 1 9
96 2 1 10
97 2 1 11
98 2 1 12
99 2 1 13
100 2 1 14
101 2 1 15
102 2 1 16
103 2 1 17
104 2 1 18
105 2 1 19
106 2 1 20
107 2 1 21
108 2 1 22
109 2 1 23
110 2 1 24
111 2 1 25
112 2 1 26
113 2 1 27
114 2 1 28
115 2 1 29
116 2 1 30
117 2 1 31
118 2 1 32
119 2 1 33
120 2 1 34
121 2 1 35
122 2 1 36
123 2 1 37
124 2 1 38
125 2 1 39
126 2 1 40
127 2 1 41
128 2 1 42
129 2 1 43
130 2 1 44
131 2 1 45
132 3 1 6
133 3 1 7
134 3 1 8
135 3 1 9
136 3 1 10
137 3 1 11
138 3 1 12
139 3 1 13
140 3 1 14
141 3 1 15
142 3 1 16
143 3 1 17
144 3 1 18
145 3 1 19
146 3 1 20
147 3 1 21
148 3 1 22
149 3 1 23
150 3 1 24
151 3 1 25
152 3 1 26
153 3 1 27
154 3 1 28
155 3 1 29
156 3 1 30
157 3 1 31
158 3 1 32
159 3 1 33
160 3 1 34
161 3 1 35
162 3 1 36
163 3 1 37
164 3 1 38
165 3 1 39
166 3 1 40
167 3 1 41
168 3 1 42
169 3 1 43
170 3 1 44
171 3 1 45
172 4 1 8
173 4 1 9
174 4 1 10
175 4 1 11
176 4 1 12
177 4 1 13
178 4 1 14
179 4 1 15
180 4 1 16
181 4 1 17
182 4 1 18
183 4 1 19
184 4 1 20
185 4 1 21
186 4 1 22
187 4 1 23
188 4 1 24
189 4 1 25
190 4 1 26
191 4 1 27
192 4 1 28
193 4 1 29
194 4 1 30
195 4 1 31
196 4 1 32
197 4 1 33
198 4 1 34
199 4 1 35
200 4 1 36
201 4 1 37
202 4 1 38
203 4 1 39
204 4 1 40
205 4 1 41
206 4 1 42
207 4 1 43
208 4 1 44
209 4 1 45
210 5 1 10
211 5 1 11
212 5 1 12
213 5 1 13
214 5 1 14
215 5 1 15
216 5 1 16
217 5 1 17
218 5 1 18
219 5 1 19
220 5 1 20
221 5 1 21
222 5 1 22
223 5 1 23
224 5 1 24
225 5 1 25
226 5 1 26
227 5 1 27
228 5 1 28
229 5 1 29
230 5 1 30
231 5 1 31
232 5 1 32
233 5 1 33
234 5 1 34
235 5 1 35
236 5 1 36
237 5 1 37
238 5 1 38
239 5 1 39
240 5 1 40
241 5 1 41
242 5 1 42
243 5 1 43
244 5 1 44
245 5 1 45
246 6 1 12
247 6 1 13
248 6 1 14
249 6 1 15
250 6 1 16
251 6 1 17
252 6 1 18
253 6 1 19
254 6 1 20
255 6 1 21
256 6 1 22
257 6 1 23
258 6 1 24
259 6 1 25
260 6 1 26
261 6 1 27
262 6 1 28
263 6 1 29
264 6 1 30
265 6 1 31
266 6 1 32
267 6 1 33
268 6 1 34
269 6 1 35
270 6 1 36
271 6 1 37
272 6 1 38
273 6 1 39
274 6 1 40
275 6 1 41
276 6 1 42
277 6 1 43
278 6 1 44
279 6 1 45
280 7 1 14
281 7 1 15
282 7 1 16
283 7 1 17
284 7 1 18
285 7 1 19
286 7 1 20
287 7 1 21
288 7 1 22
289 7 1 23
290 7 1 24
291 7 1 25
292 7 1 26
293 7 1 27
294 7 1 28
295 7 1 29
296 7 1 30
297 7 1 31
298 7 1 32
299 7 1 33
300 7 1 34
301 7 1 35
302 7 1 36
303 7 1 37
304 7 1 38
305 7 1 39
306 7 1 40
307 7 1 41
308 7 1 42
309 7 1 43
310 7 1 44
311 7 1 45
312 8 1 16
313 8 1 17
314 8 1 18
315 8 1 19
316 8 1 20
317 8 1 21
318 8 1 22
319 8 1 23
320 8 1 24
321 8 1 25
322 8 1 26
323 8 1 27
324 8 1 28
325 8 1 29
326 8 1 30
327 8 1 31
328 8 1 32
329 8 1 33
330 8 1 34
331 8 1 35
332 8 1 36
333 8 1 37
334 8 1 38
335 8 1 39
336 8 1 40
337 8 1 41
338 8 1 42
339 8 1 43
340 8 1 44
341 8 1 45
342 9 1 18
343 9 1 19
344 9 1 20
345 9 1 21
346 9 1 22
347 9 1 23
348 9 1 24
349 9 1 25
350 9 1 26
351 9 1 27
352 9 1 28
353 9 1 29
354 9 1 30
355 9 1 31
356 9 1 32
357 9 1 33
358 9 1 34
359 9 1 35
360 9 1 36
361 9 1 37
362 9 1 38
363 9 1 39
364 9 1 40
365 9 1 41
366 9 1 42
367 9 1 43
368 9 1 44
369 9 1 45
370 10 1 20
371 10 1 21
372 10 1 22
373 10 1 23
374 10 1 24
375 10 1 25
376 10 1 26
377 10 1 27
378 10 1 28
379 10 1 29
380 10 1 30
381 10 1 31
382 10 1 32
383 10 1 33
384 10 1 34
385 10 1 35
386 10 1 36
387 10 1 37
388 10 1 38
389 10 1 39
390 10 1 40
391 10 1 41
392 10 1 42
393 10 1 43
394 10 1 44
395 10 1 45
396 11 1 22
397 11 1 23
398 11 1 24
399 11 1 25
400 11 1 26
401 11 1 27
402 11 1 28
403 11 1 29
404 11 1 30
405 11 1 31
406 11 1 32
407 11 1 33
408 11 1 34
409 11 1 35
410 11 1 36
411 11 1 37
412 11 1 38
413 11 1 39
414 11 1 40
415 11 1 41
416 11 1 42
417 11 1 43
418 11 1 44
419 11 1 45
420 12 1 24
421 12 1 25
422 12 1 26
423 12 1 27
424 12 1 28
425 12 1 29
426 12 1 30
427 12 1 31
428 12 1 32
429 12 1 33
430 12 1 34
431 12 1 35
432 12 1 36
433 12 1 37
434 12 1 38
435 12 1 39
436 12 1 40
437 12 1 41
438 12 1 42
439 12 1 43
440 12 1 44
441 12 1 45
442 13 1 26
443 13 1 27
444 13 1 28
445 13 1 29
446 13 1 30
447 13 1 31
448 13 1 32
449 13 1 33
450 13 1 34
451 13 1 35
452 13 1 36
453 13 1 37
454 13 1 38
455 13 1 39
456 13 1 40
457 13 1 41
458 13 1 42
459 13 1 43
460 13 1 44
461 13 1 45
462 14 1 28
463 14 1 29
464 14 1 30
465 14 1 31
466 14 1 32
467 14 1 33
468 14 1 34
469 14 1 35
470 14 1 36
471 14 1 37
472 14 1 38
473 14 1 39
474 14 1 40
475 14 1 41
476 14 1 42
477 14 1 43
478 14 1 44
479 14 1 45
480 15 1 30
481 15 1 31
482 15 1 32
483 15 1 33
484 15 1 34
485 15 1 35
486 15 1 36
487 15 1 37
488 15 1 38
489 15 1 39
490 15 1 40
491 15 1 41
492 15 1 42
493 15 1 43
494 15 1 44
495 15 1 45
496 16 1 32
497 16 1 33
498 16 1 34
499 16 1 35
500 16 1 36
501 16 1 37
502 16 1 38
503 16 1 39
504 16 1 40
505 16 1 41
506 16 1 42
507 16 1 43
508 16 1 44
509 16 1 45
510 17 1 34
511 17 1 35
512 17 1 36
513 17 1 37
514 17 1 38
515 17 1 39
516 17 1 40
517 17 1 41
518 17 1 42
519 17 1 43
520 17 1 44
521 17 1 45
522 18 1 36
523 18 1 37
524 18 1 38
525 18 1 39
526 18 1 40
527 18 1 41
528 18 1 42
529 18 1 43
530 18 1 44
531 18 1 45
532 19 1 38
533 19 1 39
534 19 1 40
535 19 1 41
536 19 1 42
537 19 1 43
538 19 1 44
539 19 1 45
540 20 1 40
541 20 1 41
542 20 1 42
543 20 1 43
544 20 1 44
545 20 1 45
546 21 1 42
547 21 1 43
548 21 1 44
549 21 1 45
550 22 1 44
551 22 1 45
552 23 262 46
553 23 262 47
554 22 1 46
555 22 1 47
556 21 262 46
557 21 262 47
558 20 1 46
559 20 1 47
560 19 262 46
561 19 262 47
562 18 1 46
563 18 1 47
564 17 262 46
565 17 262 47
566 16 1 46
567 16 1 47
568 15 262 46
569 15 262 47
570 14 1 46
571 14 1 47
572 13 262 46
573 13 262 47
574 12 1 46
575 12 1 47
576 11 262 46
577 11 262 47
578 10 1 46
579 10 1 47
580 9 262 46
581 9 262 47
582 8 1 46
583 8 1 47
584 24 262 48
585 24 262 49
586 23 1 48
587 23 1 49
588 22 262 48
589 22 262 49
590 21 1 48
591 21 1 49
592 20 262 48
593 20 262 49
594 19 1 48
595 19 1 49
596 18 262 48
597 18 262 49
598 17 1 48
599 17 1 49
600 16 262 48
601 16 262 49
602 15 1 48
603 15 1 49
604 14 262 48
605 14 262 49
606 13 1 48
607 13 1 49
608 12 262 48
609 12 262 49
610 11 1 48
611 11 1 49
612 10 262 48
613 10 262 49
614 9 1 48
615 25 262 50
616 25 262 51
617 24 1 50
618 24 1 51
619 23 262 50
620 23 262 51
621 22 1 50
622 22 1 51
623 21 262 50
624 21 262 51
625 20 1 50
626 20 1 51
627 19 262 50
628 19 262 51
629 18 1 50
630 18 1 51
631 17 262 50
632 17 262 51
633 16 1 50
634 16 1 51
635 15 262 50
636 15 262 51
637 14 1 50
638 14 1 51
639 13 262 50
640 13 262 51
641 12 1 50
642 12 1 51
643 11 262 50
644 11 262 51
645 26 262 52
646 26 262 53
647 25 1 52
648 25 1 53
649 24 262 52
650 24 262 53
651 23 1 52
652 23 1 53
653 22 262 52
654 22 262 53
655 21 1 52
656 21 1 53
657 20 262 52
658 20 262 53
659 19 1 52
660 19 1 53
661 18 262 52
662 18 262 53
663 17 1 52
664 17 1 53
665 16 262 52
666 16 262 53
667 15 1 52
668 15 1 53
669 14 262 52
670 14 262 53
671 13 1 52
672 13 1 53
673 12 262 52
674 27 262 54
675 27 262 55
676 26 1 54
677 26 1 55
678 25 262 54
679 25 262 55
680 24 1 54
681 24 1 55
682 23 262 54
683 23 262 55
684 22 1 54
685 22 1 55
686 21 262 54
687 21 262 55
688 20 1 54
689 20 1 55
690 19 262 54
691 19 262 55
692 18 1 54
693 18 1 55
694 17 262 54
695 17 262 55
696 16 1 54
697 16 1 55
698 15 262 54
699 15 262 55
700 14 1 54
701 14 1 55
702 28 262 56
703 28 262 57
704 27 1 56
705 27 1 57
706 26 262 56
707 26 262 57
708 25 1 56
709 25 1 57
710 24 262 56
711 24 262 57
712 23 1 56
713 23 1 57
714 22 262 56
715 22 262 57
716 21 1 56
717 21 1 57
718 20 262 56
719 20 262 57
720 19 1 56
721 19 1 57
722 18 262 56
723 18 262 57
724 17 1 56
725 17 1 57
726 16 262 56
727 16 262 57
728 15 1 56
729 29 262 58
730 29 262 59
731 28 1 58
732 28 1 59
733 27 262 58
734 27 262 59
735 26 1 58
736 26 1 59
737 25 262 58
738 25 262 59
739 24 1 58
740 24 1 59
741 23 262 58
742 23 262 59
743 22 1 58
744 22 1 59
745 21 262 58
746 21 262 59
747 20 1 58
748 20 1 59
749 19 262 58
750 19 262 59
751 18 1 58
752 18 1 59
753 17 262 58
754 17 262 59
755 30 262 60
756 30 262 61
757 29 1 60
758 29 1 61
759 28 262 60
760 28 262 61
761 27 1 60
762 27 1 61
763 26 262 60
764 26 262 61
765 25 1 60
766 25 1 61
767 24 262 60
768 24 262 61
769 23 1 60
770 23 1 61
771 22 262 60
772 22 262 61
773 21 1 60
774 21 1 61
775 20 262 60
776 20 262 61
777 19 1 60
778 19 1 61
779 18 262 60
780 31 262 62
781 31 262 63
782 30 1 62
783 30 1 63
784 29 262 62
785 29 262 63
786 28 1 62
787 28 1 63
788 27 262 62
789 27 262 63
790 26 1 62
791 26 1 63
792 25 262 62
793 25 262 63
794 24 1 62
795 24 1 63
796 23 262 62
797 23 262 63
798 22 1 62
799 22 1 63
800 21 262 62
801 21 262 63
802 20 1 62
803 20 1 63
804 32 262 64
805 32 262 65
806 31 1 64
807 31 1 65
808 30 262 64
809 30 262 65
810 29 1 64
811 29 1 65
812 28 262 64
813 28 262 65
814 27 1 64
815 27 1 65
816 26 262 64
817 26 262 65
818 25 1 64
819 25 1 65
820 24 262 64
821 24 262 65
822 23 1 64
823 23 1 65
824 22 262 64
825 22 262 65
826 21 1 64
827 33 262 66
828 33 262 67
829 32 1 66
830 32 1 67
831 31 262 66
832 31 262 67
833 30 1 66
834 30 1 67
835 29 262 66
836 29 262 67
837 28 1 66
838 28 1 67
839 27 262 66
840 27 262 67
841 26 1 66
842 26 1 67
843 25 262 66
844 25 262 67
845 24 1 66
846 24 1 67
847 23 262 66
848 23 262 67
849 34 262 68
850 34 262 69
851 33 1 68
852 33 1 69
853 32 262 68
854 32 262 69
855 31 1 68
856 31 1 69
857 30 262 68
858 30 262 69
859 29 1 68
860 29 1 69
861 28 262 68
862 28 262 69
863 27 1 68
864 27 1 69
865 26 262 68
866 26 262 69
867 25 1 68
868 25 1 69
869 24 262 68
870 35 262 70
871 35 262 71
872 34 1 70
873 34 1 71
874 33 262 70
875 33 262 71
876 32 1 70
877 32 1 71
878 31 262 70
879 31 262 71
880 30 1 70
881 30 1 71
882 29 262 70
883 29 262 71
884 28 1 70
885 28 1 71
886 27 262 70
887 27 262 71
888 26 1 70
889 26 1 71
890 36 262 72
891 36 262 73
892 35 1 72
893 35 1 73
894 34 262 72
895 34 262 73
896 33 1 72
897 33 1 73
898 32 262 72
899 32 262 73
900 31 1 72
901 31 1 73
902 30 262 72
903 30 262 73
904 29 1 72
905 29 1 73
906 28 262 72
907 28 262 73
908 27 1 72
909 37 262 74
910 37 262 75
911 36 1 74
912 36 1 75
913 35 262 74
914 35 262 75
915 34 1 74
916 34 1 75
917 33 262 74
918 33 262 75
919 32 1 74
920 32 1 75
921 31 262 74
922 31 262 75
923 30 1 74
924 30 1 75
925 29 262 74
926 29 262 75
927 38 262 76
928 38 262 77
929 37 1 76
930 37 1 77
931 36 262 76
932 36 262 77
933 35 1 76
934 35 1 77
935 34 262 76
936 34 262 77
937 33 1 76
938 33 1 77
939 32 262 76
940 32 262 77
941 31 1 76
942 31 1 77
943 30 262 76
944 39 262 78
945 39 262 79
946 38 1 78
947 38 1 79
948 37 262 78
949 37 262 79
950 36 1 78
951 36 1 79
952 35 262 78
953 35 262 79
954 34 1 78
955 34 1 79
956 33 262 78
957 33 262 79
958 32 1 78
959 32 1 79
960 40 262 80
961 40 262 81
962 39 1 80
963 39 1 81
964 38 262 80
965 38 262 81
966 37 1 80
967 37 1 81
968 36 262 80
969 36 262 81
970 35 1 80
971 35 1 81
972 34 262 80
973 34 262 81
974 33 1 80
975 41 262 82
976 41 262 83
977 40 1 82
978 40 1 83
979 39 262 82
980 39 262 83
981 38 1 82
982 38 1 83
983 37 262 82
984 37 262 83
985 36 1 82
986 36 1 83
987 35 262 82
988 35 262 83
989 42 262 84
990 42 262 85
991 41 1 84
992 41 1 85
993 40 262 84
994 40 262 85
995 39 1 84
996 39 1 85
997 38 262 84
998 38 262 85
999 37 1 84
1000 37 1 85
1001 36 262 84
1002 43 262 86
1003 43 262 87
1004 42 1 86
1005 42 1 87
1006 41 262 86
1007 41 262 87
1008 40 1 86
1009 40 1 87
1010 39 262 86
1011 39 262 87
1012 38 1 86
1013 38 1 87
1014 44 262 88
1015 44 262 89
1016 43 1 88
1017 43 1 89
1018 42 262 88
1019 42 262 89
1020 41 1 88
1021 41 1 89
1022 40 262 88
1023 40 262 89
1024 39 1 88
1025 45 262 90
1026 45 262 91
1027 44 1 90
1028 44 1 91
1029 43 262 90
1030 43 262 91
1031 42 1 90
1032 42 1 91
1033 41 262 90
1034 41 262 91
1035 46 262 92
1036 46 262 93
1037 45 1 92
1038 45 1 93
1039 44 262 92
1040 44 262 93
1041 43 1 92
1042 43 1 93
1043 42 262 92
1044 47 262 94
1045 47 262 95
1046 46 1 94
1047 46 1 95
1048 45 262 94
1049 45 262 95
1050 44 1 94
1051 44 1 95
1052 48 262 96
1053 48 262 97
1054 47 1 96
1055 47 1 97
1056 46 262 96
1057 46 262 97
1058 45 1 96
1059 49 262 98
1060 49 262 99
1061 48 1 98
1062 48 1 99
1063 47 262 98
1064 47 262 99
1065 50 262 100
1066 50 262 101
1067 49 1 100
1068 49 1 101
1069 48 262 100
1070 51 262 102
1071 51 262 103
1072 50 1 102
1073 50 1 103
1074 52 262 104
1075 52 262 105
1076 51 1 104
1077 53 262 106
1078 53 262 107
1079 54 262 108
1080 55 130 110
1081 54 132 109
1082 52 11 106
1083 51 84 105
1084 49 7 102
1085 48 173 101
1086 46 124 98
1087 45 134 97
1088 43 55 94
1089 42 157 93
1090 40 35 90
1091 39 76 89
1092 37 94 86
1093 36 144 85
1094 34 12 82
1095 33 259 81
1096 31 175 78
1097 30 117 77
1098 28 207 74
1099 27 194 73
1100 25 60 70
1101 24 243 69
1102 22 86 66
1103 21 59 65
1104 19 246 62
1105 18 181 61
1106 56 130 112
1107 55 132 111
1108 53 11 108
1109 52 84 107
1110 50 7 104
1111 49 173 103
1112 47 124 100
1113 46 134 99
1114 44 55 96
1115 43 157 95
1116 41 35 92
1117 40 76 91
1118 38 94 88
1119 37 144 87
1120 35 12 84
1121 34 259 83
1122 32 175 80
1123 31 117 79
1124 29 207 76
1125 28 194 75
1126 26 60 72
1127 25 243 71
1128 23 86 68
1129 22 59 67
1130 20 246 64
1131 57 130 114
1132 56 132 113
1133 54 11 110
1134 53 84 109
1135 51 7 106
1136 50 173 105
1137 48 124 102
1138 47 134 101
1139 45 55 98
1140 44 157 97
1141 42 35 94
1142 41 76 93
1143 39 94 90
1144 38 144 89
1145 36 12 86
1146 35 259 85
1147 33 175 82
1148 32 117 81
1149 30 207 78
1150 29 194 77
1151 27 60 74
1152 26 243 73
1153 24 86 70
1154 23 59 69
1155 58 130 116
1156 57 132 115
1157 55 11 112
1158 54 84 111
1159 52 7 108
1160 51 173 107
1161 49 124 104
1162 48 134 103
1163 46 55 100
1164 45 157 99
1165 43 35 96
1166 42 76 95
1167 40 94 92
1168 39 144 91
1169 37 12 88
1170 36 259 87
1171 34 175 84
1172 33 117 83
1173 31 207 80
1174 30 194 79
1175 28 60 76
1176 27 243 75
1177 25 86 72
1178 59 130 118
1179 58 132 117
1180 56 11 114
1181 55 84 113
1182 53 7 110
1183 52 173 109
1184 50 124 106
1185 49 134 105
1186 47 55 102
1187 46 157 101
1188 44 35 98
1189 43 76 97
1190 41 94 94
1191 40 144 93
1192 38 12 90
1193 37 259 89
1194 35 175 86
1195 34 117 85
1196 32 207 82
1197 31 194 81
1198 29 60 78
1199 28 243 77
1200 60 130 120
1201 59 132 119
1202 57 11 116
1203 56 84 115
1204 54 7 112
1205 53 173 111
1206 51 124 108
1207 50 134 107
1208 48 55 104
1209 47 157 103
1210 45 35 100
1211 44 76 99
1212 42 94 96
1213 41 144 95
1214 39 12 92
1215 38 259 91
1216 36 175 88
1217 35 117 87
1218 33 207 84
1219 32 194 83
1220 30 60 80
1221 61 130 122
1222 60 132 121
1223 58 11 118
1224 57 84 117
1225 55 7 114
1226 54 173 113
1227 52 124 110
1228 51 134 109
1229 49 55 106
1230 48 157 105
1231 46 35 102
1232 45 76 101
1233 43 94 98
1234 42 144 97
1235 40 12 94
1236 39 259 93
1237 37 175 90
1238 36 117 89
1239 34 207 86
1240 33 194 85
1241 62 130 124
1242 61 132 123
1243 59 11 120
1244 58 84 119
1245 56 7 116
1246 55 173 115
1247 53 124 112
1248 52 134 111
1249 50 55 108
1250 49 157 107
1251 47 35 104
1252 46 76 103
1253 44 94 100
1254 43 144 99
1255 41 12 96
1256 40 259 95
1257 38 175 92
1258 37 117 91
1259 35 207 88
1260 63 130 126
1261 62 132 125
1262 60 11 122
1263 59 84 121
1264 57 7 118
1265 56 173 117
1266 54 124 114
1267 53 134 113
1268 51 55 110
1269 50 157 109
1270 48 35 106
1271 47 76 105
1272 45 94 102
1273 44 144 101
1274 42 12 98
1275 41 259 97
1276 39 175 94
1277 38 117 93
1278 64 130 128
1279 63 132 127
1280 61 11 124
1281 60 84 123
1282 58 7 120
1283 57 173 119
1284 55 124 116
1285 54 134 115
1286 52 55 112
1287 51 157 111
1288 49 35 108
1289 48 76 107
1290 46 94 104
1291 45 144 103
1292 43 12 100
1293 42 259 99
1294 40 175 96
1295 65 130 130
1296 64 132 129
1297 62 11 126
1298 61 84 125
1299 59 7 122
1300 58 173 121
1301 56 124 118
1302 55 134 117
1303 53 55 114
1304 52 157 113
1305 50 35 110
1306 49 76 109
1307 47 94 106
1308 46 144 105
1309 44 12 102
1310 43 259 101
1311 66 130 132
1312 65 132 131
1313 63 11 128
1314 62 84 127
1315 60 7 124
1316 59 173 123
1317 57 124 120
1318 56 134 119
1319 54 55 116
1320 53 157 115
1321 51 35 112
1322 50 76 111
1323 48 94 108
1324 47 144 107
1325 45 12 104
1326 67 130 134
1327 66 132 133
1328 64 11 130
1329 63 84 129
1330 61 7 126
1331 60 173 125
1332 58 124 122
1333 57 134 121
1334 55 55 118
1335 54 157 117
1336 52 35 114
1337 51 76 113
1338 49 94 110
1339 48 144 109
1340 68 130 136
1341 67 132 135
1342 65 11 132
1343 64 84 131
1344 62 7 128
1345 61 173 127
1346 59 124 124
1347 58 134 123
1348 56 55 120
1349 55 157 119
1350 53 35 116
1351 52 76 115
1352 50 94 112
1353 69 130 138
1354 68 132 137
1355 66 11 134
1356 65 84 133
1357 63 7 130
1358 62 173 129
1359 60 124 126
1360 59 134 125
1361 57 55 122
1362 56 157 121
1363 54 35 118
1364 53 76 117
1365 70 130 140
1366 69 132 139
1367 67 11 136
1368 66 84 135
1369 64 7 132
1370 63 173 131
1371 61 124 128
1372 60 134 127
1373 58 55 124
1374 57 157 123
1375 55 35 120
1376 71 130 142
1377 70 132 141
1378 68 11 138
1379 67 84 137
1380 65 7 134
1381 64 173 133
1382 62 124 130
1383 61 134 129
1384 59 55 126
1385 58 157 125
1386 72 130 144
1387 71 132 143
1388 69 11 140
1389 68 84 139
1390 66 7 136
1391 65 173 135
1392 63 124 132
1393 62 134 131
1394 60 55 128
1395 73 130 146
1396 72 132 145
1397 70 11 142
1398 69 84 141
1399 67 7 138
1400 66 173 137
1401 64 124 134
1402 63 134 133
1403 74 130 148
1404 73 132 147
1405 71 11 144
1406 70 84 143
1407 68 7 140
1408 67 173 139
1409 65 124 136
1410 75 130 150
1411 74 132 149
1412 72 11 146
1413 71 84 145
1414 69 7 142
1415 68 173 141
1416 76 130 152
1417 75 132 151
1418 73 11 148
1419 72 84 147
1420 70 7 144
1421 77 130 154
1422 76 132 153
1423 74 11 150
1424 73 84 149
1425 78 130 156
1426 77 132 155
1427 75 11 152
1428 79 130 158
1429 78 132 157
1430 80 130 160
1431 81 158 162
1432 79 96 159
1433 76 140 154
1434 74 135 151
1435 71 164 146
1436 69 83 143
1437 66 132 138
1438 64 240 135
1439 61 87 130
1440 59 206 127
1441 56 147 122
1442 54 76 119
1443 51 67 114
1444 49 74 111
1445 46 86 106
1446 44 252 103
1447 41 236 98
1448 39 190 95
1449 36 36 90
1450 34 185 87
1451 31 215 82
1452 82 158 164
1453 80 96 161
1454 77 140 156
1455 75 135 153
1456 72 164 148
1457 70 83 145
1458 67 132 140
1459 65 240 137
1460 62 87 132
1461 60 206 129
1462 57 147 124
1463 55 76 121
1464 52 67 116
1465 50 74 113
1466 47 86 108
1467 45 252 105
1468 42 236 100
1469 40 190 97
1470 37 36 92
1471 35 185 89
1472 83 158 166
1473 81 96 163
1474 78 140 158
1475 76 135 155
1476 73 164 150
1477 71 83 147
1478 68 132 142
1479 66 240 139
1480 63 87 134
1481 61 206 131
1482 58 147 126
1483 56 76 123
1484 53 67 118
1485 51 74 115
1486 48 86 110
1487 46 252 107
1488 43 236 102
1489 41 190 99
1490 38 36 94
1491 84 158 168
1492 82 96 165
1493 79 140 160
1494 77 135 157
1495 74 164 152
1496 72 83 149
1497 69 132 144
1498 67 240 141
1499 64 87 136
1500 62 206 133
1501 59 147 128
1502 57 76 125
1503 54 67 120
1504 52 74 117
1505 49 86 112
1506 47 252 109
1507 44 236 104
1508 42 190 101
1509 85 158 170
1510 83 96 167
1511 80 140 162
1512 78 135 159
1513 75 164 154
1514 73 83 151
1515 70 132 146
1516 68 240 143
1517 65 87 138
1518 63 206 135
1519 60 147 130
1520 58 76 127
1521 55 67 122
1522 53 74 119
1523 50 86 114
1524 48 252 111
1525 45 236 106
1526 86 158 172
1527 84 96 169
1528 81 140 164
1529 79 135 161
1530 76 164 156
1531 74 83 153
1532 71 132 148
1533 69 240 145
1534 66 87 140
1535 64 206 137
1536 61 147 132
1537 59 76 129
1538 56 67 124
1539 54 74 121
1540 51 86 116
1541 49 252 113
1542 87 158 174
1543 85 96 171
1544 82 140 166
1545 80 135 163
1546 77 164 158
1547 75 83 155
1548 72 132 150
1549 70 240 147
1550 67 87 142
1551 65 206 139
1552 62 147 134
1553 60 76 131
1554 57 67 126
1555 55 74 123
1556 52 86 118
1557 88 158 176
1558 86 96 173
1559 83 140 168
1560 81 135 165
1561 78 164 160
1562 76 83 157
1563 73 132 152
1564 71 240 149
1565 68 87 144
1566 66 206 141
1567 63 147 136
1568 61 76 133
1569 58 67 128
1570 56 74 125
1571 89 158 178
1572 87 96 175
1573 84 140 170
1574 82 135 167
1575 79 164 162
1576 77 83 159
1577 74 132 154
1578 72 240 151
1579 69 87 146
1580 67 206 143
1581 64 147 138
1582 62 76 135
1583 59 67 130
1584 90 158 180
1585 88 96 177
1586 85 140 172
1587 83 135 169
1588 80 164 164
1589 78 83 161
1590 75 132 156
1591 73 240 153
1592 70 87 148
1593 68 206 145
1594 65 147 140
1595 63 76 137
1596 91 158 182
1597 89 96 179
1598 86 140 174
1599 84 135 171
1600 81 164 166
1601 79 83 163
1602 76 132 158
1603 74 240 155
1604 71 87 150
1605 69 206 147
1606 66 147 142
1607 92 158 184
1608 90 96 181
1609 87 140 176
1610 85 135 173
1611 82 164 168
1612 80 83 165
1613 77 132 160
1614 75 240 157
1615 72 87 152
1616 70 206 149
1617 93 158 186
1618 91 96 183
1619 88 140 178
1620 86 135 175
1621 83 164 170
1622 81 83 167
1623 78 132 162
1624 76 240 159
1625 73 87 154
1626 94 158 188
1627 92 96 185
1628 89 140 180
1629 87 135 177
1630 84 164 172
1631 82 83 169
1632 79 132 164
1633 77 240 161
1634 95 158 190
1635 93 96 187
1636 90 140 182
1637 88 135 179
1638 85 164 174
1639 83 83 171
1640 80 132 166
1641 96 158 192
1642 94 96 189
1643 91 140 184
1644 89 135 181
1645 86 164 176
1646 84 83 173
1647 97 158 194
1648 95 96 191
1649 92 140 186
1650 90 135 183
1651 87 164 178
1652 98 158 196
1653 96 96 193
1654 93 140 188
1655 91 135 185
1656 99 158 198
1657 97 96 195
1658 94 140 190
1659 100 158 200
1660 98 96 197
1661 101 158 202
1662 102 259 204
1663 99 86 199
1664 95 132 192
1665 92 55 187
1666 88 115 180
1667 85 26 175
1668 81 150 168
1669 78 194 163
1670 74 47 156
1671 71 173 151
1672 67 27 144
1673 64 77 139
1674 60 161 132
1675 57 89 127
1676 53 210 120
1677 50 219 115
1678 46 171 108
1679 43 137 103
1680 103 259 206
1681 100 86 201
1682 96 132 194
1683 93 55 189
1684 89 115 182
1685 86 26 177
1686 82 150 170
1687 79 194 165
1688 75 47 158
1689 72 173 153
1690 68 27 146
1691 65 77 141
1692 61 161 134
1693 58 89 129
1694 54 210 122
1695 51 219 117
1696 47 171 110
1697 104 259 208
1698 101 86 203
1699 97 132 196
1700 94 55 191
1701 90 115 184
1702 87 26 179
1703 83 150 172
1704 80 194 167
1705 76 47 160
1706 73 173 155
1707 69 27 148
1708 66 77 143
1709 62 161 136
1710 59 89 131
1711 55 210 124
1712 52 219 119
1713 105 259 210
1714 102 86 205
1715 98 132 198
1716 95 55 193
1717 91 115 186
1718 88 26 181
1719 84 150 174
1720 81 194 169
1721 77 47 162
1722 74 173 157
1723 70 27 150
1724 67 77 145
1725 63 161 138
1726 60 89 133
1727 56 210 126
1728 106 259 212
1729 103 86 207
1730 99 132 200
1731 96 55 195
1732 92 115 188
1733 89 26 183
1734 85 150 176
1735 82 194 171
1736 78 47 164
1737 75 173 159
1738 71 27 152
1739 68 77 147
1740 64 161 140
1741 61 89 135
1742 107 259 214
1743 104 86 209
1744 100 132 202
1745 97 55 197
1746 93 115 190
1747 90 26 185
1748 86 150 178
1749 83 194 173
1750 79 47 166
1751 76 173 161
1752 72 27 154
1753 69 77 149
1754 65 161 142
1755 108 259 216
1756 105 86 211
1757 101 132 204
1758 98 55 199
1759 94 115 192
1760 91 26 187
1761 87 150 180
1762 84 194 175
1763 80 47 168
1764 77 173 163
1765 73 27 156
1766 70 77 151
1767 109 259 218
1768 106 86 213
1769 102 132 206
1770 99 55 201
1771 95 115 194
1772 92 26 189
1773 88 150 182
1774 85 194 177
1775 81 47 170
1776 78 173 165
1777 74 27 158
1778 110 259 220
1779 107 86 215
1780 103 132 208
1781 100 55 203
1782 96 115 196
1783 93 26 191
1784 89 150 184
1785 86 194 179
1786 82 47 172
1787 79 173 167
1788 111 259 222
1789 108 86 217
1790 104 132 210
1791 101 55 205
1792 97 115 198
1793 94 26 193
1794 90 150 186
1795 87 194 181
1796 83 47 174
1797 112 259 224
1798 109 86 219
1799 105 132 212
1800 102 55 207
1801 98 115 200
1802 95 26 195
1803 91 150 188
1804 88 194 183
1805 113 259 226
1806 110 86 221
1807 106 132 214
1808 103 55 209
1809 99 115 202
1810 96 26 197
1811 92 150 190
1812 114 259 228
1813 111 86 223
1814 107 132 216
1815 104 55 211
1816 100 115 204
1817 97 26 199
1818 115 259 230
1819 112 86 225
1820 108 132 218
1821 105 55 213
1822 101 115 206
1823 116 259 232
1824 113 86 227
1825 109 132 220
1826 106 55 215
1827 117 259 234
1828 114 86 229
1829 110 132 222
1830 118 259 236
1831 115 86 231
1832 119 259 238
1833 0 1 46
1834 1 259 46
1835 2 16 46
1836 3 199 46
1837 4 256 46
1838 5 28 46
1839 6 151 46
1840 7 185 46
1841 0 148 47
1842 1 96 47
1843 2 231 47
1844 3 147 47
1845 4 100 47
1846 5 42 47
1847 6 59 47
1848 7 56 47
1849 0 1 48
1850 0 1 49
1851 9 147 49
1852 0 262 50
1853 10 178 50
1854 0 1 51
1855 0 1 52
1856 0 1 53
1857 12 231 53
1858 0 262 54
1859 13 167 54
1860 0 1 55
1861 0 1 56
1862 0 1 57
1863 15 100 57
1864 0 262 58
1865 16 37 58
1866 0 1 59
1867 0 1 60
1868 0 1 61
1869 0 1 62
1870 0 1 63
1871 1 1 48
1872 2 259 48
1873 3 16 48
1874 4 199 48
1875 5 256 48
1876 6 28 48
1877 7 151 48
1878 8 185 48
1879 1 148 49
1880 2 96 49
1881 3 231 49
1882 4 147 49
1883 5 100 49
1884 6 42 49
1885 7 59 49
1886 8 56 49
1887 1 1 50
1888 1 1 51
1889 10 147 51
1890 1 262 52
1891 11 178 52
1892 1 1 53
1893 1 1 54
1894 1 1 55
1895 13 231 55
1896 1 262 56
1897 14 167 56
1898 1 1 57
1899 1 1 58
1900 1 1 59
1901 16 100 59
1902 1 262 60
1903 17 37 60
1904 1 1 61
1905 1 1 62
1906 1 1 63
1907 19 82 63
1908 2 1 50
1909 3 259 50
1910 4 16 50
1911 5 199 50
1912 6 256 50
1913 7 28 50
1914 8 151 50
1915 9 185 50
1916 2 148 51
1917 3 96 51
1918 4 231 51
1919 5 147 51
1920 6 100 51
1921 7 42 51
1922 8 59 51
1923 9 56 51
1924 2 1 52
1925 2 1 53
1926 11 147 53
1927 2 262 54
1928 12 178 54
1929 2 1 55
1930 2 1 56
1931 2 1 57
1932 14 231 57
1933 2 262 58
1934 15 167 58
1935 2 1 59
1936 2 1 60
1937 2 1 61
1938 17 100 61
1939 2 262 62
1940 18 37 62
1941 2 1 63
1942 1 27 64
1943 2 262 64
1944 3 1 52
1945 4 259 52
1946 5 16 52
1947 6 199 52
1948 7 256 52
1949 8 28 52
1950 9 151 52
1951 10 185 52
1952 3 148 53
1953 4 96 53
1954 5 231 53
1955 6 147 53
1956 7 100 53
1957 8 42 53
1958 9 59 53
1959 10 56 53
1960 3 1 54
1961 3 1 55
1962 12 147 55
1963 3 262 56
1964 13 178 56
1965 3 1 57
1966 3 1 58
1967 3 1 59
1968 15 231 59
1969 3 262 60
1970 16 167 60
1971 3 1 61
1972 3 1 62
1973 3 1 63
1974 18 100 63
1975 0 260 64
1976 3 1 64
1977 2 163 65
1978 3 262 65
1979 4 1 54
1980 5 259 54
1981 6 16 54
1982 7 199 54
1983 8 256 54
1984 9 28 54
1985 10 151 54
1986 11 185 54
1987 4 148 55
1988 5 96 55
1989 6 231 55
1990 7 147 55
1991 8 100 55
1992 9 42 55
1993 10 59 55
1994 11 56 55
1995 4 1 56
1996 4 1 57
1997 13 147 57
1998 4 262 58
1999 14 178 58
2000 4 1 59
2001 4 1 60
2002 4 1 61
2003 16 231 61
2004 4 262 62
2005 17 167 62
2006 4 1 63
2007 4 1 64
2008 19 36 64
2009 0 248 65
2010 4 1 65
2011 20 247 65
2012 4 262 66
2013 5 1 56
2014 6 259 56
2015 7 16 56
2016 8 199 56
2017 9 256 56
2018 10 28 56
2019 11 151 56
2020 12 185 56
2021 5 148 57
2022 6 96 57
2023 7 231 57
2024 8 147 57
2025 9 100 57
2026 10 42 57
2027 11 59 57
2028 12 56 57
2029 5 1 58
2030 5 1 59
2031 14 147 59
2032 5 262 60
2033 15 178 60
2034 5 1 61
2035 5 1 62
2036 5 1 63
2037 17 231 63
2038 5 262 64
2039 18 167 64
2040 1 241 65
2041 5 46 65
2042 19 255 65
2043 3 15 66
2044 5 262 66
2045 21 144 66
2046 6 1 58
2047 7 259 58
2048 8 16 58
2049 9 199 58
2050 10 256 58
2051 11 28 58
2052 12 151 58
2053 13 185 58
2054 6 148 59
2055 7 96 59
2056 8 231 59
2057 9 147 59
2058 10 100 59
2059 11 42 59
2060 12 59 59
2061 13 56 59
2062 6 1 60
2063 6 1 61
2064 15 147 61
2065 6 262 62
2066 16 178 62
2067 6 1 63
2068 6 1 64
2069 6 1 65
2070 18 231 65
2071 0 59 66
2072 1 129 66
2073 2 170 66
2074 6 1 66
2075 4 133 67
2076 5 14 67
2077 6 1 67
2078 7 1 60
2079 8 259 60
2080 9 16 60
2081 10 199 60
2082 11 256 60
2083 12 28 60
2084 13 151 60
2085 14 185 60
2086 7 148 61
2087 8 96 61
2088 9 231 61
2089 10 147 61
2090 11 100 61
2091 12 42 61
2092 13 59 61
2093 14 56 61
2094 7 1 62
2095 7 1 63
2096 16 147 63
2097 7 262 64
2098 17 178 64
2099 7 1 65
2100 7 1 66
2101 19 67 66
2102 20 38 66
2103 0 51 67
2104 2 118 67
2105 7 1 67
2106 21 94 67
2107 6 248 68
2108 7 1 68
2109 8 1 62
2110 9 259 62
2111 10 16 62
2112 11 199 62
2113 12 256 62
2114 13 28 62
2115 14 151 62
2116 15 185 62
2117 8 148 63
2118 9 96 63
2119 10 231 63
2120 11 147 63
2121 12 100 63
2122 13 42 63
2123 14 59 63
2124 15 56 63
2125 8 1 64
2126 8 1 65
2127 17 147 65
2128 8 262 66
2129 18 178 66
2130 1 177 67
2131 3 157 67
2132 8 117 67
2133 19 125 67
2134 20 240 67
2135 5 210 68
2136 8 262 68
2137 22 84 68
2138 8 1 69
2139 9 1 64
2140 10 259 64
2141 11 16 64
2142 12 199 64
2143 13 256 64
2144 14 28 64
2145 15 151 64
2146 16 185 64
2147 9 148 65
2148 10 96 65
2149 11 231 65
2150 12 147 65
2151 13 100 65
2152 14 42 65
2153 15 59 65
2154 16 56 65
2155 9 1 66
2156 9 1 67
2157 18 147 67
2158 0 101 68
2159 1 245 68
2160 2 215 68
2161 3 236 68
2162 4 85 68
2163 9 1 68
2164 6 251 69
2165 7 17 69
2166 9 1 69
2167 9 1 70
2168 10 1 66
2169 11 259 66
2170 12 16 66
2171 13 199 66
2172 14 256 66
2173 15 28 66
2174 16 151 66
2175 17 185 66
2176 10 148 67
2177 11 96 67
2178 12 231 67
2179 13 147 67
2180 14 100 67
2181 15 42 67
2182 16 59 67
2183 17 56 67
2184 10 1 68
2185 19 181 68
2186 20 39 68
2187 21 43 68
2188 0 213 69
2189 2 213 69
2190 4 90 69
2191 10 1 69
2192 22 186 69
2193 8 1 70
2194 10 1 70
2195 10 1 71
2196 11 1 68
2197 12 259 68
2198 13 16 68
2199 14 199 68
2200 15 256 68
2201 16 28 68
2202 17 151 68
2203 18 185 68
2204 1 62 69
2205 3 93 69
2206 5 4 69
2207 11 200 69
2208 12 178 69
2209 13 262 69
2210 14 141 69
2211 15 214 69
2212 16 8 69
2213 17 239 69
2214 18 95 69
2215 19 174 69
2216 20 236 69
2217 21 184 69
2218 7 228 70
2219 11 262 70
2220 23 229 70
2221 11 1 71
2222 24 21 71
2223 0 23 70
2224 1 238 70
2225 2 215 70
2226 3 239 70
2227 4 74 70
2228 5 72 70
2229 6 55 70
2230 12 221 70
2231 13 58 70
2232 14 196 70
2233 15 36 70
2234 16 11 70
2235 17 220 70
2236 18 143 70
2237 19 115 70
2238 20 119 70
2239 21 29 70
2240 22 89 70
2241 0 261 71
2242 1 151 71
2243 2 10 71
2244 8 156 71
2245 9 161 71
2246 12 1 71
2247 11 172 72
2248 12 262 72
2249 3 77 71
2250 4 153 71
2251 5 20 71
2252 6 25 71
2253 7 153 71
2254 13 156 71
2255 14 84 71
2256 15 235 71
2257 16 238 71
2258 17 132 71
2259 18 73 71
2260 19 55 71
2261 20 208 71
2262 21 91 71
2263 22 30 71
2264 23 180 71
2265 0 133 72
2266 1 221 72
2267 2 255 72
2268 3 199 72
2269 10 50 72
2270 13 170 72
2271 24 106 72
2272 12 27 73
2273 13 262 73
2274 4 123 72
2275 5 35 72
2276 6 209 72
2277 7 203 72
2278 8 145 72
2279 9 239 72
2280 14 140 72
2281 15 20 72
2282 16 31 72
2283 17 131 72
2284 18 34 72
2285 19 27 72
2286 20 101 72
2287 21 45 72
2288 22 179 72
2289 23 141 72
2290 0 31 73
2291 1 160 73
2292 2 111 73
2293 3 112 73
2294 10 62 73
2295 14 1 73
2296 25 1 73
2297 14 262 74
2298 4 227 73
2299 5 126 73
2300 6 186 73
2301 7 231 73
2302 8 134 73
2303 9 157 73
2304 11 249 73
2305 15 55 73
2306 16 139 73
2307 17 208 73
2308 18 21 73
2309 19 100 73
2310 20 148 73
2311 21 94 73
2312 22 44 73
2313 23 218 73
2314 24 62 73
2315 0 235 74
2316 1 76 74
2317 2 107 74
2318 13 204 74
2319 15 262 74
2320 26 154 74
2321 3 91 74
2322 4 179 74
2323 5 22 74
2324 6 220 74
2325 7 209 74
2326 8 53 74
2327 9 162 74
2328 10 52 74
2329 11 191 74
2330 12 226 74
2331 16 191 74
2332 17 1 74
2333 18 2 74
2334 19 156 74
2335 20 135 74
2336 21 173 74
2337 22 140 74
2338 23 107 74
2339 25 232 74
2340 14 1 75
2341 15 190 75
2342 16 1 75
2343 24 124 74
2344 0 107 75
2345 1 61 75
2346 2 125 75
2347 3 223 75
2348 4 73 75
2349 5 112 75
2350 6 104 75
2351 7 35 75
2352 8 230 75
2353 9 251 75
2354 10 157 75
2355 11 64 75
2356 12 44 75
2357 13 227 75
2358 17 153 75
2359 18 39 75
2360 19 260 75
2361 26 189 75
2362 16 207 76
2363 17 1 76
2364 20 220 75
2365 21 240 75
2366 22 31 75
2367 23 83 75
2368 24 86 75
2369 25 133 75
2370 0 198 76
2371 1 184 76
2372 2 158 76
2373 3 157 76
2374 4 208 76
2375 5 255 76
2376 6 215 76
2377 7 180 76
2378 8 222 76
2379 9 36 76
2380 15 156 76
2381 18 262 76
2382 27 24 76
2383 18 1 77
2384 10 61 76
2385 11 207 76
2386 12 63 76
2387 13 179 76
2388 14 66 76
2389 19 41 76
2390 20 42 76
2391 21 156 76
2392 22 200 76
2393 23 36 76
2394 24 189 76
2395 25 73 76
2396 26 53 76
2397 0 108 77
2398 1 236 77
2399 16 179 77
2400 17 70 77
2401 19 1 77
2402 19 1 78
2403 2 89 77
2404 3 148 77
2405 4 16 77
2406 5 180 77
2407 6 180 77
2408 8 165 77
2409 9 223 77
2410 10 163 77
2411 11 109 77
2412 12 17 77
2413 13 37 77
2414 14 145 77
2415 15 153 77
2416 20 1 77
2417 27 105 77
2418 18 168 78
2419 20 1 78
2420 20 1 79
2421 21 56 77
2422 22 217 77
2423 23 22 77
2424 24 216 77
2425 25 227 77
2426 26 95 77
2427 0 209 78
2428 1 240 78
2429 2 172 78
2430 3 31 78
2431 4 241 78
2432 5 125 78
2433 17 95 78
2434 21 262 78
2435 28 92 78
2436 21 1 79
2437 29 258 79
2438 11 210 78
2439 12 107 78
2440 13 93 78
2441 14 135 78
2442 15 253 78
2443 16 225 78
2444 22 224 78
2445 23 254 78
2446 24 230 78
2447 25 142 78
2448 27 239 78
2449 19 146 79
2450 22 29 79
2451 28 209 79
2452 21 192 80
2453 22 262 80
2454 26 38 78
2455 0 114 79
2456 1 20 79
2457 2 146 79
2458 3 135 79
2459 4 27 79
2460 14 115 79
2461 15 96 79
2462 16 28 79
2463 18 133 79
2464 23 262 79
2465 20 40 80
2466 23 1 80
2467 22 174 81
2468 23 262 81
2469 17 141 79
2470 24 122 79
2471 25 84 79
2472 26 1 79
2473 27 88 79
2474 0 2 80
2475 1 12 80
2476 2 26 80
2477 19 133 80
2478 24 262 80
2479 29 188 80
2480 24 1 81
2481 30 11 81
2482 24 262 82
2483 3 115 80
2484 17 80 80
2485 18 237 80
2486 25 191 80
2487 26 122 80
2488 27 97 80
2489 28 143 80
2490 20 53 81
2491 21 261 81
2492 25 1 81
2493 23 30 82
2494 25 262 82
2495 25 262 83
2496 1 260 81
2497 0 129 81
2498 2 262 81
2499 18 187 81
2500 19 65 81
2501 26 1 81
2502 29 122 81
2503 22 18 82
2504 26 1 82
2505 24 148 83
2506 26 262 83
2507 26 262 84
2508 27 150 81
2509 28 18 81
2510 0 2 82
2511 1 176 82
2512 21 221 82
2513 27 262 82
2514 30 209 82
2515 27 1 83
2516 31 139 83
2517 27 262 84
2518 32 169 84
2519 20 262 82
2520 28 36 82
2521 29 117 82
2522 22 51 83
2523 23 88 83
2524 28 1 83
2525 25 26 84
2526 28 262 84
2527 27 107 85
2528 28 1 85
2529 0 62 83
2530 29 1 83
2531 30 71 83
2532 24 147 84
2533 29 1 84
2534 26 107 85
2535 29 262 85
2536 28 98 86
2537 29 1 86
2538 23 212 84
2539 30 262 84
2540 31 155 84
2541 30 1 85
2542 32 173 85
2543 30 262 86
2544 33 71 86
2545 30 1 87
2546 25 211 85
2547 31 1 85
2548 27 10 86
2549 31 262 86
2550 29 241 87
2551 31 1 87
2552 31 1 88
2553 32 1 86
2554 28 73 87
2555 32 262 87
2556 30 94 88
2557 32 1 88
2558 32 1 89
2559 33 262 87
2560 33 262 88
2561 34 45 88
2562 33 1 89
2563 33 1 90
2564 31 97 89
2565 34 1 89
2566 34 1 90
2567 34 1 91
2568 35 1 90
2569 35 1 91
2570 36 85 91
2571 35 164 92
2572 36 262 92
2573 37 262 93
2574 38 191 95
2575 37 36 94
2576 36 245 93
2577 35 254 93
2578 34 136 92
2579 33 195 91
2580 32 34 90
2581 31 17 90
2582 30 123 89
2583 29 70 88
2584 28 35 88
2585 27 114 87
2586 26 206 86
2587 25 103 86
2588 24 80 85
2589 23 40 85
2590 22 243 84
2591 21 10 83
2592 20 5 83
2593 19 129 82
2594 18 196 82
2595 17 165 81
2596 16 49 80
2597 15 156 80
2598 14 78 80
2599 13 224 79
2600 12 112 79
2601 11 56 79
2602 10 235 78
2603 9 249 78
2604 8 256 78
2605 7 135 77
2606 39 72 96
2607 38 36 96
2608 37 245 95
2609 36 9 94
2610 35 136 94
2611 34 195 93
2612 33 34 92
2613 32 246 91
2614 31 123 91
2615 30 70 90
2616 29 228 89
2617 28 114 89
2618 27 206 88
2619 26 160 87
2620 25 80 87
2621 24 223 86
2622 23 243 86
2623 22 10 85
2624 21 258 84
2625 20 129 84
2626 19 67 83
2627 18 165 83
2628 17 49 82
2629 16 107 81
2630 15 185 81
2631 14 224 81
2632 13 151 80
2633 12 207 80
2634 11 235 80
2635 10 14 79
2636 9 7 79
2637 40 72 98
2638 39 227 97
2639 38 245 97
2640 37 9 96
2641 36 127 95
2642 35 195 95
2643 34 34 94
2644 33 246 93
2645 32 140 92
2646 31 70 92
2647 30 228 91
2648 29 149 90
2649 28 206 90
2650 27 160 89
2651 26 183 88
2652 25 223 88
2653 24 20 87
2654 23 10 87
2655 22 258 86
2656 21 134 85
2657 20 67 85
2658 19 98 84
2659 18 49 84
2660 17 107 83
2661 16 78 82
2662 15 39 82
2663 14 151 82
2664 13 56 81
2665 12 28 81
2666 11 14 81
2667 41 72 100
2668 40 227 99
2669 39 18 98
2670 38 9 98
2671 37 127 97
2672 36 68 96
2673 35 34 96
2674 34 246 95
2675 33 140 94
2676 32 193 93
2677 31 228 93
2678 30 149 92
2679 29 57 91
2680 28 160 91
2681 27 183 90
2682 26 40 89
2683 25 20 89
2684 24 253 88
2685 23 258 88
2686 22 134 87
2687 21 196 86
2688 20 98 86
2689 19 214 85
2690 18 107 85
2691 17 78 84
2692 16 224 83
2693 15 112 83
2694 14 56 83
2695 13 235 82
2696 42 72 102
2697 41 227 101
2698 40 18 100
2699 39 254 99
2700 38 127 99
2701 37 68 98
2702 36 229 97
2703 35 246 97
2704 34 140 96
2705 33 193 95
2706 32 35 94
2707 31 149 94
2708 30 57 93
2709 29 103 92
2710 28 183 92
2711 27 40 91
2712 26 243 90
2713 25 253 90
2714 24 5 89
2715 23 134 89
2716 22 196 88
2717 21 165 87
2718 20 214 87
2719 19 156 86
2720 18 78 86
2721 17 224 85
2722 16 151 84
2723 15 207 84
2724 43 72 104
2725 42 227 103
2726 41 18 102
2727 40 254 101
2728 39 136 100
2729 38 68 100
2730 37 229 99
2731 36 17 98
2732 35 140 98
2733 34 193 97
2734 33 35 96
2735 32 114 95
2736 31 57 95
2737 30 103 94
2738 29 80 93
2739 28 40 93
2740 27 243 92
2741 26 10 91
2742 25 5 91
2743 24 129 90
2744 23 196 90
2745 22 165 89
2746 21 49 88
2747 20 156 88
2748 19 185 87
2749 18 224 87
2750 17 151 86
2751 44 191 105
2752 43 227 105
2753 42 18 104
2754 41 254 103
2755 40 136 102
2756 39 195 101
2757 38 229 101
2758 37 17 100
2759 36 123 99
2760 35 193 99
2761 34 35 98
2762 33 114 97
2763 32 206 96
2764 31 103 96
2765 30 80 95
2766 29 223 94
2767 28 243 94
2768 27 10 93
2769 26 258 92
2770 25 129 92
2771 24 67 91
2772 23 165 91
2773 22 49 90
2774 21 107 89
2775 20 185 89
2776 19 39 88
2777 45 191 107
2778 44 36 106
2779 43 18 106
2780 42 254 105
2781 41 136 104
2782 40 195 103
2783 39 34 102
2784 38 17 102
2785 37 123 101
2786 36 70 100
2787 35 35 100
2788 34 114 99
2789 33 206 98
2790 32 160 97
2791 31 80 97
2792 30 223 96
2793 29 20 95
2794 28 10 95
2795 27 258 94
2796 26 134 93
2797 25 67 93
2798 24 98 92
2799 23 49 92
2800 22 107 91
2801 21 78 90
2802 46 191 109
2803 45 36 108
2804 44 245 107
2805 43 254 107
2806 42 136 106
2807 41 195 105
2808 40 34 104
2809 39 246 103
2810 38 123 103
2811 37 70 102
2812 36 228 101
2813 35 114 101
2814 34 206 100
2815 33 160 99
2816 32 183 98
2817 31 223 98
2818 30 20 97
2819 29 253 96
2820 28 258 96
2821 27 134 95
2822 26 196 94
2823 25 98 94
2824 24 214 93
2825 23 107 93
2826 47 191 111
2827 46 36 110
2828 45 245 109
2829 44 9 108
2830 43 136 108
2831 42 195 107
2832 41 34 106
2833 40 246 105
2834 39 140 104
2835 38 70 104
2836 37 228 103
2837 36 149 102
2838 35 206 102
2839 34 160 101
2840 33 183 100
2841 32 40 99
2842 31 20 99
2843 30 253 98
2844 29 5 97
2845 28 134 97
2846 27 196 96
2847 26 165 95
2848 25 214 95
2849 48 72 112
2850 47 36 112
2851 46 245 111
2852 45 9 110
2853 44 127 109
2854 43 195 109
2855 42 34 108
2856 41 246 107
2857 40 140 106
2858 39 193 105
2859 38 228 105
2860 37 149 104
2861 36 57 103
2862 35 160 103
2863 34 183 102
2864 33 40 101
2865 32 243 100
2866 31 253 100
2867 30 5 99
2868 29 129 98
2869 28 196 98
2870 27 165 97
2871 49 72 114
2872 48 227 113
2873 47 245 113
2874 46 9 112
2875 45 127 111
2876 44 68 110
2877 43 34 110
2878 42 246 109
2879 41 140 108
2880 40 193 107
2881 39 35 106
2882 38 149 106
2883 37 57 105
2884 36 103 104
2885 35 183 104
2886 34 40 103
2887 33 243 102
2888 32 10 101
2889 31 5 101
2890 30 129 100
2891 29 67 99
2892 50 72 116
2893 49 227 115
2894 48 18 114
2895 47 9 114
2896 46 127 113
2897 45 68 112
2898 44 229 111
2899 43 246 111
2900 42 140 110
2901 41 193 109
2902 40 35 108
2903 39 114 107
2904 38 57 107
2905 37 103 106
2906 36 80 105
2907 35 40 105
2908 34 243 104
2909 33 10 103
2910 32 258 102
2911 31 129 102
2912 51 72 118
2913 50 227 117
2914 49 18 116
2915 48 254 115
2916 47 127 115
2917 46 68 114
2918 45 229 113
2919 44 17 112
2920 43 140 112
2921 42 193 111
2922 41 35 110
2923 40 114 109
2924 39 206 108
2925 38 103 108
2926 37 80 107
2927 36 223 106
2928 35 243 106
2929 34 10 105
2930 33 258 104
2931 52 72 120
2932 51 227 119
2933 50 18 118
2934 49 254 117
2935 48 136 116
2936 47 68 116
2937 46 229 115
2938 45 17 114
2939 44 123 113
2940 43 193 113
2941 42 35 112
2942 41 114 111
2943 40 206 110
2944 39 160 109
2945 38 80 109
2946 37 223 108
2947 36 20 107
2948 35 10 107
2949 53 191 121
2950 52 227 121
2951 51 18 120
2952 50 254 119
2953 49 136 118
2954 48 195 117
2955 47 229 117
2956 46 17 116
2957 45 123 115
2958 44 70 114
2959 43 35 114
2960 42 114 113
2961 41 206 112
2962 40 160 111
2963 39 183 110
2964 38 223 110
2965 37 20 109
2966 54 191 123
2967 53 36 122
2968 52 18 122
2969 51 254 121
2970 50 136 120
2971 49 195 119
2972 48 34 118
2973 47 17 118
2974 46 123 117
2975 45 70 116
2976 44 228 115
2977 43 114 115
2978 42 206 114
2979 41 160 113
2980 40 183 112
2981 39 40 111
2982 55 191 125
2983 54 36 124
2984 53 245 123
2985 52 254 123
2986 51 136 122
2987 50 195 121
2988 49 34 120
2989 48 246 119
2990 47 123 119
2991 46 70 118
2992 45 228 117
2993 44 149 116
2994 43 206 116
2995 42 160 115
2996 41 183 114
2997 56 191 127
2998 55 36 126
2999 54 245 125
3000 53 9 124
3001 52 136 124
3002 51 195 123
3003 50 34 122
3004 49 246 121
3005 48 140 120
3006 47 70 120
3007 46 228 119
3008 45 149 118
3009 44 57 117
3010 43 160 117
3011 57 72 128
3012 56 36 128
3013 55 245 127
3014 54 9 126
3015 53 127 125
3016 52 195 125
3017 51 34 124
3018 50 246 123
3019 49 140 122
3020 48 193 121
3021 47 228 121
3022 46 149 120
3023 45 57 119
3024 58 72 130
3025 57 227 129
3026 56 245 129
3027 55 9 128
3028 54 127 127
3029 53 68 126
3030 52 34 126
3031 51 246 125
3032 50 140 124
3033 49 193 123
3034 48 35 122
3035 47 149 122
3036 59 72 132
3037 58 227 131
3038 57 18 130
3039 56 9 130
3040 55 127 129
3041 54 68 128
3042 53 229 127
3043 52 246 127
3044 51 140 126
3045 50 193 125
3046 49 35 124
3047 60 72 134
3048 59 227 133
3049 58 18 132
3050 57 254 131
3051 56 127 131
3052 55 68 130
3053 54 229 129
3054 53 17 128
3055 52 140 128
3056 51 193 127
3057 61 72 136
3058 60 227 135
3059 59 18 134
3060 58 254 133
3061 57 136 132
3062 56 68 132
3063 55 229 131
3064 54 17 130
3065 53 123 129
3066 62 191 137
3067 61 227 137
3068 60 18 136
3069 59 254 135
3070 58 136 134
3071 57 195 133
3072 56 229 133
3073 55 17 132
3074 63 191 139
3075 62 36 138
3076 61 18 138
3077 60 254 137
3078 59 136 136
3079 58 195 135
3080 57 34 134
3081 64 191 141
3082 63 36 140
3083 62 245 139
3084 61 254 139
3085 60 136 138
3086 59 195 137
3087 65 191 143
3088 64 36 142
3089 63 245 141
3090 62 9 140
3091 61 136 140
3092 66 72 144
3093 65 36 144
3094 64 245 143
3095 63 9 142
3096 67 72 146
3097 66 227 145
3098 65 245 145
3099 68 72 148
3100 67 227 147
3101 69 72 150
3102 70 210 152
3103 68 206 149
3104 66 162 146
3105 64 59 144
3106 62 123 141
3107 60 225 139
3108 58 108 136
3109 56 127 134
3110 54 82 131
3111 52 150 129
3112 50 72 126
3113 48 3 123
3114 46 230 121
3115 44 163 118
3116 42 48 116
3117 40 2 113
3118 38 241 111
3119 36 21 108
3120 34 32 106
3121 32 89 103
3122 30 73 101
3123 28 249 99
3124 26 109 96
3125 24 116 94
3126 22 39 92
3127 20 97 90
3128 18 248 88
3129 71 53 153
3130 69 206 151
3131 67 162 148
3132 65 59 146
3133 63 123 143
3134 61 225 141
3135 59 108 138
3136 57 136 135
3137 55 82 133
3138 53 113 130
3139 51 72 128
3140 49 3 125
3141 47 230 123
3142 45 163 120
3143 43 48 118
3144 41 2 115
3145 39 22 112
3146 37 21 110
3147 35 32 108
3148 33 89 105
3149 31 73 103
3150 29 14 100
3151 27 109 98
3152 25 116 96
3153 23 39 94
3154 21 166 91
3155 72 53 155
3156 70 206 153
3157 68 162 150
3158 66 204 147
3159 64 123 145
3160 62 38 142
3161 60 108 140
3162 58 136 137
3163 56 82 135
3164 54 113 132
3165 52 72 130
3166 50 3 127
3167 48 33 124
3168 46 163 122
3169 44 215 119
3170 42 2 117
3171 40 22 114
3172 38 21 112
3173 36 231 109
3174 34 89 107
3175 32 190 104
3176 30 14 102
3177 28 109 100
3178 26 147 97
3179 24 224 95
3180 73 53 157
3181 71 57 154
3182 69 162 152
3183 67 204 149
3184 65 123 147
3185 63 38 144
3186 61 108 142
3187 59 136 139
3188 57 181 136
3189 55 113 134
3190 53 191 131
3191 51 3 129
3192 49 33 126
3193 47 163 124
3194 45 215 121
3195 43 2 119
3196 41 22 116
3197 39 242 113
3198 37 231 111
3199 35 89 109
3200 33 190 106
3201 31 14 104
3202 29 154 101
3203 27 147 99
3204 74 53 159
3205 72 57 156
3206 70 162 154
3207 68 204 151
3208 66 140 148
3209 64 38 146
3210 62 155 143
3211 60 136 141
3212 58 181 138
3213 56 113 136
3214 54 191 133
3215 52 3 131
3216 50 33 128
3217 48 100 125
3218 46 215 123
3219 44 261 120
3220 42 22 118
3221 40 242 115
3222 38 231 113
3223 36 174 110
3224 34 190 108
3225 32 249 105
3226 30 154 103
3227 75 210 160
3228 73 57 158
3229 71 101 155
3230 69 204 153
3231 67 140 150
3232 65 38 148
3233 63 155 145
3234 61 136 143
3235 59 181 140
3236 57 150 137
3237 55 191 135
3238 53 260 132
3239 51 33 130
3240 49 100 127
3241 47 215 125
3242 45 261 122
3243 43 22 120
3244 41 242 117
3245 39 32 114
3246 37 174 112
3247 35 190 110
3248 33 249 107
3249 76 210 162
3250 74 57 160
3251 72 101 157
3252 70 204 155
3253 68 140 152
3254 66 225 149
3255 64 155 147
3256 62 127 144
3257 60 181 142
3258 58 150 139
3259 56 191 137
3260 54 260 134
3261 52 33 132
3262 50 100 129
3263 48 48 126
3264 46 261 124
3265 44 241 121
3266 42 242 119
3267 40 32 116
3268 38 174 114
3269 36 73 111
3270 77 210 164
3271 75 206 161
3272 73 101 159
3273 71 59 156
3274 69 140 154
3275 67 225 151
3276 65 155 149
3277 63 127 146
3278 61 181 144
3279 59 150 141
3280 57 72 138
3281 55 260 136
3282 53 230 133
3283 51 100 131
3284 49 48 128
3285 47 261 126
3286 45 241 123
3287 43 242 121
3288 41 32 118
3289 39 89 115
3290 78 210 166
3291 76 206 163
3292 74 101 161
3293 72 59 158
3294 70 140 156
3295 68 225 153
3296 66 108 150
3297 64 127 148
3298 62 82 145
3299 60 150 143
3300 58 72 140
3301 56 260 138
3302 54 230 135
3303 52 100 133
3304 50 48 130
3305 48 2 127
3306 46 241 125
3307 44 21 122
3308 42 32 120
3309 79 210 168
3310 77 206 165
3311 75 162 162
3312 73 59 160
3313 71 123 157
3314 69 225 155
3315 67 108 152
3316 65 127 150
3317 63 82 147
3318 61 150 145
3319 59 72 142
3320 57 3 139
3321 55 230 137
3322 53 163 134
3323 51 48 132
3324 49 2 129
3325 47 241 127
3326 45 21 124
3327 80 53 169
3328 78 206 167
3329 76 162 164
3330 74 59 162
3331 72 123 159
3332 70 225 157
3333 68 108 154
3334 66 136 151
3335 64 82 149
3336 62 113 146
3337 60 72 144
3338 58 3 141
3339 56 230 139
3340 54 163 136
3341 52 48 134
3342 50 2 131
3343 48 22 128
3344 81 53 171
3345 79 206 169
3346 77 162 166
3347 75 204 163
3348 73 123 161
3349 71 38 158
3350 69 108 156
3351 67 136 153
3352 65 82 151
3353 63 113 148
3354 61 72 146
3355 59 3 143
3356 57 33 140
3357 55 163 138
3358 53 215 135
3359 51 2 133
3360 82 53 173
3361 80 57 170
3362 78 162 168
3363 76 204 165
3364 74 123 163
3365 72 38 160
3366 70 108 158
3367 68 136 155
3368 66 181 152
3369 64 113 150
3370 62 191 147
3371 60 3 145
3372 58 33 142
3373 56 163 140
3374 54 215 137
3375 83 53 175
3376 81 57 172
3377 79 162 170
3378 77 204 167
3379 75 140 164
3380 73 38 162
3381 71 155 159
3382 69 136 157
3383 67 181 154
3384 65 113 152
3385 63 191 149
3386 61 3 147
3387 59 33 144
3388 57 100 141
3389 84 210 176
3390 82 57 174
3391 80 101 171
3392 78 204 169
3393 76 140 166
3394 74 38 164
3395 72 155 161
3396 70 136 159
3397 68 181 156
3398 66 150 153
3399 64 191 151
3400 62 260 148
3401 60 33 146
3402 85 210 178
3403 83 57 176
3404 81 101 173
3405 79 204 171
3406 77 140 168
3407 75 225 165
3408 73 155 163
3409 71 127 160
3410 69 181 158
3411 67 150 155
3412 65 191 153
3413 63 260 150
3414 86 210 180
3415 84 206 177
3416 82 101 175
3417 80 59 172
3418 78 140 170
3419 76 225 167
3420 74 155 165
3421 72 127 162
3422 70 181 160
3423 68 150 157
3424 66 72 154
3425 87 210 182
3426 85 206 179
3427 83 101 177
3428 81 59 174
3429 79 140 172
3430 77 225 169
3431 75 108 166
3432 73 127 164
3433 71 82 161
3434 69 150 159
3435 88 210 184
3436 86 206 181
3437 84 162 178
3438 82 59 176
3439 80 123 173
3440 78 225 171
3441 76 108 168
3442 74 127 166
3443 72 82 163
3444 89 53 185
3445 87 206 183
3446 85 162 180
3447 83 59 178
3448 81 123 175
3449 79 225 173
3450 77 108 170
3451 75 136 167
3452 90 53 187
3453 88 206 185
3454 86 162 182
3455 84 204 179
3456 82 123 177
3457 80 38 174
3458 78 108 172
3459 91 53 189
3460 89 57 186
3461 87 162 184
3462 85 204 181
3463 83 123 179
3464 81 38 176
3465 92 53 191
3466 90 57 188
3467 88 162 186
3468 86 204 183
3469 84 140 180
3470 93 210 192
3471 91 57 190
3472 89 101 187
3473 87 204 185
3474 94 210 194
3475 92 57 192
3476 90 101 189
3477 95 210 196
3478 93 206 193
3479 96 210 198
3480 97 224 200
3481 94 251 195
3482 91 206 191
3483 88 58 187
3484 85 119 182
3485 82 105 178
3486 79 170 174
3487 76 113 169
3488 73 208 165
3489 70 199 161
3490 67 41 156
3491 64 129 152
3492 61 21 148
3493 58 229 143
3494 55 233 139
3495 52 252 135
3496 49 118 130
3497 46 166 126
3498 43 131 122
3499 40 101 117
3500 37 151 113
3501 34 257 109
3502 31 103 105
3503 28 29 101
3504 98 39 201
3505 95 251 197
3506 92 206 193
3507 89 205 188
3508 86 119 184
3509 83 105 180
3510 80 93 175
3511 77 113 171
3512 74 208 167
3513 71 64 162
3514 68 41 158
3515 65 129 154
3516 62 242 149
3517 59 229 145
3518 56 233 141
3519 53 11 136
3520 50 118 132
3521 47 166 128
3522 44 132 123
3523 41 101 119
3524 38 151 115
3525 35 257 111
3526 32 160 106
3527 99 39 203
3528 96 251 199
3529 93 57 194
3530 90 205 190
3531 87 119 186
3532 84 158 181
3533 81 93 177
3534 78 113 173
3535 75 55 168
3536 72 64 164
3537 69 41 160
3538 66 134 155
3539 63 242 151
3540 60 229 147
3541 57 30 142
3542 54 11 138
3543 51 118 134
3544 48 97 129
3545 45 132 125
3546 42 101 121
3547 39 112 116
3548 36 6 112
3549 100 39 205
3550 97 251 201
3551 94 57 196
3552 91 205 192
3553 88 119 188
3554 85 158 183
3555 82 93 179
3556 79 113 175
3557 76 55 170
3558 73 64 166
3559 70 41 162
3560 67 134 157
3561 64 242 153
3562 61 229 149
3563 58 30 144
3564 55 11 140
3565 52 118 136
3566 49 97 131
3567 46 132 127
3568 43 101 123
3569 40 112 118
3570 101 39 207
3571 98 12 202
3572 95 57 198
3573 92 205 194
3574 89 144 189
3575 86 158 185
3576 83 93 181
3577 80 150 176
3578 77 55 172
3579 74 64 168
3580 71 222 163
3581 68 134 159
3582 65 242 155
3583 62 34 150
3584 59 30 146
3585 56 11 142
3586 53 145 137
3587 50 97 133
3588 47 132 129
3589 44 162 124
3590 102 224 208
3591 99 12 204
3592 96 57 200
3593 93 58 195
3594 90 144 191
3595 87 158 187
3596 84 170 182
3597 81 150 178
3598 78 55 174
3599 75 199 169
3600 72 222 165
3601 69 134 161
3602 66 21 156
3603 63 34 152
3604 60 30 148
3605 57 252 143
3606 54 145 139
3607 51 97 135
3608 48 131 130
3609 103 224 210
3610 100 12 206
3611 97 57 202
3612 94 58 197
3613 91 144 193
3614 88 158 189
3615 85 170 184
3616 82 150 180
3617 79 55 176
3618 76 199 171
3619 73 222 167
3620 70 134 163
3621 67 21 158
3622 64 34 154
3623 61 30 150
3624 58 252 145
3625 55 145 141
3626 52 97 137
3627 104 224 212
3628 101 12 208
3629 98 206 203
3630 95 58 199
3631 92 144 195
3632 89 105 190
3633 86 170 186
3634 83 150 182
3635 80 208 177
3636 77 199 173
3637 74 222 169
3638 71 129 164
3639 68 21 160
3640 65 34 156
3641 62 233 151
3642 59 252 147
3643 56 145 143
3644 105 224 214
3645 102 251 209
3646 99 206 205
3647 96 58 201
3648 93 119 196
3649 90 105 192
3650 87 170 188
3651 84 113 183
3652 81 208 179
3653 78 199 175
3654 75 41 170
3655 72 129 166
3656 69 21 162
3657 66 229 157
3658 63 233 153
3659 60 252 149
3660 106 224 216
3661 103 251 211
3662 100 206 207
3663 97 58 203
3664 94 119 198
3665 91 105 194
3666 88 170 190
3667 85 113 185
3668 82 208 181
3669 79 199 177
3670 76 41 172
3671 73 129 168
3672 70 21 164
3673 67 229 159
3674 64 233 155
3675 107 39 217
3676 104 251 213
3677 101 206 209
3678 98 205 204
3679 95 119 200
3680 92 105 196
3681 89 93 191
3682 86 113 187
3683 83 208 183
3684 80 64 178
3685 77 41 174
3686 74 129 170
3687 71 242 165
3688 68 229 161
3689 108 39 219
3690 105 251 215
3691 102 57 210
3692 99 205 206
3693 96 119 202
3694 93 158 197
3695 90 93 193
3696 87 113 189
3697 84 55 184
3698 81 64 180
3699 78 41 176
3700 75 134 171
3701 72 242 167
3702 109 39 221
3703 106 251 217
3704 103 57 212
3705 100 205 208
3706 97 119 204
3707 94 158 199
3708 91 93 195
3709 88 113 191
3710 85 55 186
3711 82 64 182
3712 79 41 178
3713 76 134 173
3714 110 39 223
3715 107 12 218
3716 104 57 214
3717 101 205 210
3718 98 144 205
3719 95 158 201
3720 92 93 197
3721 89 150 192
3722 86 55 188
3723 83 64 184
3724 80 222 179
3725 111 224 224
3726 108 12 220
3727 105 57 216
3728 102 58 211
3729 99 144 207
3730 96 158 203
3731 93 170 198
3732 90 150 194
3733 87 55 190
3734 84 199 185
3735 112 224 226
3736 109 12 222
3737 106 57 218
3738 103 58 213
3739 100 144 209
3740 97 158 205
3741 94 170 200
3742 91 150 196
3743 88 55 192
3744 113 224 228
3745 110 12 224
3746 107 206 219
3747 104 58 215
3748 101 144 211
3749 98 105 206
3750 95 170 202
3751 92 150 198
3752 114 224 230
3753 111 251 225
3754 108 206 221
3755 105 58 217
3756 102 119 212
3757 99 105 208
3758 96 170 204
3759 115 224 232
3760 112 251 227
3761 109 206 223
3762 106 58 219
3763 103 119 214
3764 100 105 210
3765 116 39 233
3766 113 251 229
3767 110 206 225
3768 107 205 220
3769 104 119 216
3770 117 39 235
3771 114 251 231
3772 111 57 226
3773 108 205 222
3774 118 39 237
3775 115 251 233
3776 112 57 228
3777 119 39 239
3778 116 12 234
3779 120 224 240
3780 6 136 78
3781 5 18 79
3782 7 123 78
3783 6 229 79
3784 7 228 79
3785 4 118 80
3786 5 41 80
3787 3 18 81
3788 4 35 81
3789 2 109 82
3790 3 235 82
3791 1 27 83
3792 2 111 83
3793 0 100 84
3794 1 243 84
3795 0 34 85
3796 0 34 86
3797 0 34 87
3798 0 34 88
3799 0 34 89
3800 0 34 90
3801 0 34 91
3802 0 34 92
3803 0 34 93
3804 0 34 94
3805 0 34 95
3806 0 34 96
3807 0 34 97
3808 0 34 98
3809 0 34 99
3810 0 34 100
3811 8 220 79
3812 6 245 80
3813 7 229 80
3814 9 211 80
3815 8 35 80
3816 5 73 81
3817 6 223 81
3818 7 254 81
3819 4 43 82
3820 5 74 82
3821 3 152 83
3822 4 59 83
3823 2 179 84
3824 3 31 84
3825 1 16 85
3826 2 166 85
3827 1 17 86
3828 1 17 87
3829 1 17 88
3830 1 17 89
3831 1 17 90
3832 1 17 91
3833 1 17 92
3834 1 17 93
3835 1 17 94
3836 1 17 95
3837 1 17 96
3838 1 17 97
3839 1 17 98
3840 10 31 80
3841 8 172 81
3842 9 208 81
3843 6 223 82
3844 10 250 81
3845 7 221 82
3846 8 104 82
3847 5 143 83
3848 9 4 82
3849 6 110 83
3850 7 38 83
3851 4 59 84
3852 5 38 84
3853 3 238 85
3854 4 5 85
3855 2 254 86
3856 3 160 86
3857 2 140 87
3858 2 140 88
3859 2 140 89
3860 2 140 90
3861 2 140 91
3862 2 140 92
3863 2 140 93
3864 2 140 94
3865 2 140 95
3866 2 140 96
3867 10 124 82
3868 12 4 82
3869 11 58 82
3870 8 90 83
3871 9 100 83
3872 10 159 83
3873 11 69 83
3874 6 128 84
3875 7 129 84
3876 8 117 84
3877 9 198 84
3878 5 242 85
3879 6 168 85
3880 7 209 85
3881 4 259 86
3882 5 90 86
3883 3 250 87
3884 4 230 87
3885 3 70 88
3886 3 70 89
3887 3 70 90
3888 3 70 91
3889 3 70 92
3890 3 70 93
3891 3 70 94
3892 12 247 83
3893 10 30 84
3894 13 1 83
3895 11 31 84
3896 12 117 84
3897 8 141 85
3898 13 42 84
3899 9 182 85
3900 10 118 85
3901 6 195 86
3902 11 212 85
3903 7 6 86
3904 8 95 86
3905 5 148 87
3906 9 185 86
3907 6 92 87
3908 7 17 87
3909 4 55 88
3910 5 94 88
3911 4 35 89
3912 4 35 90
3913 4 35 91
3914 4 35 92
3915 14 36 84
3916 12 64 85
3917 13 4 85
3918 15 68 85
3919 14 197 85
3920 10 143 86
3921 11 135 86
3922 12 232 86
3923 13 81 86
3924 8 153 87
3925 9 59 87
3926 10 233 87
3927 11 79 87
3928 6 247 88
3929 7 120 88
3930 8 140 88
3931 9 23 88
3932 5 229 89
3933 6 135 89
3934 7 223 89
3935 5 149 90
3936 16 182 85
3937 14 119 86
3938 15 254 86
3939 12 113 87
3940 16 17 86
3941 13 237 87
3942 14 127 87
3943 10 225 88
3944 15 15 87
3945 11 68 88
3946 12 109 88
3947 8 91 89
3948 13 151 88
3949 9 174 89
3950 10 228 89
3951 6 2 90
3952 11 14 89
3953 7 45 90
3954 8 185 90
3955 16 202 87
3956 14 213 88
3957 17 86 87
3958 15 36 88
3959 16 68 88
3960 12 28 89
3961 17 193 88
3962 13 135 89
3963 14 154 89
3964 19 217 89
3965 15 85 89
3966 9 208 90
3967 10 89 90
3968 11 6 90
3969 12 136 90
3970 5 229 91
3971 6 46 91
3972 16 19 89
3973 13 53 90
3974 17 81 89
3975 14 49 90
3976 18 110 89
3977 15 78 90
3978 17 246 90
3979 7 197 91
3980 18 149 90
3981 8 223 91
3982 9 3 91
3983 10 40 91
3984 11 215 91
3985 5 101 92
3986 6 225 92
3987 19 78 90
3988 12 216 91
3989 13 204 91
3990 20 235 91
3991 18 177 91
3992 7 234 92
3993 19 104 91
3994 8 132 92
3995 9 81 92
3996 10 225 92
3997 11 144 92
3998 4 145 93
3999 21 203 92
4000 12 122 92
4001 5 46 93
4002 20 112 92
4003 6 175 93
4004 7 175 93
4005 8 11 93
4006 9 177 93
4007 4 3 94
4008 10 176 93
4009 5 206 94
4010 21 166 93
4011 22 215 93
4012 6 168 94
4013 7 80 94
4014 3 250 95
4015 8 193 94
4016 4 67 95
4017 22 199 94
4018 5 69 95
4019 6 198 95
4020 7 186 95
4021 3 159 96
4022 23 12 95
4023 4 138 96
4024 5 173 96
4025 24 198 96
4026 6 170 96
4027 2 177 97
4028 25 193 97
4029 3 104 97
4030 2 40 98
4031 4 125 97
4032 3 105 98
4033 1 61 99
4034 26 114 98
4035 1 244 100
4036 16 206 90
4037 14 193 91
4038 15 149 91
4039 16 35 91
4040 17 27 91
4041 13 153 92
4042 14 176 92
4043 15 225 92
4044 16 69 92
4045 18 42 92
4046 19 148 92
4047 11 78 93
4048 12 110 93
4049 13 161 93
4050 14 137 93
4051 19 98 93
4052 20 182 93
4053 9 241 94
4054 10 208 94
4055 11 111 94
4056 12 30 94
4057 13 213 94
4058 21 136 94
4059 8 11 95
4060 9 72 95
4061 10 109 95
4062 11 213 95
4063 22 28 95
4064 7 116 96
4065 8 183 96
4066 9 64 96
4067 23 55 96
4068 5 61 97
4069 6 131 97
4070 7 46 97
4071 8 146 97
4072 24 43 97
4073 4 162 98
4074 5 93 98
4075 17 206 92
4076 15 193 93
4077 16 149 93
4078 17 35 93
4079 18 27 93
4080 14 153 94
4081 15 176 94
4082 16 225 94
4083 17 69 94
4084 19 42 94
4085 20 148 94
4086 12 78 95
4087 13 110 95
4088 14 161 95
4089 15 137 95
4090 20 98 95
4091 21 182 95
4092 10 241 96
4093 11 208 96
4094 12 111 96
4095 13 30 96
4096 14 213 96
4097 22 136 96
4098 9 11 97
4099 10 72 97
4100 11 109 97
4101 12 213 97
4102 23 28 97
4103 6 133 98
4104 7 248 98
4105 8 90 98
4106 9 63 98
4107 10 205 98
4108 24 227 98
4109 25 124 98
4110 3 14 99
4111 2 83 99
4112 4 65 99
4113 18 206 94
4114 16 193 95
4115 17 149 95
4116 18 35 95
4117 19 27 95
4118 15 153 96
4119 16 176 96
4120 17 225 96
4121 18 69 96
4122 20 42 96
4123 21 148 96
4124 13 78 97
4125 14 110 97
4126 15 161 97
4127 16 137 97
4128 21 98 97
4129 22 182 97
4130 11 241 98
4131 12 208 98
4132 13 111 98
4133 14 30 98
4134 15 213 98
4135 23 136 98
4136 5 79 99
4137 6 13 99
4138 7 193 99
4139 8 21 99
4140 9 195 99
4141 10 22 99
4142 11 201 99
4143 12 88 99
4144 13 243 99
4145 24 24 99
4146 25 8 99
4147 26 16 99
4148 2 145 100
4149 3 260 100
4150 19 206 96
4151 17 193 97
4152 18 149 97
4153 19 35 97
4154 20 27 97
4155 16 153 98
4156 17 176 98
4157 18 225 98
4158 19 69 98
4159 21 42 98
4160 22 148 98
4161 14 78 99
4162 15 110 99
4163 16 161 99
4164 17 137 99
4165 22 98 99
4166 23 182 99
4167 4 34 100
4168 5 6 100
4169 6 49 100
4170 7 235 100
4171 8 257 100
4172 9 186 100
4173 10 48 100
4174 11 40 100
4175 12 72 100
4176 13 187 100
4177 14 143 100
4178 15 165 100
4179 16 165 100
4180 24 161 100
4181 25 12 100
4182 26 213 100
4183 27 174 100
4184 0 139 101
4185 1 47 101
4186 20 206 98
4187 18 193 99
4188 19 149 99
4189 20 35 99
4190 21 27 99
4191 17 153 100
4192 18 176 100
4193 19 225 100
4194 20 69 100
4195 22 42 100
4196 23 148 100
4197 2 197 101
4198 3 164 101
4199 4 9 101
4200 5 124 101
4201 6 12 101
4202 7 216 101
4203 8 26 101
4204 9 47 101
4205 10 219 101
4206 11 167 101
4207 12 122 101
4208 13 97 101
4209 14 217 101
4210 15 156 101
4211 16 67 101
4212 17 191 101
4213 18 228 101
4214 23 190 101
4215 24 146 101
4216 25 60 101
4217 26 262 101
4218 27 122 101
4219 0 159 102
4220 1 189 102
4221 21 206 100
4222 19 193 101
4223 20 149 101
4224 21 35 101
4225 22 27 101
4226 2 18 102
4227 3 229 102
4228 4 196 102
4229 5 68 102
4230 6 31 102
4231 7 95 102
4232 8 235 102
4233 9 95 102
4234 10 126 102
4235 11 235 102
4236 12 40 102
4237 13 215 102
4238 14 224 102
4239 15 57 102
4240 16 184 102
4241 17 246 102
4242 18 55 102
4243 19 136 102
4244 20 70 102
4245 21 226 102
4246 23 20 102
4247 24 102 102
4248 25 30 102
4249 26 13 102
4250 27 171 102
4251 28 85 102
4252 29 236 102
4253 0 96 103
4254 1 175 103
4255 22 206 102
4256 2 120 103
4257 3 228 103
4258 4 223 103
4259 5 72 103
4260 6 92 103
4261 7 8 103
4262 8 41 103
4263 9 195 103
4264 10 220 103
4265 11 57 103
4266 12 95 103
4267 13 66 103
4268 14 177 103
4269 15 19 103
4270 16 182 103
4271 17 36 103
4272 18 19 103
4273 19 120 103
4274 20 206 103
4275 21 115 103
4276 22 170 103
4277 23 37 103
4278 24 182 103
4279 25 229 103
4280 26 206 103
4281 27 193 103
4282 28 91 103
4283 29 218 103
4284 0 216 104
4285 1 260 104
4286 2 178 104
4287 3 45 104
4288 4 76 104
4289 5 133 104
4290 6 226 104
4291 7 159 104
4292 8 83 104
4293 9 244 104
4294 10 34 104
4295 11 241 104
4296 12 144 104
4297 13 165 104
4298 14 254 104
4299 15 45 104
4300 16 17 104
4301 17 103 104
4302 18 87 104
4303 19 121 104
4304 20 176 104
4305 21 36 104
4306 22 149 104
4307 23 169 104
4308 24 18 104
4309 25 3 104
4310 26 18 104
4311 27 184 104
4312 28 133 104
4313 29 109 104
4314 30 228 104
4315 0 191 105
4316 1 139 105
4317 2 40 105
4318 3 122 105
4319 4 79 105
4320 5 247 105
4321 6 153 105
4322 7 1 105
4323 8 81 105
4324 9 90 105
4325 10 92 105
4326 11 83 105
4327 12 54 105
4328 13 233 105
4329 14 76 105
4330 15 259 105
4331 16 148 105
4332 17 198 105
4333 18 3 105
4334 19 136 105
4335 20 260 105
4336 21 40 105
4337 22 204 105
4338 23 19 105
4339 24 123 105
4340 25 149 105
4341 26 261 105
4342 27 261 105
4343 28 258 105
4344 29 262 105
4345 30 90 105
4346 0 87 106
4347 1 83 106
4348 2 154 106
4349 3 25 106
4350 4 73 106
4351 5 112 106
4352 6 54 106
4353 7 200 106
4354 8 132 106
4355 9 27 106
4356 10 189 106
4357 11 147 106
4358 12 214 106
4359 13 262 106
4360 14 70 106
4361 15 48 106
4362 16 207 106
4363 17 57 106
4364 18 59 106
4365 19 211 106
4366 20 212 106
4367 21 206 106
4368 22 64 106
4369 23 225 106
4370 24 231 106
4371 25 32 106
4372 26 165 106
4373 27 32 106
4374 28 21 106
4375 29 218 106
4376 30 164 106
4377 31 258 106
4378 0 93 107
4379 1 212 107
4380 2 204 107
4381 3 126 107
4382 4 64 107
4383 5 111 107
4384 6 128 107
4385 7 143 107
4386 8 102 107
4387 9 17 107
4388 10 249 107
4389 11 115 107
4390 12 247 107
4391 13 197 107
4392 14 92 107
4393 15 116 107
4394 16 72 107
4395 17 152 107
4396 18 152 107
4397 19 254 107
4398 20 211 107
4399 21 124 107
4400 22 177 107
4401 23 170 107
4402 24 189 107
4403 25 121 107
4404 26 192 107
4405 27 114 107
4406 28 86 107
4407 29 251 107
4408 30 163 107
4409 31 233 107
4410 32 225 107
4411 0 3 108
4412 1 160 108
4413 2 104 108
4414 3 249 108
4415 4 205 108
4416 5 169 108
4417 6 214 108
4418 7 159 108
4419 8 147 108
4420 9 37 108
4421 10 167 108
4422 11 151 108
4423 12 198 108
4424 13 206 108
4425 14 194 108
4426 15 70 108
4427 16 119 108
4428 17 30 108
4429 18 262 108
4430 19 112 108
4431 20 128 108
4432 21 64 108
4433 22 86 108
4434 23 205 108
4435 24 251 108
4436 25 132 108
4437 26 156 108
4438 27 7 108
4439 28 102 108
4440 29 143 108
4441 30 81 108
4442 31 164 108
4443 32 180 108
4444 33 209 108
4445 0 158 109
4446 1 25 109
4447 2 159 109
4448 3 16 109
4449 4 143 109
4450 5 5 109
4451 6 259 109
4452 7 238 109
4453 8 69 109
4454 9 192 109
4455 10 62 109
4456 11 164 109
4457 12 224 109
4458 13 162 109
4459 14 48 109
4460 15 17 109
4461 16 185 109
4462 17 69 109
4463 18 171 109
4464 19 54 109
4465 20 119 109
4466 21 93 109
4467 22 188 109
4468 23 120 109
4469 24 231 109
4470 25 31 109
4471 26 112 109
4472 27 131 109
4473 28 242 109
4474 29 196 109
4475 30 56 109
4476 31 97 109
4477 32 252 109
4478 33 86 109
4479 0 102 110
4480 1 33 110
4481 2 136 110
4482 3 262 110
4483 4 16 110
4484 5 251 110
4485 6 184 110
4486 9 202 110
4487 11 259 110
4488 12 40 110
4489 13 236 110
4490 14 149 110
4491 15 232 110
4492 16 206 110
4493 17 153 110
4494 18 150 110
4495 19 229 110
4496 20 83 110
4497 21 68 110
4498 22 2 110
4499 23 75 110
4500 24 154 110
4501 25 64 110
4502 26 102 110
4503 27 118 110
4504 28 36 110
4505 29 218 110
4506 30 29 110
4507 31 182 110
4508 32 110 110
4509 33 79 110
4510 34 208 110
4511 0 236 111
4512 1 162 111
4513 2 127 111
4514 3 249 111
4515 4 33 111
4516 5 217 111
4517 15 114 111
4518 17 63 111
4519 18 61 111
4520 19 244 111
4521 20 138 111
4522 21 68 111
4523 22 50 111
4524 23 87 111
4525 24 47 111
4526 25 68 111
4527 26 63 111
4528 27 33 111
4529 28 80 111
4530 29 190 111
4531 30 146 111
4532 31 24 111
4533 32 24 111
4534 33 41 111
4535 34 163 111
4536 0 143 112
4537 1 159 112
4538 2 164 112
4539 3 44 112
4540 4 63 112
4541 5 138 112
4542 18 77 112
4543 19 92 112
4544 20 108 112
4545 21 101 112
4546 22 55 112
4547 23 224 112
4548 24 112 112
4549 25 195 112
4550 26 101 112
4551 27 123 112
4552 28 212 112
4553 29 9 112
4554 30 42 112
4555 31 234 112
4556 32 22 112
4557 33 160 112
4558 34 163 112
4559 35 119 112
4560 0 34 113
4561 1 92 113
4562 2 114 113
4563 3 161 113
4564 4 30 113
4565 18 47 113
4566 20 115 113
4567 21 95 113
4568 22 241 113
4569 23 141 113
4570 24 234 113
4571 25 241 113
4572 26 235 113
4573 27 167 113
4574 28 12 113
4575 29 37 113
4576 30 75 113
4577 31 173 113
4578 32 192 113
4579 33 102 113
4580 34 4 113
4581 35 18 113
4582 36 56 113
4583 0 164 114
4584 1 143 114
4585 2 225 114
4586 3 25 114
4587 4 145 114
4588 21 222 114
4589 22 202 114
4590 23 25 114
4591 24 190 114
4592 25 27 114
4593 26 12 114
4594 27 101 114
4595 28 21 114
4596 29 17 114
4597 30 76 114
4598 31 252 114
4599 32 210 114
4600 33 229 114
4601 34 68 114
4602 35 257 114
4603 36 65 114
4604 37 80 114
4605 0 40 115
4606 1 20 115
4607 2 120 115
4608 3 184 115
4609 23 218 115
4610 24 149 115
4611 25 110 115
4612 26 47 115
4613 27 227 115
4614 28 110 115
4615 29 58 115
4616 30 221 115
4617 31 10 115
4618 32 255 115
4619 33 67 115
4620 34 177 115
4621 35 191 115
4622 36 252 115
4623 37 172 115
4624 0 57 116
4625 1 236 116
4626 2 2 116
4627 3 68 116
4628 24 212 116
4629 25 71 116
4630 26 227 116
4631 27 179 116
4632 28 166 116
4633 29 151 116
4634 30 3 116
4635 31 56 116
4636 32 34 116
4637 33 182 116
4638 34 140 116
4639 35 213 116
4640 36 177 116
4641 37 23 116
4642 38 216 116
4643 0 37 117
4644 1 118 117
4645 2 98 117
4646 27 176 117
4647 28 15 117
4648 29 1 117
4649 30 166 117
4650 31 106 117
4651 32 25 117
4652 33 224 117
4653 34 81 117
4654 35 2 117
4655 36 247 117
4656 37 53 117
4657 38 201 117
4658 39 25 117
4659 0 147 118
4660 1 225 118
4661 2 133 118
4662 27 5 118
4663 28 55 118
4664 29 199 118
4665 30 258 118
4666 31 200 118
4667 32 58 118
4668 33 165 118
4669 34 45 118
4670 35 163 118
4671 36 10 118
4672 37 119 118
4673 38 45 118
4674 39 174 118
4675 0 136 119
4676 1 15 119
4677 28 120 119
4678 30 4 119
4679 31 145 119
4680 32 157 119
4681 33 259 119
4682 34 45 119
4683 35 60 119
4684 36 233 119
4685 37 216 119
4686 38 27 119
4687 39 228 119
4688 40 136 119
4689 0 228 120
4690 1 128 120
4691 30 132 120
4692 31 163 120
4693 32 83 120
4694 33 164 120
4695 34 196 120
4696 35 17 120
4697 36 107 120
4698 37 219 120
4699 38 248 120
4700 39 70 120
4701 40 30 120
4702 41 220 120
4703 0 216 121
4704 31 223 121
4705 32 126 121
4706 33 17 121
4707 34 258 121
4708 35 30 121
4709 36 203 121
4710 37 113 121
4711 38 189 121
4712 39 261 121
4713 40 196 121
4714 41 69 121
4715 0 174 122
4716 33 19 122
4717 34 135 122
4718 35 239 122
4719 37 129 122
4720 36 129 122
4721 38 81 122
4722 39 80 122
4723 40 179 122
4724 41 13 122
4725 42 196 122
4726 34 199 123
4727 35 181 123
4728 36 18 123
4729 40 67 123
4730 37 171 123
4731 39 196 123
4732 38 129 123
4733 41 223 123
4734 42 46 123
4735 35 248 124
4736 36 134 124
4737 37 150 124
4738 43 196 124
4739 38 199 124
4740 42 67 124
4741 39 226 124
4742 41 196 124
4743 40 196 124
4744 40 196 125
4745 36 215 125
4746 39 67 125
4747 38 134 125
4748 41 172 125
4749 37 129 125
4750 44 165 125
4751 43 67 125
4752 43 67 126
4753 42 196 125
4754 42 196 126
4755 38 116 126
4756 41 67 126
4757 40 67 126
4758 44 99 126
4759 39 196 126
4760 45 177 126
4761 39 205 127
4762 40 24 127
4763 44 98 127
4764 43 196 127
4765 45 129 127
4766 42 67 127
4767 42 67 128
4768 41 196 127
4769 41 196 128
4770 40 196 128
4771 46 98 128
4772 43 49 128
4773 45 165 128
4774 44 165 128
4775 44 165 129
4776 43 67 129
4777 45 86 129
4778 42 196 129
4779 46 180 129
4780 47 98 130
4781 42 171 130
4782 46 165 130
4783 43 205 130
4784 45 98 130
4785 44 98 130
4786 44 98 131
4787 43 196 131
4788 48 214 131
4789 47 165 131
4790 47 165 132
4791 46 98 131
4792 46 98 132
4793 45 165 131
4794 45 165 132
4795 49 49 132
4796 48 49 132
4797 48 49 133
4798 47 98 133
4799 49 131 133
4800 46 165 133
4801 50 49 134
4802 47 127 134
4803 49 214 134
4804 48 214 134
4805 48 214 135
4806 51 49 136
4807 50 214 135
4808 50 214 136
4809 49 49 135
4810 52 49 138
4811 51 214 137
4812 51 214 138
4813 53 156 138
4814 52 214 139
4815 54 156 140
4816 55 14 142
4817 53 45 139
4818 52 233 140
4819 50 129 137
4820 49 220 136
4821 47 212 135
4822 46 17 134
4823 44 152 132
4824 43 189 132
4825 41 213 129
4826 40 71 129
4827 38 32 127
4828 37 77 126
4829 35 232 125
4830 34 98 124
4831 32 211 122
4832 31 53 122
4833 29 114 119
4834 28 187 120
4835 26 169 117
4836 25 25 117
4837 23 48 116
4838 22 247 115
4839 20 85 114
4840 19 147 113
4841 17 156 112
4842 16 211 111
4843 14 105 111
4844 13 35 111
4845 11 76 111
4846 10 150 110
4847 8 213 110
4848 7 71 110
4849 6 256 111
4850 56 14 144
4851 54 45 141
4852 53 248 140
4853 51 129 139
4854 50 220 138
4855 48 157 136
4856 47 17 136
4857 45 111 133
4858 44 37 133
4859 42 213 131
4860 41 192 130
4861 39 247 128
4862 38 77 128
4863 36 147 126
4864 35 98 126
4865 33 52 123
4866 32 105 123
4867 30 114 121
4868 29 225 120
4869 27 169 119
4870 26 119 118
4871 24 239 117
4872 23 247 117
4873 21 89 115
4874 20 147 115
4875 18 156 114
4876 17 211 113
4877 15 79 112
4878 14 228 112
4879 12 38 111
4880 11 150 112
4881 9 25 111
4882 8 192 111
4883 57 7 144
4884 55 45 143
4885 54 248 142
4886 52 129 141
4887 51 220 140
4888 49 106 137
4889 48 123 137
4890 46 111 135
4891 45 226 134
4892 43 213 133
4893 42 192 132
4894 40 247 130
4895 39 93 129
4896 37 116 127
4897 36 214 127
4898 34 52 125
4899 33 158 124
4900 31 114 123
4901 30 225 122
4902 28 169 121
4903 27 119 120
4904 25 24 118
4905 24 8 118
4906 22 174 116
4907 21 58 116
4908 19 78 114
4909 18 211 115
4910 16 171 112
4911 15 149 113
4912 13 244 112
4913 12 75 112
4914 10 144 111
4915 58 7 146
4916 56 45 145
4917 55 248 144
4918 53 196 141
4919 52 220 142
4920 50 106 139
4921 49 140 138
4922 47 111 137
4923 46 226 136
4924 44 25 134
4925 43 192 134
4926 41 16 131
4927 40 93 131
4928 38 116 129
4929 37 49 128
4930 35 52 127
4931 34 158 126
4932 32 206 124
4933 31 225 124
4934 29 216 121
4935 28 119 122
4936 26 251 119
4937 25 255 119
4938 23 174 118
4939 22 205 117
4940 20 78 116
4941 19 237 115
4942 17 171 114
4943 16 206 113
4944 14 19 113
4945 13 94 113
4946 59 7 148
4947 57 154 145
4948 56 248 146
4949 54 196 143
4950 53 110 142
4951 51 106 141
4952 50 140 140
4953 48 76 138
4954 47 226 138
4955 45 238 135
4956 44 167 135
4957 42 16 133
4958 41 170 132
4959 39 205 130
4960 38 49 130
4961 36 237 128
4962 35 158 128
4963 33 57 125
4964 32 19 125
4965 30 216 123
4966 29 191 122
4967 27 251 121
4968 26 4 120
4969 24 176 119
4970 23 205 119
4971 21 224 117
4972 20 237 117
4973 18 171 116
4974 17 206 115
4975 15 122 114
4976 60 7 150
4977 58 154 147
4978 57 124 146
4979 55 196 145
4980 54 110 144
4981 52 106 143
4982 51 140 142
4983 49 187 139
4984 48 150 139
4985 46 238 137
4986 45 96 136
4987 43 16 135
4988 42 170 134
4989 40 205 132
4990 39 107 131
4991 37 26 129
4992 36 184 129
4993 34 57 127
4994 33 244 126
4995 31 216 125
4996 30 191 124
4997 28 251 123
4998 27 4 122
4999 25 87 120
5000 24 29 120
5001 22 39 118
5002 21 13 118
5003 19 217 116
5004 18 206 117
5005 61 256 151
5006 59 154 149
5007 58 124 148
5008 56 196 147
5009 55 110 146
5010 53 53 143
5011 52 140 144
5012 50 187 141
5013 49 113 140
5014 47 238 139
5015 46 96 138
5016 44 255 136
5017 43 170 136
5018 41 58 133
5019 40 107 133
5020 38 26 131
5021 37 79 130
5022 35 57 129
5023 34 244 128
5024 32 155 126
5025 31 191 126
5026 29 257 123
5027 28 4 124
5028 26 88 121
5029 25 234 121
5030 23 39 120
5031 22 250 119
5032 20 217 118
5033 62 135 152
5034 60 154 151
5035 59 124 150
5036 57 98 147
5037 56 110 148
5038 54 53 145
5039 53 70 144
5040 51 187 143
5041 50 113 142
5042 48 144 140
5043 47 96 140
5044 45 8 137
5045 44 178 137
5046 42 58 135
5047 41 156 134
5048 39 250 132
5049 38 79 132
5050 36 103 130
5051 35 244 130
5052 33 108 127
5053 32 36 127
5054 30 257 125
5055 29 2 124
5056 27 88 123
5057 26 146 122
5058 24 112 121
5059 23 250 121
5060 63 135 154
5061 61 109 152
5062 60 124 152
5063 58 98 149
5064 57 55 148
5065 55 53 147
5066 54 70 146
5067 52 187 145
5068 51 113 144
5069 49 119 141
5070 48 215 141
5071 46 8 139
5072 45 85 138
5073 43 58 137
5074 42 156 136
5075 40 250 134
5076 39 92 133
5077 37 160 131
5078 36 141 131
5079 34 108 129
5080 33 227 128
5081 31 257 127
5082 30 2 126
5083 28 88 125
5084 27 146 124
5085 25 151 122
5086 64 135 156
5087 62 77 153
5088 61 139 153
5089 59 98 151
5090 58 55 150
5091 56 53 149
5092 55 70 148
5093 53 225 145
5094 52 113 146
5095 50 119 143
5096 49 48 142
5097 47 8 141
5098 46 85 140
5099 44 234 138
5100 43 156 138
5101 41 13 135
5102 40 92 135
5103 38 160 133
5104 37 122 132
5105 35 108 131
5106 34 227 130
5107 32 3 128
5108 31 2 128
5109 29 44 125
5110 28 146 126
5111 65 128 157
5112 63 77 155
5113 62 62 154
5114 60 98 153
5115 59 55 152
5116 57 158 149
5117 56 70 150
5118 54 225 147
5119 53 188 146
5120 51 119 145
5121 50 48 144
5122 48 259 142
5123 47 85 142
5124 45 29 139
5125 44 185 139
5126 42 13 137
5127 41 171 136
5128 39 183 134
5129 38 122 134
5130 36 209 132
5131 35 227 132
5132 33 260 129
5133 32 262 129
5134 30 44 127
5135 66 199 158
5136 64 77 157
5137 63 62 156
5138 61 165 154
5139 60 55 154
5140 58 158 151
5141 57 35 150
5142 55 225 149
5143 54 188 148
5144 52 119 147
5145 51 48 146
5146 49 4 143
5147 48 89 143
5148 46 29 141
5149 45 78 140
5150 43 13 139
5151 42 171 138
5152 40 183 136
5153 39 202 135
5154 37 54 133
5155 36 18 133
5156 34 260 131
5157 33 1 130
5158 67 199 160
5159 65 186 158
5160 64 62 158
5161 62 49 155
5162 61 208 155
5163 59 158 153
5164 58 35 152
5165 56 225 151
5166 55 188 150
5167 53 191 147
5168 52 48 148
5169 50 4 145
5170 49 174 144
5171 47 29 143
5172 46 78 142
5173 44 125 140
5174 43 171 140
5175 41 80 137
5176 40 202 137
5177 38 54 135
5178 37 245 134
5179 35 260 133
5180 68 199 162
5181 66 170 159
5182 65 201 159
5183 63 49 157
5184 62 159 156
5185 60 158 155
5186 59 35 154
5187 57 244 151
5188 56 188 152
5189 54 191 149
5190 53 24 148
5191 51 4 147
5192 50 174 146
5193 48 117 144
5194 47 78 144
5195 45 138 141
5196 44 46 141
5197 42 80 139
5198 41 61 138
5199 39 236 136
5200 38 245 136
5201 69 64 163
5202 67 170 161
5203 66 31 160
5204 64 49 159
5205 63 159 158
5206 61 105 156
5207 60 35 156
5208 58 244 153
5209 57 94 152
5210 55 191 151
5211 54 24 150
5212 52 4 149
5213 51 174 148
5214 49 146 145
5215 48 224 145
5216 46 138 143
5217 45 217 142
5218 43 80 141
5219 42 61 140
5220 40 236 138
5221 70 64 165
5222 68 170 163
5223 67 31 162
5224 65 214 160
5225 64 159 160
5226 62 79 157
5227 61 228 157
5228 59 244 155
5229 58 94 154
5230 56 191 153
5231 55 24 152
5232 53 2 149
5233 52 174 150
5234 50 146 147
5235 49 39 146
5236 47 138 145
5237 46 217 144
5238 44 223 142
5239 43 61 142
5240 71 231 166
5241 69 93 164
5242 68 31 164
5243 66 156 161
5244 65 104 161
5245 63 79 159
5246 62 149 158
5247 60 244 157
5248 59 94 156
5249 57 227 153
5250 56 24 154
5251 54 2 151
5252 53 87 150
5253 51 146 149
5254 50 39 148
5255 48 194 146
5256 47 217 146
5257 45 40 143
5258 72 231 168
5259 70 93 166
5260 69 232 165
5261 67 156 163
5262 66 211 162
5263 64 79 161
5264 63 149 160
5265 61 19 158
5266 60 94 158
5267 58 227 155
5268 57 12 154
5269 55 2 153
5270 54 87 152
5271 52 146 151
5272 51 39 150
5273 49 69 147
5274 48 23 147
5275 73 32 169
5276 71 85 167
5277 70 232 167
5278 68 156 165
5279 67 211 164
5280 65 184 162
5281 64 149 162
5282 62 122 159
5283 61 169 159
5284 59 227 157
5285 58 12 156
5286 56 2 155
5287 55 87 154
5288 53 73 151
5289 52 39 152
5290 50 69 149
5291 74 32 171
5292 72 85 169
5293 71 147 168
5294 69 107 166
5295 68 211 166
5296 66 171 163
5297 65 114 163
5298 63 122 161
5299 62 47 160
5300 60 227 159
5301 59 12 158
5302 57 1 155
5303 56 87 156
5304 54 73 153
5305 53 151 152
5306 75 247 172
5307 73 178 170
5308 72 147 170
5309 70 107 168
5310 69 52 167
5311 67 171 165
5312 66 206 164
5313 64 122 163
5314 63 47 162
5315 61 36 160
5316 60 12 160
5317 58 1 157
5318 57 175 156
5319 55 73 155
5320 76 247 174
5321 74 178 172
5322 73 116 171
5323 71 78 169
5324 70 52 169
5325 68 171 167
5326 67 206 166
5327 65 141 164
5328 64 47 164
5329 62 245 161
5330 61 251 161
5331 59 1 159
5332 58 175 158
5333 77 16 175
5334 75 174 173
5335 74 116 173
5336 72 78 171
5337 71 237 170
5338 69 92 168
5339 68 206 168
5340 66 61 165
5341 65 216 165
5342 63 245 163
5343 62 6 162
5344 60 1 161
5345 78 16 177
5346 76 174 175
5347 75 205 174
5348 73 185 172
5349 72 237 172
5350 70 92 170
5351 69 57 169
5352 67 61 167
5353 66 155 166
5354 64 245 165
5355 63 6 164
5356 79 16 179
5357 77 89 176
5358 76 205 176
5359 74 185 174
5360 73 26 173
5361 71 217 171
5362 70 57 171
5363 68 61 169
5364 67 155 168
5365 65 18 166
5366 80 255 180
5367 78 89 178
5368 77 58 177
5369 75 39 175
5370 74 26 175
5371 72 217 173
5372 71 103 172
5373 69 202 170
5374 68 155 170
5375 81 8 181
5376 79 89 180
5377 78 58 179
5378 76 39 177
5379 75 250 176
5380 73 46 174
5381 72 103 174
5382 70 202 172
5383 82 8 183
5384 80 87 181
5385 79 58 181
5386 77 224 178
5387 76 250 178
5388 74 46 176
5389 73 160 175
5390 83 8 185
5391 81 176 182
5392 80 234 182
5393 78 224 180
5394 77 13 179
5395 75 240 177
5396 84 259 186
5397 82 176 184
5398 81 29 183
5399 79 224 182
5400 78 13 181
5401 85 4 187
5402 83 176 186
5403 82 29 185
5404 80 151 183
5405 86 4 189
5406 84 175 187
5407 83 29 187
5408 87 4 191
5409 85 88 188
5410 88 4 193
5411 89 109 193
5412 86 33 190
5413 84 203 188
5414 81 175 184
5415 79 206 183
5416 76 116 179
5417 74 152 177
5418 71 129 173
5419 69 33 171
5420 66 182 167
5421 64 88 166
5422 61 94 162
5423 59 116 160
5424 56 163 157
5425 54 129 154
5426 51 179 151
5427 49 182 148
5428 46 224 145
5429 44 47 143
5430 41 104 139
5431 39 50 137
5432 36 102 134
5433 34 179 132
5434 31 18 129
5435 29 224 126
5436 26 215 123
5437 24 208 122
5438 21 256 119
5439 19 145 117
5440 16 138 114
5441 14 144 114
5442 90 109 195
5443 87 33 192
5444 85 60 189
5445 82 175 186
5446 80 160 184
5447 77 147 180
5448 75 187 178
5449 72 129 175
5450 70 33 173
5451 67 182 169
5452 65 175 167
5453 62 216 163
5454 60 116 162
5455 57 213 157
5456 55 129 156
5457 52 179 153
5458 50 182 150
5459 47 224 147
5460 45 216 144
5461 42 104 141
5462 40 50 139
5463 37 161 135
5464 35 179 134
5465 32 254 130
5466 30 224 128
5467 27 215 125
5468 25 55 123
5469 22 7 120
5470 20 145 119
5471 17 138 116
5472 91 109 197
5473 88 33 194
5474 86 60 191
5475 83 175 188
5476 81 103 185
5477 78 147 182
5478 76 187 180
5479 73 134 176
5480 71 115 174
5481 68 182 171
5482 66 44 168
5483 63 216 165
5484 61 147 163
5485 58 213 159
5486 56 129 158
5487 53 221 153
5488 51 182 152
5489 48 151 148
5490 46 216 146
5491 43 104 143
5492 41 213 140
5493 38 161 137
5494 36 42 135
5495 33 9 131
5496 31 224 130
5497 28 215 127
5498 26 104 124
5499 23 7 122
5500 21 59 120
5501 92 109 199
5502 89 148 194
5503 87 60 193
5504 84 44 189
5505 82 103 187
5506 79 147 184
5507 77 76 181
5508 74 134 178
5509 72 115 176
5510 69 81 172
5511 67 44 170
5512 64 216 167
5513 62 58 164
5514 59 213 161
5515 57 196 158
5516 54 221 155
5517 52 182 154
5518 49 112 149
5519 47 216 148
5520 44 211 144
5521 42 213 142
5522 39 51 138
5523 37 221 136
5524 34 9 133
5525 32 151 131
5526 29 239 127
5527 27 104 126
5528 24 128 123
5529 93 186 199
5530 90 148 196
5531 88 60 195
5532 85 219 190
5533 83 103 189
5534 80 58 185
5535 78 76 183
5536 75 196 179
5537 73 148 177
5538 70 81 174
5539 68 44 172
5540 65 47 168
5541 63 58 166
5542 60 213 163
5543 58 196 160
5544 55 221 157
5545 53 91 154
5546 50 112 151
5547 48 155 149
5548 45 52 145
5549 43 213 144
5550 40 51 140
5551 38 221 138
5552 35 9 135
5553 33 112 132
5554 30 239 129
5555 28 104 128
5556 94 186 201
5557 91 148 198
5558 89 30 195
5559 86 219 192
5560 84 80 190
5561 81 205 186
5562 79 76 185
5563 76 196 181
5564 74 148 179
5565 71 91 175
5566 69 219 173
5567 66 108 169
5568 64 58 168
5569 61 50 164
5570 59 196 162
5571 56 221 159
5572 54 91 156
5573 51 112 153
5574 49 108 150
5575 46 52 147
5576 44 25 145
5577 41 212 141
5578 39 21 139
5579 36 127 136
5580 34 112 134
5581 31 239 131
5582 95 186 203
5583 92 148 200
5584 90 30 197
5585 87 219 194
5586 85 183 191
5587 82 205 188
5588 80 225 186
5589 77 67 182
5590 75 189 180
5591 72 91 177
5592 70 219 175
5593 67 108 171
5594 65 205 169
5595 62 238 165
5596 60 196 164
5597 57 242 159
5598 55 91 158
5599 52 112 155
5600 50 108 152
5601 47 52 149
5602 45 238 146
5603 42 212 143
5604 40 21 141
5605 37 136 137
5606 35 112 136
5607 96 186 205
5608 93 74 200
5609 91 30 199
5610 88 219 196
5611 86 183 193
5612 83 205 190
5613 81 38 187
5614 78 67 184
5615 76 189 182
5616 73 172 178
5617 71 22 176
5618 68 108 173
5619 66 29 170
5620 63 238 167
5621 61 67 165
5622 58 242 161
5623 56 91 160
5624 53 56 155
5625 51 108 154
5626 48 237 150
5627 46 238 148
5628 43 212 145
5629 41 242 142
5630 38 136 139
5631 97 77 206
5632 94 74 202
5633 92 30 201
5634 89 241 196
5635 87 183 195
5636 84 29 191
5637 82 38 189
5638 79 67 186
5639 77 74 183
5640 74 172 180
5641 72 22 178
5642 69 155 174
5643 67 29 172
5644 64 238 169
5645 62 98 166
5646 59 242 163
5647 57 177 160
5648 54 56 157
5649 52 108 156
5650 49 26 151
5651 47 238 150
5652 44 157 146
5653 42 242 144
5654 98 93 207
5655 95 74 204
5656 93 15 201
5657 90 241 198
5658 88 183 197
5659 85 234 192
5660 83 38 191
5661 80 98 187
5662 78 74 185
5663 75 177 181
5664 73 241 179
5665 70 155 176
5666 68 29 174
5667 65 25 170
5668 63 98 168
5669 60 242 165
5670 58 177 162
5671 55 56 159
5672 53 54 156
5673 50 26 153
5674 48 144 151
5675 45 106 147
5676 99 93 209
5677 96 74 206
5678 94 15 203
5679 91 241 200
5680 89 223 197
5681 86 234 194
5682 84 244 192
5683 81 165 188
5684 79 74 187
5685 76 177 183
5686 74 241 181
5687 71 54 177
5688 69 234 175
5689 66 119 171
5690 64 98 170
5691 61 21 166
5692 59 177 164
5693 56 56 161
5694 54 54 158
5695 51 26 155
5696 49 119 152
5697 100 93 211
5698 97 189 207
5699 95 15 205
5700 92 241 202
5701 90 223 199
5702 87 234 196
5703 85 19 193
5704 82 165 190
5705 80 226 188
5706 77 86 184
5707 75 11 182
5708 72 54 179
5709 70 234 177
5710 67 119 173
5711 65 165 171
5712 62 121 167
5713 60 177 166
5714 57 28 161
5715 55 54 160
5716 52 26 157
5717 101 170 212
5718 98 37 208
5719 96 15 207
5720 93 252 202
5721 91 223 201
5722 88 234 198
5723 86 19 195
5724 83 165 192
5725 81 37 189
5726 78 86 186
5727 76 11 184
5728 73 209 180
5729 71 146 178
5730 68 119 175
5731 66 49 172
5732 63 121 169
5733 61 86 167
5734 58 28 163
5735 56 54 162
5736 102 178 213
5737 99 37 210
5738 97 248 208
5739 94 252 204
5740 92 223 203
5741 89 117 198
5742 87 19 197
5743 84 49 193
5744 82 37 191
5745 79 86 188
5746 77 252 185
5747 74 209 182
5748 72 146 180
5749 69 144 176
5750 67 49 174
5751 64 121 171
5752 62 220 168
5753 59 28 165
5754 103 178 215
5755 100 37 212
5756 98 139 209
5757 95 252 206
5758 93 243 203
5759 90 117 200
5760 88 19 199
5761 85 214 194
5762 83 37 193
5763 80 220 189
5764 78 252 187
5765 75 27 183
5766 73 117 181
5767 70 144 178
5768 68 49 176
5769 65 142 172
5770 63 220 170
5771 104 178 217
5772 101 226 213
5773 99 139 211
5774 96 252 208
5775 94 243 205
5776 91 117 202
5777 89 141 199
5778 86 214 196
5779 84 113 194
5780 81 43 190
5781 79 252 189
5782 76 27 185
5783 74 117 183
5784 71 191 179
5785 69 214 177
5786 66 192 173
5787 105 85 218
5788 102 150 214
5789 100 139 213
5790 97 11 209
5791 95 243 207
5792 92 117 204
5793 90 141 201
5794 87 214 198
5795 85 150 195
5796 82 43 192
5797 80 137 190
5798 77 236 186
5799 75 73 184
5800 72 191 181
5801 70 214 179
5802 106 85 220
5803 103 150 216
5804 101 124 214
5805 98 126 210
5806 96 243 209
5807 93 190 204
5808 91 141 203
5809 88 214 200
5810 86 150 197
5811 83 43 194
5812 81 126 191
5813 78 236 188
5814 76 73 186
5815 73 72 182
5816 107 89 221
5817 104 150 218
5818 102 201 215
5819 99 126 212
5820 97 20 210
5821 94 190 206
5822 92 141 205
5823 89 107 200
5824 87 150 199
5825 84 110 195
5826 82 126 193
5827 79 236 190
5828 77 190 187
5829 108 89 223
5830 105 113 219
5831 103 201 217
5832 100 126 214
5833 98 253 211
5834 95 190 208
5835 93 202 205
5836 90 107 202
5837 88 150 201
5838 85 153 196
5839 83 126 195
5840 80 145 191
5841 109 174 224
5842 106 113 221
5843 104 201 219
5844 101 137 215
5845 99 253 213
5846 96 190 210
5847 94 202 207
5848 91 107 204
5849 89 75 201
5850 86 153 198
5851 84 200 196
5852 110 174 226
5853 107 75 222
5854 105 62 220
5855 102 63 216
5856 100 253 215
5857 97 73 211
5858 95 202 209
5859 92 107 206
5860 90 75 203
5861 87 153 200
5862 111 176 227
5863 108 75 224
5864 106 62 222
5865 103 63 218
5866 101 10 216
5867 98 95 212
5868 96 202 211
5869 93 185 206
5870 91 75 205
5871 112 176 229
5872 109 188 225
5873 107 232 223
5874 104 63 220
5875 102 258 217
5876 99 95 214
5877 97 61 212
5878 94 185 208
5879 113 87 230
5880 110 188 227
5881 108 232 225
5882 105 200 221
5883 103 258 219
5884 100 95 216
5885 98 101 213
5886 114 87 232
5887 111 169 228
5888 109 31 226
5889 106 200 223
5890 104 258 221
5891 101 168 217
5892 115 87 234
5893 112 169 230
5894 110 31 228
5895 107 163 224
5896 105 5 222
5897 116 88 235
5898 113 94 231
5899 111 116 229
5900 108 163 226
5901 117 175 236
5902 114 94 233
5903 112 116 231
5904 118 175 238
5905 115 94 235
5906 119 175 240
5907 7 232 111
5908 6 179 112
5909 7 16 112
5910 8 55 112
5911 9 152 112
5912 10 16 112
5913 5 90 113
5914 6 187 113
5915 7 62 113
5916 9 78 113
5917 10 66 113
5918 11 132 113
5919 12 154 113
5920 5 57 114
5921 6 100 114
5922 12 166 114
5923 13 225 114
5924 4 145 115
5925 5 136 115
5926 14 132 115
5927 15 2 115
5928 16 200 115
5929 4 128 116
5930 5 15 116
5931 15 59 116
5932 16 29 116
5933 3 5 117
5934 4 70 117
5935 3 45 118
5936 4 246 118
5937 18 96 118
5938 19 193 118
5939 2 213 119
5940 3 42 119
5941 2 77 120
5942 8 232 113
5943 7 179 114
5944 8 16 114
5945 9 55 114
5946 10 152 114
5947 11 16 114
5948 6 90 115
5949 7 187 115
5950 8 62 115
5951 10 78 115
5952 11 66 115
5953 12 132 115
5954 13 154 115
5955 6 57 116
5956 7 100 116
5957 13 166 116
5958 14 225 116
5959 5 145 117
5960 6 136 117
5961 15 132 117
5962 16 2 117
5963 17 200 117
5964 5 128 118
5965 6 15 118
5966 16 59 118
5967 17 29 118
5968 4 5 119
5969 5 70 119
5970 19 93 119
5971 3 140 120
5972 4 31 120
5973 5 14 120
5974 19 262 120
5975 20 257 120
5976 9 232 115
5977 8 179 116
5978 9 16 116
5979 10 55 116
5980 11 152 116
5981 12 16 116
5982 7 90 117
5983 8 187 117
5984 9 62 117
5985 11 78 117
5986 12 66 117
5987 13 132 117
5988 14 154 117
5989 7 57 118
5990 8 100 118
5991 14 166 118
5992 15 225 118
5993 6 145 119
5994 7 136 119
5995 16 132 119
5996 17 2 119
5997 18 200 119
5998 6 128 120
5999 7 15 120
6000 17 59 120
6001 18 29 120
6002 1 10 121
6003 2 62 121
6004 3 2 121
6005 4 192 121
6006 5 18 121
6007 6 137 121
6008 20 198 121
6009 10 232 117
6010 9 179 118
6011 10 16 118
6012 11 55 118
6013 12 152 118
6014 13 16 118
6015 8 90 119
6016 9 187 119
6017 10 62 119
6018 12 78 119
6019 13 66 119
6020 14 132 119
6021 15 154 119
6022 8 57 120
6023 9 100 120
6024 15 166 120
6025 16 225 120
6026 7 145 121
6027 8 136 121
6028 17 132 121
6029 18 2 121
6030 19 200 121
6031 21 241 121
6032 22 205 121
6033 1 21 122
6034 2 5 122
6035 3 188 122
6036 4 251 122
6037 5 215 122
6038 6 177 122
6039 7 91 122
6040 8 5 122
6041 11 232 119
6042 10 179 120
6043 11 16 120
6044 12 55 120
6045 13 152 120
6046 14 16 120
6047 9 90 121
6048 10 187 121
6049 11 62 121
6050 13 78 121
6051 14 66 121
6052 15 132 121
6053 16 154 121
6054 9 57 122
6055 10 100 122
6056 16 166 122
6057 17 225 122
6058 18 20 122
6059 19 84 122
6060 20 128 122
6061 21 94 122
6062 22 223 122
6063 0 245 123
6064 1 73 123
6065 2 140 123
6066 3 9 123
6067 4 151 123
6068 5 36 123
6069 6 220 123
6070 7 7 123
6071 8 186 123
6072 12 232 121
6073 11 179 122
6074 12 16 122
6075 13 55 122
6076 14 152 122
6077 15 16 122
6078 9 71 123
6079 10 26 123
6080 11 115 123
6081 12 161 123
6082 14 101 123
6083 15 206 123
6084 16 10 123
6085 17 92 123
6086 18 90 123
6087 19 184 123
6088 20 138 123
6089 21 165 123
6090 22 131 123
6091 23 48 123
6092 0 138 124
6093 1 7 124
6094 2 16 124
6095 4 38 124
6096 3 149 124
6097 5 40 124
6098 6 57 124
6099 7 205 124
6100 8 241 124
6101 9 31 124
6102 13 232 123
6103 10 189 124
6104 11 235 124
6105 12 193 124
6106 13 103 124
6107 14 245 124
6108 15 191 124
6109 16 231 124
6110 17 47 124
6111 18 168 124
6112 19 235 124
6113 20 52 124
6114 21 232 124
6115 22 106 124
6116 23 167 124
6117 24 170 124
6118 25 23 124
6119 0 15 125
6120 1 78 125
6121 2 96 125
6122 3 186 125
6123 4 153 125
6124 5 211 125
6125 6 149 125
6126 7 29 125
6127 8 139 125
6128 9 160 125
6129 10 95 125
6130 11 202 125
6131 12 108 125
6132 13 29 125
6133 14 93 125
6134 15 206 125
6135 16 12 125
6136 17 215 125
6137 18 131 125
6138 19 205 125
6139 20 172 125
6140 21 182 125
6141 22 260 125
6142 23 112 125
6143 24 19 125
6144 25 94 125
6145 26 78 125
6146 0 33 126
6147 1 41 126
6148 2 156 126
6149 3 221 126
6150 4 117 126
6151 5 239 126
6152 6 186 126
6153 7 27 126
6154 8 43 126
6155 9 181 126
6156 10 225 126
6157 11 203 126
6158 12 96 126
6159 13 148 126
6160 14 37 126
6161 15 199 126
6162 16 39 126
6163 17 146 126
6164 18 154 126
6165 19 162 126
6166 20 82 126
6167 21 13 126
6168 22 247 126
6169 23 74 126
6170 24 1 126
6171 25 67 126
6172 26 20 126
6173 0 216 127
6174 1 21 127
6175 2 168 127
6176 3 136 127
6177 4 180 127
6178 5 124 127
6179 6 230 127
6180 7 31 127
6181 8 4 127
6182 9 129 127
6183 10 121 127
6184 11 224 127
6185 12 26 127
6186 13 162 127
6187 14 192 127
6188 15 35 127
6189 16 249 127
6190 17 133 127
6191 18 27 127
6192 19 22 127
6193 20 165 127
6194 21 71 127
6195 22 168 127
6196 23 188 127
6197 24 34 127
6198 25 144 127
6199 26 160 127
6200 27 56 127
6201 0 80 128
6202 1 154 128
6203 2 191 128
6204 3 12 128
6205 4 183 128
6206 5 17 128
6207 6 17 128
6208 7 15 128
6209 8 188 128
6210 9 88 128
6211 10 83 128
6212 11 183 128
6213 12 9 128
6214 13 250 128
6215 14 190 128
6216 15 121 128
6217 16 28 128
6218 17 86 128
6219 18 140 128
6220 19 59 128
6221 20 115 128
6222 21 235 128
6223 22 165 128
6224 23 223 128
6225 24 219 128
6226 25 158 128
6227 26 247 128
6228 27 218 128
6229 29 13 128
6230 0 260 129
6231 1 238 129
6232 2 235 129
6233 3 79 129
6234 4 117 129
6235 5 168 129
6236 6 222 129
6237 7 134 129
6238 8 28 129
6239 9 177 129
6240 10 58 129
6241 11 166 129
6242 12 86 129
6243 13 135 129
6244 14 185 129
6245 15 239 129
6246 16 98 129
6247 17 197 129
6248 18 191 129
6249 19 10 129
6250 20 169 129
6251 21 94 129
6252 22 75 129
6253 23 114 129
6254 24 11 129
6255 25 119 129
6256 26 85 129
6257 27 4 129
6258 28 83 129
6259 29 201 129
6260 0 18 130
6261 1 108 130
6262 2 10 130
6263 3 114 130
6264 4 81 130
6265 5 136 130
6266 6 46 130
6267 7 94 130
6268 8 43 130
6269 9 222 130
6270 10 52 130
6271 11 119 130
6272 12 52 130
6273 13 145 130
6274 14 226 130
6275 15 199 130
6276 16 81 130
6277 17 35 130
6278 18 193 130
6279 19 229 130
6280 20 115 130
6281 21 11 130
6282 22 18 130
6283 23 225 130
6284 24 257 130
6285 25 79 130
6286 26 194 130
6287 27 77 130
6288 28 26 130
6289 29 80 130
6290 30 182 130
6291 0 216 131
6292 1 219 131
6293 2 95 131
6294 3 65 131
6295 4 227 131
6296 5 32 131
6297 6 253 131
6298 7 187 131
6299 8 112 131
6300 9 200 131
6301 10 155 131
6302 11 114 131
6303 12 129 131
6304 13 216 131
6305 14 138 131
6306 15 76 131
6307 16 100 131
6308 17 174 131
6309 18 216 131
6310 19 125 131
6311 20 210 131
6312 21 141 131
6313 22 62 131
6314 23 239 131
6315 24 70 131
6316 25 76 131
6317 26 257 131
6318 27 55 131
6319 28 103 131
6320 29 244 131
6321 30 15 131
6322 0 247 132
6323 1 228 132
6324 2 247 132
6325 3 36 132
6326 4 189 132
6327 5 187 132
6328 6 163 132
6329 7 121 132
6330 8 236 132
6331 9 144 132
6332 10 232 132
6333 11 159 132
6334 12 108 132
6335 13 27 132
6336 14 73 132
6337 15 113 132
6338 16 201 132
6339 17 49 132
6340 18 88 132
6341 19 33 132
6342 20 157 132
6343 21 63 132
6344 22 31 132
6345 23 177 132
6346 24 212 132
6347 25 37 132
6348 26 236 132
6349 27 176 132
6350 28 251 132
6351 29 50 132
6352 30 93 132
6353 31 120 132
6354 32 106 132
6355 0 101 133
6356 1 197 133
6357 2 165 133
6358 3 66 133
6359 4 221 133
6360 5 74 133
6361 6 105 133
6362 7 222 133
6363 8 172 133
6364 9 172 133
6365 10 74 133
6366 11 103 133
6367 12 135 133
6368 13 248 133
6369 14 64 133
6370 15 225 133
6371 16 192 133
6372 17 118 133
6373 18 251 133
6374 19 248 133
6375 20 171 133
6376 21 48 133
6377 22 243 133
6378 23 81 133
6379 24 161 133
6380 25 207 133
6381 26 194 133
6382 27 82 133
6383 28 103 133
6384 29 9 133
6385 30 154 133
6386 31 184 133
6387 32 190 133
6388 33 251 133
6389 0 76 134
6390 1 247 134
6391 2 6 134
6392 3 240 134
6393 4 20 134
6394 5 40 134
6395 6 163 134
6396 7 38 134
6397 8 82 134
6398 9 238 134
6399 10 80 134
6400 11 55 134
6401 12 91 134
6402 13 260 134
6403 14 149 134
6404 15 202 134
6405 16 188 134
6406 17 8 134
6407 18 228 134
6408 19 108 134
6409 20 30 134
6410 21 5 134
6411 22 191 134
6412 23 258 134
6413 24 197 134
6414 25 147 134
6415 26 251 134
6416 27 237 134
6417 28 143 134
6418 29 209 134
6419 30 152 134
6420 31 149 134
6421 32 190 134
6422 33 249 134
6423 0 60 135
6424 1 49 135
6425 2 137 135
6426 3 215 135
6427 4 138 135
6428 5 13 135
6429 6 18 135
6430 7 75 135
6431 8 32 135
6432 9 100 135
6433 10 206 135
6434 11 155 135
6435 12 11 135
6436 13 186 135
6437 14 15 135
6438 15 242 135
6439 16 63 135
6440 18 125 135
6441 17 121 135
6442 19 15 135
6443 20 39 135
6444 21 80 135
6445 22 161 135
6446 23 252 135
6447 24 115 135
6448 25 169 135
6449 26 235 135
6450 27 140 135
6451 28 57 135
6452 29 124 135
6453 30 80 135
6454 31 229 135
6455 32 236 135
6456 33 104 135
6457 34 125 135
6458 0 117 136
6459 1 197 136
6460 2 72 136
6461 3 77 136
6462 4 147 136
6463 5 132 136
6464 6 73 136
6465 7 208 136
6466 8 195 136
6467 9 181 136
6468 10 109 136
6469 11 132 136
6470 12 257 136
6471 13 97 136
6472 14 85 136
6473 15 181 136
6474 16 111 136
6475 17 131 136
6476 18 8 136
6477 20 12 136
6478 19 133 136
6479 21 165 136
6480 22 25 136
6481 23 42 136
6482 24 70 136
6483 25 6 136
6484 26 92 136
6485 27 174 136
6486 28 232 136
6487 29 14 136
6488 30 255 136
6489 31 203 136
6490 32 82 136
6491 33 158 136
6492 34 131 136
6493 0 235 137
6494 1 80 137
6495 2 244 137
6496 3 31 137
6497 4 218 137
6498 5 180 137
6499 6 70 137
6500 7 113 137
6501 8 260 137
6502 9 196 137
6503 10 20 137
6504 11 106 137
6505 12 123 137
6506 13 97 137
6507 14 237 137
6508 15 185 137
6509 16 32 137
6510 17 16 137
6511 18 220 137
6512 19 151 137
6513 20 135 137
6514 21 189 137
6515 22 215 137
6516 23 113 137
6517 24 15 137
6518 25 142 137
6519 26 84 137
6520 27 20 137
6521 28 162 137
6522 29 161 137
6523 30 108 137
6524 31 183 137
6525 32 31 137
6526 33 25 137
6527 34 9 137
6528 35 42 137
6529 36 104 137
6530 0 111 138
6531 1 54 138
6532 2 213 138
6533 3 208 138
6534 4 90 138
6535 5 209 138
6536 6 194 138
6537 7 135 138
6538 8 114 138
6539 9 138 138
6540 10 117 138
6541 11 75 138
6542 12 130 138
6543 13 147 138
6544 14 118 138
6545 15 122 138
6546 16 1 138
6547 17 245 138
6548 18 253 138
6549 19 18 138
6550 20 44 138
6551 21 207 138
6552 22 216 138
6553 23 82 138
6554 24 94 138
6555 25 50 138
6556 26 247 138
6557 27 208 138
6558 28 207 138
6559 29 262 138
6560 30 188 138
6561 31 192 138
6562 32 7 138
6563 33 106 138
6564 34 16 138
6565 35 212 138
6566 36 22 138
6567 37 148 138
6568 0 119 139
6569 1 3 139
6570 2 160 139
6571 3 109 139
6572 4 167 139
6573 5 130 139
6574 6 170 139
6575 7 173 139
6576 8 27 139
6577 9 135 139
6578 10 43 139
6579 11 145 139
6580 12 238 139
6581 13 177 139
6582 14 105 139
6583 15 94 139
6584 16 13 139
6585 17 216 139
6586 18 142 139
6587 19 201 139
6588 20 119 139
6589 21 54 139
6590 22 2 139
6591 23 89 139
6592 24 150 139
6593 25 147 139
6594 26 36 139
6595 27 73 139
6596 28 227 139
6597 29 92 139
6598 30 65 139
6599 31 178 139
6600 32 78 139
6601 33 253 139
6602 34 253 139
6603 35 141 139
6604 36 98 139
6605 37 118 139
6606 0 65 140
6607 1 207 140
6608 2 238 140
6609 3 152 140
6610 4 126 140
6611 5 166 140
6612 6 217 140
6613 7 55 140
6614 8 224 140
6615 9 125 140
6616 10 253 140
6617 11 88 140
6618 12 140 140
6619 13 52 140
6620 14 224 140
6621 15 59 140
6622 16 51 140
6623 17 17 140
6624 18 33 140
6625 19 194 140
6626 20 188 140
6627 21 75 140
6628 22 174 140
6629 23 177 140
6630 24 222 140
6631 25 22 140
6632 26 157 140
6633 27 80 140
6634 28 37 140
6635 29 187 140
6636 30 138 140
6637 31 20 140
6638 32 187 140
6639 33 262 140
6640 34 66 140
6641 35 16 140
6642 36 82 140
6643 37 175 140
6644 38 219 140
6645 39 119 140
6646 0 239 141
6647 1 170 141
6648 2 49 141
6649 3 143 141
6650 4 60 141
6651 5 20 141
6652 6 33 141
6653 7 49 141
6654 8 151 141
6655 9 133 141
6656 10 116 141
6657 11 214 141
6658 12 87 141
6659 13 109 141
6660 14 25 141
6661 15 158 141
6662 16 185 141
6663 17 165 141
6664 18 51 141
6665 19 209 141
6666 20 158 141
6667 21 6 141
6668 22 43 141
6669 23 18 141
6670 24 111 141
6671 25 125 141
6672 26 27 141
6673 27 64 141
6674 28 158 141
6675 29 103 141
6676 30 221 141
6677 31 221 141
6678 32 210 141
6679 33 163 141
6680 34 68 141
6681 35 85 141
6682 36 228 141
6683 37 186 141
6684 38 139 141
6685 39 94 141
6686 0 174 142
6687 1 30 142
6688 2 209 142
6689 3 96 142
6690 4 90 142
6691 5 174 142
6692 6 212 142
6693 7 6 142
6694 8 4 142
6695 9 59 142
6696 10 143 142
6697 11 180 142
6698 12 166 142
6699 13 101 142
6700 14 128 142
6701 15 152 142
6702 16 99 142
6703 17 33 142
6704 18 14 142
6705 19 185 142
6706 20 83 142
6707 21 207 142
6708 22 120 142
6709 23 14 142
6710 24 61 142
6711 25 141 142
6712 26 184 142
6713 27 83 142
6714 28 11 142
6715 29 197 142
6716 30 250 142
6717 31 249 142
6718 32 79 142
6719 33 226 142
6720 34 78 142
6721 35 11 142
6722 36 5 142
6723 37 141 142
6724 38 10 142
6725 39 236 142
6726 40 215 142
6727 0 3 143
6728 1 252 143
6729 2 40 143
6730 3 33 143
6731 4 101 143
6732 5 180 143
6733 6 15 143
6734 7 149 143
6735 8 186 143
6736 9 150 143
6737 10 74 143
6738 11 37 143
6739 12 79 143
6740 13 157 143
6741 14 59 143
6742 15 19 143
6743 16 216 143
6744 17 237 143
6745 18 210 143
6746 19 41 143
6747 20 194 143
6748 21 90 143
6749 22 115 143
6750 23 86 143
6751 24 99 143
6752 25 172 143
6753 26 42 143
6754 27 39 143
6755 28 181 143
6756 29 146 143
6757 30 48 143
6758 31 237 143
6759 32 226 143
6760 33 219 143
6761 34 224 143
6762 35 208 143
6763 36 175 143
6764 37 71 143
6765 38 100 143
6766 39 131 143
6767 40 251 143
6768 41 153 143
6769 0 129 144
6770 1 80 144
6771 2 178 144
6772 3 121 144
6773 4 75 144
6774 5 44 144
6775 6 93 144
6776 7 38 144
6777 8 128 144
6778 9 164 144
6779 10 37 144
6780 11 105 144
6781 12 221 144
6782 13 142 144
6783 14 126 144
6784 15 100 144
6785 16 33 144
6786 17 2 144
6787 18 3 144
6788 19 32 144
6789 20 78 144
6790 21 189 144
6791 22 259 144
6792 23 227 144
6793 24 125 144
6794 25 7 144
6795 26 37 144
6796 27 40 144
6797 28 163 144
6798 29 25 144
6799 30 143 144
6800 31 135 144
6801 32 175 144
6802 33 159 144
6803 34 191 144
6804 35 122 144
6805 36 176 144
6806 37 3 144
6807 38 31 144
6808 39 117 144
6809 40 18 144
6810 41 138 144
6811 0 92 145
6812 1 251 145
6813 2 136 145
6814 3 168 145
6815 4 168 145
6816 5 207 145
6817 42 46 145
6818 6 63 145
6819 7 230 145
6820 8 202 145
6821 9 178 145
6822 10 213 145
6823 11 193 145
6824 12 45 145
6825 13 75 145
6826 14 203 145
6827 15 236 145
6828 16 173 145
6829 17 189 145
6830 18 91 145
6831 19 52 145
6832 20 253 145
6833 21 76 145
6834 22 151 145
6835 23 5 145
6836 24 245 145
6837 25 10 145
6838 26 23 145
6839 27 14 145
6840 28 87 145
6841 29 55 145
6842 30 105 145
6843 31 262 145
6844 32 1 145
6845 33 108 145
6846 34 205 145
6847 35 218 145
6848 36 194 145
6849 37 211 145
6850 38 141 145
6851 39 3 145
6852 40 41 145
6853 43 217 146
6854 42 240 146
6855 41 143 145
6856 0 79 146
6857 1 177 146
6858 2 96 146
6859 3 165 146
6860 4 167 146
6861 5 35 146
6862 6 182 146
6863 7 8 146
6864 8 201 146
6865 9 258 146
6866 10 95 146
6867 11 176 146
6868 13 137 146
6869 14 146 146
6870 15 203 146
6871 17 206 146
6872 18 52 146
6873 19 253 146
6874 20 172 146
6875 21 34 146
6876 22 125 146
6877 23 194 146
6878 24 181 146
6879 25 201 146
6880 26 217 146
6881 27 31 146
6882 28 165 146
6883 29 189 146
6884 30 262 146
6885 31 107 146
6886 32 228 146
6887 33 54 146
6888 44 103 147
6889 43 23 147
6890 42 143 147
6891 41 60 146
6892 40 60 146
6893 34 87 146
6894 38 45 146
6895 35 107 146
6896 36 217 146
6897 37 178 146
6898 39 47 146
6899 0 145 147
6900 1 156 147
6901 2 188 147
6902 3 18 147
6903 4 127 147
6904 5 165 147
6905 6 184 147
6906 17 56 147
6907 18 163 147
6908 19 142 147
6909 20 24 147
6910 21 34 147
6911 22 137 147
6912 23 120 147
6913 24 127 147
6914 25 7 147
6915 26 187 147
6916 27 155 147
6917 28 8 147
6918 29 37 147
6919 30 109 147
6920 31 176 147
6921 32 186 147
6922 45 80 148
6923 44 80 148
6924 43 120 148
6925 42 60 148
6926 41 233 147
6927 40 233 147
6928 33 32 147
6929 38 109 147
6930 34 172 147
6931 35 44 147
6932 36 79 147
6933 37 158 147
6934 39 93 147
6935 0 128 148
6936 1 252 148
6937 2 138 148
6938 3 158 148
6939 4 32 148
6940 5 49 148
6941 20 90 148
6942 21 226 148
6943 22 260 148
6944 23 95 148
6945 24 5 148
6946 25 26 148
6947 26 62 148
6948 27 66 148
6949 28 45 148
6950 29 106 148
6951 30 152 148
6952 31 198 148
6953 32 248 148
6954 33 243 148
6955 46 183 149
6956 45 223 149
6957 44 223 149
6958 43 203 149
6959 42 233 149
6960 41 15 148
6961 40 15 148
6962 34 73 148
6963 38 77 148
6964 35 2 148
6965 36 80 148
6966 37 109 148
6967 39 54 148
6968 0 42 149
6969 1 187 149
6970 2 73 149
6971 3 119 149
6972 4 130 149
6973 5 1 149
6974 21 81 149
6975 23 251 149
6976 24 187 149
6977 25 83 149
6978 26 85 149
6979 27 83 149
6980 28 25 149
6981 29 28 149
6982 30 258 149
6983 31 180 149
6984 32 97 149
6985 33 173 149
6986 34 178 149
6987 47 183 151
6988 46 40 150
6989 45 20 150
6990 44 20 150
6991 43 30 150
6992 42 15 150
6993 41 124 149
6994 40 124 149
6995 35 14 149
6996 38 93 149
6997 36 206 149
6998 37 33 149
6999 39 126 149
7000 0 39 150
7001 1 3 150
7002 2 110 150
7003 3 209 150
7004 4 238 150
7005 5 10 150
7006 23 242 150
7007 24 201 150
7008 25 162 150
7009 26 4 150
7010 27 98 150
7011 28 184 150
7012 29 174 150
7013 30 254 150
7014 31 169 150
7015 32 220 150
7016 33 126 150
7017 34 85 150
7018 48 202 152
7019 47 40 152
7020 46 243 151
7021 45 253 151
7022 44 253 151
7023 43 248 151
7024 42 124 151
7025 41 201 150
7026 40 201 150
7027 35 62 150
7028 38 85 150
7029 36 112 150
7030 37 144 150
7031 39 84 150
7032 0 142 151
7033 1 139 151
7034 2 218 151
7035 3 69 151
7036 4 183 151
7037 27 77 151
7038 28 139 151
7039 29 231 151
7040 30 79 151
7041 31 143 151
7042 32 257 151
7043 33 133 151
7044 34 192 151
7045 35 3 151
7046 36 109 151
7047 37 66 151
7048 49 162 153
7049 48 162 153
7050 47 243 153
7051 46 10 152
7052 45 5 152
7053 44 5 152
7054 43 139 152
7055 42 201 152
7056 41 31 151
7057 40 31 151
7058 38 185 151
7059 39 195 151
7060 0 137 152
7061 1 49 152
7062 2 166 152
7063 3 65 152
7064 4 4 152
7065 27 15 152
7066 28 106 152
7067 29 145 152
7068 30 116 152
7069 31 136 152
7070 32 131 152
7071 33 19 152
7072 34 118 152
7073 35 116 152
7074 36 178 152
7075 37 236 152
7076 38 8 152
7077 50 101 154
7078 49 182 154
7079 48 182 154
7080 47 10 154
7081 46 258 153
7082 45 129 153
7083 44 129 153
7084 43 62 153
7085 42 31 153
7086 41 116 152
7087 40 116 152
7088 39 24 152
7089 0 37 153
7090 1 120 153
7091 2 121 153
7092 3 245 153
7093 4 258 153
7094 28 257 153
7095 30 178 153
7096 31 14 153
7097 34 1 153
7098 32 174 153
7099 35 121 153
7100 33 262 153
7101 36 156 153
7102 37 26 153
7103 38 7 153
7104 39 21 153
7105 51 101 156
7106 50 81 155
7107 49 172 155
7108 48 172 155
7109 47 258 155
7110 46 134 154
7111 45 67 154
7112 44 67 154
7113 43 232 154
7114 42 116 154
7115 41 205 153
7116 40 205 153
7117 0 123 154
7118 1 249 154
7119 2 7 154
7120 3 241 154
7121 31 16 154
7122 32 187 154
7123 33 81 154
7124 35 67 154
7125 36 21 154
7126 34 131 154
7127 37 166 154
7128 38 130 154
7129 39 181 154
7130 40 217 154
7131 41 112 154
7132 53 239 157
7133 51 81 157
7134 50 91 156
7135 49 177 156
7136 48 177 156
7137 47 134 156
7138 46 196 155
7139 45 98 155
7140 44 98 155
7141 43 147 155
7142 42 205 155
7143 0 26 155
7144 1 40 155
7145 2 178 155
7146 3 131 155
7147 31 204 155
7148 33 260 155
7149 34 121 155
7150 35 157 155
7151 37 88 155
7152 36 88 155
7153 38 220 155
7154 39 229 155
7155 40 32 155
7156 41 170 155
7157 0 115 156
7158 52 15 158
7159 53 39 158
7160 51 91 158
7161 50 86 157
7162 49 43 157
7163 48 43 157
7164 47 196 157
7165 46 165 156
7166 45 214 156
7167 44 214 156
7168 43 58 156
7169 42 29 156
7170 1 41 156
7171 2 151 156
7172 3 66 156
7173 34 251 156
7174 35 6 156
7175 38 44 156
7176 36 146 156
7177 39 53 156
7178 37 219 156
7179 40 190 156
7180 41 7 156
7181 0 246 157
7182 1 74 157
7183 54 27 159
7184 52 200 159
7185 53 230 159
7186 51 86 159
7187 50 220 158
7188 49 110 158
7189 48 110 158
7190 47 165 158
7191 46 49 157
7192 45 156 157
7193 44 156 157
7194 43 234 157
7195 42 117 157
7196 2 183 157
7197 35 92 157
7198 36 84 157
7199 40 146 157
7200 37 185 157
7201 38 241 157
7202 39 117 157
7203 41 104 157
7204 0 191 158
7205 1 238 158
7206 2 203 158
7207 55 27 161
7208 54 118 160
7209 52 180 160
7210 53 89 160
7211 51 220 160
7212 50 153 159
7213 49 208 159
7214 48 208 159
7215 47 49 159
7216 46 107 158
7217 45 185 158
7218 44 185 158
7219 43 146 158
7220 42 73 158
7221 35 53 158
7222 37 84 158
7223 41 190 158
7224 40 190 158
7225 38 50 158
7226 0 77 159
7227 39 73 158
7228 1 33 159
7229 2 164 159
7230 57 4 162
7231 55 118 162
7232 54 204 161
7233 52 4 161
7234 53 248 161
7235 51 153 161
7236 50 55 160
7237 49 159 160
7238 48 159 160
7239 47 107 160
7240 46 78 159
7241 45 39 159
7242 44 39 159
7243 43 190 159
7244 42 95 159
7245 38 37 159
7246 0 107 160
7247 41 168 159
7248 40 168 159
7249 1 210 160
7250 40 73 160
7251 39 95 159
7252 56 129 163
7253 57 125 163
7254 55 204 163
7255 54 161 162
7256 52 222 162
7257 53 190 162
7258 51 55 162
7259 50 104 161
7260 49 52 161
7261 48 52 161
7262 47 78 161
7263 46 224 160
7264 45 112 160
7265 44 112 160
7266 43 168 160
7267 42 84 160
7268 0 224 161
7269 42 168 161
7270 41 179 160
7271 1 184 161
7272 41 95 161
7273 58 127 164
7274 56 142 164
7275 57 137 164
7276 55 161 164
7277 54 51 163
7278 52 6 163
7279 53 11 163
7280 51 104 163
7281 50 211 162
7282 49 237 162
7283 48 237 162
7284 47 224 162
7285 46 151 161
7286 45 207 161
7287 44 207 161
7288 43 179 161
7289 0 56 162
7290 43 95 162
7291 42 179 162
7292 1 46 162
7293 59 127 166
7294 58 68 165
7295 56 233 165
7296 57 29 165
7297 55 51 165
7298 54 106 164
7299 52 2 164
7300 53 73 164
7301 51 211 164
7302 50 26 163
7303 49 13 163
7304 48 13 163
7305 47 151 163
7306 46 56 162
7307 45 28 162
7308 44 28 162
7309 0 14 163
7310 44 56 163
7311 43 84 163
7312 60 136 167
7313 59 68 167
7314 58 229 166
7315 56 87 166
7316 57 134 166
7317 55 106 166
7318 54 210 165
7319 52 164 165
7320 53 253 165
7321 51 26 165
7322 50 250 164
7323 49 125 164
7324 48 125 164
7325 47 56 164
7326 46 235 163
7327 45 249 163
7328 0 135 164
7329 45 235 164
7330 61 195 168
7331 60 195 168
7332 59 229 168
7333 58 17 167
7334 56 226 167
7335 57 56 167
7336 55 210 167
7337 54 158 166
7338 52 253 166
7339 53 189 166
7340 51 250 166
7341 50 138 165
7342 49 69 165
7343 48 69 165
7344 47 235 165
7345 46 14 164
7346 0 231 165
7347 62 198 169
7348 61 34 169
7349 60 34 169
7350 59 17 169
7351 58 123 168
7352 56 262 168
7353 57 42 168
7354 55 158 168
7355 54 184 167
7356 52 252 167
7357 53 208 167
7358 51 138 167
7359 50 194 166
7360 49 97 166
7361 48 97 166
7362 47 14 166
7363 63 198 171
7364 62 164 170
7365 61 246 170
7366 60 246 170
7367 59 123 170
7368 58 70 169
7369 56 175 169
7370 57 207 169
7371 55 184 169
7372 54 171 168
7373 52 233 168
7374 53 205 168
7375 51 194 168
7376 50 166 167
7377 49 83 167
7378 64 65 172
7379 63 164 172
7380 62 181 171
7381 61 140 171
7382 60 140 171
7383 59 70 171
7384 58 228 170
7385 56 148 170
7386 57 177 170
7387 55 171 170
7388 54 46 169
7389 52 172 169
7390 53 6 169
7391 51 166 169
7392 65 99 173
7393 64 99 173
7394 63 181 173
7395 62 41 172
7396 61 193 172
7397 60 193 172
7398 59 228 172
7399 58 149 171
7400 56 177 171
7401 57 100 171
7402 55 46 171
7403 54 240 170
7404 52 198 170
7405 66 230 174
7406 65 82 174
7407 64 82 174
7408 63 41 174
7409 62 111 173
7410 61 35 173
7411 60 35 173
7412 59 149 173
7413 58 57 172
7414 56 221 172
7415 57 53 172
7416 55 240 172
7417 67 33 175
7418 66 148 175
7419 65 222 175
7420 64 222 175
7421 63 111 175
7422 62 76 174
7423 61 114 174
7424 60 114 174
7425 59 57 174
7426 58 103 173
7427 56 5 173
7428 68 33 177
7429 67 115 176
7430 66 189 176
7431 65 152 176
7432 64 152 176
7433 63 76 176
7434 62 225 175
7435 61 206 175
7436 60 206 175
7437 59 103 175
7438 69 115 178
7439 68 115 178
7440 67 74 177
7441 66 37 177
7442 65 187 177
7443 64 187 177
7444 63 225 177
7445 62 19 176
7446 61 160 176
7447 70 115 180
7448 69 74 179
7449 68 74 179
7450 67 226 178
7451 66 113 178
7452 65 38 178
7453 64 38 178
7454 63 19 178
7455 71 126 180
7456 70 74 181
7457 69 226 180
7458 68 226 180
7459 67 150 179
7460 66 75 179
7461 65 244 179
7462 72 126 182
7463 71 200 181
7464 70 226 182
7465 69 150 181
7466 68 150 181
7467 67 188 180
7468 73 200 183
7469 72 200 183
7470 71 163 182
7471 70 150 183
7472 69 188 182
7473 74 63 184
7474 73 163 184
7475 72 163 184
7476 71 50 183
7477 75 242 185
7478 74 100 185
7479 73 50 185
7480 76 242 187
7481 75 142 186
7482 77 142 188
7483 78 177 189
7484 76 212 188
7485 74 105 186
7486 72 206 185
7487 70 223 184
7488 68 91 182
7489 66 51 180
7490 64 210 179
7491 62 57 177
7492 60 80 176
7493 58 172 174
7494 57 119 173
7495 54 53 171
7496 53 168 170
7497 50 183 168
7498 48 81 167
7499 46 220 165
7500 44 106 164
7501 42 79 163
7502 40 103 161
7503 38 243 160
7504 36 177 158
7505 34 55 157
7506 32 105 155
7507 30 46 154
7508 29 218 153
7509 26 5 151
7510 24 196 151
7511 22 107 149
7512 20 39 149
7513 18 207 148
7514 16 90 146
7515 14 199 147
7516 12 247 146
7517 7 55 147
7518 8 3 147
7519 9 258 147
7520 10 48 147
7521 11 68 147
7522 12 254 147
7523 79 177 191
7524 77 157 189
7525 75 228 187
7526 73 160 186
7527 71 162 184
7528 69 86 183
7529 67 212 181
7530 65 158 180
7531 63 57 179
7532 61 223 177
7533 59 172 176
7534 56 56 174
7535 55 53 173
7536 52 163 171
7537 51 183 170
7538 49 91 168
7539 47 220 167
7540 45 210 165
7541 43 184 164
7542 41 80 162
7543 39 81 160
7544 37 43 159
7545 35 55 159
7546 33 79 156
7547 31 46 156
7548 28 122 154
7549 27 5 153
7550 25 98 151
7551 23 107 151
7552 21 250 150
7553 19 166 148
7554 17 90 148
7555 15 154 147
7556 13 93 147
7557 16 233 147
7558 6 31 148
7559 7 218 148
7560 8 55 148
7561 9 41 148
7562 80 204 192
7563 78 106 190
7564 76 228 189
7565 74 103 187
7566 72 162 186
7567 70 86 185
7568 68 212 183
7569 66 35 181
7570 64 206 180
7571 62 101 178
7572 60 91 177
7573 58 51 175
7574 57 170 174
7575 54 57 172
7576 53 49 171
7577 50 172 169
7578 48 102 168
7579 46 53 166
7580 44 114 165
7581 42 80 164
7582 40 81 162
7583 38 43 161
7584 36 106 159
7585 34 79 158
7586 32 103 156
7587 30 243 155
7588 29 127 154
7589 26 55 152
7590 24 52 152
7591 22 125 150
7592 20 166 150
7593 18 173 149
7594 10 68 148
7595 14 85 148
7596 11 249 148
7597 12 127 148
7598 13 232 148
7599 15 103 148
7600 81 102 192
7601 79 106 192
7602 77 149 190
7603 75 141 188
7604 73 182 187
7605 71 204 185
7606 69 157 184
7607 67 228 182
7608 65 160 181
7609 63 101 180
7610 61 86 178
7611 59 51 177
7612 56 167 175
7613 55 57 174
7614 52 181 172
7615 51 172 171
7616 49 212 169
7617 47 53 168
7618 45 206 166
7619 43 183 165
7620 41 91 163
7621 39 102 161
7622 37 210 160
7623 35 79 160
7624 33 80 157
7625 31 243 157
7626 28 77 155
7627 27 55 154
7628 25 26 152
7629 23 125 152
7630 21 120 151
7631 19 248 149
7632 17 201 149
7633 16 90 148
7634 6 207 149
7635 7 77 149
7636 8 153 149
7637 82 102 194
7638 80 140 193
7639 78 114 191
7640 76 141 190
7641 74 81 188
7642 72 204 187
7643 70 157 186
7644 68 228 184
7645 66 122 182
7646 64 162 181
7647 62 59 179
7648 60 212 178
7649 58 35 176
7650 57 124 175
7651 54 101 173
7652 53 212 172
7653 50 51 170
7654 48 70 169
7655 46 57 167
7656 44 202 166
7657 42 91 165
7658 40 102 163
7659 38 210 162
7660 36 114 160
7661 34 80 159
7662 32 81 157
7663 30 43 156
7664 29 86 155
7665 26 79 153
7666 24 46 153
7667 22 60 151
7668 20 248 151
7669 18 62 150
7670 9 18 149
7671 14 146 149
7672 10 215 149
7673 83 102 196
7674 81 70 193
7675 79 114 193
7676 77 61 191
7677 75 236 189
7678 73 161 188
7679 71 140 186
7680 69 149 185
7681 67 141 183
7682 65 182 182
7683 63 59 181
7684 61 157 179
7685 59 35 178
7686 56 33 176
7687 55 101 175
7688 52 101 173
7689 51 51 172
7690 49 228 170
7691 47 57 169
7692 45 162 167
7693 43 172 166
7694 41 212 164
7695 39 70 162
7696 37 206 161
7697 35 80 161
7698 33 91 158
7699 31 43 158
7700 28 92 156
7701 27 79 155
7702 25 23 153
7703 23 60 153
7704 21 5 152
7705 19 98 150
7706 17 107 150
7707 15 224 149
7708 84 229 197
7709 82 70 195
7710 80 225 194
7711 78 202 192
7712 76 236 191
7713 74 102 189
7714 72 140 188
7715 70 149 187
7716 68 141 185
7717 66 27 183
7718 64 204 182
7719 62 123 180
7720 60 228 179
7721 58 122 177
7722 57 42 176
7723 54 59 174
7724 53 50 173
7725 50 35 171
7726 48 244 170
7727 46 101 168
7728 44 118 167
7729 42 212 166
7730 40 70 164
7731 38 206 163
7732 36 202 161
7733 34 91 160
7734 32 102 158
7735 30 210 157
7736 29 201 156
7737 26 80 154
7738 24 243 154
7739 22 134 152
7740 20 98 152
7741 18 156 151
7742 85 246 197
7743 83 70 197
7744 81 244 194
7745 79 202 194
7746 77 145 192
7747 75 229 190
7748 73 193 189
7749 71 225 187
7750 69 61 186
7751 67 236 184
7752 65 161 183
7753 63 123 182
7754 61 149 180
7755 59 122 179
7756 56 29 177
7757 55 59 176
7758 52 248 174
7759 51 35 173
7760 49 141 171
7761 47 101 170
7762 45 204 168
7763 43 51 167
7764 41 228 165
7765 39 244 163
7766 37 162 162
7767 35 91 162
7768 33 212 159
7769 31 210 159
7770 28 254 157
7771 27 80 156
7772 25 253 154
7773 23 134 154
7774 21 55 153
7775 86 246 199
7776 84 152 198
7777 82 244 196
7778 80 108 195
7779 78 118 193
7780 76 229 192
7781 74 70 190
7782 72 225 189
7783 70 61 188
7784 68 236 186
7785 66 34 184
7786 64 140 183
7787 62 38 181
7788 60 141 180
7789 58 27 178
7790 57 122 177
7791 54 123 175
7792 53 170 174
7793 50 122 172
7794 48 54 171
7795 46 59 169
7796 44 246 168
7797 42 228 167
7798 40 244 165
7799 38 162 164
7800 36 118 162
7801 34 212 161
7802 32 70 159
7803 30 206 158
7804 29 65 157
7805 26 91 155
7806 24 43 155
7807 87 246 201
7808 85 76 198
7809 83 244 198
7810 81 54 195
7811 79 118 195
7812 77 17 193
7813 75 152 191
7814 73 19 190
7815 71 108 188
7816 69 145 187
7817 67 229 185
7818 65 193 184
7819 63 38 183
7820 61 61 181
7821 59 27 180
7822 56 225 178
7823 55 123 177
7824 52 85 175
7825 51 122 174
7826 49 236 172
7827 47 59 171
7828 45 140 169
7829 43 35 168
7830 41 141 166
7831 39 54 164
7832 37 204 163
7833 35 212 163
7834 33 228 160
7835 31 206 160
7836 28 185 158
7837 27 91 157
7838 88 17 202
7839 86 76 200
7840 84 94 199
7841 82 54 197
7842 80 136 196
7843 78 246 194
7844 76 152 193
7845 74 244 191
7846 72 108 190
7847 70 145 189
7848 68 229 187
7849 66 111 185
7850 64 225 184
7851 62 155 182
7852 60 236 181
7853 58 34 179
7854 57 232 178
7855 54 38 176
7856 53 57 175
7857 50 27 173
7858 48 68 172
7859 46 123 170
7860 44 76 169
7861 42 141 168
7862 40 54 166
7863 38 204 165
7864 36 246 163
7865 34 228 162
7866 32 244 160
7867 30 162 159
7868 89 222 202
7869 87 76 202
7870 85 47 199
7871 83 54 199
7872 81 68 196
7873 79 246 196
7874 77 187 194
7875 75 94 192
7876 73 209 191
7877 71 136 189
7878 69 17 188
7879 67 152 186
7880 65 19 185
7881 63 155 184
7882 61 145 182
7883 59 34 181
7884 56 135 179
7885 55 38 178
7886 52 245 176
7887 51 27 175
7888 49 229 173
7889 47 123 172
7890 45 225 170
7891 43 122 169
7892 41 236 167
7893 39 68 165
7894 37 140 164
7895 35 228 164
7896 33 141 161
7897 90 222 204
7898 88 187 203
7899 86 47 201
7900 84 245 200
7901 82 68 198
7902 80 181 197
7903 78 76 195
7904 76 94 194
7905 74 54 192
7906 72 136 191
7907 70 17 190
7908 68 152 188
7909 66 169 186
7910 64 108 185
7911 62 127 183
7912 60 229 182
7913 58 111 180
7914 57 73 179
7915 54 155 177
7916 53 146 176
7917 50 34 174
7918 48 222 173
7919 46 38 171
7920 44 47 170
7921 42 236 169
7922 40 68 167
7923 38 140 166
7924 36 76 164
7925 91 222 206
7926 89 75 203
7927 87 47 203
7928 85 254 200
7929 83 68 200
7930 81 222 197
7931 79 76 197
7932 77 216 195
7933 75 245 193
7934 73 195 192
7935 71 181 190
7936 69 187 189
7937 67 94 187
7938 65 209 186
7939 63 127 185
7940 61 17 183
7941 59 111 182
7942 56 139 180
7943 55 155 179
7944 52 90 177
7945 51 34 176
7946 49 152 174
7947 47 38 173
7948 45 108 171
7949 43 27 170
7950 41 229 168
7951 39 222 166
7952 92 41 207
7953 90 75 205
7954 88 216 204
7955 86 254 202
7956 84 65 201
7957 82 222 199
7958 80 150 198
7959 78 47 196
7960 76 245 195
7961 74 68 193
7962 72 181 192
7963 70 187 191
7964 68 94 189
7965 66 18 187
7966 64 136 186
7967 62 82 184
7968 60 152 183
7969 58 169 181
7970 57 97 180
7971 54 127 178
7972 53 260 177
7973 50 111 175
7974 48 75 174
7975 46 155 172
7976 44 254 171
7977 42 229 170
7978 93 226 207
7979 91 75 207
7980 89 36 204
7981 87 254 204
7982 85 164 201
7983 83 222 201
7984 81 75 198
7985 79 47 198
7986 77 9 196
7987 75 65 194
7988 73 41 193
7989 71 150 191
7990 69 216 190
7991 67 245 188
7992 65 195 187
7993 63 82 186
7994 61 187 184
7995 59 169 183
7996 56 58 181
7997 55 127 180
7998 52 228 178
7999 51 111 177
8000 49 94 175
8001 47 155 174
8002 45 136 172
8003 94 226 209
8004 92 188 208
8005 90 36 206
8006 88 9 205
8007 86 164 203
8008 84 189 202
8009 82 75 200
8010 80 72 199
8011 78 254 197
8012 76 65 196
8013 74 222 194
8014 72 150 193
8015 70 216 192
8016 68 245 190
8017 66 198 188
8018 64 181 187
8019 62 113 185
8020 60 94 184
8021 58 18 182
8022 57 139 181
8023 54 82 179
8024 53 152 178
8025 50 169 176
8026 48 36 175
8027 95 37 210
8028 93 119 208
8029 91 36 208
8030 89 133 205
8031 87 164 205
8032 85 226 202
8033 83 75 202
8034 81 36 199
8035 79 254 199
8036 77 99 197
8037 75 189 195
8038 73 188 194
8039 71 72 192
8040 69 9 191
8041 67 65 189
8042 65 41 188
8043 63 113 187
8044 61 216 185
8045 59 18 184
8046 56 224 182
8047 55 82 181
8048 52 113 179
8049 51 169 178
8050 96 37 212
8051 94 119 210
8052 92 227 209
8053 90 133 207
8054 88 99 206
8055 86 226 204
8056 84 238 203
8057 82 36 201
8058 80 3 200
8059 78 164 198
8060 76 189 197
8061 74 75 195
8062 72 72 194
8063 70 9 193
8064 68 65 191
8065 66 74 189
8066 64 150 188
8067 62 191 186
8068 60 245 185
8069 58 198 183
8070 56 82 183
8071 54 113 180
8072 97 113 213
8073 95 144 211
8074 93 257 209
8075 91 133 209
8076 89 148 206
8077 87 226 206
8078 85 119 203
8079 83 36 203
8080 81 133 200
8081 79 164 200
8082 77 37 198
8083 75 238 196
8084 73 227 195
8085 71 3 193
8086 69 99 192
8087 67 189 190
8088 65 188 189
8089 63 191 188
8090 61 9 186
8091 59 198 185
8092 57 74 182
8093 98 50 214
8094 96 144 213
8095 94 257 211
8096 92 130 210
8097 90 148 208
8098 88 37 207
8099 86 119 205
8100 84 251 204
8101 82 133 202
8102 80 33 201
8103 78 226 199
8104 76 238 198
8105 74 36 196
8106 72 3 195
8107 70 99 194
8108 68 189 192
8109 66 25 190
8110 64 72 189
8111 62 260 187
8112 60 65 186
8113 99 213 215
8114 97 191 214
8115 95 6 212
8116 93 197 210
8117 91 148 210
8118 89 50 207
8119 87 119 207
8120 85 257 204
8121 83 133 204
8122 81 148 201
8123 79 226 201
8124 77 144 199
8125 75 251 197
8126 73 130 196
8127 71 33 194
8128 69 37 193
8129 67 238 191
8130 65 227 190
8131 63 260 189
8132 100 213 217
8133 98 24 215
8134 96 6 214
8135 94 197 212
8136 92 115 211
8137 90 50 209
8138 88 144 208
8139 86 257 206
8140 84 131 205
8141 82 148 203
8142 80 100 202
8143 78 119 200
8144 76 251 199
8145 74 133 197
8146 72 33 196
8147 70 37 195
8148 68 238 193
8149 66 12 191
8150 101 25 218
8151 99 239 216
8152 97 260 215
8153 95 66 213
8154 93 63 211
8155 91 50 211
8156 89 24 208
8157 87 257 208
8158 85 197 205
8159 83 148 205
8160 81 50 202
8161 79 119 202
8162 77 6 200
8163 75 131 198
8164 73 115 197
8165 71 100 195
8166 69 144 194
8167 102 96 218
8168 100 239 218
8169 98 1 216
8170 96 66 215
8171 94 63 213
8172 92 213 212
8173 90 24 210
8174 88 6 209
8175 86 197 207
8176 84 126 206
8177 82 50 204
8178 80 48 203
8179 78 257 201
8180 76 131 200
8181 74 148 198
8182 72 100 197
8183 103 96 220
8184 101 12 219
8185 99 262 217
8186 97 230 216
8187 95 200 214
8188 93 167 212
8189 91 24 212
8190 89 1 209
8191 87 197 209
8192 85 63 206
8193 83 50 206
8194 81 24 203
8195 79 257 203
8196 77 66 201
8197 75 126 199
8198 104 96 222
8199 102 4 219
8200 100 262 219
8201 98 11 217
8202 96 200 216
8203 94 167 214
8204 92 239 213
8205 90 1 211
8206 88 66 210
8207 86 63 208
8208 84 71 207
8209 82 24 205
8210 80 2 204
8211 78 197 202
8212 105 215 223
8213 103 4 221
8214 101 132 220
8215 99 252 218
8216 97 163 217
8217 95 96 215
8218 93 259 213
8219 91 1 213
8220 89 11 210
8221 87 63 210
8222 85 167 207
8223 83 24 207
8224 81 1 204
8225 106 48 224
8226 104 4 223
8227 102 44 220
8228 100 252 220
8229 98 121 218
8230 96 96 217
8231 94 259 215
8232 92 262 214
8233 90 11 212
8234 88 200 211
8235 86 167 209
8236 84 255 208
8237 107 247 225
8238 105 261 224
8239 103 44 222
8240 101 137 221
8241 99 142 219
8242 97 215 218
8243 95 4 216
8244 93 219 214
8245 91 11 214
8246 89 121 211
8247 87 167 211
8248 108 247 227
8249 106 2 225
8250 104 44 224
8251 102 221 221
8252 100 142 221
8253 98 16 219
8254 96 4 218
8255 94 219 216
8256 92 252 215
8257 90 121 213
8258 109 255 227
8259 107 87 226
8260 105 241 225
8261 103 221 223
8262 101 192 222
8263 99 247 220
8264 97 261 219
8265 95 44 217
8266 93 42 215
8267 110 255 229
8268 108 87 228
8269 106 22 226
8270 104 221 225
8271 102 64 222
8272 100 247 222
8273 98 176 220
8274 96 44 219
8275 111 178 230
8276 109 175 228
8277 107 168 227
8278 105 21 226
8279 103 64 224
8280 101 8 223
8281 99 87 221
8282 112 178 232
8283 110 175 230
8284 108 168 229
8285 106 242 227
8286 104 64 226
8287 102 178 223
8288 113 89 232
8289 111 117 231
8290 109 84 229
8291 107 7 228
8292 105 231 227
8293 114 89 234
8294 112 117 233
8295 110 84 231
8296 108 7 230
8297 115 89 236
8298 113 190 233
8299 111 235 232
8300 116 205 236
8301 114 190 235
8302 117 29 237
8303 11 7 149
8304 12 20 149
8305 13 89 149
8306 16 49 149
8307 6 114 150
8308 7 79 150
8309 8 217 150
8310 9 94 150
8311 10 107 150
8312 11 86 150
8313 12 151 150
8314 13 159 150
8315 15 160 150
8316 5 92 151
8317 6 103 151
8318 5 261 152
8319 5 261 153
8320 4 205 154
8321 5 136 154
8322 4 1 155
8323 4 1 156
8324 3 35 157
8325 4 124 157
8326 3 131 158
8327 3 131 159
8328 2 111 160
8329 3 178 160
8330 2 66 161
8331 2 66 162
8332 1 209 163
8333 2 135 163
8334 1 230 164
8335 1 230 165
8336 0 92 166
8337 1 156 166
8338 0 148 167
8339 0 148 168
8340 0 148 169
8341 0 148 170
8342 0 148 171
8343 0 148 172
8344 0 148 173
8345 0 148 174
8346 0 148 175
8347 14 214 150
8348 16 213 150
8349 7 77 151
8350 8 111 151
8351 9 5 151
8352 10 262 151
8353 11 256 151
8354 12 149 151
8355 13 46 151
8356 14 201 151
8357 15 146 151
8358 16 51 151
8359 17 141 151
8360 19 63 151
8361 6 10 152
8362 7 163 152
8363 8 218 152
8364 9 206 152
8365 6 241 153
8366 6 241 154
8367 5 63 155
8368 6 175 155
8369 5 11 156
8370 5 11 157
8371 4 166 158
8372 5 17 158
8373 4 126 159
8374 4 126 160
8375 3 147 161
8376 4 54 161
8377 3 200 162
8378 3 200 163
8379 2 206 164
8380 3 69 164
8381 2 163 165
8382 2 163 166
8383 1 86 167
8384 2 156 167
8385 1 50 168
8386 1 50 169
8387 1 50 170
8388 1 50 171
8389 10 210 152
8390 11 105 152
8391 12 236 152
8392 13 1 152
8393 14 251 152
8394 15 113 152
8395 16 244 152
8396 17 121 152
8397 18 202 152
8398 19 227 152
8399 7 76 153
8400 8 80 153
8401 9 106 153
8402 10 27 153
8403 11 159 153
8404 12 59 153
8405 13 194 153
8406 14 112 153
8407 17 226 153
8408 20 47 153
8409 22 243 153
8410 7 21 154
8411 7 21 155
8412 6 251 156
8413 7 146 156
8414 6 121 157
8415 6 121 158
8416 5 206 159
8417 6 243 159
8418 5 71 160
8419 5 71 161
8420 4 60 162
8421 5 202 162
8422 4 96 163
8423 4 96 164
8424 3 20 165
8425 4 20 165
8426 3 215 166
8427 3 215 167
8428 2 228 168
8429 15 176 153
8430 16 127 153
8431 18 244 153
8432 19 233 153
8433 8 2 154
8434 9 179 154
8435 10 134 154
8436 11 71 154
8437 12 260 154
8438 13 101 154
8439 14 32 154
8440 15 237 154
8441 16 176 154
8442 17 119 154
8443 18 110 154
8444 19 70 154
8445 20 122 154
8446 21 245 154
8447 22 112 154
8448 8 238 155
8449 9 102 155
8450 10 191 155
8451 11 130 155
8452 21 183 155
8453 25 52 155
8454 8 231 156
8455 7 3 157
8456 8 83 157
8457 7 16 158
8458 7 16 159
8459 6 226 160
8460 7 224 160
8461 6 255 161
8462 6 255 162
8463 5 102 163
8464 6 253 163
8465 5 4 164
8466 5 4 165
8467 12 241 155
8468 13 168 155
8469 14 173 155
8470 15 180 155
8471 16 107 155
8472 17 249 155
8473 18 151 155
8474 19 23 155
8475 20 15 155
8476 22 176 155
8477 23 248 155
8478 9 99 156
8479 10 238 156
8480 11 256 156
8481 12 189 156
8482 13 104 156
8483 14 248 156
8484 15 113 156
8485 16 16 156
8486 17 17 156
8487 18 121 156
8488 19 170 156
8489 20 90 156
8490 21 1 156
8491 23 71 156
8492 24 73 156
8493 25 34 156
8494 26 178 156
8495 9 174 157
8496 8 203 158
8497 9 37 158
8498 8 176 159
8499 8 176 160
8500 7 34 161
8501 8 208 161
8502 7 175 162
8503 22 82 156
8504 10 242 157
8505 11 229 157
8506 12 67 157
8507 13 30 157
8508 14 59 157
8509 15 35 157
8510 16 206 157
8511 17 88 157
8512 18 78 157
8513 19 42 157
8514 20 198 157
8515 21 176 157
8516 22 71 157
8517 23 165 157
8518 24 221 157
8519 25 190 157
8520 26 142 157
8521 10 257 158
8522 11 127 158
8523 12 255 158
8524 13 134 158
8525 14 245 158
8526 15 28 158
8527 16 111 158
8528 17 89 158
8529 18 239 158
8530 19 59 158
8531 26 211 158
8532 27 190 158
8533 29 191 158
8534 9 225 159
8535 10 13 159
8536 28 130 159
8537 20 157 158
8538 21 252 158
8539 22 154 158
8540 23 12 158
8541 24 8 158
8542 25 120 158
8543 11 178 159
8544 12 129 159
8545 13 86 159
8546 14 111 159
8547 15 185 159
8548 16 139 159
8549 17 196 159
8550 18 97 159
8551 19 259 159
8552 20 255 159
8553 21 25 159
8554 22 7 159
8555 23 219 159
8556 24 112 159
8557 25 217 159
8558 26 230 159
8559 27 254 159
8560 29 79 159
8561 9 160 160
8562 10 98 160
8563 11 111 160
8564 12 243 160
8565 13 17 160
8566 14 188 160
8567 15 225 160
8568 16 165 160
8569 17 150 160
8570 18 52 160
8571 19 182 160
8572 20 106 160
8573 21 135 160
8574 22 36 160
8575 23 203 160
8576 24 13 160
8577 25 239 160
8578 26 69 160
8579 27 128 160
8580 28 174 160
8581 29 27 160
8582 30 181 160
8583 9 109 161
8584 10 132 161
8585 11 26 161
8586 12 115 161
8587 13 201 161
8588 14 95 161
8589 15 261 161
8590 16 139 161
8591 17 128 161
8592 18 100 161
8593 19 6 161
8594 20 152 161
8595 21 67 161
8596 22 67 161
8597 23 232 161
8598 24 257 161
8599 25 3 161
8600 26 226 161
8601 27 214 161
8602 28 81 161
8603 29 106 161
8604 30 25 161
8605 31 200 161
8606 32 193 161
8607 8 107 162
8608 9 148 162
8609 10 206 162
8610 11 184 162
8611 12 30 162
8612 13 190 162
8613 14 70 162
8614 15 200 162
8615 16 227 162
8616 17 38 162
8617 18 128 162
8618 19 226 162
8619 20 119 162
8620 21 70 162
8621 22 130 162
8622 23 109 162
8623 24 114 162
8624 25 251 162
8625 26 167 162
8626 27 136 162
8627 28 90 162
8628 29 192 162
8629 30 237 162
8630 31 192 162
8631 32 39 162
8632 33 80 162
8633 7 229 163
8634 8 64 163
8635 9 80 163
8636 10 177 163
8637 12 255 163
8638 11 253 163
8639 13 150 163
8640 14 90 163
8641 15 184 163
8642 16 223 163
8643 17 156 163
8644 18 189 163
8645 19 239 163
8646 20 66 163
8647 21 148 163
8648 22 28 163
8649 23 71 163
8650 24 164 163
8651 25 43 163
8652 26 69 163
8653 27 244 163
8654 28 220 163
8655 29 184 163
8656 30 20 163
8657 31 120 163
8658 32 146 163
8659 33 133 163
8660 34 103 163
8661 6 205 164
8662 7 34 164
8663 8 138 164
8664 9 174 164
8665 10 174 164
8666 11 219 164
8667 12 106 164
8668 13 45 164
8669 14 178 164
8670 15 260 164
8671 16 138 164
8672 17 178 164
8673 18 262 164
8674 19 238 164
8675 20 250 164
8676 21 237 164
8677 22 236 164
8678 23 145 164
8679 24 147 164
8680 25 154 164
8681 26 189 164
8682 28 119 164
8683 27 118 164
8684 29 235 164
8685 30 163 164
8686 31 181 164
8687 32 10 164
8688 33 38 164
8689 34 127 164
8690 6 28 165
8691 7 108 165
8692 8 6 165
8693 9 259 165
8694 10 76 165
8695 11 41 165
8696 12 151 165
8697 13 9 165
8698 14 242 165
8699 15 207 165
8700 16 152 165
8701 17 253 165
8702 18 170 165
8703 19 247 165
8704 20 147 165
8705 21 216 165
8706 22 126 165
8707 23 169 165
8708 24 93 165
8709 25 118 165
8710 26 214 165
8711 27 37 165
8712 28 252 165
8713 29 41 165
8714 30 155 165
8715 31 222 165
8716 32 127 165
8717 33 10 165
8718 34 182 165
8719 35 77 165
8720 36 228 165
8721 37 92 165
8722 4 184 166
8723 5 204 166
8724 6 88 166
8725 7 34 166
8726 8 17 166
8727 9 71 166
8728 10 129 166
8729 11 78 166
8730 12 250 166
8731 13 225 166
8732 14 126 166
8733 15 72 166
8734 16 52 166
8735 17 201 166
8736 18 11 166
8737 19 103 166
8738 20 211 166
8739 21 241 166
8740 22 191 166
8741 23 163 166
8742 24 51 166
8743 25 60 166
8744 26 20 166
8745 27 123 166
8746 28 34 166
8747 29 34 166
8748 30 175 166
8749 31 63 166
8750 32 133 166
8751 33 60 166
8752 34 76 166
8753 35 90 166
8754 36 219 166
8755 37 15 166
8756 4 155 167
8757 5 126 167
8758 6 61 167
8759 7 26 167
8760 8 226 167
8761 9 232 167
8762 10 213 167
8763 11 163 167
8764 12 224 167
8765 13 177 167
8766 14 192 167
8767 15 142 167
8768 16 101 167
8769 17 145 167
8770 18 208 167
8771 19 63 167
8772 20 232 167
8773 21 234 167
8774 22 214 167
8775 23 151 167
8776 24 12 167
8777 25 38 167
8778 26 44 167
8779 27 93 167
8780 28 58 167
8781 29 200 167
8782 30 59 167
8783 31 224 167
8784 32 260 167
8785 33 168 167
8786 34 8 167
8787 35 79 167
8788 36 100 167
8789 37 73 167
8790 38 237 167
8791 39 121 167
8792 3 105 168
8793 4 54 168
8794 5 239 168
8795 6 170 168
8796 7 43 168
8797 8 239 168
8798 9 141 168
8799 10 41 168
8800 11 33 168
8801 12 80 168
8802 13 84 168
8803 14 163 168
8804 15 1 168
8805 16 111 168
8806 17 240 168
8807 18 26 168
8808 19 93 168
8809 20 258 168
8810 21 75 168
8811 22 104 168
8812 23 216 168
8813 24 106 168
8814 25 186 168
8815 26 183 168
8816 27 4 168
8817 28 122 168
8818 30 144 168
8819 29 137 168
8820 31 251 168
8821 32 175 168
8822 33 140 168
8823 34 62 168
8824 35 51 168
8825 36 236 168
8826 37 122 168
8827 38 88 168
8828 39 260 168
8829 40 200 168
8830 2 214 169
8831 3 253 169
8832 4 160 169
8833 5 75 169
8834 6 13 169
8835 7 250 169
8836 8 252 169
8837 9 55 169
8838 10 46 169
8839 11 130 169
8840 12 123 169
8841 13 89 169
8842 14 115 169
8843 15 108 169
8844 16 239 169
8845 17 150 169
8846 18 30 169
8847 19 199 169
8848 20 126 169
8849 21 151 169
8850 22 118 169
8851 23 132 169
8852 24 249 169
8853 25 235 169
8854 26 108 169
8855 27 43 169
8856 28 195 169
8857 29 55 169
8858 30 64 169
8859 31 63 169
8860 32 128 169
8861 33 203 169
8862 34 214 169
8863 35 9 169
8864 36 47 169
8865 37 245 169
8866 38 55 169
8867 39 258 169
8868 40 171 169
8869 41 57 169
8870 2 167 170
8871 3 91 170
8872 4 57 170
8873 5 163 170
8874 6 77 170
8875 7 215 170
8876 8 233 170
8877 9 135 170
8878 10 253 170
8879 11 48 170
8880 12 192 170
8881 13 57 170
8882 14 108 170
8883 15 61 170
8884 16 199 170
8885 17 225 170
8886 18 170 170
8887 19 94 170
8888 20 84 170
8889 21 116 170
8890 22 158 170
8891 23 63 170
8892 24 148 170
8893 25 134 170
8894 26 29 170
8895 27 47 170
8896 28 29 170
8897 29 118 170
8898 30 51 170
8899 31 102 170
8900 32 204 170
8901 33 54 170
8902 34 2 170
8903 35 102 170
8904 36 53 170
8905 37 165 170
8906 38 23 170
8907 39 184 170
8908 40 254 170
8909 41 243 170
8910 2 82 171
8911 3 205 171
8912 4 159 171
8913 5 48 171
8914 6 183 171
8915 7 158 171
8916 8 225 171
8917 9 173 171
8918 10 222 171
8919 11 34 171
8920 12 233 171
8921 13 125 171
8922 14 144 171
8923 15 224 171
8924 16 31 171
8925 17 42 171
8926 18 102 171
8927 19 262 171
8928 20 155 171
8929 21 234 171
8930 22 114 171
8931 23 141 171
8932 24 175 171
8933 25 18 171
8934 26 124 171
8935 27 147 171
8936 28 26 171
8937 29 221 171
8938 30 164 171
8939 31 107 171
8940 32 250 171
8941 33 159 171
8942 34 11 171
8943 35 194 171
8944 36 29 171
8945 37 127 171
8946 38 26 171
8947 39 160 171
8948 40 167 171
8949 41 252 171
8950 42 50 171
8951 43 118 171
8952 1 114 172
8953 2 79 172
8954 3 88 172
8955 4 185 172
8956 5 224 172
8957 6 66 172
8958 7 73 172
8959 8 167 172
8960 9 99 172
8961 10 120 172
8962 11 89 172
8963 12 54 172
8964 13 9 172
8965 14 75 172
8966 15 172 172
8967 16 10 172
8968 17 156 172
8969 18 215 172
8970 19 209 172
8971 20 239 172
8972 21 98 172
8973 22 102 172
8974 23 55 172
8975 24 37 172
8976 25 70 172
8977 26 34 172
8978 27 19 172
8979 28 45 172
8980 29 71 172
8981 30 218 172
8982 31 98 172
8983 32 91 172
8984 33 94 172
8985 34 10 172
8986 35 223 172
8987 36 56 172
8988 37 191 172
8989 38 167 172
8990 39 36 172
8991 40 247 172
8992 41 211 172
8993 42 240 172
8994 43 188 172
8995 44 159 172
8996 1 196 173
8997 2 106 173
8998 3 174 173
8999 4 80 173
9000 5 134 173
9001 6 46 173
9002 7 199 173
9003 8 6 173
9004 9 81 173
9005 10 196 173
9006 11 180 173
9007 12 206 173
9008 13 179 173
9009 14 132 173
9010 15 173 173
9011 16 6 173
9012 17 220 173
9013 18 167 173
9014 19 118 173
9015 20 3 173
9016 21 230 173
9017 22 33 173
9018 23 9 173
9019 24 7 173
9020 25 169 173
9021 26 76 173
9022 27 169 173
9023 28 210 173
9024 29 14 173
9025 30 223 173
9026 31 254 173
9027 32 179 173
9028 33 229 173
9029 34 30 173
9030 35 167 173
9031 36 244 173
9032 37 111 173
9033 38 171 173
9034 39 60 173
9035 40 246 173
9036 41 8 173
9037 42 121 173
9038 43 127 173
9039 44 202 173
9040 45 241 173
9041 46 210 173
9042 1 258 174
9043 2 188 174
9044 3 129 174
9045 4 36 174
9046 5 75 174
9047 6 222 174
9048 7 132 174
9049 8 10 174
9050 9 100 174
9051 10 83 174
9052 11 221 174
9053 12 4 174
9054 13 217 174
9055 14 15 174
9056 15 171 174
9057 16 159 174
9058 17 181 174
9059 18 65 174
9060 19 130 174
9061 20 196 174
9062 21 175 174
9063 22 157 174
9064 23 176 174
9065 24 126 174
9066 25 139 174
9067 26 203 174
9068 27 69 174
9069 28 227 174
9070 29 44 174
9071 30 189 174
9072 31 6 174
9073 32 101 174
9074 33 30 174
9075 34 94 174
9076 35 208 174
9077 36 215 174
9078 37 94 174
9079 38 198 174
9080 39 249 174
9081 40 164 174
9082 41 80 174
9083 42 49 174
9084 43 139 174
9085 44 12 174
9086 45 72 174
9087 46 61 174
9088 1 200 175
9089 2 206 175
9090 3 83 175
9091 4 191 175
9092 5 178 175
9093 6 38 175
9094 7 213 175
9095 8 215 175
9096 9 163 175
9097 10 187 175
9098 11 248 175
9099 12 71 175
9100 13 257 175
9101 14 177 175
9102 15 176 175
9103 16 212 175
9104 17 161 175
9105 18 216 175
9106 19 66 175
9107 20 50 175
9108 21 12 175
9109 22 105 175
9110 23 210 175
9111 24 21 175
9112 25 35 175
9113 26 198 175
9114 27 118 175
9115 28 115 175
9116 29 161 175
9117 30 242 175
9118 31 4 175
9119 32 220 175
9120 33 143 175
9121 34 190 175
9122 35 144 175
9123 36 131 175
9124 37 84 175
9125 38 128 175
9126 39 54 175
9127 40 211 175
9128 41 39 175
9129 42 219 175
9130 43 197 175
9131 44 39 175
9132 45 141 175
9133 46 195 175
9134 47 135 175
9135 0 102 176
9136 1 166 176
9137 2 127 176
9138 4 210 176
9139 3 38 176
9140 5 31 176
9141 6 174 176
9142 7 58 176
9143 8 179 176
9144 9 109 176
9145 10 240 176
9146 11 134 176
9147 12 105 176
9148 13 59 176
9149 14 110 176
9150 15 25 176
9151 16 258 176
9152 17 146 176
9153 18 230 176
9154 19 253 176
9155 20 217 176
9156 21 216 176
9157 22 108 176
9158 23 202 176
9159 24 240 176
9160 25 98 176
9161 26 102 176
9162 27 17 176
9163 28 261 176
9164 29 232 176
9165 30 171 176
9166 31 104 176
9167 32 64 176
9168 33 18 176
9169 34 105 176
9170 35 90 176
9171 36 29 176
9172 37 206 176
9173 38 171 176
9174 39 202 176
9175 40 25 176
9176 41 197 176
9177 42 93 176
9178 43 180 176
9179 44 207 176
9180 45 165 176
9181 46 112 176
9182 47 209 176
9183 48 67 176
9184 49 175 176
9185 0 119 177
9186 1 50 177
9187 2 86 177
9188 3 106 177
9189 4 189 177
9190 5 216 177
9191 6 177 177
9192 7 237 177
9193 8 224 177
9194 9 249 177
9195 10 68 177
9196 11 131 177
9197 12 94 177
9198 13 107 177
9199 14 123 177
9200 15 141 177
9201 16 35 177
9202 17 247 177
9203 18 163 177
9204 19 165 177
9205 20 240 177
9206 21 252 177
9207 22 195 177
9208 23 69 177
9209 24 109 177
9210 25 99 177
9211 26 214 177
9212 27 109 177
9213 28 232 177
9214 29 84 177
9215 30 200 177
9216 31 136 177
9217 32 134 177
9218 33 25 177
9219 34 231 177
9220 35 14 177
9221 36 71 177
9222 37 227 177
9223 38 249 177
9224 39 74 177
9225 40 154 177
9226 41 194 177
9227 42 240 177
9228 43 149 177
9229 44 40 177
9230 45 247 177
9231 46 134 177
9232 47 62 177
9233 48 213 177
9234 49 242 177
9235 50 165 177
9236 0 51 178
9237 1 31 178
9238 2 120 178
9239 3 252 178
9240 4 47 178
9241 5 108 178
9242 6 178 178
9243 7 258 178
9244 8 177 178
9245 9 249 178
9246 10 67 178
9247 11 167 178
9248 12 209 178
9249 13 38 178
9250 14 147 178
9251 15 225 178
9252 16 157 178
9253 17 121 178
9254 18 78 178
9255 19 208 178
9256 20 252 178
9257 21 223 178
9258 22 107 178
9259 23 248 178
9260 24 8 178
9261 25 187 178
9262 26 165 178
9263 27 165 178
9264 28 4 178
9265 29 157 178
9266 30 197 178
9267 31 211 178
9268 32 176 178
9269 33 202 178
9270 34 84 178
9271 35 134 178
9272 36 199 178
9273 37 201 178
9274 38 205 178
9275 39 99 178
9276 40 9 178
9277 41 224 178
9278 42 51 178
9279 43 59 178
9280 44 65 178
9281 45 180 178
9282 46 94 178
9283 47 176 178
9284 48 240 178
9285 49 128 178
9286 50 209 178
9287 0 175 179
9288 1 149 179
9289 2 45 179
9290 3 67 179
9291 4 32 179
9292 5 224 179
9293 6 16 179
9294 7 194 179
9295 8 59 179
9296 9 185 179
9297 10 213 179
9298 11 171 179
9299 12 91 179
9300 13 235 179
9301 14 140 179
9302 15 180 179
9303 16 108 179
9304 17 58 179
9305 18 100 179
9306 19 138 179
9307 20 91 179
9308 21 91 179
9309 22 116 179
9310 23 189 179
9311 24 71 179
9312 25 130 179
9313 26 198 179
9314 27 41 179
9315 28 32 179
9316 29 143 179
9317 30 95 179
9318 31 138 179
9319 32 206 179
9320 33 232 179
9321 34 150 179
9322 35 193 179
9323 36 101 179
9324 37 69 179
9325 38 139 179
9326 39 88 179
9327 40 75 179
9328 41 33 179
9329 42 255 179
9330 43 99 179
9331 44 68 179
9332 45 186 179
9333 46 9 179
9334 47 104 179
9335 48 109 179
9336 49 172 179
9337 50 11 179
9338 51 181 179
9339 53 54 179
9340 0 31 180
9341 1 43 180
9342 2 45 180
9343 3 130 180
9344 4 178 180
9345 5 210 180
9346 6 162 180
9347 7 237 180
9348 8 13 180
9349 9 177 180
9350 10 87 180
9351 11 134 180
9352 12 61 180
9353 13 33 180
9354 14 112 180
9355 15 25 180
9356 16 82 180
9357 17 243 180
9358 18 209 180
9359 19 148 180
9360 20 234 180
9361 21 84 180
9362 22 75 180
9363 23 165 180
9364 24 220 180
9365 25 201 180
9366 26 224 180
9367 27 149 180
9368 28 243 180
9369 29 8 180
9370 30 71 180
9371 31 109 180
9372 32 44 180
9373 33 240 180
9374 34 118 180
9375 35 104 180
9376 36 160 180
9377 37 260 180
9378 38 137 180
9379 39 130 180
9380 40 65 180
9381 41 123 180
9382 42 158 180
9383 43 206 180
9384 44 1 180
9385 45 190 180
9386 46 175 180
9387 47 173 180
9388 48 184 180
9389 49 251 180
9390 50 259 180
9391 51 197 180
9392 52 58 180
9393 53 14 180
9394 0 136 181
9395 1 151 181
9396 2 8 181
9397 3 40 181
9398 4 78 181
9399 5 57 181
9400 6 126 181
9401 7 203 181
9402 8 251 181
9403 9 126 181
9404 10 140 181
9405 11 146 181
9406 12 98 181
9407 13 169 181
9408 14 21 181
9409 15 163 181
9410 16 44 181
9411 17 22 181
9412 18 93 181
9413 19 66 181
9414 20 254 181
9415 21 139 181
9416 22 183 181
9417 23 214 181
9418 24 118 181
9419 25 123 181
9420 26 121 181
9421 27 35 181
9422 28 194 181
9423 29 91 181
9424 30 32 181
9425 31 45 181
9426 32 150 181
9427 33 139 181
9428 34 141 181
9429 35 28 181
9430 36 25 181
9431 37 193 181
9432 38 160 181
9433 39 52 181
9434 40 84 181
9435 41 213 181
9436 42 201 181
9437 43 120 181
9438 44 5 181
9439 45 37 181
9440 46 131 181
9441 47 104 181
9442 48 48 181
9443 50 117 181
9444 49 248 181
9445 51 145 181
9446 52 33 181
9447 53 69 181
9448 54 88 181
9449 0 134 182
9450 1 259 182
9451 2 254 182
9452 3 154 182
9453 4 157 182
9454 5 44 182
9455 6 199 182
9456 7 188 182
9457 8 21 182
9458 9 90 182
9459 10 143 182
9460 11 213 182
9461 12 153 182
9462 13 50 182
9463 14 211 182
9464 15 107 182
9465 16 67 182
9466 17 168 182
9467 18 140 182
9468 19 99 182
9469 20 137 182
9470 21 240 182
9471 22 218 182
9472 23 239 182
9473 24 255 182
9474 25 128 182
9475 26 170 182
9476 27 99 182
9477 28 67 182
9478 29 111 182
9479 30 42 182
9480 31 19 182
9481 32 32 182
9482 33 30 182
9483 34 259 182
9484 35 262 182
9485 36 42 182
9486 37 156 182
9487 38 53 182
9488 39 130 182
9489 40 147 182
9490 41 22 182
9491 42 21 182
9492 43 52 182
9493 44 201 182
9494 45 38 182
9495 46 24 182
9496 47 96 182
9497 48 8 182
9498 49 38 182
9499 50 136 182
9500 51 148 182
9501 52 119 182
9502 53 114 182
9503 54 14 182
9504 55 118 182
9505 0 179 183
9506 1 5 183
9507 2 115 183
9508 3 136 183
9509 4 173 183
9510 5 114 183
9511 6 15 183
9512 7 51 183
9513 8 138 183
9514 9 143 183
9515 10 133 183
9516 11 92 183
9517 12 163 183
9518 13 85 183
9519 14 46 183
9520 15 145 183
9521 16 120 183
9522 17 184 183
9523 18 150 183
9524 19 24 183
9525 20 161 183
9526 21 6 183
9527 22 102 183
9528 23 85 183
9529 24 215 183
9530 25 230 183
9531 26 25 183
9532 27 60 183
9533 28 223 183
9534 29 108 183
9535 30 49 183
9536 31 215 183
9537 32 123 183
9538 33 150 183
9539 34 182 183
9540 35 53 183
9541 36 56 183
9542 37 80 183
9543 38 99 183
9544 39 26 183
9545 40 249 183
9546 41 137 183
9547 42 103 183
9548 43 116 183
9549 44 81 183
9550 45 88 183
9551 46 180 183
9552 47 172 183
9553 48 260 183
9554 49 186 183
9555 50 159 183
9556 51 175 183
9557 52 206 183
9558 53 116 183
9559 54 177 183
9560 55 144 183
9561 57 20 183
9562 0 160 184
9563 1 160 184
9564 2 53 184
9565 3 156 184
9566 4 54 184
9567 5 91 184
9568 6 76 184
9569 7 39 184
9570 8 51 184
9571 9 160 184
9572 10 109 184
9573 11 146 184
9574 12 39 184
9575 13 98 184
9576 14 148 184
9577 15 182 184
9578 16 159 184
9579 17 178 184
9580 18 195 184
9581 19 159 184
9582 20 75 184
9583 21 180 184
9584 22 205 184
9585 23 232 184
9586 24 84 184
9587 25 137 184
9588 26 249 184
9589 27 199 184
9590 28 170 184
9591 29 66 184
9592 30 112 184
9593 31 72 184
9594 32 114 184
9595 33 114 184
9596 34 168 184
9597 35 95 184
9598 36 143 184
9599 37 176 184
9600 38 241 184
9601 39 226 184
9602 40 221 184
9603 41 20 184
9604 42 196 184
9605 43 21 184
9606 44 195 184
9607 45 71 184
9608 46 227 184
9609 47 132 184
9610 48 49 184
9611 49 192 184
9612 50 201 184
9613 51 2 184
9614 52 182 184
9615 53 215 184
9616 54 217 184
9617 55 214 184
9618 56 218 184
9619 57 232 184
9620 58 231 184
9621 0 190 185
9622 1 232 185
9623 2 84 185
9624 3 134 185
9625 4 17 185
9626 5 236 185
9627 6 183 185
9628 7 184 185
9629 8 9 185
9630 9 176 185
9631 10 135 185
9632 11 130 185
9633 12 262 185
9634 13 2 185
9635 14 94 185
9636 15 64 185
9637 16 127 185
9638 17 122 185
9639 18 22 185
9640 19 197 185
9641 20 39 185
9642 21 197 185
9643 22 213 185
9644 23 9 185
9645 24 59 185
9646 25 88 185
9647 26 124 185
9648 27 163 185
9649 28 185 185
9650 29 261 185
9651 30 156 185
9652 31 182 185
9653 32 212 185
9654 33 165 185
9655 34 34 185
9656 35 7 185
9657 36 148 185
9658 37 108 185
9659 38 101 185
9660 39 227 185
9661 40 184 185
9662 41 176 185
9663 42 109 185
9664 43 95 185
9665 44 46 185
9666 45 197 185
9667 46 19 185
9668 47 3 185
9669 48 67 185
9670 49 195 185
9671 50 36 185
9672 51 176 185
9673 52 199 185
9674 53 192 185
9675 54 163 185
9676 55 192 185
9677 56 109 185
9678 57 101 185
9679 58 108 185
9680 0 76 186
9681 1 189 186
9682 2 86 186
9683 3 9 186
9684 4 3 186
9685 5 3 186
9686 6 77 186
9687 7 205 186
9688 8 23 186
9689 9 190 186
9690 10 209 186
9691 11 254 186
9692 12 223 186
9693 13 244 186
9694 14 43 186
9695 15 170 186
9696 16 113 186
9697 17 103 186
9698 18 249 186
9699 19 35 186
9700 20 227 186
9701 21 128 186
9702 22 62 186
9703 23 220 186
9704 24 102 186
9705 25 203 186
9706 26 44 186
9707 27 90 186
9708 28 92 186
9709 29 94 186
9710 30 103 186
9711 31 36 186
9712 32 213 186
9713 33 257 186
9714 34 30 186
9715 35 46 186
9716 36 61 186
9717 37 13 186
9718 38 7 186
9719 39 71 186
9720 40 79 186
9721 41 148 186
9722 42 173 186
9723 43 226 186
9724 44 4 186
9725 45 247 186
9726 46 19 186
9727 47 199 186
9728 48 146 186
9729 49 201 186
9730 50 153 186
9731 51 241 186
9732 52 53 186
9733 53 171 186
9734 54 226 186
9735 55 85 186
9736 56 82 186
9737 57 237 186
9738 58 230 186
9739 59 140 186
9740 0 141 187
9741 1 189 187
9742 2 138 187
9743 3 105 187
9744 4 101 187
9745 5 106 187
9746 6 81 187
9747 7 13 187
9748 8 148 187
9749 9 145 187
9750 10 25 187
9751 11 61 187
9752 12 235 187
9753 13 135 187
9754 14 233 187
9755 47 187 187
9756 48 247 187
9757 49 219 187
9758 50 61 187
9759 51 235 187
9760 52 42 187
9761 53 235 187
9762 54 22 187
9763 55 66 187
9764 56 229 187
9765 57 196 187
9766 58 253 187
9767 59 13 187
9768 60 255 187
9769 61 69 187
9770 51 141 188
9771 52 30 188
9772 53 114 188
9773 54 72 188
9774 55 203 188
9775 56 214 188
9776 57 4 188
9777 58 62 188
9778 59 11 188
9779 60 67 188
9780 61 113 188
9781 62 44 188
9782 55 56 189
9783 56 107 189
9784 57 32 189
9785 58 2 189
9786 59 205 189
9787 60 100 189
9788 61 157 189
9789 62 36 189
9790 59 33 190
9791 60 5 190
9792 61 105 190
9793 63 92 190
9794 64 115 190
9795 62 171 190
9796 63 121 191
9797 64 46 191
9798 65 160 191
9799 66 178 192
9800 65 62 192
9801 63 232 192
9802 62 98 191
9803 60 165 191
9804 59 110 191
9805 56 67 190
9806 57 169 190
9807 54 123 189
9808 52 101 189
9809 51 181 189
9810 50 115 188
9811 48 74 188
9812 47 11 188
9813 45 221 187
9814 44 221 187
9815 42 28 187
9816 15 132 187
9817 16 244 187
9818 17 160 187
9819 18 1 187
9820 19 28 187
9821 20 208 187
9822 21 108 187
9823 22 176 187
9824 23 6 187
9825 24 92 187
9826 25 259 187
9827 26 112 187
9828 27 18 187
9829 28 74 187
9830 29 87 187
9831 30 135 187
9832 31 260 187
9833 32 195 187
9834 33 77 187
9835 34 15 187
9836 35 214 187
9837 36 170 187
9838 37 114 187
9839 38 187 187
9840 39 8 187
9841 40 51 187
9842 41 31 187
9843 43 245 187
9844 46 192 187
9845 0 105 188
9846 1 207 188
9847 2 150 188
9848 3 146 188
9849 4 249 188
9850 5 117 188
9851 6 221 188
9852 7 137 188
9853 8 208 188
9854 67 89 192
9855 66 116 193
9856 64 116 192
9857 63 98 193
9858 61 55 191
9859 60 208 192
9860 58 53 190
9861 56 243 191
9862 55 140 190
9863 54 222 190
9864 53 241 189
9865 51 115 190
9866 49 200 188
9867 48 63 189
9868 9 28 188
9869 45 14 188
9870 10 183 188
9871 42 166 188
9872 11 260 188
9873 12 138 188
9874 13 212 188
9875 14 55 188
9876 15 157 188
9877 16 206 188
9878 17 203 188
9879 18 128 188
9880 19 16 188
9881 20 109 188
9882 21 49 188
9883 22 60 188
9884 23 232 188
9885 24 114 188
9886 25 244 188
9887 26 9 188
9888 27 247 188
9889 28 74 188
9890 29 225 188
9891 30 241 188
9892 31 36 188
9893 32 187 188
9894 33 15 188
9895 34 47 188
9896 35 50 188
9897 36 73 188
9898 37 244 188
9899 38 7 188
9900 39 118 188
9901 40 4 188
9902 41 172 188
9903 43 31 188
9904 44 133 188
9905 46 187 188
9906 0 52 189
9907 1 118 189
9908 68 89 194
9909 67 58 193
9910 65 49 193
9911 64 49 193
9912 62 52 192
9913 61 157 192
9914 59 53 192
9915 58 70 191
9916 57 33 191
9917 55 41 191
9918 52 57 190
9919 53 245 190
9920 50 163 189
9921 49 21 189
9922 47 242 189
9923 2 7 189
9924 3 185 189
9925 4 144 189
9926 5 36 189
9927 6 58 189
9928 7 84 189
9929 8 262 189
9930 9 253 189
9931 10 103 189
9932 11 180 189
9933 12 74 189
9934 13 192 189
9935 14 193 189
9936 15 90 189
9937 16 237 189
9938 17 235 189
9939 18 184 189
9940 19 1 189
9941 20 132 189
9942 21 187 189
9943 22 226 189
9944 23 102 189
9945 24 2 189
9946 25 43 189
9947 26 230 189
9948 27 179 189
9949 28 1 189
9950 29 55 189
9951 31 26 189
9952 30 245 189
9953 32 84 189
9954 33 258 189
9955 34 28 189
9956 35 103 189
9957 36 27 189
9958 37 252 189
9959 38 198 189
9960 39 138 189
9961 69 58 195
9962 68 58 195
9963 66 185 194
9964 65 159 194
9965 63 52 194
9966 62 158 193
9967 60 105 193
9968 59 70 193
9969 56 46 192
9970 57 27 192
9971 54 150 191
9972 52 261 191
9973 51 163 191
9974 50 121 190
9975 48 71 190
9976 47 7 190
9977 45 45 189
9978 44 45 189
9979 42 233 189
9980 40 156 189
9981 41 43 189
9982 43 262 189
9983 46 198 189
9984 0 6 190
9985 1 82 190
9986 2 173 190
9987 3 2 190
9988 4 107 190
9989 5 140 190
9990 6 185 190
9991 7 126 190
9992 8 147 190
9993 9 232 190
9994 10 150 190
9995 11 82 190
9996 12 134 190
9997 13 158 190
9998 14 260 190
9999 15 128 190
10000 16 228 190
10001 17 139 190
10002 18 17 190
10003 19 76 190
10004 20 19 190
10005 21 188 190
10006 22 8 190
10007 23 135 190
10008 24 169 190
10009 25 119 190
10010 26 183 190
10011 27 188 190
10012 28 211 190
10013 70 205 196
10014 69 156 196
10015 67 224 194
10016 66 26 195
10017 64 26 194
10018 63 158 195
10019 61 35 193
10020 60 228 194
10021 58 225 192
10022 56 3 193
10023 55 113 192
10024 54 213 192
10025 53 203 191
10026 51 121 192
10027 49 199 190
10028 48 64 191
10029 29 146 190
10030 45 248 190
10031 30 86 190
10032 42 10 190
10033 31 13 190
10034 32 231 190
10035 33 169 190
10036 34 145 190
10037 35 235 190
10038 36 149 190
10039 37 204 190
10040 38 82 190
10041 39 258 190
10042 40 11 190
10043 41 110 190
10044 43 192 190
10045 44 148 190
10046 46 85 190
10047 0 53 191
10048 1 98 191
10049 2 193 191
10050 3 127 191
10051 4 212 191
10052 5 54 191
10053 6 97 191
10054 7 262 191
10055 8 240 191
10056 9 191 191
10057 10 257 191
10058 11 127 191
10059 12 227 191
10060 13 225 191
10061 14 39 191
10062 15 11 191
10063 16 145 191
10064 71 190 196
10065 70 107 197
10066 68 224 196
10067 67 13 195
10068 65 79 195
10069 64 79 195
10070 62 57 194
10071 61 76 194
10072 59 225 194
10073 58 188 193
10074 57 90 193
10075 55 50 193
10076 52 183 192
10077 53 235 192
10078 50 32 191
10079 49 109 191
10080 47 154 191
10081 17 63 191
10082 18 6 191
10083 19 64 191
10084 20 100 191
10085 42 172 191
10086 21 64 191
10087 22 168 191
10088 23 178 191
10089 24 117 191
10090 25 10 191
10091 26 88 191
10092 27 164 191
10093 28 147 191
10094 29 251 191
10095 30 122 191
10096 31 64 191
10097 32 34 191
10098 33 176 191
10099 34 84 191
10100 35 88 191
10101 36 13 191
10102 37 164 191
10103 38 69 191
10104 39 176 191
10105 40 259 191
10106 41 247 191
10107 43 204 191
10108 44 187 191
10109 45 82 191
10110 46 227 191
10111 0 189 192
10112 1 76 192
10113 2 203 192
10114 72 190 198
10115 71 112 197
10116 69 13 197
10117 68 13 197
10118 66 46 196
10119 65 149 196
10120 63 57 196
10121 62 244 195
10122 60 19 195
10123 59 188 195
10124 56 120 194
10125 57 42 194
10126 54 215 193
10127 52 6 193
10128 51 32 193
10129 50 77 192
10130 48 93 192
10131 47 124 192
10132 3 240 192
10133 4 251 192
10134 5 44 192
10135 6 140 192
10136 7 243 192
10137 8 217 192
10138 9 111 192
10139 10 148 192
10140 11 50 192
10141 12 152 192
10142 13 201 192
10143 14 104 192
10144 15 179 192
10145 16 211 192
10146 17 43 192
10147 18 13 192
10148 19 224 192
10149 20 129 192
10150 21 55 192
10151 22 9 192
10152 23 19 192
10153 24 20 192
10154 25 157 192
10155 26 159 192
10156 27 233 192
10157 28 200 192
10158 29 94 192
10159 30 141 192
10160 31 199 192
10161 32 256 192
10162 33 217 192
10163 73 151 198
10164 72 112 199
10165 70 250 198
10166 69 171 198
10167 67 23 196
10168 66 160 197
10169 64 160 196
10170 63 244 197
10171 61 94 195
10172 60 169 196
10173 58 191 194
10174 56 254 195
10175 55 48 194
10176 54 16 194
10177 53 76 193
10178 51 77 194
10179 49 31 192
10180 48 232 193
10181 42 150 192
10182 45 110 192
10183 46 43 192
10184 44 110 192
10185 43 59 192
10186 34 74 192
10187 0 196 193
10188 41 130 192
10189 35 79 192
10190 38 1 192
10191 39 131 192
10192 36 24 192
10193 37 165 192
10194 40 77 192
10195 1 20 193
10196 2 209 193
10197 3 236 193
10198 4 254 193
10199 5 240 193
10200 6 85 193
10201 7 250 193
10202 8 1 193
10203 9 251 193
10204 10 119 193
10205 11 250 193
10206 12 133 193
10207 13 8 193
10208 14 79 193
10209 15 132 193
10210 16 185 193
10211 74 56 199
10212 73 125 199
10213 71 97 198
10214 70 92 199
10215 68 23 198
10216 67 80 197
10217 65 122 197
10218 64 122 197
10219 62 108 196
10220 61 144 196
10221 59 191 196
10222 58 24 195
10223 57 149 195
10224 55 247 195
10225 52 79 194
10226 53 239 194
10227 50 116 193
10228 49 165 193
10229 47 98 193
10230 17 65 193
10231 0 37 194
10232 45 51 193
10233 44 51 193
10234 42 229 193
10235 43 68 193
10236 46 70 193
10237 18 245 193
10238 19 65 193
10239 40 132 193
10240 38 175 193
10241 20 38 193
10242 35 234 193
10243 36 146 193
10244 37 112 193
10245 21 191 193
10246 22 86 193
10247 33 53 193
10248 31 157 193
10249 30 140 193
10250 27 196 193
10251 28 105 193
10252 29 216 193
10253 23 15 193
10254 24 66 193
10255 26 22 193
10256 25 212 193
10257 32 248 193
10258 75 249 200
10259 74 69 200
10260 72 97 200
10261 71 143 199
10262 69 80 199
10263 68 80 199
10264 66 101 198
10265 65 47 198
10266 63 108 198
10267 62 227 197
10268 60 36 197
10269 59 24 197
10270 56 13 196
10271 57 36 196
10272 54 89 195
10273 52 55 195
10274 51 116 195
10275 50 49 194
10276 48 107 194
10277 47 55 194
10278 49 223 194
10279 1 171 194
10280 45 246 194
10281 42 95 194
10282 44 246 194
10283 43 65 194
10284 41 230 193
10285 2 133 194
10286 41 219 194
10287 39 252 193
10288 38 117 194
10289 3 148 194
10290 35 165 194
10291 36 39 194
10292 34 26 193
10293 4 50 194
10294 34 210 194
10295 5 175 194
10296 31 123 194
10297 6 39 194
10298 30 41 194
10299 28 24 194
10300 27 148 194
10301 23 66 194
10302 29 216 194
10303 24 114 194
10304 76 14 201
10305 75 180 201
10306 73 120 200
10307 72 143 201
10308 70 183 200
10309 69 61 200
10310 67 182 198
10311 66 54 199
10312 64 54 198
10313 63 227 199
10314 61 12 197
10315 60 251 198
10316 58 2 196
10317 56 49 197
10318 55 174 196
10319 54 58 196
10320 53 8 195
10321 51 49 196
10322 0 34 195
10323 48 52 195
10324 49 106 195
10325 47 157 195
10326 46 123 194
10327 1 9 195
10328 45 181 195
10329 44 181 195
10330 42 230 195
10331 2 99 195
10332 43 239 195
10333 40 11 194
10334 39 179 194
10335 3 37 195
10336 38 224 195
10337 37 13 194
10338 35 26 195
10339 4 144 195
10340 36 204 195
10341 33 114 194
10342 32 114 194
10343 5 6 195
10344 31 222 195
10345 30 74 195
10346 6 172 195
10347 27 126 195
10348 28 24 195
10349 77 83 202
10350 76 83 202
10351 74 203 201
10352 73 223 201
10353 71 253 200
10354 70 202 201
10355 68 182 200
10356 67 27 199
10357 65 245 199
10358 64 245 199
10359 62 260 198
10360 61 259 198
10361 59 2 198
10362 58 87 197
10363 57 251 197
10364 55 205 197
10365 52 92 196
10366 53 46 196
10367 50 26 195
10368 0 54 196
10369 50 210 196
10370 48 158 196
10371 47 123 196
10372 1 68 196
10373 46 222 195
10374 45 115 196
10375 2 47 196
10376 42 11 196
10377 43 241 196
10378 41 84 195
10379 40 84 195
10380 3 75 196
10381 39 28 195
10382 38 13 196
10383 37 212 195
10384 4 82 196
10385 35 94 196
10386 34 149 195
10387 33 225 195
10388 5 133 196
10389 32 225 195
10390 31 189 196
10391 29 108 195
10392 6 148 196
10393 78 90 203
10394 77 60 203
10395 75 15 202
10396 74 20 202
10397 72 253 202
10398 71 91 201
10399 69 27 201
10400 68 27 201
10401 66 136 200
10402 65 6 200
10403 63 260 200
10404 62 1 199
10405 60 262 199
10406 59 87 199
10407 56 125 198
10408 57 194 198
10409 54 224 197
10410 52 31 197
10411 51 26 197
10412 0 145 197
10413 53 118 197
10414 49 228 196
10415 48 35 197
10416 1 17 197
10417 47 222 197
10418 46 189 196
10419 44 37 196
10420 2 187 197
10421 44 137 197
10422 42 84 197
10423 41 235 196
10424 3 216 197
10425 40 235 196
10426 39 166 196
10427 36 150 196
10428 4 9 197
10429 37 206 196
10430 35 149 197
10431 34 38 196
10432 5 99 197
10433 33 188 196
10434 32 188 196
10435 30 50 196
10436 79 173 204
10437 78 233 204
10438 76 248 203
10439 75 258 203
10440 73 172 202
10441 72 91 203
10442 70 236 202
10443 69 254 202
10444 67 68 200
10445 66 130 201
10446 64 130 200
10447 63 1 201
10448 61 175 199
10449 60 88 200
10450 58 73 198
10451 56 85 199
10452 55 39 198
10453 54 13 198
10454 0 62 198
10455 51 79 198
10456 52 117 198
10457 50 149 197
10458 49 187 197
10459 1 70 198
10460 48 76 198
10461 47 189 198
10462 45 163 197
10463 46 200 197
10464 2 164 198
10465 43 42 197
10466 42 235 198
10467 3 54 198
10468 41 97 197
10469 40 97 197
10470 38 23 197
10471 39 120 197
10472 4 203 198
10473 36 183 197
10474 37 116 197
10475 5 222 198
10476 34 75 197
10477 33 25 197
10478 80 154 205
10479 79 30 205
10480 77 5 204
10481 76 5 204
10482 74 177 203
10483 73 118 203
10484 71 161 202
10485 70 9 203
10486 68 68 202
10487 67 65 201
10488 65 132 201
10489 64 132 201
10490 62 22 200
10491 61 117 200
10492 59 73 200
10493 58 151 199
10494 57 170 199
10495 55 250 199
10496 53 123 198
10497 0 157 199
10498 52 99 199
10499 51 149 199
10500 50 38 198
10501 1 149 199
10502 49 113 198
10503 48 150 199
10504 45 257 198
10505 2 61 199
10506 46 21 198
10507 44 121 198
10508 43 249 198
10509 3 145 199
10510 42 97 199
10511 41 143 198
10512 38 260 198
10513 40 143 198
10514 39 223 198
10515 35 175 198
10516 36 202 198
10517 37 169 198
10518 4 182 199
10519 81 201 205
10520 80 124 206
10521 78 129 205
10522 77 86 205
10523 75 153 204
10524 74 204 204
10525 72 161 204
10526 71 34 203
10527 69 65 203
10528 68 65 203
10529 66 230 202
10530 65 219 202
10531 63 22 202
10532 62 168 201
10533 60 95 201
10534 59 151 201
10535 56 134 200
10536 57 128 200
10537 54 23 199
10538 0 105 200
10539 54 206 200
10540 53 69 199
10541 51 38 200
10542 1 103 200
10543 50 75 199
10544 49 50 199
10545 47 213 199
10546 2 81 200
10547 47 21 200
10548 45 135 199
10549 44 135 199
10550 46 261 199
10551 43 180 199
10552 3 242 200
10553 5 193 199
10554 41 40 199
10555 40 40 199
10556 38 61 199
10557 35 148 199
10558 39 245 199
10559 82 62 206
10560 81 196 206
10561 79 134 206
10562 78 220 206
10563 76 110 205
10564 75 212 205
10565 73 229 204
10566 72 34 205
10567 70 198 204
10568 69 66 204
10569 67 115 202
10570 66 11 203
10571 64 11 202
10572 63 168 203
10573 61 207 201
10574 60 56 202
10575 58 166 200
10576 56 70 201
10577 55 240 200
10578 0 92 201
10579 55 57 201
10580 52 25 200
10581 53 38 200
10582 1 223 201
10583 51 75 201
10584 50 238 200
10585 48 144 200
10586 49 71 200
10587 2 130 201
10588 42 16 200
10589 45 218 200
10590 46 90 200
10591 44 218 200
10592 43 203 200
10593 4 149 200
10594 3 246 201
10595 41 162 200
10596 5 23 200
10597 38 155 200
10598 83 62 208
10599 82 67 207
10600 80 98 207
10601 79 43 207
10602 77 51 206
10603 76 51 206
10604 74 17 205
10605 73 99 205
10606 71 222 204
10607 70 197 205
10608 68 115 204
10609 67 137 203
10610 65 84 203
10611 64 84 203
10612 62 14 202
10613 61 194 202
10614 59 166 202
10615 58 120 201
10616 57 256 201
10617 0 23 202
10618 56 193 202
10619 54 61 201
10620 52 155 201
10621 1 253 202
10622 53 86 201
10623 51 238 202
10624 48 122 201
10625 50 96 201
10626 49 64 201
10627 47 199 201
10628 4 23 201
10629 2 259 202
10630 45 15 201
10631 44 15 201
10632 42 253 201
10633 43 20 201
10634 46 121 201
10635 40 91 200
10636 85 30 208
10637 83 67 209
10638 81 104 207
10639 80 55 208
10640 78 106 207
10641 77 246 207
10642 75 193 206
10643 74 82 206
10644 72 222 206
10645 71 189 205
10646 69 137 205
10647 68 137 205
10648 66 242 204
10649 65 235 204
10650 63 14 204
10651 62 83 203
10652 60 180 203
10653 59 120 203
10654 57 145 202
10655 58 223 202
10656 0 60 203
10657 55 202 202
10658 54 155 202
10659 1 129 203
10660 52 221 202
10661 53 95 202
10662 3 100 202
10663 2 104 203
10664 50 231 202
10665 48 16 202
10666 47 109 202
10667 49 215 202
10668 4 136 202
10669 45 258 202
10670 42 202 202
10671 44 258 202
10672 43 81 202
10673 84 28 209
10674 85 146 209
10675 82 159 208
10676 81 53 208
10677 79 157 208
10678 78 140 208
10679 76 70 207
10680 75 111 207
10681 73 74 206
10682 72 189 207
10683 70 126 206
10684 69 42 206
10685 67 121 204
10686 66 7 205
10687 64 7 204
10688 63 83 205
10689 61 60 203
10690 60 203 204
10691 56 172 203
10692 0 248 204
10693 58 101 203
10694 57 98 203
10695 55 108 203
10696 1 98 204
10697 54 36 203
10698 52 17 203
10699 51 239 203
10700 53 28 203
10701 2 57 204
10702 3 244 203
10703 48 170 203
10704 49 124 203
10705 47 139 203
10706 46 129 202
10707 4 253 203
10708 45 177 203
10709 86 156 210
10710 84 212 210
10711 83 159 210
10712 82 210 209
10713 80 158 209
10714 79 123 209
10715 77 152 208
10716 76 152 208
10717 74 226 207
10718 73 63 207
10719 71 213 206
10720 70 221 207
10721 68 121 206
10722 67 135 205
10723 65 173 205
10724 64 173 205
10725 62 248 204
10726 61 243 204
10727 59 10 204
10728 0 62 205
10729 59 101 205
10730 56 50 204
10731 57 200 204
10732 58 244 204
10733 55 227 204
10734 54 251 204
10735 51 119 204
10736 52 164 204
10737 53 170 204
10738 50 85 203
10739 3 203 204
10740 50 201 204
10741 48 31 204
10742 47 129 204
10743 4 129 204
10744 87 156 212
10745 86 211 211
10746 85 174 210
10747 83 210 211
10748 81 114 209
10749 80 35 210
10750 78 187 209
10751 77 37 209
10752 75 75 208
10753 74 100 208
10754 72 213 208
10755 71 192 207
10756 69 135 207
10757 68 135 207
10758 66 154 206
10759 65 30 206
10760 63 248 206
10761 62 5 205
10762 60 258 205
10763 61 182 205
10764 0 111 206
10765 1 166 205
10766 56 105 205
10767 58 245 205
10768 57 142 205
10769 55 12 205
10770 2 166 205
10771 54 4 205
10772 52 255 205
10773 51 85 205
10774 3 248 205
10775 53 166 205
10776 49 98 204
10777 48 165 205
10778 88 78 212
10779 89 108 212
10780 84 47 211
10781 85 113 211
10782 82 149 210
10783 81 225 210
10784 79 76 210
10785 78 113 210
10786 76 188 209
10787 75 238 209
10788 73 71 208
10789 72 192 209
10790 70 128 208
10791 69 218 208
10792 67 77 206
10793 66 124 207
10794 64 124 206
10795 63 5 207
10796 60 142 206
10797 62 86 206
10798 61 27 206
10799 59 118 206
10800 1 207 206
10801 0 45 207
10802 56 193 206
10803 57 261 206
10804 2 173 206
10805 55 259 206
10806 54 174 206
10807 3 84 206
10808 51 147 206
10809 52 65 206
10810 50 214 205
10811 87 8 213
10812 88 237 213
10813 86 171 212
10814 84 112 212
10815 83 149 212
10816 82 38 211
10817 80 244 211
10818 79 150 211
10819 77 25 210
10820 76 25 210
10821 74 96 209
10822 73 64 209
10823 71 16 208
10824 70 45 209
10825 68 77 208
10826 67 62 207
10827 65 134 207
10828 64 134 207
10829 1 178 207
10830 0 190 208
10831 62 59 207
10832 60 204 207
10833 59 136 207
10834 61 129 207
10835 58 130 206
10836 56 260 207
10837 2 109 207
10838 57 131 207
10839 55 89 207
10840 53 145 206
10841 3 147 207
10842 52 98 207
10843 90 138 214
10844 89 217 213
10845 87 171 214
10846 86 206 213
10847 85 218 212
10848 83 38 213
10849 81 216 211
10850 80 94 212
10851 78 119 211
10852 77 167 211
10853 75 239 210
10854 74 231 210
10855 72 16 210
10856 71 170 209
10857 69 62 209
10858 68 62 209
10859 66 98 208
10860 65 43 208
10861 63 110 208
10862 64 43 208
10863 67 62 208
10864 1 40 208
10865 60 195 208
10866 61 3 208
10867 59 130 208
10868 58 132 207
10869 2 93 208
10870 56 174 208
10871 57 88 208
10872 54 146 207
10873 3 234 208
10874 91 125 215
10875 90 217 215
10876 88 217 214
10877 89 110 214
10878 84 100 213
10879 85 76 213
10880 82 47 212
10881 81 191 212
10882 79 144 212
10883 78 48 212
10884 76 24 211
10885 75 8 211
10886 73 93 210
10887 72 170 211
10888 70 201 210
10889 69 67 210
10890 0 139 209
10891 66 55 209
10892 63 258 209
10893 65 161 209
10894 64 161 209
10895 62 246 208
10896 1 32 209
10897 62 65 209
10898 60 198 209
10899 59 132 209
10900 2 89 209
10901 58 219 208
10902 56 234 209
10903 55 117 208
10904 92 69 216
10905 91 46 216
10906 87 212 215
10907 88 103 215
10908 86 61 214
10909 84 118 214
10910 83 47 214
10911 82 72 213
10912 80 227 213
10913 79 215 213
10914 77 255 212
10915 76 255 212
10916 74 85 211
10917 73 232 211
10918 71 58 210
10919 70 196 211
10920 68 49 210
10921 67 159 209
10922 0 192 210
10923 66 157 210
10924 65 34 210
10925 63 246 210
10926 1 8 210
10927 64 14 210
10928 61 66 209
10929 60 197 210
10930 2 88 210
10931 59 219 210
10932 58 190 209
10933 93 203 216
10934 92 240 217
10935 90 40 216
10936 89 162 215
10937 87 61 216
10938 86 155 215
10939 85 157 214
10940 83 72 215
10941 81 257 213
10942 80 12 214
10943 78 4 213
10944 77 178 213
10945 75 176 212
10946 74 147 212
10947 72 58 212
10948 71 156 211
10949 69 159 211
10950 68 159 211
10951 0 48 211
10952 67 210 210
10953 66 123 211
10954 1 80 211
10955 63 181 211
10956 64 164 211
10957 62 115 210
10958 61 241 210
10959 2 22 211
10960 60 22 211
10961 94 60 217
10962 93 20 217
10963 91 223 217
10964 90 162 217
10965 88 162 216
10966 89 136 216
10967 84 50 215
10968 85 114 215
10969 82 6 214
10970 81 2 214
10971 79 259 214
10972 78 174 214
10973 76 87 213
10974 75 29 213
10975 73 107 212
10976 72 156 213
10977 70 104 212
10978 69 210 212
10979 0 12 212
10980 68 210 212
10981 67 193 211
10982 65 222 211
10983 1 132 212
10984 65 33 212
10985 63 115 212
10986 62 137 211
10987 2 137 212
10988 95 233 218
10989 94 243 218
10990 92 20 218
10991 91 101 218
10992 87 61 217
10993 88 209 217
10994 86 254 216
10995 84 42 216
10996 83 6 216
10997 82 261 215
10998 80 1 215
10999 79 89 215
11000 77 234 214
11001 76 234 214
11002 74 78 213
11003 73 52 213
11004 71 13 212
11005 70 53 213
11006 0 3 213
11007 69 193 213
11008 68 193 213
11009 66 76 212
11010 67 111 212
11011 1 183 213
11012 64 189 212
11013 63 137 213
11014 96 233 220
11015 95 10 219
11016 93 177 218
11017 92 81 219
11018 90 145 218
11019 89 127 217
11020 87 254 218
11021 86 3 217
11022 85 205 216
11023 83 261 217
11024 81 44 215
11025 80 175 216
11026 78 146 215
11027 77 185 215
11028 75 112 214
11029 74 237 214
11030 72 13 214
11031 71 171 213
11032 0 198 214
11033 70 70 214
11034 69 111 214
11035 66 234 213
11036 1 74 214
11037 67 226 213
11038 65 200 213
11039 97 253 220
11040 96 10 221
11041 94 86 219
11042 93 204 219
11043 91 118 219
11044 90 127 219
11045 88 127 218
11046 89 140 218
11047 84 157 217
11048 85 173 217
11049 82 219 216
11050 81 73 216
11051 79 117 216
11052 78 39 216
11053 76 151 215
11054 75 138 215
11055 73 92 214
11056 72 171 215
11057 0 181 215
11058 71 206 214
11059 70 152 215
11060 68 38 214
11061 1 150 215
11062 68 226 215
11063 98 134 221
11064 97 91 221
11065 95 220 220
11066 94 59 220
11067 92 204 220
11068 91 136 220
11069 87 4 219
11070 88 133 219
11071 86 66 218
11072 84 108 218
11073 83 219 218
11074 82 190 217
11075 80 168 217
11076 79 224 217
11077 77 125 216
11078 76 125 216
11079 74 217 215
11080 73 57 215
11081 0 111 216
11082 72 206 216
11083 71 19 215
11084 69 75 215
11085 1 169 216
11086 99 196 222
11087 98 43 222
11088 96 220 222
11089 95 102 221
11090 93 17 220
11091 92 195 221
11092 90 164 220
11093 89 33 219
11094 87 66 220
11095 86 241 219
11096 85 93 218
11097 83 190 219
11098 81 28 217
11099 80 207 218
11100 78 69 217
11101 77 46 217
11102 75 143 216
11103 74 103 216
11104 0 225 217
11105 73 244 216
11106 72 19 217
11107 70 188 216
11108 100 67 223
11109 99 110 223
11110 97 161 222
11111 96 102 223
11112 94 246 221
11113 93 82 221
11114 91 99 221
11115 90 33 221
11116 88 33 220
11117 89 163 220
11118 84 12 219
11119 85 11 219
11120 82 235 218
11121 81 166 218
11122 79 194 218
11123 78 240 218
11124 76 120 217
11125 75 40 217
11126 0 122 218
11127 74 141 217
11128 73 94 217
11129 101 153 224
11130 100 153 224
11131 98 157 223
11132 97 34 223
11133 95 140 222
11134 94 181 222
11135 92 82 222
11136 91 230 222
11137 87 219 221
11138 88 252 221
11139 86 42 220
11140 84 83 220
11141 83 235 220
11142 82 97 219
11143 80 83 219
11144 79 23 219
11145 77 223 218
11146 76 223 218
11147 0 162 219
11148 75 162 218
11149 102 52 224
11150 101 212 225
11151 99 53 224
11152 98 123 224
11153 96 140 224
11154 95 41 223
11155 93 226 222
11156 92 148 223
11157 90 200 222
11158 89 21 221
11159 87 42 222
11160 86 249 221
11161 85 31 220
11162 83 97 221
11163 81 233 219
11164 80 60 220
11165 78 20 219
11166 77 101 219
11167 0 172 220
11168 103 211 225
11169 102 158 225
11170 100 210 225
11171 99 70 225
11172 97 222 224
11173 96 41 225
11174 94 37 223
11175 93 100 223
11176 91 63 223
11177 90 21 223
11178 88 21 222
11179 89 106 222
11180 84 95 221
11181 85 120 221
11182 82 30 220
11183 81 10 220
11184 79 243 220
11185 78 81 220
11186 104 211 227
11187 103 105 226
11188 101 193 226
11189 100 193 226
11190 98 76 225
11191 97 189 225
11192 95 113 224
11193 94 163 224
11194 92 100 224
11195 91 242 224
11196 87 195 223
11197 88 256 223
11198 86 218 222
11199 84 77 222
11200 83 30 222
11201 82 253 221
11202 80 5 221
11203 105 105 228
11204 104 105 228
11205 102 57 226
11206 101 111 227
11207 99 225 226
11208 98 150 226
11209 96 113 226
11210 95 50 225
11211 93 96 224
11212 92 142 225
11213 90 199 224
11214 89 109 223
11215 87 218 224
11216 86 15 223
11217 85 67 222
11218 83 253 223
11219 106 184 228
11220 105 228 229
11221 103 206 227
11222 102 244 227
11223 100 38 227
11224 99 188 227
11225 97 213 226
11226 96 50 227
11227 94 167 225
11228 93 231 225
11229 91 64 225
11230 90 109 225
11231 88 109 224
11232 89 124 224
11233 84 139 223
11234 107 217 229
11235 106 114 229
11236 104 206 229
11237 103 19 228
11238 101 75 228
11239 100 75 228
11240 98 144 227
11241 97 192 227
11242 95 48 226
11243 94 32 226
11244 92 231 226
11245 91 154 226
11246 87 62 225
11247 88 139 225
11248 109 218 230
11249 107 103 230
11250 105 19 230
11251 104 19 230
11252 102 108 228
11253 101 238 229
11254 99 191 228
11255 98 215 228
11256 96 48 228
11257 95 247 227
11258 93 85 226
11259 92 186 227
11260 90 31 226
11261 108 111 231
11262 109 198 231
11263 106 141 230
11264 105 169 231
11265 103 155 229
11266 102 227 229
11267 100 72 229
11268 99 24 229
11269 97 16 228
11270 96 247 229
11271 94 178 227
11272 93 147 227
11273 110 183 232
11274 108 49 232
11275 107 162 231
11276 106 216 231
11277 104 155 231
11278 103 36 230
11279 101 239 230
11280 100 239 230
11281 98 259 229
11282 97 170 229
11283 95 174 228
11284 111 20 233
11285 110 202 233
11286 109 74 232
11287 107 209 232
11288 105 36 232
11289 104 36 232
11290 102 260 230
11291 101 8 231
11292 99 2 230
11293 98 89 230
11294 112 243 234
11295 111 81 234
11296 108 52 233
11297 109 36 233
11298 106 18 232
11299 105 251 233
11300 103 3 231
11301 102 1 231
11302 100 261 231
11303 113 172 234
11304 112 182 235
11305 110 236 234
11306 108 145 234
11307 107 127 233
11308 106 257 233
11309 104 3 233
11310 103 262 232
11311 114 172 236
11312 113 118 235
11313 111 204 235
11314 110 9 235
11315 109 195 234
11316 107 133 234
11317 105 262 234
11318 115 91 237
11319 114 118 237
11320 112 59 236
11321 111 195 236
11322 108 130 235
11323 109 133 235
11324 116 110 237
11325 115 145 238
11326 113 229 236
11327 112 68 237
11328 110 198 236
11329 117 51 238
11330 116 51 238
11331 114 229 238
11332 113 99 237
11333 118 212 239
11334 117 246 239
11335 115 34 239
11336 119 212 241
11337 118 17 240
11338 120 158 241
11339 7 47 194
11340 8 52 194
11341 9 3 194
11342 10 209 194
11343 11 61 194
11344 12 212 194
11345 13 167 194
11346 14 251 194
11347 15 194 194
11348 16 78 194
11349 17 233 194
11350 18 197 194
11351 19 157 194
11352 20 165 194
11353 21 250 194
11354 22 104 194
11355 25 168 194
11356 26 142 194
11357 7 258 195
11358 8 226 195
11359 9 70 195
11360 10 42 195
11361 11 221 195
11362 12 58 195
11363 13 195 195
11364 14 151 195
11365 15 221 195
11366 16 72 195
11367 17 101 195
11368 18 184 195
11369 19 62 195
11370 20 108 195
11371 21 146 195
11372 22 6 195
11373 23 247 195
11374 24 8 195
11375 25 253 195
11376 26 25 195
11377 7 29 196
11378 24 6 196
11379 25 155 196
11380 28 166 196
11381 29 222 196
11382 6 152 197
11383 7 259 197
11384 28 180 197
11385 29 148 197
11386 30 70 197
11387 31 229 197
11388 32 208 197
11389 6 244 198
11390 7 258 198
11391 31 148 198
11392 32 227 198
11393 33 170 198
11394 34 233 198
11395 6 116 199
11396 34 50 199
11397 36 2 199
11398 8 47 196
11399 9 52 196
11400 10 3 196
11401 11 209 196
11402 12 61 196
11403 13 212 196
11404 14 167 196
11405 15 251 196
11406 16 194 196
11407 17 78 196
11408 18 233 196
11409 19 197 196
11410 20 157 196
11411 21 165 196
11412 22 250 196
11413 23 104 196
11414 26 168 196
11415 27 142 196
11416 8 258 197
11417 9 226 197
11418 10 70 197
11419 11 42 197
11420 12 221 197
11421 13 58 197
11422 14 195 197
11423 15 151 197
11424 16 221 197
11425 17 72 197
11426 18 101 197
11427 19 184 197
11428 20 62 197
11429 21 108 197
11430 22 146 197
11431 23 6 197
11432 24 247 197
11433 25 8 197
11434 26 253 197
11435 27 25 197
11436 8 29 198
11437 25 6 198
11438 26 155 198
11439 29 166 198
11440 30 222 198
11441 7 152 199
11442 8 259 199
11443 29 180 199
11444 30 148 199
11445 31 70 199
11446 32 229 199
11447 33 208 199
11448 37 220 199
11449 6 226 200
11450 7 64 200
11451 8 256 200
11452 32 67 200
11453 33 14 200
11454 34 32 200
11455 35 225 200
11456 9 47 198
11457 10 52 198
11458 11 3 198
11459 12 209 198
11460 13 61 198
11461 14 212 198
11462 15 167 198
11463 16 251 198
11464 17 194 198
11465 18 78 198
11466 19 233 198
11467 20 197 198
11468 21 157 198
11469 22 165 198
11470 23 250 198
11471 24 104 198
11472 27 168 198
11473 28 142 198
11474 9 258 199
11475 10 226 199
11476 11 70 199
11477 12 42 199
11478 13 221 199
11479 14 58 199
11480 15 195 199
11481 16 151 199
11482 17 221 199
11483 18 72 199
11484 19 101 199
11485 20 184 199
11486 21 62 199
11487 22 108 199
11488 23 146 199
11489 24 6 199
11490 25 247 199
11491 26 8 199
11492 27 253 199
11493 28 25 199
11494 9 29 200
11495 26 6 200
11496 27 155 200
11497 30 166 200
11498 31 222 200
11499 36 160 200
11500 37 60 200
11501 39 8 200
11502 5 138 201
11503 6 74 201
11504 7 2 201
11505 8 48 201
11506 9 191 201
11507 30 35 201
11508 31 63 201
11509 32 229 201
11510 33 93 201
11511 34 166 201
11512 35 168 201
11513 10 47 200
11514 11 52 200
11515 12 3 200
11516 13 209 200
11517 14 61 200
11518 15 212 200
11519 16 167 200
11520 17 251 200
11521 18 194 200
11522 19 78 200
11523 20 233 200
11524 21 197 200
11525 22 157 200
11526 23 165 200
11527 24 250 200
11528 25 104 200
11529 28 168 200
11530 29 142 200
11531 10 258 201
11532 11 226 201
11533 12 70 201
11534 13 42 201
11535 14 221 201
11536 15 58 201
11537 16 195 201
11538 17 151 201
11539 18 221 201
11540 19 72 201
11541 20 101 201
11542 21 184 201
11543 22 62 201
11544 23 108 201
11545 24 146 201
11546 25 6 201
11547 26 247 201
11548 27 8 201
11549 28 253 201
11550 29 25 201
11551 36 222 201
11552 37 137 201
11553 38 243 201
11554 39 187 201
11555 40 135 201
11556 41 137 201
11557 5 18 202
11558 6 246 202
11559 7 229 202
11560 8 117 202
11561 9 180 202
11562 10 13 202
11563 27 261 202
11564 28 169 202
11565 31 241 202
11566 32 82 202
11567 33 61 202
11568 34 8 202
11569 11 47 202
11570 12 52 202
11571 13 3 202
11572 14 209 202
11573 15 61 202
11574 16 212 202
11575 17 167 202
11576 18 251 202
11577 19 194 202
11578 20 78 202
11579 21 233 202
11580 22 197 202
11581 23 157 202
11582 24 165 202
11583 25 250 202
11584 26 104 202
11585 29 168 202
11586 30 142 202
11587 35 9 202
11588 36 209 202
11589 37 201 202
11590 38 194 202
11591 39 171 202
11592 40 232 202
11593 41 118 202
11594 5 1 203
11595 6 10 203
11596 7 181 203
11597 8 105 203
11598 9 130 203
11599 10 138 203
11600 11 33 203
11601 12 72 203
11602 13 19 203
11603 14 176 203
11604 15 202 203
11605 16 17 203
11606 17 148 203
11607 18 4 203
11608 19 247 203
11609 20 161 203
11610 21 161 203
11611 22 128 203
11612 23 180 203
11613 24 54 203
11614 25 180 203
11615 26 4 203
11616 27 237 203
11617 28 80 203
11618 29 93 203
11619 30 73 203
11620 31 227 203
11621 32 50 203
11622 33 150 203
11623 34 153 203
11624 35 8 203
11625 36 29 203
11626 37 16 203
11627 38 15 203
11628 39 57 203
11629 40 169 203
11630 41 12 203
11631 42 213 203
11632 43 59 203
11633 44 149 203
11634 46 2 203
11635 5 44 204
11636 6 254 204
11637 7 190 204
11638 8 201 204
11639 9 55 204
11640 10 233 204
11641 11 218 204
11642 12 236 204
11643 13 140 204
11644 14 148 204
11645 15 180 204
11646 16 99 204
11647 17 42 204
11648 18 84 204
11649 19 239 204
11650 20 243 204
11651 21 65 204
11652 22 116 204
11653 23 139 204
11654 24 123 204
11655 25 134 204
11656 26 108 204
11657 27 137 204
11658 28 261 204
11659 29 234 204
11660 30 117 204
11661 31 24 204
11662 32 144 204
11663 33 234 204
11664 34 93 204
11665 35 49 204
11666 36 104 204
11667 37 142 204
11668 38 105 204
11669 39 192 204
11670 40 81 204
11671 41 216 204
11672 42 112 204
11673 43 91 204
11674 44 172 204
11675 45 197 204
11676 46 155 204
11677 4 146 205
11678 5 144 205
11679 6 246 205
11680 7 120 205
11681 8 133 205
11682 9 233 205
11683 10 12 205
11684 11 217 205
11685 12 198 205
11686 13 214 205
11687 14 244 205
11688 15 97 205
11689 16 166 205
11690 17 101 205
11691 18 50 205
11692 19 38 205
11693 20 63 205
11694 21 251 205
11695 22 2 205
11696 23 164 205
11697 24 17 205
11698 25 6 205
11699 26 2 205
11700 27 14 205
11701 28 249 205
11702 29 14 205
11703 30 128 205
11704 31 18 205
11705 32 243 205
11706 33 210 205
11707 34 234 205
11708 35 124 205
11709 36 257 205
11710 37 78 205
11711 38 121 205
11712 39 105 205
11713 40 10 205
11714 41 104 205
11715 42 59 205
11716 43 9 205
11717 44 187 205
11718 45 51 205
11719 46 78 205
11720 47 73 205
11721 49 93 205
11722 4 18 206
11723 5 135 206
11724 6 237 206
11725 7 236 206
11726 8 202 206
11727 9 126 206
11728 10 66 206
11729 11 82 206
11730 12 158 206
11731 13 96 206
11732 14 112 206
11733 15 208 206
11734 16 105 206
11735 17 47 206
11736 18 82 206
11737 19 87 206
11738 20 70 206
11739 21 66 206
11740 22 236 206
11741 23 69 206
11742 24 236 206
11743 25 26 206
11744 26 81 206
11745 27 154 206
11746 28 55 206
11747 29 10 206
11748 30 97 206
11749 31 242 206
11750 32 110 206
11751 33 111 206
11752 34 103 206
11753 35 51 206
11754 36 197 206
11755 37 152 206
11756 38 181 206
11757 39 163 206
11758 40 22 206
11759 41 50 206
11760 42 242 206
11761 43 238 206
11762 44 64 206
11763 45 148 206
11764 46 230 206
11765 47 259 206
11766 48 211 206
11767 49 152 206
11768 50 86 206
11769 4 20 207
11770 5 14 207
11771 6 83 207
11772 7 216 207
11773 8 132 207
11774 9 160 207
11775 10 108 207
11776 11 170 207
11777 12 46 207
11778 13 73 207
11779 14 141 207
11780 15 143 207
11781 16 107 207
11782 17 15 207
11783 18 18 207
11784 19 2 207
11785 20 5 207
11786 21 189 207
11787 22 84 207
11788 23 252 207
11789 24 13 207
11790 25 165 207
11791 26 64 207
11792 27 171 207
11793 28 137 207
11794 29 226 207
11795 30 225 207
11796 31 141 207
11797 32 102 207
11798 33 240 207
11799 34 101 207
11800 35 135 207
11801 36 251 207
11802 37 60 207
11803 38 28 207
11804 39 90 207
11805 40 35 207
11806 41 191 207
11807 42 152 207
11808 43 171 207
11809 44 49 207
11810 45 201 207
11811 46 28 207
11812 47 61 207
11813 48 162 207
11814 49 197 207
11815 50 99 207
11816 51 62 207
11817 53 191 207
11818 4 110 208
11819 5 142 208
11820 6 201 208
11821 7 14 208
11822 8 186 208
11823 9 253 208
11824 10 251 208
11825 11 45 208
11826 12 238 208
11827 13 230 208
11828 14 12 208
11829 15 223 208
11830 16 13 208
11831 17 98 208
11832 18 55 208
11833 19 99 208
11834 20 119 208
11835 21 77 208
11836 22 220 208
11837 23 140 208
11838 24 85 208
11839 25 184 208
11840 26 101 208
11841 27 230 208
11842 28 250 208
11843 29 104 208
11844 30 221 208
11845 31 220 208
11846 32 88 208
11847 33 58 208
11848 34 8 208
11849 35 251 208
11850 36 95 208
11851 37 72 208
11852 38 237 208
11853 39 182 208
11854 40 204 208
11855 41 118 208
11856 42 134 208
11857 43 82 208
11858 44 223 208
11859 45 89 208
11860 46 234 208
11861 47 190 208
11862 48 145 208
11863 49 80 208
11864 50 20 208
11865 51 94 208
11866 52 32 208
11867 53 183 208
11868 54 233 208
11869 3 251 209
11870 4 5 209
11871 5 49 209
11872 6 260 209
11873 7 36 209
11874 8 27 209
11875 9 30 209
11876 10 218 209
11877 11 178 209
11878 12 201 209
11879 13 91 209
11880 14 168 209
11881 15 48 209
11882 16 54 209
11883 17 131 209
11884 18 37 209
11885 19 176 209
11886 20 21 209
11887 21 48 209
11888 22 68 209
11889 23 18 209
11890 24 257 209
11891 25 47 209
11892 26 224 209
11893 27 226 209
11894 28 225 209
11895 29 224 209
11896 30 120 209
11897 31 176 209
11898 32 189 209
11899 33 156 209
11900 34 153 209
11901 35 237 209
11902 36 39 209
11903 37 142 209
11904 38 128 209
11905 39 95 209
11906 40 5 209
11907 41 255 209
11908 42 19 209
11909 43 31 209
11910 44 119 209
11911 45 228 209
11912 46 38 209
11913 47 33 209
11914 48 132 209
11915 49 101 209
11916 50 159 209
11917 51 65 209
11918 52 15 209
11919 53 231 209
11920 54 25 209
11921 55 210 209
11922 57 235 209
11923 3 213 210
11924 4 201 210
11925 5 163 210
11926 6 9 210
11927 7 196 210
11928 8 91 210
11929 9 147 210
11930 10 138 210
11931 11 57 210
11932 12 114 210
11933 13 157 210
11934 14 192 210
11935 15 250 210
11936 16 136 210
11937 17 233 210
11938 18 155 210
11939 19 120 210
11940 20 146 210
11941 21 144 210
11942 22 116 210
11943 23 25 210
11944 24 184 210
11945 25 205 210
11946 26 180 210
11947 27 151 210
11948 28 128 210
11949 29 93 210
11950 30 249 210
11951 31 262 210
11952 32 17 210
11953 33 105 210
11954 34 113 210
11955 35 214 210
11956 36 66 210
11957 37 126 210
11958 38 45 210
11959 39 251 210
11960 40 216 210
11961 41 126 210
11962 42 261 210
11963 43 81 210
11964 44 67 210
11965 45 251 210
11966 46 3 210
11967 47 135 210
11968 48 247 210
11969 49 248 210
11970 50 89 210
11971 51 55 210
11972 52 254 210
11973 53 95 210
11974 54 173 210
11975 55 137 210
11976 56 255 210
11977 57 212 210
11978 58 251 210
11979 3 168 211
11980 4 29 211
11981 5 211 211
11982 6 7 211
11983 7 127 211
11984 8 156 211
11985 9 67 211
11986 10 164 211
11987 11 244 211
11988 12 211 211
11989 13 151 211
11990 14 74 211
11991 15 163 211
11992 16 147 211
11993 17 66 211
11994 18 250 211
11995 19 80 211
11996 20 236 211
11997 21 107 211
11998 22 169 211
11999 23 31 211
12000 25 191 211
12001 24 30 211
12002 26 61 211
12003 27 244 211
12004 28 161 211
12005 29 21 211
12006 30 12 211
12007 31 118 211
12008 32 56 211
12009 33 210 211
12010 34 232 211
12011 35 171 211
12012 36 66 211
12013 37 51 211
12014 38 10 211
12015 39 124 211
12016 40 208 211
12017 41 111 211
12018 42 176 211
12019 43 222 211
12020 44 247 211
12021 45 6 211
12022 46 243 211
12023 47 191 211
12024 48 230 211
12025 49 100 211
12026 50 117 211
12027 51 66 211
12028 52 99 211
12029 53 83 211
12030 54 98 211
12031 55 79 211
12032 56 4 211
12033 57 143 211
12034 58 94 211
12035 59 205 211
12036 61 183 211
12037 3 183 212
12038 4 39 212
12039 5 119 212
12040 6 79 212
12041 7 42 212
12042 8 221 212
12043 9 192 212
12044 10 137 212
12045 11 123 212
12046 12 41 212
12047 13 39 212
12048 14 47 212
12049 15 44 212
12050 16 221 212
12051 17 123 212
12052 18 182 212
12053 19 56 212
12054 20 124 212
12055 21 138 212
12056 22 73 212
12057 23 45 212
12058 24 222 212
12059 25 40 212
12060 26 35 212
12061 27 73 212
12062 28 151 212
12063 29 78 212
12064 30 128 212
12065 31 136 212
12066 32 76 212
12067 33 163 212
12068 34 173 212
12069 35 65 212
12070 36 14 212
12071 37 176 212
12072 38 214 212
12073 39 33 212
12074 40 195 212
12075 41 219 212
12076 42 99 212
12077 43 92 212
12078 44 123 212
12079 45 243 212
12080 46 66 212
12081 47 221 212
12082 48 103 212
12083 49 10 212
12084 50 25 212
12085 51 85 212
12086 52 143 212
12087 53 91 212
12088 54 248 212
12089 55 43 212
12090 56 104 212
12091 57 242 212
12092 58 113 212
12093 59 258 212
12094 60 144 212
12095 61 34 212
12096 62 68 212
12097 2 173 213
12098 3 248 213
12099 4 201 213
12100 5 236 213
12101 6 156 213
12102 7 31 213
12103 8 148 213
12104 9 161 213
12105 10 244 213
12106 11 134 213
12107 13 127 213
12108 12 124 213
12109 14 143 213
12110 15 88 213
12111 16 28 213
12112 17 15 213
12113 18 164 213
12114 19 29 213
12115 20 51 213
12116 21 86 213
12117 22 218 213
12118 23 32 213
12119 24 84 213
12120 25 182 213
12121 26 240 213
12122 27 89 213
12123 28 145 213
12124 29 53 213
12125 30 101 213
12126 31 49 213
12127 32 214 213
12128 33 21 213
12129 34 59 213
12130 35 32 213
12131 36 180 213
12132 37 40 213
12133 38 197 213
12134 39 213 213
12135 40 87 213
12136 41 177 213
12137 42 79 213
12138 43 256 213
12139 44 194 213
12140 45 189 213
12141 46 162 213
12142 47 104 213
12143 48 226 213
12144 49 51 213
12145 50 162 213
12146 51 102 213
12147 52 254 213
12148 53 246 213
12149 54 63 213
12150 55 17 213
12151 56 161 213
12152 57 180 213
12153 58 57 213
12154 59 71 213
12155 60 64 213
12156 61 219 213
12157 62 217 213
12158 64 126 213
12159 2 50 214
12160 3 14 214
12161 4 1 214
12162 5 45 214
12163 6 172 214
12164 7 232 214
12165 8 51 214
12166 9 66 214
12167 10 161 214
12168 11 203 214
12169 12 255 214
12170 13 119 214
12171 14 126 214
12172 15 129 214
12173 16 31 214
12174 17 214 214
12175 18 21 214
12176 19 172 214
12177 20 57 214
12178 21 64 214
12179 22 75 214
12180 23 166 214
12181 24 202 214
12182 25 122 214
12183 26 142 214
12184 27 135 214
12185 28 77 214
12186 29 31 214
12187 30 69 214
12188 31 232 214
12189 32 93 214
12190 33 124 214
12191 34 256 214
12192 35 109 214
12193 36 98 214
12194 37 32 214
12195 38 249 214
12196 39 82 214
12197 40 228 214
12198 41 178 214
12199 42 99 214
12200 43 11 214
12201 44 107 214
12202 45 131 214
12203 46 20 214
12204 47 74 214
12205 48 236 214
12206 49 182 214
12207 50 64 214
12208 51 129 214
12209 52 135 214
12210 53 204 214
12211 54 62 214
12212 55 197 214
12213 56 99 214
12214 57 134 214
12215 58 109 214
12216 59 250 214
12217 60 76 214
12218 61 232 214
12219 62 155 214
12220 63 171 214
12221 64 49 214
12222 65 127 214
12223 66 206 214
12224 67 115 214
12225 2 228 215
12226 3 249 215
12227 4 111 215
12228 5 227 215
12229 6 167 215
12230 7 222 215
12231 8 203 215
12232 9 66 215
12233 10 65 215
12234 11 48 215
12235 12 234 215
12236 13 63 215
12237 14 168 215
12238 15 44 215
12239 16 245 215
12240 17 258 215
12241 18 74 215
12242 19 149 215
12243 20 21 215
12244 21 103 215
12245 22 39 215
12246 23 20 215
12247 24 94 215
12248 25 148 215
12249 26 226 215
12250 27 69 215
12251 28 62 215
12252 29 50 215
12253 30 77 215
12254 31 119 215
12255 32 47 215
12256 33 215 215
12257 34 92 215
12258 35 130 215
12259 36 51 215
12260 37 153 215
12261 38 226 215
12262 39 169 215
12263 40 209 215
12264 41 229 215
12265 42 71 215
12266 43 175 215
12267 44 166 215
12268 45 142 215
12269 46 256 215
12270 47 31 215
12271 48 253 215
12272 49 127 215
12273 50 228 215
12274 51 258 215
12275 52 143 215
12276 53 43 215
12277 54 224 215
12278 55 124 215
12279 56 203 215
12280 57 124 215
12281 58 149 215
12282 59 132 215
12283 60 58 215
12284 61 41 215
12285 62 165 215
12286 63 47 215
12287 64 89 215
12288 65 165 215
12289 66 12 215
12290 67 8 215
12291 2 62 216
12292 3 9 216
12293 4 63 216
12294 5 126 216
12295 6 54 216
12296 7 112 216
12297 8 30 216
12298 9 201 216
12299 10 2 216
12300 11 119 216
12301 12 54 216
12302 13 150 216
12303 14 86 216
12304 15 161 216
12305 16 18 216
12306 17 61 216
12307 18 108 216
12308 19 124 216
12309 20 256 216
12310 21 184 216
12311 22 227 216
12312 23 195 216
12313 24 99 216
12314 25 11 216
12315 26 89 216
12316 27 188 216
12317 28 242 216
12318 29 171 216
12319 30 57 216
12320 31 255 216
12321 32 85 216
12322 33 68 216
12323 34 86 216
12324 35 139 216
12325 36 94 216
12326 37 141 216
12327 38 259 216
12328 39 249 216
12329 40 244 216
12330 41 136 216
12331 42 262 216
12332 43 237 216
12333 44 133 216
12334 45 48 216
12335 46 126 216
12336 47 161 216
12337 48 158 216
12338 49 67 216
12339 50 68 216
12340 51 25 216
12341 52 100 216
12342 53 52 216
12343 54 239 216
12344 55 14 216
12345 56 4 216
12346 57 137 216
12347 58 146 216
12348 59 118 216
12349 60 41 216
12350 61 71 216
12351 62 202 216
12352 63 84 216
12353 64 119 216
12354 65 173 216
12355 66 149 216
12356 67 206 216
12357 68 108 216
12358 69 56 216
12359 71 54 216
12360 1 140 217
12361 2 137 217
12362 3 33 217
12363 4 230 217
12364 5 65 217
12365 6 210 217
12366 7 200 217
12367 8 244 217
12368 9 86 217
12369 10 180 217
12370 11 75 217
12371 12 23 217
12372 13 208 217
12373 14 100 217
12374 15 195 217
12375 16 148 217
12376 17 66 217
12377 18 176 217
12378 19 193 217
12379 20 199 217
12380 21 96 217
12381 22 43 217
12382 23 163 217
12383 24 127 217
12384 25 51 217
12385 26 104 217
12386 27 243 217
12387 28 99 217
12388 29 105 217
12389 30 199 217
12390 31 101 217
12391 32 42 217
12392 33 45 217
12393 34 65 217
12394 35 133 217
12395 36 32 217
12396 37 233 217
12397 38 35 217
12398 39 110 217
12399 40 57 217
12400 41 11 217
12401 42 198 217
12402 43 24 217
12403 44 199 217
12404 45 207 217
12405 46 211 217
12406 47 243 217
12407 48 196 217
12408 49 74 217
12409 50 209 217
12410 51 22 217
12411 52 219 217
12412 53 43 217
12413 54 137 217
12414 55 83 217
12415 56 251 217
12416 57 156 217
12417 58 139 217
12418 59 135 217
12419 60 30 217
12420 61 92 217
12421 62 143 217
12422 63 123 217
12423 64 2 217
12424 65 60 217
12425 66 47 217
12426 67 255 217
12427 68 85 217
12428 69 221 217
12429 70 138 217
12430 71 36 217
12431 1 243 218
12432 2 151 218
12433 3 227 218
12434 4 34 218
12435 5 40 218
12436 6 7 218
12437 7 256 218
12438 8 94 218
12439 9 144 218
12440 10 136 218
12441 11 214 218
12442 12 152 218
12443 13 170 218
12444 14 149 218
12445 15 55 218
12446 16 261 218
12447 17 15 218
12448 18 38 218
12449 19 238 218
12450 20 165 218
12451 21 91 218
12452 22 116 218
12453 23 136 218
12454 24 181 218
12455 25 103 218
12456 26 148 218
12457 27 191 218
12458 28 41 218
12459 29 212 218
12460 30 153 218
12461 31 101 218
12462 32 45 218
12463 33 1 218
12464 34 191 218
12465 35 2 218
12466 36 18 218
12467 37 248 218
12468 38 124 218
12469 39 214 218
12470 40 2 218
12471 41 93 218
12472 42 239 218
12473 43 164 218
12474 44 184 218
12475 45 184 218
12476 46 160 218
12477 47 137 218
12478 48 122 218
12479 49 51 218
12480 50 163 218
12481 51 96 218
12482 53 156 218
12483 52 251 218
12484 54 120 218
12485 55 30 218
12486 56 25 218
12487 57 8 218
12488 58 1 218
12489 59 254 218
12490 60 227 218
12491 61 28 218
12492 62 120 218
12493 63 137 218
12494 64 154 218
12495 65 87 218
12496 66 237 218
12497 67 261 218
12498 68 198 218
12499 69 127 218
12500 70 175 218
12501 71 204 218
12502 72 181 218
12503 73 78 218
12504 74 75 218
12505 1 55 219
12506 2 258 219
12507 3 133 219
12508 4 21 219
12509 5 231 219
12510 6 165 219
12511 7 191 219
12512 8 19 219
12513 9 45 219
12514 10 231 219
12515 11 133 219
12516 12 192 219
12517 13 228 219
12518 14 156 219
12519 15 121 219
12520 16 25 219
12521 17 161 219
12522 18 59 219
12523 19 72 219
12524 20 231 219
12525 21 183 219
12526 22 145 219
12527 23 171 219
12528 24 1 219
12529 25 139 219
12530 26 118 219
12531 27 122 219
12532 28 106 219
12533 29 224 219
12534 30 226 219
12535 31 6 219
12536 32 239 219
12537 33 55 219
12538 34 1 219
12539 35 54 219
12540 36 137 219
12541 37 167 219
12542 38 182 219
12543 39 11 219
12544 40 204 219
12545 41 62 219
12546 42 87 219
12547 43 127 219
12548 44 10 219
12549 45 127 219
12550 46 220 219
12551 47 115 219
12552 48 154 219
12553 49 192 219
12554 50 146 219
12555 51 191 219
12556 52 60 219
12557 53 34 219
12558 54 109 219
12559 55 236 219
12560 56 73 219
12561 57 84 219
12562 58 121 219
12563 59 151 219
12564 60 87 219
12565 61 17 219
12566 62 169 219
12567 63 36 219
12568 64 58 219
12569 65 188 219
12570 66 252 219
12571 67 44 219
12572 68 73 219
12573 69 147 219
12574 70 152 219
12575 71 120 219
12576 72 24 219
12577 73 253 219
12578 74 64 219
12579 75 29 219
12580 76 104 219
12581 1 29 220
12582 2 140 220
12583 3 159 220
12584 4 189 220
12585 5 64 220
12586 6 69 220
12587 7 240 220
12588 8 60 220
12589 9 217 220
12590 10 193 220
12591 11 238 220
12592 12 29 220
12593 13 128 220
12594 14 152 220
12595 15 253 220
12596 16 156 220
12597 17 187 220
12598 18 110 220
12599 19 48 220
12600 20 70 220
12601 21 126 220
12602 22 114 220
12603 23 249 220
12604 24 27 220
12605 25 3 220
12606 26 247 220
12607 27 250 220
12608 28 177 220
12609 29 256 220
12610 30 238 220
12611 31 231 220
12612 32 5 220
12613 33 231 220
12614 34 53 220
12615 35 228 220
12616 36 3 220
12617 37 173 220
12618 38 138 220
12619 39 50 220
12620 40 146 220
12621 41 14 220
12622 42 144 220
12623 43 47 220
12624 44 89 220
12625 45 247 220
12626 46 225 220
12627 47 93 220
12628 48 198 220
12629 49 107 220
12630 50 249 220
12631 51 73 220
12632 52 33 220
12633 53 140 220
12634 54 69 220
12635 55 187 220
12636 56 210 220
12637 57 52 220
12638 58 236 220
12639 59 221 220
12640 60 209 220
12641 61 166 220
12642 62 234 220
12643 63 68 220
12644 64 2 220
12645 65 24 220
12646 66 138 220
12647 67 84 220
12648 68 182 220
12649 69 36 220
12650 70 92 220
12651 71 24 220
12652 72 134 220
12653 73 228 220
12654 74 198 220
12655 75 170 220
12656 76 158 220
12657 77 235 220
12658 0 49 221
12659 1 262 221
12660 2 167 221
12661 3 1 221
12662 4 236 221
12663 5 55 221
12664 6 204 221
12665 7 142 221
12666 8 85 221
12667 9 70 221
12668 10 246 221
12669 11 154 221
12670 12 47 221
12671 13 141 221
12672 14 230 221
12673 15 20 221
12674 16 83 221
12675 17 205 221
12676 18 247 221
12677 19 74 221
12678 20 157 221
12679 21 178 221
12680 22 103 221
12681 23 160 221
12682 24 42 221
12683 25 108 221
12684 26 34 221
12685 27 29 221
12686 28 194 221
12687 29 166 221
12688 30 71 221
12689 31 99 221
12690 32 193 221
12691 33 176 221
12692 34 15 221
12693 35 240 221
12694 36 159 221
12695 37 237 221
12696 38 110 221
12697 39 23 221
12698 40 248 221
12699 41 185 221
12700 42 217 221
12701 43 98 221
12702 44 87 221
12703 45 46 221
12704 46 99 221
12705 47 218 221
12706 48 127 221
12707 49 38 221
12708 50 209 221
12709 51 163 221
12710 52 67 221
12711 53 134 221
12712 54 69 221
12713 55 144 221
12714 56 248 221
12715 57 188 221
12716 58 137 221
12717 59 106 221
12718 60 147 221
12719 61 252 221
12720 62 58 221
12721 63 176 221
12722 64 103 221
12723 65 194 221
12724 66 4 221
12725 67 225 221
12726 68 235 221
12727 69 109 221
12728 70 251 221
12729 71 140 221
12730 72 207 221
12731 73 111 221
12732 74 191 221
12733 75 190 221
12734 76 179 221
12735 77 23 221
12736 78 196 221
12737 79 168 221
12738 81 64 221
12739 0 229 222
12740 1 211 222
12741 2 183 222
12742 3 5 222
12743 4 120 222
12744 5 165 222
12745 6 66 222
12746 7 123 222
12747 8 87 222
12748 9 200 222
12749 10 169 222
12750 11 190 222
12751 12 186 222
12752 13 154 222
12753 14 193 222
12754 15 11 222
12755 16 135 222
12756 17 143 222
12757 18 119 222
12758 19 241 222
12759 20 98 222
12760 21 9 222
12761 22 241 222
12762 23 254 222
12763 24 194 222
12764 25 174 222
12765 26 170 222
12766 27 45 222
12767 28 188 222
12768 29 99 222
12769 30 149 222
12770 31 131 222
12771 32 25 222
12772 33 175 222
12773 34 36 222
12774 35 144 222
12775 36 242 222
12776 37 257 222
12777 38 12 222
12778 39 154 222
12779 40 14 222
12780 41 106 222
12781 42 28 222
12782 43 115 222
12783 44 130 222
12784 45 231 222
12785 46 77 222
12786 47 80 222
12787 48 161 222
12788 49 96 222
12789 50 165 222
12790 51 99 222
12791 52 28 222
12792 53 246 222
12793 54 62 222
12794 55 130 222
12795 56 247 222
12796 57 223 222
12797 58 169 222
12798 59 217 222
12799 60 7 222
12800 61 132 222
12801 62 260 222
12802 63 115 222
12803 64 170 222
12804 65 134 222
12805 66 227 222
12806 67 28 222
12807 68 209 222
12808 69 192 222
12809 70 178 222
12810 71 243 222
12811 72 230 222
12812 73 142 222
12813 74 234 222
12814 75 103 222
12815 76 193 222
12816 77 31 222
12817 78 225 222
12818 79 167 222
12819 80 140 222
12820 81 193 222
12821 82 150 222
12822 0 204 223
12823 1 183 223
12824 2 261 223
12825 3 105 223
12826 4 240 223
12827 5 154 223
12828 6 19 223
12829 7 112 223
12830 8 154 223
12831 9 98 223
12832 10 203 223
12833 11 148 223
12834 12 196 223
12835 13 240 223
12836 14 72 223
12837 15 43 223
12838 16 150 223
12839 17 90 223
12840 18 228 223
12841 19 109 223
12842 20 259 223
12843 21 41 223
12844 22 51 223
12845 23 243 223
12846 24 130 223
12847 25 216 223
12848 26 261 223
12849 27 117 223
12850 28 50 223
12851 29 155 223
12852 30 223 223
12853 31 145 223
12854 32 245 223
12855 33 53 223
12856 34 198 223
12857 35 91 223
12858 36 145 223
12859 37 166 223
12860 38 64 223
12861 39 20 223
12862 40 200 223
12863 41 180 223
12864 42 101 223
12865 43 96 223
12866 44 154 223
12867 45 8 223
12868 46 234 223
12869 47 202 223
12870 48 154 223
12871 49 205 223
12872 50 131 223
12873 51 127 223
12874 52 195 223
12875 53 6 223
12876 54 140 223
12877 55 80 223
12878 56 179 223
12879 57 27 223
12880 58 220 223
12881 59 56 223
12882 60 116 223
12883 61 127 223
12884 62 127 223
12885 63 74 223
12886 64 140 223
12887 65 120 223
12888 66 135 223
12889 67 174 223
12890 68 100 223
12891 69 127 223
12892 70 212 223
12893 71 42 223
12894 72 170 223
12895 73 192 223
12896 74 192 223
12897 75 258 223
12898 76 72 223
12899 77 101 223
12900 78 73 223
12901 79 52 223
12902 80 187 223
12903 81 153 223
12904 82 101 223
12905 85 109 223
12906 0 93 224
12907 1 187 224
12908 2 45 224
12909 3 42 224
12910 4 126 224
12911 5 127 224
12912 6 128 224
12913 7 218 224
12914 8 212 224
12915 9 209 224
12916 10 81 224
12917 11 214 224
12918 12 56 224
12919 13 95 224
12920 14 38 224
12921 15 103 224
12922 16 137 224
12923 17 78 224
12924 18 229 224
12925 19 165 224
12926 20 65 224
12927 21 84 224
12928 22 157 224
12929 23 38 224
12930 24 174 224
12931 25 224 224
12932 26 191 224
12933 27 11 224
12934 28 105 224
12935 29 32 224
12936 30 235 224
12937 31 34 224
12938 32 204 224
12939 33 95 224
12940 34 187 224
12941 35 190 224
12942 36 209 224
12943 37 73 224
12944 38 223 224
12945 39 136 224
12946 40 219 224
12947 41 18 224
12948 42 129 224
12949 43 53 224
12950 44 127 224
12951 45 15 224
12952 46 175 224
12953 47 52 224
12954 48 182 224
12955 49 228 224
12956 50 122 224
12957 51 106 224
12958 52 143 224
12959 53 173 224
12960 54 255 224
12961 55 145 224
12962 56 24 224
12963 57 252 224
12964 58 153 224
12965 59 167 224
12966 60 170 224
12967 61 66 224
12968 62 79 224
12969 63 29 224
12970 64 96 224
12971 65 89 224
12972 66 33 224
12973 67 115 224
12974 68 104 224
12975 69 252 224
12976 70 170 224
12977 71 41 224
12978 72 254 224
12979 73 102 224
12980 74 249 224
12981 75 57 224
12982 76 54 224
12983 77 19 224
12984 78 176 224
12985 79 190 224
12986 80 180 224
12987 81 214 224
12988 82 70 224
12989 83 32 224
12990 84 240 224
12991 85 167 224
12992 86 135 224
12993 0 83 225
12994 1 117 225
12995 2 193 225
12996 3 232 225
12997 4 157 225
12998 5 125 225
12999 6 146 225
13000 7 11 225
13001 8 35 225
13002 9 25 225
13003 10 56 225
13004 11 248 225
13005 12 111 225
13006 13 150 225
13007 14 68 225
13008 15 261 225
13009 16 242 225
13010 17 257 225
13011 18 252 225
13012 19 211 225
13013 20 162 225
13014 21 261 225
13015 22 220 225
13016 23 234 225
13017 24 75 225
13018 25 231 225
13019 26 142 225
13020 27 202 225
13021 28 153 225
13022 29 176 225
13023 30 66 225
13024 31 146 225
13025 32 171 225
13026 33 49 225
13027 34 124 225
13028 35 30 225
13029 36 122 225
13030 37 239 225
13031 38 81 225
13032 39 207 225
13033 40 261 225
13034 41 78 225
13035 42 119 225
13036 43 158 225
13037 44 90 225
13038 45 128 225
13039 46 155 225
13040 47 178 225
13041 48 251 225
13042 49 199 225
13043 50 13 225
13044 51 252 225
13045 52 172 225
13046 53 234 225
13047 54 192 225
13048 55 4 225
13049 56 61 225
13050 57 29 225
13051 58 64 225
13052 59 188 225
13053 60 180 225
13054 61 236 225
13055 62 201 225
13056 63 30 225
13057 64 154 225
13058 65 236 225
13059 66 28 225
13060 67 200 225
13061 68 176 225
13062 69 148 225
13063 70 181 225
13064 0 128 226
13065 71 154 225
13066 72 217 225
13067 73 257 225
13068 74 97 225
13069 75 183 225
13070 76 66 225
13071 77 244 225
13072 78 229 225
13073 0 64 227
13074 79 26 225
13075 80 77 225
13076 81 245 225
13077 82 29 225
13078 83 28 225
13079 84 46 225
13080 85 247 225
13081 0 32 228
13082 86 1 225
13083 89 230 225
13084 1 242 226
13085 2 67 226
13086 3 146 226
13087 4 21 226
13088 0 16 229
13089 5 23 226
13090 6 87 226
13091 7 172 226
13092 8 172 226
13093 9 6 226
13094 0 8 230
13095 10 10 226
13096 1 6 227
13097 11 210 226
13098 12 206 226
13099 0 4 231
13100 2 28 227
13101 1 41 228
13102 13 91 226
13103 0 2 232
13104 2 156 228
13105 1 190 229
13106 0 1 233
13107 2 230 229
13108 0 132 234
13109 14 107 226
13110 15 53 226
13111 16 137 226
13112 17 141 226
13113 18 209 226
13114 19 246 226
13115 20 190 226
13116 21 8 226
13117 22 47 226
13118 23 123 226
13119 24 15 226
13120 25 129 226
13121 26 244 226
13122 27 117 226
13123 28 165 226
13124 29 255 226
13125 30 237 226
13126 31 149 226
13127 32 63 226
13128 33 104 226
13129 34 216 226
13130 35 16 226
13131 36 94 226
13132 37 210 226
13133 38 73 226
13134 39 237 226
13135 40 33 226
13136 41 105 226
13137 42 86 226
13138 43 103 226
13139 44 159 226
13140 45 237 226
13141 46 41 226
13142 47 111 226
13143 48 107 226
13144 49 150 226
13145 50 261 226
13146 51 125 226
13147 52 214 226
13148 53 54 226
13149 54 184 226
13150 55 167 226
13151 56 28 226
13152 57 176 226
13153 58 191 226
13154 59 30 226
13155 60 83 226
13156 61 240 226
13157 62 217 226
13158 63 47 226
13159 3 177 227
13160 4 207 227
13161 5 233 227
13162 3 210 228
13163 4 98 228
13164 3 56 229
13165 1 100 230
13166 2 225 230
13167 3 163 230
13168 1 21 231
13169 2 176 231
13170 64 221 226
13171 65 227 226
13172 66 222 226
13173 67 201 226
13174 68 11 226
13175 69 191 226
13176 70 155 226
13177 71 144 226
13178 72 173 226
13179 73 55 226
13180 74 194 226
13181 75 19 226
13182 76 118 226
13183 77 111 226
13184 78 234 226
13185 79 101 226
13186 80 196 226
13187 81 156 226
13188 82 234 226
13189 83 15 226
13190 84 178 226
13191 85 93 226
13192 86 77 226
13193 87 248 226
13194 88 64 226
13195 89 42 226
13196 6 57 227
13197 7 118 227
13198 8 257 227
13199 9 47 227
13200 10 151 227
13201 11 258 227
13202 12 215 227
13203 13 203 227
13204 14 170 227
13205 15 94 227
13206 16 53 227
13207 17 127 227
13208 18 159 227
13209 19 140 227
13210 20 262 227
13211 21 184 227
13212 22 71 227
13213 23 33 227
13214 24 176 227
13215 25 15 227
13216 26 82 227
13217 27 103 227
13218 28 175 227
13219 29 238 227
13220 30 144 227
13221 31 84 227
13222 32 182 227
13223 5 142 228
13224 6 225 228
13225 4 68 229
13226 5 50 229
13227 6 157 229
13228 4 131 230
13229 5 121 230
13230 33 50 227
13231 34 244 227
13232 35 168 227
13233 36 44 227
13234 37 72 227
13235 38 63 227
13236 40 140 227
13237 39 179 227
13238 41 23 227
13239 42 46 227
13240 43 236 227
13241 44 119 227
13242 45 58 227
13243 46 254 227
13244 47 31 227
13245 48 261 227
13246 49 31 227
13247 50 65 227
13248 51 30 227
13249 52 48 227
13250 53 178 227
13251 54 135 227
13252 55 143 227
13253 56 48 227
13254 57 178 227
13255 58 207 227
13256 59 47 227
13257 60 248 227
13258 61 139 227
13259 62 226 227
13260 63 247 227
13261 64 79 227
13262 65 197 227
13263 66 130 227
13264 67 31 227
13265 68 161 227
13266 69 192 227
13267 70 69 227
13268 71 25 227
13269 72 247 227
13270 73 18 227
13271 74 249 227
13272 75 222 227
13273 76 13 227
13274 77 53 227
13275 78 208 227
13276 79 228 227
13277 80 93 227
13278 81 28 227
13279 82 15 227
13280 83 187 227
13281 7 101 228
13282 8 135 228
13283 9 104 228
13284 10 54 228
13285 7 252 229
13286 8 78 229
13287 9 238 229
13288 6 1 230
13289 84 129 227
13290 85 8 227
13291 86 208 227
13292 87 47 227
13293 88 126 227
13294 89 78 227
13295 90 198 227
13296 91 8 227
13297 11 15 228
13298 12 244 228
13299 13 158 228
13300 14 145 228
13301 15 76 228
13302 16 22 228
13303 17 107 228
13304 18 114 228
13305 19 39 228
13306 20 100 228
13307 21 99 228
13308 22 177 228
13309 23 69 228
13310 24 204 228
13311 25 40 228
13312 26 251 228
13313 27 46 228
13314 28 225 228
13315 29 45 228
13316 30 240 228
13317 31 65 228
13318 32 183 228
13319 33 97 228
13320 34 30 228
13321 35 179 228
13322 36 236 228
13323 37 130 228
13324 38 164 228
13325 39 186 228
13326 40 32 228
13327 41 104 228
13328 42 113 228
13329 43 84 228
13330 44 108 228
13331 45 202 228
13332 46 207 228
13333 47 9 228
13334 48 216 228
13335 49 107 228
13336 50 216 228
13337 51 53 228
13338 52 101 228
13339 53 230 228
13340 54 227 228
13341 55 51 228
13342 56 72 228
13343 57 29 228
13344 10 163 229
13345 11 5 229
13346 7 32 230
13347 58 84 228
13348 59 133 228
13349 60 117 228
13350 61 169 228
13351 62 33 228
13352 63 119 228
13353 64 185 228
13354 65 138 228
13355 66 244 228
13356 67 224 228
13357 68 45 228
13358 69 79 228
13359 70 124 228
13360 71 155 228
13361 72 184 228
13362 73 125 228
13363 74 227 228
13364 75 30 228
13365 76 69 228
13366 77 249 228
13367 78 227 228
13368 79 139 228
13369 80 102 228
13370 81 27 228
13371 82 195 228
13372 83 191 228
13373 84 1 228
13374 85 143 228
13375 86 226 228
13376 87 31 228
13377 88 235 228
13378 89 23 228
13379 90 163 228
13380 91 87 228
13381 92 100 228
13382 93 133 228
13383 94 249 228
13384 12 209 229
13385 13 157 229
13386 14 8 229
13387 15 148 229
13388 16 89 229
13389 17 61 229
13390 18 162 229
13391 19 246 229
13392 20 110 229
13393 21 152 229
13394 22 95 229
13395 23 177 229
13396 24 113 229
13397 25 218 229
13398 26 120 229
13399 27 23 229
13400 28 239 229
13401 29 161 229
13402 30 13 229
13403 31 124 229
13404 32 91 229
13405 33 29 229
13406 34 124 229
13407 35 63 229
13408 36 253 229
13409 37 159 229
13410 38 89 229
13411 39 157 229
13412 40 22 229
13413 41 231 229
13414 42 91 229
13415 43 70 229
13416 45 146 229
13417 44 124 229
13418 47 150 229
13419 46 107 229
13420 48 198 229
13421 49 86 229
13422 50 245 229
13423 51 225 229
13424 52 150 229
13425 53 249 229
13426 54 138 229
13427 55 72 229
13428 56 209 229
13429 57 125 229
13430 58 231 229
13431 59 214 229
13432 60 229 229
13433 61 106 229
13434 62 3 229
13435 63 78 229
13436 64 151 229
13437 65 149 229
13438 66 138 229
13439 67 92 229
13440 68 111 229
13441 69 108 229
13442 70 108 229
13443 71 151 229
13444 72 80 229
13445 73 161 229
13446 74 70 229
13447 75 61 229
13448 76 216 229
13449 77 262 229
13450 79 153 229
13451 78 218 229
13452 80 240 229
13453 81 139 229
13454 82 50 229
13455 83 14 229
13456 84 203 229
13457 85 239 229
13458 86 120 229
13459 87 255 229
13460 88 199 229
13461 89 22 229
13462 90 244 229
13463 91 202 229
13464 92 219 229
13465 93 131 229
13466 94 33 229
13467 95 29 229
13468 8 95 230
13469 9 171 230
13470 10 80 230
13471 11 253 230
13472 12 198 230
13473 13 190 230
13474 14 114 230
13475 15 31 230
13476 16 242 230
13477 17 94 230
13478 18 129 230
13479 19 151 230
13480 20 24 230
13481 21 249 230
13482 22 71 230
13483 23 226 230
13484 24 158 230
13485 25 36 230
13486 26 73 230
13487 27 74 230
13488 28 49 230
13489 29 107 230
13490 30 96 230
13491 31 16 230
13492 32 36 230
13493 33 119 230
13494 34 116 230
13495 35 183 230
13496 36 57 230
13497 37 247 230
13498 38 224 230
13499 39 3 230
13500 40 236 230
13501 41 199 230
13502 42 127 230
13503 43 124 230
13504 44 113 230
13505 45 166 230
13506 46 212 230
13507 47 224 230
13508 48 248 230
13509 49 260 230
13510 50 77 230
13511 51 60 230
13512 52 180 230
13513 53 104 230
13514 54 79 230
13515 55 17 230
13516 56 112 230
13517 57 245 230
13518 58 200 230
13519 59 224 230
13520 60 230 230
13521 61 142 230
13522 62 91 230
13523 63 2 230
13524 64 188 230
13525 65 70 230
13526 66 67 230
13527 67 107 230
13528 68 151 230
13529 69 172 230
13530 70 44 230
13531 71 4 230
13532 72 262 230
13533 73 16 230
13534 74 235 230
13535 75 174 230
13536 76 56 230
13537 77 73 230
13538 78 237 230
13539 79 3 230
13540 80 201 230
13541 81 146 230
13542 82 203 230
13543 83 156 230
13544 84 245 230
13545 85 17 230
13546 86 18 230
13547 87 75 230
13548 88 122 230
13549 89 66 230
13550 90 240 230
13551 91 72 230
13552 92 184 230
13553 93 83 230
13554 94 227 230
13555 95 73 230
13556 96 192 230
13557 97 123 230
13558 3 151 231
13559 4 258 231
13560 5 50 231
13561 6 151 231
13562 7 221 231
13563 8 56 231
13564 9 212 231
13565 10 124 231
13566 11 261 231
13567 12 219 231
13568 13 148 231
13569 14 65 231
13570 15 28 231
13571 16 46 231
13572 17 134 231
13573 18 260 231
13574 19 68 231
13575 20 232 231
13576 21 215 231
13577 22 102 231
13578 23 231 231
13579 24 116 231
13580 25 59 231
13581 26 5 231
13582 27 99 231
13583 28 23 231
13584 29 18 231
13585 30 256 231
13586 31 117 231
13587 32 252 231
13588 33 210 231
13589 34 173 231
13590 35 167 231
13591 36 180 231
13592 37 42 231
13593 38 153 231
13594 39 110 231
13595 40 91 231
13596 41 195 231
13597 42 43 231
13598 43 62 231
13599 44 15 231
13600 45 152 231
13601 46 81 231
13602 47 97 231
13603 48 229 231
13604 49 119 231
13605 50 12 231
13606 51 198 231
13607 52 219 231
13608 53 238 231
13609 54 73 231
13610 55 49 231
13611 56 259 231
13612 57 94 231
13613 58 83 231
13614 59 192 231
13615 60 186 231
13616 61 60 231
13617 62 150 231
13618 63 233 231
13619 64 93 231
13620 65 229 231
13621 66 15 231
13622 67 25 231
13623 68 220 231
13624 69 28 231
13625 70 55 231
13626 71 22 231
13627 72 184 231
13628 73 89 231
13629 74 17 231
13630 75 204 231
13631 76 97 231
13632 77 70 231
13633 78 17 231
13634 79 39 231
13635 80 102 231
13636 81 112 231
13637 82 147 231
13638 83 253 231
13639 84 218 231
13640 85 110 231
13641 86 82 231
13642 87 237 231
13643 88 240 231
13644 89 87 231
13645 90 109 231
13646 91 122 231
13647 92 224 231
13648 93 69 231
13649 94 193 231
13650 95 108 231
13651 96 167 231
13652 97 74 231
13653 98 3 231
13654 99 55 231
13655 1 199 232
13656 2 2 232
13657 3 63 232
13658 4 243 232
13659 5 118 232
13660 6 205 232
13661 7 207 232
13662 8 33 232
13663 9 246 232
13664 10 49 232
13665 11 119 232
13666 12 188 232
13667 13 29 232
13668 14 134 232
13669 15 68 232
13670 16 180 232
13671 17 162 232
13672 18 183 232
13673 19 189 232
13674 20 184 232
13675 21 115 232
13676 22 166 232
13677 23 20 232
13678 24 142 232
13679 25 60 232
13680 26 151 232
13681 27 221 232
13682 28 159 232
13683 29 62 232
13684 30 106 232
13685 31 27 232
13686 32 203 232
13687 33 225 232
13688 34 220 232
13689 35 182 232
13690 36 14 232
13691 37 251 232
13692 38 52 232
13693 39 45 232
13694 40 130 232
13695 41 99 232
13696 42 122 232
13697 43 152 232
13698 44 13 232
13699 45 140 232
13700 46 43 232
13701 47 36 232
13702 48 35 232
13703 49 231 232
13704 50 37 232
13705 51 26 232
13706 52 54 232
13707 53 254 232
13708 54 196 232
13709 55 115 232
13710 56 252 232
13711 57 72 232
13712 58 153 232
13713 59 30 232
13714 60 97 232
13715 61 63 232
13716 62 206 232
13717 63 131 232
13718 64 28 232
13719 65 84 232
13720 66 164 232
13721 67 23 232
13722 68 191 232
13723 69 140 232
13724 70 130 232
13725 71 78 232
13726 72 219 232
13727 73 255 232
13728 74 31 232
13729 75 84 232
13730 76 185 232
13731 77 243 232
13732 78 54 232
13733 79 108 232
13734 80 212 232
13735 81 83 232
13736 82 262 232
13737 83 7 232
13738 84 179 232
13739 85 244 232
13740 86 62 232
13741 87 5 232
13742 88 67 232
13743 89 125 232
13744 90 233 232
13745 91 25 232
13746 92 238 232
13747 93 207 232
13748 94 38 232
13749 95 177 232
13750 96 189 232
13751 97 57 232
13752 98 123 232
13753 99 66 232
13754 100 239 232
13755 101 175 232
13756 102 247 232
13757 1 83 233
13758 2 98 233
13759 3 206 233
13760 4 90 233
13761 5 146 233
13762 6 132 233
13763 7 196 233
13764 8 183 233
13765 9 129 233
13766 10 122 233
13767 11 74 233
13768 12 129 233
13769 13 187 233
13770 14 109 233
13771 15 225 233
13772 16 127 233
13773 17 25 233
13774 18 225 233
13775 19 257 233
13776 20 222 233
13777 21 17 233
13778 22 162 233
13779 23 155 233
13780 24 48 233
13781 25 3 233
13782 26 213 233
13783 27 180 233
13784 28 163 233
13785 29 8 233
13786 30 156 233
13787 31 223 233
13788 32 218 233
13789 33 154 233
13790 34 158 233
13791 35 207 233
13792 36 142 233
13793 37 61 233
13794 38 185 233
13795 39 14 233
13796 40 239 233
13797 41 134 233
13798 42 116 233
13799 43 125 233
13800 44 52 233
13801 45 195 233
13802 46 171 233
13803 47 87 233
13804 48 114 233
13805 49 228 233
13806 50 155 233
13807 51 118 233
13808 52 84 233
13809 53 7 233
13810 54 68 233
13811 55 122 233
13812 56 159 233
13813 57 48 233
13814 58 244 233
13815 59 242 233
13816 60 60 233
13817 61 168 233
13818 62 68 233
13819 63 222 233
13820 64 103 233
13821 65 12 233
13822 66 233 233
13823 67 160 233
13824 68 16 233
13825 69 128 233
13826 70 7 233
13827 71 130 233
13828 72 121 233
13829 73 157 233
13830 74 128 233
13831 75 23 233
13832 76 216 233
13833 77 61 233
13834 78 126 233
13835 79 149 233
13836 80 125 233
13837 81 133 233
13838 82 188 233
13839 83 106 233
13840 84 229 233
13841 85 70 233
13842 86 204 233
13843 87 194 233
13844 88 259 233
13845 89 200 233
13846 90 258 233
13847 91 171 233
13848 92 206 233
13849 93 93 233
13850 94 130 233
13851 95 68 233
13852 96 99 233
13853 97 117 233
13854 98 14 233
13855 99 210 233
13856 100 50 233
13857 101 24 233
13858 102 60 233
13859 103 110 233
13860 1 10 234
13861 2 259 234
13862 3 191 234
13863 4 170 234
13864 5 172 234
13865 6 139 234
13866 7 120 234
13867 8 117 234
13868 9 7 234
13869 10 79 234
13870 11 150 234
13871 12 238 234
13872 13 175 234
13873 14 34 234
13874 15 87 234
13875 16 191 234
13876 17 161 234
13877 18 178 234
13878 19 114 234
13879 20 253 234
13880 21 138 234
13881 22 239 234
13882 23 159 234
13883 24 49 234
13884 25 114 234
13885 26 168 234
13886 27 249 234
13887 28 178 234
13888 29 218 234
13889 30 117 234
13890 31 198 234
13891 32 224 234
13892 33 66 234
13893 34 118 234
13894 35 131 234
13895 36 149 234
13896 37 118 234
13897 38 58 234
13898 39 179 234
13899 40 32 234
13900 41 121 234
13901 42 251 234
13902 43 125 234
13903 44 160 234
13904 45 44 234
13905 46 248 234
13906 47 223 234
13907 48 4 234
13908 49 38 234
13909 50 83 234
13910 51 204 234
13911 52 150 234
13912 53 190 234
13913 54 195 234
13914 55 93 234
13915 56 194 234
13916 57 234 234
13917 58 251 234
13918 59 189 234
13919 60 37 234
13920 61 202 234
13921 62 194 234
13922 63 101 234
13923 64 150 234
13924 65 98 234
13925 66 29 234
13926 67 73 234
13927 68 132 234
13928 69 196 234
13929 70 219 234
13930 71 126 234
13931 72 70 234
13932 73 192 234
13933 74 245 234
13934 75 184 234
13935 76 20 234
13936 77 79 234
13937 78 108 234
13938 79 215 234
13939 80 62 234
13940 81 111 234
13941 82 204 234
13942 83 251 234
13943 84 106 234
13944 85 54 234
13945 86 134 234
13946 87 234 234
13947 88 247 234
13948 89 226 234
13949 90 159 234
13950 91 215 234
13951 92 231 234
13952 93 86 234
13953 94 36 234
13954 95 145 234
13955 96 112 234
13956 97 65 234
13957 98 87 234
13958 99 126 234
13959 100 194 234
13960 101 41 234
13961 102 201 234
13962 103 171 234
13963 104 18 234
13964 106 173 234
13965 0 70 235
13966 1 126 235
13967 2 170 235
13968 3 199 235
13969 4 85 235
13970 5 253 235
13971 6 121 235
13972 7 35 235
13973 8 259 235
13974 9 243 235
13975 10 65 235
13976 11 63 235
13977 12 12 235
13978 13 197 235
13979 14 7 235
13980 15 173 235
13981 16 4 235
13982 17 146 235
13983 18 32 235
13984 19 170 235
13985 20 114 235
13986 21 206 235
13987 22 147 235
13988 23 95 235
13989 24 248 235
13990 25 193 235
13991 26 66 235
13992 27 83 235
13993 28 129 235
13994 29 28 235
13995 30 170 235
13996 31 47 235
13997 32 193 235
13998 33 95 235
13999 34 129 235
14000 35 68 235
14001 36 19 235
14002 37 35 235
14003 38 4 235
14004 39 32 235
14005 40 248 235
14006 41 91 235
14007 42 176 235
14008 43 58 235
14009 44 154 235
14010 45 225 235
14011 46 31 235
14012 48 135 235
14013 47 91 235
14014 49 26 235
14015 50 192 235
14016 51 27 235
14017 52 134 235
14018 53 35 235
14019 54 91 235
14020 55 116 235
14021 56 160 235
14022 57 179 235
14023 58 193 235
14024 59 117 235
14025 60 242 235
14026 61 246 235
14027 62 33 235
14028 63 65 235
14029 64 226 235
14030 65 191 235
14031 66 30 235
14032 67 252 235
14033 68 119 235
14034 69 92 235
14035 70 164 235
14036 71 11 235
14037 72 209 235
14038 73 240 235
14039 74 124 235
14040 75 17 235
14041 76 55 235
14042 77 261 235
14043 78 44 235
14044 79 89 235
14045 80 207 235
14046 81 23 235
14047 82 8 235
14048 83 236 235
14049 84 175 235
14050 85 122 235
14051 86 245 235
14052 87 96 235
14053 88 115 235
14054 89 254 235
14055 90 100 235
14056 91 199 235
14057 92 1 235
14058 93 183 235
14059 94 246 235
14060 95 10 235
14061 96 144 235
14062 97 92 235
14063 98 21 235
14064 99 39 235
14065 100 239 235
14066 101 45 235
14067 102 10 235
14068 103 127 235
14069 104 51 235
14070 105 252 235
14071 106 225 235
14072 107 205 235
14073 0 250 236
14074 1 131 236
14075 2 255 236
14076 3 124 236
14077 4 67 236
14078 5 201 236
14079 6 94 236
14080 7 11 236
14081 8 249 236
14082 9 57 236
14083 10 31 236
14084 11 208 236
14085 12 150 236
14086 13 169 236
14087 14 2 236
14088 15 196 236
14089 16 216 236
14090 17 139 236
14091 18 184 236
14092 19 16 236
14093 20 170 236
14094 21 92 236
14095 22 250 236
14096 23 27 236
14097 25 123 236
14098 24 96 236
14099 26 158 236
14100 27 249 236
14101 28 7 236
14102 29 234 236
14103 30 260 236
14104 31 91 236
14105 32 34 236
14106 33 91 236
14107 34 160 236
14108 35 218 236
14109 36 12 236
14110 37 68 236
14111 38 130 236
14112 39 212 236
14113 40 143 236
14114 41 90 236
14115 42 241 236
14116 43 248 236
14117 44 218 236
14118 45 177 236
14119 46 249 236
14120 47 96 236
14121 48 65 236
14122 49 20 236
14123 50 244 236
14124 51 245 236
14125 52 259 236
14126 53 185 236
14127 54 237 236
14128 55 256 236
14129 56 211 236
14130 57 224 236
14131 58 159 236
14132 59 117 236
14133 60 186 236
14134 61 52 236
14135 62 3 236
14136 63 17 236
14137 64 229 236
14138 65 25 236
14139 66 20 236
14140 67 29 236
14141 68 17 236
14142 69 139 236
14143 70 91 236
14144 71 245 236
14145 72 131 236
14146 73 42 236
14147 74 189 236
14148 75 32 236
14149 76 190 236
14150 77 224 236
14151 78 188 236
14152 79 126 236
14153 80 110 236
14154 81 254 236
14155 82 64 236
14156 83 219 236
14157 84 211 236
14158 85 128 236
14159 86 61 236
14160 87 85 236
14161 88 124 236
14162 89 96 236
14163 90 233 236
14164 91 114 236
14165 92 188 236
14166 93 199 236
14167 94 182 236
14168 95 24 236
14169 96 53 236
14170 97 144 236
14171 98 214 236
14172 99 140 236
14173 100 227 236
14174 101 49 236
14175 102 84 236
14176 103 192 236
14177 104 64 236
14178 105 101 236
14179 106 123 236
14180 107 106 236
14181 108 203 236
14182 109 169 236
14183 0 255 237
14184 1 201 237
14185 2 232 237
14186 3 64 237
14187 4 204 237
14188 5 148 237
14189 6 176 237
14190 7 157 237
14191 8 216 237
14192 9 256 237
14193 10 122 237
14194 11 226 237
14195 12 137 237
14196 13 235 237
14197 14 120 237
14198 15 57 237
14199 16 110 237
14200 17 136 237
14201 18 1 237
14202 19 183 237
14203 20 7 237
14204 21 79 237
14205 22 252 237
14206 23 45 237
14207 24 108 237
14208 25 78 237
14209 26 244 237
14210 27 121 237
14211 28 112 237
14212 29 145 237
14213 30 91 237
14214 31 202 237
14215 32 147 237
14216 33 97 237
14217 34 225 237
14218 35 171 237
14219 36 58 237
14220 37 63 237
14221 38 112 237
14222 39 173 237
14223 40 196 237
14224 41 258 237
14225 42 221 237
14226 43 197 237
14227 44 56 237
14228 45 236 237
14229 46 192 237
14230 47 91 237
14231 48 244 237
14232 49 4 237
14233 50 25 237
14234 51 92 237
14235 52 244 237
14236 53 175 237
14237 54 67 237
14238 55 18 237
14239 56 166 237
14240 57 227 237
14241 58 32 237
14242 59 66 237
14243 60 192 237
14244 61 215 237
14245 62 143 237
14246 63 145 237
14247 64 95 237
14248 65 90 237
14249 66 23 237
14250 67 142 237
14251 68 26 237
14252 69 157 237
14253 70 5 237
14254 71 197 237
14255 72 64 237
14256 73 89 237
14257 74 215 237
14258 75 30 237
14259 76 38 237
14260 77 138 237
14261 78 32 237
14262 79 146 237
14263 80 10 237
14264 81 48 237
14265 82 150 237
14266 83 33 237
14267 84 216 237
14268 85 108 237
14269 86 149 237
14270 87 53 237
14271 88 146 237
14272 89 123 237
14273 90 177 237
14274 91 125 237
14275 92 75 237
14276 93 15 237
14277 94 187 237
14278 95 187 237
14279 96 126 237
14280 97 23 237
14281 98 120 237
14282 99 139 237
14283 100 191 237
14284 101 73 237
14285 102 20 237
14286 103 95 237
14287 104 126 237
14288 105 139 237
14289 106 166 237
14290 107 89 237
14291 108 69 237
14292 109 45 237
14293 110 88 237
14294 111 190 237
14295 0 43 238
14296 1 189 238
14297 2 212 238
14298 3 56 238
14299 4 133 238
14300 5 83 238
14301 6 199 238
14302 7 218 238
14303 8 196 238
14304 9 214 238
14305 10 97 238
14306 11 262 238
14307 12 2 238
14308 13 111 238
14309 14 80 238
14310 15 75 238
14311 16 107 238
14312 17 218 238
14313 18 6 238
14314 19 174 238
14315 20 85 238
14316 21 239 238
14317 22 48 238
14318 23 53 238
14319 24 127 238
14320 25 154 238
14321 26 123 238
14322 27 101 238
14323 28 187 238
14324 29 49 238
14325 30 101 238
14326 31 196 238
14327 32 31 238
14328 33 66 238
14329 34 235 238
14330 35 240 238
14331 36 49 238
14332 37 130 238
14333 38 159 238
14334 39 90 238
14335 40 100 238
14336 41 40 238
14337 42 8 238
14338 43 210 238
14339 44 15 238
14340 45 230 238
14341 46 144 238
14342 47 95 238
14343 48 185 238
14344 49 171 238
14345 50 63 238
14346 51 50 238
14347 52 206 238
14348 53 70 238
14349 54 137 238
14350 55 96 238
14351 56 119 238
14352 57 24 238
14353 58 236 238
14354 59 50 238
14355 60 23 238
14356 61 36 238
14357 62 25 238
14358 63 168 238
14359 64 257 238
14360 65 249 238
14361 66 206 238
14362 67 214 238
14363 68 13 238
14364 69 231 238
14365 70 243 238
14366 71 224 238
14367 72 198 238
14368 73 150 238
14369 74 138 238
14370 75 57 238
14371 76 208 238
14372 77 228 238
14373 78 24 238
14374 79 155 238
14375 80 30 238
14376 81 54 238
14377 82 178 238
14378 83 6 238
14379 84 16 238
14380 85 179 238
14381 86 74 238
14382 87 176 238
14383 88 142 238
14384 89 135 238
14385 90 41 238
14386 91 3 238
14387 93 200 238
14388 92 204 238
14389 94 112 238
14390 95 167 238
14391 96 72 238
14392 97 49 238
14393 98 43 238
14394 99 118 238
14395 100 33 238
14396 101 7 238
14397 102 155 238
14398 103 160 238
14399 104 246 238
14400 105 232 238
14401 106 161 238
14402 107 49 238
14403 108 158 238
14404 109 83 238
14405 110 199 238
14406 111 19 238
14407 112 171 238
14408 113 54 238
14409 0 161 239
14410 1 205 239
14411 2 212 239
14412 3 251 239
14413 4 235 239
14414 5 65 239
14415 6 23 239
14416 7 15 239
14417 8 64 239
14418 9 107 239
14419 10 248 239
14420 11 237 239
14421 12 5 239
14422 13 255 239
14423 14 246 239
14424 15 36 239
14425 16 91 239
14426 17 112 239
14427 18 13 239
14428 19 52 239
14429 20 245 239
14430 21 261 239
14431 22 18 239
14432 23 55 239
14433 24 161 239
14434 25 248 239
14435 26 237 239
14436 27 66 239
14437 28 149 239
14438 29 99 239
14439 30 14 239
14440 32 158 239
14441 31 20 239
14442 33 150 239
14443 34 128 239
14444 35 111 239
14445 36 82 239
14446 37 232 239
14447 38 212 239
14448 39 174 239
14449 40 187 239
14450 41 108 239
14451 42 40 239
14452 43 106 239
14453 44 172 239
14454 45 169 239
14455 46 46 239
14456 47 217 239
14457 48 31 239
14458 49 94 239
14459 50 58 239
14460 51 101 239
14461 52 79 239
14462 53 43 239
14463 54 61 239
14464 55 155 239
14465 56 226 239
14466 57 252 239
14467 58 41 239
14468 59 109 239
14469 60 128 239
14470 61 111 239
14471 62 223 239
14472 63 214 239
14473 64 36 239
14474 65 22 239
14475 66 179 239
14476 67 198 239
14477 68 231 239
14478 69 253 239
14479 70 81 239
14480 71 202 239
14481 72 242 239
14482 73 173 239
14483 74 250 239
14484 75 165 239
14485 76 248 239
14486 77 85 239
14487 78 97 239
14488 79 131 239
14489 80 211 239
14490 81 31 239
14491 82 161 239
14492 83 55 239
14493 84 153 239
14494 85 8 239
14495 86 192 239
14496 87 85 239
14497 88 112 239
14498 89 187 239
14499 90 191 239
14500 91 156 239
14501 92 96 239
14502 93 127 239
14503 94 164 239
14504 95 84 239
14505 96 67 239
14506 97 244 239
14507 98 121 239
14508 99 145 239
14509 100 79 239
14510 101 147 239
14511 102 152 239
14512 103 257 239
14513 104 161 239
14514 105 5 239
14515 106 234 239
14516 107 3 239
14517 108 45 239
14518 109 218 239
14519 110 104 239
14520 111 256 239
14521 112 45 239
14522 113 134 239
14523 114 257 239
14524 116 254 239
14525 0 235 240
14526 1 171 240
14527 2 9 240
14528 3 90 240
14529 4 114 240
14530 5 9 240
14531 6 221 240
14532 7 35 240
14533 8 208 240
14534 9 49 240
14535 10 36 240
14536 11 235 240
14537 13 120 240
14538 12 153 240
14539 14 44 240
14540 15 160 240
14541 16 81 240
14542 17 88 240
14543 18 56 240
14544 19 85 240
14545 20 17 240
14546 21 166 240
14547 22 80 240
14548 23 127 240
14549 24 126 240
14550 25 172 240
14551 26 217 240
14552 27 190 240
14553 28 225 240
14554 29 56 240
14555 30 181 240
14556 31 214 240
14557 32 139 240
14558 33 66 240
14559 34 137 240
14560 35 27 240
14561 36 39 240
14562 37 174 240
14563 38 239 240
14564 39 46 240
14565 40 170 240
14566 41 191 240
14567 42 162 240
14568 43 37 240
14569 44 158 240
14570 45 260 240
14571 46 221 240
14572 47 153 240
14573 48 146 240
14574 49 250 240
14575 50 144 240
14576 51 46 240
14577 52 48 240
14578 53 236 240
14579 54 59 240
14580 55 210 240
14581 56 10 240
14582 57 62 240
14583 58 132 240
14584 59 147 240
14585 60 104 240
14586 61 190 240
14587 62 23 240
14588 63 204 240
14589 64 50 240
14590 65 251 240
14591 66 3 240
14592 67 59 240
14593 68 251 240
14594 69 180 240
14595 70 89 240
14596 71 127 240
14597 72 259 240
14598 73 73 240
14599 74 250 240
14600 75 51 240
14601 76 262 240
14602 77 260 240
14603 78 3 240
14604 79 121 240
14605 80 174 240
14606 81 1 240
14607 82 32 240
14608 83 237 240
14609 84 69 240
14610 85 40 240
14611 86 61 240
14612 87 80 240
14613 88 77 240
14614 89 78 240
14615 90 71 240
14616 91 224 240
14617 92 78 240
14618 93 218 240
14619 94 146 240
14620 95 237 240
14621 96 104 240
14622 97 189 240
14623 98 30 240
14624 99 145 240
14625 100 48 240
14626 101 137 240
14627 102 246 240
14628 103 173 240
14629 104 105 240
14630 105 3 240
14631 106 62 240
14632 107 119 240
14633 108 227 240
14634 109 60 240
14635 110 163 240
14636 111 168 240
14637 112 205 240
14638 113 90 240
14639 114 196 240
14640 115 81 240
14641 116 245 240
14642 117 161 240
14643 0 175 241
14644 1 82 241
14645 2 145 241
14646 3 211 241
14647 4 55 241
14648 5 40 241
14649 6 209 241
14650 7 174 241
14651 8 84 241
14652 9 76 241
14653 10 155 241
14654 11 74 241
14655 12 198 241
14656 13 33 241
14657 14 158 241
14658 15 155 241
14659 16 229 241
14660 17 114 241
14661 18 121 241
14662 19 47 241
14663 20 80 241
14664 21 236 241
14665 22 159 241
14666 23 164 241
14667 24 16 241
14668 25 148 241
14669 26 142 241
14670 27 191 241
14671 28 56 241
14672 29 92 241
14673 30 151 241
14674 31 12 241
14675 32 232 241
14676 33 192 241
14677 34 254 241
14678 35 246 241
14679 36 197 241
14680 37 191 241
14681 38 58 241
14682 39 80 241
14683 40 111 241
14684 41 207 241
14685 42 255 241
14686 43 207 241
14687 44 23 241
14688 45 15 241
14689 46 237 241
14690 47 163 241
14691 48 61 241
14692 49 44 241
14693 50 257 241
14694 51 6 241
14695 52 236 241
14696 53 255 241
14697 54 98 241
14698 55 68 241
14699 56 141 241
14700 57 78 241
14701 58 242 241
14702 59 224 241
14703 60 75 241
14704 61 119 241
14705 62 100 241
14706 63 192 241
14707 64 116 241
14708 65 132 241
14709 66 115 241
14710 67 126 241
14711 68 45 241
14712 69 214 241
14713 70 229 241
14714 71 60 241
14715 72 203 241
14716 73 218 241
14717 74 138 241
14718 75 133 241
14719 76 43 241
14720 77 45 241
14721 78 233 241
14722 79 45 241
14723 80 146 241
14724 81 236 241
14725 82 221 241
14726 83 46 241
14727 84 112 241
14728 85 132 241
14729 86 119 241
14730 87 127 241
14731 88 142 241
14732 89 239 241
14733 90 117 241
14734 91 251 241
14735 92 168 241
14736 93 114 241
14737 94 162 241
14738 95 39 241
14739 96 197 241
14740 97 111 241
14741 98 261 241
14742 99 100 241
14743 100 6 241
14744 101 117 241
14745 102 31 241
14746 103 192 241
14747 104 9 241
14748 105 45 241
14749 106 152 241
14750 107 244 241
14751 108 160 241
14752 109 184 241
14753 110 58 241
14754 111 216 241
14755 112 124 241
14756 113 63 241
14757 114 193 241
14758 115 23 241
14759 116 174 241
14760 117 183 241
14761 118 199 241
14762 0 262 242
14763 1 246 242
14764 2 95 242
14765 3 3 242
14766 4 251 242
14767 5 12 242
14768 6 85 242
14769 7 159 242
14770 8 44 242
14771 9 218 242
14772 10 30 242
14773 11 1 242
14774 12 202 242
14775 13 111 242
14776 14 59 242
14777 15 84 242
14778 16 198 242
14779 17 174 242
14780 18 175 242
14781 19 79 242
14782 20 145 242
14783 21 138 242
14784 22 206 242
14785 23 114 242
14786 24 101 242
14787 25 121 242
14788 26 170 242
14789 27 190 242
14790 28 70 242
14791 29 110 242
14792 30 240 242
14793 31 5 242
14794 32 86 242
14795 33 169 242
14796 34 55 242
14797 35 110 242
14798 36 8 242
14799 37 256 242
14800 38 165 242
14801 39 116 242
14802 40 46 242
14803 41 117 242
14804 42 42 242
14805 43 261 242
14806 44 24 242
14807 45 11 242
14808 46 90 242
14809 47 20 242
14810 48 55 242
14811 49 136 242
14812 50 11 242
14813 51 150 242
14814 52 185 242
14815 53 225 242
14816 54 229 242
14817 55 246 242
14818 56 106 242
14819 57 157 242
14820 58 139 242
14821 59 12 242
14822 60 13 242
14823 61 23 242
14824 62 181 242
14825 63 127 242
14826 64 232 242
14827 65 104 242
14828 66 73 242
14829 67 161 242
14830 68 179 242
14831 69 36 242
14832 70 202 242
14833 71 216 242
14834 72 53 242
14835 73 6 242
14836 74 217 242
14837 75 196 242
14838 76 197 242
14839 77 72 242
14840 78 178 242
14841 79 141 242
14842 80 222 242
14843 81 203 242
14844 82 147 242
14845 83 87 242
14846 84 189 242
14847 85 67 242
14848 86 230 242
14849 87 210 242
14850 88 169 242
14851 89 232 242
14852 90 8 242
14853 91 236 242
14854 92 6 242
14855 93 65 242
14856 94 116 242
14857 95 7 242
14858 96 140 242
14859 97 161 242
14860 98 257 242
14861 99 69 242
14862 100 213 242
14863 101 158 242
14864 102 202 242
14865 103 52 242
14866 104 106 242
14867 105 182 242
14868 106 254 242
14869 107 213 242
14870 108 97 242
14871 109 146 242
14872 110 69 242
14873 111 162 242
14874 112 71 242
14875 113 42 242
14876 114 6 242
14877 115 145 242
14878 116 206 242
14879 117 2 242
14880 118 13 242
14881 119 155 242
14882 120 11 242
14883 121 172 242
14884 0 65 243
14885 1 221 243
14886 2 182 243
14887 3 8 243
14888 4 96 243
14889 5 35 243
14890 6 189 243
14891 7 242 243
14892 8 144 243
14893 9 125 243
14894 10 252 243
14895 11 238 243
14896 12 107 243
14897 13 135 243
14898 14 200 243
14899 15 85 243
14900 16 222 243
14901 17 175 243
14902 18 184 243
14903 19 96 243
14904 20 171 243
14905 21 8 243
14906 22 192 243
14907 23 37 243
14908 24 148 243
14909 25 30 243
14910 26 83 243
14911 27 173 243
14912 28 219 243
14913 29 209 243
14914 30 211 243
14915 31 178 243
14916 32 198 243
14917 33 191 243
14918 34 75 243
14919 35 133 243
14920 36 67 243
14921 37 96 243
14922 38 91 243
14923 39 122 243
14924 40 198 243
14925 41 46 243
14926 42 81 243
14927 43 68 243
14928 44 107 243
14929 45 135 243
14930 46 92 243
14931 47 35 243
14932 48 120 243
14933 49 66 243
14934 50 225 243
14935 51 213 243
14936 52 119 243
14937 53 15 243
14938 54 148 243
14939 55 131 243
14940 56 217 243
14941 57 10 243
14942 58 153 243
14943 59 146 243
14944 60 36 243
14945 61 145 243
14946 62 254 243
14947 63 94 243
14948 64 145 243
14949 65 171 243
14950 66 180 243
14951 67 150 243
14952 68 140 243
14953 69 252 243
14954 70 193 243
14955 71 179 243
14956 72 260 243
14957 73 17 243
14958 74 224 243
14959 75 55 243
14960 76 59 243
14961 77 227 243
14962 78 142 243
14963 79 11 243
14964 80 26 243
14965 81 17 243
14966 82 27 243
14967 83 133 243
14968 84 128 243
14969 85 254 243
14970 86 225 243
14971 87 231 243
14972 88 106 243
14973 89 238 243
14974 90 240 243
14975 91 239 243
14976 92 192 243
14977 93 214 243
14978 94 177 243
14979 95 28 243
14980 96 37 243
14981 97 193 243
14982 98 231 243
14983 99 96 243
14984 100 184 243
14985 101 104 243
14986 102 37 243
14987 103 146 243
14988 104 50 243
14989 105 113 243
14990 106 190 243
14991 107 254 243
14992 108 110 243
14993 109 46 243
14994 110 179 243
14995 111 242 243
14996 112 190 243
14997 113 55 243
14998 114 132 243
14999 115 29 243
weights 244 244 244 244 244 244 244 244 244 244 244 244 244 244 244 244 244 244 244 244 244 244 244 244 244 244 244 244 244 244 244 244 244 244 244 244 244 244 244 244 244 244 244 244 244 244 244 244 244 244 244 244 244 244 244 244 244 244 244 244 244 244 244 244 244 244 244 244 244 244 244 244 244 244 244 244 244 244 244 244 244 244 244 244 244 244 244 244 244 244 244 244 244 244 244 244 244 244 244 244 244 244 244 244 244 244 244 244 244 244 244 244 244 244 244 244 243 243 243 243 243 243
