# command: LEAN -j1 -M1536 -DautoImplicit=false -DrelaxedAutoImplicit=false --root=PROJECT_ROOT -o .tools/20260911-low-index-lean-513dc7cc/20260912T095420895854Z/olean/research/tasks/B699-Binomial/runs/20260911-low-index-lean-513dc7cc/lean/I11TerminalMembership/Pair25/Audit.olean research/tasks/B699-Binomial/runs/20260911-low-index-lean-513dc7cc/lean/I11TerminalMembership/Pair25/Audit.lean
# cwd: PROJECT_ROOT
# started_utc: 2026-09-12T09:59:17.559878Z
# finished_utc: 2026-09-12T09:59:27.269915Z
# exit_code: 0
# timed_out: False
Math.B699.I11TerminalMembership.Pair25.outsideCell : Math.B699.CRTGrid.CellData
'Math.B699.I11TerminalMembership.Pair25.outsideCell' does not depend on any axioms
Math.B699.I11TerminalMembership.Pair25.cellA1B1 : Math.B699.CRTGrid.CellData
'Math.B699.I11TerminalMembership.Pair25.cellA1B1' does not depend on any axioms
Math.B699.I11TerminalMembership.Pair25.cellA1B2 : Math.B699.CRTGrid.CellData
'Math.B699.I11TerminalMembership.Pair25.cellA1B2' does not depend on any axioms
Math.B699.I11TerminalMembership.Pair25.cellA1B3 : Math.B699.CRTGrid.CellData
'Math.B699.I11TerminalMembership.Pair25.cellA1B3' does not depend on any axioms
Math.B699.I11TerminalMembership.Pair25.cellA1B4 : Math.B699.CRTGrid.CellData
'Math.B699.I11TerminalMembership.Pair25.cellA1B4' does not depend on any axioms
Math.B699.I11TerminalMembership.Pair25.cellA1B5 : Math.B699.CRTGrid.CellData
'Math.B699.I11TerminalMembership.Pair25.cellA1B5' does not depend on any axioms
Math.B699.I11TerminalMembership.Pair25.cellA1B6 : Math.B699.CRTGrid.CellData
'Math.B699.I11TerminalMembership.Pair25.cellA1B6' does not depend on any axioms
Math.B699.I11TerminalMembership.Pair25.cellA1B7 : Math.B699.CRTGrid.CellData
'Math.B699.I11TerminalMembership.Pair25.cellA1B7' does not depend on any axioms
Math.B699.I11TerminalMembership.Pair25.cellA1B8 : Math.B699.CRTGrid.CellData
'Math.B699.I11TerminalMembership.Pair25.cellA1B8' does not depend on any axioms
Math.B699.I11TerminalMembership.Pair25.cellA1B9 : Math.B699.CRTGrid.CellData
'Math.B699.I11TerminalMembership.Pair25.cellA1B9' does not depend on any axioms
Math.B699.I11TerminalMembership.Pair25.cellA1B10 : Math.B699.CRTGrid.CellData
'Math.B699.I11TerminalMembership.Pair25.cellA1B10' does not depend on any axioms
Math.B699.I11TerminalMembership.Pair25.cellA2B1 : Math.B699.CRTGrid.CellData
'Math.B699.I11TerminalMembership.Pair25.cellA2B1' does not depend on any axioms
Math.B699.I11TerminalMembership.Pair25.cellA2B2 : Math.B699.CRTGrid.CellData
'Math.B699.I11TerminalMembership.Pair25.cellA2B2' does not depend on any axioms
Math.B699.I11TerminalMembership.Pair25.cellA2B3 : Math.B699.CRTGrid.CellData
'Math.B699.I11TerminalMembership.Pair25.cellA2B3' does not depend on any axioms
Math.B699.I11TerminalMembership.Pair25.cellA2B4 : Math.B699.CRTGrid.CellData
'Math.B699.I11TerminalMembership.Pair25.cellA2B4' does not depend on any axioms
Math.B699.I11TerminalMembership.Pair25.cellA2B5 : Math.B699.CRTGrid.CellData
'Math.B699.I11TerminalMembership.Pair25.cellA2B5' does not depend on any axioms
Math.B699.I11TerminalMembership.Pair25.cellA2B6 : Math.B699.CRTGrid.CellData
'Math.B699.I11TerminalMembership.Pair25.cellA2B6' does not depend on any axioms
Math.B699.I11TerminalMembership.Pair25.cellA2B7 : Math.B699.CRTGrid.CellData
'Math.B699.I11TerminalMembership.Pair25.cellA2B7' does not depend on any axioms
Math.B699.I11TerminalMembership.Pair25.cellA2B8 : Math.B699.CRTGrid.CellData
'Math.B699.I11TerminalMembership.Pair25.cellA2B8' does not depend on any axioms
Math.B699.I11TerminalMembership.Pair25.cellA2B9 : Math.B699.CRTGrid.CellData
'Math.B699.I11TerminalMembership.Pair25.cellA2B9' does not depend on any axioms
Math.B699.I11TerminalMembership.Pair25.cellA2B10 : Math.B699.CRTGrid.CellData
'Math.B699.I11TerminalMembership.Pair25.cellA2B10' does not depend on any axioms
Math.B699.I11TerminalMembership.Pair25.cellA3B1 : Math.B699.CRTGrid.CellData
'Math.B699.I11TerminalMembership.Pair25.cellA3B1' does not depend on any axioms
Math.B699.I11TerminalMembership.Pair25.cellA3B2 : Math.B699.CRTGrid.CellData
'Math.B699.I11TerminalMembership.Pair25.cellA3B2' does not depend on any axioms
Math.B699.I11TerminalMembership.Pair25.cellA3B3 : Math.B699.CRTGrid.CellData
'Math.B699.I11TerminalMembership.Pair25.cellA3B3' does not depend on any axioms
Math.B699.I11TerminalMembership.Pair25.cellA3B4 : Math.B699.CRTGrid.CellData
'Math.B699.I11TerminalMembership.Pair25.cellA3B4' does not depend on any axioms
Math.B699.I11TerminalMembership.Pair25.cellA3B5 : Math.B699.CRTGrid.CellData
'Math.B699.I11TerminalMembership.Pair25.cellA3B5' does not depend on any axioms
Math.B699.I11TerminalMembership.Pair25.cellA3B6 : Math.B699.CRTGrid.CellData
'Math.B699.I11TerminalMembership.Pair25.cellA3B6' does not depend on any axioms
Math.B699.I11TerminalMembership.Pair25.cellA3B7 : Math.B699.CRTGrid.CellData
'Math.B699.I11TerminalMembership.Pair25.cellA3B7' does not depend on any axioms
Math.B699.I11TerminalMembership.Pair25.cellA3B8 : Math.B699.CRTGrid.CellData
'Math.B699.I11TerminalMembership.Pair25.cellA3B8' does not depend on any axioms
Math.B699.I11TerminalMembership.Pair25.cellA3B9 : Math.B699.CRTGrid.CellData
'Math.B699.I11TerminalMembership.Pair25.cellA3B9' does not depend on any axioms
Math.B699.I11TerminalMembership.Pair25.cellA3B10 : Math.B699.CRTGrid.CellData
'Math.B699.I11TerminalMembership.Pair25.cellA3B10' does not depend on any axioms
Math.B699.I11TerminalMembership.Pair25.cellA4B1 : Math.B699.CRTGrid.CellData
'Math.B699.I11TerminalMembership.Pair25.cellA4B1' does not depend on any axioms
Math.B699.I11TerminalMembership.Pair25.cellA4B2 : Math.B699.CRTGrid.CellData
'Math.B699.I11TerminalMembership.Pair25.cellA4B2' does not depend on any axioms
Math.B699.I11TerminalMembership.Pair25.cellA4B3 : Math.B699.CRTGrid.CellData
'Math.B699.I11TerminalMembership.Pair25.cellA4B3' does not depend on any axioms
Math.B699.I11TerminalMembership.Pair25.cellA4B4 : Math.B699.CRTGrid.CellData
'Math.B699.I11TerminalMembership.Pair25.cellA4B4' does not depend on any axioms
Math.B699.I11TerminalMembership.Pair25.cellA4B5 : Math.B699.CRTGrid.CellData
'Math.B699.I11TerminalMembership.Pair25.cellA4B5' does not depend on any axioms
Math.B699.I11TerminalMembership.Pair25.cellA4B6 : Math.B699.CRTGrid.CellData
'Math.B699.I11TerminalMembership.Pair25.cellA4B6' does not depend on any axioms
Math.B699.I11TerminalMembership.Pair25.cellA4B7 : Math.B699.CRTGrid.CellData
'Math.B699.I11TerminalMembership.Pair25.cellA4B7' does not depend on any axioms
Math.B699.I11TerminalMembership.Pair25.cellA4B8 : Math.B699.CRTGrid.CellData
'Math.B699.I11TerminalMembership.Pair25.cellA4B8' does not depend on any axioms
Math.B699.I11TerminalMembership.Pair25.cellA4B9 : Math.B699.CRTGrid.CellData
'Math.B699.I11TerminalMembership.Pair25.cellA4B9' does not depend on any axioms
Math.B699.I11TerminalMembership.Pair25.cellA4B10 : Math.B699.CRTGrid.CellData
'Math.B699.I11TerminalMembership.Pair25.cellA4B10' does not depend on any axioms
Math.B699.I11TerminalMembership.Pair25.cellA5B1 : Math.B699.CRTGrid.CellData
'Math.B699.I11TerminalMembership.Pair25.cellA5B1' does not depend on any axioms
Math.B699.I11TerminalMembership.Pair25.cellA5B2 : Math.B699.CRTGrid.CellData
'Math.B699.I11TerminalMembership.Pair25.cellA5B2' does not depend on any axioms
Math.B699.I11TerminalMembership.Pair25.cellA5B3 : Math.B699.CRTGrid.CellData
'Math.B699.I11TerminalMembership.Pair25.cellA5B3' does not depend on any axioms
Math.B699.I11TerminalMembership.Pair25.cellA5B4 : Math.B699.CRTGrid.CellData
'Math.B699.I11TerminalMembership.Pair25.cellA5B4' does not depend on any axioms
Math.B699.I11TerminalMembership.Pair25.cellA5B5 : Math.B699.CRTGrid.CellData
'Math.B699.I11TerminalMembership.Pair25.cellA5B5' does not depend on any axioms
Math.B699.I11TerminalMembership.Pair25.cellA5B6 : Math.B699.CRTGrid.CellData
'Math.B699.I11TerminalMembership.Pair25.cellA5B6' does not depend on any axioms
Math.B699.I11TerminalMembership.Pair25.cellA5B7 : Math.B699.CRTGrid.CellData
'Math.B699.I11TerminalMembership.Pair25.cellA5B7' does not depend on any axioms
Math.B699.I11TerminalMembership.Pair25.cellA5B8 : Math.B699.CRTGrid.CellData
'Math.B699.I11TerminalMembership.Pair25.cellA5B8' does not depend on any axioms
Math.B699.I11TerminalMembership.Pair25.cellA5B9 : Math.B699.CRTGrid.CellData
'Math.B699.I11TerminalMembership.Pair25.cellA5B9' does not depend on any axioms
Math.B699.I11TerminalMembership.Pair25.cellA5B10 : Math.B699.CRTGrid.CellData
'Math.B699.I11TerminalMembership.Pair25.cellA5B10' does not depend on any axioms
Math.B699.I11TerminalMembership.Pair25.cellA6B1 : Math.B699.CRTGrid.CellData
'Math.B699.I11TerminalMembership.Pair25.cellA6B1' does not depend on any axioms
Math.B699.I11TerminalMembership.Pair25.cellA6B2 : Math.B699.CRTGrid.CellData
'Math.B699.I11TerminalMembership.Pair25.cellA6B2' does not depend on any axioms
Math.B699.I11TerminalMembership.Pair25.cellA6B3 : Math.B699.CRTGrid.CellData
'Math.B699.I11TerminalMembership.Pair25.cellA6B3' does not depend on any axioms
Math.B699.I11TerminalMembership.Pair25.cellA6B4 : Math.B699.CRTGrid.CellData
'Math.B699.I11TerminalMembership.Pair25.cellA6B4' does not depend on any axioms
Math.B699.I11TerminalMembership.Pair25.cellA6B5 : Math.B699.CRTGrid.CellData
'Math.B699.I11TerminalMembership.Pair25.cellA6B5' does not depend on any axioms
Math.B699.I11TerminalMembership.Pair25.cellA6B6 : Math.B699.CRTGrid.CellData
'Math.B699.I11TerminalMembership.Pair25.cellA6B6' does not depend on any axioms
Math.B699.I11TerminalMembership.Pair25.cellA6B7 : Math.B699.CRTGrid.CellData
'Math.B699.I11TerminalMembership.Pair25.cellA6B7' does not depend on any axioms
Math.B699.I11TerminalMembership.Pair25.cellA6B8 : Math.B699.CRTGrid.CellData
'Math.B699.I11TerminalMembership.Pair25.cellA6B8' does not depend on any axioms
Math.B699.I11TerminalMembership.Pair25.cellA6B9 : Math.B699.CRTGrid.CellData
'Math.B699.I11TerminalMembership.Pair25.cellA6B9' does not depend on any axioms
Math.B699.I11TerminalMembership.Pair25.cellA6B10 : Math.B699.CRTGrid.CellData
'Math.B699.I11TerminalMembership.Pair25.cellA6B10' does not depend on any axioms
Math.B699.I11TerminalMembership.Pair25.cellA7B1 : Math.B699.CRTGrid.CellData
'Math.B699.I11TerminalMembership.Pair25.cellA7B1' does not depend on any axioms
Math.B699.I11TerminalMembership.Pair25.cellA7B2 : Math.B699.CRTGrid.CellData
'Math.B699.I11TerminalMembership.Pair25.cellA7B2' does not depend on any axioms
Math.B699.I11TerminalMembership.Pair25.cellA7B3 : Math.B699.CRTGrid.CellData
'Math.B699.I11TerminalMembership.Pair25.cellA7B3' does not depend on any axioms
Math.B699.I11TerminalMembership.Pair25.cellA7B4 : Math.B699.CRTGrid.CellData
'Math.B699.I11TerminalMembership.Pair25.cellA7B4' does not depend on any axioms
Math.B699.I11TerminalMembership.Pair25.cellA7B5 : Math.B699.CRTGrid.CellData
'Math.B699.I11TerminalMembership.Pair25.cellA7B5' does not depend on any axioms
Math.B699.I11TerminalMembership.Pair25.cellA7B6 : Math.B699.CRTGrid.CellData
'Math.B699.I11TerminalMembership.Pair25.cellA7B6' does not depend on any axioms
Math.B699.I11TerminalMembership.Pair25.cellA7B7 : Math.B699.CRTGrid.CellData
'Math.B699.I11TerminalMembership.Pair25.cellA7B7' does not depend on any axioms
Math.B699.I11TerminalMembership.Pair25.cellA7B8 : Math.B699.CRTGrid.CellData
'Math.B699.I11TerminalMembership.Pair25.cellA7B8' does not depend on any axioms
Math.B699.I11TerminalMembership.Pair25.cellA7B9 : Math.B699.CRTGrid.CellData
'Math.B699.I11TerminalMembership.Pair25.cellA7B9' does not depend on any axioms
Math.B699.I11TerminalMembership.Pair25.cellA7B10 : Math.B699.CRTGrid.CellData
'Math.B699.I11TerminalMembership.Pair25.cellA7B10' does not depend on any axioms
Math.B699.I11TerminalMembership.Pair25.cellA8B1 : Math.B699.CRTGrid.CellData
'Math.B699.I11TerminalMembership.Pair25.cellA8B1' does not depend on any axioms
Math.B699.I11TerminalMembership.Pair25.cellA8B2 : Math.B699.CRTGrid.CellData
'Math.B699.I11TerminalMembership.Pair25.cellA8B2' does not depend on any axioms
Math.B699.I11TerminalMembership.Pair25.cellA8B3 : Math.B699.CRTGrid.CellData
'Math.B699.I11TerminalMembership.Pair25.cellA8B3' does not depend on any axioms
Math.B699.I11TerminalMembership.Pair25.cellA8B4 : Math.B699.CRTGrid.CellData
'Math.B699.I11TerminalMembership.Pair25.cellA8B4' does not depend on any axioms
Math.B699.I11TerminalMembership.Pair25.cellA8B5 : Math.B699.CRTGrid.CellData
'Math.B699.I11TerminalMembership.Pair25.cellA8B5' does not depend on any axioms
Math.B699.I11TerminalMembership.Pair25.cellA8B6 : Math.B699.CRTGrid.CellData
'Math.B699.I11TerminalMembership.Pair25.cellA8B6' does not depend on any axioms
Math.B699.I11TerminalMembership.Pair25.cellA8B7 : Math.B699.CRTGrid.CellData
'Math.B699.I11TerminalMembership.Pair25.cellA8B7' does not depend on any axioms
Math.B699.I11TerminalMembership.Pair25.cellA8B8 : Math.B699.CRTGrid.CellData
'Math.B699.I11TerminalMembership.Pair25.cellA8B8' does not depend on any axioms
Math.B699.I11TerminalMembership.Pair25.cellA8B9 : Math.B699.CRTGrid.CellData
'Math.B699.I11TerminalMembership.Pair25.cellA8B9' does not depend on any axioms
Math.B699.I11TerminalMembership.Pair25.cellA8B10 : Math.B699.CRTGrid.CellData
'Math.B699.I11TerminalMembership.Pair25.cellA8B10' does not depend on any axioms
Math.B699.I11TerminalMembership.Pair25.cellA9B1 : Math.B699.CRTGrid.CellData
'Math.B699.I11TerminalMembership.Pair25.cellA9B1' does not depend on any axioms
Math.B699.I11TerminalMembership.Pair25.cellA9B2 : Math.B699.CRTGrid.CellData
'Math.B699.I11TerminalMembership.Pair25.cellA9B2' does not depend on any axioms
Math.B699.I11TerminalMembership.Pair25.cellA9B3 : Math.B699.CRTGrid.CellData
'Math.B699.I11TerminalMembership.Pair25.cellA9B3' does not depend on any axioms
Math.B699.I11TerminalMembership.Pair25.cellA9B4 : Math.B699.CRTGrid.CellData
'Math.B699.I11TerminalMembership.Pair25.cellA9B4' does not depend on any axioms
Math.B699.I11TerminalMembership.Pair25.cellA9B5 : Math.B699.CRTGrid.CellData
'Math.B699.I11TerminalMembership.Pair25.cellA9B5' does not depend on any axioms
Math.B699.I11TerminalMembership.Pair25.cellA9B6 : Math.B699.CRTGrid.CellData
'Math.B699.I11TerminalMembership.Pair25.cellA9B6' does not depend on any axioms
Math.B699.I11TerminalMembership.Pair25.cellA9B7 : Math.B699.CRTGrid.CellData
'Math.B699.I11TerminalMembership.Pair25.cellA9B7' does not depend on any axioms
Math.B699.I11TerminalMembership.Pair25.cellA9B8 : Math.B699.CRTGrid.CellData
'Math.B699.I11TerminalMembership.Pair25.cellA9B8' does not depend on any axioms
Math.B699.I11TerminalMembership.Pair25.cellA9B9 : Math.B699.CRTGrid.CellData
'Math.B699.I11TerminalMembership.Pair25.cellA9B9' does not depend on any axioms
Math.B699.I11TerminalMembership.Pair25.cellA9B10 : Math.B699.CRTGrid.CellData
'Math.B699.I11TerminalMembership.Pair25.cellA9B10' does not depend on any axioms
Math.B699.I11TerminalMembership.Pair25.cellA10B1 : Math.B699.CRTGrid.CellData
'Math.B699.I11TerminalMembership.Pair25.cellA10B1' does not depend on any axioms
Math.B699.I11TerminalMembership.Pair25.cellA10B2 : Math.B699.CRTGrid.CellData
'Math.B699.I11TerminalMembership.Pair25.cellA10B2' does not depend on any axioms
Math.B699.I11TerminalMembership.Pair25.cellA10B3 : Math.B699.CRTGrid.CellData
'Math.B699.I11TerminalMembership.Pair25.cellA10B3' does not depend on any axioms
Math.B699.I11TerminalMembership.Pair25.cellA10B4 : Math.B699.CRTGrid.CellData
'Math.B699.I11TerminalMembership.Pair25.cellA10B4' does not depend on any axioms
Math.B699.I11TerminalMembership.Pair25.cellA10B5 : Math.B699.CRTGrid.CellData
'Math.B699.I11TerminalMembership.Pair25.cellA10B5' does not depend on any axioms
Math.B699.I11TerminalMembership.Pair25.cellA10B6 : Math.B699.CRTGrid.CellData
'Math.B699.I11TerminalMembership.Pair25.cellA10B6' does not depend on any axioms
Math.B699.I11TerminalMembership.Pair25.cellA10B7 : Math.B699.CRTGrid.CellData
'Math.B699.I11TerminalMembership.Pair25.cellA10B7' does not depend on any axioms
Math.B699.I11TerminalMembership.Pair25.cellA10B8 : Math.B699.CRTGrid.CellData
'Math.B699.I11TerminalMembership.Pair25.cellA10B8' does not depend on any axioms
Math.B699.I11TerminalMembership.Pair25.cellA10B9 : Math.B699.CRTGrid.CellData
'Math.B699.I11TerminalMembership.Pair25.cellA10B9' does not depend on any axioms
Math.B699.I11TerminalMembership.Pair25.cellA10B10 : Math.B699.CRTGrid.CellData
'Math.B699.I11TerminalMembership.Pair25.cellA10B10' does not depend on any axioms
Math.B699.I11TerminalMembership.Pair25.cellA11B1 : Math.B699.CRTGrid.CellData
'Math.B699.I11TerminalMembership.Pair25.cellA11B1' does not depend on any axioms
Math.B699.I11TerminalMembership.Pair25.cellA11B2 : Math.B699.CRTGrid.CellData
'Math.B699.I11TerminalMembership.Pair25.cellA11B2' does not depend on any axioms
Math.B699.I11TerminalMembership.Pair25.cellA11B3 : Math.B699.CRTGrid.CellData
'Math.B699.I11TerminalMembership.Pair25.cellA11B3' does not depend on any axioms
Math.B699.I11TerminalMembership.Pair25.cellA11B4 : Math.B699.CRTGrid.CellData
'Math.B699.I11TerminalMembership.Pair25.cellA11B4' does not depend on any axioms
Math.B699.I11TerminalMembership.Pair25.cellA11B5 : Math.B699.CRTGrid.CellData
'Math.B699.I11TerminalMembership.Pair25.cellA11B5' does not depend on any axioms
Math.B699.I11TerminalMembership.Pair25.cellA11B6 : Math.B699.CRTGrid.CellData
'Math.B699.I11TerminalMembership.Pair25.cellA11B6' does not depend on any axioms
Math.B699.I11TerminalMembership.Pair25.cellA11B7 : Math.B699.CRTGrid.CellData
'Math.B699.I11TerminalMembership.Pair25.cellA11B7' does not depend on any axioms
Math.B699.I11TerminalMembership.Pair25.cellA11B8 : Math.B699.CRTGrid.CellData
'Math.B699.I11TerminalMembership.Pair25.cellA11B8' does not depend on any axioms
Math.B699.I11TerminalMembership.Pair25.cellA11B9 : Math.B699.CRTGrid.CellData
'Math.B699.I11TerminalMembership.Pair25.cellA11B9' does not depend on any axioms
Math.B699.I11TerminalMembership.Pair25.cellA11B10 : Math.B699.CRTGrid.CellData
'Math.B699.I11TerminalMembership.Pair25.cellA11B10' does not depend on any axioms
Math.B699.I11TerminalMembership.Pair25.cellA12B1 : Math.B699.CRTGrid.CellData
'Math.B699.I11TerminalMembership.Pair25.cellA12B1' does not depend on any axioms
Math.B699.I11TerminalMembership.Pair25.cellA12B2 : Math.B699.CRTGrid.CellData
'Math.B699.I11TerminalMembership.Pair25.cellA12B2' does not depend on any axioms
Math.B699.I11TerminalMembership.Pair25.cellA12B3 : Math.B699.CRTGrid.CellData
'Math.B699.I11TerminalMembership.Pair25.cellA12B3' does not depend on any axioms
Math.B699.I11TerminalMembership.Pair25.cellA12B4 : Math.B699.CRTGrid.CellData
'Math.B699.I11TerminalMembership.Pair25.cellA12B4' does not depend on any axioms
Math.B699.I11TerminalMembership.Pair25.cellA12B5 : Math.B699.CRTGrid.CellData
'Math.B699.I11TerminalMembership.Pair25.cellA12B5' does not depend on any axioms
Math.B699.I11TerminalMembership.Pair25.cellA12B6 : Math.B699.CRTGrid.CellData
'Math.B699.I11TerminalMembership.Pair25.cellA12B6' does not depend on any axioms
Math.B699.I11TerminalMembership.Pair25.cellA12B7 : Math.B699.CRTGrid.CellData
'Math.B699.I11TerminalMembership.Pair25.cellA12B7' does not depend on any axioms
Math.B699.I11TerminalMembership.Pair25.cellA12B8 : Math.B699.CRTGrid.CellData
'Math.B699.I11TerminalMembership.Pair25.cellA12B8' does not depend on any axioms
Math.B699.I11TerminalMembership.Pair25.cellA12B9 : Math.B699.CRTGrid.CellData
'Math.B699.I11TerminalMembership.Pair25.cellA12B9' does not depend on any axioms
Math.B699.I11TerminalMembership.Pair25.cellA12B10 : Math.B699.CRTGrid.CellData
'Math.B699.I11TerminalMembership.Pair25.cellA12B10' does not depend on any axioms
Math.B699.I11TerminalMembership.Pair25.cellA13B1 : Math.B699.CRTGrid.CellData
'Math.B699.I11TerminalMembership.Pair25.cellA13B1' does not depend on any axioms
Math.B699.I11TerminalMembership.Pair25.cellA13B2 : Math.B699.CRTGrid.CellData
'Math.B699.I11TerminalMembership.Pair25.cellA13B2' does not depend on any axioms
Math.B699.I11TerminalMembership.Pair25.cellA13B3 : Math.B699.CRTGrid.CellData
'Math.B699.I11TerminalMembership.Pair25.cellA13B3' does not depend on any axioms
Math.B699.I11TerminalMembership.Pair25.cellA13B4 : Math.B699.CRTGrid.CellData
'Math.B699.I11TerminalMembership.Pair25.cellA13B4' does not depend on any axioms
Math.B699.I11TerminalMembership.Pair25.cellA13B5 : Math.B699.CRTGrid.CellData
'Math.B699.I11TerminalMembership.Pair25.cellA13B5' does not depend on any axioms
Math.B699.I11TerminalMembership.Pair25.cellA13B6 : Math.B699.CRTGrid.CellData
'Math.B699.I11TerminalMembership.Pair25.cellA13B6' does not depend on any axioms
Math.B699.I11TerminalMembership.Pair25.cellA13B7 : Math.B699.CRTGrid.CellData
'Math.B699.I11TerminalMembership.Pair25.cellA13B7' does not depend on any axioms
Math.B699.I11TerminalMembership.Pair25.cellA13B8 : Math.B699.CRTGrid.CellData
'Math.B699.I11TerminalMembership.Pair25.cellA13B8' does not depend on any axioms
Math.B699.I11TerminalMembership.Pair25.cellA13B9 : Math.B699.CRTGrid.CellData
'Math.B699.I11TerminalMembership.Pair25.cellA13B9' does not depend on any axioms
Math.B699.I11TerminalMembership.Pair25.cellA13B10 : Math.B699.CRTGrid.CellData
'Math.B699.I11TerminalMembership.Pair25.cellA13B10' does not depend on any axioms
Math.B699.I11TerminalMembership.Pair25.cellA14B1 : Math.B699.CRTGrid.CellData
'Math.B699.I11TerminalMembership.Pair25.cellA14B1' does not depend on any axioms
Math.B699.I11TerminalMembership.Pair25.cellA14B2 : Math.B699.CRTGrid.CellData
'Math.B699.I11TerminalMembership.Pair25.cellA14B2' does not depend on any axioms
Math.B699.I11TerminalMembership.Pair25.cellA14B3 : Math.B699.CRTGrid.CellData
'Math.B699.I11TerminalMembership.Pair25.cellA14B3' does not depend on any axioms
Math.B699.I11TerminalMembership.Pair25.cellA14B4 : Math.B699.CRTGrid.CellData
'Math.B699.I11TerminalMembership.Pair25.cellA14B4' does not depend on any axioms
Math.B699.I11TerminalMembership.Pair25.cellA14B5 : Math.B699.CRTGrid.CellData
'Math.B699.I11TerminalMembership.Pair25.cellA14B5' does not depend on any axioms
Math.B699.I11TerminalMembership.Pair25.cellA14B6 : Math.B699.CRTGrid.CellData
'Math.B699.I11TerminalMembership.Pair25.cellA14B6' does not depend on any axioms
Math.B699.I11TerminalMembership.Pair25.cellA14B7 : Math.B699.CRTGrid.CellData
'Math.B699.I11TerminalMembership.Pair25.cellA14B7' does not depend on any axioms
Math.B699.I11TerminalMembership.Pair25.cellA14B8 : Math.B699.CRTGrid.CellData
'Math.B699.I11TerminalMembership.Pair25.cellA14B8' does not depend on any axioms
Math.B699.I11TerminalMembership.Pair25.cellA14B9 : Math.B699.CRTGrid.CellData
'Math.B699.I11TerminalMembership.Pair25.cellA14B9' does not depend on any axioms
Math.B699.I11TerminalMembership.Pair25.cellA14B10 : Math.B699.CRTGrid.CellData
'Math.B699.I11TerminalMembership.Pair25.cellA14B10' does not depend on any axioms
Math.B699.I11TerminalMembership.Pair25.cellA15B1 : Math.B699.CRTGrid.CellData
'Math.B699.I11TerminalMembership.Pair25.cellA15B1' does not depend on any axioms
Math.B699.I11TerminalMembership.Pair25.cellA15B2 : Math.B699.CRTGrid.CellData
'Math.B699.I11TerminalMembership.Pair25.cellA15B2' does not depend on any axioms
Math.B699.I11TerminalMembership.Pair25.cellA15B3 : Math.B699.CRTGrid.CellData
'Math.B699.I11TerminalMembership.Pair25.cellA15B3' does not depend on any axioms
Math.B699.I11TerminalMembership.Pair25.cellA15B4 : Math.B699.CRTGrid.CellData
'Math.B699.I11TerminalMembership.Pair25.cellA15B4' does not depend on any axioms
Math.B699.I11TerminalMembership.Pair25.cellA15B5 : Math.B699.CRTGrid.CellData
'Math.B699.I11TerminalMembership.Pair25.cellA15B5' does not depend on any axioms
Math.B699.I11TerminalMembership.Pair25.cellA15B6 : Math.B699.CRTGrid.CellData
'Math.B699.I11TerminalMembership.Pair25.cellA15B6' does not depend on any axioms
Math.B699.I11TerminalMembership.Pair25.cellA15B7 : Math.B699.CRTGrid.CellData
'Math.B699.I11TerminalMembership.Pair25.cellA15B7' does not depend on any axioms
Math.B699.I11TerminalMembership.Pair25.cellA15B8 : Math.B699.CRTGrid.CellData
'Math.B699.I11TerminalMembership.Pair25.cellA15B8' does not depend on any axioms
Math.B699.I11TerminalMembership.Pair25.cellA15B9 : Math.B699.CRTGrid.CellData
'Math.B699.I11TerminalMembership.Pair25.cellA15B9' does not depend on any axioms
Math.B699.I11TerminalMembership.Pair25.cellA15B10 : Math.B699.CRTGrid.CellData
'Math.B699.I11TerminalMembership.Pair25.cellA15B10' does not depend on any axioms
Math.B699.I11TerminalMembership.Pair25.cellA16B1 : Math.B699.CRTGrid.CellData
'Math.B699.I11TerminalMembership.Pair25.cellA16B1' does not depend on any axioms
Math.B699.I11TerminalMembership.Pair25.cellA16B2 : Math.B699.CRTGrid.CellData
'Math.B699.I11TerminalMembership.Pair25.cellA16B2' does not depend on any axioms
Math.B699.I11TerminalMembership.Pair25.cellA16B3 : Math.B699.CRTGrid.CellData
'Math.B699.I11TerminalMembership.Pair25.cellA16B3' does not depend on any axioms
Math.B699.I11TerminalMembership.Pair25.cellA16B4 : Math.B699.CRTGrid.CellData
'Math.B699.I11TerminalMembership.Pair25.cellA16B4' does not depend on any axioms
Math.B699.I11TerminalMembership.Pair25.cellA16B5 : Math.B699.CRTGrid.CellData
'Math.B699.I11TerminalMembership.Pair25.cellA16B5' does not depend on any axioms
Math.B699.I11TerminalMembership.Pair25.cellA16B6 : Math.B699.CRTGrid.CellData
'Math.B699.I11TerminalMembership.Pair25.cellA16B6' does not depend on any axioms
Math.B699.I11TerminalMembership.Pair25.cellA16B7 : Math.B699.CRTGrid.CellData
'Math.B699.I11TerminalMembership.Pair25.cellA16B7' does not depend on any axioms
Math.B699.I11TerminalMembership.Pair25.cellA16B8 : Math.B699.CRTGrid.CellData
'Math.B699.I11TerminalMembership.Pair25.cellA16B8' does not depend on any axioms
Math.B699.I11TerminalMembership.Pair25.cellA16B9 : Math.B699.CRTGrid.CellData
'Math.B699.I11TerminalMembership.Pair25.cellA16B9' does not depend on any axioms
Math.B699.I11TerminalMembership.Pair25.cellA16B10 : Math.B699.CRTGrid.CellData
'Math.B699.I11TerminalMembership.Pair25.cellA16B10' does not depend on any axioms
Math.B699.I11TerminalMembership.Pair25.cellA17B1 : Math.B699.CRTGrid.CellData
'Math.B699.I11TerminalMembership.Pair25.cellA17B1' does not depend on any axioms
Math.B699.I11TerminalMembership.Pair25.cellA17B2 : Math.B699.CRTGrid.CellData
'Math.B699.I11TerminalMembership.Pair25.cellA17B2' does not depend on any axioms
Math.B699.I11TerminalMembership.Pair25.cellA17B3 : Math.B699.CRTGrid.CellData
'Math.B699.I11TerminalMembership.Pair25.cellA17B3' does not depend on any axioms
Math.B699.I11TerminalMembership.Pair25.cellA17B4 : Math.B699.CRTGrid.CellData
'Math.B699.I11TerminalMembership.Pair25.cellA17B4' does not depend on any axioms
Math.B699.I11TerminalMembership.Pair25.cellA17B5 : Math.B699.CRTGrid.CellData
'Math.B699.I11TerminalMembership.Pair25.cellA17B5' does not depend on any axioms
Math.B699.I11TerminalMembership.Pair25.cellA17B6 : Math.B699.CRTGrid.CellData
'Math.B699.I11TerminalMembership.Pair25.cellA17B6' does not depend on any axioms
Math.B699.I11TerminalMembership.Pair25.cellA17B7 : Math.B699.CRTGrid.CellData
'Math.B699.I11TerminalMembership.Pair25.cellA17B7' does not depend on any axioms
Math.B699.I11TerminalMembership.Pair25.cellA17B8 : Math.B699.CRTGrid.CellData
'Math.B699.I11TerminalMembership.Pair25.cellA17B8' does not depend on any axioms
Math.B699.I11TerminalMembership.Pair25.cellA17B9 : Math.B699.CRTGrid.CellData
'Math.B699.I11TerminalMembership.Pair25.cellA17B9' does not depend on any axioms
Math.B699.I11TerminalMembership.Pair25.cellA17B10 : Math.B699.CRTGrid.CellData
'Math.B699.I11TerminalMembership.Pair25.cellA17B10' does not depend on any axioms
Math.B699.I11TerminalMembership.Pair25.cellA18B1 : Math.B699.CRTGrid.CellData
'Math.B699.I11TerminalMembership.Pair25.cellA18B1' does not depend on any axioms
Math.B699.I11TerminalMembership.Pair25.cellA18B2 : Math.B699.CRTGrid.CellData
'Math.B699.I11TerminalMembership.Pair25.cellA18B2' does not depend on any axioms
Math.B699.I11TerminalMembership.Pair25.cellA18B3 : Math.B699.CRTGrid.CellData
'Math.B699.I11TerminalMembership.Pair25.cellA18B3' does not depend on any axioms
Math.B699.I11TerminalMembership.Pair25.cellA18B4 : Math.B699.CRTGrid.CellData
'Math.B699.I11TerminalMembership.Pair25.cellA18B4' does not depend on any axioms
Math.B699.I11TerminalMembership.Pair25.cellA18B5 : Math.B699.CRTGrid.CellData
'Math.B699.I11TerminalMembership.Pair25.cellA18B5' does not depend on any axioms
Math.B699.I11TerminalMembership.Pair25.cellA18B6 : Math.B699.CRTGrid.CellData
'Math.B699.I11TerminalMembership.Pair25.cellA18B6' does not depend on any axioms
Math.B699.I11TerminalMembership.Pair25.cellA18B7 : Math.B699.CRTGrid.CellData
'Math.B699.I11TerminalMembership.Pair25.cellA18B7' does not depend on any axioms
Math.B699.I11TerminalMembership.Pair25.cellA18B8 : Math.B699.CRTGrid.CellData
'Math.B699.I11TerminalMembership.Pair25.cellA18B8' does not depend on any axioms
Math.B699.I11TerminalMembership.Pair25.cellA18B9 : Math.B699.CRTGrid.CellData
'Math.B699.I11TerminalMembership.Pair25.cellA18B9' does not depend on any axioms
Math.B699.I11TerminalMembership.Pair25.cellA18B10 : Math.B699.CRTGrid.CellData
'Math.B699.I11TerminalMembership.Pair25.cellA18B10' does not depend on any axioms
Math.B699.I11TerminalMembership.Pair25.cellA19B1 : Math.B699.CRTGrid.CellData
'Math.B699.I11TerminalMembership.Pair25.cellA19B1' does not depend on any axioms
Math.B699.I11TerminalMembership.Pair25.cellA19B2 : Math.B699.CRTGrid.CellData
'Math.B699.I11TerminalMembership.Pair25.cellA19B2' does not depend on any axioms
Math.B699.I11TerminalMembership.Pair25.cellA19B3 : Math.B699.CRTGrid.CellData
'Math.B699.I11TerminalMembership.Pair25.cellA19B3' does not depend on any axioms
Math.B699.I11TerminalMembership.Pair25.cellA19B4 : Math.B699.CRTGrid.CellData
'Math.B699.I11TerminalMembership.Pair25.cellA19B4' does not depend on any axioms
Math.B699.I11TerminalMembership.Pair25.cellA19B5 : Math.B699.CRTGrid.CellData
'Math.B699.I11TerminalMembership.Pair25.cellA19B5' does not depend on any axioms
Math.B699.I11TerminalMembership.Pair25.cellA19B6 : Math.B699.CRTGrid.CellData
'Math.B699.I11TerminalMembership.Pair25.cellA19B6' does not depend on any axioms
Math.B699.I11TerminalMembership.Pair25.cellA19B7 : Math.B699.CRTGrid.CellData
'Math.B699.I11TerminalMembership.Pair25.cellA19B7' does not depend on any axioms
Math.B699.I11TerminalMembership.Pair25.cellA19B8 : Math.B699.CRTGrid.CellData
'Math.B699.I11TerminalMembership.Pair25.cellA19B8' does not depend on any axioms
Math.B699.I11TerminalMembership.Pair25.cellA19B9 : Math.B699.CRTGrid.CellData
'Math.B699.I11TerminalMembership.Pair25.cellA19B9' does not depend on any axioms
Math.B699.I11TerminalMembership.Pair25.cellA19B10 : Math.B699.CRTGrid.CellData
'Math.B699.I11TerminalMembership.Pair25.cellA19B10' does not depend on any axioms
Math.B699.I11TerminalMembership.Pair25.cellA20B1 : Math.B699.CRTGrid.CellData
'Math.B699.I11TerminalMembership.Pair25.cellA20B1' does not depend on any axioms
Math.B699.I11TerminalMembership.Pair25.cellA20B2 : Math.B699.CRTGrid.CellData
'Math.B699.I11TerminalMembership.Pair25.cellA20B2' does not depend on any axioms
Math.B699.I11TerminalMembership.Pair25.cellA20B3 : Math.B699.CRTGrid.CellData
'Math.B699.I11TerminalMembership.Pair25.cellA20B3' does not depend on any axioms
Math.B699.I11TerminalMembership.Pair25.cellA20B4 : Math.B699.CRTGrid.CellData
'Math.B699.I11TerminalMembership.Pair25.cellA20B4' does not depend on any axioms
Math.B699.I11TerminalMembership.Pair25.cellA20B5 : Math.B699.CRTGrid.CellData
'Math.B699.I11TerminalMembership.Pair25.cellA20B5' does not depend on any axioms
Math.B699.I11TerminalMembership.Pair25.cellA20B6 : Math.B699.CRTGrid.CellData
'Math.B699.I11TerminalMembership.Pair25.cellA20B6' does not depend on any axioms
Math.B699.I11TerminalMembership.Pair25.cellA20B7 : Math.B699.CRTGrid.CellData
'Math.B699.I11TerminalMembership.Pair25.cellA20B7' does not depend on any axioms
Math.B699.I11TerminalMembership.Pair25.cellA20B8 : Math.B699.CRTGrid.CellData
'Math.B699.I11TerminalMembership.Pair25.cellA20B8' does not depend on any axioms
Math.B699.I11TerminalMembership.Pair25.cellA20B9 : Math.B699.CRTGrid.CellData
'Math.B699.I11TerminalMembership.Pair25.cellA20B9' does not depend on any axioms
Math.B699.I11TerminalMembership.Pair25.cellA20B10 : Math.B699.CRTGrid.CellData
'Math.B699.I11TerminalMembership.Pair25.cellA20B10' does not depend on any axioms
Math.B699.I11TerminalMembership.Pair25.cellA21B1 : Math.B699.CRTGrid.CellData
'Math.B699.I11TerminalMembership.Pair25.cellA21B1' does not depend on any axioms
Math.B699.I11TerminalMembership.Pair25.cellA21B2 : Math.B699.CRTGrid.CellData
'Math.B699.I11TerminalMembership.Pair25.cellA21B2' does not depend on any axioms
Math.B699.I11TerminalMembership.Pair25.cellA21B3 : Math.B699.CRTGrid.CellData
'Math.B699.I11TerminalMembership.Pair25.cellA21B3' does not depend on any axioms
Math.B699.I11TerminalMembership.Pair25.cellA21B4 : Math.B699.CRTGrid.CellData
'Math.B699.I11TerminalMembership.Pair25.cellA21B4' does not depend on any axioms
Math.B699.I11TerminalMembership.Pair25.cellA21B5 : Math.B699.CRTGrid.CellData
'Math.B699.I11TerminalMembership.Pair25.cellA21B5' does not depend on any axioms
Math.B699.I11TerminalMembership.Pair25.cellA21B6 : Math.B699.CRTGrid.CellData
'Math.B699.I11TerminalMembership.Pair25.cellA21B6' does not depend on any axioms
Math.B699.I11TerminalMembership.Pair25.cellA21B7 : Math.B699.CRTGrid.CellData
'Math.B699.I11TerminalMembership.Pair25.cellA21B7' does not depend on any axioms
Math.B699.I11TerminalMembership.Pair25.cellA21B8 : Math.B699.CRTGrid.CellData
'Math.B699.I11TerminalMembership.Pair25.cellA21B8' does not depend on any axioms
Math.B699.I11TerminalMembership.Pair25.cellA21B9 : Math.B699.CRTGrid.CellData
'Math.B699.I11TerminalMembership.Pair25.cellA21B9' does not depend on any axioms
Math.B699.I11TerminalMembership.Pair25.cellA21B10 : Math.B699.CRTGrid.CellData
'Math.B699.I11TerminalMembership.Pair25.cellA21B10' does not depend on any axioms
Math.B699.I11TerminalMembership.Pair25.cellA22B1 : Math.B699.CRTGrid.CellData
'Math.B699.I11TerminalMembership.Pair25.cellA22B1' does not depend on any axioms
Math.B699.I11TerminalMembership.Pair25.cellA22B2 : Math.B699.CRTGrid.CellData
'Math.B699.I11TerminalMembership.Pair25.cellA22B2' does not depend on any axioms
Math.B699.I11TerminalMembership.Pair25.cellA22B3 : Math.B699.CRTGrid.CellData
'Math.B699.I11TerminalMembership.Pair25.cellA22B3' does not depend on any axioms
Math.B699.I11TerminalMembership.Pair25.cellA22B4 : Math.B699.CRTGrid.CellData
'Math.B699.I11TerminalMembership.Pair25.cellA22B4' does not depend on any axioms
Math.B699.I11TerminalMembership.Pair25.cellA22B5 : Math.B699.CRTGrid.CellData
'Math.B699.I11TerminalMembership.Pair25.cellA22B5' does not depend on any axioms
Math.B699.I11TerminalMembership.Pair25.cellA22B6 : Math.B699.CRTGrid.CellData
'Math.B699.I11TerminalMembership.Pair25.cellA22B6' does not depend on any axioms
Math.B699.I11TerminalMembership.Pair25.cellA22B7 : Math.B699.CRTGrid.CellData
'Math.B699.I11TerminalMembership.Pair25.cellA22B7' does not depend on any axioms
Math.B699.I11TerminalMembership.Pair25.cellA22B8 : Math.B699.CRTGrid.CellData
'Math.B699.I11TerminalMembership.Pair25.cellA22B8' does not depend on any axioms
Math.B699.I11TerminalMembership.Pair25.cellA22B9 : Math.B699.CRTGrid.CellData
'Math.B699.I11TerminalMembership.Pair25.cellA22B9' does not depend on any axioms
Math.B699.I11TerminalMembership.Pair25.cellA22B10 : Math.B699.CRTGrid.CellData
'Math.B699.I11TerminalMembership.Pair25.cellA22B10' does not depend on any axioms
Math.B699.I11TerminalMembership.Pair25.cellA23B1 : Math.B699.CRTGrid.CellData
'Math.B699.I11TerminalMembership.Pair25.cellA23B1' does not depend on any axioms
Math.B699.I11TerminalMembership.Pair25.cellA23B2 : Math.B699.CRTGrid.CellData
'Math.B699.I11TerminalMembership.Pair25.cellA23B2' does not depend on any axioms
Math.B699.I11TerminalMembership.Pair25.cellA23B3 : Math.B699.CRTGrid.CellData
'Math.B699.I11TerminalMembership.Pair25.cellA23B3' does not depend on any axioms
Math.B699.I11TerminalMembership.Pair25.cellA23B4 : Math.B699.CRTGrid.CellData
'Math.B699.I11TerminalMembership.Pair25.cellA23B4' does not depend on any axioms
Math.B699.I11TerminalMembership.Pair25.cellA23B5 : Math.B699.CRTGrid.CellData
'Math.B699.I11TerminalMembership.Pair25.cellA23B5' does not depend on any axioms
Math.B699.I11TerminalMembership.Pair25.cellA23B6 : Math.B699.CRTGrid.CellData
'Math.B699.I11TerminalMembership.Pair25.cellA23B6' does not depend on any axioms
Math.B699.I11TerminalMembership.Pair25.cellA23B7 : Math.B699.CRTGrid.CellData
'Math.B699.I11TerminalMembership.Pair25.cellA23B7' does not depend on any axioms
Math.B699.I11TerminalMembership.Pair25.cellA23B8 : Math.B699.CRTGrid.CellData
'Math.B699.I11TerminalMembership.Pair25.cellA23B8' does not depend on any axioms
Math.B699.I11TerminalMembership.Pair25.cellA23B9 : Math.B699.CRTGrid.CellData
'Math.B699.I11TerminalMembership.Pair25.cellA23B9' does not depend on any axioms
Math.B699.I11TerminalMembership.Pair25.cellA23B10 : Math.B699.CRTGrid.CellData
'Math.B699.I11TerminalMembership.Pair25.cellA23B10' does not depend on any axioms
Math.B699.I11TerminalMembership.Pair25.cellA24B1 : Math.B699.CRTGrid.CellData
'Math.B699.I11TerminalMembership.Pair25.cellA24B1' does not depend on any axioms
Math.B699.I11TerminalMembership.Pair25.cellA24B2 : Math.B699.CRTGrid.CellData
'Math.B699.I11TerminalMembership.Pair25.cellA24B2' does not depend on any axioms
Math.B699.I11TerminalMembership.Pair25.cellA24B3 : Math.B699.CRTGrid.CellData
'Math.B699.I11TerminalMembership.Pair25.cellA24B3' does not depend on any axioms
Math.B699.I11TerminalMembership.Pair25.cellA24B4 : Math.B699.CRTGrid.CellData
'Math.B699.I11TerminalMembership.Pair25.cellA24B4' does not depend on any axioms
Math.B699.I11TerminalMembership.Pair25.cellA24B5 : Math.B699.CRTGrid.CellData
'Math.B699.I11TerminalMembership.Pair25.cellA24B5' does not depend on any axioms
Math.B699.I11TerminalMembership.Pair25.cellA24B6 : Math.B699.CRTGrid.CellData
'Math.B699.I11TerminalMembership.Pair25.cellA24B6' does not depend on any axioms
Math.B699.I11TerminalMembership.Pair25.cellA24B7 : Math.B699.CRTGrid.CellData
'Math.B699.I11TerminalMembership.Pair25.cellA24B7' does not depend on any axioms
Math.B699.I11TerminalMembership.Pair25.cellA24B8 : Math.B699.CRTGrid.CellData
'Math.B699.I11TerminalMembership.Pair25.cellA24B8' does not depend on any axioms
Math.B699.I11TerminalMembership.Pair25.cellA24B9 : Math.B699.CRTGrid.CellData
'Math.B699.I11TerminalMembership.Pair25.cellA24B9' does not depend on any axioms
Math.B699.I11TerminalMembership.Pair25.cellA24B10 : Math.B699.CRTGrid.CellData
'Math.B699.I11TerminalMembership.Pair25.cellA24B10' does not depend on any axioms
Math.B699.I11TerminalMembership.Pair25.rowA1 (b : ℕ) : Math.B699.CRTGrid.CellData
'Math.B699.I11TerminalMembership.Pair25.rowA1' does not depend on any axioms
Math.B699.I11TerminalMembership.Pair25.rowA2 (b : ℕ) : Math.B699.CRTGrid.CellData
'Math.B699.I11TerminalMembership.Pair25.rowA2' does not depend on any axioms
Math.B699.I11TerminalMembership.Pair25.rowA3 (b : ℕ) : Math.B699.CRTGrid.CellData
'Math.B699.I11TerminalMembership.Pair25.rowA3' does not depend on any axioms
Math.B699.I11TerminalMembership.Pair25.rowA4 (b : ℕ) : Math.B699.CRTGrid.CellData
'Math.B699.I11TerminalMembership.Pair25.rowA4' does not depend on any axioms
Math.B699.I11TerminalMembership.Pair25.rowA5 (b : ℕ) : Math.B699.CRTGrid.CellData
'Math.B699.I11TerminalMembership.Pair25.rowA5' does not depend on any axioms
Math.B699.I11TerminalMembership.Pair25.rowA6 (b : ℕ) : Math.B699.CRTGrid.CellData
'Math.B699.I11TerminalMembership.Pair25.rowA6' does not depend on any axioms
Math.B699.I11TerminalMembership.Pair25.rowA7 (b : ℕ) : Math.B699.CRTGrid.CellData
'Math.B699.I11TerminalMembership.Pair25.rowA7' does not depend on any axioms
Math.B699.I11TerminalMembership.Pair25.rowA8 (b : ℕ) : Math.B699.CRTGrid.CellData
'Math.B699.I11TerminalMembership.Pair25.rowA8' does not depend on any axioms
Math.B699.I11TerminalMembership.Pair25.rowA9 (b : ℕ) : Math.B699.CRTGrid.CellData
'Math.B699.I11TerminalMembership.Pair25.rowA9' does not depend on any axioms
Math.B699.I11TerminalMembership.Pair25.rowA10 (b : ℕ) : Math.B699.CRTGrid.CellData
'Math.B699.I11TerminalMembership.Pair25.rowA10' does not depend on any axioms
Math.B699.I11TerminalMembership.Pair25.rowA11 (b : ℕ) : Math.B699.CRTGrid.CellData
'Math.B699.I11TerminalMembership.Pair25.rowA11' does not depend on any axioms
Math.B699.I11TerminalMembership.Pair25.rowA12 (b : ℕ) : Math.B699.CRTGrid.CellData
'Math.B699.I11TerminalMembership.Pair25.rowA12' does not depend on any axioms
Math.B699.I11TerminalMembership.Pair25.rowA13 (b : ℕ) : Math.B699.CRTGrid.CellData
'Math.B699.I11TerminalMembership.Pair25.rowA13' does not depend on any axioms
Math.B699.I11TerminalMembership.Pair25.rowA14 (b : ℕ) : Math.B699.CRTGrid.CellData
'Math.B699.I11TerminalMembership.Pair25.rowA14' does not depend on any axioms
Math.B699.I11TerminalMembership.Pair25.rowA15 (b : ℕ) : Math.B699.CRTGrid.CellData
'Math.B699.I11TerminalMembership.Pair25.rowA15' does not depend on any axioms
Math.B699.I11TerminalMembership.Pair25.rowA16 (b : ℕ) : Math.B699.CRTGrid.CellData
'Math.B699.I11TerminalMembership.Pair25.rowA16' does not depend on any axioms
Math.B699.I11TerminalMembership.Pair25.rowA17 (b : ℕ) : Math.B699.CRTGrid.CellData
'Math.B699.I11TerminalMembership.Pair25.rowA17' does not depend on any axioms
Math.B699.I11TerminalMembership.Pair25.rowA18 (b : ℕ) : Math.B699.CRTGrid.CellData
'Math.B699.I11TerminalMembership.Pair25.rowA18' does not depend on any axioms
Math.B699.I11TerminalMembership.Pair25.rowA19 (b : ℕ) : Math.B699.CRTGrid.CellData
'Math.B699.I11TerminalMembership.Pair25.rowA19' does not depend on any axioms
Math.B699.I11TerminalMembership.Pair25.rowA20 (b : ℕ) : Math.B699.CRTGrid.CellData
'Math.B699.I11TerminalMembership.Pair25.rowA20' does not depend on any axioms
Math.B699.I11TerminalMembership.Pair25.rowA21 (b : ℕ) : Math.B699.CRTGrid.CellData
'Math.B699.I11TerminalMembership.Pair25.rowA21' does not depend on any axioms
Math.B699.I11TerminalMembership.Pair25.rowA22 (b : ℕ) : Math.B699.CRTGrid.CellData
'Math.B699.I11TerminalMembership.Pair25.rowA22' does not depend on any axioms
Math.B699.I11TerminalMembership.Pair25.rowA23 (b : ℕ) : Math.B699.CRTGrid.CellData
'Math.B699.I11TerminalMembership.Pair25.rowA23' does not depend on any axioms
Math.B699.I11TerminalMembership.Pair25.rowA24 (b : ℕ) : Math.B699.CRTGrid.CellData
'Math.B699.I11TerminalMembership.Pair25.rowA24' does not depend on any axioms
Math.B699.I11TerminalMembership.Pair25.cells (a b : ℕ) : Math.B699.CRTGrid.CellData
'Math.B699.I11TerminalMembership.Pair25.cells' does not depend on any axioms
Math.B699.I11TerminalMembership.Pair25.cellA1B1_check :
  Math.B699.I11TerminalCRT.cellCoverCheck (2 ^ 1) (5 ^ 1)
      (Math.B699.CRTGrid.heightCap B699LowIndex.I11CrtStageMetadata.Stage04.H B699LowIndex.I11CrtStageMetadata.Stage04.M
        (2 ^ 1))
      (Math.B699.CRTGrid.heightCap B699LowIndex.I11CrtStageMetadata.Stage04.H B699LowIndex.I11CrtStageMetadata.Stage04.M
        (5 ^ 1))
      Math.B699.I11TerminalMembership.Pair25.cellA1B1 Math.B699.I11TerminalMembership.candidates =
    true
'Math.B699.I11TerminalMembership.Pair25.cellA1B1_check' depends on axioms: [propext]
Math.B699.I11TerminalMembership.Pair25.cellA1B2_check :
  Math.B699.I11TerminalCRT.cellCoverCheck (2 ^ 1) (5 ^ 2)
      (Math.B699.CRTGrid.heightCap B699LowIndex.I11CrtStageMetadata.Stage04.H B699LowIndex.I11CrtStageMetadata.Stage04.M
        (2 ^ 1))
      (Math.B699.CRTGrid.heightCap B699LowIndex.I11CrtStageMetadata.Stage04.H B699LowIndex.I11CrtStageMetadata.Stage04.M
        (5 ^ 2))
      Math.B699.I11TerminalMembership.Pair25.cellA1B2 Math.B699.I11TerminalMembership.candidates =
    true
'Math.B699.I11TerminalMembership.Pair25.cellA1B2_check' depends on axioms: [propext]
Math.B699.I11TerminalMembership.Pair25.cellA1B3_check :
  Math.B699.I11TerminalCRT.cellCoverCheck (2 ^ 1) (5 ^ 3)
      (Math.B699.CRTGrid.heightCap B699LowIndex.I11CrtStageMetadata.Stage04.H B699LowIndex.I11CrtStageMetadata.Stage04.M
        (2 ^ 1))
      (Math.B699.CRTGrid.heightCap B699LowIndex.I11CrtStageMetadata.Stage04.H B699LowIndex.I11CrtStageMetadata.Stage04.M
        (5 ^ 3))
      Math.B699.I11TerminalMembership.Pair25.cellA1B3 Math.B699.I11TerminalMembership.candidates =
    true
'Math.B699.I11TerminalMembership.Pair25.cellA1B3_check' depends on axioms: [propext]
Math.B699.I11TerminalMembership.Pair25.cellA1B4_check :
  Math.B699.I11TerminalCRT.cellCoverCheck (2 ^ 1) (5 ^ 4)
      (Math.B699.CRTGrid.heightCap B699LowIndex.I11CrtStageMetadata.Stage04.H B699LowIndex.I11CrtStageMetadata.Stage04.M
        (2 ^ 1))
      (Math.B699.CRTGrid.heightCap B699LowIndex.I11CrtStageMetadata.Stage04.H B699LowIndex.I11CrtStageMetadata.Stage04.M
        (5 ^ 4))
      Math.B699.I11TerminalMembership.Pair25.cellA1B4 Math.B699.I11TerminalMembership.candidates =
    true
'Math.B699.I11TerminalMembership.Pair25.cellA1B4_check' depends on axioms: [propext]
Math.B699.I11TerminalMembership.Pair25.cellA1B5_check :
  Math.B699.I11TerminalCRT.cellCoverCheck (2 ^ 1) (5 ^ 5)
      (Math.B699.CRTGrid.heightCap B699LowIndex.I11CrtStageMetadata.Stage04.H B699LowIndex.I11CrtStageMetadata.Stage04.M
        (2 ^ 1))
      (Math.B699.CRTGrid.heightCap B699LowIndex.I11CrtStageMetadata.Stage04.H B699LowIndex.I11CrtStageMetadata.Stage04.M
        (5 ^ 5))
      Math.B699.I11TerminalMembership.Pair25.cellA1B5 Math.B699.I11TerminalMembership.candidates =
    true
'Math.B699.I11TerminalMembership.Pair25.cellA1B5_check' depends on axioms: [propext]
Math.B699.I11TerminalMembership.Pair25.cellA1B6_check :
  Math.B699.I11TerminalCRT.cellCoverCheck (2 ^ 1) (5 ^ 6)
      (Math.B699.CRTGrid.heightCap B699LowIndex.I11CrtStageMetadata.Stage04.H B699LowIndex.I11CrtStageMetadata.Stage04.M
        (2 ^ 1))
      (Math.B699.CRTGrid.heightCap B699LowIndex.I11CrtStageMetadata.Stage04.H B699LowIndex.I11CrtStageMetadata.Stage04.M
        (5 ^ 6))
      Math.B699.I11TerminalMembership.Pair25.cellA1B6 Math.B699.I11TerminalMembership.candidates =
    true
'Math.B699.I11TerminalMembership.Pair25.cellA1B6_check' depends on axioms: [propext]
Math.B699.I11TerminalMembership.Pair25.cellA1B7_check :
  Math.B699.I11TerminalCRT.cellCoverCheck (2 ^ 1) (5 ^ 7)
      (Math.B699.CRTGrid.heightCap B699LowIndex.I11CrtStageMetadata.Stage04.H B699LowIndex.I11CrtStageMetadata.Stage04.M
        (2 ^ 1))
      (Math.B699.CRTGrid.heightCap B699LowIndex.I11CrtStageMetadata.Stage04.H B699LowIndex.I11CrtStageMetadata.Stage04.M
        (5 ^ 7))
      Math.B699.I11TerminalMembership.Pair25.cellA1B7 Math.B699.I11TerminalMembership.candidates =
    true
'Math.B699.I11TerminalMembership.Pair25.cellA1B7_check' depends on axioms: [propext]
Math.B699.I11TerminalMembership.Pair25.cellA1B8_check :
  Math.B699.I11TerminalCRT.cellCoverCheck (2 ^ 1) (5 ^ 8)
      (Math.B699.CRTGrid.heightCap B699LowIndex.I11CrtStageMetadata.Stage04.H B699LowIndex.I11CrtStageMetadata.Stage04.M
        (2 ^ 1))
      (Math.B699.CRTGrid.heightCap B699LowIndex.I11CrtStageMetadata.Stage04.H B699LowIndex.I11CrtStageMetadata.Stage04.M
        (5 ^ 8))
      Math.B699.I11TerminalMembership.Pair25.cellA1B8 Math.B699.I11TerminalMembership.candidates =
    true
'Math.B699.I11TerminalMembership.Pair25.cellA1B8_check' depends on axioms: [propext]
Math.B699.I11TerminalMembership.Pair25.cellA1B9_check :
  Math.B699.I11TerminalCRT.cellCoverCheck (2 ^ 1) (5 ^ 9)
      (Math.B699.CRTGrid.heightCap B699LowIndex.I11CrtStageMetadata.Stage04.H B699LowIndex.I11CrtStageMetadata.Stage04.M
        (2 ^ 1))
      (Math.B699.CRTGrid.heightCap B699LowIndex.I11CrtStageMetadata.Stage04.H B699LowIndex.I11CrtStageMetadata.Stage04.M
        (5 ^ 9))
      Math.B699.I11TerminalMembership.Pair25.cellA1B9 Math.B699.I11TerminalMembership.candidates =
    true
'Math.B699.I11TerminalMembership.Pair25.cellA1B9_check' depends on axioms: [propext]
Math.B699.I11TerminalMembership.Pair25.cellA1B10_check :
  Math.B699.I11TerminalCRT.cellCoverCheck (2 ^ 1) (5 ^ 10)
      (Math.B699.CRTGrid.heightCap B699LowIndex.I11CrtStageMetadata.Stage04.H B699LowIndex.I11CrtStageMetadata.Stage04.M
        (2 ^ 1))
      (Math.B699.CRTGrid.heightCap B699LowIndex.I11CrtStageMetadata.Stage04.H B699LowIndex.I11CrtStageMetadata.Stage04.M
        (5 ^ 10))
      Math.B699.I11TerminalMembership.Pair25.cellA1B10 Math.B699.I11TerminalMembership.candidates =
    true
'Math.B699.I11TerminalMembership.Pair25.cellA1B10_check' depends on axioms: [propext]
Math.B699.I11TerminalMembership.Pair25.rowA1_cell_check (b : ℕ) (hb0 : 1 ≤ b) (hb1 : b ≤ 10) :
  Math.B699.I11TerminalCRT.cellCoverCheck (2 ^ 1) (5 ^ b)
      (Math.B699.CRTGrid.heightCap B699LowIndex.I11CrtStageMetadata.Stage04.H B699LowIndex.I11CrtStageMetadata.Stage04.M
        (2 ^ 1))
      (Math.B699.CRTGrid.heightCap B699LowIndex.I11CrtStageMetadata.Stage04.H B699LowIndex.I11CrtStageMetadata.Stage04.M
        (5 ^ b))
      (Math.B699.I11TerminalMembership.Pair25.rowA1 b) Math.B699.I11TerminalMembership.candidates =
    true
'Math.B699.I11TerminalMembership.Pair25.rowA1_cell_check' depends on axioms: [propext]
Math.B699.I11TerminalMembership.Pair25.rowA1_block_check :
  Math.B699.I11TerminalCRT.blockCoverCheck 2 5 B699LowIndex.I11CrtStageMetadata.Stage04.H
      B699LowIndex.I11CrtStageMetadata.Stage04.M 1 1 1 10 Math.B699.I11TerminalMembership.Pair25.cells
      Math.B699.I11TerminalMembership.candidates =
    true
'Math.B699.I11TerminalMembership.Pair25.rowA1_block_check' depends on axioms: [propext, Quot.sound]
Math.B699.I11TerminalMembership.Pair25.cellA2B1_check :
  Math.B699.I11TerminalCRT.cellCoverCheck (2 ^ 2) (5 ^ 1)
      (Math.B699.CRTGrid.heightCap B699LowIndex.I11CrtStageMetadata.Stage04.H B699LowIndex.I11CrtStageMetadata.Stage04.M
        (2 ^ 2))
      (Math.B699.CRTGrid.heightCap B699LowIndex.I11CrtStageMetadata.Stage04.H B699LowIndex.I11CrtStageMetadata.Stage04.M
        (5 ^ 1))
      Math.B699.I11TerminalMembership.Pair25.cellA2B1 Math.B699.I11TerminalMembership.candidates =
    true
'Math.B699.I11TerminalMembership.Pair25.cellA2B1_check' depends on axioms: [propext]
Math.B699.I11TerminalMembership.Pair25.cellA2B2_check :
  Math.B699.I11TerminalCRT.cellCoverCheck (2 ^ 2) (5 ^ 2)
      (Math.B699.CRTGrid.heightCap B699LowIndex.I11CrtStageMetadata.Stage04.H B699LowIndex.I11CrtStageMetadata.Stage04.M
        (2 ^ 2))
      (Math.B699.CRTGrid.heightCap B699LowIndex.I11CrtStageMetadata.Stage04.H B699LowIndex.I11CrtStageMetadata.Stage04.M
        (5 ^ 2))
      Math.B699.I11TerminalMembership.Pair25.cellA2B2 Math.B699.I11TerminalMembership.candidates =
    true
'Math.B699.I11TerminalMembership.Pair25.cellA2B2_check' depends on axioms: [propext]
Math.B699.I11TerminalMembership.Pair25.cellA2B3_check :
  Math.B699.I11TerminalCRT.cellCoverCheck (2 ^ 2) (5 ^ 3)
      (Math.B699.CRTGrid.heightCap B699LowIndex.I11CrtStageMetadata.Stage04.H B699LowIndex.I11CrtStageMetadata.Stage04.M
        (2 ^ 2))
      (Math.B699.CRTGrid.heightCap B699LowIndex.I11CrtStageMetadata.Stage04.H B699LowIndex.I11CrtStageMetadata.Stage04.M
        (5 ^ 3))
      Math.B699.I11TerminalMembership.Pair25.cellA2B3 Math.B699.I11TerminalMembership.candidates =
    true
'Math.B699.I11TerminalMembership.Pair25.cellA2B3_check' depends on axioms: [propext]
Math.B699.I11TerminalMembership.Pair25.cellA2B4_check :
  Math.B699.I11TerminalCRT.cellCoverCheck (2 ^ 2) (5 ^ 4)
      (Math.B699.CRTGrid.heightCap B699LowIndex.I11CrtStageMetadata.Stage04.H B699LowIndex.I11CrtStageMetadata.Stage04.M
        (2 ^ 2))
      (Math.B699.CRTGrid.heightCap B699LowIndex.I11CrtStageMetadata.Stage04.H B699LowIndex.I11CrtStageMetadata.Stage04.M
        (5 ^ 4))
      Math.B699.I11TerminalMembership.Pair25.cellA2B4 Math.B699.I11TerminalMembership.candidates =
    true
'Math.B699.I11TerminalMembership.Pair25.cellA2B4_check' depends on axioms: [propext]
Math.B699.I11TerminalMembership.Pair25.cellA2B5_check :
  Math.B699.I11TerminalCRT.cellCoverCheck (2 ^ 2) (5 ^ 5)
      (Math.B699.CRTGrid.heightCap B699LowIndex.I11CrtStageMetadata.Stage04.H B699LowIndex.I11CrtStageMetadata.Stage04.M
        (2 ^ 2))
      (Math.B699.CRTGrid.heightCap B699LowIndex.I11CrtStageMetadata.Stage04.H B699LowIndex.I11CrtStageMetadata.Stage04.M
        (5 ^ 5))
      Math.B699.I11TerminalMembership.Pair25.cellA2B5 Math.B699.I11TerminalMembership.candidates =
    true
'Math.B699.I11TerminalMembership.Pair25.cellA2B5_check' depends on axioms: [propext]
Math.B699.I11TerminalMembership.Pair25.cellA2B6_check :
  Math.B699.I11TerminalCRT.cellCoverCheck (2 ^ 2) (5 ^ 6)
      (Math.B699.CRTGrid.heightCap B699LowIndex.I11CrtStageMetadata.Stage04.H B699LowIndex.I11CrtStageMetadata.Stage04.M
        (2 ^ 2))
      (Math.B699.CRTGrid.heightCap B699LowIndex.I11CrtStageMetadata.Stage04.H B699LowIndex.I11CrtStageMetadata.Stage04.M
        (5 ^ 6))
      Math.B699.I11TerminalMembership.Pair25.cellA2B6 Math.B699.I11TerminalMembership.candidates =
    true
'Math.B699.I11TerminalMembership.Pair25.cellA2B6_check' depends on axioms: [propext]
Math.B699.I11TerminalMembership.Pair25.cellA2B7_check :
  Math.B699.I11TerminalCRT.cellCoverCheck (2 ^ 2) (5 ^ 7)
      (Math.B699.CRTGrid.heightCap B699LowIndex.I11CrtStageMetadata.Stage04.H B699LowIndex.I11CrtStageMetadata.Stage04.M
        (2 ^ 2))
      (Math.B699.CRTGrid.heightCap B699LowIndex.I11CrtStageMetadata.Stage04.H B699LowIndex.I11CrtStageMetadata.Stage04.M
        (5 ^ 7))
      Math.B699.I11TerminalMembership.Pair25.cellA2B7 Math.B699.I11TerminalMembership.candidates =
    true
'Math.B699.I11TerminalMembership.Pair25.cellA2B7_check' depends on axioms: [propext]
Math.B699.I11TerminalMembership.Pair25.cellA2B8_check :
  Math.B699.I11TerminalCRT.cellCoverCheck (2 ^ 2) (5 ^ 8)
      (Math.B699.CRTGrid.heightCap B699LowIndex.I11CrtStageMetadata.Stage04.H B699LowIndex.I11CrtStageMetadata.Stage04.M
        (2 ^ 2))
      (Math.B699.CRTGrid.heightCap B699LowIndex.I11CrtStageMetadata.Stage04.H B699LowIndex.I11CrtStageMetadata.Stage04.M
        (5 ^ 8))
      Math.B699.I11TerminalMembership.Pair25.cellA2B8 Math.B699.I11TerminalMembership.candidates =
    true
'Math.B699.I11TerminalMembership.Pair25.cellA2B8_check' depends on axioms: [propext]
Math.B699.I11TerminalMembership.Pair25.cellA2B9_check :
  Math.B699.I11TerminalCRT.cellCoverCheck (2 ^ 2) (5 ^ 9)
      (Math.B699.CRTGrid.heightCap B699LowIndex.I11CrtStageMetadata.Stage04.H B699LowIndex.I11CrtStageMetadata.Stage04.M
        (2 ^ 2))
      (Math.B699.CRTGrid.heightCap B699LowIndex.I11CrtStageMetadata.Stage04.H B699LowIndex.I11CrtStageMetadata.Stage04.M
        (5 ^ 9))
      Math.B699.I11TerminalMembership.Pair25.cellA2B9 Math.B699.I11TerminalMembership.candidates =
    true
'Math.B699.I11TerminalMembership.Pair25.cellA2B9_check' depends on axioms: [propext]
Math.B699.I11TerminalMembership.Pair25.cellA2B10_check :
  Math.B699.I11TerminalCRT.cellCoverCheck (2 ^ 2) (5 ^ 10)
      (Math.B699.CRTGrid.heightCap B699LowIndex.I11CrtStageMetadata.Stage04.H B699LowIndex.I11CrtStageMetadata.Stage04.M
        (2 ^ 2))
      (Math.B699.CRTGrid.heightCap B699LowIndex.I11CrtStageMetadata.Stage04.H B699LowIndex.I11CrtStageMetadata.Stage04.M
        (5 ^ 10))
      Math.B699.I11TerminalMembership.Pair25.cellA2B10 Math.B699.I11TerminalMembership.candidates =
    true
'Math.B699.I11TerminalMembership.Pair25.cellA2B10_check' depends on axioms: [propext]
Math.B699.I11TerminalMembership.Pair25.rowA2_cell_check (b : ℕ) (hb0 : 1 ≤ b) (hb1 : b ≤ 10) :
  Math.B699.I11TerminalCRT.cellCoverCheck (2 ^ 2) (5 ^ b)
      (Math.B699.CRTGrid.heightCap B699LowIndex.I11CrtStageMetadata.Stage04.H B699LowIndex.I11CrtStageMetadata.Stage04.M
        (2 ^ 2))
      (Math.B699.CRTGrid.heightCap B699LowIndex.I11CrtStageMetadata.Stage04.H B699LowIndex.I11CrtStageMetadata.Stage04.M
        (5 ^ b))
      (Math.B699.I11TerminalMembership.Pair25.rowA2 b) Math.B699.I11TerminalMembership.candidates =
    true
'Math.B699.I11TerminalMembership.Pair25.rowA2_cell_check' depends on axioms: [propext]
Math.B699.I11TerminalMembership.Pair25.rowA2_block_check :
  Math.B699.I11TerminalCRT.blockCoverCheck 2 5 B699LowIndex.I11CrtStageMetadata.Stage04.H
      B699LowIndex.I11CrtStageMetadata.Stage04.M 2 1 1 10 Math.B699.I11TerminalMembership.Pair25.cells
      Math.B699.I11TerminalMembership.candidates =
    true
'Math.B699.I11TerminalMembership.Pair25.rowA2_block_check' depends on axioms: [propext, Quot.sound]
Math.B699.I11TerminalMembership.Pair25.cellA3B1_check :
  Math.B699.I11TerminalCRT.cellCoverCheck (2 ^ 3) (5 ^ 1)
      (Math.B699.CRTGrid.heightCap B699LowIndex.I11CrtStageMetadata.Stage04.H B699LowIndex.I11CrtStageMetadata.Stage04.M
        (2 ^ 3))
      (Math.B699.CRTGrid.heightCap B699LowIndex.I11CrtStageMetadata.Stage04.H B699LowIndex.I11CrtStageMetadata.Stage04.M
        (5 ^ 1))
      Math.B699.I11TerminalMembership.Pair25.cellA3B1 Math.B699.I11TerminalMembership.candidates =
    true
'Math.B699.I11TerminalMembership.Pair25.cellA3B1_check' depends on axioms: [propext]
Math.B699.I11TerminalMembership.Pair25.cellA3B2_check :
  Math.B699.I11TerminalCRT.cellCoverCheck (2 ^ 3) (5 ^ 2)
      (Math.B699.CRTGrid.heightCap B699LowIndex.I11CrtStageMetadata.Stage04.H B699LowIndex.I11CrtStageMetadata.Stage04.M
        (2 ^ 3))
      (Math.B699.CRTGrid.heightCap B699LowIndex.I11CrtStageMetadata.Stage04.H B699LowIndex.I11CrtStageMetadata.Stage04.M
        (5 ^ 2))
      Math.B699.I11TerminalMembership.Pair25.cellA3B2 Math.B699.I11TerminalMembership.candidates =
    true
'Math.B699.I11TerminalMembership.Pair25.cellA3B2_check' depends on axioms: [propext]
Math.B699.I11TerminalMembership.Pair25.cellA3B3_check :
  Math.B699.I11TerminalCRT.cellCoverCheck (2 ^ 3) (5 ^ 3)
      (Math.B699.CRTGrid.heightCap B699LowIndex.I11CrtStageMetadata.Stage04.H B699LowIndex.I11CrtStageMetadata.Stage04.M
        (2 ^ 3))
      (Math.B699.CRTGrid.heightCap B699LowIndex.I11CrtStageMetadata.Stage04.H B699LowIndex.I11CrtStageMetadata.Stage04.M
        (5 ^ 3))
      Math.B699.I11TerminalMembership.Pair25.cellA3B3 Math.B699.I11TerminalMembership.candidates =
    true
'Math.B699.I11TerminalMembership.Pair25.cellA3B3_check' depends on axioms: [propext]
Math.B699.I11TerminalMembership.Pair25.cellA3B4_check :
  Math.B699.I11TerminalCRT.cellCoverCheck (2 ^ 3) (5 ^ 4)
      (Math.B699.CRTGrid.heightCap B699LowIndex.I11CrtStageMetadata.Stage04.H B699LowIndex.I11CrtStageMetadata.Stage04.M
        (2 ^ 3))
      (Math.B699.CRTGrid.heightCap B699LowIndex.I11CrtStageMetadata.Stage04.H B699LowIndex.I11CrtStageMetadata.Stage04.M
        (5 ^ 4))
      Math.B699.I11TerminalMembership.Pair25.cellA3B4 Math.B699.I11TerminalMembership.candidates =
    true
'Math.B699.I11TerminalMembership.Pair25.cellA3B4_check' depends on axioms: [propext]
Math.B699.I11TerminalMembership.Pair25.cellA3B5_check :
  Math.B699.I11TerminalCRT.cellCoverCheck (2 ^ 3) (5 ^ 5)
      (Math.B699.CRTGrid.heightCap B699LowIndex.I11CrtStageMetadata.Stage04.H B699LowIndex.I11CrtStageMetadata.Stage04.M
        (2 ^ 3))
      (Math.B699.CRTGrid.heightCap B699LowIndex.I11CrtStageMetadata.Stage04.H B699LowIndex.I11CrtStageMetadata.Stage04.M
        (5 ^ 5))
      Math.B699.I11TerminalMembership.Pair25.cellA3B5 Math.B699.I11TerminalMembership.candidates =
    true
'Math.B699.I11TerminalMembership.Pair25.cellA3B5_check' depends on axioms: [propext]
Math.B699.I11TerminalMembership.Pair25.cellA3B6_check :
  Math.B699.I11TerminalCRT.cellCoverCheck (2 ^ 3) (5 ^ 6)
      (Math.B699.CRTGrid.heightCap B699LowIndex.I11CrtStageMetadata.Stage04.H B699LowIndex.I11CrtStageMetadata.Stage04.M
        (2 ^ 3))
      (Math.B699.CRTGrid.heightCap B699LowIndex.I11CrtStageMetadata.Stage04.H B699LowIndex.I11CrtStageMetadata.Stage04.M
        (5 ^ 6))
      Math.B699.I11TerminalMembership.Pair25.cellA3B6 Math.B699.I11TerminalMembership.candidates =
    true
'Math.B699.I11TerminalMembership.Pair25.cellA3B6_check' depends on axioms: [propext]
Math.B699.I11TerminalMembership.Pair25.cellA3B7_check :
  Math.B699.I11TerminalCRT.cellCoverCheck (2 ^ 3) (5 ^ 7)
      (Math.B699.CRTGrid.heightCap B699LowIndex.I11CrtStageMetadata.Stage04.H B699LowIndex.I11CrtStageMetadata.Stage04.M
        (2 ^ 3))
      (Math.B699.CRTGrid.heightCap B699LowIndex.I11CrtStageMetadata.Stage04.H B699LowIndex.I11CrtStageMetadata.Stage04.M
        (5 ^ 7))
      Math.B699.I11TerminalMembership.Pair25.cellA3B7 Math.B699.I11TerminalMembership.candidates =
    true
'Math.B699.I11TerminalMembership.Pair25.cellA3B7_check' depends on axioms: [propext]
Math.B699.I11TerminalMembership.Pair25.cellA3B8_check :
  Math.B699.I11TerminalCRT.cellCoverCheck (2 ^ 3) (5 ^ 8)
      (Math.B699.CRTGrid.heightCap B699LowIndex.I11CrtStageMetadata.Stage04.H B699LowIndex.I11CrtStageMetadata.Stage04.M
        (2 ^ 3))
      (Math.B699.CRTGrid.heightCap B699LowIndex.I11CrtStageMetadata.Stage04.H B699LowIndex.I11CrtStageMetadata.Stage04.M
        (5 ^ 8))
      Math.B699.I11TerminalMembership.Pair25.cellA3B8 Math.B699.I11TerminalMembership.candidates =
    true
'Math.B699.I11TerminalMembership.Pair25.cellA3B8_check' depends on axioms: [propext]
Math.B699.I11TerminalMembership.Pair25.cellA3B9_check :
  Math.B699.I11TerminalCRT.cellCoverCheck (2 ^ 3) (5 ^ 9)
      (Math.B699.CRTGrid.heightCap B699LowIndex.I11CrtStageMetadata.Stage04.H B699LowIndex.I11CrtStageMetadata.Stage04.M
        (2 ^ 3))
      (Math.B699.CRTGrid.heightCap B699LowIndex.I11CrtStageMetadata.Stage04.H B699LowIndex.I11CrtStageMetadata.Stage04.M
        (5 ^ 9))
      Math.B699.I11TerminalMembership.Pair25.cellA3B9 Math.B699.I11TerminalMembership.candidates =
    true
'Math.B699.I11TerminalMembership.Pair25.cellA3B9_check' depends on axioms: [propext]
Math.B699.I11TerminalMembership.Pair25.cellA3B10_check :
  Math.B699.I11TerminalCRT.cellCoverCheck (2 ^ 3) (5 ^ 10)
      (Math.B699.CRTGrid.heightCap B699LowIndex.I11CrtStageMetadata.Stage04.H B699LowIndex.I11CrtStageMetadata.Stage04.M
        (2 ^ 3))
      (Math.B699.CRTGrid.heightCap B699LowIndex.I11CrtStageMetadata.Stage04.H B699LowIndex.I11CrtStageMetadata.Stage04.M
        (5 ^ 10))
      Math.B699.I11TerminalMembership.Pair25.cellA3B10 Math.B699.I11TerminalMembership.candidates =
    true
'Math.B699.I11TerminalMembership.Pair25.cellA3B10_check' depends on axioms: [propext]
Math.B699.I11TerminalMembership.Pair25.rowA3_cell_check (b : ℕ) (hb0 : 1 ≤ b) (hb1 : b ≤ 10) :
  Math.B699.I11TerminalCRT.cellCoverCheck (2 ^ 3) (5 ^ b)
      (Math.B699.CRTGrid.heightCap B699LowIndex.I11CrtStageMetadata.Stage04.H B699LowIndex.I11CrtStageMetadata.Stage04.M
        (2 ^ 3))
      (Math.B699.CRTGrid.heightCap B699LowIndex.I11CrtStageMetadata.Stage04.H B699LowIndex.I11CrtStageMetadata.Stage04.M
        (5 ^ b))
      (Math.B699.I11TerminalMembership.Pair25.rowA3 b) Math.B699.I11TerminalMembership.candidates =
    true
'Math.B699.I11TerminalMembership.Pair25.rowA3_cell_check' depends on axioms: [propext]
Math.B699.I11TerminalMembership.Pair25.rowA3_block_check :
  Math.B699.I11TerminalCRT.blockCoverCheck 2 5 B699LowIndex.I11CrtStageMetadata.Stage04.H
      B699LowIndex.I11CrtStageMetadata.Stage04.M 3 1 1 10 Math.B699.I11TerminalMembership.Pair25.cells
      Math.B699.I11TerminalMembership.candidates =
    true
'Math.B699.I11TerminalMembership.Pair25.rowA3_block_check' depends on axioms: [propext, Quot.sound]
Math.B699.I11TerminalMembership.Pair25.cellA4B1_check :
  Math.B699.I11TerminalCRT.cellCoverCheck (2 ^ 4) (5 ^ 1)
      (Math.B699.CRTGrid.heightCap B699LowIndex.I11CrtStageMetadata.Stage04.H B699LowIndex.I11CrtStageMetadata.Stage04.M
        (2 ^ 4))
      (Math.B699.CRTGrid.heightCap B699LowIndex.I11CrtStageMetadata.Stage04.H B699LowIndex.I11CrtStageMetadata.Stage04.M
        (5 ^ 1))
      Math.B699.I11TerminalMembership.Pair25.cellA4B1 Math.B699.I11TerminalMembership.candidates =
    true
'Math.B699.I11TerminalMembership.Pair25.cellA4B1_check' depends on axioms: [propext]
Math.B699.I11TerminalMembership.Pair25.cellA4B2_check :
  Math.B699.I11TerminalCRT.cellCoverCheck (2 ^ 4) (5 ^ 2)
      (Math.B699.CRTGrid.heightCap B699LowIndex.I11CrtStageMetadata.Stage04.H B699LowIndex.I11CrtStageMetadata.Stage04.M
        (2 ^ 4))
      (Math.B699.CRTGrid.heightCap B699LowIndex.I11CrtStageMetadata.Stage04.H B699LowIndex.I11CrtStageMetadata.Stage04.M
        (5 ^ 2))
      Math.B699.I11TerminalMembership.Pair25.cellA4B2 Math.B699.I11TerminalMembership.candidates =
    true
'Math.B699.I11TerminalMembership.Pair25.cellA4B2_check' depends on axioms: [propext, Quot.sound]
Math.B699.I11TerminalMembership.Pair25.cellA4B3_check :
  Math.B699.I11TerminalCRT.cellCoverCheck (2 ^ 4) (5 ^ 3)
      (Math.B699.CRTGrid.heightCap B699LowIndex.I11CrtStageMetadata.Stage04.H B699LowIndex.I11CrtStageMetadata.Stage04.M
        (2 ^ 4))
      (Math.B699.CRTGrid.heightCap B699LowIndex.I11CrtStageMetadata.Stage04.H B699LowIndex.I11CrtStageMetadata.Stage04.M
        (5 ^ 3))
      Math.B699.I11TerminalMembership.Pair25.cellA4B3 Math.B699.I11TerminalMembership.candidates =
    true
'Math.B699.I11TerminalMembership.Pair25.cellA4B3_check' depends on axioms: [propext]
Math.B699.I11TerminalMembership.Pair25.cellA4B4_check :
  Math.B699.I11TerminalCRT.cellCoverCheck (2 ^ 4) (5 ^ 4)
      (Math.B699.CRTGrid.heightCap B699LowIndex.I11CrtStageMetadata.Stage04.H B699LowIndex.I11CrtStageMetadata.Stage04.M
        (2 ^ 4))
      (Math.B699.CRTGrid.heightCap B699LowIndex.I11CrtStageMetadata.Stage04.H B699LowIndex.I11CrtStageMetadata.Stage04.M
        (5 ^ 4))
      Math.B699.I11TerminalMembership.Pair25.cellA4B4 Math.B699.I11TerminalMembership.candidates =
    true
'Math.B699.I11TerminalMembership.Pair25.cellA4B4_check' depends on axioms: [propext]
Math.B699.I11TerminalMembership.Pair25.cellA4B5_check :
  Math.B699.I11TerminalCRT.cellCoverCheck (2 ^ 4) (5 ^ 5)
      (Math.B699.CRTGrid.heightCap B699LowIndex.I11CrtStageMetadata.Stage04.H B699LowIndex.I11CrtStageMetadata.Stage04.M
        (2 ^ 4))
      (Math.B699.CRTGrid.heightCap B699LowIndex.I11CrtStageMetadata.Stage04.H B699LowIndex.I11CrtStageMetadata.Stage04.M
        (5 ^ 5))
      Math.B699.I11TerminalMembership.Pair25.cellA4B5 Math.B699.I11TerminalMembership.candidates =
    true
'Math.B699.I11TerminalMembership.Pair25.cellA4B5_check' depends on axioms: [propext]
Math.B699.I11TerminalMembership.Pair25.cellA4B6_check :
  Math.B699.I11TerminalCRT.cellCoverCheck (2 ^ 4) (5 ^ 6)
      (Math.B699.CRTGrid.heightCap B699LowIndex.I11CrtStageMetadata.Stage04.H B699LowIndex.I11CrtStageMetadata.Stage04.M
        (2 ^ 4))
      (Math.B699.CRTGrid.heightCap B699LowIndex.I11CrtStageMetadata.Stage04.H B699LowIndex.I11CrtStageMetadata.Stage04.M
        (5 ^ 6))
      Math.B699.I11TerminalMembership.Pair25.cellA4B6 Math.B699.I11TerminalMembership.candidates =
    true
'Math.B699.I11TerminalMembership.Pair25.cellA4B6_check' depends on axioms: [propext]
Math.B699.I11TerminalMembership.Pair25.cellA4B7_check :
  Math.B699.I11TerminalCRT.cellCoverCheck (2 ^ 4) (5 ^ 7)
      (Math.B699.CRTGrid.heightCap B699LowIndex.I11CrtStageMetadata.Stage04.H B699LowIndex.I11CrtStageMetadata.Stage04.M
        (2 ^ 4))
      (Math.B699.CRTGrid.heightCap B699LowIndex.I11CrtStageMetadata.Stage04.H B699LowIndex.I11CrtStageMetadata.Stage04.M
        (5 ^ 7))
      Math.B699.I11TerminalMembership.Pair25.cellA4B7 Math.B699.I11TerminalMembership.candidates =
    true
'Math.B699.I11TerminalMembership.Pair25.cellA4B7_check' depends on axioms: [propext]
Math.B699.I11TerminalMembership.Pair25.cellA4B8_check :
  Math.B699.I11TerminalCRT.cellCoverCheck (2 ^ 4) (5 ^ 8)
      (Math.B699.CRTGrid.heightCap B699LowIndex.I11CrtStageMetadata.Stage04.H B699LowIndex.I11CrtStageMetadata.Stage04.M
        (2 ^ 4))
      (Math.B699.CRTGrid.heightCap B699LowIndex.I11CrtStageMetadata.Stage04.H B699LowIndex.I11CrtStageMetadata.Stage04.M
        (5 ^ 8))
      Math.B699.I11TerminalMembership.Pair25.cellA4B8 Math.B699.I11TerminalMembership.candidates =
    true
'Math.B699.I11TerminalMembership.Pair25.cellA4B8_check' depends on axioms: [propext]
Math.B699.I11TerminalMembership.Pair25.cellA4B9_check :
  Math.B699.I11TerminalCRT.cellCoverCheck (2 ^ 4) (5 ^ 9)
      (Math.B699.CRTGrid.heightCap B699LowIndex.I11CrtStageMetadata.Stage04.H B699LowIndex.I11CrtStageMetadata.Stage04.M
        (2 ^ 4))
      (Math.B699.CRTGrid.heightCap B699LowIndex.I11CrtStageMetadata.Stage04.H B699LowIndex.I11CrtStageMetadata.Stage04.M
        (5 ^ 9))
      Math.B699.I11TerminalMembership.Pair25.cellA4B9 Math.B699.I11TerminalMembership.candidates =
    true
'Math.B699.I11TerminalMembership.Pair25.cellA4B9_check' depends on axioms: [propext]
Math.B699.I11TerminalMembership.Pair25.cellA4B10_check :
  Math.B699.I11TerminalCRT.cellCoverCheck (2 ^ 4) (5 ^ 10)
      (Math.B699.CRTGrid.heightCap B699LowIndex.I11CrtStageMetadata.Stage04.H B699LowIndex.I11CrtStageMetadata.Stage04.M
        (2 ^ 4))
      (Math.B699.CRTGrid.heightCap B699LowIndex.I11CrtStageMetadata.Stage04.H B699LowIndex.I11CrtStageMetadata.Stage04.M
        (5 ^ 10))
      Math.B699.I11TerminalMembership.Pair25.cellA4B10 Math.B699.I11TerminalMembership.candidates =
    true
'Math.B699.I11TerminalMembership.Pair25.cellA4B10_check' depends on axioms: [propext]
Math.B699.I11TerminalMembership.Pair25.rowA4_cell_check (b : ℕ) (hb0 : 1 ≤ b) (hb1 : b ≤ 10) :
  Math.B699.I11TerminalCRT.cellCoverCheck (2 ^ 4) (5 ^ b)
      (Math.B699.CRTGrid.heightCap B699LowIndex.I11CrtStageMetadata.Stage04.H B699LowIndex.I11CrtStageMetadata.Stage04.M
        (2 ^ 4))
      (Math.B699.CRTGrid.heightCap B699LowIndex.I11CrtStageMetadata.Stage04.H B699LowIndex.I11CrtStageMetadata.Stage04.M
        (5 ^ b))
      (Math.B699.I11TerminalMembership.Pair25.rowA4 b) Math.B699.I11TerminalMembership.candidates =
    true
'Math.B699.I11TerminalMembership.Pair25.rowA4_cell_check' depends on axioms: [propext, Quot.sound]
Math.B699.I11TerminalMembership.Pair25.rowA4_block_check :
  Math.B699.I11TerminalCRT.blockCoverCheck 2 5 B699LowIndex.I11CrtStageMetadata.Stage04.H
      B699LowIndex.I11CrtStageMetadata.Stage04.M 4 1 1 10 Math.B699.I11TerminalMembership.Pair25.cells
      Math.B699.I11TerminalMembership.candidates =
    true
'Math.B699.I11TerminalMembership.Pair25.rowA4_block_check' depends on axioms: [propext, Quot.sound]
Math.B699.I11TerminalMembership.Pair25.cellA5B1_check :
  Math.B699.I11TerminalCRT.cellCoverCheck (2 ^ 5) (5 ^ 1)
      (Math.B699.CRTGrid.heightCap B699LowIndex.I11CrtStageMetadata.Stage04.H B699LowIndex.I11CrtStageMetadata.Stage04.M
        (2 ^ 5))
      (Math.B699.CRTGrid.heightCap B699LowIndex.I11CrtStageMetadata.Stage04.H B699LowIndex.I11CrtStageMetadata.Stage04.M
        (5 ^ 1))
      Math.B699.I11TerminalMembership.Pair25.cellA5B1 Math.B699.I11TerminalMembership.candidates =
    true
'Math.B699.I11TerminalMembership.Pair25.cellA5B1_check' depends on axioms: [propext]
Math.B699.I11TerminalMembership.Pair25.cellA5B2_check :
  Math.B699.I11TerminalCRT.cellCoverCheck (2 ^ 5) (5 ^ 2)
      (Math.B699.CRTGrid.heightCap B699LowIndex.I11CrtStageMetadata.Stage04.H B699LowIndex.I11CrtStageMetadata.Stage04.M
        (2 ^ 5))
      (Math.B699.CRTGrid.heightCap B699LowIndex.I11CrtStageMetadata.Stage04.H B699LowIndex.I11CrtStageMetadata.Stage04.M
        (5 ^ 2))
      Math.B699.I11TerminalMembership.Pair25.cellA5B2 Math.B699.I11TerminalMembership.candidates =
    true
'Math.B699.I11TerminalMembership.Pair25.cellA5B2_check' depends on axioms: [propext, Quot.sound]
Math.B699.I11TerminalMembership.Pair25.cellA5B3_check :
  Math.B699.I11TerminalCRT.cellCoverCheck (2 ^ 5) (5 ^ 3)
      (Math.B699.CRTGrid.heightCap B699LowIndex.I11CrtStageMetadata.Stage04.H B699LowIndex.I11CrtStageMetadata.Stage04.M
        (2 ^ 5))
      (Math.B699.CRTGrid.heightCap B699LowIndex.I11CrtStageMetadata.Stage04.H B699LowIndex.I11CrtStageMetadata.Stage04.M
        (5 ^ 3))
      Math.B699.I11TerminalMembership.Pair25.cellA5B3 Math.B699.I11TerminalMembership.candidates =
    true
'Math.B699.I11TerminalMembership.Pair25.cellA5B3_check' depends on axioms: [propext, Quot.sound]
Math.B699.I11TerminalMembership.Pair25.cellA5B4_check :
  Math.B699.I11TerminalCRT.cellCoverCheck (2 ^ 5) (5 ^ 4)
      (Math.B699.CRTGrid.heightCap B699LowIndex.I11CrtStageMetadata.Stage04.H B699LowIndex.I11CrtStageMetadata.Stage04.M
        (2 ^ 5))
      (Math.B699.CRTGrid.heightCap B699LowIndex.I11CrtStageMetadata.Stage04.H B699LowIndex.I11CrtStageMetadata.Stage04.M
        (5 ^ 4))
      Math.B699.I11TerminalMembership.Pair25.cellA5B4 Math.B699.I11TerminalMembership.candidates =
    true
'Math.B699.I11TerminalMembership.Pair25.cellA5B4_check' depends on axioms: [propext]
Math.B699.I11TerminalMembership.Pair25.cellA5B5_check :
  Math.B699.I11TerminalCRT.cellCoverCheck (2 ^ 5) (5 ^ 5)
      (Math.B699.CRTGrid.heightCap B699LowIndex.I11CrtStageMetadata.Stage04.H B699LowIndex.I11CrtStageMetadata.Stage04.M
        (2 ^ 5))
      (Math.B699.CRTGrid.heightCap B699LowIndex.I11CrtStageMetadata.Stage04.H B699LowIndex.I11CrtStageMetadata.Stage04.M
        (5 ^ 5))
      Math.B699.I11TerminalMembership.Pair25.cellA5B5 Math.B699.I11TerminalMembership.candidates =
    true
'Math.B699.I11TerminalMembership.Pair25.cellA5B5_check' depends on axioms: [propext]
Math.B699.I11TerminalMembership.Pair25.cellA5B6_check :
  Math.B699.I11TerminalCRT.cellCoverCheck (2 ^ 5) (5 ^ 6)
      (Math.B699.CRTGrid.heightCap B699LowIndex.I11CrtStageMetadata.Stage04.H B699LowIndex.I11CrtStageMetadata.Stage04.M
        (2 ^ 5))
      (Math.B699.CRTGrid.heightCap B699LowIndex.I11CrtStageMetadata.Stage04.H B699LowIndex.I11CrtStageMetadata.Stage04.M
        (5 ^ 6))
      Math.B699.I11TerminalMembership.Pair25.cellA5B6 Math.B699.I11TerminalMembership.candidates =
    true
'Math.B699.I11TerminalMembership.Pair25.cellA5B6_check' depends on axioms: [propext]
Math.B699.I11TerminalMembership.Pair25.cellA5B7_check :
  Math.B699.I11TerminalCRT.cellCoverCheck (2 ^ 5) (5 ^ 7)
      (Math.B699.CRTGrid.heightCap B699LowIndex.I11CrtStageMetadata.Stage04.H B699LowIndex.I11CrtStageMetadata.Stage04.M
        (2 ^ 5))
      (Math.B699.CRTGrid.heightCap B699LowIndex.I11CrtStageMetadata.Stage04.H B699LowIndex.I11CrtStageMetadata.Stage04.M
        (5 ^ 7))
      Math.B699.I11TerminalMembership.Pair25.cellA5B7 Math.B699.I11TerminalMembership.candidates =
    true
'Math.B699.I11TerminalMembership.Pair25.cellA5B7_check' depends on axioms: [propext]
Math.B699.I11TerminalMembership.Pair25.cellA5B8_check :
  Math.B699.I11TerminalCRT.cellCoverCheck (2 ^ 5) (5 ^ 8)
      (Math.B699.CRTGrid.heightCap B699LowIndex.I11CrtStageMetadata.Stage04.H B699LowIndex.I11CrtStageMetadata.Stage04.M
        (2 ^ 5))
      (Math.B699.CRTGrid.heightCap B699LowIndex.I11CrtStageMetadata.Stage04.H B699LowIndex.I11CrtStageMetadata.Stage04.M
        (5 ^ 8))
      Math.B699.I11TerminalMembership.Pair25.cellA5B8 Math.B699.I11TerminalMembership.candidates =
    true
'Math.B699.I11TerminalMembership.Pair25.cellA5B8_check' depends on axioms: [propext]
Math.B699.I11TerminalMembership.Pair25.cellA5B9_check :
  Math.B699.I11TerminalCRT.cellCoverCheck (2 ^ 5) (5 ^ 9)
      (Math.B699.CRTGrid.heightCap B699LowIndex.I11CrtStageMetadata.Stage04.H B699LowIndex.I11CrtStageMetadata.Stage04.M
        (2 ^ 5))
      (Math.B699.CRTGrid.heightCap B699LowIndex.I11CrtStageMetadata.Stage04.H B699LowIndex.I11CrtStageMetadata.Stage04.M
        (5 ^ 9))
      Math.B699.I11TerminalMembership.Pair25.cellA5B9 Math.B699.I11TerminalMembership.candidates =
    true
'Math.B699.I11TerminalMembership.Pair25.cellA5B9_check' depends on axioms: [propext]
Math.B699.I11TerminalMembership.Pair25.cellA5B10_check :
  Math.B699.I11TerminalCRT.cellCoverCheck (2 ^ 5) (5 ^ 10)
      (Math.B699.CRTGrid.heightCap B699LowIndex.I11CrtStageMetadata.Stage04.H B699LowIndex.I11CrtStageMetadata.Stage04.M
        (2 ^ 5))
      (Math.B699.CRTGrid.heightCap B699LowIndex.I11CrtStageMetadata.Stage04.H B699LowIndex.I11CrtStageMetadata.Stage04.M
        (5 ^ 10))
      Math.B699.I11TerminalMembership.Pair25.cellA5B10 Math.B699.I11TerminalMembership.candidates =
    true
'Math.B699.I11TerminalMembership.Pair25.cellA5B10_check' depends on axioms: [propext]
Math.B699.I11TerminalMembership.Pair25.rowA5_cell_check (b : ℕ) (hb0 : 1 ≤ b) (hb1 : b ≤ 10) :
  Math.B699.I11TerminalCRT.cellCoverCheck (2 ^ 5) (5 ^ b)
      (Math.B699.CRTGrid.heightCap B699LowIndex.I11CrtStageMetadata.Stage04.H B699LowIndex.I11CrtStageMetadata.Stage04.M
        (2 ^ 5))
      (Math.B699.CRTGrid.heightCap B699LowIndex.I11CrtStageMetadata.Stage04.H B699LowIndex.I11CrtStageMetadata.Stage04.M
        (5 ^ b))
      (Math.B699.I11TerminalMembership.Pair25.rowA5 b) Math.B699.I11TerminalMembership.candidates =
    true
'Math.B699.I11TerminalMembership.Pair25.rowA5_cell_check' depends on axioms: [propext, Quot.sound]
Math.B699.I11TerminalMembership.Pair25.rowA5_block_check :
  Math.B699.I11TerminalCRT.blockCoverCheck 2 5 B699LowIndex.I11CrtStageMetadata.Stage04.H
      B699LowIndex.I11CrtStageMetadata.Stage04.M 5 1 1 10 Math.B699.I11TerminalMembership.Pair25.cells
      Math.B699.I11TerminalMembership.candidates =
    true
'Math.B699.I11TerminalMembership.Pair25.rowA5_block_check' depends on axioms: [propext, Quot.sound]
Math.B699.I11TerminalMembership.Pair25.cellA6B1_check :
  Math.B699.I11TerminalCRT.cellCoverCheck (2 ^ 6) (5 ^ 1)
      (Math.B699.CRTGrid.heightCap B699LowIndex.I11CrtStageMetadata.Stage04.H B699LowIndex.I11CrtStageMetadata.Stage04.M
        (2 ^ 6))
      (Math.B699.CRTGrid.heightCap B699LowIndex.I11CrtStageMetadata.Stage04.H B699LowIndex.I11CrtStageMetadata.Stage04.M
        (5 ^ 1))
      Math.B699.I11TerminalMembership.Pair25.cellA6B1 Math.B699.I11TerminalMembership.candidates =
    true
'Math.B699.I11TerminalMembership.Pair25.cellA6B1_check' depends on axioms: [propext]
Math.B699.I11TerminalMembership.Pair25.cellA6B2_check :
  Math.B699.I11TerminalCRT.cellCoverCheck (2 ^ 6) (5 ^ 2)
      (Math.B699.CRTGrid.heightCap B699LowIndex.I11CrtStageMetadata.Stage04.H B699LowIndex.I11CrtStageMetadata.Stage04.M
        (2 ^ 6))
      (Math.B699.CRTGrid.heightCap B699LowIndex.I11CrtStageMetadata.Stage04.H B699LowIndex.I11CrtStageMetadata.Stage04.M
        (5 ^ 2))
      Math.B699.I11TerminalMembership.Pair25.cellA6B2 Math.B699.I11TerminalMembership.candidates =
    true
'Math.B699.I11TerminalMembership.Pair25.cellA6B2_check' depends on axioms: [propext, Quot.sound]
Math.B699.I11TerminalMembership.Pair25.cellA6B3_check :
  Math.B699.I11TerminalCRT.cellCoverCheck (2 ^ 6) (5 ^ 3)
      (Math.B699.CRTGrid.heightCap B699LowIndex.I11CrtStageMetadata.Stage04.H B699LowIndex.I11CrtStageMetadata.Stage04.M
        (2 ^ 6))
      (Math.B699.CRTGrid.heightCap B699LowIndex.I11CrtStageMetadata.Stage04.H B699LowIndex.I11CrtStageMetadata.Stage04.M
        (5 ^ 3))
      Math.B699.I11TerminalMembership.Pair25.cellA6B3 Math.B699.I11TerminalMembership.candidates =
    true
'Math.B699.I11TerminalMembership.Pair25.cellA6B3_check' depends on axioms: [propext, Quot.sound]
Math.B699.I11TerminalMembership.Pair25.cellA6B4_check :
  Math.B699.I11TerminalCRT.cellCoverCheck (2 ^ 6) (5 ^ 4)
      (Math.B699.CRTGrid.heightCap B699LowIndex.I11CrtStageMetadata.Stage04.H B699LowIndex.I11CrtStageMetadata.Stage04.M
        (2 ^ 6))
      (Math.B699.CRTGrid.heightCap B699LowIndex.I11CrtStageMetadata.Stage04.H B699LowIndex.I11CrtStageMetadata.Stage04.M
        (5 ^ 4))
      Math.B699.I11TerminalMembership.Pair25.cellA6B4 Math.B699.I11TerminalMembership.candidates =
    true
'Math.B699.I11TerminalMembership.Pair25.cellA6B4_check' depends on axioms: [propext]
Math.B699.I11TerminalMembership.Pair25.cellA6B5_check :
  Math.B699.I11TerminalCRT.cellCoverCheck (2 ^ 6) (5 ^ 5)
      (Math.B699.CRTGrid.heightCap B699LowIndex.I11CrtStageMetadata.Stage04.H B699LowIndex.I11CrtStageMetadata.Stage04.M
        (2 ^ 6))
      (Math.B699.CRTGrid.heightCap B699LowIndex.I11CrtStageMetadata.Stage04.H B699LowIndex.I11CrtStageMetadata.Stage04.M
        (5 ^ 5))
      Math.B699.I11TerminalMembership.Pair25.cellA6B5 Math.B699.I11TerminalMembership.candidates =
    true
'Math.B699.I11TerminalMembership.Pair25.cellA6B5_check' depends on axioms: [propext]
Math.B699.I11TerminalMembership.Pair25.cellA6B6_check :
  Math.B699.I11TerminalCRT.cellCoverCheck (2 ^ 6) (5 ^ 6)
      (Math.B699.CRTGrid.heightCap B699LowIndex.I11CrtStageMetadata.Stage04.H B699LowIndex.I11CrtStageMetadata.Stage04.M
        (2 ^ 6))
      (Math.B699.CRTGrid.heightCap B699LowIndex.I11CrtStageMetadata.Stage04.H B699LowIndex.I11CrtStageMetadata.Stage04.M
        (5 ^ 6))
      Math.B699.I11TerminalMembership.Pair25.cellA6B6 Math.B699.I11TerminalMembership.candidates =
    true
'Math.B699.I11TerminalMembership.Pair25.cellA6B6_check' depends on axioms: [propext]
Math.B699.I11TerminalMembership.Pair25.cellA6B7_check :
  Math.B699.I11TerminalCRT.cellCoverCheck (2 ^ 6) (5 ^ 7)
      (Math.B699.CRTGrid.heightCap B699LowIndex.I11CrtStageMetadata.Stage04.H B699LowIndex.I11CrtStageMetadata.Stage04.M
        (2 ^ 6))
      (Math.B699.CRTGrid.heightCap B699LowIndex.I11CrtStageMetadata.Stage04.H B699LowIndex.I11CrtStageMetadata.Stage04.M
        (5 ^ 7))
      Math.B699.I11TerminalMembership.Pair25.cellA6B7 Math.B699.I11TerminalMembership.candidates =
    true
'Math.B699.I11TerminalMembership.Pair25.cellA6B7_check' depends on axioms: [propext]
Math.B699.I11TerminalMembership.Pair25.cellA6B8_check :
  Math.B699.I11TerminalCRT.cellCoverCheck (2 ^ 6) (5 ^ 8)
      (Math.B699.CRTGrid.heightCap B699LowIndex.I11CrtStageMetadata.Stage04.H B699LowIndex.I11CrtStageMetadata.Stage04.M
        (2 ^ 6))
      (Math.B699.CRTGrid.heightCap B699LowIndex.I11CrtStageMetadata.Stage04.H B699LowIndex.I11CrtStageMetadata.Stage04.M
        (5 ^ 8))
      Math.B699.I11TerminalMembership.Pair25.cellA6B8 Math.B699.I11TerminalMembership.candidates =
    true
'Math.B699.I11TerminalMembership.Pair25.cellA6B8_check' depends on axioms: [propext]
Math.B699.I11TerminalMembership.Pair25.cellA6B9_check :
  Math.B699.I11TerminalCRT.cellCoverCheck (2 ^ 6) (5 ^ 9)
      (Math.B699.CRTGrid.heightCap B699LowIndex.I11CrtStageMetadata.Stage04.H B699LowIndex.I11CrtStageMetadata.Stage04.M
        (2 ^ 6))
      (Math.B699.CRTGrid.heightCap B699LowIndex.I11CrtStageMetadata.Stage04.H B699LowIndex.I11CrtStageMetadata.Stage04.M
        (5 ^ 9))
      Math.B699.I11TerminalMembership.Pair25.cellA6B9 Math.B699.I11TerminalMembership.candidates =
    true
'Math.B699.I11TerminalMembership.Pair25.cellA6B9_check' depends on axioms: [propext]
Math.B699.I11TerminalMembership.Pair25.cellA6B10_check :
  Math.B699.I11TerminalCRT.cellCoverCheck (2 ^ 6) (5 ^ 10)
      (Math.B699.CRTGrid.heightCap B699LowIndex.I11CrtStageMetadata.Stage04.H B699LowIndex.I11CrtStageMetadata.Stage04.M
        (2 ^ 6))
      (Math.B699.CRTGrid.heightCap B699LowIndex.I11CrtStageMetadata.Stage04.H B699LowIndex.I11CrtStageMetadata.Stage04.M
        (5 ^ 10))
      Math.B699.I11TerminalMembership.Pair25.cellA6B10 Math.B699.I11TerminalMembership.candidates =
    true
'Math.B699.I11TerminalMembership.Pair25.cellA6B10_check' depends on axioms: [propext]
Math.B699.I11TerminalMembership.Pair25.rowA6_cell_check (b : ℕ) (hb0 : 1 ≤ b) (hb1 : b ≤ 10) :
  Math.B699.I11TerminalCRT.cellCoverCheck (2 ^ 6) (5 ^ b)
      (Math.B699.CRTGrid.heightCap B699LowIndex.I11CrtStageMetadata.Stage04.H B699LowIndex.I11CrtStageMetadata.Stage04.M
        (2 ^ 6))
      (Math.B699.CRTGrid.heightCap B699LowIndex.I11CrtStageMetadata.Stage04.H B699LowIndex.I11CrtStageMetadata.Stage04.M
        (5 ^ b))
      (Math.B699.I11TerminalMembership.Pair25.rowA6 b) Math.B699.I11TerminalMembership.candidates =
    true
'Math.B699.I11TerminalMembership.Pair25.rowA6_cell_check' depends on axioms: [propext, Quot.sound]
Math.B699.I11TerminalMembership.Pair25.rowA6_block_check :
  Math.B699.I11TerminalCRT.blockCoverCheck 2 5 B699LowIndex.I11CrtStageMetadata.Stage04.H
      B699LowIndex.I11CrtStageMetadata.Stage04.M 6 1 1 10 Math.B699.I11TerminalMembership.Pair25.cells
      Math.B699.I11TerminalMembership.candidates =
    true
'Math.B699.I11TerminalMembership.Pair25.rowA6_block_check' depends on axioms: [propext, Quot.sound]
Math.B699.I11TerminalMembership.Pair25.cellA7B1_check :
  Math.B699.I11TerminalCRT.cellCoverCheck (2 ^ 7) (5 ^ 1)
      (Math.B699.CRTGrid.heightCap B699LowIndex.I11CrtStageMetadata.Stage04.H B699LowIndex.I11CrtStageMetadata.Stage04.M
        (2 ^ 7))
      (Math.B699.CRTGrid.heightCap B699LowIndex.I11CrtStageMetadata.Stage04.H B699LowIndex.I11CrtStageMetadata.Stage04.M
        (5 ^ 1))
      Math.B699.I11TerminalMembership.Pair25.cellA7B1 Math.B699.I11TerminalMembership.candidates =
    true
'Math.B699.I11TerminalMembership.Pair25.cellA7B1_check' depends on axioms: [propext]
Math.B699.I11TerminalMembership.Pair25.cellA7B2_check :
  Math.B699.I11TerminalCRT.cellCoverCheck (2 ^ 7) (5 ^ 2)
      (Math.B699.CRTGrid.heightCap B699LowIndex.I11CrtStageMetadata.Stage04.H B699LowIndex.I11CrtStageMetadata.Stage04.M
        (2 ^ 7))
      (Math.B699.CRTGrid.heightCap B699LowIndex.I11CrtStageMetadata.Stage04.H B699LowIndex.I11CrtStageMetadata.Stage04.M
        (5 ^ 2))
      Math.B699.I11TerminalMembership.Pair25.cellA7B2 Math.B699.I11TerminalMembership.candidates =
    true
'Math.B699.I11TerminalMembership.Pair25.cellA7B2_check' depends on axioms: [propext]
Math.B699.I11TerminalMembership.Pair25.cellA7B3_check :
  Math.B699.I11TerminalCRT.cellCoverCheck (2 ^ 7) (5 ^ 3)
      (Math.B699.CRTGrid.heightCap B699LowIndex.I11CrtStageMetadata.Stage04.H B699LowIndex.I11CrtStageMetadata.Stage04.M
        (2 ^ 7))
      (Math.B699.CRTGrid.heightCap B699LowIndex.I11CrtStageMetadata.Stage04.H B699LowIndex.I11CrtStageMetadata.Stage04.M
        (5 ^ 3))
      Math.B699.I11TerminalMembership.Pair25.cellA7B3 Math.B699.I11TerminalMembership.candidates =
    true
'Math.B699.I11TerminalMembership.Pair25.cellA7B3_check' depends on axioms: [propext, Quot.sound]
Math.B699.I11TerminalMembership.Pair25.cellA7B4_check :
  Math.B699.I11TerminalCRT.cellCoverCheck (2 ^ 7) (5 ^ 4)
      (Math.B699.CRTGrid.heightCap B699LowIndex.I11CrtStageMetadata.Stage04.H B699LowIndex.I11CrtStageMetadata.Stage04.M
        (2 ^ 7))
      (Math.B699.CRTGrid.heightCap B699LowIndex.I11CrtStageMetadata.Stage04.H B699LowIndex.I11CrtStageMetadata.Stage04.M
        (5 ^ 4))
      Math.B699.I11TerminalMembership.Pair25.cellA7B4 Math.B699.I11TerminalMembership.candidates =
    true
'Math.B699.I11TerminalMembership.Pair25.cellA7B4_check' depends on axioms: [propext]
Math.B699.I11TerminalMembership.Pair25.cellA7B5_check :
  Math.B699.I11TerminalCRT.cellCoverCheck (2 ^ 7) (5 ^ 5)
      (Math.B699.CRTGrid.heightCap B699LowIndex.I11CrtStageMetadata.Stage04.H B699LowIndex.I11CrtStageMetadata.Stage04.M
        (2 ^ 7))
      (Math.B699.CRTGrid.heightCap B699LowIndex.I11CrtStageMetadata.Stage04.H B699LowIndex.I11CrtStageMetadata.Stage04.M
        (5 ^ 5))
      Math.B699.I11TerminalMembership.Pair25.cellA7B5 Math.B699.I11TerminalMembership.candidates =
    true
'Math.B699.I11TerminalMembership.Pair25.cellA7B5_check' depends on axioms: [propext]
Math.B699.I11TerminalMembership.Pair25.cellA7B6_check :
  Math.B699.I11TerminalCRT.cellCoverCheck (2 ^ 7) (5 ^ 6)
      (Math.B699.CRTGrid.heightCap B699LowIndex.I11CrtStageMetadata.Stage04.H B699LowIndex.I11CrtStageMetadata.Stage04.M
        (2 ^ 7))
      (Math.B699.CRTGrid.heightCap B699LowIndex.I11CrtStageMetadata.Stage04.H B699LowIndex.I11CrtStageMetadata.Stage04.M
        (5 ^ 6))
      Math.B699.I11TerminalMembership.Pair25.cellA7B6 Math.B699.I11TerminalMembership.candidates =
    true
'Math.B699.I11TerminalMembership.Pair25.cellA7B6_check' depends on axioms: [propext]
Math.B699.I11TerminalMembership.Pair25.cellA7B7_check :
  Math.B699.I11TerminalCRT.cellCoverCheck (2 ^ 7) (5 ^ 7)
      (Math.B699.CRTGrid.heightCap B699LowIndex.I11CrtStageMetadata.Stage04.H B699LowIndex.I11CrtStageMetadata.Stage04.M
        (2 ^ 7))
      (Math.B699.CRTGrid.heightCap B699LowIndex.I11CrtStageMetadata.Stage04.H B699LowIndex.I11CrtStageMetadata.Stage04.M
        (5 ^ 7))
      Math.B699.I11TerminalMembership.Pair25.cellA7B7 Math.B699.I11TerminalMembership.candidates =
    true
'Math.B699.I11TerminalMembership.Pair25.cellA7B7_check' depends on axioms: [propext]
Math.B699.I11TerminalMembership.Pair25.cellA7B8_check :
  Math.B699.I11TerminalCRT.cellCoverCheck (2 ^ 7) (5 ^ 8)
      (Math.B699.CRTGrid.heightCap B699LowIndex.I11CrtStageMetadata.Stage04.H B699LowIndex.I11CrtStageMetadata.Stage04.M
        (2 ^ 7))
      (Math.B699.CRTGrid.heightCap B699LowIndex.I11CrtStageMetadata.Stage04.H B699LowIndex.I11CrtStageMetadata.Stage04.M
        (5 ^ 8))
      Math.B699.I11TerminalMembership.Pair25.cellA7B8 Math.B699.I11TerminalMembership.candidates =
    true
'Math.B699.I11TerminalMembership.Pair25.cellA7B8_check' depends on axioms: [propext]
Math.B699.I11TerminalMembership.Pair25.cellA7B9_check :
  Math.B699.I11TerminalCRT.cellCoverCheck (2 ^ 7) (5 ^ 9)
      (Math.B699.CRTGrid.heightCap B699LowIndex.I11CrtStageMetadata.Stage04.H B699LowIndex.I11CrtStageMetadata.Stage04.M
        (2 ^ 7))
      (Math.B699.CRTGrid.heightCap B699LowIndex.I11CrtStageMetadata.Stage04.H B699LowIndex.I11CrtStageMetadata.Stage04.M
        (5 ^ 9))
      Math.B699.I11TerminalMembership.Pair25.cellA7B9 Math.B699.I11TerminalMembership.candidates =
    true
'Math.B699.I11TerminalMembership.Pair25.cellA7B9_check' depends on axioms: [propext]
Math.B699.I11TerminalMembership.Pair25.cellA7B10_check :
  Math.B699.I11TerminalCRT.cellCoverCheck (2 ^ 7) (5 ^ 10)
      (Math.B699.CRTGrid.heightCap B699LowIndex.I11CrtStageMetadata.Stage04.H B699LowIndex.I11CrtStageMetadata.Stage04.M
        (2 ^ 7))
      (Math.B699.CRTGrid.heightCap B699LowIndex.I11CrtStageMetadata.Stage04.H B699LowIndex.I11CrtStageMetadata.Stage04.M
        (5 ^ 10))
      Math.B699.I11TerminalMembership.Pair25.cellA7B10 Math.B699.I11TerminalMembership.candidates =
    true
'Math.B699.I11TerminalMembership.Pair25.cellA7B10_check' depends on axioms: [propext]
Math.B699.I11TerminalMembership.Pair25.rowA7_cell_check (b : ℕ) (hb0 : 1 ≤ b) (hb1 : b ≤ 10) :
  Math.B699.I11TerminalCRT.cellCoverCheck (2 ^ 7) (5 ^ b)
      (Math.B699.CRTGrid.heightCap B699LowIndex.I11CrtStageMetadata.Stage04.H B699LowIndex.I11CrtStageMetadata.Stage04.M
        (2 ^ 7))
      (Math.B699.CRTGrid.heightCap B699LowIndex.I11CrtStageMetadata.Stage04.H B699LowIndex.I11CrtStageMetadata.Stage04.M
        (5 ^ b))
      (Math.B699.I11TerminalMembership.Pair25.rowA7 b) Math.B699.I11TerminalMembership.candidates =
    true
'Math.B699.I11TerminalMembership.Pair25.rowA7_cell_check' depends on axioms: [propext, Quot.sound]
Math.B699.I11TerminalMembership.Pair25.rowA7_block_check :
  Math.B699.I11TerminalCRT.blockCoverCheck 2 5 B699LowIndex.I11CrtStageMetadata.Stage04.H
      B699LowIndex.I11CrtStageMetadata.Stage04.M 7 1 1 10 Math.B699.I11TerminalMembership.Pair25.cells
      Math.B699.I11TerminalMembership.candidates =
    true
'Math.B699.I11TerminalMembership.Pair25.rowA7_block_check' depends on axioms: [propext, Quot.sound]
Math.B699.I11TerminalMembership.Pair25.cellA8B1_check :
  Math.B699.I11TerminalCRT.cellCoverCheck (2 ^ 8) (5 ^ 1)
      (Math.B699.CRTGrid.heightCap B699LowIndex.I11CrtStageMetadata.Stage04.H B699LowIndex.I11CrtStageMetadata.Stage04.M
        (2 ^ 8))
      (Math.B699.CRTGrid.heightCap B699LowIndex.I11CrtStageMetadata.Stage04.H B699LowIndex.I11CrtStageMetadata.Stage04.M
        (5 ^ 1))
      Math.B699.I11TerminalMembership.Pair25.cellA8B1 Math.B699.I11TerminalMembership.candidates =
    true
'Math.B699.I11TerminalMembership.Pair25.cellA8B1_check' depends on axioms: [propext]
Math.B699.I11TerminalMembership.Pair25.cellA8B2_check :
  Math.B699.I11TerminalCRT.cellCoverCheck (2 ^ 8) (5 ^ 2)
      (Math.B699.CRTGrid.heightCap B699LowIndex.I11CrtStageMetadata.Stage04.H B699LowIndex.I11CrtStageMetadata.Stage04.M
        (2 ^ 8))
      (Math.B699.CRTGrid.heightCap B699LowIndex.I11CrtStageMetadata.Stage04.H B699LowIndex.I11CrtStageMetadata.Stage04.M
        (5 ^ 2))
      Math.B699.I11TerminalMembership.Pair25.cellA8B2 Math.B699.I11TerminalMembership.candidates =
    true
'Math.B699.I11TerminalMembership.Pair25.cellA8B2_check' depends on axioms: [propext]
Math.B699.I11TerminalMembership.Pair25.cellA8B3_check :
  Math.B699.I11TerminalCRT.cellCoverCheck (2 ^ 8) (5 ^ 3)
      (Math.B699.CRTGrid.heightCap B699LowIndex.I11CrtStageMetadata.Stage04.H B699LowIndex.I11CrtStageMetadata.Stage04.M
        (2 ^ 8))
      (Math.B699.CRTGrid.heightCap B699LowIndex.I11CrtStageMetadata.Stage04.H B699LowIndex.I11CrtStageMetadata.Stage04.M
        (5 ^ 3))
      Math.B699.I11TerminalMembership.Pair25.cellA8B3 Math.B699.I11TerminalMembership.candidates =
    true
'Math.B699.I11TerminalMembership.Pair25.cellA8B3_check' depends on axioms: [propext, Quot.sound]
Math.B699.I11TerminalMembership.Pair25.cellA8B4_check :
  Math.B699.I11TerminalCRT.cellCoverCheck (2 ^ 8) (5 ^ 4)
      (Math.B699.CRTGrid.heightCap B699LowIndex.I11CrtStageMetadata.Stage04.H B699LowIndex.I11CrtStageMetadata.Stage04.M
        (2 ^ 8))
      (Math.B699.CRTGrid.heightCap B699LowIndex.I11CrtStageMetadata.Stage04.H B699LowIndex.I11CrtStageMetadata.Stage04.M
        (5 ^ 4))
      Math.B699.I11TerminalMembership.Pair25.cellA8B4 Math.B699.I11TerminalMembership.candidates =
    true
'Math.B699.I11TerminalMembership.Pair25.cellA8B4_check' depends on axioms: [propext]
Math.B699.I11TerminalMembership.Pair25.cellA8B5_check :
  Math.B699.I11TerminalCRT.cellCoverCheck (2 ^ 8) (5 ^ 5)
      (Math.B699.CRTGrid.heightCap B699LowIndex.I11CrtStageMetadata.Stage04.H B699LowIndex.I11CrtStageMetadata.Stage04.M
        (2 ^ 8))
      (Math.B699.CRTGrid.heightCap B699LowIndex.I11CrtStageMetadata.Stage04.H B699LowIndex.I11CrtStageMetadata.Stage04.M
        (5 ^ 5))
      Math.B699.I11TerminalMembership.Pair25.cellA8B5 Math.B699.I11TerminalMembership.candidates =
    true
'Math.B699.I11TerminalMembership.Pair25.cellA8B5_check' depends on axioms: [propext]
Math.B699.I11TerminalMembership.Pair25.cellA8B6_check :
  Math.B699.I11TerminalCRT.cellCoverCheck (2 ^ 8) (5 ^ 6)
      (Math.B699.CRTGrid.heightCap B699LowIndex.I11CrtStageMetadata.Stage04.H B699LowIndex.I11CrtStageMetadata.Stage04.M
        (2 ^ 8))
      (Math.B699.CRTGrid.heightCap B699LowIndex.I11CrtStageMetadata.Stage04.H B699LowIndex.I11CrtStageMetadata.Stage04.M
        (5 ^ 6))
      Math.B699.I11TerminalMembership.Pair25.cellA8B6 Math.B699.I11TerminalMembership.candidates =
    true
'Math.B699.I11TerminalMembership.Pair25.cellA8B6_check' depends on axioms: [propext]
Math.B699.I11TerminalMembership.Pair25.cellA8B7_check :
  Math.B699.I11TerminalCRT.cellCoverCheck (2 ^ 8) (5 ^ 7)
      (Math.B699.CRTGrid.heightCap B699LowIndex.I11CrtStageMetadata.Stage04.H B699LowIndex.I11CrtStageMetadata.Stage04.M
        (2 ^ 8))
      (Math.B699.CRTGrid.heightCap B699LowIndex.I11CrtStageMetadata.Stage04.H B699LowIndex.I11CrtStageMetadata.Stage04.M
        (5 ^ 7))
      Math.B699.I11TerminalMembership.Pair25.cellA8B7 Math.B699.I11TerminalMembership.candidates =
    true
'Math.B699.I11TerminalMembership.Pair25.cellA8B7_check' depends on axioms: [propext]
Math.B699.I11TerminalMembership.Pair25.cellA8B8_check :
  Math.B699.I11TerminalCRT.cellCoverCheck (2 ^ 8) (5 ^ 8)
      (Math.B699.CRTGrid.heightCap B699LowIndex.I11CrtStageMetadata.Stage04.H B699LowIndex.I11CrtStageMetadata.Stage04.M
        (2 ^ 8))
      (Math.B699.CRTGrid.heightCap B699LowIndex.I11CrtStageMetadata.Stage04.H B699LowIndex.I11CrtStageMetadata.Stage04.M
        (5 ^ 8))
      Math.B699.I11TerminalMembership.Pair25.cellA8B8 Math.B699.I11TerminalMembership.candidates =
    true
'Math.B699.I11TerminalMembership.Pair25.cellA8B8_check' depends on axioms: [propext]
Math.B699.I11TerminalMembership.Pair25.cellA8B9_check :
  Math.B699.I11TerminalCRT.cellCoverCheck (2 ^ 8) (5 ^ 9)
      (Math.B699.CRTGrid.heightCap B699LowIndex.I11CrtStageMetadata.Stage04.H B699LowIndex.I11CrtStageMetadata.Stage04.M
        (2 ^ 8))
      (Math.B699.CRTGrid.heightCap B699LowIndex.I11CrtStageMetadata.Stage04.H B699LowIndex.I11CrtStageMetadata.Stage04.M
        (5 ^ 9))
      Math.B699.I11TerminalMembership.Pair25.cellA8B9 Math.B699.I11TerminalMembership.candidates =
    true
'Math.B699.I11TerminalMembership.Pair25.cellA8B9_check' depends on axioms: [propext]
Math.B699.I11TerminalMembership.Pair25.cellA8B10_check :
  Math.B699.I11TerminalCRT.cellCoverCheck (2 ^ 8) (5 ^ 10)
      (Math.B699.CRTGrid.heightCap B699LowIndex.I11CrtStageMetadata.Stage04.H B699LowIndex.I11CrtStageMetadata.Stage04.M
        (2 ^ 8))
      (Math.B699.CRTGrid.heightCap B699LowIndex.I11CrtStageMetadata.Stage04.H B699LowIndex.I11CrtStageMetadata.Stage04.M
        (5 ^ 10))
      Math.B699.I11TerminalMembership.Pair25.cellA8B10 Math.B699.I11TerminalMembership.candidates =
    true
'Math.B699.I11TerminalMembership.Pair25.cellA8B10_check' depends on axioms: [propext]
Math.B699.I11TerminalMembership.Pair25.rowA8_cell_check (b : ℕ) (hb0 : 1 ≤ b) (hb1 : b ≤ 10) :
  Math.B699.I11TerminalCRT.cellCoverCheck (2 ^ 8) (5 ^ b)
      (Math.B699.CRTGrid.heightCap B699LowIndex.I11CrtStageMetadata.Stage04.H B699LowIndex.I11CrtStageMetadata.Stage04.M
        (2 ^ 8))
      (Math.B699.CRTGrid.heightCap B699LowIndex.I11CrtStageMetadata.Stage04.H B699LowIndex.I11CrtStageMetadata.Stage04.M
        (5 ^ b))
      (Math.B699.I11TerminalMembership.Pair25.rowA8 b) Math.B699.I11TerminalMembership.candidates =
    true
'Math.B699.I11TerminalMembership.Pair25.rowA8_cell_check' depends on axioms: [propext, Quot.sound]
Math.B699.I11TerminalMembership.Pair25.rowA8_block_check :
  Math.B699.I11TerminalCRT.blockCoverCheck 2 5 B699LowIndex.I11CrtStageMetadata.Stage04.H
      B699LowIndex.I11CrtStageMetadata.Stage04.M 8 1 1 10 Math.B699.I11TerminalMembership.Pair25.cells
      Math.B699.I11TerminalMembership.candidates =
    true
'Math.B699.I11TerminalMembership.Pair25.rowA8_block_check' depends on axioms: [propext, Quot.sound]
Math.B699.I11TerminalMembership.Pair25.cellA9B1_check :
  Math.B699.I11TerminalCRT.cellCoverCheck (2 ^ 9) (5 ^ 1)
      (Math.B699.CRTGrid.heightCap B699LowIndex.I11CrtStageMetadata.Stage04.H B699LowIndex.I11CrtStageMetadata.Stage04.M
        (2 ^ 9))
      (Math.B699.CRTGrid.heightCap B699LowIndex.I11CrtStageMetadata.Stage04.H B699LowIndex.I11CrtStageMetadata.Stage04.M
        (5 ^ 1))
      Math.B699.I11TerminalMembership.Pair25.cellA9B1 Math.B699.I11TerminalMembership.candidates =
    true
'Math.B699.I11TerminalMembership.Pair25.cellA9B1_check' depends on axioms: [propext]
Math.B699.I11TerminalMembership.Pair25.cellA9B2_check :
  Math.B699.I11TerminalCRT.cellCoverCheck (2 ^ 9) (5 ^ 2)
      (Math.B699.CRTGrid.heightCap B699LowIndex.I11CrtStageMetadata.Stage04.H B699LowIndex.I11CrtStageMetadata.Stage04.M
        (2 ^ 9))
      (Math.B699.CRTGrid.heightCap B699LowIndex.I11CrtStageMetadata.Stage04.H B699LowIndex.I11CrtStageMetadata.Stage04.M
        (5 ^ 2))
      Math.B699.I11TerminalMembership.Pair25.cellA9B2 Math.B699.I11TerminalMembership.candidates =
    true
'Math.B699.I11TerminalMembership.Pair25.cellA9B2_check' depends on axioms: [propext]
Math.B699.I11TerminalMembership.Pair25.cellA9B3_check :
  Math.B699.I11TerminalCRT.cellCoverCheck (2 ^ 9) (5 ^ 3)
      (Math.B699.CRTGrid.heightCap B699LowIndex.I11CrtStageMetadata.Stage04.H B699LowIndex.I11CrtStageMetadata.Stage04.M
        (2 ^ 9))
      (Math.B699.CRTGrid.heightCap B699LowIndex.I11CrtStageMetadata.Stage04.H B699LowIndex.I11CrtStageMetadata.Stage04.M
        (5 ^ 3))
      Math.B699.I11TerminalMembership.Pair25.cellA9B3 Math.B699.I11TerminalMembership.candidates =
    true
'Math.B699.I11TerminalMembership.Pair25.cellA9B3_check' depends on axioms: [propext]
Math.B699.I11TerminalMembership.Pair25.cellA9B4_check :
  Math.B699.I11TerminalCRT.cellCoverCheck (2 ^ 9) (5 ^ 4)
      (Math.B699.CRTGrid.heightCap B699LowIndex.I11CrtStageMetadata.Stage04.H B699LowIndex.I11CrtStageMetadata.Stage04.M
        (2 ^ 9))
      (Math.B699.CRTGrid.heightCap B699LowIndex.I11CrtStageMetadata.Stage04.H B699LowIndex.I11CrtStageMetadata.Stage04.M
        (5 ^ 4))
      Math.B699.I11TerminalMembership.Pair25.cellA9B4 Math.B699.I11TerminalMembership.candidates =
    true
'Math.B699.I11TerminalMembership.Pair25.cellA9B4_check' depends on axioms: [propext]
Math.B699.I11TerminalMembership.Pair25.cellA9B5_check :
  Math.B699.I11TerminalCRT.cellCoverCheck (2 ^ 9) (5 ^ 5)
      (Math.B699.CRTGrid.heightCap B699LowIndex.I11CrtStageMetadata.Stage04.H B699LowIndex.I11CrtStageMetadata.Stage04.M
        (2 ^ 9))
      (Math.B699.CRTGrid.heightCap B699LowIndex.I11CrtStageMetadata.Stage04.H B699LowIndex.I11CrtStageMetadata.Stage04.M
        (5 ^ 5))
      Math.B699.I11TerminalMembership.Pair25.cellA9B5 Math.B699.I11TerminalMembership.candidates =
    true
'Math.B699.I11TerminalMembership.Pair25.cellA9B5_check' depends on axioms: [propext]
Math.B699.I11TerminalMembership.Pair25.cellA9B6_check :
  Math.B699.I11TerminalCRT.cellCoverCheck (2 ^ 9) (5 ^ 6)
      (Math.B699.CRTGrid.heightCap B699LowIndex.I11CrtStageMetadata.Stage04.H B699LowIndex.I11CrtStageMetadata.Stage04.M
        (2 ^ 9))
      (Math.B699.CRTGrid.heightCap B699LowIndex.I11CrtStageMetadata.Stage04.H B699LowIndex.I11CrtStageMetadata.Stage04.M
        (5 ^ 6))
      Math.B699.I11TerminalMembership.Pair25.cellA9B6 Math.B699.I11TerminalMembership.candidates =
    true
'Math.B699.I11TerminalMembership.Pair25.cellA9B6_check' depends on axioms: [propext]
Math.B699.I11TerminalMembership.Pair25.cellA9B7_check :
  Math.B699.I11TerminalCRT.cellCoverCheck (2 ^ 9) (5 ^ 7)
      (Math.B699.CRTGrid.heightCap B699LowIndex.I11CrtStageMetadata.Stage04.H B699LowIndex.I11CrtStageMetadata.Stage04.M
        (2 ^ 9))
      (Math.B699.CRTGrid.heightCap B699LowIndex.I11CrtStageMetadata.Stage04.H B699LowIndex.I11CrtStageMetadata.Stage04.M
        (5 ^ 7))
      Math.B699.I11TerminalMembership.Pair25.cellA9B7 Math.B699.I11TerminalMembership.candidates =
    true
'Math.B699.I11TerminalMembership.Pair25.cellA9B7_check' depends on axioms: [propext]
Math.B699.I11TerminalMembership.Pair25.cellA9B8_check :
  Math.B699.I11TerminalCRT.cellCoverCheck (2 ^ 9) (5 ^ 8)
      (Math.B699.CRTGrid.heightCap B699LowIndex.I11CrtStageMetadata.Stage04.H B699LowIndex.I11CrtStageMetadata.Stage04.M
        (2 ^ 9))
      (Math.B699.CRTGrid.heightCap B699LowIndex.I11CrtStageMetadata.Stage04.H B699LowIndex.I11CrtStageMetadata.Stage04.M
        (5 ^ 8))
      Math.B699.I11TerminalMembership.Pair25.cellA9B8 Math.B699.I11TerminalMembership.candidates =
    true
'Math.B699.I11TerminalMembership.Pair25.cellA9B8_check' depends on axioms: [propext]
Math.B699.I11TerminalMembership.Pair25.cellA9B9_check :
  Math.B699.I11TerminalCRT.cellCoverCheck (2 ^ 9) (5 ^ 9)
      (Math.B699.CRTGrid.heightCap B699LowIndex.I11CrtStageMetadata.Stage04.H B699LowIndex.I11CrtStageMetadata.Stage04.M
        (2 ^ 9))
      (Math.B699.CRTGrid.heightCap B699LowIndex.I11CrtStageMetadata.Stage04.H B699LowIndex.I11CrtStageMetadata.Stage04.M
        (5 ^ 9))
      Math.B699.I11TerminalMembership.Pair25.cellA9B9 Math.B699.I11TerminalMembership.candidates =
    true
'Math.B699.I11TerminalMembership.Pair25.cellA9B9_check' depends on axioms: [propext]
Math.B699.I11TerminalMembership.Pair25.cellA9B10_check :
  Math.B699.I11TerminalCRT.cellCoverCheck (2 ^ 9) (5 ^ 10)
      (Math.B699.CRTGrid.heightCap B699LowIndex.I11CrtStageMetadata.Stage04.H B699LowIndex.I11CrtStageMetadata.Stage04.M
        (2 ^ 9))
      (Math.B699.CRTGrid.heightCap B699LowIndex.I11CrtStageMetadata.Stage04.H B699LowIndex.I11CrtStageMetadata.Stage04.M
        (5 ^ 10))
      Math.B699.I11TerminalMembership.Pair25.cellA9B10 Math.B699.I11TerminalMembership.candidates =
    true
'Math.B699.I11TerminalMembership.Pair25.cellA9B10_check' depends on axioms: [propext]
Math.B699.I11TerminalMembership.Pair25.rowA9_cell_check (b : ℕ) (hb0 : 1 ≤ b) (hb1 : b ≤ 10) :
  Math.B699.I11TerminalCRT.cellCoverCheck (2 ^ 9) (5 ^ b)
      (Math.B699.CRTGrid.heightCap B699LowIndex.I11CrtStageMetadata.Stage04.H B699LowIndex.I11CrtStageMetadata.Stage04.M
        (2 ^ 9))
      (Math.B699.CRTGrid.heightCap B699LowIndex.I11CrtStageMetadata.Stage04.H B699LowIndex.I11CrtStageMetadata.Stage04.M
        (5 ^ b))
      (Math.B699.I11TerminalMembership.Pair25.rowA9 b) Math.B699.I11TerminalMembership.candidates =
    true
'Math.B699.I11TerminalMembership.Pair25.rowA9_cell_check' depends on axioms: [propext]
Math.B699.I11TerminalMembership.Pair25.rowA9_block_check :
  Math.B699.I11TerminalCRT.blockCoverCheck 2 5 B699LowIndex.I11CrtStageMetadata.Stage04.H
      B699LowIndex.I11CrtStageMetadata.Stage04.M 9 1 1 10 Math.B699.I11TerminalMembership.Pair25.cells
      Math.B699.I11TerminalMembership.candidates =
    true
'Math.B699.I11TerminalMembership.Pair25.rowA9_block_check' depends on axioms: [propext, Quot.sound]
Math.B699.I11TerminalMembership.Pair25.cellA10B1_check :
  Math.B699.I11TerminalCRT.cellCoverCheck (2 ^ 10) (5 ^ 1)
      (Math.B699.CRTGrid.heightCap B699LowIndex.I11CrtStageMetadata.Stage04.H B699LowIndex.I11CrtStageMetadata.Stage04.M
        (2 ^ 10))
      (Math.B699.CRTGrid.heightCap B699LowIndex.I11CrtStageMetadata.Stage04.H B699LowIndex.I11CrtStageMetadata.Stage04.M
        (5 ^ 1))
      Math.B699.I11TerminalMembership.Pair25.cellA10B1 Math.B699.I11TerminalMembership.candidates =
    true
'Math.B699.I11TerminalMembership.Pair25.cellA10B1_check' depends on axioms: [propext]
Math.B699.I11TerminalMembership.Pair25.cellA10B2_check :
  Math.B699.I11TerminalCRT.cellCoverCheck (2 ^ 10) (5 ^ 2)
      (Math.B699.CRTGrid.heightCap B699LowIndex.I11CrtStageMetadata.Stage04.H B699LowIndex.I11CrtStageMetadata.Stage04.M
        (2 ^ 10))
      (Math.B699.CRTGrid.heightCap B699LowIndex.I11CrtStageMetadata.Stage04.H B699LowIndex.I11CrtStageMetadata.Stage04.M
        (5 ^ 2))
      Math.B699.I11TerminalMembership.Pair25.cellA10B2 Math.B699.I11TerminalMembership.candidates =
    true
'Math.B699.I11TerminalMembership.Pair25.cellA10B2_check' depends on axioms: [propext]
Math.B699.I11TerminalMembership.Pair25.cellA10B3_check :
  Math.B699.I11TerminalCRT.cellCoverCheck (2 ^ 10) (5 ^ 3)
      (Math.B699.CRTGrid.heightCap B699LowIndex.I11CrtStageMetadata.Stage04.H B699LowIndex.I11CrtStageMetadata.Stage04.M
        (2 ^ 10))
      (Math.B699.CRTGrid.heightCap B699LowIndex.I11CrtStageMetadata.Stage04.H B699LowIndex.I11CrtStageMetadata.Stage04.M
        (5 ^ 3))
      Math.B699.I11TerminalMembership.Pair25.cellA10B3 Math.B699.I11TerminalMembership.candidates =
    true
'Math.B699.I11TerminalMembership.Pair25.cellA10B3_check' depends on axioms: [propext]
Math.B699.I11TerminalMembership.Pair25.cellA10B4_check :
  Math.B699.I11TerminalCRT.cellCoverCheck (2 ^ 10) (5 ^ 4)
      (Math.B699.CRTGrid.heightCap B699LowIndex.I11CrtStageMetadata.Stage04.H B699LowIndex.I11CrtStageMetadata.Stage04.M
        (2 ^ 10))
      (Math.B699.CRTGrid.heightCap B699LowIndex.I11CrtStageMetadata.Stage04.H B699LowIndex.I11CrtStageMetadata.Stage04.M
        (5 ^ 4))
      Math.B699.I11TerminalMembership.Pair25.cellA10B4 Math.B699.I11TerminalMembership.candidates =
    true
'Math.B699.I11TerminalMembership.Pair25.cellA10B4_check' depends on axioms: [propext]
Math.B699.I11TerminalMembership.Pair25.cellA10B5_check :
  Math.B699.I11TerminalCRT.cellCoverCheck (2 ^ 10) (5 ^ 5)
      (Math.B699.CRTGrid.heightCap B699LowIndex.I11CrtStageMetadata.Stage04.H B699LowIndex.I11CrtStageMetadata.Stage04.M
        (2 ^ 10))
      (Math.B699.CRTGrid.heightCap B699LowIndex.I11CrtStageMetadata.Stage04.H B699LowIndex.I11CrtStageMetadata.Stage04.M
        (5 ^ 5))
      Math.B699.I11TerminalMembership.Pair25.cellA10B5 Math.B699.I11TerminalMembership.candidates =
    true
'Math.B699.I11TerminalMembership.Pair25.cellA10B5_check' depends on axioms: [propext]
Math.B699.I11TerminalMembership.Pair25.cellA10B6_check :
  Math.B699.I11TerminalCRT.cellCoverCheck (2 ^ 10) (5 ^ 6)
      (Math.B699.CRTGrid.heightCap B699LowIndex.I11CrtStageMetadata.Stage04.H B699LowIndex.I11CrtStageMetadata.Stage04.M
        (2 ^ 10))
      (Math.B699.CRTGrid.heightCap B699LowIndex.I11CrtStageMetadata.Stage04.H B699LowIndex.I11CrtStageMetadata.Stage04.M
        (5 ^ 6))
      Math.B699.I11TerminalMembership.Pair25.cellA10B6 Math.B699.I11TerminalMembership.candidates =
    true
'Math.B699.I11TerminalMembership.Pair25.cellA10B6_check' depends on axioms: [propext]
Math.B699.I11TerminalMembership.Pair25.cellA10B7_check :
  Math.B699.I11TerminalCRT.cellCoverCheck (2 ^ 10) (5 ^ 7)
      (Math.B699.CRTGrid.heightCap B699LowIndex.I11CrtStageMetadata.Stage04.H B699LowIndex.I11CrtStageMetadata.Stage04.M
        (2 ^ 10))
      (Math.B699.CRTGrid.heightCap B699LowIndex.I11CrtStageMetadata.Stage04.H B699LowIndex.I11CrtStageMetadata.Stage04.M
        (5 ^ 7))
      Math.B699.I11TerminalMembership.Pair25.cellA10B7 Math.B699.I11TerminalMembership.candidates =
    true
'Math.B699.I11TerminalMembership.Pair25.cellA10B7_check' depends on axioms: [propext]
Math.B699.I11TerminalMembership.Pair25.cellA10B8_check :
  Math.B699.I11TerminalCRT.cellCoverCheck (2 ^ 10) (5 ^ 8)
      (Math.B699.CRTGrid.heightCap B699LowIndex.I11CrtStageMetadata.Stage04.H B699LowIndex.I11CrtStageMetadata.Stage04.M
        (2 ^ 10))
      (Math.B699.CRTGrid.heightCap B699LowIndex.I11CrtStageMetadata.Stage04.H B699LowIndex.I11CrtStageMetadata.Stage04.M
        (5 ^ 8))
      Math.B699.I11TerminalMembership.Pair25.cellA10B8 Math.B699.I11TerminalMembership.candidates =
    true
'Math.B699.I11TerminalMembership.Pair25.cellA10B8_check' depends on axioms: [propext]
Math.B699.I11TerminalMembership.Pair25.cellA10B9_check :
  Math.B699.I11TerminalCRT.cellCoverCheck (2 ^ 10) (5 ^ 9)
      (Math.B699.CRTGrid.heightCap B699LowIndex.I11CrtStageMetadata.Stage04.H B699LowIndex.I11CrtStageMetadata.Stage04.M
        (2 ^ 10))
      (Math.B699.CRTGrid.heightCap B699LowIndex.I11CrtStageMetadata.Stage04.H B699LowIndex.I11CrtStageMetadata.Stage04.M
        (5 ^ 9))
      Math.B699.I11TerminalMembership.Pair25.cellA10B9 Math.B699.I11TerminalMembership.candidates =
    true
'Math.B699.I11TerminalMembership.Pair25.cellA10B9_check' depends on axioms: [propext]
Math.B699.I11TerminalMembership.Pair25.cellA10B10_check :
  Math.B699.I11TerminalCRT.cellCoverCheck (2 ^ 10) (5 ^ 10)
      (Math.B699.CRTGrid.heightCap B699LowIndex.I11CrtStageMetadata.Stage04.H B699LowIndex.I11CrtStageMetadata.Stage04.M
        (2 ^ 10))
      (Math.B699.CRTGrid.heightCap B699LowIndex.I11CrtStageMetadata.Stage04.H B699LowIndex.I11CrtStageMetadata.Stage04.M
        (5 ^ 10))
      Math.B699.I11TerminalMembership.Pair25.cellA10B10 Math.B699.I11TerminalMembership.candidates =
    true
'Math.B699.I11TerminalMembership.Pair25.cellA10B10_check' depends on axioms: [propext]
Math.B699.I11TerminalMembership.Pair25.rowA10_cell_check (b : ℕ) (hb0 : 1 ≤ b) (hb1 : b ≤ 10) :
  Math.B699.I11TerminalCRT.cellCoverCheck (2 ^ 10) (5 ^ b)
      (Math.B699.CRTGrid.heightCap B699LowIndex.I11CrtStageMetadata.Stage04.H B699LowIndex.I11CrtStageMetadata.Stage04.M
        (2 ^ 10))
      (Math.B699.CRTGrid.heightCap B699LowIndex.I11CrtStageMetadata.Stage04.H B699LowIndex.I11CrtStageMetadata.Stage04.M
        (5 ^ b))
      (Math.B699.I11TerminalMembership.Pair25.rowA10 b) Math.B699.I11TerminalMembership.candidates =
    true
'Math.B699.I11TerminalMembership.Pair25.rowA10_cell_check' depends on axioms: [propext]
Math.B699.I11TerminalMembership.Pair25.rowA10_block_check :
  Math.B699.I11TerminalCRT.blockCoverCheck 2 5 B699LowIndex.I11CrtStageMetadata.Stage04.H
      B699LowIndex.I11CrtStageMetadata.Stage04.M 10 1 1 10 Math.B699.I11TerminalMembership.Pair25.cells
      Math.B699.I11TerminalMembership.candidates =
    true
'Math.B699.I11TerminalMembership.Pair25.rowA10_block_check' depends on axioms: [propext, Quot.sound]
Math.B699.I11TerminalMembership.Pair25.cellA11B1_check :
  Math.B699.I11TerminalCRT.cellCoverCheck (2 ^ 11) (5 ^ 1)
      (Math.B699.CRTGrid.heightCap B699LowIndex.I11CrtStageMetadata.Stage04.H B699LowIndex.I11CrtStageMetadata.Stage04.M
        (2 ^ 11))
      (Math.B699.CRTGrid.heightCap B699LowIndex.I11CrtStageMetadata.Stage04.H B699LowIndex.I11CrtStageMetadata.Stage04.M
        (5 ^ 1))
      Math.B699.I11TerminalMembership.Pair25.cellA11B1 Math.B699.I11TerminalMembership.candidates =
    true
'Math.B699.I11TerminalMembership.Pair25.cellA11B1_check' depends on axioms: [propext]
Math.B699.I11TerminalMembership.Pair25.cellA11B2_check :
  Math.B699.I11TerminalCRT.cellCoverCheck (2 ^ 11) (5 ^ 2)
      (Math.B699.CRTGrid.heightCap B699LowIndex.I11CrtStageMetadata.Stage04.H B699LowIndex.I11CrtStageMetadata.Stage04.M
        (2 ^ 11))
      (Math.B699.CRTGrid.heightCap B699LowIndex.I11CrtStageMetadata.Stage04.H B699LowIndex.I11CrtStageMetadata.Stage04.M
        (5 ^ 2))
      Math.B699.I11TerminalMembership.Pair25.cellA11B2 Math.B699.I11TerminalMembership.candidates =
    true
'Math.B699.I11TerminalMembership.Pair25.cellA11B2_check' depends on axioms: [propext]
Math.B699.I11TerminalMembership.Pair25.cellA11B3_check :
  Math.B699.I11TerminalCRT.cellCoverCheck (2 ^ 11) (5 ^ 3)
      (Math.B699.CRTGrid.heightCap B699LowIndex.I11CrtStageMetadata.Stage04.H B699LowIndex.I11CrtStageMetadata.Stage04.M
        (2 ^ 11))
      (Math.B699.CRTGrid.heightCap B699LowIndex.I11CrtStageMetadata.Stage04.H B699LowIndex.I11CrtStageMetadata.Stage04.M
        (5 ^ 3))
      Math.B699.I11TerminalMembership.Pair25.cellA11B3 Math.B699.I11TerminalMembership.candidates =
    true
'Math.B699.I11TerminalMembership.Pair25.cellA11B3_check' depends on axioms: [propext]
Math.B699.I11TerminalMembership.Pair25.cellA11B4_check :
  Math.B699.I11TerminalCRT.cellCoverCheck (2 ^ 11) (5 ^ 4)
      (Math.B699.CRTGrid.heightCap B699LowIndex.I11CrtStageMetadata.Stage04.H B699LowIndex.I11CrtStageMetadata.Stage04.M
        (2 ^ 11))
      (Math.B699.CRTGrid.heightCap B699LowIndex.I11CrtStageMetadata.Stage04.H B699LowIndex.I11CrtStageMetadata.Stage04.M
        (5 ^ 4))
      Math.B699.I11TerminalMembership.Pair25.cellA11B4 Math.B699.I11TerminalMembership.candidates =
    true
'Math.B699.I11TerminalMembership.Pair25.cellA11B4_check' depends on axioms: [propext]
Math.B699.I11TerminalMembership.Pair25.cellA11B5_check :
  Math.B699.I11TerminalCRT.cellCoverCheck (2 ^ 11) (5 ^ 5)
      (Math.B699.CRTGrid.heightCap B699LowIndex.I11CrtStageMetadata.Stage04.H B699LowIndex.I11CrtStageMetadata.Stage04.M
        (2 ^ 11))
      (Math.B699.CRTGrid.heightCap B699LowIndex.I11CrtStageMetadata.Stage04.H B699LowIndex.I11CrtStageMetadata.Stage04.M
        (5 ^ 5))
      Math.B699.I11TerminalMembership.Pair25.cellA11B5 Math.B699.I11TerminalMembership.candidates =
    true
'Math.B699.I11TerminalMembership.Pair25.cellA11B5_check' depends on axioms: [propext]
Math.B699.I11TerminalMembership.Pair25.cellA11B6_check :
  Math.B699.I11TerminalCRT.cellCoverCheck (2 ^ 11) (5 ^ 6)
      (Math.B699.CRTGrid.heightCap B699LowIndex.I11CrtStageMetadata.Stage04.H B699LowIndex.I11CrtStageMetadata.Stage04.M
        (2 ^ 11))
      (Math.B699.CRTGrid.heightCap B699LowIndex.I11CrtStageMetadata.Stage04.H B699LowIndex.I11CrtStageMetadata.Stage04.M
        (5 ^ 6))
      Math.B699.I11TerminalMembership.Pair25.cellA11B6 Math.B699.I11TerminalMembership.candidates =
    true
'Math.B699.I11TerminalMembership.Pair25.cellA11B6_check' depends on axioms: [propext]
Math.B699.I11TerminalMembership.Pair25.cellA11B7_check :
  Math.B699.I11TerminalCRT.cellCoverCheck (2 ^ 11) (5 ^ 7)
      (Math.B699.CRTGrid.heightCap B699LowIndex.I11CrtStageMetadata.Stage04.H B699LowIndex.I11CrtStageMetadata.Stage04.M
        (2 ^ 11))
      (Math.B699.CRTGrid.heightCap B699LowIndex.I11CrtStageMetadata.Stage04.H B699LowIndex.I11CrtStageMetadata.Stage04.M
        (5 ^ 7))
      Math.B699.I11TerminalMembership.Pair25.cellA11B7 Math.B699.I11TerminalMembership.candidates =
    true
'Math.B699.I11TerminalMembership.Pair25.cellA11B7_check' depends on axioms: [propext]
Math.B699.I11TerminalMembership.Pair25.cellA11B8_check :
  Math.B699.I11TerminalCRT.cellCoverCheck (2 ^ 11) (5 ^ 8)
      (Math.B699.CRTGrid.heightCap B699LowIndex.I11CrtStageMetadata.Stage04.H B699LowIndex.I11CrtStageMetadata.Stage04.M
        (2 ^ 11))
      (Math.B699.CRTGrid.heightCap B699LowIndex.I11CrtStageMetadata.Stage04.H B699LowIndex.I11CrtStageMetadata.Stage04.M
        (5 ^ 8))
      Math.B699.I11TerminalMembership.Pair25.cellA11B8 Math.B699.I11TerminalMembership.candidates =
    true
'Math.B699.I11TerminalMembership.Pair25.cellA11B8_check' depends on axioms: [propext]
Math.B699.I11TerminalMembership.Pair25.cellA11B9_check :
  Math.B699.I11TerminalCRT.cellCoverCheck (2 ^ 11) (5 ^ 9)
      (Math.B699.CRTGrid.heightCap B699LowIndex.I11CrtStageMetadata.Stage04.H B699LowIndex.I11CrtStageMetadata.Stage04.M
        (2 ^ 11))
      (Math.B699.CRTGrid.heightCap B699LowIndex.I11CrtStageMetadata.Stage04.H B699LowIndex.I11CrtStageMetadata.Stage04.M
        (5 ^ 9))
      Math.B699.I11TerminalMembership.Pair25.cellA11B9 Math.B699.I11TerminalMembership.candidates =
    true
'Math.B699.I11TerminalMembership.Pair25.cellA11B9_check' depends on axioms: [propext]
Math.B699.I11TerminalMembership.Pair25.cellA11B10_check :
  Math.B699.I11TerminalCRT.cellCoverCheck (2 ^ 11) (5 ^ 10)
      (Math.B699.CRTGrid.heightCap B699LowIndex.I11CrtStageMetadata.Stage04.H B699LowIndex.I11CrtStageMetadata.Stage04.M
        (2 ^ 11))
      (Math.B699.CRTGrid.heightCap B699LowIndex.I11CrtStageMetadata.Stage04.H B699LowIndex.I11CrtStageMetadata.Stage04.M
        (5 ^ 10))
      Math.B699.I11TerminalMembership.Pair25.cellA11B10 Math.B699.I11TerminalMembership.candidates =
    true
'Math.B699.I11TerminalMembership.Pair25.cellA11B10_check' depends on axioms: [propext]
Math.B699.I11TerminalMembership.Pair25.rowA11_cell_check (b : ℕ) (hb0 : 1 ≤ b) (hb1 : b ≤ 10) :
  Math.B699.I11TerminalCRT.cellCoverCheck (2 ^ 11) (5 ^ b)
      (Math.B699.CRTGrid.heightCap B699LowIndex.I11CrtStageMetadata.Stage04.H B699LowIndex.I11CrtStageMetadata.Stage04.M
        (2 ^ 11))
      (Math.B699.CRTGrid.heightCap B699LowIndex.I11CrtStageMetadata.Stage04.H B699LowIndex.I11CrtStageMetadata.Stage04.M
        (5 ^ b))
      (Math.B699.I11TerminalMembership.Pair25.rowA11 b) Math.B699.I11TerminalMembership.candidates =
    true
'Math.B699.I11TerminalMembership.Pair25.rowA11_cell_check' depends on axioms: [propext]
Math.B699.I11TerminalMembership.Pair25.rowA11_block_check :
  Math.B699.I11TerminalCRT.blockCoverCheck 2 5 B699LowIndex.I11CrtStageMetadata.Stage04.H
      B699LowIndex.I11CrtStageMetadata.Stage04.M 11 1 1 10 Math.B699.I11TerminalMembership.Pair25.cells
      Math.B699.I11TerminalMembership.candidates =
    true
'Math.B699.I11TerminalMembership.Pair25.rowA11_block_check' depends on axioms: [propext, Quot.sound]
Math.B699.I11TerminalMembership.Pair25.cellA12B1_check :
  Math.B699.I11TerminalCRT.cellCoverCheck (2 ^ 12) (5 ^ 1)
      (Math.B699.CRTGrid.heightCap B699LowIndex.I11CrtStageMetadata.Stage04.H B699LowIndex.I11CrtStageMetadata.Stage04.M
        (2 ^ 12))
      (Math.B699.CRTGrid.heightCap B699LowIndex.I11CrtStageMetadata.Stage04.H B699LowIndex.I11CrtStageMetadata.Stage04.M
        (5 ^ 1))
      Math.B699.I11TerminalMembership.Pair25.cellA12B1 Math.B699.I11TerminalMembership.candidates =
    true
'Math.B699.I11TerminalMembership.Pair25.cellA12B1_check' depends on axioms: [propext]
Math.B699.I11TerminalMembership.Pair25.cellA12B2_check :
  Math.B699.I11TerminalCRT.cellCoverCheck (2 ^ 12) (5 ^ 2)
      (Math.B699.CRTGrid.heightCap B699LowIndex.I11CrtStageMetadata.Stage04.H B699LowIndex.I11CrtStageMetadata.Stage04.M
        (2 ^ 12))
      (Math.B699.CRTGrid.heightCap B699LowIndex.I11CrtStageMetadata.Stage04.H B699LowIndex.I11CrtStageMetadata.Stage04.M
        (5 ^ 2))
      Math.B699.I11TerminalMembership.Pair25.cellA12B2 Math.B699.I11TerminalMembership.candidates =
    true
'Math.B699.I11TerminalMembership.Pair25.cellA12B2_check' depends on axioms: [propext]
Math.B699.I11TerminalMembership.Pair25.cellA12B3_check :
  Math.B699.I11TerminalCRT.cellCoverCheck (2 ^ 12) (5 ^ 3)
      (Math.B699.CRTGrid.heightCap B699LowIndex.I11CrtStageMetadata.Stage04.H B699LowIndex.I11CrtStageMetadata.Stage04.M
        (2 ^ 12))
      (Math.B699.CRTGrid.heightCap B699LowIndex.I11CrtStageMetadata.Stage04.H B699LowIndex.I11CrtStageMetadata.Stage04.M
        (5 ^ 3))
      Math.B699.I11TerminalMembership.Pair25.cellA12B3 Math.B699.I11TerminalMembership.candidates =
    true
'Math.B699.I11TerminalMembership.Pair25.cellA12B3_check' depends on axioms: [propext]
Math.B699.I11TerminalMembership.Pair25.cellA12B4_check :
  Math.B699.I11TerminalCRT.cellCoverCheck (2 ^ 12) (5 ^ 4)
      (Math.B699.CRTGrid.heightCap B699LowIndex.I11CrtStageMetadata.Stage04.H B699LowIndex.I11CrtStageMetadata.Stage04.M
        (2 ^ 12))
      (Math.B699.CRTGrid.heightCap B699LowIndex.I11CrtStageMetadata.Stage04.H B699LowIndex.I11CrtStageMetadata.Stage04.M
        (5 ^ 4))
      Math.B699.I11TerminalMembership.Pair25.cellA12B4 Math.B699.I11TerminalMembership.candidates =
    true
'Math.B699.I11TerminalMembership.Pair25.cellA12B4_check' depends on axioms: [propext]
Math.B699.I11TerminalMembership.Pair25.cellA12B5_check :
  Math.B699.I11TerminalCRT.cellCoverCheck (2 ^ 12) (5 ^ 5)
      (Math.B699.CRTGrid.heightCap B699LowIndex.I11CrtStageMetadata.Stage04.H B699LowIndex.I11CrtStageMetadata.Stage04.M
        (2 ^ 12))
      (Math.B699.CRTGrid.heightCap B699LowIndex.I11CrtStageMetadata.Stage04.H B699LowIndex.I11CrtStageMetadata.Stage04.M
        (5 ^ 5))
      Math.B699.I11TerminalMembership.Pair25.cellA12B5 Math.B699.I11TerminalMembership.candidates =
    true
'Math.B699.I11TerminalMembership.Pair25.cellA12B5_check' depends on axioms: [propext]
Math.B699.I11TerminalMembership.Pair25.cellA12B6_check :
  Math.B699.I11TerminalCRT.cellCoverCheck (2 ^ 12) (5 ^ 6)
      (Math.B699.CRTGrid.heightCap B699LowIndex.I11CrtStageMetadata.Stage04.H B699LowIndex.I11CrtStageMetadata.Stage04.M
        (2 ^ 12))
      (Math.B699.CRTGrid.heightCap B699LowIndex.I11CrtStageMetadata.Stage04.H B699LowIndex.I11CrtStageMetadata.Stage04.M
        (5 ^ 6))
      Math.B699.I11TerminalMembership.Pair25.cellA12B6 Math.B699.I11TerminalMembership.candidates =
    true
'Math.B699.I11TerminalMembership.Pair25.cellA12B6_check' depends on axioms: [propext]
Math.B699.I11TerminalMembership.Pair25.cellA12B7_check :
  Math.B699.I11TerminalCRT.cellCoverCheck (2 ^ 12) (5 ^ 7)
      (Math.B699.CRTGrid.heightCap B699LowIndex.I11CrtStageMetadata.Stage04.H B699LowIndex.I11CrtStageMetadata.Stage04.M
        (2 ^ 12))
      (Math.B699.CRTGrid.heightCap B699LowIndex.I11CrtStageMetadata.Stage04.H B699LowIndex.I11CrtStageMetadata.Stage04.M
        (5 ^ 7))
      Math.B699.I11TerminalMembership.Pair25.cellA12B7 Math.B699.I11TerminalMembership.candidates =
    true
'Math.B699.I11TerminalMembership.Pair25.cellA12B7_check' depends on axioms: [propext]
Math.B699.I11TerminalMembership.Pair25.cellA12B8_check :
  Math.B699.I11TerminalCRT.cellCoverCheck (2 ^ 12) (5 ^ 8)
      (Math.B699.CRTGrid.heightCap B699LowIndex.I11CrtStageMetadata.Stage04.H B699LowIndex.I11CrtStageMetadata.Stage04.M
        (2 ^ 12))
      (Math.B699.CRTGrid.heightCap B699LowIndex.I11CrtStageMetadata.Stage04.H B699LowIndex.I11CrtStageMetadata.Stage04.M
        (5 ^ 8))
      Math.B699.I11TerminalMembership.Pair25.cellA12B8 Math.B699.I11TerminalMembership.candidates =
    true
'Math.B699.I11TerminalMembership.Pair25.cellA12B8_check' depends on axioms: [propext]
Math.B699.I11TerminalMembership.Pair25.cellA12B9_check :
  Math.B699.I11TerminalCRT.cellCoverCheck (2 ^ 12) (5 ^ 9)
      (Math.B699.CRTGrid.heightCap B699LowIndex.I11CrtStageMetadata.Stage04.H B699LowIndex.I11CrtStageMetadata.Stage04.M
        (2 ^ 12))
      (Math.B699.CRTGrid.heightCap B699LowIndex.I11CrtStageMetadata.Stage04.H B699LowIndex.I11CrtStageMetadata.Stage04.M
        (5 ^ 9))
      Math.B699.I11TerminalMembership.Pair25.cellA12B9 Math.B699.I11TerminalMembership.candidates =
    true
'Math.B699.I11TerminalMembership.Pair25.cellA12B9_check' depends on axioms: [propext]
Math.B699.I11TerminalMembership.Pair25.cellA12B10_check :
  Math.B699.I11TerminalCRT.cellCoverCheck (2 ^ 12) (5 ^ 10)
      (Math.B699.CRTGrid.heightCap B699LowIndex.I11CrtStageMetadata.Stage04.H B699LowIndex.I11CrtStageMetadata.Stage04.M
        (2 ^ 12))
      (Math.B699.CRTGrid.heightCap B699LowIndex.I11CrtStageMetadata.Stage04.H B699LowIndex.I11CrtStageMetadata.Stage04.M
        (5 ^ 10))
      Math.B699.I11TerminalMembership.Pair25.cellA12B10 Math.B699.I11TerminalMembership.candidates =
    true
'Math.B699.I11TerminalMembership.Pair25.cellA12B10_check' depends on axioms: [propext]
Math.B699.I11TerminalMembership.Pair25.rowA12_cell_check (b : ℕ) (hb0 : 1 ≤ b) (hb1 : b ≤ 10) :
  Math.B699.I11TerminalCRT.cellCoverCheck (2 ^ 12) (5 ^ b)
      (Math.B699.CRTGrid.heightCap B699LowIndex.I11CrtStageMetadata.Stage04.H B699LowIndex.I11CrtStageMetadata.Stage04.M
        (2 ^ 12))
      (Math.B699.CRTGrid.heightCap B699LowIndex.I11CrtStageMetadata.Stage04.H B699LowIndex.I11CrtStageMetadata.Stage04.M
        (5 ^ b))
      (Math.B699.I11TerminalMembership.Pair25.rowA12 b) Math.B699.I11TerminalMembership.candidates =
    true
'Math.B699.I11TerminalMembership.Pair25.rowA12_cell_check' depends on axioms: [propext]
Math.B699.I11TerminalMembership.Pair25.rowA12_block_check :
  Math.B699.I11TerminalCRT.blockCoverCheck 2 5 B699LowIndex.I11CrtStageMetadata.Stage04.H
      B699LowIndex.I11CrtStageMetadata.Stage04.M 12 1 1 10 Math.B699.I11TerminalMembership.Pair25.cells
      Math.B699.I11TerminalMembership.candidates =
    true
'Math.B699.I11TerminalMembership.Pair25.rowA12_block_check' depends on axioms: [propext, Quot.sound]
Math.B699.I11TerminalMembership.Pair25.cellA13B1_check :
  Math.B699.I11TerminalCRT.cellCoverCheck (2 ^ 13) (5 ^ 1)
      (Math.B699.CRTGrid.heightCap B699LowIndex.I11CrtStageMetadata.Stage04.H B699LowIndex.I11CrtStageMetadata.Stage04.M
        (2 ^ 13))
      (Math.B699.CRTGrid.heightCap B699LowIndex.I11CrtStageMetadata.Stage04.H B699LowIndex.I11CrtStageMetadata.Stage04.M
        (5 ^ 1))
      Math.B699.I11TerminalMembership.Pair25.cellA13B1 Math.B699.I11TerminalMembership.candidates =
    true
'Math.B699.I11TerminalMembership.Pair25.cellA13B1_check' depends on axioms: [propext]
Math.B699.I11TerminalMembership.Pair25.cellA13B2_check :
  Math.B699.I11TerminalCRT.cellCoverCheck (2 ^ 13) (5 ^ 2)
      (Math.B699.CRTGrid.heightCap B699LowIndex.I11CrtStageMetadata.Stage04.H B699LowIndex.I11CrtStageMetadata.Stage04.M
        (2 ^ 13))
      (Math.B699.CRTGrid.heightCap B699LowIndex.I11CrtStageMetadata.Stage04.H B699LowIndex.I11CrtStageMetadata.Stage04.M
        (5 ^ 2))
      Math.B699.I11TerminalMembership.Pair25.cellA13B2 Math.B699.I11TerminalMembership.candidates =
    true
'Math.B699.I11TerminalMembership.Pair25.cellA13B2_check' depends on axioms: [propext]
Math.B699.I11TerminalMembership.Pair25.cellA13B3_check :
  Math.B699.I11TerminalCRT.cellCoverCheck (2 ^ 13) (5 ^ 3)
      (Math.B699.CRTGrid.heightCap B699LowIndex.I11CrtStageMetadata.Stage04.H B699LowIndex.I11CrtStageMetadata.Stage04.M
        (2 ^ 13))
      (Math.B699.CRTGrid.heightCap B699LowIndex.I11CrtStageMetadata.Stage04.H B699LowIndex.I11CrtStageMetadata.Stage04.M
        (5 ^ 3))
      Math.B699.I11TerminalMembership.Pair25.cellA13B3 Math.B699.I11TerminalMembership.candidates =
    true
'Math.B699.I11TerminalMembership.Pair25.cellA13B3_check' depends on axioms: [propext]
Math.B699.I11TerminalMembership.Pair25.cellA13B4_check :
  Math.B699.I11TerminalCRT.cellCoverCheck (2 ^ 13) (5 ^ 4)
      (Math.B699.CRTGrid.heightCap B699LowIndex.I11CrtStageMetadata.Stage04.H B699LowIndex.I11CrtStageMetadata.Stage04.M
        (2 ^ 13))
      (Math.B699.CRTGrid.heightCap B699LowIndex.I11CrtStageMetadata.Stage04.H B699LowIndex.I11CrtStageMetadata.Stage04.M
        (5 ^ 4))
      Math.B699.I11TerminalMembership.Pair25.cellA13B4 Math.B699.I11TerminalMembership.candidates =
    true
'Math.B699.I11TerminalMembership.Pair25.cellA13B4_check' depends on axioms: [propext]
Math.B699.I11TerminalMembership.Pair25.cellA13B5_check :
  Math.B699.I11TerminalCRT.cellCoverCheck (2 ^ 13) (5 ^ 5)
      (Math.B699.CRTGrid.heightCap B699LowIndex.I11CrtStageMetadata.Stage04.H B699LowIndex.I11CrtStageMetadata.Stage04.M
        (2 ^ 13))
      (Math.B699.CRTGrid.heightCap B699LowIndex.I11CrtStageMetadata.Stage04.H B699LowIndex.I11CrtStageMetadata.Stage04.M
        (5 ^ 5))
      Math.B699.I11TerminalMembership.Pair25.cellA13B5 Math.B699.I11TerminalMembership.candidates =
    true
'Math.B699.I11TerminalMembership.Pair25.cellA13B5_check' depends on axioms: [propext]
Math.B699.I11TerminalMembership.Pair25.cellA13B6_check :
  Math.B699.I11TerminalCRT.cellCoverCheck (2 ^ 13) (5 ^ 6)
      (Math.B699.CRTGrid.heightCap B699LowIndex.I11CrtStageMetadata.Stage04.H B699LowIndex.I11CrtStageMetadata.Stage04.M
        (2 ^ 13))
      (Math.B699.CRTGrid.heightCap B699LowIndex.I11CrtStageMetadata.Stage04.H B699LowIndex.I11CrtStageMetadata.Stage04.M
        (5 ^ 6))
      Math.B699.I11TerminalMembership.Pair25.cellA13B6 Math.B699.I11TerminalMembership.candidates =
    true
'Math.B699.I11TerminalMembership.Pair25.cellA13B6_check' depends on axioms: [propext]
Math.B699.I11TerminalMembership.Pair25.cellA13B7_check :
  Math.B699.I11TerminalCRT.cellCoverCheck (2 ^ 13) (5 ^ 7)
      (Math.B699.CRTGrid.heightCap B699LowIndex.I11CrtStageMetadata.Stage04.H B699LowIndex.I11CrtStageMetadata.Stage04.M
        (2 ^ 13))
      (Math.B699.CRTGrid.heightCap B699LowIndex.I11CrtStageMetadata.Stage04.H B699LowIndex.I11CrtStageMetadata.Stage04.M
        (5 ^ 7))
      Math.B699.I11TerminalMembership.Pair25.cellA13B7 Math.B699.I11TerminalMembership.candidates =
    true
'Math.B699.I11TerminalMembership.Pair25.cellA13B7_check' depends on axioms: [propext]
Math.B699.I11TerminalMembership.Pair25.cellA13B8_check :
  Math.B699.I11TerminalCRT.cellCoverCheck (2 ^ 13) (5 ^ 8)
      (Math.B699.CRTGrid.heightCap B699LowIndex.I11CrtStageMetadata.Stage04.H B699LowIndex.I11CrtStageMetadata.Stage04.M
        (2 ^ 13))
      (Math.B699.CRTGrid.heightCap B699LowIndex.I11CrtStageMetadata.Stage04.H B699LowIndex.I11CrtStageMetadata.Stage04.M
        (5 ^ 8))
      Math.B699.I11TerminalMembership.Pair25.cellA13B8 Math.B699.I11TerminalMembership.candidates =
    true
'Math.B699.I11TerminalMembership.Pair25.cellA13B8_check' depends on axioms: [propext]
Math.B699.I11TerminalMembership.Pair25.cellA13B9_check :
  Math.B699.I11TerminalCRT.cellCoverCheck (2 ^ 13) (5 ^ 9)
      (Math.B699.CRTGrid.heightCap B699LowIndex.I11CrtStageMetadata.Stage04.H B699LowIndex.I11CrtStageMetadata.Stage04.M
        (2 ^ 13))
      (Math.B699.CRTGrid.heightCap B699LowIndex.I11CrtStageMetadata.Stage04.H B699LowIndex.I11CrtStageMetadata.Stage04.M
        (5 ^ 9))
      Math.B699.I11TerminalMembership.Pair25.cellA13B9 Math.B699.I11TerminalMembership.candidates =
    true
'Math.B699.I11TerminalMembership.Pair25.cellA13B9_check' depends on axioms: [propext]
Math.B699.I11TerminalMembership.Pair25.cellA13B10_check :
  Math.B699.I11TerminalCRT.cellCoverCheck (2 ^ 13) (5 ^ 10)
      (Math.B699.CRTGrid.heightCap B699LowIndex.I11CrtStageMetadata.Stage04.H B699LowIndex.I11CrtStageMetadata.Stage04.M
        (2 ^ 13))
      (Math.B699.CRTGrid.heightCap B699LowIndex.I11CrtStageMetadata.Stage04.H B699LowIndex.I11CrtStageMetadata.Stage04.M
        (5 ^ 10))
      Math.B699.I11TerminalMembership.Pair25.cellA13B10 Math.B699.I11TerminalMembership.candidates =
    true
'Math.B699.I11TerminalMembership.Pair25.cellA13B10_check' depends on axioms: [propext]
Math.B699.I11TerminalMembership.Pair25.rowA13_cell_check (b : ℕ) (hb0 : 1 ≤ b) (hb1 : b ≤ 10) :
  Math.B699.I11TerminalCRT.cellCoverCheck (2 ^ 13) (5 ^ b)
      (Math.B699.CRTGrid.heightCap B699LowIndex.I11CrtStageMetadata.Stage04.H B699LowIndex.I11CrtStageMetadata.Stage04.M
        (2 ^ 13))
      (Math.B699.CRTGrid.heightCap B699LowIndex.I11CrtStageMetadata.Stage04.H B699LowIndex.I11CrtStageMetadata.Stage04.M
        (5 ^ b))
      (Math.B699.I11TerminalMembership.Pair25.rowA13 b) Math.B699.I11TerminalMembership.candidates =
    true
'Math.B699.I11TerminalMembership.Pair25.rowA13_cell_check' depends on axioms: [propext]
Math.B699.I11TerminalMembership.Pair25.rowA13_block_check :
  Math.B699.I11TerminalCRT.blockCoverCheck 2 5 B699LowIndex.I11CrtStageMetadata.Stage04.H
      B699LowIndex.I11CrtStageMetadata.Stage04.M 13 1 1 10 Math.B699.I11TerminalMembership.Pair25.cells
      Math.B699.I11TerminalMembership.candidates =
    true
'Math.B699.I11TerminalMembership.Pair25.rowA13_block_check' depends on axioms: [propext, Quot.sound]
Math.B699.I11TerminalMembership.Pair25.cellA14B1_check :
  Math.B699.I11TerminalCRT.cellCoverCheck (2 ^ 14) (5 ^ 1)
      (Math.B699.CRTGrid.heightCap B699LowIndex.I11CrtStageMetadata.Stage04.H B699LowIndex.I11CrtStageMetadata.Stage04.M
        (2 ^ 14))
      (Math.B699.CRTGrid.heightCap B699LowIndex.I11CrtStageMetadata.Stage04.H B699LowIndex.I11CrtStageMetadata.Stage04.M
        (5 ^ 1))
      Math.B699.I11TerminalMembership.Pair25.cellA14B1 Math.B699.I11TerminalMembership.candidates =
    true
'Math.B699.I11TerminalMembership.Pair25.cellA14B1_check' depends on axioms: [propext]
Math.B699.I11TerminalMembership.Pair25.cellA14B2_check :
  Math.B699.I11TerminalCRT.cellCoverCheck (2 ^ 14) (5 ^ 2)
      (Math.B699.CRTGrid.heightCap B699LowIndex.I11CrtStageMetadata.Stage04.H B699LowIndex.I11CrtStageMetadata.Stage04.M
        (2 ^ 14))
      (Math.B699.CRTGrid.heightCap B699LowIndex.I11CrtStageMetadata.Stage04.H B699LowIndex.I11CrtStageMetadata.Stage04.M
        (5 ^ 2))
      Math.B699.I11TerminalMembership.Pair25.cellA14B2 Math.B699.I11TerminalMembership.candidates =
    true
'Math.B699.I11TerminalMembership.Pair25.cellA14B2_check' depends on axioms: [propext]
Math.B699.I11TerminalMembership.Pair25.cellA14B3_check :
  Math.B699.I11TerminalCRT.cellCoverCheck (2 ^ 14) (5 ^ 3)
      (Math.B699.CRTGrid.heightCap B699LowIndex.I11CrtStageMetadata.Stage04.H B699LowIndex.I11CrtStageMetadata.Stage04.M
        (2 ^ 14))
      (Math.B699.CRTGrid.heightCap B699LowIndex.I11CrtStageMetadata.Stage04.H B699LowIndex.I11CrtStageMetadata.Stage04.M
        (5 ^ 3))
      Math.B699.I11TerminalMembership.Pair25.cellA14B3 Math.B699.I11TerminalMembership.candidates =
    true
'Math.B699.I11TerminalMembership.Pair25.cellA14B3_check' depends on axioms: [propext]
Math.B699.I11TerminalMembership.Pair25.cellA14B4_check :
  Math.B699.I11TerminalCRT.cellCoverCheck (2 ^ 14) (5 ^ 4)
      (Math.B699.CRTGrid.heightCap B699LowIndex.I11CrtStageMetadata.Stage04.H B699LowIndex.I11CrtStageMetadata.Stage04.M
        (2 ^ 14))
      (Math.B699.CRTGrid.heightCap B699LowIndex.I11CrtStageMetadata.Stage04.H B699LowIndex.I11CrtStageMetadata.Stage04.M
        (5 ^ 4))
      Math.B699.I11TerminalMembership.Pair25.cellA14B4 Math.B699.I11TerminalMembership.candidates =
    true
'Math.B699.I11TerminalMembership.Pair25.cellA14B4_check' depends on axioms: [propext]
Math.B699.I11TerminalMembership.Pair25.cellA14B5_check :
  Math.B699.I11TerminalCRT.cellCoverCheck (2 ^ 14) (5 ^ 5)
      (Math.B699.CRTGrid.heightCap B699LowIndex.I11CrtStageMetadata.Stage04.H B699LowIndex.I11CrtStageMetadata.Stage04.M
        (2 ^ 14))
      (Math.B699.CRTGrid.heightCap B699LowIndex.I11CrtStageMetadata.Stage04.H B699LowIndex.I11CrtStageMetadata.Stage04.M
        (5 ^ 5))
      Math.B699.I11TerminalMembership.Pair25.cellA14B5 Math.B699.I11TerminalMembership.candidates =
    true
'Math.B699.I11TerminalMembership.Pair25.cellA14B5_check' depends on axioms: [propext]
Math.B699.I11TerminalMembership.Pair25.cellA14B6_check :
  Math.B699.I11TerminalCRT.cellCoverCheck (2 ^ 14) (5 ^ 6)
      (Math.B699.CRTGrid.heightCap B699LowIndex.I11CrtStageMetadata.Stage04.H B699LowIndex.I11CrtStageMetadata.Stage04.M
        (2 ^ 14))
      (Math.B699.CRTGrid.heightCap B699LowIndex.I11CrtStageMetadata.Stage04.H B699LowIndex.I11CrtStageMetadata.Stage04.M
        (5 ^ 6))
      Math.B699.I11TerminalMembership.Pair25.cellA14B6 Math.B699.I11TerminalMembership.candidates =
    true
'Math.B699.I11TerminalMembership.Pair25.cellA14B6_check' depends on axioms: [propext]
Math.B699.I11TerminalMembership.Pair25.cellA14B7_check :
  Math.B699.I11TerminalCRT.cellCoverCheck (2 ^ 14) (5 ^ 7)
      (Math.B699.CRTGrid.heightCap B699LowIndex.I11CrtStageMetadata.Stage04.H B699LowIndex.I11CrtStageMetadata.Stage04.M
        (2 ^ 14))
      (Math.B699.CRTGrid.heightCap B699LowIndex.I11CrtStageMetadata.Stage04.H B699LowIndex.I11CrtStageMetadata.Stage04.M
        (5 ^ 7))
      Math.B699.I11TerminalMembership.Pair25.cellA14B7 Math.B699.I11TerminalMembership.candidates =
    true
'Math.B699.I11TerminalMembership.Pair25.cellA14B7_check' depends on axioms: [propext]
Math.B699.I11TerminalMembership.Pair25.cellA14B8_check :
  Math.B699.I11TerminalCRT.cellCoverCheck (2 ^ 14) (5 ^ 8)
      (Math.B699.CRTGrid.heightCap B699LowIndex.I11CrtStageMetadata.Stage04.H B699LowIndex.I11CrtStageMetadata.Stage04.M
        (2 ^ 14))
      (Math.B699.CRTGrid.heightCap B699LowIndex.I11CrtStageMetadata.Stage04.H B699LowIndex.I11CrtStageMetadata.Stage04.M
        (5 ^ 8))
      Math.B699.I11TerminalMembership.Pair25.cellA14B8 Math.B699.I11TerminalMembership.candidates =
    true
'Math.B699.I11TerminalMembership.Pair25.cellA14B8_check' depends on axioms: [propext]
Math.B699.I11TerminalMembership.Pair25.cellA14B9_check :
  Math.B699.I11TerminalCRT.cellCoverCheck (2 ^ 14) (5 ^ 9)
      (Math.B699.CRTGrid.heightCap B699LowIndex.I11CrtStageMetadata.Stage04.H B699LowIndex.I11CrtStageMetadata.Stage04.M
        (2 ^ 14))
      (Math.B699.CRTGrid.heightCap B699LowIndex.I11CrtStageMetadata.Stage04.H B699LowIndex.I11CrtStageMetadata.Stage04.M
        (5 ^ 9))
      Math.B699.I11TerminalMembership.Pair25.cellA14B9 Math.B699.I11TerminalMembership.candidates =
    true
'Math.B699.I11TerminalMembership.Pair25.cellA14B9_check' depends on axioms: [propext]
Math.B699.I11TerminalMembership.Pair25.cellA14B10_check :
  Math.B699.I11TerminalCRT.cellCoverCheck (2 ^ 14) (5 ^ 10)
      (Math.B699.CRTGrid.heightCap B699LowIndex.I11CrtStageMetadata.Stage04.H B699LowIndex.I11CrtStageMetadata.Stage04.M
        (2 ^ 14))
      (Math.B699.CRTGrid.heightCap B699LowIndex.I11CrtStageMetadata.Stage04.H B699LowIndex.I11CrtStageMetadata.Stage04.M
        (5 ^ 10))
      Math.B699.I11TerminalMembership.Pair25.cellA14B10 Math.B699.I11TerminalMembership.candidates =
    true
'Math.B699.I11TerminalMembership.Pair25.cellA14B10_check' depends on axioms: [propext]
Math.B699.I11TerminalMembership.Pair25.rowA14_cell_check (b : ℕ) (hb0 : 1 ≤ b) (hb1 : b ≤ 10) :
  Math.B699.I11TerminalCRT.cellCoverCheck (2 ^ 14) (5 ^ b)
      (Math.B699.CRTGrid.heightCap B699LowIndex.I11CrtStageMetadata.Stage04.H B699LowIndex.I11CrtStageMetadata.Stage04.M
        (2 ^ 14))
      (Math.B699.CRTGrid.heightCap B699LowIndex.I11CrtStageMetadata.Stage04.H B699LowIndex.I11CrtStageMetadata.Stage04.M
        (5 ^ b))
      (Math.B699.I11TerminalMembership.Pair25.rowA14 b) Math.B699.I11TerminalMembership.candidates =
    true
'Math.B699.I11TerminalMembership.Pair25.rowA14_cell_check' depends on axioms: [propext]
Math.B699.I11TerminalMembership.Pair25.rowA14_block_check :
  Math.B699.I11TerminalCRT.blockCoverCheck 2 5 B699LowIndex.I11CrtStageMetadata.Stage04.H
      B699LowIndex.I11CrtStageMetadata.Stage04.M 14 1 1 10 Math.B699.I11TerminalMembership.Pair25.cells
      Math.B699.I11TerminalMembership.candidates =
    true
'Math.B699.I11TerminalMembership.Pair25.rowA14_block_check' depends on axioms: [propext, Quot.sound]
Math.B699.I11TerminalMembership.Pair25.cellA15B1_check :
  Math.B699.I11TerminalCRT.cellCoverCheck (2 ^ 15) (5 ^ 1)
      (Math.B699.CRTGrid.heightCap B699LowIndex.I11CrtStageMetadata.Stage04.H B699LowIndex.I11CrtStageMetadata.Stage04.M
        (2 ^ 15))
      (Math.B699.CRTGrid.heightCap B699LowIndex.I11CrtStageMetadata.Stage04.H B699LowIndex.I11CrtStageMetadata.Stage04.M
        (5 ^ 1))
      Math.B699.I11TerminalMembership.Pair25.cellA15B1 Math.B699.I11TerminalMembership.candidates =
    true
'Math.B699.I11TerminalMembership.Pair25.cellA15B1_check' depends on axioms: [propext]
Math.B699.I11TerminalMembership.Pair25.cellA15B2_check :
  Math.B699.I11TerminalCRT.cellCoverCheck (2 ^ 15) (5 ^ 2)
      (Math.B699.CRTGrid.heightCap B699LowIndex.I11CrtStageMetadata.Stage04.H B699LowIndex.I11CrtStageMetadata.Stage04.M
        (2 ^ 15))
      (Math.B699.CRTGrid.heightCap B699LowIndex.I11CrtStageMetadata.Stage04.H B699LowIndex.I11CrtStageMetadata.Stage04.M
        (5 ^ 2))
      Math.B699.I11TerminalMembership.Pair25.cellA15B2 Math.B699.I11TerminalMembership.candidates =
    true
'Math.B699.I11TerminalMembership.Pair25.cellA15B2_check' depends on axioms: [propext]
Math.B699.I11TerminalMembership.Pair25.cellA15B3_check :
  Math.B699.I11TerminalCRT.cellCoverCheck (2 ^ 15) (5 ^ 3)
      (Math.B699.CRTGrid.heightCap B699LowIndex.I11CrtStageMetadata.Stage04.H B699LowIndex.I11CrtStageMetadata.Stage04.M
        (2 ^ 15))
      (Math.B699.CRTGrid.heightCap B699LowIndex.I11CrtStageMetadata.Stage04.H B699LowIndex.I11CrtStageMetadata.Stage04.M
        (5 ^ 3))
      Math.B699.I11TerminalMembership.Pair25.cellA15B3 Math.B699.I11TerminalMembership.candidates =
    true
'Math.B699.I11TerminalMembership.Pair25.cellA15B3_check' depends on axioms: [propext]
Math.B699.I11TerminalMembership.Pair25.cellA15B4_check :
  Math.B699.I11TerminalCRT.cellCoverCheck (2 ^ 15) (5 ^ 4)
      (Math.B699.CRTGrid.heightCap B699LowIndex.I11CrtStageMetadata.Stage04.H B699LowIndex.I11CrtStageMetadata.Stage04.M
        (2 ^ 15))
      (Math.B699.CRTGrid.heightCap B699LowIndex.I11CrtStageMetadata.Stage04.H B699LowIndex.I11CrtStageMetadata.Stage04.M
        (5 ^ 4))
      Math.B699.I11TerminalMembership.Pair25.cellA15B4 Math.B699.I11TerminalMembership.candidates =
    true
'Math.B699.I11TerminalMembership.Pair25.cellA15B4_check' depends on axioms: [propext]
Math.B699.I11TerminalMembership.Pair25.cellA15B5_check :
  Math.B699.I11TerminalCRT.cellCoverCheck (2 ^ 15) (5 ^ 5)
      (Math.B699.CRTGrid.heightCap B699LowIndex.I11CrtStageMetadata.Stage04.H B699LowIndex.I11CrtStageMetadata.Stage04.M
        (2 ^ 15))
      (Math.B699.CRTGrid.heightCap B699LowIndex.I11CrtStageMetadata.Stage04.H B699LowIndex.I11CrtStageMetadata.Stage04.M
        (5 ^ 5))
      Math.B699.I11TerminalMembership.Pair25.cellA15B5 Math.B699.I11TerminalMembership.candidates =
    true
'Math.B699.I11TerminalMembership.Pair25.cellA15B5_check' depends on axioms: [propext]
Math.B699.I11TerminalMembership.Pair25.cellA15B6_check :
  Math.B699.I11TerminalCRT.cellCoverCheck (2 ^ 15) (5 ^ 6)
      (Math.B699.CRTGrid.heightCap B699LowIndex.I11CrtStageMetadata.Stage04.H B699LowIndex.I11CrtStageMetadata.Stage04.M
        (2 ^ 15))
      (Math.B699.CRTGrid.heightCap B699LowIndex.I11CrtStageMetadata.Stage04.H B699LowIndex.I11CrtStageMetadata.Stage04.M
        (5 ^ 6))
      Math.B699.I11TerminalMembership.Pair25.cellA15B6 Math.B699.I11TerminalMembership.candidates =
    true
'Math.B699.I11TerminalMembership.Pair25.cellA15B6_check' depends on axioms: [propext]
Math.B699.I11TerminalMembership.Pair25.cellA15B7_check :
  Math.B699.I11TerminalCRT.cellCoverCheck (2 ^ 15) (5 ^ 7)
      (Math.B699.CRTGrid.heightCap B699LowIndex.I11CrtStageMetadata.Stage04.H B699LowIndex.I11CrtStageMetadata.Stage04.M
        (2 ^ 15))
      (Math.B699.CRTGrid.heightCap B699LowIndex.I11CrtStageMetadata.Stage04.H B699LowIndex.I11CrtStageMetadata.Stage04.M
        (5 ^ 7))
      Math.B699.I11TerminalMembership.Pair25.cellA15B7 Math.B699.I11TerminalMembership.candidates =
    true
'Math.B699.I11TerminalMembership.Pair25.cellA15B7_check' depends on axioms: [propext]
Math.B699.I11TerminalMembership.Pair25.cellA15B8_check :
  Math.B699.I11TerminalCRT.cellCoverCheck (2 ^ 15) (5 ^ 8)
      (Math.B699.CRTGrid.heightCap B699LowIndex.I11CrtStageMetadata.Stage04.H B699LowIndex.I11CrtStageMetadata.Stage04.M
        (2 ^ 15))
      (Math.B699.CRTGrid.heightCap B699LowIndex.I11CrtStageMetadata.Stage04.H B699LowIndex.I11CrtStageMetadata.Stage04.M
        (5 ^ 8))
      Math.B699.I11TerminalMembership.Pair25.cellA15B8 Math.B699.I11TerminalMembership.candidates =
    true
'Math.B699.I11TerminalMembership.Pair25.cellA15B8_check' depends on axioms: [propext]
Math.B699.I11TerminalMembership.Pair25.cellA15B9_check :
  Math.B699.I11TerminalCRT.cellCoverCheck (2 ^ 15) (5 ^ 9)
      (Math.B699.CRTGrid.heightCap B699LowIndex.I11CrtStageMetadata.Stage04.H B699LowIndex.I11CrtStageMetadata.Stage04.M
        (2 ^ 15))
      (Math.B699.CRTGrid.heightCap B699LowIndex.I11CrtStageMetadata.Stage04.H B699LowIndex.I11CrtStageMetadata.Stage04.M
        (5 ^ 9))
      Math.B699.I11TerminalMembership.Pair25.cellA15B9 Math.B699.I11TerminalMembership.candidates =
    true
'Math.B699.I11TerminalMembership.Pair25.cellA15B9_check' depends on axioms: [propext]
Math.B699.I11TerminalMembership.Pair25.cellA15B10_check :
  Math.B699.I11TerminalCRT.cellCoverCheck (2 ^ 15) (5 ^ 10)
      (Math.B699.CRTGrid.heightCap B699LowIndex.I11CrtStageMetadata.Stage04.H B699LowIndex.I11CrtStageMetadata.Stage04.M
        (2 ^ 15))
      (Math.B699.CRTGrid.heightCap B699LowIndex.I11CrtStageMetadata.Stage04.H B699LowIndex.I11CrtStageMetadata.Stage04.M
        (5 ^ 10))
      Math.B699.I11TerminalMembership.Pair25.cellA15B10 Math.B699.I11TerminalMembership.candidates =
    true
'Math.B699.I11TerminalMembership.Pair25.cellA15B10_check' depends on axioms: [propext]
Math.B699.I11TerminalMembership.Pair25.rowA15_cell_check (b : ℕ) (hb0 : 1 ≤ b) (hb1 : b ≤ 10) :
  Math.B699.I11TerminalCRT.cellCoverCheck (2 ^ 15) (5 ^ b)
      (Math.B699.CRTGrid.heightCap B699LowIndex.I11CrtStageMetadata.Stage04.H B699LowIndex.I11CrtStageMetadata.Stage04.M
        (2 ^ 15))
      (Math.B699.CRTGrid.heightCap B699LowIndex.I11CrtStageMetadata.Stage04.H B699LowIndex.I11CrtStageMetadata.Stage04.M
        (5 ^ b))
      (Math.B699.I11TerminalMembership.Pair25.rowA15 b) Math.B699.I11TerminalMembership.candidates =
    true
'Math.B699.I11TerminalMembership.Pair25.rowA15_cell_check' depends on axioms: [propext]
Math.B699.I11TerminalMembership.Pair25.rowA15_block_check :
  Math.B699.I11TerminalCRT.blockCoverCheck 2 5 B699LowIndex.I11CrtStageMetadata.Stage04.H
      B699LowIndex.I11CrtStageMetadata.Stage04.M 15 1 1 10 Math.B699.I11TerminalMembership.Pair25.cells
      Math.B699.I11TerminalMembership.candidates =
    true
'Math.B699.I11TerminalMembership.Pair25.rowA15_block_check' depends on axioms: [propext, Quot.sound]
Math.B699.I11TerminalMembership.Pair25.cellA16B1_check :
  Math.B699.I11TerminalCRT.cellCoverCheck (2 ^ 16) (5 ^ 1)
      (Math.B699.CRTGrid.heightCap B699LowIndex.I11CrtStageMetadata.Stage04.H B699LowIndex.I11CrtStageMetadata.Stage04.M
        (2 ^ 16))
      (Math.B699.CRTGrid.heightCap B699LowIndex.I11CrtStageMetadata.Stage04.H B699LowIndex.I11CrtStageMetadata.Stage04.M
        (5 ^ 1))
      Math.B699.I11TerminalMembership.Pair25.cellA16B1 Math.B699.I11TerminalMembership.candidates =
    true
'Math.B699.I11TerminalMembership.Pair25.cellA16B1_check' depends on axioms: [propext]
Math.B699.I11TerminalMembership.Pair25.cellA16B2_check :
  Math.B699.I11TerminalCRT.cellCoverCheck (2 ^ 16) (5 ^ 2)
      (Math.B699.CRTGrid.heightCap B699LowIndex.I11CrtStageMetadata.Stage04.H B699LowIndex.I11CrtStageMetadata.Stage04.M
        (2 ^ 16))
      (Math.B699.CRTGrid.heightCap B699LowIndex.I11CrtStageMetadata.Stage04.H B699LowIndex.I11CrtStageMetadata.Stage04.M
        (5 ^ 2))
      Math.B699.I11TerminalMembership.Pair25.cellA16B2 Math.B699.I11TerminalMembership.candidates =
    true
'Math.B699.I11TerminalMembership.Pair25.cellA16B2_check' depends on axioms: [propext]
Math.B699.I11TerminalMembership.Pair25.cellA16B3_check :
  Math.B699.I11TerminalCRT.cellCoverCheck (2 ^ 16) (5 ^ 3)
      (Math.B699.CRTGrid.heightCap B699LowIndex.I11CrtStageMetadata.Stage04.H B699LowIndex.I11CrtStageMetadata.Stage04.M
        (2 ^ 16))
      (Math.B699.CRTGrid.heightCap B699LowIndex.I11CrtStageMetadata.Stage04.H B699LowIndex.I11CrtStageMetadata.Stage04.M
        (5 ^ 3))
      Math.B699.I11TerminalMembership.Pair25.cellA16B3 Math.B699.I11TerminalMembership.candidates =
    true
'Math.B699.I11TerminalMembership.Pair25.cellA16B3_check' depends on axioms: [propext]
Math.B699.I11TerminalMembership.Pair25.cellA16B4_check :
  Math.B699.I11TerminalCRT.cellCoverCheck (2 ^ 16) (5 ^ 4)
      (Math.B699.CRTGrid.heightCap B699LowIndex.I11CrtStageMetadata.Stage04.H B699LowIndex.I11CrtStageMetadata.Stage04.M
        (2 ^ 16))
      (Math.B699.CRTGrid.heightCap B699LowIndex.I11CrtStageMetadata.Stage04.H B699LowIndex.I11CrtStageMetadata.Stage04.M
        (5 ^ 4))
      Math.B699.I11TerminalMembership.Pair25.cellA16B4 Math.B699.I11TerminalMembership.candidates =
    true
'Math.B699.I11TerminalMembership.Pair25.cellA16B4_check' depends on axioms: [propext]
Math.B699.I11TerminalMembership.Pair25.cellA16B5_check :
  Math.B699.I11TerminalCRT.cellCoverCheck (2 ^ 16) (5 ^ 5)
      (Math.B699.CRTGrid.heightCap B699LowIndex.I11CrtStageMetadata.Stage04.H B699LowIndex.I11CrtStageMetadata.Stage04.M
        (2 ^ 16))
      (Math.B699.CRTGrid.heightCap B699LowIndex.I11CrtStageMetadata.Stage04.H B699LowIndex.I11CrtStageMetadata.Stage04.M
        (5 ^ 5))
      Math.B699.I11TerminalMembership.Pair25.cellA16B5 Math.B699.I11TerminalMembership.candidates =
    true
'Math.B699.I11TerminalMembership.Pair25.cellA16B5_check' depends on axioms: [propext]
Math.B699.I11TerminalMembership.Pair25.cellA16B6_check :
  Math.B699.I11TerminalCRT.cellCoverCheck (2 ^ 16) (5 ^ 6)
      (Math.B699.CRTGrid.heightCap B699LowIndex.I11CrtStageMetadata.Stage04.H B699LowIndex.I11CrtStageMetadata.Stage04.M
        (2 ^ 16))
      (Math.B699.CRTGrid.heightCap B699LowIndex.I11CrtStageMetadata.Stage04.H B699LowIndex.I11CrtStageMetadata.Stage04.M
        (5 ^ 6))
      Math.B699.I11TerminalMembership.Pair25.cellA16B6 Math.B699.I11TerminalMembership.candidates =
    true
'Math.B699.I11TerminalMembership.Pair25.cellA16B6_check' depends on axioms: [propext]
Math.B699.I11TerminalMembership.Pair25.cellA16B7_check :
  Math.B699.I11TerminalCRT.cellCoverCheck (2 ^ 16) (5 ^ 7)
      (Math.B699.CRTGrid.heightCap B699LowIndex.I11CrtStageMetadata.Stage04.H B699LowIndex.I11CrtStageMetadata.Stage04.M
        (2 ^ 16))
      (Math.B699.CRTGrid.heightCap B699LowIndex.I11CrtStageMetadata.Stage04.H B699LowIndex.I11CrtStageMetadata.Stage04.M
        (5 ^ 7))
      Math.B699.I11TerminalMembership.Pair25.cellA16B7 Math.B699.I11TerminalMembership.candidates =
    true
'Math.B699.I11TerminalMembership.Pair25.cellA16B7_check' depends on axioms: [propext]
Math.B699.I11TerminalMembership.Pair25.cellA16B8_check :
  Math.B699.I11TerminalCRT.cellCoverCheck (2 ^ 16) (5 ^ 8)
      (Math.B699.CRTGrid.heightCap B699LowIndex.I11CrtStageMetadata.Stage04.H B699LowIndex.I11CrtStageMetadata.Stage04.M
        (2 ^ 16))
      (Math.B699.CRTGrid.heightCap B699LowIndex.I11CrtStageMetadata.Stage04.H B699LowIndex.I11CrtStageMetadata.Stage04.M
        (5 ^ 8))
      Math.B699.I11TerminalMembership.Pair25.cellA16B8 Math.B699.I11TerminalMembership.candidates =
    true
'Math.B699.I11TerminalMembership.Pair25.cellA16B8_check' depends on axioms: [propext]
Math.B699.I11TerminalMembership.Pair25.cellA16B9_check :
  Math.B699.I11TerminalCRT.cellCoverCheck (2 ^ 16) (5 ^ 9)
      (Math.B699.CRTGrid.heightCap B699LowIndex.I11CrtStageMetadata.Stage04.H B699LowIndex.I11CrtStageMetadata.Stage04.M
        (2 ^ 16))
      (Math.B699.CRTGrid.heightCap B699LowIndex.I11CrtStageMetadata.Stage04.H B699LowIndex.I11CrtStageMetadata.Stage04.M
        (5 ^ 9))
      Math.B699.I11TerminalMembership.Pair25.cellA16B9 Math.B699.I11TerminalMembership.candidates =
    true
'Math.B699.I11TerminalMembership.Pair25.cellA16B9_check' depends on axioms: [propext]
Math.B699.I11TerminalMembership.Pair25.cellA16B10_check :
  Math.B699.I11TerminalCRT.cellCoverCheck (2 ^ 16) (5 ^ 10)
      (Math.B699.CRTGrid.heightCap B699LowIndex.I11CrtStageMetadata.Stage04.H B699LowIndex.I11CrtStageMetadata.Stage04.M
        (2 ^ 16))
      (Math.B699.CRTGrid.heightCap B699LowIndex.I11CrtStageMetadata.Stage04.H B699LowIndex.I11CrtStageMetadata.Stage04.M
        (5 ^ 10))
      Math.B699.I11TerminalMembership.Pair25.cellA16B10 Math.B699.I11TerminalMembership.candidates =
    true
'Math.B699.I11TerminalMembership.Pair25.cellA16B10_check' depends on axioms: [propext]
Math.B699.I11TerminalMembership.Pair25.rowA16_cell_check (b : ℕ) (hb0 : 1 ≤ b) (hb1 : b ≤ 10) :
  Math.B699.I11TerminalCRT.cellCoverCheck (2 ^ 16) (5 ^ b)
      (Math.B699.CRTGrid.heightCap B699LowIndex.I11CrtStageMetadata.Stage04.H B699LowIndex.I11CrtStageMetadata.Stage04.M
        (2 ^ 16))
      (Math.B699.CRTGrid.heightCap B699LowIndex.I11CrtStageMetadata.Stage04.H B699LowIndex.I11CrtStageMetadata.Stage04.M
        (5 ^ b))
      (Math.B699.I11TerminalMembership.Pair25.rowA16 b) Math.B699.I11TerminalMembership.candidates =
    true
'Math.B699.I11TerminalMembership.Pair25.rowA16_cell_check' depends on axioms: [propext]
Math.B699.I11TerminalMembership.Pair25.rowA16_block_check :
  Math.B699.I11TerminalCRT.blockCoverCheck 2 5 B699LowIndex.I11CrtStageMetadata.Stage04.H
      B699LowIndex.I11CrtStageMetadata.Stage04.M 16 1 1 10 Math.B699.I11TerminalMembership.Pair25.cells
      Math.B699.I11TerminalMembership.candidates =
    true
'Math.B699.I11TerminalMembership.Pair25.rowA16_block_check' depends on axioms: [propext, Quot.sound]
Math.B699.I11TerminalMembership.Pair25.cellA17B1_check :
  Math.B699.I11TerminalCRT.cellCoverCheck (2 ^ 17) (5 ^ 1)
      (Math.B699.CRTGrid.heightCap B699LowIndex.I11CrtStageMetadata.Stage04.H B699LowIndex.I11CrtStageMetadata.Stage04.M
        (2 ^ 17))
      (Math.B699.CRTGrid.heightCap B699LowIndex.I11CrtStageMetadata.Stage04.H B699LowIndex.I11CrtStageMetadata.Stage04.M
        (5 ^ 1))
      Math.B699.I11TerminalMembership.Pair25.cellA17B1 Math.B699.I11TerminalMembership.candidates =
    true
'Math.B699.I11TerminalMembership.Pair25.cellA17B1_check' depends on axioms: [propext]
Math.B699.I11TerminalMembership.Pair25.cellA17B2_check :
  Math.B699.I11TerminalCRT.cellCoverCheck (2 ^ 17) (5 ^ 2)
      (Math.B699.CRTGrid.heightCap B699LowIndex.I11CrtStageMetadata.Stage04.H B699LowIndex.I11CrtStageMetadata.Stage04.M
        (2 ^ 17))
      (Math.B699.CRTGrid.heightCap B699LowIndex.I11CrtStageMetadata.Stage04.H B699LowIndex.I11CrtStageMetadata.Stage04.M
        (5 ^ 2))
      Math.B699.I11TerminalMembership.Pair25.cellA17B2 Math.B699.I11TerminalMembership.candidates =
    true
'Math.B699.I11TerminalMembership.Pair25.cellA17B2_check' depends on axioms: [propext]
Math.B699.I11TerminalMembership.Pair25.cellA17B3_check :
  Math.B699.I11TerminalCRT.cellCoverCheck (2 ^ 17) (5 ^ 3)
      (Math.B699.CRTGrid.heightCap B699LowIndex.I11CrtStageMetadata.Stage04.H B699LowIndex.I11CrtStageMetadata.Stage04.M
        (2 ^ 17))
      (Math.B699.CRTGrid.heightCap B699LowIndex.I11CrtStageMetadata.Stage04.H B699LowIndex.I11CrtStageMetadata.Stage04.M
        (5 ^ 3))
      Math.B699.I11TerminalMembership.Pair25.cellA17B3 Math.B699.I11TerminalMembership.candidates =
    true
'Math.B699.I11TerminalMembership.Pair25.cellA17B3_check' depends on axioms: [propext]
Math.B699.I11TerminalMembership.Pair25.cellA17B4_check :
  Math.B699.I11TerminalCRT.cellCoverCheck (2 ^ 17) (5 ^ 4)
      (Math.B699.CRTGrid.heightCap B699LowIndex.I11CrtStageMetadata.Stage04.H B699LowIndex.I11CrtStageMetadata.Stage04.M
        (2 ^ 17))
      (Math.B699.CRTGrid.heightCap B699LowIndex.I11CrtStageMetadata.Stage04.H B699LowIndex.I11CrtStageMetadata.Stage04.M
        (5 ^ 4))
      Math.B699.I11TerminalMembership.Pair25.cellA17B4 Math.B699.I11TerminalMembership.candidates =
    true
'Math.B699.I11TerminalMembership.Pair25.cellA17B4_check' depends on axioms: [propext]
Math.B699.I11TerminalMembership.Pair25.cellA17B5_check :
  Math.B699.I11TerminalCRT.cellCoverCheck (2 ^ 17) (5 ^ 5)
      (Math.B699.CRTGrid.heightCap B699LowIndex.I11CrtStageMetadata.Stage04.H B699LowIndex.I11CrtStageMetadata.Stage04.M
        (2 ^ 17))
      (Math.B699.CRTGrid.heightCap B699LowIndex.I11CrtStageMetadata.Stage04.H B699LowIndex.I11CrtStageMetadata.Stage04.M
        (5 ^ 5))
      Math.B699.I11TerminalMembership.Pair25.cellA17B5 Math.B699.I11TerminalMembership.candidates =
    true
'Math.B699.I11TerminalMembership.Pair25.cellA17B5_check' depends on axioms: [propext]
Math.B699.I11TerminalMembership.Pair25.cellA17B6_check :
  Math.B699.I11TerminalCRT.cellCoverCheck (2 ^ 17) (5 ^ 6)
      (Math.B699.CRTGrid.heightCap B699LowIndex.I11CrtStageMetadata.Stage04.H B699LowIndex.I11CrtStageMetadata.Stage04.M
        (2 ^ 17))
      (Math.B699.CRTGrid.heightCap B699LowIndex.I11CrtStageMetadata.Stage04.H B699LowIndex.I11CrtStageMetadata.Stage04.M
        (5 ^ 6))
      Math.B699.I11TerminalMembership.Pair25.cellA17B6 Math.B699.I11TerminalMembership.candidates =
    true
'Math.B699.I11TerminalMembership.Pair25.cellA17B6_check' depends on axioms: [propext]
Math.B699.I11TerminalMembership.Pair25.cellA17B7_check :
  Math.B699.I11TerminalCRT.cellCoverCheck (2 ^ 17) (5 ^ 7)
      (Math.B699.CRTGrid.heightCap B699LowIndex.I11CrtStageMetadata.Stage04.H B699LowIndex.I11CrtStageMetadata.Stage04.M
        (2 ^ 17))
      (Math.B699.CRTGrid.heightCap B699LowIndex.I11CrtStageMetadata.Stage04.H B699LowIndex.I11CrtStageMetadata.Stage04.M
        (5 ^ 7))
      Math.B699.I11TerminalMembership.Pair25.cellA17B7 Math.B699.I11TerminalMembership.candidates =
    true
'Math.B699.I11TerminalMembership.Pair25.cellA17B7_check' depends on axioms: [propext]
Math.B699.I11TerminalMembership.Pair25.cellA17B8_check :
  Math.B699.I11TerminalCRT.cellCoverCheck (2 ^ 17) (5 ^ 8)
      (Math.B699.CRTGrid.heightCap B699LowIndex.I11CrtStageMetadata.Stage04.H B699LowIndex.I11CrtStageMetadata.Stage04.M
        (2 ^ 17))
      (Math.B699.CRTGrid.heightCap B699LowIndex.I11CrtStageMetadata.Stage04.H B699LowIndex.I11CrtStageMetadata.Stage04.M
        (5 ^ 8))
      Math.B699.I11TerminalMembership.Pair25.cellA17B8 Math.B699.I11TerminalMembership.candidates =
    true
'Math.B699.I11TerminalMembership.Pair25.cellA17B8_check' depends on axioms: [propext]
Math.B699.I11TerminalMembership.Pair25.cellA17B9_check :
  Math.B699.I11TerminalCRT.cellCoverCheck (2 ^ 17) (5 ^ 9)
      (Math.B699.CRTGrid.heightCap B699LowIndex.I11CrtStageMetadata.Stage04.H B699LowIndex.I11CrtStageMetadata.Stage04.M
        (2 ^ 17))
      (Math.B699.CRTGrid.heightCap B699LowIndex.I11CrtStageMetadata.Stage04.H B699LowIndex.I11CrtStageMetadata.Stage04.M
        (5 ^ 9))
      Math.B699.I11TerminalMembership.Pair25.cellA17B9 Math.B699.I11TerminalMembership.candidates =
    true
'Math.B699.I11TerminalMembership.Pair25.cellA17B9_check' depends on axioms: [propext]
Math.B699.I11TerminalMembership.Pair25.cellA17B10_check :
  Math.B699.I11TerminalCRT.cellCoverCheck (2 ^ 17) (5 ^ 10)
      (Math.B699.CRTGrid.heightCap B699LowIndex.I11CrtStageMetadata.Stage04.H B699LowIndex.I11CrtStageMetadata.Stage04.M
        (2 ^ 17))
      (Math.B699.CRTGrid.heightCap B699LowIndex.I11CrtStageMetadata.Stage04.H B699LowIndex.I11CrtStageMetadata.Stage04.M
        (5 ^ 10))
      Math.B699.I11TerminalMembership.Pair25.cellA17B10 Math.B699.I11TerminalMembership.candidates =
    true
'Math.B699.I11TerminalMembership.Pair25.cellA17B10_check' depends on axioms: [propext]
Math.B699.I11TerminalMembership.Pair25.rowA17_cell_check (b : ℕ) (hb0 : 1 ≤ b) (hb1 : b ≤ 10) :
  Math.B699.I11TerminalCRT.cellCoverCheck (2 ^ 17) (5 ^ b)
      (Math.B699.CRTGrid.heightCap B699LowIndex.I11CrtStageMetadata.Stage04.H B699LowIndex.I11CrtStageMetadata.Stage04.M
        (2 ^ 17))
      (Math.B699.CRTGrid.heightCap B699LowIndex.I11CrtStageMetadata.Stage04.H B699LowIndex.I11CrtStageMetadata.Stage04.M
        (5 ^ b))
      (Math.B699.I11TerminalMembership.Pair25.rowA17 b) Math.B699.I11TerminalMembership.candidates =
    true
'Math.B699.I11TerminalMembership.Pair25.rowA17_cell_check' depends on axioms: [propext]
Math.B699.I11TerminalMembership.Pair25.rowA17_block_check :
  Math.B699.I11TerminalCRT.blockCoverCheck 2 5 B699LowIndex.I11CrtStageMetadata.Stage04.H
      B699LowIndex.I11CrtStageMetadata.Stage04.M 17 1 1 10 Math.B699.I11TerminalMembership.Pair25.cells
      Math.B699.I11TerminalMembership.candidates =
    true
'Math.B699.I11TerminalMembership.Pair25.rowA17_block_check' depends on axioms: [propext, Quot.sound]
Math.B699.I11TerminalMembership.Pair25.cellA18B1_check :
  Math.B699.I11TerminalCRT.cellCoverCheck (2 ^ 18) (5 ^ 1)
      (Math.B699.CRTGrid.heightCap B699LowIndex.I11CrtStageMetadata.Stage04.H B699LowIndex.I11CrtStageMetadata.Stage04.M
        (2 ^ 18))
      (Math.B699.CRTGrid.heightCap B699LowIndex.I11CrtStageMetadata.Stage04.H B699LowIndex.I11CrtStageMetadata.Stage04.M
        (5 ^ 1))
      Math.B699.I11TerminalMembership.Pair25.cellA18B1 Math.B699.I11TerminalMembership.candidates =
    true
'Math.B699.I11TerminalMembership.Pair25.cellA18B1_check' depends on axioms: [propext]
Math.B699.I11TerminalMembership.Pair25.cellA18B2_check :
  Math.B699.I11TerminalCRT.cellCoverCheck (2 ^ 18) (5 ^ 2)
      (Math.B699.CRTGrid.heightCap B699LowIndex.I11CrtStageMetadata.Stage04.H B699LowIndex.I11CrtStageMetadata.Stage04.M
        (2 ^ 18))
      (Math.B699.CRTGrid.heightCap B699LowIndex.I11CrtStageMetadata.Stage04.H B699LowIndex.I11CrtStageMetadata.Stage04.M
        (5 ^ 2))
      Math.B699.I11TerminalMembership.Pair25.cellA18B2 Math.B699.I11TerminalMembership.candidates =
    true
'Math.B699.I11TerminalMembership.Pair25.cellA18B2_check' depends on axioms: [propext]
Math.B699.I11TerminalMembership.Pair25.cellA18B3_check :
  Math.B699.I11TerminalCRT.cellCoverCheck (2 ^ 18) (5 ^ 3)
      (Math.B699.CRTGrid.heightCap B699LowIndex.I11CrtStageMetadata.Stage04.H B699LowIndex.I11CrtStageMetadata.Stage04.M
        (2 ^ 18))
      (Math.B699.CRTGrid.heightCap B699LowIndex.I11CrtStageMetadata.Stage04.H B699LowIndex.I11CrtStageMetadata.Stage04.M
        (5 ^ 3))
      Math.B699.I11TerminalMembership.Pair25.cellA18B3 Math.B699.I11TerminalMembership.candidates =
    true
'Math.B699.I11TerminalMembership.Pair25.cellA18B3_check' depends on axioms: [propext]
Math.B699.I11TerminalMembership.Pair25.cellA18B4_check :
  Math.B699.I11TerminalCRT.cellCoverCheck (2 ^ 18) (5 ^ 4)
      (Math.B699.CRTGrid.heightCap B699LowIndex.I11CrtStageMetadata.Stage04.H B699LowIndex.I11CrtStageMetadata.Stage04.M
        (2 ^ 18))
      (Math.B699.CRTGrid.heightCap B699LowIndex.I11CrtStageMetadata.Stage04.H B699LowIndex.I11CrtStageMetadata.Stage04.M
        (5 ^ 4))
      Math.B699.I11TerminalMembership.Pair25.cellA18B4 Math.B699.I11TerminalMembership.candidates =
    true
'Math.B699.I11TerminalMembership.Pair25.cellA18B4_check' depends on axioms: [propext]
Math.B699.I11TerminalMembership.Pair25.cellA18B5_check :
  Math.B699.I11TerminalCRT.cellCoverCheck (2 ^ 18) (5 ^ 5)
      (Math.B699.CRTGrid.heightCap B699LowIndex.I11CrtStageMetadata.Stage04.H B699LowIndex.I11CrtStageMetadata.Stage04.M
        (2 ^ 18))
      (Math.B699.CRTGrid.heightCap B699LowIndex.I11CrtStageMetadata.Stage04.H B699LowIndex.I11CrtStageMetadata.Stage04.M
        (5 ^ 5))
      Math.B699.I11TerminalMembership.Pair25.cellA18B5 Math.B699.I11TerminalMembership.candidates =
    true
'Math.B699.I11TerminalMembership.Pair25.cellA18B5_check' depends on axioms: [propext]
Math.B699.I11TerminalMembership.Pair25.cellA18B6_check :
  Math.B699.I11TerminalCRT.cellCoverCheck (2 ^ 18) (5 ^ 6)
      (Math.B699.CRTGrid.heightCap B699LowIndex.I11CrtStageMetadata.Stage04.H B699LowIndex.I11CrtStageMetadata.Stage04.M
        (2 ^ 18))
      (Math.B699.CRTGrid.heightCap B699LowIndex.I11CrtStageMetadata.Stage04.H B699LowIndex.I11CrtStageMetadata.Stage04.M
        (5 ^ 6))
      Math.B699.I11TerminalMembership.Pair25.cellA18B6 Math.B699.I11TerminalMembership.candidates =
    true
'Math.B699.I11TerminalMembership.Pair25.cellA18B6_check' depends on axioms: [propext]
Math.B699.I11TerminalMembership.Pair25.cellA18B7_check :
  Math.B699.I11TerminalCRT.cellCoverCheck (2 ^ 18) (5 ^ 7)
      (Math.B699.CRTGrid.heightCap B699LowIndex.I11CrtStageMetadata.Stage04.H B699LowIndex.I11CrtStageMetadata.Stage04.M
        (2 ^ 18))
      (Math.B699.CRTGrid.heightCap B699LowIndex.I11CrtStageMetadata.Stage04.H B699LowIndex.I11CrtStageMetadata.Stage04.M
        (5 ^ 7))
      Math.B699.I11TerminalMembership.Pair25.cellA18B7 Math.B699.I11TerminalMembership.candidates =
    true
'Math.B699.I11TerminalMembership.Pair25.cellA18B7_check' depends on axioms: [propext]
Math.B699.I11TerminalMembership.Pair25.cellA18B8_check :
  Math.B699.I11TerminalCRT.cellCoverCheck (2 ^ 18) (5 ^ 8)
      (Math.B699.CRTGrid.heightCap B699LowIndex.I11CrtStageMetadata.Stage04.H B699LowIndex.I11CrtStageMetadata.Stage04.M
        (2 ^ 18))
      (Math.B699.CRTGrid.heightCap B699LowIndex.I11CrtStageMetadata.Stage04.H B699LowIndex.I11CrtStageMetadata.Stage04.M
        (5 ^ 8))
      Math.B699.I11TerminalMembership.Pair25.cellA18B8 Math.B699.I11TerminalMembership.candidates =
    true
'Math.B699.I11TerminalMembership.Pair25.cellA18B8_check' depends on axioms: [propext]
Math.B699.I11TerminalMembership.Pair25.cellA18B9_check :
  Math.B699.I11TerminalCRT.cellCoverCheck (2 ^ 18) (5 ^ 9)
      (Math.B699.CRTGrid.heightCap B699LowIndex.I11CrtStageMetadata.Stage04.H B699LowIndex.I11CrtStageMetadata.Stage04.M
        (2 ^ 18))
      (Math.B699.CRTGrid.heightCap B699LowIndex.I11CrtStageMetadata.Stage04.H B699LowIndex.I11CrtStageMetadata.Stage04.M
        (5 ^ 9))
      Math.B699.I11TerminalMembership.Pair25.cellA18B9 Math.B699.I11TerminalMembership.candidates =
    true
'Math.B699.I11TerminalMembership.Pair25.cellA18B9_check' depends on axioms: [propext]
Math.B699.I11TerminalMembership.Pair25.cellA18B10_check :
  Math.B699.I11TerminalCRT.cellCoverCheck (2 ^ 18) (5 ^ 10)
      (Math.B699.CRTGrid.heightCap B699LowIndex.I11CrtStageMetadata.Stage04.H B699LowIndex.I11CrtStageMetadata.Stage04.M
        (2 ^ 18))
      (Math.B699.CRTGrid.heightCap B699LowIndex.I11CrtStageMetadata.Stage04.H B699LowIndex.I11CrtStageMetadata.Stage04.M
        (5 ^ 10))
      Math.B699.I11TerminalMembership.Pair25.cellA18B10 Math.B699.I11TerminalMembership.candidates =
    true
'Math.B699.I11TerminalMembership.Pair25.cellA18B10_check' depends on axioms: [propext]
Math.B699.I11TerminalMembership.Pair25.rowA18_cell_check (b : ℕ) (hb0 : 1 ≤ b) (hb1 : b ≤ 10) :
  Math.B699.I11TerminalCRT.cellCoverCheck (2 ^ 18) (5 ^ b)
      (Math.B699.CRTGrid.heightCap B699LowIndex.I11CrtStageMetadata.Stage04.H B699LowIndex.I11CrtStageMetadata.Stage04.M
        (2 ^ 18))
      (Math.B699.CRTGrid.heightCap B699LowIndex.I11CrtStageMetadata.Stage04.H B699LowIndex.I11CrtStageMetadata.Stage04.M
        (5 ^ b))
      (Math.B699.I11TerminalMembership.Pair25.rowA18 b) Math.B699.I11TerminalMembership.candidates =
    true
'Math.B699.I11TerminalMembership.Pair25.rowA18_cell_check' depends on axioms: [propext]
Math.B699.I11TerminalMembership.Pair25.rowA18_block_check :
  Math.B699.I11TerminalCRT.blockCoverCheck 2 5 B699LowIndex.I11CrtStageMetadata.Stage04.H
      B699LowIndex.I11CrtStageMetadata.Stage04.M 18 1 1 10 Math.B699.I11TerminalMembership.Pair25.cells
      Math.B699.I11TerminalMembership.candidates =
    true
'Math.B699.I11TerminalMembership.Pair25.rowA18_block_check' depends on axioms: [propext, Quot.sound]
Math.B699.I11TerminalMembership.Pair25.cellA19B1_check :
  Math.B699.I11TerminalCRT.cellCoverCheck (2 ^ 19) (5 ^ 1)
      (Math.B699.CRTGrid.heightCap B699LowIndex.I11CrtStageMetadata.Stage04.H B699LowIndex.I11CrtStageMetadata.Stage04.M
        (2 ^ 19))
      (Math.B699.CRTGrid.heightCap B699LowIndex.I11CrtStageMetadata.Stage04.H B699LowIndex.I11CrtStageMetadata.Stage04.M
        (5 ^ 1))
      Math.B699.I11TerminalMembership.Pair25.cellA19B1 Math.B699.I11TerminalMembership.candidates =
    true
'Math.B699.I11TerminalMembership.Pair25.cellA19B1_check' depends on axioms: [propext]
Math.B699.I11TerminalMembership.Pair25.cellA19B2_check :
  Math.B699.I11TerminalCRT.cellCoverCheck (2 ^ 19) (5 ^ 2)
      (Math.B699.CRTGrid.heightCap B699LowIndex.I11CrtStageMetadata.Stage04.H B699LowIndex.I11CrtStageMetadata.Stage04.M
        (2 ^ 19))
      (Math.B699.CRTGrid.heightCap B699LowIndex.I11CrtStageMetadata.Stage04.H B699LowIndex.I11CrtStageMetadata.Stage04.M
        (5 ^ 2))
      Math.B699.I11TerminalMembership.Pair25.cellA19B2 Math.B699.I11TerminalMembership.candidates =
    true
'Math.B699.I11TerminalMembership.Pair25.cellA19B2_check' depends on axioms: [propext]
Math.B699.I11TerminalMembership.Pair25.cellA19B3_check :
  Math.B699.I11TerminalCRT.cellCoverCheck (2 ^ 19) (5 ^ 3)
      (Math.B699.CRTGrid.heightCap B699LowIndex.I11CrtStageMetadata.Stage04.H B699LowIndex.I11CrtStageMetadata.Stage04.M
        (2 ^ 19))
      (Math.B699.CRTGrid.heightCap B699LowIndex.I11CrtStageMetadata.Stage04.H B699LowIndex.I11CrtStageMetadata.Stage04.M
        (5 ^ 3))
      Math.B699.I11TerminalMembership.Pair25.cellA19B3 Math.B699.I11TerminalMembership.candidates =
    true
'Math.B699.I11TerminalMembership.Pair25.cellA19B3_check' depends on axioms: [propext]
Math.B699.I11TerminalMembership.Pair25.cellA19B4_check :
  Math.B699.I11TerminalCRT.cellCoverCheck (2 ^ 19) (5 ^ 4)
      (Math.B699.CRTGrid.heightCap B699LowIndex.I11CrtStageMetadata.Stage04.H B699LowIndex.I11CrtStageMetadata.Stage04.M
        (2 ^ 19))
      (Math.B699.CRTGrid.heightCap B699LowIndex.I11CrtStageMetadata.Stage04.H B699LowIndex.I11CrtStageMetadata.Stage04.M
        (5 ^ 4))
      Math.B699.I11TerminalMembership.Pair25.cellA19B4 Math.B699.I11TerminalMembership.candidates =
    true
'Math.B699.I11TerminalMembership.Pair25.cellA19B4_check' depends on axioms: [propext]
Math.B699.I11TerminalMembership.Pair25.cellA19B5_check :
  Math.B699.I11TerminalCRT.cellCoverCheck (2 ^ 19) (5 ^ 5)
      (Math.B699.CRTGrid.heightCap B699LowIndex.I11CrtStageMetadata.Stage04.H B699LowIndex.I11CrtStageMetadata.Stage04.M
        (2 ^ 19))
      (Math.B699.CRTGrid.heightCap B699LowIndex.I11CrtStageMetadata.Stage04.H B699LowIndex.I11CrtStageMetadata.Stage04.M
        (5 ^ 5))
      Math.B699.I11TerminalMembership.Pair25.cellA19B5 Math.B699.I11TerminalMembership.candidates =
    true
'Math.B699.I11TerminalMembership.Pair25.cellA19B5_check' depends on axioms: [propext]
Math.B699.I11TerminalMembership.Pair25.cellA19B6_check :
  Math.B699.I11TerminalCRT.cellCoverCheck (2 ^ 19) (5 ^ 6)
      (Math.B699.CRTGrid.heightCap B699LowIndex.I11CrtStageMetadata.Stage04.H B699LowIndex.I11CrtStageMetadata.Stage04.M
        (2 ^ 19))
      (Math.B699.CRTGrid.heightCap B699LowIndex.I11CrtStageMetadata.Stage04.H B699LowIndex.I11CrtStageMetadata.Stage04.M
        (5 ^ 6))
      Math.B699.I11TerminalMembership.Pair25.cellA19B6 Math.B699.I11TerminalMembership.candidates =
    true
'Math.B699.I11TerminalMembership.Pair25.cellA19B6_check' depends on axioms: [propext]
Math.B699.I11TerminalMembership.Pair25.cellA19B7_check :
  Math.B699.I11TerminalCRT.cellCoverCheck (2 ^ 19) (5 ^ 7)
      (Math.B699.CRTGrid.heightCap B699LowIndex.I11CrtStageMetadata.Stage04.H B699LowIndex.I11CrtStageMetadata.Stage04.M
        (2 ^ 19))
      (Math.B699.CRTGrid.heightCap B699LowIndex.I11CrtStageMetadata.Stage04.H B699LowIndex.I11CrtStageMetadata.Stage04.M
        (5 ^ 7))
      Math.B699.I11TerminalMembership.Pair25.cellA19B7 Math.B699.I11TerminalMembership.candidates =
    true
'Math.B699.I11TerminalMembership.Pair25.cellA19B7_check' depends on axioms: [propext]
Math.B699.I11TerminalMembership.Pair25.cellA19B8_check :
  Math.B699.I11TerminalCRT.cellCoverCheck (2 ^ 19) (5 ^ 8)
      (Math.B699.CRTGrid.heightCap B699LowIndex.I11CrtStageMetadata.Stage04.H B699LowIndex.I11CrtStageMetadata.Stage04.M
        (2 ^ 19))
      (Math.B699.CRTGrid.heightCap B699LowIndex.I11CrtStageMetadata.Stage04.H B699LowIndex.I11CrtStageMetadata.Stage04.M
        (5 ^ 8))
      Math.B699.I11TerminalMembership.Pair25.cellA19B8 Math.B699.I11TerminalMembership.candidates =
    true
'Math.B699.I11TerminalMembership.Pair25.cellA19B8_check' depends on axioms: [propext]
Math.B699.I11TerminalMembership.Pair25.cellA19B9_check :
  Math.B699.I11TerminalCRT.cellCoverCheck (2 ^ 19) (5 ^ 9)
      (Math.B699.CRTGrid.heightCap B699LowIndex.I11CrtStageMetadata.Stage04.H B699LowIndex.I11CrtStageMetadata.Stage04.M
        (2 ^ 19))
      (Math.B699.CRTGrid.heightCap B699LowIndex.I11CrtStageMetadata.Stage04.H B699LowIndex.I11CrtStageMetadata.Stage04.M
        (5 ^ 9))
      Math.B699.I11TerminalMembership.Pair25.cellA19B9 Math.B699.I11TerminalMembership.candidates =
    true
'Math.B699.I11TerminalMembership.Pair25.cellA19B9_check' depends on axioms: [propext]
Math.B699.I11TerminalMembership.Pair25.cellA19B10_check :
  Math.B699.I11TerminalCRT.cellCoverCheck (2 ^ 19) (5 ^ 10)
      (Math.B699.CRTGrid.heightCap B699LowIndex.I11CrtStageMetadata.Stage04.H B699LowIndex.I11CrtStageMetadata.Stage04.M
        (2 ^ 19))
      (Math.B699.CRTGrid.heightCap B699LowIndex.I11CrtStageMetadata.Stage04.H B699LowIndex.I11CrtStageMetadata.Stage04.M
        (5 ^ 10))
      Math.B699.I11TerminalMembership.Pair25.cellA19B10 Math.B699.I11TerminalMembership.candidates =
    true
'Math.B699.I11TerminalMembership.Pair25.cellA19B10_check' depends on axioms: [propext]
Math.B699.I11TerminalMembership.Pair25.rowA19_cell_check (b : ℕ) (hb0 : 1 ≤ b) (hb1 : b ≤ 10) :
  Math.B699.I11TerminalCRT.cellCoverCheck (2 ^ 19) (5 ^ b)
      (Math.B699.CRTGrid.heightCap B699LowIndex.I11CrtStageMetadata.Stage04.H B699LowIndex.I11CrtStageMetadata.Stage04.M
        (2 ^ 19))
      (Math.B699.CRTGrid.heightCap B699LowIndex.I11CrtStageMetadata.Stage04.H B699LowIndex.I11CrtStageMetadata.Stage04.M
        (5 ^ b))
      (Math.B699.I11TerminalMembership.Pair25.rowA19 b) Math.B699.I11TerminalMembership.candidates =
    true
'Math.B699.I11TerminalMembership.Pair25.rowA19_cell_check' depends on axioms: [propext]
Math.B699.I11TerminalMembership.Pair25.rowA19_block_check :
  Math.B699.I11TerminalCRT.blockCoverCheck 2 5 B699LowIndex.I11CrtStageMetadata.Stage04.H
      B699LowIndex.I11CrtStageMetadata.Stage04.M 19 1 1 10 Math.B699.I11TerminalMembership.Pair25.cells
      Math.B699.I11TerminalMembership.candidates =
    true
'Math.B699.I11TerminalMembership.Pair25.rowA19_block_check' depends on axioms: [propext, Quot.sound]
Math.B699.I11TerminalMembership.Pair25.cellA20B1_check :
  Math.B699.I11TerminalCRT.cellCoverCheck (2 ^ 20) (5 ^ 1)
      (Math.B699.CRTGrid.heightCap B699LowIndex.I11CrtStageMetadata.Stage04.H B699LowIndex.I11CrtStageMetadata.Stage04.M
        (2 ^ 20))
      (Math.B699.CRTGrid.heightCap B699LowIndex.I11CrtStageMetadata.Stage04.H B699LowIndex.I11CrtStageMetadata.Stage04.M
        (5 ^ 1))
      Math.B699.I11TerminalMembership.Pair25.cellA20B1 Math.B699.I11TerminalMembership.candidates =
    true
'Math.B699.I11TerminalMembership.Pair25.cellA20B1_check' depends on axioms: [propext]
Math.B699.I11TerminalMembership.Pair25.cellA20B2_check :
  Math.B699.I11TerminalCRT.cellCoverCheck (2 ^ 20) (5 ^ 2)
      (Math.B699.CRTGrid.heightCap B699LowIndex.I11CrtStageMetadata.Stage04.H B699LowIndex.I11CrtStageMetadata.Stage04.M
        (2 ^ 20))
      (Math.B699.CRTGrid.heightCap B699LowIndex.I11CrtStageMetadata.Stage04.H B699LowIndex.I11CrtStageMetadata.Stage04.M
        (5 ^ 2))
      Math.B699.I11TerminalMembership.Pair25.cellA20B2 Math.B699.I11TerminalMembership.candidates =
    true
'Math.B699.I11TerminalMembership.Pair25.cellA20B2_check' depends on axioms: [propext]
Math.B699.I11TerminalMembership.Pair25.cellA20B3_check :
  Math.B699.I11TerminalCRT.cellCoverCheck (2 ^ 20) (5 ^ 3)
      (Math.B699.CRTGrid.heightCap B699LowIndex.I11CrtStageMetadata.Stage04.H B699LowIndex.I11CrtStageMetadata.Stage04.M
        (2 ^ 20))
      (Math.B699.CRTGrid.heightCap B699LowIndex.I11CrtStageMetadata.Stage04.H B699LowIndex.I11CrtStageMetadata.Stage04.M
        (5 ^ 3))
      Math.B699.I11TerminalMembership.Pair25.cellA20B3 Math.B699.I11TerminalMembership.candidates =
    true
'Math.B699.I11TerminalMembership.Pair25.cellA20B3_check' depends on axioms: [propext]
Math.B699.I11TerminalMembership.Pair25.cellA20B4_check :
  Math.B699.I11TerminalCRT.cellCoverCheck (2 ^ 20) (5 ^ 4)
      (Math.B699.CRTGrid.heightCap B699LowIndex.I11CrtStageMetadata.Stage04.H B699LowIndex.I11CrtStageMetadata.Stage04.M
        (2 ^ 20))
      (Math.B699.CRTGrid.heightCap B699LowIndex.I11CrtStageMetadata.Stage04.H B699LowIndex.I11CrtStageMetadata.Stage04.M
        (5 ^ 4))
      Math.B699.I11TerminalMembership.Pair25.cellA20B4 Math.B699.I11TerminalMembership.candidates =
    true
'Math.B699.I11TerminalMembership.Pair25.cellA20B4_check' depends on axioms: [propext]
Math.B699.I11TerminalMembership.Pair25.cellA20B5_check :
  Math.B699.I11TerminalCRT.cellCoverCheck (2 ^ 20) (5 ^ 5)
      (Math.B699.CRTGrid.heightCap B699LowIndex.I11CrtStageMetadata.Stage04.H B699LowIndex.I11CrtStageMetadata.Stage04.M
        (2 ^ 20))
      (Math.B699.CRTGrid.heightCap B699LowIndex.I11CrtStageMetadata.Stage04.H B699LowIndex.I11CrtStageMetadata.Stage04.M
        (5 ^ 5))
      Math.B699.I11TerminalMembership.Pair25.cellA20B5 Math.B699.I11TerminalMembership.candidates =
    true
'Math.B699.I11TerminalMembership.Pair25.cellA20B5_check' depends on axioms: [propext]
Math.B699.I11TerminalMembership.Pair25.cellA20B6_check :
  Math.B699.I11TerminalCRT.cellCoverCheck (2 ^ 20) (5 ^ 6)
      (Math.B699.CRTGrid.heightCap B699LowIndex.I11CrtStageMetadata.Stage04.H B699LowIndex.I11CrtStageMetadata.Stage04.M
        (2 ^ 20))
      (Math.B699.CRTGrid.heightCap B699LowIndex.I11CrtStageMetadata.Stage04.H B699LowIndex.I11CrtStageMetadata.Stage04.M
        (5 ^ 6))
      Math.B699.I11TerminalMembership.Pair25.cellA20B6 Math.B699.I11TerminalMembership.candidates =
    true
'Math.B699.I11TerminalMembership.Pair25.cellA20B6_check' depends on axioms: [propext]
Math.B699.I11TerminalMembership.Pair25.cellA20B7_check :
  Math.B699.I11TerminalCRT.cellCoverCheck (2 ^ 20) (5 ^ 7)
      (Math.B699.CRTGrid.heightCap B699LowIndex.I11CrtStageMetadata.Stage04.H B699LowIndex.I11CrtStageMetadata.Stage04.M
        (2 ^ 20))
      (Math.B699.CRTGrid.heightCap B699LowIndex.I11CrtStageMetadata.Stage04.H B699LowIndex.I11CrtStageMetadata.Stage04.M
        (5 ^ 7))
      Math.B699.I11TerminalMembership.Pair25.cellA20B7 Math.B699.I11TerminalMembership.candidates =
    true
'Math.B699.I11TerminalMembership.Pair25.cellA20B7_check' depends on axioms: [propext]
Math.B699.I11TerminalMembership.Pair25.cellA20B8_check :
  Math.B699.I11TerminalCRT.cellCoverCheck (2 ^ 20) (5 ^ 8)
      (Math.B699.CRTGrid.heightCap B699LowIndex.I11CrtStageMetadata.Stage04.H B699LowIndex.I11CrtStageMetadata.Stage04.M
        (2 ^ 20))
      (Math.B699.CRTGrid.heightCap B699LowIndex.I11CrtStageMetadata.Stage04.H B699LowIndex.I11CrtStageMetadata.Stage04.M
        (5 ^ 8))
      Math.B699.I11TerminalMembership.Pair25.cellA20B8 Math.B699.I11TerminalMembership.candidates =
    true
'Math.B699.I11TerminalMembership.Pair25.cellA20B8_check' depends on axioms: [propext]
Math.B699.I11TerminalMembership.Pair25.cellA20B9_check :
  Math.B699.I11TerminalCRT.cellCoverCheck (2 ^ 20) (5 ^ 9)
      (Math.B699.CRTGrid.heightCap B699LowIndex.I11CrtStageMetadata.Stage04.H B699LowIndex.I11CrtStageMetadata.Stage04.M
        (2 ^ 20))
      (Math.B699.CRTGrid.heightCap B699LowIndex.I11CrtStageMetadata.Stage04.H B699LowIndex.I11CrtStageMetadata.Stage04.M
        (5 ^ 9))
      Math.B699.I11TerminalMembership.Pair25.cellA20B9 Math.B699.I11TerminalMembership.candidates =
    true
'Math.B699.I11TerminalMembership.Pair25.cellA20B9_check' depends on axioms: [propext]
Math.B699.I11TerminalMembership.Pair25.cellA20B10_check :
  Math.B699.I11TerminalCRT.cellCoverCheck (2 ^ 20) (5 ^ 10)
      (Math.B699.CRTGrid.heightCap B699LowIndex.I11CrtStageMetadata.Stage04.H B699LowIndex.I11CrtStageMetadata.Stage04.M
        (2 ^ 20))
      (Math.B699.CRTGrid.heightCap B699LowIndex.I11CrtStageMetadata.Stage04.H B699LowIndex.I11CrtStageMetadata.Stage04.M
        (5 ^ 10))
      Math.B699.I11TerminalMembership.Pair25.cellA20B10 Math.B699.I11TerminalMembership.candidates =
    true
'Math.B699.I11TerminalMembership.Pair25.cellA20B10_check' depends on axioms: [propext]
Math.B699.I11TerminalMembership.Pair25.rowA20_cell_check (b : ℕ) (hb0 : 1 ≤ b) (hb1 : b ≤ 10) :
  Math.B699.I11TerminalCRT.cellCoverCheck (2 ^ 20) (5 ^ b)
      (Math.B699.CRTGrid.heightCap B699LowIndex.I11CrtStageMetadata.Stage04.H B699LowIndex.I11CrtStageMetadata.Stage04.M
        (2 ^ 20))
      (Math.B699.CRTGrid.heightCap B699LowIndex.I11CrtStageMetadata.Stage04.H B699LowIndex.I11CrtStageMetadata.Stage04.M
        (5 ^ b))
      (Math.B699.I11TerminalMembership.Pair25.rowA20 b) Math.B699.I11TerminalMembership.candidates =
    true
'Math.B699.I11TerminalMembership.Pair25.rowA20_cell_check' depends on axioms: [propext]
Math.B699.I11TerminalMembership.Pair25.rowA20_block_check :
  Math.B699.I11TerminalCRT.blockCoverCheck 2 5 B699LowIndex.I11CrtStageMetadata.Stage04.H
      B699LowIndex.I11CrtStageMetadata.Stage04.M 20 1 1 10 Math.B699.I11TerminalMembership.Pair25.cells
      Math.B699.I11TerminalMembership.candidates =
    true
'Math.B699.I11TerminalMembership.Pair25.rowA20_block_check' depends on axioms: [propext, Quot.sound]
Math.B699.I11TerminalMembership.Pair25.cellA21B1_check :
  Math.B699.I11TerminalCRT.cellCoverCheck (2 ^ 21) (5 ^ 1)
      (Math.B699.CRTGrid.heightCap B699LowIndex.I11CrtStageMetadata.Stage04.H B699LowIndex.I11CrtStageMetadata.Stage04.M
        (2 ^ 21))
      (Math.B699.CRTGrid.heightCap B699LowIndex.I11CrtStageMetadata.Stage04.H B699LowIndex.I11CrtStageMetadata.Stage04.M
        (5 ^ 1))
      Math.B699.I11TerminalMembership.Pair25.cellA21B1 Math.B699.I11TerminalMembership.candidates =
    true
'Math.B699.I11TerminalMembership.Pair25.cellA21B1_check' depends on axioms: [propext]
Math.B699.I11TerminalMembership.Pair25.cellA21B2_check :
  Math.B699.I11TerminalCRT.cellCoverCheck (2 ^ 21) (5 ^ 2)
      (Math.B699.CRTGrid.heightCap B699LowIndex.I11CrtStageMetadata.Stage04.H B699LowIndex.I11CrtStageMetadata.Stage04.M
        (2 ^ 21))
      (Math.B699.CRTGrid.heightCap B699LowIndex.I11CrtStageMetadata.Stage04.H B699LowIndex.I11CrtStageMetadata.Stage04.M
        (5 ^ 2))
      Math.B699.I11TerminalMembership.Pair25.cellA21B2 Math.B699.I11TerminalMembership.candidates =
    true
'Math.B699.I11TerminalMembership.Pair25.cellA21B2_check' depends on axioms: [propext]
Math.B699.I11TerminalMembership.Pair25.cellA21B3_check :
  Math.B699.I11TerminalCRT.cellCoverCheck (2 ^ 21) (5 ^ 3)
      (Math.B699.CRTGrid.heightCap B699LowIndex.I11CrtStageMetadata.Stage04.H B699LowIndex.I11CrtStageMetadata.Stage04.M
        (2 ^ 21))
      (Math.B699.CRTGrid.heightCap B699LowIndex.I11CrtStageMetadata.Stage04.H B699LowIndex.I11CrtStageMetadata.Stage04.M
        (5 ^ 3))
      Math.B699.I11TerminalMembership.Pair25.cellA21B3 Math.B699.I11TerminalMembership.candidates =
    true
'Math.B699.I11TerminalMembership.Pair25.cellA21B3_check' depends on axioms: [propext]
Math.B699.I11TerminalMembership.Pair25.cellA21B4_check :
  Math.B699.I11TerminalCRT.cellCoverCheck (2 ^ 21) (5 ^ 4)
      (Math.B699.CRTGrid.heightCap B699LowIndex.I11CrtStageMetadata.Stage04.H B699LowIndex.I11CrtStageMetadata.Stage04.M
        (2 ^ 21))
      (Math.B699.CRTGrid.heightCap B699LowIndex.I11CrtStageMetadata.Stage04.H B699LowIndex.I11CrtStageMetadata.Stage04.M
        (5 ^ 4))
      Math.B699.I11TerminalMembership.Pair25.cellA21B4 Math.B699.I11TerminalMembership.candidates =
    true
'Math.B699.I11TerminalMembership.Pair25.cellA21B4_check' depends on axioms: [propext]
Math.B699.I11TerminalMembership.Pair25.cellA21B5_check :
  Math.B699.I11TerminalCRT.cellCoverCheck (2 ^ 21) (5 ^ 5)
      (Math.B699.CRTGrid.heightCap B699LowIndex.I11CrtStageMetadata.Stage04.H B699LowIndex.I11CrtStageMetadata.Stage04.M
        (2 ^ 21))
      (Math.B699.CRTGrid.heightCap B699LowIndex.I11CrtStageMetadata.Stage04.H B699LowIndex.I11CrtStageMetadata.Stage04.M
        (5 ^ 5))
      Math.B699.I11TerminalMembership.Pair25.cellA21B5 Math.B699.I11TerminalMembership.candidates =
    true
'Math.B699.I11TerminalMembership.Pair25.cellA21B5_check' depends on axioms: [propext]
Math.B699.I11TerminalMembership.Pair25.cellA21B6_check :
  Math.B699.I11TerminalCRT.cellCoverCheck (2 ^ 21) (5 ^ 6)
      (Math.B699.CRTGrid.heightCap B699LowIndex.I11CrtStageMetadata.Stage04.H B699LowIndex.I11CrtStageMetadata.Stage04.M
        (2 ^ 21))
      (Math.B699.CRTGrid.heightCap B699LowIndex.I11CrtStageMetadata.Stage04.H B699LowIndex.I11CrtStageMetadata.Stage04.M
        (5 ^ 6))
      Math.B699.I11TerminalMembership.Pair25.cellA21B6 Math.B699.I11TerminalMembership.candidates =
    true
'Math.B699.I11TerminalMembership.Pair25.cellA21B6_check' depends on axioms: [propext]
Math.B699.I11TerminalMembership.Pair25.cellA21B7_check :
  Math.B699.I11TerminalCRT.cellCoverCheck (2 ^ 21) (5 ^ 7)
      (Math.B699.CRTGrid.heightCap B699LowIndex.I11CrtStageMetadata.Stage04.H B699LowIndex.I11CrtStageMetadata.Stage04.M
        (2 ^ 21))
      (Math.B699.CRTGrid.heightCap B699LowIndex.I11CrtStageMetadata.Stage04.H B699LowIndex.I11CrtStageMetadata.Stage04.M
        (5 ^ 7))
      Math.B699.I11TerminalMembership.Pair25.cellA21B7 Math.B699.I11TerminalMembership.candidates =
    true
'Math.B699.I11TerminalMembership.Pair25.cellA21B7_check' depends on axioms: [propext]
Math.B699.I11TerminalMembership.Pair25.cellA21B8_check :
  Math.B699.I11TerminalCRT.cellCoverCheck (2 ^ 21) (5 ^ 8)
      (Math.B699.CRTGrid.heightCap B699LowIndex.I11CrtStageMetadata.Stage04.H B699LowIndex.I11CrtStageMetadata.Stage04.M
        (2 ^ 21))
      (Math.B699.CRTGrid.heightCap B699LowIndex.I11CrtStageMetadata.Stage04.H B699LowIndex.I11CrtStageMetadata.Stage04.M
        (5 ^ 8))
      Math.B699.I11TerminalMembership.Pair25.cellA21B8 Math.B699.I11TerminalMembership.candidates =
    true
'Math.B699.I11TerminalMembership.Pair25.cellA21B8_check' depends on axioms: [propext]
Math.B699.I11TerminalMembership.Pair25.cellA21B9_check :
  Math.B699.I11TerminalCRT.cellCoverCheck (2 ^ 21) (5 ^ 9)
      (Math.B699.CRTGrid.heightCap B699LowIndex.I11CrtStageMetadata.Stage04.H B699LowIndex.I11CrtStageMetadata.Stage04.M
        (2 ^ 21))
      (Math.B699.CRTGrid.heightCap B699LowIndex.I11CrtStageMetadata.Stage04.H B699LowIndex.I11CrtStageMetadata.Stage04.M
        (5 ^ 9))
      Math.B699.I11TerminalMembership.Pair25.cellA21B9 Math.B699.I11TerminalMembership.candidates =
    true
'Math.B699.I11TerminalMembership.Pair25.cellA21B9_check' depends on axioms: [propext]
Math.B699.I11TerminalMembership.Pair25.cellA21B10_check :
  Math.B699.I11TerminalCRT.cellCoverCheck (2 ^ 21) (5 ^ 10)
      (Math.B699.CRTGrid.heightCap B699LowIndex.I11CrtStageMetadata.Stage04.H B699LowIndex.I11CrtStageMetadata.Stage04.M
        (2 ^ 21))
      (Math.B699.CRTGrid.heightCap B699LowIndex.I11CrtStageMetadata.Stage04.H B699LowIndex.I11CrtStageMetadata.Stage04.M
        (5 ^ 10))
      Math.B699.I11TerminalMembership.Pair25.cellA21B10 Math.B699.I11TerminalMembership.candidates =
    true
'Math.B699.I11TerminalMembership.Pair25.cellA21B10_check' depends on axioms: [propext]
Math.B699.I11TerminalMembership.Pair25.rowA21_cell_check (b : ℕ) (hb0 : 1 ≤ b) (hb1 : b ≤ 10) :
  Math.B699.I11TerminalCRT.cellCoverCheck (2 ^ 21) (5 ^ b)
      (Math.B699.CRTGrid.heightCap B699LowIndex.I11CrtStageMetadata.Stage04.H B699LowIndex.I11CrtStageMetadata.Stage04.M
        (2 ^ 21))
      (Math.B699.CRTGrid.heightCap B699LowIndex.I11CrtStageMetadata.Stage04.H B699LowIndex.I11CrtStageMetadata.Stage04.M
        (5 ^ b))
      (Math.B699.I11TerminalMembership.Pair25.rowA21 b) Math.B699.I11TerminalMembership.candidates =
    true
'Math.B699.I11TerminalMembership.Pair25.rowA21_cell_check' depends on axioms: [propext]
Math.B699.I11TerminalMembership.Pair25.rowA21_block_check :
  Math.B699.I11TerminalCRT.blockCoverCheck 2 5 B699LowIndex.I11CrtStageMetadata.Stage04.H
      B699LowIndex.I11CrtStageMetadata.Stage04.M 21 1 1 10 Math.B699.I11TerminalMembership.Pair25.cells
      Math.B699.I11TerminalMembership.candidates =
    true
'Math.B699.I11TerminalMembership.Pair25.rowA21_block_check' depends on axioms: [propext, Quot.sound]
Math.B699.I11TerminalMembership.Pair25.cellA22B1_check :
  Math.B699.I11TerminalCRT.cellCoverCheck (2 ^ 22) (5 ^ 1)
      (Math.B699.CRTGrid.heightCap B699LowIndex.I11CrtStageMetadata.Stage04.H B699LowIndex.I11CrtStageMetadata.Stage04.M
        (2 ^ 22))
      (Math.B699.CRTGrid.heightCap B699LowIndex.I11CrtStageMetadata.Stage04.H B699LowIndex.I11CrtStageMetadata.Stage04.M
        (5 ^ 1))
      Math.B699.I11TerminalMembership.Pair25.cellA22B1 Math.B699.I11TerminalMembership.candidates =
    true
'Math.B699.I11TerminalMembership.Pair25.cellA22B1_check' depends on axioms: [propext]
Math.B699.I11TerminalMembership.Pair25.cellA22B2_check :
  Math.B699.I11TerminalCRT.cellCoverCheck (2 ^ 22) (5 ^ 2)
      (Math.B699.CRTGrid.heightCap B699LowIndex.I11CrtStageMetadata.Stage04.H B699LowIndex.I11CrtStageMetadata.Stage04.M
        (2 ^ 22))
      (Math.B699.CRTGrid.heightCap B699LowIndex.I11CrtStageMetadata.Stage04.H B699LowIndex.I11CrtStageMetadata.Stage04.M
        (5 ^ 2))
      Math.B699.I11TerminalMembership.Pair25.cellA22B2 Math.B699.I11TerminalMembership.candidates =
    true
'Math.B699.I11TerminalMembership.Pair25.cellA22B2_check' depends on axioms: [propext]
Math.B699.I11TerminalMembership.Pair25.cellA22B3_check :
  Math.B699.I11TerminalCRT.cellCoverCheck (2 ^ 22) (5 ^ 3)
      (Math.B699.CRTGrid.heightCap B699LowIndex.I11CrtStageMetadata.Stage04.H B699LowIndex.I11CrtStageMetadata.Stage04.M
        (2 ^ 22))
      (Math.B699.CRTGrid.heightCap B699LowIndex.I11CrtStageMetadata.Stage04.H B699LowIndex.I11CrtStageMetadata.Stage04.M
        (5 ^ 3))
      Math.B699.I11TerminalMembership.Pair25.cellA22B3 Math.B699.I11TerminalMembership.candidates =
    true
'Math.B699.I11TerminalMembership.Pair25.cellA22B3_check' depends on axioms: [propext]
Math.B699.I11TerminalMembership.Pair25.cellA22B4_check :
  Math.B699.I11TerminalCRT.cellCoverCheck (2 ^ 22) (5 ^ 4)
      (Math.B699.CRTGrid.heightCap B699LowIndex.I11CrtStageMetadata.Stage04.H B699LowIndex.I11CrtStageMetadata.Stage04.M
        (2 ^ 22))
      (Math.B699.CRTGrid.heightCap B699LowIndex.I11CrtStageMetadata.Stage04.H B699LowIndex.I11CrtStageMetadata.Stage04.M
        (5 ^ 4))
      Math.B699.I11TerminalMembership.Pair25.cellA22B4 Math.B699.I11TerminalMembership.candidates =
    true
'Math.B699.I11TerminalMembership.Pair25.cellA22B4_check' depends on axioms: [propext]
Math.B699.I11TerminalMembership.Pair25.cellA22B5_check :
  Math.B699.I11TerminalCRT.cellCoverCheck (2 ^ 22) (5 ^ 5)
      (Math.B699.CRTGrid.heightCap B699LowIndex.I11CrtStageMetadata.Stage04.H B699LowIndex.I11CrtStageMetadata.Stage04.M
        (2 ^ 22))
      (Math.B699.CRTGrid.heightCap B699LowIndex.I11CrtStageMetadata.Stage04.H B699LowIndex.I11CrtStageMetadata.Stage04.M
        (5 ^ 5))
      Math.B699.I11TerminalMembership.Pair25.cellA22B5 Math.B699.I11TerminalMembership.candidates =
    true
'Math.B699.I11TerminalMembership.Pair25.cellA22B5_check' depends on axioms: [propext]
Math.B699.I11TerminalMembership.Pair25.cellA22B6_check :
  Math.B699.I11TerminalCRT.cellCoverCheck (2 ^ 22) (5 ^ 6)
      (Math.B699.CRTGrid.heightCap B699LowIndex.I11CrtStageMetadata.Stage04.H B699LowIndex.I11CrtStageMetadata.Stage04.M
        (2 ^ 22))
      (Math.B699.CRTGrid.heightCap B699LowIndex.I11CrtStageMetadata.Stage04.H B699LowIndex.I11CrtStageMetadata.Stage04.M
        (5 ^ 6))
      Math.B699.I11TerminalMembership.Pair25.cellA22B6 Math.B699.I11TerminalMembership.candidates =
    true
'Math.B699.I11TerminalMembership.Pair25.cellA22B6_check' depends on axioms: [propext]
Math.B699.I11TerminalMembership.Pair25.cellA22B7_check :
  Math.B699.I11TerminalCRT.cellCoverCheck (2 ^ 22) (5 ^ 7)
      (Math.B699.CRTGrid.heightCap B699LowIndex.I11CrtStageMetadata.Stage04.H B699LowIndex.I11CrtStageMetadata.Stage04.M
        (2 ^ 22))
      (Math.B699.CRTGrid.heightCap B699LowIndex.I11CrtStageMetadata.Stage04.H B699LowIndex.I11CrtStageMetadata.Stage04.M
        (5 ^ 7))
      Math.B699.I11TerminalMembership.Pair25.cellA22B7 Math.B699.I11TerminalMembership.candidates =
    true
'Math.B699.I11TerminalMembership.Pair25.cellA22B7_check' depends on axioms: [propext]
Math.B699.I11TerminalMembership.Pair25.cellA22B8_check :
  Math.B699.I11TerminalCRT.cellCoverCheck (2 ^ 22) (5 ^ 8)
      (Math.B699.CRTGrid.heightCap B699LowIndex.I11CrtStageMetadata.Stage04.H B699LowIndex.I11CrtStageMetadata.Stage04.M
        (2 ^ 22))
      (Math.B699.CRTGrid.heightCap B699LowIndex.I11CrtStageMetadata.Stage04.H B699LowIndex.I11CrtStageMetadata.Stage04.M
        (5 ^ 8))
      Math.B699.I11TerminalMembership.Pair25.cellA22B8 Math.B699.I11TerminalMembership.candidates =
    true
'Math.B699.I11TerminalMembership.Pair25.cellA22B8_check' depends on axioms: [propext]
Math.B699.I11TerminalMembership.Pair25.cellA22B9_check :
  Math.B699.I11TerminalCRT.cellCoverCheck (2 ^ 22) (5 ^ 9)
      (Math.B699.CRTGrid.heightCap B699LowIndex.I11CrtStageMetadata.Stage04.H B699LowIndex.I11CrtStageMetadata.Stage04.M
        (2 ^ 22))
      (Math.B699.CRTGrid.heightCap B699LowIndex.I11CrtStageMetadata.Stage04.H B699LowIndex.I11CrtStageMetadata.Stage04.M
        (5 ^ 9))
      Math.B699.I11TerminalMembership.Pair25.cellA22B9 Math.B699.I11TerminalMembership.candidates =
    true
'Math.B699.I11TerminalMembership.Pair25.cellA22B9_check' depends on axioms: [propext]
Math.B699.I11TerminalMembership.Pair25.cellA22B10_check :
  Math.B699.I11TerminalCRT.cellCoverCheck (2 ^ 22) (5 ^ 10)
      (Math.B699.CRTGrid.heightCap B699LowIndex.I11CrtStageMetadata.Stage04.H B699LowIndex.I11CrtStageMetadata.Stage04.M
        (2 ^ 22))
      (Math.B699.CRTGrid.heightCap B699LowIndex.I11CrtStageMetadata.Stage04.H B699LowIndex.I11CrtStageMetadata.Stage04.M
        (5 ^ 10))
      Math.B699.I11TerminalMembership.Pair25.cellA22B10 Math.B699.I11TerminalMembership.candidates =
    true
'Math.B699.I11TerminalMembership.Pair25.cellA22B10_check' depends on axioms: [propext]
Math.B699.I11TerminalMembership.Pair25.rowA22_cell_check (b : ℕ) (hb0 : 1 ≤ b) (hb1 : b ≤ 10) :
  Math.B699.I11TerminalCRT.cellCoverCheck (2 ^ 22) (5 ^ b)
      (Math.B699.CRTGrid.heightCap B699LowIndex.I11CrtStageMetadata.Stage04.H B699LowIndex.I11CrtStageMetadata.Stage04.M
        (2 ^ 22))
      (Math.B699.CRTGrid.heightCap B699LowIndex.I11CrtStageMetadata.Stage04.H B699LowIndex.I11CrtStageMetadata.Stage04.M
        (5 ^ b))
      (Math.B699.I11TerminalMembership.Pair25.rowA22 b) Math.B699.I11TerminalMembership.candidates =
    true
'Math.B699.I11TerminalMembership.Pair25.rowA22_cell_check' depends on axioms: [propext]
Math.B699.I11TerminalMembership.Pair25.rowA22_block_check :
  Math.B699.I11TerminalCRT.blockCoverCheck 2 5 B699LowIndex.I11CrtStageMetadata.Stage04.H
      B699LowIndex.I11CrtStageMetadata.Stage04.M 22 1 1 10 Math.B699.I11TerminalMembership.Pair25.cells
      Math.B699.I11TerminalMembership.candidates =
    true
'Math.B699.I11TerminalMembership.Pair25.rowA22_block_check' depends on axioms: [propext, Quot.sound]
Math.B699.I11TerminalMembership.Pair25.cellA23B1_check :
  Math.B699.I11TerminalCRT.cellCoverCheck (2 ^ 23) (5 ^ 1)
      (Math.B699.CRTGrid.heightCap B699LowIndex.I11CrtStageMetadata.Stage04.H B699LowIndex.I11CrtStageMetadata.Stage04.M
        (2 ^ 23))
      (Math.B699.CRTGrid.heightCap B699LowIndex.I11CrtStageMetadata.Stage04.H B699LowIndex.I11CrtStageMetadata.Stage04.M
        (5 ^ 1))
      Math.B699.I11TerminalMembership.Pair25.cellA23B1 Math.B699.I11TerminalMembership.candidates =
    true
'Math.B699.I11TerminalMembership.Pair25.cellA23B1_check' depends on axioms: [propext]
Math.B699.I11TerminalMembership.Pair25.cellA23B2_check :
  Math.B699.I11TerminalCRT.cellCoverCheck (2 ^ 23) (5 ^ 2)
      (Math.B699.CRTGrid.heightCap B699LowIndex.I11CrtStageMetadata.Stage04.H B699LowIndex.I11CrtStageMetadata.Stage04.M
        (2 ^ 23))
      (Math.B699.CRTGrid.heightCap B699LowIndex.I11CrtStageMetadata.Stage04.H B699LowIndex.I11CrtStageMetadata.Stage04.M
        (5 ^ 2))
      Math.B699.I11TerminalMembership.Pair25.cellA23B2 Math.B699.I11TerminalMembership.candidates =
    true
'Math.B699.I11TerminalMembership.Pair25.cellA23B2_check' depends on axioms: [propext]
Math.B699.I11TerminalMembership.Pair25.cellA23B3_check :
  Math.B699.I11TerminalCRT.cellCoverCheck (2 ^ 23) (5 ^ 3)
      (Math.B699.CRTGrid.heightCap B699LowIndex.I11CrtStageMetadata.Stage04.H B699LowIndex.I11CrtStageMetadata.Stage04.M
        (2 ^ 23))
      (Math.B699.CRTGrid.heightCap B699LowIndex.I11CrtStageMetadata.Stage04.H B699LowIndex.I11CrtStageMetadata.Stage04.M
        (5 ^ 3))
      Math.B699.I11TerminalMembership.Pair25.cellA23B3 Math.B699.I11TerminalMembership.candidates =
    true
'Math.B699.I11TerminalMembership.Pair25.cellA23B3_check' depends on axioms: [propext]
Math.B699.I11TerminalMembership.Pair25.cellA23B4_check :
  Math.B699.I11TerminalCRT.cellCoverCheck (2 ^ 23) (5 ^ 4)
      (Math.B699.CRTGrid.heightCap B699LowIndex.I11CrtStageMetadata.Stage04.H B699LowIndex.I11CrtStageMetadata.Stage04.M
        (2 ^ 23))
      (Math.B699.CRTGrid.heightCap B699LowIndex.I11CrtStageMetadata.Stage04.H B699LowIndex.I11CrtStageMetadata.Stage04.M
        (5 ^ 4))
      Math.B699.I11TerminalMembership.Pair25.cellA23B4 Math.B699.I11TerminalMembership.candidates =
    true
'Math.B699.I11TerminalMembership.Pair25.cellA23B4_check' depends on axioms: [propext]
Math.B699.I11TerminalMembership.Pair25.cellA23B5_check :
  Math.B699.I11TerminalCRT.cellCoverCheck (2 ^ 23) (5 ^ 5)
      (Math.B699.CRTGrid.heightCap B699LowIndex.I11CrtStageMetadata.Stage04.H B699LowIndex.I11CrtStageMetadata.Stage04.M
        (2 ^ 23))
      (Math.B699.CRTGrid.heightCap B699LowIndex.I11CrtStageMetadata.Stage04.H B699LowIndex.I11CrtStageMetadata.Stage04.M
        (5 ^ 5))
      Math.B699.I11TerminalMembership.Pair25.cellA23B5 Math.B699.I11TerminalMembership.candidates =
    true
'Math.B699.I11TerminalMembership.Pair25.cellA23B5_check' depends on axioms: [propext]
Math.B699.I11TerminalMembership.Pair25.cellA23B6_check :
  Math.B699.I11TerminalCRT.cellCoverCheck (2 ^ 23) (5 ^ 6)
      (Math.B699.CRTGrid.heightCap B699LowIndex.I11CrtStageMetadata.Stage04.H B699LowIndex.I11CrtStageMetadata.Stage04.M
        (2 ^ 23))
      (Math.B699.CRTGrid.heightCap B699LowIndex.I11CrtStageMetadata.Stage04.H B699LowIndex.I11CrtStageMetadata.Stage04.M
        (5 ^ 6))
      Math.B699.I11TerminalMembership.Pair25.cellA23B6 Math.B699.I11TerminalMembership.candidates =
    true
'Math.B699.I11TerminalMembership.Pair25.cellA23B6_check' depends on axioms: [propext]
Math.B699.I11TerminalMembership.Pair25.cellA23B7_check :
  Math.B699.I11TerminalCRT.cellCoverCheck (2 ^ 23) (5 ^ 7)
      (Math.B699.CRTGrid.heightCap B699LowIndex.I11CrtStageMetadata.Stage04.H B699LowIndex.I11CrtStageMetadata.Stage04.M
        (2 ^ 23))
      (Math.B699.CRTGrid.heightCap B699LowIndex.I11CrtStageMetadata.Stage04.H B699LowIndex.I11CrtStageMetadata.Stage04.M
        (5 ^ 7))
      Math.B699.I11TerminalMembership.Pair25.cellA23B7 Math.B699.I11TerminalMembership.candidates =
    true
'Math.B699.I11TerminalMembership.Pair25.cellA23B7_check' depends on axioms: [propext]
Math.B699.I11TerminalMembership.Pair25.cellA23B8_check :
  Math.B699.I11TerminalCRT.cellCoverCheck (2 ^ 23) (5 ^ 8)
      (Math.B699.CRTGrid.heightCap B699LowIndex.I11CrtStageMetadata.Stage04.H B699LowIndex.I11CrtStageMetadata.Stage04.M
        (2 ^ 23))
      (Math.B699.CRTGrid.heightCap B699LowIndex.I11CrtStageMetadata.Stage04.H B699LowIndex.I11CrtStageMetadata.Stage04.M
        (5 ^ 8))
      Math.B699.I11TerminalMembership.Pair25.cellA23B8 Math.B699.I11TerminalMembership.candidates =
    true
'Math.B699.I11TerminalMembership.Pair25.cellA23B8_check' depends on axioms: [propext]
Math.B699.I11TerminalMembership.Pair25.cellA23B9_check :
  Math.B699.I11TerminalCRT.cellCoverCheck (2 ^ 23) (5 ^ 9)
      (Math.B699.CRTGrid.heightCap B699LowIndex.I11CrtStageMetadata.Stage04.H B699LowIndex.I11CrtStageMetadata.Stage04.M
        (2 ^ 23))
      (Math.B699.CRTGrid.heightCap B699LowIndex.I11CrtStageMetadata.Stage04.H B699LowIndex.I11CrtStageMetadata.Stage04.M
        (5 ^ 9))
      Math.B699.I11TerminalMembership.Pair25.cellA23B9 Math.B699.I11TerminalMembership.candidates =
    true
'Math.B699.I11TerminalMembership.Pair25.cellA23B9_check' depends on axioms: [propext]
Math.B699.I11TerminalMembership.Pair25.cellA23B10_check :
  Math.B699.I11TerminalCRT.cellCoverCheck (2 ^ 23) (5 ^ 10)
      (Math.B699.CRTGrid.heightCap B699LowIndex.I11CrtStageMetadata.Stage04.H B699LowIndex.I11CrtStageMetadata.Stage04.M
        (2 ^ 23))
      (Math.B699.CRTGrid.heightCap B699LowIndex.I11CrtStageMetadata.Stage04.H B699LowIndex.I11CrtStageMetadata.Stage04.M
        (5 ^ 10))
      Math.B699.I11TerminalMembership.Pair25.cellA23B10 Math.B699.I11TerminalMembership.candidates =
    true
'Math.B699.I11TerminalMembership.Pair25.cellA23B10_check' depends on axioms: [propext]
Math.B699.I11TerminalMembership.Pair25.rowA23_cell_check (b : ℕ) (hb0 : 1 ≤ b) (hb1 : b ≤ 10) :
  Math.B699.I11TerminalCRT.cellCoverCheck (2 ^ 23) (5 ^ b)
      (Math.B699.CRTGrid.heightCap B699LowIndex.I11CrtStageMetadata.Stage04.H B699LowIndex.I11CrtStageMetadata.Stage04.M
        (2 ^ 23))
      (Math.B699.CRTGrid.heightCap B699LowIndex.I11CrtStageMetadata.Stage04.H B699LowIndex.I11CrtStageMetadata.Stage04.M
        (5 ^ b))
      (Math.B699.I11TerminalMembership.Pair25.rowA23 b) Math.B699.I11TerminalMembership.candidates =
    true
'Math.B699.I11TerminalMembership.Pair25.rowA23_cell_check' depends on axioms: [propext]
Math.B699.I11TerminalMembership.Pair25.rowA23_block_check :
  Math.B699.I11TerminalCRT.blockCoverCheck 2 5 B699LowIndex.I11CrtStageMetadata.Stage04.H
      B699LowIndex.I11CrtStageMetadata.Stage04.M 23 1 1 10 Math.B699.I11TerminalMembership.Pair25.cells
      Math.B699.I11TerminalMembership.candidates =
    true
'Math.B699.I11TerminalMembership.Pair25.rowA23_block_check' depends on axioms: [propext, Quot.sound]
Math.B699.I11TerminalMembership.Pair25.cellA24B1_check :
  Math.B699.I11TerminalCRT.cellCoverCheck (2 ^ 24) (5 ^ 1)
      (Math.B699.CRTGrid.heightCap B699LowIndex.I11CrtStageMetadata.Stage04.H B699LowIndex.I11CrtStageMetadata.Stage04.M
        (2 ^ 24))
      (Math.B699.CRTGrid.heightCap B699LowIndex.I11CrtStageMetadata.Stage04.H B699LowIndex.I11CrtStageMetadata.Stage04.M
        (5 ^ 1))
      Math.B699.I11TerminalMembership.Pair25.cellA24B1 Math.B699.I11TerminalMembership.candidates =
    true
'Math.B699.I11TerminalMembership.Pair25.cellA24B1_check' depends on axioms: [propext]
Math.B699.I11TerminalMembership.Pair25.cellA24B2_check :
  Math.B699.I11TerminalCRT.cellCoverCheck (2 ^ 24) (5 ^ 2)
      (Math.B699.CRTGrid.heightCap B699LowIndex.I11CrtStageMetadata.Stage04.H B699LowIndex.I11CrtStageMetadata.Stage04.M
        (2 ^ 24))
      (Math.B699.CRTGrid.heightCap B699LowIndex.I11CrtStageMetadata.Stage04.H B699LowIndex.I11CrtStageMetadata.Stage04.M
        (5 ^ 2))
      Math.B699.I11TerminalMembership.Pair25.cellA24B2 Math.B699.I11TerminalMembership.candidates =
    true
'Math.B699.I11TerminalMembership.Pair25.cellA24B2_check' depends on axioms: [propext]
Math.B699.I11TerminalMembership.Pair25.cellA24B3_check :
  Math.B699.I11TerminalCRT.cellCoverCheck (2 ^ 24) (5 ^ 3)
      (Math.B699.CRTGrid.heightCap B699LowIndex.I11CrtStageMetadata.Stage04.H B699LowIndex.I11CrtStageMetadata.Stage04.M
        (2 ^ 24))
      (Math.B699.CRTGrid.heightCap B699LowIndex.I11CrtStageMetadata.Stage04.H B699LowIndex.I11CrtStageMetadata.Stage04.M
        (5 ^ 3))
      Math.B699.I11TerminalMembership.Pair25.cellA24B3 Math.B699.I11TerminalMembership.candidates =
    true
'Math.B699.I11TerminalMembership.Pair25.cellA24B3_check' depends on axioms: [propext]
Math.B699.I11TerminalMembership.Pair25.cellA24B4_check :
  Math.B699.I11TerminalCRT.cellCoverCheck (2 ^ 24) (5 ^ 4)
      (Math.B699.CRTGrid.heightCap B699LowIndex.I11CrtStageMetadata.Stage04.H B699LowIndex.I11CrtStageMetadata.Stage04.M
        (2 ^ 24))
      (Math.B699.CRTGrid.heightCap B699LowIndex.I11CrtStageMetadata.Stage04.H B699LowIndex.I11CrtStageMetadata.Stage04.M
        (5 ^ 4))
      Math.B699.I11TerminalMembership.Pair25.cellA24B4 Math.B699.I11TerminalMembership.candidates =
    true
'Math.B699.I11TerminalMembership.Pair25.cellA24B4_check' depends on axioms: [propext]
Math.B699.I11TerminalMembership.Pair25.cellA24B5_check :
  Math.B699.I11TerminalCRT.cellCoverCheck (2 ^ 24) (5 ^ 5)
      (Math.B699.CRTGrid.heightCap B699LowIndex.I11CrtStageMetadata.Stage04.H B699LowIndex.I11CrtStageMetadata.Stage04.M
        (2 ^ 24))
      (Math.B699.CRTGrid.heightCap B699LowIndex.I11CrtStageMetadata.Stage04.H B699LowIndex.I11CrtStageMetadata.Stage04.M
        (5 ^ 5))
      Math.B699.I11TerminalMembership.Pair25.cellA24B5 Math.B699.I11TerminalMembership.candidates =
    true
'Math.B699.I11TerminalMembership.Pair25.cellA24B5_check' depends on axioms: [propext]
Math.B699.I11TerminalMembership.Pair25.cellA24B6_check :
  Math.B699.I11TerminalCRT.cellCoverCheck (2 ^ 24) (5 ^ 6)
      (Math.B699.CRTGrid.heightCap B699LowIndex.I11CrtStageMetadata.Stage04.H B699LowIndex.I11CrtStageMetadata.Stage04.M
        (2 ^ 24))
      (Math.B699.CRTGrid.heightCap B699LowIndex.I11CrtStageMetadata.Stage04.H B699LowIndex.I11CrtStageMetadata.Stage04.M
        (5 ^ 6))
      Math.B699.I11TerminalMembership.Pair25.cellA24B6 Math.B699.I11TerminalMembership.candidates =
    true
'Math.B699.I11TerminalMembership.Pair25.cellA24B6_check' depends on axioms: [propext]
Math.B699.I11TerminalMembership.Pair25.cellA24B7_check :
  Math.B699.I11TerminalCRT.cellCoverCheck (2 ^ 24) (5 ^ 7)
      (Math.B699.CRTGrid.heightCap B699LowIndex.I11CrtStageMetadata.Stage04.H B699LowIndex.I11CrtStageMetadata.Stage04.M
        (2 ^ 24))
      (Math.B699.CRTGrid.heightCap B699LowIndex.I11CrtStageMetadata.Stage04.H B699LowIndex.I11CrtStageMetadata.Stage04.M
        (5 ^ 7))
      Math.B699.I11TerminalMembership.Pair25.cellA24B7 Math.B699.I11TerminalMembership.candidates =
    true
'Math.B699.I11TerminalMembership.Pair25.cellA24B7_check' depends on axioms: [propext]
Math.B699.I11TerminalMembership.Pair25.cellA24B8_check :
  Math.B699.I11TerminalCRT.cellCoverCheck (2 ^ 24) (5 ^ 8)
      (Math.B699.CRTGrid.heightCap B699LowIndex.I11CrtStageMetadata.Stage04.H B699LowIndex.I11CrtStageMetadata.Stage04.M
        (2 ^ 24))
      (Math.B699.CRTGrid.heightCap B699LowIndex.I11CrtStageMetadata.Stage04.H B699LowIndex.I11CrtStageMetadata.Stage04.M
        (5 ^ 8))
      Math.B699.I11TerminalMembership.Pair25.cellA24B8 Math.B699.I11TerminalMembership.candidates =
    true
'Math.B699.I11TerminalMembership.Pair25.cellA24B8_check' depends on axioms: [propext]
Math.B699.I11TerminalMembership.Pair25.cellA24B9_check :
  Math.B699.I11TerminalCRT.cellCoverCheck (2 ^ 24) (5 ^ 9)
      (Math.B699.CRTGrid.heightCap B699LowIndex.I11CrtStageMetadata.Stage04.H B699LowIndex.I11CrtStageMetadata.Stage04.M
        (2 ^ 24))
      (Math.B699.CRTGrid.heightCap B699LowIndex.I11CrtStageMetadata.Stage04.H B699LowIndex.I11CrtStageMetadata.Stage04.M
        (5 ^ 9))
      Math.B699.I11TerminalMembership.Pair25.cellA24B9 Math.B699.I11TerminalMembership.candidates =
    true
'Math.B699.I11TerminalMembership.Pair25.cellA24B9_check' depends on axioms: [propext]
Math.B699.I11TerminalMembership.Pair25.cellA24B10_check :
  Math.B699.I11TerminalCRT.cellCoverCheck (2 ^ 24) (5 ^ 10)
      (Math.B699.CRTGrid.heightCap B699LowIndex.I11CrtStageMetadata.Stage04.H B699LowIndex.I11CrtStageMetadata.Stage04.M
        (2 ^ 24))
      (Math.B699.CRTGrid.heightCap B699LowIndex.I11CrtStageMetadata.Stage04.H B699LowIndex.I11CrtStageMetadata.Stage04.M
        (5 ^ 10))
      Math.B699.I11TerminalMembership.Pair25.cellA24B10 Math.B699.I11TerminalMembership.candidates =
    true
'Math.B699.I11TerminalMembership.Pair25.cellA24B10_check' depends on axioms: [propext]
Math.B699.I11TerminalMembership.Pair25.rowA24_cell_check (b : ℕ) (hb0 : 1 ≤ b) (hb1 : b ≤ 10) :
  Math.B699.I11TerminalCRT.cellCoverCheck (2 ^ 24) (5 ^ b)
      (Math.B699.CRTGrid.heightCap B699LowIndex.I11CrtStageMetadata.Stage04.H B699LowIndex.I11CrtStageMetadata.Stage04.M
        (2 ^ 24))
      (Math.B699.CRTGrid.heightCap B699LowIndex.I11CrtStageMetadata.Stage04.H B699LowIndex.I11CrtStageMetadata.Stage04.M
        (5 ^ b))
      (Math.B699.I11TerminalMembership.Pair25.rowA24 b) Math.B699.I11TerminalMembership.candidates =
    true
'Math.B699.I11TerminalMembership.Pair25.rowA24_cell_check' depends on axioms: [propext]
Math.B699.I11TerminalMembership.Pair25.rowA24_block_check :
  Math.B699.I11TerminalCRT.blockCoverCheck 2 5 B699LowIndex.I11CrtStageMetadata.Stage04.H
      B699LowIndex.I11CrtStageMetadata.Stage04.M 24 1 1 10 Math.B699.I11TerminalMembership.Pair25.cells
      Math.B699.I11TerminalMembership.candidates =
    true
'Math.B699.I11TerminalMembership.Pair25.rowA24_block_check' depends on axioms: [propext, Quot.sound]
Math.B699.I11TerminalMembership.Pair25.rectangle_check :
  Math.B699.I11TerminalCRT.rectangleCoverCheck 2 5 B699LowIndex.I11CrtStageMetadata.Stage04.H
      B699LowIndex.I11CrtStageMetadata.Stage04.M 24 10 Math.B699.I11TerminalMembership.Pair25.cells
      Math.B699.I11TerminalMembership.candidates =
    true
'Math.B699.I11TerminalMembership.Pair25.rectangle_check' depends on axioms: [propext, Quot.sound]
Math.B699.I11TerminalMembership.Pair25.pairData : Math.B699.I11CRTSixPair.PairGridData
'Math.B699.I11TerminalMembership.Pair25.pairData' does not depend on any axioms
Math.B699.I11TerminalMembership.Pair25.cutoff_check :
  Math.B699.I11CRTSixPair.cutoffCheck 2 5 B699LowIndex.I11CrtStageMetadata.Stage04.H
      Math.B699.I11TerminalMembership.Pair25.pairData =
    true
'Math.B699.I11TerminalMembership.Pair25.cutoff_check' depends on axioms: [propext]
Math.B699.I11TerminalMembership.Pair25.pair_check :
  Math.B699.I11TerminalCRT.pairGridCoverCheck 2 5 B699LowIndex.I11CrtStageMetadata.Stage04.H
      B699LowIndex.I11CrtStageMetadata.Stage04.M Math.B699.I11TerminalMembership.Pair25.pairData
      Math.B699.I11TerminalMembership.candidates =
    true
'Math.B699.I11TerminalMembership.Pair25.pair_check' depends on axioms: [propext, Quot.sound]
