2026-09-10T19:13:45.2862975Z Current runner version: '2.337.0'
2026-09-10T19:13:45.2899669Z ##[group]Runner Image Provisioner
2026-09-10T19:13:45.2900889Z Hosted Compute Agent
2026-09-10T19:13:45.2901910Z Version: 20260828.587
2026-09-10T19:13:45.2902908Z Commit: abac92662cab4cc7352de4f9f9d2e2419aad9c29
2026-09-10T19:13:45.2904064Z Build Date: 2026-08-28T16:44:25Z
2026-09-10T19:13:45.2905230Z Worker ID: {555e88e9-abb4-4b09-81e8-b3babca6f7f0}
2026-09-10T19:13:45.2906353Z Azure Region: centralus
2026-09-10T19:13:45.2908095Z ##[endgroup]
2026-09-10T19:13:45.2910364Z ##[group]Operating System
2026-09-10T19:13:45.2911367Z Ubuntu
2026-09-10T19:13:45.2912313Z 24.04.5
2026-09-10T19:13:45.2913096Z LTS
2026-09-10T19:13:45.2913970Z ##[endgroup]
2026-09-10T19:13:45.2914878Z ##[group]Runner Image
2026-09-10T19:13:45.2915877Z Image: ubuntu-24.04
2026-09-10T19:13:45.2917266Z Version: 20260907.300.1
2026-09-10T19:13:45.2919311Z Included Software: https://github.com/actions/runner-images/blob/ubuntu24/20260907.300/images/ubuntu/Ubuntu2404-Readme.md
2026-09-10T19:13:45.2921926Z Image Release: https://github.com/actions/runner-images/releases/tag/ubuntu24%2F20260907.300
2026-09-10T19:13:45.2923548Z ##[endgroup]
2026-09-10T19:13:45.2925398Z ##[group]GITHUB_TOKEN Permissions
2026-09-10T19:13:45.2928351Z Contents: read
2026-09-10T19:13:45.2929386Z Metadata: read
2026-09-10T19:13:45.2930343Z ##[endgroup]
2026-09-10T19:13:45.2933753Z Secret source: Actions
2026-09-10T19:13:45.2935155Z Cache mode: write
2026-09-10T19:13:45.2936224Z Prepare workflow directory
2026-09-10T19:13:45.3624114Z Prepare all required actions
2026-09-10T19:13:45.3690492Z Getting action download info
2026-09-10T19:13:45.6222289Z Download action repository 'actions/checkout@3d3c42e5aac5ba805825da76410c181273ba90b1' (SHA:3d3c42e5aac5ba805825da76410c181273ba90b1)
2026-09-10T19:13:45.7107889Z Download action repository 'leanprover/lean-action@50fcf42d2e460296f1a34b402e990d1b24f8b596' (SHA:50fcf42d2e460296f1a34b402e990d1b24f8b596)
2026-09-10T19:13:45.9317289Z Download action repository 'actions/upload-artifact@ea165f8d65b6e75b540449e92b4886f43607fa02' (SHA:ea165f8d65b6e75b540449e92b4886f43607fa02)
2026-09-10T19:13:46.1685126Z Getting action download info
2026-09-10T19:13:46.2771484Z Download action repository 'actions/cache@v5' (SHA:caa296126883cff596d87d8935842f9db880ef25)
2026-09-10T19:13:46.4592324Z Complete job name: shared
2026-09-10T19:13:46.5355066Z ##[group]Run actions/checkout@3d3c42e5aac5ba805825da76410c181273ba90b1
2026-09-10T19:13:46.5356179Z with:
2026-09-10T19:13:46.5356701Z   repository: HuanHuanHuanFFF/lean-math-lab
2026-09-10T19:13:46.5361492Z   token: ***
2026-09-10T19:13:46.5361984Z   ssh-strict: true
2026-09-10T19:13:46.5362476Z   ssh-user: git
2026-09-10T19:13:46.5362973Z   persist-credentials: true
2026-09-10T19:13:46.5363526Z   clean: true
2026-09-10T19:13:46.5364034Z   sparse-checkout-cone-mode: true
2026-09-10T19:13:46.5364624Z   fetch-depth: 1
2026-09-10T19:13:46.5365110Z   fetch-tags: false
2026-09-10T19:13:46.5365611Z   show-progress: true
2026-09-10T19:13:46.5366110Z   lfs: false
2026-09-10T19:13:46.5366624Z   submodules: false
2026-09-10T19:13:46.5367272Z   set-safe-directory: true
2026-09-10T19:13:46.5367847Z   allow-unsafe-pr-checkout: false
2026-09-10T19:13:46.5368647Z env:
2026-09-10T19:13:46.5369337Z   B699_RUN: research/tasks/B699-Binomial/runs/20260911-low-index-lean-513dc7cc
2026-09-10T19:13:46.5370295Z   B699_RAW: .tools/20260911-low-index-lean-513dc7cc
2026-09-10T19:13:46.5370963Z ##[endgroup]
2026-09-10T19:13:46.6594151Z Syncing repository: HuanHuanHuanFFF/lean-math-lab
2026-09-10T19:13:46.6597985Z ##[group]Getting Git version info
2026-09-10T19:13:46.6600153Z Working directory is '/home/runner/work/lean-math-lab/lean-math-lab'
2026-09-10T19:13:46.6603088Z [command]/usr/bin/git version
2026-09-10T19:13:46.6757806Z git version 2.55.0
2026-09-10T19:13:46.6772090Z ##[endgroup]
2026-09-10T19:13:46.6781047Z Temporarily overriding HOME='/home/runner/work/_temp/8435d47f-9768-48d8-9bab-745a45f910b5' before making global git config changes
2026-09-10T19:13:46.6783816Z Adding repository directory to the temporary git global config as a safe directory
2026-09-10T19:13:46.6787224Z [command]/usr/bin/git config --global --add safe.directory /home/runner/work/lean-math-lab/lean-math-lab
2026-09-10T19:13:46.6889946Z Deleting the contents of '/home/runner/work/lean-math-lab/lean-math-lab'
2026-09-10T19:13:46.6908844Z ##[group]Determining repository object format
2026-09-10T19:13:46.6918315Z ##[endgroup]
2026-09-10T19:13:46.6922886Z ##[group]Initializing the repository
2026-09-10T19:13:46.6926912Z [command]/usr/bin/git init /home/runner/work/lean-math-lab/lean-math-lab
2026-09-10T19:13:46.7012762Z hint: Using 'master' as the name for the initial branch. This default branch name
2026-09-10T19:13:46.7015807Z hint: will change to "main" in Git 3.0. To configure the initial branch name
2026-09-10T19:13:46.7019958Z hint: to use in all of your new repositories, which will suppress this warning,
2026-09-10T19:13:46.7021329Z hint: call:
2026-09-10T19:13:46.7022046Z hint:
2026-09-10T19:13:46.7022987Z hint: 	git config --global init.defaultBranch <name>
2026-09-10T19:13:46.7024090Z hint:
2026-09-10T19:13:46.7028342Z hint: Names commonly chosen instead of 'master' are 'main', 'trunk' and
2026-09-10T19:13:46.7030191Z hint: 'development'. The just-created branch can be renamed via this command:
2026-09-10T19:13:46.7031522Z hint:
2026-09-10T19:13:46.7032277Z hint: 	git branch -m <name>
2026-09-10T19:13:46.7033100Z hint:
2026-09-10T19:13:46.7034218Z hint: Disable this message with "git config set advice.defaultBranchName false"
2026-09-10T19:13:46.7036125Z Initialized empty Git repository in /home/runner/work/lean-math-lab/lean-math-lab/.git/
2026-09-10T19:13:46.7040235Z [command]/usr/bin/git remote add origin https://github.com/HuanHuanHuanFFF/lean-math-lab
2026-09-10T19:13:46.7097690Z ##[endgroup]
2026-09-10T19:13:46.7099470Z ##[group]Disabling automatic garbage collection
2026-09-10T19:13:46.7101371Z [command]/usr/bin/git config --local gc.auto 0
2026-09-10T19:13:46.7164161Z ##[endgroup]
2026-09-10T19:13:46.7198456Z ##[group]Setting up auth
2026-09-10T19:13:46.7234692Z Removing SSH command configuration
2026-09-10T19:13:46.7237078Z [command]/usr/bin/git config --local --name-only --get-regexp core\.sshCommand
2026-09-10T19:13:46.7244209Z [command]/usr/bin/git submodule foreach --recursive sh -c "git config --local --name-only --get-regexp 'core\.sshCommand' && git config --local --unset-all 'core.sshCommand' || :"
2026-09-10T19:13:46.7756032Z Removing HTTP extra header
2026-09-10T19:13:46.7949170Z [command]/usr/bin/git config --local --name-only --get-regexp http\.https\:\/\/github\.com\/\.extraheader
2026-09-10T19:13:46.7961049Z [command]/usr/bin/git submodule foreach --recursive sh -c "git config --local --name-only --get-regexp 'http\.https\:\/\/github\.com\/\.extraheader' && git config --local --unset-all 'http.https://github.com/.extraheader' || :"
2026-09-10T19:13:46.8017691Z Removing includeIf entries pointing to credentials config files
2026-09-10T19:13:46.8022464Z [command]/usr/bin/git config --local --name-only --get-regexp ^includeIf\.gitdir:
2026-09-10T19:13:46.8067955Z [command]/usr/bin/git submodule foreach --recursive git config --local --show-origin --name-only --get-regexp remote.origin.url
2026-09-10T19:13:46.8332064Z [command]/usr/bin/git config --file /home/runner/work/_temp/git-credentials-9a4290b7-094b-446f-9ffd-49a6483bf694.config http.https://github.com/.extraheader AUTHORIZATION: basic ***
2026-09-10T19:13:46.8378185Z [command]/usr/bin/git config --local includeIf.gitdir:/home/runner/work/lean-math-lab/lean-math-lab/.git.path /home/runner/work/_temp/git-credentials-9a4290b7-094b-446f-9ffd-49a6483bf694.config
2026-09-10T19:13:46.8416300Z [command]/usr/bin/git config --local includeIf.gitdir:/home/runner/work/lean-math-lab/lean-math-lab/.git/worktrees/*.path /home/runner/work/_temp/git-credentials-9a4290b7-094b-446f-9ffd-49a6483bf694.config
2026-09-10T19:13:46.8457961Z [command]/usr/bin/git config --local includeIf.gitdir:/github/workspace/.git.path /github/runner_temp/git-credentials-9a4290b7-094b-446f-9ffd-49a6483bf694.config
2026-09-10T19:13:46.8497741Z [command]/usr/bin/git config --local includeIf.gitdir:/github/workspace/.git/worktrees/*.path /github/runner_temp/git-credentials-9a4290b7-094b-446f-9ffd-49a6483bf694.config
2026-09-10T19:13:46.8533435Z ##[endgroup]
2026-09-10T19:13:46.8535641Z ##[group]Fetching the repository
2026-09-10T19:13:46.8549596Z [command]/usr/bin/git -c protocol.version=2 fetch --no-tags --prune --no-recurse-submodules --depth=1 origin +f5b18ab9849c4e9105777084e655d40ed9a96f13:refs/remotes/origin/GPT-work/b699-low-index-lean-20260911-513dc7cc
2026-09-10T19:13:52.5660805Z From https://github.com/HuanHuanHuanFFF/lean-math-lab
2026-09-10T19:13:52.5673206Z  * [new ref]         f5b18ab9849c4e9105777084e655d40ed9a96f13 -> origin/GPT-work/b699-low-index-lean-20260911-513dc7cc
2026-09-10T19:13:52.5676335Z [command]/usr/bin/git branch --list --remote origin/GPT-work/b699-low-index-lean-20260911-513dc7cc
2026-09-10T19:13:52.5697032Z   origin/GPT-work/b699-low-index-lean-20260911-513dc7cc
2026-09-10T19:13:52.5708941Z [command]/usr/bin/git rev-parse refs/remotes/origin/GPT-work/b699-low-index-lean-20260911-513dc7cc
2026-09-10T19:13:52.5735088Z f5b18ab9849c4e9105777084e655d40ed9a96f13
2026-09-10T19:13:52.5741210Z ##[endgroup]
2026-09-10T19:13:52.5742210Z ##[group]Determining the checkout info
2026-09-10T19:13:52.5743261Z ##[endgroup]
2026-09-10T19:13:52.5746635Z [command]/usr/bin/git sparse-checkout disable
2026-09-10T19:13:52.5802017Z [command]/usr/bin/git config --local --unset-all extensions.worktreeConfig
2026-09-10T19:13:52.5840452Z ##[group]Checking out the ref
2026-09-10T19:13:52.5853993Z [command]/usr/bin/git checkout --progress --force -B GPT-work/b699-low-index-lean-20260911-513dc7cc refs/remotes/origin/GPT-work/b699-low-index-lean-20260911-513dc7cc
2026-09-10T19:13:53.6032390Z Updating files:  17% (1770/10325)
2026-09-10T19:13:53.6103366Z Updating files:  18% (1859/10325)
2026-09-10T19:13:53.6159635Z Updating files:  19% (1962/10325)
2026-09-10T19:13:53.6201348Z Updating files:  20% (2065/10325)
2026-09-10T19:13:53.6239636Z Updating files:  21% (2169/10325)
2026-09-10T19:13:53.6293218Z Updating files:  22% (2272/10325)
2026-09-10T19:13:53.6341602Z Updating files:  23% (2375/10325)
2026-09-10T19:13:53.6396139Z Updating files:  24% (2478/10325)
2026-09-10T19:13:53.6467883Z Updating files:  25% (2582/10325)
2026-09-10T19:13:53.6556277Z Updating files:  26% (2685/10325)
2026-09-10T19:13:53.6658556Z Updating files:  27% (2788/10325)
2026-09-10T19:13:53.6712244Z Updating files:  28% (2891/10325)
2026-09-10T19:13:53.6764286Z Updating files:  29% (2995/10325)
2026-09-10T19:13:53.6879172Z Updating files:  30% (3098/10325)
2026-09-10T19:13:53.6984857Z Updating files:  31% (3201/10325)
2026-09-10T19:13:53.7181027Z Updating files:  32% (3304/10325)
2026-09-10T19:13:53.7244056Z Updating files:  33% (3408/10325)
2026-09-10T19:13:53.7567594Z Updating files:  34% (3511/10325)
2026-09-10T19:13:53.7727474Z Updating files:  35% (3614/10325)
2026-09-10T19:13:53.7814058Z Updating files:  36% (3717/10325)
2026-09-10T19:13:53.7858748Z Updating files:  37% (3821/10325)
2026-09-10T19:13:53.7904216Z Updating files:  38% (3924/10325)
2026-09-10T19:13:53.8008096Z Updating files:  39% (4027/10325)
2026-09-10T19:13:53.8079085Z Updating files:  40% (4130/10325)
2026-09-10T19:13:53.8177209Z Updating files:  41% (4234/10325)
2026-09-10T19:13:53.8264657Z Updating files:  42% (4337/10325)
2026-09-10T19:13:53.8329538Z Updating files:  43% (4440/10325)
2026-09-10T19:13:53.8386150Z Updating files:  44% (4543/10325)
2026-09-10T19:13:53.8492033Z Updating files:  45% (4647/10325)
2026-09-10T19:13:53.8567339Z Updating files:  46% (4750/10325)
2026-09-10T19:13:53.8627905Z Updating files:  47% (4853/10325)
2026-09-10T19:13:53.8670091Z Updating files:  48% (4956/10325)
2026-09-10T19:13:53.8707593Z Updating files:  49% (5060/10325)
2026-09-10T19:13:53.8779467Z Updating files:  50% (5163/10325)
2026-09-10T19:13:53.9027284Z Updating files:  51% (5266/10325)
2026-09-10T19:13:53.9086675Z Updating files:  52% (5369/10325)
2026-09-10T19:13:53.9136295Z Updating files:  53% (5473/10325)
2026-09-10T19:13:53.9227400Z Updating files:  54% (5576/10325)
2026-09-10T19:13:53.9282388Z Updating files:  55% (5679/10325)
2026-09-10T19:13:53.9368153Z Updating files:  56% (5782/10325)
2026-09-10T19:13:53.9481294Z Updating files:  57% (5886/10325)
2026-09-10T19:13:53.9976314Z Updating files:  58% (5989/10325)
2026-09-10T19:13:54.0089176Z Updating files:  59% (6092/10325)
2026-09-10T19:13:54.0137885Z Updating files:  60% (6195/10325)
2026-09-10T19:13:54.0175749Z Updating files:  61% (6299/10325)
2026-09-10T19:13:54.0223832Z Updating files:  62% (6402/10325)
2026-09-10T19:13:54.0371292Z Updating files:  63% (6505/10325)
2026-09-10T19:13:54.0453349Z Updating files:  64% (6608/10325)
2026-09-10T19:13:54.0598657Z Updating files:  65% (6712/10325)
2026-09-10T19:13:54.0697320Z Updating files:  66% (6815/10325)
2026-09-10T19:13:54.0789496Z Updating files:  67% (6918/10325)
2026-09-10T19:13:54.0882784Z Updating files:  68% (7021/10325)
2026-09-10T19:13:54.0938716Z Updating files:  69% (7125/10325)
2026-09-10T19:13:54.1003367Z Updating files:  70% (7228/10325)
2026-09-10T19:13:54.1045384Z Updating files:  71% (7331/10325)
2026-09-10T19:13:54.1105892Z Updating files:  72% (7434/10325)
2026-09-10T19:13:54.1179995Z Updating files:  73% (7538/10325)
2026-09-10T19:13:54.1221658Z Updating files:  74% (7641/10325)
2026-09-10T19:13:54.1331491Z Updating files:  75% (7744/10325)
2026-09-10T19:13:54.1367557Z Updating files:  76% (7847/10325)
2026-09-10T19:13:54.1402968Z Updating files:  77% (7951/10325)
2026-09-10T19:13:54.1482292Z Updating files:  78% (8054/10325)
2026-09-10T19:13:54.1566946Z Updating files:  79% (8157/10325)
2026-09-10T19:13:54.1657032Z Updating files:  80% (8260/10325)
2026-09-10T19:13:54.1836617Z Updating files:  81% (8364/10325)
2026-09-10T19:13:54.1908861Z Updating files:  82% (8467/10325)
2026-09-10T19:13:54.1987304Z Updating files:  83% (8570/10325)
2026-09-10T19:13:54.2123641Z Updating files:  84% (8673/10325)
2026-09-10T19:13:54.2198148Z Updating files:  85% (8777/10325)
2026-09-10T19:13:54.2271298Z Updating files:  86% (8880/10325)
2026-09-10T19:13:54.2347715Z Updating files:  87% (8983/10325)
2026-09-10T19:13:54.2406293Z Updating files:  88% (9086/10325)
2026-09-10T19:13:54.2454635Z Updating files:  89% (9190/10325)
2026-09-10T19:13:54.2537461Z Updating files:  90% (9293/10325)
2026-09-10T19:13:54.2604883Z Updating files:  91% (9396/10325)
2026-09-10T19:13:54.2773556Z Updating files:  92% (9499/10325)
2026-09-10T19:13:54.2845790Z Updating files:  93% (9603/10325)
2026-09-10T19:13:54.3091962Z Updating files:  94% (9706/10325)
2026-09-10T19:13:54.3167691Z Updating files:  95% (9809/10325)
2026-09-10T19:13:54.3398315Z Updating files:  96% (9912/10325)
2026-09-10T19:13:54.3483700Z Updating files:  97% (10016/10325)
2026-09-10T19:13:54.3540285Z Updating files:  98% (10119/10325)
2026-09-10T19:13:54.3616302Z Updating files:  99% (10222/10325)
2026-09-10T19:13:54.3617968Z Updating files: 100% (10325/10325)
2026-09-10T19:13:54.3618691Z Updating files: 100% (10325/10325), done.
2026-09-10T19:13:54.4025175Z Switched to a new branch 'GPT-work/b699-low-index-lean-20260911-513dc7cc'
2026-09-10T19:13:54.4047765Z branch 'GPT-work/b699-low-index-lean-20260911-513dc7cc' set up to track 'origin/GPT-work/b699-low-index-lean-20260911-513dc7cc'.
2026-09-10T19:13:54.4105101Z ##[endgroup]
2026-09-10T19:13:54.4488854Z [command]/usr/bin/git log -1 --format=%H
2026-09-10T19:13:54.4522075Z f5b18ab9849c4e9105777084e655d40ed9a96f13
2026-09-10T19:13:54.4753534Z ##[group]Run python3 - <<'PY'
2026-09-10T19:13:54.4753898Z [36;1mpython3 - <<'PY'[0m
2026-09-10T19:13:54.4754165Z [36;1mimport json, os[0m
2026-09-10T19:13:54.4754422Z [36;1mfrom pathlib import Path[0m
2026-09-10T19:13:54.4754728Z [36;1mrun = Path(os.environ['B699_RUN'])[0m
2026-09-10T19:13:54.4755129Z [36;1mstate = json.loads((run/'target-status.json').read_text())[0m
2026-09-10T19:13:54.4755664Z [36;1maccepted = {r['i'] for r in state['targets'] if r['full_original_statement_accepted']}[0m
2026-09-10T19:13:54.4756311Z [36;1mif 29 not in accepted:[0m
2026-09-10T19:13:54.4756687Z [36;1m    raise RuntimeError('Complete Row029 acceptance is required first')[0m
2026-09-10T19:13:54.4757571Z [36;1mbatch = json.loads((run/'verification/runner/phase-a-batch.json').read_text())[0m
2026-09-10T19:13:54.4758093Z [36;1mif len(set(batch)) != len(batch) or not all(35 <= i <= 184 for i in batch):[0m
2026-09-10T19:13:54.4758670Z [36;1m    raise RuntimeError('Batch is outside the remaining 150 phase A indices')[0m
2026-09-10T19:13:54.4759149Z [36;1mpending = [i for i in batch if i not in accepted][0m
2026-09-10T19:13:54.4759542Z [36;1mwith open(os.environ['GITHUB_OUTPUT'], 'a') as out:[0m
2026-09-10T19:13:54.4759942Z [36;1m    out.write('matrix=' + json.dumps({'i': pending}) + '\n')[0m
2026-09-10T19:13:54.4760372Z [36;1m    out.write('has_work=' + ('true' if pending else 'false') + '\n')[0m
2026-09-10T19:13:54.4760879Z [36;1mprint('pending indices', pending, 'already fixed acceptance', sorted(accepted))[0m
2026-09-10T19:13:54.4761292Z [36;1mPY[0m
2026-09-10T19:13:54.4807157Z shell: /usr/bin/bash -e {0}
2026-09-10T19:13:54.4807474Z env:
2026-09-10T19:13:54.4807823Z   B699_RUN: research/tasks/B699-Binomial/runs/20260911-low-index-lean-513dc7cc
2026-09-10T19:13:54.4808268Z   B699_RAW: .tools/20260911-low-index-lean-513dc7cc
2026-09-10T19:13:54.4808562Z ##[endgroup]
2026-09-10T19:13:54.5134924Z pending indices [35, 37] already fixed acceptance [29, 36]
2026-09-10T19:13:54.5243418Z ##[group]Run python3 -m py_compile "$B699_RUN"/verification/runner/*.py
2026-09-10T19:13:54.5243946Z [36;1mpython3 -m py_compile "$B699_RUN"/verification/runner/*.py[0m
2026-09-10T19:13:54.5244574Z [36;1mpython3 "$B699_RUN/verification/runner/generate_row.py" --i 29 --plan "$B699_RUN/verification/generator-row029.json"[0m
2026-09-10T19:13:54.5245109Z [36;1mpython3 - <<'PY'[0m
2026-09-10T19:13:54.5245358Z [36;1mimport json, os, runpy[0m
2026-09-10T19:13:54.5245627Z [36;1mfrom pathlib import Path[0m
2026-09-10T19:13:54.5245913Z [36;1mrun = Path(os.environ['B699_RUN'])[0m
2026-09-10T19:13:54.5246447Z [36;1mprint(json.dumps(runpy.run_path(str(run/'verification/runner/compile_probes.py'))['resources']()))[0m
2026-09-10T19:13:54.5247258Z [36;1mPY[0m
2026-09-10T19:13:54.5287078Z shell: /usr/bin/bash -e {0}
2026-09-10T19:13:54.5287344Z env:
2026-09-10T19:13:54.5287685Z   B699_RUN: research/tasks/B699-Binomial/runs/20260911-low-index-lean-513dc7cc
2026-09-10T19:13:54.5288174Z   B699_RAW: .tools/20260911-low-index-lean-513dc7cc
2026-09-10T19:13:54.5288470Z ##[endgroup]
2026-09-10T19:13:54.6215606Z B699_PLAN {"kind": "uncompiled_candidates", "i": 29, "frozen_source": "research/tasks/B699-Binomial/runs/20260909-low-index-structure-b41a5a63/lean/coverage/rows/Row029.lean", "frozen_source_sha256": "e323322cf1ef7262ece3947616b7980219010e7cdc82a3c433db4038173e048d", "height": [29, 9, 19, 37], "goods": 228, "layers": 114, "root": "research/tasks/B699-Binomial/runs/20260911-low-index-lean-513dc7cc/lean/rows/Row029/Original.lean"}
2026-09-10T19:13:54.6796494Z {"disk": [76887154688, 63056224256, 13814153216], "cpu_count": 2, "meminfo": ["MemTotal:        8128880 kB", "MemAvailable:    6957952 kB"], "memory.max": null, "memory.current": null, "cpu.max": null, "processes": "    PID    PPID   RSS COMMAND\n   1824    1820 149956 provjobd4233754\n   1877    1856 129640 Runner.Worker\n   1856    1808 93788 Runner.Listener\n   1021       1 74036 dockerd\n    780       1 52024 php-fpm8.3\n    202       1 43712 multipathd\n    876       1 43528 containerd\n   1043     811 37148 python3\n    811       1 30888 python3\n   1032     780 21564 php-fpm8.3\n   1035     780 21564 php-fpm8.3\n    778       1 20944 networkd-dispat\n    140       1 17720 systemd-journal\n   1808       1 17176 hosted-compute-\n      1       0 14368 systemd\n   2029    2026 14208 python3\n    810       1 13728 udisksd\n    484       1 13212 systemd-resolve\n   1019       1 13056 ModemManager\n    923       1 11616 systemd\n    714       1  9828 systemd-network\n    808       1  9800 systemd-logind\n    786       1  8160 polkitd\n    209       1  7964 systemd-udevd\n   1220       1  7544 systemd-timedat\n   1820    1808  7048 sudo\n    961       1  6232 rsyslogd\n    774       1  5596 dbus-daemon\n    574       1  5032 haveged\n   2030    2029  4224 ps\n    919       1  3640 chronyd\n    927     923  3584 (sd-pam)\n   2026    1877  3528 bash\n    359       1  2904 hv_kvp_daemon\n    866       1  2760 cron\n    888       1  2156 agetty\n    897       1  2044 agetty\n    924     919  1240 chronyd\n      2       0     0 kthreadd\n      3       2     0 pool_workqueue_release\n      4       2     0 kworker/R-rcu_gp\n      5       2     0 kworker/R-sync_wq\n      6       2     0 kworker/R-kvfree_rcu_reclaim\n      7       2     0 kworker/R-slub_flushwq\n      8       2     0 kworker/R-netns\n      9       2     0 kworker/0:0-events\n     10       2     0 kworker/0:0H-events_highpri\n     11       2     0 kworker/0:1-cgroup_release\n     12       2     0 kworker/u8:0-flush-8:0\n     13       2     0 kworker/R-mm_percpu_wq\n     14   "}
2026-09-10T19:13:54.7178669Z ##[group]Run leanprover/lean-action@50fcf42d2e460296f1a34b402e990d1b24f8b596
2026-09-10T19:13:54.7179084Z with:
2026-09-10T19:13:54.7179295Z   auto-config: false
2026-09-10T19:13:54.7179514Z   build: false
2026-09-10T19:13:54.7179716Z   test: false
2026-09-10T19:13:54.7179907Z   lint: false
2026-09-10T19:13:54.7180108Z   use-mathlib-cache: false
2026-09-10T19:13:54.7180358Z   use-github-cache: false
2026-09-10T19:13:54.7180591Z   mk_all-check: false
2026-09-10T19:13:54.7180849Z   check-reservoir-eligibility: false
2026-09-10T19:13:54.7181121Z   leanchecker: false
2026-09-10T19:13:54.7181353Z   lean4checker: false
2026-09-10T19:13:54.7181570Z   nanoda: false
2026-09-10T19:13:54.7181788Z   nanoda-allow-sorry: true
2026-09-10T19:13:54.7182020Z   axiom-audit: false
2026-09-10T19:13:54.7182308Z   axiom-audit-allow: propext,Classical.choice,Quot.sound
2026-09-10T19:13:54.7182649Z   lake-package-directory: .
2026-09-10T19:13:54.7182919Z   reinstall-transient-toolchain: false
2026-09-10T19:13:54.7183243Z env:
2026-09-10T19:13:54.7183566Z   B699_RUN: research/tasks/B699-Binomial/runs/20260911-low-index-lean-513dc7cc
2026-09-10T19:13:54.7183982Z   B699_RAW: .tools/20260911-low-index-lean-513dc7cc
2026-09-10T19:13:54.7184275Z ##[endgroup]
2026-09-10T19:13:54.7280456Z ##[start-action display=install elan;id=__leanprover_lean-action.__run]
2026-09-10T19:13:54.7307394Z ##[group]Run : Install Elan
2026-09-10T19:13:54.7307678Z [36;1m: Install Elan[0m
2026-09-10T19:13:54.7307969Z [36;1m${GITHUB_ACTION_PATH}/scripts/install_elan.sh[0m
2026-09-10T19:13:54.7351321Z shell: /usr/bin/bash --noprofile --norc -e -o pipefail {0}
2026-09-10T19:13:54.7351664Z env:
2026-09-10T19:13:54.7352012Z   B699_RUN: research/tasks/B699-Binomial/runs/20260911-low-index-lean-513dc7cc
2026-09-10T19:13:54.7352457Z   B699_RAW: .tools/20260911-low-index-lean-513dc7cc
2026-09-10T19:13:54.7352751Z ##[endgroup]
2026-09-10T19:13:54.7446364Z ##[group]Elan Installation Output
2026-09-10T19:13:54.8142852Z info: downloading installer
2026-09-10T19:13:57.6834858Z info: downloading https://releases.lean-lang.org/lean4/v4.33.1/lean-4.33.1-linux.tar.zst
2026-09-10T19:14:02.9314780Z info: installing /home/runner/.elan/toolchains/leanprover--lean4---v4.33.1
2026-09-10T19:14:13.9718463Z Lean (version 4.33.1, x86_64-unknown-linux-gnu, commit 819816b2e0a3bf405af45ae5c7af2491d8f5bee6, Release)
2026-09-10T19:14:14.0367991Z Lake version 5.0.0-src+819816b (Lean version 4.33.1)
2026-09-10T19:14:14.0426220Z ##[endgroup]
2026-09-10T19:14:14.0426556Z 
2026-09-10T19:14:14.0455313Z ##[end-action id=__leanprover_lean-action.__run;outcome=success;conclusion=success;duration_ms=19317]
2026-09-10T19:14:14.0462897Z ##[start-action display=configure `lean-action`;id=__leanprover_lean-action.config]
2026-09-10T19:14:14.0487209Z ##[group]Run : Configure Lean Action
2026-09-10T19:14:14.0487631Z [36;1m: Configure Lean Action[0m
2026-09-10T19:14:14.0488053Z [36;1m${GITHUB_ACTION_PATH}/scripts/config.sh[0m
2026-09-10T19:14:14.0533191Z shell: /usr/bin/bash --noprofile --norc -e -o pipefail {0}
2026-09-10T19:14:14.0533552Z env:
2026-09-10T19:14:14.0533889Z   B699_RUN: research/tasks/B699-Binomial/runs/20260911-low-index-lean-513dc7cc
2026-09-10T19:14:14.0534339Z   B699_RAW: .tools/20260911-low-index-lean-513dc7cc
2026-09-10T19:14:14.0534633Z   AUTO_CONFIG: false
2026-09-10T19:14:14.0534848Z   BUILD: false
2026-09-10T19:14:14.0535044Z   TEST: false
2026-09-10T19:14:14.0535234Z   LINT: false
2026-09-10T19:14:14.0535422Z ##[endgroup]
2026-09-10T19:14:14.1057833Z ##[group]Configure lean-action
2026-09-10T19:14:14.1095111Z ##[end-action id=__leanprover_lean-action.config;outcome=success;conclusion=success;duration_ms=63]
2026-09-10T19:14:14.1097842Z ##[start-action display=reinstall transient toolchain;id=__leanprover_lean-action.__run_2]
2026-09-10T19:14:14.1104147Z ##[end-action id=__leanprover_lean-action.__run_2;outcome=skipped;conclusion=skipped;duration_ms=0]
2026-09-10T19:14:14.1108129Z ##[start-action display=ensure all files are imported;id=__leanprover_lean-action.mk_all]
2026-09-10T19:14:14.1111953Z ##[end-action id=__leanprover_lean-action.mk_all;outcome=skipped;conclusion=skipped;duration_ms=0]
2026-09-10T19:14:14.1113901Z ##[start-action display=Run actions/cache/restore@v5;id=__leanprover_lean-action.__actions_cache]
2026-09-10T19:14:14.1117621Z ##[end-action id=__leanprover_lean-action.__actions_cache;outcome=skipped;conclusion=skipped;duration_ms=0]
2026-09-10T19:14:14.1119514Z ##[start-action display=detect mathlib;id=__leanprover_lean-action.detect-mathlib]
2026-09-10T19:14:14.1122914Z ##[end-action id=__leanprover_lean-action.detect-mathlib;outcome=skipped;conclusion=skipped;duration_ms=0]
2026-09-10T19:14:14.1124711Z ##[start-action display=get mathlib cache;id=__leanprover_lean-action.__run_3]
2026-09-10T19:14:14.1148162Z ##[end-action id=__leanprover_lean-action.__run_3;outcome=skipped;conclusion=skipped;duration_ms=0]
2026-09-10T19:14:14.1175697Z ##[start-action display=build HuanHuanHuanFFF/lean-math-lab;id=__leanprover_lean-action.build]
2026-09-10T19:14:14.1180686Z ##[end-action id=__leanprover_lean-action.build;outcome=skipped;conclusion=skipped;duration_ms=0]
2026-09-10T19:14:14.1182693Z ##[start-action display=Run actions/cache/save@v5;id=__leanprover_lean-action.__actions_cache_2]
2026-09-10T19:14:14.1186077Z ##[end-action id=__leanprover_lean-action.__actions_cache_2;outcome=skipped;conclusion=skipped;duration_ms=0]
2026-09-10T19:14:14.1190083Z ##[start-action display=test HuanHuanHuanFFF/lean-math-lab;id=__leanprover_lean-action.test]
2026-09-10T19:14:14.1194433Z ##[end-action id=__leanprover_lean-action.test;outcome=skipped;conclusion=skipped;duration_ms=0]
2026-09-10T19:14:14.1197745Z ##[start-action display=lint HuanHuanHuanFFF/lean-math-lab;id=__leanprover_lean-action.lint]
2026-09-10T19:14:14.1202267Z ##[end-action id=__leanprover_lean-action.lint;outcome=skipped;conclusion=skipped;duration_ms=0]
2026-09-10T19:14:14.1204114Z ##[start-action display=check reservoir eligibility;id=__leanprover_lean-action.__run_4]
2026-09-10T19:14:14.1207807Z ##[end-action id=__leanprover_lean-action.__run_4;outcome=skipped;conclusion=skipped;duration_ms=0]
2026-09-10T19:14:14.1210423Z ##[start-action display=check environment with leanchecker;id=__leanprover_lean-action.__run_5]
2026-09-10T19:14:14.1214986Z ##[end-action id=__leanprover_lean-action.__run_5;outcome=skipped;conclusion=skipped;duration_ms=0]
2026-09-10T19:14:14.1217495Z ##[start-action display=check environment with nanoda;id=__leanprover_lean-action.nanoda]
2026-09-10T19:14:14.1220815Z ##[end-action id=__leanprover_lean-action.nanoda;outcome=skipped;conclusion=skipped;duration_ms=0]
2026-09-10T19:14:14.1223047Z ##[start-action display=audit axioms with axiom-audit;id=__leanprover_lean-action.axiom-audit]
2026-09-10T19:14:14.1226196Z ##[end-action id=__leanprover_lean-action.axiom-audit;outcome=skipped;conclusion=skipped;duration_ms=0]
2026-09-10T19:14:14.1283640Z ##[group]Run python3 "$B699_RUN/verification/runner/verify_environment.py" --repo . --mode cache
2026-09-10T19:14:14.1284518Z [36;1mpython3 "$B699_RUN/verification/runner/verify_environment.py" --repo . --mode cache[0m
2026-09-10T19:14:14.1285353Z [36;1mpython3 "$B699_RUN/verification/runner/verify_incremental.py" --repo . --root "$B699_RUN/lean/SharedEnvironment.lean" --memory-mb 3072 --timeout 900[0m
2026-09-10T19:14:14.1286247Z [36;1mpython3 "$B699_RUN/verification/runner/cache_bundle.py" export --archive "$B699_RAW/export/shared.zip"[0m
2026-09-10T19:14:14.1325127Z shell: /usr/bin/bash -e {0}
2026-09-10T19:14:14.1325387Z env:
2026-09-10T19:14:14.1325725Z   B699_RUN: research/tasks/B699-Binomial/runs/20260911-low-index-lean-513dc7cc
2026-09-10T19:14:14.1326164Z   B699_RAW: .tools/20260911-low-index-lean-513dc7cc
2026-09-10T19:14:14.1326459Z ##[endgroup]
2026-09-10T19:14:14.3190362Z info: mathlib: cloning https://github.com/leanprover-community/mathlib4
2026-09-10T19:14:58.5882934Z info: mathlib: checking out revision '0df444a360eaa60ab8c11dca51a86af692955474'
2026-09-10T19:15:00.6217946Z info: plausible: cloning https://github.com/leanprover-community/plausible
2026-09-10T19:15:01.1088425Z info: plausible: checking out revision 'b7eb3304aeae834b12dda98993a37f6a41f6f0bb'
2026-09-10T19:15:01.1220839Z info: LeanSearchClient: cloning https://github.com/leanprover-community/LeanSearchClient
2026-09-10T19:15:01.5215611Z info: LeanSearchClient: checking out revision '5f4d51b81cbd3f6b32b156bfad9056621a040404'
2026-09-10T19:15:01.5343794Z info: importGraph: cloning https://github.com/leanprover-community/import-graph
2026-09-10T19:15:02.5158392Z info: importGraph: checking out revision '16f02aa7642864af59f1ff0e384a015994db9118'
2026-09-10T19:15:02.5308679Z info: proofwidgets: cloning https://github.com/leanprover-community/ProofWidgets4
2026-09-10T19:15:03.8589496Z info: proofwidgets: checking out revision '4be2e3d5087eeb272cf5a8853b8f9dd025ef5957'
2026-09-10T19:15:04.5027772Z info: aesop: cloning https://github.com/leanprover-community/aesop
2026-09-10T19:15:05.5078081Z info: aesop: checking out revision '3448c0bcc5ce01b2d1546e483ec3620e32df3d0e'
2026-09-10T19:15:05.5264673Z info: Qq: cloning https://github.com/leanprover-community/quote4
2026-09-10T19:15:05.9992425Z info: Qq: checking out revision '92c15be17b7caf78c2ad767ec40f89052d908d81'
2026-09-10T19:15:06.0127174Z info: batteries: cloning https://github.com/leanprover-community/batteries
2026-09-10T19:15:09.2535725Z info: batteries: checking out revision '4488d40d070b9700d4d5a6aa342f0d40c31b2a2d'
2026-09-10T19:15:09.2797522Z info: Cli: cloning https://github.com/leanprover/lean4-cli
2026-09-10T19:15:09.7449484Z info: Cli: checking out revision '6130a47896ce867c6a4a55373441e59e565bad0f'
2026-09-10T19:15:10.6628253Z ✔ [2/6] Built Cache.Cli (336ms)
2026-09-10T19:15:11.1620722Z ✔ [5/12] Built Cache.Lean (532ms)
2026-09-10T19:15:11.7638112Z ✔ [7/27] Built Cache.Infra (615ms)
2026-09-10T19:15:11.9636618Z ✔ [8/27] Built Cache.Cli:c.o (202ms)
2026-09-10T19:15:12.1648453Z ✔ [9/27] Built Batteries.Tactic.OpenPrivate (1.4s)
2026-09-10T19:15:12.1667698Z ✔ [10/27] Built Cache.Lean:c.o (202ms)
2026-09-10T19:15:12.4644694Z ✔ [11/27] Built Cache.Infra:c.o (320ms)
2026-09-10T19:15:14.0681014Z ✔ [12/27] Built Batteries.Tactic.OpenPrivate:c.o (1.9s)
2026-09-10T19:15:14.5708271Z ✔ [13/27] Built Cache.IO (2.1s)
2026-09-10T19:15:15.8738794Z ✔ [14/27] Built Cache.Hashing (1.3s)
2026-09-10T19:15:16.4745194Z ✔ [15/27] Built Cache.Hashing:c.o (636ms)
2026-09-10T19:15:16.8749721Z ✔ [16/27] Built Cache.IO:c.o (2.3s)
2026-09-10T19:15:18.7819538Z ✔ [17/27] Built Cache.Requests (2.3s)
2026-09-10T19:15:19.6832908Z ✔ [18/27] Built Cache.Marker (936ms)
2026-09-10T19:15:19.8858504Z ✔ [19/27] Built Cache.Marker:c.o (192ms)
2026-09-10T19:15:21.0868364Z ✔ [20/27] Built Cache.Query (1.2s)
2026-09-10T19:15:21.4881505Z ✔ [21/27] Built Cache.Query:c.o (456ms)
2026-09-10T19:15:22.5929633Z ✔ [22/27] Built Cache.Warning (1.1s)
2026-09-10T19:15:22.7928575Z ✔ [23/27] Built Cache.Requests:c.o (4.0s)
2026-09-10T19:15:22.9924493Z ✔ [24/27] Built Cache.Warning:c.o (384ms)
2026-09-10T19:15:23.9937556Z ✔ [25/27] Built Cache.Main (1.2s)
2026-09-10T19:15:24.8940914Z ✔ [26/27] Built Cache.Main:c.o (902ms)
2026-09-10T19:15:25.8962505Z ✔ [27/27] Built cache:exe (947ms)
2026-09-10T19:15:29.0367595Z Current branch: HEAD
2026-09-10T19:15:29.0368375Z Using cache from origin: (some leanprover-community/mathlib4)
2026-09-10T19:15:29.0369921Z Attempting to download 1169 file(s) from leanprover-community/mathlib4 cache at https://lakecache.blob.core.windows.net/mathlib4-master
2026-09-10T19:15:30.0293475Z 
2026-09-10T19:15:30.1364589Z Downloaded: 1 file(s) [attempted 1/1169 = 0%, 88 KB/s], Decompressed: 0
2026-09-10T19:15:30.2388279Z Downloaded: 14 file(s) [attempted 14/1169 = 1%, 334 KB/s], Decompressed: 1
2026-09-10T19:15:30.3478206Z Downloaded: 123 file(s) [attempted 123/1169 = 10%, 4700 KB/s], Decompressed: 14
2026-09-10T19:15:30.4477474Z Downloaded: 287 file(s) [attempted 287/1169 = 24%, 4644 KB/s], Decompressed: 14
2026-09-10T19:15:30.5548329Z Downloaded: 418 file(s) [attempted 418/1169 = 35%, 3704 KB/s], Decompressed: 14
2026-09-10T19:15:30.6658377Z Downloaded: 500 file(s) [attempted 500/1169 = 42%, 3326 KB/s], Decompressed: 14
2026-09-10T19:15:30.7619952Z Downloaded: 592 file(s) [attempted 592/1169 = 50%, 2292 KB/s], Decompressed: 14
2026-09-10T19:15:30.8628234Z Downloaded: 779 file(s) [attempted 779/1169 = 66%, 2718 KB/s], Decompressed: 14
2026-09-10T19:15:30.9678362Z Downloaded: 950 file(s) [attempted 950/1169 = 81%, 2270 KB/s], Decompressed: 14
2026-09-10T19:15:31.0628370Z Downloaded: 1119 file(s) [attempted 1119/1169 = 95%, 1539 KB/s], Decompressed: 14
2026-09-10T19:15:31.0629852Z Downloaded: 1169 file(s) [attempted 1169/1169 = 100%, 1539 KB/s], Decompressed: 14
2026-09-10T19:15:37.2847389Z Decompressed 1169 file(s)
2026-09-10T19:15:37.2852295Z Already decompressed 1169 file(s)
2026-09-10T19:15:37.3433198Z {"source_files_matched": 21, "manifest_matched": true, "lean_compiled": false}
2026-09-10T19:15:37.3433824Z memory.max unavailable
2026-09-10T19:15:37.3434415Z memory.current unavailable
2026-09-10T19:15:37.3461543Z cpu.max unavailable
2026-09-10T19:15:37.3462049Z disk usage(total=76887154688, used=66152501248, free=10717876224)
2026-09-10T19:15:37.3462580Z     PID    PPID   RSS COMMAND
2026-09-10T19:15:37.3462965Z    1824    1820 152900 provjobd4233754
2026-09-10T19:15:37.3463364Z    1877    1856 135088 Runner.Worker
2026-09-10T19:15:37.3463746Z    1856    1808 94000 Runner.Listener
2026-09-10T19:15:37.3464505Z    1021       1 74036 dockerd
2026-09-10T19:15:37.3490394Z     780       1 52024 php-fpm8.3
2026-09-10T19:15:37.3497409Z     202       1 43712 multipathd
2026-09-10T19:15:37.3507426Z     876       1 43536 containerd
2026-09-10T19:15:37.3508134Z    1043     811 37152 python3
2026-09-10T19:15:37.3508724Z     811       1 30888 python3
2026-09-10T19:15:37.3509285Z    1032     780 21564 php-fpm8.3
2026-09-10T19:15:37.3509881Z    1035     780 21564 php-fpm8.3
2026-09-10T19:15:37.3510482Z     778       1 20944 networkd-dispat
2026-09-10T19:15:37.3511109Z     140       1 17724 systemd-journal
2026-09-10T19:15:37.3511712Z    2081    2080 17648 python3
2026-09-10T19:15:37.3512309Z    1808       1 17176 hosted-compute-
2026-09-10T19:15:37.3512915Z       1       0 14368 systemd
2026-09-10T19:15:37.3513468Z     810       1 13728 udisksd
2026-09-10T19:15:37.3514030Z     484       1 13224 systemd-resolve
2026-09-10T19:15:37.3514642Z    1019       1 13056 ModemManager
2026-09-10T19:15:37.3515230Z     923       1 11616 systemd
2026-09-10T19:15:37.3515790Z     714       1  9828 systemd-network
2026-09-10T19:15:37.3516395Z     808       1  9800 systemd-logind
2026-09-10T19:15:37.3517158Z     786       1  8160 polkitd
2026-09-10T19:15:37.3517851Z     209       1  7964 systemd-udevd
2026-09-10T19:15:37.3518429Z    1820    1808  7048 sudo
2026-09-10T19:15:37.3518975Z     961       1  6232 rsyslogd
2026-09-10T19:15:37.3519541Z     774       1  5596 dbus-daemon
2026-09-10T19:15:37.3520573Z     574       1  5032 haveged
2026-09-10T19:15:37.3521160Z    2082    2081  4224 ps
2026-09-10T19:15:37.3521677Z     919       1  3640 chronyd
2026-09-10T19:15:37.3522444Z     927     923  3584 (sd-pam)
2026-09-10T19:15:37.3522995Z    2080    1877  3524 bash
2026-09-10T19:15:37.3523512Z     359       1  2904 hv_kvp_daemon
2026-09-10T19:15:37.3524091Z     866       1  2760 cron
2026-09-10T19:15:37.3524624Z     888       1  2156 agetty
2026-09-10T19:15:37.3525159Z     897       1  2044 agetty
2026-09-10T19:15:37.3525689Z     924     919  1240 chronyd
2026-09-10T19:15:37.3526250Z       2       0     0 kthreadd
2026-09-10T19:15:37.3527102Z       3       2     0 pool_workqueue_release
2026-09-10T19:15:37.3527751Z       4       2     0 kworker/R-rcu_gp
2026-09-10T19:15:37.3528359Z       5       2     0 kworker/R-sync_wq
2026-09-10T19:15:37.3528990Z       6       2     0 kworker/R-kvfree_rcu_reclaim
2026-09-10T19:15:37.3529667Z       7       2     0 kworker/R-slub_flushwq
2026-09-10T19:15:37.3530261Z       8       2 
2026-09-10T19:15:38.9260631Z RESOURCE {"source": "Math/B699/CofactorCriterion.lean", "cpu_count": 2, "disk": [76887154688, 68196204544, 8674172928], "meminfo": ["MemTotal:        8128880 kB", "MemAvailable:    7148440 kB"], "memory.max": null, "memory.current": null, "cpu.max": null}
2026-09-10T19:15:41.0369107Z COMPILE {"source": "Math/B699/CofactorCriterion.lean", "seconds": 2.105, "exit_code": 0, "failure": null, "axiom_audit": {"declared_print_axioms": 0, "declared_names": [], "guarded_print_axioms": 0, "guarded_names": [], "actual_printed": 0, "guard_msgs_in_source": 0, "printed": [], "unexpected_axioms": [], "guarded_output_inferred": false}}
2026-09-10T19:15:41.0462528Z RESOURCE {"source": "research/tasks/B699-Binomial/runs/20260909-large-prime-structure-cb4764f0/lean/GapBridge.lean", "cpu_count": 2, "disk": [76887154688, 68196790272, 8673587200], "meminfo": ["MemTotal:        8128880 kB", "MemAvailable:    7124912 kB"], "memory.max": null, "memory.current": null, "cpu.max": null}
2026-09-10T19:15:43.2298079Z COMPILE {"source": "research/tasks/B699-Binomial/runs/20260909-large-prime-structure-cb4764f0/lean/GapBridge.lean", "seconds": 2.178, "exit_code": 0, "failure": null, "axiom_audit": {"declared_print_axioms": 6, "declared_names": ["B699LargePrimeStructure.common_of_mod_certificate", "B699LargePrimeStructure.gap_remainder_eq", "B699LargePrimeStructure.common_of_gap_power", "B699LargePrimeStructure.common_of_gap_prime", "B699LargePrimeStructure.common_of_top_prime", "B699LargePrimeStructure.common_small_index"], "guarded_print_axioms": 0, "guarded_names": [], "actual_printed": 6, "guard_msgs_in_source": 0, "printed": [{"declared_name": "B699LargePrimeStructure.common_of_mod_certificate", "axioms": ["propext", "Classical.choice", "Quot.sound"]}, {"declared_name": "B699LargePrimeStructure.gap_remainder_eq", "axioms": ["propext", "Quot.sound"]}, {"declared_name": "B699LargePrimeStructure.common_of_gap_power", "axioms": ["propext", "Classical.choice", "Quot.sound"]}, {"declared_name": "B699LargePrimeStructure.common_of_gap_prime", "axioms": ["propext", "Classical.choice", "Quot.sound"]}, {"declared_name": "B699LargePrimeStructure.common_of_top_prime", "axioms": ["propext", "Classical.choice", "Quot.sound"]}, {"declared_name": "B699LargePrimeStructure.common_small_index", "axioms": ["propext", "Classical.choice", "Quot.sound"]}], "unexpected_axioms": [], "guarded_output_inferred": false}}
2026-09-10T19:15:43.2410658Z RESOURCE {"source": "research/tasks/B699-Binomial/runs/20260908-external-reductions-b3c1b7/lean/DivisorTransfer.lean", "cpu_count": 2, "disk": [76887154688, 68197347328, 8673030144], "meminfo": ["MemTotal:        8128880 kB", "MemAvailable:    7123372 kB"], "memory.max": null, "memory.current": null, "cpu.max": null}
2026-09-10T19:15:44.5198752Z COMPILE {"source": "research/tasks/B699-Binomial/runs/20260908-external-reductions-b3c1b7/lean/DivisorTransfer.lean", "seconds": 1.276, "exit_code": 0, "failure": null, "axiom_audit": {"declared_print_axioms": 4, "declared_names": ["divisor_transfer", "prime_part_dvd", "prime_part_coprime_of_no_common", "actual_prime_part_transfer"], "guarded_print_axioms": 0, "guarded_names": [], "actual_printed": 4, "guard_msgs_in_source": 0, "printed": [{"declared_name": "divisor_transfer", "axioms": ["propext", "Classical.choice", "Quot.sound"]}, {"declared_name": "prime_part_dvd", "axioms": ["propext", "Classical.choice", "Quot.sound"]}, {"declared_name": "prime_part_coprime_of_no_common", "axioms": ["propext", "Classical.choice", "Quot.sound"]}, {"declared_name": "actual_prime_part_transfer", "axioms": ["propext", "Classical.choice", "Quot.sound"]}], "unexpected_axioms": [], "guarded_output_inferred": false}}
2026-09-10T19:15:44.5305625Z RESOURCE {"source": "research/tasks/B699-Binomial/runs/20260909-large-prime-structure-cb4764f0/lean/PrimePowerTransfer.lean", "cpu_count": 2, "disk": [76887154688, 68197429248, 8672948224], "meminfo": ["MemTotal:        8128880 kB", "MemAvailable:    7103972 kB"], "memory.max": null, "memory.current": null, "cpu.max": null}
2026-09-10T19:15:46.9928504Z COMPILE {"source": "research/tasks/B699-Binomial/runs/20260909-large-prime-structure-cb4764f0/lean/PrimePowerTransfer.lean", "seconds": 2.456, "exit_code": 0, "failure": null, "axiom_audit": {"declared_print_axioms": 6, "declared_names": ["B699LargePrimeStructure.prime_power_numerator_mod_lt", "B699LargePrimeStructure.prime_power_gap_dvd", "B699LargePrimeStructure.actual_avoiding_part_gap_transfer", "B699LargePrimeStructure.avoidingPart_eq_primePart_of_noCommon", "B699LargePrimeStructure.actual_prime_part_gap_transfer", "B699LargePrimeStructure.common_of_gap_product_not_dvd"], "guarded_print_axioms": 0, "guarded_names": [], "actual_printed": 6, "guard_msgs_in_source": 0, "printed": [{"declared_name": "B699LargePrimeStructure.prime_power_numerator_mod_lt", "axioms": ["propext", "Classical.choice", "Quot.sound"]}, {"declared_name": "B699LargePrimeStructure.prime_power_gap_dvd", "axioms": ["propext", "Classical.choice", "Quot.sound"]}, {"declared_name": "B699LargePrimeStructure.actual_avoiding_part_gap_transfer", "axioms": ["propext", "Classical.choice", "Quot.sound"]}, {"declared_name": "B699LargePrimeStructure.avoidingPart_eq_primePart_of_noCommon", "axioms": ["propext", "Classical.choice", "Quot.sound"]}, {"declared_name": "B699LargePrimeStructure.actual_prime_part_gap_transfer", "axioms": ["propext", "Classical.choice", "Quot.sound"]}, {"declared_name": "B699LargePrimeStructure.common_of_gap_product_not_dvd", "axioms": ["propext", "Classical.choice", "Quot.sound"]}], "unexpected_axioms": [], "guarded_output_inferred": false}}
2026-09-10T19:15:47.0029993Z RESOURCE {"source": "research/tasks/B699-Binomial/runs/20260909-large-prime-structure-cb4764f0/lean/SmallPartBound.lean", "cpu_count": 2, "disk": [76887154688, 68198187008, 8672190464], "meminfo": ["MemTotal:        8128880 kB", "MemAvailable:    7153472 kB"], "memory.max": null, "memory.current": null, "cpu.max": null}
2026-09-10T19:15:48.4141842Z COMPILE {"source": "research/tasks/B699-Binomial/runs/20260909-large-prime-structure-cb4764f0/lean/SmallPartBound.lean", "seconds": 1.408, "exit_code": 0, "failure": null, "axiom_audit": {"declared_print_axioms": 4, "declared_names": ["B699LargePrimeStructure.smallPrimePart_mul_primePart", "B699LargePrimeStructure.smallPrimePart_le_pow_smallPrimeCount", "B699LargePrimeStructure.noCommon_choose_le_smallPrime_gap_bound", "B699LargePrimeStructure.common_of_elementary_gap_comparison"], "guarded_print_axioms": 0, "guarded_names": [], "actual_printed": 4, "guard_msgs_in_source": 0, "printed": [{"declared_name": "B699LargePrimeStructure.smallPrimePart_mul_primePart", "axioms": ["propext", "Classical.choice", "Quot.sound"]}, {"declared_name": "B699LargePrimeStructure.smallPrimePart_le_pow_smallPrimeCount", "axioms": ["propext", "Classical.choice", "Quot.sound"]}, {"declared_name": "B699LargePrimeStructure.noCommon_choose_le_smallPrime_gap_bound", "axioms": ["propext", "Classical.choice", "Quot.sound"]}, {"declared_name": "B699LargePrimeStructure.common_of_elementary_gap_comparison", "axioms": ["propext", "Classical.choice", "Quot.sound"]}], "unexpected_axioms": [], "guarded_output_inferred": false}}
2026-09-10T19:15:48.4234721Z RESOURCE {"source": "research/tasks/B699-Binomial/runs/20260909-low-index-structure-b41a5a63/lean/ThreeWindowWeights.lean", "cpu_count": 2, "disk": [76887154688, 68198350848, 8672026624], "meminfo": ["MemTotal:        8128880 kB", "MemAvailable:    7145512 kB"], "memory.max": null, "memory.current": null, "cpu.max": null}
2026-09-10T19:15:51.1163480Z COMPILE {"source": "research/tasks/B699-Binomial/runs/20260909-low-index-structure-b41a5a63/lean/ThreeWindowWeights.lean", "seconds": 2.685, "exit_code": 0, "failure": null, "axiom_audit": {"declared_print_axioms": 7, "declared_names": ["B699LowIndex.prime_power_three_positions", "B699LowIndex.prime_power_three_window_dvd", "B699LowIndex.actual_avoiding_part_three_window_transfer", "B699LowIndex.actual_prime_part_three_window_transfer", "B699LowIndex.common_of_three_window_not_dvd", "B699LowIndex.noCommon_three_window_size", "B699LowIndex.common_of_three_window_comparison"], "guarded_print_axioms": 0, "guarded_names": [], "actual_printed": 7, "guard_msgs_in_source": 0, "printed": [{"declared_name": "B699LowIndex.prime_power_three_positions", "axioms": ["propext", "Classical.choice", "Quot.sound"]}, {"declared_name": "B699LowIndex.prime_power_three_window_dvd", "axioms": ["propext", "Classical.choice", "Quot.sound"]}, {"declared_name": "B699LowIndex.actual_avoiding_part_three_window_transfer", "axioms": ["propext", "Classical.choice", "Quot.sound"]}, {"declared_name": "B699LowIndex.actual_prime_part_three_window_transfer", "axioms": ["propext", "Classical.choice", "Quot.sound"]}, {"declared_name": "B699LowIndex.common_of_three_window_not_dvd", "axioms": ["propext", "Classical.choice", "Quot.sound"]}, {"declared_name": "B699LowIndex.noCommon_three_window_size", "axioms": ["propext", "Classical.choice", "Quot.sound"]}, {"declared_name": "B699LowIndex.common_of_three_window_comparison", "axioms": ["propext", "Classical.choice", "Quot.sound"]}], "unexpected_axioms": [], "guarded_output_inferred": false}}
2026-09-10T19:15:51.1255689Z RESOURCE {"source": "research/tasks/B699-Binomial/runs/20260909-low-index-structure-b41a5a63/lean/ThreeWindowSize.lean", "cpu_count": 2, "disk": [76887154688, 68199260160, 8671117312], "meminfo": ["MemTotal:        8128880 kB", "MemAvailable:    7145796 kB"], "memory.max": null, "memory.current": null, "cpu.max": null}
2026-09-10T19:15:53.2910486Z COMPILE {"source": "research/tasks/B699-Binomial/runs/20260909-low-index-structure-b41a5a63/lean/ThreeWindowSize.lean", "seconds": 2.16, "exit_code": 0, "failure": null, "axiom_audit": {"declared_print_axioms": 4, "declared_names": ["B699LowIndex.two_window_sum", "B699LowIndex.three_window_scaled_upper", "B699LowIndex.noCommon_scaled_prime_part", "B699LowIndex.common_of_scaled_prime_part"], "guarded_print_axioms": 0, "guarded_names": [], "actual_printed": 4, "guard_msgs_in_source": 0, "printed": [{"declared_name": "B699LowIndex.two_window_sum", "axioms": ["propext", "Classical.choice", "Quot.sound"]}, {"declared_name": "B699LowIndex.three_window_scaled_upper", "axioms": ["propext", "Classical.choice", "Quot.sound"]}, {"declared_name": "B699LowIndex.noCommon_scaled_prime_part", "axioms": ["propext", "Classical.choice", "Quot.sound"]}, {"declared_name": "B699LowIndex.common_of_scaled_prime_part", "axioms": ["propext", "Classical.choice", "Quot.sound"]}], "unexpected_axioms": [], "guarded_output_inferred": false}}
2026-09-10T19:15:53.3046994Z RESOURCE {"source": "research/tasks/B699-Binomial/runs/20260909-eees-chain-5a2e10/lean/PowerBounds.lean", "cpu_count": 2, "disk": [76887154688, 68199800832, 8670576640], "meminfo": ["MemTotal:        8128880 kB", "MemAvailable:    7149664 kB"], "memory.max": null, "memory.current": null, "cpu.max": null}
2026-09-10T19:15:54.8343940Z COMPILE {"source": "research/tasks/B699-Binomial/runs/20260909-eees-chain-5a2e10/lean/PowerBounds.lean", "seconds": 1.526, "exit_code": 0, "failure": null, "axiom_audit": {"declared_print_axioms": 0, "declared_names": [], "guarded_print_axioms": 0, "guarded_names": [], "actual_printed": 0, "guard_msgs_in_source": 0, "printed": [], "unexpected_axioms": [], "guarded_output_inferred": false}}
2026-09-10T19:15:54.8441427Z RESOURCE {"source": "research/tasks/B699-Binomial/runs/20260909-low-index-structure-b41a5a63/lean/HeightCertificate.lean", "cpu_count": 2, "disk": [76887154688, 68200177664, 8670199808], "meminfo": ["MemTotal:        8128880 kB", "MemAvailable:    7141220 kB"], "memory.max": null, "memory.current": null, "cpu.max": null}
2026-09-10T19:15:56.4007321Z COMPILE {"source": "research/tasks/B699-Binomial/runs/20260909-low-index-structure-b41a5a63/lean/HeightCertificate.lean", "seconds": 1.552, "exit_code": 0, "failure": null, "axiom_audit": {"declared_print_axioms": 3, "declared_names": ["B699LowIndex.noCommon_scaled_choose", "B699LowIndex.power_cross_mono", "B699LowIndex.common_of_height_certificate"], "guarded_print_axioms": 0, "guarded_names": [], "actual_printed": 3, "guard_msgs_in_source": 0, "printed": [{"declared_name": "B699LowIndex.noCommon_scaled_choose", "axioms": ["propext", "Classical.choice", "Quot.sound"]}, {"declared_name": "B699LowIndex.power_cross_mono", "axioms": ["propext"]}, {"declared_name": "B699LowIndex.common_of_height_certificate", "axioms": ["propext", "Classical.choice", "Quot.sound"]}], "unexpected_axioms": [], "guarded_output_inferred": false}}
2026-09-10T19:15:56.4110377Z RESOURCE {"source": "research/tasks/B699-Binomial/runs/20260909-low-index-structure-b41a5a63/lean/HeightCertificateData.lean", "cpu_count": 2, "disk": [76887154688, 68200435712, 8669941760], "meminfo": ["MemTotal:        8128880 kB", "MemAvailable:    7149504 kB"], "memory.max": null, "memory.current": null, "cpu.max": null}
2026-09-10T19:15:57.3565358Z COMPILE {"source": "research/tasks/B699-Binomial/runs/20260909-low-index-structure-b41a5a63/lean/HeightCertificateData.lean", "seconds": 0.939, "exit_code": 0, "failure": null, "axiom_audit": {"declared_print_axioms": 0, "declared_names": [], "guarded_print_axioms": 0, "guarded_names": [], "actual_printed": 0, "guard_msgs_in_source": 0, "printed": [], "unexpected_axioms": [], "guarded_output_inferred": false}}
2026-09-10T19:15:57.3662270Z RESOURCE {"source": "research/tasks/B699-Binomial/runs/20260909-low-index-structure-b41a5a63/lean/RegisteredHeights.lean", "cpu_count": 2, "disk": [76887154688, 68201103360, 8669274112], "meminfo": ["MemTotal:        8128880 kB", "MemAvailable:    7117032 kB"], "memory.max": null, "memory.current": null, "cpu.max": null}
2026-09-10T19:19:43.4832975Z COMPILE {"source": "research/tasks/B699-Binomial/runs/20260909-low-index-structure-b41a5a63/lean/RegisteredHeights.lean", "seconds": 226.106, "exit_code": 0, "failure": null, "axiom_audit": {"declared_print_axioms": 3, "declared_names": ["B699LowIndex.heightCertificateData_valid", "B699LowIndex.heightCertificateData_indices", "B699LowIndex.common_of_registered_height"], "guarded_print_axioms": 0, "guarded_names": [], "actual_printed": 3, "guard_msgs_in_source": 0, "printed": [{"declared_name": "B699LowIndex.heightCertificateData_valid", "axioms": ["propext", "Classical.choice", "Quot.sound"]}, {"declared_name": "B699LowIndex.heightCertificateData_indices", "axioms": []}, {"declared_name": "B699LowIndex.common_of_registered_height", "axioms": ["propext", "Classical.choice", "Quot.sound"]}], "unexpected_axioms": [], "guarded_output_inferred": false}}
2026-09-10T19:19:43.4926560Z RESOURCE {"source": "research/tasks/B699-Binomial/runs/20260909-low-index-structure-b41a5a63/lean/LargeSmallPowers.lean", "cpu_count": 2, "disk": [76887154688, 68201672704, 8668704768], "meminfo": ["MemTotal:        8128880 kB", "MemAvailable:    7175096 kB"], "memory.max": null, "memory.current": null, "cpu.max": null}
2026-09-10T19:19:45.0242876Z COMPILE {"source": "research/tasks/B699-Binomial/runs/20260909-low-index-structure-b41a5a63/lean/LargeSmallPowers.lean", "seconds": 1.527, "exit_code": 0, "failure": null, "axiom_audit": {"declared_print_axioms": 5, "declared_names": ["B699LowIndex.nat_prod_lt_pow_of_pointwise_lt", "B699LowIndex.scaled_prod_lt_of_all_but_one_small", "B699LowIndex.exists_two_large_factors_of_scaled_prod", "B699LowIndex.small_prime_part_eq_prod_small_primes", "B699LowIndex.exists_two_large_small_prime_powers"], "guarded_print_axioms": 0, "guarded_names": [], "actual_printed": 5, "guard_msgs_in_source": 0, "printed": [{"declared_name": "B699LowIndex.nat_prod_lt_pow_of_pointwise_lt", "axioms": ["propext", "Classical.choice", "Quot.sound"]}, {"declared_name": "B699LowIndex.scaled_prod_lt_of_all_but_one_small", "axioms": ["propext", "Classical.choice", "Quot.sound"]}, {"declared_name": "B699LowIndex.exists_two_large_factors_of_scaled_prod", "axioms": ["propext", "Classical.choice", "Quot.sound"]}, {"declared_name": "B699LowIndex.small_prime_part_eq_prod_small_primes", "axioms": ["propext", "Classical.choice", "Quot.sound"]}, {"declared_name": "B699LowIndex.exists_two_large_small_prime_powers", "axioms": ["propext", "Classical.choice", "Quot.sound"]}], "unexpected_axioms": [], "guarded_output_inferred": false}}
2026-09-10T19:19:45.0337909Z RESOURCE {"source": "research/tasks/B699-Binomial/runs/20260909-low-index-structure-b41a5a63/lean/CofactorCover.lean", "cpu_count": 2, "disk": [76887154688, 68201889792, 8668487680], "meminfo": ["MemTotal:        8128880 kB", "MemAvailable:    7103688 kB"], "memory.max": null, "memory.current": null, "cpu.max": null}
2026-09-10T19:19:47.3441541Z COMPILE {"source": "research/tasks/B699-Binomial/runs/20260909-low-index-structure-b41a5a63/lean/CofactorCover.lean", "seconds": 2.304, "exit_code": 0, "failure": null, "axiom_audit": {"declared_print_axioms": 4, "declared_names": ["B699LowIndex.pow_le_two_descFactorial", "B699LowIndex.noCommon_bernoulli_size", "B699LowIndex.noCommon_small_part_lower_of_certificate", "B699LowIndex.noCommon_two_large_small_prime_powers"], "guarded_print_axioms": 0, "guarded_names": [], "actual_printed": 4, "guard_msgs_in_source": 0, "printed": [{"declared_name": "B699LowIndex.pow_le_two_descFactorial", "axioms": ["propext", "Classical.choice", "Quot.sound"]}, {"declared_name": "B699LowIndex.noCommon_bernoulli_size", "axioms": ["propext", "Classical.choice", "Quot.sound"]}, {"declared_name": "B699LowIndex.noCommon_small_part_lower_of_certificate", "axioms": ["propext", "Classical.choice", "Quot.sound"]}, {"declared_name": "B699LowIndex.noCommon_two_large_small_prime_powers", "axioms": ["propext", "Classical.choice", "Quot.sound"]}], "unexpected_axioms": [], "guarded_output_inferred": false}}
2026-09-10T19:19:47.3541805Z RESOURCE {"source": "research/tasks/B686-Four/round8/lean/BigPrimeSupport.lean", "cpu_count": 2, "disk": [76887154688, 68202352640, 8668024832], "meminfo": ["MemTotal:        8128880 kB", "MemAvailable:    7116660 kB"], "memory.max": null, "memory.current": null, "cpu.max": null}
2026-09-10T19:19:48.9468059Z COMPILE {"source": "research/tasks/B686-Four/round8/lean/BigPrimeSupport.lean", "seconds": 1.588, "exit_code": 0, "failure": null, "axiom_audit": {"declared_print_axioms": 0, "declared_names": [], "guarded_print_axioms": 4, "guarded_names": ["large_prime_power_dvd_one_factor", "large_prime_power_divides_cross_difference", "common_prime_divides_cross_difference", "large_prime_hits_block_unique"], "actual_printed": 0, "guard_msgs_in_source": 4, "printed": [], "unexpected_axioms": [], "guarded_output_inferred": false}}
2026-09-10T19:19:48.9563785Z RESOURCE {"source": "research/tasks/B686-Four/formalization/UniformDistance/SmallPrime.lean", "cpu_count": 2, "disk": [76887154688, 68202606592, 8667770880], "meminfo": ["MemTotal:        8128880 kB", "MemAvailable:    7098248 kB"], "memory.max": null, "memory.current": null, "cpu.max": null}
2026-09-10T19:19:50.8101447Z COMPILE {"source": "research/tasks/B686-Four/formalization/UniformDistance/SmallPrime.lean", "seconds": 1.849, "exit_code": 0, "failure": null, "axiom_audit": {"declared_print_axioms": 0, "declared_names": [], "guarded_print_axioms": 2, "guarded_names": ["distance_product_eq_factorials", "small_prime_factorization_bound"], "actual_printed": 0, "guard_msgs_in_source": 2, "printed": [], "unexpected_axioms": [], "guarded_output_inferred": false}}
2026-09-10T19:19:50.8196693Z RESOURCE {"source": "research/tasks/B699-Binomial/runs/20260909-low-index-structure-b41a5a63/lean/SmallPrimeLocalization.lean", "cpu_count": 2, "disk": [76887154688, 68203220992, 8667156480], "meminfo": ["MemTotal:        8128880 kB", "MemAvailable:    7074748 kB"], "memory.max": null, "memory.current": null, "cpu.max": null}
2026-09-10T19:19:52.4504356Z COMPILE {"source": "research/tasks/B699-Binomial/runs/20260909-low-index-structure-b41a5a63/lean/SmallPrimeLocalization.lean", "seconds": 1.626, "exit_code": 0, "failure": null, "axiom_audit": {"declared_print_axioms": 3, "declared_names": ["B699LowIndex.binomial_factorization_add_index_le", "B699LowIndex.binomial_prime_power_localization", "B699LowIndex.binomial_prime_power_localization_of_le"], "guarded_print_axioms": 0, "guarded_names": [], "actual_printed": 3, "guard_msgs_in_source": 0, "printed": [{"declared_name": "B699LowIndex.binomial_factorization_add_index_le", "axioms": ["propext", "Classical.choice", "Quot.sound"]}, {"declared_name": "B699LowIndex.binomial_prime_power_localization", "axioms": ["propext", "Classical.choice", "Quot.sound"]}, {"declared_name": "B699LowIndex.binomial_prime_power_localization_of_le", "axioms": ["propext", "Classical.choice", "Quot.sound"]}], "unexpected_axioms": [], "guarded_output_inferred": false}}
2026-09-10T19:19:52.4596547Z RESOURCE {"source": "research/tasks/B699-Binomial/runs/20260909-low-index-structure-b41a5a63/lean/SmallPowerIntervals.lean", "cpu_count": 2, "disk": [76887154688, 68203618304, 8666759168], "meminfo": ["MemTotal:        8128880 kB", "MemAvailable:    7099384 kB"], "memory.max": null, "memory.current": null, "cpu.max": null}
2026-09-10T19:19:54.0229623Z COMPILE {"source": "research/tasks/B699-Binomial/runs/20260909-low-index-structure-b41a5a63/lean/SmallPowerIntervals.lean", "seconds": 1.558, "exit_code": 0, "failure": null, "axiom_audit": {"declared_print_axioms": 6, "declared_names": ["B699LowIndex.exists_small_cofactor_of_localized_power", "B699LowIndex.exists_small_cofactor_div_of_localized_power", "B699LowIndex.interval_power_le_of_representation", "B699LowIndex.interval_power_lt_upper_of_representation", "B699LowIndex.binomial_power_interval_of_large_power", "B699LowIndex.exists_two_small_prime_power_intervals"], "guarded_print_axioms": 0, "guarded_names": [], "actual_printed": 6, "guard_msgs_in_source": 0, "printed": [{"declared_name": "B699LowIndex.exists_small_cofactor_of_localized_power", "axioms": ["propext", "Classical.choice", "Quot.sound"]}, {"declared_name": "B699LowIndex.exists_small_cofactor_div_of_localized_power", "axioms": ["propext", "Classical.choice", "Quot.sound"]}, {"declared_name": "B699LowIndex.interval_power_le_of_representation", "axioms": ["propext", "Quot.sound"]}, {"declared_name": "B699LowIndex.interval_power_lt_upper_of_representation", "axioms": ["propext", "Quot.sound"]}, {"declared_name": "B699LowIndex.binomial_power_interval_of_large_power", "axioms": ["propext", "Classical.choice", "Quot.sound"]}, {"declared_name": "B699LowIndex.exists_two_small_prime_power_intervals", "axioms": ["propext", "Classical.choice", "Quot.sound"]}], "unexpected_axioms": [], "guarded_output_inferred": false}}
2026-09-10T19:19:54.0319644Z RESOURCE {"source": "research/tasks/B699-Binomial/runs/20260909-low-index-structure-b41a5a63/lean/PrimePowerEnumeration.lean", "cpu_count": 2, "disk": [76887154688, 68203872256, 8666505216], "meminfo": ["MemTotal:        8128880 kB", "MemAvailable:    7010496 kB"], "memory.max": null, "memory.current": null, "cpu.max": null}
2026-09-10T19:19:55.7234243Z COMPILE {"source": "research/tasks/B699-Binomial/runs/20260909-low-index-structure-b41a5a63/lean/PrimePowerEnumeration.lean", "seconds": 1.687, "exit_code": 0, "failure": null, "axiom_audit": {"declared_print_axioms": 3, "declared_names": ["B699LowIndex.power_interval_mem_of_bounds", "B699LowIndex.power_interval_list_complete", "B699LowIndex.exists_two_colours_in_power_interval_list"], "guarded_print_axioms": 0, "guarded_names": [], "actual_printed": 3, "guard_msgs_in_source": 0, "printed": [{"declared_name": "B699LowIndex.power_interval_mem_of_bounds", "axioms": ["propext", "Classical.choice", "Quot.sound"]}, {"declared_name": "B699LowIndex.power_interval_list_complete", "axioms": ["propext", "Classical.choice", "Quot.sound"]}, {"declared_name": "B699LowIndex.exists_two_colours_in_power_interval_list", "axioms": ["propext", "Classical.choice", "Quot.sound"]}], "unexpected_axioms": [], "guarded_output_inferred": false}}
2026-09-10T19:19:55.7327227Z RESOURCE {"source": "research/tasks/B699-Binomial/runs/20260909-low-index-structure-b41a5a63/lean/LargeDivisorWitness.lean", "cpu_count": 2, "disk": [76887154688, 68204294144, 8666083328], "meminfo": ["MemTotal:        8128880 kB", "MemAvailable:    7040788 kB"], "memory.max": null, "memory.current": null, "cpu.max": null}
2026-09-10T19:19:57.3478174Z COMPILE {"source": "research/tasks/B699-Binomial/runs/20260909-low-index-structure-b41a5a63/lean/LargeDivisorWitness.lean", "seconds": 1.61, "exit_code": 0, "failure": null, "axiom_audit": {"declared_print_axioms": 3, "declared_names": ["B699LowIndex.large_divisor_dvd_prime_part", "B699LowIndex.common_of_large_divisor", "B699LowIndex.goodSegmentCheck_sound"], "guarded_print_axioms": 0, "guarded_names": [], "actual_printed": 3, "guard_msgs_in_source": 0, "printed": [{"declared_name": "B699LowIndex.large_divisor_dvd_prime_part", "axioms": ["propext", "Classical.choice", "Quot.sound"]}, {"declared_name": "B699LowIndex.common_of_large_divisor", "axioms": ["propext", "Classical.choice", "Quot.sound"]}, {"declared_name": "B699LowIndex.goodSegmentCheck_sound", "axioms": ["propext", "Classical.choice", "Quot.sound"]}], "unexpected_axioms": [], "guarded_output_inferred": false}}
2026-09-10T19:19:57.3572811Z RESOURCE {"source": "research/tasks/B699-Binomial/runs/20260909-low-index-structure-b41a5a63/lean/IntervalCover.lean", "cpu_count": 2, "disk": [76887154688, 68204744704, 8665632768], "meminfo": ["MemTotal:        8128880 kB", "MemAvailable:    7071224 kB"], "memory.max": null, "memory.current": null, "cpu.max": null}
2026-09-10T19:19:58.5467460Z COMPILE {"source": "research/tasks/B699-Binomial/runs/20260909-low-index-structure-b41a5a63/lean/IntervalCover.lean", "seconds": 1.185, "exit_code": 0, "failure": null, "axiom_audit": {"declared_print_axioms": 2, "declared_names": ["B699LowIndex.coverCheck_sound", "B699LowIndex.pairCoverCheck_sound"], "guarded_print_axioms": 0, "guarded_names": [], "actual_printed": 2, "guard_msgs_in_source": 0, "printed": [{"declared_name": "B699LowIndex.coverCheck_sound", "axioms": ["propext", "Classical.choice", "Quot.sound"]}, {"declared_name": "B699LowIndex.pairCoverCheck_sound", "axioms": ["propext", "Classical.choice", "Quot.sound"]}], "unexpected_axioms": [], "guarded_output_inferred": false}}
2026-09-10T19:19:58.5574250Z RESOURCE {"source": "research/tasks/B699-Binomial/runs/20260909-low-index-structure-b41a5a63/lean/FiniteCover.lean", "cpu_count": 2, "disk": [76887154688, 68204994560, 8665382912], "meminfo": ["MemTotal:        8128880 kB", "MemAvailable:    7039256 kB"], "memory.max": null, "memory.current": null, "cpu.max": null}
2026-09-10T19:20:00.3447208Z COMPILE {"source": "research/tasks/B699-Binomial/runs/20260909-low-index-structure-b41a5a63/lean/FiniteCover.lean", "seconds": 1.782, "exit_code": 0, "failure": null, "axiom_audit": {"declared_print_axioms": 2, "declared_names": ["B699LowIndex.coverLayerCheck_sound", "B699LowIndex.common_of_finite_cover_row_checked"], "guarded_print_axioms": 0, "guarded_names": [], "actual_printed": 2, "guard_msgs_in_source": 0, "printed": [{"declared_name": "B699LowIndex.coverLayerCheck_sound", "axioms": ["propext", "Classical.choice", "Quot.sound"]}, {"declared_name": "B699LowIndex.common_of_finite_cover_row_checked", "axioms": ["propext", "Classical.choice", "Quot.sound"]}], "unexpected_axioms": [], "guarded_output_inferred": false}}
2026-09-10T19:20:00.3549326Z RESOURCE {"source": "research/tasks/B699-Binomial/runs/20260909-low-index-structure-b41a5a63/lean/TrialPrimeCheck.lean", "cpu_count": 2, "disk": [76887154688, 68205641728, 8664735744], "meminfo": ["MemTotal:        8128880 kB", "MemAvailable:    6979228 kB"], "memory.max": null, "memory.current": null, "cpu.max": null}
2026-09-10T19:20:01.3972583Z COMPILE {"source": "research/tasks/B699-Binomial/runs/20260909-low-index-structure-b41a5a63/lean/TrialPrimeCheck.lean", "seconds": 1.037, "exit_code": 0, "failure": null, "axiom_audit": {"declared_print_axioms": 1, "declared_names": ["B699LowIndex.trialPrimeCheck_sound"], "guarded_print_axioms": 0, "guarded_names": [], "actual_printed": 1, "guard_msgs_in_source": 0, "printed": [{"declared_name": "B699LowIndex.trialPrimeCheck_sound", "axioms": ["propext", "Classical.choice", "Quot.sound"]}], "unexpected_axioms": [], "guarded_output_inferred": false}}
2026-09-10T19:20:01.4038228Z RESOURCE {"source": "research/tasks/B699-Binomial/runs/20260911-low-index-lean-513dc7cc/lean/WitnessBridge.lean", "cpu_count": 2, "disk": [76887154688, 68205735936, 8664641536], "meminfo": ["MemTotal:        8128880 kB", "MemAvailable:    6943260 kB"], "memory.max": null, "memory.current": null, "cpu.max": null}
2026-09-10T19:20:02.6343150Z COMPILE {"source": "research/tasks/B699-Binomial/runs/20260911-low-index-lean-513dc7cc/lean/WitnessBridge.lean", "seconds": 1.227, "exit_code": 0, "failure": null, "axiom_audit": {"declared_print_axioms": 1, "declared_names": ["B699LowIndex.LowIndexLean513dc7cc.good_top_prime_checked"], "guarded_print_axioms": 0, "guarded_names": [], "actual_printed": 1, "guard_msgs_in_source": 0, "printed": [{"declared_name": "B699LowIndex.LowIndexLean513dc7cc.good_top_prime_checked", "axioms": ["propext", "Classical.choice", "Quot.sound"]}], "unexpected_axioms": [], "guarded_output_inferred": false}}
2026-09-10T19:20:02.6438339Z RESOURCE {"source": "research/tasks/B699-Binomial/runs/20260911-low-index-lean-513dc7cc/lean/LayerParts.lean", "cpu_count": 2, "disk": [76887154688, 68205768704, 8664608768], "meminfo": ["MemTotal:        8128880 kB", "MemAvailable:    7037980 kB"], "memory.max": null, "memory.current": null, "cpu.max": null}
2026-09-10T19:20:03.8923090Z COMPILE {"source": "research/tasks/B699-Binomial/runs/20260911-low-index-lean-513dc7cc/lean/LayerParts.lean", "seconds": 1.245, "exit_code": 0, "failure": null, "axiom_audit": {"declared_print_axioms": 1, "declared_names": ["B699LowIndex.LowIndexLean513dc7cc.coverLayerCheck_of_parts"], "guarded_print_axioms": 0, "guarded_names": [], "actual_printed": 1, "guard_msgs_in_source": 0, "printed": [{"declared_name": "B699LowIndex.LowIndexLean513dc7cc.coverLayerCheck_of_parts", "axioms": ["propext", "Classical.choice", "Quot.sound"]}], "unexpected_axioms": [], "guarded_output_inferred": false}}
2026-09-10T19:20:03.9018196Z RESOURCE {"source": "research/tasks/B699-Binomial/runs/20260911-low-index-lean-513dc7cc/lean/SharedEnvironment.lean", "cpu_count": 2, "disk": [76887154688, 68205797376, 8664580096], "meminfo": ["MemTotal:        8128880 kB", "MemAvailable:    6973732 kB"], "memory.max": null, "memory.current": null, "cpu.max": null}
2026-09-10T19:20:05.1115321Z COMPILE {"source": "research/tasks/B699-Binomial/runs/20260911-low-index-lean-513dc7cc/lean/SharedEnvironment.lean", "seconds": 1.205, "exit_code": 0, "failure": null, "axiom_audit": {"declared_print_axioms": 3, "declared_names": ["B699LowIndex.common_of_finite_cover_row_checked", "B699LowIndex.LowIndexLean513dc7cc.good_top_prime_checked", "B699LowIndex.LowIndexLean513dc7cc.coverLayerCheck_of_parts"], "guarded_print_axioms": 0, "guarded_names": [], "actual_printed": 3, "guard_msgs_in_source": 0, "printed": [{"declared_name": "B699LowIndex.common_of_finite_cover_row_checked", "axioms": ["propext", "Classical.choice", "Quot.sound"]}, {"declared_name": "B699LowIndex.LowIndexLean513dc7cc.good_top_prime_checked", "axioms": ["propext", "Classical.choice", "Quot.sound"]}, {"declared_name": "B699LowIndex.LowIndexLean513dc7cc.coverLayerCheck_of_parts", "axioms": ["propext", "Classical.choice", "Quot.sound"]}], "unexpected_axioms": [], "guarded_output_inferred": false}}
2026-09-10T19:20:05.1161453Z EVIDENCE research/tasks/B699-Binomial/runs/20260911-low-index-lean-513dc7cc/verification/20260910T191537427647Z/evidence.json
2026-09-10T19:20:05.1162893Z RESULT {"success": true, "exit_code": 0, "compiled_count": 25, "reused_count": 0, "failure": null}
2026-09-10T19:20:05.3108249Z B699_CACHE_EXPORT {"evidence": "research/tasks/B699-Binomial/runs/20260911-low-index-lean-513dc7cc/verification/20260910T191537427647Z/evidence.json", "archive_sha256": "e6f0fe44dca2473c4f3b47181dc11697d5ef2fabb46a11223e33a13938f23bb5", "archive_size": 3278623, "objects_and_logs": 71}
2026-09-10T19:20:05.3340000Z Node 20 is being deprecated. This workflow is running with Node 24 by default. If you need to temporarily use Node 20, you can set the ACTIONS_ALLOW_USE_UNSECURE_NODE_VERSION=true environment variable. For more information see: https://github.blog/changelog/2025-09-19-deprecation-of-node-20-on-github-actions-runners/
2026-09-10T19:20:05.3343099Z ##[group]Run actions/upload-artifact@ea165f8d65b6e75b540449e92b4886f43607fa02
2026-09-10T19:20:05.3343701Z with:
2026-09-10T19:20:05.3344007Z   name: b699-shared-acceptance
2026-09-10T19:20:05.3344514Z   path: .tools/20260911-low-index-lean-513dc7cc/export/shared.zip
2026-09-10T19:20:05.3347495Z   include-hidden-files: true
2026-09-10T19:20:05.3347912Z   if-no-files-found: error
2026-09-10T19:20:05.3348282Z   compression-level: 6
2026-09-10T19:20:05.3348632Z   overwrite: false
2026-09-10T19:20:05.3348937Z env:
2026-09-10T19:20:05.3349426Z   B699_RUN: research/tasks/B699-Binomial/runs/20260911-low-index-lean-513dc7cc
2026-09-10T19:20:05.3350147Z   B699_RAW: .tools/20260911-low-index-lean-513dc7cc
2026-09-10T19:20:05.3350622Z ##[endgroup]
2026-09-10T19:20:05.6897927Z (node:2729) [DEP0040] DeprecationWarning: The `punycode` module is deprecated. Please use a userland alternative instead.
2026-09-10T19:20:05.6899032Z (Use `node --trace-deprecation ...` to show where the warning was created)
2026-09-10T19:20:05.6990513Z With the provided path, there will be 1 file uploaded
2026-09-10T19:20:05.7000136Z Artifact name is valid!
2026-09-10T19:20:05.7004367Z Root directory input is valid!
2026-09-10T19:20:05.9898121Z Beginning upload of artifact content to blob storage
2026-09-10T19:20:06.1452603Z (node:2729) [DEP0169] DeprecationWarning: `url.parse()` behavior is not standardized and prone to errors that have security implications. Use the WHATWG URL API instead. CVEs are not issued for `url.parse()` vulnerabilities.
2026-09-10T19:20:06.5780243Z Uploaded bytes 3219403
2026-09-10T19:20:06.6246269Z Finished uploading artifact content to blob storage!
2026-09-10T19:20:06.6252705Z SHA256 digest of uploaded artifact zip is f6aa2be26c7d9f335e6bc073635057738aef1cb55a8c7988dc09cdf3511640f0
2026-09-10T19:20:06.6267731Z Finalizing artifact upload
2026-09-10T19:20:06.8921555Z Artifact b699-shared-acceptance.zip successfully finalized. Artifact ID 10169140098
2026-09-10T19:20:06.8923067Z Artifact b699-shared-acceptance has been successfully uploaded! Final size is 3219403 bytes. Artifact ID is 10169140098
2026-09-10T19:20:06.8924646Z Artifact download URL: https://github.com/HuanHuanHuanFFF/lean-math-lab/actions/runs/34519132194/artifacts/10169140098
2026-09-10T19:20:06.9025230Z ##[group]Run python3 "$B699_RUN/verification/runner/summarize_evidence.py"
2026-09-10T19:20:06.9025794Z [36;1mpython3 "$B699_RUN/verification/runner/summarize_evidence.py"[0m
2026-09-10T19:20:06.9070613Z shell: /usr/bin/bash -e {0}
2026-09-10T19:20:06.9070877Z env:
2026-09-10T19:20:06.9071221Z   B699_RUN: research/tasks/B699-Binomial/runs/20260911-low-index-lean-513dc7cc
2026-09-10T19:20:06.9071652Z   B699_RAW: .tools/20260911-low-index-lean-513dc7cc
2026-09-10T19:20:06.9071943Z ##[endgroup]
2026-09-10T19:20:06.9428376Z B699_EVIDENCE {"success": true, "exit_code": 0, "root_sources": ["research/tasks/B699-Binomial/runs/20260911-low-index-lean-513dc7cc/lean/SharedEnvironment.lean"], "manifest_sha256": "fdbefe6c9b737713c8b9c602643afa154f49dda4f48bfc4d2f64183fdea728a0", "toolchain": {"declared": "leanprover/lean4:v4.33.1", "observed": "Lean (version 4.33.1, x86_64-unknown-linux-gnu, commit 819816b2e0a3bf405af45ae5c7af2491d8f5bee6, Release)", "exit_code": 0}, "compiled_count": 24, "reused_count": 0, "failure": null, "evidence": "research/tasks/B699-Binomial/runs/20260911-low-index-lean-513dc7cc/verification/20260910T183230016817Z/evidence.json", "evidence_sha256": "56b0788a444f98d8c2b1cf203f8a064a4c5bbfa1210675ec67ddbdf0e138a9da", "pins": [{"name": "mathlib", "manifest_rev": "0df444a360eaa60ab8c11dca51a86af692955474", "observed_head": "0df444a360eaa60ab8c11dca51a86af692955474", "head_matches": true, "clean": true}, {"name": "plausible", "manifest_rev": "b7eb3304aeae834b12dda98993a37f6a41f6f0bb", "observed_head": "b7eb3304aeae834b12dda98993a37f6a41f6f0bb", "head_matches": true, "clean": true}, {"name": "LeanSearchClient", "manifest_rev": "5f4d51b81cbd3f6b32b156bfad9056621a040404", "observed_head": "5f4d51b81cbd3f6b32b156bfad9056621a040404", "head_matches": true, "clean": true}, {"name": "importGraph", "manifest_rev": "16f02aa7642864af59f1ff0e384a015994db9118", "observed_head": "16f02aa7642864af59f1ff0e384a015994db9118", "head_matches": true, "clean": true}, {"name": "proofwidgets", "manifest_rev": "4be2e3d5087eeb272cf5a8853b8f9dd025ef5957", "observed_head": "4be2e3d5087eeb272cf5a8853b8f9dd025ef5957", "head_matches": true, "clean": true}, {"name": "aesop", "manifest_rev": "3448c0bcc5ce01b2d1546e483ec3620e32df3d0e", "observed_head": "3448c0bcc5ce01b2d1546e483ec3620e32df3d0e", "head_matches": true, "clean": true}, {"name": "Qq", "manifest_rev": "92c15be17b7caf78c2ad767ec40f89052d908d81", "observed_head": "92c15be17b7caf78c2ad767ec40f89052d908d81", "head_matches": true, "clean": true}, {"name": "batteries", "manifest_rev": "4488d40d070b9700d4d5a6aa342f0d40c31b2a2d", "observed_head": "4488d40d070b9700d4d5a6aa342f0d40c31b2a2d", "head_matches": true, "clean": true}, {"name": "Cli", "manifest_rev": "6130a47896ce867c6a4a55373441e59e565bad0f", "observed_head": "6130a47896ce867c6a4a55373441e59e565bad0f", "head_matches": true, "clean": true}]}
2026-09-10T19:20:06.9448769Z B699_COMPILE {"source": "Math/B699/CofactorCriterion.lean", "source_sha256_before": "341180b428b6927e72bd7de10c0ca03b3f8d4eb4f778c1aa4a3aeea4f33b9d79", "source_sha256_after": "341180b428b6927e72bd7de10c0ca03b3f8d4eb4f778c1aa4a3aeea4f33b9d79", "output_sha256": "fabd97ac3a10c3da4b22c5279e6368e1489e22850e046a9d5626d5b35887125d", "seconds": 2.024, "exit_code": 0, "failure": null, "log": "research/tasks/B699-Binomial/runs/20260911-low-index-lean-513dc7cc/verification/20260910T183230016817Z/logs/compile-0001-Math_B699_CofactorCriterion.lean.log", "log_sha256": "dc0aeadd4b4d6c07e9345795a694674d83f42e9b30772ff877a819bdd2971754", "axiom_audit": {"declared_print_axioms": 0, "declared_names": [], "guarded_print_axioms": 0, "guarded_names": [], "actual_printed": 0, "guard_msgs_in_source": 0, "printed": [], "unexpected_axioms": [], "guarded_output_inferred": false}}
2026-09-10T19:20:06.9466018Z B699_COMPILE {"source": "research/tasks/B699-Binomial/runs/20260909-large-prime-structure-cb4764f0/lean/GapBridge.lean", "source_sha256_before": "0005d90a062359af36b95c0420440e4ff7c9b4187a6fc319884a286ae6209697", "source_sha256_after": "0005d90a062359af36b95c0420440e4ff7c9b4187a6fc319884a286ae6209697", "output_sha256": "b577c6c4bb96627e654decd78e138334a2b0366f121f0fed6c4e0c3ac66842a0", "seconds": 2.161, "exit_code": 0, "failure": null, "log": "research/tasks/B699-Binomial/runs/20260911-low-index-lean-513dc7cc/verification/20260910T183230016817Z/logs/compile-0002-research_tasks_B699-Binomial_runs_20260909-large-prime-structure-cb4764f0_lean_GapBridge.lean.log", "log_sha256": "72ce1e4a47c8b74fa03144334c4ac0313db337413a0bd507906f6dd27b3b4b58", "axiom_audit": {"declared_print_axioms": 6, "declared_names": ["B699LargePrimeStructure.common_of_mod_certificate", "B699LargePrimeStructure.gap_remainder_eq", "B699LargePrimeStructure.common_of_gap_power", "B699LargePrimeStructure.common_of_gap_prime", "B699LargePrimeStructure.common_of_top_prime", "B699LargePrimeStructure.common_small_index"], "guarded_print_axioms": 0, "guarded_names": [], "actual_printed": 6, "guard_msgs_in_source": 0, "printed": [{"declared_name": "B699LargePrimeStructure.common_of_mod_certificate", "axioms": ["propext", "Classical.choice", "Quot.sound"]}, {"declared_name": "B699LargePrimeStructure.gap_remainder_eq", "axioms": ["propext", "Quot.sound"]}, {"declared_name": "B699LargePrimeStructure.common_of_gap_power", "axioms": ["propext", "Classical.choice", "Quot.sound"]}, {"declared_name": "B699LargePrimeStructure.common_of_gap_prime", "axioms": ["propext", "Classical.choice", "Quot.sound"]}, {"declared_name": "B699LargePrimeStructure.common_of_top_prime", "axioms": ["propext", "Classical.choice", "Quot.sound"]}, {"declared_name": "B699LargePrimeStructure.common_small_index", "axioms": ["propext", "Classical.choice", "Quot.sound"]}], "unexpected_axioms": [], "guarded_output_inferred": false}}
2026-09-10T19:20:06.9487279Z B699_COMPILE {"source": "research/tasks/B699-Binomial/runs/20260908-external-reductions-b3c1b7/lean/DivisorTransfer.lean", "source_sha256_before": "0299face333237445eddd2c11acbf16c554d225028de7b509c8cfe603fc9996e", "source_sha256_after": "0299face333237445eddd2c11acbf16c554d225028de7b509c8cfe603fc9996e", "output_sha256": "59407e31a9b87dba994ce2cf9e9d01bad86bc34da6f5356caee0a6a3ca844388", "seconds": 1.186, "exit_code": 0, "failure": null, "log": "research/tasks/B699-Binomial/runs/20260911-low-index-lean-513dc7cc/verification/20260910T183230016817Z/logs/compile-0003-research_tasks_B699-Binomial_runs_20260908-external-reductions-b3c1b7_lean_DivisorTransfer.lean.log", "log_sha256": "83a3ea9d3a67cce7abdf5402d15bf9ad7245fe83579308a387e91cbce4d9abd8", "axiom_audit": {"declared_print_axioms": 4, "declared_names": ["divisor_transfer", "prime_part_dvd", "prime_part_coprime_of_no_common", "actual_prime_part_transfer"], "guarded_print_axioms": 0, "guarded_names": [], "actual_printed": 4, "guard_msgs_in_source": 0, "printed": [{"declared_name": "divisor_transfer", "axioms": ["propext", "Classical.choice", "Quot.sound"]}, {"declared_name": "prime_part_dvd", "axioms": ["propext", "Classical.choice", "Quot.sound"]}, {"declared_name": "prime_part_coprime_of_no_common", "axioms": ["propext", "Classical.choice", "Quot.sound"]}, {"declared_name": "actual_prime_part_transfer", "axioms": ["propext", "Classical.choice", "Quot.sound"]}], "unexpected_axioms": [], "guarded_output_inferred": false}}
2026-09-10T19:20:06.9509236Z B699_COMPILE {"source": "research/tasks/B699-Binomial/runs/20260909-large-prime-structure-cb4764f0/lean/PrimePowerTransfer.lean", "source_sha256_before": "3b0529e66f438bbd6d8c19f08f4a5b5ad132d2cd86e09e8bd1a1601fc49eecf4", "source_sha256_after": "3b0529e66f438bbd6d8c19f08f4a5b5ad132d2cd86e09e8bd1a1601fc49eecf4", "output_sha256": "ba9be75f7662cb5112816e68013530a77c24840ea1d7c0a7022c473351ccb182", "seconds": 2.351, "exit_code": 0, "failure": null, "log": "research/tasks/B699-Binomial/runs/20260911-low-index-lean-513dc7cc/verification/20260910T183230016817Z/logs/compile-0004-research_tasks_B699-Binomial_runs_20260909-large-prime-structure-cb4764f0_lean_PrimePowerTransfer.lean.log", "log_sha256": "019de0a5ccb42f5a3a5f92754c7d320a116361940b87bf873d8db9c5ceb33804", "axiom_audit": {"declared_print_axioms": 6, "declared_names": ["B699LargePrimeStructure.prime_power_numerator_mod_lt", "B699LargePrimeStructure.prime_power_gap_dvd", "B699LargePrimeStructure.actual_avoiding_part_gap_transfer", "B699LargePrimeStructure.avoidingPart_eq_primePart_of_noCommon", "B699LargePrimeStructure.actual_prime_part_gap_transfer", "B699LargePrimeStructure.common_of_gap_product_not_dvd"], "guarded_print_axioms": 0, "guarded_names": [], "actual_printed": 6, "guard_msgs_in_source": 0, "printed": [{"declared_name": "B699LargePrimeStructure.prime_power_numerator_mod_lt", "axioms": ["propext", "Classical.choice", "Quot.sound"]}, {"declared_name": "B699LargePrimeStructure.prime_power_gap_dvd", "axioms": ["propext", "Classical.choice", "Quot.sound"]}, {"declared_name": "B699LargePrimeStructure.actual_avoiding_part_gap_transfer", "axioms": ["propext", "Classical.choice", "Quot.sound"]}, {"declared_name": "B699LargePrimeStructure.avoidingPart_eq_primePart_of_noCommon", "axioms": ["propext", "Classical.choice", "Quot.sound"]}, {"declared_name": "B699LargePrimeStructure.actual_prime_part_gap_transfer", "axioms": ["propext", "Classical.choice", "Quot.sound"]}, {"declared_name": "B699LargePrimeStructure.common_of_gap_product_not_dvd", "axioms": ["propext", "Classical.choice", "Quot.sound"]}], "unexpected_axioms": [], "guarded_output_inferred": false}}
2026-09-10T19:20:06.9529231Z B699_COMPILE {"source": "research/tasks/B699-Binomial/runs/20260909-large-prime-structure-cb4764f0/lean/SmallPartBound.lean", "source_sha256_before": "b49f7d6f9a83e534e546b65bb73e3a6d5afb60f77d7679366ff575d6615cbbb7", "source_sha256_after": "b49f7d6f9a83e534e546b65bb73e3a6d5afb60f77d7679366ff575d6615cbbb7", "output_sha256": "d0fb014b44d1ff863fe2a2c49b311a6bc3e06a4e079349acc2edf051a9b340ad", "seconds": 1.327, "exit_code": 0, "failure": null, "log": "research/tasks/B699-Binomial/runs/20260911-low-index-lean-513dc7cc/verification/20260910T183230016817Z/logs/compile-0005-research_tasks_B699-Binomial_runs_20260909-large-prime-structure-cb4764f0_lean_SmallPartBound.lean.log", "log_sha256": "e02fdd92f6a868ac1b4011becec787e8dc95e2b21b4220558bd0c8c1efc6cd67", "axiom_audit": {"declared_print_axioms": 4, "declared_names": ["B699LargePrimeStructure.smallPrimePart_mul_primePart", "B699LargePrimeStructure.smallPrimePart_le_pow_smallPrimeCount", "B699LargePrimeStructure.noCommon_choose_le_smallPrime_gap_bound", "B699LargePrimeStructure.common_of_elementary_gap_comparison"], "guarded_print_axioms": 0, "guarded_names": [], "actual_printed": 4, "guard_msgs_in_source": 0, "printed": [{"declared_name": "B699LargePrimeStructure.smallPrimePart_mul_primePart", "axioms": ["propext", "Classical.choice", "Quot.sound"]}, {"declared_name": "B699LargePrimeStructure.smallPrimePart_le_pow_smallPrimeCount", "axioms": ["propext", "Classical.choice", "Quot.sound"]}, {"declared_name": "B699LargePrimeStructure.noCommon_choose_le_smallPrime_gap_bound", "axioms": ["propext", "Classical.choice", "Quot.sound"]}, {"declared_name": "B699LargePrimeStructure.common_of_elementary_gap_comparison", "axioms": ["propext", "Classical.choice", "Quot.sound"]}], "unexpected_axioms": [], "guarded_output_inferred": false}}
2026-09-10T19:20:06.9542592Z B699_COMPILE {"source": "research/tasks/B699-Binomial/runs/20260909-low-index-structure-b41a5a63/lean/ThreeWindowWeights.lean", "source_sha256_before": "17ee0024b94bcb5e1ba0b05f5a0a4229dd8a0e5816c3a83385ba8c45eced6c99", "source_sha256_after": "17ee0024b94bcb5e1ba0b05f5a0a4229dd8a0e5816c3a83385ba8c45eced6c99", "output_sha256": "827fd965c7ef8f4bf8ef43076104d4a22498da98fdf1792c0f42983160f6f9c8", "seconds": 2.598, "exit_code": 0, "failure": null, "log": "research/tasks/B699-Binomial/runs/20260911-low-index-lean-513dc7cc/verification/20260910T183230016817Z/logs/compile-0006-research_tasks_B699-Binomial_runs_20260909-low-index-structure-b41a5a63_lean_ThreeWindowWeights.lean.log", "log_sha256": "05c38b06277e49ffebd786653154cefa3d949ee232543de00119aa43919d587c", "axiom_audit": {"declared_print_axioms": 7, "declared_names": ["B699LowIndex.prime_power_three_positions", "B699LowIndex.prime_power_three_window_dvd", "B699LowIndex.actual_avoiding_part_three_window_transfer", "B699LowIndex.actual_prime_part_three_window_transfer", "B699LowIndex.common_of_three_window_not_dvd", "B699LowIndex.noCommon_three_window_size", "B699LowIndex.common_of_three_window_comparison"], "guarded_print_axioms": 0, "guarded_names": [], "actual_printed": 7, "guard_msgs_in_source": 0, "printed": [{"declared_name": "B699LowIndex.prime_power_three_positions", "axioms": ["propext", "Classical.choice", "Quot.sound"]}, {"declared_name": "B699LowIndex.prime_power_three_window_dvd", "axioms": ["propext", "Classical.choice", "Quot.sound"]}, {"declared_name": "B699LowIndex.actual_avoiding_part_three_window_transfer", "axioms": ["propext", "Classical.choice", "Quot.sound"]}, {"declared_name": "B699LowIndex.actual_prime_part_three_window_transfer", "axioms": ["propext", "Classical.choice", "Quot.sound"]}, {"declared_name": "B699LowIndex.common_of_three_window_not_dvd", "axioms": ["propext", "Classical.choice", "Quot.sound"]}, {"declared_name": "B699LowIndex.noCommon_three_window_size", "axioms": ["propext", "Classical.choice", "Quot.sound"]}, {"declared_name": "B699LowIndex.common_of_three_window_comparison", "axioms": ["propext", "Classical.choice", "Quot.sound"]}], "unexpected_axioms": [], "guarded_output_inferred": false}}
2026-09-10T19:20:06.9554966Z B699_COMPILE {"source": "research/tasks/B699-Binomial/runs/20260909-low-index-structure-b41a5a63/lean/ThreeWindowSize.lean", "source_sha256_before": "4da6cb312eca31e38fb39bc88ff3bbce771ef0a5bb9c9278d925e36d4002c047", "source_sha256_after": "4da6cb312eca31e38fb39bc88ff3bbce771ef0a5bb9c9278d925e36d4002c047", "output_sha256": "aa70e7edfa72cdf13e4e600ce23fedaef0be8c52e1f8b54d03e081f0956a4175", "seconds": 2.11, "exit_code": 0, "failure": null, "log": "research/tasks/B699-Binomial/runs/20260911-low-index-lean-513dc7cc/verification/20260910T183230016817Z/logs/compile-0007-research_tasks_B699-Binomial_runs_20260909-low-index-structure-b41a5a63_lean_ThreeWindowSize.lean.log", "log_sha256": "a055fbcc903ef958edef7ba788d6d08f4633b284d6a698d6c93d4cbef8d9cf3a", "axiom_audit": {"declared_print_axioms": 4, "declared_names": ["B699LowIndex.two_window_sum", "B699LowIndex.three_window_scaled_upper", "B699LowIndex.noCommon_scaled_prime_part", "B699LowIndex.common_of_scaled_prime_part"], "guarded_print_axioms": 0, "guarded_names": [], "actual_printed": 4, "guard_msgs_in_source": 0, "printed": [{"declared_name": "B699LowIndex.two_window_sum", "axioms": ["propext", "Classical.choice", "Quot.sound"]}, {"declared_name": "B699LowIndex.three_window_scaled_upper", "axioms": ["propext", "Classical.choice", "Quot.sound"]}, {"declared_name": "B699LowIndex.noCommon_scaled_prime_part", "axioms": ["propext", "Classical.choice", "Quot.sound"]}, {"declared_name": "B699LowIndex.common_of_scaled_prime_part", "axioms": ["propext", "Classical.choice", "Quot.sound"]}], "unexpected_axioms": [], "guarded_output_inferred": false}}
2026-09-10T19:20:06.9563495Z B699_COMPILE {"source": "research/tasks/B699-Binomial/runs/20260909-eees-chain-5a2e10/lean/PowerBounds.lean", "source_sha256_before": "3022f40997b3b9302343b99a8fa91a984228af348eb7b02f69fbd198016fee9a", "source_sha256_after": "3022f40997b3b9302343b99a8fa91a984228af348eb7b02f69fbd198016fee9a", "output_sha256": "c0f95334b064d0dbc044c7c3c2e1505f96dd11657cd0412ac8ce2e59ca5560be", "seconds": 1.465, "exit_code": 0, "failure": null, "log": "research/tasks/B699-Binomial/runs/20260911-low-index-lean-513dc7cc/verification/20260910T183230016817Z/logs/compile-0008-research_tasks_B699-Binomial_runs_20260909-eees-chain-5a2e10_lean_PowerBounds.lean.log", "log_sha256": "2cddc1af5565bfba9ec3d5ce25684bcec1716aba028f3d8920687ef0582d03ac", "axiom_audit": {"declared_print_axioms": 0, "declared_names": [], "guarded_print_axioms": 0, "guarded_names": [], "actual_printed": 0, "guard_msgs_in_source": 0, "printed": [], "unexpected_axioms": [], "guarded_output_inferred": false}}
2026-09-10T19:20:06.9571316Z B699_COMPILE {"source": "research/tasks/B699-Binomial/runs/20260909-low-index-structure-b41a5a63/lean/HeightCertificate.lean", "source_sha256_before": "256a2e13903b7b2b42e5bea2b32c20e2c5df1af4019b9f05931b117ae462bc4d", "source_sha256_after": "256a2e13903b7b2b42e5bea2b32c20e2c5df1af4019b9f05931b117ae462bc4d", "output_sha256": "304419a052b3874278c128a9d2b948af0e9144a84d055511f4324c90f2c13211", "seconds": 1.471, "exit_code": 0, "failure": null, "log": "research/tasks/B699-Binomial/runs/20260911-low-index-lean-513dc7cc/verification/20260910T183230016817Z/logs/compile-0009-research_tasks_B699-Binomial_runs_20260909-low-index-structure-b41a5a63_lean_HeightCertificate.lean.log", "log_sha256": "782e13748934f600681e70675c48509c75cb220ac77f74203cd6d8fff86e7468", "axiom_audit": {"declared_print_axioms": 3, "declared_names": ["B699LowIndex.noCommon_scaled_choose", "B699LowIndex.power_cross_mono", "B699LowIndex.common_of_height_certificate"], "guarded_print_axioms": 0, "guarded_names": [], "actual_printed": 3, "guard_msgs_in_source": 0, "printed": [{"declared_name": "B699LowIndex.noCommon_scaled_choose", "axioms": ["propext", "Classical.choice", "Quot.sound"]}, {"declared_name": "B699LowIndex.power_cross_mono", "axioms": ["propext"]}, {"declared_name": "B699LowIndex.common_of_height_certificate", "axioms": ["propext", "Classical.choice", "Quot.sound"]}], "unexpected_axioms": [], "guarded_output_inferred": false}}
2026-09-10T19:20:06.9579418Z B699_COMPILE {"source": "research/tasks/B699-Binomial/runs/20260909-low-index-structure-b41a5a63/lean/HeightCertificateData.lean", "source_sha256_before": "4028f101e9d3e21bb9a3abbcba49dab686260df2e1f303b253503be6f1dcf27a", "source_sha256_after": "4028f101e9d3e21bb9a3abbcba49dab686260df2e1f303b253503be6f1dcf27a", "output_sha256": "3c09335314be516bf22f4c6f17bed1d44e5797ba159d64d103909997e41c0ed4", "seconds": 0.902, "exit_code": 0, "failure": null, "log": "research/tasks/B699-Binomial/runs/20260911-low-index-lean-513dc7cc/verification/20260910T183230016817Z/logs/compile-0010-research_tasks_B699-Binomial_runs_20260909-low-index-structure-b41a5a63_lean_HeightCertificateData.lean.log", "log_sha256": "7c4a3faecfdb2e4921f51ce8bfee0852de216d810cd3a8fc49fd715640016bd5", "axiom_audit": {"declared_print_axioms": 0, "declared_names": [], "guarded_print_axioms": 0, "guarded_names": [], "actual_printed": 0, "guard_msgs_in_source": 0, "printed": [], "unexpected_axioms": [], "guarded_output_inferred": false}}
2026-09-10T19:20:06.9587445Z B699_COMPILE {"source": "research/tasks/B699-Binomial/runs/20260909-low-index-structure-b41a5a63/lean/RegisteredHeights.lean", "source_sha256_before": "9c1c887fa9c6b385ebf356fda79802701068d65111de29aedf82042bbe0f698c", "source_sha256_after": "9c1c887fa9c6b385ebf356fda79802701068d65111de29aedf82042bbe0f698c", "output_sha256": "1b9e45dcde24ecf66f972449e0231fc9cb519e2ccd815de8586d7e4c4bfdfa7e", "seconds": 220.796, "exit_code": 0, "failure": null, "log": "research/tasks/B699-Binomial/runs/20260911-low-index-lean-513dc7cc/verification/20260910T183230016817Z/logs/compile-0011-research_tasks_B699-Binomial_runs_20260909-low-index-structure-b41a5a63_lean_RegisteredHeights.lean.log", "log_sha256": "7478d895f29631f74dad974dcad7e57f3551fd727eb57b915e8c0e1152b4b3e6", "axiom_audit": {"declared_print_axioms": 3, "declared_names": ["B699LowIndex.heightCertificateData_valid", "B699LowIndex.heightCertificateData_indices", "B699LowIndex.common_of_registered_height"], "guarded_print_axioms": 0, "guarded_names": [], "actual_printed": 3, "guard_msgs_in_source": 0, "printed": [{"declared_name": "B699LowIndex.heightCertificateData_valid", "axioms": ["propext", "Classical.choice", "Quot.sound"]}, {"declared_name": "B699LowIndex.heightCertificateData_indices", "axioms": []}, {"declared_name": "B699LowIndex.common_of_registered_height", "axioms": ["propext", "Classical.choice", "Quot.sound"]}], "unexpected_axioms": [], "guarded_output_inferred": false}}
2026-09-10T19:20:06.9598384Z B699_COMPILE {"source": "research/tasks/B699-Binomial/runs/20260909-low-index-structure-b41a5a63/lean/LargeSmallPowers.lean", "source_sha256_before": "2ed55e4a8be53589ed8fc82d89cc877c8281a291b34c4c35bfd88e94badf7aa2", "source_sha256_after": "2ed55e4a8be53589ed8fc82d89cc877c8281a291b34c4c35bfd88e94badf7aa2", "output_sha256": "119d4bed88d1238d2b2b1c9c1505dfafd422673295301a65cf2cab6bafc84799", "seconds": 1.457, "exit_code": 0, "failure": null, "log": "research/tasks/B699-Binomial/runs/20260911-low-index-lean-513dc7cc/verification/20260910T183230016817Z/logs/compile-0012-research_tasks_B699-Binomial_runs_20260909-low-index-structure-b41a5a63_lean_LargeSmallPowers.lean.log", "log_sha256": "970bc92341fc1dcf07bf91dd891de00a108608a80a1f6ae25ba36e7a9964157e", "axiom_audit": {"declared_print_axioms": 5, "declared_names": ["B699LowIndex.nat_prod_lt_pow_of_pointwise_lt", "B699LowIndex.scaled_prod_lt_of_all_but_one_small", "B699LowIndex.exists_two_large_factors_of_scaled_prod", "B699LowIndex.small_prime_part_eq_prod_small_primes", "B699LowIndex.exists_two_large_small_prime_powers"], "guarded_print_axioms": 0, "guarded_names": [], "actual_printed": 5, "guard_msgs_in_source": 0, "printed": [{"declared_name": "B699LowIndex.nat_prod_lt_pow_of_pointwise_lt", "axioms": ["propext", "Classical.choice", "Quot.sound"]}, {"declared_name": "B699LowIndex.scaled_prod_lt_of_all_but_one_small", "axioms": ["propext", "Classical.choice", "Quot.sound"]}, {"declared_name": "B699LowIndex.exists_two_large_factors_of_scaled_prod", "axioms": ["propext", "Classical.choice", "Quot.sound"]}, {"declared_name": "B699LowIndex.small_prime_part_eq_prod_small_primes", "axioms": ["propext", "Classical.choice", "Quot.sound"]}, {"declared_name": "B699LowIndex.exists_two_large_small_prime_powers", "axioms": ["propext", "Classical.choice", "Quot.sound"]}], "unexpected_axioms": [], "guarded_output_inferred": false}}
2026-09-10T19:20:06.9609868Z B699_COMPILE {"source": "research/tasks/B699-Binomial/runs/20260909-low-index-structure-b41a5a63/lean/CofactorCover.lean", "source_sha256_before": "2805041e81314db94f7c7d7837f651a2d64b1c41bf231ca628514d2c18d101c3", "source_sha256_after": "2805041e81314db94f7c7d7837f651a2d64b1c41bf231ca628514d2c18d101c3", "output_sha256": "e813b1440c3c6821c7a030c4f7dcd05a10432827ff37693fe6bb99b2e3868d70", "seconds": 2.374, "exit_code": 0, "failure": null, "log": "research/tasks/B699-Binomial/runs/20260911-low-index-lean-513dc7cc/verification/20260910T183230016817Z/logs/compile-0013-research_tasks_B699-Binomial_runs_20260909-low-index-structure-b41a5a63_lean_CofactorCover.lean.log", "log_sha256": "45596d06935b4128b86435ac9735f347f2402b15a3f791aabad4a91aed8f6909", "axiom_audit": {"declared_print_axioms": 4, "declared_names": ["B699LowIndex.pow_le_two_descFactorial", "B699LowIndex.noCommon_bernoulli_size", "B699LowIndex.noCommon_small_part_lower_of_certificate", "B699LowIndex.noCommon_two_large_small_prime_powers"], "guarded_print_axioms": 0, "guarded_names": [], "actual_printed": 4, "guard_msgs_in_source": 0, "printed": [{"declared_name": "B699LowIndex.pow_le_two_descFactorial", "axioms": ["propext", "Classical.choice", "Quot.sound"]}, {"declared_name": "B699LowIndex.noCommon_bernoulli_size", "axioms": ["propext", "Classical.choice", "Quot.sound"]}, {"declared_name": "B699LowIndex.noCommon_small_part_lower_of_certificate", "axioms": ["propext", "Classical.choice", "Quot.sound"]}, {"declared_name": "B699LowIndex.noCommon_two_large_small_prime_powers", "axioms": ["propext", "Classical.choice", "Quot.sound"]}], "unexpected_axioms": [], "guarded_output_inferred": false}}
2026-09-10T19:20:06.9618891Z B699_COMPILE {"source": "research/tasks/B686-Four/round8/lean/BigPrimeSupport.lean", "source_sha256_before": "cd3b1e0fd5282723597acaa2d5f3290917d9756a9e2c1d682668ac77a6b98d2e", "source_sha256_after": "cd3b1e0fd5282723597acaa2d5f3290917d9756a9e2c1d682668ac77a6b98d2e", "output_sha256": "de9bd7dcc776329d2d3bb97c96f9b55e7e1e1a8b4ae50b189e6585c9d835d3e1", "seconds": 1.551, "exit_code": 0, "failure": null, "log": "research/tasks/B699-Binomial/runs/20260911-low-index-lean-513dc7cc/verification/20260910T183230016817Z/logs/compile-0014-research_tasks_B686-Four_round8_lean_BigPrimeSupport.lean.log", "log_sha256": "201e25f83828a1a44c6a524551cdf8c09adcd95d386fd6f78ea4d1601556d3c7", "axiom_audit": {"declared_print_axioms": 0, "declared_names": [], "guarded_print_axioms": 4, "guarded_names": ["large_prime_power_dvd_one_factor", "large_prime_power_divides_cross_difference", "common_prime_divides_cross_difference", "large_prime_hits_block_unique"], "actual_printed": 0, "guard_msgs_in_source": 4, "printed": [], "unexpected_axioms": [], "guarded_output_inferred": false}}
2026-09-10T19:20:06.9625541Z B699_COMPILE {"source": "research/tasks/B686-Four/formalization/UniformDistance/SmallPrime.lean", "source_sha256_before": "3d9140131479b10d35ccd87884381e225331b2b77c5c80ae211ab9fe19273a6f", "source_sha256_after": "3d9140131479b10d35ccd87884381e225331b2b77c5c80ae211ab9fe19273a6f", "output_sha256": "e000153c88f0f996ce79c4ed2a13b9d662c753d65e1ad4545de5002b2a62dcf4", "seconds": 1.79, "exit_code": 0, "failure": null, "log": "research/tasks/B699-Binomial/runs/20260911-low-index-lean-513dc7cc/verification/20260910T183230016817Z/logs/compile-0015-research_tasks_B686-Four_formalization_UniformDistance_SmallPrime.lean.log", "log_sha256": "2015e3c7a47a70446d30743013391747f79250b1df939f16829337518330fac6", "axiom_audit": {"declared_print_axioms": 0, "declared_names": [], "guarded_print_axioms": 2, "guarded_names": ["distance_product_eq_factorials", "small_prime_factorization_bound"], "actual_printed": 0, "guard_msgs_in_source": 2, "printed": [], "unexpected_axioms": [], "guarded_output_inferred": false}}
2026-09-10T19:20:06.9633915Z B699_COMPILE {"source": "research/tasks/B699-Binomial/runs/20260909-low-index-structure-b41a5a63/lean/SmallPrimeLocalization.lean", "source_sha256_before": "663b2129a3b18e1ad8003be7cfef6792caf8375e986284b228f098921a8b6477", "source_sha256_after": "663b2129a3b18e1ad8003be7cfef6792caf8375e986284b228f098921a8b6477", "output_sha256": "e06ac7377b66e06936845202422a9dab1384fd307b072e6e10de964d83a7a9bb", "seconds": 1.551, "exit_code": 0, "failure": null, "log": "research/tasks/B699-Binomial/runs/20260911-low-index-lean-513dc7cc/verification/20260910T183230016817Z/logs/compile-0016-research_tasks_B699-Binomial_runs_20260909-low-index-structure-b41a5a63_lean_SmallPrimeLocalization.lean.log", "log_sha256": "3742071c5cc107713fefced4f60818b25e785acacb86ee1253155c5f6907a402", "axiom_audit": {"declared_print_axioms": 3, "declared_names": ["B699LowIndex.binomial_factorization_add_index_le", "B699LowIndex.binomial_prime_power_localization", "B699LowIndex.binomial_prime_power_localization_of_le"], "guarded_print_axioms": 0, "guarded_names": [], "actual_printed": 3, "guard_msgs_in_source": 0, "printed": [{"declared_name": "B699LowIndex.binomial_factorization_add_index_le", "axioms": ["propext", "Classical.choice", "Quot.sound"]}, {"declared_name": "B699LowIndex.binomial_prime_power_localization", "axioms": ["propext", "Classical.choice", "Quot.sound"]}, {"declared_name": "B699LowIndex.binomial_prime_power_localization_of_le", "axioms": ["propext", "Classical.choice", "Quot.sound"]}], "unexpected_axioms": [], "guarded_output_inferred": false}}
2026-09-10T19:20:06.9645777Z B699_COMPILE {"source": "research/tasks/B699-Binomial/runs/20260909-low-index-structure-b41a5a63/lean/SmallPowerIntervals.lean", "source_sha256_before": "4ee5805b0a37e4ce4b370b6f91895312b75917170943a6970799d4fb4f011d02", "source_sha256_after": "4ee5805b0a37e4ce4b370b6f91895312b75917170943a6970799d4fb4f011d02", "output_sha256": "f723f2aeb8e37b2959144f7c76aa987b66323fe2add447d2971cac2d21546921", "seconds": 1.483, "exit_code": 0, "failure": null, "log": "research/tasks/B699-Binomial/runs/20260911-low-index-lean-513dc7cc/verification/20260910T183230016817Z/logs/compile-0017-research_tasks_B699-Binomial_runs_20260909-low-index-structure-b41a5a63_lean_SmallPowerIntervals.lean.log", "log_sha256": "3767ee8df5c3e172de8090549129bc315604019b712ea8ee97938bd071b5dbbc", "axiom_audit": {"declared_print_axioms": 6, "declared_names": ["B699LowIndex.exists_small_cofactor_of_localized_power", "B699LowIndex.exists_small_cofactor_div_of_localized_power", "B699LowIndex.interval_power_le_of_representation", "B699LowIndex.interval_power_lt_upper_of_representation", "B699LowIndex.binomial_power_interval_of_large_power", "B699LowIndex.exists_two_small_prime_power_intervals"], "guarded_print_axioms": 0, "guarded_names": [], "actual_printed": 6, "guard_msgs_in_source": 0, "printed": [{"declared_name": "B699LowIndex.exists_small_cofactor_of_localized_power", "axioms": ["propext", "Classical.choice", "Quot.sound"]}, {"declared_name": "B699LowIndex.exists_small_cofactor_div_of_localized_power", "axioms": ["propext", "Classical.choice", "Quot.sound"]}, {"declared_name": "B699LowIndex.interval_power_le_of_representation", "axioms": ["propext", "Quot.sound"]}, {"declared_name": "B699LowIndex.interval_power_lt_upper_of_representation", "axioms": ["propext", "Quot.sound"]}, {"declared_name": "B699LowIndex.binomial_power_interval_of_large_power", "axioms": ["propext", "Classical.choice", "Quot.sound"]}, {"declared_name": "B699LowIndex.exists_two_small_prime_power_intervals", "axioms": ["propext", "Classical.choice", "Quot.sound"]}], "unexpected_axioms": [], "guarded_output_inferred": false}}
2026-09-10T19:20:06.9657410Z B699_COMPILE {"source": "research/tasks/B699-Binomial/runs/20260909-low-index-structure-b41a5a63/lean/PrimePowerEnumeration.lean", "source_sha256_before": "00888c3d00cfdb722a48a9ef5b257e172dde26f5cdab9a241025078e0923da6e", "source_sha256_after": "00888c3d00cfdb722a48a9ef5b257e172dde26f5cdab9a241025078e0923da6e", "output_sha256": "5ec288cbf80db9d5a9d1819cae8671cf161e01966dab8d00f3d222d3aff49ef0", "seconds": 1.609, "exit_code": 0, "failure": null, "log": "research/tasks/B699-Binomial/runs/20260911-low-index-lean-513dc7cc/verification/20260910T183230016817Z/logs/compile-0018-research_tasks_B699-Binomial_runs_20260909-low-index-structure-b41a5a63_lean_PrimePowerEnumeration.lean.log", "log_sha256": "68138a42496d4a01d5795f38d4cdceed632c51552e83d4f719b57588db790e83", "axiom_audit": {"declared_print_axioms": 3, "declared_names": ["B699LowIndex.power_interval_mem_of_bounds", "B699LowIndex.power_interval_list_complete", "B699LowIndex.exists_two_colours_in_power_interval_list"], "guarded_print_axioms": 0, "guarded_names": [], "actual_printed": 3, "guard_msgs_in_source": 0, "printed": [{"declared_name": "B699LowIndex.power_interval_mem_of_bounds", "axioms": ["propext", "Classical.choice", "Quot.sound"]}, {"declared_name": "B699LowIndex.power_interval_list_complete", "axioms": ["propext", "Classical.choice", "Quot.sound"]}, {"declared_name": "B699LowIndex.exists_two_colours_in_power_interval_list", "axioms": ["propext", "Classical.choice", "Quot.sound"]}], "unexpected_axioms": [], "guarded_output_inferred": false}}
2026-09-10T19:20:06.9667218Z B699_COMPILE {"source": "research/tasks/B699-Binomial/runs/20260909-low-index-structure-b41a5a63/lean/LargeDivisorWitness.lean", "source_sha256_before": "8123d5ec2a766974bf9cad0753b0261405ef71548cd3dee625fead65ef0c39f0", "source_sha256_after": "8123d5ec2a766974bf9cad0753b0261405ef71548cd3dee625fead65ef0c39f0", "output_sha256": "fcfd4af3ae6dc302ec3b75286773399b0fbe2d752fbccdcbcf80590c67281ca5", "seconds": 1.553, "exit_code": 0, "failure": null, "log": "research/tasks/B699-Binomial/runs/20260911-low-index-lean-513dc7cc/verification/20260910T183230016817Z/logs/compile-0019-research_tasks_B699-Binomial_runs_20260909-low-index-structure-b41a5a63_lean_LargeDivisorWitness.lean.log", "log_sha256": "33ee08c6b8573744770f5bb87f5df6219cd1b741c9aaeadf1b2150e6c36b5641", "axiom_audit": {"declared_print_axioms": 3, "declared_names": ["B699LowIndex.large_divisor_dvd_prime_part", "B699LowIndex.common_of_large_divisor", "B699LowIndex.goodSegmentCheck_sound"], "guarded_print_axioms": 0, "guarded_names": [], "actual_printed": 3, "guard_msgs_in_source": 0, "printed": [{"declared_name": "B699LowIndex.large_divisor_dvd_prime_part", "axioms": ["propext", "Classical.choice", "Quot.sound"]}, {"declared_name": "B699LowIndex.common_of_large_divisor", "axioms": ["propext", "Classical.choice", "Quot.sound"]}, {"declared_name": "B699LowIndex.goodSegmentCheck_sound", "axioms": ["propext", "Classical.choice", "Quot.sound"]}], "unexpected_axioms": [], "guarded_output_inferred": false}}
2026-09-10T19:20:06.9676111Z B699_COMPILE {"source": "research/tasks/B699-Binomial/runs/20260909-low-index-structure-b41a5a63/lean/IntervalCover.lean", "source_sha256_before": "eb5b7d8b26101991cf31310739b0319bdc3d2d20f46656f63c48185ef97934b3", "source_sha256_after": "eb5b7d8b26101991cf31310739b0319bdc3d2d20f46656f63c48185ef97934b3", "output_sha256": "730718ddbd51c422eb346e17b6b8669ff0ad2047375dfb4830b9b898130dc050", "seconds": 1.142, "exit_code": 0, "failure": null, "log": "research/tasks/B699-Binomial/runs/20260911-low-index-lean-513dc7cc/verification/20260910T183230016817Z/logs/compile-0020-research_tasks_B699-Binomial_runs_20260909-low-index-structure-b41a5a63_lean_IntervalCover.lean.log", "log_sha256": "1ac1f341384bb23492cf9d51e7985a45904c91583616656443dd84bfb388aed5", "axiom_audit": {"declared_print_axioms": 2, "declared_names": ["B699LowIndex.coverCheck_sound", "B699LowIndex.pairCoverCheck_sound"], "guarded_print_axioms": 0, "guarded_names": [], "actual_printed": 2, "guard_msgs_in_source": 0, "printed": [{"declared_name": "B699LowIndex.coverCheck_sound", "axioms": ["propext", "Classical.choice", "Quot.sound"]}, {"declared_name": "B699LowIndex.pairCoverCheck_sound", "axioms": ["propext", "Classical.choice", "Quot.sound"]}], "unexpected_axioms": [], "guarded_output_inferred": false}}
2026-09-10T19:20:06.9684747Z B699_COMPILE {"source": "research/tasks/B699-Binomial/runs/20260909-low-index-structure-b41a5a63/lean/FiniteCover.lean", "source_sha256_before": "c5e4a998c58d8c5195fa326d4318915706b64da5c06129ddb47a90766c1e2e8d", "source_sha256_after": "c5e4a998c58d8c5195fa326d4318915706b64da5c06129ddb47a90766c1e2e8d", "output_sha256": "00a7b1bd99f07f4fc7f6fa4f19b9a3feb099a82f01a909db7b59aed84b30e7d7", "seconds": 1.722, "exit_code": 0, "failure": null, "log": "research/tasks/B699-Binomial/runs/20260911-low-index-lean-513dc7cc/verification/20260910T183230016817Z/logs/compile-0021-research_tasks_B699-Binomial_runs_20260909-low-index-structure-b41a5a63_lean_FiniteCover.lean.log", "log_sha256": "60d7cd78b523ca75d74b2726c42fd63c588595b96e96d67dfb12186e88a753be", "axiom_audit": {"declared_print_axioms": 2, "declared_names": ["B699LowIndex.coverLayerCheck_sound", "B699LowIndex.common_of_finite_cover_row_checked"], "guarded_print_axioms": 0, "guarded_names": [], "actual_printed": 2, "guard_msgs_in_source": 0, "printed": [{"declared_name": "B699LowIndex.coverLayerCheck_sound", "axioms": ["propext", "Classical.choice", "Quot.sound"]}, {"declared_name": "B699LowIndex.common_of_finite_cover_row_checked", "axioms": ["propext", "Classical.choice", "Quot.sound"]}], "unexpected_axioms": [], "guarded_output_inferred": false}}
2026-09-10T19:20:06.9692772Z B699_COMPILE {"source": "research/tasks/B699-Binomial/runs/20260909-low-index-structure-b41a5a63/lean/TrialPrimeCheck.lean", "source_sha256_before": "990a479d4a73d1032fcb7621e4eef098cec4430342c040e3c91581269dd3a23d", "source_sha256_after": "990a479d4a73d1032fcb7621e4eef098cec4430342c040e3c91581269dd3a23d", "output_sha256": "fab939e4f7ec44e4035679fa12fca8adbeecc57f3df93fa25841a9c14ae22ce8", "seconds": 0.984, "exit_code": 0, "failure": null, "log": "research/tasks/B699-Binomial/runs/20260911-low-index-lean-513dc7cc/verification/20260910T183230016817Z/logs/compile-0022-research_tasks_B699-Binomial_runs_20260909-low-index-structure-b41a5a63_lean_TrialPrimeCheck.lean.log", "log_sha256": "3a6f6d2c0af9f9d61b7485935e9d9bef9079d7890703331206260255dd2b021a", "axiom_audit": {"declared_print_axioms": 1, "declared_names": ["B699LowIndex.trialPrimeCheck_sound"], "guarded_print_axioms": 0, "guarded_names": [], "actual_printed": 1, "guard_msgs_in_source": 0, "printed": [{"declared_name": "B699LowIndex.trialPrimeCheck_sound", "axioms": ["propext", "Classical.choice", "Quot.sound"]}], "unexpected_axioms": [], "guarded_output_inferred": false}}
2026-09-10T19:20:06.9700547Z B699_COMPILE {"source": "research/tasks/B699-Binomial/runs/20260911-low-index-lean-513dc7cc/lean/WitnessBridge.lean", "source_sha256_before": "c12b5cdc8c4de62c28af28bae0f1027205dbf6b94266fb9f6383c05e1d7d51c3", "source_sha256_after": "c12b5cdc8c4de62c28af28bae0f1027205dbf6b94266fb9f6383c05e1d7d51c3", "output_sha256": "ca13c62a039e5bf9b2fdd1617314b24caab6e620a52a20d62563ef54f1253db0", "seconds": 1.156, "exit_code": 0, "failure": null, "log": "research/tasks/B699-Binomial/runs/20260911-low-index-lean-513dc7cc/verification/20260910T183230016817Z/logs/compile-0023-research_tasks_B699-Binomial_runs_20260911-low-index-lean-513dc7cc_lean_WitnessBridge.lean.log", "log_sha256": "788e6509423625ae6e445dd6013ffff29ee87989623c5873ef6ecefe18934d31", "axiom_audit": {"declared_print_axioms": 1, "declared_names": ["B699LowIndex.LowIndexLean513dc7cc.good_top_prime_checked"], "guarded_print_axioms": 0, "guarded_names": [], "actual_printed": 1, "guard_msgs_in_source": 0, "printed": [{"declared_name": "B699LowIndex.LowIndexLean513dc7cc.good_top_prime_checked", "axioms": ["propext", "Classical.choice", "Quot.sound"]}], "unexpected_axioms": [], "guarded_output_inferred": false}}
2026-09-10T19:20:06.9708886Z B699_COMPILE {"source": "research/tasks/B699-Binomial/runs/20260911-low-index-lean-513dc7cc/lean/SharedEnvironment.lean", "source_sha256_before": "79d055c14bc95d2f9f5a58d7b11fda7619c6c874c6b1c9ef7e050578b576b9b7", "source_sha256_after": "79d055c14bc95d2f9f5a58d7b11fda7619c6c874c6b1c9ef7e050578b576b9b7", "output_sha256": "52d957815fb48a5241a59c2d2b8e66cdbfd092831cc0c498241fe5e48fa07108", "seconds": 1.124, "exit_code": 0, "failure": null, "log": "research/tasks/B699-Binomial/runs/20260911-low-index-lean-513dc7cc/verification/20260910T183230016817Z/logs/compile-0024-research_tasks_B699-Binomial_runs_20260911-low-index-lean-513dc7cc_lean_SharedEnvironment.lean.log", "log_sha256": "12611f790abab680ea418523f7c6c8645e4c6640e88af0e15f488b423a919af2", "axiom_audit": {"declared_print_axioms": 2, "declared_names": ["B699LowIndex.common_of_finite_cover_row_checked", "B699LowIndex.LowIndexLean513dc7cc.good_top_prime_checked"], "guarded_print_axioms": 0, "guarded_names": [], "actual_printed": 2, "guard_msgs_in_source": 0, "printed": [{"declared_name": "B699LowIndex.common_of_finite_cover_row_checked", "axioms": ["propext", "Classical.choice", "Quot.sound"]}, {"declared_name": "B699LowIndex.LowIndexLean513dc7cc.good_top_prime_checked", "axioms": ["propext", "Classical.choice", "Quot.sound"]}], "unexpected_axioms": [], "guarded_output_inferred": false}}
2026-09-10T19:20:06.9720933Z B699_EVIDENCE {"success": true, "exit_code": 0, "root_sources": ["research/tasks/B699-Binomial/runs/20260911-low-index-lean-513dc7cc/lean/SharedEnvironment.lean"], "manifest_sha256": "fdbefe6c9b737713c8b9c602643afa154f49dda4f48bfc4d2f64183fdea728a0", "toolchain": {"declared": "leanprover/lean4:v4.33.1", "observed": "Lean (version 4.33.1, x86_64-unknown-linux-gnu, commit 819816b2e0a3bf405af45ae5c7af2491d8f5bee6, Release)", "exit_code": 0}, "compiled_count": 25, "reused_count": 0, "failure": null, "evidence": "research/tasks/B699-Binomial/runs/20260911-low-index-lean-513dc7cc/verification/20260910T191537427647Z/evidence.json", "evidence_sha256": "718cce2bd73d6ce238c46b66dc706367da9b7f3c0c1d548f9d7d533af7e2e111", "pins": [{"name": "mathlib", "manifest_rev": "0df444a360eaa60ab8c11dca51a86af692955474", "observed_head": "0df444a360eaa60ab8c11dca51a86af692955474", "head_matches": true, "clean": true}, {"name": "plausible", "manifest_rev": "b7eb3304aeae834b12dda98993a37f6a41f6f0bb", "observed_head": "b7eb3304aeae834b12dda98993a37f6a41f6f0bb", "head_matches": true, "clean": true}, {"name": "LeanSearchClient", "manifest_rev": "5f4d51b81cbd3f6b32b156bfad9056621a040404", "observed_head": "5f4d51b81cbd3f6b32b156bfad9056621a040404", "head_matches": true, "clean": true}, {"name": "importGraph", "manifest_rev": "16f02aa7642864af59f1ff0e384a015994db9118", "observed_head": "16f02aa7642864af59f1ff0e384a015994db9118", "head_matches": true, "clean": true}, {"name": "proofwidgets", "manifest_rev": "4be2e3d5087eeb272cf5a8853b8f9dd025ef5957", "observed_head": "4be2e3d5087eeb272cf5a8853b8f9dd025ef5957", "head_matches": true, "clean": true}, {"name": "aesop", "manifest_rev": "3448c0bcc5ce01b2d1546e483ec3620e32df3d0e", "observed_head": "3448c0bcc5ce01b2d1546e483ec3620e32df3d0e", "head_matches": true, "clean": true}, {"name": "Qq", "manifest_rev": "92c15be17b7caf78c2ad767ec40f89052d908d81", "observed_head": "92c15be17b7caf78c2ad767ec40f89052d908d81", "head_matches": true, "clean": true}, {"name": "batteries", "manifest_rev": "4488d40d070b9700d4d5a6aa342f0d40c31b2a2d", "observed_head": "4488d40d070b9700d4d5a6aa342f0d40c31b2a2d", "head_matches": true, "clean": true}, {"name": "Cli", "manifest_rev": "6130a47896ce867c6a4a55373441e59e565bad0f", "observed_head": "6130a47896ce867c6a4a55373441e59e565bad0f", "head_matches": true, "clean": true}]}
2026-09-10T19:20:06.9731123Z B699_COMPILE {"source": "Math/B699/CofactorCriterion.lean", "source_sha256_before": "341180b428b6927e72bd7de10c0ca03b3f8d4eb4f778c1aa4a3aeea4f33b9d79", "source_sha256_after": "341180b428b6927e72bd7de10c0ca03b3f8d4eb4f778c1aa4a3aeea4f33b9d79", "output_sha256": "fabd97ac3a10c3da4b22c5279e6368e1489e22850e046a9d5626d5b35887125d", "seconds": 2.105, "exit_code": 0, "failure": null, "log": "research/tasks/B699-Binomial/runs/20260911-low-index-lean-513dc7cc/verification/20260910T191537427647Z/logs/compile-0001-Math_B699_CofactorCriterion.lean.log", "log_sha256": "eee314ea50f8f52f31772de95c611aa598d02f36b63dd10704b5eaf6a5c4dd17", "axiom_audit": {"declared_print_axioms": 0, "declared_names": [], "guarded_print_axioms": 0, "guarded_names": [], "actual_printed": 0, "guard_msgs_in_source": 0, "printed": [], "unexpected_axioms": [], "guarded_output_inferred": false}}
2026-09-10T19:20:06.9740386Z B699_COMPILE {"source": "research/tasks/B699-Binomial/runs/20260909-large-prime-structure-cb4764f0/lean/GapBridge.lean", "source_sha256_before": "0005d90a062359af36b95c0420440e4ff7c9b4187a6fc319884a286ae6209697", "source_sha256_after": "0005d90a062359af36b95c0420440e4ff7c9b4187a6fc319884a286ae6209697", "output_sha256": "b577c6c4bb96627e654decd78e138334a2b0366f121f0fed6c4e0c3ac66842a0", "seconds": 2.178, "exit_code": 0, "failure": null, "log": "research/tasks/B699-Binomial/runs/20260911-low-index-lean-513dc7cc/verification/20260910T191537427647Z/logs/compile-0002-research_tasks_B699-Binomial_runs_20260909-large-prime-structure-cb4764f0_lean_GapBridge.lean.log", "log_sha256": "186caee28a427ec558d6c0c173abedfe23e5a9eadc7da47deec0d3b864b93cf9", "axiom_audit": {"declared_print_axioms": 6, "declared_names": ["B699LargePrimeStructure.common_of_mod_certificate", "B699LargePrimeStructure.gap_remainder_eq", "B699LargePrimeStructure.common_of_gap_power", "B699LargePrimeStructure.common_of_gap_prime", "B699LargePrimeStructure.common_of_top_prime", "B699LargePrimeStructure.common_small_index"], "guarded_print_axioms": 0, "guarded_names": [], "actual_printed": 6, "guard_msgs_in_source": 0, "printed": [{"declared_name": "B699LargePrimeStructure.common_of_mod_certificate", "axioms": ["propext", "Classical.choice", "Quot.sound"]}, {"declared_name": "B699LargePrimeStructure.gap_remainder_eq", "axioms": ["propext", "Quot.sound"]}, {"declared_name": "B699LargePrimeStructure.common_of_gap_power", "axioms": ["propext", "Classical.choice", "Quot.sound"]}, {"declared_name": "B699LargePrimeStructure.common_of_gap_prime", "axioms": ["propext", "Classical.choice", "Quot.sound"]}, {"declared_name": "B699LargePrimeStructure.common_of_top_prime", "axioms": ["propext", "Classical.choice", "Quot.sound"]}, {"declared_name": "B699LargePrimeStructure.common_small_index", "axioms": ["propext", "Classical.choice", "Quot.sound"]}], "unexpected_axioms": [], "guarded_output_inferred": false}}
2026-09-10T19:20:06.9751566Z B699_COMPILE {"source": "research/tasks/B699-Binomial/runs/20260908-external-reductions-b3c1b7/lean/DivisorTransfer.lean", "source_sha256_before": "0299face333237445eddd2c11acbf16c554d225028de7b509c8cfe603fc9996e", "source_sha256_after": "0299face333237445eddd2c11acbf16c554d225028de7b509c8cfe603fc9996e", "output_sha256": "59407e31a9b87dba994ce2cf9e9d01bad86bc34da6f5356caee0a6a3ca844388", "seconds": 1.276, "exit_code": 0, "failure": null, "log": "research/tasks/B699-Binomial/runs/20260911-low-index-lean-513dc7cc/verification/20260910T191537427647Z/logs/compile-0003-research_tasks_B699-Binomial_runs_20260908-external-reductions-b3c1b7_lean_DivisorTransfer.lean.log", "log_sha256": "8a5c961dbb65d33fedf07e0840865936bca97d603765f89fba78496bab838d6a", "axiom_audit": {"declared_print_axioms": 4, "declared_names": ["divisor_transfer", "prime_part_dvd", "prime_part_coprime_of_no_common", "actual_prime_part_transfer"], "guarded_print_axioms": 0, "guarded_names": [], "actual_printed": 4, "guard_msgs_in_source": 0, "printed": [{"declared_name": "divisor_transfer", "axioms": ["propext", "Classical.choice", "Quot.sound"]}, {"declared_name": "prime_part_dvd", "axioms": ["propext", "Classical.choice", "Quot.sound"]}, {"declared_name": "prime_part_coprime_of_no_common", "axioms": ["propext", "Classical.choice", "Quot.sound"]}, {"declared_name": "actual_prime_part_transfer", "axioms": ["propext", "Classical.choice", "Quot.sound"]}], "unexpected_axioms": [], "guarded_output_inferred": false}}
2026-09-10T19:20:06.9763263Z B699_COMPILE {"source": "research/tasks/B699-Binomial/runs/20260909-large-prime-structure-cb4764f0/lean/PrimePowerTransfer.lean", "source_sha256_before": "3b0529e66f438bbd6d8c19f08f4a5b5ad132d2cd86e09e8bd1a1601fc49eecf4", "source_sha256_after": "3b0529e66f438bbd6d8c19f08f4a5b5ad132d2cd86e09e8bd1a1601fc49eecf4", "output_sha256": "ba9be75f7662cb5112816e68013530a77c24840ea1d7c0a7022c473351ccb182", "seconds": 2.456, "exit_code": 0, "failure": null, "log": "research/tasks/B699-Binomial/runs/20260911-low-index-lean-513dc7cc/verification/20260910T191537427647Z/logs/compile-0004-research_tasks_B699-Binomial_runs_20260909-large-prime-structure-cb4764f0_lean_PrimePowerTransfer.lean.log", "log_sha256": "dca94e466b12e9a78f144f95a3c6140dd41784fa70c808ca25f6fc373fd38688", "axiom_audit": {"declared_print_axioms": 6, "declared_names": ["B699LargePrimeStructure.prime_power_numerator_mod_lt", "B699LargePrimeStructure.prime_power_gap_dvd", "B699LargePrimeStructure.actual_avoiding_part_gap_transfer", "B699LargePrimeStructure.avoidingPart_eq_primePart_of_noCommon", "B699LargePrimeStructure.actual_prime_part_gap_transfer", "B699LargePrimeStructure.common_of_gap_product_not_dvd"], "guarded_print_axioms": 0, "guarded_names": [], "actual_printed": 6, "guard_msgs_in_source": 0, "printed": [{"declared_name": "B699LargePrimeStructure.prime_power_numerator_mod_lt", "axioms": ["propext", "Classical.choice", "Quot.sound"]}, {"declared_name": "B699LargePrimeStructure.prime_power_gap_dvd", "axioms": ["propext", "Classical.choice", "Quot.sound"]}, {"declared_name": "B699LargePrimeStructure.actual_avoiding_part_gap_transfer", "axioms": ["propext", "Classical.choice", "Quot.sound"]}, {"declared_name": "B699LargePrimeStructure.avoidingPart_eq_primePart_of_noCommon", "axioms": ["propext", "Classical.choice", "Quot.sound"]}, {"declared_name": "B699LargePrimeStructure.actual_prime_part_gap_transfer", "axioms": ["propext", "Classical.choice", "Quot.sound"]}, {"declared_name": "B699LargePrimeStructure.common_of_gap_product_not_dvd", "axioms": ["propext", "Classical.choice", "Quot.sound"]}], "unexpected_axioms": [], "guarded_output_inferred": false}}
2026-09-10T19:20:06.9776232Z B699_COMPILE {"source": "research/tasks/B699-Binomial/runs/20260909-large-prime-structure-cb4764f0/lean/SmallPartBound.lean", "source_sha256_before": "b49f7d6f9a83e534e546b65bb73e3a6d5afb60f77d7679366ff575d6615cbbb7", "source_sha256_after": "b49f7d6f9a83e534e546b65bb73e3a6d5afb60f77d7679366ff575d6615cbbb7", "output_sha256": "d0fb014b44d1ff863fe2a2c49b311a6bc3e06a4e079349acc2edf051a9b340ad", "seconds": 1.408, "exit_code": 0, "failure": null, "log": "research/tasks/B699-Binomial/runs/20260911-low-index-lean-513dc7cc/verification/20260910T191537427647Z/logs/compile-0005-research_tasks_B699-Binomial_runs_20260909-large-prime-structure-cb4764f0_lean_SmallPartBound.lean.log", "log_sha256": "1582f4354a78cbe00b6ba9d67b5284c863e73ed5a7e18ec449e7e5707c5948a9", "axiom_audit": {"declared_print_axioms": 4, "declared_names": ["B699LargePrimeStructure.smallPrimePart_mul_primePart", "B699LargePrimeStructure.smallPrimePart_le_pow_smallPrimeCount", "B699LargePrimeStructure.noCommon_choose_le_smallPrime_gap_bound", "B699LargePrimeStructure.common_of_elementary_gap_comparison"], "guarded_print_axioms": 0, "guarded_names": [], "actual_printed": 4, "guard_msgs_in_source": 0, "printed": [{"declared_name": "B699LargePrimeStructure.smallPrimePart_mul_primePart", "axioms": ["propext", "Classical.choice", "Quot.sound"]}, {"declared_name": "B699LargePrimeStructure.smallPrimePart_le_pow_smallPrimeCount", "axioms": ["propext", "Classical.choice", "Quot.sound"]}, {"declared_name": "B699LargePrimeStructure.noCommon_choose_le_smallPrime_gap_bound", "axioms": ["propext", "Classical.choice", "Quot.sound"]}, {"declared_name": "B699LargePrimeStructure.common_of_elementary_gap_comparison", "axioms": ["propext", "Classical.choice", "Quot.sound"]}], "unexpected_axioms": [], "guarded_output_inferred": false}}
2026-09-10T19:20:06.9789235Z B699_COMPILE {"source": "research/tasks/B699-Binomial/runs/20260909-low-index-structure-b41a5a63/lean/ThreeWindowWeights.lean", "source_sha256_before": "17ee0024b94bcb5e1ba0b05f5a0a4229dd8a0e5816c3a83385ba8c45eced6c99", "source_sha256_after": "17ee0024b94bcb5e1ba0b05f5a0a4229dd8a0e5816c3a83385ba8c45eced6c99", "output_sha256": "827fd965c7ef8f4bf8ef43076104d4a22498da98fdf1792c0f42983160f6f9c8", "seconds": 2.685, "exit_code": 0, "failure": null, "log": "research/tasks/B699-Binomial/runs/20260911-low-index-lean-513dc7cc/verification/20260910T191537427647Z/logs/compile-0006-research_tasks_B699-Binomial_runs_20260909-low-index-structure-b41a5a63_lean_ThreeWindowWeights.lean.log", "log_sha256": "ce99aa74bf08b186cb4501a727f3cff1010cadda83852ed6d009d4ecdec98b3b", "axiom_audit": {"declared_print_axioms": 7, "declared_names": ["B699LowIndex.prime_power_three_positions", "B699LowIndex.prime_power_three_window_dvd", "B699LowIndex.actual_avoiding_part_three_window_transfer", "B699LowIndex.actual_prime_part_three_window_transfer", "B699LowIndex.common_of_three_window_not_dvd", "B699LowIndex.noCommon_three_window_size", "B699LowIndex.common_of_three_window_comparison"], "guarded_print_axioms": 0, "guarded_names": [], "actual_printed": 7, "guard_msgs_in_source": 0, "printed": [{"declared_name": "B699LowIndex.prime_power_three_positions", "axioms": ["propext", "Classical.choice", "Quot.sound"]}, {"declared_name": "B699LowIndex.prime_power_three_window_dvd", "axioms": ["propext", "Classical.choice", "Quot.sound"]}, {"declared_name": "B699LowIndex.actual_avoiding_part_three_window_transfer", "axioms": ["propext", "Classical.choice", "Quot.sound"]}, {"declared_name": "B699LowIndex.actual_prime_part_three_window_transfer", "axioms": ["propext", "Classical.choice", "Quot.sound"]}, {"declared_name": "B699LowIndex.common_of_three_window_not_dvd", "axioms": ["propext", "Classical.choice", "Quot.sound"]}, {"declared_name": "B699LowIndex.noCommon_three_window_size", "axioms": ["propext", "Classical.choice", "Quot.sound"]}, {"declared_name": "B699LowIndex.common_of_three_window_comparison", "axioms": ["propext", "Classical.choice", "Quot.sound"]}], "unexpected_axioms": [], "guarded_output_inferred": false}}
2026-09-10T19:20:06.9801537Z B699_COMPILE {"source": "research/tasks/B699-Binomial/runs/20260909-low-index-structure-b41a5a63/lean/ThreeWindowSize.lean", "source_sha256_before": "4da6cb312eca31e38fb39bc88ff3bbce771ef0a5bb9c9278d925e36d4002c047", "source_sha256_after": "4da6cb312eca31e38fb39bc88ff3bbce771ef0a5bb9c9278d925e36d4002c047", "output_sha256": "aa70e7edfa72cdf13e4e600ce23fedaef0be8c52e1f8b54d03e081f0956a4175", "seconds": 2.16, "exit_code": 0, "failure": null, "log": "research/tasks/B699-Binomial/runs/20260911-low-index-lean-513dc7cc/verification/20260910T191537427647Z/logs/compile-0007-research_tasks_B699-Binomial_runs_20260909-low-index-structure-b41a5a63_lean_ThreeWindowSize.lean.log", "log_sha256": "4eb19d0a59856cc12d96583f8756d70b4485ea2fd266461f0362915ba332ae58", "axiom_audit": {"declared_print_axioms": 4, "declared_names": ["B699LowIndex.two_window_sum", "B699LowIndex.three_window_scaled_upper", "B699LowIndex.noCommon_scaled_prime_part", "B699LowIndex.common_of_scaled_prime_part"], "guarded_print_axioms": 0, "guarded_names": [], "actual_printed": 4, "guard_msgs_in_source": 0, "printed": [{"declared_name": "B699LowIndex.two_window_sum", "axioms": ["propext", "Classical.choice", "Quot.sound"]}, {"declared_name": "B699LowIndex.three_window_scaled_upper", "axioms": ["propext", "Classical.choice", "Quot.sound"]}, {"declared_name": "B699LowIndex.noCommon_scaled_prime_part", "axioms": ["propext", "Classical.choice", "Quot.sound"]}, {"declared_name": "B699LowIndex.common_of_scaled_prime_part", "axioms": ["propext", "Classical.choice", "Quot.sound"]}], "unexpected_axioms": [], "guarded_output_inferred": false}}
2026-09-10T19:20:06.9809848Z B699_COMPILE {"source": "research/tasks/B699-Binomial/runs/20260909-eees-chain-5a2e10/lean/PowerBounds.lean", "source_sha256_before": "3022f40997b3b9302343b99a8fa91a984228af348eb7b02f69fbd198016fee9a", "source_sha256_after": "3022f40997b3b9302343b99a8fa91a984228af348eb7b02f69fbd198016fee9a", "output_sha256": "c0f95334b064d0dbc044c7c3c2e1505f96dd11657cd0412ac8ce2e59ca5560be", "seconds": 1.526, "exit_code": 0, "failure": null, "log": "research/tasks/B699-Binomial/runs/20260911-low-index-lean-513dc7cc/verification/20260910T191537427647Z/logs/compile-0008-research_tasks_B699-Binomial_runs_20260909-eees-chain-5a2e10_lean_PowerBounds.lean.log", "log_sha256": "902eb754602630b9f9552f7cbc504d7202818957cacf843a2604e7ad57e62053", "axiom_audit": {"declared_print_axioms": 0, "declared_names": [], "guarded_print_axioms": 0, "guarded_names": [], "actual_printed": 0, "guard_msgs_in_source": 0, "printed": [], "unexpected_axioms": [], "guarded_output_inferred": false}}
2026-09-10T19:20:06.9817520Z B699_COMPILE {"source": "research/tasks/B699-Binomial/runs/20260909-low-index-structure-b41a5a63/lean/HeightCertificate.lean", "source_sha256_before": "256a2e13903b7b2b42e5bea2b32c20e2c5df1af4019b9f05931b117ae462bc4d", "source_sha256_after": "256a2e13903b7b2b42e5bea2b32c20e2c5df1af4019b9f05931b117ae462bc4d", "output_sha256": "304419a052b3874278c128a9d2b948af0e9144a84d055511f4324c90f2c13211", "seconds": 1.552, "exit_code": 0, "failure": null, "log": "research/tasks/B699-Binomial/runs/20260911-low-index-lean-513dc7cc/verification/20260910T191537427647Z/logs/compile-0009-research_tasks_B699-Binomial_runs_20260909-low-index-structure-b41a5a63_lean_HeightCertificate.lean.log", "log_sha256": "7256dfbe91c36863c084fecf77054e26e693590253f72e21ee32f66b80be383f", "axiom_audit": {"declared_print_axioms": 3, "declared_names": ["B699LowIndex.noCommon_scaled_choose", "B699LowIndex.power_cross_mono", "B699LowIndex.common_of_height_certificate"], "guarded_print_axioms": 0, "guarded_names": [], "actual_printed": 3, "guard_msgs_in_source": 0, "printed": [{"declared_name": "B699LowIndex.noCommon_scaled_choose", "axioms": ["propext", "Classical.choice", "Quot.sound"]}, {"declared_name": "B699LowIndex.power_cross_mono", "axioms": ["propext"]}, {"declared_name": "B699LowIndex.common_of_height_certificate", "axioms": ["propext", "Classical.choice", "Quot.sound"]}], "unexpected_axioms": [], "guarded_output_inferred": false}}
2026-09-10T19:20:06.9825456Z B699_COMPILE {"source": "research/tasks/B699-Binomial/runs/20260909-low-index-structure-b41a5a63/lean/HeightCertificateData.lean", "source_sha256_before": "4028f101e9d3e21bb9a3abbcba49dab686260df2e1f303b253503be6f1dcf27a", "source_sha256_after": "4028f101e9d3e21bb9a3abbcba49dab686260df2e1f303b253503be6f1dcf27a", "output_sha256": "3c09335314be516bf22f4c6f17bed1d44e5797ba159d64d103909997e41c0ed4", "seconds": 0.939, "exit_code": 0, "failure": null, "log": "research/tasks/B699-Binomial/runs/20260911-low-index-lean-513dc7cc/verification/20260910T191537427647Z/logs/compile-0010-research_tasks_B699-Binomial_runs_20260909-low-index-structure-b41a5a63_lean_HeightCertificateData.lean.log", "log_sha256": "5281ccb8ccb42badd8452c46f85a481fdde74e67a4cdd12b2b93da56576f7cdf", "axiom_audit": {"declared_print_axioms": 0, "declared_names": [], "guarded_print_axioms": 0, "guarded_names": [], "actual_printed": 0, "guard_msgs_in_source": 0, "printed": [], "unexpected_axioms": [], "guarded_output_inferred": false}}
2026-09-10T19:20:06.9833316Z B699_COMPILE {"source": "research/tasks/B699-Binomial/runs/20260909-low-index-structure-b41a5a63/lean/RegisteredHeights.lean", "source_sha256_before": "9c1c887fa9c6b385ebf356fda79802701068d65111de29aedf82042bbe0f698c", "source_sha256_after": "9c1c887fa9c6b385ebf356fda79802701068d65111de29aedf82042bbe0f698c", "output_sha256": "1b9e45dcde24ecf66f972449e0231fc9cb519e2ccd815de8586d7e4c4bfdfa7e", "seconds": 226.106, "exit_code": 0, "failure": null, "log": "research/tasks/B699-Binomial/runs/20260911-low-index-lean-513dc7cc/verification/20260910T191537427647Z/logs/compile-0011-research_tasks_B699-Binomial_runs_20260909-low-index-structure-b41a5a63_lean_RegisteredHeights.lean.log", "log_sha256": "650cd2043068c134b84184543d722cedb0625116d63c4717cbe71982fb03e0b5", "axiom_audit": {"declared_print_axioms": 3, "declared_names": ["B699LowIndex.heightCertificateData_valid", "B699LowIndex.heightCertificateData_indices", "B699LowIndex.common_of_registered_height"], "guarded_print_axioms": 0, "guarded_names": [], "actual_printed": 3, "guard_msgs_in_source": 0, "printed": [{"declared_name": "B699LowIndex.heightCertificateData_valid", "axioms": ["propext", "Classical.choice", "Quot.sound"]}, {"declared_name": "B699LowIndex.heightCertificateData_indices", "axioms": []}, {"declared_name": "B699LowIndex.common_of_registered_height", "axioms": ["propext", "Classical.choice", "Quot.sound"]}], "unexpected_axioms": [], "guarded_output_inferred": false}}
2026-09-10T19:20:06.9844056Z B699_COMPILE {"source": "research/tasks/B699-Binomial/runs/20260909-low-index-structure-b41a5a63/lean/LargeSmallPowers.lean", "source_sha256_before": "2ed55e4a8be53589ed8fc82d89cc877c8281a291b34c4c35bfd88e94badf7aa2", "source_sha256_after": "2ed55e4a8be53589ed8fc82d89cc877c8281a291b34c4c35bfd88e94badf7aa2", "output_sha256": "119d4bed88d1238d2b2b1c9c1505dfafd422673295301a65cf2cab6bafc84799", "seconds": 1.527, "exit_code": 0, "failure": null, "log": "research/tasks/B699-Binomial/runs/20260911-low-index-lean-513dc7cc/verification/20260910T191537427647Z/logs/compile-0012-research_tasks_B699-Binomial_runs_20260909-low-index-structure-b41a5a63_lean_LargeSmallPowers.lean.log", "log_sha256": "0c6e9138e01591992047760bfb54198c8098fd47f636654494743f26882f69a5", "axiom_audit": {"declared_print_axioms": 5, "declared_names": ["B699LowIndex.nat_prod_lt_pow_of_pointwise_lt", "B699LowIndex.scaled_prod_lt_of_all_but_one_small", "B699LowIndex.exists_two_large_factors_of_scaled_prod", "B699LowIndex.small_prime_part_eq_prod_small_primes", "B699LowIndex.exists_two_large_small_prime_powers"], "guarded_print_axioms": 0, "guarded_names": [], "actual_printed": 5, "guard_msgs_in_source": 0, "printed": [{"declared_name": "B699LowIndex.nat_prod_lt_pow_of_pointwise_lt", "axioms": ["propext", "Classical.choice", "Quot.sound"]}, {"declared_name": "B699LowIndex.scaled_prod_lt_of_all_but_one_small", "axioms": ["propext", "Classical.choice", "Quot.sound"]}, {"declared_name": "B699LowIndex.exists_two_large_factors_of_scaled_prod", "axioms": ["propext", "Classical.choice", "Quot.sound"]}, {"declared_name": "B699LowIndex.small_prime_part_eq_prod_small_primes", "axioms": ["propext", "Classical.choice", "Quot.sound"]}, {"declared_name": "B699LowIndex.exists_two_large_small_prime_powers", "axioms": ["propext", "Classical.choice", "Quot.sound"]}], "unexpected_axioms": [], "guarded_output_inferred": false}}
2026-09-10T19:20:06.9855408Z B699_COMPILE {"source": "research/tasks/B699-Binomial/runs/20260909-low-index-structure-b41a5a63/lean/CofactorCover.lean", "source_sha256_before": "2805041e81314db94f7c7d7837f651a2d64b1c41bf231ca628514d2c18d101c3", "source_sha256_after": "2805041e81314db94f7c7d7837f651a2d64b1c41bf231ca628514d2c18d101c3", "output_sha256": "e813b1440c3c6821c7a030c4f7dcd05a10432827ff37693fe6bb99b2e3868d70", "seconds": 2.304, "exit_code": 0, "failure": null, "log": "research/tasks/B699-Binomial/runs/20260911-low-index-lean-513dc7cc/verification/20260910T191537427647Z/logs/compile-0013-research_tasks_B699-Binomial_runs_20260909-low-index-structure-b41a5a63_lean_CofactorCover.lean.log", "log_sha256": "f1e09215527828d42616b568dd03eb366fb4dfc813de17cb52787794adbc7c5d", "axiom_audit": {"declared_print_axioms": 4, "declared_names": ["B699LowIndex.pow_le_two_descFactorial", "B699LowIndex.noCommon_bernoulli_size", "B699LowIndex.noCommon_small_part_lower_of_certificate", "B699LowIndex.noCommon_two_large_small_prime_powers"], "guarded_print_axioms": 0, "guarded_names": [], "actual_printed": 4, "guard_msgs_in_source": 0, "printed": [{"declared_name": "B699LowIndex.pow_le_two_descFactorial", "axioms": ["propext", "Classical.choice", "Quot.sound"]}, {"declared_name": "B699LowIndex.noCommon_bernoulli_size", "axioms": ["propext", "Classical.choice", "Quot.sound"]}, {"declared_name": "B699LowIndex.noCommon_small_part_lower_of_certificate", "axioms": ["propext", "Classical.choice", "Quot.sound"]}, {"declared_name": "B699LowIndex.noCommon_two_large_small_prime_powers", "axioms": ["propext", "Classical.choice", "Quot.sound"]}], "unexpected_axioms": [], "guarded_output_inferred": false}}
2026-09-10T19:20:06.9864147Z B699_COMPILE {"source": "research/tasks/B686-Four/round8/lean/BigPrimeSupport.lean", "source_sha256_before": "cd3b1e0fd5282723597acaa2d5f3290917d9756a9e2c1d682668ac77a6b98d2e", "source_sha256_after": "cd3b1e0fd5282723597acaa2d5f3290917d9756a9e2c1d682668ac77a6b98d2e", "output_sha256": "de9bd7dcc776329d2d3bb97c96f9b55e7e1e1a8b4ae50b189e6585c9d835d3e1", "seconds": 1.588, "exit_code": 0, "failure": null, "log": "research/tasks/B699-Binomial/runs/20260911-low-index-lean-513dc7cc/verification/20260910T191537427647Z/logs/compile-0014-research_tasks_B686-Four_round8_lean_BigPrimeSupport.lean.log", "log_sha256": "f2da693015d8772c5c2551865c6b6fa1b41435c76da466c8ff81340a3db63fbe", "axiom_audit": {"declared_print_axioms": 0, "declared_names": [], "guarded_print_axioms": 4, "guarded_names": ["large_prime_power_dvd_one_factor", "large_prime_power_divides_cross_difference", "common_prime_divides_cross_difference", "large_prime_hits_block_unique"], "actual_printed": 0, "guard_msgs_in_source": 4, "printed": [], "unexpected_axioms": [], "guarded_output_inferred": false}}
2026-09-10T19:20:06.9871142Z B699_COMPILE {"source": "research/tasks/B686-Four/formalization/UniformDistance/SmallPrime.lean", "source_sha256_before": "3d9140131479b10d35ccd87884381e225331b2b77c5c80ae211ab9fe19273a6f", "source_sha256_after": "3d9140131479b10d35ccd87884381e225331b2b77c5c80ae211ab9fe19273a6f", "output_sha256": "e000153c88f0f996ce79c4ed2a13b9d662c753d65e1ad4545de5002b2a62dcf4", "seconds": 1.849, "exit_code": 0, "failure": null, "log": "research/tasks/B699-Binomial/runs/20260911-low-index-lean-513dc7cc/verification/20260910T191537427647Z/logs/compile-0015-research_tasks_B686-Four_formalization_UniformDistance_SmallPrime.lean.log", "log_sha256": "8b1cdc50de6b3ce44ad5856be0331c39f6eee8fdc19d4aff35e155cb4b11143b", "axiom_audit": {"declared_print_axioms": 0, "declared_names": [], "guarded_print_axioms": 2, "guarded_names": ["distance_product_eq_factorials", "small_prime_factorization_bound"], "actual_printed": 0, "guard_msgs_in_source": 2, "printed": [], "unexpected_axioms": [], "guarded_output_inferred": false}}
2026-09-10T19:20:06.9879386Z B699_COMPILE {"source": "research/tasks/B699-Binomial/runs/20260909-low-index-structure-b41a5a63/lean/SmallPrimeLocalization.lean", "source_sha256_before": "663b2129a3b18e1ad8003be7cfef6792caf8375e986284b228f098921a8b6477", "source_sha256_after": "663b2129a3b18e1ad8003be7cfef6792caf8375e986284b228f098921a8b6477", "output_sha256": "e06ac7377b66e06936845202422a9dab1384fd307b072e6e10de964d83a7a9bb", "seconds": 1.626, "exit_code": 0, "failure": null, "log": "research/tasks/B699-Binomial/runs/20260911-low-index-lean-513dc7cc/verification/20260910T191537427647Z/logs/compile-0016-research_tasks_B699-Binomial_runs_20260909-low-index-structure-b41a5a63_lean_SmallPrimeLocalization.lean.log", "log_sha256": "36d8769a5dcaeefd95ddeb57b07f111e189b19311a67628baa7db99ead47c31a", "axiom_audit": {"declared_print_axioms": 3, "declared_names": ["B699LowIndex.binomial_factorization_add_index_le", "B699LowIndex.binomial_prime_power_localization", "B699LowIndex.binomial_prime_power_localization_of_le"], "guarded_print_axioms": 0, "guarded_names": [], "actual_printed": 3, "guard_msgs_in_source": 0, "printed": [{"declared_name": "B699LowIndex.binomial_factorization_add_index_le", "axioms": ["propext", "Classical.choice", "Quot.sound"]}, {"declared_name": "B699LowIndex.binomial_prime_power_localization", "axioms": ["propext", "Classical.choice", "Quot.sound"]}, {"declared_name": "B699LowIndex.binomial_prime_power_localization_of_le", "axioms": ["propext", "Classical.choice", "Quot.sound"]}], "unexpected_axioms": [], "guarded_output_inferred": false}}
2026-09-10T19:20:06.9891022Z B699_COMPILE {"source": "research/tasks/B699-Binomial/runs/20260909-low-index-structure-b41a5a63/lean/SmallPowerIntervals.lean", "source_sha256_before": "4ee5805b0a37e4ce4b370b6f91895312b75917170943a6970799d4fb4f011d02", "source_sha256_after": "4ee5805b0a37e4ce4b370b6f91895312b75917170943a6970799d4fb4f011d02", "output_sha256": "f723f2aeb8e37b2959144f7c76aa987b66323fe2add447d2971cac2d21546921", "seconds": 1.558, "exit_code": 0, "failure": null, "log": "research/tasks/B699-Binomial/runs/20260911-low-index-lean-513dc7cc/verification/20260910T191537427647Z/logs/compile-0017-research_tasks_B699-Binomial_runs_20260909-low-index-structure-b41a5a63_lean_SmallPowerIntervals.lean.log", "log_sha256": "7da0bc40a3b4b0ee9dfa3faa270a3a1345938b900a3d28003c80896e3da89a02", "axiom_audit": {"declared_print_axioms": 6, "declared_names": ["B699LowIndex.exists_small_cofactor_of_localized_power", "B699LowIndex.exists_small_cofactor_div_of_localized_power", "B699LowIndex.interval_power_le_of_representation", "B699LowIndex.interval_power_lt_upper_of_representation", "B699LowIndex.binomial_power_interval_of_large_power", "B699LowIndex.exists_two_small_prime_power_intervals"], "guarded_print_axioms": 0, "guarded_names": [], "actual_printed": 6, "guard_msgs_in_source": 0, "printed": [{"declared_name": "B699LowIndex.exists_small_cofactor_of_localized_power", "axioms": ["propext", "Classical.choice", "Quot.sound"]}, {"declared_name": "B699LowIndex.exists_small_cofactor_div_of_localized_power", "axioms": ["propext", "Classical.choice", "Quot.sound"]}, {"declared_name": "B699LowIndex.interval_power_le_of_representation", "axioms": ["propext", "Quot.sound"]}, {"declared_name": "B699LowIndex.interval_power_lt_upper_of_representation", "axioms": ["propext", "Quot.sound"]}, {"declared_name": "B699LowIndex.binomial_power_interval_of_large_power", "axioms": ["propext", "Classical.choice", "Quot.sound"]}, {"declared_name": "B699LowIndex.exists_two_small_prime_power_intervals", "axioms": ["propext", "Classical.choice", "Quot.sound"]}], "unexpected_axioms": [], "guarded_output_inferred": false}}
2026-09-10T19:20:06.9902759Z B699_COMPILE {"source": "research/tasks/B699-Binomial/runs/20260909-low-index-structure-b41a5a63/lean/PrimePowerEnumeration.lean", "source_sha256_before": "00888c3d00cfdb722a48a9ef5b257e172dde26f5cdab9a241025078e0923da6e", "source_sha256_after": "00888c3d00cfdb722a48a9ef5b257e172dde26f5cdab9a241025078e0923da6e", "output_sha256": "5ec288cbf80db9d5a9d1819cae8671cf161e01966dab8d00f3d222d3aff49ef0", "seconds": 1.687, "exit_code": 0, "failure": null, "log": "research/tasks/B699-Binomial/runs/20260911-low-index-lean-513dc7cc/verification/20260910T191537427647Z/logs/compile-0018-research_tasks_B699-Binomial_runs_20260909-low-index-structure-b41a5a63_lean_PrimePowerEnumeration.lean.log", "log_sha256": "cd85b1381af5e88cbdaccb19c76fc2ee4d73eb3dcb031eafa2c6d79ced566d68", "axiom_audit": {"declared_print_axioms": 3, "declared_names": ["B699LowIndex.power_interval_mem_of_bounds", "B699LowIndex.power_interval_list_complete", "B699LowIndex.exists_two_colours_in_power_interval_list"], "guarded_print_axioms": 0, "guarded_names": [], "actual_printed": 3, "guard_msgs_in_source": 0, "printed": [{"declared_name": "B699LowIndex.power_interval_mem_of_bounds", "axioms": ["propext", "Classical.choice", "Quot.sound"]}, {"declared_name": "B699LowIndex.power_interval_list_complete", "axioms": ["propext", "Classical.choice", "Quot.sound"]}, {"declared_name": "B699LowIndex.exists_two_colours_in_power_interval_list", "axioms": ["propext", "Classical.choice", "Quot.sound"]}], "unexpected_axioms": [], "guarded_output_inferred": false}}
2026-09-10T19:20:06.9912415Z B699_COMPILE {"source": "research/tasks/B699-Binomial/runs/20260909-low-index-structure-b41a5a63/lean/LargeDivisorWitness.lean", "source_sha256_before": "8123d5ec2a766974bf9cad0753b0261405ef71548cd3dee625fead65ef0c39f0", "source_sha256_after": "8123d5ec2a766974bf9cad0753b0261405ef71548cd3dee625fead65ef0c39f0", "output_sha256": "fcfd4af3ae6dc302ec3b75286773399b0fbe2d752fbccdcbcf80590c67281ca5", "seconds": 1.61, "exit_code": 0, "failure": null, "log": "research/tasks/B699-Binomial/runs/20260911-low-index-lean-513dc7cc/verification/20260910T191537427647Z/logs/compile-0019-research_tasks_B699-Binomial_runs_20260909-low-index-structure-b41a5a63_lean_LargeDivisorWitness.lean.log", "log_sha256": "d865913c2f01e100add17bae54ff4829a897b3d8f50b81c659549046f9e0c29c", "axiom_audit": {"declared_print_axioms": 3, "declared_names": ["B699LowIndex.large_divisor_dvd_prime_part", "B699LowIndex.common_of_large_divisor", "B699LowIndex.goodSegmentCheck_sound"], "guarded_print_axioms": 0, "guarded_names": [], "actual_printed": 3, "guard_msgs_in_source": 0, "printed": [{"declared_name": "B699LowIndex.large_divisor_dvd_prime_part", "axioms": ["propext", "Classical.choice", "Quot.sound"]}, {"declared_name": "B699LowIndex.common_of_large_divisor", "axioms": ["propext", "Classical.choice", "Quot.sound"]}, {"declared_name": "B699LowIndex.goodSegmentCheck_sound", "axioms": ["propext", "Classical.choice", "Quot.sound"]}], "unexpected_axioms": [], "guarded_output_inferred": false}}
2026-09-10T19:20:06.9921575Z B699_COMPILE {"source": "research/tasks/B699-Binomial/runs/20260909-low-index-structure-b41a5a63/lean/IntervalCover.lean", "source_sha256_before": "eb5b7d8b26101991cf31310739b0319bdc3d2d20f46656f63c48185ef97934b3", "source_sha256_after": "eb5b7d8b26101991cf31310739b0319bdc3d2d20f46656f63c48185ef97934b3", "output_sha256": "730718ddbd51c422eb346e17b6b8669ff0ad2047375dfb4830b9b898130dc050", "seconds": 1.185, "exit_code": 0, "failure": null, "log": "research/tasks/B699-Binomial/runs/20260911-low-index-lean-513dc7cc/verification/20260910T191537427647Z/logs/compile-0020-research_tasks_B699-Binomial_runs_20260909-low-index-structure-b41a5a63_lean_IntervalCover.lean.log", "log_sha256": "19de20286b82302f2c95fb1d86161c0bfa9bee265008df0b62f4c750b0cd4b94", "axiom_audit": {"declared_print_axioms": 2, "declared_names": ["B699LowIndex.coverCheck_sound", "B699LowIndex.pairCoverCheck_sound"], "guarded_print_axioms": 0, "guarded_names": [], "actual_printed": 2, "guard_msgs_in_source": 0, "printed": [{"declared_name": "B699LowIndex.coverCheck_sound", "axioms": ["propext", "Classical.choice", "Quot.sound"]}, {"declared_name": "B699LowIndex.pairCoverCheck_sound", "axioms": ["propext", "Classical.choice", "Quot.sound"]}], "unexpected_axioms": [], "guarded_output_inferred": false}}
2026-09-10T19:20:06.9930045Z B699_COMPILE {"source": "research/tasks/B699-Binomial/runs/20260909-low-index-structure-b41a5a63/lean/FiniteCover.lean", "source_sha256_before": "c5e4a998c58d8c5195fa326d4318915706b64da5c06129ddb47a90766c1e2e8d", "source_sha256_after": "c5e4a998c58d8c5195fa326d4318915706b64da5c06129ddb47a90766c1e2e8d", "output_sha256": "00a7b1bd99f07f4fc7f6fa4f19b9a3feb099a82f01a909db7b59aed84b30e7d7", "seconds": 1.782, "exit_code": 0, "failure": null, "log": "research/tasks/B699-Binomial/runs/20260911-low-index-lean-513dc7cc/verification/20260910T191537427647Z/logs/compile-0021-research_tasks_B699-Binomial_runs_20260909-low-index-structure-b41a5a63_lean_FiniteCover.lean.log", "log_sha256": "87c258c05202b1eb0b441f55152f27ba468de7c67d07c9407cb43f95e977e05d", "axiom_audit": {"declared_print_axioms": 2, "declared_names": ["B699LowIndex.coverLayerCheck_sound", "B699LowIndex.common_of_finite_cover_row_checked"], "guarded_print_axioms": 0, "guarded_names": [], "actual_printed": 2, "guard_msgs_in_source": 0, "printed": [{"declared_name": "B699LowIndex.coverLayerCheck_sound", "axioms": ["propext", "Classical.choice", "Quot.sound"]}, {"declared_name": "B699LowIndex.common_of_finite_cover_row_checked", "axioms": ["propext", "Classical.choice", "Quot.sound"]}], "unexpected_axioms": [], "guarded_output_inferred": false}}
2026-09-10T19:20:06.9938134Z B699_COMPILE {"source": "research/tasks/B699-Binomial/runs/20260909-low-index-structure-b41a5a63/lean/TrialPrimeCheck.lean", "source_sha256_before": "990a479d4a73d1032fcb7621e4eef098cec4430342c040e3c91581269dd3a23d", "source_sha256_after": "990a479d4a73d1032fcb7621e4eef098cec4430342c040e3c91581269dd3a23d", "output_sha256": "fab939e4f7ec44e4035679fa12fca8adbeecc57f3df93fa25841a9c14ae22ce8", "seconds": 1.037, "exit_code": 0, "failure": null, "log": "research/tasks/B699-Binomial/runs/20260911-low-index-lean-513dc7cc/verification/20260910T191537427647Z/logs/compile-0022-research_tasks_B699-Binomial_runs_20260909-low-index-structure-b41a5a63_lean_TrialPrimeCheck.lean.log", "log_sha256": "1e39d3afac42ca63af3e6a4e7e018be232e84f9d13741382fee2ebcde9fcaf0a", "axiom_audit": {"declared_print_axioms": 1, "declared_names": ["B699LowIndex.trialPrimeCheck_sound"], "guarded_print_axioms": 0, "guarded_names": [], "actual_printed": 1, "guard_msgs_in_source": 0, "printed": [{"declared_name": "B699LowIndex.trialPrimeCheck_sound", "axioms": ["propext", "Classical.choice", "Quot.sound"]}], "unexpected_axioms": [], "guarded_output_inferred": false}}
2026-09-10T19:20:06.9945827Z B699_COMPILE {"source": "research/tasks/B699-Binomial/runs/20260911-low-index-lean-513dc7cc/lean/WitnessBridge.lean", "source_sha256_before": "c12b5cdc8c4de62c28af28bae0f1027205dbf6b94266fb9f6383c05e1d7d51c3", "source_sha256_after": "c12b5cdc8c4de62c28af28bae0f1027205dbf6b94266fb9f6383c05e1d7d51c3", "output_sha256": "ca13c62a039e5bf9b2fdd1617314b24caab6e620a52a20d62563ef54f1253db0", "seconds": 1.227, "exit_code": 0, "failure": null, "log": "research/tasks/B699-Binomial/runs/20260911-low-index-lean-513dc7cc/verification/20260910T191537427647Z/logs/compile-0023-research_tasks_B699-Binomial_runs_20260911-low-index-lean-513dc7cc_lean_WitnessBridge.lean.log", "log_sha256": "a4aae6cd1854a37c91742c0d69b4a9588fc2717c1142efeb0b267239462cb68b", "axiom_audit": {"declared_print_axioms": 1, "declared_names": ["B699LowIndex.LowIndexLean513dc7cc.good_top_prime_checked"], "guarded_print_axioms": 0, "guarded_names": [], "actual_printed": 1, "guard_msgs_in_source": 0, "printed": [{"declared_name": "B699LowIndex.LowIndexLean513dc7cc.good_top_prime_checked", "axioms": ["propext", "Classical.choice", "Quot.sound"]}], "unexpected_axioms": [], "guarded_output_inferred": false}}
2026-09-10T19:20:06.9953487Z B699_COMPILE {"source": "research/tasks/B699-Binomial/runs/20260911-low-index-lean-513dc7cc/lean/LayerParts.lean", "source_sha256_before": "370e906e1b38079874790c2328c86a90f91ce184103d39eb2979314f5c348fe4", "source_sha256_after": "370e906e1b38079874790c2328c86a90f91ce184103d39eb2979314f5c348fe4", "output_sha256": "ba0afa73e5d6cf11e2a63a2811d4d8493bb3eacdaf820f7e3013f27685a4afc1", "seconds": 1.245, "exit_code": 0, "failure": null, "log": "research/tasks/B699-Binomial/runs/20260911-low-index-lean-513dc7cc/verification/20260910T191537427647Z/logs/compile-0024-research_tasks_B699-Binomial_runs_20260911-low-index-lean-513dc7cc_lean_LayerParts.lean.log", "log_sha256": "472720e76ab50d251fa9e812647f4def6acbe4029686d0af4251e60a1e624200", "axiom_audit": {"declared_print_axioms": 1, "declared_names": ["B699LowIndex.LowIndexLean513dc7cc.coverLayerCheck_of_parts"], "guarded_print_axioms": 0, "guarded_names": [], "actual_printed": 1, "guard_msgs_in_source": 0, "printed": [{"declared_name": "B699LowIndex.LowIndexLean513dc7cc.coverLayerCheck_of_parts", "axioms": ["propext", "Classical.choice", "Quot.sound"]}], "unexpected_axioms": [], "guarded_output_inferred": false}}
2026-09-10T19:20:06.9962562Z B699_COMPILE {"source": "research/tasks/B699-Binomial/runs/20260911-low-index-lean-513dc7cc/lean/SharedEnvironment.lean", "source_sha256_before": "63e354273017e19bdea09b133ef5bc5f4856209c014c4b1d8ae572b9fb3aa294", "source_sha256_after": "63e354273017e19bdea09b133ef5bc5f4856209c014c4b1d8ae572b9fb3aa294", "output_sha256": "213a3fa52d91711f1bc748c6eb152f1a5ef16e47af3d6abd7c0a0861e5ec28eb", "seconds": 1.205, "exit_code": 0, "failure": null, "log": "research/tasks/B699-Binomial/runs/20260911-low-index-lean-513dc7cc/verification/20260910T191537427647Z/logs/compile-0025-research_tasks_B699-Binomial_runs_20260911-low-index-lean-513dc7cc_lean_SharedEnvironment.lean.log", "log_sha256": "8369097b3650c935800030033a77bd24d886fc9da476328f8de9117861ca2d3d", "axiom_audit": {"declared_print_axioms": 3, "declared_names": ["B699LowIndex.common_of_finite_cover_row_checked", "B699LowIndex.LowIndexLean513dc7cc.good_top_prime_checked", "B699LowIndex.LowIndexLean513dc7cc.coverLayerCheck_of_parts"], "guarded_print_axioms": 0, "guarded_names": [], "actual_printed": 3, "guard_msgs_in_source": 0, "printed": [{"declared_name": "B699LowIndex.common_of_finite_cover_row_checked", "axioms": ["propext", "Classical.choice", "Quot.sound"]}, {"declared_name": "B699LowIndex.LowIndexLean513dc7cc.good_top_prime_checked", "axioms": ["propext", "Classical.choice", "Quot.sound"]}, {"declared_name": "B699LowIndex.LowIndexLean513dc7cc.coverLayerCheck_of_parts", "axioms": ["propext", "Classical.choice", "Quot.sound"]}], "unexpected_axioms": [], "guarded_output_inferred": false}}
2026-09-10T19:20:07.0029070Z Node 20 is being deprecated. This workflow is running with Node 24 by default. If you need to temporarily use Node 20, you can set the ACTIONS_ALLOW_USE_UNSECURE_NODE_VERSION=true environment variable. For more information see: https://github.blog/changelog/2025-09-19-deprecation-of-node-20-on-github-actions-runners/
2026-09-10T19:20:07.0030412Z ##[group]Run actions/upload-artifact@ea165f8d65b6e75b540449e92b4886f43607fa02
2026-09-10T19:20:07.0030801Z with:
2026-09-10T19:20:07.0031012Z   name: b699-shared-evidence
2026-09-10T19:20:07.0031512Z   path: research/tasks/B699-Binomial/runs/20260911-low-index-lean-513dc7cc/verification
2026-09-10T19:20:07.0031979Z   if-no-files-found: error
2026-09-10T19:20:07.0032235Z   compression-level: 6
2026-09-10T19:20:07.0032474Z   overwrite: false
2026-09-10T19:20:07.0032698Z   include-hidden-files: false
2026-09-10T19:20:07.0032939Z env:
2026-09-10T19:20:07.0033257Z   B699_RUN: research/tasks/B699-Binomial/runs/20260911-low-index-lean-513dc7cc
2026-09-10T19:20:07.0033718Z   B699_RAW: .tools/20260911-low-index-lean-513dc7cc
2026-09-10T19:20:07.0034017Z ##[endgroup]
2026-09-10T19:20:07.1911129Z (node:2747) [DEP0040] DeprecationWarning: The `punycode` module is deprecated. Please use a userland alternative instead.
2026-09-10T19:20:07.1917986Z (Use `node --trace-deprecation ...` to show where the warning was created)
2026-09-10T19:20:07.2631276Z With the provided path, there will be 172 files uploaded
2026-09-10T19:20:07.2632095Z Artifact name is valid!
2026-09-10T19:20:07.2632473Z Root directory input is valid!
2026-09-10T19:20:07.5301184Z Beginning upload of artifact content to blob storage
2026-09-10T19:20:07.7890891Z (node:2747) [DEP0169] DeprecationWarning: `url.parse()` behavior is not standardized and prone to errors that have security implications. Use the WHATWG URL API instead. CVEs are not issued for `url.parse()` vulnerabilities.
2026-09-10T19:20:08.0521384Z Uploaded bytes 437516
2026-09-10T19:20:08.0902644Z Finished uploading artifact content to blob storage!
2026-09-10T19:20:08.0904023Z SHA256 digest of uploaded artifact zip is a9454bf35a1bb8e61c5749f6afbe998021638e84d27c7f27b7e23411febd9ec1
2026-09-10T19:20:08.0905110Z Finalizing artifact upload
2026-09-10T19:20:08.9280486Z Artifact b699-shared-evidence.zip successfully finalized. Artifact ID 10169141402
2026-09-10T19:20:08.9281979Z Artifact b699-shared-evidence has been successfully uploaded! Final size is 437516 bytes. Artifact ID is 10169141402
2026-09-10T19:20:08.9285471Z Artifact download URL: https://github.com/HuanHuanHuanFFF/lean-math-lab/actions/runs/34519132194/artifacts/10169141402
2026-09-10T19:20:08.9492810Z Post job cleanup.
2026-09-10T19:20:09.0447437Z [command]/usr/bin/git version
2026-09-10T19:20:09.0517453Z git version 2.55.0
2026-09-10T19:20:09.0570573Z Temporarily overriding HOME='/home/runner/work/_temp/33ba4e88-fef6-4896-9c13-3afb1a3fcd76' before making global git config changes
2026-09-10T19:20:09.0572184Z Adding repository directory to the temporary git global config as a safe directory
2026-09-10T19:20:09.0573497Z [command]/usr/bin/git config --global --add safe.directory /home/runner/work/lean-math-lab/lean-math-lab
2026-09-10T19:20:09.0618344Z Removing SSH command configuration
2026-09-10T19:20:09.0648734Z [command]/usr/bin/git config --local --name-only --get-regexp core\.sshCommand
2026-09-10T19:20:09.0728068Z [command]/usr/bin/git submodule foreach --recursive sh -c "git config --local --name-only --get-regexp 'core\.sshCommand' && git config --local --unset-all 'core.sshCommand' || :"
2026-09-10T19:20:09.1107477Z Removing HTTP extra header
2026-09-10T19:20:09.1129729Z [command]/usr/bin/git config --local --name-only --get-regexp http\.https\:\/\/github\.com\/\.extraheader
2026-09-10T19:20:09.1134644Z [command]/usr/bin/git submodule foreach --recursive sh -c "git config --local --name-only --get-regexp 'http\.https\:\/\/github\.com\/\.extraheader' && git config --local --unset-all 'http.https://github.com/.extraheader' || :"
2026-09-10T19:20:09.1627669Z Removing includeIf entries pointing to credentials config files
2026-09-10T19:20:09.1647647Z [command]/usr/bin/git config --local --name-only --get-regexp ^includeIf\.gitdir:
2026-09-10T19:20:09.1681819Z includeif.gitdir:/home/runner/work/lean-math-lab/lean-math-lab/.git.path
2026-09-10T19:20:09.1687852Z includeif.gitdir:/home/runner/work/lean-math-lab/lean-math-lab/.git/worktrees/*.path
2026-09-10T19:20:09.1691193Z includeif.gitdir:/github/workspace/.git.path
2026-09-10T19:20:09.1692078Z includeif.gitdir:/github/workspace/.git/worktrees/*.path
2026-09-10T19:20:09.1694293Z [command]/usr/bin/git config --local --get-all includeif.gitdir:/home/runner/work/lean-math-lab/lean-math-lab/.git.path
2026-09-10T19:20:09.1757219Z /home/runner/work/_temp/git-credentials-9a4290b7-094b-446f-9ffd-49a6483bf694.config
2026-09-10T19:20:09.1810578Z [command]/usr/bin/git config --local --unset includeif.gitdir:/home/runner/work/lean-math-lab/lean-math-lab/.git.path \/home\/runner\/work\/_temp\/git\-credentials\-9a4290b7\-094b\-446f\-9ffd\-49a6483bf694\.config
2026-09-10T19:20:09.1882898Z [command]/usr/bin/git config --local --get-all includeif.gitdir:/home/runner/work/lean-math-lab/lean-math-lab/.git/worktrees/*.path
2026-09-10T19:20:09.1920202Z /home/runner/work/_temp/git-credentials-9a4290b7-094b-446f-9ffd-49a6483bf694.config
2026-09-10T19:20:09.1984070Z [command]/usr/bin/git config --local --unset includeif.gitdir:/home/runner/work/lean-math-lab/lean-math-lab/.git/worktrees/*.path \/home\/runner\/work\/_temp\/git\-credentials\-9a4290b7\-094b\-446f\-9ffd\-49a6483bf694\.config
2026-09-10T19:20:09.2073851Z [command]/usr/bin/git config --local --get-all includeif.gitdir:/github/workspace/.git.path
2026-09-10T19:20:09.2115683Z /github/runner_temp/git-credentials-9a4290b7-094b-446f-9ffd-49a6483bf694.config
2026-09-10T19:20:09.2158158Z [command]/usr/bin/git config --local --unset includeif.gitdir:/github/workspace/.git.path \/github\/runner_temp\/git\-credentials\-9a4290b7\-094b\-446f\-9ffd\-49a6483bf694\.config
2026-09-10T19:20:09.2195714Z [command]/usr/bin/git config --local --get-all includeif.gitdir:/github/workspace/.git/worktrees/*.path
2026-09-10T19:20:09.2239483Z /github/runner_temp/git-credentials-9a4290b7-094b-446f-9ffd-49a6483bf694.config
2026-09-10T19:20:09.2288355Z [command]/usr/bin/git config --local --unset includeif.gitdir:/github/workspace/.git/worktrees/*.path \/github\/runner_temp\/git\-credentials\-9a4290b7\-094b\-446f\-9ffd\-49a6483bf694\.config
2026-09-10T19:20:09.2317996Z [command]/usr/bin/git submodule foreach --recursive git config --local --show-origin --name-only --get-regexp remote.origin.url
2026-09-10T19:20:09.2728325Z Removing credentials config '/home/runner/work/_temp/git-credentials-9a4290b7-094b-446f-9ffd-49a6483bf694.config'
2026-09-10T19:20:09.2892431Z Evaluate and set job outputs
2026-09-10T19:20:09.2897993Z Set output 'matrix'
2026-09-10T19:20:09.2899578Z Set output 'has_work'
2026-09-10T19:20:09.2900622Z Cleaning up orphan processes
2026-09-10T19:20:09.3222995Z ##[warning]Node.js 20 is deprecated. The following actions target Node.js 20 but are being forced to run on Node.js 24: actions/upload-artifact@ea165f8d65b6e75b540449e92b4886f43607fa02. For more information see: https://github.blog/changelog/2025-09-19-deprecation-of-node-20-on-github-actions-runners/
