257 148 22215
0 0 1 0
1 0 1 1
2 0 1 2
3 0 1 3
4 0 1 4
5 0 1 5
6 0 1 6
7 0 1 7
8 0 1 8
9 0 1 9
10 0 1 10
11 0 1 11
12 0 1 12
13 0 1 13
14 0 1 14
15 0 1 15
16 0 1 16
17 0 1 17
18 0 1 18
19 0 1 19
20 0 1 20
21 0 1 21
22 0 1 22
23 0 1 23
24 0 1 24
25 0 1 25
26 0 1 26
27 0 1 27
28 0 1 28
29 0 1 29
30 0 1 30
31 0 1 31
32 0 1 32
33 0 1 33
34 0 1 34
35 0 1 35
36 0 1 36
37 0 1 37
38 0 1 38
39 0 1 39
40 0 1 40
41 0 1 41
42 0 1 42
43 0 1 43
44 0 1 44
45 0 1 45
46 0 1 46
47 0 1 47
48 0 1 48
49 0 1 49
50 0 1 50
51 0 1 51
52 0 1 52
53 0 1 53
54 0 1 54
55 0 1 55
56 0 1 56
57 0 1 57
58 0 1 58
59 0 1 59
60 0 1 60
61 0 1 61
62 0 1 62
63 0 1 63
64 0 1 64
65 0 1 65
66 0 1 66
67 0 1 67
68 0 1 68
69 0 1 69
70 0 1 70
71 0 1 71
72 0 1 72
73 0 1 73
74 0 1 74
75 1 1 2
76 1 1 3
77 1 1 4
78 1 1 5
79 1 1 6
80 1 1 7
81 1 1 8
82 1 1 9
83 1 1 10
84 1 1 11
85 1 1 12
86 1 1 13
87 1 1 14
88 1 1 15
89 1 1 16
90 1 1 17
91 1 1 18
92 1 1 19
93 1 1 20
94 1 1 21
95 1 1 22
96 1 1 23
97 1 1 24
98 1 1 25
99 1 1 26
100 1 1 27
101 1 1 28
102 1 1 29
103 1 1 30
104 1 1 31
105 1 1 32
106 1 1 33
107 1 1 34
108 1 1 35
109 1 1 36
110 1 1 37
111 1 1 38
112 1 1 39
113 1 1 40
114 1 1 41
115 1 1 42
116 1 1 43
117 1 1 44
118 1 1 45
119 1 1 46
120 1 1 47
121 1 1 48
122 1 1 49
123 1 1 50
124 1 1 51
125 1 1 52
126 1 1 53
127 1 1 54
128 1 1 55
129 1 1 56
130 1 1 57
131 1 1 58
132 1 1 59
133 1 1 60
134 1 1 61
135 1 1 62
136 1 1 63
137 1 1 64
138 1 1 65
139 1 1 66
140 1 1 67
141 1 1 68
142 1 1 69
143 1 1 70
144 1 1 71
145 1 1 72
146 1 1 73
147 1 1 74
148 1 1 75
149 2 1 4
150 2 1 5
151 2 1 6
152 2 1 7
153 2 1 8
154 2 1 9
155 2 1 10
156 2 1 11
157 2 1 12
158 2 1 13
159 2 1 14
160 2 1 15
161 2 1 16
162 2 1 17
163 2 1 18
164 2 1 19
165 2 1 20
166 2 1 21
167 2 1 22
168 2 1 23
169 2 1 24
170 2 1 25
171 2 1 26
172 2 1 27
173 2 1 28
174 2 1 29
175 2 1 30
176 2 1 31
177 2 1 32
178 2 1 33
179 2 1 34
180 2 1 35
181 2 1 36
182 2 1 37
183 2 1 38
184 2 1 39
185 2 1 40
186 2 1 41
187 2 1 42
188 2 1 43
189 2 1 44
190 2 1 45
191 2 1 46
192 2 1 47
193 2 1 48
194 2 1 49
195 2 1 50
196 2 1 51
197 2 1 52
198 2 1 53
199 2 1 54
200 2 1 55
201 2 1 56
202 2 1 57
203 2 1 58
204 2 1 59
205 2 1 60
206 2 1 61
207 2 1 62
208 2 1 63
209 2 1 64
210 2 1 65
211 2 1 66
212 2 1 67
213 2 1 68
214 2 1 69
215 2 1 70
216 2 1 71
217 2 1 72
218 2 1 73
219 2 1 74
220 2 1 75
221 2 1 76
222 3 1 6
223 3 1 7
224 3 1 8
225 3 1 9
226 3 1 10
227 3 1 11
228 3 1 12
229 3 1 13
230 3 1 14
231 3 1 15
232 3 1 16
233 3 1 17
234 3 1 18
235 3 1 19
236 3 1 20
237 3 1 21
238 3 1 22
239 3 1 23
240 3 1 24
241 3 1 25
242 3 1 26
243 3 1 27
244 3 1 28
245 3 1 29
246 3 1 30
247 3 1 31
248 3 1 32
249 3 1 33
250 3 1 34
251 3 1 35
252 3 1 36
253 3 1 37
254 3 1 38
255 3 1 39
256 3 1 40
257 3 1 41
258 3 1 42
259 3 1 43
260 3 1 44
261 3 1 45
262 3 1 46
263 3 1 47
264 3 1 48
265 3 1 49
266 3 1 50
267 3 1 51
268 3 1 52
269 3 1 53
270 3 1 54
271 3 1 55
272 3 1 56
273 3 1 57
274 3 1 58
275 3 1 59
276 3 1 60
277 3 1 61
278 3 1 62
279 3 1 63
280 3 1 64
281 3 1 65
282 3 1 66
283 3 1 67
284 3 1 68
285 3 1 69
286 3 1 70
287 3 1 71
288 3 1 72
289 3 1 73
290 3 1 74
291 3 1 75
292 3 1 76
293 3 1 77
294 4 1 8
295 4 1 9
296 4 1 10
297 4 1 11
298 4 1 12
299 4 1 13
300 4 1 14
301 4 1 15
302 4 1 16
303 4 1 17
304 4 1 18
305 4 1 19
306 4 1 20
307 4 1 21
308 4 1 22
309 4 1 23
310 4 1 24
311 4 1 25
312 4 1 26
313 4 1 27
314 4 1 28
315 4 1 29
316 4 1 30
317 4 1 31
318 4 1 32
319 4 1 33
320 4 1 34
321 4 1 35
322 4 1 36
323 4 1 37
324 4 1 38
325 4 1 39
326 4 1 40
327 4 1 41
328 4 1 42
329 4 1 43
330 4 1 44
331 4 1 45
332 4 1 46
333 4 1 47
334 4 1 48
335 4 1 49
336 4 1 50
337 4 1 51
338 4 1 52
339 4 1 53
340 4 1 54
341 4 1 55
342 4 1 56
343 4 1 57
344 4 1 58
345 4 1 59
346 4 1 60
347 4 1 61
348 4 1 62
349 4 1 63
350 4 1 64
351 4 1 65
352 4 1 66
353 4 1 67
354 4 1 68
355 4 1 69
356 4 1 70
357 4 1 71
358 4 1 72
359 4 1 73
360 4 1 74
361 4 1 75
362 4 1 76
363 4 1 77
364 4 1 78
365 5 1 10
366 5 1 11
367 5 1 12
368 5 1 13
369 5 1 14
370 5 1 15
371 5 1 16
372 5 1 17
373 5 1 18
374 5 1 19
375 5 1 20
376 5 1 21
377 5 1 22
378 5 1 23
379 5 1 24
380 5 1 25
381 5 1 26
382 5 1 27
383 5 1 28
384 5 1 29
385 5 1 30
386 5 1 31
387 5 1 32
388 5 1 33
389 5 1 34
390 5 1 35
391 5 1 36
392 5 1 37
393 5 1 38
394 5 1 39
395 5 1 40
396 5 1 41
397 5 1 42
398 5 1 43
399 5 1 44
400 5 1 45
401 5 1 46
402 5 1 47
403 5 1 48
404 5 1 49
405 5 1 50
406 5 1 51
407 5 1 52
408 5 1 53
409 5 1 54
410 5 1 55
411 5 1 56
412 5 1 57
413 5 1 58
414 5 1 59
415 5 1 60
416 5 1 61
417 5 1 62
418 5 1 63
419 5 1 64
420 5 1 65
421 5 1 66
422 5 1 67
423 5 1 68
424 5 1 69
425 5 1 70
426 5 1 71
427 5 1 72
428 5 1 73
429 5 1 74
430 5 1 75
431 5 1 76
432 5 1 77
433 5 1 78
434 5 1 79
435 6 1 12
436 6 1 13
437 6 1 14
438 6 1 15
439 6 1 16
440 6 1 17
441 6 1 18
442 6 1 19
443 6 1 20
444 6 1 21
445 6 1 22
446 6 1 23
447 6 1 24
448 6 1 25
449 6 1 26
450 6 1 27
451 6 1 28
452 6 1 29
453 6 1 30
454 6 1 31
455 6 1 32
456 6 1 33
457 6 1 34
458 6 1 35
459 6 1 36
460 6 1 37
461 6 1 38
462 6 1 39
463 6 1 40
464 6 1 41
465 6 1 42
466 6 1 43
467 6 1 44
468 6 1 45
469 6 1 46
470 6 1 47
471 6 1 48
472 6 1 49
473 6 1 50
474 6 1 51
475 6 1 52
476 6 1 53
477 6 1 54
478 6 1 55
479 6 1 56
480 6 1 57
481 6 1 58
482 6 1 59
483 6 1 60
484 6 1 61
485 6 1 62
486 6 1 63
487 6 1 64
488 6 1 65
489 6 1 66
490 6 1 67
491 6 1 68
492 6 1 69
493 6 1 70
494 6 1 71
495 6 1 72
496 6 1 73
497 6 1 74
498 6 1 75
499 6 1 76
500 6 1 77
501 6 1 78
502 6 1 79
503 6 1 80
504 7 1 14
505 7 1 15
506 7 1 16
507 7 1 17
508 7 1 18
509 7 1 19
510 7 1 20
511 7 1 21
512 7 1 22
513 7 1 23
514 7 1 24
515 7 1 25
516 7 1 26
517 7 1 27
518 7 1 28
519 7 1 29
520 7 1 30
521 7 1 31
522 7 1 32
523 7 1 33
524 7 1 34
525 7 1 35
526 7 1 36
527 7 1 37
528 7 1 38
529 7 1 39
530 7 1 40
531 7 1 41
532 7 1 42
533 7 1 43
534 7 1 44
535 7 1 45
536 7 1 46
537 7 1 47
538 7 1 48
539 7 1 49
540 7 1 50
541 7 1 51
542 7 1 52
543 7 1 53
544 7 1 54
545 7 1 55
546 7 1 56
547 7 1 57
548 7 1 58
549 7 1 59
550 7 1 60
551 7 1 61
552 7 1 62
553 7 1 63
554 7 1 64
555 7 1 65
556 7 1 66
557 7 1 67
558 7 1 68
559 7 1 69
560 7 1 70
561 7 1 71
562 7 1 72
563 7 1 73
564 7 1 74
565 7 1 75
566 7 1 76
567 7 1 77
568 7 1 78
569 7 1 79
570 7 1 80
571 7 1 81
572 8 1 16
573 8 1 17
574 8 1 18
575 8 1 19
576 8 1 20
577 8 1 21
578 8 1 22
579 8 1 23
580 8 1 24
581 8 1 25
582 8 1 26
583 8 1 27
584 8 1 28
585 8 1 29
586 8 1 30
587 8 1 31
588 8 1 32
589 8 1 33
590 8 1 34
591 8 1 35
592 8 1 36
593 8 1 37
594 8 1 38
595 8 1 39
596 8 1 40
597 8 1 41
598 8 1 42
599 8 1 43
600 8 1 44
601 8 1 45
602 8 1 46
603 8 1 47
604 8 1 48
605 8 1 49
606 8 1 50
607 8 1 51
608 8 1 52
609 8 1 53
610 8 1 54
611 8 1 55
612 8 1 56
613 8 1 57
614 8 1 58
615 8 1 59
616 8 1 60
617 8 1 61
618 8 1 62
619 8 1 63
620 8 1 64
621 8 1 65
622 8 1 66
623 8 1 67
624 8 1 68
625 8 1 69
626 8 1 70
627 8 1 71
628 8 1 72
629 8 1 73
630 8 1 74
631 8 1 75
632 8 1 76
633 8 1 77
634 8 1 78
635 8 1 79
636 8 1 80
637 8 1 81
638 8 1 82
639 9 1 18
640 9 1 19
641 9 1 20
642 9 1 21
643 9 1 22
644 9 1 23
645 9 1 24
646 9 1 25
647 9 1 26
648 9 1 27
649 9 1 28
650 9 1 29
651 9 1 30
652 9 1 31
653 9 1 32
654 9 1 33
655 9 1 34
656 9 1 35
657 9 1 36
658 9 1 37
659 9 1 38
660 9 1 39
661 9 1 40
662 9 1 41
663 9 1 42
664 9 1 43
665 9 1 44
666 9 1 45
667 9 1 46
668 9 1 47
669 9 1 48
670 9 1 49
671 9 1 50
672 9 1 51
673 9 1 52
674 9 1 53
675 9 1 54
676 9 1 55
677 9 1 56
678 9 1 57
679 9 1 58
680 9 1 59
681 9 1 60
682 9 1 61
683 9 1 62
684 9 1 63
685 9 1 64
686 9 1 65
687 9 1 66
688 9 1 67
689 9 1 68
690 9 1 69
691 9 1 70
692 9 1 71
693 9 1 72
694 9 1 73
695 9 1 74
696 9 1 75
697 9 1 76
698 9 1 77
699 9 1 78
700 9 1 79
701 9 1 80
702 9 1 81
703 9 1 82
704 9 1 83
705 10 1 20
706 10 1 21
707 10 1 22
708 10 1 23
709 10 1 24
710 10 1 25
711 10 1 26
712 10 1 27
713 10 1 28
714 10 1 29
715 10 1 30
716 10 1 31
717 10 1 32
718 10 1 33
719 10 1 34
720 10 1 35
721 10 1 36
722 10 1 37
723 10 1 38
724 10 1 39
725 10 1 40
726 10 1 41
727 10 1 42
728 10 1 43
729 10 1 44
730 10 1 45
731 10 1 46
732 10 1 47
733 10 1 48
734 10 1 49
735 10 1 50
736 10 1 51
737 10 1 52
738 10 1 53
739 10 1 54
740 10 1 55
741 10 1 56
742 10 1 57
743 10 1 58
744 10 1 59
745 10 1 60
746 10 1 61
747 10 1 62
748 10 1 63
749 10 1 64
750 10 1 65
751 10 1 66
752 10 1 67
753 10 1 68
754 10 1 69
755 10 1 70
756 10 1 71
757 10 1 72
758 10 1 73
759 10 1 74
760 10 1 75
761 10 1 76
762 10 1 77
763 10 1 78
764 10 1 79
765 10 1 80
766 10 1 81
767 10 1 82
768 10 1 83
769 10 1 84
770 11 1 22
771 11 1 23
772 11 1 24
773 11 1 25
774 11 1 26
775 11 1 27
776 11 1 28
777 11 1 29
778 11 1 30
779 11 1 31
780 11 1 32
781 11 1 33
782 11 1 34
783 11 1 35
784 11 1 36
785 11 1 37
786 11 1 38
787 11 1 39
788 11 1 40
789 11 1 41
790 11 1 42
791 11 1 43
792 11 1 44
793 11 1 45
794 11 1 46
795 11 1 47
796 11 1 48
797 11 1 49
798 11 1 50
799 11 1 51
800 11 1 52
801 11 1 53
802 11 1 54
803 11 1 55
804 11 1 56
805 11 1 57
806 11 1 58
807 11 1 59
808 11 1 60
809 11 1 61
810 11 1 62
811 11 1 63
812 11 1 64
813 11 1 65
814 11 1 66
815 11 1 67
816 11 1 68
817 11 1 69
818 11 1 70
819 11 1 71
820 11 1 72
821 11 1 73
822 11 1 74
823 11 1 75
824 11 1 76
825 11 1 77
826 11 1 78
827 11 1 79
828 11 1 80
829 11 1 81
830 11 1 82
831 11 1 83
832 11 1 84
833 11 1 85
834 12 1 24
835 12 1 25
836 12 1 26
837 12 1 27
838 12 1 28
839 12 1 29
840 12 1 30
841 12 1 31
842 12 1 32
843 12 1 33
844 12 1 34
845 12 1 35
846 12 1 36
847 12 1 37
848 12 1 38
849 12 1 39
850 12 1 40
851 12 1 41
852 12 1 42
853 12 1 43
854 12 1 44
855 12 1 45
856 12 1 46
857 12 1 47
858 12 1 48
859 12 1 49
860 12 1 50
861 12 1 51
862 12 1 52
863 12 1 53
864 12 1 54
865 12 1 55
866 12 1 56
867 12 1 57
868 12 1 58
869 12 1 59
870 12 1 60
871 12 1 61
872 12 1 62
873 12 1 63
874 12 1 64
875 12 1 65
876 12 1 66
877 12 1 67
878 12 1 68
879 12 1 69
880 12 1 70
881 12 1 71
882 12 1 72
883 12 1 73
884 12 1 74
885 12 1 75
886 12 1 76
887 12 1 77
888 12 1 78
889 12 1 79
890 12 1 80
891 12 1 81
892 12 1 82
893 12 1 83
894 12 1 84
895 12 1 85
896 12 1 86
897 13 1 26
898 13 1 27
899 13 1 28
900 13 1 29
901 13 1 30
902 13 1 31
903 13 1 32
904 13 1 33
905 13 1 34
906 13 1 35
907 13 1 36
908 13 1 37
909 13 1 38
910 13 1 39
911 13 1 40
912 13 1 41
913 13 1 42
914 13 1 43
915 13 1 44
916 13 1 45
917 13 1 46
918 13 1 47
919 13 1 48
920 13 1 49
921 13 1 50
922 13 1 51
923 13 1 52
924 13 1 53
925 13 1 54
926 13 1 55
927 13 1 56
928 13 1 57
929 13 1 58
930 13 1 59
931 13 1 60
932 13 1 61
933 13 1 62
934 13 1 63
935 13 1 64
936 13 1 65
937 13 1 66
938 13 1 67
939 13 1 68
940 13 1 69
941 13 1 70
942 13 1 71
943 13 1 72
944 13 1 73
945 13 1 74
946 13 1 75
947 13 1 76
948 13 1 77
949 13 1 78
950 13 1 79
951 13 1 80
952 13 1 81
953 13 1 82
954 13 1 83
955 13 1 84
956 13 1 85
957 13 1 86
958 13 1 87
959 14 1 28
960 14 1 29
961 14 1 30
962 14 1 31
963 14 1 32
964 14 1 33
965 14 1 34
966 14 1 35
967 14 1 36
968 14 1 37
969 14 1 38
970 14 1 39
971 14 1 40
972 14 1 41
973 14 1 42
974 14 1 43
975 14 1 44
976 14 1 45
977 14 1 46
978 14 1 47
979 14 1 48
980 14 1 49
981 14 1 50
982 14 1 51
983 14 1 52
984 14 1 53
985 14 1 54
986 14 1 55
987 14 1 56
988 14 1 57
989 14 1 58
990 14 1 59
991 14 1 60
992 14 1 61
993 14 1 62
994 14 1 63
995 14 1 64
996 14 1 65
997 14 1 66
998 14 1 67
999 14 1 68
1000 14 1 69
1001 14 1 70
1002 14 1 71
1003 14 1 72
1004 14 1 73
1005 14 1 74
1006 14 1 75
1007 14 1 76
1008 14 1 77
1009 14 1 78
1010 14 1 79
1011 14 1 80
1012 14 1 81
1013 14 1 82
1014 14 1 83
1015 14 1 84
1016 14 1 85
1017 14 1 86
1018 14 1 87
1019 14 1 88
1020 15 1 30
1021 15 1 31
1022 15 1 32
1023 15 1 33
1024 15 1 34
1025 15 1 35
1026 15 1 36
1027 15 1 37
1028 15 1 38
1029 15 1 39
1030 15 1 40
1031 15 1 41
1032 15 1 42
1033 15 1 43
1034 15 1 44
1035 15 1 45
1036 15 1 46
1037 15 1 47
1038 15 1 48
1039 15 1 49
1040 15 1 50
1041 15 1 51
1042 15 1 52
1043 15 1 53
1044 15 1 54
1045 15 1 55
1046 15 1 56
1047 15 1 57
1048 15 1 58
1049 15 1 59
1050 15 1 60
1051 15 1 61
1052 15 1 62
1053 15 1 63
1054 15 1 64
1055 15 1 65
1056 15 1 66
1057 15 1 67
1058 15 1 68
1059 15 1 69
1060 15 1 70
1061 15 1 71
1062 15 1 72
1063 15 1 73
1064 15 1 74
1065 15 1 75
1066 15 1 76
1067 15 1 77
1068 15 1 78
1069 15 1 79
1070 15 1 80
1071 15 1 81
1072 15 1 82
1073 15 1 83
1074 15 1 84
1075 15 1 85
1076 15 1 86
1077 15 1 87
1078 15 1 88
1079 15 1 89
1080 16 1 32
1081 16 1 33
1082 16 1 34
1083 16 1 35
1084 16 1 36
1085 16 1 37
1086 16 1 38
1087 16 1 39
1088 16 1 40
1089 16 1 41
1090 16 1 42
1091 16 1 43
1092 16 1 44
1093 16 1 45
1094 16 1 46
1095 16 1 47
1096 16 1 48
1097 16 1 49
1098 16 1 50
1099 16 1 51
1100 16 1 52
1101 16 1 53
1102 16 1 54
1103 16 1 55
1104 16 1 56
1105 16 1 57
1106 16 1 58
1107 16 1 59
1108 16 1 60
1109 16 1 61
1110 16 1 62
1111 16 1 63
1112 16 1 64
1113 16 1 65
1114 16 1 66
1115 16 1 67
1116 16 1 68
1117 16 1 69
1118 16 1 70
1119 16 1 71
1120 16 1 72
1121 16 1 73
1122 16 1 74
1123 16 1 75
1124 16 1 76
1125 16 1 77
1126 16 1 78
1127 16 1 79
1128 16 1 80
1129 16 1 81
1130 16 1 82
1131 16 1 83
1132 16 1 84
1133 16 1 85
1134 16 1 86
1135 16 1 87
1136 16 1 88
1137 16 1 89
1138 16 1 90
1139 17 1 34
1140 17 1 35
1141 17 1 36
1142 17 1 37
1143 17 1 38
1144 17 1 39
1145 17 1 40
1146 17 1 41
1147 17 1 42
1148 17 1 43
1149 17 1 44
1150 17 1 45
1151 17 1 46
1152 17 1 47
1153 17 1 48
1154 17 1 49
1155 17 1 50
1156 17 1 51
1157 17 1 52
1158 17 1 53
1159 17 1 54
1160 17 1 55
1161 17 1 56
1162 17 1 57
1163 17 1 58
1164 17 1 59
1165 17 1 60
1166 17 1 61
1167 17 1 62
1168 17 1 63
1169 17 1 64
1170 17 1 65
1171 17 1 66
1172 17 1 67
1173 17 1 68
1174 17 1 69
1175 17 1 70
1176 17 1 71
1177 17 1 72
1178 17 1 73
1179 17 1 74
1180 17 1 75
1181 17 1 76
1182 17 1 77
1183 17 1 78
1184 17 1 79
1185 17 1 80
1186 17 1 81
1187 17 1 82
1188 17 1 83
1189 17 1 84
1190 17 1 85
1191 17 1 86
1192 17 1 87
1193 17 1 88
1194 17 1 89
1195 17 1 90
1196 17 1 91
1197 18 1 36
1198 18 1 37
1199 18 1 38
1200 18 1 39
1201 18 1 40
1202 18 1 41
1203 18 1 42
1204 18 1 43
1205 18 1 44
1206 18 1 45
1207 18 1 46
1208 18 1 47
1209 18 1 48
1210 18 1 49
1211 18 1 50
1212 18 1 51
1213 18 1 52
1214 18 1 53
1215 18 1 54
1216 18 1 55
1217 18 1 56
1218 18 1 57
1219 18 1 58
1220 18 1 59
1221 18 1 60
1222 18 1 61
1223 18 1 62
1224 18 1 63
1225 18 1 64
1226 18 1 65
1227 18 1 66
1228 18 1 67
1229 18 1 68
1230 18 1 69
1231 18 1 70
1232 18 1 71
1233 18 1 72
1234 18 1 73
1235 18 1 74
1236 18 1 75
1237 18 1 76
1238 18 1 77
1239 18 1 78
1240 18 1 79
1241 18 1 80
1242 18 1 81
1243 18 1 82
1244 18 1 83
1245 18 1 84
1246 18 1 85
1247 18 1 86
1248 18 1 87
1249 18 1 88
1250 18 1 89
1251 18 1 90
1252 18 1 91
1253 18 1 92
1254 19 1 38
1255 19 1 39
1256 19 1 40
1257 19 1 41
1258 19 1 42
1259 19 1 43
1260 19 1 44
1261 19 1 45
1262 19 1 46
1263 19 1 47
1264 19 1 48
1265 19 1 49
1266 19 1 50
1267 19 1 51
1268 19 1 52
1269 19 1 53
1270 19 1 54
1271 19 1 55
1272 19 1 56
1273 19 1 57
1274 19 1 58
1275 19 1 59
1276 19 1 60
1277 19 1 61
1278 19 1 62
1279 19 1 63
1280 19 1 64
1281 19 1 65
1282 19 1 66
1283 19 1 67
1284 19 1 68
1285 19 1 69
1286 19 1 70
1287 19 1 71
1288 19 1 72
1289 19 1 73
1290 19 1 74
1291 19 1 75
1292 19 1 76
1293 19 1 77
1294 19 1 78
1295 19 1 79
1296 19 1 80
1297 19 1 81
1298 19 1 82
1299 19 1 83
1300 19 1 84
1301 19 1 85
1302 19 1 86
1303 19 1 87
1304 19 1 88
1305 19 1 89
1306 19 1 90
1307 19 1 91
1308 19 1 92
1309 19 1 93
1310 20 1 40
1311 20 1 41
1312 20 1 42
1313 20 1 43
1314 20 1 44
1315 20 1 45
1316 20 1 46
1317 20 1 47
1318 20 1 48
1319 20 1 49
1320 20 1 50
1321 20 1 51
1322 20 1 52
1323 20 1 53
1324 20 1 54
1325 20 1 55
1326 20 1 56
1327 20 1 57
1328 20 1 58
1329 20 1 59
1330 20 1 60
1331 20 1 61
1332 20 1 62
1333 20 1 63
1334 20 1 64
1335 20 1 65
1336 20 1 66
1337 20 1 67
1338 20 1 68
1339 20 1 69
1340 20 1 70
1341 20 1 71
1342 20 1 72
1343 20 1 73
1344 20 1 74
1345 20 1 75
1346 20 1 76
1347 20 1 77
1348 20 1 78
1349 20 1 79
1350 20 1 80
1351 20 1 81
1352 20 1 82
1353 20 1 83
1354 20 1 84
1355 20 1 85
1356 20 1 86
1357 20 1 87
1358 20 1 88
1359 20 1 89
1360 20 1 90
1361 20 1 91
1362 20 1 92
1363 20 1 93
1364 20 1 94
1365 21 1 42
1366 21 1 43
1367 21 1 44
1368 21 1 45
1369 21 1 46
1370 21 1 47
1371 21 1 48
1372 21 1 49
1373 21 1 50
1374 21 1 51
1375 21 1 52
1376 21 1 53
1377 21 1 54
1378 21 1 55
1379 21 1 56
1380 21 1 57
1381 21 1 58
1382 21 1 59
1383 21 1 60
1384 21 1 61
1385 21 1 62
1386 21 1 63
1387 21 1 64
1388 21 1 65
1389 21 1 66
1390 21 1 67
1391 21 1 68
1392 21 1 69
1393 21 1 70
1394 21 1 71
1395 21 1 72
1396 21 1 73
1397 21 1 74
1398 21 1 75
1399 21 1 76
1400 21 1 77
1401 21 1 78
1402 21 1 79
1403 21 1 80
1404 21 1 81
1405 21 1 82
1406 21 1 83
1407 21 1 84
1408 21 1 85
1409 21 1 86
1410 21 1 87
1411 21 1 88
1412 21 1 89
1413 21 1 90
1414 21 1 91
1415 21 1 92
1416 21 1 93
1417 21 1 94
1418 21 1 95
1419 22 1 44
1420 22 1 45
1421 22 1 46
1422 22 1 47
1423 22 1 48
1424 22 1 49
1425 22 1 50
1426 22 1 51
1427 22 1 52
1428 22 1 53
1429 22 1 54
1430 22 1 55
1431 22 1 56
1432 22 1 57
1433 22 1 58
1434 22 1 59
1435 22 1 60
1436 22 1 61
1437 22 1 62
1438 22 1 63
1439 22 1 64
1440 22 1 65
1441 22 1 66
1442 22 1 67
1443 22 1 68
1444 22 1 69
1445 22 1 70
1446 22 1 71
1447 22 1 72
1448 22 1 73
1449 22 1 74
1450 22 1 75
1451 22 1 76
1452 22 1 77
1453 22 1 78
1454 22 1 79
1455 22 1 80
1456 22 1 81
1457 22 1 82
1458 22 1 83
1459 22 1 84
1460 22 1 85
1461 22 1 86
1462 22 1 87
1463 22 1 88
1464 22 1 89
1465 22 1 90
1466 22 1 91
1467 22 1 92
1468 22 1 93
1469 22 1 94
1470 22 1 95
1471 22 1 96
1472 23 1 46
1473 23 1 47
1474 23 1 48
1475 23 1 49
1476 23 1 50
1477 23 1 51
1478 23 1 52
1479 23 1 53
1480 23 1 54
1481 23 1 55
1482 23 1 56
1483 23 1 57
1484 23 1 58
1485 23 1 59
1486 23 1 60
1487 23 1 61
1488 23 1 62
1489 23 1 63
1490 23 1 64
1491 23 1 65
1492 23 1 66
1493 23 1 67
1494 23 1 68
1495 23 1 69
1496 23 1 70
1497 23 1 71
1498 23 1 72
1499 23 1 73
1500 23 1 74
1501 23 1 75
1502 23 1 76
1503 23 1 77
1504 23 1 78
1505 23 1 79
1506 23 1 80
1507 23 1 81
1508 23 1 82
1509 23 1 83
1510 23 1 84
1511 23 1 85
1512 23 1 86
1513 23 1 87
1514 23 1 88
1515 23 1 89
1516 23 1 90
1517 23 1 91
1518 23 1 92
1519 23 1 93
1520 23 1 94
1521 23 1 95
1522 23 1 96
1523 23 1 97
1524 24 1 48
1525 24 1 49
1526 24 1 50
1527 24 1 51
1528 24 1 52
1529 24 1 53
1530 24 1 54
1531 24 1 55
1532 24 1 56
1533 24 1 57
1534 24 1 58
1535 24 1 59
1536 24 1 60
1537 24 1 61
1538 24 1 62
1539 24 1 63
1540 24 1 64
1541 24 1 65
1542 24 1 66
1543 24 1 67
1544 24 1 68
1545 24 1 69
1546 24 1 70
1547 24 1 71
1548 24 1 72
1549 24 1 73
1550 24 1 74
1551 24 1 75
1552 24 1 76
1553 24 1 77
1554 24 1 78
1555 24 1 79
1556 24 1 80
1557 24 1 81
1558 24 1 82
1559 24 1 83
1560 24 1 84
1561 24 1 85
1562 24 1 86
1563 24 1 87
1564 24 1 88
1565 24 1 89
1566 24 1 90
1567 24 1 91
1568 24 1 92
1569 24 1 93
1570 24 1 94
1571 24 1 95
1572 24 1 96
1573 24 1 97
1574 24 1 98
1575 25 1 50
1576 25 1 51
1577 25 1 52
1578 25 1 53
1579 25 1 54
1580 25 1 55
1581 25 1 56
1582 25 1 57
1583 25 1 58
1584 25 1 59
1585 25 1 60
1586 25 1 61
1587 25 1 62
1588 25 1 63
1589 25 1 64
1590 25 1 65
1591 25 1 66
1592 25 1 67
1593 25 1 68
1594 25 1 69
1595 25 1 70
1596 25 1 71
1597 25 1 72
1598 25 1 73
1599 25 1 74
1600 25 1 75
1601 25 1 76
1602 25 1 77
1603 25 1 78
1604 25 1 79
1605 25 1 80
1606 25 1 81
1607 25 1 82
1608 25 1 83
1609 25 1 84
1610 25 1 85
1611 25 1 86
1612 25 1 87
1613 25 1 88
1614 25 1 89
1615 25 1 90
1616 25 1 91
1617 25 1 92
1618 25 1 93
1619 25 1 94
1620 25 1 95
1621 25 1 96
1622 25 1 97
1623 25 1 98
1624 25 1 99
1625 26 1 52
1626 26 1 53
1627 26 1 54
1628 26 1 55
1629 26 1 56
1630 26 1 57
1631 26 1 58
1632 26 1 59
1633 26 1 60
1634 26 1 61
1635 26 1 62
1636 26 1 63
1637 26 1 64
1638 26 1 65
1639 26 1 66
1640 26 1 67
1641 26 1 68
1642 26 1 69
1643 26 1 70
1644 26 1 71
1645 26 1 72
1646 26 1 73
1647 26 1 74
1648 26 1 75
1649 26 1 76
1650 26 1 77
1651 26 1 78
1652 26 1 79
1653 26 1 80
1654 26 1 81
1655 26 1 82
1656 26 1 83
1657 26 1 84
1658 26 1 85
1659 26 1 86
1660 26 1 87
1661 26 1 88
1662 26 1 89
1663 26 1 90
1664 26 1 91
1665 26 1 92
1666 26 1 93
1667 26 1 94
1668 26 1 95
1669 26 1 96
1670 26 1 97
1671 26 1 98
1672 26 1 99
1673 26 1 100
1674 27 1 54
1675 27 1 55
1676 27 1 56
1677 27 1 57
1678 27 1 58
1679 27 1 59
1680 27 1 60
1681 27 1 61
1682 27 1 62
1683 27 1 63
1684 27 1 64
1685 27 1 65
1686 27 1 66
1687 27 1 67
1688 27 1 68
1689 27 1 69
1690 27 1 70
1691 27 1 71
1692 27 1 72
1693 27 1 73
1694 27 1 74
1695 27 1 75
1696 27 1 76
1697 27 1 77
1698 27 1 78
1699 27 1 79
1700 27 1 80
1701 27 1 81
1702 27 1 82
1703 27 1 83
1704 27 1 84
1705 27 1 85
1706 27 1 86
1707 27 1 87
1708 27 1 88
1709 27 1 89
1710 27 1 90
1711 27 1 91
1712 27 1 92
1713 27 1 93
1714 27 1 94
1715 27 1 95
1716 27 1 96
1717 27 1 97
1718 27 1 98
1719 27 1 99
1720 27 1 100
1721 27 1 101
1722 28 1 56
1723 28 1 57
1724 28 1 58
1725 28 1 59
1726 28 1 60
1727 28 1 61
1728 28 1 62
1729 28 1 63
1730 28 1 64
1731 28 1 65
1732 28 1 66
1733 28 1 67
1734 28 1 68
1735 28 1 69
1736 28 1 70
1737 28 1 71
1738 28 1 72
1739 28 1 73
1740 28 1 74
1741 28 1 75
1742 28 1 76
1743 28 1 77
1744 28 1 78
1745 28 1 79
1746 28 1 80
1747 28 1 81
1748 28 1 82
1749 28 1 83
1750 28 1 84
1751 28 1 85
1752 28 1 86
1753 28 1 87
1754 28 1 88
1755 28 1 89
1756 28 1 90
1757 28 1 91
1758 28 1 92
1759 28 1 93
1760 28 1 94
1761 28 1 95
1762 28 1 96
1763 28 1 97
1764 28 1 98
1765 28 1 99
1766 28 1 100
1767 28 1 101
1768 28 1 102
1769 29 1 58
1770 29 1 59
1771 29 1 60
1772 29 1 61
1773 29 1 62
1774 29 1 63
1775 29 1 64
1776 29 1 65
1777 29 1 66
1778 29 1 67
1779 29 1 68
1780 29 1 69
1781 29 1 70
1782 29 1 71
1783 29 1 72
1784 29 1 73
1785 29 1 74
1786 29 1 75
1787 29 1 76
1788 29 1 77
1789 29 1 78
1790 29 1 79
1791 29 1 80
1792 29 1 81
1793 29 1 82
1794 29 1 83
1795 29 1 84
1796 29 1 85
1797 29 1 86
1798 29 1 87
1799 29 1 88
1800 29 1 89
1801 29 1 90
1802 29 1 91
1803 29 1 92
1804 29 1 93
1805 29 1 94
1806 29 1 95
1807 29 1 96
1808 29 1 97
1809 29 1 98
1810 29 1 99
1811 29 1 100
1812 29 1 101
1813 29 1 102
1814 29 1 103
1815 30 1 60
1816 30 1 61
1817 30 1 62
1818 30 1 63
1819 30 1 64
1820 30 1 65
1821 30 1 66
1822 30 1 67
1823 30 1 68
1824 30 1 69
1825 30 1 70
1826 30 1 71
1827 30 1 72
1828 30 1 73
1829 30 1 74
1830 30 1 75
1831 30 1 76
1832 30 1 77
1833 30 1 78
1834 30 1 79
1835 30 1 80
1836 30 1 81
1837 30 1 82
1838 30 1 83
1839 30 1 84
1840 30 1 85
1841 30 1 86
1842 30 1 87
1843 30 1 88
1844 30 1 89
1845 30 1 90
1846 30 1 91
1847 30 1 92
1848 30 1 93
1849 30 1 94
1850 30 1 95
1851 30 1 96
1852 30 1 97
1853 30 1 98
1854 30 1 99
1855 30 1 100
1856 30 1 101
1857 30 1 102
1858 30 1 103
1859 30 1 104
1860 31 1 62
1861 31 1 63
1862 31 1 64
1863 31 1 65
1864 31 1 66
1865 31 1 67
1866 31 1 68
1867 31 1 69
1868 31 1 70
1869 31 1 71
1870 31 1 72
1871 31 1 73
1872 31 1 74
1873 31 1 75
1874 31 1 76
1875 31 1 77
1876 31 1 78
1877 31 1 79
1878 31 1 80
1879 31 1 81
1880 31 1 82
1881 31 1 83
1882 31 1 84
1883 31 1 85
1884 31 1 86
1885 31 1 87
1886 31 1 88
1887 31 1 89
1888 31 1 90
1889 31 1 91
1890 31 1 92
1891 31 1 93
1892 31 1 94
1893 31 1 95
1894 31 1 96
1895 31 1 97
1896 31 1 98
1897 31 1 99
1898 31 1 100
1899 31 1 101
1900 31 1 102
1901 31 1 103
1902 31 1 104
1903 31 1 105
1904 32 1 64
1905 32 1 65
1906 32 1 66
1907 32 1 67
1908 32 1 68
1909 32 1 69
1910 32 1 70
1911 32 1 71
1912 32 1 72
1913 32 1 73
1914 32 1 74
1915 32 1 75
1916 32 1 76
1917 32 1 77
1918 32 1 78
1919 32 1 79
1920 32 1 80
1921 32 1 81
1922 32 1 82
1923 32 1 83
1924 32 1 84
1925 32 1 85
1926 32 1 86
1927 32 1 87
1928 32 1 88
1929 32 1 89
1930 32 1 90
1931 32 1 91
1932 32 1 92
1933 32 1 93
1934 32 1 94
1935 32 1 95
1936 32 1 96
1937 32 1 97
1938 32 1 98
1939 32 1 99
1940 32 1 100
1941 32 1 101
1942 32 1 102
1943 32 1 103
1944 32 1 104
1945 32 1 105
1946 32 1 106
1947 33 1 66
1948 33 1 67
1949 33 1 68
1950 33 1 69
1951 33 1 70
1952 33 1 71
1953 33 1 72
1954 33 1 73
1955 33 1 74
1956 33 1 75
1957 33 1 76
1958 33 1 77
1959 33 1 78
1960 33 1 79
1961 33 1 80
1962 33 1 81
1963 33 1 82
1964 33 1 83
1965 33 1 84
1966 33 1 85
1967 33 1 86
1968 33 1 87
1969 33 1 88
1970 33 1 89
1971 33 1 90
1972 33 1 91
1973 33 1 92
1974 33 1 93
1975 33 1 94
1976 33 1 95
1977 33 1 96
1978 33 1 97
1979 33 1 98
1980 33 1 99
1981 33 1 100
1982 33 1 101
1983 33 1 102
1984 33 1 103
1985 33 1 104
1986 33 1 105
1987 33 1 106
1988 33 1 107
1989 34 1 68
1990 34 1 69
1991 34 1 70
1992 34 1 71
1993 34 1 72
1994 34 1 73
1995 34 1 74
1996 34 1 75
1997 34 1 76
1998 34 1 77
1999 34 1 78
2000 34 1 79
2001 34 1 80
2002 34 1 81
2003 34 1 82
2004 34 1 83
2005 34 1 84
2006 34 1 85
2007 34 1 86
2008 34 1 87
2009 34 1 88
2010 34 1 89
2011 34 1 90
2012 34 1 91
2013 34 1 92
2014 34 1 93
2015 34 1 94
2016 34 1 95
2017 34 1 96
2018 34 1 97
2019 34 1 98
2020 34 1 99
2021 34 1 100
2022 34 1 101
2023 34 1 102
2024 34 1 103
2025 34 1 104
2026 34 1 105
2027 34 1 106
2028 34 1 107
2029 34 1 108
2030 35 1 70
2031 35 1 71
2032 35 1 72
2033 35 1 73
2034 35 1 74
2035 35 1 75
2036 35 1 76
2037 35 1 77
2038 35 1 78
2039 35 1 79
2040 35 1 80
2041 35 1 81
2042 35 1 82
2043 35 1 83
2044 35 1 84
2045 35 1 85
2046 35 1 86
2047 35 1 87
2048 35 1 88
2049 35 1 89
2050 35 1 90
2051 35 1 91
2052 35 1 92
2053 35 1 93
2054 35 1 94
2055 35 1 95
2056 35 1 96
2057 35 1 97
2058 35 1 98
2059 35 1 99
2060 35 1 100
2061 35 1 101
2062 35 1 102
2063 35 1 103
2064 35 1 104
2065 35 1 105
2066 35 1 106
2067 35 1 107
2068 35 1 108
2069 35 1 109
2070 36 1 72
2071 36 1 73
2072 36 1 74
2073 36 1 75
2074 36 1 76
2075 36 1 77
2076 36 1 78
2077 36 1 79
2078 36 1 80
2079 36 1 81
2080 36 1 82
2081 36 1 83
2082 36 1 84
2083 36 1 85
2084 36 1 86
2085 36 1 87
2086 36 1 88
2087 36 1 89
2088 36 1 90
2089 36 1 91
2090 36 1 92
2091 36 1 93
2092 36 1 94
2093 36 1 95
2094 36 1 96
2095 36 1 97
2096 36 1 98
2097 36 1 99
2098 36 1 100
2099 36 1 101
2100 36 1 102
2101 36 1 103
2102 36 1 104
2103 36 1 105
2104 36 1 106
2105 36 1 107
2106 36 1 108
2107 36 1 109
2108 36 1 110
2109 37 1 74
2110 37 1 75
2111 37 1 76
2112 37 1 77
2113 37 1 78
2114 37 1 79
2115 37 1 80
2116 37 1 81
2117 37 1 82
2118 37 1 83
2119 37 1 84
2120 37 1 85
2121 37 1 86
2122 37 1 87
2123 37 1 88
2124 37 1 89
2125 37 1 90
2126 37 1 91
2127 37 1 92
2128 37 1 93
2129 37 1 94
2130 37 1 95
2131 37 1 96
2132 37 1 97
2133 37 1 98
2134 37 1 99
2135 37 1 100
2136 37 1 101
2137 37 1 102
2138 37 1 103
2139 37 1 104
2140 37 1 105
2141 37 1 106
2142 37 1 107
2143 37 1 108
2144 37 1 109
2145 37 1 110
2146 37 1 111
2147 38 1 76
2148 38 1 77
2149 38 1 78
2150 38 1 79
2151 38 1 80
2152 38 1 81
2153 38 1 82
2154 38 1 83
2155 38 1 84
2156 38 1 85
2157 38 1 86
2158 38 1 87
2159 38 1 88
2160 38 1 89
2161 38 1 90
2162 38 1 91
2163 38 1 92
2164 38 1 93
2165 38 1 94
2166 38 1 95
2167 38 1 96
2168 38 1 97
2169 38 1 98
2170 38 1 99
2171 38 1 100
2172 38 1 101
2173 38 1 102
2174 38 1 103
2175 38 1 104
2176 38 1 105
2177 38 1 106
2178 38 1 107
2179 38 1 108
2180 38 1 109
2181 38 1 110
2182 38 1 111
2183 38 1 112
2184 39 1 78
2185 39 1 79
2186 39 1 80
2187 39 1 81
2188 39 1 82
2189 39 1 83
2190 39 1 84
2191 39 1 85
2192 39 1 86
2193 39 1 87
2194 39 1 88
2195 39 1 89
2196 39 1 90
2197 39 1 91
2198 39 1 92
2199 39 1 93
2200 39 1 94
2201 39 1 95
2202 39 1 96
2203 39 1 97
2204 39 1 98
2205 39 1 99
2206 39 1 100
2207 39 1 101
2208 39 1 102
2209 39 1 103
2210 39 1 104
2211 39 1 105
2212 39 1 106
2213 39 1 107
2214 39 1 108
2215 39 1 109
2216 39 1 110
2217 39 1 111
2218 39 1 112
2219 39 1 113
2220 40 1 80
2221 40 1 81
2222 40 1 82
2223 40 1 83
2224 40 1 84
2225 40 1 85
2226 40 1 86
2227 40 1 87
2228 40 1 88
2229 40 1 89
2230 40 1 90
2231 40 1 91
2232 40 1 92
2233 40 1 93
2234 40 1 94
2235 40 1 95
2236 40 1 96
2237 40 1 97
2238 40 1 98
2239 40 1 99
2240 40 1 100
2241 40 1 101
2242 40 1 102
2243 40 1 103
2244 40 1 104
2245 40 1 105
2246 40 1 106
2247 40 1 107
2248 40 1 108
2249 40 1 109
2250 40 1 110
2251 40 1 111
2252 40 1 112
2253 40 1 113
2254 40 1 114
2255 41 1 82
2256 41 1 83
2257 41 1 84
2258 41 1 85
2259 41 1 86
2260 41 1 87
2261 41 1 88
2262 41 1 89
2263 41 1 90
2264 41 1 91
2265 41 1 92
2266 41 1 93
2267 41 1 94
2268 41 1 95
2269 41 1 96
2270 41 1 97
2271 41 1 98
2272 41 1 99
2273 41 1 100
2274 41 1 101
2275 41 1 102
2276 41 1 103
2277 41 1 104
2278 41 1 105
2279 41 1 106
2280 41 1 107
2281 41 1 108
2282 41 1 109
2283 41 1 110
2284 41 1 111
2285 41 1 112
2286 41 1 113
2287 41 1 114
2288 41 1 115
2289 42 1 84
2290 42 1 85
2291 42 1 86
2292 42 1 87
2293 42 1 88
2294 42 1 89
2295 42 1 90
2296 42 1 91
2297 42 1 92
2298 42 1 93
2299 42 1 94
2300 42 1 95
2301 42 1 96
2302 42 1 97
2303 42 1 98
2304 42 1 99
2305 42 1 100
2306 42 1 101
2307 42 1 102
2308 42 1 103
2309 42 1 104
2310 42 1 105
2311 42 1 106
2312 42 1 107
2313 42 1 108
2314 42 1 109
2315 42 1 110
2316 42 1 111
2317 42 1 112
2318 42 1 113
2319 42 1 114
2320 42 1 115
2321 42 1 116
2322 43 1 86
2323 43 1 87
2324 43 1 88
2325 43 1 89
2326 43 1 90
2327 43 1 91
2328 43 1 92
2329 43 1 93
2330 43 1 94
2331 43 1 95
2332 43 1 96
2333 43 1 97
2334 43 1 98
2335 43 1 99
2336 43 1 100
2337 43 1 101
2338 43 1 102
2339 43 1 103
2340 43 1 104
2341 43 1 105
2342 43 1 106
2343 43 1 107
2344 43 1 108
2345 43 1 109
2346 43 1 110
2347 43 1 111
2348 43 1 112
2349 43 1 113
2350 43 1 114
2351 43 1 115
2352 43 1 116
2353 43 1 117
2354 44 1 88
2355 44 1 89
2356 44 1 90
2357 44 1 91
2358 44 1 92
2359 44 1 93
2360 44 1 94
2361 44 1 95
2362 44 1 96
2363 44 1 97
2364 44 1 98
2365 44 1 99
2366 44 1 100
2367 44 1 101
2368 44 1 102
2369 44 1 103
2370 44 1 104
2371 44 1 105
2372 44 1 106
2373 44 1 107
2374 44 1 108
2375 44 1 109
2376 44 1 110
2377 44 1 111
2378 44 1 112
2379 44 1 113
2380 44 1 114
2381 44 1 115
2382 44 1 116
2383 44 1 117
2384 44 1 118
2385 45 1 90
2386 45 1 91
2387 45 1 92
2388 45 1 93
2389 45 1 94
2390 45 1 95
2391 45 1 96
2392 45 1 97
2393 45 1 98
2394 45 1 99
2395 45 1 100
2396 45 1 101
2397 45 1 102
2398 45 1 103
2399 45 1 104
2400 45 1 105
2401 45 1 106
2402 45 1 107
2403 45 1 108
2404 45 1 109
2405 45 1 110
2406 45 1 111
2407 45 1 112
2408 45 1 113
2409 45 1 114
2410 45 1 115
2411 45 1 116
2412 45 1 117
2413 45 1 118
2414 45 1 119
2415 46 1 92
2416 46 1 93
2417 46 1 94
2418 46 1 95
2419 46 1 96
2420 46 1 97
2421 46 1 98
2422 46 1 99
2423 46 1 100
2424 46 1 101
2425 46 1 102
2426 46 1 103
2427 46 1 104
2428 46 1 105
2429 46 1 106
2430 46 1 107
2431 46 1 108
2432 46 1 109
2433 46 1 110
2434 46 1 111
2435 46 1 112
2436 46 1 113
2437 46 1 114
2438 46 1 115
2439 46 1 116
2440 46 1 117
2441 46 1 118
2442 46 1 119
2443 46 1 120
2444 47 1 94
2445 47 1 95
2446 47 1 96
2447 47 1 97
2448 47 1 98
2449 47 1 99
2450 47 1 100
2451 47 1 101
2452 47 1 102
2453 47 1 103
2454 47 1 104
2455 47 1 105
2456 47 1 106
2457 47 1 107
2458 47 1 108
2459 47 1 109
2460 47 1 110
2461 47 1 111
2462 47 1 112
2463 47 1 113
2464 47 1 114
2465 47 1 115
2466 47 1 116
2467 47 1 117
2468 47 1 118
2469 47 1 119
2470 47 1 120
2471 47 1 121
2472 48 1 96
2473 48 1 97
2474 48 1 98
2475 48 1 99
2476 48 1 100
2477 48 1 101
2478 48 1 102
2479 48 1 103
2480 48 1 104
2481 48 1 105
2482 48 1 106
2483 48 1 107
2484 48 1 108
2485 48 1 109
2486 48 1 110
2487 48 1 111
2488 48 1 112
2489 48 1 113
2490 48 1 114
2491 48 1 115
2492 48 1 116
2493 48 1 117
2494 48 1 118
2495 48 1 119
2496 48 1 120
2497 48 1 121
2498 48 1 122
2499 49 1 98
2500 49 1 99
2501 49 1 100
2502 49 1 101
2503 49 1 102
2504 49 1 103
2505 49 1 104
2506 49 1 105
2507 49 1 106
2508 49 1 107
2509 49 1 108
2510 49 1 109
2511 49 1 110
2512 49 1 111
2513 49 1 112
2514 49 1 113
2515 49 1 114
2516 49 1 115
2517 49 1 116
2518 49 1 117
2519 49 1 118
2520 49 1 119
2521 49 1 120
2522 49 1 121
2523 49 1 122
2524 49 1 123
2525 50 1 100
2526 50 1 101
2527 50 1 102
2528 50 1 103
2529 50 1 104
2530 50 1 105
2531 50 1 106
2532 50 1 107
2533 50 1 108
2534 50 1 109
2535 50 1 110
2536 50 1 111
2537 50 1 112
2538 50 1 113
2539 50 1 114
2540 50 1 115
2541 50 1 116
2542 50 1 117
2543 50 1 118
2544 50 1 119
2545 50 1 120
2546 50 1 121
2547 50 1 122
2548 50 1 123
2549 50 1 124
2550 51 1 102
2551 51 1 103
2552 51 1 104
2553 51 1 105
2554 51 1 106
2555 51 1 107
2556 51 1 108
2557 51 1 109
2558 51 1 110
2559 51 1 111
2560 51 1 112
2561 51 1 113
2562 51 1 114
2563 51 1 115
2564 51 1 116
2565 51 1 117
2566 51 1 118
2567 51 1 119
2568 51 1 120
2569 51 1 121
2570 51 1 122
2571 51 1 123
2572 51 1 124
2573 51 1 125
2574 52 1 104
2575 52 1 105
2576 52 1 106
2577 52 1 107
2578 52 1 108
2579 52 1 109
2580 52 1 110
2581 52 1 111
2582 52 1 112
2583 52 1 113
2584 52 1 114
2585 52 1 115
2586 52 1 116
2587 52 1 117
2588 52 1 118
2589 52 1 119
2590 52 1 120
2591 52 1 121
2592 52 1 122
2593 52 1 123
2594 52 1 124
2595 52 1 125
2596 52 1 126
2597 53 1 106
2598 53 1 107
2599 53 1 108
2600 53 1 109
2601 53 1 110
2602 53 1 111
2603 53 1 112
2604 53 1 113
2605 53 1 114
2606 53 1 115
2607 53 1 116
2608 53 1 117
2609 53 1 118
2610 53 1 119
2611 53 1 120
2612 53 1 121
2613 53 1 122
2614 53 1 123
2615 53 1 124
2616 53 1 125
2617 53 1 126
2618 53 1 127
2619 54 1 108
2620 54 1 109
2621 54 1 110
2622 54 1 111
2623 54 1 112
2624 54 1 113
2625 54 1 114
2626 54 1 115
2627 54 1 116
2628 54 1 117
2629 54 1 118
2630 54 1 119
2631 54 1 120
2632 54 1 121
2633 54 1 122
2634 54 1 123
2635 54 1 124
2636 54 1 125
2637 54 1 126
2638 54 1 127
2639 54 1 128
2640 55 1 110
2641 55 1 111
2642 55 1 112
2643 55 1 113
2644 55 1 114
2645 55 1 115
2646 55 1 116
2647 55 1 117
2648 55 1 118
2649 55 1 119
2650 55 1 120
2651 55 1 121
2652 55 1 122
2653 55 1 123
2654 55 1 124
2655 55 1 125
2656 55 1 126
2657 55 1 127
2658 55 1 128
2659 55 1 129
2660 56 1 112
2661 56 1 113
2662 56 1 114
2663 56 1 115
2664 56 1 116
2665 56 1 117
2666 56 1 118
2667 56 1 119
2668 56 1 120
2669 56 1 121
2670 56 1 122
2671 56 1 123
2672 56 1 124
2673 56 1 125
2674 56 1 126
2675 56 1 127
2676 56 1 128
2677 56 1 129
2678 56 1 130
2679 57 1 114
2680 57 1 115
2681 57 1 116
2682 57 1 117
2683 57 1 118
2684 57 1 119
2685 57 1 120
2686 57 1 121
2687 57 1 122
2688 57 1 123
2689 57 1 124
2690 57 1 125
2691 57 1 126
2692 57 1 127
2693 57 1 128
2694 57 1 129
2695 57 1 130
2696 57 1 131
2697 58 1 116
2698 58 1 117
2699 58 1 118
2700 58 1 119
2701 58 1 120
2702 58 1 121
2703 58 1 122
2704 58 1 123
2705 58 1 124
2706 58 1 125
2707 58 1 126
2708 58 1 127
2709 58 1 128
2710 58 1 129
2711 58 1 130
2712 58 1 131
2713 58 1 132
2714 59 1 118
2715 59 1 119
2716 59 1 120
2717 59 1 121
2718 59 1 122
2719 59 1 123
2720 59 1 124
2721 59 1 125
2722 59 1 126
2723 59 1 127
2724 59 1 128
2725 59 1 129
2726 59 1 130
2727 59 1 131
2728 59 1 132
2729 59 1 133
2730 60 1 120
2731 60 1 121
2732 60 1 122
2733 60 1 123
2734 60 1 124
2735 60 1 125
2736 60 1 126
2737 60 1 127
2738 60 1 128
2739 60 1 129
2740 60 1 130
2741 60 1 131
2742 60 1 132
2743 60 1 133
2744 60 1 134
2745 61 1 122
2746 61 1 123
2747 61 1 124
2748 61 1 125
2749 61 1 126
2750 61 1 127
2751 61 1 128
2752 61 1 129
2753 61 1 130
2754 61 1 131
2755 61 1 132
2756 61 1 133
2757 61 1 134
2758 61 1 135
2759 62 1 124
2760 62 1 125
2761 62 1 126
2762 62 1 127
2763 62 1 128
2764 62 1 129
2765 62 1 130
2766 62 1 131
2767 62 1 132
2768 62 1 133
2769 62 1 134
2770 62 1 135
2771 62 1 136
2772 63 1 126
2773 63 1 127
2774 63 1 128
2775 63 1 129
2776 63 1 130
2777 63 1 131
2778 63 1 132
2779 63 1 133
2780 63 1 134
2781 63 1 135
2782 63 1 136
2783 63 1 137
2784 64 1 128
2785 64 1 129
2786 64 1 130
2787 64 1 131
2788 64 1 132
2789 64 1 133
2790 64 1 134
2791 64 1 135
2792 64 1 136
2793 64 1 137
2794 64 1 138
2795 65 1 130
2796 65 1 131
2797 65 1 132
2798 65 1 133
2799 65 1 134
2800 65 1 135
2801 65 1 136
2802 65 1 137
2803 65 1 138
2804 65 1 139
2805 66 1 132
2806 66 1 133
2807 66 1 134
2808 66 1 135
2809 66 1 136
2810 66 1 137
2811 66 1 138
2812 66 1 139
2813 66 1 140
2814 67 1 134
2815 67 1 135
2816 67 1 136
2817 67 1 137
2818 67 1 138
2819 67 1 139
2820 67 1 140
2821 67 1 141
2822 68 1 136
2823 68 1 137
2824 68 1 138
2825 68 1 139
2826 68 1 140
2827 68 1 141
2828 68 1 142
2829 69 1 138
2830 69 1 139
2831 69 1 140
2832 69 1 141
2833 69 1 142
2834 69 1 143
2835 70 1 140
2836 70 1 141
2837 70 1 142
2838 70 1 143
2839 70 1 144
2840 71 1 142
2841 71 1 143
2842 71 1 144
2843 71 1 145
2844 72 1 144
2845 72 1 145
2846 72 1 146
2847 73 1 146
2848 73 1 147
2849 74 1 148
2850 75 249 150
2851 74 253 149
2852 73 255 148
2853 72 256 147
2854 71 128 146
2855 70 64 145
2856 69 32 144
2857 68 16 143
2858 67 8 142
2859 66 4 141
2860 65 2 140
2861 64 1 139
2862 63 129 138
2863 62 193 137
2864 61 225 136
2865 60 241 135
2866 59 249 134
2867 58 253 133
2868 57 255 132
2869 56 256 131
2870 55 128 130
2871 54 64 129
2872 53 32 128
2873 52 16 127
2874 51 8 126
2875 50 4 125
2876 49 2 124
2877 48 1 123
2878 47 129 122
2879 46 193 121
2880 45 225 120
2881 44 241 119
2882 43 249 118
2883 42 253 117
2884 41 255 116
2885 40 256 115
2886 39 128 114
2887 38 64 113
2888 37 32 112
2889 36 16 111
2890 35 8 110
2891 34 4 109
2892 33 2 108
2893 32 1 107
2894 31 129 106
2895 30 193 105
2896 29 225 104
2897 28 241 103
2898 27 249 102
2899 26 253 101
2900 25 255 100
2901 24 256 99
2902 23 128 98
2903 22 64 97
2904 21 32 96
2905 20 16 95
2906 19 8 94
2907 18 4 93
2908 17 2 92
2909 16 1 91
2910 15 129 90
2911 14 193 89
2912 13 225 88
2913 12 241 87
2914 11 249 86
2915 10 253 85
2916 9 255 84
2917 8 256 83
2918 7 128 82
2919 6 64 81
2920 5 32 80
2921 4 16 79
2922 76 249 152
2923 75 253 151
2924 74 255 150
2925 73 256 149
2926 72 128 148
2927 71 64 147
2928 70 32 146
2929 69 16 145
2930 68 8 144
2931 67 4 143
2932 66 2 142
2933 65 1 141
2934 64 129 140
2935 63 193 139
2936 62 225 138
2937 61 241 137
2938 60 249 136
2939 59 253 135
2940 58 255 134
2941 57 256 133
2942 56 128 132
2943 55 64 131
2944 54 32 130
2945 53 16 129
2946 52 8 128
2947 51 4 127
2948 50 2 126
2949 49 1 125
2950 48 129 124
2951 47 193 123
2952 46 225 122
2953 45 241 121
2954 44 249 120
2955 43 253 119
2956 42 255 118
2957 41 256 117
2958 40 128 116
2959 39 64 115
2960 38 32 114
2961 37 16 113
2962 36 8 112
2963 35 4 111
2964 34 2 110
2965 33 1 109
2966 32 129 108
2967 31 193 107
2968 30 225 106
2969 29 241 105
2970 28 249 104
2971 27 253 103
2972 26 255 102
2973 25 256 101
2974 24 128 100
2975 23 64 99
2976 22 32 98
2977 21 16 97
2978 20 8 96
2979 19 4 95
2980 18 2 94
2981 17 1 93
2982 16 129 92
2983 15 193 91
2984 14 225 90
2985 13 241 89
2986 12 249 88
2987 11 253 87
2988 10 255 86
2989 9 256 85
2990 8 128 84
2991 7 64 83
2992 6 32 82
2993 77 249 154
2994 76 253 153
2995 75 255 152
2996 74 256 151
2997 73 128 150
2998 72 64 149
2999 71 32 148
3000 70 16 147
3001 69 8 146
3002 68 4 145
3003 67 2 144
3004 66 1 143
3005 65 129 142
3006 64 193 141
3007 63 225 140
3008 62 241 139
3009 61 249 138
3010 60 253 137
3011 59 255 136
3012 58 256 135
3013 57 128 134
3014 56 64 133
3015 55 32 132
3016 54 16 131
3017 53 8 130
3018 52 4 129
3019 51 2 128
3020 50 1 127
3021 49 129 126
3022 48 193 125
3023 47 225 124
3024 46 241 123
3025 45 249 122
3026 44 253 121
3027 43 255 120
3028 42 256 119
3029 41 128 118
3030 40 64 117
3031 39 32 116
3032 38 16 115
3033 37 8 114
3034 36 4 113
3035 35 2 112
3036 34 1 111
3037 33 129 110
3038 32 193 109
3039 31 225 108
3040 30 241 107
3041 29 249 106
3042 28 253 105
3043 27 255 104
3044 26 256 103
3045 25 128 102
3046 24 64 101
3047 23 32 100
3048 22 16 99
3049 21 8 98
3050 20 4 97
3051 19 2 96
3052 18 1 95
3053 17 129 94
3054 16 193 93
3055 15 225 92
3056 14 241 91
3057 13 249 90
3058 12 253 89
3059 11 255 88
3060 10 256 87
3061 9 128 86
3062 8 64 85
3063 78 249 156
3064 77 253 155
3065 76 255 154
3066 75 256 153
3067 74 128 152
3068 73 64 151
3069 72 32 150
3070 71 16 149
3071 70 8 148
3072 69 4 147
3073 68 2 146
3074 67 1 145
3075 66 129 144
3076 65 193 143
3077 64 225 142
3078 63 241 141
3079 62 249 140
3080 61 253 139
3081 60 255 138
3082 59 256 137
3083 58 128 136
3084 57 64 135
3085 56 32 134
3086 55 16 133
3087 54 8 132
3088 53 4 131
3089 52 2 130
3090 51 1 129
3091 50 129 128
3092 49 193 127
3093 48 225 126
3094 47 241 125
3095 46 249 124
3096 45 253 123
3097 44 255 122
3098 43 256 121
3099 42 128 120
3100 41 64 119
3101 40 32 118
3102 39 16 117
3103 38 8 116
3104 37 4 115
3105 36 2 114
3106 35 1 113
3107 34 129 112
3108 33 193 111
3109 32 225 110
3110 31 241 109
3111 30 249 108
3112 29 253 107
3113 28 255 106
3114 27 256 105
3115 26 128 104
3116 25 64 103
3117 24 32 102
3118 23 16 101
3119 22 8 100
3120 21 4 99
3121 20 2 98
3122 19 1 97
3123 18 129 96
3124 17 193 95
3125 16 225 94
3126 15 241 93
3127 14 249 92
3128 13 253 91
3129 12 255 90
3130 11 256 89
3131 10 128 88
3132 79 249 158
3133 78 253 157
3134 77 255 156
3135 76 256 155
3136 75 128 154
3137 74 64 153
3138 73 32 152
3139 72 16 151
3140 71 8 150
3141 70 4 149
3142 69 2 148
3143 68 1 147
3144 67 129 146
3145 66 193 145
3146 65 225 144
3147 64 241 143
3148 63 249 142
3149 62 253 141
3150 61 255 140
3151 60 256 139
3152 59 128 138
3153 58 64 137
3154 57 32 136
3155 56 16 135
3156 55 8 134
3157 54 4 133
3158 53 2 132
3159 52 1 131
3160 51 129 130
3161 50 193 129
3162 49 225 128
3163 48 241 127
3164 47 249 126
3165 46 253 125
3166 45 255 124
3167 44 256 123
3168 43 128 122
3169 42 64 121
3170 41 32 120
3171 40 16 119
3172 39 8 118
3173 38 4 117
3174 37 2 116
3175 36 1 115
3176 35 129 114
3177 34 193 113
3178 33 225 112
3179 32 241 111
3180 31 249 110
3181 30 253 109
3182 29 255 108
3183 28 256 107
3184 27 128 106
3185 26 64 105
3186 25 32 104
3187 24 16 103
3188 23 8 102
3189 22 4 101
3190 21 2 100
3191 20 1 99
3192 19 129 98
3193 18 193 97
3194 17 225 96
3195 16 241 95
3196 15 249 94
3197 14 253 93
3198 13 255 92
3199 12 256 91
3200 80 249 160
3201 79 253 159
3202 78 255 158
3203 77 256 157
3204 76 128 156
3205 75 64 155
3206 74 32 154
3207 73 16 153
3208 72 8 152
3209 71 4 151
3210 70 2 150
3211 69 1 149
3212 68 129 148
3213 67 193 147
3214 66 225 146
3215 65 241 145
3216 64 249 144
3217 63 253 143
3218 62 255 142
3219 61 256 141
3220 60 128 140
3221 59 64 139
3222 58 32 138
3223 57 16 137
3224 56 8 136
3225 55 4 135
3226 54 2 134
3227 53 1 133
3228 52 129 132
3229 51 193 131
3230 50 225 130
3231 49 241 129
3232 48 249 128
3233 47 253 127
3234 46 255 126
3235 45 256 125
3236 44 128 124
3237 43 64 123
3238 42 32 122
3239 41 16 121
3240 40 8 120
3241 39 4 119
3242 38 2 118
3243 37 1 117
3244 36 129 116
3245 35 193 115
3246 34 225 114
3247 33 241 113
3248 32 249 112
3249 31 253 111
3250 30 255 110
3251 29 256 109
3252 28 128 108
3253 27 64 107
3254 26 32 106
3255 25 16 105
3256 24 8 104
3257 23 4 103
3258 22 2 102
3259 21 1 101
3260 20 129 100
3261 19 193 99
3262 18 225 98
3263 17 241 97
3264 16 249 96
3265 15 253 95
3266 14 255 94
3267 81 249 162
3268 80 253 161
3269 79 255 160
3270 78 256 159
3271 77 128 158
3272 76 64 157
3273 75 32 156
3274 74 16 155
3275 73 8 154
3276 72 4 153
3277 71 2 152
3278 70 1 151
3279 69 129 150
3280 68 193 149
3281 67 225 148
3282 66 241 147
3283 65 249 146
3284 64 253 145
3285 63 255 144
3286 62 256 143
3287 61 128 142
3288 60 64 141
3289 59 32 140
3290 58 16 139
3291 57 8 138
3292 56 4 137
3293 55 2 136
3294 54 1 135
3295 53 129 134
3296 52 193 133
3297 51 225 132
3298 50 241 131
3299 49 249 130
3300 48 253 129
3301 47 255 128
3302 46 256 127
3303 45 128 126
3304 44 64 125
3305 43 32 124
3306 42 16 123
3307 41 8 122
3308 40 4 121
3309 39 2 120
3310 38 1 119
3311 37 129 118
3312 36 193 117
3313 35 225 116
3314 34 241 115
3315 33 249 114
3316 32 253 113
3317 31 255 112
3318 30 256 111
3319 29 128 110
3320 28 64 109
3321 27 32 108
3322 26 16 107
3323 25 8 106
3324 24 4 105
3325 23 2 104
3326 22 1 103
3327 21 129 102
3328 20 193 101
3329 19 225 100
3330 18 241 99
3331 17 249 98
3332 16 253 97
3333 82 249 164
3334 81 253 163
3335 80 255 162
3336 79 256 161
3337 78 128 160
3338 77 64 159
3339 76 32 158
3340 75 16 157
3341 74 8 156
3342 73 4 155
3343 72 2 154
3344 71 1 153
3345 70 129 152
3346 69 193 151
3347 68 225 150
3348 67 241 149
3349 66 249 148
3350 65 253 147
3351 64 255 146
3352 63 256 145
3353 62 128 144
3354 61 64 143
3355 60 32 142
3356 59 16 141
3357 58 8 140
3358 57 4 139
3359 56 2 138
3360 55 1 137
3361 54 129 136
3362 53 193 135
3363 52 225 134
3364 51 241 133
3365 50 249 132
3366 49 253 131
3367 48 255 130
3368 47 256 129
3369 46 128 128
3370 45 64 127
3371 44 32 126
3372 43 16 125
3373 42 8 124
3374 41 4 123
3375 40 2 122
3376 39 1 121
3377 38 129 120
3378 37 193 119
3379 36 225 118
3380 35 241 117
3381 34 249 116
3382 33 253 115
3383 32 255 114
3384 31 256 113
3385 30 128 112
3386 29 64 111
3387 28 32 110
3388 27 16 109
3389 26 8 108
3390 25 4 107
3391 24 2 106
3392 23 1 105
3393 22 129 104
3394 21 193 103
3395 20 225 102
3396 19 241 101
3397 18 249 100
3398 83 249 166
3399 82 253 165
3400 81 255 164
3401 80 256 163
3402 79 128 162
3403 78 64 161
3404 77 32 160
3405 76 16 159
3406 75 8 158
3407 74 4 157
3408 73 2 156
3409 72 1 155
3410 71 129 154
3411 70 193 153
3412 69 225 152
3413 68 241 151
3414 67 249 150
3415 66 253 149
3416 65 255 148
3417 64 256 147
3418 63 128 146
3419 62 64 145
3420 61 32 144
3421 60 16 143
3422 59 8 142
3423 58 4 141
3424 57 2 140
3425 56 1 139
3426 55 129 138
3427 54 193 137
3428 53 225 136
3429 52 241 135
3430 51 249 134
3431 50 253 133
3432 49 255 132
3433 48 256 131
3434 47 128 130
3435 46 64 129
3436 45 32 128
3437 44 16 127
3438 43 8 126
3439 42 4 125
3440 41 2 124
3441 40 1 123
3442 39 129 122
3443 38 193 121
3444 37 225 120
3445 36 241 119
3446 35 249 118
3447 34 253 117
3448 33 255 116
3449 32 256 115
3450 31 128 114
3451 30 64 113
3452 29 32 112
3453 28 16 111
3454 27 8 110
3455 26 4 109
3456 25 2 108
3457 24 1 107
3458 23 129 106
3459 22 193 105
3460 21 225 104
3461 20 241 103
3462 84 249 168
3463 83 253 167
3464 82 255 166
3465 81 256 165
3466 80 128 164
3467 79 64 163
3468 78 32 162
3469 77 16 161
3470 76 8 160
3471 75 4 159
3472 74 2 158
3473 73 1 157
3474 72 129 156
3475 71 193 155
3476 70 225 154
3477 69 241 153
3478 68 249 152
3479 67 253 151
3480 66 255 150
3481 65 256 149
3482 64 128 148
3483 63 64 147
3484 62 32 146
3485 61 16 145
3486 60 8 144
3487 59 4 143
3488 58 2 142
3489 57 1 141
3490 56 129 140
3491 55 193 139
3492 54 225 138
3493 53 241 137
3494 52 249 136
3495 51 253 135
3496 50 255 134
3497 49 256 133
3498 48 128 132
3499 47 64 131
3500 46 32 130
3501 45 16 129
3502 44 8 128
3503 43 4 127
3504 42 2 126
3505 41 1 125
3506 40 129 124
3507 39 193 123
3508 38 225 122
3509 37 241 121
3510 36 249 120
3511 35 253 119
3512 34 255 118
3513 33 256 117
3514 32 128 116
3515 31 64 115
3516 30 32 114
3517 29 16 113
3518 28 8 112
3519 27 4 111
3520 26 2 110
3521 25 1 109
3522 24 129 108
3523 23 193 107
3524 22 225 106
3525 85 249 170
3526 84 253 169
3527 83 255 168
3528 82 256 167
3529 81 128 166
3530 80 64 165
3531 79 32 164
3532 78 16 163
3533 77 8 162
3534 76 4 161
3535 75 2 160
3536 74 1 159
3537 73 129 158
3538 72 193 157
3539 71 225 156
3540 70 241 155
3541 69 249 154
3542 68 253 153
3543 67 255 152
3544 66 256 151
3545 65 128 150
3546 64 64 149
3547 63 32 148
3548 62 16 147
3549 61 8 146
3550 60 4 145
3551 59 2 144
3552 58 1 143
3553 57 129 142
3554 56 193 141
3555 55 225 140
3556 54 241 139
3557 53 249 138
3558 52 253 137
3559 51 255 136
3560 50 256 135
3561 49 128 134
3562 48 64 133
3563 47 32 132
3564 46 16 131
3565 45 8 130
3566 44 4 129
3567 43 2 128
3568 42 1 127
3569 41 129 126
3570 40 193 125
3571 39 225 124
3572 38 241 123
3573 37 249 122
3574 36 253 121
3575 35 255 120
3576 34 256 119
3577 33 128 118
3578 32 64 117
3579 31 32 116
3580 30 16 115
3581 29 8 114
3582 28 4 113
3583 27 2 112
3584 26 1 111
3585 25 129 110
3586 24 193 109
3587 86 249 172
3588 85 253 171
3589 84 255 170
3590 83 256 169
3591 82 128 168
3592 81 64 167
3593 80 32 166
3594 79 16 165
3595 78 8 164
3596 77 4 163
3597 76 2 162
3598 75 1 161
3599 74 129 160
3600 73 193 159
3601 72 225 158
3602 71 241 157
3603 70 249 156
3604 69 253 155
3605 68 255 154
3606 67 256 153
3607 66 128 152
3608 65 64 151
3609 64 32 150
3610 63 16 149
3611 62 8 148
3612 61 4 147
3613 60 2 146
3614 59 1 145
3615 58 129 144
3616 57 193 143
3617 56 225 142
3618 55 241 141
3619 54 249 140
3620 53 253 139
3621 52 255 138
3622 51 256 137
3623 50 128 136
3624 49 64 135
3625 48 32 134
3626 47 16 133
3627 46 8 132
3628 45 4 131
3629 44 2 130
3630 43 1 129
3631 42 129 128
3632 41 193 127
3633 40 225 126
3634 39 241 125
3635 38 249 124
3636 37 253 123
3637 36 255 122
3638 35 256 121
3639 34 128 120
3640 33 64 119
3641 32 32 118
3642 31 16 117
3643 30 8 116
3644 29 4 115
3645 28 2 114
3646 27 1 113
3647 26 129 112
3648 87 249 174
3649 86 253 173
3650 85 255 172
3651 84 256 171
3652 83 128 170
3653 82 64 169
3654 81 32 168
3655 80 16 167
3656 79 8 166
3657 78 4 165
3658 77 2 164
3659 76 1 163
3660 75 129 162
3661 74 193 161
3662 73 225 160
3663 72 241 159
3664 71 249 158
3665 70 253 157
3666 69 255 156
3667 68 256 155
3668 67 128 154
3669 66 64 153
3670 65 32 152
3671 64 16 151
3672 63 8 150
3673 62 4 149
3674 61 2 148
3675 60 1 147
3676 59 129 146
3677 58 193 145
3678 57 225 144
3679 56 241 143
3680 55 249 142
3681 54 253 141
3682 53 255 140
3683 52 256 139
3684 51 128 138
3685 50 64 137
3686 49 32 136
3687 48 16 135
3688 47 8 134
3689 46 4 133
3690 45 2 132
3691 44 1 131
3692 43 129 130
3693 42 193 129
3694 41 225 128
3695 40 241 127
3696 39 249 126
3697 38 253 125
3698 37 255 124
3699 36 256 123
3700 35 128 122
3701 34 64 121
3702 33 32 120
3703 32 16 119
3704 31 8 118
3705 30 4 117
3706 29 2 116
3707 28 1 115
3708 88 249 176
3709 87 253 175
3710 86 255 174
3711 85 256 173
3712 84 128 172
3713 83 64 171
3714 82 32 170
3715 81 16 169
3716 80 8 168
3717 79 4 167
3718 78 2 166
3719 77 1 165
3720 76 129 164
3721 75 193 163
3722 74 225 162
3723 73 241 161
3724 72 249 160
3725 71 253 159
3726 70 255 158
3727 69 256 157
3728 68 128 156
3729 67 64 155
3730 66 32 154
3731 65 16 153
3732 64 8 152
3733 63 4 151
3734 62 2 150
3735 61 1 149
3736 60 129 148
3737 59 193 147
3738 58 225 146
3739 57 241 145
3740 56 249 144
3741 55 253 143
3742 54 255 142
3743 53 256 141
3744 52 128 140
3745 51 64 139
3746 50 32 138
3747 49 16 137
3748 48 8 136
3749 47 4 135
3750 46 2 134
3751 45 1 133
3752 44 129 132
3753 43 193 131
3754 42 225 130
3755 41 241 129
3756 40 249 128
3757 39 253 127
3758 38 255 126
3759 37 256 125
3760 36 128 124
3761 35 64 123
3762 34 32 122
3763 33 16 121
3764 32 8 120
3765 31 4 119
3766 30 2 118
3767 89 249 178
3768 88 253 177
3769 87 255 176
3770 86 256 175
3771 85 128 174
3772 84 64 173
3773 83 32 172
3774 82 16 171
3775 81 8 170
3776 80 4 169
3777 79 2 168
3778 78 1 167
3779 77 129 166
3780 76 193 165
3781 75 225 164
3782 74 241 163
3783 73 249 162
3784 72 253 161
3785 71 255 160
3786 70 256 159
3787 69 128 158
3788 68 64 157
3789 67 32 156
3790 66 16 155
3791 65 8 154
3792 64 4 153
3793 63 2 152
3794 62 1 151
3795 61 129 150
3796 60 193 149
3797 59 225 148
3798 58 241 147
3799 57 249 146
3800 56 253 145
3801 55 255 144
3802 54 256 143
3803 53 128 142
3804 52 64 141
3805 51 32 140
3806 50 16 139
3807 49 8 138
3808 48 4 137
3809 47 2 136
3810 46 1 135
3811 45 129 134
3812 44 193 133
3813 43 225 132
3814 42 241 131
3815 41 249 130
3816 40 253 129
3817 39 255 128
3818 38 256 127
3819 37 128 126
3820 36 64 125
3821 35 32 124
3822 34 16 123
3823 33 8 122
3824 32 4 121
3825 90 249 180
3826 89 253 179
3827 88 255 178
3828 87 256 177
3829 86 128 176
3830 85 64 175
3831 84 32 174
3832 83 16 173
3833 82 8 172
3834 81 4 171
3835 80 2 170
3836 79 1 169
3837 78 129 168
3838 77 193 167
3839 76 225 166
3840 75 241 165
3841 74 249 164
3842 73 253 163
3843 72 255 162
3844 71 256 161
3845 70 128 160
3846 69 64 159
3847 68 32 158
3848 67 16 157
3849 66 8 156
3850 65 4 155
3851 64 2 154
3852 63 1 153
3853 62 129 152
3854 61 193 151
3855 60 225 150
3856 59 241 149
3857 58 249 148
3858 57 253 147
3859 56 255 146
3860 55 256 145
3861 54 128 144
3862 53 64 143
3863 52 32 142
3864 51 16 141
3865 50 8 140
3866 49 4 139
3867 48 2 138
3868 47 1 137
3869 46 129 136
3870 45 193 135
3871 44 225 134
3872 43 241 133
3873 42 249 132
3874 41 253 131
3875 40 255 130
3876 39 256 129
3877 38 128 128
3878 37 64 127
3879 36 32 126
3880 35 16 125
3881 34 8 124
3882 91 249 182
3883 90 253 181
3884 89 255 180
3885 88 256 179
3886 87 128 178
3887 86 64 177
3888 85 32 176
3889 84 16 175
3890 83 8 174
3891 82 4 173
3892 81 2 172
3893 80 1 171
3894 79 129 170
3895 78 193 169
3896 77 225 168
3897 76 241 167
3898 75 249 166
3899 74 253 165
3900 73 255 164
3901 72 256 163
3902 71 128 162
3903 70 64 161
3904 69 32 160
3905 68 16 159
3906 67 8 158
3907 66 4 157
3908 65 2 156
3909 64 1 155
3910 63 129 154
3911 62 193 153
3912 61 225 152
3913 60 241 151
3914 59 249 150
3915 58 253 149
3916 57 255 148
3917 56 256 147
3918 55 128 146
3919 54 64 145
3920 53 32 144
3921 52 16 143
3922 51 8 142
3923 50 4 141
3924 49 2 140
3925 48 1 139
3926 47 129 138
3927 46 193 137
3928 45 225 136
3929 44 241 135
3930 43 249 134
3931 42 253 133
3932 41 255 132
3933 40 256 131
3934 39 128 130
3935 38 64 129
3936 37 32 128
3937 36 16 127
3938 92 249 184
3939 91 253 183
3940 90 255 182
3941 89 256 181
3942 88 128 180
3943 87 64 179
3944 86 32 178
3945 85 16 177
3946 84 8 176
3947 83 4 175
3948 82 2 174
3949 81 1 173
3950 80 129 172
3951 79 193 171
3952 78 225 170
3953 77 241 169
3954 76 249 168
3955 75 253 167
3956 74 255 166
3957 73 256 165
3958 72 128 164
3959 71 64 163
3960 70 32 162
3961 69 16 161
3962 68 8 160
3963 67 4 159
3964 66 2 158
3965 65 1 157
3966 64 129 156
3967 63 193 155
3968 62 225 154
3969 61 241 153
3970 60 249 152
3971 59 253 151
3972 58 255 150
3973 57 256 149
3974 56 128 148
3975 55 64 147
3976 54 32 146
3977 53 16 145
3978 52 8 144
3979 51 4 143
3980 50 2 142
3981 49 1 141
3982 48 129 140
3983 47 193 139
3984 46 225 138
3985 45 241 137
3986 44 249 136
3987 43 253 135
3988 42 255 134
3989 41 256 133
3990 40 128 132
3991 39 64 131
3992 38 32 130
3993 93 249 186
3994 92 253 185
3995 91 255 184
3996 90 256 183
3997 89 128 182
3998 88 64 181
3999 87 32 180
4000 86 16 179
4001 85 8 178
4002 84 4 177
4003 83 2 176
4004 82 1 175
4005 81 129 174
4006 80 193 173
4007 79 225 172
4008 78 241 171
4009 77 249 170
4010 76 253 169
4011 75 255 168
4012 74 256 167
4013 73 128 166
4014 72 64 165
4015 71 32 164
4016 70 16 163
4017 69 8 162
4018 68 4 161
4019 67 2 160
4020 66 1 159
4021 65 129 158
4022 64 193 157
4023 63 225 156
4024 62 241 155
4025 61 249 154
4026 60 253 153
4027 59 255 152
4028 58 256 151
4029 57 128 150
4030 56 64 149
4031 55 32 148
4032 54 16 147
4033 53 8 146
4034 52 4 145
4035 51 2 144
4036 50 1 143
4037 49 129 142
4038 48 193 141
4039 47 225 140
4040 46 241 139
4041 45 249 138
4042 44 253 137
4043 43 255 136
4044 42 256 135
4045 41 128 134
4046 40 64 133
4047 94 249 188
4048 93 253 187
4049 92 255 186
4050 91 256 185
4051 90 128 184
4052 89 64 183
4053 88 32 182
4054 87 16 181
4055 86 8 180
4056 85 4 179
4057 84 2 178
4058 83 1 177
4059 82 129 176
4060 81 193 175
4061 80 225 174
4062 79 241 173
4063 78 249 172
4064 77 253 171
4065 76 255 170
4066 75 256 169
4067 74 128 168
4068 73 64 167
4069 72 32 166
4070 71 16 165
4071 70 8 164
4072 69 4 163
4073 68 2 162
4074 67 1 161
4075 66 129 160
4076 65 193 159
4077 64 225 158
4078 63 241 157
4079 62 249 156
4080 61 253 155
4081 60 255 154
4082 59 256 153
4083 58 128 152
4084 57 64 151
4085 56 32 150
4086 55 16 149
4087 54 8 148
4088 53 4 147
4089 52 2 146
4090 51 1 145
4091 50 129 144
4092 49 193 143
4093 48 225 142
4094 47 241 141
4095 46 249 140
4096 45 253 139
4097 44 255 138
4098 43 256 137
4099 42 128 136
4100 95 249 190
4101 94 253 189
4102 93 255 188
4103 92 256 187
4104 91 128 186
4105 90 64 185
4106 89 32 184
4107 88 16 183
4108 87 8 182
4109 86 4 181
4110 85 2 180
4111 84 1 179
4112 83 129 178
4113 82 193 177
4114 81 225 176
4115 80 241 175
4116 79 249 174
4117 78 253 173
4118 77 255 172
4119 76 256 171
4120 75 128 170
4121 74 64 169
4122 73 32 168
4123 72 16 167
4124 71 8 166
4125 70 4 165
4126 69 2 164
4127 68 1 163
4128 67 129 162
4129 66 193 161
4130 65 225 160
4131 64 241 159
4132 63 249 158
4133 62 253 157
4134 61 255 156
4135 60 256 155
4136 59 128 154
4137 58 64 153
4138 57 32 152
4139 56 16 151
4140 55 8 150
4141 54 4 149
4142 53 2 148
4143 52 1 147
4144 51 129 146
4145 50 193 145
4146 49 225 144
4147 48 241 143
4148 47 249 142
4149 46 253 141
4150 45 255 140
4151 44 256 139
4152 96 249 192
4153 95 253 191
4154 94 255 190
4155 93 256 189
4156 92 128 188
4157 91 64 187
4158 90 32 186
4159 89 16 185
4160 88 8 184
4161 87 4 183
4162 86 2 182
4163 85 1 181
4164 84 129 180
4165 83 193 179
4166 82 225 178
4167 81 241 177
4168 80 249 176
4169 79 253 175
4170 78 255 174
4171 77 256 173
4172 76 128 172
4173 75 64 171
4174 74 32 170
4175 73 16 169
4176 72 8 168
4177 71 4 167
4178 70 2 166
4179 69 1 165
4180 68 129 164
4181 67 193 163
4182 66 225 162
4183 65 241 161
4184 64 249 160
4185 63 253 159
4186 62 255 158
4187 61 256 157
4188 60 128 156
4189 59 64 155
4190 58 32 154
4191 57 16 153
4192 56 8 152
4193 55 4 151
4194 54 2 150
4195 53 1 149
4196 52 129 148
4197 51 193 147
4198 50 225 146
4199 49 241 145
4200 48 249 144
4201 47 253 143
4202 46 255 142
4203 97 249 194
4204 96 253 193
4205 95 255 192
4206 94 256 191
4207 93 128 190
4208 92 64 189
4209 91 32 188
4210 90 16 187
4211 89 8 186
4212 88 4 185
4213 87 2 184
4214 86 1 183
4215 85 129 182
4216 84 193 181
4217 83 225 180
4218 82 241 179
4219 81 249 178
4220 80 253 177
4221 79 255 176
4222 78 256 175
4223 77 128 174
4224 76 64 173
4225 75 32 172
4226 74 16 171
4227 73 8 170
4228 72 4 169
4229 71 2 168
4230 70 1 167
4231 69 129 166
4232 68 193 165
4233 67 225 164
4234 66 241 163
4235 65 249 162
4236 64 253 161
4237 63 255 160
4238 62 256 159
4239 61 128 158
4240 60 64 157
4241 59 32 156
4242 58 16 155
4243 57 8 154
4244 56 4 153
4245 55 2 152
4246 54 1 151
4247 53 129 150
4248 52 193 149
4249 51 225 148
4250 50 241 147
4251 49 249 146
4252 48 253 145
4253 98 249 196
4254 97 253 195
4255 96 255 194
4256 95 256 193
4257 94 128 192
4258 93 64 191
4259 92 32 190
4260 91 16 189
4261 90 8 188
4262 89 4 187
4263 88 2 186
4264 87 1 185
4265 86 129 184
4266 85 193 183
4267 84 225 182
4268 83 241 181
4269 82 249 180
4270 81 253 179
4271 80 255 178
4272 79 256 177
4273 78 128 176
4274 77 64 175
4275 76 32 174
4276 75 16 173
4277 74 8 172
4278 73 4 171
4279 72 2 170
4280 71 1 169
4281 70 129 168
4282 69 193 167
4283 68 225 166
4284 67 241 165
4285 66 249 164
4286 65 253 163
4287 64 255 162
4288 63 256 161
4289 62 128 160
4290 61 64 159
4291 60 32 158
4292 59 16 157
4293 58 8 156
4294 57 4 155
4295 56 2 154
4296 55 1 153
4297 54 129 152
4298 53 193 151
4299 52 225 150
4300 51 241 149
4301 50 249 148
4302 99 249 198
4303 98 253 197
4304 97 255 196
4305 96 256 195
4306 95 128 194
4307 94 64 193
4308 93 32 192
4309 92 16 191
4310 91 8 190
4311 90 4 189
4312 89 2 188
4313 88 1 187
4314 87 129 186
4315 86 193 185
4316 85 225 184
4317 84 241 183
4318 83 249 182
4319 82 253 181
4320 81 255 180
4321 80 256 179
4322 79 128 178
4323 78 64 177
4324 77 32 176
4325 76 16 175
4326 75 8 174
4327 74 4 173
4328 73 2 172
4329 72 1 171
4330 71 129 170
4331 70 193 169
4332 69 225 168
4333 68 241 167
4334 67 249 166
4335 66 253 165
4336 65 255 164
4337 64 256 163
4338 63 128 162
4339 62 64 161
4340 61 32 160
4341 60 16 159
4342 59 8 158
4343 58 4 157
4344 57 2 156
4345 56 1 155
4346 55 129 154
4347 54 193 153
4348 53 225 152
4349 52 241 151
4350 100 249 200
4351 99 253 199
4352 98 255 198
4353 97 256 197
4354 96 128 196
4355 95 64 195
4356 94 32 194
4357 93 16 193
4358 92 8 192
4359 91 4 191
4360 90 2 190
4361 89 1 189
4362 88 129 188
4363 87 193 187
4364 86 225 186
4365 85 241 185
4366 84 249 184
4367 83 253 183
4368 82 255 182
4369 81 256 181
4370 80 128 180
4371 79 64 179
4372 78 32 178
4373 77 16 177
4374 76 8 176
4375 75 4 175
4376 74 2 174
4377 73 1 173
4378 72 129 172
4379 71 193 171
4380 70 225 170
4381 69 241 169
4382 68 249 168
4383 67 253 167
4384 66 255 166
4385 65 256 165
4386 64 128 164
4387 63 64 163
4388 62 32 162
4389 61 16 161
4390 60 8 160
4391 59 4 159
4392 58 2 158
4393 57 1 157
4394 56 129 156
4395 55 193 155
4396 54 225 154
4397 101 249 202
4398 100 253 201
4399 99 255 200
4400 98 256 199
4401 97 128 198
4402 96 64 197
4403 95 32 196
4404 94 16 195
4405 93 8 194
4406 92 4 193
4407 91 2 192
4408 90 1 191
4409 89 129 190
4410 88 193 189
4411 87 225 188
4412 86 241 187
4413 85 249 186
4414 84 253 185
4415 83 255 184
4416 82 256 183
4417 81 128 182
4418 80 64 181
4419 79 32 180
4420 78 16 179
4421 77 8 178
4422 76 4 177
4423 75 2 176
4424 74 1 175
4425 73 129 174
4426 72 193 173
4427 71 225 172
4428 70 241 171
4429 69 249 170
4430 68 253 169
4431 67 255 168
4432 66 256 167
4433 65 128 166
4434 64 64 165
4435 63 32 164
4436 62 16 163
4437 61 8 162
4438 60 4 161
4439 59 2 160
4440 58 1 159
4441 57 129 158
4442 56 193 157
4443 102 249 204
4444 101 253 203
4445 100 255 202
4446 99 256 201
4447 98 128 200
4448 97 64 199
4449 96 32 198
4450 95 16 197
4451 94 8 196
4452 93 4 195
4453 92 2 194
4454 91 1 193
4455 90 129 192
4456 89 193 191
4457 88 225 190
4458 87 241 189
4459 86 249 188
4460 85 253 187
4461 84 255 186
4462 83 256 185
4463 82 128 184
4464 81 64 183
4465 80 32 182
4466 79 16 181
4467 78 8 180
4468 77 4 179
4469 76 2 178
4470 75 1 177
4471 74 129 176
4472 73 193 175
4473 72 225 174
4474 71 241 173
4475 70 249 172
4476 69 253 171
4477 68 255 170
4478 67 256 169
4479 66 128 168
4480 65 64 167
4481 64 32 166
4482 63 16 165
4483 62 8 164
4484 61 4 163
4485 60 2 162
4486 59 1 161
4487 58 129 160
4488 103 249 206
4489 102 253 205
4490 101 255 204
4491 100 256 203
4492 99 128 202
4493 98 64 201
4494 97 32 200
4495 96 16 199
4496 95 8 198
4497 94 4 197
4498 93 2 196
4499 92 1 195
4500 91 129 194
4501 90 193 193
4502 89 225 192
4503 88 241 191
4504 87 249 190
4505 86 253 189
4506 85 255 188
4507 84 256 187
4508 83 128 186
4509 82 64 185
4510 81 32 184
4511 80 16 183
4512 79 8 182
4513 78 4 181
4514 77 2 180
4515 76 1 179
4516 75 129 178
4517 74 193 177
4518 73 225 176
4519 72 241 175
4520 71 249 174
4521 70 253 173
4522 69 255 172
4523 68 256 171
4524 67 128 170
4525 66 64 169
4526 65 32 168
4527 64 16 167
4528 63 8 166
4529 62 4 165
4530 61 2 164
4531 60 1 163
4532 104 249 208
4533 103 253 207
4534 102 255 206
4535 101 256 205
4536 100 128 204
4537 99 64 203
4538 98 32 202
4539 97 16 201
4540 96 8 200
4541 95 4 199
4542 94 2 198
4543 93 1 197
4544 92 129 196
4545 91 193 195
4546 90 225 194
4547 89 241 193
4548 88 249 192
4549 87 253 191
4550 86 255 190
4551 85 256 189
4552 84 128 188
4553 83 64 187
4554 82 32 186
4555 81 16 185
4556 80 8 184
4557 79 4 183
4558 78 2 182
4559 77 1 181
4560 76 129 180
4561 75 193 179
4562 74 225 178
4563 73 241 177
4564 72 249 176
4565 71 253 175
4566 70 255 174
4567 69 256 173
4568 68 128 172
4569 67 64 171
4570 66 32 170
4571 65 16 169
4572 64 8 168
4573 63 4 167
4574 62 2 166
4575 105 249 210
4576 104 253 209
4577 103 255 208
4578 102 256 207
4579 101 128 206
4580 100 64 205
4581 99 32 204
4582 98 16 203
4583 97 8 202
4584 96 4 201
4585 95 2 200
4586 94 1 199
4587 93 129 198
4588 92 193 197
4589 91 225 196
4590 90 241 195
4591 89 249 194
4592 88 253 193
4593 87 255 192
4594 86 256 191
4595 85 128 190
4596 84 64 189
4597 83 32 188
4598 82 16 187
4599 81 8 186
4600 80 4 185
4601 79 2 184
4602 78 1 183
4603 77 129 182
4604 76 193 181
4605 75 225 180
4606 74 241 179
4607 73 249 178
4608 72 253 177
4609 71 255 176
4610 70 256 175
4611 69 128 174
4612 68 64 173
4613 67 32 172
4614 66 16 171
4615 65 8 170
4616 64 4 169
4617 106 249 212
4618 105 253 211
4619 104 255 210
4620 103 256 209
4621 102 128 208
4622 101 64 207
4623 100 32 206
4624 99 16 205
4625 98 8 204
4626 97 4 203
4627 96 2 202
4628 95 1 201
4629 94 129 200
4630 93 193 199
4631 92 225 198
4632 91 241 197
4633 90 249 196
4634 89 253 195
4635 88 255 194
4636 87 256 193
4637 86 128 192
4638 85 64 191
4639 84 32 190
4640 83 16 189
4641 82 8 188
4642 81 4 187
4643 80 2 186
4644 79 1 185
4645 78 129 184
4646 77 193 183
4647 76 225 182
4648 75 241 181
4649 74 249 180
4650 73 253 179
4651 72 255 178
4652 71 256 177
4653 70 128 176
4654 69 64 175
4655 68 32 174
4656 67 16 173
4657 66 8 172
4658 107 249 214
4659 106 253 213
4660 105 255 212
4661 104 256 211
4662 103 128 210
4663 102 64 209
4664 101 32 208
4665 100 16 207
4666 99 8 206
4667 98 4 205
4668 97 2 204
4669 96 1 203
4670 95 129 202
4671 94 193 201
4672 93 225 200
4673 92 241 199
4674 91 249 198
4675 90 253 197
4676 89 255 196
4677 88 256 195
4678 87 128 194
4679 86 64 193
4680 85 32 192
4681 84 16 191
4682 83 8 190
4683 82 4 189
4684 81 2 188
4685 80 1 187
4686 79 129 186
4687 78 193 185
4688 77 225 184
4689 76 241 183
4690 75 249 182
4691 74 253 181
4692 73 255 180
4693 72 256 179
4694 71 128 178
4695 70 64 177
4696 69 32 176
4697 68 16 175
4698 108 249 216
4699 107 253 215
4700 106 255 214
4701 105 256 213
4702 104 128 212
4703 103 64 211
4704 102 32 210
4705 101 16 209
4706 100 8 208
4707 99 4 207
4708 98 2 206
4709 97 1 205
4710 96 129 204
4711 95 193 203
4712 94 225 202
4713 93 241 201
4714 92 249 200
4715 91 253 199
4716 90 255 198
4717 89 256 197
4718 88 128 196
4719 87 64 195
4720 86 32 194
4721 85 16 193
4722 84 8 192
4723 83 4 191
4724 82 2 190
4725 81 1 189
4726 80 129 188
4727 79 193 187
4728 78 225 186
4729 77 241 185
4730 76 249 184
4731 75 253 183
4732 74 255 182
4733 73 256 181
4734 72 128 180
4735 71 64 179
4736 70 32 178
4737 109 249 218
4738 108 253 217
4739 107 255 216
4740 106 256 215
4741 105 128 214
4742 104 64 213
4743 103 32 212
4744 102 16 211
4745 101 8 210
4746 100 4 209
4747 99 2 208
4748 98 1 207
4749 97 129 206
4750 96 193 205
4751 95 225 204
4752 94 241 203
4753 93 249 202
4754 92 253 201
4755 91 255 200
4756 90 256 199
4757 89 128 198
4758 88 64 197
4759 87 32 196
4760 86 16 195
4761 85 8 194
4762 84 4 193
4763 83 2 192
4764 82 1 191
4765 81 129 190
4766 80 193 189
4767 79 225 188
4768 78 241 187
4769 77 249 186
4770 76 253 185
4771 75 255 184
4772 74 256 183
4773 73 128 182
4774 72 64 181
4775 110 249 220
4776 109 253 219
4777 108 255 218
4778 107 256 217
4779 106 128 216
4780 105 64 215
4781 104 32 214
4782 103 16 213
4783 102 8 212
4784 101 4 211
4785 100 2 210
4786 99 1 209
4787 98 129 208
4788 97 193 207
4789 96 225 206
4790 95 241 205
4791 94 249 204
4792 93 253 203
4793 92 255 202
4794 91 256 201
4795 90 128 200
4796 89 64 199
4797 88 32 198
4798 87 16 197
4799 86 8 196
4800 85 4 195
4801 84 2 194
4802 83 1 193
4803 82 129 192
4804 81 193 191
4805 80 225 190
4806 79 241 189
4807 78 249 188
4808 77 253 187
4809 76 255 186
4810 75 256 185
4811 74 128 184
4812 111 249 222
4813 110 253 221
4814 109 255 220
4815 108 256 219
4816 107 128 218
4817 106 64 217
4818 105 32 216
4819 104 16 215
4820 103 8 214
4821 102 4 213
4822 101 2 212
4823 100 1 211
4824 99 129 210
4825 98 193 209
4826 97 225 208
4827 96 241 207
4828 95 249 206
4829 94 253 205
4830 93 255 204
4831 92 256 203
4832 91 128 202
4833 90 64 201
4834 89 32 200
4835 88 16 199
4836 87 8 198
4837 86 4 197
4838 85 2 196
4839 84 1 195
4840 83 129 194
4841 82 193 193
4842 81 225 192
4843 80 241 191
4844 79 249 190
4845 78 253 189
4846 77 255 188
4847 76 256 187
4848 112 249 224
4849 111 253 223
4850 110 255 222
4851 109 256 221
4852 108 128 220
4853 107 64 219
4854 106 32 218
4855 105 16 217
4856 104 8 216
4857 103 4 215
4858 102 2 214
4859 101 1 213
4860 100 129 212
4861 99 193 211
4862 98 225 210
4863 97 241 209
4864 96 249 208
4865 95 253 207
4866 94 255 206
4867 93 256 205
4868 92 128 204
4869 91 64 203
4870 90 32 202
4871 89 16 201
4872 88 8 200
4873 87 4 199
4874 86 2 198
4875 85 1 197
4876 84 129 196
4877 83 193 195
4878 82 225 194
4879 81 241 193
4880 80 249 192
4881 79 253 191
4882 78 255 190
4883 113 249 226
4884 112 253 225
4885 111 255 224
4886 110 256 223
4887 109 128 222
4888 108 64 221
4889 107 32 220
4890 106 16 219
4891 105 8 218
4892 104 4 217
4893 103 2 216
4894 102 1 215
4895 101 129 214
4896 100 193 213
4897 99 225 212
4898 98 241 211
4899 97 249 210
4900 96 253 209
4901 95 255 208
4902 94 256 207
4903 93 128 206
4904 92 64 205
4905 91 32 204
4906 90 16 203
4907 89 8 202
4908 88 4 201
4909 87 2 200
4910 86 1 199
4911 85 129 198
4912 84 193 197
4913 83 225 196
4914 82 241 195
4915 81 249 194
4916 80 253 193
4917 114 249 228
4918 113 253 227
4919 112 255 226
4920 111 256 225
4921 110 128 224
4922 109 64 223
4923 108 32 222
4924 107 16 221
4925 106 8 220
4926 105 4 219
4927 104 2 218
4928 103 1 217
4929 102 129 216
4930 101 193 215
4931 100 225 214
4932 99 241 213
4933 98 249 212
4934 97 253 211
4935 96 255 210
4936 95 256 209
4937 94 128 208
4938 93 64 207
4939 92 32 206
4940 91 16 205
4941 90 8 204
4942 89 4 203
4943 88 2 202
4944 87 1 201
4945 86 129 200
4946 85 193 199
4947 84 225 198
4948 83 241 197
4949 82 249 196
4950 115 249 230
4951 114 253 229
4952 113 255 228
4953 112 256 227
4954 111 128 226
4955 110 64 225
4956 109 32 224
4957 108 16 223
4958 107 8 222
4959 106 4 221
4960 105 2 220
4961 104 1 219
4962 103 129 218
4963 102 193 217
4964 101 225 216
4965 100 241 215
4966 99 249 214
4967 98 253 213
4968 97 255 212
4969 96 256 211
4970 95 128 210
4971 94 64 209
4972 93 32 208
4973 92 16 207
4974 91 8 206
4975 90 4 205
4976 89 2 204
4977 88 1 203
4978 87 129 202
4979 86 193 201
4980 85 225 200
4981 84 241 199
4982 116 249 232
4983 115 253 231
4984 114 255 230
4985 113 256 229
4986 112 128 228
4987 111 64 227
4988 110 32 226
4989 109 16 225
4990 108 8 224
4991 107 4 223
4992 106 2 222
4993 105 1 221
4994 104 129 220
4995 103 193 219
4996 102 225 218
4997 101 241 217
4998 100 249 216
4999 99 253 215
5000 98 255 214
5001 97 256 213
5002 96 128 212
5003 95 64 211
5004 94 32 210
5005 93 16 209
5006 92 8 208
5007 91 4 207
5008 90 2 206
5009 89 1 205
5010 88 129 204
5011 87 193 203
5012 86 225 202
5013 117 249 234
5014 116 253 233
5015 115 255 232
5016 114 256 231
5017 113 128 230
5018 112 64 229
5019 111 32 228
5020 110 16 227
5021 109 8 226
5022 108 4 225
5023 107 2 224
5024 106 1 223
5025 105 129 222
5026 104 193 221
5027 103 225 220
5028 102 241 219
5029 101 249 218
5030 100 253 217
5031 99 255 216
5032 98 256 215
5033 97 128 214
5034 96 64 213
5035 95 32 212
5036 94 16 211
5037 93 8 210
5038 92 4 209
5039 91 2 208
5040 90 1 207
5041 89 129 206
5042 88 193 205
5043 118 249 236
5044 117 253 235
5045 116 255 234
5046 115 256 233
5047 114 128 232
5048 113 64 231
5049 112 32 230
5050 111 16 229
5051 110 8 228
5052 109 4 227
5053 108 2 226
5054 107 1 225
5055 106 129 224
5056 105 193 223
5057 104 225 222
5058 103 241 221
5059 102 249 220
5060 101 253 219
5061 100 255 218
5062 99 256 217
5063 98 128 216
5064 97 64 215
5065 96 32 214
5066 95 16 213
5067 94 8 212
5068 93 4 211
5069 92 2 210
5070 91 1 209
5071 90 129 208
5072 119 249 238
5073 118 253 237
5074 117 255 236
5075 116 256 235
5076 115 128 234
5077 114 64 233
5078 113 32 232
5079 112 16 231
5080 111 8 230
5081 110 4 229
5082 109 2 228
5083 108 1 227
5084 107 129 226
5085 106 193 225
5086 105 225 224
5087 104 241 223
5088 103 249 222
5089 102 253 221
5090 101 255 220
5091 100 256 219
5092 99 128 218
5093 98 64 217
5094 97 32 216
5095 96 16 215
5096 95 8 214
5097 94 4 213
5098 93 2 212
5099 92 1 211
5100 120 249 240
5101 119 253 239
5102 118 255 238
5103 117 256 237
5104 116 128 236
5105 115 64 235
5106 114 32 234
5107 113 16 233
5108 112 8 232
5109 111 4 231
5110 110 2 230
5111 109 1 229
5112 108 129 228
5113 107 193 227
5114 106 225 226
5115 105 241 225
5116 104 249 224
5117 103 253 223
5118 102 255 222
5119 101 256 221
5120 100 128 220
5121 99 64 219
5122 98 32 218
5123 97 16 217
5124 96 8 216
5125 95 4 215
5126 94 2 214
5127 121 249 242
5128 120 253 241
5129 119 255 240
5130 118 256 239
5131 117 128 238
5132 116 64 237
5133 115 32 236
5134 114 16 235
5135 113 8 234
5136 112 4 233
5137 111 2 232
5138 110 1 231
5139 109 129 230
5140 108 193 229
5141 107 225 228
5142 106 241 227
5143 105 249 226
5144 104 253 225
5145 103 255 224
5146 102 256 223
5147 101 128 222
5148 100 64 221
5149 99 32 220
5150 98 16 219
5151 97 8 218
5152 96 4 217
5153 122 249 244
5154 121 253 243
5155 120 255 242
5156 119 256 241
5157 118 128 240
5158 117 64 239
5159 116 32 238
5160 115 16 237
5161 114 8 236
5162 113 4 235
5163 112 2 234
5164 111 1 233
5165 110 129 232
5166 109 193 231
5167 108 225 230
5168 107 241 229
5169 106 249 228
5170 105 253 227
5171 104 255 226
5172 103 256 225
5173 102 128 224
5174 101 64 223
5175 100 32 222
5176 99 16 221
5177 98 8 220
5178 123 249 246
5179 122 253 245
5180 121 255 244
5181 120 256 243
5182 119 128 242
5183 118 64 241
5184 117 32 240
5185 116 16 239
5186 115 8 238
5187 114 4 237
5188 113 2 236
5189 112 1 235
5190 111 129 234
5191 110 193 233
5192 109 225 232
5193 108 241 231
5194 107 249 230
5195 106 253 229
5196 105 255 228
5197 104 256 227
5198 103 128 226
5199 102 64 225
5200 101 32 224
5201 100 16 223
5202 124 249 248
5203 123 253 247
5204 122 255 246
5205 121 256 245
5206 120 128 244
5207 119 64 243
5208 118 32 242
5209 117 16 241
5210 116 8 240
5211 115 4 239
5212 114 2 238
5213 113 1 237
5214 112 129 236
5215 111 193 235
5216 110 225 234
5217 109 241 233
5218 108 249 232
5219 107 253 231
5220 106 255 230
5221 105 256 229
5222 104 128 228
5223 103 64 227
5224 102 32 226
5225 125 249 250
5226 124 253 249
5227 123 255 248
5228 122 256 247
5229 121 128 246
5230 120 64 245
5231 119 32 244
5232 118 16 243
5233 117 8 242
5234 116 4 241
5235 115 2 240
5236 114 1 239
5237 113 129 238
5238 112 193 237
5239 111 225 236
5240 110 241 235
5241 109 249 234
5242 108 253 233
5243 107 255 232
5244 106 256 231
5245 105 128 230
5246 104 64 229
5247 126 249 252
5248 125 253 251
5249 124 255 250
5250 123 256 249
5251 122 128 248
5252 121 64 247
5253 120 32 246
5254 119 16 245
5255 118 8 244
5256 117 4 243
5257 116 2 242
5258 115 1 241
5259 114 129 240
5260 113 193 239
5261 112 225 238
5262 111 241 237
5263 110 249 236
5264 109 253 235
5265 108 255 234
5266 107 256 233
5267 106 128 232
5268 127 249 254
5269 126 253 253
5270 125 255 252
5271 124 256 251
5272 123 128 250
5273 122 64 249
5274 121 32 248
5275 120 16 247
5276 119 8 246
5277 118 4 245
5278 117 2 244
5279 116 1 243
5280 115 129 242
5281 114 193 241
5282 113 225 240
5283 112 241 239
5284 111 249 238
5285 110 253 237
5286 109 255 236
5287 108 256 235
5288 128 249 256
5289 127 253 255
5290 126 255 254
5291 125 256 253
5292 124 128 252
5293 123 64 251
5294 122 32 250
5295 121 16 249
5296 120 8 248
5297 119 4 247
5298 118 2 246
5299 117 1 245
5300 116 129 244
5301 115 193 243
5302 114 225 242
5303 113 241 241
5304 112 249 240
5305 111 253 239
5306 110 255 238
5307 129 249 258
5308 128 253 257
5309 127 255 256
5310 126 256 255
5311 125 128 254
5312 124 64 253
5313 123 32 252
5314 122 16 251
5315 121 8 250
5316 120 4 249
5317 119 2 248
5318 118 1 247
5319 117 129 246
5320 116 193 245
5321 115 225 244
5322 114 241 243
5323 113 249 242
5324 112 253 241
5325 130 249 260
5326 129 253 259
5327 128 255 258
5328 127 256 257
5329 126 128 256
5330 125 64 255
5331 124 32 254
5332 123 16 253
5333 122 8 252
5334 121 4 251
5335 120 2 250
5336 119 1 249
5337 118 129 248
5338 117 193 247
5339 116 225 246
5340 115 241 245
5341 114 249 244
5342 131 249 262
5343 130 253 261
5344 129 255 260
5345 128 256 259
5346 127 128 258
5347 126 64 257
5348 125 32 256
5349 124 16 255
5350 123 8 254
5351 122 4 253
5352 121 2 252
5353 120 1 251
5354 119 129 250
5355 118 193 249
5356 117 225 248
5357 116 241 247
5358 132 249 264
5359 131 253 263
5360 130 255 262
5361 129 256 261
5362 128 128 260
5363 127 64 259
5364 126 32 258
5365 125 16 257
5366 124 8 256
5367 123 4 255
5368 122 2 254
5369 121 1 253
5370 120 129 252
5371 119 193 251
5372 118 225 250
5373 133 249 266
5374 132 253 265
5375 131 255 264
5376 130 256 263
5377 129 128 262
5378 128 64 261
5379 127 32 260
5380 126 16 259
5381 125 8 258
5382 124 4 257
5383 123 2 256
5384 122 1 255
5385 121 129 254
5386 120 193 253
5387 134 249 268
5388 133 253 267
5389 132 255 266
5390 131 256 265
5391 130 128 264
5392 129 64 263
5393 128 32 262
5394 127 16 261
5395 126 8 260
5396 125 4 259
5397 124 2 258
5398 123 1 257
5399 122 129 256
5400 135 249 270
5401 134 253 269
5402 133 255 268
5403 132 256 267
5404 131 128 266
5405 130 64 265
5406 129 32 264
5407 128 16 263
5408 127 8 262
5409 126 4 261
5410 125 2 260
5411 124 1 259
5412 136 249 272
5413 135 253 271
5414 134 255 270
5415 133 256 269
5416 132 128 268
5417 131 64 267
5418 130 32 266
5419 129 16 265
5420 128 8 264
5421 127 4 263
5422 126 2 262
5423 137 249 274
5424 136 253 273
5425 135 255 272
5426 134 256 271
5427 133 128 270
5428 132 64 269
5429 131 32 268
5430 130 16 267
5431 129 8 266
5432 128 4 265
5433 138 249 276
5434 137 253 275
5435 136 255 274
5436 135 256 273
5437 134 128 272
5438 133 64 271
5439 132 32 270
5440 131 16 269
5441 130 8 268
5442 139 249 278
5443 138 253 277
5444 137 255 276
5445 136 256 275
5446 135 128 274
5447 134 64 273
5448 133 32 272
5449 132 16 271
5450 140 249 280
5451 139 253 279
5452 138 255 278
5453 137 256 277
5454 136 128 276
5455 135 64 275
5456 134 32 274
5457 141 249 282
5458 140 253 281
5459 139 255 280
5460 138 256 279
5461 137 128 278
5462 136 64 277
5463 142 249 284
5464 141 253 283
5465 140 255 282
5466 139 256 281
5467 138 128 280
5468 143 249 286
5469 142 253 285
5470 141 255 284
5471 140 256 283
5472 144 249 288
5473 143 253 287
5474 142 255 286
5475 145 249 290
5476 144 253 289
5477 146 249 292
5478 0 1 75
5479 0 1 76
5480 0 1 77
5481 0 1 78
5482 0 1 79
5483 0 1 80
5484 0 1 81
5485 0 1 82
5486 0 1 83
5487 0 1 84
5488 0 1 85
5489 0 1 86
5490 0 1 87
5491 0 1 88
5492 0 1 89
5493 0 1 90
5494 0 1 91
5495 0 1 92
5496 0 1 93
5497 0 1 94
5498 0 1 95
5499 0 1 96
5500 0 1 97
5501 0 1 98
5502 0 1 99
5503 0 1 100
5504 0 1 101
5505 0 1 102
5506 0 1 103
5507 0 1 104
5508 0 1 105
5509 0 1 106
5510 0 1 107
5511 0 1 108
5512 0 1 109
5513 0 1 110
5514 0 1 111
5515 0 1 112
5516 0 1 113
5517 0 1 114
5518 0 1 115
5519 0 1 116
5520 0 1 117
5521 0 1 118
5522 0 1 119
5523 0 1 120
5524 0 1 121
5525 0 1 122
5526 0 1 123
5527 0 1 124
5528 0 1 125
5529 0 1 126
5530 0 1 127
5531 0 1 128
5532 0 1 129
5533 0 1 130
5534 0 1 131
5535 0 1 132
5536 0 1 133
5537 0 1 134
5538 0 1 135
5539 0 1 136
5540 0 1 137
5541 0 1 138
5542 0 1 139
5543 0 1 140
5544 1 1 76
5545 1 1 77
5546 1 1 78
5547 1 1 79
5548 1 1 80
5549 1 1 81
5550 1 1 82
5551 1 1 83
5552 1 1 84
5553 1 1 85
5554 1 1 86
5555 1 1 87
5556 1 1 88
5557 1 1 89
5558 1 1 90
5559 1 1 91
5560 1 1 92
5561 1 1 93
5562 1 1 94
5563 1 1 95
5564 1 1 96
5565 1 1 97
5566 1 1 98
5567 1 1 99
5568 1 1 100
5569 1 1 101
5570 1 1 102
5571 1 1 103
5572 1 1 104
5573 1 1 105
5574 1 1 106
5575 1 1 107
5576 1 1 108
5577 1 1 109
5578 1 1 110
5579 1 1 111
5580 1 1 112
5581 1 1 113
5582 1 1 114
5583 1 1 115
5584 1 1 116
5585 1 1 117
5586 1 1 118
5587 1 1 119
5588 1 1 120
5589 1 1 121
5590 1 1 122
5591 1 1 123
5592 1 1 124
5593 1 1 125
5594 1 1 126
5595 1 1 127
5596 1 1 128
5597 1 1 129
5598 1 1 130
5599 1 1 131
5600 1 1 132
5601 1 1 133
5602 1 1 134
5603 1 1 135
5604 1 1 136
5605 1 1 137
5606 1 1 138
5607 1 1 139
5608 1 1 140
5609 2 1 77
5610 2 1 78
5611 2 1 79
5612 2 1 80
5613 2 1 81
5614 2 1 82
5615 2 1 83
5616 2 1 84
5617 2 1 85
5618 2 1 86
5619 2 1 87
5620 2 1 88
5621 2 1 89
5622 2 1 90
5623 2 1 91
5624 2 1 92
5625 2 1 93
5626 2 1 94
5627 2 1 95
5628 2 1 96
5629 2 1 97
5630 2 1 98
5631 2 1 99
5632 2 1 100
5633 2 1 101
5634 2 1 102
5635 2 1 103
5636 2 1 104
5637 2 1 105
5638 2 1 106
5639 2 1 107
5640 2 1 108
5641 2 1 109
5642 2 1 110
5643 2 1 111
5644 2 1 112
5645 2 1 113
5646 2 1 114
5647 2 1 115
5648 2 1 116
5649 2 1 117
5650 2 1 118
5651 2 1 119
5652 2 1 120
5653 2 1 121
5654 2 1 122
5655 2 1 123
5656 2 1 124
5657 2 1 125
5658 2 1 126
5659 2 1 127
5660 2 1 128
5661 2 1 129
5662 2 1 130
5663 2 1 131
5664 2 1 132
5665 2 1 133
5666 2 1 134
5667 2 1 135
5668 2 1 136
5669 2 1 137
5670 2 1 138
5671 2 1 139
5672 2 1 140
5673 3 1 78
5674 3 1 79
5675 3 1 80
5676 3 1 81
5677 3 1 82
5678 3 1 83
5679 3 1 84
5680 3 1 85
5681 3 1 86
5682 3 1 87
5683 3 1 88
5684 3 1 89
5685 3 1 90
5686 3 1 91
5687 3 1 92
5688 3 1 93
5689 3 1 94
5690 3 1 95
5691 3 1 96
5692 3 1 97
5693 3 1 98
5694 3 1 99
5695 3 1 100
5696 3 1 101
5697 3 1 102
5698 3 1 103
5699 3 1 104
5700 3 1 105
5701 3 1 106
5702 3 1 107
5703 3 1 108
5704 3 1 109
5705 3 1 110
5706 3 1 111
5707 3 1 112
5708 3 1 113
5709 3 1 114
5710 3 1 115
5711 3 1 116
5712 3 1 117
5713 3 1 118
5714 3 1 119
5715 3 1 120
5716 3 1 121
5717 3 1 122
5718 3 1 123
5719 3 1 124
5720 3 1 125
5721 3 1 126
5722 3 1 127
5723 3 1 128
5724 3 1 129
5725 3 1 130
5726 3 1 131
5727 3 1 132
5728 3 1 133
5729 3 1 134
5730 3 1 135
5731 3 1 136
5732 3 1 137
5733 3 1 138
5734 3 1 139
5735 3 1 140
5736 4 1 80
5737 4 1 81
5738 5 255 81
5739 4 1 82
5740 4 1 83
5741 4 1 84
5742 4 1 85
5743 4 1 86
5744 4 1 87
5745 4 1 88
5746 4 1 89
5747 4 1 90
5748 4 1 91
5749 4 1 92
5750 4 1 93
5751 4 1 94
5752 4 1 95
5753 4 1 96
5754 4 1 97
5755 4 1 98
5756 4 1 99
5757 4 1 100
5758 4 1 101
5759 4 1 102
5760 4 1 103
5761 4 1 104
5762 4 1 105
5763 4 1 106
5764 4 1 107
5765 4 1 108
5766 4 1 109
5767 4 1 110
5768 4 1 111
5769 4 1 112
5770 4 1 113
5771 4 1 114
5772 4 1 115
5773 4 1 116
5774 4 1 117
5775 4 1 118
5776 4 1 119
5777 4 1 120
5778 4 1 121
5779 4 1 122
5780 4 1 123
5781 4 1 124
5782 4 1 125
5783 4 1 126
5784 4 1 127
5785 4 1 128
5786 4 1 129
5787 4 1 130
5788 4 1 131
5789 4 1 132
5790 4 1 133
5791 4 1 134
5792 4 1 135
5793 4 1 136
5794 4 1 137
5795 4 1 138
5796 4 1 139
5797 4 1 140
5798 5 1 82
5799 5 1 83
5800 6 255 83
5801 5 1 84
5802 7 4 84
5803 5 1 85
5804 5 1 86
5805 5 1 87
5806 5 1 88
5807 5 1 89
5808 5 1 90
5809 5 1 91
5810 5 1 92
5811 5 1 93
5812 5 1 94
5813 5 1 95
5814 5 1 96
5815 5 1 97
5816 5 1 98
5817 5 1 99
5818 5 1 100
5819 5 1 101
5820 5 1 102
5821 5 1 103
5822 5 1 104
5823 5 1 105
5824 5 1 106
5825 5 1 107
5826 5 1 108
5827 5 1 109
5828 5 1 110
5829 5 1 111
5830 5 1 112
5831 5 1 113
5832 5 1 114
5833 5 1 115
5834 5 1 116
5835 5 1 117
5836 5 1 118
5837 5 1 119
5838 5 1 120
5839 5 1 121
5840 5 1 122
5841 5 1 123
5842 5 1 124
5843 5 1 125
5844 5 1 126
5845 5 1 127
5846 5 1 128
5847 5 1 129
5848 5 1 130
5849 5 1 131
5850 5 1 132
5851 5 1 133
5852 5 1 134
5853 5 1 135
5854 5 1 136
5855 5 1 137
5856 5 1 138
5857 5 1 139
5858 5 1 140
5859 6 1 84
5860 6 1 85
5861 7 255 85
5862 6 1 86
5863 8 4 86
5864 6 1 87
5865 9 249 87
5866 6 1 88
5867 6 1 89
5868 6 1 90
5869 6 1 91
5870 6 1 92
5871 6 1 93
5872 6 1 94
5873 6 1 95
5874 6 1 96
5875 6 1 97
5876 6 1 98
5877 6 1 99
5878 6 1 100
5879 6 1 101
5880 6 1 102
5881 6 1 103
5882 6 1 104
5883 6 1 105
5884 6 1 106
5885 6 1 107
5886 6 1 108
5887 6 1 109
5888 6 1 110
5889 6 1 111
5890 6 1 112
5891 6 1 113
5892 6 1 114
5893 6 1 115
5894 6 1 116
5895 6 1 117
5896 6 1 118
5897 6 1 119
5898 6 1 120
5899 6 1 121
5900 6 1 122
5901 6 1 123
5902 6 1 124
5903 6 1 125
5904 6 1 126
5905 6 1 127
5906 6 1 128
5907 6 1 129
5908 6 1 130
5909 6 1 131
5910 6 1 132
5911 6 1 133
5912 6 1 134
5913 6 1 135
5914 6 1 136
5915 6 1 137
5916 6 1 138
5917 6 1 139
5918 6 1 140
5919 7 1 86
5920 7 1 87
5921 8 255 87
5922 7 1 88
5923 9 4 88
5924 7 1 89
5925 10 249 89
5926 7 1 90
5927 11 16 90
5928 7 1 91
5929 7 1 92
5930 7 1 93
5931 7 1 94
5932 7 1 95
5933 7 1 96
5934 7 1 97
5935 7 1 98
5936 7 1 99
5937 7 1 100
5938 7 1 101
5939 7 1 102
5940 7 1 103
5941 7 1 104
5942 7 1 105
5943 7 1 106
5944 7 1 107
5945 7 1 108
5946 7 1 109
5947 7 1 110
5948 7 1 111
5949 7 1 112
5950 7 1 113
5951 7 1 114
5952 7 1 115
5953 7 1 116
5954 7 1 117
5955 7 1 118
5956 7 1 119
5957 7 1 120
5958 7 1 121
5959 7 1 122
5960 7 1 123
5961 7 1 124
5962 7 1 125
5963 7 1 126
5964 7 1 127
5965 7 1 128
5966 7 1 129
5967 7 1 130
5968 7 1 131
5969 7 1 132
5970 7 1 133
5971 7 1 134
5972 7 1 135
5973 7 1 136
5974 7 1 137
5975 7 1 138
5976 7 1 139
5977 7 1 140
5978 8 1 88
5979 8 1 89
5980 9 255 89
5981 8 1 90
5982 10 4 90
5983 8 1 91
5984 11 249 91
5985 8 1 92
5986 12 16 92
5987 8 1 93
5988 13 225 93
5989 8 1 94
5990 8 1 95
5991 8 1 96
5992 8 1 97
5993 8 1 98
5994 8 1 99
5995 8 1 100
5996 8 1 101
5997 8 1 102
5998 8 1 103
5999 8 1 104
6000 8 1 105
6001 8 1 106
6002 8 1 107
6003 8 1 108
6004 8 1 109
6005 8 1 110
6006 8 1 111
6007 8 1 112
6008 8 1 113
6009 8 1 114
6010 8 1 115
6011 8 1 116
6012 8 1 117
6013 8 1 118
6014 8 1 119
6015 8 1 120
6016 8 1 121
6017 8 1 122
6018 8 1 123
6019 8 1 124
6020 8 1 125
6021 8 1 126
6022 8 1 127
6023 8 1 128
6024 8 1 129
6025 8 1 130
6026 8 1 131
6027 8 1 132
6028 8 1 133
6029 8 1 134
6030 8 1 135
6031 8 1 136
6032 8 1 137
6033 8 1 138
6034 8 1 139
6035 8 1 140
6036 9 1 90
6037 9 1 91
6038 10 255 91
6039 9 1 92
6040 11 4 92
6041 9 1 93
6042 12 249 93
6043 9 1 94
6044 13 16 94
6045 9 1 95
6046 14 225 95
6047 9 1 96
6048 15 64 96
6049 9 1 97
6050 9 1 98
6051 9 1 99
6052 9 1 100
6053 9 1 101
6054 9 1 102
6055 9 1 103
6056 9 1 104
6057 9 1 105
6058 9 1 106
6059 9 1 107
6060 9 1 108
6061 9 1 109
6062 9 1 110
6063 9 1 111
6064 9 1 112
6065 9 1 113
6066 9 1 114
6067 9 1 115
6068 9 1 116
6069 9 1 117
6070 9 1 118
6071 9 1 119
6072 9 1 120
6073 9 1 121
6074 9 1 122
6075 9 1 123
6076 9 1 124
6077 9 1 125
6078 9 1 126
6079 9 1 127
6080 9 1 128
6081 9 1 129
6082 9 1 130
6083 9 1 131
6084 9 1 132
6085 9 1 133
6086 9 1 134
6087 9 1 135
6088 9 1 136
6089 9 1 137
6090 9 1 138
6091 9 1 139
6092 9 1 140
6093 10 1 92
6094 10 1 93
6095 11 255 93
6096 10 1 94
6097 12 4 94
6098 10 1 95
6099 13 249 95
6100 10 1 96
6101 14 16 96
6102 10 1 97
6103 15 225 97
6104 10 1 98
6105 16 64 98
6106 10 1 99
6107 17 129 99
6108 10 1 100
6109 10 1 101
6110 10 1 102
6111 10 1 103
6112 10 1 104
6113 10 1 105
6114 10 1 106
6115 10 1 107
6116 10 1 108
6117 10 1 109
6118 10 1 110
6119 10 1 111
6120 10 1 112
6121 10 1 113
6122 10 1 114
6123 10 1 115
6124 10 1 116
6125 10 1 117
6126 10 1 118
6127 10 1 119
6128 10 1 120
6129 10 1 121
6130 10 1 122
6131 10 1 123
6132 10 1 124
6133 10 1 125
6134 10 1 126
6135 10 1 127
6136 10 1 128
6137 10 1 129
6138 10 1 130
6139 10 1 131
6140 10 1 132
6141 10 1 133
6142 10 1 134
6143 10 1 135
6144 10 1 136
6145 10 1 137
6146 10 1 138
6147 10 1 139
6148 10 1 140
6149 11 1 94
6150 11 1 95
6151 12 255 95
6152 11 1 96
6153 13 4 96
6154 11 1 97
6155 14 249 97
6156 11 1 98
6157 15 16 98
6158 11 1 99
6159 16 225 99
6160 11 1 100
6161 17 64 100
6162 11 1 101
6163 18 129 101
6164 11 1 102
6165 19 256 102
6166 11 1 103
6167 11 1 104
6168 11 1 105
6169 11 1 106
6170 11 1 107
6171 11 1 108
6172 11 1 109
6173 11 1 110
6174 11 1 111
6175 11 1 112
6176 11 1 113
6177 11 1 114
6178 11 1 115
6179 11 1 116
6180 11 1 117
6181 11 1 118
6182 11 1 119
6183 11 1 120
6184 11 1 121
6185 11 1 122
6186 11 1 123
6187 11 1 124
6188 11 1 125
6189 11 1 126
6190 11 1 127
6191 11 1 128
6192 11 1 129
6193 11 1 130
6194 11 1 131
6195 11 1 132
6196 11 1 133
6197 11 1 134
6198 11 1 135
6199 11 1 136
6200 11 1 137
6201 11 1 138
6202 11 1 139
6203 11 1 140
6204 12 1 96
6205 12 1 97
6206 13 255 97
6207 12 1 98
6208 14 4 98
6209 12 1 99
6210 15 249 99
6211 12 1 100
6212 16 16 100
6213 12 1 101
6214 17 225 101
6215 12 1 102
6216 18 64 102
6217 12 1 103
6218 19 129 103
6219 12 1 104
6220 20 256 104
6221 12 1 105
6222 21 2 105
6223 12 1 106
6224 12 1 107
6225 12 1 108
6226 12 1 109
6227 12 1 110
6228 12 1 111
6229 12 1 112
6230 12 1 113
6231 12 1 114
6232 12 1 115
6233 12 1 116
6234 12 1 117
6235 12 1 118
6236 12 1 119
6237 12 1 120
6238 12 1 121
6239 12 1 122
6240 12 1 123
6241 12 1 124
6242 12 1 125
6243 12 1 126
6244 12 1 127
6245 12 1 128
6246 12 1 129
6247 12 1 130
6248 12 1 131
6249 12 1 132
6250 12 1 133
6251 12 1 134
6252 12 1 135
6253 12 1 136
6254 12 1 137
6255 12 1 138
6256 12 1 139
6257 12 1 140
6258 13 1 98
6259 13 1 99
6260 14 255 99
6261 13 1 100
6262 15 4 100
6263 13 1 101
6264 16 249 101
6265 13 1 102
6266 17 16 102
6267 13 1 103
6268 18 225 103
6269 13 1 104
6270 19 64 104
6271 13 1 105
6272 20 129 105
6273 13 1 106
6274 21 256 106
6275 13 1 107
6276 22 2 107
6277 13 1 108
6278 23 253 108
6279 13 1 109
6280 13 1 110
6281 13 1 111
6282 13 1 112
6283 13 1 113
6284 13 1 114
6285 13 1 115
6286 13 1 116
6287 13 1 117
6288 13 1 118
6289 13 1 119
6290 13 1 120
6291 13 1 121
6292 13 1 122
6293 13 1 123
6294 13 1 124
6295 13 1 125
6296 13 1 126
6297 13 1 127
6298 13 1 128
6299 13 1 129
6300 13 1 130
6301 13 1 131
6302 13 1 132
6303 13 1 133
6304 13 1 134
6305 13 1 135
6306 13 1 136
6307 13 1 137
6308 13 1 138
6309 13 1 139
6310 13 1 140
6311 14 1 100
6312 14 1 101
6313 15 255 101
6314 14 1 102
6315 16 4 102
6316 14 1 103
6317 17 249 103
6318 14 1 104
6319 18 16 104
6320 14 1 105
6321 19 225 105
6322 14 1 106
6323 20 64 106
6324 14 1 107
6325 21 129 107
6326 14 1 108
6327 22 256 108
6328 14 1 109
6329 23 2 109
6330 14 1 110
6331 24 253 110
6332 14 1 111
6333 25 8 111
6334 14 1 112
6335 14 1 113
6336 14 1 114
6337 14 1 115
6338 14 1 116
6339 14 1 117
6340 14 1 118
6341 14 1 119
6342 14 1 120
6343 14 1 121
6344 14 1 122
6345 14 1 123
6346 14 1 124
6347 14 1 125
6348 14 1 126
6349 14 1 127
6350 14 1 128
6351 14 1 129
6352 14 1 130
6353 14 1 131
6354 14 1 132
6355 14 1 133
6356 14 1 134
6357 14 1 135
6358 14 1 136
6359 14 1 137
6360 14 1 138
6361 14 1 139
6362 14 1 140
6363 15 1 102
6364 15 1 103
6365 16 255 103
6366 15 1 104
6367 17 4 104
6368 15 1 105
6369 18 249 105
6370 15 1 106
6371 19 16 106
6372 15 1 107
6373 20 225 107
6374 15 1 108
6375 21 64 108
6376 15 1 109
6377 22 129 109
6378 15 1 110
6379 23 256 110
6380 15 1 111
6381 24 2 111
6382 15 1 112
6383 25 253 112
6384 15 1 113
6385 26 8 113
6386 15 1 114
6387 27 241 114
6388 15 1 115
6389 15 1 116
6390 15 1 117
6391 15 1 118
6392 15 1 119
6393 15 1 120
6394 15 1 121
6395 15 1 122
6396 15 1 123
6397 15 1 124
6398 15 1 125
6399 15 1 126
6400 15 1 127
6401 15 1 128
6402 15 1 129
6403 15 1 130
6404 15 1 131
6405 15 1 132
6406 15 1 133
6407 15 1 134
6408 15 1 135
6409 15 1 136
6410 15 1 137
6411 15 1 138
6412 15 1 139
6413 15 1 140
6414 16 1 104
6415 16 1 105
6416 17 255 105
6417 16 1 106
6418 18 4 106
6419 16 1 107
6420 19 249 107
6421 16 1 108
6422 20 16 108
6423 16 1 109
6424 21 225 109
6425 16 1 110
6426 22 64 110
6427 16 1 111
6428 23 129 111
6429 16 1 112
6430 24 256 112
6431 16 1 113
6432 25 2 113
6433 16 1 114
6434 26 253 114
6435 16 1 115
6436 27 8 115
6437 16 1 116
6438 28 241 116
6439 16 1 117
6440 29 32 117
6441 16 1 118
6442 16 1 119
6443 16 1 120
6444 16 1 121
6445 16 1 122
6446 16 1 123
6447 16 1 124
6448 16 1 125
6449 16 1 126
6450 16 1 127
6451 16 1 128
6452 16 1 129
6453 16 1 130
6454 16 1 131
6455 16 1 132
6456 16 1 133
6457 16 1 134
6458 16 1 135
6459 16 1 136
6460 16 1 137
6461 16 1 138
6462 16 1 139
6463 16 1 140
6464 17 1 106
6465 17 1 107
6466 18 255 107
6467 17 1 108
6468 19 4 108
6469 17 1 109
6470 20 249 109
6471 17 1 110
6472 21 16 110
6473 17 1 111
6474 22 225 111
6475 17 1 112
6476 23 64 112
6477 17 1 113
6478 24 129 113
6479 17 1 114
6480 25 256 114
6481 17 1 115
6482 26 2 115
6483 17 1 116
6484 27 253 116
6485 17 1 117
6486 28 8 117
6487 17 1 118
6488 29 241 118
6489 17 1 119
6490 30 32 119
6491 17 1 120
6492 31 193 120
6493 17 1 121
6494 17 1 122
6495 17 1 123
6496 17 1 124
6497 17 1 125
6498 17 1 126
6499 17 1 127
6500 17 1 128
6501 17 1 129
6502 17 1 130
6503 17 1 131
6504 17 1 132
6505 17 1 133
6506 17 1 134
6507 17 1 135
6508 17 1 136
6509 17 1 137
6510 17 1 138
6511 17 1 139
6512 17 1 140
6513 18 1 108
6514 18 1 109
6515 19 255 109
6516 18 1 110
6517 20 4 110
6518 18 1 111
6519 21 249 111
6520 18 1 112
6521 22 16 112
6522 18 1 113
6523 23 225 113
6524 18 1 114
6525 24 64 114
6526 18 1 115
6527 25 129 115
6528 18 1 116
6529 26 256 116
6530 18 1 117
6531 27 2 117
6532 18 1 118
6533 28 253 118
6534 18 1 119
6535 29 8 119
6536 18 1 120
6537 30 241 120
6538 18 1 121
6539 31 32 121
6540 18 1 122
6541 32 193 122
6542 18 1 123
6543 33 128 123
6544 18 1 124
6545 18 1 125
6546 18 1 126
6547 18 1 127
6548 18 1 128
6549 18 1 129
6550 18 1 130
6551 18 1 131
6552 18 1 132
6553 18 1 133
6554 18 1 134
6555 18 1 135
6556 18 1 136
6557 18 1 137
6558 18 1 138
6559 18 1 139
6560 18 1 140
6561 19 1 110
6562 19 1 111
6563 20 255 111
6564 19 1 112
6565 21 4 112
6566 19 1 113
6567 22 249 113
6568 19 1 114
6569 23 16 114
6570 19 1 115
6571 24 225 115
6572 19 1 116
6573 25 64 116
6574 19 1 117
6575 26 129 117
6576 19 1 118
6577 27 256 118
6578 19 1 119
6579 28 2 119
6580 19 1 120
6581 29 253 120
6582 19 1 121
6583 30 8 121
6584 19 1 122
6585 31 241 122
6586 19 1 123
6587 32 32 123
6588 19 1 124
6589 33 193 124
6590 19 1 125
6591 34 128 125
6592 19 1 126
6593 35 1 126
6594 19 1 127
6595 19 1 128
6596 19 1 129
6597 19 1 130
6598 19 1 131
6599 19 1 132
6600 19 1 133
6601 19 1 134
6602 19 1 135
6603 19 1 136
6604 19 1 137
6605 19 1 138
6606 19 1 139
6607 19 1 140
6608 20 1 112
6609 20 1 113
6610 21 255 113
6611 20 1 114
6612 22 4 114
6613 20 1 115
6614 23 249 115
6615 20 1 116
6616 24 16 116
6617 20 1 117
6618 25 225 117
6619 20 1 118
6620 26 64 118
6621 20 1 119
6622 27 129 119
6623 20 1 120
6624 28 256 120
6625 20 1 121
6626 29 2 121
6627 20 1 122
6628 30 253 122
6629 20 1 123
6630 31 8 123
6631 20 1 124
6632 32 241 124
6633 20 1 125
6634 33 32 125
6635 20 1 126
6636 34 193 126
6637 20 1 127
6638 35 128 127
6639 20 1 128
6640 36 1 128
6641 20 1 129
6642 37 255 129
6643 20 1 130
6644 20 1 131
6645 20 1 132
6646 20 1 133
6647 20 1 134
6648 20 1 135
6649 20 1 136
6650 20 1 137
6651 20 1 138
6652 20 1 139
6653 20 1 140
6654 21 1 114
6655 21 1 115
6656 22 255 115
6657 21 1 116
6658 23 4 116
6659 21 1 117
6660 24 249 117
6661 21 1 118
6662 25 16 118
6663 21 1 119
6664 26 225 119
6665 21 1 120
6666 27 64 120
6667 21 1 121
6668 28 129 121
6669 21 1 122
6670 29 256 122
6671 21 1 123
6672 30 2 123
6673 21 1 124
6674 31 253 124
6675 21 1 125
6676 32 8 125
6677 21 1 126
6678 33 241 126
6679 21 1 127
6680 34 32 127
6681 21 1 128
6682 35 193 128
6683 21 1 129
6684 36 128 129
6685 21 1 130
6686 37 1 130
6687 21 1 131
6688 38 255 131
6689 21 1 132
6690 39 4 132
6691 21 1 133
6692 21 1 134
6693 21 1 135
6694 21 1 136
6695 21 1 137
6696 21 1 138
6697 21 1 139
6698 21 1 140
6699 22 1 116
6700 22 1 117
6701 23 255 117
6702 22 1 118
6703 24 4 118
6704 22 1 119
6705 25 249 119
6706 22 1 120
6707 26 16 120
6708 22 1 121
6709 27 225 121
6710 22 1 122
6711 28 64 122
6712 22 1 123
6713 29 129 123
6714 22 1 124
6715 30 256 124
6716 22 1 125
6717 31 2 125
6718 22 1 126
6719 32 253 126
6720 22 1 127
6721 33 8 127
6722 22 1 128
6723 34 241 128
6724 22 1 129
6725 35 32 129
6726 22 1 130
6727 36 193 130
6728 22 1 131
6729 37 128 131
6730 22 1 132
6731 38 1 132
6732 22 1 133
6733 39 255 133
6734 22 1 134
6735 40 4 134
6736 22 1 135
6737 41 249 135
6738 22 1 136
6739 22 1 137
6740 22 1 138
6741 22 1 139
6742 22 1 140
6743 23 1 118
6744 23 1 119
6745 24 255 119
6746 23 1 120
6747 25 4 120
6748 23 1 121
6749 26 249 121
6750 23 1 122
6751 27 16 122
6752 23 1 123
6753 28 225 123
6754 23 1 124
6755 29 64 124
6756 23 1 125
6757 30 129 125
6758 23 1 126
6759 31 256 126
6760 23 1 127
6761 32 2 127
6762 23 1 128
6763 33 253 128
6764 23 1 129
6765 34 8 129
6766 23 1 130
6767 35 241 130
6768 23 1 131
6769 36 32 131
6770 23 1 132
6771 37 193 132
6772 23 1 133
6773 38 128 133
6774 23 1 134
6775 39 1 134
6776 23 1 135
6777 40 255 135
6778 23 1 136
6779 41 4 136
6780 23 1 137
6781 42 249 137
6782 23 1 138
6783 43 16 138
6784 23 1 139
6785 23 1 140
6786 24 1 120
6787 24 1 121
6788 25 255 121
6789 24 1 122
6790 26 4 122
6791 24 1 123
6792 27 249 123
6793 24 1 124
6794 28 16 124
6795 24 1 125
6796 29 225 125
6797 24 1 126
6798 30 64 126
6799 24 1 127
6800 31 129 127
6801 24 1 128
6802 32 256 128
6803 24 1 129
6804 33 2 129
6805 24 1 130
6806 34 253 130
6807 24 1 131
6808 35 8 131
6809 24 1 132
6810 36 241 132
6811 24 1 133
6812 37 32 133
6813 24 1 134
6814 38 193 134
6815 24 1 135
6816 39 128 135
6817 24 1 136
6818 40 1 136
6819 24 1 137
6820 41 255 137
6821 24 1 138
6822 42 4 138
6823 24 1 139
6824 43 249 139
6825 24 1 140
6826 44 16 140
6827 24 1 141
6828 25 1 122
6829 25 1 123
6830 26 255 123
6831 25 1 124
6832 27 4 124
6833 25 1 125
6834 28 249 125
6835 25 1 126
6836 29 16 126
6837 25 1 127
6838 30 225 127
6839 25 1 128
6840 31 64 128
6841 25 1 129
6842 32 129 129
6843 25 1 130
6844 33 256 130
6845 25 1 131
6846 34 2 131
6847 25 1 132
6848 35 253 132
6849 25 1 133
6850 36 8 133
6851 25 1 134
6852 37 241 134
6853 25 1 135
6854 38 32 135
6855 25 1 136
6856 39 193 136
6857 25 1 137
6858 40 128 137
6859 25 1 138
6860 41 1 138
6861 25 1 139
6862 42 255 139
6863 25 1 140
6864 43 4 140
6865 22 102 141
6866 23 181 141
6867 25 1 141
6868 45 79 141
6869 26 1 124
6870 26 1 125
6871 27 255 125
6872 26 1 126
6873 28 4 126
6874 26 1 127
6875 29 249 127
6876 26 1 128
6877 30 16 128
6878 26 1 129
6879 31 225 129
6880 26 1 130
6881 32 64 130
6882 26 1 131
6883 33 129 131
6884 26 1 132
6885 34 256 132
6886 26 1 133
6887 35 2 133
6888 26 1 134
6889 36 253 134
6890 26 1 135
6891 37 8 135
6892 26 1 136
6893 38 241 136
6894 26 1 137
6895 39 32 137
6896 26 1 138
6897 40 193 138
6898 26 1 139
6899 41 128 139
6900 26 1 140
6901 42 1 140
6902 20 182 141
6903 21 68 141
6904 26 1 141
6905 44 22 141
6906 24 230 142
6907 25 5 142
6908 26 1 142
6909 27 1 126
6910 27 1 127
6911 28 255 127
6912 27 1 128
6913 29 4 128
6914 27 1 129
6915 30 249 129
6916 27 1 130
6917 31 16 130
6918 27 1 131
6919 32 225 131
6920 27 1 132
6921 33 64 132
6922 27 1 133
6923 34 129 133
6924 27 1 134
6925 35 256 134
6926 27 1 135
6927 36 2 135
6928 27 1 136
6929 37 253 136
6930 27 1 137
6931 38 8 137
6932 27 1 138
6933 39 241 138
6934 27 1 139
6935 40 32 139
6936 27 1 140
6937 41 193 140
6938 18 35 141
6939 19 42 141
6940 27 1 141
6941 43 40 141
6942 22 110 142
6943 23 123 142
6944 27 1 142
6945 45 154 142
6946 26 46 143
6947 27 1 143
6948 28 1 128
6949 28 1 129
6950 29 255 129
6951 28 1 130
6952 30 4 130
6953 28 1 131
6954 31 249 131
6955 28 1 132
6956 32 16 132
6957 28 1 133
6958 33 225 133
6959 28 1 134
6960 34 64 134
6961 28 1 135
6962 35 129 135
6963 28 1 136
6964 36 256 136
6965 28 1 137
6966 37 2 137
6967 28 1 138
6968 38 253 138
6969 28 1 139
6970 39 8 139
6971 28 1 140
6972 40 241 140
6973 16 32 141
6974 17 237 141
6975 28 1 141
6976 42 52 141
6977 20 193 142
6978 21 26 142
6979 28 1 142
6980 44 61 142
6981 24 229 143
6982 25 207 143
6983 28 1 143
6984 46 255 143
6985 28 1 144
6986 29 1 130
6987 29 1 131
6988 30 255 131
6989 29 1 132
6990 31 4 132
6991 29 1 133
6992 32 249 133
6993 29 1 134
6994 33 16 134
6995 29 1 135
6996 34 225 135
6997 29 1 136
6998 35 64 136
6999 29 1 137
7000 36 129 137
7001 29 1 138
7002 37 256 138
7003 29 1 139
7004 38 2 139
7005 29 1 140
7006 39 253 140
7007 14 211 141
7008 15 225 141
7009 29 1 141
7010 41 246 141
7011 18 174 142
7012 19 84 142
7013 29 1 142
7014 43 190 142
7015 22 222 143
7016 23 215 143
7017 29 1 143
7018 45 102 143
7019 26 43 144
7020 27 242 144
7021 29 1 144
7022 47 219 144
7023 30 1 132
7024 30 1 133
7025 31 255 133
7026 30 1 134
7027 32 4 134
7028 30 1 135
7029 33 249 135
7030 30 1 136
7031 34 16 136
7032 30 1 137
7033 35 225 137
7034 30 1 138
7035 36 64 138
7036 30 1 139
7037 37 129 139
7038 30 1 140
7039 38 256 140
7040 12 250 141
7041 13 229 141
7042 30 1 141
7043 40 122 141
7044 16 58 142
7045 17 18 142
7046 30 1 142
7047 42 235 142
7048 20 142 143
7049 21 104 143
7050 30 1 143
7051 44 137 143
7052 24 247 144
7053 25 245 144
7054 30 1 144
7055 46 253 144
7056 28 221 145
7057 29 156 145
7058 30 1 145
7059 31 1 134
7060 31 1 135
7061 32 255 135
7062 31 1 136
7063 33 4 136
7064 31 1 137
7065 34 249 137
7066 31 1 138
7067 35 16 138
7068 31 1 139
7069 36 225 139
7070 31 1 140
7071 37 64 140
7072 10 175 141
7073 11 22 141
7074 31 1 141
7075 39 215 141
7076 14 39 142
7077 15 156 142
7078 31 1 142
7079 41 32 142
7080 18 181 143
7081 19 3 143
7082 31 1 143
7083 43 211 143
7084 22 249 144
7085 23 5 144
7086 31 1 144
7087 45 154 144
7088 26 253 145
7089 27 98 145
7090 31 1 145
7091 47 146 145
7092 30 237 146
7093 31 1 146
7094 32 1 136
7095 32 1 137
7096 33 255 137
7097 32 1 138
7098 34 4 138
7099 32 1 139
7100 35 249 139
7101 32 1 140
7102 36 16 140
7103 8 85 141
7104 9 45 141
7105 32 1 141
7106 38 245 141
7107 12 32 142
7108 13 192 142
7109 32 1 142
7110 40 25 142
7111 16 181 143
7112 17 210 143
7113 32 1 143
7114 42 165 143
7115 20 226 144
7116 21 79 144
7117 32 1 144
7118 44 53 144
7119 24 205 145
7120 25 161 145
7121 32 1 145
7122 46 85 145
7123 28 52 146
7124 29 11 146
7125 32 1 146
7126 48 29 146
7127 32 1 147
7128 33 1 138
7129 33 1 139
7130 34 255 139
7131 33 1 140
7132 35 4 140
7133 6 142 141
7134 7 243 141
7135 33 1 141
7136 37 255 141
7137 10 208 142
7138 11 95 142
7139 33 1 142
7140 39 58 142
7141 14 84 143
7142 15 247 143
7143 33 1 143
7144 41 67 143
7145 18 238 144
7146 19 181 144
7147 33 1 144
7148 43 114 144
7149 22 199 145
7150 23 239 145
7151 33 1 145
7152 45 38 145
7153 26 231 146
7154 27 209 146
7155 33 1 146
7156 47 66 146
7157 30 206 147
7158 31 93 147
7159 33 1 147
7160 49 236 147
7161 34 1 140
7162 4 4 141
7163 5 240 141
7164 34 1 141
7165 36 41 141
7166 8 125 142
7167 9 194 142
7168 34 1 142
7169 38 169 142
7170 12 126 143
7171 13 233 143
7172 34 1 143
7173 40 24 143
7174 16 51 144
7175 17 49 144
7176 34 1 144
7177 42 229 144
7178 20 161 145
7179 21 130 145
7180 34 1 145
7181 44 209 145
7182 24 107 146
7183 25 175 146
7184 34 1 146
7185 46 95 146
7186 28 200 147
7187 29 132 147
7188 34 1 147
7189 48 40 147
7190 32 215 148
7191 33 1 148
7192 34 1 148
7193 35 1 141
7194 6 223 142
7195 7 16 142
7196 35 1 142
7197 37 25 142
7198 10 128 143
7199 11 248 143
7200 35 1 143
7201 39 109 143
7202 14 207 144
7203 15 34 144
7204 35 1 144
7205 41 248 144
7206 18 17 145
7207 19 102 145
7208 35 1 145
7209 43 77 145
7210 22 190 146
7211 23 246 146
7212 35 1 146
7213 45 142 146
7214 26 167 147
7215 27 105 147
7216 35 1 147
7217 47 111 147
7218 30 127 148
7219 31 17 148
7220 35 1 148
7221 49 141 148
7222 34 215 149
7223 35 1 149
7224 36 1 142
7225 8 208 143
7226 9 144 143
7227 36 1 143
7228 38 106 143
7229 12 57 144
7230 13 255 144
7231 36 1 144
7232 40 12 144
7233 16 241 145
7234 17 52 145
7235 36 1 145
7236 42 245 145
7237 20 175 146
7238 21 22 146
7239 36 1 146
7240 44 121 146
7241 24 182 147
7242 25 214 147
7243 36 1 147
7244 46 27 147
7245 28 96 148
7246 29 145 148
7247 36 1 148
7248 48 76 148
7249 32 180 149
7250 33 16 149
7251 36 1 149
7252 50 100 149
7253 36 1 150
7254 37 1 143
7255 10 118 144
7256 11 141 144
7257 37 1 144
7258 39 207 144
7259 14 235 145
7260 15 118 145
7261 37 1 145
7262 41 51 145
7263 18 79 146
7264 19 193 146
7265 37 1 146
7266 43 14 146
7267 22 2 147
7268 23 12 147
7269 37 1 147
7270 45 235 147
7271 26 76 148
7272 27 47 148
7273 37 1 148
7274 47 57 148
7275 30 171 149
7276 31 186 149
7277 37 1 149
7278 49 207 149
7279 34 74 150
7280 35 18 150
7281 37 1 150
7282 51 215 150
7283 38 1 144
7284 12 54 145
7285 13 156 145
7286 38 1 145
7287 40 160 145
7288 16 94 146
7289 17 150 146
7290 38 1 146
7291 42 164 146
7292 20 220 147
7293 21 56 147
7294 38 1 147
7295 44 212 147
7296 24 87 148
7297 25 8 148
7298 38 1 148
7299 46 49 148
7300 28 64 149
7301 29 256 149
7302 38 1 149
7303 48 64 149
7304 32 45 150
7305 33 76 150
7306 38 1 150
7307 50 57 150
7308 36 13 151
7309 37 24 151
7310 38 1 151
7311 39 1 145
7312 14 1 146
7313 15 60 146
7314 39 1 146
7315 41 51 146
7316 18 47 147
7317 19 75 147
7318 39 1 147
7319 43 185 147
7320 22 140 148
7321 23 59 148
7322 39 1 148
7323 45 194 148
7324 26 121 149
7325 27 212 149
7326 39 1 149
7327 47 108 149
7328 30 64 150
7329 31 256 150
7330 39 1 150
7331 49 82 150
7332 34 249 151
7333 35 95 151
7334 39 1 151
7335 51 28 151
7336 38 204 152
7337 39 1 152
7338 40 1 146
7339 16 93 147
7340 17 183 147
7341 40 1 147
7342 42 79 147
7343 20 118 148
7344 21 68 148
7345 40 1 148
7346 44 169 148
7347 24 21 149
7348 25 253 149
7349 40 1 149
7350 46 167 149
7351 28 47 150
7352 29 25 150
7353 40 1 150
7354 48 143 150
7355 32 166 151
7356 33 150 151
7357 40 1 151
7358 50 133 151
7359 36 211 152
7360 37 225 152
7361 40 1 152
7362 52 196 152
7363 40 1 153
7364 41 1 147
7365 18 247 148
7366 19 171 148
7367 41 1 148
7368 43 111 148
7369 22 226 149
7370 23 213 149
7371 41 1 149
7372 45 239 149
7373 26 96 150
7374 27 202 150
7375 41 1 150
7376 47 165 150
7377 30 195 151
7378 31 142 151
7379 41 1 151
7380 49 213 151
7381 34 164 152
7382 35 142 152
7383 41 1 152
7384 51 142 152
7385 38 68 153
7386 39 92 153
7387 41 1 153
7388 53 235 153
7389 42 1 148
7390 20 183 149
7391 21 186 149
7392 42 1 149
7393 44 45 149
7394 24 157 150
7395 25 256 150
7396 42 1 150
7397 46 106 150
7398 28 74 151
7399 29 145 151
7400 42 1 151
7401 48 119 151
7402 32 207 152
7403 33 214 152
7404 42 1 152
7405 50 169 152
7406 36 211 153
7407 37 73 153
7408 42 1 153
7409 52 240 153
7410 40 136 154
7411 41 184 154
7412 42 1 154
7413 43 1 149
7414 22 103 150
7415 23 12 150
7416 43 1 150
7417 45 185 150
7418 26 157 151
7419 27 256 151
7420 43 1 151
7421 47 100 151
7422 30 119 152
7423 31 63 152
7424 43 1 152
7425 49 254 152
7426 34 182 153
7427 35 64 153
7428 43 1 153
7429 51 252 153
7430 38 245 154
7431 39 209 154
7432 43 1 154
7433 53 12 154
7434 42 146 155
7435 43 1 155
7436 44 1 150
7437 24 196 151
7438 25 195 151
7439 44 1 151
7440 46 177 151
7441 28 33 152
7442 29 80 152
7443 44 1 152
7444 48 202 152
7445 32 168 153
7446 33 225 153
7447 44 1 153
7448 50 98 153
7449 36 127 154
7450 37 248 154
7451 44 1 154
7452 52 74 154
7453 40 73 155
7454 41 35 155
7455 44 1 155
7456 54 72 155
7457 44 1 156
7458 45 1 151
7459 26 10 152
7460 27 86 152
7461 45 1 152
7462 47 92 152
7463 30 44 153
7464 31 21 153
7465 45 1 153
7466 49 106 153
7467 34 16 154
7468 35 205 154
7469 45 1 154
7470 51 249 154
7471 38 254 155
7472 39 239 155
7473 45 1 155
7474 53 141 155
7475 42 54 156
7476 43 216 156
7477 45 1 156
7478 55 21 156
7479 46 1 152
7480 28 202 153
7481 29 41 153
7482 46 1 153
7483 48 232 153
7484 32 158 154
7485 33 17 154
7486 46 1 154
7487 50 227 154
7488 36 47 155
7489 37 40 155
7490 46 1 155
7491 52 243 155
7492 40 171 156
7493 41 255 156
7494 46 1 156
7495 54 166 156
7496 44 87 157
7497 45 91 157
7498 46 1 157
7499 47 1 153
7500 30 149 154
7501 31 202 154
7502 47 1 154
7503 49 143 154
7504 34 148 155
7505 35 94 155
7506 47 1 155
7507 51 146 155
7508 38 64 156
7509 39 49 156
7510 47 1 156
7511 53 231 156
7512 42 199 157
7513 43 166 157
7514 47 1 157
7515 55 9 157
7516 46 193 158
7517 47 1 158
7518 48 1 154
7519 32 64 155
7520 33 242 155
7521 48 1 155
7522 50 90 155
7523 36 39 156
7524 37 188 156
7525 48 1 156
7526 52 153 156
7527 40 118 157
7528 41 2 157
7529 48 1 157
7530 54 205 157
7531 44 31 158
7532 45 186 158
7533 48 1 158
7534 56 45 158
7535 48 1 159
7536 49 1 155
7537 34 120 156
7538 35 4 156
7539 49 1 156
7540 51 5 156
7541 38 236 157
7542 39 136 157
7543 49 1 157
7544 53 221 157
7545 42 163 158
7546 43 177 158
7547 49 1 158
7548 55 194 158
7549 46 163 159
7550 47 207 159
7551 49 1 159
7552 57 148 159
7553 50 1 156
7554 36 256 157
7555 37 197 157
7556 50 1 157
7557 52 220 157
7558 40 123 158
7559 41 158 158
7560 50 1 158
7561 54 203 158
7562 44 183 159
7563 45 112 159
7564 50 1 159
7565 56 228 159
7566 48 60 160
7567 49 103 160
7568 50 1 160
7569 51 1 157
7570 38 71 158
7571 39 148 158
7572 51 1 158
7573 53 3 158
7574 42 112 159
7575 43 217 159
7576 51 1 159
7577 55 62 159
7578 46 130 160
7579 47 220 160
7580 51 1 160
7581 57 170 160
7582 50 43 161
7583 51 1 161
7584 52 1 158
7585 40 78 159
7586 41 54 159
7587 52 1 159
7588 54 55 159
7589 44 200 160
7590 45 2 160
7591 52 1 160
7592 56 189 160
7593 48 178 161
7594 49 64 161
7595 52 1 161
7596 58 166 161
7597 52 1 162
7598 53 1 159
7599 42 247 160
7600 43 171 160
7601 53 1 160
7602 55 210 160
7603 46 29 161
7604 47 8 161
7605 53 1 161
7606 57 186 161
7607 50 35 162
7608 51 79 162
7609 53 1 162
7610 59 134 162
7611 54 1 160
7612 44 244 161
7613 45 248 161
7614 54 1 161
7615 56 134 161
7616 48 221 162
7617 49 123 162
7618 54 1 162
7619 58 115 162
7620 52 220 163
7621 53 56 163
7622 54 1 163
7623 55 1 161
7624 46 151 162
7625 47 65 162
7626 55 1 162
7627 57 209 162
7628 50 59 163
7629 51 34 163
7630 55 1 163
7631 59 97 163
7632 54 59 164
7633 55 1 164
7634 56 1 162
7635 48 110 163
7636 49 175 163
7637 56 1 163
7638 58 193 163
7639 52 94 164
7640 53 150 164
7641 56 1 164
7642 60 34 164
7643 56 1 165
7644 57 1 163
7645 50 247 164
7646 51 171 164
7647 57 1 164
7648 59 116 164
7649 54 238 165
7650 55 172 165
7651 57 1 165
7652 61 170 165
7653 58 1 164
7654 52 115 165
7655 53 218 165
7656 58 1 165
7657 60 174 165
7658 56 67 166
7659 57 178 166
7660 58 1 166
7661 59 1 165
7662 54 16 166
7663 55 189 166
7664 59 1 166
7665 61 33 166
7666 58 100 167
7667 59 1 167
7668 60 1 166
7669 56 115 167
7670 57 218 167
7671 60 1 167
7672 62 66 167
7673 60 1 168
7674 61 1 167
7675 58 139 168
7676 59 116 168
7677 61 1 168
7678 63 198 168
7679 62 1 168
7680 60 196 169
7681 61 195 169
7682 62 1 169
7683 63 1 169
7684 62 30 170
7685 63 1 170
7686 64 1 170
7687 64 1 171
7688 65 1 171
7689 66 113 173
7690 65 209 172
7691 64 241 172
7692 63 166 171
7693 62 141 171
7694 61 47 170
7695 60 187 170
7696 59 148 169
7697 58 135 169
7698 57 45 168
7699 56 15 168
7700 55 5 167
7701 54 173 167
7702 53 229 166
7703 52 162 166
7704 51 54 165
7705 50 18 165
7706 49 6 164
7707 48 2 164
7708 47 172 163
7709 46 143 163
7710 45 219 162
7711 44 73 162
7712 43 110 161
7713 42 208 161
7714 41 155 160
7715 40 223 160
7716 39 160 159
7717 38 139 159
7718 37 132 158
7719 36 44 158
7720 35 186 157
7721 34 62 157
7722 33 192 156
7723 32 64 156
7724 31 107 155
7725 30 207 155
7726 29 69 154
7727 28 23 154
7728 27 179 153
7729 26 231 153
7730 25 77 152
7731 24 197 152
7732 23 237 151
7733 22 79 151
7734 21 112 150
7735 20 123 150
7736 19 41 149
7737 18 185 149
7738 17 233 148
7739 16 249 148
7740 15 83 147
7741 14 199 147
7742 13 152 146
7743 12 222 146
7744 67 113 174
7745 66 209 174
7746 65 241 173
7747 64 166 173
7748 63 141 172
7749 62 47 172
7750 61 187 171
7751 60 148 171
7752 59 135 170
7753 58 45 170
7754 57 15 169
7755 56 5 169
7756 55 173 168
7757 54 229 168
7758 53 162 167
7759 52 54 167
7760 51 18 166
7761 50 6 166
7762 49 2 165
7763 48 172 165
7764 47 143 164
7765 46 219 164
7766 45 73 163
7767 44 110 163
7768 43 208 162
7769 42 155 162
7770 41 223 161
7771 40 160 161
7772 39 139 160
7773 38 132 160
7774 37 44 159
7775 36 186 159
7776 35 62 158
7777 34 192 158
7778 33 64 157
7779 32 107 157
7780 31 207 156
7781 30 69 156
7782 29 23 155
7783 28 179 155
7784 27 231 154
7785 26 77 154
7786 25 197 153
7787 24 237 153
7788 23 79 152
7789 22 112 152
7790 21 123 151
7791 20 41 151
7792 19 185 150
7793 18 233 150
7794 17 249 149
7795 16 83 149
7796 15 199 148
7797 14 152 148
7798 68 113 176
7799 67 209 175
7800 66 241 175
7801 65 166 174
7802 64 141 174
7803 63 47 173
7804 62 187 173
7805 61 148 172
7806 60 135 172
7807 59 45 171
7808 58 15 171
7809 57 5 170
7810 56 173 170
7811 55 229 169
7812 54 162 169
7813 53 54 168
7814 52 18 168
7815 51 6 167
7816 50 2 167
7817 49 172 166
7818 48 143 166
7819 47 219 165
7820 46 73 165
7821 45 110 164
7822 44 208 164
7823 43 155 163
7824 42 223 163
7825 41 160 162
7826 40 139 162
7827 39 132 161
7828 38 44 161
7829 37 186 160
7830 36 62 160
7831 35 192 159
7832 34 64 159
7833 33 107 158
7834 32 207 158
7835 31 69 157
7836 30 23 157
7837 29 179 156
7838 28 231 156
7839 27 77 155
7840 26 197 155
7841 25 237 154
7842 24 79 154
7843 23 112 153
7844 22 123 153
7845 21 41 152
7846 20 185 152
7847 19 233 151
7848 18 249 151
7849 17 83 150
7850 16 199 150
7851 69 113 177
7852 68 209 177
7853 67 241 176
7854 66 166 176
7855 65 141 175
7856 64 47 175
7857 63 187 174
7858 62 148 174
7859 61 135 173
7860 60 45 173
7861 59 15 172
7862 58 5 172
7863 57 173 171
7864 56 229 171
7865 55 162 170
7866 54 54 170
7867 53 18 169
7868 52 6 169
7869 51 2 168
7870 50 172 168
7871 49 143 167
7872 48 219 167
7873 47 73 166
7874 46 110 166
7875 45 208 165
7876 44 155 165
7877 43 223 164
7878 42 160 164
7879 41 139 163
7880 40 132 163
7881 39 44 162
7882 38 186 162
7883 37 62 161
7884 36 192 161
7885 35 64 160
7886 34 107 160
7887 33 207 159
7888 32 69 159
7889 31 23 158
7890 30 179 158
7891 29 231 157
7892 28 77 157
7893 27 197 156
7894 26 237 156
7895 25 79 155
7896 24 112 155
7897 23 123 154
7898 22 41 154
7899 21 185 153
7900 20 233 153
7901 19 249 152
7902 18 83 152
7903 70 113 179
7904 69 209 178
7905 68 241 178
7906 67 166 177
7907 66 141 177
7908 65 47 176
7909 64 187 176
7910 63 148 175
7911 62 135 175
7912 61 45 174
7913 60 15 174
7914 59 5 173
7915 58 173 173
7916 57 229 172
7917 56 162 172
7918 55 54 171
7919 54 18 171
7920 53 6 170
7921 52 2 170
7922 51 172 169
7923 50 143 169
7924 49 219 168
7925 48 73 168
7926 47 110 167
7927 46 208 167
7928 45 155 166
7929 44 223 166
7930 43 160 165
7931 42 139 165
7932 41 132 164
7933 40 44 164
7934 39 186 163
7935 38 62 163
7936 37 192 162
7937 36 64 162
7938 35 107 161
7939 34 207 161
7940 33 69 160
7941 32 23 160
7942 31 179 159
7943 30 231 159
7944 29 77 158
7945 28 197 158
7946 27 237 157
7947 26 79 157
7948 25 112 156
7949 24 123 156
7950 23 41 155
7951 22 185 155
7952 21 233 154
7953 20 249 154
7954 71 113 180
7955 70 209 180
7956 69 241 179
7957 68 166 179
7958 67 141 178
7959 66 47 178
7960 65 187 177
7961 64 148 177
7962 63 135 176
7963 62 45 176
7964 61 15 175
7965 60 5 175
7966 59 173 174
7967 58 229 174
7968 57 162 173
7969 56 54 173
7970 55 18 172
7971 54 6 172
7972 53 2 171
7973 52 172 171
7974 51 143 170
7975 50 219 170
7976 49 73 169
7977 48 110 169
7978 47 208 168
7979 46 155 168
7980 45 223 167
7981 44 160 167
7982 43 139 166
7983 42 132 166
7984 41 44 165
7985 40 186 165
7986 39 62 164
7987 38 192 164
7988 37 64 163
7989 36 107 163
7990 35 207 162
7991 34 69 162
7992 33 23 161
7993 32 179 161
7994 31 231 160
7995 30 77 160
7996 29 197 159
7997 28 237 159
7998 27 79 158
7999 26 112 158
8000 25 123 157
8001 24 41 157
8002 23 185 156
8003 22 233 156
8004 72 113 182
8005 71 209 181
8006 70 241 181
8007 69 166 180
8008 68 141 180
8009 67 47 179
8010 66 187 179
8011 65 148 178
8012 64 135 178
8013 63 45 177
8014 62 15 177
8015 61 5 176
8016 60 173 176
8017 59 229 175
8018 58 162 175
8019 57 54 174
8020 56 18 174
8021 55 6 173
8022 54 2 173
8023 53 172 172
8024 52 143 172
8025 51 219 171
8026 50 73 171
8027 49 110 170
8028 48 208 170
8029 47 155 169
8030 46 223 169
8031 45 160 168
8032 44 139 168
8033 43 132 167
8034 42 44 167
8035 41 186 166
8036 40 62 166
8037 39 192 165
8038 38 64 165
8039 37 107 164
8040 36 207 164
8041 35 69 163
8042 34 23 163
8043 33 179 162
8044 32 231 162
8045 31 77 161
8046 30 197 161
8047 29 237 160
8048 28 79 160
8049 27 112 159
8050 26 123 159
8051 25 41 158
8052 24 185 158
8053 73 113 183
8054 72 209 183
8055 71 241 182
8056 70 166 182
8057 69 141 181
8058 68 47 181
8059 67 187 180
8060 66 148 180
8061 65 135 179
8062 64 45 179
8063 63 15 178
8064 62 5 178
8065 61 173 177
8066 60 229 177
8067 59 162 176
8068 58 54 176
8069 57 18 175
8070 56 6 175
8071 55 2 174
8072 54 172 174
8073 53 143 173
8074 52 219 173
8075 51 73 172
8076 50 110 172
8077 49 208 171
8078 48 155 171
8079 47 223 170
8080 46 160 170
8081 45 139 169
8082 44 132 169
8083 43 44 168
8084 42 186 168
8085 41 62 167
8086 40 192 167
8087 39 64 166
8088 38 107 166
8089 37 207 165
8090 36 69 165
8091 35 23 164
8092 34 179 164
8093 33 231 163
8094 32 77 163
8095 31 197 162
8096 30 237 162
8097 29 79 161
8098 28 112 161
8099 27 123 160
8100 26 41 160
8101 74 113 185
8102 73 209 184
8103 72 241 184
8104 71 166 183
8105 70 141 183
8106 69 47 182
8107 68 187 182
8108 67 148 181
8109 66 135 181
8110 65 45 180
8111 64 15 180
8112 63 5 179
8113 62 173 179
8114 61 229 178
8115 60 162 178
8116 59 54 177
8117 58 18 177
8118 57 6 176
8119 56 2 176
8120 55 172 175
8121 54 143 175
8122 53 219 174
8123 52 73 174
8124 51 110 173
8125 50 208 173
8126 49 155 172
8127 48 223 172
8128 47 160 171
8129 46 139 171
8130 45 132 170
8131 44 44 170
8132 43 186 169
8133 42 62 169
8134 41 192 168
8135 40 64 168
8136 39 107 167
8137 38 207 167
8138 37 69 166
8139 36 23 166
8140 35 179 165
8141 34 231 165
8142 33 77 164
8143 32 197 164
8144 31 237 163
8145 30 79 163
8146 29 112 162
8147 28 123 162
8148 75 113 186
8149 74 209 186
8150 73 241 185
8151 72 166 185
8152 71 141 184
8153 70 47 184
8154 69 187 183
8155 68 148 183
8156 67 135 182
8157 66 45 182
8158 65 15 181
8159 64 5 181
8160 63 173 180
8161 62 229 180
8162 61 162 179
8163 60 54 179
8164 59 18 178
8165 58 6 178
8166 57 2 177
8167 56 172 177
8168 55 143 176
8169 54 219 176
8170 53 73 175
8171 52 110 175
8172 51 208 174
8173 50 155 174
8174 49 223 173
8175 48 160 173
8176 47 139 172
8177 46 132 172
8178 45 44 171
8179 44 186 171
8180 43 62 170
8181 42 192 170
8182 41 64 169
8183 40 107 169
8184 39 207 168
8185 38 69 168
8186 37 23 167
8187 36 179 167
8188 35 231 166
8189 34 77 166
8190 33 197 165
8191 32 237 165
8192 31 79 164
8193 30 112 164
8194 76 113 188
8195 75 209 187
8196 74 241 187
8197 73 166 186
8198 72 141 186
8199 71 47 185
8200 70 187 185
8201 69 148 184
8202 68 135 184
8203 67 45 183
8204 66 15 183
8205 65 5 182
8206 64 173 182
8207 63 229 181
8208 62 162 181
8209 61 54 180
8210 60 18 180
8211 59 6 179
8212 58 2 179
8213 57 172 178
8214 56 143 178
8215 55 219 177
8216 54 73 177
8217 53 110 176
8218 52 208 176
8219 51 155 175
8220 50 223 175
8221 49 160 174
8222 48 139 174
8223 47 132 173
8224 46 44 173
8225 45 186 172
8226 44 62 172
8227 43 192 171
8228 42 64 171
8229 41 107 170
8230 40 207 170
8231 39 69 169
8232 38 23 169
8233 37 179 168
8234 36 231 168
8235 35 77 167
8236 34 197 167
8237 33 237 166
8238 32 79 166
8239 77 113 189
8240 76 209 189
8241 75 241 188
8242 74 166 188
8243 73 141 187
8244 72 47 187
8245 71 187 186
8246 70 148 186
8247 69 135 185
8248 68 45 185
8249 67 15 184
8250 66 5 184
8251 65 173 183
8252 64 229 183
8253 63 162 182
8254 62 54 182
8255 61 18 181
8256 60 6 181
8257 59 2 180
8258 58 172 180
8259 57 143 179
8260 56 219 179
8261 55 73 178
8262 54 110 178
8263 53 208 177
8264 52 155 177
8265 51 223 176
8266 50 160 176
8267 49 139 175
8268 48 132 175
8269 47 44 174
8270 46 186 174
8271 45 62 173
8272 44 192 173
8273 43 64 172
8274 42 107 172
8275 41 207 171
8276 40 69 171
8277 39 23 170
8278 38 179 170
8279 37 231 169
8280 36 77 169
8281 35 197 168
8282 34 237 168
8283 78 113 191
8284 77 209 190
8285 76 241 190
8286 75 166 189
8287 74 141 189
8288 73 47 188
8289 72 187 188
8290 71 148 187
8291 70 135 187
8292 69 45 186
8293 68 15 186
8294 67 5 185
8295 66 173 185
8296 65 229 184
8297 64 162 184
8298 63 54 183
8299 62 18 183
8300 61 6 182
8301 60 2 182
8302 59 172 181
8303 58 143 181
8304 57 219 180
8305 56 73 180
8306 55 110 179
8307 54 208 179
8308 53 155 178
8309 52 223 178
8310 51 160 177
8311 50 139 177
8312 49 132 176
8313 48 44 176
8314 47 186 175
8315 46 62 175
8316 45 192 174
8317 44 64 174
8318 43 107 173
8319 42 207 173
8320 41 69 172
8321 40 23 172
8322 39 179 171
8323 38 231 171
8324 37 77 170
8325 36 197 170
8326 79 113 192
8327 78 209 192
8328 77 241 191
8329 76 166 191
8330 75 141 190
8331 74 47 190
8332 73 187 189
8333 72 148 189
8334 71 135 188
8335 70 45 188
8336 69 15 187
8337 68 5 187
8338 67 173 186
8339 66 229 186
8340 65 162 185
8341 64 54 185
8342 63 18 184
8343 62 6 184
8344 61 2 183
8345 60 172 183
8346 59 143 182
8347 58 219 182
8348 57 73 181
8349 56 110 181
8350 55 208 180
8351 54 155 180
8352 53 223 179
8353 52 160 179
8354 51 139 178
8355 50 132 178
8356 49 44 177
8357 48 186 177
8358 47 62 176
8359 46 192 176
8360 45 64 175
8361 44 107 175
8362 43 207 174
8363 42 69 174
8364 41 23 173
8365 40 179 173
8366 39 231 172
8367 38 77 172
8368 80 113 194
8369 79 209 193
8370 78 241 193
8371 77 166 192
8372 76 141 192
8373 75 47 191
8374 74 187 191
8375 73 148 190
8376 72 135 190
8377 71 45 189
8378 70 15 189
8379 69 5 188
8380 68 173 188
8381 67 229 187
8382 66 162 187
8383 65 54 186
8384 64 18 186
8385 63 6 185
8386 62 2 185
8387 61 172 184
8388 60 143 184
8389 59 219 183
8390 58 73 183
8391 57 110 182
8392 56 208 182
8393 55 155 181
8394 54 223 181
8395 53 160 180
8396 52 139 180
8397 51 132 179
8398 50 44 179
8399 49 186 178
8400 48 62 178
8401 47 192 177
8402 46 64 177
8403 45 107 176
8404 44 207 176
8405 43 69 175
8406 42 23 175
8407 41 179 174
8408 40 231 174
8409 81 113 195
8410 80 209 195
8411 79 241 194
8412 78 166 194
8413 77 141 193
8414 76 47 193
8415 75 187 192
8416 74 148 192
8417 73 135 191
8418 72 45 191
8419 71 15 190
8420 70 5 190
8421 69 173 189
8422 68 229 189
8423 67 162 188
8424 66 54 188
8425 65 18 187
8426 64 6 187
8427 63 2 186
8428 62 172 186
8429 61 143 185
8430 60 219 185
8431 59 73 184
8432 58 110 184
8433 57 208 183
8434 56 155 183
8435 55 223 182
8436 54 160 182
8437 53 139 181
8438 52 132 181
8439 51 44 180
8440 50 186 180
8441 49 62 179
8442 48 192 179
8443 47 64 178
8444 46 107 178
8445 45 207 177
8446 44 69 177
8447 43 23 176
8448 42 179 176
8449 82 113 197
8450 81 209 196
8451 80 241 196
8452 79 166 195
8453 78 141 195
8454 77 47 194
8455 76 187 194
8456 75 148 193
8457 74 135 193
8458 73 45 192
8459 72 15 192
8460 71 5 191
8461 70 173 191
8462 69 229 190
8463 68 162 190
8464 67 54 189
8465 66 18 189
8466 65 6 188
8467 64 2 188
8468 63 172 187
8469 62 143 187
8470 61 219 186
8471 60 73 186
8472 59 110 185
8473 58 208 185
8474 57 155 184
8475 56 223 184
8476 55 160 183
8477 54 139 183
8478 53 132 182
8479 52 44 182
8480 51 186 181
8481 50 62 181
8482 49 192 180
8483 48 64 180
8484 47 107 179
8485 46 207 179
8486 45 69 178
8487 44 23 178
8488 83 113 198
8489 82 209 198
8490 81 241 197
8491 80 166 197
8492 79 141 196
8493 78 47 196
8494 77 187 195
8495 76 148 195
8496 75 135 194
8497 74 45 194
8498 73 15 193
8499 72 5 193
8500 71 173 192
8501 70 229 192
8502 69 162 191
8503 68 54 191
8504 67 18 190
8505 66 6 190
8506 65 2 189
8507 64 172 189
8508 63 143 188
8509 62 219 188
8510 61 73 187
8511 60 110 187
8512 59 208 186
8513 58 155 186
8514 57 223 185
8515 56 160 185
8516 55 139 184
8517 54 132 184
8518 53 44 183
8519 52 186 183
8520 51 62 182
8521 50 192 182
8522 49 64 181
8523 48 107 181
8524 47 207 180
8525 46 69 180
8526 84 113 200
8527 83 209 199
8528 82 241 199
8529 81 166 198
8530 80 141 198
8531 79 47 197
8532 78 187 197
8533 77 148 196
8534 76 135 196
8535 75 45 195
8536 74 15 195
8537 73 5 194
8538 72 173 194
8539 71 229 193
8540 70 162 193
8541 69 54 192
8542 68 18 192
8543 67 6 191
8544 66 2 191
8545 65 172 190
8546 64 143 190
8547 63 219 189
8548 62 73 189
8549 61 110 188
8550 60 208 188
8551 59 155 187
8552 58 223 187
8553 57 160 186
8554 56 139 186
8555 55 132 185
8556 54 44 185
8557 53 186 184
8558 52 62 184
8559 51 192 183
8560 50 64 183
8561 49 107 182
8562 48 207 182
8563 85 113 201
8564 84 209 201
8565 83 241 200
8566 82 166 200
8567 81 141 199
8568 80 47 199
8569 79 187 198
8570 78 148 198
8571 77 135 197
8572 76 45 197
8573 75 15 196
8574 74 5 196
8575 73 173 195
8576 72 229 195
8577 71 162 194
8578 70 54 194
8579 69 18 193
8580 68 6 193
8581 67 2 192
8582 66 172 192
8583 65 143 191
8584 64 219 191
8585 63 73 190
8586 62 110 190
8587 61 208 189
8588 60 155 189
8589 59 223 188
8590 58 160 188
8591 57 139 187
8592 56 132 187
8593 55 44 186
8594 54 186 186
8595 53 62 185
8596 52 192 185
8597 51 64 184
8598 50 107 184
8599 86 113 203
8600 85 209 202
8601 84 241 202
8602 83 166 201
8603 82 141 201
8604 81 47 200
8605 80 187 200
8606 79 148 199
8607 78 135 199
8608 77 45 198
8609 76 15 198
8610 75 5 197
8611 74 173 197
8612 73 229 196
8613 72 162 196
8614 71 54 195
8615 70 18 195
8616 69 6 194
8617 68 2 194
8618 67 172 193
8619 66 143 193
8620 65 219 192
8621 64 73 192
8622 63 110 191
8623 62 208 191
8624 61 155 190
8625 60 223 190
8626 59 160 189
8627 58 139 189
8628 57 132 188
8629 56 44 188
8630 55 186 187
8631 54 62 187
8632 53 192 186
8633 52 64 186
8634 87 113 204
8635 86 209 204
8636 85 241 203
8637 84 166 203
8638 83 141 202
8639 82 47 202
8640 81 187 201
8641 80 148 201
8642 79 135 200
8643 78 45 200
8644 77 15 199
8645 76 5 199
8646 75 173 198
8647 74 229 198
8648 73 162 197
8649 72 54 197
8650 71 18 196
8651 70 6 196
8652 69 2 195
8653 68 172 195
8654 67 143 194
8655 66 219 194
8656 65 73 193
8657 64 110 193
8658 63 208 192
8659 62 155 192
8660 61 223 191
8661 60 160 191
8662 59 139 190
8663 58 132 190
8664 57 44 189
8665 56 186 189
8666 55 62 188
8667 54 192 188
8668 88 113 206
8669 87 209 205
8670 86 241 205
8671 85 166 204
8672 84 141 204
8673 83 47 203
8674 82 187 203
8675 81 148 202
8676 80 135 202
8677 79 45 201
8678 78 15 201
8679 77 5 200
8680 76 173 200
8681 75 229 199
8682 74 162 199
8683 73 54 198
8684 72 18 198
8685 71 6 197
8686 70 2 197
8687 69 172 196
8688 68 143 196
8689 67 219 195
8690 66 73 195
8691 65 110 194
8692 64 208 194
8693 63 155 193
8694 62 223 193
8695 61 160 192
8696 60 139 192
8697 59 132 191
8698 58 44 191
8699 57 186 190
8700 56 62 190
8701 89 113 207
8702 88 209 207
8703 87 241 206
8704 86 166 206
8705 85 141 205
8706 84 47 205
8707 83 187 204
8708 82 148 204
8709 81 135 203
8710 80 45 203
8711 79 15 202
8712 78 5 202
8713 77 173 201
8714 76 229 201
8715 75 162 200
8716 74 54 200
8717 73 18 199
8718 72 6 199
8719 71 2 198
8720 70 172 198
8721 69 143 197
8722 68 219 197
8723 67 73 196
8724 66 110 196
8725 65 208 195
8726 64 155 195
8727 63 223 194
8728 62 160 194
8729 61 139 193
8730 60 132 193
8731 59 44 192
8732 58 186 192
8733 90 113 209
8734 89 209 208
8735 88 241 208
8736 87 166 207
8737 86 141 207
8738 85 47 206
8739 84 187 206
8740 83 148 205
8741 82 135 205
8742 81 45 204
8743 80 15 204
8744 79 5 203
8745 78 173 203
8746 77 229 202
8747 76 162 202
8748 75 54 201
8749 74 18 201
8750 73 6 200
8751 72 2 200
8752 71 172 199
8753 70 143 199
8754 69 219 198
8755 68 73 198
8756 67 110 197
8757 66 208 197
8758 65 155 196
8759 64 223 196
8760 63 160 195
8761 62 139 195
8762 61 132 194
8763 60 44 194
8764 91 113 210
8765 90 209 210
8766 89 241 209
8767 88 166 209
8768 87 141 208
8769 86 47 208
8770 85 187 207
8771 84 148 207
8772 83 135 206
8773 82 45 206
8774 81 15 205
8775 80 5 205
8776 79 173 204
8777 78 229 204
8778 77 162 203
8779 76 54 203
8780 75 18 202
8781 74 6 202
8782 73 2 201
8783 72 172 201
8784 71 143 200
8785 70 219 200
8786 69 73 199
8787 68 110 199
8788 67 208 198
8789 66 155 198
8790 65 223 197
8791 64 160 197
8792 63 139 196
8793 62 132 196
8794 92 113 212
8795 91 209 211
8796 90 241 211
8797 89 166 210
8798 88 141 210
8799 87 47 209
8800 86 187 209
8801 85 148 208
8802 84 135 208
8803 83 45 207
8804 82 15 207
8805 81 5 206
8806 80 173 206
8807 79 229 205
8808 78 162 205
8809 77 54 204
8810 76 18 204
8811 75 6 203
8812 74 2 203
8813 73 172 202
8814 72 143 202
8815 71 219 201
8816 70 73 201
8817 69 110 200
8818 68 208 200
8819 67 155 199
8820 66 223 199
8821 65 160 198
8822 64 139 198
8823 93 113 213
8824 92 209 213
8825 91 241 212
8826 90 166 212
8827 89 141 211
8828 88 47 211
8829 87 187 210
8830 86 148 210
8831 85 135 209
8832 84 45 209
8833 83 15 208
8834 82 5 208
8835 81 173 207
8836 80 229 207
8837 79 162 206
8838 78 54 206
8839 77 18 205
8840 76 6 205
8841 75 2 204
8842 74 172 204
8843 73 143 203
8844 72 219 203
8845 71 73 202
8846 70 110 202
8847 69 208 201
8848 68 155 201
8849 67 223 200
8850 66 160 200
8851 94 113 215
8852 93 209 214
8853 92 241 214
8854 91 166 213
8855 90 141 213
8856 89 47 212
8857 88 187 212
8858 87 148 211
8859 86 135 211
8860 85 45 210
8861 84 15 210
8862 83 5 209
8863 82 173 209
8864 81 229 208
8865 80 162 208
8866 79 54 207
8867 78 18 207
8868 77 6 206
8869 76 2 206
8870 75 172 205
8871 74 143 205
8872 73 219 204
8873 72 73 204
8874 71 110 203
8875 70 208 203
8876 69 155 202
8877 68 223 202
8878 95 113 216
8879 94 209 216
8880 93 241 215
8881 92 166 215
8882 91 141 214
8883 90 47 214
8884 89 187 213
8885 88 148 213
8886 87 135 212
8887 86 45 212
8888 85 15 211
8889 84 5 211
8890 83 173 210
8891 82 229 210
8892 81 162 209
8893 80 54 209
8894 79 18 208
8895 78 6 208
8896 77 2 207
8897 76 172 207
8898 75 143 206
8899 74 219 206
8900 73 73 205
8901 72 110 205
8902 71 208 204
8903 70 155 204
8904 96 113 218
8905 95 209 217
8906 94 241 217
8907 93 166 216
8908 92 141 216
8909 91 47 215
8910 90 187 215
8911 89 148 214
8912 88 135 214
8913 87 45 213
8914 86 15 213
8915 85 5 212
8916 84 173 212
8917 83 229 211
8918 82 162 211
8919 81 54 210
8920 80 18 210
8921 79 6 209
8922 78 2 209
8923 77 172 208
8924 76 143 208
8925 75 219 207
8926 74 73 207
8927 73 110 206
8928 72 208 206
8929 97 113 219
8930 96 209 219
8931 95 241 218
8932 94 166 218
8933 93 141 217
8934 92 47 217
8935 91 187 216
8936 90 148 216
8937 89 135 215
8938 88 45 215
8939 87 15 214
8940 86 5 214
8941 85 173 213
8942 84 229 213
8943 83 162 212
8944 82 54 212
8945 81 18 211
8946 80 6 211
8947 79 2 210
8948 78 172 210
8949 77 143 209
8950 76 219 209
8951 75 73 208
8952 74 110 208
8953 98 113 221
8954 97 209 220
8955 96 241 220
8956 95 166 219
8957 94 141 219
8958 93 47 218
8959 92 187 218
8960 91 148 217
8961 90 135 217
8962 89 45 216
8963 88 15 216
8964 87 5 215
8965 86 173 215
8966 85 229 214
8967 84 162 214
8968 83 54 213
8969 82 18 213
8970 81 6 212
8971 80 2 212
8972 79 172 211
8973 78 143 211
8974 77 219 210
8975 76 73 210
8976 99 113 222
8977 98 209 222
8978 97 241 221
8979 96 166 221
8980 95 141 220
8981 94 47 220
8982 93 187 219
8983 92 148 219
8984 91 135 218
8985 90 45 218
8986 89 15 217
8987 88 5 217
8988 87 173 216
8989 86 229 216
8990 85 162 215
8991 84 54 215
8992 83 18 214
8993 82 6 214
8994 81 2 213
8995 80 172 213
8996 79 143 212
8997 78 219 212
8998 100 113 224
8999 99 209 223
9000 98 241 223
9001 97 166 222
9002 96 141 222
9003 95 47 221
9004 94 187 221
9005 93 148 220
9006 92 135 220
9007 91 45 219
9008 90 15 219
9009 89 5 218
9010 88 173 218
9011 87 229 217
9012 86 162 217
9013 85 54 216
9014 84 18 216
9015 83 6 215
9016 82 2 215
9017 81 172 214
9018 80 143 214
9019 101 113 225
9020 100 209 225
9021 99 241 224
9022 98 166 224
9023 97 141 223
9024 96 47 223
9025 95 187 222
9026 94 148 222
9027 93 135 221
9028 92 45 221
9029 91 15 220
9030 90 5 220
9031 89 173 219
9032 88 229 219
9033 87 162 218
9034 86 54 218
9035 85 18 217
9036 84 6 217
9037 83 2 216
9038 82 172 216
9039 102 113 227
9040 101 209 226
9041 100 241 226
9042 99 166 225
9043 98 141 225
9044 97 47 224
9045 96 187 224
9046 95 148 223
9047 94 135 223
9048 93 45 222
9049 92 15 222
9050 91 5 221
9051 90 173 221
9052 89 229 220
9053 88 162 220
9054 87 54 219
9055 86 18 219
9056 85 6 218
9057 84 2 218
9058 103 113 228
9059 102 209 228
9060 101 241 227
9061 100 166 227
9062 99 141 226
9063 98 47 226
9064 97 187 225
9065 96 148 225
9066 95 135 224
9067 94 45 224
9068 93 15 223
9069 92 5 223
9070 91 173 222
9071 90 229 222
9072 89 162 221
9073 88 54 221
9074 87 18 220
9075 86 6 220
9076 104 113 230
9077 103 209 229
9078 102 241 229
9079 101 166 228
9080 100 141 228
9081 99 47 227
9082 98 187 227
9083 97 148 226
9084 96 135 226
9085 95 45 225
9086 94 15 225
9087 93 5 224
9088 92 173 224
9089 91 229 223
9090 90 162 223
9091 89 54 222
9092 88 18 222
9093 105 113 231
9094 104 209 231
9095 103 241 230
9096 102 166 230
9097 101 141 229
9098 100 47 229
9099 99 187 228
9100 98 148 228
9101 97 135 227
9102 96 45 227
9103 95 15 226
9104 94 5 226
9105 93 173 225
9106 92 229 225
9107 91 162 224
9108 90 54 224
9109 106 113 233
9110 105 209 232
9111 104 241 232
9112 103 166 231
9113 102 141 231
9114 101 47 230
9115 100 187 230
9116 99 148 229
9117 98 135 229
9118 97 45 228
9119 96 15 228
9120 95 5 227
9121 94 173 227
9122 93 229 226
9123 92 162 226
9124 107 113 234
9125 106 209 234
9126 105 241 233
9127 104 166 233
9128 103 141 232
9129 102 47 232
9130 101 187 231
9131 100 148 231
9132 99 135 230
9133 98 45 230
9134 97 15 229
9135 96 5 229
9136 95 173 228
9137 94 229 228
9138 108 113 236
9139 107 209 235
9140 106 241 235
9141 105 166 234
9142 104 141 234
9143 103 47 233
9144 102 187 233
9145 101 148 232
9146 100 135 232
9147 99 45 231
9148 98 15 231
9149 97 5 230
9150 96 173 230
9151 109 113 237
9152 108 209 237
9153 107 241 236
9154 106 166 236
9155 105 141 235
9156 104 47 235
9157 103 187 234
9158 102 148 234
9159 101 135 233
9160 100 45 233
9161 99 15 232
9162 98 5 232
9163 110 113 239
9164 109 209 238
9165 108 241 238
9166 107 166 237
9167 106 141 237
9168 105 47 236
9169 104 187 236
9170 103 148 235
9171 102 135 235
9172 101 45 234
9173 100 15 234
9174 111 113 240
9175 110 209 240
9176 109 241 239
9177 108 166 239
9178 107 141 238
9179 106 47 238
9180 105 187 237
9181 104 148 237
9182 103 135 236
9183 102 45 236
9184 112 113 242
9185 111 209 241
9186 110 241 241
9187 109 166 240
9188 108 141 240
9189 107 47 239
9190 106 187 239
9191 105 148 238
9192 104 135 238
9193 113 113 243
9194 112 209 243
9195 111 241 242
9196 110 166 242
9197 109 141 241
9198 108 47 241
9199 107 187 240
9200 106 148 240
9201 114 113 245
9202 113 209 244
9203 112 241 244
9204 111 166 243
9205 110 141 243
9206 109 47 242
9207 108 187 242
9208 115 113 246
9209 114 209 246
9210 113 241 245
9211 112 166 245
9212 111 141 244
9213 110 47 244
9214 116 113 248
9215 115 209 247
9216 114 241 247
9217 113 166 246
9218 112 141 246
9219 117 113 249
9220 116 209 249
9221 115 241 248
9222 114 166 248
9223 118 113 251
9224 117 209 250
9225 116 241 250
9226 119 113 252
9227 118 209 252
9228 120 113 254
9229 121 16 255
9230 119 4 253
9231 117 1 251
9232 115 193 249
9233 113 241 247
9234 111 253 245
9235 109 256 243
9236 107 64 241
9237 105 16 239
9238 103 4 237
9239 101 1 235
9240 99 193 233
9241 97 241 231
9242 95 253 229
9243 93 256 227
9244 91 64 225
9245 89 16 223
9246 87 4 221
9247 85 1 219
9248 83 193 217
9249 81 241 215
9250 79 253 213
9251 77 256 211
9252 75 64 209
9253 73 16 207
9254 71 4 205
9255 69 1 203
9256 67 193 201
9257 65 241 199
9258 63 253 197
9259 61 256 195
9260 59 64 193
9261 57 16 191
9262 55 4 189
9263 53 1 187
9264 51 193 185
9265 49 241 183
9266 47 253 181
9267 45 256 179
9268 43 64 177
9269 41 16 175
9270 39 4 173
9271 37 1 171
9272 35 193 169
9273 33 241 167
9274 31 253 165
9275 29 256 163
9276 27 64 161
9277 25 16 159
9278 23 4 157
9279 21 1 155
9280 19 193 153
9281 17 241 151
9282 15 253 149
9283 122 16 257
9284 120 4 255
9285 118 1 253
9286 116 193 251
9287 114 241 249
9288 112 253 247
9289 110 256 245
9290 108 64 243
9291 106 16 241
9292 104 4 239
9293 102 1 237
9294 100 193 235
9295 98 241 233
9296 96 253 231
9297 94 256 229
9298 92 64 227
9299 90 16 225
9300 88 4 223
9301 86 1 221
9302 84 193 219
9303 82 241 217
9304 80 253 215
9305 78 256 213
9306 76 64 211
9307 74 16 209
9308 72 4 207
9309 70 1 205
9310 68 193 203
9311 66 241 201
9312 64 253 199
9313 62 256 197
9314 60 64 195
9315 58 16 193
9316 56 4 191
9317 54 1 189
9318 52 193 187
9319 50 241 185
9320 48 253 183
9321 46 256 181
9322 44 64 179
9323 42 16 177
9324 40 4 175
9325 38 1 173
9326 36 193 171
9327 34 241 169
9328 32 253 167
9329 30 256 165
9330 28 64 163
9331 26 16 161
9332 24 4 159
9333 22 1 157
9334 20 193 155
9335 123 16 258
9336 121 4 256
9337 119 1 254
9338 117 193 252
9339 115 241 250
9340 113 253 248
9341 111 256 246
9342 109 64 244
9343 107 16 242
9344 105 4 240
9345 103 1 238
9346 101 193 236
9347 99 241 234
9348 97 253 232
9349 95 256 230
9350 93 64 228
9351 91 16 226
9352 89 4 224
9353 87 1 222
9354 85 193 220
9355 83 241 218
9356 81 253 216
9357 79 256 214
9358 77 64 212
9359 75 16 210
9360 73 4 208
9361 71 1 206
9362 69 193 204
9363 67 241 202
9364 65 253 200
9365 63 256 198
9366 61 64 196
9367 59 16 194
9368 57 4 192
9369 55 1 190
9370 53 193 188
9371 51 241 186
9372 49 253 184
9373 47 256 182
9374 45 64 180
9375 43 16 178
9376 41 4 176
9377 39 1 174
9378 37 193 172
9379 35 241 170
9380 33 253 168
9381 31 256 166
9382 29 64 164
9383 27 16 162
9384 25 4 160
9385 124 16 260
9386 122 4 258
9387 120 1 256
9388 118 193 254
9389 116 241 252
9390 114 253 250
9391 112 256 248
9392 110 64 246
9393 108 16 244
9394 106 4 242
9395 104 1 240
9396 102 193 238
9397 100 241 236
9398 98 253 234
9399 96 256 232
9400 94 64 230
9401 92 16 228
9402 90 4 226
9403 88 1 224
9404 86 193 222
9405 84 241 220
9406 82 253 218
9407 80 256 216
9408 78 64 214
9409 76 16 212
9410 74 4 210
9411 72 1 208
9412 70 193 206
9413 68 241 204
9414 66 253 202
9415 64 256 200
9416 62 64 198
9417 60 16 196
9418 58 4 194
9419 56 1 192
9420 54 193 190
9421 52 241 188
9422 50 253 186
9423 48 256 184
9424 46 64 182
9425 44 16 180
9426 42 4 178
9427 40 1 176
9428 38 193 174
9429 36 241 172
9430 34 253 170
9431 32 256 168
9432 30 64 166
9433 125 16 261
9434 123 4 259
9435 121 1 257
9436 119 193 255
9437 117 241 253
9438 115 253 251
9439 113 256 249
9440 111 64 247
9441 109 16 245
9442 107 4 243
9443 105 1 241
9444 103 193 239
9445 101 241 237
9446 99 253 235
9447 97 256 233
9448 95 64 231
9449 93 16 229
9450 91 4 227
9451 89 1 225
9452 87 193 223
9453 85 241 221
9454 83 253 219
9455 81 256 217
9456 79 64 215
9457 77 16 213
9458 75 4 211
9459 73 1 209
9460 71 193 207
9461 69 241 205
9462 67 253 203
9463 65 256 201
9464 63 64 199
9465 61 16 197
9466 59 4 195
9467 57 1 193
9468 55 193 191
9469 53 241 189
9470 51 253 187
9471 49 256 185
9472 47 64 183
9473 45 16 181
9474 43 4 179
9475 41 1 177
9476 39 193 175
9477 37 241 173
9478 35 253 171
9479 126 16 263
9480 124 4 261
9481 122 1 259
9482 120 193 257
9483 118 241 255
9484 116 253 253
9485 114 256 251
9486 112 64 249
9487 110 16 247
9488 108 4 245
9489 106 1 243
9490 104 193 241
9491 102 241 239
9492 100 253 237
9493 98 256 235
9494 96 64 233
9495 94 16 231
9496 92 4 229
9497 90 1 227
9498 88 193 225
9499 86 241 223
9500 84 253 221
9501 82 256 219
9502 80 64 217
9503 78 16 215
9504 76 4 213
9505 74 1 211
9506 72 193 209
9507 70 241 207
9508 68 253 205
9509 66 256 203
9510 64 64 201
9511 62 16 199
9512 60 4 197
9513 58 1 195
9514 56 193 193
9515 54 241 191
9516 52 253 189
9517 50 256 187
9518 48 64 185
9519 46 16 183
9520 44 4 181
9521 42 1 179
9522 40 193 177
9523 127 16 264
9524 125 4 262
9525 123 1 260
9526 121 193 258
9527 119 241 256
9528 117 253 254
9529 115 256 252
9530 113 64 250
9531 111 16 248
9532 109 4 246
9533 107 1 244
9534 105 193 242
9535 103 241 240
9536 101 253 238
9537 99 256 236
9538 97 64 234
9539 95 16 232
9540 93 4 230
9541 91 1 228
9542 89 193 226
9543 87 241 224
9544 85 253 222
9545 83 256 220
9546 81 64 218
9547 79 16 216
9548 77 4 214
9549 75 1 212
9550 73 193 210
9551 71 241 208
9552 69 253 206
9553 67 256 204
9554 65 64 202
9555 63 16 200
9556 61 4 198
9557 59 1 196
9558 57 193 194
9559 55 241 192
9560 53 253 190
9561 51 256 188
9562 49 64 186
9563 47 16 184
9564 45 4 182
9565 128 16 266
9566 126 4 264
9567 124 1 262
9568 122 193 260
9569 120 241 258
9570 118 253 256
9571 116 256 254
9572 114 64 252
9573 112 16 250
9574 110 4 248
9575 108 1 246
9576 106 193 244
9577 104 241 242
9578 102 253 240
9579 100 256 238
9580 98 64 236
9581 96 16 234
9582 94 4 232
9583 92 1 230
9584 90 193 228
9585 88 241 226
9586 86 253 224
9587 84 256 222
9588 82 64 220
9589 80 16 218
9590 78 4 216
9591 76 1 214
9592 74 193 212
9593 72 241 210
9594 70 253 208
9595 68 256 206
9596 66 64 204
9597 64 16 202
9598 62 4 200
9599 60 1 198
9600 58 193 196
9601 56 241 194
9602 54 253 192
9603 52 256 190
9604 50 64 188
9605 129 16 267
9606 127 4 265
9607 125 1 263
9608 123 193 261
9609 121 241 259
9610 119 253 257
9611 117 256 255
9612 115 64 253
9613 113 16 251
9614 111 4 249
9615 109 1 247
9616 107 193 245
9617 105 241 243
9618 103 253 241
9619 101 256 239
9620 99 64 237
9621 97 16 235
9622 95 4 233
9623 93 1 231
9624 91 193 229
9625 89 241 227
9626 87 253 225
9627 85 256 223
9628 83 64 221
9629 81 16 219
9630 79 4 217
9631 77 1 215
9632 75 193 213
9633 73 241 211
9634 71 253 209
9635 69 256 207
9636 67 64 205
9637 65 16 203
9638 63 4 201
9639 61 1 199
9640 59 193 197
9641 57 241 195
9642 55 253 193
9643 130 16 269
9644 128 4 267
9645 126 1 265
9646 124 193 263
9647 122 241 261
9648 120 253 259
9649 118 256 257
9650 116 64 255
9651 114 16 253
9652 112 4 251
9653 110 1 249
9654 108 193 247
9655 106 241 245
9656 104 253 243
9657 102 256 241
9658 100 64 239
9659 98 16 237
9660 96 4 235
9661 94 1 233
9662 92 193 231
9663 90 241 229
9664 88 253 227
9665 86 256 225
9666 84 64 223
9667 82 16 221
9668 80 4 219
9669 78 1 217
9670 76 193 215
9671 74 241 213
9672 72 253 211
9673 70 256 209
9674 68 64 207
9675 66 16 205
9676 64 4 203
9677 62 1 201
9678 60 193 199
9679 131 16 270
9680 129 4 268
9681 127 1 266
9682 125 193 264
9683 123 241 262
9684 121 253 260
9685 119 256 258
9686 117 64 256
9687 115 16 254
9688 113 4 252
9689 111 1 250
9690 109 193 248
9691 107 241 246
9692 105 253 244
9693 103 256 242
9694 101 64 240
9695 99 16 238
9696 97 4 236
9697 95 1 234
9698 93 193 232
9699 91 241 230
9700 89 253 228
9701 87 256 226
9702 85 64 224
9703 83 16 222
9704 81 4 220
9705 79 1 218
9706 77 193 216
9707 75 241 214
9708 73 253 212
9709 71 256 210
9710 69 64 208
9711 67 16 206
9712 65 4 204
9713 132 16 272
9714 130 4 270
9715 128 1 268
9716 126 193 266
9717 124 241 264
9718 122 253 262
9719 120 256 260
9720 118 64 258
9721 116 16 256
9722 114 4 254
9723 112 1 252
9724 110 193 250
9725 108 241 248
9726 106 253 246
9727 104 256 244
9728 102 64 242
9729 100 16 240
9730 98 4 238
9731 96 1 236
9732 94 193 234
9733 92 241 232
9734 90 253 230
9735 88 256 228
9736 86 64 226
9737 84 16 224
9738 82 4 222
9739 80 1 220
9740 78 193 218
9741 76 241 216
9742 74 253 214
9743 72 256 212
9744 70 64 210
9745 133 16 273
9746 131 4 271
9747 129 1 269
9748 127 193 267
9749 125 241 265
9750 123 253 263
9751 121 256 261
9752 119 64 259
9753 117 16 257
9754 115 4 255
9755 113 1 253
9756 111 193 251
9757 109 241 249
9758 107 253 247
9759 105 256 245
9760 103 64 243
9761 101 16 241
9762 99 4 239
9763 97 1 237
9764 95 193 235
9765 93 241 233
9766 91 253 231
9767 89 256 229
9768 87 64 227
9769 85 16 225
9770 83 4 223
9771 81 1 221
9772 79 193 219
9773 77 241 217
9774 75 253 215
9775 134 16 275
9776 132 4 273
9777 130 1 271
9778 128 193 269
9779 126 241 267
9780 124 253 265
9781 122 256 263
9782 120 64 261
9783 118 16 259
9784 116 4 257
9785 114 1 255
9786 112 193 253
9787 110 241 251
9788 108 253 249
9789 106 256 247
9790 104 64 245
9791 102 16 243
9792 100 4 241
9793 98 1 239
9794 96 193 237
9795 94 241 235
9796 92 253 233
9797 90 256 231
9798 88 64 229
9799 86 16 227
9800 84 4 225
9801 82 1 223
9802 80 193 221
9803 135 16 276
9804 133 4 274
9805 131 1 272
9806 129 193 270
9807 127 241 268
9808 125 253 266
9809 123 256 264
9810 121 64 262
9811 119 16 260
9812 117 4 258
9813 115 1 256
9814 113 193 254
9815 111 241 252
9816 109 253 250
9817 107 256 248
9818 105 64 246
9819 103 16 244
9820 101 4 242
9821 99 1 240
9822 97 193 238
9823 95 241 236
9824 93 253 234
9825 91 256 232
9826 89 64 230
9827 87 16 228
9828 85 4 226
9829 136 16 278
9830 134 4 276
9831 132 1 274
9832 130 193 272
9833 128 241 270
9834 126 253 268
9835 124 256 266
9836 122 64 264
9837 120 16 262
9838 118 4 260
9839 116 1 258
9840 114 193 256
9841 112 241 254
9842 110 253 252
9843 108 256 250
9844 106 64 248
9845 104 16 246
9846 102 4 244
9847 100 1 242
9848 98 193 240
9849 96 241 238
9850 94 253 236
9851 92 256 234
9852 90 64 232
9853 137 16 279
9854 135 4 277
9855 133 1 275
9856 131 193 273
9857 129 241 271
9858 127 253 269
9859 125 256 267
9860 123 64 265
9861 121 16 263
9862 119 4 261
9863 117 1 259
9864 115 193 257
9865 113 241 255
9866 111 253 253
9867 109 256 251
9868 107 64 249
9869 105 16 247
9870 103 4 245
9871 101 1 243
9872 99 193 241
9873 97 241 239
9874 95 253 237
9875 138 16 281
9876 136 4 279
9877 134 1 277
9878 132 193 275
9879 130 241 273
9880 128 253 271
9881 126 256 269
9882 124 64 267
9883 122 16 265
9884 120 4 263
9885 118 1 261
9886 116 193 259
9887 114 241 257
9888 112 253 255
9889 110 256 253
9890 108 64 251
9891 106 16 249
9892 104 4 247
9893 102 1 245
9894 100 193 243
9895 139 16 282
9896 137 4 280
9897 135 1 278
9898 133 193 276
9899 131 241 274
9900 129 253 272
9901 127 256 270
9902 125 64 268
9903 123 16 266
9904 121 4 264
9905 119 1 262
9906 117 193 260
9907 115 241 258
9908 113 253 256
9909 111 256 254
9910 109 64 252
9911 107 16 250
9912 105 4 248
9913 140 16 284
9914 138 4 282
9915 136 1 280
9916 134 193 278
9917 132 241 276
9918 130 253 274
9919 128 256 272
9920 126 64 270
9921 124 16 268
9922 122 4 266
9923 120 1 264
9924 118 193 262
9925 116 241 260
9926 114 253 258
9927 112 256 256
9928 110 64 254
9929 141 16 285
9930 139 4 283
9931 137 1 281
9932 135 193 279
9933 133 241 277
9934 131 253 275
9935 129 256 273
9936 127 64 271
9937 125 16 269
9938 123 4 267
9939 121 1 265
9940 119 193 263
9941 117 241 261
9942 115 253 259
9943 142 16 287
9944 140 4 285
9945 138 1 283
9946 136 193 281
9947 134 241 279
9948 132 253 277
9949 130 256 275
9950 128 64 273
9951 126 16 271
9952 124 4 269
9953 122 1 267
9954 120 193 265
9955 143 16 288
9956 141 4 286
9957 139 1 284
9958 137 193 282
9959 135 241 280
9960 133 253 278
9961 131 256 276
9962 129 64 274
9963 127 16 272
9964 125 4 270
9965 144 16 290
9966 142 4 288
9967 140 1 286
9968 138 193 284
9969 136 241 282
9970 134 253 280
9971 132 256 278
9972 130 64 276
9973 145 16 291
9974 143 4 289
9975 141 1 287
9976 139 193 285
9977 137 241 283
9978 135 253 281
9979 146 16 293
9980 144 4 291
9981 142 1 289
9982 140 193 287
9983 147 16 294
9984 145 4 292
9985 0 249 141
9986 0 249 142
9987 0 249 143
9988 0 249 144
9989 0 249 145
9990 0 249 146
9991 0 249 147
9992 0 249 148
9993 0 249 149
9994 0 249 150
9995 0 249 151
9996 0 249 152
9997 0 249 153
9998 0 249 154
9999 0 249 155
10000 0 249 156
10001 0 249 157
10002 0 249 158
10003 0 249 159
10004 0 249 160
10005 0 249 161
10006 0 249 162
10007 0 249 163
10008 0 249 164
10009 0 249 165
10010 0 249 166
10011 0 249 167
10012 0 249 168
10013 0 249 169
10014 0 249 170
10015 0 249 171
10016 0 249 172
10017 0 249 173
10018 0 249 174
10019 0 249 175
10020 0 249 176
10021 0 249 177
10022 0 249 178
10023 0 249 179
10024 0 249 180
10025 0 249 181
10026 0 249 182
10027 0 249 183
10028 0 249 184
10029 0 249 185
10030 0 249 186
10031 0 249 187
10032 0 249 188
10033 0 249 189
10034 0 249 190
10035 1 253 141
10036 1 253 142
10037 1 253 143
10038 1 253 144
10039 1 253 145
10040 1 253 146
10041 1 253 147
10042 1 253 148
10043 1 253 149
10044 1 253 150
10045 1 253 151
10046 1 253 152
10047 1 253 153
10048 1 253 154
10049 1 253 155
10050 1 253 156
10051 1 253 157
10052 1 253 158
10053 1 253 159
10054 1 253 160
10055 1 253 161
10056 1 253 162
10057 1 253 163
10058 1 253 164
10059 1 253 165
10060 1 253 166
10061 1 253 167
10062 1 253 168
10063 1 253 169
10064 1 253 170
10065 1 253 171
10066 1 253 172
10067 1 253 173
10068 1 253 174
10069 1 253 175
10070 1 253 176
10071 1 253 177
10072 1 253 178
10073 1 253 179
10074 1 253 180
10075 1 253 181
10076 1 253 182
10077 1 253 183
10078 1 253 184
10079 1 253 185
10080 1 253 186
10081 1 253 187
10082 1 253 188
10083 1 253 189
10084 2 255 141
10085 2 255 142
10086 2 255 143
10087 2 255 144
10088 2 255 145
10089 2 255 146
10090 2 255 147
10091 2 255 148
10092 2 255 149
10093 2 255 150
10094 2 255 151
10095 2 255 152
10096 2 255 153
10097 2 255 154
10098 2 255 155
10099 2 255 156
10100 2 255 157
10101 2 255 158
10102 2 255 159
10103 2 255 160
10104 2 255 161
10105 2 255 162
10106 2 255 163
10107 2 255 164
10108 2 255 165
10109 2 255 166
10110 2 255 167
10111 2 255 168
10112 2 255 169
10113 2 255 170
10114 2 255 171
10115 2 255 172
10116 2 255 173
10117 2 255 174
10118 2 255 175
10119 2 255 176
10120 2 255 177
10121 2 255 178
10122 2 255 179
10123 2 255 180
10124 2 255 181
10125 2 255 182
10126 2 255 183
10127 2 255 184
10128 2 255 185
10129 2 255 186
10130 2 255 187
10131 2 255 188
10132 3 256 141
10133 3 256 142
10134 3 256 143
10135 3 256 144
10136 3 256 145
10137 3 256 146
10138 3 256 147
10139 3 256 148
10140 3 256 149
10141 3 256 150
10142 3 256 151
10143 3 256 152
10144 3 256 153
10145 3 256 154
10146 3 256 155
10147 3 256 156
10148 3 256 157
10149 3 256 158
10150 3 256 159
10151 3 256 160
10152 3 256 161
10153 3 256 162
10154 3 256 163
10155 3 256 164
10156 3 256 165
10157 3 256 166
10158 3 256 167
10159 3 256 168
10160 3 256 169
10161 3 256 170
10162 3 256 171
10163 3 256 172
10164 3 256 173
10165 3 256 174
10166 3 256 175
10167 3 256 176
10168 3 256 177
10169 3 256 178
10170 3 256 179
10171 3 256 180
10172 3 256 181
10173 3 256 182
10174 3 256 183
10175 3 256 184
10176 3 256 185
10177 3 256 186
10178 3 256 187
10179 4 256 142
10180 5 129 142
10181 4 128 143
10182 4 128 144
10183 4 128 145
10184 4 128 146
10185 4 128 147
10186 4 128 148
10187 4 128 149
10188 4 128 150
10189 4 128 151
10190 4 128 152
10191 4 128 153
10192 4 128 154
10193 4 128 155
10194 4 128 156
10195 4 128 157
10196 4 128 158
10197 4 128 159
10198 4 128 160
10199 4 128 161
10200 4 128 162
10201 4 128 163
10202 4 128 164
10203 4 128 165
10204 4 128 166
10205 4 128 167
10206 4 128 168
10207 4 128 169
10208 4 128 170
10209 4 128 171
10210 4 128 172
10211 4 128 173
10212 4 128 174
10213 4 128 175
10214 4 128 176
10215 4 128 177
10216 4 128 178
10217 4 128 179
10218 4 128 180
10219 4 128 181
10220 4 128 182
10221 4 128 183
10222 4 128 184
10223 4 128 185
10224 4 128 186
10225 5 256 143
10226 6 129 143
10227 7 64 143
10228 5 64 144
10229 5 64 145
10230 5 64 146
10231 5 64 147
10232 5 64 148
10233 5 64 149
10234 5 64 150
10235 5 64 151
10236 5 64 152
10237 5 64 153
10238 5 64 154
10239 5 64 155
10240 5 64 156
10241 5 64 157
10242 5 64 158
10243 5 64 159
10244 5 64 160
10245 5 64 161
10246 5 64 162
10247 5 64 163
10248 5 64 164
10249 5 64 165
10250 5 64 166
10251 5 64 167
10252 5 64 168
10253 5 64 169
10254 5 64 170
10255 5 64 171
10256 5 64 172
10257 5 64 173
10258 5 64 174
10259 5 64 175
10260 5 64 176
10261 5 64 177
10262 5 64 178
10263 5 64 179
10264 5 64 180
10265 5 64 181
10266 5 64 182
10267 5 64 183
10268 5 64 184
10269 5 64 185
10270 6 256 144
10271 7 129 144
10272 8 64 144
10273 9 225 144
10274 6 32 145
10275 6 32 146
10276 6 32 147
10277 6 32 148
10278 6 32 149
10279 6 32 150
10280 6 32 151
10281 6 32 152
10282 6 32 153
10283 6 32 154
10284 6 32 155
10285 6 32 156
10286 6 32 157
10287 6 32 158
10288 6 32 159
10289 6 32 160
10290 6 32 161
10291 6 32 162
10292 6 32 163
10293 6 32 164
10294 6 32 165
10295 6 32 166
10296 6 32 167
10297 6 32 168
10298 6 32 169
10299 6 32 170
10300 6 32 171
10301 6 32 172
10302 6 32 173
10303 6 32 174
10304 6 32 175
10305 6 32 176
10306 6 32 177
10307 6 32 178
10308 6 32 179
10309 6 32 180
10310 6 32 181
10311 6 32 182
10312 6 32 183
10313 6 32 184
10314 7 256 145
10315 8 129 145
10316 9 64 145
10317 10 225 145
10318 11 16 145
10319 7 16 146
10320 7 16 147
10321 7 16 148
10322 7 16 149
10323 7 16 150
10324 7 16 151
10325 7 16 152
10326 7 16 153
10327 7 16 154
10328 7 16 155
10329 7 16 156
10330 7 16 157
10331 7 16 158
10332 7 16 159
10333 7 16 160
10334 7 16 161
10335 7 16 162
10336 7 16 163
10337 7 16 164
10338 7 16 165
10339 7 16 166
10340 7 16 167
10341 7 16 168
10342 7 16 169
10343 7 16 170
10344 7 16 171
10345 7 16 172
10346 7 16 173
10347 7 16 174
10348 7 16 175
10349 7 16 176
10350 7 16 177
10351 7 16 178
10352 7 16 179
10353 7 16 180
10354 7 16 181
10355 7 16 182
10356 7 16 183
10357 8 256 146
10358 9 129 146
10359 10 64 146
10360 11 225 146
10361 8 32 147
10362 12 8 147
10363 13 253 147
10364 8 8 148
10365 8 8 149
10366 8 8 150
10367 8 8 151
10368 8 8 152
10369 8 8 153
10370 8 8 154
10371 8 8 155
10372 8 8 156
10373 8 8 157
10374 8 8 158
10375 8 8 159
10376 8 8 160
10377 8 8 161
10378 8 8 162
10379 8 8 163
10380 8 8 164
10381 8 8 165
10382 8 8 166
10383 8 8 167
10384 8 8 168
10385 8 8 169
10386 8 8 170
10387 8 8 171
10388 8 8 172
10389 8 8 173
10390 8 8 174
10391 8 8 175
10392 8 8 176
10393 8 8 177
10394 8 8 178
10395 8 8 179
10396 8 8 180
10397 8 8 181
10398 8 8 182
10399 9 256 147
10400 10 129 147
10401 11 64 147
10402 9 64 148
10403 12 241 148
10404 13 8 148
10405 9 16 149
10406 14 255 149
10407 9 8 150
10408 15 129 150
10409 9 4 151
10410 9 4 152
10411 9 4 153
10412 9 4 154
10413 9 4 155
10414 9 4 156
10415 9 4 157
10416 9 4 158
10417 9 4 159
10418 9 4 160
10419 9 4 161
10420 9 4 162
10421 9 4 163
10422 9 4 164
10423 9 4 165
10424 9 4 166
10425 9 4 167
10426 9 4 168
10427 9 4 169
10428 9 4 170
10429 9 4 171
10430 9 4 172
10431 9 4 173
10432 9 4 174
10433 9 4 175
10434 9 4 176
10435 9 4 177
10436 9 4 178
10437 9 4 179
10438 9 4 180
10439 9 4 181
10440 10 256 148
10441 11 129 148
10442 10 128 149
10443 12 32 149
10444 13 241 149
10445 10 32 150
10446 14 4 150
10447 10 16 151
10448 15 256 151
10449 16 129 151
10450 10 4 152
10451 17 32 152
10452 10 2 153
10453 10 2 154
10454 10 2 155
10455 10 2 156
10456 10 2 157
10457 10 2 158
10458 10 2 159
10459 10 2 160
10460 10 2 161
10461 10 2 162
10462 10 2 163
10463 10 2 164
10464 10 2 165
10465 10 2 166
10466 10 2 167
10467 10 2 168
10468 10 2 169
10469 10 2 170
10470 10 2 171
10471 10 2 172
10472 10 2 173
10473 10 2 174
10474 10 2 175
10475 10 2 176
10476 10 2 177
10477 10 2 178
10478 10 2 179
10479 10 2 180
10480 11 256 149
10481 11 256 150
10482 12 193 150
10483 13 32 150
10484 11 64 151
10485 14 249 151
10486 11 32 152
10487 15 2 152
10488 16 256 152
10489 11 8 153
10490 17 193 153
10491 18 32 153
10492 11 2 154
10493 19 249 154
10494 11 1 155
10495 11 1 156
10496 11 1 157
10497 11 1 158
10498 11 1 159
10499 11 1 160
10500 11 1 161
10501 11 1 162
10502 11 1 163
10503 11 1 164
10504 11 1 165
10505 11 1 166
10506 11 1 167
10507 11 1 168
10508 11 1 169
10509 11 1 170
10510 11 1 171
10511 11 1 172
10512 11 1 173
10513 11 1 174
10514 11 1 175
10515 11 1 176
10516 11 1 177
10517 11 1 178
10518 11 1 179
10519 12 256 151
10520 13 126 151
10521 12 76 152
10522 13 152 152
10523 14 16 152
10524 12 64 153
10525 15 253 153
10526 16 2 153
10527 12 16 154
10528 17 128 154
10529 18 193 154
10530 12 4 155
10531 19 16 155
10532 12 2 156
10533 20 253 156
10534 21 2 156
10535 12 129 157
10536 12 129 158
10537 12 129 159
10538 12 129 160
10539 12 129 161
10540 12 129 162
10541 12 129 163
10542 12 129 164
10543 12 129 165
10544 12 129 166
10545 12 129 167
10546 12 129 168
10547 12 129 169
10548 12 129 170
10549 12 129 171
10550 12 129 172
10551 12 129 173
10552 12 129 174
10553 12 129 175
10554 12 129 176
10555 12 129 177
10556 12 129 178
10557 13 256 153
10558 14 126 153
10559 13 76 154
10560 14 152 154
10561 15 16 154
10562 16 240 154
10563 13 185 155
10564 16 137 155
10565 17 1 155
10566 18 128 155
10567 13 8 156
10568 19 225 156
10569 13 4 157
10570 20 8 157
10571 21 253 157
10572 13 1 158
10573 22 1 158
10574 23 128 158
10575 13 193 159
10576 13 193 160
10577 13 193 161
10578 13 193 162
10579 13 193 163
10580 13 193 164
10581 13 193 165
10582 13 193 166
10583 13 193 167
10584 13 193 168
10585 13 193 169
10586 13 193 170
10587 13 193 171
10588 13 193 172
10589 13 193 173
10590 13 193 174
10591 13 193 175
10592 13 193 176
10593 13 193 177
10594 14 256 155
10595 15 126 155
10596 14 76 156
10597 15 152 156
10598 16 16 156
10599 17 240 156
10600 18 1 156
10601 14 120 157
10602 17 241 157
10603 18 191 157
10604 19 64 157
10605 14 8 158
10606 20 241 158
10607 21 8 158
10608 14 2 159
10609 22 255 159
10610 23 1 159
10611 14 129 160
10612 24 64 160
10613 14 193 161
10614 25 241 161
10615 14 225 162
10616 14 225 163
10617 14 225 164
10618 14 225 165
10619 14 225 166
10620 14 225 167
10621 14 225 168
10622 14 225 169
10623 14 225 170
10624 14 225 171
10625 14 225 172
10626 14 225 173
10627 14 225 174
10628 14 225 175
10629 14 225 176
10630 15 256 157
10631 16 126 157
10632 15 76 158
10633 16 152 158
10634 17 16 158
10635 18 240 158
10636 19 1 158
10637 15 120 159
10638 18 241 159
10639 19 191 159
10640 20 64 159
10641 21 137 159
10642 15 144 160
10643 21 13 160
10644 22 4 160
10645 23 255 160
10646 15 1 161
10647 24 129 161
10648 15 129 162
10649 25 32 162
10650 26 241 162
10651 15 225 163
10652 27 4 163
10653 15 241 164
10654 15 241 165
10655 15 241 166
10656 15 241 167
10657 15 241 168
10658 15 241 169
10659 15 241 170
10660 15 241 171
10661 15 241 172
10662 15 241 173
10663 15 241 174
10664 15 241 175
10665 16 256 159
10666 17 126 159
10667 16 76 160
10668 17 152 160
10669 18 16 160
10670 19 240 160
10671 20 1 160
10672 16 120 161
10673 19 241 161
10674 20 191 161
10675 21 64 161
10676 22 137 161
10677 23 195 161
10678 16 39 162
10679 22 97 162
10680 23 138 162
10681 24 256 162
10682 16 1 163
10683 25 193 163
10684 26 32 163
10685 16 193 164
10686 27 249 164
10687 28 4 164
10688 16 241 165
10689 29 256 165
10690 16 249 166
10691 16 249 167
10692 16 249 168
10693 16 249 169
10694 16 249 170
10695 16 249 171
10696 16 249 172
10697 16 249 173
10698 16 249 174
10699 17 256 161
10700 18 126 161
10701 17 76 162
10702 18 152 162
10703 19 16 162
10704 20 240 162
10705 21 1 162
10706 17 120 163
10707 20 241 163
10708 21 191 163
10709 22 64 163
10710 23 137 163
10711 24 195 163
10712 17 39 164
10713 23 97 164
10714 24 138 164
10715 25 256 164
10716 26 11 164
10717 17 147 165
10718 26 160 165
10719 27 16 165
10720 28 249 165
10721 17 225 166
10722 29 2 166
10723 17 241 167
10724 30 128 167
10725 31 193 167
10726 17 253 168
10727 17 253 169
10728 17 253 170
10729 17 253 171
10730 17 253 172
10731 17 253 173
10732 18 256 163
10733 19 126 163
10734 18 76 164
10735 19 152 164
10736 20 16 164
10737 21 240 164
10738 22 1 164
10739 18 120 165
10740 21 241 165
10741 22 191 165
10742 23 64 165
10743 24 137 165
10744 25 195 165
10745 18 39 166
10746 24 97 166
10747 25 138 166
10748 26 256 166
10749 27 11 166
10750 28 175 166
10751 18 231 167
10752 27 112 167
10753 28 10 167
10754 29 253 167
10755 18 225 168
10756 30 1 168
10757 31 128 168
10758 18 249 169
10759 32 225 169
10760 33 16 169
10761 18 255 170
10762 18 255 171
10763 18 255 172
10764 19 256 165
10765 20 126 165
10766 19 76 166
10767 20 152 166
10768 21 16 166
10769 22 240 166
10770 23 1 166
10771 19 120 167
10772 22 241 167
10773 23 191 167
10774 24 64 167
10775 25 137 167
10776 26 195 167
10777 19 39 168
10778 25 97 168
10779 26 138 168
10780 27 256 168
10781 28 11 168
10782 29 175 168
10783 19 231 169
10784 28 112 169
10785 29 10 169
10786 30 253 169
10787 31 19 169
10788 19 132 170
10789 31 79 170
10790 32 64 170
10791 33 225 170
10792 19 253 171
10793 34 8 171
10794 19 255 172
10795 20 256 167
10796 21 126 167
10797 20 76 168
10798 21 152 168
10799 22 16 168
10800 23 240 168
10801 24 1 168
10802 20 120 169
10803 23 241 169
10804 24 191 169
10805 25 64 169
10806 26 137 169
10807 27 195 169
10808 20 39 170
10809 26 97 170
10810 27 138 170
10811 28 256 170
10812 29 11 170
10813 30 175 170
10814 20 231 171
10815 29 112 171
10816 30 10 171
10817 31 253 171
10818 32 19 171
10819 33 41 171
10820 20 168 172
10821 32 147 172
10822 33 129 172
10823 34 241 172
10824 35 60 172
10825 21 256 169
10826 22 126 169
10827 21 76 170
10828 22 152 170
10829 23 16 170
10830 24 240 170
10831 25 1 170
10832 21 120 171
10833 24 241 171
10834 25 191 171
10835 26 64 171
10836 27 137 171
10837 28 195 171
10838 21 39 172
10839 27 97 172
10840 28 138 172
10841 29 256 172
10842 30 11 172
10843 31 175 172
10844 18 202 173
10845 19 134 173
10846 20 130 173
10847 21 89 173
10848 30 191 173
10849 31 1 173
10850 32 151 173
10851 33 66 173
10852 34 44 173
10853 35 211 173
10854 22 256 171
10855 23 126 171
10856 22 76 172
10857 23 152 172
10858 24 16 172
10859 25 240 172
10860 26 1 172
10861 22 120 173
10862 25 241 173
10863 26 191 173
10864 27 64 173
10865 28 137 173
10866 29 195 173
10867 36 252 173
10868 17 37 174
10869 18 77 174
10870 19 119 174
10871 20 181 174
10872 21 169 174
10873 22 90 174
10874 28 180 174
10875 29 16 174
10876 30 216 174
10877 31 179 174
10878 32 46 174
10879 33 44 174
10880 34 229 174
10881 35 213 174
10882 23 256 173
10883 24 126 173
10884 23 76 174
10885 24 152 174
10886 25 16 174
10887 26 240 174
10888 27 1 174
10889 36 212 174
10890 37 106 174
10891 16 213 175
10892 17 233 175
10893 18 22 175
10894 19 141 175
10895 20 97 175
10896 21 136 175
10897 22 102 175
10898 23 132 175
10899 26 40 175
10900 27 133 175
10901 28 138 175
10902 29 109 175
10903 30 116 175
10904 31 136 175
10905 32 25 175
10906 33 76 175
10907 34 97 175
10908 35 204 175
10909 24 256 175
10910 25 126 175
10911 36 10 175
10912 37 69 175
10913 38 70 175
10914 15 90 176
10915 16 86 176
10916 17 237 176
10917 18 1 176
10918 19 13 176
10919 20 173 176
10920 21 128 176
10921 22 205 176
10922 23 33 176
10923 24 41 176
10924 25 218 176
10925 26 99 176
10926 27 190 176
10927 28 166 176
10928 29 147 176
10929 30 161 176
10930 31 62 176
10931 32 159 176
10932 33 80 176
10933 34 103 176
10934 35 142 176
10935 36 125 176
10936 37 141 176
10937 38 71 176
10938 39 69 176
10939 14 78 177
10940 15 61 177
10941 16 200 177
10942 17 240 177
10943 18 255 177
10944 19 142 177
10945 20 204 177
10946 21 144 177
10947 22 155 177
10948 23 123 177
10949 24 205 177
10950 25 135 177
10951 26 60 177
10952 27 182 177
10953 28 121 177
10954 29 55 177
10955 30 58 177
10956 31 219 177
10957 32 174 177
10958 33 197 177
10959 34 37 177
10960 35 248 177
10961 36 124 177
10962 37 215 177
10963 38 164 177
10964 39 216 177
10965 13 54 178
10966 14 146 178
10967 15 163 178
10968 16 150 178
10969 17 87 178
10970 18 163 178
10971 19 104 178
10972 20 43 178
10973 21 205 178
10974 22 195 178
10975 23 210 178
10976 24 171 178
10977 25 180 178
10978 26 9 178
10979 27 146 178
10980 28 155 178
10981 29 77 178
10982 30 157 178
10983 31 230 178
10984 32 190 178
10985 33 254 178
10986 34 53 178
10987 35 112 178
10988 36 51 178
10989 37 46 178
10990 38 29 178
10991 39 15 178
10992 40 157 178
10993 41 180 178
10994 12 90 179
10995 13 210 179
10996 14 143 179
10997 15 129 179
10998 16 130 179
10999 17 61 179
11000 18 50 179
11001 19 242 179
11002 20 45 179
11003 21 91 179
11004 22 71 179
11005 23 109 179
11006 24 63 179
11007 25 169 179
11008 26 195 179
11009 27 254 179
11010 28 125 179
11011 29 125 179
11012 30 221 179
11013 31 100 179
11014 32 176 179
11015 33 204 179
11016 34 141 179
11017 35 126 179
11018 36 68 179
11019 37 149 179
11020 38 95 179
11021 39 244 179
11022 41 24 179
11023 40 128 179
11024 11 122 180
11025 12 238 180
11026 13 231 180
11027 14 139 180
11028 15 54 180
11029 16 86 180
11030 17 78 180
11031 18 177 180
11032 19 187 180
11033 20 168 180
11034 21 124 180
11035 22 118 180
11036 23 256 180
11037 24 242 180
11038 25 208 180
11039 26 71 180
11040 27 24 180
11041 28 176 180
11042 29 7 180
11043 30 242 180
11044 31 28 180
11045 32 3 180
11046 33 179 180
11047 34 141 180
11048 35 21 180
11049 36 52 180
11050 37 100 180
11051 38 145 180
11052 39 178 180
11053 40 89 180
11054 41 10 180
11055 42 92 180
11056 43 238 180
11057 10 239 181
11058 11 212 181
11059 12 155 181
11060 13 166 181
11061 14 228 181
11062 15 228 181
11063 16 236 181
11064 17 163 181
11065 18 97 181
11066 19 55 181
11067 20 111 181
11068 21 68 181
11069 22 176 181
11070 23 183 181
11071 24 45 181
11072 25 64 181
11073 26 120 181
11074 27 152 181
11075 28 138 181
11076 29 188 181
11077 30 99 181
11078 31 138 181
11079 32 18 181
11080 33 121 181
11081 34 203 181
11082 35 233 181
11083 36 179 181
11084 37 92 181
11085 38 103 181
11086 39 32 181
11087 40 240 181
11088 41 154 181
11089 42 246 181
11090 43 114 181
11091 9 88 182
11092 10 122 182
11093 11 41 182
11094 12 80 182
11095 13 158 182
11096 14 206 182
11097 15 136 182
11098 16 200 182
11099 17 119 182
11100 18 227 182
11101 19 6 182
11102 20 114 182
11103 21 109 182
11104 22 183 182
11105 23 139 182
11106 24 160 182
11107 25 187 182
11108 26 230 182
11109 27 14 182
11110 28 85 182
11111 29 80 182
11112 30 131 182
11113 31 16 182
11114 32 95 182
11115 33 54 182
11116 34 24 182
11117 35 174 182
11118 36 163 182
11119 37 30 182
11120 38 73 182
11121 39 5 182
11122 40 176 182
11123 41 218 182
11124 42 47 182
11125 43 111 182
11126 44 151 182
11127 8 80 183
11128 9 218 183
11129 10 134 183
11130 11 126 183
11131 12 53 183
11132 13 192 183
11133 14 186 183
11134 15 163 183
11135 16 14 183
11136 17 239 183
11137 18 187 183
11138 19 190 183
11139 20 50 183
11140 21 159 183
11141 22 39 183
11142 23 196 183
11143 24 193 183
11144 25 193 183
11145 26 181 183
11146 27 6 183
11147 28 83 183
11148 29 93 183
11149 30 165 183
11150 31 143 183
11151 32 215 183
11152 33 161 183
11153 34 70 183
11154 35 44 183
11155 36 244 183
11156 37 228 183
11157 38 57 183
11158 39 96 183
11159 40 163 183
11160 41 98 183
11161 42 183 183
11162 43 205 183
11163 44 68 183
11164 45 242 183
11165 7 174 184
11166 8 161 184
11167 9 201 184
11168 10 152 184
11169 12 165 184
11170 14 146 184
11171 15 244 184
11172 16 207 184
11173 17 128 184
11174 18 186 184
11175 19 256 184
11176 20 16 184
11177 21 192 184
11178 22 73 184
11179 23 55 184
11180 24 105 184
11181 25 132 184
11182 26 177 184
11183 27 251 184
11184 28 251 184
11185 29 189 184
11186 30 12 184
11187 31 222 184
11188 32 112 184
11189 33 43 184
11190 34 220 184
11191 35 141 184
11192 36 237 184
11193 37 51 184
11194 38 217 184
11195 39 123 184
11196 40 166 184
11197 41 124 184
11198 42 17 184
11199 43 256 184
11200 44 112 184
11201 45 152 184
11202 46 12 184
11203 6 230 185
11204 7 229 185
11205 8 19 185
11206 20 19 185
11207 22 254 185
11208 24 45 185
11209 25 188 185
11210 26 148 185
11211 27 21 185
11212 28 201 185
11213 29 216 185
11214 30 101 185
11215 31 7 185
11216 32 83 185
11217 33 173 185
11218 34 200 185
11219 35 153 185
11220 36 24 185
11221 37 128 185
11222 38 154 185
11223 39 106 185
11224 40 59 185
11225 41 237 185
11226 42 171 185
11227 43 29 185
11228 44 138 185
11229 45 51 185
11230 46 67 185
11231 47 133 185
11232 5 126 186
11233 6 176 186
11234 30 176 186
11235 32 26 186
11236 34 124 186
11237 35 24 186
11238 36 24 186
11239 37 9 186
11240 38 239 186
11241 39 14 186
11242 40 176 186
11243 41 80 186
11244 42 89 186
11245 43 172 186
11246 44 10 186
11247 45 88 186
11248 46 62 186
11249 47 145 186
11250 48 149 186
11251 4 228 187
11252 40 89 187
11253 42 208 187
11254 44 151 187
11255 45 168 187
11256 46 13 187
11257 47 162 187
11258 48 4 187
11259 49 2 187
11260 50 32 189
11261 49 8 188
11262 48 4 188
11263 47 1 188
11264 46 129 188
11265 45 225 188
11266 44 241 188
11267 43 253 187
11268 42 255 188
11269 41 128 187
11270 40 64 188
11271 39 16 187
11272 38 8 187
11273 37 2 187
11274 36 1 187
11275 35 193 187
11276 34 225 187
11277 33 249 186
11278 32 253 187
11279 31 256 186
11280 30 128 187
11281 29 32 186
11282 28 16 186
11283 27 4 186
11284 26 2 186
11285 25 129 186
11286 24 193 186
11287 23 241 185
11288 22 249 186
11289 21 255 185
11290 20 256 186
11291 19 64 185
11292 18 32 185
11293 17 8 185
11294 16 4 185
11295 15 1 185
11296 14 129 185
11297 13 225 184
11298 12 241 185
11299 11 253 184
11300 10 255 185
11301 9 128 185
11302 11 114 185
11303 13 210 185
11304 7 117 186
11305 8 245 186
11306 9 157 186
11307 10 101 186
11308 11 159 186
11309 13 166 186
11310 15 176 186
11311 17 41 186
11312 18 225 186
11313 51 16 189
11314 50 8 190
11315 49 2 189
11316 48 1 189
11317 47 193 189
11318 46 225 189
11319 45 249 189
11320 44 253 189
11321 43 256 188
11322 42 128 189
11323 41 32 188
11324 40 16 189
11325 39 4 188
11326 38 2 188
11327 37 129 188
11328 36 193 188
11329 35 241 188
11330 34 249 188
11331 33 255 187
11332 32 256 188
11333 31 64 187
11334 30 32 188
11335 29 8 187
11336 28 4 187
11337 27 1 187
11338 26 129 187
11339 25 225 187
11340 24 241 187
11341 23 253 186
11342 22 255 187
11343 21 128 186
11344 20 64 187
11345 19 16 186
11346 5 5 187
11347 6 128 187
11348 16 1 186
11349 7 206 187
11350 14 225 186
11351 8 145 187
11352 12 253 186
11353 9 167 187
11354 10 128 187
11355 11 123 187
11356 12 200 187
11357 13 147 187
11358 14 5 187
11359 15 23 187
11360 16 193 187
11361 17 115 187
11362 18 79 187
11363 19 248 187
11364 21 71 187
11365 52 16 191
11366 51 4 190
11367 50 2 191
11368 49 129 190
11369 48 193 190
11370 47 241 190
11371 46 249 190
11372 45 255 190
11373 44 256 190
11374 43 64 189
11375 42 32 190
11376 41 8 189
11377 40 4 190
11378 39 1 189
11379 38 129 189
11380 37 225 189
11381 36 241 189
11382 35 253 189
11383 34 255 189
11384 33 128 188
11385 32 64 189
11386 31 16 188
11387 30 8 189
11388 29 2 188
11389 28 1 188
11390 27 193 188
11391 26 225 188
11392 25 249 188
11393 24 253 188
11394 23 256 187
11395 22 128 188
11396 3 240 188
11397 20 16 188
11398 4 143 188
11399 5 202 188
11400 6 100 188
11401 7 195 188
11402 8 218 188
11403 9 112 188
11404 10 231 188
11405 11 14 188
11406 12 2 188
11407 13 251 188
11408 14 15 188
11409 15 144 188
11410 16 61 188
11411 17 108 188
11412 18 108 188
11413 19 59 188
11414 21 222 188
11415 23 216 188
11416 53 8 191
11417 52 4 192
11418 51 1 191
11419 50 129 192
11420 49 225 191
11421 48 241 191
11422 47 253 191
11423 46 255 191
11424 45 128 191
11425 44 64 191
11426 43 16 190
11427 42 8 191
11428 41 2 190
11429 40 1 191
11430 39 193 190
11431 38 225 190
11432 37 249 190
11433 36 253 190
11434 35 256 190
11435 34 128 190
11436 33 32 189
11437 32 16 190
11438 31 4 189
11439 30 2 190
11440 29 129 189
11441 28 193 189
11442 27 241 189
11443 26 249 189
11444 25 255 189
11445 24 256 189
11446 2 49 189
11447 22 32 189
11448 3 33 189
11449 20 4 189
11450 4 68 189
11451 5 51 189
11452 6 191 189
11453 7 43 189
11454 8 146 189
11455 9 183 189
11456 10 174 189
11457 11 168 189
11458 12 256 189
11459 13 248 189
11460 14 121 189
11461 15 244 189
11462 16 233 189
11463 17 168 189
11464 18 180 189
11465 19 122 189
11466 54 8 193
11467 53 2 192
11468 52 1 193
11469 51 193 192
11470 50 225 193
11471 49 249 192
11472 48 253 192
11473 47 256 192
11474 46 128 192
11475 45 32 192
11476 44 16 192
11477 43 4 191
11478 42 2 192
11479 41 129 191
11480 40 193 192
11481 39 241 191
11482 38 249 191
11483 37 255 191
11484 36 256 191
11485 35 64 191
11486 34 32 191
11487 33 8 190
11488 32 4 191
11489 31 1 190
11490 30 129 191
11491 29 225 190
11492 28 241 190
11493 27 253 190
11494 26 255 190
11495 25 128 190
11496 24 64 190
11497 23 16 189
11498 22 8 190
11499 21 2 189
11500 20 1 190
11501 1 25 190
11502 2 6 190
11503 3 6 190
11504 4 86 190
11505 5 87 190
11506 6 18 190
11507 7 189 190
11508 8 12 190
11509 9 167 190
11510 10 154 190
11511 12 201 190
11512 11 189 190
11513 13 78 190
11514 14 159 190
11515 55 4 194
11516 54 2 194
11517 53 129 193
11518 52 193 194
11519 51 241 193
11520 50 249 194
11521 49 255 193
11522 48 256 193
11523 47 64 193
11524 46 32 193
11525 45 8 193
11526 44 4 193
11527 43 1 192
11528 42 129 193
11529 41 225 192
11530 40 241 193
11531 39 253 192
11532 38 255 192
11533 37 128 192
11534 36 64 192
11535 35 16 192
11536 34 8 192
11537 33 2 191
11538 32 1 192
11539 31 193 191
11540 30 225 192
11541 29 249 191
11542 28 253 191
11543 27 256 191
11544 26 128 191
11545 25 32 191
11546 24 16 191
11547 23 4 190
11548 22 2 191
11549 21 129 190
11550 20 193 191
11551 19 241 190
11552 18 249 190
11553 17 255 190
11554 16 256 190
11555 15 64 190
11556 0 35 191
11557 1 205 191
11558 2 78 191
11559 4 249 191
11560 6 246 191
11561 8 68 191
11562 10 210 191
11563 56 4 195
11564 55 1 195
11565 54 129 195
11566 53 225 194
11567 52 241 195
11568 51 253 194
11569 50 255 195
11570 49 128 194
11571 48 64 194
11572 47 16 194
11573 46 8 194
11574 45 2 194
11575 44 1 194
11576 43 193 193
11577 42 225 194
11578 41 249 193
11579 40 253 194
11580 39 256 193
11581 38 128 193
11582 37 32 193
11583 36 16 193
11584 35 4 193
11585 34 2 193
11586 33 129 192
11587 32 193 193
11588 31 241 192
11589 30 249 193
11590 29 255 192
11591 28 256 192
11592 27 64 192
11593 26 32 192
11594 25 8 192
11595 24 4 192
11596 23 1 191
11597 22 129 192
11598 21 225 191
11599 20 241 192
11600 19 253 191
11601 18 255 191
11602 17 128 191
11603 16 64 191
11604 15 16 191
11605 14 8 191
11606 12 212 191
11607 13 6 191
11608 0 144 192
11609 1 27 192
11610 57 2 196
11611 56 1 196
11612 55 193 196
11613 54 225 196
11614 53 249 195
11615 52 253 196
11616 51 256 195
11617 50 128 196
11618 49 32 195
11619 48 16 195
11620 47 4 195
11621 46 2 195
11622 45 129 195
11623 44 193 195
11624 43 241 194
11625 42 249 195
11626 41 255 194
11627 40 256 195
11628 39 64 194
11629 38 32 194
11630 37 8 194
11631 36 4 194
11632 35 1 194
11633 34 129 194
11634 33 225 193
11635 32 241 194
11636 31 253 193
11637 30 255 194
11638 29 128 193
11639 28 64 193
11640 27 16 193
11641 26 8 193
11642 25 2 193
11643 24 1 193
11644 23 193 192
11645 22 225 193
11646 21 249 192
11647 20 253 193
11648 19 256 192
11649 18 128 192
11650 17 32 192
11651 16 16 192
11652 15 4 192
11653 14 2 192
11654 12 168 192
11655 0 212 193
11656 58 2 197
11657 57 129 197
11658 56 193 197
11659 55 241 197
11660 54 249 197
11661 53 255 196
11662 52 256 197
11663 51 64 196
11664 50 32 197
11665 49 8 196
11666 48 4 196
11667 47 1 196
11668 46 129 196
11669 45 225 196
11670 44 241 196
11671 43 253 195
11672 42 255 196
11673 41 128 195
11674 40 64 196
11675 39 16 195
11676 38 8 195
11677 37 2 195
11678 36 1 195
11679 35 193 195
11680 34 225 195
11681 33 249 194
11682 32 253 195
11683 31 256 194
11684 30 128 195
11685 29 32 194
11686 28 16 194
11687 27 4 194
11688 26 2 194
11689 25 129 194
11690 24 193 194
11691 23 241 193
11692 22 249 194
11693 21 255 193
11694 20 256 194
11695 19 64 193
11696 18 32 193
11697 17 8 193
11698 16 4 193
11699 15 1 193
11700 14 129 193
11701 59 1 198
11702 58 129 198
11703 57 225 198
11704 56 241 198
11705 55 253 198
11706 54 255 198
11707 53 128 197
11708 52 64 198
11709 51 16 197
11710 50 8 198
11711 49 2 197
11712 48 1 197
11713 47 193 197
11714 46 225 197
11715 45 249 197
11716 44 253 197
11717 43 256 196
11718 42 128 197
11719 41 32 196
11720 40 16 197
11721 39 4 196
11722 38 2 196
11723 37 129 196
11724 36 193 196
11725 35 241 196
11726 34 249 196
11727 33 255 195
11728 32 256 196
11729 31 64 195
11730 30 32 196
11731 29 8 195
11732 28 4 195
11733 27 1 195
11734 26 129 195
11735 25 225 195
11736 24 241 195
11737 23 253 194
11738 22 255 195
11739 21 128 194
11740 20 64 195
11741 19 16 194
11742 18 8 194
11743 17 2 194
11744 16 1 194
11745 60 1 200
11746 59 193 199
11747 58 225 199
11748 57 249 199
11749 56 253 199
11750 55 256 199
11751 54 128 199
11752 53 32 198
11753 52 16 199
11754 51 4 198
11755 50 2 199
11756 49 129 198
11757 48 193 198
11758 47 241 198
11759 46 249 198
11760 45 255 198
11761 44 256 198
11762 43 64 197
11763 42 32 198
11764 41 8 197
11765 40 4 198
11766 39 1 197
11767 38 129 197
11768 37 225 197
11769 36 241 197
11770 35 253 197
11771 34 255 197
11772 33 128 196
11773 32 64 197
11774 31 16 196
11775 30 8 197
11776 29 2 196
11777 28 1 196
11778 27 193 196
11779 26 225 196
11780 25 249 196
11781 24 253 196
11782 23 256 195
11783 22 128 196
11784 21 32 195
11785 20 16 196
11786 19 4 195
11787 18 2 195
11788 61 129 200
11789 60 193 201
11790 59 241 200
11791 58 249 200
11792 57 255 200
11793 56 256 200
11794 55 64 200
11795 54 32 200
11796 53 8 199
11797 52 4 200
11798 51 1 199
11799 50 129 200
11800 49 225 199
11801 48 241 199
11802 47 253 199
11803 46 255 199
11804 45 128 199
11805 44 64 199
11806 43 16 198
11807 42 8 199
11808 41 2 198
11809 40 1 199
11810 39 193 198
11811 38 225 198
11812 37 249 198
11813 36 253 198
11814 35 256 198
11815 34 128 198
11816 33 32 197
11817 32 16 198
11818 31 4 197
11819 30 2 198
11820 29 129 197
11821 28 193 197
11822 27 241 197
11823 26 249 197
11824 25 255 197
11825 24 256 197
11826 23 64 196
11827 22 32 197
11828 21 8 196
11829 20 4 197
11830 62 129 202
11831 61 225 201
11832 60 241 202
11833 59 253 201
11834 58 255 201
11835 57 128 201
11836 56 64 201
11837 55 16 201
11838 54 8 201
11839 53 2 200
11840 52 1 201
11841 51 193 200
11842 50 225 201
11843 49 249 200
11844 48 253 200
11845 47 256 200
11846 46 128 200
11847 45 32 200
11848 44 16 200
11849 43 4 199
11850 42 2 200
11851 41 129 199
11852 40 193 200
11853 39 241 199
11854 38 249 199
11855 37 255 199
11856 36 256 199
11857 35 64 199
11858 34 32 199
11859 33 8 198
11860 32 4 199
11861 31 1 198
11862 30 129 199
11863 29 225 198
11864 28 241 198
11865 27 253 198
11866 26 255 198
11867 25 128 198
11868 24 64 198
11869 23 16 197
11870 22 8 198
11871 63 193 202
11872 62 225 203
11873 61 249 202
11874 60 253 203
11875 59 256 202
11876 58 128 202
11877 57 32 202
11878 56 16 202
11879 55 4 202
11880 54 2 202
11881 53 129 201
11882 52 193 202
11883 51 241 201
11884 50 249 202
11885 49 255 201
11886 48 256 201
11887 47 64 201
11888 46 32 201
11889 45 8 201
11890 44 4 201
11891 43 1 200
11892 42 129 201
11893 41 225 200
11894 40 241 201
11895 39 253 200
11896 38 255 200
11897 37 128 200
11898 36 64 200
11899 35 16 200
11900 34 8 200
11901 33 2 199
11902 32 1 200
11903 31 193 199
11904 30 225 200
11905 29 249 199
11906 28 253 199
11907 27 256 199
11908 26 128 199
11909 25 32 199
11910 24 16 199
11911 64 193 204
11912 63 241 203
11913 62 249 204
11914 61 255 203
11915 60 256 204
11916 59 64 203
11917 58 32 203
11918 57 8 203
11919 56 4 203
11920 55 1 203
11921 54 129 203
11922 53 225 202
11923 52 241 203
11924 51 253 202
11925 50 255 203
11926 49 128 202
11927 48 64 202
11928 47 16 202
11929 46 8 202
11930 45 2 202
11931 44 1 202
11932 43 193 201
11933 42 225 202
11934 41 249 201
11935 40 253 202
11936 39 256 201
11937 38 128 201
11938 37 32 201
11939 36 16 201
11940 35 4 201
11941 34 2 201
11942 33 129 200
11943 32 193 201
11944 31 241 200
11945 30 249 201
11946 29 255 200
11947 28 256 200
11948 27 64 200
11949 26 32 200
11950 65 225 205
11951 64 241 205
11952 63 253 204
11953 62 255 205
11954 61 128 204
11955 60 64 205
11956 59 16 204
11957 58 8 204
11958 57 2 204
11959 56 1 204
11960 55 193 204
11961 54 225 204
11962 53 249 203
11963 52 253 204
11964 51 256 203
11965 50 128 204
11966 49 32 203
11967 48 16 203
11968 47 4 203
11969 46 2 203
11970 45 129 203
11971 44 193 203
11972 43 241 202
11973 42 249 203
11974 41 255 202
11975 40 256 203
11976 39 64 202
11977 38 32 202
11978 37 8 202
11979 36 4 202
11980 35 1 202
11981 34 129 202
11982 33 225 201
11983 32 241 202
11984 31 253 201
11985 30 255 202
11986 29 128 201
11987 28 64 201
11988 66 225 206
11989 65 249 206
11990 64 253 206
11991 63 256 205
11992 62 128 206
11993 61 32 205
11994 60 16 206
11995 59 4 205
11996 58 2 205
11997 57 129 205
11998 56 193 205
11999 55 241 205
12000 54 249 205
12001 53 255 204
12002 52 256 205
12003 51 64 204
12004 50 32 205
12005 49 8 204
12006 48 4 204
12007 47 1 204
12008 46 129 204
12009 45 225 204
12010 44 241 204
12011 43 253 203
12012 42 255 204
12013 41 128 203
12014 40 64 204
12015 39 16 203
12016 38 8 203
12017 37 2 203
12018 36 1 203
12019 35 193 203
12020 34 225 203
12021 33 249 202
12022 32 253 203
12023 31 256 202
12024 30 128 203
12025 67 241 207
12026 66 249 207
12027 65 255 207
12028 64 256 207
12029 63 64 206
12030 62 32 207
12031 61 8 206
12032 60 4 207
12033 59 1 206
12034 58 129 206
12035 57 225 206
12036 56 241 206
12037 55 253 206
12038 54 255 206
12039 53 128 205
12040 52 64 206
12041 51 16 205
12042 50 8 206
12043 49 2 205
12044 48 1 205
12045 47 193 205
12046 46 225 205
12047 45 249 205
12048 44 253 205
12049 43 256 204
12050 42 128 205
12051 41 32 204
12052 40 16 205
12053 39 4 204
12054 38 2 204
12055 37 129 204
12056 36 193 204
12057 35 241 204
12058 34 249 204
12059 33 255 203
12060 32 256 204
12061 68 241 208
12062 67 253 208
12063 66 255 208
12064 65 128 208
12065 64 64 208
12066 63 16 207
12067 62 8 208
12068 61 2 207
12069 60 1 208
12070 59 193 207
12071 58 225 207
12072 57 249 207
12073 56 253 207
12074 55 256 207
12075 54 128 207
12076 53 32 206
12077 52 16 207
12078 51 4 206
12079 50 2 207
12080 49 129 206
12081 48 193 206
12082 47 241 206
12083 46 249 206
12084 45 255 206
12085 44 256 206
12086 43 64 205
12087 42 32 206
12088 41 8 205
12089 40 4 206
12090 39 1 205
12091 38 129 205
12092 37 225 205
12093 36 241 205
12094 35 253 205
12095 34 255 205
12096 69 249 209
12097 68 253 209
12098 67 256 209
12099 66 128 209
12100 65 32 209
12101 64 16 209
12102 63 4 208
12103 62 2 209
12104 61 129 208
12105 60 193 209
12106 59 241 208
12107 58 249 208
12108 57 255 208
12109 56 256 208
12110 55 64 208
12111 54 32 208
12112 53 8 207
12113 52 4 208
12114 51 1 207
12115 50 129 208
12116 49 225 207
12117 48 241 207
12118 47 253 207
12119 46 255 207
12120 45 128 207
12121 44 64 207
12122 43 16 206
12123 42 8 207
12124 41 2 206
12125 40 1 207
12126 39 193 206
12127 38 225 206
12128 37 249 206
12129 36 253 206
12130 70 249 211
12131 69 255 210
12132 68 256 210
12133 67 64 210
12134 66 32 210
12135 65 8 210
12136 64 4 210
12137 63 1 209
12138 62 129 210
12139 61 225 209
12140 60 241 210
12141 59 253 209
12142 58 255 209
12143 57 128 209
12144 56 64 209
12145 55 16 209
12146 54 8 209
12147 53 2 208
12148 52 1 209
12149 51 193 208
12150 50 225 209
12151 49 249 208
12152 48 253 208
12153 47 256 208
12154 46 128 208
12155 45 32 208
12156 44 16 208
12157 43 4 207
12158 42 2 208
12159 41 129 207
12160 40 193 208
12161 39 241 207
12162 38 249 207
12163 71 253 211
12164 70 255 212
12165 69 128 211
12166 68 64 211
12167 67 16 211
12168 66 8 211
12169 65 2 211
12170 64 1 211
12171 63 193 210
12172 62 225 211
12173 61 249 210
12174 60 253 211
12175 59 256 210
12176 58 128 210
12177 57 32 210
12178 56 16 210
12179 55 4 210
12180 54 2 210
12181 53 129 209
12182 52 193 210
12183 51 241 209
12184 50 249 210
12185 49 255 209
12186 48 256 209
12187 47 64 209
12188 46 32 209
12189 45 8 209
12190 44 4 209
12191 43 1 208
12192 42 129 209
12193 41 225 208
12194 40 241 209
12195 72 253 213
12196 71 256 212
12197 70 128 213
12198 69 32 212
12199 68 16 212
12200 67 4 212
12201 66 2 212
12202 65 129 212
12203 64 193 212
12204 63 241 211
12205 62 249 212
12206 61 255 211
12207 60 256 212
12208 59 64 211
12209 58 32 211
12210 57 8 211
12211 56 4 211
12212 55 1 211
12213 54 129 211
12214 53 225 210
12215 52 241 211
12216 51 253 210
12217 50 255 211
12218 49 128 210
12219 48 64 210
12220 47 16 210
12221 46 8 210
12222 45 2 210
12223 44 1 210
12224 43 193 209
12225 42 225 210
12226 73 255 213
12227 72 256 214
12228 71 64 213
12229 70 32 214
12230 69 8 213
12231 68 4 213
12232 67 1 213
12233 66 129 213
12234 65 225 213
12235 64 241 213
12236 63 253 212
12237 62 255 213
12238 61 128 212
12239 60 64 213
12240 59 16 212
12241 58 8 212
12242 57 2 212
12243 56 1 212
12244 55 193 212
12245 54 225 212
12246 53 249 211
12247 52 253 212
12248 51 256 211
12249 50 128 212
12250 49 32 211
12251 48 16 211
12252 47 4 211
12253 46 2 211
12254 45 129 211
12255 44 193 211
12256 74 255 215
12257 73 128 214
12258 72 64 215
12259 71 16 214
12260 70 8 215
12261 69 2 214
12262 68 1 214
12263 67 193 214
12264 66 225 214
12265 65 249 214
12266 64 253 214
12267 63 256 213
12268 62 128 214
12269 61 32 213
12270 60 16 214
12271 59 4 213
12272 58 2 213
12273 57 129 213
12274 56 193 213
12275 55 241 213
12276 54 249 213
12277 53 255 212
12278 52 256 213
12279 51 64 212
12280 50 32 213
12281 49 8 212
12282 48 4 212
12283 47 1 212
12284 46 129 212
12285 75 256 216
12286 74 128 216
12287 73 32 215
12288 72 16 216
12289 71 4 215
12290 70 2 216
12291 69 129 215
12292 68 193 215
12293 67 241 215
12294 66 249 215
12295 65 255 215
12296 64 256 215
12297 63 64 214
12298 62 32 215
12299 61 8 214
12300 60 4 215
12301 59 1 214
12302 58 129 214
12303 57 225 214
12304 56 241 214
12305 55 253 214
12306 54 255 214
12307 53 128 213
12308 52 64 214
12309 51 16 213
12310 50 8 214
12311 49 2 213
12312 48 1 213
12313 76 256 217
12314 75 64 217
12315 74 32 217
12316 73 8 216
12317 72 4 217
12318 71 1 216
12319 70 129 217
12320 69 225 216
12321 68 241 216
12322 67 253 216
12323 66 255 216
12324 65 128 216
12325 64 64 216
12326 63 16 215
12327 62 8 216
12328 61 2 215
12329 60 1 216
12330 59 193 215
12331 58 225 215
12332 57 249 215
12333 56 253 215
12334 55 256 215
12335 54 128 215
12336 53 32 214
12337 52 16 215
12338 51 4 214
12339 50 2 215
12340 77 128 218
12341 76 64 218
12342 75 16 218
12343 74 8 218
12344 73 2 217
12345 72 1 218
12346 71 193 217
12347 70 225 218
12348 69 249 217
12349 68 253 217
12350 67 256 217
12351 66 128 217
12352 65 32 217
12353 64 16 217
12354 63 4 216
12355 62 2 217
12356 61 129 216
12357 60 193 217
12358 59 241 216
12359 58 249 216
12360 57 255 216
12361 56 256 216
12362 55 64 216
12363 54 32 216
12364 53 8 215
12365 52 4 216
12366 78 128 219
12367 77 32 219
12368 76 16 219
12369 75 4 219
12370 74 2 219
12371 73 129 218
12372 72 193 219
12373 71 241 218
12374 70 249 219
12375 69 255 218
12376 68 256 218
12377 67 64 218
12378 66 32 218
12379 65 8 218
12380 64 4 218
12381 63 1 217
12382 62 129 218
12383 61 225 217
12384 60 241 218
12385 59 253 217
12386 58 255 217
12387 57 128 217
12388 56 64 217
12389 55 16 217
12390 54 8 217
12391 79 64 220
12392 78 32 220
12393 77 8 220
12394 76 4 220
12395 75 1 220
12396 74 129 220
12397 73 225 219
12398 72 241 220
12399 71 253 219
12400 70 255 220
12401 69 128 219
12402 68 64 219
12403 67 16 219
12404 66 8 219
12405 65 2 219
12406 64 1 219
12407 63 193 218
12408 62 225 219
12409 61 249 218
12410 60 253 219
12411 59 256 218
12412 58 128 218
12413 57 32 218
12414 56 16 218
12415 80 64 222
12416 79 16 221
12417 78 8 221
12418 77 2 221
12419 76 1 221
12420 75 193 221
12421 74 225 221
12422 73 249 220
12423 72 253 221
12424 71 256 220
12425 70 128 221
12426 69 32 220
12427 68 16 220
12428 67 4 220
12429 66 2 220
12430 65 129 220
12431 64 193 220
12432 63 241 219
12433 62 249 220
12434 61 255 219
12435 60 256 220
12436 59 64 219
12437 58 32 219
12438 81 32 222
12439 80 16 223
12440 79 4 222
12441 78 2 222
12442 77 129 222
12443 76 193 222
12444 75 241 222
12445 74 249 222
12446 73 255 221
12447 72 256 222
12448 71 64 221
12449 70 32 222
12450 69 8 221
12451 68 4 221
12452 67 1 221
12453 66 129 221
12454 65 225 221
12455 64 241 221
12456 63 253 220
12457 62 255 221
12458 61 128 220
12459 60 64 221
12460 82 32 224
12461 81 8 223
12462 80 4 224
12463 79 1 223
12464 78 129 223
12465 77 225 223
12466 76 241 223
12467 75 253 223
12468 74 255 223
12469 73 128 222
12470 72 64 223
12471 71 16 222
12472 70 8 223
12473 69 2 222
12474 68 1 222
12475 67 193 222
12476 66 225 222
12477 65 249 222
12478 64 253 222
12479 63 256 221
12480 62 128 222
12481 83 16 224
12482 82 8 225
12483 81 2 224
12484 80 1 225
12485 79 193 224
12486 78 225 224
12487 77 249 224
12488 76 253 224
12489 75 256 224
12490 74 128 224
12491 73 32 223
12492 72 16 224
12493 71 4 223
12494 70 2 224
12495 69 129 223
12496 68 193 223
12497 67 241 223
12498 66 249 223
12499 65 255 223
12500 64 256 223
12501 84 16 226
12502 83 4 225
12503 82 2 226
12504 81 129 225
12505 80 193 226
12506 79 241 225
12507 78 249 225
12508 77 255 225
12509 76 256 225
12510 75 64 225
12511 74 32 225
12512 73 8 224
12513 72 4 225
12514 71 1 224
12515 70 129 225
12516 69 225 224
12517 68 241 224
12518 67 253 224
12519 66 255 224
12520 85 8 227
12521 84 4 227
12522 83 1 226
12523 82 129 227
12524 81 225 226
12525 80 241 227
12526 79 253 226
12527 78 255 226
12528 77 128 226
12529 76 64 226
12530 75 16 226
12531 74 8 226
12532 73 2 225
12533 72 1 226
12534 71 193 225
12535 70 225 226
12536 69 249 225
12537 68 253 225
12538 86 8 228
12539 85 2 228
12540 84 1 228
12541 83 193 227
12542 82 225 228
12543 81 249 227
12544 80 253 228
12545 79 256 227
12546 78 128 227
12547 77 32 227
12548 76 16 227
12549 75 4 227
12550 74 2 227
12551 73 129 226
12552 72 193 227
12553 71 241 226
12554 70 249 227
12555 87 4 229
12556 86 2 229
12557 85 129 229
12558 84 193 229
12559 83 241 228
12560 82 249 229
12561 81 255 228
12562 80 256 229
12563 79 64 228
12564 78 32 228
12565 77 8 228
12566 76 4 228
12567 75 1 228
12568 74 129 228
12569 73 225 227
12570 72 241 228
12571 88 4 230
12572 87 1 230
12573 86 129 230
12574 85 225 230
12575 84 241 230
12576 83 253 229
12577 82 255 230
12578 81 128 229
12579 80 64 230
12580 79 16 229
12581 78 8 229
12582 77 2 229
12583 76 1 229
12584 75 193 229
12585 74 225 229
12586 89 2 231
12587 88 1 231
12588 87 193 231
12589 86 225 231
12590 85 249 231
12591 84 253 231
12592 83 256 230
12593 82 128 231
12594 81 32 230
12595 80 16 231
12596 79 4 230
12597 78 2 230
12598 77 129 230
12599 76 193 230
12600 90 2 233
12601 89 129 232
12602 88 193 232
12603 87 241 232
12604 86 249 232
12605 85 255 232
12606 84 256 232
12607 83 64 231
12608 82 32 232
12609 81 8 231
12610 80 4 232
12611 79 1 231
12612 78 129 231
12613 91 1 233
12614 90 129 234
12615 89 225 233
12616 88 241 233
12617 87 253 233
12618 86 255 233
12619 85 128 233
12620 84 64 233
12621 83 16 232
12622 82 8 233
12623 81 2 232
12624 80 1 233
12625 92 1 235
12626 91 193 234
12627 90 225 235
12628 89 249 234
12629 88 253 234
12630 87 256 234
12631 86 128 234
12632 85 32 234
12633 84 16 234
12634 83 4 233
12635 82 2 234
12636 93 129 235
12637 92 193 236
12638 91 241 235
12639 90 249 236
12640 89 255 235
12641 88 256 235
12642 87 64 235
12643 86 32 235
12644 85 8 235
12645 84 4 235
12646 94 129 237
12647 93 225 236
12648 92 241 237
12649 91 253 236
12650 90 255 237
12651 89 128 236
12652 88 64 236
12653 87 16 236
12654 86 8 236
12655 95 193 238
12656 94 225 238
12657 93 249 237
12658 92 253 238
12659 91 256 237
12660 90 128 238
12661 89 32 237
12662 88 16 237
12663 96 193 239
12664 95 241 239
12665 94 249 239
12666 93 255 238
12667 92 256 239
12668 91 64 238
12669 90 32 239
12670 97 225 240
12671 96 241 240
12672 95 253 240
12673 94 255 240
12674 93 128 239
12675 92 64 240
12676 98 225 241
12677 97 249 241
12678 96 253 241
12679 95 256 241
12680 94 128 241
12681 99 241 242
12682 98 249 242
12683 97 255 242
12684 96 256 242
12685 100 241 244
12686 99 253 243
12687 98 255 243
12688 101 249 244
12689 100 253 245
12690 102 249 246
12691 103 195 246
12692 101 161 245
12693 99 241 244
12694 97 83 243
12695 95 228 242
12696 93 38 240
12697 91 92 239
12698 89 101 238
12699 87 231 237
12700 85 167 236
12701 83 242 234
12702 81 126 233
12703 79 21 232
12704 77 132 231
12705 75 22 230
12706 73 175 228
12707 71 72 227
12708 69 12 226
12709 67 2 225
12710 65 86 224
12711 63 100 222
12712 61 188 221
12713 59 117 220
12714 57 148 219
12715 55 196 218
12716 53 204 216
12717 51 34 215
12718 49 177 214
12719 47 158 213
12720 45 112 212
12721 43 190 210
12722 41 203 209
12723 39 248 208
12724 37 127 207
12725 35 64 206
12726 33 182 204
12727 31 116 203
12728 29 105 202
12729 27 146 201
12730 25 110 200
12731 23 104 198
12732 21 103 197
12733 19 60 196
12734 17 10 195
12735 15 173 194
12736 104 195 248
12737 102 161 247
12738 100 241 246
12739 98 83 244
12740 96 228 243
12741 94 38 242
12742 92 92 241
12743 90 101 240
12744 88 231 238
12745 86 167 237
12746 84 242 236
12747 82 126 235
12748 80 21 234
12749 78 132 232
12750 76 22 231
12751 74 175 230
12752 72 72 229
12753 70 12 228
12754 68 2 226
12755 66 86 225
12756 64 100 224
12757 62 188 223
12758 60 117 222
12759 58 148 220
12760 56 196 219
12761 54 204 218
12762 52 34 217
12763 50 177 216
12764 48 158 214
12765 46 112 213
12766 44 190 212
12767 42 203 211
12768 40 248 210
12769 38 127 208
12770 36 64 207
12771 34 182 206
12772 32 116 205
12773 30 105 204
12774 28 146 202
12775 26 110 201
12776 24 104 200
12777 22 103 199
12778 20 60 198
12779 18 10 196
12780 105 226 249
12781 103 209 247
12782 101 249 246
12783 99 170 245
12784 97 114 244
12785 95 19 243
12786 93 46 241
12787 91 179 240
12788 89 244 239
12789 87 212 238
12790 85 121 237
12791 83 63 235
12792 81 139 234
12793 79 66 233
12794 77 11 232
12795 75 216 231
12796 73 36 229
12797 71 6 228
12798 69 1 227
12799 67 43 226
12800 65 50 225
12801 63 94 223
12802 61 187 222
12803 59 74 221
12804 57 98 220
12805 55 102 219
12806 53 17 217
12807 51 217 216
12808 49 79 215
12809 47 56 214
12810 45 95 213
12811 43 230 211
12812 41 124 210
12813 39 192 209
12814 37 32 208
12815 35 91 207
12816 33 58 205
12817 31 181 204
12818 29 73 203
12819 27 55 202
12820 25 52 201
12821 23 180 199
12822 21 30 198
12823 106 226 250
12824 104 209 249
12825 102 249 248
12826 100 170 247
12827 98 114 245
12828 96 19 244
12829 94 46 243
12830 92 179 242
12831 90 244 241
12832 88 212 239
12833 86 121 238
12834 84 63 237
12835 82 139 236
12836 80 66 235
12837 78 11 233
12838 76 216 232
12839 74 36 231
12840 72 6 230
12841 70 1 229
12842 68 43 227
12843 66 50 226
12844 64 94 225
12845 62 187 224
12846 60 74 223
12847 58 98 221
12848 56 102 220
12849 54 17 219
12850 52 217 218
12851 50 79 217
12852 48 56 215
12853 46 95 214
12854 44 230 213
12855 42 124 212
12856 40 192 211
12857 38 32 209
12858 36 91 208
12859 34 58 207
12860 32 181 206
12861 30 73 205
12862 28 55 203
12863 26 52 202
12864 24 180 201
12865 107 113 251
12866 105 233 250
12867 103 253 248
12868 101 85 247
12869 99 57 246
12870 97 138 245
12871 95 23 244
12872 93 218 242
12873 91 122 241
12874 89 106 240
12875 87 189 239
12876 85 160 238
12877 83 198 236
12878 81 33 235
12879 79 134 234
12880 77 108 233
12881 75 18 232
12882 73 3 230
12883 71 129 229
12884 69 150 228
12885 67 25 227
12886 65 47 226
12887 63 222 224
12888 61 37 223
12889 59 49 222
12890 57 51 221
12891 55 137 220
12892 53 237 218
12893 51 168 217
12894 49 28 216
12895 47 176 215
12896 45 115 214
12897 43 62 212
12898 41 96 211
12899 39 16 210
12900 37 174 209
12901 35 29 208
12902 33 219 206
12903 31 165 205
12904 29 156 204
12905 27 26 203
12906 108 113 252
12907 106 233 251
12908 104 253 250
12909 102 85 249
12910 100 57 248
12911 98 138 246
12912 96 23 245
12913 94 218 244
12914 92 122 243
12915 90 106 242
12916 88 189 240
12917 86 160 239
12918 84 198 238
12919 82 33 237
12920 80 134 236
12921 78 108 234
12922 76 18 233
12923 74 3 232
12924 72 129 231
12925 70 150 230
12926 68 25 228
12927 66 47 227
12928 64 222 226
12929 62 37 225
12930 60 49 224
12931 58 51 222
12932 56 137 221
12933 54 237 220
12934 52 168 219
12935 50 28 218
12936 48 176 216
12937 46 115 215
12938 44 62 214
12939 42 96 213
12940 40 16 212
12941 38 174 210
12942 36 29 209
12943 34 219 208
12944 32 165 207
12945 30 156 206
12946 109 185 253
12947 107 245 252
12948 105 255 251
12949 103 171 249
12950 101 157 248
12951 99 69 247
12952 97 140 246
12953 95 109 245
12954 93 61 243
12955 91 53 242
12956 89 223 241
12957 87 80 240
12958 85 99 239
12959 83 145 237
12960 81 67 236
12961 79 54 235
12962 77 9 234
12963 75 130 233
12964 73 193 231
12965 71 75 230
12966 69 141 229
12967 67 152 228
12968 65 111 227
12969 63 147 225
12970 61 153 224
12971 59 154 223
12972 57 197 222
12973 55 247 221
12974 53 84 219
12975 51 14 218
12976 49 88 217
12977 47 186 216
12978 45 31 215
12979 43 48 213
12980 41 8 212
12981 39 87 211
12982 37 143 210
12983 35 238 209
12984 33 211 207
12985 110 185 255
12986 108 245 253
12987 106 255 252
12988 104 171 251
12989 102 157 250
12990 100 69 249
12991 98 140 247
12992 96 109 246
12993 94 61 245
12994 92 53 244
12995 90 223 243
12996 88 80 241
12997 86 99 240
12998 84 145 239
12999 82 67 238
13000 80 54 237
13001 78 9 235
13002 76 130 234
13003 74 193 233
13004 72 75 232
13005 70 141 231
13006 68 152 229
13007 66 111 228
13008 64 147 227
13009 62 153 226
13010 60 154 225
13011 58 197 223
13012 56 247 222
13013 54 84 221
13014 52 14 220
13015 50 88 219
13016 48 186 217
13017 46 31 216
13018 44 48 215
13019 42 8 214
13020 40 87 213
13021 38 143 211
13022 36 238 210
13023 111 221 255
13024 109 251 254
13025 107 256 253
13026 105 214 252
13027 103 207 250
13028 101 163 249
13029 99 70 248
13030 97 183 247
13031 95 159 246
13032 93 155 244
13033 91 240 243
13034 89 40 242
13035 87 178 241
13036 85 201 240
13037 83 162 238
13038 81 27 237
13039 79 133 236
13040 77 65 235
13041 75 225 234
13042 73 166 232
13043 71 199 231
13044 69 76 230
13045 67 184 229
13046 65 202 228
13047 63 205 226
13048 61 77 225
13049 59 227 224
13050 57 252 223
13051 55 42 222
13052 53 7 220
13053 51 44 219
13054 49 93 218
13055 47 144 217
13056 45 24 216
13057 43 4 214
13058 41 172 213
13059 39 200 212
13060 112 221 257
13061 110 251 256
13062 108 256 254
13063 106 214 253
13064 104 207 252
13065 102 163 251
13066 100 70 250
13067 98 183 248
13068 96 159 247
13069 94 155 246
13070 92 240 245
13071 90 40 244
13072 88 178 242
13073 86 201 241
13074 84 162 240
13075 82 27 239
13076 80 133 238
13077 78 65 236
13078 76 225 235
13079 74 166 234
13080 72 199 233
13081 70 76 232
13082 68 184 230
13083 66 202 229
13084 64 205 228
13085 62 77 227
13086 60 227 226
13087 58 252 224
13088 56 42 223
13089 54 7 222
13090 52 44 221
13091 50 93 220
13092 48 144 218
13093 46 24 217
13094 44 4 216
13095 42 172 215
13096 113 239 257
13097 111 254 256
13098 109 128 255
13099 107 107 254
13100 105 232 253
13101 103 210 251
13102 101 35 250
13103 99 220 249
13104 97 208 248
13105 95 206 247
13106 93 120 245
13107 91 20 244
13108 89 89 243
13109 87 229 242
13110 85 81 241
13111 83 142 239
13112 81 195 238
13113 79 161 237
13114 77 241 236
13115 75 83 235
13116 73 228 233
13117 71 38 232
13118 69 92 231
13119 67 101 230
13120 65 231 229
13121 63 167 227
13122 61 242 226
13123 59 126 225
13124 57 21 224
13125 55 132 223
13126 53 22 221
13127 51 175 220
13128 49 72 219
13129 47 12 218
13130 45 2 217
13131 114 239 259
13132 112 254 258
13133 110 128 257
13134 108 107 255
13135 106 232 254
13136 104 210 253
13137 102 35 252
13138 100 220 251
13139 98 208 249
13140 96 206 248
13141 94 120 247
13142 92 20 246
13143 90 89 245
13144 88 229 243
13145 86 81 242
13146 84 142 241
13147 82 195 240
13148 80 161 239
13149 78 241 237
13150 76 83 236
13151 74 228 235
13152 72 38 234
13153 70 92 233
13154 68 101 231
13155 66 231 230
13156 64 167 229
13157 62 242 228
13158 60 126 227
13159 58 21 225
13160 56 132 224
13161 54 22 223
13162 52 175 222
13163 50 72 221
13164 48 12 219
13165 115 248 260
13166 113 127 258
13167 111 64 257
13168 109 182 256
13169 107 116 255
13170 105 105 254
13171 103 146 252
13172 101 110 251
13173 99 104 250
13174 97 103 249
13175 95 60 248
13176 93 10 246
13177 91 173 245
13178 89 243 244
13179 87 169 243
13180 85 71 242
13181 83 226 240
13182 81 209 239
13183 79 249 238
13184 77 170 237
13185 75 114 236
13186 73 19 234
13187 71 46 233
13188 69 179 232
13189 67 244 231
13190 65 212 230
13191 63 121 228
13192 61 63 227
13193 59 139 226
13194 57 66 225
13195 55 11 224
13196 53 216 222
13197 51 36 221
13198 116 248 261
13199 114 127 260
13200 112 64 259
13201 110 182 258
13202 108 116 256
13203 106 105 255
13204 104 146 254
13205 102 110 253
13206 100 104 252
13207 98 103 250
13208 96 60 249
13209 94 10 248
13210 92 173 247
13211 90 243 246
13212 88 169 244
13213 86 71 243
13214 84 226 242
13215 82 209 241
13216 80 249 240
13217 78 170 238
13218 76 114 237
13219 74 19 236
13220 72 46 235
13221 70 179 234
13222 68 244 232
13223 66 212 231
13224 64 121 230
13225 62 63 229
13226 60 139 228
13227 58 66 226
13228 56 11 225
13229 54 216 224
13230 117 124 262
13231 115 192 261
13232 113 32 259
13233 111 91 258
13234 109 58 257
13235 107 181 256
13236 105 73 255
13237 103 55 253
13238 101 52 252
13239 99 180 251
13240 97 30 250
13241 95 5 249
13242 93 215 247
13243 91 250 246
13244 89 213 245
13245 87 164 244
13246 85 113 243
13247 83 233 241
13248 81 253 240
13249 79 85 239
13250 77 57 238
13251 75 138 237
13252 73 23 235
13253 71 218 234
13254 69 122 233
13255 67 106 232
13256 65 189 231
13257 63 160 229
13258 61 198 228
13259 59 33 227
13260 57 134 226
13261 118 124 263
13262 116 192 262
13263 114 32 261
13264 112 91 260
13265 110 58 259
13266 108 181 257
13267 106 73 256
13268 104 55 255
13269 102 52 254
13270 100 180 253
13271 98 30 251
13272 96 5 250
13273 94 215 249
13274 92 250 248
13275 90 213 247
13276 88 164 245
13277 86 113 244
13278 84 233 243
13279 82 253 242
13280 80 85 241
13281 78 57 239
13282 76 138 238
13283 74 23 237
13284 72 218 236
13285 70 122 235
13286 68 106 233
13287 66 189 232
13288 64 160 231
13289 62 198 230
13290 60 33 229
13291 119 62 264
13292 117 96 263
13293 115 16 262
13294 113 174 260
13295 111 29 259
13296 109 219 258
13297 107 165 257
13298 105 156 256
13299 103 26 254
13300 101 90 253
13301 99 15 252
13302 97 131 251
13303 95 236 250
13304 93 125 248
13305 91 235 247
13306 89 82 246
13307 87 185 245
13308 85 245 244
13309 83 255 242
13310 81 171 241
13311 79 157 240
13312 77 69 239
13313 75 140 238
13314 73 109 236
13315 71 61 235
13316 69 53 234
13317 67 223 233
13318 65 80 232
13319 63 99 230
13320 120 62 266
13321 118 96 264
13322 116 16 263
13323 114 174 262
13324 112 29 261
13325 110 219 260
13326 108 165 258
13327 106 156 257
13328 104 26 256
13329 102 90 255
13330 100 15 254
13331 98 131 252
13332 96 236 251
13333 94 125 250
13334 92 235 249
13335 90 82 248
13336 88 185 246
13337 86 245 245
13338 84 255 244
13339 82 171 243
13340 80 157 242
13341 78 69 240
13342 76 140 239
13343 74 109 238
13344 72 61 237
13345 70 53 236
13346 68 223 234
13347 66 80 233
13348 121 31 266
13349 119 48 265
13350 117 8 264
13351 115 87 263
13352 113 143 261
13353 111 238 260
13354 109 211 259
13355 107 78 258
13356 105 13 257
13357 103 45 255
13358 101 136 254
13359 99 194 253
13360 97 118 252
13361 95 191 251
13362 93 246 249
13363 91 41 248
13364 89 221 247
13365 87 251 246
13366 85 256 245
13367 83 214 243
13368 81 207 242
13369 79 163 241
13370 77 70 240
13371 75 183 239
13372 73 159 237
13373 71 155 236
13374 69 240 235
13375 122 31 268
13376 120 48 267
13377 118 8 265
13378 116 87 264
13379 114 143 263
13380 112 238 262
13381 110 211 261
13382 108 78 259
13383 106 13 258
13384 104 45 257
13385 102 136 256
13386 100 194 255
13387 98 118 253
13388 96 191 252
13389 94 246 251
13390 92 41 250
13391 90 221 249
13392 88 251 247
13393 86 256 246
13394 84 214 245
13395 82 207 244
13396 80 163 243
13397 78 70 241
13398 76 183 240
13399 74 159 239
13400 72 155 238
13401 123 144 268
13402 121 24 267
13403 119 4 266
13404 117 172 265
13405 115 200 264
13406 113 119 262
13407 111 234 261
13408 109 39 260
13409 107 135 259
13410 105 151 258
13411 103 68 256
13412 101 97 255
13413 99 59 254
13414 97 224 253
13415 95 123 252
13416 93 149 250
13417 91 239 249
13418 89 254 248
13419 87 128 247
13420 85 107 246
13421 83 232 244
13422 81 210 243
13423 79 35 242
13424 77 220 241
13425 75 208 240
13426 124 144 270
13427 122 24 269
13428 120 4 268
13429 118 172 266
13430 116 200 265
13431 114 119 264
13432 112 234 263
13433 110 39 262
13434 108 135 260
13435 106 151 259
13436 104 68 258
13437 102 97 257
13438 100 59 256
13439 98 224 254
13440 96 123 253
13441 94 149 252
13442 92 239 251
13443 90 254 250
13444 88 128 248
13445 86 107 247
13446 84 232 246
13447 82 210 245
13448 80 35 244
13449 78 220 242
13450 125 72 271
13451 123 12 269
13452 121 2 268
13453 119 86 267
13454 117 100 266
13455 115 188 265
13456 113 117 263
13457 111 148 262
13458 109 196 261
13459 107 204 260
13460 105 34 259
13461 103 177 257
13462 101 158 256
13463 99 112 255
13464 97 190 254
13465 95 203 253
13466 93 248 251
13467 91 127 250
13468 89 64 249
13469 87 182 248
13470 85 116 247
13471 83 105 245
13472 81 146 244
13473 126 72 272
13474 124 12 271
13475 122 2 270
13476 120 86 269
13477 118 100 267
13478 116 188 266
13479 114 117 265
13480 112 148 264
13481 110 196 263
13482 108 204 261
13483 106 34 260
13484 104 177 259
13485 102 158 258
13486 100 112 257
13487 98 190 255
13488 96 203 254
13489 94 248 253
13490 92 127 252
13491 90 64 251
13492 88 182 249
13493 86 116 248
13494 84 105 247
13495 127 36 273
13496 125 6 272
13497 123 1 270
13498 121 43 269
13499 119 50 268
13500 117 94 267
13501 115 187 266
13502 113 74 264
13503 111 98 263
13504 109 102 262
13505 107 17 261
13506 105 217 260
13507 103 79 258
13508 101 56 257
13509 99 95 256
13510 97 230 255
13511 95 124 254
13512 93 192 252
13513 91 32 251
13514 89 91 250
13515 87 58 249
13516 128 36 274
13517 126 6 273
13518 124 1 272
13519 122 43 271
13520 120 50 270
13521 118 94 268
13522 116 187 267
13523 114 74 266
13524 112 98 265
13525 110 102 264
13526 108 17 262
13527 106 217 261
13528 104 79 260
13529 102 56 259
13530 100 95 258
13531 98 230 256
13532 96 124 255
13533 94 192 254
13534 92 32 253
13535 90 91 252
13536 129 18 275
13537 127 3 274
13538 125 129 273
13539 123 150 271
13540 121 25 270
13541 119 47 269
13542 117 222 268
13543 115 37 267
13544 113 49 265
13545 111 51 264
13546 109 137 263
13547 107 237 262
13548 105 168 261
13549 103 28 259
13550 101 176 258
13551 99 115 257
13552 97 62 256
13553 95 96 255
13554 93 16 253
13555 130 18 277
13556 128 3 275
13557 126 129 274
13558 124 150 273
13559 122 25 272
13560 120 47 271
13561 118 222 269
13562 116 37 268
13563 114 49 267
13564 112 51 266
13565 110 137 265
13566 108 237 263
13567 106 168 262
13568 104 28 261
13569 102 176 260
13570 100 115 259
13571 98 62 257
13572 96 96 256
13573 131 9 277
13574 129 130 276
13575 127 193 275
13576 125 75 274
13577 123 141 272
13578 121 152 271
13579 119 111 270
13580 117 147 269
13581 115 153 268
13582 113 154 266
13583 111 197 265
13584 109 247 264
13585 107 84 263
13586 105 14 262
13587 103 88 260
13588 101 186 259
13589 99 31 258
13590 132 9 279
13591 130 130 278
13592 128 193 276
13593 126 75 275
13594 124 141 274
13595 122 152 273
13596 120 111 272
13597 118 147 270
13598 116 153 269
13599 114 154 268
13600 112 197 267
13601 110 247 266
13602 108 84 264
13603 106 14 263
13604 104 88 262
13605 102 186 261
13606 133 133 279
13607 131 65 278
13608 129 225 277
13609 127 166 276
13610 125 199 275
13611 123 76 273
13612 121 184 272
13613 119 202 271
13614 117 205 270
13615 115 77 269
13616 113 227 267
13617 111 252 266
13618 109 42 265
13619 107 7 264
13620 105 44 263
13621 134 133 281
13622 132 65 280
13623 130 225 279
13624 128 166 277
13625 126 199 276
13626 124 76 275
13627 122 184 274
13628 120 202 273
13629 118 205 271
13630 116 77 270
13631 114 227 269
13632 112 252 268
13633 110 42 267
13634 108 7 265
13635 135 195 282
13636 133 161 280
13637 131 241 279
13638 129 83 278
13639 127 228 277
13640 125 38 276
13641 123 92 274
13642 121 101 273
13643 119 231 272
13644 117 167 271
13645 115 242 270
13646 113 126 268
13647 111 21 267
13648 136 195 283
13649 134 161 282
13650 132 241 281
13651 130 83 280
13652 128 228 278
13653 126 38 277
13654 124 92 276
13655 122 101 275
13656 120 231 274
13657 118 167 272
13658 116 242 271
13659 114 126 270
13660 137 226 284
13661 135 209 283
13662 133 249 281
13663 131 170 280
13664 129 114 279
13665 127 19 278
13666 125 46 277
13667 123 179 275
13668 121 244 274
13669 119 212 273
13670 117 121 272
13671 138 226 285
13672 136 209 284
13673 134 249 283
13674 132 170 282
13675 130 114 281
13676 128 19 279
13677 126 46 278
13678 124 179 277
13679 122 244 276
13680 120 212 275
13681 139 113 286
13682 137 233 285
13683 135 253 284
13684 133 85 282
13685 131 57 281
13686 129 138 280
13687 127 23 279
13688 125 218 278
13689 123 122 276
13690 140 113 288
13691 138 233 286
13692 136 253 285
13693 134 85 284
13694 132 57 283
13695 130 138 282
13696 128 23 280
13697 126 218 279
13698 141 185 288
13699 139 245 287
13700 137 255 286
13701 135 171 285
13702 133 157 283
13703 131 69 282
13704 129 140 281
13705 142 185 290
13706 140 245 289
13707 138 255 287
13708 136 171 286
13709 134 157 285
13710 132 69 284
13711 143 221 290
13712 141 251 289
13713 139 256 288
13714 137 214 287
13715 135 207 286
13716 144 221 292
13717 142 251 291
13718 140 256 290
13719 138 214 288
13720 145 239 293
13721 143 254 291
13722 141 128 290
13723 146 239 294
13724 144 254 293
13725 147 248 295
13726 3 109 191
13727 2 74 192
13728 1 220 193
13729 0 147 194
13730 0 147 195
13731 0 147 196
13732 0 147 197
13733 0 147 198
13734 0 147 199
13735 0 147 200
13736 0 147 201
13737 0 147 202
13738 0 147 203
13739 0 147 204
13740 0 147 205
13741 0 147 206
13742 0 147 207
13743 0 147 208
13744 0 147 209
13745 0 147 210
13746 0 147 211
13747 0 147 212
13748 0 147 213
13749 0 147 214
13750 0 147 215
13751 0 147 216
13752 0 147 217
13753 0 147 218
13754 0 147 219
13755 0 147 220
13756 0 147 221
13757 0 147 222
13758 0 147 223
13759 0 147 224
13760 0 147 225
13761 0 147 226
13762 0 147 227
13763 0 147 228
13764 5 87 191
13765 3 154 192
13766 4 236 192
13767 2 208 193
13768 1 153 194
13769 1 153 195
13770 1 153 196
13771 1 153 197
13772 1 153 198
13773 1 153 199
13774 1 153 200
13775 1 153 201
13776 1 153 202
13777 1 153 203
13778 1 153 204
13779 1 153 205
13780 1 153 206
13781 1 153 207
13782 1 153 208
13783 1 153 209
13784 1 153 210
13785 1 153 211
13786 1 153 212
13787 1 153 213
13788 1 153 214
13789 1 153 215
13790 1 153 216
13791 1 153 217
13792 1 153 218
13793 1 153 219
13794 1 153 220
13795 1 153 221
13796 1 153 222
13797 1 153 223
13798 1 153 224
13799 1 153 225
13800 1 153 226
13801 7 27 191
13802 5 163 192
13803 6 153 192
13804 3 87 193
13805 4 123 193
13806 2 154 194
13807 2 154 195
13808 2 154 196
13809 2 154 197
13810 2 154 198
13811 2 154 199
13812 2 154 200
13813 2 154 201
13814 2 154 202
13815 2 154 203
13816 2 154 204
13817 2 154 205
13818 2 154 206
13819 2 154 207
13820 2 154 208
13821 2 154 209
13822 2 154 210
13823 2 154 211
13824 2 154 212
13825 2 154 213
13826 2 154 214
13827 2 154 215
13828 2 154 216
13829 2 154 217
13830 2 154 218
13831 2 154 219
13832 2 154 220
13833 2 154 221
13834 2 154 222
13835 2 154 223
13836 2 154 224
13837 9 97 191
13838 7 24 192
13839 8 207 192
13840 5 27 193
13841 6 242 193
13842 3 3 194
13843 4 99 194
13844 3 197 195
13845 3 197 196
13846 3 197 197
13847 3 197 198
13848 3 197 199
13849 3 197 200
13850 3 197 201
13851 3 197 202
13852 3 197 203
13853 3 197 204
13854 3 197 205
13855 3 197 206
13856 3 197 207
13857 3 197 208
13858 3 197 209
13859 3 197 210
13860 3 197 211
13861 3 197 212
13862 3 197 213
13863 3 197 214
13864 3 197 215
13865 3 197 216
13866 3 197 217
13867 3 197 218
13868 3 197 219
13869 3 197 220
13870 3 197 221
13871 3 197 222
13872 11 101 191
13873 9 229 192
13874 10 144 192
13875 7 97 193
13876 8 146 193
13877 5 125 194
13878 6 13 194
13879 4 256 195
13880 5 101 195
13881 4 247 196
13882 4 247 197
13883 4 247 198
13884 4 247 199
13885 4 247 200
13886 4 247 201
13887 4 247 202
13888 4 247 203
13889 4 247 204
13890 4 247 205
13891 4 247 206
13892 4 247 207
13893 4 247 208
13894 4 247 209
13895 4 247 210
13896 4 247 211
13897 4 247 212
13898 4 247 213
13899 4 247 214
13900 4 247 215
13901 4 247 216
13902 4 247 217
13903 4 247 218
13904 4 247 219
13905 4 247 220
13906 11 13 192
13907 13 23 192
13908 9 125 193
13909 10 2 193
13910 12 50 193
13911 7 154 194
13912 8 199 194
13913 6 44 195
13914 7 182 195
13915 5 256 196
13916 6 214 196
13917 5 84 197
13918 5 84 198
13919 5 84 199
13920 5 84 200
13921 5 84 201
13922 5 84 202
13923 5 84 203
13924 5 84 204
13925 5 84 205
13926 5 84 206
13927 5 84 207
13928 5 84 208
13929 5 84 209
13930 5 84 210
13931 5 84 211
13932 5 84 212
13933 5 84 213
13934 5 84 214
13935 5 84 215
13936 5 84 216
13937 5 84 217
13938 5 84 218
13939 11 106 193
13940 13 148 193
13941 9 11 194
13942 10 214 194
13943 12 210 194
13944 14 176 194
13945 8 166 195
13946 9 233 195
13947 16 225 195
13948 7 44 196
13949 8 93 196
13950 6 66 197
13951 7 228 197
13952 6 14 198
13953 6 14 199
13954 6 14 200
13955 6 14 201
13956 6 14 202
13957 6 14 203
13958 6 14 204
13959 6 14 205
13960 6 14 206
13961 6 14 207
13962 6 14 208
13963 6 14 209
13964 6 14 210
13965 6 14 211
13966 6 14 212
13967 6 14 213
13968 6 14 214
13969 6 14 215
13970 6 14 216
13971 11 34 194
13972 13 159 194
13973 10 153 195
13974 11 126 195
13975 12 111 195
13976 14 71 195
13977 15 142 195
13978 9 176 196
13979 10 33 196
13980 17 91 196
13981 8 108 197
13982 9 38 197
13983 19 147 197
13984 7 43 198
13985 8 136 198
13986 7 88 199
13987 7 88 200
13988 7 88 201
13989 7 88 202
13990 7 88 203
13991 7 88 204
13992 7 88 205
13993 7 88 206
13994 7 88 207
13995 7 88 208
13996 7 88 209
13997 7 88 210
13998 7 88 211
13999 7 88 212
14000 7 88 213
14001 7 88 214
14002 13 143 195
14003 11 89 196
14004 12 169 196
14005 13 94 196
14006 14 110 196
14007 15 119 196
14008 16 78 196
14009 10 97 197
14010 11 131 197
14011 12 222 197
14012 18 141 197
14013 9 54 198
14014 10 236 198
14015 8 112 199
14016 9 255 199
14017 20 229 199
14018 8 186 200
14019 22 178 200
14020 8 186 201
14021 8 186 202
14022 8 186 203
14023 8 186 204
14024 8 186 205
14025 8 186 206
14026 8 186 207
14027 8 186 208
14028 8 186 209
14029 8 186 210
14030 8 186 211
14031 8 186 212
14032 13 208 197
14033 14 193 197
14034 15 79 197
14035 16 83 197
14036 17 83 197
14037 11 32 198
14038 12 99 198
14039 13 204 198
14040 14 69 198
14041 15 101 198
14042 19 194 198
14043 11 133 199
14044 10 44 199
14045 12 233 199
14046 21 51 199
14047 9 179 200
14048 10 114 200
14049 23 201 200
14050 9 31 201
14051 9 31 202
14052 25 158 202
14053 9 31 203
14054 9 31 204
14055 9 31 205
14056 9 31 206
14057 9 31 207
14058 9 31 208
14059 9 31 209
14060 9 31 210
14061 16 87 198
14062 17 250 198
14063 18 95 198
14064 13 64 199
14065 14 120 199
14066 15 240 199
14067 16 14 199
14068 17 120 199
14069 18 192 199
14070 11 117 200
14071 12 219 200
14072 13 80 200
14073 14 88 200
14074 20 99 200
14075 10 212 201
14076 11 204 201
14077 12 4 201
14078 22 27 201
14079 10 48 202
14080 24 67 202
14081 10 48 203
14082 26 33 203
14083 10 48 204
14084 28 139 204
14085 10 48 205
14086 10 48 206
14087 10 48 207
14088 10 48 208
14089 19 134 199
14090 15 165 200
14091 16 223 200
14092 17 151 200
14093 18 175 200
14094 19 249 200
14095 21 194 200
14096 13 110 201
14097 14 183 201
14098 15 58 201
14099 16 113 201
14100 17 106 201
14101 18 174 201
14102 23 119 201
14103 11 147 202
14104 12 175 202
14105 13 131 202
14106 14 36 202
14107 11 239 203
14108 12 246 203
14109 25 203 203
14110 11 8 204
14111 27 123 204
14112 11 8 205
14113 29 191 205
14114 11 8 206
14115 31 236 206
14116 19 8 201
14117 20 215 201
14118 21 128 201
14119 15 55 202
14120 16 254 202
14121 17 105 202
14122 18 57 202
14123 19 77 202
14124 20 80 202
14125 21 47 202
14126 22 73 202
14127 23 11 202
14128 13 142 203
14129 14 171 203
14130 15 19 203
14131 16 244 203
14132 24 65 203
14133 12 226 204
14134 13 102 204
14135 14 82 204
14136 26 138 204
14137 12 23 205
14138 13 132 205
14139 28 216 205
14140 12 87 206
14141 11 111 207
14142 17 222 203
14143 18 36 203
14144 19 224 203
14145 20 167 203
14146 21 231 203
14147 22 30 203
14148 23 142 203
14149 15 88 204
14150 16 199 204
14151 17 34 204
14152 18 167 204
14153 19 227 204
14154 20 5 204
14155 21 198 204
14156 23 51 204
14157 25 108 204
14158 14 139 205
14159 15 193 205
14160 16 83 205
14161 27 82 205
14162 13 4 206
14163 14 9 206
14164 15 53 206
14165 29 170 206
14166 12 190 207
14167 22 48 204
14168 24 246 204
14169 17 256 205
14170 18 105 205
14171 19 24 205
14172 20 145 205
14173 21 132 205
14174 22 32 205
14175 23 16 205
14176 24 55 205
14177 25 15 205
14178 26 61 205
14179 16 96 206
14180 17 88 206
14181 18 226 206
14182 19 178 206
14183 20 254 206
14184 21 76 206
14185 28 135 206
14186 13 176 207
14187 14 131 207
14188 15 205 207
14189 16 89 207
14190 17 189 207
14191 22 210 206
14192 23 54 206
14193 24 19 206
14194 25 238 206
14195 26 188 206
14196 27 213 206
14197 18 210 207
14198 19 21 207
14199 20 196 207
14200 21 106 207
14201 22 45 207
14202 23 57 207
14203 24 193 207
14204 25 28 207
14205 26 248 207
14206 27 117 207
14207 28 233 207
14208 29 34 207
14209 30 148 207
14210 31 133 207
14211 11 151 208
14212 12 122 208
14213 13 256 208
14214 14 226 208
14215 15 157 208
14216 16 7 208
14217 17 77 208
14218 18 225 208
14219 19 79 208
14220 20 68 208
14221 21 110 208
14222 22 242 208
14223 23 57 208
14224 24 221 208
14225 25 234 208
14226 26 179 208
14227 28 208 208
14228 27 164 208
14229 29 160 208
14230 30 59 208
14231 31 20 208
14232 32 236 208
14233 33 142 208
14234 10 142 209
14235 11 101 209
14236 12 142 209
14237 13 101 209
14238 14 44 209
14239 15 16 209
14240 16 17 209
14241 17 195 209
14242 18 174 209
14243 19 182 209
14244 20 211 209
14245 21 143 209
14246 22 17 209
14247 23 153 209
14248 24 38 209
14249 25 98 209
14250 26 193 209
14251 27 153 209
14252 28 131 209
14253 29 179 209
14254 30 161 209
14255 31 207 209
14256 32 43 209
14257 33 210 209
14258 34 39 209
14259 10 7 210
14260 11 227 210
14261 12 141 210
14262 13 67 210
14263 14 140 210
14264 15 175 210
14265 16 123 210
14266 17 173 210
14267 18 184 210
14268 19 48 210
14269 20 72 210
14270 21 59 210
14271 22 92 210
14272 23 105 210
14273 24 106 210
14274 25 91 210
14275 26 211 210
14276 27 223 210
14277 28 2 210
14278 29 21 210
14279 30 111 210
14280 31 86 210
14281 32 234 210
14282 33 204 210
14283 34 117 210
14284 35 190 210
14285 9 189 211
14286 10 247 211
14287 11 181 211
14288 12 38 211
14289 13 20 211
14290 14 181 211
14291 15 217 211
14292 16 5 211
14293 17 48 211
14294 18 89 211
14295 19 109 211
14296 20 188 211
14297 21 190 211
14298 22 198 211
14299 23 122 211
14300 24 37 211
14301 25 208 211
14302 26 250 211
14303 27 113 211
14304 28 250 211
14305 29 104 211
14306 30 226 211
14307 31 194 211
14308 32 89 211
14309 33 130 211
14310 34 42 211
14311 35 44 211
14312 36 3 211
14313 37 100 211
14314 9 199 212
14315 10 236 212
14316 11 236 212
14317 12 136 212
14318 13 171 212
14319 14 201 212
14320 15 68 212
14321 16 191 212
14322 17 237 212
14323 18 96 212
14324 19 31 212
14325 20 194 212
14326 21 126 212
14327 22 151 212
14328 23 219 212
14329 24 94 212
14330 25 122 212
14331 26 156 212
14332 27 197 212
14333 28 237 212
14334 29 15 212
14335 30 180 212
14336 31 52 212
14337 32 195 212
14338 33 15 212
14339 34 193 212
14340 35 15 212
14341 36 173 212
14342 37 234 212
14343 38 119 212
14344 8 250 213
14345 9 135 213
14346 10 118 213
14347 11 48 213
14348 12 117 213
14349 13 69 213
14350 14 195 213
14351 15 237 213
14352 16 163 213
14353 17 56 213
14354 18 128 213
14355 19 167 213
14356 20 252 213
14357 21 44 213
14358 22 204 213
14359 23 79 213
14360 24 123 213
14361 25 45 213
14362 26 55 213
14363 27 172 213
14364 28 229 213
14365 29 94 213
14366 30 133 213
14367 31 65 213
14368 32 192 213
14369 33 170 213
14370 34 157 213
14371 35 27 213
14372 36 226 213
14373 37 89 213
14374 38 87 213
14375 39 1 213
14376 8 170 214
14377 9 169 214
14378 10 64 214
14379 11 214 214
14380 12 135 214
14381 13 59 214
14382 14 241 214
14383 15 35 214
14384 16 32 214
14385 17 112 214
14386 18 7 214
14387 19 81 214
14388 20 163 214
14389 21 18 214
14390 22 224 214
14391 23 249 214
14392 24 21 214
14393 25 114 214
14394 26 119 214
14395 27 152 214
14396 28 151 214
14397 29 72 214
14398 30 251 214
14399 31 65 214
14400 32 38 214
14401 33 55 214
14402 34 54 214
14403 35 165 214
14404 36 3 214
14405 37 16 214
14406 38 18 214
14407 39 127 214
14408 40 255 214
14409 41 156 214
14410 7 240 215
14411 8 122 215
14412 9 118 215
14413 10 236 215
14414 11 162 215
14415 12 235 215
14416 13 178 215
14417 14 56 215
14418 15 13 215
14419 16 208 215
14420 17 180 215
14421 18 182 215
14422 19 225 215
14423 20 218 215
14424 21 166 215
14425 22 116 215
14426 23 162 215
14427 24 236 215
14428 25 30 215
14429 26 169 215
14430 27 136 215
14431 28 231 215
14432 29 247 215
14433 30 256 215
14434 31 101 215
14435 32 25 215
14436 33 21 215
14437 34 155 215
14438 35 193 215
14439 36 227 215
14440 37 222 215
14441 38 95 215
14442 39 53 215
14443 40 165 215
14444 41 233 215
14445 43 242 215
14446 7 97 216
14447 8 123 216
14448 9 154 216
14449 10 130 216
14450 11 126 216
14451 12 32 216
14452 13 229 216
14453 14 203 216
14454 15 73 216
14455 16 211 216
14456 17 54 216
14457 18 93 216
14458 19 115 216
14459 20 136 216
14460 21 246 216
14461 6 189 217
14462 22 247 216
14463 23 186 216
14464 6 97 218
14465 24 128 216
14466 5 158 219
14467 25 181 216
14468 26 49 216
14469 27 53 216
14470 28 124 216
14471 29 22 216
14472 30 68 216
14473 31 187 216
14474 32 16 216
14475 33 62 216
14476 34 53 216
14477 35 11 216
14478 36 143 216
14479 37 5 216
14480 38 250 216
14481 39 157 216
14482 40 49 216
14483 41 74 216
14484 42 6 216
14485 43 231 216
14486 7 49 217
14487 8 91 217
14488 9 4 217
14489 10 78 217
14490 11 69 217
14491 12 107 217
14492 13 194 217
14493 14 101 217
14494 15 187 217
14495 16 72 217
14496 17 72 217
14497 18 59 217
14498 19 79 217
14499 20 13 217
14500 21 67 217
14501 22 84 217
14502 23 200 217
14503 24 79 217
14504 25 176 217
14505 26 6 217
14506 27 135 217
14507 28 66 217
14508 29 188 217
14509 30 32 217
14510 31 150 217
14511 32 54 217
14512 33 135 217
14513 34 27 217
14514 35 7 217
14515 36 256 217
14516 37 43 217
14517 38 86 217
14518 39 100 217
14519 40 237 217
14520 41 215 217
14521 42 102 217
14522 43 129 217
14523 44 129 217
14524 7 162 218
14525 8 250 218
14526 9 179 218
14527 10 157 218
14528 11 198 218
14529 12 41 218
14530 13 136 218
14531 14 210 218
14532 15 220 218
14533 16 61 218
14534 17 61 218
14535 18 122 218
14536 19 216 218
14537 20 145 218
14538 21 38 218
14539 22 252 218
14540 23 154 218
14541 24 150 218
14542 25 232 218
14543 26 128 218
14544 27 249 218
14545 28 181 218
14546 29 95 218
14547 30 172 218
14548 31 18 218
14549 32 73 218
14550 33 154 218
14551 34 99 218
14552 35 136 218
14553 36 134 218
14554 37 139 218
14555 38 133 218
14556 39 200 218
14557 40 244 218
14558 41 123 218
14559 42 65 218
14560 43 82 218
14561 44 196 218
14562 45 194 218
14563 46 200 218
14564 6 226 219
14565 7 162 219
14566 8 57 219
14567 9 25 219
14568 10 60 219
14569 11 27 219
14570 12 98 219
14571 13 50 219
14572 14 192 219
14573 15 1 219
14574 16 110 219
14575 17 162 219
14576 18 59 219
14577 19 209 219
14578 20 210 219
14579 21 1 219
14580 22 23 219
14581 23 33 219
14582 24 120 219
14583 25 107 219
14584 26 61 219
14585 27 85 219
14586 28 16 219
14587 29 149 219
14588 30 91 219
14589 31 192 219
14590 32 52 219
14591 33 91 219
14592 34 180 219
14593 35 106 219
14594 36 31 219
14595 37 54 219
14596 38 101 219
14597 39 40 219
14598 40 175 219
14599 41 28 219
14600 42 137 219
14601 43 40 219
14602 44 134 219
14603 45 89 219
14604 46 209 219
14605 47 82 219
14606 5 149 220
14607 6 78 220
14608 7 18 220
14609 8 191 220
14610 9 47 220
14611 10 249 220
14612 11 156 220
14613 12 26 220
14614 13 132 220
14615 14 60 220
14616 15 182 220
14617 16 26 220
14618 17 20 220
14619 18 74 220
14620 19 47 220
14621 20 250 220
14622 21 139 220
14623 22 9 220
14624 23 110 220
14625 24 247 220
14626 25 233 220
14627 26 53 220
14628 27 171 220
14629 28 161 220
14630 29 8 220
14631 30 51 220
14632 31 111 220
14633 32 166 220
14634 33 240 220
14635 34 228 220
14636 35 122 220
14637 36 101 220
14638 37 151 220
14639 38 43 220
14640 39 185 220
14641 40 27 220
14642 41 83 220
14643 42 64 220
14644 43 119 220
14645 44 88 220
14646 45 26 220
14647 46 44 220
14648 47 88 220
14649 48 194 220
14650 49 250 220
14651 4 174 221
14652 5 111 221
14653 6 160 221
14654 7 177 221
14655 8 163 221
14656 9 239 221
14657 10 32 221
14658 11 237 221
14659 12 45 221
14660 13 190 221
14661 14 86 221
14662 15 118 221
14663 16 66 221
14664 17 100 221
14665 18 78 221
14666 19 174 221
14667 20 186 221
14668 21 133 221
14669 22 142 221
14670 23 152 221
14671 24 208 221
14672 25 23 221
14673 26 184 221
14674 27 250 221
14675 28 75 221
14676 29 194 221
14677 30 180 221
14678 31 92 221
14679 32 189 221
14680 33 18 221
14681 34 93 221
14682 35 201 221
14683 36 191 221
14684 37 133 221
14685 38 88 221
14686 39 196 221
14687 40 125 221
14688 41 230 221
14689 42 107 221
14690 43 251 221
14691 44 209 221
14692 45 16 221
14693 46 10 221
14694 47 149 221
14695 48 195 221
14696 49 108 221
14697 4 156 222
14698 5 48 222
14699 6 111 222
14700 7 233 222
14701 8 179 222
14702 9 222 222
14703 10 187 222
14704 11 223 222
14705 12 167 222
14706 13 6 222
14707 14 75 222
14708 15 89 222
14709 16 108 222
14710 17 126 222
14711 18 123 222
14712 19 76 222
14713 20 94 222
14714 21 101 222
14715 22 70 222
14716 23 142 222
14717 24 140 222
14718 25 186 222
14719 26 16 222
14720 27 72 222
14721 28 140 222
14722 29 252 222
14723 30 193 222
14724 31 98 222
14725 32 110 222
14726 33 119 222
14727 34 242 222
14728 35 235 222
14729 36 204 222
14730 37 42 222
14731 38 16 222
14732 39 55 222
14733 40 47 222
14734 41 249 222
14735 42 75 222
14736 43 156 222
14737 44 130 222
14738 45 113 222
14739 46 200 222
14740 47 123 222
14741 48 240 222
14742 49 46 222
14743 50 96 222
14744 51 49 222
14745 3 42 223
14746 4 139 223
14747 5 35 223
14748 6 26 223
14749 7 192 223
14750 8 12 223
14751 9 90 223
14752 10 75 223
14753 11 13 223
14754 12 164 223
14755 13 184 223
14756 14 125 223
14757 15 251 223
14758 16 28 223
14759 17 101 223
14760 18 172 223
14761 19 139 223
14762 20 11 223
14763 21 9 223
14764 22 132 223
14765 23 142 223
14766 24 233 223
14767 25 128 223
14768 26 139 223
14769 27 191 223
14770 28 116 223
14771 29 152 223
14772 30 240 223
14773 31 194 223
14774 32 11 223
14775 33 203 223
14776 34 226 223
14777 35 233 223
14778 36 91 223
14779 37 103 223
14780 38 107 223
14781 39 55 223
14782 40 59 223
14783 41 44 223
14784 42 241 223
14785 43 238 223
14786 44 100 223
14787 45 253 223
14788 46 159 223
14789 47 104 223
14790 48 179 223
14791 49 60 223
14792 50 226 223
14793 51 69 223
14794 52 149 223
14795 53 69 223
14796 3 162 224
14797 4 49 224
14798 5 195 224
14799 6 80 224
14800 7 214 224
14801 8 72 224
14802 9 38 224
14803 10 92 224
14804 11 18 224
14805 12 159 224
14806 13 220 224
14807 14 54 224
14808 15 35 224
14809 16 127 224
14810 17 109 224
14811 18 137 224
14812 19 131 224
14813 20 83 224
14814 21 215 224
14815 22 7 224
14816 23 20 224
14817 24 237 224
14818 25 185 224
14819 26 85 224
14820 27 82 224
14821 28 62 224
14822 29 249 224
14823 30 22 224
14824 31 119 224
14825 32 235 224
14826 33 130 224
14827 34 48 224
14828 35 14 224
14829 36 192 224
14830 37 251 224
14831 38 176 224
14832 39 111 224
14833 40 191 224
14834 41 199 224
14835 42 178 224
14836 43 17 224
14837 44 202 224
14838 45 133 224
14839 46 113 224
14840 47 224 224
14841 48 65 224
14842 49 249 224
14843 50 5 224
14844 51 55 224
14845 52 162 224
14846 53 166 224
14847 2 156 225
14848 3 154 225
14849 4 128 225
14850 5 116 225
14851 6 229 225
14852 7 239 225
14853 8 182 225
14854 9 125 225
14855 10 173 225
14856 11 218 225
14857 12 57 225
14858 13 53 225
14859 14 39 225
14860 15 234 225
14861 16 88 225
14862 17 184 225
14863 18 32 225
14864 19 231 225
14865 20 163 225
14866 21 96 225
14867 22 93 225
14868 23 190 225
14869 24 86 225
14870 25 62 225
14871 26 8 225
14872 27 15 225
14873 28 33 225
14874 29 13 225
14875 30 219 225
14876 31 48 225
14877 32 113 225
14878 33 192 225
14879 34 101 225
14880 35 46 225
14881 36 151 225
14882 37 26 225
14883 38 156 225
14884 39 253 225
14885 40 164 225
14886 41 91 225
14887 42 75 225
14888 43 115 225
14889 44 58 225
14890 45 78 225
14891 46 69 225
14892 47 215 225
14893 48 108 225
14894 49 60 225
14895 50 141 225
14896 51 121 225
14897 52 149 225
14898 53 197 225
14899 54 237 225
14900 55 195 225
14901 2 62 226
14902 3 209 226
14903 4 14 226
14904 5 85 226
14905 6 130 226
14906 7 140 226
14907 8 249 226
14908 9 105 226
14909 10 114 226
14910 11 16 226
14911 12 209 226
14912 13 70 226
14913 14 154 226
14914 15 84 226
14915 16 119 226
14916 17 24 226
14917 18 148 226
14918 19 234 226
14919 20 4 226
14920 21 152 226
14921 22 87 226
14922 23 137 226
14923 24 106 226
14924 25 49 226
14925 26 123 226
14926 27 240 226
14927 28 166 226
14928 29 20 226
14929 30 16 226
14930 31 138 226
14931 32 3 226
14932 33 4 226
14933 34 96 226
14934 35 35 226
14935 36 224 226
14936 37 157 226
14937 38 71 226
14938 39 7 226
14939 40 9 226
14940 41 66 226
14941 42 121 226
14942 43 125 226
14943 44 27 226
14944 45 176 226
14945 46 48 226
14946 47 40 226
14947 48 162 226
14948 49 31 226
14949 50 71 226
14950 51 32 226
14951 52 68 226
14952 53 101 226
14953 54 88 226
14954 55 93 226
14955 56 31 226
14956 1 169 227
14957 2 43 227
14958 3 8 227
14959 4 176 227
14960 5 228 227
14961 6 210 227
14962 7 11 227
14963 8 37 227
14964 9 244 227
14965 10 27 227
14966 11 127 227
14967 12 143 227
14968 13 239 227
14969 14 49 227
14970 15 83 227
14971 16 222 227
14972 17 97 227
14973 18 112 227
14974 19 138 227
14975 20 88 227
14976 21 180 227
14977 22 238 227
14978 23 54 227
14979 24 72 227
14980 25 23 227
14981 26 83 227
14982 27 145 227
14983 28 83 227
14984 29 135 227
14985 30 102 227
14986 31 100 227
14987 32 184 227
14988 33 176 227
14989 34 156 227
14990 35 200 227
14991 36 97 227
14992 37 57 227
14993 38 107 227
14994 39 178 227
14995 40 52 227
14996 41 200 227
14997 42 185 227
14998 43 11 227
14999 44 249 227
15000 45 253 227
15001 46 107 227
15002 47 95 227
15003 48 157 227
15004 49 164 227
15005 50 23 227
15006 51 199 227
15007 52 65 227
15008 53 19 227
15009 54 173 227
15010 55 9 227
15011 56 64 227
15012 57 24 227
15013 58 185 227
15014 1 194 228
15015 2 168 228
15016 20 195 228
15017 22 68 228
15018 24 182 228
15019 25 71 228
15020 26 199 228
15021 27 246 228
15022 28 2 228
15023 29 105 228
15024 30 210 228
15025 31 75 228
15026 32 83 228
15027 33 93 228
15028 34 213 228
15029 35 173 228
15030 36 129 228
15031 37 151 228
15032 38 185 228
15033 39 119 228
15034 40 216 228
15035 41 168 228
15036 42 116 228
15037 43 72 228
15038 44 45 228
15039 46 167 228
15040 45 166 228
15041 47 134 228
15042 48 8 228
15043 49 98 228
15044 50 115 228
15045 51 57 228
15046 52 193 228
15047 53 56 228
15048 54 221 228
15049 55 246 228
15050 56 62 228
15051 57 245 228
15052 58 29 228
15053 59 119 228
15054 24 21 229
15055 26 212 229
15056 27 24 229
15057 28 61 229
15058 29 193 229
15059 30 194 229
15060 31 173 229
15061 32 218 229
15062 33 100 229
15063 34 140 229
15064 35 174 229
15065 36 103 229
15066 37 30 229
15067 38 80 229
15068 39 242 229
15069 40 57 229
15070 41 201 229
15071 42 226 229
15072 43 51 229
15073 44 33 229
15074 45 161 229
15075 46 240 229
15076 47 222 229
15077 48 71 229
15078 49 44 229
15079 50 28 229
15080 51 235 229
15081 52 60 229
15082 53 170 229
15083 54 214 229
15084 55 39 229
15085 56 140 229
15086 57 242 229
15087 58 48 229
15088 59 32 229
15089 61 203 229
15090 30 98 230
15091 31 171 230
15092 32 3 230
15093 33 111 230
15094 34 83 230
15095 35 115 230
15096 36 12 230
15097 37 196 230
15098 38 235 230
15099 39 249 230
15100 40 52 230
15101 41 91 230
15102 42 151 230
15103 43 230 230
15104 44 94 230
15105 45 221 230
15106 46 84 230
15107 47 207 230
15108 48 123 230
15109 49 168 230
15110 50 119 230
15111 51 120 230
15112 52 228 230
15113 53 125 230
15114 54 109 230
15115 55 51 230
15116 56 64 230
15117 57 194 230
15118 58 169 230
15119 59 129 230
15120 60 58 230
15121 61 181 230
15122 32 92 231
15123 34 164 231
15124 35 115 231
15125 36 69 231
15126 37 101 231
15127 38 84 231
15128 39 101 231
15129 40 146 231
15130 41 166 231
15131 42 77 231
15132 43 219 231
15133 44 156 231
15134 45 43 231
15135 46 113 231
15136 47 32 231
15137 48 76 231
15138 49 159 231
15139 50 251 231
15140 51 94 231
15141 52 220 231
15142 53 89 231
15143 54 84 231
15144 55 181 231
15145 56 126 231
15146 57 219 231
15147 58 29 231
15148 59 36 231
15149 60 139 231
15150 61 147 231
15151 62 169 231
15152 63 178 231
15153 36 164 232
15154 38 53 232
15155 39 54 232
15156 40 116 232
15157 41 96 232
15158 42 161 232
15159 43 134 232
15160 44 54 232
15161 45 223 232
15162 46 115 232
15163 47 252 232
15164 48 212 232
15165 49 57 232
15166 50 50 232
15167 51 25 232
15168 52 102 232
15169 53 16 232
15170 54 94 232
15171 55 175 232
15172 56 248 232
15173 57 128 232
15174 58 107 232
15175 59 41 232
15176 60 206 232
15177 61 190 232
15178 62 95 232
15179 63 49 232
15180 64 231 232
15181 40 96 233
15182 42 237 233
15183 43 112 233
15184 44 117 233
15185 45 48 233
15186 46 201 233
15187 47 160 233
15188 48 215 233
15189 49 145 233
15190 50 117 233
15191 51 115 233
15192 52 150 233
15193 53 153 233
15194 54 12 233
15195 55 83 233
15196 56 57 233
15197 57 138 233
15198 58 163 233
15199 59 42 233
15200 60 125 233
15201 61 86 233
15202 62 175 233
15203 63 173 233
15204 64 5 233
15205 65 40 233
15206 44 66 234
15207 45 125 234
15208 46 124 234
15209 47 50 234
15210 48 170 234
15211 49 44 234
15212 50 118 234
15213 51 66 234
15214 52 143 234
15215 53 7 234
15216 54 176 234
15217 55 119 234
15218 56 169 234
15219 57 94 234
15220 58 115 234
15221 59 245 234
15222 60 13 234
15223 61 164 234
15224 62 138 234
15225 63 144 234
15226 64 71 234
15227 65 231 234
15228 66 252 234
15229 67 19 234
15230 48 10 235
15231 50 57 235
15232 51 187 235
15233 52 154 235
15234 53 223 235
15235 54 208 235
15236 55 83 235
15237 56 126 235
15238 57 226 235
15239 58 39 235
15240 59 19 235
15241 60 155 235
15242 61 72 235
15243 62 211 235
15244 63 136 235
15245 64 173 235
15246 65 103 235
15247 66 70 235
15248 67 87 235
15249 68 181 235
15250 50 80 236
15251 52 134 236
15252 54 14 236
15253 55 250 236
15254 56 117 236
15255 57 9 236
15256 58 123 236
15257 60 48 236
15258 59 29 236
15259 61 36 236
15260 62 124 236
15261 63 246 236
15262 64 107 236
15263 65 37 236
15264 66 112 236
15265 67 141 236
15266 68 204 236
15267 69 6 236
15268 54 78 237
15269 56 151 237
15270 57 29 237
15271 59 160 237
15272 58 96 237
15273 60 179 237
15274 61 220 237
15275 62 104 237
15276 66 228 237
15277 65 194 237
15278 64 65 237
15279 63 13 237
15280 67 253 237
15281 68 207 237
15282 69 193 237
15283 70 127 237
15284 71 145 237
15285 60 248 238
15286 61 2 238
15287 62 3 238
15288 65 193 238
15289 64 13 238
15290 63 54 238
15291 66 51 238
15292 67 152 238
15293 70 231 238
15294 69 149 238
15295 68 38 238
15296 71 221 238
15297 73 84 238
15298 62 11 239
15299 64 54 239
15300 65 159 239
15301 66 187 239
15302 70 149 239
15303 69 184 239
15304 68 59 239
15305 67 75 239
15306 71 146 239
15307 72 123 239
15308 73 171 239
15309 66 83 240
15310 70 184 240
15311 69 191 240
15312 68 166 240
15313 74 182 240
15314 72 195 240
15315 73 122 240
15316 71 202 240
15317 70 191 241
15318 75 232 241
15319 74 242 241
15320 72 206 241
15321 73 227 241
15322 76 116 241
15323 75 252 242
15324 74 254 242
15325 77 210 242
15326 76 126 242
15327 78 105 243
15328 79 218 243
15329 77 183 243
15330 75 110 243
15331 72 114 242
15332 71 148 241
15333 69 37 241
15334 67 202 240
15335 65 179 240
15336 63 183 239
15337 60 119 239
15338 59 156 238
15339 57 39 238
15340 55 74 237
15341 53 202 236
15342 51 179 236
15343 49 109 235
15344 47 220 235
15345 45 55 235
15346 42 177 234
15347 41 74 233
15348 39 147 233
15349 37 101 232
15350 35 218 232
15351 33 220 231
15352 30 89 231
15353 29 78 230
15354 27 148 230
15355 25 37 229
15356 23 101 228
15357 21 218 228
15358 3 57 228
15359 4 166 228
15360 5 241 228
15361 6 143 228
15362 7 109 228
15363 8 220 228
15364 9 139 228
15365 10 153 228
15366 11 238 228
15367 12 162 228
15368 13 206 228
15369 14 186 228
15370 15 196 228
15371 16 28 228
15372 17 51 228
15373 18 219 228
15374 80 218 245
15375 78 220 244
15376 76 55 243
15377 74 78 243
15378 73 134 242
15379 70 37 242
15380 68 101 241
15381 66 218 241
15382 64 183 240
15383 62 110 240
15384 61 131 239
15385 58 148 238
15386 56 37 238
15387 54 202 238
15388 52 179 237
15389 50 109 237
15390 48 110 236
15391 46 156 235
15392 44 39 235
15393 43 221 234
15394 40 147 234
15395 38 179 233
15396 36 109 233
15397 34 220 232
15398 32 55 232
15399 31 141 231
15400 28 74 230
15401 26 147 230
15402 24 101 230
15403 22 218 229
15404 20 183 229
15405 19 130 228
15406 0 83 229
15407 1 90 229
15408 2 133 229
15409 3 241 229
15410 4 191 229
15411 5 169 229
15412 6 157 229
15413 7 90 229
15414 8 100 229
15415 9 58 229
15416 10 237 229
15417 11 9 229
15418 12 120 229
15419 81 122 245
15420 79 159 244
15421 77 104 244
15422 75 26 244
15423 72 6 243
15424 71 49 242
15425 69 205 242
15426 67 244 241
15427 65 61 241
15428 63 104 240
15429 60 228 240
15430 59 135 239
15431 57 98 239
15432 55 153 238
15433 53 244 237
15434 51 61 237
15435 49 208 236
15436 47 52 236
15437 45 13 236
15438 42 230 235
15439 41 153 234
15440 39 231 234
15441 37 122 233
15442 35 159 233
15443 33 52 232
15444 30 217 232
15445 29 196 231
15446 27 49 231
15447 25 205 230
15448 23 122 229
15449 21 159 229
15450 13 21 229
15451 14 116 229
15452 15 131 229
15453 16 72 229
15454 17 233 229
15455 18 25 229
15456 19 228 229
15457 0 106 230
15458 1 101 230
15459 2 182 230
15460 3 121 230
15461 4 121 230
15462 5 32 230
15463 82 122 246
15464 80 159 246
15465 78 52 245
15466 76 13 244
15467 74 196 244
15468 73 74 243
15469 70 205 243
15470 68 122 242
15471 66 159 242
15472 64 104 241
15473 62 26 241
15474 61 178 240
15475 58 49 239
15476 56 205 239
15477 54 244 239
15478 52 61 238
15479 50 208 238
15480 48 26 237
15481 46 135 236
15482 44 98 236
15483 43 22 235
15484 40 231 235
15485 38 61 234
15486 36 208 234
15487 34 52 233
15488 32 13 233
15489 31 226 232
15490 28 153 231
15491 26 231 231
15492 24 122 231
15493 22 159 230
15494 20 104 230
15495 6 85 230
15496 7 199 230
15497 8 152 230
15498 9 133 230
15499 10 241 230
15500 11 9 230
15501 12 143 230
15502 13 238 230
15503 14 190 230
15504 15 165 230
15505 16 108 230
15506 83 106 246
15507 81 155 246
15508 79 103 245
15509 77 90 245
15510 75 151 245
15511 72 60 244
15512 71 77 243
15513 69 212 243
15514 67 53 242
15515 65 206 242
15516 63 90 241
15517 60 219 241
15518 59 102 240
15519 57 154 240
15520 55 167 239
15521 53 53 238
15522 51 206 238
15523 49 180 237
15524 47 45 237
15525 45 204 237
15526 42 214 236
15527 41 167 235
15528 39 106 235
15529 37 155 234
15530 35 103 234
15531 33 45 233
15532 30 96 233
15533 29 51 232
15534 27 77 232
15535 25 212 231
15536 23 155 230
15537 21 103 230
15538 17 107 230
15539 18 65 230
15540 19 154 230
15541 0 192 231
15542 1 92 231
15543 2 14 231
15544 3 150 231
15545 4 227 231
15546 5 216 231
15547 6 171 231
15548 84 106 248
15549 82 155 247
15550 80 103 247
15551 78 45 246
15552 76 204 245
15553 74 51 245
15554 73 80 244
15555 70 212 244
15556 68 155 243
15557 66 103 243
15558 64 90 242
15559 62 151 242
15560 61 173 241
15561 58 77 240
15562 56 212 240
15563 54 53 240
15564 52 206 239
15565 50 180 239
15566 48 151 238
15567 46 102 237
15568 44 154 237
15569 43 200 236
15570 40 106 236
15571 38 206 235
15572 36 180 235
15573 34 45 234
15574 32 204 234
15575 31 210 233
15576 28 167 232
15577 26 106 232
15578 24 155 232
15579 22 103 231
15580 20 90 231
15581 7 28 231
15582 8 245 231
15583 9 37 231
15584 10 25 231
15585 11 83 231
15586 12 253 231
15587 13 238 231
15588 14 191 231
15589 85 121 248
15590 83 240 247
15591 81 60 247
15592 79 15 246
15593 77 68 246
15594 75 17 246
15595 72 61 245
15596 71 121 244
15597 69 223 244
15598 67 120 243
15599 65 30 243
15600 63 68 242
15601 60 39 242
15602 59 197 241
15603 57 242 241
15604 55 189 240
15605 53 120 239
15606 51 30 239
15607 49 136 238
15608 47 34 238
15609 45 137 238
15610 42 186 237
15611 41 189 236
15612 39 240 236
15613 37 60 235
15614 35 15 235
15615 33 34 234
15616 30 176 234
15617 29 227 233
15618 27 121 233
15619 25 223 232
15620 23 60 231
15621 21 15 231
15622 15 126 231
15623 16 30 231
15624 17 35 231
15625 18 53 231
15626 19 19 231
15627 0 194 232
15628 1 187 232
15629 86 189 249
15630 84 240 249
15631 82 60 248
15632 80 15 248
15633 78 34 247
15634 76 137 246
15635 74 227 246
15636 73 11 245
15637 70 223 245
15638 68 60 244
15639 66 15 244
15640 64 68 243
15641 62 17 243
15642 61 15 242
15643 58 121 241
15644 56 223 241
15645 54 120 241
15646 52 30 240
15647 50 136 240
15648 48 17 239
15649 46 197 238
15650 44 242 238
15651 43 55 237
15652 40 240 237
15653 38 30 236
15654 36 136 236
15655 34 34 235
15656 32 137 235
15657 31 18 234
15658 28 189 233
15659 26 240 233
15660 24 60 233
15661 22 15 232
15662 20 68 232
15663 2 100 232
15664 3 17 232
15665 4 147 232
15666 5 202 232
15667 6 125 232
15668 87 63 250
15669 85 80 249
15670 83 10 248
15671 81 131 248
15672 79 97 247
15673 77 217 247
15674 75 247 247
15675 72 78 246
15676 71 80 245
15677 69 20 245
15678 67 5 244
15679 65 194 244
15680 63 217 243
15681 60 217 243
15682 59 126 242
15683 57 160 242
15684 55 40 241
15685 53 5 240
15686 51 194 240
15687 49 177 239
15688 47 237 239
15689 45 252 239
15690 42 81 238
15691 41 40 237
15692 39 10 237
15693 37 131 236
15694 35 97 236
15695 33 237 235
15696 30 163 235
15697 29 63 234
15698 27 80 234
15699 25 20 233
15700 23 131 232
15701 21 97 232
15702 7 69 232
15703 8 25 232
15704 9 184 232
15705 10 223 232
15706 88 160 250
15707 86 40 250
15708 84 10 250
15709 82 131 249
15710 80 97 249
15711 78 237 248
15712 76 252 247
15713 74 63 247
15714 73 115 246
15715 70 20 246
15716 68 131 245
15717 66 97 245
15718 64 217 244
15719 62 247 244
15720 61 71 243
15721 58 80 242
15722 56 20 242
15723 54 5 242
15724 52 194 241
15725 50 177 241
15726 48 247 240
15727 46 126 239
15728 44 160 239
15729 43 172 238
15730 40 10 238
15731 38 194 237
15732 36 177 237
15733 34 237 236
15734 32 252 236
15735 31 52 235
15736 28 40 234
15737 26 10 234
15738 24 131 234
15739 22 97 233
15740 20 217 233
15741 18 252 232
15742 11 237 232
15743 89 139 251
15744 87 99 251
15745 85 89 250
15746 83 236 249
15747 81 59 249
15748 79 79 248
15749 77 84 248
15750 75 21 248
15751 72 244 247
15752 71 89 246
15753 69 215 246
15754 67 118 245
15755 65 158 245
15756 63 84 244
15757 60 122 244
15758 59 198 243
15759 57 178 243
15760 55 173 242
15761 53 118 241
15762 51 158 241
15763 49 168 240
15764 47 42 240
15765 45 139 240
15766 42 114 239
15767 41 173 238
15768 39 236 238
15769 37 59 237
15770 35 79 237
15771 33 42 236
15772 30 54 236
15773 29 99 235
15774 27 89 235
15775 25 215 234
15776 23 59 233
15777 21 79 233
15778 19 84 232
15779 91 1 252
15780 88 178 251
15781 86 173 251
15782 84 236 251
15783 82 59 250
15784 80 79 250
15785 78 42 249
15786 76 139 248
15787 74 99 248
15788 73 93 247
15789 70 215 247
15790 68 59 246
15791 66 79 246
15792 64 84 245
15793 62 21 245
15794 61 34 244
15795 58 89 243
15796 56 215 243
15797 54 118 243
15798 52 158 242
15799 50 168 242
15800 48 21 241
15801 46 198 240
15802 44 178 240
15803 43 153 239
15804 40 236 239
15805 38 158 238
15806 36 168 238
15807 34 42 237
15808 32 139 237
15809 31 98 236
15810 28 173 235
15811 26 236 235
15812 24 59 235
15813 22 79 234
15814 90 78 253
15815 89 145 252
15816 87 229 252
15817 85 250 251
15818 83 224 250
15819 81 56 250
15820 79 14 249
15821 77 132 249
15822 75 33 249
15823 72 223 248
15824 71 250 247
15825 69 191 247
15826 67 112 246
15827 65 28 246
15828 63 132 245
15829 60 216 245
15830 59 201 244
15831 57 243 244
15832 55 125 243
15833 53 112 242
15834 51 28 242
15835 49 7 241
15836 47 66 241
15837 45 145 241
15838 42 209 240
15839 41 125 239
15840 39 224 239
15841 37 56 238
15842 35 14 238
15843 33 66 237
15844 30 3 237
15845 29 229 236
15846 27 250 236
15847 25 191 235
15848 92 66 254
15849 91 41 253
15850 88 243 252
15851 86 125 252
15852 84 224 252
15853 82 56 251
15854 80 14 251
15855 78 66 250
15856 76 145 249
15857 74 229 249
15858 73 66 248
15859 70 191 248
15860 68 56 247
15861 66 14 247
15862 64 132 246
15863 62 33 246
15864 61 220 245
15865 58 250 244
15866 56 191 244
15867 54 112 244
15868 52 28 243
15869 50 7 243
15870 48 33 242
15871 46 201 241
15872 44 243 241
15873 43 182 240
15874 40 224 240
15875 38 28 239
15876 36 7 239
15877 34 66 238
15878 32 145 238
15879 31 17 237
15880 28 125 236
15881 93 11 254
15882 90 89 254
15883 89 81 253
15884 87 213 253
15885 85 246 252
15886 83 95 251
15887 81 88 251
15888 79 22 250
15889 77 134 250
15890 75 162 250
15891 72 81 249
15892 71 246 248
15893 69 190 248
15894 67 176 247
15895 65 44 247
15896 63 134 246
15897 60 116 246
15898 59 169 245
15899 57 235 245
15900 55 123 244
15901 53 176 243
15902 51 44 243
15903 49 11 242
15904 47 67 242
15905 45 81 242
15906 42 49 241
15907 41 123 240
15908 39 95 240
15909 37 88 239
15910 35 22 239
15911 33 67 238
15912 30 209 238
15913 94 11 255
15914 92 67 255
15915 91 11 254
15916 88 235 253
15917 86 123 253
15918 84 95 253
15919 82 88 252
15920 80 22 252
15921 78 67 251
15922 76 81 250
15923 74 213 250
15924 73 4 249
15925 70 190 249
15926 68 88 248
15927 66 22 248
15928 64 134 247
15929 62 162 247
15930 61 62 246
15931 58 246 245
15932 56 190 245
15933 54 176 245
15934 52 44 244
15935 50 11 244
15936 48 162 243
15937 46 169 242
15938 44 235 242
15939 43 126 241
15940 40 95 241
15941 38 44 240
15942 36 11 240
15943 34 67 239
15944 95 175 256
15945 93 54 255
15946 90 216 255
15947 89 164 254
15948 87 41 254
15949 85 203 253
15950 83 186 252
15951 81 175 252
15952 79 108 251
15953 77 27 251
15954 75 71 251
15955 72 177 250
15956 71 203 249
15957 69 115 249
15958 67 93 248
15959 65 216 248
15960 63 27 247
15961 60 250 247
15962 59 82 246
15963 57 149 246
15964 55 230 245
15965 53 93 244
15966 51 216 244
15967 49 54 243
15968 47 142 243
15969 45 164 243
15970 42 32 242
15971 41 230 241
15972 39 186 241
15973 37 175 240
15974 96 216 257
15975 94 54 256
15976 92 142 256
15977 91 12 255
15978 88 149 254
15979 86 230 254
15980 84 186 254
15981 82 175 253
15982 80 108 253
15983 78 142 252
15984 76 164 251
15985 74 41 251
15986 73 201 250
15987 70 115 250
15988 68 175 249
15989 66 108 249
15990 64 27 248
15991 62 71 248
15992 61 3 247
15993 58 203 246
15994 56 115 246
15995 54 93 246
15996 52 216 245
15997 50 54 245
15998 48 71 244
15999 46 82 243
16000 44 149 243
16001 43 20 242
16002 40 186 242
16003 97 72 257
16004 95 18 257
16005 93 195 256
16006 90 169 256
16007 89 221 255
16008 87 248 255
16009 85 62 254
16010 83 72 253
16011 81 18 253
16012 79 133 252
16013 77 226 252
16014 75 185 252
16015 72 128 251
16016 71 62 250
16017 69 144 250
16018 67 36 249
16019 65 9 249
16020 63 226 248
16021 60 169 248
16022 59 239 247
16023 57 124 247
16024 55 31 246
16025 53 36 245
16026 51 9 245
16027 49 195 244
16028 47 113 244
16029 45 221 244
16030 42 116 243
16031 98 36 258
16032 96 9 258
16033 94 195 257
16034 92 113 257
16035 91 63 256
16036 88 124 255
16037 86 31 255
16038 84 72 255
16039 82 18 254
16040 80 133 254
16041 78 113 253
16042 76 221 252
16043 74 248 252
16044 73 197 251
16045 70 144 251
16046 68 18 250
16047 66 133 250
16048 64 226 249
16049 62 185 249
16050 61 192 248
16051 58 62 247
16052 56 144 247
16053 54 36 247
16054 52 9 246
16055 50 195 246
16056 48 185 245
16057 46 239 244
16058 99 12 259
16059 97 3 258
16060 95 65 258
16061 93 233 257
16062 90 70 257
16063 89 127 256
16064 87 96 256
16065 85 24 255
16066 83 3 254
16067 81 65 254
16068 79 209 253
16069 77 245 253
16070 75 254 253
16071 72 202 252
16072 71 24 251
16073 69 6 251
16074 67 130 250
16075 65 161 250
16076 63 245 249
16077 60 72 249
16078 59 192 248
16079 57 48 248
16080 55 12 247
16081 53 130 246
16082 51 161 246
16083 49 233 245
16084 100 12 260
16085 98 130 259
16086 96 161 259
16087 94 233 258
16088 92 251 258
16089 91 32 257
16090 88 48 256
16091 86 12 256
16092 84 3 256
16093 82 65 255
16094 80 209 255
16095 78 251 254
16096 76 127 253
16097 74 96 253
16098 73 170 252
16099 70 6 252
16100 68 65 251
16101 66 209 251
16102 64 245 250
16103 62 254 250
16104 61 103 249
16105 58 24 248
16106 56 6 248
16107 54 130 248
16108 52 161 247
16109 101 2 260
16110 99 129 260
16111 97 225 259
16112 95 249 259
16113 93 256 258
16114 90 3 258
16115 89 16 257
16116 87 4 257
16117 85 1 256
16118 83 225 255
16119 81 249 255
16120 79 255 254
16121 77 128 254
16122 75 32 254
16123 72 72 253
16124 71 1 252
16125 69 193 252
16126 67 241 251
16127 65 253 251
16128 63 128 250
16129 60 120 250
16130 59 8 249
16131 57 2 249
16132 55 129 248
16133 103 207 261
16134 100 129 261
16135 98 241 260
16136 96 253 260
16137 94 256 259
16138 92 64 259
16139 91 202 258
16140 88 2 257
16141 86 129 257
16142 84 225 257
16143 82 249 256
16144 80 255 256
16145 78 64 255
16146 76 16 254
16147 74 4 254
16148 73 116 253
16149 70 193 253
16150 68 249 252
16151 66 255 252
16152 64 128 251
16153 62 32 251
16154 61 201 250
16155 58 1 249
16156 102 24 262
16157 101 150 261
16158 99 166 261
16159 97 170 260
16160 95 171 260
16161 93 182 259
16162 90 88 259
16163 89 172 258
16164 87 43 258
16165 85 75 257
16166 83 170 256
16167 81 171 256
16168 79 107 255
16169 77 91 255
16170 75 87 255
16171 72 24 254
16172 71 75 253
16173 69 83 253
16174 67 85 252
16175 65 214 252
16176 63 91 251
16177 60 196 251
16178 104 86 263
16179 103 123 262
16180 100 166 262
16181 98 85 261
16182 96 214 261
16183 94 182 260
16184 92 174 260
16185 91 131 259
16186 88 150 258
16187 86 166 258
16188 84 170 258
16189 82 171 257
16190 80 107 257
16191 78 174 256
16192 76 172 255
16193 74 43 255
16194 73 228 254
16195 70 83 254
16196 68 171 253
16197 66 107 253
16198 64 91 252
16199 105 200 264
16200 102 51 263
16201 101 199 262
16202 99 114 262
16203 97 157 261
16204 95 232 261
16205 93 29 260
16206 90 118 260
16207 89 50 259
16208 87 141 259
16209 85 228 258
16210 83 157 257
16211 81 232 257
16212 79 58 256
16213 77 143 256
16214 75 100 256
16215 72 214 255
16216 71 228 254
16217 69 57 254
16218 67 207 253
16219 106 100 264
16220 104 25 264
16221 103 38 263
16222 100 114 263
16223 98 207 262
16224 96 116 262
16225 94 29 261
16226 92 200 261
16227 91 65 260
16228 88 199 259
16229 86 114 259
16230 84 157 259
16231 82 232 258
16232 80 58 258
16233 78 200 257
16234 76 50 256
16235 74 141 256
16236 73 42 255
16237 70 57 255
16238 107 119 265
16239 105 94 265
16240 102 116 264
16241 101 19 263
16242 99 69 263
16243 97 210 262
16244 95 181 262
16245 93 119 261
16246 90 244 261
16247 89 152 260
16248 87 38 260
16249 85 138 259
16250 83 210 258
16251 81 181 258
16252 79 238 257
16253 77 188 257
16254 75 47 257
16255 72 14 256
16256 108 188 266
16257 106 47 265
16258 104 76 265
16259 103 15 264
16260 100 69 264
16261 98 105 263
16262 96 219 263
16263 94 119 262
16264 92 94 262
16265 91 185 261
16266 88 19 260
16267 86 69 260
16268 84 210 260
16269 82 181 259
16270 80 238 259
16271 78 94 258
16272 76 152 257
16273 109 234 266
16274 107 187 266
16275 105 111 266
16276 102 233 265
16277 101 140 264
16278 99 35 264
16279 97 73 263
16280 95 211 263
16281 93 187 262
16282 90 63 262
16283 89 92 261
16284 87 23 261
16285 85 70 260
16286 83 73 259
16287 81 211 259
16288 79 117 258
16289 110 234 268
16290 108 222 267
16291 106 184 266
16292 104 46 266
16293 103 11 265
16294 100 35 265
16295 98 165 264
16296 96 234 264
16297 94 187 263
16298 92 111 263
16299 91 80 262
16300 88 140 261
16301 86 35 261
16302 84 73 261
16303 82 211 260
16304 111 39 268
16305 109 74 267
16306 107 147 267
16307 105 101 267
16308 102 108 266
16309 101 220 265
16310 99 55 265
16311 97 78 264
16312 95 148 264
16313 93 147 263
16314 90 128 263
16315 89 218 262
16316 87 183 262
16317 85 110 261
16318 112 39 269
16319 110 74 269
16320 108 202 268
16321 106 179 267
16322 104 109 267
16323 103 29 266
16324 100 55 266
16325 98 39 265
16326 96 74 265
16327 94 147 264
16328 92 101 264
16329 91 146 263
16330 88 220 262
16331 113 135 269
16332 111 98 269
16333 109 153 268
16334 107 231 268
16335 105 122 268
16336 102 97 267
16337 101 52 266
16338 99 13 266
16339 97 196 265
16340 95 49 265
16341 93 231 264
16342 90 103 264
16343 114 135 271
16344 112 98 270
16345 110 153 270
16346 108 244 269
16347 106 61 268
16348 104 208 268
16349 103 43 267
16350 100 13 267
16351 98 98 266
16352 96 153 266
16353 94 231 265
16354 115 45 271
16355 113 102 270
16356 111 154 270
16357 109 167 269
16358 107 106 269
16359 105 155 269
16360 102 123 268
16361 101 45 267
16362 99 204 267
16363 97 51 266
16364 116 151 272
16365 114 102 272
16366 112 154 271
16367 110 167 271
16368 108 53 270
16369 106 206 269
16370 104 180 269
16371 103 95 268
16372 100 204 268
16373 117 136 273
16374 115 34 272
16375 113 197 271
16376 111 242 271
16377 109 189 270
16378 107 240 270
16379 105 60 270
16380 102 152 269
16381 118 68 273
16382 116 17 273
16383 114 197 273
16384 112 242 272
16385 110 189 272
16386 108 120 271
16387 106 30 270
16388 119 194 274
16389 117 177 274
16390 115 237 273
16391 113 126 272
16392 111 160 272
16393 109 40 271
16394 121 77 275
16395 118 217 274
16396 116 247 274
16397 114 126 274
16398 112 160 273
16399 120 190 276
16400 119 158 275
16401 117 168 275
16402 115 42 274
16403 122 118 277
16404 121 68 276
16405 118 84 275
16406 123 191 277
16407 120 27 277
16408 124 191 278
16409 125 20 279
16410 122 10 278
16411 119 173 276
16412 116 215 275
16413 113 250 273
16414 110 250 273
16415 107 213 271
16416 104 235 270
16417 101 82 268
16418 98 41 267
16419 95 185 266
16420 92 221 265
16421 89 251 263
16422 86 254 262
16423 83 128 260
16424 80 128 260
16425 77 107 258
16426 74 182 257
16427 71 116 255
16428 68 58 254
16429 65 105 253
16430 62 181 252
16431 59 73 250
16432 56 165 249
16433 53 156 247
16434 50 156 247
16435 47 26 245
16436 44 13 244
16437 41 45 242
16438 38 151 241
16439 35 136 240
16440 32 68 239
16441 29 97 237
16442 26 177 236
16443 23 158 234
16444 20 158 234
16445 17 112 232
16446 15 56 232
16447 12 85 232
16448 126 10 280
16449 123 173 278
16450 121 195 277
16451 117 243 276
16452 114 250 275
16453 111 213 273
16454 108 235 272
16455 105 164 271
16456 103 208 269
16457 99 185 268
16458 96 221 267
16459 93 251 265
16460 91 49 264
16461 87 256 263
16462 84 128 262
16463 81 107 260
16464 78 182 259
16465 75 232 258
16466 73 169 256
16467 69 105 255
16468 66 181 254
16469 63 73 252
16470 61 204 251
16471 57 55 250
16472 54 156 249
16473 51 26 247
16474 48 13 246
16475 45 90 245
16476 43 107 243
16477 39 136 242
16478 36 68 241
16479 33 97 239
16480 31 240 238
16481 27 59 237
16482 24 158 236
16483 21 112 234
16484 18 56 233
16485 127 89 280
16486 124 173 279
16487 120 77 278
16488 118 250 276
16489 115 169 275
16490 112 213 274
16491 109 164 272
16492 106 82 271
16493 102 147 270
16494 100 185 269
16495 97 245 267
16496 94 251 266
16497 90 131 265
16498 88 128 263
16499 85 214 262
16500 82 107 261
16501 79 232 259
16502 76 116 258
16503 72 80 257
16504 70 105 256
16505 67 146 254
16506 64 73 253
16507 60 100 252
16508 58 156 250
16509 55 52 249
16510 52 26 248
16511 49 90 246
16512 46 45 245
16513 42 195 244
16514 40 136 243
16515 37 194 241
16516 34 97 240
16517 30 125 239
16518 28 158 237
16519 25 224 236
16520 128 173 281
16521 125 229 280
16522 122 243 279
16523 119 169 277
16524 116 213 276
16525 113 164 274
16526 110 164 274
16527 107 113 272
16528 104 185 271
16529 101 245 269
16530 98 251 268
16531 95 255 267
16532 92 256 266
16533 89 214 264
16534 86 107 263
16535 83 232 261
16536 80 232 261
16537 77 210 259
16538 74 105 258
16539 71 146 256
16540 68 73 255
16541 65 110 254
16542 62 55 253
16543 59 52 251
16544 56 26 250
16545 53 90 248
16546 50 90 248
16547 47 15 246
16548 44 136 245
16549 41 194 243
16550 38 97 242
16551 35 118 241
16552 32 59 240
16553 129 229 282
16554 126 243 281
16555 123 169 279
16556 121 207 278
16557 117 71 277
16558 114 164 276
16559 111 113 274
16560 108 185 273
16561 105 233 272
16562 103 92 270
16563 99 255 269
16564 96 256 268
16565 93 214 266
16566 91 208 265
16567 87 207 264
16568 84 232 263
16569 81 210 261
16570 78 105 260
16571 75 35 259
16572 73 224 257
16573 69 110 256
16574 66 55 255
16575 63 52 253
16576 61 127 252
16577 57 180 251
16578 54 90 250
16579 51 15 248
16580 48 136 247
16581 45 131 246
16582 43 63 244
16583 39 118 243
16584 130 229 283
16585 127 81 281
16586 124 169 280
16587 120 204 279
16588 118 164 277
16589 115 226 276
16590 112 113 275
16591 109 233 273
16592 106 245 272
16593 102 145 271
16594 100 255 270
16595 97 171 268
16596 94 214 267
16597 90 175 266
16598 88 232 264
16599 85 163 263
16600 82 210 262
16601 79 35 260
16602 76 146 259
16603 72 144 258
16604 70 110 257
16605 67 104 255
16606 64 52 254
16607 60 72 253
16608 58 90 251
16609 55 30 250
16610 52 15 249
16611 49 131 247
16612 46 194 246
16613 131 81 283
16614 128 169 282
16615 125 142 281
16616 122 71 280
16617 119 226 278
16618 116 113 277
16619 113 233 275
16620 110 233 275
16621 107 253 273
16622 104 255 272
16623 101 171 270
16624 98 214 269
16625 95 157 268
16626 92 207 267
16627 89 163 265
16628 86 210 264
16629 83 35 262
16630 80 35 262
16631 77 220 260
16632 74 110 259
16633 71 104 257
16634 68 52 256
16635 65 103 255
16636 62 180 254
16637 59 30 252
16638 56 15 251
16639 53 131 249
16640 133 69 284
16641 129 142 283
16642 126 71 282
16643 123 226 280
16644 121 169 279
16645 117 209 278
16646 114 233 277
16647 111 253 275
16648 108 255 274
16649 105 85 273
16650 103 116 271
16651 99 157 270
16652 96 207 269
16653 93 163 267
16654 91 72 266
16655 87 70 265
16656 84 35 264
16657 81 220 262
16658 78 110 261
16659 75 208 260
16660 73 49 258
16661 69 103 257
16662 66 180 256
16663 63 30 254
16664 61 252 253
16665 132 135 285
16666 130 142 284
16667 127 195 282
16668 124 226 281
16669 120 87 280
16670 118 233 278
16671 115 249 277
16672 112 253 276
16673 109 85 274
16674 106 171 273
16675 102 174 272
16676 100 157 271
16677 97 69 269
16678 94 163 268
16679 90 20 267
16680 88 35 265
16681 85 183 264
16682 82 220 263
16683 79 208 261
16684 76 104 260
16685 72 180 259
16686 70 103 258
16687 67 60 256
16688 134 142 286
16689 131 195 284
16690 128 226 283
16691 125 161 282
16692 122 209 281
16693 119 249 279
16694 116 253 278
16695 113 85 276
16696 110 85 276
16697 107 57 274
16698 104 157 273
16699 101 69 271
16700 98 163 270
16701 95 140 269
16702 92 70 268
16703 89 183 266
16704 86 220 265
16705 83 208 263
16706 80 208 263
16707 77 206 261
16708 74 103 260
16709 135 133 287
16710 133 50 285
16711 129 161 284
16712 126 209 283
16713 123 249 281
16714 121 36 280
16715 117 170 279
16716 114 85 278
16717 111 57 276
16718 108 157 275
16719 105 138 274
16720 103 50 272
16721 99 140 271
16722 96 70 270
16723 93 183 268
16724 91 172 267
16725 87 159 266
16726 84 208 265
16727 81 206 263
16728 136 195 287
16729 132 66 286
16730 130 161 285
16731 127 241 283
16732 124 249 282
16733 120 152 281
16734 118 85 279
16735 115 114 278
16736 112 57 277
16737 109 138 275
16738 106 69 274
16739 102 218 273
16740 100 140 272
16741 97 109 270
16742 94 183 269
16743 90 173 268
16744 88 208 266
16745 137 65 288
16746 134 161 287
16747 131 241 285
16748 128 249 284
16749 125 83 283
16750 122 170 282
16751 119 114 280
16752 116 57 279
16753 113 138 277
16754 110 138 277
16755 107 23 275
16756 104 140 274
16757 101 109 272
16758 98 183 271
16759 95 61 270
16760 138 161 289
16761 135 225 288
16762 133 64 286
16763 129 83 285
16764 126 170 284
16765 123 114 282
16766 121 10 281
16767 117 19 280
16768 114 138 279
16769 111 23 277
16770 108 140 276
16771 105 218 275
16772 103 13 273
16773 139 225 289
16774 136 241 288
16775 132 85 287
16776 130 83 286
16777 127 228 284
16778 124 114 283
16779 120 246 282
16780 118 138 280
16781 115 46 279
16782 112 23 278
16783 109 218 276
16784 140 225 291
16785 137 166 289
16786 134 83 288
16787 131 228 286
16788 128 114 285
16789 125 38 284
16790 122 19 283
16791 119 46 281
16792 116 23 280
16793 141 166 291
16794 138 83 290
16795 135 199 289
16796 133 134 287
16797 129 38 286
16798 126 19 285
16799 123 46 283
16800 142 166 292
16801 139 199 290
16802 136 228 289
16803 132 177 288
16804 130 38 287
16805 143 199 292
16806 140 199 292
16807 137 76 290
16808 144 199 294
16809 13 248 232
16810 14 27 232
16811 16 160 232
16812 0 174 233
16813 1 69 233
16814 0 144 234
16815 0 144 235
16816 0 144 236
16817 0 144 237
16818 0 144 238
16819 0 144 239
16820 0 144 240
16821 0 144 241
16822 0 144 242
16823 0 144 243
16824 0 144 244
16825 0 144 245
16826 0 144 246
16827 0 144 247
16828 0 144 248
16829 0 144 249
16830 0 144 250
16831 0 144 251
16832 0 144 252
16833 0 144 253
16834 0 144 254
16835 0 144 255
16836 0 144 256
16837 0 144 257
16838 0 144 258
16839 2 158 233
16840 3 213 233
16841 4 4 233
16842 5 121 233
16843 6 47 233
16844 7 106 233
16845 8 181 233
16846 1 6 234
16847 1 6 235
16848 1 6 236
16849 1 6 237
16850 1 6 238
16851 1 6 239
16852 1 6 240
16853 1 6 241
16854 1 6 242
16855 1 6 243
16856 1 6 244
16857 1 6 245
16858 1 6 246
16859 1 6 247
16860 1 6 248
16861 1 6 249
16862 1 6 250
16863 1 6 251
16864 1 6 252
16865 1 6 253
16866 1 6 254
16867 1 6 255
16868 9 181 233
16869 10 73 233
16870 11 18 233
16871 12 54 233
16872 13 240 233
16873 14 233 233
16874 15 109 233
16875 16 238 233
16876 19 58 233
16877 2 193 234
16878 2 193 235
16879 2 193 236
16880 2 193 237
16881 2 193 238
16882 2 193 239
16883 2 193 240
16884 2 193 241
16885 2 193 242
16886 2 193 243
16887 2 193 244
16888 2 193 245
16889 2 193 246
16890 2 193 247
16891 2 193 248
16892 2 193 249
16893 2 193 250
16894 2 193 251
16895 2 193 252
16896 17 168 233
16897 3 52 234
16898 4 233 234
16899 5 67 234
16900 6 160 234
16901 7 61 234
16902 8 71 234
16903 9 226 234
16904 10 255 234
16905 11 78 234
16906 3 83 235
16907 20 114 235
16908 22 11 235
16909 3 83 236
16910 3 83 237
16911 3 83 238
16912 3 83 239
16913 3 83 240
16914 3 83 241
16915 3 83 242
16916 3 83 243
16917 3 83 244
16918 3 83 245
16919 3 83 246
16920 3 83 247
16921 3 83 248
16922 3 83 249
16923 12 174 234
16924 13 182 234
16925 14 172 234
16926 15 26 234
16927 16 6 234
16928 17 27 234
16929 18 134 234
16930 19 19 234
16931 4 238 235
16932 5 156 235
16933 6 59 235
16934 7 144 235
16935 21 188 235
16936 23 203 235
16937 4 57 236
16938 4 57 237
16939 26 101 237
16940 4 57 238
16941 4 57 239
16942 4 57 240
16943 4 57 241
16944 4 57 242
16945 4 57 243
16946 4 57 244
16947 4 57 245
16948 4 57 246
16949 8 45 235
16950 9 124 235
16951 10 8 235
16952 11 224 235
16953 12 36 235
16954 13 34 235
16955 14 242 235
16956 15 68 235
16957 16 28 235
16958 17 171 235
16959 18 47 235
16960 19 158 235
16961 5 183 236
16962 6 116 236
16963 22 47 236
16964 5 163 237
16965 24 142 237
16966 5 163 238
16967 27 244 238
16968 29 1 238
16969 5 163 239
16970 5 163 240
16971 5 163 241
16972 5 163 242
16973 5 163 243
16974 7 217 236
16975 8 19 236
16976 9 227 236
16977 10 213 236
16978 11 145 236
16979 12 53 236
16980 13 130 236
16981 14 142 236
16982 15 163 236
16983 16 12 236
16984 17 175 236
16985 18 198 236
16986 19 147 236
16987 20 79 236
16988 21 24 236
16989 23 73 236
16990 6 146 237
16991 25 31 237
16992 6 146 238
16993 28 98 238
16994 6 146 239
16995 31 53 239
16996 6 146 240
16997 33 126 240
16998 7 154 237
16999 8 227 237
17000 9 17 237
17001 10 93 237
17002 11 148 237
17003 12 181 237
17004 13 15 237
17005 14 224 237
17006 15 40 237
17007 16 111 237
17008 17 141 237
17009 18 135 237
17010 19 172 237
17011 20 227 237
17012 21 101 237
17013 22 112 237
17014 23 230 237
17015 7 156 238
17016 24 46 238
17017 26 36 238
17018 7 156 239
17019 29 51 239
17020 7 156 240
17021 8 176 238
17022 9 136 238
17023 10 88 238
17024 11 193 238
17025 12 123 238
17026 13 157 238
17027 14 163 238
17028 15 128 238
17029 16 176 238
17030 17 239 238
17031 18 234 238
17032 19 81 238
17033 20 14 238
17034 21 115 238
17035 22 89 238
17036 23 81 238
17037 25 194 238
17038 8 125 239
17039 9 30 239
17040 10 128 239
17041 11 67 239
17042 27 3 239
17043 12 14 239
17044 13 142 239
17045 14 2 239
17046 15 135 239
17047 16 145 239
17048 17 239 239
17049 18 131 239
17050 19 45 239
17051 20 106 239
17052 21 9 239
17053 22 115 239
17054 23 156 239
17055 24 194 239
17056 25 181 239
17057 26 78 239
17058 28 196 239
17059 8 220 240
17060 9 56 240
17061 10 251 240
17062 11 114 240
17063 12 51 240
17064 13 200 240
17065 14 154 240
17066 15 136 240
17067 16 89 240
17068 17 28 240
17069 18 54 240
17070 19 143 240
17071 20 93 240
17072 21 57 240
17073 22 99 240
17074 23 204 240
17075 24 1 240
17076 25 70 240
17077 26 49 240
17078 27 234 240
17079 28 35 240
17080 29 55 240
17081 30 62 240
17082 31 107 240
17083 6 80 241
17084 7 55 241
17085 8 6 241
17086 9 35 241
17087 10 227 241
17088 11 227 241
17089 12 134 241
17090 13 120 241
17091 14 226 241
17092 15 112 241
17093 16 249 241
17094 17 84 241
17095 19 147 241
17096 18 84 241
17097 20 66 241
17098 21 161 241
17099 22 80 241
17100 23 25 241
17101 24 165 241
17102 25 142 241
17103 26 90 241
17104 27 7 241
17105 28 6 241
17106 29 226 241
17107 30 90 241
17108 31 83 241
17109 32 134 241
17110 33 202 241
17111 34 134 241
17112 6 189 242
17113 7 226 242
17114 8 145 242
17115 9 221 242
17116 10 155 242
17117 11 106 242
17118 12 227 242
17119 13 80 242
17120 14 34 242
17121 15 10 242
17122 16 66 242
17123 17 154 242
17124 18 39 242
17125 19 205 242
17126 20 133 242
17127 21 207 242
17128 22 248 242
17129 23 168 242
17130 24 32 242
17131 25 219 242
17132 26 124 242
17133 27 68 242
17134 28 239 242
17135 29 176 242
17136 30 49 242
17137 31 193 242
17138 32 115 242
17139 33 156 242
17140 34 97 242
17141 35 76 242
17142 36 218 242
17143 37 253 242
17144 6 134 243
17145 7 138 243
17146 8 162 243
17147 9 25 243
17148 10 92 243
17149 11 126 243
17150 12 235 243
17151 13 180 243
17152 14 197 243
17153 15 225 243
17154 16 180 243
17155 17 53 243
17156 18 237 243
17157 19 33 243
17158 20 154 243
17159 21 155 243
17160 22 244 243
17161 23 171 243
17162 24 233 243
17163 25 194 243
17164 26 169 243
17165 27 226 243
17166 28 1 243
17167 29 196 243
17168 30 93 243
17169 31 110 243
17170 32 72 243
17171 33 39 243
17172 34 110 243
17173 35 107 243
17174 36 185 243
17175 37 3 243
17176 38 159 243
17177 5 54 244
17178 6 139 244
17179 7 55 244
17180 8 247 244
17181 9 152 244
17182 10 202 244
17183 11 201 244
17184 12 68 244
17185 13 68 244
17186 14 24 244
17187 15 241 244
17188 16 41 244
17189 17 176 244
17190 18 35 244
17191 19 152 244
17192 20 11 244
17193 21 48 244
17194 22 211 244
17195 23 210 244
17196 24 230 244
17197 25 231 244
17198 26 63 244
17199 27 199 244
17200 28 2 244
17201 29 188 244
17202 30 180 244
17203 31 142 244
17204 32 108 244
17205 33 92 244
17206 34 37 244
17207 35 60 244
17208 36 221 244
17209 37 140 244
17210 38 134 244
17211 39 122 244
17212 40 73 244
17213 41 255 244
17214 5 3 245
17215 6 198 245
17216 7 3 245
17217 8 193 245
17218 9 39 245
17219 10 72 245
17220 11 90 245
17221 12 170 245
17222 13 243 245
17223 14 183 245
17224 15 22 245
17225 16 74 245
17226 17 189 245
17227 18 52 245
17228 19 200 245
17229 20 123 245
17230 21 10 245
17231 22 226 245
17232 23 25 245
17233 24 127 245
17234 25 86 245
17235 26 99 245
17236 27 135 245
17237 28 182 245
17238 29 4 245
17239 30 189 245
17240 31 230 245
17241 32 199 245
17242 33 58 245
17243 34 135 245
17244 35 223 245
17245 36 124 245
17246 37 105 245
17247 38 155 245
17248 39 12 245
17249 40 12 245
17250 41 231 245
17251 42 21 245
17252 43 71 245
17253 5 124 246
17254 6 246 246
17255 7 228 246
17256 8 92 246
17257 9 200 246
17258 10 219 246
17259 11 186 246
17260 12 42 246
17261 13 195 246
17262 14 223 246
17263 15 74 246
17264 16 216 246
17265 17 27 246
17266 18 123 246
17267 19 159 246
17268 20 56 246
17269 21 2 246
17270 22 88 246
17271 23 137 246
17272 24 207 246
17273 25 82 246
17274 26 243 246
17275 27 200 246
17276 28 46 246
17277 29 202 246
17278 30 33 246
17279 31 30 246
17280 32 184 246
17281 33 221 246
17282 34 137 246
17283 35 87 246
17284 36 216 246
17285 37 7 246
17286 38 250 246
17287 39 140 246
17288 40 119 246
17289 41 63 246
17290 42 58 246
17291 43 9 246
17292 44 102 246
17293 4 121 247
17294 5 111 247
17295 6 30 247
17296 7 168 247
17297 8 176 247
17298 9 196 247
17299 10 9 247
17300 11 19 247
17301 12 214 247
17302 13 25 247
17303 14 38 247
17304 15 152 247
17305 16 9 247
17306 17 252 247
17307 18 162 247
17308 19 240 247
17309 20 97 247
17310 21 74 247
17311 22 202 247
17312 23 21 247
17313 24 242 247
17314 25 92 247
17315 26 233 247
17316 27 213 247
17317 28 200 247
17318 29 141 247
17319 30 225 247
17320 31 122 247
17321 32 242 247
17322 33 47 247
17323 34 137 247
17324 35 146 247
17325 36 97 247
17326 37 221 247
17327 38 6 247
17328 39 25 247
17329 40 185 247
17330 41 106 247
17331 42 192 247
17332 43 75 247
17333 44 53 247
17334 45 67 247
17335 46 2 247
17336 47 134 247
17337 4 216 248
17338 5 10 248
17339 7 220 248
17340 6 25 248
17341 8 216 248
17342 9 71 248
17343 10 121 248
17344 11 80 248
17345 12 144 248
17346 13 31 248
17347 14 177 248
17348 15 255 248
17349 16 196 248
17350 17 252 248
17351 18 170 248
17352 19 31 248
17353 20 35 248
17354 21 256 248
17355 22 107 248
17356 23 224 248
17357 24 129 248
17358 25 99 248
17359 26 165 248
17360 27 96 248
17361 28 239 248
17362 29 156 248
17363 30 135 248
17364 31 231 248
17365 32 247 248
17366 33 144 248
17367 34 169 248
17368 35 101 248
17369 36 113 248
17370 37 24 248
17371 38 21 248
17372 39 186 248
17373 40 187 248
17374 41 5 248
17375 42 189 248
17376 43 54 248
17377 44 58 248
17378 45 177 248
17379 46 93 248
17380 47 128 248
17381 48 201 248
17382 49 172 248
17383 4 72 249
17384 5 160 249
17385 6 100 249
17386 7 225 249
17387 8 213 249
17388 9 112 249
17389 10 249 249
17390 11 34 249
17391 12 71 249
17392 13 192 249
17393 14 88 249
17394 15 233 249
17395 16 196 249
17396 17 140 249
17397 18 96 249
17398 19 33 249
17399 20 45 249
17400 21 50 249
17401 22 211 249
17402 23 218 249
17403 24 53 249
17404 25 64 249
17405 26 115 249
17406 27 196 249
17407 28 227 249
17408 29 154 249
17409 30 20 249
17410 31 118 249
17411 32 3 249
17412 33 49 249
17413 34 52 249
17414 35 148 249
17415 36 187 249
17416 37 24 249
17417 38 177 249
17418 39 83 249
17419 40 223 249
17420 41 173 249
17421 42 109 249
17422 43 175 249
17423 44 148 249
17424 45 87 249
17425 46 21 249
17426 47 235 249
17427 48 215 249
17428 49 17 249
17429 50 128 249
17430 51 174 249
17431 3 140 250
17432 4 66 250
17433 5 195 250
17434 6 24 250
17435 7 161 250
17436 8 145 250
17437 9 190 250
17438 10 58 250
17439 11 33 250
17440 12 78 250
17441 13 193 250
17442 14 234 250
17443 15 107 250
17444 16 124 250
17445 17 256 250
17446 18 21 250
17447 19 225 250
17448 20 56 250
17449 21 181 250
17450 22 108 250
17451 23 133 250
17452 24 78 250
17453 25 34 250
17454 26 193 250
17455 27 240 250
17456 28 189 250
17457 29 136 250
17458 30 123 250
17459 31 234 250
17460 32 190 250
17461 33 7 250
17462 34 90 250
17463 35 94 250
17464 36 235 250
17465 37 188 250
17466 38 27 250
17467 39 134 250
17468 40 244 250
17469 41 217 250
17470 42 54 250
17471 43 165 250
17472 44 4 250
17473 45 74 250
17474 46 59 250
17475 47 69 250
17476 48 187 250
17477 49 180 250
17478 50 9 250
17479 51 174 250
17480 52 21 250
17481 53 124 250
17482 3 60 251
17483 4 99 251
17484 5 28 251
17485 6 3 251
17486 7 201 251
17487 8 28 251
17488 9 74 251
17489 10 72 251
17490 11 19 251
17491 12 223 251
17492 13 72 251
17493 14 126 251
17494 15 30 251
17495 16 168 251
17496 17 25 251
17497 18 108 251
17498 19 125 251
17499 20 12 251
17500 21 155 251
17501 22 118 251
17502 23 167 251
17503 24 218 251
17504 25 31 251
17505 26 78 251
17506 27 103 251
17507 28 31 251
17508 29 71 251
17509 30 206 251
17510 31 15 251
17511 32 102 251
17512 33 49 251
17513 34 11 251
17514 35 113 251
17515 36 72 251
17516 37 242 251
17517 38 148 251
17518 39 115 251
17519 40 34 251
17520 41 200 251
17521 42 143 251
17522 43 36 251
17523 44 150 251
17524 45 76 251
17525 46 59 251
17526 47 223 251
17527 48 200 251
17528 49 83 251
17529 50 67 251
17530 51 43 251
17531 52 114 251
17532 53 75 251
17533 54 136 251
17534 55 203 251
17535 3 51 252
17536 4 165 252
17537 5 177 252
17538 6 111 252
17539 7 137 252
17540 8 139 252
17541 9 180 252
17542 10 138 252
17543 11 232 252
17544 12 96 252
17545 13 167 252
17546 14 26 252
17547 15 46 252
17548 16 198 252
17549 17 146 252
17550 18 47 252
17551 19 158 252
17552 20 26 252
17553 21 195 252
17554 22 20 252
17555 23 142 252
17556 24 254 252
17557 25 20 252
17558 26 55 252
17559 27 109 252
17560 28 178 252
17561 29 252 252
17562 30 29 252
17563 31 56 252
17564 32 13 252
17565 33 46 252
17566 34 254 252
17567 35 53 252
17568 36 96 252
17569 37 198 252
17570 38 38 252
17571 39 219 252
17572 40 39 252
17573 41 67 252
17574 42 79 252
17575 43 94 252
17576 44 157 252
17577 45 152 252
17578 46 123 252
17579 47 47 252
17580 48 187 252
17581 49 206 252
17582 50 244 252
17583 51 112 252
17584 52 72 252
17585 53 115 252
17586 54 20 252
17587 55 160 252
17588 56 29 252
17589 57 22 252
17590 58 77 252
17591 2 236 253
17592 3 185 253
17593 4 154 253
17594 5 109 253
17595 6 208 253
17596 7 102 253
17597 8 28 253
17598 9 55 253
17599 10 79 253
17600 11 9 253
17601 12 66 253
17602 13 135 253
17603 14 58 253
17604 15 37 253
17605 16 122 253
17606 17 88 253
17607 18 199 253
17608 19 111 253
17609 20 229 253
17610 21 236 253
17611 22 19 253
17612 23 51 253
17613 24 23 253
17614 25 70 253
17615 26 203 253
17616 27 124 253
17617 28 186 253
17618 29 219 253
17619 30 138 253
17620 31 211 253
17621 32 57 253
17622 33 30 253
17623 34 205 253
17624 35 70 253
17625 36 139 253
17626 37 222 253
17627 38 216 253
17628 39 44 253
17629 40 187 253
17630 41 127 253
17631 42 217 253
17632 43 37 253
17633 44 189 253
17634 45 176 253
17635 46 125 253
17636 47 202 253
17637 48 55 253
17638 49 16 253
17639 50 207 253
17640 51 43 253
17641 52 199 253
17642 53 238 253
17643 54 225 253
17644 55 242 253
17645 56 21 253
17646 57 65 253
17647 58 225 253
17648 59 139 253
17649 2 95 254
17650 3 115 254
17651 4 114 254
17652 5 129 254
17653 6 57 254
17654 7 12 254
17655 8 178 254
17656 9 120 254
17657 10 189 254
17658 11 176 254
17659 12 2 254
17660 13 228 254
17661 14 97 254
17662 15 85 254
17663 16 32 254
17664 17 30 254
17665 18 150 254
17666 19 78 254
17667 20 66 254
17668 21 179 254
17669 22 126 254
17670 23 185 254
17671 24 111 254
17672 25 171 254
17673 26 97 254
17674 27 208 254
17675 28 212 254
17676 29 124 254
17677 30 99 254
17678 31 90 254
17679 32 229 254
17680 33 31 254
17681 34 116 254
17682 35 174 254
17683 36 234 254
17684 37 59 254
17685 38 157 254
17686 39 172 254
17687 40 61 254
17688 41 77 254
17689 42 210 254
17690 43 233 254
17691 44 87 254
17692 45 57 254
17693 46 169 254
17694 47 107 254
17695 48 71 254
17696 49 123 254
17697 50 47 254
17698 51 153 254
17699 52 9 254
17700 53 89 254
17701 54 66 254
17702 55 221 254
17703 56 193 254
17704 57 96 254
17705 58 230 254
17706 59 82 254
17707 60 207 254
17708 61 227 254
17709 2 130 255
17710 3 2 255
17711 4 102 255
17712 5 186 255
17713 6 226 255
17714 7 6 255
17715 8 199 255
17716 9 143 255
17717 10 123 255
17718 11 106 255
17719 12 3 255
17720 13 153 255
17721 14 223 255
17722 15 125 255
17723 16 125 255
17724 17 241 255
17725 18 184 255
17726 19 136 255
17727 20 53 255
17728 21 55 255
17729 22 190 255
17730 23 90 255
17731 24 248 255
17732 25 49 255
17733 26 30 255
17734 27 210 255
17735 28 250 255
17736 29 201 255
17737 30 94 255
17738 31 245 255
17739 32 141 255
17740 33 183 255
17741 34 180 255
17742 35 68 255
17743 36 177 255
17744 37 132 255
17745 38 26 255
17746 39 103 255
17747 40 68 255
17748 41 120 255
17749 42 225 255
17750 43 84 255
17751 44 43 255
17752 45 231 255
17753 46 29 255
17754 47 116 255
17755 48 167 255
17756 49 162 255
17757 50 154 255
17758 51 111 255
17759 52 87 255
17760 53 86 255
17761 54 211 255
17762 55 5 255
17763 56 152 255
17764 57 112 255
17765 58 132 255
17766 59 117 255
17767 60 180 255
17768 61 58 255
17769 62 38 255
17770 63 28 255
17771 64 64 255
17772 1 174 256
17773 2 205 256
17774 3 12 256
17775 4 243 256
17776 5 223 256
17777 6 138 256
17778 7 207 256
17779 9 60 256
17780 8 39 256
17781 10 17 256
17782 11 110 256
17783 12 208 256
17784 13 97 256
17785 14 14 256
17786 15 44 256
17787 16 97 256
17788 17 73 256
17789 18 31 256
17790 19 60 256
17791 20 32 256
17792 21 256 256
17793 22 37 256
17794 23 58 256
17795 24 33 256
17796 25 40 256
17797 26 35 256
17798 27 42 256
17799 28 33 256
17800 29 91 256
17801 30 47 256
17802 31 175 256
17803 32 55 256
17804 33 44 256
17805 34 235 256
17806 35 32 256
17807 36 87 256
17808 37 190 256
17809 38 4 256
17810 39 3 256
17811 40 229 256
17812 41 211 256
17813 42 105 256
17814 43 156 256
17815 44 100 256
17816 45 14 256
17817 46 31 256
17818 47 44 256
17819 48 231 256
17820 49 169 256
17821 50 217 256
17822 51 228 256
17823 52 247 256
17824 53 236 256
17825 54 147 256
17826 55 239 256
17827 56 188 256
17828 57 229 256
17829 58 45 256
17830 59 1 256
17831 60 112 256
17832 61 28 256
17833 62 42 256
17834 63 209 256
17835 64 201 256
17836 65 53 256
17837 1 18 257
17838 2 126 257
17839 3 17 257
17840 4 218 257
17841 5 169 257
17842 6 140 257
17843 7 201 257
17844 8 125 257
17845 9 21 257
17846 10 69 257
17847 11 243 257
17848 12 255 257
17849 13 226 257
17850 14 177 257
17851 15 253 257
17852 16 168 257
17853 17 230 257
17854 18 207 257
17855 19 248 257
17856 20 60 257
17857 21 123 257
17858 22 222 257
17859 23 96 257
17860 24 159 257
17861 25 33 257
17862 26 88 257
17863 27 113 257
17864 28 38 257
17865 29 32 257
17866 30 128 257
17867 31 175 257
17868 32 131 257
17869 33 134 257
17870 34 233 257
17871 35 110 257
17872 36 241 257
17873 37 190 257
17874 38 173 257
17875 39 177 257
17876 40 172 257
17877 41 133 257
17878 42 38 257
17879 44 229 257
17880 43 154 257
17881 45 49 257
17882 46 211 257
17883 47 59 257
17884 48 129 257
17885 49 35 257
17886 50 176 257
17887 51 238 257
17888 52 12 257
17889 53 14 257
17890 54 136 257
17891 55 103 257
17892 56 193 257
17893 57 120 257
17894 58 197 257
17895 59 81 257
17896 60 204 257
17897 61 256 257
17898 62 211 257
17899 63 252 257
17900 64 131 257
17901 65 157 257
17902 66 223 257
17903 67 230 257
17904 68 3 257
17905 1 140 258
17906 2 145 258
17907 3 99 258
17908 4 93 258
17909 5 147 258
17910 6 112 258
17911 7 108 258
17912 8 45 258
17913 9 127 258
17914 10 173 258
17915 11 168 258
17916 12 110 258
17917 13 33 258
17918 14 124 258
17919 15 192 258
17920 16 234 258
17921 17 170 258
17922 18 28 258
17923 19 45 258
17924 20 149 258
17925 21 216 258
17926 22 246 258
17927 23 36 258
17928 24 165 258
17929 25 128 258
17930 26 29 258
17931 27 17 258
17932 28 215 258
17933 29 219 258
17934 30 193 258
17935 31 240 258
17936 32 23 258
17937 33 55 258
17938 34 223 258
17939 35 158 258
17940 36 109 258
17941 37 67 258
17942 38 150 258
17943 39 149 258
17944 40 115 258
17945 41 243 258
17946 42 91 258
17947 43 144 258
17948 44 47 258
17949 45 35 258
17950 46 183 258
17951 47 161 258
17952 48 150 258
17953 49 232 258
17954 50 219 258
17955 51 68 258
17956 52 208 258
17957 53 237 258
17958 54 150 258
17959 55 211 258
17960 56 2 258
17961 57 115 258
17962 58 249 258
17963 59 2 258
17964 60 22 258
17965 61 57 258
17966 62 54 258
17967 63 171 258
17968 64 25 258
17969 65 77 258
17970 66 76 258
17971 67 78 258
17972 68 161 258
17973 69 177 258
17974 71 224 258
17975 0 186 259
17976 1 20 259
17977 2 216 259
17978 3 101 259
17979 4 8 259
17980 5 105 259
17981 6 29 259
17982 7 231 259
17983 8 90 259
17984 9 7 259
17985 10 68 259
17986 11 153 259
17987 12 129 259
17988 13 25 259
17989 14 111 259
17990 15 115 259
17991 16 219 259
17992 17 222 259
17993 18 112 259
17994 19 227 259
17995 20 149 259
17996 21 17 259
17997 22 170 259
17998 23 72 259
17999 24 157 259
18000 25 185 259
18001 26 113 259
18002 27 191 259
18003 28 188 259
18004 29 46 259
18005 30 121 259
18006 31 105 259
18007 32 215 259
18008 33 153 259
18009 34 127 259
18010 35 68 259
18011 36 29 259
18012 37 67 259
18013 38 69 259
18014 39 1 259
18015 40 194 259
18016 41 229 259
18017 42 53 259
18018 43 67 259
18019 44 229 259
18020 45 162 259
18021 46 89 259
18022 47 161 259
18023 48 107 259
18024 49 79 259
18025 50 154 259
18026 51 22 259
18027 52 238 259
18028 53 225 259
18029 54 223 259
18030 55 215 259
18031 56 31 259
18032 57 11 259
18033 58 21 259
18034 59 148 259
18035 60 122 259
18036 61 128 259
18037 62 83 259
18038 63 70 259
18039 64 171 259
18040 65 216 259
18041 66 171 259
18042 67 223 259
18043 68 56 259
18044 69 156 259
18045 70 120 259
18046 71 202 259
18047 73 37 259
18048 0 147 260
18049 1 75 260
18050 2 116 260
18051 3 250 260
18052 4 147 260
18053 5 54 260
18054 6 207 260
18055 7 11 260
18056 8 30 260
18057 9 145 260
18058 10 250 260
18059 11 52 260
18060 12 63 260
18061 13 177 260
18062 14 7 260
18063 15 241 260
18064 16 90 260
18065 17 76 260
18066 18 91 260
18067 19 20 260
18068 20 2 260
18069 21 200 260
18070 22 194 260
18071 23 230 260
18072 24 91 260
18073 25 117 260
18074 26 186 260
18075 27 205 260
18076 28 209 260
18077 29 79 260
18078 30 18 260
18079 31 61 260
18080 32 17 260
18081 33 239 260
18082 34 85 260
18083 35 190 260
18084 36 228 260
18085 37 233 260
18086 38 118 260
18087 39 178 260
18088 40 179 260
18089 41 9 260
18090 42 247 260
18091 43 148 260
18092 44 225 260
18093 45 204 260
18094 46 118 260
18095 47 177 260
18096 48 215 260
18097 49 207 260
18098 50 160 260
18099 51 43 260
18100 52 220 260
18101 53 79 260
18102 54 1 260
18103 55 227 260
18104 56 165 260
18105 57 49 260
18106 58 173 260
18107 59 134 260
18108 60 135 260
18109 61 237 260
18110 62 18 260
18111 63 155 260
18112 64 162 260
18113 65 121 260
18114 66 87 260
18115 67 226 260
18116 68 58 260
18117 69 244 260
18118 70 34 260
18119 71 226 260
18120 72 227 260
18121 73 101 260
18122 0 82 261
18123 1 82 261
18124 2 137 261
18125 3 188 261
18126 4 236 261
18127 5 184 261
18128 6 91 261
18129 7 142 261
18130 8 247 261
18131 9 146 261
18132 10 100 261
18133 11 64 261
18134 12 202 261
18135 13 169 261
18136 14 221 261
18137 15 118 261
18138 16 60 261
18139 17 63 261
18140 18 64 261
18141 19 191 261
18142 20 32 261
18143 21 145 261
18144 22 173 261
18145 23 218 261
18146 24 215 261
18147 25 14 261
18148 26 72 261
18149 27 218 261
18150 28 11 261
18151 29 112 261
18152 30 54 261
18153 31 62 261
18154 32 51 261
18155 33 146 261
18156 34 71 261
18157 35 34 261
18158 36 204 261
18159 37 75 261
18160 38 51 261
18161 39 173 261
18162 40 152 261
18163 41 250 261
18164 43 39 261
18165 42 81 261
18166 44 87 261
18167 45 115 261
18168 46 110 261
18169 47 130 261
18170 48 74 261
18171 49 158 261
18172 50 116 261
18173 51 152 261
18174 52 107 261
18175 53 73 261
18176 54 177 261
18177 55 117 261
18178 56 97 261
18179 57 4 261
18180 58 65 261
18181 59 82 261
18182 60 146 261
18183 61 246 261
18184 62 85 261
18185 64 150 261
18186 63 172 261
18187 65 254 261
18188 66 192 261
18189 67 47 261
18190 68 73 261
18191 69 18 261
18192 70 129 261
18193 71 44 261
18194 72 231 261
18195 73 94 261
18196 74 155 261
18197 75 62 261
18198 76 54 261
18199 0 35 262
18200 1 52 262
18201 2 166 262
18202 3 214 262
18203 4 27 262
18204 5 245 262
18205 6 83 262
18206 7 172 262
18207 8 66 262
18208 9 222 262
18209 10 20 262
18210 11 94 262
18211 12 115 262
18212 13 56 262
18213 14 24 262
18214 15 96 262
18215 16 166 262
18216 17 208 262
18217 18 198 262
18218 19 209 262
18219 20 8 262
18220 21 12 262
18221 22 69 262
18222 23 223 262
18223 24 190 262
18224 25 59 262
18225 26 134 262
18226 27 183 262
18227 28 25 262
18228 29 255 262
18229 30 175 262
18230 31 82 262
18231 32 40 262
18232 33 178 262
18233 34 212 262
18234 35 25 262
18235 37 26 262
18236 36 48 262
18237 38 198 262
18238 39 69 262
18239 40 98 262
18240 41 51 262
18241 42 199 262
18242 43 120 262
18243 44 63 262
18244 45 148 262
18245 46 23 262
18246 47 18 262
18247 48 118 262
18248 49 181 262
18249 50 200 262
18250 51 32 262
18251 52 68 262
18252 74 53 262
18253 53 140 262
18254 54 158 262
18255 55 44 262
18256 66 128 262
18257 56 196 262
18258 62 95 262
18259 60 35 262
18260 57 17 262
18261 58 147 262
18262 59 81 262
18263 61 55 262
18264 63 139 262
18265 64 103 262
18266 65 26 262
18267 67 102 262
18268 68 236 262
18269 69 55 262
18270 70 118 262
18271 71 209 262
18272 72 47 262
18273 73 243 262
18274 75 174 262
18275 76 169 262
18276 77 172 262
18277 78 8 262
18278 79 249 262
18279 0 22 263
18280 1 249 263
18281 2 165 263
18282 3 103 263
18283 4 226 263
18284 5 203 263
18285 6 75 263
18286 7 75 263
18287 8 217 263
18288 9 96 263
18289 10 160 263
18290 11 10 263
18291 12 44 263
18292 13 166 263
18293 14 132 263
18294 15 47 263
18295 16 57 263
18296 17 226 263
18297 18 73 263
18298 19 143 263
18299 20 92 263
18300 21 101 263
18301 22 197 263
18302 23 114 263
18303 30 61 263
18304 32 157 263
18305 35 214 263
18306 66 106 263
18307 39 78 263
18308 62 163 263
18309 60 144 263
18310 45 125 263
18311 56 231 263
18312 54 190 263
18313 52 57 263
18314 50 137 263
18315 48 233 263
18316 46 147 263
18317 44 191 263
18318 42 144 263
18319 40 204 263
18320 38 195 263
18321 36 117 263
18322 34 215 263
18323 74 10 263
18324 77 30 263
18325 75 18 263
18326 72 215 263
18327 70 59 263
18328 69 87 263
18329 67 206 263
18330 65 175 263
18331 63 35 263
18332 61 179 263
18333 59 32 263
18334 57 122 263
18335 55 88 263
18336 53 69 263
18337 51 247 263
18338 49 254 263
18339 47 101 263
18340 58 69 263
18341 43 110 263
18342 41 17 263
18343 64 237 263
18344 37 111 263
18345 80 50 264
18346 78 10 263
18347 76 3 263
18348 79 195 263
18349 73 204 263
18350 71 215 263
18351 68 240 263
18352 66 144 264
18353 39 131 264
18354 62 139 264
18355 60 167 264
18356 45 3 264
18357 56 115 264
18358 54 69 264
18359 52 252 264
18360 50 254 264
18361 48 205 264
18362 46 190 264
18363 44 114 264
18364 42 172 264
18365 40 185 264
18366 81 47 264
18367 74 256 264
18368 77 65 264
18369 75 39 264
18370 72 241 264
18371 70 177 264
18372 69 60 264
18373 67 18 264
18374 65 165 264
18375 63 33 264
18376 61 89 264
18377 59 155 264
18378 57 93 264
18379 55 105 264
18380 53 21 264
18381 51 64 264
18382 49 122 264
18383 47 176 264
18384 58 52 264
18385 43 2 264
18386 82 152 264
18387 83 226 264
18388 78 193 264
18389 76 135 264
18390 79 117 264
18391 73 72 264
18392 71 201 264
18393 68 6 264
18394 66 55 265
18395 64 145 264
18396 62 87 265
18397 60 219 265
18398 45 99 265
18399 56 35 265
18400 54 21 265
18401 52 32 265
18402 50 122 265
18403 48 230 265
18404 46 69 265
18405 80 24 265
18406 81 59 265
18407 74 223 265
18408 77 98 265
18409 75 213 265
18410 72 206 265
18411 70 61 265
18412 69 130 265
18413 67 39 265
18414 65 229 265
18415 63 200 265
18416 61 134 265
18417 59 36 265
18418 57 73 265
18419 55 99 265
18420 53 174 265
18421 51 53 265
18422 49 93 265
18423 85 4 265
18424 82 158 265
18425 83 252 265
18426 78 204 265
18427 76 164 265
18428 79 114 265
18429 73 211 265
18430 71 83 265
18431 68 13 265
18432 66 162 266
18433 64 100 265
18434 62 60 266
18435 60 215 266
18436 58 55 265
18437 56 33 266
18438 54 174 266
18439 52 155 266
18440 84 227 266
18441 80 116 266
18442 81 85 266
18443 74 189 266
18444 77 41 266
18445 75 76 266
18446 72 6 266
18447 70 124 266
18448 69 196 266
18449 67 213 266
18450 65 25 266
18451 63 5 266
18452 61 219 266
18453 59 78 266
18454 57 201 266
18455 55 86 266
18456 86 179 266
18457 85 21 266
18458 82 171 266
18459 83 9 266
18460 78 185 266
18461 76 184 266
18462 79 116 266
18463 73 148 266
18464 71 80 266
18465 68 71 266
18466 66 94 267
18467 64 131 266
18468 62 130 267
18469 60 182 267
18470 58 162 266
18471 87 109 267
18472 84 67 267
18473 80 56 267
18474 81 227 267
18475 74 122 267
18476 77 46 267
18477 75 79 267
18478 72 162 267
18479 70 111 267
18480 69 82 267
18481 67 76 267
18482 65 97 267
18483 63 225 267
18484 61 84 267
18485 88 61 267
18486 86 88 267
18487 85 215 267
18488 82 242 267
18489 83 30 267
18490 78 101 267
18491 76 56 267
18492 79 80 267
18493 73 72 267
18494 71 7 267
18495 68 111 267
18496 89 56 267
18497 64 241 267
18498 66 39 268
18499 87 22 268
18500 84 139 268
18501 80 96 268
18502 81 192 268
18503 74 93 268
18504 77 14 268
18505 75 214 268
18506 72 214 268
18507 70 32 268
18508 69 92 268
18509 67 79 268
18510 91 77 268
18511 88 175 268
18512 86 105 268
18513 85 212 268
18514 82 96 268
18515 83 1 268
18516 78 176 268
18517 76 207 268
18518 79 32 268
18519 73 17 268
18520 71 26 268
18521 90 208 269
18522 89 108 268
18523 87 219 269
18524 84 56 269
18525 80 156 269
18526 81 159 269
18527 74 117 269
18528 77 116 269
18529 75 121 269
18530 72 37 269
18531 92 180 269
18532 91 187 269
18533 88 165 269
18534 86 99 269
18535 85 45 269
18536 82 208 269
18537 83 180 269
18538 78 210 269
18539 76 63 269
18540 93 15 269
18541 90 51 270
18542 89 234 269
18543 87 89 270
18544 84 194 270
18545 80 213 270
18546 81 216 270
18547 79 219 269
18548 94 136 270
18549 92 133 270
18550 91 199 270
18551 88 229 270
18552 86 86 270
18553 85 85 270
18554 82 108 270
18555 95 34 271
18556 93 161 270
18557 90 77 271
18558 89 250 270
18559 87 150 271
18560 84 142 271
18561 96 97 271
18562 94 209 271
18563 92 74 271
18564 91 63 271
18565 88 25 271
18566 97 237 271
18567 95 245 272
18568 93 49 271
18569 90 113 272
18570 98 79 272
18571 96 253 272
18572 94 153 272
18573 99 84 272
18574 97 128 272
18575 100 42 273
18576 101 248 273
18577 98 251 273
18578 95 254 273
18579 92 255 272
18580 89 171 271
18581 86 114 271
18582 83 19 270
18583 80 38 271
18584 77 92 270
18585 74 147 270
18586 70 184 269
18587 68 102 268
18588 65 51 268
18589 62 34 268
18590 59 177 267
18591 56 118 267
18592 53 191 266
18593 50 125 266
18594 47 235 265
18595 44 71 265
18596 41 226 264
18597 38 65 264
18598 35 161 264
18599 33 62 263
18600 24 250 263
18601 25 72 263
18602 26 96 263
18603 27 242 263
18604 28 43 263
18605 29 40 263
18606 31 233 263
18607 0 199 264
18608 1 155 264
18609 2 218 264
18610 3 178 264
18611 4 114 264
18612 5 253 264
18613 6 135 264
18614 7 21 264
18615 8 76 264
18616 9 226 264
18617 10 58 264
18618 11 39 264
18619 12 32 264
18620 102 86 274
18621 99 127 273
18622 96 256 273
18623 93 214 272
18624 91 67 272
18625 87 157 272
18626 85 215 271
18627 81 46 271
18628 78 202 270
18629 75 101 270
18630 73 163 269
18631 69 154 269
18632 66 17 269
18633 63 217 268
18634 60 53 268
18635 57 158 267
18636 54 191 267
18637 51 246 266
18638 48 164 266
18639 45 82 266
18640 42 196 265
18641 39 209 265
18642 36 225 264
18643 32 47 264
18644 13 53 264
18645 14 245 264
18646 15 225 264
18647 16 168 264
18648 17 80 264
18649 18 250 264
18650 19 162 264
18651 20 182 264
18652 21 148 264
18653 22 216 264
18654 23 45 264
18655 24 220 264
18656 25 154 264
18657 26 174 264
18658 27 97 264
18659 28 130 264
18660 29 169 264
18661 30 136 264
18662 31 110 264
18663 103 235 274
18664 100 192 274
18665 97 32 273
18666 94 107 273
18667 90 106 273
18668 88 69 272
18669 84 190 272
18670 82 23 271
18671 79 218 270
18672 76 231 270
18673 72 198 270
18674 71 224 269
18675 67 227 269
18676 64 237 268
18677 61 81 268
18678 58 112 267
18679 55 56 267
18680 52 123 267
18681 49 149 266
18682 46 185 266
18683 43 154 265
18684 40 233 265
18685 37 253 264
18686 34 83 264
18687 33 98 264
18688 0 185 265
18689 1 167 265
18690 2 256 265
18691 3 239 265
18692 4 175 265
18693 5 228 265
18694 6 30 265
18695 7 4 265
18696 8 203 265
18697 9 146 265
18698 10 48 265
18699 11 143 265
18700 12 98 265
18701 13 46 265
18702 14 78 265
18703 15 110 265
18704 16 238 265
18705 104 96 275
18706 101 16 274
18707 98 182 274
18708 95 91 274
18709 92 232 273
18710 89 210 272
18711 86 140 272
18712 83 109 271
18713 80 218 272
18714 77 122 271
18715 74 167 271
18716 70 222 270
18717 68 247 269
18718 65 252 269
18719 62 168 269
18720 59 28 268
18721 56 190 268
18722 53 203 267
18723 50 149 267
18724 47 239 266
18725 44 245 266
18726 41 255 265
18727 38 170 265
18728 35 85 265
18729 17 212 265
18730 18 38 265
18731 19 144 265
18732 20 244 265
18733 21 23 265
18734 22 129 265
18735 23 172 265
18736 24 204 265
18737 25 141 265
18738 26 173 265
18739 27 121 265
18740 28 244 265
18741 29 47 265
18742 30 171 265
18743 31 187 265
18744 32 249 265
18745 33 5 265
18746 106 252 275
18747 102 67 275
18748 99 174 274
18749 96 116 274
18750 93 105 273
18751 91 113 273
18752 87 35 273
18753 85 133 272
18754 81 61 272
18755 78 212 271
18756 75 106 271
18757 73 226 270
18758 69 126 270
18759 66 84 270
18760 63 14 269
18761 60 160 269
18762 57 176 268
18763 54 203 268
18764 51 248 267
18765 48 251 267
18766 45 254 267
18767 42 221 266
18768 39 171 266
18769 36 114 265
18770 34 103 265
18771 37 106 265
18772 0 145 266
18773 1 5 266
18774 2 240 266
18775 3 255 266
18776 4 30 266
18777 5 206 266
18778 6 114 266
18779 7 146 266
18780 8 49 266
18781 9 162 266
18782 10 48 266
18783 11 151 266
18784 12 176 266
18785 13 120 266
18786 105 122 276
18787 103 183 275
18788 100 87 275
18789 97 143 274
18790 94 181 274
18791 90 160 274
18792 88 220 273
18793 84 134 273
18794 82 159 272
18795 79 155 271
18796 76 189 271
18797 72 163 271
18798 71 78 270
18799 67 139 270
18800 64 7 269
18801 61 239 269
18802 58 115 268
18803 55 186 268
18804 52 124 268
18805 49 192 267
18806 46 128 267
18807 43 163 266
18808 40 214 266
18809 14 46 266
18810 15 194 266
18811 16 52 266
18812 17 147 266
18813 18 28 266
18814 19 251 266
18815 20 92 266
18816 21 16 266
18817 22 236 266
18818 23 17 266
18819 24 254 266
18820 25 20 266
18821 26 166 266
18822 27 177 266
18823 28 231 266
18824 29 22 266
18825 107 1 276
18826 104 172 276
18827 101 200 275
18828 98 219 275
18829 95 238 275
18830 92 73 274
18831 89 55 273
18832 86 208 273
18833 83 206 272
18834 80 155 273
18835 77 240 272
18836 74 160 272
18837 70 18 271
18838 68 132 270
18839 65 66 270
18840 62 44 270
18841 59 93 269
18842 56 62 269
18843 53 96 268
18844 50 192 268
18845 47 32 267
18846 44 107 267
18847 41 232 266
18848 38 69 266
18849 35 163 266
18850 30 225 266
18851 31 209 266
18852 32 40 266
18853 33 191 266
18854 34 116 266
18855 36 53 266
18856 37 9 266
18857 0 196 267
18858 1 81 267
18859 2 246 267
18860 3 5 267
18861 4 204 267
18862 5 11 267
18863 108 86 277
18864 106 38 276
18865 102 188 276
18866 99 119 275
18867 96 165 275
18868 93 156 274
18869 91 2 274
18870 87 52 274
18871 85 250 273
18872 81 120 273
18873 78 80 272
18874 75 40 272
18875 73 163 271
18876 69 33 271
18877 66 22 271
18878 63 175 270
18879 60 152 270
18880 57 144 269
18881 54 96 269
18882 51 16 268
18883 48 182 268
18884 45 91 268
18885 42 86 267
18886 39 210 267
18887 6 44 267
18888 7 103 267
18889 8 82 267
18890 9 192 267
18891 10 97 267
18892 11 191 267
18893 12 108 267
18894 13 173 267
18895 14 88 267
18896 15 182 267
18897 16 54 267
18898 17 115 267
18899 18 36 267
18900 109 75 277
18901 105 241 277
18902 103 100 276
18903 100 188 276
18904 97 117 275
18905 94 78 275
18906 90 28 275
18907 88 180 274
18908 84 152 274
18909 82 60 273
18910 79 10 272
18911 76 178 272
18912 72 232 272
18913 71 103 271
18914 67 67 271
18915 64 216 270
18916 61 137 270
18917 58 24 269
18918 55 12 269
18919 52 8 269
18920 49 87 268
18921 46 58 268
18922 43 46 267
18923 40 105 267
18924 19 70 267
18925 20 98 267
18926 21 225 267
18927 22 210 267
18928 23 245 267
18929 24 249 267
18930 25 101 267
18931 26 75 267
18932 27 126 267
18933 28 103 267
18934 29 246 267
18935 30 45 267
18936 110 75 278
18937 107 141 277
18938 104 94 277
18939 101 187 276
18940 98 39 276
18941 95 148 276
18942 92 13 275
18943 89 45 274
18944 86 30 274
18945 83 5 273
18946 80 10 274
18947 77 173 273
18948 74 201 273
18949 70 256 272
18950 68 108 271
18951 65 54 271
18952 62 36 271
18953 59 6 270
18954 56 4 270
18955 53 172 269
18956 50 87 269
18957 47 143 268
18958 44 181 268
18959 41 73 267
18960 38 220 267
18961 35 110 267
18962 31 229 267
18963 32 197 267
18964 33 206 267
18965 34 236 267
18966 36 109 267
18967 37 214 267
18968 0 118 268
18969 1 231 268
18970 2 36 268
18971 111 199 278
18972 108 47 278
18973 106 125 277
18974 102 78 277
18975 99 74 276
18976 96 135 276
18977 93 151 275
18978 91 191 275
18979 87 136 275
18980 85 182 274
18981 81 215 274
18982 78 229 273
18983 75 243 273
18984 73 245 272
18985 69 27 272
18986 66 18 272
18987 63 3 271
18988 60 131 271
18989 57 1 270
18990 54 172 270
18991 51 200 269
18992 48 219 269
18993 45 238 269
18994 42 65 268
18995 39 55 268
18996 3 16 268
18997 4 113 268
18998 5 88 268
18999 6 45 268
19000 7 28 268
19001 8 238 268
19002 9 194 268
19003 10 132 268
19004 11 116 268
19005 113 225 278
19006 109 38 278
19007 105 11 278
19008 103 46 277
19009 100 37 277
19010 97 49 276
19011 94 204 276
19012 90 140 276
19013 88 194 275
19014 84 75 275
19015 82 236 274
19016 79 125 273
19017 76 169 273
19018 72 59 273
19019 71 25 272
19020 67 195 272
19021 64 130 271
19022 61 52 271
19023 58 43 270
19024 55 150 270
19025 52 100 270
19026 49 188 269
19027 46 211 269
19028 43 139 268
19029 40 156 268
19030 12 229 268
19031 13 198 268
19032 14 248 268
19033 15 255 268
19034 16 68 268
19035 17 107 268
19036 18 126 268
19037 19 47 268
19038 112 39 279
19039 110 38 279
19040 107 92 278
19041 104 147 278
19042 101 153 277
19043 98 102 277
19044 95 51 277
19045 92 34 276
19046 89 177 275
19047 86 118 275
19048 83 191 274
19049 80 125 275
19050 77 235 274
19051 74 71 274
19052 70 63 273
19053 68 65 272
19054 65 161 272
19055 62 193 272
19056 59 75 271
19057 56 50 271
19058 53 94 270
19059 50 188 270
19060 47 117 269
19061 44 78 269
19062 41 13 268
19063 38 180 268
19064 35 90 268
19065 20 211 268
19066 21 78 268
19067 22 62 268
19068 23 183 268
19069 24 106 268
19070 114 19 280
19071 111 46 279
19072 108 202 279
19073 106 143 278
19074 102 74 278
19075 99 154 277
19076 96 17 277
19077 93 217 276
19078 91 222 276
19079 87 158 276
19080 85 54 275
19081 81 246 275
19082 78 164 274
19083 75 82 274
19084 73 124 273
19085 69 209 273
19086 66 225 273
19087 63 166 272
19088 60 85 272
19089 57 141 271
19090 54 94 271
19091 51 187 270
19092 48 39 270
19093 45 148 270
19094 42 138 269
19095 39 45 269
19096 36 30 268
19097 32 149 268
19098 25 30 268
19099 26 231 268
19100 27 237 268
19101 115 163 280
19102 113 238 279
19103 109 218 279
19104 105 252 279
19105 103 189 278
19106 100 77 278
19107 97 227 277
19108 94 237 277
19109 90 130 277
19110 88 112 276
19111 84 97 276
19112 82 123 275
19113 79 149 274
19114 76 185 274
19115 72 254 274
19116 71 144 273
19117 67 253 273
19118 64 83 272
19119 61 50 272
19120 58 152 271
19121 55 76 271
19122 52 222 271
19123 49 37 270
19124 46 196 270
19125 43 198 269
19126 40 151 269
19127 37 68 268
19128 34 131 268
19129 30 229 268
19130 28 9 268
19131 116 140 281
19132 112 159 280
19133 110 218 280
19134 107 122 279
19135 104 167 279
19136 101 242 278
19137 98 247 278
19138 95 252 278
19139 92 168 277
19140 89 28 276
19141 86 190 276
19142 83 203 275
19143 80 149 276
19144 77 239 275
19145 74 245 275
19146 70 171 274
19147 68 170 273
19148 65 85 273
19149 62 228 273
19150 59 38 272
19151 56 111 272
19152 53 147 271
19153 50 37 271
19154 47 49 270
19155 44 204 270
19156 41 34 269
19157 38 194 269
19158 35 97 269
19159 33 14 268
19160 117 35 281
19161 114 109 281
19162 111 61 280
19163 108 212 280
19164 106 42 279
19165 102 71 279
19166 99 126 278
19167 96 84 278
19168 93 14 277
19169 91 57 277
19170 87 176 277
19171 85 26 276
19172 81 248 276
19173 78 251 275
19174 75 254 275
19175 73 92 274
19176 69 171 274
19177 66 114 274
19178 63 19 273
19179 60 96 273
19180 57 92 272
19181 54 147 272
19182 51 153 271
19183 48 102 271
19184 45 51 271
19185 42 40 270
19186 39 177 270
19187 36 118 269
19188 118 220 281
19189 115 110 281
19190 113 156 280
19191 109 155 280
19192 105 37 280
19193 103 187 279
19194 100 63 279
19195 97 139 278
19196 94 7 278
19197 90 37 278
19198 88 115 277
19199 84 70 277
19200 82 124 276
19201 79 192 275
19202 76 128 275
19203 72 142 275
19204 71 15 274
19205 67 207 274
19206 64 138 273
19207 61 68 273
19208 58 101 272
19209 55 179 272
19210 52 205 272
19211 49 77 271
19212 46 137 271
19213 43 240 270
19214 40 217 270
19215 119 55 282
19216 116 208 282
19217 112 136 281
19218 110 155 281
19219 107 240 280
19220 104 160 280
19221 101 198 279
19222 98 132 279
19223 95 66 279
19224 92 44 278
19225 89 93 277
19226 86 62 277
19227 83 96 276
19228 80 192 277
19229 77 32 276
19230 74 107 276
19231 70 14 275
19232 68 69 274
19233 65 163 274
19234 62 23 274
19235 59 218 273
19236 56 231 273
19237 53 167 272
19238 50 77 272
19239 47 227 271
19240 44 237 271
19241 121 135 282
19242 117 52 282
19243 114 206 282
19244 111 120 281
19245 108 80 281
19246 106 230 280
19247 102 107 280
19248 99 33 279
19249 96 22 279
19250 93 175 278
19251 91 19 278
19252 87 144 278
19253 85 51 277
19254 81 16 277
19255 78 182 276
19256 75 91 276
19257 73 144 275
19258 69 210 275
19259 66 140 275
19260 63 109 274
19261 60 234 274
19262 57 122 273
19263 54 167 273
19264 51 242 272
19265 48 247 272
19266 120 147 283
19267 118 180 282
19268 115 90 282
19269 113 251 281
19270 109 10 281
19271 105 159 281
19272 103 187 280
19273 100 145 280
19274 97 67 279
19275 94 216 279
19276 90 189 279
19277 88 24 278
19278 84 53 278
19279 82 8 277
19280 79 87 276
19281 76 58 276
19282 72 151 276
19283 71 234 275
19284 67 146 275
19285 64 183 274
19286 61 102 274
19287 58 106 273
19288 55 53 273
19289 52 121 273
19290 122 13 284
19291 119 45 283
19292 116 30 283
19293 112 50 282
19294 110 10 282
19295 107 173 281
19296 104 201 281
19297 101 162 280
19298 98 108 280
19299 95 54 280
19300 92 36 279
19301 89 6 278
19302 86 4 278
19303 83 172 277
19304 80 87 278
19305 77 143 277
19306 74 181 277
19307 70 188 276
19308 68 220 275
19309 65 110 275
19310 62 159 275
19311 59 155 274
19312 56 189 274
19313 123 151 284
19314 121 183 283
19315 117 136 283
19316 114 5 283
19317 111 215 282
19318 108 229 282
19319 106 87 281
19320 102 255 281
19321 99 27 280
19322 96 18 280
19323 93 3 279
19324 91 114 279
19325 87 1 279
19326 85 168 278
19327 81 200 278
19328 78 219 277
19329 75 238 277
19330 73 19 276
19331 69 55 276
19332 66 208 276
19333 63 206 275
19334 60 102 275
19335 124 204 284
19336 120 236 284
19337 118 194 283
19338 115 97 283
19339 113 147 282
19340 109 125 282
19341 105 104 282
19342 103 160 281
19343 100 142 281
19344 97 195 280
19345 94 130 280
19346 90 71 280
19347 88 43 279
19348 84 30 279
19349 82 100 278
19350 79 188 277
19351 76 211 277
19352 72 52 277
19353 71 101 276
19354 67 26 276
19355 64 103 275
19356 125 51 285
19357 122 34 285
19358 119 177 284
19359 116 118 284
19360 112 64 283
19361 110 125 283
19362 107 235 282
19363 104 71 282
19364 101 226 281
19365 98 65 281
19366 95 161 281
19367 92 193 280
19368 89 75 279
19369 86 50 279
19370 83 94 278
19371 80 188 279
19372 77 117 278
19373 74 78 278
19374 70 13 277
19375 68 180 276
19376 127 130 285
19377 123 217 285
19378 121 122 284
19379 117 158 284
19380 114 191 284
19381 111 246 283
19382 108 164 283
19383 106 33 282
19384 102 129 282
19385 99 209 281
19386 96 225 281
19387 93 166 280
19388 91 74 280
19389 87 141 280
19390 85 22 279
19391 81 187 279
19392 78 39 278
19393 75 148 278
19394 73 77 277
19395 126 83 286
19396 124 237 285
19397 120 186 285
19398 118 112 284
19399 115 56 284
19400 113 115 283
19401 109 149 283
19402 105 249 283
19403 103 230 282
19404 100 233 282
19405 97 253 281
19406 94 83 281
19407 90 144 281
19408 88 152 280
19409 84 236 280
19410 82 222 279
19411 79 37 278
19412 76 196 278
19413 128 247 286
19414 125 252 286
19415 122 168 286
19416 119 28 285
19417 116 190 285
19418 112 22 284
19419 110 149 284
19420 107 239 283
19421 104 245 283
19422 101 255 282
19423 98 170 282
19424 95 85 282
19425 92 228 281
19426 89 38 280
19427 86 111 280
19428 83 147 279
19429 80 37 280
19430 129 126 287
19431 127 36 286
19432 123 14 286
19433 121 92 285
19434 117 176 285
19435 114 203 285
19436 111 248 284
19437 108 251 284
19438 106 17 283
19439 102 68 283
19440 99 171 282
19441 96 114 282
19442 93 19 281
19443 91 100 281
19444 87 92 281
19445 84 147 281
19446 131 115 287
19447 126 104 287
19448 124 7 286
19449 120 76 286
19450 118 115 285
19451 115 186 285
19452 113 145 284
19453 109 192 284
19454 105 204 284
19455 103 80 283
19456 100 214 283
19457 97 207 282
19458 94 138 282
19459 90 202 282
19460 88 101 281
19461 130 153 288
19462 128 132 287
19463 125 66 287
19464 122 44 287
19465 119 93 286
19466 116 62 286
19467 112 143 285
19468 110 192 285
19469 107 32 284
19470 104 107 284
19471 101 232 283
19472 98 69 283
19473 95 163 283
19474 92 23 282
19475 133 144 288
19476 129 33 288
19477 127 248 287
19478 123 175 287
19479 121 71 286
19480 117 144 286
19481 114 96 286
19482 111 16 285
19483 108 182 285
19484 106 216 284
19485 102 112 284
19486 99 210 283
19487 96 140 283
19488 132 77 289
19489 131 180 288
19490 126 21 288
19491 124 216 287
19492 120 18 287
19493 118 24 286
19494 115 12 286
19495 113 241 285
19496 109 87 285
19497 105 135 285
19498 103 173 284
19499 100 105 284
19500 134 201 289
19501 130 255 289
19502 128 108 288
19503 125 54 288
19504 122 36 288
19505 119 6 287
19506 116 4 287
19507 112 86 286
19508 110 87 286
19509 107 143 285
19510 104 181 285
19511 135 243 290
19512 133 136 289
19513 129 27 289
19514 127 61 288
19515 123 3 288
19516 121 250 287
19517 117 1 287
19518 114 172 287
19519 111 200 286
19520 108 219 286
19521 136 169 290
19522 132 214 290
19523 131 88 289
19524 126 52 289
19525 124 130 288
19526 120 92 288
19527 118 43 287
19528 115 150 287
19529 113 138 286
19530 137 235 291
19531 134 71 290
19532 130 161 290
19533 128 65 289
19534 125 161 289
19535 122 193 289
19536 119 75 288
19537 116 50 288
19538 138 164 291
19539 135 82 291
19540 133 175 290
19541 129 209 290
19542 127 40 289
19543 123 166 289
19544 121 232 288
19545 139 149 291
19546 136 185 291
19547 132 249 291
19548 131 32 290
19549 126 151 290
19550 124 83 289
19551 141 198 292
19552 137 239 292
19553 134 245 291
19554 130 127 291
19555 128 170 290
19556 140 182 293
19557 138 251 292
19558 135 254 292
19559 133 87 291
19560 142 124 293
19561 139 192 292
19562 136 128 292
19563 143 96 293
19564 141 225 293
19565 145 193 294
19566 29 250 268
19567 31 255 268
19568 0 179 269
19569 1 150 269
19570 2 162 269
19571 3 21 269
19572 4 61 269
19573 5 69 269
19574 6 17 269
19575 7 180 269
19576 8 221 269
19577 0 172 270
19578 0 172 271
19579 0 172 272
19580 0 172 273
19581 0 172 274
19582 0 172 275
19583 0 172 276
19584 0 172 277
19585 0 172 278
19586 0 172 279
19587 0 172 280
19588 0 172 281
19589 0 172 282
19590 9 256 269
19591 10 200 269
19592 11 228 269
19593 12 132 269
19594 13 122 269
19595 14 253 269
19596 15 54 269
19597 16 179 269
19598 17 243 269
19599 18 58 269
19600 19 166 269
19601 20 8 269
19602 21 194 269
19603 22 223 269
19604 1 10 270
19605 1 10 271
19606 1 10 272
19607 1 10 273
19608 1 10 274
19609 1 10 275
19610 1 10 276
19611 1 10 277
19612 1 10 278
19613 23 223 269
19614 24 72 269
19615 25 108 269
19616 26 198 269
19617 27 127 269
19618 28 7 269
19619 29 208 269
19620 30 162 269
19621 31 59 269
19622 32 147 269
19623 33 70 269
19624 34 7 269
19625 37 21 269
19626 2 227 270
19627 3 82 270
19628 4 44 270
19629 5 96 270
19630 6 52 270
19631 2 150 271
19632 2 150 272
19633 2 150 273
19634 2 150 274
19635 7 154 270
19636 8 231 270
19637 9 161 270
19638 10 240 270
19639 11 88 270
19640 12 78 270
19641 13 255 270
19642 14 248 270
19643 15 157 270
19644 16 7 270
19645 17 234 270
19646 18 53 270
19647 19 66 270
19648 20 108 270
19649 21 55 270
19650 22 119 270
19651 23 242 270
19652 24 184 270
19653 25 47 270
19654 26 189 270
19655 27 237 270
19656 28 168 270
19657 29 132 270
19658 30 228 270
19659 31 91 270
19660 32 11 270
19661 33 83 270
19662 34 129 270
19663 35 254 270
19664 36 92 270
19665 37 227 270
19666 38 21 270
19667 41 127 270
19668 3 256 271
19669 4 63 271
19670 5 60 271
19671 6 244 271
19672 7 123 271
19673 8 19 271
19674 9 146 271
19675 10 11 271
19676 11 115 271
19677 12 38 271
19678 13 149 271
19679 14 128 271
19680 15 252 271
19681 16 246 271
19682 17 41 271
19683 18 34 271
19684 19 177 271
19685 20 196 271
19686 21 191 271
19687 22 201 271
19688 23 234 271
19689 24 96 271
19690 25 184 271
19691 26 111 271
19692 27 254 271
19693 28 114 271
19694 29 168 271
19695 30 161 271
19696 31 114 271
19697 32 45 271
19698 33 72 271
19699 34 231 271
19700 35 118 271
19701 36 241 271
19702 37 29 271
19703 38 103 271
19704 39 226 271
19705 40 241 271
19706 41 164 271
19707 42 170 271
19708 43 25 271
19709 3 188 272
19710 4 23 272
19711 5 24 272
19712 6 91 272
19713 7 38 272
19714 8 98 272
19715 9 81 272
19716 10 26 272
19717 11 183 272
19718 12 152 272
19719 13 1 272
19720 14 42 272
19721 15 15 272
19722 16 201 272
19723 17 20 272
19724 18 43 272
19725 19 87 272
19726 20 236 272
19727 21 21 272
19728 22 196 272
19729 23 62 272
19730 24 163 272
19731 25 215 272
19732 26 89 272
19733 27 3 272
19734 28 214 272
19735 29 36 272
19736 30 142 272
19737 31 200 272
19738 32 224 272
19739 33 7 272
19740 34 76 272
19741 35 251 272
19742 36 52 272
19743 37 39 272
19744 38 124 272
19745 39 255 272
19746 40 38 272
19747 41 200 272
19748 42 152 272
19749 43 186 272
19750 44 250 272
19751 45 222 272
19752 46 243 272
19753 47 222 272
19754 49 237 272
19755 3 152 273
19756 4 86 273
19757 5 225 273
19758 6 86 273
19759 7 147 273
19760 8 188 273
19761 9 38 273
19762 10 22 273
19763 11 254 273
19764 12 141 273
19765 13 1 273
19766 14 18 273
19767 15 15 273
19768 16 29 273
19769 17 21 273
19770 18 162 273
19771 19 240 273
19772 20 35 273
19773 21 163 273
19774 22 69 273
19775 23 124 273
19776 24 205 273
19777 25 118 273
19778 26 226 273
19779 27 156 273
19780 28 219 273
19781 29 175 273
19782 30 169 273
19783 31 46 273
19784 32 178 273
19785 33 14 273
19786 34 17 273
19787 35 94 273
19788 36 25 273
19789 37 168 273
19790 38 254 273
19791 39 149 273
19792 40 70 273
19793 41 48 273
19794 42 160 273
19795 43 48 273
19796 44 219 273
19797 45 149 273
19798 46 173 273
19799 47 10 273
19800 48 92 273
19801 49 25 273
19802 50 189 273
19803 51 239 273
19804 53 210 273
19805 3 12 274
19806 4 150 274
19807 5 202 274
19808 6 88 274
19809 7 37 274
19810 8 232 274
19811 9 185 274
19812 10 11 274
19813 11 240 274
19814 12 91 274
19815 13 195 274
19816 14 101 274
19817 15 93 274
19818 16 176 274
19819 17 238 274
19820 18 157 274
19821 19 209 274
19822 20 160 274
19823 21 255 274
19824 22 142 274
19825 23 137 274
19826 24 44 274
19827 25 65 274
19828 26 36 274
19829 27 136 274
19830 28 180 274
19831 29 245 274
19832 30 52 274
19833 31 37 274
19834 32 57 274
19835 33 207 274
19836 34 105 274
19837 35 234 274
19838 36 88 274
19839 37 74 274
19840 38 71 274
19841 39 124 274
19842 40 203 274
19843 41 242 274
19844 42 177 274
19845 43 28 274
19846 44 255 274
19847 45 166 274
19848 46 201 274
19849 47 37 274
19850 48 53 274
19851 49 234 274
19852 50 72 274
19853 51 173 274
19854 52 132 274
19855 53 237 274
19856 54 209 274
19857 55 16 274
19858 57 119 274
19859 58 215 274
19860 2 73 275
19861 3 216 275
19862 4 240 275
19863 5 102 275
19864 6 213 275
19865 7 27 275
19866 8 143 275
19867 9 228 275
19868 10 81 275
19869 11 6 275
19870 12 119 275
19871 13 87 275
19872 14 82 275
19873 15 186 275
19874 16 204 275
19875 17 53 275
19876 18 226 275
19877 19 78 275
19878 20 6 275
19879 21 19 275
19880 22 111 275
19881 23 34 275
19882 24 157 275
19883 25 215 275
19884 26 164 275
19885 27 31 275
19886 28 243 275
19887 29 114 275
19888 30 91 275
19889 31 65 275
19890 32 183 275
19891 33 156 275
19892 34 24 275
19893 35 161 275
19894 36 53 275
19895 37 104 275
19896 38 200 275
19897 39 19 275
19898 40 163 275
19899 41 155 275
19900 42 1 275
19901 43 88 275
19902 44 211 275
19903 45 89 275
19904 46 61 275
19905 47 43 275
19906 48 214 275
19907 49 10 275
19908 50 190 275
19909 51 239 275
19910 52 69 275
19911 53 57 275
19912 54 27 275
19913 55 45 275
19914 56 128 275
19915 57 165 275
19916 58 55 275
19917 59 171 275
19918 61 86 275
19919 2 70 276
19920 3 207 276
19921 4 119 276
19922 5 81 276
19923 6 71 276
19924 7 205 276
19925 8 126 276
19926 9 225 276
19927 10 255 276
19928 11 7 276
19929 12 202 276
19930 13 14 276
19931 14 5 276
19932 15 135 276
19933 16 116 276
19934 17 150 276
19935 18 153 276
19936 19 202 276
19937 20 57 276
19938 21 190 276
19939 22 249 276
19940 23 7 276
19941 24 228 276
19942 25 206 276
19943 26 136 276
19944 27 144 276
19945 28 223 276
19946 29 78 276
19947 30 129 276
19948 31 51 276
19949 32 130 276
19950 33 213 276
19951 34 57 276
19952 35 214 276
19953 36 238 276
19954 37 163 276
19955 38 160 276
19956 39 145 276
19957 40 98 276
19958 41 36 276
19959 42 51 276
19960 43 89 276
19961 44 185 276
19962 45 67 276
19963 46 156 276
19964 47 177 276
19965 48 31 276
19966 49 181 276
19967 50 203 276
19968 51 17 276
19969 52 67 276
19970 53 172 276
19971 54 240 276
19972 55 147 276
19973 56 255 276
19974 57 252 276
19975 58 20 276
19976 59 220 276
19977 60 12 276
19978 61 99 276
19979 62 66 276
19980 63 130 276
19981 64 63 276
19982 65 232 276
19983 2 65 277
19984 3 18 277
19985 4 170 277
19986 5 55 277
19987 6 222 277
19988 7 23 277
19989 8 95 277
19990 9 38 277
19991 10 178 277
19992 11 134 277
19993 12 6 277
19994 13 36 277
19995 14 253 277
19996 15 118 277
19997 16 161 277
19998 17 90 277
19999 18 155 277
20000 19 14 277
20001 20 207 277
20002 21 241 277
20003 22 230 277
20004 23 9 277
20005 24 170 277
20006 25 163 277
20007 26 100 277
20008 27 30 277
20009 28 44 277
20010 29 248 277
20011 30 34 277
20012 31 172 277
20013 32 85 277
20014 33 159 277
20015 34 74 277
20016 35 79 277
20017 36 158 277
20018 37 181 277
20019 38 174 277
20020 39 83 277
20021 40 248 277
20022 41 232 277
20023 42 222 277
20024 43 199 277
20025 44 57 277
20026 45 68 277
20027 46 194 277
20028 47 141 277
20029 48 205 277
20030 49 238 277
20031 50 239 277
20032 51 9 277
20033 52 21 277
20034 53 149 277
20035 54 29 277
20036 55 140 277
20037 56 211 277
20038 57 75 277
20039 58 118 277
20040 59 130 277
20041 60 54 277
20042 61 152 277
20043 62 231 277
20044 63 37 277
20045 64 240 277
20046 65 47 277
20047 66 76 277
20048 67 195 277
20049 68 180 277
20050 69 192 277
20051 71 181 277
20052 2 146 278
20053 3 18 278
20054 4 156 278
20055 5 21 278
20056 6 196 278
20057 7 37 278
20058 8 49 278
20059 9 242 278
20060 10 27 278
20061 11 202 278
20062 12 240 278
20063 13 77 278
20064 14 158 278
20065 15 191 278
20066 16 211 278
20067 17 80 278
20068 18 55 278
20069 19 245 278
20070 20 8 278
20071 21 253 278
20072 22 174 278
20073 24 246 278
20074 23 71 278
20075 25 180 278
20076 26 90 278
20077 27 52 278
20078 28 210 278
20079 29 209 278
20080 30 158 278
20081 31 118 278
20082 32 35 278
20083 33 138 278
20084 34 74 278
20085 35 38 278
20086 36 70 278
20087 37 57 278
20088 38 218 278
20089 39 159 278
20090 40 183 278
20091 41 187 278
20092 42 61 278
20093 43 75 278
20094 44 82 278
20095 45 117 278
20096 46 176 278
20097 47 92 278
20098 48 156 278
20099 49 152 278
20100 50 250 278
20101 51 17 278
20102 52 52 278
20103 53 155 278
20104 54 92 278
20105 55 13 278
20106 56 124 278
20107 57 116 278
20108 58 253 278
20109 59 159 278
20110 60 129 278
20111 61 90 278
20112 62 216 278
20113 63 175 278
20114 64 155 278
20115 65 233 278
20116 66 139 278
20117 67 127 278
20118 68 1 278
20119 69 103 278
20120 70 162 278
20121 71 201 278
20122 72 122 278
20123 73 156 278
20124 1 174 279
20125 2 77 279
20126 3 15 279
20127 4 84 279
20128 5 97 279
20129 6 58 279
20130 7 66 279
20131 8 6 279
20132 9 128 279
20133 10 76 279
20134 11 109 279
20135 12 110 279
20136 13 14 279
20137 14 36 279
20138 15 180 279
20139 16 42 279
20140 17 65 279
20141 18 5 279
20142 19 42 279
20143 20 199 279
20144 21 246 279
20145 22 228 279
20146 23 238 279
20147 24 148 279
20148 25 24 279
20149 26 65 279
20150 27 181 279
20151 28 238 279
20152 29 152 279
20153 30 193 279
20154 31 246 279
20155 32 227 279
20156 33 196 279
20157 34 212 279
20158 35 126 279
20159 36 132 279
20160 37 47 279
20161 38 95 279
20162 39 112 279
20163 40 89 279
20164 41 108 279
20165 42 208 279
20166 43 51 279
20167 44 234 279
20168 45 251 279
20169 46 182 279
20170 47 82 279
20171 48 148 279
20172 49 245 279
20173 50 94 279
20174 51 34 279
20175 52 248 279
20176 53 178 279
20177 54 40 279
20178 55 51 279
20179 56 53 279
20180 57 244 279
20181 58 50 279
20182 59 180 279
20183 60 140 279
20184 61 174 279
20185 62 174 279
20186 63 246 279
20187 64 112 279
20188 65 99 279
20189 66 106 279
20190 67 10 279
20191 68 121 279
20192 69 91 279
20193 70 210 279
20194 71 128 279
20195 72 247 279
20196 73 43 279
20197 74 233 279
20198 75 48 279
20199 76 210 279
20200 77 202 279
20201 78 195 279
20202 79 246 279
20203 1 55 280
20204 2 197 280
20205 3 67 280
20206 4 246 280
20207 5 146 280
20208 6 251 280
20209 7 67 280
20210 8 230 280
20211 9 36 280
20212 10 104 280
20213 11 166 280
20214 12 205 280
20215 13 80 280
20216 14 142 280
20217 15 125 280
20218 16 27 280
20219 17 142 280
20220 18 199 280
20221 19 64 280
20222 20 22 280
20223 21 73 280
20224 22 175 280
20225 23 77 280
20226 24 143 280
20227 25 182 280
20228 26 225 280
20229 27 50 280
20230 28 127 280
20231 29 173 280
20232 30 25 280
20233 31 213 280
20234 32 183 280
20235 33 178 280
20236 34 63 280
20237 35 148 280
20238 36 75 280
20239 37 243 280
20240 38 82 280
20241 1 124 281
20242 39 36 280
20243 1 124 282
20244 40 111 280
20245 41 236 280
20246 42 169 280
20247 43 155 280
20248 44 183 280
20249 45 123 280
20250 46 87 280
20251 47 96 280
20252 48 244 280
20253 49 100 280
20254 50 237 280
20255 51 1 280
20256 52 205 280
20257 53 92 280
20258 54 149 280
20259 55 242 280
20260 56 18 280
20261 57 159 280
20262 58 202 280
20263 59 104 280
20264 60 156 280
20265 61 250 280
20266 62 192 280
20267 63 200 280
20268 64 3 280
20269 65 74 280
20270 66 69 280
20271 67 74 280
20272 68 72 280
20273 69 201 280
20274 70 222 280
20275 71 252 280
20276 72 155 280
20277 73 104 280
20278 74 29 280
20279 75 57 280
20280 76 40 280
20281 77 5 280
20282 78 104 280
20283 79 174 280
20284 81 58 280
20285 82 99 280
20286 83 149 280
20287 85 86 280
20288 2 246 281
20289 3 67 281
20290 4 220 281
20291 5 24 281
20292 6 26 281
20293 7 208 281
20294 8 161 281
20295 9 211 281
20296 10 183 281
20297 11 76 281
20298 12 217 281
20299 13 132 281
20300 14 240 281
20301 15 112 281
20302 16 10 281
20303 17 95 281
20304 18 41 281
20305 19 3 281
20306 20 203 281
20307 21 255 281
20308 22 126 281
20309 23 37 281
20310 24 79 281
20311 25 84 281
20312 26 250 281
20313 27 23 281
20314 28 145 281
20315 29 72 281
20316 30 144 281
20317 31 74 281
20318 32 221 281
20319 33 2 281
20320 34 141 281
20321 35 127 281
20322 36 49 281
20323 37 80 281
20324 38 42 281
20325 39 94 281
20326 40 123 281
20327 41 52 281
20328 42 253 281
20329 43 54 281
20330 44 197 281
20331 45 74 281
20332 46 233 281
20333 47 101 281
20334 48 84 281
20335 49 131 281
20336 50 173 281
20337 51 51 281
20338 52 39 281
20339 53 208 281
20340 54 220 281
20341 55 10 281
20342 56 138 281
20343 57 89 281
20344 58 148 281
20345 59 41 281
20346 60 141 281
20347 61 54 281
20348 62 133 281
20349 63 159 281
20350 64 38 281
20351 65 7 281
20352 66 156 281
20353 67 162 281
20354 68 20 281
20355 69 28 281
20356 70 171 281
20357 71 28 281
20358 72 244 281
20359 73 76 281
20360 74 185 281
20361 75 193 281
20362 76 154 281
20363 77 214 281
20364 78 179 281
20365 79 79 281
20366 80 84 281
20367 81 133 281
20368 82 94 281
20369 83 247 281
20370 85 72 281
20371 86 159 281
20372 89 53 281
20373 2 200 282
20374 3 135 282
20375 4 47 282
20376 5 132 282
20377 6 237 282
20378 7 22 282
20379 8 38 282
20380 9 138 282
20381 10 233 282
20382 11 86 282
20383 12 101 282
20384 13 215 282
20385 14 238 282
20386 15 36 282
20387 16 81 282
20388 17 117 282
20389 18 227 282
20390 19 109 282
20391 20 205 282
20392 21 12 282
20393 22 95 282
20394 23 13 282
20395 24 74 282
20396 25 13 282
20397 26 16 282
20398 27 237 282
20399 28 177 282
20400 29 35 282
20401 30 231 282
20402 31 14 282
20403 32 61 282
20404 33 188 282
20405 34 164 282
20406 35 184 282
20407 36 63 282
20408 37 145 282
20409 38 34 282
20410 39 91 282
20411 40 79 282
20412 41 70 282
20413 42 203 282
20414 43 134 282
20415 44 113 282
20416 45 204 282
20417 46 210 282
20418 47 7 282
20419 48 239 282
20420 49 134 282
20421 50 65 282
20422 51 29 282
20423 52 172 282
20424 53 191 282
20425 54 26 282
20426 55 180 282
20427 56 28 282
20428 57 52 282
20429 58 109 282
20430 59 157 282
20431 60 134 282
20432 61 228 282
20433 62 11 282
20434 63 52 282
20435 64 57 282
20436 65 7 282
20437 66 195 282
20438 67 172 282
20439 68 35 282
20440 69 218 282
20441 70 54 282
20442 71 117 282
20443 72 146 282
20444 73 23 282
20445 74 211 282
20446 75 169 282
20447 76 105 282
20448 77 83 282
20449 78 15 282
20450 79 156 282
20451 80 147 282
20452 81 19 282
20453 82 121 282
20454 83 139 282
20455 84 172 282
20456 85 200 282
20457 86 202 282
20458 87 194 282
20459 88 16 282
20460 89 64 282
20461 91 236 282
20462 93 241 282
20463 0 169 283
20464 1 96 283
20465 2 124 283
20466 3 237 283
20467 4 162 283
20468 5 26 283
20469 6 163 283
20470 7 1 283
20471 8 33 283
20472 9 120 283
20473 10 200 283
20474 11 202 283
20475 12 31 283
20476 13 138 283
20477 14 155 283
20478 15 232 283
20479 16 235 283
20480 17 207 283
20481 18 253 283
20482 19 91 283
20483 20 119 283
20484 21 10 283
20485 22 15 283
20486 23 162 283
20487 24 244 283
20488 25 70 283
20489 26 60 283
20490 27 176 283
20491 28 159 283
20492 29 35 283
20493 30 95 283
20494 31 171 283
20495 32 62 283
20496 33 56 283
20497 34 251 283
20498 35 254 283
20499 36 219 283
20500 37 121 283
20501 38 88 283
20502 39 95 283
20503 40 159 283
20504 41 57 283
20505 42 78 283
20506 43 196 283
20507 44 209 283
20508 45 229 283
20509 46 83 283
20510 47 210 283
20511 48 254 283
20512 49 36 283
20513 50 155 283
20514 51 132 283
20515 52 186 283
20516 53 227 283
20517 54 114 283
20518 55 93 283
20519 56 214 283
20520 57 106 283
20521 58 87 283
20522 59 73 283
20523 60 58 283
20524 61 224 283
20525 62 8 283
20526 63 218 283
20527 64 3 283
20528 65 43 283
20529 66 238 283
20530 67 230 283
20531 68 133 283
20532 69 21 283
20533 70 126 283
20534 71 17 283
20535 72 136 283
20536 73 29 283
20537 74 85 283
20538 75 132 283
20539 76 200 283
20540 77 86 283
20541 78 145 283
20542 79 66 283
20543 80 149 283
20544 81 127 283
20545 82 215 283
20546 83 11 283
20547 84 41 283
20548 85 120 283
20549 86 253 283
20550 87 122 283
20551 88 170 283
20552 89 223 283
20553 90 127 283
20554 91 70 283
20555 92 195 283
20556 93 56 283
20557 94 43 283
20558 97 89 283
20559 0 182 284
20560 1 232 284
20561 2 9 284
20562 3 138 284
20563 4 41 284
20564 5 121 284
20565 6 11 284
20566 7 17 284
20567 8 83 284
20568 9 239 284
20569 10 109 284
20570 11 214 284
20571 12 106 284
20572 13 102 284
20573 14 185 284
20574 15 8 284
20575 16 143 284
20576 17 165 284
20577 18 4 284
20578 19 24 284
20579 20 8 284
20580 21 18 284
20581 22 94 284
20582 23 220 284
20583 24 163 284
20584 25 248 284
20585 26 235 284
20586 27 28 284
20587 28 101 284
20588 29 251 284
20589 30 101 284
20590 31 9 284
20591 32 106 284
20592 33 253 284
20593 34 186 284
20594 35 156 284
20595 36 8 284
20596 37 208 284
20597 38 251 284
20598 39 126 284
20599 40 139 284
20600 41 248 284
20601 42 33 284
20602 43 194 284
20603 44 64 284
20604 45 170 284
20605 46 142 284
20606 47 118 284
20607 48 227 284
20608 49 141 284
20609 50 30 284
20610 51 170 284
20611 52 76 284
20612 53 90 284
20613 54 74 284
20614 55 144 284
20615 57 163 284
20616 56 245 284
20617 58 158 284
20618 59 56 284
20619 60 225 284
20620 61 145 284
20621 62 92 284
20622 63 215 284
20623 64 41 284
20624 65 225 284
20625 66 86 284
20626 67 14 284
20627 68 88 284
20628 69 241 284
20629 70 148 284
20630 71 47 284
20631 72 176 284
20632 73 123 284
20633 74 87 284
20634 75 25 284
20635 76 165 284
20636 77 20 284
20637 78 46 284
20638 79 107 284
20639 80 139 284
20640 81 197 284
20641 82 91 284
20642 83 197 284
20643 84 8 284
20644 85 90 284
20645 86 10 284
20646 87 247 284
20647 88 114 284
20648 89 172 284
20649 90 138 284
20650 91 245 284
20651 92 88 284
20652 93 232 284
20653 94 241 284
20654 95 33 284
20655 96 195 284
20656 97 255 284
20657 98 114 284
20658 99 240 284
20659 101 184 284
20660 0 162 285
20661 1 119 285
20662 2 39 285
20663 3 47 285
20664 4 140 285
20665 5 174 285
20666 6 75 285
20667 7 104 285
20668 8 144 285
20669 9 239 285
20670 10 31 285
20671 11 52 285
20672 12 206 285
20673 13 103 285
20674 14 164 285
20675 15 52 285
20676 16 235 285
20677 17 2 285
20678 18 221 285
20679 19 165 285
20680 20 121 285
20681 21 59 285
20682 22 110 285
20683 23 221 285
20684 24 241 285
20685 25 142 285
20686 26 195 285
20687 27 186 285
20688 28 79 285
20689 29 111 285
20690 30 84 285
20691 31 103 285
20692 32 93 285
20693 33 237 285
20694 34 235 285
20695 35 70 285
20696 36 97 285
20697 37 105 285
20698 38 119 285
20699 39 164 285
20700 40 254 285
20701 41 130 285
20702 42 57 285
20703 43 19 285
20704 44 58 285
20705 45 64 285
20706 46 225 285
20707 47 19 285
20708 48 57 285
20709 49 129 285
20710 50 174 285
20711 51 69 285
20712 52 250 285
20713 53 152 285
20714 54 209 285
20715 55 14 285
20716 56 242 285
20717 57 4 285
20718 58 178 285
20719 59 251 285
20720 60 74 285
20721 61 111 285
20722 62 4 285
20723 63 50 285
20724 64 198 285
20725 65 37 285
20726 66 122 285
20727 67 223 285
20728 68 160 285
20729 69 190 285
20730 70 239 285
20731 71 218 285
20732 72 249 285
20733 73 117 285
20734 74 129 285
20735 75 248 285
20736 76 215 285
20737 77 88 285
20738 78 157 285
20739 79 180 285
20740 80 86 285
20741 81 33 285
20742 82 183 285
20743 83 201 285
20744 84 49 285
20745 85 142 285
20746 86 59 285
20747 87 59 285
20748 88 130 285
20749 89 60 285
20750 90 43 285
20751 91 189 285
20752 92 147 285
20753 93 158 285
20754 94 187 285
20755 95 206 285
20756 96 33 285
20757 97 224 285
20758 98 97 285
20759 99 33 285
20760 100 173 285
20761 101 1 285
20762 102 87 285
20763 103 41 285
20764 106 27 285
20765 0 27 286
20766 1 65 286
20767 2 150 286
20768 3 46 286
20769 4 11 286
20770 5 135 286
20771 6 53 286
20772 7 101 286
20773 8 42 286
20774 9 167 286
20775 10 226 286
20776 11 135 286
20777 12 241 286
20778 13 87 286
20779 14 138 286
20780 15 138 286
20781 16 245 286
20782 17 181 286
20783 18 244 286
20784 19 238 286
20785 20 1 286
20786 21 98 286
20787 22 222 286
20788 23 132 286
20789 24 31 286
20790 25 80 286
20791 26 250 286
20792 27 100 286
20793 28 127 286
20794 29 99 286
20795 30 35 286
20796 31 190 286
20797 32 192 286
20798 33 209 286
20799 34 198 286
20800 35 28 286
20801 36 218 286
20802 37 181 286
20803 38 17 286
20804 39 1 286
20805 40 159 286
20806 41 79 286
20807 42 31 286
20808 43 170 286
20809 44 201 286
20810 45 44 286
20811 46 222 286
20812 47 43 286
20813 48 211 286
20814 49 215 286
20815 50 62 286
20816 51 237 286
20817 52 99 286
20818 53 68 286
20819 54 204 286
20820 55 246 286
20821 56 150 286
20822 57 235 286
20823 58 45 286
20824 59 111 286
20825 60 175 286
20826 61 87 286
20827 62 84 286
20828 63 48 286
20829 64 235 286
20830 65 19 286
20831 66 168 286
20832 67 33 286
20833 68 86 286
20834 69 23 286
20835 70 242 286
20836 71 39 286
20837 72 107 286
20838 73 11 286
20839 74 202 286
20840 75 196 286
20841 76 183 286
20842 77 61 286
20843 78 127 286
20844 79 221 286
20845 80 199 286
20846 81 69 286
20847 82 132 286
20848 83 180 286
20849 84 231 286
20850 85 10 286
20851 86 246 286
20852 87 207 286
20853 88 198 286
20854 89 175 286
20855 90 200 286
20856 91 134 286
20857 92 26 286
20858 93 58 286
20859 94 234 286
20860 95 165 286
20861 96 186 286
20862 97 231 286
20863 98 167 286
20864 99 132 286
20865 100 239 286
20866 101 101 286
20867 102 158 286
20868 103 130 286
20869 104 241 286
20870 105 87 286
20871 106 32 286
20872 107 124 286
20873 109 24 286
20874 0 39 287
20875 1 217 287
20876 2 80 287
20877 3 62 287
20878 4 121 287
20879 5 247 287
20880 6 50 287
20881 7 175 287
20882 8 117 287
20883 9 128 287
20884 10 136 287
20885 11 251 287
20886 12 6 287
20887 13 218 287
20888 14 199 287
20889 15 2 287
20890 16 57 287
20891 17 255 287
20892 18 251 287
20893 19 40 287
20894 20 76 287
20895 21 154 287
20896 22 23 287
20897 23 64 287
20898 24 133 287
20899 25 255 287
20900 26 123 287
20901 27 135 287
20902 28 68 287
20903 30 119 287
20904 29 193 287
20905 31 113 287
20906 32 74 287
20907 33 131 287
20908 34 83 287
20909 35 124 287
20910 36 84 287
20911 37 52 287
20912 38 176 287
20913 39 250 287
20914 40 140 287
20915 41 230 287
20916 42 239 287
20917 43 253 287
20918 44 75 287
20919 45 29 287
20920 46 192 287
20921 47 4 287
20922 48 254 287
20923 49 238 287
20924 50 111 287
20925 51 72 287
20926 52 177 287
20927 53 43 287
20928 54 192 287
20929 55 14 287
20930 56 141 287
20931 57 227 287
20932 58 210 287
20933 59 25 287
20934 60 178 287
20935 61 251 287
20936 62 174 287
20937 63 97 287
20938 64 147 287
20939 65 30 287
20940 66 43 287
20941 67 235 287
20942 68 207 287
20943 69 14 287
20944 70 20 287
20945 71 98 287
20946 72 73 287
20947 73 127 287
20948 74 182 287
20949 75 252 287
20950 76 173 287
20951 77 15 287
20952 78 50 287
20953 79 59 287
20954 80 52 287
20955 81 100 287
20956 82 167 287
20957 83 63 287
20958 84 143 287
20959 85 114 287
20960 86 128 287
20961 87 85 287
20962 88 137 287
20963 89 256 287
20964 90 189 287
20965 91 167 287
20966 92 127 287
20967 93 100 287
20968 94 85 287
20969 95 192 287
20970 96 42 287
20971 97 71 287
20972 98 230 287
20973 99 5 287
20974 100 83 287
20975 101 155 287
20976 102 36 287
20977 103 3 287
20978 104 143 287
20979 105 20 287
20980 106 223 287
20981 107 59 287
20982 108 158 287
20983 109 18 287
20984 110 97 287
20985 111 117 287
20986 112 232 287
20987 113 219 287
20988 0 54 288
20989 1 105 288
20990 2 168 288
20991 3 17 288
20992 4 149 288
20993 5 151 288
20994 6 223 288
20995 7 235 288
20996 8 35 288
20997 9 21 288
20998 10 191 288
20999 11 146 288
21000 12 234 288
21001 13 122 288
21002 14 79 288
21003 15 224 288
21004 16 191 288
21005 17 121 288
21006 18 67 288
21007 19 187 288
21008 20 238 288
21009 21 104 288
21010 22 182 288
21011 23 25 288
21012 24 196 288
21013 25 64 288
21014 26 206 288
21015 27 177 288
21016 28 12 288
21017 29 176 288
21018 30 134 288
21019 31 165 288
21020 32 99 288
21021 33 180 288
21022 34 182 288
21023 35 21 288
21024 36 28 288
21025 37 59 288
21026 38 202 288
21027 39 218 288
21028 40 106 288
21029 41 78 288
21030 42 240 288
21031 43 207 288
21032 44 23 288
21033 45 155 288
21034 46 213 288
21035 47 142 288
21036 48 70 288
21037 49 176 288
21038 50 36 288
21039 51 124 288
21040 52 175 288
21041 53 148 288
21042 54 98 288
21043 55 105 288
21044 56 137 288
21045 57 205 288
21046 58 186 288
21047 59 107 288
21048 60 75 288
21049 61 130 288
21050 62 142 288
21051 63 124 288
21052 64 232 288
21053 65 26 288
21054 66 238 288
21055 67 94 288
21056 68 160 288
21057 69 85 288
21058 70 65 288
21059 71 64 288
21060 72 157 288
21061 73 116 288
21062 74 25 288
21063 75 128 288
21064 76 46 288
21065 77 44 288
21066 78 140 288
21067 79 188 288
21068 80 63 288
21069 81 81 288
21070 82 42 288
21071 83 213 288
21072 84 113 288
21073 85 28 288
21074 86 101 288
21075 87 188 288
21076 88 132 288
21077 89 178 288
21078 90 229 288
21079 91 154 288
21080 92 250 288
21081 93 76 288
21082 94 246 288
21083 95 80 288
21084 96 48 288
21085 98 204 288
21086 97 124 288
21087 99 150 288
21088 100 169 288
21089 101 205 288
21090 102 175 288
21091 103 210 288
21092 104 43 288
21093 105 45 288
21094 106 114 288
21095 107 158 288
21096 108 119 288
21097 109 153 288
21098 110 203 288
21099 111 154 288
21100 112 193 288
21101 113 221 288
21102 114 160 288
21103 115 88 288
21104 117 129 288
21105 118 246 288
21106 0 5 289
21107 1 198 289
21108 2 163 289
21109 3 239 289
21110 4 50 289
21111 5 73 289
21112 6 87 289
21113 7 85 289
21114 8 35 289
21115 9 129 289
21116 10 52 289
21117 11 221 289
21118 12 238 289
21119 13 246 289
21120 14 61 289
21121 15 10 289
21122 16 108 289
21123 17 182 289
21124 18 45 289
21125 19 228 289
21126 20 254 289
21127 21 153 289
21128 22 85 289
21129 23 148 289
21130 24 229 289
21131 25 64 289
21132 26 238 289
21133 27 64 289
21134 28 158 289
21135 29 82 289
21136 30 212 289
21137 31 163 289
21138 32 150 289
21139 33 201 289
21140 34 239 289
21141 35 98 289
21142 36 69 289
21143 37 157 289
21144 38 217 289
21145 39 221 289
21146 40 218 289
21147 41 120 289
21148 42 80 289
21149 43 52 289
21150 44 35 289
21151 45 231 289
21152 46 119 289
21153 47 164 289
21154 48 6 289
21155 49 145 289
21156 50 146 289
21157 51 204 289
21158 52 237 289
21159 53 126 289
21160 54 221 289
21161 55 106 289
21162 56 217 289
21163 57 157 289
21164 58 177 289
21165 59 17 289
21166 60 217 289
21167 61 198 289
21168 62 57 289
21169 63 212 289
21170 64 238 289
21171 65 66 289
21172 66 132 289
21173 67 134 289
21174 68 206 289
21175 69 121 289
21176 70 31 289
21177 71 221 289
21178 72 62 289
21179 73 92 289
21180 74 132 289
21181 75 161 289
21182 76 59 289
21183 77 104 289
21184 78 186 289
21185 79 210 289
21186 80 198 289
21187 81 59 289
21188 82 39 289
21189 83 16 289
21190 84 165 289
21191 85 217 289
21192 86 109 289
21193 87 137 289
21194 88 226 289
21195 89 91 289
21196 90 40 289
21197 91 245 289
21198 92 34 289
21199 93 75 289
21200 94 143 289
21201 95 68 289
21202 96 249 289
21203 97 86 289
21204 98 240 289
21205 99 211 289
21206 100 125 289
21207 101 171 289
21208 102 58 289
21209 103 70 289
21210 104 248 289
21211 105 212 289
21212 106 141 289
21213 107 6 289
21214 108 84 289
21215 109 240 289
21216 110 185 289
21217 111 106 289
21218 112 171 289
21219 113 13 289
21220 114 42 289
21221 115 42 289
21222 116 27 289
21223 117 233 289
21224 118 88 289
21225 119 21 289
21226 120 155 289
21227 121 132 289
21228 0 88 290
21229 1 222 290
21230 2 136 290
21231 3 145 290
21232 4 159 290
21233 5 50 290
21234 6 121 290
21235 7 140 290
21236 8 96 290
21237 9 128 290
21238 10 179 290
21239 11 175 290
21240 12 254 290
21241 13 153 290
21242 14 65 290
21243 15 17 290
21244 16 42 290
21245 17 254 290
21246 18 91 290
21247 19 67 290
21248 20 188 290
21249 21 190 290
21250 22 53 290
21251 23 252 290
21252 24 84 290
21253 25 123 290
21254 26 213 290
21255 27 180 290
21256 28 248 290
21257 29 108 290
21258 30 17 290
21259 31 219 290
21260 32 77 290
21261 33 146 290
21262 34 17 290
21263 35 134 290
21264 36 40 290
21265 37 129 290
21266 38 227 290
21267 39 42 290
21268 40 39 290
21269 41 111 290
21270 42 53 290
21271 43 185 290
21272 44 82 290
21273 45 177 290
21274 46 80 290
21275 47 42 290
21276 48 66 290
21277 49 141 290
21278 50 102 290
21279 51 59 290
21280 52 167 290
21281 53 107 290
21282 54 175 290
21283 55 148 290
21284 56 213 290
21285 57 202 290
21286 58 28 290
21287 59 126 290
21288 60 134 290
21289 61 117 290
21290 62 24 290
21291 63 37 290
21292 64 89 290
21293 65 66 290
21294 66 124 290
21295 67 145 290
21296 68 75 290
21297 69 102 290
21298 70 246 290
21299 71 32 290
21300 72 146 290
21301 73 228 290
21302 74 236 290
21303 75 25 290
21304 76 149 290
21305 77 172 290
21306 78 168 290
21307 79 211 290
21308 80 236 290
21309 81 162 290
21310 82 22 290
21311 83 188 290
21312 84 71 290
21313 85 74 290
21314 86 230 290
21315 87 93 290
21316 88 131 290
21317 89 75 290
21318 90 98 290
21319 91 109 290
21320 92 108 290
21321 93 136 290
21322 94 166 290
21323 95 87 290
21324 96 4 290
21325 97 9 290
21326 98 103 290
21327 99 34 290
21328 100 181 290
21329 101 177 290
21330 102 8 290
21331 103 101 290
21332 104 105 290
21333 105 50 290
21334 106 209 290
21335 107 220 290
21336 108 106 290
21337 109 133 290
21338 110 136 290
21339 111 49 290
21340 112 130 290
21341 113 189 290
21342 114 3 290
21343 115 243 290
21344 116 160 290
21345 117 204 290
21346 118 242 290
21347 119 218 290
21348 120 253 290
21349 121 53 290
21350 122 227 290
21351 123 21 290
21352 124 209 290
21353 125 252 290
21354 127 60 290
21355 0 242 291
21356 1 17 291
21357 2 166 291
21358 3 19 291
21359 4 173 291
21360 5 188 291
21361 6 123 291
21362 7 245 291
21363 8 110 291
21364 9 53 291
21365 10 242 291
21366 11 64 291
21367 12 7 291
21368 13 64 291
21369 14 1 291
21370 15 39 291
21371 16 139 291
21372 17 55 291
21373 18 83 291
21374 19 39 291
21375 20 256 291
21376 21 64 291
21377 22 189 291
21378 23 28 291
21379 24 170 291
21380 25 35 291
21381 26 114 291
21382 27 85 291
21383 28 239 291
21384 29 56 291
21385 30 170 291
21386 31 16 291
21387 32 121 291
21388 33 107 291
21389 34 91 291
21390 35 243 291
21391 36 195 291
21392 37 240 291
21393 38 158 291
21394 39 228 291
21395 40 226 291
21396 41 65 291
21397 42 145 291
21398 43 255 291
21399 44 65 291
21400 45 58 291
21401 46 234 291
21402 47 27 291
21403 48 223 291
21404 49 185 291
21405 50 238 291
21406 51 61 291
21407 52 101 291
21408 53 25 291
21409 54 106 291
21410 55 204 291
21411 56 144 291
21412 57 165 291
21413 58 4 291
21414 59 9 291
21415 60 114 291
21416 61 181 291
21417 62 250 291
21418 63 28 291
21419 65 171 291
21420 64 30 291
21421 66 215 291
21422 67 71 291
21423 68 135 291
21424 69 63 291
21425 70 190 291
21426 71 132 291
21427 72 170 291
21428 73 239 291
21429 74 48 291
21430 75 54 291
21431 76 153 291
21432 77 121 291
21433 78 134 291
21434 79 162 291
21435 80 236 291
21436 81 140 291
21437 82 119 291
21438 83 107 291
21439 84 1 291
21440 85 202 291
21441 86 243 291
21442 87 154 291
21443 88 121 291
21444 89 121 291
21445 90 232 291
21446 91 7 291
21447 92 60 291
21448 93 104 291
21449 94 129 291
21450 95 165 291
21451 96 47 291
21452 97 93 291
21453 98 93 291
21454 99 135 291
21455 100 112 291
21456 101 21 291
21457 102 166 291
21458 103 95 291
21459 104 25 291
21460 105 229 291
21461 106 78 291
21462 107 82 291
21463 108 92 291
21464 109 218 291
21465 110 195 291
21466 111 157 291
21467 112 101 291
21468 113 151 291
21469 114 1 291
21470 115 156 291
21471 116 9 291
21472 117 92 291
21473 118 4 291
21474 119 222 291
21475 120 117 291
21476 121 119 291
21477 122 3 291
21478 123 106 291
21479 124 28 291
21480 125 6 291
21481 127 175 291
21482 126 96 291
21483 128 233 291
21484 129 43 291
21485 131 213 291
21486 0 107 292
21487 1 66 292
21488 2 88 292
21489 3 162 292
21490 4 201 292
21491 6 109 292
21492 5 34 292
21493 7 190 292
21494 8 204 292
21495 9 94 292
21496 10 112 292
21497 11 230 292
21498 12 2 292
21499 13 72 292
21500 14 238 292
21501 15 123 292
21502 16 56 292
21503 17 215 292
21504 18 153 292
21505 19 227 292
21506 20 155 292
21507 0 237 293
21508 21 175 292
21509 22 45 292
21510 0 79 294
21511 23 115 292
21512 0 112 295
21513 24 46 292
21514 25 245 292
21515 26 179 292
21516 27 37 292
21517 28 119 292
21518 29 56 292
21519 30 56 292
21520 31 20 292
21521 32 43 292
21522 33 72 292
21523 34 30 292
21524 35 130 292
21525 36 163 292
21526 37 241 292
21527 38 20 292
21528 39 225 292
21529 40 251 292
21530 41 204 292
21531 42 109 292
21532 43 46 292
21533 44 48 292
21534 45 77 292
21535 46 83 292
21536 47 157 292
21537 48 238 292
21538 49 209 292
21539 50 81 292
21540 51 204 292
21541 52 197 292
21542 53 222 292
21543 54 29 292
21544 55 165 292
21545 56 10 292
21546 57 215 292
21547 58 31 292
21548 59 31 292
21549 60 227 292
21550 61 39 292
21551 62 105 292
21552 63 253 292
21553 64 45 292
21554 65 254 292
21555 66 108 292
21556 67 99 292
21557 68 234 292
21558 69 58 292
21559 70 214 292
21560 71 224 292
21561 72 145 292
21562 73 157 292
21563 74 228 292
21564 75 41 292
21565 76 138 292
21566 77 142 292
21567 78 109 292
21568 79 194 292
21569 80 252 292
21570 81 177 292
21571 82 218 292
21572 83 119 292
21573 84 71 292
21574 85 227 292
21575 86 89 292
21576 87 83 292
21577 88 8 292
21578 89 197 292
21579 90 220 292
21580 91 103 292
21581 92 218 292
21582 93 238 292
21583 94 229 292
21584 95 251 292
21585 96 144 292
21586 97 32 292
21587 98 142 292
21588 99 256 292
21589 100 227 292
21590 101 247 292
21591 102 227 292
21592 103 219 292
21593 104 113 292
21594 105 94 292
21595 106 35 292
21596 107 220 292
21597 108 51 292
21598 109 158 292
21599 110 67 292
21600 111 230 292
21601 112 113 292
21602 113 29 292
21603 114 20 292
21604 115 228 292
21605 116 31 292
21606 117 104 292
21607 118 121 292
21608 119 44 292
21609 120 219 292
21610 121 104 292
21611 122 15 292
21612 123 132 292
21613 124 190 292
21614 125 136 292
21615 126 96 292
21616 127 119 292
21617 128 54 292
21618 129 96 292
21619 130 24 292
21620 131 125 292
21621 132 159 292
21622 133 164 292
21623 134 209 292
21624 1 41 293
21625 2 243 293
21626 3 20 293
21627 4 99 293
21628 5 189 293
21629 6 110 293
21630 7 115 293
21631 8 82 293
21632 9 254 293
21633 10 38 293
21634 11 247 293
21635 12 54 293
21636 13 219 293
21637 14 122 293
21638 15 31 293
21639 16 170 293
21640 17 24 293
21641 18 91 293
21642 19 96 293
21643 20 67 293
21644 21 46 293
21645 22 191 293
21646 23 148 293
21647 24 115 293
21648 25 176 293
21649 26 249 293
21650 27 86 293
21651 28 210 293
21652 29 118 293
21653 30 137 293
21654 31 46 293
21655 32 158 293
21656 33 238 293
21657 34 178 293
21658 35 236 293
21659 36 222 293
21660 37 170 293
21661 38 57 293
21662 39 4 293
21663 40 146 293
21664 41 211 293
21665 42 231 293
21666 43 112 293
21667 44 179 293
21668 45 29 293
21669 46 167 293
21670 47 159 293
21671 48 129 293
21672 49 136 293
21673 50 181 293
21674 51 103 293
21675 52 187 293
21676 53 67 293
21677 54 143 293
21678 55 17 293
21679 56 255 293
21680 57 2 293
21681 58 163 293
21682 59 150 293
21683 60 74 293
21684 61 122 293
21685 62 39 293
21686 63 84 293
21687 64 114 293
21688 65 108 293
21689 66 173 293
21690 67 163 293
21691 68 166 293
21692 69 243 293
21693 70 248 293
21694 71 213 293
21695 72 130 293
21696 73 227 293
21697 74 134 293
21698 75 242 293
21699 76 113 293
21700 77 53 293
21701 78 113 293
21702 79 72 293
21703 80 130 293
21704 81 219 293
21705 82 103 293
21706 83 42 293
21707 84 55 293
21708 85 78 293
21709 86 131 293
21710 87 231 293
21711 88 154 293
21712 89 123 293
21713 90 256 293
21714 91 154 293
21715 92 202 293
21716 93 67 293
21717 94 185 293
21718 95 220 293
21719 96 114 293
21720 97 114 293
21721 98 133 293
21722 99 59 293
21723 100 210 293
21724 101 179 293
21725 102 249 293
21726 103 8 293
21727 104 220 293
21728 105 226 293
21729 106 16 293
21730 107 55 293
21731 108 50 293
21732 109 57 293
21733 110 180 293
21734 111 44 293
21735 112 151 293
21736 113 199 293
21737 114 178 293
21738 115 117 293
21739 116 90 293
21740 117 236 293
21741 118 19 293
21742 119 116 293
21743 120 2 293
21744 121 211 293
21745 122 102 293
21746 123 110 293
21747 124 144 293
21748 125 125 293
21749 126 144 293
21750 127 108 293
21751 128 85 293
21752 129 256 293
21753 130 254 293
21754 131 180 293
21755 132 145 293
21756 133 231 293
21757 134 102 293
21758 135 152 293
21759 136 89 293
21760 137 232 293
21761 138 186 293
21762 139 241 293
21763 1 211 294
21764 2 194 294
21765 3 113 294
21766 4 101 294
21767 5 196 294
21768 6 132 294
21769 7 113 294
21770 8 251 294
21771 9 82 294
21772 10 189 294
21773 11 75 294
21774 12 197 294
21775 13 233 294
21776 14 83 294
21777 15 70 294
21778 16 196 294
21779 17 158 294
21780 18 227 294
21781 19 152 294
21782 20 89 294
21783 21 158 294
21784 22 44 294
21785 23 63 294
21786 24 106 294
21787 25 58 294
21788 26 129 294
21789 27 129 294
21790 28 192 294
21791 29 238 294
21792 30 240 294
21793 31 189 294
21794 32 6 294
21795 33 233 294
21796 34 6 294
21797 35 55 294
21798 36 228 294
21799 37 115 294
21800 38 163 294
21801 39 54 294
21802 40 86 294
21803 41 243 294
21804 42 124 294
21805 43 237 294
21806 44 13 294
21807 45 98 294
21808 46 171 294
21809 47 147 294
21810 48 145 294
21811 49 30 294
21812 50 198 294
21813 51 134 294
21814 52 208 294
21815 53 182 294
21816 54 242 294
21817 55 78 294
21818 56 112 294
21819 57 197 294
21820 58 8 294
21821 59 247 294
21822 60 84 294
21823 62 144 294
21824 61 226 294
21825 63 74 294
21826 64 202 294
21827 65 131 294
21828 66 117 294
21829 67 178 294
21830 68 80 294
21831 69 119 294
21832 70 204 294
21833 71 108 294
21834 72 179 294
21835 73 128 294
21836 74 228 294
21837 75 28 294
21838 76 87 294
21839 77 127 294
21840 78 9 294
21841 79 146 294
21842 80 85 294
21843 81 129 294
21844 82 177 294
21845 83 135 294
21846 84 70 294
21847 85 153 294
21848 86 216 294
21849 87 153 294
21850 88 214 294
21851 89 255 294
21852 90 17 294
21853 91 8 294
21854 92 168 294
21855 93 29 294
21856 94 23 294
21857 95 221 294
21858 96 34 294
21859 97 56 294
21860 98 26 294
21861 99 136 294
21862 100 174 294
21863 101 247 294
21864 102 146 294
21865 103 75 294
21866 104 244 294
21867 105 225 294
21868 106 28 294
21869 107 147 294
21870 108 109 294
21871 109 146 294
21872 110 23 294
21873 111 78 294
21874 112 222 294
21875 113 227 294
21876 114 131 294
21877 115 224 294
21878 116 139 294
21879 117 143 294
21880 118 112 294
21881 119 189 294
21882 120 102 294
21883 121 194 294
21884 122 35 294
21885 123 174 294
21886 124 24 294
21887 125 207 294
21888 126 193 294
21889 127 83 294
21890 128 69 294
21891 129 234 294
21892 130 27 294
21893 131 34 294
21894 132 247 294
21895 133 37 294
21896 134 209 294
21897 135 50 294
21898 136 110 294
21899 137 176 294
21900 138 172 294
21901 139 6 294
21902 140 1 294
21903 141 185 294
21904 142 201 294
21905 143 172 294
21906 1 1 295
21907 2 80 295
21908 3 172 295
21909 4 177 295
21910 5 9 295
21911 6 194 295
21912 7 39 295
21913 8 161 295
21914 9 34 295
21915 10 172 295
21916 11 108 295
21917 12 180 295
21918 13 229 295
21919 14 10 295
21920 15 121 295
21921 16 10 295
21922 17 37 295
21923 18 233 295
21924 19 77 295
21925 20 49 295
21926 21 212 295
21927 22 110 295
21928 23 71 295
21929 24 105 295
21930 25 179 295
21931 26 42 295
21932 27 197 295
21933 28 181 295
21934 29 164 295
21935 30 34 295
21936 31 16 295
21937 32 173 295
21938 33 62 295
21939 34 131 295
21940 35 11 295
21941 36 16 295
21942 37 92 295
21943 38 184 295
21944 39 43 295
21945 40 85 295
21946 41 25 295
21947 42 141 295
21948 43 50 295
21949 44 108 295
21950 45 37 295
21951 46 206 295
21952 47 34 295
21953 48 244 295
21954 49 233 295
21955 50 216 295
21956 51 132 295
21957 52 218 295
21958 53 108 295
21959 54 250 295
21960 55 53 295
21961 56 173 295
21962 57 5 295
21963 58 101 295
21964 59 1 295
21965 60 119 295
21966 61 40 295
21967 62 136 295
21968 63 12 295
21969 64 136 295
21970 65 23 295
21971 66 114 295
21972 67 154 295
21973 68 19 295
21974 69 139 295
21975 70 13 295
21976 71 180 295
21977 72 220 295
21978 73 252 295
21979 74 70 295
21980 75 27 295
21981 76 252 295
21982 77 11 295
21983 78 67 295
21984 79 244 295
21985 80 129 295
21986 81 15 295
21987 82 112 295
21988 83 240 295
21989 84 178 295
21990 85 118 295
21991 86 137 295
21992 87 73 295
21993 88 208 295
21994 89 219 295
21995 90 211 295
21996 91 55 295
21997 92 65 295
21998 93 110 295
21999 94 79 295
22000 95 250 295
22001 96 240 295
22002 97 61 295
22003 98 70 295
22004 99 87 295
22005 100 250 295
22006 101 108 295
22007 102 59 295
22008 103 48 295
22009 104 226 295
22010 105 10 295
22011 106 182 295
22012 107 176 295
22013 108 152 295
22014 109 220 295
22015 110 109 295
22016 111 33 295
22017 112 216 295
22018 113 187 295
22019 114 92 295
22020 115 203 295
22021 116 26 295
22022 117 122 295
22023 118 210 295
22024 119 72 295
22025 120 162 295
22026 121 137 295
22027 122 189 295
22028 123 176 295
22029 124 73 295
22030 125 235 295
22031 126 174 295
22032 127 161 295
22033 128 83 295
22034 129 189 295
22035 130 17 295
22036 131 21 295
22037 132 5 295
22038 133 167 295
22039 134 181 295
22040 135 177 295
22041 136 177 295
22042 137 8 295
22043 138 23 295
22044 139 86 295
22045 140 217 295
22046 141 27 295
22047 142 123 295
22048 143 123 295
22049 144 124 295
22050 145 106 295
22051 146 75 295
22052 0 49 296
22053 1 65 296
22054 2 59 296
22055 3 19 296
22056 4 146 296
22057 5 26 296
22058 6 222 296
22059 7 219 296
22060 8 188 296
22061 9 2 296
22062 10 21 296
22063 11 219 296
22064 12 226 296
22065 13 109 296
22066 14 125 296
22067 15 28 296
22068 16 143 296
22069 17 219 296
22070 18 11 296
22071 19 216 296
22072 20 128 296
22073 21 157 296
22074 22 90 296
22075 23 185 296
22076 24 30 296
22077 25 201 296
22078 26 54 296
22079 27 208 296
22080 28 131 296
22081 29 229 296
22082 30 218 296
22083 31 221 296
22084 32 128 296
22085 33 209 296
22086 34 118 296
22087 35 116 296
22088 36 55 296
22089 37 177 296
22090 38 185 296
22091 39 254 296
22092 40 56 296
22093 41 253 296
22094 42 170 296
22095 43 11 296
22096 44 253 296
22097 45 135 296
22098 46 253 296
22099 47 252 296
22100 48 186 296
22101 49 253 296
22102 50 54 296
22103 51 54 296
22104 52 12 296
22105 53 44 296
22106 54 57 296
22107 55 40 296
22108 56 128 296
22109 57 174 296
22110 58 100 296
22111 59 177 296
22112 60 195 296
22113 61 206 296
22114 62 170 296
22115 63 180 296
22116 64 181 296
22117 65 229 296
22118 66 99 296
22119 67 35 296
22120 68 99 296
22121 69 45 296
22122 70 75 296
22123 71 223 296
22124 72 163 296
22125 73 256 296
22126 74 63 296
22127 75 170 296
22128 76 239 296
22129 77 204 296
22130 78 244 296
22131 79 170 296
22132 80 215 296
22133 81 243 296
22134 82 173 296
22135 83 68 296
22136 84 109 296
22137 85 212 296
22138 86 2 296
22139 87 195 296
22140 88 14 296
22141 89 207 296
22142 90 47 296
22143 91 213 296
22144 92 119 296
22145 93 48 296
22146 94 52 296
22147 95 194 296
22148 96 241 296
22149 97 134 296
22150 98 88 296
22151 99 162 296
22152 100 236 296
22153 101 6 296
22154 102 7 296
22155 103 252 296
22156 104 111 296
22157 105 245 296
22158 106 87 296
22159 107 235 296
22160 108 96 296
22161 109 57 296
22162 110 201 296
22163 111 229 296
22164 112 241 296
22165 113 230 296
22166 114 168 296
22167 115 13 296
22168 116 74 296
22169 117 214 296
22170 118 146 296
22171 119 144 296
22172 120 232 296
22173 121 166 296
22174 122 209 296
22175 123 40 296
22176 124 51 296
22177 125 67 296
22178 126 65 296
22179 127 157 296
22180 128 74 296
22181 129 12 296
22182 130 251 296
22183 131 199 296
22184 132 47 296
22185 133 137 296
22186 134 234 296
22187 135 104 296
22188 136 226 296
22189 138 177 296
22190 137 48 296
22191 139 1 296
22192 140 19 296
22193 141 99 296
22194 142 221 296
22195 143 200 296
22196 144 116 296
22197 145 146 296
22198 146 112 296
22199 147 219 296
22200 148 68 296
22201 0 232 297
22202 1 19 297
22203 2 132 297
22204 3 106 297
22205 4 124 297
22206 5 114 297
22207 6 178 297
22208 7 63 297
22209 8 118 297
22210 9 123 297
22211 10 219 297
22212 11 164 297
22213 12 210 297
22214 13 92 297
weights 298 298 298 298 298 298 298 298 298 298 298 298 298 298 297 297 297 297 297 297 297 297 297 297 297 297 297 297 297 297 297 297 297 297 297 297 297 297 297 297 297 297 297 297 297 297 297 297 297 297 297 297 297 297 297 297 297 297 297 297 297 297 297 297 297 297 297 297 297 297 297 297 297 297 297 297 297 297 297 297 297 297 297 297 297 297 297 297 297 297 297 297 297 297 297 297 297 297 297 297 297 297 297 297 297 297 297 297 297 297 297 297 297 297 297 297 297 297 297 297 297 297 297 297 297 297 297 297 297 297 297 297 297 297 297 297 297 297 297 297 297 297 297 297 297 297 297 297 297
