p 263 h 90 constraints 8321
0 0 1 0
1 0 1 1
2 0 1 2
3 0 1 3
4 0 1 4
5 0 1 5
6 0 1 6
7 0 1 7
8 0 1 8
9 0 1 9
10 0 1 10
11 0 1 11
12 0 1 12
13 0 1 13
14 0 1 14
15 0 1 15
16 0 1 16
17 0 1 17
18 0 1 18
19 0 1 19
20 0 1 20
21 0 1 21
22 0 1 22
23 0 1 23
24 0 1 24
25 0 1 25
26 0 1 26
27 0 1 27
28 0 1 28
29 0 1 29
30 0 1 30
31 0 1 31
32 0 1 32
33 0 1 33
34 0 1 34
35 0 1 35
36 0 1 36
37 0 1 37
38 1 1 2
39 1 1 3
40 1 1 4
41 1 1 5
42 1 1 6
43 1 1 7
44 1 1 8
45 1 1 9
46 1 1 10
47 1 1 11
48 1 1 12
49 1 1 13
50 1 1 14
51 1 1 15
52 1 1 16
53 1 1 17
54 1 1 18
55 1 1 19
56 1 1 20
57 1 1 21
58 1 1 22
59 1 1 23
60 1 1 24
61 1 1 25
62 1 1 26
63 1 1 27
64 1 1 28
65 1 1 29
66 1 1 30
67 1 1 31
68 1 1 32
69 1 1 33
70 1 1 34
71 1 1 35
72 1 1 36
73 1 1 37
74 2 1 4
75 2 1 5
76 2 1 6
77 2 1 7
78 2 1 8
79 2 1 9
80 2 1 10
81 2 1 11
82 2 1 12
83 2 1 13
84 2 1 14
85 2 1 15
86 2 1 16
87 2 1 17
88 2 1 18
89 2 1 19
90 2 1 20
91 2 1 21
92 2 1 22
93 2 1 23
94 2 1 24
95 2 1 25
96 2 1 26
97 2 1 27
98 2 1 28
99 2 1 29
100 2 1 30
101 2 1 31
102 2 1 32
103 2 1 33
104 2 1 34
105 2 1 35
106 2 1 36
107 2 1 37
108 3 1 6
109 3 1 7
110 3 1 8
111 3 1 9
112 3 1 10
113 3 1 11
114 3 1 12
115 3 1 13
116 3 1 14
117 3 1 15
118 3 1 16
119 3 1 17
120 3 1 18
121 3 1 19
122 3 1 20
123 3 1 21
124 3 1 22
125 3 1 23
126 3 1 24
127 3 1 25
128 3 1 26
129 3 1 27
130 3 1 28
131 3 1 29
132 3 1 30
133 3 1 31
134 3 1 32
135 3 1 33
136 3 1 34
137 3 1 35
138 3 1 36
139 3 1 37
140 4 1 8
141 4 1 9
142 4 1 10
143 4 1 11
144 4 1 12
145 4 1 13
146 4 1 14
147 4 1 15
148 4 1 16
149 4 1 17
150 4 1 18
151 4 1 19
152 4 1 20
153 4 1 21
154 4 1 22
155 4 1 23
156 4 1 24
157 4 1 25
158 4 1 26
159 4 1 27
160 4 1 28
161 4 1 29
162 4 1 30
163 4 1 31
164 4 1 32
165 4 1 33
166 4 1 34
167 4 1 35
168 4 1 36
169 4 1 37
170 5 1 10
171 5 1 11
172 5 1 12
173 5 1 13
174 5 1 14
175 5 1 15
176 5 1 16
177 5 1 17
178 5 1 18
179 5 1 19
180 5 1 20
181 5 1 21
182 5 1 22
183 5 1 23
184 5 1 24
185 5 1 25
186 5 1 26
187 5 1 27
188 5 1 28
189 5 1 29
190 5 1 30
191 5 1 31
192 5 1 32
193 5 1 33
194 5 1 34
195 5 1 35
196 5 1 36
197 5 1 37
198 6 1 12
199 6 1 13
200 6 1 14
201 6 1 15
202 6 1 16
203 6 1 17
204 6 1 18
205 6 1 19
206 6 1 20
207 6 1 21
208 6 1 22
209 6 1 23
210 6 1 24
211 6 1 25
212 6 1 26
213 6 1 27
214 6 1 28
215 6 1 29
216 6 1 30
217 6 1 31
218 6 1 32
219 6 1 33
220 6 1 34
221 6 1 35
222 6 1 36
223 6 1 37
224 7 1 14
225 7 1 15
226 7 1 16
227 7 1 17
228 7 1 18
229 7 1 19
230 7 1 20
231 7 1 21
232 7 1 22
233 7 1 23
234 7 1 24
235 7 1 25
236 7 1 26
237 7 1 27
238 7 1 28
239 7 1 29
240 7 1 30
241 7 1 31
242 7 1 32
243 7 1 33
244 7 1 34
245 7 1 35
246 7 1 36
247 7 1 37
248 8 1 16
249 8 1 17
250 8 1 18
251 8 1 19
252 8 1 20
253 8 1 21
254 8 1 22
255 8 1 23
256 8 1 24
257 8 1 25
258 8 1 26
259 8 1 27
260 8 1 28
261 8 1 29
262 8 1 30
263 8 1 31
264 8 1 32
265 8 1 33
266 8 1 34
267 8 1 35
268 8 1 36
269 8 1 37
270 9 1 18
271 9 1 19
272 9 1 20
273 9 1 21
274 9 1 22
275 9 1 23
276 9 1 24
277 9 1 25
278 9 1 26
279 9 1 27
280 9 1 28
281 9 1 29
282 9 1 30
283 9 1 31
284 9 1 32
285 9 1 33
286 9 1 34
287 9 1 35
288 9 1 36
289 9 1 37
290 10 1 20
291 10 1 21
292 10 1 22
293 10 1 23
294 10 1 24
295 10 1 25
296 10 1 26
297 10 1 27
298 10 1 28
299 10 1 29
300 10 1 30
301 10 1 31
302 10 1 32
303 10 1 33
304 10 1 34
305 10 1 35
306 10 1 36
307 10 1 37
308 11 1 22
309 11 1 23
310 11 1 24
311 11 1 25
312 11 1 26
313 11 1 27
314 11 1 28
315 11 1 29
316 11 1 30
317 11 1 31
318 11 1 32
319 11 1 33
320 11 1 34
321 11 1 35
322 11 1 36
323 11 1 37
324 12 1 24
325 12 1 25
326 12 1 26
327 12 1 27
328 12 1 28
329 12 1 29
330 12 1 30
331 12 1 31
332 12 1 32
333 12 1 33
334 12 1 34
335 12 1 35
336 12 1 36
337 12 1 37
338 13 1 26
339 13 1 27
340 13 1 28
341 13 1 29
342 13 1 30
343 13 1 31
344 13 1 32
345 13 1 33
346 13 1 34
347 13 1 35
348 13 1 36
349 13 1 37
350 14 1 28
351 14 1 29
352 14 1 30
353 14 1 31
354 14 1 32
355 14 1 33
356 14 1 34
357 14 1 35
358 14 1 36
359 14 1 37
360 15 1 30
361 15 1 31
362 15 1 32
363 15 1 33
364 15 1 34
365 15 1 35
366 15 1 36
367 15 1 37
368 16 1 32
369 16 1 33
370 16 1 34
371 16 1 35
372 16 1 36
373 16 1 37
374 17 1 34
375 17 1 35
376 17 1 36
377 17 1 37
378 18 1 36
379 18 1 37
380 19 262 38
381 19 262 39
382 18 1 38
383 18 1 39
384 17 262 38
385 17 262 39
386 16 1 38
387 16 1 39
388 15 262 38
389 15 262 39
390 14 1 38
391 14 1 39
392 13 262 38
393 13 262 39
394 12 1 38
395 12 1 39
396 11 262 38
397 11 262 39
398 10 1 38
399 10 1 39
400 9 262 38
401 9 262 39
402 8 1 38
403 8 1 39
404 7 262 38
405 20 262 40
406 20 262 41
407 19 1 40
408 19 1 41
409 18 262 40
410 18 262 41
411 17 1 40
412 17 1 41
413 16 262 40
414 16 262 41
415 15 1 40
416 15 1 41
417 14 262 40
418 14 262 41
419 13 1 40
420 13 1 41
421 12 262 40
422 12 262 41
423 11 1 40
424 11 1 41
425 10 262 40
426 10 262 41
427 9 1 40
428 9 1 41
429 21 262 42
430 21 262 43
431 20 1 42
432 20 1 43
433 19 262 42
434 19 262 43
435 18 1 42
436 18 1 43
437 17 262 42
438 17 262 43
439 16 1 42
440 16 1 43
441 15 262 42
442 15 262 43
443 14 1 42
444 14 1 43
445 13 262 42
446 13 262 43
447 12 1 42
448 12 1 43
449 11 262 42
450 11 262 43
451 10 1 42
452 22 262 44
453 22 262 45
454 21 1 44
455 21 1 45
456 20 262 44
457 20 262 45
458 19 1 44
459 19 1 45
460 18 262 44
461 18 262 45
462 17 1 44
463 17 1 45
464 16 262 44
465 16 262 45
466 15 1 44
467 15 1 45
468 14 262 44
469 14 262 45
470 13 1 44
471 13 1 45
472 12 262 44
473 12 262 45
474 23 262 46
475 23 262 47
476 22 1 46
477 22 1 47
478 21 262 46
479 21 262 47
480 20 1 46
481 20 1 47
482 19 262 46
483 19 262 47
484 18 1 46
485 18 1 47
486 17 262 46
487 17 262 47
488 16 1 46
489 16 1 47
490 15 262 46
491 15 262 47
492 14 1 46
493 14 1 47
494 13 262 46
495 24 262 48
496 24 262 49
497 23 1 48
498 23 1 49
499 22 262 48
500 22 262 49
501 21 1 48
502 21 1 49
503 20 262 48
504 20 262 49
505 19 1 48
506 19 1 49
507 18 262 48
508 18 262 49
509 17 1 48
510 17 1 49
511 16 262 48
512 16 262 49
513 15 1 48
514 15 1 49
515 25 262 50
516 25 262 51
517 24 1 50
518 24 1 51
519 23 262 50
520 23 262 51
521 22 1 50
522 22 1 51
523 21 262 50
524 21 262 51
525 20 1 50
526 20 1 51
527 19 262 50
528 19 262 51
529 18 1 50
530 18 1 51
531 17 262 50
532 17 262 51
533 16 1 50
534 26 262 52
535 26 262 53
536 25 1 52
537 25 1 53
538 24 262 52
539 24 262 53
540 23 1 52
541 23 1 53
542 22 262 52
543 22 262 53
544 21 1 52
545 21 1 53
546 20 262 52
547 20 262 53
548 19 1 52
549 19 1 53
550 18 262 52
551 18 262 53
552 27 262 54
553 27 262 55
554 26 1 54
555 26 1 55
556 25 262 54
557 25 262 55
558 24 1 54
559 24 1 55
560 23 262 54
561 23 262 55
562 22 1 54
563 22 1 55
564 21 262 54
565 21 262 55
566 20 1 54
567 20 1 55
568 19 262 54
569 28 262 56
570 28 262 57
571 27 1 56
572 27 1 57
573 26 262 56
574 26 262 57
575 25 1 56
576 25 1 57
577 24 262 56
578 24 262 57
579 23 1 56
580 23 1 57
581 22 262 56
582 22 262 57
583 21 1 56
584 21 1 57
585 29 262 58
586 29 262 59
587 28 1 58
588 28 1 59
589 27 262 58
590 27 262 59
591 26 1 58
592 26 1 59
593 25 262 58
594 25 262 59
595 24 1 58
596 24 1 59
597 23 262 58
598 23 262 59
599 22 1 58
600 30 262 60
601 30 262 61
602 29 1 60
603 29 1 61
604 28 262 60
605 28 262 61
606 27 1 60
607 27 1 61
608 26 262 60
609 26 262 61
610 25 1 60
611 25 1 61
612 24 262 60
613 24 262 61
614 31 262 62
615 31 262 63
616 30 1 62
617 30 1 63
618 29 262 62
619 29 262 63
620 28 1 62
621 28 1 63
622 27 262 62
623 27 262 63
624 26 1 62
625 26 1 63
626 25 262 62
627 32 262 64
628 32 262 65
629 31 1 64
630 31 1 65
631 30 262 64
632 30 262 65
633 29 1 64
634 29 1 65
635 28 262 64
636 28 262 65
637 27 1 64
638 27 1 65
639 33 262 66
640 33 262 67
641 32 1 66
642 32 1 67
643 31 262 66
644 31 262 67
645 30 1 66
646 30 1 67
647 29 262 66
648 29 262 67
649 28 1 66
650 34 262 68
651 34 262 69
652 33 1 68
653 33 1 69
654 32 262 68
655 32 262 69
656 31 1 68
657 31 1 69
658 30 262 68
659 30 262 69
660 35 262 70
661 35 262 71
662 34 1 70
663 34 1 71
664 33 262 70
665 33 262 71
666 32 1 70
667 32 1 71
668 31 262 70
669 36 262 72
670 36 262 73
671 35 1 72
672 35 1 73
673 34 262 72
674 34 262 73
675 33 1 72
676 33 1 73
677 37 262 74
678 37 262 75
679 36 1 74
680 36 1 75
681 35 262 74
682 35 262 75
683 34 1 74
684 38 262 76
685 38 262 77
686 37 1 76
687 37 1 77
688 36 262 76
689 36 262 77
690 39 262 78
691 39 262 79
692 38 1 78
693 38 1 79
694 37 262 78
695 40 262 80
696 40 262 81
697 39 1 80
698 39 1 81
699 41 262 82
700 41 262 83
701 40 1 82
702 42 262 84
703 42 262 85
704 43 262 86
705 44 98 88
706 43 55 87
707 41 158 84
708 40 35 83
709 38 244 80
710 37 94 79
711 35 227 76
712 34 12 75
713 32 1 72
714 31 175 71
715 29 168 68
716 28 207 67
717 26 83 64
718 25 60 63
719 23 5 60
720 22 86 59
721 20 51 56
722 19 246 55
723 17 152 52
724 45 98 90
725 44 55 89
726 42 158 86
727 41 35 85
728 39 244 82
729 38 94 81
730 36 227 78
731 35 12 77
732 33 1 74
733 32 175 73
734 30 168 70
735 29 207 69
736 27 83 66
737 26 60 65
738 24 5 62
739 23 86 61
740 21 51 58
741 20 246 57
742 46 98 92
743 45 55 91
744 43 158 88
745 42 35 87
746 40 244 84
747 39 94 83
748 37 227 80
749 36 12 79
750 34 1 76
751 33 175 75
752 31 168 72
753 30 207 71
754 28 83 68
755 27 60 67
756 25 5 64
757 24 86 63
758 22 51 60
759 47 98 94
760 46 55 93
761 44 158 90
762 43 35 89
763 41 244 86
764 40 94 85
765 38 227 82
766 37 12 81
767 35 1 78
768 34 175 77
769 32 168 74
770 31 207 73
771 29 83 70
772 28 60 69
773 26 5 66
774 25 86 65
775 48 98 96
776 47 55 95
777 45 158 92
778 44 35 91
779 42 244 88
780 41 94 87
781 39 227 84
782 38 12 83
783 36 1 80
784 35 175 79
785 33 168 76
786 32 207 75
787 30 83 72
788 29 60 71
789 27 5 68
790 49 98 98
791 48 55 97
792 46 158 94
793 45 35 93
794 43 244 90
795 42 94 89
796 40 227 86
797 39 12 85
798 37 1 82
799 36 175 81
800 34 168 78
801 33 207 77
802 31 83 74
803 30 60 73
804 50 98 100
805 49 55 99
806 47 158 96
807 46 35 95
808 44 244 92
809 43 94 91
810 41 227 88
811 40 12 87
812 38 1 84
813 37 175 83
814 35 168 80
815 34 207 79
816 32 83 76
817 51 98 102
818 50 55 101
819 48 158 98
820 47 35 97
821 45 244 94
822 44 94 93
823 42 227 90
824 41 12 89
825 39 1 86
826 38 175 85
827 36 168 82
828 35 207 81
829 52 98 104
830 51 55 103
831 49 158 100
832 48 35 99
833 46 244 96
834 45 94 95
835 43 227 92
836 42 12 91
837 40 1 88
838 39 175 87
839 37 168 84
840 53 98 106
841 52 55 105
842 50 158 102
843 49 35 101
844 47 244 98
845 46 94 97
846 44 227 94
847 43 12 93
848 41 1 90
849 40 175 89
850 54 98 108
851 53 55 107
852 51 158 104
853 50 35 103
854 48 244 100
855 47 94 99
856 45 227 96
857 44 12 95
858 42 1 92
859 55 98 110
860 54 55 109
861 52 158 106
862 51 35 105
863 49 244 102
864 48 94 101
865 46 227 98
866 45 12 97
867 56 98 112
868 55 55 111
869 53 158 108
870 52 35 107
871 50 244 104
872 49 94 103
873 47 227 100
874 57 98 114
875 56 55 113
876 54 158 110
877 53 35 109
878 51 244 106
879 50 94 105
880 58 98 116
881 57 55 115
882 55 158 112
883 54 35 111
884 52 244 108
885 59 98 118
886 58 55 117
887 56 158 114
888 55 35 113
889 60 98 120
890 59 55 119
891 57 158 116
892 61 98 122
893 60 55 121
894 62 98 124
895 63 61 126
896 61 87 123
897 58 94 118
898 56 147 115
899 53 50 110
900 51 67 107
901 48 21 102
902 46 86 99
903 43 235 94
904 41 236 91
905 38 125 86
906 36 36 83
907 33 184 78
908 31 215 75
909 64 61 128
910 62 87 125
911 59 94 120
912 57 147 117
913 54 50 112
914 52 67 109
915 49 21 104
916 47 86 101
917 44 235 96
918 42 236 93
919 39 125 88
920 37 36 85
921 34 184 80
922 65 61 130
923 63 87 127
924 60 94 122
925 58 147 119
926 55 50 114
927 53 67 111
928 50 21 106
929 48 86 103
930 45 235 98
931 43 236 95
932 40 125 90
933 38 36 87
934 66 61 132
935 64 87 129
936 61 94 124
937 59 147 121
938 56 50 116
939 54 67 113
940 51 21 108
941 49 86 105
942 46 235 100
943 44 236 97
944 41 125 92
945 67 61 134
946 65 87 131
947 62 94 126
948 60 147 123
949 57 50 118
950 55 67 115
951 52 21 110
952 50 86 107
953 47 235 102
954 45 236 99
955 68 61 136
956 66 87 133
957 63 94 128
958 61 147 125
959 58 50 120
960 56 67 117
961 53 21 112
962 51 86 109
963 48 235 104
964 69 61 138
965 67 87 135
966 64 94 130
967 62 147 127
968 59 50 122
969 57 67 119
970 54 21 114
971 52 86 111
972 70 61 140
973 68 87 137
974 65 94 132
975 63 147 129
976 60 50 124
977 58 67 121
978 55 21 116
979 71 61 142
980 69 87 139
981 66 94 134
982 64 147 131
983 61 50 126
984 59 67 123
985 72 61 144
986 70 87 141
987 67 94 136
988 65 147 133
989 62 50 128
990 73 61 146
991 71 87 143
992 68 94 138
993 66 147 135
994 74 61 148
995 72 87 145
996 69 94 140
997 75 61 150
998 73 87 147
999 76 61 152
1000 77 218 154
1001 74 47 149
1002 70 170 142
1003 67 27 137
1004 63 176 130
1005 60 161 125
1006 56 241 118
1007 53 210 113
1008 49 200 106
1009 46 171 101
1010 42 238 94
1011 78 218 156
1012 75 47 151
1013 71 170 144
1014 68 27 139
1015 64 176 132
1016 61 161 127
1017 57 241 120
1018 54 210 115
1019 50 200 108
1020 47 171 103
1021 79 218 158
1022 76 47 153
1023 72 170 146
1024 69 27 141
1025 65 176 134
1026 62 161 129
1027 58 241 122
1028 55 210 117
1029 51 200 110
1030 80 218 160
1031 77 47 155
1032 73 170 148
1033 70 27 143
1034 66 176 136
1035 63 161 131
1036 59 241 124
1037 56 210 119
1038 81 218 162
1039 78 47 157
1040 74 170 150
1041 71 27 145
1042 67 176 138
1043 64 161 133
1044 60 241 126
1045 82 218 164
1046 79 47 159
1047 75 170 152
1048 72 27 147
1049 68 176 140
1050 65 161 135
1051 83 218 166
1052 80 47 161
1053 76 170 154
1054 73 27 149
1055 69 176 142
1056 84 218 168
1057 81 47 163
1058 77 170 156
1059 74 27 151
1060 85 218 170
1061 82 47 165
1062 78 170 158
1063 86 218 172
1064 83 47 167
1065 87 218 174
1066 0 1 38
1067 1 259 38
1068 2 16 38
1069 3 199 38
1070 4 256 38
1071 5 28 38
1072 6 151 38
1073 0 166 39
1074 1 44 39
1075 2 16 39
1076 3 165 39
1077 4 95 39
1078 5 99 39
1079 6 247 39
1080 7 78 39
1081 0 262 40
1082 8 234 40
1083 0 1 41
1084 0 1 42
1085 0 1 43
1086 10 85 43
1087 0 262 44
1088 11 255 44
1089 0 1 45
1090 0 1 46
1091 0 1 47
1092 13 96 47
1093 0 262 48
1094 14 25 48
1095 0 1 49
1096 1 1 40
1097 2 259 40
1098 3 16 40
1099 4 199 40
1100 5 256 40
1101 6 28 40
1102 7 151 40
1103 1 166 41
1104 2 44 41
1105 3 16 41
1106 4 165 41
1107 5 95 41
1108 6 99 41
1109 7 247 41
1110 8 78 41
1111 1 262 42
1112 9 234 42
1113 1 1 43
1114 1 1 44
1115 1 1 45
1116 11 85 45
1117 1 262 46
1118 12 255 46
1119 1 1 47
1120 1 1 48
1121 1 1 49
1122 14 96 49
1123 0 18 50
1124 1 1 50
1125 2 1 42
1126 3 259 42
1127 4 16 42
1128 5 199 42
1129 6 256 42
1130 7 28 42
1131 8 151 42
1132 2 166 43
1133 3 44 43
1134 4 16 43
1135 5 165 43
1136 6 95 43
1137 7 99 43
1138 8 247 43
1139 9 78 43
1140 2 262 44
1141 10 234 44
1142 2 1 45
1143 2 1 46
1144 2 1 47
1145 12 85 47
1146 2 262 48
1147 13 255 48
1148 2 1 49
1149 2 1 50
1150 15 50 50
1151 0 229 51
1152 2 1 51
1153 3 1 44
1154 4 259 44
1155 5 16 44
1156 6 199 44
1157 7 256 44
1158 8 28 44
1159 9 151 44
1160 3 166 45
1161 4 44 45
1162 5 16 45
1163 6 165 45
1164 7 95 45
1165 8 99 45
1166 9 247 45
1167 10 78 45
1168 3 262 46
1169 11 234 46
1170 3 1 47
1171 3 1 48
1172 3 1 49
1173 13 85 49
1174 3 262 50
1175 14 255 50
1176 1 32 51
1177 3 103 51
1178 15 14 51
1179 16 11 51
1180 4 1 46
1181 5 259 46
1182 6 16 46
1183 7 199 46
1184 8 256 46
1185 9 28 46
1186 10 151 46
1187 4 166 47
1188 5 44 47
1189 6 16 47
1190 7 165 47
1191 8 95 47
1192 9 99 47
1193 10 247 47
1194 11 78 47
1195 4 262 48
1196 12 234 48
1197 4 1 49
1198 4 1 50
1199 4 1 51
1200 14 85 51
1201 0 210 52
1202 1 2 52
1203 2 230 52
1204 3 34 52
1205 4 262 52
1206 5 1 48
1207 6 259 48
1208 7 16 48
1209 8 199 48
1210 9 256 48
1211 10 28 48
1212 11 151 48
1213 5 166 49
1214 6 44 49
1215 7 16 49
1216 8 165 49
1217 9 95 49
1218 10 99 49
1219 11 247 49
1220 12 78 49
1221 5 262 50
1222 13 234 50
1223 5 1 51
1224 5 1 52
1225 15 27 52
1226 16 75 52
1227 0 240 53
1228 2 176 53
1229 4 212 53
1230 5 262 53
1231 6 1 50
1232 7 259 50
1233 8 16 50
1234 9 199 50
1235 10 256 50
1236 11 28 50
1237 12 151 50
1238 6 166 51
1239 7 44 51
1240 8 16 51
1241 9 165 51
1242 10 95 51
1243 11 99 51
1244 12 247 51
1245 13 78 51
1246 6 262 52
1247 14 234 52
1248 1 164 53
1249 3 23 53
1250 6 234 53
1251 15 237 53
1252 16 29 53
1253 17 254 53
1254 6 262 54
1255 7 1 52
1256 8 259 52
1257 9 16 52
1258 10 199 52
1259 11 256 52
1260 12 28 52
1261 13 151 52
1262 7 166 53
1263 8 44 53
1264 9 16 53
1265 10 165 53
1266 11 95 53
1267 12 99 53
1268 13 247 53
1269 14 78 53
1270 0 244 54
1271 1 56 54
1272 2 8 54
1273 3 18 54
1274 4 231 54
1275 5 213 54
1276 7 262 54
1277 18 126 54
1278 8 1 54
1279 9 259 54
1280 10 16 54
1281 11 199 54
1282 12 256 54
1283 13 28 54
1284 14 151 54
1285 15 35 54
1286 16 78 54
1287 17 139 54
1288 0 256 55
1289 1 198 55
1290 2 191 55
1291 3 72 55
1292 4 30 55
1293 5 260 55
1294 6 71 55
1295 7 142 55
1296 8 46 55
1297 9 260 55
1298 10 214 55
1299 11 223 55
1300 12 178 55
1301 13 176 55
1302 14 123 55
1303 15 223 55
1304 16 72 55
1305 17 188 55
1306 18 51 55
1307 0 98 56
1308 1 90 56
1309 2 208 56
1310 3 4 56
1311 4 111 56
1312 5 127 56
1313 6 112 56
1314 7 242 56
1315 8 160 56
1316 9 74 56
1317 10 40 56
1318 11 83 56
1319 19 171 56
1320 0 228 57
1321 12 57 56
1322 13 64 56
1323 14 232 56
1324 15 253 56
1325 16 68 56
1326 17 80 56
1327 18 162 56
1328 1 162 57
1329 2 121 57
1330 3 254 57
1331 4 166 57
1332 5 58 57
1333 6 116 57
1334 7 108 57
1335 8 87 57
1336 9 22 57
1337 10 241 57
1338 11 252 57
1339 12 49 57
1340 0 82 58
1341 13 224 57
1342 14 185 57
1343 15 156 57
1344 16 23 57
1345 17 240 57
1346 18 118 57
1347 19 187 57
1348 1 179 58
1349 2 113 58
1350 3 246 58
1351 4 72 58
1352 5 29 58
1353 6 187 58
1354 7 190 58
1355 8 91 58
1356 9 161 58
1357 10 67 58
1358 11 64 58
1359 12 248 58
1360 13 68 58
1361 14 45 58
1362 15 97 58
1363 16 103 58
1364 17 41 58
1365 18 116 58
1366 19 78 58
1367 20 127 58
1368 0 16 59
1369 1 244 59
1370 2 26 59
1371 3 198 59
1372 4 200 59
1373 5 246 59
1374 6 152 59
1375 7 98 59
1376 8 242 59
1377 12 1 59
1378 9 132 59
1379 10 26 59
1380 11 73 59
1381 13 192 59
1382 14 32 59
1383 15 162 59
1384 16 158 59
1385 17 168 59
1386 18 111 59
1387 19 234 59
1388 20 13 59
1389 21 73 59
1390 0 118 60
1391 1 157 60
1392 2 106 60
1393 3 58 60
1394 4 118 60
1395 5 65 60
1396 6 58 60
1397 7 96 60
1398 8 206 60
1399 9 179 60
1400 10 165 60
1401 11 32 60
1402 12 121 60
1403 13 63 60
1404 14 59 60
1405 15 89 60
1406 16 78 60
1407 17 95 60
1408 18 254 60
1409 19 227 60
1410 20 212 60
1411 21 22 60
1412 0 165 61
1413 1 249 61
1414 2 91 61
1415 3 156 61
1416 4 164 61
1417 5 161 61
1418 6 99 61
1419 7 4 61
1420 8 10 61
1421 9 162 61
1422 10 170 61
1423 11 149 61
1424 14 182 61
1425 15 262 61
1426 12 89 61
1427 13 25 61
1428 16 184 61
1429 17 104 61
1430 18 5 61
1431 19 219 61
1432 20 61 61
1433 21 41 61
1434 22 252 61
1435 0 127 62
1436 1 214 62
1437 2 243 62
1438 3 214 62
1439 16 262 62
1440 4 202 62
1441 5 45 62
1442 9 78 62
1443 10 66 62
1444 11 247 62
1445 12 18 62
1446 13 201 62
1447 14 153 62
1448 15 73 62
1449 17 100 62
1450 18 92 62
1451 19 11 62
1452 23 258 62
1453 20 222 62
1454 21 158 62
1455 22 241 62
1456 0 75 63
1457 1 177 63
1458 2 243 63
1459 3 8 63
1460 4 10 63
1461 12 31 63
1462 16 231 63
1463 17 188 63
1464 18 1 63
1465 13 188 63
1466 14 225 63
1467 15 105 63
1468 19 202 63
1469 20 78 63
1470 21 172 63
1471 22 147 63
1472 23 111 63
1473 0 185 64
1474 18 173 64
1475 19 1 64
1476 1 224 64
1477 2 228 64
1478 3 125 64
1479 15 92 64
1480 16 141 64
1481 17 117 64
1482 20 186 64
1483 21 194 64
1484 24 103 64
1485 20 1 65
1486 22 6 64
1487 23 103 64
1488 0 176 65
1489 1 254 65
1490 2 246 65
1491 18 134 65
1492 19 142 65
1493 21 1 65
1494 21 1 66
1495 17 119 65
1496 22 120 65
1497 23 172 65
1498 24 107 65
1499 0 115 66
1500 20 202 66
1501 22 1 66
1502 22 1 67
1503 1 246 66
1504 19 175 66
1505 23 135 66
1506 24 164 66
1507 25 173 66
1508 23 1 67
1509 26 60 67
1510 0 116 67
1511 20 10 67
1512 21 146 67
1513 24 1 67
1514 23 193 68
1515 24 262 68
1516 25 262 67
1517 22 145 68
1518 25 1 68
1519 24 207 69
1520 25 262 69
1521 26 1 68
1522 26 1 69
1523 27 233 69
1524 26 262 70
1525 25 39 70
1526 27 262 70
1527 28 182 70
1528 27 250 71
1529 28 1 71
1530 29 1 72
1531 30 140 74
1532 29 193 73
1533 28 35 72
1534 27 149 72
1535 26 57 71
1536 25 160 71
1537 24 183 70
1538 23 40 69
1539 22 20 69
1540 21 253 68
1541 20 258 68
1542 19 134 67
1543 18 196 66
1544 17 98 66
1545 16 214 65
1546 15 107 65
1547 14 78 64
1548 13 39 64
1549 12 151 64
1550 11 56 63
1551 10 28 63
1552 9 14 63
1553 8 256 62
1554 7 128 62
1555 31 140 76
1556 30 193 75
1557 29 35 74
1558 28 114 73
1559 27 57 73
1560 26 103 72
1561 25 183 72
1562 24 40 71
1563 23 243 70
1564 22 253 70
1565 21 5 69
1566 20 134 69
1567 19 196 68
1568 18 165 67
1569 17 214 67
1570 16 156 66
1571 15 78 66
1572 14 224 65
1573 13 112 65
1574 12 56 65
1575 11 235 64
1576 10 249 64
1577 9 256 64
1578 32 123 77
1579 31 193 77
1580 30 35 76
1581 29 114 75
1582 28 206 74
1583 27 103 74
1584 26 80 73
1585 25 40 73
1586 24 243 72
1587 23 10 71
1588 22 5 71
1589 21 129 70
1590 20 196 70
1591 19 165 69
1592 18 49 68
1593 17 156 68
1594 16 185 67
1595 15 224 67
1596 14 151 66
1597 13 207 66
1598 12 235 66
1599 11 14 65
1600 33 123 79
1601 32 70 78
1602 31 35 78
1603 30 114 77
1604 29 206 76
1605 28 160 75
1606 27 80 75
1607 26 223 74
1608 25 243 74
1609 24 10 73
1610 23 258 72
1611 22 129 72
1612 21 67 71
1613 20 165 71
1614 19 49 70
1615 18 107 69
1616 17 185 69
1617 16 39 68
1618 15 151 68
1619 14 56 67
1620 13 28 67
1621 34 123 81
1622 33 70 80
1623 32 228 79
1624 31 114 79
1625 30 206 78
1626 29 160 77
1627 28 183 76
1628 27 223 76
1629 26 20 75
1630 25 10 75
1631 24 258 74
1632 23 134 73
1633 22 67 73
1634 21 98 72
1635 20 49 72
1636 19 107 71
1637 18 78 70
1638 17 39 70
1639 16 112 69
1640 15 56 69
1641 35 140 82
1642 34 70 82
1643 33 228 81
1644 32 149 80
1645 31 206 80
1646 30 160 79
1647 29 183 78
1648 28 40 77
1649 27 20 77
1650 26 253 76
1651 25 258 76
1652 24 134 75
1653 23 196 74
1654 22 98 74
1655 21 214 73
1656 20 107 73
1657 19 78 72
1658 18 224 71
1659 17 112 71
1660 36 140 84
1661 35 193 83
1662 34 228 83
1663 33 149 82
1664 32 57 81
1665 31 160 81
1666 30 183 80
1667 29 40 79
1668 28 243 78
1669 27 253 78
1670 26 5 77
1671 25 134 77
1672 24 196 76
1673 23 165 75
1674 22 214 75
1675 21 156 74
1676 20 78 74
1677 19 224 73
1678 37 140 86
1679 36 193 85
1680 35 35 84
1681 34 149 84
1682 33 57 83
1683 32 103 82
1684 31 183 82
1685 30 40 81
1686 29 243 80
1687 28 10 79
1688 27 5 79
1689 26 129 78
1690 25 196 78
1691 24 165 77
1692 23 49 76
1693 22 156 76
1694 21 185 75
1695 38 140 88
1696 37 193 87
1697 36 35 86
1698 35 114 85
1699 34 57 85
1700 33 103 84
1701 32 80 83
1702 31 40 83
1703 30 243 82
1704 29 10 81
1705 28 258 80
1706 27 129 80
1707 26 67 79
1708 25 165 79
1709 24 49 78
1710 23 107 77
1711 39 123 89
1712 38 193 89
1713 37 35 88
1714 36 114 87
1715 35 206 86
1716 34 103 86
1717 33 80 85
1718 32 223 84
1719 31 243 84
1720 30 10 83
1721 29 258 82
1722 28 134 81
1723 27 67 81
1724 26 98 80
1725 25 49 80
1726 40 123 91
1727 39 70 90
1728 38 35 90
1729 37 114 89
1730 36 206 88
1731 35 160 87
1732 34 80 87
1733 33 223 86
1734 32 20 85
1735 31 10 85
1736 30 258 84
1737 29 134 83
1738 28 196 82
1739 27 98 82
1740 41 123 93
1741 40 70 92
1742 39 228 91
1743 38 114 91
1744 37 206 90
1745 36 160 89
1746 35 183 88
1747 34 223 88
1748 33 20 87
1749 32 253 86
1750 31 258 86
1751 30 134 85
1752 29 196 84
1753 42 123 95
1754 41 70 94
1755 40 228 93
1756 39 149 92
1757 38 206 92
1758 37 160 91
1759 36 183 90
1760 35 40 89
1761 34 20 89
1762 33 253 88
1763 32 5 87
1764 31 134 87
1765 43 140 96
1766 42 70 96
1767 41 228 95
1768 40 149 94
1769 39 57 93
1770 38 160 93
1771 37 183 92
1772 36 40 91
1773 35 243 90
1774 34 253 90
1775 33 5 89
1776 44 140 98
1777 43 193 97
1778 42 228 97
1779 41 149 96
1780 40 57 95
1781 39 103 94
1782 38 183 94
1783 37 40 93
1784 36 243 92
1785 35 10 91
1786 45 140 100
1787 44 193 99
1788 43 35 98
1789 42 149 98
1790 41 57 97
1791 40 103 96
1792 39 80 95
1793 38 40 95
1794 37 243 94
1795 46 140 102
1796 45 193 101
1797 44 35 100
1798 43 114 99
1799 42 57 99
1800 41 103 98
1801 40 80 97
1802 39 223 96
1803 47 140 104
1804 46 193 103
1805 45 35 102
1806 44 114 101
1807 43 206 100
1808 42 103 100
1809 41 80 99
1810 48 123 105
1811 47 193 105
1812 46 35 104
1813 45 114 103
1814 44 206 102
1815 43 160 101
1816 49 123 107
1817 48 70 106
1818 47 35 106
1819 46 114 105
1820 45 206 104
1821 50 123 109
1822 49 70 108
1823 48 228 107
1824 47 114 107
1825 51 123 111
1826 50 70 110
1827 49 228 109
1828 52 140 112
1829 51 70 112
1830 53 140 114
1831 54 181 116
1832 52 150 113
1833 50 191 111
1834 48 260 108
1835 46 33 106
1836 44 100 103
1837 42 215 101
1838 40 261 98
1839 38 22 96
1840 36 242 93
1841 34 231 91
1842 32 174 88
1843 30 190 86
1844 28 249 83
1845 26 154 81
1846 24 147 79
1847 22 224 77
1848 20 166 75
1849 18 248 72
1850 55 181 118
1851 53 150 115
1852 51 191 113
1853 49 260 110
1854 47 33 108
1855 45 100 105
1856 43 48 102
1857 41 261 100
1858 39 241 97
1859 37 242 95
1860 35 32 92
1861 33 174 90
1862 31 190 88
1863 29 249 85
1864 27 154 83
1865 25 147 81
1866 23 39 78
1867 21 97 76
1868 56 181 120
1869 54 150 117
1870 52 72 114
1871 50 260 112
1872 48 230 109
1873 46 100 107
1874 44 48 104
1875 42 261 102
1876 40 241 99
1877 38 242 97
1878 36 32 94
1879 34 174 92
1880 32 73 89
1881 30 249 87
1882 28 109 84
1883 26 116 82
1884 24 39 80
1885 57 82 121
1886 55 150 119
1887 53 72 116
1888 51 260 114
1889 49 230 111
1890 47 100 109
1891 45 48 106
1892 43 2 103
1893 41 241 101
1894 39 21 98
1895 37 32 96
1896 35 89 93
1897 33 73 91
1898 31 249 89
1899 29 109 86
1900 27 116 84
1901 58 82 123
1902 56 150 121
1903 54 72 118
1904 52 3 115
1905 50 230 113
1906 48 163 110
1907 46 48 108
1908 44 2 105
1909 42 241 103
1910 40 21 100
1911 38 32 98
1912 36 89 95
1913 34 73 93
1914 32 14 90
1915 30 109 88
1916 59 82 125
1917 57 113 122
1918 55 72 120
1919 53 3 117
1920 51 230 115
1921 49 163 112
1922 47 48 110
1923 45 2 107
1924 43 22 104
1925 41 21 102
1926 39 231 99
1927 37 89 97
1928 35 190 94
1929 33 14 92
1930 60 82 127
1931 58 113 124
1932 56 72 122
1933 54 3 119
1934 52 33 116
1935 50 163 114
1936 48 215 111
1937 46 2 109
1938 44 22 106
1939 42 21 104
1940 40 231 101
1941 38 89 99
1942 36 190 96
1943 61 181 128
1944 59 113 126
1945 57 191 123
1946 55 3 121
1947 53 33 118
1948 51 163 116
1949 49 215 113
1950 47 2 111
1951 45 22 108
1952 43 242 105
1953 41 231 103
1954 39 174 100
1955 62 181 130
1956 60 113 128
1957 58 191 125
1958 56 3 123
1959 54 33 120
1960 52 100 117
1961 50 215 115
1962 48 261 112
1963 46 22 110
1964 44 242 107
1965 42 231 105
1966 63 181 132
1967 61 150 129
1968 59 191 127
1969 57 260 124
1970 55 33 122
1971 53 100 119
1972 51 215 117
1973 49 261 114
1974 47 22 112
1975 45 242 109
1976 64 181 134
1977 62 150 131
1978 60 191 129
1979 58 260 126
1980 56 33 124
1981 54 100 121
1982 52 48 118
1983 50 261 116
1984 48 241 113
1985 65 181 136
1986 63 150 133
1987 61 72 130
1988 59 260 128
1989 57 230 125
1990 55 100 123
1991 53 48 120
1992 51 261 118
1993 66 82 137
1994 64 150 135
1995 62 72 132
1996 60 260 130
1997 58 230 127
1998 56 100 125
1999 54 48 122
2000 67 82 139
2001 65 150 137
2002 63 72 134
2003 61 3 131
2004 59 230 129
2005 57 163 126
2006 68 82 141
2007 66 113 138
2008 64 72 136
2009 62 3 133
2010 60 230 131
2011 69 82 143
2012 67 113 140
2013 65 72 138
2014 63 3 135
2015 70 181 144
2016 68 113 142
2017 66 191 139
2018 71 181 146
2019 69 113 144
2020 72 181 148
2021 73 55 150
2022 70 199 145
2023 67 222 141
2024 64 134 137
2025 61 21 132
2026 58 34 128
2027 55 30 124
2028 52 252 119
2029 49 145 115
2030 46 97 111
2031 43 131 106
2032 40 162 102
2033 37 112 98
2034 34 6 94
2035 31 160 90
2036 28 29 85
2037 74 55 152
2038 71 199 147
2039 68 222 143
2040 65 134 139
2041 62 21 134
2042 59 34 130
2043 56 30 126
2044 53 252 121
2045 50 145 117
2046 47 97 113
2047 44 131 108
2048 41 162 104
2049 38 112 100
2050 35 257 95
2051 32 103 91
2052 75 208 153
2053 72 199 149
2054 69 222 145
2055 66 129 140
2056 63 21 136
2057 60 34 132
2058 57 233 127
2059 54 252 123
2060 51 145 119
2061 48 166 114
2062 45 131 110
2063 42 162 106
2064 39 151 101
2065 36 257 97
2066 76 208 155
2067 73 199 151
2068 70 41 146
2069 67 129 142
2070 64 21 138
2071 61 229 133
2072 58 233 129
2073 55 252 125
2074 52 118 120
2075 49 166 116
2076 46 131 112
2077 43 101 107
2078 40 151 103
2079 77 208 157
2080 74 199 153
2081 71 41 148
2082 68 129 144
2083 65 21 140
2084 62 229 135
2085 59 233 131
2086 56 252 127
2087 53 118 122
2088 50 166 118
2089 47 131 114
2090 44 101 109
2091 78 208 159
2092 75 64 154
2093 72 41 150
2094 69 129 146
2095 66 242 141
2096 63 229 137
2097 60 233 133
2098 57 11 128
2099 54 118 124
2100 51 166 120
2101 48 132 115
2102 79 55 160
2103 76 64 156
2104 73 41 152
2105 70 134 147
2106 67 242 143
2107 64 229 139
2108 61 30 134
2109 58 11 130
2110 55 118 126
2111 52 97 121
2112 80 55 162
2113 77 64 158
2114 74 41 154
2115 71 134 149
2116 68 242 145
2117 65 229 141
2118 62 30 136
2119 59 11 132
2120 56 118 128
2121 81 55 164
2122 78 64 160
2123 75 222 155
2124 72 134 151
2125 69 242 147
2126 66 34 142
2127 63 30 138
2128 60 11 134
2129 82 55 166
2130 79 199 161
2131 76 222 157
2132 73 134 153
2133 70 21 148
2134 67 34 144
2135 64 30 140
2136 83 55 168
2137 80 199 163
2138 77 222 159
2139 74 134 155
2140 71 21 150
2141 68 34 146
2142 84 208 169
2143 81 199 165
2144 78 222 161
2145 75 129 156
2146 72 21 152
2147 85 208 171
2148 82 199 167
2149 79 41 162
2150 76 129 158
2151 86 208 173
2152 83 199 169
2153 80 41 164
2154 87 208 175
2155 84 64 170
2156 88 55 176
2157 6 206 62
2158 5 35 63
2159 6 183 63
2160 7 243 63
2161 4 241 64
2162 5 247 64
2163 3 136 65
2164 4 49 65
2165 2 13 66
2166 3 108 66
2167 1 101 67
2168 2 79 67
2169 0 48 68
2170 1 95 68
2171 0 160 69
2172 0 160 70
2173 0 160 71
2174 0 160 72
2175 0 160 73
2176 0 160 74
2177 0 160 75
2178 0 160 76
2179 0 160 77
2180 8 194 63
2181 6 228 64
2182 7 80 64
2183 5 220 65
2184 8 258 64
2185 6 74 65
2186 7 120 65
2187 4 228 66
2188 5 5 66
2189 3 241 67
2190 4 259 67
2191 2 79 68
2192 3 91 68
2193 1 127 69
2194 2 185 69
2195 1 80 70
2196 1 80 71
2197 1 80 72
2198 1 80 73
2199 1 80 74
2200 1 80 75
2201 8 250 65
2202 10 42 65
2203 9 83 65
2204 6 156 66
2205 7 261 66
2206 8 223 66
2207 9 67 66
2208 5 205 67
2209 6 145 67
2210 7 235 67
2211 4 172 68
2212 5 46 68
2213 3 251 69
2214 4 42 69
2215 2 115 70
2216 3 174 70
2217 2 40 71
2218 2 40 72
2219 2 40 73
2220 10 95 66
2221 8 52 67
2222 11 142 66
2223 9 194 67
2224 10 45 67
2225 6 34 68
2226 11 178 67
2227 7 70 68
2228 8 187 68
2229 5 30 69
2230 9 122 68
2231 6 69 69
2232 7 160 69
2233 4 34 70
2234 5 151 70
2235 3 149 71
2236 4 98 71
2237 12 115 67
2238 10 146 68
2239 11 42 68
2240 13 188 68
2241 12 96 68
2242 8 55 69
2243 9 234 69
2244 10 69 69
2245 11 193 69
2246 6 160 70
2247 7 225 70
2248 8 211 70
2249 9 172 70
2250 5 54 71
2251 6 246 71
2252 14 70 68
2253 12 66 69
2254 13 37 69
2255 10 3 70
2256 14 47 69
2257 11 253 70
2258 12 150 70
2259 7 64 71
2260 13 26 70
2261 8 262 71
2262 9 248 71
2263 3 100 72
2264 10 25 71
2265 14 17 70
2266 16 26 70
2267 15 114 70
2268 11 202 71
2269 12 117 71
2270 14 113 71
2271 15 54 71
2272 4 15 72
2273 5 78 72
2274 6 30 72
2275 7 251 72
2276 16 159 71
2277 8 261 72
2278 15 193 72
2279 17 125 72
2280 16 103 72
2281 3 79 73
2282 4 138 73
2283 5 227 73
2284 6 151 73
2285 7 55 73
2286 2 174 74
2287 17 26 73
2288 3 22 74
2289 18 97 73
2290 4 163 74
2291 5 191 74
2292 19 64 74
2293 2 93 75
2294 3 88 75
2295 1 79 76
2296 4 126 75
2297 2 148 76
2298 1 173 77
2299 20 247 76
2300 0 138 78
2301 9 70 72
2302 13 223 71
2303 10 24 72
2304 11 51 72
2305 12 4 72
2306 13 91 72
2307 14 143 72
2308 8 198 73
2309 9 226 73
2310 10 212 73
2311 11 43 73
2312 12 135 73
2313 13 253 73
2314 15 82 73
2315 16 234 73
2316 6 146 74
2317 7 21 74
2318 8 23 74
2319 9 203 74
2320 16 206 74
2321 17 156 74
2322 18 217 74
2323 5 97 75
2324 6 4 75
2325 7 50 75
2326 8 5 75
2327 18 112 75
2328 19 196 75
2329 3 256 76
2330 4 122 76
2331 10 70 74
2332 14 223 73
2333 11 24 74
2334 12 51 74
2335 13 4 74
2336 14 91 74
2337 15 143 74
2338 9 198 75
2339 10 226 75
2340 11 212 75
2341 12 43 75
2342 13 135 75
2343 14 253 75
2344 16 82 75
2345 17 234 75
2346 5 91 76
2347 6 160 76
2348 7 209 76
2349 8 92 76
2350 9 50 76
2351 10 110 76
2352 17 40 76
2353 18 247 76
2354 19 132 76
2355 2 22 77
2356 3 177 77
2357 4 190 77
2358 5 54 77
2359 6 77 77
2360 11 70 76
2361 15 223 75
2362 12 24 76
2363 13 51 76
2364 14 4 76
2365 15 91 76
2366 16 143 76
2367 7 85 77
2368 8 152 77
2369 9 208 77
2370 10 81 77
2371 11 123 77
2372 12 32 77
2373 13 36 77
2374 14 183 77
2375 15 102 77
2376 17 201 77
2377 18 245 77
2378 19 54 77
2379 20 218 77
2380 21 178 77
2381 1 177 78
2382 2 16 78
2383 3 32 78
2384 4 79 78
2385 5 99 78
2386 6 184 78
2387 7 167 78
2388 8 71 78
2389 16 223 77
2390 9 132 78
2391 10 54 78
2392 11 135 78
2393 12 188 78
2394 13 158 78
2395 14 136 78
2396 15 259 78
2397 16 117 78
2398 17 165 78
2399 18 93 78
2400 19 210 78
2401 20 147 78
2402 21 56 78
2403 22 178 78
2404 0 144 79
2405 1 53 79
2406 2 217 79
2407 3 251 79
2408 4 51 79
2409 5 82 79
2410 6 112 79
2411 7 174 79
2412 8 164 79
2413 9 17 79
2414 10 66 79
2415 11 152 79
2416 12 147 79
2417 13 44 79
2418 14 156 79
2419 15 47 79
2420 16 260 79
2421 17 34 79
2422 18 247 79
2423 19 103 79
2424 20 36 79
2425 21 94 79
2426 22 108 79
2427 23 243 79
2428 0 253 80
2429 1 55 80
2430 2 102 80
2431 3 256 80
2432 4 232 80
2433 5 4 80
2434 6 138 80
2435 7 123 80
2436 8 202 80
2437 9 259 80
2438 10 97 80
2439 11 165 80
2440 12 202 80
2441 13 222 80
2442 14 162 80
2443 15 258 80
2444 16 234 80
2445 17 71 80
2446 18 120 80
2447 19 22 80
2448 20 79 80
2449 21 219 80
2450 22 240 80
2451 23 119 80
2452 0 30 81
2453 1 1 81
2454 2 89 81
2455 3 166 81
2456 4 26 81
2457 5 5 81
2458 6 68 81
2459 7 231 81
2460 8 47 81
2461 9 233 81
2462 10 94 81
2463 11 155 81
2464 12 120 81
2465 13 102 81
2466 14 110 81
2467 15 70 81
2468 16 259 81
2469 17 229 81
2470 18 117 81
2471 19 176 81
2472 20 176 81
2473 21 222 81
2474 22 116 81
2475 23 66 81
2476 24 146 81
2477 0 78 82
2478 1 219 82
2479 2 27 82
2480 3 1 82
2481 4 225 82
2482 5 195 82
2483 6 82 82
2484 7 120 82
2485 8 181 82
2486 9 240 82
2487 10 206 82
2488 11 43 82
2489 12 19 82
2490 13 99 82
2491 15 140 82
2492 14 117 82
2493 16 193 82
2494 17 262 82
2495 18 67 82
2496 19 216 82
2497 20 115 82
2498 21 234 82
2499 22 117 82
2500 23 34 82
2501 24 82 82
2502 25 144 82
2503 0 158 83
2504 1 248 83
2505 2 168 83
2506 3 173 83
2507 4 80 83
2508 5 260 83
2509 6 255 83
2510 7 93 83
2511 8 49 83
2512 9 18 83
2513 10 39 83
2514 11 79 83
2515 12 201 83
2516 13 153 83
2517 14 68 83
2518 15 165 83
2519 16 206 83
2520 17 116 83
2521 18 239 83
2522 19 32 83
2523 20 39 83
2524 21 4 83
2525 22 121 83
2526 23 145 83
2527 24 65 83
2528 25 191 83
2529 26 168 83
2530 0 257 84
2531 1 217 84
2532 2 103 84
2533 3 196 84
2534 4 252 84
2535 5 99 84
2536 6 143 84
2537 7 216 84
2538 8 79 84
2539 9 245 84
2540 10 250 84
2541 11 29 84
2542 12 14 84
2543 13 56 84
2544 14 224 84
2545 15 181 84
2546 16 27 84
2547 17 204 84
2548 18 2 84
2549 19 61 84
2550 20 233 84
2551 21 41 84
2552 22 90 84
2553 23 223 84
2554 24 158 84
2555 25 31 84
2556 26 123 84
2557 0 251 85
2558 1 7 85
2559 2 229 85
2560 3 133 85
2561 4 195 85
2562 5 96 85
2563 6 157 85
2564 7 21 85
2565 8 12 85
2566 9 102 85
2567 10 261 85
2568 11 149 85
2569 12 182 85
2570 13 215 85
2571 14 80 85
2572 15 94 85
2573 16 113 85
2574 17 69 85
2575 18 54 85
2576 19 203 85
2577 20 236 85
2578 21 136 85
2579 22 161 85
2580 23 244 85
2581 24 251 85
2582 25 247 85
2583 26 42 85
2584 27 221 85
2585 0 12 86
2586 1 179 86
2587 2 102 86
2588 3 238 86
2589 4 214 86
2590 5 167 86
2591 9 151 86
2592 11 231 86
2593 12 134 86
2594 13 139 86
2595 14 261 86
2596 15 212 86
2597 16 78 86
2598 17 29 86
2599 18 105 86
2600 19 202 86
2601 20 162 86
2602 21 182 86
2603 22 172 86
2604 23 20 86
2605 24 80 86
2606 25 244 86
2607 26 227 86
2608 27 185 86
2609 28 5 86
2610 0 163 87
2611 1 177 87
2612 2 115 87
2613 3 3 87
2614 4 126 87
2615 5 248 87
2616 15 131 87
2617 17 146 87
2618 18 42 87
2619 19 116 87
2620 20 231 87
2621 21 83 87
2622 22 177 87
2623 23 47 87
2624 24 58 87
2625 25 260 87
2626 26 82 87
2627 27 217 87
2628 28 53 87
2629 29 183 87
2630 0 167 88
2631 1 244 88
2632 2 31 88
2633 3 225 88
2634 4 21 88
2635 17 15 88
2636 18 220 88
2637 19 7 88
2638 20 41 88
2639 21 203 88
2640 22 88 88
2641 23 12 88
2642 24 86 88
2643 25 203 88
2644 26 148 88
2645 27 15 88
2646 28 228 88
2647 29 175 88
2648 0 77 89
2649 1 184 89
2650 2 137 89
2651 3 113 89
2652 4 70 89
2653 20 128 89
2654 21 112 89
2655 22 5 89
2656 23 187 89
2657 24 28 89
2658 25 149 89
2659 26 27 89
2660 27 177 89
2661 28 14 89
2662 29 205 89
2663 30 176 89
2664 0 167 90
2665 1 188 90
2666 2 114 90
2667 3 224 90
2668 20 15 90
2669 21 95 90
2670 22 137 90
2671 23 45 90
2672 24 84 90
2673 25 237 90
2674 26 164 90
2675 27 260 90
2676 28 93 90
2677 29 210 90
2678 30 66 90
2679 0 224 91
2680 1 235 91
2681 2 196 91
2682 3 4 91
2683 23 194 91
2684 24 138 91
2685 25 110 91
2686 26 53 91
2687 27 158 91
2688 28 191 91
2689 29 41 91
2690 30 188 91
2691 31 244 91
2692 0 15 92
2693 1 66 92
2694 2 59 92
2695 24 77 92
2696 25 32 92
2697 26 212 92
2698 27 45 92
2699 28 181 92
2700 29 152 92
2701 30 182 92
2702 31 247 92
2703 32 241 92
2704 0 207 93
2705 1 52 93
2706 2 110 93
2707 26 180 93
2708 27 153 93
2709 28 59 93
2710 29 34 93
2711 30 41 93
2712 31 30 93
2713 32 197 93
2714 33 229 93
2715 0 210 94
2716 1 9 94
2717 27 89 94
2718 28 106 94
2719 29 15 94
2720 30 217 94
2721 31 186 94
2722 32 135 94
2723 33 110 94
2724 0 145 95
2725 1 123 95
2726 29 37 95
2727 30 78 95
2728 31 119 95
2729 32 92 95
2730 34 224 95
2731 33 146 95
2732 0 259 96
2733 30 123 96
2734 32 39 96
2735 31 78 96
2736 33 208 96
2737 34 71 96
2738 35 151 96
2739 0 176 97
2740 34 39 97
2741 31 179 97
2742 33 224 97
2743 32 224 97
2744 35 160 97
2745 36 151 98
2746 32 1 98
2747 35 112 98
2748 34 224 98
2749 34 224 99
2750 33 39 98
2751 37 112 99
2752 36 112 99
2753 36 112 100
2754 35 151 99
2755 35 151 100
2756 38 112 101
2757 37 151 100
2758 37 151 101
2759 36 151 101
2760 39 207 102
2761 38 151 102
2762 38 151 103
2763 40 207 104
2764 39 56 103
2765 41 56 105
2766 42 245 107
2767 40 133 105
2768 39 131 104
2769 37 22 102
2770 36 95 102
2771 34 28 100
2772 33 166 99
2773 31 203 98
2774 30 20 97
2775 28 86 95
2776 27 145 95
2777 25 195 93
2778 24 65 93
2779 22 33 91
2780 21 11 91
2781 19 42 89
2782 18 14 89
2783 16 173 87
2784 15 60 88
2785 13 10 87
2786 12 182 87
2787 10 118 86
2788 9 9 87
2789 7 133 86
2790 6 1 86
2791 43 9 108
2792 41 130 106
2793 40 131 106
2794 38 22 104
2795 37 168 103
2796 35 249 101
2797 34 166 101
2798 32 30 99
2799 31 20 99
2800 29 177 96
2801 28 59 96
2802 26 34 94
2803 25 198 94
2804 23 115 92
2805 22 252 92
2806 20 42 91
2807 19 249 90
2808 17 173 89
2809 16 30 88
2810 14 5 87
2811 13 172 88
2812 11 204 87
2813 10 136 87
2814 8 198 86
2815 44 9 110
2816 42 130 108
2817 41 132 107
2818 39 252 105
2819 38 168 105
2820 36 249 103
2821 35 180 102
2822 33 233 100
2823 32 253 100
2824 30 177 98
2825 29 204 97
2826 27 34 96
2827 26 164 95
2828 24 115 94
2829 23 137 93
2830 21 242 92
2831 20 249 92
2832 18 45 90
2833 17 30 90
2834 15 5 89
2835 14 86 88
2836 12 59 88
2837 11 195 88
2838 45 254 111
2839 43 198 109
2840 42 132 109
2841 40 252 107
2842 39 179 106
2843 37 14 104
2844 36 180 104
2845 34 233 102
2846 33 10 101
2847 31 177 100
2848 30 204 99
2849 28 246 97
2850 27 164 97
2851 25 148 95
2852 24 137 95
2853 22 21 93
2854 21 7 93
2855 19 218 91
2856 18 248 91
2857 16 134 89
2858 15 86 90
2859 13 102 89
2860 46 254 113
2861 44 198 111
2862 43 197 110
2863 41 11 108
2864 40 179 108
2865 38 14 106
2866 37 83 105
2867 35 15 103
2868 34 10 103
2869 32 43 101
2870 31 204 101
2871 29 17 98
2872 28 181 98
2873 26 189 96
2874 25 126 96
2875 23 121 94
2876 22 256 94
2877 20 218 93
2878 19 15 92
2879 17 134 91
2880 16 43 90
2881 47 254 115
2882 45 65 112
2883 44 197 112
2884 42 11 110
2885 41 84 109
2886 39 256 107
2887 38 83 107
2888 36 15 105
2889 35 258 104
2890 33 220 102
2891 32 161 102
2892 30 17 100
2893 29 82 99
2894 27 189 98
2895 26 200 97
2896 24 121 96
2897 23 135 95
2898 21 154 94
2899 20 15 94
2900 18 196 92
2901 48 136 116
2902 46 65 114
2903 45 66 113
2904 43 126 111
2905 42 84 111
2906 40 256 109
2907 39 90 108
2908 37 248 106
2909 36 258 106
2910 34 220 104
2911 33 102 103
2912 31 17 102
2913 30 82 101
2914 28 37 99
2915 27 200 99
2916 25 142 97
2917 24 135 97
2918 22 109 95
2919 21 124 95
2920 49 127 117
2921 47 65 116
2922 46 66 115
2923 44 126 113
2924 43 221 112
2925 41 7 110
2926 40 90 110
2927 38 248 108
2928 37 5 107
2929 35 153 105
2930 34 102 105
2931 32 123 103
2932 31 82 103
2933 29 226 100
2934 28 163 100
2935 26 192 98
2936 25 128 98
2937 23 77 96
2938 50 127 119
2939 48 99 117
2940 47 66 117
2941 45 137 114
2942 44 221 114
2943 42 7 112
2944 41 173 111
2945 39 139 109
2946 38 5 109
2947 36 153 107
2948 35 212 106
2949 33 140 104
2950 32 222 104
2951 30 226 102
2952 29 100 101
2953 27 192 100
2954 26 199 99
2955 51 127 121
2956 49 164 118
2957 48 230 118
2958 46 137 116
2959 45 42 115
2960 43 128 113
2961 42 173 113
2962 40 139 111
2963 39 129 110
2964 37 110 108
2965 36 212 108
2966 34 140 106
2967 33 41 105
2968 31 226 104
2969 30 100 103
2970 28 167 101
2971 52 68 122
2972 50 164 120
2973 49 33 119
2974 47 137 118
2975 46 42 117
2976 44 128 115
2977 43 45 114
2978 41 124 112
2979 40 129 112
2980 38 110 110
2981 37 51 109
2982 35 193 107
2983 34 41 107
2984 32 150 105
2985 31 100 105
2986 53 195 123
2987 51 164 122
2988 50 33 121
2989 48 63 119
2990 47 42 119
2991 45 135 116
2992 44 45 116
2993 42 124 114
2994 41 134 113
2995 39 208 111
2996 38 51 111
2997 36 193 109
2998 35 111 108
2999 33 113 106
3000 54 195 125
3001 52 181 123
3002 51 33 123
3003 49 200 120
3004 48 242 120
3005 46 135 118
3006 45 218 117
3007 43 201 115
3008 42 134 115
3009 40 208 113
3010 39 106 112
3011 37 70 110
3012 36 111 110
3013 55 195 127
3014 53 82 124
3015 52 115 124
3016 50 200 122
3017 49 21 121
3018 47 135 120
3019 46 218 119
3020 44 201 117
3021 43 196 116
3022 41 55 114
3023 40 106 114
3024 38 70 112
3025 56 195 129
3026 54 82 126
3027 53 148 125
3028 51 200 124
3029 50 21 123
3030 48 64 121
3031 47 218 121
3032 45 62 118
3033 44 196 118
3034 42 55 116
3035 41 157 115
3036 57 229 129
3037 55 82 128
3038 54 148 127
3039 52 163 125
3040 51 21 125
3041 49 199 122
3042 48 154 122
3043 46 62 120
3044 45 67 119
3045 43 104 117
3046 58 229 131
3047 56 82 130
3048 55 148 129
3049 53 100 126
3050 52 121 126
3051 50 199 124
3052 49 109 123
3053 47 62 122
3054 46 67 121
3055 59 229 133
3056 57 41 130
3057 56 148 131
3058 54 100 128
3059 53 142 127
3060 51 199 126
3061 50 109 125
3062 48 232 123
3063 60 229 135
3064 58 41 132
3065 57 74 131
3066 55 100 130
3067 54 142 129
3068 52 32 127
3069 51 109 127
3070 61 246 135
3071 59 41 134
3072 58 74 133
3073 56 100 132
3074 55 142 131
3075 53 231 128
3076 62 246 137
3077 60 41 136
3078 59 74 135
3079 57 50 132
3080 56 142 133
3081 63 246 139
3082 61 152 136
3083 60 74 137
3084 58 50 134
3085 64 246 141
3086 62 152 138
3087 61 37 137
3088 65 17 142
3089 63 152 140
3090 66 123 143
3091 67 58 145
3092 64 213 142
3093 62 196 139
3094 59 221 136
3095 57 91 133
3096 54 112 130
3097 52 155 128
3098 49 52 124
3099 47 213 123
3100 44 51 119
3101 42 221 117
3102 39 127 113
3103 37 112 111
3104 34 239 108
3105 32 211 106
3106 29 64 102
3107 27 161 101
3108 24 97 98
3109 22 245 96
3110 19 79 93
3111 17 96 92
3112 14 17 89
3113 68 58 147
3114 65 50 143
3115 63 196 141
3116 60 221 138
3117 58 91 135
3118 55 112 132
3119 53 108 129
3120 50 52 126
3121 48 25 124
3122 45 212 120
3123 43 21 118
3124 40 127 115
3125 38 112 113
3126 35 12 109
3127 33 52 107
3128 30 64 104
3129 28 51 102
3130 25 166 99
3131 23 9 97
3132 20 79 95
3133 18 215 93
3134 69 205 148
3135 66 238 144
3136 64 196 143
3137 61 242 138
3138 59 91 137
3139 56 112 134
3140 54 108 131
3141 51 52 128
3142 49 238 125
3143 46 212 122
3144 44 21 120
3145 41 136 116
3146 39 207 114
3147 36 12 111
3148 34 52 109
3149 31 64 106
3150 29 212 103
3151 26 180 100
3152 24 9 99
3153 21 92 96
3154 70 29 149
3155 67 238 146
3156 65 67 144
3157 62 242 140
3158 60 91 139
3159 57 56 134
3160 55 108 133
3161 52 237 129
3162 50 238 127
3163 47 212 124
3164 45 242 121
3165 42 136 118
3166 40 207 116
3167 37 251 112
3168 35 237 110
3169 32 231 107
3170 30 212 105
3171 27 180 102
3172 25 254 100
3173 71 29 151
3174 68 238 148
3175 66 98 145
3176 63 242 142
3177 61 177 139
3178 58 56 136
3179 56 108 135
3180 53 26 130
3181 51 238 129
3182 48 157 125
3183 46 242 123
3184 43 195 119
3185 41 56 117
3186 38 251 114
3187 36 237 112
3188 33 32 108
3189 31 212 107
3190 28 173 103
3191 72 29 153
3192 69 25 149
3193 67 98 147
3194 64 242 144
3195 62 177 141
3196 59 56 138
3197 57 54 135
3198 54 26 132
3199 52 144 130
3200 49 106 126
3201 47 242 125
3202 44 195 121
3203 42 56 119
3204 39 6 115
3205 37 26 113
3206 34 32 110
3207 32 157 108
3208 73 234 154
3209 70 119 150
3210 68 98 149
3211 65 21 145
3212 63 177 143
3213 60 56 140
3214 58 54 137
3215 55 26 134
3216 53 119 131
3217 50 106 128
3218 48 142 126
3219 45 68 122
3220 43 235 120
3221 40 6 117
3222 38 26 115
3223 35 247 111
3224 74 234 156
3225 71 119 152
3226 69 165 150
3227 66 121 146
3228 64 177 145
3229 61 28 140
3230 59 54 139
3231 56 26 136
3232 54 119 133
3233 51 106 130
3234 49 121 127
3235 46 68 124
3236 44 235 122
3237 41 257 118
3238 39 250 116
3239 75 146 157
3240 72 119 154
3241 70 49 151
3242 67 121 148
3243 65 86 146
3244 62 28 142
3245 60 54 141
3246 57 13 136
3247 55 119 135
3248 52 210 131
3249 50 121 129
3250 47 68 126
3251 45 28 123
3252 42 257 120
3253 76 146 159
3254 73 144 155
3255 71 49 153
3256 68 121 150
3257 66 220 147
3258 63 28 144
3259 61 27 141
3260 58 13 138
3261 56 119 137
3262 53 53 132
3263 51 121 131
3264 48 229 127
3265 46 28 125
3266 77 117 160
3267 74 144 157
3268 72 49 155
3269 69 142 151
3270 67 220 149
3271 64 28 146
3272 62 27 143
3273 59 13 140
3274 57 191 137
3275 54 53 134
3276 52 71 132
3277 49 34 128
3278 78 117 162
3279 75 191 158
3280 73 214 156
3281 70 192 152
3282 68 220 151
3283 65 235 147
3284 63 27 145
3285 60 13 142
3286 58 191 139
3287 55 53 136
3288 53 192 133
3289 79 73 163
3290 76 191 160
3291 74 214 158
3292 71 192 154
3293 69 43 152
3294 66 14 148
3295 64 27 147
3296 61 138 142
3297 59 191 141
3298 56 53 138
3299 80 73 165
3300 77 72 161
3301 75 156 159
3302 72 192 156
3303 70 110 153
3304 67 14 150
3305 65 236 148
3306 62 138 144
3307 60 191 143
3308 81 190 166
3309 78 72 163
3310 76 156 161
3311 73 71 157
3312 71 110 155
3313 68 14 152
3314 66 145 149
3315 63 138 146
3316 82 190 168
3317 79 227 164
3318 77 107 162
3319 74 71 159
3320 72 110 157
3321 69 249 153
3322 67 145 151
3323 83 190 170
3324 80 227 166
3325 78 107 164
3326 75 96 160
3327 73 153 158
3328 70 7 154
3329 84 168 171
3330 81 36 167
3331 79 78 165
3332 76 96 162
3333 74 153 160
3334 85 95 172
3335 82 36 169
3336 80 78 167
3337 77 167 163
3338 86 95 174
3339 83 36 171
3340 81 185 168
3341 87 95 176
3342 84 245 172
3343 88 84 177
3344 6 42 87
3345 7 132 87
3346 8 227 87
3347 5 109 88
3348 6 7 88
3349 7 82 88
3350 8 219 88
3351 9 15 88
3352 10 58 88
3353 5 47 89
3354 6 209 89
3355 10 73 89
3356 11 46 89
3357 12 48 89
3358 4 13 90
3359 5 190 90
3360 12 141 90
3361 13 135 90
3362 14 164 90
3363 4 104 91
3364 5 51 91
3365 14 160 91
3366 15 20 91
3367 16 18 91
3368 7 42 89
3369 8 132 89
3370 9 227 89
3371 6 109 90
3372 7 7 90
3373 8 82 90
3374 9 219 90
3375 10 15 90
3376 11 58 90
3377 6 47 91
3378 7 209 91
3379 11 73 91
3380 12 46 91
3381 13 48 91
3382 3 57 92
3383 4 231 92
3384 5 175 92
3385 6 214 92
3386 13 250 92
3387 14 244 92
3388 15 184 92
3389 16 214 92
3390 3 212 93
3391 8 42 91
3392 9 132 91
3393 10 227 91
3394 7 109 92
3395 8 7 92
3396 9 82 92
3397 10 219 92
3398 11 15 92
3399 12 58 92
3400 4 42 93
3401 5 161 93
3402 6 44 93
3403 7 67 93
3404 8 10 93
3405 12 168 93
3406 13 164 93
3407 14 135 93
3408 15 97 93
3409 16 47 93
3410 17 119 93
3411 2 45 94
3412 3 73 94
3413 9 42 93
3414 10 132 93
3415 11 227 93
3416 4 33 94
3417 5 167 94
3418 6 62 94
3419 7 201 94
3420 8 240 94
3421 9 197 94
3422 10 146 94
3423 11 255 94
3424 12 58 94
3425 13 58 94
3426 14 193 94
3427 15 136 94
3428 16 26 94
3429 17 184 94
3430 18 178 94
3431 19 138 94
3432 2 3 95
3433 3 170 95
3434 4 166 95
3435 5 1 95
3436 6 218 95
3437 7 122 95
3438 8 127 95
3439 9 162 95
3440 10 55 95
3441 11 236 95
3442 12 173 95
3443 13 250 95
3444 14 254 95
3445 15 195 95
3446 16 205 95
3447 17 137 95
3448 18 87 95
3449 19 129 95
3450 1 225 96
3451 2 197 96
3452 3 240 96
3453 4 157 96
3454 5 78 96
3455 6 50 96
3456 7 160 96
3457 8 205 96
3458 9 126 96
3459 10 238 96
3460 11 85 96
3461 12 127 96
3462 13 175 96
3463 14 55 96
3464 15 56 96
3465 16 55 96
3466 17 22 96
3467 18 67 96
3468 19 248 96
3469 20 197 96
3470 1 56 97
3471 2 85 97
3472 3 136 97
3473 4 32 97
3474 5 30 97
3475 6 97 97
3476 7 241 97
3477 8 199 97
3478 9 169 97
3479 10 190 97
3480 11 99 97
3481 12 223 97
3482 13 120 97
3483 14 53 97
3484 15 128 97
3485 16 218 97
3486 17 163 97
3487 18 109 97
3488 19 249 97
3489 20 154 97
3490 21 177 97
3491 22 50 97
3492 0 74 98
3493 1 221 98
3494 2 31 98
3495 3 48 98
3496 4 54 98
3497 5 140 98
3498 6 237 98
3499 7 200 98
3500 8 92 98
3501 9 72 98
3502 10 141 98
3503 11 25 98
3504 12 201 98
3505 13 67 98
3506 14 82 98
3507 15 97 98
3508 16 39 98
3509 17 151 98
3510 18 220 98
3511 19 236 98
3512 20 129 98
3513 21 48 98
3514 22 235 98
3515 0 252 99
3516 23 101 98
3517 1 62 99
3518 2 125 99
3519 3 205 99
3520 4 50 99
3521 5 224 99
3522 6 30 99
3523 7 174 99
3524 8 71 99
3525 9 258 99
3526 10 83 99
3527 11 90 99
3528 12 181 99
3529 13 30 99
3530 14 191 99
3531 15 51 99
3532 16 147 99
3533 17 25 99
3534 18 19 99
3535 19 178 99
3536 20 256 99
3537 21 108 99
3538 22 203 99
3539 23 198 99
3540 0 204 100
3541 1 205 100
3542 2 89 100
3543 3 8 100
3544 4 78 100
3545 5 66 100
3546 6 127 100
3547 7 76 100
3548 8 78 100
3549 9 147 100
3550 10 99 100
3551 11 121 100
3552 12 11 100
3553 13 19 100
3554 14 230 100
3555 15 182 100
3556 16 176 100
3557 17 215 100
3558 18 11 100
3559 19 124 100
3560 20 15 100
3561 21 152 100
3562 22 111 100
3563 23 179 100
3564 24 240 100
3565 0 128 101
3566 1 196 101
3567 2 101 101
3568 3 230 101
3569 4 237 101
3570 5 188 101
3571 6 179 101
3572 7 220 101
3573 8 215 101
3574 9 42 101
3575 10 33 101
3576 11 156 101
3577 12 87 101
3578 13 107 101
3579 14 117 101
3580 15 219 101
3581 16 188 101
3582 17 29 101
3583 18 81 101
3584 19 68 101
3585 20 217 101
3586 21 194 101
3587 22 115 101
3588 23 10 101
3589 24 59 101
3590 25 75 101
3591 26 61 101
3592 0 161 102
3593 1 124 102
3594 2 252 102
3595 3 185 102
3596 4 192 102
3597 5 92 102
3598 6 40 102
3599 7 222 102
3600 8 243 102
3601 9 3 102
3602 10 246 102
3603 11 126 102
3604 12 253 102
3605 13 221 102
3606 14 3 102
3607 15 92 102
3608 16 171 102
3609 17 34 102
3610 18 188 102
3611 19 236 102
3612 20 139 102
3613 21 132 102
3614 22 189 102
3615 23 99 102
3616 24 23 102
3617 25 89 102
3618 26 22 102
3619 0 111 103
3620 1 70 103
3621 2 45 103
3622 3 115 103
3623 4 37 103
3624 5 41 103
3625 6 222 103
3626 7 119 103
3627 8 219 103
3628 9 68 103
3629 10 164 103
3630 11 42 103
3631 12 31 103
3632 13 33 103
3633 14 166 103
3634 15 134 103
3635 16 28 103
3636 17 65 103
3637 18 178 103
3638 19 149 103
3639 20 34 103
3640 21 85 103
3641 22 233 103
3642 23 36 103
3643 24 204 103
3644 25 236 103
3645 26 48 103
3646 27 192 103
3647 0 32 104
3648 1 212 104
3649 2 128 104
3650 3 152 104
3651 4 111 104
3652 5 51 104
3653 6 18 104
3654 7 214 104
3655 8 217 104
3656 9 75 104
3657 10 128 104
3658 11 249 104
3659 12 57 104
3660 13 5 104
3661 14 60 104
3662 15 73 104
3663 16 169 104
3664 17 203 104
3665 18 257 104
3666 19 13 104
3667 20 131 104
3668 21 50 104
3669 22 183 104
3670 23 248 104
3671 24 262 104
3672 25 219 104
3673 26 164 104
3674 27 164 104
3675 28 103 104
3676 29 69 104
3677 0 49 105
3678 1 235 105
3679 2 39 105
3680 3 190 105
3681 4 52 105
3682 5 140 105
3683 6 7 105
3684 7 4 105
3685 8 201 105
3686 9 77 105
3687 11 191 105
3688 10 75 105
3689 12 52 105
3690 13 15 105
3691 14 169 105
3692 15 96 105
3693 16 251 105
3694 17 18 105
3695 18 251 105
3696 19 213 105
3697 20 250 105
3698 21 139 105
3699 22 55 105
3700 23 252 105
3701 24 107 105
3702 25 28 105
3703 26 85 105
3704 27 60 105
3705 28 194 105
3706 29 1 105
3707 0 105 106
3708 1 205 106
3709 2 102 106
3710 3 128 106
3711 4 63 106
3712 5 96 106
3713 6 82 106
3714 7 36 106
3715 8 46 106
3716 9 185 106
3717 10 33 106
3718 11 144 106
3719 12 17 106
3720 13 222 106
3721 14 77 106
3722 15 153 106
3723 16 99 106
3724 17 200 106
3725 18 23 106
3726 19 122 106
3727 20 224 106
3728 21 184 106
3729 22 226 106
3730 23 80 106
3731 24 213 106
3732 25 49 106
3733 26 254 106
3734 27 200 106
3735 28 134 106
3736 29 199 106
3737 30 28 106
3738 0 120 107
3739 1 188 107
3740 2 61 107
3741 3 168 107
3742 4 235 107
3743 5 241 107
3744 6 132 107
3745 7 105 107
3746 8 77 107
3747 9 140 107
3748 10 235 107
3749 11 105 107
3750 12 110 107
3751 13 145 107
3752 14 83 107
3753 15 251 107
3754 16 24 107
3755 17 153 107
3756 18 167 107
3757 19 9 107
3758 20 71 107
3759 21 117 107
3760 22 187 107
3761 23 172 107
3762 24 119 107
3763 25 91 107
3764 26 181 107
3765 27 20 107
3766 28 194 107
3767 29 127 107
3768 30 213 107
3769 0 173 108
3770 1 63 108
3771 2 16 108
3772 3 261 108
3773 4 206 108
3774 5 85 108
3775 6 30 108
3776 7 252 108
3777 8 179 108
3778 9 177 108
3779 10 10 108
3780 11 107 108
3781 12 251 108
3782 13 38 108
3783 14 136 108
3784 15 212 108
3785 16 3 108
3786 17 6 108
3787 18 53 108
3788 19 242 108
3789 20 201 108
3790 22 99 108
3791 21 16 108
3792 23 44 108
3793 24 132 108
3794 25 232 108
3795 26 201 108
3796 27 219 108
3797 28 249 108
3798 29 115 108
3799 30 245 108
3800 31 124 108
3801 0 261 109
3802 1 55 109
3803 2 247 109
3804 3 203 109
3805 4 194 109
3806 5 33 109
3807 6 135 109
3808 7 21 109
3809 8 257 109
3810 9 188 109
3811 10 197 109
3812 11 129 109
3813 12 36 109
3814 13 57 109
3815 14 64 109
3816 15 209 109
3817 16 109 109
3818 17 220 109
3819 18 98 109
3820 19 103 109
3821 20 163 109
3822 21 150 109
3823 22 247 109
3824 23 172 109
3825 24 177 109
3826 25 252 109
3827 26 202 109
3828 27 40 109
3829 28 140 109
3830 29 110 109
3831 30 12 109
3832 31 23 109
3833 32 260 109
3834 33 161 109
3835 0 251 110
3836 1 91 110
3837 2 186 110
3838 3 123 110
3839 4 22 110
3840 5 213 110
3841 6 93 110
3842 7 249 110
3843 8 191 110
3844 9 194 110
3845 10 176 110
3846 11 255 110
3847 12 184 110
3848 13 184 110
3849 14 256 110
3850 15 122 110
3851 16 208 110
3852 17 120 110
3853 18 245 110
3854 19 18 110
3855 20 95 110
3856 21 13 110
3857 22 179 110
3858 23 85 110
3859 24 54 110
3860 25 37 110
3861 26 191 110
3862 27 48 110
3863 28 155 110
3864 29 191 110
3865 30 166 110
3866 31 41 110
3867 32 90 110
3868 33 197 110
3869 0 194 111
3870 1 144 111
3871 2 222 111
3872 3 28 111
3873 4 261 111
3874 5 145 111
3875 6 113 111
3876 7 180 111
3877 8 118 111
3878 9 61 111
3879 11 257 111
3880 15 135 111
3881 13 12 111
3882 17 100 111
3883 18 51 111
3884 19 96 111
3885 20 123 111
3886 21 49 111
3887 22 13 111
3888 23 173 111
3889 24 95 111
3890 25 242 111
3891 26 117 111
3892 27 239 111
3893 28 66 111
3894 29 180 111
3895 30 262 111
3896 31 74 111
3897 32 124 111
3898 33 135 111
3899 34 94 111
3900 0 172 112
3901 1 95 112
3902 2 237 112
3903 3 2 112
3904 4 26 112
3905 5 246 112
3906 17 194 112
3907 18 218 112
3908 19 39 112
3909 20 91 112
3910 21 120 112
3911 22 218 112
3912 23 158 112
3913 24 10 112
3914 25 192 112
3915 26 225 112
3916 27 217 112
3917 28 102 112
3918 29 182 112
3919 30 104 112
3920 31 66 112
3921 32 77 112
3922 33 212 112
3923 34 96 112
3924 35 159 112
3925 0 122 113
3926 1 184 113
3927 2 65 113
3928 3 55 113
3929 4 72 113
3930 5 249 113
3931 20 237 113
3932 21 151 113
3933 22 68 113
3934 23 215 113
3935 24 52 113
3936 25 105 113
3937 26 239 113
3938 27 169 113
3939 28 122 113
3940 29 33 113
3941 30 244 113
3942 31 213 113
3943 32 57 113
3944 33 106 113
3945 34 182 113
3946 35 79 113
3947 36 159 113
3948 0 100 114
3949 1 166 114
3950 2 229 114
3951 3 93 114
3952 4 125 114
3953 5 230 114
3954 21 48 114
3955 23 204 114
3956 24 87 114
3957 25 154 114
3958 26 189 114
3959 27 103 114
3960 28 123 114
3961 29 39 114
3962 30 210 114
3963 31 260 114
3964 32 135 114
3965 33 181 114
3966 34 90 114
3967 35 119 114
3968 36 226 114
3969 37 94 114
3970 0 116 115
3971 1 234 115
3972 2 61 115
3973 3 29 115
3974 4 205 115
3975 24 224 115
3976 25 113 115
3977 26 22 115
3978 27 95 115
3979 28 131 115
3980 29 46 115
3981 30 148 115
3982 31 103 115
3983 32 91 115
3984 33 155 115
3985 34 94 115
3986 35 185 115
3987 36 86 115
3988 37 134 115
3989 0 244 116
3990 1 92 116
3991 2 171 116
3992 3 16 116
3993 4 116 116
3994 25 121 116
3995 27 212 116
3996 28 182 116
3997 29 231 116
3998 30 99 116
3999 31 48 116
4000 32 55 116
4001 38 204 116
4002 33 21 116
4003 34 49 116
4004 35 14 116
4005 36 171 116
4006 37 187 116
4007 0 193 117
4008 1 129 117
4009 2 256 117
4010 3 95 117
4011 4 243 117
4012 27 170 117
4013 28 87 117
4014 31 101 117
4015 30 98 117
4016 32 90 117
4017 33 250 117
4018 29 165 117
4019 39 195 117
4020 38 161 117
4021 34 240 117
4022 35 138 117
4023 36 147 117
4024 37 120 117
4025 0 99 118
4026 1 192 118
4027 2 256 118
4028 3 8 118
4029 30 232 118
4030 31 69 118
4031 32 145 118
4032 34 65 118
4033 33 113 118
4034 35 127 118
4035 36 231 118
4036 40 68 118
4037 39 34 118
4038 38 51 118
4039 37 247 118
4040 0 248 119
4041 1 255 119
4042 2 70 119
4043 3 3 119
4044 31 51 119
4045 32 59 119
4046 34 55 119
4047 33 159 119
4048 35 225 119
4049 36 27 119
4050 37 79 119
4051 38 130 119
4052 41 229 119
4053 40 229 119
4054 39 246 119
4055 0 33 120
4056 1 209 120
4057 2 223 120
4058 3 244 120
4059 31 178 120
4060 32 108 120
4061 36 51 120
4062 35 157 120
4063 34 104 120
4064 37 106 120
4065 38 161 120
4066 33 159 120
4067 42 229 121
4068 41 17 120
4069 40 17 120
4070 39 140 120
4071 0 238 121
4072 1 73 121
4073 38 157 121
4074 2 83 121
4075 34 200 121
4076 37 106 121
4077 36 106 121
4078 35 53 121
4079 39 98 121
4080 40 236 121
4081 43 164 121
4082 42 17 122
4083 41 123 121
4084 0 238 122
4085 1 107 122
4086 2 90 122
4087 39 123 122
4088 38 53 122
4089 35 168 122
4090 40 36 122
4091 37 210 122
4092 36 210 122
4093 41 151 122
4094 44 164 123
4095 43 181 122
4096 42 123 123
4097 0 178 123
4098 1 159 123
4099 2 97 123
4100 40 140 123
4101 39 70 123
4102 38 105 123
4103 41 169 123
4104 43 132 123
4105 37 158 123
4106 45 181 124
4107 44 181 124
4108 0 222 124
4109 42 70 124
4110 1 238 124
4111 38 19 124
4112 41 193 124
4113 40 193 124
4114 39 228 124
4115 43 4 124
4116 0 182 125
4117 46 181 126
4118 45 41 125
4119 44 41 125
4120 1 22 125
4121 42 228 125
4122 39 82 125
4123 43 48 125
4124 41 35 125
4125 40 35 125
4126 0 71 126
4127 47 82 127
4128 46 41 127
4129 45 111 126
4130 44 111 126
4131 1 155 126
4132 42 149 126
4133 43 152 126
4134 0 44 127
4135 41 114 126
4136 48 148 128
4137 47 222 128
4138 46 111 128
4139 45 76 127
4140 44 76 127
4141 42 30 127
4142 0 75 128
4143 43 187 127
4144 49 189 129
4145 48 189 129
4146 47 152 129
4147 46 76 129
4148 45 225 128
4149 44 225 128
4150 0 216 129
4151 50 74 130
4152 49 37 130
4153 48 37 130
4154 47 187 130
4155 46 225 130
4156 45 19 129
4157 51 74 132
4158 50 226 131
4159 49 113 131
4160 48 113 131
4161 47 38 131
4162 52 63 133
4163 51 226 133
4164 50 150 132
4165 49 75 132
4166 53 100 134
4167 52 100 134
4168 51 150 134
4169 54 163 135
4170 53 213 135
4171 55 163 137
4172 57 60 138
4173 54 219 136
4174 52 84 135
4175 50 121 133
4176 48 32 132
4177 46 4 131
4178 44 175 129
4179 42 252 128
4180 40 242 126
4181 38 96 125
4182 36 255 123
4183 34 262 122
4184 32 241 121
4185 30 200 119
4186 28 192 118
4187 26 239 116
4188 24 6 116
4189 22 65 114
4190 20 181 114
4191 18 37 113
4192 16 94 111
4193 14 108 111
4194 12 182 111
4195 10 86 111
4196 6 110 112
4197 7 98 112
4198 8 6 112
4199 9 99 112
4200 10 141 112
4201 56 152 139
4202 55 219 138
4203 53 221 136
4204 51 121 135
4205 49 247 133
4206 47 259 132
4207 45 44 130
4208 43 84 128
4209 41 142 127
4210 39 231 126
4211 37 4 124
4212 35 88 123
4213 33 252 121
4214 31 200 121
4215 29 96 118
4216 27 239 118
4217 25 260 117
4218 23 66 115
4219 21 115 115
4220 19 150 113
4221 17 94 113
4222 15 155 112
4223 13 27 112
4224 11 59 112
4225 12 94 112
4226 14 240 112
4227 16 94 112
4228 6 159 113
4229 58 176 140
4230 57 236 139
4231 54 42 137
4232 52 135 136
4233 50 16 134
4234 48 89 133
4235 46 44 132
4236 44 84 130
4237 42 142 129
4238 40 32 127
4239 38 4 126
4240 36 175 124
4241 34 252 123
4242 32 21 122
4243 30 96 120
4244 28 8 119
4245 26 262 117
4246 24 66 117
4247 22 189 115
4248 20 150 115
4249 18 144 114
4250 7 244 113
4251 8 34 113
4252 9 47 113
4253 10 107 113
4254 11 6 113
4255 12 216 113
4256 59 176 142
4257 56 40 140
4258 55 42 139
4259 53 64 137
4260 51 16 136
4261 49 87 134
4262 47 219 133
4263 45 221 131
4264 43 135 129
4265 41 247 128
4266 39 174 127
4267 37 44 125
4268 35 179 124
4269 33 142 122
4270 31 96 122
4271 29 4 119
4272 27 262 119
4273 25 230 118
4274 23 200 116
4275 21 213 116
4276 19 72 114
4277 17 245 114
4278 15 127 113
4279 13 34 113
4280 14 41 113
4281 16 165 113
4282 61 21 143
4283 58 95 141
4284 57 36 140
4285 54 199 138
4286 52 170 137
4287 50 176 135
4288 48 190 134
4289 46 221 133
4290 44 135 131
4291 42 247 130
4292 40 89 128
4293 38 44 127
4294 36 84 125
4295 34 142 124
4296 32 231 123
4297 30 4 121
4298 28 88 120
4299 26 252 118
4300 24 200 118
4301 22 238 116
4302 20 72 116
4303 18 6 115
4304 6 75 114
4305 7 239 114
4306 8 164 114
4307 60 154 144
4308 59 95 143
4309 56 52 141
4310 55 199 140
4311 53 178 138
4312 51 176 137
4313 49 168 135
4314 47 42 134
4315 45 64 132
4316 43 170 130
4317 41 87 129
4318 39 73 128
4319 37 221 126
4320 35 128 125
4321 33 247 123
4322 31 4 123
4323 29 44 120
4324 27 252 120
4325 25 163 119
4326 23 96 117
4327 21 239 117
4328 19 3 115
4329 17 65 115
4330 15 82 114
4331 62 146 145
4332 61 214 144
4333 58 256 142
4334 57 114 141
4335 54 85 139
4336 52 29 138
4337 50 95 136
4338 48 249 135
4339 46 64 134
4340 44 170 132
4341 42 87 131
4342 40 190 129
4343 38 221 128
4344 36 135 126
4345 34 247 125
4346 32 174 124
4347 30 44 122
4348 28 179 121
4349 26 142 119
4350 24 96 119
4351 22 251 117
4352 20 3 117
4353 18 66 116
4354 63 146 147
4355 60 167 145
4356 59 256 144
4357 56 229 142
4358 55 85 141
4359 53 117 139
4360 51 95 138
4361 49 7 136
4362 47 199 135
4363 45 178 133
4364 43 29 131
4365 41 168 130
4366 39 14 129
4367 37 64 127
4368 35 93 126
4369 33 87 124
4370 31 44 124
4371 29 221 121
4372 27 142 121
4373 25 215 120
4374 23 4 118
4375 21 262 118
4376 64 117 148
4377 62 28 146
4378 61 63 145
4379 58 186 143
4380 57 256 142
4381 54 146 140
4382 52 56 139
4383 50 256 137
4384 48 109 136
4385 46 178 135
4386 44 29 133
4387 42 168 132
4388 40 249 130
4389 38 64 129
4390 36 170 127
4391 34 87 126
4392 32 73 125
4393 30 221 123
4394 28 128 122
4395 26 247 120
4396 24 4 120
4397 65 73 149
4398 63 28 148
4399 60 5 146
4400 59 186 145
4401 56 235 143
4402 55 146 142
4403 53 235 140
4404 51 256 139
4405 49 77 137
4406 47 85 136
4407 45 117 134
4408 43 56 132
4409 41 7 131
4410 39 154 130
4411 37 178 128
4412 35 234 127
4413 33 168 125
4414 31 221 125
4415 29 64 122
4416 27 247 122
4417 66 151 150
4418 64 235 149
4419 62 45 147
4420 61 214 146
4421 58 205 144
4422 57 254 143
4423 54 28 141
4424 52 90 140
4425 50 186 138
4426 48 147 137
4427 46 117 136
4428 44 56 134
4429 42 7 133
4430 40 109 131
4431 38 178 130
4432 36 29 128
4433 34 168 127
4434 32 14 126
4435 30 64 124
4436 67 151 152
4437 65 14 150
4438 63 45 149
4439 60 199 147
4440 59 205 146
4441 56 141 144
4442 55 28 143
4443 53 218 141
4444 51 186 140
4445 49 58 138
4446 47 146 137
4447 45 235 135
4448 43 90 133
4449 41 77 132
4450 39 116 131
4451 37 117 129
4452 35 207 128
4453 33 7 126
4454 68 112 153
4455 66 83 151
4456 64 218 150
4457 62 232 148
4458 61 241 147
4459 58 151 145
4460 57 123 144
4461 54 45 142
4462 52 201 141
4463 50 205 139
4464 48 39 138
4465 46 235 137
4466 44 90 135
4467 42 77 134
4468 40 147 132
4469 38 117 131
4470 36 56 129
4471 69 207 154
4472 67 83 153
4473 65 154 151
4474 63 232 150
4475 60 110 148
4476 59 151 147
4477 56 227 145
4478 55 45 144
4479 53 31 142
4480 51 205 141
4481 49 112 139
4482 47 28 138
4483 45 218 136
4484 43 201 134
4485 41 58 133
4486 39 224 132
4487 70 194 155
4488 68 180 154
4489 66 124 152
4490 64 31 151
4491 62 185 149
4492 61 185 148
4493 58 83 146
4494 57 113 145
4495 54 232 143
4496 52 107 142
4497 50 151 140
4498 48 166 139
4499 46 218 138
4500 44 201 136
4501 42 58 135
4502 71 69 156
4503 69 173 155
4504 67 124 154
4505 65 116 152
4506 63 185 151
4507 60 180 149
4508 59 83 148
4509 56 195 146
4510 55 232 145
4511 53 78 143
4512 51 151 142
4513 49 180 140
4514 47 45 139
4515 45 31 137
4516 72 69 158
4517 70 30 156
4518 68 139 155
4519 66 49 153
4520 64 78 152
4521 62 194 150
4522 61 157 149
4523 58 124 147
4524 57 227 146
4525 54 185 144
4526 52 125 143
4527 50 83 141
4528 48 248 140
4529 73 97 159
4530 71 233 157
4531 69 62 156
4532 67 49 155
4533 65 224 153
4534 63 194 152
4535 60 88 150
4536 59 124 149
4537 56 82 147
4538 55 185 146
4539 53 69 144
4540 51 83 143
4541 74 97 161
4542 72 233 159
4543 70 67 157
4544 68 214 156
4545 66 13 154
4546 64 69 153
4547 62 30 151
4548 61 5 150
4549 58 49 148
4550 56 185 148
4551 54 194 145
4552 75 120 161
4553 73 15 160
4554 71 196 158
4555 69 156 157
4556 67 13 156
4557 65 97 154
4558 63 30 153
4559 60 232 151
4560 59 49 150
4561 57 13 147
4562 76 120 163
4563 74 15 162
4564 72 196 160
4565 70 211 158
4566 68 250 157
4567 66 143 155
4568 64 233 154
4569 62 67 152
4570 61 49 151
4571 77 203 164
4572 75 5 162
4573 73 165 161
4574 71 52 159
4575 69 138 158
4576 67 143 157
4577 65 15 155
4578 63 67 154
4579 78 60 165
4580 76 5 164
4581 74 165 163
4582 72 52 161
4583 70 217 159
4584 68 120 158
4585 66 258 156
4586 79 243 166
4587 77 129 165
4588 75 55 163
4589 73 237 162
4590 71 46 160
4591 69 203 159
4592 80 243 168
4593 78 134 166
4594 76 55 165
4595 74 237 164
4596 72 46 162
4597 81 10 169
4598 79 43 167
4599 77 104 166
4600 75 79 164
4601 82 253 170
4602 80 43 169
4603 78 159 167
4604 83 253 172
4605 81 110 170
4606 84 91 173
4607 9 103 114
4608 10 144 114
4609 11 220 114
4610 12 213 114
4611 13 162 114
4612 14 83 114
4613 16 201 114
4614 5 239 115
4615 6 183 115
4616 7 122 115
4617 8 80 115
4618 9 147 115
4619 10 149 115
4620 13 260 115
4621 5 31 116
4622 5 31 117
4623 4 48 118
4624 5 210 118
4625 4 116 119
4626 4 116 120
4627 3 146 121
4628 4 201 121
4629 3 205 122
4630 3 205 123
4631 2 105 124
4632 3 6 124
4633 2 29 125
4634 2 29 126
4635 1 253 127
4636 2 50 127
4637 1 117 128
4638 11 5 115
4639 12 217 115
4640 14 190 115
4641 15 192 115
4642 16 102 115
4643 6 200 116
4644 7 112 116
4645 8 250 116
4646 9 115 116
4647 10 184 116
4648 11 189 116
4649 12 180 116
4650 13 219 116
4651 14 82 116
4652 15 224 116
4653 17 205 116
4654 19 175 116
4655 6 78 117
4656 6 78 118
4657 5 51 119
4658 6 137 119
4659 5 224 120
4660 5 224 121
4661 4 135 122
4662 5 67 122
4663 4 151 123
4664 4 151 124
4665 3 181 125
4666 4 225 125
4667 16 79 116
4668 7 194 117
4669 8 130 117
4670 9 1 117
4671 10 42 117
4672 11 201 117
4673 12 90 117
4674 13 23 117
4675 14 5 117
4676 15 165 117
4677 16 90 117
4678 17 171 117
4679 18 41 117
4680 19 187 117
4681 7 195 118
4682 8 231 118
4683 9 1 118
4684 10 80 118
4685 11 125 118
4686 18 27 118
4687 22 47 118
4688 7 69 119
4689 6 48 120
4690 7 140 120
4691 6 97 121
4692 6 97 122
4693 5 32 123
4694 12 152 118
4695 13 255 118
4696 14 130 118
4697 15 69 118
4698 16 34 118
4699 17 78 118
4700 19 128 118
4701 20 158 118
4702 8 179 119
4703 9 244 119
4704 10 242 119
4705 11 51 119
4706 12 222 119
4707 13 129 119
4708 14 61 119
4709 15 208 119
4710 16 185 119
4711 17 1 119
4712 18 86 119
4713 19 144 119
4714 20 112 119
4715 21 1 119
4716 22 188 119
4717 23 228 119
4718 8 233 120
4719 9 195 120
4720 10 53 120
4721 11 115 120
4722 12 191 120
4723 13 118 120
4724 14 41 120
4725 15 165 120
4726 16 146 120
4727 17 18 120
4728 18 233 120
4729 19 184 120
4730 20 197 120
4731 21 41 120
4732 22 40 120
4733 23 177 120
4734 7 255 121
4735 8 20 121
4736 9 55 121
4737 10 93 121
4738 11 157 121
4739 12 42 121
4740 13 223 121
4741 14 127 121
4742 15 4 121
4743 16 167 121
4744 17 107 121
4745 18 141 121
4746 19 90 121
4747 20 197 121
4748 21 172 121
4749 22 196 121
4750 23 225 121
4751 24 142 121
4752 25 76 121
4753 26 74 121
4754 7 24 122
4755 8 137 122
4756 9 224 122
4757 10 232 122
4758 11 130 122
4759 12 237 122
4760 13 36 122
4761 14 96 122
4762 15 13 122
4763 16 205 122
4764 17 88 122
4765 18 116 122
4766 19 43 122
4767 20 44 122
4768 21 63 122
4769 22 106 122
4770 23 79 122
4771 24 184 122
4772 25 52 122
4773 26 255 122
4774 6 66 123
4775 7 216 123
4776 8 99 123
4777 9 253 123
4778 10 200 123
4779 11 147 123
4780 12 246 123
4781 13 122 123
4782 14 231 123
4783 15 207 123
4784 16 185 123
4785 17 142 123
4786 18 74 123
4787 19 256 123
4788 20 235 123
4789 21 67 123
4790 22 238 123
4791 23 91 123
4792 24 82 123
4793 25 15 123
4794 26 147 123
4795 27 64 123
4796 28 63 123
4797 29 107 123
4798 5 185 124
4799 6 262 124
4800 7 247 124
4801 8 239 124
4802 9 111 124
4803 10 249 124
4804 11 64 124
4805 12 211 124
4806 13 236 124
4807 14 161 124
4808 15 125 124
4809 16 227 124
4810 17 174 124
4811 18 241 124
4812 19 205 124
4813 20 72 124
4814 21 140 124
4815 22 223 124
4816 23 248 124
4817 24 15 124
4818 25 183 124
4819 26 151 124
4820 27 119 124
4821 28 87 124
4822 29 223 124
4823 5 155 125
4824 6 62 125
4825 7 217 125
4826 8 132 125
4827 9 162 125
4828 10 17 125
4829 11 258 125
4830 12 200 125
4831 13 209 125
4832 14 201 125
4833 15 142 125
4834 16 94 125
4835 17 222 125
4836 18 180 125
4837 19 155 125
4838 20 118 125
4839 21 1 125
4840 22 90 125
4841 23 56 125
4842 24 207 125
4843 25 1 125
4844 26 62 125
4845 27 27 125
4846 28 39 125
4847 29 253 125
4848 30 69 125
4849 3 251 126
4850 4 244 126
4851 5 87 126
4852 6 216 126
4853 7 103 126
4854 8 250 126
4855 9 3 126
4856 10 9 126
4857 11 37 126
4858 12 49 126
4859 13 199 126
4860 14 177 126
4861 15 251 126
4862 16 138 126
4863 17 176 126
4864 18 196 126
4865 19 233 126
4866 20 197 126
4867 21 211 126
4868 22 13 126
4869 23 188 126
4870 24 195 126
4871 25 27 126
4872 26 40 126
4873 27 92 126
4874 28 63 126
4875 29 124 126
4876 30 6 126
4877 31 170 126
4878 3 51 127
4879 4 151 127
4880 5 258 127
4881 6 130 127
4882 7 149 127
4883 8 25 127
4884 9 200 127
4885 10 141 127
4886 11 134 127
4887 12 200 127
4888 13 87 127
4889 14 146 127
4890 15 32 127
4891 16 91 127
4892 17 21 127
4893 18 209 127
4894 19 83 127
4895 20 62 127
4896 21 168 127
4897 22 35 127
4898 23 162 127
4899 24 106 127
4900 25 254 127
4901 26 153 127
4902 27 132 127
4903 28 105 127
4904 29 155 127
4905 30 244 127
4906 31 255 127
4907 32 88 127
4908 33 215 127
4909 2 256 128
4910 3 193 128
4911 4 249 128
4912 5 71 128
4913 6 181 128
4914 7 246 128
4915 8 67 128
4916 9 83 128
4917 10 19 128
4918 11 16 128
4919 12 10 128
4920 13 190 128
4921 14 171 128
4922 15 103 128
4923 16 87 128
4924 17 98 128
4925 18 78 128
4926 19 32 128
4927 20 33 128
4928 21 39 128
4929 22 203 128
4930 23 91 128
4931 24 36 128
4932 25 78 128
4933 26 58 128
4934 27 36 128
4935 28 90 128
4936 29 159 128
4937 30 197 128
4938 31 84 128
4939 32 191 128
4940 33 94 128
4941 34 223 128
4942 1 86 129
4943 2 94 129
4944 3 94 129
4945 4 162 129
4946 5 143 129
4947 6 205 129
4948 7 135 129
4949 8 7 129
4950 9 252 129
4951 10 17 129
4952 11 222 129
4953 12 173 129
4954 13 220 129
4955 14 18 129
4956 15 121 129
4957 16 230 129
4958 17 179 129
4959 18 199 129
4960 19 8 129
4961 20 142 129
4962 21 95 129
4963 22 22 129
4964 23 171 129
4965 24 81 129
4966 25 201 129
4967 26 173 129
4968 27 75 129
4969 28 42 129
4970 29 96 129
4971 30 68 129
4972 31 20 129
4973 32 144 129
4974 33 95 129
4975 34 219 129
4976 35 258 129
4977 0 252 130
4978 1 165 130
4979 2 114 130
4980 3 108 130
4981 4 167 130
4982 5 96 130
4983 6 120 130
4984 7 103 130
4985 8 243 130
4986 9 184 130
4987 10 6 130
4988 11 9 130
4989 12 254 130
4990 13 159 130
4991 14 232 130
4992 15 70 130
4993 16 167 130
4994 17 123 130
4995 18 168 130
4996 19 25 130
4997 20 231 130
4998 21 78 130
4999 22 212 130
5000 23 195 130
5001 24 145 130
5002 25 62 130
5003 26 78 130
5004 27 229 130
5005 28 113 130
5006 29 164 130
5007 30 262 130
5008 31 32 130
5009 32 2 130
5010 33 196 130
5011 34 183 130
5012 35 116 130
5013 36 44 130
5014 37 255 130
5015 0 86 131
5016 1 51 131
5017 2 159 131
5018 3 100 131
5019 4 51 131
5020 5 244 131
5021 6 69 131
5022 7 185 131
5023 8 63 131
5024 9 183 131
5025 10 64 131
5026 11 168 131
5027 12 93 131
5028 13 186 131
5029 14 244 131
5030 15 244 131
5031 16 152 131
5032 17 34 131
5033 18 139 131
5034 19 24 131
5035 20 50 131
5036 21 7 131
5037 22 158 131
5038 23 215 131
5039 24 120 131
5040 25 148 131
5041 26 255 131
5042 27 109 131
5043 28 215 131
5044 29 43 131
5045 30 206 131
5046 31 117 131
5047 32 44 131
5048 33 22 131
5049 34 158 131
5050 35 135 131
5051 36 44 131
5052 37 1 131
5053 0 157 132
5054 1 174 132
5055 2 208 132
5056 3 178 132
5057 4 215 132
5058 5 163 132
5059 6 217 132
5060 7 241 132
5061 8 128 132
5062 9 229 132
5063 10 105 132
5064 11 61 132
5065 12 125 132
5066 13 204 132
5067 14 1 132
5068 15 17 132
5069 16 222 132
5070 17 81 132
5071 18 222 132
5072 19 134 132
5073 20 91 132
5074 21 115 132
5075 22 235 132
5076 23 111 132
5077 24 100 132
5078 25 88 132
5079 26 202 132
5080 27 59 132
5081 28 101 132
5082 29 208 132
5083 30 141 132
5084 31 27 132
5085 32 234 132
5086 33 131 132
5087 34 194 132
5088 35 192 132
5089 36 173 132
5090 37 121 132
5091 38 147 132
5092 0 114 133
5093 1 94 133
5094 2 118 133
5095 3 249 133
5096 4 8 133
5097 5 17 133
5098 6 232 133
5099 7 249 133
5100 8 147 133
5101 9 28 133
5102 10 95 133
5103 11 11 133
5104 12 118 133
5105 13 196 133
5106 14 74 133
5107 15 241 133
5108 16 121 133
5109 17 129 133
5110 18 33 133
5111 19 137 133
5112 20 119 133
5113 21 30 133
5114 22 11 133
5115 23 129 133
5116 24 30 133
5117 25 64 133
5118 26 119 133
5119 27 147 133
5120 28 234 133
5121 29 134 133
5122 30 213 133
5123 31 109 133
5124 32 123 133
5125 33 244 133
5126 34 172 133
5127 35 134 133
5128 36 181 133
5129 37 74 133
5130 38 31 133
5131 39 88 133
5132 40 200 133
5133 0 250 134
5134 1 168 134
5135 2 210 134
5136 3 20 134
5137 4 74 134
5138 5 235 134
5139 6 147 134
5140 7 29 134
5141 8 116 134
5142 9 32 134
5143 10 172 134
5144 11 7 134
5145 12 47 134
5146 13 137 134
5147 14 227 134
5148 15 110 134
5149 16 216 134
5150 17 139 134
5151 18 143 134
5152 19 2 134
5153 20 172 134
5154 21 72 134
5155 22 193 134
5156 23 174 134
5157 24 249 134
5158 25 181 134
5159 26 100 134
5160 27 198 134
5161 28 95 134
5162 29 16 134
5163 30 120 134
5164 31 34 134
5165 32 60 134
5166 33 223 134
5167 34 195 134
5168 35 188 134
5169 36 219 134
5170 37 237 134
5171 39 243 134
5172 38 253 134
5173 40 39 134
5174 41 170 134
5175 0 43 135
5176 1 175 135
5177 2 194 135
5178 3 131 135
5179 4 6 135
5180 5 34 135
5181 6 104 135
5182 7 197 135
5183 8 110 135
5184 9 239 135
5185 10 215 135
5186 11 128 135
5187 12 113 135
5188 13 208 135
5189 14 157 135
5190 15 260 135
5191 16 217 135
5192 17 154 135
5193 18 8 135
5194 19 99 135
5195 20 117 135
5196 21 147 135
5197 22 95 135
5198 23 194 135
5199 24 48 135
5200 25 231 135
5201 26 91 135
5202 27 256 135
5203 28 136 135
5204 29 17 135
5205 30 207 135
5206 31 50 135
5207 32 175 135
5208 33 245 135
5209 34 257 135
5210 35 101 135
5211 36 221 135
5212 37 236 135
5213 38 209 135
5214 39 88 135
5215 40 261 135
5216 41 63 135
5217 43 234 135
5218 0 19 136
5219 1 179 136
5220 2 75 136
5221 3 50 136
5222 4 1 136
5223 5 104 136
5224 6 133 136
5225 7 57 136
5226 8 229 136
5227 9 119 136
5228 10 48 136
5229 11 52 136
5230 12 194 136
5231 13 238 136
5232 14 146 136
5233 15 171 136
5234 16 130 136
5235 17 124 136
5236 18 21 136
5237 19 19 136
5238 20 30 136
5239 21 189 136
5240 22 16 136
5241 23 107 136
5242 24 137 136
5243 25 14 136
5244 26 257 136
5245 27 31 136
5246 28 261 136
5247 29 99 136
5248 30 181 136
5249 31 59 136
5250 32 107 136
5251 33 7 136
5252 34 226 136
5253 35 102 136
5254 36 89 136
5255 37 209 136
5256 38 193 136
5257 39 93 136
5258 40 60 136
5259 41 232 136
5260 42 102 136
5261 43 33 136
5262 0 150 137
5263 1 202 137
5264 2 237 137
5265 3 249 137
5266 4 110 137
5267 5 120 137
5268 6 201 137
5269 7 200 137
5270 8 52 137
5271 9 35 137
5272 10 174 137
5273 11 99 137
5274 12 228 137
5275 13 62 137
5276 14 240 137
5277 15 141 137
5278 16 46 137
5279 17 55 137
5280 18 190 137
5281 19 31 137
5282 20 193 137
5283 21 215 137
5284 22 139 137
5285 23 188 137
5286 24 65 137
5287 25 79 137
5288 26 257 137
5289 27 149 137
5290 28 57 137
5291 29 36 137
5292 30 254 137
5293 31 174 137
5294 32 113 137
5295 33 134 137
5296 34 253 137
5297 35 86 137
5298 36 202 137
5299 37 13 137
5300 38 137 137
5301 39 203 137
5302 40 239 137
5303 41 247 137
5304 42 45 137
5305 43 249 137
5306 44 41 137
5307 0 213 138
5308 1 74 138
5309 2 42 138
5310 3 80 138
5311 4 154 138
5312 5 68 138
5313 6 39 138
5314 7 235 138
5315 8 187 138
5316 9 47 138
5317 10 62 138
5318 11 184 138
5319 12 182 138
5320 13 188 138
5321 14 189 138
5322 15 16 138
5323 16 115 138
5324 17 24 138
5325 18 170 138
5326 19 41 138
5327 20 53 138
5328 21 37 138
5329 22 88 138
5330 23 64 138
5331 24 194 138
5332 25 16 138
5333 26 120 138
5334 27 56 138
5335 28 144 138
5336 29 206 138
5337 30 94 138
5338 31 117 138
5339 32 84 138
5340 33 223 138
5341 34 162 138
5342 35 201 138
5343 36 257 138
5344 37 255 138
5345 38 48 138
5346 39 162 138
5347 40 89 138
5348 41 233 138
5349 42 185 138
5350 43 123 138
5351 44 59 138
5352 45 149 138
5353 0 207 139
5354 1 184 139
5355 2 169 139
5356 3 217 139
5357 4 164 139
5358 5 229 139
5359 6 42 139
5360 7 227 139
5361 8 29 139
5362 9 138 139
5363 10 235 139
5364 11 209 139
5365 12 117 139
5366 13 79 139
5367 14 166 139
5368 15 35 139
5369 16 179 139
5370 17 179 139
5371 18 102 139
5372 19 88 139
5373 20 109 139
5374 21 260 139
5375 22 122 139
5376 23 207 139
5377 24 65 139
5378 25 164 139
5379 26 190 139
5380 27 8 139
5381 28 145 139
5382 29 156 139
5383 30 127 139
5384 31 14 139
5385 32 228 139
5386 33 122 139
5387 44 210 139
5388 46 193 139
5389 45 193 139
5390 47 35 140
5391 48 168 141
5392 46 112 140
5393 45 125 140
5394 42 44 139
5395 43 58 139
5396 34 101 139
5397 39 103 139
5398 35 102 139
5399 36 11 139
5400 37 219 139
5401 38 183 139
5402 40 27 139
5403 41 147 139
5404 0 123 140
5405 1 1 140
5406 2 176 140
5407 3 58 140
5408 4 62 140
5409 5 155 140
5410 6 45 140
5411 7 158 140
5412 8 61 140
5413 9 199 140
5414 10 196 140
5415 11 186 140
5416 12 193 140
5417 13 131 140
5418 14 72 140
5419 15 135 140
5420 16 163 140
5421 17 209 140
5422 18 109 140
5423 19 217 140
5424 20 27 140
5425 21 163 140
5426 22 2 140
5427 23 225 140
5428 24 183 140
5429 25 87 140
5430 26 83 140
5431 27 128 140
5432 28 47 140
5433 49 56 141
5434 47 207 141
5435 46 138 141
5436 44 166 140
5437 42 118 140
5438 29 11 140
5439 30 37 140
5440 31 238 140
5441 32 225 140
5442 33 122 140
5443 34 258 140
5444 35 91 140
5445 36 90 140
5446 37 53 140
5447 38 231 140
5448 39 90 140
5449 40 28 140
5450 41 153 140
5451 43 25 140
5452 0 69 141
5453 1 42 141
5454 2 157 141
5455 3 60 141
5456 4 234 141
5457 5 205 141
5458 6 156 141
5459 7 150 141
5460 8 186 141
5461 9 100 141
5462 10 58 141
5463 11 34 141
5464 12 216 141
5465 13 199 141
5466 14 76 141
5467 15 73 141
5468 16 26 141
5469 17 134 141
5470 18 178 141
5471 19 158 141
5472 20 33 141
5473 21 71 141
5474 50 235 142
5475 48 14 142
5476 47 194 142
5477 45 120 141
5478 44 120 141
5479 22 250 141
5480 23 219 141
5481 24 75 141
5482 25 160 141
5483 26 116 141
5484 27 71 141
5485 28 51 141
5486 29 12 141
5487 30 57 141
5488 31 117 141
5489 32 83 141
5490 33 192 141
5491 34 123 141
5492 35 107 141
5493 36 190 141
5494 37 144 141
5495 38 235 141
5496 39 18 141
5497 40 53 141
5498 41 85 141
5499 42 99 141
5500 43 88 141
5501 0 218 142
5502 1 164 142
5503 2 107 142
5504 3 201 142
5505 4 4 142
5506 5 231 142
5507 6 151 142
5508 7 42 142
5509 8 198 142
5510 9 16 142
5511 10 26 142
5512 11 241 142
5513 12 23 142
5514 51 235 144
5515 49 180 142
5516 48 83 143
5517 46 143 142
5518 45 223 142
5519 13 43 142
5520 14 261 142
5521 15 40 142
5522 16 186 142
5523 17 257 142
5524 18 74 142
5525 19 236 142
5526 20 103 142
5527 21 148 142
5528 22 213 142
5529 23 234 142
5530 24 163 142
5531 25 70 142
5532 26 63 142
5533 27 66 142
5534 28 144 142
5535 29 260 142
5536 30 10 142
5537 31 189 142
5538 32 244 142
5539 33 1 142
5540 34 49 142
5541 35 157 142
5542 36 153 142
5543 37 140 142
5544 38 51 142
5545 39 236 142
5546 40 167 142
5547 41 25 142
5548 42 213 142
5549 43 260 142
5550 44 249 142
5551 0 63 143
5552 1 238 143
5553 52 256 144
5554 50 173 143
5555 49 203 143
5556 47 60 143
5557 46 40 143
5558 2 182 143
5559 3 238 143
5560 4 257 143
5561 5 186 143
5562 6 186 143
5563 7 108 143
5564 8 65 143
5565 9 250 143
5566 10 38 143
5567 11 215 143
5568 12 122 143
5569 13 186 143
5570 14 184 143
5571 15 240 143
5572 16 239 143
5573 17 126 143
5574 18 99 143
5575 19 206 143
5576 20 113 143
5577 21 257 143
5578 22 101 143
5579 23 36 143
5580 24 200 143
5581 25 190 143
5582 26 35 143
5583 27 143 143
5584 28 50 143
5585 29 59 143
5586 30 60 143
5587 31 214 143
5588 32 86 143
5589 33 40 143
5590 34 250 143
5591 53 90 145
5592 51 173 145
5593 50 30 144
5594 48 248 144
5595 47 243 144
5596 45 172 143
5597 44 172 143
5598 35 107 143
5599 36 253 143
5600 42 176 143
5601 37 217 143
5602 39 257 143
5603 38 181 143
5604 40 206 143
5605 41 147 143
5606 43 143 143
5607 0 12 144
5608 1 161 144
5609 2 150 144
5610 3 159 144
5611 4 34 144
5612 5 45 144
5613 6 12 144
5614 7 108 144
5615 8 11 144
5616 9 177 144
5617 10 73 144
5618 11 53 144
5619 12 132 144
5620 13 209 144
5621 14 109 144
5622 15 201 144
5623 16 198 144
5624 17 37 144
5625 18 153 144
5626 19 84 144
5627 20 96 144
5628 54 218 146
5629 52 109 145
5630 51 30 146
5631 49 258 144
5632 48 5 145
5633 46 91 144
5634 45 118 144
5635 21 90 144
5636 22 50 144
5637 42 15 144
5638 23 242 144
5639 24 22 144
5640 25 227 144
5641 39 2 144
5642 38 178 144
5643 26 120 144
5644 27 205 144
5645 28 107 144
5646 29 149 144
5647 30 31 144
5648 31 75 144
5649 32 110 144
5650 33 213 144
5651 34 66 144
5652 35 66 144
5653 36 32 144
5654 37 224 144
5655 40 48 144
5656 41 98 144
5657 43 230 144
5658 44 209 144
5659 0 196 145
5660 1 135 145
5661 2 157 145
5662 3 78 145
5663 4 237 145
5664 55 45 147
5665 53 139 146
5666 52 139 146
5667 50 134 145
5668 49 177 145
5669 47 86 145
5670 46 145 145
5671 5 47 145
5672 6 125 145
5673 44 136 145
5674 7 33 145
5675 8 121 145
5676 9 117 145
5677 10 84 145
5678 39 87 145
5679 11 42 145
5680 12 215 145
5681 13 224 145
5682 14 77 145
5683 16 7 145
5684 15 253 145
5685 17 3 145
5686 32 51 145
5687 18 92 145
5688 19 71 145
5689 30 198 145
5690 20 6 145
5691 21 2 145
5692 22 133 145
5693 24 84 145
5694 25 58 145
5695 23 57 145
5696 26 205 145
5697 27 180 145
5698 28 182 145
5699 57 189 148
5700 54 62 147
5701 53 129 147
5702 51 134 147
5703 50 43 146
5704 48 110 146
5705 47 59 146
5706 45 229 145
5707 0 242 146
5708 45 130 146
5709 42 148 145
5710 43 93 145
5711 1 32 146
5712 41 175 145
5713 40 175 145
5714 38 234 145
5715 2 89 146
5716 38 49 146
5717 36 78 145
5718 35 52 145
5719 37 96 145
5720 34 157 145
5721 33 140 145
5722 31 246 145
5723 3 109 146
5724 4 45 146
5725 29 51 145
5726 5 127 146
5727 6 199 146
5728 7 165 146
5729 8 40 146
5730 24 146 146
5731 9 22 146
5732 25 80 146
5733 56 193 149
5734 55 201 148
5735 54 67 148
5736 52 165 147
5737 51 43 148
5738 49 212 146
5739 48 51 147
5740 46 34 146
5741 0 192 147
5742 46 133 147
5743 44 99 146
5744 42 187 146
5745 1 8 147
5746 43 155 146
5747 41 117 146
5748 39 73 146
5749 40 117 146
5750 2 171 147
5751 31 174 146
5752 36 237 146
5753 37 210 146
5754 35 158 146
5755 34 123 146
5756 32 70 146
5757 33 41 146
5758 3 67 147
5759 30 148 146
5760 27 35 146
5761 4 173 147
5762 28 11 146
5763 29 44 146
5764 26 140 146
5765 5 87 147
5766 58 232 149
5767 57 173 149
5768 55 196 149
5769 53 208 148
5770 52 208 148
5771 50 157 147
5772 49 17 147
5773 47 246 147
5774 0 48 148
5775 47 65 148
5776 45 230 147
5777 44 230 147
5778 1 2 148
5779 42 30 147
5780 43 47 147
5781 39 130 147
5782 41 224 147
5783 40 224 147
5784 38 26 147
5785 6 44 147
5786 2 234 148
5787 36 184 147
5788 35 35 147
5789 32 108 147
5790 34 222 147
5791 33 74 147
5792 31 115 147
5793 30 126 147
5794 37 165 147
5795 27 249 147
5796 28 84 147
5797 24 196 147
5798 59 232 151
5799 56 138 150
5800 57 186 150
5801 54 159 149
5802 53 106 149
5803 51 157 149
5804 50 123 148
5805 48 70 148
5806 49 82 148
5807 0 174 149
5808 46 33 148
5809 45 11 148
5810 1 132 149
5811 44 11 148
5812 42 177 148
5813 3 191 148
5814 43 5 148
5815 41 13 148
5816 39 125 148
5817 38 79 148
5818 40 17 148
5819 4 114 148
5820 36 114 148
5821 5 18 148
5822 35 76 148
5823 34 189 148
5824 32 37 148
5825 31 137 148
5826 33 53 148
5827 30 221 148
5828 29 14 147
5829 60 15 152
5830 58 107 150
5831 56 35 151
5832 55 104 150
5833 54 210 150
5834 52 105 149
5835 51 123 150
5836 48 210 149
5837 50 222 149
5838 49 148 149
5839 47 115 149
5840 46 252 149
5841 0 210 150
5842 45 84 149
5843 44 84 149
5844 2 100 149
5845 42 255 149
5846 43 58 149
5847 3 145 149
5848 39 46 149
5849 40 171 149
5850 38 149 149
5851 37 38 148
5852 4 2 149
5853 36 225 149
5854 35 150 149
5855 5 46 149
5856 32 163 149
5857 33 242 149
5858 31 42 149
5859 61 56 152
5860 59 107 152
5861 58 52 151
5862 57 2 151
5863 55 53 151
5864 53 228 150
5865 52 228 150
5866 1 29 150
5867 0 198 151
5868 50 189 150
5869 48 37 150
5870 47 137 150
5871 49 69 150
5872 46 179 150
5873 45 235 150
5874 2 25 150
5875 44 235 150
5876 42 10 150
5877 41 23 149
5878 3 12 150
5879 41 206 150
5880 39 160 150
5881 38 38 150
5882 4 132 150
5883 37 75 149
5884 36 188 150
5885 34 213 149
5886 5 137 150
5887 34 21 150
5888 62 185 153
5889 60 153 153
5890 59 52 153
5891 56 50 152
5892 57 258 152
5893 54 149 151
5894 53 187 151
5895 51 76 151
5896 52 187 151
5897 0 222 152
5898 1 171 151
5899 48 163 151
5900 49 221 151
5901 47 42 151
5902 46 28 151
5903 2 72 151
5904 45 97 151
5905 44 97 151
5906 43 14 150
5907 3 3 151
5908 42 75 151
5909 40 80 150
5910 39 122 151
5911 4 33 151
5912 38 75 151
5913 37 238 150
5914 35 144 150
5915 5 100 151
5916 63 185 155
5917 61 249 153
5918 60 87 154
5919 58 92 152
5920 56 27 153
5921 55 114 152
5922 54 38 152
5923 51 37 152
5924 53 113 152
5925 52 113 152
5926 50 213 151
5927 1 169 152
5928 50 21 152
5929 48 121 152
5930 47 249 152
5931 2 18 152
5932 46 166 152
5933 45 143 152
5934 43 244 151
5935 3 198 152
5936 42 109 152
5937 41 61 151
5938 40 61 151
5939 4 74 152
5940 39 47 152
5941 38 238 152
5942 36 191 151
5943 64 224 155
5944 62 125 154
5945 61 94 154
5946 59 92 154
5947 58 57 153
5948 57 252 153
5949 55 225 153
5950 0 225 153
5951 54 75 153
5952 53 50 153
5953 51 213 153
5954 1 108 153
5955 52 104 153
5956 49 128 152
5957 48 135 153
5958 2 136 153
5959 47 180 153
5960 46 120 153
5961 44 30 152
5962 3 181 153
5963 44 40 153
5964 43 202 152
5965 41 155 152
5966 4 150 153
5967 40 155 152
5968 39 72 153
5969 65 13 156
5970 63 125 156
5971 62 46 155
5972 60 56 155
5973 59 57 155
5974 56 154 154
5975 57 240 154
5976 0 122 154
5977 55 188 154
5978 54 238 154
5979 1 190 154
5980 51 192 154
5981 52 71 154
5982 50 199 153
5983 49 45 153
5984 2 34 154
5985 48 218 154
5986 47 203 154
5987 45 253 153
5988 3 111 154
5989 45 162 154
5990 42 91 153
5991 43 199 153
5992 4 169 154
5993 41 36 153
5994 66 194 157
5995 64 194 156
5996 63 46 157
5997 61 47 155
5998 60 109 156
5999 58 202 154
6000 56 167 155
6001 0 162 155
6002 57 194 155
6003 55 25 155
6004 53 48 154
6005 1 204 155
6006 53 64 155
6007 51 199 155
6008 50 109 154
6009 2 140 155
6010 49 248 154
6011 48 15 155
6012 46 10 154
6013 3 225 155
6014 46 101 155
6015 44 91 154
6016 42 232 154
6017 4 108 155
6018 67 69 158
6019 65 23 157
6020 64 23 157
6021 62 223 156
6022 61 200 156
6023 59 202 156
6024 58 108 155
6025 0 172 156
6026 56 201 156
6027 57 59 156
6028 54 239 155
6029 1 51 156
6030 54 231 156
6031 52 247 155
6032 51 109 156
6033 2 35 156
6034 50 139 155
6035 49 5 155
6036 47 258 155
6037 3 122 156
6038 47 81 156
6039 45 145 155
6040 44 145 155
6041 68 97 159
6042 66 60 158
6043 65 80 158
6044 63 223 158
6045 62 101 157
6046 60 68 157
6047 59 108 157
6048 0 43 157
6049 58 227 156
6050 56 14 157
6051 55 24 156
6052 1 210 157
6053 55 32 157
6054 53 93 156
6055 52 93 156
6056 2 206 157
6057 51 139 157
6058 50 129 156
6059 48 67 156
6060 49 86 156
6061 3 82 157
6062 46 118 156
6063 69 143 160
6064 67 203 159
6065 66 243 159
6066 64 243 158
6067 63 101 159
6068 61 103 157
6069 60 210 158
6070 0 208 158
6071 59 227 158
6072 58 12 157
6073 57 253 157
6074 1 184 158
6075 56 72 158
6076 54 85 157
6077 53 232 157
6078 2 183 158
6079 52 232 157
6080 51 129 158
6081 48 97 157
6082 50 220 157
6083 49 59 157
6084 70 233 160
6085 68 30 160
6086 67 20 160
6087 65 182 159
6088 64 182 159
6089 62 118 158
6090 61 100 158
6091 0 52 159
6092 60 51 159
6093 59 12 159
6094 57 251 158
6095 58 259 158
6096 1 252 159
6097 55 178 158
6098 54 147 158
6099 2 243 159
6100 53 98 158
6101 52 98 158
6102 3 43 158
6103 3 43 159
6104 71 15 161
6105 69 253 161
6106 68 253 161
6107 66 86 160
6108 65 27 160
6109 63 118 160
6110 62 136 159
6111 0 13 160
6112 61 32 159
6113 60 116 160
6114 56 166 159
6115 1 143 160
6116 58 89 159
6117 56 178 160
6118 55 116 159
6119 57 18 159
6120 54 214 159
6121 53 55 159
6122 51 208 159
6123 72 15 163
6124 70 129 161
6125 69 91 162
6126 67 177 161
6127 66 59 161
6128 64 59 160
6129 63 136 161
6130 0 69 161
6131 62 130 160
6132 61 59 160
6133 59 1 160
6134 1 233 161
6135 59 89 161
6136 2 99 160
6137 57 146 160
6138 58 115 160
6139 55 49 160
6140 54 104 160
6141 73 5 163
6142 71 67 162
6143 70 220 162
6144 68 43 162
6145 67 204 162
6146 65 68 161
6147 64 68 161
6148 0 83 162
6149 63 130 162
6150 62 132 161
6151 60 262 161
6152 61 44 161
6153 1 103 162
6154 2 27 161
6155 56 214 161
6156 58 156 161
6157 57 130 161
6158 74 5 165
6159 72 67 164
6160 71 153 163
6161 69 161 163
6162 68 161 163
6163 66 246 162
6164 65 65 162
6165 0 218 163
6166 64 65 162
6167 63 132 163
6168 60 131 162
6169 62 219 162
6170 61 121 162
6171 59 117 162
6172 2 78 162
6173 1 211 163
6174 75 165 165
6175 73 110 164
6176 72 153 165
6177 70 106 163
6178 69 34 164
6179 67 17 163
6180 66 181 163
6181 0 186 164
6182 65 66 163
6183 64 66 163
6184 2 176 163
6185 1 205 164
6186 62 190 163
6187 60 129 163
6188 59 224 163
6189 76 98 166
6190 74 110 166
6191 73 51 165
6192 71 210 164
6193 70 140 164
6194 68 123 164
6195 67 82 164
6196 0 178 165
6197 66 115 164
6198 65 241 164
6199 63 11 164
6200 64 241 164
6201 1 41 165
6202 61 48 163
6203 77 55 167
6204 75 211 166
6205 74 51 167
6206 72 210 166
6207 71 193 165
6208 69 222 165
6209 68 222 165
6210 70 47 165
6211 67 148 165
6212 66 137 165
6213 63 105 165
6214 65 95 165
6215 64 95 165
6216 78 104 168
6217 76 52 167
6218 75 105 167
6219 73 70 166
6220 72 193 167
6221 0 16 166
6222 69 189 166
6223 70 74 166
6224 68 189 166
6225 67 126 166
6226 1 221 166
6227 66 42 166
6228 79 26 168
6229 77 158 168
6230 76 158 168
6231 74 70 168
6232 73 152 167
6233 71 38 166
6234 0 11 167
6235 71 226 167
6236 69 200 167
6237 68 200 167
6238 1 121 167
6239 80 26 170
6240 78 184 169
6241 77 35 169
6242 75 206 168
6243 74 152 169
6244 72 38 168
6245 0 200 168
6246 73 129 168
6247 70 50 167
6248 69 21 168
6249 81 79 171
6250 79 46 169
6251 78 114 170
6252 76 57 169
6253 75 19 169
6254 0 49 169
6255 72 75 169
6256 73 163 169
6257 71 238 168
6258 82 171 171
6259 80 46 171
6260 79 160 170
6261 77 244 170
6262 76 244 170
6263 74 188 170
6264 0 144 170
6265 75 140 170
6266 83 171 173
6267 81 160 172
6268 80 160 172
6269 78 141 171
6270 77 94 171
6271 0 66 171
6272 74 25 171
6273 85 177 173
6274 82 80 172
6275 81 122 173
6276 79 101 171
6277 78 216 172
6278 76 108 171
6279 84 237 174
6280 83 80 174
6281 82 61 173
6282 80 101 173
6283 79 54 172
6284 86 40 175
6285 85 101 174
6286 83 61 175
6287 81 54 174
6288 87 40 177
6289 84 5 175
6290 85 145 175
6291 88 253 178
6292 86 91 176
6293 89 86 178
6294 10 131 146
6295 11 109 146
6296 12 24 146
6297 13 14 146
6298 14 168 146
6299 15 153 146
6300 16 106 146
6301 17 198 146
6302 18 17 146
6303 19 129 146
6304 20 54 146
6305 21 251 146
6306 22 3 146
6307 23 16 146
6308 7 192 147
6309 8 226 147
6310 9 214 147
6311 10 70 147
6312 11 257 147
6313 12 105 147
6314 13 113 147
6315 14 131 147
6316 15 67 147
6317 16 139 147
6318 17 164 147
6319 18 256 147
6320 19 3 147
6321 20 25 147
6322 21 71 147
6323 22 17 147
6324 23 55 147
6325 25 121 147
6326 26 142 147
6327 6 227 148
6328 7 19 148
6329 8 27 148
6330 9 54 148
6331 10 186 148
6332 25 46 148
6333 26 73 148
6334 27 66 148
6335 28 211 148
6336 29 131 148
6337 11 131 148
6338 12 109 148
6339 13 24 148
6340 14 14 148
6341 15 168 148
6342 16 153 148
6343 17 106 148
6344 18 198 148
6345 19 17 148
6346 20 129 148
6347 21 54 148
6348 22 251 148
6349 23 3 148
6350 24 16 148
6351 6 161 149
6352 7 87 149
6353 8 55 149
6354 9 209 149
6355 10 245 149
6356 11 20 149
6357 12 21 149
6358 13 232 149
6359 14 54 149
6360 15 169 149
6361 16 95 149
6362 17 45 149
6363 18 64 149
6364 19 137 149
6365 20 105 149
6366 21 170 149
6367 22 255 149
6368 23 110 149
6369 24 234 149
6370 25 53 149
6371 26 158 149
6372 27 258 149
6373 28 178 149
6374 29 231 149
6375 30 256 149
6376 6 67 150
6377 7 20 150
6378 8 111 150
6379 9 55 150
6380 10 205 150
6381 11 227 150
6382 12 241 150
6383 13 108 150
6384 14 21 150
6385 15 149 150
6386 16 12 150
6387 17 164 150
6388 18 113 150
6389 19 18 150
6390 20 243 150
6391 21 226 150
6392 22 119 150
6393 23 242 150
6394 24 42 150
6395 25 200 150
6396 26 235 150
6397 27 36 150
6398 28 260 150
6399 29 125 150
6400 30 195 150
6401 31 117 150
6402 32 221 150
6403 33 210 150
6404 6 39 151
6405 7 225 151
6406 8 63 151
6407 9 41 151
6408 10 57 151
6409 11 251 151
6410 12 160 151
6411 13 157 151
6412 14 241 151
6413 15 255 151
6414 16 235 151
6415 17 99 151
6416 18 73 151
6417 19 161 151
6418 20 245 151
6419 21 48 151
6420 22 179 151
6421 23 195 151
6422 24 132 151
6423 25 184 151
6424 26 208 151
6425 27 65 151
6426 28 161 151
6427 29 55 151
6428 30 142 151
6429 31 9 151
6430 32 261 151
6431 33 65 151
6432 34 128 151
6433 35 122 151
6434 37 174 151
6435 5 26 152
6436 6 67 152
6437 7 234 152
6438 8 228 152
6439 9 69 152
6440 10 152 152
6441 11 245 152
6442 12 202 152
6443 13 240 152
6444 14 110 152
6445 15 32 152
6446 16 77 152
6447 17 78 152
6448 18 153 152
6449 19 85 152
6450 20 191 152
6451 21 124 152
6452 22 96 152
6453 23 81 152
6454 24 12 152
6455 25 137 152
6456 26 90 152
6457 27 1 152
6458 28 251 152
6459 29 129 152
6460 30 234 152
6461 31 136 152
6462 32 151 152
6463 33 64 152
6464 34 223 152
6465 35 106 152
6466 36 25 152
6467 37 160 152
6468 5 68 153
6469 6 143 153
6470 7 156 153
6471 8 85 153
6472 9 196 153
6473 10 65 153
6474 11 5 153
6475 12 217 153
6476 13 58 153
6477 14 222 153
6478 15 228 153
6479 16 169 153
6480 17 195 153
6481 18 214 153
6482 19 240 153
6483 20 165 153
6484 21 111 153
6485 22 173 153
6486 23 207 153
6487 24 10 153
6488 25 37 153
6489 26 122 153
6490 27 6 153
6491 28 159 153
6492 29 1 153
6493 30 94 153
6494 31 115 153
6495 32 225 153
6496 33 118 153
6497 34 242 153
6498 35 126 153
6499 36 226 153
6500 37 150 153
6501 38 56 153
6502 40 5 153
6503 5 28 154
6504 6 103 154
6505 7 195 154
6506 8 203 154
6507 9 106 154
6508 10 141 154
6509 11 220 154
6510 12 74 154
6511 13 35 154
6512 14 91 154
6513 15 122 154
6514 16 262 154
6515 17 195 154
6516 18 163 154
6517 19 255 154
6518 20 75 154
6519 21 14 154
6520 22 65 154
6521 23 150 154
6522 24 195 154
6523 25 166 154
6524 26 241 154
6525 27 149 154
6526 28 222 154
6527 29 55 154
6528 30 185 154
6529 31 134 154
6530 32 47 154
6531 33 214 154
6532 34 64 154
6533 35 236 154
6534 36 164 154
6535 37 83 154
6536 38 29 154
6537 39 82 154
6538 40 101 154
6539 41 216 154
6540 43 133 154
6541 5 4 155
6542 6 109 155
6543 7 120 155
6544 8 39 155
6545 9 150 155
6546 10 65 155
6547 11 136 155
6548 12 42 155
6549 13 195 155
6550 14 63 155
6551 15 110 155
6552 16 204 155
6553 17 195 155
6554 18 198 155
6555 19 18 155
6556 20 210 155
6557 21 257 155
6558 22 28 155
6559 23 59 155
6560 24 132 155
6561 25 222 155
6562 26 47 155
6563 27 178 155
6564 28 133 155
6565 29 214 155
6566 30 44 155
6567 31 113 155
6568 32 102 155
6569 33 168 155
6570 34 129 155
6571 35 216 155
6572 36 184 155
6573 37 109 155
6574 38 118 155
6575 39 135 155
6576 40 252 155
6577 41 79 155
6578 42 21 155
6579 43 224 155
6580 4 186 156
6581 5 205 156
6582 6 42 156
6583 7 218 156
6584 8 107 156
6585 9 104 156
6586 10 100 156
6587 11 85 156
6588 12 187 156
6589 13 164 156
6590 14 82 156
6591 15 235 156
6592 16 131 156
6593 17 168 156
6594 18 182 156
6595 19 62 156
6596 20 26 156
6597 21 2 156
6598 22 53 156
6599 23 11 156
6600 24 181 156
6601 25 214 156
6602 26 224 156
6603 27 146 156
6604 28 220 156
6605 29 55 156
6606 30 87 156
6607 31 118 156
6608 32 40 156
6609 33 156 156
6610 34 78 156
6611 35 150 156
6612 36 144 156
6613 37 262 156
6614 38 127 156
6615 39 25 156
6616 40 114 156
6617 41 117 156
6618 42 126 156
6619 43 241 156
6620 44 60 156
6621 45 47 156
6622 4 81 157
6623 5 46 157
6624 6 260 157
6625 8 247 157
6626 7 244 157
6627 9 122 157
6628 10 7 157
6629 11 163 157
6630 12 129 157
6631 13 40 157
6632 14 182 157
6633 15 179 157
6634 16 121 157
6635 17 214 157
6636 18 147 157
6637 19 167 157
6638 20 6 157
6639 21 256 157
6640 22 42 157
6641 23 171 157
6642 24 227 157
6643 25 11 157
6644 26 132 157
6645 27 154 157
6646 28 159 157
6647 29 21 157
6648 30 150 157
6649 31 127 157
6650 32 195 157
6651 33 186 157
6652 34 87 157
6653 35 11 157
6654 36 162 157
6655 37 73 157
6656 38 160 157
6657 39 83 157
6658 40 249 157
6659 41 222 157
6660 42 50 157
6661 43 114 157
6662 44 129 157
6663 45 239 157
6664 46 76 157
6665 47 111 157
6666 4 86 158
6667 5 69 158
6668 6 164 158
6669 7 216 158
6670 8 179 158
6671 9 224 158
6672 10 53 158
6673 11 68 158
6674 12 36 158
6675 13 206 158
6676 14 227 158
6677 15 12 158
6678 16 258 158
6679 17 85 158
6680 18 217 158
6681 19 95 158
6682 20 57 158
6683 21 244 158
6684 22 15 158
6685 23 254 158
6686 24 138 158
6687 25 92 158
6688 26 256 158
6689 27 246 158
6690 28 16 158
6691 29 230 158
6692 30 177 158
6693 31 114 158
6694 32 121 158
6695 33 145 158
6696 34 48 158
6697 35 114 158
6698 36 237 158
6699 37 55 158
6700 38 164 158
6701 39 28 158
6702 40 41 158
6703 41 152 158
6704 42 151 158
6705 43 191 158
6706 44 141 158
6707 45 262 158
6708 46 141 158
6709 47 160 158
6710 48 228 158
6711 49 134 158
6712 50 168 158
6713 4 88 159
6714 5 167 159
6715 6 125 159
6716 7 134 159
6717 8 154 159
6718 9 28 159
6719 10 157 159
6720 11 45 159
6721 12 166 159
6722 13 70 159
6723 14 63 159
6724 15 107 159
6725 16 35 159
6726 17 70 159
6727 18 12 159
6728 19 226 159
6729 20 98 159
6730 21 131 159
6731 22 209 159
6732 23 50 159
6733 24 16 159
6734 25 22 159
6735 26 131 159
6736 27 76 159
6737 28 202 159
6738 29 249 159
6739 30 198 159
6740 31 59 159
6741 32 58 159
6742 33 93 159
6743 34 180 159
6744 35 182 159
6745 36 163 159
6746 37 212 159
6747 38 26 159
6748 39 210 159
6749 40 112 159
6750 41 133 159
6751 42 76 159
6752 43 221 159
6753 44 6 159
6754 45 156 159
6755 46 18 159
6756 47 225 159
6757 48 82 159
6758 49 86 159
6759 50 25 159
6760 52 104 159
6761 3 227 160
6762 4 197 160
6763 5 230 160
6764 6 54 160
6765 7 26 160
6766 8 209 160
6767 9 71 160
6768 10 23 160
6769 11 221 160
6770 12 39 160
6771 13 252 160
6772 14 252 160
6773 15 5 160
6774 16 166 160
6775 17 179 160
6776 18 84 160
6777 19 111 160
6778 20 229 160
6779 21 120 160
6780 22 192 160
6781 23 41 160
6782 24 27 160
6783 25 143 160
6784 26 219 160
6785 27 131 160
6786 28 81 160
6787 29 40 160
6788 30 92 160
6789 31 110 160
6790 32 85 160
6791 33 27 160
6792 34 233 160
6793 35 241 160
6794 36 90 160
6795 37 43 160
6796 38 107 160
6797 39 23 160
6798 40 91 160
6799 41 78 160
6800 42 148 160
6801 43 34 160
6802 44 257 160
6803 45 26 160
6804 46 84 160
6805 47 32 160
6806 48 197 160
6807 49 61 160
6808 50 119 160
6809 51 52 160
6810 52 83 160
6811 53 228 160
6812 3 52 161
6813 4 259 161
6814 5 5 161
6815 6 83 161
6816 7 68 161
6817 8 3 161
6818 9 238 161
6819 10 103 161
6820 11 92 161
6821 12 164 161
6822 13 95 161
6823 14 39 161
6824 16 172 161
6825 15 60 161
6826 17 43 161
6827 18 260 161
6828 19 59 161
6829 20 12 161
6830 21 98 161
6831 22 220 161
6832 23 160 161
6833 24 228 161
6834 25 258 161
6835 26 174 161
6836 27 259 161
6837 28 241 161
6838 29 232 161
6839 30 223 161
6840 31 162 161
6841 32 177 161
6842 33 3 161
6843 34 166 161
6844 35 25 161
6845 36 214 161
6846 37 131 161
6847 38 217 161
6848 39 10 161
6849 40 181 161
6850 41 260 161
6851 42 5 161
6852 43 245 161
6853 44 121 161
6854 45 221 161
6855 46 85 161
6856 47 228 161
6857 48 39 161
6858 49 13 161
6859 50 261 161
6860 51 186 161
6861 52 94 161
6862 53 259 161
6863 54 217 161
6864 55 98 161
6865 3 260 162
6866 4 195 162
6867 5 224 162
6868 6 256 162
6869 7 156 162
6870 8 200 162
6871 9 143 162
6872 10 154 162
6873 11 246 162
6874 12 26 162
6875 13 192 162
6876 14 236 162
6877 15 158 162
6878 16 190 162
6879 17 37 162
6880 18 27 162
6881 19 177 162
6882 20 213 162
6883 21 211 162
6884 22 230 162
6885 23 9 162
6886 24 48 162
6887 25 248 162
6888 26 63 162
6889 27 57 162
6890 28 100 162
6891 29 178 162
6892 30 77 162
6893 31 262 162
6894 32 179 162
6895 33 62 162
6896 34 237 162
6897 35 30 162
6898 36 155 162
6899 37 145 162
6900 38 63 162
6901 39 109 162
6902 40 56 162
6903 41 173 162
6904 42 248 162
6905 43 23 162
6906 44 171 162
6907 45 11 162
6908 46 146 162
6909 47 250 162
6910 48 172 162
6911 49 114 162
6912 50 111 162
6913 51 203 162
6914 52 191 162
6915 53 205 162
6916 54 129 162
6917 55 157 162
6918 56 59 162
6919 57 232 162
6920 58 179 162
6921 3 199 163
6922 4 10 163
6923 5 58 163
6924 6 110 163
6925 7 58 163
6926 8 257 163
6927 9 19 163
6928 10 141 163
6929 11 152 163
6930 12 216 163
6931 13 154 163
6932 14 248 163
6933 15 115 163
6934 16 50 163
6935 17 108 163
6936 18 73 163
6937 19 3 163
6938 20 188 163
6939 21 216 163
6940 22 262 163
6941 23 124 163
6942 24 100 163
6943 25 202 163
6944 26 208 163
6945 27 133 163
6946 28 211 163
6947 29 78 163
6948 30 146 163
6949 31 69 163
6950 32 143 163
6951 33 6 163
6952 34 122 163
6953 35 97 163
6954 36 123 163
6955 37 86 163
6956 38 129 163
6957 39 101 163
6958 40 240 163
6959 41 244 163
6960 42 176 163
6961 43 85 163
6962 44 200 163
6963 45 208 163
6964 46 95 163
6965 47 188 163
6966 48 74 163
6967 49 210 163
6968 50 42 163
6969 51 135 163
6970 52 91 163
6971 53 185 163
6972 54 113 163
6973 55 187 163
6974 56 99 163
6975 57 125 163
6976 58 39 163
6977 2 212 164
6978 3 183 164
6979 4 210 164
6980 5 86 164
6981 6 139 164
6982 7 114 164
6983 8 207 164
6984 9 216 164
6985 10 214 164
6986 11 201 164
6987 12 118 164
6988 13 212 164
6989 14 92 164
6990 15 97 164
6991 16 234 164
6992 17 139 164
6993 18 141 164
6994 19 92 164
6995 20 143 164
6996 21 26 164
6997 22 252 164
6998 23 180 164
6999 24 82 164
7000 25 216 164
7001 26 53 164
7002 27 99 164
7003 28 147 164
7004 29 131 164
7005 30 173 164
7006 31 99 164
7007 32 248 164
7008 33 256 164
7009 34 180 164
7010 35 15 164
7011 36 241 164
7012 37 247 164
7013 38 163 164
7014 39 60 164
7015 40 172 164
7016 41 190 164
7017 42 85 164
7018 43 28 164
7019 44 90 164
7020 45 203 164
7021 46 249 164
7022 47 238 164
7023 48 152 164
7024 49 105 164
7025 50 120 164
7026 51 158 164
7027 52 133 164
7028 53 104 164
7029 54 10 164
7030 55 221 164
7031 56 17 164
7032 57 191 164
7033 58 30 164
7034 59 225 164
7035 60 98 164
7036 61 222 164
7037 62 105 164
7038 2 82 165
7039 3 101 165
7040 4 242 165
7041 5 149 165
7042 6 241 165
7043 7 191 165
7044 8 96 165
7045 9 65 165
7046 10 132 165
7047 11 230 165
7048 12 245 165
7049 13 40 165
7050 14 54 165
7051 15 244 165
7052 16 22 165
7053 17 225 165
7054 18 250 165
7055 19 79 165
7056 20 111 165
7057 21 93 165
7058 22 229 165
7059 23 55 165
7060 24 242 165
7061 25 114 165
7062 26 125 165
7063 27 138 165
7064 28 247 165
7065 29 45 165
7066 30 166 165
7067 31 49 165
7068 32 132 165
7069 33 245 165
7070 34 216 165
7071 35 219 165
7072 36 148 165
7073 37 1 165
7074 38 75 165
7075 39 134 165
7076 40 186 165
7077 41 151 165
7078 42 241 165
7079 43 40 165
7080 44 51 165
7081 45 23 165
7082 46 129 165
7083 47 42 165
7084 48 189 165
7085 49 24 165
7086 50 31 165
7087 51 222 165
7088 52 221 165
7089 53 203 165
7090 54 166 165
7091 55 100 165
7092 56 67 165
7093 57 145 165
7094 58 202 165
7095 59 200 165
7096 60 243 165
7097 61 23 165
7098 62 18 165
7099 2 240 166
7100 3 224 166
7101 4 130 166
7102 5 122 166
7103 6 159 166
7104 7 207 166
7105 8 57 166
7106 9 230 166
7107 10 159 166
7108 11 224 166
7109 12 201 166
7110 13 3 166
7111 14 161 166
7112 15 210 166
7113 16 111 166
7114 17 184 166
7115 18 183 166
7116 19 229 166
7117 20 20 166
7118 21 191 166
7119 22 239 166
7120 23 161 166
7121 24 177 166
7122 25 32 166
7123 26 88 166
7124 27 18 166
7125 28 79 166
7126 29 134 166
7127 30 206 166
7128 31 202 166
7129 32 108 166
7130 33 92 166
7131 34 100 166
7132 35 97 166
7133 36 258 166
7134 37 140 166
7135 38 179 166
7136 39 149 166
7137 40 54 166
7138 41 60 166
7139 42 205 166
7140 43 8 166
7141 44 215 166
7142 45 132 166
7143 46 49 166
7144 47 106 166
7145 48 133 166
7146 49 115 166
7147 50 147 166
7148 51 144 166
7149 52 154 166
7150 53 252 166
7151 54 138 166
7152 55 61 166
7153 56 29 166
7154 57 101 166
7155 58 112 166
7156 59 111 166
7157 60 207 166
7158 61 63 166
7159 62 26 166
7160 63 217 166
7161 64 39 166
7162 65 80 166
7163 2 231 167
7164 3 206 167
7165 4 63 167
7166 5 104 167
7167 6 195 167
7168 7 83 167
7169 8 11 167
7170 9 152 167
7171 10 170 167
7172 11 133 167
7173 12 77 167
7174 13 23 167
7175 14 164 167
7176 15 45 167
7177 16 149 167
7178 17 95 167
7179 18 94 167
7180 19 149 167
7181 20 90 167
7182 21 195 167
7183 22 19 167
7184 23 90 167
7185 24 129 167
7186 25 255 167
7187 26 103 167
7188 27 125 167
7189 28 227 167
7190 29 113 167
7191 30 115 167
7192 31 79 167
7193 32 86 167
7194 33 196 167
7195 34 171 167
7196 35 72 167
7197 36 27 167
7198 37 174 167
7199 38 52 167
7200 39 240 167
7201 40 135 167
7202 41 87 167
7203 42 147 167
7204 43 52 167
7205 44 30 167
7206 45 231 167
7207 46 232 167
7208 47 42 167
7209 48 200 167
7210 49 252 167
7211 50 154 167
7212 51 33 167
7213 52 96 167
7214 53 194 167
7215 54 54 167
7216 55 175 167
7217 56 106 167
7218 57 170 167
7219 58 213 167
7220 59 1 167
7221 60 157 167
7222 61 118 167
7223 62 189 167
7224 63 128 167
7225 1 163 168
7226 64 103 167
7227 65 100 167
7228 66 101 167
7229 67 70 167
7230 2 247 168
7231 3 154 168
7232 4 112 168
7233 5 178 168
7234 1 253 169
7235 6 23 168
7236 7 137 168
7237 1 258 170
7238 8 242 168
7239 1 129 171
7240 9 32 168
7241 10 112 168
7242 11 102 168
7243 12 102 168
7244 13 251 168
7245 14 137 168
7246 15 230 168
7247 16 213 168
7248 17 131 168
7249 18 177 168
7250 19 122 168
7251 20 4 168
7252 21 221 168
7253 22 205 168
7254 23 254 168
7255 24 180 168
7256 25 93 168
7257 26 112 168
7258 27 155 168
7259 28 41 168
7260 29 188 168
7261 31 214 168
7262 30 87 168
7263 32 208 168
7264 33 185 168
7265 34 208 168
7266 35 215 168
7267 36 6 168
7268 37 261 168
7269 38 211 168
7270 39 59 168
7271 40 186 168
7272 41 183 168
7273 42 260 168
7274 43 139 168
7275 44 135 168
7276 45 77 168
7277 46 221 168
7278 47 3 168
7279 48 205 168
7280 49 132 168
7281 50 75 168
7282 2 58 169
7283 3 197 169
7284 4 107 169
7285 5 35 169
7286 51 8 168
7287 52 44 168
7288 53 12 168
7289 54 41 168
7290 56 74 168
7291 55 33 168
7292 57 12 168
7293 58 136 168
7294 59 121 168
7295 60 116 168
7296 61 49 168
7297 62 18 168
7298 63 120 168
7299 64 252 168
7300 65 86 168
7301 66 152 168
7302 67 109 168
7303 68 225 168
7304 70 150 168
7305 6 230 169
7306 7 226 169
7307 8 123 169
7308 9 171 169
7309 10 193 169
7310 11 114 169
7311 12 35 169
7312 13 174 169
7313 14 130 169
7314 15 218 169
7315 16 6 169
7316 17 95 169
7317 18 104 169
7318 19 115 169
7319 20 253 169
7320 21 86 169
7321 22 167 169
7322 23 237 169
7323 24 231 169
7324 25 194 169
7325 26 4 169
7326 27 122 169
7327 28 228 169
7328 29 23 169
7329 30 199 169
7330 31 115 169
7331 32 217 169
7332 33 239 169
7333 34 109 169
7334 35 181 169
7335 36 256 169
7336 37 28 169
7337 38 28 169
7338 39 83 169
7339 40 32 169
7340 41 133 169
7341 42 206 169
7342 43 9 169
7343 44 144 169
7344 45 83 169
7345 46 259 169
7346 47 246 169
7347 48 1 169
7348 49 109 169
7349 50 259 169
7350 51 10 169
7351 52 206 169
7352 53 24 169
7353 54 111 169
7354 55 64 169
7355 56 182 169
7356 57 196 169
7357 58 27 169
7358 59 232 169
7359 60 241 169
7360 61 212 169
7361 62 103 169
7362 63 138 169
7363 64 194 169
7364 65 180 169
7365 66 232 169
7366 67 44 169
7367 68 70 169
7368 69 262 169
7369 70 21 169
7370 71 259 169
7371 2 60 170
7372 3 73 170
7373 4 48 170
7374 5 180 170
7375 6 20 170
7376 7 126 170
7377 8 49 170
7378 9 153 170
7379 10 115 170
7380 11 52 170
7381 12 143 170
7382 13 236 170
7383 14 260 170
7384 15 189 170
7385 16 38 170
7386 17 36 170
7387 18 203 170
7388 19 205 170
7389 20 124 170
7390 21 132 170
7391 22 226 170
7392 23 187 170
7393 24 156 170
7394 25 75 170
7395 26 252 170
7396 27 197 170
7397 28 54 170
7398 29 176 170
7399 30 232 170
7400 31 219 170
7401 32 75 170
7402 33 25 170
7403 34 149 170
7404 35 171 170
7405 36 181 170
7406 37 23 170
7407 38 166 170
7408 39 201 170
7409 40 253 170
7410 41 197 170
7411 42 4 170
7412 43 252 170
7413 44 201 170
7414 45 210 170
7415 46 240 170
7416 47 108 170
7417 48 151 170
7418 49 241 170
7419 50 185 170
7420 51 22 170
7421 52 105 170
7422 53 70 170
7423 54 117 170
7424 55 45 170
7425 56 162 170
7426 57 252 170
7427 58 200 170
7428 59 52 170
7429 60 109 170
7430 61 185 170
7431 62 5 170
7432 63 127 170
7433 65 260 170
7434 64 119 170
7435 66 195 170
7436 67 40 170
7437 68 55 170
7438 69 40 170
7439 70 185 170
7440 71 99 170
7441 72 114 170
7442 73 67 170
7443 2 199 171
7444 3 45 171
7445 4 10 171
7446 5 179 171
7447 6 250 171
7448 7 52 171
7449 8 112 171
7450 9 217 171
7451 10 167 171
7452 11 253 171
7453 12 55 171
7454 13 199 171
7455 14 70 171
7456 15 255 171
7457 16 123 171
7458 17 255 171
7459 18 209 171
7460 19 134 171
7461 20 89 171
7462 21 45 171
7463 22 2 171
7464 23 137 171
7465 24 177 171
7466 25 130 171
7467 26 251 171
7468 27 44 171
7469 28 57 171
7470 29 239 171
7471 30 197 171
7472 31 234 171
7473 32 97 171
7474 33 195 171
7475 34 27 171
7476 35 158 171
7477 36 136 171
7478 37 231 171
7479 38 79 171
7480 39 218 171
7481 40 148 171
7482 41 161 171
7483 42 24 171
7484 43 238 171
7485 44 177 171
7486 45 52 171
7487 46 133 171
7488 47 53 171
7489 48 61 171
7490 49 249 171
7491 50 65 171
7492 51 256 171
7493 52 16 171
7494 53 252 171
7495 54 171 171
7496 55 216 171
7497 56 154 171
7498 57 68 171
7499 58 101 171
7500 59 107 171
7501 60 179 171
7502 61 87 171
7503 62 97 171
7504 63 116 171
7505 64 92 171
7506 65 246 171
7507 66 146 171
7508 67 21 171
7509 68 179 171
7510 69 201 171
7511 70 47 171
7512 71 244 171
7513 72 112 171
7514 73 44 171
7515 75 139 171
7516 0 211 172
7517 1 236 172
7518 2 232 172
7519 3 3 172
7520 4 29 172
7521 5 222 172
7522 6 249 172
7523 7 30 172
7524 8 137 172
7525 9 173 172
7526 10 235 172
7527 11 139 172
7528 12 48 172
7529 13 148 172
7530 14 68 172
7531 15 63 172
7532 16 55 172
7533 17 47 172
7534 18 133 172
7535 19 18 172
7536 20 39 172
7537 21 115 172
7538 22 111 172
7539 23 49 172
7540 24 45 172
7541 25 57 172
7542 26 69 172
7543 27 116 172
7544 28 74 172
7545 29 217 172
7546 30 60 172
7547 31 182 172
7548 32 223 172
7549 33 229 172
7550 34 61 172
7551 35 24 172
7552 36 178 172
7553 37 105 172
7554 38 189 172
7555 39 5 172
7556 40 69 172
7557 41 172 172
7558 42 134 172
7559 43 14 172
7560 44 3 172
7561 45 46 172
7562 46 211 172
7563 47 70 172
7564 48 46 172
7565 49 86 172
7566 50 185 172
7567 51 86 172
7568 52 232 172
7569 53 208 172
7570 54 71 172
7571 55 171 172
7572 56 104 172
7573 57 161 172
7574 58 242 172
7575 59 37 172
7576 60 68 172
7577 61 208 172
7578 62 212 172
7579 63 227 172
7580 64 37 172
7581 65 120 172
7582 66 154 172
7583 67 138 172
7584 68 142 172
7585 69 18 172
7586 70 180 172
7587 71 205 172
7588 72 69 172
7589 73 13 172
7590 74 125 172
7591 75 10 172
7592 76 71 172
7593 77 184 172
7594 0 12 173
7595 1 208 173
7596 2 228 173
7597 3 59 173
7598 4 184 173
7599 5 234 173
7600 6 16 173
7601 7 114 173
7602 8 139 173
7603 9 236 173
7604 10 155 173
7605 11 71 173
7606 12 138 173
7607 13 206 173
7608 14 29 173
7609 15 83 173
7610 16 174 173
7611 17 40 173
7612 18 70 173
7613 19 233 173
7614 20 139 173
7615 21 156 173
7616 22 220 173
7617 23 119 173
7618 24 180 173
7619 25 148 173
7620 26 225 173
7621 27 35 173
7622 28 116 173
7623 29 78 173
7624 30 62 173
7625 31 123 173
7626 32 108 173
7627 33 61 173
7628 34 15 173
7629 35 35 173
7630 36 63 173
7631 37 156 173
7632 38 36 173
7633 39 70 173
7634 40 170 173
7635 41 121 173
7636 42 175 173
7637 43 254 173
7638 44 14 173
7639 45 129 173
7640 46 172 173
7641 47 127 173
7642 48 62 173
7643 49 177 173
7644 50 100 173
7645 51 229 173
7646 52 44 173
7647 53 185 173
7648 54 104 173
7649 55 142 173
7650 56 173 173
7651 57 117 173
7652 58 41 173
7653 59 46 173
7654 60 154 173
7655 61 208 173
7656 62 89 173
7657 63 178 173
7658 64 199 173
7659 65 164 173
7660 66 226 173
7661 67 161 173
7662 68 142 173
7663 69 93 173
7664 70 65 173
7665 71 62 173
7666 72 155 173
7667 73 179 173
7668 74 215 173
7669 75 124 173
7670 76 175 173
7671 77 209 173
7672 78 180 173
7673 79 16 173
7674 0 42 174
7675 1 94 174
7676 2 124 174
7677 3 212 174
7678 4 217 174
7679 5 148 174
7680 6 216 174
7681 7 67 174
7682 8 114 174
7683 9 223 174
7684 10 24 174
7685 11 24 174
7686 12 118 174
7687 13 250 174
7688 14 207 174
7689 15 252 174
7690 16 230 174
7691 17 202 174
7692 18 55 174
7693 19 128 174
7694 20 199 174
7695 21 92 174
7696 22 90 174
7697 23 9 174
7698 24 179 174
7699 25 96 174
7700 26 17 174
7701 27 6 174
7702 28 58 174
7703 29 16 174
7704 30 216 174
7705 31 238 174
7706 32 96 174
7707 33 98 174
7708 34 144 174
7709 35 240 174
7710 36 189 174
7711 37 56 174
7712 38 137 174
7713 39 103 174
7714 40 241 174
7715 41 253 174
7716 42 59 174
7717 43 18 174
7718 44 149 174
7719 45 106 174
7720 46 155 174
7721 47 55 174
7722 48 115 174
7723 49 260 174
7724 50 109 174
7725 51 258 174
7726 52 56 174
7727 53 128 174
7728 54 33 174
7729 55 240 174
7730 56 26 174
7731 57 203 174
7732 58 87 174
7733 59 194 174
7734 60 61 174
7735 61 98 174
7736 62 69 174
7737 63 84 174
7738 64 216 174
7739 65 59 174
7740 66 64 174
7741 67 21 174
7742 68 33 174
7743 69 154 174
7744 70 114 174
7745 71 135 174
7746 72 77 174
7747 73 114 174
7748 74 185 174
7749 75 205 174
7750 76 177 174
7751 77 64 174
7752 78 49 174
7753 79 136 174
7754 80 219 174
7755 82 105 174
7756 0 161 175
7757 1 100 175
7758 2 58 175
7759 3 72 175
7760 4 203 175
7761 5 142 175
7762 6 149 175
7763 7 48 175
7764 8 107 175
7765 9 23 175
7766 10 1 175
7767 12 33 175
7768 11 175 175
7769 13 116 175
7770 14 219 175
7771 15 51 175
7772 16 96 175
7773 17 180 175
7774 18 110 175
7775 19 223 175
7776 20 53 175
7777 21 148 175
7778 22 241 175
7779 23 144 175
7780 24 234 175
7781 25 136 175
7782 26 226 175
7783 27 84 175
7784 28 222 175
7785 29 151 175
7786 30 33 175
7787 31 62 175
7788 32 23 175
7789 33 86 175
7790 34 64 175
7791 35 150 175
7792 36 176 175
7793 37 147 175
7794 38 124 175
7795 39 162 175
7796 40 74 175
7797 41 56 175
7798 42 5 175
7799 43 139 175
7800 44 181 175
7801 45 178 175
7802 46 217 175
7803 48 82 175
7804 47 105 175
7805 49 182 175
7806 50 100 175
7807 51 175 175
7808 52 39 175
7809 53 44 175
7810 54 220 175
7811 55 174 175
7812 56 143 175
7813 57 13 175
7814 58 142 175
7815 59 145 175
7816 60 202 175
7817 61 88 175
7818 62 209 175
7819 63 130 175
7820 64 213 175
7821 65 36 175
7822 66 207 175
7823 67 220 175
7824 68 99 175
7825 69 210 175
7826 70 131 175
7827 71 247 175
7828 72 26 175
7829 73 26 175
7830 74 109 175
7831 75 93 175
7832 76 241 175
7833 77 122 175
7834 78 210 175
7835 79 45 175
7836 80 176 175
7837 81 122 175
7838 82 172 175
7839 0 232 176
7840 1 37 176
7841 2 88 176
7842 3 192 176
7843 4 231 176
7844 5 208 176
7845 6 155 176
7846 7 20 176
7847 8 205 176
7848 9 219 176
7849 10 262 176
7850 11 174 176
7851 12 183 176
7852 13 64 176
7853 14 65 176
7854 15 79 176
7855 16 228 176
7856 17 34 176
7857 18 244 176
7858 19 108 176
7859 20 246 176
7860 21 38 176
7861 22 81 176
7862 23 144 176
7863 24 247 176
7864 25 182 176
7865 26 191 176
7866 27 238 176
7867 28 140 176
7868 29 5 176
7869 30 233 176
7870 31 187 176
7871 32 143 176
7872 33 124 176
7873 34 8 176
7874 35 249 176
7875 36 246 176
7876 37 203 176
7877 38 11 176
7878 39 32 176
7879 40 170 176
7880 41 214 176
7881 42 190 176
7882 43 234 176
7883 44 75 176
7884 45 107 176
7885 46 98 176
7886 47 6 176
7887 48 43 176
7888 49 55 176
7889 50 159 176
7890 51 254 176
7891 52 165 176
7892 53 54 176
7893 54 163 176
7894 55 178 176
7895 56 83 176
7896 57 125 176
7897 58 228 176
7898 59 63 176
7899 60 208 176
7900 61 79 176
7901 62 79 176
7902 63 117 176
7903 64 111 176
7904 65 257 176
7905 66 257 176
7906 67 48 176
7907 68 4 176
7908 69 81 176
7909 70 134 176
7910 71 11 176
7911 72 248 176
7912 73 236 176
7913 74 208 176
7914 75 200 176
7915 76 222 176
7916 77 140 176
7917 78 223 176
7918 79 11 176
7919 80 258 176
7920 81 14 176
7921 82 149 176
7922 83 40 176
7923 84 116 176
7924 85 8 176
7925 0 46 177
7926 1 140 177
7927 2 118 177
7928 3 212 177
7929 4 199 177
7930 5 25 177
7931 6 190 177
7932 7 252 177
7933 8 36 177
7934 9 71 177
7935 10 185 177
7936 11 84 177
7937 12 40 177
7938 13 212 177
7939 14 59 177
7940 15 170 177
7941 16 22 177
7942 17 46 177
7943 18 126 177
7944 19 123 177
7945 20 231 177
7946 21 4 177
7947 22 83 177
7948 23 205 177
7949 24 111 177
7950 25 70 177
7951 26 231 177
7952 27 92 177
7953 28 83 177
7954 29 135 177
7955 30 87 177
7956 31 241 177
7957 32 111 177
7958 33 90 177
7959 34 88 177
7960 35 89 177
7961 36 89 177
7962 37 163 177
7963 38 180 177
7964 39 13 177
7965 40 57 177
7966 41 150 177
7967 42 126 177
7968 43 69 177
7969 44 240 177
7970 45 87 177
7971 46 242 177
7972 47 124 177
7973 48 92 177
7974 49 123 177
7975 50 174 177
7976 51 3 177
7977 52 44 177
7978 53 130 177
7979 54 33 177
7980 55 164 177
7981 56 174 177
7982 57 81 177
7983 58 97 177
7984 59 142 177
7985 60 24 177
7986 61 243 177
7987 62 1 177
7988 63 122 177
7989 64 10 177
7990 65 69 177
7991 66 221 177
7992 67 76 177
7993 68 80 177
7994 69 143 177
7995 70 137 177
7996 71 51 177
7997 72 198 177
7998 73 5 177
7999 74 123 177
8000 75 74 177
8001 76 208 177
8002 77 45 177
8003 78 209 177
8004 79 48 177
8005 80 121 177
8006 81 21 177
8007 82 152 177
8008 83 20 177
8009 84 241 177
8010 85 76 177
8011 86 191 177
8012 0 3 178
8013 1 138 178
8014 2 229 178
8015 3 71 178
8016 4 67 178
8017 5 149 178
8018 6 159 178
8019 7 164 178
8020 8 92 178
8021 9 66 178
8022 10 35 178
8023 11 64 178
8024 12 42 178
8025 13 30 178
8026 14 88 178
8027 15 20 178
8028 16 259 178
8029 17 53 178
8030 18 111 178
8031 19 98 178
8032 20 109 178
8033 21 96 178
8034 22 102 178
8035 23 148 178
8036 24 88 178
8037 25 252 178
8038 26 90 178
8039 27 172 178
8040 28 187 178
8041 29 93 178
8042 30 202 178
8043 31 217 178
8044 32 73 178
8045 33 150 178
8046 34 67 178
8047 35 187 178
8048 36 182 178
8049 37 196 178
8050 38 139 178
8051 39 96 178
8052 40 43 178
8053 41 93 178
8054 42 156 178
8055 43 258 178
8056 44 66 178
8057 45 232 178
8058 46 18 178
8059 47 204 178
8060 48 260 178
8061 49 226 178
8062 50 155 178
8063 51 115 178
8064 52 23 178
8065 53 204 178
8066 54 84 178
8067 55 262 178
8068 56 32 178
8069 57 22 178
8070 58 245 178
8071 59 25 178
8072 60 260 178
8073 61 134 178
8074 62 249 178
8075 63 64 178
8076 64 211 178
8077 65 219 178
8078 66 216 178
8079 67 258 178
8080 68 70 178
8081 69 183 178
8082 70 202 178
8083 71 219 178
8084 72 67 178
8085 73 248 178
8086 74 131 178
8087 75 55 178
8088 76 246 178
8089 77 204 178
8090 78 257 178
8091 79 16 178
8092 80 63 178
8093 81 41 178
8094 82 13 178
8095 83 80 178
8096 84 186 178
8097 85 31 178
8098 86 164 178
8099 87 131 178
8100 0 69 179
8101 1 216 179
8102 2 101 179
8103 3 137 179
8104 4 224 179
8105 5 145 179
8106 6 39 179
8107 7 261 179
8108 8 19 179
8109 9 100 179
8110 10 253 179
8111 11 249 179
8112 12 106 179
8113 13 206 179
8114 14 260 179
8115 15 212 179
8116 16 100 179
8117 17 116 179
8118 18 17 179
8119 19 142 179
8120 20 51 179
8121 21 159 179
8122 22 81 179
8123 23 37 179
8124 24 105 179
8125 25 28 179
8126 26 71 179
8127 27 59 179
8128 28 105 179
8129 29 158 179
8130 30 13 179
8131 31 30 179
8132 32 12 179
8133 33 38 179
8134 34 114 179
8135 35 257 179
8136 36 82 179
8137 37 103 179
8138 38 171 179
8139 39 214 179
8140 40 243 179
8141 41 128 179
8142 42 62 179
8143 43 89 179
8144 44 202 179
8145 45 197 179
8146 46 34 179
8147 47 20 179
8148 48 21 179
8149 49 256 179
8150 50 5 179
8151 51 24 179
8152 52 56 179
8153 53 19 179
8154 54 206 179
8155 55 91 179
8156 56 262 179
8157 57 108 179
8158 58 92 179
8159 59 214 179
8160 60 216 179
8161 61 31 179
8162 62 203 179
8163 63 10 179
8164 64 2 179
8165 65 254 179
8166 66 219 179
8167 67 55 179
8168 68 123 179
8169 69 36 179
8170 70 39 179
8171 71 83 179
8172 72 78 179
8173 73 234 179
8174 74 45 179
8175 75 16 179
8176 76 105 179
8177 77 32 179
8178 78 127 179
8179 79 6 179
8180 80 201 179
8181 81 163 179
8182 82 224 179
8183 83 166 179
8184 84 241 179
8185 85 215 179
8186 86 239 179
8187 87 115 179
8188 88 51 179
8189 89 155 179
8190 0 212 180
8191 1 42 180
8192 2 165 180
8193 3 31 180
8194 4 208 180
8195 5 97 180
8196 6 77 180
8197 7 56 180
8198 8 228 180
8199 9 108 180
8200 10 79 180
8201 11 170 180
8202 12 76 180
8203 13 4 180
8204 14 117 180
8205 15 16 180
8206 16 237 180
8207 17 19 180
8208 18 19 180
8209 19 198 180
8210 20 146 180
8211 21 140 180
8212 22 132 180
8213 23 144 180
8214 24 17 180
8215 25 247 180
8216 26 59 180
8217 27 212 180
8218 28 184 180
8219 29 68 180
8220 30 227 180
8221 31 99 180
8222 32 250 180
8223 33 60 180
8224 34 136 180
8225 35 164 180
8226 36 138 180
8227 37 184 180
8228 38 186 180
8229 39 227 180
8230 40 234 180
8231 41 73 180
8232 42 60 180
8233 43 225 180
8234 44 6 180
8235 45 226 180
8236 46 97 180
8237 47 99 180
8238 48 175 180
8239 49 144 180
8240 50 94 180
8241 51 181 180
8242 52 93 180
8243 53 73 180
8244 54 237 180
8245 55 105 180
8246 56 58 180
8247 57 55 180
8248 58 134 180
8249 59 83 180
8250 60 228 180
8251 61 28 180
8252 62 155 180
8253 63 37 180
8254 64 43 180
8255 65 231 180
8256 66 132 180
8257 67 137 180
8258 68 249 180
8259 69 197 180
8260 70 147 180
8261 71 69 180
8262 72 22 180
8263 73 140 180
8264 74 189 180
8265 75 9 180
8266 76 107 180
8267 77 12 180
8268 78 251 180
8269 79 30 180
8270 80 261 180
8271 81 123 180
8272 82 64 180
8273 83 20 180
8274 84 166 180
8275 85 248 180
8276 86 118 180
8277 87 5 180
8278 88 130 180
8279 89 166 180
8280 90 98 180
8281 0 187 181
8282 1 120 181
8283 2 67 181
8284 3 194 181
8285 4 100 181
8286 5 229 181
8287 6 258 181
8288 7 153 181
8289 8 94 181
8290 9 131 181
8291 10 87 181
8292 11 224 181
8293 12 130 181
8294 13 231 181
8295 14 114 181
8296 15 183 181
8297 16 250 181
8298 17 151 181
8299 18 225 181
8300 19 6 181
8301 20 143 181
8302 21 237 181
8303 22 215 181
8304 23 222 181
8305 24 160 181
8306 25 56 181
8307 26 108 181
8308 27 240 181
8309 28 42 181
8310 29 253 181
8311 30 72 181
8312 31 211 181
8313 32 69 181
8314 33 253 181
8315 34 13 181
8316 35 208 181
8317 36 124 181
8318 37 159 181
8319 38 33 181
8320 39 50 181
weights 182 182 182 182 182 182 182 182 182 182 182 182 182 182 182 182 182 182 182 182 182 182 182 182 182 182 182 182 182 182 182 182 182 182 182 182 182 182 182 182 181 181 181 181 181 181 181 181 181 181 181 181 181 181 181 181 181 181 181 181 181 181 181 181 181 181 181 181 181 181 181 181 181 181 181 181 181 181 181 181 181 181 181 181 181 181 181 181 181 181 181
