p 263 h 114 constraints 13285
0 0 1 0
1 0 1 1
2 0 1 2
3 0 1 3
4 0 1 4
5 0 1 5
6 0 1 6
7 0 1 7
8 0 1 8
9 0 1 9
10 0 1 10
11 0 1 11
12 0 1 12
13 0 1 13
14 0 1 14
15 0 1 15
16 0 1 16
17 0 1 17
18 0 1 18
19 0 1 19
20 0 1 20
21 0 1 21
22 0 1 22
23 0 1 23
24 0 1 24
25 0 1 25
26 0 1 26
27 0 1 27
28 0 1 28
29 0 1 29
30 0 1 30
31 0 1 31
32 0 1 32
33 0 1 33
34 0 1 34
35 0 1 35
36 0 1 36
37 0 1 37
38 0 1 38
39 0 1 39
40 0 1 40
41 0 1 41
42 0 1 42
43 0 1 43
44 1 1 2
45 1 1 3
46 1 1 4
47 1 1 5
48 1 1 6
49 1 1 7
50 1 1 8
51 1 1 9
52 1 1 10
53 1 1 11
54 1 1 12
55 1 1 13
56 1 1 14
57 1 1 15
58 1 1 16
59 1 1 17
60 1 1 18
61 1 1 19
62 1 1 20
63 1 1 21
64 1 1 22
65 1 1 23
66 1 1 24
67 1 1 25
68 1 1 26
69 1 1 27
70 1 1 28
71 1 1 29
72 1 1 30
73 1 1 31
74 1 1 32
75 1 1 33
76 1 1 34
77 1 1 35
78 1 1 36
79 1 1 37
80 1 1 38
81 1 1 39
82 1 1 40
83 1 1 41
84 1 1 42
85 1 1 43
86 2 1 4
87 2 1 5
88 2 1 6
89 2 1 7
90 2 1 8
91 2 1 9
92 2 1 10
93 2 1 11
94 2 1 12
95 2 1 13
96 2 1 14
97 2 1 15
98 2 1 16
99 2 1 17
100 2 1 18
101 2 1 19
102 2 1 20
103 2 1 21
104 2 1 22
105 2 1 23
106 2 1 24
107 2 1 25
108 2 1 26
109 2 1 27
110 2 1 28
111 2 1 29
112 2 1 30
113 2 1 31
114 2 1 32
115 2 1 33
116 2 1 34
117 2 1 35
118 2 1 36
119 2 1 37
120 2 1 38
121 2 1 39
122 2 1 40
123 2 1 41
124 2 1 42
125 2 1 43
126 3 1 6
127 3 1 7
128 3 1 8
129 3 1 9
130 3 1 10
131 3 1 11
132 3 1 12
133 3 1 13
134 3 1 14
135 3 1 15
136 3 1 16
137 3 1 17
138 3 1 18
139 3 1 19
140 3 1 20
141 3 1 21
142 3 1 22
143 3 1 23
144 3 1 24
145 3 1 25
146 3 1 26
147 3 1 27
148 3 1 28
149 3 1 29
150 3 1 30
151 3 1 31
152 3 1 32
153 3 1 33
154 3 1 34
155 3 1 35
156 3 1 36
157 3 1 37
158 3 1 38
159 3 1 39
160 3 1 40
161 3 1 41
162 3 1 42
163 3 1 43
164 4 1 8
165 4 1 9
166 4 1 10
167 4 1 11
168 4 1 12
169 4 1 13
170 4 1 14
171 4 1 15
172 4 1 16
173 4 1 17
174 4 1 18
175 4 1 19
176 4 1 20
177 4 1 21
178 4 1 22
179 4 1 23
180 4 1 24
181 4 1 25
182 4 1 26
183 4 1 27
184 4 1 28
185 4 1 29
186 4 1 30
187 4 1 31
188 4 1 32
189 4 1 33
190 4 1 34
191 4 1 35
192 4 1 36
193 4 1 37
194 4 1 38
195 4 1 39
196 4 1 40
197 4 1 41
198 4 1 42
199 4 1 43
200 5 1 10
201 5 1 11
202 5 1 12
203 5 1 13
204 5 1 14
205 5 1 15
206 5 1 16
207 5 1 17
208 5 1 18
209 5 1 19
210 5 1 20
211 5 1 21
212 5 1 22
213 5 1 23
214 5 1 24
215 5 1 25
216 5 1 26
217 5 1 27
218 5 1 28
219 5 1 29
220 5 1 30
221 5 1 31
222 5 1 32
223 5 1 33
224 5 1 34
225 5 1 35
226 5 1 36
227 5 1 37
228 5 1 38
229 5 1 39
230 5 1 40
231 5 1 41
232 5 1 42
233 5 1 43
234 6 1 12
235 6 1 13
236 6 1 14
237 6 1 15
238 6 1 16
239 6 1 17
240 6 1 18
241 6 1 19
242 6 1 20
243 6 1 21
244 6 1 22
245 6 1 23
246 6 1 24
247 6 1 25
248 6 1 26
249 6 1 27
250 6 1 28
251 6 1 29
252 6 1 30
253 6 1 31
254 6 1 32
255 6 1 33
256 6 1 34
257 6 1 35
258 6 1 36
259 6 1 37
260 6 1 38
261 6 1 39
262 6 1 40
263 6 1 41
264 6 1 42
265 6 1 43
266 7 1 14
267 7 1 15
268 7 1 16
269 7 1 17
270 7 1 18
271 7 1 19
272 7 1 20
273 7 1 21
274 7 1 22
275 7 1 23
276 7 1 24
277 7 1 25
278 7 1 26
279 7 1 27
280 7 1 28
281 7 1 29
282 7 1 30
283 7 1 31
284 7 1 32
285 7 1 33
286 7 1 34
287 7 1 35
288 7 1 36
289 7 1 37
290 7 1 38
291 7 1 39
292 7 1 40
293 7 1 41
294 7 1 42
295 7 1 43
296 8 1 16
297 8 1 17
298 8 1 18
299 8 1 19
300 8 1 20
301 8 1 21
302 8 1 22
303 8 1 23
304 8 1 24
305 8 1 25
306 8 1 26
307 8 1 27
308 8 1 28
309 8 1 29
310 8 1 30
311 8 1 31
312 8 1 32
313 8 1 33
314 8 1 34
315 8 1 35
316 8 1 36
317 8 1 37
318 8 1 38
319 8 1 39
320 8 1 40
321 8 1 41
322 8 1 42
323 8 1 43
324 9 1 18
325 9 1 19
326 9 1 20
327 9 1 21
328 9 1 22
329 9 1 23
330 9 1 24
331 9 1 25
332 9 1 26
333 9 1 27
334 9 1 28
335 9 1 29
336 9 1 30
337 9 1 31
338 9 1 32
339 9 1 33
340 9 1 34
341 9 1 35
342 9 1 36
343 9 1 37
344 9 1 38
345 9 1 39
346 9 1 40
347 9 1 41
348 9 1 42
349 9 1 43
350 10 1 20
351 10 1 21
352 10 1 22
353 10 1 23
354 10 1 24
355 10 1 25
356 10 1 26
357 10 1 27
358 10 1 28
359 10 1 29
360 10 1 30
361 10 1 31
362 10 1 32
363 10 1 33
364 10 1 34
365 10 1 35
366 10 1 36
367 10 1 37
368 10 1 38
369 10 1 39
370 10 1 40
371 10 1 41
372 10 1 42
373 10 1 43
374 11 1 22
375 11 1 23
376 11 1 24
377 11 1 25
378 11 1 26
379 11 1 27
380 11 1 28
381 11 1 29
382 11 1 30
383 11 1 31
384 11 1 32
385 11 1 33
386 11 1 34
387 11 1 35
388 11 1 36
389 11 1 37
390 11 1 38
391 11 1 39
392 11 1 40
393 11 1 41
394 11 1 42
395 11 1 43
396 12 1 24
397 12 1 25
398 12 1 26
399 12 1 27
400 12 1 28
401 12 1 29
402 12 1 30
403 12 1 31
404 12 1 32
405 12 1 33
406 12 1 34
407 12 1 35
408 12 1 36
409 12 1 37
410 12 1 38
411 12 1 39
412 12 1 40
413 12 1 41
414 12 1 42
415 12 1 43
416 13 1 26
417 13 1 27
418 13 1 28
419 13 1 29
420 13 1 30
421 13 1 31
422 13 1 32
423 13 1 33
424 13 1 34
425 13 1 35
426 13 1 36
427 13 1 37
428 13 1 38
429 13 1 39
430 13 1 40
431 13 1 41
432 13 1 42
433 13 1 43
434 14 1 28
435 14 1 29
436 14 1 30
437 14 1 31
438 14 1 32
439 14 1 33
440 14 1 34
441 14 1 35
442 14 1 36
443 14 1 37
444 14 1 38
445 14 1 39
446 14 1 40
447 14 1 41
448 14 1 42
449 14 1 43
450 15 1 30
451 15 1 31
452 15 1 32
453 15 1 33
454 15 1 34
455 15 1 35
456 15 1 36
457 15 1 37
458 15 1 38
459 15 1 39
460 15 1 40
461 15 1 41
462 15 1 42
463 15 1 43
464 16 1 32
465 16 1 33
466 16 1 34
467 16 1 35
468 16 1 36
469 16 1 37
470 16 1 38
471 16 1 39
472 16 1 40
473 16 1 41
474 16 1 42
475 16 1 43
476 17 1 34
477 17 1 35
478 17 1 36
479 17 1 37
480 17 1 38
481 17 1 39
482 17 1 40
483 17 1 41
484 17 1 42
485 17 1 43
486 18 1 36
487 18 1 37
488 18 1 38
489 18 1 39
490 18 1 40
491 18 1 41
492 18 1 42
493 18 1 43
494 19 1 38
495 19 1 39
496 19 1 40
497 19 1 41
498 19 1 42
499 19 1 43
500 20 1 40
501 20 1 41
502 20 1 42
503 20 1 43
504 21 1 42
505 21 1 43
506 22 1 44
507 22 1 45
508 21 262 44
509 21 262 45
510 20 1 44
511 20 1 45
512 19 262 44
513 19 262 45
514 18 1 44
515 18 1 45
516 17 262 44
517 17 262 45
518 16 1 44
519 16 1 45
520 15 262 44
521 15 262 45
522 14 1 44
523 14 1 45
524 13 262 44
525 13 262 45
526 12 1 44
527 12 1 45
528 11 262 44
529 11 262 45
530 10 1 44
531 10 1 45
532 9 262 44
533 9 262 45
534 8 1 44
535 8 1 45
536 23 1 46
537 23 1 47
538 22 262 46
539 22 262 47
540 21 1 46
541 21 1 47
542 20 262 46
543 20 262 47
544 19 1 46
545 19 1 47
546 18 262 46
547 18 262 47
548 17 1 46
549 17 1 47
550 16 262 46
551 16 262 47
552 15 1 46
553 15 1 47
554 14 262 46
555 14 262 47
556 13 1 46
557 13 1 47
558 12 262 46
559 12 262 47
560 11 1 46
561 11 1 47
562 10 262 46
563 10 262 47
564 9 1 46
565 24 1 48
566 24 1 49
567 23 262 48
568 23 262 49
569 22 1 48
570 22 1 49
571 21 262 48
572 21 262 49
573 20 1 48
574 20 1 49
575 19 262 48
576 19 262 49
577 18 1 48
578 18 1 49
579 17 262 48
580 17 262 49
581 16 1 48
582 16 1 49
583 15 262 48
584 15 262 49
585 14 1 48
586 14 1 49
587 13 262 48
588 13 262 49
589 12 1 48
590 12 1 49
591 11 262 48
592 11 262 49
593 25 1 50
594 25 1 51
595 24 262 50
596 24 262 51
597 23 1 50
598 23 1 51
599 22 262 50
600 22 262 51
601 21 1 50
602 21 1 51
603 20 262 50
604 20 262 51
605 19 1 50
606 19 1 51
607 18 262 50
608 18 262 51
609 17 1 50
610 17 1 51
611 16 262 50
612 16 262 51
613 15 1 50
614 15 1 51
615 14 262 50
616 14 262 51
617 13 1 50
618 13 1 51
619 12 262 50
620 26 1 52
621 26 1 53
622 25 262 52
623 25 262 53
624 24 1 52
625 24 1 53
626 23 262 52
627 23 262 53
628 22 1 52
629 22 1 53
630 21 262 52
631 21 262 53
632 20 1 52
633 20 1 53
634 19 262 52
635 19 262 53
636 18 1 52
637 18 1 53
638 17 262 52
639 17 262 53
640 16 1 52
641 16 1 53
642 15 262 52
643 15 262 53
644 14 1 52
645 14 1 53
646 27 1 54
647 27 1 55
648 26 262 54
649 26 262 55
650 25 1 54
651 25 1 55
652 24 262 54
653 24 262 55
654 23 1 54
655 23 1 55
656 22 262 54
657 22 262 55
658 21 1 54
659 21 1 55
660 20 262 54
661 20 262 55
662 19 1 54
663 19 1 55
664 18 262 54
665 18 262 55
666 17 1 54
667 17 1 55
668 16 262 54
669 16 262 55
670 15 1 54
671 28 1 56
672 28 1 57
673 27 262 56
674 27 262 57
675 26 1 56
676 26 1 57
677 25 262 56
678 25 262 57
679 24 1 56
680 24 1 57
681 23 262 56
682 23 262 57
683 22 1 56
684 22 1 57
685 21 262 56
686 21 262 57
687 20 1 56
688 20 1 57
689 19 262 56
690 19 262 57
691 18 1 56
692 18 1 57
693 17 262 56
694 17 262 57
695 29 1 58
696 29 1 59
697 28 262 58
698 28 262 59
699 27 1 58
700 27 1 59
701 26 262 58
702 26 262 59
703 25 1 58
704 25 1 59
705 24 262 58
706 24 262 59
707 23 1 58
708 23 1 59
709 22 262 58
710 22 262 59
711 21 1 58
712 21 1 59
713 20 262 58
714 20 262 59
715 19 1 58
716 19 1 59
717 18 262 58
718 30 1 60
719 30 1 61
720 29 262 60
721 29 262 61
722 28 1 60
723 28 1 61
724 27 262 60
725 27 262 61
726 26 1 60
727 26 1 61
728 25 262 60
729 25 262 61
730 24 1 60
731 24 1 61
732 23 262 60
733 23 262 61
734 22 1 60
735 22 1 61
736 21 262 60
737 21 262 61
738 20 1 60
739 20 1 61
740 31 1 62
741 31 1 63
742 30 262 62
743 30 262 63
744 29 1 62
745 29 1 63
746 28 262 62
747 28 262 63
748 27 1 62
749 27 1 63
750 26 262 62
751 26 262 63
752 25 1 62
753 25 1 63
754 24 262 62
755 24 262 63
756 23 1 62
757 23 1 63
758 22 262 62
759 22 262 63
760 21 1 62
761 32 1 64
762 32 1 65
763 31 262 64
764 31 262 65
765 30 1 64
766 30 1 65
767 29 262 64
768 29 262 65
769 28 1 64
770 28 1 65
771 27 262 64
772 27 262 65
773 26 1 64
774 26 1 65
775 25 262 64
776 25 262 65
777 24 1 64
778 24 1 65
779 23 262 64
780 23 262 65
781 33 1 66
782 33 1 67
783 32 262 66
784 32 262 67
785 31 1 66
786 31 1 67
787 30 262 66
788 30 262 67
789 29 1 66
790 29 1 67
791 28 262 66
792 28 262 67
793 27 1 66
794 27 1 67
795 26 262 66
796 26 262 67
797 25 1 66
798 25 1 67
799 24 262 66
800 34 1 68
801 34 1 69
802 33 262 68
803 33 262 69
804 32 1 68
805 32 1 69
806 31 262 68
807 31 262 69
808 30 1 68
809 30 1 69
810 29 262 68
811 29 262 69
812 28 1 68
813 28 1 69
814 27 262 68
815 27 262 69
816 26 1 68
817 26 1 69
818 35 1 70
819 35 1 71
820 34 262 70
821 34 262 71
822 33 1 70
823 33 1 71
824 32 262 70
825 32 262 71
826 31 1 70
827 31 1 71
828 30 262 70
829 30 262 71
830 29 1 70
831 29 1 71
832 28 262 70
833 28 262 71
834 27 1 70
835 36 1 72
836 36 1 73
837 35 262 72
838 35 262 73
839 34 1 72
840 34 1 73
841 33 262 72
842 33 262 73
843 32 1 72
844 32 1 73
845 31 262 72
846 31 262 73
847 30 1 72
848 30 1 73
849 29 262 72
850 29 262 73
851 37 1 74
852 37 1 75
853 36 262 74
854 36 262 75
855 35 1 74
856 35 1 75
857 34 262 74
858 34 262 75
859 33 1 74
860 33 1 75
861 32 262 74
862 32 262 75
863 31 1 74
864 31 1 75
865 30 262 74
866 38 1 76
867 38 1 77
868 37 262 76
869 37 262 77
870 36 1 76
871 36 1 77
872 35 262 76
873 35 262 77
874 34 1 76
875 34 1 77
876 33 262 76
877 33 262 77
878 32 1 76
879 32 1 77
880 39 1 78
881 39 1 79
882 38 262 78
883 38 262 79
884 37 1 78
885 37 1 79
886 36 262 78
887 36 262 79
888 35 1 78
889 35 1 79
890 34 262 78
891 34 262 79
892 33 1 78
893 40 1 80
894 40 1 81
895 39 262 80
896 39 262 81
897 38 1 80
898 38 1 81
899 37 262 80
900 37 262 81
901 36 1 80
902 36 1 81
903 35 262 80
904 35 262 81
905 41 1 82
906 41 1 83
907 40 262 82
908 40 262 83
909 39 1 82
910 39 1 83
911 38 262 82
912 38 262 83
913 37 1 82
914 37 1 83
915 36 262 82
916 42 1 84
917 42 1 85
918 41 262 84
919 41 262 85
920 40 1 84
921 40 1 85
922 39 262 84
923 39 262 85
924 38 1 84
925 38 1 85
926 43 1 86
927 43 1 87
928 42 262 86
929 42 262 87
930 41 1 86
931 41 1 87
932 40 262 86
933 40 262 87
934 39 1 86
935 44 1 88
936 44 1 89
937 43 262 88
938 43 262 89
939 42 1 88
940 42 1 89
941 41 262 88
942 41 262 89
943 45 1 90
944 45 1 91
945 44 262 90
946 44 262 91
947 43 1 90
948 43 1 91
949 42 262 90
950 46 1 92
951 46 1 93
952 45 262 92
953 45 262 93
954 44 1 92
955 44 1 93
956 47 1 94
957 47 1 95
958 46 262 94
959 46 262 95
960 45 1 94
961 48 1 96
962 48 1 97
963 47 262 96
964 47 262 97
965 49 1 98
966 49 1 99
967 48 262 98
968 50 1 100
969 50 1 101
970 51 1 102
971 52 11 104
972 51 84 103
973 49 7 100
974 48 173 99
975 46 124 96
976 45 134 95
977 43 55 92
978 42 157 91
979 40 35 88
980 39 76 87
981 37 94 84
982 36 144 83
983 34 12 80
984 33 259 79
985 31 175 76
986 30 117 75
987 28 207 72
988 27 194 71
989 25 60 68
990 24 243 67
991 22 86 64
992 21 59 63
993 19 246 60
994 18 181 59
995 53 11 106
996 52 84 105
997 50 7 102
998 49 173 101
999 47 124 98
1000 46 134 97
1001 44 55 94
1002 43 157 93
1003 41 35 90
1004 40 76 89
1005 38 94 86
1006 37 144 85
1007 35 12 82
1008 34 259 81
1009 32 175 78
1010 31 117 77
1011 29 207 74
1012 28 194 73
1013 26 60 70
1014 25 243 69
1015 23 86 66
1016 22 59 65
1017 20 246 62
1018 54 11 108
1019 53 84 107
1020 51 7 104
1021 50 173 103
1022 48 124 100
1023 47 134 99
1024 45 55 96
1025 44 157 95
1026 42 35 92
1027 41 76 91
1028 39 94 88
1029 38 144 87
1030 36 12 84
1031 35 259 83
1032 33 175 80
1033 32 117 79
1034 30 207 76
1035 29 194 75
1036 27 60 72
1037 26 243 71
1038 24 86 68
1039 23 59 67
1040 55 11 110
1041 54 84 109
1042 52 7 106
1043 51 173 105
1044 49 124 102
1045 48 134 101
1046 46 55 98
1047 45 157 97
1048 43 35 94
1049 42 76 93
1050 40 94 90
1051 39 144 89
1052 37 12 86
1053 36 259 85
1054 34 175 82
1055 33 117 81
1056 31 207 78
1057 30 194 77
1058 28 60 74
1059 27 243 73
1060 25 86 70
1061 56 11 112
1062 55 84 111
1063 53 7 108
1064 52 173 107
1065 50 124 104
1066 49 134 103
1067 47 55 100
1068 46 157 99
1069 44 35 96
1070 43 76 95
1071 41 94 92
1072 40 144 91
1073 38 12 88
1074 37 259 87
1075 35 175 84
1076 34 117 83
1077 32 207 80
1078 31 194 79
1079 29 60 76
1080 28 243 75
1081 57 11 114
1082 56 84 113
1083 54 7 110
1084 53 173 109
1085 51 124 106
1086 50 134 105
1087 48 55 102
1088 47 157 101
1089 45 35 98
1090 44 76 97
1091 42 94 94
1092 41 144 93
1093 39 12 90
1094 38 259 89
1095 36 175 86
1096 35 117 85
1097 33 207 82
1098 32 194 81
1099 30 60 78
1100 58 11 116
1101 57 84 115
1102 55 7 112
1103 54 173 111
1104 52 124 108
1105 51 134 107
1106 49 55 104
1107 48 157 103
1108 46 35 100
1109 45 76 99
1110 43 94 96
1111 42 144 95
1112 40 12 92
1113 39 259 91
1114 37 175 88
1115 36 117 87
1116 34 207 84
1117 33 194 83
1118 59 11 118
1119 58 84 117
1120 56 7 114
1121 55 173 113
1122 53 124 110
1123 52 134 109
1124 50 55 106
1125 49 157 105
1126 47 35 102
1127 46 76 101
1128 44 94 98
1129 43 144 97
1130 41 12 94
1131 40 259 93
1132 38 175 90
1133 37 117 89
1134 35 207 86
1135 60 11 120
1136 59 84 119
1137 57 7 116
1138 56 173 115
1139 54 124 112
1140 53 134 111
1141 51 55 108
1142 50 157 107
1143 48 35 104
1144 47 76 103
1145 45 94 100
1146 44 144 99
1147 42 12 96
1148 41 259 95
1149 39 175 92
1150 38 117 91
1151 61 11 122
1152 60 84 121
1153 58 7 118
1154 57 173 117
1155 55 124 114
1156 54 134 113
1157 52 55 110
1158 51 157 109
1159 49 35 106
1160 48 76 105
1161 46 94 102
1162 45 144 101
1163 43 12 98
1164 42 259 97
1165 40 175 94
1166 62 11 124
1167 61 84 123
1168 59 7 120
1169 58 173 119
1170 56 124 116
1171 55 134 115
1172 53 55 112
1173 52 157 111
1174 50 35 108
1175 49 76 107
1176 47 94 104
1177 46 144 103
1178 44 12 100
1179 43 259 99
1180 63 11 126
1181 62 84 125
1182 60 7 122
1183 59 173 121
1184 57 124 118
1185 56 134 117
1186 54 55 114
1187 53 157 113
1188 51 35 110
1189 50 76 109
1190 48 94 106
1191 47 144 105
1192 45 12 102
1193 64 11 128
1194 63 84 127
1195 61 7 124
1196 60 173 123
1197 58 124 120
1198 57 134 119
1199 55 55 116
1200 54 157 115
1201 52 35 112
1202 51 76 111
1203 49 94 108
1204 48 144 107
1205 65 11 130
1206 64 84 129
1207 62 7 126
1208 61 173 125
1209 59 124 122
1210 58 134 121
1211 56 55 118
1212 55 157 117
1213 53 35 114
1214 52 76 113
1215 50 94 110
1216 66 11 132
1217 65 84 131
1218 63 7 128
1219 62 173 127
1220 60 124 124
1221 59 134 123
1222 57 55 120
1223 56 157 119
1224 54 35 116
1225 53 76 115
1226 67 11 134
1227 66 84 133
1228 64 7 130
1229 63 173 129
1230 61 124 126
1231 60 134 125
1232 58 55 122
1233 57 157 121
1234 55 35 118
1235 68 11 136
1236 67 84 135
1237 65 7 132
1238 64 173 131
1239 62 124 128
1240 61 134 127
1241 59 55 124
1242 58 157 123
1243 69 11 138
1244 68 84 137
1245 66 7 134
1246 65 173 133
1247 63 124 130
1248 62 134 129
1249 60 55 126
1250 70 11 140
1251 69 84 139
1252 67 7 136
1253 66 173 135
1254 64 124 132
1255 63 134 131
1256 71 11 142
1257 70 84 141
1258 68 7 138
1259 67 173 137
1260 65 124 134
1261 72 11 144
1262 71 84 143
1263 69 7 140
1264 68 173 139
1265 73 11 146
1266 72 84 145
1267 70 7 142
1268 74 11 148
1269 73 84 147
1270 75 11 150
1271 76 140 152
1272 74 135 149
1273 71 164 144
1274 69 83 141
1275 66 132 136
1276 64 240 133
1277 61 87 128
1278 59 206 125
1279 56 147 120
1280 54 76 117
1281 51 67 112
1282 49 74 109
1283 46 86 104
1284 44 252 101
1285 41 236 96
1286 39 190 93
1287 36 36 88
1288 34 185 85
1289 31 215 80
1290 77 140 154
1291 75 135 151
1292 72 164 146
1293 70 83 143
1294 67 132 138
1295 65 240 135
1296 62 87 130
1297 60 206 127
1298 57 147 122
1299 55 76 119
1300 52 67 114
1301 50 74 111
1302 47 86 106
1303 45 252 103
1304 42 236 98
1305 40 190 95
1306 37 36 90
1307 35 185 87
1308 78 140 156
1309 76 135 153
1310 73 164 148
1311 71 83 145
1312 68 132 140
1313 66 240 137
1314 63 87 132
1315 61 206 129
1316 58 147 124
1317 56 76 121
1318 53 67 116
1319 51 74 113
1320 48 86 108
1321 46 252 105
1322 43 236 100
1323 41 190 97
1324 38 36 92
1325 79 140 158
1326 77 135 155
1327 74 164 150
1328 72 83 147
1329 69 132 142
1330 67 240 139
1331 64 87 134
1332 62 206 131
1333 59 147 126
1334 57 76 123
1335 54 67 118
1336 52 74 115
1337 49 86 110
1338 47 252 107
1339 44 236 102
1340 42 190 99
1341 80 140 160
1342 78 135 157
1343 75 164 152
1344 73 83 149
1345 70 132 144
1346 68 240 141
1347 65 87 136
1348 63 206 133
1349 60 147 128
1350 58 76 125
1351 55 67 120
1352 53 74 117
1353 50 86 112
1354 48 252 109
1355 45 236 104
1356 81 140 162
1357 79 135 159
1358 76 164 154
1359 74 83 151
1360 71 132 146
1361 69 240 143
1362 66 87 138
1363 64 206 135
1364 61 147 130
1365 59 76 127
1366 56 67 122
1367 54 74 119
1368 51 86 114
1369 49 252 111
1370 82 140 164
1371 80 135 161
1372 77 164 156
1373 75 83 153
1374 72 132 148
1375 70 240 145
1376 67 87 140
1377 65 206 137
1378 62 147 132
1379 60 76 129
1380 57 67 124
1381 55 74 121
1382 52 86 116
1383 83 140 166
1384 81 135 163
1385 78 164 158
1386 76 83 155
1387 73 132 150
1388 71 240 147
1389 68 87 142
1390 66 206 139
1391 63 147 134
1392 61 76 131
1393 58 67 126
1394 56 74 123
1395 84 140 168
1396 82 135 165
1397 79 164 160
1398 77 83 157
1399 74 132 152
1400 72 240 149
1401 69 87 144
1402 67 206 141
1403 64 147 136
1404 62 76 133
1405 59 67 128
1406 85 140 170
1407 83 135 167
1408 80 164 162
1409 78 83 159
1410 75 132 154
1411 73 240 151
1412 70 87 146
1413 68 206 143
1414 65 147 138
1415 63 76 135
1416 86 140 172
1417 84 135 169
1418 81 164 164
1419 79 83 161
1420 76 132 156
1421 74 240 153
1422 71 87 148
1423 69 206 145
1424 66 147 140
1425 87 140 174
1426 85 135 171
1427 82 164 166
1428 80 83 163
1429 77 132 158
1430 75 240 155
1431 72 87 150
1432 70 206 147
1433 88 140 176
1434 86 135 173
1435 83 164 168
1436 81 83 165
1437 78 132 160
1438 76 240 157
1439 73 87 152
1440 89 140 178
1441 87 135 175
1442 84 164 170
1443 82 83 167
1444 79 132 162
1445 77 240 159
1446 90 140 180
1447 88 135 177
1448 85 164 172
1449 83 83 169
1450 80 132 164
1451 91 140 182
1452 89 135 179
1453 86 164 174
1454 84 83 171
1455 92 140 184
1456 90 135 181
1457 87 164 176
1458 93 140 186
1459 91 135 183
1460 94 140 188
1461 95 132 190
1462 92 55 185
1463 88 115 178
1464 85 26 173
1465 81 150 166
1466 78 194 161
1467 74 47 154
1468 71 173 149
1469 67 27 142
1470 64 77 137
1471 60 161 130
1472 57 89 125
1473 53 210 118
1474 50 219 113
1475 46 171 106
1476 43 137 101
1477 96 132 192
1478 93 55 187
1479 89 115 180
1480 86 26 175
1481 82 150 168
1482 79 194 163
1483 75 47 156
1484 72 173 151
1485 68 27 144
1486 65 77 139
1487 61 161 132
1488 58 89 127
1489 54 210 120
1490 51 219 115
1491 47 171 108
1492 97 132 194
1493 94 55 189
1494 90 115 182
1495 87 26 177
1496 83 150 170
1497 80 194 165
1498 76 47 158
1499 73 173 153
1500 69 27 146
1501 66 77 141
1502 62 161 134
1503 59 89 129
1504 55 210 122
1505 52 219 117
1506 98 132 196
1507 95 55 191
1508 91 115 184
1509 88 26 179
1510 84 150 172
1511 81 194 167
1512 77 47 160
1513 74 173 155
1514 70 27 148
1515 67 77 143
1516 63 161 136
1517 60 89 131
1518 56 210 124
1519 99 132 198
1520 96 55 193
1521 92 115 186
1522 89 26 181
1523 85 150 174
1524 82 194 169
1525 78 47 162
1526 75 173 157
1527 71 27 150
1528 68 77 145
1529 64 161 138
1530 61 89 133
1531 100 132 200
1532 97 55 195
1533 93 115 188
1534 90 26 183
1535 86 150 176
1536 83 194 171
1537 79 47 164
1538 76 173 159
1539 72 27 152
1540 69 77 147
1541 65 161 140
1542 101 132 202
1543 98 55 197
1544 94 115 190
1545 91 26 185
1546 87 150 178
1547 84 194 173
1548 80 47 166
1549 77 173 161
1550 73 27 154
1551 70 77 149
1552 102 132 204
1553 99 55 199
1554 95 115 192
1555 92 26 187
1556 88 150 180
1557 85 194 175
1558 81 47 168
1559 78 173 163
1560 74 27 156
1561 103 132 206
1562 100 55 201
1563 96 115 194
1564 93 26 189
1565 89 150 182
1566 86 194 177
1567 82 47 170
1568 79 173 165
1569 104 132 208
1570 101 55 203
1571 97 115 196
1572 94 26 191
1573 90 150 184
1574 87 194 179
1575 83 47 172
1576 105 132 210
1577 102 55 205
1578 98 115 198
1579 95 26 193
1580 91 150 186
1581 88 194 181
1582 106 132 212
1583 103 55 207
1584 99 115 200
1585 96 26 195
1586 92 150 188
1587 107 132 214
1588 104 55 209
1589 100 115 202
1590 97 26 197
1591 108 132 216
1592 105 55 211
1593 101 115 204
1594 109 132 218
1595 106 55 213
1596 110 132 220
1597 0 1 44
1598 1 259 44
1599 2 16 44
1600 3 199 44
1601 4 256 44
1602 5 28 44
1603 6 151 44
1604 7 185 44
1605 0 148 45
1606 1 96 45
1607 2 231 45
1608 3 147 45
1609 4 100 45
1610 5 42 45
1611 6 59 45
1612 7 56 45
1613 0 1 46
1614 0 1 47
1615 9 147 47
1616 0 262 48
1617 10 178 48
1618 0 1 49
1619 0 1 50
1620 0 1 51
1621 12 231 51
1622 0 262 52
1623 13 167 52
1624 0 1 53
1625 0 1 54
1626 0 1 55
1627 15 100 55
1628 0 262 56
1629 16 37 56
1630 0 1 57
1631 0 1 58
1632 0 1 59
1633 1 1 46
1634 2 259 46
1635 3 16 46
1636 4 199 46
1637 5 256 46
1638 6 28 46
1639 7 151 46
1640 8 185 46
1641 1 148 47
1642 2 96 47
1643 3 231 47
1644 4 147 47
1645 5 100 47
1646 6 42 47
1647 7 59 47
1648 8 56 47
1649 1 1 48
1650 1 1 49
1651 10 147 49
1652 1 262 50
1653 11 178 50
1654 1 1 51
1655 1 1 52
1656 1 1 53
1657 13 231 53
1658 1 262 54
1659 14 167 54
1660 1 1 55
1661 1 1 56
1662 1 1 57
1663 16 100 57
1664 1 262 58
1665 17 37 58
1666 1 1 59
1667 1 1 60
1668 2 1 48
1669 3 259 48
1670 4 16 48
1671 5 199 48
1672 6 256 48
1673 7 28 48
1674 8 151 48
1675 9 185 48
1676 2 148 49
1677 3 96 49
1678 4 231 49
1679 5 147 49
1680 6 100 49
1681 7 42 49
1682 8 59 49
1683 9 56 49
1684 2 1 50
1685 2 1 51
1686 11 147 51
1687 2 262 52
1688 12 178 52
1689 2 1 53
1690 2 1 54
1691 2 1 55
1692 14 231 55
1693 2 262 56
1694 15 167 56
1695 2 1 57
1696 2 1 58
1697 2 1 59
1698 17 100 59
1699 0 181 60
1700 2 1 60
1701 2 1 61
1702 3 1 50
1703 4 259 50
1704 5 16 50
1705 6 199 50
1706 7 256 50
1707 8 28 50
1708 9 151 50
1709 10 185 50
1710 3 148 51
1711 4 96 51
1712 5 231 51
1713 6 147 51
1714 7 100 51
1715 8 42 51
1716 9 59 51
1717 10 56 51
1718 3 1 52
1719 3 1 53
1720 12 147 53
1721 3 262 54
1722 13 178 54
1723 3 1 55
1724 3 1 56
1725 3 1 57
1726 15 231 57
1727 3 262 58
1728 16 167 58
1729 3 1 59
1730 3 1 60
1731 18 106 60
1732 0 35 61
1733 3 1 61
1734 19 46 61
1735 4 1 52
1736 5 259 52
1737 6 16 52
1738 7 199 52
1739 8 256 52
1740 9 28 52
1741 10 151 52
1742 11 185 52
1743 4 148 53
1744 5 96 53
1745 6 231 53
1746 7 147 53
1747 8 100 53
1748 9 42 53
1749 10 59 53
1750 11 56 53
1751 4 1 54
1752 4 1 55
1753 13 147 55
1754 4 262 56
1755 14 178 56
1756 4 1 57
1757 4 1 58
1758 4 1 59
1759 16 231 59
1760 4 262 60
1761 17 167 60
1762 1 219 61
1763 4 112 61
1764 18 69 61
1765 3 254 62
1766 4 262 62
1767 5 1 54
1768 6 259 54
1769 7 16 54
1770 8 199 54
1771 9 256 54
1772 10 28 54
1773 11 151 54
1774 12 185 54
1775 5 148 55
1776 6 96 55
1777 7 231 55
1778 8 147 55
1779 9 100 55
1780 10 42 55
1781 11 59 55
1782 12 56 55
1783 5 1 56
1784 5 1 57
1785 14 147 57
1786 5 262 58
1787 15 178 58
1788 5 1 59
1789 5 1 60
1790 5 1 61
1791 17 231 61
1792 0 88 62
1793 1 109 62
1794 2 14 62
1795 5 1 62
1796 4 181 63
1797 5 262 63
1798 6 1 56
1799 7 259 56
1800 8 16 56
1801 9 199 56
1802 10 256 56
1803 11 28 56
1804 12 151 56
1805 13 185 56
1806 6 148 57
1807 7 96 57
1808 8 231 57
1809 9 147 57
1810 10 100 57
1811 11 42 57
1812 12 59 57
1813 13 56 57
1814 6 1 58
1815 6 1 59
1816 15 147 59
1817 6 262 60
1818 16 178 60
1819 6 1 61
1820 6 1 62
1821 18 142 62
1822 19 255 62
1823 0 248 63
1824 2 239 63
1825 6 1 63
1826 20 38 63
1827 6 262 64
1828 7 1 58
1829 8 259 58
1830 9 16 58
1831 10 199 58
1832 11 256 58
1833 12 28 58
1834 13 151 58
1835 14 185 58
1836 7 148 59
1837 8 96 59
1838 9 231 59
1839 10 147 59
1840 11 100 59
1841 12 42 59
1842 13 59 59
1843 14 56 59
1844 7 1 60
1845 7 1 61
1846 16 147 61
1847 7 262 62
1848 17 178 62
1849 1 136 63
1850 3 168 63
1851 7 171 63
1852 18 86 63
1853 19 209 63
1854 5 67 64
1855 7 262 64
1856 21 5 64
1857 8 1 60
1858 9 259 60
1859 10 16 60
1860 11 199 60
1861 12 256 60
1862 13 28 60
1863 14 151 60
1864 15 185 60
1865 8 148 61
1866 9 96 61
1867 10 231 61
1868 11 147 61
1869 12 100 61
1870 13 42 61
1871 14 59 61
1872 15 56 61
1873 8 1 62
1874 8 1 63
1875 17 147 63
1876 0 190 64
1877 1 141 64
1878 2 231 64
1879 3 109 64
1880 4 47 64
1881 8 1 64
1882 6 137 65
1883 7 237 65
1884 8 1 65
1885 9 1 62
1886 10 259 62
1887 11 16 62
1888 12 199 62
1889 13 256 62
1890 14 28 62
1891 15 151 62
1892 16 185 62
1893 9 148 63
1894 10 96 63
1895 11 231 63
1896 12 147 63
1897 13 100 63
1898 14 42 63
1899 15 59 63
1900 16 56 63
1901 9 1 64
1902 18 221 64
1903 19 92 64
1904 20 47 64
1905 0 61 65
1906 2 121 65
1907 4 250 65
1908 9 1 65
1909 21 189 65
1910 8 137 66
1911 9 1 66
1912 10 1 64
1913 11 259 64
1914 12 16 64
1915 13 199 64
1916 14 256 64
1917 15 28 64
1918 16 151 64
1919 17 185 64
1920 1 107 65
1921 3 212 65
1922 5 39 65
1923 10 217 65
1924 11 142 65
1925 12 197 65
1926 13 104 65
1927 14 86 65
1928 15 117 65
1929 16 84 65
1930 17 7 65
1931 18 46 65
1932 19 90 65
1933 20 43 65
1934 7 100 66
1935 10 262 66
1936 22 196 66
1937 10 1 67
1938 0 223 66
1939 1 161 66
1940 2 205 66
1941 3 115 66
1942 4 92 66
1943 5 102 66
1944 6 254 66
1945 11 35 66
1946 12 244 66
1947 13 139 66
1948 14 207 66
1949 15 28 66
1950 16 45 66
1951 17 130 66
1952 18 247 66
1953 19 156 66
1954 20 72 66
1955 21 201 66
1956 0 141 67
1957 1 149 67
1958 2 60 67
1959 8 247 67
1960 9 79 67
1961 11 1 67
1962 11 1 68
1963 3 26 67
1964 4 43 67
1965 5 35 67
1966 6 175 67
1967 7 47 67
1968 12 131 67
1969 13 47 67
1970 14 170 67
1971 15 48 67
1972 16 121 67
1973 17 147 67
1974 18 251 67
1975 19 15 67
1976 20 54 67
1977 21 211 67
1978 22 46 67
1979 0 56 68
1980 1 62 68
1981 2 181 68
1982 3 119 68
1983 10 44 68
1984 12 224 68
1985 23 182 68
1986 12 1 69
1987 4 144 68
1988 5 19 68
1989 6 177 68
1990 7 82 68
1991 8 139 68
1992 9 245 68
1993 13 234 68
1994 14 60 68
1995 15 61 68
1996 16 182 68
1997 17 65 68
1998 18 145 68
1999 19 37 68
2000 20 215 68
2001 21 13 68
2002 22 27 68
2003 0 237 69
2004 1 203 69
2005 2 137 69
2006 3 11 69
2007 10 110 69
2008 13 1 69
2009 24 214 69
2010 4 219 69
2011 5 136 69
2012 6 136 69
2013 7 195 69
2014 8 76 69
2015 9 79 69
2016 11 195 69
2017 14 163 69
2018 15 114 69
2019 16 30 69
2020 17 150 69
2021 18 226 69
2022 19 57 69
2023 20 111 69
2024 21 15 69
2025 22 19 69
2026 23 193 69
2027 0 116 70
2028 1 236 70
2029 2 25 70
2030 13 151 70
2031 14 262 70
2032 3 3 70
2033 4 142 70
2034 5 194 70
2035 6 225 70
2036 7 77 70
2037 8 166 70
2038 9 248 70
2039 10 108 70
2040 11 35 70
2041 12 231 70
2042 15 45 70
2043 16 214 70
2044 17 179 70
2045 18 243 70
2046 19 171 70
2047 20 119 70
2048 21 197 70
2049 22 205 70
2050 24 37 70
2051 14 247 71
2052 15 262 71
2053 23 249 70
2054 0 115 71
2055 1 244 71
2056 2 239 71
2057 3 55 71
2058 4 106 71
2059 5 164 71
2060 6 194 71
2061 7 211 71
2062 8 59 71
2063 9 217 71
2064 10 84 71
2065 11 161 71
2066 12 226 71
2067 13 154 71
2068 16 114 71
2069 17 77 71
2070 18 202 71
2071 25 232 71
2072 16 262 72
2073 19 112 71
2074 20 204 71
2075 21 230 71
2076 22 90 71
2077 23 167 71
2078 24 201 71
2079 0 20 72
2080 1 251 72
2081 2 103 72
2082 3 190 72
2083 4 234 72
2084 5 81 72
2085 6 103 72
2086 7 67 72
2087 8 254 72
2088 9 66 72
2089 15 58 72
2090 17 262 72
2091 26 193 72
2092 10 91 72
2093 11 64 72
2094 12 208 72
2095 13 121 72
2096 14 99 72
2097 18 175 72
2098 19 47 72
2099 20 156 72
2100 21 26 72
2101 22 203 72
2102 23 254 72
2103 24 97 72
2104 25 258 72
2105 0 30 73
2106 1 49 73
2107 16 206 73
2108 17 30 73
2109 18 1 73
2110 2 156 73
2111 3 216 73
2112 4 153 73
2113 5 152 73
2114 6 219 73
2115 8 214 73
2116 9 88 73
2117 10 55 73
2118 11 128 73
2119 12 141 73
2120 13 118 73
2121 14 114 73
2122 15 123 73
2123 19 1 73
2124 26 184 73
2125 18 187 74
2126 19 1 74
2127 20 106 73
2128 21 180 73
2129 22 114 73
2130 23 74 73
2131 24 193 73
2132 25 213 73
2133 0 170 74
2134 1 19 74
2135 2 203 74
2136 3 199 74
2137 4 256 74
2138 5 121 74
2139 17 84 74
2140 20 262 74
2141 27 70 74
2142 20 1 75
2143 11 50 74
2144 12 159 74
2145 13 98 74
2146 14 145 74
2147 15 55 74
2148 16 35 74
2149 21 211 74
2150 22 200 74
2151 23 36 74
2152 24 189 74
2153 26 82 74
2154 18 223 75
2155 19 105 75
2156 21 1 75
2157 21 1 76
2158 25 200 74
2159 0 209 75
2160 1 64 75
2161 2 49 75
2162 3 43 75
2163 4 174 75
2164 14 16 75
2165 15 178 75
2166 16 40 75
2167 22 1 75
2168 19 223 76
2169 20 211 76
2170 22 1 76
2171 22 1 77
2172 17 59 75
2173 23 55 75
2174 24 111 75
2175 25 72 75
2176 26 254 75
2177 27 25 75
2178 0 185 76
2179 1 185 76
2180 2 221 76
2181 23 262 76
2182 28 114 76
2183 23 1 77
2184 29 228 77
2185 3 253 76
2186 17 248 76
2187 18 94 76
2188 24 89 76
2189 25 217 76
2190 26 144 76
2191 27 41 76
2192 20 121 77
2193 21 94 77
2194 24 1 77
2195 23 131 78
2196 24 262 78
2197 0 238 77
2198 1 76 77
2199 2 199 77
2200 18 163 77
2201 19 35 77
2202 25 1 77
2203 28 237 77
2204 22 60 78
2205 25 1 78
2206 24 37 79
2207 25 262 79
2208 26 242 77
2209 27 51 77
2210 0 108 78
2211 1 104 78
2212 21 241 78
2213 26 262 78
2214 29 104 78
2215 26 1 79
2216 30 253 79
2217 26 262 80
2218 20 111 78
2219 27 197 78
2220 28 247 78
2221 22 178 79
2222 23 260 79
2223 27 1 79
2224 25 259 80
2225 27 262 80
2226 27 262 81
2227 0 110 79
2228 28 1 79
2229 29 85 79
2230 24 162 80
2231 28 1 80
2232 26 259 81
2233 28 262 81
2234 28 262 82
2235 23 61 80
2236 29 262 80
2237 30 210 80
2238 29 1 81
2239 31 137 81
2240 29 262 82
2241 32 40 82
2242 25 170 81
2243 30 1 81
2244 27 256 82
2245 30 262 82
2246 29 95 83
2247 30 1 83
2248 31 1 82
2249 28 195 83
2250 31 262 83
2251 30 162 84
2252 31 1 84
2253 32 262 83
2254 32 262 84
2255 33 42 84
2256 32 1 85
2257 31 106 85
2258 33 1 85
2259 33 1 86
2260 34 1 86
2261 34 1 87
2262 35 1 88
2263 36 245 89
2264 35 254 89
2265 34 136 88
2266 33 195 87
2267 32 34 86
2268 31 17 86
2269 30 123 85
2270 29 70 84
2271 28 35 84
2272 27 114 83
2273 26 206 82
2274 25 103 82
2275 24 80 81
2276 23 40 81
2277 22 243 80
2278 21 10 79
2279 20 5 79
2280 19 129 78
2281 18 196 78
2282 17 165 77
2283 16 49 76
2284 15 156 76
2285 14 78 76
2286 13 224 75
2287 12 112 75
2288 11 56 75
2289 10 235 74
2290 9 249 74
2291 8 256 74
2292 7 135 73
2293 37 245 91
2294 36 9 90
2295 35 136 90
2296 34 195 89
2297 33 34 88
2298 32 246 87
2299 31 123 87
2300 30 70 86
2301 29 228 85
2302 28 114 85
2303 27 206 84
2304 26 160 83
2305 25 80 83
2306 24 223 82
2307 23 243 82
2308 22 10 81
2309 21 258 80
2310 20 129 80
2311 19 67 79
2312 18 165 79
2313 17 49 78
2314 16 107 77
2315 15 185 77
2316 14 224 77
2317 13 151 76
2318 12 207 76
2319 11 235 76
2320 10 14 75
2321 9 7 75
2322 38 245 93
2323 37 9 92
2324 36 127 91
2325 35 195 91
2326 34 34 90
2327 33 246 89
2328 32 140 88
2329 31 70 88
2330 30 228 87
2331 29 149 86
2332 28 206 86
2333 27 160 85
2334 26 183 84
2335 25 223 84
2336 24 20 83
2337 23 10 83
2338 22 258 82
2339 21 134 81
2340 20 67 81
2341 19 98 80
2342 18 49 80
2343 17 107 79
2344 16 78 78
2345 15 39 78
2346 14 151 78
2347 13 56 77
2348 12 28 77
2349 11 14 77
2350 39 18 94
2351 38 9 94
2352 37 127 93
2353 36 68 92
2354 35 34 92
2355 34 246 91
2356 33 140 90
2357 32 193 89
2358 31 228 89
2359 30 149 88
2360 29 57 87
2361 28 160 87
2362 27 183 86
2363 26 40 85
2364 25 20 85
2365 24 253 84
2366 23 258 84
2367 22 134 83
2368 21 196 82
2369 20 98 82
2370 19 214 81
2371 18 107 81
2372 17 78 80
2373 16 224 79
2374 15 112 79
2375 14 56 79
2376 13 235 78
2377 40 18 96
2378 39 254 95
2379 38 127 95
2380 37 68 94
2381 36 229 93
2382 35 246 93
2383 34 140 92
2384 33 193 91
2385 32 35 90
2386 31 149 90
2387 30 57 89
2388 29 103 88
2389 28 183 88
2390 27 40 87
2391 26 243 86
2392 25 253 86
2393 24 5 85
2394 23 134 85
2395 22 196 84
2396 21 165 83
2397 20 214 83
2398 19 156 82
2399 18 78 82
2400 17 224 81
2401 16 151 80
2402 15 207 80
2403 41 18 98
2404 40 254 97
2405 39 136 96
2406 38 68 96
2407 37 229 95
2408 36 17 94
2409 35 140 94
2410 34 193 93
2411 33 35 92
2412 32 114 91
2413 31 57 91
2414 30 103 90
2415 29 80 89
2416 28 40 89
2417 27 243 88
2418 26 10 87
2419 25 5 87
2420 24 129 86
2421 23 196 86
2422 22 165 85
2423 21 49 84
2424 20 156 84
2425 19 185 83
2426 18 224 83
2427 17 151 82
2428 42 18 100
2429 41 254 99
2430 40 136 98
2431 39 195 97
2432 38 229 97
2433 37 17 96
2434 36 123 95
2435 35 193 95
2436 34 35 94
2437 33 114 93
2438 32 206 92
2439 31 103 92
2440 30 80 91
2441 29 223 90
2442 28 243 90
2443 27 10 89
2444 26 258 88
2445 25 129 88
2446 24 67 87
2447 23 165 87
2448 22 49 86
2449 21 107 85
2450 20 185 85
2451 19 39 84
2452 43 18 102
2453 42 254 101
2454 41 136 100
2455 40 195 99
2456 39 34 98
2457 38 17 98
2458 37 123 97
2459 36 70 96
2460 35 35 96
2461 34 114 95
2462 33 206 94
2463 32 160 93
2464 31 80 93
2465 30 223 92
2466 29 20 91
2467 28 10 91
2468 27 258 90
2469 26 134 89
2470 25 67 89
2471 24 98 88
2472 23 49 88
2473 22 107 87
2474 21 78 86
2475 44 245 103
2476 43 254 103
2477 42 136 102
2478 41 195 101
2479 40 34 100
2480 39 246 99
2481 38 123 99
2482 37 70 98
2483 36 228 97
2484 35 114 97
2485 34 206 96
2486 33 160 95
2487 32 183 94
2488 31 223 94
2489 30 20 93
2490 29 253 92
2491 28 258 92
2492 27 134 91
2493 26 196 90
2494 25 98 90
2495 24 214 89
2496 23 107 89
2497 45 245 105
2498 44 9 104
2499 43 136 104
2500 42 195 103
2501 41 34 102
2502 40 246 101
2503 39 140 100
2504 38 70 100
2505 37 228 99
2506 36 149 98
2507 35 206 98
2508 34 160 97
2509 33 183 96
2510 32 40 95
2511 31 20 95
2512 30 253 94
2513 29 5 93
2514 28 134 93
2515 27 196 92
2516 26 165 91
2517 25 214 91
2518 46 245 107
2519 45 9 106
2520 44 127 105
2521 43 195 105
2522 42 34 104
2523 41 246 103
2524 40 140 102
2525 39 193 101
2526 38 228 101
2527 37 149 100
2528 36 57 99
2529 35 160 99
2530 34 183 98
2531 33 40 97
2532 32 243 96
2533 31 253 96
2534 30 5 95
2535 29 129 94
2536 28 196 94
2537 27 165 93
2538 47 245 109
2539 46 9 108
2540 45 127 107
2541 44 68 106
2542 43 34 106
2543 42 246 105
2544 41 140 104
2545 40 193 103
2546 39 35 102
2547 38 149 102
2548 37 57 101
2549 36 103 100
2550 35 183 100
2551 34 40 99
2552 33 243 98
2553 32 10 97
2554 31 5 97
2555 30 129 96
2556 29 67 95
2557 48 18 110
2558 47 9 110
2559 46 127 109
2560 45 68 108
2561 44 229 107
2562 43 246 107
2563 42 140 106
2564 41 193 105
2565 40 35 104
2566 39 114 103
2567 38 57 103
2568 37 103 102
2569 36 80 101
2570 35 40 101
2571 34 243 100
2572 33 10 99
2573 32 258 98
2574 31 129 98
2575 49 18 112
2576 48 254 111
2577 47 127 111
2578 46 68 110
2579 45 229 109
2580 44 17 108
2581 43 140 108
2582 42 193 107
2583 41 35 106
2584 40 114 105
2585 39 206 104
2586 38 103 104
2587 37 80 103
2588 36 223 102
2589 35 243 102
2590 34 10 101
2591 33 258 100
2592 50 18 114
2593 49 254 113
2594 48 136 112
2595 47 68 112
2596 46 229 111
2597 45 17 110
2598 44 123 109
2599 43 193 109
2600 42 35 108
2601 41 114 107
2602 40 206 106
2603 39 160 105
2604 38 80 105
2605 37 223 104
2606 36 20 103
2607 35 10 103
2608 51 18 116
2609 50 254 115
2610 49 136 114
2611 48 195 113
2612 47 229 113
2613 46 17 112
2614 45 123 111
2615 44 70 110
2616 43 35 110
2617 42 114 109
2618 41 206 108
2619 40 160 107
2620 39 183 106
2621 38 223 106
2622 37 20 105
2623 52 18 118
2624 51 254 117
2625 50 136 116
2626 49 195 115
2627 48 34 114
2628 47 17 114
2629 46 123 113
2630 45 70 112
2631 44 228 111
2632 43 114 111
2633 42 206 110
2634 41 160 109
2635 40 183 108
2636 39 40 107
2637 53 245 119
2638 52 254 119
2639 51 136 118
2640 50 195 117
2641 49 34 116
2642 48 246 115
2643 47 123 115
2644 46 70 114
2645 45 228 113
2646 44 149 112
2647 43 206 112
2648 42 160 111
2649 41 183 110
2650 54 245 121
2651 53 9 120
2652 52 136 120
2653 51 195 119
2654 50 34 118
2655 49 246 117
2656 48 140 116
2657 47 70 116
2658 46 228 115
2659 45 149 114
2660 44 57 113
2661 43 160 113
2662 55 245 123
2663 54 9 122
2664 53 127 121
2665 52 195 121
2666 51 34 120
2667 50 246 119
2668 49 140 118
2669 48 193 117
2670 47 228 117
2671 46 149 116
2672 45 57 115
2673 56 245 125
2674 55 9 124
2675 54 127 123
2676 53 68 122
2677 52 34 122
2678 51 246 121
2679 50 140 120
2680 49 193 119
2681 48 35 118
2682 47 149 118
2683 57 18 126
2684 56 9 126
2685 55 127 125
2686 54 68 124
2687 53 229 123
2688 52 246 123
2689 51 140 122
2690 50 193 121
2691 49 35 120
2692 58 18 128
2693 57 254 127
2694 56 127 127
2695 55 68 126
2696 54 229 125
2697 53 17 124
2698 52 140 124
2699 51 193 123
2700 59 18 130
2701 58 254 129
2702 57 136 128
2703 56 68 128
2704 55 229 127
2705 54 17 126
2706 53 123 125
2707 60 18 132
2708 59 254 131
2709 58 136 130
2710 57 195 129
2711 56 229 129
2712 55 17 128
2713 61 18 134
2714 60 254 133
2715 59 136 132
2716 58 195 131
2717 57 34 130
2718 62 245 135
2719 61 254 135
2720 60 136 134
2721 59 195 133
2722 63 245 137
2723 62 9 136
2724 61 136 136
2725 64 245 139
2726 63 9 138
2727 65 245 141
2728 66 162 142
2729 64 59 140
2730 62 123 137
2731 60 225 135
2732 58 108 132
2733 56 127 130
2734 54 82 127
2735 52 150 125
2736 50 72 122
2737 48 3 119
2738 46 230 117
2739 44 163 114
2740 42 48 112
2741 40 2 109
2742 38 241 107
2743 36 21 104
2744 34 32 102
2745 32 89 99
2746 30 73 97
2747 28 249 95
2748 26 109 92
2749 24 116 90
2750 22 39 88
2751 20 97 86
2752 18 248 84
2753 67 162 144
2754 65 59 142
2755 63 123 139
2756 61 225 137
2757 59 108 134
2758 57 136 131
2759 55 82 129
2760 53 113 126
2761 51 72 124
2762 49 3 121
2763 47 230 119
2764 45 163 116
2765 43 48 114
2766 41 2 111
2767 39 22 108
2768 37 21 106
2769 35 32 104
2770 33 89 101
2771 31 73 99
2772 29 14 96
2773 27 109 94
2774 25 116 92
2775 23 39 90
2776 21 166 87
2777 68 162 146
2778 66 204 143
2779 64 123 141
2780 62 38 138
2781 60 108 136
2782 58 136 133
2783 56 82 131
2784 54 113 128
2785 52 72 126
2786 50 3 123
2787 48 33 120
2788 46 163 118
2789 44 215 115
2790 42 2 113
2791 40 22 110
2792 38 21 108
2793 36 231 105
2794 34 89 103
2795 32 190 100
2796 30 14 98
2797 28 109 96
2798 26 147 93
2799 24 224 91
2800 69 162 148
2801 67 204 145
2802 65 123 143
2803 63 38 140
2804 61 108 138
2805 59 136 135
2806 57 181 132
2807 55 113 130
2808 53 191 127
2809 51 3 125
2810 49 33 122
2811 47 163 120
2812 45 215 117
2813 43 2 115
2814 41 22 112
2815 39 242 109
2816 37 231 107
2817 35 89 105
2818 33 190 102
2819 31 14 100
2820 29 154 97
2821 27 147 95
2822 70 162 150
2823 68 204 147
2824 66 140 144
2825 64 38 142
2826 62 155 139
2827 60 136 137
2828 58 181 134
2829 56 113 132
2830 54 191 129
2831 52 3 127
2832 50 33 124
2833 48 100 121
2834 46 215 119
2835 44 261 116
2836 42 22 114
2837 40 242 111
2838 38 231 109
2839 36 174 106
2840 34 190 104
2841 32 249 101
2842 30 154 99
2843 71 101 151
2844 69 204 149
2845 67 140 146
2846 65 38 144
2847 63 155 141
2848 61 136 139
2849 59 181 136
2850 57 150 133
2851 55 191 131
2852 53 260 128
2853 51 33 126
2854 49 100 123
2855 47 215 121
2856 45 261 118
2857 43 22 116
2858 41 242 113
2859 39 32 110
2860 37 174 108
2861 35 190 106
2862 33 249 103
2863 72 101 153
2864 70 204 151
2865 68 140 148
2866 66 225 145
2867 64 155 143
2868 62 127 140
2869 60 181 138
2870 58 150 135
2871 56 191 133
2872 54 260 130
2873 52 33 128
2874 50 100 125
2875 48 48 122
2876 46 261 120
2877 44 241 117
2878 42 242 115
2879 40 32 112
2880 38 174 110
2881 36 73 107
2882 73 101 155
2883 71 59 152
2884 69 140 150
2885 67 225 147
2886 65 155 145
2887 63 127 142
2888 61 181 140
2889 59 150 137
2890 57 72 134
2891 55 260 132
2892 53 230 129
2893 51 100 127
2894 49 48 124
2895 47 261 122
2896 45 241 119
2897 43 242 117
2898 41 32 114
2899 39 89 111
2900 74 101 157
2901 72 59 154
2902 70 140 152
2903 68 225 149
2904 66 108 146
2905 64 127 144
2906 62 82 141
2907 60 150 139
2908 58 72 136
2909 56 260 134
2910 54 230 131
2911 52 100 129
2912 50 48 126
2913 48 2 123
2914 46 241 121
2915 44 21 118
2916 42 32 116
2917 75 162 158
2918 73 59 156
2919 71 123 153
2920 69 225 151
2921 67 108 148
2922 65 127 146
2923 63 82 143
2924 61 150 141
2925 59 72 138
2926 57 3 135
2927 55 230 133
2928 53 163 130
2929 51 48 128
2930 49 2 125
2931 47 241 123
2932 45 21 120
2933 76 162 160
2934 74 59 158
2935 72 123 155
2936 70 225 153
2937 68 108 150
2938 66 136 147
2939 64 82 145
2940 62 113 142
2941 60 72 140
2942 58 3 137
2943 56 230 135
2944 54 163 132
2945 52 48 130
2946 50 2 127
2947 48 22 124
2948 77 162 162
2949 75 204 159
2950 73 123 157
2951 71 38 154
2952 69 108 152
2953 67 136 149
2954 65 82 147
2955 63 113 144
2956 61 72 142
2957 59 3 139
2958 57 33 136
2959 55 163 134
2960 53 215 131
2961 51 2 129
2962 78 162 164
2963 76 204 161
2964 74 123 159
2965 72 38 156
2966 70 108 154
2967 68 136 151
2968 66 181 148
2969 64 113 146
2970 62 191 143
2971 60 3 141
2972 58 33 138
2973 56 163 136
2974 54 215 133
2975 79 162 166
2976 77 204 163
2977 75 140 160
2978 73 38 158
2979 71 155 155
2980 69 136 153
2981 67 181 150
2982 65 113 148
2983 63 191 145
2984 61 3 143
2985 59 33 140
2986 57 100 137
2987 80 101 167
2988 78 204 165
2989 76 140 162
2990 74 38 160
2991 72 155 157
2992 70 136 155
2993 68 181 152
2994 66 150 149
2995 64 191 147
2996 62 260 144
2997 60 33 142
2998 81 101 169
2999 79 204 167
3000 77 140 164
3001 75 225 161
3002 73 155 159
3003 71 127 156
3004 69 181 154
3005 67 150 151
3006 65 191 149
3007 63 260 146
3008 82 101 171
3009 80 59 168
3010 78 140 166
3011 76 225 163
3012 74 155 161
3013 72 127 158
3014 70 181 156
3015 68 150 153
3016 66 72 150
3017 83 101 173
3018 81 59 170
3019 79 140 168
3020 77 225 165
3021 75 108 162
3022 73 127 160
3023 71 82 157
3024 69 150 155
3025 84 162 174
3026 82 59 172
3027 80 123 169
3028 78 225 167
3029 76 108 164
3030 74 127 162
3031 72 82 159
3032 85 162 176
3033 83 59 174
3034 81 123 171
3035 79 225 169
3036 77 108 166
3037 75 136 163
3038 86 162 178
3039 84 204 175
3040 82 123 173
3041 80 38 170
3042 78 108 168
3043 87 162 180
3044 85 204 177
3045 83 123 175
3046 81 38 172
3047 88 162 182
3048 86 204 179
3049 84 140 176
3050 89 101 183
3051 87 204 181
3052 90 101 185
3053 91 206 187
3054 88 58 183
3055 85 119 178
3056 82 105 174
3057 79 170 170
3058 76 113 165
3059 73 208 161
3060 70 199 157
3061 67 41 152
3062 64 129 148
3063 61 21 144
3064 58 229 139
3065 55 233 135
3066 52 252 131
3067 49 118 126
3068 46 166 122
3069 43 131 118
3070 40 101 113
3071 37 151 109
3072 34 257 105
3073 31 103 101
3074 28 29 97
3075 92 206 189
3076 89 205 184
3077 86 119 180
3078 83 105 176
3079 80 93 171
3080 77 113 167
3081 74 208 163
3082 71 64 158
3083 68 41 154
3084 65 129 150
3085 62 242 145
3086 59 229 141
3087 56 233 137
3088 53 11 132
3089 50 118 128
3090 47 166 124
3091 44 132 119
3092 41 101 115
3093 38 151 111
3094 35 257 107
3095 32 160 102
3096 93 57 190
3097 90 205 186
3098 87 119 182
3099 84 158 177
3100 81 93 173
3101 78 113 169
3102 75 55 164
3103 72 64 160
3104 69 41 156
3105 66 134 151
3106 63 242 147
3107 60 229 143
3108 57 30 138
3109 54 11 134
3110 51 118 130
3111 48 97 125
3112 45 132 121
3113 42 101 117
3114 39 112 112
3115 36 6 108
3116 94 57 192
3117 91 205 188
3118 88 119 184
3119 85 158 179
3120 82 93 175
3121 79 113 171
3122 76 55 166
3123 73 64 162
3124 70 41 158
3125 67 134 153
3126 64 242 149
3127 61 229 145
3128 58 30 140
3129 55 11 136
3130 52 118 132
3131 49 97 127
3132 46 132 123
3133 43 101 119
3134 40 112 114
3135 95 57 194
3136 92 205 190
3137 89 144 185
3138 86 158 181
3139 83 93 177
3140 80 150 172
3141 77 55 168
3142 74 64 164
3143 71 222 159
3144 68 134 155
3145 65 242 151
3146 62 34 146
3147 59 30 142
3148 56 11 138
3149 53 145 133
3150 50 97 129
3151 47 132 125
3152 44 162 120
3153 96 57 196
3154 93 58 191
3155 90 144 187
3156 87 158 183
3157 84 170 178
3158 81 150 174
3159 78 55 170
3160 75 199 165
3161 72 222 161
3162 69 134 157
3163 66 21 152
3164 63 34 148
3165 60 30 144
3166 57 252 139
3167 54 145 135
3168 51 97 131
3169 48 131 126
3170 97 57 198
3171 94 58 193
3172 91 144 189
3173 88 158 185
3174 85 170 180
3175 82 150 176
3176 79 55 172
3177 76 199 167
3178 73 222 163
3179 70 134 159
3180 67 21 154
3181 64 34 150
3182 61 30 146
3183 58 252 141
3184 55 145 137
3185 52 97 133
3186 98 206 199
3187 95 58 195
3188 92 144 191
3189 89 105 186
3190 86 170 182
3191 83 150 178
3192 80 208 173
3193 77 199 169
3194 74 222 165
3195 71 129 160
3196 68 21 156
3197 65 34 152
3198 62 233 147
3199 59 252 143
3200 56 145 139
3201 99 206 201
3202 96 58 197
3203 93 119 192
3204 90 105 188
3205 87 170 184
3206 84 113 179
3207 81 208 175
3208 78 199 171
3209 75 41 166
3210 72 129 162
3211 69 21 158
3212 66 229 153
3213 63 233 149
3214 60 252 145
3215 100 206 203
3216 97 58 199
3217 94 119 194
3218 91 105 190
3219 88 170 186
3220 85 113 181
3221 82 208 177
3222 79 199 173
3223 76 41 168
3224 73 129 164
3225 70 21 160
3226 67 229 155
3227 64 233 151
3228 101 206 205
3229 98 205 200
3230 95 119 196
3231 92 105 192
3232 89 93 187
3233 86 113 183
3234 83 208 179
3235 80 64 174
3236 77 41 170
3237 74 129 166
3238 71 242 161
3239 68 229 157
3240 102 57 206
3241 99 205 202
3242 96 119 198
3243 93 158 193
3244 90 93 189
3245 87 113 185
3246 84 55 180
3247 81 64 176
3248 78 41 172
3249 75 134 167
3250 72 242 163
3251 103 57 208
3252 100 205 204
3253 97 119 200
3254 94 158 195
3255 91 93 191
3256 88 113 187
3257 85 55 182
3258 82 64 178
3259 79 41 174
3260 76 134 169
3261 104 57 210
3262 101 205 206
3263 98 144 201
3264 95 158 197
3265 92 93 193
3266 89 150 188
3267 86 55 184
3268 83 64 180
3269 80 222 175
3270 105 57 212
3271 102 58 207
3272 99 144 203
3273 96 158 199
3274 93 170 194
3275 90 150 190
3276 87 55 186
3277 84 199 181
3278 106 57 214
3279 103 58 209
3280 100 144 205
3281 97 158 201
3282 94 170 196
3283 91 150 192
3284 88 55 188
3285 107 206 215
3286 104 58 211
3287 101 144 207
3288 98 105 202
3289 95 170 198
3290 92 150 194
3291 108 206 217
3292 105 58 213
3293 102 119 208
3294 99 105 204
3295 96 170 200
3296 109 206 219
3297 106 58 215
3298 103 119 210
3299 100 105 206
3300 110 206 221
3301 107 205 216
3302 104 119 212
3303 111 57 222
3304 108 205 218
3305 112 57 224
3306 6 34 74
3307 5 136 75
3308 7 228 74
3309 6 123 75
3310 7 57 75
3311 4 161 76
3312 5 76 76
3313 3 136 77
3314 4 206 77
3315 2 93 78
3316 3 256 78
3317 1 204 79
3318 2 225 79
3319 0 25 80
3320 1 258 80
3321 0 140 81
3322 0 140 82
3323 0 140 83
3324 0 140 84
3325 0 140 85
3326 0 140 86
3327 0 140 87
3328 0 140 88
3329 0 140 89
3330 0 140 90
3331 0 140 91
3332 0 140 92
3333 0 140 93
3334 0 140 94
3335 0 140 95
3336 8 55 75
3337 6 127 76
3338 7 123 76
3339 9 250 76
3340 8 206 76
3341 5 84 77
3342 6 253 77
3343 7 195 77
3344 4 208 78
3345 5 150 78
3346 3 38 79
3347 4 212 79
3348 2 242 80
3349 3 205 80
3350 1 4 81
3351 2 173 81
3352 1 70 82
3353 1 70 83
3354 1 70 84
3355 1 70 85
3356 1 70 86
3357 1 70 87
3358 1 70 88
3359 1 70 89
3360 1 70 90
3361 1 70 91
3362 1 70 92
3363 1 70 93
3364 10 205 76
3365 8 43 77
3366 9 52 77
3367 6 253 78
3368 10 194 77
3369 7 121 78
3370 8 26 78
3371 5 233 79
3372 9 1 78
3373 6 159 79
3374 7 141 79
3375 4 212 80
3376 5 141 80
3377 3 191 81
3378 4 67 81
3379 2 195 82
3380 3 40 82
3381 2 35 83
3382 2 35 84
3383 2 35 85
3384 2 35 86
3385 2 35 87
3386 2 35 88
3387 2 35 89
3388 2 35 90
3389 2 35 91
3390 10 31 78
3391 12 1 78
3392 11 146 78
3393 8 154 79
3394 9 25 79
3395 10 237 79
3396 11 83 79
3397 6 32 80
3398 7 98 80
3399 8 95 80
3400 9 181 80
3401 5 192 81
3402 6 42 81
3403 7 118 81
3404 4 262 82
3405 5 154 82
3406 3 194 83
3407 4 189 83
3408 3 149 84
3409 3 149 85
3410 3 149 86
3411 3 149 87
3412 3 149 88
3413 3 149 89
3414 12 259 79
3415 10 139 80
3416 13 66 79
3417 11 205 80
3418 12 95 80
3419 8 101 81
3420 13 142 80
3421 9 177 81
3422 10 161 81
3423 6 246 82
3424 11 53 81
3425 7 133 82
3426 8 221 82
3427 5 37 83
3428 9 112 82
3429 6 23 83
3430 7 70 83
3431 4 211 84
3432 5 155 84
3433 4 206 85
3434 4 206 86
3435 4 206 87
3436 14 9 80
3437 12 16 81
3438 13 1 81
3439 15 17 81
3440 14 115 81
3441 10 233 82
3442 11 231 82
3443 12 58 82
3444 13 86 82
3445 8 104 83
3446 9 212 83
3447 10 124 83
3448 11 217 83
3449 6 259 84
3450 7 30 84
3451 8 35 84
3452 9 203 84
3453 5 123 85
3454 6 231 85
3455 7 253 85
3456 16 177 81
3457 14 227 82
3458 15 195 82
3459 12 94 83
3460 16 70 82
3461 13 125 83
3462 14 229 83
3463 10 122 84
3464 15 201 83
3465 11 17 84
3466 12 93 84
3467 8 220 85
3468 13 235 84
3469 9 175 85
3470 10 57 85
3471 5 250 86
3472 11 135 85
3473 6 153 86
3474 16 182 83
3475 14 119 84
3476 17 153 83
3477 15 9 84
3478 16 17 84
3479 12 7 85
3480 17 114 84
3481 13 231 85
3482 14 170 85
3483 19 120 85
3484 15 87 85
3485 7 3 86
3486 8 160 86
3487 9 190 86
3488 10 235 86
3489 5 123 87
3490 16 202 85
3491 11 146 86
3492 17 86 85
3493 12 108 86
3494 18 159 85
3495 13 235 86
3496 17 193 86
3497 6 242 87
3498 18 103 86
3499 7 214 87
3500 8 19 87
3501 9 106 87
3502 10 28 87
3503 4 176 88
3504 19 151 86
3505 11 171 87
3506 12 51 87
3507 20 256 87
3508 18 110 87
3509 5 208 88
3510 19 26 87
3511 6 43 88
3512 7 143 88
3513 8 1 88
3514 9 166 88
3515 4 102 89
3516 10 132 88
3517 5 143 89
3518 20 28 88
3519 6 241 89
3520 21 64 88
3521 7 113 89
3522 8 60 89
3523 3 74 90
3524 9 238 89
3525 4 153 90
3526 22 251 89
3527 5 45 90
3528 6 150 90
3529 3 194 91
3530 7 49 90
3531 4 214 91
3532 22 247 90
3533 5 83 91
3534 6 24 91
3535 2 159 92
3536 23 3 91
3537 3 138 92
3538 4 173 92
3539 24 181 92
3540 2 110 93
3541 25 114 93
3542 3 26 93
3543 1 150 94
3544 2 28 94
3545 1 81 95
3546 14 114 86
3547 15 103 86
3548 16 206 86
3549 13 208 87
3550 14 26 87
3551 15 115 87
3552 16 23 87
3553 17 115 87
3554 11 135 88
3555 12 51 88
3556 13 178 88
3557 14 226 88
3558 18 8 88
3559 19 250 88
3560 10 108 89
3561 11 60 89
3562 12 166 89
3563 13 24 89
3564 19 167 89
3565 20 126 89
3566 21 62 89
3567 8 74 90
3568 9 97 90
3569 10 134 90
3570 11 189 90
3571 21 241 90
3572 7 233 91
3573 8 251 91
3574 9 208 91
3575 10 209 91
3576 5 32 92
3577 6 156 92
3578 7 39 92
3579 8 231 92
3580 23 140 92
3581 4 113 93
3582 5 135 93
3583 15 114 88
3584 16 103 88
3585 17 206 88
3586 14 208 89
3587 15 26 89
3588 16 115 89
3589 17 23 89
3590 18 115 89
3591 12 135 90
3592 13 51 90
3593 14 178 90
3594 15 226 90
3595 19 8 90
3596 20 250 90
3597 11 108 91
3598 12 60 91
3599 13 166 91
3600 14 24 91
3601 20 167 91
3602 21 126 91
3603 22 62 91
3604 9 74 92
3605 10 97 92
3606 11 134 92
3607 12 189 92
3608 22 241 92
3609 6 236 93
3610 7 51 93
3611 8 22 93
3612 9 4 93
3613 10 57 93
3614 11 17 93
3615 24 64 93
3616 3 237 94
3617 4 75 94
3618 5 55 94
3619 16 114 90
3620 17 103 90
3621 18 206 90
3622 15 208 91
3623 16 26 91
3624 17 115 91
3625 18 23 91
3626 19 115 91
3627 13 135 92
3628 14 51 92
3629 15 178 92
3630 16 226 92
3631 20 8 92
3632 21 250 92
3633 12 108 93
3634 13 60 93
3635 14 166 93
3636 15 24 93
3637 21 167 93
3638 22 126 93
3639 23 62 93
3640 6 209 94
3641 7 40 94
3642 8 146 94
3643 9 169 94
3644 10 204 94
3645 11 50 94
3646 12 87 94
3647 13 51 94
3648 23 215 94
3649 24 74 94
3650 25 116 94
3651 26 65 94
3652 2 193 95
3653 3 58 95
3654 17 114 92
3655 18 103 92
3656 19 206 92
3657 16 208 93
3658 17 26 93
3659 18 115 93
3660 19 23 93
3661 20 115 93
3662 14 135 94
3663 15 51 94
3664 16 178 94
3665 17 226 94
3666 21 8 94
3667 22 250 94
3668 4 209 95
3669 5 227 95
3670 6 178 95
3671 7 104 95
3672 8 33 95
3673 9 55 95
3674 10 2 95
3675 11 191 95
3676 12 148 95
3677 13 246 95
3678 14 153 95
3679 15 45 95
3680 16 190 95
3681 22 20 95
3682 23 244 95
3683 24 200 95
3684 25 167 95
3685 26 216 95
3686 0 204 96
3687 1 56 96
3688 18 114 94
3689 19 103 94
3690 20 206 94
3691 17 208 95
3692 18 26 95
3693 19 115 95
3694 20 23 95
3695 21 115 95
3696 2 244 96
3697 3 198 96
3698 4 176 96
3699 5 229 96
3700 6 85 96
3701 7 251 96
3702 8 137 96
3703 9 232 96
3704 10 74 96
3705 11 66 96
3706 12 230 96
3707 13 97 96
3708 14 137 96
3709 15 87 96
3710 16 168 96
3711 17 32 96
3712 18 3 96
3713 22 89 96
3714 23 115 96
3715 24 31 96
3716 25 224 96
3717 26 43 96
3718 27 18 96
3719 0 183 97
3720 1 129 97
3721 19 114 96
3722 20 103 96
3723 21 206 96
3724 2 33 97
3725 3 25 97
3726 4 67 97
3727 5 249 97
3728 6 153 97
3729 7 47 97
3730 8 150 97
3731 9 186 97
3732 10 207 97
3733 11 82 97
3734 12 63 97
3735 13 201 97
3736 14 173 97
3737 15 101 97
3738 16 183 97
3739 17 210 97
3740 18 220 97
3741 19 198 97
3742 20 174 97
3743 21 205 97
3744 22 15 97
3745 23 212 97
3746 24 3 97
3747 25 121 97
3748 26 220 97
3749 27 69 97
3750 0 24 98
3751 1 206 98
3752 2 1 98
3753 3 121 98
3754 4 53 98
3755 5 67 98
3756 6 138 98
3757 7 125 98
3758 8 107 98
3759 9 252 98
3760 10 69 98
3761 11 169 98
3762 12 51 98
3763 13 117 98
3764 14 17 98
3765 15 150 98
3766 16 43 98
3767 17 204 98
3768 18 161 98
3769 19 146 98
3770 20 46 98
3771 21 258 98
3772 22 47 98
3773 23 1 98
3774 24 140 98
3775 25 39 98
3776 26 118 98
3777 27 156 98
3778 28 52 98
3779 29 120 98
3780 0 104 99
3781 1 146 99
3782 2 225 99
3783 3 99 99
3784 4 160 99
3785 5 181 99
3786 6 197 99
3787 7 188 99
3788 8 83 99
3789 9 149 99
3790 10 148 99
3791 11 181 99
3792 12 78 99
3793 13 126 99
3794 14 51 99
3795 15 86 99
3796 16 66 99
3797 17 48 99
3798 18 127 99
3799 19 91 99
3800 20 181 99
3801 21 230 99
3802 22 255 99
3803 23 42 99
3804 24 152 99
3805 25 242 99
3806 26 8 99
3807 27 213 99
3808 28 113 99
3809 29 77 99
3810 0 231 100
3811 1 147 100
3812 2 39 100
3813 3 196 100
3814 4 107 100
3815 5 114 100
3816 6 184 100
3817 7 36 100
3818 8 118 100
3819 9 247 100
3820 10 141 100
3821 11 133 100
3822 12 82 100
3823 13 180 100
3824 14 208 100
3825 15 243 100
3826 16 121 100
3827 17 172 100
3828 18 96 100
3829 19 126 100
3830 20 231 100
3831 21 195 100
3832 22 82 100
3833 23 128 100
3834 24 151 100
3835 25 198 100
3836 26 206 100
3837 27 107 100
3838 28 212 100
3839 29 178 100
3840 30 84 100
3841 0 226 101
3842 1 245 101
3843 2 110 101
3844 3 158 101
3845 4 65 101
3846 5 69 101
3847 6 178 101
3848 7 255 101
3849 8 146 101
3850 9 156 101
3851 10 153 101
3852 11 92 101
3853 12 189 101
3854 13 164 101
3855 14 51 101
3856 15 113 101
3857 16 25 101
3858 17 47 101
3859 18 256 101
3860 19 257 101
3861 20 161 101
3862 21 117 101
3863 22 38 101
3864 23 242 101
3865 24 50 101
3866 25 91 101
3867 26 172 101
3868 27 23 101
3869 28 187 101
3870 29 220 101
3871 30 92 101
3872 0 244 102
3873 1 19 102
3874 2 66 102
3875 3 87 102
3876 4 251 102
3877 5 74 102
3878 6 141 102
3879 7 178 102
3880 8 153 102
3881 9 221 102
3882 10 257 102
3883 11 182 102
3884 12 187 102
3885 13 171 102
3886 14 95 102
3887 15 166 102
3888 16 52 102
3889 17 22 102
3890 18 33 102
3891 19 18 102
3892 20 226 102
3893 21 179 102
3894 22 9 102
3895 23 234 102
3896 24 10 102
3897 25 214 102
3898 26 109 102
3899 27 35 102
3900 28 2 102
3901 29 156 102
3902 30 136 102
3903 31 123 102
3904 0 122 103
3905 1 262 103
3906 2 90 103
3907 3 26 103
3908 4 99 103
3909 5 154 103
3910 6 95 103
3911 7 35 103
3912 8 224 103
3913 9 125 103
3914 10 243 103
3915 11 56 103
3916 12 237 103
3917 13 94 103
3918 14 215 103
3919 15 155 103
3920 16 219 103
3921 17 25 103
3922 18 41 103
3923 19 40 103
3924 20 32 103
3925 21 122 103
3926 22 124 103
3927 23 139 103
3928 24 230 103
3929 25 52 103
3930 26 220 103
3931 27 97 103
3932 28 121 103
3933 29 122 103
3934 30 162 103
3935 31 64 103
3936 32 96 103
3937 0 222 104
3938 1 37 104
3939 2 98 104
3940 3 101 104
3941 4 179 104
3942 5 96 104
3943 6 17 104
3944 8 2 104
3945 9 225 104
3946 11 212 104
3947 12 102 104
3948 13 211 104
3949 14 107 104
3950 15 231 104
3951 16 5 104
3952 17 77 104
3953 18 79 104
3954 19 114 104
3955 20 132 104
3956 21 92 104
3957 22 199 104
3958 23 145 104
3959 24 34 104
3960 26 253 104
3961 25 114 104
3962 27 106 104
3963 28 216 104
3964 29 96 104
3965 30 184 104
3966 31 214 104
3967 32 234 104
3968 33 94 104
3969 0 184 105
3970 1 28 105
3971 2 39 105
3972 3 27 105
3973 4 35 105
3974 5 210 105
3975 11 129 105
3976 14 108 105
3977 15 240 105
3978 17 213 105
3979 18 124 105
3980 19 235 105
3981 20 61 105
3982 21 79 105
3983 22 68 105
3984 23 246 105
3985 24 123 105
3986 25 18 105
3987 26 216 105
3988 27 32 105
3989 28 254 105
3990 29 112 105
3991 30 102 105
3992 31 113 105
3993 32 109 105
3994 33 26 105
3995 0 40 106
3996 1 133 106
3997 2 15 106
3998 3 41 106
3999 4 51 106
4000 5 12 106
4001 17 221 106
4002 18 169 106
4003 19 223 106
4004 20 174 106
4005 21 45 106
4006 22 231 106
4007 23 136 106
4008 24 68 106
4009 25 207 106
4010 26 254 106
4011 27 195 106
4012 28 76 106
4013 29 118 106
4014 30 26 106
4015 31 215 106
4016 32 201 106
4017 33 214 106
4018 34 254 106
4019 0 161 107
4020 1 158 107
4021 2 62 107
4022 3 34 107
4023 4 185 107
4024 18 213 107
4025 20 220 107
4026 21 164 107
4027 22 133 107
4028 23 234 107
4029 24 114 107
4030 25 36 107
4031 26 68 107
4032 27 55 107
4033 28 7 107
4034 29 104 107
4035 30 250 107
4036 31 171 107
4037 32 226 107
4038 33 190 107
4039 34 5 107
4040 0 119 108
4041 1 128 108
4042 2 222 108
4043 3 113 108
4044 4 140 108
4045 20 36 108
4046 21 175 108
4047 22 113 108
4048 23 113 108
4049 24 9 108
4050 25 186 108
4051 26 114 108
4052 27 57 108
4053 28 192 108
4054 29 43 108
4055 30 229 108
4056 31 100 108
4057 32 35 108
4058 33 5 108
4059 34 205 108
4060 35 190 108
4061 0 66 109
4062 1 127 109
4063 2 145 109
4064 3 54 109
4065 23 60 109
4066 24 43 109
4067 25 114 109
4068 26 81 109
4069 27 120 109
4070 28 236 109
4071 29 46 109
4072 30 197 109
4073 31 192 109
4074 32 85 109
4075 33 10 109
4076 34 4 109
4077 35 82 109
4078 36 45 109
4079 0 159 110
4080 1 256 110
4081 2 146 110
4082 3 100 110
4083 23 121 110
4084 24 92 110
4085 25 139 110
4086 26 70 110
4087 27 236 110
4088 28 121 110
4089 29 200 110
4090 30 53 110
4091 31 157 110
4092 32 97 110
4093 33 113 110
4094 34 203 110
4095 35 195 110
4096 36 185 110
4097 37 85 110
4098 0 211 111
4099 1 27 111
4100 2 126 111
4101 26 8 111
4102 27 1 111
4103 28 132 111
4104 29 192 111
4105 30 157 111
4106 31 89 111
4107 32 162 111
4108 33 222 111
4109 34 178 111
4110 35 90 111
4111 36 100 111
4112 37 109 111
4113 0 157 112
4114 1 78 112
4115 2 122 112
4116 27 195 112
4117 28 192 112
4118 29 189 112
4119 30 108 112
4120 31 259 112
4121 32 251 112
4122 33 166 112
4123 34 215 112
4124 35 249 112
4125 36 251 112
4126 37 216 112
4127 38 168 112
4128 0 148 113
4129 1 253 113
4130 28 105 113
4131 29 183 113
4132 30 16 113
4133 31 106 113
4134 32 111 113
4135 33 124 113
4136 34 219 113
4137 35 140 113
4138 36 68 113
4139 37 151 113
4140 38 78 113
4141 39 40 113
4142 0 234 114
4143 1 66 114
4144 30 229 114
4145 31 202 114
4146 32 111 114
4147 33 255 114
4148 34 159 114
4149 35 196 114
4150 36 198 114
4151 37 219 114
4152 38 123 114
4153 39 76 114
4154 0 209 115
4155 31 111 115
4156 32 152 115
4157 33 234 115
4158 34 115 115
4159 35 215 115
4160 36 204 115
4161 38 98 115
4162 37 25 115
4163 39 100 115
4164 40 23 115
4165 0 83 116
4166 32 149 116
4167 35 27 116
4168 34 196 116
4169 36 126 116
4170 33 67 116
4171 37 215 116
4172 40 49 116
4173 38 253 116
4174 39 214 116
4175 41 12 116
4176 34 231 117
4177 35 257 117
4178 37 98 117
4179 36 98 117
4180 38 86 117
4181 39 20 117
4182 40 242 117
4183 41 252 117
4184 35 111 118
4185 36 136 118
4186 40 214 118
4187 37 240 118
4188 39 49 118
4189 38 98 118
4190 41 253 118
4191 42 143 118
4192 35 62 119
4193 36 165 119
4194 37 114 119
4195 42 214 119
4196 38 112 119
4197 41 49 119
4198 40 49 119
4199 40 49 120
4200 39 214 119
4201 39 214 120
4202 38 165 120
4203 41 43 120
4204 43 214 120
4205 43 214 121
4206 42 49 120
4207 42 49 121
4208 38 29 121
4209 41 214 121
4210 40 214 121
4211 44 222 121
4212 39 49 121
4213 40 6 122
4214 44 156 122
4215 43 49 122
4216 45 98 122
4217 42 214 122
4218 42 214 123
4219 41 49 122
4220 41 49 123
4221 43 78 123
4222 45 107 123
4223 44 107 123
4224 44 107 124
4225 43 214 124
4226 45 153 124
4227 42 49 124
4228 46 107 124
4229 46 107 125
4230 43 117 125
4231 45 156 125
4232 44 156 125
4233 44 156 126
4234 47 107 126
4235 47 107 127
4236 46 156 126
4237 46 156 127
4238 45 107 126
4239 48 78 127
4240 48 78 128
4241 47 156 128
4242 49 230 128
4243 47 229 129
4244 49 185 129
4245 48 185 129
4246 50 185 130
4247 50 185 131
4248 51 185 132
4249 52 124 134
4250 51 134 133
4251 49 55 130
4252 48 106 130
4253 46 70 128
4254 45 152 127
4255 43 113 126
4256 42 50 125
4257 40 215 123
4258 39 16 122
4259 37 85 120
4260 36 116 120
4261 34 156 118
4262 33 211 117
4263 31 79 116
4264 30 149 115
4265 28 244 114
4266 27 94 113
4267 25 72 111
4268 24 24 111
4269 22 259 109
4270 21 174 109
4271 19 234 107
4272 18 107 108
4273 16 250 105
4274 15 184 106
4275 13 206 105
4276 12 225 105
4277 10 169 104
4278 9 238 105
4279 7 215 104
4280 6 64 105
4281 53 62 134
4282 52 134 135
4283 50 55 132
4284 49 157 131
4285 47 70 130
4286 46 152 129
4287 44 75 127
4288 43 50 127
4289 41 48 124
4290 40 16 124
4291 38 85 122
4292 37 147 121
4293 35 156 120
4294 34 211 119
4295 32 92 117
4296 31 149 117
4297 29 122 114
4298 28 94 115
4299 26 227 112
4300 25 239 112
4301 23 259 111
4302 22 89 110
4303 20 234 109
4304 19 185 108
4305 17 250 107
4306 16 92 106
4307 14 57 106
4308 13 19 106
4309 11 169 106
4310 10 119 105
4311 8 48 105
4312 54 62 136
4313 53 67 135
4314 51 55 134
4315 50 157 133
4316 48 228 131
4317 47 152 131
4318 45 188 128
4319 44 238 128
4320 42 48 126
4321 41 247 125
4322 39 89 123
4323 38 147 123
4324 36 185 121
4325 35 211 121
4326 33 171 118
4327 32 57 118
4328 30 122 116
4329 29 47 115
4330 27 227 114
4331 26 12 113
4332 24 2 112
4333 23 89 112
4334 21 146 110
4335 20 185 110
4336 18 250 109
4337 17 92 108
4338 15 103 107
4339 14 244 107
4340 12 216 106
4341 11 119 107
4342 55 62 138
4343 54 67 137
4344 52 55 136
4345 51 157 135
4346 49 35 132
4347 48 187 132
4348 46 188 130
4349 45 25 129
4350 43 48 128
4351 42 247 127
4352 40 89 125
4353 39 58 124
4354 37 78 122
4355 36 26 122
4356 34 171 120
4357 33 206 119
4358 31 122 118
4359 30 47 117
4360 28 227 116
4361 27 12 115
4362 25 261 113
4363 24 87 113
4364 22 117 111
4365 21 39 111
4366 19 125 109
4367 18 92 110
4368 16 183 107
4369 15 141 108
4370 13 155 107
4371 56 62 140
4372 55 67 139
4373 53 159 136
4374 52 157 137
4375 50 35 134
4376 49 76 133
4377 47 188 132
4378 46 25 131
4379 44 239 129
4380 43 247 129
4381 41 174 126
4382 40 58 126
4383 38 78 124
4384 37 237 123
4385 35 171 122
4386 34 206 121
4387 32 202 119
4388 31 47 119
4389 29 245 116
4390 28 12 117
4391 26 1 114
4392 25 176 114
4393 23 117 113
4394 22 224 112
4395 20 125 111
4396 19 46 110
4397 17 183 109
4398 16 202 108
4399 57 31 140
4400 56 67 141
4401 54 159 138
4402 53 210 137
4403 51 35 136
4404 50 76 135
4405 48 169 133
4406 47 25 133
4407 45 24 130
4408 44 8 130
4409 42 174 128
4410 41 205 127
4411 39 224 125
4412 38 237 125
4413 36 46 123
4414 35 206 123
4415 33 61 120
4416 32 108 120
4417 30 245 118
4418 29 6 117
4419 27 1 116
4420 26 175 115
4421 24 73 114
4422 23 224 114
4423 21 69 112
4424 20 46 112
4425 18 183 111
4426 58 31 142
4427 57 165 141
4428 55 159 140
4429 54 210 139
4430 52 35 138
4431 51 76 137
4432 49 94 134
4433 48 119 134
4434 46 24 132
4435 45 255 131
4436 43 174 130
4437 42 205 129
4438 40 224 127
4439 39 13 126
4440 37 217 124
4441 36 160 124
4442 34 61 122
4443 33 155 121
4444 31 245 120
4445 30 6 119
4446 28 1 118
4447 27 175 117
4448 25 190 115
4449 24 151 115
4450 22 194 113
4451 21 240 113
4452 59 31 144
4453 58 165 143
4454 56 159 142
4455 55 210 141
4456 53 149 138
4457 52 76 139
4458 50 94 136
4459 49 144 135
4460 47 24 134
4461 46 255 133
4462 44 176 131
4463 43 205 131
4464 41 39 128
4465 40 13 128
4466 38 217 126
4467 37 103 125
4468 35 61 124
4469 34 155 123
4470 32 9 121
4471 31 6 121
4472 29 132 118
4473 28 175 119
4474 26 168 116
4475 25 112 116
4476 23 194 115
4477 60 31 146
4478 59 165 145
4479 57 211 142
4480 56 210 143
4481 54 149 140
4482 53 38 139
4483 51 94 138
4484 50 144 137
4485 48 251 135
4486 47 255 135
4487 45 87 132
4488 44 29 132
4489 42 39 130
4490 41 250 129
4491 39 23 127
4492 38 103 127
4493 36 101 125
4494 35 155 125
4495 33 254 122
4496 32 260 122
4497 30 132 120
4498 29 219 119
4499 27 168 118
4500 26 207 117
4501 61 232 147
4502 60 165 147
4503 58 211 144
4504 57 105 143
4505 55 149 142
4506 54 38 141
4507 52 94 140
4508 51 144 139
4509 49 12 136
4510 48 4 136
4511 46 87 134
4512 45 234 133
4513 43 39 132
4514 42 250 131
4515 40 23 129
4516 39 80 128
4517 37 162 126
4518 36 54 126
4519 34 254 124
4520 33 3 123
4521 31 132 122
4522 30 219 121
4523 28 168 120
4524 62 147 148
4525 61 98 148
4526 59 211 146
4527 58 105 145
4528 56 149 144
4529 55 38 143
4530 53 47 140
4531 52 144 141
4532 50 12 138
4533 49 259 137
4534 47 87 136
4535 46 234 135
4536 44 112 133
4537 43 250 133
4538 41 240 130
4539 40 80 130
4540 38 162 128
4541 37 209 127
4542 35 254 126
4543 34 3 125
4544 32 197 123
4545 31 219 123
4546 63 147 150
4547 62 214 149
4548 60 211 148
4549 59 105 147
4550 57 206 144
4551 56 38 145
4552 54 47 142
4553 53 72 141
4554 51 12 140
4555 50 259 139
4556 48 88 137
4557 47 234 137
4558 45 151 134
4559 44 138 134
4560 42 240 132
4561 41 183 131
4562 39 182 129
4563 38 209 129
4564 36 136 127
4565 35 3 127
4566 33 66 124
4567 64 147 152
4568 63 214 151
4569 61 52 149
4570 60 105 149
4571 58 206 146
4572 57 19 145
4573 55 47 144
4574 54 72 143
4575 52 12 142
4576 51 259 141
4577 49 175 138
4578 48 146 138
4579 46 151 136
4580 45 125 135
4581 43 240 134
4582 42 183 133
4583 40 182 131
4584 39 27 130
4585 37 127 128
4586 36 130 128
4587 65 116 153
4588 64 214 153
4589 62 237 150
4590 61 158 150
4591 59 206 148
4592 58 19 147
4593 56 47 146
4594 55 72 145
4595 53 6 142
4596 52 259 143
4597 50 175 140
4598 49 117 139
4599 47 151 138
4600 46 125 137
4601 44 143 135
4602 43 183 135
4603 41 81 132
4604 40 27 132
4605 38 127 130
4606 66 205 154
4607 65 49 154
4608 63 237 152
4609 62 184 151
4610 60 206 150
4611 59 19 149
4612 57 155 146
4613 56 72 147
4614 54 6 144
4615 53 261 143
4616 51 175 142
4617 50 117 141
4618 48 56 139
4619 47 125 139
4620 45 120 136
4621 44 40 136
4622 42 81 134
4623 41 236 133
4624 67 205 156
4625 66 107 155
4626 64 237 154
4627 63 184 153
4628 61 57 151
4629 60 19 151
4630 58 155 148
4631 57 36 147
4632 55 6 146
4633 54 261 145
4634 52 175 144
4635 51 117 143
4636 49 207 140
4637 48 69 140
4638 46 120 138
4639 45 223 137
4640 43 81 136
4641 68 205 158
4642 67 107 157
4643 65 26 155
4644 64 184 155
4645 62 103 152
4646 61 244 152
4647 59 155 150
4648 58 36 149
4649 56 6 148
4650 55 261 147
4651 53 219 144
4652 52 117 145
4653 50 207 142
4654 49 194 141
4655 47 120 140
4656 46 223 139
4657 69 58 159
4658 68 107 159
4659 66 250 156
4660 65 79 156
4661 63 103 154
4662 62 141 153
4663 60 155 152
4664 59 36 151
4665 57 3 148
4666 56 261 149
4667 54 219 146
4668 53 190 145
4669 51 207 144
4670 50 194 143
4671 48 203 141
4672 70 58 161
4673 69 156 160
4674 67 250 158
4675 66 92 157
4676 64 103 156
4677 63 141 155
4678 61 108 153
4679 60 36 153
4680 58 3 150
4681 57 262 149
4682 55 219 148
4683 54 190 147
4684 52 207 146
4685 51 194 145
4686 71 234 162
4687 70 156 162
4688 68 250 160
4689 67 92 159
4690 65 160 157
4691 64 141 157
4692 62 209 154
4693 61 227 154
4694 59 3 152
4695 58 262 151
4696 56 219 150
4697 55 190 149
4698 53 235 146
4699 72 234 164
4700 71 185 163
4701 69 13 161
4702 68 92 161
4703 66 183 158
4704 65 122 158
4705 63 209 156
4706 62 18 155
4707 60 3 154
4708 59 262 153
4709 57 241 150
4710 56 190 151
4711 73 29 165
4712 72 185 165
4713 70 13 163
4714 69 171 162
4715 67 183 160
4716 66 202 159
4717 64 209 158
4718 63 18 157
4719 61 260 155
4720 60 262 155
4721 58 241 152
4722 74 29 167
4723 73 78 166
4724 71 125 164
4725 70 171 164
4726 68 183 162
4727 67 202 161
4728 65 54 159
4729 64 18 159
4730 62 133 156
4731 61 1 156
4732 75 117 168
4733 74 78 168
4734 72 125 166
4735 71 46 165
4736 69 80 163
4737 68 202 163
4738 66 236 160
4739 65 245 160
4740 63 133 158
4741 76 117 170
4742 75 224 169
4743 73 138 167
4744 72 46 167
4745 70 80 165
4746 69 61 164
4747 67 236 162
4748 66 9 161
4749 77 146 171
4750 76 224 171
4751 74 138 169
4752 73 217 168
4753 71 223 166
4754 70 61 166
4755 68 236 164
4756 78 146 173
4757 77 39 172
4758 75 194 170
4759 74 217 170
4760 72 223 168
4761 71 101 167
4762 79 146 175
4763 78 39 174
4764 76 194 172
4765 75 23 171
4766 73 40 169
4767 80 190 176
4768 79 39 176
4769 77 69 173
4770 76 23 173
4771 81 73 177
4772 80 112 177
4773 78 69 175
4774 82 73 179
4775 81 151 178
4776 83 73 181
4777 84 248 182
4778 82 198 180
4779 79 183 177
4780 77 261 174
4781 74 38 171
4782 72 170 169
4783 69 74 165
4784 67 248 163
4785 64 22 160
4786 62 40 157
4787 59 29 154
4788 57 244 151
4789 54 98 148
4790 52 189 147
4791 49 177 142
4792 47 22 141
4793 44 209 137
4794 42 29 135
4795 39 144 131
4796 37 98 129
4797 34 242 126
4798 32 86 124
4799 29 56 120
4800 27 108 119
4801 24 52 116
4802 22 50 114
4803 19 102 111
4804 17 84 110
4805 14 36 108
4806 85 15 183
4807 83 198 182
4808 80 40 178
4809 78 261 176
4810 75 244 172
4811 73 93 170
4812 70 74 167
4813 68 248 165
4814 65 241 161
4815 63 40 159
4816 60 29 156
4817 58 244 153
4818 55 98 150
4819 53 226 147
4820 50 177 144
4821 48 252 142
4822 45 54 138
4823 43 29 137
4824 40 144 133
4825 38 98 131
4826 35 242 128
4827 33 177 125
4828 30 56 122
4829 28 108 121
4830 25 211 117
4831 23 50 116
4832 20 102 113
4833 18 84 112
4834 86 15 185
4835 84 164 183
4836 81 223 179
4837 79 261 178
4838 76 244 174
4839 74 93 172
4840 71 226 168
4841 69 15 166
4842 66 11 162
4843 64 40 161
4844 61 234 157
4845 59 244 155
4846 56 98 152
4847 54 226 149
4848 51 177 146
4849 49 11 143
4850 46 54 140
4851 44 117 138
4852 41 119 134
4853 39 214 132
4854 36 142 129
4855 34 177 127
4856 31 56 124
4857 29 54 121
4858 26 26 118
4859 24 238 117
4860 21 212 114
4861 87 15 187
4862 85 99 184
4863 82 223 181
4864 80 1 179
4865 77 19 175
4866 75 85 173
4867 72 226 170
4868 70 15 168
4869 67 11 164
4870 65 223 162
4871 62 146 158
4872 60 244 157
4873 57 49 152
4874 55 226 151
4875 52 177 148
4876 50 11 145
4877 47 54 142
4878 45 146 139
4879 42 119 136
4880 40 214 134
4881 37 121 130
4882 35 177 129
4883 32 235 125
4884 30 54 123
4885 27 26 120
4886 25 25 118
4887 88 15 189
4888 86 99 186
4889 83 223 183
4890 81 262 180
4891 78 19 177
4892 76 85 175
4893 73 37 171
4894 71 124 169
4895 68 11 166
4896 66 20 163
4897 63 146 160
4898 61 19 158
4899 58 49 154
4900 56 226 153
4901 53 220 148
4902 51 11 147
4903 48 236 143
4904 46 146 141
4905 43 119 138
4906 41 49 135
4907 38 121 132
4908 36 43 130
4909 33 28 126
4910 31 54 125
4911 28 26 122
4912 89 139 189
4913 87 99 188
4914 84 20 184
4915 82 262 182
4916 79 19 179
4917 77 178 176
4918 74 37 173
4919 72 124 171
4920 69 252 167
4921 67 20 165
4922 64 146 162
4923 62 122 159
4924 59 49 156
4925 57 113 153
4926 54 220 150
4927 52 11 149
4928 49 27 144
4929 47 146 143
4930 44 72 139
4931 42 49 137
4932 39 71 133
4933 37 220 131
4934 34 28 128
4935 32 236 126
4936 90 139 191
4937 88 99 190
4938 85 243 185
4939 83 262 184
4940 80 122 180
4941 78 178 178
4942 75 113 174
4943 73 139 172
4944 70 252 169
4945 68 20 167
4946 65 117 163
4947 63 122 161
4948 60 49 158
4949 58 113 155
4950 55 220 152
4951 53 137 149
4952 50 27 146
4953 48 190 144
4954 45 191 140
4955 43 49 139
4956 40 71 135
4957 38 220 133
4958 35 28 130
4959 91 139 193
4960 89 181 190
4961 86 243 187
4962 84 132 185
4963 81 141 181
4964 79 178 180
4965 76 113 176
4966 74 139 174
4967 71 137 170
4968 69 243 168
4969 66 73 164
4970 64 122 163
4971 61 214 159
4972 59 113 157
4973 56 220 154
4974 54 137 151
4975 51 27 148
4976 49 73 145
4977 46 191 142
4978 44 107 140
4979 41 192 136
4980 39 153 134
4981 92 139 195
4982 90 181 192
4983 87 243 189
4984 85 131 186
4985 82 141 183
4986 80 174 181
4987 77 150 177
4988 75 62 175
4989 72 137 172
4990 70 243 170
4991 67 73 166
4992 65 141 164
4993 62 156 160
4994 60 113 159
4995 57 110 154
4996 55 137 153
4997 52 27 150
4998 50 73 147
4999 47 191 144
5000 45 156 141
5001 42 192 138
5002 93 201 195
5003 91 181 194
5004 88 243 191
5005 86 131 188
5006 83 141 185
5007 81 89 182
5008 78 150 179
5009 76 62 177
5010 73 126 173
5011 71 10 171
5012 68 73 168
5013 66 61 165
5014 63 156 162
5015 61 150 160
5016 58 110 156
5017 56 137 155
5018 53 145 150
5019 51 73 149
5020 48 36 145
5021 46 156 143
5022 94 201 197
5023 92 181 196
5024 89 253 191
5025 87 131 190
5026 84 61 186
5027 82 89 184
5028 79 150 181
5029 77 201 178
5030 74 126 175
5031 72 10 173
5032 69 190 169
5033 67 61 167
5034 64 156 164
5035 62 188 161
5036 59 110 158
5037 57 200 155
5038 54 145 152
5039 52 73 151
5040 49 227 146
5041 95 201 199
5042 93 222 196
5043 90 253 193
5044 88 131 192
5045 85 202 187
5046 83 89 186
5047 80 188 182
5048 78 201 180
5049 75 200 176
5050 73 253 174
5051 70 190 171
5052 68 61 169
5053 65 107 165
5054 63 188 163
5055 60 110 160
5056 58 200 157
5057 55 145 154
5058 53 168 151
5059 96 201 201
5060 94 222 198
5061 91 253 195
5062 89 197 192
5063 86 202 189
5064 84 87 187
5065 81 75 183
5066 79 201 182
5067 76 200 178
5068 74 253 176
5069 71 168 172
5070 69 202 170
5071 66 78 166
5072 64 188 165
5073 61 153 161
5074 59 200 159
5075 56 145 156
5076 97 62 202
5077 95 222 200
5078 92 253 197
5079 90 197 194
5080 87 202 191
5081 85 176 188
5082 82 75 185
5083 80 31 183
5084 77 63 179
5085 75 5 177
5086 72 168 174
5087 70 202 172
5088 67 78 168
5089 65 75 166
5090 62 55 162
5091 60 200 161
5092 98 232 203
5093 96 222 202
5094 93 258 197
5095 91 197 196
5096 88 202 193
5097 86 176 190
5098 83 75 187
5099 81 232 184
5100 78 63 181
5101 76 5 179
5102 73 95 175
5103 71 162 173
5104 68 78 170
5105 66 94 167
5106 63 55 164
5107 99 232 205
5108 97 41 203
5109 94 258 199
5110 92 197 198
5111 89 101 193
5112 87 176 192
5113 84 94 188
5114 82 232 186
5115 79 63 183
5116 77 258 180
5117 74 95 177
5118 72 162 175
5119 69 185 171
5120 67 94 169
5121 100 232 207
5122 98 111 204
5123 95 258 201
5124 93 230 198
5125 90 101 195
5126 88 176 194
5127 85 169 189
5128 83 232 188
5129 80 100 184
5130 78 258 182
5131 75 84 178
5132 73 101 176
5133 70 185 173
5134 101 31 208
5135 99 111 206
5136 96 258 203
5137 94 230 200
5138 91 101 197
5139 89 88 194
5140 86 169 191
5141 84 147 189
5142 81 163 185
5143 79 258 184
5144 76 84 180
5145 74 101 178
5146 102 116 209
5147 100 111 208
5148 97 5 204
5149 95 230 202
5150 92 101 199
5151 90 88 196
5152 87 169 193
5153 85 116 190
5154 82 163 187
5155 80 134 185
5156 77 179 181
5157 103 116 211
5158 101 152 209
5159 98 129 205
5160 96 230 204
5161 93 182 199
5162 91 88 198
5163 88 169 195
5164 86 116 192
5165 83 163 189
5166 81 129 186
5167 104 116 213
5168 102 187 210
5169 99 129 207
5170 97 33 205
5171 94 182 201
5172 92 88 200
5173 89 216 195
5174 87 116 194
5175 84 50 190
5176 105 147 214
5177 103 187 212
5178 100 129 209
5179 98 115 206
5180 95 182 203
5181 93 44 200
5182 90 216 197
5183 88 116 196
5184 106 147 216
5185 104 187 214
5186 101 134 210
5187 99 115 208
5188 96 182 205
5189 94 44 202
5190 91 216 199
5191 107 58 217
5192 105 76 215
5193 102 196 211
5194 100 115 210
5195 97 81 206
5196 95 44 204
5197 108 58 219
5198 106 76 217
5199 103 196 213
5200 101 148 211
5201 98 91 207
5202 109 205 220
5203 107 225 218
5204 104 196 215
5205 102 189 212
5206 110 205 222
5207 108 225 220
5208 105 67 216
5209 111 29 223
5210 109 38 221
5211 112 29 225
5212 7 211 105
5213 6 173 106
5214 7 205 106
5215 8 228 106
5216 9 238 106
5217 10 205 106
5218 5 134 107
5219 6 144 107
5220 7 104 107
5221 9 46 107
5222 10 221 107
5223 12 170 107
5224 5 249 108
5225 6 172 108
5226 12 15 108
5227 13 215 108
5228 4 82 109
5229 5 114 109
5230 12 228 109
5231 14 179 109
5232 15 190 109
5233 16 64 109
5234 4 62 110
5235 5 110 110
5236 15 82 110
5237 16 125 110
5238 3 212 111
5239 4 75 111
5240 3 67 112
5241 4 226 112
5242 19 240 112
5243 2 253 113
5244 3 196 113
5245 8 211 107
5246 7 173 108
5247 8 205 108
5248 9 228 108
5249 10 238 108
5250 11 205 108
5251 6 134 109
5252 7 144 109
5253 8 104 109
5254 10 46 109
5255 11 221 109
5256 13 170 109
5257 6 249 110
5258 7 172 110
5259 13 15 110
5260 14 215 110
5261 5 82 111
5262 6 114 111
5263 13 228 111
5264 15 179 111
5265 16 190 111
5266 17 64 111
5267 5 62 112
5268 6 110 112
5269 16 82 112
5270 17 125 112
5271 4 212 113
5272 5 75 113
5273 19 83 113
5274 2 143 114
5275 3 45 114
5276 4 32 114
5277 9 211 109
5278 8 173 110
5279 9 205 110
5280 10 228 110
5281 11 238 110
5282 12 205 110
5283 7 134 111
5284 8 144 111
5285 9 104 111
5286 11 46 111
5287 12 221 111
5288 14 170 111
5289 7 249 112
5290 8 172 112
5291 14 15 112
5292 15 215 112
5293 6 82 113
5294 7 114 113
5295 14 228 113
5296 16 179 113
5297 17 190 113
5298 18 64 113
5299 5 132 114
5300 6 111 114
5301 7 139 114
5302 17 190 114
5303 18 14 114
5304 19 63 114
5305 20 218 114
5306 1 84 115
5307 2 238 115
5308 10 211 111
5309 9 173 112
5310 10 205 112
5311 11 228 112
5312 12 238 112
5313 13 205 112
5314 8 134 113
5315 9 144 113
5316 10 104 113
5317 12 46 113
5318 13 221 113
5319 15 170 113
5320 8 249 114
5321 9 172 114
5322 15 15 114
5323 16 215 114
5324 3 217 115
5325 4 237 115
5326 5 226 115
5327 6 249 115
5328 7 14 115
5329 8 197 115
5330 15 245 115
5331 17 41 115
5332 18 44 115
5333 19 118 115
5334 20 204 115
5335 21 256 115
5336 22 244 115
5337 1 7 116
5338 11 211 113
5339 10 173 114
5340 11 205 114
5341 12 228 114
5342 13 238 114
5343 14 205 114
5344 9 134 115
5345 10 144 115
5346 11 104 115
5347 13 46 115
5348 14 221 115
5349 16 170 115
5350 2 49 116
5351 3 105 116
5352 4 185 116
5353 5 228 116
5354 6 208 116
5355 7 96 116
5356 8 171 116
5357 9 183 116
5358 10 112 116
5359 16 206 116
5360 18 253 116
5361 17 119 116
5362 19 72 116
5363 20 217 116
5364 21 212 116
5365 22 80 116
5366 0 250 117
5367 12 211 115
5368 11 173 116
5369 12 205 116
5370 13 228 116
5371 14 238 116
5372 15 205 116
5373 1 34 117
5374 2 215 117
5375 3 147 117
5376 4 177 117
5377 5 115 117
5378 6 134 117
5379 7 117 117
5380 8 179 117
5381 9 60 117
5382 10 244 117
5383 11 19 117
5384 12 171 117
5385 14 74 117
5386 15 83 117
5387 17 173 117
5388 16 244 117
5389 18 236 117
5390 19 19 117
5391 20 173 117
5392 21 220 117
5393 22 173 117
5394 23 116 117
5395 13 211 117
5396 0 120 118
5397 1 158 118
5398 2 100 118
5399 3 132 118
5400 4 236 118
5401 5 6 118
5402 6 21 118
5403 7 197 118
5404 8 122 118
5405 9 80 118
5406 10 6 118
5407 11 191 118
5408 12 197 118
5409 13 55 118
5410 14 119 118
5411 15 29 118
5412 16 148 118
5413 17 115 118
5414 18 87 118
5415 19 42 118
5416 20 5 118
5417 21 91 118
5418 22 13 118
5419 23 151 118
5420 24 73 118
5421 0 52 119
5422 1 212 119
5423 2 81 119
5424 3 219 119
5425 4 231 119
5426 5 208 119
5427 6 251 119
5428 7 260 119
5429 8 50 119
5430 9 16 119
5431 10 146 119
5432 11 243 119
5433 12 131 119
5434 13 201 119
5435 14 75 119
5436 15 142 119
5437 16 152 119
5438 17 122 119
5439 18 228 119
5440 19 213 119
5441 20 170 119
5442 21 5 119
5443 22 169 119
5444 23 150 119
5445 24 103 119
5446 25 31 119
5447 26 238 119
5448 0 253 120
5449 1 20 120
5450 2 224 120
5451 3 31 120
5452 4 225 120
5453 5 48 120
5454 6 105 120
5455 7 74 120
5456 8 213 120
5457 9 128 120
5458 10 170 120
5459 11 192 120
5460 12 27 120
5461 13 241 120
5462 14 46 120
5463 15 38 120
5464 16 184 120
5465 17 236 120
5466 18 163 120
5467 19 24 120
5468 20 9 120
5469 21 252 120
5470 22 145 120
5471 23 146 120
5472 24 42 120
5473 25 155 120
5474 26 132 120
5475 0 74 121
5476 1 28 121
5477 2 9 121
5478 3 13 121
5479 4 50 121
5480 5 151 121
5481 6 52 121
5482 7 141 121
5483 8 64 121
5484 9 223 121
5485 10 193 121
5486 11 164 121
5487 12 198 121
5488 13 40 121
5489 14 3 121
5490 15 84 121
5491 16 27 121
5492 17 53 121
5493 18 222 121
5494 19 50 121
5495 20 147 121
5496 21 105 121
5497 22 119 121
5498 23 215 121
5499 24 188 121
5500 25 81 121
5501 26 145 121
5502 27 235 121
5503 0 18 122
5504 1 219 122
5505 2 51 122
5506 3 95 122
5507 4 139 122
5508 5 94 122
5509 6 3 122
5510 7 120 122
5511 8 18 122
5512 9 49 122
5513 10 36 122
5514 11 22 122
5515 12 237 122
5516 13 60 122
5517 14 65 122
5518 15 85 122
5519 16 107 122
5520 17 60 122
5521 18 39 122
5522 19 176 122
5523 20 138 122
5524 21 238 122
5525 22 25 122
5526 23 145 122
5527 24 261 122
5528 25 105 122
5529 26 260 122
5530 27 233 122
5531 29 19 122
5532 0 145 123
5533 1 97 123
5534 2 23 123
5535 3 223 123
5536 4 219 123
5537 5 60 123
5538 6 210 123
5539 7 52 123
5540 8 132 123
5541 9 148 123
5542 10 178 123
5543 11 93 123
5544 12 7 123
5545 13 143 123
5546 14 194 123
5547 15 236 123
5548 16 40 123
5549 17 163 123
5550 18 94 123
5551 19 220 123
5552 20 203 123
5553 21 249 123
5554 22 254 123
5555 23 30 123
5556 24 50 123
5557 25 31 123
5558 26 260 123
5559 27 185 123
5560 28 22 123
5561 29 150 123
5562 0 248 124
5563 1 185 124
5564 2 25 124
5565 3 223 124
5566 4 51 124
5567 5 17 124
5568 6 17 124
5569 7 50 124
5570 8 124 124
5571 9 8 124
5572 10 10 124
5573 11 81 124
5574 12 142 124
5575 13 83 124
5576 14 143 124
5577 15 92 124
5578 16 98 124
5579 17 99 124
5580 18 1 124
5581 19 178 124
5582 20 260 124
5583 21 199 124
5584 22 181 124
5585 23 39 124
5586 24 37 124
5587 25 1 124
5588 26 80 124
5589 27 210 124
5590 28 7 124
5591 29 154 124
5592 30 24 124
5593 0 104 125
5594 1 145 125
5595 2 78 125
5596 3 149 125
5597 4 242 125
5598 5 251 125
5599 6 169 125
5600 7 41 125
5601 8 189 125
5602 9 171 125
5603 10 48 125
5604 11 121 125
5605 12 13 125
5606 13 114 125
5607 14 37 125
5608 15 43 125
5609 16 97 125
5610 17 157 125
5611 18 87 125
5612 19 73 125
5613 20 166 125
5614 21 184 125
5615 22 160 125
5616 23 229 125
5617 24 113 125
5618 25 125 125
5619 26 7 125
5620 27 172 125
5621 28 86 125
5622 29 255 125
5623 30 123 125
5624 0 98 126
5625 1 220 126
5626 2 25 126
5627 3 68 126
5628 4 6 126
5629 5 220 126
5630 6 216 126
5631 7 94 126
5632 8 235 126
5633 9 113 126
5634 10 228 126
5635 11 226 126
5636 12 159 126
5637 13 189 126
5638 14 251 126
5639 15 181 126
5640 16 45 126
5641 17 85 126
5642 18 19 126
5643 19 131 126
5644 20 153 126
5645 21 113 126
5646 22 157 126
5647 23 102 126
5648 24 6 126
5649 25 121 126
5650 26 7 126
5651 27 36 126
5652 28 163 126
5653 29 5 126
5654 30 21 126
5655 31 135 126
5656 0 107 127
5657 1 253 127
5658 2 69 127
5659 3 223 127
5660 4 118 127
5661 5 226 127
5662 6 27 127
5663 7 197 127
5664 8 188 127
5665 9 43 127
5666 10 206 127
5667 11 128 127
5668 12 53 127
5669 13 140 127
5670 14 113 127
5671 15 156 127
5672 16 188 127
5673 17 201 127
5674 18 157 127
5675 19 160 127
5676 20 125 127
5677 21 76 127
5678 22 55 127
5679 23 233 127
5680 24 73 127
5681 25 81 127
5682 26 136 127
5683 27 66 127
5684 28 35 127
5685 29 135 127
5686 30 204 127
5687 31 65 127
5688 32 146 127
5689 33 116 127
5690 0 131 128
5691 1 125 128
5692 2 174 128
5693 3 182 128
5694 4 181 128
5695 5 81 128
5696 6 185 128
5697 7 124 128
5698 8 237 128
5699 9 229 128
5700 10 41 128
5701 11 134 128
5702 12 81 128
5703 13 161 128
5704 14 127 128
5705 15 122 128
5706 16 228 128
5707 17 49 128
5708 18 244 128
5709 19 204 128
5710 20 209 128
5711 21 204 128
5712 22 153 128
5713 23 113 128
5714 24 243 128
5715 25 122 128
5716 26 88 128
5717 27 189 128
5718 28 64 128
5719 29 223 128
5720 30 74 128
5721 31 55 128
5722 32 17 128
5723 33 177 128
5724 0 66 129
5725 1 158 129
5726 2 147 129
5727 3 124 129
5728 4 156 129
5729 5 155 129
5730 6 220 129
5731 7 56 129
5732 8 26 129
5733 9 111 129
5734 10 206 129
5735 11 221 129
5736 12 74 129
5737 13 78 129
5738 14 17 129
5739 15 168 129
5740 16 258 129
5741 17 115 129
5742 18 173 129
5743 19 118 129
5744 20 18 129
5745 21 201 129
5746 22 221 129
5747 23 177 129
5748 24 183 129
5749 25 150 129
5750 26 11 129
5751 27 192 129
5752 28 241 129
5753 29 163 129
5754 30 26 129
5755 31 229 129
5756 32 83 129
5757 33 159 129
5758 34 188 129
5759 0 27 130
5760 1 44 130
5761 2 155 130
5762 3 44 130
5763 4 194 130
5764 5 95 130
5765 6 84 130
5766 7 119 130
5767 8 204 130
5768 9 182 130
5769 10 157 130
5770 11 47 130
5771 12 5 130
5772 13 93 130
5773 14 15 130
5774 15 105 130
5775 16 133 130
5776 17 6 130
5777 18 120 130
5778 19 14 130
5779 20 21 130
5780 21 19 130
5781 22 157 130
5782 23 103 130
5783 24 17 130
5784 25 44 130
5785 26 44 130
5786 27 71 130
5787 28 73 130
5788 29 31 130
5789 30 248 130
5790 31 237 130
5791 32 95 130
5792 33 53 130
5793 34 75 130
5794 0 88 131
5795 1 144 131
5796 2 219 131
5797 3 157 131
5798 4 74 131
5799 5 94 131
5800 6 84 131
5801 7 109 131
5802 8 100 131
5803 9 4 131
5804 10 45 131
5805 11 232 131
5806 12 125 131
5807 13 141 131
5808 14 34 131
5809 15 148 131
5810 16 44 131
5811 17 150 131
5812 18 220 131
5813 19 150 131
5814 20 204 131
5815 21 169 131
5816 22 10 131
5817 23 52 131
5818 24 224 131
5819 25 92 131
5820 26 182 131
5821 27 53 131
5822 28 96 131
5823 29 80 131
5824 30 224 131
5825 31 129 131
5826 32 3 131
5827 33 161 131
5828 34 208 131
5829 35 138 131
5830 36 194 131
5831 0 222 132
5832 1 132 132
5833 2 152 132
5834 3 241 132
5835 4 161 132
5836 5 223 132
5837 6 169 132
5838 7 89 132
5839 8 233 132
5840 9 241 132
5841 10 229 132
5842 11 148 132
5843 12 43 132
5844 13 262 132
5845 14 149 132
5846 15 7 132
5847 16 6 132
5848 17 137 132
5849 18 144 132
5850 19 104 132
5851 20 262 132
5852 21 91 132
5853 22 242 132
5854 23 200 132
5855 24 64 132
5856 25 108 132
5857 26 106 132
5858 27 244 132
5859 28 117 132
5860 29 127 132
5861 30 236 132
5862 31 174 132
5863 32 178 132
5864 33 155 132
5865 34 63 132
5866 35 100 132
5867 36 221 132
5868 37 36 132
5869 0 214 133
5870 1 176 133
5871 2 129 133
5872 3 143 133
5873 4 70 133
5874 5 145 133
5875 6 128 133
5876 7 52 133
5877 8 3 133
5878 9 44 133
5879 10 143 133
5880 11 155 133
5881 12 29 133
5882 13 180 133
5883 14 198 133
5884 15 3 133
5885 16 127 133
5886 17 245 133
5887 18 180 133
5888 19 141 133
5889 20 249 133
5890 21 35 133
5891 22 106 133
5892 23 225 133
5893 24 45 133
5894 25 84 133
5895 26 183 133
5896 27 171 133
5897 28 108 133
5898 29 129 133
5899 30 202 133
5900 31 47 133
5901 32 90 133
5902 33 234 133
5903 34 188 133
5904 35 85 133
5905 36 150 133
5906 37 129 133
5907 0 133 134
5908 1 68 134
5909 2 256 134
5910 3 239 134
5911 4 125 134
5912 5 233 134
5913 6 221 134
5914 7 169 134
5915 8 57 134
5916 9 97 134
5917 10 131 134
5918 11 17 134
5919 12 87 134
5920 13 150 134
5921 14 214 134
5922 15 122 134
5923 16 240 134
5924 17 113 134
5925 18 76 134
5926 19 137 134
5927 20 134 134
5928 21 123 134
5929 22 11 134
5930 23 12 134
5931 24 170 134
5932 25 196 134
5933 26 95 134
5934 27 225 134
5935 28 233 134
5936 29 169 134
5937 30 39 134
5938 31 29 134
5939 32 16 134
5940 33 93 134
5941 34 80 134
5942 35 185 134
5943 36 208 134
5944 37 149 134
5945 38 157 134
5946 0 145 135
5947 1 46 135
5948 2 39 135
5949 3 194 135
5950 4 216 135
5951 5 188 135
5952 6 101 135
5953 7 260 135
5954 8 97 135
5955 9 112 135
5956 10 92 135
5957 11 252 135
5958 12 191 135
5959 13 79 135
5960 14 15 135
5961 15 202 135
5962 16 127 135
5963 18 41 135
5964 17 128 135
5965 19 166 135
5966 20 95 135
5967 21 39 135
5968 22 151 135
5969 23 176 135
5970 24 91 135
5971 25 129 135
5972 26 201 135
5973 27 128 135
5974 28 100 135
5975 29 47 135
5976 30 11 135
5977 31 31 135
5978 32 99 135
5979 33 56 135
5980 34 189 135
5981 35 121 135
5982 36 157 135
5983 37 46 135
5984 38 255 135
5985 39 200 135
5986 0 175 136
5987 1 206 136
5988 2 220 136
5989 3 158 136
5990 4 20 136
5991 5 131 136
5992 6 237 136
5993 7 96 136
5994 8 227 136
5995 9 172 136
5996 10 258 136
5997 11 191 136
5998 12 26 136
5999 13 223 136
6000 14 116 136
6001 15 16 136
6002 16 85 136
6003 17 207 136
6004 18 72 136
6005 19 135 136
6006 20 194 136
6007 21 3 136
6008 22 151 136
6009 23 114 136
6010 24 191 136
6011 25 7 136
6012 26 202 136
6013 27 251 136
6014 28 38 136
6015 29 178 136
6016 30 230 136
6017 31 16 136
6018 32 100 136
6019 33 180 136
6020 34 155 136
6021 35 3 136
6022 36 117 136
6023 37 118 136
6024 38 71 136
6025 39 249 136
6026 40 131 136
6027 0 63 137
6028 1 175 137
6029 2 190 137
6030 3 1 137
6031 4 250 137
6032 5 38 137
6033 6 82 137
6034 7 25 137
6035 8 239 137
6036 9 224 137
6037 10 89 137
6038 11 210 137
6039 12 202 137
6040 13 228 137
6041 14 234 137
6042 15 185 137
6043 16 122 137
6044 17 182 137
6045 18 218 137
6046 19 137 137
6047 20 153 137
6048 21 225 137
6049 22 213 137
6050 23 95 137
6051 24 218 137
6052 25 214 137
6053 26 40 137
6054 27 90 137
6055 28 168 137
6056 29 246 137
6057 30 51 137
6058 31 38 137
6059 32 58 137
6060 33 66 137
6061 34 110 137
6062 35 135 137
6063 36 57 137
6064 37 177 137
6065 38 95 137
6066 39 14 137
6067 40 118 137
6068 41 8 137
6069 0 44 138
6070 1 68 138
6071 2 211 138
6072 3 228 138
6073 4 234 138
6074 5 82 138
6075 6 34 138
6076 7 196 138
6077 8 129 138
6078 9 259 138
6079 10 219 138
6080 11 108 138
6081 12 44 138
6082 13 3 138
6083 14 242 138
6084 15 90 138
6085 17 97 138
6086 18 45 138
6087 19 189 138
6088 20 82 138
6089 21 160 138
6090 22 80 138
6091 23 214 138
6092 24 164 138
6093 25 193 138
6094 26 183 138
6095 27 185 138
6096 28 73 138
6097 29 213 138
6098 30 192 138
6099 31 191 138
6100 32 136 138
6101 33 45 138
6102 34 95 138
6103 35 261 138
6104 36 210 138
6105 37 156 138
6106 42 172 139
6107 41 177 138
6108 40 177 138
6109 39 220 138
6110 38 67 138
6111 0 25 139
6112 1 23 139
6113 2 76 139
6114 3 180 139
6115 4 73 139
6116 5 215 139
6117 6 204 139
6118 17 31 139
6119 18 136 139
6120 19 242 139
6121 20 194 139
6122 21 241 139
6123 22 25 139
6124 23 177 139
6125 24 21 139
6126 25 28 139
6127 26 11 139
6128 27 231 139
6129 28 173 139
6130 29 108 139
6131 30 206 139
6132 31 38 139
6133 32 12 139
6134 33 214 139
6135 34 239 139
6136 35 210 139
6137 36 126 139
6138 43 91 140
6139 42 177 140
6140 41 43 139
6141 40 43 139
6142 39 153 139
6143 38 98 139
6144 37 93 139
6145 0 181 140
6146 1 241 140
6147 2 73 140
6148 3 115 140
6149 4 101 140
6150 5 204 140
6151 18 123 140
6152 20 72 140
6153 21 256 140
6154 22 177 140
6155 23 76 140
6156 24 168 140
6157 25 236 140
6158 26 254 140
6159 27 109 140
6160 28 242 140
6161 29 43 140
6162 30 158 140
6163 31 36 140
6164 32 7 140
6165 33 80 140
6166 34 149 140
6167 35 213 140
6168 36 60 140
6169 44 145 141
6170 43 86 141
6171 42 43 141
6172 41 110 140
6173 40 110 140
6174 39 55 140
6175 38 214 140
6176 37 194 140
6177 0 90 141
6178 1 208 141
6179 2 9 141
6180 3 246 141
6181 4 104 141
6182 5 142 141
6183 21 64 141
6184 23 44 141
6185 24 137 141
6186 25 24 141
6187 26 27 141
6188 27 187 141
6189 28 130 141
6190 29 224 141
6191 30 117 141
6192 31 89 141
6193 32 163 141
6194 33 16 141
6195 34 90 141
6196 35 37 141
6197 36 52 141
6198 37 85 141
6199 45 59 142
6200 44 59 142
6201 43 220 142
6202 42 110 142
6203 41 208 141
6204 40 208 141
6205 39 104 141
6206 38 156 141
6207 0 152 142
6208 1 1 142
6209 2 88 142
6210 3 220 142
6211 4 161 142
6212 5 250 142
6213 23 59 142
6214 24 129 142
6215 25 82 142
6216 26 183 142
6217 27 164 142
6218 28 147 142
6219 29 12 142
6220 30 105 142
6221 31 42 142
6222 32 242 142
6223 33 74 142
6224 34 205 142
6225 35 175 142
6226 36 120 142
6227 37 74 142
6228 46 59 144
6229 45 102 143
6230 44 102 143
6231 43 153 143
6232 42 208 143
6233 41 159 142
6234 40 159 142
6235 39 211 142
6236 38 185 142
6237 0 186 143
6238 1 175 143
6239 2 60 143
6240 3 54 143
6241 4 71 143
6242 25 157 143
6243 27 118 143
6244 28 218 143
6245 29 222 143
6246 30 197 143
6247 31 122 143
6248 32 201 143
6249 33 167 143
6250 34 174 143
6251 35 192 143
6252 36 231 143
6253 37 86 143
6254 38 147 143
6255 39 119 143
6256 47 204 145
6257 46 102 145
6258 45 212 144
6259 44 212 144
6260 43 55 144
6261 42 159 144
6262 41 52 143
6263 40 52 143
6264 0 142 144
6265 1 64 144
6266 2 216 144
6267 3 241 144
6268 4 256 144
6269 27 18 144
6270 28 24 144
6271 29 226 144
6272 30 186 144
6273 31 162 144
6274 32 93 144
6275 33 158 144
6276 34 14 144
6277 35 190 144
6278 36 39 144
6279 37 142 144
6280 38 211 144
6281 39 193 144
6282 40 190 144
6283 48 195 146
6284 47 161 146
6285 46 212 146
6286 45 157 145
6287 44 157 145
6288 43 104 145
6289 42 52 145
6290 41 237 144
6291 0 119 145
6292 1 21 145
6293 2 1 145
6294 3 224 145
6295 4 13 145
6296 28 89 145
6297 30 41 145
6298 31 12 145
6299 32 125 145
6300 35 175 145
6301 34 95 145
6302 33 28 145
6303 36 251 145
6304 37 54 145
6305 38 135 145
6306 39 103 145
6307 40 235 145
6308 41 154 145
6309 49 34 147
6310 48 34 147
6311 47 51 147
6312 46 157 147
6313 45 53 146
6314 44 53 146
6315 43 211 146
6316 42 237 146
6317 0 231 146
6318 1 233 146
6319 2 172 146
6320 3 89 146
6321 31 43 146
6322 32 261 146
6323 33 31 146
6324 34 255 146
6325 35 179 146
6326 36 112 146
6327 37 128 146
6328 38 238 146
6329 39 51 146
6330 40 248 146
6331 41 186 146
6332 0 122 147
6333 1 220 147
6334 50 229 148
6335 49 246 148
6336 48 246 148
6337 47 106 148
6338 46 53 148
6339 45 105 147
6340 44 105 147
6341 43 26 147
6342 42 13 147
6343 2 140 147
6344 3 70 147
6345 31 54 147
6346 32 14 147
6347 33 219 147
6348 38 56 147
6349 34 186 147
6350 35 187 147
6351 37 207 147
6352 36 207 147
6353 39 60 147
6354 40 82 147
6355 41 145 147
6356 0 65 148
6357 1 157 148
6358 51 229 150
6359 50 17 149
6360 49 140 149
6361 48 140 149
6362 47 210 149
6363 46 105 149
6364 45 79 148
6365 44 79 148
6366 43 250 148
6367 42 125 148
6368 2 119 148
6369 3 91 148
6370 34 129 148
6371 35 217 148
6372 39 69 148
6373 38 235 148
6374 36 194 148
6375 40 262 148
6376 37 28 148
6377 41 165 148
6378 0 48 149
6379 1 5 149
6380 2 220 149
6381 52 229 152
6382 51 17 151
6383 50 123 150
6384 49 193 150
6385 48 193 150
6386 47 158 150
6387 46 79 150
6388 45 92 149
6389 44 92 149
6390 43 138 149
6391 42 69 149
6392 35 149 149
6393 36 47 149
6394 37 39 149
6395 40 194 149
6396 39 97 149
6397 38 14 149
6398 41 223 149
6399 0 121 150
6400 1 131 150
6401 2 84 150
6402 35 155 150
6403 53 82 152
6404 52 17 153
6405 51 123 152
6406 50 70 151
6407 49 35 151
6408 48 35 151
6409 47 184 151
6410 46 92 151
6411 45 217 150
6412 44 217 150
6413 43 194 150
6414 42 97 150
6415 37 207 150
6416 38 246 150
6417 41 166 150
6418 40 166 150
6419 39 83 150
6420 0 214 151
6421 1 144 151
6422 38 249 151
6423 2 63 151
6424 54 181 153
6425 53 222 153
6426 52 123 154
6427 51 70 153
6428 50 228 152
6429 49 114 152
6430 48 114 152
6431 47 171 152
6432 46 217 152
6433 45 23 151
6434 44 23 151
6435 43 166 151
6436 42 83 151
6437 39 166 151
6438 0 171 152
6439 41 180 151
6440 40 180 151
6441 1 225 152
6442 40 97 152
6443 39 180 152
6444 55 181 155
6445 54 41 154
6446 53 152 154
6447 52 70 155
6448 51 228 154
6449 50 149 153
6450 49 206 153
6451 48 206 153
6452 47 46 153
6453 46 23 153
6454 45 120 152
6455 44 120 152
6456 43 180 152
6457 42 90 152
6458 0 240 153
6459 42 180 153
6460 41 173 152
6461 1 122 153
6462 41 83 153
6463 57 128 156
6464 55 41 156
6465 54 111 155
6466 53 187 155
6467 52 228 156
6468 51 149 155
6469 50 57 154
6470 49 160 154
6471 48 160 154
6472 47 240 154
6473 46 120 154
6474 45 203 153
6475 44 203 153
6476 43 173 153
6477 0 60 154
6478 43 83 154
6479 42 173 154
6480 1 162 154
6481 56 43 157
6482 57 125 157
6483 55 111 157
6484 54 76 156
6485 53 38 156
6486 52 149 157
6487 51 57 156
6488 50 103 155
6489 49 183 155
6490 48 183 155
6491 47 143 155
6492 46 203 155
6493 45 30 154
6494 44 30 154
6495 0 15 155
6496 44 60 155
6497 43 90 155
6498 58 189 158
6499 56 112 158
6500 57 106 158
6501 55 76 158
6502 54 225 157
6503 53 244 157
6504 52 57 158
6505 51 103 157
6506 50 80 156
6507 49 40 156
6508 48 40 156
6509 47 60 156
6510 46 30 156
6511 45 248 155
6512 0 201 156
6513 45 233 156
6514 59 189 160
6515 58 37 159
6516 56 167 159
6517 57 60 159
6518 55 225 159
6519 54 19 158
6520 53 141 158
6521 52 103 159
6522 51 80 158
6523 50 223 157
6524 49 243 157
6525 48 243 157
6526 47 233 157
6527 46 248 157
6528 0 116 157
6529 60 189 162
6530 59 37 161
6531 58 113 160
6532 56 168 160
6533 57 45 160
6534 55 19 160
6535 54 122 159
6536 53 61 159
6537 52 80 160
6538 51 223 159
6539 50 20 158
6540 49 10 158
6541 48 10 158
6542 47 15 158
6543 61 226 162
6544 60 37 163
6545 59 113 162
6546 58 75 161
6547 56 56 161
6548 57 203 161
6549 55 122 161
6550 54 202 160
6551 53 101 160
6552 52 223 161
6553 51 20 160
6554 50 253 159
6555 49 258 159
6556 62 100 163
6557 61 150 163
6558 60 113 164
6559 59 75 163
6560 58 94 162
6561 56 121 162
6562 57 246 162
6563 55 202 162
6564 54 162 161
6565 53 81 161
6566 52 20 162
6567 51 253 161
6568 63 100 165
6569 62 213 164
6570 61 188 164
6571 60 75 165
6572 59 94 164
6573 58 216 163
6574 56 246 163
6575 57 32 163
6576 55 162 163
6577 54 182 162
6578 53 91 162
6579 64 163 166
6580 63 213 166
6581 62 25 165
6582 61 169 165
6583 60 94 166
6584 59 216 165
6585 58 155 164
6586 56 218 164
6587 57 38 164
6588 55 182 164
6589 65 50 167
6590 64 50 167
6591 63 25 167
6592 62 119 166
6593 61 47 166
6594 60 216 167
6595 59 155 166
6596 58 54 165
6597 56 212 165
6598 66 71 168
6599 65 238 168
6600 64 238 168
6601 63 119 168
6602 62 72 167
6603 61 108 167
6604 60 155 168
6605 59 54 167
6606 67 71 170
6607 66 96 169
6608 65 144 169
6609 64 144 169
6610 63 72 169
6611 62 227 168
6612 61 209 168
6613 68 192 171
6614 67 96 171
6615 66 215 170
6616 65 191 170
6617 64 191 170
6618 63 227 170
6619 69 167 172
6620 68 167 172
6621 67 215 172
6622 66 24 171
6623 65 36 171
6624 70 167 174
6625 69 48 173
6626 68 48 173
6627 67 24 173
6628 71 231 174
6629 70 48 175
6630 69 239 174
6631 72 231 176
6632 71 16 175
6633 73 16 177
6634 74 19 179
6635 72 108 177
6636 70 145 176
6637 68 229 174
6638 66 111 172
6639 64 225 171
6640 62 155 169
6641 60 27 169
6642 58 34 166
6643 57 259 165
6644 54 38 163
6645 52 122 163
6646 50 27 160
6647 48 68 159
6648 46 140 158
6649 44 76 156
6650 42 141 155
6651 40 54 153
6652 38 204 152
6653 36 246 150
6654 34 228 149
6655 32 19 148
6656 30 162 146
6657 29 196 145
6658 26 212 143
6659 24 210 143
6660 22 171 141
6661 20 23 141
6662 19 26 140
6663 16 134 138
6664 14 232 139
6665 11 47 139
6666 7 228 139
6667 8 22 139
6668 9 51 139
6669 10 89 139
6670 12 205 139
6671 13 11 139
6672 75 94 179
6673 73 209 178
6674 71 136 176
6675 69 17 175
6676 67 111 174
6677 65 19 172
6678 63 155 171
6679 61 145 169
6680 59 34 168
6681 56 60 166
6682 55 38 165
6683 53 108 163
6684 51 27 162
6685 49 229 160
6686 47 123 159
6687 45 225 157
6688 43 122 156
6689 41 236 154
6690 39 195 153
6691 37 140 151
6692 35 228 151
6693 33 141 148
6694 31 162 148
6695 28 18 146
6696 27 212 145
6697 25 158 144
6698 23 171 143
6699 21 80 142
6700 18 104 141
6701 17 134 140
6702 15 165 139
6703 16 49 139
6704 6 40 140
6705 7 128 140
6706 8 159 140
6707 9 39 140
6708 10 188 140
6709 76 94 181
6710 74 209 180
6711 72 136 178
6712 70 17 177
6713 68 152 175
6714 66 169 173
6715 64 108 172
6716 62 127 170
6717 60 34 170
6718 58 111 167
6719 57 107 166
6720 54 155 164
6721 52 27 164
6722 50 34 161
6723 48 222 160
6724 46 225 159
6725 44 47 157
6726 42 236 156
6727 40 68 154
6728 38 140 153
6729 36 76 151
6730 34 141 150
6731 32 209 149
6732 30 204 147
6733 29 230 146
6734 26 228 144
6735 24 206 144
6736 22 40 142
6737 20 253 142
6738 19 71 141
6739 11 227 140
6740 14 185 140
6741 12 159 140
6742 13 108 140
6743 15 16 140
6744 16 27 140
6745 77 216 182
6746 75 245 180
6747 73 195 179
6748 71 181 177
6749 69 187 176
6750 67 169 175
6751 65 209 173
6752 63 127 172
6753 61 17 170
6754 59 111 169
6755 56 85 167
6756 55 155 166
6757 53 136 164
6758 51 34 163
6759 49 152 161
6760 47 38 160
6761 45 108 158
6762 43 27 157
6763 41 229 155
6764 39 41 154
6765 37 225 152
6766 35 141 152
6767 33 236 149
6768 31 204 149
6769 28 214 147
6770 27 228 146
6771 25 160 145
6772 23 40 144
6773 21 91 143
6774 18 115 142
6775 17 159 141
6776 6 152 141
6777 7 21 141
6778 8 84 141
6779 9 57 141
6780 78 47 183
6781 76 245 182
6782 74 195 181
6783 72 181 179
6784 70 187 178
6785 68 94 176
6786 66 18 174
6787 64 136 173
6788 62 82 171
6789 60 111 171
6790 58 169 168
6791 57 208 167
6792 54 127 165
6793 52 34 165
6794 50 111 162
6795 48 75 161
6796 46 108 160
6797 44 254 158
6798 42 229 157
6799 40 222 155
6800 38 225 154
6801 36 47 152
6802 34 236 151
6803 32 195 150
6804 30 140 148
6805 29 17 147
6806 26 141 145
6807 24 162 145
6808 22 177 143
6809 20 153 143
6810 19 257 142
6811 10 168 141
6812 14 194 141
6813 11 259 141
6814 79 47 185
6815 77 9 183
6816 75 65 181
6817 73 41 180
6818 71 150 178
6819 69 216 177
6820 67 18 176
6821 65 195 174
6822 63 82 173
6823 61 187 171
6824 59 169 170
6825 56 242 168
6826 55 127 167
6827 53 181 165
6828 51 111 164
6829 49 94 162
6830 47 155 161
6831 45 136 159
6832 43 34 158
6833 41 152 156
6834 39 188 155
6835 37 108 153
6836 35 236 153
6837 33 229 150
6838 31 140 150
6839 28 61 148
6840 27 141 147
6841 25 182 146
6842 23 177 145
6843 21 212 144
6844 18 21 143
6845 17 171 142
6846 15 240 141
6847 80 72 186
6848 78 254 184
6849 76 65 183
6850 74 41 182
6851 72 150 180
6852 70 216 179
6853 68 245 177
6854 66 198 175
6855 64 181 174
6856 62 113 172
6857 60 169 172
6858 58 18 169
6859 57 45 168
6860 54 82 166
6861 52 111 166
6862 50 169 163
6863 48 36 162
6864 46 136 161
6865 44 164 159
6866 42 152 158
6867 40 75 156
6868 38 108 155
6869 36 254 153
6870 34 229 152
6871 32 41 151
6872 30 225 149
6873 29 159 148
6874 26 236 146
6875 24 204 146
6876 22 106 144
6877 20 105 144
6878 19 219 143
6879 81 227 187
6880 79 254 186
6881 77 99 184
6882 75 189 182
6883 73 188 181
6884 71 72 179
6885 69 9 178
6886 67 198 177
6887 65 41 175
6888 63 113 174
6889 61 216 172
6890 59 18 171
6891 56 125 169
6892 55 82 168
6893 53 150 166
6894 51 169 165
6895 49 245 163
6896 47 127 162
6897 45 181 160
6898 43 111 159
6899 41 94 157
6900 39 227 156
6901 37 136 154
6902 35 229 154
6903 33 152 151
6904 31 225 151
6905 28 197 149
6906 27 236 148
6907 25 161 147
6908 23 106 146
6909 21 228 145
6910 82 36 188
6911 80 3 187
6912 78 164 185
6913 76 189 184
6914 74 188 183
6915 72 72 181
6916 70 9 180
6917 68 65 178
6918 66 74 176
6919 64 150 175
6920 62 191 173
6921 60 18 173
6922 58 198 170
6923 57 18 169
6924 54 113 167
6925 52 169 167
6926 50 18 164
6927 48 133 163
6928 46 181 162
6929 44 226 160
6930 42 94 159
6931 40 36 157
6932 38 136 156
6933 36 164 154
6934 34 152 153
6935 32 188 152
6936 30 108 150
6937 29 126 149
6938 26 229 147
6939 24 140 147
6940 83 36 190
6941 81 130 188
6942 79 164 187
6943 77 37 185
6944 75 238 183
6945 73 227 182
6946 71 3 180
6947 69 99 179
6948 67 74 178
6949 65 188 176
6950 63 191 175
6951 61 9 173
6952 59 198 172
6953 56 72 170
6954 55 113 169
6955 53 72 167
6956 51 18 166
6957 49 65 164
6958 47 82 163
6959 45 150 161
6960 43 169 160
6961 41 245 158
6962 39 130 157
6963 37 181 155
6964 35 152 155
6965 33 94 152
6966 31 108 152
6967 28 217 150
6968 27 229 149
6969 84 251 191
6970 82 133 189
6971 80 33 188
6972 78 226 186
6973 76 238 185
6974 74 227 184
6975 72 3 182
6976 70 99 181
6977 68 189 179
6978 66 25 177
6979 64 72 176
6980 62 260 174
6981 60 198 174
6982 58 74 171
6983 57 211 170
6984 54 191 168
6985 52 18 168
6986 50 198 165
6987 48 148 164
6988 46 150 163
6989 44 119 161
6990 42 245 160
6991 40 133 158
6992 38 181 157
6993 36 226 155
6994 34 94 154
6995 32 227 153
6996 30 136 151
6997 85 257 191
6998 83 133 191
6999 81 115 189
7000 79 226 188
7001 77 144 186
7002 75 251 184
7003 73 130 183
7004 71 33 181
7005 69 37 180
7006 67 25 179
7007 65 227 177
7008 63 260 176
7009 61 99 174
7010 59 74 173
7011 56 201 171
7012 55 191 170
7013 53 3 168
7014 51 198 167
7015 49 189 165
7016 47 113 164
7017 45 72 162
7018 43 18 161
7019 41 65 159
7020 39 115 158
7021 37 150 156
7022 35 94 156
7023 33 245 153
7024 86 257 193
7025 84 131 192
7026 82 148 190
7027 80 100 189
7028 78 119 187
7029 76 251 186
7030 74 130 185
7031 72 33 183
7032 70 37 182
7033 68 238 180
7034 66 12 178
7035 64 3 177
7036 62 230 175
7037 60 74 175
7038 58 25 172
7039 57 97 171
7040 54 260 169
7041 52 198 169
7042 50 74 166
7043 48 50 165
7044 46 72 164
7045 44 257 162
7046 42 65 161
7047 40 148 159
7048 38 150 158
7049 36 119 156
7050 87 257 195
7051 85 197 192
7052 83 148 192
7053 81 213 190
7054 79 119 189
7055 77 6 187
7056 75 131 185
7057 73 115 184
7058 71 100 182
7059 69 144 181
7060 67 12 180
7061 65 130 178
7062 63 230 177
7063 61 37 175
7064 59 25 174
7065 56 55 172
7066 55 260 171
7067 53 33 169
7068 51 74 168
7069 49 238 166
7070 47 191 165
7071 45 3 163
7072 43 198 162
7073 41 189 160
7074 39 213 159
7075 89 64 196
7076 86 197 194
7077 84 126 193
7078 82 50 191
7079 80 48 190
7080 78 257 188
7081 76 131 187
7082 74 115 186
7083 72 100 184
7084 70 144 183
7085 68 251 181
7086 66 132 179
7087 64 33 178
7088 62 163 176
7089 60 25 176
7090 58 12 173
7091 57 10 172
7092 54 230 170
7093 52 74 170
7094 50 25 167
7095 48 24 166
7096 46 3 165
7097 44 197 163
7098 42 189 162
7099 88 222 197
7100 87 197 196
7101 85 63 193
7102 83 50 193
7103 81 239 191
7104 79 257 190
7105 77 66 188
7106 75 126 186
7107 73 213 185
7108 71 48 183
7109 69 6 182
7110 67 132 181
7111 65 115 179
7112 63 163 178
7113 61 144 176
7114 59 12 175
7115 56 250 173
7116 55 230 172
7117 53 100 170
7118 51 25 169
7119 49 251 167
7120 47 260 166
7121 45 33 164
7122 90 1 198
7123 89 68 197
7124 86 63 195
7125 84 71 194
7126 82 24 192
7127 80 2 191
7128 78 197 189
7129 76 126 188
7130 74 213 187
7131 72 48 185
7132 70 6 184
7133 68 131 182
7134 66 137 180
7135 64 100 179
7136 62 215 177
7137 60 12 177
7138 58 132 174
7139 57 55 173
7140 54 163 171
7141 52 25 171
7142 50 12 168
7143 48 1 167
7144 91 1 200
7145 88 235 198
7146 87 63 197
7147 85 167 194
7148 83 24 194
7149 81 262 192
7150 79 197 191
7151 77 200 189
7152 75 71 187
7153 73 239 186
7154 71 2 184
7155 69 66 183
7156 67 137 182
7157 65 213 180
7158 63 215 179
7159 61 6 177
7160 59 132 176
7161 56 240 174
7162 55 163 173
7163 53 48 171
7164 51 12 170
7165 92 262 201
7166 90 11 199
7167 89 64 198
7168 86 167 196
7169 84 255 195
7170 82 1 193
7171 80 22 192
7172 78 63 190
7173 76 71 189
7174 74 239 188
7175 72 2 186
7176 70 66 185
7177 68 126 183
7178 66 192 181
7179 64 48 180
7180 62 261 178
7181 60 132 178
7182 58 137 175
7183 56 163 175
7184 54 215 172
7185 93 219 201
7186 91 11 201
7187 88 148 199
7188 87 167 198
7189 85 259 195
7190 83 1 195
7191 81 252 193
7192 79 63 192
7193 77 96 190
7194 75 255 188
7195 73 262 187
7196 71 22 185
7197 69 200 184
7198 67 192 183
7199 65 239 181
7200 63 261 180
7201 61 66 178
7202 59 137 177
7203 57 192 174
7204 94 219 203
7205 92 252 202
7206 90 121 200
7207 89 18 199
7208 86 259 197
7209 84 175 196
7210 82 11 194
7211 80 242 193
7212 78 167 191
7213 76 255 190
7214 74 262 189
7215 72 22 187
7216 70 200 186
7217 68 71 184
7218 66 8 182
7219 64 2 181
7220 62 241 179
7221 60 137 179
7222 95 219 205
7223 93 42 202
7224 91 121 202
7225 88 173 200
7226 87 259 199
7227 85 219 196
7228 83 11 196
7229 81 142 194
7230 79 167 193
7231 77 4 191
7232 75 175 189
7233 73 252 188
7234 71 242 186
7235 69 96 185
7236 67 8 184
7237 65 262 182
7238 63 241 181
7239 96 44 206
7240 94 42 204
7241 92 142 203
7242 90 16 201
7243 89 16 200
7244 86 219 198
7245 84 84 197
7246 82 121 195
7247 80 32 194
7248 78 259 192
7249 76 175 191
7250 74 252 190
7251 72 242 188
7252 70 96 187
7253 68 255 185
7254 66 88 183
7255 97 241 207
7256 95 42 206
7257 93 199 203
7258 91 16 203
7259 88 44 201
7260 87 219 200
7261 85 42 197
7262 83 121 197
7263 81 247 195
7264 79 259 194
7265 77 44 192
7266 75 84 190
7267 73 142 189
7268 71 32 187
7269 69 4 186
7270 98 95 208
7271 96 221 207
7272 94 199 205
7273 92 247 204
7274 90 176 202
7275 89 15 201
7276 86 42 199
7277 84 135 198
7278 82 16 196
7279 80 89 195
7280 78 219 193
7281 76 84 192
7282 74 142 191
7283 72 32 189
7284 99 168 209
7285 97 21 208
7286 95 199 207
7287 93 85 204
7288 91 176 204
7289 88 191 202
7290 87 42 201
7291 85 199 198
7292 83 16 198
7293 81 87 196
7294 79 219 195
7295 77 221 193
7296 75 135 191
7297 100 168 211
7298 98 256 209
7299 96 64 208
7300 94 85 206
7301 92 87 205
7302 90 95 203
7303 89 235 202
7304 86 199 200
7305 84 170 199
7306 82 176 197
7307 80 190 196
7308 78 42 194
7309 101 179 212
7310 99 7 210
7311 97 231 209
7312 95 85 208
7313 93 146 205
7314 91 95 205
7315 88 121 203
7316 87 199 202
7317 85 85 199
7318 83 176 199
7319 81 168 197
7320 102 28 213
7321 100 7 212
7322 98 186 210
7323 96 178 209
7324 94 146 207
7325 92 168 206
7326 90 256 204
7327 89 199 203
7328 86 85 201
7329 84 29 200
7330 103 235 214
7331 101 128 213
7332 99 77 211
7333 97 174 210
7334 95 146 209
7335 93 28 206
7336 91 256 206
7337 88 77 204
7338 87 85 203
7339 104 235 216
7340 102 45 214
7341 100 77 213
7342 98 205 211
7343 96 117 210
7344 94 28 208
7345 92 7 207
7346 90 186 205
7347 105 14 217
7348 103 218 215
7349 101 93 214
7350 99 58 212
7351 97 73 211
7352 95 28 210
7353 93 45 207
7354 106 249 218
7355 104 218 217
7356 102 232 215
7357 100 58 214
7358 98 151 212
7359 96 235 211
7360 107 180 219
7361 105 154 218
7362 103 31 216
7363 101 234 215
7364 99 112 213
7365 108 180 221
7366 106 109 219
7367 104 31 218
7368 102 185 216
7369 109 173 222
7370 107 139 220
7371 105 116 219
7372 110 90 223
7373 108 139 222
7374 111 233 224
7375 12 233 141
7376 13 93 141
7377 16 232 141
7378 6 120 142
7379 7 66 142
7380 8 177 142
7381 9 115 142
7382 10 208 142
7383 11 206 142
7384 12 155 142
7385 13 46 142
7386 14 186 142
7387 15 161 142
7388 5 86 143
7389 6 102 143
7390 5 21 144
7391 5 21 145
7392 4 83 146
7393 5 150 146
7394 4 121 147
7395 4 121 148
7396 3 27 149
7397 4 13 149
7398 3 71 150
7399 3 71 151
7400 2 18 152
7401 3 235 152
7402 2 96 153
7403 2 96 154
7404 1 41 155
7405 2 29 155
7406 1 215 156
7407 1 215 157
7408 0 86 158
7409 1 203 158
7410 0 24 159
7411 0 24 160
7412 0 24 161
7413 0 24 162
7414 0 24 163
7415 16 76 142
7416 7 248 143
7417 8 105 143
7418 9 91 143
7419 10 143 143
7420 11 67 143
7421 12 97 143
7422 13 172 143
7423 14 218 143
7424 15 98 143
7425 16 90 143
7426 17 55 143
7427 6 47 144
7428 7 144 144
7429 8 252 144
7430 9 91 144
7431 10 198 144
7432 18 107 144
7433 6 231 145
7434 6 231 146
7435 5 259 147
7436 6 135 147
7437 5 16 148
7438 5 16 149
7439 4 98 150
7440 5 216 150
7441 4 255 151
7442 4 255 152
7443 3 166 153
7444 4 222 153
7445 3 4 154
7446 3 4 155
7447 2 204 156
7448 3 196 156
7449 2 261 157
7450 2 261 158
7451 1 149 159
7452 2 203 159
7453 11 173 144
7454 12 27 144
7455 13 51 144
7456 14 225 144
7457 15 222 144
7458 16 58 144
7459 17 239 144
7460 19 72 144
7461 7 144 145
7462 8 17 145
7463 9 176 145
7464 10 97 145
7465 11 260 145
7466 12 97 145
7467 13 92 145
7468 14 250 145
7469 15 48 145
7470 17 61 145
7471 18 55 145
7472 20 164 145
7473 22 210 145
7474 7 174 146
7475 7 174 147
7476 6 126 148
7477 7 45 148
7478 6 176 149
7479 6 176 150
7480 5 204 151
7481 6 210 151
7482 5 175 152
7483 5 175 153
7484 4 159 154
7485 5 246 154
7486 4 44 155
7487 4 44 156
7488 3 53 157
7489 16 171 145
7490 19 104 145
7491 8 153 146
7492 9 117 146
7493 10 174 146
7494 11 89 146
7495 12 204 146
7496 13 84 146
7497 14 214 146
7498 15 135 146
7499 16 238 146
7500 17 156 146
7501 18 243 146
7502 19 66 146
7503 20 1 146
7504 21 175 146
7505 22 218 146
7506 8 176 147
7507 9 71 147
7508 10 141 147
7509 11 136 147
7510 12 91 147
7511 13 217 147
7512 21 51 147
7513 8 234 148
7514 24 165 148
7515 7 100 149
7516 8 49 149
7517 7 95 150
7518 7 95 151
7519 6 257 152
7520 7 15 152
7521 6 84 153
7522 6 84 154
7523 14 247 147
7524 15 209 147
7525 16 236 147
7526 17 231 147
7527 18 199 147
7528 19 182 147
7529 20 149 147
7530 22 201 147
7531 23 27 147
7532 9 83 148
7533 10 234 148
7534 11 72 148
7535 12 69 148
7536 13 168 148
7537 14 147 148
7538 15 97 148
7539 16 84 148
7540 17 94 148
7541 18 121 148
7542 19 37 148
7543 20 191 148
7544 21 185 148
7545 22 172 148
7546 23 190 148
7547 25 152 148
7548 26 235 148
7549 9 156 149
7550 10 60 149
7551 25 31 149
7552 8 104 150
7553 9 6 150
7554 8 256 151
7555 11 187 149
7556 12 175 149
7557 13 5 149
7558 14 69 149
7559 15 258 149
7560 16 247 149
7561 17 205 149
7562 18 56 149
7563 19 56 149
7564 20 245 149
7565 21 94 149
7566 22 128 149
7567 23 103 149
7568 24 171 149
7569 26 14 149
7570 10 195 150
7571 11 124 150
7572 12 9 150
7573 13 117 150
7574 14 221 150
7575 15 187 150
7576 16 132 150
7577 17 97 150
7578 18 20 150
7579 19 187 150
7580 20 40 150
7581 21 30 150
7582 24 195 150
7583 26 20 150
7584 27 109 150
7585 22 220 150
7586 23 143 150
7587 25 21 150
7588 29 155 150
7589 9 238 151
7590 10 32 151
7591 11 82 151
7592 12 227 151
7593 13 57 151
7594 14 123 151
7595 15 113 151
7596 16 230 151
7597 17 100 151
7598 18 185 151
7599 19 62 151
7600 20 98 151
7601 21 255 151
7602 22 131 151
7603 23 170 151
7604 24 7 151
7605 25 44 151
7606 26 204 151
7607 27 193 151
7608 28 183 151
7609 29 187 151
7610 8 212 152
7611 9 228 152
7612 10 218 152
7613 11 254 152
7614 12 217 152
7615 13 99 152
7616 14 71 152
7617 15 202 152
7618 16 100 152
7619 17 5 152
7620 18 190 152
7621 19 28 152
7622 20 50 152
7623 21 220 152
7624 22 231 152
7625 23 159 152
7626 24 63 152
7627 25 100 152
7628 26 157 152
7629 27 125 152
7630 28 218 152
7631 29 150 152
7632 30 205 152
7633 7 83 153
7634 8 207 153
7635 9 136 153
7636 10 46 153
7637 11 30 153
7638 12 61 153
7639 13 222 153
7640 14 233 153
7641 15 136 153
7642 16 114 153
7643 17 69 153
7644 18 66 153
7645 19 109 153
7646 20 245 153
7647 21 94 153
7648 22 160 153
7649 23 88 153
7650 24 101 153
7651 25 207 153
7652 26 6 153
7653 27 11 153
7654 28 112 153
7655 29 23 153
7656 30 74 153
7657 31 219 153
7658 7 71 154
7659 8 224 154
7660 9 110 154
7661 10 161 154
7662 11 37 154
7663 12 4 154
7664 13 181 154
7665 14 188 154
7666 15 218 154
7667 16 52 154
7668 17 257 154
7669 18 13 154
7670 19 15 154
7671 20 206 154
7672 21 235 154
7673 22 108 154
7674 23 179 154
7675 24 142 154
7676 25 262 154
7677 26 238 154
7678 27 71 154
7679 28 105 154
7680 29 95 154
7681 30 189 154
7682 31 102 154
7683 32 235 154
7684 33 106 154
7685 5 233 155
7686 6 262 155
7687 7 140 155
7688 8 41 155
7689 9 58 155
7690 10 123 155
7691 11 101 155
7692 12 74 155
7693 13 262 155
7694 14 34 155
7695 15 73 155
7696 16 168 155
7697 17 85 155
7698 18 155 155
7699 19 6 155
7700 20 70 155
7701 21 126 155
7702 22 130 155
7703 23 190 155
7704 24 81 155
7705 25 249 155
7706 26 135 155
7707 27 229 155
7708 28 213 155
7709 29 195 155
7710 30 152 155
7711 31 172 155
7712 32 89 155
7713 33 256 155
7714 34 18 155
7715 5 107 156
7716 6 59 156
7717 7 45 156
7718 8 87 156
7719 9 192 156
7720 10 90 156
7721 11 233 156
7722 12 49 156
7723 13 102 156
7724 14 69 156
7725 15 191 156
7726 16 138 156
7727 17 117 156
7728 18 191 156
7729 19 142 156
7730 20 221 156
7731 21 28 156
7732 22 201 156
7733 23 190 156
7734 24 261 156
7735 25 77 156
7736 26 234 156
7737 27 73 156
7738 28 151 156
7739 29 106 156
7740 30 66 156
7741 31 55 156
7742 32 218 156
7743 33 1 156
7744 34 35 156
7745 4 1 157
7746 5 157 157
7747 6 207 157
7748 7 124 157
7749 8 72 157
7750 9 55 157
7751 10 71 157
7752 11 116 157
7753 12 13 157
7754 13 131 157
7755 14 239 157
7756 15 50 157
7757 16 70 157
7758 17 104 157
7759 18 241 157
7760 19 217 157
7761 20 106 157
7762 21 39 157
7763 22 170 157
7764 23 55 157
7765 24 119 157
7766 25 48 157
7767 26 251 157
7768 27 191 157
7769 28 72 157
7770 29 173 157
7771 30 126 157
7772 31 235 157
7773 32 80 157
7774 33 180 157
7775 34 87 157
7776 35 171 157
7777 36 104 157
7778 37 95 157
7779 3 195 158
7780 4 191 158
7781 5 76 158
7782 6 33 158
7783 7 155 158
7784 8 45 158
7785 9 39 158
7786 10 69 158
7787 11 126 158
7788 12 109 158
7789 13 140 158
7790 14 207 158
7791 15 193 158
7792 16 236 158
7793 17 217 158
7794 18 190 158
7795 19 127 158
7796 20 188 158
7797 21 148 158
7798 22 228 158
7799 23 209 158
7800 24 90 158
7801 25 177 158
7802 26 213 158
7803 27 27 158
7804 28 43 158
7805 29 48 158
7806 30 206 158
7807 31 165 158
7808 32 252 158
7809 33 122 158
7810 34 202 158
7811 35 122 158
7812 36 17 158
7813 37 110 158
7814 3 97 159
7815 4 38 159
7816 5 144 159
7817 6 217 159
7818 7 85 159
7819 8 178 159
7820 9 261 159
7821 10 151 159
7822 11 247 159
7823 12 262 159
7824 13 6 159
7825 14 184 159
7826 15 177 159
7827 16 44 159
7828 17 137 159
7829 18 205 159
7830 19 105 159
7831 20 25 159
7832 21 75 159
7833 22 175 159
7834 23 83 159
7835 24 154 159
7836 25 98 159
7837 26 249 159
7838 27 22 159
7839 28 77 159
7840 29 3 159
7841 30 31 159
7842 31 111 159
7843 32 195 159
7844 33 123 159
7845 34 66 159
7846 35 159 159
7847 36 34 159
7848 37 49 159
7849 38 207 159
7850 1 103 160
7851 2 34 160
7852 3 223 160
7853 4 52 160
7854 5 262 160
7855 6 60 160
7856 7 237 160
7857 8 108 160
7858 9 91 160
7859 10 99 160
7860 11 195 160
7861 12 162 160
7862 13 108 160
7863 14 166 160
7864 15 60 160
7865 16 210 160
7866 17 180 160
7867 18 143 160
7868 19 30 160
7869 20 219 160
7870 21 46 160
7871 22 15 160
7872 23 64 160
7873 24 29 160
7874 25 41 160
7875 26 71 160
7876 27 171 160
7877 28 120 160
7878 29 198 160
7879 30 254 160
7880 31 115 160
7881 32 207 160
7882 33 167 160
7883 34 41 160
7884 35 226 160
7885 36 230 160
7886 37 113 160
7887 38 177 160
7888 39 3 160
7889 40 10 160
7890 1 101 161
7891 2 224 161
7892 3 5 161
7893 4 1 161
7894 5 232 161
7895 6 226 161
7896 7 185 161
7897 8 91 161
7898 9 41 161
7899 10 69 161
7900 11 64 161
7901 12 165 161
7902 13 135 161
7903 14 254 161
7904 15 85 161
7905 16 39 161
7906 17 109 161
7907 18 91 161
7908 19 261 161
7909 20 38 161
7910 21 76 161
7911 22 231 161
7912 23 84 161
7913 24 108 161
7914 25 98 161
7915 26 52 161
7916 27 65 161
7917 28 177 161
7918 29 42 161
7919 30 30 161
7920 31 2 161
7921 32 6 161
7922 33 31 161
7923 34 149 161
7924 35 88 161
7925 36 61 161
7926 37 139 161
7927 38 210 161
7928 39 198 161
7929 40 189 161
7930 41 52 161
7931 1 121 162
7932 2 7 162
7933 3 257 162
7934 4 59 162
7935 5 229 162
7936 6 49 162
7937 7 37 162
7938 8 4 162
7939 9 246 162
7940 10 1 162
7941 11 217 162
7942 12 2 162
7943 13 239 162
7944 14 240 162
7945 15 130 162
7946 16 48 162
7947 18 1 162
7948 17 183 162
7949 19 232 162
7950 20 123 162
7951 21 46 162
7952 22 116 162
7953 23 184 162
7954 24 41 162
7955 25 177 162
7956 26 8 162
7957 27 107 162
7958 28 50 162
7959 29 31 162
7960 30 250 162
7961 31 150 162
7962 32 160 162
7963 33 174 162
7964 34 68 162
7965 35 232 162
7966 36 188 162
7967 37 238 162
7968 38 47 162
7969 39 62 162
7970 40 2 162
7971 41 149 162
7972 1 158 163
7973 2 33 163
7974 3 25 163
7975 4 171 163
7976 5 206 163
7977 6 1 163
7978 7 59 163
7979 8 144 163
7980 9 184 163
7981 10 96 163
7982 11 166 163
7983 12 133 163
7984 13 151 163
7985 14 32 163
7986 15 110 163
7987 16 91 163
7988 17 102 163
7989 18 88 163
7990 19 44 163
7991 20 112 163
7992 21 94 163
7993 22 228 163
7994 23 138 163
7995 24 133 163
7996 25 131 163
7997 26 195 163
7998 27 58 163
7999 28 259 163
8000 29 43 163
8001 30 205 163
8002 31 212 163
8003 32 257 163
8004 33 169 163
8005 34 107 163
8006 35 75 163
8007 36 70 163
8008 37 16 163
8009 38 157 163
8010 39 16 163
8011 40 258 163
8012 41 79 163
8013 42 138 163
8014 43 54 163
8015 0 249 164
8016 1 175 164
8017 2 133 164
8018 3 96 164
8019 4 73 164
8020 5 128 164
8021 6 141 164
8022 7 103 164
8023 8 120 164
8024 9 255 164
8025 10 6 164
8026 11 190 164
8027 12 212 164
8028 13 18 164
8029 14 19 164
8030 15 182 164
8031 16 57 164
8032 17 220 164
8033 18 97 164
8034 19 149 164
8035 20 65 164
8036 21 189 164
8037 22 184 164
8038 23 159 164
8039 24 80 164
8040 25 193 164
8041 26 45 164
8042 27 28 164
8043 28 188 164
8044 29 107 164
8045 30 87 164
8046 31 191 164
8047 32 227 164
8048 33 258 164
8049 34 210 164
8050 35 64 164
8051 36 105 164
8052 37 98 164
8053 38 261 164
8054 39 165 164
8055 40 196 164
8056 41 36 164
8057 42 191 164
8058 43 165 164
8059 44 153 164
8060 0 121 165
8061 1 160 165
8062 2 204 165
8063 3 72 165
8064 4 23 165
8065 5 246 165
8066 6 230 165
8067 7 95 165
8068 8 106 165
8069 9 130 165
8070 10 77 165
8071 11 257 165
8072 12 130 165
8073 13 225 165
8074 14 3 165
8075 15 18 165
8076 16 112 165
8077 17 214 165
8078 18 152 165
8079 19 81 165
8080 20 40 165
8081 21 129 165
8082 22 236 165
8083 23 245 165
8084 24 163 165
8085 26 8 165
8086 25 67 165
8087 27 196 165
8088 28 232 165
8089 29 44 165
8090 30 144 165
8091 31 220 165
8092 32 74 165
8093 33 177 165
8094 34 169 165
8095 35 248 165
8096 36 65 165
8097 37 262 165
8098 38 23 165
8099 39 35 165
8100 40 70 165
8101 41 261 165
8102 42 21 165
8103 43 244 165
8104 44 206 165
8105 45 161 165
8106 0 43 166
8107 1 177 166
8108 2 17 166
8109 3 144 166
8110 4 171 166
8111 5 30 166
8112 6 80 166
8113 7 210 166
8114 8 96 166
8115 9 228 166
8116 10 20 166
8117 11 78 166
8118 12 132 166
8119 13 131 166
8120 14 207 166
8121 15 125 166
8122 16 217 166
8123 17 30 166
8124 18 36 166
8125 19 41 166
8126 20 48 166
8127 21 42 166
8128 22 150 166
8129 23 126 166
8130 24 181 166
8131 25 102 166
8132 26 131 166
8133 27 119 166
8134 28 64 166
8135 29 136 166
8136 30 255 166
8137 31 214 166
8138 32 142 166
8139 33 13 166
8140 34 137 166
8141 35 128 166
8142 36 126 166
8143 37 262 166
8144 38 6 166
8145 39 175 166
8146 40 184 166
8147 41 26 166
8148 42 262 166
8149 43 198 166
8150 44 27 166
8151 45 60 166
8152 46 35 166
8153 0 141 167
8154 1 177 167
8155 2 189 167
8156 3 202 167
8157 4 239 167
8158 5 242 167
8159 6 166 167
8160 7 192 167
8161 8 231 167
8162 9 85 167
8163 10 60 167
8164 11 69 167
8165 12 61 167
8166 13 199 167
8167 14 144 167
8168 15 226 167
8169 16 57 167
8170 17 253 167
8171 18 151 167
8172 19 110 167
8173 20 223 167
8174 21 192 167
8175 22 179 167
8176 23 173 167
8177 24 258 167
8178 25 159 167
8179 26 10 167
8180 27 229 167
8181 28 80 167
8182 29 189 167
8183 30 110 167
8184 31 198 167
8185 32 152 167
8186 33 212 167
8187 34 54 167
8188 35 121 167
8189 36 233 167
8190 37 136 167
8191 38 65 167
8192 39 93 167
8193 40 253 167
8194 41 144 167
8195 42 125 167
8196 43 249 167
8197 44 187 167
8198 45 71 167
8199 46 81 167
8200 47 185 167
8201 0 232 168
8202 1 84 168
8203 2 231 168
8204 3 132 168
8205 4 221 168
8206 5 56 168
8207 6 91 168
8208 7 69 168
8209 8 1 168
8210 9 121 168
8211 10 18 168
8212 11 103 168
8213 12 158 168
8214 13 89 168
8215 14 191 168
8216 15 192 168
8217 16 5 168
8218 17 25 168
8219 18 52 168
8220 19 183 168
8221 20 26 168
8222 21 88 168
8223 22 109 168
8224 23 110 168
8225 24 252 168
8226 25 176 168
8227 26 188 168
8228 27 206 168
8229 28 255 168
8230 29 219 168
8231 30 52 168
8232 31 96 168
8233 32 120 168
8234 33 225 168
8235 34 185 168
8236 35 21 168
8237 36 158 168
8238 37 120 168
8239 38 218 168
8240 39 143 168
8241 40 39 168
8242 41 223 168
8243 42 32 168
8244 43 20 168
8245 44 5 168
8246 45 113 168
8247 46 135 168
8248 47 125 168
8249 48 54 168
8250 49 110 168
8251 0 147 169
8252 1 246 169
8253 2 99 169
8254 3 98 169
8255 4 12 169
8256 5 110 169
8257 6 77 169
8258 7 212 169
8259 8 155 169
8260 9 42 169
8261 10 239 169
8262 11 144 169
8263 12 205 169
8264 13 124 169
8265 14 72 169
8266 15 14 169
8267 16 86 169
8268 17 233 169
8269 18 106 169
8270 19 18 169
8271 20 11 169
8272 21 35 169
8273 22 186 169
8274 23 71 169
8275 24 135 169
8276 25 40 169
8277 26 44 169
8278 27 141 169
8279 28 166 169
8280 29 115 169
8281 30 46 169
8282 31 165 169
8283 32 252 169
8284 33 17 169
8285 34 204 169
8286 35 130 169
8287 36 207 169
8288 37 195 169
8289 38 210 169
8290 39 1 169
8291 40 84 169
8292 41 36 169
8293 42 191 169
8294 43 235 169
8295 44 99 169
8296 45 35 169
8297 46 80 169
8298 47 192 169
8299 48 99 169
8300 49 209 169
8301 50 176 169
8302 0 237 170
8303 1 227 170
8304 2 105 170
8305 3 72 170
8306 4 118 170
8307 5 97 170
8308 6 224 170
8309 7 218 170
8310 8 232 170
8311 9 57 170
8312 10 245 170
8313 11 256 170
8314 12 131 170
8315 13 68 170
8316 14 137 170
8317 15 47 170
8318 16 261 170
8319 17 239 170
8320 18 206 170
8321 19 183 170
8322 20 65 170
8323 21 257 170
8324 22 191 170
8325 23 166 170
8326 24 182 170
8327 25 103 170
8328 26 86 170
8329 27 29 170
8330 28 243 170
8331 29 186 170
8332 30 97 170
8333 31 174 170
8334 32 117 170
8335 33 124 170
8336 34 62 170
8337 35 161 170
8338 36 31 170
8339 37 65 170
8340 38 5 170
8341 39 51 170
8342 40 50 170
8343 41 214 170
8344 42 205 170
8345 43 27 170
8346 44 89 170
8347 45 102 170
8348 46 244 170
8349 47 190 170
8350 48 195 170
8351 49 135 170
8352 50 40 170
8353 0 134 171
8354 1 79 171
8355 2 28 171
8356 3 240 171
8357 4 148 171
8358 5 239 171
8359 6 229 171
8360 7 78 171
8361 8 142 171
8362 9 43 171
8363 10 111 171
8364 11 215 171
8365 12 213 171
8366 13 247 171
8367 14 88 171
8368 15 155 171
8369 16 154 171
8370 17 40 171
8371 18 38 171
8372 19 176 171
8373 20 196 171
8374 21 78 171
8375 22 195 171
8376 23 259 171
8377 24 119 171
8378 25 225 171
8379 26 110 171
8380 27 166 171
8381 28 197 171
8382 29 172 171
8383 30 188 171
8384 31 2 171
8385 32 35 171
8386 33 148 171
8387 34 259 171
8388 35 46 171
8389 36 39 171
8390 37 140 171
8391 38 125 171
8392 39 135 171
8393 40 240 171
8394 41 203 171
8395 42 215 171
8396 43 200 171
8397 44 97 171
8398 45 147 171
8399 46 136 171
8400 47 119 171
8401 48 72 171
8402 49 23 171
8403 50 84 171
8404 51 58 171
8405 0 222 172
8406 1 189 172
8407 2 164 172
8408 3 211 172
8409 4 95 172
8410 5 225 172
8411 6 8 172
8412 7 9 172
8413 8 212 172
8414 9 170 172
8415 10 57 172
8416 11 215 172
8417 12 36 172
8418 13 39 172
8419 14 17 172
8420 15 123 172
8421 16 168 172
8422 17 2 172
8423 18 185 172
8424 19 200 172
8425 20 203 172
8426 21 247 172
8427 22 98 172
8428 23 103 172
8429 24 167 172
8430 25 36 172
8431 26 108 172
8432 27 91 172
8433 28 109 172
8434 29 240 172
8435 30 60 172
8436 31 43 172
8437 32 56 172
8438 33 227 172
8439 34 20 172
8440 35 17 172
8441 36 133 172
8442 37 162 172
8443 38 74 172
8444 39 52 172
8445 40 41 172
8446 41 119 172
8447 42 226 172
8448 43 217 172
8449 44 41 172
8450 45 235 172
8451 46 25 172
8452 47 37 172
8453 48 232 172
8454 49 163 172
8455 50 81 172
8456 51 77 172
8457 52 154 172
8458 53 33 172
8459 0 81 173
8460 1 173 173
8461 2 195 173
8462 3 86 173
8463 4 21 173
8464 5 2 173
8465 6 242 173
8466 7 259 173
8467 8 232 173
8468 9 136 173
8469 10 107 173
8470 11 71 173
8471 12 28 173
8472 13 9 173
8473 14 97 173
8474 15 42 173
8475 16 211 173
8476 17 2 173
8477 18 123 173
8478 19 140 173
8479 20 228 173
8480 21 255 173
8481 22 39 173
8482 23 4 173
8483 24 211 173
8484 25 99 173
8485 26 159 173
8486 27 232 173
8487 28 16 173
8488 29 39 173
8489 30 131 173
8490 31 12 173
8491 32 88 173
8492 33 195 173
8493 34 202 173
8494 35 248 173
8495 36 221 173
8496 37 139 173
8497 38 104 173
8498 39 93 173
8499 40 79 173
8500 41 7 173
8501 42 232 173
8502 43 133 173
8503 44 19 173
8504 45 94 173
8505 46 55 173
8506 47 14 173
8507 48 72 173
8508 49 180 173
8509 50 181 173
8510 51 197 173
8511 52 40 173
8512 53 245 173
8513 54 141 173
8514 0 143 174
8515 1 42 174
8516 2 19 174
8517 3 212 174
8518 4 124 174
8519 5 205 174
8520 6 14 174
8521 7 260 174
8522 8 157 174
8523 9 208 174
8524 10 80 174
8525 11 175 174
8526 12 39 174
8527 13 28 174
8528 14 93 174
8529 15 139 174
8530 16 48 174
8531 17 63 174
8532 18 169 174
8533 19 172 174
8534 20 21 174
8535 21 94 174
8536 22 61 174
8537 23 173 174
8538 24 75 174
8539 25 79 174
8540 26 128 174
8541 27 200 174
8542 28 193 174
8543 29 218 174
8544 30 70 174
8545 31 122 174
8546 32 81 174
8547 33 74 174
8548 34 106 174
8549 35 173 174
8550 36 257 174
8551 37 143 174
8552 38 134 174
8553 39 34 174
8554 40 166 174
8555 41 22 174
8556 42 234 174
8557 43 14 174
8558 44 116 174
8559 45 134 174
8560 46 26 174
8561 47 79 174
8562 48 190 174
8563 49 133 174
8564 50 145 174
8565 51 58 174
8566 52 105 174
8567 53 80 174
8568 54 19 174
8569 55 104 174
8570 0 43 175
8571 1 101 175
8572 2 225 175
8573 3 7 175
8574 4 50 175
8575 5 251 175
8576 6 23 175
8577 7 58 175
8578 8 159 175
8579 9 133 175
8580 10 184 175
8581 11 162 175
8582 12 241 175
8583 13 205 175
8584 14 243 175
8585 15 10 175
8586 16 171 175
8587 17 10 175
8588 18 175 175
8589 19 84 175
8590 20 54 175
8591 21 63 175
8592 22 87 175
8593 23 1 175
8594 24 163 175
8595 25 168 175
8596 26 82 175
8597 27 169 175
8598 28 115 175
8599 29 140 175
8600 30 142 175
8601 31 234 175
8602 32 43 175
8603 33 120 175
8604 34 22 175
8605 35 160 175
8606 36 234 175
8607 37 127 175
8608 38 133 175
8609 39 138 175
8610 40 256 175
8611 41 97 175
8612 42 236 175
8613 43 25 175
8614 44 60 175
8615 45 178 175
8616 46 63 175
8617 47 134 175
8618 48 147 175
8619 49 207 175
8620 50 33 175
8621 51 222 175
8622 52 166 175
8623 53 6 175
8624 54 161 175
8625 55 99 175
8626 57 26 175
8627 0 35 176
8628 1 37 176
8629 2 141 176
8630 3 121 176
8631 4 56 176
8632 47 193 176
8633 48 21 176
8634 50 220 176
8635 51 144 176
8636 52 184 176
8637 53 142 176
8638 54 41 176
8639 55 85 176
8640 56 232 176
8641 57 187 176
8642 58 127 176
8643 51 54 177
8644 52 47 177
8645 53 175 177
8646 54 243 177
8647 55 197 177
8648 56 213 177
8649 57 67 177
8650 58 95 177
8651 56 211 178
8652 57 68 178
8653 59 223 178
8654 59 223 179
8655 61 194 179
8656 60 162 180
8657 61 247 180
8658 58 223 178
8659 56 217 179
8660 55 202 178
8661 54 155 178
8662 52 216 178
8663 51 72 178
8664 49 251 176
8665 48 12 177
8666 46 8 176
8667 45 178 176
8668 5 210 176
8669 42 232 176
8670 6 93 176
8671 7 135 176
8672 8 129 176
8673 9 196 176
8674 10 142 176
8675 11 130 176
8676 12 178 176
8677 13 3 176
8678 14 186 176
8679 15 195 176
8680 16 113 176
8681 17 196 176
8682 18 79 176
8683 19 239 176
8684 20 254 176
8685 21 257 176
8686 22 44 176
8687 23 133 176
8688 24 94 176
8689 25 73 176
8690 26 125 176
8691 27 60 176
8692 28 151 176
8693 29 66 176
8694 30 205 176
8695 31 231 176
8696 32 231 176
8697 33 101 176
8698 34 182 176
8699 35 22 176
8700 36 147 176
8701 37 236 176
8702 38 133 176
8703 39 166 176
8704 40 24 176
8705 41 231 176
8706 43 27 176
8707 44 67 176
8708 62 60 180
8709 60 230 181
8710 59 223 180
8711 58 101 179
8712 57 28 179
8713 55 108 179
8714 53 18 178
8715 52 191 179
8716 50 6 177
8717 49 4 177
8718 47 259 177
8719 46 85 177
8720 0 7 177
8721 1 129 177
8722 2 71 177
8723 3 207 177
8724 4 87 177
8725 5 222 177
8726 6 160 177
8727 7 240 177
8728 8 112 177
8729 9 164 177
8730 10 36 177
8731 11 154 177
8732 12 143 177
8733 13 164 177
8734 14 161 177
8735 15 65 177
8736 16 179 177
8737 17 93 177
8738 18 2 177
8739 19 256 177
8740 20 5 177
8741 21 198 177
8742 22 245 177
8743 23 30 177
8744 24 237 177
8745 25 54 177
8746 26 218 177
8747 27 123 177
8748 28 177 177
8749 29 169 177
8750 30 85 177
8751 31 14 177
8752 32 173 177
8753 33 175 177
8754 34 115 177
8755 35 257 177
8756 36 16 177
8757 37 183 177
8758 38 224 177
8759 63 60 182
8760 62 243 181
8761 61 215 181
8762 59 101 181
8763 56 175 180
8764 57 48 180
8765 54 254 179
8766 53 257 179
8767 51 6 179
8768 50 261 178
8769 48 1 178
8770 47 89 178
8771 45 234 177
8772 44 234 177
8773 42 107 177
8774 39 119 177
8775 40 175 177
8776 41 194 177
8777 43 180 177
8778 0 127 178
8779 1 85 178
8780 2 215 178
8781 3 241 178
8782 4 39 178
8783 5 105 178
8784 6 64 178
8785 7 53 178
8786 8 30 178
8787 9 25 178
8788 10 80 178
8789 11 169 178
8790 12 112 178
8791 13 180 178
8792 14 143 178
8793 15 193 178
8794 16 224 178
8795 17 105 178
8796 18 213 178
8797 19 93 178
8798 20 68 178
8799 21 105 178
8800 22 31 178
8801 23 39 178
8802 24 134 178
8803 25 144 178
8804 26 167 178
8805 27 96 178
8806 28 247 178
8807 29 159 178
8808 30 254 178
8809 64 30 182
8810 63 243 183
8811 60 199 182
8812 61 198 182
8813 58 118 180
8814 56 43 181
8815 55 9 180
8816 54 3 180
8817 52 257 180
8818 51 261 180
8819 49 88 178
8820 48 175 179
8821 46 29 178
8822 45 185 178
8823 31 37 178
8824 42 52 178
8825 32 19 178
8826 33 90 178
8827 34 240 178
8828 35 102 178
8829 36 206 178
8830 37 252 178
8831 38 207 178
8832 39 42 178
8833 40 120 178
8834 41 32 178
8835 43 67 178
8836 44 131 178
8837 0 62 179
8838 1 166 179
8839 2 261 179
8840 3 239 179
8841 4 153 179
8842 5 57 179
8843 6 69 179
8844 7 225 179
8845 8 209 179
8846 9 7 179
8847 10 101 179
8848 11 159 179
8849 12 3 179
8850 13 247 179
8851 14 208 179
8852 15 49 179
8853 16 121 179
8854 17 126 179
8855 18 35 179
8856 19 189 179
8857 20 59 179
8858 65 253 183
8859 64 253 183
8860 62 86 182
8861 60 46 183
8862 59 118 182
8863 58 136 181
8864 57 171 181
8865 55 260 181
8866 53 131 180
8867 52 2 181
8868 50 219 179
8869 49 146 179
8870 47 117 179
8871 46 78 179
8872 21 9 179
8873 22 255 179
8874 23 161 179
8875 24 257 179
8876 25 110 179
8877 26 252 179
8878 27 86 179
8879 28 200 179
8880 29 81 179
8881 30 197 179
8882 31 212 179
8883 32 84 179
8884 33 90 179
8885 34 168 179
8886 35 172 179
8887 36 155 179
8888 37 224 179
8889 38 15 179
8890 39 27 179
8891 40 228 179
8892 41 180 179
8893 42 120 179
8894 43 14 179
8895 44 248 179
8896 45 162 179
8897 0 203 180
8898 1 186 180
8899 2 57 180
8900 3 103 180
8901 4 4 180
8902 5 212 180
8903 6 218 180
8904 7 120 180
8905 8 181 180
8906 66 134 184
8907 65 91 184
8908 63 86 184
8909 62 59 183
8910 61 198 183
8911 59 136 183
8912 56 199 182
8913 57 107 182
8914 54 66 181
8915 53 44 181
8916 51 219 181
8917 50 190 180
8918 48 168 180
8919 47 224 180
8920 9 162 180
8921 10 212 180
8922 11 137 180
8923 12 132 180
8924 13 30 180
8925 14 77 180
8926 15 42 180
8927 16 24 180
8928 17 241 180
8929 18 131 180
8930 19 81 180
8931 20 242 180
8932 21 244 180
8933 22 117 180
8934 23 184 180
8935 24 183 180
8936 25 199 180
8937 26 72 180
8938 27 26 180
8939 28 236 180
8940 29 72 180
8941 30 12 180
8942 31 40 180
8943 32 198 180
8944 33 212 180
8945 34 150 180
8946 35 197 180
8947 36 58 180
8948 37 135 180
8949 38 110 180
8950 39 20 180
8951 40 257 180
8952 41 218 180
8953 67 129 185
8954 66 43 185
8955 64 43 184
8956 63 59 185
8957 60 172 184
8958 61 2 184
8959 58 99 182
8960 56 55 183
8961 55 197 182
8962 54 241 182
8963 52 44 182
8964 51 190 182
8965 49 56 180
8966 48 207 181
8967 46 138 180
8968 45 46 180
8969 42 21 180
8970 44 46 180
8971 43 149 180
8972 0 175 181
8973 1 100 181
8974 2 198 181
8975 3 48 181
8976 4 144 181
8977 5 30 181
8978 6 93 181
8979 7 179 181
8980 8 151 181
8981 9 117 181
8982 10 18 181
8983 11 206 181
8984 12 204 181
8985 13 5 181
8986 14 104 181
8987 15 138 181
8988 16 178 181
8989 17 49 181
8990 18 172 181
8991 19 129 181
8992 20 136 181
8993 21 17 181
8994 22 256 181
8995 23 208 181
8996 24 131 181
8997 25 218 181
8998 26 134 181
8999 68 67 186
9000 67 220 186
9001 65 161 185
9002 64 161 185
9003 62 246 184
9004 60 51 185
9005 59 99 184
9006 58 230 183
9007 57 165 183
9008 55 22 183
9009 53 179 182
9010 52 73 183
9011 50 235 181
9012 49 69 181
9013 47 194 181
9014 46 217 181
9015 27 222 181
9016 45 160 181
9017 44 160 181
9018 42 244 181
9019 28 2 181
9020 43 256 181
9021 29 89 181
9022 39 25 181
9023 30 170 181
9024 38 121 181
9025 31 195 181
9026 35 7 181
9027 32 207 181
9028 36 155 181
9029 33 5 181
9030 34 16 181
9031 37 28 181
9032 40 84 181
9033 41 221 181
9034 0 45 182
9035 1 231 182
9036 2 31 182
9037 3 114 182
9038 4 220 182
9039 5 147 182
9040 6 123 182
9041 7 122 182
9042 8 50 182
9043 9 218 182
9044 69 153 187
9045 68 153 187
9046 66 157 186
9047 65 34 186
9048 63 246 186
9049 62 181 185
9050 61 28 185
9051 59 230 185
9052 56 80 184
9053 57 145 184
9054 54 42 183
9055 53 28 183
9056 51 235 183
9057 50 97 182
9058 48 83 182
9059 47 23 182
9060 10 30 182
9061 46 103 182
9062 45 122 182
9063 11 6 182
9064 42 94 182
9065 43 75 182
9066 12 104 182
9067 13 61 182
9068 14 118 182
9069 39 167 182
9070 38 135 182
9071 15 83 182
9072 16 217 182
9073 35 234 182
9074 17 259 182
9075 18 14 182
9076 19 5 182
9077 32 243 182
9078 31 61 182
9079 20 229 182
9080 21 79 182
9081 28 81 182
9082 27 191 182
9083 23 225 182
9084 24 48 182
9085 25 199 182
9086 26 34 182
9087 22 184 182
9088 70 110 188
9089 69 212 188
9090 67 106 187
9091 66 123 187
9092 64 123 186
9093 63 181 187
9094 60 110 186
9095 61 18 186
9096 58 63 184
9097 56 258 185
9098 55 221 184
9099 54 249 184
9100 52 28 184
9101 51 97 184
9102 49 203 182
9103 48 60 183
9104 0 133 183
9105 47 80 183
9106 46 141 183
9107 44 101 182
9108 1 148 183
9109 44 47 183
9110 42 144 183
9111 41 215 182
9112 2 50 183
9113 40 215 182
9114 39 32 183
9115 36 96 182
9116 3 24 183
9117 37 15 182
9118 35 30 183
9119 34 253 182
9120 4 1 183
9121 33 172 182
9122 32 182 183
9123 30 236 182
9124 5 11 183
9125 30 227 183
9126 29 53 182
9127 27 24 183
9128 6 121 183
9129 24 46 183
9130 25 109 183
9131 71 211 188
9132 70 51 189
9133 68 210 188
9134 67 140 188
9135 65 222 187
9136 64 222 187
9137 62 37 186
9138 60 32 187
9139 59 63 186
9140 58 242 185
9141 57 219 185
9142 55 14 185
9143 53 90 184
9144 52 166 185
9145 50 30 183
9146 49 20 183
9147 0 99 184
9148 48 243 184
9149 47 61 184
9150 45 54 183
9151 1 37 184
9152 45 72 184
9153 43 72 183
9154 42 215 184
9155 2 144 184
9156 41 16 183
9157 40 16 183
9158 38 77 183
9159 3 6 184
9160 38 15 184
9161 36 201 183
9162 37 243 183
9163 4 66 184
9164 34 91 183
9165 33 118 183
9166 31 27 183
9167 5 200 184
9168 31 36 184
9169 28 14 183
9170 29 67 183
9171 6 96 184
9172 27 255 184
9173 72 211 190
9174 71 105 189
9175 69 193 189
9176 68 193 189
9177 66 76 188
9178 65 189 188
9179 63 37 188
9180 62 163 187
9181 61 75 187
9182 59 242 187
9183 56 85 186
9184 57 126 186
9185 54 218 185
9186 53 233 185
9187 51 30 185
9188 50 253 184
9189 0 222 185
9190 49 81 184
9191 48 182 185
9192 46 209 184
9193 1 75 185
9194 46 191 185
9195 44 245 184
9196 43 239 184
9197 2 36 185
9198 42 16 185
9199 41 170 184
9200 39 178 184
9201 40 170 184
9202 3 71 185
9203 35 98 184
9204 36 196 184
9205 37 177 184
9206 4 21 185
9207 34 145 184
9208 32 59 184
9209 33 136 184
9210 5 198 185
9211 30 260 184
9212 28 177 184
9213 6 24 185
9214 73 158 190
9215 72 105 191
9216 70 70 190
9217 69 111 190
9218 67 187 189
9219 66 150 189
9220 64 150 188
9221 63 163 189
9222 60 235 188
9223 61 96 188
9224 58 64 186
9225 56 134 187
9226 55 45 186
9227 54 15 186
9228 52 233 186
9229 51 253 186
9230 0 187 186
9231 50 91 185
9232 49 236 185
9233 47 27 185
9234 1 216 186
9235 47 36 186
9236 45 6 185
9237 44 6 185
9238 2 9 186
9239 43 8 185
9240 42 170 186
9241 39 221 185
9242 41 31 185
9243 40 31 185
9244 38 67 185
9245 35 15 185
9246 3 59 186
9247 36 110 185
9248 37 144 185
9249 32 150 185
9250 34 127 185
9251 33 130 185
9252 31 3 185
9253 30 1 185
9254 74 158 192
9255 73 35 191
9256 71 206 190
9257 70 152 191
9258 68 38 190
9259 67 113 190
9260 65 213 189
9261 64 213 189
9262 62 167 188
9263 60 235 189
9264 59 64 188
9265 58 154 187
9266 57 188 187
9267 55 248 187
9268 53 129 186
9269 52 10 187
9270 0 244 187
9271 51 91 187
9272 50 145 186
9273 48 59 186
9274 49 9 186
9275 1 126 187
9276 46 257 186
9277 45 261 186
9278 2 68 187
9279 44 261 186
9280 43 85 186
9281 4 48 186
9282 3 222 187
9283 41 165 186
9284 39 49 186
9285 38 153 186
9286 40 12 186
9287 35 13 186
9288 36 51 186
9289 5 36 186
9290 37 202 186
9291 34 133 186
9292 32 65 186
9293 75 217 192
9294 74 35 193
9295 72 206 192
9296 71 19 191
9297 69 75 191
9298 68 75 191
9299 66 144 190
9300 65 192 190
9301 63 167 190
9302 62 32 189
9303 61 258 189
9304 59 154 189
9305 56 229 188
9306 57 56 188
9307 54 67 187
9308 53 220 187
9309 0 61 188
9310 52 172 188
9311 51 145 188
9312 48 217 187
9313 50 127 187
9314 49 260 187
9315 47 3 187
9316 46 2 187
9317 1 139 188
9318 45 176 187
9319 44 176 187
9320 42 58 187
9321 43 147 187
9322 3 40 188
9323 4 77 187
9324 39 159 187
9325 40 208 187
9326 38 212 187
9327 5 148 187
9328 35 34 187
9329 36 246 187
9330 37 71 187
9331 76 46 193
9332 75 103 193
9333 73 244 192
9334 72 19 193
9335 70 188 192
9336 69 238 192
9337 67 119 191
9338 66 215 191
9339 64 215 190
9340 63 32 191
9341 60 144 190
9342 61 254 190
9343 58 232 188
9344 56 171 189
9345 55 196 188
9346 54 153 188
9347 0 81 189
9348 53 102 188
9349 52 118 189
9350 2 137 188
9351 1 102 189
9352 50 133 188
9353 48 65 188
9354 47 262 188
9355 49 163 188
9356 46 87 188
9357 45 29 188
9358 42 177 188
9359 44 29 188
9360 43 214 188
9361 41 211 187
9362 4 54 188
9363 41 106 188
9364 39 210 188
9365 38 17 188
9366 5 68 188
9367 35 202 188
9368 77 160 194
9369 76 160 194
9370 74 244 194
9371 73 94 193
9372 71 155 192
9373 70 25 193
9374 68 72 192
9375 67 48 192
9376 65 16 191
9377 64 16 191
9378 62 178 190
9379 60 155 191
9380 59 232 190
9381 58 98 189
9382 57 18 189
9383 55 110 189
9384 0 86 190
9385 54 212 189
9386 53 229 189
9387 51 34 189
9388 1 157 190
9389 51 133 190
9390 2 59 189
9391 48 66 189
9392 49 175 189
9393 47 88 189
9394 46 234 189
9395 3 61 189
9396 45 78 189
9397 44 78 189
9398 42 211 189
9399 4 145 189
9400 43 43 189
9401 40 105 188
9402 39 193 189
9403 5 17 189
9404 78 183 195
9405 77 122 195
9406 75 162 194
9407 74 94 195
9408 72 155 194
9409 71 36 193
9410 69 239 193
9411 68 239 193
9412 66 259 192
9413 65 170 192
9414 63 178 192
9415 62 116 191
9416 61 248 191
9417 59 98 191
9418 56 11 190
9419 57 205 190
9420 58 16 190
9421 55 51 190
9422 54 17 190
9423 52 229 190
9424 53 99 190
9425 0 174 191
9426 50 33 189
9427 2 103 190
9428 50 44 190
9429 48 241 190
9430 47 146 190
9431 3 81 190
9432 46 185 190
9433 45 237 190
9434 4 210 190
9435 42 105 190
9436 43 53 190
9437 41 228 189
9438 40 228 189
9439 79 80 196
9440 78 202 196
9441 76 101 195
9442 75 209 195
9443 73 227 194
9444 72 36 195
9445 70 24 194
9446 69 8 194
9447 67 4 193
9448 66 89 193
9449 64 89 192
9450 63 116 193
9451 60 39 192
9452 61 54 192
9453 1 133 191
9454 56 181 191
9455 58 157 191
9456 57 89 191
9457 55 246 191
9458 52 77 191
9459 54 82 191
9460 53 230 191
9461 51 33 191
9462 2 223 191
9463 0 164 192
9464 49 168 190
9465 48 95 191
9466 3 86 191
9467 47 39 191
9468 46 26 191
9469 44 138 190
9470 4 157 191
9471 44 184 191
9472 42 228 191
9473 80 243 197
9474 79 61 197
9475 77 54 196
9476 76 54 196
9477 74 227 196
9478 73 12 195
9479 71 3 194
9480 70 255 195
9481 68 261 194
9482 67 174 194
9483 65 58 193
9484 64 58 193
9485 62 185 192
9486 60 179 193
9487 59 52 192
9488 1 44 192
9489 0 26 193
9490 56 221 192
9491 57 23 192
9492 2 55 192
9493 55 181 192
9494 54 148 192
9495 52 230 192
9496 51 252 192
9497 53 55 192
9498 50 179 191
9499 49 207 191
9500 3 153 192
9501 48 56 192
9502 47 250 192
9503 45 217 191
9504 4 105 192
9505 45 114 192
9506 81 182 198
9507 80 182 198
9508 78 236 197
9509 77 245 197
9510 75 127 196
9511 74 12 197
9512 72 3 196
9513 71 262 195
9514 69 176 195
9515 68 176 195
9516 66 117 194
9517 65 156 194
9518 63 185 194
9519 62 26 193
9520 61 109 193
9521 59 158 193
9522 0 138 194
9523 58 35 192
9524 56 1 193
9525 1 203 193
9526 57 78 193
9527 55 115 193
9528 2 131 193
9529 52 11 193
9530 53 84 193
9531 51 179 193
9532 50 28 192
9533 3 104 193
9534 49 194 192
9535 48 69 193
9536 46 46 192
9537 4 92 193
9538 82 91 198
9539 81 27 199
9540 79 27 198
9541 78 9 198
9542 76 136 197
9543 75 133 197
9544 73 1 196
9545 72 262 197
9546 70 87 196
9547 69 29 196
9548 67 146 195
9549 66 224 195
9550 64 224 194
9551 63 26 195
9552 60 54 194
9553 61 218 194
9554 62 90 194
9555 59 35 194
9556 58 76 193
9557 1 248 194
9558 56 166 194
9559 57 87 194
9560 54 100 193
9561 2 98 194
9562 54 221 194
9563 52 84 194
9564 51 28 194
9565 3 26 194
9566 50 166 193
9567 49 23 193
9568 47 240 193
9569 83 91 200
9570 82 145 199
9571 80 59 199
9572 79 254 199
9573 77 130 198
9574 76 130 198
9575 74 1 198
9576 73 175 197
9577 71 241 196
9578 70 234 197
9579 68 190 196
9580 67 39 196
9581 65 13 195
9582 64 13 195
9583 0 184 195
9584 60 3 195
9585 62 149 195
9586 61 12 195
9587 59 76 195
9588 1 62 195
9589 58 150 194
9590 56 209 195
9591 55 163 194
9592 2 156 195
9593 55 42 195
9594 53 7 194
9595 52 235 195
9596 3 138 195
9597 51 166 195
9598 50 120 194
9599 85 139 200
9600 83 145 201
9601 81 68 200
9602 80 68 200
9603 78 198 199
9604 77 132 199
9605 75 33 198
9606 74 175 199
9607 72 241 198
9608 71 95 197
9609 69 112 197
9610 68 112 197
9611 66 194 196
9612 65 171 196
9613 63 46 196
9614 0 109 196
9615 64 234 196
9616 60 196 196
9617 61 34 196
9618 1 147 196
9619 59 150 196
9620 58 213 195
9621 56 163 196
9622 57 71 195
9623 2 186 196
9624 54 128 195
9625 53 173 195
9626 3 166 196
9627 52 97 196
9628 84 82 201
9629 85 78 201
9630 82 34 200
9631 81 65 201
9632 79 65 200
9633 78 197 200
9634 76 230 199
9635 75 252 199
9636 73 168 198
9637 72 95 199
9638 70 151 198
9639 69 138 198
9640 67 69 197
9641 66 23 197
9642 0 159 197
9643 63 160 197
9644 64 206 197
9645 62 122 196
9646 60 18 197
9647 1 234 197
9648 61 76 197
9649 59 213 197
9650 57 44 196
9651 58 192 196
9652 2 252 197
9653 55 135 196
9654 54 45 196
9655 3 173 197
9656 86 212 202
9657 84 2 202
9658 83 34 202
9659 82 164 201
9660 80 181 201
9661 79 66 201
9662 77 11 200
9663 76 11 200
9664 74 168 200
9665 73 207 199
9666 71 249 198
9667 70 125 199
9668 68 97 198
9669 67 240 198
9670 65 80 197
9671 0 89 198
9672 65 19 198
9673 63 122 198
9674 62 47 197
9675 1 190 198
9676 60 167 198
9677 61 125 198
9678 56 30 197
9679 2 249 198
9680 58 199 197
9681 57 122 197
9682 55 218 197
9683 87 212 204
9684 86 17 203
9685 85 150 202
9686 83 164 203
9687 81 115 202
9688 80 115 202
9689 78 126 201
9690 77 84 201
9691 75 21 200
9692 74 207 201
9693 72 249 200
9694 71 180 199
9695 69 143 199
9696 68 143 199
9697 66 243 198
9698 0 88 199
9699 66 61 199
9700 64 61 198
9701 63 47 199
9702 1 179 199
9703 62 72 198
9704 60 91 199
9705 59 215 198
9706 2 128 199
9707 59 199 199
9708 56 145 198
9709 89 36 204
9710 87 17 205
9711 84 51 203
9712 85 61 203
9713 82 189 202
9714 81 137 203
9715 79 137 202
9716 78 221 202
9717 76 242 201
9718 75 256 201
9719 73 83 200
9720 72 180 201
9721 70 120 200
9722 69 40 200
9723 67 20 199
9724 0 22 200
9725 67 202 200
9726 65 155 199
9727 64 155 199
9728 1 242 200
9729 63 72 200
9730 62 239 199
9731 61 64 199
9732 2 32 200
9733 60 43 200
9734 88 203 205
9735 89 216 205
9736 86 111 204
9737 84 1 204
9738 83 189 204
9739 82 200 203
9740 80 163 203
9741 79 42 203
9742 77 7 202
9743 76 7 202
9744 74 83 202
9745 73 60 201
9746 71 15 200
9747 70 223 201
9748 68 253 200
9749 0 137 201
9750 68 162 201
9751 66 27 200
9752 65 36 200
9753 1 192 201
9754 64 36 200
9755 63 239 201
9756 61 121 200
9757 62 8 200
9758 90 228 206
9759 88 145 206
9760 87 111 206
9761 86 226 205
9762 85 202 204
9763 83 200 205
9764 81 121 204
9765 80 121 204
9766 78 128 203
9767 77 173 203
9768 75 109 202
9769 74 60 203
9770 72 15 202
9771 71 258 201
9772 69 91 201
9773 0 100 202
9774 69 209 202
9775 67 236 201
9776 66 254 201
9777 1 48 202
9778 65 251 201
9779 64 251 201
9780 2 2 201
9781 91 35 207
9782 90 187 207
9783 89 150 206
9784 87 226 207
9785 84 42 205
9786 85 83 205
9787 82 192 204
9788 81 135 205
9789 79 135 204
9790 78 45 204
9791 76 154 203
9792 75 139 203
9793 73 5 202
9794 72 258 203
9795 70 172 202
9796 71 177 202
9797 0 65 203
9798 68 145 202
9799 67 9 202
9800 1 12 203
9801 66 3 202
9802 65 4 202
9803 92 114 208
9804 91 76 208
9805 88 225 207
9806 89 119 207
9807 86 238 206
9808 84 61 206
9809 83 192 206
9810 82 199 205
9811 80 32 205
9812 79 218 205
9813 77 124 204
9814 76 124 204
9815 74 5 204
9816 73 86 203
9817 70 187 203
9818 0 72 204
9819 71 204 203
9820 69 127 203
9821 68 127 203
9822 1 3 204
9823 67 260 203
9824 93 141 208
9825 92 225 209
9826 90 169 208
9827 88 226 208
9828 87 238 208
9829 86 96 207
9830 85 192 206
9831 83 199 207
9832 81 77 206
9833 80 77 206
9834 78 201 205
9835 77 134 205
9836 75 165 204
9837 74 86 205
9838 72 153 204
9839 73 59 204
9840 0 114 205
9841 70 136 204
9842 69 133 204
9843 71 13 204
9844 94 122 209
9845 93 216 209
9846 91 94 209
9847 90 119 209
9848 89 72 208
9849 87 96 209
9850 84 2 207
9851 85 207 207
9852 82 170 206
9853 81 62 207
9854 79 62 206
9855 78 196 206
9856 76 98 205
9857 75 208 205
9858 72 75 205
9859 0 136 206
9860 73 68 205
9861 1 85 205
9862 70 130 205
9863 95 122 211
9864 94 47 210
9865 92 216 210
9866 91 144 210
9867 88 48 209
9868 89 227 209
9869 86 8 208
9870 84 137 208
9871 83 170 208
9872 82 31 207
9873 80 116 207
9874 79 67 207
9875 77 55 206
9876 76 55 206
9877 74 51 206
9878 75 106 206
9879 0 224 207
9880 72 17 206
9881 96 202 212
9882 95 47 212
9883 93 18 210
9884 92 191 211
9885 90 251 210
9886 88 77 210
9887 87 8 210
9888 86 85 209
9889 85 143 208
9890 83 31 209
9891 81 49 208
9892 80 49 208
9893 78 104 207
9894 77 157 207
9895 74 89 207
9896 76 157 207
9897 75 140 207
9898 97 155 212
9899 96 108 213
9900 94 245 211
9901 93 257 211
9902 91 12 211
9903 90 4 211
9904 89 170 210
9905 87 85 211
9906 84 50 209
9907 85 69 209
9908 82 156 208
9909 81 159 209
9910 79 159 208
9911 78 53 208
9912 0 35 208
9913 77 123 208
9914 98 27 213
9915 97 36 213
9916 95 245 213
9917 94 6 212
9918 92 257 212
9919 91 259 212
9920 88 131 211
9921 89 119 211
9922 86 29 210
9923 84 186 210
9924 83 156 210
9925 82 211 209
9926 80 26 209
9927 79 210 209
9928 0 206 209
9929 99 118 214
9930 98 254 214
9931 96 9 214
9932 95 6 214
9933 93 131 212
9934 92 2 213
9935 90 88 212
9936 88 217 212
9937 87 29 212
9938 86 78 211
9939 85 26 210
9940 83 211 211
9941 81 79 210
9942 80 79 210
9943 100 145 215
9944 99 136 215
9945 97 3 214
9946 96 260 215
9947 94 132 213
9948 93 44 213
9949 91 175 213
9950 90 146 213
9951 89 122 212
9952 87 78 213
9953 84 207 211
9954 85 217 211
9955 82 171 210
9956 101 127 216
9957 100 127 216
9958 98 65 215
9959 97 262 215
9960 95 132 215
9961 94 219 214
9962 92 44 214
9963 91 117 214
9964 88 9 213
9965 89 103 213
9966 86 138 212
9967 84 250 212
9968 102 34 217
9969 101 133 217
9970 99 99 216
9971 98 66 216
9972 96 197 216
9973 95 219 216
9974 93 179 214
9975 92 73 215
9976 90 56 214
9977 88 88 214
9978 87 138 214
9979 103 17 217
9980 102 164 218
9981 100 164 217
9982 99 230 217
9983 97 241 216
9984 96 22 217
9985 94 84 215
9986 93 28 215
9987 91 207 215
9988 90 69 215
9989 104 17 219
9990 103 82 218
9991 101 33 218
9992 100 33 218
9993 98 137 217
9994 97 95 217
9995 95 84 217
9996 94 235 216
9997 92 28 216
9998 105 82 220
9999 104 82 220
10000 102 189 219
10001 101 252 219
10002 99 63 218
10003 98 42 218
10004 96 221 218
10005 95 235 218
10006 106 41 220
10007 105 148 221
10008 103 226 219
10009 102 200 220
10010 100 200 219
10011 99 242 219
10012 97 249 218
10013 107 187 221
10014 106 74 221
10015 104 226 221
10016 103 100 220
10017 101 21 220
10018 100 21 220
10019 108 187 223
10020 107 113 222
10021 105 100 222
10022 104 100 222
10023 102 192 221
10024 109 150 223
10025 108 113 224
10026 106 50 222
10027 105 142 223
10028 110 188 224
10029 109 213 224
10030 107 119 223
10031 111 216 225
10032 110 25 225
10033 112 47 226
10034 7 88 183
10035 8 87 183
10036 9 166 183
10037 10 145 183
10038 11 163 183
10039 12 224 183
10040 13 65 183
10041 14 67 183
10042 15 255 183
10043 16 77 183
10044 17 38 183
10045 18 49 183
10046 19 163 183
10047 20 25 183
10048 21 201 183
10049 22 171 183
10050 23 107 183
10051 26 134 183
10052 7 207 184
10053 8 53 184
10054 9 36 184
10055 10 244 184
10056 11 151 184
10057 12 191 184
10058 13 127 184
10059 14 71 184
10060 15 20 184
10061 16 220 184
10062 17 49 184
10063 18 198 184
10064 19 22 184
10065 20 186 184
10066 21 77 184
10067 22 134 184
10068 23 144 184
10069 24 38 184
10070 25 144 184
10071 26 113 184
10072 29 170 184
10073 7 167 185
10074 25 55 185
10075 26 51 185
10076 28 90 185
10077 29 27 185
10078 6 50 186
10079 7 176 186
10080 28 78 186
10081 29 217 186
10082 31 133 186
10083 33 134 186
10084 6 207 187
10085 7 5 187
10086 31 47 187
10087 32 96 187
10088 33 95 187
10089 8 88 185
10090 9 87 185
10091 10 166 185
10092 11 145 185
10093 12 163 185
10094 13 224 185
10095 14 65 185
10096 15 67 185
10097 16 255 185
10098 17 77 185
10099 18 38 185
10100 19 49 185
10101 20 163 185
10102 21 25 185
10103 22 201 185
10104 23 171 185
10105 24 107 185
10106 27 134 185
10107 8 207 186
10108 9 53 186
10109 10 36 186
10110 11 244 186
10111 12 151 186
10112 13 191 186
10113 14 127 186
10114 15 71 186
10115 16 20 186
10116 17 220 186
10117 18 49 186
10118 19 198 186
10119 20 22 186
10120 21 186 186
10121 22 77 186
10122 23 134 186
10123 24 144 186
10124 25 38 186
10125 26 144 186
10126 27 113 186
10127 30 170 186
10128 8 167 187
10129 26 55 187
10130 27 51 187
10131 29 90 187
10132 30 27 187
10133 34 246 187
10134 6 165 188
10135 7 106 188
10136 8 102 188
10137 29 61 188
10138 30 38 188
10139 32 174 188
10140 33 17 188
10141 34 21 188
10142 36 113 188
10143 9 88 187
10144 10 87 187
10145 11 166 187
10146 12 145 187
10147 13 163 187
10148 14 224 187
10149 15 65 187
10150 16 67 187
10151 17 255 187
10152 18 77 187
10153 19 38 187
10154 20 49 187
10155 21 163 187
10156 22 25 187
10157 23 201 187
10158 24 171 187
10159 25 107 187
10160 28 134 187
10161 9 207 188
10162 10 53 188
10163 11 36 188
10164 12 244 188
10165 13 151 188
10166 14 191 188
10167 15 127 188
10168 16 71 188
10169 17 20 188
10170 18 220 188
10171 19 49 188
10172 20 198 188
10173 21 22 188
10174 22 186 188
10175 23 77 188
10176 24 134 188
10177 25 144 188
10178 26 38 188
10179 27 144 188
10180 28 113 188
10181 31 170 188
10182 37 219 188
10183 6 220 189
10184 7 138 189
10185 8 26 189
10186 9 16 189
10187 27 76 189
10188 28 25 189
10189 30 61 189
10190 31 193 189
10191 32 202 189
10192 33 208 189
10193 34 107 189
10194 35 197 189
10195 36 157 189
10196 10 88 189
10197 11 87 189
10198 12 166 189
10199 13 145 189
10200 14 163 189
10201 15 224 189
10202 16 65 189
10203 17 67 189
10204 18 255 189
10205 19 77 189
10206 20 38 189
10207 21 49 189
10208 22 163 189
10209 23 25 189
10210 24 201 189
10211 25 171 189
10212 26 107 189
10213 29 134 189
10214 37 41 189
10215 38 214 189
10216 5 53 190
10217 6 35 190
10218 7 144 190
10219 8 227 190
10220 9 93 190
10221 10 198 190
10222 11 191 190
10223 12 239 190
10224 13 208 190
10225 14 145 190
10226 15 108 190
10227 16 164 190
10228 17 255 190
10229 18 186 190
10230 19 229 190
10231 20 211 190
10232 21 78 190
10233 22 81 190
10234 23 240 190
10235 24 135 190
10236 25 86 190
10237 26 144 190
10238 27 183 190
10239 28 88 190
10240 29 128 190
10241 30 111 190
10242 31 54 190
10243 32 226 190
10244 33 105 190
10245 34 38 190
10246 35 114 190
10247 36 152 190
10248 37 31 190
10249 38 233 190
10250 39 8 190
10251 40 157 190
10252 41 114 190
10253 5 35 191
10254 6 2 191
10255 7 135 191
10256 8 170 191
10257 9 232 191
10258 10 190 191
10259 11 63 191
10260 12 212 191
10261 13 65 191
10262 14 152 191
10263 15 96 191
10264 16 229 191
10265 17 96 191
10266 18 28 191
10267 19 234 191
10268 20 180 191
10269 21 262 191
10270 22 41 191
10271 23 53 191
10272 24 83 191
10273 25 139 191
10274 26 35 191
10275 27 152 191
10276 28 140 191
10277 29 54 191
10278 30 242 191
10279 31 189 191
10280 32 175 191
10281 33 98 191
10282 34 186 191
10283 35 248 191
10284 36 51 191
10285 37 202 191
10286 38 16 191
10287 39 65 191
10288 40 195 191
10289 41 60 191
10290 43 141 191
10291 5 247 192
10292 6 252 192
10293 7 250 192
10294 8 133 192
10295 9 116 192
10296 10 193 192
10297 11 6 192
10298 12 102 192
10299 13 89 192
10300 14 13 192
10301 15 167 192
10302 16 2 192
10303 17 79 192
10304 18 259 192
10305 19 107 192
10306 20 208 192
10307 21 249 192
10308 22 84 192
10309 23 168 192
10310 24 241 192
10311 25 174 192
10312 26 194 192
10313 27 77 192
10314 28 259 192
10315 29 205 192
10316 30 67 192
10317 31 181 192
10318 32 252 192
10319 33 2 192
10320 34 146 192
10321 35 131 192
10322 36 173 192
10323 37 94 192
10324 38 9 192
10325 39 261 192
10326 40 99 192
10327 41 164 192
10328 42 129 192
10329 43 231 192
10330 44 59 192
10331 5 236 193
10332 6 58 193
10333 7 190 193
10334 8 210 193
10335 9 22 193
10336 10 33 193
10337 11 235 193
10338 12 45 193
10339 13 13 193
10340 14 161 193
10341 15 238 193
10342 16 236 193
10343 17 236 193
10344 18 88 193
10345 19 20 193
10346 20 219 193
10347 21 18 193
10348 22 69 193
10349 23 192 193
10350 24 230 193
10351 25 202 193
10352 26 255 193
10353 27 257 193
10354 28 118 193
10355 29 177 193
10356 30 120 193
10357 31 34 193
10358 32 148 193
10359 33 248 193
10360 34 25 193
10361 35 59 193
10362 36 245 193
10363 37 174 193
10364 38 173 193
10365 39 19 193
10366 40 94 193
10367 41 70 193
10368 42 19 193
10369 43 198 193
10370 44 247 193
10371 45 195 193
10372 46 141 193
10373 4 139 194
10374 5 61 194
10375 6 208 194
10376 7 40 194
10377 8 230 194
10378 9 170 194
10379 10 44 194
10380 11 99 194
10381 12 41 194
10382 13 28 194
10383 14 229 194
10384 15 13 194
10385 16 255 194
10386 17 240 194
10387 18 190 194
10388 19 183 194
10389 20 135 194
10390 21 24 194
10391 22 96 194
10392 23 231 194
10393 24 52 194
10394 25 248 194
10395 26 219 194
10396 27 203 194
10397 28 41 194
10398 29 229 194
10399 30 257 194
10400 31 19 194
10401 32 99 194
10402 33 10 194
10403 34 188 194
10404 35 164 194
10405 36 151 194
10406 37 53 194
10407 38 220 194
10408 39 80 194
10409 40 101 194
10410 41 205 194
10411 42 56 194
10412 43 213 194
10413 44 226 194
10414 45 111 194
10415 46 205 194
10416 47 176 194
10417 48 83 194
10418 49 253 194
10419 4 257 195
10420 5 1 195
10421 6 132 195
10422 7 170 195
10423 8 212 195
10424 9 132 195
10425 10 142 195
10426 11 164 195
10427 12 129 195
10428 13 205 195
10429 14 146 195
10430 15 250 195
10431 16 136 195
10432 17 139 195
10433 18 8 195
10434 19 141 195
10435 20 255 195
10436 21 253 195
10437 22 18 195
10438 23 92 195
10439 24 34 195
10440 25 115 195
10441 26 59 195
10442 27 91 195
10443 28 89 195
10444 29 250 195
10445 30 71 195
10446 31 77 195
10447 32 131 195
10448 33 124 195
10449 34 201 195
10450 35 240 195
10451 36 70 195
10452 37 122 195
10453 38 39 195
10454 39 140 195
10455 40 183 195
10456 41 198 195
10457 42 209 195
10458 43 111 195
10459 44 115 195
10460 45 28 195
10461 46 131 195
10462 47 30 195
10463 48 10 195
10464 49 9 195
10465 50 80 195
10466 4 138 196
10467 5 1 196
10468 7 91 196
10469 6 186 196
10470 8 4 196
10471 9 251 196
10472 10 96 196
10473 11 65 196
10474 12 57 196
10475 13 209 196
10476 14 139 196
10477 15 177 196
10478 16 56 196
10479 17 70 196
10480 18 235 196
10481 19 37 196
10482 20 178 196
10483 21 190 196
10484 22 147 196
10485 23 25 196
10486 24 73 196
10487 25 111 196
10488 26 71 196
10489 27 9 196
10490 28 18 196
10491 29 102 196
10492 30 257 196
10493 31 198 196
10494 32 14 196
10495 33 115 196
10496 34 225 196
10497 35 251 196
10498 36 68 196
10499 37 101 196
10500 38 80 196
10501 39 228 196
10502 40 1 196
10503 41 216 196
10504 42 90 196
10505 43 201 196
10506 44 154 196
10507 45 89 196
10508 46 198 196
10509 47 142 196
10510 48 191 196
10511 49 207 196
10512 50 225 196
10513 51 6 196
10514 53 115 196
10515 4 158 197
10516 5 63 197
10517 6 166 197
10518 7 107 197
10519 8 144 197
10520 9 81 197
10521 10 9 197
10522 11 237 197
10523 12 222 197
10524 13 216 197
10525 14 206 197
10526 15 159 197
10527 16 103 197
10528 17 68 197
10529 18 44 197
10530 19 181 197
10531 20 78 197
10532 21 82 197
10533 22 71 197
10534 23 2 197
10535 24 13 197
10536 25 109 197
10537 26 257 197
10538 27 256 197
10539 28 190 197
10540 29 191 197
10541 30 165 197
10542 31 38 197
10543 32 10 197
10544 33 22 197
10545 34 20 197
10546 35 212 197
10547 36 226 197
10548 37 218 197
10549 38 202 197
10550 39 61 197
10551 40 22 197
10552 41 195 197
10553 42 261 197
10554 43 10 197
10555 44 22 197
10556 45 80 197
10557 46 219 197
10558 47 134 197
10559 48 188 197
10560 49 9 197
10561 50 162 197
10562 51 82 197
10563 52 262 197
10564 53 52 197
10565 54 10 197
10566 3 92 198
10567 4 53 198
10568 5 58 198
10569 6 162 198
10570 7 73 198
10571 8 201 198
10572 9 65 198
10573 10 6 198
10574 11 115 198
10575 12 53 198
10576 13 233 198
10577 14 122 198
10578 15 198 198
10579 16 52 198
10580 17 232 198
10581 18 206 198
10582 19 167 198
10583 20 262 198
10584 21 200 198
10585 22 19 198
10586 23 40 198
10587 24 96 198
10588 25 66 198
10589 26 71 198
10590 27 224 198
10591 28 73 198
10592 29 3 198
10593 30 193 198
10594 31 108 198
10595 32 208 198
10596 33 25 198
10597 34 112 198
10598 35 71 198
10599 36 64 198
10600 37 159 198
10601 38 222 198
10602 39 104 198
10603 40 100 198
10604 41 104 198
10605 42 58 198
10606 43 66 198
10607 44 124 198
10608 45 245 198
10609 46 181 198
10610 47 1 198
10611 48 47 198
10612 49 199 198
10613 50 12 198
10614 51 71 198
10615 52 103 198
10616 53 247 198
10617 54 94 198
10618 55 244 198
10619 57 76 198
10620 58 169 198
10621 3 233 199
10622 4 63 199
10623 5 119 199
10624 6 183 199
10625 7 162 199
10626 8 203 199
10627 9 83 199
10628 10 191 199
10629 11 253 199
10630 12 140 199
10631 13 98 199
10632 14 251 199
10633 15 222 199
10634 16 93 199
10635 17 169 199
10636 18 85 199
10637 19 178 199
10638 20 39 199
10639 21 258 199
10640 22 23 199
10641 23 97 199
10642 24 74 199
10643 25 7 199
10644 26 1 199
10645 27 17 199
10646 28 119 199
10647 29 249 199
10648 30 24 199
10649 31 258 199
10650 32 22 199
10651 33 109 199
10652 34 58 199
10653 35 29 199
10654 36 155 199
10655 37 84 199
10656 38 210 199
10657 39 257 199
10658 40 200 199
10659 41 178 199
10660 42 80 199
10661 43 22 199
10662 44 101 199
10663 45 106 199
10664 46 146 199
10665 47 58 199
10666 48 236 199
10667 49 122 199
10668 50 187 199
10669 51 9 199
10670 52 109 199
10671 53 117 199
10672 54 115 199
10673 55 25 199
10674 56 54 199
10675 57 113 199
10676 58 8 199
10677 3 239 200
10678 4 143 200
10679 5 86 200
10680 6 15 200
10681 7 174 200
10682 8 125 200
10683 9 189 200
10684 10 203 200
10685 11 42 200
10686 12 213 200
10687 13 2 200
10688 14 143 200
10689 15 10 200
10690 16 235 200
10691 17 237 200
10692 18 20 200
10693 19 102 200
10694 20 250 200
10695 21 82 200
10696 22 233 200
10697 23 86 200
10698 24 88 200
10699 25 110 200
10700 26 186 200
10701 27 174 200
10702 28 126 200
10703 29 109 200
10704 30 256 200
10705 31 92 200
10706 32 176 200
10707 33 112 200
10708 34 20 200
10709 35 83 200
10710 36 259 200
10711 37 255 200
10712 38 145 200
10713 39 19 200
10714 40 81 200
10715 41 253 200
10716 42 210 200
10717 43 88 200
10718 44 59 200
10719 45 108 200
10720 46 119 200
10721 47 229 200
10722 48 233 200
10723 49 128 200
10724 50 208 200
10725 51 181 200
10726 52 70 200
10727 53 45 200
10728 54 116 200
10729 55 140 200
10730 56 238 200
10731 57 153 200
10732 58 137 200
10733 59 142 200
10734 3 194 201
10735 4 93 201
10736 5 177 201
10737 6 167 201
10738 7 193 201
10739 8 248 201
10740 9 27 201
10741 10 85 201
10742 11 83 201
10743 12 18 201
10744 13 108 201
10745 14 54 201
10746 15 222 201
10747 16 195 201
10748 17 137 201
10749 18 11 201
10750 19 132 201
10751 20 7 201
10752 21 8 201
10753 22 113 201
10754 23 46 201
10755 24 4 201
10756 25 101 201
10757 26 68 201
10758 27 211 201
10759 28 166 201
10760 29 126 201
10761 30 208 201
10762 31 93 201
10763 32 123 201
10764 33 192 201
10765 34 251 201
10766 35 225 201
10767 36 195 201
10768 37 59 201
10769 38 216 201
10770 39 233 201
10771 40 28 201
10772 41 63 201
10773 42 133 201
10774 43 239 201
10775 44 192 201
10776 45 133 201
10777 46 72 201
10778 47 245 201
10779 48 221 201
10780 49 232 201
10781 50 78 201
10782 51 175 201
10783 52 49 201
10784 53 180 201
10785 54 261 201
10786 55 205 201
10787 56 90 201
10788 57 150 201
10789 58 22 201
10790 59 255 201
10791 60 233 201
10792 61 68 201
10793 62 143 201
10794 2 203 202
10795 3 216 202
10796 4 46 202
10797 5 134 202
10798 6 258 202
10799 7 165 202
10800 8 211 202
10801 9 1 202
10802 10 106 202
10803 11 80 202
10804 12 215 202
10805 13 16 202
10806 14 46 202
10807 15 204 202
10808 16 92 202
10809 17 252 202
10810 18 233 202
10811 19 108 202
10812 20 153 202
10813 21 233 202
10814 22 253 202
10815 23 186 202
10816 24 167 202
10817 25 58 202
10818 26 205 202
10819 27 27 202
10820 28 176 202
10821 29 187 202
10822 30 159 202
10823 31 233 202
10824 32 192 202
10825 33 106 202
10826 34 55 202
10827 35 112 202
10828 36 99 202
10829 37 231 202
10830 38 28 202
10831 39 97 202
10832 40 235 202
10833 41 249 202
10834 42 64 202
10835 43 32 202
10836 44 141 202
10837 45 4 202
10838 46 109 202
10839 47 123 202
10840 48 84 202
10841 49 33 202
10842 50 46 202
10843 51 34 202
10844 52 174 202
10845 53 202 202
10846 54 142 202
10847 55 86 202
10848 56 256 202
10849 57 147 202
10850 58 148 202
10851 59 172 202
10852 60 74 202
10853 61 104 202
10854 62 29 202
10855 63 169 202
10856 64 209 202
10857 2 14 203
10858 3 126 203
10859 4 102 203
10860 5 181 203
10861 6 153 203
10862 7 141 203
10863 8 166 203
10864 9 214 203
10865 10 239 203
10866 11 93 203
10867 12 32 203
10868 13 173 203
10869 14 47 203
10870 15 20 203
10871 16 114 203
10872 17 254 203
10873 18 44 203
10874 19 152 203
10875 20 4 203
10876 21 124 203
10877 22 203 203
10878 23 226 203
10879 24 94 203
10880 25 132 203
10881 26 252 203
10882 27 58 203
10883 28 125 203
10884 29 35 203
10885 30 36 203
10886 31 115 203
10887 32 161 203
10888 33 224 203
10889 34 184 203
10890 35 21 203
10891 36 185 203
10892 37 199 203
10893 38 17 203
10894 39 132 203
10895 40 183 203
10896 41 95 203
10897 42 34 203
10898 43 203 203
10899 44 92 203
10900 45 79 203
10901 46 1 203
10902 47 177 203
10903 48 124 203
10904 49 116 203
10905 50 137 203
10906 51 45 203
10907 52 259 203
10908 53 9 203
10909 54 86 203
10910 55 120 203
10911 56 146 203
10912 57 259 203
10913 58 109 203
10914 59 9 203
10915 60 72 203
10916 61 25 203
10917 62 253 203
10918 63 253 203
10919 64 185 203
10920 65 227 203
10921 66 228 203
10922 2 37 204
10923 3 98 204
10924 4 26 204
10925 5 179 204
10926 6 48 204
10927 7 192 204
10928 8 157 204
10929 9 50 204
10930 10 247 204
10931 11 234 204
10932 12 226 204
10933 13 199 204
10934 14 27 204
10935 15 255 204
10936 16 151 204
10937 17 231 204
10938 18 161 204
10939 19 207 204
10940 20 136 204
10941 21 220 204
10942 22 261 204
10943 23 232 204
10944 24 197 204
10945 25 171 204
10946 26 23 204
10947 27 81 204
10948 28 150 204
10949 29 14 204
10950 30 112 204
10951 31 42 204
10952 32 85 204
10953 33 86 204
10954 34 198 204
10955 35 243 204
10956 36 79 204
10957 37 79 204
10958 38 241 204
10959 39 157 204
10960 40 94 204
10961 41 123 204
10962 42 231 204
10963 43 114 204
10964 44 2 204
10965 45 99 204
10966 46 148 204
10967 47 177 204
10968 48 107 204
10969 49 220 204
10970 50 200 204
10971 51 192 204
10972 52 9 204
10973 53 52 204
10974 54 171 204
10975 55 244 204
10976 56 221 204
10977 57 78 204
10978 58 20 204
10979 59 198 204
10980 60 139 204
10981 61 78 204
10982 62 83 204
10983 63 43 204
10984 64 92 204
10985 66 244 204
10986 65 232 204
10987 67 114 204
10988 68 90 204
10989 2 109 205
10990 3 91 205
10991 4 75 205
10992 5 256 205
10993 6 249 205
10994 7 175 205
10995 8 84 205
10996 9 165 205
10997 10 158 205
10998 11 37 205
10999 12 141 205
11000 13 196 205
11001 14 250 205
11002 15 50 205
11003 16 214 205
11004 17 241 205
11005 18 150 205
11006 19 119 205
11007 20 233 205
11008 21 165 205
11009 22 4 205
11010 23 140 205
11011 24 187 205
11012 25 127 205
11013 26 17 205
11014 27 223 205
11015 28 168 205
11016 29 43 205
11017 30 123 205
11018 31 32 205
11019 32 89 205
11020 33 45 205
11021 34 185 205
11022 35 128 205
11023 36 43 205
11024 37 43 205
11025 38 250 205
11026 39 154 205
11027 40 181 205
11028 41 100 205
11029 42 252 205
11030 43 181 205
11031 44 236 205
11032 45 100 205
11033 46 75 205
11034 47 232 205
11035 48 254 205
11036 49 218 205
11037 50 101 205
11038 51 92 205
11039 52 228 205
11040 53 102 205
11041 54 133 205
11042 55 253 205
11043 56 109 205
11044 57 252 205
11045 58 50 205
11046 59 107 205
11047 60 85 205
11048 61 25 205
11049 62 146 205
11050 63 87 205
11051 64 78 205
11052 65 42 205
11053 66 42 205
11054 67 6 205
11055 68 55 205
11056 69 79 205
11057 71 1 205
11058 1 237 206
11059 2 120 206
11060 3 226 206
11061 4 135 206
11062 5 233 206
11063 6 122 206
11064 7 162 206
11065 8 118 206
11066 9 227 206
11067 10 249 206
11068 11 20 206
11069 12 6 206
11070 13 143 206
11071 14 209 206
11072 15 16 206
11073 16 24 206
11074 17 5 206
11075 18 186 206
11076 19 197 206
11077 20 70 206
11078 21 190 206
11079 22 95 206
11080 23 4 206
11081 24 187 206
11082 25 131 206
11083 26 256 206
11084 27 25 206
11085 28 10 206
11086 29 50 206
11087 30 163 206
11088 31 53 206
11089 32 60 206
11090 33 223 206
11091 34 177 206
11092 35 69 206
11093 36 130 206
11094 37 33 206
11095 38 54 206
11096 39 229 206
11097 40 76 206
11098 41 88 206
11099 42 138 206
11100 43 11 206
11101 44 124 206
11102 45 56 206
11103 46 109 206
11104 47 80 206
11105 49 50 206
11106 48 60 206
11107 50 136 206
11108 51 253 206
11109 52 81 206
11110 53 198 206
11111 54 206 206
11112 55 136 206
11113 56 45 206
11114 57 142 206
11115 58 104 206
11116 59 157 206
11117 60 223 206
11118 61 61 206
11119 62 11 206
11120 63 208 206
11121 64 61 206
11122 65 102 206
11123 66 173 206
11124 67 76 206
11125 68 243 206
11126 69 61 206
11127 70 57 206
11128 71 173 206
11129 73 176 206
11130 1 94 207
11131 2 30 207
11132 3 4 207
11133 4 181 207
11134 5 157 207
11135 6 12 207
11136 7 113 207
11137 8 99 207
11138 9 3 207
11139 10 35 207
11140 11 4 207
11141 12 127 207
11142 13 74 207
11143 14 101 207
11144 15 260 207
11145 16 32 207
11146 18 189 207
11147 17 84 207
11148 19 99 207
11149 20 236 207
11150 21 24 207
11151 22 138 207
11152 23 92 207
11153 24 233 207
11154 25 120 207
11155 26 57 207
11156 27 15 207
11157 28 185 207
11158 29 159 207
11159 30 249 207
11160 31 100 207
11161 32 142 207
11162 33 98 207
11163 34 89 207
11164 35 184 207
11165 36 19 207
11166 37 160 207
11167 38 139 207
11168 39 255 207
11169 40 1 207
11170 41 205 207
11171 42 57 207
11172 43 175 207
11173 44 192 207
11174 45 110 207
11175 46 83 207
11176 47 164 207
11177 48 88 207
11178 49 3 207
11179 50 95 207
11180 51 259 207
11181 52 128 207
11182 53 106 207
11183 54 87 207
11184 55 18 207
11185 56 142 207
11186 57 217 207
11187 58 260 207
11188 59 150 207
11189 60 259 207
11190 61 157 207
11191 62 259 207
11192 63 137 207
11193 64 188 207
11194 65 231 207
11195 66 95 207
11196 67 243 207
11197 68 50 207
11198 69 242 207
11199 70 63 207
11200 71 51 207
11201 72 112 207
11202 73 87 207
11203 1 20 208
11204 2 222 208
11205 3 25 208
11206 4 248 208
11207 5 248 208
11208 6 199 208
11209 7 115 208
11210 8 53 208
11211 9 139 208
11212 10 248 208
11213 11 54 208
11214 12 172 208
11215 13 5 208
11216 14 241 208
11217 15 210 208
11218 16 248 208
11219 17 63 208
11220 18 90 208
11221 19 178 208
11222 20 47 208
11223 21 27 208
11224 22 252 208
11225 23 181 208
11226 24 68 208
11227 25 211 208
11228 26 59 208
11229 27 204 208
11230 28 235 208
11231 29 247 208
11232 30 159 208
11233 31 4 208
11234 32 246 208
11235 33 155 208
11236 34 67 208
11237 35 205 208
11238 36 84 208
11239 37 191 208
11240 38 206 208
11241 39 84 208
11242 40 182 208
11243 41 122 208
11244 42 156 208
11245 43 2 208
11246 44 18 208
11247 45 13 208
11248 46 174 208
11249 47 153 208
11250 48 28 208
11251 49 128 208
11252 50 90 208
11253 51 201 208
11254 52 229 208
11255 53 75 208
11256 54 63 208
11257 55 79 208
11258 56 32 208
11259 57 38 208
11260 58 262 208
11261 59 222 208
11262 60 80 208
11263 61 64 208
11264 62 219 208
11265 63 213 208
11266 64 61 208
11267 65 71 208
11268 66 209 208
11269 67 141 208
11270 68 98 208
11271 69 207 208
11272 70 30 208
11273 71 247 208
11274 72 87 208
11275 73 197 208
11276 74 154 208
11277 75 41 208
11278 76 120 208
11279 1 200 209
11280 2 153 209
11281 3 160 209
11282 4 231 209
11283 5 251 209
11284 6 111 209
11285 7 248 209
11286 8 96 209
11287 9 126 209
11288 10 149 209
11289 11 248 209
11290 12 236 209
11291 13 114 209
11292 14 209 209
11293 15 63 209
11294 16 29 209
11295 17 25 209
11296 18 86 209
11297 19 209 209
11298 20 26 209
11299 21 138 209
11300 22 186 209
11301 23 211 209
11302 24 210 209
11303 26 136 209
11304 25 116 209
11305 27 255 209
11306 28 130 209
11307 29 63 209
11308 30 222 209
11309 31 210 209
11310 32 60 209
11311 33 110 209
11312 34 148 209
11313 35 207 209
11314 36 195 209
11315 37 115 209
11316 38 64 209
11317 39 4 209
11318 40 179 209
11319 41 241 209
11320 42 15 209
11321 43 157 209
11322 44 82 209
11323 45 68 209
11324 46 198 209
11325 47 92 209
11326 48 138 209
11327 49 69 209
11328 50 236 209
11329 51 197 209
11330 52 205 209
11331 53 262 209
11332 54 165 209
11333 55 237 209
11334 56 1 209
11335 57 219 209
11336 59 160 209
11337 58 103 209
11338 60 63 209
11339 61 41 209
11340 62 115 209
11341 63 13 209
11342 64 197 209
11343 65 152 209
11344 66 68 209
11345 67 149 209
11346 68 124 209
11347 69 207 209
11348 70 245 209
11349 71 117 209
11350 72 11 209
11351 73 218 209
11352 74 74 209
11353 75 197 209
11354 76 195 209
11355 77 92 209
11356 78 38 209
11357 0 118 210
11358 1 45 210
11359 2 85 210
11360 3 66 210
11361 4 183 210
11362 5 235 210
11363 6 151 210
11364 7 5 210
11365 8 105 210
11366 9 120 210
11367 11 85 210
11368 10 179 210
11369 12 238 210
11370 13 125 210
11371 14 122 210
11372 15 62 210
11373 16 180 210
11374 17 88 210
11375 18 46 210
11376 19 39 210
11377 20 85 210
11378 21 209 210
11379 22 140 210
11380 23 148 210
11381 24 41 210
11382 25 64 210
11383 26 97 210
11384 27 178 210
11385 28 93 210
11386 29 125 210
11387 30 236 210
11388 31 53 210
11389 32 202 210
11390 33 182 210
11391 34 109 210
11392 35 82 210
11393 36 81 210
11394 37 181 210
11395 38 258 210
11396 39 221 210
11397 40 136 210
11398 41 141 210
11399 42 223 210
11400 43 116 210
11401 44 122 210
11402 45 21 210
11403 46 215 210
11404 47 72 210
11405 48 123 210
11406 49 39 210
11407 50 32 210
11408 51 98 210
11409 52 170 210
11410 53 179 210
11411 54 174 210
11412 55 48 210
11413 56 101 210
11414 57 178 210
11415 58 183 210
11416 59 109 210
11417 60 88 210
11418 61 103 210
11419 62 137 210
11420 63 93 210
11421 64 165 210
11422 65 168 210
11423 66 223 210
11424 67 59 210
11425 68 89 210
11426 69 65 210
11427 70 97 210
11428 71 49 210
11429 72 72 210
11430 73 255 210
11431 74 54 210
11432 75 192 210
11433 76 255 210
11434 77 26 210
11435 78 39 210
11436 79 102 210
11437 0 218 211
11438 1 84 211
11439 2 91 211
11440 3 246 211
11441 4 164 211
11442 5 159 211
11443 6 94 211
11444 7 126 211
11445 8 35 211
11446 9 180 211
11447 10 192 211
11448 11 113 211
11449 12 40 211
11450 13 196 211
11451 14 109 211
11452 15 217 211
11453 16 256 211
11454 17 228 211
11455 18 201 211
11456 19 21 211
11457 20 193 211
11458 21 88 211
11459 22 27 211
11460 23 98 211
11461 24 28 211
11462 25 148 211
11463 26 49 211
11464 27 120 211
11465 28 26 211
11466 29 59 211
11467 30 218 211
11468 31 43 211
11469 32 206 211
11470 33 256 211
11471 34 154 211
11472 35 125 211
11473 36 179 211
11474 37 203 211
11475 38 249 211
11476 39 33 211
11477 40 123 211
11478 41 94 211
11479 42 173 211
11480 43 28 211
11481 44 221 211
11482 45 52 211
11483 46 209 211
11484 47 100 211
11485 48 241 211
11486 49 199 211
11487 50 200 211
11488 51 189 211
11489 52 148 211
11490 53 67 211
11491 54 180 211
11492 55 29 211
11493 56 35 211
11494 57 106 211
11495 58 139 211
11496 59 259 211
11497 60 42 211
11498 61 214 211
11499 62 195 211
11500 63 141 211
11501 64 56 211
11502 65 43 211
11503 66 185 211
11504 67 90 211
11505 68 30 211
11506 69 4 211
11507 70 239 211
11508 71 100 211
11509 72 40 211
11510 73 19 211
11511 74 230 211
11512 75 188 211
11513 76 82 211
11514 77 191 211
11515 78 179 211
11516 79 183 211
11517 80 76 211
11518 81 44 211
11519 82 102 211
11520 0 1 212
11521 1 181 212
11522 2 48 212
11523 3 96 212
11524 4 189 212
11525 5 65 212
11526 6 227 212
11527 7 148 212
11528 8 56 212
11529 9 29 212
11530 10 28 212
11531 11 238 212
11532 12 156 212
11533 13 165 212
11534 14 214 212
11535 15 235 212
11536 16 111 212
11537 17 64 212
11538 18 101 212
11539 19 12 212
11540 20 105 212
11541 21 213 212
11542 22 3 212
11543 23 170 212
11544 24 182 212
11545 25 165 212
11546 26 32 212
11547 27 76 212
11548 28 130 212
11549 29 23 212
11550 30 262 212
11551 31 129 212
11552 32 74 212
11553 0 166 213
11554 33 172 212
11555 34 88 212
11556 35 186 212
11557 36 80 212
11558 37 43 212
11559 0 83 214
11560 38 182 212
11561 39 167 212
11562 40 215 212
11563 41 130 212
11564 0 173 215
11565 42 154 212
11566 43 236 212
11567 44 50 212
11568 0 218 216
11569 1 73 213
11570 2 29 213
11571 0 109 217
11572 1 147 214
11573 0 186 218
11574 45 10 212
11575 46 245 212
11576 47 87 212
11577 48 96 212
11578 49 101 212
11579 50 234 212
11580 51 33 212
11581 52 218 212
11582 53 228 212
11583 54 163 212
11584 55 106 212
11585 56 132 212
11586 57 77 212
11587 58 207 212
11588 59 110 212
11589 60 139 212
11590 61 260 212
11591 62 158 212
11592 63 246 212
11593 64 259 212
11594 65 4 212
11595 66 140 212
11596 67 176 212
11597 68 224 212
11598 69 60 212
11599 70 143 212
11600 71 81 212
11601 72 43 212
11602 73 181 212
11603 74 28 212
11604 75 175 212
11605 76 55 212
11606 77 124 212
11607 78 260 212
11608 79 235 212
11609 80 115 212
11610 81 218 212
11611 82 110 212
11612 83 261 212
11613 85 195 212
11614 3 127 213
11615 4 105 213
11616 5 177 213
11617 6 215 213
11618 7 215 213
11619 8 244 213
11620 9 260 213
11621 10 118 213
11622 11 185 213
11623 12 189 213
11624 13 207 213
11625 2 157 214
11626 3 58 214
11627 1 90 215
11628 2 159 215
11629 3 231 215
11630 1 243 216
11631 2 106 216
11632 14 80 213
11633 15 78 213
11634 16 50 213
11635 17 97 213
11636 18 241 213
11637 19 5 213
11638 20 200 213
11639 21 210 213
11640 22 95 213
11641 23 99 213
11642 24 168 213
11643 25 158 213
11644 26 194 213
11645 27 124 213
11646 28 223 213
11647 29 232 213
11648 30 101 213
11649 31 140 213
11650 32 57 213
11651 33 187 213
11652 34 8 213
11653 35 131 213
11654 36 37 213
11655 38 163 213
11656 37 179 213
11657 39 178 213
11658 40 75 213
11659 41 83 213
11660 42 147 213
11661 43 10 213
11662 44 160 213
11663 45 124 213
11664 46 81 213
11665 47 122 213
11666 48 29 213
11667 49 137 213
11668 50 72 213
11669 51 53 213
11670 52 170 213
11671 53 7 213
11672 54 225 213
11673 55 261 213
11674 56 258 213
11675 57 62 213
11676 58 257 213
11677 59 214 213
11678 60 141 213
11679 61 102 213
11680 62 16 213
11681 4 230 214
11682 5 189 214
11683 6 76 214
11684 7 143 214
11685 4 61 215
11686 5 158 215
11687 6 42 215
11688 3 40 216
11689 63 145 213
11690 64 118 213
11691 65 127 213
11692 66 67 213
11693 67 146 213
11694 68 192 213
11695 69 7 213
11696 70 155 213
11697 71 215 213
11698 72 253 213
11699 73 238 213
11700 74 211 213
11701 75 30 213
11702 76 117 213
11703 77 229 213
11704 78 11 213
11705 79 96 213
11706 80 233 213
11707 81 252 213
11708 82 99 213
11709 83 4 213
11710 84 220 213
11711 85 232 213
11712 86 242 213
11713 8 42 214
11714 9 145 214
11715 10 75 214
11716 11 187 214
11717 12 91 214
11718 13 7 214
11719 14 149 214
11720 15 211 214
11721 16 209 214
11722 17 148 214
11723 18 51 214
11724 19 199 214
11725 20 1 214
11726 21 193 214
11727 22 191 214
11728 23 72 214
11729 24 212 214
11730 25 78 214
11731 26 21 214
11732 27 51 214
11733 28 192 214
11734 29 126 214
11735 30 144 214
11736 31 75 214
11737 32 19 214
11738 33 74 214
11739 34 5 214
11740 35 221 214
11741 36 183 214
11742 7 61 215
11743 8 105 215
11744 4 57 216
11745 37 37 214
11746 38 8 214
11747 39 30 214
11748 40 125 214
11749 41 140 214
11750 42 50 214
11751 43 196 214
11752 44 86 214
11753 45 173 214
11754 46 48 214
11755 47 102 214
11756 48 99 214
11757 49 223 214
11758 50 191 214
11759 51 164 214
11760 52 192 214
11761 53 255 214
11762 54 237 214
11763 55 189 214
11764 56 84 214
11765 57 65 214
11766 58 25 214
11767 59 148 214
11768 60 227 214
11769 61 137 214
11770 62 122 214
11771 63 66 214
11772 64 111 214
11773 65 144 214
11774 66 252 214
11775 67 111 214
11776 68 62 214
11777 69 86 214
11778 70 166 214
11779 71 44 214
11780 72 9 214
11781 73 204 214
11782 74 196 214
11783 75 84 214
11784 76 193 214
11785 77 130 214
11786 78 47 214
11787 79 40 214
11788 80 94 214
11789 81 213 214
11790 82 73 214
11791 83 93 214
11792 84 158 214
11793 85 213 214
11794 86 28 214
11795 89 21 214
11796 9 50 215
11797 10 113 215
11798 11 261 215
11799 12 183 215
11800 13 161 215
11801 14 221 215
11802 15 215 215
11803 16 30 215
11804 17 130 215
11805 18 133 215
11806 19 262 215
11807 20 224 215
11808 21 83 215
11809 22 69 215
11810 23 200 215
11811 24 68 215
11812 25 14 215
11813 26 197 215
11814 27 260 215
11815 28 8 215
11816 29 11 215
11817 30 184 215
11818 31 106 215
11819 32 114 215
11820 33 118 215
11821 34 107 215
11822 35 115 215
11823 36 109 215
11824 37 27 215
11825 38 129 215
11826 39 245 215
11827 40 46 215
11828 41 194 215
11829 42 169 215
11830 43 165 215
11831 44 3 215
11832 45 248 215
11833 46 183 215
11834 47 103 215
11835 48 102 215
11836 49 248 215
11837 50 142 215
11838 51 86 215
11839 52 228 215
11840 53 176 215
11841 54 30 215
11842 55 114 215
11843 56 236 215
11844 57 156 215
11845 58 26 215
11846 59 25 215
11847 60 71 215
11848 61 177 215
11849 62 94 215
11850 63 200 215
11851 64 250 215
11852 65 113 215
11853 66 47 215
11854 67 11 215
11855 68 230 215
11856 69 151 215
11857 70 187 215
11858 71 213 215
11859 72 129 215
11860 73 234 215
11861 74 66 215
11862 75 77 215
11863 76 110 215
11864 77 49 215
11865 78 100 215
11866 79 241 215
11867 80 232 215
11868 81 108 215
11869 82 31 215
11870 83 242 215
11871 84 51 215
11872 85 19 215
11873 86 163 215
11874 87 247 215
11875 88 262 215
11876 89 10 215
11877 5 36 216
11878 6 158 216
11879 7 34 216
11880 8 257 216
11881 9 254 216
11882 10 139 216
11883 11 32 216
11884 12 193 216
11885 13 208 216
11886 14 52 216
11887 15 234 216
11888 16 32 216
11889 17 13 216
11890 18 102 216
11891 19 152 216
11892 20 33 216
11893 21 199 216
11894 22 120 216
11895 23 141 216
11896 24 133 216
11897 25 38 216
11898 26 118 216
11899 27 129 216
11900 28 157 216
11901 29 21 216
11902 30 163 216
11903 31 89 216
11904 32 35 216
11905 33 236 216
11906 34 49 216
11907 35 260 216
11908 36 143 216
11909 37 259 216
11910 38 108 216
11911 39 83 216
11912 40 216 216
11913 41 46 216
11914 42 180 216
11915 43 174 216
11916 44 134 216
11917 45 57 216
11918 46 173 216
11919 47 178 216
11920 48 6 216
11921 49 137 216
11922 50 239 216
11923 51 60 216
11924 52 262 216
11925 53 11 216
11926 54 255 216
11927 55 13 216
11928 56 156 216
11929 57 229 216
11930 58 192 216
11931 59 110 216
11932 60 219 216
11933 61 19 216
11934 62 129 216
11935 63 193 216
11936 64 108 216
11937 65 118 216
11938 66 4 216
11939 67 19 216
11940 68 137 216
11941 69 220 216
11942 70 2 216
11943 71 187 216
11944 72 231 216
11945 73 132 216
11946 74 165 216
11947 75 220 216
11948 76 36 216
11949 77 62 216
11950 78 125 216
11951 79 119 216
11952 80 115 216
11953 81 240 216
11954 82 114 216
11955 83 137 216
11956 84 236 216
11957 85 135 216
11958 86 175 216
11959 87 65 216
11960 88 27 216
11961 89 87 216
11962 90 155 216
11963 91 245 216
11964 93 161 216
11965 1 115 217
11966 2 216 217
11967 3 18 217
11968 4 2 217
11969 5 127 217
11970 6 193 217
11971 7 50 217
11972 8 208 217
11973 9 40 217
11974 10 193 217
11975 11 97 217
11976 12 36 217
11977 13 194 217
11978 14 258 217
11979 15 247 217
11980 16 43 217
11981 17 1 217
11982 18 125 217
11983 19 126 217
11984 20 38 217
11985 21 88 217
11986 22 32 217
11987 23 256 217
11988 24 197 217
11989 25 220 217
11990 26 19 217
11991 27 115 217
11992 28 217 217
11993 29 225 217
11994 30 238 217
11995 31 238 217
11996 32 132 217
11997 33 78 217
11998 34 133 217
11999 35 61 217
12000 36 234 217
12001 37 145 217
12002 38 253 217
12003 39 149 217
12004 40 126 217
12005 41 238 217
12006 42 39 217
12007 43 108 217
12008 44 109 217
12009 45 71 217
12010 46 106 217
12011 47 51 217
12012 48 6 217
12013 49 259 217
12014 50 235 217
12015 51 77 217
12016 52 211 217
12017 53 220 217
12018 54 222 217
12019 55 157 217
12020 56 123 217
12021 57 176 217
12022 58 76 217
12023 59 197 217
12024 60 111 217
12025 61 147 217
12026 62 74 217
12027 63 192 217
12028 64 74 217
12029 65 1 217
12030 66 224 217
12031 67 223 217
12032 68 82 217
12033 69 27 217
12034 70 247 217
12035 71 144 217
12036 72 241 217
12037 73 223 217
12038 74 44 217
12039 75 173 217
12040 76 107 217
12041 77 69 217
12042 78 5 217
12043 79 174 217
12044 80 2 217
12045 81 199 217
12046 82 236 217
12047 83 256 217
12048 84 117 217
12049 85 115 217
12050 86 72 217
12051 87 182 217
12052 88 201 217
12053 89 67 217
12054 90 154 217
12055 91 233 217
12056 92 39 217
12057 93 45 217
12058 94 175 217
12059 1 134 218
12060 2 86 218
12061 3 214 218
12062 4 233 218
12063 5 140 218
12064 6 111 218
12065 7 147 218
12066 8 240 218
12067 9 62 218
12068 10 159 218
12069 11 72 218
12070 12 91 218
12071 13 96 218
12072 14 101 218
12073 15 25 218
12074 16 230 218
12075 17 235 218
12076 18 26 218
12077 19 262 218
12078 20 174 218
12079 21 220 218
12080 22 105 218
12081 23 36 218
12082 24 183 218
12083 25 101 218
12084 26 72 218
12085 27 105 218
12086 28 102 218
12087 29 215 218
12088 30 209 218
12089 31 35 218
12090 32 95 218
12091 33 254 218
12092 34 257 218
12093 35 131 218
12094 36 41 218
12095 37 226 218
12096 38 11 218
12097 39 162 218
12098 40 37 218
12099 41 211 218
12100 42 42 218
12101 43 202 218
12102 44 139 218
12103 46 12 218
12104 45 115 218
12105 47 202 218
12106 48 116 218
12107 49 196 218
12108 50 26 218
12109 51 174 218
12110 52 145 218
12111 53 170 218
12112 54 241 218
12113 55 229 218
12114 56 78 218
12115 57 60 218
12116 58 166 218
12117 59 122 218
12118 60 211 218
12119 61 21 218
12120 62 50 218
12121 63 239 218
12122 64 185 218
12123 65 238 218
12124 66 103 218
12125 67 144 218
12126 68 28 218
12127 69 141 218
12128 70 31 218
12129 71 126 218
12130 72 153 218
12131 73 46 218
12132 74 168 218
12133 75 153 218
12134 76 24 218
12135 77 73 218
12136 78 12 218
12137 79 27 218
12138 80 96 218
12139 81 259 218
12140 82 207 218
12141 83 24 218
12142 84 169 218
12143 85 189 218
12144 86 170 218
12145 87 250 218
12146 88 76 218
12147 89 260 218
12148 90 101 218
12149 91 90 218
12150 92 79 218
12151 93 234 218
12152 94 9 218
12153 0 120 219
12154 1 38 219
12155 2 240 219
12156 3 154 219
12157 4 65 219
12158 5 86 219
12159 6 203 219
12160 7 2 219
12161 8 93 219
12162 9 192 219
12163 10 7 219
12164 11 177 219
12165 12 82 219
12166 13 92 219
12167 14 173 219
12168 15 52 219
12169 16 163 219
12170 17 192 219
12171 18 119 219
12172 19 51 219
12173 20 198 219
12174 21 139 219
12175 22 213 219
12176 23 203 219
12177 24 235 219
12178 25 58 219
12179 26 81 219
12180 27 103 219
12181 28 199 219
12182 29 124 219
12183 30 40 219
12184 31 123 219
12185 32 66 219
12186 33 262 219
12187 34 173 219
12188 35 210 219
12189 36 183 219
12190 37 196 219
12191 38 256 219
12192 39 41 219
12193 40 186 219
12194 41 254 219
12195 42 89 219
12196 43 151 219
12197 44 108 219
12198 45 20 219
12199 46 59 219
12200 47 253 219
12201 48 29 219
12202 49 38 219
12203 50 9 219
12204 51 117 219
12205 52 156 219
12206 53 112 219
12207 54 238 219
12208 55 2 219
12209 56 141 219
12210 57 14 219
12211 58 145 219
12212 59 256 219
12213 60 80 219
12214 61 13 219
12215 62 121 219
12216 63 29 219
12217 64 119 219
12218 65 91 219
12219 66 176 219
12220 67 76 219
12221 68 115 219
12222 69 203 219
12223 70 107 219
12224 71 189 219
12225 72 95 219
12226 73 119 219
12227 74 108 219
12228 75 257 219
12229 76 39 219
12230 77 11 219
12231 78 225 219
12232 79 227 219
12233 80 121 219
12234 81 243 219
12235 82 253 219
12236 83 249 219
12237 84 92 219
12238 85 11 219
12239 86 239 219
12240 87 214 219
12241 88 13 219
12242 89 56 219
12243 90 125 219
12244 91 124 219
12245 92 248 219
12246 93 7 219
12247 94 153 219
12248 95 28 219
12249 96 124 219
12250 97 161 219
12251 98 243 219
12252 0 43 220
12253 1 255 220
12254 2 109 220
12255 3 170 220
12256 4 34 220
12257 5 184 220
12258 6 251 220
12259 7 29 220
12260 8 185 220
12261 9 129 220
12262 10 251 220
12263 11 194 220
12264 12 95 220
12265 13 53 220
12266 14 258 220
12267 15 151 220
12268 16 16 220
12269 17 115 220
12270 18 28 220
12271 19 164 220
12272 20 150 220
12273 21 42 220
12274 22 96 220
12275 23 115 220
12276 24 158 220
12277 25 240 220
12278 26 215 220
12279 27 95 220
12280 28 136 220
12281 29 126 220
12282 30 219 220
12283 31 59 220
12284 32 99 220
12285 33 229 220
12286 34 249 220
12287 35 195 220
12288 36 51 220
12289 37 112 220
12290 38 1 220
12291 39 131 220
12292 40 140 220
12293 41 122 220
12294 42 82 220
12295 43 139 220
12296 44 95 220
12297 45 186 220
12298 46 102 220
12299 47 209 220
12300 48 181 220
12301 49 175 220
12302 50 151 220
12303 51 199 220
12304 52 118 220
12305 53 113 220
12306 54 71 220
12307 55 132 220
12308 56 161 220
12309 57 162 220
12310 58 36 220
12311 59 128 220
12312 60 85 220
12313 61 20 220
12314 62 49 220
12315 63 44 220
12316 64 151 220
12317 65 89 220
12318 66 60 220
12319 67 58 220
12320 68 74 220
12321 69 77 220
12322 70 195 220
12323 71 189 220
12324 72 65 220
12325 73 145 220
12326 74 118 220
12327 75 215 220
12328 76 67 220
12329 77 80 220
12330 78 210 220
12331 79 166 220
12332 80 93 220
12333 81 220 220
12334 82 80 220
12335 83 177 220
12336 84 184 220
12337 85 187 220
12338 86 8 220
12339 87 127 220
12340 88 192 220
12341 89 144 220
12342 90 81 220
12343 91 71 220
12344 92 192 220
12345 93 234 220
12346 94 4 220
12347 95 111 220
12348 96 116 220
12349 97 200 220
12350 98 7 220
12351 99 6 220
12352 0 45 221
12353 1 175 221
12354 2 260 221
12355 3 226 221
12356 4 88 221
12357 5 146 221
12358 6 13 221
12359 7 46 221
12360 8 97 221
12361 9 132 221
12362 10 119 221
12363 11 117 221
12364 12 114 221
12365 13 221 221
12366 14 101 221
12367 15 47 221
12368 16 150 221
12369 17 110 221
12370 18 88 221
12371 19 96 221
12372 20 245 221
12373 21 206 221
12374 22 5 221
12375 23 129 221
12376 24 219 221
12377 25 82 221
12378 26 84 221
12379 27 50 221
12380 28 209 221
12381 29 238 221
12382 30 32 221
12383 31 228 221
12384 32 192 221
12385 33 19 221
12386 34 132 221
12387 35 6 221
12388 36 234 221
12389 37 140 221
12390 38 207 221
12391 39 120 221
12392 40 84 221
12393 41 105 221
12394 42 203 221
12395 43 217 221
12396 44 243 221
12397 45 63 221
12398 46 143 221
12399 47 109 221
12400 48 168 221
12401 49 94 221
12402 50 12 221
12403 51 179 221
12404 52 65 221
12405 53 83 221
12406 54 173 221
12407 55 156 221
12408 56 129 221
12409 57 212 221
12410 58 201 221
12411 59 127 221
12412 60 40 221
12413 61 136 221
12414 62 216 221
12415 63 203 221
12416 64 119 221
12417 65 113 221
12418 66 162 221
12419 67 137 221
12420 68 257 221
12421 69 179 221
12422 70 50 221
12423 71 67 221
12424 72 69 221
12425 73 171 221
12426 74 215 221
12427 75 261 221
12428 76 262 221
12429 77 98 221
12430 78 192 221
12431 79 55 221
12432 80 102 221
12433 81 150 221
12434 82 128 221
12435 83 133 221
12436 84 237 221
12437 85 243 221
12438 86 26 221
12439 87 145 221
12440 88 36 221
12441 89 103 221
12442 90 135 221
12443 91 70 221
12444 92 149 221
12445 93 197 221
12446 94 22 221
12447 95 126 221
12448 96 137 221
12449 97 42 221
12450 98 15 221
12451 99 235 221
12452 100 155 221
12453 101 169 221
12454 103 255 221
12455 0 37 222
12456 1 62 222
12457 2 62 222
12458 3 240 222
12459 4 206 222
12460 5 37 222
12461 6 157 222
12462 7 72 222
12463 8 119 222
12464 9 49 222
12465 10 37 222
12466 11 15 222
12467 12 201 222
12468 13 92 222
12469 14 259 222
12470 15 108 222
12471 16 135 222
12472 17 103 222
12473 18 8 222
12474 19 64 222
12475 20 97 222
12476 21 103 222
12477 22 130 222
12478 23 38 222
12479 24 198 222
12480 25 195 222
12481 26 73 222
12482 27 11 222
12483 28 250 222
12484 29 130 222
12485 30 73 222
12486 31 213 222
12487 32 37 222
12488 33 41 222
12489 34 232 222
12490 35 75 222
12491 36 150 222
12492 37 43 222
12493 38 160 222
12494 39 70 222
12495 40 24 222
12496 41 6 222
12497 42 55 222
12498 43 103 222
12499 44 24 222
12500 45 155 222
12501 46 214 222
12502 47 38 222
12503 48 24 222
12504 49 85 222
12505 50 104 222
12506 51 245 222
12507 52 126 222
12508 53 76 222
12509 54 50 222
12510 55 82 222
12511 56 108 222
12512 57 249 222
12513 58 127 222
12514 59 73 222
12515 60 218 222
12516 61 204 222
12517 62 118 222
12518 63 7 222
12519 64 113 222
12520 65 135 222
12521 66 32 222
12522 67 73 222
12523 68 260 222
12524 69 105 222
12525 70 177 222
12526 71 121 222
12527 72 197 222
12528 73 42 222
12529 74 33 222
12530 75 124 222
12531 76 92 222
12532 77 158 222
12533 78 62 222
12534 79 3 222
12535 80 158 222
12536 81 202 222
12537 82 92 222
12538 83 224 222
12539 84 182 222
12540 85 205 222
12541 86 102 222
12542 87 205 222
12543 88 130 222
12544 89 230 222
12545 90 257 222
12546 91 260 222
12547 92 157 222
12548 93 28 222
12549 94 257 222
12550 95 152 222
12551 96 199 222
12552 97 180 222
12553 98 39 222
12554 99 19 222
12555 100 8 222
12556 101 187 222
12557 102 42 222
12558 103 61 222
12559 0 39 223
12560 1 118 223
12561 2 29 223
12562 3 229 223
12563 4 115 223
12564 5 162 223
12565 6 180 223
12566 7 262 223
12567 8 242 223
12568 9 254 223
12569 10 235 223
12570 11 150 223
12571 12 195 223
12572 13 210 223
12573 14 131 223
12574 15 6 223
12575 16 240 223
12576 17 243 223
12577 18 163 223
12578 19 8 223
12579 20 26 223
12580 21 259 223
12581 22 20 223
12582 23 254 223
12583 24 210 223
12584 25 244 223
12585 26 173 223
12586 27 25 223
12587 28 29 223
12588 29 233 223
12589 30 74 223
12590 31 119 223
12591 32 144 223
12592 33 136 223
12593 34 242 223
12594 35 50 223
12595 36 239 223
12596 37 164 223
12597 38 94 223
12598 39 77 223
12599 40 191 223
12600 41 44 223
12601 42 239 223
12602 43 132 223
12603 44 140 223
12604 45 132 223
12605 46 214 223
12606 47 69 223
12607 48 208 223
12608 49 2 223
12609 50 143 223
12610 51 208 223
12611 52 209 223
12612 53 202 223
12613 54 98 223
12614 55 219 223
12615 56 244 223
12616 57 216 223
12617 58 230 223
12618 59 5 223
12619 60 171 223
12620 61 220 223
12621 62 196 223
12622 63 218 223
12623 64 174 223
12624 65 53 223
12625 66 213 223
12626 67 110 223
12627 68 29 223
12628 69 97 223
12629 70 190 223
12630 71 256 223
12631 72 14 223
12632 73 137 223
12633 74 238 223
12634 75 38 223
12635 76 56 223
12636 77 23 223
12637 78 106 223
12638 79 44 223
12639 80 48 223
12640 81 168 223
12641 82 257 223
12642 83 75 223
12643 84 152 223
12644 85 50 223
12645 86 13 223
12646 87 53 223
12647 88 98 223
12648 89 140 223
12649 90 72 223
12650 91 20 223
12651 92 20 223
12652 93 183 223
12653 94 41 223
12654 95 74 223
12655 96 151 223
12656 97 10 223
12657 98 138 223
12658 99 138 223
12659 100 122 223
12660 101 94 223
12661 102 26 223
12662 103 101 223
12663 104 155 223
12664 106 94 223
12665 0 188 224
12666 1 26 224
12667 2 213 224
12668 3 138 224
12669 4 50 224
12670 5 48 224
12671 6 39 224
12672 7 109 224
12673 8 262 224
12674 9 197 224
12675 10 151 224
12676 11 112 224
12677 12 223 224
12678 13 238 224
12679 14 95 224
12680 15 160 224
12681 16 136 224
12682 17 231 224
12683 18 231 224
12684 19 61 224
12685 20 147 224
12686 21 222 224
12687 22 77 224
12688 23 73 224
12689 24 69 224
12690 25 192 224
12691 26 64 224
12692 27 203 224
12693 28 189 224
12694 29 199 224
12695 30 37 224
12696 31 204 224
12697 32 169 224
12698 33 11 224
12699 34 169 224
12700 35 30 224
12701 36 238 224
12702 37 92 224
12703 38 164 224
12704 39 208 224
12705 40 73 224
12706 41 30 224
12707 42 127 224
12708 43 1 224
12709 44 262 224
12710 45 189 224
12711 46 71 224
12712 47 130 224
12713 48 53 224
12714 49 53 224
12715 50 250 224
12716 51 163 224
12717 52 135 224
12718 53 186 224
12719 54 46 224
12720 55 253 224
12721 56 20 224
12722 57 103 224
12723 58 227 224
12724 59 72 224
12725 60 65 224
12726 61 28 224
12727 62 68 224
12728 63 46 224
12729 64 200 224
12730 65 243 224
12731 66 260 224
12732 67 152 224
12733 68 67 224
12734 69 152 224
12735 70 11 224
12736 71 103 224
12737 72 10 224
12738 73 205 224
12739 74 227 224
12740 75 63 224
12741 76 202 224
12742 78 60 224
12743 77 161 224
12744 79 169 224
12745 80 218 224
12746 81 166 224
12747 82 192 224
12748 83 213 224
12749 84 77 224
12750 85 239 224
12751 86 163 224
12752 87 234 224
12753 88 231 224
12754 89 112 224
12755 90 185 224
12756 91 110 224
12757 92 232 224
12758 93 251 224
12759 94 211 224
12760 95 26 224
12761 96 96 224
12762 97 44 224
12763 98 62 224
12764 99 206 224
12765 100 227 224
12766 101 83 224
12767 102 83 224
12768 103 52 224
12769 104 246 224
12770 105 203 224
12771 106 77 224
12772 107 165 224
12773 0 97 225
12774 1 98 225
12775 2 208 225
12776 3 149 225
12777 4 68 225
12778 5 39 225
12779 6 134 225
12780 7 121 225
12781 8 73 225
12782 9 237 225
12783 10 33 225
12784 11 170 225
12785 12 110 225
12786 13 78 225
12787 14 75 225
12788 15 185 225
12789 16 178 225
12790 17 63 225
12791 18 229 225
12792 19 135 225
12793 20 257 225
12794 21 242 225
12795 22 204 225
12796 23 10 225
12797 24 173 225
12798 25 195 225
12799 26 147 225
12800 27 176 225
12801 28 121 225
12802 29 139 225
12803 30 176 225
12804 31 4 225
12805 32 60 225
12806 33 69 225
12807 34 162 225
12808 35 236 225
12809 36 254 225
12810 37 255 225
12811 38 199 225
12812 39 35 225
12813 40 109 225
12814 41 3 225
12815 42 96 225
12816 43 258 225
12817 44 109 225
12818 45 66 225
12819 46 108 225
12820 47 90 225
12821 48 77 225
12822 49 228 225
12823 50 219 225
12824 51 18 225
12825 52 84 225
12826 53 33 225
12827 54 67 225
12828 55 110 225
12829 56 170 225
12830 57 71 225
12831 58 68 225
12832 59 120 225
12833 60 213 225
12834 61 130 225
12835 62 7 225
12836 63 84 225
12837 64 61 225
12838 65 140 225
12839 66 247 225
12840 67 211 225
12841 68 123 225
12842 69 130 225
12843 70 239 225
12844 71 52 225
12845 72 253 225
12846 73 138 225
12847 74 17 225
12848 75 184 225
12849 76 38 225
12850 77 50 225
12851 78 215 225
12852 79 65 225
12853 80 109 225
12854 81 196 225
12855 82 19 225
12856 83 7 225
12857 84 105 225
12858 85 234 225
12859 86 1 225
12860 87 174 225
12861 88 23 225
12862 89 4 225
12863 90 252 225
12864 91 47 225
12865 92 51 225
12866 93 154 225
12867 94 182 225
12868 95 56 225
12869 96 128 225
12870 97 154 225
12871 98 133 225
12872 99 218 225
12873 100 148 225
12874 101 222 225
12875 102 190 225
12876 103 160 225
12877 104 132 225
12878 105 154 225
12879 106 107 225
12880 107 50 225
12881 108 59 225
12882 109 37 225
12883 0 226 226
12884 1 111 226
12885 2 70 226
12886 3 119 226
12887 4 123 226
12888 5 74 226
12889 6 245 226
12890 7 100 226
12891 8 250 226
12892 9 174 226
12893 10 208 226
12894 11 50 226
12895 12 50 226
12896 13 222 226
12897 14 15 226
12898 15 233 226
12899 16 114 226
12900 17 80 226
12901 18 53 226
12902 19 102 226
12903 20 106 226
12904 21 64 226
12905 22 227 226
12906 23 161 226
12907 24 84 226
12908 25 4 226
12909 26 89 226
12910 27 35 226
12911 28 84 226
12912 29 209 226
12913 30 29 226
12914 31 170 226
12915 32 261 226
12916 33 57 226
12917 34 19 226
12918 35 31 226
12919 36 241 226
12920 37 110 226
12921 38 252 226
12922 39 230 226
12923 40 180 226
12924 41 151 226
12925 42 173 226
12926 43 32 226
12927 44 9 226
12928 45 166 226
12929 46 168 226
12930 47 94 226
12931 48 178 226
12932 49 16 226
12933 50 258 226
12934 51 57 226
12935 52 5 226
12936 53 105 226
12937 54 22 226
12938 55 221 226
12939 56 55 226
12940 57 216 226
12941 58 242 226
12942 59 214 226
12943 60 41 226
12944 61 69 226
12945 62 60 226
12946 63 175 226
12947 64 258 226
12948 65 164 226
12949 66 164 226
12950 67 82 226
12951 68 134 226
12952 69 20 226
12953 70 17 226
12954 71 37 226
12955 72 76 226
12956 73 235 226
12957 74 193 226
12958 75 152 226
12959 76 41 226
12960 77 13 226
12961 78 236 226
12962 79 248 226
12963 80 88 226
12964 81 52 226
12965 82 131 226
12966 83 1 226
12967 84 196 226
12968 85 216 226
12969 86 43 226
12970 87 76 226
12971 88 120 226
12972 89 241 226
12973 90 75 226
12974 91 150 226
12975 92 63 226
12976 93 161 226
12977 94 142 226
12978 95 106 226
12979 96 223 226
12980 97 208 226
12981 98 168 226
12982 99 130 226
12983 100 86 226
12984 101 260 226
12985 102 225 226
12986 103 166 226
12987 104 35 226
12988 105 150 226
12989 106 164 226
12990 107 80 226
12991 108 122 226
12992 109 206 226
12993 110 162 226
12994 111 164 226
12995 113 241 226
12996 0 25 227
12997 1 205 227
12998 2 120 227
12999 3 93 227
13000 4 123 227
13001 5 80 227
13002 6 245 227
13003 7 144 227
13004 8 246 227
13005 9 13 227
13006 10 12 227
13007 11 243 227
13008 12 69 227
13009 13 31 227
13010 14 60 227
13011 15 39 227
13012 16 243 227
13013 17 33 227
13014 18 138 227
13015 19 106 227
13016 20 145 227
13017 21 243 227
13018 22 82 227
13019 23 34 227
13020 24 73 227
13021 25 145 227
13022 26 219 227
13023 27 38 227
13024 28 214 227
13025 29 78 227
13026 30 144 227
13027 31 17 227
13028 32 188 227
13029 33 202 227
13030 34 231 227
13031 35 185 227
13032 36 67 227
13033 37 210 227
13034 38 236 227
13035 39 19 227
13036 40 177 227
13037 41 73 227
13038 42 253 227
13039 43 124 227
13040 44 20 227
13041 45 1 227
13042 46 133 227
13043 47 34 227
13044 48 28 227
13045 49 30 227
13046 50 94 227
13047 51 217 227
13048 52 112 227
13049 53 213 227
13050 54 34 227
13051 55 248 227
13052 56 184 227
13053 57 132 227
13054 58 93 227
13055 59 228 227
13056 60 177 227
13057 61 237 227
13058 62 111 227
13059 63 221 227
13060 64 209 227
13061 65 82 227
13062 66 218 227
13063 67 106 227
13064 68 21 227
13065 69 161 227
13066 70 80 227
13067 71 156 227
13068 72 118 227
13069 73 206 227
13070 74 161 227
13071 75 248 227
13072 76 8 227
13073 77 114 227
13074 78 235 227
13075 79 117 227
13076 80 108 227
13077 81 68 227
13078 82 129 227
13079 83 234 227
13080 84 198 227
13081 85 172 227
13082 86 168 227
13083 87 203 227
13084 88 133 227
13085 89 78 227
13086 90 156 227
13087 91 256 227
13088 92 94 227
13089 93 198 227
13090 94 221 227
13091 95 160 227
13092 96 53 227
13093 97 145 227
13094 98 55 227
13095 99 19 227
13096 100 98 227
13097 101 59 227
13098 102 143 227
13099 103 161 227
13100 104 136 227
13101 105 196 227
13102 106 121 227
13103 107 234 227
13104 108 198 227
13105 109 132 227
13106 110 11 227
13107 111 140 227
13108 112 214 227
13109 113 51 227
13110 0 243 228
13111 1 125 228
13112 2 39 228
13113 3 119 228
13114 4 228 228
13115 5 95 228
13116 6 97 228
13117 7 110 228
13118 8 131 228
13119 9 171 228
13120 10 100 228
13121 11 247 228
13122 12 21 228
13123 13 159 228
13124 14 239 228
13125 15 3 228
13126 16 84 228
13127 17 83 228
13128 18 179 228
13129 19 194 228
13130 20 135 228
13131 21 210 228
13132 22 144 228
13133 23 103 228
13134 24 170 228
13135 25 232 228
13136 26 60 228
13137 27 6 228
13138 28 112 228
13139 29 91 228
13140 30 213 228
13141 31 135 228
13142 32 146 228
13143 33 252 228
13144 34 252 228
13145 35 117 228
13146 36 141 228
13147 37 98 228
13148 38 198 228
13149 39 100 228
13150 40 49 228
13151 41 31 228
13152 42 223 228
13153 43 95 228
13154 44 201 228
13155 45 163 228
13156 46 15 228
13157 47 111 228
13158 48 49 228
13159 49 139 228
13160 50 122 228
13161 51 179 228
13162 52 134 228
13163 53 254 228
13164 54 251 228
13165 55 40 228
13166 56 36 228
13167 57 14 228
13168 58 150 228
13169 59 27 228
13170 60 74 228
13171 61 90 228
13172 62 13 228
13173 63 225 228
13174 64 119 228
13175 65 9 228
13176 66 248 228
13177 67 20 228
13178 68 52 228
13179 69 98 228
13180 70 144 228
13181 71 66 228
13182 72 176 228
13183 73 9 228
13184 74 93 228
13185 75 63 228
13186 76 3 228
13187 77 85 228
13188 78 7 228
13189 79 45 228
13190 80 136 228
13191 81 112 228
13192 82 149 228
13193 83 244 228
13194 84 123 228
13195 85 151 228
13196 86 86 228
13197 87 107 228
13198 88 164 228
13199 89 246 228
13200 90 247 228
13201 91 134 228
13202 93 236 228
13203 92 134 228
13204 94 255 228
13205 95 220 228
13206 96 19 228
13207 97 147 228
13208 98 211 228
13209 99 142 228
13210 100 156 228
13211 101 228 228
13212 102 117 228
13213 103 81 228
13214 104 45 228
13215 105 89 228
13216 106 74 228
13217 107 227 228
13218 108 177 228
13219 109 32 228
13220 110 253 228
13221 111 208 228
13222 112 94 228
13223 113 165 228
13224 114 24 228
13225 0 121 229
13226 1 185 229
13227 2 162 229
13228 3 240 229
13229 4 85 229
13230 5 159 229
13231 6 252 229
13232 7 169 229
13233 8 136 229
13234 9 176 229
13235 10 4 229
13236 11 134 229
13237 12 54 229
13238 13 88 229
13239 14 48 229
13240 15 206 229
13241 16 138 229
13242 17 127 229
13243 18 26 229
13244 19 87 229
13245 20 33 229
13246 21 31 229
13247 22 64 229
13248 23 239 229
13249 24 231 229
13250 25 24 229
13251 26 168 229
13252 27 156 229
13253 28 93 229
13254 29 220 229
13255 30 104 229
13256 31 101 229
13257 32 222 229
13258 33 119 229
13259 34 6 229
13260 35 179 229
13261 36 182 229
13262 37 96 229
13263 38 120 229
13264 39 123 229
13265 40 33 229
13266 41 231 229
13267 42 119 229
13268 43 152 229
13269 44 69 229
13270 45 226 229
13271 46 167 229
13272 47 201 229
13273 48 219 229
13274 49 198 229
13275 50 158 229
13276 51 174 229
13277 52 24 229
13278 53 123 229
13279 54 33 229
13280 55 41 229
13281 56 226 229
13282 57 25 229
13283 58 50 229
13284 59 214 229
weights 230 230 230 230 230 230 230 230 230 230 230 230 230 230 230 230 230 230 230 230 230 230 230 230 230 230 230 230 230 230 230 230 230 230 230 230 230 230 230 230 230 230 230 230 230 230 230 230 230 230 230 230 230 230 230 230 230 230 230 230 229 229 229 229 229 229 229 229 229 229 229 229 229 229 229 229 229 229 229 229 229 229 229 229 229 229 229 229 229 229 229 229 229 229 229 229 229 229 229 229 229 229 229 229 229 229 229 229 229 229 229 229 229 229 229
