p 11 h 111 constraints 12538
0 0 1 0
1 0 1 1
2 0 1 2
3 0 1 3
4 0 1 4
5 0 1 5
6 0 1 6
7 0 1 7
8 0 1 8
9 0 1 9
10 0 1 10
11 0 1 11
12 0 1 12
13 0 1 13
14 0 1 14
15 0 1 15
16 0 1 16
17 0 1 17
18 0 1 18
19 0 1 19
20 0 1 20
21 0 1 21
22 0 1 22
23 0 1 23
24 0 1 24
25 0 1 25
26 0 1 26
27 0 1 27
28 0 1 28
29 0 1 29
30 0 1 30
31 0 1 31
32 0 1 32
33 0 1 33
34 0 1 34
35 0 1 35
36 0 1 36
37 0 1 37
38 0 1 38
39 0 1 39
40 0 1 40
41 0 1 41
42 0 1 42
43 0 1 43
44 0 1 44
45 0 1 45
46 0 1 46
47 0 1 47
48 0 1 48
49 0 1 49
50 0 1 50
51 0 1 51
52 0 1 52
53 0 1 53
54 0 1 54
55 0 1 55
56 0 1 56
57 1 1 2
58 1 1 3
59 1 1 4
60 1 1 5
61 1 1 6
62 1 1 7
63 1 1 8
64 1 1 9
65 1 1 10
66 1 1 11
67 1 1 12
68 1 1 13
69 1 1 14
70 1 1 15
71 1 1 16
72 1 1 17
73 1 1 18
74 1 1 19
75 1 1 20
76 1 1 21
77 1 1 22
78 1 1 23
79 1 1 24
80 1 1 25
81 1 1 26
82 1 1 27
83 1 1 28
84 1 1 29
85 1 1 30
86 1 1 31
87 1 1 32
88 1 1 33
89 1 1 34
90 1 1 35
91 1 1 36
92 1 1 37
93 1 1 38
94 1 1 39
95 1 1 40
96 1 1 41
97 1 1 42
98 1 1 43
99 1 1 44
100 1 1 45
101 1 1 46
102 1 1 47
103 1 1 48
104 1 1 49
105 1 1 50
106 1 1 51
107 1 1 52
108 1 1 53
109 1 1 54
110 1 1 55
111 1 1 56
112 1 1 57
113 2 1 4
114 2 1 5
115 2 1 6
116 2 1 7
117 2 1 8
118 2 1 9
119 2 1 10
120 2 1 11
121 2 1 12
122 2 1 13
123 2 1 14
124 2 1 15
125 2 1 16
126 2 1 17
127 2 1 18
128 2 1 19
129 2 1 20
130 2 1 21
131 2 1 22
132 2 1 23
133 2 1 24
134 2 1 25
135 2 1 26
136 2 1 27
137 2 1 28
138 2 1 29
139 2 1 30
140 2 1 31
141 2 1 32
142 2 1 33
143 2 1 34
144 2 1 35
145 2 1 36
146 2 1 37
147 2 1 38
148 2 1 39
149 2 1 40
150 2 1 41
151 2 1 42
152 2 1 43
153 2 1 44
154 2 1 45
155 2 1 46
156 2 1 47
157 2 1 48
158 2 1 49
159 2 1 50
160 2 1 51
161 2 1 52
162 2 1 53
163 2 1 54
164 2 1 55
165 2 1 56
166 2 1 57
167 2 1 58
168 3 1 6
169 3 1 7
170 3 1 8
171 3 1 9
172 3 1 10
173 3 1 11
174 3 1 12
175 3 1 13
176 3 1 14
177 3 1 15
178 3 1 16
179 3 1 17
180 3 1 18
181 3 1 19
182 3 1 20
183 3 1 21
184 3 1 22
185 3 1 23
186 3 1 24
187 3 1 25
188 3 1 26
189 3 1 27
190 3 1 28
191 3 1 29
192 3 1 30
193 3 1 31
194 3 1 32
195 3 1 33
196 3 1 34
197 3 1 35
198 3 1 36
199 3 1 37
200 3 1 38
201 3 1 39
202 3 1 40
203 3 1 41
204 3 1 42
205 3 1 43
206 3 1 44
207 3 1 45
208 3 1 46
209 3 1 47
210 3 1 48
211 3 1 49
212 3 1 50
213 3 1 51
214 3 1 52
215 3 1 53
216 3 1 54
217 3 1 55
218 3 1 56
219 3 1 57
220 3 1 58
221 3 1 59
222 4 1 8
223 4 1 9
224 4 1 10
225 4 1 11
226 4 1 12
227 4 1 13
228 4 1 14
229 4 1 15
230 4 1 16
231 4 1 17
232 4 1 18
233 4 1 19
234 4 1 20
235 4 1 21
236 4 1 22
237 4 1 23
238 4 1 24
239 4 1 25
240 4 1 26
241 4 1 27
242 4 1 28
243 4 1 29
244 4 1 30
245 4 1 31
246 4 1 32
247 4 1 33
248 4 1 34
249 4 1 35
250 4 1 36
251 4 1 37
252 4 1 38
253 4 1 39
254 4 1 40
255 4 1 41
256 4 1 42
257 4 1 43
258 4 1 44
259 4 1 45
260 4 1 46
261 4 1 47
262 4 1 48
263 4 1 49
264 4 1 50
265 4 1 51
266 4 1 52
267 4 1 53
268 4 1 54
269 4 1 55
270 4 1 56
271 4 1 57
272 4 1 58
273 4 1 59
274 4 1 60
275 5 1 10
276 5 1 11
277 5 1 12
278 5 1 13
279 5 1 14
280 5 1 15
281 5 1 16
282 5 1 17
283 5 1 18
284 5 1 19
285 5 1 20
286 5 1 21
287 5 1 22
288 5 1 23
289 5 1 24
290 5 1 25
291 5 1 26
292 5 1 27
293 5 1 28
294 5 1 29
295 5 1 30
296 5 1 31
297 5 1 32
298 5 1 33
299 5 1 34
300 5 1 35
301 5 1 36
302 5 1 37
303 5 1 38
304 5 1 39
305 5 1 40
306 5 1 41
307 5 1 42
308 5 1 43
309 5 1 44
310 5 1 45
311 5 1 46
312 5 1 47
313 5 1 48
314 5 1 49
315 5 1 50
316 5 1 51
317 5 1 52
318 5 1 53
319 5 1 54
320 5 1 55
321 5 1 56
322 5 1 57
323 5 1 58
324 5 1 59
325 5 1 60
326 5 1 61
327 6 1 12
328 6 1 13
329 6 1 14
330 6 1 15
331 6 1 16
332 6 1 17
333 6 1 18
334 6 1 19
335 6 1 20
336 6 1 21
337 6 1 22
338 6 1 23
339 6 1 24
340 6 1 25
341 6 1 26
342 6 1 27
343 6 1 28
344 6 1 29
345 6 1 30
346 6 1 31
347 6 1 32
348 6 1 33
349 6 1 34
350 6 1 35
351 6 1 36
352 6 1 37
353 6 1 38
354 6 1 39
355 6 1 40
356 6 1 41
357 6 1 42
358 6 1 43
359 6 1 44
360 6 1 45
361 6 1 46
362 6 1 47
363 6 1 48
364 6 1 49
365 6 1 50
366 6 1 51
367 6 1 52
368 6 1 53
369 6 1 54
370 6 1 55
371 6 1 56
372 6 1 57
373 6 1 58
374 6 1 59
375 6 1 60
376 6 1 61
377 6 1 62
378 7 1 14
379 7 1 15
380 7 1 16
381 7 1 17
382 7 1 18
383 7 1 19
384 7 1 20
385 7 1 21
386 7 1 22
387 7 1 23
388 7 1 24
389 7 1 25
390 7 1 26
391 7 1 27
392 7 1 28
393 7 1 29
394 7 1 30
395 7 1 31
396 7 1 32
397 7 1 33
398 7 1 34
399 7 1 35
400 7 1 36
401 7 1 37
402 7 1 38
403 7 1 39
404 7 1 40
405 7 1 41
406 7 1 42
407 7 1 43
408 7 1 44
409 7 1 45
410 7 1 46
411 7 1 47
412 7 1 48
413 7 1 49
414 7 1 50
415 7 1 51
416 7 1 52
417 7 1 53
418 7 1 54
419 7 1 55
420 7 1 56
421 7 1 57
422 7 1 58
423 7 1 59
424 7 1 60
425 7 1 61
426 7 1 62
427 7 1 63
428 8 1 16
429 8 1 17
430 8 1 18
431 8 1 19
432 8 1 20
433 8 1 21
434 8 1 22
435 8 1 23
436 8 1 24
437 8 1 25
438 8 1 26
439 8 1 27
440 8 1 28
441 8 1 29
442 8 1 30
443 8 1 31
444 8 1 32
445 8 1 33
446 8 1 34
447 8 1 35
448 8 1 36
449 8 1 37
450 8 1 38
451 8 1 39
452 8 1 40
453 8 1 41
454 8 1 42
455 8 1 43
456 8 1 44
457 8 1 45
458 8 1 46
459 8 1 47
460 8 1 48
461 8 1 49
462 8 1 50
463 8 1 51
464 8 1 52
465 8 1 53
466 8 1 54
467 8 1 55
468 8 1 56
469 8 1 57
470 8 1 58
471 8 1 59
472 8 1 60
473 8 1 61
474 8 1 62
475 8 1 63
476 8 1 64
477 9 1 18
478 9 1 19
479 9 1 20
480 9 1 21
481 9 1 22
482 9 1 23
483 9 1 24
484 9 1 25
485 9 1 26
486 9 1 27
487 9 1 28
488 9 1 29
489 9 1 30
490 9 1 31
491 9 1 32
492 9 1 33
493 9 1 34
494 9 1 35
495 9 1 36
496 9 1 37
497 9 1 38
498 9 1 39
499 9 1 40
500 9 1 41
501 9 1 42
502 9 1 43
503 9 1 44
504 9 1 45
505 9 1 46
506 9 1 47
507 9 1 48
508 9 1 49
509 9 1 50
510 9 1 51
511 9 1 52
512 9 1 53
513 9 1 54
514 9 1 55
515 9 1 56
516 9 1 57
517 9 1 58
518 9 1 59
519 9 1 60
520 9 1 61
521 9 1 62
522 9 1 63
523 9 1 64
524 9 1 65
525 10 1 20
526 10 1 21
527 10 1 22
528 10 1 23
529 10 1 24
530 10 1 25
531 10 1 26
532 10 1 27
533 10 1 28
534 10 1 29
535 10 1 30
536 10 1 31
537 10 1 32
538 10 1 33
539 10 1 34
540 10 1 35
541 10 1 36
542 10 1 37
543 10 1 38
544 10 1 39
545 10 1 40
546 10 1 41
547 10 1 42
548 10 1 43
549 10 1 44
550 10 1 45
551 10 1 46
552 10 1 47
553 10 1 48
554 10 1 49
555 10 1 50
556 10 1 51
557 10 1 52
558 10 1 53
559 10 1 54
560 10 1 55
561 10 1 56
562 10 1 57
563 10 1 58
564 10 1 59
565 10 1 60
566 10 1 61
567 10 1 62
568 10 1 63
569 10 1 64
570 10 1 65
571 10 1 66
572 11 1 22
573 11 1 23
574 11 1 24
575 11 1 25
576 11 1 26
577 11 1 27
578 11 1 28
579 11 1 29
580 11 1 30
581 11 1 31
582 11 1 32
583 11 1 33
584 11 1 34
585 11 1 35
586 11 1 36
587 11 1 37
588 11 1 38
589 11 1 39
590 11 1 40
591 11 1 41
592 11 1 42
593 11 1 43
594 11 1 44
595 11 1 45
596 11 1 46
597 11 1 47
598 11 1 48
599 11 1 49
600 11 1 50
601 11 1 51
602 11 1 52
603 11 1 53
604 11 1 54
605 11 1 55
606 11 1 56
607 11 1 57
608 11 1 58
609 11 1 59
610 11 1 60
611 11 1 61
612 11 1 62
613 11 1 63
614 11 1 64
615 11 1 65
616 11 1 66
617 11 1 67
618 12 1 24
619 12 1 25
620 12 1 26
621 12 1 27
622 12 1 28
623 12 1 29
624 12 1 30
625 12 1 31
626 12 1 32
627 12 1 33
628 12 1 34
629 12 1 35
630 12 1 36
631 12 1 37
632 12 1 38
633 12 1 39
634 12 1 40
635 12 1 41
636 12 1 42
637 12 1 43
638 12 1 44
639 12 1 45
640 12 1 46
641 12 1 47
642 12 1 48
643 12 1 49
644 12 1 50
645 12 1 51
646 12 1 52
647 12 1 53
648 12 1 54
649 12 1 55
650 12 1 56
651 12 1 57
652 12 1 58
653 12 1 59
654 12 1 60
655 12 1 61
656 12 1 62
657 12 1 63
658 12 1 64
659 12 1 65
660 12 1 66
661 12 1 67
662 12 1 68
663 13 1 26
664 13 1 27
665 13 1 28
666 13 1 29
667 13 1 30
668 13 1 31
669 13 1 32
670 13 1 33
671 13 1 34
672 13 1 35
673 13 1 36
674 13 1 37
675 13 1 38
676 13 1 39
677 13 1 40
678 13 1 41
679 13 1 42
680 13 1 43
681 13 1 44
682 13 1 45
683 13 1 46
684 13 1 47
685 13 1 48
686 13 1 49
687 13 1 50
688 13 1 51
689 13 1 52
690 13 1 53
691 13 1 54
692 13 1 55
693 13 1 56
694 13 1 57
695 13 1 58
696 13 1 59
697 13 1 60
698 13 1 61
699 13 1 62
700 13 1 63
701 13 1 64
702 13 1 65
703 13 1 66
704 13 1 67
705 13 1 68
706 13 1 69
707 14 1 28
708 14 1 29
709 14 1 30
710 14 1 31
711 14 1 32
712 14 1 33
713 14 1 34
714 14 1 35
715 14 1 36
716 14 1 37
717 14 1 38
718 14 1 39
719 14 1 40
720 14 1 41
721 14 1 42
722 14 1 43
723 14 1 44
724 14 1 45
725 14 1 46
726 14 1 47
727 14 1 48
728 14 1 49
729 14 1 50
730 14 1 51
731 14 1 52
732 14 1 53
733 14 1 54
734 14 1 55
735 14 1 56
736 14 1 57
737 14 1 58
738 14 1 59
739 14 1 60
740 14 1 61
741 14 1 62
742 14 1 63
743 14 1 64
744 14 1 65
745 14 1 66
746 14 1 67
747 14 1 68
748 14 1 69
749 14 1 70
750 15 1 30
751 15 1 31
752 15 1 32
753 15 1 33
754 15 1 34
755 15 1 35
756 15 1 36
757 15 1 37
758 15 1 38
759 15 1 39
760 15 1 40
761 15 1 41
762 15 1 42
763 15 1 43
764 15 1 44
765 15 1 45
766 15 1 46
767 15 1 47
768 15 1 48
769 15 1 49
770 15 1 50
771 15 1 51
772 15 1 52
773 15 1 53
774 15 1 54
775 15 1 55
776 15 1 56
777 15 1 57
778 15 1 58
779 15 1 59
780 15 1 60
781 15 1 61
782 15 1 62
783 15 1 63
784 15 1 64
785 15 1 65
786 15 1 66
787 15 1 67
788 15 1 68
789 15 1 69
790 15 1 70
791 15 1 71
792 16 1 32
793 16 1 33
794 16 1 34
795 16 1 35
796 16 1 36
797 16 1 37
798 16 1 38
799 16 1 39
800 16 1 40
801 16 1 41
802 16 1 42
803 16 1 43
804 16 1 44
805 16 1 45
806 16 1 46
807 16 1 47
808 16 1 48
809 16 1 49
810 16 1 50
811 16 1 51
812 16 1 52
813 16 1 53
814 16 1 54
815 16 1 55
816 16 1 56
817 16 1 57
818 16 1 58
819 16 1 59
820 16 1 60
821 16 1 61
822 16 1 62
823 16 1 63
824 16 1 64
825 16 1 65
826 16 1 66
827 16 1 67
828 16 1 68
829 16 1 69
830 16 1 70
831 16 1 71
832 16 1 72
833 17 1 34
834 17 1 35
835 17 1 36
836 17 1 37
837 17 1 38
838 17 1 39
839 17 1 40
840 17 1 41
841 17 1 42
842 17 1 43
843 17 1 44
844 17 1 45
845 17 1 46
846 17 1 47
847 17 1 48
848 17 1 49
849 17 1 50
850 17 1 51
851 17 1 52
852 17 1 53
853 17 1 54
854 17 1 55
855 17 1 56
856 17 1 57
857 17 1 58
858 17 1 59
859 17 1 60
860 17 1 61
861 17 1 62
862 17 1 63
863 17 1 64
864 17 1 65
865 17 1 66
866 17 1 67
867 17 1 68
868 17 1 69
869 17 1 70
870 17 1 71
871 17 1 72
872 17 1 73
873 18 1 36
874 18 1 37
875 18 1 38
876 18 1 39
877 18 1 40
878 18 1 41
879 18 1 42
880 18 1 43
881 18 1 44
882 18 1 45
883 18 1 46
884 18 1 47
885 18 1 48
886 18 1 49
887 18 1 50
888 18 1 51
889 18 1 52
890 18 1 53
891 18 1 54
892 18 1 55
893 18 1 56
894 18 1 57
895 18 1 58
896 18 1 59
897 18 1 60
898 18 1 61
899 18 1 62
900 18 1 63
901 18 1 64
902 18 1 65
903 18 1 66
904 18 1 67
905 18 1 68
906 18 1 69
907 18 1 70
908 18 1 71
909 18 1 72
910 18 1 73
911 18 1 74
912 19 1 38
913 19 1 39
914 19 1 40
915 19 1 41
916 19 1 42
917 19 1 43
918 19 1 44
919 19 1 45
920 19 1 46
921 19 1 47
922 19 1 48
923 19 1 49
924 19 1 50
925 19 1 51
926 19 1 52
927 19 1 53
928 19 1 54
929 19 1 55
930 19 1 56
931 19 1 57
932 19 1 58
933 19 1 59
934 19 1 60
935 19 1 61
936 19 1 62
937 19 1 63
938 19 1 64
939 19 1 65
940 19 1 66
941 19 1 67
942 19 1 68
943 19 1 69
944 19 1 70
945 19 1 71
946 19 1 72
947 19 1 73
948 19 1 74
949 19 1 75
950 20 1 40
951 20 1 41
952 20 1 42
953 20 1 43
954 20 1 44
955 20 1 45
956 20 1 46
957 20 1 47
958 20 1 48
959 20 1 49
960 20 1 50
961 20 1 51
962 20 1 52
963 20 1 53
964 20 1 54
965 20 1 55
966 20 1 56
967 20 1 57
968 20 1 58
969 20 1 59
970 20 1 60
971 20 1 61
972 20 1 62
973 20 1 63
974 20 1 64
975 20 1 65
976 20 1 66
977 20 1 67
978 20 1 68
979 20 1 69
980 20 1 70
981 20 1 71
982 20 1 72
983 20 1 73
984 20 1 74
985 20 1 75
986 20 1 76
987 21 1 42
988 21 1 43
989 21 1 44
990 21 1 45
991 21 1 46
992 21 1 47
993 21 1 48
994 21 1 49
995 21 1 50
996 21 1 51
997 21 1 52
998 21 1 53
999 21 1 54
1000 21 1 55
1001 21 1 56
1002 21 1 57
1003 21 1 58
1004 21 1 59
1005 21 1 60
1006 21 1 61
1007 21 1 62
1008 21 1 63
1009 21 1 64
1010 21 1 65
1011 21 1 66
1012 21 1 67
1013 21 1 68
1014 21 1 69
1015 21 1 70
1016 21 1 71
1017 21 1 72
1018 21 1 73
1019 21 1 74
1020 21 1 75
1021 21 1 76
1022 21 1 77
1023 22 1 44
1024 22 1 45
1025 22 1 46
1026 22 1 47
1027 22 1 48
1028 22 1 49
1029 22 1 50
1030 22 1 51
1031 22 1 52
1032 22 1 53
1033 22 1 54
1034 22 1 55
1035 22 1 56
1036 22 1 57
1037 22 1 58
1038 22 1 59
1039 22 1 60
1040 22 1 61
1041 22 1 62
1042 22 1 63
1043 22 1 64
1044 22 1 65
1045 22 1 66
1046 22 1 67
1047 22 1 68
1048 22 1 69
1049 22 1 70
1050 22 1 71
1051 22 1 72
1052 22 1 73
1053 22 1 74
1054 22 1 75
1055 22 1 76
1056 22 1 77
1057 22 1 78
1058 23 1 46
1059 23 1 47
1060 23 1 48
1061 23 1 49
1062 23 1 50
1063 23 1 51
1064 23 1 52
1065 23 1 53
1066 23 1 54
1067 23 1 55
1068 23 1 56
1069 23 1 57
1070 23 1 58
1071 23 1 59
1072 23 1 60
1073 23 1 61
1074 23 1 62
1075 23 1 63
1076 23 1 64
1077 23 1 65
1078 23 1 66
1079 23 1 67
1080 23 1 68
1081 23 1 69
1082 23 1 70
1083 23 1 71
1084 23 1 72
1085 23 1 73
1086 23 1 74
1087 23 1 75
1088 23 1 76
1089 23 1 77
1090 23 1 78
1091 23 1 79
1092 24 1 48
1093 24 1 49
1094 24 1 50
1095 24 1 51
1096 24 1 52
1097 24 1 53
1098 24 1 54
1099 24 1 55
1100 24 1 56
1101 24 1 57
1102 24 1 58
1103 24 1 59
1104 24 1 60
1105 24 1 61
1106 24 1 62
1107 24 1 63
1108 24 1 64
1109 24 1 65
1110 24 1 66
1111 24 1 67
1112 24 1 68
1113 24 1 69
1114 24 1 70
1115 24 1 71
1116 24 1 72
1117 24 1 73
1118 24 1 74
1119 24 1 75
1120 24 1 76
1121 24 1 77
1122 24 1 78
1123 24 1 79
1124 24 1 80
1125 25 1 50
1126 25 1 51
1127 25 1 52
1128 25 1 53
1129 25 1 54
1130 25 1 55
1131 25 1 56
1132 25 1 57
1133 25 1 58
1134 25 1 59
1135 25 1 60
1136 25 1 61
1137 25 1 62
1138 25 1 63
1139 25 1 64
1140 25 1 65
1141 25 1 66
1142 25 1 67
1143 25 1 68
1144 25 1 69
1145 25 1 70
1146 25 1 71
1147 25 1 72
1148 25 1 73
1149 25 1 74
1150 25 1 75
1151 25 1 76
1152 25 1 77
1153 25 1 78
1154 25 1 79
1155 25 1 80
1156 25 1 81
1157 26 1 52
1158 26 1 53
1159 26 1 54
1160 26 1 55
1161 26 1 56
1162 26 1 57
1163 26 1 58
1164 26 1 59
1165 26 1 60
1166 26 1 61
1167 26 1 62
1168 26 1 63
1169 26 1 64
1170 26 1 65
1171 26 1 66
1172 26 1 67
1173 26 1 68
1174 26 1 69
1175 26 1 70
1176 26 1 71
1177 26 1 72
1178 26 1 73
1179 26 1 74
1180 26 1 75
1181 26 1 76
1182 26 1 77
1183 26 1 78
1184 26 1 79
1185 26 1 80
1186 26 1 81
1187 26 1 82
1188 27 1 54
1189 27 1 55
1190 27 1 56
1191 27 1 57
1192 27 1 58
1193 27 1 59
1194 27 1 60
1195 27 1 61
1196 27 1 62
1197 27 1 63
1198 27 1 64
1199 27 1 65
1200 27 1 66
1201 27 1 67
1202 27 1 68
1203 27 1 69
1204 27 1 70
1205 27 1 71
1206 27 1 72
1207 27 1 73
1208 27 1 74
1209 27 1 75
1210 27 1 76
1211 27 1 77
1212 27 1 78
1213 27 1 79
1214 27 1 80
1215 27 1 81
1216 27 1 82
1217 27 1 83
1218 28 1 56
1219 28 1 57
1220 28 1 58
1221 28 1 59
1222 28 1 60
1223 28 1 61
1224 28 1 62
1225 28 1 63
1226 28 1 64
1227 28 1 65
1228 28 1 66
1229 28 1 67
1230 28 1 68
1231 28 1 69
1232 28 1 70
1233 28 1 71
1234 28 1 72
1235 28 1 73
1236 28 1 74
1237 28 1 75
1238 28 1 76
1239 28 1 77
1240 28 1 78
1241 28 1 79
1242 28 1 80
1243 28 1 81
1244 28 1 82
1245 28 1 83
1246 28 1 84
1247 29 1 58
1248 29 1 59
1249 29 1 60
1250 29 1 61
1251 29 1 62
1252 29 1 63
1253 29 1 64
1254 29 1 65
1255 29 1 66
1256 29 1 67
1257 29 1 68
1258 29 1 69
1259 29 1 70
1260 29 1 71
1261 29 1 72
1262 29 1 73
1263 29 1 74
1264 29 1 75
1265 29 1 76
1266 29 1 77
1267 29 1 78
1268 29 1 79
1269 29 1 80
1270 29 1 81
1271 29 1 82
1272 29 1 83
1273 29 1 84
1274 29 1 85
1275 30 1 60
1276 30 1 61
1277 30 1 62
1278 30 1 63
1279 30 1 64
1280 30 1 65
1281 30 1 66
1282 30 1 67
1283 30 1 68
1284 30 1 69
1285 30 1 70
1286 30 1 71
1287 30 1 72
1288 30 1 73
1289 30 1 74
1290 30 1 75
1291 30 1 76
1292 30 1 77
1293 30 1 78
1294 30 1 79
1295 30 1 80
1296 30 1 81
1297 30 1 82
1298 30 1 83
1299 30 1 84
1300 30 1 85
1301 30 1 86
1302 31 1 62
1303 31 1 63
1304 31 1 64
1305 31 1 65
1306 31 1 66
1307 31 1 67
1308 31 1 68
1309 31 1 69
1310 31 1 70
1311 31 1 71
1312 31 1 72
1313 31 1 73
1314 31 1 74
1315 31 1 75
1316 31 1 76
1317 31 1 77
1318 31 1 78
1319 31 1 79
1320 31 1 80
1321 31 1 81
1322 31 1 82
1323 31 1 83
1324 31 1 84
1325 31 1 85
1326 31 1 86
1327 31 1 87
1328 32 1 64
1329 32 1 65
1330 32 1 66
1331 32 1 67
1332 32 1 68
1333 32 1 69
1334 32 1 70
1335 32 1 71
1336 32 1 72
1337 32 1 73
1338 32 1 74
1339 32 1 75
1340 32 1 76
1341 32 1 77
1342 32 1 78
1343 32 1 79
1344 32 1 80
1345 32 1 81
1346 32 1 82
1347 32 1 83
1348 32 1 84
1349 32 1 85
1350 32 1 86
1351 32 1 87
1352 32 1 88
1353 33 1 66
1354 33 1 67
1355 33 1 68
1356 33 1 69
1357 33 1 70
1358 33 1 71
1359 33 1 72
1360 33 1 73
1361 33 1 74
1362 33 1 75
1363 33 1 76
1364 33 1 77
1365 33 1 78
1366 33 1 79
1367 33 1 80
1368 33 1 81
1369 33 1 82
1370 33 1 83
1371 33 1 84
1372 33 1 85
1373 33 1 86
1374 33 1 87
1375 33 1 88
1376 33 1 89
1377 34 1 68
1378 34 1 69
1379 34 1 70
1380 34 1 71
1381 34 1 72
1382 34 1 73
1383 34 1 74
1384 34 1 75
1385 34 1 76
1386 34 1 77
1387 34 1 78
1388 34 1 79
1389 34 1 80
1390 34 1 81
1391 34 1 82
1392 34 1 83
1393 34 1 84
1394 34 1 85
1395 34 1 86
1396 34 1 87
1397 34 1 88
1398 34 1 89
1399 34 1 90
1400 35 1 70
1401 35 1 71
1402 35 1 72
1403 35 1 73
1404 35 1 74
1405 35 1 75
1406 35 1 76
1407 35 1 77
1408 35 1 78
1409 35 1 79
1410 35 1 80
1411 35 1 81
1412 35 1 82
1413 35 1 83
1414 35 1 84
1415 35 1 85
1416 35 1 86
1417 35 1 87
1418 35 1 88
1419 35 1 89
1420 35 1 90
1421 35 1 91
1422 36 1 72
1423 36 1 73
1424 36 1 74
1425 36 1 75
1426 36 1 76
1427 36 1 77
1428 36 1 78
1429 36 1 79
1430 36 1 80
1431 36 1 81
1432 36 1 82
1433 36 1 83
1434 36 1 84
1435 36 1 85
1436 36 1 86
1437 36 1 87
1438 36 1 88
1439 36 1 89
1440 36 1 90
1441 36 1 91
1442 36 1 92
1443 37 1 74
1444 37 1 75
1445 37 1 76
1446 37 1 77
1447 37 1 78
1448 37 1 79
1449 37 1 80
1450 37 1 81
1451 37 1 82
1452 37 1 83
1453 37 1 84
1454 37 1 85
1455 37 1 86
1456 37 1 87
1457 37 1 88
1458 37 1 89
1459 37 1 90
1460 37 1 91
1461 37 1 92
1462 37 1 93
1463 38 1 76
1464 38 1 77
1465 38 1 78
1466 38 1 79
1467 38 1 80
1468 38 1 81
1469 38 1 82
1470 38 1 83
1471 38 1 84
1472 38 1 85
1473 38 1 86
1474 38 1 87
1475 38 1 88
1476 38 1 89
1477 38 1 90
1478 38 1 91
1479 38 1 92
1480 38 1 93
1481 38 1 94
1482 39 1 78
1483 39 1 79
1484 39 1 80
1485 39 1 81
1486 39 1 82
1487 39 1 83
1488 39 1 84
1489 39 1 85
1490 39 1 86
1491 39 1 87
1492 39 1 88
1493 39 1 89
1494 39 1 90
1495 39 1 91
1496 39 1 92
1497 39 1 93
1498 39 1 94
1499 39 1 95
1500 40 1 80
1501 40 1 81
1502 40 1 82
1503 40 1 83
1504 40 1 84
1505 40 1 85
1506 40 1 86
1507 40 1 87
1508 40 1 88
1509 40 1 89
1510 40 1 90
1511 40 1 91
1512 40 1 92
1513 40 1 93
1514 40 1 94
1515 40 1 95
1516 40 1 96
1517 41 1 82
1518 41 1 83
1519 41 1 84
1520 41 1 85
1521 41 1 86
1522 41 1 87
1523 41 1 88
1524 41 1 89
1525 41 1 90
1526 41 1 91
1527 41 1 92
1528 41 1 93
1529 41 1 94
1530 41 1 95
1531 41 1 96
1532 41 1 97
1533 42 1 84
1534 42 1 85
1535 42 1 86
1536 42 1 87
1537 42 1 88
1538 42 1 89
1539 42 1 90
1540 42 1 91
1541 42 1 92
1542 42 1 93
1543 42 1 94
1544 42 1 95
1545 42 1 96
1546 42 1 97
1547 42 1 98
1548 43 1 86
1549 43 1 87
1550 43 1 88
1551 43 1 89
1552 43 1 90
1553 43 1 91
1554 43 1 92
1555 43 1 93
1556 43 1 94
1557 43 1 95
1558 43 1 96
1559 43 1 97
1560 43 1 98
1561 43 1 99
1562 44 1 88
1563 44 1 89
1564 44 1 90
1565 44 1 91
1566 44 1 92
1567 44 1 93
1568 44 1 94
1569 44 1 95
1570 44 1 96
1571 44 1 97
1572 44 1 98
1573 44 1 99
1574 44 1 100
1575 45 1 90
1576 45 1 91
1577 45 1 92
1578 45 1 93
1579 45 1 94
1580 45 1 95
1581 45 1 96
1582 45 1 97
1583 45 1 98
1584 45 1 99
1585 45 1 100
1586 45 1 101
1587 46 1 92
1588 46 1 93
1589 46 1 94
1590 46 1 95
1591 46 1 96
1592 46 1 97
1593 46 1 98
1594 46 1 99
1595 46 1 100
1596 46 1 101
1597 46 1 102
1598 47 1 94
1599 47 1 95
1600 47 1 96
1601 47 1 97
1602 47 1 98
1603 47 1 99
1604 47 1 100
1605 47 1 101
1606 47 1 102
1607 47 1 103
1608 48 1 96
1609 48 1 97
1610 48 1 98
1611 48 1 99
1612 48 1 100
1613 48 1 101
1614 48 1 102
1615 48 1 103
1616 48 1 104
1617 49 1 98
1618 49 1 99
1619 49 1 100
1620 49 1 101
1621 49 1 102
1622 49 1 103
1623 49 1 104
1624 49 1 105
1625 50 1 100
1626 50 1 101
1627 50 1 102
1628 50 1 103
1629 50 1 104
1630 50 1 105
1631 50 1 106
1632 51 1 102
1633 51 1 103
1634 51 1 104
1635 51 1 105
1636 51 1 106
1637 51 1 107
1638 52 1 104
1639 52 1 105
1640 52 1 106
1641 52 1 107
1642 52 1 108
1643 53 1 106
1644 53 1 107
1645 53 1 108
1646 53 1 109
1647 54 1 108
1648 54 1 109
1649 54 1 110
1650 55 1 110
1651 55 1 111
1652 56 1 112
1653 57 7 114
1654 56 9 113
1655 55 10 112
1656 54 5 111
1657 53 8 110
1658 52 4 109
1659 51 2 108
1660 50 1 107
1661 49 6 106
1662 48 3 105
1663 47 7 104
1664 46 9 103
1665 45 10 102
1666 44 5 101
1667 43 8 100
1668 42 4 99
1669 41 2 98
1670 40 1 97
1671 39 6 96
1672 38 3 95
1673 37 7 94
1674 36 9 93
1675 35 10 92
1676 34 5 91
1677 33 8 90
1678 32 4 89
1679 31 2 88
1680 30 1 87
1681 29 6 86
1682 28 3 85
1683 27 7 84
1684 26 9 83
1685 25 10 82
1686 24 5 81
1687 23 8 80
1688 22 4 79
1689 21 2 78
1690 20 1 77
1691 19 6 76
1692 18 3 75
1693 17 7 74
1694 16 9 73
1695 15 10 72
1696 14 5 71
1697 13 8 70
1698 12 4 69
1699 11 2 68
1700 10 1 67
1701 9 6 66
1702 8 3 65
1703 7 7 64
1704 6 9 63
1705 5 10 62
1706 4 5 61
1707 58 7 116
1708 57 9 115
1709 56 10 114
1710 55 5 113
1711 54 8 112
1712 53 4 111
1713 52 2 110
1714 51 1 109
1715 50 6 108
1716 49 3 107
1717 48 7 106
1718 47 9 105
1719 46 10 104
1720 45 5 103
1721 44 8 102
1722 43 4 101
1723 42 2 100
1724 41 1 99
1725 40 6 98
1726 39 3 97
1727 38 7 96
1728 37 9 95
1729 36 10 94
1730 35 5 93
1731 34 8 92
1732 33 4 91
1733 32 2 90
1734 31 1 89
1735 30 6 88
1736 29 3 87
1737 28 7 86
1738 27 9 85
1739 26 10 84
1740 25 5 83
1741 24 8 82
1742 23 4 81
1743 22 2 80
1744 21 1 79
1745 20 6 78
1746 19 3 77
1747 18 7 76
1748 17 9 75
1749 16 10 74
1750 15 5 73
1751 14 8 72
1752 13 4 71
1753 12 2 70
1754 11 1 69
1755 10 6 68
1756 9 3 67
1757 8 7 66
1758 7 9 65
1759 6 10 64
1760 59 7 118
1761 58 9 117
1762 57 10 116
1763 56 5 115
1764 55 8 114
1765 54 4 113
1766 53 2 112
1767 52 1 111
1768 51 6 110
1769 50 3 109
1770 49 7 108
1771 48 9 107
1772 47 10 106
1773 46 5 105
1774 45 8 104
1775 44 4 103
1776 43 2 102
1777 42 1 101
1778 41 6 100
1779 40 3 99
1780 39 7 98
1781 38 9 97
1782 37 10 96
1783 36 5 95
1784 35 8 94
1785 34 4 93
1786 33 2 92
1787 32 1 91
1788 31 6 90
1789 30 3 89
1790 29 7 88
1791 28 9 87
1792 27 10 86
1793 26 5 85
1794 25 8 84
1795 24 4 83
1796 23 2 82
1797 22 1 81
1798 21 6 80
1799 20 3 79
1800 19 7 78
1801 18 9 77
1802 17 10 76
1803 16 5 75
1804 15 8 74
1805 14 4 73
1806 13 2 72
1807 12 1 71
1808 11 6 70
1809 10 3 69
1810 9 7 68
1811 8 9 67
1812 60 7 120
1813 59 9 119
1814 58 10 118
1815 57 5 117
1816 56 8 116
1817 55 4 115
1818 54 2 114
1819 53 1 113
1820 52 6 112
1821 51 3 111
1822 50 7 110
1823 49 9 109
1824 48 10 108
1825 47 5 107
1826 46 8 106
1827 45 4 105
1828 44 2 104
1829 43 1 103
1830 42 6 102
1831 41 3 101
1832 40 7 100
1833 39 9 99
1834 38 10 98
1835 37 5 97
1836 36 8 96
1837 35 4 95
1838 34 2 94
1839 33 1 93
1840 32 6 92
1841 31 3 91
1842 30 7 90
1843 29 9 89
1844 28 10 88
1845 27 5 87
1846 26 8 86
1847 25 4 85
1848 24 2 84
1849 23 1 83
1850 22 6 82
1851 21 3 81
1852 20 7 80
1853 19 9 79
1854 18 10 78
1855 17 5 77
1856 16 8 76
1857 15 4 75
1858 14 2 74
1859 13 1 73
1860 12 6 72
1861 11 3 71
1862 10 7 70
1863 61 7 122
1864 60 9 121
1865 59 10 120
1866 58 5 119
1867 57 8 118
1868 56 4 117
1869 55 2 116
1870 54 1 115
1871 53 6 114
1872 52 3 113
1873 51 7 112
1874 50 9 111
1875 49 10 110
1876 48 5 109
1877 47 8 108
1878 46 4 107
1879 45 2 106
1880 44 1 105
1881 43 6 104
1882 42 3 103
1883 41 7 102
1884 40 9 101
1885 39 10 100
1886 38 5 99
1887 37 8 98
1888 36 4 97
1889 35 2 96
1890 34 1 95
1891 33 6 94
1892 32 3 93
1893 31 7 92
1894 30 9 91
1895 29 10 90
1896 28 5 89
1897 27 8 88
1898 26 4 87
1899 25 2 86
1900 24 1 85
1901 23 6 84
1902 22 3 83
1903 21 7 82
1904 20 9 81
1905 19 10 80
1906 18 5 79
1907 17 8 78
1908 16 4 77
1909 15 2 76
1910 14 1 75
1911 13 6 74
1912 12 3 73
1913 62 7 124
1914 61 9 123
1915 60 10 122
1916 59 5 121
1917 58 8 120
1918 57 4 119
1919 56 2 118
1920 55 1 117
1921 54 6 116
1922 53 3 115
1923 52 7 114
1924 51 9 113
1925 50 10 112
1926 49 5 111
1927 48 8 110
1928 47 4 109
1929 46 2 108
1930 45 1 107
1931 44 6 106
1932 43 3 105
1933 42 7 104
1934 41 9 103
1935 40 10 102
1936 39 5 101
1937 38 8 100
1938 37 4 99
1939 36 2 98
1940 35 1 97
1941 34 6 96
1942 33 3 95
1943 32 7 94
1944 31 9 93
1945 30 10 92
1946 29 5 91
1947 28 8 90
1948 27 4 89
1949 26 2 88
1950 25 1 87
1951 24 6 86
1952 23 3 85
1953 22 7 84
1954 21 9 83
1955 20 10 82
1956 19 5 81
1957 18 8 80
1958 17 4 79
1959 16 2 78
1960 15 1 77
1961 14 6 76
1962 63 7 126
1963 62 9 125
1964 61 10 124
1965 60 5 123
1966 59 8 122
1967 58 4 121
1968 57 2 120
1969 56 1 119
1970 55 6 118
1971 54 3 117
1972 53 7 116
1973 52 9 115
1974 51 10 114
1975 50 5 113
1976 49 8 112
1977 48 4 111
1978 47 2 110
1979 46 1 109
1980 45 6 108
1981 44 3 107
1982 43 7 106
1983 42 9 105
1984 41 10 104
1985 40 5 103
1986 39 8 102
1987 38 4 101
1988 37 2 100
1989 36 1 99
1990 35 6 98
1991 34 3 97
1992 33 7 96
1993 32 9 95
1994 31 10 94
1995 30 5 93
1996 29 8 92
1997 28 4 91
1998 27 2 90
1999 26 1 89
2000 25 6 88
2001 24 3 87
2002 23 7 86
2003 22 9 85
2004 21 10 84
2005 20 5 83
2006 19 8 82
2007 18 4 81
2008 17 2 80
2009 16 1 79
2010 64 7 128
2011 63 9 127
2012 62 10 126
2013 61 5 125
2014 60 8 124
2015 59 4 123
2016 58 2 122
2017 57 1 121
2018 56 6 120
2019 55 3 119
2020 54 7 118
2021 53 9 117
2022 52 10 116
2023 51 5 115
2024 50 8 114
2025 49 4 113
2026 48 2 112
2027 47 1 111
2028 46 6 110
2029 45 3 109
2030 44 7 108
2031 43 9 107
2032 42 10 106
2033 41 5 105
2034 40 8 104
2035 39 4 103
2036 38 2 102
2037 37 1 101
2038 36 6 100
2039 35 3 99
2040 34 7 98
2041 33 9 97
2042 32 10 96
2043 31 5 95
2044 30 8 94
2045 29 4 93
2046 28 2 92
2047 27 1 91
2048 26 6 90
2049 25 3 89
2050 24 7 88
2051 23 9 87
2052 22 10 86
2053 21 5 85
2054 20 8 84
2055 19 4 83
2056 18 2 82
2057 65 7 130
2058 64 9 129
2059 63 10 128
2060 62 5 127
2061 61 8 126
2062 60 4 125
2063 59 2 124
2064 58 1 123
2065 57 6 122
2066 56 3 121
2067 55 7 120
2068 54 9 119
2069 53 10 118
2070 52 5 117
2071 51 8 116
2072 50 4 115
2073 49 2 114
2074 48 1 113
2075 47 6 112
2076 46 3 111
2077 45 7 110
2078 44 9 109
2079 43 10 108
2080 42 5 107
2081 41 8 106
2082 40 4 105
2083 39 2 104
2084 38 1 103
2085 37 6 102
2086 36 3 101
2087 35 7 100
2088 34 9 99
2089 33 10 98
2090 32 5 97
2091 31 8 96
2092 30 4 95
2093 29 2 94
2094 28 1 93
2095 27 6 92
2096 26 3 91
2097 25 7 90
2098 24 9 89
2099 23 10 88
2100 22 5 87
2101 21 8 86
2102 20 4 85
2103 66 7 132
2104 65 9 131
2105 64 10 130
2106 63 5 129
2107 62 8 128
2108 61 4 127
2109 60 2 126
2110 59 1 125
2111 58 6 124
2112 57 3 123
2113 56 7 122
2114 55 9 121
2115 54 10 120
2116 53 5 119
2117 52 8 118
2118 51 4 117
2119 50 2 116
2120 49 1 115
2121 48 6 114
2122 47 3 113
2123 46 7 112
2124 45 9 111
2125 44 10 110
2126 43 5 109
2127 42 8 108
2128 41 4 107
2129 40 2 106
2130 39 1 105
2131 38 6 104
2132 37 3 103
2133 36 7 102
2134 35 9 101
2135 34 10 100
2136 33 5 99
2137 32 8 98
2138 31 4 97
2139 30 2 96
2140 29 1 95
2141 28 6 94
2142 27 3 93
2143 26 7 92
2144 25 9 91
2145 24 10 90
2146 23 5 89
2147 22 8 88
2148 67 7 134
2149 66 9 133
2150 65 10 132
2151 64 5 131
2152 63 8 130
2153 62 4 129
2154 61 2 128
2155 60 1 127
2156 59 6 126
2157 58 3 125
2158 57 7 124
2159 56 9 123
2160 55 10 122
2161 54 5 121
2162 53 8 120
2163 52 4 119
2164 51 2 118
2165 50 1 117
2166 49 6 116
2167 48 3 115
2168 47 7 114
2169 46 9 113
2170 45 10 112
2171 44 5 111
2172 43 8 110
2173 42 4 109
2174 41 2 108
2175 40 1 107
2176 39 6 106
2177 38 3 105
2178 37 7 104
2179 36 9 103
2180 35 10 102
2181 34 5 101
2182 33 8 100
2183 32 4 99
2184 31 2 98
2185 30 1 97
2186 29 6 96
2187 28 3 95
2188 27 7 94
2189 26 9 93
2190 25 10 92
2191 24 5 91
2192 68 7 136
2193 67 9 135
2194 66 10 134
2195 65 5 133
2196 64 8 132
2197 63 4 131
2198 62 2 130
2199 61 1 129
2200 60 6 128
2201 59 3 127
2202 58 7 126
2203 57 9 125
2204 56 10 124
2205 55 5 123
2206 54 8 122
2207 53 4 121
2208 52 2 120
2209 51 1 119
2210 50 6 118
2211 49 3 117
2212 48 7 116
2213 47 9 115
2214 46 10 114
2215 45 5 113
2216 44 8 112
2217 43 4 111
2218 42 2 110
2219 41 1 109
2220 40 6 108
2221 39 3 107
2222 38 7 106
2223 37 9 105
2224 36 10 104
2225 35 5 103
2226 34 8 102
2227 33 4 101
2228 32 2 100
2229 31 1 99
2230 30 6 98
2231 29 3 97
2232 28 7 96
2233 27 9 95
2234 26 10 94
2235 69 7 138
2236 68 9 137
2237 67 10 136
2238 66 5 135
2239 65 8 134
2240 64 4 133
2241 63 2 132
2242 62 1 131
2243 61 6 130
2244 60 3 129
2245 59 7 128
2246 58 9 127
2247 57 10 126
2248 56 5 125
2249 55 8 124
2250 54 4 123
2251 53 2 122
2252 52 1 121
2253 51 6 120
2254 50 3 119
2255 49 7 118
2256 48 9 117
2257 47 10 116
2258 46 5 115
2259 45 8 114
2260 44 4 113
2261 43 2 112
2262 42 1 111
2263 41 6 110
2264 40 3 109
2265 39 7 108
2266 38 9 107
2267 37 10 106
2268 36 5 105
2269 35 8 104
2270 34 4 103
2271 33 2 102
2272 32 1 101
2273 31 6 100
2274 30 3 99
2275 29 7 98
2276 28 9 97
2277 70 7 140
2278 69 9 139
2279 68 10 138
2280 67 5 137
2281 66 8 136
2282 65 4 135
2283 64 2 134
2284 63 1 133
2285 62 6 132
2286 61 3 131
2287 60 7 130
2288 59 9 129
2289 58 10 128
2290 57 5 127
2291 56 8 126
2292 55 4 125
2293 54 2 124
2294 53 1 123
2295 52 6 122
2296 51 3 121
2297 50 7 120
2298 49 9 119
2299 48 10 118
2300 47 5 117
2301 46 8 116
2302 45 4 115
2303 44 2 114
2304 43 1 113
2305 42 6 112
2306 41 3 111
2307 40 7 110
2308 39 9 109
2309 38 10 108
2310 37 5 107
2311 36 8 106
2312 35 4 105
2313 34 2 104
2314 33 1 103
2315 32 6 102
2316 31 3 101
2317 30 7 100
2318 71 7 142
2319 70 9 141
2320 69 10 140
2321 68 5 139
2322 67 8 138
2323 66 4 137
2324 65 2 136
2325 64 1 135
2326 63 6 134
2327 62 3 133
2328 61 7 132
2329 60 9 131
2330 59 10 130
2331 58 5 129
2332 57 8 128
2333 56 4 127
2334 55 2 126
2335 54 1 125
2336 53 6 124
2337 52 3 123
2338 51 7 122
2339 50 9 121
2340 49 10 120
2341 48 5 119
2342 47 8 118
2343 46 4 117
2344 45 2 116
2345 44 1 115
2346 43 6 114
2347 42 3 113
2348 41 7 112
2349 40 9 111
2350 39 10 110
2351 38 5 109
2352 37 8 108
2353 36 4 107
2354 35 2 106
2355 34 1 105
2356 33 6 104
2357 32 3 103
2358 72 7 144
2359 71 9 143
2360 70 10 142
2361 69 5 141
2362 68 8 140
2363 67 4 139
2364 66 2 138
2365 65 1 137
2366 64 6 136
2367 63 3 135
2368 62 7 134
2369 61 9 133
2370 60 10 132
2371 59 5 131
2372 58 8 130
2373 57 4 129
2374 56 2 128
2375 55 1 127
2376 54 6 126
2377 53 3 125
2378 52 7 124
2379 51 9 123
2380 50 10 122
2381 49 5 121
2382 48 8 120
2383 47 4 119
2384 46 2 118
2385 45 1 117
2386 44 6 116
2387 43 3 115
2388 42 7 114
2389 41 9 113
2390 40 10 112
2391 39 5 111
2392 38 8 110
2393 37 4 109
2394 36 2 108
2395 35 1 107
2396 34 6 106
2397 73 7 146
2398 72 9 145
2399 71 10 144
2400 70 5 143
2401 69 8 142
2402 68 4 141
2403 67 2 140
2404 66 1 139
2405 65 6 138
2406 64 3 137
2407 63 7 136
2408 62 9 135
2409 61 10 134
2410 60 5 133
2411 59 8 132
2412 58 4 131
2413 57 2 130
2414 56 1 129
2415 55 6 128
2416 54 3 127
2417 53 7 126
2418 52 9 125
2419 51 10 124
2420 50 5 123
2421 49 8 122
2422 48 4 121
2423 47 2 120
2424 46 1 119
2425 45 6 118
2426 44 3 117
2427 43 7 116
2428 42 9 115
2429 41 10 114
2430 40 5 113
2431 39 8 112
2432 38 4 111
2433 37 2 110
2434 36 1 109
2435 74 7 148
2436 73 9 147
2437 72 10 146
2438 71 5 145
2439 70 8 144
2440 69 4 143
2441 68 2 142
2442 67 1 141
2443 66 6 140
2444 65 3 139
2445 64 7 138
2446 63 9 137
2447 62 10 136
2448 61 5 135
2449 60 8 134
2450 59 4 133
2451 58 2 132
2452 57 1 131
2453 56 6 130
2454 55 3 129
2455 54 7 128
2456 53 9 127
2457 52 10 126
2458 51 5 125
2459 50 8 124
2460 49 4 123
2461 48 2 122
2462 47 1 121
2463 46 6 120
2464 45 3 119
2465 44 7 118
2466 43 9 117
2467 42 10 116
2468 41 5 115
2469 40 8 114
2470 39 4 113
2471 38 2 112
2472 75 7 150
2473 74 9 149
2474 73 10 148
2475 72 5 147
2476 71 8 146
2477 70 4 145
2478 69 2 144
2479 68 1 143
2480 67 6 142
2481 66 3 141
2482 65 7 140
2483 64 9 139
2484 63 10 138
2485 62 5 137
2486 61 8 136
2487 60 4 135
2488 59 2 134
2489 58 1 133
2490 57 6 132
2491 56 3 131
2492 55 7 130
2493 54 9 129
2494 53 10 128
2495 52 5 127
2496 51 8 126
2497 50 4 125
2498 49 2 124
2499 48 1 123
2500 47 6 122
2501 46 3 121
2502 45 7 120
2503 44 9 119
2504 43 10 118
2505 42 5 117
2506 41 8 116
2507 40 4 115
2508 76 7 152
2509 75 9 151
2510 74 10 150
2511 73 5 149
2512 72 8 148
2513 71 4 147
2514 70 2 146
2515 69 1 145
2516 68 6 144
2517 67 3 143
2518 66 7 142
2519 65 9 141
2520 64 10 140
2521 63 5 139
2522 62 8 138
2523 61 4 137
2524 60 2 136
2525 59 1 135
2526 58 6 134
2527 57 3 133
2528 56 7 132
2529 55 9 131
2530 54 10 130
2531 53 5 129
2532 52 8 128
2533 51 4 127
2534 50 2 126
2535 49 1 125
2536 48 6 124
2537 47 3 123
2538 46 7 122
2539 45 9 121
2540 44 10 120
2541 43 5 119
2542 42 8 118
2543 77 7 154
2544 76 9 153
2545 75 10 152
2546 74 5 151
2547 73 8 150
2548 72 4 149
2549 71 2 148
2550 70 1 147
2551 69 6 146
2552 68 3 145
2553 67 7 144
2554 66 9 143
2555 65 10 142
2556 64 5 141
2557 63 8 140
2558 62 4 139
2559 61 2 138
2560 60 1 137
2561 59 6 136
2562 58 3 135
2563 57 7 134
2564 56 9 133
2565 55 10 132
2566 54 5 131
2567 53 8 130
2568 52 4 129
2569 51 2 128
2570 50 1 127
2571 49 6 126
2572 48 3 125
2573 47 7 124
2574 46 9 123
2575 45 10 122
2576 44 5 121
2577 78 7 156
2578 77 9 155
2579 76 10 154
2580 75 5 153
2581 74 8 152
2582 73 4 151
2583 72 2 150
2584 71 1 149
2585 70 6 148
2586 69 3 147
2587 68 7 146
2588 67 9 145
2589 66 10 144
2590 65 5 143
2591 64 8 142
2592 63 4 141
2593 62 2 140
2594 61 1 139
2595 60 6 138
2596 59 3 137
2597 58 7 136
2598 57 9 135
2599 56 10 134
2600 55 5 133
2601 54 8 132
2602 53 4 131
2603 52 2 130
2604 51 1 129
2605 50 6 128
2606 49 3 127
2607 48 7 126
2608 47 9 125
2609 46 10 124
2610 79 7 158
2611 78 9 157
2612 77 10 156
2613 76 5 155
2614 75 8 154
2615 74 4 153
2616 73 2 152
2617 72 1 151
2618 71 6 150
2619 70 3 149
2620 69 7 148
2621 68 9 147
2622 67 10 146
2623 66 5 145
2624 65 8 144
2625 64 4 143
2626 63 2 142
2627 62 1 141
2628 61 6 140
2629 60 3 139
2630 59 7 138
2631 58 9 137
2632 57 10 136
2633 56 5 135
2634 55 8 134
2635 54 4 133
2636 53 2 132
2637 52 1 131
2638 51 6 130
2639 50 3 129
2640 49 7 128
2641 48 9 127
2642 80 7 160
2643 79 9 159
2644 78 10 158
2645 77 5 157
2646 76 8 156
2647 75 4 155
2648 74 2 154
2649 73 1 153
2650 72 6 152
2651 71 3 151
2652 70 7 150
2653 69 9 149
2654 68 10 148
2655 67 5 147
2656 66 8 146
2657 65 4 145
2658 64 2 144
2659 63 1 143
2660 62 6 142
2661 61 3 141
2662 60 7 140
2663 59 9 139
2664 58 10 138
2665 57 5 137
2666 56 8 136
2667 55 4 135
2668 54 2 134
2669 53 1 133
2670 52 6 132
2671 51 3 131
2672 50 7 130
2673 81 7 162
2674 80 9 161
2675 79 10 160
2676 78 5 159
2677 77 8 158
2678 76 4 157
2679 75 2 156
2680 74 1 155
2681 73 6 154
2682 72 3 153
2683 71 7 152
2684 70 9 151
2685 69 10 150
2686 68 5 149
2687 67 8 148
2688 66 4 147
2689 65 2 146
2690 64 1 145
2691 63 6 144
2692 62 3 143
2693 61 7 142
2694 60 9 141
2695 59 10 140
2696 58 5 139
2697 57 8 138
2698 56 4 137
2699 55 2 136
2700 54 1 135
2701 53 6 134
2702 52 3 133
2703 82 7 164
2704 81 9 163
2705 80 10 162
2706 79 5 161
2707 78 8 160
2708 77 4 159
2709 76 2 158
2710 75 1 157
2711 74 6 156
2712 73 3 155
2713 72 7 154
2714 71 9 153
2715 70 10 152
2716 69 5 151
2717 68 8 150
2718 67 4 149
2719 66 2 148
2720 65 1 147
2721 64 6 146
2722 63 3 145
2723 62 7 144
2724 61 9 143
2725 60 10 142
2726 59 5 141
2727 58 8 140
2728 57 4 139
2729 56 2 138
2730 55 1 137
2731 54 6 136
2732 83 7 166
2733 82 9 165
2734 81 10 164
2735 80 5 163
2736 79 8 162
2737 78 4 161
2738 77 2 160
2739 76 1 159
2740 75 6 158
2741 74 3 157
2742 73 7 156
2743 72 9 155
2744 71 10 154
2745 70 5 153
2746 69 8 152
2747 68 4 151
2748 67 2 150
2749 66 1 149
2750 65 6 148
2751 64 3 147
2752 63 7 146
2753 62 9 145
2754 61 10 144
2755 60 5 143
2756 59 8 142
2757 58 4 141
2758 57 2 140
2759 56 1 139
2760 84 7 168
2761 83 9 167
2762 82 10 166
2763 81 5 165
2764 80 8 164
2765 79 4 163
2766 78 2 162
2767 77 1 161
2768 76 6 160
2769 75 3 159
2770 74 7 158
2771 73 9 157
2772 72 10 156
2773 71 5 155
2774 70 8 154
2775 69 4 153
2776 68 2 152
2777 67 1 151
2778 66 6 150
2779 65 3 149
2780 64 7 148
2781 63 9 147
2782 62 10 146
2783 61 5 145
2784 60 8 144
2785 59 4 143
2786 58 2 142
2787 85 7 170
2788 84 9 169
2789 83 10 168
2790 82 5 167
2791 81 8 166
2792 80 4 165
2793 79 2 164
2794 78 1 163
2795 77 6 162
2796 76 3 161
2797 75 7 160
2798 74 9 159
2799 73 10 158
2800 72 5 157
2801 71 8 156
2802 70 4 155
2803 69 2 154
2804 68 1 153
2805 67 6 152
2806 66 3 151
2807 65 7 150
2808 64 9 149
2809 63 10 148
2810 62 5 147
2811 61 8 146
2812 60 4 145
2813 86 7 172
2814 85 9 171
2815 84 10 170
2816 83 5 169
2817 82 8 168
2818 81 4 167
2819 80 2 166
2820 79 1 165
2821 78 6 164
2822 77 3 163
2823 76 7 162
2824 75 9 161
2825 74 10 160
2826 73 5 159
2827 72 8 158
2828 71 4 157
2829 70 2 156
2830 69 1 155
2831 68 6 154
2832 67 3 153
2833 66 7 152
2834 65 9 151
2835 64 10 150
2836 63 5 149
2837 62 8 148
2838 87 7 174
2839 86 9 173
2840 85 10 172
2841 84 5 171
2842 83 8 170
2843 82 4 169
2844 81 2 168
2845 80 1 167
2846 79 6 166
2847 78 3 165
2848 77 7 164
2849 76 9 163
2850 75 10 162
2851 74 5 161
2852 73 8 160
2853 72 4 159
2854 71 2 158
2855 70 1 157
2856 69 6 156
2857 68 3 155
2858 67 7 154
2859 66 9 153
2860 65 10 152
2861 64 5 151
2862 88 7 176
2863 87 9 175
2864 86 10 174
2865 85 5 173
2866 84 8 172
2867 83 4 171
2868 82 2 170
2869 81 1 169
2870 80 6 168
2871 79 3 167
2872 78 7 166
2873 77 9 165
2874 76 10 164
2875 75 5 163
2876 74 8 162
2877 73 4 161
2878 72 2 160
2879 71 1 159
2880 70 6 158
2881 69 3 157
2882 68 7 156
2883 67 9 155
2884 66 10 154
2885 89 7 178
2886 88 9 177
2887 87 10 176
2888 86 5 175
2889 85 8 174
2890 84 4 173
2891 83 2 172
2892 82 1 171
2893 81 6 170
2894 80 3 169
2895 79 7 168
2896 78 9 167
2897 77 10 166
2898 76 5 165
2899 75 8 164
2900 74 4 163
2901 73 2 162
2902 72 1 161
2903 71 6 160
2904 70 3 159
2905 69 7 158
2906 68 9 157
2907 90 7 180
2908 89 9 179
2909 88 10 178
2910 87 5 177
2911 86 8 176
2912 85 4 175
2913 84 2 174
2914 83 1 173
2915 82 6 172
2916 81 3 171
2917 80 7 170
2918 79 9 169
2919 78 10 168
2920 77 5 167
2921 76 8 166
2922 75 4 165
2923 74 2 164
2924 73 1 163
2925 72 6 162
2926 71 3 161
2927 70 7 160
2928 91 7 182
2929 90 9 181
2930 89 10 180
2931 88 5 179
2932 87 8 178
2933 86 4 177
2934 85 2 176
2935 84 1 175
2936 83 6 174
2937 82 3 173
2938 81 7 172
2939 80 9 171
2940 79 10 170
2941 78 5 169
2942 77 8 168
2943 76 4 167
2944 75 2 166
2945 74 1 165
2946 73 6 164
2947 72 3 163
2948 92 7 184
2949 91 9 183
2950 90 10 182
2951 89 5 181
2952 88 8 180
2953 87 4 179
2954 86 2 178
2955 85 1 177
2956 84 6 176
2957 83 3 175
2958 82 7 174
2959 81 9 173
2960 80 10 172
2961 79 5 171
2962 78 8 170
2963 77 4 169
2964 76 2 168
2965 75 1 167
2966 74 6 166
2967 93 7 186
2968 92 9 185
2969 91 10 184
2970 90 5 183
2971 89 8 182
2972 88 4 181
2973 87 2 180
2974 86 1 179
2975 85 6 178
2976 84 3 177
2977 83 7 176
2978 82 9 175
2979 81 10 174
2980 80 5 173
2981 79 8 172
2982 78 4 171
2983 77 2 170
2984 76 1 169
2985 94 7 188
2986 93 9 187
2987 92 10 186
2988 91 5 185
2989 90 8 184
2990 89 4 183
2991 88 2 182
2992 87 1 181
2993 86 6 180
2994 85 3 179
2995 84 7 178
2996 83 9 177
2997 82 10 176
2998 81 5 175
2999 80 8 174
3000 79 4 173
3001 78 2 172
3002 95 7 190
3003 94 9 189
3004 93 10 188
3005 92 5 187
3006 91 8 186
3007 90 4 185
3008 89 2 184
3009 88 1 183
3010 87 6 182
3011 86 3 181
3012 85 7 180
3013 84 9 179
3014 83 10 178
3015 82 5 177
3016 81 8 176
3017 80 4 175
3018 96 7 192
3019 95 9 191
3020 94 10 190
3021 93 5 189
3022 92 8 188
3023 91 4 187
3024 90 2 186
3025 89 1 185
3026 88 6 184
3027 87 3 183
3028 86 7 182
3029 85 9 181
3030 84 10 180
3031 83 5 179
3032 82 8 178
3033 97 7 194
3034 96 9 193
3035 95 10 192
3036 94 5 191
3037 93 8 190
3038 92 4 189
3039 91 2 188
3040 90 1 187
3041 89 6 186
3042 88 3 185
3043 87 7 184
3044 86 9 183
3045 85 10 182
3046 84 5 181
3047 98 7 196
3048 97 9 195
3049 96 10 194
3050 95 5 193
3051 94 8 192
3052 93 4 191
3053 92 2 190
3054 91 1 189
3055 90 6 188
3056 89 3 187
3057 88 7 186
3058 87 9 185
3059 86 10 184
3060 99 7 198
3061 98 9 197
3062 97 10 196
3063 96 5 195
3064 95 8 194
3065 94 4 193
3066 93 2 192
3067 92 1 191
3068 91 6 190
3069 90 3 189
3070 89 7 188
3071 88 9 187
3072 100 7 200
3073 99 9 199
3074 98 10 198
3075 97 5 197
3076 96 8 196
3077 95 4 195
3078 94 2 194
3079 93 1 193
3080 92 6 192
3081 91 3 191
3082 90 7 190
3083 101 7 202
3084 100 9 201
3085 99 10 200
3086 98 5 199
3087 97 8 198
3088 96 4 197
3089 95 2 196
3090 94 1 195
3091 93 6 194
3092 92 3 193
3093 102 7 204
3094 101 9 203
3095 100 10 202
3096 99 5 201
3097 98 8 200
3098 97 4 199
3099 96 2 198
3100 95 1 197
3101 94 6 196
3102 103 7 206
3103 102 9 205
3104 101 10 204
3105 100 5 203
3106 99 8 202
3107 98 4 201
3108 97 2 200
3109 96 1 199
3110 104 7 208
3111 103 9 207
3112 102 10 206
3113 101 5 205
3114 100 8 204
3115 99 4 203
3116 98 2 202
3117 105 7 210
3118 104 9 209
3119 103 10 208
3120 102 5 207
3121 101 8 206
3122 100 4 205
3123 106 7 212
3124 105 9 211
3125 104 10 210
3126 103 5 209
3127 102 8 208
3128 107 7 214
3129 106 9 213
3130 105 10 212
3131 104 5 211
3132 108 7 216
3133 107 9 215
3134 106 10 214
3135 109 7 218
3136 108 9 217
3137 110 7 220
3138 0 1 57
3139 0 1 58
3140 0 1 59
3141 0 1 60
3142 0 1 61
3143 0 1 62
3144 0 1 63
3145 0 1 64
3146 0 1 65
3147 0 1 66
3148 0 1 67
3149 0 1 68
3150 0 1 69
3151 0 1 70
3152 0 1 71
3153 0 1 72
3154 0 1 73
3155 0 1 74
3156 0 1 75
3157 0 1 76
3158 0 1 77
3159 0 1 78
3160 0 1 79
3161 0 1 80
3162 0 1 81
3163 0 1 82
3164 0 1 83
3165 0 1 84
3166 0 1 85
3167 0 1 86
3168 0 1 87
3169 0 1 88
3170 0 1 89
3171 0 1 90
3172 0 1 91
3173 0 1 92
3174 0 1 93
3175 0 1 94
3176 0 1 95
3177 0 1 96
3178 0 1 97
3179 0 1 98
3180 0 1 99
3181 0 1 100
3182 0 1 101
3183 0 1 102
3184 0 1 103
3185 0 1 104
3186 0 1 105
3187 1 1 58
3188 1 1 59
3189 1 1 60
3190 1 1 61
3191 1 1 62
3192 1 1 63
3193 1 1 64
3194 1 1 65
3195 1 1 66
3196 1 1 67
3197 1 1 68
3198 1 1 69
3199 1 1 70
3200 1 1 71
3201 1 1 72
3202 1 1 73
3203 1 1 74
3204 1 1 75
3205 1 1 76
3206 1 1 77
3207 1 1 78
3208 1 1 79
3209 1 1 80
3210 1 1 81
3211 1 1 82
3212 1 1 83
3213 1 1 84
3214 1 1 85
3215 1 1 86
3216 1 1 87
3217 1 1 88
3218 1 1 89
3219 1 1 90
3220 1 1 91
3221 1 1 92
3222 1 1 93
3223 1 1 94
3224 1 1 95
3225 1 1 96
3226 1 1 97
3227 1 1 98
3228 1 1 99
3229 1 1 100
3230 1 1 101
3231 1 1 102
3232 1 1 103
3233 1 1 104
3234 1 1 105
3235 2 1 59
3236 2 1 60
3237 2 1 61
3238 2 1 62
3239 2 1 63
3240 2 1 64
3241 2 1 65
3242 2 1 66
3243 2 1 67
3244 2 1 68
3245 2 1 69
3246 2 1 70
3247 2 1 71
3248 2 1 72
3249 2 1 73
3250 2 1 74
3251 2 1 75
3252 2 1 76
3253 2 1 77
3254 2 1 78
3255 2 1 79
3256 2 1 80
3257 2 1 81
3258 2 1 82
3259 2 1 83
3260 2 1 84
3261 2 1 85
3262 2 1 86
3263 2 1 87
3264 2 1 88
3265 2 1 89
3266 2 1 90
3267 2 1 91
3268 2 1 92
3269 2 1 93
3270 2 1 94
3271 2 1 95
3272 2 1 96
3273 2 1 97
3274 2 1 98
3275 2 1 99
3276 2 1 100
3277 2 1 101
3278 2 1 102
3279 2 1 103
3280 2 1 104
3281 2 1 105
3282 3 1 60
3283 3 1 61
3284 3 1 62
3285 3 1 63
3286 3 1 64
3287 3 1 65
3288 3 1 66
3289 3 1 67
3290 3 1 68
3291 3 1 69
3292 3 1 70
3293 3 1 71
3294 3 1 72
3295 3 1 73
3296 3 1 74
3297 3 1 75
3298 3 1 76
3299 3 1 77
3300 3 1 78
3301 3 1 79
3302 3 1 80
3303 3 1 81
3304 3 1 82
3305 3 1 83
3306 3 1 84
3307 3 1 85
3308 3 1 86
3309 3 1 87
3310 3 1 88
3311 3 1 89
3312 3 1 90
3313 3 1 91
3314 3 1 92
3315 3 1 93
3316 3 1 94
3317 3 1 95
3318 3 1 96
3319 3 1 97
3320 3 1 98
3321 3 1 99
3322 3 1 100
3323 3 1 101
3324 3 1 102
3325 3 1 103
3326 3 1 104
3327 3 1 105
3328 4 1 62
3329 4 1 63
3330 5 9 63
3331 4 1 64
3332 4 1 65
3333 4 1 66
3334 4 1 67
3335 4 1 68
3336 4 1 69
3337 4 1 70
3338 4 1 71
3339 4 1 72
3340 4 1 73
3341 4 1 74
3342 4 1 75
3343 4 1 76
3344 4 1 77
3345 4 1 78
3346 4 1 79
3347 4 1 80
3348 4 1 81
3349 4 1 82
3350 4 1 83
3351 4 1 84
3352 4 1 85
3353 4 1 86
3354 4 1 87
3355 4 1 88
3356 4 1 89
3357 4 1 90
3358 4 1 91
3359 4 1 92
3360 4 1 93
3361 4 1 94
3362 4 1 95
3363 4 1 96
3364 4 1 97
3365 4 1 98
3366 4 1 99
3367 4 1 100
3368 4 1 101
3369 4 1 102
3370 4 1 103
3371 4 1 104
3372 4 1 105
3373 5 1 64
3374 5 1 65
3375 6 9 65
3376 5 1 66
3377 7 4 66
3378 5 1 67
3379 5 1 68
3380 5 1 69
3381 5 1 70
3382 5 1 71
3383 5 1 72
3384 5 1 73
3385 5 1 74
3386 5 1 75
3387 5 1 76
3388 5 1 77
3389 5 1 78
3390 5 1 79
3391 5 1 80
3392 5 1 81
3393 5 1 82
3394 5 1 83
3395 5 1 84
3396 5 1 85
3397 5 1 86
3398 5 1 87
3399 5 1 88
3400 5 1 89
3401 5 1 90
3402 5 1 91
3403 5 1 92
3404 5 1 93
3405 5 1 94
3406 5 1 95
3407 5 1 96
3408 5 1 97
3409 5 1 98
3410 5 1 99
3411 5 1 100
3412 5 1 101
3413 5 1 102
3414 5 1 103
3415 5 1 104
3416 5 1 105
3417 6 1 66
3418 6 1 67
3419 7 9 67
3420 6 1 68
3421 8 4 68
3422 6 1 69
3423 9 3 69
3424 6 1 70
3425 6 1 71
3426 6 1 72
3427 6 1 73
3428 6 1 74
3429 6 1 75
3430 6 1 76
3431 6 1 77
3432 6 1 78
3433 6 1 79
3434 6 1 80
3435 6 1 81
3436 6 1 82
3437 6 1 83
3438 6 1 84
3439 6 1 85
3440 6 1 86
3441 6 1 87
3442 6 1 88
3443 6 1 89
3444 6 1 90
3445 6 1 91
3446 6 1 92
3447 6 1 93
3448 6 1 94
3449 6 1 95
3450 6 1 96
3451 6 1 97
3452 6 1 98
3453 6 1 99
3454 6 1 100
3455 6 1 101
3456 6 1 102
3457 6 1 103
3458 6 1 104
3459 6 1 105
3460 7 1 68
3461 7 1 69
3462 8 9 69
3463 7 1 70
3464 9 4 70
3465 7 1 71
3466 10 3 71
3467 7 1 72
3468 11 5 72
3469 7 1 73
3470 7 1 74
3471 7 1 75
3472 7 1 76
3473 7 1 77
3474 7 1 78
3475 7 1 79
3476 7 1 80
3477 7 1 81
3478 7 1 82
3479 7 1 83
3480 7 1 84
3481 7 1 85
3482 7 1 86
3483 7 1 87
3484 7 1 88
3485 7 1 89
3486 7 1 90
3487 7 1 91
3488 7 1 92
3489 7 1 93
3490 7 1 94
3491 7 1 95
3492 7 1 96
3493 7 1 97
3494 7 1 98
3495 7 1 99
3496 7 1 100
3497 7 1 101
3498 7 1 102
3499 7 1 103
3500 7 1 104
3501 7 1 105
3502 8 1 70
3503 8 1 71
3504 9 9 71
3505 8 1 72
3506 10 4 72
3507 8 1 73
3508 11 3 73
3509 8 1 74
3510 12 5 74
3511 8 1 75
3512 13 1 75
3513 8 1 76
3514 8 1 77
3515 8 1 78
3516 8 1 79
3517 8 1 80
3518 8 1 81
3519 8 1 82
3520 8 1 83
3521 8 1 84
3522 8 1 85
3523 8 1 86
3524 8 1 87
3525 8 1 88
3526 8 1 89
3527 8 1 90
3528 8 1 91
3529 8 1 92
3530 8 1 93
3531 8 1 94
3532 8 1 95
3533 8 1 96
3534 8 1 97
3535 8 1 98
3536 8 1 99
3537 8 1 100
3538 8 1 101
3539 8 1 102
3540 8 1 103
3541 8 1 104
3542 8 1 105
3543 9 1 72
3544 9 1 73
3545 10 9 73
3546 9 1 74
3547 11 4 74
3548 9 1 75
3549 12 3 75
3550 9 1 76
3551 13 5 76
3552 9 1 77
3553 14 1 77
3554 9 1 78
3555 15 9 78
3556 9 1 79
3557 9 1 80
3558 9 1 81
3559 9 1 82
3560 9 1 83
3561 9 1 84
3562 9 1 85
3563 9 1 86
3564 9 1 87
3565 9 1 88
3566 9 1 89
3567 9 1 90
3568 9 1 91
3569 9 1 92
3570 9 1 93
3571 9 1 94
3572 9 1 95
3573 9 1 96
3574 9 1 97
3575 9 1 98
3576 9 1 99
3577 9 1 100
3578 9 1 101
3579 9 1 102
3580 9 1 103
3581 9 1 104
3582 9 1 105
3583 10 1 74
3584 10 1 75
3585 11 9 75
3586 10 1 76
3587 12 4 76
3588 10 1 77
3589 13 3 77
3590 10 1 78
3591 14 5 78
3592 10 1 79
3593 15 1 79
3594 10 1 80
3595 16 9 80
3596 10 1 81
3597 17 4 81
3598 10 1 82
3599 10 1 83
3600 10 1 84
3601 10 1 85
3602 10 1 86
3603 10 1 87
3604 10 1 88
3605 10 1 89
3606 10 1 90
3607 10 1 91
3608 10 1 92
3609 10 1 93
3610 10 1 94
3611 10 1 95
3612 10 1 96
3613 10 1 97
3614 10 1 98
3615 10 1 99
3616 10 1 100
3617 10 1 101
3618 10 1 102
3619 10 1 103
3620 10 1 104
3621 10 1 105
3622 11 1 76
3623 11 1 77
3624 12 9 77
3625 11 1 78
3626 13 4 78
3627 11 1 79
3628 14 3 79
3629 11 1 80
3630 15 5 80
3631 11 1 81
3632 16 1 81
3633 11 1 82
3634 17 9 82
3635 11 1 83
3636 18 4 83
3637 11 1 84
3638 19 3 84
3639 11 1 85
3640 11 1 86
3641 11 1 87
3642 11 1 88
3643 11 1 89
3644 11 1 90
3645 11 1 91
3646 11 1 92
3647 11 1 93
3648 11 1 94
3649 11 1 95
3650 11 1 96
3651 11 1 97
3652 11 1 98
3653 11 1 99
3654 11 1 100
3655 11 1 101
3656 11 1 102
3657 11 1 103
3658 11 1 104
3659 11 1 105
3660 12 1 78
3661 12 1 79
3662 13 9 79
3663 12 1 80
3664 14 4 80
3665 12 1 81
3666 15 3 81
3667 12 1 82
3668 16 5 82
3669 12 1 83
3670 17 1 83
3671 12 1 84
3672 18 9 84
3673 12 1 85
3674 19 4 85
3675 12 1 86
3676 20 3 86
3677 12 1 87
3678 21 5 87
3679 12 1 88
3680 12 1 89
3681 12 1 90
3682 12 1 91
3683 12 1 92
3684 12 1 93
3685 12 1 94
3686 12 1 95
3687 12 1 96
3688 12 1 97
3689 12 1 98
3690 12 1 99
3691 12 1 100
3692 12 1 101
3693 12 1 102
3694 12 1 103
3695 12 1 104
3696 12 1 105
3697 13 1 80
3698 13 1 81
3699 14 9 81
3700 13 1 82
3701 15 4 82
3702 13 1 83
3703 16 3 83
3704 13 1 84
3705 17 5 84
3706 13 1 85
3707 18 1 85
3708 13 1 86
3709 19 9 86
3710 13 1 87
3711 20 4 87
3712 13 1 88
3713 21 3 88
3714 13 1 89
3715 22 5 89
3716 13 1 90
3717 23 1 90
3718 13 1 91
3719 13 1 92
3720 13 1 93
3721 13 1 94
3722 13 1 95
3723 13 1 96
3724 13 1 97
3725 13 1 98
3726 13 1 99
3727 13 1 100
3728 13 1 101
3729 13 1 102
3730 13 1 103
3731 13 1 104
3732 13 1 105
3733 14 1 82
3734 14 1 83
3735 15 9 83
3736 14 1 84
3737 16 4 84
3738 14 1 85
3739 17 3 85
3740 14 1 86
3741 18 5 86
3742 14 1 87
3743 19 1 87
3744 14 1 88
3745 20 9 88
3746 14 1 89
3747 21 4 89
3748 14 1 90
3749 22 3 90
3750 14 1 91
3751 23 5 91
3752 14 1 92
3753 24 1 92
3754 14 1 93
3755 25 9 93
3756 14 1 94
3757 14 1 95
3758 14 1 96
3759 14 1 97
3760 14 1 98
3761 14 1 99
3762 14 1 100
3763 14 1 101
3764 14 1 102
3765 14 1 103
3766 14 1 104
3767 14 1 105
3768 15 1 84
3769 15 1 85
3770 16 9 85
3771 15 1 86
3772 17 4 86
3773 15 1 87
3774 18 3 87
3775 15 1 88
3776 19 5 88
3777 15 1 89
3778 20 1 89
3779 15 1 90
3780 21 9 90
3781 15 1 91
3782 22 4 91
3783 15 1 92
3784 23 3 92
3785 15 1 93
3786 24 5 93
3787 15 1 94
3788 25 1 94
3789 15 1 95
3790 26 9 95
3791 15 1 96
3792 27 4 96
3793 15 1 97
3794 15 1 98
3795 15 1 99
3796 15 1 100
3797 15 1 101
3798 15 1 102
3799 15 1 103
3800 15 1 104
3801 15 1 105
3802 16 1 86
3803 16 1 87
3804 17 9 87
3805 16 1 88
3806 18 4 88
3807 16 1 89
3808 19 3 89
3809 16 1 90
3810 20 5 90
3811 16 1 91
3812 21 1 91
3813 16 1 92
3814 22 9 92
3815 16 1 93
3816 23 4 93
3817 16 1 94
3818 24 3 94
3819 16 1 95
3820 25 5 95
3821 16 1 96
3822 26 1 96
3823 16 1 97
3824 27 9 97
3825 16 1 98
3826 28 4 98
3827 16 1 99
3828 29 3 99
3829 16 1 100
3830 16 1 101
3831 16 1 102
3832 16 1 103
3833 16 1 104
3834 16 1 105
3835 17 1 88
3836 17 1 89
3837 18 9 89
3838 17 1 90
3839 19 4 90
3840 17 1 91
3841 20 3 91
3842 17 1 92
3843 21 5 92
3844 17 1 93
3845 22 1 93
3846 17 1 94
3847 23 9 94
3848 17 1 95
3849 24 4 95
3850 17 1 96
3851 25 3 96
3852 17 1 97
3853 26 5 97
3854 17 1 98
3855 27 1 98
3856 17 1 99
3857 28 9 99
3858 17 1 100
3859 29 4 100
3860 17 1 101
3861 30 3 101
3862 17 1 102
3863 31 5 102
3864 17 1 103
3865 17 1 104
3866 17 1 105
3867 18 1 90
3868 18 1 91
3869 19 9 91
3870 18 1 92
3871 20 4 92
3872 18 1 93
3873 21 3 93
3874 18 1 94
3875 22 5 94
3876 18 1 95
3877 23 1 95
3878 18 1 96
3879 24 9 96
3880 18 1 97
3881 25 4 97
3882 18 1 98
3883 26 3 98
3884 18 1 99
3885 27 5 99
3886 18 1 100
3887 28 1 100
3888 18 1 101
3889 29 9 101
3890 18 1 102
3891 30 4 102
3892 18 1 103
3893 31 3 103
3894 18 1 104
3895 32 5 104
3896 18 1 105
3897 33 1 105
3898 19 1 92
3899 19 1 93
3900 20 9 93
3901 19 1 94
3902 21 4 94
3903 19 1 95
3904 22 3 95
3905 19 1 96
3906 23 5 96
3907 19 1 97
3908 24 1 97
3909 19 1 98
3910 25 9 98
3911 19 1 99
3912 26 4 99
3913 19 1 100
3914 27 3 100
3915 19 1 101
3916 28 5 101
3917 19 1 102
3918 29 1 102
3919 19 1 103
3920 30 9 103
3921 19 1 104
3922 31 4 104
3923 19 1 105
3924 32 3 105
3925 17 7 106
3926 18 2 106
3927 19 1 106
3928 20 1 94
3929 20 1 95
3930 21 9 95
3931 20 1 96
3932 22 4 96
3933 20 1 97
3934 23 3 97
3935 20 1 98
3936 24 5 98
3937 20 1 99
3938 25 1 99
3939 20 1 100
3940 26 9 100
3941 20 1 101
3942 27 4 101
3943 20 1 102
3944 28 3 102
3945 20 1 103
3946 29 5 103
3947 20 1 104
3948 30 1 104
3949 20 1 105
3950 31 9 105
3951 15 10 106
3952 16 1 106
3953 20 1 106
3954 33 5 106
3955 19 9 107
3956 20 1 107
3957 21 1 96
3958 21 1 97
3959 22 9 97
3960 21 1 98
3961 23 4 98
3962 21 1 99
3963 24 3 99
3964 21 1 100
3965 25 5 100
3966 21 1 101
3967 26 1 101
3968 21 1 102
3969 27 9 102
3970 21 1 103
3971 28 4 103
3972 21 1 104
3973 29 3 104
3974 21 1 105
3975 30 5 105
3976 21 1 106
3977 31 1 106
3978 21 1 107
3979 32 9 106
3980 17 4 107
3981 18 7 107
3982 32 9 107
3983 34 10 107
3984 21 1 108
3985 22 1 98
3986 22 1 99
3987 23 9 99
3988 22 1 100
3989 24 4 100
3990 22 1 101
3991 25 3 101
3992 22 1 102
3993 26 5 102
3994 22 1 103
3995 27 1 103
3996 22 1 104
3997 28 9 104
3998 22 1 105
3999 29 4 105
4000 11 6 106
4001 22 1 106
4002 22 1 107
4003 31 5 107
4004 22 1 108
4005 32 1 108
4006 22 1 109
4007 33 9 107
4008 19 4 108
4009 20 7 108
4010 33 9 108
4011 35 8 108
4012 23 1 100
4013 23 1 101
4014 24 9 101
4015 23 1 102
4016 25 4 102
4017 23 1 103
4018 26 3 103
4019 23 1 104
4020 27 5 104
4021 23 1 105
4022 28 1 105
4023 9 9 106
4024 10 9 106
4025 12 6 106
4026 30 10 106
4027 23 1 106
4028 23 1 107
4029 23 1 108
4030 23 1 109
4031 22 5 110
4032 23 1 110
4033 23 1 111
4034 34 9 108
4035 21 8 109
4036 33 5 109
4037 34 9 109
4038 24 1 102
4039 24 1 103
4040 25 9 103
4041 24 1 104
4042 26 4 104
4043 24 1 105
4044 27 3 105
4045 7 1 106
4046 8 3 106
4047 13 6 106
4048 29 5 106
4049 11 5 107
4050 12 5 107
4051 13 6 107
4052 24 1 106
4053 24 1 107
4054 24 1 108
4055 24 1 109
4056 24 1 110
4057 24 1 111
4058 24 1 112
4059 24 1 113
4060 35 9 109
4061 34 2 110
4062 35 9 110
4063 25 1 104
4064 25 1 105
4065 26 9 105
4066 5 10 106
4067 6 2 106
4068 14 6 106
4069 28 9 106
4070 9 10 107
4071 10 8 107
4072 14 6 107
4073 30 6 107
4074 13 6 108
4075 14 6 108
4076 25 1 106
4077 25 1 107
4078 25 1 108
4079 25 1 109
4080 25 1 110
4081 25 1 111
4082 25 1 112
4083 25 1 113
4084 25 1 114
4085 36 9 110
4086 36 9 111
4087 4 3 106
4088 26 1 106
4089 6 10 107
4090 7 2 107
4091 8 7 107
4092 15 6 107
4093 29 8 107
4094 11 5 108
4095 12 4 108
4096 15 6 108
4097 31 10 108
4098 15 6 109
4099 16 10 107
4100 26 1 107
4101 26 1 108
4102 26 1 109
4103 26 1 110
4104 26 1 111
4105 26 1 112
4106 26 1 113
4107 26 1 114
4108 26 1 115
4109 37 9 111
4110 27 1 106
4111 27 1 107
4112 8 2 108
4113 9 7 108
4114 10 8 108
4115 16 6 108
4116 30 4 108
4117 13 9 109
4118 14 5 109
4119 16 6 109
4120 32 5 109
4121 17 10 108
4122 18 2 108
4123 27 1 108
4124 27 1 109
4125 27 1 110
4126 27 1 111
4127 27 1 112
4128 27 1 113
4129 27 1 114
4130 27 1 115
4131 27 1 116
4132 28 1 107
4133 28 1 108
4134 10 7 109
4135 11 8 109
4136 12 6 109
4137 17 6 109
4138 20 9 109
4139 15 1 110
4140 16 3 110
4141 17 6 110
4142 18 10 109
4143 19 2 109
4144 28 1 109
4145 31 3 109
4146 28 1 110
4147 28 1 111
4148 28 1 112
4149 28 1 113
4150 28 1 114
4151 28 1 115
4152 28 1 116
4153 29 1 108
4154 29 1 109
4155 12 8 110
4156 13 6 110
4157 14 10 110
4158 18 6 110
4159 21 7 110
4160 17 2 111
4161 18 6 111
4162 19 10 110
4163 20 2 110
4164 29 1 110
4165 32 3 110
4166 33 5 110
4167 29 1 111
4168 29 1 112
4169 29 1 113
4170 29 1 114
4171 29 1 115
4172 29 1 116
4173 30 1 109
4174 30 1 110
4175 14 6 111
4176 15 10 111
4177 16 2 111
4178 19 6 111
4179 22 1 111
4180 19 6 112
4181 20 10 111
4182 21 2 111
4183 30 1 111
4184 33 3 111
4185 34 5 111
4186 35 1 111
4187 30 1 112
4188 30 1 113
4189 30 1 114
4190 30 1 115
4191 30 1 116
4192 31 1 110
4193 31 1 111
4194 16 10 112
4195 17 2 112
4196 18 7 112
4197 20 6 112
4198 23 4 112
4199 21 10 112
4200 22 2 112
4201 31 1 112
4202 34 3 112
4203 35 5 112
4204 36 1 112
4205 37 9 112
4206 31 1 113
4207 31 1 114
4208 31 1 115
4209 31 1 116
4210 32 1 111
4211 32 1 112
4212 18 2 113
4213 19 7 113
4214 20 8 113
4215 21 6 113
4216 22 10 113
4217 23 2 113
4218 32 1 113
4219 35 3 113
4220 36 5 113
4221 37 1 113
4222 38 9 113
4223 32 1 114
4224 39 4 114
4225 32 1 115
4226 32 1 116
4227 33 1 112
4228 33 1 113
4229 20 7 114
4230 21 8 114
4231 22 6 114
4232 23 10 114
4233 24 2 114
4234 33 1 114
4235 36 3 114
4236 37 5 114
4237 38 1 114
4238 33 1 115
4239 39 9 115
4240 33 1 116
4241 40 4 116
4242 33 1 117
4243 34 1 113
4244 34 1 114
4245 22 8 115
4246 23 6 115
4247 24 10 115
4248 25 2 115
4249 34 1 115
4250 37 3 115
4251 38 5 115
4252 34 1 116
4253 39 1 116
4254 31 7 117
4255 32 7 117
4256 34 1 117
4257 41 10 117
4258 35 1 114
4259 35 1 115
4260 24 6 116
4261 25 10 116
4262 26 2 116
4263 35 1 116
4264 38 3 116
4265 29 2 117
4266 30 6 117
4267 35 1 117
4268 40 5 117
4269 33 10 118
4270 34 10 118
4271 35 1 118
4272 36 1 115
4273 36 1 116
4274 37 7 116
4275 27 9 117
4276 28 4 117
4277 36 1 117
4278 39 9 117
4279 31 9 118
4280 32 5 118
4281 36 1 118
4282 41 6 118
4283 35 1 119
4284 36 1 119
4285 26 3 117
4286 37 1 117
4287 28 9 118
4288 29 4 118
4289 30 3 118
4290 37 1 118
4291 40 8 118
4292 33 10 119
4293 34 8 119
4294 37 1 119
4295 42 10 119
4296 37 1 120
4297 38 1 117
4298 38 1 118
4299 30 4 119
4300 31 3 119
4301 32 5 119
4302 38 1 119
4303 41 4 119
4304 35 7 120
4305 36 10 120
4306 38 1 120
4307 43 5 120
4308 39 1 118
4309 39 1 119
4310 32 3 120
4311 33 5 120
4312 34 1 120
4313 39 1 120
4314 42 7 120
4315 37 2 121
4316 38 6 121
4317 39 1 121
4318 40 1 119
4319 40 1 120
4320 34 5 121
4321 35 1 121
4322 36 9 121
4323 40 1 121
4324 43 3 121
4325 39 4 122
4326 40 1 122
4327 41 1 120
4328 41 1 121
4329 36 1 122
4330 37 9 122
4331 38 4 122
4332 41 1 122
4333 44 2 122
4334 41 1 123
4335 42 1 121
4336 42 1 122
4337 38 9 123
4338 39 4 123
4339 40 3 123
4340 42 1 123
4341 45 8 123
4342 43 1 122
4343 43 1 123
4344 40 4 124
4345 41 3 124
4346 42 5 124
4347 43 1 124
4348 44 1 123
4349 44 1 124
4350 42 3 125
4351 43 5 125
4352 44 1 125
4353 45 1 124
4354 45 1 125
4355 44 5 126
4356 45 1 126
4357 46 1 125
4358 46 1 126
4359 46 1 127
4360 47 1 126
4361 47 1 127
4362 48 1 128
4363 49 4 129
4364 48 5 129
4365 47 9 128
4366 46 3 128
4367 45 1 127
4368 44 4 127
4369 43 5 126
4370 42 9 126
4371 41 3 125
4372 40 1 125
4373 39 4 124
4374 38 5 124
4375 37 9 123
4376 36 3 123
4377 35 1 122
4378 34 4 122
4379 33 5 121
4380 32 9 121
4381 31 3 120
4382 30 1 120
4383 29 4 119
4384 28 5 119
4385 27 9 118
4386 26 3 118
4387 25 1 117
4388 24 4 117
4389 23 5 116
4390 22 9 116
4391 21 3 115
4392 20 1 115
4393 19 4 114
4394 18 5 114
4395 17 9 113
4396 16 3 113
4397 15 1 112
4398 14 4 112
4399 13 5 111
4400 12 9 111
4401 11 3 110
4402 50 4 131
4403 49 5 130
4404 48 9 130
4405 47 3 129
4406 46 1 129
4407 45 4 128
4408 44 5 128
4409 43 9 127
4410 42 3 127
4411 41 1 126
4412 40 4 126
4413 39 5 125
4414 38 9 125
4415 37 3 124
4416 36 1 124
4417 35 4 123
4418 34 5 123
4419 33 9 122
4420 32 3 122
4421 31 1 121
4422 30 4 121
4423 29 5 120
4424 28 9 120
4425 27 3 119
4426 26 1 119
4427 25 4 118
4428 24 5 118
4429 23 9 117
4430 22 3 117
4431 21 1 116
4432 20 4 116
4433 19 5 115
4434 18 9 115
4435 17 3 114
4436 16 1 114
4437 15 4 113
4438 14 5 113
4439 13 9 112
4440 51 4 132
4441 50 5 132
4442 49 9 131
4443 48 3 131
4444 47 1 130
4445 46 4 130
4446 45 5 129
4447 44 9 129
4448 43 3 128
4449 42 1 128
4450 41 4 127
4451 40 5 127
4452 39 9 126
4453 38 3 126
4454 37 1 125
4455 36 4 125
4456 35 5 124
4457 34 9 124
4458 33 3 123
4459 32 1 123
4460 31 4 122
4461 30 5 122
4462 29 9 121
4463 28 3 121
4464 27 1 120
4465 26 4 120
4466 25 5 119
4467 24 9 119
4468 23 3 118
4469 22 1 118
4470 21 4 117
4471 20 5 117
4472 19 9 116
4473 18 3 116
4474 17 1 115
4475 16 4 115
4476 15 5 114
4477 52 4 134
4478 51 5 133
4479 50 9 133
4480 49 3 132
4481 48 1 132
4482 47 4 131
4483 46 5 131
4484 45 9 130
4485 44 3 130
4486 43 1 129
4487 42 4 129
4488 41 5 128
4489 40 9 128
4490 39 3 127
4491 38 1 127
4492 37 4 126
4493 36 5 126
4494 35 9 125
4495 34 3 125
4496 33 1 124
4497 32 4 124
4498 31 5 123
4499 30 9 123
4500 29 3 122
4501 28 1 122
4502 27 4 121
4503 26 5 121
4504 25 9 120
4505 24 3 120
4506 23 1 119
4507 22 4 119
4508 21 5 118
4509 20 9 118
4510 19 3 117
4511 18 1 117
4512 17 4 116
4513 53 4 135
4514 52 5 135
4515 51 9 134
4516 50 3 134
4517 49 1 133
4518 48 4 133
4519 47 5 132
4520 46 9 132
4521 45 3 131
4522 44 1 131
4523 43 4 130
4524 42 5 130
4525 41 9 129
4526 40 3 129
4527 39 1 128
4528 38 4 128
4529 37 5 127
4530 36 9 127
4531 35 3 126
4532 34 1 126
4533 33 4 125
4534 32 5 125
4535 31 9 124
4536 30 3 124
4537 29 1 123
4538 28 4 123
4539 27 5 122
4540 26 9 122
4541 25 3 121
4542 24 1 121
4543 23 4 120
4544 22 5 120
4545 21 9 119
4546 20 3 119
4547 19 1 118
4548 54 4 137
4549 53 5 136
4550 52 9 136
4551 51 3 135
4552 50 1 135
4553 49 4 134
4554 48 5 134
4555 47 9 133
4556 46 3 133
4557 45 1 132
4558 44 4 132
4559 43 5 131
4560 42 9 131
4561 41 3 130
4562 40 1 130
4563 39 4 129
4564 38 5 129
4565 37 9 128
4566 36 3 128
4567 35 1 127
4568 34 4 127
4569 33 5 126
4570 32 9 126
4571 31 3 125
4572 30 1 125
4573 29 4 124
4574 28 5 124
4575 27 9 123
4576 26 3 123
4577 25 1 122
4578 24 4 122
4579 23 5 121
4580 22 9 121
4581 21 3 120
4582 55 4 138
4583 54 5 138
4584 53 9 137
4585 52 3 137
4586 51 1 136
4587 50 4 136
4588 49 5 135
4589 48 9 135
4590 47 3 134
4591 46 1 134
4592 45 4 133
4593 44 5 133
4594 43 9 132
4595 42 3 132
4596 41 1 131
4597 40 4 131
4598 39 5 130
4599 38 9 130
4600 37 3 129
4601 36 1 129
4602 35 4 128
4603 34 5 128
4604 33 9 127
4605 32 3 127
4606 31 1 126
4607 30 4 126
4608 29 5 125
4609 28 9 125
4610 27 3 124
4611 26 1 124
4612 25 4 123
4613 24 5 123
4614 23 9 122
4615 56 4 140
4616 55 5 139
4617 54 9 139
4618 53 3 138
4619 52 1 138
4620 51 4 137
4621 50 5 137
4622 49 9 136
4623 48 3 136
4624 47 1 135
4625 46 4 135
4626 45 5 134
4627 44 9 134
4628 43 3 133
4629 42 1 133
4630 41 4 132
4631 40 5 132
4632 39 9 131
4633 38 3 131
4634 37 1 130
4635 36 4 130
4636 35 5 129
4637 34 9 129
4638 33 3 128
4639 32 1 128
4640 31 4 127
4641 30 5 127
4642 29 9 126
4643 28 3 126
4644 27 1 125
4645 26 4 125
4646 25 5 124
4647 57 4 141
4648 56 5 141
4649 55 9 140
4650 54 3 140
4651 53 1 139
4652 52 4 139
4653 51 5 138
4654 50 9 138
4655 49 3 137
4656 48 1 137
4657 47 4 136
4658 46 5 136
4659 45 9 135
4660 44 3 135
4661 43 1 134
4662 42 4 134
4663 41 5 133
4664 40 9 133
4665 39 3 132
4666 38 1 132
4667 37 4 131
4668 36 5 131
4669 35 9 130
4670 34 3 130
4671 33 1 129
4672 32 4 129
4673 31 5 128
4674 30 9 128
4675 29 3 127
4676 28 1 127
4677 27 4 126
4678 58 4 143
4679 57 5 142
4680 56 9 142
4681 55 3 141
4682 54 1 141
4683 53 4 140
4684 52 5 140
4685 51 9 139
4686 50 3 139
4687 49 1 138
4688 48 4 138
4689 47 5 137
4690 46 9 137
4691 45 3 136
4692 44 1 136
4693 43 4 135
4694 42 5 135
4695 41 9 134
4696 40 3 134
4697 39 1 133
4698 38 4 133
4699 37 5 132
4700 36 9 132
4701 35 3 131
4702 34 1 131
4703 33 4 130
4704 32 5 130
4705 31 9 129
4706 30 3 129
4707 29 1 128
4708 59 4 144
4709 58 5 144
4710 57 9 143
4711 56 3 143
4712 55 1 142
4713 54 4 142
4714 53 5 141
4715 52 9 141
4716 51 3 140
4717 50 1 140
4718 49 4 139
4719 48 5 139
4720 47 9 138
4721 46 3 138
4722 45 1 137
4723 44 4 137
4724 43 5 136
4725 42 9 136
4726 41 3 135
4727 40 1 135
4728 39 4 134
4729 38 5 134
4730 37 9 133
4731 36 3 133
4732 35 1 132
4733 34 4 132
4734 33 5 131
4735 32 9 131
4736 31 3 130
4737 60 4 146
4738 59 5 145
4739 58 9 145
4740 57 3 144
4741 56 1 144
4742 55 4 143
4743 54 5 143
4744 53 9 142
4745 52 3 142
4746 51 1 141
4747 50 4 141
4748 49 5 140
4749 48 9 140
4750 47 3 139
4751 46 1 139
4752 45 4 138
4753 44 5 138
4754 43 9 137
4755 42 3 137
4756 41 1 136
4757 40 4 136
4758 39 5 135
4759 38 9 135
4760 37 3 134
4761 36 1 134
4762 35 4 133
4763 34 5 133
4764 33 9 132
4765 61 4 147
4766 60 5 147
4767 59 9 146
4768 58 3 146
4769 57 1 145
4770 56 4 145
4771 55 5 144
4772 54 9 144
4773 53 3 143
4774 52 1 143
4775 51 4 142
4776 50 5 142
4777 49 9 141
4778 48 3 141
4779 47 1 140
4780 46 4 140
4781 45 5 139
4782 44 9 139
4783 43 3 138
4784 42 1 138
4785 41 4 137
4786 40 5 137
4787 39 9 136
4788 38 3 136
4789 37 1 135
4790 36 4 135
4791 35 5 134
4792 62 4 149
4793 61 5 148
4794 60 9 148
4795 59 3 147
4796 58 1 147
4797 57 4 146
4798 56 5 146
4799 55 9 145
4800 54 3 145
4801 53 1 144
4802 52 4 144
4803 51 5 143
4804 50 9 143
4805 49 3 142
4806 48 1 142
4807 47 4 141
4808 46 5 141
4809 45 9 140
4810 44 3 140
4811 43 1 139
4812 42 4 139
4813 41 5 138
4814 40 9 138
4815 39 3 137
4816 38 1 137
4817 37 4 136
4818 63 4 150
4819 62 5 150
4820 61 9 149
4821 60 3 149
4822 59 1 148
4823 58 4 148
4824 57 5 147
4825 56 9 147
4826 55 3 146
4827 54 1 146
4828 53 4 145
4829 52 5 145
4830 51 9 144
4831 50 3 144
4832 49 1 143
4833 48 4 143
4834 47 5 142
4835 46 9 142
4836 45 3 141
4837 44 1 141
4838 43 4 140
4839 42 5 140
4840 41 9 139
4841 40 3 139
4842 39 1 138
4843 64 4 152
4844 63 5 151
4845 62 9 151
4846 61 3 150
4847 60 1 150
4848 59 4 149
4849 58 5 149
4850 57 9 148
4851 56 3 148
4852 55 1 147
4853 54 4 147
4854 53 5 146
4855 52 9 146
4856 51 3 145
4857 50 1 145
4858 49 4 144
4859 48 5 144
4860 47 9 143
4861 46 3 143
4862 45 1 142
4863 44 4 142
4864 43 5 141
4865 42 9 141
4866 41 3 140
4867 65 4 153
4868 64 5 153
4869 63 9 152
4870 62 3 152
4871 61 1 151
4872 60 4 151
4873 59 5 150
4874 58 9 150
4875 57 3 149
4876 56 1 149
4877 55 4 148
4878 54 5 148
4879 53 9 147
4880 52 3 147
4881 51 1 146
4882 50 4 146
4883 49 5 145
4884 48 9 145
4885 47 3 144
4886 46 1 144
4887 45 4 143
4888 44 5 143
4889 43 9 142
4890 66 4 155
4891 65 5 154
4892 64 9 154
4893 63 3 153
4894 62 1 153
4895 61 4 152
4896 60 5 152
4897 59 9 151
4898 58 3 151
4899 57 1 150
4900 56 4 150
4901 55 5 149
4902 54 9 149
4903 53 3 148
4904 52 1 148
4905 51 4 147
4906 50 5 147
4907 49 9 146
4908 48 3 146
4909 47 1 145
4910 46 4 145
4911 45 5 144
4912 67 4 156
4913 66 5 156
4914 65 9 155
4915 64 3 155
4916 63 1 154
4917 62 4 154
4918 61 5 153
4919 60 9 153
4920 59 3 152
4921 58 1 152
4922 57 4 151
4923 56 5 151
4924 55 9 150
4925 54 3 150
4926 53 1 149
4927 52 4 149
4928 51 5 148
4929 50 9 148
4930 49 3 147
4931 48 1 147
4932 47 4 146
4933 68 4 158
4934 67 5 157
4935 66 9 157
4936 65 3 156
4937 64 1 156
4938 63 4 155
4939 62 5 155
4940 61 9 154
4941 60 3 154
4942 59 1 153
4943 58 4 153
4944 57 5 152
4945 56 9 152
4946 55 3 151
4947 54 1 151
4948 53 4 150
4949 52 5 150
4950 51 9 149
4951 50 3 149
4952 49 1 148
4953 69 4 159
4954 68 5 159
4955 67 9 158
4956 66 3 158
4957 65 1 157
4958 64 4 157
4959 63 5 156
4960 62 9 156
4961 61 3 155
4962 60 1 155
4963 59 4 154
4964 58 5 154
4965 57 9 153
4966 56 3 153
4967 55 1 152
4968 54 4 152
4969 53 5 151
4970 52 9 151
4971 51 3 150
4972 70 4 161
4973 69 5 160
4974 68 9 160
4975 67 3 159
4976 66 1 159
4977 65 4 158
4978 64 5 158
4979 63 9 157
4980 62 3 157
4981 61 1 156
4982 60 4 156
4983 59 5 155
4984 58 9 155
4985 57 3 154
4986 56 1 154
4987 55 4 153
4988 54 5 153
4989 53 9 152
4990 71 4 162
4991 70 5 162
4992 69 9 161
4993 68 3 161
4994 67 1 160
4995 66 4 160
4996 65 5 159
4997 64 9 159
4998 63 3 158
4999 62 1 158
5000 61 4 157
5001 60 5 157
5002 59 9 156
5003 58 3 156
5004 57 1 155
5005 56 4 155
5006 55 5 154
5007 72 4 164
5008 71 5 163
5009 70 9 163
5010 69 3 162
5011 68 1 162
5012 67 4 161
5013 66 5 161
5014 65 9 160
5015 64 3 160
5016 63 1 159
5017 62 4 159
5018 61 5 158
5019 60 9 158
5020 59 3 157
5021 58 1 157
5022 57 4 156
5023 73 4 165
5024 72 5 165
5025 71 9 164
5026 70 3 164
5027 69 1 163
5028 68 4 163
5029 67 5 162
5030 66 9 162
5031 65 3 161
5032 64 1 161
5033 63 4 160
5034 62 5 160
5035 61 9 159
5036 60 3 159
5037 59 1 158
5038 74 4 167
5039 73 5 166
5040 72 9 166
5041 71 3 165
5042 70 1 165
5043 69 4 164
5044 68 5 164
5045 67 9 163
5046 66 3 163
5047 65 1 162
5048 64 4 162
5049 63 5 161
5050 62 9 161
5051 61 3 160
5052 75 4 168
5053 74 5 168
5054 73 9 167
5055 72 3 167
5056 71 1 166
5057 70 4 166
5058 69 5 165
5059 68 9 165
5060 67 3 164
5061 66 1 164
5062 65 4 163
5063 64 5 163
5064 63 9 162
5065 76 4 170
5066 75 5 169
5067 74 9 169
5068 73 3 168
5069 72 1 168
5070 71 4 167
5071 70 5 167
5072 69 9 166
5073 68 3 166
5074 67 1 165
5075 66 4 165
5076 65 5 164
5077 77 4 171
5078 76 5 171
5079 75 9 170
5080 74 3 170
5081 73 1 169
5082 72 4 169
5083 71 5 168
5084 70 9 168
5085 69 3 167
5086 68 1 167
5087 67 4 166
5088 78 4 173
5089 77 5 172
5090 76 9 172
5091 75 3 171
5092 74 1 171
5093 73 4 170
5094 72 5 170
5095 71 9 169
5096 70 3 169
5097 69 1 168
5098 79 4 174
5099 78 5 174
5100 77 9 173
5101 76 3 173
5102 75 1 172
5103 74 4 172
5104 73 5 171
5105 72 9 171
5106 71 3 170
5107 80 4 176
5108 79 5 175
5109 78 9 175
5110 77 3 174
5111 76 1 174
5112 75 4 173
5113 74 5 173
5114 73 9 172
5115 81 4 177
5116 80 5 177
5117 79 9 176
5118 78 3 176
5119 77 1 175
5120 76 4 175
5121 75 5 174
5122 82 4 179
5123 81 5 178
5124 80 9 178
5125 79 3 177
5126 78 1 177
5127 77 4 176
5128 83 4 180
5129 82 5 180
5130 81 9 179
5131 80 3 179
5132 79 1 178
5133 84 4 182
5134 83 5 181
5135 82 9 181
5136 81 3 180
5137 85 4 183
5138 84 5 183
5139 83 9 182
5140 86 4 185
5141 85 5 184
5142 87 4 186
5143 88 3 188
5144 86 9 186
5145 84 5 184
5146 82 4 182
5147 80 1 180
5148 78 3 178
5149 76 9 176
5150 74 5 174
5151 72 4 172
5152 70 1 170
5153 68 3 168
5154 66 9 166
5155 64 5 164
5156 62 4 162
5157 60 1 160
5158 58 3 158
5159 56 9 156
5160 54 5 154
5161 52 4 152
5162 50 1 150
5163 48 3 148
5164 46 9 146
5165 44 5 144
5166 42 4 142
5167 40 1 140
5168 38 3 138
5169 36 9 136
5170 34 5 134
5171 32 4 132
5172 30 1 130
5173 28 3 128
5174 26 9 126
5175 24 5 124
5176 22 4 122
5177 20 1 120
5178 18 3 118
5179 16 9 116
5180 14 5 114
5181 89 3 189
5182 87 9 187
5183 85 5 185
5184 83 4 183
5185 81 1 181
5186 79 3 179
5187 77 9 177
5188 75 5 175
5189 73 4 173
5190 71 1 171
5191 69 3 169
5192 67 9 167
5193 65 5 165
5194 63 4 163
5195 61 1 161
5196 59 3 159
5197 57 9 157
5198 55 5 155
5199 53 4 153
5200 51 1 151
5201 49 3 149
5202 47 9 147
5203 45 5 145
5204 43 4 143
5205 41 1 141
5206 39 3 139
5207 37 9 137
5208 35 5 135
5209 33 4 133
5210 31 1 131
5211 29 3 129
5212 27 9 127
5213 25 5 125
5214 23 4 123
5215 21 1 121
5216 19 3 119
5217 90 3 191
5218 88 9 189
5219 86 5 187
5220 84 4 185
5221 82 1 183
5222 80 3 181
5223 78 9 179
5224 76 5 177
5225 74 4 175
5226 72 1 173
5227 70 3 171
5228 68 9 169
5229 66 5 167
5230 64 4 165
5231 62 1 163
5232 60 3 161
5233 58 9 159
5234 56 5 157
5235 54 4 155
5236 52 1 153
5237 50 3 151
5238 48 9 149
5239 46 5 147
5240 44 4 145
5241 42 1 143
5242 40 3 141
5243 38 9 139
5244 36 5 137
5245 34 4 135
5246 32 1 133
5247 30 3 131
5248 28 9 129
5249 26 5 127
5250 24 4 125
5251 91 3 192
5252 89 9 190
5253 87 5 188
5254 85 4 186
5255 83 1 184
5256 81 3 182
5257 79 9 180
5258 77 5 178
5259 75 4 176
5260 73 1 174
5261 71 3 172
5262 69 9 170
5263 67 5 168
5264 65 4 166
5265 63 1 164
5266 61 3 162
5267 59 9 160
5268 57 5 158
5269 55 4 156
5270 53 1 154
5271 51 3 152
5272 49 9 150
5273 47 5 148
5274 45 4 146
5275 43 1 144
5276 41 3 142
5277 39 9 140
5278 37 5 138
5279 35 4 136
5280 33 1 134
5281 31 3 132
5282 29 9 130
5283 92 3 194
5284 90 9 192
5285 88 5 190
5286 86 4 188
5287 84 1 186
5288 82 3 184
5289 80 9 182
5290 78 5 180
5291 76 4 178
5292 74 1 176
5293 72 3 174
5294 70 9 172
5295 68 5 170
5296 66 4 168
5297 64 1 166
5298 62 3 164
5299 60 9 162
5300 58 5 160
5301 56 4 158
5302 54 1 156
5303 52 3 154
5304 50 9 152
5305 48 5 150
5306 46 4 148
5307 44 1 146
5308 42 3 144
5309 40 9 142
5310 38 5 140
5311 36 4 138
5312 34 1 136
5313 93 3 195
5314 91 9 193
5315 89 5 191
5316 87 4 189
5317 85 1 187
5318 83 3 185
5319 81 9 183
5320 79 5 181
5321 77 4 179
5322 75 1 177
5323 73 3 175
5324 71 9 173
5325 69 5 171
5326 67 4 169
5327 65 1 167
5328 63 3 165
5329 61 9 163
5330 59 5 161
5331 57 4 159
5332 55 1 157
5333 53 3 155
5334 51 9 153
5335 49 5 151
5336 47 4 149
5337 45 1 147
5338 43 3 145
5339 41 9 143
5340 39 5 141
5341 94 3 197
5342 92 9 195
5343 90 5 193
5344 88 4 191
5345 86 1 189
5346 84 3 187
5347 82 9 185
5348 80 5 183
5349 78 4 181
5350 76 1 179
5351 74 3 177
5352 72 9 175
5353 70 5 173
5354 68 4 171
5355 66 1 169
5356 64 3 167
5357 62 9 165
5358 60 5 163
5359 58 4 161
5360 56 1 159
5361 54 3 157
5362 52 9 155
5363 50 5 153
5364 48 4 151
5365 46 1 149
5366 44 3 147
5367 95 3 198
5368 93 9 196
5369 91 5 194
5370 89 4 192
5371 87 1 190
5372 85 3 188
5373 83 9 186
5374 81 5 184
5375 79 4 182
5376 77 1 180
5377 75 3 178
5378 73 9 176
5379 71 5 174
5380 69 4 172
5381 67 1 170
5382 65 3 168
5383 63 9 166
5384 61 5 164
5385 59 4 162
5386 57 1 160
5387 55 3 158
5388 53 9 156
5389 51 5 154
5390 49 4 152
5391 96 3 200
5392 94 9 198
5393 92 5 196
5394 90 4 194
5395 88 1 192
5396 86 3 190
5397 84 9 188
5398 82 5 186
5399 80 4 184
5400 78 1 182
5401 76 3 180
5402 74 9 178
5403 72 5 176
5404 70 4 174
5405 68 1 172
5406 66 3 170
5407 64 9 168
5408 62 5 166
5409 60 4 164
5410 58 1 162
5411 56 3 160
5412 54 9 158
5413 97 3 201
5414 95 9 199
5415 93 5 197
5416 91 4 195
5417 89 1 193
5418 87 3 191
5419 85 9 189
5420 83 5 187
5421 81 4 185
5422 79 1 183
5423 77 3 181
5424 75 9 179
5425 73 5 177
5426 71 4 175
5427 69 1 173
5428 67 3 171
5429 65 9 169
5430 63 5 167
5431 61 4 165
5432 59 1 163
5433 98 3 203
5434 96 9 201
5435 94 5 199
5436 92 4 197
5437 90 1 195
5438 88 3 193
5439 86 9 191
5440 84 5 189
5441 82 4 187
5442 80 1 185
5443 78 3 183
5444 76 9 181
5445 74 5 179
5446 72 4 177
5447 70 1 175
5448 68 3 173
5449 66 9 171
5450 64 5 169
5451 99 3 204
5452 97 9 202
5453 95 5 200
5454 93 4 198
5455 91 1 196
5456 89 3 194
5457 87 9 192
5458 85 5 190
5459 83 4 188
5460 81 1 186
5461 79 3 184
5462 77 9 182
5463 75 5 180
5464 73 4 178
5465 71 1 176
5466 69 3 174
5467 100 3 206
5468 98 9 204
5469 96 5 202
5470 94 4 200
5471 92 1 198
5472 90 3 196
5473 88 9 194
5474 86 5 192
5475 84 4 190
5476 82 1 188
5477 80 3 186
5478 78 9 184
5479 76 5 182
5480 74 4 180
5481 101 3 207
5482 99 9 205
5483 97 5 203
5484 95 4 201
5485 93 1 199
5486 91 3 197
5487 89 9 195
5488 87 5 193
5489 85 4 191
5490 83 1 189
5491 81 3 187
5492 79 9 185
5493 102 3 209
5494 100 9 207
5495 98 5 205
5496 96 4 203
5497 94 1 201
5498 92 3 199
5499 90 9 197
5500 88 5 195
5501 86 4 193
5502 84 1 191
5503 103 3 210
5504 101 9 208
5505 99 5 206
5506 97 4 204
5507 95 1 202
5508 93 3 200
5509 91 9 198
5510 89 5 196
5511 104 3 212
5512 102 9 210
5513 100 5 208
5514 98 4 206
5515 96 1 204
5516 94 3 202
5517 105 3 213
5518 103 9 211
5519 101 5 209
5520 99 4 207
5521 106 3 215
5522 104 9 213
5523 0 7 106
5524 0 7 107
5525 0 7 108
5526 0 7 109
5527 0 7 110
5528 0 7 111
5529 0 7 112
5530 0 7 113
5531 0 7 114
5532 0 7 115
5533 0 7 116
5534 0 7 117
5535 0 7 118
5536 0 7 119
5537 0 7 120
5538 0 7 121
5539 0 7 122
5540 0 7 123
5541 0 7 124
5542 0 7 125
5543 0 7 126
5544 0 7 127
5545 0 7 128
5546 0 7 129
5547 0 7 130
5548 0 7 131
5549 0 7 132
5550 0 7 133
5551 0 7 134
5552 0 7 135
5553 0 7 136
5554 0 7 137
5555 0 7 138
5556 0 7 139
5557 0 7 140
5558 0 7 141
5559 0 7 142
5560 1 9 106
5561 1 9 107
5562 1 9 108
5563 1 9 109
5564 1 9 110
5565 1 9 111
5566 1 9 112
5567 1 9 113
5568 1 9 114
5569 1 9 115
5570 1 9 116
5571 1 9 117
5572 1 9 118
5573 1 9 119
5574 1 9 120
5575 1 9 121
5576 1 9 122
5577 1 9 123
5578 1 9 124
5579 1 9 125
5580 1 9 126
5581 1 9 127
5582 1 9 128
5583 1 9 129
5584 1 9 130
5585 1 9 131
5586 1 9 132
5587 1 9 133
5588 1 9 134
5589 1 9 135
5590 1 9 136
5591 1 9 137
5592 1 9 138
5593 1 9 139
5594 1 9 140
5595 1 9 141
5596 2 10 106
5597 2 10 107
5598 2 10 108
5599 2 10 109
5600 2 10 110
5601 2 10 111
5602 2 10 112
5603 2 10 113
5604 2 10 114
5605 2 10 115
5606 2 10 116
5607 2 10 117
5608 2 10 118
5609 2 10 119
5610 2 10 120
5611 2 10 121
5612 2 10 122
5613 2 10 123
5614 2 10 124
5615 2 10 125
5616 2 10 126
5617 2 10 127
5618 2 10 128
5619 2 10 129
5620 2 10 130
5621 2 10 131
5622 2 10 132
5623 2 10 133
5624 2 10 134
5625 2 10 135
5626 2 10 136
5627 2 10 137
5628 2 10 138
5629 2 10 139
5630 2 10 140
5631 3 5 106
5632 3 5 107
5633 3 5 108
5634 3 5 109
5635 3 5 110
5636 3 5 111
5637 3 5 112
5638 3 5 113
5639 3 5 114
5640 3 5 115
5641 3 5 116
5642 3 5 117
5643 3 5 118
5644 3 5 119
5645 3 5 120
5646 3 5 121
5647 3 5 122
5648 3 5 123
5649 3 5 124
5650 3 5 125
5651 3 5 126
5652 3 5 127
5653 3 5 128
5654 3 5 129
5655 3 5 130
5656 3 5 131
5657 3 5 132
5658 3 5 133
5659 3 5 134
5660 3 5 135
5661 3 5 136
5662 3 5 137
5663 3 5 138
5664 3 5 139
5665 4 5 107
5666 5 3 107
5667 4 8 108
5668 4 8 109
5669 4 8 110
5670 4 8 111
5671 4 8 112
5672 4 8 113
5673 4 8 114
5674 4 8 115
5675 4 8 116
5676 4 8 117
5677 4 8 118
5678 4 8 119
5679 4 8 120
5680 4 8 121
5681 4 8 122
5682 4 8 123
5683 4 8 124
5684 4 8 125
5685 4 8 126
5686 4 8 127
5687 4 8 128
5688 4 8 129
5689 4 8 130
5690 4 8 131
5691 4 8 132
5692 4 8 133
5693 4 8 134
5694 4 8 135
5695 4 8 136
5696 4 8 137
5697 4 8 138
5698 5 5 108
5699 6 3 108
5700 7 4 108
5701 5 4 109
5702 5 4 110
5703 5 4 111
5704 5 4 112
5705 5 4 113
5706 5 4 114
5707 5 4 115
5708 5 4 116
5709 5 4 117
5710 5 4 118
5711 5 4 119
5712 5 4 120
5713 5 4 121
5714 5 4 122
5715 5 4 123
5716 5 4 124
5717 5 4 125
5718 5 4 126
5719 5 4 127
5720 5 4 128
5721 5 4 129
5722 5 4 130
5723 5 4 131
5724 5 4 132
5725 5 4 133
5726 5 4 134
5727 5 4 135
5728 5 4 136
5729 5 4 137
5730 6 5 109
5731 7 3 109
5732 8 4 109
5733 9 9 109
5734 6 2 110
5735 6 2 111
5736 6 2 112
5737 6 2 113
5738 6 2 114
5739 6 2 115
5740 6 2 116
5741 6 2 117
5742 6 2 118
5743 6 2 119
5744 6 2 120
5745 6 2 121
5746 6 2 122
5747 6 2 123
5748 6 2 124
5749 6 2 125
5750 6 2 126
5751 6 2 127
5752 6 2 128
5753 6 2 129
5754 6 2 130
5755 6 2 131
5756 6 2 132
5757 6 2 133
5758 6 2 134
5759 6 2 135
5760 6 2 136
5761 7 5 110
5762 8 3 110
5763 9 4 110
5764 10 9 110
5765 7 2 111
5766 11 6 111
5767 7 1 112
5768 7 1 113
5769 7 1 114
5770 7 1 115
5771 7 1 116
5772 7 1 117
5773 7 1 118
5774 7 1 119
5775 7 1 120
5776 7 1 121
5777 7 1 122
5778 7 1 123
5779 7 1 124
5780 7 1 125
5781 7 1 126
5782 7 1 127
5783 7 1 128
5784 7 1 129
5785 7 1 130
5786 7 1 131
5787 7 1 132
5788 7 1 133
5789 7 1 134
5790 7 1 135
5791 8 5 111
5792 9 3 111
5793 10 4 111
5794 8 4 112
5795 11 10 112
5796 12 6 112
5797 8 1 113
5798 13 4 113
5799 8 6 114
5800 8 6 115
5801 8 6 116
5802 8 6 117
5803 8 6 118
5804 8 6 119
5805 8 6 120
5806 8 6 121
5807 8 6 122
5808 8 6 123
5809 8 6 124
5810 8 6 125
5811 8 6 126
5812 8 6 127
5813 8 6 128
5814 8 6 129
5815 8 6 130
5816 8 6 131
5817 8 6 132
5818 8 6 133
5819 8 6 134
5820 9 5 112
5821 10 3 112
5822 9 8 113
5823 11 2 113
5824 12 10 113
5825 9 2 114
5826 13 3 114
5827 9 1 115
5828 14 2 115
5829 15 10 115
5830 9 3 116
5831 9 3 117
5832 9 3 118
5833 9 3 119
5834 9 3 120
5835 9 3 121
5836 9 3 122
5837 9 3 123
5838 9 3 124
5839 9 3 125
5840 9 3 126
5841 9 3 127
5842 9 3 128
5843 9 3 129
5844 9 3 130
5845 9 3 131
5846 9 3 132
5847 9 3 133
5848 10 5 113
5849 10 5 114
5850 11 7 114
5851 12 2 114
5852 10 4 115
5853 13 5 115
5854 10 2 116
5855 14 7 116
5856 15 2 116
5857 10 6 117
5858 16 5 117
5859 17 3 117
5860 10 7 118
5861 10 7 119
5862 10 7 120
5863 10 7 121
5864 10 7 122
5865 10 7 123
5866 10 7 124
5867 10 7 125
5868 10 7 126
5869 10 7 127
5870 10 7 128
5871 10 7 129
5872 10 7 130
5873 10 7 131
5874 10 7 132
5875 11 5 115
5876 12 7 115
5877 12 7 116
5878 11 8 116
5879 13 1 116
5880 11 4 117
5881 14 8 117
5882 15 7 117
5883 11 1 118
5884 16 1 118
5885 17 5 118
5886 11 3 119
5887 18 7 119
5888 11 7 120
5889 19 1 120
5890 11 9 121
5891 11 9 122
5892 11 9 123
5893 11 9 124
5894 11 9 125
5895 11 9 126
5896 11 9 127
5897 11 9 128
5898 11 9 129
5899 11 9 130
5900 11 9 131
5901 12 5 117
5902 13 7 117
5903 13 7 118
5904 12 8 118
5905 14 1 118
5906 15 6 118
5907 12 6 119
5908 15 9 119
5909 16 9 119
5910 17 1 119
5911 12 6 120
5912 18 8 120
5913 12 3 121
5914 19 9 121
5915 20 1 121
5916 12 9 122
5917 21 8 122
5918 12 10 123
5919 12 10 124
5920 12 10 125
5921 12 10 126
5922 12 10 127
5923 12 10 128
5924 12 10 129
5925 12 10 130
5926 13 5 119
5927 14 7 119
5928 14 7 120
5929 13 8 120
5930 15 1 120
5931 16 6 120
5932 17 4 120
5933 13 2 121
5934 16 3 121
5935 17 9 121
5936 18 6 121
5937 13 6 122
5938 19 4 122
5939 20 9 122
5940 13 7 123
5941 21 6 123
5942 22 8 123
5943 13 10 124
5944 23 9 124
5945 13 5 125
5946 13 5 126
5947 13 5 127
5948 13 5 128
5949 13 5 129
5950 14 5 121
5951 15 7 121
5952 15 7 122
5953 14 8 122
5954 16 1 122
5955 17 6 122
5956 18 4 122
5957 14 2 123
5958 17 3 123
5959 18 9 123
5960 19 6 123
5961 20 9 123
5962 14 7 124
5963 20 7 124
5964 21 10 124
5965 22 6 124
5966 14 9 125
5967 23 4 125
5968 14 10 126
5969 24 10 126
5970 25 6 126
5971 14 8 127
5972 14 8 128
5973 15 5 123
5974 16 7 123
5975 16 7 124
5976 15 8 124
5977 17 1 124
5978 18 6 124
5979 19 4 124
5980 15 2 125
5981 18 3 125
5982 19 9 125
5983 20 6 125
5984 21 9 125
5985 22 5 125
5986 15 9 126
5987 21 7 126
5988 22 3 126
5989 23 3 126
5990 15 9 127
5991 24 2 127
5992 25 10 127
5993 15 5 128
5994 26 3 128
5995 16 5 125
5996 17 7 125
5997 17 7 126
5998 16 8 126
5999 18 1 126
6000 19 6 126
6001 20 4 126
6002 16 2 127
6003 19 3 127
6004 20 9 127
6005 21 6 127
6006 22 9 127
6007 23 5 127
6008 16 9 128
6009 22 7 128
6010 23 3 128
6011 24 3 128
6012 25 5 128
6013 27 5 128
6014 14 8 129
6015 15 1 129
6016 17 5 127
6017 18 7 127
6018 18 7 128
6019 17 8 128
6020 19 1 128
6021 20 6 128
6022 21 4 128
6023 17 2 129
6024 16 9 129
6025 21 9 129
6026 20 5 129
6027 22 4 129
6028 23 8 129
6029 24 3 129
6030 25 1 129
6031 26 2 129
6032 27 6 129
6033 14 4 130
6034 15 5 130
6035 16 5 130
6036 18 5 129
6037 19 7 129
6038 13 3 130
6039 17 6 130
6040 18 9 130
6041 19 8 130
6042 20 6 130
6043 21 9 130
6044 22 6 130
6045 23 10 130
6046 24 1 130
6047 25 2 130
6048 26 2 130
6049 27 2 130
6050 28 9 130
6051 14 1 131
6052 15 7 131
6053 16 5 131
6054 17 9 131
6055 12 10 131
6056 13 5 131
6057 19 10 131
6058 18 6 131
6059 20 2 131
6060 21 8 131
6061 22 3 131
6062 23 5 131
6063 24 5 131
6064 25 6 131
6065 27 1 131
6066 29 7 131
6067 28 8 131
6068 13 8 132
6069 14 2 132
6070 16 7 132
6071 15 3 132
6072 17 7 132
6073 26 8 131
6074 11 10 132
6075 12 9 132
6076 18 10 132
6077 19 9 132
6078 20 5 132
6079 21 7 132
6080 22 4 132
6081 28 1 132
6082 29 5 132
6083 30 3 132
6084 12 4 133
6085 13 1 133
6086 14 10 133
6087 16 10 133
6088 15 5 133
6089 17 1 133
6090 27 4 132
6091 10 10 133
6092 11 3 133
6093 18 1 133
6094 19 8 133
6095 20 2 133
6096 21 7 133
6097 28 7 133
6098 29 3 133
6099 9 2 134
6100 30 5 133
6101 31 10 133
6102 10 7 134
6103 12 3 134
6104 13 10 134
6105 14 9 134
6106 11 10 134
6107 16 8 134
6108 15 9 134
6109 17 10 134
6110 23 5 132
6111 22 9 133
6112 18 3 134
6113 19 10 134
6114 20 6 134
6115 21 4 134
6116 22 3 134
6117 29 3 134
6118 30 10 134
6119 31 9 134
6120 32 7 134
6121 8 7 135
6122 9 5 135
6123 10 8 135
6124 24 8 132
6125 26 3 132
6126 23 10 133
6127 23 10 134
6128 11 6 135
6129 14 3 135
6130 12 2 135
6131 16 9 135
6132 18 4 135
6133 19 3 135
6134 21 9 135
6135 32 4 135
6136 33 1 135
6137 25 4 132
6138 24 5 133
6139 27 7 133
6140 24 5 134
6141 28 1 134
6142 22 1 135
6143 23 4 135
6144 24 2 135
6145 31 9 135
6146 7 2 136
6147 9 9 136
6148 8 7 136
6149 25 8 133
6150 26 9 133
6151 25 8 134
6152 13 1 135
6153 17 4 135
6154 15 6 135
6155 25 8 135
6156 10 10 136
6157 21 1 136
6158 22 1 136
6159 23 9 136
6160 26 8 134
6161 27 9 134
6162 20 2 135
6163 26 4 135
6164 27 1 135
6165 28 3 135
6166 29 3 135
6167 30 4 135
6168 25 6 136
6169 24 1 136
6170 26 8 136
6171 11 10 136
6172 12 7 136
6173 13 4 136
6174 14 2 136
6175 15 8 136
6176 16 4 136
6177 17 7 136
6178 18 8 136
6179 27 2 136
6180 8 4 137
6181 19 7 136
6182 20 10 136
6183 28 3 136
6184 29 2 136
6185 30 9 136
6186 31 8 136
6187 32 10 136
6188 33 2 136
6189 6 7 137
6190 7 7 137
6191 14 3 137
6192 16 2 137
6193 18 5 137
6194 19 7 137
6195 20 4 137
6196 21 6 137
6197 22 7 137
6198 23 2 137
6199 24 1 137
6200 25 3 137
6201 26 9 137
6202 27 7 137
6203 28 2 137
6204 30 2 137
6205 29 8 137
6206 31 1 137
6207 32 7 137
6208 33 6 137
6209 34 8 137
6210 35 1 137
6211 5 7 138
6212 6 10 138
6213 24 3 138
6214 26 10 138
6215 28 3 138
6216 30 4 138
6217 29 9 138
6218 31 6 138
6219 32 9 138
6220 33 4 138
6221 34 3 138
6222 35 9 138
6223 4 10 139
6224 34 7 139
6225 36 3 139
6226 37 2 139
6227 36 1 140
6228 35 3 139
6229 34 7 140
6230 33 10 139
6231 32 5 139
6232 31 4 139
6233 30 2 139
6234 29 6 139
6235 28 3 139
6236 27 9 138
6237 26 10 139
6238 25 8 138
6239 24 4 139
6240 23 1 138
6241 22 6 138
6242 21 7 138
6243 20 9 138
6244 19 5 138
6245 18 8 138
6246 17 2 137
6247 16 1 138
6248 15 3 137
6249 14 7 138
6250 13 10 137
6251 12 5 137
6252 11 4 137
6253 10 2 137
6254 9 6 137
6255 8 3 138
6256 7 9 138
6257 9 8 138
6258 10 6 138
6259 11 4 138
6260 12 6 138
6261 13 1 138
6262 15 4 138
6263 5 3 139
6264 17 2 138
6265 6 10 139
6266 38 2 141
6267 37 6 140
6268 36 3 141
6269 35 9 140
6270 34 10 141
6271 33 8 140
6272 32 4 140
6273 31 1 140
6274 30 6 140
6275 29 7 140
6276 28 9 140
6277 27 5 139
6278 26 8 140
6279 25 2 139
6280 24 1 140
6281 23 3 139
6282 22 7 139
6283 21 10 139
6284 20 5 139
6285 19 4 139
6286 18 2 139
6287 7 4 139
6288 16 3 139
6289 8 2 139
6290 14 10 139
6291 9 3 139
6292 12 4 139
6293 11 2 139
6294 10 6 139
6295 13 8 139
6296 15 7 139
6297 17 9 139
6298 3 6 140
6299 4 5 140
6300 5 6 140
6301 7 4 140
6302 6 10 140
6303 8 5 140
6304 9 5 140
6305 39 1 142
6306 38 6 142
6307 37 7 141
6308 36 9 142
6309 35 5 141
6310 34 8 142
6311 33 2 141
6312 32 1 141
6313 31 3 141
6314 30 7 141
6315 29 10 141
6316 28 5 141
6317 27 4 140
6318 26 2 141
6319 25 6 140
6320 24 3 141
6321 23 9 140
6322 22 10 140
6323 21 8 140
6324 20 4 140
6325 19 1 140
6326 18 6 140
6327 10 2 140
6328 16 9 140
6329 11 10 140
6330 14 8 140
6331 12 10 140
6332 13 4 140
6333 15 2 140
6334 17 5 140
6335 2 6 141
6336 3 4 141
6337 4 5 141
6338 5 10 141
6339 6 9 141
6340 7 2 141
6341 8 9 141
6342 9 10 141
6343 40 1 143
6344 39 3 143
6345 38 7 143
6346 37 10 142
6347 36 5 143
6348 35 4 142
6349 34 2 143
6350 33 6 142
6351 32 3 142
6352 31 9 142
6353 30 10 142
6354 29 8 142
6355 28 4 142
6356 27 1 141
6357 26 6 142
6358 25 7 141
6359 24 9 142
6360 23 5 141
6361 22 8 141
6362 21 2 141
6363 20 1 141
6364 19 3 141
6365 18 7 141
6366 10 7 141
6367 16 5 141
6368 11 10 141
6369 14 2 141
6370 13 5 141
6371 12 5 141
6372 15 5 141
6373 1 1 142
6374 17 1 141
6375 2 6 142
6376 3 3 142
6377 4 2 142
6378 5 6 142
6379 6 9 142
6380 41 6 144
6381 40 3 144
6382 39 9 144
6383 38 10 144
6384 37 8 143
6385 36 4 144
6386 35 1 143
6387 34 6 144
6388 33 7 143
6389 32 9 143
6390 31 5 143
6391 30 8 143
6392 29 2 143
6393 28 1 143
6394 27 3 142
6395 26 7 143
6396 25 10 142
6397 24 5 143
6398 23 4 142
6399 22 2 142
6400 21 6 142
6401 20 3 142
6402 19 9 142
6403 18 10 142
6404 7 8 142
6405 16 4 142
6406 8 10 142
6407 14 6 142
6408 9 1 142
6409 10 7 142
6410 11 10 142
6411 13 2 142
6412 12 4 142
6413 15 10 142
6414 17 7 142
6415 0 8 143
6416 42 6 145
6417 41 7 145
6418 40 9 145
6419 39 5 145
6420 38 8 145
6421 37 2 144
6422 36 1 145
6423 35 3 144
6424 34 7 145
6425 33 10 144
6426 32 5 144
6427 31 4 144
6428 30 2 144
6429 29 6 144
6430 28 3 144
6431 27 9 143
6432 26 10 144
6433 25 8 143
6434 24 4 144
6435 23 1 143
6436 22 6 143
6437 21 7 143
6438 20 9 143
6439 19 5 143
6440 18 8 143
6441 2 4 143
6442 16 1 143
6443 1 8 143
6444 14 7 143
6445 4 4 143
6446 6 3 143
6447 10 5 143
6448 8 10 143
6449 11 5 143
6450 13 2 143
6451 43 3 146
6452 42 7 146
6453 41 10 146
6454 40 5 146
6455 39 4 146
6456 38 2 146
6457 37 6 145
6458 36 3 146
6459 35 9 145
6460 34 10 146
6461 33 8 145
6462 32 4 145
6463 31 1 145
6464 30 6 145
6465 29 7 145
6466 28 9 145
6467 27 5 144
6468 26 8 145
6469 25 2 144
6470 24 1 145
6471 23 3 144
6472 22 7 144
6473 21 10 144
6474 20 5 144
6475 19 4 144
6476 18 2 144
6477 17 6 143
6478 16 3 144
6479 15 9 143
6480 14 10 144
6481 0 10 144
6482 12 4 143
6483 1 10 144
6484 12 5 144
6485 44 3 148
6486 43 9 147
6487 42 10 147
6488 41 8 147
6489 40 4 147
6490 39 1 147
6491 38 6 147
6492 37 7 146
6493 36 9 147
6494 35 5 146
6495 34 8 147
6496 33 2 146
6497 32 1 146
6498 31 3 146
6499 30 7 146
6500 29 10 146
6501 28 5 146
6502 27 4 145
6503 26 2 146
6504 25 6 145
6505 24 3 146
6506 23 9 145
6507 22 10 145
6508 21 8 145
6509 20 4 145
6510 19 1 145
6511 18 6 145
6512 17 7 144
6513 16 9 145
6514 15 5 144
6515 14 8 145
6516 13 2 144
6517 0 5 145
6518 45 7 148
6519 44 9 149
6520 43 5 148
6521 42 8 148
6522 41 2 148
6523 40 1 148
6524 39 3 148
6525 38 7 148
6526 37 10 147
6527 36 5 148
6528 35 4 147
6529 34 2 148
6530 33 6 147
6531 32 3 147
6532 31 9 147
6533 30 10 147
6534 29 8 147
6535 28 4 147
6536 27 1 146
6537 26 6 147
6538 25 7 146
6539 24 9 147
6540 23 5 146
6541 22 8 146
6542 21 2 146
6543 20 1 146
6544 19 3 146
6545 18 7 146
6546 17 10 145
6547 16 5 146
6548 15 4 145
6549 14 2 146
6550 46 7 150
6551 45 10 149
6552 44 5 150
6553 43 4 149
6554 42 2 149
6555 41 6 149
6556 40 3 149
6557 39 9 149
6558 38 10 149
6559 37 8 148
6560 36 4 149
6561 35 1 148
6562 34 6 149
6563 33 7 148
6564 32 9 148
6565 31 5 148
6566 30 8 148
6567 29 2 148
6568 28 1 148
6569 27 3 147
6570 26 7 148
6571 25 10 147
6572 24 5 148
6573 23 4 147
6574 22 2 147
6575 21 6 147
6576 20 3 147
6577 19 9 147
6578 18 10 147
6579 17 8 146
6580 16 4 147
6581 47 9 150
6582 46 10 151
6583 45 8 150
6584 44 4 151
6585 43 1 150
6586 42 6 150
6587 41 7 150
6588 40 9 150
6589 39 5 150
6590 38 8 150
6591 37 2 149
6592 36 1 150
6593 35 3 149
6594 34 7 150
6595 33 10 149
6596 32 5 149
6597 31 4 149
6598 30 2 149
6599 29 6 149
6600 28 3 149
6601 27 9 148
6602 26 10 149
6603 25 8 148
6604 24 4 149
6605 23 1 148
6606 22 6 148
6607 21 7 148
6608 20 9 148
6609 19 5 148
6610 18 8 148
6611 48 9 152
6612 47 5 151
6613 46 8 152
6614 45 2 151
6615 44 1 152
6616 43 3 151
6617 42 7 151
6618 41 10 151
6619 40 5 151
6620 39 4 151
6621 38 2 151
6622 37 6 150
6623 36 3 151
6624 35 9 150
6625 34 10 151
6626 33 8 150
6627 32 4 150
6628 31 1 150
6629 30 6 150
6630 29 7 150
6631 28 9 150
6632 27 5 149
6633 26 8 150
6634 25 2 149
6635 24 1 150
6636 23 3 149
6637 22 7 149
6638 21 10 149
6639 20 5 149
6640 49 10 153
6641 48 5 153
6642 47 4 152
6643 46 2 153
6644 45 6 152
6645 44 3 153
6646 43 9 152
6647 42 10 152
6648 41 8 152
6649 40 4 152
6650 39 1 152
6651 38 6 152
6652 37 7 151
6653 36 9 152
6654 35 5 151
6655 34 8 152
6656 33 2 151
6657 32 1 151
6658 31 3 151
6659 30 7 151
6660 29 10 151
6661 28 5 151
6662 27 4 150
6663 26 2 151
6664 25 6 150
6665 24 3 151
6666 23 9 150
6667 22 10 150
6668 50 10 154
6669 49 8 154
6670 48 4 154
6671 47 1 153
6672 46 6 154
6673 45 7 153
6674 44 9 154
6675 43 5 153
6676 42 8 153
6677 41 2 153
6678 40 1 153
6679 39 3 153
6680 38 7 153
6681 37 10 152
6682 36 5 153
6683 35 4 152
6684 34 2 153
6685 33 6 152
6686 32 3 152
6687 31 9 152
6688 30 10 152
6689 29 8 152
6690 28 4 152
6691 27 1 151
6692 26 6 152
6693 25 7 151
6694 24 9 152
6695 51 5 155
6696 50 8 155
6697 49 2 155
6698 48 1 155
6699 47 3 154
6700 46 7 155
6701 45 10 154
6702 44 5 155
6703 43 4 154
6704 42 2 154
6705 41 6 154
6706 40 3 154
6707 39 9 154
6708 38 10 154
6709 37 8 153
6710 36 4 154
6711 35 1 153
6712 34 6 154
6713 33 7 153
6714 32 9 153
6715 31 5 153
6716 30 8 153
6717 29 2 153
6718 28 1 153
6719 27 3 152
6720 26 7 153
6721 52 5 156
6722 51 4 156
6723 50 2 156
6724 49 6 156
6725 48 3 156
6726 47 9 155
6727 46 10 156
6728 45 8 155
6729 44 4 156
6730 43 1 155
6731 42 6 155
6732 41 7 155
6733 40 9 155
6734 39 5 155
6735 38 8 155
6736 37 2 154
6737 36 1 155
6738 35 3 154
6739 34 7 155
6740 33 10 154
6741 32 5 154
6742 31 4 154
6743 30 2 154
6744 29 6 154
6745 28 3 154
6746 53 8 157
6747 52 4 157
6748 51 1 157
6749 50 6 157
6750 49 7 157
6751 48 9 157
6752 47 5 156
6753 46 8 157
6754 45 2 156
6755 44 1 157
6756 43 3 156
6757 42 7 156
6758 41 10 156
6759 40 5 156
6760 39 4 156
6761 38 2 156
6762 37 6 155
6763 36 3 156
6764 35 9 155
6765 34 10 156
6766 33 8 155
6767 32 4 155
6768 31 1 155
6769 30 6 155
6770 54 8 159
6771 53 2 158
6772 52 1 158
6773 51 3 158
6774 50 7 158
6775 49 10 158
6776 48 5 158
6777 47 4 157
6778 46 2 158
6779 45 6 157
6780 44 3 158
6781 43 9 157
6782 42 10 157
6783 41 8 157
6784 40 4 157
6785 39 1 157
6786 38 6 157
6787 37 7 156
6788 36 9 157
6789 35 5 156
6790 34 8 157
6791 33 2 156
6792 32 1 156
6793 55 4 159
6794 54 2 160
6795 53 6 159
6796 52 3 159
6797 51 9 159
6798 50 10 159
6799 49 8 159
6800 48 4 159
6801 47 1 158
6802 46 6 159
6803 45 7 158
6804 44 9 159
6805 43 5 158
6806 42 8 158
6807 41 2 158
6808 40 1 158
6809 39 3 158
6810 38 7 158
6811 37 10 157
6812 36 5 158
6813 35 4 157
6814 34 2 158
6815 56 4 161
6816 55 1 160
6817 54 6 161
6818 53 7 160
6819 52 9 160
6820 51 5 160
6821 50 8 160
6822 49 2 160
6823 48 1 160
6824 47 3 159
6825 46 7 160
6826 45 10 159
6827 44 5 160
6828 43 4 159
6829 42 2 159
6830 41 6 159
6831 40 3 159
6832 39 9 159
6833 38 10 159
6834 37 8 158
6835 36 4 159
6836 57 2 161
6837 56 1 162
6838 55 3 161
6839 54 7 162
6840 53 10 161
6841 52 5 161
6842 51 4 161
6843 50 2 161
6844 49 6 161
6845 48 3 161
6846 47 9 160
6847 46 10 161
6848 45 8 160
6849 44 4 161
6850 43 1 160
6851 42 6 160
6852 41 7 160
6853 40 9 160
6854 39 5 160
6855 38 8 160
6856 58 2 163
6857 57 6 162
6858 56 3 163
6859 55 9 162
6860 54 10 163
6861 53 8 162
6862 52 4 162
6863 51 1 162
6864 50 6 162
6865 49 7 162
6866 48 9 162
6867 47 5 161
6868 46 8 162
6869 45 2 161
6870 44 1 162
6871 43 3 161
6872 42 7 161
6873 41 10 161
6874 40 5 161
6875 59 1 164
6876 58 6 164
6877 57 7 163
6878 56 9 164
6879 55 5 163
6880 54 8 164
6881 53 2 163
6882 52 1 163
6883 51 3 163
6884 50 7 163
6885 49 10 163
6886 48 5 163
6887 47 4 162
6888 46 2 163
6889 45 6 162
6890 44 3 163
6891 43 9 162
6892 42 10 162
6893 60 1 165
6894 59 3 165
6895 58 7 165
6896 57 10 164
6897 56 5 165
6898 55 4 164
6899 54 2 165
6900 53 6 164
6901 52 3 164
6902 51 9 164
6903 50 10 164
6904 49 8 164
6905 48 4 164
6906 47 1 163
6907 46 6 164
6908 45 7 163
6909 44 9 164
6910 61 6 166
6911 60 3 166
6912 59 9 166
6913 58 10 166
6914 57 8 165
6915 56 4 166
6916 55 1 165
6917 54 6 166
6918 53 7 165
6919 52 9 165
6920 51 5 165
6921 50 8 165
6922 49 2 165
6923 48 1 165
6924 47 3 164
6925 46 7 165
6926 62 6 167
6927 61 7 167
6928 60 9 167
6929 59 5 167
6930 58 8 167
6931 57 2 166
6932 56 1 167
6933 55 3 166
6934 54 7 167
6935 53 10 166
6936 52 5 166
6937 51 4 166
6938 50 2 166
6939 49 6 166
6940 48 3 166
6941 63 3 168
6942 62 7 168
6943 61 10 168
6944 60 5 168
6945 59 4 168
6946 58 2 168
6947 57 6 167
6948 56 3 168
6949 55 9 167
6950 54 10 168
6951 53 8 167
6952 52 4 167
6953 51 1 167
6954 50 6 167
6955 64 3 170
6956 63 9 169
6957 62 10 169
6958 61 8 169
6959 60 4 169
6960 59 1 169
6961 58 6 169
6962 57 7 168
6963 56 9 169
6964 55 5 168
6965 54 8 169
6966 53 2 168
6967 52 1 168
6968 65 7 170
6969 64 9 171
6970 63 5 170
6971 62 8 170
6972 61 2 170
6973 60 1 170
6974 59 3 170
6975 58 7 170
6976 57 10 169
6977 56 5 170
6978 55 4 169
6979 54 2 170
6980 66 7 172
6981 65 10 171
6982 64 5 172
6983 63 4 171
6984 62 2 171
6985 61 6 171
6986 60 3 171
6987 59 9 171
6988 58 10 171
6989 57 8 170
6990 56 4 171
6991 67 9 172
6992 66 10 173
6993 65 8 172
6994 64 4 173
6995 63 1 172
6996 62 6 172
6997 61 7 172
6998 60 9 172
6999 59 5 172
7000 58 8 172
7001 68 9 174
7002 67 5 173
7003 66 8 174
7004 65 2 173
7005 64 1 174
7006 63 3 173
7007 62 7 173
7008 61 10 173
7009 60 5 173
7010 69 10 175
7011 68 5 175
7012 67 4 174
7013 66 2 175
7014 65 6 174
7015 64 3 175
7016 63 9 174
7017 62 10 174
7018 70 10 176
7019 69 8 176
7020 68 4 176
7021 67 1 175
7022 66 6 176
7023 65 7 175
7024 64 9 176
7025 71 5 177
7026 70 8 177
7027 69 2 177
7028 68 1 177
7029 67 3 176
7030 66 7 177
7031 72 5 178
7032 71 4 178
7033 70 2 178
7034 69 6 178
7035 68 3 178
7036 73 8 179
7037 72 4 179
7038 71 1 179
7039 70 6 179
7040 74 8 181
7041 73 2 180
7042 72 1 180
7043 75 4 181
7044 74 2 182
7045 76 4 183
7046 77 1 183
7047 75 2 182
7048 73 4 181
7049 71 8 180
7050 69 5 179
7051 67 10 177
7052 65 9 176
7053 63 7 175
7054 61 3 174
7055 59 6 173
7056 57 1 171
7057 55 2 170
7058 53 4 169
7059 51 8 168
7060 49 5 167
7061 47 10 165
7062 45 9 164
7063 43 7 163
7064 41 3 162
7065 39 6 161
7066 37 1 159
7067 35 2 158
7068 33 4 157
7069 31 8 156
7070 29 5 155
7071 27 10 153
7072 25 9 152
7073 23 7 151
7074 21 3 150
7075 19 6 149
7076 17 1 147
7077 15 2 146
7078 78 1 185
7079 76 2 184
7080 74 4 183
7081 72 8 181
7082 70 5 180
7083 68 10 179
7084 66 9 178
7085 64 7 177
7086 62 3 175
7087 60 6 174
7088 58 1 173
7089 56 2 172
7090 54 4 171
7091 52 8 169
7092 50 5 168
7093 48 10 167
7094 46 9 166
7095 44 7 165
7096 42 3 163
7097 40 6 162
7098 38 1 161
7099 36 2 160
7100 34 4 159
7101 32 8 157
7102 30 5 156
7103 28 10 155
7104 26 9 154
7105 24 7 153
7106 22 3 151
7107 20 6 150
7108 18 1 149
7109 79 6 186
7110 77 1 184
7111 75 2 183
7112 73 4 182
7113 71 8 181
7114 69 5 180
7115 67 10 178
7116 65 9 177
7117 63 7 176
7118 61 3 175
7119 59 6 174
7120 57 1 172
7121 55 2 171
7122 53 4 170
7123 51 8 169
7124 49 5 168
7125 47 10 166
7126 45 9 165
7127 43 7 164
7128 41 3 163
7129 39 6 162
7130 37 1 160
7131 35 2 159
7132 33 4 158
7133 31 8 157
7134 29 5 156
7135 27 10 154
7136 25 9 153
7137 23 7 152
7138 21 3 151
7139 80 6 187
7140 78 1 186
7141 76 2 185
7142 74 4 184
7143 72 8 182
7144 70 5 181
7145 68 10 180
7146 66 9 179
7147 64 7 178
7148 62 3 176
7149 60 6 175
7150 58 1 174
7151 56 2 173
7152 54 4 172
7153 52 8 170
7154 50 5 169
7155 48 10 168
7156 46 9 167
7157 44 7 166
7158 42 3 164
7159 40 6 163
7160 38 1 162
7161 36 2 161
7162 34 4 160
7163 32 8 158
7164 30 5 157
7165 28 10 156
7166 26 9 155
7167 24 7 154
7168 81 3 188
7169 79 6 187
7170 77 1 185
7171 75 2 184
7172 73 4 183
7173 71 8 182
7174 69 5 181
7175 67 10 179
7176 65 9 178
7177 63 7 177
7178 61 3 176
7179 59 6 175
7180 57 1 173
7181 55 2 172
7182 53 4 171
7183 51 8 170
7184 49 5 169
7185 47 10 167
7186 45 9 166
7187 43 7 165
7188 41 3 164
7189 39 6 163
7190 37 1 161
7191 35 2 160
7192 33 4 159
7193 31 8 158
7194 29 5 157
7195 27 10 155
7196 82 3 189
7197 80 6 188
7198 78 1 187
7199 76 2 186
7200 74 4 185
7201 72 8 183
7202 70 5 182
7203 68 10 181
7204 66 9 180
7205 64 7 179
7206 62 3 177
7207 60 6 176
7208 58 1 175
7209 56 2 174
7210 54 4 173
7211 52 8 171
7212 50 5 170
7213 48 10 169
7214 46 9 168
7215 44 7 167
7216 42 3 165
7217 40 6 164
7218 38 1 163
7219 36 2 162
7220 34 4 161
7221 32 8 159
7222 30 5 158
7223 83 7 190
7224 81 3 189
7225 79 6 188
7226 77 1 186
7227 75 2 185
7228 73 4 184
7229 71 8 183
7230 69 5 182
7231 67 10 180
7232 65 9 179
7233 63 7 178
7234 61 3 177
7235 59 6 176
7236 57 1 174
7237 55 2 173
7238 53 4 172
7239 51 8 171
7240 49 5 170
7241 47 10 168
7242 45 9 167
7243 43 7 166
7244 41 3 165
7245 39 6 164
7246 37 1 162
7247 35 2 161
7248 33 4 160
7249 84 7 192
7250 82 3 190
7251 80 6 189
7252 78 1 188
7253 76 2 187
7254 74 4 186
7255 72 8 184
7256 70 5 183
7257 68 10 182
7258 66 9 181
7259 64 7 180
7260 62 3 178
7261 60 6 177
7262 58 1 176
7263 56 2 175
7264 54 4 174
7265 52 8 172
7266 50 5 171
7267 48 10 170
7268 46 9 169
7269 44 7 168
7270 42 3 166
7271 40 6 165
7272 38 1 164
7273 36 2 163
7274 85 9 192
7275 83 7 191
7276 81 3 190
7277 79 6 189
7278 77 1 187
7279 75 2 186
7280 73 4 185
7281 71 8 184
7282 69 5 183
7283 67 10 181
7284 65 9 180
7285 63 7 179
7286 61 3 178
7287 59 6 177
7288 57 1 175
7289 55 2 174
7290 53 4 173
7291 51 8 172
7292 49 5 171
7293 47 10 169
7294 45 9 168
7295 43 7 167
7296 41 3 166
7297 39 6 165
7298 86 9 194
7299 84 7 193
7300 82 3 191
7301 80 6 190
7302 78 1 189
7303 76 2 188
7304 74 4 187
7305 72 8 185
7306 70 5 184
7307 68 10 183
7308 66 9 182
7309 64 7 181
7310 62 3 179
7311 60 6 178
7312 58 1 177
7313 56 2 176
7314 54 4 175
7315 52 8 173
7316 50 5 172
7317 48 10 171
7318 46 9 170
7319 44 7 169
7320 42 3 167
7321 87 10 194
7322 85 9 193
7323 83 7 192
7324 81 3 191
7325 79 6 190
7326 77 1 188
7327 75 2 187
7328 73 4 186
7329 71 8 185
7330 69 5 184
7331 67 10 182
7332 65 9 181
7333 63 7 180
7334 61 3 179
7335 59 6 178
7336 57 1 176
7337 55 2 175
7338 53 4 174
7339 51 8 173
7340 49 5 172
7341 47 10 170
7342 45 9 169
7343 88 10 196
7344 86 9 195
7345 84 7 194
7346 82 3 192
7347 80 6 191
7348 78 1 190
7349 76 2 189
7350 74 4 188
7351 72 8 186
7352 70 5 185
7353 68 10 184
7354 66 9 183
7355 64 7 182
7356 62 3 180
7357 60 6 179
7358 58 1 178
7359 56 2 177
7360 54 4 176
7361 52 8 174
7362 50 5 173
7363 48 10 172
7364 89 5 197
7365 87 10 195
7366 85 9 194
7367 83 7 193
7368 81 3 192
7369 79 6 191
7370 77 1 189
7371 75 2 188
7372 73 4 187
7373 71 8 186
7374 69 5 185
7375 67 10 183
7376 65 9 182
7377 63 7 181
7378 61 3 180
7379 59 6 179
7380 57 1 177
7381 55 2 176
7382 53 4 175
7383 51 8 174
7384 90 5 198
7385 88 10 197
7386 86 9 196
7387 84 7 195
7388 82 3 193
7389 80 6 192
7390 78 1 191
7391 76 2 190
7392 74 4 189
7393 72 8 187
7394 70 5 186
7395 68 10 185
7396 66 9 184
7397 64 7 183
7398 62 3 181
7399 60 6 180
7400 58 1 179
7401 56 2 178
7402 54 4 177
7403 91 8 199
7404 89 5 198
7405 87 10 196
7406 85 9 195
7407 83 7 194
7408 81 3 193
7409 79 6 192
7410 77 1 190
7411 75 2 189
7412 73 4 188
7413 71 8 187
7414 69 5 186
7415 67 10 184
7416 65 9 183
7417 63 7 182
7418 61 3 181
7419 59 6 180
7420 57 1 178
7421 92 8 200
7422 90 5 199
7423 88 10 198
7424 86 9 197
7425 84 7 196
7426 82 3 194
7427 80 6 193
7428 78 1 192
7429 76 2 191
7430 74 4 190
7431 72 8 188
7432 70 5 187
7433 68 10 186
7434 66 9 185
7435 64 7 184
7436 62 3 182
7437 60 6 181
7438 93 4 201
7439 91 8 200
7440 89 5 199
7441 87 10 197
7442 85 9 196
7443 83 7 195
7444 81 3 194
7445 79 6 193
7446 77 1 191
7447 75 2 190
7448 73 4 189
7449 71 8 188
7450 69 5 187
7451 67 10 185
7452 65 9 184
7453 63 7 183
7454 94 4 203
7455 92 8 201
7456 90 5 200
7457 88 10 199
7458 86 9 198
7459 84 7 197
7460 82 3 195
7461 80 6 194
7462 78 1 193
7463 76 2 192
7464 74 4 191
7465 72 8 189
7466 70 5 188
7467 68 10 187
7468 66 9 186
7469 95 2 203
7470 93 4 202
7471 91 8 201
7472 89 5 200
7473 87 10 198
7474 85 9 197
7475 83 7 196
7476 81 3 195
7477 79 6 194
7478 77 1 192
7479 75 2 191
7480 73 4 190
7481 71 8 189
7482 69 5 188
7483 96 2 205
7484 94 4 204
7485 92 8 202
7486 90 5 201
7487 88 10 200
7488 86 9 199
7489 84 7 198
7490 82 3 196
7491 80 6 195
7492 78 1 194
7493 76 2 193
7494 74 4 192
7495 72 8 190
7496 97 1 205
7497 95 2 204
7498 93 4 203
7499 91 8 202
7500 89 5 201
7501 87 10 199
7502 85 9 198
7503 83 7 197
7504 81 3 196
7505 79 6 195
7506 77 1 193
7507 75 2 192
7508 98 1 207
7509 96 2 206
7510 94 4 205
7511 92 8 203
7512 90 5 202
7513 88 10 201
7514 86 9 200
7515 84 7 199
7516 82 3 197
7517 80 6 196
7518 78 1 195
7519 99 6 208
7520 97 1 206
7521 95 2 205
7522 93 4 204
7523 91 8 203
7524 89 5 202
7525 87 10 200
7526 85 9 199
7527 83 7 198
7528 81 3 197
7529 100 6 209
7530 98 1 208
7531 96 2 207
7532 94 4 206
7533 92 8 204
7534 90 5 203
7535 88 10 202
7536 86 9 201
7537 84 7 200
7538 101 3 210
7539 99 6 209
7540 97 1 207
7541 95 2 206
7542 93 4 205
7543 91 8 204
7544 89 5 203
7545 87 10 201
7546 102 3 211
7547 100 6 210
7548 98 1 209
7549 96 2 208
7550 94 4 207
7551 92 8 205
7552 90 5 204
7553 103 7 212
7554 101 3 211
7555 99 6 210
7556 97 1 208
7557 95 2 207
7558 93 4 206
7559 104 7 214
7560 102 3 212
7561 100 6 211
7562 98 1 210
7563 96 2 209
7564 105 9 214
7565 103 7 213
7566 101 3 212
7567 99 6 211
7568 106 9 216
7569 104 7 215
7570 102 3 213
7571 107 10 216
7572 105 9 215
7573 108 10 218
7574 3 8 143
7575 2 7 144
7576 1 2 145
7577 0 10 146
7578 0 10 147
7579 0 10 148
7580 0 10 149
7581 0 10 150
7582 0 10 151
7583 0 10 152
7584 0 10 153
7585 0 10 154
7586 0 10 155
7587 0 10 156
7588 0 10 157
7589 0 10 158
7590 0 10 159
7591 0 10 160
7592 0 10 161
7593 0 10 162
7594 0 10 163
7595 0 10 164
7596 0 10 165
7597 0 10 166
7598 0 10 167
7599 0 10 168
7600 0 10 169
7601 0 10 170
7602 5 9 143
7603 4 1 144
7604 3 3 144
7605 2 4 145
7606 1 9 146
7607 1 9 147
7608 1 9 148
7609 1 9 149
7610 1 9 150
7611 1 9 151
7612 1 9 152
7613 1 9 153
7614 1 9 154
7615 1 9 155
7616 1 9 156
7617 1 9 157
7618 1 9 158
7619 1 9 159
7620 1 9 160
7621 1 9 161
7622 1 9 162
7623 1 9 163
7624 1 9 164
7625 1 9 165
7626 1 9 166
7627 1 9 167
7628 1 9 168
7629 7 6 143
7630 6 8 144
7631 5 2 144
7632 4 10 145
7633 3 8 145
7634 2 7 146
7635 2 7 147
7636 2 7 148
7637 2 7 149
7638 2 7 150
7639 2 7 151
7640 2 7 152
7641 2 7 153
7642 2 7 154
7643 2 7 155
7644 2 7 156
7645 2 7 157
7646 2 7 158
7647 2 7 159
7648 2 7 160
7649 2 7 161
7650 2 7 162
7651 2 7 163
7652 2 7 164
7653 2 7 165
7654 2 7 166
7655 9 4 143
7656 8 9 144
7657 7 5 144
7658 6 3 145
7659 5 9 145
7660 4 1 146
7661 3 3 146
7662 3 3 147
7663 3 3 148
7664 3 3 149
7665 3 3 150
7666 3 3 151
7667 3 3 152
7668 3 3 153
7669 3 3 154
7670 3 3 155
7671 3 3 156
7672 3 3 157
7673 3 3 158
7674 3 3 159
7675 3 3 160
7676 3 3 161
7677 3 3 162
7678 3 3 163
7679 3 3 164
7680 9 7 144
7681 10 6 144
7682 11 1 144
7683 8 2 145
7684 7 6 145
7685 6 8 146
7686 5 2 146
7687 4 10 147
7688 5 5 147
7689 4 6 148
7690 4 6 149
7691 4 6 150
7692 4 6 151
7693 4 6 152
7694 4 6 153
7695 4 6 154
7696 4 6 155
7697 4 6 156
7698 4 6 157
7699 4 6 158
7700 4 6 159
7701 4 6 160
7702 4 6 161
7703 4 6 162
7704 9 4 145
7705 10 5 145
7706 11 10 145
7707 12 7 145
7708 13 3 145
7709 8 9 146
7710 7 5 146
7711 6 3 147
7712 7 7 147
7713 5 10 148
7714 6 1 148
7715 5 1 149
7716 5 1 150
7717 5 1 151
7718 5 1 152
7719 5 1 153
7720 5 1 154
7721 5 1 155
7722 5 1 156
7723 5 1 157
7724 5 1 158
7725 5 1 159
7726 5 1 160
7727 9 7 146
7728 10 6 146
7729 11 1 146
7730 12 4 146
7731 13 8 146
7732 8 2 147
7733 9 1 147
7734 14 1 147
7735 7 5 148
7736 8 4 148
7737 16 1 148
7738 6 8 149
7739 7 3 149
7740 6 2 150
7741 6 2 151
7742 6 2 152
7743 6 2 153
7744 6 2 154
7745 6 2 155
7746 6 2 156
7747 6 2 157
7748 6 2 158
7749 10 9 147
7750 11 6 147
7751 12 10 147
7752 13 3 147
7753 15 3 147
7754 9 6 148
7755 10 6 148
7756 11 7 148
7757 14 6 148
7758 17 2 148
7759 8 7 149
7760 9 10 149
7761 7 9 150
7762 8 9 150
7763 19 9 150
7764 7 4 151
7765 7 4 152
7766 7 4 153
7767 7 4 154
7768 7 4 155
7769 7 4 156
7770 12 9 148
7771 13 6 148
7772 15 10 148
7773 10 9 149
7774 11 8 149
7775 12 9 149
7776 13 10 149
7777 14 10 149
7778 16 5 149
7779 9 3 150
7780 10 4 150
7781 11 10 150
7782 18 8 150
7783 9 10 151
7784 8 8 151
7785 20 8 151
7786 8 8 152
7787 22 8 152
7788 8 8 153
7789 8 8 154
7790 15 5 149
7791 17 1 149
7792 12 7 150
7793 13 8 150
7794 14 5 150
7795 15 8 150
7796 16 7 150
7797 17 6 150
7798 10 9 151
7799 11 8 151
7800 12 5 151
7801 13 8 151
7802 19 1 151
7803 9 9 152
7804 10 4 152
7805 11 4 152
7806 21 6 152
7807 9 5 153
7808 23 6 153
7809 14 6 151
7810 15 5 151
7811 16 9 151
7812 17 8 151
7813 18 9 151
7814 12 3 152
7815 13 5 152
7816 14 5 152
7817 15 5 152
7818 16 1 152
7819 17 5 152
7820 20 3 152
7821 10 10 153
7822 11 1 153
7823 12 8 153
7824 13 4 153
7825 22 7 153
7826 9 1 154
7827 18 7 152
7828 19 1 152
7829 14 9 153
7830 16 8 153
7831 15 6 153
7832 17 3 153
7833 19 9 153
7834 18 2 153
7835 20 6 153
7836 21 1 153
7837 10 10 154
7838 11 9 154
7839 12 10 154
7840 14 8 154
7841 13 9 154
7842 15 10 154
7843 16 9 154
7844 17 4 154
7845 18 7 154
7846 19 6 154
7847 20 9 154
7848 22 8 154
7849 21 2 154
7850 23 3 154
7851 25 8 154
7852 8 8 155
7853 9 3 155
7854 10 5 155
7855 11 9 155
7856 12 2 155
7857 13 8 155
7858 14 6 155
7859 15 1 155
7860 16 1 155
7861 17 1 155
7862 18 1 155
7863 19 6 155
7864 20 4 155
7865 21 6 155
7866 22 5 155
7867 23 2 155
7868 24 1 155
7869 25 5 155
7870 8 6 156
7871 9 4 156
7872 10 2 156
7873 11 1 156
7874 12 10 156
7875 13 3 156
7876 14 10 156
7877 16 7 156
7878 15 8 156
7879 17 7 156
7880 18 8 156
7881 19 10 156
7882 20 6 156
7883 21 3 156
7884 22 5 156
7885 25 10 156
7886 23 5 156
7887 24 3 156
7888 26 8 156
7889 27 5 156
7890 7 5 157
7891 9 8 157
7892 8 8 157
7893 10 10 157
7894 12 2 157
7895 11 1 157
7896 13 7 157
7897 14 10 157
7898 15 7 157
7899 16 1 157
7900 17 5 157
7901 18 5 157
7902 19 3 157
7903 20 6 157
7904 21 1 157
7905 22 6 157
7906 23 3 157
7907 24 6 157
7908 25 10 157
7909 26 10 157
7910 7 3 158
7911 27 7 157
7912 28 9 157
7913 8 1 158
7914 9 8 158
7915 11 8 158
7916 10 1 158
7917 12 9 158
7918 13 5 158
7919 14 2 158
7920 15 5 158
7921 16 6 158
7922 17 7 158
7923 18 8 158
7924 19 5 158
7925 20 4 158
7926 21 8 158
7927 22 1 158
7928 23 7 158
7929 24 7 158
7930 25 5 158
7931 26 10 158
7932 27 6 158
7933 28 5 158
7934 29 7 158
7935 6 7 159
7936 7 2 159
7937 8 3 159
7938 9 4 159
7939 10 10 159
7940 11 8 159
7941 12 8 159
7942 13 3 159
7943 14 2 159
7944 15 3 159
7945 16 6 159
7946 17 7 159
7947 18 9 159
7948 19 2 159
7949 20 1 159
7950 21 6 159
7951 22 7 159
7952 23 3 159
7953 24 7 159
7954 25 9 159
7955 26 2 159
7956 27 6 159
7957 28 1 159
7958 29 9 159
7959 30 3 159
7960 31 10 159
7961 6 3 160
7962 7 5 160
7963 8 8 160
7964 9 1 160
7965 10 9 160
7966 11 2 160
7967 12 3 160
7968 13 1 160
7969 14 8 160
7970 15 4 160
7971 16 7 160
7972 17 8 160
7973 18 10 160
7974 19 3 160
7975 20 7 160
7976 21 9 160
7977 5 1 161
7978 22 6 160
7979 5 9 162
7980 23 5 160
7981 24 7 160
7982 26 10 160
7983 25 2 160
7984 27 6 160
7985 28 4 160
7986 29 7 160
7987 6 9 161
7988 30 9 160
7989 31 9 160
7990 32 2 160
7991 7 3 161
7992 9 5 161
7993 8 6 161
7994 10 6 161
7995 11 8 161
7996 12 1 161
7997 13 9 161
7998 14 8 161
7999 15 4 161
8000 16 4 161
8001 17 8 161
8002 18 7 161
8003 19 9 161
8004 20 1 161
8005 22 6 161
8006 21 4 161
8007 23 8 161
8008 24 4 161
8009 25 10 161
8010 26 8 161
8011 27 3 161
8012 28 3 161
8013 29 1 161
8014 31 1 161
8015 30 4 161
8016 32 10 161
8017 33 8 161
8018 6 2 162
8019 7 9 162
8020 8 4 162
8021 9 1 162
8022 10 1 162
8023 11 5 162
8024 12 7 162
8025 13 10 162
8026 14 3 162
8027 15 10 162
8028 16 1 162
8029 18 1 162
8030 17 7 162
8031 19 7 162
8032 20 3 162
8033 21 3 162
8034 22 7 162
8035 23 9 162
8036 24 5 162
8037 25 10 162
8038 26 1 162
8039 27 3 162
8040 28 9 162
8041 29 2 162
8042 30 9 162
8043 31 10 162
8044 33 1 162
8045 32 5 162
8046 34 6 162
8047 35 2 162
8048 4 5 163
8049 5 9 163
8050 6 4 163
8051 8 2 163
8052 7 10 163
8053 10 5 163
8054 9 7 163
8055 11 6 163
8056 12 2 163
8057 13 9 163
8058 14 3 163
8059 15 3 163
8060 16 6 163
8061 17 1 163
8062 18 7 163
8063 19 9 163
8064 20 10 163
8065 21 6 163
8066 22 3 163
8067 23 7 163
8068 24 7 163
8069 25 4 163
8070 26 10 163
8071 27 1 163
8072 28 9 163
8073 29 9 163
8074 31 1 163
8075 30 2 163
8076 32 1 163
8077 33 7 163
8078 34 10 163
8079 35 4 163
8080 4 3 164
8081 37 4 163
8082 5 2 164
8083 6 4 164
8084 7 1 164
8085 8 7 164
8086 9 2 164
8087 10 1 164
8088 11 3 164
8089 12 6 164
8090 13 1 164
8091 14 3 164
8092 15 8 164
8093 17 6 164
8094 16 8 164
8095 18 1 164
8096 19 1 164
8097 20 2 164
8098 22 7 164
8099 21 2 164
8100 24 10 164
8101 23 3 164
8102 25 5 164
8103 26 5 164
8104 27 2 164
8105 30 8 164
8106 28 2 164
8107 29 2 164
8108 32 5 164
8109 31 8 164
8110 33 5 164
8111 34 10 164
8112 35 2 164
8113 36 7 164
8114 37 6 164
8115 3 8 165
8116 4 8 165
8117 5 10 165
8118 6 7 165
8119 7 2 165
8120 8 5 165
8121 9 8 165
8122 11 6 165
8123 10 6 165
8124 12 7 165
8125 13 6 165
8126 15 9 165
8127 14 10 165
8128 16 6 165
8129 17 6 165
8130 18 4 165
8131 20 2 165
8132 21 1 165
8133 19 8 165
8134 22 10 165
8135 23 4 165
8136 24 8 165
8137 25 1 165
8138 26 7 165
8139 27 10 165
8140 28 4 165
8141 29 8 165
8142 30 2 165
8143 31 5 165
8144 32 9 165
8145 34 10 165
8146 33 9 165
8147 35 10 165
8148 36 1 165
8149 37 8 165
8150 38 10 165
8151 3 9 166
8152 4 10 166
8153 5 1 166
8154 6 10 166
8155 7 5 166
8156 8 7 166
8157 9 9 166
8158 11 1 166
8159 10 10 166
8160 12 7 166
8161 13 7 166
8162 14 10 166
8163 16 3 166
8164 17 6 166
8165 15 10 166
8166 19 2 166
8167 18 8 166
8168 20 5 166
8169 21 8 166
8170 22 7 166
8171 23 10 166
8172 24 9 166
8173 25 9 166
8174 26 6 166
8175 27 1 166
8176 28 8 166
8177 30 6 166
8178 29 1 166
8179 31 9 166
8180 32 5 166
8181 33 4 166
8182 34 3 166
8183 35 6 166
8184 38 6 166
8185 36 9 166
8186 37 7 166
8187 40 2 166
8188 39 7 166
8189 2 8 167
8190 3 2 167
8191 4 10 167
8192 5 7 167
8193 6 2 167
8194 7 7 167
8195 8 6 167
8196 9 5 167
8197 10 2 167
8198 13 2 167
8199 11 5 167
8200 12 8 167
8201 14 2 167
8202 15 7 167
8203 16 7 167
8204 17 1 167
8205 18 8 167
8206 19 5 167
8207 20 4 167
8208 21 10 167
8209 22 3 167
8210 25 3 167
8211 23 5 167
8212 24 10 167
8213 26 1 167
8214 27 9 167
8215 28 8 167
8216 30 1 167
8217 29 6 167
8218 31 6 167
8219 32 8 167
8220 33 10 167
8221 34 4 167
8222 35 7 167
8223 36 4 167
8224 37 6 167
8225 38 9 167
8226 39 5 167
8227 40 6 167
8228 41 6 167
8229 2 6 168
8230 3 1 168
8231 4 10 168
8232 5 3 168
8233 6 10 168
8234 7 9 168
8235 9 5 168
8236 8 8 168
8237 10 7 168
8238 12 4 168
8239 11 3 168
8240 14 10 168
8241 13 3 168
8242 15 5 168
8243 17 3 168
8244 16 10 168
8245 18 7 168
8246 19 7 168
8247 20 7 168
8248 21 9 168
8249 22 9 168
8250 23 1 168
8251 24 2 168
8252 25 4 168
8253 26 4 168
8254 27 3 168
8255 29 1 168
8256 28 9 168
8257 30 8 168
8258 31 5 168
8259 32 10 168
8260 33 5 168
8261 34 1 168
8262 35 10 168
8263 36 7 168
8264 37 1 168
8265 38 1 168
8266 39 6 168
8267 40 2 168
8268 41 7 168
8269 1 3 169
8270 42 5 168
8271 2 9 169
8272 43 2 168
8273 3 7 169
8274 5 3 169
8275 4 1 169
8276 6 7 169
8277 7 7 169
8278 8 9 169
8279 9 6 169
8280 10 3 169
8281 11 1 169
8282 12 3 169
8283 13 6 169
8284 14 2 169
8285 15 4 169
8286 16 3 169
8287 17 4 169
8288 18 1 169
8289 19 3 169
8290 20 1 169
8291 21 1 169
8292 22 6 169
8293 23 7 169
8294 24 5 169
8295 25 8 169
8296 26 10 169
8297 27 1 169
8298 28 2 169
8299 29 8 169
8300 31 1 169
8301 30 1 169
8302 32 8 169
8303 33 2 169
8304 34 10 169
8305 35 1 169
8306 36 9 169
8307 37 4 169
8308 38 7 169
8309 39 9 169
8310 40 9 169
8311 41 5 169
8312 42 4 169
8313 3 3 170
8314 43 4 169
8315 1 7 170
8316 2 9 170
8317 4 3 170
8318 5 3 170
8319 6 1 170
8320 7 4 170
8321 18 7 170
8322 20 6 170
8323 21 7 170
8324 22 2 170
8325 23 7 170
8326 24 2 170
8327 25 1 170
8328 26 1 170
8329 27 3 170
8330 28 2 170
8331 29 1 170
8332 30 4 170
8333 31 8 170
8334 32 5 170
8335 33 4 170
8336 36 9 170
8337 34 3 170
8338 35 4 170
8339 37 4 170
8340 38 1 170
8341 39 9 170
8342 40 6 170
8343 41 10 170
8344 42 9 170
8345 43 10 170
8346 44 1 170
8347 45 4 170
8348 24 7 171
8349 25 9 171
8350 26 6 171
8351 27 3 171
8352 28 2 171
8353 29 2 171
8354 30 8 171
8355 31 5 171
8356 32 3 171
8357 33 3 171
8358 34 8 171
8359 35 2 171
8360 36 4 171
8361 38 1 171
8362 39 10 171
8363 37 4 171
8364 40 10 171
8365 41 8 171
8366 42 1 171
8367 43 6 171
8368 44 9 171
8369 45 6 171
8370 46 1 171
8371 47 8 171
8372 26 8 172
8373 28 9 172
8374 29 10 172
8375 30 8 172
8376 31 6 172
8377 33 7 172
8378 32 8 172
8379 34 7 172
8380 35 6 172
8381 36 4 172
8382 37 2 172
8383 38 4 172
8384 39 3 172
8385 40 1 172
8386 41 10 172
8387 42 7 172
8388 43 1 172
8389 45 8 172
8390 44 4 172
8391 46 8 172
8392 47 2 172
8393 32 6 173
8394 33 5 173
8395 30 5 173
8396 34 4 173
8397 35 1 173
8398 36 7 173
8399 37 7 173
8400 38 6 173
8401 39 1 173
8402 40 7 173
8403 42 3 173
8404 41 10 173
8405 43 2 173
8406 44 10 173
8407 45 9 173
8408 47 7 173
8409 46 3 173
8410 48 4 173
8411 49 10 173
8412 34 3 174
8413 36 7 174
8414 37 10 174
8415 38 8 174
8416 42 5 174
8417 39 5 174
8418 40 10 174
8419 43 8 174
8420 41 10 174
8421 44 4 174
8422 48 3 174
8423 45 2 174
8424 46 6 174
8425 47 7 174
8426 49 8 174
8427 50 10 174
8428 39 8 175
8429 38 9 175
8430 40 2 175
8431 41 1 175
8432 42 6 175
8433 48 5 175
8434 44 2 175
8435 46 10 175
8436 45 2 175
8437 49 4 175
8438 43 4 175
8439 47 5 175
8440 51 10 175
8441 50 6 175
8442 52 5 175
8443 44 5 176
8444 42 8 176
8445 46 2 176
8446 45 7 176
8447 48 10 176
8448 49 7 176
8449 51 2 176
8450 50 10 176
8451 52 7 176
8452 53 4 176
8453 47 4 176
8454 44 2 177
8455 46 9 177
8456 48 9 177
8457 51 7 177
8458 50 2 177
8459 49 3 177
8460 53 8 177
8461 55 3 177
8462 48 9 178
8463 52 9 177
8464 51 8 178
8465 50 7 178
8466 54 1 178
8467 55 1 178
8468 53 3 178
8469 52 4 178
8470 56 7 179
8471 54 1 179
8472 55 6 179
8473 57 3 179
8474 56 8 180
8475 58 3 180
8476 59 1 181
8477 57 7 180
8478 54 6 180
8479 53 8 179
8480 51 2 179
8481 49 6 178
8482 47 9 177
8483 45 5 177
8484 43 4 176
8485 41 1 176
8486 39 3 176
8487 36 5 175
8488 35 8 174
8489 33 2 174
8490 31 6 173
8491 29 7 173
8492 27 5 172
8493 24 2 172
8494 23 1 171
8495 21 3 171
8496 19 9 170
8497 8 1 170
8498 9 6 170
8499 10 5 170
8500 11 10 170
8501 12 9 170
8502 13 9 170
8503 14 4 170
8504 15 3 170
8505 17 10 170
8506 16 4 170
8507 0 6 171
8508 1 9 171
8509 2 3 171
8510 3 8 171
8511 4 3 171
8512 60 6 182
8513 58 7 181
8514 56 10 181
8515 55 5 180
8516 52 1 179
8517 50 3 179
8518 48 9 179
8519 46 5 178
8520 44 4 178
8521 42 6 177
8522 40 7 176
8523 38 10 176
8524 37 6 175
8525 34 2 175
8526 32 3 174
8527 30 9 174
8528 28 5 173
8529 26 4 173
8530 25 9 172
8531 22 7 171
8532 20 10 171
8533 18 8 171
8534 6 7 171
8535 5 7 171
8536 7 3 171
8537 8 1 171
8538 9 10 171
8539 10 2 171
8540 11 6 171
8541 12 3 171
8542 13 2 171
8543 14 7 171
8544 15 10 171
8545 16 3 171
8546 17 9 171
8547 61 2 182
8548 59 6 182
8549 57 9 181
8550 54 3 181
8551 53 4 180
8552 51 1 180
8553 49 3 179
8554 47 10 178
8555 45 8 178
8556 43 2 177
8557 41 6 177
8558 39 7 177
8559 36 8 176
8560 35 4 175
8561 33 1 175
8562 31 3 174
8563 29 9 174
8564 27 8 173
8565 24 1 173
8566 23 6 172
8567 21 7 172
8568 19 10 171
8569 0 8 172
8570 1 4 172
8571 2 6 172
8572 3 5 172
8573 4 5 172
8574 6 8 172
8575 7 2 172
8576 5 9 172
8577 8 2 172
8578 9 6 172
8579 10 6 172
8580 11 7 172
8581 62 1 183
8582 60 3 183
8583 58 9 182
8584 56 5 182
8585 55 8 181
8586 52 6 180
8587 50 7 180
8588 48 10 180
8589 46 8 179
8590 44 2 179
8591 42 3 178
8592 40 9 177
8593 38 5 177
8594 37 3 176
8595 34 1 176
8596 32 7 175
8597 30 10 175
8598 28 8 174
8599 26 2 174
8600 25 10 173
8601 22 9 172
8602 20 5 172
8603 18 4 172
8604 12 5 172
8605 13 2 172
8606 14 4 172
8607 15 9 172
8608 16 3 172
8609 19 9 172
8610 17 1 172
8611 0 2 173
8612 1 8 173
8613 2 1 173
8614 63 4 184
8615 61 1 183
8616 59 3 183
8617 57 10 182
8618 54 7 182
8619 53 2 181
8620 51 6 181
8621 49 7 180
8622 47 5 179
8623 45 4 179
8624 43 1 178
8625 41 3 178
8626 39 9 178
8627 36 4 177
8628 35 2 176
8629 33 6 176
8630 31 7 175
8631 29 10 175
8632 27 4 174
8633 24 6 174
8634 23 3 173
8635 21 9 173
8636 3 10 173
8637 4 8 173
8638 5 5 173
8639 6 9 173
8640 7 6 173
8641 8 10 173
8642 9 2 173
8643 10 2 173
8644 11 5 173
8645 12 2 173
8646 64 4 185
8647 62 6 184
8648 60 7 184
8649 58 10 183
8650 56 8 183
8651 55 4 182
8652 52 3 181
8653 50 9 181
8654 48 5 181
8655 46 4 180
8656 44 1 180
8657 42 7 179
8658 40 10 178
8659 38 8 178
8660 37 7 177
8661 34 6 177
8662 32 9 176
8663 30 5 176
8664 28 4 175
8665 26 1 175
8666 25 5 174
8667 22 10 173
8668 20 8 173
8669 18 2 173
8670 14 2 173
8671 13 6 173
8672 15 9 173
8673 16 6 173
8674 17 9 173
8675 19 4 173
8676 0 9 174
8677 65 8 185
8678 63 2 185
8679 61 6 184
8680 59 7 184
8681 57 5 183
8682 54 9 183
8683 53 1 182
8684 51 3 182
8685 49 9 181
8686 47 8 180
8687 45 2 180
8688 43 6 179
8689 41 7 179
8690 39 10 179
8691 36 2 178
8692 35 1 177
8693 33 3 177
8694 31 9 176
8695 29 5 176
8696 27 2 175
8697 24 3 175
8698 23 7 174
8699 21 10 174
8700 2 3 174
8701 1 10 174
8702 3 3 174
8703 4 8 174
8704 5 4 174
8705 7 1 174
8706 6 1 174
8707 67 5 186
8708 64 2 186
8709 62 3 185
8710 60 9 185
8711 58 5 184
8712 56 4 184
8713 55 2 183
8714 52 7 182
8715 50 10 182
8716 48 8 182
8717 46 2 181
8718 44 6 181
8719 42 9 180
8720 40 5 179
8721 38 4 179
8722 37 9 178
8723 34 3 178
8724 32 10 177
8725 30 8 177
8726 28 2 176
8727 26 6 176
8728 25 8 175
8729 22 5 174
8730 20 4 174
8731 18 1 174
8732 8 9 174
8733 9 8 174
8734 10 10 174
8735 11 1 174
8736 66 3 187
8737 65 4 186
8738 63 1 186
8739 61 3 185
8740 59 9 185
8741 57 8 184
8742 54 10 184
8743 53 6 183
8744 51 7 183
8745 49 10 182
8746 47 4 181
8747 45 1 181
8748 43 3 180
8749 41 9 180
8750 39 5 180
8751 36 1 179
8752 35 6 178
8753 33 7 178
8754 31 10 177
8755 29 8 177
8756 27 1 176
8757 24 7 176
8758 23 9 175
8759 21 5 175
8760 19 4 174
8761 12 2 174
8762 15 6 174
8763 14 10 174
8764 68 5 188
8765 67 8 187
8766 64 1 187
8767 62 7 186
8768 60 10 186
8769 58 8 185
8770 56 2 185
8771 55 1 184
8772 52 9 183
8773 50 5 183
8774 48 4 183
8775 46 1 182
8776 44 3 182
8777 42 10 181
8778 40 8 180
8779 38 2 180
8780 37 10 179
8781 34 7 179
8782 32 5 178
8783 30 4 178
8784 28 1 177
8785 26 3 177
8786 25 4 176
8787 22 8 175
8788 20 2 175
8789 18 6 175
8790 16 7 174
8791 69 9 189
8792 66 7 188
8793 65 2 187
8794 63 6 187
8795 61 7 186
8796 59 10 186
8797 57 4 185
8798 54 5 185
8799 53 3 184
8800 51 9 184
8801 49 5 183
8802 47 2 182
8803 45 6 182
8804 43 7 181
8805 41 10 181
8806 39 8 181
8807 36 6 180
8808 35 3 179
8809 33 9 179
8810 31 5 178
8811 29 4 178
8812 27 6 177
8813 24 9 177
8814 23 10 176
8815 21 8 176
8816 19 2 175
8817 70 10 189
8818 68 8 189
8819 67 4 188
8820 64 6 188
8821 62 9 187
8822 60 5 187
8823 58 4 186
8824 56 1 186
8825 55 6 185
8826 52 10 184
8827 50 8 184
8828 48 2 184
8829 46 6 183
8830 44 7 183
8831 42 5 182
8832 40 4 181
8833 38 1 181
8834 37 5 180
8835 34 9 180
8836 32 8 179
8837 30 2 179
8838 28 6 178
8839 26 7 178
8840 25 2 177
8841 22 4 176
8842 71 7 190
8843 69 10 190
8844 66 9 189
8845 65 1 188
8846 63 3 188
8847 61 9 187
8848 59 5 187
8849 57 2 186
8850 54 8 186
8851 53 7 185
8852 51 10 185
8853 49 8 184
8854 47 1 183
8855 45 3 183
8856 43 9 182
8857 41 5 182
8858 39 4 182
8859 36 3 181
8860 35 7 180
8861 33 10 180
8862 31 8 179
8863 29 2 179
8864 27 3 178
8865 24 10 178
8866 72 9 191
8867 70 5 190
8868 68 4 190
8869 67 2 189
8870 64 3 189
8871 62 10 188
8872 60 8 188
8873 58 2 187
8874 56 6 187
8875 55 3 186
8876 52 5 185
8877 50 4 185
8878 48 1 185
8879 46 3 184
8880 44 9 184
8881 42 8 183
8882 40 2 182
8883 38 6 182
8884 37 8 181
8885 34 10 181
8886 32 4 180
8887 30 1 180
8888 28 3 179
8889 73 3 191
8890 71 9 191
8891 69 5 191
8892 66 10 190
8893 65 6 189
8894 63 7 189
8895 61 10 188
8896 59 8 188
8897 57 1 187
8898 54 4 187
8899 53 9 186
8900 51 5 186
8901 49 4 185
8902 47 6 184
8903 45 7 184
8904 43 10 183
8905 41 8 183
8906 39 2 183
8907 36 7 182
8908 35 9 181
8909 33 5 181
8910 31 4 180
8911 74 3 193
8912 72 10 192
8913 70 8 191
8914 68 2 191
8915 67 1 190
8916 64 7 190
8917 62 5 189
8918 60 4 189
8919 58 1 188
8920 56 3 188
8921 55 7 187
8922 52 8 186
8923 50 2 186
8924 48 6 186
8925 46 7 185
8926 44 10 185
8927 42 4 184
8928 40 1 183
8929 38 3 183
8930 37 4 182
8931 34 5 182
8932 75 6 193
8933 73 7 192
8934 71 10 192
8935 69 8 192
8936 66 5 191
8937 65 3 190
8938 63 9 190
8939 61 5 189
8940 59 4 189
8941 57 6 188
8942 54 2 188
8943 53 10 187
8944 51 8 187
8945 49 2 186
8946 47 3 185
8947 45 9 185
8948 43 5 184
8949 41 4 184
8950 39 1 184
8951 36 9 183
8952 76 6 194
8953 74 7 194
8954 72 5 193
8955 70 4 192
8956 68 1 192
8957 67 6 191
8958 64 9 191
8959 62 8 190
8960 60 2 190
8961 58 6 189
8962 56 7 189
8963 55 9 188
8964 52 4 187
8965 50 1 187
8966 48 3 187
8967 46 9 186
8968 44 5 186
8969 42 2 185
8970 40 6 184
8971 77 1 194
8972 75 3 194
8973 73 9 193
8974 71 5 193
8975 69 4 193
8976 66 8 192
8977 65 7 191
8978 63 10 191
8979 61 8 190
8980 59 2 190
8981 57 3 189
8982 54 1 189
8983 53 5 188
8984 51 4 188
8985 49 1 187
8986 47 7 186
8987 45 10 186
8988 43 8 185
8989 78 1 196
8990 76 3 195
8991 74 9 195
8992 72 8 194
8993 70 2 193
8994 68 6 193
8995 67 3 192
8996 64 10 192
8997 62 4 191
8998 60 1 191
8999 58 3 190
9000 56 9 190
9001 55 10 189
9002 52 2 188
9003 50 6 188
9004 48 7 188
9005 46 10 187
9006 79 4 196
9007 77 6 195
9008 75 7 195
9009 73 10 194
9010 71 8 194
9011 69 2 194
9012 66 4 193
9013 65 9 192
9014 63 5 192
9015 61 4 191
9016 59 1 191
9017 57 7 190
9018 54 6 190
9019 53 8 189
9020 51 2 189
9021 49 6 188
9022 80 2 197
9023 78 6 197
9024 76 7 196
9025 74 10 196
9026 72 4 195
9027 70 1 194
9028 68 3 194
9029 67 7 193
9030 64 5 193
9031 62 2 192
9032 60 6 192
9033 58 7 191
9034 56 10 191
9035 55 5 190
9036 52 1 189
9037 81 8 198
9038 79 2 197
9039 77 3 196
9040 75 9 196
9041 73 5 195
9042 71 4 195
9043 69 1 195
9044 66 2 194
9045 65 10 193
9046 63 8 193
9047 61 2 192
9048 59 6 192
9049 57 9 191
9050 54 3 191
9051 82 4 198
9052 80 1 198
9053 78 3 198
9054 76 9 197
9055 74 5 197
9056 72 2 196
9057 70 6 195
9058 68 7 195
9059 67 9 194
9060 64 8 194
9061 62 1 193
9062 60 3 193
9063 58 9 192
9064 83 5 199
9065 81 4 199
9066 79 1 198
9067 77 7 197
9068 75 10 197
9069 73 8 196
9070 71 2 196
9071 69 6 196
9072 66 1 195
9073 65 5 194
9074 63 4 194
9075 61 1 193
9076 85 8 200
9077 82 2 199
9078 80 6 199
9079 78 7 199
9080 76 10 198
9081 74 8 198
9082 72 1 197
9083 70 3 196
9084 68 9 196
9085 67 10 195
9086 64 4 195
9087 84 2 201
9088 83 8 200
9089 81 2 200
9090 79 6 199
9091 77 9 198
9092 75 5 198
9093 73 4 197
9094 71 1 197
9095 69 3 197
9096 66 6 196
9097 86 10 202
9098 85 4 201
9099 82 1 200
9100 80 3 200
9101 78 9 200
9102 76 5 199
9103 74 4 199
9104 72 6 198
9105 70 7 197
9106 87 9 202
9107 84 1 202
9108 83 4 201
9109 81 1 201
9110 79 3 200
9111 77 10 199
9112 75 8 199
9113 73 2 198
9114 88 9 203
9115 86 5 203
9116 85 2 202
9117 82 6 201
9118 80 7 201
9119 78 10 201
9120 76 8 200
9121 89 3 204
9122 87 10 203
9123 84 6 203
9124 83 2 202
9125 81 6 202
9126 79 7 201
9127 90 7 205
9128 88 10 204
9129 86 8 204
9130 85 1 203
9131 82 3 202
9132 91 6 205
9133 89 7 205
9134 87 5 204
9135 84 3 204
9136 92 3 206
9137 90 9 206
9138 88 5 205
9139 93 1 207
9140 91 3 206
9141 94 1 208
9142 95 6 208
9143 92 3 207
9144 89 1 206
9145 86 6 205
9146 83 1 203
9147 80 6 202
9148 77 1 200
9149 74 1 200
9150 71 2 198
9151 68 1 197
9152 65 2 195
9153 62 1 194
9154 59 4 193
9155 56 2 192
9156 53 4 190
9157 50 2 189
9158 47 4 187
9159 44 4 187
9160 41 8 185
9161 38 4 184
9162 35 8 182
9163 32 4 181
9164 29 5 180
9165 26 8 179
9166 23 5 177
9167 20 8 176
9168 17 5 174
9169 1 4 175
9170 13 8 174
9171 97 5 209
9172 93 1 208
9173 90 6 207
9174 87 1 205
9175 85 10 204
9176 81 2 203
9177 78 1 202
9178 75 2 200
9179 72 1 199
9180 69 4 198
9181 67 1 196
9182 63 4 195
9183 60 2 194
9184 57 4 192
9185 55 2 191
9186 51 8 190
9187 48 4 189
9188 45 8 187
9189 42 4 186
9190 39 5 185
9191 37 5 183
9192 33 5 182
9193 30 8 181
9194 27 5 179
9195 25 10 178
9196 21 10 177
9197 18 5 176
9198 96 1 210
9199 94 1 209
9200 91 2 207
9201 88 1 206
9202 84 2 205
9203 82 1 203
9204 79 4 202
9205 76 2 201
9206 73 4 199
9207 70 2 198
9208 66 3 197
9209 64 4 196
9210 61 8 194
9211 58 4 193
9212 54 6 192
9213 52 4 190
9214 49 5 189
9215 46 8 188
9216 43 5 186
9217 40 8 185
9218 36 3 184
9219 34 5 183
9220 31 10 181
9221 28 5 180
9222 24 6 179
9223 98 1 211
9224 95 2 209
9225 92 1 208
9226 89 4 207
9227 86 2 206
9228 83 4 204
9229 80 2 203
9230 77 4 201
9231 74 4 201
9232 71 8 199
9233 68 4 198
9234 65 8 196
9235 62 4 195
9236 59 5 194
9237 56 8 193
9238 53 5 191
9239 50 8 190
9240 47 5 188
9241 44 5 188
9242 41 10 186
9243 38 5 185
9244 35 10 183
9245 32 5 182
9246 99 4 212
9247 97 10 210
9248 93 4 209
9249 90 2 208
9250 87 4 206
9251 85 9 205
9252 81 8 204
9253 78 4 203
9254 75 8 201
9255 72 4 200
9256 69 5 199
9257 67 8 197
9258 63 5 196
9259 60 8 195
9260 57 5 193
9261 55 5 192
9262 51 10 191
9263 48 5 190
9264 45 10 188
9265 42 5 187
9266 39 9 186
9267 100 2 212
9268 96 8 211
9269 94 4 210
9270 91 8 208
9271 88 4 207
9272 84 5 206
9273 82 4 204
9274 79 5 203
9275 76 8 202
9276 73 5 200
9277 70 8 199
9278 66 6 198
9279 64 5 197
9280 61 10 195
9281 58 5 194
9282 54 1 193
9283 52 5 191
9284 49 9 190
9285 46 10 189
9286 101 8 213
9287 98 4 212
9288 95 8 210
9289 92 4 209
9290 89 5 208
9291 86 8 207
9292 83 5 205
9293 80 8 204
9294 77 5 202
9295 74 5 202
9296 71 10 200
9297 68 5 199
9298 65 10 197
9299 62 5 196
9300 59 9 195
9301 56 10 194
9302 53 9 192
9303 102 4 214
9304 99 5 213
9305 96 8 212
9306 93 5 210
9307 90 8 209
9308 87 5 207
9309 84 5 207
9310 81 10 205
9311 78 5 204
9312 75 10 202
9313 72 5 201
9314 69 9 200
9315 67 4 198
9316 63 9 197
9317 60 10 196
9318 103 5 214
9319 100 8 213
9320 97 5 211
9321 94 5 211
9322 91 10 209
9323 88 5 208
9324 85 10 206
9325 82 5 205
9326 79 9 204
9327 76 10 203
9328 73 9 201
9329 70 10 200
9330 66 5 199
9331 104 5 216
9332 101 10 214
9333 98 5 213
9334 95 10 211
9335 92 5 210
9336 89 9 209
9337 86 10 208
9338 83 9 206
9339 80 10 205
9340 77 9 203
9341 74 9 203
9342 105 10 216
9343 102 5 215
9344 99 9 214
9345 97 5 212
9346 93 9 211
9347 90 10 210
9348 87 9 208
9349 85 10 207
9350 81 7 206
9351 106 10 217
9352 103 9 215
9353 100 10 214
9354 96 4 213
9355 94 9 212
9356 91 7 210
9357 88 9 209
9358 107 9 217
9359 104 9 217
9360 101 7 215
9361 98 9 214
9362 95 7 212
9363 108 9 219
9364 105 7 217
9365 102 9 216
9366 109 3 219
9367 0 8 175
9368 2 5 175
9369 3 5 175
9370 4 5 175
9371 5 4 175
9372 0 8 176
9373 0 8 177
9374 0 8 178
9375 0 8 179
9376 0 8 180
9377 0 8 181
9378 0 8 182
9379 0 8 183
9380 0 8 184
9381 0 8 185
9382 0 8 186
9383 0 8 187
9384 0 8 188
9385 0 8 189
9386 0 8 190
9387 0 8 191
9388 6 10 175
9389 7 4 175
9390 8 7 175
9391 9 8 175
9392 10 1 175
9393 11 9 175
9394 12 9 175
9395 1 4 176
9396 1 4 177
9397 1 4 178
9398 1 4 179
9399 1 4 180
9400 1 4 181
9401 1 4 182
9402 1 4 183
9403 1 4 184
9404 1 4 185
9405 1 4 186
9406 1 4 187
9407 1 4 188
9408 13 8 175
9409 14 9 175
9410 15 10 175
9411 16 2 175
9412 17 2 175
9413 2 6 176
9414 3 9 176
9415 4 3 176
9416 5 1 176
9417 19 1 176
9418 2 2 177
9419 2 2 178
9420 2 2 179
9421 2 2 180
9422 2 2 181
9423 2 2 182
9424 2 2 183
9425 2 2 184
9426 2 2 185
9427 6 10 176
9428 7 10 176
9429 8 5 176
9430 9 6 176
9431 10 4 176
9432 11 3 176
9433 12 7 176
9434 13 3 176
9435 14 8 176
9436 15 7 176
9437 3 1 177
9438 20 7 177
9439 22 1 177
9440 3 1 178
9441 3 1 179
9442 3 1 180
9443 3 1 181
9444 3 1 182
9445 16 1 176
9446 17 8 176
9447 4 5 177
9448 5 9 177
9449 6 6 177
9450 7 4 177
9451 8 10 177
9452 9 7 177
9453 11 2 177
9454 10 9 177
9455 13 5 177
9456 18 9 177
9457 4 6 178
9458 21 7 178
9459 23 1 178
9460 4 6 179
9461 4 6 180
9462 12 4 177
9463 14 1 177
9464 15 10 177
9465 16 9 177
9466 19 10 177
9467 17 1 177
9468 5 3 178
9469 6 1 178
9470 7 8 178
9471 8 6 178
9472 9 7 178
9473 10 4 178
9474 11 7 178
9475 12 7 178
9476 22 6 178
9477 5 3 179
9478 13 6 178
9479 14 2 178
9480 15 3 178
9481 16 4 178
9482 17 6 178
9483 18 5 178
9484 19 4 178
9485 20 3 178
9486 6 6 179
9487 7 6 179
9488 8 3 179
9489 9 5 179
9490 10 1 179
9491 11 6 179
9492 12 9 179
9493 13 7 179
9494 14 9 179
9495 15 7 179
9496 16 10 179
9497 17 6 179
9498 18 4 179
9499 21 9 179
9500 19 7 179
9501 20 8 179
9502 22 5 179
9503 23 6 179
9504 25 6 179
9505 6 5 180
9506 5 1 180
9507 7 10 180
9508 9 10 180
9509 8 2 180
9510 11 1 180
9511 10 8 180
9512 12 3 180
9513 13 3 180
9514 14 9 180
9515 15 9 180
9516 16 4 180
9517 17 10 180
9518 18 5 180
9519 19 3 180
9520 20 2 180
9521 21 1 180
9522 23 8 180
9523 22 1 180
9524 24 8 180
9525 25 4 180
9526 26 9 180
9527 27 2 180
9528 6 8 181
9529 4 7 181
9530 5 9 181
9531 7 8 181
9532 8 2 181
9533 9 9 181
9534 10 10 181
9535 11 7 181
9536 12 5 181
9537 13 4 181
9538 15 9 181
9539 14 7 181
9540 16 5 181
9541 17 9 181
9542 18 6 181
9543 19 5 181
9544 20 7 181
9545 21 7 181
9546 23 3 181
9547 24 5 181
9548 22 4 181
9549 25 3 181
9550 26 9 181
9551 27 1 181
9552 28 5 181
9553 29 5 181
9554 4 8 182
9555 5 4 182
9556 6 2 182
9557 7 10 182
9558 9 1 182
9559 8 3 182
9560 10 10 182
9561 11 2 182
9562 12 3 182
9563 13 5 182
9564 14 6 182
9565 15 1 182
9566 16 4 182
9567 17 6 182
9568 18 1 182
9569 19 7 182
9570 20 4 182
9571 21 7 182
9572 22 10 182
9573 23 10 182
9574 24 3 182
9575 25 8 182
9576 26 9 182
9577 27 1 182
9578 29 9 182
9579 28 5 182
9580 30 10 182
9581 31 3 182
9582 3 7 183
9583 5 4 183
9584 4 6 183
9585 6 2 183
9586 7 3 183
9587 8 1 183
9588 9 1 183
9589 10 2 183
9590 11 1 183
9591 12 2 183
9592 13 2 183
9593 14 2 183
9594 15 2 183
9595 16 8 183
9596 17 4 183
9597 18 4 183
9598 19 7 183
9599 21 9 183
9600 20 2 183
9601 22 9 183
9602 23 1 183
9603 24 4 183
9604 25 1 183
9605 26 9 183
9606 27 4 183
9607 28 4 183
9608 29 10 183
9609 33 9 183
9610 30 9 183
9611 31 2 183
9612 32 9 183
9613 3 10 184
9614 5 4 184
9615 4 1 184
9616 6 6 184
9617 7 6 184
9618 8 6 184
9619 9 5 184
9620 10 2 184
9621 11 5 184
9622 12 10 184
9623 13 2 184
9624 14 6 184
9625 15 2 184
9626 16 10 184
9627 17 2 184
9628 18 7 184
9629 19 4 184
9630 20 6 184
9631 22 9 184
9632 21 8 184
9633 23 1 184
9634 24 10 184
9635 25 8 184
9636 26 3 184
9637 27 2 184
9638 28 8 184
9639 29 7 184
9640 30 3 184
9641 31 4 184
9642 33 1 184
9643 32 10 184
9644 34 4 184
9645 35 7 184
9646 37 4 184
9647 3 4 185
9648 4 2 185
9649 6 9 185
9650 5 6 185
9651 7 5 185
9652 8 6 185
9653 9 10 185
9654 10 1 185
9655 11 1 185
9656 12 10 185
9657 13 8 185
9658 14 10 185
9659 16 5 185
9660 15 10 185
9661 17 9 185
9662 18 5 185
9663 19 5 185
9664 20 1 185
9665 21 6 185
9666 22 10 185
9667 23 10 185
9668 24 5 185
9669 25 2 185
9670 26 6 185
9671 28 1 185
9672 27 9 185
9673 29 6 185
9674 30 3 185
9675 32 9 185
9676 31 1 185
9677 33 1 185
9678 34 8 185
9679 35 7 185
9680 36 8 185
9681 2 9 186
9682 37 4 185
9683 3 6 186
9684 4 10 186
9685 5 4 186
9686 6 3 186
9687 7 8 186
9688 9 8 186
9689 8 1 186
9690 10 1 186
9691 11 1 186
9692 12 1 186
9693 13 2 186
9694 14 7 186
9695 15 9 186
9696 16 3 186
9697 17 1 186
9698 18 1 186
9699 19 4 186
9700 20 6 186
9701 21 10 186
9702 22 8 186
9703 23 6 186
9704 24 10 186
9705 25 6 186
9706 26 9 186
9707 27 5 186
9708 28 4 186
9709 29 7 186
9710 30 4 186
9711 31 6 186
9712 32 7 186
9713 33 3 186
9714 34 8 186
9715 35 1 186
9716 36 1 186
9717 37 9 186
9718 38 2 186
9719 40 9 186
9720 2 6 187
9721 3 5 187
9722 4 10 187
9723 5 2 187
9724 6 8 187
9725 8 7 187
9726 7 7 187
9727 9 1 187
9728 10 10 187
9729 11 8 187
9730 12 3 187
9731 13 9 187
9732 14 1 187
9733 15 4 187
9734 16 7 187
9735 17 10 187
9736 18 5 187
9737 19 5 187
9738 20 2 187
9739 21 2 187
9740 22 5 187
9741 23 8 187
9742 24 6 187
9743 25 8 187
9744 26 1 187
9745 27 7 187
9746 28 5 187
9747 30 1 187
9748 29 3 187
9749 31 9 187
9750 32 3 187
9751 33 1 187
9752 34 5 187
9753 35 3 187
9754 36 9 187
9755 37 8 187
9756 39 4 187
9757 38 6 187
9758 40 5 187
9759 41 6 187
9760 43 7 187
9761 2 1 188
9762 3 6 188
9763 4 10 188
9764 5 9 188
9765 6 10 188
9766 7 1 188
9767 8 8 188
9768 9 4 188
9769 10 2 188
9770 11 1 188
9771 12 8 188
9772 13 5 188
9773 14 10 188
9774 15 3 188
9775 16 5 188
9776 17 8 188
9777 18 7 188
9778 19 2 188
9779 22 9 188
9780 20 10 188
9781 21 7 188
9782 23 10 188
9783 24 8 188
9784 25 1 188
9785 27 10 188
9786 26 6 188
9787 28 7 188
9788 29 8 188
9789 30 7 188
9790 31 10 188
9791 32 10 188
9792 33 2 188
9793 34 9 188
9794 35 2 188
9795 36 4 188
9796 38 10 188
9797 37 1 188
9798 39 5 188
9799 40 2 188
9800 41 8 188
9801 43 10 188
9802 42 1 188
9803 1 4 189
9804 2 7 189
9805 5 3 189
9806 3 9 189
9807 6 2 189
9808 4 2 189
9809 7 10 189
9810 8 3 189
9811 9 3 189
9812 11 3 189
9813 10 1 189
9814 12 7 189
9815 13 10 189
9816 14 3 189
9817 15 8 189
9818 16 4 189
9819 17 1 189
9820 18 6 189
9821 19 5 189
9822 20 1 189
9823 21 10 189
9824 22 3 189
9825 24 8 189
9826 23 3 189
9827 26 6 189
9828 27 1 189
9829 25 5 189
9830 28 3 189
9831 29 5 189
9832 30 4 189
9833 31 10 189
9834 32 7 189
9835 33 5 189
9836 34 9 189
9837 35 5 189
9838 36 9 189
9839 37 7 189
9840 38 8 189
9841 39 7 189
9842 40 4 189
9843 41 10 189
9844 42 5 189
9845 43 5 189
9846 44 6 189
9847 45 6 189
9848 47 8 189
9849 1 6 190
9850 2 3 190
9851 3 4 190
9852 4 1 190
9853 5 2 190
9854 6 10 190
9855 7 3 190
9856 8 7 190
9857 9 4 190
9858 10 7 190
9859 11 7 190
9860 12 7 190
9861 13 9 190
9862 14 5 190
9863 15 4 190
9864 16 5 190
9865 17 7 190
9866 18 3 190
9867 20 6 190
9868 19 9 190
9869 21 7 190
9870 22 6 190
9871 23 6 190
9872 24 10 190
9873 25 3 190
9874 26 8 190
9875 27 7 190
9876 28 9 190
9877 30 10 190
9878 29 7 190
9879 31 8 190
9880 32 6 190
9881 33 2 190
9882 34 1 190
9883 35 9 190
9884 36 2 190
9885 37 8 190
9886 38 10 190
9887 39 5 190
9888 40 7 190
9889 41 2 190
9890 42 9 190
9891 43 8 190
9892 44 8 190
9893 45 6 190
9894 46 9 190
9895 47 4 190
9896 1 6 191
9897 2 3 191
9898 3 3 191
9899 4 4 191
9900 6 2 191
9901 5 4 191
9902 7 8 191
9903 8 3 191
9904 9 10 191
9905 10 8 191
9906 11 4 191
9907 12 8 191
9908 14 10 191
9909 13 9 191
9910 15 9 191
9911 16 6 191
9912 17 2 191
9913 18 7 191
9914 19 5 191
9915 20 9 191
9916 21 2 191
9917 22 2 191
9918 23 1 191
9919 24 6 191
9920 26 7 191
9921 25 2 191
9922 28 9 191
9923 27 8 191
9924 29 5 191
9925 30 2 191
9926 31 3 191
9927 32 2 191
9928 34 3 191
9929 33 10 191
9930 35 6 191
9931 36 3 191
9932 37 3 191
9933 38 9 191
9934 39 3 191
9935 40 9 191
9936 41 6 191
9937 44 1 191
9938 42 2 191
9939 43 1 191
9940 45 2 191
9941 46 5 191
9942 47 6 191
9943 48 6 191
9944 49 7 191
9945 50 2 191
9946 0 6 192
9947 1 1 192
9948 2 1 192
9949 3 8 192
9950 4 9 192
9951 5 4 192
9952 6 2 192
9953 8 8 192
9954 9 4 192
9955 7 8 192
9956 10 1 192
9957 11 8 192
9958 12 2 192
9959 13 2 192
9960 15 4 192
9961 14 7 192
9962 16 8 192
9963 17 9 192
9964 18 7 192
9965 20 6 192
9966 19 5 192
9967 21 9 192
9968 23 4 192
9969 24 8 192
9970 22 7 192
9971 25 5 192
9972 27 7 192
9973 26 8 192
9974 28 10 192
9975 29 8 192
9976 30 3 192
9977 31 9 192
9978 32 9 192
9979 33 1 192
9980 34 1 192
9981 36 7 192
9982 35 10 192
9983 37 9 192
9984 38 9 192
9985 39 1 192
9986 40 9 192
9987 41 2 192
9988 42 5 192
9989 43 3 192
9990 45 10 192
9991 44 2 192
9992 46 6 192
9993 48 9 192
9994 47 6 192
9995 49 2 192
9996 50 7 192
9997 51 7 192
9998 52 8 192
9999 0 5 193
10000 1 9 193
10001 2 3 193
10002 3 10 193
10003 4 2 193
10004 5 10 193
10005 6 2 193
10006 7 1 193
10007 8 10 193
10008 9 9 193
10009 10 3 193
10010 11 10 193
10011 12 4 193
10012 13 8 193
10013 14 9 193
10014 15 7 193
10015 16 6 193
10016 17 1 193
10017 18 9 193
10018 19 4 193
10019 20 2 193
10020 21 5 193
10021 22 1 193
10022 23 2 193
10023 24 4 193
10024 26 9 193
10025 25 7 193
10026 27 4 193
10027 28 4 193
10028 29 10 193
10029 30 1 193
10030 31 6 193
10031 32 6 193
10032 33 5 193
10033 34 2 193
10034 35 9 193
10035 36 2 193
10036 37 7 193
10037 38 5 193
10038 40 5 193
10039 39 3 193
10040 41 9 193
10041 42 8 193
10042 44 7 193
10043 43 4 193
10044 45 9 193
10045 46 6 193
10046 47 5 193
10047 48 7 193
10048 49 10 193
10049 50 9 193
10050 51 5 193
10051 53 5 193
10052 52 7 193
10053 0 2 194
10054 55 5 193
10055 1 3 194
10056 2 10 194
10057 3 7 194
10058 4 8 194
10059 5 10 194
10060 6 5 194
10061 7 4 194
10062 9 2 194
10063 8 2 194
10064 10 3 194
10065 11 4 194
10066 12 7 194
10067 14 5 194
10068 13 10 194
10069 15 8 194
10070 16 8 194
10071 17 8 194
10072 19 6 194
10073 20 1 194
10074 21 5 194
10075 18 6 194
10076 22 8 194
10077 23 9 194
10078 24 7 194
10079 25 6 194
10080 26 6 194
10081 27 7 194
10082 28 9 194
10083 30 3 194
10084 29 1 194
10085 31 9 194
10086 32 4 194
10087 33 9 194
10088 34 9 194
10089 35 2 194
10090 36 2 194
10091 37 5 194
10092 38 2 194
10093 39 6 194
10094 40 1 194
10095 41 8 194
10096 42 9 194
10097 43 3 194
10098 44 2 194
10099 45 10 194
10100 46 7 194
10101 47 2 194
10102 48 6 194
10103 49 8 194
10104 50 6 194
10105 53 10 194
10106 51 1 194
10107 52 4 194
10108 54 6 194
10109 55 2 194
10110 57 10 194
10111 0 7 195
10112 1 10 195
10113 2 7 195
10114 3 8 195
10115 4 8 195
10116 5 8 195
10117 6 3 195
10118 7 1 195
10119 8 1 195
10120 9 4 195
10121 10 9 195
10122 11 3 195
10123 12 4 195
10124 13 2 195
10125 15 1 195
10126 14 4 195
10127 16 4 195
10128 17 1 195
10129 18 1 195
10130 19 1 195
10131 20 3 195
10132 21 7 195
10133 22 7 195
10134 23 2 195
10135 24 6 195
10136 26 7 195
10137 25 5 195
10138 27 4 195
10139 28 9 195
10140 29 6 195
10141 30 7 195
10142 31 1 195
10143 32 5 195
10144 33 10 195
10145 34 7 195
10146 35 2 195
10147 36 3 195
10148 37 9 195
10149 38 7 195
10150 39 4 195
10151 40 6 195
10152 41 6 195
10153 43 8 195
10154 42 10 195
10155 44 7 195
10156 45 2 195
10157 46 9 195
10158 47 5 195
10159 48 4 195
10160 49 1 195
10161 50 4 195
10162 51 8 195
10163 52 8 195
10164 53 9 195
10165 54 7 195
10166 55 9 195
10167 56 3 195
10168 57 7 195
10169 58 5 195
10170 0 9 196
10171 1 9 196
10172 2 10 196
10173 3 9 196
10174 4 2 196
10175 5 2 196
10176 6 6 196
10177 7 8 196
10178 8 6 196
10179 9 6 196
10180 10 5 196
10181 11 4 196
10182 12 4 196
10183 13 9 196
10184 14 1 196
10185 15 3 196
10186 16 8 196
10187 17 3 196
10188 18 7 196
10189 19 8 196
10190 21 3 196
10191 20 1 196
10192 22 1 196
10193 23 8 196
10194 24 3 196
10195 25 1 196
10196 26 4 196
10197 27 7 196
10198 28 10 196
10199 29 8 196
10200 32 7 196
10201 30 5 196
10202 48 10 196
10203 46 3 196
10204 31 6 196
10205 33 5 196
10206 39 3 196
10207 38 10 196
10208 36 6 196
10209 34 1 196
10210 35 4 196
10211 37 8 196
10212 40 10 196
10213 59 4 196
10214 56 1 196
10215 54 9 196
10216 53 10 196
10217 51 6 196
10218 49 4 196
10219 44 2 196
10220 45 4 196
10221 42 7 196
10222 41 6 196
10223 43 2 196
10224 47 4 196
10225 50 4 196
10226 52 8 196
10227 55 3 196
10228 61 5 196
10229 58 7 196
10230 56 2 197
10231 57 5 196
10232 0 1 197
10233 1 6 197
10234 2 3 197
10235 3 8 197
10236 44 10 197
10237 4 9 197
10238 39 8 197
10239 38 3 197
10240 5 8 197
10241 34 10 197
10242 60 9 197
10243 59 10 197
10244 48 10 197
10245 54 9 197
10246 53 3 197
10247 51 4 197
10248 49 10 197
10249 46 3 197
10250 45 10 197
10251 42 9 197
10252 41 4 197
10253 40 3 197
10254 36 6 197
10255 62 8 197
10256 60 7 198
10257 58 1 197
10258 57 4 197
10259 55 1 197
10260 52 8 197
10261 50 7 197
10262 61 8 197
10263 47 8 197
10264 44 3 198
10265 43 8 197
10266 39 1 198
10267 63 2 198
10268 48 7 198
10269 59 3 198
10270 56 2 198
10271 54 1 198
10272 53 2 198
10273 51 10 198
10274 49 3 198
10275 46 1 198
10276 45 3 198
10277 42 7 198
10278 64 1 198
10279 62 9 198
10280 61 10 198
10281 58 8 198
10282 57 9 198
10283 65 7 198
10284 52 9 198
10285 50 1 198
10286 55 10 198
10287 47 8 198
10288 54 6 199
10289 63 5 199
10290 60 7 199
10291 59 2 199
10292 56 8 199
10293 48 5 199
10294 53 5 199
10295 51 3 199
10296 49 2 199
10297 67 1 199
10298 64 8 199
10299 62 6 199
10300 61 6 199
10301 58 9 199
10302 57 9 199
10303 55 2 199
10304 52 6 199
10305 66 5 200
10306 65 8 199
10307 63 7 200
10308 60 6 200
10309 59 5 200
10310 56 6 200
10311 54 2 200
10312 68 6 200
10313 67 9 200
10314 64 9 200
10315 62 4 200
10316 61 6 200
10317 58 6 200
10318 69 7 201
10319 66 5 201
10320 65 9 200
10321 63 1 201
10322 60 10 201
10323 70 3 201
10324 68 4 201
10325 67 3 201
10326 64 6 201
10327 71 9 201
10328 69 1 202
10329 66 3 202
10330 72 3 202
10331 70 2 202
10332 73 10 202
10333 75 6 203
10334 71 3 202
10335 68 2 202
10336 65 4 201
10337 62 10 201
10338 59 5 201
10339 57 10 200
10340 53 3 200
10341 50 2 199
10342 46 2 199
10343 44 8 199
10344 41 5 198
10345 38 7 198
10346 35 3 197
10347 32 2 197
10348 7 1 197
10349 6 9 197
10350 8 6 197
10351 9 10 197
10352 10 10 197
10353 11 8 197
10354 12 6 197
10355 13 8 197
10356 14 5 197
10357 16 10 197
10358 15 4 197
10359 17 9 197
10360 18 5 197
10361 19 4 197
10362 20 6 197
10363 21 4 197
10364 22 3 197
10365 23 1 197
10366 24 10 197
10367 25 7 197
10368 74 1 204
10369 72 1 203
10370 69 6 203
10371 67 8 202
10372 63 8 202
10373 61 7 201
10374 56 5 201
10375 55 4 200
10376 51 6 200
10377 48 4 200
10378 45 8 199
10379 42 9 199
10380 40 4 198
10381 37 4 197
10382 33 6 197
10383 30 4 197
10384 26 6 197
10385 27 2 197
10386 28 8 197
10387 29 1 197
10388 31 4 197
10389 1 6 198
10390 0 7 198
10391 2 10 198
10392 3 5 198
10393 4 6 198
10394 5 9 198
10395 6 4 198
10396 7 4 198
10397 9 5 198
10398 8 5 198
10399 10 5 198
10400 11 7 198
10401 12 9 198
10402 76 9 204
10403 73 7 203
10404 70 1 203
10405 66 10 203
10406 64 4 202
10407 60 7 202
10408 58 9 201
10409 54 3 201
10410 52 1 200
10411 49 6 200
10412 47 6 199
10413 43 8 198
10414 39 5 199
10415 36 3 198
10416 34 3 198
10417 13 8 198
10418 14 1 198
10419 15 8 198
10420 16 5 198
10421 17 8 198
10422 18 8 198
10423 19 6 198
10424 20 2 198
10425 21 1 198
10426 22 1 198
10427 23 1 198
10428 25 10 198
10429 24 7 198
10430 26 1 198
10431 27 1 198
10432 28 10 198
10433 29 10 198
10434 30 6 198
10435 77 9 204
10436 75 3 204
10437 71 3 203
10438 68 2 203
10439 65 4 202
10440 62 10 202
10441 59 5 202
10442 57 7 201
10443 53 3 201
10444 50 2 200
10445 46 1 200
10446 44 8 200
10447 41 5 199
10448 38 7 199
10449 35 3 198
10450 32 2 198
10451 31 4 198
10452 33 1 198
10453 37 10 198
10454 0 9 199
10455 1 4 199
10456 2 2 199
10457 3 3 199
10458 4 7 199
10459 5 2 199
10460 6 9 199
10461 7 3 199
10462 8 1 199
10463 9 5 199
10464 10 10 199
10465 11 1 199
10466 12 9 199
10467 78 9 205
10468 74 2 205
10469 72 1 204
10470 69 6 204
10471 67 4 203
10472 63 8 203
10473 61 2 202
10474 56 4 202
10475 55 1 201
10476 51 6 201
10477 48 4 201
10478 45 8 200
10479 43 6 199
10480 40 8 199
10481 13 3 199
10482 14 6 199
10483 15 3 199
10484 16 9 199
10485 17 1 199
10486 18 8 199
10487 19 9 199
10488 21 6 199
10489 20 7 199
10490 22 7 199
10491 23 4 199
10492 24 4 199
10493 25 1 199
10494 26 1 199
10495 27 10 199
10496 28 3 199
10497 29 8 199
10498 79 8 205
10499 76 9 205
10500 73 7 204
10501 70 1 204
10502 66 9 204
10503 64 4 203
10504 60 8 203
10505 58 9 202
10506 54 1 202
10507 52 1 201
10508 49 6 201
10509 47 9 200
10510 42 10 200
10511 39 8 200
10512 36 1 199
10513 34 3 199
10514 30 10 199
10515 31 2 199
10516 32 8 199
10517 33 1 199
10518 37 7 199
10519 35 2 199
10520 0 7 200
10521 1 7 200
10522 3 7 200
10523 2 5 200
10524 4 8 200
10525 5 9 200
10526 6 5 200
10527 7 4 200
10528 80 10 206
10529 77 9 205
10530 74 7 206
10531 71 3 204
10532 68 2 204
10533 65 4 203
10534 62 10 203
10535 59 5 203
10536 57 4 202
10537 53 3 202
10538 50 2 201
10539 46 8 201
10540 44 8 201
10541 41 5 200
10542 38 7 200
10543 8 6 200
10544 9 6 200
10545 12 2 200
10546 11 8 200
10547 10 5 200
10548 14 10 200
10549 13 7 200
10550 15 4 200
10551 16 6 200
10552 18 6 200
10553 17 6 200
10554 19 3 200
10555 20 2 200
10556 21 3 200
10557 82 10 206
10558 78 9 206
10559 75 7 205
10560 72 1 205
10561 69 6 205
10562 66 4 205
10563 63 8 204
10564 61 8 203
10565 56 7 203
10566 55 9 202
10567 51 6 202
10568 48 4 202
10569 45 8 201
10570 43 1 200
10571 40 1 200
10572 22 3 200
10573 23 9 200
10574 24 2 200
10575 25 10 200
10576 26 4 200
10577 27 1 200
10578 28 3 200
10579 29 9 200
10580 30 6 200
10581 31 2 200
10582 32 6 200
10583 33 6 200
10584 34 8 200
10585 81 7 207
10586 79 8 206
10587 76 9 206
10588 73 7 205
10589 70 1 205
10590 67 2 204
10591 64 4 204
10592 60 2 204
10593 58 9 203
10594 54 5 203
10595 52 1 202
10596 49 6 202
10597 47 1 201
10598 42 5 201
10599 39 9 201
10600 36 5 200
10601 35 5 200
10602 37 6 200
10603 0 7 201
10604 1 7 201
10605 2 1 201
10606 3 4 201
10607 4 1 201
10608 6 6 201
10609 5 1 201
10610 7 3 201
10611 8 10 201
10612 83 4 207
10613 80 10 207
10614 77 9 206
10615 75 8 206
10616 71 3 205
10617 68 2 205
10618 65 4 204
10619 62 10 204
10620 59 5 204
10621 57 1 203
10622 53 3 203
10623 50 2 202
10624 46 6 202
10625 44 8 202
10626 41 5 201
10627 38 7 201
10628 9 8 201
10629 10 3 201
10630 11 10 201
10631 13 10 201
10632 12 3 201
10633 14 5 201
10634 15 4 201
10635 16 3 201
10636 17 6 201
10637 18 7 201
10638 84 1 208
10639 81 8 208
10640 78 9 207
10641 74 9 207
10642 72 1 206
10643 69 6 206
10644 67 7 205
10645 63 8 205
10646 61 3 204
10647 56 6 204
10648 55 6 203
10649 51 6 203
10650 48 4 203
10651 45 8 202
10652 43 7 201
10653 40 5 201
10654 20 6 201
10655 19 9 201
10656 21 4 201
10657 22 10 201
10658 23 9 201
10659 24 7 201
10660 25 9 201
10661 26 5 201
10662 28 2 201
10663 85 8 208
10664 82 5 207
10665 79 8 207
10666 76 9 207
10667 73 7 206
10668 70 1 206
10669 66 2 206
10670 64 4 205
10671 60 9 205
10672 58 9 204
10673 54 2 204
10674 52 1 203
10675 49 6 203
10676 47 4 202
10677 42 7 202
10678 39 4 202
10679 36 2 201
10680 34 3 201
10681 27 9 201
10682 29 5 201
10683 30 2 201
10684 31 3 201
10685 32 3 201
10686 33 10 201
10687 86 2 209
10688 83 4 208
10689 80 10 208
10690 77 9 207
10691 75 5 207
10692 71 3 206
10693 68 2 206
10694 65 4 205
10695 62 10 205
10696 59 5 205
10697 57 9 204
10698 53 3 204
10699 50 2 203
10700 46 7 203
10701 44 8 203
10702 41 5 202
10703 38 7 202
10704 35 3 201
10705 37 9 201
10706 1 9 202
10707 0 10 202
10708 2 7 202
10709 3 2 202
10710 87 2 209
10711 84 9 209
10712 82 1 208
10713 78 9 208
10714 74 10 208
10715 72 1 207
10716 69 6 207
10717 67 3 206
10718 63 8 206
10719 61 9 205
10720 56 8 205
10721 55 3 204
10722 51 6 204
10723 48 4 204
10724 45 8 203
10725 43 2 202
10726 40 9 202
10727 4 5 202
10728 5 8 202
10729 6 3 202
10730 7 7 202
10731 8 9 202
10732 88 1 210
10733 85 7 209
10734 81 4 209
10735 79 8 208
10736 76 9 208
10737 73 7 207
10738 70 1 207
10739 66 1 207
10740 64 4 206
10741 60 3 206
10742 58 9 205
10743 54 4 205
10744 52 1 204
10745 49 6 204
10746 47 7 203
10747 42 8 203
10748 39 1 203
10749 36 4 202
10750 34 3 202
10751 9 2 202
10752 10 3 202
10753 89 3 210
10754 86 2 210
10755 83 4 209
10756 80 10 209
10757 77 9 208
10758 75 2 208
10759 71 3 207
10760 68 2 207
10761 65 4 206
10762 62 10 206
10763 59 5 206
10764 57 6 205
10765 53 3 205
10766 50 2 204
10767 46 4 204
10768 44 8 204
10769 41 5 203
10770 38 7 203
10771 35 3 202
10772 32 2 202
10773 90 1 211
10774 87 2 210
10775 84 6 210
10776 82 2 209
10777 78 9 209
10778 74 3 209
10779 72 1 208
10780 69 6 208
10781 67 10 207
10782 63 8 207
10783 61 4 206
10784 56 1 206
10785 54 3 206
10786 51 6 205
10787 48 4 205
10788 45 8 204
10789 43 8 203
10790 40 2 203
10791 36 3 203
10792 91 7 211
10793 88 1 211
10794 85 5 210
10795 81 2 210
10796 79 8 209
10797 76 9 209
10798 73 7 208
10799 70 1 208
10800 66 8 208
10801 64 4 207
10802 60 4 207
10803 58 9 206
10804 55 7 205
10805 52 1 205
10806 49 6 205
10807 47 10 204
10808 42 2 204
10809 39 10 204
10810 92 6 211
10811 89 3 211
10812 86 2 211
10813 83 4 210
10814 80 10 210
10815 77 9 209
10816 75 10 209
10817 71 3 208
10818 68 2 208
10819 65 4 207
10820 62 10 207
10821 59 5 207
10822 57 3 206
10823 53 3 206
10824 50 2 205
10825 46 5 205
10826 44 8 205
10827 93 7 212
10828 90 1 212
10829 87 2 211
10830 84 3 211
10831 82 3 210
10832 78 9 210
10833 74 5 210
10834 72 1 209
10835 69 6 209
10836 67 6 208
10837 63 8 208
10838 61 10 207
10839 56 2 207
10840 55 8 206
10841 51 6 206
10842 48 4 206
10843 94 9 213
10844 91 7 212
10845 88 1 212
10846 85 10 211
10847 81 5 211
10848 79 8 210
10849 76 9 210
10850 73 7 209
10851 70 1 209
10852 66 6 209
10853 64 4 208
10854 60 6 208
10855 58 9 207
10856 54 7 207
10857 52 1 206
10858 95 9 213
10859 92 6 212
10860 89 3 212
10861 86 2 212
10862 83 4 211
10863 80 10 211
10864 77 9 210
10865 75 7 210
10866 71 3 209
10867 68 2 209
10868 65 4 208
10869 62 10 208
10870 59 5 208
10871 56 7 208
10872 97 5 213
10873 93 7 213
10874 90 1 213
10875 87 2 212
10876 85 2 212
10877 82 4 211
10878 78 9 211
10879 74 4 211
10880 72 1 210
10881 69 6 210
10882 67 2 209
10883 63 8 209
10884 61 5 208
10885 96 4 214
10886 94 9 214
10887 91 7 213
10888 88 1 213
10889 84 7 212
10890 81 1 212
10891 79 8 211
10892 76 9 211
10893 73 7 210
10894 70 1 210
10895 66 7 210
10896 64 4 209
10897 98 10 215
10898 95 9 214
10899 92 6 213
10900 89 3 213
10901 86 2 213
10902 83 4 212
10903 80 10 212
10904 77 9 211
10905 75 4 211
10906 71 3 210
10907 68 2 210
10908 99 8 215
10909 97 7 214
10910 93 7 214
10911 90 1 214
10912 87 2 213
10913 84 8 213
10914 82 5 212
10915 78 9 212
10916 74 7 212
10917 72 1 211
10918 100 5 215
10919 96 6 215
10920 94 9 215
10921 91 7 214
10922 88 1 214
10923 85 1 213
10924 81 3 213
10925 79 8 212
10926 76 9 212
10927 101 4 216
10928 98 10 216
10929 95 9 215
10930 92 6 214
10931 89 3 214
10932 86 2 214
10933 83 4 213
10934 80 10 213
10935 103 10 216
10936 99 8 216
10937 97 9 215
10938 93 7 215
10939 90 1 215
10940 87 2 214
10941 84 5 214
10942 102 10 217
10943 100 5 216
10944 96 1 216
10945 94 9 216
10946 91 7 215
10947 88 1 215
10948 104 2 218
10949 101 4 217
10950 98 10 217
10951 95 9 216
10952 92 6 215
10953 105 2 218
10954 103 6 217
10955 99 8 217
10956 96 9 217
10957 106 1 218
10958 102 2 218
10959 100 5 217
10960 107 1 218
10961 104 2 219
10962 108 1 220
10963 11 3 202
10964 12 10 202
10965 13 4 202
10966 14 9 202
10967 16 4 202
10968 15 7 202
10969 17 6 202
10970 18 10 202
10971 19 9 202
10972 20 2 202
10973 22 10 202
10974 0 1 203
10975 0 1 204
10976 0 1 205
10977 0 1 206
10978 0 1 207
10979 21 4 202
10980 23 10 202
10981 24 6 202
10982 25 7 202
10983 26 9 202
10984 27 10 202
10985 28 3 202
10986 30 10 202
10987 29 3 202
10988 31 5 202
10989 33 3 202
10990 1 5 203
10991 37 9 202
10992 2 5 203
10993 3 10 203
10994 4 2 203
10995 5 4 203
10996 6 8 203
10997 7 8 203
10998 8 7 203
10999 9 3 203
11000 10 2 203
11001 11 10 203
11002 12 2 203
11003 13 6 203
11004 14 9 203
11005 15 10 203
11006 16 7 203
11007 17 8 203
11008 18 4 203
11009 19 8 203
11010 22 3 203
11011 20 10 203
11012 21 1 203
11013 23 7 203
11014 24 10 203
11015 25 2 203
11016 26 4 203
11017 27 5 203
11018 28 5 203
11019 29 7 203
11020 30 6 203
11021 32 7 203
11022 31 7 203
11023 33 5 203
11024 34 10 203
11025 35 7 203
11026 37 2 203
11027 1 10 204
11028 3 7 204
11029 2 9 204
11030 4 4 204
11031 5 3 204
11032 6 1 204
11033 7 2 204
11034 8 2 204
11035 9 1 204
11036 10 3 204
11037 11 3 204
11038 12 10 204
11039 13 9 204
11040 14 4 204
11041 16 10 204
11042 15 10 204
11043 17 8 204
11044 18 10 204
11045 19 8 204
11046 20 1 204
11047 21 3 204
11048 22 8 204
11049 23 5 204
11050 24 5 204
11051 25 9 204
11052 26 2 204
11053 27 2 204
11054 28 4 204
11055 30 8 204
11056 29 8 204
11057 31 9 204
11058 32 1 204
11059 33 6 204
11060 34 5 204
11061 35 5 204
11062 36 4 204
11063 37 1 204
11064 38 9 204
11065 40 1 204
11066 41 6 204
11067 1 1 205
11068 43 6 204
11069 2 2 205
11070 3 9 205
11071 4 1 205
11072 7 6 205
11073 5 8 205
11074 6 3 205
11075 8 8 205
11076 10 7 205
11077 9 3 205
11078 11 7 205
11079 12 9 205
11080 13 4 205
11081 14 5 205
11082 15 2 205
11083 16 4 205
11084 17 10 205
11085 18 6 205
11086 19 5 205
11087 20 5 205
11088 21 3 205
11089 22 9 205
11090 23 7 205
11091 24 10 205
11092 25 7 205
11093 26 9 205
11094 27 10 205
11095 28 5 205
11096 29 9 205
11097 30 1 205
11098 47 2 205
11099 31 8 205
11100 32 3 205
11101 33 8 205
11102 35 8 205
11103 34 4 205
11104 36 3 205
11105 37 10 205
11106 38 6 205
11107 39 5 205
11108 40 10 205
11109 41 8 205
11110 42 10 205
11111 43 4 205
11112 45 5 205
11113 1 9 206
11114 2 6 206
11115 3 8 206
11116 4 1 206
11117 5 4 206
11118 6 1 206
11119 7 5 206
11120 10 8 206
11121 8 6 206
11122 9 8 206
11123 11 7 206
11124 12 9 206
11125 13 6 206
11126 14 4 206
11127 15 8 206
11128 16 3 206
11129 17 9 206
11130 19 7 206
11131 18 5 206
11132 20 2 206
11133 21 4 206
11134 22 4 206
11135 24 3 206
11136 23 9 206
11137 25 9 206
11138 26 10 206
11139 27 4 206
11140 28 5 206
11141 29 2 206
11142 30 2 206
11143 31 10 206
11144 32 4 206
11145 35 8 206
11146 33 6 206
11147 36 6 206
11148 34 4 206
11149 38 3 206
11150 37 6 206
11151 39 2 206
11152 40 7 206
11153 41 10 206
11154 42 7 206
11155 43 10 206
11156 44 1 206
11157 45 2 206
11158 46 6 206
11159 47 8 206
11160 49 3 206
11161 50 4 206
11162 1 8 207
11163 2 7 207
11164 3 9 207
11165 4 10 207
11166 5 8 207
11167 6 4 207
11168 7 8 207
11169 10 7 207
11170 11 8 207
11171 8 6 207
11172 9 8 207
11173 12 1 207
11174 13 7 207
11175 14 10 207
11176 15 1 207
11177 16 5 207
11178 17 9 207
11179 18 8 207
11180 19 9 207
11181 20 5 207
11182 21 4 207
11183 22 8 207
11184 24 4 207
11185 23 3 207
11186 25 2 207
11187 26 2 207
11188 27 7 207
11189 28 9 207
11190 29 6 207
11191 30 2 207
11192 32 3 207
11193 31 8 207
11194 33 4 207
11195 34 3 207
11196 35 2 207
11197 36 6 207
11198 37 7 207
11199 38 8 207
11200 39 8 207
11201 40 4 207
11202 41 1 207
11203 42 3 207
11204 43 9 207
11205 44 1 207
11206 45 5 207
11207 46 2 207
11208 47 8 207
11209 48 8 207
11210 49 1 207
11211 50 2 207
11212 51 9 207
11213 53 4 207
11214 52 6 207
11215 55 3 207
11216 57 4 207
11217 0 4 208
11218 1 1 208
11219 2 5 208
11220 4 6 208
11221 3 7 208
11222 5 9 208
11223 6 10 208
11224 7 2 208
11225 9 10 208
11226 8 8 208
11227 10 9 208
11228 11 1 208
11229 12 9 208
11230 14 10 208
11231 13 3 208
11232 15 5 208
11233 16 8 208
11234 17 1 208
11235 19 6 208
11236 18 2 208
11237 20 4 208
11238 21 6 208
11239 22 1 208
11240 23 5 208
11241 24 5 208
11242 25 8 208
11243 26 3 208
11244 27 2 208
11245 28 1 208
11246 29 3 208
11247 30 5 208
11248 31 5 208
11249 32 10 208
11250 33 10 208
11251 34 3 208
11252 35 9 208
11253 36 10 208
11254 37 2 208
11255 38 2 208
11256 39 8 208
11257 40 7 208
11258 42 9 208
11259 41 6 208
11260 43 6 208
11261 44 3 208
11262 45 9 208
11263 46 10 208
11264 47 1 208
11265 48 5 208
11266 49 4 208
11267 50 6 208
11268 51 3 208
11269 52 7 208
11270 55 6 208
11271 53 1 208
11272 54 4 208
11273 58 1 208
11274 57 7 208
11275 0 7 209
11276 2 7 209
11277 1 5 209
11278 3 9 209
11279 4 5 209
11280 5 7 209
11281 6 1 209
11282 7 10 209
11283 8 5 209
11284 9 5 209
11285 10 4 209
11286 11 2 209
11287 12 3 209
11288 13 9 209
11289 14 3 209
11290 15 7 209
11291 16 8 209
11292 17 6 209
11293 18 9 209
11294 19 8 209
11295 20 2 209
11296 21 9 209
11297 22 5 209
11298 23 8 209
11299 24 8 209
11300 25 10 209
11301 27 4 209
11302 26 1 209
11303 28 7 209
11304 29 8 209
11305 30 2 209
11306 31 10 209
11307 32 3 209
11308 33 2 209
11309 35 2 209
11310 36 2 209
11311 34 7 209
11312 37 1 209
11313 38 6 209
11314 39 6 209
11315 40 7 209
11316 42 4 209
11317 41 6 209
11318 43 9 209
11319 45 5 209
11320 44 9 209
11321 46 1 209
11322 47 7 209
11323 48 7 209
11324 49 4 209
11325 50 1 209
11326 51 10 209
11327 52 9 209
11328 53 9 209
11329 54 5 209
11330 56 5 209
11331 55 7 209
11332 57 2 209
11333 58 1 209
11334 59 1 209
11335 60 6 209
11336 61 7 209
11337 62 1 209
11338 65 2 209
11339 0 2 210
11340 1 1 210
11341 2 5 210
11342 3 8 210
11343 4 5 210
11344 5 7 210
11345 6 3 210
11346 7 5 210
11347 8 1 210
11348 9 8 210
11349 10 7 210
11350 11 3 210
11351 12 5 210
11352 13 9 210
11353 14 1 210
11354 15 8 210
11355 16 9 210
11356 17 9 210
11357 18 3 210
11358 19 4 210
11359 22 3 210
11360 20 7 210
11361 21 8 210
11362 23 3 210
11363 24 10 210
11364 25 6 210
11365 26 8 210
11366 27 2 210
11367 28 4 210
11368 29 2 210
11369 30 3 210
11370 31 7 210
11371 32 5 210
11372 34 4 210
11373 35 9 210
11374 33 7 210
11375 36 4 210
11376 38 3 210
11377 37 2 210
11378 39 4 210
11379 40 9 210
11380 41 6 210
11381 42 10 210
11382 43 1 210
11383 44 7 210
11384 45 4 210
11385 46 4 210
11386 47 4 210
11387 48 7 210
11388 49 8 210
11389 50 3 210
11390 51 2 210
11391 52 4 210
11392 53 10 210
11393 55 6 210
11394 54 2 210
11395 57 7 210
11396 56 2 210
11397 59 4 210
11398 58 1 210
11399 60 10 210
11400 61 2 210
11401 63 9 210
11402 62 6 210
11403 64 2 210
11404 65 1 210
11405 67 10 210
11406 0 10 211
11407 1 2 211
11408 2 2 211
11409 3 10 211
11410 4 4 211
11411 5 8 211
11412 6 2 211
11413 7 7 211
11414 8 10 211
11415 9 4 211
11416 10 8 211
11417 11 4 211
11418 12 7 211
11419 13 1 211
11420 14 5 211
11421 15 2 211
11422 16 2 211
11423 17 3 211
11424 18 3 211
11425 19 2 211
11426 20 6 211
11427 21 2 211
11428 22 6 211
11429 23 8 211
11430 24 10 211
11431 25 9 211
11432 26 10 211
11433 27 7 211
11434 28 9 211
11435 29 2 211
11436 30 5 211
11437 31 3 211
11438 32 9 211
11439 33 1 211
11440 34 6 211
11441 35 4 211
11442 36 3 211
11443 37 3 211
11444 38 6 211
11445 39 1 211
11446 40 7 211
11447 41 1 211
11448 42 8 211
11449 43 3 211
11450 44 5 211
11451 45 9 211
11452 46 2 211
11453 47 9 211
11454 48 10 211
11455 49 3 211
11456 50 9 211
11457 51 10 211
11458 52 10 211
11459 53 2 211
11460 54 1 211
11461 55 9 211
11462 56 2 211
11463 57 5 211
11464 58 1 211
11465 59 3 211
11466 60 1 211
11467 61 7 211
11468 62 4 211
11469 63 9 211
11470 65 1 211
11471 64 4 211
11472 66 4 211
11473 67 8 211
11474 68 7 211
11475 69 4 211
11476 70 10 211
11477 73 10 211
11478 71 1 211
11479 0 2 212
11480 1 9 212
11481 2 7 212
11482 3 8 212
11483 4 6 212
11484 5 7 212
11485 6 7 212
11486 7 3 212
11487 8 7 212
11488 9 7 212
11489 10 2 212
11490 11 6 212
11491 12 5 212
11492 13 5 212
11493 14 7 212
11494 15 3 212
11495 16 8 212
11496 17 5 212
11497 18 5 212
11498 19 2 212
11499 20 7 212
11500 21 8 212
11501 23 8 212
11502 22 7 212
11503 24 7 212
11504 25 8 212
11505 26 6 212
11506 27 9 212
11507 28 2 212
11508 29 2 212
11509 30 4 212
11510 31 5 212
11511 32 10 212
11512 35 6 212
11513 34 2 212
11514 33 4 212
11515 36 1 212
11516 37 6 212
11517 39 6 212
11518 38 6 212
11519 41 2 212
11520 40 5 212
11521 43 8 212
11522 42 7 212
11523 44 4 212
11524 45 7 212
11525 47 5 212
11526 46 2 212
11527 48 4 212
11528 49 9 212
11529 50 7 212
11530 51 5 212
11531 52 1 212
11532 53 2 212
11533 54 1 212
11534 56 4 212
11535 55 3 212
11536 57 8 212
11537 58 1 212
11538 59 5 212
11539 60 6 212
11540 61 6 212
11541 62 6 212
11542 63 5 212
11543 64 9 212
11544 65 2 212
11545 66 4 212
11546 67 10 212
11547 68 2 212
11548 69 6 212
11549 70 2 212
11550 71 2 212
11551 72 2 212
11552 73 1 212
11553 75 7 212
11554 77 7 212
11555 0 6 213
11556 1 2 213
11557 3 4 213
11558 2 2 213
11559 4 2 213
11560 5 3 213
11561 6 7 213
11562 7 8 213
11563 8 8 213
11564 9 8 213
11565 10 6 213
11566 11 1 213
11567 12 6 213
11568 13 1 213
11569 15 4 213
11570 14 6 213
11571 16 6 213
11572 17 2 213
11573 18 5 213
11574 19 10 213
11575 20 5 213
11576 21 1 213
11577 22 9 213
11578 23 10 213
11579 24 4 213
11580 25 4 213
11581 26 9 213
11582 28 5 213
11583 27 1 213
11584 29 10 213
11585 30 9 213
11586 31 3 213
11587 32 10 213
11588 33 7 213
11589 34 2 213
11590 35 1 213
11591 37 10 213
11592 36 7 213
11593 38 2 213
11594 39 9 213
11595 40 6 213
11596 41 4 213
11597 42 3 213
11598 43 3 213
11599 44 4 213
11600 45 5 213
11601 46 9 213
11602 47 7 213
11603 48 2 213
11604 49 6 213
11605 50 7 213
11606 51 8 213
11607 52 3 213
11608 53 3 213
11609 54 2 213
11610 55 9 213
11611 56 7 213
11612 57 9 213
11613 59 5 213
11614 58 4 213
11615 60 7 213
11616 61 3 213
11617 62 6 213
11618 63 10 213
11619 64 3 213
11620 66 9 213
11621 65 6 213
11622 67 2 213
11623 68 8 213
11624 69 9 213
11625 70 3 213
11626 71 3 213
11627 72 5 213
11628 73 6 213
11629 74 4 213
11630 75 4 213
11631 76 6 213
11632 77 6 213
11633 79 4 213
11634 78 10 213
11635 82 8 213
11636 0 2 214
11637 1 6 214
11638 2 1 214
11639 3 1 214
11640 4 8 214
11641 5 9 214
11642 6 6 214
11643 8 4 214
11644 7 8 214
11645 9 3 214
11646 10 6 214
11647 11 6 214
11648 13 9 214
11649 12 7 214
11650 14 7 214
11651 15 1 214
11652 16 8 214
11653 17 5 214
11654 18 6 214
11655 19 3 214
11656 20 8 214
11657 21 3 214
11658 22 2 214
11659 23 8 214
11660 24 8 214
11661 25 7 214
11662 26 10 214
11663 28 10 214
11664 27 8 214
11665 29 5 214
11666 30 6 214
11667 31 4 214
11668 32 5 214
11669 33 5 214
11670 34 1 214
11671 35 4 214
11672 36 7 214
11673 37 10 214
11674 38 7 214
11675 39 7 214
11676 40 5 214
11677 41 2 214
11678 42 6 214
11679 43 4 214
11680 44 6 214
11681 46 7 214
11682 45 2 214
11683 47 7 214
11684 48 9 214
11685 49 2 214
11686 51 10 214
11687 50 4 214
11688 52 9 214
11689 53 1 214
11690 54 1 214
11691 55 2 214
11692 56 7 214
11693 57 10 214
11694 58 1 214
11695 59 9 214
11696 60 7 214
11697 61 9 214
11698 62 1 214
11699 63 3 214
11700 64 10 214
11701 65 3 214
11702 66 9 214
11703 67 8 214
11704 68 1 214
11705 69 5 214
11706 70 2 214
11707 71 5 214
11708 72 10 214
11709 73 10 214
11710 74 8 214
11711 75 10 214
11712 76 4 214
11713 77 1 214
11714 78 4 214
11715 79 6 214
11716 80 10 214
11717 81 1 214
11718 82 4 214
11719 83 1 214
11720 85 4 214
11721 0 4 215
11722 1 6 215
11723 2 10 215
11724 4 6 215
11725 3 6 215
11726 5 6 215
11727 6 5 215
11728 7 10 215
11729 8 5 215
11730 9 7 215
11731 10 1 215
11732 11 8 215
11733 12 7 215
11734 13 10 215
11735 14 10 215
11736 16 9 215
11737 18 5 215
11738 15 2 215
11739 17 3 215
11740 19 9 215
11741 20 8 215
11742 21 1 215
11743 23 2 215
11744 22 2 215
11745 24 5 215
11746 25 6 215
11747 26 2 215
11748 27 7 215
11749 28 6 215
11750 29 3 215
11751 30 4 215
11752 32 2 215
11753 31 1 215
11754 33 9 215
11755 34 5 215
11756 35 7 215
11757 37 7 215
11758 36 8 215
11759 38 7 215
11760 39 10 215
11761 40 10 215
11762 41 4 215
11763 43 4 215
11764 42 2 215
11765 44 6 215
11766 47 1 215
11767 45 4 215
11768 48 9 215
11769 46 7 215
11770 49 1 215
11771 50 6 215
11772 51 1 215
11773 52 3 215
11774 53 5 215
11775 54 7 215
11776 55 7 215
11777 56 10 215
11778 57 7 215
11779 58 8 215
11780 59 9 215
11781 60 7 215
11782 61 7 215
11783 62 7 215
11784 64 4 215
11785 63 4 215
11786 65 4 215
11787 66 7 215
11788 67 7 215
11789 68 10 215
11790 69 5 215
11791 70 5 215
11792 71 10 215
11793 72 2 215
11794 73 6 215
11795 74 2 215
11796 75 3 215
11797 76 7 215
11798 77 2 215
11799 78 4 215
11800 79 9 215
11801 80 6 215
11802 81 8 215
11803 82 3 215
11804 83 7 215
11805 84 2 215
11806 85 9 215
11807 86 3 215
11808 87 3 215
11809 89 3 215
11810 0 1 216
11811 1 7 216
11812 3 6 216
11813 2 1 216
11814 4 8 216
11815 5 6 216
11816 6 3 216
11817 7 1 216
11818 8 10 216
11819 9 10 216
11820 10 4 216
11821 11 1 216
11822 12 4 216
11823 13 2 216
11824 14 8 216
11825 16 9 216
11826 15 10 216
11827 17 8 216
11828 18 4 216
11829 20 8 216
11830 21 8 216
11831 19 6 216
11832 22 3 216
11833 23 5 216
11834 24 2 216
11835 25 5 216
11836 26 1 216
11837 27 4 216
11838 28 1 216
11839 29 9 216
11840 30 4 216
11841 31 5 216
11842 32 8 216
11843 33 7 216
11844 34 2 216
11845 36 7 216
11846 35 10 216
11847 37 10 216
11848 39 1 216
11849 38 3 216
11850 40 4 216
11851 41 2 216
11852 42 8 216
11853 43 9 216
11854 44 5 216
11855 45 5 216
11856 46 7 216
11857 47 6 216
11858 48 9 216
11859 49 1 216
11860 50 8 216
11861 51 8 216
11862 52 6 216
11863 53 2 216
11864 54 2 216
11865 56 9 216
11866 55 9 216
11867 57 3 216
11868 58 6 216
11869 59 8 216
11870 61 3 216
11871 60 9 216
11872 62 9 216
11873 63 9 216
11874 64 6 216
11875 65 2 216
11876 66 5 216
11877 68 6 216
11878 69 8 216
11879 67 1 216
11880 70 5 216
11881 71 6 216
11882 72 5 216
11883 73 10 216
11884 74 4 216
11885 75 7 216
11886 76 1 216
11887 77 8 216
11888 78 1 216
11889 80 4 216
11890 79 5 216
11891 81 7 216
11892 82 4 216
11893 83 10 216
11894 84 10 216
11895 85 10 216
11896 86 5 216
11897 87 1 216
11898 88 2 216
11899 91 5 216
11900 90 7 216
11901 89 6 216
11902 92 4 216
11903 93 9 216
11904 97 2 216
11905 0 10 217
11906 1 5 217
11907 2 10 217
11908 3 5 217
11909 4 6 217
11910 5 10 217
11911 6 1 217
11912 8 2 217
11913 7 10 217
11914 10 9 217
11915 9 1 217
11916 11 8 217
11917 12 10 217
11918 13 2 217
11919 14 5 217
11920 15 7 217
11921 16 5 217
11922 17 3 217
11923 18 6 217
11924 20 1 217
11925 19 1 217
11926 21 7 217
11927 22 5 217
11928 24 4 217
11929 23 6 217
11930 25 1 217
11931 26 5 217
11932 27 5 217
11933 29 5 217
11934 30 5 217
11935 28 8 217
11936 31 7 217
11937 32 6 217
11938 33 4 217
11939 35 10 217
11940 34 5 217
11941 37 10 217
11942 36 7 217
11943 38 4 217
11944 39 4 217
11945 40 4 217
11946 41 3 217
11947 42 4 217
11948 43 5 217
11949 44 10 217
11950 45 2 217
11951 47 9 217
11952 46 9 217
11953 48 10 217
11954 49 9 217
11955 50 4 217
11956 51 6 217
11957 52 5 217
11958 53 5 217
11959 55 7 217
11960 56 6 217
11961 54 6 217
11962 57 9 217
11963 58 9 217
11964 59 6 217
11965 60 4 217
11966 61 3 217
11967 62 9 217
11968 63 3 217
11969 64 5 217
11970 65 6 217
11971 66 2 217
11972 68 1 217
11973 67 10 217
11974 69 6 217
11975 70 3 217
11976 71 4 217
11977 72 9 217
11978 74 5 217
11979 73 5 217
11980 75 5 217
11981 76 5 217
11982 77 3 217
11983 78 1 217
11984 79 9 217
11985 80 10 217
11986 81 10 217
11987 82 1 217
11988 83 6 217
11989 84 2 217
11990 85 4 217
11991 86 1 217
11992 87 3 217
11993 88 2 217
11994 89 1 217
11995 90 1 217
11996 91 1 217
11997 92 1 217
11998 93 6 217
11999 94 7 217
12000 95 5 217
12001 97 3 217
12002 1 5 218
12003 0 1 218
12004 2 3 218
12005 3 2 218
12006 4 2 218
12007 5 10 218
12008 6 7 218
12009 7 5 218
12010 9 9 218
12011 10 1 218
12012 8 9 218
12013 11 8 218
12014 12 8 218
12015 13 6 218
12016 14 5 218
12017 15 4 218
12018 16 1 218
12019 17 3 218
12020 18 5 218
12021 19 3 218
12022 20 5 218
12023 21 1 218
12024 22 1 218
12025 23 5 218
12026 25 5 218
12027 26 7 218
12028 24 7 218
12029 28 9 218
12030 27 6 218
12031 29 4 218
12032 30 9 218
12033 31 8 218
12034 32 7 218
12035 33 5 218
12036 34 7 218
12037 35 1 218
12038 36 8 218
12039 37 8 218
12040 38 9 218
12041 39 1 218
12042 40 2 218
12043 41 3 218
12044 42 6 218
12045 43 4 218
12046 44 8 218
12047 45 2 218
12048 0 10 219
12049 46 4 218
12050 47 10 218
12051 0 7 220
12052 48 10 218
12053 0 6 221
12054 49 7 218
12055 50 1 218
12056 51 6 218
12057 52 6 218
12058 53 3 218
12059 54 3 218
12060 55 9 218
12061 56 10 218
12062 57 9 218
12063 59 6 218
12064 58 7 218
12065 60 8 218
12066 61 1 218
12067 62 2 218
12068 63 10 218
12069 64 5 218
12070 65 3 218
12071 66 3 218
12072 67 2 218
12073 68 3 218
12074 69 7 218
12075 70 3 218
12076 73 3 218
12077 72 10 218
12078 71 9 218
12079 74 3 218
12080 75 3 218
12081 76 3 218
12082 77 5 218
12083 78 6 218
12084 79 9 218
12085 80 2 218
12086 81 5 218
12087 82 10 218
12088 83 10 218
12089 84 6 218
12090 85 6 218
12091 86 3 218
12092 87 6 218
12093 88 10 218
12094 89 8 218
12095 90 4 218
12096 92 1 218
12097 91 6 218
12098 93 3 218
12099 95 5 218
12100 94 3 218
12101 96 9 218
12102 97 8 218
12103 99 1 218
12104 98 1 218
12105 100 4 218
12106 101 6 218
12107 103 6 218
12108 1 7 219
12109 2 2 219
12110 3 10 219
12111 4 2 219
12112 5 5 219
12113 6 9 219
12114 7 7 219
12115 8 7 219
12116 9 10 219
12117 10 2 219
12118 12 6 219
12119 11 5 219
12120 13 2 219
12121 14 6 219
12122 15 7 219
12123 16 8 219
12124 17 7 219
12125 18 2 219
12126 19 3 219
12127 20 4 219
12128 21 4 219
12129 22 10 219
12130 23 2 219
12131 24 10 219
12132 25 1 219
12133 26 1 219
12134 27 2 219
12135 28 5 219
12136 29 9 219
12137 31 7 219
12138 30 1 219
12139 32 7 219
12140 33 10 219
12141 35 2 219
12142 34 4 219
12143 36 3 219
12144 37 10 219
12145 38 6 219
12146 39 2 219
12147 40 1 219
12148 41 9 219
12149 42 5 219
12150 43 6 219
12151 44 9 219
12152 45 10 219
12153 46 8 219
12154 47 3 219
12155 48 5 219
12156 49 5 219
12157 50 4 219
12158 51 6 219
12159 52 9 219
12160 53 3 219
12161 54 1 219
12162 55 8 219
12163 56 5 219
12164 57 4 219
12165 58 1 219
12166 59 9 219
12167 60 8 219
12168 62 1 219
12169 61 4 219
12170 63 9 219
12171 64 2 219
12172 65 8 219
12173 66 1 219
12174 67 4 219
12175 68 8 219
12176 69 4 219
12177 70 10 219
12178 71 1 219
12179 72 8 219
12180 73 7 219
12181 74 7 219
12182 75 2 219
12183 76 9 219
12184 78 1 219
12185 77 7 219
12186 79 8 219
12187 80 3 219
12188 81 1 219
12189 82 1 219
12190 83 4 219
12191 84 4 219
12192 85 6 219
12193 87 2 219
12194 86 7 219
12195 88 5 219
12196 89 6 219
12197 90 7 219
12198 91 3 219
12199 92 7 219
12200 93 4 219
12201 94 5 219
12202 95 4 219
12203 96 4 219
12204 97 1 219
12205 98 4 219
12206 99 7 219
12207 100 5 219
12208 101 6 219
12209 102 7 219
12210 103 10 219
12211 105 4 219
12212 106 8 219
12213 107 5 219
12214 1 1 220
12215 2 8 220
12216 3 10 220
12217 4 8 220
12218 5 5 220
12219 6 8 220
12220 7 6 220
12221 8 4 220
12222 9 8 220
12223 10 2 220
12224 11 3 220
12225 12 5 220
12226 13 6 220
12227 14 1 220
12228 15 1 220
12229 16 1 220
12230 17 4 220
12231 19 3 220
12232 18 9 220
12233 20 3 220
12234 21 3 220
12235 22 4 220
12236 26 3 220
12237 23 10 220
12238 24 4 220
12239 25 1 220
12240 27 6 220
12241 28 7 220
12242 29 5 220
12243 30 8 220
12244 31 8 220
12245 32 1 220
12246 33 6 220
12247 34 3 220
12248 35 7 220
12249 36 3 220
12250 38 7 220
12251 39 6 220
12252 37 6 220
12253 40 8 220
12254 41 6 220
12255 42 7 220
12256 44 6 220
12257 45 4 220
12258 43 5 220
12259 46 5 220
12260 47 7 220
12261 48 1 220
12262 49 6 220
12263 50 5 220
12264 51 6 220
12265 52 9 220
12266 53 8 220
12267 54 1 220
12268 55 1 220
12269 56 1 220
12270 57 10 220
12271 58 3 220
12272 59 5 220
12273 60 1 220
12274 62 6 220
12275 61 4 220
12276 64 1 220
12277 63 1 220
12278 65 7 220
12279 66 8 220
12280 67 5 220
12281 69 10 220
12282 68 1 220
12283 71 3 220
12284 70 8 220
12285 72 3 220
12286 73 2 220
12287 74 2 220
12288 75 4 220
12289 76 2 220
12290 78 5 220
12291 77 1 220
12292 79 10 220
12293 80 8 220
12294 82 3 220
12295 81 2 220
12296 83 8 220
12297 84 4 220
12298 85 6 220
12299 86 9 220
12300 87 6 220
12301 88 4 220
12302 89 7 220
12303 90 5 220
12304 91 8 220
12305 92 7 220
12306 93 1 220
12307 94 7 220
12308 95 6 220
12309 96 5 220
12310 97 4 220
12311 98 2 220
12312 99 8 220
12313 100 3 220
12314 102 5 220
12315 101 2 220
12316 103 2 220
12317 104 6 220
12318 105 4 220
12319 106 8 220
12320 107 6 220
12321 109 5 220
12322 1 5 221
12323 2 3 221
12324 3 3 221
12325 4 2 221
12326 5 7 221
12327 6 4 221
12328 9 6 221
12329 7 4 221
12330 8 6 221
12331 10 6 221
12332 11 2 221
12333 12 3 221
12334 14 10 221
12335 13 1 221
12336 15 7 221
12337 16 5 221
12338 17 3 221
12339 18 7 221
12340 19 3 221
12341 20 6 221
12342 22 5 221
12343 21 4 221
12344 24 3 221
12345 23 7 221
12346 25 2 221
12347 26 7 221
12348 29 7 221
12349 27 8 221
12350 28 8 221
12351 30 9 221
12352 31 8 221
12353 32 6 221
12354 33 6 221
12355 34 5 221
12356 35 8 221
12357 36 7 221
12358 37 6 221
12359 38 5 221
12360 39 8 221
12361 40 10 221
12362 41 1 221
12363 42 5 221
12364 43 5 221
12365 44 4 221
12366 45 4 221
12367 46 7 221
12368 48 8 221
12369 47 3 221
12370 49 6 221
12371 50 5 221
12372 51 5 221
12373 52 10 221
12374 53 4 221
12375 54 1 221
12376 55 8 221
12377 56 2 221
12378 57 2 221
12379 58 4 221
12380 61 9 221
12381 59 3 221
12382 62 4 221
12383 63 7 221
12384 60 1 221
12385 64 2 221
12386 65 5 221
12387 67 1 221
12388 66 7 221
12389 68 1 221
12390 69 10 221
12391 70 6 221
12392 71 7 221
12393 74 10 221
12394 72 3 221
12395 75 9 221
12396 73 9 221
12397 76 3 221
12398 77 7 221
12399 78 8 221
12400 80 3 221
12401 79 1 221
12402 81 9 221
12403 82 1 221
12404 83 7 221
12405 84 10 221
12406 85 10 221
12407 86 9 221
12408 87 3 221
12409 88 6 221
12410 89 10 221
12411 90 8 221
12412 91 8 221
12413 92 10 221
12414 94 9 221
12415 93 8 221
12416 95 4 221
12417 97 10 221
12418 98 8 221
12419 96 4 221
12420 99 2 221
12421 100 7 221
12422 101 9 221
12423 102 2 221
12424 103 3 221
12425 104 2 221
12426 105 1 221
12427 106 2 221
12428 107 2 221
12429 109 8 221
12430 108 5 221
12431 110 2 221
12432 0 3 222
12433 1 5 222
12434 2 8 222
12435 4 9 222
12436 3 8 222
12437 5 7 222
12438 6 4 222
12439 7 3 222
12440 9 9 222
12441 8 5 222
12442 10 3 222
12443 11 6 222
12444 12 1 222
12445 13 7 222
12446 14 5 222
12447 15 8 222
12448 17 6 222
12449 16 1 222
12450 18 1 222
12451 19 5 222
12452 20 2 222
12453 21 7 222
12454 22 1 222
12455 23 2 222
12456 26 8 222
12457 24 8 222
12458 25 1 222
12459 27 9 222
12460 28 10 222
12461 29 10 222
12462 30 9 222
12463 32 1 222
12464 31 8 222
12465 33 3 222
12466 34 5 222
12467 35 7 222
12468 36 2 222
12469 38 5 222
12470 37 9 222
12471 39 8 222
12472 40 6 222
12473 41 1 222
12474 42 3 222
12475 43 7 222
12476 44 1 222
12477 46 5 222
12478 45 4 222
12479 47 1 222
12480 48 2 222
12481 50 2 222
12482 49 7 222
12483 51 4 222
12484 52 3 222
12485 54 1 222
12486 53 8 222
12487 55 8 222
12488 56 8 222
12489 57 3 222
12490 58 6 222
12491 59 1 222
12492 60 5 222
12493 61 10 222
12494 62 10 222
12495 63 10 222
12496 64 4 222
12497 65 5 222
12498 66 2 222
12499 68 8 222
12500 67 9 222
12501 69 1 222
12502 70 10 222
12503 71 6 222
12504 72 2 222
12505 73 2 222
12506 74 10 222
12507 75 8 222
12508 76 5 222
12509 77 7 222
12510 78 10 222
12511 79 3 222
12512 82 3 222
12513 80 8 222
12514 81 7 222
12515 83 10 222
12516 84 5 222
12517 85 6 222
12518 87 2 222
12519 88 1 222
12520 86 7 222
12521 89 4 222
12522 90 4 222
12523 91 7 222
12524 92 2 222
12525 93 2 222
12526 95 8 222
12527 96 7 222
12528 94 8 222
12529 97 5 222
12530 98 5 222
12531 100 1 222
12532 99 10 222
12533 102 10 222
12534 101 4 222
12535 103 7 222
12536 104 7 222
12537 105 10 222
TAIL 5 112
POLY 106 222 0 1 3 7 3 4 2 6 4 4 1 6 10 9 3 7 10 7 1 6 9 8 2 4 9 3 4 4 1 1 7 1 3 6 6 7 6 0 3 4 6 4 2 7 7 9 2 6 10 3 3 4 2 4 9 8 4 2 2 8 6 8 0 10 0 1 5 9 5 6 8 7 8 0 6 10 1 9 5 4 6 6 6 5 8 10 8 7 6 5 7 0 4 3 4 0 8 10 2 8 2 6 7 1 7 6 4 0 1 8 10 0 0
POLY 106 222 1 2 10 5 0 4 7 7 6 5 7 1 2 6 9 0 9 2 7 5 7 7 1 2 10 6 1 4 2 4 0 6 5 6 7 6 5 10 9 4 5 9 2 5 10 2 8 4 7 8 7 7 9 5 10 0 0 0 1 2 6 4 3 8 3 6 1 7 9 2 6 4 8 8 4 9 1 0 2 0 5 9 8 3 4 8 0 5 3 9 0 2 10 0 9 0 4 7 8 8 10 0 2 0 2 4 4 9 2 2 7 0 0
POLY 106 222 2 5 10 2 10 7 7 7 4 3 1 8 5 6 2 0 10 3 0 9 3 0 10 3 9 6 0 6 1 5 1 4 3 0 4 0 2 10 10 2 3 5 7 1 7 0 10 5 8 0 4 1 8 2 9 1 2 3 5 10 7 3 5 1 0 8 3 3 6 3 3 7 6 3 1 1 0 8 7 5 6 6 8 8 8 5 10 6 6 8 0 9 10 10 10 3 10 7 10 8 7 10 0 10 6 7 10 0 10 4 9 0 0
POLY 106 222 9 2 9 6 10 7 1 7 5 7 4 1 10 0 10 10 0 9 10 4 6 9 2 2 3 6 4 10 6 0 7 3 2 1 3 9 5 1 2 9 5 9 9 7 6 1 0 1 9 9 6 3 2 10 2 3 5 10 9 0 8 2 2 0 3 8 6 2 8 4 3 9 10 0 9 2 4 1 5 4 3 0 0 8 7 8 3 3 7 8 0 8 3 4 2 8 0 1 5 10 10 4 9 1 8 6 7 2 3 2 7 0 0
POLY 106 222 10 3 7 8 4 6 5 9 6 4 5 2 2 4 5 7 6 8 8 0 1 6 5 7 8 2 9 5 1 0 1 5 10 2 5 2 9 5 1 5 2 6 2 1 2 5 2 2 1 1 10 1 1 1 3 8 4 0 0 1 6 10 10 3 5 6 10 9 2 10 9 7 7 5 3 7 5 0 6 1 0 9 2 5 4 6 4 5 9 3 5 9 2 8 0 1 4 10 5 7 8 2 5 2 2 4 1 0 3 3 1 0 0
POLY 107 222 0 10 2 0 7 9 2 0 10 7 3 5 8 8 10 1 8 5 3 5 2 8 4 10 8 5 6 8 5 7 8 6 8 6 8 1 5 9 3 8 1 3 2 5 6 6 7 4 8 5 7 8 8 2 3 9 1 4 5 10 0 10 2 1 5 5 0 6 7 10 0 6 8 2 1 10 2 7 10 0 7 7 6 1 1 10 10 9 3 9 5 5 3 5 3 5 3 10 2 4 5 5 8 8 4 6 5 1 8 9 3 0 0
POLY 107 222 1 10 7 0 10 0 9 1 0 4 2 2 1 10 1 10 4 8 8 0 0 8 3 4 8 10 4 2 2 1 8 9 10 2 2 5 9 7 0 6 0 9 8 7 0 6 3 7 1 10 9 2 7 2 6 1 5 7 2 6 3 7 7 0 8 4 0 9 2 5 7 3 4 3 1 5 5 8 7 9 2 10 0 7 9 5 10 6 10 5 3 8 7 7 2 10 3 8 3 4 8 9 0 10 7 6 10 5 7 5 1 0 0
POLY 107 222 2 7 10 2 1 1 3 0 10 2 10 10 5 10 10 8 2 1 2 6 8 8 5 2 9 9 2 5 0 9 10 0 10 0 4 8 6 4 9 0 6 3 2 10 10 10 4 6 5 2 8 7 7 7 0 2 10 6 9 7 2 5 4 9 5 7 5 2 10 8 0 8 8 7 1 0 9 0 10 4 9 10 6 9 1 10 8 9 6 4 0 4 1 7 5 3 9 2 0 4 9 10 1 1 8 4 4 1 10 10 6 0 0
POLY 107 222 9 7 9 5 4 4 8 0 10 6 2 0 1 7 0 1 3 5 5 5 3 8 1 10 9 7 7 0 7 0 3 0 8 8 7 2 8 0 2 3 8 0 4 9 7 0 3 7 6 9 3 1 7 4 10 10 7 1 9 4 8 5 0 2 2 5 4 9 4 7 3 8 1 6 7 10 1 0 4 3 7 4 10 5 2 3 0 6 9 0 1 5 9 2 6 4 5 9 6 2 2 0 10 0 10 2 0 8 9 5 1 0 0
POLY 107 222 10 1 1 2 2 8 4 9 1 1 6 6 6 3 10 9 9 3 10 9 8 1 4 3 10 1 7 0 0 9 7 7 1 7 5 1 7 6 7 1 0 5 3 5 10 1 5 3 1 9 1 2 1 6 4 2 9 7 6 0 6 6 2 8 0 6 3 0 4 1 2 7 2 9 9 10 7 4 5 0 5 7 9 3 5 4 8 7 1 9 10 5 8 9 8 2 10 4 1 4 10 4 10 7 3 6 8 0 5 2 8 0 0
POLY 108 222 0 10 10 10 1 9 10 6 2 2 5 8 2 1 5 0 6 0 2 5 9 4 10 0 8 7 0 2 1 2 2 8 1 1 2 8 0 1 1 6 9 1 9 4 2 9 9 2 7 0 9 4 4 9 10 7 8 10 9 10 6 5 6 7 2 1 9 3 1 0 7 0 10 5 6 5 0 10 6 5 4 6 8 5 7 4 8 7 5 1 0 9 4 5 4 5 0 0 8 2 7 10 2 10 0 3 2 4 4 4 3 0 0
POLY 108 222 1 3 7 6 6 5 7 4 3 10 9 1 3 0 1 9 8 1 1 0 4 9 5 7 8 2 7 1 0 8 4 3 10 5 4 9 8 5 2 7 1 6 0 9 6 6 7 3 1 7 8 1 0 10 9 9 2 4 1 6 0 8 8 9 6 3 1 5 10 4 9 1 1 0 4 10 7 6 2 4 0 6 4 10 3 5 4 4 3 1 2 7 3 9 6 8 4 5 10 1 2 4 5 8 4 5 7 2 9 10 1 0 0
POLY 108 222 2 7 6 6 2 10 8 1 1 3 10 0 1 10 6 7 4 8 8 2 2 6 4 0 3 2 0 6 8 6 6 10 7 6 9 6 10 0 3 2 7 2 2 7 9 8 10 2 10 0 2 9 6 3 8 8 9 9 2 1 3 9 3 4 8 7 7 10 8 6 1 5 8 0 8 6 2 7 2 4 3 6 10 9 2 1 9 0 6 8 6 9 1 4 4 9 2 6 3 4 4 7 7 4 1 5 3 9 5 7 6 0 0
POLY 108 222 9 4 6 2 6 2 8 8 1 6 2 10 6 2 0 0 10 8 5 10 7 9 10 1 7 9 3 7 10 4 2 0 2 0 9 7 4 3 1 3 2 5 1 9 2 5 5 7 6 10 1 9 10 2 3 9 2 4 2 2 10 6 5 8 1 3 8 9 3 4 9 4 10 3 9 9 4 5 9 9 1 3 9 0 8 4 6 5 5 2 7 9 5 5 10 9 2 7 9 3 8 5 0 2 7 6 8 9 9 0 1 0 0
POLY 108 222 10 10 0 4 0 6 5 9 3 7 7 7 8 7 7 5 3 9 4 1 9 5 9 10 4 7 2 3 5 2 5 0 3 0 8 1 5 10 10 5 1 4 8 7 10 1 3 2 8 0 3 7 1 2 0 0 1 5 5 2 4 9 4 1 0 9 2 2 2 9 2 2 3 1 9 2 7 8 3 10 2 8 6 3 9 8 9 9 9 9 10 10 2 10 2 5 1 3 2 8 5 6 5 4 7 6 1 2 9 8 8 0 0
POLY 109 222 0 9 5 8 3 7 6 8 10 9 8 2 0 4 2 10 7 2 8 5 9 6 2 10 0 4 1 1 6 5 10 10 10 1 8 8 6 10 4 3 0 9 3 2 1 4 2 5 5 0 0 9 10 6 9 0 3 4 2 4 1 8 10 4 7 2 8 8 2 0 8 6 10 7 7 3 9 6 5 1 10 1 10 7 4 3 7 1 2 4 2 10 5 9 0 8 5 10 1 4 3 7 5 6 0 1 3 5 0 8 10 0 0
POLY 109 222 1 3 1 9 0 8 2 9 9 8 4 6 10 4 1 7 8 0 9 7 8 7 3 2 2 4 7 7 10 0 5 8 6 2 5 6 6 6 6 8 6 7 3 6 4 9 1 8 6 5 8 9 4 5 10 8 6 2 5 0 10 8 5 3 4 3 0 6 9 7 4 1 2 1 1 0 0 2 2 6 9 2 9 6 9 1 3 1 7 2 7 9 0 10 3 1 8 9 5 6 3 4 10 5 9 6 6 6 1 4 3 0 0
POLY 109 222 2 0 0 6 6 3 6 4 10 9 10 4 6 9 8 1 5 5 6 4 6 1 6 5 3 2 1 4 8 0 10 9 1 4 5 3 5 6 6 9 3 9 0 9 8 8 9 7 3 6 1 3 9 5 6 4 2 0 5 0 7 2 5 5 3 2 10 9 0 7 8 4 8 1 5 7 4 3 10 3 6 1 6 9 8 3 2 6 5 4 7 10 1 7 5 7 3 8 8 2 3 7 6 2 1 2 5 5 8 1 5 0 0
POLY 109 222 9 4 6 10 0 2 3 7 6 1 7 8 4 8 2 8 6 10 3 10 2 8 3 4 3 1 7 7 2 1 5 4 8 2 4 6 10 0 7 7 8 7 6 3 6 4 6 5 4 7 4 9 9 8 6 0 4 7 7 10 8 6 6 9 8 1 4 0 1 4 9 5 3 7 9 9 8 8 5 10 4 4 10 8 4 1 9 5 9 1 2 3 10 1 7 6 1 1 2 1 4 3 7 7 6 6 3 4 0 9 4 0 0
POLY 109 222 10 8 9 4 2 0 10 7 2 8 3 1 7 8 4 0 8 5 7 9 8 5 5 6 4 2 5 3 4 3 3 1 0 0 4 2 2 2 8 0 6 5 7 1 5 3 6 8 4 1 10 7 6 0 4 4 9 7 0 7 10 10 5 4 2 6 0 4 10 6 3 4 1 9 9 0 7 10 7 9 10 0 7 2 1 2 8 7 7 10 2 10 4 1 7 0 2 1 8 9 9 6 10 2 2 8 4 8 10 0 0 0 0
POLY 110 222 0 0 3 8 3 8 4 3 9 2 1 3 0 3 1 8 7 3 5 8 3 3 3 10 2 2 0 8 4 1 9 10 9 4 2 7 4 2 2 7 4 2 1 0 4 3 3 10 9 1 5 3 3 4 2 3 9 6 3 0 5 1 2 5 5 1 0 3 5 4 2 7 2 6 10 8 6 9 7 10 6 1 5 10 5 4 3 10 4 1 6 7 9 10 8 6 10 9 9 2 5 6 10 10 7 9 5 7 5 8 5 2 0
POLY 110 222 1 3 4 7 8 10 3 8 4 0 1 10 2 7 5 9 1 8 7 5 9 6 9 9 1 8 1 7 7 9 8 3 4 8 9 1 6 10 9 7 9 8 0 0 7 6 3 10 8 8 2 1 2 8 1 7 1 6 10 5 6 0 4 9 2 7 1 6 9 0 8 1 8 10 1 9 7 3 7 1 5 1 7 6 5 5 3 7 5 10 6 8 10 10 8 3 5 1 9 5 1 7 4 10 5 3 7 5 10 6 10 3 0
POLY 110 222 2 4 7 9 6 0 10 7 0 7 4 5 9 8 8 9 1 0 8 10 5 7 1 10 0 8 7 3 5 7 9 3 9 0 3 6 2 5 2 7 10 6 1 4 8 7 7 6 5 6 6 10 8 6 4 0 4 6 1 5 0 3 2 7 0 1 3 2 3 7 9 7 6 6 7 7 5 7 9 4 0 7 9 5 5 2 1 4 1 9 0 1 6 0 6 9 7 7 10 10 6 9 0 4 6 8 4 2 8 2 2 6 0
POLY 110 222 9 4 8 6 1 2 4 7 2 3 5 4 1 0 8 3 7 5 3 0 3 8 8 5 8 7 8 2 2 3 3 0 2 8 5 6 2 0 8 5 0 8 5 4 7 2 8 8 1 7 5 2 5 9 9 5 1 3 9 3 7 5 4 3 3 7 9 9 2 1 3 6 6 5 9 10 8 1 1 5 1 1 7 4 1 7 1 4 2 1 3 4 0 1 10 0 2 7 0 8 1 7 5 2 5 5 3 10 2 1 2 6 0
POLY 110 222 10 1 1 2 6 4 5 2 6 6 6 5 6 9 4 10 2 4 3 10 0 8 0 1 3 3 6 0 3 5 10 3 0 5 4 6 1 0 3 7 9 10 9 6 4 7 4 4 3 10 5 6 3 8 9 7 2 1 3 10 2 8 3 10 0 10 9 4 6 0 2 10 8 0 1 0 6 2 2 2 6 1 6 5 9 5 10 8 2 5 3 10 4 1 0 3 3 6 7 8 7 1 6 5 5 6 6 3 4 8 10 3 0
POLY 111 222 0 5 0 4 5 2 3 2 3 3 7 0 2 5 0 2 5 5 5 5 8 5 8 6 5 4 5 1 6 10 5 3 10 10 7 8 7 2 5 7 9 10 8 8 6 7 9 5 1 8 10 3 8 4 10 1 0 7 4 6 7 3 8 9 9 8 10 9 9 9 10 2 6 2 6 8 7 6 8 2 0 2 0 4 3 8 0 4 10 3 6 3 9 6 10 2 5 8 0 1 1 7 2 6 7 9 10 6 5 2 10 0 1
POLY 111 222 1 8 2 8 10 1 9 1 2 1 10 0 9 3 5 3 8 6 5 6 7 4 7 8 4 1 10 5 1 4 3 1 4 10 1 6 10 1 10 0 8 9 2 2 1 9 2 9 5 5 2 8 1 4 4 7 9 5 10 6 4 9 8 7 5 7 2 10 10 10 1 4 8 3 8 8 1 10 8 7 5 2 7 7 0 6 4 5 6 7 3 9 1 0 9 3 6 5 4 5 5 5 5 9 7 0 2 7 7 0 6 8 1
POLY 111 222 2 10 9 10 6 3 7 4 0 3 2 4 3 5 0 10 9 6 0 1 7 7 0 4 4 9 8 2 2 6 0 5 8 3 5 10 2 8 0 3 1 1 5 7 6 4 9 0 4 1 8 7 1 8 9 7 8 5 7 9 10 0 6 7 8 7 8 4 2 3 1 2 7 3 8 8 8 4 2 10 5 2 8 6 8 6 7 3 0 4 7 7 7 3 7 1 7 7 8 0 5 6 7 0 8 8 6 6 10 7 9 5 1
POLY 111 222 9 0 1 9 8 3 7 4 6 10 5 10 1 4 7 10 5 10 3 6 10 2 0 6 2 1 7 10 1 8 1 5 1 1 9 8 5 2 7 7 8 3 0 3 5 8 10 0 10 2 6 7 6 8 6 3 3 9 3 2 0 6 5 6 1 3 5 4 3 4 5 3 7 2 7 4 0 6 9 7 10 0 10 5 0 0 8 2 9 4 10 4 8 8 3 7 3 0 3 1 5 3 8 2 4 2 2 3 2 10 0 6 1
POLY 111 222 10 2 3 9 1 8 10 1 2 3 6 4 4 10 1 4 4 0 3 9 10 10 6 10 10 3 7 9 1 1 2 3 4 0 6 5 3 10 0 1 7 3 5 5 3 3 9 10 1 9 6 4 4 0 5 0 4 1 6 8 6 2 3 3 0 5 9 6 9 9 5 3 7 8 10 5 2 10 8 0 7 4 0 8 6 2 0 7 6 6 7 6 6 4 8 3 9 3 6 0 8 6 7 0 6 5 5 1 10 8 3 3 1
weights 223 223 223 223 223 223 223 223 223 223 223 223 223 223 223 223 223 223 223 223 223 223 223 223 223 223 223 223 223 223 223 223 223 223 223 223 223 223 223 223 223 223 223 223 223 223 223 223 223 223 223 223 223 223 223 223 223 223 223 223 223 223 223 223 223 223 223 223 223 223 223 223 223 223 223 223 223 223 223 223 223 223 223 223 223 223 223 223 223 223 223 223 223 223 223 223 223 223 223 223 223 223 223 223 223 223 222 222 222 222 222 222
