condition	point	a	b	pivot	pivot_value	weight_before
0	0	0	0	0	1	0
1	0	0	1	1	1	2
2	0	0	2	2	1	4
3	0	0	3	3	1	6
4	0	0	4	4	1	8
5	0	0	5	5	1	10
6	0	0	6	6	1	12
7	0	0	7	7	1	14
8	0	0	8	8	1	16
9	0	0	9	9	1	18
10	0	0	10	10	1	20
11	0	0	11	11	1	22
12	0	0	12	12	1	24
13	0	0	13	13	1	26
14	0	0	14	14	1	28
15	0	0	15	15	1	30
16	0	0	16	16	1	32
17	0	0	17	17	1	34
18	0	0	18	18	1	36
19	0	0	19	19	1	38
20	0	0	20	20	1	40
21	0	0	21	21	1	42
22	0	0	22	22	1	44
23	0	0	23	23	1	46
24	0	0	24	24	1	48
25	0	0	25	25	1	50
26	0	0	26	26	1	52
27	0	0	27	27	1	54
28	0	0	28	28	1	56
29	0	0	29	29	1	58
30	0	0	30	30	1	60
31	0	0	31	31	1	62
32	0	0	32	32	1	64
33	0	0	33	33	1	66
34	0	0	34	34	1	68
35	0	0	35	35	1	70
36	0	0	36	36	1	72
37	0	0	37	37	1	74
38	0	0	38	38	1	76
39	0	0	39	39	1	78
40	0	0	40	40	1	80
41	0	0	41	41	1	82
42	0	0	42	42	1	84
43	0	0	43	43	1	86
44	0	0	44	44	1	88
45	0	0	45	45	1	90
46	0	0	46	46	1	92
47	0	0	47	47	1	94
48	0	0	48	48	1	96
49	0	0	49	49	1	98
50	0	0	50	50	1	100
51	0	0	51	51	1	102
52	0	0	52	52	1	104
53	0	0	53	53	1	106
54	0	0	54	54	1	108
55	0	0	55	55	1	110
56	0	0	56	56	1	112
57	0	0	57	57	1	114
58	0	0	58	58	1	116
59	0	0	59	59	1	118
60	0	0	60	60	1	120
61	0	0	61	61	1	122
62	0	0	62	62	1	124
63	0	0	63	63	1	126
64	0	0	64	64	1	128
65	0	0	65	65	1	130
66	0	0	66	66	1	132
67	0	0	67	67	1	134
68	0	0	68	68	1	136
69	0	0	69	69	1	138
70	0	0	70	70	1	140
71	0	0	71	71	1	142
72	0	0	72	72	1	144
73	0	0	73	73	1	146
74	0	0	74	74	1	148
75	0	1	0	0	1	1
76	0	1	1	1	1	3
77	0	1	2	2	1	5
78	0	1	3	3	1	7
79	0	1	4	4	1	9
80	0	1	5	5	1	11
81	0	1	6	6	1	13
82	0	1	7	7	1	15
83	0	1	8	8	1	17
84	0	1	9	9	1	19
85	0	1	10	10	1	21
86	0	1	11	11	1	23
87	0	1	12	12	1	25
88	0	1	13	13	1	27
89	0	1	14	14	1	29
90	0	1	15	15	1	31
91	0	1	16	16	1	33
92	0	1	17	17	1	35
93	0	1	18	18	1	37
94	0	1	19	19	1	39
95	0	1	20	20	1	41
96	0	1	21	21	1	43
97	0	1	22	22	1	45
98	0	1	23	23	1	47
99	0	1	24	24	1	49
100	0	1	25	25	1	51
101	0	1	26	26	1	53
102	0	1	27	27	1	55
103	0	1	28	28	1	57
104	0	1	29	29	1	59
105	0	1	30	30	1	61
106	0	1	31	31	1	63
107	0	1	32	32	1	65
108	0	1	33	33	1	67
109	0	1	34	34	1	69
110	0	1	35	35	1	71
111	0	1	36	36	1	73
112	0	1	37	37	1	75
113	0	1	38	38	1	77
114	0	1	39	39	1	79
115	0	1	40	40	1	81
116	0	1	41	41	1	83
117	0	1	42	42	1	85
118	0	1	43	43	1	87
119	0	1	44	44	1	89
120	0	1	45	45	1	91
121	0	1	46	46	1	93
122	0	1	47	47	1	95
123	0	1	48	48	1	97
124	0	1	49	49	1	99
125	0	1	50	50	1	101
126	0	1	51	51	1	103
127	0	1	52	52	1	105
128	0	1	53	53	1	107
129	0	1	54	54	1	109
130	0	1	55	55	1	111
131	0	1	56	56	1	113
132	0	1	57	57	1	115
133	0	1	58	58	1	117
134	0	1	59	59	1	119
135	0	1	60	60	1	121
136	0	1	61	61	1	123
137	0	1	62	62	1	125
138	0	1	63	63	1	127
139	0	1	64	64	1	129
140	0	1	65	65	1	131
141	0	1	66	66	1	133
142	0	1	67	67	1	135
143	0	1	68	68	1	137
144	0	1	69	69	1	139
145	0	1	70	70	1	141
146	0	1	71	71	1	143
147	0	1	72	72	1	145
148	0	1	73	73	1	147
149	0	2	0	0	1	2
150	0	2	1	1	1	4
151	0	2	2	2	1	6
152	0	2	3	3	1	8
153	0	2	4	4	1	10
154	0	2	5	5	1	12
155	0	2	6	6	1	14
156	0	2	7	7	1	16
157	0	2	8	8	1	18
158	0	2	9	9	1	20
159	0	2	10	10	1	22
160	0	2	11	11	1	24
161	0	2	12	12	1	26
162	0	2	13	13	1	28
163	0	2	14	14	1	30
164	0	2	15	15	1	32
165	0	2	16	16	1	34
166	0	2	17	17	1	36
167	0	2	18	18	1	38
168	0	2	19	19	1	40
169	0	2	20	20	1	42
170	0	2	21	21	1	44
171	0	2	22	22	1	46
172	0	2	23	23	1	48
173	0	2	24	24	1	50
174	0	2	25	25	1	52
175	0	2	26	26	1	54
176	0	2	27	27	1	56
177	0	2	28	28	1	58
178	0	2	29	29	1	60
179	0	2	30	30	1	62
180	0	2	31	31	1	64
181	0	2	32	32	1	66
182	0	2	33	33	1	68
183	0	2	34	34	1	70
184	0	2	35	35	1	72
185	0	2	36	36	1	74
186	0	2	37	37	1	76
187	0	2	38	38	1	78
188	0	2	39	39	1	80
189	0	2	40	40	1	82
190	0	2	41	41	1	84
191	0	2	42	42	1	86
192	0	2	43	43	1	88
193	0	2	44	44	1	90
194	0	2	45	45	1	92
195	0	2	46	46	1	94
196	0	2	47	47	1	96
197	0	2	48	48	1	98
198	0	2	49	49	1	100
199	0	2	50	50	1	102
200	0	2	51	51	1	104
201	0	2	52	52	1	106
202	0	2	53	53	1	108
203	0	2	54	54	1	110
204	0	2	55	55	1	112
205	0	2	56	56	1	114
206	0	2	57	57	1	116
207	0	2	58	58	1	118
208	0	2	59	59	1	120
209	0	2	60	60	1	122
210	0	2	61	61	1	124
211	0	2	62	62	1	126
212	0	2	63	63	1	128
213	0	2	64	64	1	130
214	0	2	65	65	1	132
215	0	2	66	66	1	134
216	0	2	67	67	1	136
217	0	2	68	68	1	138
218	0	2	69	69	1	140
219	0	2	70	70	1	142
220	0	2	71	71	1	144
221	0	2	72	72	1	146
222	0	3	0	0	1	3
223	0	3	1	1	1	5
224	0	3	2	2	1	7
225	0	3	3	3	1	9
226	0	3	4	4	1	11
227	0	3	5	5	1	13
228	0	3	6	6	1	15
229	0	3	7	7	1	17
230	0	3	8	8	1	19
231	0	3	9	9	1	21
232	0	3	10	10	1	23
233	0	3	11	11	1	25
234	0	3	12	12	1	27
235	0	3	13	13	1	29
236	0	3	14	14	1	31
237	0	3	15	15	1	33
238	0	3	16	16	1	35
239	0	3	17	17	1	37
240	0	3	18	18	1	39
241	0	3	19	19	1	41
242	0	3	20	20	1	43
243	0	3	21	21	1	45
244	0	3	22	22	1	47
245	0	3	23	23	1	49
246	0	3	24	24	1	51
247	0	3	25	25	1	53
248	0	3	26	26	1	55
249	0	3	27	27	1	57
250	0	3	28	28	1	59
251	0	3	29	29	1	61
252	0	3	30	30	1	63
253	0	3	31	31	1	65
254	0	3	32	32	1	67
255	0	3	33	33	1	69
256	0	3	34	34	1	71
257	0	3	35	35	1	73
258	0	3	36	36	1	75
259	0	3	37	37	1	77
260	0	3	38	38	1	79
261	0	3	39	39	1	81
262	0	3	40	40	1	83
263	0	3	41	41	1	85
264	0	3	42	42	1	87
265	0	3	43	43	1	89
266	0	3	44	44	1	91
267	0	3	45	45	1	93
268	0	3	46	46	1	95
269	0	3	47	47	1	97
270	0	3	48	48	1	99
271	0	3	49	49	1	101
272	0	3	50	50	1	103
273	0	3	51	51	1	105
274	0	3	52	52	1	107
275	0	3	53	53	1	109
276	0	3	54	54	1	111
277	0	3	55	55	1	113
278	0	3	56	56	1	115
279	0	3	57	57	1	117
280	0	3	58	58	1	119
281	0	3	59	59	1	121
282	0	3	60	60	1	123
283	0	3	61	61	1	125
284	0	3	62	62	1	127
285	0	3	63	63	1	129
286	0	3	64	64	1	131
287	0	3	65	65	1	133
288	0	3	66	66	1	135
289	0	3	67	67	1	137
290	0	3	68	68	1	139
291	0	3	69	69	1	141
292	0	3	70	70	1	143
293	0	3	71	71	1	145
294	0	4	0	0	1	4
295	0	4	1	1	1	6
296	0	4	2	2	1	8
297	0	4	3	3	1	10
298	0	4	4	4	1	12
299	0	4	5	5	1	14
300	0	4	6	6	1	16
301	0	4	7	7	1	18
302	0	4	8	8	1	20
303	0	4	9	9	1	22
304	0	4	10	10	1	24
305	0	4	11	11	1	26
306	0	4	12	12	1	28
307	0	4	13	13	1	30
308	0	4	14	14	1	32
309	0	4	15	15	1	34
310	0	4	16	16	1	36
311	0	4	17	17	1	38
312	0	4	18	18	1	40
313	0	4	19	19	1	42
314	0	4	20	20	1	44
315	0	4	21	21	1	46
316	0	4	22	22	1	48
317	0	4	23	23	1	50
318	0	4	24	24	1	52
319	0	4	25	25	1	54
320	0	4	26	26	1	56
321	0	4	27	27	1	58
322	0	4	28	28	1	60
323	0	4	29	29	1	62
324	0	4	30	30	1	64
325	0	4	31	31	1	66
326	0	4	32	32	1	68
327	0	4	33	33	1	70
328	0	4	34	34	1	72
329	0	4	35	35	1	74
330	0	4	36	36	1	76
331	0	4	37	37	1	78
332	0	4	38	38	1	80
333	0	4	39	39	1	82
334	0	4	40	40	1	84
335	0	4	41	41	1	86
336	0	4	42	42	1	88
337	0	4	43	43	1	90
338	0	4	44	44	1	92
339	0	4	45	45	1	94
340	0	4	46	46	1	96
341	0	4	47	47	1	98
342	0	4	48	48	1	100
343	0	4	49	49	1	102
344	0	4	50	50	1	104
345	0	4	51	51	1	106
346	0	4	52	52	1	108
347	0	4	53	53	1	110
348	0	4	54	54	1	112
349	0	4	55	55	1	114
350	0	4	56	56	1	116
351	0	4	57	57	1	118
352	0	4	58	58	1	120
353	0	4	59	59	1	122
354	0	4	60	60	1	124
355	0	4	61	61	1	126
356	0	4	62	62	1	128
357	0	4	63	63	1	130
358	0	4	64	64	1	132
359	0	4	65	65	1	134
360	0	4	66	66	1	136
361	0	4	67	67	1	138
362	0	4	68	68	1	140
363	0	4	69	69	1	142
364	0	4	70	70	1	144
365	0	5	0	0	1	5
366	0	5	1	1	1	7
367	0	5	2	2	1	9
368	0	5	3	3	1	11
369	0	5	4	4	1	13
370	0	5	5	5	1	15
371	0	5	6	6	1	17
372	0	5	7	7	1	19
373	0	5	8	8	1	21
374	0	5	9	9	1	23
375	0	5	10	10	1	25
376	0	5	11	11	1	27
377	0	5	12	12	1	29
378	0	5	13	13	1	31
379	0	5	14	14	1	33
380	0	5	15	15	1	35
381	0	5	16	16	1	37
382	0	5	17	17	1	39
383	0	5	18	18	1	41
384	0	5	19	19	1	43
385	0	5	20	20	1	45
386	0	5	21	21	1	47
387	0	5	22	22	1	49
388	0	5	23	23	1	51
389	0	5	24	24	1	53
390	0	5	25	25	1	55
391	0	5	26	26	1	57
392	0	5	27	27	1	59
393	0	5	28	28	1	61
394	0	5	29	29	1	63
395	0	5	30	30	1	65
396	0	5	31	31	1	67
397	0	5	32	32	1	69
398	0	5	33	33	1	71
399	0	5	34	34	1	73
400	0	5	35	35	1	75
401	0	5	36	36	1	77
402	0	5	37	37	1	79
403	0	5	38	38	1	81
404	0	5	39	39	1	83
405	0	5	40	40	1	85
406	0	5	41	41	1	87
407	0	5	42	42	1	89
408	0	5	43	43	1	91
409	0	5	44	44	1	93
410	0	5	45	45	1	95
411	0	5	46	46	1	97
412	0	5	47	47	1	99
413	0	5	48	48	1	101
414	0	5	49	49	1	103
415	0	5	50	50	1	105
416	0	5	51	51	1	107
417	0	5	52	52	1	109
418	0	5	53	53	1	111
419	0	5	54	54	1	113
420	0	5	55	55	1	115
421	0	5	56	56	1	117
422	0	5	57	57	1	119
423	0	5	58	58	1	121
424	0	5	59	59	1	123
425	0	5	60	60	1	125
426	0	5	61	61	1	127
427	0	5	62	62	1	129
428	0	5	63	63	1	131
429	0	5	64	64	1	133
430	0	5	65	65	1	135
431	0	5	66	66	1	137
432	0	5	67	67	1	139
433	0	5	68	68	1	141
434	0	5	69	69	1	143
435	0	6	0	0	1	6
436	0	6	1	1	1	8
437	0	6	2	2	1	10
438	0	6	3	3	1	12
439	0	6	4	4	1	14
440	0	6	5	5	1	16
441	0	6	6	6	1	18
442	0	6	7	7	1	20
443	0	6	8	8	1	22
444	0	6	9	9	1	24
445	0	6	10	10	1	26
446	0	6	11	11	1	28
447	0	6	12	12	1	30
448	0	6	13	13	1	32
449	0	6	14	14	1	34
450	0	6	15	15	1	36
451	0	6	16	16	1	38
452	0	6	17	17	1	40
453	0	6	18	18	1	42
454	0	6	19	19	1	44
455	0	6	20	20	1	46
456	0	6	21	21	1	48
457	0	6	22	22	1	50
458	0	6	23	23	1	52
459	0	6	24	24	1	54
460	0	6	25	25	1	56
461	0	6	26	26	1	58
462	0	6	27	27	1	60
463	0	6	28	28	1	62
464	0	6	29	29	1	64
465	0	6	30	30	1	66
466	0	6	31	31	1	68
467	0	6	32	32	1	70
468	0	6	33	33	1	72
469	0	6	34	34	1	74
470	0	6	35	35	1	76
471	0	6	36	36	1	78
472	0	6	37	37	1	80
473	0	6	38	38	1	82
474	0	6	39	39	1	84
475	0	6	40	40	1	86
476	0	6	41	41	1	88
477	0	6	42	42	1	90
478	0	6	43	43	1	92
479	0	6	44	44	1	94
480	0	6	45	45	1	96
481	0	6	46	46	1	98
482	0	6	47	47	1	100
483	0	6	48	48	1	102
484	0	6	49	49	1	104
485	0	6	50	50	1	106
486	0	6	51	51	1	108
487	0	6	52	52	1	110
488	0	6	53	53	1	112
489	0	6	54	54	1	114
490	0	6	55	55	1	116
491	0	6	56	56	1	118
492	0	6	57	57	1	120
493	0	6	58	58	1	122
494	0	6	59	59	1	124
495	0	6	60	60	1	126
496	0	6	61	61	1	128
497	0	6	62	62	1	130
498	0	6	63	63	1	132
499	0	6	64	64	1	134
500	0	6	65	65	1	136
501	0	6	66	66	1	138
502	0	6	67	67	1	140
503	0	6	68	68	1	142
504	0	7	0	0	1	7
505	0	7	1	1	1	9
506	0	7	2	2	1	11
507	0	7	3	3	1	13
508	0	7	4	4	1	15
509	0	7	5	5	1	17
510	0	7	6	6	1	19
511	0	7	7	7	1	21
512	0	7	8	8	1	23
513	0	7	9	9	1	25
514	0	7	10	10	1	27
515	0	7	11	11	1	29
516	0	7	12	12	1	31
517	0	7	13	13	1	33
518	0	7	14	14	1	35
519	0	7	15	15	1	37
520	0	7	16	16	1	39
521	0	7	17	17	1	41
522	0	7	18	18	1	43
523	0	7	19	19	1	45
524	0	7	20	20	1	47
525	0	7	21	21	1	49
526	0	7	22	22	1	51
527	0	7	23	23	1	53
528	0	7	24	24	1	55
529	0	7	25	25	1	57
530	0	7	26	26	1	59
531	0	7	27	27	1	61
532	0	7	28	28	1	63
533	0	7	29	29	1	65
534	0	7	30	30	1	67
535	0	7	31	31	1	69
536	0	7	32	32	1	71
537	0	7	33	33	1	73
538	0	7	34	34	1	75
539	0	7	35	35	1	77
540	0	7	36	36	1	79
541	0	7	37	37	1	81
542	0	7	38	38	1	83
543	0	7	39	39	1	85
544	0	7	40	40	1	87
545	0	7	41	41	1	89
546	0	7	42	42	1	91
547	0	7	43	43	1	93
548	0	7	44	44	1	95
549	0	7	45	45	1	97
550	0	7	46	46	1	99
551	0	7	47	47	1	101
552	0	7	48	48	1	103
553	0	7	49	49	1	105
554	0	7	50	50	1	107
555	0	7	51	51	1	109
556	0	7	52	52	1	111
557	0	7	53	53	1	113
558	0	7	54	54	1	115
559	0	7	55	55	1	117
560	0	7	56	56	1	119
561	0	7	57	57	1	121
562	0	7	58	58	1	123
563	0	7	59	59	1	125
564	0	7	60	60	1	127
565	0	7	61	61	1	129
566	0	7	62	62	1	131
567	0	7	63	63	1	133
568	0	7	64	64	1	135
569	0	7	65	65	1	137
570	0	7	66	66	1	139
571	0	7	67	67	1	141
572	0	8	0	0	1	8
573	0	8	1	1	1	10
574	0	8	2	2	1	12
575	0	8	3	3	1	14
576	0	8	4	4	1	16
577	0	8	5	5	1	18
578	0	8	6	6	1	20
579	0	8	7	7	1	22
580	0	8	8	8	1	24
581	0	8	9	9	1	26
582	0	8	10	10	1	28
583	0	8	11	11	1	30
584	0	8	12	12	1	32
585	0	8	13	13	1	34
586	0	8	14	14	1	36
587	0	8	15	15	1	38
588	0	8	16	16	1	40
589	0	8	17	17	1	42
590	0	8	18	18	1	44
591	0	8	19	19	1	46
592	0	8	20	20	1	48
593	0	8	21	21	1	50
594	0	8	22	22	1	52
595	0	8	23	23	1	54
596	0	8	24	24	1	56
597	0	8	25	25	1	58
598	0	8	26	26	1	60
599	0	8	27	27	1	62
600	0	8	28	28	1	64
601	0	8	29	29	1	66
602	0	8	30	30	1	68
603	0	8	31	31	1	70
604	0	8	32	32	1	72
605	0	8	33	33	1	74
606	0	8	34	34	1	76
607	0	8	35	35	1	78
608	0	8	36	36	1	80
609	0	8	37	37	1	82
610	0	8	38	38	1	84
611	0	8	39	39	1	86
612	0	8	40	40	1	88
613	0	8	41	41	1	90
614	0	8	42	42	1	92
615	0	8	43	43	1	94
616	0	8	44	44	1	96
617	0	8	45	45	1	98
618	0	8	46	46	1	100
619	0	8	47	47	1	102
620	0	8	48	48	1	104
621	0	8	49	49	1	106
622	0	8	50	50	1	108
623	0	8	51	51	1	110
624	0	8	52	52	1	112
625	0	8	53	53	1	114
626	0	8	54	54	1	116
627	0	8	55	55	1	118
628	0	8	56	56	1	120
629	0	8	57	57	1	122
630	0	8	58	58	1	124
631	0	8	59	59	1	126
632	0	8	60	60	1	128
633	0	8	61	61	1	130
634	0	8	62	62	1	132
635	0	8	63	63	1	134
636	0	8	64	64	1	136
637	0	8	65	65	1	138
638	0	8	66	66	1	140
639	0	9	0	0	1	9
640	0	9	1	1	1	11
641	0	9	2	2	1	13
642	0	9	3	3	1	15
643	0	9	4	4	1	17
644	0	9	5	5	1	19
645	0	9	6	6	1	21
646	0	9	7	7	1	23
647	0	9	8	8	1	25
648	0	9	9	9	1	27
649	0	9	10	10	1	29
650	0	9	11	11	1	31
651	0	9	12	12	1	33
652	0	9	13	13	1	35
653	0	9	14	14	1	37
654	0	9	15	15	1	39
655	0	9	16	16	1	41
656	0	9	17	17	1	43
657	0	9	18	18	1	45
658	0	9	19	19	1	47
659	0	9	20	20	1	49
660	0	9	21	21	1	51
661	0	9	22	22	1	53
662	0	9	23	23	1	55
663	0	9	24	24	1	57
664	0	9	25	25	1	59
665	0	9	26	26	1	61
666	0	9	27	27	1	63
667	0	9	28	28	1	65
668	0	9	29	29	1	67
669	0	9	30	30	1	69
670	0	9	31	31	1	71
671	0	9	32	32	1	73
672	0	9	33	33	1	75
673	0	9	34	34	1	77
674	0	9	35	35	1	79
675	0	9	36	36	1	81
676	0	9	37	37	1	83
677	0	9	38	38	1	85
678	0	9	39	39	1	87
679	0	9	40	40	1	89
680	0	9	41	41	1	91
681	0	9	42	42	1	93
682	0	9	43	43	1	95
683	0	9	44	44	1	97
684	0	9	45	45	1	99
685	0	9	46	46	1	101
686	0	9	47	47	1	103
687	0	9	48	48	1	105
688	0	9	49	49	1	107
689	0	9	50	50	1	109
690	0	9	51	51	1	111
691	0	9	52	52	1	113
692	0	9	53	53	1	115
693	0	9	54	54	1	117
694	0	9	55	55	1	119
695	0	9	56	56	1	121
696	0	9	57	57	1	123
697	0	9	58	58	1	125
698	0	9	59	59	1	127
699	0	9	60	60	1	129
700	0	9	61	61	1	131
701	0	9	62	62	1	133
702	0	9	63	63	1	135
703	0	9	64	64	1	137
704	0	9	65	65	1	139
705	0	10	0	0	1	10
706	0	10	1	1	1	12
707	0	10	2	2	1	14
708	0	10	3	3	1	16
709	0	10	4	4	1	18
710	0	10	5	5	1	20
711	0	10	6	6	1	22
712	0	10	7	7	1	24
713	0	10	8	8	1	26
714	0	10	9	9	1	28
715	0	10	10	10	1	30
716	0	10	11	11	1	32
717	0	10	12	12	1	34
718	0	10	13	13	1	36
719	0	10	14	14	1	38
720	0	10	15	15	1	40
721	0	10	16	16	1	42
722	0	10	17	17	1	44
723	0	10	18	18	1	46
724	0	10	19	19	1	48
725	0	10	20	20	1	50
726	0	10	21	21	1	52
727	0	10	22	22	1	54
728	0	10	23	23	1	56
729	0	10	24	24	1	58
730	0	10	25	25	1	60
731	0	10	26	26	1	62
732	0	10	27	27	1	64
733	0	10	28	28	1	66
734	0	10	29	29	1	68
735	0	10	30	30	1	70
736	0	10	31	31	1	72
737	0	10	32	32	1	74
738	0	10	33	33	1	76
739	0	10	34	34	1	78
740	0	10	35	35	1	80
741	0	10	36	36	1	82
742	0	10	37	37	1	84
743	0	10	38	38	1	86
744	0	10	39	39	1	88
745	0	10	40	40	1	90
746	0	10	41	41	1	92
747	0	10	42	42	1	94
748	0	10	43	43	1	96
749	0	10	44	44	1	98
750	0	10	45	45	1	100
751	0	10	46	46	1	102
752	0	10	47	47	1	104
753	0	10	48	48	1	106
754	0	10	49	49	1	108
755	0	10	50	50	1	110
756	0	10	51	51	1	112
757	0	10	52	52	1	114
758	0	10	53	53	1	116
759	0	10	54	54	1	118
760	0	10	55	55	1	120
761	0	10	56	56	1	122
762	0	10	57	57	1	124
763	0	10	58	58	1	126
764	0	10	59	59	1	128
765	0	10	60	60	1	130
766	0	10	61	61	1	132
767	0	10	62	62	1	134
768	0	10	63	63	1	136
769	0	10	64	64	1	138
770	0	11	0	0	1	11
771	0	11	1	1	1	13
772	0	11	2	2	1	15
773	0	11	3	3	1	17
774	0	11	4	4	1	19
775	0	11	5	5	1	21
776	0	11	6	6	1	23
777	0	11	7	7	1	25
778	0	11	8	8	1	27
779	0	11	9	9	1	29
780	0	11	10	10	1	31
781	0	11	11	11	1	33
782	0	11	12	12	1	35
783	0	11	13	13	1	37
784	0	11	14	14	1	39
785	0	11	15	15	1	41
786	0	11	16	16	1	43
787	0	11	17	17	1	45
788	0	11	18	18	1	47
789	0	11	19	19	1	49
790	0	11	20	20	1	51
791	0	11	21	21	1	53
792	0	11	22	22	1	55
793	0	11	23	23	1	57
794	0	11	24	24	1	59
795	0	11	25	25	1	61
796	0	11	26	26	1	63
797	0	11	27	27	1	65
798	0	11	28	28	1	67
799	0	11	29	29	1	69
800	0	11	30	30	1	71
801	0	11	31	31	1	73
802	0	11	32	32	1	75
803	0	11	33	33	1	77
804	0	11	34	34	1	79
805	0	11	35	35	1	81
806	0	11	36	36	1	83
807	0	11	37	37	1	85
808	0	11	38	38	1	87
809	0	11	39	39	1	89
810	0	11	40	40	1	91
811	0	11	41	41	1	93
812	0	11	42	42	1	95
813	0	11	43	43	1	97
814	0	11	44	44	1	99
815	0	11	45	45	1	101
816	0	11	46	46	1	103
817	0	11	47	47	1	105
818	0	11	48	48	1	107
819	0	11	49	49	1	109
820	0	11	50	50	1	111
821	0	11	51	51	1	113
822	0	11	52	52	1	115
823	0	11	53	53	1	117
824	0	11	54	54	1	119
825	0	11	55	55	1	121
826	0	11	56	56	1	123
827	0	11	57	57	1	125
828	0	11	58	58	1	127
829	0	11	59	59	1	129
830	0	11	60	60	1	131
831	0	11	61	61	1	133
832	0	11	62	62	1	135
833	0	11	63	63	1	137
834	0	12	0	0	1	12
835	0	12	1	1	1	14
836	0	12	2	2	1	16
837	0	12	3	3	1	18
838	0	12	4	4	1	20
839	0	12	5	5	1	22
840	0	12	6	6	1	24
841	0	12	7	7	1	26
842	0	12	8	8	1	28
843	0	12	9	9	1	30
844	0	12	10	10	1	32
845	0	12	11	11	1	34
846	0	12	12	12	1	36
847	0	12	13	13	1	38
848	0	12	14	14	1	40
849	0	12	15	15	1	42
850	0	12	16	16	1	44
851	0	12	17	17	1	46
852	0	12	18	18	1	48
853	0	12	19	19	1	50
854	0	12	20	20	1	52
855	0	12	21	21	1	54
856	0	12	22	22	1	56
857	0	12	23	23	1	58
858	0	12	24	24	1	60
859	0	12	25	25	1	62
860	0	12	26	26	1	64
861	0	12	27	27	1	66
862	0	12	28	28	1	68
863	0	12	29	29	1	70
864	0	12	30	30	1	72
865	0	12	31	31	1	74
866	0	12	32	32	1	76
867	0	12	33	33	1	78
868	0	12	34	34	1	80
869	0	12	35	35	1	82
870	0	12	36	36	1	84
871	0	12	37	37	1	86
872	0	12	38	38	1	88
873	0	12	39	39	1	90
874	0	12	40	40	1	92
875	0	12	41	41	1	94
876	0	12	42	42	1	96
877	0	12	43	43	1	98
878	0	12	44	44	1	100
879	0	12	45	45	1	102
880	0	12	46	46	1	104
881	0	12	47	47	1	106
882	0	12	48	48	1	108
883	0	12	49	49	1	110
884	0	12	50	50	1	112
885	0	12	51	51	1	114
886	0	12	52	52	1	116
887	0	12	53	53	1	118
888	0	12	54	54	1	120
889	0	12	55	55	1	122
890	0	12	56	56	1	124
891	0	12	57	57	1	126
892	0	12	58	58	1	128
893	0	12	59	59	1	130
894	0	12	60	60	1	132
895	0	12	61	61	1	134
896	0	12	62	62	1	136
897	0	13	0	0	1	13
898	0	13	1	1	1	15
899	0	13	2	2	1	17
900	0	13	3	3	1	19
901	0	13	4	4	1	21
902	0	13	5	5	1	23
903	0	13	6	6	1	25
904	0	13	7	7	1	27
905	0	13	8	8	1	29
906	0	13	9	9	1	31
907	0	13	10	10	1	33
908	0	13	11	11	1	35
909	0	13	12	12	1	37
910	0	13	13	13	1	39
911	0	13	14	14	1	41
912	0	13	15	15	1	43
913	0	13	16	16	1	45
914	0	13	17	17	1	47
915	0	13	18	18	1	49
916	0	13	19	19	1	51
917	0	13	20	20	1	53
918	0	13	21	21	1	55
919	0	13	22	22	1	57
920	0	13	23	23	1	59
921	0	13	24	24	1	61
922	0	13	25	25	1	63
923	0	13	26	26	1	65
924	0	13	27	27	1	67
925	0	13	28	28	1	69
926	0	13	29	29	1	71
927	0	13	30	30	1	73
928	0	13	31	31	1	75
929	0	13	32	32	1	77
930	0	13	33	33	1	79
931	0	13	34	34	1	81
932	0	13	35	35	1	83
933	0	13	36	36	1	85
934	0	13	37	37	1	87
935	0	13	38	38	1	89
936	0	13	39	39	1	91
937	0	13	40	40	1	93
938	0	13	41	41	1	95
939	0	13	42	42	1	97
940	0	13	43	43	1	99
941	0	13	44	44	1	101
942	0	13	45	45	1	103
943	0	13	46	46	1	105
944	0	13	47	47	1	107
945	0	13	48	48	1	109
946	0	13	49	49	1	111
947	0	13	50	50	1	113
948	0	13	51	51	1	115
949	0	13	52	52	1	117
950	0	13	53	53	1	119
951	0	13	54	54	1	121
952	0	13	55	55	1	123
953	0	13	56	56	1	125
954	0	13	57	57	1	127
955	0	13	58	58	1	129
956	0	13	59	59	1	131
957	0	13	60	60	1	133
958	0	13	61	61	1	135
959	0	14	0	0	1	14
960	0	14	1	1	1	16
961	0	14	2	2	1	18
962	0	14	3	3	1	20
963	0	14	4	4	1	22
964	0	14	5	5	1	24
965	0	14	6	6	1	26
966	0	14	7	7	1	28
967	0	14	8	8	1	30
968	0	14	9	9	1	32
969	0	14	10	10	1	34
970	0	14	11	11	1	36
971	0	14	12	12	1	38
972	0	14	13	13	1	40
973	0	14	14	14	1	42
974	0	14	15	15	1	44
975	0	14	16	16	1	46
976	0	14	17	17	1	48
977	0	14	18	18	1	50
978	0	14	19	19	1	52
979	0	14	20	20	1	54
980	0	14	21	21	1	56
981	0	14	22	22	1	58
982	0	14	23	23	1	60
983	0	14	24	24	1	62
984	0	14	25	25	1	64
985	0	14	26	26	1	66
986	0	14	27	27	1	68
987	0	14	28	28	1	70
988	0	14	29	29	1	72
989	0	14	30	30	1	74
990	0	14	31	31	1	76
991	0	14	32	32	1	78
992	0	14	33	33	1	80
993	0	14	34	34	1	82
994	0	14	35	35	1	84
995	0	14	36	36	1	86
996	0	14	37	37	1	88
997	0	14	38	38	1	90
998	0	14	39	39	1	92
999	0	14	40	40	1	94
1000	0	14	41	41	1	96
1001	0	14	42	42	1	98
1002	0	14	43	43	1	100
1003	0	14	44	44	1	102
1004	0	14	45	45	1	104
1005	0	14	46	46	1	106
1006	0	14	47	47	1	108
1007	0	14	48	48	1	110
1008	0	14	49	49	1	112
1009	0	14	50	50	1	114
1010	0	14	51	51	1	116
1011	0	14	52	52	1	118
1012	0	14	53	53	1	120
1013	0	14	54	54	1	122
1014	0	14	55	55	1	124
1015	0	14	56	56	1	126
1016	0	14	57	57	1	128
1017	0	14	58	58	1	130
1018	0	14	59	59	1	132
1019	0	14	60	60	1	134
1020	0	15	0	0	1	15
1021	0	15	1	1	1	17
1022	0	15	2	2	1	19
1023	0	15	3	3	1	21
1024	0	15	4	4	1	23
1025	0	15	5	5	1	25
1026	0	15	6	6	1	27
1027	0	15	7	7	1	29
1028	0	15	8	8	1	31
1029	0	15	9	9	1	33
1030	0	15	10	10	1	35
1031	0	15	11	11	1	37
1032	0	15	12	12	1	39
1033	0	15	13	13	1	41
1034	0	15	14	14	1	43
1035	0	15	15	15	1	45
1036	0	15	16	16	1	47
1037	0	15	17	17	1	49
1038	0	15	18	18	1	51
1039	0	15	19	19	1	53
1040	0	15	20	20	1	55
1041	0	15	21	21	1	57
1042	0	15	22	22	1	59
1043	0	15	23	23	1	61
1044	0	15	24	24	1	63
1045	0	15	25	25	1	65
1046	0	15	26	26	1	67
1047	0	15	27	27	1	69
1048	0	15	28	28	1	71
1049	0	15	29	29	1	73
1050	0	15	30	30	1	75
1051	0	15	31	31	1	77
1052	0	15	32	32	1	79
1053	0	15	33	33	1	81
1054	0	15	34	34	1	83
1055	0	15	35	35	1	85
1056	0	15	36	36	1	87
1057	0	15	37	37	1	89
1058	0	15	38	38	1	91
1059	0	15	39	39	1	93
1060	0	15	40	40	1	95
1061	0	15	41	41	1	97
1062	0	15	42	42	1	99
1063	0	15	43	43	1	101
1064	0	15	44	44	1	103
1065	0	15	45	45	1	105
1066	0	15	46	46	1	107
1067	0	15	47	47	1	109
1068	0	15	48	48	1	111
1069	0	15	49	49	1	113
1070	0	15	50	50	1	115
1071	0	15	51	51	1	117
1072	0	15	52	52	1	119
1073	0	15	53	53	1	121
1074	0	15	54	54	1	123
1075	0	15	55	55	1	125
1076	0	15	56	56	1	127
1077	0	15	57	57	1	129
1078	0	15	58	58	1	131
1079	0	15	59	59	1	133
1080	0	16	0	0	1	16
1081	0	16	1	1	1	18
1082	0	16	2	2	1	20
1083	0	16	3	3	1	22
1084	0	16	4	4	1	24
1085	0	16	5	5	1	26
1086	0	16	6	6	1	28
1087	0	16	7	7	1	30
1088	0	16	8	8	1	32
1089	0	16	9	9	1	34
1090	0	16	10	10	1	36
1091	0	16	11	11	1	38
1092	0	16	12	12	1	40
1093	0	16	13	13	1	42
1094	0	16	14	14	1	44
1095	0	16	15	15	1	46
1096	0	16	16	16	1	48
1097	0	16	17	17	1	50
1098	0	16	18	18	1	52
1099	0	16	19	19	1	54
1100	0	16	20	20	1	56
1101	0	16	21	21	1	58
1102	0	16	22	22	1	60
1103	0	16	23	23	1	62
1104	0	16	24	24	1	64
1105	0	16	25	25	1	66
1106	0	16	26	26	1	68
1107	0	16	27	27	1	70
1108	0	16	28	28	1	72
1109	0	16	29	29	1	74
1110	0	16	30	30	1	76
1111	0	16	31	31	1	78
1112	0	16	32	32	1	80
1113	0	16	33	33	1	82
1114	0	16	34	34	1	84
1115	0	16	35	35	1	86
1116	0	16	36	36	1	88
1117	0	16	37	37	1	90
1118	0	16	38	38	1	92
1119	0	16	39	39	1	94
1120	0	16	40	40	1	96
1121	0	16	41	41	1	98
1122	0	16	42	42	1	100
1123	0	16	43	43	1	102
1124	0	16	44	44	1	104
1125	0	16	45	45	1	106
1126	0	16	46	46	1	108
1127	0	16	47	47	1	110
1128	0	16	48	48	1	112
1129	0	16	49	49	1	114
1130	0	16	50	50	1	116
1131	0	16	51	51	1	118
1132	0	16	52	52	1	120
1133	0	16	53	53	1	122
1134	0	16	54	54	1	124
1135	0	16	55	55	1	126
1136	0	16	56	56	1	128
1137	0	16	57	57	1	130
1138	0	16	58	58	1	132
1139	0	17	0	0	1	17
1140	0	17	1	1	1	19
1141	0	17	2	2	1	21
1142	0	17	3	3	1	23
1143	0	17	4	4	1	25
1144	0	17	5	5	1	27
1145	0	17	6	6	1	29
1146	0	17	7	7	1	31
1147	0	17	8	8	1	33
1148	0	17	9	9	1	35
1149	0	17	10	10	1	37
1150	0	17	11	11	1	39
1151	0	17	12	12	1	41
1152	0	17	13	13	1	43
1153	0	17	14	14	1	45
1154	0	17	15	15	1	47
1155	0	17	16	16	1	49
1156	0	17	17	17	1	51
1157	0	17	18	18	1	53
1158	0	17	19	19	1	55
1159	0	17	20	20	1	57
1160	0	17	21	21	1	59
1161	0	17	22	22	1	61
1162	0	17	23	23	1	63
1163	0	17	24	24	1	65
1164	0	17	25	25	1	67
1165	0	17	26	26	1	69
1166	0	17	27	27	1	71
1167	0	17	28	28	1	73
1168	0	17	29	29	1	75
1169	0	17	30	30	1	77
1170	0	17	31	31	1	79
1171	0	17	32	32	1	81
1172	0	17	33	33	1	83
1173	0	17	34	34	1	85
1174	0	17	35	35	1	87
1175	0	17	36	36	1	89
1176	0	17	37	37	1	91
1177	0	17	38	38	1	93
1178	0	17	39	39	1	95
1179	0	17	40	40	1	97
1180	0	17	41	41	1	99
1181	0	17	42	42	1	101
1182	0	17	43	43	1	103
1183	0	17	44	44	1	105
1184	0	17	45	45	1	107
1185	0	17	46	46	1	109
1186	0	17	47	47	1	111
1187	0	17	48	48	1	113
1188	0	17	49	49	1	115
1189	0	17	50	50	1	117
1190	0	17	51	51	1	119
1191	0	17	52	52	1	121
1192	0	17	53	53	1	123
1193	0	17	54	54	1	125
1194	0	17	55	55	1	127
1195	0	17	56	56	1	129
1196	0	17	57	57	1	131
1197	0	18	0	0	1	18
1198	0	18	1	1	1	20
1199	0	18	2	2	1	22
1200	0	18	3	3	1	24
1201	0	18	4	4	1	26
1202	0	18	5	5	1	28
1203	0	18	6	6	1	30
1204	0	18	7	7	1	32
1205	0	18	8	8	1	34
1206	0	18	9	9	1	36
1207	0	18	10	10	1	38
1208	0	18	11	11	1	40
1209	0	18	12	12	1	42
1210	0	18	13	13	1	44
1211	0	18	14	14	1	46
1212	0	18	15	15	1	48
1213	0	18	16	16	1	50
1214	0	18	17	17	1	52
1215	0	18	18	18	1	54
1216	0	18	19	19	1	56
1217	0	18	20	20	1	58
1218	0	18	21	21	1	60
1219	0	18	22	22	1	62
1220	0	18	23	23	1	64
1221	0	18	24	24	1	66
1222	0	18	25	25	1	68
1223	0	18	26	26	1	70
1224	0	18	27	27	1	72
1225	0	18	28	28	1	74
1226	0	18	29	29	1	76
1227	0	18	30	30	1	78
1228	0	18	31	31	1	80
1229	0	18	32	32	1	82
1230	0	18	33	33	1	84
1231	0	18	34	34	1	86
1232	0	18	35	35	1	88
1233	0	18	36	36	1	90
1234	0	18	37	37	1	92
1235	0	18	38	38	1	94
1236	0	18	39	39	1	96
1237	0	18	40	40	1	98
1238	0	18	41	41	1	100
1239	0	18	42	42	1	102
1240	0	18	43	43	1	104
1241	0	18	44	44	1	106
1242	0	18	45	45	1	108
1243	0	18	46	46	1	110
1244	0	18	47	47	1	112
1245	0	18	48	48	1	114
1246	0	18	49	49	1	116
1247	0	18	50	50	1	118
1248	0	18	51	51	1	120
1249	0	18	52	52	1	122
1250	0	18	53	53	1	124
1251	0	18	54	54	1	126
1252	0	18	55	55	1	128
1253	0	18	56	56	1	130
1254	0	19	0	0	1	19
1255	0	19	1	1	1	21
1256	0	19	2	2	1	23
1257	0	19	3	3	1	25
1258	0	19	4	4	1	27
1259	0	19	5	5	1	29
1260	0	19	6	6	1	31
1261	0	19	7	7	1	33
1262	0	19	8	8	1	35
1263	0	19	9	9	1	37
1264	0	19	10	10	1	39
1265	0	19	11	11	1	41
1266	0	19	12	12	1	43
1267	0	19	13	13	1	45
1268	0	19	14	14	1	47
1269	0	19	15	15	1	49
1270	0	19	16	16	1	51
1271	0	19	17	17	1	53
1272	0	19	18	18	1	55
1273	0	19	19	19	1	57
1274	0	19	20	20	1	59
1275	0	19	21	21	1	61
1276	0	19	22	22	1	63
1277	0	19	23	23	1	65
1278	0	19	24	24	1	67
1279	0	19	25	25	1	69
1280	0	19	26	26	1	71
1281	0	19	27	27	1	73
1282	0	19	28	28	1	75
1283	0	19	29	29	1	77
1284	0	19	30	30	1	79
1285	0	19	31	31	1	81
1286	0	19	32	32	1	83
1287	0	19	33	33	1	85
1288	0	19	34	34	1	87
1289	0	19	35	35	1	89
1290	0	19	36	36	1	91
1291	0	19	37	37	1	93
1292	0	19	38	38	1	95
1293	0	19	39	39	1	97
1294	0	19	40	40	1	99
1295	0	19	41	41	1	101
1296	0	19	42	42	1	103
1297	0	19	43	43	1	105
1298	0	19	44	44	1	107
1299	0	19	45	45	1	109
1300	0	19	46	46	1	111
1301	0	19	47	47	1	113
1302	0	19	48	48	1	115
1303	0	19	49	49	1	117
1304	0	19	50	50	1	119
1305	0	19	51	51	1	121
1306	0	19	52	52	1	123
1307	0	19	53	53	1	125
1308	0	19	54	54	1	127
1309	0	19	55	55	1	129
1310	0	20	0	0	1	20
1311	0	20	1	1	1	22
1312	0	20	2	2	1	24
1313	0	20	3	3	1	26
1314	0	20	4	4	1	28
1315	0	20	5	5	1	30
1316	0	20	6	6	1	32
1317	0	20	7	7	1	34
1318	0	20	8	8	1	36
1319	0	20	9	9	1	38
1320	0	20	10	10	1	40
1321	0	20	11	11	1	42
1322	0	20	12	12	1	44
1323	0	20	13	13	1	46
1324	0	20	14	14	1	48
1325	0	20	15	15	1	50
1326	0	20	16	16	1	52
1327	0	20	17	17	1	54
1328	0	20	18	18	1	56
1329	0	20	19	19	1	58
1330	0	20	20	20	1	60
1331	0	20	21	21	1	62
1332	0	20	22	22	1	64
1333	0	20	23	23	1	66
1334	0	20	24	24	1	68
1335	0	20	25	25	1	70
1336	0	20	26	26	1	72
1337	0	20	27	27	1	74
1338	0	20	28	28	1	76
1339	0	20	29	29	1	78
1340	0	20	30	30	1	80
1341	0	20	31	31	1	82
1342	0	20	32	32	1	84
1343	0	20	33	33	1	86
1344	0	20	34	34	1	88
1345	0	20	35	35	1	90
1346	0	20	36	36	1	92
1347	0	20	37	37	1	94
1348	0	20	38	38	1	96
1349	0	20	39	39	1	98
1350	0	20	40	40	1	100
1351	0	20	41	41	1	102
1352	0	20	42	42	1	104
1353	0	20	43	43	1	106
1354	0	20	44	44	1	108
1355	0	20	45	45	1	110
1356	0	20	46	46	1	112
1357	0	20	47	47	1	114
1358	0	20	48	48	1	116
1359	0	20	49	49	1	118
1360	0	20	50	50	1	120
1361	0	20	51	51	1	122
1362	0	20	52	52	1	124
1363	0	20	53	53	1	126
1364	0	20	54	54	1	128
1365	0	21	0	0	1	21
1366	0	21	1	1	1	23
1367	0	21	2	2	1	25
1368	0	21	3	3	1	27
1369	0	21	4	4	1	29
1370	0	21	5	5	1	31
1371	0	21	6	6	1	33
1372	0	21	7	7	1	35
1373	0	21	8	8	1	37
1374	0	21	9	9	1	39
1375	0	21	10	10	1	41
1376	0	21	11	11	1	43
1377	0	21	12	12	1	45
1378	0	21	13	13	1	47
1379	0	21	14	14	1	49
1380	0	21	15	15	1	51
1381	0	21	16	16	1	53
1382	0	21	17	17	1	55
1383	0	21	18	18	1	57
1384	0	21	19	19	1	59
1385	0	21	20	20	1	61
1386	0	21	21	21	1	63
1387	0	21	22	22	1	65
1388	0	21	23	23	1	67
1389	0	21	24	24	1	69
1390	0	21	25	25	1	71
1391	0	21	26	26	1	73
1392	0	21	27	27	1	75
1393	0	21	28	28	1	77
1394	0	21	29	29	1	79
1395	0	21	30	30	1	81
1396	0	21	31	31	1	83
1397	0	21	32	32	1	85
1398	0	21	33	33	1	87
1399	0	21	34	34	1	89
1400	0	21	35	35	1	91
1401	0	21	36	36	1	93
1402	0	21	37	37	1	95
1403	0	21	38	38	1	97
1404	0	21	39	39	1	99
1405	0	21	40	40	1	101
1406	0	21	41	41	1	103
1407	0	21	42	42	1	105
1408	0	21	43	43	1	107
1409	0	21	44	44	1	109
1410	0	21	45	45	1	111
1411	0	21	46	46	1	113
1412	0	21	47	47	1	115
1413	0	21	48	48	1	117
1414	0	21	49	49	1	119
1415	0	21	50	50	1	121
1416	0	21	51	51	1	123
1417	0	21	52	52	1	125
1418	0	21	53	53	1	127
1419	0	22	0	0	1	22
1420	0	22	1	1	1	24
1421	0	22	2	2	1	26
1422	0	22	3	3	1	28
1423	0	22	4	4	1	30
1424	0	22	5	5	1	32
1425	0	22	6	6	1	34
1426	0	22	7	7	1	36
1427	0	22	8	8	1	38
1428	0	22	9	9	1	40
1429	0	22	10	10	1	42
1430	0	22	11	11	1	44
1431	0	22	12	12	1	46
1432	0	22	13	13	1	48
1433	0	22	14	14	1	50
1434	0	22	15	15	1	52
1435	0	22	16	16	1	54
1436	0	22	17	17	1	56
1437	0	22	18	18	1	58
1438	0	22	19	19	1	60
1439	0	22	20	20	1	62
1440	0	22	21	21	1	64
1441	0	22	22	22	1	66
1442	0	22	23	23	1	68
1443	0	22	24	24	1	70
1444	0	22	25	25	1	72
1445	0	22	26	26	1	74
1446	0	22	27	27	1	76
1447	0	22	28	28	1	78
1448	0	22	29	29	1	80
1449	0	22	30	30	1	82
1450	0	22	31	31	1	84
1451	0	22	32	32	1	86
1452	0	22	33	33	1	88
1453	0	22	34	34	1	90
1454	0	22	35	35	1	92
1455	0	22	36	36	1	94
1456	0	22	37	37	1	96
1457	0	22	38	38	1	98
1458	0	22	39	39	1	100
1459	0	22	40	40	1	102
1460	0	22	41	41	1	104
1461	0	22	42	42	1	106
1462	0	22	43	43	1	108
1463	0	22	44	44	1	110
1464	0	22	45	45	1	112
1465	0	22	46	46	1	114
1466	0	22	47	47	1	116
1467	0	22	48	48	1	118
1468	0	22	49	49	1	120
1469	0	22	50	50	1	122
1470	0	22	51	51	1	124
1471	0	22	52	52	1	126
1472	0	23	0	0	1	23
1473	0	23	1	1	1	25
1474	0	23	2	2	1	27
1475	0	23	3	3	1	29
1476	0	23	4	4	1	31
1477	0	23	5	5	1	33
1478	0	23	6	6	1	35
1479	0	23	7	7	1	37
1480	0	23	8	8	1	39
1481	0	23	9	9	1	41
1482	0	23	10	10	1	43
1483	0	23	11	11	1	45
1484	0	23	12	12	1	47
1485	0	23	13	13	1	49
1486	0	23	14	14	1	51
1487	0	23	15	15	1	53
1488	0	23	16	16	1	55
1489	0	23	17	17	1	57
1490	0	23	18	18	1	59
1491	0	23	19	19	1	61
1492	0	23	20	20	1	63
1493	0	23	21	21	1	65
1494	0	23	22	22	1	67
1495	0	23	23	23	1	69
1496	0	23	24	24	1	71
1497	0	23	25	25	1	73
1498	0	23	26	26	1	75
1499	0	23	27	27	1	77
1500	0	23	28	28	1	79
1501	0	23	29	29	1	81
1502	0	23	30	30	1	83
1503	0	23	31	31	1	85
1504	0	23	32	32	1	87
1505	0	23	33	33	1	89
1506	0	23	34	34	1	91
1507	0	23	35	35	1	93
1508	0	23	36	36	1	95
1509	0	23	37	37	1	97
1510	0	23	38	38	1	99
1511	0	23	39	39	1	101
1512	0	23	40	40	1	103
1513	0	23	41	41	1	105
1514	0	23	42	42	1	107
1515	0	23	43	43	1	109
1516	0	23	44	44	1	111
1517	0	23	45	45	1	113
1518	0	23	46	46	1	115
1519	0	23	47	47	1	117
1520	0	23	48	48	1	119
1521	0	23	49	49	1	121
1522	0	23	50	50	1	123
1523	0	23	51	51	1	125
1524	0	24	0	0	1	24
1525	0	24	1	1	1	26
1526	0	24	2	2	1	28
1527	0	24	3	3	1	30
1528	0	24	4	4	1	32
1529	0	24	5	5	1	34
1530	0	24	6	6	1	36
1531	0	24	7	7	1	38
1532	0	24	8	8	1	40
1533	0	24	9	9	1	42
1534	0	24	10	10	1	44
1535	0	24	11	11	1	46
1536	0	24	12	12	1	48
1537	0	24	13	13	1	50
1538	0	24	14	14	1	52
1539	0	24	15	15	1	54
1540	0	24	16	16	1	56
1541	0	24	17	17	1	58
1542	0	24	18	18	1	60
1543	0	24	19	19	1	62
1544	0	24	20	20	1	64
1545	0	24	21	21	1	66
1546	0	24	22	22	1	68
1547	0	24	23	23	1	70
1548	0	24	24	24	1	72
1549	0	24	25	25	1	74
1550	0	24	26	26	1	76
1551	0	24	27	27	1	78
1552	0	24	28	28	1	80
1553	0	24	29	29	1	82
1554	0	24	30	30	1	84
1555	0	24	31	31	1	86
1556	0	24	32	32	1	88
1557	0	24	33	33	1	90
1558	0	24	34	34	1	92
1559	0	24	35	35	1	94
1560	0	24	36	36	1	96
1561	0	24	37	37	1	98
1562	0	24	38	38	1	100
1563	0	24	39	39	1	102
1564	0	24	40	40	1	104
1565	0	24	41	41	1	106
1566	0	24	42	42	1	108
1567	0	24	43	43	1	110
1568	0	24	44	44	1	112
1569	0	24	45	45	1	114
1570	0	24	46	46	1	116
1571	0	24	47	47	1	118
1572	0	24	48	48	1	120
1573	0	24	49	49	1	122
1574	0	24	50	50	1	124
1575	0	25	0	0	1	25
1576	0	25	1	1	1	27
1577	0	25	2	2	1	29
1578	0	25	3	3	1	31
1579	0	25	4	4	1	33
1580	0	25	5	5	1	35
1581	0	25	6	6	1	37
1582	0	25	7	7	1	39
1583	0	25	8	8	1	41
1584	0	25	9	9	1	43
1585	0	25	10	10	1	45
1586	0	25	11	11	1	47
1587	0	25	12	12	1	49
1588	0	25	13	13	1	51
1589	0	25	14	14	1	53
1590	0	25	15	15	1	55
1591	0	25	16	16	1	57
1592	0	25	17	17	1	59
1593	0	25	18	18	1	61
1594	0	25	19	19	1	63
1595	0	25	20	20	1	65
1596	0	25	21	21	1	67
1597	0	25	22	22	1	69
1598	0	25	23	23	1	71
1599	0	25	24	24	1	73
1600	0	25	25	25	1	75
1601	0	25	26	26	1	77
1602	0	25	27	27	1	79
1603	0	25	28	28	1	81
1604	0	25	29	29	1	83
1605	0	25	30	30	1	85
1606	0	25	31	31	1	87
1607	0	25	32	32	1	89
1608	0	25	33	33	1	91
1609	0	25	34	34	1	93
1610	0	25	35	35	1	95
1611	0	25	36	36	1	97
1612	0	25	37	37	1	99
1613	0	25	38	38	1	101
1614	0	25	39	39	1	103
1615	0	25	40	40	1	105
1616	0	25	41	41	1	107
1617	0	25	42	42	1	109
1618	0	25	43	43	1	111
1619	0	25	44	44	1	113
1620	0	25	45	45	1	115
1621	0	25	46	46	1	117
1622	0	25	47	47	1	119
1623	0	25	48	48	1	121
1624	0	25	49	49	1	123
1625	0	26	0	0	1	26
1626	0	26	1	1	1	28
1627	0	26	2	2	1	30
1628	0	26	3	3	1	32
1629	0	26	4	4	1	34
1630	0	26	5	5	1	36
1631	0	26	6	6	1	38
1632	0	26	7	7	1	40
1633	0	26	8	8	1	42
1634	0	26	9	9	1	44
1635	0	26	10	10	1	46
1636	0	26	11	11	1	48
1637	0	26	12	12	1	50
1638	0	26	13	13	1	52
1639	0	26	14	14	1	54
1640	0	26	15	15	1	56
1641	0	26	16	16	1	58
1642	0	26	17	17	1	60
1643	0	26	18	18	1	62
1644	0	26	19	19	1	64
1645	0	26	20	20	1	66
1646	0	26	21	21	1	68
1647	0	26	22	22	1	70
1648	0	26	23	23	1	72
1649	0	26	24	24	1	74
1650	0	26	25	25	1	76
1651	0	26	26	26	1	78
1652	0	26	27	27	1	80
1653	0	26	28	28	1	82
1654	0	26	29	29	1	84
1655	0	26	30	30	1	86
1656	0	26	31	31	1	88
1657	0	26	32	32	1	90
1658	0	26	33	33	1	92
1659	0	26	34	34	1	94
1660	0	26	35	35	1	96
1661	0	26	36	36	1	98
1662	0	26	37	37	1	100
1663	0	26	38	38	1	102
1664	0	26	39	39	1	104
1665	0	26	40	40	1	106
1666	0	26	41	41	1	108
1667	0	26	42	42	1	110
1668	0	26	43	43	1	112
1669	0	26	44	44	1	114
1670	0	26	45	45	1	116
1671	0	26	46	46	1	118
1672	0	26	47	47	1	120
1673	0	26	48	48	1	122
1674	0	27	0	0	1	27
1675	0	27	1	1	1	29
1676	0	27	2	2	1	31
1677	0	27	3	3	1	33
1678	0	27	4	4	1	35
1679	0	27	5	5	1	37
1680	0	27	6	6	1	39
1681	0	27	7	7	1	41
1682	0	27	8	8	1	43
1683	0	27	9	9	1	45
1684	0	27	10	10	1	47
1685	0	27	11	11	1	49
1686	0	27	12	12	1	51
1687	0	27	13	13	1	53
1688	0	27	14	14	1	55
1689	0	27	15	15	1	57
1690	0	27	16	16	1	59
1691	0	27	17	17	1	61
1692	0	27	18	18	1	63
1693	0	27	19	19	1	65
1694	0	27	20	20	1	67
1695	0	27	21	21	1	69
1696	0	27	22	22	1	71
1697	0	27	23	23	1	73
1698	0	27	24	24	1	75
1699	0	27	25	25	1	77
1700	0	27	26	26	1	79
1701	0	27	27	27	1	81
1702	0	27	28	28	1	83
1703	0	27	29	29	1	85
1704	0	27	30	30	1	87
1705	0	27	31	31	1	89
1706	0	27	32	32	1	91
1707	0	27	33	33	1	93
1708	0	27	34	34	1	95
1709	0	27	35	35	1	97
1710	0	27	36	36	1	99
1711	0	27	37	37	1	101
1712	0	27	38	38	1	103
1713	0	27	39	39	1	105
1714	0	27	40	40	1	107
1715	0	27	41	41	1	109
1716	0	27	42	42	1	111
1717	0	27	43	43	1	113
1718	0	27	44	44	1	115
1719	0	27	45	45	1	117
1720	0	27	46	46	1	119
1721	0	27	47	47	1	121
1722	0	28	0	0	1	28
1723	0	28	1	1	1	30
1724	0	28	2	2	1	32
1725	0	28	3	3	1	34
1726	0	28	4	4	1	36
1727	0	28	5	5	1	38
1728	0	28	6	6	1	40
1729	0	28	7	7	1	42
1730	0	28	8	8	1	44
1731	0	28	9	9	1	46
1732	0	28	10	10	1	48
1733	0	28	11	11	1	50
1734	0	28	12	12	1	52
1735	0	28	13	13	1	54
1736	0	28	14	14	1	56
1737	0	28	15	15	1	58
1738	0	28	16	16	1	60
1739	0	28	17	17	1	62
1740	0	28	18	18	1	64
1741	0	28	19	19	1	66
1742	0	28	20	20	1	68
1743	0	28	21	21	1	70
1744	0	28	22	22	1	72
1745	0	28	23	23	1	74
1746	0	28	24	24	1	76
1747	0	28	25	25	1	78
1748	0	28	26	26	1	80
1749	0	28	27	27	1	82
1750	0	28	28	28	1	84
1751	0	28	29	29	1	86
1752	0	28	30	30	1	88
1753	0	28	31	31	1	90
1754	0	28	32	32	1	92
1755	0	28	33	33	1	94
1756	0	28	34	34	1	96
1757	0	28	35	35	1	98
1758	0	28	36	36	1	100
1759	0	28	37	37	1	102
1760	0	28	38	38	1	104
1761	0	28	39	39	1	106
1762	0	28	40	40	1	108
1763	0	28	41	41	1	110
1764	0	28	42	42	1	112
1765	0	28	43	43	1	114
1766	0	28	44	44	1	116
1767	0	28	45	45	1	118
1768	0	28	46	46	1	120
1769	0	29	0	0	1	29
1770	0	29	1	1	1	31
1771	0	29	2	2	1	33
1772	0	29	3	3	1	35
1773	0	29	4	4	1	37
1774	0	29	5	5	1	39
1775	0	29	6	6	1	41
1776	0	29	7	7	1	43
1777	0	29	8	8	1	45
1778	0	29	9	9	1	47
1779	0	29	10	10	1	49
1780	0	29	11	11	1	51
1781	0	29	12	12	1	53
1782	0	29	13	13	1	55
1783	0	29	14	14	1	57
1784	0	29	15	15	1	59
1785	0	29	16	16	1	61
1786	0	29	17	17	1	63
1787	0	29	18	18	1	65
1788	0	29	19	19	1	67
1789	0	29	20	20	1	69
1790	0	29	21	21	1	71
1791	0	29	22	22	1	73
1792	0	29	23	23	1	75
1793	0	29	24	24	1	77
1794	0	29	25	25	1	79
1795	0	29	26	26	1	81
1796	0	29	27	27	1	83
1797	0	29	28	28	1	85
1798	0	29	29	29	1	87
1799	0	29	30	30	1	89
1800	0	29	31	31	1	91
1801	0	29	32	32	1	93
1802	0	29	33	33	1	95
1803	0	29	34	34	1	97
1804	0	29	35	35	1	99
1805	0	29	36	36	1	101
1806	0	29	37	37	1	103
1807	0	29	38	38	1	105
1808	0	29	39	39	1	107
1809	0	29	40	40	1	109
1810	0	29	41	41	1	111
1811	0	29	42	42	1	113
1812	0	29	43	43	1	115
1813	0	29	44	44	1	117
1814	0	29	45	45	1	119
1815	0	30	0	0	1	30
1816	0	30	1	1	1	32
1817	0	30	2	2	1	34
1818	0	30	3	3	1	36
1819	0	30	4	4	1	38
1820	0	30	5	5	1	40
1821	0	30	6	6	1	42
1822	0	30	7	7	1	44
1823	0	30	8	8	1	46
1824	0	30	9	9	1	48
1825	0	30	10	10	1	50
1826	0	30	11	11	1	52
1827	0	30	12	12	1	54
1828	0	30	13	13	1	56
1829	0	30	14	14	1	58
1830	0	30	15	15	1	60
1831	0	30	16	16	1	62
1832	0	30	17	17	1	64
1833	0	30	18	18	1	66
1834	0	30	19	19	1	68
1835	0	30	20	20	1	70
1836	0	30	21	21	1	72
1837	0	30	22	22	1	74
1838	0	30	23	23	1	76
1839	0	30	24	24	1	78
1840	0	30	25	25	1	80
1841	0	30	26	26	1	82
1842	0	30	27	27	1	84
1843	0	30	28	28	1	86
1844	0	30	29	29	1	88
1845	0	30	30	30	1	90
1846	0	30	31	31	1	92
1847	0	30	32	32	1	94
1848	0	30	33	33	1	96
1849	0	30	34	34	1	98
1850	0	30	35	35	1	100
1851	0	30	36	36	1	102
1852	0	30	37	37	1	104
1853	0	30	38	38	1	106
1854	0	30	39	39	1	108
1855	0	30	40	40	1	110
1856	0	30	41	41	1	112
1857	0	30	42	42	1	114
1858	0	30	43	43	1	116
1859	0	30	44	44	1	118
1860	0	31	0	0	1	31
1861	0	31	1	1	1	33
1862	0	31	2	2	1	35
1863	0	31	3	3	1	37
1864	0	31	4	4	1	39
1865	0	31	5	5	1	41
1866	0	31	6	6	1	43
1867	0	31	7	7	1	45
1868	0	31	8	8	1	47
1869	0	31	9	9	1	49
1870	0	31	10	10	1	51
1871	0	31	11	11	1	53
1872	0	31	12	12	1	55
1873	0	31	13	13	1	57
1874	0	31	14	14	1	59
1875	0	31	15	15	1	61
1876	0	31	16	16	1	63
1877	0	31	17	17	1	65
1878	0	31	18	18	1	67
1879	0	31	19	19	1	69
1880	0	31	20	20	1	71
1881	0	31	21	21	1	73
1882	0	31	22	22	1	75
1883	0	31	23	23	1	77
1884	0	31	24	24	1	79
1885	0	31	25	25	1	81
1886	0	31	26	26	1	83
1887	0	31	27	27	1	85
1888	0	31	28	28	1	87
1889	0	31	29	29	1	89
1890	0	31	30	30	1	91
1891	0	31	31	31	1	93
1892	0	31	32	32	1	95
1893	0	31	33	33	1	97
1894	0	31	34	34	1	99
1895	0	31	35	35	1	101
1896	0	31	36	36	1	103
1897	0	31	37	37	1	105
1898	0	31	38	38	1	107
1899	0	31	39	39	1	109
1900	0	31	40	40	1	111
1901	0	31	41	41	1	113
1902	0	31	42	42	1	115
1903	0	31	43	43	1	117
1904	0	32	0	0	1	32
1905	0	32	1	1	1	34
1906	0	32	2	2	1	36
1907	0	32	3	3	1	38
1908	0	32	4	4	1	40
1909	0	32	5	5	1	42
1910	0	32	6	6	1	44
1911	0	32	7	7	1	46
1912	0	32	8	8	1	48
1913	0	32	9	9	1	50
1914	0	32	10	10	1	52
1915	0	32	11	11	1	54
1916	0	32	12	12	1	56
1917	0	32	13	13	1	58
1918	0	32	14	14	1	60
1919	0	32	15	15	1	62
1920	0	32	16	16	1	64
1921	0	32	17	17	1	66
1922	0	32	18	18	1	68
1923	0	32	19	19	1	70
1924	0	32	20	20	1	72
1925	0	32	21	21	1	74
1926	0	32	22	22	1	76
1927	0	32	23	23	1	78
1928	0	32	24	24	1	80
1929	0	32	25	25	1	82
1930	0	32	26	26	1	84
1931	0	32	27	27	1	86
1932	0	32	28	28	1	88
1933	0	32	29	29	1	90
1934	0	32	30	30	1	92
1935	0	32	31	31	1	94
1936	0	32	32	32	1	96
1937	0	32	33	33	1	98
1938	0	32	34	34	1	100
1939	0	32	35	35	1	102
1940	0	32	36	36	1	104
1941	0	32	37	37	1	106
1942	0	32	38	38	1	108
1943	0	32	39	39	1	110
1944	0	32	40	40	1	112
1945	0	32	41	41	1	114
1946	0	32	42	42	1	116
1947	0	33	0	0	1	33
1948	0	33	1	1	1	35
1949	0	33	2	2	1	37
1950	0	33	3	3	1	39
1951	0	33	4	4	1	41
1952	0	33	5	5	1	43
1953	0	33	6	6	1	45
1954	0	33	7	7	1	47
1955	0	33	8	8	1	49
1956	0	33	9	9	1	51
1957	0	33	10	10	1	53
1958	0	33	11	11	1	55
1959	0	33	12	12	1	57
1960	0	33	13	13	1	59
1961	0	33	14	14	1	61
1962	0	33	15	15	1	63
1963	0	33	16	16	1	65
1964	0	33	17	17	1	67
1965	0	33	18	18	1	69
1966	0	33	19	19	1	71
1967	0	33	20	20	1	73
1968	0	33	21	21	1	75
1969	0	33	22	22	1	77
1970	0	33	23	23	1	79
1971	0	33	24	24	1	81
1972	0	33	25	25	1	83
1973	0	33	26	26	1	85
1974	0	33	27	27	1	87
1975	0	33	28	28	1	89
1976	0	33	29	29	1	91
1977	0	33	30	30	1	93
1978	0	33	31	31	1	95
1979	0	33	32	32	1	97
1980	0	33	33	33	1	99
1981	0	33	34	34	1	101
1982	0	33	35	35	1	103
1983	0	33	36	36	1	105
1984	0	33	37	37	1	107
1985	0	33	38	38	1	109
1986	0	33	39	39	1	111
1987	0	33	40	40	1	113
1988	0	33	41	41	1	115
1989	0	34	0	0	1	34
1990	0	34	1	1	1	36
1991	0	34	2	2	1	38
1992	0	34	3	3	1	40
1993	0	34	4	4	1	42
1994	0	34	5	5	1	44
1995	0	34	6	6	1	46
1996	0	34	7	7	1	48
1997	0	34	8	8	1	50
1998	0	34	9	9	1	52
1999	0	34	10	10	1	54
2000	0	34	11	11	1	56
2001	0	34	12	12	1	58
2002	0	34	13	13	1	60
2003	0	34	14	14	1	62
2004	0	34	15	15	1	64
2005	0	34	16	16	1	66
2006	0	34	17	17	1	68
2007	0	34	18	18	1	70
2008	0	34	19	19	1	72
2009	0	34	20	20	1	74
2010	0	34	21	21	1	76
2011	0	34	22	22	1	78
2012	0	34	23	23	1	80
2013	0	34	24	24	1	82
2014	0	34	25	25	1	84
2015	0	34	26	26	1	86
2016	0	34	27	27	1	88
2017	0	34	28	28	1	90
2018	0	34	29	29	1	92
2019	0	34	30	30	1	94
2020	0	34	31	31	1	96
2021	0	34	32	32	1	98
2022	0	34	33	33	1	100
2023	0	34	34	34	1	102
2024	0	34	35	35	1	104
2025	0	34	36	36	1	106
2026	0	34	37	37	1	108
2027	0	34	38	38	1	110
2028	0	34	39	39	1	112
2029	0	34	40	40	1	114
2030	0	35	0	0	1	35
2031	0	35	1	1	1	37
2032	0	35	2	2	1	39
2033	0	35	3	3	1	41
2034	0	35	4	4	1	43
2035	0	35	5	5	1	45
2036	0	35	6	6	1	47
2037	0	35	7	7	1	49
2038	0	35	8	8	1	51
2039	0	35	9	9	1	53
2040	0	35	10	10	1	55
2041	0	35	11	11	1	57
2042	0	35	12	12	1	59
2043	0	35	13	13	1	61
2044	0	35	14	14	1	63
2045	0	35	15	15	1	65
2046	0	35	16	16	1	67
2047	0	35	17	17	1	69
2048	0	35	18	18	1	71
2049	0	35	19	19	1	73
2050	0	35	20	20	1	75
2051	0	35	21	21	1	77
2052	0	35	22	22	1	79
2053	0	35	23	23	1	81
2054	0	35	24	24	1	83
2055	0	35	25	25	1	85
2056	0	35	26	26	1	87
2057	0	35	27	27	1	89
2058	0	35	28	28	1	91
2059	0	35	29	29	1	93
2060	0	35	30	30	1	95
2061	0	35	31	31	1	97
2062	0	35	32	32	1	99
2063	0	35	33	33	1	101
2064	0	35	34	34	1	103
2065	0	35	35	35	1	105
2066	0	35	36	36	1	107
2067	0	35	37	37	1	109
2068	0	35	38	38	1	111
2069	0	35	39	39	1	113
2070	0	36	0	0	1	36
2071	0	36	1	1	1	38
2072	0	36	2	2	1	40
2073	0	36	3	3	1	42
2074	0	36	4	4	1	44
2075	0	36	5	5	1	46
2076	0	36	6	6	1	48
2077	0	36	7	7	1	50
2078	0	36	8	8	1	52
2079	0	36	9	9	1	54
2080	0	36	10	10	1	56
2081	0	36	11	11	1	58
2082	0	36	12	12	1	60
2083	0	36	13	13	1	62
2084	0	36	14	14	1	64
2085	0	36	15	15	1	66
2086	0	36	16	16	1	68
2087	0	36	17	17	1	70
2088	0	36	18	18	1	72
2089	0	36	19	19	1	74
2090	0	36	20	20	1	76
2091	0	36	21	21	1	78
2092	0	36	22	22	1	80
2093	0	36	23	23	1	82
2094	0	36	24	24	1	84
2095	0	36	25	25	1	86
2096	0	36	26	26	1	88
2097	0	36	27	27	1	90
2098	0	36	28	28	1	92
2099	0	36	29	29	1	94
2100	0	36	30	30	1	96
2101	0	36	31	31	1	98
2102	0	36	32	32	1	100
2103	0	36	33	33	1	102
2104	0	36	34	34	1	104
2105	0	36	35	35	1	106
2106	0	36	36	36	1	108
2107	0	36	37	37	1	110
2108	0	36	38	38	1	112
2109	0	37	0	0	1	37
2110	0	37	1	1	1	39
2111	0	37	2	2	1	41
2112	0	37	3	3	1	43
2113	0	37	4	4	1	45
2114	0	37	5	5	1	47
2115	0	37	6	6	1	49
2116	0	37	7	7	1	51
2117	0	37	8	8	1	53
2118	0	37	9	9	1	55
2119	0	37	10	10	1	57
2120	0	37	11	11	1	59
2121	0	37	12	12	1	61
2122	0	37	13	13	1	63
2123	0	37	14	14	1	65
2124	0	37	15	15	1	67
2125	0	37	16	16	1	69
2126	0	37	17	17	1	71
2127	0	37	18	18	1	73
2128	0	37	19	19	1	75
2129	0	37	20	20	1	77
2130	0	37	21	21	1	79
2131	0	37	22	22	1	81
2132	0	37	23	23	1	83
2133	0	37	24	24	1	85
2134	0	37	25	25	1	87
2135	0	37	26	26	1	89
2136	0	37	27	27	1	91
2137	0	37	28	28	1	93
2138	0	37	29	29	1	95
2139	0	37	30	30	1	97
2140	0	37	31	31	1	99
2141	0	37	32	32	1	101
2142	0	37	33	33	1	103
2143	0	37	34	34	1	105
2144	0	37	35	35	1	107
2145	0	37	36	36	1	109
2146	0	37	37	37	1	111
2147	0	38	0	0	1	38
2148	0	38	1	1	1	40
2149	0	38	2	2	1	42
2150	0	38	3	3	1	44
2151	0	38	4	4	1	46
2152	0	38	5	5	1	48
2153	0	38	6	6	1	50
2154	0	38	7	7	1	52
2155	0	38	8	8	1	54
2156	0	38	9	9	1	56
2157	0	38	10	10	1	58
2158	0	38	11	11	1	60
2159	0	38	12	12	1	62
2160	0	38	13	13	1	64
2161	0	38	14	14	1	66
2162	0	38	15	15	1	68
2163	0	38	16	16	1	70
2164	0	38	17	17	1	72
2165	0	38	18	18	1	74
2166	0	38	19	19	1	76
2167	0	38	20	20	1	78
2168	0	38	21	21	1	80
2169	0	38	22	22	1	82
2170	0	38	23	23	1	84
2171	0	38	24	24	1	86
2172	0	38	25	25	1	88
2173	0	38	26	26	1	90
2174	0	38	27	27	1	92
2175	0	38	28	28	1	94
2176	0	38	29	29	1	96
2177	0	38	30	30	1	98
2178	0	38	31	31	1	100
2179	0	38	32	32	1	102
2180	0	38	33	33	1	104
2181	0	38	34	34	1	106
2182	0	38	35	35	1	108
2183	0	38	36	36	1	110
2184	0	39	0	0	1	39
2185	0	39	1	1	1	41
2186	0	39	2	2	1	43
2187	0	39	3	3	1	45
2188	0	39	4	4	1	47
2189	0	39	5	5	1	49
2190	0	39	6	6	1	51
2191	0	39	7	7	1	53
2192	0	39	8	8	1	55
2193	0	39	9	9	1	57
2194	0	39	10	10	1	59
2195	0	39	11	11	1	61
2196	0	39	12	12	1	63
2197	0	39	13	13	1	65
2198	0	39	14	14	1	67
2199	0	39	15	15	1	69
2200	0	39	16	16	1	71
2201	0	39	17	17	1	73
2202	0	39	18	18	1	75
2203	0	39	19	19	1	77
2204	0	39	20	20	1	79
2205	0	39	21	21	1	81
2206	0	39	22	22	1	83
2207	0	39	23	23	1	85
2208	0	39	24	24	1	87
2209	0	39	25	25	1	89
2210	0	39	26	26	1	91
2211	0	39	27	27	1	93
2212	0	39	28	28	1	95
2213	0	39	29	29	1	97
2214	0	39	30	30	1	99
2215	0	39	31	31	1	101
2216	0	39	32	32	1	103
2217	0	39	33	33	1	105
2218	0	39	34	34	1	107
2219	0	39	35	35	1	109
2220	0	40	0	0	1	40
2221	0	40	1	1	1	42
2222	0	40	2	2	1	44
2223	0	40	3	3	1	46
2224	0	40	4	4	1	48
2225	0	40	5	5	1	50
2226	0	40	6	6	1	52
2227	0	40	7	7	1	54
2228	0	40	8	8	1	56
2229	0	40	9	9	1	58
2230	0	40	10	10	1	60
2231	0	40	11	11	1	62
2232	0	40	12	12	1	64
2233	0	40	13	13	1	66
2234	0	40	14	14	1	68
2235	0	40	15	15	1	70
2236	0	40	16	16	1	72
2237	0	40	17	17	1	74
2238	0	40	18	18	1	76
2239	0	40	19	19	1	78
2240	0	40	20	20	1	80
2241	0	40	21	21	1	82
2242	0	40	22	22	1	84
2243	0	40	23	23	1	86
2244	0	40	24	24	1	88
2245	0	40	25	25	1	90
2246	0	40	26	26	1	92
2247	0	40	27	27	1	94
2248	0	40	28	28	1	96
2249	0	40	29	29	1	98
2250	0	40	30	30	1	100
2251	0	40	31	31	1	102
2252	0	40	32	32	1	104
2253	0	40	33	33	1	106
2254	0	40	34	34	1	108
2255	0	41	0	0	1	41
2256	0	41	1	1	1	43
2257	0	41	2	2	1	45
2258	0	41	3	3	1	47
2259	0	41	4	4	1	49
2260	0	41	5	5	1	51
2261	0	41	6	6	1	53
2262	0	41	7	7	1	55
2263	0	41	8	8	1	57
2264	0	41	9	9	1	59
2265	0	41	10	10	1	61
2266	0	41	11	11	1	63
2267	0	41	12	12	1	65
2268	0	41	13	13	1	67
2269	0	41	14	14	1	69
2270	0	41	15	15	1	71
2271	0	41	16	16	1	73
2272	0	41	17	17	1	75
2273	0	41	18	18	1	77
2274	0	41	19	19	1	79
2275	0	41	20	20	1	81
2276	0	41	21	21	1	83
2277	0	41	22	22	1	85
2278	0	41	23	23	1	87
2279	0	41	24	24	1	89
2280	0	41	25	25	1	91
2281	0	41	26	26	1	93
2282	0	41	27	27	1	95
2283	0	41	28	28	1	97
2284	0	41	29	29	1	99
2285	0	41	30	30	1	101
2286	0	41	31	31	1	103
2287	0	41	32	32	1	105
2288	0	41	33	33	1	107
2289	0	42	0	0	1	42
2290	0	42	1	1	1	44
2291	0	42	2	2	1	46
2292	0	42	3	3	1	48
2293	0	42	4	4	1	50
2294	0	42	5	5	1	52
2295	0	42	6	6	1	54
2296	0	42	7	7	1	56
2297	0	42	8	8	1	58
2298	0	42	9	9	1	60
2299	0	42	10	10	1	62
2300	0	42	11	11	1	64
2301	0	42	12	12	1	66
2302	0	42	13	13	1	68
2303	0	42	14	14	1	70
2304	0	42	15	15	1	72
2305	0	42	16	16	1	74
2306	0	42	17	17	1	76
2307	0	42	18	18	1	78
2308	0	42	19	19	1	80
2309	0	42	20	20	1	82
2310	0	42	21	21	1	84
2311	0	42	22	22	1	86
2312	0	42	23	23	1	88
2313	0	42	24	24	1	90
2314	0	42	25	25	1	92
2315	0	42	26	26	1	94
2316	0	42	27	27	1	96
2317	0	42	28	28	1	98
2318	0	42	29	29	1	100
2319	0	42	30	30	1	102
2320	0	42	31	31	1	104
2321	0	42	32	32	1	106
2322	0	43	0	0	1	43
2323	0	43	1	1	1	45
2324	0	43	2	2	1	47
2325	0	43	3	3	1	49
2326	0	43	4	4	1	51
2327	0	43	5	5	1	53
2328	0	43	6	6	1	55
2329	0	43	7	7	1	57
2330	0	43	8	8	1	59
2331	0	43	9	9	1	61
2332	0	43	10	10	1	63
2333	0	43	11	11	1	65
2334	0	43	12	12	1	67
2335	0	43	13	13	1	69
2336	0	43	14	14	1	71
2337	0	43	15	15	1	73
2338	0	43	16	16	1	75
2339	0	43	17	17	1	77
2340	0	43	18	18	1	79
2341	0	43	19	19	1	81
2342	0	43	20	20	1	83
2343	0	43	21	21	1	85
2344	0	43	22	22	1	87
2345	0	43	23	23	1	89
2346	0	43	24	24	1	91
2347	0	43	25	25	1	93
2348	0	43	26	26	1	95
2349	0	43	27	27	1	97
2350	0	43	28	28	1	99
2351	0	43	29	29	1	101
2352	0	43	30	30	1	103
2353	0	43	31	31	1	105
2354	0	44	0	0	1	44
2355	0	44	1	1	1	46
2356	0	44	2	2	1	48
2357	0	44	3	3	1	50
2358	0	44	4	4	1	52
2359	0	44	5	5	1	54
2360	0	44	6	6	1	56
2361	0	44	7	7	1	58
2362	0	44	8	8	1	60
2363	0	44	9	9	1	62
2364	0	44	10	10	1	64
2365	0	44	11	11	1	66
2366	0	44	12	12	1	68
2367	0	44	13	13	1	70
2368	0	44	14	14	1	72
2369	0	44	15	15	1	74
2370	0	44	16	16	1	76
2371	0	44	17	17	1	78
2372	0	44	18	18	1	80
2373	0	44	19	19	1	82
2374	0	44	20	20	1	84
2375	0	44	21	21	1	86
2376	0	44	22	22	1	88
2377	0	44	23	23	1	90
2378	0	44	24	24	1	92
2379	0	44	25	25	1	94
2380	0	44	26	26	1	96
2381	0	44	27	27	1	98
2382	0	44	28	28	1	100
2383	0	44	29	29	1	102
2384	0	44	30	30	1	104
2385	0	45	0	0	1	45
2386	0	45	1	1	1	47
2387	0	45	2	2	1	49
2388	0	45	3	3	1	51
2389	0	45	4	4	1	53
2390	0	45	5	5	1	55
2391	0	45	6	6	1	57
2392	0	45	7	7	1	59
2393	0	45	8	8	1	61
2394	0	45	9	9	1	63
2395	0	45	10	10	1	65
2396	0	45	11	11	1	67
2397	0	45	12	12	1	69
2398	0	45	13	13	1	71
2399	0	45	14	14	1	73
2400	0	45	15	15	1	75
2401	0	45	16	16	1	77
2402	0	45	17	17	1	79
2403	0	45	18	18	1	81
2404	0	45	19	19	1	83
2405	0	45	20	20	1	85
2406	0	45	21	21	1	87
2407	0	45	22	22	1	89
2408	0	45	23	23	1	91
2409	0	45	24	24	1	93
2410	0	45	25	25	1	95
2411	0	45	26	26	1	97
2412	0	45	27	27	1	99
2413	0	45	28	28	1	101
2414	0	45	29	29	1	103
2415	0	46	0	0	1	46
2416	0	46	1	1	1	48
2417	0	46	2	2	1	50
2418	0	46	3	3	1	52
2419	0	46	4	4	1	54
2420	0	46	5	5	1	56
2421	0	46	6	6	1	58
2422	0	46	7	7	1	60
2423	0	46	8	8	1	62
2424	0	46	9	9	1	64
2425	0	46	10	10	1	66
2426	0	46	11	11	1	68
2427	0	46	12	12	1	70
2428	0	46	13	13	1	72
2429	0	46	14	14	1	74
2430	0	46	15	15	1	76
2431	0	46	16	16	1	78
2432	0	46	17	17	1	80
2433	0	46	18	18	1	82
2434	0	46	19	19	1	84
2435	0	46	20	20	1	86
2436	0	46	21	21	1	88
2437	0	46	22	22	1	90
2438	0	46	23	23	1	92
2439	0	46	24	24	1	94
2440	0	46	25	25	1	96
2441	0	46	26	26	1	98
2442	0	46	27	27	1	100
2443	0	46	28	28	1	102
2444	0	47	0	0	1	47
2445	0	47	1	1	1	49
2446	0	47	2	2	1	51
2447	0	47	3	3	1	53
2448	0	47	4	4	1	55
2449	0	47	5	5	1	57
2450	0	47	6	6	1	59
2451	0	47	7	7	1	61
2452	0	47	8	8	1	63
2453	0	47	9	9	1	65
2454	0	47	10	10	1	67
2455	0	47	11	11	1	69
2456	0	47	12	12	1	71
2457	0	47	13	13	1	73
2458	0	47	14	14	1	75
2459	0	47	15	15	1	77
2460	0	47	16	16	1	79
2461	0	47	17	17	1	81
2462	0	47	18	18	1	83
2463	0	47	19	19	1	85
2464	0	47	20	20	1	87
2465	0	47	21	21	1	89
2466	0	47	22	22	1	91
2467	0	47	23	23	1	93
2468	0	47	24	24	1	95
2469	0	47	25	25	1	97
2470	0	47	26	26	1	99
2471	0	47	27	27	1	101
2472	0	48	0	0	1	48
2473	0	48	1	1	1	50
2474	0	48	2	2	1	52
2475	0	48	3	3	1	54
2476	0	48	4	4	1	56
2477	0	48	5	5	1	58
2478	0	48	6	6	1	60
2479	0	48	7	7	1	62
2480	0	48	8	8	1	64
2481	0	48	9	9	1	66
2482	0	48	10	10	1	68
2483	0	48	11	11	1	70
2484	0	48	12	12	1	72
2485	0	48	13	13	1	74
2486	0	48	14	14	1	76
2487	0	48	15	15	1	78
2488	0	48	16	16	1	80
2489	0	48	17	17	1	82
2490	0	48	18	18	1	84
2491	0	48	19	19	1	86
2492	0	48	20	20	1	88
2493	0	48	21	21	1	90
2494	0	48	22	22	1	92
2495	0	48	23	23	1	94
2496	0	48	24	24	1	96
2497	0	48	25	25	1	98
2498	0	48	26	26	1	100
2499	0	49	0	0	1	49
2500	0	49	1	1	1	51
2501	0	49	2	2	1	53
2502	0	49	3	3	1	55
2503	0	49	4	4	1	57
2504	0	49	5	5	1	59
2505	0	49	6	6	1	61
2506	0	49	7	7	1	63
2507	0	49	8	8	1	65
2508	0	49	9	9	1	67
2509	0	49	10	10	1	69
2510	0	49	11	11	1	71
2511	0	49	12	12	1	73
2512	0	49	13	13	1	75
2513	0	49	14	14	1	77
2514	0	49	15	15	1	79
2515	0	49	16	16	1	81
2516	0	49	17	17	1	83
2517	0	49	18	18	1	85
2518	0	49	19	19	1	87
2519	0	49	20	20	1	89
2520	0	49	21	21	1	91
2521	0	49	22	22	1	93
2522	0	49	23	23	1	95
2523	0	49	24	24	1	97
2524	0	49	25	25	1	99
2525	0	50	0	0	1	50
2526	0	50	1	1	1	52
2527	0	50	2	2	1	54
2528	0	50	3	3	1	56
2529	0	50	4	4	1	58
2530	0	50	5	5	1	60
2531	0	50	6	6	1	62
2532	0	50	7	7	1	64
2533	0	50	8	8	1	66
2534	0	50	9	9	1	68
2535	0	50	10	10	1	70
2536	0	50	11	11	1	72
2537	0	50	12	12	1	74
2538	0	50	13	13	1	76
2539	0	50	14	14	1	78
2540	0	50	15	15	1	80
2541	0	50	16	16	1	82
2542	0	50	17	17	1	84
2543	0	50	18	18	1	86
2544	0	50	19	19	1	88
2545	0	50	20	20	1	90
2546	0	50	21	21	1	92
2547	0	50	22	22	1	94
2548	0	50	23	23	1	96
2549	0	50	24	24	1	98
2550	0	51	0	0	1	51
2551	0	51	1	1	1	53
2552	0	51	2	2	1	55
2553	0	51	3	3	1	57
2554	0	51	4	4	1	59
2555	0	51	5	5	1	61
2556	0	51	6	6	1	63
2557	0	51	7	7	1	65
2558	0	51	8	8	1	67
2559	0	51	9	9	1	69
2560	0	51	10	10	1	71
2561	0	51	11	11	1	73
2562	0	51	12	12	1	75
2563	0	51	13	13	1	77
2564	0	51	14	14	1	79
2565	0	51	15	15	1	81
2566	0	51	16	16	1	83
2567	0	51	17	17	1	85
2568	0	51	18	18	1	87
2569	0	51	19	19	1	89
2570	0	51	20	20	1	91
2571	0	51	21	21	1	93
2572	0	51	22	22	1	95
2573	0	51	23	23	1	97
2574	0	52	0	0	1	52
2575	0	52	1	1	1	54
2576	0	52	2	2	1	56
2577	0	52	3	3	1	58
2578	0	52	4	4	1	60
2579	0	52	5	5	1	62
2580	0	52	6	6	1	64
2581	0	52	7	7	1	66
2582	0	52	8	8	1	68
2583	0	52	9	9	1	70
2584	0	52	10	10	1	72
2585	0	52	11	11	1	74
2586	0	52	12	12	1	76
2587	0	52	13	13	1	78
2588	0	52	14	14	1	80
2589	0	52	15	15	1	82
2590	0	52	16	16	1	84
2591	0	52	17	17	1	86
2592	0	52	18	18	1	88
2593	0	52	19	19	1	90
2594	0	52	20	20	1	92
2595	0	52	21	21	1	94
2596	0	52	22	22	1	96
2597	0	53	0	0	1	53
2598	0	53	1	1	1	55
2599	0	53	2	2	1	57
2600	0	53	3	3	1	59
2601	0	53	4	4	1	61
2602	0	53	5	5	1	63
2603	0	53	6	6	1	65
2604	0	53	7	7	1	67
2605	0	53	8	8	1	69
2606	0	53	9	9	1	71
2607	0	53	10	10	1	73
2608	0	53	11	11	1	75
2609	0	53	12	12	1	77
2610	0	53	13	13	1	79
2611	0	53	14	14	1	81
2612	0	53	15	15	1	83
2613	0	53	16	16	1	85
2614	0	53	17	17	1	87
2615	0	53	18	18	1	89
2616	0	53	19	19	1	91
2617	0	53	20	20	1	93
2618	0	53	21	21	1	95
2619	0	54	0	0	1	54
2620	0	54	1	1	1	56
2621	0	54	2	2	1	58
2622	0	54	3	3	1	60
2623	0	54	4	4	1	62
2624	0	54	5	5	1	64
2625	0	54	6	6	1	66
2626	0	54	7	7	1	68
2627	0	54	8	8	1	70
2628	0	54	9	9	1	72
2629	0	54	10	10	1	74
2630	0	54	11	11	1	76
2631	0	54	12	12	1	78
2632	0	54	13	13	1	80
2633	0	54	14	14	1	82
2634	0	54	15	15	1	84
2635	0	54	16	16	1	86
2636	0	54	17	17	1	88
2637	0	54	18	18	1	90
2638	0	54	19	19	1	92
2639	0	54	20	20	1	94
2640	0	55	0	0	1	55
2641	0	55	1	1	1	57
2642	0	55	2	2	1	59
2643	0	55	3	3	1	61
2644	0	55	4	4	1	63
2645	0	55	5	5	1	65
2646	0	55	6	6	1	67
2647	0	55	7	7	1	69
2648	0	55	8	8	1	71
2649	0	55	9	9	1	73
2650	0	55	10	10	1	75
2651	0	55	11	11	1	77
2652	0	55	12	12	1	79
2653	0	55	13	13	1	81
2654	0	55	14	14	1	83
2655	0	55	15	15	1	85
2656	0	55	16	16	1	87
2657	0	55	17	17	1	89
2658	0	55	18	18	1	91
2659	0	55	19	19	1	93
2660	0	56	0	0	1	56
2661	0	56	1	1	1	58
2662	0	56	2	2	1	60
2663	0	56	3	3	1	62
2664	0	56	4	4	1	64
2665	0	56	5	5	1	66
2666	0	56	6	6	1	68
2667	0	56	7	7	1	70
2668	0	56	8	8	1	72
2669	0	56	9	9	1	74
2670	0	56	10	10	1	76
2671	0	56	11	11	1	78
2672	0	56	12	12	1	80
2673	0	56	13	13	1	82
2674	0	56	14	14	1	84
2675	0	56	15	15	1	86
2676	0	56	16	16	1	88
2677	0	56	17	17	1	90
2678	0	56	18	18	1	92
2679	0	57	0	0	1	57
2680	0	57	1	1	1	59
2681	0	57	2	2	1	61
2682	0	57	3	3	1	63
2683	0	57	4	4	1	65
2684	0	57	5	5	1	67
2685	0	57	6	6	1	69
2686	0	57	7	7	1	71
2687	0	57	8	8	1	73
2688	0	57	9	9	1	75
2689	0	57	10	10	1	77
2690	0	57	11	11	1	79
2691	0	57	12	12	1	81
2692	0	57	13	13	1	83
2693	0	57	14	14	1	85
2694	0	57	15	15	1	87
2695	0	57	16	16	1	89
2696	0	57	17	17	1	91
2697	0	58	0	0	1	58
2698	0	58	1	1	1	60
2699	0	58	2	2	1	62
2700	0	58	3	3	1	64
2701	0	58	4	4	1	66
2702	0	58	5	5	1	68
2703	0	58	6	6	1	70
2704	0	58	7	7	1	72
2705	0	58	8	8	1	74
2706	0	58	9	9	1	76
2707	0	58	10	10	1	78
2708	0	58	11	11	1	80
2709	0	58	12	12	1	82
2710	0	58	13	13	1	84
2711	0	58	14	14	1	86
2712	0	58	15	15	1	88
2713	0	58	16	16	1	90
2714	0	59	0	0	1	59
2715	0	59	1	1	1	61
2716	0	59	2	2	1	63
2717	0	59	3	3	1	65
2718	0	59	4	4	1	67
2719	0	59	5	5	1	69
2720	0	59	6	6	1	71
2721	0	59	7	7	1	73
2722	0	59	8	8	1	75
2723	0	59	9	9	1	77
2724	0	59	10	10	1	79
2725	0	59	11	11	1	81
2726	0	59	12	12	1	83
2727	0	59	13	13	1	85
2728	0	59	14	14	1	87
2729	0	59	15	15	1	89
2730	0	60	0	0	1	60
2731	0	60	1	1	1	62
2732	0	60	2	2	1	64
2733	0	60	3	3	1	66
2734	0	60	4	4	1	68
2735	0	60	5	5	1	70
2736	0	60	6	6	1	72
2737	0	60	7	7	1	74
2738	0	60	8	8	1	76
2739	0	60	9	9	1	78
2740	0	60	10	10	1	80
2741	0	60	11	11	1	82
2742	0	60	12	12	1	84
2743	0	60	13	13	1	86
2744	0	60	14	14	1	88
2745	0	61	0	0	1	61
2746	0	61	1	1	1	63
2747	0	61	2	2	1	65
2748	0	61	3	3	1	67
2749	0	61	4	4	1	69
2750	0	61	5	5	1	71
2751	0	61	6	6	1	73
2752	0	61	7	7	1	75
2753	0	61	8	8	1	77
2754	0	61	9	9	1	79
2755	0	61	10	10	1	81
2756	0	61	11	11	1	83
2757	0	61	12	12	1	85
2758	0	61	13	13	1	87
2759	0	62	0	0	1	62
2760	0	62	1	1	1	64
2761	0	62	2	2	1	66
2762	0	62	3	3	1	68
2763	0	62	4	4	1	70
2764	0	62	5	5	1	72
2765	0	62	6	6	1	74
2766	0	62	7	7	1	76
2767	0	62	8	8	1	78
2768	0	62	9	9	1	80
2769	0	62	10	10	1	82
2770	0	62	11	11	1	84
2771	0	62	12	12	1	86
2772	0	63	0	0	1	63
2773	0	63	1	1	1	65
2774	0	63	2	2	1	67
2775	0	63	3	3	1	69
2776	0	63	4	4	1	71
2777	0	63	5	5	1	73
2778	0	63	6	6	1	75
2779	0	63	7	7	1	77
2780	0	63	8	8	1	79
2781	0	63	9	9	1	81
2782	0	63	10	10	1	83
2783	0	63	11	11	1	85
2784	0	64	0	0	1	64
2785	0	64	1	1	1	66
2786	0	64	2	2	1	68
2787	0	64	3	3	1	70
2788	0	64	4	4	1	72
2789	0	64	5	5	1	74
2790	0	64	6	6	1	76
2791	0	64	7	7	1	78
2792	0	64	8	8	1	80
2793	0	64	9	9	1	82
2794	0	64	10	10	1	84
2795	0	65	0	0	1	65
2796	0	65	1	1	1	67
2797	0	65	2	2	1	69
2798	0	65	3	3	1	71
2799	0	65	4	4	1	73
2800	0	65	5	5	1	75
2801	0	65	6	6	1	77
2802	0	65	7	7	1	79
2803	0	65	8	8	1	81
2804	0	65	9	9	1	83
2805	0	66	0	0	1	66
2806	0	66	1	1	1	68
2807	0	66	2	2	1	70
2808	0	66	3	3	1	72
2809	0	66	4	4	1	74
2810	0	66	5	5	1	76
2811	0	66	6	6	1	78
2812	0	66	7	7	1	80
2813	0	66	8	8	1	82
2814	0	67	0	0	1	67
2815	0	67	1	1	1	69
2816	0	67	2	2	1	71
2817	0	67	3	3	1	73
2818	0	67	4	4	1	75
2819	0	67	5	5	1	77
2820	0	67	6	6	1	79
2821	0	67	7	7	1	81
2822	0	68	0	0	1	68
2823	0	68	1	1	1	70
2824	0	68	2	2	1	72
2825	0	68	3	3	1	74
2826	0	68	4	4	1	76
2827	0	68	5	5	1	78
2828	0	68	6	6	1	80
2829	0	69	0	0	1	69
2830	0	69	1	1	1	71
2831	0	69	2	2	1	73
2832	0	69	3	3	1	75
2833	0	69	4	4	1	77
2834	0	69	5	5	1	79
2835	0	70	0	0	1	70
2836	0	70	1	1	1	72
2837	0	70	2	2	1	74
2838	0	70	3	3	1	76
2839	0	70	4	4	1	78
2840	0	71	0	0	1	71
2841	0	71	1	1	1	73
2842	0	71	2	2	1	75
2843	0	71	3	3	1	77
2844	0	72	0	0	1	72
2845	0	72	1	1	1	74
2846	0	72	2	2	1	76
2847	0	73	0	0	1	73
2848	0	73	1	1	1	75
2849	0	74	0	0	1	74
2850	1	0	0	75	249	150
2851	1	0	1	76	249	152
2852	1	0	2	77	249	154
2853	1	0	3	78	249	156
2854	1	0	4	79	249	158
2855	1	0	5	80	249	160
2856	1	0	6	81	249	162
2857	1	0	7	82	249	164
2858	1	0	8	83	249	166
2859	1	0	9	84	249	168
2860	1	0	10	85	249	170
2861	1	0	11	86	249	172
2862	1	0	12	87	249	174
2863	1	0	13	88	249	176
2864	1	0	14	89	249	178
2865	1	0	15	90	249	180
2866	1	0	16	91	249	182
2867	1	0	17	92	249	184
2868	1	0	18	93	249	186
2869	1	0	19	94	249	188
2870	1	0	20	95	249	190
2871	1	0	21	96	249	192
2872	1	0	22	97	249	194
2873	1	0	23	98	249	196
2874	1	0	24	99	249	198
2875	1	0	25	100	249	200
2876	1	0	26	101	249	202
2877	1	0	27	102	249	204
2878	1	0	28	103	249	206
2879	1	0	29	104	249	208
2880	1	0	30	105	249	210
2881	1	0	31	106	249	212
2882	1	0	32	107	249	214
2883	1	0	33	108	249	216
2884	1	0	34	109	249	218
2885	1	0	35	110	249	220
2886	1	0	36	111	249	222
2887	1	0	37	112	249	224
2888	1	0	38	113	249	226
2889	1	0	39	114	249	228
2890	1	0	40	115	249	230
2891	1	0	41	116	249	232
2892	1	0	42	117	249	234
2893	1	0	43	118	249	236
2894	1	0	44	119	249	238
2895	1	0	45	120	249	240
2896	1	0	46	121	249	242
2897	1	0	47	122	249	244
2898	1	0	48	123	249	246
2899	1	0	49	124	249	248
2900	1	0	50	125	249	250
2901	1	0	51	126	249	252
2902	1	0	52	127	249	254
2903	1	0	53	128	249	256
2904	1	0	54	129	249	258
2905	1	0	55	130	249	260
2906	1	0	56	131	249	262
2907	1	0	57	132	249	264
2908	1	0	58	133	249	266
2909	1	0	59	134	249	268
2910	1	0	60	135	249	270
2911	1	0	61	136	249	272
2912	1	0	62	137	249	274
2913	1	0	63	138	249	276
2914	1	0	64	139	249	278
2915	1	0	65	140	249	280
2916	1	0	66	141	249	282
2917	1	0	67	142	249	284
2918	1	0	68	143	249	286
2919	1	0	69	144	249	288
2920	1	0	70	145	249	290
2921	1	0	71	146	249	292
2922	1	1	0	74	253	149
2923	1	1	1	75	253	151
2924	1	1	2	76	253	153
2925	1	1	3	77	253	155
2926	1	1	4	78	253	157
2927	1	1	5	79	253	159
2928	1	1	6	80	253	161
2929	1	1	7	81	253	163
2930	1	1	8	82	253	165
2931	1	1	9	83	253	167
2932	1	1	10	84	253	169
2933	1	1	11	85	253	171
2934	1	1	12	86	253	173
2935	1	1	13	87	253	175
2936	1	1	14	88	253	177
2937	1	1	15	89	253	179
2938	1	1	16	90	253	181
2939	1	1	17	91	253	183
2940	1	1	18	92	253	185
2941	1	1	19	93	253	187
2942	1	1	20	94	253	189
2943	1	1	21	95	253	191
2944	1	1	22	96	253	193
2945	1	1	23	97	253	195
2946	1	1	24	98	253	197
2947	1	1	25	99	253	199
2948	1	1	26	100	253	201
2949	1	1	27	101	253	203
2950	1	1	28	102	253	205
2951	1	1	29	103	253	207
2952	1	1	30	104	253	209
2953	1	1	31	105	253	211
2954	1	1	32	106	253	213
2955	1	1	33	107	253	215
2956	1	1	34	108	253	217
2957	1	1	35	109	253	219
2958	1	1	36	110	253	221
2959	1	1	37	111	253	223
2960	1	1	38	112	253	225
2961	1	1	39	113	253	227
2962	1	1	40	114	253	229
2963	1	1	41	115	253	231
2964	1	1	42	116	253	233
2965	1	1	43	117	253	235
2966	1	1	44	118	253	237
2967	1	1	45	119	253	239
2968	1	1	46	120	253	241
2969	1	1	47	121	253	243
2970	1	1	48	122	253	245
2971	1	1	49	123	253	247
2972	1	1	50	124	253	249
2973	1	1	51	125	253	251
2974	1	1	52	126	253	253
2975	1	1	53	127	253	255
2976	1	1	54	128	253	257
2977	1	1	55	129	253	259
2978	1	1	56	130	253	261
2979	1	1	57	131	253	263
2980	1	1	58	132	253	265
2981	1	1	59	133	253	267
2982	1	1	60	134	253	269
2983	1	1	61	135	253	271
2984	1	1	62	136	253	273
2985	1	1	63	137	253	275
2986	1	1	64	138	253	277
2987	1	1	65	139	253	279
2988	1	1	66	140	253	281
2989	1	1	67	141	253	283
2990	1	1	68	142	253	285
2991	1	1	69	143	253	287
2992	1	1	70	144	253	289
2993	1	2	0	73	255	148
2994	1	2	1	74	255	150
2995	1	2	2	75	255	152
2996	1	2	3	76	255	154
2997	1	2	4	77	255	156
2998	1	2	5	78	255	158
2999	1	2	6	79	255	160
3000	1	2	7	80	255	162
3001	1	2	8	81	255	164
3002	1	2	9	82	255	166
3003	1	2	10	83	255	168
3004	1	2	11	84	255	170
3005	1	2	12	85	255	172
3006	1	2	13	86	255	174
3007	1	2	14	87	255	176
3008	1	2	15	88	255	178
3009	1	2	16	89	255	180
3010	1	2	17	90	255	182
3011	1	2	18	91	255	184
3012	1	2	19	92	255	186
3013	1	2	20	93	255	188
3014	1	2	21	94	255	190
3015	1	2	22	95	255	192
3016	1	2	23	96	255	194
3017	1	2	24	97	255	196
3018	1	2	25	98	255	198
3019	1	2	26	99	255	200
3020	1	2	27	100	255	202
3021	1	2	28	101	255	204
3022	1	2	29	102	255	206
3023	1	2	30	103	255	208
3024	1	2	31	104	255	210
3025	1	2	32	105	255	212
3026	1	2	33	106	255	214
3027	1	2	34	107	255	216
3028	1	2	35	108	255	218
3029	1	2	36	109	255	220
3030	1	2	37	110	255	222
3031	1	2	38	111	255	224
3032	1	2	39	112	255	226
3033	1	2	40	113	255	228
3034	1	2	41	114	255	230
3035	1	2	42	115	255	232
3036	1	2	43	116	255	234
3037	1	2	44	117	255	236
3038	1	2	45	118	255	238
3039	1	2	46	119	255	240
3040	1	2	47	120	255	242
3041	1	2	48	121	255	244
3042	1	2	49	122	255	246
3043	1	2	50	123	255	248
3044	1	2	51	124	255	250
3045	1	2	52	125	255	252
3046	1	2	53	126	255	254
3047	1	2	54	127	255	256
3048	1	2	55	128	255	258
3049	1	2	56	129	255	260
3050	1	2	57	130	255	262
3051	1	2	58	131	255	264
3052	1	2	59	132	255	266
3053	1	2	60	133	255	268
3054	1	2	61	134	255	270
3055	1	2	62	135	255	272
3056	1	2	63	136	255	274
3057	1	2	64	137	255	276
3058	1	2	65	138	255	278
3059	1	2	66	139	255	280
3060	1	2	67	140	255	282
3061	1	2	68	141	255	284
3062	1	2	69	142	255	286
3063	1	3	0	72	256	147
3064	1	3	1	73	256	149
3065	1	3	2	74	256	151
3066	1	3	3	75	256	153
3067	1	3	4	76	256	155
3068	1	3	5	77	256	157
3069	1	3	6	78	256	159
3070	1	3	7	79	256	161
3071	1	3	8	80	256	163
3072	1	3	9	81	256	165
3073	1	3	10	82	256	167
3074	1	3	11	83	256	169
3075	1	3	12	84	256	171
3076	1	3	13	85	256	173
3077	1	3	14	86	256	175
3078	1	3	15	87	256	177
3079	1	3	16	88	256	179
3080	1	3	17	89	256	181
3081	1	3	18	90	256	183
3082	1	3	19	91	256	185
3083	1	3	20	92	256	187
3084	1	3	21	93	256	189
3085	1	3	22	94	256	191
3086	1	3	23	95	256	193
3087	1	3	24	96	256	195
3088	1	3	25	97	256	197
3089	1	3	26	98	256	199
3090	1	3	27	99	256	201
3091	1	3	28	100	256	203
3092	1	3	29	101	256	205
3093	1	3	30	102	256	207
3094	1	3	31	103	256	209
3095	1	3	32	104	256	211
3096	1	3	33	105	256	213
3097	1	3	34	106	256	215
3098	1	3	35	107	256	217
3099	1	3	36	108	256	219
3100	1	3	37	109	256	221
3101	1	3	38	110	256	223
3102	1	3	39	111	256	225
3103	1	3	40	112	256	227
3104	1	3	41	113	256	229
3105	1	3	42	114	256	231
3106	1	3	43	115	256	233
3107	1	3	44	116	256	235
3108	1	3	45	117	256	237
3109	1	3	46	118	256	239
3110	1	3	47	119	256	241
3111	1	3	48	120	256	243
3112	1	3	49	121	256	245
3113	1	3	50	122	256	247
3114	1	3	51	123	256	249
3115	1	3	52	124	256	251
3116	1	3	53	125	256	253
3117	1	3	54	126	256	255
3118	1	3	55	127	256	257
3119	1	3	56	128	256	259
3120	1	3	57	129	256	261
3121	1	3	58	130	256	263
3122	1	3	59	131	256	265
3123	1	3	60	132	256	267
3124	1	3	61	133	256	269
3125	1	3	62	134	256	271
3126	1	3	63	135	256	273
3127	1	3	64	136	256	275
3128	1	3	65	137	256	277
3129	1	3	66	138	256	279
3130	1	3	67	139	256	281
3131	1	3	68	140	256	283
3132	1	4	0	71	128	146
3133	1	4	1	72	128	148
3134	1	4	2	73	128	150
3135	1	4	3	74	128	152
3136	1	4	4	75	128	154
3137	1	4	5	76	128	156
3138	1	4	6	77	128	158
3139	1	4	7	78	128	160
3140	1	4	8	79	128	162
3141	1	4	9	80	128	164
3142	1	4	10	81	128	166
3143	1	4	11	82	128	168
3144	1	4	12	83	128	170
3145	1	4	13	84	128	172
3146	1	4	14	85	128	174
3147	1	4	15	86	128	176
3148	1	4	16	87	128	178
3149	1	4	17	88	128	180
3150	1	4	18	89	128	182
3151	1	4	19	90	128	184
3152	1	4	20	91	128	186
3153	1	4	21	92	128	188
3154	1	4	22	93	128	190
3155	1	4	23	94	128	192
3156	1	4	24	95	128	194
3157	1	4	25	96	128	196
3158	1	4	26	97	128	198
3159	1	4	27	98	128	200
3160	1	4	28	99	128	202
3161	1	4	29	100	128	204
3162	1	4	30	101	128	206
3163	1	4	31	102	128	208
3164	1	4	32	103	128	210
3165	1	4	33	104	128	212
3166	1	4	34	105	128	214
3167	1	4	35	106	128	216
3168	1	4	36	107	128	218
3169	1	4	37	108	128	220
3170	1	4	38	109	128	222
3171	1	4	39	110	128	224
3172	1	4	40	111	128	226
3173	1	4	41	112	128	228
3174	1	4	42	113	128	230
3175	1	4	43	114	128	232
3176	1	4	44	115	128	234
3177	1	4	45	116	128	236
3178	1	4	46	117	128	238
3179	1	4	47	118	128	240
3180	1	4	48	119	128	242
3181	1	4	49	120	128	244
3182	1	4	50	121	128	246
3183	1	4	51	122	128	248
3184	1	4	52	123	128	250
3185	1	4	53	124	128	252
3186	1	4	54	125	128	254
3187	1	4	55	126	128	256
3188	1	4	56	127	128	258
3189	1	4	57	128	128	260
3190	1	4	58	129	128	262
3191	1	4	59	130	128	264
3192	1	4	60	131	128	266
3193	1	4	61	132	128	268
3194	1	4	62	133	128	270
3195	1	4	63	134	128	272
3196	1	4	64	135	128	274
3197	1	4	65	136	128	276
3198	1	4	66	137	128	278
3199	1	4	67	138	128	280
3200	1	5	0	70	64	145
3201	1	5	1	71	64	147
3202	1	5	2	72	64	149
3203	1	5	3	73	64	151
3204	1	5	4	74	64	153
3205	1	5	5	75	64	155
3206	1	5	6	76	64	157
3207	1	5	7	77	64	159
3208	1	5	8	78	64	161
3209	1	5	9	79	64	163
3210	1	5	10	80	64	165
3211	1	5	11	81	64	167
3212	1	5	12	82	64	169
3213	1	5	13	83	64	171
3214	1	5	14	84	64	173
3215	1	5	15	85	64	175
3216	1	5	16	86	64	177
3217	1	5	17	87	64	179
3218	1	5	18	88	64	181
3219	1	5	19	89	64	183
3220	1	5	20	90	64	185
3221	1	5	21	91	64	187
3222	1	5	22	92	64	189
3223	1	5	23	93	64	191
3224	1	5	24	94	64	193
3225	1	5	25	95	64	195
3226	1	5	26	96	64	197
3227	1	5	27	97	64	199
3228	1	5	28	98	64	201
3229	1	5	29	99	64	203
3230	1	5	30	100	64	205
3231	1	5	31	101	64	207
3232	1	5	32	102	64	209
3233	1	5	33	103	64	211
3234	1	5	34	104	64	213
3235	1	5	35	105	64	215
3236	1	5	36	106	64	217
3237	1	5	37	107	64	219
3238	1	5	38	108	64	221
3239	1	5	39	109	64	223
3240	1	5	40	110	64	225
3241	1	5	41	111	64	227
3242	1	5	42	112	64	229
3243	1	5	43	113	64	231
3244	1	5	44	114	64	233
3245	1	5	45	115	64	235
3246	1	5	46	116	64	237
3247	1	5	47	117	64	239
3248	1	5	48	118	64	241
3249	1	5	49	119	64	243
3250	1	5	50	120	64	245
3251	1	5	51	121	64	247
3252	1	5	52	122	64	249
3253	1	5	53	123	64	251
3254	1	5	54	124	64	253
3255	1	5	55	125	64	255
3256	1	5	56	126	64	257
3257	1	5	57	127	64	259
3258	1	5	58	128	64	261
3259	1	5	59	129	64	263
3260	1	5	60	130	64	265
3261	1	5	61	131	64	267
3262	1	5	62	132	64	269
3263	1	5	63	133	64	271
3264	1	5	64	134	64	273
3265	1	5	65	135	64	275
3266	1	5	66	136	64	277
3267	1	6	0	69	32	144
3268	1	6	1	70	32	146
3269	1	6	2	71	32	148
3270	1	6	3	72	32	150
3271	1	6	4	73	32	152
3272	1	6	5	74	32	154
3273	1	6	6	75	32	156
3274	1	6	7	76	32	158
3275	1	6	8	77	32	160
3276	1	6	9	78	32	162
3277	1	6	10	79	32	164
3278	1	6	11	80	32	166
3279	1	6	12	81	32	168
3280	1	6	13	82	32	170
3281	1	6	14	83	32	172
3282	1	6	15	84	32	174
3283	1	6	16	85	32	176
3284	1	6	17	86	32	178
3285	1	6	18	87	32	180
3286	1	6	19	88	32	182
3287	1	6	20	89	32	184
3288	1	6	21	90	32	186
3289	1	6	22	91	32	188
3290	1	6	23	92	32	190
3291	1	6	24	93	32	192
3292	1	6	25	94	32	194
3293	1	6	26	95	32	196
3294	1	6	27	96	32	198
3295	1	6	28	97	32	200
3296	1	6	29	98	32	202
3297	1	6	30	99	32	204
3298	1	6	31	100	32	206
3299	1	6	32	101	32	208
3300	1	6	33	102	32	210
3301	1	6	34	103	32	212
3302	1	6	35	104	32	214
3303	1	6	36	105	32	216
3304	1	6	37	106	32	218
3305	1	6	38	107	32	220
3306	1	6	39	108	32	222
3307	1	6	40	109	32	224
3308	1	6	41	110	32	226
3309	1	6	42	111	32	228
3310	1	6	43	112	32	230
3311	1	6	44	113	32	232
3312	1	6	45	114	32	234
3313	1	6	46	115	32	236
3314	1	6	47	116	32	238
3315	1	6	48	117	32	240
3316	1	6	49	118	32	242
3317	1	6	50	119	32	244
3318	1	6	51	120	32	246
3319	1	6	52	121	32	248
3320	1	6	53	122	32	250
3321	1	6	54	123	32	252
3322	1	6	55	124	32	254
3323	1	6	56	125	32	256
3324	1	6	57	126	32	258
3325	1	6	58	127	32	260
3326	1	6	59	128	32	262
3327	1	6	60	129	32	264
3328	1	6	61	130	32	266
3329	1	6	62	131	32	268
3330	1	6	63	132	32	270
3331	1	6	64	133	32	272
3332	1	6	65	134	32	274
3333	1	7	0	68	16	143
3334	1	7	1	69	16	145
3335	1	7	2	70	16	147
3336	1	7	3	71	16	149
3337	1	7	4	72	16	151
3338	1	7	5	73	16	153
3339	1	7	6	74	16	155
3340	1	7	7	75	16	157
3341	1	7	8	76	16	159
3342	1	7	9	77	16	161
3343	1	7	10	78	16	163
3344	1	7	11	79	16	165
3345	1	7	12	80	16	167
3346	1	7	13	81	16	169
3347	1	7	14	82	16	171
3348	1	7	15	83	16	173
3349	1	7	16	84	16	175
3350	1	7	17	85	16	177
3351	1	7	18	86	16	179
3352	1	7	19	87	16	181
3353	1	7	20	88	16	183
3354	1	7	21	89	16	185
3355	1	7	22	90	16	187
3356	1	7	23	91	16	189
3357	1	7	24	92	16	191
3358	1	7	25	93	16	193
3359	1	7	26	94	16	195
3360	1	7	27	95	16	197
3361	1	7	28	96	16	199
3362	1	7	29	97	16	201
3363	1	7	30	98	16	203
3364	1	7	31	99	16	205
3365	1	7	32	100	16	207
3366	1	7	33	101	16	209
3367	1	7	34	102	16	211
3368	1	7	35	103	16	213
3369	1	7	36	104	16	215
3370	1	7	37	105	16	217
3371	1	7	38	106	16	219
3372	1	7	39	107	16	221
3373	1	7	40	108	16	223
3374	1	7	41	109	16	225
3375	1	7	42	110	16	227
3376	1	7	43	111	16	229
3377	1	7	44	112	16	231
3378	1	7	45	113	16	233
3379	1	7	46	114	16	235
3380	1	7	47	115	16	237
3381	1	7	48	116	16	239
3382	1	7	49	117	16	241
3383	1	7	50	118	16	243
3384	1	7	51	119	16	245
3385	1	7	52	120	16	247
3386	1	7	53	121	16	249
3387	1	7	54	122	16	251
3388	1	7	55	123	16	253
3389	1	7	56	124	16	255
3390	1	7	57	125	16	257
3391	1	7	58	126	16	259
3392	1	7	59	127	16	261
3393	1	7	60	128	16	263
3394	1	7	61	129	16	265
3395	1	7	62	130	16	267
3396	1	7	63	131	16	269
3397	1	7	64	132	16	271
3398	1	8	0	67	8	142
3399	1	8	1	68	8	144
3400	1	8	2	69	8	146
3401	1	8	3	70	8	148
3402	1	8	4	71	8	150
3403	1	8	5	72	8	152
3404	1	8	6	73	8	154
3405	1	8	7	74	8	156
3406	1	8	8	75	8	158
3407	1	8	9	76	8	160
3408	1	8	10	77	8	162
3409	1	8	11	78	8	164
3410	1	8	12	79	8	166
3411	1	8	13	80	8	168
3412	1	8	14	81	8	170
3413	1	8	15	82	8	172
3414	1	8	16	83	8	174
3415	1	8	17	84	8	176
3416	1	8	18	85	8	178
3417	1	8	19	86	8	180
3418	1	8	20	87	8	182
3419	1	8	21	88	8	184
3420	1	8	22	89	8	186
3421	1	8	23	90	8	188
3422	1	8	24	91	8	190
3423	1	8	25	92	8	192
3424	1	8	26	93	8	194
3425	1	8	27	94	8	196
3426	1	8	28	95	8	198
3427	1	8	29	96	8	200
3428	1	8	30	97	8	202
3429	1	8	31	98	8	204
3430	1	8	32	99	8	206
3431	1	8	33	100	8	208
3432	1	8	34	101	8	210
3433	1	8	35	102	8	212
3434	1	8	36	103	8	214
3435	1	8	37	104	8	216
3436	1	8	38	105	8	218
3437	1	8	39	106	8	220
3438	1	8	40	107	8	222
3439	1	8	41	108	8	224
3440	1	8	42	109	8	226
3441	1	8	43	110	8	228
3442	1	8	44	111	8	230
3443	1	8	45	112	8	232
3444	1	8	46	113	8	234
3445	1	8	47	114	8	236
3446	1	8	48	115	8	238
3447	1	8	49	116	8	240
3448	1	8	50	117	8	242
3449	1	8	51	118	8	244
3450	1	8	52	119	8	246
3451	1	8	53	120	8	248
3452	1	8	54	121	8	250
3453	1	8	55	122	8	252
3454	1	8	56	123	8	254
3455	1	8	57	124	8	256
3456	1	8	58	125	8	258
3457	1	8	59	126	8	260
3458	1	8	60	127	8	262
3459	1	8	61	128	8	264
3460	1	8	62	129	8	266
3461	1	8	63	130	8	268
3462	1	9	0	66	4	141
3463	1	9	1	67	4	143
3464	1	9	2	68	4	145
3465	1	9	3	69	4	147
3466	1	9	4	70	4	149
3467	1	9	5	71	4	151
3468	1	9	6	72	4	153
3469	1	9	7	73	4	155
3470	1	9	8	74	4	157
3471	1	9	9	75	4	159
3472	1	9	10	76	4	161
3473	1	9	11	77	4	163
3474	1	9	12	78	4	165
3475	1	9	13	79	4	167
3476	1	9	14	80	4	169
3477	1	9	15	81	4	171
3478	1	9	16	82	4	173
3479	1	9	17	83	4	175
3480	1	9	18	84	4	177
3481	1	9	19	85	4	179
3482	1	9	20	86	4	181
3483	1	9	21	87	4	183
3484	1	9	22	88	4	185
3485	1	9	23	89	4	187
3486	1	9	24	90	4	189
3487	1	9	25	91	4	191
3488	1	9	26	92	4	193
3489	1	9	27	93	4	195
3490	1	9	28	94	4	197
3491	1	9	29	95	4	199
3492	1	9	30	96	4	201
3493	1	9	31	97	4	203
3494	1	9	32	98	4	205
3495	1	9	33	99	4	207
3496	1	9	34	100	4	209
3497	1	9	35	101	4	211
3498	1	9	36	102	4	213
3499	1	9	37	103	4	215
3500	1	9	38	104	4	217
3501	1	9	39	105	4	219
3502	1	9	40	106	4	221
3503	1	9	41	107	4	223
3504	1	9	42	108	4	225
3505	1	9	43	109	4	227
3506	1	9	44	110	4	229
3507	1	9	45	111	4	231
3508	1	9	46	112	4	233
3509	1	9	47	113	4	235
3510	1	9	48	114	4	237
3511	1	9	49	115	4	239
3512	1	9	50	116	4	241
3513	1	9	51	117	4	243
3514	1	9	52	118	4	245
3515	1	9	53	119	4	247
3516	1	9	54	120	4	249
3517	1	9	55	121	4	251
3518	1	9	56	122	4	253
3519	1	9	57	123	4	255
3520	1	9	58	124	4	257
3521	1	9	59	125	4	259
3522	1	9	60	126	4	261
3523	1	9	61	127	4	263
3524	1	9	62	128	4	265
3525	1	10	0	65	2	140
3526	1	10	1	66	2	142
3527	1	10	2	67	2	144
3528	1	10	3	68	2	146
3529	1	10	4	69	2	148
3530	1	10	5	70	2	150
3531	1	10	6	71	2	152
3532	1	10	7	72	2	154
3533	1	10	8	73	2	156
3534	1	10	9	74	2	158
3535	1	10	10	75	2	160
3536	1	10	11	76	2	162
3537	1	10	12	77	2	164
3538	1	10	13	78	2	166
3539	1	10	14	79	2	168
3540	1	10	15	80	2	170
3541	1	10	16	81	2	172
3542	1	10	17	82	2	174
3543	1	10	18	83	2	176
3544	1	10	19	84	2	178
3545	1	10	20	85	2	180
3546	1	10	21	86	2	182
3547	1	10	22	87	2	184
3548	1	10	23	88	2	186
3549	1	10	24	89	2	188
3550	1	10	25	90	2	190
3551	1	10	26	91	2	192
3552	1	10	27	92	2	194
3553	1	10	28	93	2	196
3554	1	10	29	94	2	198
3555	1	10	30	95	2	200
3556	1	10	31	96	2	202
3557	1	10	32	97	2	204
3558	1	10	33	98	2	206
3559	1	10	34	99	2	208
3560	1	10	35	100	2	210
3561	1	10	36	101	2	212
3562	1	10	37	102	2	214
3563	1	10	38	103	2	216
3564	1	10	39	104	2	218
3565	1	10	40	105	2	220
3566	1	10	41	106	2	222
3567	1	10	42	107	2	224
3568	1	10	43	108	2	226
3569	1	10	44	109	2	228
3570	1	10	45	110	2	230
3571	1	10	46	111	2	232
3572	1	10	47	112	2	234
3573	1	10	48	113	2	236
3574	1	10	49	114	2	238
3575	1	10	50	115	2	240
3576	1	10	51	116	2	242
3577	1	10	52	117	2	244
3578	1	10	53	118	2	246
3579	1	10	54	119	2	248
3580	1	10	55	120	2	250
3581	1	10	56	121	2	252
3582	1	10	57	122	2	254
3583	1	10	58	123	2	256
3584	1	10	59	124	2	258
3585	1	10	60	125	2	260
3586	1	10	61	126	2	262
3587	1	11	0	64	1	139
3588	1	11	1	65	1	141
3589	1	11	2	66	1	143
3590	1	11	3	67	1	145
3591	1	11	4	68	1	147
3592	1	11	5	69	1	149
3593	1	11	6	70	1	151
3594	1	11	7	71	1	153
3595	1	11	8	72	1	155
3596	1	11	9	73	1	157
3597	1	11	10	74	1	159
3598	1	11	11	75	1	161
3599	1	11	12	76	1	163
3600	1	11	13	77	1	165
3601	1	11	14	78	1	167
3602	1	11	15	79	1	169
3603	1	11	16	80	1	171
3604	1	11	17	81	1	173
3605	1	11	18	82	1	175
3606	1	11	19	83	1	177
3607	1	11	20	84	1	179
3608	1	11	21	85	1	181
3609	1	11	22	86	1	183
3610	1	11	23	87	1	185
3611	1	11	24	88	1	187
3612	1	11	25	89	1	189
3613	1	11	26	90	1	191
3614	1	11	27	91	1	193
3615	1	11	28	92	1	195
3616	1	11	29	93	1	197
3617	1	11	30	94	1	199
3618	1	11	31	95	1	201
3619	1	11	32	96	1	203
3620	1	11	33	97	1	205
3621	1	11	34	98	1	207
3622	1	11	35	99	1	209
3623	1	11	36	100	1	211
3624	1	11	37	101	1	213
3625	1	11	38	102	1	215
3626	1	11	39	103	1	217
3627	1	11	40	104	1	219
3628	1	11	41	105	1	221
3629	1	11	42	106	1	223
3630	1	11	43	107	1	225
3631	1	11	44	108	1	227
3632	1	11	45	109	1	229
3633	1	11	46	110	1	231
3634	1	11	47	111	1	233
3635	1	11	48	112	1	235
3636	1	11	49	113	1	237
3637	1	11	50	114	1	239
3638	1	11	51	115	1	241
3639	1	11	52	116	1	243
3640	1	11	53	117	1	245
3641	1	11	54	118	1	247
3642	1	11	55	119	1	249
3643	1	11	56	120	1	251
3644	1	11	57	121	1	253
3645	1	11	58	122	1	255
3646	1	11	59	123	1	257
3647	1	11	60	124	1	259
3648	1	12	0	63	129	138
3649	1	12	1	64	129	140
3650	1	12	2	65	129	142
3651	1	12	3	66	129	144
3652	1	12	4	67	129	146
3653	1	12	5	68	129	148
3654	1	12	6	69	129	150
3655	1	12	7	70	129	152
3656	1	12	8	71	129	154
3657	1	12	9	72	129	156
3658	1	12	10	73	129	158
3659	1	12	11	74	129	160
3660	1	12	12	75	129	162
3661	1	12	13	76	129	164
3662	1	12	14	77	129	166
3663	1	12	15	78	129	168
3664	1	12	16	79	129	170
3665	1	12	17	80	129	172
3666	1	12	18	81	129	174
3667	1	12	19	82	129	176
3668	1	12	20	83	129	178
3669	1	12	21	84	129	180
3670	1	12	22	85	129	182
3671	1	12	23	86	129	184
3672	1	12	24	87	129	186
3673	1	12	25	88	129	188
3674	1	12	26	89	129	190
3675	1	12	27	90	129	192
3676	1	12	28	91	129	194
3677	1	12	29	92	129	196
3678	1	12	30	93	129	198
3679	1	12	31	94	129	200
3680	1	12	32	95	129	202
3681	1	12	33	96	129	204
3682	1	12	34	97	129	206
3683	1	12	35	98	129	208
3684	1	12	36	99	129	210
3685	1	12	37	100	129	212
3686	1	12	38	101	129	214
3687	1	12	39	102	129	216
3688	1	12	40	103	129	218
3689	1	12	41	104	129	220
3690	1	12	42	105	129	222
3691	1	12	43	106	129	224
3692	1	12	44	107	129	226
3693	1	12	45	108	129	228
3694	1	12	46	109	129	230
3695	1	12	47	110	129	232
3696	1	12	48	111	129	234
3697	1	12	49	112	129	236
3698	1	12	50	113	129	238
3699	1	12	51	114	129	240
3700	1	12	52	115	129	242
3701	1	12	53	116	129	244
3702	1	12	54	117	129	246
3703	1	12	55	118	129	248
3704	1	12	56	119	129	250
3705	1	12	57	120	129	252
3706	1	12	58	121	129	254
3707	1	12	59	122	129	256
3708	1	13	0	62	193	137
3709	1	13	1	63	193	139
3710	1	13	2	64	193	141
3711	1	13	3	65	193	143
3712	1	13	4	66	193	145
3713	1	13	5	67	193	147
3714	1	13	6	68	193	149
3715	1	13	7	69	193	151
3716	1	13	8	70	193	153
3717	1	13	9	71	193	155
3718	1	13	10	72	193	157
3719	1	13	11	73	193	159
3720	1	13	12	74	193	161
3721	1	13	13	75	193	163
3722	1	13	14	76	193	165
3723	1	13	15	77	193	167
3724	1	13	16	78	193	169
3725	1	13	17	79	193	171
3726	1	13	18	80	193	173
3727	1	13	19	81	193	175
3728	1	13	20	82	193	177
3729	1	13	21	83	193	179
3730	1	13	22	84	193	181
3731	1	13	23	85	193	183
3732	1	13	24	86	193	185
3733	1	13	25	87	193	187
3734	1	13	26	88	193	189
3735	1	13	27	89	193	191
3736	1	13	28	90	193	193
3737	1	13	29	91	193	195
3738	1	13	30	92	193	197
3739	1	13	31	93	193	199
3740	1	13	32	94	193	201
3741	1	13	33	95	193	203
3742	1	13	34	96	193	205
3743	1	13	35	97	193	207
3744	1	13	36	98	193	209
3745	1	13	37	99	193	211
3746	1	13	38	100	193	213
3747	1	13	39	101	193	215
3748	1	13	40	102	193	217
3749	1	13	41	103	193	219
3750	1	13	42	104	193	221
3751	1	13	43	105	193	223
3752	1	13	44	106	193	225
3753	1	13	45	107	193	227
3754	1	13	46	108	193	229
3755	1	13	47	109	193	231
3756	1	13	48	110	193	233
3757	1	13	49	111	193	235
3758	1	13	50	112	193	237
3759	1	13	51	113	193	239
3760	1	13	52	114	193	241
3761	1	13	53	115	193	243
3762	1	13	54	116	193	245
3763	1	13	55	117	193	247
3764	1	13	56	118	193	249
3765	1	13	57	119	193	251
3766	1	13	58	120	193	253
3767	1	14	0	61	225	136
3768	1	14	1	62	225	138
3769	1	14	2	63	225	140
3770	1	14	3	64	225	142
3771	1	14	4	65	225	144
3772	1	14	5	66	225	146
3773	1	14	6	67	225	148
3774	1	14	7	68	225	150
3775	1	14	8	69	225	152
3776	1	14	9	70	225	154
3777	1	14	10	71	225	156
3778	1	14	11	72	225	158
3779	1	14	12	73	225	160
3780	1	14	13	74	225	162
3781	1	14	14	75	225	164
3782	1	14	15	76	225	166
3783	1	14	16	77	225	168
3784	1	14	17	78	225	170
3785	1	14	18	79	225	172
3786	1	14	19	80	225	174
3787	1	14	20	81	225	176
3788	1	14	21	82	225	178
3789	1	14	22	83	225	180
3790	1	14	23	84	225	182
3791	1	14	24	85	225	184
3792	1	14	25	86	225	186
3793	1	14	26	87	225	188
3794	1	14	27	88	225	190
3795	1	14	28	89	225	192
3796	1	14	29	90	225	194
3797	1	14	30	91	225	196
3798	1	14	31	92	225	198
3799	1	14	32	93	225	200
3800	1	14	33	94	225	202
3801	1	14	34	95	225	204
3802	1	14	35	96	225	206
3803	1	14	36	97	225	208
3804	1	14	37	98	225	210
3805	1	14	38	99	225	212
3806	1	14	39	100	225	214
3807	1	14	40	101	225	216
3808	1	14	41	102	225	218
3809	1	14	42	103	225	220
3810	1	14	43	104	225	222
3811	1	14	44	105	225	224
3812	1	14	45	106	225	226
3813	1	14	46	107	225	228
3814	1	14	47	108	225	230
3815	1	14	48	109	225	232
3816	1	14	49	110	225	234
3817	1	14	50	111	225	236
3818	1	14	51	112	225	238
3819	1	14	52	113	225	240
3820	1	14	53	114	225	242
3821	1	14	54	115	225	244
3822	1	14	55	116	225	246
3823	1	14	56	117	225	248
3824	1	14	57	118	225	250
3825	1	15	0	60	241	135
3826	1	15	1	61	241	137
3827	1	15	2	62	241	139
3828	1	15	3	63	241	141
3829	1	15	4	64	241	143
3830	1	15	5	65	241	145
3831	1	15	6	66	241	147
3832	1	15	7	67	241	149
3833	1	15	8	68	241	151
3834	1	15	9	69	241	153
3835	1	15	10	70	241	155
3836	1	15	11	71	241	157
3837	1	15	12	72	241	159
3838	1	15	13	73	241	161
3839	1	15	14	74	241	163
3840	1	15	15	75	241	165
3841	1	15	16	76	241	167
3842	1	15	17	77	241	169
3843	1	15	18	78	241	171
3844	1	15	19	79	241	173
3845	1	15	20	80	241	175
3846	1	15	21	81	241	177
3847	1	15	22	82	241	179
3848	1	15	23	83	241	181
3849	1	15	24	84	241	183
3850	1	15	25	85	241	185
3851	1	15	26	86	241	187
3852	1	15	27	87	241	189
3853	1	15	28	88	241	191
3854	1	15	29	89	241	193
3855	1	15	30	90	241	195
3856	1	15	31	91	241	197
3857	1	15	32	92	241	199
3858	1	15	33	93	241	201
3859	1	15	34	94	241	203
3860	1	15	35	95	241	205
3861	1	15	36	96	241	207
3862	1	15	37	97	241	209
3863	1	15	38	98	241	211
3864	1	15	39	99	241	213
3865	1	15	40	100	241	215
3866	1	15	41	101	241	217
3867	1	15	42	102	241	219
3868	1	15	43	103	241	221
3869	1	15	44	104	241	223
3870	1	15	45	105	241	225
3871	1	15	46	106	241	227
3872	1	15	47	107	241	229
3873	1	15	48	108	241	231
3874	1	15	49	109	241	233
3875	1	15	50	110	241	235
3876	1	15	51	111	241	237
3877	1	15	52	112	241	239
3878	1	15	53	113	241	241
3879	1	15	54	114	241	243
3880	1	15	55	115	241	245
3881	1	15	56	116	241	247
3882	1	16	0	59	249	134
3883	1	16	1	60	249	136
3884	1	16	2	61	249	138
3885	1	16	3	62	249	140
3886	1	16	4	63	249	142
3887	1	16	5	64	249	144
3888	1	16	6	65	249	146
3889	1	16	7	66	249	148
3890	1	16	8	67	249	150
3891	1	16	9	68	249	152
3892	1	16	10	69	249	154
3893	1	16	11	70	249	156
3894	1	16	12	71	249	158
3895	1	16	13	72	249	160
3896	1	16	14	73	249	162
3897	1	16	15	74	249	164
3898	1	16	16	75	249	166
3899	1	16	17	76	249	168
3900	1	16	18	77	249	170
3901	1	16	19	78	249	172
3902	1	16	20	79	249	174
3903	1	16	21	80	249	176
3904	1	16	22	81	249	178
3905	1	16	23	82	249	180
3906	1	16	24	83	249	182
3907	1	16	25	84	249	184
3908	1	16	26	85	249	186
3909	1	16	27	86	249	188
3910	1	16	28	87	249	190
3911	1	16	29	88	249	192
3912	1	16	30	89	249	194
3913	1	16	31	90	249	196
3914	1	16	32	91	249	198
3915	1	16	33	92	249	200
3916	1	16	34	93	249	202
3917	1	16	35	94	249	204
3918	1	16	36	95	249	206
3919	1	16	37	96	249	208
3920	1	16	38	97	249	210
3921	1	16	39	98	249	212
3922	1	16	40	99	249	214
3923	1	16	41	100	249	216
3924	1	16	42	101	249	218
3925	1	16	43	102	249	220
3926	1	16	44	103	249	222
3927	1	16	45	104	249	224
3928	1	16	46	105	249	226
3929	1	16	47	106	249	228
3930	1	16	48	107	249	230
3931	1	16	49	108	249	232
3932	1	16	50	109	249	234
3933	1	16	51	110	249	236
3934	1	16	52	111	249	238
3935	1	16	53	112	249	240
3936	1	16	54	113	249	242
3937	1	16	55	114	249	244
3938	1	17	0	58	253	133
3939	1	17	1	59	253	135
3940	1	17	2	60	253	137
3941	1	17	3	61	253	139
3942	1	17	4	62	253	141
3943	1	17	5	63	253	143
3944	1	17	6	64	253	145
3945	1	17	7	65	253	147
3946	1	17	8	66	253	149
3947	1	17	9	67	253	151
3948	1	17	10	68	253	153
3949	1	17	11	69	253	155
3950	1	17	12	70	253	157
3951	1	17	13	71	253	159
3952	1	17	14	72	253	161
3953	1	17	15	73	253	163
3954	1	17	16	74	253	165
3955	1	17	17	75	253	167
3956	1	17	18	76	253	169
3957	1	17	19	77	253	171
3958	1	17	20	78	253	173
3959	1	17	21	79	253	175
3960	1	17	22	80	253	177
3961	1	17	23	81	253	179
3962	1	17	24	82	253	181
3963	1	17	25	83	253	183
3964	1	17	26	84	253	185
3965	1	17	27	85	253	187
3966	1	17	28	86	253	189
3967	1	17	29	87	253	191
3968	1	17	30	88	253	193
3969	1	17	31	89	253	195
3970	1	17	32	90	253	197
3971	1	17	33	91	253	199
3972	1	17	34	92	253	201
3973	1	17	35	93	253	203
3974	1	17	36	94	253	205
3975	1	17	37	95	253	207
3976	1	17	38	96	253	209
3977	1	17	39	97	253	211
3978	1	17	40	98	253	213
3979	1	17	41	99	253	215
3980	1	17	42	100	253	217
3981	1	17	43	101	253	219
3982	1	17	44	102	253	221
3983	1	17	45	103	253	223
3984	1	17	46	104	253	225
3985	1	17	47	105	253	227
3986	1	17	48	106	253	229
3987	1	17	49	107	253	231
3988	1	17	50	108	253	233
3989	1	17	51	109	253	235
3990	1	17	52	110	253	237
3991	1	17	53	111	253	239
3992	1	17	54	112	253	241
3993	1	18	0	57	255	132
3994	1	18	1	58	255	134
3995	1	18	2	59	255	136
3996	1	18	3	60	255	138
3997	1	18	4	61	255	140
3998	1	18	5	62	255	142
3999	1	18	6	63	255	144
4000	1	18	7	64	255	146
4001	1	18	8	65	255	148
4002	1	18	9	66	255	150
4003	1	18	10	67	255	152
4004	1	18	11	68	255	154
4005	1	18	12	69	255	156
4006	1	18	13	70	255	158
4007	1	18	14	71	255	160
4008	1	18	15	72	255	162
4009	1	18	16	73	255	164
4010	1	18	17	74	255	166
4011	1	18	18	75	255	168
4012	1	18	19	76	255	170
4013	1	18	20	77	255	172
4014	1	18	21	78	255	174
4015	1	18	22	79	255	176
4016	1	18	23	80	255	178
4017	1	18	24	81	255	180
4018	1	18	25	82	255	182
4019	1	18	26	83	255	184
4020	1	18	27	84	255	186
4021	1	18	28	85	255	188
4022	1	18	29	86	255	190
4023	1	18	30	87	255	192
4024	1	18	31	88	255	194
4025	1	18	32	89	255	196
4026	1	18	33	90	255	198
4027	1	18	34	91	255	200
4028	1	18	35	92	255	202
4029	1	18	36	93	255	204
4030	1	18	37	94	255	206
4031	1	18	38	95	255	208
4032	1	18	39	96	255	210
4033	1	18	40	97	255	212
4034	1	18	41	98	255	214
4035	1	18	42	99	255	216
4036	1	18	43	100	255	218
4037	1	18	44	101	255	220
4038	1	18	45	102	255	222
4039	1	18	46	103	255	224
4040	1	18	47	104	255	226
4041	1	18	48	105	255	228
4042	1	18	49	106	255	230
4043	1	18	50	107	255	232
4044	1	18	51	108	255	234
4045	1	18	52	109	255	236
4046	1	18	53	110	255	238
4047	1	19	0	56	256	131
4048	1	19	1	57	256	133
4049	1	19	2	58	256	135
4050	1	19	3	59	256	137
4051	1	19	4	60	256	139
4052	1	19	5	61	256	141
4053	1	19	6	62	256	143
4054	1	19	7	63	256	145
4055	1	19	8	64	256	147
4056	1	19	9	65	256	149
4057	1	19	10	66	256	151
4058	1	19	11	67	256	153
4059	1	19	12	68	256	155
4060	1	19	13	69	256	157
4061	1	19	14	70	256	159
4062	1	19	15	71	256	161
4063	1	19	16	72	256	163
4064	1	19	17	73	256	165
4065	1	19	18	74	256	167
4066	1	19	19	75	256	169
4067	1	19	20	76	256	171
4068	1	19	21	77	256	173
4069	1	19	22	78	256	175
4070	1	19	23	79	256	177
4071	1	19	24	80	256	179
4072	1	19	25	81	256	181
4073	1	19	26	82	256	183
4074	1	19	27	83	256	185
4075	1	19	28	84	256	187
4076	1	19	29	85	256	189
4077	1	19	30	86	256	191
4078	1	19	31	87	256	193
4079	1	19	32	88	256	195
4080	1	19	33	89	256	197
4081	1	19	34	90	256	199
4082	1	19	35	91	256	201
4083	1	19	36	92	256	203
4084	1	19	37	93	256	205
4085	1	19	38	94	256	207
4086	1	19	39	95	256	209
4087	1	19	40	96	256	211
4088	1	19	41	97	256	213
4089	1	19	42	98	256	215
4090	1	19	43	99	256	217
4091	1	19	44	100	256	219
4092	1	19	45	101	256	221
4093	1	19	46	102	256	223
4094	1	19	47	103	256	225
4095	1	19	48	104	256	227
4096	1	19	49	105	256	229
4097	1	19	50	106	256	231
4098	1	19	51	107	256	233
4099	1	19	52	108	256	235
4100	1	20	0	55	128	130
4101	1	20	1	56	128	132
4102	1	20	2	57	128	134
4103	1	20	3	58	128	136
4104	1	20	4	59	128	138
4105	1	20	5	60	128	140
4106	1	20	6	61	128	142
4107	1	20	7	62	128	144
4108	1	20	8	63	128	146
4109	1	20	9	64	128	148
4110	1	20	10	65	128	150
4111	1	20	11	66	128	152
4112	1	20	12	67	128	154
4113	1	20	13	68	128	156
4114	1	20	14	69	128	158
4115	1	20	15	70	128	160
4116	1	20	16	71	128	162
4117	1	20	17	72	128	164
4118	1	20	18	73	128	166
4119	1	20	19	74	128	168
4120	1	20	20	75	128	170
4121	1	20	21	76	128	172
4122	1	20	22	77	128	174
4123	1	20	23	78	128	176
4124	1	20	24	79	128	178
4125	1	20	25	80	128	180
4126	1	20	26	81	128	182
4127	1	20	27	82	128	184
4128	1	20	28	83	128	186
4129	1	20	29	84	128	188
4130	1	20	30	85	128	190
4131	1	20	31	86	128	192
4132	1	20	32	87	128	194
4133	1	20	33	88	128	196
4134	1	20	34	89	128	198
4135	1	20	35	90	128	200
4136	1	20	36	91	128	202
4137	1	20	37	92	128	204
4138	1	20	38	93	128	206
4139	1	20	39	94	128	208
4140	1	20	40	95	128	210
4141	1	20	41	96	128	212
4142	1	20	42	97	128	214
4143	1	20	43	98	128	216
4144	1	20	44	99	128	218
4145	1	20	45	100	128	220
4146	1	20	46	101	128	222
4147	1	20	47	102	128	224
4148	1	20	48	103	128	226
4149	1	20	49	104	128	228
4150	1	20	50	105	128	230
4151	1	20	51	106	128	232
4152	1	21	0	54	64	129
4153	1	21	1	55	64	131
4154	1	21	2	56	64	133
4155	1	21	3	57	64	135
4156	1	21	4	58	64	137
4157	1	21	5	59	64	139
4158	1	21	6	60	64	141
4159	1	21	7	61	64	143
4160	1	21	8	62	64	145
4161	1	21	9	63	64	147
4162	1	21	10	64	64	149
4163	1	21	11	65	64	151
4164	1	21	12	66	64	153
4165	1	21	13	67	64	155
4166	1	21	14	68	64	157
4167	1	21	15	69	64	159
4168	1	21	16	70	64	161
4169	1	21	17	71	64	163
4170	1	21	18	72	64	165
4171	1	21	19	73	64	167
4172	1	21	20	74	64	169
4173	1	21	21	75	64	171
4174	1	21	22	76	64	173
4175	1	21	23	77	64	175
4176	1	21	24	78	64	177
4177	1	21	25	79	64	179
4178	1	21	26	80	64	181
4179	1	21	27	81	64	183
4180	1	21	28	82	64	185
4181	1	21	29	83	64	187
4182	1	21	30	84	64	189
4183	1	21	31	85	64	191
4184	1	21	32	86	64	193
4185	1	21	33	87	64	195
4186	1	21	34	88	64	197
4187	1	21	35	89	64	199
4188	1	21	36	90	64	201
4189	1	21	37	91	64	203
4190	1	21	38	92	64	205
4191	1	21	39	93	64	207
4192	1	21	40	94	64	209
4193	1	21	41	95	64	211
4194	1	21	42	96	64	213
4195	1	21	43	97	64	215
4196	1	21	44	98	64	217
4197	1	21	45	99	64	219
4198	1	21	46	100	64	221
4199	1	21	47	101	64	223
4200	1	21	48	102	64	225
4201	1	21	49	103	64	227
4202	1	21	50	104	64	229
4203	1	22	0	53	32	128
4204	1	22	1	54	32	130
4205	1	22	2	55	32	132
4206	1	22	3	56	32	134
4207	1	22	4	57	32	136
4208	1	22	5	58	32	138
4209	1	22	6	59	32	140
4210	1	22	7	60	32	142
4211	1	22	8	61	32	144
4212	1	22	9	62	32	146
4213	1	22	10	63	32	148
4214	1	22	11	64	32	150
4215	1	22	12	65	32	152
4216	1	22	13	66	32	154
4217	1	22	14	67	32	156
4218	1	22	15	68	32	158
4219	1	22	16	69	32	160
4220	1	22	17	70	32	162
4221	1	22	18	71	32	164
4222	1	22	19	72	32	166
4223	1	22	20	73	32	168
4224	1	22	21	74	32	170
4225	1	22	22	75	32	172
4226	1	22	23	76	32	174
4227	1	22	24	77	32	176
4228	1	22	25	78	32	178
4229	1	22	26	79	32	180
4230	1	22	27	80	32	182
4231	1	22	28	81	32	184
4232	1	22	29	82	32	186
4233	1	22	30	83	32	188
4234	1	22	31	84	32	190
4235	1	22	32	85	32	192
4236	1	22	33	86	32	194
4237	1	22	34	87	32	196
4238	1	22	35	88	32	198
4239	1	22	36	89	32	200
4240	1	22	37	90	32	202
4241	1	22	38	91	32	204
4242	1	22	39	92	32	206
4243	1	22	40	93	32	208
4244	1	22	41	94	32	210
4245	1	22	42	95	32	212
4246	1	22	43	96	32	214
4247	1	22	44	97	32	216
4248	1	22	45	98	32	218
4249	1	22	46	99	32	220
4250	1	22	47	100	32	222
4251	1	22	48	101	32	224
4252	1	22	49	102	32	226
4253	1	23	0	52	16	127
4254	1	23	1	53	16	129
4255	1	23	2	54	16	131
4256	1	23	3	55	16	133
4257	1	23	4	56	16	135
4258	1	23	5	57	16	137
4259	1	23	6	58	16	139
4260	1	23	7	59	16	141
4261	1	23	8	60	16	143
4262	1	23	9	61	16	145
4263	1	23	10	62	16	147
4264	1	23	11	63	16	149
4265	1	23	12	64	16	151
4266	1	23	13	65	16	153
4267	1	23	14	66	16	155
4268	1	23	15	67	16	157
4269	1	23	16	68	16	159
4270	1	23	17	69	16	161
4271	1	23	18	70	16	163
4272	1	23	19	71	16	165
4273	1	23	20	72	16	167
4274	1	23	21	73	16	169
4275	1	23	22	74	16	171
4276	1	23	23	75	16	173
4277	1	23	24	76	16	175
4278	1	23	25	77	16	177
4279	1	23	26	78	16	179
4280	1	23	27	79	16	181
4281	1	23	28	80	16	183
4282	1	23	29	81	16	185
4283	1	23	30	82	16	187
4284	1	23	31	83	16	189
4285	1	23	32	84	16	191
4286	1	23	33	85	16	193
4287	1	23	34	86	16	195
4288	1	23	35	87	16	197
4289	1	23	36	88	16	199
4290	1	23	37	89	16	201
4291	1	23	38	90	16	203
4292	1	23	39	91	16	205
4293	1	23	40	92	16	207
4294	1	23	41	93	16	209
4295	1	23	42	94	16	211
4296	1	23	43	95	16	213
4297	1	23	44	96	16	215
4298	1	23	45	97	16	217
4299	1	23	46	98	16	219
4300	1	23	47	99	16	221
4301	1	23	48	100	16	223
4302	1	24	0	51	8	126
4303	1	24	1	52	8	128
4304	1	24	2	53	8	130
4305	1	24	3	54	8	132
4306	1	24	4	55	8	134
4307	1	24	5	56	8	136
4308	1	24	6	57	8	138
4309	1	24	7	58	8	140
4310	1	24	8	59	8	142
4311	1	24	9	60	8	144
4312	1	24	10	61	8	146
4313	1	24	11	62	8	148
4314	1	24	12	63	8	150
4315	1	24	13	64	8	152
4316	1	24	14	65	8	154
4317	1	24	15	66	8	156
4318	1	24	16	67	8	158
4319	1	24	17	68	8	160
4320	1	24	18	69	8	162
4321	1	24	19	70	8	164
4322	1	24	20	71	8	166
4323	1	24	21	72	8	168
4324	1	24	22	73	8	170
4325	1	24	23	74	8	172
4326	1	24	24	75	8	174
4327	1	24	25	76	8	176
4328	1	24	26	77	8	178
4329	1	24	27	78	8	180
4330	1	24	28	79	8	182
4331	1	24	29	80	8	184
4332	1	24	30	81	8	186
4333	1	24	31	82	8	188
4334	1	24	32	83	8	190
4335	1	24	33	84	8	192
4336	1	24	34	85	8	194
4337	1	24	35	86	8	196
4338	1	24	36	87	8	198
4339	1	24	37	88	8	200
4340	1	24	38	89	8	202
4341	1	24	39	90	8	204
4342	1	24	40	91	8	206
4343	1	24	41	92	8	208
4344	1	24	42	93	8	210
4345	1	24	43	94	8	212
4346	1	24	44	95	8	214
4347	1	24	45	96	8	216
4348	1	24	46	97	8	218
4349	1	24	47	98	8	220
4350	1	25	0	50	4	125
4351	1	25	1	51	4	127
4352	1	25	2	52	4	129
4353	1	25	3	53	4	131
4354	1	25	4	54	4	133
4355	1	25	5	55	4	135
4356	1	25	6	56	4	137
4357	1	25	7	57	4	139
4358	1	25	8	58	4	141
4359	1	25	9	59	4	143
4360	1	25	10	60	4	145
4361	1	25	11	61	4	147
4362	1	25	12	62	4	149
4363	1	25	13	63	4	151
4364	1	25	14	64	4	153
4365	1	25	15	65	4	155
4366	1	25	16	66	4	157
4367	1	25	17	67	4	159
4368	1	25	18	68	4	161
4369	1	25	19	69	4	163
4370	1	25	20	70	4	165
4371	1	25	21	71	4	167
4372	1	25	22	72	4	169
4373	1	25	23	73	4	171
4374	1	25	24	74	4	173
4375	1	25	25	75	4	175
4376	1	25	26	76	4	177
4377	1	25	27	77	4	179
4378	1	25	28	78	4	181
4379	1	25	29	79	4	183
4380	1	25	30	80	4	185
4381	1	25	31	81	4	187
4382	1	25	32	82	4	189
4383	1	25	33	83	4	191
4384	1	25	34	84	4	193
4385	1	25	35	85	4	195
4386	1	25	36	86	4	197
4387	1	25	37	87	4	199
4388	1	25	38	88	4	201
4389	1	25	39	89	4	203
4390	1	25	40	90	4	205
4391	1	25	41	91	4	207
4392	1	25	42	92	4	209
4393	1	25	43	93	4	211
4394	1	25	44	94	4	213
4395	1	25	45	95	4	215
4396	1	25	46	96	4	217
4397	1	26	0	49	2	124
4398	1	26	1	50	2	126
4399	1	26	2	51	2	128
4400	1	26	3	52	2	130
4401	1	26	4	53	2	132
4402	1	26	5	54	2	134
4403	1	26	6	55	2	136
4404	1	26	7	56	2	138
4405	1	26	8	57	2	140
4406	1	26	9	58	2	142
4407	1	26	10	59	2	144
4408	1	26	11	60	2	146
4409	1	26	12	61	2	148
4410	1	26	13	62	2	150
4411	1	26	14	63	2	152
4412	1	26	15	64	2	154
4413	1	26	16	65	2	156
4414	1	26	17	66	2	158
4415	1	26	18	67	2	160
4416	1	26	19	68	2	162
4417	1	26	20	69	2	164
4418	1	26	21	70	2	166
4419	1	26	22	71	2	168
4420	1	26	23	72	2	170
4421	1	26	24	73	2	172
4422	1	26	25	74	2	174
4423	1	26	26	75	2	176
4424	1	26	27	76	2	178
4425	1	26	28	77	2	180
4426	1	26	29	78	2	182
4427	1	26	30	79	2	184
4428	1	26	31	80	2	186
4429	1	26	32	81	2	188
4430	1	26	33	82	2	190
4431	1	26	34	83	2	192
4432	1	26	35	84	2	194
4433	1	26	36	85	2	196
4434	1	26	37	86	2	198
4435	1	26	38	87	2	200
4436	1	26	39	88	2	202
4437	1	26	40	89	2	204
4438	1	26	41	90	2	206
4439	1	26	42	91	2	208
4440	1	26	43	92	2	210
4441	1	26	44	93	2	212
4442	1	26	45	94	2	214
4443	1	27	0	48	1	123
4444	1	27	1	49	1	125
4445	1	27	2	50	1	127
4446	1	27	3	51	1	129
4447	1	27	4	52	1	131
4448	1	27	5	53	1	133
4449	1	27	6	54	1	135
4450	1	27	7	55	1	137
4451	1	27	8	56	1	139
4452	1	27	9	57	1	141
4453	1	27	10	58	1	143
4454	1	27	11	59	1	145
4455	1	27	12	60	1	147
4456	1	27	13	61	1	149
4457	1	27	14	62	1	151
4458	1	27	15	63	1	153
4459	1	27	16	64	1	155
4460	1	27	17	65	1	157
4461	1	27	18	66	1	159
4462	1	27	19	67	1	161
4463	1	27	20	68	1	163
4464	1	27	21	69	1	165
4465	1	27	22	70	1	167
4466	1	27	23	71	1	169
4467	1	27	24	72	1	171
4468	1	27	25	73	1	173
4469	1	27	26	74	1	175
4470	1	27	27	75	1	177
4471	1	27	28	76	1	179
4472	1	27	29	77	1	181
4473	1	27	30	78	1	183
4474	1	27	31	79	1	185
4475	1	27	32	80	1	187
4476	1	27	33	81	1	189
4477	1	27	34	82	1	191
4478	1	27	35	83	1	193
4479	1	27	36	84	1	195
4480	1	27	37	85	1	197
4481	1	27	38	86	1	199
4482	1	27	39	87	1	201
4483	1	27	40	88	1	203
4484	1	27	41	89	1	205
4485	1	27	42	90	1	207
4486	1	27	43	91	1	209
4487	1	27	44	92	1	211
4488	1	28	0	47	129	122
4489	1	28	1	48	129	124
4490	1	28	2	49	129	126
4491	1	28	3	50	129	128
4492	1	28	4	51	129	130
4493	1	28	5	52	129	132
4494	1	28	6	53	129	134
4495	1	28	7	54	129	136
4496	1	28	8	55	129	138
4497	1	28	9	56	129	140
4498	1	28	10	57	129	142
4499	1	28	11	58	129	144
4500	1	28	12	59	129	146
4501	1	28	13	60	129	148
4502	1	28	14	61	129	150
4503	1	28	15	62	129	152
4504	1	28	16	63	129	154
4505	1	28	17	64	129	156
4506	1	28	18	65	129	158
4507	1	28	19	66	129	160
4508	1	28	20	67	129	162
4509	1	28	21	68	129	164
4510	1	28	22	69	129	166
4511	1	28	23	70	129	168
4512	1	28	24	71	129	170
4513	1	28	25	72	129	172
4514	1	28	26	73	129	174
4515	1	28	27	74	129	176
4516	1	28	28	75	129	178
4517	1	28	29	76	129	180
4518	1	28	30	77	129	182
4519	1	28	31	78	129	184
4520	1	28	32	79	129	186
4521	1	28	33	80	129	188
4522	1	28	34	81	129	190
4523	1	28	35	82	129	192
4524	1	28	36	83	129	194
4525	1	28	37	84	129	196
4526	1	28	38	85	129	198
4527	1	28	39	86	129	200
4528	1	28	40	87	129	202
4529	1	28	41	88	129	204
4530	1	28	42	89	129	206
4531	1	28	43	90	129	208
4532	1	29	0	46	193	121
4533	1	29	1	47	193	123
4534	1	29	2	48	193	125
4535	1	29	3	49	193	127
4536	1	29	4	50	193	129
4537	1	29	5	51	193	131
4538	1	29	6	52	193	133
4539	1	29	7	53	193	135
4540	1	29	8	54	193	137
4541	1	29	9	55	193	139
4542	1	29	10	56	193	141
4543	1	29	11	57	193	143
4544	1	29	12	58	193	145
4545	1	29	13	59	193	147
4546	1	29	14	60	193	149
4547	1	29	15	61	193	151
4548	1	29	16	62	193	153
4549	1	29	17	63	193	155
4550	1	29	18	64	193	157
4551	1	29	19	65	193	159
4552	1	29	20	66	193	161
4553	1	29	21	67	193	163
4554	1	29	22	68	193	165
4555	1	29	23	69	193	167
4556	1	29	24	70	193	169
4557	1	29	25	71	193	171
4558	1	29	26	72	193	173
4559	1	29	27	73	193	175
4560	1	29	28	74	193	177
4561	1	29	29	75	193	179
4562	1	29	30	76	193	181
4563	1	29	31	77	193	183
4564	1	29	32	78	193	185
4565	1	29	33	79	193	187
4566	1	29	34	80	193	189
4567	1	29	35	81	193	191
4568	1	29	36	82	193	193
4569	1	29	37	83	193	195
4570	1	29	38	84	193	197
4571	1	29	39	85	193	199
4572	1	29	40	86	193	201
4573	1	29	41	87	193	203
4574	1	29	42	88	193	205
4575	1	30	0	45	225	120
4576	1	30	1	46	225	122
4577	1	30	2	47	225	124
4578	1	30	3	48	225	126
4579	1	30	4	49	225	128
4580	1	30	5	50	225	130
4581	1	30	6	51	225	132
4582	1	30	7	52	225	134
4583	1	30	8	53	225	136
4584	1	30	9	54	225	138
4585	1	30	10	55	225	140
4586	1	30	11	56	225	142
4587	1	30	12	57	225	144
4588	1	30	13	58	225	146
4589	1	30	14	59	225	148
4590	1	30	15	60	225	150
4591	1	30	16	61	225	152
4592	1	30	17	62	225	154
4593	1	30	18	63	225	156
4594	1	30	19	64	225	158
4595	1	30	20	65	225	160
4596	1	30	21	66	225	162
4597	1	30	22	67	225	164
4598	1	30	23	68	225	166
4599	1	30	24	69	225	168
4600	1	30	25	70	225	170
4601	1	30	26	71	225	172
4602	1	30	27	72	225	174
4603	1	30	28	73	225	176
4604	1	30	29	74	225	178
4605	1	30	30	75	225	180
4606	1	30	31	76	225	182
4607	1	30	32	77	225	184
4608	1	30	33	78	225	186
4609	1	30	34	79	225	188
4610	1	30	35	80	225	190
4611	1	30	36	81	225	192
4612	1	30	37	82	225	194
4613	1	30	38	83	225	196
4614	1	30	39	84	225	198
4615	1	30	40	85	225	200
4616	1	30	41	86	225	202
4617	1	31	0	44	241	119
4618	1	31	1	45	241	121
4619	1	31	2	46	241	123
4620	1	31	3	47	241	125
4621	1	31	4	48	241	127
4622	1	31	5	49	241	129
4623	1	31	6	50	241	131
4624	1	31	7	51	241	133
4625	1	31	8	52	241	135
4626	1	31	9	53	241	137
4627	1	31	10	54	241	139
4628	1	31	11	55	241	141
4629	1	31	12	56	241	143
4630	1	31	13	57	241	145
4631	1	31	14	58	241	147
4632	1	31	15	59	241	149
4633	1	31	16	60	241	151
4634	1	31	17	61	241	153
4635	1	31	18	62	241	155
4636	1	31	19	63	241	157
4637	1	31	20	64	241	159
4638	1	31	21	65	241	161
4639	1	31	22	66	241	163
4640	1	31	23	67	241	165
4641	1	31	24	68	241	167
4642	1	31	25	69	241	169
4643	1	31	26	70	241	171
4644	1	31	27	71	241	173
4645	1	31	28	72	241	175
4646	1	31	29	73	241	177
4647	1	31	30	74	241	179
4648	1	31	31	75	241	181
4649	1	31	32	76	241	183
4650	1	31	33	77	241	185
4651	1	31	34	78	241	187
4652	1	31	35	79	241	189
4653	1	31	36	80	241	191
4654	1	31	37	81	241	193
4655	1	31	38	82	241	195
4656	1	31	39	83	241	197
4657	1	31	40	84	241	199
4658	1	32	0	43	249	118
4659	1	32	1	44	249	120
4660	1	32	2	45	249	122
4661	1	32	3	46	249	124
4662	1	32	4	47	249	126
4663	1	32	5	48	249	128
4664	1	32	6	49	249	130
4665	1	32	7	50	249	132
4666	1	32	8	51	249	134
4667	1	32	9	52	249	136
4668	1	32	10	53	249	138
4669	1	32	11	54	249	140
4670	1	32	12	55	249	142
4671	1	32	13	56	249	144
4672	1	32	14	57	249	146
4673	1	32	15	58	249	148
4674	1	32	16	59	249	150
4675	1	32	17	60	249	152
4676	1	32	18	61	249	154
4677	1	32	19	62	249	156
4678	1	32	20	63	249	158
4679	1	32	21	64	249	160
4680	1	32	22	65	249	162
4681	1	32	23	66	249	164
4682	1	32	24	67	249	166
4683	1	32	25	68	249	168
4684	1	32	26	69	249	170
4685	1	32	27	70	249	172
4686	1	32	28	71	249	174
4687	1	32	29	72	249	176
4688	1	32	30	73	249	178
4689	1	32	31	74	249	180
4690	1	32	32	75	249	182
4691	1	32	33	76	249	184
4692	1	32	34	77	249	186
4693	1	32	35	78	249	188
4694	1	32	36	79	249	190
4695	1	32	37	80	249	192
4696	1	32	38	81	249	194
4697	1	32	39	82	249	196
4698	1	33	0	42	253	117
4699	1	33	1	43	253	119
4700	1	33	2	44	253	121
4701	1	33	3	45	253	123
4702	1	33	4	46	253	125
4703	1	33	5	47	253	127
4704	1	33	6	48	253	129
4705	1	33	7	49	253	131
4706	1	33	8	50	253	133
4707	1	33	9	51	253	135
4708	1	33	10	52	253	137
4709	1	33	11	53	253	139
4710	1	33	12	54	253	141
4711	1	33	13	55	253	143
4712	1	33	14	56	253	145
4713	1	33	15	57	253	147
4714	1	33	16	58	253	149
4715	1	33	17	59	253	151
4716	1	33	18	60	253	153
4717	1	33	19	61	253	155
4718	1	33	20	62	253	157
4719	1	33	21	63	253	159
4720	1	33	22	64	253	161
4721	1	33	23	65	253	163
4722	1	33	24	66	253	165
4723	1	33	25	67	253	167
4724	1	33	26	68	253	169
4725	1	33	27	69	253	171
4726	1	33	28	70	253	173
4727	1	33	29	71	253	175
4728	1	33	30	72	253	177
4729	1	33	31	73	253	179
4730	1	33	32	74	253	181
4731	1	33	33	75	253	183
4732	1	33	34	76	253	185
4733	1	33	35	77	253	187
4734	1	33	36	78	253	189
4735	1	33	37	79	253	191
4736	1	33	38	80	253	193
4737	1	34	0	41	255	116
4738	1	34	1	42	255	118
4739	1	34	2	43	255	120
4740	1	34	3	44	255	122
4741	1	34	4	45	255	124
4742	1	34	5	46	255	126
4743	1	34	6	47	255	128
4744	1	34	7	48	255	130
4745	1	34	8	49	255	132
4746	1	34	9	50	255	134
4747	1	34	10	51	255	136
4748	1	34	11	52	255	138
4749	1	34	12	53	255	140
4750	1	34	13	54	255	142
4751	1	34	14	55	255	144
4752	1	34	15	56	255	146
4753	1	34	16	57	255	148
4754	1	34	17	58	255	150
4755	1	34	18	59	255	152
4756	1	34	19	60	255	154
4757	1	34	20	61	255	156
4758	1	34	21	62	255	158
4759	1	34	22	63	255	160
4760	1	34	23	64	255	162
4761	1	34	24	65	255	164
4762	1	34	25	66	255	166
4763	1	34	26	67	255	168
4764	1	34	27	68	255	170
4765	1	34	28	69	255	172
4766	1	34	29	70	255	174
4767	1	34	30	71	255	176
4768	1	34	31	72	255	178
4769	1	34	32	73	255	180
4770	1	34	33	74	255	182
4771	1	34	34	75	255	184
4772	1	34	35	76	255	186
4773	1	34	36	77	255	188
4774	1	34	37	78	255	190
4775	1	35	0	40	256	115
4776	1	35	1	41	256	117
4777	1	35	2	42	256	119
4778	1	35	3	43	256	121
4779	1	35	4	44	256	123
4780	1	35	5	45	256	125
4781	1	35	6	46	256	127
4782	1	35	7	47	256	129
4783	1	35	8	48	256	131
4784	1	35	9	49	256	133
4785	1	35	10	50	256	135
4786	1	35	11	51	256	137
4787	1	35	12	52	256	139
4788	1	35	13	53	256	141
4789	1	35	14	54	256	143
4790	1	35	15	55	256	145
4791	1	35	16	56	256	147
4792	1	35	17	57	256	149
4793	1	35	18	58	256	151
4794	1	35	19	59	256	153
4795	1	35	20	60	256	155
4796	1	35	21	61	256	157
4797	1	35	22	62	256	159
4798	1	35	23	63	256	161
4799	1	35	24	64	256	163
4800	1	35	25	65	256	165
4801	1	35	26	66	256	167
4802	1	35	27	67	256	169
4803	1	35	28	68	256	171
4804	1	35	29	69	256	173
4805	1	35	30	70	256	175
4806	1	35	31	71	256	177
4807	1	35	32	72	256	179
4808	1	35	33	73	256	181
4809	1	35	34	74	256	183
4810	1	35	35	75	256	185
4811	1	35	36	76	256	187
4812	1	36	0	39	128	114
4813	1	36	1	40	128	116
4814	1	36	2	41	128	118
4815	1	36	3	42	128	120
4816	1	36	4	43	128	122
4817	1	36	5	44	128	124
4818	1	36	6	45	128	126
4819	1	36	7	46	128	128
4820	1	36	8	47	128	130
4821	1	36	9	48	128	132
4822	1	36	10	49	128	134
4823	1	36	11	50	128	136
4824	1	36	12	51	128	138
4825	1	36	13	52	128	140
4826	1	36	14	53	128	142
4827	1	36	15	54	128	144
4828	1	36	16	55	128	146
4829	1	36	17	56	128	148
4830	1	36	18	57	128	150
4831	1	36	19	58	128	152
4832	1	36	20	59	128	154
4833	1	36	21	60	128	156
4834	1	36	22	61	128	158
4835	1	36	23	62	128	160
4836	1	36	24	63	128	162
4837	1	36	25	64	128	164
4838	1	36	26	65	128	166
4839	1	36	27	66	128	168
4840	1	36	28	67	128	170
4841	1	36	29	68	128	172
4842	1	36	30	69	128	174
4843	1	36	31	70	128	176
4844	1	36	32	71	128	178
4845	1	36	33	72	128	180
4846	1	36	34	73	128	182
4847	1	36	35	74	128	184
4848	1	37	0	38	64	113
4849	1	37	1	39	64	115
4850	1	37	2	40	64	117
4851	1	37	3	41	64	119
4852	1	37	4	42	64	121
4853	1	37	5	43	64	123
4854	1	37	6	44	64	125
4855	1	37	7	45	64	127
4856	1	37	8	46	64	129
4857	1	37	9	47	64	131
4858	1	37	10	48	64	133
4859	1	37	11	49	64	135
4860	1	37	12	50	64	137
4861	1	37	13	51	64	139
4862	1	37	14	52	64	141
4863	1	37	15	53	64	143
4864	1	37	16	54	64	145
4865	1	37	17	55	64	147
4866	1	37	18	56	64	149
4867	1	37	19	57	64	151
4868	1	37	20	58	64	153
4869	1	37	21	59	64	155
4870	1	37	22	60	64	157
4871	1	37	23	61	64	159
4872	1	37	24	62	64	161
4873	1	37	25	63	64	163
4874	1	37	26	64	64	165
4875	1	37	27	65	64	167
4876	1	37	28	66	64	169
4877	1	37	29	67	64	171
4878	1	37	30	68	64	173
4879	1	37	31	69	64	175
4880	1	37	32	70	64	177
4881	1	37	33	71	64	179
4882	1	37	34	72	64	181
4883	1	38	0	37	32	112
4884	1	38	1	38	32	114
4885	1	38	2	39	32	116
4886	1	38	3	40	32	118
4887	1	38	4	41	32	120
4888	1	38	5	42	32	122
4889	1	38	6	43	32	124
4890	1	38	7	44	32	126
4891	1	38	8	45	32	128
4892	1	38	9	46	32	130
4893	1	38	10	47	32	132
4894	1	38	11	48	32	134
4895	1	38	12	49	32	136
4896	1	38	13	50	32	138
4897	1	38	14	51	32	140
4898	1	38	15	52	32	142
4899	1	38	16	53	32	144
4900	1	38	17	54	32	146
4901	1	38	18	55	32	148
4902	1	38	19	56	32	150
4903	1	38	20	57	32	152
4904	1	38	21	58	32	154
4905	1	38	22	59	32	156
4906	1	38	23	60	32	158
4907	1	38	24	61	32	160
4908	1	38	25	62	32	162
4909	1	38	26	63	32	164
4910	1	38	27	64	32	166
4911	1	38	28	65	32	168
4912	1	38	29	66	32	170
4913	1	38	30	67	32	172
4914	1	38	31	68	32	174
4915	1	38	32	69	32	176
4916	1	38	33	70	32	178
4917	1	39	0	36	16	111
4918	1	39	1	37	16	113
4919	1	39	2	38	16	115
4920	1	39	3	39	16	117
4921	1	39	4	40	16	119
4922	1	39	5	41	16	121
4923	1	39	6	42	16	123
4924	1	39	7	43	16	125
4925	1	39	8	44	16	127
4926	1	39	9	45	16	129
4927	1	39	10	46	16	131
4928	1	39	11	47	16	133
4929	1	39	12	48	16	135
4930	1	39	13	49	16	137
4931	1	39	14	50	16	139
4932	1	39	15	51	16	141
4933	1	39	16	52	16	143
4934	1	39	17	53	16	145
4935	1	39	18	54	16	147
4936	1	39	19	55	16	149
4937	1	39	20	56	16	151
4938	1	39	21	57	16	153
4939	1	39	22	58	16	155
4940	1	39	23	59	16	157
4941	1	39	24	60	16	159
4942	1	39	25	61	16	161
4943	1	39	26	62	16	163
4944	1	39	27	63	16	165
4945	1	39	28	64	16	167
4946	1	39	29	65	16	169
4947	1	39	30	66	16	171
4948	1	39	31	67	16	173
4949	1	39	32	68	16	175
4950	1	40	0	35	8	110
4951	1	40	1	36	8	112
4952	1	40	2	37	8	114
4953	1	40	3	38	8	116
4954	1	40	4	39	8	118
4955	1	40	5	40	8	120
4956	1	40	6	41	8	122
4957	1	40	7	42	8	124
4958	1	40	8	43	8	126
4959	1	40	9	44	8	128
4960	1	40	10	45	8	130
4961	1	40	11	46	8	132
4962	1	40	12	47	8	134
4963	1	40	13	48	8	136
4964	1	40	14	49	8	138
4965	1	40	15	50	8	140
4966	1	40	16	51	8	142
4967	1	40	17	52	8	144
4968	1	40	18	53	8	146
4969	1	40	19	54	8	148
4970	1	40	20	55	8	150
4971	1	40	21	56	8	152
4972	1	40	22	57	8	154
4973	1	40	23	58	8	156
4974	1	40	24	59	8	158
4975	1	40	25	60	8	160
4976	1	40	26	61	8	162
4977	1	40	27	62	8	164
4978	1	40	28	63	8	166
4979	1	40	29	64	8	168
4980	1	40	30	65	8	170
4981	1	40	31	66	8	172
4982	1	41	0	34	4	109
4983	1	41	1	35	4	111
4984	1	41	2	36	4	113
4985	1	41	3	37	4	115
4986	1	41	4	38	4	117
4987	1	41	5	39	4	119
4988	1	41	6	40	4	121
4989	1	41	7	41	4	123
4990	1	41	8	42	4	125
4991	1	41	9	43	4	127
4992	1	41	10	44	4	129
4993	1	41	11	45	4	131
4994	1	41	12	46	4	133
4995	1	41	13	47	4	135
4996	1	41	14	48	4	137
4997	1	41	15	49	4	139
4998	1	41	16	50	4	141
4999	1	41	17	51	4	143
5000	1	41	18	52	4	145
5001	1	41	19	53	4	147
5002	1	41	20	54	4	149
5003	1	41	21	55	4	151
5004	1	41	22	56	4	153
5005	1	41	23	57	4	155
5006	1	41	24	58	4	157
5007	1	41	25	59	4	159
5008	1	41	26	60	4	161
5009	1	41	27	61	4	163
5010	1	41	28	62	4	165
5011	1	41	29	63	4	167
5012	1	41	30	64	4	169
5013	1	42	0	33	2	108
5014	1	42	1	34	2	110
5015	1	42	2	35	2	112
5016	1	42	3	36	2	114
5017	1	42	4	37	2	116
5018	1	42	5	38	2	118
5019	1	42	6	39	2	120
5020	1	42	7	40	2	122
5021	1	42	8	41	2	124
5022	1	42	9	42	2	126
5023	1	42	10	43	2	128
5024	1	42	11	44	2	130
5025	1	42	12	45	2	132
5026	1	42	13	46	2	134
5027	1	42	14	47	2	136
5028	1	42	15	48	2	138
5029	1	42	16	49	2	140
5030	1	42	17	50	2	142
5031	1	42	18	51	2	144
5032	1	42	19	52	2	146
5033	1	42	20	53	2	148
5034	1	42	21	54	2	150
5035	1	42	22	55	2	152
5036	1	42	23	56	2	154
5037	1	42	24	57	2	156
5038	1	42	25	58	2	158
5039	1	42	26	59	2	160
5040	1	42	27	60	2	162
5041	1	42	28	61	2	164
5042	1	42	29	62	2	166
5043	1	43	0	32	1	107
5044	1	43	1	33	1	109
5045	1	43	2	34	1	111
5046	1	43	3	35	1	113
5047	1	43	4	36	1	115
5048	1	43	5	37	1	117
5049	1	43	6	38	1	119
5050	1	43	7	39	1	121
5051	1	43	8	40	1	123
5052	1	43	9	41	1	125
5053	1	43	10	42	1	127
5054	1	43	11	43	1	129
5055	1	43	12	44	1	131
5056	1	43	13	45	1	133
5057	1	43	14	46	1	135
5058	1	43	15	47	1	137
5059	1	43	16	48	1	139
5060	1	43	17	49	1	141
5061	1	43	18	50	1	143
5062	1	43	19	51	1	145
5063	1	43	20	52	1	147
5064	1	43	21	53	1	149
5065	1	43	22	54	1	151
5066	1	43	23	55	1	153
5067	1	43	24	56	1	155
5068	1	43	25	57	1	157
5069	1	43	26	58	1	159
5070	1	43	27	59	1	161
5071	1	43	28	60	1	163
5072	1	44	0	31	129	106
5073	1	44	1	32	129	108
5074	1	44	2	33	129	110
5075	1	44	3	34	129	112
5076	1	44	4	35	129	114
5077	1	44	5	36	129	116
5078	1	44	6	37	129	118
5079	1	44	7	38	129	120
5080	1	44	8	39	129	122
5081	1	44	9	40	129	124
5082	1	44	10	41	129	126
5083	1	44	11	42	129	128
5084	1	44	12	43	129	130
5085	1	44	13	44	129	132
5086	1	44	14	45	129	134
5087	1	44	15	46	129	136
5088	1	44	16	47	129	138
5089	1	44	17	48	129	140
5090	1	44	18	49	129	142
5091	1	44	19	50	129	144
5092	1	44	20	51	129	146
5093	1	44	21	52	129	148
5094	1	44	22	53	129	150
5095	1	44	23	54	129	152
5096	1	44	24	55	129	154
5097	1	44	25	56	129	156
5098	1	44	26	57	129	158
5099	1	44	27	58	129	160
5100	1	45	0	30	193	105
5101	1	45	1	31	193	107
5102	1	45	2	32	193	109
5103	1	45	3	33	193	111
5104	1	45	4	34	193	113
5105	1	45	5	35	193	115
5106	1	45	6	36	193	117
5107	1	45	7	37	193	119
5108	1	45	8	38	193	121
5109	1	45	9	39	193	123
5110	1	45	10	40	193	125
5111	1	45	11	41	193	127
5112	1	45	12	42	193	129
5113	1	45	13	43	193	131
5114	1	45	14	44	193	133
5115	1	45	15	45	193	135
5116	1	45	16	46	193	137
5117	1	45	17	47	193	139
5118	1	45	18	48	193	141
5119	1	45	19	49	193	143
5120	1	45	20	50	193	145
5121	1	45	21	51	193	147
5122	1	45	22	52	193	149
5123	1	45	23	53	193	151
5124	1	45	24	54	193	153
5125	1	45	25	55	193	155
5126	1	45	26	56	193	157
5127	1	46	0	29	225	104
5128	1	46	1	30	225	106
5129	1	46	2	31	225	108
5130	1	46	3	32	225	110
5131	1	46	4	33	225	112
5132	1	46	5	34	225	114
5133	1	46	6	35	225	116
5134	1	46	7	36	225	118
5135	1	46	8	37	225	120
5136	1	46	9	38	225	122
5137	1	46	10	39	225	124
5138	1	46	11	40	225	126
5139	1	46	12	41	225	128
5140	1	46	13	42	225	130
5141	1	46	14	43	225	132
5142	1	46	15	44	225	134
5143	1	46	16	45	225	136
5144	1	46	17	46	225	138
5145	1	46	18	47	225	140
5146	1	46	19	48	225	142
5147	1	46	20	49	225	144
5148	1	46	21	50	225	146
5149	1	46	22	51	225	148
5150	1	46	23	52	225	150
5151	1	46	24	53	225	152
5152	1	46	25	54	225	154
5153	1	47	0	28	241	103
5154	1	47	1	29	241	105
5155	1	47	2	30	241	107
5156	1	47	3	31	241	109
5157	1	47	4	32	241	111
5158	1	47	5	33	241	113
5159	1	47	6	34	241	115
5160	1	47	7	35	241	117
5161	1	47	8	36	241	119
5162	1	47	9	37	241	121
5163	1	47	10	38	241	123
5164	1	47	11	39	241	125
5165	1	47	12	40	241	127
5166	1	47	13	41	241	129
5167	1	47	14	42	241	131
5168	1	47	15	43	241	133
5169	1	47	16	44	241	135
5170	1	47	17	45	241	137
5171	1	47	18	46	241	139
5172	1	47	19	47	241	141
5173	1	47	20	48	241	143
5174	1	47	21	49	241	145
5175	1	47	22	50	241	147
5176	1	47	23	51	241	149
5177	1	47	24	52	241	151
5178	1	48	0	27	249	102
5179	1	48	1	28	249	104
5180	1	48	2	29	249	106
5181	1	48	3	30	249	108
5182	1	48	4	31	249	110
5183	1	48	5	32	249	112
5184	1	48	6	33	249	114
5185	1	48	7	34	249	116
5186	1	48	8	35	249	118
5187	1	48	9	36	249	120
5188	1	48	10	37	249	122
5189	1	48	11	38	249	124
5190	1	48	12	39	249	126
5191	1	48	13	40	249	128
5192	1	48	14	41	249	130
5193	1	48	15	42	249	132
5194	1	48	16	43	249	134
5195	1	48	17	44	249	136
5196	1	48	18	45	249	138
5197	1	48	19	46	249	140
5198	1	48	20	47	249	142
5199	1	48	21	48	249	144
5200	1	48	22	49	249	146
5201	1	48	23	50	249	148
5202	1	49	0	26	253	101
5203	1	49	1	27	253	103
5204	1	49	2	28	253	105
5205	1	49	3	29	253	107
5206	1	49	4	30	253	109
5207	1	49	5	31	253	111
5208	1	49	6	32	253	113
5209	1	49	7	33	253	115
5210	1	49	8	34	253	117
5211	1	49	9	35	253	119
5212	1	49	10	36	253	121
5213	1	49	11	37	253	123
5214	1	49	12	38	253	125
5215	1	49	13	39	253	127
5216	1	49	14	40	253	129
5217	1	49	15	41	253	131
5218	1	49	16	42	253	133
5219	1	49	17	43	253	135
5220	1	49	18	44	253	137
5221	1	49	19	45	253	139
5222	1	49	20	46	253	141
5223	1	49	21	47	253	143
5224	1	49	22	48	253	145
5225	1	50	0	25	255	100
5226	1	50	1	26	255	102
5227	1	50	2	27	255	104
5228	1	50	3	28	255	106
5229	1	50	4	29	255	108
5230	1	50	5	30	255	110
5231	1	50	6	31	255	112
5232	1	50	7	32	255	114
5233	1	50	8	33	255	116
5234	1	50	9	34	255	118
5235	1	50	10	35	255	120
5236	1	50	11	36	255	122
5237	1	50	12	37	255	124
5238	1	50	13	38	255	126
5239	1	50	14	39	255	128
5240	1	50	15	40	255	130
5241	1	50	16	41	255	132
5242	1	50	17	42	255	134
5243	1	50	18	43	255	136
5244	1	50	19	44	255	138
5245	1	50	20	45	255	140
5246	1	50	21	46	255	142
5247	1	51	0	24	256	99
5248	1	51	1	25	256	101
5249	1	51	2	26	256	103
5250	1	51	3	27	256	105
5251	1	51	4	28	256	107
5252	1	51	5	29	256	109
5253	1	51	6	30	256	111
5254	1	51	7	31	256	113
5255	1	51	8	32	256	115
5256	1	51	9	33	256	117
5257	1	51	10	34	256	119
5258	1	51	11	35	256	121
5259	1	51	12	36	256	123
5260	1	51	13	37	256	125
5261	1	51	14	38	256	127
5262	1	51	15	39	256	129
5263	1	51	16	40	256	131
5264	1	51	17	41	256	133
5265	1	51	18	42	256	135
5266	1	51	19	43	256	137
5267	1	51	20	44	256	139
5268	1	52	0	23	128	98
5269	1	52	1	24	128	100
5270	1	52	2	25	128	102
5271	1	52	3	26	128	104
5272	1	52	4	27	128	106
5273	1	52	5	28	128	108
5274	1	52	6	29	128	110
5275	1	52	7	30	128	112
5276	1	52	8	31	128	114
5277	1	52	9	32	128	116
5278	1	52	10	33	128	118
5279	1	52	11	34	128	120
5280	1	52	12	35	128	122
5281	1	52	13	36	128	124
5282	1	52	14	37	128	126
5283	1	52	15	38	128	128
5284	1	52	16	39	128	130
5285	1	52	17	40	128	132
5286	1	52	18	41	128	134
5287	1	52	19	42	128	136
5288	1	53	0	22	64	97
5289	1	53	1	23	64	99
5290	1	53	2	24	64	101
5291	1	53	3	25	64	103
5292	1	53	4	26	64	105
5293	1	53	5	27	64	107
5294	1	53	6	28	64	109
5295	1	53	7	29	64	111
5296	1	53	8	30	64	113
5297	1	53	9	31	64	115
5298	1	53	10	32	64	117
5299	1	53	11	33	64	119
5300	1	53	12	34	64	121
5301	1	53	13	35	64	123
5302	1	53	14	36	64	125
5303	1	53	15	37	64	127
5304	1	53	16	38	64	129
5305	1	53	17	39	64	131
5306	1	53	18	40	64	133
5307	1	54	0	21	32	96
5308	1	54	1	22	32	98
5309	1	54	2	23	32	100
5310	1	54	3	24	32	102
5311	1	54	4	25	32	104
5312	1	54	5	26	32	106
5313	1	54	6	27	32	108
5314	1	54	7	28	32	110
5315	1	54	8	29	32	112
5316	1	54	9	30	32	114
5317	1	54	10	31	32	116
5318	1	54	11	32	32	118
5319	1	54	12	33	32	120
5320	1	54	13	34	32	122
5321	1	54	14	35	32	124
5322	1	54	15	36	32	126
5323	1	54	16	37	32	128
5324	1	54	17	38	32	130
5325	1	55	0	20	16	95
5326	1	55	1	21	16	97
5327	1	55	2	22	16	99
5328	1	55	3	23	16	101
5329	1	55	4	24	16	103
5330	1	55	5	25	16	105
5331	1	55	6	26	16	107
5332	1	55	7	27	16	109
5333	1	55	8	28	16	111
5334	1	55	9	29	16	113
5335	1	55	10	30	16	115
5336	1	55	11	31	16	117
5337	1	55	12	32	16	119
5338	1	55	13	33	16	121
5339	1	55	14	34	16	123
5340	1	55	15	35	16	125
5341	1	55	16	36	16	127
5342	1	56	0	19	8	94
5343	1	56	1	20	8	96
5344	1	56	2	21	8	98
5345	1	56	3	22	8	100
5346	1	56	4	23	8	102
5347	1	56	5	24	8	104
5348	1	56	6	25	8	106
5349	1	56	7	26	8	108
5350	1	56	8	27	8	110
5351	1	56	9	28	8	112
5352	1	56	10	29	8	114
5353	1	56	11	30	8	116
5354	1	56	12	31	8	118
5355	1	56	13	32	8	120
5356	1	56	14	33	8	122
5357	1	56	15	34	8	124
5358	1	57	0	18	4	93
5359	1	57	1	19	4	95
5360	1	57	2	20	4	97
5361	1	57	3	21	4	99
5362	1	57	4	22	4	101
5363	1	57	5	23	4	103
5364	1	57	6	24	4	105
5365	1	57	7	25	4	107
5366	1	57	8	26	4	109
5367	1	57	9	27	4	111
5368	1	57	10	28	4	113
5369	1	57	11	29	4	115
5370	1	57	12	30	4	117
5371	1	57	13	31	4	119
5372	1	57	14	32	4	121
5373	1	58	0	17	2	92
5374	1	58	1	18	2	94
5375	1	58	2	19	2	96
5376	1	58	3	20	2	98
5377	1	58	4	21	2	100
5378	1	58	5	22	2	102
5379	1	58	6	23	2	104
5380	1	58	7	24	2	106
5381	1	58	8	25	2	108
5382	1	58	9	26	2	110
5383	1	58	10	27	2	112
5384	1	58	11	28	2	114
5385	1	58	12	29	2	116
5386	1	58	13	30	2	118
5387	1	59	0	16	1	91
5388	1	59	1	17	1	93
5389	1	59	2	18	1	95
5390	1	59	3	19	1	97
5391	1	59	4	20	1	99
5392	1	59	5	21	1	101
5393	1	59	6	22	1	103
5394	1	59	7	23	1	105
5395	1	59	8	24	1	107
5396	1	59	9	25	1	109
5397	1	59	10	26	1	111
5398	1	59	11	27	1	113
5399	1	59	12	28	1	115
5400	1	60	0	15	129	90
5401	1	60	1	16	129	92
5402	1	60	2	17	129	94
5403	1	60	3	18	129	96
5404	1	60	4	19	129	98
5405	1	60	5	20	129	100
5406	1	60	6	21	129	102
5407	1	60	7	22	129	104
5408	1	60	8	23	129	106
5409	1	60	9	24	129	108
5410	1	60	10	25	129	110
5411	1	60	11	26	129	112
5412	1	61	0	14	193	89
5413	1	61	1	15	193	91
5414	1	61	2	16	193	93
5415	1	61	3	17	193	95
5416	1	61	4	18	193	97
5417	1	61	5	19	193	99
5418	1	61	6	20	193	101
5419	1	61	7	21	193	103
5420	1	61	8	22	193	105
5421	1	61	9	23	193	107
5422	1	61	10	24	193	109
5423	1	62	0	13	225	88
5424	1	62	1	14	225	90
5425	1	62	2	15	225	92
5426	1	62	3	16	225	94
5427	1	62	4	17	225	96
5428	1	62	5	18	225	98
5429	1	62	6	19	225	100
5430	1	62	7	20	225	102
5431	1	62	8	21	225	104
5432	1	62	9	22	225	106
5433	1	63	0	12	241	87
5434	1	63	1	13	241	89
5435	1	63	2	14	241	91
5436	1	63	3	15	241	93
5437	1	63	4	16	241	95
5438	1	63	5	17	241	97
5439	1	63	6	18	241	99
5440	1	63	7	19	241	101
5441	1	63	8	20	241	103
5442	1	64	0	11	249	86
5443	1	64	1	12	249	88
5444	1	64	2	13	249	90
5445	1	64	3	14	249	92
5446	1	64	4	15	249	94
5447	1	64	5	16	249	96
5448	1	64	6	17	249	98
5449	1	64	7	18	249	100
5450	1	65	0	10	253	85
5451	1	65	1	11	253	87
5452	1	65	2	12	253	89
5453	1	65	3	13	253	91
5454	1	65	4	14	253	93
5455	1	65	5	15	253	95
5456	1	65	6	16	253	97
5457	1	66	0	9	255	84
5458	1	66	1	10	255	86
5459	1	66	2	11	255	88
5460	1	66	3	12	255	90
5461	1	66	4	13	255	92
5462	1	66	5	14	255	94
5463	1	67	0	8	256	83
5464	1	67	1	9	256	85
5465	1	67	2	10	256	87
5466	1	67	3	11	256	89
5467	1	67	4	12	256	91
5468	1	68	0	7	128	82
5469	1	68	1	8	128	84
5470	1	68	2	9	128	86
5471	1	68	3	10	128	88
5472	1	69	0	6	64	81
5473	1	69	1	7	64	83
5474	1	69	2	8	64	85
5475	1	70	0	5	32	80
5476	1	70	1	6	32	82
5477	1	71	0	4	16	79
5478	2	0	0	0	1	75
5479	2	0	1	1	1	76
5480	2	0	2	2	1	77
5481	2	0	3	3	1	78
5482	2	0	4	4	1	80
5483	2	0	5	5	1	81
5484	2	0	6	6	1	83
5485	2	0	7	7	1	84
5486	2	0	8	8	1	86
5487	2	0	9	9	1	87
5488	2	0	10	10	1	89
5489	2	0	11	11	1	90
5490	2	0	12	12	1	92
5491	2	0	13	13	1	93
5492	2	0	14	14	1	95
5493	2	0	15	15	1	96
5494	2	0	16	16	1	98
5495	2	0	17	17	1	99
5496	2	0	18	18	1	101
5497	2	0	19	19	1	102
5498	2	0	20	20	1	104
5499	2	0	21	21	1	105
5500	2	0	22	22	1	107
5501	2	0	23	23	1	108
5502	2	0	24	24	1	110
5503	2	0	25	25	1	111
5504	2	0	26	26	1	113
5505	2	0	27	27	1	114
5506	2	0	28	28	1	116
5507	2	0	29	29	1	117
5508	2	0	30	30	1	119
5509	2	0	31	31	1	120
5510	2	0	32	32	1	122
5511	2	0	33	33	1	123
5512	2	0	34	34	1	125
5513	2	0	35	35	1	126
5514	2	0	36	36	1	128
5515	2	0	37	37	1	129
5516	2	0	38	38	1	131
5517	2	0	39	39	1	132
5518	2	0	40	40	1	134
5519	2	0	41	41	1	135
5520	2	0	42	42	1	137
5521	2	0	43	43	1	138
5522	2	0	44	44	1	140
5523	2	0	45	45	1	141
5524	2	0	46	46	1	143
5525	2	0	47	47	1	144
5526	2	0	48	48	1	146
5527	2	0	49	49	1	147
5528	2	0	50	50	1	149
5529	2	0	51	51	1	150
5530	2	0	52	52	1	152
5531	2	0	53	53	1	153
5532	2	0	54	54	1	155
5533	2	0	55	55	1	156
5534	2	0	56	56	1	158
5535	2	0	57	57	1	159
5536	2	0	58	58	1	161
5537	2	0	59	59	1	162
5538	2	0	60	60	1	164
5539	2	0	61	61	1	165
5540	2	0	62	62	1	167
5541	2	0	63	63	1	168
5542	2	0	64	64	1	170
5543	2	1	0	0	1	76
5544	2	1	1	1	1	77
5545	2	1	2	2	1	78
5546	2	1	3	3	1	79
5547	2	1	4	4	1	81
5548	2	1	5	5	1	82
5549	2	1	6	6	1	84
5550	2	1	7	7	1	85
5551	2	1	8	8	1	87
5552	2	1	9	9	1	88
5553	2	1	10	10	1	90
5554	2	1	11	11	1	91
5555	2	1	12	12	1	93
5556	2	1	13	13	1	94
5557	2	1	14	14	1	96
5558	2	1	15	15	1	97
5559	2	1	16	16	1	99
5560	2	1	17	17	1	100
5561	2	1	18	18	1	102
5562	2	1	19	19	1	103
5563	2	1	20	20	1	105
5564	2	1	21	21	1	106
5565	2	1	22	22	1	108
5566	2	1	23	23	1	109
5567	2	1	24	24	1	111
5568	2	1	25	25	1	112
5569	2	1	26	26	1	114
5570	2	1	27	27	1	115
5571	2	1	28	28	1	117
5572	2	1	29	29	1	118
5573	2	1	30	30	1	120
5574	2	1	31	31	1	121
5575	2	1	32	32	1	123
5576	2	1	33	33	1	124
5577	2	1	34	34	1	126
5578	2	1	35	35	1	127
5579	2	1	36	36	1	129
5580	2	1	37	37	1	130
5581	2	1	38	38	1	132
5582	2	1	39	39	1	133
5583	2	1	40	40	1	135
5584	2	1	41	41	1	136
5585	2	1	42	42	1	138
5586	2	1	43	43	1	139
5587	2	1	44	44	1	141
5588	2	1	45	45	1	142
5589	2	1	46	46	1	144
5590	2	1	47	47	1	145
5591	2	1	48	48	1	147
5592	2	1	49	49	1	148
5593	2	1	50	50	1	150
5594	2	1	51	51	1	151
5595	2	1	52	52	1	153
5596	2	1	53	53	1	154
5597	2	1	54	54	1	156
5598	2	1	55	55	1	157
5599	2	1	56	56	1	159
5600	2	1	57	57	1	160
5601	2	1	58	58	1	162
5602	2	1	59	59	1	163
5603	2	1	60	60	1	165
5604	2	1	61	61	1	166
5605	2	1	62	62	1	168
5606	2	1	63	63	1	169
5607	2	2	0	0	1	77
5608	2	2	1	1	1	78
5609	2	2	2	2	1	79
5610	2	2	3	3	1	80
5611	2	2	4	4	1	82
5612	2	2	5	5	1	83
5613	2	2	6	6	1	85
5614	2	2	7	7	1	86
5615	2	2	8	8	1	88
5616	2	2	9	9	1	89
5617	2	2	10	10	1	91
5618	2	2	11	11	1	92
5619	2	2	12	12	1	94
5620	2	2	13	13	1	95
5621	2	2	14	14	1	97
5622	2	2	15	15	1	98
5623	2	2	16	16	1	100
5624	2	2	17	17	1	101
5625	2	2	18	18	1	103
5626	2	2	19	19	1	104
5627	2	2	20	20	1	106
5628	2	2	21	21	1	107
5629	2	2	22	22	1	109
5630	2	2	23	23	1	110
5631	2	2	24	24	1	112
5632	2	2	25	25	1	113
5633	2	2	26	26	1	115
5634	2	2	27	27	1	116
5635	2	2	28	28	1	118
5636	2	2	29	29	1	119
5637	2	2	30	30	1	121
5638	2	2	31	31	1	122
5639	2	2	32	32	1	124
5640	2	2	33	33	1	125
5641	2	2	34	34	1	127
5642	2	2	35	35	1	128
5643	2	2	36	36	1	130
5644	2	2	37	37	1	131
5645	2	2	38	38	1	133
5646	2	2	39	39	1	134
5647	2	2	40	40	1	136
5648	2	2	41	41	1	137
5649	2	2	42	42	1	139
5650	2	2	43	43	1	140
5651	2	2	44	44	1	142
5652	2	2	45	45	1	143
5653	2	2	46	46	1	145
5654	2	2	47	47	1	146
5655	2	2	48	48	1	148
5656	2	2	49	49	1	149
5657	2	2	50	50	1	151
5658	2	2	51	51	1	152
5659	2	2	52	52	1	154
5660	2	2	53	53	1	155
5661	2	2	54	54	1	157
5662	2	2	55	55	1	158
5663	2	2	56	56	1	160
5664	2	2	57	57	1	161
5665	2	2	58	58	1	163
5666	2	2	59	59	1	164
5667	2	2	60	60	1	166
5668	2	2	61	61	1	167
5669	2	2	62	62	1	169
5670	2	3	0	0	1	78
5671	2	3	1	1	1	79
5672	2	3	2	2	1	80
5673	2	3	3	3	1	81
5674	2	3	4	4	1	83
5675	2	3	5	5	1	84
5676	2	3	6	6	1	86
5677	2	3	7	7	1	87
5678	2	3	8	8	1	89
5679	2	3	9	9	1	90
5680	2	3	10	10	1	92
5681	2	3	11	11	1	93
5682	2	3	12	12	1	95
5683	2	3	13	13	1	96
5684	2	3	14	14	1	98
5685	2	3	15	15	1	99
5686	2	3	16	16	1	101
5687	2	3	17	17	1	102
5688	2	3	18	18	1	104
5689	2	3	19	19	1	105
5690	2	3	20	20	1	107
5691	2	3	21	21	1	108
5692	2	3	22	22	1	110
5693	2	3	23	23	1	111
5694	2	3	24	24	1	113
5695	2	3	25	25	1	114
5696	2	3	26	26	1	116
5697	2	3	27	27	1	117
5698	2	3	28	28	1	119
5699	2	3	29	29	1	120
5700	2	3	30	30	1	122
5701	2	3	31	31	1	123
5702	2	3	32	32	1	125
5703	2	3	33	33	1	126
5704	2	3	34	34	1	128
5705	2	3	35	35	1	129
5706	2	3	36	36	1	131
5707	2	3	37	37	1	132
5708	2	3	38	38	1	134
5709	2	3	39	39	1	135
5710	2	3	40	40	1	137
5711	2	3	41	41	1	138
5712	2	3	42	42	1	140
5713	2	3	43	43	1	141
5714	2	3	44	44	1	143
5715	2	3	45	45	1	144
5716	2	3	46	46	1	146
5717	2	3	47	47	1	147
5718	2	3	48	48	1	149
5719	2	3	49	49	1	150
5720	2	3	50	50	1	152
5721	2	3	51	51	1	153
5722	2	3	52	52	1	155
5723	2	3	53	53	1	156
5724	2	3	54	54	1	158
5725	2	3	55	55	1	159
5726	2	3	56	56	1	161
5727	2	3	57	57	1	162
5728	2	3	58	58	1	164
5729	2	3	59	59	1	165
5730	2	3	60	60	1	167
5731	2	3	61	61	1	168
5732	2	4	0	0	1	79
5733	2	4	1	1	1	80
5734	2	4	2	2	1	81
5735	2	4	3	3	1	82
5736	2	4	4	4	1	84
5737	2	4	5	5	1	85
5738	2	4	6	6	1	87
5739	2	4	7	7	1	88
5740	2	4	8	8	1	90
5741	2	4	9	9	1	91
5742	2	4	10	10	1	93
5743	2	4	11	11	1	94
5744	2	4	12	12	1	96
5745	2	4	13	13	1	97
5746	2	4	14	14	1	99
5747	2	4	15	15	1	100
5748	2	4	16	16	1	102
5749	2	4	17	17	1	103
5750	2	4	18	18	1	105
5751	2	4	19	19	1	106
5752	2	4	20	20	1	108
5753	2	4	21	21	1	109
5754	2	4	22	22	1	111
5755	2	4	23	23	1	112
5756	2	4	24	24	1	114
5757	2	4	25	25	1	115
5758	2	4	26	26	1	117
5759	2	4	27	27	1	118
5760	2	4	28	28	1	120
5761	2	4	29	29	1	121
5762	2	4	30	30	1	123
5763	2	4	31	31	1	124
5764	2	4	32	32	1	126
5765	2	4	33	33	1	127
5766	2	4	34	34	1	129
5767	2	4	35	35	1	130
5768	2	4	36	36	1	132
5769	2	4	37	37	1	133
5770	2	4	38	38	1	135
5771	2	4	39	39	1	136
5772	2	4	40	40	1	138
5773	2	4	41	41	1	139
5774	2	4	42	42	1	141
5775	2	4	43	43	1	142
5776	2	4	44	44	1	144
5777	2	4	45	45	1	145
5778	2	4	46	46	1	147
5779	2	4	47	47	1	148
5780	2	4	48	48	1	150
5781	2	4	49	49	1	151
5782	2	4	50	50	1	153
5783	2	4	51	51	1	154
5784	2	4	52	52	1	156
5785	2	4	53	53	1	157
5786	2	4	54	54	1	159
5787	2	4	55	55	1	160
5788	2	4	56	56	1	162
5789	2	4	57	57	1	163
5790	2	4	58	58	1	165
5791	2	4	59	59	1	166
5792	2	4	60	60	1	168
5793	2	5	0	0	1	80
5794	2	5	1	1	1	81
5795	2	5	2	2	1	82
5796	2	5	3	3	1	83
5797	2	5	4	4	1	85
5798	2	5	5	5	1	86
5799	2	5	6	6	1	88
5800	2	5	7	7	1	89
5801	2	5	8	8	1	91
5802	2	5	9	9	1	92
5803	2	5	10	10	1	94
5804	2	5	11	11	1	95
5805	2	5	12	12	1	97
5806	2	5	13	13	1	98
5807	2	5	14	14	1	100
5808	2	5	15	15	1	101
5809	2	5	16	16	1	103
5810	2	5	17	17	1	104
5811	2	5	18	18	1	106
5812	2	5	19	19	1	107
5813	2	5	20	20	1	109
5814	2	5	21	21	1	110
5815	2	5	22	22	1	112
5816	2	5	23	23	1	113
5817	2	5	24	24	1	115
5818	2	5	25	25	1	116
5819	2	5	26	26	1	118
5820	2	5	27	27	1	119
5821	2	5	28	28	1	121
5822	2	5	29	29	1	122
5823	2	5	30	30	1	124
5824	2	5	31	31	1	125
5825	2	5	32	32	1	127
5826	2	5	33	33	1	128
5827	2	5	34	34	1	130
5828	2	5	35	35	1	131
5829	2	5	36	36	1	133
5830	2	5	37	37	1	134
5831	2	5	38	38	1	136
5832	2	5	39	39	1	137
5833	2	5	40	40	1	139
5834	2	5	41	41	1	140
5835	2	5	42	42	1	142
5836	2	5	43	43	1	143
5837	2	5	44	44	1	145
5838	2	5	45	45	1	146
5839	2	5	46	46	1	148
5840	2	5	47	47	1	149
5841	2	5	48	48	1	151
5842	2	5	49	49	1	152
5843	2	5	50	50	1	154
5844	2	5	51	51	1	155
5845	2	5	52	52	1	157
5846	2	5	53	53	1	158
5847	2	5	54	54	1	160
5848	2	5	55	55	1	161
5849	2	5	56	56	1	163
5850	2	5	57	57	1	164
5851	2	5	58	58	1	166
5852	2	5	59	59	1	167
5853	2	6	0	0	1	81
5854	2	6	1	1	1	82
5855	2	6	2	2	1	83
5856	2	6	3	3	1	84
5857	2	6	4	4	1	86
5858	2	6	5	5	1	87
5859	2	6	6	6	1	89
5860	2	6	7	7	1	90
5861	2	6	8	8	1	92
5862	2	6	9	9	1	93
5863	2	6	10	10	1	95
5864	2	6	11	11	1	96
5865	2	6	12	12	1	98
5866	2	6	13	13	1	99
5867	2	6	14	14	1	101
5868	2	6	15	15	1	102
5869	2	6	16	16	1	104
5870	2	6	17	17	1	105
5871	2	6	18	18	1	107
5872	2	6	19	19	1	108
5873	2	6	20	20	1	110
5874	2	6	21	21	1	111
5875	2	6	22	22	1	113
5876	2	6	23	23	1	114
5877	2	6	24	24	1	116
5878	2	6	25	25	1	117
5879	2	6	26	26	1	119
5880	2	6	27	27	1	120
5881	2	6	28	28	1	122
5882	2	6	29	29	1	123
5883	2	6	30	30	1	125
5884	2	6	31	31	1	126
5885	2	6	32	32	1	128
5886	2	6	33	33	1	129
5887	2	6	34	34	1	131
5888	2	6	35	35	1	132
5889	2	6	36	36	1	134
5890	2	6	37	37	1	135
5891	2	6	38	38	1	137
5892	2	6	39	39	1	138
5893	2	6	40	40	1	140
5894	2	6	41	41	1	141
5895	2	6	42	42	1	143
5896	2	6	43	43	1	144
5897	2	6	44	44	1	146
5898	2	6	45	45	1	147
5899	2	6	46	46	1	149
5900	2	6	47	47	1	150
5901	2	6	48	48	1	152
5902	2	6	49	49	1	153
5903	2	6	50	50	1	155
5904	2	6	51	51	1	156
5905	2	6	52	52	1	158
5906	2	6	53	53	1	159
5907	2	6	54	54	1	161
5908	2	6	55	55	1	162
5909	2	6	56	56	1	164
5910	2	6	57	57	1	165
5911	2	6	58	58	1	167
5912	2	7	0	0	1	82
5913	2	7	1	1	1	83
5914	2	7	2	2	1	84
5915	2	7	3	3	1	85
5916	2	7	4	4	1	87
5917	2	7	5	5	1	88
5918	2	7	6	6	1	90
5919	2	7	7	7	1	91
5920	2	7	8	8	1	93
5921	2	7	9	9	1	94
5922	2	7	10	10	1	96
5923	2	7	11	11	1	97
5924	2	7	12	12	1	99
5925	2	7	13	13	1	100
5926	2	7	14	14	1	102
5927	2	7	15	15	1	103
5928	2	7	16	16	1	105
5929	2	7	17	17	1	106
5930	2	7	18	18	1	108
5931	2	7	19	19	1	109
5932	2	7	20	20	1	111
5933	2	7	21	21	1	112
5934	2	7	22	22	1	114
5935	2	7	23	23	1	115
5936	2	7	24	24	1	117
5937	2	7	25	25	1	118
5938	2	7	26	26	1	120
5939	2	7	27	27	1	121
5940	2	7	28	28	1	123
5941	2	7	29	29	1	124
5942	2	7	30	30	1	126
5943	2	7	31	31	1	127
5944	2	7	32	32	1	129
5945	2	7	33	33	1	130
5946	2	7	34	34	1	132
5947	2	7	35	35	1	133
5948	2	7	36	36	1	135
5949	2	7	37	37	1	136
5950	2	7	38	38	1	138
5951	2	7	39	39	1	139
5952	2	7	40	40	1	141
5953	2	7	41	41	1	142
5954	2	7	42	42	1	144
5955	2	7	43	43	1	145
5956	2	7	44	44	1	147
5957	2	7	45	45	1	148
5958	2	7	46	46	1	150
5959	2	7	47	47	1	151
5960	2	7	48	48	1	153
5961	2	7	49	49	1	154
5962	2	7	50	50	1	156
5963	2	7	51	51	1	157
5964	2	7	52	52	1	159
5965	2	7	53	53	1	160
5966	2	7	54	54	1	162
5967	2	7	55	55	1	163
5968	2	7	56	56	1	165
5969	2	7	57	57	1	166
5970	2	8	0	0	1	83
5971	2	8	1	1	1	84
5972	2	8	2	2	1	85
5973	2	8	3	3	1	86
5974	2	8	4	4	1	88
5975	2	8	5	5	1	89
5976	2	8	6	6	1	91
5977	2	8	7	7	1	92
5978	2	8	8	8	1	94
5979	2	8	9	9	1	95
5980	2	8	10	10	1	97
5981	2	8	11	11	1	98
5982	2	8	12	12	1	100
5983	2	8	13	13	1	101
5984	2	8	14	14	1	103
5985	2	8	15	15	1	104
5986	2	8	16	16	1	106
5987	2	8	17	17	1	107
5988	2	8	18	18	1	109
5989	2	8	19	19	1	110
5990	2	8	20	20	1	112
5991	2	8	21	21	1	113
5992	2	8	22	22	1	115
5993	2	8	23	23	1	116
5994	2	8	24	24	1	118
5995	2	8	25	25	1	119
5996	2	8	26	26	1	121
5997	2	8	27	27	1	122
5998	2	8	28	28	1	124
5999	2	8	29	29	1	125
6000	2	8	30	30	1	127
6001	2	8	31	31	1	128
6002	2	8	32	32	1	130
6003	2	8	33	33	1	131
6004	2	8	34	34	1	133
6005	2	8	35	35	1	134
6006	2	8	36	36	1	136
6007	2	8	37	37	1	137
6008	2	8	38	38	1	139
6009	2	8	39	39	1	140
6010	2	8	40	40	1	142
6011	2	8	41	41	1	143
6012	2	8	42	42	1	145
6013	2	8	43	43	1	146
6014	2	8	44	44	1	148
6015	2	8	45	45	1	149
6016	2	8	46	46	1	151
6017	2	8	47	47	1	152
6018	2	8	48	48	1	154
6019	2	8	49	49	1	155
6020	2	8	50	50	1	157
6021	2	8	51	51	1	158
6022	2	8	52	52	1	160
6023	2	8	53	53	1	161
6024	2	8	54	54	1	163
6025	2	8	55	55	1	164
6026	2	8	56	56	1	166
6027	2	9	0	0	1	84
6028	2	9	1	1	1	85
6029	2	9	2	2	1	86
6030	2	9	3	3	1	87
6031	2	9	4	4	1	89
6032	2	9	5	5	1	90
6033	2	9	6	6	1	92
6034	2	9	7	7	1	93
6035	2	9	8	8	1	95
6036	2	9	9	9	1	96
6037	2	9	10	10	1	98
6038	2	9	11	11	1	99
6039	2	9	12	12	1	101
6040	2	9	13	13	1	102
6041	2	9	14	14	1	104
6042	2	9	15	15	1	105
6043	2	9	16	16	1	107
6044	2	9	17	17	1	108
6045	2	9	18	18	1	110
6046	2	9	19	19	1	111
6047	2	9	20	20	1	113
6048	2	9	21	21	1	114
6049	2	9	22	22	1	116
6050	2	9	23	23	1	117
6051	2	9	24	24	1	119
6052	2	9	25	25	1	120
6053	2	9	26	26	1	122
6054	2	9	27	27	1	123
6055	2	9	28	28	1	125
6056	2	9	29	29	1	126
6057	2	9	30	30	1	128
6058	2	9	31	31	1	129
6059	2	9	32	32	1	131
6060	2	9	33	33	1	132
6061	2	9	34	34	1	134
6062	2	9	35	35	1	135
6063	2	9	36	36	1	137
6064	2	9	37	37	1	138
6065	2	9	38	38	1	140
6066	2	9	39	39	1	141
6067	2	9	40	40	1	143
6068	2	9	41	41	1	144
6069	2	9	42	42	1	146
6070	2	9	43	43	1	147
6071	2	9	44	44	1	149
6072	2	9	45	45	1	150
6073	2	9	46	46	1	152
6074	2	9	47	47	1	153
6075	2	9	48	48	1	155
6076	2	9	49	49	1	156
6077	2	9	50	50	1	158
6078	2	9	51	51	1	159
6079	2	9	52	52	1	161
6080	2	9	53	53	1	162
6081	2	9	54	54	1	164
6082	2	9	55	55	1	165
6083	2	10	0	0	1	85
6084	2	10	1	1	1	86
6085	2	10	2	2	1	87
6086	2	10	3	3	1	88
6087	2	10	4	4	1	90
6088	2	10	5	5	1	91
6089	2	10	6	6	1	93
6090	2	10	7	7	1	94
6091	2	10	8	8	1	96
6092	2	10	9	9	1	97
6093	2	10	10	10	1	99
6094	2	10	11	11	1	100
6095	2	10	12	12	1	102
6096	2	10	13	13	1	103
6097	2	10	14	14	1	105
6098	2	10	15	15	1	106
6099	2	10	16	16	1	108
6100	2	10	17	17	1	109
6101	2	10	18	18	1	111
6102	2	10	19	19	1	112
6103	2	10	20	20	1	114
6104	2	10	21	21	1	115
6105	2	10	22	22	1	117
6106	2	10	23	23	1	118
6107	2	10	24	24	1	120
6108	2	10	25	25	1	121
6109	2	10	26	26	1	123
6110	2	10	27	27	1	124
6111	2	10	28	28	1	126
6112	2	10	29	29	1	127
6113	2	10	30	30	1	129
6114	2	10	31	31	1	130
6115	2	10	32	32	1	132
6116	2	10	33	33	1	133
6117	2	10	34	34	1	135
6118	2	10	35	35	1	136
6119	2	10	36	36	1	138
6120	2	10	37	37	1	139
6121	2	10	38	38	1	141
6122	2	10	39	39	1	142
6123	2	10	40	40	1	144
6124	2	10	41	41	1	145
6125	2	10	42	42	1	147
6126	2	10	43	43	1	148
6127	2	10	44	44	1	150
6128	2	10	45	45	1	151
6129	2	10	46	46	1	153
6130	2	10	47	47	1	154
6131	2	10	48	48	1	156
6132	2	10	49	49	1	157
6133	2	10	50	50	1	159
6134	2	10	51	51	1	160
6135	2	10	52	52	1	162
6136	2	10	53	53	1	163
6137	2	10	54	54	1	165
6138	2	11	0	0	1	86
6139	2	11	1	1	1	87
6140	2	11	2	2	1	88
6141	2	11	3	3	1	89
6142	2	11	4	4	1	91
6143	2	11	5	5	1	92
6144	2	11	6	6	1	94
6145	2	11	7	7	1	95
6146	2	11	8	8	1	97
6147	2	11	9	9	1	98
6148	2	11	10	10	1	100
6149	2	11	11	11	1	101
6150	2	11	12	12	1	103
6151	2	11	13	13	1	104
6152	2	11	14	14	1	106
6153	2	11	15	15	1	107
6154	2	11	16	16	1	109
6155	2	11	17	17	1	110
6156	2	11	18	18	1	112
6157	2	11	19	19	1	113
6158	2	11	20	20	1	115
6159	2	11	21	21	1	116
6160	2	11	22	22	1	118
6161	2	11	23	23	1	119
6162	2	11	24	24	1	121
6163	2	11	25	25	1	122
6164	2	11	26	26	1	124
6165	2	11	27	27	1	125
6166	2	11	28	28	1	127
6167	2	11	29	29	1	128
6168	2	11	30	30	1	130
6169	2	11	31	31	1	131
6170	2	11	32	32	1	133
6171	2	11	33	33	1	134
6172	2	11	34	34	1	136
6173	2	11	35	35	1	137
6174	2	11	36	36	1	139
6175	2	11	37	37	1	140
6176	2	11	38	38	1	142
6177	2	11	39	39	1	143
6178	2	11	40	40	1	145
6179	2	11	41	41	1	146
6180	2	11	42	42	1	148
6181	2	11	43	43	1	149
6182	2	11	44	44	1	151
6183	2	11	45	45	1	152
6184	2	11	46	46	1	154
6185	2	11	47	47	1	155
6186	2	11	48	48	1	157
6187	2	11	49	49	1	158
6188	2	11	50	50	1	160
6189	2	11	51	51	1	161
6190	2	11	52	52	1	163
6191	2	11	53	53	1	164
6192	2	12	0	0	1	87
6193	2	12	1	1	1	88
6194	2	12	2	2	1	89
6195	2	12	3	3	1	90
6196	2	12	4	4	1	92
6197	2	12	5	5	1	93
6198	2	12	6	6	1	95
6199	2	12	7	7	1	96
6200	2	12	8	8	1	98
6201	2	12	9	9	1	99
6202	2	12	10	10	1	101
6203	2	12	11	11	1	102
6204	2	12	12	12	1	104
6205	2	12	13	13	1	105
6206	2	12	14	14	1	107
6207	2	12	15	15	1	108
6208	2	12	16	16	1	110
6209	2	12	17	17	1	111
6210	2	12	18	18	1	113
6211	2	12	19	19	1	114
6212	2	12	20	20	1	116
6213	2	12	21	21	1	117
6214	2	12	22	22	1	119
6215	2	12	23	23	1	120
6216	2	12	24	24	1	122
6217	2	12	25	25	1	123
6218	2	12	26	26	1	125
6219	2	12	27	27	1	126
6220	2	12	28	28	1	128
6221	2	12	29	29	1	129
6222	2	12	30	30	1	131
6223	2	12	31	31	1	132
6224	2	12	32	32	1	134
6225	2	12	33	33	1	135
6226	2	12	34	34	1	137
6227	2	12	35	35	1	138
6228	2	12	36	36	1	140
6229	2	12	37	37	1	141
6230	2	12	38	38	1	143
6231	2	12	39	39	1	144
6232	2	12	40	40	1	146
6233	2	12	41	41	1	147
6234	2	12	42	42	1	149
6235	2	12	43	43	1	150
6236	2	12	44	44	1	152
6237	2	12	45	45	1	153
6238	2	12	46	46	1	155
6239	2	12	47	47	1	156
6240	2	12	48	48	1	158
6241	2	12	49	49	1	159
6242	2	12	50	50	1	161
6243	2	12	51	51	1	162
6244	2	12	52	52	1	164
6245	2	13	0	0	1	88
6246	2	13	1	1	1	89
6247	2	13	2	2	1	90
6248	2	13	3	3	1	91
6249	2	13	4	4	1	93
6250	2	13	5	5	1	94
6251	2	13	6	6	1	96
6252	2	13	7	7	1	97
6253	2	13	8	8	1	99
6254	2	13	9	9	1	100
6255	2	13	10	10	1	102
6256	2	13	11	11	1	103
6257	2	13	12	12	1	105
6258	2	13	13	13	1	106
6259	2	13	14	14	1	108
6260	2	13	15	15	1	109
6261	2	13	16	16	1	111
6262	2	13	17	17	1	112
6263	2	13	18	18	1	114
6264	2	13	19	19	1	115
6265	2	13	20	20	1	117
6266	2	13	21	21	1	118
6267	2	13	22	22	1	120
6268	2	13	23	23	1	121
6269	2	13	24	24	1	123
6270	2	13	25	25	1	124
6271	2	13	26	26	1	126
6272	2	13	27	27	1	127
6273	2	13	28	28	1	129
6274	2	13	29	29	1	130
6275	2	13	30	30	1	132
6276	2	13	31	31	1	133
6277	2	13	32	32	1	135
6278	2	13	33	33	1	136
6279	2	13	34	34	1	138
6280	2	13	35	35	1	139
6281	2	13	36	36	1	141
6282	2	13	37	37	1	142
6283	2	13	38	38	1	144
6284	2	13	39	39	1	145
6285	2	13	40	40	1	147
6286	2	13	41	41	1	148
6287	2	13	42	42	1	150
6288	2	13	43	43	1	151
6289	2	13	44	44	1	153
6290	2	13	45	45	1	154
6291	2	13	46	46	1	156
6292	2	13	47	47	1	157
6293	2	13	48	48	1	159
6294	2	13	49	49	1	160
6295	2	13	50	50	1	162
6296	2	13	51	51	1	163
6297	2	14	0	0	1	89
6298	2	14	1	1	1	90
6299	2	14	2	2	1	91
6300	2	14	3	3	1	92
6301	2	14	4	4	1	94
6302	2	14	5	5	1	95
6303	2	14	6	6	1	97
6304	2	14	7	7	1	98
6305	2	14	8	8	1	100
6306	2	14	9	9	1	101
6307	2	14	10	10	1	103
6308	2	14	11	11	1	104
6309	2	14	12	12	1	106
6310	2	14	13	13	1	107
6311	2	14	14	14	1	109
6312	2	14	15	15	1	110
6313	2	14	16	16	1	112
6314	2	14	17	17	1	113
6315	2	14	18	18	1	115
6316	2	14	19	19	1	116
6317	2	14	20	20	1	118
6318	2	14	21	21	1	119
6319	2	14	22	22	1	121
6320	2	14	23	23	1	122
6321	2	14	24	24	1	124
6322	2	14	25	25	1	125
6323	2	14	26	26	1	127
6324	2	14	27	27	1	128
6325	2	14	28	28	1	130
6326	2	14	29	29	1	131
6327	2	14	30	30	1	133
6328	2	14	31	31	1	134
6329	2	14	32	32	1	136
6330	2	14	33	33	1	137
6331	2	14	34	34	1	139
6332	2	14	35	35	1	140
6333	2	14	36	36	1	142
6334	2	14	37	37	1	143
6335	2	14	38	38	1	145
6336	2	14	39	39	1	146
6337	2	14	40	40	1	148
6338	2	14	41	41	1	149
6339	2	14	42	42	1	151
6340	2	14	43	43	1	152
6341	2	14	44	44	1	154
6342	2	14	45	45	1	155
6343	2	14	46	46	1	157
6344	2	14	47	47	1	158
6345	2	14	48	48	1	160
6346	2	14	49	49	1	161
6347	2	14	50	50	1	163
6348	2	15	0	0	1	90
6349	2	15	1	1	1	91
6350	2	15	2	2	1	92
6351	2	15	3	3	1	93
6352	2	15	4	4	1	95
6353	2	15	5	5	1	96
6354	2	15	6	6	1	98
6355	2	15	7	7	1	99
6356	2	15	8	8	1	101
6357	2	15	9	9	1	102
6358	2	15	10	10	1	104
6359	2	15	11	11	1	105
6360	2	15	12	12	1	107
6361	2	15	13	13	1	108
6362	2	15	14	14	1	110
6363	2	15	15	15	1	111
6364	2	15	16	16	1	113
6365	2	15	17	17	1	114
6366	2	15	18	18	1	116
6367	2	15	19	19	1	117
6368	2	15	20	20	1	119
6369	2	15	21	21	1	120
6370	2	15	22	22	1	122
6371	2	15	23	23	1	123
6372	2	15	24	24	1	125
6373	2	15	25	25	1	126
6374	2	15	26	26	1	128
6375	2	15	27	27	1	129
6376	2	15	28	28	1	131
6377	2	15	29	29	1	132
6378	2	15	30	30	1	134
6379	2	15	31	31	1	135
6380	2	15	32	32	1	137
6381	2	15	33	33	1	138
6382	2	15	34	34	1	140
6383	2	15	35	35	1	141
6384	2	15	36	36	1	143
6385	2	15	37	37	1	144
6386	2	15	38	38	1	146
6387	2	15	39	39	1	147
6388	2	15	40	40	1	149
6389	2	15	41	41	1	150
6390	2	15	42	42	1	152
6391	2	15	43	43	1	153
6392	2	15	44	44	1	155
6393	2	15	45	45	1	156
6394	2	15	46	46	1	158
6395	2	15	47	47	1	159
6396	2	15	48	48	1	161
6397	2	15	49	49	1	162
6398	2	16	0	0	1	91
6399	2	16	1	1	1	92
6400	2	16	2	2	1	93
6401	2	16	3	3	1	94
6402	2	16	4	4	1	96
6403	2	16	5	5	1	97
6404	2	16	6	6	1	99
6405	2	16	7	7	1	100
6406	2	16	8	8	1	102
6407	2	16	9	9	1	103
6408	2	16	10	10	1	105
6409	2	16	11	11	1	106
6410	2	16	12	12	1	108
6411	2	16	13	13	1	109
6412	2	16	14	14	1	111
6413	2	16	15	15	1	112
6414	2	16	16	16	1	114
6415	2	16	17	17	1	115
6416	2	16	18	18	1	117
6417	2	16	19	19	1	118
6418	2	16	20	20	1	120
6419	2	16	21	21	1	121
6420	2	16	22	22	1	123
6421	2	16	23	23	1	124
6422	2	16	24	24	1	126
6423	2	16	25	25	1	127
6424	2	16	26	26	1	129
6425	2	16	27	27	1	130
6426	2	16	28	28	1	132
6427	2	16	29	29	1	133
6428	2	16	30	30	1	135
6429	2	16	31	31	1	136
6430	2	16	32	32	1	138
6431	2	16	33	33	1	139
6432	2	16	34	34	1	141
6433	2	16	35	35	1	142
6434	2	16	36	36	1	144
6435	2	16	37	37	1	145
6436	2	16	38	38	1	147
6437	2	16	39	39	1	148
6438	2	16	40	40	1	150
6439	2	16	41	41	1	151
6440	2	16	42	42	1	153
6441	2	16	43	43	1	154
6442	2	16	44	44	1	156
6443	2	16	45	45	1	157
6444	2	16	46	46	1	159
6445	2	16	47	47	1	160
6446	2	16	48	48	1	162
6447	2	17	0	0	1	92
6448	2	17	1	1	1	93
6449	2	17	2	2	1	94
6450	2	17	3	3	1	95
6451	2	17	4	4	1	97
6452	2	17	5	5	1	98
6453	2	17	6	6	1	100
6454	2	17	7	7	1	101
6455	2	17	8	8	1	103
6456	2	17	9	9	1	104
6457	2	17	10	10	1	106
6458	2	17	11	11	1	107
6459	2	17	12	12	1	109
6460	2	17	13	13	1	110
6461	2	17	14	14	1	112
6462	2	17	15	15	1	113
6463	2	17	16	16	1	115
6464	2	17	17	17	1	116
6465	2	17	18	18	1	118
6466	2	17	19	19	1	119
6467	2	17	20	20	1	121
6468	2	17	21	21	1	122
6469	2	17	22	22	1	124
6470	2	17	23	23	1	125
6471	2	17	24	24	1	127
6472	2	17	25	25	1	128
6473	2	17	26	26	1	130
6474	2	17	27	27	1	131
6475	2	17	28	28	1	133
6476	2	17	29	29	1	134
6477	2	17	30	30	1	136
6478	2	17	31	31	1	137
6479	2	17	32	32	1	139
6480	2	17	33	33	1	140
6481	2	17	34	34	1	142
6482	2	17	35	35	1	143
6483	2	17	36	36	1	145
6484	2	17	37	37	1	146
6485	2	17	38	38	1	148
6486	2	17	39	39	1	149
6487	2	17	40	40	1	151
6488	2	17	41	41	1	152
6489	2	17	42	42	1	154
6490	2	17	43	43	1	155
6491	2	17	44	44	1	157
6492	2	17	45	45	1	158
6493	2	17	46	46	1	160
6494	2	17	47	47	1	161
6495	2	18	0	0	1	93
6496	2	18	1	1	1	94
6497	2	18	2	2	1	95
6498	2	18	3	3	1	96
6499	2	18	4	4	1	98
6500	2	18	5	5	1	99
6501	2	18	6	6	1	101
6502	2	18	7	7	1	102
6503	2	18	8	8	1	104
6504	2	18	9	9	1	105
6505	2	18	10	10	1	107
6506	2	18	11	11	1	108
6507	2	18	12	12	1	110
6508	2	18	13	13	1	111
6509	2	18	14	14	1	113
6510	2	18	15	15	1	114
6511	2	18	16	16	1	116
6512	2	18	17	17	1	117
6513	2	18	18	18	1	119
6514	2	18	19	19	1	120
6515	2	18	20	20	1	122
6516	2	18	21	21	1	123
6517	2	18	22	22	1	125
6518	2	18	23	23	1	126
6519	2	18	24	24	1	128
6520	2	18	25	25	1	129
6521	2	18	26	26	1	131
6522	2	18	27	27	1	132
6523	2	18	28	28	1	134
6524	2	18	29	29	1	135
6525	2	18	30	30	1	137
6526	2	18	31	31	1	138
6527	2	18	32	32	1	140
6528	2	18	33	33	1	141
6529	2	18	34	34	1	143
6530	2	18	35	35	1	144
6531	2	18	36	36	1	146
6532	2	18	37	37	1	147
6533	2	18	38	38	1	149
6534	2	18	39	39	1	150
6535	2	18	40	40	1	152
6536	2	18	41	41	1	153
6537	2	18	42	42	1	155
6538	2	18	43	43	1	156
6539	2	18	44	44	1	158
6540	2	18	45	45	1	159
6541	2	18	46	46	1	161
6542	2	19	0	0	1	94
6543	2	19	1	1	1	95
6544	2	19	2	2	1	96
6545	2	19	3	3	1	97
6546	2	19	4	4	1	99
6547	2	19	5	5	1	100
6548	2	19	6	6	1	102
6549	2	19	7	7	1	103
6550	2	19	8	8	1	105
6551	2	19	9	9	1	106
6552	2	19	10	10	1	108
6553	2	19	11	11	1	109
6554	2	19	12	12	1	111
6555	2	19	13	13	1	112
6556	2	19	14	14	1	114
6557	2	19	15	15	1	115
6558	2	19	16	16	1	117
6559	2	19	17	17	1	118
6560	2	19	18	18	1	120
6561	2	19	19	19	1	121
6562	2	19	20	20	1	123
6563	2	19	21	21	1	124
6564	2	19	22	22	1	126
6565	2	19	23	23	1	127
6566	2	19	24	24	1	129
6567	2	19	25	25	1	130
6568	2	19	26	26	1	132
6569	2	19	27	27	1	133
6570	2	19	28	28	1	135
6571	2	19	29	29	1	136
6572	2	19	30	30	1	138
6573	2	19	31	31	1	139
6574	2	19	32	32	1	141
6575	2	19	33	33	1	142
6576	2	19	34	34	1	144
6577	2	19	35	35	1	145
6578	2	19	36	36	1	147
6579	2	19	37	37	1	148
6580	2	19	38	38	1	150
6581	2	19	39	39	1	151
6582	2	19	40	40	1	153
6583	2	19	41	41	1	154
6584	2	19	42	42	1	156
6585	2	19	43	43	1	157
6586	2	19	44	44	1	159
6587	2	19	45	45	1	160
6588	2	20	0	0	1	95
6589	2	20	1	1	1	96
6590	2	20	2	2	1	97
6591	2	20	3	3	1	98
6592	2	20	4	4	1	100
6593	2	20	5	5	1	101
6594	2	20	6	6	1	103
6595	2	20	7	7	1	104
6596	2	20	8	8	1	106
6597	2	20	9	9	1	107
6598	2	20	10	10	1	109
6599	2	20	11	11	1	110
6600	2	20	12	12	1	112
6601	2	20	13	13	1	113
6602	2	20	14	14	1	115
6603	2	20	15	15	1	116
6604	2	20	16	16	1	118
6605	2	20	17	17	1	119
6606	2	20	18	18	1	121
6607	2	20	19	19	1	122
6608	2	20	20	20	1	124
6609	2	20	21	21	1	125
6610	2	20	22	22	1	127
6611	2	20	23	23	1	128
6612	2	20	24	24	1	130
6613	2	20	25	25	1	131
6614	2	20	26	26	1	133
6615	2	20	27	27	1	134
6616	2	20	28	28	1	136
6617	2	20	29	29	1	137
6618	2	20	30	30	1	139
6619	2	20	31	31	1	140
6620	2	20	32	32	1	142
6621	2	20	33	33	1	143
6622	2	20	34	34	1	145
6623	2	20	35	35	1	146
6624	2	20	36	36	1	148
6625	2	20	37	37	1	149
6626	2	20	38	38	1	151
6627	2	20	39	39	1	152
6628	2	20	40	40	1	154
6629	2	20	41	41	1	155
6630	2	20	42	42	1	157
6631	2	20	43	43	1	158
6632	2	20	44	44	1	160
6633	2	21	0	0	1	96
6634	2	21	1	1	1	97
6635	2	21	2	2	1	98
6636	2	21	3	3	1	99
6637	2	21	4	4	1	101
6638	2	21	5	5	1	102
6639	2	21	6	6	1	104
6640	2	21	7	7	1	105
6641	2	21	8	8	1	107
6642	2	21	9	9	1	108
6643	2	21	10	10	1	110
6644	2	21	11	11	1	111
6645	2	21	12	12	1	113
6646	2	21	13	13	1	114
6647	2	21	14	14	1	116
6648	2	21	15	15	1	117
6649	2	21	16	16	1	119
6650	2	21	17	17	1	120
6651	2	21	18	18	1	122
6652	2	21	19	19	1	123
6653	2	21	20	20	1	125
6654	2	21	21	21	1	126
6655	2	21	22	22	1	128
6656	2	21	23	23	1	129
6657	2	21	24	24	1	131
6658	2	21	25	25	1	132
6659	2	21	26	26	1	134
6660	2	21	27	27	1	135
6661	2	21	28	28	1	137
6662	2	21	29	29	1	138
6663	2	21	30	30	1	140
6664	2	21	31	31	1	141
6665	2	21	32	32	1	143
6666	2	21	33	33	1	144
6667	2	21	34	34	1	146
6668	2	21	35	35	1	147
6669	2	21	36	36	1	149
6670	2	21	37	37	1	150
6671	2	21	38	38	1	152
6672	2	21	39	39	1	153
6673	2	21	40	40	1	155
6674	2	21	41	41	1	156
6675	2	21	42	42	1	158
6676	2	21	43	43	1	159
6677	2	22	0	0	1	97
6678	2	22	1	1	1	98
6679	2	22	2	2	1	99
6680	2	22	3	3	1	100
6681	2	22	4	4	1	102
6682	2	22	5	5	1	103
6683	2	22	6	6	1	105
6684	2	22	7	7	1	106
6685	2	22	8	8	1	108
6686	2	22	9	9	1	109
6687	2	22	10	10	1	111
6688	2	22	11	11	1	112
6689	2	22	12	12	1	114
6690	2	22	13	13	1	115
6691	2	22	14	14	1	117
6692	2	22	15	15	1	118
6693	2	22	16	16	1	120
6694	2	22	17	17	1	121
6695	2	22	18	18	1	123
6696	2	22	19	19	1	124
6697	2	22	20	20	1	126
6698	2	22	21	21	1	127
6699	2	22	22	22	1	129
6700	2	22	23	23	1	130
6701	2	22	24	24	1	132
6702	2	22	25	25	1	133
6703	2	22	26	26	1	135
6704	2	22	27	27	1	136
6705	2	22	28	28	1	138
6706	2	22	29	29	1	139
6707	2	22	30	30	1	141
6708	2	22	31	31	1	142
6709	2	22	32	32	1	144
6710	2	22	33	33	1	145
6711	2	22	34	34	1	147
6712	2	22	35	35	1	148
6713	2	22	36	36	1	150
6714	2	22	37	37	1	151
6715	2	22	38	38	1	153
6716	2	22	39	39	1	154
6717	2	22	40	40	1	156
6718	2	22	41	41	1	157
6719	2	22	42	42	1	159
6720	2	23	0	0	1	98
6721	2	23	1	1	1	99
6722	2	23	2	2	1	100
6723	2	23	3	3	1	101
6724	2	23	4	4	1	103
6725	2	23	5	5	1	104
6726	2	23	6	6	1	106
6727	2	23	7	7	1	107
6728	2	23	8	8	1	109
6729	2	23	9	9	1	110
6730	2	23	10	10	1	112
6731	2	23	11	11	1	113
6732	2	23	12	12	1	115
6733	2	23	13	13	1	116
6734	2	23	14	14	1	118
6735	2	23	15	15	1	119
6736	2	23	16	16	1	121
6737	2	23	17	17	1	122
6738	2	23	18	18	1	124
6739	2	23	19	19	1	125
6740	2	23	20	20	1	127
6741	2	23	21	21	1	128
6742	2	23	22	22	1	130
6743	2	23	23	23	1	131
6744	2	23	24	24	1	133
6745	2	23	25	25	1	134
6746	2	23	26	26	1	136
6747	2	23	27	27	1	137
6748	2	23	28	28	1	139
6749	2	23	29	29	1	140
6750	2	23	30	30	1	142
6751	2	23	31	31	1	143
6752	2	23	32	32	1	145
6753	2	23	33	33	1	146
6754	2	23	34	34	1	148
6755	2	23	35	35	1	149
6756	2	23	36	36	1	151
6757	2	23	37	37	1	152
6758	2	23	38	38	1	154
6759	2	23	39	39	1	155
6760	2	23	40	40	1	157
6761	2	23	41	41	1	158
6762	2	24	0	0	1	99
6763	2	24	1	1	1	100
6764	2	24	2	2	1	101
6765	2	24	3	3	1	102
6766	2	24	4	4	1	104
6767	2	24	5	5	1	105
6768	2	24	6	6	1	107
6769	2	24	7	7	1	108
6770	2	24	8	8	1	110
6771	2	24	9	9	1	111
6772	2	24	10	10	1	113
6773	2	24	11	11	1	114
6774	2	24	12	12	1	116
6775	2	24	13	13	1	117
6776	2	24	14	14	1	119
6777	2	24	15	15	1	120
6778	2	24	16	16	1	122
6779	2	24	17	17	1	123
6780	2	24	18	18	1	125
6781	2	24	19	19	1	126
6782	2	24	20	20	1	128
6783	2	24	21	21	1	129
6784	2	24	22	22	1	131
6785	2	24	23	23	1	132
6786	2	24	24	24	1	134
6787	2	24	25	25	1	135
6788	2	24	26	26	1	137
6789	2	24	27	27	1	138
6790	2	24	28	28	1	140
6791	2	24	29	29	1	141
6792	2	24	30	30	1	143
6793	2	24	31	31	1	144
6794	2	24	32	32	1	146
6795	2	24	33	33	1	147
6796	2	24	34	34	1	149
6797	2	24	35	35	1	150
6798	2	24	36	36	1	152
6799	2	24	37	37	1	153
6800	2	24	38	38	1	155
6801	2	24	39	39	1	156
6802	2	24	40	40	1	158
6803	2	25	0	0	1	100
6804	2	25	1	1	1	101
6805	2	25	2	2	1	102
6806	2	25	3	3	1	103
6807	2	25	4	4	1	105
6808	2	25	5	5	1	106
6809	2	25	6	6	1	108
6810	2	25	7	7	1	109
6811	2	25	8	8	1	111
6812	2	25	9	9	1	112
6813	2	25	10	10	1	114
6814	2	25	11	11	1	115
6815	2	25	12	12	1	117
6816	2	25	13	13	1	118
6817	2	25	14	14	1	120
6818	2	25	15	15	1	121
6819	2	25	16	16	1	123
6820	2	25	17	17	1	124
6821	2	25	18	18	1	126
6822	2	25	19	19	1	127
6823	2	25	20	20	1	129
6824	2	25	21	21	1	130
6825	2	25	22	22	1	132
6826	2	25	23	23	1	133
6827	2	25	24	24	1	135
6828	2	25	25	25	1	136
6829	2	25	26	26	1	138
6830	2	25	27	27	1	139
6831	2	25	28	28	1	141
6832	2	25	29	29	1	142
6833	2	25	30	30	1	144
6834	2	25	31	31	1	145
6835	2	25	32	32	1	147
6836	2	25	33	33	1	148
6837	2	25	34	34	1	150
6838	2	25	35	35	1	151
6839	2	25	36	36	1	153
6840	2	25	37	37	1	154
6841	2	25	38	38	1	156
6842	2	25	39	39	1	157
6843	2	26	0	0	1	101
6844	2	26	1	1	1	102
6845	2	26	2	2	1	103
6846	2	26	3	3	1	104
6847	2	26	4	4	1	106
6848	2	26	5	5	1	107
6849	2	26	6	6	1	109
6850	2	26	7	7	1	110
6851	2	26	8	8	1	112
6852	2	26	9	9	1	113
6853	2	26	10	10	1	115
6854	2	26	11	11	1	116
6855	2	26	12	12	1	118
6856	2	26	13	13	1	119
6857	2	26	14	14	1	121
6858	2	26	15	15	1	122
6859	2	26	16	16	1	124
6860	2	26	17	17	1	125
6861	2	26	18	18	1	127
6862	2	26	19	19	1	128
6863	2	26	20	20	1	130
6864	2	26	21	21	1	131
6865	2	26	22	22	1	133
6866	2	26	23	23	1	134
6867	2	26	24	24	1	136
6868	2	26	25	25	1	137
6869	2	26	26	26	1	139
6870	2	26	27	27	1	140
6871	2	26	28	28	1	142
6872	2	26	29	29	1	143
6873	2	26	30	30	1	145
6874	2	26	31	31	1	146
6875	2	26	32	32	1	148
6876	2	26	33	33	1	149
6877	2	26	34	34	1	151
6878	2	26	35	35	1	152
6879	2	26	36	36	1	154
6880	2	26	37	37	1	155
6881	2	26	38	38	1	157
6882	2	27	0	0	1	102
6883	2	27	1	1	1	103
6884	2	27	2	2	1	104
6885	2	27	3	3	1	105
6886	2	27	4	4	1	107
6887	2	27	5	5	1	108
6888	2	27	6	6	1	110
6889	2	27	7	7	1	111
6890	2	27	8	8	1	113
6891	2	27	9	9	1	114
6892	2	27	10	10	1	116
6893	2	27	11	11	1	117
6894	2	27	12	12	1	119
6895	2	27	13	13	1	120
6896	2	27	14	14	1	122
6897	2	27	15	15	1	123
6898	2	27	16	16	1	125
6899	2	27	17	17	1	126
6900	2	27	18	18	1	128
6901	2	27	19	19	1	129
6902	2	27	20	20	1	131
6903	2	27	21	21	1	132
6904	2	27	22	22	1	134
6905	2	27	23	23	1	135
6906	2	27	24	24	1	137
6907	2	27	25	25	1	138
6908	2	27	26	26	1	140
6909	2	27	27	27	1	141
6910	2	27	28	28	1	143
6911	2	27	29	29	1	144
6912	2	27	30	30	1	146
6913	2	27	31	31	1	147
6914	2	27	32	32	1	149
6915	2	27	33	33	1	150
6916	2	27	34	34	1	152
6917	2	27	35	35	1	153
6918	2	27	36	36	1	155
6919	2	27	37	37	1	156
6920	2	28	0	0	1	103
6921	2	28	1	1	1	104
6922	2	28	2	2	1	105
6923	2	28	3	3	1	106
6924	2	28	4	4	1	108
6925	2	28	5	5	1	109
6926	2	28	6	6	1	111
6927	2	28	7	7	1	112
6928	2	28	8	8	1	114
6929	2	28	9	9	1	115
6930	2	28	10	10	1	117
6931	2	28	11	11	1	118
6932	2	28	12	12	1	120
6933	2	28	13	13	1	121
6934	2	28	14	14	1	123
6935	2	28	15	15	1	124
6936	2	28	16	16	1	126
6937	2	28	17	17	1	127
6938	2	28	18	18	1	129
6939	2	28	19	19	1	130
6940	2	28	20	20	1	132
6941	2	28	21	21	1	133
6942	2	28	22	22	1	135
6943	2	28	23	23	1	136
6944	2	28	24	24	1	138
6945	2	28	25	25	1	139
6946	2	28	26	26	1	141
6947	2	28	27	27	1	142
6948	2	28	28	28	1	144
6949	2	28	29	29	1	145
6950	2	28	30	30	1	147
6951	2	28	31	31	1	148
6952	2	28	32	32	1	150
6953	2	28	33	33	1	151
6954	2	28	34	34	1	153
6955	2	28	35	35	1	154
6956	2	28	36	36	1	156
6957	2	29	0	0	1	104
6958	2	29	1	1	1	105
6959	2	29	2	2	1	106
6960	2	29	3	3	1	107
6961	2	29	4	4	1	109
6962	2	29	5	5	1	110
6963	2	29	6	6	1	112
6964	2	29	7	7	1	113
6965	2	29	8	8	1	115
6966	2	29	9	9	1	116
6967	2	29	10	10	1	118
6968	2	29	11	11	1	119
6969	2	29	12	12	1	121
6970	2	29	13	13	1	122
6971	2	29	14	14	1	124
6972	2	29	15	15	1	125
6973	2	29	16	16	1	127
6974	2	29	17	17	1	128
6975	2	29	18	18	1	130
6976	2	29	19	19	1	131
6977	2	29	20	20	1	133
6978	2	29	21	21	1	134
6979	2	29	22	22	1	136
6980	2	29	23	23	1	137
6981	2	29	24	24	1	139
6982	2	29	25	25	1	140
6983	2	29	26	26	1	142
6984	2	29	27	27	1	143
6985	2	29	28	28	1	145
6986	2	29	29	29	1	146
6987	2	29	30	30	1	148
6988	2	29	31	31	1	149
6989	2	29	32	32	1	151
6990	2	29	33	33	1	152
6991	2	29	34	34	1	154
6992	2	29	35	35	1	155
6993	2	30	0	0	1	105
6994	2	30	1	1	1	106
6995	2	30	2	2	1	107
6996	2	30	3	3	1	108
6997	2	30	4	4	1	110
6998	2	30	5	5	1	111
6999	2	30	6	6	1	113
7000	2	30	7	7	1	114
7001	2	30	8	8	1	116
7002	2	30	9	9	1	117
7003	2	30	10	10	1	119
7004	2	30	11	11	1	120
7005	2	30	12	12	1	122
7006	2	30	13	13	1	123
7007	2	30	14	14	1	125
7008	2	30	15	15	1	126
7009	2	30	16	16	1	128
7010	2	30	17	17	1	129
7011	2	30	18	18	1	131
7012	2	30	19	19	1	132
7013	2	30	20	20	1	134
7014	2	30	21	21	1	135
7015	2	30	22	22	1	137
7016	2	30	23	23	1	138
7017	2	30	24	24	1	140
7018	2	30	25	25	1	141
7019	2	30	26	26	1	143
7020	2	30	27	27	1	144
7021	2	30	28	28	1	146
7022	2	30	29	29	1	147
7023	2	30	30	30	1	149
7024	2	30	31	31	1	150
7025	2	30	32	32	1	152
7026	2	30	33	33	1	153
7027	2	30	34	34	1	155
7028	2	31	0	0	1	106
7029	2	31	1	1	1	107
7030	2	31	2	2	1	108
7031	2	31	3	3	1	109
7032	2	31	4	4	1	111
7033	2	31	5	5	1	112
7034	2	31	6	6	1	114
7035	2	31	7	7	1	115
7036	2	31	8	8	1	117
7037	2	31	9	9	1	118
7038	2	31	10	10	1	120
7039	2	31	11	11	1	121
7040	2	31	12	12	1	123
7041	2	31	13	13	1	124
7042	2	31	14	14	1	126
7043	2	31	15	15	1	127
7044	2	31	16	16	1	129
7045	2	31	17	17	1	130
7046	2	31	18	18	1	132
7047	2	31	19	19	1	133
7048	2	31	20	20	1	135
7049	2	31	21	21	1	136
7050	2	31	22	22	1	138
7051	2	31	23	23	1	139
7052	2	31	24	24	1	141
7053	2	31	25	25	1	142
7054	2	31	26	26	1	144
7055	2	31	27	27	1	145
7056	2	31	28	28	1	147
7057	2	31	29	29	1	148
7058	2	31	30	30	1	150
7059	2	31	31	31	1	151
7060	2	31	32	32	1	153
7061	2	31	33	33	1	154
7062	2	32	0	0	1	107
7063	2	32	1	1	1	108
7064	2	32	2	2	1	109
7065	2	32	3	3	1	110
7066	2	32	4	4	1	112
7067	2	32	5	5	1	113
7068	2	32	6	6	1	115
7069	2	32	7	7	1	116
7070	2	32	8	8	1	118
7071	2	32	9	9	1	119
7072	2	32	10	10	1	121
7073	2	32	11	11	1	122
7074	2	32	12	12	1	124
7075	2	32	13	13	1	125
7076	2	32	14	14	1	127
7077	2	32	15	15	1	128
7078	2	32	16	16	1	130
7079	2	32	17	17	1	131
7080	2	32	18	18	1	133
7081	2	32	19	19	1	134
7082	2	32	20	20	1	136
7083	2	32	21	21	1	137
7084	2	32	22	22	1	139
7085	2	32	23	23	1	140
7086	2	32	24	24	1	142
7087	2	32	25	25	1	143
7088	2	32	26	26	1	145
7089	2	32	27	27	1	146
7090	2	32	28	28	1	148
7091	2	32	29	29	1	149
7092	2	32	30	30	1	151
7093	2	32	31	31	1	152
7094	2	32	32	32	1	154
7095	2	33	0	0	1	108
7096	2	33	1	1	1	109
7097	2	33	2	2	1	110
7098	2	33	3	3	1	111
7099	2	33	4	4	1	113
7100	2	33	5	5	1	114
7101	2	33	6	6	1	116
7102	2	33	7	7	1	117
7103	2	33	8	8	1	119
7104	2	33	9	9	1	120
7105	2	33	10	10	1	122
7106	2	33	11	11	1	123
7107	2	33	12	12	1	125
7108	2	33	13	13	1	126
7109	2	33	14	14	1	128
7110	2	33	15	15	1	129
7111	2	33	16	16	1	131
7112	2	33	17	17	1	132
7113	2	33	18	18	1	134
7114	2	33	19	19	1	135
7115	2	33	20	20	1	137
7116	2	33	21	21	1	138
7117	2	33	22	22	1	140
7118	2	33	23	23	1	141
7119	2	33	24	24	1	143
7120	2	33	25	25	1	144
7121	2	33	26	26	1	146
7122	2	33	27	27	1	147
7123	2	33	28	28	1	149
7124	2	33	29	29	1	150
7125	2	33	30	30	1	152
7126	2	33	31	31	1	153
7127	2	34	0	0	1	109
7128	2	34	1	1	1	110
7129	2	34	2	2	1	111
7130	2	34	3	3	1	112
7131	2	34	4	4	1	114
7132	2	34	5	5	1	115
7133	2	34	6	6	1	117
7134	2	34	7	7	1	118
7135	2	34	8	8	1	120
7136	2	34	9	9	1	121
7137	2	34	10	10	1	123
7138	2	34	11	11	1	124
7139	2	34	12	12	1	126
7140	2	34	13	13	1	127
7141	2	34	14	14	1	129
7142	2	34	15	15	1	130
7143	2	34	16	16	1	132
7144	2	34	17	17	1	133
7145	2	34	18	18	1	135
7146	2	34	19	19	1	136
7147	2	34	20	20	1	138
7148	2	34	21	21	1	139
7149	2	34	22	22	1	141
7150	2	34	23	23	1	142
7151	2	34	24	24	1	144
7152	2	34	25	25	1	145
7153	2	34	26	26	1	147
7154	2	34	27	27	1	148
7155	2	34	28	28	1	150
7156	2	34	29	29	1	151
7157	2	34	30	30	1	153
7158	2	35	0	0	1	110
7159	2	35	1	1	1	111
7160	2	35	2	2	1	112
7161	2	35	3	3	1	113
7162	2	35	4	4	1	115
7163	2	35	5	5	1	116
7164	2	35	6	6	1	118
7165	2	35	7	7	1	119
7166	2	35	8	8	1	121
7167	2	35	9	9	1	122
7168	2	35	10	10	1	124
7169	2	35	11	11	1	125
7170	2	35	12	12	1	127
7171	2	35	13	13	1	128
7172	2	35	14	14	1	130
7173	2	35	15	15	1	131
7174	2	35	16	16	1	133
7175	2	35	17	17	1	134
7176	2	35	18	18	1	136
7177	2	35	19	19	1	137
7178	2	35	20	20	1	139
7179	2	35	21	21	1	140
7180	2	35	22	22	1	142
7181	2	35	23	23	1	143
7182	2	35	24	24	1	145
7183	2	35	25	25	1	146
7184	2	35	26	26	1	148
7185	2	35	27	27	1	149
7186	2	35	28	28	1	151
7187	2	35	29	29	1	152
7188	2	36	0	0	1	111
7189	2	36	1	1	1	112
7190	2	36	2	2	1	113
7191	2	36	3	3	1	114
7192	2	36	4	4	1	116
7193	2	36	5	5	1	117
7194	2	36	6	6	1	119
7195	2	36	7	7	1	120
7196	2	36	8	8	1	122
7197	2	36	9	9	1	123
7198	2	36	10	10	1	125
7199	2	36	11	11	1	126
7200	2	36	12	12	1	128
7201	2	36	13	13	1	129
7202	2	36	14	14	1	131
7203	2	36	15	15	1	132
7204	2	36	16	16	1	134
7205	2	36	17	17	1	135
7206	2	36	18	18	1	137
7207	2	36	19	19	1	138
7208	2	36	20	20	1	140
7209	2	36	21	21	1	141
7210	2	36	22	22	1	143
7211	2	36	23	23	1	144
7212	2	36	24	24	1	146
7213	2	36	25	25	1	147
7214	2	36	26	26	1	149
7215	2	36	27	27	1	150
7216	2	36	28	28	1	152
7217	2	37	0	0	1	112
7218	2	37	1	1	1	113
7219	2	37	2	2	1	114
7220	2	37	3	3	1	115
7221	2	37	4	4	1	117
7222	2	37	5	5	1	118
7223	2	37	6	6	1	120
7224	2	37	7	7	1	121
7225	2	37	8	8	1	123
7226	2	37	9	9	1	124
7227	2	37	10	10	1	126
7228	2	37	11	11	1	127
7229	2	37	12	12	1	129
7230	2	37	13	13	1	130
7231	2	37	14	14	1	132
7232	2	37	15	15	1	133
7233	2	37	16	16	1	135
7234	2	37	17	17	1	136
7235	2	37	18	18	1	138
7236	2	37	19	19	1	139
7237	2	37	20	20	1	141
7238	2	37	21	21	1	142
7239	2	37	22	22	1	144
7240	2	37	23	23	1	145
7241	2	37	24	24	1	147
7242	2	37	25	25	1	148
7243	2	37	26	26	1	150
7244	2	37	27	27	1	151
7245	2	38	0	0	1	113
7246	2	38	1	1	1	114
7247	2	38	2	2	1	115
7248	2	38	3	3	1	116
7249	2	38	4	4	1	118
7250	2	38	5	5	1	119
7251	2	38	6	6	1	121
7252	2	38	7	7	1	122
7253	2	38	8	8	1	124
7254	2	38	9	9	1	125
7255	2	38	10	10	1	127
7256	2	38	11	11	1	128
7257	2	38	12	12	1	130
7258	2	38	13	13	1	131
7259	2	38	14	14	1	133
7260	2	38	15	15	1	134
7261	2	38	16	16	1	136
7262	2	38	17	17	1	137
7263	2	38	18	18	1	139
7264	2	38	19	19	1	140
7265	2	38	20	20	1	142
7266	2	38	21	21	1	143
7267	2	38	22	22	1	145
7268	2	38	23	23	1	146
7269	2	38	24	24	1	148
7270	2	38	25	25	1	149
7271	2	38	26	26	1	151
7272	2	39	0	0	1	114
7273	2	39	1	1	1	115
7274	2	39	2	2	1	116
7275	2	39	3	3	1	117
7276	2	39	4	4	1	119
7277	2	39	5	5	1	120
7278	2	39	6	6	1	122
7279	2	39	7	7	1	123
7280	2	39	8	8	1	125
7281	2	39	9	9	1	126
7282	2	39	10	10	1	128
7283	2	39	11	11	1	129
7284	2	39	12	12	1	131
7285	2	39	13	13	1	132
7286	2	39	14	14	1	134
7287	2	39	15	15	1	135
7288	2	39	16	16	1	137
7289	2	39	17	17	1	138
7290	2	39	18	18	1	140
7291	2	39	19	19	1	141
7292	2	39	20	20	1	143
7293	2	39	21	21	1	144
7294	2	39	22	22	1	146
7295	2	39	23	23	1	147
7296	2	39	24	24	1	149
7297	2	39	25	25	1	150
7298	2	40	0	0	1	115
7299	2	40	1	1	1	116
7300	2	40	2	2	1	117
7301	2	40	3	3	1	118
7302	2	40	4	4	1	120
7303	2	40	5	5	1	121
7304	2	40	6	6	1	123
7305	2	40	7	7	1	124
7306	2	40	8	8	1	126
7307	2	40	9	9	1	127
7308	2	40	10	10	1	129
7309	2	40	11	11	1	130
7310	2	40	12	12	1	132
7311	2	40	13	13	1	133
7312	2	40	14	14	1	135
7313	2	40	15	15	1	136
7314	2	40	16	16	1	138
7315	2	40	17	17	1	139
7316	2	40	18	18	1	141
7317	2	40	19	19	1	142
7318	2	40	20	20	1	144
7319	2	40	21	21	1	145
7320	2	40	22	22	1	147
7321	2	40	23	23	1	148
7322	2	40	24	24	1	150
7323	2	41	0	0	1	116
7324	2	41	1	1	1	117
7325	2	41	2	2	1	118
7326	2	41	3	3	1	119
7327	2	41	4	4	1	121
7328	2	41	5	5	1	122
7329	2	41	6	6	1	124
7330	2	41	7	7	1	125
7331	2	41	8	8	1	127
7332	2	41	9	9	1	128
7333	2	41	10	10	1	130
7334	2	41	11	11	1	131
7335	2	41	12	12	1	133
7336	2	41	13	13	1	134
7337	2	41	14	14	1	136
7338	2	41	15	15	1	137
7339	2	41	16	16	1	139
7340	2	41	17	17	1	140
7341	2	41	18	18	1	142
7342	2	41	19	19	1	143
7343	2	41	20	20	1	145
7344	2	41	21	21	1	146
7345	2	41	22	22	1	148
7346	2	41	23	23	1	149
7347	2	42	0	0	1	117
7348	2	42	1	1	1	118
7349	2	42	2	2	1	119
7350	2	42	3	3	1	120
7351	2	42	4	4	1	122
7352	2	42	5	5	1	123
7353	2	42	6	6	1	125
7354	2	42	7	7	1	126
7355	2	42	8	8	1	128
7356	2	42	9	9	1	129
7357	2	42	10	10	1	131
7358	2	42	11	11	1	132
7359	2	42	12	12	1	134
7360	2	42	13	13	1	135
7361	2	42	14	14	1	137
7362	2	42	15	15	1	138
7363	2	42	16	16	1	140
7364	2	42	17	17	1	141
7365	2	42	18	18	1	143
7366	2	42	19	19	1	144
7367	2	42	20	20	1	146
7368	2	42	21	21	1	147
7369	2	42	22	22	1	149
7370	2	43	0	0	1	118
7371	2	43	1	1	1	119
7372	2	43	2	2	1	120
7373	2	43	3	3	1	121
7374	2	43	4	4	1	123
7375	2	43	5	5	1	124
7376	2	43	6	6	1	126
7377	2	43	7	7	1	127
7378	2	43	8	8	1	129
7379	2	43	9	9	1	130
7380	2	43	10	10	1	132
7381	2	43	11	11	1	133
7382	2	43	12	12	1	135
7383	2	43	13	13	1	136
7384	2	43	14	14	1	138
7385	2	43	15	15	1	139
7386	2	43	16	16	1	141
7387	2	43	17	17	1	142
7388	2	43	18	18	1	144
7389	2	43	19	19	1	145
7390	2	43	20	20	1	147
7391	2	43	21	21	1	148
7392	2	44	0	0	1	119
7393	2	44	1	1	1	120
7394	2	44	2	2	1	121
7395	2	44	3	3	1	122
7396	2	44	4	4	1	124
7397	2	44	5	5	1	125
7398	2	44	6	6	1	127
7399	2	44	7	7	1	128
7400	2	44	8	8	1	130
7401	2	44	9	9	1	131
7402	2	44	10	10	1	133
7403	2	44	11	11	1	134
7404	2	44	12	12	1	136
7405	2	44	13	13	1	137
7406	2	44	14	14	1	139
7407	2	44	15	15	1	140
7408	2	44	16	16	1	142
7409	2	44	17	17	1	143
7410	2	44	18	18	1	145
7411	2	44	19	19	1	146
7412	2	44	20	20	1	148
7413	2	45	0	0	1	120
7414	2	45	1	1	1	121
7415	2	45	2	2	1	122
7416	2	45	3	3	1	123
7417	2	45	4	4	1	125
7418	2	45	5	5	1	126
7419	2	45	6	6	1	128
7420	2	45	7	7	1	129
7421	2	45	8	8	1	131
7422	2	45	9	9	1	132
7423	2	45	10	10	1	134
7424	2	45	11	11	1	135
7425	2	45	12	12	1	137
7426	2	45	13	13	1	138
7427	2	45	14	14	1	140
7428	2	45	15	15	1	141
7429	2	45	16	16	1	143
7430	2	45	17	17	1	144
7431	2	45	18	18	1	146
7432	2	45	19	19	1	147
7433	2	46	0	0	1	121
7434	2	46	1	1	1	122
7435	2	46	2	2	1	123
7436	2	46	3	3	1	124
7437	2	46	4	4	1	126
7438	2	46	5	5	1	127
7439	2	46	6	6	1	129
7440	2	46	7	7	1	130
7441	2	46	8	8	1	132
7442	2	46	9	9	1	133
7443	2	46	10	10	1	135
7444	2	46	11	11	1	136
7445	2	46	12	12	1	138
7446	2	46	13	13	1	139
7447	2	46	14	14	1	141
7448	2	46	15	15	1	142
7449	2	46	16	16	1	144
7450	2	46	17	17	1	145
7451	2	46	18	18	1	147
7452	2	47	0	0	1	122
7453	2	47	1	1	1	123
7454	2	47	2	2	1	124
7455	2	47	3	3	1	125
7456	2	47	4	4	1	127
7457	2	47	5	5	1	128
7458	2	47	6	6	1	130
7459	2	47	7	7	1	131
7460	2	47	8	8	1	133
7461	2	47	9	9	1	134
7462	2	47	10	10	1	136
7463	2	47	11	11	1	137
7464	2	47	12	12	1	139
7465	2	47	13	13	1	140
7466	2	47	14	14	1	142
7467	2	47	15	15	1	143
7468	2	47	16	16	1	145
7469	2	47	17	17	1	146
7470	2	48	0	0	1	123
7471	2	48	1	1	1	124
7472	2	48	2	2	1	125
7473	2	48	3	3	1	126
7474	2	48	4	4	1	128
7475	2	48	5	5	1	129
7476	2	48	6	6	1	131
7477	2	48	7	7	1	132
7478	2	48	8	8	1	134
7479	2	48	9	9	1	135
7480	2	48	10	10	1	137
7481	2	48	11	11	1	138
7482	2	48	12	12	1	140
7483	2	48	13	13	1	141
7484	2	48	14	14	1	143
7485	2	48	15	15	1	144
7486	2	48	16	16	1	146
7487	2	49	0	0	1	124
7488	2	49	1	1	1	125
7489	2	49	2	2	1	126
7490	2	49	3	3	1	127
7491	2	49	4	4	1	129
7492	2	49	5	5	1	130
7493	2	49	6	6	1	132
7494	2	49	7	7	1	133
7495	2	49	8	8	1	135
7496	2	49	9	9	1	136
7497	2	49	10	10	1	138
7498	2	49	11	11	1	139
7499	2	49	12	12	1	141
7500	2	49	13	13	1	142
7501	2	49	14	14	1	144
7502	2	49	15	15	1	145
7503	2	50	0	0	1	125
7504	2	50	1	1	1	126
7505	2	50	2	2	1	127
7506	2	50	3	3	1	128
7507	2	50	4	4	1	130
7508	2	50	5	5	1	131
7509	2	50	6	6	1	133
7510	2	50	7	7	1	134
7511	2	50	8	8	1	136
7512	2	50	9	9	1	137
7513	2	50	10	10	1	139
7514	2	50	11	11	1	140
7515	2	50	12	12	1	142
7516	2	50	13	13	1	143
7517	2	50	14	14	1	145
7518	2	51	0	0	1	126
7519	2	51	1	1	1	127
7520	2	51	2	2	1	128
7521	2	51	3	3	1	129
7522	2	51	4	4	1	131
7523	2	51	5	5	1	132
7524	2	51	6	6	1	134
7525	2	51	7	7	1	135
7526	2	51	8	8	1	137
7527	2	51	9	9	1	138
7528	2	51	10	10	1	140
7529	2	51	11	11	1	141
7530	2	51	12	12	1	143
7531	2	51	13	13	1	144
7532	2	52	0	0	1	127
7533	2	52	1	1	1	128
7534	2	52	2	2	1	129
7535	2	52	3	3	1	130
7536	2	52	4	4	1	132
7537	2	52	5	5	1	133
7538	2	52	6	6	1	135
7539	2	52	7	7	1	136
7540	2	52	8	8	1	138
7541	2	52	9	9	1	139
7542	2	52	10	10	1	141
7543	2	52	11	11	1	142
7544	2	52	12	12	1	144
7545	2	53	0	0	1	128
7546	2	53	1	1	1	129
7547	2	53	2	2	1	130
7548	2	53	3	3	1	131
7549	2	53	4	4	1	133
7550	2	53	5	5	1	134
7551	2	53	6	6	1	136
7552	2	53	7	7	1	137
7553	2	53	8	8	1	139
7554	2	53	9	9	1	140
7555	2	53	10	10	1	142
7556	2	53	11	11	1	143
7557	2	54	0	0	1	129
7558	2	54	1	1	1	130
7559	2	54	2	2	1	131
7560	2	54	3	3	1	132
7561	2	54	4	4	1	134
7562	2	54	5	5	1	135
7563	2	54	6	6	1	137
7564	2	54	7	7	1	138
7565	2	54	8	8	1	140
7566	2	54	9	9	1	141
7567	2	54	10	10	1	143
7568	2	55	0	0	1	130
7569	2	55	1	1	1	131
7570	2	55	2	2	1	132
7571	2	55	3	3	1	133
7572	2	55	4	4	1	135
7573	2	55	5	5	1	136
7574	2	55	6	6	1	138
7575	2	55	7	7	1	139
7576	2	55	8	8	1	141
7577	2	55	9	9	1	142
7578	2	56	0	0	1	131
7579	2	56	1	1	1	132
7580	2	56	2	2	1	133
7581	2	56	3	3	1	134
7582	2	56	4	4	1	136
7583	2	56	5	5	1	137
7584	2	56	6	6	1	139
7585	2	56	7	7	1	140
7586	2	56	8	8	1	142
7587	2	57	0	0	1	132
7588	2	57	1	1	1	133
7589	2	57	2	2	1	134
7590	2	57	3	3	1	135
7591	2	57	4	4	1	137
7592	2	57	5	5	1	138
7593	2	57	6	6	1	140
7594	2	57	7	7	1	141
7595	2	58	0	0	1	133
7596	2	58	1	1	1	134
7597	2	58	2	2	1	135
7598	2	58	3	3	1	136
7599	2	58	4	4	1	138
7600	2	58	5	5	1	139
7601	2	58	6	6	1	141
7602	2	59	0	0	1	134
7603	2	59	1	1	1	135
7604	2	59	2	2	1	136
7605	2	59	3	3	1	137
7606	2	59	4	4	1	139
7607	2	59	5	5	1	140
7608	2	60	0	0	1	135
7609	2	60	1	1	1	136
7610	2	60	2	2	1	137
7611	2	60	3	3	1	138
7612	2	60	4	4	1	140
7613	2	61	0	0	1	136
7614	2	61	1	1	1	137
7615	2	61	2	2	1	138
7616	2	61	3	3	1	139
7617	2	62	0	0	1	137
7618	2	62	1	1	1	138
7619	2	62	2	2	1	139
7620	2	63	0	0	1	138
7621	2	63	1	1	1	139
7622	2	64	0	0	1	139
7623	3	0	0	65	209	171
7624	3	0	1	66	209	173
7625	3	0	2	67	209	174
7626	3	0	3	68	209	176
7627	3	0	4	69	209	177
7628	3	0	5	70	209	179
7629	3	0	6	71	209	180
7630	3	0	7	72	209	182
7631	3	0	8	73	209	183
7632	3	0	9	74	209	185
7633	3	0	10	75	209	186
7634	3	0	11	76	209	188
7635	3	0	12	77	209	189
7636	3	0	13	78	209	191
7637	3	0	14	79	209	192
7638	3	0	15	80	209	194
7639	3	0	16	81	209	195
7640	3	0	17	82	209	197
7641	3	0	18	83	209	198
7642	3	0	19	84	209	200
7643	3	0	20	85	209	201
7644	3	0	21	86	209	203
7645	3	0	22	87	209	204
7646	3	0	23	88	209	206
7647	3	0	24	89	209	207
7648	3	0	25	90	209	209
7649	3	0	26	91	209	210
7650	3	0	27	92	209	212
7651	3	0	28	93	209	213
7652	3	0	29	94	209	215
7653	3	0	30	95	209	216
7654	3	0	31	96	209	218
7655	3	0	32	97	209	219
7656	3	0	33	98	209	221
7657	3	0	34	99	209	222
7658	3	0	35	100	209	224
7659	3	0	36	101	209	225
7660	3	0	37	102	209	227
7661	3	0	38	103	209	228
7662	3	0	39	104	209	230
7663	3	0	40	105	209	231
7664	3	0	41	106	209	233
7665	3	0	42	107	209	234
7666	3	0	43	108	209	236
7667	3	0	44	109	209	237
7668	3	0	45	110	209	239
7669	3	0	46	111	209	240
7670	3	0	47	112	209	242
7671	3	0	48	113	209	243
7672	3	0	49	114	209	245
7673	3	0	50	115	209	246
7674	3	0	51	116	209	248
7675	3	0	52	117	209	249
7676	3	0	53	118	209	251
7677	3	0	54	119	209	252
7678	3	1	0	64	241	171
7679	3	1	1	65	241	172
7680	3	1	2	66	241	174
7681	3	1	3	67	241	175
7682	3	1	4	68	241	177
7683	3	1	5	69	241	178
7684	3	1	6	70	241	180
7685	3	1	7	71	241	181
7686	3	1	8	72	241	183
7687	3	1	9	73	241	184
7688	3	1	10	74	241	186
7689	3	1	11	75	241	187
7690	3	1	12	76	241	189
7691	3	1	13	77	241	190
7692	3	1	14	78	241	192
7693	3	1	15	79	241	193
7694	3	1	16	80	241	195
7695	3	1	17	81	241	196
7696	3	1	18	82	241	198
7697	3	1	19	83	241	199
7698	3	1	20	84	241	201
7699	3	1	21	85	241	202
7700	3	1	22	86	241	204
7701	3	1	23	87	241	205
7702	3	1	24	88	241	207
7703	3	1	25	89	241	208
7704	3	1	26	90	241	210
7705	3	1	27	91	241	211
7706	3	1	28	92	241	213
7707	3	1	29	93	241	214
7708	3	1	30	94	241	216
7709	3	1	31	95	241	217
7710	3	1	32	96	241	219
7711	3	1	33	97	241	220
7712	3	1	34	98	241	222
7713	3	1	35	99	241	223
7714	3	1	36	100	241	225
7715	3	1	37	101	241	226
7716	3	1	38	102	241	228
7717	3	1	39	103	241	229
7718	3	1	40	104	241	231
7719	3	1	41	105	241	232
7720	3	1	42	106	241	234
7721	3	1	43	107	241	235
7722	3	1	44	108	241	237
7723	3	1	45	109	241	238
7724	3	1	46	110	241	240
7725	3	1	47	111	241	241
7726	3	1	48	112	241	243
7727	3	1	49	113	241	244
7728	3	1	50	114	241	246
7729	3	1	51	115	241	247
7730	3	1	52	116	241	249
7731	3	1	53	117	241	250
7732	3	2	0	63	166	170
7733	3	2	1	64	166	172
7734	3	2	2	65	166	173
7735	3	2	3	66	166	175
7736	3	2	4	67	166	176
7737	3	2	5	68	166	178
7738	3	2	6	69	166	179
7739	3	2	7	70	166	181
7740	3	2	8	71	166	182
7741	3	2	9	72	166	184
7742	3	2	10	73	166	185
7743	3	2	11	74	166	187
7744	3	2	12	75	166	188
7745	3	2	13	76	166	190
7746	3	2	14	77	166	191
7747	3	2	15	78	166	193
7748	3	2	16	79	166	194
7749	3	2	17	80	166	196
7750	3	2	18	81	166	197
7751	3	2	19	82	166	199
7752	3	2	20	83	166	200
7753	3	2	21	84	166	202
7754	3	2	22	85	166	203
7755	3	2	23	86	166	205
7756	3	2	24	87	166	206
7757	3	2	25	88	166	208
7758	3	2	26	89	166	209
7759	3	2	27	90	166	211
7760	3	2	28	91	166	212
7761	3	2	29	92	166	214
7762	3	2	30	93	166	215
7763	3	2	31	94	166	217
7764	3	2	32	95	166	218
7765	3	2	33	96	166	220
7766	3	2	34	97	166	221
7767	3	2	35	98	166	223
7768	3	2	36	99	166	224
7769	3	2	37	100	166	226
7770	3	2	38	101	166	227
7771	3	2	39	102	166	229
7772	3	2	40	103	166	230
7773	3	2	41	104	166	232
7774	3	2	42	105	166	233
7775	3	2	43	106	166	235
7776	3	2	44	107	166	236
7777	3	2	45	108	166	238
7778	3	2	46	109	166	239
7779	3	2	47	110	166	241
7780	3	2	48	111	166	242
7781	3	2	49	112	166	244
7782	3	2	50	113	166	245
7783	3	2	51	114	166	247
7784	3	2	52	115	166	248
7785	3	3	0	62	141	170
7786	3	3	1	63	141	171
7787	3	3	2	64	141	173
7788	3	3	3	65	141	174
7789	3	3	4	66	141	176
7790	3	3	5	67	141	177
7791	3	3	6	68	141	179
7792	3	3	7	69	141	180
7793	3	3	8	70	141	182
7794	3	3	9	71	141	183
7795	3	3	10	72	141	185
7796	3	3	11	73	141	186
7797	3	3	12	74	141	188
7798	3	3	13	75	141	189
7799	3	3	14	76	141	191
7800	3	3	15	77	141	192
7801	3	3	16	78	141	194
7802	3	3	17	79	141	195
7803	3	3	18	80	141	197
7804	3	3	19	81	141	198
7805	3	3	20	82	141	200
7806	3	3	21	83	141	201
7807	3	3	22	84	141	203
7808	3	3	23	85	141	204
7809	3	3	24	86	141	206
7810	3	3	25	87	141	207
7811	3	3	26	88	141	209
7812	3	3	27	89	141	210
7813	3	3	28	90	141	212
7814	3	3	29	91	141	213
7815	3	3	30	92	141	215
7816	3	3	31	93	141	216
7817	3	3	32	94	141	218
7818	3	3	33	95	141	219
7819	3	3	34	96	141	221
7820	3	3	35	97	141	222
7821	3	3	36	98	141	224
7822	3	3	37	99	141	225
7823	3	3	38	100	141	227
7824	3	3	39	101	141	228
7825	3	3	40	102	141	230
7826	3	3	41	103	141	231
7827	3	3	42	104	141	233
7828	3	3	43	105	141	234
7829	3	3	44	106	141	236
7830	3	3	45	107	141	237
7831	3	3	46	108	141	239
7832	3	3	47	109	141	240
7833	3	3	48	110	141	242
7834	3	3	49	111	141	243
7835	3	3	50	112	141	245
7836	3	3	51	113	141	246
7837	3	4	0	61	47	169
7838	3	4	1	62	47	171
7839	3	4	2	63	47	172
7840	3	4	3	64	47	174
7841	3	4	4	65	47	175
7842	3	4	5	66	47	177
7843	3	4	6	67	47	178
7844	3	4	7	68	47	180
7845	3	4	8	69	47	181
7846	3	4	9	70	47	183
7847	3	4	10	71	47	184
7848	3	4	11	72	47	186
7849	3	4	12	73	47	187
7850	3	4	13	74	47	189
7851	3	4	14	75	47	190
7852	3	4	15	76	47	192
7853	3	4	16	77	47	193
7854	3	4	17	78	47	195
7855	3	4	18	79	47	196
7856	3	4	19	80	47	198
7857	3	4	20	81	47	199
7858	3	4	21	82	47	201
7859	3	4	22	83	47	202
7860	3	4	23	84	47	204
7861	3	4	24	85	47	205
7862	3	4	25	86	47	207
7863	3	4	26	87	47	208
7864	3	4	27	88	47	210
7865	3	4	28	89	47	211
7866	3	4	29	90	47	213
7867	3	4	30	91	47	214
7868	3	4	31	92	47	216
7869	3	4	32	93	47	217
7870	3	4	33	94	47	219
7871	3	4	34	95	47	220
7872	3	4	35	96	47	222
7873	3	4	36	97	47	223
7874	3	4	37	98	47	225
7875	3	4	38	99	47	226
7876	3	4	39	100	47	228
7877	3	4	40	101	47	229
7878	3	4	41	102	47	231
7879	3	4	42	103	47	232
7880	3	4	43	104	47	234
7881	3	4	44	105	47	235
7882	3	4	45	106	47	237
7883	3	4	46	107	47	238
7884	3	4	47	108	47	240
7885	3	4	48	109	47	241
7886	3	4	49	110	47	243
7887	3	4	50	111	47	244
7888	3	5	0	60	187	169
7889	3	5	1	61	187	170
7890	3	5	2	62	187	172
7891	3	5	3	63	187	173
7892	3	5	4	64	187	175
7893	3	5	5	65	187	176
7894	3	5	6	66	187	178
7895	3	5	7	67	187	179
7896	3	5	8	68	187	181
7897	3	5	9	69	187	182
7898	3	5	10	70	187	184
7899	3	5	11	71	187	185
7900	3	5	12	72	187	187
7901	3	5	13	73	187	188
7902	3	5	14	74	187	190
7903	3	5	15	75	187	191
7904	3	5	16	76	187	193
7905	3	5	17	77	187	194
7906	3	5	18	78	187	196
7907	3	5	19	79	187	197
7908	3	5	20	80	187	199
7909	3	5	21	81	187	200
7910	3	5	22	82	187	202
7911	3	5	23	83	187	203
7912	3	5	24	84	187	205
7913	3	5	25	85	187	206
7914	3	5	26	86	187	208
7915	3	5	27	87	187	209
7916	3	5	28	88	187	211
7917	3	5	29	89	187	212
7918	3	5	30	90	187	214
7919	3	5	31	91	187	215
7920	3	5	32	92	187	217
7921	3	5	33	93	187	218
7922	3	5	34	94	187	220
7923	3	5	35	95	187	221
7924	3	5	36	96	187	223
7925	3	5	37	97	187	224
7926	3	5	38	98	187	226
7927	3	5	39	99	187	227
7928	3	5	40	100	187	229
7929	3	5	41	101	187	230
7930	3	5	42	102	187	232
7931	3	5	43	103	187	233
7932	3	5	44	104	187	235
7933	3	5	45	105	187	236
7934	3	5	46	106	187	238
7935	3	5	47	107	187	239
7936	3	5	48	108	187	241
7937	3	5	49	109	187	242
7938	3	6	0	59	148	168
7939	3	6	1	60	148	170
7940	3	6	2	61	148	171
7941	3	6	3	62	148	173
7942	3	6	4	63	148	174
7943	3	6	5	64	148	176
7944	3	6	6	65	148	177
7945	3	6	7	66	148	179
7946	3	6	8	67	148	180
7947	3	6	9	68	148	182
7948	3	6	10	69	148	183
7949	3	6	11	70	148	185
7950	3	6	12	71	148	186
7951	3	6	13	72	148	188
7952	3	6	14	73	148	189
7953	3	6	15	74	148	191
7954	3	6	16	75	148	192
7955	3	6	17	76	148	194
7956	3	6	18	77	148	195
7957	3	6	19	78	148	197
7958	3	6	20	79	148	198
7959	3	6	21	80	148	200
7960	3	6	22	81	148	201
7961	3	6	23	82	148	203
7962	3	6	24	83	148	204
7963	3	6	25	84	148	206
7964	3	6	26	85	148	207
7965	3	6	27	86	148	209
7966	3	6	28	87	148	210
7967	3	6	29	88	148	212
7968	3	6	30	89	148	213
7969	3	6	31	90	148	215
7970	3	6	32	91	148	216
7971	3	6	33	92	148	218
7972	3	6	34	93	148	219
7973	3	6	35	94	148	221
7974	3	6	36	95	148	222
7975	3	6	37	96	148	224
7976	3	6	38	97	148	225
7977	3	6	39	98	148	227
7978	3	6	40	99	148	228
7979	3	6	41	100	148	230
7980	3	6	42	101	148	231
7981	3	6	43	102	148	233
7982	3	6	44	103	148	234
7983	3	6	45	104	148	236
7984	3	6	46	105	148	237
7985	3	6	47	106	148	239
7986	3	6	48	107	148	240
7987	3	7	0	58	135	168
7988	3	7	1	59	135	169
7989	3	7	2	60	135	171
7990	3	7	3	61	135	172
7991	3	7	4	62	135	174
7992	3	7	5	63	135	175
7993	3	7	6	64	135	177
7994	3	7	7	65	135	178
7995	3	7	8	66	135	180
7996	3	7	9	67	135	181
7997	3	7	10	68	135	183
7998	3	7	11	69	135	184
7999	3	7	12	70	135	186
8000	3	7	13	71	135	187
8001	3	7	14	72	135	189
8002	3	7	15	73	135	190
8003	3	7	16	74	135	192
8004	3	7	17	75	135	193
8005	3	7	18	76	135	195
8006	3	7	19	77	135	196
8007	3	7	20	78	135	198
8008	3	7	21	79	135	199
8009	3	7	22	80	135	201
8010	3	7	23	81	135	202
8011	3	7	24	82	135	204
8012	3	7	25	83	135	205
8013	3	7	26	84	135	207
8014	3	7	27	85	135	208
8015	3	7	28	86	135	210
8016	3	7	29	87	135	211
8017	3	7	30	88	135	213
8018	3	7	31	89	135	214
8019	3	7	32	90	135	216
8020	3	7	33	91	135	217
8021	3	7	34	92	135	219
8022	3	7	35	93	135	220
8023	3	7	36	94	135	222
8024	3	7	37	95	135	223
8025	3	7	38	96	135	225
8026	3	7	39	97	135	226
8027	3	7	40	98	135	228
8028	3	7	41	99	135	229
8029	3	7	42	100	135	231
8030	3	7	43	101	135	232
8031	3	7	44	102	135	234
8032	3	7	45	103	135	235
8033	3	7	46	104	135	237
8034	3	7	47	105	135	238
8035	3	8	0	57	45	167
8036	3	8	1	58	45	169
8037	3	8	2	59	45	170
8038	3	8	3	60	45	172
8039	3	8	4	61	45	173
8040	3	8	5	62	45	175
8041	3	8	6	63	45	176
8042	3	8	7	64	45	178
8043	3	8	8	65	45	179
8044	3	8	9	66	45	181
8045	3	8	10	67	45	182
8046	3	8	11	68	45	184
8047	3	8	12	69	45	185
8048	3	8	13	70	45	187
8049	3	8	14	71	45	188
8050	3	8	15	72	45	190
8051	3	8	16	73	45	191
8052	3	8	17	74	45	193
8053	3	8	18	75	45	194
8054	3	8	19	76	45	196
8055	3	8	20	77	45	197
8056	3	8	21	78	45	199
8057	3	8	22	79	45	200
8058	3	8	23	80	45	202
8059	3	8	24	81	45	203
8060	3	8	25	82	45	205
8061	3	8	26	83	45	206
8062	3	8	27	84	45	208
8063	3	8	28	85	45	209
8064	3	8	29	86	45	211
8065	3	8	30	87	45	212
8066	3	8	31	88	45	214
8067	3	8	32	89	45	215
8068	3	8	33	90	45	217
8069	3	8	34	91	45	218
8070	3	8	35	92	45	220
8071	3	8	36	93	45	221
8072	3	8	37	94	45	223
8073	3	8	38	95	45	224
8074	3	8	39	96	45	226
8075	3	8	40	97	45	227
8076	3	8	41	98	45	229
8077	3	8	42	99	45	230
8078	3	8	43	100	45	232
8079	3	8	44	101	45	233
8080	3	8	45	102	45	235
8081	3	8	46	103	45	236
8082	3	9	0	56	15	167
8083	3	9	1	57	15	168
8084	3	9	2	58	15	170
8085	3	9	3	59	15	171
8086	3	9	4	60	15	173
8087	3	9	5	61	15	174
8088	3	9	6	62	15	176
8089	3	9	7	63	15	177
8090	3	9	8	64	15	179
8091	3	9	9	65	15	180
8092	3	9	10	66	15	182
8093	3	9	11	67	15	183
8094	3	9	12	68	15	185
8095	3	9	13	69	15	186
8096	3	9	14	70	15	188
8097	3	9	15	71	15	189
8098	3	9	16	72	15	191
8099	3	9	17	73	15	192
8100	3	9	18	74	15	194
8101	3	9	19	75	15	195
8102	3	9	20	76	15	197
8103	3	9	21	77	15	198
8104	3	9	22	78	15	200
8105	3	9	23	79	15	201
8106	3	9	24	80	15	203
8107	3	9	25	81	15	204
8108	3	9	26	82	15	206
8109	3	9	27	83	15	207
8110	3	9	28	84	15	209
8111	3	9	29	85	15	210
8112	3	9	30	86	15	212
8113	3	9	31	87	15	213
8114	3	9	32	88	15	215
8115	3	9	33	89	15	216
8116	3	9	34	90	15	218
8117	3	9	35	91	15	219
8118	3	9	36	92	15	221
8119	3	9	37	93	15	222
8120	3	9	38	94	15	224
8121	3	9	39	95	15	225
8122	3	9	40	96	15	227
8123	3	9	41	97	15	228
8124	3	9	42	98	15	230
8125	3	9	43	99	15	231
8126	3	9	44	100	15	233
8127	3	9	45	101	15	234
8128	3	10	0	55	5	166
8129	3	10	1	56	5	168
8130	3	10	2	57	5	169
8131	3	10	3	58	5	171
8132	3	10	4	59	5	172
8133	3	10	5	60	5	174
8134	3	10	6	61	5	175
8135	3	10	7	62	5	177
8136	3	10	8	63	5	178
8137	3	10	9	64	5	180
8138	3	10	10	65	5	181
8139	3	10	11	66	5	183
8140	3	10	12	67	5	184
8141	3	10	13	68	5	186
8142	3	10	14	69	5	187
8143	3	10	15	70	5	189
8144	3	10	16	71	5	190
8145	3	10	17	72	5	192
8146	3	10	18	73	5	193
8147	3	10	19	74	5	195
8148	3	10	20	75	5	196
8149	3	10	21	76	5	198
8150	3	10	22	77	5	199
8151	3	10	23	78	5	201
8152	3	10	24	79	5	202
8153	3	10	25	80	5	204
8154	3	10	26	81	5	205
8155	3	10	27	82	5	207
8156	3	10	28	83	5	208
8157	3	10	29	84	5	210
8158	3	10	30	85	5	211
8159	3	10	31	86	5	213
8160	3	10	32	87	5	214
8161	3	10	33	88	5	216
8162	3	10	34	89	5	217
8163	3	10	35	90	5	219
8164	3	10	36	91	5	220
8165	3	10	37	92	5	222
8166	3	10	38	93	5	223
8167	3	10	39	94	5	225
8168	3	10	40	95	5	226
8169	3	10	41	96	5	228
8170	3	10	42	97	5	229
8171	3	10	43	98	5	231
8172	3	10	44	99	5	232
8173	3	11	0	54	173	166
8174	3	11	1	55	173	167
8175	3	11	2	56	173	169
8176	3	11	3	57	173	170
8177	3	11	4	58	173	172
8178	3	11	5	59	173	173
8179	3	11	6	60	173	175
8180	3	11	7	61	173	176
8181	3	11	8	62	173	178
8182	3	11	9	63	173	179
8183	3	11	10	64	173	181
8184	3	11	11	65	173	182
8185	3	11	12	66	173	184
8186	3	11	13	67	173	185
8187	3	11	14	68	173	187
8188	3	11	15	69	173	188
8189	3	11	16	70	173	190
8190	3	11	17	71	173	191
8191	3	11	18	72	173	193
8192	3	11	19	73	173	194
8193	3	11	20	74	173	196
8194	3	11	21	75	173	197
8195	3	11	22	76	173	199
8196	3	11	23	77	173	200
8197	3	11	24	78	173	202
8198	3	11	25	79	173	203
8199	3	11	26	80	173	205
8200	3	11	27	81	173	206
8201	3	11	28	82	173	208
8202	3	11	29	83	173	209
8203	3	11	30	84	173	211
8204	3	11	31	85	173	212
8205	3	11	32	86	173	214
8206	3	11	33	87	173	215
8207	3	11	34	88	173	217
8208	3	11	35	89	173	218
8209	3	11	36	90	173	220
8210	3	11	37	91	173	221
8211	3	11	38	92	173	223
8212	3	11	39	93	173	224
8213	3	11	40	94	173	226
8214	3	11	41	95	173	227
8215	3	11	42	96	173	229
8216	3	11	43	97	173	230
8217	3	12	0	53	229	165
8218	3	12	1	54	229	167
8219	3	12	2	55	229	168
8220	3	12	3	56	229	170
8221	3	12	4	57	229	171
8222	3	12	5	58	229	173
8223	3	12	6	59	229	174
8224	3	12	7	60	229	176
8225	3	12	8	61	229	177
8226	3	12	9	62	229	179
8227	3	12	10	63	229	180
8228	3	12	11	64	229	182
8229	3	12	12	65	229	183
8230	3	12	13	66	229	185
8231	3	12	14	67	229	186
8232	3	12	15	68	229	188
8233	3	12	16	69	229	189
8234	3	12	17	70	229	191
8235	3	12	18	71	229	192
8236	3	12	19	72	229	194
8237	3	12	20	73	229	195
8238	3	12	21	74	229	197
8239	3	12	22	75	229	198
8240	3	12	23	76	229	200
8241	3	12	24	77	229	201
8242	3	12	25	78	229	203
8243	3	12	26	79	229	204
8244	3	12	27	80	229	206
8245	3	12	28	81	229	207
8246	3	12	29	82	229	209
8247	3	12	30	83	229	210
8248	3	12	31	84	229	212
8249	3	12	32	85	229	213
8250	3	12	33	86	229	215
8251	3	12	34	87	229	216
8252	3	12	35	88	229	218
8253	3	12	36	89	229	219
8254	3	12	37	90	229	221
8255	3	12	38	91	229	222
8256	3	12	39	92	229	224
8257	3	12	40	93	229	225
8258	3	12	41	94	229	227
8259	3	12	42	95	229	228
8260	3	13	0	52	162	165
8261	3	13	1	53	162	166
8262	3	13	2	54	162	168
8263	3	13	3	55	162	169
8264	3	13	4	56	162	171
8265	3	13	5	57	162	172
8266	3	13	6	58	162	174
8267	3	13	7	59	162	175
8268	3	13	8	60	162	177
8269	3	13	9	61	162	178
8270	3	13	10	62	162	180
8271	3	13	11	63	162	181
8272	3	13	12	64	162	183
8273	3	13	13	65	162	184
8274	3	13	14	66	162	186
8275	3	13	15	67	162	187
8276	3	13	16	68	162	189
8277	3	13	17	69	162	190
8278	3	13	18	70	162	192
8279	3	13	19	71	162	193
8280	3	13	20	72	162	195
8281	3	13	21	73	162	196
8282	3	13	22	74	162	198
8283	3	13	23	75	162	199
8284	3	13	24	76	162	201
8285	3	13	25	77	162	202
8286	3	13	26	78	162	204
8287	3	13	27	79	162	205
8288	3	13	28	80	162	207
8289	3	13	29	81	162	208
8290	3	13	30	82	162	210
8291	3	13	31	83	162	211
8292	3	13	32	84	162	213
8293	3	13	33	85	162	214
8294	3	13	34	86	162	216
8295	3	13	35	87	162	217
8296	3	13	36	88	162	219
8297	3	13	37	89	162	220
8298	3	13	38	90	162	222
8299	3	13	39	91	162	223
8300	3	13	40	92	162	225
8301	3	13	41	93	162	226
8302	3	14	0	51	54	164
8303	3	14	1	52	54	166
8304	3	14	2	53	54	167
8305	3	14	3	54	54	169
8306	3	14	4	55	54	170
8307	3	14	5	56	54	172
8308	3	14	6	57	54	173
8309	3	14	7	58	54	175
8310	3	14	8	59	54	176
8311	3	14	9	60	54	178
8312	3	14	10	61	54	179
8313	3	14	11	62	54	181
8314	3	14	12	63	54	182
8315	3	14	13	64	54	184
8316	3	14	14	65	54	185
8317	3	14	15	66	54	187
8318	3	14	16	67	54	188
8319	3	14	17	68	54	190
8320	3	14	18	69	54	191
8321	3	14	19	70	54	193
8322	3	14	20	71	54	194
8323	3	14	21	72	54	196
8324	3	14	22	73	54	197
8325	3	14	23	74	54	199
8326	3	14	24	75	54	200
8327	3	14	25	76	54	202
8328	3	14	26	77	54	203
8329	3	14	27	78	54	205
8330	3	14	28	79	54	206
8331	3	14	29	80	54	208
8332	3	14	30	81	54	209
8333	3	14	31	82	54	211
8334	3	14	32	83	54	212
8335	3	14	33	84	54	214
8336	3	14	34	85	54	215
8337	3	14	35	86	54	217
8338	3	14	36	87	54	218
8339	3	14	37	88	54	220
8340	3	14	38	89	54	221
8341	3	14	39	90	54	223
8342	3	14	40	91	54	224
8343	3	15	0	50	18	164
8344	3	15	1	51	18	165
8345	3	15	2	52	18	167
8346	3	15	3	53	18	168
8347	3	15	4	54	18	170
8348	3	15	5	55	18	171
8349	3	15	6	56	18	173
8350	3	15	7	57	18	174
8351	3	15	8	58	18	176
8352	3	15	9	59	18	177
8353	3	15	10	60	18	179
8354	3	15	11	61	18	180
8355	3	15	12	62	18	182
8356	3	15	13	63	18	183
8357	3	15	14	64	18	185
8358	3	15	15	65	18	186
8359	3	15	16	66	18	188
8360	3	15	17	67	18	189
8361	3	15	18	68	18	191
8362	3	15	19	69	18	192
8363	3	15	20	70	18	194
8364	3	15	21	71	18	195
8365	3	15	22	72	18	197
8366	3	15	23	73	18	198
8367	3	15	24	74	18	200
8368	3	15	25	75	18	201
8369	3	15	26	76	18	203
8370	3	15	27	77	18	204
8371	3	15	28	78	18	206
8372	3	15	29	79	18	207
8373	3	15	30	80	18	209
8374	3	15	31	81	18	210
8375	3	15	32	82	18	212
8376	3	15	33	83	18	213
8377	3	15	34	84	18	215
8378	3	15	35	85	18	216
8379	3	15	36	86	18	218
8380	3	15	37	87	18	219
8381	3	15	38	88	18	221
8382	3	15	39	89	18	222
8383	3	16	0	49	6	163
8384	3	16	1	50	6	165
8385	3	16	2	51	6	166
8386	3	16	3	52	6	168
8387	3	16	4	53	6	169
8388	3	16	5	54	6	171
8389	3	16	6	55	6	172
8390	3	16	7	56	6	174
8391	3	16	8	57	6	175
8392	3	16	9	58	6	177
8393	3	16	10	59	6	178
8394	3	16	11	60	6	180
8395	3	16	12	61	6	181
8396	3	16	13	62	6	183
8397	3	16	14	63	6	184
8398	3	16	15	64	6	186
8399	3	16	16	65	6	187
8400	3	16	17	66	6	189
8401	3	16	18	67	6	190
8402	3	16	19	68	6	192
8403	3	16	20	69	6	193
8404	3	16	21	70	6	195
8405	3	16	22	71	6	196
8406	3	16	23	72	6	198
8407	3	16	24	73	6	199
8408	3	16	25	74	6	201
8409	3	16	26	75	6	202
8410	3	16	27	76	6	204
8411	3	16	28	77	6	205
8412	3	16	29	78	6	207
8413	3	16	30	79	6	208
8414	3	16	31	80	6	210
8415	3	16	32	81	6	211
8416	3	16	33	82	6	213
8417	3	16	34	83	6	214
8418	3	16	35	84	6	216
8419	3	16	36	85	6	217
8420	3	16	37	86	6	219
8421	3	16	38	87	6	220
8422	3	17	0	48	2	163
8423	3	17	1	49	2	164
8424	3	17	2	50	2	166
8425	3	17	3	51	2	167
8426	3	17	4	52	2	169
8427	3	17	5	53	2	170
8428	3	17	6	54	2	172
8429	3	17	7	55	2	173
8430	3	17	8	56	2	175
8431	3	17	9	57	2	176
8432	3	17	10	58	2	178
8433	3	17	11	59	2	179
8434	3	17	12	60	2	181
8435	3	17	13	61	2	182
8436	3	17	14	62	2	184
8437	3	17	15	63	2	185
8438	3	17	16	64	2	187
8439	3	17	17	65	2	188
8440	3	17	18	66	2	190
8441	3	17	19	67	2	191
8442	3	17	20	68	2	193
8443	3	17	21	69	2	194
8444	3	17	22	70	2	196
8445	3	17	23	71	2	197
8446	3	17	24	72	2	199
8447	3	17	25	73	2	200
8448	3	17	26	74	2	202
8449	3	17	27	75	2	203
8450	3	17	28	76	2	205
8451	3	17	29	77	2	206
8452	3	17	30	78	2	208
8453	3	17	31	79	2	209
8454	3	17	32	80	2	211
8455	3	17	33	81	2	212
8456	3	17	34	82	2	214
8457	3	17	35	83	2	215
8458	3	17	36	84	2	217
8459	3	17	37	85	2	218
8460	3	18	0	47	172	162
8461	3	18	1	48	172	164
8462	3	18	2	49	172	165
8463	3	18	3	50	172	167
8464	3	18	4	51	172	168
8465	3	18	5	52	172	170
8466	3	18	6	53	172	171
8467	3	18	7	54	172	173
8468	3	18	8	55	172	174
8469	3	18	9	56	172	176
8470	3	18	10	57	172	177
8471	3	18	11	58	172	179
8472	3	18	12	59	172	180
8473	3	18	13	60	172	182
8474	3	18	14	61	172	183
8475	3	18	15	62	172	185
8476	3	18	16	63	172	186
8477	3	18	17	64	172	188
8478	3	18	18	65	172	189
8479	3	18	19	66	172	191
8480	3	18	20	67	172	192
8481	3	18	21	68	172	194
8482	3	18	22	69	172	195
8483	3	18	23	70	172	197
8484	3	18	24	71	172	198
8485	3	18	25	72	172	200
8486	3	18	26	73	172	201
8487	3	18	27	74	172	203
8488	3	18	28	75	172	204
8489	3	18	29	76	172	206
8490	3	18	30	77	172	207
8491	3	18	31	78	172	209
8492	3	18	32	79	172	210
8493	3	18	33	80	172	212
8494	3	18	34	81	172	213
8495	3	18	35	82	172	215
8496	3	18	36	83	172	216
8497	3	19	0	46	143	162
8498	3	19	1	47	143	163
8499	3	19	2	48	143	165
8500	3	19	3	49	143	166
8501	3	19	4	50	143	168
8502	3	19	5	51	143	169
8503	3	19	6	52	143	171
8504	3	19	7	53	143	172
8505	3	19	8	54	143	174
8506	3	19	9	55	143	175
8507	3	19	10	56	143	177
8508	3	19	11	57	143	178
8509	3	19	12	58	143	180
8510	3	19	13	59	143	181
8511	3	19	14	60	143	183
8512	3	19	15	61	143	184
8513	3	19	16	62	143	186
8514	3	19	17	63	143	187
8515	3	19	18	64	143	189
8516	3	19	19	65	143	190
8517	3	19	20	66	143	192
8518	3	19	21	67	143	193
8519	3	19	22	68	143	195
8520	3	19	23	69	143	196
8521	3	19	24	70	143	198
8522	3	19	25	71	143	199
8523	3	19	26	72	143	201
8524	3	19	27	73	143	202
8525	3	19	28	74	143	204
8526	3	19	29	75	143	205
8527	3	19	30	76	143	207
8528	3	19	31	77	143	208
8529	3	19	32	78	143	210
8530	3	19	33	79	143	211
8531	3	19	34	80	143	213
8532	3	19	35	81	143	214
8533	3	20	0	45	219	161
8534	3	20	1	46	219	163
8535	3	20	2	47	219	164
8536	3	20	3	48	219	166
8537	3	20	4	49	219	167
8538	3	20	5	50	219	169
8539	3	20	6	51	219	170
8540	3	20	7	52	219	172
8541	3	20	8	53	219	173
8542	3	20	9	54	219	175
8543	3	20	10	55	219	176
8544	3	20	11	56	219	178
8545	3	20	12	57	219	179
8546	3	20	13	58	219	181
8547	3	20	14	59	219	182
8548	3	20	15	60	219	184
8549	3	20	16	61	219	185
8550	3	20	17	62	219	187
8551	3	20	18	63	219	188
8552	3	20	19	64	219	190
8553	3	20	20	65	219	191
8554	3	20	21	66	219	193
8555	3	20	22	67	219	194
8556	3	20	23	68	219	196
8557	3	20	24	69	219	197
8558	3	20	25	70	219	199
8559	3	20	26	71	219	200
8560	3	20	27	72	219	202
8561	3	20	28	73	219	203
8562	3	20	29	74	219	205
8563	3	20	30	75	219	206
8564	3	20	31	76	219	208
8565	3	20	32	77	219	209
8566	3	20	33	78	219	211
8567	3	20	34	79	219	212
8568	3	21	0	44	73	161
8569	3	21	1	45	73	162
8570	3	21	2	46	73	164
8571	3	21	3	47	73	165
8572	3	21	4	48	73	167
8573	3	21	5	49	73	168
8574	3	21	6	50	73	170
8575	3	21	7	51	73	171
8576	3	21	8	52	73	173
8577	3	21	9	53	73	174
8578	3	21	10	54	73	176
8579	3	21	11	55	73	177
8580	3	21	12	56	73	179
8581	3	21	13	57	73	180
8582	3	21	14	58	73	182
8583	3	21	15	59	73	183
8584	3	21	16	60	73	185
8585	3	21	17	61	73	186
8586	3	21	18	62	73	188
8587	3	21	19	63	73	189
8588	3	21	20	64	73	191
8589	3	21	21	65	73	192
8590	3	21	22	66	73	194
8591	3	21	23	67	73	195
8592	3	21	24	68	73	197
8593	3	21	25	69	73	198
8594	3	21	26	70	73	200
8595	3	21	27	71	73	201
8596	3	21	28	72	73	203
8597	3	21	29	73	73	204
8598	3	21	30	74	73	206
8599	3	21	31	75	73	207
8600	3	21	32	76	73	209
8601	3	21	33	77	73	210
8602	3	22	0	43	110	160
8603	3	22	1	44	110	162
8604	3	22	2	45	110	163
8605	3	22	3	46	110	165
8606	3	22	4	47	110	166
8607	3	22	5	48	110	168
8608	3	22	6	49	110	169
8609	3	22	7	50	110	171
8610	3	22	8	51	110	172
8611	3	22	9	52	110	174
8612	3	22	10	53	110	175
8613	3	22	11	54	110	177
8614	3	22	12	55	110	178
8615	3	22	13	56	110	180
8616	3	22	14	57	110	181
8617	3	22	15	58	110	183
8618	3	22	16	59	110	184
8619	3	22	17	60	110	186
8620	3	22	18	61	110	187
8621	3	22	19	62	110	189
8622	3	22	20	63	110	190
8623	3	22	21	64	110	192
8624	3	22	22	65	110	193
8625	3	22	23	66	110	195
8626	3	22	24	67	110	196
8627	3	22	25	68	110	198
8628	3	22	26	69	110	199
8629	3	22	27	70	110	201
8630	3	22	28	71	110	202
8631	3	22	29	72	110	204
8632	3	22	30	73	110	205
8633	3	22	31	74	110	207
8634	3	22	32	75	110	208
8635	3	23	0	42	208	160
8636	3	23	1	43	208	161
8637	3	23	2	44	208	163
8638	3	23	3	45	208	164
8639	3	23	4	46	208	166
8640	3	23	5	47	208	167
8641	3	23	6	48	208	169
8642	3	23	7	49	208	170
8643	3	23	8	50	208	172
8644	3	23	9	51	208	173
8645	3	23	10	52	208	175
8646	3	23	11	53	208	176
8647	3	23	12	54	208	178
8648	3	23	13	55	208	179
8649	3	23	14	56	208	181
8650	3	23	15	57	208	182
8651	3	23	16	58	208	184
8652	3	23	17	59	208	185
8653	3	23	18	60	208	187
8654	3	23	19	61	208	188
8655	3	23	20	62	208	190
8656	3	23	21	63	208	191
8657	3	23	22	64	208	193
8658	3	23	23	65	208	194
8659	3	23	24	66	208	196
8660	3	23	25	67	208	197
8661	3	23	26	68	208	199
8662	3	23	27	69	208	200
8663	3	23	28	70	208	202
8664	3	23	29	71	208	203
8665	3	23	30	72	208	205
8666	3	23	31	73	208	206
8667	3	24	0	41	155	159
8668	3	24	1	42	155	161
8669	3	24	2	43	155	162
8670	3	24	3	44	155	164
8671	3	24	4	45	155	165
8672	3	24	5	46	155	167
8673	3	24	6	47	155	168
8674	3	24	7	48	155	170
8675	3	24	8	49	155	171
8676	3	24	9	50	155	173
8677	3	24	10	51	155	174
8678	3	24	11	52	155	176
8679	3	24	12	53	155	177
8680	3	24	13	54	155	179
8681	3	24	14	55	155	180
8682	3	24	15	56	155	182
8683	3	24	16	57	155	183
8684	3	24	17	58	155	185
8685	3	24	18	59	155	186
8686	3	24	19	60	155	188
8687	3	24	20	61	155	189
8688	3	24	21	62	155	191
8689	3	24	22	63	155	192
8690	3	24	23	64	155	194
8691	3	24	24	65	155	195
8692	3	24	25	66	155	197
8693	3	24	26	67	155	198
8694	3	24	27	68	155	200
8695	3	24	28	69	155	201
8696	3	24	29	70	155	203
8697	3	24	30	71	155	204
8698	3	25	0	40	223	159
8699	3	25	1	41	223	160
8700	3	25	2	42	223	162
8701	3	25	3	43	223	163
8702	3	25	4	44	223	165
8703	3	25	5	45	223	166
8704	3	25	6	46	223	168
8705	3	25	7	47	223	169
8706	3	25	8	48	223	171
8707	3	25	9	49	223	172
8708	3	25	10	50	223	174
8709	3	25	11	51	223	175
8710	3	25	12	52	223	177
8711	3	25	13	53	223	178
8712	3	25	14	54	223	180
8713	3	25	15	55	223	181
8714	3	25	16	56	223	183
8715	3	25	17	57	223	184
8716	3	25	18	58	223	186
8717	3	25	19	59	223	187
8718	3	25	20	60	223	189
8719	3	25	21	61	223	190
8720	3	25	22	62	223	192
8721	3	25	23	63	223	193
8722	3	25	24	64	223	195
8723	3	25	25	65	223	196
8724	3	25	26	66	223	198
8725	3	25	27	67	223	199
8726	3	25	28	68	223	201
8727	3	25	29	69	223	202
8728	3	26	0	39	160	158
8729	3	26	1	40	160	160
8730	3	26	2	41	160	161
8731	3	26	3	42	160	163
8732	3	26	4	43	160	164
8733	3	26	5	44	160	166
8734	3	26	6	45	160	167
8735	3	26	7	46	160	169
8736	3	26	8	47	160	170
8737	3	26	9	48	160	172
8738	3	26	10	49	160	173
8739	3	26	11	50	160	175
8740	3	26	12	51	160	176
8741	3	26	13	52	160	178
8742	3	26	14	53	160	179
8743	3	26	15	54	160	181
8744	3	26	16	55	160	182
8745	3	26	17	56	160	184
8746	3	26	18	57	160	185
8747	3	26	19	58	160	187
8748	3	26	20	59	160	188
8749	3	26	21	60	160	190
8750	3	26	22	61	160	191
8751	3	26	23	62	160	193
8752	3	26	24	63	160	194
8753	3	26	25	64	160	196
8754	3	26	26	65	160	197
8755	3	26	27	66	160	199
8756	3	26	28	67	160	200
8757	3	27	0	38	139	158
8758	3	27	1	39	139	159
8759	3	27	2	40	139	161
8760	3	27	3	41	139	162
8761	3	27	4	42	139	164
8762	3	27	5	43	139	165
8763	3	27	6	44	139	167
8764	3	27	7	45	139	168
8765	3	27	8	46	139	170
8766	3	27	9	47	139	171
8767	3	27	10	48	139	173
8768	3	27	11	49	139	174
8769	3	27	12	50	139	176
8770	3	27	13	51	139	177
8771	3	27	14	52	139	179
8772	3	27	15	53	139	180
8773	3	27	16	54	139	182
8774	3	27	17	55	139	183
8775	3	27	18	56	139	185
8776	3	27	19	57	139	186
8777	3	27	20	58	139	188
8778	3	27	21	59	139	189
8779	3	27	22	60	139	191
8780	3	27	23	61	139	192
8781	3	27	24	62	139	194
8782	3	27	25	63	139	195
8783	3	27	26	64	139	197
8784	3	27	27	65	139	198
8785	3	28	0	37	132	157
8786	3	28	1	38	132	159
8787	3	28	2	39	132	160
8788	3	28	3	40	132	162
8789	3	28	4	41	132	163
8790	3	28	5	42	132	165
8791	3	28	6	43	132	166
8792	3	28	7	44	132	168
8793	3	28	8	45	132	169
8794	3	28	9	46	132	171
8795	3	28	10	47	132	172
8796	3	28	11	48	132	174
8797	3	28	12	49	132	175
8798	3	28	13	50	132	177
8799	3	28	14	51	132	178
8800	3	28	15	52	132	180
8801	3	28	16	53	132	181
8802	3	28	17	54	132	183
8803	3	28	18	55	132	184
8804	3	28	19	56	132	186
8805	3	28	20	57	132	187
8806	3	28	21	58	132	189
8807	3	28	22	59	132	190
8808	3	28	23	60	132	192
8809	3	28	24	61	132	193
8810	3	28	25	62	132	195
8811	3	28	26	63	132	196
8812	3	29	0	36	44	157
8813	3	29	1	37	44	158
8814	3	29	2	38	44	160
8815	3	29	3	39	44	161
8816	3	29	4	40	44	163
8817	3	29	5	41	44	164
8818	3	29	6	42	44	166
8819	3	29	7	43	44	167
8820	3	29	8	44	44	169
8821	3	29	9	45	44	170
8822	3	29	10	46	44	172
8823	3	29	11	47	44	173
8824	3	29	12	48	44	175
8825	3	29	13	49	44	176
8826	3	29	14	50	44	178
8827	3	29	15	51	44	179
8828	3	29	16	52	44	181
8829	3	29	17	53	44	182
8830	3	29	18	54	44	184
8831	3	29	19	55	44	185
8832	3	29	20	56	44	187
8833	3	29	21	57	44	188
8834	3	29	22	58	44	190
8835	3	29	23	59	44	191
8836	3	29	24	60	44	193
8837	3	29	25	61	44	194
8838	3	30	0	35	186	156
8839	3	30	1	36	186	158
8840	3	30	2	37	186	159
8841	3	30	3	38	186	161
8842	3	30	4	39	186	162
8843	3	30	5	40	186	164
8844	3	30	6	41	186	165
8845	3	30	7	42	186	167
8846	3	30	8	43	186	168
8847	3	30	9	44	186	170
8848	3	30	10	45	186	171
8849	3	30	11	46	186	173
8850	3	30	12	47	186	174
8851	3	30	13	48	186	176
8852	3	30	14	49	186	177
8853	3	30	15	50	186	179
8854	3	30	16	51	186	180
8855	3	30	17	52	186	182
8856	3	30	18	53	186	183
8857	3	30	19	54	186	185
8858	3	30	20	55	186	186
8859	3	30	21	56	186	188
8860	3	30	22	57	186	189
8861	3	30	23	58	186	191
8862	3	30	24	59	186	192
8863	3	31	0	34	62	156
8864	3	31	1	35	62	157
8865	3	31	2	36	62	159
8866	3	31	3	37	62	160
8867	3	31	4	38	62	162
8868	3	31	5	39	62	163
8869	3	31	6	40	62	165
8870	3	31	7	41	62	166
8871	3	31	8	42	62	168
8872	3	31	9	43	62	169
8873	3	31	10	44	62	171
8874	3	31	11	45	62	172
8875	3	31	12	46	62	174
8876	3	31	13	47	62	175
8877	3	31	14	48	62	177
8878	3	31	15	49	62	178
8879	3	31	16	50	62	180
8880	3	31	17	51	62	181
8881	3	31	18	52	62	183
8882	3	31	19	53	62	184
8883	3	31	20	54	62	186
8884	3	31	21	55	62	187
8885	3	31	22	56	62	189
8886	3	31	23	57	62	190
8887	3	32	0	33	192	155
8888	3	32	1	34	192	157
8889	3	32	2	35	192	158
8890	3	32	3	36	192	160
8891	3	32	4	37	192	161
8892	3	32	5	38	192	163
8893	3	32	6	39	192	164
8894	3	32	7	40	192	166
8895	3	32	8	41	192	167
8896	3	32	9	42	192	169
8897	3	32	10	43	192	170
8898	3	32	11	44	192	172
8899	3	32	12	45	192	173
8900	3	32	13	46	192	175
8901	3	32	14	47	192	176
8902	3	32	15	48	192	178
8903	3	32	16	49	192	179
8904	3	32	17	50	192	181
8905	3	32	18	51	192	182
8906	3	32	19	52	192	184
8907	3	32	20	53	192	185
8908	3	32	21	54	192	187
8909	3	32	22	55	192	188
8910	3	33	0	32	64	155
8911	3	33	1	33	64	156
8912	3	33	2	34	64	158
8913	3	33	3	35	64	159
8914	3	33	4	36	64	161
8915	3	33	5	37	64	162
8916	3	33	6	38	64	164
8917	3	33	7	39	64	165
8918	3	33	8	40	64	167
8919	3	33	9	41	64	168
8920	3	33	10	42	64	170
8921	3	33	11	43	64	171
8922	3	33	12	44	64	173
8923	3	33	13	45	64	174
8924	3	33	14	46	64	176
8925	3	33	15	47	64	177
8926	3	33	16	48	64	179
8927	3	33	17	49	64	180
8928	3	33	18	50	64	182
8929	3	33	19	51	64	183
8930	3	33	20	52	64	185
8931	3	33	21	53	64	186
8932	3	34	0	31	107	154
8933	3	34	1	32	107	156
8934	3	34	2	33	107	157
8935	3	34	3	34	107	159
8936	3	34	4	35	107	160
8937	3	34	5	36	107	162
8938	3	34	6	37	107	163
8939	3	34	7	38	107	165
8940	3	34	8	39	107	166
8941	3	34	9	40	107	168
8942	3	34	10	41	107	169
8943	3	34	11	42	107	171
8944	3	34	12	43	107	172
8945	3	34	13	44	107	174
8946	3	34	14	45	107	175
8947	3	34	15	46	107	177
8948	3	34	16	47	107	178
8949	3	34	17	48	107	180
8950	3	34	18	49	107	181
8951	3	34	19	50	107	183
8952	3	34	20	51	107	184
8953	3	35	0	30	207	154
8954	3	35	1	31	207	155
8955	3	35	2	32	207	157
8956	3	35	3	33	207	158
8957	3	35	4	34	207	160
8958	3	35	5	35	207	161
8959	3	35	6	36	207	163
8960	3	35	7	37	207	164
8961	3	35	8	38	207	166
8962	3	35	9	39	207	167
8963	3	35	10	40	207	169
8964	3	35	11	41	207	170
8965	3	35	12	42	207	172
8966	3	35	13	43	207	173
8967	3	35	14	44	207	175
8968	3	35	15	45	207	176
8969	3	35	16	46	207	178
8970	3	35	17	47	207	179
8971	3	35	18	48	207	181
8972	3	35	19	49	207	182
8973	3	36	0	29	69	153
8974	3	36	1	30	69	155
8975	3	36	2	31	69	156
8976	3	36	3	32	69	158
8977	3	36	4	33	69	159
8978	3	36	5	34	69	161
8979	3	36	6	35	69	162
8980	3	36	7	36	69	164
8981	3	36	8	37	69	165
8982	3	36	9	38	69	167
8983	3	36	10	39	69	168
8984	3	36	11	40	69	170
8985	3	36	12	41	69	171
8986	3	36	13	42	69	173
8987	3	36	14	43	69	174
8988	3	36	15	44	69	176
8989	3	36	16	45	69	177
8990	3	36	17	46	69	179
8991	3	36	18	47	69	180
8992	3	37	0	28	23	153
8993	3	37	1	29	23	154
8994	3	37	2	30	23	156
8995	3	37	3	31	23	157
8996	3	37	4	32	23	159
8997	3	37	5	33	23	160
8998	3	37	6	34	23	162
8999	3	37	7	35	23	163
9000	3	37	8	36	23	165
9001	3	37	9	37	23	166
9002	3	37	10	38	23	168
9003	3	37	11	39	23	169
9004	3	37	12	40	23	171
9005	3	37	13	41	23	172
9006	3	37	14	42	23	174
9007	3	37	15	43	23	175
9008	3	37	16	44	23	177
9009	3	37	17	45	23	178
9010	3	38	0	27	179	152
9011	3	38	1	28	179	154
9012	3	38	2	29	179	155
9013	3	38	3	30	179	157
9014	3	38	4	31	179	158
9015	3	38	5	32	179	160
9016	3	38	6	33	179	161
9017	3	38	7	34	179	163
9018	3	38	8	35	179	164
9019	3	38	9	36	179	166
9020	3	38	10	37	179	167
9021	3	38	11	38	179	169
9022	3	38	12	39	179	170
9023	3	38	13	40	179	172
9024	3	38	14	41	179	173
9025	3	38	15	42	179	175
9026	3	38	16	43	179	176
9027	3	39	0	26	231	152
9028	3	39	1	27	231	153
9029	3	39	2	28	231	155
9030	3	39	3	29	231	156
9031	3	39	4	30	231	158
9032	3	39	5	31	231	159
9033	3	39	6	32	231	161
9034	3	39	7	33	231	162
9035	3	39	8	34	231	164
9036	3	39	9	35	231	165
9037	3	39	10	36	231	167
9038	3	39	11	37	231	168
9039	3	39	12	38	231	170
9040	3	39	13	39	231	171
9041	3	39	14	40	231	173
9042	3	39	15	41	231	174
9043	3	40	0	25	77	151
9044	3	40	1	26	77	153
9045	3	40	2	27	77	154
9046	3	40	3	28	77	156
9047	3	40	4	29	77	157
9048	3	40	5	30	77	159
9049	3	40	6	31	77	160
9050	3	40	7	32	77	162
9051	3	40	8	33	77	163
9052	3	40	9	34	77	165
9053	3	40	10	35	77	166
9054	3	40	11	36	77	168
9055	3	40	12	37	77	169
9056	3	40	13	38	77	171
9057	3	40	14	39	77	172
9058	3	41	0	24	197	151
9059	3	41	1	25	197	152
9060	3	41	2	26	197	154
9061	3	41	3	27	197	155
9062	3	41	4	28	197	157
9063	3	41	5	29	197	158
9064	3	41	6	30	197	160
9065	3	41	7	31	197	161
9066	3	41	8	32	197	163
9067	3	41	9	33	197	164
9068	3	41	10	34	197	166
9069	3	41	11	35	197	167
9070	3	41	12	36	197	169
9071	3	41	13	37	197	170
9072	3	42	0	23	237	150
9073	3	42	1	24	237	152
9074	3	42	2	25	237	153
9075	3	42	3	26	237	155
9076	3	42	4	27	237	156
9077	3	42	5	28	237	158
9078	3	42	6	29	237	159
9079	3	42	7	30	237	161
9080	3	42	8	31	237	162
9081	3	42	9	32	237	164
9082	3	42	10	33	237	165
9083	3	42	11	34	237	167
9084	3	42	12	35	237	168
9085	3	43	0	22	79	150
9086	3	43	1	23	79	151
9087	3	43	2	24	79	153
9088	3	43	3	25	79	154
9089	3	43	4	26	79	156
9090	3	43	5	27	79	157
9091	3	43	6	28	79	159
9092	3	43	7	29	79	160
9093	3	43	8	30	79	162
9094	3	43	9	31	79	163
9095	3	43	10	32	79	165
9096	3	43	11	33	79	166
9097	3	44	0	21	112	149
9098	3	44	1	22	112	151
9099	3	44	2	23	112	152
9100	3	44	3	24	112	154
9101	3	44	4	25	112	155
9102	3	44	5	26	112	157
9103	3	44	6	27	112	158
9104	3	44	7	28	112	160
9105	3	44	8	29	112	161
9106	3	44	9	30	112	163
9107	3	44	10	31	112	164
9108	3	45	0	20	123	149
9109	3	45	1	21	123	150
9110	3	45	2	22	123	152
9111	3	45	3	23	123	153
9112	3	45	4	24	123	155
9113	3	45	5	25	123	156
9114	3	45	6	26	123	158
9115	3	45	7	27	123	159
9116	3	45	8	28	123	161
9117	3	45	9	29	123	162
9118	3	46	0	19	41	148
9119	3	46	1	20	41	150
9120	3	46	2	21	41	151
9121	3	46	3	22	41	153
9122	3	46	4	23	41	154
9123	3	46	5	24	41	156
9124	3	46	6	25	41	157
9125	3	46	7	26	41	159
9126	3	46	8	27	41	160
9127	3	47	0	18	185	148
9128	3	47	1	19	185	149
9129	3	47	2	20	185	151
9130	3	47	3	21	185	152
9131	3	47	4	22	185	154
9132	3	47	5	23	185	155
9133	3	47	6	24	185	157
9134	3	47	7	25	185	158
9135	3	48	0	17	233	147
9136	3	48	1	18	233	149
9137	3	48	2	19	233	150
9138	3	48	3	20	233	152
9139	3	48	4	21	233	153
9140	3	48	5	22	233	155
9141	3	48	6	23	233	156
9142	3	49	0	16	249	147
9143	3	49	1	17	249	148
9144	3	49	2	18	249	150
9145	3	49	3	19	249	151
9146	3	49	4	20	249	153
9147	3	49	5	21	249	154
9148	3	50	0	15	83	146
9149	3	50	1	16	83	148
9150	3	50	2	17	83	149
9151	3	50	3	18	83	151
9152	3	50	4	19	83	152
9153	3	51	0	14	199	146
9154	3	51	1	15	199	147
9155	3	51	2	16	199	149
9156	3	51	3	17	199	150
9157	3	52	0	13	152	145
9158	3	52	1	14	152	147
9159	3	52	2	15	152	148
9160	3	53	0	12	222	145
9161	3	53	1	13	222	146
9162	3	54	0	11	74	144
9163	4	0	0	120	4	254
9164	4	0	1	121	4	255
9165	4	0	2	122	4	257
9166	4	0	3	123	4	258
9167	4	0	4	124	4	260
9168	4	0	5	125	4	261
9169	4	0	6	126	4	263
9170	4	0	7	127	4	264
9171	4	0	8	128	4	266
9172	4	0	9	129	4	267
9173	4	0	10	130	4	269
9174	4	0	11	131	4	270
9175	4	0	12	132	4	272
9176	4	0	13	133	4	273
9177	4	0	14	134	4	275
9178	4	0	15	135	4	276
9179	4	0	16	136	4	278
9180	4	0	17	137	4	279
9181	4	0	18	138	4	281
9182	4	0	19	139	4	282
9183	4	0	20	140	4	284
9184	4	0	21	141	4	285
9185	4	0	22	142	4	287
9186	4	0	23	143	4	288
9187	4	0	24	144	4	290
9188	4	0	25	145	4	291
9189	4	0	26	146	4	293
9190	4	1	0	118	1	252
9191	4	1	1	119	1	253
9192	4	1	2	120	1	255
9193	4	1	3	121	1	256
9194	4	1	4	122	1	258
9195	4	1	5	123	1	259
9196	4	1	6	124	1	261
9197	4	1	7	125	1	262
9198	4	1	8	126	1	264
9199	4	1	9	127	1	265
9200	4	1	10	128	1	267
9201	4	1	11	129	1	268
9202	4	1	12	130	1	270
9203	4	1	13	131	1	271
9204	4	1	14	132	1	273
9205	4	1	15	133	1	274
9206	4	1	16	134	1	276
9207	4	1	17	135	1	277
9208	4	1	18	136	1	279
9209	4	1	19	137	1	280
9210	4	1	20	138	1	282
9211	4	1	21	139	1	283
9212	4	1	22	140	1	285
9213	4	1	23	141	1	286
9214	4	1	24	142	1	288
9215	4	1	25	143	1	289
9216	4	1	26	144	1	291
9217	4	2	0	116	193	250
9218	4	2	1	117	193	251
9219	4	2	2	118	193	253
9220	4	2	3	119	193	254
9221	4	2	4	120	193	256
9222	4	2	5	121	193	257
9223	4	2	6	122	193	259
9224	4	2	7	123	193	260
9225	4	2	8	124	193	262
9226	4	2	9	125	193	263
9227	4	2	10	126	193	265
9228	4	2	11	127	193	266
9229	4	2	12	128	193	268
9230	4	2	13	129	193	269
9231	4	2	14	130	193	271
9232	4	2	15	131	193	272
9233	4	2	16	132	193	274
9234	4	2	17	133	193	275
9235	4	2	18	134	193	277
9236	4	2	19	135	193	278
9237	4	2	20	136	193	280
9238	4	2	21	137	193	281
9239	4	2	22	138	193	283
9240	4	2	23	139	193	284
9241	4	2	24	140	193	286
9242	4	2	25	141	193	287
9243	4	3	0	114	241	248
9244	4	3	1	115	241	249
9245	4	3	2	116	241	251
9246	4	3	3	117	241	252
9247	4	3	4	118	241	254
9248	4	3	5	119	241	255
9249	4	3	6	120	241	257
9250	4	3	7	121	241	258
9251	4	3	8	122	241	260
9252	4	3	9	123	241	261
9253	4	3	10	124	241	263
9254	4	3	11	125	241	264
9255	4	3	12	126	241	266
9256	4	3	13	127	241	267
9257	4	3	14	128	241	269
9258	4	3	15	129	241	270
9259	4	3	16	130	241	272
9260	4	3	17	131	241	273
9261	4	3	18	132	241	275
9262	4	3	19	133	241	276
9263	4	3	20	134	241	278
9264	4	3	21	135	241	279
9265	4	3	22	136	241	281
9266	4	3	23	137	241	282
9267	4	3	24	138	241	284
9268	4	3	25	139	241	285
9269	4	4	0	112	253	246
9270	4	4	1	113	253	247
9271	4	4	2	114	253	249
9272	4	4	3	115	253	250
9273	4	4	4	116	253	252
9274	4	4	5	117	253	253
9275	4	4	6	118	253	255
9276	4	4	7	119	253	256
9277	4	4	8	120	253	258
9278	4	4	9	121	253	259
9279	4	4	10	122	253	261
9280	4	4	11	123	253	262
9281	4	4	12	124	253	264
9282	4	4	13	125	253	265
9283	4	4	14	126	253	267
9284	4	4	15	127	253	268
9285	4	4	16	128	253	270
9286	4	4	17	129	253	271
9287	4	4	18	130	253	273
9288	4	4	19	131	253	274
9289	4	4	20	132	253	276
9290	4	4	21	133	253	277
9291	4	4	22	134	253	279
9292	4	4	23	135	253	280
9293	4	4	24	136	253	282
9294	4	5	0	110	256	244
9295	4	5	1	111	256	245
9296	4	5	2	112	256	247
9297	4	5	3	113	256	248
9298	4	5	4	114	256	250
9299	4	5	5	115	256	251
9300	4	5	6	116	256	253
9301	4	5	7	117	256	254
9302	4	5	8	118	256	256
9303	4	5	9	119	256	257
9304	4	5	10	120	256	259
9305	4	5	11	121	256	260
9306	4	5	12	122	256	262
9307	4	5	13	123	256	263
9308	4	5	14	124	256	265
9309	4	5	15	125	256	266
9310	4	5	16	126	256	268
9311	4	5	17	127	256	269
9312	4	5	18	128	256	271
9313	4	5	19	129	256	272
9314	4	5	20	130	256	274
9315	4	5	21	131	256	275
9316	4	5	22	132	256	277
9317	4	5	23	133	256	278
9318	4	5	24	134	256	280
9319	4	6	0	108	64	242
9320	4	6	1	109	64	243
9321	4	6	2	110	64	245
9322	4	6	3	111	64	246
9323	4	6	4	112	64	248
9324	4	6	5	113	64	249
9325	4	6	6	114	64	251
9326	4	6	7	115	64	252
9327	4	6	8	116	64	254
9328	4	6	9	117	64	255
9329	4	6	10	118	64	257
9330	4	6	11	119	64	258
9331	4	6	12	120	64	260
9332	4	6	13	121	64	261
9333	4	6	14	122	64	263
9334	4	6	15	123	64	264
9335	4	6	16	124	64	266
9336	4	6	17	125	64	267
9337	4	6	18	126	64	269
9338	4	6	19	127	64	270
9339	4	6	20	128	64	272
9340	4	6	21	129	64	273
9341	4	6	22	130	64	275
9342	4	6	23	131	64	276
9343	4	7	0	106	16	240
9344	4	7	1	107	16	241
9345	4	7	2	108	16	243
9346	4	7	3	109	16	244
9347	4	7	4	110	16	246
9348	4	7	5	111	16	247
9349	4	7	6	112	16	249
9350	4	7	7	113	16	250
9351	4	7	8	114	16	252
9352	4	7	9	115	16	253
9353	4	7	10	116	16	255
9354	4	7	11	117	16	256
9355	4	7	12	118	16	258
9356	4	7	13	119	16	259
9357	4	7	14	120	16	261
9358	4	7	15	121	16	262
9359	4	7	16	122	16	264
9360	4	7	17	123	16	265
9361	4	7	18	124	16	267
9362	4	7	19	125	16	268
9363	4	7	20	126	16	270
9364	4	7	21	127	16	271
9365	4	7	22	128	16	273
9366	4	7	23	129	16	274
9367	4	8	0	104	4	238
9368	4	8	1	105	4	239
9369	4	8	2	106	4	241
9370	4	8	3	107	4	242
9371	4	8	4	108	4	244
9372	4	8	5	109	4	245
9373	4	8	6	110	4	247
9374	4	8	7	111	4	248
9375	4	8	8	112	4	250
9376	4	8	9	113	4	251
9377	4	8	10	114	4	253
9378	4	8	11	115	4	254
9379	4	8	12	116	4	256
9380	4	8	13	117	4	257
9381	4	8	14	118	4	259
9382	4	8	15	119	4	260
9383	4	8	16	120	4	262
9384	4	8	17	121	4	263
9385	4	8	18	122	4	265
9386	4	8	19	123	4	266
9387	4	8	20	124	4	268
9388	4	8	21	125	4	269
9389	4	8	22	126	4	271
9390	4	9	0	102	1	236
9391	4	9	1	103	1	237
9392	4	9	2	104	1	239
9393	4	9	3	105	1	240
9394	4	9	4	106	1	242
9395	4	9	5	107	1	243
9396	4	9	6	108	1	245
9397	4	9	7	109	1	246
9398	4	9	8	110	1	248
9399	4	9	9	111	1	249
9400	4	9	10	112	1	251
9401	4	9	11	113	1	252
9402	4	9	12	114	1	254
9403	4	9	13	115	1	255
9404	4	9	14	116	1	257
9405	4	9	15	117	1	258
9406	4	9	16	118	1	260
9407	4	9	17	119	1	261
9408	4	9	18	120	1	263
9409	4	9	19	121	1	264
9410	4	9	20	122	1	266
9411	4	9	21	123	1	267
9412	4	9	22	124	1	269
9413	4	10	0	100	193	234
9414	4	10	1	101	193	235
9415	4	10	2	102	193	237
9416	4	10	3	103	193	238
9417	4	10	4	104	193	240
9418	4	10	5	105	193	241
9419	4	10	6	106	193	243
9420	4	10	7	107	193	244
9421	4	10	8	108	193	246
9422	4	10	9	109	193	247
9423	4	10	10	110	193	249
9424	4	10	11	111	193	250
9425	4	10	12	112	193	252
9426	4	10	13	113	193	253
9427	4	10	14	114	193	255
9428	4	10	15	115	193	256
9429	4	10	16	116	193	258
9430	4	10	17	117	193	259
9431	4	10	18	118	193	261
9432	4	10	19	119	193	262
9433	4	10	20	120	193	264
9434	4	10	21	121	193	265
9435	4	11	0	98	241	232
9436	4	11	1	99	241	233
9437	4	11	2	100	241	235
9438	4	11	3	101	241	236
9439	4	11	4	102	241	238
9440	4	11	5	103	241	239
9441	4	11	6	104	241	241
9442	4	11	7	105	241	242
9443	4	11	8	106	241	244
9444	4	11	9	107	241	245
9445	4	11	10	108	241	247
9446	4	11	11	109	241	248
9447	4	11	12	110	241	250
9448	4	11	13	111	241	251
9449	4	11	14	112	241	253
9450	4	11	15	113	241	254
9451	4	11	16	114	241	256
9452	4	11	17	115	241	257
9453	4	11	18	116	241	259
9454	4	11	19	117	241	260
9455	4	11	20	118	241	262
9456	4	11	21	119	241	263
9457	4	12	0	96	253	230
9458	4	12	1	97	253	231
9459	4	12	2	98	253	233
9460	4	12	3	99	253	234
9461	4	12	4	100	253	236
9462	4	12	5	101	253	237
9463	4	12	6	102	253	239
9464	4	12	7	103	253	240
9465	4	12	8	104	253	242
9466	4	12	9	105	253	243
9467	4	12	10	106	253	245
9468	4	12	11	107	253	246
9469	4	12	12	108	253	248
9470	4	12	13	109	253	249
9471	4	12	14	110	253	251
9472	4	12	15	111	253	252
9473	4	12	16	112	253	254
9474	4	12	17	113	253	255
9475	4	12	18	114	253	257
9476	4	12	19	115	253	258
9477	4	12	20	116	253	260
9478	4	13	0	94	256	228
9479	4	13	1	95	256	229
9480	4	13	2	96	256	231
9481	4	13	3	97	256	232
9482	4	13	4	98	256	234
9483	4	13	5	99	256	235
9484	4	13	6	100	256	237
9485	4	13	7	101	256	238
9486	4	13	8	102	256	240
9487	4	13	9	103	256	241
9488	4	13	10	104	256	243
9489	4	13	11	105	256	244
9490	4	13	12	106	256	246
9491	4	13	13	107	256	247
9492	4	13	14	108	256	249
9493	4	13	15	109	256	250
9494	4	13	16	110	256	252
9495	4	13	17	111	256	253
9496	4	13	18	112	256	255
9497	4	13	19	113	256	256
9498	4	13	20	114	256	258
9499	4	14	0	92	64	226
9500	4	14	1	93	64	227
9501	4	14	2	94	64	229
9502	4	14	3	95	64	230
9503	4	14	4	96	64	232
9504	4	14	5	97	64	233
9505	4	14	6	98	64	235
9506	4	14	7	99	64	236
9507	4	14	8	100	64	238
9508	4	14	9	101	64	239
9509	4	14	10	102	64	241
9510	4	14	11	103	64	242
9511	4	14	12	104	64	244
9512	4	14	13	105	64	245
9513	4	14	14	106	64	247
9514	4	14	15	107	64	248
9515	4	14	16	108	64	250
9516	4	14	17	109	64	251
9517	4	14	18	110	64	253
9518	4	14	19	111	64	254
9519	4	15	0	90	16	224
9520	4	15	1	91	16	225
9521	4	15	2	92	16	227
9522	4	15	3	93	16	228
9523	4	15	4	94	16	230
9524	4	15	5	95	16	231
9525	4	15	6	96	16	233
9526	4	15	7	97	16	234
9527	4	15	8	98	16	236
9528	4	15	9	99	16	237
9529	4	15	10	100	16	239
9530	4	15	11	101	16	240
9531	4	15	12	102	16	242
9532	4	15	13	103	16	243
9533	4	15	14	104	16	245
9534	4	15	15	105	16	246
9535	4	15	16	106	16	248
9536	4	15	17	107	16	249
9537	4	15	18	108	16	251
9538	4	15	19	109	16	252
9539	4	16	0	88	4	222
9540	4	16	1	89	4	223
9541	4	16	2	90	4	225
9542	4	16	3	91	4	226
9543	4	16	4	92	4	228
9544	4	16	5	93	4	229
9545	4	16	6	94	4	231
9546	4	16	7	95	4	232
9547	4	16	8	96	4	234
9548	4	16	9	97	4	235
9549	4	16	10	98	4	237
9550	4	16	11	99	4	238
9551	4	16	12	100	4	240
9552	4	16	13	101	4	241
9553	4	16	14	102	4	243
9554	4	16	15	103	4	244
9555	4	16	16	104	4	246
9556	4	16	17	105	4	247
9557	4	16	18	106	4	249
9558	4	17	0	86	1	220
9559	4	17	1	87	1	221
9560	4	17	2	88	1	223
9561	4	17	3	89	1	224
9562	4	17	4	90	1	226
9563	4	17	5	91	1	227
9564	4	17	6	92	1	229
9565	4	17	7	93	1	230
9566	4	17	8	94	1	232
9567	4	17	9	95	1	233
9568	4	17	10	96	1	235
9569	4	17	11	97	1	236
9570	4	17	12	98	1	238
9571	4	17	13	99	1	239
9572	4	17	14	100	1	241
9573	4	17	15	101	1	242
9574	4	17	16	102	1	244
9575	4	17	17	103	1	245
9576	4	17	18	104	1	247
9577	4	18	0	84	193	218
9578	4	18	1	85	193	219
9579	4	18	2	86	193	221
9580	4	18	3	87	193	222
9581	4	18	4	88	193	224
9582	4	18	5	89	193	225
9583	4	18	6	90	193	227
9584	4	18	7	91	193	228
9585	4	18	8	92	193	230
9586	4	18	9	93	193	231
9587	4	18	10	94	193	233
9588	4	18	11	95	193	234
9589	4	18	12	96	193	236
9590	4	18	13	97	193	237
9591	4	18	14	98	193	239
9592	4	18	15	99	193	240
9593	4	18	16	100	193	242
9594	4	18	17	101	193	243
9595	4	19	0	82	241	216
9596	4	19	1	83	241	217
9597	4	19	2	84	241	219
9598	4	19	3	85	241	220
9599	4	19	4	86	241	222
9600	4	19	5	87	241	223
9601	4	19	6	88	241	225
9602	4	19	7	89	241	226
9603	4	19	8	90	241	228
9604	4	19	9	91	241	229
9605	4	19	10	92	241	231
9606	4	19	11	93	241	232
9607	4	19	12	94	241	234
9608	4	19	13	95	241	235
9609	4	19	14	96	241	237
9610	4	19	15	97	241	238
9611	4	19	16	98	241	240
9612	4	19	17	99	241	241
9613	4	20	0	80	253	214
9614	4	20	1	81	253	215
9615	4	20	2	82	253	217
9616	4	20	3	83	253	218
9617	4	20	4	84	253	220
9618	4	20	5	85	253	221
9619	4	20	6	86	253	223
9620	4	20	7	87	253	224
9621	4	20	8	88	253	226
9622	4	20	9	89	253	227
9623	4	20	10	90	253	229
9624	4	20	11	91	253	230
9625	4	20	12	92	253	232
9626	4	20	13	93	253	233
9627	4	20	14	94	253	235
9628	4	20	15	95	253	236
9629	4	20	16	96	253	238
9630	4	21	0	78	256	212
9631	4	21	1	79	256	213
9632	4	21	2	80	256	215
9633	4	21	3	81	256	216
9634	4	21	4	82	256	218
9635	4	21	5	83	256	219
9636	4	21	6	84	256	221
9637	4	21	7	85	256	222
9638	4	21	8	86	256	224
9639	4	21	9	87	256	225
9640	4	21	10	88	256	227
9641	4	21	11	89	256	228
9642	4	21	12	90	256	230
9643	4	21	13	91	256	231
9644	4	21	14	92	256	233
9645	4	21	15	93	256	234
9646	4	21	16	94	256	236
9647	4	22	0	76	64	210
9648	4	22	1	77	64	211
9649	4	22	2	78	64	213
9650	4	22	3	79	64	214
9651	4	22	4	80	64	216
9652	4	22	5	81	64	217
9653	4	22	6	82	64	219
9654	4	22	7	83	64	220
9655	4	22	8	84	64	222
9656	4	22	9	85	64	223
9657	4	22	10	86	64	225
9658	4	22	11	87	64	226
9659	4	22	12	88	64	228
9660	4	22	13	89	64	229
9661	4	22	14	90	64	231
9662	4	22	15	91	64	232
9663	4	23	0	74	16	208
9664	4	23	1	75	16	209
9665	4	23	2	76	16	211
9666	4	23	3	77	16	212
9667	4	23	4	78	16	214
9668	4	23	5	79	16	215
9669	4	23	6	80	16	217
9670	4	23	7	81	16	218
9671	4	23	8	82	16	220
9672	4	23	9	83	16	221
9673	4	23	10	84	16	223
9674	4	23	11	85	16	224
9675	4	23	12	86	16	226
9676	4	23	13	87	16	227
9677	4	23	14	88	16	229
9678	4	23	15	89	16	230
9679	4	24	0	72	4	206
9680	4	24	1	73	4	207
9681	4	24	2	74	4	209
9682	4	24	3	75	4	210
9683	4	24	4	76	4	212
9684	4	24	5	77	4	213
9685	4	24	6	78	4	215
9686	4	24	7	79	4	216
9687	4	24	8	80	4	218
9688	4	24	9	81	4	219
9689	4	24	10	82	4	221
9690	4	24	11	83	4	222
9691	4	24	12	84	4	224
9692	4	24	13	85	4	225
9693	4	24	14	86	4	227
9694	4	25	0	70	1	204
9695	4	25	1	71	1	205
9696	4	25	2	72	1	207
9697	4	25	3	73	1	208
9698	4	25	4	74	1	210
9699	4	25	5	75	1	211
9700	4	25	6	76	1	213
9701	4	25	7	77	1	214
9702	4	25	8	78	1	216
9703	4	25	9	79	1	217
9704	4	25	10	80	1	219
9705	4	25	11	81	1	220
9706	4	25	12	82	1	222
9707	4	25	13	83	1	223
9708	4	25	14	84	1	225
9709	4	26	0	68	193	202
9710	4	26	1	69	193	203
9711	4	26	2	70	193	205
9712	4	26	3	71	193	206
9713	4	26	4	72	193	208
9714	4	26	5	73	193	209
9715	4	26	6	74	193	211
9716	4	26	7	75	193	212
9717	4	26	8	76	193	214
9718	4	26	9	77	193	215
9719	4	26	10	78	193	217
9720	4	26	11	79	193	218
9721	4	26	12	80	193	220
9722	4	26	13	81	193	221
9723	4	27	0	66	241	200
9724	4	27	1	67	241	201
9725	4	27	2	68	241	203
9726	4	27	3	69	241	204
9727	4	27	4	70	241	206
9728	4	27	5	71	241	207
9729	4	27	6	72	241	209
9730	4	27	7	73	241	210
9731	4	27	8	74	241	212
9732	4	27	9	75	241	213
9733	4	27	10	76	241	215
9734	4	27	11	77	241	216
9735	4	27	12	78	241	218
9736	4	27	13	79	241	219
9737	4	28	0	64	253	198
9738	4	28	1	65	253	199
9739	4	28	2	66	253	201
9740	4	28	3	67	253	202
9741	4	28	4	68	253	204
9742	4	28	5	69	253	205
9743	4	28	6	70	253	207
9744	4	28	7	71	253	208
9745	4	28	8	72	253	210
9746	4	28	9	73	253	211
9747	4	28	10	74	253	213
9748	4	28	11	75	253	214
9749	4	28	12	76	253	216
9750	4	29	0	62	256	196
9751	4	29	1	63	256	197
9752	4	29	2	64	256	199
9753	4	29	3	65	256	200
9754	4	29	4	66	256	202
9755	4	29	5	67	256	203
9756	4	29	6	68	256	205
9757	4	29	7	69	256	206
9758	4	29	8	70	256	208
9759	4	29	9	71	256	209
9760	4	29	10	72	256	211
9761	4	29	11	73	256	212
9762	4	29	12	74	256	214
9763	4	30	0	60	64	194
9764	4	30	1	61	64	195
9765	4	30	2	62	64	197
9766	4	30	3	63	64	198
9767	4	30	4	64	64	200
9768	4	30	5	65	64	201
9769	4	30	6	66	64	203
9770	4	30	7	67	64	204
9771	4	30	8	68	64	206
9772	4	30	9	69	64	207
9773	4	30	10	70	64	209
9774	4	30	11	71	64	210
9775	4	31	0	58	16	192
9776	4	31	1	59	16	193
9777	4	31	2	60	16	195
9778	4	31	3	61	16	196
9779	4	31	4	62	16	198
9780	4	31	5	63	16	199
9781	4	31	6	64	16	201
9782	4	31	7	65	16	202
9783	4	31	8	66	16	204
9784	4	31	9	67	16	205
9785	4	31	10	68	16	207
9786	4	31	11	69	16	208
9787	4	32	0	56	4	190
9788	4	32	1	57	4	191
9789	4	32	2	58	4	193
9790	4	32	3	59	4	194
9791	4	32	4	60	4	196
9792	4	32	5	61	4	197
9793	4	32	6	62	4	199
9794	4	32	7	63	4	200
9795	4	32	8	64	4	202
9796	4	32	9	65	4	203
9797	4	32	10	66	4	205
9798	4	33	0	54	1	188
9799	4	33	1	55	1	189
9800	4	33	2	56	1	191
9801	4	33	3	57	1	192
9802	4	33	4	58	1	194
9803	4	33	5	59	1	195
9804	4	33	6	60	1	197
9805	4	33	7	61	1	198
9806	4	33	8	62	1	200
9807	4	33	9	63	1	201
9808	4	33	10	64	1	203
9809	4	34	0	52	193	186
9810	4	34	1	53	193	187
9811	4	34	2	54	193	189
9812	4	34	3	55	193	190
9813	4	34	4	56	193	192
9814	4	34	5	57	193	193
9815	4	34	6	58	193	195
9816	4	34	7	59	193	196
9817	4	34	8	60	193	198
9818	4	34	9	61	193	199
9819	4	35	0	50	241	184
9820	4	35	1	51	241	185
9821	4	35	2	52	241	187
9822	4	35	3	53	241	188
9823	4	35	4	54	241	190
9824	4	35	5	55	241	191
9825	4	35	6	56	241	193
9826	4	35	7	57	241	194
9827	4	35	8	58	241	196
9828	4	35	9	59	241	197
9829	4	36	0	48	253	182
9830	4	36	1	49	253	183
9831	4	36	2	50	253	185
9832	4	36	3	51	253	186
9833	4	36	4	52	253	188
9834	4	36	5	53	253	189
9835	4	36	6	54	253	191
9836	4	36	7	55	253	192
9837	4	36	8	56	253	194
9838	4	37	0	46	256	180
9839	4	37	1	47	256	181
9840	4	37	2	48	256	183
9841	4	37	3	49	256	184
9842	4	37	4	50	256	186
9843	4	37	5	51	256	187
9844	4	37	6	52	256	189
9845	4	37	7	53	256	190
9846	4	37	8	54	256	192
9847	4	38	0	44	64	178
9848	4	38	1	45	64	179
9849	4	38	2	46	64	181
9850	4	38	3	47	64	182
9851	4	38	4	48	64	184
9852	4	38	5	49	64	185
9853	4	38	6	50	64	187
9854	4	38	7	51	64	188
9855	4	39	0	42	16	176
9856	4	39	1	43	16	177
9857	4	39	2	44	16	179
9858	4	39	3	45	16	180
9859	4	39	4	46	16	182
9860	4	39	5	47	16	183
9861	4	39	6	48	16	185
9862	4	39	7	49	16	186
9863	4	40	0	40	4	174
9864	4	40	1	41	4	175
9865	4	40	2	42	4	177
9866	4	40	3	43	4	178
9867	4	40	4	44	4	180
9868	4	40	5	45	4	181
9869	4	40	6	46	4	183
9870	4	41	0	38	1	172
9871	4	41	1	39	1	173
9872	4	41	2	40	1	175
9873	4	41	3	41	1	176
9874	4	41	4	42	1	178
9875	4	41	5	43	1	179
9876	4	41	6	44	1	181
9877	4	42	0	36	193	170
9878	4	42	1	37	193	171
9879	4	42	2	38	193	173
9880	4	42	3	39	193	174
9881	4	42	4	40	193	176
9882	4	42	5	41	193	177
9883	4	43	0	34	241	168
9884	4	43	1	35	241	169
9885	4	43	2	36	241	171
9886	4	43	3	37	241	172
9887	4	43	4	38	241	174
9888	4	43	5	39	241	175
9889	4	44	0	32	253	166
9890	4	44	1	33	253	167
9891	4	44	2	34	253	169
9892	4	44	3	35	253	170
9893	4	44	4	36	253	172
9894	4	45	0	30	256	164
9895	4	45	1	31	256	165
9896	4	45	2	32	256	167
9897	4	45	3	33	256	168
9898	4	45	4	34	256	170
9899	4	46	0	28	64	162
9900	4	46	1	29	64	163
9901	4	46	2	30	64	165
9902	4	46	3	31	64	166
9903	4	47	0	26	16	160
9904	4	47	1	27	16	161
9905	4	47	2	28	16	163
9906	4	47	3	29	16	164
9907	4	48	0	24	4	158
9908	4	48	1	25	4	159
9909	4	48	2	26	4	161
9910	4	49	0	22	1	156
9911	4	49	1	23	1	157
9912	4	49	2	24	1	159
9913	4	50	0	20	193	154
9914	4	50	1	21	193	155
9915	4	51	0	18	241	152
9916	4	51	1	19	241	153
9917	4	52	0	16	253	150
9918	4	53	0	14	256	148
9919	5	0	0	0	249	140
9920	5	0	1	1	253	140
9921	5	0	2	2	255	140
9922	5	0	3	3	256	140
9923	5	0	4	4	256	141
9924	5	0	5	5	128	141
9925	5	0	6	6	128	142
9926	5	0	7	7	64	142
9927	5	0	8	8	64	143
9928	5	0	9	9	32	143
9929	5	0	10	10	32	144
9930	5	0	11	11	16	145
9931	5	0	12	12	16	146
9932	5	0	13	13	8	147
9933	5	0	14	14	8	149
9934	5	0	15	15	4	149
9935	5	0	16	16	4	151
9936	5	0	17	17	2	151
9937	5	0	18	18	2	153
9938	5	0	19	19	1	154
9939	5	0	20	20	1	155
9940	5	0	21	21	129	156
9941	5	0	22	22	129	157
9942	5	0	23	23	193	158
9943	5	0	24	24	193	160
9944	5	0	25	25	225	160
9945	5	0	26	26	225	162
9946	5	0	27	27	241	162
9947	5	0	28	28	241	164
9948	5	0	29	29	249	165
9949	5	0	30	30	249	166
9950	5	0	31	31	253	167
9951	5	0	32	32	253	168
9952	5	0	33	33	255	169
9953	5	0	34	34	255	171
9954	5	0	35	35	256	171
9955	5	0	36	36	256	173
9956	5	0	37	37	128	173
9957	5	0	38	38	128	175
9958	5	0	39	39	64	176
9959	5	0	40	40	64	177
9960	5	0	41	41	32	178
9961	5	0	42	42	32	179
9962	5	0	43	43	16	180
9963	5	0	44	44	16	182
9964	5	0	45	45	8	182
9965	5	0	46	46	8	184
9966	5	0	47	47	4	184
9967	5	0	48	48	4	186
9968	5	0	49	49	2	187
9969	5	1	0	0	249	141
9970	5	1	1	1	253	141
9971	5	1	2	2	255	141
9972	5	1	3	3	256	141
9973	5	1	4	4	256	142
9974	5	1	5	5	128	142
9975	5	1	6	6	128	143
9976	5	1	7	7	64	143
9977	5	1	8	8	64	144
9978	5	1	9	9	32	144
9979	5	1	10	10	32	145
9980	5	1	11	11	16	146
9981	5	1	12	12	16	147
9982	5	1	13	13	8	148
9983	5	1	14	14	8	150
9984	5	1	15	15	4	150
9985	5	1	16	16	4	152
9986	5	1	17	17	2	152
9987	5	1	18	18	2	154
9988	5	1	19	19	1	155
9989	5	1	20	20	1	156
9990	5	1	21	21	129	157
9991	5	1	22	22	129	158
9992	5	1	23	23	193	159
9993	5	1	24	24	193	161
9994	5	1	25	25	225	161
9995	5	1	26	26	225	163
9996	5	1	27	27	241	163
9997	5	1	28	28	241	165
9998	5	1	29	29	249	166
9999	5	1	30	30	249	167
10000	5	1	31	31	253	168
10001	5	1	32	32	253	169
10002	5	1	33	33	255	170
10003	5	1	34	34	255	172
10004	5	1	35	35	256	172
10005	5	1	36	36	256	174
10006	5	1	37	37	128	174
10007	5	1	38	38	128	176
10008	5	1	39	39	64	177
10009	5	1	40	40	64	178
10010	5	1	41	41	32	179
10011	5	1	42	42	32	180
10012	5	1	43	43	16	181
10013	5	1	44	44	16	183
10014	5	1	45	45	8	183
10015	5	1	46	46	8	185
10016	5	1	47	47	4	185
10017	5	1	48	48	4	187
10018	5	2	0	0	249	142
10019	5	2	1	1	253	142
10020	5	2	2	2	255	142
10021	5	2	3	3	256	142
10022	5	2	4	4	256	143
10023	5	2	5	5	128	143
10024	5	2	6	6	128	144
10025	5	2	7	7	64	144
10026	5	2	8	8	64	145
10027	5	2	9	9	32	145
10028	5	2	10	10	32	146
10029	5	2	11	11	16	147
10030	5	2	12	12	16	148
10031	5	2	13	13	8	149
10032	5	2	14	14	8	151
10033	5	2	15	15	4	151
10034	5	2	16	16	4	153
10035	5	2	17	17	2	153
10036	5	2	18	18	2	155
10037	5	2	19	19	1	156
10038	5	2	20	20	1	157
10039	5	2	21	21	129	158
10040	5	2	22	22	129	159
10041	5	2	23	23	193	160
10042	5	2	24	24	193	162
10043	5	2	25	25	225	162
10044	5	2	26	26	225	164
10045	5	2	27	27	241	164
10046	5	2	28	28	241	166
10047	5	2	29	29	249	167
10048	5	2	30	30	249	168
10049	5	2	31	31	253	169
10050	5	2	32	32	253	170
10051	5	2	33	33	255	171
10052	5	2	34	34	255	173
10053	5	2	35	35	256	173
10054	5	2	36	36	256	175
10055	5	2	37	37	128	175
10056	5	2	38	38	128	177
10057	5	2	39	39	64	178
10058	5	2	40	40	64	179
10059	5	2	41	41	32	180
10060	5	2	42	42	32	181
10061	5	2	43	43	16	182
10062	5	2	44	44	16	184
10063	5	2	45	45	8	184
10064	5	2	46	46	8	186
10065	5	2	47	47	4	186
10066	5	3	0	0	249	143
10067	5	3	1	1	253	143
10068	5	3	2	2	255	143
10069	5	3	3	3	256	143
10070	5	3	4	4	256	144
10071	5	3	5	5	128	144
10072	5	3	6	6	128	145
10073	5	3	7	7	64	145
10074	5	3	8	8	64	146
10075	5	3	9	9	32	146
10076	5	3	10	10	32	147
10077	5	3	11	11	16	148
10078	5	3	12	12	16	149
10079	5	3	13	13	8	150
10080	5	3	14	14	8	152
10081	5	3	15	15	4	152
10082	5	3	16	16	4	154
10083	5	3	17	17	2	154
10084	5	3	18	18	2	156
10085	5	3	19	19	1	157
10086	5	3	20	20	1	158
10087	5	3	21	21	129	159
10088	5	3	22	22	129	160
10089	5	3	23	23	193	161
10090	5	3	24	24	193	163
10091	5	3	25	25	225	163
10092	5	3	26	26	225	165
10093	5	3	27	27	241	165
10094	5	3	28	28	241	167
10095	5	3	29	29	249	168
10096	5	3	30	30	249	169
10097	5	3	31	31	253	170
10098	5	3	32	32	253	171
10099	5	3	33	33	255	172
10100	5	3	34	34	255	174
10101	5	3	35	35	256	174
10102	5	3	36	36	256	176
10103	5	3	37	37	128	176
10104	5	3	38	38	128	178
10105	5	3	39	39	64	179
10106	5	3	40	40	64	180
10107	5	3	41	41	32	181
10108	5	3	42	42	32	182
10109	5	3	43	43	16	183
10110	5	3	44	44	16	185
10111	5	3	45	45	8	185
10112	5	3	46	46	8	187
10113	5	4	0	0	249	144
10114	5	4	1	1	253	144
10115	5	4	2	2	255	144
10116	5	4	3	3	256	144
10117	5	4	4	4	256	145
10118	5	4	5	5	128	145
10119	5	4	6	6	128	146
10120	5	4	7	7	64	146
10121	5	4	8	8	64	147
10122	5	4	9	9	32	147
10123	5	4	10	10	32	148
10124	5	4	11	11	16	149
10125	5	4	12	12	16	150
10126	5	4	13	13	8	151
10127	5	4	14	14	8	153
10128	5	4	15	15	4	153
10129	5	4	16	16	4	155
10130	5	4	17	17	2	155
10131	5	4	18	18	2	157
10132	5	4	19	19	1	158
10133	5	4	20	20	1	159
10134	5	4	21	21	129	160
10135	5	4	22	22	129	161
10136	5	4	23	23	193	162
10137	5	4	24	24	193	164
10138	5	4	25	25	225	164
10139	5	4	26	26	225	166
10140	5	4	27	27	241	166
10141	5	4	28	28	241	168
10142	5	4	29	29	249	169
10143	5	4	30	30	249	170
10144	5	4	31	31	253	171
10145	5	4	32	32	253	172
10146	5	4	33	33	255	173
10147	5	4	34	34	255	175
10148	5	4	35	35	256	175
10149	5	4	36	36	256	177
10150	5	4	37	37	128	177
10151	5	4	38	38	128	179
10152	5	4	39	39	64	180
10153	5	4	40	40	64	181
10154	5	4	41	41	32	182
10155	5	4	42	42	32	183
10156	5	4	43	43	16	184
10157	5	4	44	44	16	186
10158	5	4	45	45	8	186
10159	5	5	0	0	249	145
10160	5	5	1	1	253	145
10161	5	5	2	2	255	145
10162	5	5	3	3	256	145
10163	5	5	4	4	256	146
10164	5	5	5	5	128	146
10165	5	5	6	6	128	147
10166	5	5	7	7	64	147
10167	5	5	8	8	64	148
10168	5	5	9	9	32	148
10169	5	5	10	10	32	149
10170	5	5	11	11	16	150
10171	5	5	12	12	16	151
10172	5	5	13	13	8	152
10173	5	5	14	14	8	154
10174	5	5	15	15	4	154
10175	5	5	16	16	4	156
10176	5	5	17	17	2	156
10177	5	5	18	18	2	158
10178	5	5	19	19	1	159
10179	5	5	20	20	1	160
10180	5	5	21	21	129	161
10181	5	5	22	22	129	162
10182	5	5	23	23	193	163
10183	5	5	24	24	193	165
10184	5	5	25	25	225	165
10185	5	5	26	26	225	167
10186	5	5	27	27	241	167
10187	5	5	28	28	241	169
10188	5	5	29	29	249	170
10189	5	5	30	30	249	171
10190	5	5	31	31	253	172
10191	5	5	32	32	253	173
10192	5	5	33	33	255	174
10193	5	5	34	34	255	176
10194	5	5	35	35	256	176
10195	5	5	36	36	256	178
10196	5	5	37	37	128	178
10197	5	5	38	38	128	180
10198	5	5	39	39	64	181
10199	5	5	40	40	64	182
10200	5	5	41	41	32	183
10201	5	5	42	42	32	184
10202	5	5	43	43	16	185
10203	5	5	44	44	16	187
10204	5	6	0	0	249	146
10205	5	6	1	1	253	146
10206	5	6	2	2	255	146
10207	5	6	3	3	256	146
10208	5	6	4	4	256	147
10209	5	6	5	5	128	147
10210	5	6	6	6	128	148
10211	5	6	7	7	64	148
10212	5	6	8	8	64	149
10213	5	6	9	9	32	149
10214	5	6	10	10	32	150
10215	5	6	11	11	16	151
10216	5	6	12	12	16	152
10217	5	6	13	13	8	153
10218	5	6	14	14	8	155
10219	5	6	15	15	4	155
10220	5	6	16	16	4	157
10221	5	6	17	17	2	157
10222	5	6	18	18	2	159
10223	5	6	19	19	1	160
10224	5	6	20	20	1	161
10225	5	6	21	21	129	162
10226	5	6	22	22	129	163
10227	5	6	23	23	193	164
10228	5	6	24	24	193	166
10229	5	6	25	25	225	166
10230	5	6	26	26	225	168
10231	5	6	27	27	241	168
10232	5	6	28	28	241	170
10233	5	6	29	29	249	171
10234	5	6	30	30	249	172
10235	5	6	31	31	253	173
10236	5	6	32	32	253	174
10237	5	6	33	33	255	175
10238	5	6	34	34	255	177
10239	5	6	35	35	256	177
10240	5	6	36	36	256	179
10241	5	6	37	37	128	179
10242	5	6	38	38	128	181
10243	5	6	39	39	64	182
10244	5	6	40	40	64	183
10245	5	6	41	41	32	184
10246	5	6	42	42	32	185
10247	5	6	43	43	16	186
10248	5	7	0	0	249	147
10249	5	7	1	1	253	147
10250	5	7	2	2	255	147
10251	5	7	3	3	256	147
10252	5	7	4	4	256	148
10253	5	7	5	5	128	148
10254	5	7	6	6	128	149
10255	5	7	7	7	64	149
10256	5	7	8	8	64	150
10257	5	7	9	9	32	150
10258	5	7	10	10	32	151
10259	5	7	11	11	16	152
10260	5	7	12	12	16	153
10261	5	7	13	13	8	154
10262	5	7	14	14	8	156
10263	5	7	15	15	4	156
10264	5	7	16	16	4	158
10265	5	7	17	17	2	158
10266	5	7	18	18	2	160
10267	5	7	19	19	1	161
10268	5	7	20	20	1	162
10269	5	7	21	21	129	163
10270	5	7	22	22	129	164
10271	5	7	23	23	193	165
10272	5	7	24	24	193	167
10273	5	7	25	25	225	167
10274	5	7	26	26	225	169
10275	5	7	27	27	241	169
10276	5	7	28	28	241	171
10277	5	7	29	29	249	172
10278	5	7	30	30	249	173
10279	5	7	31	31	253	174
10280	5	7	32	32	253	175
10281	5	7	33	33	255	176
10282	5	7	34	34	255	178
10283	5	7	35	35	256	178
10284	5	7	36	36	256	180
10285	5	7	37	37	128	180
10286	5	7	38	38	128	182
10287	5	7	39	39	64	183
10288	5	7	40	40	64	184
10289	5	7	41	41	32	185
10290	5	7	42	42	32	186
10291	5	8	0	0	249	148
10292	5	8	1	1	253	148
10293	5	8	2	2	255	148
10294	5	8	3	3	256	148
10295	5	8	4	4	256	149
10296	5	8	5	5	128	149
10297	5	8	6	6	128	150
10298	5	8	7	7	64	150
10299	5	8	8	8	64	151
10300	5	8	9	9	32	151
10301	5	8	10	10	32	152
10302	5	8	11	11	16	153
10303	5	8	12	12	16	154
10304	5	8	13	13	8	155
10305	5	8	14	14	8	157
10306	5	8	15	15	4	157
10307	5	8	16	16	4	159
10308	5	8	17	17	2	159
10309	5	8	18	18	2	161
10310	5	8	19	19	1	162
10311	5	8	20	20	1	163
10312	5	8	21	21	129	164
10313	5	8	22	22	129	165
10314	5	8	23	23	193	166
10315	5	8	24	24	193	168
10316	5	8	25	25	225	168
10317	5	8	26	26	225	170
10318	5	8	27	27	241	170
10319	5	8	28	28	241	172
10320	5	8	29	29	249	173
10321	5	8	30	30	249	174
10322	5	8	31	31	253	175
10323	5	8	32	32	253	176
10324	5	8	33	33	255	177
10325	5	8	34	34	255	179
10326	5	8	35	35	256	179
10327	5	8	36	36	256	181
10328	5	8	37	37	128	181
10329	5	8	38	38	128	183
10330	5	8	39	39	64	184
10331	5	8	40	40	64	185
10332	5	8	41	41	32	186
10333	5	9	0	0	249	149
10334	5	9	1	1	253	149
10335	5	9	2	2	255	149
10336	5	9	3	3	256	149
10337	5	9	4	4	256	150
10338	5	9	5	5	128	150
10339	5	9	6	6	128	151
10340	5	9	7	7	64	151
10341	5	9	8	8	64	152
10342	5	9	9	9	32	152
10343	5	9	10	10	32	153
10344	5	9	11	11	16	154
10345	5	9	12	12	16	155
10346	5	9	13	13	8	156
10347	5	9	14	14	8	158
10348	5	9	15	15	4	158
10349	5	9	16	16	4	160
10350	5	9	17	17	2	160
10351	5	9	18	18	2	162
10352	5	9	19	19	1	163
10353	5	9	20	20	1	164
10354	5	9	21	21	129	165
10355	5	9	22	22	129	166
10356	5	9	23	23	193	167
10357	5	9	24	24	193	169
10358	5	9	25	25	225	169
10359	5	9	26	26	225	171
10360	5	9	27	27	241	171
10361	5	9	28	28	241	173
10362	5	9	29	29	249	174
10363	5	9	30	30	249	175
10364	5	9	31	31	253	176
10365	5	9	32	32	253	177
10366	5	9	33	33	255	178
10367	5	9	34	34	255	180
10368	5	9	35	35	256	180
10369	5	9	36	36	256	182
10370	5	9	37	37	128	182
10371	5	9	38	38	128	184
10372	5	9	39	39	64	185
10373	5	9	40	40	64	186
10374	5	10	0	0	249	150
10375	5	10	1	1	253	150
10376	5	10	2	2	255	150
10377	5	10	3	3	256	150
10378	5	10	4	4	256	151
10379	5	10	5	5	128	151
10380	5	10	6	6	128	152
10381	5	10	7	7	64	152
10382	5	10	8	8	64	153
10383	5	10	9	9	32	153
10384	5	10	10	10	32	154
10385	5	10	11	11	16	155
10386	5	10	12	12	16	156
10387	5	10	13	13	8	157
10388	5	10	14	14	8	159
10389	5	10	15	15	4	159
10390	5	10	16	16	4	161
10391	5	10	17	17	2	161
10392	5	10	18	18	2	163
10393	5	10	19	19	1	164
10394	5	10	20	20	1	165
10395	5	10	21	21	129	166
10396	5	10	22	22	129	167
10397	5	10	23	23	193	168
10398	5	10	24	24	193	170
10399	5	10	25	25	225	170
10400	5	10	26	26	225	172
10401	5	10	27	27	241	172
10402	5	10	28	28	241	174
10403	5	10	29	29	249	175
10404	5	10	30	30	249	176
10405	5	10	31	31	253	177
10406	5	10	32	32	253	178
10407	5	10	33	33	255	179
10408	5	10	34	34	255	181
10409	5	10	35	35	256	181
10410	5	10	36	36	256	183
10411	5	10	37	37	128	183
10412	5	10	38	38	128	185
10413	5	10	39	39	64	186
10414	5	11	0	0	249	151
10415	5	11	1	1	253	151
10416	5	11	2	2	255	151
10417	5	11	3	3	256	151
10418	5	11	4	4	256	152
10419	5	11	5	5	128	152
10420	5	11	6	6	128	153
10421	5	11	7	7	64	153
10422	5	11	8	8	64	154
10423	5	11	9	9	32	154
10424	5	11	10	10	32	155
10425	5	11	11	11	16	156
10426	5	11	12	12	16	157
10427	5	11	13	13	8	158
10428	5	11	14	14	8	160
10429	5	11	15	15	4	160
10430	5	11	16	16	4	162
10431	5	11	17	17	2	162
10432	5	11	18	18	2	164
10433	5	11	19	19	1	165
10434	5	11	20	20	1	166
10435	5	11	21	21	129	167
10436	5	11	22	22	129	168
10437	5	11	23	23	193	169
10438	5	11	24	24	193	171
10439	5	11	25	25	225	171
10440	5	11	26	26	225	173
10441	5	11	27	27	241	173
10442	5	11	28	28	241	175
10443	5	11	29	29	249	176
10444	5	11	30	30	249	177
10445	5	11	31	31	253	178
10446	5	11	32	32	253	179
10447	5	11	33	33	255	180
10448	5	11	34	34	255	182
10449	5	11	35	35	256	182
10450	5	11	36	36	256	184
10451	5	11	37	37	128	184
10452	5	11	38	38	128	186
10453	5	12	0	0	249	152
10454	5	12	1	1	253	152
10455	5	12	2	2	255	152
10456	5	12	3	3	256	152
10457	5	12	4	4	256	153
10458	5	12	5	5	128	153
10459	5	12	6	6	128	154
10460	5	12	7	7	64	154
10461	5	12	8	8	64	155
10462	5	12	9	9	32	155
10463	5	12	10	10	32	156
10464	5	12	11	11	16	157
10465	5	12	12	12	16	158
10466	5	12	13	13	8	159
10467	5	12	14	14	8	161
10468	5	12	15	15	4	161
10469	5	12	16	16	4	163
10470	5	12	17	17	2	163
10471	5	12	18	18	2	165
10472	5	12	19	19	1	166
10473	5	12	20	20	1	167
10474	5	12	21	21	129	168
10475	5	12	22	22	129	169
10476	5	12	23	23	193	170
10477	5	12	24	24	193	172
10478	5	12	25	25	225	172
10479	5	12	26	26	225	174
10480	5	12	27	27	241	174
10481	5	12	28	28	241	176
10482	5	12	29	29	249	177
10483	5	12	30	30	249	178
10484	5	12	31	31	253	179
10485	5	12	32	32	253	180
10486	5	12	33	33	255	181
10487	5	12	34	34	255	183
10488	5	12	35	35	256	183
10489	5	12	36	36	256	185
10490	5	12	37	37	128	185
10491	5	13	0	0	249	153
10492	5	13	1	1	253	153
10493	5	13	2	2	255	153
10494	5	13	3	3	256	153
10495	5	13	4	4	256	154
10496	5	13	5	5	128	154
10497	5	13	6	6	128	155
10498	5	13	7	7	64	155
10499	5	13	8	8	64	156
10500	5	13	9	9	32	156
10501	5	13	10	10	32	157
10502	5	13	11	11	16	158
10503	5	13	12	12	16	159
10504	5	13	13	13	8	160
10505	5	13	14	14	8	162
10506	5	13	15	15	4	162
10507	5	13	16	16	4	164
10508	5	13	17	17	2	164
10509	5	13	18	18	2	166
10510	5	13	19	19	1	167
10511	5	13	20	20	1	168
10512	5	13	21	21	129	169
10513	5	13	22	22	129	170
10514	5	13	23	23	193	171
10515	5	13	24	24	193	173
10516	5	13	25	25	225	173
10517	5	13	26	26	225	175
10518	5	13	27	27	241	175
10519	5	13	28	28	241	177
10520	5	13	29	29	249	178
10521	5	13	30	30	249	179
10522	5	13	31	31	253	180
10523	5	13	32	32	253	181
10524	5	13	33	33	255	182
10525	5	13	34	34	255	184
10526	5	13	35	35	256	184
10527	5	13	36	36	256	186
10528	5	14	0	0	249	154
10529	5	14	1	1	253	154
10530	5	14	2	2	255	154
10531	5	14	3	3	256	154
10532	5	14	4	4	256	155
10533	5	14	5	5	128	155
10534	5	14	6	6	128	156
10535	5	14	7	7	64	156
10536	5	14	8	8	64	157
10537	5	14	9	9	32	157
10538	5	14	10	10	32	158
10539	5	14	11	11	16	159
10540	5	14	12	12	16	160
10541	5	14	13	13	8	161
10542	5	14	14	14	8	163
10543	5	14	15	15	4	163
10544	5	14	16	16	4	165
10545	5	14	17	17	2	165
10546	5	14	18	18	2	167
10547	5	14	19	19	1	168
10548	5	14	20	20	1	169
10549	5	14	21	21	129	170
10550	5	14	22	22	129	171
10551	5	14	23	23	193	172
10552	5	14	24	24	193	174
10553	5	14	25	25	225	174
10554	5	14	26	26	225	176
10555	5	14	27	27	241	176
10556	5	14	28	28	241	178
10557	5	14	29	29	249	179
10558	5	14	30	30	249	180
10559	5	14	31	31	253	181
10560	5	14	32	32	253	182
10561	5	14	33	33	255	183
10562	5	14	34	34	255	185
10563	5	14	35	35	256	185
10564	5	15	0	0	249	155
10565	5	15	1	1	253	155
10566	5	15	2	2	255	155
10567	5	15	3	3	256	155
10568	5	15	4	4	256	156
10569	5	15	5	5	128	156
10570	5	15	6	6	128	157
10571	5	15	7	7	64	157
10572	5	15	8	8	64	158
10573	5	15	9	9	32	158
10574	5	15	10	10	32	159
10575	5	15	11	11	16	160
10576	5	15	12	12	16	161
10577	5	15	13	13	8	162
10578	5	15	14	14	8	164
10579	5	15	15	15	4	164
10580	5	15	16	16	4	166
10581	5	15	17	17	2	166
10582	5	15	18	18	2	168
10583	5	15	19	19	1	169
10584	5	15	20	20	1	170
10585	5	15	21	21	129	171
10586	5	15	22	22	129	172
10587	5	15	23	23	193	173
10588	5	15	24	24	193	175
10589	5	15	25	25	225	175
10590	5	15	26	26	225	177
10591	5	15	27	27	241	177
10592	5	15	28	28	241	179
10593	5	15	29	29	249	180
10594	5	15	30	30	249	181
10595	5	15	31	31	253	182
10596	5	15	32	32	253	183
10597	5	15	33	33	255	184
10598	5	15	34	34	255	186
10599	5	16	0	0	249	156
10600	5	16	1	1	253	156
10601	5	16	2	2	255	156
10602	5	16	3	3	256	156
10603	5	16	4	4	256	157
10604	5	16	5	5	128	157
10605	5	16	6	6	128	158
10606	5	16	7	7	64	158
10607	5	16	8	8	64	159
10608	5	16	9	9	32	159
10609	5	16	10	10	32	160
10610	5	16	11	11	16	161
10611	5	16	12	12	16	162
10612	5	16	13	13	8	163
10613	5	16	14	14	8	165
10614	5	16	15	15	4	165
10615	5	16	16	16	4	167
10616	5	16	17	17	2	167
10617	5	16	18	18	2	169
10618	5	16	19	19	1	170
10619	5	16	20	20	1	171
10620	5	16	21	21	129	172
10621	5	16	22	22	129	173
10622	5	16	23	23	193	174
10623	5	16	24	24	193	176
10624	5	16	25	25	225	176
10625	5	16	26	26	225	178
10626	5	16	27	27	241	178
10627	5	16	28	28	241	180
10628	5	16	29	29	249	181
10629	5	16	30	30	249	182
10630	5	16	31	31	253	183
10631	5	16	32	32	253	184
10632	5	16	33	33	255	185
10633	5	17	0	0	249	157
10634	5	17	1	1	253	157
10635	5	17	2	2	255	157
10636	5	17	3	3	256	157
10637	5	17	4	4	256	158
10638	5	17	5	5	128	158
10639	5	17	6	6	128	159
10640	5	17	7	7	64	159
10641	5	17	8	8	64	160
10642	5	17	9	9	32	160
10643	5	17	10	10	32	161
10644	5	17	11	11	16	162
10645	5	17	12	12	16	163
10646	5	17	13	13	8	164
10647	5	17	14	14	8	166
10648	5	17	15	15	4	166
10649	5	17	16	16	4	168
10650	5	17	17	17	2	168
10651	5	17	18	18	2	170
10652	5	17	19	19	1	171
10653	5	17	20	20	1	172
10654	5	17	21	21	129	173
10655	5	17	22	22	129	174
10656	5	17	23	23	193	175
10657	5	17	24	24	193	177
10658	5	17	25	25	225	177
10659	5	17	26	26	225	179
10660	5	17	27	27	241	179
10661	5	17	28	28	241	181
10662	5	17	29	29	249	182
10663	5	17	30	30	249	183
10664	5	17	31	31	253	184
10665	5	17	32	32	253	185
10666	5	18	0	0	249	158
10667	5	18	1	1	253	158
10668	5	18	2	2	255	158
10669	5	18	3	3	256	158
10670	5	18	4	4	256	159
10671	5	18	5	5	128	159
10672	5	18	6	6	128	160
10673	5	18	7	7	64	160
10674	5	18	8	8	64	161
10675	5	18	9	9	32	161
10676	5	18	10	10	32	162
10677	5	18	11	11	16	163
10678	5	18	12	12	16	164
10679	5	18	13	13	8	165
10680	5	18	14	14	8	167
10681	5	18	15	15	4	167
10682	5	18	16	16	4	169
10683	5	18	17	17	2	169
10684	5	18	18	18	2	171
10685	5	18	19	19	1	172
10686	5	18	20	20	1	173
10687	5	18	21	21	129	174
10688	5	18	22	22	129	175
10689	5	18	23	23	193	176
10690	5	18	24	24	193	178
10691	5	18	25	25	225	178
10692	5	18	26	26	225	180
10693	5	18	27	27	241	180
10694	5	18	28	28	241	182
10695	5	18	29	29	249	183
10696	5	18	30	30	249	184
10697	5	18	31	31	253	185
10698	5	19	0	0	249	159
10699	5	19	1	1	253	159
10700	5	19	2	2	255	159
10701	5	19	3	3	256	159
10702	5	19	4	4	256	160
10703	5	19	5	5	128	160
10704	5	19	6	6	128	161
10705	5	19	7	7	64	161
10706	5	19	8	8	64	162
10707	5	19	9	9	32	162
10708	5	19	10	10	32	163
10709	5	19	11	11	16	164
10710	5	19	12	12	16	165
10711	5	19	13	13	8	166
10712	5	19	14	14	8	168
10713	5	19	15	15	4	168
10714	5	19	16	16	4	170
10715	5	19	17	17	2	170
10716	5	19	18	18	2	172
10717	5	19	19	19	1	173
10718	5	19	20	20	1	174
10719	5	19	21	21	129	175
10720	5	19	22	22	129	176
10721	5	19	23	23	193	177
10722	5	19	24	24	193	179
10723	5	19	25	25	225	179
10724	5	19	26	26	225	181
10725	5	19	27	27	241	181
10726	5	19	28	28	241	183
10727	5	19	29	29	249	184
10728	5	19	30	30	249	185
10729	5	20	0	0	249	160
10730	5	20	1	1	253	160
10731	5	20	2	2	255	160
10732	5	20	3	3	256	160
10733	5	20	4	4	256	161
10734	5	20	5	5	128	161
10735	5	20	6	6	128	162
10736	5	20	7	7	64	162
10737	5	20	8	8	64	163
10738	5	20	9	9	32	163
10739	5	20	10	10	32	164
10740	5	20	11	11	16	165
10741	5	20	12	12	16	166
10742	5	20	13	13	8	167
10743	5	20	14	14	8	169
10744	5	20	15	15	4	169
10745	5	20	16	16	4	171
10746	5	20	17	17	2	171
10747	5	20	18	18	2	173
10748	5	20	19	19	1	174
10749	5	20	20	20	1	175
10750	5	20	21	21	129	176
10751	5	20	22	22	129	177
10752	5	20	23	23	193	178
10753	5	20	24	24	193	180
10754	5	20	25	25	225	180
10755	5	20	26	26	225	182
10756	5	20	27	27	241	182
10757	5	20	28	28	241	184
10758	5	20	29	29	249	185
10759	5	21	0	0	249	161
10760	5	21	1	1	253	161
10761	5	21	2	2	255	161
10762	5	21	3	3	256	161
10763	5	21	4	4	256	162
10764	5	21	5	5	128	162
10765	5	21	6	6	128	163
10766	5	21	7	7	64	163
10767	5	21	8	8	64	164
10768	5	21	9	9	32	164
10769	5	21	10	10	32	165
10770	5	21	11	11	16	166
10771	5	21	12	12	16	167
10772	5	21	13	13	8	168
10773	5	21	14	14	8	170
10774	5	21	15	15	4	170
10775	5	21	16	16	4	172
10776	5	21	17	17	2	172
10777	5	21	18	18	2	174
10778	5	21	19	19	1	175
10779	5	21	20	20	1	176
10780	5	21	21	21	129	177
10781	5	21	22	22	129	178
10782	5	21	23	23	193	179
10783	5	21	24	24	193	181
10784	5	21	25	25	225	181
10785	5	21	26	26	225	183
10786	5	21	27	27	241	183
10787	5	21	28	28	241	185
10788	5	22	0	0	249	162
10789	5	22	1	1	253	162
10790	5	22	2	2	255	162
10791	5	22	3	3	256	162
10792	5	22	4	4	256	163
10793	5	22	5	5	128	163
10794	5	22	6	6	128	164
10795	5	22	7	7	64	164
10796	5	22	8	8	64	165
10797	5	22	9	9	32	165
10798	5	22	10	10	32	166
10799	5	22	11	11	16	167
10800	5	22	12	12	16	168
10801	5	22	13	13	8	169
10802	5	22	14	14	8	171
10803	5	22	15	15	4	171
10804	5	22	16	16	4	173
10805	5	22	17	17	2	173
10806	5	22	18	18	2	175
10807	5	22	19	19	1	176
10808	5	22	20	20	1	177
10809	5	22	21	21	129	178
10810	5	22	22	22	129	179
10811	5	22	23	23	193	180
10812	5	22	24	24	193	182
10813	5	22	25	25	225	182
10814	5	22	26	26	225	184
10815	5	22	27	27	241	184
10816	5	23	0	0	249	163
10817	5	23	1	1	253	163
10818	5	23	2	2	255	163
10819	5	23	3	3	256	163
10820	5	23	4	4	256	164
10821	5	23	5	5	128	164
10822	5	23	6	6	128	165
10823	5	23	7	7	64	165
10824	5	23	8	8	64	166
10825	5	23	9	9	32	166
10826	5	23	10	10	32	167
10827	5	23	11	11	16	168
10828	5	23	12	12	16	169
10829	5	23	13	13	8	170
10830	5	23	14	14	8	172
10831	5	23	15	15	4	172
10832	5	23	16	16	4	174
10833	5	23	17	17	2	174
10834	5	23	18	18	2	176
10835	5	23	19	19	1	177
10836	5	23	20	20	1	178
10837	5	23	21	21	129	179
10838	5	23	22	22	129	180
10839	5	23	23	23	193	181
10840	5	23	24	24	193	183
10841	5	23	25	25	225	183
10842	5	23	26	26	225	185
10843	5	24	0	0	249	164
10844	5	24	1	1	253	164
10845	5	24	2	2	255	164
10846	5	24	3	3	256	164
10847	5	24	4	4	256	165
10848	5	24	5	5	128	165
10849	5	24	6	6	128	166
10850	5	24	7	7	64	166
10851	5	24	8	8	64	167
10852	5	24	9	9	32	167
10853	5	24	10	10	32	168
10854	5	24	11	11	16	169
10855	5	24	12	12	16	170
10856	5	24	13	13	8	171
10857	5	24	14	14	8	173
10858	5	24	15	15	4	173
10859	5	24	16	16	4	175
10860	5	24	17	17	2	175
10861	5	24	18	18	2	177
10862	5	24	19	19	1	178
10863	5	24	20	20	1	179
10864	5	24	21	21	129	180
10865	5	24	22	22	129	181
10866	5	24	23	23	193	182
10867	5	24	24	24	193	184
10868	5	24	25	25	225	184
10869	5	25	0	0	249	165
10870	5	25	1	1	253	165
10871	5	25	2	2	255	165
10872	5	25	3	3	256	165
10873	5	25	4	4	256	166
10874	5	25	5	5	128	166
10875	5	25	6	6	128	167
10876	5	25	7	7	64	167
10877	5	25	8	8	64	168
10878	5	25	9	9	32	168
10879	5	25	10	10	32	169
10880	5	25	11	11	16	170
10881	5	25	12	12	16	171
10882	5	25	13	13	8	172
10883	5	25	14	14	8	174
10884	5	25	15	15	4	174
10885	5	25	16	16	4	176
10886	5	25	17	17	2	176
10887	5	25	18	18	2	178
10888	5	25	19	19	1	179
10889	5	25	20	20	1	180
10890	5	25	21	21	129	181
10891	5	25	22	22	129	182
10892	5	25	23	23	193	183
10893	5	25	24	24	193	185
10894	5	26	0	0	249	166
10895	5	26	1	1	253	166
10896	5	26	2	2	255	166
10897	5	26	3	3	256	166
10898	5	26	4	4	256	167
10899	5	26	5	5	128	167
10900	5	26	6	6	128	168
10901	5	26	7	7	64	168
10902	5	26	8	8	64	169
10903	5	26	9	9	32	169
10904	5	26	10	10	32	170
10905	5	26	11	11	16	171
10906	5	26	12	12	16	172
10907	5	26	13	13	8	173
10908	5	26	14	14	8	175
10909	5	26	15	15	4	175
10910	5	26	16	16	4	177
10911	5	26	17	17	2	177
10912	5	26	18	18	2	179
10913	5	26	19	19	1	180
10914	5	26	20	20	1	181
10915	5	26	21	21	129	182
10916	5	26	22	22	129	183
10917	5	26	23	23	193	184
10918	5	27	0	0	249	167
10919	5	27	1	1	253	167
10920	5	27	2	2	255	167
10921	5	27	3	3	256	167
10922	5	27	4	4	256	168
10923	5	27	5	5	128	168
10924	5	27	6	6	128	169
10925	5	27	7	7	64	169
10926	5	27	8	8	64	170
10927	5	27	9	9	32	170
10928	5	27	10	10	32	171
10929	5	27	11	11	16	172
10930	5	27	12	12	16	173
10931	5	27	13	13	8	174
10932	5	27	14	14	8	176
10933	5	27	15	15	4	176
10934	5	27	16	16	4	178
10935	5	27	17	17	2	178
10936	5	27	18	18	2	180
10937	5	27	19	19	1	181
10938	5	27	20	20	1	182
10939	5	27	21	21	129	183
10940	5	27	22	22	129	184
10941	5	28	0	0	249	168
10942	5	28	1	1	253	168
10943	5	28	2	2	255	168
10944	5	28	3	3	256	168
10945	5	28	4	4	256	169
10946	5	28	5	5	128	169
10947	5	28	6	6	128	170
10948	5	28	7	7	64	170
10949	5	28	8	8	64	171
10950	5	28	9	9	32	171
10951	5	28	10	10	32	172
10952	5	28	11	11	16	173
10953	5	28	12	12	16	174
10954	5	28	13	13	8	175
10955	5	28	14	14	8	177
10956	5	28	15	15	4	177
10957	5	28	16	16	4	179
10958	5	28	17	17	2	179
10959	5	28	18	18	2	181
10960	5	28	19	19	1	182
10961	5	28	20	20	1	183
10962	5	28	21	21	129	184
10963	5	29	0	0	249	169
10964	5	29	1	1	253	169
10965	5	29	2	2	255	169
10966	5	29	3	3	256	169
10967	5	29	4	4	256	170
10968	5	29	5	5	128	170
10969	5	29	6	6	128	171
10970	5	29	7	7	64	171
10971	5	29	8	8	64	172
10972	5	29	9	9	32	172
10973	5	29	10	10	32	173
10974	5	29	11	11	16	174
10975	5	29	12	12	16	175
10976	5	29	13	13	8	176
10977	5	29	14	14	8	178
10978	5	29	15	15	4	178
10979	5	29	16	16	4	180
10980	5	29	17	17	2	180
10981	5	29	18	18	2	182
10982	5	29	19	19	1	183
10983	5	29	20	20	1	184
10984	5	30	0	0	249	170
10985	5	30	1	1	253	170
10986	5	30	2	2	255	170
10987	5	30	3	3	256	170
10988	5	30	4	4	256	171
10989	5	30	5	5	128	171
10990	5	30	6	6	128	172
10991	5	30	7	7	64	172
10992	5	30	8	8	64	173
10993	5	30	9	9	32	173
10994	5	30	10	10	32	174
10995	5	30	11	11	16	175
10996	5	30	12	12	16	176
10997	5	30	13	13	8	177
10998	5	30	14	14	8	179
10999	5	30	15	15	4	179
11000	5	30	16	16	4	181
11001	5	30	17	17	2	181
11002	5	30	18	18	2	183
11003	5	30	19	19	1	184
11004	5	31	0	0	249	171
11005	5	31	1	1	253	171
11006	5	31	2	2	255	171
11007	5	31	3	3	256	171
11008	5	31	4	4	256	172
11009	5	31	5	5	128	172
11010	5	31	6	6	128	173
11011	5	31	7	7	64	173
11012	5	31	8	8	64	174
11013	5	31	9	9	32	174
11014	5	31	10	10	32	175
11015	5	31	11	11	16	176
11016	5	31	12	12	16	177
11017	5	31	13	13	8	178
11018	5	31	14	14	8	180
11019	5	31	15	15	4	180
11020	5	31	16	16	4	182
11021	5	31	17	17	2	182
11022	5	31	18	18	2	184
11023	5	32	0	0	249	172
11024	5	32	1	1	253	172
11025	5	32	2	2	255	172
11026	5	32	3	3	256	172
11027	5	32	4	4	256	173
11028	5	32	5	5	128	173
11029	5	32	6	6	128	174
11030	5	32	7	7	64	174
11031	5	32	8	8	64	175
11032	5	32	9	9	32	175
11033	5	32	10	10	32	176
11034	5	32	11	11	16	177
11035	5	32	12	12	16	178
11036	5	32	13	13	8	179
11037	5	32	14	14	8	181
11038	5	32	15	15	4	181
11039	5	32	16	16	4	183
11040	5	32	17	17	2	183
11041	5	33	0	0	249	173
11042	5	33	1	1	253	173
11043	5	33	2	2	255	173
11044	5	33	3	3	256	173
11045	5	33	4	4	256	174
11046	5	33	5	5	128	174
11047	5	33	6	6	128	175
11048	5	33	7	7	64	175
11049	5	33	8	8	64	176
11050	5	33	9	9	32	176
11051	5	33	10	10	32	177
11052	5	33	11	11	16	178
11053	5	33	12	12	16	179
11054	5	33	13	13	8	180
11055	5	33	14	14	8	182
11056	5	33	15	15	4	182
11057	5	33	16	16	4	184
11058	5	34	0	0	249	174
11059	5	34	1	1	253	174
11060	5	34	2	2	255	174
11061	5	34	3	3	256	174
11062	5	34	4	4	256	175
11063	5	34	5	5	128	175
11064	5	34	6	6	128	176
11065	5	34	7	7	64	176
11066	5	34	8	8	64	177
11067	5	34	9	9	32	177
11068	5	34	10	10	32	178
11069	5	34	11	11	16	179
11070	5	34	12	12	16	180
11071	5	34	13	13	8	181
11072	5	34	14	14	8	183
11073	5	34	15	15	4	183
11074	5	35	0	0	249	175
11075	5	35	1	1	253	175
11076	5	35	2	2	255	175
11077	5	35	3	3	256	175
11078	5	35	4	4	256	176
11079	5	35	5	5	128	176
11080	5	35	6	6	128	177
11081	5	35	7	7	64	177
11082	5	35	8	8	64	178
11083	5	35	9	9	32	178
11084	5	35	10	10	32	179
11085	5	35	11	11	16	180
11086	5	35	12	12	16	181
11087	5	35	13	13	8	182
11088	5	35	14	14	8	184
11089	5	36	0	0	249	176
11090	5	36	1	1	253	176
11091	5	36	2	2	255	176
11092	5	36	3	3	256	176
11093	5	36	4	4	256	177
11094	5	36	5	5	128	177
11095	5	36	6	6	128	178
11096	5	36	7	7	64	178
11097	5	36	8	8	64	179
11098	5	36	9	9	32	179
11099	5	36	10	10	32	180
11100	5	36	11	11	16	181
11101	5	36	12	12	16	182
11102	5	36	13	13	8	183
11103	5	37	0	0	249	177
11104	5	37	1	1	253	177
11105	5	37	2	2	255	177
11106	5	37	3	3	256	177
11107	5	37	4	4	256	178
11108	5	37	5	5	128	178
11109	5	37	6	6	128	179
11110	5	37	7	7	64	179
11111	5	37	8	8	64	180
11112	5	37	9	9	32	180
11113	5	37	10	10	32	181
11114	5	37	11	11	16	182
11115	5	37	12	12	16	183
11116	5	38	0	0	249	178
11117	5	38	1	1	253	178
11118	5	38	2	2	255	178
11119	5	38	3	3	256	178
11120	5	38	4	4	256	179
11121	5	38	5	5	128	179
11122	5	38	6	6	128	180
11123	5	38	7	7	64	180
11124	5	38	8	8	64	181
11125	5	38	9	9	32	181
11126	5	38	10	10	32	182
11127	5	38	11	11	16	183
11128	5	39	0	0	249	179
11129	5	39	1	1	253	179
11130	5	39	2	2	255	179
11131	5	39	3	3	256	179
11132	5	39	4	4	256	180
11133	5	39	5	5	128	180
11134	5	39	6	6	128	181
11135	5	39	7	7	64	181
11136	5	39	8	8	64	182
11137	5	39	9	9	32	182
11138	5	39	10	10	32	183
11139	5	40	0	0	249	180
11140	5	40	1	1	253	180
11141	5	40	2	2	255	180
11142	5	40	3	3	256	180
11143	5	40	4	4	256	181
11144	5	40	5	5	128	181
11145	5	40	6	6	128	182
11146	5	40	7	7	64	182
11147	5	40	8	8	64	183
11148	5	40	9	9	32	183
11149	5	41	0	0	249	181
11150	5	41	1	1	253	181
11151	5	41	2	2	255	181
11152	5	41	3	3	256	181
11153	5	41	4	4	256	182
11154	5	41	5	5	128	182
11155	5	41	6	6	128	183
11156	5	41	7	7	64	183
11157	5	41	8	8	64	184
11158	5	42	0	0	249	182
11159	5	42	1	1	253	182
11160	5	42	2	2	255	182
11161	5	42	3	3	256	182
11162	5	42	4	4	256	183
11163	5	42	5	5	128	183
11164	5	42	6	6	128	184
11165	5	42	7	7	64	184
11166	5	43	0	0	249	183
11167	5	43	1	1	253	183
11168	5	43	2	2	255	183
11169	5	43	3	3	256	183
11170	5	43	4	4	256	184
11171	5	43	5	5	128	184
11172	5	43	6	6	128	185
11173	5	44	0	0	249	184
11174	5	44	1	1	253	184
11175	5	44	2	2	255	184
11176	5	44	3	3	256	184
11177	5	44	4	4	256	185
11178	5	44	5	5	128	185
11179	5	45	0	0	249	185
11180	5	45	1	1	253	185
11181	5	45	2	2	255	185
11182	5	45	3	3	256	185
11183	5	45	4	4	256	186
11184	5	46	0	0	249	186
11185	5	46	1	1	253	186
11186	5	46	2	2	255	186
11187	5	46	3	3	256	186
11188	5	47	0	0	249	187
11189	5	47	1	1	253	187
11190	5	47	2	2	255	187
11191	5	48	0	0	249	188
11192	5	48	1	1	253	188
11193	5	49	0	0	249	189
11194	6	0	0	50	32	188
11195	6	0	1	51	16	189
11196	6	0	2	52	16	190
11197	6	0	3	53	8	191
11198	6	0	4	54	8	193
11199	6	0	5	55	4	193
11200	6	0	6	56	4	195
11201	6	0	7	57	2	195
11202	6	0	8	58	2	197
11203	6	0	9	59	1	198
11204	6	0	10	60	1	199
11205	6	0	11	61	129	200
11206	6	0	12	62	129	201
11207	6	0	13	63	193	202
11208	6	0	14	64	193	204
11209	6	0	15	65	225	204
11210	6	0	16	66	225	206
11211	6	0	17	67	241	206
11212	6	0	18	68	241	208
11213	6	0	19	69	249	209
11214	6	0	20	70	249	210
11215	6	0	21	71	253	211
11216	6	0	22	72	253	212
11217	6	0	23	73	255	213
11218	6	0	24	74	255	215
11219	6	0	25	75	256	215
11220	6	0	26	76	256	217
11221	6	0	27	77	128	217
11222	6	0	28	78	128	219
11223	6	0	29	79	64	220
11224	6	0	30	80	64	221
11225	6	0	31	81	32	222
11226	6	0	32	82	32	223
11227	6	0	33	83	16	224
11228	6	0	34	84	16	226
11229	6	0	35	85	8	226
11230	6	0	36	86	8	228
11231	6	0	37	87	4	228
11232	6	0	38	88	4	230
11233	6	0	39	89	2	231
11234	6	0	40	90	2	232
11235	6	0	41	91	1	233
11236	6	0	42	92	1	234
11237	6	0	43	93	129	235
11238	6	0	44	94	129	237
11239	6	0	45	95	193	237
11240	6	0	46	96	193	239
11241	6	0	47	97	225	239
11242	6	0	48	98	225	241
11243	6	0	49	99	241	242
11244	6	0	50	100	241	243
11245	6	0	51	101	249	244
11246	6	0	52	102	249	245
11247	6	1	0	49	8	188
11248	6	1	1	50	8	189
11249	6	1	2	51	4	190
11250	6	1	3	52	4	191
11251	6	1	4	53	2	192
11252	6	1	5	54	2	194
11253	6	1	6	55	1	194
11254	6	1	7	56	1	196
11255	6	1	8	57	129	196
11256	6	1	9	58	129	198
11257	6	1	10	59	193	199
11258	6	1	11	60	193	200
11259	6	1	12	61	225	201
11260	6	1	13	62	225	202
11261	6	1	14	63	241	203
11262	6	1	15	64	241	205
11263	6	1	16	65	249	205
11264	6	1	17	66	249	207
11265	6	1	18	67	253	207
11266	6	1	19	68	253	209
11267	6	1	20	69	255	210
11268	6	1	21	70	255	211
11269	6	1	22	71	256	212
11270	6	1	23	72	256	213
11271	6	1	24	73	128	214
11272	6	1	25	74	128	216
11273	6	1	26	75	64	216
11274	6	1	27	76	64	218
11275	6	1	28	77	32	218
11276	6	1	29	78	32	220
11277	6	1	30	79	16	221
11278	6	1	31	80	16	222
11279	6	1	32	81	8	223
11280	6	1	33	82	8	224
11281	6	1	34	83	4	225
11282	6	1	35	84	4	227
11283	6	1	36	85	2	227
11284	6	1	37	86	2	229
11285	6	1	38	87	1	229
11286	6	1	39	88	1	231
11287	6	1	40	89	129	232
11288	6	1	41	90	129	233
11289	6	1	42	91	193	234
11290	6	1	43	92	193	235
11291	6	1	44	93	225	236
11292	6	1	45	94	225	238
11293	6	1	46	95	241	238
11294	6	1	47	96	241	240
11295	6	1	48	97	249	240
11296	6	1	49	98	249	242
11297	6	1	50	99	253	243
11298	6	1	51	100	253	244
11299	6	2	0	48	4	188
11300	6	2	1	49	2	189
11301	6	2	2	50	2	190
11302	6	2	3	51	1	191
11303	6	2	4	52	1	192
11304	6	2	5	53	129	193
11305	6	2	6	54	129	195
11306	6	2	7	55	193	195
11307	6	2	8	56	193	197
11308	6	2	9	57	225	197
11309	6	2	10	58	225	199
11310	6	2	11	59	241	200
11311	6	2	12	60	241	201
11312	6	2	13	61	249	202
11313	6	2	14	62	249	203
11314	6	2	15	63	253	204
11315	6	2	16	64	253	206
11316	6	2	17	65	255	206
11317	6	2	18	66	255	208
11318	6	2	19	67	256	208
11319	6	2	20	68	256	210
11320	6	2	21	69	128	211
11321	6	2	22	70	128	212
11322	6	2	23	71	64	213
11323	6	2	24	72	64	214
11324	6	2	25	73	32	215
11325	6	2	26	74	32	217
11326	6	2	27	75	16	217
11327	6	2	28	76	16	219
11328	6	2	29	77	8	219
11329	6	2	30	78	8	221
11330	6	2	31	79	4	222
11331	6	2	32	80	4	223
11332	6	2	33	81	2	224
11333	6	2	34	82	2	225
11334	6	2	35	83	1	226
11335	6	2	36	84	1	228
11336	6	2	37	85	129	228
11337	6	2	38	86	129	230
11338	6	2	39	87	193	230
11339	6	2	40	88	193	232
11340	6	2	41	89	225	233
11341	6	2	42	90	225	234
11342	6	2	43	91	241	235
11343	6	2	44	92	241	236
11344	6	2	45	93	249	237
11345	6	2	46	94	249	239
11346	6	2	47	95	253	239
11347	6	2	48	96	253	241
11348	6	2	49	97	255	241
11349	6	2	50	98	255	243
11350	6	3	0	47	1	187
11351	6	3	1	48	1	189
11352	6	3	2	49	129	190
11353	6	3	3	50	129	191
11354	6	3	4	51	193	192
11355	6	3	5	52	193	193
11356	6	3	6	53	225	194
11357	6	3	7	54	225	196
11358	6	3	8	55	241	196
11359	6	3	9	56	241	198
11360	6	3	10	57	249	198
11361	6	3	11	58	249	200
11362	6	3	12	59	253	201
11363	6	3	13	60	253	202
11364	6	3	14	61	255	203
11365	6	3	15	62	255	204
11366	6	3	16	63	256	205
11367	6	3	17	64	256	207
11368	6	3	18	65	128	207
11369	6	3	19	66	128	209
11370	6	3	20	67	64	209
11371	6	3	21	68	64	211
11372	6	3	22	69	32	212
11373	6	3	23	70	32	213
11374	6	3	24	71	16	214
11375	6	3	25	72	16	215
11376	6	3	26	73	8	216
11377	6	3	27	74	8	218
11378	6	3	28	75	4	218
11379	6	3	29	76	4	220
11380	6	3	30	77	2	220
11381	6	3	31	78	2	222
11382	6	3	32	79	1	223
11383	6	3	33	80	1	224
11384	6	3	34	81	129	225
11385	6	3	35	82	129	226
11386	6	3	36	83	193	227
11387	6	3	37	84	193	229
11388	6	3	38	85	225	229
11389	6	3	39	86	225	231
11390	6	3	40	87	241	231
11391	6	3	41	88	241	233
11392	6	3	42	89	249	234
11393	6	3	43	90	249	235
11394	6	3	44	91	253	236
11395	6	3	45	92	253	237
11396	6	3	46	93	255	238
11397	6	3	47	94	255	240
11398	6	3	48	95	256	240
11399	6	3	49	96	256	242
11400	6	4	0	46	129	188
11401	6	4	1	47	193	188
11402	6	4	2	48	193	190
11403	6	4	3	49	225	191
11404	6	4	4	50	225	192
11405	6	4	5	51	241	193
11406	6	4	6	52	241	194
11407	6	4	7	53	249	195
11408	6	4	8	54	249	197
11409	6	4	9	55	253	197
11410	6	4	10	56	253	199
11411	6	4	11	57	255	199
11412	6	4	12	58	255	201
11413	6	4	13	59	256	202
11414	6	4	14	60	256	203
11415	6	4	15	61	128	204
11416	6	4	16	62	128	205
11417	6	4	17	63	64	206
11418	6	4	18	64	64	208
11419	6	4	19	65	32	208
11420	6	4	20	66	32	210
11421	6	4	21	67	16	210
11422	6	4	22	68	16	212
11423	6	4	23	69	8	213
11424	6	4	24	70	8	214
11425	6	4	25	71	4	215
11426	6	4	26	72	4	216
11427	6	4	27	73	2	217
11428	6	4	28	74	2	219
11429	6	4	29	75	1	219
11430	6	4	30	76	1	221
11431	6	4	31	77	129	221
11432	6	4	32	78	129	223
11433	6	4	33	79	193	224
11434	6	4	34	80	193	225
11435	6	4	35	81	225	226
11436	6	4	36	82	225	227
11437	6	4	37	83	241	228
11438	6	4	38	84	241	230
11439	6	4	39	85	249	230
11440	6	4	40	86	249	232
11441	6	4	41	87	253	232
11442	6	4	42	88	253	234
11443	6	4	43	89	255	235
11444	6	4	44	90	255	236
11445	6	4	45	91	256	237
11446	6	4	46	92	256	238
11447	6	4	47	93	128	239
11448	6	4	48	94	128	241
11449	6	5	0	45	225	187
11450	6	5	1	46	225	189
11451	6	5	2	47	241	189
11452	6	5	3	48	241	191
11453	6	5	4	49	249	192
11454	6	5	5	50	249	193
11455	6	5	6	51	253	194
11456	6	5	7	52	253	195
11457	6	5	8	53	255	196
11458	6	5	9	54	255	198
11459	6	5	10	55	256	198
11460	6	5	11	56	256	200
11461	6	5	12	57	128	200
11462	6	5	13	58	128	202
11463	6	5	14	59	64	203
11464	6	5	15	60	64	204
11465	6	5	16	61	32	205
11466	6	5	17	62	32	206
11467	6	5	18	63	16	207
11468	6	5	19	64	16	209
11469	6	5	20	65	8	209
11470	6	5	21	66	8	211
11471	6	5	22	67	4	211
11472	6	5	23	68	4	213
11473	6	5	24	69	2	214
11474	6	5	25	70	2	215
11475	6	5	26	71	1	216
11476	6	5	27	72	1	217
11477	6	5	28	73	129	218
11478	6	5	29	74	129	220
11479	6	5	30	75	193	220
11480	6	5	31	76	193	222
11481	6	5	32	77	225	222
11482	6	5	33	78	225	224
11483	6	5	34	79	241	225
11484	6	5	35	80	241	226
11485	6	5	36	81	249	227
11486	6	5	37	82	249	228
11487	6	5	38	83	253	229
11488	6	5	39	84	253	231
11489	6	5	40	85	255	231
11490	6	5	41	86	255	233
11491	6	5	42	87	256	233
11492	6	5	43	88	256	235
11493	6	5	44	89	128	236
11494	6	5	45	90	128	237
11495	6	5	46	91	64	238
11496	6	5	47	92	64	239
11497	6	6	0	44	241	188
11498	6	6	1	45	249	188
11499	6	6	2	46	249	190
11500	6	6	3	47	253	190
11501	6	6	4	48	253	192
11502	6	6	5	49	255	193
11503	6	6	6	50	255	194
11504	6	6	7	51	256	195
11505	6	6	8	52	256	196
11506	6	6	9	53	128	197
11507	6	6	10	54	128	199
11508	6	6	11	55	64	199
11509	6	6	12	56	64	201
11510	6	6	13	57	32	201
11511	6	6	14	58	32	203
11512	6	6	15	59	16	204
11513	6	6	16	60	16	205
11514	6	6	17	61	8	206
11515	6	6	18	62	8	207
11516	6	6	19	63	4	208
11517	6	6	20	64	4	210
11518	6	6	21	65	2	210
11519	6	6	22	66	2	212
11520	6	6	23	67	1	212
11521	6	6	24	68	1	214
11522	6	6	25	69	129	215
11523	6	6	26	70	129	216
11524	6	6	27	71	193	217
11525	6	6	28	72	193	218
11526	6	6	29	73	225	219
11527	6	6	30	74	225	221
11528	6	6	31	75	241	221
11529	6	6	32	76	241	223
11530	6	6	33	77	249	223
11531	6	6	34	78	249	225
11532	6	6	35	79	253	226
11533	6	6	36	80	253	227
11534	6	6	37	81	255	228
11535	6	6	38	82	255	229
11536	6	6	39	83	256	230
11537	6	6	40	84	256	232
11538	6	6	41	85	128	232
11539	6	6	42	86	128	234
11540	6	6	43	87	64	234
11541	6	6	44	88	64	236
11542	6	6	45	89	32	237
11543	6	6	46	90	32	238
11544	6	7	0	43	253	187
11545	6	7	1	44	253	189
11546	6	7	2	45	255	189
11547	6	7	3	46	255	191
11548	6	7	4	47	256	191
11549	6	7	5	48	256	193
11550	6	7	6	49	128	194
11551	6	7	7	50	128	195
11552	6	7	8	51	64	196
11553	6	7	9	52	64	197
11554	6	7	10	53	32	198
11555	6	7	11	54	32	200
11556	6	7	12	55	16	200
11557	6	7	13	56	16	202
11558	6	7	14	57	8	202
11559	6	7	15	58	8	204
11560	6	7	16	59	4	205
11561	6	7	17	60	4	206
11562	6	7	18	61	2	207
11563	6	7	19	62	2	208
11564	6	7	20	63	1	209
11565	6	7	21	64	1	211
11566	6	7	22	65	129	211
11567	6	7	23	66	129	213
11568	6	7	24	67	193	213
11569	6	7	25	68	193	215
11570	6	7	26	69	225	216
11571	6	7	27	70	225	217
11572	6	7	28	71	241	218
11573	6	7	29	72	241	219
11574	6	7	30	73	249	220
11575	6	7	31	74	249	222
11576	6	7	32	75	253	222
11577	6	7	33	76	253	224
11578	6	7	34	77	255	224
11579	6	7	35	78	255	226
11580	6	7	36	79	256	227
11581	6	7	37	80	256	228
11582	6	7	38	81	128	229
11583	6	7	39	82	128	230
11584	6	7	40	83	64	231
11585	6	7	41	84	64	233
11586	6	7	42	85	32	233
11587	6	7	43	86	32	235
11588	6	7	44	87	16	235
11589	6	7	45	88	16	237
11590	6	8	0	42	255	187
11591	6	8	1	43	256	188
11592	6	8	2	44	256	190
11593	6	8	3	45	128	190
11594	6	8	4	46	128	192
11595	6	8	5	47	64	192
11596	6	8	6	48	64	194
11597	6	8	7	49	32	195
11598	6	8	8	50	32	196
11599	6	8	9	51	16	197
11600	6	8	10	52	16	198
11601	6	8	11	53	8	199
11602	6	8	12	54	8	201
11603	6	8	13	55	4	201
11604	6	8	14	56	4	203
11605	6	8	15	57	2	203
11606	6	8	16	58	2	205
11607	6	8	17	59	1	206
11608	6	8	18	60	1	207
11609	6	8	19	61	129	208
11610	6	8	20	62	129	209
11611	6	8	21	63	193	210
11612	6	8	22	64	193	212
11613	6	8	23	65	225	212
11614	6	8	24	66	225	214
11615	6	8	25	67	241	214
11616	6	8	26	68	241	216
11617	6	8	27	69	249	217
11618	6	8	28	70	249	218
11619	6	8	29	71	253	219
11620	6	8	30	72	253	220
11621	6	8	31	73	255	221
11622	6	8	32	74	255	223
11623	6	8	33	75	256	223
11624	6	8	34	76	256	225
11625	6	8	35	77	128	225
11626	6	8	36	78	128	227
11627	6	8	37	79	64	228
11628	6	8	38	80	64	229
11629	6	8	39	81	32	230
11630	6	8	40	82	32	231
11631	6	8	41	83	16	232
11632	6	8	42	84	16	234
11633	6	8	43	85	8	234
11634	6	8	44	86	8	236
11635	6	9	0	41	128	187
11636	6	9	1	42	128	188
11637	6	9	2	43	64	189
11638	6	9	3	44	64	191
11639	6	9	4	45	32	191
11640	6	9	5	46	32	193
11641	6	9	6	47	16	193
11642	6	9	7	48	16	195
11643	6	9	8	49	8	196
11644	6	9	9	50	8	197
11645	6	9	10	51	4	198
11646	6	9	11	52	4	199
11647	6	9	12	53	2	200
11648	6	9	13	54	2	202
11649	6	9	14	55	1	202
11650	6	9	15	56	1	204
11651	6	9	16	57	129	204
11652	6	9	17	58	129	206
11653	6	9	18	59	193	207
11654	6	9	19	60	193	208
11655	6	9	20	61	225	209
11656	6	9	21	62	225	210
11657	6	9	22	63	241	211
11658	6	9	23	64	241	213
11659	6	9	24	65	249	213
11660	6	9	25	66	249	215
11661	6	9	26	67	253	215
11662	6	9	27	68	253	217
11663	6	9	28	69	255	218
11664	6	9	29	70	255	219
11665	6	9	30	71	256	220
11666	6	9	31	72	256	221
11667	6	9	32	73	128	222
11668	6	9	33	74	128	224
11669	6	9	34	75	64	224
11670	6	9	35	76	64	226
11671	6	9	36	77	32	226
11672	6	9	37	78	32	228
11673	6	9	38	79	16	229
11674	6	9	39	80	16	230
11675	6	9	40	81	8	231
11676	6	9	41	82	8	232
11677	6	9	42	83	4	233
11678	6	9	43	84	4	235
11679	6	10	0	40	64	187
11680	6	10	1	41	32	188
11681	6	10	2	42	32	189
11682	6	10	3	43	16	190
11683	6	10	4	44	16	192
11684	6	10	5	45	8	192
11685	6	10	6	46	8	194
11686	6	10	7	47	4	194
11687	6	10	8	48	4	196
11688	6	10	9	49	2	197
11689	6	10	10	50	2	198
11690	6	10	11	51	1	199
11691	6	10	12	52	1	200
11692	6	10	13	53	129	201
11693	6	10	14	54	129	203
11694	6	10	15	55	193	203
11695	6	10	16	56	193	205
11696	6	10	17	57	225	205
11697	6	10	18	58	225	207
11698	6	10	19	59	241	208
11699	6	10	20	60	241	209
11700	6	10	21	61	249	210
11701	6	10	22	62	249	211
11702	6	10	23	63	253	212
11703	6	10	24	64	253	214
11704	6	10	25	65	255	214
11705	6	10	26	66	255	216
11706	6	10	27	67	256	216
11707	6	10	28	68	256	218
11708	6	10	29	69	128	219
11709	6	10	30	70	128	220
11710	6	10	31	71	64	221
11711	6	10	32	72	64	222
11712	6	10	33	73	32	223
11713	6	10	34	74	32	225
11714	6	10	35	75	16	225
11715	6	10	36	76	16	227
11716	6	10	37	77	8	227
11717	6	10	38	78	8	229
11718	6	10	39	79	4	230
11719	6	10	40	80	4	231
11720	6	10	41	81	2	232
11721	6	10	42	82	2	233
11722	6	11	0	39	16	187
11723	6	11	1	40	16	188
11724	6	11	2	41	8	189
11725	6	11	3	42	8	190
11726	6	11	4	43	4	191
11727	6	11	5	44	4	193
11728	6	11	6	45	2	193
11729	6	11	7	46	2	195
11730	6	11	8	47	1	195
11731	6	11	9	48	1	197
11732	6	11	10	49	129	198
11733	6	11	11	50	129	199
11734	6	11	12	51	193	200
11735	6	11	13	52	193	201
11736	6	11	14	53	225	202
11737	6	11	15	54	225	204
11738	6	11	16	55	241	204
11739	6	11	17	56	241	206
11740	6	11	18	57	249	206
11741	6	11	19	58	249	208
11742	6	11	20	59	253	209
11743	6	11	21	60	253	210
11744	6	11	22	61	255	211
11745	6	11	23	62	255	212
11746	6	11	24	63	256	213
11747	6	11	25	64	256	215
11748	6	11	26	65	128	215
11749	6	11	27	66	128	217
11750	6	11	28	67	64	217
11751	6	11	29	68	64	219
11752	6	11	30	69	32	220
11753	6	11	31	70	32	221
11754	6	11	32	71	16	222
11755	6	11	33	72	16	223
11756	6	11	34	73	8	224
11757	6	11	35	74	8	226
11758	6	11	36	75	4	226
11759	6	11	37	76	4	228
11760	6	11	38	77	2	228
11761	6	11	39	78	2	230
11762	6	11	40	79	1	231
11763	6	11	41	80	1	232
11764	6	12	0	38	8	187
11765	6	12	1	39	4	188
11766	6	12	2	40	4	189
11767	6	12	3	41	2	190
11768	6	12	4	42	2	191
11769	6	12	5	43	1	192
11770	6	12	6	44	1	194
11771	6	12	7	45	129	194
11772	6	12	8	46	129	196
11773	6	12	9	47	193	196
11774	6	12	10	48	193	198
11775	6	12	11	49	225	199
11776	6	12	12	50	225	200
11777	6	12	13	51	241	201
11778	6	12	14	52	241	202
11779	6	12	15	53	249	203
11780	6	12	16	54	249	205
11781	6	12	17	55	253	205
11782	6	12	18	56	253	207
11783	6	12	19	57	255	207
11784	6	12	20	58	255	209
11785	6	12	21	59	256	210
11786	6	12	22	60	256	211
11787	6	12	23	61	128	212
11788	6	12	24	62	128	213
11789	6	12	25	63	64	214
11790	6	12	26	64	64	216
11791	6	12	27	65	32	216
11792	6	12	28	66	32	218
11793	6	12	29	67	16	218
11794	6	12	30	68	16	220
11795	6	12	31	69	8	221
11796	6	12	32	70	8	222
11797	6	12	33	71	4	223
11798	6	12	34	72	4	224
11799	6	12	35	73	2	225
11800	6	12	36	74	2	227
11801	6	12	37	75	1	227
11802	6	12	38	76	1	229
11803	6	12	39	77	129	229
11804	6	12	40	78	129	231
11805	6	13	0	37	2	186
11806	6	13	1	38	2	188
11807	6	13	2	39	1	189
11808	6	13	3	40	1	190
11809	6	13	4	41	129	191
11810	6	13	5	42	129	192
11811	6	13	6	43	193	193
11812	6	13	7	44	193	195
11813	6	13	8	45	225	195
11814	6	13	9	46	225	197
11815	6	13	10	47	241	197
11816	6	13	11	48	241	199
11817	6	13	12	49	249	200
11818	6	13	13	50	249	201
11819	6	13	14	51	253	202
11820	6	13	15	52	253	203
11821	6	13	16	53	255	204
11822	6	13	17	54	255	206
11823	6	13	18	55	256	206
11824	6	13	19	56	256	208
11825	6	13	20	57	128	208
11826	6	13	21	58	128	210
11827	6	13	22	59	64	211
11828	6	13	23	60	64	212
11829	6	13	24	61	32	213
11830	6	13	25	62	32	214
11831	6	13	26	63	16	215
11832	6	13	27	64	16	217
11833	6	13	28	65	8	217
11834	6	13	29	66	8	219
11835	6	13	30	67	4	219
11836	6	13	31	68	4	221
11837	6	13	32	69	2	222
11838	6	13	33	70	2	223
11839	6	13	34	71	1	224
11840	6	13	35	72	1	225
11841	6	13	36	73	129	226
11842	6	13	37	74	129	228
11843	6	13	38	75	193	228
11844	6	13	39	76	193	230
11845	6	14	0	36	1	187
11846	6	14	1	37	129	187
11847	6	14	2	38	129	189
11848	6	14	3	39	193	190
11849	6	14	4	40	193	191
11850	6	14	5	41	225	192
11851	6	14	6	42	225	193
11852	6	14	7	43	241	194
11853	6	14	8	44	241	196
11854	6	14	9	45	249	196
11855	6	14	10	46	249	198
11856	6	14	11	47	253	198
11857	6	14	12	48	253	200
11858	6	14	13	49	255	201
11859	6	14	14	50	255	202
11860	6	14	15	51	256	203
11861	6	14	16	52	256	204
11862	6	14	17	53	128	205
11863	6	14	18	54	128	207
11864	6	14	19	55	64	207
11865	6	14	20	56	64	209
11866	6	14	21	57	32	209
11867	6	14	22	58	32	211
11868	6	14	23	59	16	212
11869	6	14	24	60	16	213
11870	6	14	25	61	8	214
11871	6	14	26	62	8	215
11872	6	14	27	63	4	216
11873	6	14	28	64	4	218
11874	6	14	29	65	2	218
11875	6	14	30	66	2	220
11876	6	14	31	67	1	220
11877	6	14	32	68	1	222
11878	6	14	33	69	129	223
11879	6	14	34	70	129	224
11880	6	14	35	71	193	225
11881	6	14	36	72	193	226
11882	6	14	37	73	225	227
11883	6	14	38	74	225	229
11884	6	15	0	35	193	186
11885	6	15	1	36	193	188
11886	6	15	2	37	225	188
11887	6	15	3	38	225	190
11888	6	15	4	39	241	191
11889	6	15	5	40	241	192
11890	6	15	6	41	249	193
11891	6	15	7	42	249	194
11892	6	15	8	43	253	195
11893	6	15	9	44	253	197
11894	6	15	10	45	255	197
11895	6	15	11	46	255	199
11896	6	15	12	47	256	199
11897	6	15	13	48	256	201
11898	6	15	14	49	128	202
11899	6	15	15	50	128	203
11900	6	15	16	51	64	204
11901	6	15	17	52	64	205
11902	6	15	18	53	32	206
11903	6	15	19	54	32	208
11904	6	15	20	55	16	208
11905	6	15	21	56	16	210
11906	6	15	22	57	8	210
11907	6	15	23	58	8	212
11908	6	15	24	59	4	213
11909	6	15	25	60	4	214
11910	6	15	26	61	2	215
11911	6	15	27	62	2	216
11912	6	15	28	63	1	217
11913	6	15	29	64	1	219
11914	6	15	30	65	129	219
11915	6	15	31	66	129	221
11916	6	15	32	67	193	221
11917	6	15	33	68	193	223
11918	6	15	34	69	225	224
11919	6	15	35	70	225	225
11920	6	15	36	71	241	226
11921	6	15	37	72	241	227
11922	6	16	0	34	225	187
11923	6	16	1	35	241	187
11924	6	16	2	36	241	189
11925	6	16	3	37	249	189
11926	6	16	4	38	249	191
11927	6	16	5	39	253	192
11928	6	16	6	40	253	193
11929	6	16	7	41	255	194
11930	6	16	8	42	255	195
11931	6	16	9	43	256	196
11932	6	16	10	44	256	198
11933	6	16	11	45	128	198
11934	6	16	12	46	128	200
11935	6	16	13	47	64	200
11936	6	16	14	48	64	202
11937	6	16	15	49	32	203
11938	6	16	16	50	32	204
11939	6	16	17	51	16	205
11940	6	16	18	52	16	206
11941	6	16	19	53	8	207
11942	6	16	20	54	8	209
11943	6	16	21	55	4	209
11944	6	16	22	56	4	211
11945	6	16	23	57	2	211
11946	6	16	24	58	2	213
11947	6	16	25	59	1	214
11948	6	16	26	60	1	215
11949	6	16	27	61	129	216
11950	6	16	28	62	129	217
11951	6	16	29	63	193	218
11952	6	16	30	64	193	220
11953	6	16	31	65	225	220
11954	6	16	32	66	225	222
11955	6	16	33	67	241	222
11956	6	16	34	68	241	224
11957	6	16	35	69	249	225
11958	6	16	36	70	249	226
11959	6	17	0	33	249	186
11960	6	17	1	34	249	188
11961	6	17	2	35	253	188
11962	6	17	3	36	253	190
11963	6	17	4	37	255	190
11964	6	17	5	38	255	192
11965	6	17	6	39	256	193
11966	6	17	7	40	256	194
11967	6	17	8	41	128	195
11968	6	17	9	42	128	196
11969	6	17	10	43	64	197
11970	6	17	11	44	64	199
11971	6	17	12	45	32	199
11972	6	17	13	46	32	201
11973	6	17	14	47	16	201
11974	6	17	15	48	16	203
11975	6	17	16	49	8	204
11976	6	17	17	50	8	205
11977	6	17	18	51	4	206
11978	6	17	19	52	4	207
11979	6	17	20	53	2	208
11980	6	17	21	54	2	210
11981	6	17	22	55	1	210
11982	6	17	23	56	1	212
11983	6	17	24	57	129	212
11984	6	17	25	58	129	214
11985	6	17	26	59	193	215
11986	6	17	27	60	193	216
11987	6	17	28	61	225	217
11988	6	17	29	62	225	218
11989	6	17	30	63	241	219
11990	6	17	31	64	241	221
11991	6	17	32	65	249	221
11992	6	17	33	66	249	223
11993	6	17	34	67	253	223
11994	6	17	35	68	253	225
11995	6	18	0	32	253	186
11996	6	18	1	33	255	187
11997	6	18	2	34	255	189
11998	6	18	3	35	256	189
11999	6	18	4	36	256	191
12000	6	18	5	37	128	191
12001	6	18	6	38	128	193
12002	6	18	7	39	64	194
12003	6	18	8	40	64	195
12004	6	18	9	41	32	196
12005	6	18	10	42	32	197
12006	6	18	11	43	16	198
12007	6	18	12	44	16	200
12008	6	18	13	45	8	200
12009	6	18	14	46	8	202
12010	6	18	15	47	4	202
12011	6	18	16	48	4	204
12012	6	18	17	49	2	205
12013	6	18	18	50	2	206
12014	6	18	19	51	1	207
12015	6	18	20	52	1	208
12016	6	18	21	53	129	209
12017	6	18	22	54	129	211
12018	6	18	23	55	193	211
12019	6	18	24	56	193	213
12020	6	18	25	57	225	213
12021	6	18	26	58	225	215
12022	6	18	27	59	241	216
12023	6	18	28	60	241	217
12024	6	18	29	61	249	218
12025	6	18	30	62	249	219
12026	6	18	31	63	253	220
12027	6	18	32	64	253	222
12028	6	18	33	65	255	222
12029	6	18	34	66	255	224
12030	6	19	0	31	256	186
12031	6	19	1	32	256	187
12032	6	19	2	33	128	188
12033	6	19	3	34	128	190
12034	6	19	4	35	64	190
12035	6	19	5	36	64	192
12036	6	19	6	37	32	192
12037	6	19	7	38	32	194
12038	6	19	8	39	16	195
12039	6	19	9	40	16	196
12040	6	19	10	41	8	197
12041	6	19	11	42	8	198
12042	6	19	12	43	4	199
12043	6	19	13	44	4	201
12044	6	19	14	45	2	201
12045	6	19	15	46	2	203
12046	6	19	16	47	1	203
12047	6	19	17	48	1	205
12048	6	19	18	49	129	206
12049	6	19	19	50	129	207
12050	6	19	20	51	193	208
12051	6	19	21	52	193	209
12052	6	19	22	53	225	210
12053	6	19	23	54	225	212
12054	6	19	24	55	241	212
12055	6	19	25	56	241	214
12056	6	19	26	57	249	214
12057	6	19	27	58	249	216
12058	6	19	28	59	253	217
12059	6	19	29	60	253	218
12060	6	19	30	61	255	219
12061	6	19	31	62	255	220
12062	6	19	32	63	256	221
12063	6	19	33	64	256	223
12064	6	20	0	30	128	186
12065	6	20	1	31	64	187
12066	6	20	2	32	64	188
12067	6	20	3	33	32	189
12068	6	20	4	34	32	191
12069	6	20	5	35	16	191
12070	6	20	6	36	16	193
12071	6	20	7	37	8	193
12072	6	20	8	38	8	195
12073	6	20	9	39	4	196
12074	6	20	10	40	4	197
12075	6	20	11	41	2	198
12076	6	20	12	42	2	199
12077	6	20	13	43	1	200
12078	6	20	14	44	1	202
12079	6	20	15	45	129	202
12080	6	20	16	46	129	204
12081	6	20	17	47	193	204
12082	6	20	18	48	193	206
12083	6	20	19	49	225	207
12084	6	20	20	50	225	208
12085	6	20	21	51	241	209
12086	6	20	22	52	241	210
12087	6	20	23	53	249	211
12088	6	20	24	54	249	213
12089	6	20	25	55	253	213
12090	6	20	26	56	253	215
12091	6	20	27	57	255	215
12092	6	20	28	58	255	217
12093	6	20	29	59	256	218
12094	6	20	30	60	256	219
12095	6	20	31	61	128	220
12096	6	20	32	62	128	221
12097	6	21	0	29	32	186
12098	6	21	1	30	32	187
12099	6	21	2	31	16	188
12100	6	21	3	32	16	189
12101	6	21	4	33	8	190
12102	6	21	5	34	8	192
12103	6	21	6	35	4	192
12104	6	21	7	36	4	194
12105	6	21	8	37	2	194
12106	6	21	9	38	2	196
12107	6	21	10	39	1	197
12108	6	21	11	40	1	198
12109	6	21	12	41	129	199
12110	6	21	13	42	129	200
12111	6	21	14	43	193	201
12112	6	21	15	44	193	203
12113	6	21	16	45	225	203
12114	6	21	17	46	225	205
12115	6	21	18	47	241	205
12116	6	21	19	48	241	207
12117	6	21	20	49	249	208
12118	6	21	21	50	249	209
12119	6	21	22	51	253	210
12120	6	21	23	52	253	211
12121	6	21	24	53	255	212
12122	6	21	25	54	255	214
12123	6	21	26	55	256	214
12124	6	21	27	56	256	216
12125	6	21	28	57	128	216
12126	6	21	29	58	128	218
12127	6	21	30	59	64	219
12128	6	21	31	60	64	220
12129	6	22	0	28	16	186
12130	6	22	1	29	8	187
12131	6	22	2	30	8	188
12132	6	22	3	31	4	189
12133	6	22	4	32	4	190
12134	6	22	5	33	2	191
12135	6	22	6	34	2	193
12136	6	22	7	35	1	193
12137	6	22	8	36	1	195
12138	6	22	9	37	129	195
12139	6	22	10	38	129	197
12140	6	22	11	39	193	198
12141	6	22	12	40	193	199
12142	6	22	13	41	225	200
12143	6	22	14	42	225	201
12144	6	22	15	43	241	202
12145	6	22	16	44	241	204
12146	6	22	17	45	249	204
12147	6	22	18	46	249	206
12148	6	22	19	47	253	206
12149	6	22	20	48	253	208
12150	6	22	21	49	255	209
12151	6	22	22	50	255	210
12152	6	22	23	51	256	211
12153	6	22	24	52	256	212
12154	6	22	25	53	128	213
12155	6	22	26	54	128	215
12156	6	22	27	55	64	215
12157	6	22	28	56	64	217
12158	6	22	29	57	32	217
12159	6	22	30	58	32	219
12160	6	23	0	27	4	185
12161	6	23	1	28	4	187
12162	6	23	2	29	2	188
12163	6	23	3	30	2	189
12164	6	23	4	31	1	190
12165	6	23	5	32	1	191
12166	6	23	6	33	129	192
12167	6	23	7	34	129	194
12168	6	23	8	35	193	194
12169	6	23	9	36	193	196
12170	6	23	10	37	225	196
12171	6	23	11	38	225	198
12172	6	23	12	39	241	199
12173	6	23	13	40	241	200
12174	6	23	14	41	249	201
12175	6	23	15	42	249	202
12176	6	23	16	43	253	203
12177	6	23	17	44	253	205
12178	6	23	18	45	255	205
12179	6	23	19	46	255	207
12180	6	23	20	47	256	207
12181	6	23	21	48	256	209
12182	6	23	22	49	128	210
12183	6	23	23	50	128	211
12184	6	23	24	51	64	212
12185	6	23	25	52	64	213
12186	6	23	26	53	32	214
12187	6	23	27	54	32	216
12188	6	23	28	55	16	216
12189	6	23	29	56	16	218
12190	6	24	0	26	2	186
12191	6	24	1	27	1	186
12192	6	24	2	28	1	188
12193	6	24	3	29	129	189
12194	6	24	4	30	129	190
12195	6	24	5	31	193	191
12196	6	24	6	32	193	192
12197	6	24	7	33	225	193
12198	6	24	8	34	225	195
12199	6	24	9	35	241	195
12200	6	24	10	36	241	197
12201	6	24	11	37	249	197
12202	6	24	12	38	249	199
12203	6	24	13	39	253	200
12204	6	24	14	40	253	201
12205	6	24	15	41	255	202
12206	6	24	16	42	255	203
12207	6	24	17	43	256	204
12208	6	24	18	44	256	206
12209	6	24	19	45	128	206
12210	6	24	20	46	128	208
12211	6	24	21	47	64	208
12212	6	24	22	48	64	210
12213	6	24	23	49	32	211
12214	6	24	24	50	32	212
12215	6	24	25	51	16	213
12216	6	24	26	52	16	214
12217	6	24	27	53	8	215
12218	6	24	28	54	8	217
12219	6	25	0	25	129	185
12220	6	25	1	26	129	187
12221	6	25	2	27	193	187
12222	6	25	3	28	193	189
12223	6	25	4	29	225	190
12224	6	25	5	30	225	191
12225	6	25	6	31	241	192
12226	6	25	7	32	241	193
12227	6	25	8	33	249	194
12228	6	25	9	34	249	196
12229	6	25	10	35	253	196
12230	6	25	11	36	253	198
12231	6	25	12	37	255	198
12232	6	25	13	38	255	200
12233	6	25	14	39	256	201
12234	6	25	15	40	256	202
12235	6	25	16	41	128	203
12236	6	25	17	42	128	204
12237	6	25	18	43	64	205
12238	6	25	19	44	64	207
12239	6	25	20	45	32	207
12240	6	25	21	46	32	209
12241	6	25	22	47	16	209
12242	6	25	23	48	16	211
12243	6	25	24	49	8	212
12244	6	25	25	50	8	213
12245	6	25	26	51	4	214
12246	6	25	27	52	4	215
12247	6	26	0	24	193	186
12248	6	26	1	25	225	186
12249	6	26	2	26	225	188
12250	6	26	3	27	241	188
12251	6	26	4	28	241	190
12252	6	26	5	29	249	191
12253	6	26	6	30	249	192
12254	6	26	7	31	253	193
12255	6	26	8	32	253	194
12256	6	26	9	33	255	195
12257	6	26	10	34	255	197
12258	6	26	11	35	256	197
12259	6	26	12	36	256	199
12260	6	26	13	37	128	199
12261	6	26	14	38	128	201
12262	6	26	15	39	64	202
12263	6	26	16	40	64	203
12264	6	26	17	41	32	204
12265	6	26	18	42	32	205
12266	6	26	19	43	16	206
12267	6	26	20	44	16	208
12268	6	26	21	45	8	208
12269	6	26	22	46	8	210
12270	6	26	23	47	4	210
12271	6	26	24	48	4	212
12272	6	26	25	49	2	213
12273	6	26	26	50	2	214
12274	6	27	0	23	241	185
12275	6	27	1	24	241	187
12276	6	27	2	25	249	187
12277	6	27	3	26	249	189
12278	6	27	4	27	253	189
12279	6	27	5	28	253	191
12280	6	27	6	29	255	192
12281	6	27	7	30	255	193
12282	6	27	8	31	256	194
12283	6	27	9	32	256	195
12284	6	27	10	33	128	196
12285	6	27	11	34	128	198
12286	6	27	12	35	64	198
12287	6	27	13	36	64	200
12288	6	27	14	37	32	200
12289	6	27	15	38	32	202
12290	6	27	16	39	16	203
12291	6	27	17	40	16	204
12292	6	27	18	41	8	205
12293	6	27	19	42	8	206
12294	6	27	20	43	4	207
12295	6	27	21	44	4	209
12296	6	27	22	45	2	209
12297	6	27	23	46	2	211
12298	6	27	24	47	1	211
12299	6	27	25	48	1	213
12300	6	28	0	22	249	185
12301	6	28	1	23	253	186
12302	6	28	2	24	253	188
12303	6	28	3	25	255	188
12304	6	28	4	26	255	190
12305	6	28	5	27	256	190
12306	6	28	6	28	256	192
12307	6	28	7	29	128	193
12308	6	28	8	30	128	194
12309	6	28	9	31	64	195
12310	6	28	10	32	64	196
12311	6	28	11	33	32	197
12312	6	28	12	34	32	199
12313	6	28	13	35	16	199
12314	6	28	14	36	16	201
12315	6	28	15	37	8	201
12316	6	28	16	38	8	203
12317	6	28	17	39	4	204
12318	6	28	18	40	4	205
12319	6	28	19	41	2	206
12320	6	28	20	42	2	207
12321	6	28	21	43	1	208
12322	6	28	22	44	1	210
12323	6	28	23	45	129	210
12324	6	28	24	46	129	212
12325	6	29	0	21	255	185
12326	6	29	1	22	255	186
12327	6	29	2	23	256	187
12328	6	29	3	24	256	189
12329	6	29	4	25	128	189
12330	6	29	5	26	128	191
12331	6	29	6	27	64	191
12332	6	29	7	28	64	193
12333	6	29	8	29	32	194
12334	6	29	9	30	32	195
12335	6	29	10	31	16	196
12336	6	29	11	32	16	197
12337	6	29	12	33	8	198
12338	6	29	13	34	8	200
12339	6	29	14	35	4	200
12340	6	29	15	36	4	202
12341	6	29	16	37	2	202
12342	6	29	17	38	2	204
12343	6	29	18	39	1	205
12344	6	29	19	40	1	206
12345	6	29	20	41	129	207
12346	6	29	21	42	129	208
12347	6	29	22	43	193	209
12348	6	29	23	44	193	211
12349	6	30	0	20	256	185
12350	6	30	1	21	128	186
12351	6	30	2	22	128	187
12352	6	30	3	23	64	188
12353	6	30	4	24	64	190
12354	6	30	5	25	32	190
12355	6	30	6	26	32	192
12356	6	30	7	27	16	192
12357	6	30	8	28	16	194
12358	6	30	9	29	8	195
12359	6	30	10	30	8	196
12360	6	30	11	31	4	197
12361	6	30	12	32	4	198
12362	6	30	13	33	2	199
12363	6	30	14	34	2	201
12364	6	30	15	35	1	201
12365	6	30	16	36	1	203
12366	6	30	17	37	129	203
12367	6	30	18	38	129	205
12368	6	30	19	39	193	206
12369	6	30	20	40	193	207
12370	6	30	21	41	225	208
12371	6	30	22	42	225	209
12372	6	31	0	19	64	185
12373	6	31	1	20	64	186
12374	6	31	2	21	32	187
12375	6	31	3	22	32	188
12376	6	31	4	23	16	189
12377	6	31	5	24	16	191
12378	6	31	6	25	8	191
12379	6	31	7	26	8	193
12380	6	31	8	27	4	193
12381	6	31	9	28	4	195
12382	6	31	10	29	2	196
12383	6	31	11	30	2	197
12384	6	31	12	31	1	198
12385	6	31	13	32	1	199
12386	6	31	14	33	129	200
12387	6	31	15	34	129	202
12388	6	31	16	35	193	202
12389	6	31	17	36	193	204
12390	6	31	18	37	225	204
12391	6	31	19	38	225	206
12392	6	31	20	39	241	207
12393	6	31	21	40	241	208
12394	6	32	0	18	32	185
12395	6	32	1	19	16	186
12396	6	32	2	20	16	187
12397	6	32	3	21	8	188
12398	6	32	4	22	8	189
12399	6	32	5	23	4	190
12400	6	32	6	24	4	192
12401	6	32	7	25	2	192
12402	6	32	8	26	2	194
12403	6	32	9	27	1	194
12404	6	32	10	28	1	196
12405	6	32	11	29	129	197
12406	6	32	12	30	129	198
12407	6	32	13	31	193	199
12408	6	32	14	32	193	200
12409	6	32	15	33	225	201
12410	6	32	16	34	225	203
12411	6	32	17	35	241	203
12412	6	32	18	36	241	205
12413	6	32	19	37	249	205
12414	6	32	20	38	249	207
12415	6	33	0	17	8	184
12416	6	33	1	18	8	186
12417	6	33	2	19	4	187
12418	6	33	3	20	4	188
12419	6	33	4	21	2	189
12420	6	33	5	22	2	190
12421	6	33	6	23	1	191
12422	6	33	7	24	1	193
12423	6	33	8	25	129	193
12424	6	33	9	26	129	195
12425	6	33	10	27	193	195
12426	6	33	11	28	193	197
12427	6	33	12	29	225	198
12428	6	33	13	30	225	199
12429	6	33	14	31	241	200
12430	6	33	15	32	241	201
12431	6	33	16	33	249	202
12432	6	33	17	34	249	204
12433	6	33	18	35	253	204
12434	6	33	19	36	253	206
12435	6	34	0	16	4	185
12436	6	34	1	17	2	185
12437	6	34	2	18	2	187
12438	6	34	3	19	1	188
12439	6	34	4	20	1	189
12440	6	34	5	21	129	190
12441	6	34	6	22	129	191
12442	6	34	7	23	193	192
12443	6	34	8	24	193	194
12444	6	34	9	25	225	194
12445	6	34	10	26	225	196
12446	6	34	11	27	241	196
12447	6	34	12	28	241	198
12448	6	34	13	29	249	199
12449	6	34	14	30	249	200
12450	6	34	15	31	253	201
12451	6	34	16	32	253	202
12452	6	34	17	33	255	203
12453	6	34	18	34	255	205
12454	6	35	0	15	1	184
12455	6	35	1	16	1	186
12456	6	35	2	17	129	186
12457	6	35	3	18	129	188
12458	6	35	4	19	193	189
12459	6	35	5	20	193	190
12460	6	35	6	21	225	191
12461	6	35	7	22	225	192
12462	6	35	8	23	241	193
12463	6	35	9	24	241	195
12464	6	35	10	25	249	195
12465	6	35	11	26	249	197
12466	6	35	12	27	253	197
12467	6	35	13	28	253	199
12468	6	35	14	29	255	200
12469	6	35	15	30	255	201
12470	6	35	16	31	256	202
12471	6	35	17	32	256	203
12472	6	36	0	14	129	185
12473	6	36	1	15	193	185
12474	6	36	2	16	193	187
12475	6	36	3	17	225	187
12476	6	36	4	18	225	189
12477	6	36	5	19	241	190
12478	6	36	6	20	241	191
12479	6	36	7	21	249	192
12480	6	36	8	22	249	193
12481	6	36	9	23	253	194
12482	6	36	10	24	253	196
12483	6	36	11	25	255	196
12484	6	36	12	26	255	198
12485	6	36	13	27	256	198
12486	6	36	14	28	256	200
12487	6	36	15	29	128	201
12488	6	36	16	30	128	202
12489	6	37	0	13	225	184
12490	6	37	1	14	225	186
12491	6	37	2	15	241	186
12492	6	37	3	16	241	188
12493	6	37	4	17	249	188
12494	6	37	5	18	249	190
12495	6	37	6	19	253	191
12496	6	37	7	20	253	192
12497	6	37	8	21	255	193
12498	6	37	9	22	255	194
12499	6	37	10	23	256	195
12500	6	37	11	24	256	197
12501	6	37	12	25	128	197
12502	6	37	13	26	128	199
12503	6	37	14	27	64	199
12504	6	37	15	28	64	201
12505	6	38	0	12	241	184
12506	6	38	1	13	249	185
12507	6	38	2	14	249	187
12508	6	38	3	15	253	187
12509	6	38	4	16	253	189
12510	6	38	5	17	255	189
12511	6	38	6	18	255	191
12512	6	38	7	19	256	192
12513	6	38	8	20	256	193
12514	6	38	9	21	128	194
12515	6	38	10	22	128	195
12516	6	38	11	23	64	196
12517	6	38	12	24	64	198
12518	6	38	13	25	32	198
12519	6	38	14	26	32	200
12520	6	39	0	11	253	184
12521	6	39	1	12	253	185
12522	6	39	2	13	255	186
12523	6	39	3	14	255	188
12524	6	39	4	15	256	188
12525	6	39	5	16	256	190
12526	6	39	6	17	128	190
12527	6	39	7	18	128	192
12528	6	39	8	19	64	193
12529	6	39	9	20	64	194
12530	6	39	10	21	32	195
12531	6	39	11	22	32	196
12532	6	39	12	23	16	197
12533	6	39	13	24	16	199
12534	6	40	0	10	255	184
12535	6	40	1	11	256	185
12536	6	40	2	12	256	186
12537	6	40	3	13	128	187
12538	6	40	4	14	128	189
12539	6	40	5	15	64	189
12540	6	40	6	16	64	191
12541	6	40	7	17	32	191
12542	6	40	8	18	32	193
12543	6	40	9	19	16	194
12544	6	40	10	20	16	195
12545	6	40	11	21	8	196
12546	6	40	12	22	8	197
12547	6	41	0	9	128	184
12548	6	41	1	10	128	185
12549	6	41	2	11	64	186
12550	6	41	3	12	64	187
12551	6	41	4	13	32	188
12552	6	41	5	14	32	190
12553	6	41	6	15	16	190
12554	6	41	7	16	16	192
12555	6	41	8	17	8	192
12556	6	41	9	18	8	194
12557	6	41	10	19	4	195
12558	6	41	11	20	4	196
12559	6	42	0	8	64	185
12560	6	42	1	9	32	185
12561	6	42	2	10	32	186
12562	6	42	3	11	16	187
12563	6	42	4	12	16	188
12564	6	42	5	13	8	189
12565	6	42	6	14	8	191
12566	6	42	7	15	4	191
12567	6	42	8	16	4	193
12568	6	42	9	17	2	193
12569	6	42	10	18	2	195
12570	6	43	0	7	16	185
12571	6	43	1	8	16	186
12572	6	43	2	9	8	186
12573	6	43	3	10	8	187
12574	6	43	4	11	4	188
12575	6	43	5	12	4	189
12576	6	43	6	13	2	190
12577	6	43	7	14	2	192
12578	6	43	8	15	1	192
12579	6	43	9	16	1	194
12580	6	44	0	6	8	186
12581	6	44	1	7	4	186
12582	6	44	2	8	4	187
12583	6	44	3	9	2	187
12584	6	44	4	10	2	188
12585	6	44	5	11	1	189
12586	6	44	6	12	1	190
12587	6	44	7	13	129	191
12588	6	44	8	14	129	193
12589	6	45	0	5	2	186
12590	6	45	1	6	2	187
12591	6	45	2	7	1	187
12592	6	45	3	8	1	188
12593	6	45	4	9	129	188
12594	6	45	5	10	129	189
12595	6	45	6	11	193	190
12596	6	45	7	12	193	191
12597	6	46	0	4	1	187
12598	6	46	1	5	129	187
12599	6	46	2	6	129	188
12600	6	46	3	7	193	188
12601	6	46	4	8	193	189
12602	6	46	5	9	225	189
12603	6	46	6	10	225	190
12604	6	47	0	3	193	187
12605	6	47	1	4	193	188
12606	6	47	2	5	225	188
12607	6	47	3	6	225	189
12608	6	47	4	7	241	189
12609	6	47	5	8	241	190
12610	6	48	0	2	225	188
12611	6	48	1	3	241	188
12612	6	48	2	4	241	189
12613	6	48	3	5	249	189
12614	6	48	4	6	249	190
12615	6	49	0	1	241	189
12616	6	49	1	2	249	189
12617	6	49	2	3	253	189
12618	6	49	3	4	253	190
12619	6	50	0	0	249	190
12620	6	50	1	1	253	190
12621	6	50	2	2	255	190
12622	6	51	0	0	249	191
12623	6	51	1	1	253	191
12624	6	52	0	0	249	192
12625	7	0	0	103	195	246
12626	7	0	1	104	195	248
12627	7	0	2	105	226	248
12628	7	0	3	106	226	250
12629	7	0	4	107	113	250
12630	7	0	5	108	113	252
12631	7	0	6	109	185	253
12632	7	0	7	110	185	254
12633	7	0	8	111	221	255
12634	7	0	9	112	221	256
12635	7	0	10	113	239	257
12636	7	0	11	114	239	259
12637	7	0	12	115	248	259
12638	7	0	13	116	248	261
12639	7	0	14	117	124	261
12640	7	0	15	118	124	263
12641	7	0	16	119	62	264
12642	7	0	17	120	62	265
12643	7	0	18	121	31	266
12644	7	0	19	122	31	267
12645	7	0	20	123	144	268
12646	7	0	21	124	144	270
12647	7	0	22	125	72	270
12648	7	0	23	126	72	272
12649	7	0	24	127	36	272
12650	7	0	25	128	36	274
12651	7	0	26	129	18	275
12652	7	0	27	130	18	276
12653	7	0	28	131	9	277
12654	7	0	29	132	9	278
12655	7	0	30	133	133	279
12656	7	0	31	134	133	281
12657	7	0	32	135	195	281
12658	7	0	33	136	195	283
12659	7	0	34	137	226	283
12660	7	0	35	138	226	285
12661	7	0	36	139	113	286
12662	7	0	37	140	113	287
12663	7	0	38	141	185	288
12664	7	0	39	142	185	289
12665	7	0	40	143	221	290
12666	7	0	41	144	221	292
12667	7	0	42	145	239	292
12668	7	0	43	146	239	294
12669	7	1	0	101	161	245
12670	7	1	1	102	161	246
12671	7	1	2	103	209	247
12672	7	1	3	104	209	249
12673	7	1	4	105	233	249
12674	7	1	5	106	233	251
12675	7	1	6	107	245	251
12676	7	1	7	108	245	253
12677	7	1	8	109	251	254
12678	7	1	9	110	251	255
12679	7	1	10	111	254	256
12680	7	1	11	112	254	257
12681	7	1	12	113	127	258
12682	7	1	13	114	127	260
12683	7	1	14	115	192	260
12684	7	1	15	116	192	262
12685	7	1	16	117	96	262
12686	7	1	17	118	96	264
12687	7	1	18	119	48	265
12688	7	1	19	120	48	266
12689	7	1	20	121	24	267
12690	7	1	21	122	24	268
12691	7	1	22	123	12	269
12692	7	1	23	124	12	271
12693	7	1	24	125	6	271
12694	7	1	25	126	6	273
12695	7	1	26	127	3	273
12696	7	1	27	128	3	275
12697	7	1	28	129	130	276
12698	7	1	29	130	130	277
12699	7	1	30	131	65	278
12700	7	1	31	132	65	279
12701	7	1	32	133	161	280
12702	7	1	33	134	161	282
12703	7	1	34	135	209	282
12704	7	1	35	136	209	284
12705	7	1	36	137	233	284
12706	7	1	37	138	233	286
12707	7	1	38	139	245	287
12708	7	1	39	140	245	288
12709	7	1	40	141	251	289
12710	7	1	41	142	251	290
12711	7	1	42	143	254	291
12712	7	2	0	99	241	244
12713	7	2	1	100	241	245
12714	7	2	2	101	249	246
12715	7	2	3	102	249	247
12716	7	2	4	103	253	248
12717	7	2	5	104	253	250
12718	7	2	6	105	255	250
12719	7	2	7	106	255	252
12720	7	2	8	107	256	252
12721	7	2	9	108	256	254
12722	7	2	10	109	128	255
12723	7	2	11	110	128	256
12724	7	2	12	111	64	257
12725	7	2	13	112	64	258
12726	7	2	14	113	32	259
12727	7	2	15	114	32	261
12728	7	2	16	115	16	261
12729	7	2	17	116	16	263
12730	7	2	18	117	8	263
12731	7	2	19	118	8	265
12732	7	2	20	119	4	266
12733	7	2	21	120	4	267
12734	7	2	22	121	2	268
12735	7	2	23	122	2	269
12736	7	2	24	123	1	270
12737	7	2	25	124	1	272
12738	7	2	26	125	129	272
12739	7	2	27	126	129	274
12740	7	2	28	127	193	274
12741	7	2	29	128	193	276
12742	7	2	30	129	225	277
12743	7	2	31	130	225	278
12744	7	2	32	131	241	279
12745	7	2	33	132	241	280
12746	7	2	34	133	249	281
12747	7	2	35	134	249	283
12748	7	2	36	135	253	283
12749	7	2	37	136	253	285
12750	7	2	38	137	255	285
12751	7	2	39	138	255	287
12752	7	2	40	139	256	288
12753	7	2	41	140	256	289
12754	7	3	0	97	83	242
12755	7	3	1	98	83	244
12756	7	3	2	99	170	245
12757	7	3	3	100	170	246
12758	7	3	4	101	85	247
12759	7	3	5	102	85	248
12760	7	3	6	103	171	249
12761	7	3	7	104	171	251
12762	7	3	8	105	214	251
12763	7	3	9	106	214	253
12764	7	3	10	107	107	253
12765	7	3	11	108	107	255
12766	7	3	12	109	182	256
12767	7	3	13	110	182	257
12768	7	3	14	111	91	258
12769	7	3	15	112	91	259
12770	7	3	16	113	174	260
12771	7	3	17	114	174	262
12772	7	3	18	115	87	262
12773	7	3	19	116	87	264
12774	7	3	20	117	172	264
12775	7	3	21	118	172	266
12776	7	3	22	119	86	267
12777	7	3	23	120	86	268
12778	7	3	24	121	43	269
12779	7	3	25	122	43	270
12780	7	3	26	123	150	271
12781	7	3	27	124	150	273
12782	7	3	28	125	75	273
12783	7	3	29	126	75	275
12784	7	3	30	127	166	275
12785	7	3	31	128	166	277
12786	7	3	32	129	83	278
12787	7	3	33	130	83	279
12788	7	3	34	131	170	280
12789	7	3	35	132	170	281
12790	7	3	36	133	85	282
12791	7	3	37	134	85	284
12792	7	3	38	135	171	284
12793	7	3	39	136	171	286
12794	7	3	40	137	214	286
12795	7	4	0	95	228	241
12796	7	4	1	96	228	243
12797	7	4	2	97	114	243
12798	7	4	3	98	114	245
12799	7	4	4	99	57	246
12800	7	4	5	100	57	247
12801	7	4	6	101	157	248
12802	7	4	7	102	157	249
12803	7	4	8	103	207	250
12804	7	4	9	104	207	252
12805	7	4	10	105	232	252
12806	7	4	11	106	232	254
12807	7	4	12	107	116	254
12808	7	4	13	108	116	256
12809	7	4	14	109	58	257
12810	7	4	15	110	58	258
12811	7	4	16	111	29	259
12812	7	4	17	112	29	260
12813	7	4	18	113	143	261
12814	7	4	19	114	143	263
12815	7	4	20	115	200	263
12816	7	4	21	116	200	265
12817	7	4	22	117	100	265
12818	7	4	23	118	100	267
12819	7	4	24	119	50	268
12820	7	4	25	120	50	269
12821	7	4	26	121	25	270
12822	7	4	27	122	25	271
12823	7	4	28	123	141	272
12824	7	4	29	124	141	274
12825	7	4	30	125	199	274
12826	7	4	31	126	199	276
12827	7	4	32	127	228	276
12828	7	4	33	128	228	278
12829	7	4	34	129	114	279
12830	7	4	35	130	114	280
12831	7	4	36	131	57	281
12832	7	4	37	132	57	282
12833	7	4	38	133	157	283
12834	7	4	39	134	157	285
12835	7	5	0	93	38	240
12836	7	5	1	94	38	242
12837	7	5	2	95	19	242
12838	7	5	3	96	19	244
12839	7	5	4	97	138	244
12840	7	5	5	98	138	246
12841	7	5	6	99	69	247
12842	7	5	7	100	69	248
12843	7	5	8	101	163	249
12844	7	5	9	102	163	250
12845	7	5	10	103	210	251
12846	7	5	11	104	210	253
12847	7	5	12	105	105	253
12848	7	5	13	106	105	255
12849	7	5	14	107	181	255
12850	7	5	15	108	181	257
12851	7	5	16	109	219	258
12852	7	5	17	110	219	259
12853	7	5	18	111	238	260
12854	7	5	19	112	238	261
12855	7	5	20	113	119	262
12856	7	5	21	114	119	264
12857	7	5	22	115	188	264
12858	7	5	23	116	188	266
12859	7	5	24	117	94	266
12860	7	5	25	118	94	268
12861	7	5	26	119	47	269
12862	7	5	27	120	47	270
12863	7	5	28	121	152	271
12864	7	5	29	122	152	272
12865	7	5	30	123	76	273
12866	7	5	31	124	76	275
12867	7	5	32	125	38	275
12868	7	5	33	126	38	277
12869	7	5	34	127	19	277
12870	7	5	35	128	19	279
12871	7	5	36	129	138	280
12872	7	5	37	130	138	281
12873	7	5	38	131	69	282
12874	7	6	0	91	92	239
12875	7	6	1	92	92	240
12876	7	6	2	93	46	241
12877	7	6	3	94	46	243
12878	7	6	4	95	23	243
12879	7	6	5	96	23	245
12880	7	6	6	97	140	245
12881	7	6	7	98	140	247
12882	7	6	8	99	70	248
12883	7	6	9	100	70	249
12884	7	6	10	101	35	250
12885	7	6	11	102	35	251
12886	7	6	12	103	146	252
12887	7	6	13	104	146	254
12888	7	6	14	105	73	254
12889	7	6	15	106	73	256
12890	7	6	16	107	165	256
12891	7	6	17	108	165	258
12892	7	6	18	109	211	259
12893	7	6	19	110	211	260
12894	7	6	20	111	234	261
12895	7	6	21	112	234	262
12896	7	6	22	113	117	263
12897	7	6	23	114	117	265
12898	7	6	24	115	187	265
12899	7	6	25	116	187	267
12900	7	6	26	117	222	267
12901	7	6	27	118	222	269
12902	7	6	28	119	111	270
12903	7	6	29	120	111	271
12904	7	6	30	121	184	272
12905	7	6	31	122	184	273
12906	7	6	32	123	92	274
12907	7	6	33	124	92	276
12908	7	6	34	125	46	276
12909	7	6	35	126	46	278
12910	7	6	36	127	23	278
12911	7	6	37	128	23	280
12912	7	7	0	89	101	238
12913	7	7	1	90	101	239
12914	7	7	2	91	179	240
12915	7	7	3	92	179	241
12916	7	7	4	93	218	242
12917	7	7	5	94	218	244
12918	7	7	6	95	109	244
12919	7	7	7	96	109	246
12920	7	7	8	97	183	246
12921	7	7	9	98	183	248
12922	7	7	10	99	220	249
12923	7	7	11	100	220	250
12924	7	7	12	101	110	251
12925	7	7	13	102	110	252
12926	7	7	14	103	55	253
12927	7	7	15	104	55	255
12928	7	7	16	105	156	255
12929	7	7	17	106	156	257
12930	7	7	18	107	78	257
12931	7	7	19	108	78	259
12932	7	7	20	109	39	260
12933	7	7	21	110	39	261
12934	7	7	22	111	148	262
12935	7	7	23	112	148	263
12936	7	7	24	113	74	264
12937	7	7	25	114	74	266
12938	7	7	26	115	37	266
12939	7	7	27	116	37	268
12940	7	7	28	117	147	268
12941	7	7	29	118	147	270
12942	7	7	30	119	202	271
12943	7	7	31	120	202	272
12944	7	7	32	121	101	273
12945	7	7	33	122	101	274
12946	7	7	34	123	179	275
12947	7	7	35	124	179	277
12948	7	7	36	125	218	277
12949	7	8	0	87	231	236
12950	7	8	1	88	231	238
12951	7	8	2	89	244	239
12952	7	8	3	90	244	240
12953	7	8	4	91	122	241
12954	7	8	5	92	122	242
12955	7	8	6	93	61	243
12956	7	8	7	94	61	245
12957	7	8	8	95	159	245
12958	7	8	9	96	159	247
12959	7	8	10	97	208	247
12960	7	8	11	98	208	249
12961	7	8	12	99	104	250
12962	7	8	13	100	104	251
12963	7	8	14	101	52	252
12964	7	8	15	102	52	253
12965	7	8	16	103	26	254
12966	7	8	17	104	26	256
12967	7	8	18	105	13	256
12968	7	8	19	106	13	258
12969	7	8	20	107	135	258
12970	7	8	21	108	135	260
12971	7	8	22	109	196	261
12972	7	8	23	110	196	262
12973	7	8	24	111	98	263
12974	7	8	25	112	98	264
12975	7	8	26	113	49	265
12976	7	8	27	114	49	267
12977	7	8	28	115	153	267
12978	7	8	29	116	153	269
12979	7	8	30	117	205	269
12980	7	8	31	118	205	271
12981	7	8	32	119	231	272
12982	7	8	33	120	231	273
12983	7	8	34	121	244	274
12984	7	8	35	122	244	275
12985	7	9	0	85	167	235
12986	7	9	1	86	167	237
12987	7	9	2	87	212	237
12988	7	9	3	88	212	239
12989	7	9	4	89	106	240
12990	7	9	5	90	106	241
12991	7	9	6	91	53	242
12992	7	9	7	92	53	243
12993	7	9	8	93	155	244
12994	7	9	9	94	155	246
12995	7	9	10	95	206	246
12996	7	9	11	96	206	248
12997	7	9	12	97	103	248
12998	7	9	13	98	103	250
12999	7	9	14	99	180	251
13000	7	9	15	100	180	252
13001	7	9	16	101	90	253
13002	7	9	17	102	90	254
13003	7	9	18	103	45	255
13004	7	9	19	104	45	257
13005	7	9	20	105	151	257
13006	7	9	21	106	151	259
13007	7	9	22	107	204	259
13008	7	9	23	108	204	261
13009	7	9	24	109	102	262
13010	7	9	25	110	102	263
13011	7	9	26	111	51	264
13012	7	9	27	112	51	265
13013	7	9	28	113	154	266
13014	7	9	29	114	154	268
13015	7	9	30	115	77	268
13016	7	9	31	116	77	270
13017	7	9	32	117	167	270
13018	7	9	33	118	167	272
13019	7	9	34	119	212	273
13020	7	10	0	83	242	234
13021	7	10	1	84	242	236
13022	7	10	2	85	121	236
13023	7	10	3	86	121	238
13024	7	10	4	87	189	238
13025	7	10	5	88	189	240
13026	7	10	6	89	223	241
13027	7	10	7	90	223	242
13028	7	10	8	91	240	243
13029	7	10	9	92	240	244
13030	7	10	10	93	120	245
13031	7	10	11	94	120	247
13032	7	10	12	95	60	247
13033	7	10	13	96	60	249
13034	7	10	14	97	30	249
13035	7	10	15	98	30	251
13036	7	10	16	99	15	252
13037	7	10	17	100	15	253
13038	7	10	18	101	136	254
13039	7	10	19	102	136	255
13040	7	10	20	103	68	256
13041	7	10	21	104	68	258
13042	7	10	22	105	34	258
13043	7	10	23	106	34	260
13044	7	10	24	107	17	260
13045	7	10	25	108	17	262
13046	7	10	26	109	137	263
13047	7	10	27	110	137	264
13048	7	10	28	111	197	265
13049	7	10	29	112	197	266
13050	7	10	30	113	227	267
13051	7	10	31	114	227	269
13052	7	10	32	115	242	269
13053	7	10	33	116	242	271
13054	7	11	0	81	126	233
13055	7	11	1	82	126	234
13056	7	11	2	83	63	235
13057	7	11	3	84	63	237
13058	7	11	4	85	160	237
13059	7	11	5	86	160	239
13060	7	11	6	87	80	239
13061	7	11	7	88	80	241
13062	7	11	8	89	40	242
13063	7	11	9	90	40	243
13064	7	11	10	91	20	244
13065	7	11	11	92	20	245
13066	7	11	12	93	10	246
13067	7	11	13	94	10	248
13068	7	11	14	95	5	248
13069	7	11	15	96	5	250
13070	7	11	16	97	131	250
13071	7	11	17	98	131	252
13072	7	11	18	99	194	253
13073	7	11	19	100	194	254
13074	7	11	20	101	97	255
13075	7	11	21	102	97	256
13076	7	11	22	103	177	257
13077	7	11	23	104	177	259
13078	7	11	24	105	217	259
13079	7	11	25	106	217	261
13080	7	11	26	107	237	261
13081	7	11	27	108	237	263
13082	7	11	28	109	247	264
13083	7	11	29	110	247	265
13084	7	11	30	111	252	266
13085	7	11	31	112	252	267
13086	7	11	32	113	126	268
13087	7	12	0	79	21	232
13088	7	12	1	80	21	233
13089	7	12	2	81	139	234
13090	7	12	3	82	139	235
13091	7	12	4	83	198	236
13092	7	12	5	84	198	238
13093	7	12	6	85	99	238
13094	7	12	7	86	99	240
13095	7	12	8	87	178	240
13096	7	12	9	88	178	242
13097	7	12	10	89	89	243
13098	7	12	11	90	89	244
13099	7	12	12	91	173	245
13100	7	12	13	92	173	246
13101	7	12	14	93	215	247
13102	7	12	15	94	215	249
13103	7	12	16	95	236	249
13104	7	12	17	96	236	251
13105	7	12	18	97	118	251
13106	7	12	19	98	118	253
13107	7	12	20	99	59	254
13108	7	12	21	100	59	255
13109	7	12	22	101	158	256
13110	7	12	23	102	158	257
13111	7	12	24	103	79	258
13112	7	12	25	104	79	260
13113	7	12	26	105	168	260
13114	7	12	27	106	168	262
13115	7	12	28	107	84	262
13116	7	12	29	108	84	264
13117	7	12	30	109	42	265
13118	7	12	31	110	42	266
13119	7	13	0	77	132	230
13120	7	13	1	78	132	232
13121	7	13	2	79	66	233
13122	7	13	3	80	66	234
13123	7	13	4	81	33	235
13124	7	13	5	82	33	236
13125	7	13	6	83	145	237
13126	7	13	7	84	145	239
13127	7	13	8	85	201	239
13128	7	13	9	86	201	241
13129	7	13	10	87	229	241
13130	7	13	11	88	229	243
13131	7	13	12	89	243	244
13132	7	13	13	90	243	245
13133	7	13	14	91	250	246
13134	7	13	15	92	250	247
13135	7	13	16	93	125	248
13136	7	13	17	94	125	250
13137	7	13	18	95	191	250
13138	7	13	19	96	191	252
13139	7	13	20	97	224	252
13140	7	13	21	98	224	254
13141	7	13	22	99	112	255
13142	7	13	23	100	112	256
13143	7	13	24	101	56	257
13144	7	13	25	102	56	258
13145	7	13	26	103	28	259
13146	7	13	27	104	28	261
13147	7	13	28	105	14	261
13148	7	13	29	106	14	263
13149	7	13	30	107	7	263
13150	7	14	0	75	22	229
13151	7	14	1	76	22	231
13152	7	14	2	77	11	231
13153	7	14	3	78	11	233
13154	7	14	4	79	134	234
13155	7	14	5	80	134	235
13156	7	14	6	81	67	236
13157	7	14	7	82	67	237
13158	7	14	8	83	162	238
13159	7	14	9	84	162	240
13160	7	14	10	85	81	240
13161	7	14	11	86	81	242
13162	7	14	12	87	169	242
13163	7	14	13	88	169	244
13164	7	14	14	89	213	245
13165	7	14	15	90	213	246
13166	7	14	16	91	235	247
13167	7	14	17	92	235	248
13168	7	14	18	93	246	249
13169	7	14	19	94	246	251
13170	7	14	20	95	123	251
13171	7	14	21	96	123	253
13172	7	14	22	97	190	253
13173	7	14	23	98	190	255
13174	7	14	24	99	95	256
13175	7	14	25	100	95	257
13176	7	14	26	101	176	258
13177	7	14	27	102	176	259
13178	7	14	28	103	88	260
13179	7	14	29	104	88	262
13180	7	15	0	73	175	228
13181	7	15	1	74	175	230
13182	7	15	2	75	216	230
13183	7	15	3	76	216	232
13184	7	15	4	77	108	232
13185	7	15	5	78	108	234
13186	7	15	6	79	54	235
13187	7	15	7	80	54	236
13188	7	15	8	81	27	237
13189	7	15	9	82	27	238
13190	7	15	10	83	142	239
13191	7	15	11	84	142	241
13192	7	15	12	85	71	241
13193	7	15	13	86	71	243
13194	7	15	14	87	164	243
13195	7	15	15	88	164	245
13196	7	15	16	89	82	246
13197	7	15	17	90	82	247
13198	7	15	18	91	41	248
13199	7	15	19	92	41	249
13200	7	15	20	93	149	250
13201	7	15	21	94	149	252
13202	7	15	22	95	203	252
13203	7	15	23	96	203	254
13204	7	15	24	97	230	254
13205	7	15	25	98	230	256
13206	7	15	26	99	115	257
13207	7	15	27	100	115	258
13208	7	15	28	101	186	259
13209	7	16	0	71	72	227
13210	7	16	1	72	72	228
13211	7	16	2	73	36	229
13212	7	16	3	74	36	231
13213	7	16	4	75	18	231
13214	7	16	5	76	18	233
13215	7	16	6	77	9	233
13216	7	16	7	78	9	235
13217	7	16	8	79	133	236
13218	7	16	9	80	133	237
13219	7	16	10	81	195	238
13220	7	16	11	82	195	239
13221	7	16	12	83	226	240
13222	7	16	13	84	226	242
13223	7	16	14	85	113	242
13224	7	16	15	86	113	244
13225	7	16	16	87	185	244
13226	7	16	17	88	185	246
13227	7	16	18	89	221	247
13228	7	16	19	90	221	248
13229	7	16	20	91	239	249
13230	7	16	21	92	239	250
13231	7	16	22	93	248	251
13232	7	16	23	94	248	253
13233	7	16	24	95	124	253
13234	7	16	25	96	124	255
13235	7	16	26	97	62	255
13236	7	16	27	98	62	257
13237	7	17	0	69	12	226
13238	7	17	1	70	12	227
13239	7	17	2	71	6	228
13240	7	17	3	72	6	229
13241	7	17	4	73	3	230
13242	7	17	5	74	3	232
13243	7	17	6	75	130	232
13244	7	17	7	76	130	234
13245	7	17	8	77	65	234
13246	7	17	9	78	65	236
13247	7	17	10	79	161	237
13248	7	17	11	80	161	238
13249	7	17	12	81	209	239
13250	7	17	13	82	209	240
13251	7	17	14	83	233	241
13252	7	17	15	84	233	243
13253	7	17	16	85	245	243
13254	7	17	17	86	245	245
13255	7	17	18	87	251	245
13256	7	17	19	88	251	247
13257	7	17	20	89	254	248
13258	7	17	21	90	254	249
13259	7	17	22	91	127	250
13260	7	17	23	92	127	251
13261	7	17	24	93	192	252
13262	7	17	25	94	192	254
13263	7	17	26	95	96	254
13264	7	18	0	67	2	224
13265	7	18	1	68	2	226
13266	7	18	2	69	1	227
13267	7	18	3	70	1	228
13268	7	18	4	71	129	229
13269	7	18	5	72	129	230
13270	7	18	6	73	193	231
13271	7	18	7	74	193	233
13272	7	18	8	75	225	233
13273	7	18	9	76	225	235
13274	7	18	10	77	241	235
13275	7	18	11	78	241	237
13276	7	18	12	79	249	238
13277	7	18	13	80	249	239
13278	7	18	14	81	253	240
13279	7	18	15	82	253	241
13280	7	18	16	83	255	242
13281	7	18	17	84	255	244
13282	7	18	18	85	256	244
13283	7	18	19	86	256	246
13284	7	18	20	87	128	246
13285	7	18	21	88	128	248
13286	7	18	22	89	64	249
13287	7	18	23	90	64	250
13288	7	18	24	91	32	251
13289	7	18	25	92	32	252
13290	7	19	0	65	86	223
13291	7	19	1	66	86	225
13292	7	19	2	67	43	225
13293	7	19	3	68	43	227
13294	7	19	4	69	150	228
13295	7	19	5	70	150	229
13296	7	19	6	71	75	230
13297	7	19	7	72	75	231
13298	7	19	8	73	166	232
13299	7	19	9	74	166	234
13300	7	19	10	75	83	234
13301	7	19	11	76	83	236
13302	7	19	12	77	170	236
13303	7	19	13	78	170	238
13304	7	19	14	79	85	239
13305	7	19	15	80	85	240
13306	7	19	16	81	171	241
13307	7	19	17	82	171	242
13308	7	19	18	83	214	243
13309	7	19	19	84	214	245
13310	7	19	20	85	107	245
13311	7	19	21	86	107	247
13312	7	19	22	87	182	247
13313	7	19	23	88	182	249
13314	7	19	24	89	91	250
13315	7	20	0	63	100	222
13316	7	20	1	64	100	224
13317	7	20	2	65	50	224
13318	7	20	3	66	50	226
13319	7	20	4	67	25	226
13320	7	20	5	68	25	228
13321	7	20	6	69	141	229
13322	7	20	7	70	141	230
13323	7	20	8	71	199	231
13324	7	20	9	72	199	232
13325	7	20	10	73	228	233
13326	7	20	11	74	228	235
13327	7	20	12	75	114	235
13328	7	20	13	76	114	237
13329	7	20	14	77	57	237
13330	7	20	15	78	57	239
13331	7	20	16	79	157	240
13332	7	20	17	80	157	241
13333	7	20	18	81	207	242
13334	7	20	19	82	207	243
13335	7	20	20	83	232	244
13336	7	20	21	84	232	246
13337	7	20	22	85	116	246
13338	7	20	23	86	116	248
13339	7	21	0	61	188	221
13340	7	21	1	62	188	222
13341	7	21	2	63	94	223
13342	7	21	3	64	94	225
13343	7	21	4	65	47	225
13344	7	21	5	66	47	227
13345	7	21	6	67	152	227
13346	7	21	7	68	152	229
13347	7	21	8	69	76	230
13348	7	21	9	70	76	231
13349	7	21	10	71	38	232
13350	7	21	11	72	38	233
13351	7	21	12	73	19	234
13352	7	21	13	74	19	236
13353	7	21	14	75	138	236
13354	7	21	15	76	138	238
13355	7	21	16	77	69	238
13356	7	21	17	78	69	240
13357	7	21	18	79	163	241
13358	7	21	19	80	163	242
13359	7	21	20	81	210	243
13360	7	21	21	82	210	244
13361	7	21	22	83	105	245
13362	7	22	0	59	117	220
13363	7	22	1	60	117	221
13364	7	22	2	61	187	222
13365	7	22	3	62	187	223
13366	7	22	4	63	222	224
13367	7	22	5	64	222	226
13368	7	22	6	65	111	226
13369	7	22	7	66	111	228
13370	7	22	8	67	184	228
13371	7	22	9	68	184	230
13372	7	22	10	69	92	231
13373	7	22	11	70	92	232
13374	7	22	12	71	46	233
13375	7	22	13	72	46	234
13376	7	22	14	73	23	235
13377	7	22	15	74	23	237
13378	7	22	16	75	140	237
13379	7	22	17	76	140	239
13380	7	22	18	77	70	239
13381	7	22	19	78	70	241
13382	7	22	20	79	35	242
13383	7	22	21	80	35	243
13384	7	23	0	57	148	218
13385	7	23	1	58	148	220
13386	7	23	2	59	74	221
13387	7	23	3	60	74	222
13388	7	23	4	61	37	223
13389	7	23	5	62	37	224
13390	7	23	6	63	147	225
13391	7	23	7	64	147	227
13392	7	23	8	65	202	227
13393	7	23	9	66	202	229
13394	7	23	10	67	101	229
13395	7	23	11	68	101	231
13396	7	23	12	69	179	232
13397	7	23	13	70	179	233
13398	7	23	14	71	218	234
13399	7	23	15	72	218	235
13400	7	23	16	73	109	236
13401	7	23	17	74	109	238
13402	7	23	18	75	183	238
13403	7	23	19	76	183	240
13404	7	23	20	77	220	240
13405	7	24	0	55	196	217
13406	7	24	1	56	196	219
13407	7	24	2	57	98	219
13408	7	24	3	58	98	221
13409	7	24	4	59	49	222
13410	7	24	5	60	49	223
13411	7	24	6	61	153	224
13412	7	24	7	62	153	225
13413	7	24	8	63	205	226
13414	7	24	9	64	205	228
13415	7	24	10	65	231	228
13416	7	24	11	66	231	230
13417	7	24	12	67	244	230
13418	7	24	13	68	244	232
13419	7	24	14	69	122	233
13420	7	24	15	70	122	234
13421	7	24	16	71	61	235
13422	7	24	17	72	61	236
13423	7	24	18	73	159	237
13424	7	24	19	74	159	239
13425	7	25	0	53	204	216
13426	7	25	1	54	204	218
13427	7	25	2	55	102	218
13428	7	25	3	56	102	220
13429	7	25	4	57	51	220
13430	7	25	5	58	51	222
13431	7	25	6	59	154	223
13432	7	25	7	60	154	224
13433	7	25	8	61	77	225
13434	7	25	9	62	77	226
13435	7	25	10	63	167	227
13436	7	25	11	64	167	229
13437	7	25	12	65	212	229
13438	7	25	13	66	212	231
13439	7	25	14	67	106	231
13440	7	25	15	68	106	233
13441	7	25	16	69	53	234
13442	7	25	17	70	53	235
13443	7	25	18	71	155	236
13444	7	26	0	51	34	215
13445	7	26	1	52	34	216
13446	7	26	2	53	17	217
13447	7	26	3	54	17	219
13448	7	26	4	55	137	219
13449	7	26	5	56	137	221
13450	7	26	6	57	197	221
13451	7	26	7	58	197	223
13452	7	26	8	59	227	224
13453	7	26	9	60	227	225
13454	7	26	10	61	242	226
13455	7	26	11	62	242	227
13456	7	26	12	63	121	228
13457	7	26	13	64	121	230
13458	7	26	14	65	189	230
13459	7	26	15	66	189	232
13460	7	26	16	67	223	232
13461	7	26	17	68	223	234
13462	7	27	0	49	177	214
13463	7	27	1	50	177	215
13464	7	27	2	51	217	216
13465	7	27	3	52	217	217
13466	7	27	4	53	237	218
13467	7	27	5	54	237	220
13468	7	27	6	55	247	220
13469	7	27	7	56	247	222
13470	7	27	8	57	252	222
13471	7	27	9	58	252	224
13472	7	27	10	59	126	225
13473	7	27	11	60	126	226
13474	7	27	12	61	63	227
13475	7	27	13	62	63	228
13476	7	27	14	63	160	229
13477	7	27	15	64	160	231
13478	7	27	16	65	80	231
13479	7	28	0	47	158	212
13480	7	28	1	48	158	214
13481	7	28	2	49	79	215
13482	7	28	3	50	79	216
13483	7	28	4	51	168	217
13484	7	28	5	52	168	218
13485	7	28	6	53	84	219
13486	7	28	7	54	84	221
13487	7	28	8	55	42	221
13488	7	28	9	56	42	223
13489	7	28	10	57	21	223
13490	7	28	11	58	21	225
13491	7	28	12	59	139	226
13492	7	28	13	60	139	227
13493	7	28	14	61	198	228
13494	7	28	15	62	198	229
13495	7	29	0	45	112	211
13496	7	29	1	46	112	213
13497	7	29	2	47	56	213
13498	7	29	3	48	56	215
13499	7	29	4	49	28	216
13500	7	29	5	50	28	217
13501	7	29	6	51	14	218
13502	7	29	7	52	14	219
13503	7	29	8	53	7	220
13504	7	29	9	54	7	222
13505	7	29	10	55	132	222
13506	7	29	11	56	132	224
13507	7	29	12	57	66	224
13508	7	29	13	58	66	226
13509	7	29	14	59	33	227
13510	7	30	0	43	190	210
13511	7	30	1	44	190	212
13512	7	30	2	45	95	212
13513	7	30	3	46	95	214
13514	7	30	4	47	176	214
13515	7	30	5	48	176	216
13516	7	30	6	49	88	217
13517	7	30	7	50	88	218
13518	7	30	8	51	44	219
13519	7	30	9	52	44	220
13520	7	30	10	53	22	221
13521	7	30	11	54	22	223
13522	7	30	12	55	11	223
13523	7	30	13	56	11	225
13524	7	31	0	41	203	209
13525	7	31	1	42	203	210
13526	7	31	2	43	230	211
13527	7	31	3	44	230	213
13528	7	31	4	45	115	213
13529	7	31	5	46	115	215
13530	7	31	6	47	186	215
13531	7	31	7	48	186	217
13532	7	31	8	49	93	218
13533	7	31	9	50	93	219
13534	7	31	10	51	175	220
13535	7	31	11	52	175	221
13536	7	31	12	53	216	222
13537	7	32	0	39	248	208
13538	7	32	1	40	248	209
13539	7	32	2	41	124	210
13540	7	32	3	42	124	211
13541	7	32	4	43	62	212
13542	7	32	5	44	62	214
13543	7	32	6	45	31	214
13544	7	32	7	46	31	216
13545	7	32	8	47	144	216
13546	7	32	9	48	144	218
13547	7	32	10	49	72	219
13548	7	32	11	50	72	220
13549	7	33	0	37	127	206
13550	7	33	1	38	127	208
13551	7	33	2	39	192	209
13552	7	33	3	40	192	210
13553	7	33	4	41	96	211
13554	7	33	5	42	96	212
13555	7	33	6	43	48	213
13556	7	33	7	44	48	215
13557	7	33	8	45	24	215
13558	7	33	9	46	24	217
13559	7	33	10	47	12	217
13560	7	34	0	35	64	205
13561	7	34	1	36	64	207
13562	7	34	2	37	32	207
13563	7	34	3	38	32	209
13564	7	34	4	39	16	210
13565	7	34	5	40	16	211
13566	7	34	6	41	8	212
13567	7	34	7	42	8	213
13568	7	34	8	43	4	214
13569	7	34	9	44	4	216
13570	7	35	0	33	182	204
13571	7	35	1	34	182	206
13572	7	35	2	35	91	206
13573	7	35	3	36	91	208
13574	7	35	4	37	174	208
13575	7	35	5	38	174	210
13576	7	35	6	39	87	211
13577	7	35	7	40	87	212
13578	7	35	8	41	172	213
13579	7	36	0	31	116	203
13580	7	36	1	32	116	204
13581	7	36	2	33	58	205
13582	7	36	3	34	58	207
13583	7	36	4	35	29	207
13584	7	36	5	36	29	209
13585	7	36	6	37	143	209
13586	7	36	7	38	143	211
13587	7	37	0	29	105	202
13588	7	37	1	30	105	203
13589	7	37	2	31	181	204
13590	7	37	3	32	181	205
13591	7	37	4	33	219	206
13592	7	37	5	34	219	208
13593	7	37	6	35	238	208
13594	7	38	0	27	146	200
13595	7	38	1	28	146	202
13596	7	38	2	29	73	203
13597	7	38	3	30	73	204
13598	7	38	4	31	165	205
13599	7	38	5	32	165	206
13600	7	39	0	25	110	199
13601	7	39	1	26	110	201
13602	7	39	2	27	55	201
13603	7	39	3	28	55	203
13604	7	39	4	29	156	204
13605	7	40	0	23	104	198
13606	7	40	1	24	104	200
13607	7	40	2	25	52	200
13608	7	40	3	26	52	202
13609	7	41	0	21	103	197
13610	7	41	1	22	103	198
13611	7	41	2	23	180	199
13612	7	42	0	19	60	196
13613	7	42	1	20	60	197
13614	7	43	0	17	10	194
13615	8	0	0	3	183	190
13616	8	0	1	5	172	190
13617	8	0	2	7	142	190
13618	8	0	3	9	177	190
13619	8	0	4	2	188	191
13620	8	0	5	4	122	191
13621	8	0	6	6	34	191
13622	8	0	7	8	14	191
13623	8	0	8	10	63	191
13624	8	0	9	11	21	191
13625	8	0	10	1	12	192
13626	8	0	11	12	224	192
13627	8	0	12	13	246	192
13628	8	0	13	0	58	193
13629	8	0	14	15	179	193
13630	8	0	15	14	104	194
13631	8	0	16	16	18	195
13632	8	0	17	17	3	195
13633	8	0	18	18	3	196
13634	8	0	19	19	1	197
13635	8	0	20	20	129	198
13636	8	0	21	21	43	198
13637	8	0	22	22	150	199
13638	8	0	23	23	50	200
13639	8	0	24	24	50	201
13640	8	0	25	25	94	201
13641	8	0	26	27	173	202
13642	8	0	27	26	93	203
13643	8	0	28	28	187	204
13644	8	0	29	29	148	205
13645	8	0	30	30	74	205
13646	8	0	31	31	196	206
13647	8	0	32	32	98	207
13648	8	0	33	33	204	207
13649	8	0	34	34	204	209
13650	8	0	35	35	34	209
13651	8	0	36	36	34	210
13652	8	0	37	37	177	210
13653	8	1	0	3	183	191
13654	8	1	1	5	172	191
13655	8	1	2	7	142	191
13656	8	1	3	9	177	191
13657	8	1	4	2	188	192
13658	8	1	5	4	122	192
13659	8	1	6	6	34	192
13660	8	1	7	8	14	192
13661	8	1	8	10	63	192
13662	8	1	9	11	21	192
13663	8	1	10	1	12	193
13664	8	1	11	12	224	193
13665	8	1	12	13	246	193
13666	8	1	13	0	58	194
13667	8	1	14	15	179	194
13668	8	1	15	14	104	195
13669	8	1	16	16	18	196
13670	8	1	17	17	3	196
13671	8	1	18	18	3	197
13672	8	1	19	19	1	198
13673	8	1	20	20	129	199
13674	8	1	21	21	43	199
13675	8	1	22	22	150	200
13676	8	1	23	23	50	201
13677	8	1	24	24	50	202
13678	8	1	25	25	94	202
13679	8	1	26	27	173	203
13680	8	1	27	26	93	204
13681	8	1	28	28	187	205
13682	8	1	29	29	148	206
13683	8	1	30	30	74	206
13684	8	1	31	31	196	207
13685	8	1	32	32	98	208
13686	8	1	33	33	204	208
13687	8	1	34	34	204	210
13688	8	1	35	35	34	210
13689	8	1	36	36	34	211
13690	8	2	0	3	183	192
13691	8	2	1	5	172	192
13692	8	2	2	7	142	192
13693	8	2	3	9	177	192
13694	8	2	4	2	188	193
13695	8	2	5	4	122	193
13696	8	2	6	6	34	193
13697	8	2	7	8	14	193
13698	8	2	8	10	63	193
13699	8	2	9	11	21	193
13700	8	2	10	1	12	194
13701	8	2	11	12	224	194
13702	8	2	12	13	246	194
13703	8	2	13	0	58	195
13704	8	2	14	15	179	195
13705	8	2	15	14	104	196
13706	8	2	16	16	18	197
13707	8	2	17	17	3	197
13708	8	2	18	18	3	198
13709	8	2	19	19	1	199
13710	8	2	20	20	129	200
13711	8	2	21	21	43	200
13712	8	2	22	22	150	201
13713	8	2	23	23	50	202
13714	8	2	24	24	50	203
13715	8	2	25	25	94	203
13716	8	2	26	27	173	204
13717	8	2	27	26	93	205
13718	8	2	28	28	187	206
13719	8	2	29	29	148	207
13720	8	2	30	30	74	207
13721	8	2	31	31	196	208
13722	8	2	32	32	98	209
13723	8	2	33	33	204	209
13724	8	2	34	34	204	211
13725	8	2	35	35	34	211
13726	8	3	0	3	183	193
13727	8	3	1	5	172	193
13728	8	3	2	7	142	193
13729	8	3	3	9	177	193
13730	8	3	4	2	188	194
13731	8	3	5	4	122	194
13732	8	3	6	6	34	194
13733	8	3	7	8	14	194
13734	8	3	8	10	63	194
13735	8	3	9	11	21	194
13736	8	3	10	1	12	195
13737	8	3	11	12	224	195
13738	8	3	12	13	246	195
13739	8	3	13	0	58	196
13740	8	3	14	15	179	196
13741	8	3	15	14	104	197
13742	8	3	16	16	18	198
13743	8	3	17	17	3	198
13744	8	3	18	18	3	199
13745	8	3	19	19	1	200
13746	8	3	20	20	129	201
13747	8	3	21	21	43	201
13748	8	3	22	22	150	202
13749	8	3	23	23	50	203
13750	8	3	24	24	50	204
13751	8	3	25	25	94	204
13752	8	3	26	27	173	205
13753	8	3	27	26	93	206
13754	8	3	28	28	187	207
13755	8	3	29	29	148	208
13756	8	3	30	30	74	208
13757	8	3	31	31	196	209
13758	8	3	32	32	98	210
13759	8	3	33	33	204	210
13760	8	3	34	37	49	211
13761	8	4	0	3	183	194
13762	8	4	1	5	172	194
13763	8	4	2	7	142	194
13764	8	4	3	9	177	194
13765	8	4	4	2	188	195
13766	8	4	5	4	122	195
13767	8	4	6	6	34	195
13768	8	4	7	8	14	195
13769	8	4	8	10	63	195
13770	8	4	9	11	21	195
13771	8	4	10	1	12	196
13772	8	4	11	12	224	196
13773	8	4	12	13	246	196
13774	8	4	13	0	58	197
13775	8	4	14	15	179	197
13776	8	4	15	14	104	198
13777	8	4	16	16	18	199
13778	8	4	17	17	3	199
13779	8	4	18	18	3	200
13780	8	4	19	19	1	201
13781	8	4	20	20	129	202
13782	8	4	21	21	43	202
13783	8	4	22	22	150	203
13784	8	4	23	23	50	204
13785	8	4	24	24	50	205
13786	8	4	25	25	94	205
13787	8	4	26	27	173	206
13788	8	4	27	26	93	207
13789	8	4	28	28	187	208
13790	8	4	29	29	148	209
13791	8	4	30	30	74	209
13792	8	4	31	31	196	210
13793	8	4	32	32	98	211
13794	8	4	33	33	204	211
13795	8	5	0	3	183	195
13796	8	5	1	5	172	195
13797	8	5	2	7	142	195
13798	8	5	3	9	177	195
13799	8	5	4	2	188	196
13800	8	5	5	4	122	196
13801	8	5	6	6	34	196
13802	8	5	7	8	14	196
13803	8	5	8	10	63	196
13804	8	5	9	11	21	196
13805	8	5	10	1	12	197
13806	8	5	11	12	224	197
13807	8	5	12	13	246	197
13808	8	5	13	0	58	198
13809	8	5	14	15	179	198
13810	8	5	15	14	104	199
13811	8	5	16	16	18	200
13812	8	5	17	17	3	200
13813	8	5	18	18	3	201
13814	8	5	19	19	1	202
13815	8	5	20	20	129	203
13816	8	5	21	21	43	203
13817	8	5	22	22	150	204
13818	8	5	23	23	50	205
13819	8	5	24	24	50	206
13820	8	5	25	25	94	206
13821	8	5	26	27	173	207
13822	8	5	27	26	93	208
13823	8	5	28	28	187	209
13824	8	5	29	29	148	210
13825	8	5	30	30	74	210
13826	8	5	31	31	196	211
13827	8	5	32	32	98	212
13828	8	6	0	3	183	196
13829	8	6	1	5	172	196
13830	8	6	2	7	142	196
13831	8	6	3	9	177	196
13832	8	6	4	2	188	197
13833	8	6	5	4	122	197
13834	8	6	6	6	34	197
13835	8	6	7	8	14	197
13836	8	6	8	10	63	197
13837	8	6	9	11	21	197
13838	8	6	10	1	12	198
13839	8	6	11	12	224	198
13840	8	6	12	13	246	198
13841	8	6	13	0	58	199
13842	8	6	14	15	179	199
13843	8	6	15	14	104	200
13844	8	6	16	16	18	201
13845	8	6	17	17	3	201
13846	8	6	18	18	3	202
13847	8	6	19	19	1	203
13848	8	6	20	20	129	204
13849	8	6	21	21	43	204
13850	8	6	22	22	150	205
13851	8	6	23	23	50	206
13852	8	6	24	24	50	207
13853	8	6	25	25	94	207
13854	8	6	26	27	173	208
13855	8	6	27	26	93	209
13856	8	6	28	28	187	210
13857	8	6	29	29	148	211
13858	8	6	30	30	74	211
13859	8	6	31	31	196	212
13860	8	7	0	3	183	197
13861	8	7	1	5	172	197
13862	8	7	2	7	142	197
13863	8	7	3	9	177	197
13864	8	7	4	2	188	198
13865	8	7	5	4	122	198
13866	8	7	6	6	34	198
13867	8	7	7	8	14	198
13868	8	7	8	10	63	198
13869	8	7	9	11	21	198
13870	8	7	10	1	12	199
13871	8	7	11	12	224	199
13872	8	7	12	13	246	199
13873	8	7	13	0	58	200
13874	8	7	14	15	179	200
13875	8	7	15	14	104	201
13876	8	7	16	16	18	202
13877	8	7	17	17	3	202
13878	8	7	18	18	3	203
13879	8	7	19	19	1	204
13880	8	7	20	20	129	205
13881	8	7	21	21	43	205
13882	8	7	22	22	150	206
13883	8	7	23	23	50	207
13884	8	7	24	24	50	208
13885	8	7	25	25	94	208
13886	8	7	26	27	173	209
13887	8	7	27	26	93	210
13888	8	7	28	28	187	211
13889	8	7	29	29	148	212
13890	8	7	30	30	74	212
13891	8	8	0	3	183	198
13892	8	8	1	5	172	198
13893	8	8	2	7	142	198
13894	8	8	3	9	177	198
13895	8	8	4	2	188	199
13896	8	8	5	4	122	199
13897	8	8	6	6	34	199
13898	8	8	7	8	14	199
13899	8	8	8	10	63	199
13900	8	8	9	11	21	199
13901	8	8	10	1	12	200
13902	8	8	11	12	224	200
13903	8	8	12	13	246	200
13904	8	8	13	0	58	201
13905	8	8	14	15	179	201
13906	8	8	15	14	104	202
13907	8	8	16	16	18	203
13908	8	8	17	17	3	203
13909	8	8	18	18	3	204
13910	8	8	19	19	1	205
13911	8	8	20	20	129	206
13912	8	8	21	21	43	206
13913	8	8	22	22	150	207
13914	8	8	23	23	50	208
13915	8	8	24	24	50	209
13916	8	8	25	25	94	209
13917	8	8	26	27	173	210
13918	8	8	27	26	93	211
13919	8	8	28	28	187	212
13920	8	8	29	33	70	212
13921	8	9	0	3	183	199
13922	8	9	1	5	172	199
13923	8	9	2	7	142	199
13924	8	9	3	9	177	199
13925	8	9	4	2	188	200
13926	8	9	5	4	122	200
13927	8	9	6	6	34	200
13928	8	9	7	8	14	200
13929	8	9	8	10	63	200
13930	8	9	9	11	21	200
13931	8	9	10	1	12	201
13932	8	9	11	12	224	201
13933	8	9	12	13	246	201
13934	8	9	13	0	58	202
13935	8	9	14	15	179	202
13936	8	9	15	14	104	203
13937	8	9	16	16	18	204
13938	8	9	17	17	3	204
13939	8	9	18	18	3	205
13940	8	9	19	19	1	206
13941	8	9	20	20	129	207
13942	8	9	21	21	43	207
13943	8	9	22	22	150	208
13944	8	9	23	23	50	209
13945	8	9	24	24	50	210
13946	8	9	25	25	94	210
13947	8	9	26	27	173	211
13948	8	9	27	26	93	212
13949	8	9	28	34	81	212
13950	8	10	0	3	183	200
13951	8	10	1	5	172	200
13952	8	10	2	7	142	200
13953	8	10	3	9	177	200
13954	8	10	4	2	188	201
13955	8	10	5	4	122	201
13956	8	10	6	6	34	201
13957	8	10	7	8	14	201
13958	8	10	8	10	63	201
13959	8	10	9	11	21	201
13960	8	10	10	1	12	202
13961	8	10	11	12	224	202
13962	8	10	12	13	246	202
13963	8	10	13	0	58	203
13964	8	10	14	15	179	203
13965	8	10	15	14	104	204
13966	8	10	16	16	18	205
13967	8	10	17	17	3	205
13968	8	10	18	18	3	206
13969	8	10	19	19	1	207
13970	8	10	20	20	129	208
13971	8	10	21	21	43	208
13972	8	10	22	22	150	209
13973	8	10	23	23	50	210
13974	8	10	24	24	50	211
13975	8	10	25	25	94	211
13976	8	10	26	27	173	212
13977	8	10	27	35	123	212
13978	8	11	0	3	183	201
13979	8	11	1	5	172	201
13980	8	11	2	7	142	201
13981	8	11	3	9	177	201
13982	8	11	4	2	188	202
13983	8	11	5	4	122	202
13984	8	11	6	6	34	202
13985	8	11	7	8	14	202
13986	8	11	8	10	63	202
13987	8	11	9	11	21	202
13988	8	11	10	1	12	203
13989	8	11	11	12	224	203
13990	8	11	12	13	246	203
13991	8	11	13	0	58	204
13992	8	11	14	15	179	204
13993	8	11	15	14	104	205
13994	8	11	16	16	18	206
13995	8	11	17	17	3	206
13996	8	11	18	18	3	207
13997	8	11	19	19	1	208
13998	8	11	20	20	129	209
13999	8	11	21	21	43	209
14000	8	11	22	22	150	210
14001	8	11	23	23	50	211
14002	8	11	24	24	50	212
14003	8	11	25	25	94	212
14004	8	11	26	36	29	212
14005	8	12	0	3	183	202
14006	8	12	1	5	172	202
14007	8	12	2	7	142	202
14008	8	12	3	9	177	202
14009	8	12	4	2	188	203
14010	8	12	5	4	122	203
14011	8	12	6	6	34	203
14012	8	12	7	8	14	203
14013	8	12	8	10	63	203
14014	8	12	9	11	21	203
14015	8	12	10	1	12	204
14016	8	12	11	12	224	204
14017	8	12	12	13	246	204
14018	8	12	13	0	58	205
14019	8	12	14	15	179	205
14020	8	12	15	14	104	206
14021	8	12	16	16	18	207
14022	8	12	17	17	3	207
14023	8	12	18	18	3	208
14024	8	12	19	19	1	209
14025	8	12	20	20	129	210
14026	8	12	21	21	43	210
14027	8	12	22	22	150	211
14028	8	12	23	23	50	212
14029	8	12	24	37	65	212
14030	8	12	25	38	229	212
14031	8	13	0	3	183	203
14032	8	13	1	5	172	203
14033	8	13	2	7	142	203
14034	8	13	3	9	177	203
14035	8	13	4	2	188	204
14036	8	13	5	4	122	204
14037	8	13	6	6	34	204
14038	8	13	7	8	14	204
14039	8	13	8	10	63	204
14040	8	13	9	11	21	204
14041	8	13	10	1	12	205
14042	8	13	11	12	224	205
14043	8	13	12	13	246	205
14044	8	13	13	0	58	206
14045	8	13	14	15	179	206
14046	8	13	15	14	104	207
14047	8	13	16	16	18	208
14048	8	13	17	17	3	208
14049	8	13	18	18	3	209
14050	8	13	19	19	1	210
14051	8	13	20	20	129	211
14052	8	13	21	21	43	211
14053	8	13	22	22	150	212
14054	8	13	23	39	219	212
14055	8	13	24	23	103	213
14056	8	14	0	3	183	204
14057	8	14	1	5	172	204
14058	8	14	2	7	142	204
14059	8	14	3	9	177	204
14060	8	14	4	2	188	205
14061	8	14	5	4	122	205
14062	8	14	6	6	34	205
14063	8	14	7	8	14	205
14064	8	14	8	10	63	205
14065	8	14	9	11	21	205
14066	8	14	10	1	12	206
14067	8	14	11	12	224	206
14068	8	14	12	13	246	206
14069	8	14	13	0	58	207
14070	8	14	14	15	179	207
14071	8	14	15	14	104	208
14072	8	14	16	16	18	209
14073	8	14	17	17	3	209
14074	8	14	18	18	3	210
14075	8	14	19	19	1	211
14076	8	14	20	20	129	212
14077	8	14	21	21	43	212
14078	8	14	22	22	150	213
14079	8	14	23	24	173	213
14080	8	15	0	3	183	205
14081	8	15	1	5	172	205
14082	8	15	2	7	142	205
14083	8	15	3	9	177	205
14084	8	15	4	2	188	206
14085	8	15	5	4	122	206
14086	8	15	6	6	34	206
14087	8	15	7	8	14	206
14088	8	15	8	10	63	206
14089	8	15	9	11	21	206
14090	8	15	10	1	12	207
14091	8	15	11	12	224	207
14092	8	15	12	13	246	207
14093	8	15	13	0	58	208
14094	8	15	14	15	179	208
14095	8	15	15	14	104	209
14096	8	15	16	16	18	210
14097	8	15	17	17	3	210
14098	8	15	18	18	3	211
14099	8	15	19	19	1	212
14100	8	15	20	20	129	213
14101	8	15	21	21	43	213
14102	8	15	22	25	111	213
14103	8	16	0	3	183	206
14104	8	16	1	5	172	206
14105	8	16	2	7	142	206
14106	8	16	3	9	177	206
14107	8	16	4	2	188	207
14108	8	16	5	4	122	207
14109	8	16	6	6	34	207
14110	8	16	7	8	14	207
14111	8	16	8	10	63	207
14112	8	16	9	11	21	207
14113	8	16	10	1	12	208
14114	8	16	11	12	224	208
14115	8	16	12	13	246	208
14116	8	16	13	0	58	209
14117	8	16	14	15	179	209
14118	8	16	15	14	104	210
14119	8	16	16	16	18	211
14120	8	16	17	17	3	211
14121	8	16	18	18	3	212
14122	8	16	19	19	1	213
14123	8	16	20	26	166	213
14124	8	16	21	27	99	213
14125	8	17	0	3	183	207
14126	8	17	1	5	172	207
14127	8	17	2	7	142	207
14128	8	17	3	9	177	207
14129	8	17	4	2	188	208
14130	8	17	5	4	122	208
14131	8	17	6	6	34	208
14132	8	17	7	8	14	208
14133	8	17	8	10	63	208
14134	8	17	9	11	21	208
14135	8	17	10	1	12	209
14136	8	17	11	12	224	209
14137	8	17	12	13	246	209
14138	8	17	13	0	58	210
14139	8	17	14	15	179	210
14140	8	17	15	14	104	211
14141	8	17	16	16	18	212
14142	8	17	17	17	3	212
14143	8	17	18	18	3	213
14144	8	17	19	28	229	213
14145	8	17	20	29	251	213
14146	8	18	0	3	183	208
14147	8	18	1	5	172	208
14148	8	18	2	7	142	208
14149	8	18	3	9	177	208
14150	8	18	4	2	188	209
14151	8	18	5	4	122	209
14152	8	18	6	6	34	209
14153	8	18	7	8	14	209
14154	8	18	8	10	63	209
14155	8	18	9	11	21	209
14156	8	18	10	1	12	210
14157	8	18	11	12	224	210
14158	8	18	12	13	246	210
14159	8	18	13	0	58	211
14160	8	18	14	15	179	211
14161	8	18	15	14	104	212
14162	8	18	16	16	18	213
14163	8	18	17	17	3	213
14164	8	18	18	30	72	213
14165	8	18	19	31	195	213
14166	8	19	0	3	183	209
14167	8	19	1	5	172	209
14168	8	19	2	7	142	209
14169	8	19	3	9	177	209
14170	8	19	4	2	188	210
14171	8	19	5	4	122	210
14172	8	19	6	6	34	210
14173	8	19	7	8	14	210
14174	8	19	8	10	63	210
14175	8	19	9	11	21	210
14176	8	19	10	1	12	211
14177	8	19	11	12	224	211
14178	8	19	12	13	246	211
14179	8	19	13	0	58	212
14180	8	19	14	15	179	212
14181	8	19	15	14	104	213
14182	8	19	16	32	203	213
14183	8	19	17	33	163	213
14184	8	19	18	34	247	213
14185	8	20	0	3	183	210
14186	8	20	1	5	172	210
14187	8	20	2	7	142	210
14188	8	20	3	9	177	210
14189	8	20	4	2	188	211
14190	8	20	5	4	122	211
14191	8	20	6	6	34	211
14192	8	20	7	8	14	211
14193	8	20	8	10	63	211
14194	8	20	9	11	21	211
14195	8	20	10	1	12	212
14196	8	20	11	12	224	212
14197	8	20	12	13	246	212
14198	8	20	13	0	58	213
14199	8	20	14	15	179	213
14200	8	20	15	35	119	213
14201	8	20	16	36	142	213
14202	8	20	17	37	198	213
14203	8	21	0	3	183	211
14204	8	21	1	5	172	211
14205	8	21	2	7	142	211
14206	8	21	3	9	177	211
14207	8	21	4	2	188	212
14208	8	21	5	4	122	212
14209	8	21	6	6	34	212
14210	8	21	7	8	14	212
14211	8	21	8	10	63	212
14212	8	21	9	11	21	212
14213	8	21	10	1	12	213
14214	8	21	11	12	224	213
14215	8	21	12	13	246	213
14216	8	21	13	38	92	213
14217	8	21	14	39	234	213
14218	8	21	15	40	73	213
14219	8	21	16	0	119	214
14220	8	22	0	3	183	212
14221	8	22	1	5	172	212
14222	8	22	2	7	142	212
14223	8	22	3	9	177	212
14224	8	22	4	2	188	213
14225	8	22	5	4	122	213
14226	8	22	6	6	34	213
14227	8	22	7	8	14	213
14228	8	22	8	10	63	213
14229	8	22	9	11	21	213
14230	8	22	10	1	12	214
14231	8	22	11	12	224	214
14232	8	22	12	13	246	214
14233	8	22	13	14	135	214
14234	8	22	14	15	138	214
14235	8	22	15	16	181	214
14236	8	23	0	3	183	213
14237	8	23	1	5	172	213
14238	8	23	2	7	142	213
14239	8	23	3	9	177	213
14240	8	23	4	2	188	214
14241	8	23	5	4	122	214
14242	8	23	6	6	34	214
14243	8	23	7	8	14	214
14244	8	23	8	10	63	214
14245	8	23	9	11	21	214
14246	8	23	10	17	233	214
14247	8	23	11	18	221	214
14248	8	23	12	19	45	214
14249	8	23	13	20	39	214
14250	8	23	14	21	224	214
14251	8	24	0	3	183	214
14252	8	24	1	5	172	214
14253	8	24	2	7	142	214
14254	8	24	3	9	177	214
14255	8	24	4	22	66	214
14256	8	24	5	23	242	214
14257	8	24	6	24	53	214
14258	8	24	7	25	35	214
14259	8	24	8	26	194	214
14260	8	24	9	27	193	214
14261	8	24	10	28	169	214
14262	8	24	11	29	25	214
14263	8	24	12	30	30	214
14264	8	24	13	31	70	214
14265	8	25	0	0	202	215
14266	8	25	1	32	183	214
14267	8	25	2	33	23	214
14268	8	25	3	34	42	214
14269	8	25	4	35	91	214
14270	8	25	5	36	80	214
14271	8	25	6	37	70	214
14272	8	25	7	38	161	214
14273	8	25	8	39	172	214
14274	8	25	9	40	23	214
14275	8	25	10	41	33	214
14276	8	25	11	42	148	214
14277	8	25	12	1	28	215
14278	8	26	0	0	202	216
14279	8	26	1	2	51	215
14280	8	26	2	3	209	215
14281	8	26	3	4	16	215
14282	8	26	4	5	208	215
14283	8	26	5	6	104	215
14284	8	26	6	7	110	215
14285	8	26	7	8	233	215
14286	8	26	8	9	182	215
14287	8	26	9	10	72	215
14288	8	26	10	11	132	215
14289	8	26	11	13	171	215
14290	8	27	0	0	202	217
14291	8	27	1	1	205	216
14292	8	27	2	12	179	215
14293	8	27	3	14	67	215
14294	8	27	4	15	151	215
14295	8	27	5	16	167	215
14296	8	27	6	17	11	215
14297	8	27	7	18	92	215
14298	8	27	8	19	37	215
14299	8	27	9	20	75	215
14300	8	27	10	21	132	215
14301	8	28	0	0	202	218
14302	8	28	1	1	205	217
14303	8	28	2	2	77	216
14304	8	28	3	22	76	215
14305	8	28	4	23	61	215
14306	8	28	5	24	12	215
14307	8	28	6	25	15	215
14308	8	28	7	26	105	215
14309	8	28	8	27	119	215
14310	8	28	9	28	65	215
14311	8	29	0	0	202	219
14312	8	29	1	1	205	218
14313	8	29	2	2	77	217
14314	8	29	3	3	227	216
14315	8	29	4	29	55	215
14316	8	29	5	4	126	216
14317	8	29	6	30	96	215
14318	8	29	7	31	55	215
14319	8	29	8	32	205	215
14320	8	30	0	0	202	220
14321	8	30	1	1	205	219
14322	8	30	2	2	77	218
14323	8	30	3	3	227	217
14324	8	30	4	5	79	216
14325	8	30	5	4	126	217
14326	8	30	6	6	14	216
14327	8	30	7	7	81	216
14328	8	31	0	0	202	221
14329	8	31	1	1	205	220
14330	8	31	2	2	77	219
14331	8	31	3	3	227	218
14332	8	31	4	5	79	217
14333	8	31	5	4	126	218
14334	8	31	6	6	14	217
14335	8	32	0	0	202	222
14336	8	32	1	1	205	221
14337	8	32	2	2	77	220
14338	8	32	3	3	227	219
14339	8	32	4	5	79	218
14340	8	32	5	4	126	219
14341	8	33	0	0	202	223
14342	8	33	1	1	205	222
14343	8	33	2	2	77	221
14344	8	33	3	3	227	220
14345	8	33	4	5	79	219
14346	8	34	0	0	202	224
14347	8	34	1	1	205	223
14348	8	34	2	2	77	222
14349	8	34	3	3	227	221
14350	8	35	0	0	202	225
14351	8	35	1	1	205	224
14352	8	35	2	2	77	223
14353	8	36	0	0	202	226
14354	8	36	1	1	205	225
14355	8	37	0	0	202	227
14356	9	0	0	33	216	215
14357	9	0	1	34	82	215
14358	9	0	2	35	251	215
14359	9	0	3	36	171	215
14360	9	0	4	42	166	215
14361	9	0	5	43	141	215
14362	9	0	6	45	194	216
14363	9	0	7	44	22	217
14364	9	0	8	46	152	218
14365	9	0	9	47	111	218
14366	9	0	10	48	111	219
14367	9	0	11	49	37	220
14368	9	0	12	50	147	221
14369	9	0	13	51	49	221
14370	9	0	14	52	153	222
14371	9	0	15	53	51	223
14372	9	0	16	54	51	224
14373	9	0	17	55	137	224
14374	9	0	18	57	48	225
14375	9	0	19	56	207	226
14376	9	0	20	58	237	227
14377	9	0	21	59	79	228
14378	9	0	22	60	168	228
14379	9	0	23	61	56	229
14380	9	0	24	62	28	230
14381	9	0	25	63	95	230
14382	9	0	26	64	95	232
14383	9	0	27	65	230	232
14384	9	0	28	66	230	233
14385	9	0	29	67	124	233
14386	9	0	30	68	124	235
14387	9	0	31	69	127	235
14388	9	0	32	70	192	236
14389	9	0	33	71	64	237
14390	9	0	34	72	32	237
14391	9	0	35	73	182	238
14392	9	0	36	75	121	239
14393	9	0	37	74	125	240
14394	9	0	38	76	116	241
14395	9	0	39	77	105	241
14396	9	0	40	78	105	242
14397	9	1	0	37	78	215
14398	9	1	1	38	90	215
14399	9	1	2	39	32	215
14400	9	1	3	40	45	215
14401	9	1	4	41	15	215
14402	9	1	5	8	216	216
14403	9	1	6	43	131	216
14404	9	1	7	45	88	217
14405	9	1	8	44	151	218
14406	9	1	9	46	236	219
14407	9	1	10	47	125	219
14408	9	1	11	48	125	220
14409	9	1	12	49	213	221
14410	9	1	13	50	235	222
14411	9	1	14	51	164	222
14412	9	1	15	52	82	223
14413	9	1	16	53	113	224
14414	9	1	17	54	113	225
14415	9	1	18	55	233	225
14416	9	1	19	57	41	226
14417	9	1	20	56	29	227
14418	9	1	21	58	253	228
14419	9	1	22	59	170	229
14420	9	1	23	60	85	229
14421	9	1	24	61	114	230
14422	9	1	25	62	57	231
14423	9	1	26	63	19	231
14424	9	1	27	64	19	233
14425	9	1	28	65	46	233
14426	9	1	29	66	46	234
14427	9	1	30	67	179	234
14428	9	1	31	68	179	236
14429	9	1	32	69	231	236
14430	9	1	33	70	244	237
14431	9	1	34	71	167	238
14432	9	1	35	72	212	238
14433	9	1	36	73	242	239
14434	9	1	37	75	243	240
14435	9	1	38	74	122	241
14436	9	1	39	76	126	242
14437	9	2	0	9	222	216
14438	9	2	1	10	159	216
14439	9	2	2	11	195	216
14440	9	2	3	12	153	216
14441	9	2	4	13	68	216
14442	9	2	5	41	3	216
14443	9	2	6	42	130	216
14444	9	2	7	43	129	217
14445	9	2	8	45	48	218
14446	9	2	9	44	143	219
14447	9	2	10	46	150	220
14448	9	2	11	47	25	220
14449	9	2	12	48	25	221
14450	9	2	13	49	94	222
14451	9	2	14	50	47	223
14452	9	2	15	51	187	223
14453	9	2	16	52	222	224
14454	9	2	17	53	74	225
14455	9	2	18	54	74	226
14456	9	2	19	55	98	226
14457	9	2	20	57	107	227
14458	9	2	21	56	190	228
14459	9	2	22	58	102	229
14460	9	2	23	59	34	230
14461	9	2	24	60	17	230
14462	9	2	25	61	177	231
14463	9	2	26	62	217	232
14464	9	2	27	63	158	232
14465	9	2	28	64	158	234
14466	9	2	29	65	112	234
14467	9	2	30	66	112	235
14468	9	2	31	67	190	235
14469	9	2	32	68	190	237
14470	9	2	33	69	149	237
14471	9	2	34	70	203	238
14472	9	2	35	71	239	239
14473	9	2	36	72	248	239
14474	9	2	37	73	254	240
14475	9	2	38	75	226	241
14476	9	3	0	14	207	216
14477	9	3	1	15	79	216
14478	9	3	2	16	50	216
14479	9	3	3	17	66	216
14480	9	3	4	18	208	216
14481	9	3	5	40	156	216
14482	9	3	6	41	52	217
14483	9	3	7	42	26	217
14484	9	3	8	43	180	218
14485	9	3	9	45	211	219
14486	9	3	10	44	28	220
14487	9	3	11	46	30	221
14488	9	3	12	47	5	221
14489	9	3	13	48	5	222
14490	9	3	14	49	173	223
14491	9	3	15	50	215	224
14492	9	3	16	51	243	224
14493	9	3	17	52	250	225
14494	9	3	18	53	169	226
14495	9	3	19	54	169	227
14496	9	3	20	55	71	227
14497	9	3	21	57	72	228
14498	9	3	22	56	27	229
14499	9	3	23	58	226	230
14500	9	3	24	59	161	231
14501	9	3	25	60	209	231
14502	9	3	26	61	241	232
14503	9	3	27	62	249	233
14504	9	3	28	63	83	233
14505	9	3	29	64	83	235
14506	9	3	30	65	228	235
14507	9	3	31	66	228	236
14508	9	3	32	67	38	236
14509	9	3	33	68	38	238
14510	9	3	34	69	184	238
14511	9	3	35	70	92	239
14512	9	3	36	71	202	240
14513	9	3	37	72	101	240
14514	9	4	0	19	105	216
14515	9	4	1	20	65	216
14516	9	4	2	21	203	216
14517	9	4	3	22	13	216
14518	9	4	4	38	33	216
14519	9	4	5	39	11	216
14520	9	4	6	40	134	217
14521	9	4	7	41	216	218
14522	9	4	8	42	108	218
14523	9	4	9	43	36	219
14524	9	4	10	45	175	220
14525	9	4	11	44	128	221
14526	9	4	12	46	6	222
14527	9	4	13	47	1	222
14528	9	4	14	48	1	223
14529	9	4	15	49	86	224
14530	9	4	16	50	43	225
14531	9	4	17	51	100	225
14532	9	4	18	52	50	226
14533	9	4	19	53	188	227
14534	9	4	20	54	188	228
14535	9	4	21	55	117	228
14536	9	4	22	57	189	229
14537	9	4	23	56	43	230
14538	9	4	24	58	148	231
14539	9	4	25	59	135	232
14540	9	4	26	60	196	232
14541	9	4	27	61	151	233
14542	9	4	28	62	204	234
14543	9	4	29	63	68	234
14544	9	4	30	64	68	236
14545	9	4	31	65	97	236
14546	9	4	32	66	97	237
14547	9	4	33	67	59	237
14548	9	4	34	68	59	239
14549	9	4	35	69	191	239
14550	9	4	36	70	224	240
14551	9	5	0	23	144	216
14552	9	5	1	24	232	216
14553	9	5	2	25	27	216
14554	9	5	3	26	217	216
14555	9	5	4	36	204	216
14556	9	5	5	38	58	217
14557	9	5	6	39	105	217
14558	9	5	7	40	181	218
14559	9	5	8	41	146	219
14560	9	5	9	42	73	219
14561	9	5	10	43	110	220
14562	9	5	11	45	41	221
14563	9	5	12	44	72	222
14564	9	5	13	46	104	223
14565	9	5	14	47	103	223
14566	9	5	15	48	103	224
14567	9	5	16	49	120	225
14568	9	5	17	50	60	226
14569	9	5	18	51	20	226
14570	9	5	19	52	10	227
14571	9	5	20	53	89	228
14572	9	5	21	54	89	229
14573	9	5	22	55	229	229
14574	9	5	23	57	83	230
14575	9	5	24	56	49	231
14576	9	5	25	58	81	232
14577	9	5	26	59	27	233
14578	9	5	27	60	142	233
14579	9	5	28	61	133	234
14580	9	5	29	62	195	235
14581	9	5	30	63	65	235
14582	9	5	31	64	65	237
14583	9	5	32	65	225	237
14584	9	5	33	66	225	238
14585	9	5	34	67	166	238
14586	9	5	35	68	166	240
14587	9	6	0	27	93	216
14588	9	6	1	28	236	216
14589	9	6	2	29	27	216
14590	9	6	3	34	44	216
14591	9	6	4	37	11	216
14592	9	6	5	7	103	217
14593	9	6	6	38	63	218
14594	9	6	7	39	21	218
14595	9	6	8	40	139	219
14596	9	6	9	41	132	220
14597	9	6	10	42	66	220
14598	9	6	11	43	22	221
14599	9	6	12	45	215	222
14600	9	6	13	44	6	223
14601	9	6	14	46	175	224
14602	9	6	15	47	72	224
14603	9	6	16	48	72	225
14604	9	6	17	49	24	226
14605	9	6	18	50	12	227
14606	9	6	19	51	4	227
14607	9	6	20	52	2	228
14608	9	6	21	53	172	229
14609	9	6	22	54	172	230
14610	9	6	23	55	200	230
14611	9	6	24	57	149	231
14612	9	6	25	56	30	232
14613	9	6	26	58	119	233
14614	9	6	27	59	211	234
14615	9	6	28	60	234	234
14616	9	6	29	61	78	235
14617	9	6	30	62	39	236
14618	9	6	31	63	13	236
14619	9	6	32	64	13	238
14620	9	6	33	65	45	238
14621	9	6	34	66	45	239
14622	9	7	0	30	229	216
14623	9	7	1	31	236	216
14624	9	7	2	32	47	216
14625	9	7	3	35	210	216
14626	9	7	4	8	78	217
14627	9	7	5	36	127	217
14628	9	7	6	37	64	217
14629	9	7	7	38	64	219
14630	9	7	8	39	107	219
14631	9	7	9	40	182	220
14632	9	7	10	41	232	221
14633	9	7	11	42	116	221
14634	9	7	12	43	210	222
14635	9	7	13	45	218	223
14636	9	7	14	44	228	224
14637	9	7	15	46	35	225
14638	9	7	16	47	220	225
14639	9	7	17	48	220	226
14640	9	7	18	49	159	227
14641	9	7	19	50	208	228
14642	9	7	20	51	155	228
14643	9	7	21	52	206	229
14644	9	7	22	53	240	230
14645	9	7	23	54	240	231
14646	9	7	24	55	40	231
14647	9	7	25	57	46	232
14648	9	7	26	56	24	233
14649	9	7	27	58	178	234
14650	9	7	28	59	145	235
14651	9	7	29	60	201	235
14652	9	7	30	61	67	236
14653	9	7	31	62	162	237
14654	9	7	32	63	54	237
14655	9	7	33	64	54	239
14656	9	8	0	33	43	216
14657	9	8	1	9	101	217
14658	9	8	2	10	214	217
14659	9	8	3	11	78	217
14660	9	8	4	34	101	217
14661	9	8	5	35	231	217
14662	9	8	6	36	231	218
14663	9	8	7	37	167	218
14664	9	8	8	38	167	220
14665	9	8	9	39	227	220
14666	9	8	10	40	242	221
14667	9	8	11	41	252	222
14668	9	8	12	42	126	222
14669	9	8	13	43	42	223
14670	9	8	14	45	130	224
14671	9	8	15	44	61	225
14672	9	8	16	46	7	226
14673	9	8	17	47	44	226
14674	9	8	18	48	44	227
14675	9	8	19	49	186	228
14676	9	8	20	50	93	229
14677	9	8	21	51	31	229
14678	9	8	22	52	144	230
14679	9	8	23	53	48	231
14680	9	8	24	54	48	232
14681	9	8	25	55	8	232
14682	9	8	26	57	33	233
14683	9	8	27	56	49	234
14684	9	8	28	58	87	235
14685	9	8	29	59	29	236
14686	9	8	30	60	143	236
14687	9	8	31	61	219	237
14688	9	8	32	62	238	238
14689	9	9	0	12	211	217
14690	9	9	1	13	158	217
14691	9	9	2	14	75	217
14692	9	9	3	15	5	217
14693	9	9	4	16	239	217
14694	9	9	5	34	123	218
14695	9	9	6	35	149	218
14696	9	9	7	36	149	219
14697	9	9	8	37	239	219
14698	9	9	9	38	239	221
14699	9	9	10	39	251	221
14700	9	9	11	40	254	222
14701	9	9	12	41	256	223
14702	9	9	13	42	128	223
14703	9	9	14	43	214	224
14704	9	9	15	45	33	225
14705	9	9	16	44	223	226
14706	9	9	17	46	207	227
14707	9	9	18	47	163	227
14708	9	9	19	48	163	228
14709	9	9	20	49	140	229
14710	9	9	21	50	70	230
14711	9	9	22	51	109	230
14712	9	9	23	52	183	231
14713	9	9	24	53	61	232
14714	9	9	25	54	61	233
14715	9	9	26	55	53	233
14716	9	9	27	57	145	234
14717	9	9	28	56	117	235
14718	9	9	29	58	223	236
14719	9	9	30	59	160	237
14720	9	9	31	60	80	237
14721	9	10	0	17	69	217
14722	9	10	1	18	158	217
14723	9	10	2	19	35	217
14724	9	10	3	20	151	217
14725	9	10	4	32	228	217
14726	9	10	5	33	76	217
14727	9	10	6	34	76	219
14728	9	10	7	35	184	219
14729	9	10	8	36	184	220
14730	9	10	9	37	202	220
14731	9	10	10	38	202	222
14732	9	10	11	39	153	222
14733	9	10	12	40	205	223
14734	9	10	13	41	154	224
14735	9	10	14	42	77	224
14736	9	10	15	43	197	225
14737	9	10	16	45	8	226
14738	9	10	17	44	182	227
14739	9	10	18	46	247	228
14740	9	10	19	47	84	228
14741	9	10	20	48	84	229
14742	9	10	21	49	28	230
14743	9	10	22	50	14	231
14744	9	10	23	51	176	231
14745	9	10	24	52	88	232
14746	9	10	25	53	115	233
14747	9	10	26	54	115	234
14748	9	10	27	55	62	234
14749	9	10	28	57	252	235
14750	9	10	29	56	111	236
14751	9	10	30	58	96	237
14752	9	11	0	21	229	217
14753	9	11	1	22	118	217
14754	9	11	2	23	73	217
14755	9	11	3	30	68	217
14756	9	11	4	31	194	217
14757	9	11	5	32	97	218
14758	9	11	6	33	118	218
14759	9	11	7	34	118	220
14760	9	11	8	35	191	220
14761	9	11	9	36	191	221
14762	9	11	10	37	246	221
14763	9	11	11	38	246	223
14764	9	11	12	39	82	223
14765	9	11	13	40	41	224
14766	9	11	14	41	185	225
14767	9	11	15	42	221	225
14768	9	11	16	43	245	226
14769	9	11	17	45	43	227
14770	9	11	18	44	113	228
14771	9	11	19	46	255	229
14772	9	11	20	47	171	229
14773	9	11	21	48	171	230
14774	9	11	22	49	57	231
14775	9	11	23	50	157	232
14776	9	11	24	51	138	232
14777	9	11	25	52	69	233
14778	9	11	26	53	23	234
14779	9	11	27	54	23	235
14780	9	11	28	55	218	235
14781	9	11	29	57	95	236
14782	9	12	0	24	195	217
14783	9	12	1	25	89	217
14784	9	12	2	28	133	217
14785	9	12	3	29	130	217
14786	9	12	4	6	231	218
14787	9	12	5	31	193	218
14788	9	12	6	32	225	219
14789	9	12	7	33	75	219
14790	9	12	8	34	75	221
14791	9	12	9	35	141	221
14792	9	12	10	36	141	222
14793	9	12	11	37	152	222
14794	9	12	12	38	152	224
14795	9	12	13	39	222	224
14796	9	12	14	40	111	225
14797	9	12	15	41	37	226
14798	9	12	16	42	147	226
14799	9	12	17	43	49	227
14800	9	12	18	45	58	228
14801	9	12	19	44	112	229
14802	9	12	20	46	51	230
14803	9	12	21	47	137	230
14804	9	12	22	48	137	231
14805	9	12	23	49	217	232
14806	9	12	24	50	237	233
14807	9	12	25	51	79	233
14808	9	12	26	52	168	234
14809	9	12	27	53	56	235
14810	9	12	28	54	56	236
14811	9	13	0	26	178	217
14812	9	13	1	27	188	217
14813	9	13	2	7	60	218
14814	9	13	3	8	248	218
14815	9	13	4	29	26	218
14816	9	13	5	30	13	218
14817	9	13	6	31	90	219
14818	9	13	7	32	45	220
14819	9	13	8	33	15	220
14820	9	13	9	34	15	222
14821	9	13	10	35	131	222
14822	9	13	11	36	131	223
14823	9	13	12	37	236	223
14824	9	13	13	38	236	225
14825	9	13	14	39	250	225
14826	9	13	15	40	125	226
14827	9	13	16	41	213	227
14828	9	13	17	42	235	227
14829	9	13	18	43	164	228
14830	9	13	19	45	114	229
14831	9	13	20	44	126	230
14832	9	13	21	46	113	231
14833	9	13	22	47	233	231
14834	9	13	23	48	233	232
14835	9	13	24	49	249	233
14836	9	13	25	50	253	234
14837	9	13	26	51	170	234
14838	9	13	27	52	85	235
14839	9	14	0	9	116	218
14840	9	14	1	10	147	218
14841	9	14	2	11	38	218
14842	9	14	3	12	254	218
14843	9	14	4	28	67	218
14844	9	14	5	29	108	219
14845	9	14	6	30	54	219
14846	9	14	7	31	18	220
14847	9	14	8	32	9	221
14848	9	14	9	33	3	221
14849	9	14	10	34	3	223
14850	9	14	11	35	129	223
14851	9	14	12	36	129	224
14852	9	14	13	37	150	224
14853	9	14	14	38	150	226
14854	9	14	15	39	50	226
14855	9	14	16	40	25	227
14856	9	14	17	41	94	228
14857	9	14	18	42	47	228
14858	9	14	19	43	187	229
14859	9	14	20	45	33	230
14860	9	14	21	44	9	231
14861	9	14	22	46	74	232
14862	9	14	23	47	98	232
14863	9	14	24	48	98	233
14864	9	14	25	49	204	234
14865	9	14	26	50	102	235
14866	9	15	0	13	127	218
14867	9	15	1	14	61	218
14868	9	15	2	15	191	218
14869	9	15	3	16	248	218
14870	9	15	4	26	35	218
14871	9	15	5	28	219	219
14872	9	15	6	29	73	220
14873	9	15	7	30	165	220
14874	9	15	8	31	55	221
14875	9	15	9	32	156	222
14876	9	15	10	33	52	222
14877	9	15	11	34	52	224
14878	9	15	12	35	180	224
14879	9	15	13	36	180	225
14880	9	15	14	37	30	225
14881	9	15	15	38	30	227
14882	9	15	16	39	10	227
14883	9	15	17	40	5	228
14884	9	15	18	41	173	229
14885	9	15	19	42	215	229
14886	9	15	20	43	243	230
14887	9	15	21	45	132	231
14888	9	15	22	44	162	232
14889	9	15	23	46	169	233
14890	9	15	24	47	71	233
14891	9	15	25	48	71	234
14892	9	16	0	17	191	218
14893	9	16	1	18	93	218
14894	9	16	2	19	124	218
14895	9	16	3	24	219	218
14896	9	16	4	27	99	218
14897	9	16	5	26	194	219
14898	9	16	6	28	198	220
14899	9	16	7	29	66	221
14900	9	16	8	30	33	221
14901	9	16	9	31	11	222
14902	9	16	10	32	134	223
14903	9	16	11	33	216	223
14904	9	16	12	34	216	225
14905	9	16	13	35	36	225
14906	9	16	14	36	36	226
14907	9	16	15	37	6	226
14908	9	16	16	38	6	228
14909	9	16	17	39	2	228
14910	9	16	18	40	1	229
14911	9	16	19	41	86	230
14912	9	16	20	42	43	230
14913	9	16	21	43	100	231
14914	9	16	22	45	144	232
14915	9	16	23	44	155	233
14916	9	16	24	46	188	234
14917	9	17	0	20	81	218
14918	9	17	1	21	150	218
14919	9	17	2	22	211	218
14920	9	17	3	25	238	218
14921	9	17	4	6	36	219
14922	9	17	5	27	115	219
14923	9	17	6	26	111	220
14924	9	17	7	28	91	221
14925	9	17	8	29	116	222
14926	9	17	9	30	58	222
14927	9	17	10	31	105	223
14928	9	17	11	32	181	224
14929	9	17	12	33	146	224
14930	9	17	13	34	146	226
14931	9	17	14	35	110	226
14932	9	17	15	36	110	227
14933	9	17	16	37	104	227
14934	9	17	17	38	104	229
14935	9	17	18	39	206	229
14936	9	17	19	40	103	230
14937	9	17	20	41	120	231
14938	9	17	21	42	60	231
14939	9	17	22	43	20	232
14940	9	17	23	45	114	233
14941	9	18	0	23	166	218
14942	9	18	1	7	17	219
14943	9	18	2	8	81	219
14944	9	18	3	9	235	219
14945	9	18	4	24	244	219
14946	9	18	5	25	212	219
14947	9	18	6	27	114	220
14948	9	18	7	26	41	221
14949	9	18	8	28	121	222
14950	9	18	9	29	126	223
14951	9	18	10	30	63	223
14952	9	18	11	31	21	224
14953	9	18	12	32	139	225
14954	9	18	13	33	132	225
14955	9	18	14	34	132	227
14956	9	18	15	35	22	227
14957	9	18	16	36	22	228
14958	9	18	17	37	175	228
14959	9	18	18	38	175	230
14960	9	18	19	39	144	230
14961	9	18	20	40	72	231
14962	9	18	21	41	24	232
14963	9	18	22	42	12	232
14964	9	19	0	10	175	219
14965	9	19	1	11	222	219
14966	9	19	2	12	78	219
14967	9	19	3	13	26	219
14968	9	19	4	23	203	219
14969	9	19	5	24	203	220
14970	9	19	6	25	248	220
14971	9	19	7	27	41	221
14972	9	19	8	26	241	222
14973	9	19	9	28	127	223
14974	9	19	10	29	128	224
14975	9	19	11	30	64	224
14976	9	19	12	31	107	225
14977	9	19	13	32	182	226
14978	9	19	14	33	232	226
14979	9	19	15	34	232	228
14980	9	19	16	35	210	228
14981	9	19	17	36	210	229
14982	9	19	18	37	35	229
14983	9	19	19	38	35	231
14984	9	19	20	39	183	231
14985	9	19	21	40	220	232
14986	9	20	0	14	139	219
14987	9	20	1	15	53	219
14988	9	20	2	16	127	219
14989	9	20	3	17	76	219
14990	9	20	4	22	19	219
14991	9	20	5	23	92	220
14992	9	20	6	24	92	221
14993	9	20	7	25	101	221
14994	9	20	8	27	238	222
14995	9	20	9	26	227	223
14996	9	20	10	28	231	224
14997	9	20	11	29	77	225
14998	9	20	12	30	167	225
14999	9	20	13	31	227	226
15000	9	20	14	32	242	227
15001	9	20	15	33	252	227
15002	9	20	16	34	252	229
15003	9	20	17	35	42	229
15004	9	20	18	36	42	230
15005	9	20	19	37	7	230
15006	9	20	20	38	7	232
15007	9	21	0	18	114	219
15008	9	21	1	19	38	219
15009	9	21	2	20	92	219
15010	9	21	3	21	202	219
15011	9	21	4	4	83	220
15012	9	21	5	22	158	220
15013	9	21	6	23	224	221
15014	9	21	7	24	224	222
15015	9	21	8	25	123	222
15016	9	21	9	27	73	223
15017	9	21	10	26	101	224
15018	9	21	11	28	149	225
15019	9	21	12	29	221	226
15020	9	21	13	30	239	226
15021	9	21	14	31	251	227
15022	9	21	15	32	254	228
15023	9	21	16	33	256	228
15024	9	21	17	34	256	230
15025	9	21	18	35	214	230
15026	9	21	19	36	214	231
15027	9	22	0	5	175	220
15028	9	22	1	6	117	220
15029	9	22	2	7	38	220
15030	9	22	3	8	13	220
15031	9	22	4	20	241	220
15032	9	22	5	21	166	220
15033	9	22	6	22	83	221
15034	9	22	7	23	199	222
15035	9	22	8	24	199	223
15036	9	22	9	25	76	223
15037	9	22	10	27	215	224
15038	9	22	11	26	27	225
15039	9	22	12	28	184	226
15040	9	22	13	29	147	227
15041	9	22	14	30	202	227
15042	9	22	15	31	153	228
15043	9	22	16	32	205	229
15044	9	22	17	33	154	229
15045	9	22	18	34	154	231
15046	9	23	0	9	9	220
15047	9	23	1	10	170	220
15048	9	23	2	11	83	220
15049	9	23	3	12	160	220
15050	9	23	4	19	45	220
15051	9	23	5	20	151	221
15052	9	23	6	21	136	221
15053	9	23	7	22	68	222
15054	9	23	8	23	194	223
15055	9	23	9	24	194	224
15056	9	23	10	25	118	224
15057	9	23	11	27	227	225
15058	9	23	12	26	203	226
15059	9	23	13	28	191	227
15060	9	23	14	29	235	228
15061	9	23	15	30	246	228
15062	9	23	16	31	82	229
15063	9	23	17	32	41	230
15064	9	24	0	13	28	220
15065	9	24	1	14	195	220
15066	9	24	2	16	229	220
15067	9	24	3	17	81	220
15068	9	24	4	18	27	220
15069	9	24	5	19	9	221
15070	9	24	6	20	133	222
15071	9	24	7	21	130	222
15072	9	24	8	22	65	223
15073	9	24	9	23	193	224
15074	9	24	10	24	193	225
15075	9	24	11	25	75	225
15076	9	24	12	27	185	226
15077	9	24	13	26	179	227
15078	9	24	14	28	141	228
15079	9	24	15	29	47	229
15080	9	24	16	30	152	229
15081	9	25	0	15	151	220
15082	9	25	1	4	79	221
15083	9	25	2	5	8	221
15084	9	25	3	6	13	221
15085	9	25	4	7	242	221
15086	9	25	5	18	211	221
15087	9	25	6	19	156	222
15088	9	25	7	20	78	223
15089	9	25	8	21	26	223
15090	9	25	9	22	13	224
15091	9	25	10	23	90	225
15092	9	25	11	24	90	226
15093	9	25	12	25	15	226
15094	9	25	13	27	178	227
15095	9	25	14	26	155	228
15096	9	25	15	28	131	229
15097	9	26	0	8	100	221
15098	9	26	1	9	77	221
15099	9	26	2	10	73	221
15100	9	26	3	14	157	221
15101	9	26	4	16	99	221
15102	9	26	5	17	145	221
15103	9	26	6	18	145	222
15104	9	26	7	19	134	223
15105	9	26	8	20	67	224
15106	9	26	9	21	108	224
15107	9	26	10	22	54	225
15108	9	26	11	23	18	226
15109	9	26	12	24	18	227
15110	9	26	13	25	3	227
15111	9	26	14	27	218	228
15112	9	27	0	11	22	221
15113	9	27	1	12	175	221
15114	9	27	2	13	144	221
15115	9	27	3	15	162	221
15116	9	27	4	3	139	222
15117	9	27	5	16	174	222
15118	9	27	6	17	29	222
15119	9	27	7	18	29	223
15120	9	27	8	19	181	224
15121	9	27	9	20	219	225
15122	9	27	10	21	73	225
15123	9	27	11	22	165	226
15124	9	27	12	23	55	227
15125	9	27	13	24	55	228
15126	9	28	0	4	137	222
15127	9	28	1	5	226	222
15128	9	28	2	6	240	222
15129	9	28	3	7	88	222
15130	9	28	4	8	250	222
15131	9	28	5	14	227	222
15132	9	28	6	16	189	223
15133	9	28	7	17	160	223
15134	9	28	8	18	160	224
15135	9	28	9	19	139	225
15136	9	28	10	20	198	226
15137	9	28	11	21	66	226
15138	9	28	12	22	33	227
15139	9	29	0	9	252	222
15140	9	29	1	10	42	222
15141	9	29	2	11	14	222
15142	9	29	3	12	88	222
15143	9	29	4	13	115	222
15144	9	29	5	15	45	222
15145	9	29	6	14	122	223
15146	9	29	7	16	192	224
15147	9	29	8	17	32	224
15148	9	29	9	18	32	225
15149	9	29	10	19	182	226
15150	9	29	11	20	91	227
15151	9	30	0	3	220	223
15152	9	30	1	4	83	223
15153	9	30	2	5	120	223
15154	9	30	3	6	15	223
15155	9	30	4	7	198	223
15156	9	30	5	8	84	223
15157	9	30	6	15	201	223
15158	9	30	7	14	64	224
15159	9	30	8	16	244	225
15160	9	30	9	17	212	225
15161	9	30	10	18	212	226
15162	9	31	0	9	150	223
15163	9	31	1	10	25	223
15164	9	31	2	11	94	223
15165	9	31	3	12	187	223
15166	9	31	4	13	148	223
15167	9	31	5	2	112	224
15168	9	31	6	3	177	224
15169	9	31	7	15	130	224
15170	9	31	8	14	158	225
15171	9	31	9	16	203	226
15172	9	32	0	4	6	224
15173	9	32	1	5	96	224
15174	9	32	2	6	154	224
15175	9	32	3	7	125	224
15176	9	32	4	8	173	224
15177	9	32	5	12	230	224
15178	9	32	6	13	248	224
15179	9	32	7	2	35	225
15180	9	32	8	15	229	225
15181	9	33	0	9	126	224
15182	9	33	1	10	21	224
15183	9	33	2	11	7	224
15184	9	33	3	3	30	225
15185	9	33	4	4	150	225
15186	9	33	5	5	201	225
15187	9	33	6	12	46	225
15188	9	33	7	13	101	225
15189	9	34	0	6	150	225
15190	9	34	1	7	92	225
15191	9	34	2	8	178	225
15192	9	34	3	10	188	225
15193	9	34	4	11	234	225
15194	9	34	5	1	181	226
15195	9	34	6	2	168	226
15196	9	35	0	9	75	225
15197	9	35	1	3	190	226
15198	9	35	2	4	55	226
15199	9	35	3	5	100	226
15200	9	35	4	6	184	226
15201	9	35	5	8	59	226
15202	9	36	0	7	237	226
15203	9	36	1	9	178	226
15204	9	36	2	10	223	226
15205	9	36	3	11	9	226
15206	9	36	4	12	135	226
15207	9	37	0	13	129	226
15208	9	37	1	14	114	226
15209	9	37	2	15	4	226
15210	9	37	3	17	90	226
15211	9	38	0	1	195	227
15212	9	38	1	2	27	227
15213	9	38	2	3	14	227
15214	9	39	0	4	197	227
15215	9	39	1	5	173	227
15216	9	40	0	6	134	227
15217	10	0	0	79	218	243
15218	10	0	1	80	109	244
15219	10	0	2	81	122	244
15220	10	0	3	82	61	245
15221	10	0	4	83	106	246
15222	10	0	5	84	106	247
15223	10	0	6	85	189	247
15224	10	0	7	87	115	248
15225	10	0	8	86	184	249
15226	10	0	9	88	160	250
15227	10	0	10	89	139	251
15228	10	0	11	90	198	251
15229	10	0	12	91	66	252
15230	10	0	13	92	33	253
15231	10	0	14	93	11	253
15232	10	0	15	94	11	255
15233	10	0	16	95	216	255
15234	10	0	17	96	216	256
15235	10	0	18	97	36	256
15236	10	0	19	98	36	258
15237	10	0	20	99	12	258
15238	10	0	21	100	6	259
15239	10	0	22	101	2	260
15240	10	0	23	102	1	260
15241	10	0	24	103	86	261
15242	10	0	25	105	150	262
15243	10	0	26	104	114	263
15244	10	0	27	106	100	264
15245	10	0	28	107	188	264
15246	10	0	29	108	188	265
15247	10	0	30	109	234	266
15248	10	0	31	110	117	267
15249	10	0	32	111	39	267
15250	10	0	33	112	148	268
15251	10	0	34	113	135	269
15252	10	0	35	114	135	270
15253	10	0	36	115	151	270
15254	10	0	37	117	33	271
15255	10	0	38	116	234	272
15256	10	0	39	118	68	273
15257	10	0	40	119	194	274
15258	10	0	41	120	97	274
15259	10	0	42	121	118	275
15260	10	0	43	122	59	276
15261	10	0	44	123	191	276
15262	10	0	45	124	191	278
15263	10	1	0	77	220	242
15264	10	1	1	78	220	243
15265	10	1	2	79	159	244
15266	10	1	3	80	208	245
15267	10	1	4	81	155	245
15268	10	1	5	82	206	246
15269	10	1	6	83	240	247
15270	10	1	7	84	240	248
15271	10	1	8	85	40	248
15272	10	1	9	87	46	249
15273	10	1	10	86	24	250
15274	10	1	11	88	178	251
15275	10	1	12	89	145	252
15276	10	1	13	90	201	252
15277	10	1	14	91	67	253
15278	10	1	15	92	162	254
15279	10	1	16	93	54	254
15280	10	1	17	94	54	256
15281	10	1	18	95	9	256
15282	10	1	19	96	9	257
15283	10	1	20	97	130	257
15284	10	1	21	98	130	259
15285	10	1	22	99	129	259
15286	10	1	23	100	193	260
15287	10	1	24	101	150	261
15288	10	1	25	102	75	261
15289	10	1	26	103	25	262
15290	10	1	27	105	202	263
15291	10	1	28	104	255	264
15292	10	1	29	106	47	265
15293	10	1	30	107	222	265
15294	10	1	31	108	222	266
15295	10	1	32	109	74	267
15296	10	1	33	110	37	268
15297	10	1	34	111	98	268
15298	10	1	35	112	49	269
15299	10	1	36	113	102	270
15300	10	1	37	114	102	271
15301	10	1	38	115	17	271
15302	10	1	39	117	236	272
15303	10	1	40	116	90	273
15304	10	1	41	118	217	274
15305	10	1	42	119	158	275
15306	10	1	43	120	79	275
15307	10	1	44	121	112	276
15308	10	2	0	74	61	242
15309	10	2	1	76	55	243
15310	10	2	2	77	52	243
15311	10	2	3	78	52	244
15312	10	2	4	79	103	245
15313	10	2	5	80	180	246
15314	10	2	6	81	60	246
15315	10	2	7	82	30	247
15316	10	2	8	83	10	248
15317	10	2	9	84	10	249
15318	10	2	10	85	173	249
15319	10	2	11	87	212	250
15320	10	2	12	86	9	251
15321	10	2	13	88	243	252
15322	10	2	14	89	81	253
15323	10	2	15	90	169	253
15324	10	2	16	91	142	254
15325	10	2	17	92	71	255
15326	10	2	18	93	195	255
15327	10	2	19	94	195	257
15328	10	2	20	95	161	257
15329	10	2	21	96	161	258
15330	10	2	22	97	241	258
15331	10	2	23	98	241	260
15332	10	2	24	99	166	260
15333	10	2	25	100	83	261
15334	10	2	26	101	199	262
15335	10	2	27	102	228	262
15336	10	2	28	103	76	263
15337	10	2	29	105	212	264
15338	10	2	30	104	128	265
15339	10	2	31	106	184	266
15340	10	2	32	107	202	266
15341	10	2	33	108	202	267
15342	10	2	34	109	153	268
15343	10	2	35	110	205	269
15344	10	2	36	111	154	269
15345	10	2	37	112	77	270
15346	10	2	38	113	197	271
15347	10	2	39	114	197	272
15348	10	2	40	115	247	272
15349	10	2	41	117	120	273
15350	10	2	42	116	7	274
15351	10	2	43	118	84	275
15352	10	3	0	73	78	241
15353	10	3	1	75	178	242
15354	10	3	2	74	182	243
15355	10	3	3	76	13	244
15356	10	3	4	77	45	244
15357	10	3	5	78	45	245
15358	10	3	6	79	15	246
15359	10	3	7	80	136	247
15360	10	3	8	81	131	247
15361	10	3	9	82	194	248
15362	10	3	10	83	236	249
15363	10	3	11	84	236	250
15364	10	3	12	85	125	250
15365	10	3	13	87	238	251
15366	10	3	14	86	234	252
15367	10	3	15	88	235	253
15368	10	3	16	89	164	254
15369	10	3	17	90	82	254
15370	10	3	18	91	113	255
15371	10	3	19	92	185	256
15372	10	3	20	93	233	256
15373	10	3	21	94	233	258
15374	10	3	22	95	253	258
15375	10	3	23	96	253	259
15376	10	3	24	97	85	259
15377	10	3	25	98	85	261
15378	10	3	26	99	114	261
15379	10	3	27	100	57	262
15380	10	3	28	101	19	263
15381	10	3	29	102	138	263
15382	10	3	30	103	46	264
15383	10	3	31	105	136	265
15384	10	3	32	104	170	266
15385	10	3	33	106	179	267
15386	10	3	34	107	244	267
15387	10	3	35	108	244	268
15388	10	3	36	109	167	269
15389	10	3	37	110	212	270
15390	10	3	38	111	242	270
15391	10	3	39	112	121	271
15392	10	3	40	113	126	272
15393	10	3	41	114	126	273
15394	10	3	42	115	21	273
15395	10	4	0	71	148	241
15396	10	4	1	72	74	241
15397	10	4	2	73	196	242
15398	10	4	3	75	174	243
15399	10	4	4	74	169	244
15400	10	4	5	76	204	245
15401	10	4	6	77	34	245
15402	10	4	7	78	34	246
15403	10	4	8	79	97	247
15404	10	4	9	80	177	248
15405	10	4	10	81	59	248
15406	10	4	11	82	158	249
15407	10	4	12	83	224	250
15408	10	4	13	84	224	251
15409	10	4	14	85	123	251
15410	10	4	15	87	214	252
15411	10	4	16	86	223	253
15412	10	4	17	88	149	254
15413	10	4	18	89	221	255
15414	10	4	19	90	239	255
15415	10	4	20	91	251	256
15416	10	4	21	92	254	257
15417	10	4	22	93	256	257
15418	10	4	23	94	256	259
15419	10	4	24	95	214	259
15420	10	4	25	96	214	260
15421	10	4	26	97	207	260
15422	10	4	27	98	207	262
15423	10	4	28	99	69	262
15424	10	4	29	100	163	263
15425	10	4	30	101	140	264
15426	10	4	31	102	70	264
15427	10	4	32	103	109	265
15428	10	4	33	105	77	266
15429	10	4	34	104	184	267
15430	10	4	35	106	61	268
15431	10	4	36	107	53	268
15432	10	4	37	108	53	269
15433	10	4	38	109	189	270
15434	10	4	39	110	223	271
15435	10	4	40	111	160	271
15436	10	4	41	112	80	272
15437	10	5	0	69	37	240
15438	10	5	1	70	147	241
15439	10	5	2	71	49	242
15440	10	5	3	72	153	242
15441	10	5	4	73	51	243
15442	10	5	5	75	165	244
15443	10	5	6	74	224	245
15444	10	5	7	76	137	246
15445	10	5	8	77	237	246
15446	10	5	9	78	237	247
15447	10	5	10	79	79	248
15448	10	5	11	80	168	249
15449	10	5	12	81	56	249
15450	10	5	13	82	28	250
15451	10	5	14	83	95	251
15452	10	5	15	84	95	252
15453	10	5	16	85	230	252
15454	10	5	17	87	195	253
15455	10	5	18	86	203	254
15456	10	5	19	88	124	255
15457	10	5	20	89	127	256
15458	10	5	21	90	192	256
15459	10	5	22	91	64	257
15460	10	5	23	92	32	258
15461	10	5	24	93	182	258
15462	10	5	25	94	182	260
15463	10	5	26	95	116	260
15464	10	5	27	96	116	261
15465	10	5	28	97	105	261
15466	10	5	29	98	105	263
15467	10	5	30	99	35	263
15468	10	5	31	100	146	264
15469	10	5	32	101	220	265
15470	10	5	33	102	110	265
15471	10	5	34	103	208	266
15472	10	5	35	105	74	267
15473	10	5	36	104	60	268
15474	10	5	37	106	206	269
15475	10	5	38	107	120	269
15476	10	5	39	108	120	270
15477	10	5	40	109	40	271
15478	10	6	0	67	101	239
15479	10	6	1	68	101	241
15480	10	6	2	69	205	241
15481	10	6	3	70	231	242
15482	10	6	4	71	77	243
15483	10	6	5	72	167	243
15484	10	6	6	73	227	244
15485	10	6	7	75	241	245
15486	10	6	8	74	170	246
15487	10	6	9	76	252	247
15488	10	6	10	77	42	247
15489	10	6	11	78	42	248
15490	10	6	12	79	14	249
15491	10	6	13	80	7	250
15492	10	6	14	81	88	250
15493	10	6	15	82	44	251
15494	10	6	16	83	186	252
15495	10	6	17	84	186	253
15496	10	6	18	85	31	253
15497	10	6	19	87	247	254
15498	10	6	20	86	46	255
15499	10	6	21	88	48	256
15500	10	6	22	89	16	257
15501	10	6	23	90	8	257
15502	10	6	24	91	174	258
15503	10	6	25	92	87	259
15504	10	6	26	93	29	259
15505	10	6	27	94	29	261
15506	10	6	28	95	219	261
15507	10	6	29	96	219	262
15508	10	6	30	97	165	262
15509	10	6	31	98	165	264
15510	10	6	32	99	55	264
15511	10	6	33	100	156	265
15512	10	6	34	101	52	266
15513	10	6	35	102	26	266
15514	10	6	36	103	180	267
15515	10	6	37	105	226	268
15516	10	6	38	104	83	269
15517	10	6	39	106	30	270
15518	10	7	0	65	218	239
15519	10	7	1	66	218	240
15520	10	7	2	67	122	240
15521	10	7	3	68	122	242
15522	10	7	4	69	212	242
15523	10	7	5	70	106	243
15524	10	7	6	71	121	244
15525	10	7	7	72	189	244
15526	10	7	8	73	63	245
15527	10	7	9	75	72	246
15528	10	7	10	74	39	247
15529	10	7	11	76	139	248
15530	10	7	12	77	66	248
15531	10	7	13	78	66	249
15532	10	7	14	79	22	250
15533	10	7	15	80	11	251
15534	10	7	16	81	175	251
15535	10	7	17	82	216	252
15536	10	7	18	83	72	253
15537	10	7	19	84	72	254
15538	10	7	20	85	12	254
15539	10	7	21	87	43	255
15540	10	7	22	86	113	256
15541	10	7	23	88	2	257
15542	10	7	24	89	172	258
15543	10	7	25	90	86	258
15544	10	7	26	91	200	259
15545	10	7	27	92	100	260
15546	10	7	28	93	119	260
15547	10	7	29	94	119	262
15548	10	7	30	95	234	262
15549	10	7	31	96	234	263
15550	10	7	32	97	39	263
15551	10	7	33	98	39	265
15552	10	7	34	99	13	265
15553	10	7	35	100	135	266
15554	10	7	36	101	45	267
15555	10	7	37	102	151	267
15556	10	7	38	103	136	268
15557	10	8	0	63	183	238
15558	10	8	1	64	183	240
15559	10	8	2	65	159	240
15560	10	8	3	66	159	241
15561	10	8	4	67	155	241
15562	10	8	5	68	155	243
15563	10	8	6	69	223	243
15564	10	8	7	70	240	244
15565	10	8	8	71	80	245
15566	10	8	9	72	40	245
15567	10	8	10	73	99	246
15568	10	8	11	75	56	247
15569	10	8	12	74	198	248
15570	10	8	13	76	145	249
15571	10	8	14	77	67	249
15572	10	8	15	78	67	250
15573	10	8	16	79	108	251
15574	10	8	17	80	54	252
15575	10	8	18	81	18	252
15576	10	8	19	82	9	253
15577	10	8	20	83	3	254
15578	10	8	21	84	3	255
15579	10	8	22	85	129	255
15580	10	8	23	87	249	256
15581	10	8	24	86	170	257
15582	10	8	25	88	150	258
15583	10	8	26	89	50	259
15584	10	8	27	90	25	259
15585	10	8	28	91	94	260
15586	10	8	29	92	47	261
15587	10	8	30	93	187	261
15588	10	8	31	94	187	263
15589	10	8	32	95	74	263
15590	10	8	33	96	74	264
15591	10	8	34	97	98	264
15592	10	8	35	98	98	266
15593	10	8	36	99	204	266
15594	10	8	37	100	102	267
15595	10	9	0	61	110	238
15596	10	9	1	62	55	239
15597	10	9	2	63	104	239
15598	10	9	3	64	104	241
15599	10	9	4	65	103	241
15600	10	9	5	66	103	242
15601	10	9	6	67	60	242
15602	10	9	7	68	60	244
15603	10	9	8	69	20	244
15604	10	9	9	70	10	245
15605	10	9	10	71	89	246
15606	10	9	11	72	173	246
15607	10	9	12	73	229	247
15608	10	9	13	75	208	248
15609	10	9	14	74	174	249
15610	10	9	15	76	81	250
15611	10	9	16	77	142	250
15612	10	9	17	78	142	251
15613	10	9	18	79	133	252
15614	10	9	19	80	195	253
15615	10	9	20	81	65	253
15616	10	9	21	82	161	254
15617	10	9	22	83	225	255
15618	10	9	23	84	225	256
15619	10	9	24	85	166	256
15620	10	9	25	87	47	257
15621	10	9	26	86	8	258
15622	10	9	27	88	199	259
15623	10	9	28	89	152	260
15624	10	9	29	90	76	260
15625	10	9	30	91	111	261
15626	10	9	31	92	184	262
15627	10	9	32	93	147	262
15628	10	9	33	94	147	264
15629	10	9	34	95	153	264
15630	10	9	35	96	153	265
15631	10	9	36	97	154	265
15632	10	10	0	59	156	238
15633	10	10	1	60	78	238
15634	10	10	2	61	26	239
15635	10	10	3	62	13	240
15636	10	10	4	63	90	240
15637	10	10	5	64	90	242
15638	10	10	6	65	15	242
15639	10	10	7	66	15	243
15640	10	10	8	67	131	243
15641	10	10	9	68	131	245
15642	10	10	10	69	215	245
15643	10	10	11	70	236	246
15644	10	10	12	71	250	247
15645	10	10	13	72	125	247
15646	10	10	14	73	213	248
15647	10	10	15	75	185	249
15648	10	10	16	74	14	250
15649	10	10	17	76	164	251
15650	10	10	18	77	113	251
15651	10	10	19	78	113	252
15652	10	10	20	79	209	253
15653	10	10	21	80	233	254
15654	10	10	22	81	249	254
15655	10	10	23	82	253	255
15656	10	10	24	83	170	256
15657	10	10	25	84	170	257
15658	10	10	26	85	114	257
15659	10	10	27	87	136	258
15660	10	10	28	86	71	259
15661	10	10	29	88	19	260
15662	10	10	30	89	92	261
15663	10	10	31	90	46	261
15664	10	10	32	91	101	262
15665	10	10	33	92	179	263
15666	10	10	34	93	231	263
15667	10	10	35	94	231	265
15668	10	11	0	56	31	237
15669	10	11	1	58	148	238
15670	10	11	2	59	135	239
15671	10	11	3	60	196	239
15672	10	11	4	61	151	240
15673	10	11	5	62	204	241
15674	10	11	6	63	68	241
15675	10	11	7	64	68	243
15676	10	11	8	65	97	243
15677	10	11	9	66	97	244
15678	10	11	10	67	59	244
15679	10	11	11	68	59	246
15680	10	11	12	69	191	246
15681	10	11	13	70	224	247
15682	10	11	14	71	246	248
15683	10	11	15	72	123	248
15684	10	11	16	73	41	249
15685	10	11	17	75	115	250
15686	10	11	18	74	62	251
15687	10	11	19	76	221	252
15688	10	11	20	77	251	252
15689	10	11	21	78	251	253
15690	10	11	22	79	255	254
15691	10	11	23	80	256	255
15692	10	11	24	81	171	255
15693	10	11	25	82	214	256
15694	10	11	26	83	157	257
15695	10	11	27	84	157	258
15696	10	11	28	85	69	258
15697	10	11	29	87	175	259
15698	10	11	30	86	99	260
15699	10	11	31	88	140	261
15700	10	11	32	89	218	262
15701	10	11	33	90	109	262
15702	10	11	34	91	122	263
15703	10	12	0	55	37	236
15704	10	12	1	57	238	237
15705	10	12	2	56	136	238
15706	10	12	3	58	49	239
15707	10	12	4	59	102	240
15708	10	12	5	60	51	240
15709	10	12	6	61	17	241
15710	10	12	7	62	137	242
15711	10	12	8	63	217	242
15712	10	12	9	64	217	244
15713	10	12	10	65	79	244
15714	10	12	11	66	79	245
15715	10	12	12	67	56	245
15716	10	12	13	68	56	247
15717	10	12	14	69	190	247
15718	10	12	15	70	95	248
15719	10	12	16	71	203	249
15720	10	12	17	72	230	249
15721	10	12	18	73	248	250
15722	10	12	19	75	256	251
15723	10	12	20	74	142	252
15724	10	12	21	76	127	253
15725	10	12	22	77	64	253
15726	10	12	23	78	64	254
15727	10	12	24	79	107	255
15728	10	12	25	80	182	256
15729	10	12	26	81	232	256
15730	10	12	27	82	116	257
15731	10	12	28	83	210	258
15732	10	12	29	84	210	259
15733	10	12	30	85	35	259
15734	10	12	31	87	125	260
15735	10	12	32	86	144	261
15736	10	12	33	88	220	262
15737	10	13	0	53	202	236
15738	10	13	1	54	202	237
15739	10	13	2	55	205	237
15740	10	13	3	57	193	238
15741	10	13	4	56	82	239
15742	10	13	5	58	77	240
15743	10	13	6	59	197	241
15744	10	13	7	60	227	241
15745	10	13	8	61	247	242
15746	10	13	9	62	252	243
15747	10	13	10	63	84	243
15748	10	13	11	64	84	245
15749	10	13	12	65	14	245
15750	10	13	13	66	14	246
15751	10	13	14	67	88	246
15752	10	13	15	68	88	248
15753	10	13	16	69	115	248
15754	10	13	17	70	186	249
15755	10	13	18	71	62	250
15756	10	13	19	72	31	250
15757	10	13	20	73	96	251
15758	10	13	21	75	101	252
15759	10	13	22	74	168	253
15760	10	13	23	76	16	254
15761	10	13	24	77	174	254
15762	10	13	25	78	174	255
15763	10	13	26	79	58	256
15764	10	13	27	80	29	257
15765	10	13	28	81	181	257
15766	10	13	29	82	219	258
15767	10	13	30	83	73	259
15768	10	13	31	84	73	260
15769	10	13	32	85	55	260
15770	10	14	0	51	179	235
15771	10	14	1	52	218	236
15772	10	14	2	53	244	237
15773	10	14	3	54	244	238
15774	10	14	4	55	212	238
15775	10	14	5	57	129	239
15776	10	14	6	56	96	240
15777	10	14	7	58	121	241
15778	10	14	8	59	126	242
15779	10	14	9	60	63	242
15780	10	14	10	61	21	243
15781	10	14	11	62	139	244
15782	10	14	12	63	132	244
15783	10	14	13	64	132	246
15784	10	14	14	65	22	246
15785	10	14	15	66	22	247
15786	10	14	16	67	175	247
15787	10	14	17	68	175	249
15788	10	14	18	69	144	249
15789	10	14	19	70	72	250
15790	10	14	20	71	24	251
15791	10	14	21	72	12	251
15792	10	14	22	73	4	252
15793	10	14	23	75	215	253
15794	10	14	24	74	151	254
15795	10	14	25	76	172	255
15796	10	14	26	77	200	255
15797	10	14	27	78	200	256
15798	10	14	28	79	238	257
15799	10	14	29	80	119	258
15800	10	14	30	81	211	258
15801	10	14	31	82	234	259
15802	10	15	0	49	109	235
15803	10	15	1	50	183	236
15804	10	15	2	51	61	236
15805	10	15	3	52	159	237
15806	10	15	4	53	53	238
15807	10	15	5	54	53	239
15808	10	15	6	55	223	239
15809	10	15	7	57	18	240
15810	10	15	8	56	94	241
15811	10	15	9	58	80	242
15812	10	15	10	59	198	243
15813	10	15	11	60	99	243
15814	10	15	12	61	33	244
15815	10	15	13	62	145	245
15816	10	15	14	63	134	245
15817	10	15	15	64	134	247
15818	10	15	16	65	108	247
15819	10	15	17	66	108	248
15820	10	15	18	67	18	248
15821	10	15	19	68	18	250
15822	10	15	20	69	6	250
15823	10	15	21	70	3	251
15824	10	15	22	71	1	252
15825	10	15	23	72	129	252
15826	10	15	24	73	43	253
15827	10	15	25	75	227	254
15828	10	15	26	74	243	255
15829	10	15	27	76	50	256
15830	10	15	28	77	94	256
15831	10	15	29	78	94	257
15832	10	15	30	79	117	258
15833	10	16	0	47	110	234
15834	10	16	1	48	110	235
15835	10	16	2	49	208	236
15836	10	16	3	50	104	237
15837	10	16	4	51	206	237
15838	10	16	5	52	103	238
15839	10	16	6	53	120	239
15840	10	16	7	54	120	240
15841	10	16	8	55	20	240
15842	10	16	9	57	16	241
15843	10	16	10	56	210	242
15844	10	16	11	58	89	243
15845	10	16	12	59	201	244
15846	10	16	13	60	229	244
15847	10	16	14	61	162	245
15848	10	16	15	62	81	246
15849	10	16	16	63	27	246
15850	10	16	17	64	27	248
15851	10	16	18	65	133	248
15852	10	16	19	66	133	249
15853	10	16	20	67	65	249
15854	10	16	21	68	65	251
15855	10	16	22	69	193	251
15856	10	16	23	70	225	252
15857	10	16	24	71	75	253
15858	10	16	25	72	166	253
15859	10	16	26	73	141	254
15860	10	16	27	75	193	255
15861	10	16	28	74	110	256
15862	10	16	29	76	152	257
15863	10	17	0	44	162	234
15864	10	17	1	46	156	235
15865	10	17	2	47	26	235
15866	10	17	3	48	26	236
15867	10	17	4	49	180	237
15868	10	17	5	50	90	238
15869	10	17	6	51	30	238
15870	10	17	7	52	15	239
15871	10	17	8	53	5	240
15872	10	17	9	54	5	241
15873	10	17	10	55	215	241
15874	10	17	11	57	95	242
15875	10	17	12	56	97	243
15876	10	17	13	58	250	244
15877	10	17	14	59	169	245
15878	10	17	15	60	213	245
15879	10	17	16	61	71	246
15880	10	17	17	62	164	247
15881	10	17	18	63	226	247
15882	10	17	19	64	226	249
15883	10	17	20	65	209	249
15884	10	17	21	66	209	250
15885	10	17	22	67	249	250
15886	10	17	23	68	249	252
15887	10	17	24	69	83	252
15888	10	17	25	70	170	253
15889	10	17	26	71	228	254
15890	10	17	27	72	114	254
15891	10	17	28	73	38	255
15892	10	18	0	43	39	233
15893	10	18	1	45	191	234
15894	10	18	2	44	255	235
15895	10	18	3	46	135	236
15896	10	18	4	47	151	236
15897	10	18	5	48	151	237
15898	10	18	6	49	136	238
15899	10	18	7	50	68	239
15900	10	18	8	51	194	239
15901	10	18	9	52	97	240
15902	10	18	10	53	118	241
15903	10	18	11	54	118	242
15904	10	18	12	55	191	242
15905	10	18	13	57	65	243
15906	10	18	14	56	60	244
15907	10	18	15	58	246	245
15908	10	18	16	59	82	246
15909	10	18	17	60	41	246
15910	10	18	18	61	185	247
15911	10	18	19	62	221	248
15912	10	18	20	63	245	248
15913	10	18	21	64	245	250
15914	10	18	22	65	255	250
15915	10	18	23	66	255	251
15916	10	18	24	67	171	251
15917	10	18	25	68	171	253
15918	10	18	26	69	57	253
15919	10	18	27	70	157	254
15920	10	19	0	41	74	233
15921	10	19	1	42	37	233
15922	10	19	2	43	98	234
15923	10	19	3	45	27	235
15924	10	19	4	44	1	236
15925	10	19	5	46	102	237
15926	10	19	6	47	17	237
15927	10	19	7	48	17	238
15928	10	19	8	49	177	239
15929	10	19	9	50	217	240
15930	10	19	10	51	158	240
15931	10	19	11	52	79	241
15932	10	19	12	53	112	242
15933	10	19	13	54	112	243
15934	10	19	14	55	190	243
15935	10	19	15	57	169	244
15936	10	19	16	56	82	245
15937	10	19	17	58	203	246
15938	10	19	18	59	239	247
15939	10	19	19	60	248	247
15940	10	19	20	61	254	248
15941	10	19	21	62	127	249
15942	10	19	22	63	128	249
15943	10	19	23	64	128	251
15944	10	19	24	65	107	251
15945	10	19	25	66	107	252
15946	10	19	26	67	232	252
15947	10	20	0	39	147	232
15948	10	20	1	40	202	233
15949	10	20	2	41	153	234
15950	10	20	3	42	205	234
15951	10	20	4	43	154	235
15952	10	20	5	45	80	236
15953	10	20	6	44	244	237
15954	10	20	7	46	197	238
15955	10	20	8	47	247	238
15956	10	20	9	48	247	239
15957	10	20	10	49	168	240
15958	10	20	11	50	84	241
15959	10	20	12	51	28	241
15960	10	20	13	52	14	242
15961	10	20	14	53	176	243
15962	10	20	15	54	176	244
15963	10	20	16	55	115	244
15964	10	20	17	57	250	245
15965	10	20	18	56	64	246
15966	10	20	19	58	62	247
15967	10	20	20	59	192	248
15968	10	20	21	60	96	248
15969	10	20	22	61	32	249
15970	10	20	23	62	16	250
15971	10	20	24	63	91	250
15972	10	20	25	64	91	252
15973	10	21	0	37	179	231
15974	10	21	1	38	179	233
15975	10	21	2	39	231	233
15976	10	21	3	40	244	234
15977	10	21	4	41	167	235
15978	10	21	5	42	212	235
15979	10	21	6	43	242	236
15980	10	21	7	45	190	237
15981	10	21	8	44	37	238
15982	10	21	9	46	126	239
15983	10	21	10	47	21	239
15984	10	21	11	48	21	240
15985	10	21	12	49	7	241
15986	10	21	13	50	132	242
15987	10	21	14	51	44	242
15988	10	21	15	52	22	243
15989	10	21	16	53	93	244
15990	10	21	17	54	93	245
15991	10	21	18	55	144	245
15992	10	21	19	57	253	246
15993	10	21	20	56	93	247
15994	10	21	21	58	24	248
15995	10	21	22	59	8	249
15996	10	21	23	60	4	249
15997	10	21	24	61	87	250
15998	10	22	0	35	109	231
15999	10	22	1	36	109	232
16000	10	22	2	37	61	232
16001	10	22	3	38	61	234
16002	10	22	4	39	106	234
16003	10	22	5	40	53	235
16004	10	22	6	41	189	236
16005	10	22	7	42	223	236
16006	10	22	8	43	160	237
16007	10	22	9	45	237	238
16008	10	22	10	44	42	239
16009	10	22	11	46	198	240
16010	10	22	12	47	33	240
16011	10	22	13	48	33	241
16012	10	22	14	49	11	242
16013	10	22	15	50	134	243
16014	10	22	16	51	216	243
16015	10	22	17	52	108	244
16016	10	22	18	53	36	245
16017	10	22	19	54	36	246
16018	10	22	20	55	6	246
16019	10	22	21	57	225	247
16020	10	22	22	56	209	248
16021	10	22	23	58	1	249
16022	10	23	0	33	220	230
16023	10	23	1	34	220	232
16024	10	23	2	35	208	232
16025	10	23	3	36	208	233
16026	10	23	4	37	206	233
16027	10	23	5	38	206	235
16028	10	23	6	39	240	235
16029	10	23	7	40	120	236
16030	10	23	8	41	40	237
16031	10	23	9	42	20	237
16032	10	23	10	43	178	238
16033	10	23	11	45	197	239
16034	10	23	12	44	108	240
16035	10	23	13	46	201	241
16036	10	23	14	47	162	241
16037	10	23	15	48	162	242
16038	10	23	16	49	54	243
16039	10	23	17	50	27	244
16040	10	23	18	51	9	244
16041	10	23	19	52	133	245
16042	10	23	20	53	130	246
16043	10	23	21	54	130	247
16044	10	23	22	55	193	247
16045	10	24	0	31	55	230
16046	10	24	1	32	156	231
16047	10	24	2	33	52	231
16048	10	24	3	34	52	233
16049	10	24	4	35	180	233
16050	10	24	5	36	180	234
16051	10	24	6	37	30	234
16052	10	24	7	38	30	236
16053	10	24	8	39	10	236
16054	10	24	9	40	5	237
16055	10	24	10	41	173	238
16056	10	24	11	42	215	238
16057	10	24	12	43	243	239
16058	10	24	13	45	186	240
16059	10	24	14	44	173	241
16060	10	24	15	46	169	242
16061	10	24	16	47	71	242
16062	10	24	17	48	71	243
16063	10	24	18	49	195	244
16064	10	24	19	50	226	245
16065	10	24	20	51	161	245
16066	10	24	21	52	209	246
16067	10	25	0	29	78	230
16068	10	25	1	30	39	230
16069	10	25	2	31	13	231
16070	10	25	3	32	135	232
16071	10	25	4	33	45	232
16072	10	25	5	34	45	234
16073	10	25	6	35	136	234
16074	10	25	7	36	136	235
16075	10	25	8	37	194	235
16076	10	25	9	38	194	237
16077	10	25	10	39	236	237
16078	10	25	11	40	118	238
16079	10	25	12	41	125	239
16080	10	25	13	42	191	239
16081	10	25	14	43	235	240
16082	10	25	15	45	203	241
16083	10	25	16	44	176	242
16084	10	25	17	46	82	243
16085	10	25	18	47	185	243
16086	10	25	19	48	185	244
16087	10	25	20	49	233	245
16088	10	26	0	26	65	229
16089	10	26	1	28	74	230
16090	10	26	2	29	196	231
16091	10	26	3	30	98	231
16092	10	26	4	31	204	232
16093	10	26	5	32	102	233
16094	10	26	6	33	34	233
16095	10	26	7	34	34	235
16096	10	26	8	35	177	235
16097	10	26	9	36	177	236
16098	10	26	10	37	158	236
16099	10	26	11	38	158	238
16100	10	26	12	39	224	238
16101	10	26	13	40	112	239
16102	10	26	14	41	123	240
16103	10	26	15	42	190	240
16104	10	26	16	43	149	241
16105	10	26	17	45	121	242
16106	10	26	18	44	105	243
16107	10	26	19	46	239	244
16108	10	27	0	25	147	228
16109	10	27	1	27	29	229
16110	10	27	2	26	217	230
16111	10	27	3	28	153	231
16112	10	27	4	29	51	232
16113	10	27	5	30	154	232
16114	10	27	6	31	137	233
16115	10	27	7	32	197	234
16116	10	27	8	33	237	234
16117	10	27	9	34	237	236
16118	10	27	10	35	168	236
16119	10	27	11	36	168	237
16120	10	27	12	37	28	237
16121	10	27	13	38	28	239
16122	10	27	14	39	95	239
16123	10	27	15	40	176	240
16124	10	27	16	41	230	241
16125	10	27	17	42	115	241
16126	10	27	18	43	124	242
16127	10	28	0	23	101	228
16128	10	28	1	24	101	229
16129	10	28	2	25	231	229
16130	10	28	3	27	157	230
16131	10	28	4	26	229	231
16132	10	28	5	28	167	232
16133	10	28	6	29	227	233
16134	10	28	7	30	242	233
16135	10	28	8	31	252	234
16136	10	28	9	32	126	235
16137	10	28	10	33	42	235
16138	10	28	11	34	42	237
16139	10	28	12	35	7	237
16140	10	28	13	36	7	238
16141	10	28	14	37	44	238
16142	10	28	15	38	44	240
16143	10	28	16	39	186	240
16144	10	28	17	40	93	241
16145	10	29	0	21	218	227
16146	10	29	1	22	109	228
16147	10	29	2	23	122	229
16148	10	29	3	24	122	230
16149	10	29	4	25	106	230
16150	10	29	5	27	233	231
16151	10	29	6	26	128	232
16152	10	29	7	28	189	233
16153	10	29	8	29	63	234
16154	10	29	9	30	160	234
16155	10	29	10	31	139	235
16156	10	29	11	32	198	236
16157	10	29	12	33	66	236
16158	10	29	13	34	66	238
16159	10	29	14	35	11	238
16160	10	29	15	36	11	239
16161	10	29	16	37	216	239
16162	10	30	0	19	183	227
16163	10	30	1	20	220	228
16164	10	30	2	21	159	228
16165	10	30	3	22	208	229
16166	10	30	4	23	155	230
16167	10	30	5	24	155	231
16168	10	30	6	25	240	231
16169	10	30	7	27	182	232
16170	10	30	8	26	128	233
16171	10	30	9	28	40	234
16172	10	30	10	29	99	235
16173	10	30	11	30	178	235
16174	10	30	12	31	145	236
16175	10	30	13	32	201	237
16176	10	30	14	33	67	237
16177	10	30	15	34	67	239
16178	10	31	0	7	213	227
16179	10	31	1	18	55	227
16180	10	31	2	19	104	228
16181	10	31	3	20	52	229
16182	10	31	4	21	103	229
16183	10	31	5	22	180	230
16184	10	31	6	23	60	231
16185	10	31	7	24	60	232
16186	10	31	8	25	10	232
16187	10	31	9	27	133	233
16188	10	31	10	26	101	234
16189	10	31	11	28	173	235
16190	10	31	12	29	229	236
16191	10	31	13	30	243	236
16192	10	31	14	31	81	237
16193	10	32	0	8	64	227
16194	10	32	1	16	78	227
16195	10	32	2	17	13	227
16196	10	32	3	18	13	228
16197	10	32	4	19	90	229
16198	10	32	5	20	45	230
16199	10	32	6	21	15	230
16200	10	32	7	22	136	231
16201	10	32	8	23	131	232
16202	10	32	9	24	131	233
16203	10	32	10	25	236	233
16204	10	32	11	27	42	234
16205	10	32	12	26	191	235
16206	10	32	13	28	125	236
16207	10	33	0	9	249	227
16208	10	33	1	10	211	227
16209	10	33	2	14	216	227
16210	10	33	3	16	196	228
16211	10	33	4	17	204	228
16212	10	33	5	18	204	229
16213	10	33	6	19	68	230
16214	10	33	7	20	34	231
16215	10	33	8	21	97	231
16216	10	33	9	22	177	232
16217	10	33	10	23	59	233
16218	10	33	11	24	59	234
16219	10	33	12	25	224	234
16220	10	34	0	11	178	227
16221	10	34	1	12	238	227
16222	10	34	2	15	94	227
16223	10	34	3	0	248	228
16224	10	34	4	14	58	228
16225	10	34	5	16	51	229
16226	10	34	6	17	137	229
16227	10	34	7	18	137	230
16228	10	34	8	19	217	231
16229	10	34	9	20	237	232
16230	10	34	10	21	79	232
16231	10	34	11	22	168	233
16232	10	35	0	13	149	227
16233	10	35	1	1	125	228
16234	10	35	2	2	59	228
16235	10	35	3	3	177	228
16236	10	35	4	4	211	228
16237	10	35	5	15	103	228
16238	10	35	6	14	242	229
16239	10	35	7	16	227	230
16240	10	35	8	17	252	230
16241	10	35	9	18	252	231
16242	10	35	10	19	84	232
16243	10	36	0	5	161	228
16244	10	36	1	6	79	228
16245	10	36	2	7	196	228
16246	10	36	3	12	167	228
16247	10	36	4	13	227	228
16248	10	36	5	0	20	229
16249	10	36	6	1	153	229
16250	10	36	7	15	194	229
16251	10	36	8	14	121	230
16252	10	36	9	16	63	231
16253	10	37	0	8	61	228
16254	10	37	1	10	167	228
16255	10	37	2	11	227	228
16256	10	37	3	2	34	229
16257	10	37	4	3	232	229
16258	10	37	5	4	98	229
16259	10	37	6	12	68	229
16260	10	37	7	13	194	229
16261	10	37	8	0	159	230
16262	10	38	0	9	227	228
16263	10	38	1	5	104	229
16264	10	38	2	6	93	229
16265	10	38	3	8	136	229
16266	10	38	4	10	68	229
16267	10	38	5	11	194	229
16268	10	38	6	1	66	230
16269	10	38	7	2	160	230
16270	10	39	0	7	120	229
16271	10	39	1	9	20	229
16272	10	39	2	3	125	230
16273	10	39	3	4	97	230
16274	10	39	4	6	180	230
16275	10	39	5	8	189	230
16276	10	39	6	10	63	230
16277	10	40	0	5	34	230
16278	10	40	1	7	177	230
16279	10	40	2	9	158	230
16280	10	40	3	11	57	230
16281	10	40	4	12	113	230
16282	10	40	5	13	39	230
16283	10	41	0	15	14	230
16284	10	41	1	0	38	231
16285	10	41	2	1	215	231
16286	10	41	3	2	115	231
16287	10	41	4	3	146	231
16288	10	42	0	4	97	231
16289	10	42	1	5	249	231
16290	10	42	2	6	195	231
16291	10	42	3	7	193	231
16292	10	43	0	8	6	231
16293	10	43	1	9	34	231
16294	10	43	2	10	246	231
16295	10	44	0	11	199	231
16296	10	44	1	12	245	231
16297	10	45	0	14	206	231
16298	11	0	0	125	10	278
16299	11	0	1	126	10	279
16300	11	0	2	127	173	279
16301	11	0	3	128	173	281
16302	11	0	4	129	229	281
16303	11	0	5	130	243	282
16304	11	0	6	131	81	283
16305	11	0	7	132	169	283
16306	11	0	8	133	142	284
16307	11	0	9	135	132	285
16308	11	0	10	134	129	286
16309	11	0	11	136	195	287
16310	11	0	12	137	161	287
16311	11	0	13	138	161	288
16312	11	0	14	139	225	289
16313	11	0	15	140	241	290
16314	11	0	16	141	166	290
16315	11	0	17	142	83	291
16316	11	0	18	143	199	292
16317	11	0	19	144	199	293
16318	11	1	0	122	5	277
16319	11	1	1	123	173	277
16320	11	1	2	124	173	279
16321	11	1	3	125	243	279
16322	11	1	4	126	243	280
16323	11	1	5	127	169	280
16324	11	1	6	128	169	282
16325	11	1	7	129	142	282
16326	11	1	8	130	71	283
16327	11	1	9	131	195	284
16328	11	1	10	132	226	284
16329	11	1	11	133	161	285
16330	11	1	12	135	208	286
16331	11	1	13	134	131	287
16332	11	1	14	136	241	288
16333	11	1	15	137	83	288
16334	11	1	16	138	83	289
16335	11	1	17	139	199	290
16336	11	1	18	140	228	291
16337	11	2	0	119	173	276
16338	11	2	1	120	215	276
16339	11	2	2	121	243	277
16340	11	2	3	122	250	278
16341	11	2	4	123	169	278
16342	11	2	5	124	169	280
16343	11	2	6	125	71	280
16344	11	2	7	126	71	281
16345	11	2	8	127	226	281
16346	11	2	9	128	226	283
16347	11	2	10	129	161	283
16348	11	2	11	130	209	284
16349	11	2	12	131	241	285
16350	11	2	13	132	249	285
16351	11	2	14	133	83	286
16352	11	2	15	135	228	287
16353	11	2	16	134	174	288
16354	11	2	17	136	228	289
16355	11	2	18	137	38	289
16356	11	3	0	117	163	274
16357	11	3	1	116	25	275
16358	11	3	2	118	250	276
16359	11	3	3	119	169	277
16360	11	3	4	120	213	277
16361	11	3	5	121	71	278
16362	11	3	6	122	164	279
16363	11	3	7	123	226	279
16364	11	3	8	124	226	281
16365	11	3	9	125	209	281
16366	11	3	10	126	209	282
16367	11	3	11	127	249	282
16368	11	3	12	128	249	284
16369	11	3	13	129	83	284
16370	11	3	14	130	170	285
16371	11	3	15	131	228	286
16372	11	3	16	132	114	286
16373	11	3	17	133	38	287
16374	11	4	0	113	250	273
16375	11	4	1	114	250	274
16376	11	4	2	115	213	274
16377	11	4	3	117	166	275
16378	11	4	4	116	189	276
16379	11	4	5	118	164	277
16380	11	4	6	119	226	278
16381	11	4	7	120	113	278
16382	11	4	8	121	209	279
16383	11	4	9	122	233	280
16384	11	4	10	123	249	280
16385	11	4	11	124	249	282
16386	11	4	12	125	170	282
16387	11	4	13	126	170	283
16388	11	4	14	127	114	283
16389	11	4	15	128	114	285
16390	11	4	16	129	38	285
16391	11	4	17	130	19	286
16392	11	5	0	110	125	272
16393	11	5	1	111	213	272
16394	11	5	2	112	235	273
16395	11	5	3	113	164	274
16396	11	5	4	114	164	275
16397	11	5	5	115	113	275
16398	11	5	6	117	254	276
16399	11	5	7	116	124	277
16400	11	5	8	118	233	278
16401	11	5	9	119	249	279
16402	11	5	10	120	253	279
16403	11	5	11	121	170	280
16404	11	5	12	122	85	281
16405	11	5	13	123	114	281
16406	11	5	14	124	114	283
16407	11	5	15	125	19	283
16408	11	5	16	126	19	284
16409	11	6	0	107	235	270
16410	11	6	1	108	235	271
16411	11	6	2	109	164	272
16412	11	6	3	110	82	273
16413	11	6	4	111	113	273
16414	11	6	5	112	185	274
16415	11	6	6	113	233	275
16416	11	6	7	114	233	276
16417	11	6	8	115	253	276
16418	11	6	9	117	12	277
16419	11	6	10	116	114	278
16420	11	6	11	118	85	279
16421	11	6	12	119	114	280
16422	11	6	13	120	57	280
16423	11	6	14	121	19	281
16424	11	6	15	122	138	282
16425	11	6	16	123	46	282
16426	11	7	0	105	94	269
16427	11	7	1	104	52	270
16428	11	7	2	106	82	271
16429	11	7	3	107	185	271
16430	11	7	4	108	185	272
16431	11	7	5	109	233	273
16432	11	7	6	110	245	274
16433	11	7	7	111	253	274
16434	11	7	8	112	255	275
16435	11	7	9	113	85	276
16436	11	7	10	114	85	277
16437	11	7	11	115	57	277
16438	11	7	12	117	219	278
16439	11	7	13	116	207	279
16440	11	7	14	118	138	280
16441	11	7	15	119	46	281
16442	11	8	0	101	82	268
16443	11	8	1	102	41	268
16444	11	8	2	103	185	269
16445	11	8	3	105	163	270
16446	11	8	4	104	42	271
16447	11	8	5	106	245	272
16448	11	8	6	107	255	272
16449	11	8	7	108	255	273
16450	11	8	8	109	85	274
16451	11	8	9	110	171	275
16452	11	8	10	111	57	275
16453	11	8	11	112	157	276
16454	11	8	12	113	138	277
16455	11	8	13	114	138	278
16456	11	8	14	115	23	278
16457	11	8	15	117	124	279
16458	11	9	0	98	41	267
16459	11	9	1	99	185	267
16460	11	9	2	100	221	268
16461	11	9	3	101	245	269
16462	11	9	4	102	251	269
16463	11	9	5	103	255	270
16464	11	9	6	105	7	271
16465	11	9	7	104	159	272
16466	11	9	8	106	171	273
16467	11	9	9	107	157	273
16468	11	9	10	108	157	274
16469	11	9	11	109	138	275
16470	11	9	12	110	69	276
16471	11	9	13	111	23	276
16472	11	9	14	112	140	277
16473	11	10	0	95	221	265
16474	11	10	1	96	221	266
16475	11	10	2	97	251	266
16476	11	10	3	98	251	268
16477	11	10	4	99	255	268
16478	11	10	5	100	256	269
16479	11	10	6	101	171	270
16480	11	10	7	102	214	270
16481	11	10	8	103	157	271
16482	11	10	9	105	31	272
16483	11	10	10	104	206	273
16484	11	10	11	106	69	274
16485	11	10	12	107	140	274
16486	11	10	13	108	140	275
16487	11	10	14	109	218	276
16488	11	11	0	92	239	264
16489	11	11	1	93	251	264
16490	11	11	2	94	251	266
16491	11	11	3	95	256	266
16492	11	11	4	96	256	267
16493	11	11	5	97	214	267
16494	11	11	6	98	214	269
16495	11	11	7	99	157	269
16496	11	11	8	100	207	270
16497	11	11	9	101	69	271
16498	11	11	10	102	163	271
16499	11	11	11	103	140	272
16500	11	11	12	105	249	273
16501	11	11	13	104	237	274
16502	11	12	0	89	251	263
16503	11	12	1	90	254	263
16504	11	12	2	91	256	264
16505	11	12	3	92	128	265
16506	11	12	4	93	214	265
16507	11	12	5	94	214	267
16508	11	12	6	95	207	267
16509	11	12	7	96	207	268
16510	11	12	8	97	163	268
16511	11	12	9	98	163	270
16512	11	12	10	99	140	270
16513	11	12	11	100	70	271
16514	11	12	12	101	109	272
16515	11	12	13	102	183	272
16516	11	13	0	87	20	261
16517	11	13	1	86	122	262
16518	11	13	2	88	128	263
16519	11	13	3	89	214	264
16520	11	13	4	90	107	264
16521	11	13	5	91	207	265
16522	11	13	6	92	232	266
16523	11	13	7	93	163	266
16524	11	13	8	94	163	268
16525	11	13	9	95	70	268
16526	11	13	10	96	70	269
16527	11	13	11	97	183	269
16528	11	13	12	98	183	271
16529	11	14	0	83	128	260
16530	11	14	1	84	128	261
16531	11	14	2	85	107	261
16532	11	14	3	87	136	262
16533	11	14	4	86	14	263
16534	11	14	5	88	232	264
16535	11	14	6	89	163	265
16536	11	14	7	90	210	265
16537	11	14	8	91	70	266
16538	11	14	9	92	35	267
16539	11	14	10	93	183	267
16540	11	14	11	94	183	269
16541	11	14	12	95	159	269
16542	11	15	0	80	64	259
16543	11	15	1	81	107	259
16544	11	15	2	82	182	260
16545	11	15	3	83	232	261
16546	11	15	4	84	232	262
16547	11	15	5	85	210	262
16548	11	15	6	87	94	263
16549	11	15	7	86	146	264
16550	11	15	8	88	35	265
16551	11	15	9	89	183	266
16552	11	15	10	90	220	266
16553	11	15	11	91	159	267
16554	11	16	0	77	182	257
16555	11	16	1	78	182	258
16556	11	16	2	79	232	259
16557	11	16	3	80	116	260
16558	11	16	4	81	210	260
16559	11	16	5	82	105	261
16560	11	16	6	83	35	262
16561	11	16	7	84	35	263
16562	11	16	8	85	220	263
16563	11	16	9	87	159	264
16564	11	16	10	86	147	265
16565	11	16	11	88	208	266
16566	11	17	0	75	234	256
16567	11	17	1	74	24	257
16568	11	17	2	76	116	258
16569	11	17	3	77	105	258
16570	11	17	4	78	105	259
16571	11	17	5	79	35	260
16572	11	17	6	80	146	261
16573	11	17	7	81	220	261
16574	11	17	8	82	110	262
16575	11	17	9	83	208	263
16576	11	17	10	84	208	264
16577	11	18	0	71	116	255
16578	11	18	1	72	58	255
16579	11	18	2	73	105	256
16580	11	18	3	75	123	257
16581	11	18	4	74	7	258
16582	11	18	5	76	146	259
16583	11	18	6	77	110	259
16584	11	18	7	78	110	260
16585	11	18	8	79	208	261
16586	11	18	9	80	104	262
16587	11	18	10	81	206	262
16588	11	19	0	68	58	254
16589	11	19	1	69	105	254
16590	11	19	2	70	181	255
16591	11	19	3	71	146	256
16592	11	19	4	72	73	256
16593	11	19	5	73	110	257
16594	11	19	6	75	153	258
16595	11	19	7	74	110	259
16596	11	19	8	76	104	260
16597	11	19	9	77	103	260
16598	11	20	0	65	181	252
16599	11	20	1	66	181	253
16600	11	20	2	67	73	253
16601	11	20	3	68	73	255
16602	11	20	4	69	110	255
16603	11	20	5	70	55	256
16604	11	20	6	71	104	257
16605	11	20	7	72	52	257
16606	11	20	8	73	103	258
16607	11	20	9	75	9	259
16608	11	21	0	62	219	251
16609	11	21	1	63	73	251
16610	11	21	2	64	73	253
16611	11	21	3	65	55	253
16612	11	21	4	66	55	254
16613	11	21	5	67	52	254
16614	11	21	6	68	52	256
16615	11	21	7	69	103	256
16616	11	21	8	70	180	257
16617	11	22	0	59	73	250
16618	11	22	1	60	165	250
16619	11	22	2	61	55	251
16620	11	22	3	62	156	252
16621	11	22	4	63	52	252
16622	11	22	5	64	52	254
16623	11	22	6	65	180	254
16624	11	22	7	66	180	255
16625	11	22	8	67	30	255
16626	11	23	0	57	221	248
16627	11	23	1	56	201	249
16628	11	23	2	58	156	250
16629	11	23	3	59	52	251
16630	11	23	4	60	26	251
16631	11	23	5	61	180	252
16632	11	23	6	62	90	253
16633	11	23	7	63	30	253
16634	11	24	0	53	156	247
16635	11	24	1	54	156	248
16636	11	24	2	55	26	248
16637	11	24	3	57	231	249
16638	11	24	4	56	90	250
16639	11	24	5	58	90	251
16640	11	24	6	59	30	252
16641	11	24	7	60	15	252
16642	11	25	0	50	78	246
16643	11	25	1	51	26	246
16644	11	25	2	52	13	247
16645	11	25	3	53	90	248
16646	11	25	4	54	90	249
16647	11	25	5	55	15	249
16648	11	25	6	57	20	250
16649	11	26	0	47	13	244
16650	11	26	1	48	13	245
16651	11	26	2	49	90	246
16652	11	26	3	50	45	247
16653	11	26	4	51	15	247
16654	11	26	5	52	136	248
16655	11	26	6	53	131	249
16656	11	27	0	45	109	243
16657	11	27	1	44	30	244
16658	11	27	2	46	45	245
16659	11	27	3	47	136	245
16660	11	27	4	48	136	246
16661	11	27	5	49	131	247
16662	11	28	0	41	45	242
16663	11	28	1	42	151	242
16664	11	28	2	43	136	243
16665	11	28	3	45	199	244
16666	11	28	4	44	127	245
16667	11	28	5	46	194	246
16668	11	29	0	38	151	241
16669	11	29	1	39	136	241
16670	11	29	2	40	68	242
16671	11	29	3	41	194	243
16672	11	29	4	42	97	243
16673	11	30	0	35	68	239
16674	11	30	1	36	68	240
16675	11	30	2	37	97	240
16676	11	30	3	38	97	242
16677	11	30	4	39	118	242
16678	11	31	0	32	34	238
16679	11	31	1	33	97	238
16680	11	31	2	34	97	240
16681	11	31	3	35	59	240
16682	11	32	0	29	97	237
16683	11	32	1	30	177	237
16684	11	32	2	31	59	238
16685	11	32	3	32	158	239
16686	11	33	0	26	177	236
16687	11	33	1	27	158	235
16688	11	33	2	28	158	237
16689	11	34	0	23	158	234
16690	11	34	1	24	158	235
16691	11	34	2	25	112	235
16692	11	35	0	20	79	233
16693	11	35	1	21	112	233
16694	11	36	0	17	56	231
16695	11	36	1	18	56	232
16696	11	37	0	15	56	231
16697	11	38	0	13	28	231
16698	12	0	0	0	77	232
16699	12	0	1	1	189	232
16700	12	0	2	2	31	232
16701	12	0	3	3	8	232
16702	12	0	4	4	242	232
16703	12	0	5	5	135	232
16704	12	0	6	6	151	232
16705	12	0	7	7	222	232
16706	12	0	8	8	191	232
16707	12	0	9	9	40	232
16708	12	0	10	10	51	232
16709	12	0	11	11	50	232
16710	12	0	12	12	121	232
16711	12	0	13	13	156	232
16712	12	0	14	14	159	232
16713	12	0	15	15	120	232
16714	12	0	16	16	229	232
16715	12	0	17	17	169	232
16716	12	0	18	18	213	233
16717	12	0	19	19	246	233
16718	12	0	20	20	82	234
16719	12	0	21	21	203	234
16720	12	0	22	22	239	234
16721	12	0	23	23	124	235
16722	12	0	24	24	62	236
16723	12	0	25	25	48	236
16724	12	0	26	27	243	236
16725	12	0	27	26	117	237
16726	12	0	28	28	2	238
16727	12	0	29	29	129	238
16728	12	1	0	0	77	233
16729	12	1	1	1	189	233
16730	12	1	2	2	31	233
16731	12	1	3	3	8	233
16732	12	1	4	4	242	233
16733	12	1	5	5	135	233
16734	12	1	6	6	151	233
16735	12	1	7	7	222	233
16736	12	1	8	8	191	233
16737	12	1	9	9	40	233
16738	12	1	10	10	51	233
16739	12	1	11	11	50	233
16740	12	1	12	12	121	233
16741	12	1	13	13	156	233
16742	12	1	14	14	159	233
16743	12	1	15	15	120	233
16744	12	1	16	16	229	233
16745	12	1	17	17	169	233
16746	12	1	18	18	213	234
16747	12	1	19	19	246	234
16748	12	1	20	20	82	235
16749	12	1	21	21	203	235
16750	12	1	22	22	239	235
16751	12	1	23	23	124	236
16752	12	1	24	24	62	237
16753	12	1	25	25	48	237
16754	12	1	26	27	243	237
16755	12	1	27	26	117	238
16756	12	1	28	30	116	238
16757	12	2	0	0	77	234
16758	12	2	1	1	189	234
16759	12	2	2	2	31	234
16760	12	2	3	3	8	234
16761	12	2	4	4	242	234
16762	12	2	5	5	135	234
16763	12	2	6	6	151	234
16764	12	2	7	7	222	234
16765	12	2	8	8	191	234
16766	12	2	9	9	40	234
16767	12	2	10	10	51	234
16768	12	2	11	11	50	234
16769	12	2	12	12	121	234
16770	12	2	13	13	156	234
16771	12	2	14	14	159	234
16772	12	2	15	15	120	234
16773	12	2	16	16	229	234
16774	12	2	17	17	169	234
16775	12	2	18	18	213	235
16776	12	2	19	19	246	235
16777	12	2	20	20	82	236
16778	12	2	21	21	203	236
16779	12	2	22	22	239	236
16780	12	2	23	23	124	237
16781	12	2	24	24	62	238
16782	12	2	25	25	48	238
16783	12	2	26	27	243	238
16784	12	2	27	26	117	239
16785	12	3	0	0	77	235
16786	12	3	1	1	189	235
16787	12	3	2	2	31	235
16788	12	3	3	3	8	235
16789	12	3	4	4	242	235
16790	12	3	5	5	135	235
16791	12	3	6	6	151	235
16792	12	3	7	7	222	235
16793	12	3	8	8	191	235
16794	12	3	9	9	40	235
16795	12	3	10	10	51	235
16796	12	3	11	11	50	235
16797	12	3	12	12	121	235
16798	12	3	13	13	156	235
16799	12	3	14	14	159	235
16800	12	3	15	15	120	235
16801	12	3	16	16	229	235
16802	12	3	17	17	169	235
16803	12	3	18	18	213	236
16804	12	3	19	19	246	236
16805	12	3	20	20	82	237
16806	12	3	21	21	203	237
16807	12	3	22	22	239	237
16808	12	3	23	23	124	238
16809	12	3	24	24	62	239
16810	12	3	25	25	48	239
16811	12	3	26	27	243	239
16812	12	4	0	0	77	236
16813	12	4	1	1	189	236
16814	12	4	2	2	31	236
16815	12	4	3	3	8	236
16816	12	4	4	4	242	236
16817	12	4	5	5	135	236
16818	12	4	6	6	151	236
16819	12	4	7	7	222	236
16820	12	4	8	8	191	236
16821	12	4	9	9	40	236
16822	12	4	10	10	51	236
16823	12	4	11	11	50	236
16824	12	4	12	12	121	236
16825	12	4	13	13	156	236
16826	12	4	14	14	159	236
16827	12	4	15	15	120	236
16828	12	4	16	16	229	236
16829	12	4	17	17	169	236
16830	12	4	18	18	213	237
16831	12	4	19	19	246	237
16832	12	4	20	20	82	238
16833	12	4	21	21	203	238
16834	12	4	22	22	239	238
16835	12	4	23	23	124	239
16836	12	4	24	28	169	239
16837	12	4	25	29	47	239
16838	12	5	0	0	77	237
16839	12	5	1	1	189	237
16840	12	5	2	2	31	237
16841	12	5	3	3	8	237
16842	12	5	4	4	242	237
16843	12	5	5	5	135	237
16844	12	5	6	6	151	237
16845	12	5	7	7	222	237
16846	12	5	8	8	191	237
16847	12	5	9	9	40	237
16848	12	5	10	10	51	237
16849	12	5	11	11	50	237
16850	12	5	12	12	121	237
16851	12	5	13	13	156	237
16852	12	5	14	14	159	237
16853	12	5	15	15	120	237
16854	12	5	16	16	229	237
16855	12	5	17	17	169	237
16856	12	5	18	18	213	238
16857	12	5	19	19	246	238
16858	12	5	20	20	82	239
16859	12	5	21	21	203	239
16860	12	5	22	22	239	239
16861	12	5	23	30	28	239
16862	12	5	24	31	137	239
16863	12	6	0	0	77	238
16864	12	6	1	1	189	238
16865	12	6	2	2	31	238
16866	12	6	3	3	8	238
16867	12	6	4	4	242	238
16868	12	6	5	5	135	238
16869	12	6	6	6	151	238
16870	12	6	7	7	222	238
16871	12	6	8	8	191	238
16872	12	6	9	9	40	238
16873	12	6	10	10	51	238
16874	12	6	11	11	50	238
16875	12	6	12	12	121	238
16876	12	6	13	13	156	238
16877	12	6	14	14	159	238
16878	12	6	15	15	120	238
16879	12	6	16	16	229	238
16880	12	6	17	17	169	238
16881	12	6	18	18	213	239
16882	12	6	19	19	246	239
16883	12	6	20	33	199	239
16884	12	6	21	20	44	240
16885	12	6	22	21	43	240
16886	12	6	23	22	114	240
16887	12	7	0	0	77	239
16888	12	7	1	1	189	239
16889	12	7	2	2	31	239
16890	12	7	3	3	8	239
16891	12	7	4	4	242	239
16892	12	7	5	5	135	239
16893	12	7	6	6	151	239
16894	12	7	7	7	222	239
16895	12	7	8	8	191	239
16896	12	7	9	9	40	239
16897	12	7	10	10	51	239
16898	12	7	11	11	50	239
16899	12	7	12	12	121	239
16900	12	7	13	13	156	239
16901	12	7	14	14	159	239
16902	12	7	15	15	120	239
16903	12	7	16	16	229	239
16904	12	7	17	17	169	239
16905	12	7	18	18	213	240
16906	12	7	19	19	246	240
16907	12	7	20	23	110	240
16908	12	7	21	24	32	240
16909	12	7	22	25	166	240
16910	12	8	0	0	77	240
16911	12	8	1	1	189	240
16912	12	8	2	2	31	240
16913	12	8	3	3	8	240
16914	12	8	4	4	242	240
16915	12	8	5	5	135	240
16916	12	8	6	6	151	240
16917	12	8	7	7	222	240
16918	12	8	8	8	191	240
16919	12	8	9	9	40	240
16920	12	8	10	10	51	240
16921	12	8	11	11	50	240
16922	12	8	12	12	121	240
16923	12	8	13	13	156	240
16924	12	8	14	14	159	240
16925	12	8	15	15	120	240
16926	12	8	16	16	229	240
16927	12	8	17	17	169	240
16928	12	8	18	26	73	240
16929	12	8	19	27	205	240
16930	12	8	20	28	133	240
16931	12	8	21	29	95	240
16932	12	9	0	30	194	240
16933	12	9	1	31	112	240
16934	12	9	2	32	100	240
16935	12	9	3	33	49	240
16936	12	9	4	0	104	241
16937	12	9	5	1	78	241
16938	12	9	6	2	94	241
16939	12	9	7	3	72	241
16940	12	9	8	4	99	241
16941	12	9	9	5	165	241
16942	12	9	10	6	148	241
16943	12	9	11	7	159	241
16944	12	9	12	8	40	241
16945	12	9	13	9	180	241
16946	12	9	14	10	170	241
16947	12	9	15	11	238	241
16948	12	9	16	12	5	241
16949	12	9	17	13	39	241
16950	12	9	18	14	201	241
16951	12	9	19	15	6	241
16952	12	9	20	16	234	241
16953	12	10	0	17	186	241
16954	12	10	1	18	50	241
16955	12	10	2	19	244	241
16956	12	10	3	20	202	241
16957	12	10	4	21	6	241
16958	12	10	5	22	244	241
16959	12	10	6	23	224	241
16960	12	10	7	24	233	241
16961	12	10	8	25	67	241
16962	12	10	9	26	33	241
16963	12	10	10	27	71	241
16964	12	10	11	28	247	241
16965	12	10	12	29	243	241
16966	12	10	13	30	63	241
16967	12	10	14	31	165	241
16968	12	10	15	32	129	241
16969	12	10	16	33	67	241
16970	12	10	17	34	193	241
16971	12	10	18	35	87	241
16972	12	10	19	36	166	241
16973	12	11	0	37	245	241
16974	12	11	1	0	137	242
16975	12	11	2	1	177	242
16976	12	11	3	2	157	242
16977	12	11	4	3	45	242
16978	12	11	5	4	64	242
16979	12	11	6	5	36	242
16980	12	11	7	6	139	242
16981	12	11	8	7	202	242
16982	12	11	9	8	23	242
16983	12	11	10	9	106	242
16984	12	11	11	10	214	242
16985	12	11	12	11	90	242
16986	12	11	13	12	104	242
16987	12	11	14	13	69	242
16988	12	11	15	14	204	242
16989	12	11	16	15	181	242
16990	12	11	17	16	65	242
16991	12	11	18	17	67	242
16992	12	12	0	18	25	242
16993	12	12	1	19	58	242
16994	12	12	2	20	101	242
16995	12	12	3	21	135	242
16996	12	12	4	22	143	242
16997	12	12	5	23	112	242
16998	12	12	6	24	236	242
16999	12	12	7	25	99	242
17000	12	12	8	26	105	242
17001	12	12	9	27	18	242
17002	12	12	10	28	119	242
17003	12	12	11	29	254	242
17004	12	12	12	30	66	242
17005	12	12	13	31	171	242
17006	12	12	14	32	107	242
17007	12	12	15	33	30	242
17008	12	12	16	34	74	242
17009	12	12	17	35	250	242
17010	12	13	0	36	172	242
17011	12	13	1	37	206	242
17012	12	13	2	0	146	243
17013	12	13	3	1	158	243
17014	12	13	4	2	61	243
17015	12	13	5	3	80	243
17016	12	13	6	4	184	243
17017	12	13	7	5	159	243
17018	12	13	8	6	125	243
17019	12	13	9	7	146	243
17020	12	13	10	8	35	243
17021	12	13	11	9	127	243
17022	12	13	12	10	53	243
17023	12	13	13	11	245	243
17024	12	13	14	12	184	243
17025	12	13	15	13	159	243
17026	12	13	16	14	155	243
17027	12	14	0	15	96	243
17028	12	14	1	16	212	243
17029	12	14	2	17	34	243
17030	12	14	3	18	47	243
17031	12	14	4	19	256	243
17032	12	14	5	20	76	243
17033	12	14	6	21	173	243
17034	12	14	7	22	175	243
17035	12	14	8	23	191	243
17036	12	14	9	24	62	243
17037	12	14	10	25	35	243
17038	12	14	11	26	161	243
17039	12	14	12	27	75	243
17040	12	14	13	28	136	243
17041	12	14	14	29	102	243
17042	12	14	15	30	211	243
17043	12	15	0	31	214	243
17044	12	15	1	32	200	243
17045	12	15	2	33	216	243
17046	12	15	3	34	251	243
17047	12	15	4	35	173	243
17048	12	15	5	36	23	243
17049	12	15	6	37	160	243
17050	12	15	7	38	28	243
17051	12	15	8	39	139	243
17052	12	15	9	40	94	243
17053	12	15	10	0	227	244
17054	12	15	11	1	55	244
17055	12	15	12	2	239	244
17056	12	15	13	3	104	244
17057	12	15	14	4	36	244
17058	12	16	0	5	86	244
17059	12	16	1	6	192	244
17060	12	16	2	7	226	244
17061	12	16	3	8	139	244
17062	12	16	4	9	179	244
17063	12	16	5	10	88	244
17064	12	16	6	11	52	244
17065	12	16	7	12	243	244
17066	12	16	8	13	136	244
17067	12	16	9	14	195	244
17068	12	16	10	15	190	244
17069	12	16	11	16	15	244
17070	12	16	12	17	99	244
17071	12	16	13	18	109	244
17072	12	17	0	0	48	245
17073	12	17	1	19	32	244
17074	12	17	2	20	157	244
17075	12	17	3	21	102	244
17076	12	17	4	22	121	244
17077	12	17	5	23	197	244
17078	12	17	6	24	83	244
17079	12	17	7	25	243	244
17080	12	17	8	26	134	244
17081	12	17	9	27	156	244
17082	12	17	10	28	205	244
17083	12	17	11	29	217	244
17084	12	17	12	30	56	244
17085	12	18	0	0	48	246
17086	12	18	1	31	90	244
17087	12	18	2	32	120	244
17088	12	18	3	33	83	244
17089	12	18	4	34	200	244
17090	12	18	5	35	245	244
17091	12	18	6	36	154	244
17092	12	18	7	37	48	244
17093	12	18	8	38	73	244
17094	12	18	9	39	78	244
17095	12	18	10	40	213	244
17096	12	18	11	41	38	244
17097	12	19	0	0	48	247
17098	12	19	1	1	2	245
17099	12	19	2	42	254	244
17100	12	19	3	43	48	244
17101	12	19	4	2	3	245
17102	12	19	5	3	182	245
17103	12	19	6	4	42	245
17104	12	19	7	5	231	245
17105	12	19	8	6	252	245
17106	12	19	9	7	228	245
17107	12	19	10	8	127	245
17108	12	20	0	0	48	248
17109	12	20	1	1	2	246
17110	12	20	2	9	229	245
17111	12	20	3	10	234	245
17112	12	20	4	11	73	245
17113	12	20	5	12	106	245
17114	12	20	6	13	35	245
17115	12	20	7	14	232	245
17116	12	20	8	15	256	245
17117	12	20	9	16	29	245
17118	12	21	0	0	48	249
17119	12	21	1	1	2	247
17120	12	21	2	17	13	245
17121	12	21	3	18	156	245
17122	12	21	4	19	244	245
17123	12	21	5	20	61	245
17124	12	21	6	21	71	245
17125	12	21	7	22	82	245
17126	12	21	8	23	10	245
17127	12	22	0	0	48	250
17128	12	22	1	1	2	248
17129	12	22	2	2	150	246
17130	12	22	3	24	175	245
17131	12	22	4	25	216	245
17132	12	22	5	26	16	245
17133	12	22	6	27	176	245
17134	12	22	7	28	77	245
17135	12	23	0	0	48	251
17136	12	23	1	1	2	249
17137	12	23	2	2	150	247
17138	12	23	3	29	89	245
17139	12	23	4	30	151	245
17140	12	23	5	31	238	245
17141	12	23	6	32	64	245
17142	12	24	0	0	48	252
17143	12	24	1	1	2	250
17144	12	24	2	2	150	248
17145	12	24	3	3	199	246
17146	12	24	4	33	72	245
17147	12	24	5	34	136	245
17148	12	25	0	0	48	253
17149	12	25	1	1	2	251
17150	12	25	2	2	150	249
17151	12	25	3	3	199	247
17152	12	25	4	35	253	245
17153	12	26	0	0	48	254
17154	12	26	1	1	2	252
17155	12	26	2	2	150	250
17156	12	26	3	3	199	248
17157	12	27	0	0	48	255
17158	12	27	1	1	2	253
17159	12	27	2	2	150	251
17160	12	28	0	0	48	256
17161	12	28	1	1	2	254
17162	12	29	0	0	48	257
17163	13	0	0	36	225	245
17164	13	0	1	37	196	245
17165	13	0	2	38	193	245
17166	13	0	3	39	29	245
17167	13	0	4	40	216	245
17168	13	0	5	41	195	245
17169	13	0	6	42	116	245
17170	13	0	7	43	61	245
17171	13	0	8	45	23	245
17172	13	0	9	4	228	246
17173	13	0	10	5	167	246
17174	13	0	11	6	152	246
17175	13	0	12	7	30	246
17176	13	0	13	8	63	246
17177	13	0	14	9	118	246
17178	13	0	15	44	117	246
17179	13	0	16	47	160	246
17180	13	0	17	46	99	247
17181	13	0	18	48	236	247
17182	13	0	19	49	59	248
17183	13	0	20	50	191	248
17184	13	0	21	51	56	248
17185	13	0	22	52	190	249
17186	13	0	23	53	176	250
17187	13	0	24	54	88	250
17188	13	0	25	55	93	250
17189	13	0	26	56	36	251
17190	13	0	27	57	93	251
17191	13	0	28	58	36	252
17192	13	0	29	59	9	253
17193	13	0	30	60	130	253
17194	13	0	31	61	161	253
17195	13	0	32	62	225	254
17196	13	1	0	10	1	246
17197	13	1	1	11	26	246
17198	13	1	2	12	119	246
17199	13	1	3	13	4	246
17200	13	1	4	14	204	246
17201	13	1	5	15	248	246
17202	13	1	6	16	195	246
17203	13	1	7	17	114	246
17204	13	1	8	18	49	246
17205	13	1	9	19	74	246
17206	13	1	10	20	111	246
17207	13	1	11	21	98	246
17208	13	1	12	22	161	246
17209	13	1	13	23	18	246
17210	13	1	14	24	143	246
17211	13	1	15	45	123	246
17212	13	1	16	44	90	247
17213	13	1	17	47	156	247
17214	13	1	18	46	16	248
17215	13	1	19	48	125	248
17216	13	1	20	49	224	249
17217	13	1	21	50	246	249
17218	13	1	22	51	95	249
17219	13	1	23	52	203	250
17220	13	1	24	53	115	251
17221	13	1	25	54	186	251
17222	13	1	26	55	144	251
17223	13	1	27	56	236	252
17224	13	1	28	57	69	252
17225	13	1	29	58	6	253
17226	13	1	30	59	130	254
17227	13	1	31	60	193	254
17228	13	2	0	25	115	246
17229	13	2	1	26	54	246
17230	13	2	2	27	46	246
17231	13	2	3	28	110	246
17232	13	2	4	29	73	246
17233	13	2	5	30	247	246
17234	13	2	6	31	88	246
17235	13	2	7	32	161	246
17236	13	2	8	33	223	246
17237	13	2	9	34	62	246
17238	13	2	10	35	164	246
17239	13	2	11	36	237	246
17240	13	2	12	37	203	246
17241	13	2	13	41	160	246
17242	13	2	14	42	198	246
17243	13	2	15	43	178	246
17244	13	2	16	45	65	247
17245	13	2	17	44	153	248
17246	13	2	18	47	19	248
17247	13	2	19	46	184	249
17248	13	2	20	48	235	249
17249	13	2	21	49	123	250
17250	13	2	22	50	41	250
17251	13	2	23	51	230	250
17252	13	2	24	52	248	251
17253	13	2	25	53	62	252
17254	13	2	26	54	31	252
17255	13	2	27	55	24	252
17256	13	2	28	56	249	253
17257	13	2	29	57	254	253
17258	13	2	30	58	1	254
17259	13	3	0	38	77	246
17260	13	3	1	39	30	246
17261	13	3	2	40	77	246
17262	13	3	3	4	194	247
17263	13	3	4	5	239	247
17264	13	3	5	6	84	247
17265	13	3	6	7	19	247
17266	13	3	7	8	172	247
17267	13	3	8	9	53	247
17268	13	3	9	10	251	247
17269	13	3	10	11	85	247
17270	13	3	11	12	198	247
17271	13	3	12	13	172	247
17272	13	3	13	14	139	247
17273	13	3	14	41	198	247
17274	13	3	15	42	33	247
17275	13	3	16	43	201	247
17276	13	3	17	45	211	248
17277	13	3	18	44	163	249
17278	13	3	19	47	2	249
17279	13	3	20	46	20	250
17280	13	3	21	48	82	250
17281	13	3	22	49	149	251
17282	13	3	23	50	221	251
17283	13	3	24	51	124	251
17284	13	3	25	52	127	252
17285	13	3	26	53	96	253
17286	13	3	27	54	48	253
17287	13	3	28	55	4	253
17288	13	3	29	56	105	254
17289	13	4	0	15	58	247
17290	13	4	1	16	219	247
17291	13	4	2	17	56	247
17292	13	4	3	18	16	247
17293	13	4	4	19	34	247
17294	13	4	5	20	189	247
17295	13	4	6	21	144	247
17296	13	4	7	22	95	247
17297	13	4	8	23	85	247
17298	13	4	9	24	42	247
17299	13	4	10	25	124	247
17300	13	4	11	26	233	247
17301	13	4	12	38	84	247
17302	13	4	13	39	139	247
17303	13	4	14	40	132	247
17304	13	4	15	41	33	248
17305	13	4	16	42	134	248
17306	13	4	17	43	162	248
17307	13	4	18	45	247	249
17308	13	4	19	44	225	250
17309	13	4	20	47	250	250
17310	13	4	21	46	8	251
17311	13	4	22	48	185	251
17312	13	4	23	49	239	252
17313	13	4	24	50	251	252
17314	13	4	25	51	192	252
17315	13	4	26	52	64	253
17316	13	4	27	53	16	254
17317	13	4	28	54	8	254
17318	13	5	0	27	44	247
17319	13	5	1	28	35	247
17320	13	5	2	29	175	247
17321	13	5	3	30	174	247
17322	13	5	4	31	197	247
17323	13	5	5	32	74	247
17324	13	5	6	33	9	247
17325	13	5	7	34	8	247
17326	13	5	8	35	170	247
17327	13	5	9	36	39	247
17328	13	5	10	37	118	247
17329	13	5	11	4	1	248
17330	13	5	12	5	6	248
17331	13	5	13	38	14	248
17332	13	5	14	39	66	248
17333	13	5	15	40	22	248
17334	13	5	16	41	134	249
17335	13	5	17	42	108	249
17336	13	5	18	43	27	249
17337	13	5	19	45	155	250
17338	13	5	20	44	211	251
17339	13	5	21	47	69	251
17340	13	5	22	46	168	252
17341	13	5	23	48	245	252
17342	13	5	24	49	254	253
17343	13	5	25	50	256	253
17344	13	5	26	51	32	253
17345	13	5	27	52	182	254
17346	13	6	0	6	98	248
17347	13	6	1	7	162	248
17348	13	6	2	8	209	248
17349	13	6	3	9	200	248
17350	13	6	4	10	203	248
17351	13	6	5	11	225	248
17352	13	6	6	12	237	248
17353	13	6	7	13	35	248
17354	13	6	8	14	178	248
17355	13	6	9	15	86	248
17356	13	6	10	16	146	248
17357	13	6	11	17	38	248
17358	13	6	12	18	219	248
17359	13	6	13	19	127	248
17360	13	6	14	38	88	249
17361	13	6	15	39	11	249
17362	13	6	16	40	175	249
17363	13	6	17	41	108	250
17364	13	6	18	42	18	250
17365	13	6	19	43	133	250
17366	13	6	20	45	209	251
17367	13	6	21	44	124	252
17368	13	6	22	47	116	252
17369	13	6	23	46	149	253
17370	13	6	24	48	255	253
17371	13	6	25	49	128	254
17372	13	6	26	50	214	254
17373	13	7	0	20	168	248
17374	13	7	1	21	3	248
17375	13	7	2	22	224	248
17376	13	7	3	23	148	248
17377	13	7	4	24	45	248
17378	13	7	5	25	146	248
17379	13	7	6	26	77	248
17380	13	7	7	27	184	248
17381	13	7	8	28	229	248
17382	13	7	9	29	37	248
17383	13	7	10	30	98	248
17384	13	7	11	34	112	248
17385	13	7	12	35	95	248
17386	13	7	13	36	176	248
17387	13	7	14	37	186	248
17388	13	7	15	38	186	250
17389	13	7	16	39	216	250
17390	13	7	17	40	72	250
17391	13	7	18	41	18	251
17392	13	7	19	42	3	251
17393	13	7	20	43	65	251
17394	13	7	21	45	201	252
17395	13	7	22	44	211	253
17396	13	7	23	47	101	253
17397	13	7	24	46	22	254
17398	13	7	25	48	171	254
17399	13	8	0	31	110	248
17400	13	8	1	32	115	248
17401	13	8	2	33	241	248
17402	13	8	3	3	207	249
17403	13	8	4	4	6	249
17404	13	8	5	5	118	249
17405	13	8	6	6	256	249
17406	13	8	7	7	112	249
17407	13	8	8	8	17	249
17408	13	8	9	9	132	249
17409	13	8	10	10	171	249
17410	13	8	11	11	147	249
17411	13	8	12	34	190	249
17412	13	8	13	35	230	249
17413	13	8	14	36	115	249
17414	13	8	15	37	31	249
17415	13	8	16	38	31	251
17416	13	8	17	39	36	251
17417	13	8	18	40	12	251
17418	13	8	19	41	3	252
17419	13	8	20	42	129	252
17420	13	8	21	43	225	252
17421	13	8	22	45	154	253
17422	13	8	23	44	42	254
17423	13	8	24	47	59	254
17424	13	9	0	12	191	249
17425	13	9	1	13	85	249
17426	13	9	2	14	86	249
17427	13	9	3	15	224	249
17428	13	9	4	16	177	249
17429	13	9	5	17	238	249
17430	13	9	6	18	237	249
17431	13	9	7	19	151	249
17432	13	9	8	20	166	249
17433	13	9	9	21	145	249
17434	13	9	10	22	16	249
17435	13	9	11	23	179	249
17436	13	9	12	32	256	249
17437	13	9	13	34	203	250
17438	13	9	14	35	124	250
17439	13	9	15	36	62	250
17440	13	9	16	37	48	250
17441	13	9	17	38	48	252
17442	13	9	18	39	6	252
17443	13	9	19	40	2	252
17444	13	9	20	41	129	253
17445	13	9	21	42	150	253
17446	13	9	22	43	166	253
17447	13	9	23	45	110	254
17448	13	10	0	24	192	249
17449	13	10	1	25	129	249
17450	13	10	2	26	94	249
17451	13	10	3	27	105	249
17452	13	10	4	28	145	249
17453	13	10	5	29	215	249
17454	13	10	6	30	212	249
17455	13	10	7	31	219	249
17456	13	10	8	33	31	249
17457	13	10	9	3	244	250
17458	13	10	10	4	35	250
17459	13	10	11	5	235	250
17460	13	10	12	6	206	250
17461	13	10	13	32	141	250
17462	13	10	14	34	248	251
17463	13	10	15	35	192	251
17464	13	10	16	36	96	251
17465	13	10	17	37	8	251
17466	13	10	18	38	8	253
17467	13	10	19	39	1	253
17468	13	10	20	40	86	253
17469	13	10	21	41	150	254
17470	13	10	22	42	25	254
17471	13	11	0	7	224	250
17472	13	11	1	8	242	250
17473	13	11	2	9	163	250
17474	13	11	3	10	222	250
17475	13	11	4	11	139	250
17476	13	11	5	12	37	250
17477	13	11	6	13	157	250
17478	13	11	7	14	107	250
17479	13	11	8	15	12	250
17480	13	11	9	16	231	250
17481	13	11	10	17	120	250
17482	13	11	11	18	184	250
17483	13	11	12	31	221	250
17484	13	11	13	33	116	250
17485	13	11	14	32	22	251
17486	13	11	15	34	127	252
17487	13	11	16	35	32	252
17488	13	11	17	36	16	252
17489	13	11	18	37	87	252
17490	13	11	19	38	87	254
17491	13	11	20	39	43	254
17492	13	11	21	40	100	254
17493	13	12	0	19	35	250
17494	13	12	1	20	32	250
17495	13	12	2	21	116	250
17496	13	12	3	22	101	250
17497	13	12	4	23	173	250
17498	13	12	5	24	194	250
17499	13	12	6	25	110	250
17500	13	12	7	26	155	250
17501	13	12	8	27	136	250
17502	13	12	9	28	167	250
17503	13	12	10	29	101	250
17504	13	12	11	30	183	250
17505	13	12	12	3	140	251
17506	13	12	13	31	251	251
17507	13	12	14	33	232	251
17508	13	12	15	32	36	252
17509	13	12	16	34	64	253
17510	13	12	17	35	91	253
17511	13	12	18	36	174	253
17512	13	12	19	37	143	253
17513	13	12	20	43	55	254
17514	13	13	0	4	52	251
17515	13	13	1	5	147	251
17516	13	13	2	6	6	251
17517	13	13	3	7	15	251
17518	13	13	4	8	235	251
17519	13	13	5	9	204	251
17520	13	13	6	10	227	251
17521	13	13	7	11	240	251
17522	13	13	8	12	151	251
17523	13	13	9	13	82	251
17524	13	13	10	14	219	251
17525	13	13	11	28	161	251
17526	13	13	12	29	233	251
17527	13	13	13	30	253	251
17528	13	13	14	31	256	252
17529	13	13	15	33	17	252
17530	13	13	16	32	59	253
17531	13	13	17	34	182	254
17532	13	13	18	35	58	254
17533	13	13	19	36	29	254
17534	13	14	0	15	240	251
17535	13	14	1	16	194	251
17536	13	14	2	17	1	251
17537	13	14	3	18	63	251
17538	13	14	4	19	75	251
17539	13	14	5	20	87	251
17540	13	14	6	21	102	251
17541	13	14	7	22	39	251
17542	13	14	8	23	159	251
17543	13	14	9	24	108	251
17544	13	14	10	25	237	251
17545	13	14	11	26	37	251
17546	13	14	12	28	241	252
17547	13	14	13	29	253	252
17548	13	14	14	30	85	252
17549	13	14	15	31	214	253
17550	13	14	16	33	142	253
17551	13	14	17	32	212	254
17552	13	14	18	37	3	254
17553	13	15	0	27	85	251
17554	13	15	1	2	245	252
17555	13	15	2	3	24	252
17556	13	15	3	4	231	252
17557	13	15	4	5	2	252
17558	13	15	5	6	249	252
17559	13	15	6	7	213	252
17560	13	15	7	8	85	252
17561	13	15	8	9	12	252
17562	13	15	9	10	46	252
17563	13	15	10	11	170	252
17564	13	15	11	12	86	252
17565	13	15	12	26	171	252
17566	13	15	13	28	83	253
17567	13	15	14	29	85	253
17568	13	15	15	30	57	253
17569	13	15	16	31	207	254
17570	13	15	17	33	54	254
17571	13	16	0	13	154	252
17572	13	16	1	14	91	252
17573	13	16	2	15	82	252
17574	13	16	3	16	41	252
17575	13	16	4	17	59	252
17576	13	16	5	18	150	252
17577	13	16	6	19	52	252
17578	13	16	7	20	155	252
17579	13	16	8	21	90	252
17580	13	16	9	22	189	252
17581	13	16	10	24	129	252
17582	13	16	11	25	75	252
17583	13	16	12	27	254	252
17584	13	16	13	26	46	253
17585	13	16	14	28	228	254
17586	13	16	15	29	57	254
17587	13	16	16	30	138	254
17588	13	17	0	23	74	252
17589	13	17	1	2	223	253
17590	13	17	2	3	15	253
17591	13	17	3	4	180	253
17592	13	17	4	5	230	253
17593	13	17	5	6	107	253
17594	13	17	6	7	122	253
17595	13	17	7	8	177	253
17596	13	17	8	9	46	253
17597	13	17	9	11	11	253
17598	13	17	10	10	174	253
17599	13	17	11	24	150	253
17600	13	17	12	25	141	253
17601	13	17	13	27	99	253
17602	13	17	14	26	125	254
17603	13	17	15	51	73	254
17604	13	18	0	12	228	253
17605	13	18	1	13	159	253
17606	13	18	2	14	67	253
17607	13	18	3	15	91	253
17608	13	18	4	16	108	253
17609	13	18	5	17	160	253
17610	13	18	6	18	179	253
17611	13	18	7	19	94	253
17612	13	18	8	20	194	253
17613	13	18	9	21	160	253
17614	13	18	10	22	69	253
17615	13	18	11	23	50	253
17616	13	18	12	24	25	254
17617	13	18	13	25	152	254
17618	13	18	14	27	183	254
17619	13	19	0	2	154	254
17620	13	19	1	3	9	254
17621	13	19	2	4	183	254
17622	13	19	3	5	169	254
17623	13	19	4	6	163	254
17624	13	19	5	7	96	254
17625	13	19	6	8	188	254
17626	13	19	7	9	59	254
17627	13	19	8	10	106	254
17628	13	19	9	11	79	254
17629	13	19	10	12	94	254
17630	13	19	11	13	229	254
17631	13	19	12	23	94	254
17632	13	19	13	55	97	254
17633	13	20	0	14	222	254
17634	13	20	1	15	167	254
17635	13	20	2	16	91	254
17636	13	20	3	17	163	254
17637	13	20	4	18	124	254
17638	13	20	5	19	232	254
17639	13	20	6	20	16	254
17640	13	20	7	21	194	254
17641	13	20	8	22	89	254
17642	13	20	9	57	80	254
17643	13	20	10	61	239	254
17644	13	20	11	63	189	254
17645	13	20	12	1	138	255
17646	13	21	0	2	36	255
17647	13	21	1	3	90	255
17648	13	21	2	4	214	255
17649	13	21	3	5	148	255
17650	13	21	4	6	229	255
17651	13	21	5	7	203	255
17652	13	21	6	8	169	255
17653	13	21	7	9	106	255
17654	13	21	8	10	187	255
17655	13	21	9	11	105	255
17656	13	21	10	12	222	255
17657	13	21	11	13	176	255
17658	13	22	0	14	182	255
17659	13	22	1	15	133	255
17660	13	22	2	16	229	255
17661	13	22	3	17	112	255
17662	13	22	4	18	134	255
17663	13	22	5	19	245	255
17664	13	22	6	20	117	255
17665	13	22	7	21	116	255
17666	13	22	8	22	242	255
17667	13	22	9	23	78	255
17668	13	22	10	24	227	255
17669	13	23	0	25	32	255
17670	13	23	1	26	204	255
17671	13	23	2	27	193	255
17672	13	23	3	28	125	255
17673	13	23	4	29	172	255
17674	13	23	5	30	233	255
17675	13	23	6	31	81	255
17676	13	23	7	32	73	255
17677	13	23	8	33	223	255
17678	13	23	9	34	171	255
17679	13	24	0	35	99	255
17680	13	24	1	36	187	255
17681	13	24	2	37	96	255
17682	13	24	3	38	44	255
17683	13	24	4	39	220	255
17684	13	24	5	40	157	255
17685	13	24	6	41	74	255
17686	13	24	7	42	34	255
17687	13	24	8	43	42	255
17688	13	25	0	44	142	255
17689	13	25	1	45	231	255
17690	13	25	2	46	188	255
17691	13	25	3	47	109	255
17692	13	25	4	48	16	255
17693	13	25	5	49	162	255
17694	13	25	6	50	217	255
17695	13	25	7	51	197	255
17696	13	26	0	52	159	255
17697	13	26	1	53	211	255
17698	13	26	2	54	80	255
17699	13	26	3	55	210	255
17700	13	26	4	56	242	255
17701	13	26	5	57	76	255
17702	13	26	6	58	185	255
17703	13	27	0	59	203	255
17704	13	27	1	60	203	255
17705	13	27	2	61	8	255
17706	13	27	3	62	152	255
17707	13	27	4	63	5	255
17708	13	27	5	64	251	255
17709	13	28	0	65	30	255
17710	13	28	1	1	63	256
17711	13	28	2	2	117	256
17712	13	28	3	3	39	256
17713	13	28	4	4	184	256
17714	13	29	0	5	221	256
17715	13	29	1	6	252	256
17716	13	29	2	7	32	256
17717	13	29	3	8	223	256
17718	13	30	0	9	71	256
17719	13	30	1	10	215	256
17720	13	30	2	11	80	256
17721	13	31	0	12	30	256
17722	13	31	1	13	1	256
17723	13	32	0	14	102	256
17724	14	0	0	15	23	256
17725	14	0	1	16	202	256
17726	14	0	2	17	217	256
17727	14	0	3	66	27	256
17728	14	0	4	67	195	256
17729	14	0	5	68	195	257
17730	14	0	6	69	185	257
17731	14	0	7	70	233	258
17732	14	0	8	71	251	258
17733	14	0	9	72	256	258
17734	14	0	10	73	64	259
17735	14	0	11	74	164	260
17736	14	0	12	75	187	260
17737	14	0	13	76	174	261
17738	14	0	14	77	143	261
17739	14	0	15	78	200	261
17740	14	0	16	79	50	262
17741	14	0	17	80	188	263
17742	14	0	18	81	152	263
17743	14	0	19	82	222	263
17744	14	0	20	83	184	264
17745	14	0	21	85	188	264
17746	14	0	22	84	153	265
17747	14	0	23	87	157	265
17748	14	0	24	86	194	266
17749	14	0	25	88	61	267
17750	14	0	26	89	208	267
17751	14	0	27	90	206	267
17752	14	0	28	91	180	268
17753	14	0	29	92	60	268
17754	14	0	30	93	136	268
17755	14	0	31	94	136	270
17756	14	0	32	95	97	270
17757	14	0	33	96	177	270
17758	14	0	34	97	79	270
17759	14	0	35	99	50	271
17760	14	0	36	98	57	272
17761	14	0	37	100	14	272
17762	14	1	0	18	109	256
17763	14	1	1	19	134	256
17764	14	1	2	20	55	256
17765	14	1	3	64	119	256
17766	14	1	4	65	117	256
17767	14	1	5	66	187	257
17768	14	1	6	67	37	257
17769	14	1	7	68	37	258
17770	14	1	8	69	101	258
17771	14	1	9	70	205	259
17772	14	1	10	71	244	259
17773	14	1	11	72	212	259
17774	14	1	12	73	53	260
17775	14	1	13	74	61	261
17776	14	1	14	75	20	261
17777	14	1	15	76	120	262
17778	14	1	16	77	10	262
17779	14	1	17	78	5	262
17780	14	1	18	79	194	263
17781	14	1	19	80	236	264
17782	14	1	20	81	158	264
17783	14	1	21	82	224	264
17784	14	1	22	83	56	265
17785	14	1	23	85	183	265
17786	14	1	24	84	200	266
17787	14	1	25	87	6	266
17788	14	1	26	86	89	267
17789	14	1	27	88	175	268
17790	14	1	28	89	108	268
17791	14	1	29	90	18	268
17792	14	1	30	91	133	269
17793	14	1	31	92	130	269
17794	14	1	32	93	209	269
17795	14	1	33	94	209	271
17796	14	1	34	95	253	271
17797	14	1	35	96	255	271
17798	14	1	36	97	214	271
17799	14	2	0	21	22	256
17800	14	2	1	22	20	256
17801	14	2	2	23	174	256
17802	14	2	3	62	178	256
17803	14	2	4	63	215	256
17804	14	2	5	64	215	257
17805	14	2	6	65	125	257
17806	14	2	7	66	191	258
17807	14	2	8	67	123	258
17808	14	2	9	68	123	259
17809	14	2	10	69	176	259
17810	14	2	11	70	230	260
17811	14	2	12	71	186	260
17812	14	2	13	72	31	260
17813	14	2	14	73	72	261
17814	14	2	15	74	37	262
17815	14	2	16	75	242	262
17816	14	2	17	76	3	263
17817	14	2	18	77	193	263
17818	14	2	19	78	225	263
17819	14	2	20	79	249	264
17820	14	2	21	80	83	265
17821	14	2	22	81	171	265
17822	14	2	23	82	57	265
17823	14	2	24	83	207	266
17824	14	2	25	85	196	266
17825	14	2	26	84	96	267
17826	14	2	27	87	10	267
17827	14	2	28	86	195	268
17828	14	2	29	88	165	269
17829	14	2	30	89	234	269
17830	14	2	31	90	39	269
17831	14	2	32	91	74	270
17832	14	2	33	92	196	270
17833	14	2	34	93	153	270
17834	14	2	35	94	153	272
17835	14	3	0	24	85	256
17836	14	3	1	25	252	256
17837	14	3	2	59	12	256
17838	14	3	3	60	2	256
17839	14	3	4	61	129	256
17840	14	3	5	62	43	257
17841	14	3	6	63	166	257
17842	14	3	7	64	166	258
17843	14	3	8	65	228	258
17844	14	3	9	66	114	259
17845	14	3	10	67	138	259
17846	14	3	11	68	138	260
17847	14	3	12	69	210	260
17848	14	3	13	70	70	261
17849	14	3	14	71	146	261
17850	14	3	15	72	110	261
17851	14	3	16	73	156	262
17852	14	3	17	74	81	263
17853	14	3	18	75	3	263
17854	14	3	19	76	135	264
17855	14	3	20	77	204	264
17856	14	3	21	78	102	264
17857	14	3	22	79	154	265
17858	14	3	23	80	137	266
17859	14	3	24	81	242	266
17860	14	3	25	82	252	266
17861	14	3	26	83	63	267
17862	14	3	27	85	183	267
17863	14	3	28	84	221	268
17864	14	3	29	87	58	268
17865	14	3	30	86	163	269
17866	14	3	31	88	229	270
17867	14	3	32	89	250	270
17868	14	3	33	90	213	270
17869	14	3	34	91	246	271
17870	14	4	0	26	44	256
17871	14	4	1	27	107	256
17872	14	4	2	28	81	256
17873	14	4	3	58	104	256
17874	14	4	4	59	26	257
17875	14	4	5	60	90	257
17876	14	4	6	61	151	257
17877	14	4	7	62	136	258
17878	14	4	8	63	17	258
17879	14	4	9	64	17	259
17880	14	4	10	65	237	259
17881	14	4	11	66	247	260
17882	14	4	12	67	42	260
17883	14	4	13	68	42	261
17884	14	4	14	69	198	261
17885	14	4	15	70	66	262
17886	14	4	16	71	145	262
17887	14	4	17	72	67	262
17888	14	4	18	73	81	263
17889	14	4	19	74	213	264
17890	14	4	20	75	142	264
17891	14	4	21	76	164	265
17892	14	4	22	77	185	265
17893	14	4	23	78	221	265
17894	14	4	24	79	248	266
17895	14	4	25	80	254	267
17896	14	4	26	81	96	267
17897	14	4	27	82	32	267
17898	14	4	28	83	8	268
17899	14	4	29	85	187	268
17900	14	4	30	84	71	269
17901	14	4	31	87	133	269
17902	14	4	32	86	179	270
17903	14	4	33	88	25	271
17904	14	5	0	29	128	256
17905	14	5	1	30	34	256
17906	14	5	2	31	109	256
17907	14	5	3	56	247	256
17908	14	5	4	57	249	256
17909	14	5	5	58	54	257
17910	14	5	6	59	142	258
17911	14	5	7	60	195	258
17912	14	5	8	61	113	258
17913	14	5	9	62	209	259
17914	14	5	10	63	251	259
17915	14	5	11	64	251	260
17916	14	5	12	65	128	260
17917	14	5	13	66	64	261
17918	14	5	14	67	91	261
17919	14	5	15	68	91	262
17920	14	5	16	69	172	262
17921	14	5	17	70	143	263
17922	14	5	18	71	100	263
17923	14	5	19	72	188	263
17924	14	5	20	73	47	264
17925	14	5	21	74	93	265
17926	14	5	22	75	198	265
17927	14	5	23	76	184	266
17928	14	5	24	77	101	266
17929	14	5	25	78	179	266
17930	14	5	26	79	109	267
17931	14	5	27	80	122	268
17932	14	5	28	81	208	268
17933	14	5	29	82	155	268
17934	14	5	30	83	103	269
17935	14	5	31	85	144	269
17936	14	5	32	84	174	270
17937	14	6	0	32	110	256
17938	14	6	1	33	82	256
17939	14	6	2	53	58	256
17940	14	6	3	54	29	256
17941	14	6	4	55	238	256
17942	14	6	5	56	249	257
17943	14	6	6	57	53	257
17944	14	6	7	58	117	258
17945	14	6	8	59	222	259
17946	14	6	9	60	37	259
17947	14	6	10	61	202	259
17948	14	6	11	62	153	260
17949	14	6	12	63	244	260
17950	14	6	13	64	244	261
17951	14	6	14	65	106	261
17952	14	6	15	66	53	262
17953	14	6	16	67	240	262
17954	14	6	17	68	240	263
17955	14	6	18	69	30	263
17956	14	6	19	70	10	264
17957	14	6	20	71	131	264
17958	14	6	21	72	236	264
17959	14	6	22	73	59	265
17960	14	6	23	74	67	266
17961	14	6	24	75	80	266
17962	14	6	25	76	56	267
17963	14	6	26	77	176	267
17964	14	6	27	78	88	267
17965	14	6	28	79	22	268
17966	14	6	29	80	93	269
17967	14	6	30	81	108	269
17968	14	6	31	82	36	269
17969	14	7	0	34	87	256
17970	14	7	1	35	214	256
17971	14	7	2	36	28	256
17972	14	7	3	52	160	256
17973	14	7	4	53	40	257
17974	14	7	5	54	20	257
17975	14	7	6	55	173	257
17976	14	7	7	56	255	258
17977	14	7	8	57	110	258
17978	14	7	9	58	125	259
17979	14	7	10	59	224	260
17980	14	7	11	60	123	260
17981	14	7	12	61	95	260
17982	14	7	13	62	203	261
17983	14	7	14	63	186	261
17984	14	7	15	64	186	262
17985	14	7	16	65	144	262
17986	14	7	17	66	72	263
17987	14	7	18	67	6	263
17988	14	7	19	68	6	264
17989	14	7	20	69	65	264
17990	14	7	21	70	193	265
17991	14	7	22	71	241	265
17992	14	7	23	72	83	265
17993	14	7	24	73	85	266
17994	14	7	25	74	175	267
17995	14	7	26	75	196	267
17996	14	7	27	76	207	268
17997	14	7	28	77	210	268
17998	14	7	29	78	105	268
17999	14	7	30	79	219	269
18000	14	8	0	37	62	256
18001	14	8	1	38	171	256
18002	14	8	2	49	31	256
18003	14	8	3	50	96	256
18004	14	8	4	51	12	256
18005	14	8	5	52	4	257
18006	14	8	6	53	1	258
18007	14	8	7	54	129	258
18008	14	8	8	55	75	258
18009	14	8	9	56	86	259
18010	14	8	10	57	157	259
18011	14	8	11	58	228	260
18012	14	8	12	59	57	261
18013	14	8	13	60	138	261
18014	14	8	14	61	163	261
18015	14	8	15	62	140	262
18016	14	8	16	63	146	262
18017	14	8	17	64	146	263
18018	14	8	18	65	55	263
18019	14	8	19	66	156	264
18020	14	8	20	67	13	264
18021	14	8	21	68	13	265
18022	14	8	22	69	98	265
18023	14	8	23	70	204	266
18024	14	8	24	71	51	266
18025	14	8	25	72	137	266
18026	14	8	26	73	227	267
18027	14	8	27	74	94	268
18028	14	8	28	75	133	268
18029	14	8	29	76	63	269
18030	14	9	0	39	174	256
18031	14	9	1	40	101	256
18032	14	9	2	46	179	256
18033	14	9	3	48	183	256
18034	14	9	4	49	110	257
18035	14	9	5	50	208	257
18036	14	9	6	51	26	257
18037	14	9	7	52	180	258
18038	14	9	8	53	45	259
18039	14	9	9	54	151	259
18040	14	9	10	55	34	259
18041	14	9	11	56	225	260
18042	14	9	12	57	214	260
18043	14	9	13	58	237	261
18044	14	9	14	59	252	262
18045	14	9	15	60	42	262
18046	14	9	16	61	139	262
18047	14	9	17	62	132	263
18048	14	9	18	63	145	263
18049	14	9	19	64	145	264
18050	14	9	20	65	162	264
18051	14	9	21	66	81	265
18052	14	9	22	67	71	265
18053	14	9	23	68	71	266
18054	14	9	24	69	41	266
18055	14	9	25	70	185	267
18056	14	9	26	71	239	267
18057	14	9	27	72	254	267
18058	14	9	28	73	192	268
18059	14	10	0	41	122	256
18060	14	10	1	42	171	256
18061	14	10	2	44	65	256
18062	14	10	3	47	242	256
18063	14	10	4	46	233	257
18064	14	10	5	48	11	257
18065	14	10	6	49	67	258
18066	14	10	7	50	108	258
18067	14	10	8	51	142	258
18068	14	10	9	52	133	259
18069	14	10	10	53	226	260
18070	14	10	11	54	113	260
18071	14	10	12	55	245	260
18072	14	10	13	56	43	261
18073	14	10	14	57	36	261
18074	14	10	15	58	128	262
18075	14	10	16	59	32	263
18076	14	10	17	60	91	263
18077	14	10	18	61	87	263
18078	14	10	19	62	29	264
18079	14	10	20	63	100	264
18080	14	10	21	64	100	265
18081	14	10	22	65	94	265
18082	14	10	23	66	47	266
18083	14	10	24	67	111	266
18084	14	10	25	68	111	267
18085	14	10	26	69	46	267
18086	14	10	27	70	101	268
18087	14	11	0	43	76	256
18088	14	11	1	45	207	256
18089	14	11	2	1	235	257
18090	14	11	3	2	254	257
18091	14	11	4	44	36	257
18092	14	11	5	47	78	257
18093	14	11	6	46	193	258
18094	14	11	7	48	238	258
18095	14	11	8	49	188	259
18096	14	11	9	50	234	259
18097	14	11	10	51	222	259
18098	14	11	11	52	74	260
18099	14	11	12	53	147	261
18100	14	11	13	54	202	261
18101	14	11	14	55	231	261
18102	14	11	15	56	51	262
18103	14	11	16	57	208	262
18104	14	11	17	58	106	263
18105	14	11	18	59	155	264
18106	14	11	19	60	240	264
18107	14	11	20	61	60	264
18108	14	11	21	62	20	265
18109	14	11	22	63	131	265
18110	14	11	23	64	131	266
18111	14	11	24	65	118	266
18112	14	11	25	66	59	267
18113	14	11	26	67	112	267
18114	14	12	0	3	54	257
18115	14	12	1	4	126	257
18116	14	12	2	5	144	257
18117	14	12	3	6	128	257
18118	14	12	4	7	90	257
18119	14	12	5	45	127	257
18120	14	12	6	44	157	258
18121	14	12	7	47	130	258
18122	14	12	8	46	111	259
18123	14	12	9	48	173	259
18124	14	12	10	49	236	260
18125	14	12	11	50	250	260
18126	14	12	12	51	224	260
18127	14	12	13	52	246	261
18128	14	12	14	53	190	262
18129	14	12	15	54	95	262
18130	14	12	16	55	115	262
18131	14	12	17	56	12	263
18132	14	12	18	57	95	263
18133	14	12	19	58	144	264
18134	14	12	20	59	36	265
18135	14	12	21	60	6	265
18136	14	12	22	61	130	265
18137	14	12	23	62	129	266
18138	14	12	24	63	241	266
18139	14	12	25	64	241	267
18140	14	13	0	8	124	257
18141	14	13	1	9	154	257
18142	14	13	2	10	239	257
18143	14	13	3	11	123	257
18144	14	13	4	41	62	257
18145	14	13	5	42	96	257
18146	14	13	6	43	24	257
18147	14	13	7	45	75	258
18148	14	13	8	44	195	259
18149	14	13	9	47	240	259
18150	14	13	10	46	160	260
18151	14	13	11	48	75	260
18152	14	13	12	49	83	261
18153	14	13	13	50	199	261
18154	14	13	14	51	57	261
18155	14	13	15	52	19	262
18156	14	13	16	53	69	263
18157	14	13	17	54	163	263
18158	14	13	18	55	35	263
18159	14	13	19	56	91	264
18160	14	13	20	57	120	264
18161	14	13	21	58	55	265
18162	14	13	22	59	78	266
18163	14	13	23	60	13	266
18164	14	13	24	61	196	266
18165	14	14	0	12	71	257
18166	14	14	1	13	146	257
18167	14	14	2	14	223	257
18168	14	14	3	38	46	257
18169	14	14	4	39	70	257
18170	14	14	5	40	109	257
18171	14	14	6	41	220	258
18172	14	14	7	42	208	258
18173	14	14	8	43	52	258
18174	14	14	9	45	150	259
18175	14	14	10	44	190	260
18176	14	14	11	47	187	260
18177	14	14	12	46	7	261
18178	14	14	13	48	34	261
18179	14	14	14	49	137	262
18180	14	14	15	50	217	262
18181	14	14	16	51	252	262
18182	14	14	17	52	84	263
18183	14	14	18	53	21	264
18184	14	14	19	54	139	264
18185	14	14	20	55	33	264
18186	14	14	21	56	81	265
18187	14	14	22	57	66	265
18188	14	14	23	58	162	266
18189	14	15	0	15	171	257
18190	14	15	1	16	158	257
18191	14	15	2	17	129	257
18192	14	15	3	18	18	257
18193	14	15	4	19	11	257
18194	14	15	5	38	14	258
18195	14	15	6	39	66	258
18196	14	15	7	40	22	258
18197	14	15	8	41	134	259
18198	14	15	9	42	108	259
18199	14	15	10	43	27	259
18200	14	15	11	45	148	260
18201	14	15	12	44	122	261
18202	14	15	13	47	112	261
18203	14	15	14	46	232	262
18204	14	15	15	48	245	262
18205	14	15	16	49	254	263
18206	14	15	17	50	256	263
18207	14	15	18	51	32	263
18208	14	15	19	52	182	264
18209	14	15	20	53	174	265
18210	14	15	21	54	87	265
18211	14	15	22	55	200	265
18212	14	16	0	20	32	257
18213	14	16	1	21	42	257
18214	14	16	2	22	56	257
18215	14	16	3	34	255	257
18216	14	16	4	35	214	257
18217	14	16	5	36	107	257
18218	14	16	6	37	116	257
18219	14	16	7	38	116	259
18220	14	16	8	39	143	259
18221	14	16	9	40	219	259
18222	14	16	10	41	119	260
18223	14	16	11	42	234	260
18224	14	16	12	43	187	260
18225	14	16	13	45	237	261
18226	14	16	14	44	128	262
18227	14	16	15	47	200	262
18228	14	16	16	46	177	263
18229	14	16	17	48	231	263
18230	14	16	18	49	122	264
18231	14	16	19	50	212	264
18232	14	16	20	51	155	264
18233	14	16	21	52	223	265
18234	14	17	0	23	16	257
18235	14	17	1	24	122	257
18236	14	17	2	25	177	257
18237	14	17	3	26	133	257
18238	14	17	4	32	188	257
18239	14	17	5	34	167	258
18240	14	17	6	35	121	258
18241	14	17	7	36	189	258
18242	14	17	8	37	80	258
18243	14	17	9	38	80	260
18244	14	17	10	39	10	260
18245	14	17	11	40	89	260
18246	14	17	12	41	215	261
18247	14	17	13	42	250	261
18248	14	17	14	43	191	261
18249	14	17	15	45	218	262
18250	14	17	16	44	232	263
18251	14	17	17	47	141	263
18252	14	17	18	46	102	264
18253	14	17	19	48	115	264
18254	14	17	20	49	93	265
18255	14	18	0	27	2	257
18256	14	18	1	28	61	257
18257	14	18	2	29	156	257
18258	14	18	3	30	33	257
18259	14	18	4	31	203	257
18260	14	18	5	33	154	257
18261	14	18	6	32	74	258
18262	14	18	7	34	62	259
18263	14	18	8	35	48	259
18264	14	18	9	36	24	259
18265	14	18	10	37	2	259
18266	14	18	11	38	2	261
18267	14	18	12	39	193	261
18268	14	18	13	40	150	261
18269	14	18	14	41	166	262
18270	14	18	15	42	199	262
18271	14	18	16	43	114	262
18272	14	18	17	45	239	263
18273	14	18	18	44	180	264
18274	14	18	19	47	129	264
18275	14	19	0	0	245	258
18276	14	19	1	1	231	258
18277	14	19	2	2	8	258
18278	14	19	3	3	41	258
18279	14	19	4	4	226	258
18280	14	19	5	5	154	258
18281	14	19	6	31	140	258
18282	14	19	7	33	244	258
18283	14	19	8	32	111	259
18284	14	19	9	34	220	260
18285	14	19	10	35	104	260
18286	14	19	11	36	52	260
18287	14	19	12	37	90	260
18288	14	19	13	38	90	262
18289	14	19	14	39	204	262
18290	14	19	15	40	68	262
18291	14	19	16	41	17	263
18292	14	19	17	42	217	263
18293	14	19	18	43	247	263
18294	14	20	0	6	88	258
18295	14	20	1	7	74	258
18296	14	20	2	8	116	258
18297	14	20	3	9	57	258
18298	14	20	4	10	15	258
18299	14	20	5	28	79	258
18300	14	20	6	29	84	258
18301	14	20	7	30	14	258
18302	14	20	8	31	132	259
18303	14	20	9	33	6	259
18304	14	20	10	32	131	260
18305	14	20	11	34	134	261
18306	14	20	12	35	54	261
18307	14	20	13	36	27	261
18308	14	20	14	37	195	261
18309	14	20	15	38	195	263
18310	14	20	16	39	185	263
18311	14	20	17	40	233	263
18312	14	21	0	11	118	258
18313	14	21	1	12	224	258
18314	14	21	2	13	121	258
18315	14	21	3	14	102	258
18316	14	21	4	15	63	258
18317	14	21	5	16	126	258
18318	14	21	6	26	109	258
18319	14	21	7	28	214	259
18320	14	21	8	29	182	259
18321	14	21	9	30	116	259
18322	14	21	10	31	29	260
18323	14	21	11	33	137	260
18324	14	21	12	32	36	261
18325	14	21	13	34	119	262
18326	14	21	14	35	117	262
18327	14	21	15	36	187	262
18328	14	21	16	37	37	262
18329	14	22	0	17	15	258
18330	14	22	1	18	49	258
18331	14	22	2	19	255	258
18332	14	22	3	20	12	258
18333	14	22	4	21	159	258
18334	14	22	5	24	153	258
18335	14	22	6	25	77	258
18336	14	22	7	27	114	258
18337	14	22	8	26	164	259
18338	14	22	9	28	121	260
18339	14	22	10	29	223	260
18340	14	22	11	30	80	260
18341	14	22	12	31	20	261
18342	14	22	13	33	180	261
18343	14	22	14	32	230	262
18344	14	22	15	34	215	263
18345	14	23	0	22	192	258
18346	14	23	1	23	199	258
18347	14	23	2	0	42	259
18348	14	23	3	1	242	259
18349	14	23	4	2	2	259
18350	14	23	5	3	206	259
18351	14	23	6	4	131	259
18352	14	23	7	24	203	259
18353	14	23	8	25	124	259
18354	14	23	9	27	148	259
18355	14	23	10	26	189	260
18356	14	23	11	28	48	261
18357	14	23	12	29	12	261
18358	14	23	13	30	2	261
18359	14	23	14	31	129	262
18360	14	24	0	5	7	259
18361	14	24	1	6	242	259
18362	14	24	2	7	81	259
18363	14	24	3	8	160	259
18364	14	24	4	9	239	259
18365	14	24	5	10	47	259
18366	14	24	6	11	13	259
18367	14	24	7	12	104	259
18368	14	24	8	23	23	259
18369	14	24	9	24	140	260
18370	14	24	10	25	183	260
18371	14	24	11	27	149	260
18372	14	24	12	26	62	261
18373	14	24	13	28	104	262
18374	14	25	0	13	182	259
18375	14	25	1	14	145	259
18376	14	25	2	15	195	259
18377	14	25	3	16	205	259
18378	14	25	4	18	227	259
18379	14	25	5	17	61	259
18380	14	25	6	19	238	259
18381	14	25	7	20	158	259
18382	14	25	8	21	84	259
18383	14	25	9	22	28	259
18384	14	25	10	23	7	260
18385	14	25	11	24	132	261
18386	14	25	12	25	11	261
18387	14	26	0	0	189	260
18388	14	26	1	1	106	260
18389	14	26	2	2	211	260
18390	14	26	3	3	79	260
18391	14	26	4	5	91	260
18392	14	26	5	4	93	260
18393	14	26	6	6	232	260
18394	14	26	7	7	169	260
18395	14	26	8	8	241	260
18396	14	26	9	20	171	260
18397	14	26	10	21	182	260
18398	14	26	11	22	232	260
18399	14	27	0	9	45	260
18400	14	27	1	10	232	260
18401	14	27	2	11	195	260
18402	14	27	3	12	245	260
18403	14	27	4	13	253	260
18404	14	27	5	14	130	260
18405	14	27	6	16	154	260
18406	14	27	7	15	137	260
18407	14	27	8	17	111	260
18408	14	27	9	18	77	260
18409	14	27	10	19	212	260
18410	14	28	0	0	111	261
18411	14	28	1	1	150	261
18412	14	28	2	2	214	261
18413	14	28	3	3	3	261
18414	14	28	4	4	109	261
18415	14	28	5	5	6	261
18416	14	28	6	6	231	261
18417	14	28	7	7	239	261
18418	14	28	8	8	42	261
18419	14	28	9	9	154	261
18420	14	29	0	10	87	261
18421	14	29	1	11	217	261
18422	14	29	2	12	138	261
18423	14	29	3	13	176	261
18424	14	29	4	14	84	261
18425	14	29	5	15	181	261
18426	14	29	6	16	45	261
18427	14	29	7	17	27	261
18428	14	29	8	18	3	261
18429	14	30	0	19	104	261
18430	14	30	1	20	10	261
18431	14	30	2	21	48	261
18432	14	30	3	22	244	261
18433	14	30	4	23	149	261
18434	14	30	5	27	38	261
18435	14	30	6	0	54	262
18436	14	30	7	1	94	262
18437	14	31	0	2	101	262
18438	14	31	1	3	154	262
18439	14	31	2	4	207	262
18440	14	31	3	5	108	262
18441	14	31	4	6	77	262
18442	14	31	5	7	183	262
18443	14	31	6	8	214	262
18444	14	32	0	9	27	262
18445	14	32	1	10	39	262
18446	14	32	2	11	168	262
18447	14	32	3	12	151	262
18448	14	32	4	13	240	262
18449	14	32	5	14	44	262
18450	14	33	0	15	45	262
18451	14	33	1	16	210	262
18452	14	33	2	17	156	262
18453	14	33	3	18	189	262
18454	14	33	4	19	237	262
18455	14	34	0	20	63	262
18456	14	34	1	21	131	262
18457	14	34	2	22	131	262
18458	14	34	3	23	91	262
18459	14	35	0	24	87	262
18460	14	35	1	25	16	262
18461	14	35	2	26	125	262
18462	14	36	0	27	75	262
18463	14	36	1	29	42	262
18464	14	37	0	30	119	262
18465	15	0	0	101	248	273
18466	15	0	1	102	127	273
18467	15	0	2	103	96	273
18468	15	0	3	105	67	274
18469	15	0	4	104	94	275
18470	15	0	5	106	4	275
18471	15	0	6	107	86	275
18472	15	0	7	108	43	276
18473	15	0	8	109	75	277
18474	15	0	9	110	25	277
18475	15	0	10	111	228	277
18476	15	0	11	112	76	278
18477	15	0	12	113	19	278
18478	15	0	13	114	138	279
18479	15	0	14	115	140	279
18480	15	0	15	116	60	280
18481	15	0	16	117	85	280
18482	15	0	17	118	220	281
18483	15	0	18	120	228	281
18484	15	0	19	119	10	282
18485	15	0	20	121	13	282
18486	15	0	21	122	90	283
18487	15	0	22	123	204	283
18488	15	0	23	124	204	284
18489	15	0	24	125	17	284
18490	15	0	25	127	129	284
18491	15	0	26	126	170	285
18492	15	0	27	128	247	286
18493	15	0	28	129	63	286
18494	15	0	29	130	21	287
18495	15	0	30	131	198	287
18496	15	0	31	132	33	287
18497	15	0	32	133	201	288
18498	15	0	33	135	232	288
18499	15	0	34	134	156	289
18500	15	0	35	136	169	290
18501	15	0	36	137	164	290
18502	15	0	37	138	82	290
18503	15	0	38	139	149	291
18504	15	0	39	141	114	291
18505	15	0	40	140	215	292
18506	15	0	41	142	127	292
18507	15	0	42	143	96	293
18508	15	0	43	145	249	293
18509	15	1	0	99	33	272
18510	15	1	1	98	105	273
18511	15	1	2	100	64	273
18512	15	1	3	101	16	274
18513	15	1	4	102	174	274
18514	15	1	5	103	172	274
18515	15	1	6	105	167	275
18516	15	1	7	104	67	276
18517	15	1	8	106	50	276
18518	15	1	9	107	47	276
18519	15	1	10	108	152	277
18520	15	1	11	109	38	278
18521	15	1	12	110	184	278
18522	15	1	13	111	23	278
18523	15	1	14	112	179	279
18524	15	1	15	113	109	279
18525	15	1	16	114	183	280
18526	15	1	17	115	208	280
18527	15	1	18	116	132	281
18528	15	1	19	117	50	281
18529	15	1	20	118	180	282
18530	15	1	21	120	173	282
18531	15	1	22	119	183	283
18532	15	1	23	121	34	283
18533	15	1	24	122	97	284
18534	15	1	25	123	237	284
18535	15	1	26	124	237	285
18536	15	1	27	125	84	285
18537	15	1	28	127	12	285
18538	15	1	29	126	52	286
18539	15	1	30	128	132	287
18540	15	1	31	129	145	287
18541	15	1	32	130	134	288
18542	15	1	33	131	162	288
18543	15	1	34	132	27	288
18544	15	1	35	133	71	289
18545	15	1	36	135	175	289
18546	15	1	37	134	226	290
18547	15	1	38	136	185	291
18548	15	1	39	137	251	291
18549	15	1	40	138	254	291
18550	15	1	41	139	192	292
18551	15	1	42	141	43	292
18552	15	2	0	95	256	272
18553	15	2	1	96	128	272
18554	15	2	2	97	182	272
18555	15	2	3	99	225	273
18556	15	2	4	98	29	274
18557	15	2	5	100	29	274
18558	15	2	6	101	200	275
18559	15	2	7	102	119	275
18560	15	2	8	103	94	275
18561	15	2	9	105	67	276
18562	15	2	10	104	201	277
18563	15	2	11	106	111	277
18564	15	2	12	107	202	277
18565	15	2	13	108	101	278
18566	15	2	14	109	218	279
18567	15	2	15	110	244	279
18568	15	2	16	111	159	279
18569	15	2	17	112	53	280
18570	15	2	18	113	206	280
18571	15	2	19	114	103	281
18572	15	2	20	115	30	281
18573	15	2	21	116	93	282
18574	15	2	22	117	46	282
18575	15	2	23	118	194	283
18576	15	2	24	120	54	283
18577	15	2	25	119	196	284
18578	15	2	26	121	168	284
18579	15	2	27	122	56	285
18580	15	2	28	123	7	285
18581	15	2	29	124	7	286
18582	15	2	30	125	22	286
18583	15	2	31	127	254	286
18584	15	2	32	126	139	287
18585	15	2	33	128	108	288
18586	15	2	34	129	142	288
18587	15	2	35	130	133	289
18588	15	2	36	131	226	289
18589	15	2	37	132	209	289
18590	15	2	38	133	245	290
18591	15	2	39	135	250	290
18592	15	2	40	134	111	291
18593	15	2	41	136	128	292
18594	15	3	0	92	85	271
18595	15	3	1	93	107	271
18596	15	3	2	94	107	273
18597	15	3	3	95	116	273
18598	15	3	4	96	58	273
18599	15	3	5	97	219	273
18600	15	3	6	99	19	274
18601	15	3	7	98	119	275
18602	15	3	8	100	234	275
18603	15	3	9	101	187	276
18604	15	3	10	102	74	276
18605	15	3	11	103	147	276
18606	15	3	12	105	189	277
18607	15	3	13	104	163	278
18608	15	3	14	106	231	278
18609	15	3	15	107	212	278
18610	15	3	16	108	106	279
18611	15	3	17	109	155	280
18612	15	3	18	110	223	280
18613	15	3	19	111	60	280
18614	15	3	20	112	20	281
18615	15	3	21	113	5	281
18616	15	3	22	114	131	282
18617	15	3	23	115	118	282
18618	15	3	24	116	204	283
18619	15	3	25	117	221	283
18620	15	3	26	118	112	284
18621	15	3	27	120	83	284
18622	15	3	28	119	49	285
18623	15	3	29	121	44	285
18624	15	3	30	122	186	286
18625	15	3	31	123	216	286
18626	15	3	32	124	216	287
18627	15	3	33	125	18	287
18628	15	3	34	127	106	287
18629	15	3	35	126	26	288
18630	15	3	36	128	65	289
18631	15	3	37	129	233	289
18632	15	3	38	130	249	290
18633	15	3	39	131	255	290
18634	15	3	40	132	171	290
18635	15	4	0	89	171	271
18636	15	4	1	90	157	271
18637	15	4	2	91	232	272
18638	15	4	3	92	163	272
18639	15	4	4	93	181	272
18640	15	4	5	94	181	274
18641	15	4	6	95	165	274
18642	15	4	7	96	211	274
18643	15	4	8	97	39	274
18644	15	4	9	99	78	275
18645	15	4	10	98	110	276
18646	15	4	11	100	98	276
18647	15	4	12	101	153	277
18648	15	4	13	102	154	277
18649	15	4	14	103	167	277
18650	15	4	15	105	103	278
18651	15	4	16	104	240	279
18652	15	4	17	106	189	279
18653	15	4	18	107	80	279
18654	15	4	19	108	40	280
18655	15	4	20	109	10	281
18656	15	4	21	110	89	281
18657	15	4	22	111	236	281
18658	15	4	23	112	250	282
18659	15	4	24	113	191	282
18660	15	4	25	114	224	283
18661	15	4	26	115	190	283
18662	15	4	27	116	142	284
18663	15	4	28	117	67	284
18664	15	4	29	118	115	285
18665	15	4	30	120	191	285
18666	15	4	31	119	16	286
18667	15	4	32	121	36	286
18668	15	4	33	122	12	287
18669	15	4	34	123	130	287
18670	15	4	35	124	130	288
18671	15	4	36	125	225	288
18672	15	4	37	127	99	288
18673	15	4	38	126	204	289
18674	15	4	39	128	170	290
18675	15	5	0	87	73	270
18676	15	5	1	86	107	271
18677	15	5	2	88	69	272
18678	15	5	3	89	210	272
18679	15	5	4	90	35	272
18680	15	5	5	91	73	273
18681	15	5	6	92	110	273
18682	15	5	7	93	78	273
18683	15	5	8	94	78	275
18684	15	5	9	95	135	275
18685	15	5	10	96	196	275
18686	15	5	11	97	102	275
18687	15	5	12	99	202	276
18688	15	5	13	98	40	277
18689	15	5	14	100	197	277
18690	15	5	15	101	242	278
18691	15	5	16	102	126	278
18692	15	5	17	103	160	278
18693	15	5	18	105	93	279
18694	15	5	19	104	205	280
18695	15	5	20	106	178	280
18696	15	5	21	107	229	280
18697	15	5	22	108	243	281
18698	15	5	23	109	125	282
18699	15	5	24	110	213	282
18700	15	5	25	111	123	282
18701	15	5	26	112	41	283
18702	15	5	27	113	203	283
18703	15	5	28	114	230	284
18704	15	5	29	115	62	284
18705	15	5	30	116	202	285
18706	15	5	31	117	15	285
18707	15	5	32	118	24	286
18708	15	5	33	120	223	286
18709	15	5	34	119	106	287
18710	15	5	35	121	193	287
18711	15	5	36	122	150	288
18712	15	5	37	123	83	288
18713	15	5	38	124	83	289
18714	15	6	0	83	19	270
18715	15	6	1	85	9	270
18716	15	6	2	84	252	271
18717	15	6	3	87	44	271
18718	15	6	4	86	71	272
18719	15	6	5	88	220	273
18720	15	6	6	89	55	273
18721	15	6	7	90	52	273
18722	15	6	8	91	13	274
18723	15	6	9	92	90	274
18724	15	6	10	93	204	274
18725	15	6	11	94	204	276
18726	15	6	12	95	17	276
18727	15	6	13	96	137	276
18728	15	6	14	97	247	276
18729	15	6	15	99	187	277
18730	15	6	16	98	248	278
18731	15	6	17	100	21	278
18732	15	6	18	101	198	279
18733	15	6	19	102	33	279
18734	15	6	20	103	201	279
18735	15	6	21	105	45	280
18736	15	6	22	104	256	281
18737	15	6	23	106	169	281
18738	15	6	24	107	164	281
18739	15	6	25	108	82	282
18740	15	6	26	109	149	283
18741	15	6	27	110	221	283
18742	15	6	28	111	124	283
18743	15	6	29	112	127	284
18744	15	6	30	113	96	284
18745	15	6	31	114	48	285
18746	15	6	32	115	4	285
18747	15	6	33	116	210	286
18748	15	6	34	117	226	286
18749	15	6	35	118	43	287
18750	15	6	36	120	82	287
18751	15	6	37	119	244	288
18752	15	7	0	80	184	270
18753	15	7	1	81	23	270
18754	15	7	2	82	179	270
18755	15	7	3	83	109	271
18756	15	7	4	85	32	271
18757	15	7	5	84	224	272
18758	15	7	6	87	38	272
18759	15	7	7	86	178	273
18760	15	7	8	88	180	274
18761	15	7	9	89	45	274
18762	15	7	10	90	136	274
18763	15	7	11	91	34	275
18764	15	7	12	92	97	275
18765	15	7	13	93	237	275
18766	15	7	14	94	237	277
18767	15	7	15	95	84	277
18768	15	7	16	96	42	277
18769	15	7	17	97	132	277
18770	15	7	18	99	226	278
18771	15	7	19	98	120	279
18772	15	7	20	100	134	279
18773	15	7	21	101	162	280
18774	15	7	22	102	27	280
18775	15	7	23	103	71	280
18776	15	7	24	105	22	281
18777	15	7	25	104	209	282
18778	15	7	26	106	185	282
18779	15	7	27	107	251	282
18780	15	7	28	108	254	283
18781	15	7	29	109	192	284
18782	15	7	30	110	64	284
18783	15	7	31	111	8	284
18784	15	7	32	112	174	285
18785	15	7	33	113	172	285
18786	15	7	34	114	86	286
18787	15	7	35	115	50	286
18788	15	7	36	116	30	287
18789	15	8	0	77	202	269
18790	15	8	1	78	101	269
18791	15	8	2	79	218	270
18792	15	8	3	80	244	271
18793	15	8	4	81	159	271
18794	15	8	5	82	53	271
18795	15	8	6	83	206	272
18796	15	8	7	85	229	272
18797	15	8	8	84	92	273
18798	15	8	9	87	243	273
18799	15	8	10	86	122	274
18800	15	8	11	88	194	275
18801	15	8	12	89	177	275
18802	15	8	13	90	158	275
18803	15	8	14	91	168	276
18804	15	8	15	92	56	276
18805	15	8	16	93	7	276
18806	15	8	17	94	7	278
18807	15	8	18	95	22	278
18808	15	8	19	96	11	278
18809	15	8	20	97	108	278
18810	15	8	21	99	11	279
18811	15	8	22	98	31	280
18812	15	8	23	100	133	280
18813	15	8	24	101	226	281
18814	15	8	25	102	209	281
18815	15	8	26	103	245	281
18816	15	8	27	105	8	282
18817	15	8	28	104	192	283
18818	15	8	29	106	128	283
18819	15	8	30	107	182	283
18820	15	8	31	108	91	284
18821	15	8	32	109	87	285
18822	15	8	33	110	29	285
18823	15	8	34	111	100	285
18824	15	8	35	112	119	286
18825	15	9	0	74	194	269
18826	15	9	1	75	232	269
18827	15	9	2	76	231	270
18828	15	9	3	77	212	270
18829	15	9	4	78	106	270
18830	15	9	5	79	155	271
18831	15	9	6	80	223	272
18832	15	9	7	81	60	272
18833	15	9	8	82	20	272
18834	15	9	9	83	5	273
18835	15	9	10	85	211	273
18836	15	9	11	84	12	274
18837	15	9	12	87	9	274
18838	15	9	13	86	45	275
18839	15	9	14	88	112	276
18840	15	9	15	89	28	276
18841	15	9	16	90	176	276
18842	15	9	17	91	44	277
18843	15	9	18	92	186	277
18844	15	9	19	93	216	277
18845	15	9	20	94	216	279
18846	15	9	21	95	18	279
18847	15	9	22	96	9	279
18848	15	9	23	97	65	279
18849	15	9	24	99	43	280
18850	15	9	25	98	108	281
18851	15	9	26	100	249	281
18852	15	9	27	101	255	282
18853	15	9	28	102	171	282
18854	15	9	29	103	107	282
18855	15	9	30	105	232	283
18856	15	9	31	104	166	284
18857	15	9	32	106	58	284
18858	15	9	33	107	219	284
18859	15	9	34	108	238	285
18860	15	10	0	71	153	268
18861	15	10	1	72	154	268
18862	15	10	2	73	167	269
18863	15	10	3	74	28	270
18864	15	10	4	75	35	270
18865	15	10	5	76	189	271
18866	15	10	6	77	80	271
18867	15	10	7	78	40	271
18868	15	10	8	79	10	272
18869	15	10	9	80	89	273
18870	15	10	10	81	236	273
18871	15	10	11	82	250	273
18872	15	10	12	83	191	274
18873	15	10	13	85	141	274
18874	15	10	14	84	39	275
18875	15	10	15	87	228	275
18876	15	10	16	86	204	276
18877	15	10	17	88	115	277
18878	15	10	18	89	93	277
18879	15	10	19	90	144	277
18880	15	10	20	91	36	278
18881	15	10	21	92	12	278
18882	15	10	22	93	130	278
18883	15	10	23	94	130	280
18884	15	10	24	95	225	280
18885	15	10	25	96	241	280
18886	15	10	26	97	170	280
18887	15	10	27	99	63	281
18888	15	10	28	98	63	282
18889	15	10	29	100	157	282
18890	15	10	30	101	232	283
18891	15	10	31	102	210	283
18892	15	10	32	103	181	283
18893	15	10	33	105	181	284
18894	15	11	0	68	102	268
18895	15	11	1	69	77	268
18896	15	11	2	70	197	269
18897	15	11	3	71	242	269
18898	15	11	4	72	126	269
18899	15	11	5	73	160	270
18900	15	11	6	74	71	271
18901	15	11	7	75	231	271
18902	15	11	8	76	178	272
18903	15	11	9	77	229	272
18904	15	11	10	78	243	272
18905	15	11	11	79	125	273
18906	15	11	12	80	213	274
18907	15	11	13	81	123	274
18908	15	11	14	82	41	274
18909	15	11	15	83	203	275
18910	15	11	16	85	47	275
18911	15	11	17	84	227	276
18912	15	11	18	87	246	276
18913	15	11	19	86	182	277
18914	15	11	20	88	24	278
18915	15	11	21	89	6	278
18916	15	11	22	90	1	278
18917	15	11	23	91	193	279
18918	15	11	24	92	150	279
18919	15	11	25	93	83	279
18920	15	11	26	94	83	281
18921	15	11	27	95	114	281
18922	15	11	28	96	57	281
18923	15	11	29	97	69	281
18924	15	11	30	99	189	282
18925	15	11	31	98	133	283
18926	15	11	32	100	35	283
18927	15	12	0	65	17	267
18928	15	12	1	66	137	268
18929	15	12	2	67	247	268
18930	15	12	3	68	247	269
18931	15	12	4	69	63	269
18932	15	12	5	70	21	270
18933	15	12	6	71	198	270
18934	15	12	7	72	33	270
18935	15	12	8	73	201	271
18936	15	12	9	74	227	272
18937	15	12	10	75	127	272
18938	15	12	11	76	169	273
18939	15	12	12	77	164	273
18940	15	12	13	78	82	273
18941	15	12	14	79	149	274
18942	15	12	15	80	221	275
18943	15	12	16	81	124	275
18944	15	12	17	82	127	275
18945	15	12	18	83	96	276
18946	15	12	19	85	25	276
18947	15	12	20	84	54	277
18948	15	12	21	87	80	277
18949	15	12	22	86	242	278
18950	15	12	23	88	43	279
18951	15	12	24	89	75	279
18952	15	12	25	90	141	279
18953	15	12	26	91	228	280
18954	15	12	27	92	76	280
18955	15	12	28	93	138	280
18956	15	12	29	94	138	282
18957	15	12	30	95	140	282
18958	15	12	31	96	70	282
18959	15	13	0	62	97	267
18960	15	13	1	63	237	267
18961	15	13	2	64	237	268
18962	15	13	3	65	84	268
18963	15	13	4	66	42	269
18964	15	13	5	67	132	269
18965	15	13	6	68	132	270
18966	15	13	7	69	145	270
18967	15	13	8	70	134	271
18968	15	13	9	71	162	271
18969	15	13	10	72	27	271
18970	15	13	11	73	71	272
18971	15	13	12	74	171	273
18972	15	13	13	75	173	273
18973	15	13	14	76	185	274
18974	15	13	15	77	251	274
18975	15	13	16	78	254	274
18976	15	13	17	79	192	275
18977	15	13	18	80	64	276
18978	15	13	19	81	8	276
18979	15	13	20	82	174	276
18980	15	13	21	83	172	277
18981	15	13	22	85	156	277
18982	15	13	23	84	124	278
18983	15	13	24	87	185	278
18984	15	13	25	86	77	279
18985	15	13	26	88	152	280
18986	15	13	27	89	38	280
18987	15	13	28	90	92	280
18988	15	13	29	91	23	281
18989	15	13	30	92	179	281
18990	15	14	0	59	177	267
18991	15	14	1	60	158	267
18992	15	14	2	61	168	267
18993	15	14	3	62	56	268
18994	15	14	4	63	7	268
18995	15	14	5	64	7	269
18996	15	14	6	65	22	269
18997	15	14	7	66	11	270
18998	15	14	8	67	108	270
18999	15	14	9	68	108	271
19000	15	14	10	69	142	271
19001	15	14	11	70	133	272
19002	15	14	12	71	226	272
19003	15	14	13	72	209	272
19004	15	14	14	73	245	273
19005	15	14	15	74	96	274
19006	15	14	16	75	241	274
19007	15	14	17	76	128	275
19008	15	14	18	77	182	275
19009	15	14	19	78	91	275
19010	15	14	20	79	87	276
19011	15	14	21	80	29	277
19012	15	14	22	81	100	277
19013	15	14	23	82	119	277
19014	15	14	24	83	94	278
19015	15	14	25	85	58	278
19016	15	14	26	84	74	279
19017	15	14	27	87	92	279
19018	15	14	28	86	110	280
19019	15	14	29	88	101	281
19020	15	15	0	56	254	266
19021	15	15	1	57	135	266
19022	15	15	2	58	112	267
19023	15	15	3	59	28	268
19024	15	15	4	60	176	268
19025	15	15	5	61	44	268
19026	15	15	6	62	186	269
19027	15	15	7	63	216	269
19028	15	15	8	64	216	270
19029	15	15	9	65	18	270
19030	15	15	10	66	9	271
19031	15	15	11	67	65	271
19032	15	15	12	68	65	272
19033	15	15	13	69	233	272
19034	15	15	14	70	249	273
19035	15	15	15	71	255	273
19036	15	15	16	72	171	273
19037	15	15	17	73	107	274
19038	15	15	18	74	32	275
19039	15	15	19	75	210	275
19040	15	15	20	76	58	276
19041	15	15	21	77	219	276
19042	15	15	22	78	238	276
19043	15	15	23	79	188	277
19044	15	15	24	80	234	278
19045	15	15	25	81	222	278
19046	15	15	26	82	74	278
19047	15	15	27	83	147	279
19048	15	15	28	85	205	279
19049	15	16	0	53	191	266
19050	15	16	1	54	224	266
19051	15	16	2	55	190	266
19052	15	16	3	56	165	267
19053	15	16	4	57	148	267
19054	15	16	5	58	115	268
19055	15	16	6	59	93	269
19056	15	16	7	60	144	269
19057	15	16	8	61	36	269
19058	15	16	9	62	12	270
19059	15	16	10	63	130	270
19060	15	16	11	64	130	271
19061	15	16	12	65	225	271
19062	15	16	13	66	241	272
19063	15	16	14	67	170	272
19064	15	16	15	68	170	273
19065	15	16	16	69	214	273
19066	15	16	17	70	157	274
19067	15	16	18	71	232	274
19068	15	16	19	72	210	274
19069	15	16	20	73	181	275
19070	15	16	21	74	192	276
19071	15	16	22	75	136	276
19072	15	16	23	76	211	277
19073	15	16	24	77	39	277
19074	15	16	25	78	148	277
19075	15	16	26	79	37	278
19076	15	16	27	80	98	279
19077	15	17	0	50	213	265
19078	15	17	1	51	123	265
19079	15	17	2	52	41	266
19080	15	17	3	53	203	267
19081	15	17	4	54	230	267
19082	15	17	5	55	62	267
19083	15	17	6	56	32	268
19084	15	17	7	57	175	268
19085	15	17	8	58	24	269
19086	15	17	9	59	6	270
19087	15	17	10	60	1	270
19088	15	17	11	61	193	270
19089	15	17	12	62	150	271
19090	15	17	13	63	83	271
19091	15	17	14	64	83	272
19092	15	17	15	65	114	272
19093	15	17	16	66	57	273
19094	15	17	17	67	69	273
19095	15	17	18	68	69	274
19096	15	17	19	69	105	274
19097	15	17	20	70	35	275
19098	15	17	21	71	73	275
19099	15	17	22	72	55	275
19100	15	17	23	73	78	276
19101	15	17	24	74	57	277
19102	15	17	25	75	160	277
19103	15	17	26	76	196	278
19104	15	18	0	46	241	265
19105	15	18	1	48	82	265
19106	15	18	2	49	149	266
19107	15	18	3	50	221	266
19108	15	18	4	51	124	266
19109	15	18	5	52	127	267
19110	15	18	6	53	96	268
19111	15	18	7	54	48	268
19112	15	18	8	55	4	268
19113	15	18	9	56	12	269
19114	15	18	10	57	100	269
19115	15	18	11	58	43	270
19116	15	18	12	59	75	271
19117	15	18	13	60	141	271
19118	15	18	14	61	228	271
19119	15	18	15	62	76	272
19120	15	18	16	63	138	272
19121	15	18	17	64	138	273
19122	15	18	18	65	140	273
19123	15	18	19	66	70	274
19124	15	18	20	67	220	274
19125	15	18	21	68	220	275
19126	15	18	22	69	156	275
19127	15	18	23	70	52	276
19128	15	18	24	71	13	276
19129	15	18	25	72	45	276
19130	15	19	0	45	230	264
19131	15	19	1	44	239	265
19132	15	19	2	47	170	265
19133	15	19	3	46	67	266
19134	15	19	4	48	254	266
19135	15	19	5	49	192	267
19136	15	19	6	50	64	267
19137	15	19	7	51	8	267
19138	15	19	8	52	174	268
19139	15	19	9	53	172	269
19140	15	19	10	54	86	269
19141	15	19	11	55	50	269
19142	15	19	12	56	183	270
19143	15	19	13	57	64	270
19144	15	19	14	58	152	271
19145	15	19	15	59	38	272
19146	15	19	16	60	92	272
19147	15	19	17	61	23	272
19148	15	19	18	62	179	273
19149	15	19	19	63	183	273
19150	15	19	20	64	183	274
19151	15	19	21	65	208	274
19152	15	19	22	66	104	275
19153	15	19	23	67	180	275
19154	15	19	24	68	180	276
19155	15	20	0	41	226	264
19156	15	20	1	42	209	264
19157	15	20	2	43	245	264
19158	15	20	3	45	38	265
19159	15	20	4	44	81	266
19160	15	20	5	47	111	266
19161	15	20	6	46	149	267
19162	15	20	7	48	91	267
19163	15	20	8	49	87	268
19164	15	20	9	50	29	268
19165	15	20	10	51	100	268
19166	15	20	11	52	119	269
19167	15	20	12	53	94	270
19168	15	20	13	54	47	270
19169	15	20	14	55	111	270
19170	15	20	15	56	130	271
19171	15	20	16	57	21	271
19172	15	20	17	58	101	272
19173	15	20	18	59	218	273
19174	15	20	19	60	122	273
19175	15	20	20	61	159	273
19176	15	20	21	62	53	274
19177	15	20	22	63	103	274
19178	15	20	23	64	103	275
19179	15	21	0	38	65	264
19180	15	21	1	39	233	264
19181	15	21	2	40	249	264
19182	15	21	3	41	255	265
19183	15	21	4	42	171	265
19184	15	21	5	43	107	265
19185	15	21	6	45	93	266
19186	15	21	7	44	135	267
19187	15	21	8	47	242	267
19188	15	21	9	46	230	268
19189	15	21	10	48	238	268
19190	15	21	11	49	188	269
19191	15	21	12	50	234	269
19192	15	21	13	51	222	269
19193	15	21	14	52	74	270
19194	15	21	15	53	147	271
19195	15	21	16	54	202	271
19196	15	21	17	55	231	271
19197	15	21	18	56	35	272
19198	15	21	19	57	237	272
19199	15	21	20	58	106	273
19200	15	21	21	59	155	274
19201	15	21	22	60	240	274
19202	15	22	0	35	225	263
19203	15	22	1	36	241	263
19204	15	22	2	37	170	263
19205	15	22	3	38	170	265
19206	15	22	4	39	214	265
19207	15	22	5	40	157	265
19208	15	22	6	41	232	266
19209	15	22	7	42	210	266
19210	15	22	8	43	181	266
19211	15	22	9	45	114	267
19212	15	22	10	44	55	268
19213	15	22	11	47	207	268
19214	15	22	12	46	180	269
19215	15	22	13	48	148	269
19216	15	22	14	49	37	270
19217	15	22	15	50	98	270
19218	15	22	16	51	205	270
19219	15	22	17	52	154	271
19220	15	22	18	53	167	272
19221	15	22	19	54	212	272
19222	15	22	20	55	189	272
19223	15	22	21	56	223	273
19224	15	23	0	33	238	262
19225	15	23	1	32	6	263
19226	15	23	2	34	83	264
19227	15	23	3	35	114	264
19228	15	23	4	36	57	264
19229	15	23	5	37	69	264
19230	15	23	6	38	69	266
19231	15	23	7	39	105	266
19232	15	23	8	40	35	266
19233	15	23	9	41	73	267
19234	15	23	10	42	55	267
19235	15	23	11	43	78	267
19236	15	23	12	45	205	268
19237	15	23	13	44	37	269
19238	15	23	14	47	130	269
19239	15	23	15	46	36	270
19240	15	23	16	48	51	270
19241	15	23	17	49	77	271
19242	15	23	18	50	197	271
19243	15	23	19	51	121	271
19244	15	23	20	52	126	272
19245	15	24	0	0	119	263
19246	15	24	1	1	230	263
19247	15	24	2	31	228	263
19248	15	24	3	33	81	263
19249	15	24	4	32	118	264
19250	15	24	5	34	138	265
19251	15	24	6	35	140	265
19252	15	24	7	36	70	265
19253	15	24	8	37	220	265
19254	15	24	9	38	220	267
19255	15	24	10	39	156	267
19256	15	24	11	40	52	267
19257	15	24	12	41	13	268
19258	15	24	13	42	45	268
19259	15	24	14	43	204	268
19260	15	24	15	45	34	269
19261	15	24	16	44	206	270
19262	15	24	17	47	140	270
19263	15	24	18	46	175	271
19264	15	24	19	48	252	271
19265	15	25	0	2	98	263
19266	15	25	1	3	250	263
19267	15	25	2	28	152	263
19268	15	25	3	29	38	263
19269	15	25	4	30	92	263
19270	15	25	5	31	23	264
19271	15	25	6	33	175	264
19272	15	25	7	32	108	265
19273	15	25	8	34	183	266
19274	15	25	9	35	208	266
19275	15	25	10	36	104	266
19276	15	25	11	37	180	266
19277	15	25	12	38	180	268
19278	15	25	13	39	151	268
19279	15	25	14	40	136	268
19280	15	25	15	41	34	269
19281	15	25	16	42	177	269
19282	15	25	17	43	237	269
19283	15	25	18	45	237	270
19284	15	26	0	4	251	263
19285	15	26	1	5	161	263
19286	15	26	2	6	167	263
19287	15	26	3	7	37	263
19288	15	26	4	26	102	263
19289	15	26	5	28	101	264
19290	15	26	6	29	218	264
19291	15	26	7	30	122	264
19292	15	26	8	31	159	265
19293	15	26	9	33	7	265
19294	15	26	10	32	138	266
19295	15	26	11	34	103	267
19296	15	26	12	35	30	267
19297	15	26	13	36	15	267
19298	15	26	14	37	194	267
19299	15	26	15	38	194	269
19300	15	26	16	39	217	269
19301	15	26	17	40	158	269
19302	15	27	0	8	230	263
19303	15	27	1	9	89	263
19304	15	27	2	10	46	263
19305	15	27	3	11	153	263
19306	15	27	4	24	202	263
19307	15	27	5	25	231	263
19308	15	27	6	27	251	263
19309	15	27	7	26	226	264
19310	15	27	8	28	106	265
19311	15	27	9	29	155	265
19312	15	27	10	30	240	265
19313	15	27	11	31	60	266
19314	15	27	12	33	9	266
19315	15	27	13	32	23	267
19316	15	27	14	34	131	268
19317	15	27	15	35	118	268
19318	15	27	16	36	59	268
19319	15	28	0	12	30	263
19320	15	28	1	13	183	263
19321	15	28	2	14	125	263
19322	15	28	3	16	196	263
19323	15	28	4	15	229	263
19324	15	28	5	17	15	263
19325	15	28	6	23	167	263
19326	15	28	7	24	212	264
19327	15	28	8	25	189	264
19328	15	28	9	27	211	264
19329	15	28	10	26	142	265
19330	15	28	11	28	40	266
19331	15	28	12	29	10	266
19332	15	28	13	30	173	266
19333	15	28	14	31	236	267
19334	15	28	15	33	95	267
19335	15	29	0	18	132	263
19336	15	29	1	19	191	263
19337	15	29	2	20	143	263
19338	15	29	3	21	220	263
19339	15	29	4	22	86	263
19340	15	29	5	0	128	264
19341	15	29	6	1	98	264
19342	15	29	7	2	15	264
19343	15	29	8	3	144	264
19344	15	29	9	23	160	264
19345	15	29	10	24	80	265
19346	15	29	11	25	178	265
19347	15	29	12	27	173	265
19348	15	29	13	26	56	266
19349	15	29	14	28	243	267
19350	15	30	0	4	139	264
19351	15	30	1	5	254	264
19352	15	30	2	6	129	264
19353	15	30	3	7	73	264
19354	15	30	4	8	180	264
19355	15	30	5	9	33	264
19356	15	30	6	10	95	264
19357	15	30	7	11	138	264
19358	15	30	8	13	82	264
19359	15	30	9	20	21	264
19360	15	30	10	21	99	264
19361	15	30	11	22	33	264
19362	15	30	12	23	201	265
19363	15	30	13	24	229	266
19364	15	31	0	12	171	264
19365	15	31	1	14	176	264
19366	15	31	2	15	253	264
19367	15	31	3	16	165	264
19368	15	31	4	17	122	264
19369	15	31	5	18	117	264
19370	15	31	6	19	236	264
19371	15	31	7	0	54	265
19372	15	31	8	1	36	265
19373	15	31	9	2	63	265
19374	15	31	10	3	234	265
19375	15	31	11	20	66	265
19376	15	31	12	21	201	265
19377	15	32	0	4	247	265
19378	15	32	1	5	215	265
19379	15	32	2	6	66	265
19380	15	32	3	7	4	265
19381	15	32	4	8	38	265
19382	15	32	5	9	119	265
19383	15	32	6	10	244	265
19384	15	32	7	11	224	265
19385	15	32	8	12	167	265
19386	15	32	9	13	225	265
19387	15	32	10	14	84	265
19388	15	32	11	18	66	265
19389	15	33	0	16	101	265
19390	15	33	1	15	19	265
19391	15	33	2	17	159	265
19392	15	33	3	19	25	265
19393	15	33	4	22	57	265
19394	15	33	5	0	247	266
19395	15	33	6	1	121	266
19396	15	33	7	2	150	266
19397	15	33	8	3	33	266
19398	15	33	9	4	34	266
19399	15	33	10	5	223	266
19400	15	34	0	6	202	266
19401	15	34	1	7	225	266
19402	15	34	2	8	38	266
19403	15	34	3	9	224	266
19404	15	34	4	10	123	266
19405	15	34	5	11	77	266
19406	15	34	6	12	94	266
19407	15	34	7	13	101	266
19408	15	34	8	14	196	266
19409	15	34	9	15	153	266
19410	15	35	0	16	255	266
19411	15	35	1	17	239	266
19412	15	35	2	18	158	266
19413	15	35	3	19	189	266
19414	15	35	4	20	217	266
19415	15	35	5	21	217	266
19416	15	35	6	22	220	266
19417	15	35	7	23	136	266
19418	15	35	8	25	14	266
19419	15	36	0	27	21	266
19420	15	36	1	0	57	267
19421	15	36	2	1	106	267
19422	15	36	3	2	103	267
19423	15	36	4	3	90	267
19424	15	36	5	4	4	267
19425	15	36	6	5	50	267
19426	15	36	7	6	57	267
19427	15	37	0	7	195	267
19428	15	37	1	8	153	267
19429	15	37	2	9	56	267
19430	15	37	3	10	196	267
19431	15	37	4	11	30	267
19432	15	37	5	12	188	267
19433	15	37	6	13	60	267
19434	15	38	0	14	58	267
19435	15	38	1	15	220	267
19436	15	38	2	16	66	267
19437	15	38	3	17	28	267
19438	15	38	4	18	58	267
19439	15	38	5	19	5	267
19440	15	39	0	20	130	267
19441	15	39	1	21	237	267
19442	15	39	2	22	112	267
19443	15	39	3	23	155	267
19444	15	39	4	24	214	267
19445	15	40	0	25	131	267
19446	15	40	1	26	150	267
19447	15	40	2	27	98	267
19448	15	40	3	29	38	267
19449	15	41	0	30	64	267
19450	15	41	1	0	234	268
19451	15	41	2	1	31	268
19452	15	42	0	2	194	268
19453	15	42	1	3	227	268
19454	15	43	0	4	12	268
19455	16	0	0	5	89	268
19456	16	0	1	6	92	268
19457	16	0	2	7	19	268
19458	16	0	3	8	198	268
19459	16	0	4	9	182	268
19460	16	0	5	10	42	268
19461	16	0	6	11	97	268
19462	16	0	7	12	164	268
19463	16	0	8	13	48	268
19464	16	0	9	14	10	268
19465	16	0	10	15	221	268
19466	16	0	11	16	15	268
19467	16	0	12	17	123	268
19468	16	0	13	18	156	268
19469	16	0	14	19	113	268
19470	16	0	15	20	4	268
19471	16	0	16	21	98	268
19472	16	0	17	22	71	268
19473	16	0	18	23	75	268
19474	16	0	19	24	219	268
19475	16	0	20	25	84	268
19476	16	0	21	26	217	268
19477	16	0	22	27	152	268
19478	16	1	0	28	207	268
19479	16	1	1	29	102	268
19480	16	1	2	30	241	268
19481	16	1	3	31	158	268
19482	16	1	4	32	206	268
19483	16	1	5	33	155	268
19484	16	1	6	37	120	268
19485	16	1	7	0	165	269
19486	16	1	8	1	137	269
19487	16	1	9	2	70	269
19488	16	1	10	3	21	269
19489	16	1	11	4	113	269
19490	16	1	12	5	219	269
19491	16	1	13	6	6	269
19492	16	1	14	7	69	269
19493	16	1	15	8	112	269
19494	16	1	16	9	1	269
19495	16	1	17	10	31	269
19496	16	1	18	11	74	269
19497	16	1	19	12	76	269
19498	16	1	20	13	4	269
19499	16	1	21	14	88	269
19500	16	2	0	15	78	269
19501	16	2	1	16	139	269
19502	16	2	2	17	155	269
19503	16	2	3	18	49	269
19504	16	2	4	19	84	269
19505	16	2	5	20	99	269
19506	16	2	6	21	247	269
19507	16	2	7	22	63	269
19508	16	2	8	23	71	269
19509	16	2	9	24	25	269
19510	16	2	10	25	172	269
19511	16	2	11	26	69	269
19512	16	2	12	27	256	269
19513	16	2	13	28	104	269
19514	16	2	14	29	121	269
19515	16	2	15	30	41	269
19516	16	2	16	31	181	269
19517	16	2	17	32	98	269
19518	16	2	18	33	26	269
19519	16	2	19	34	170	269
19520	16	2	20	35	82	269
19521	16	3	0	36	70	269
19522	16	3	1	37	58	269
19523	16	3	2	0	173	270
19524	16	3	3	1	11	270
19525	16	3	4	2	44	270
19526	16	3	5	3	83	270
19527	16	3	6	4	134	270
19528	16	3	7	5	247	270
19529	16	3	8	6	117	270
19530	16	3	9	7	185	270
19531	16	3	10	8	94	270
19532	16	3	11	9	185	270
19533	16	3	12	10	22	270
19534	16	3	13	11	177	270
19535	16	3	14	12	184	270
19536	16	3	15	13	32	270
19537	16	3	16	14	69	270
19538	16	3	17	15	64	270
19539	16	3	18	16	240	270
19540	16	3	19	17	112	270
19541	16	4	0	18	35	270
19542	16	4	1	19	214	270
19543	16	4	2	20	172	270
19544	16	4	3	21	194	270
19545	16	4	4	22	25	270
19546	16	4	5	23	36	270
19547	16	4	6	24	2	270
19548	16	4	7	25	247	270
19549	16	4	8	26	92	270
19550	16	4	9	27	177	270
19551	16	4	10	28	71	270
19552	16	4	11	29	77	270
19553	16	4	12	30	253	270
19554	16	4	13	31	254	270
19555	16	4	14	32	111	270
19556	16	4	15	33	42	270
19557	16	4	16	34	149	270
19558	16	4	17	35	214	270
19559	16	4	18	36	76	270
19560	16	5	0	37	126	270
19561	16	5	1	38	144	270
19562	16	5	2	39	64	270
19563	16	5	3	40	80	270
19564	16	5	4	41	3	270
19565	16	5	5	42	176	270
19566	16	5	6	43	89	270
19567	16	5	7	0	45	271
19568	16	5	8	1	28	271
19569	16	5	9	2	256	271
19570	16	5	10	3	179	271
19571	16	5	11	4	255	271
19572	16	5	12	5	242	271
19573	16	5	13	6	109	271
19574	16	5	14	7	121	271
19575	16	5	15	8	35	271
19576	16	5	16	9	226	271
19577	16	5	17	10	123	271
19578	16	6	0	11	114	271
19579	16	6	1	12	29	271
19580	16	6	2	13	168	271
19581	16	6	3	14	9	271
19582	16	6	4	15	115	271
19583	16	6	5	16	27	271
19584	16	6	6	17	18	271
19585	16	6	7	18	236	271
19586	16	6	8	19	194	271
19587	16	6	9	20	140	271
19588	16	6	10	21	89	271
19589	16	6	11	22	139	271
19590	16	6	12	23	89	271
19591	16	6	13	24	29	271
19592	16	6	14	25	12	271
19593	16	6	15	26	193	271
19594	16	6	16	27	217	271
19595	16	7	0	28	166	271
19596	16	7	1	29	89	271
19597	16	7	2	30	35	271
19598	16	7	3	31	11	271
19599	16	7	4	32	27	271
19600	16	7	5	33	169	271
19601	16	7	6	34	33	271
19602	16	7	7	35	239	271
19603	16	7	8	36	198	271
19604	16	7	9	37	251	271
19605	16	7	10	38	6	271
19606	16	7	11	39	156	271
19607	16	7	12	40	126	271
19608	16	7	13	41	1	271
19609	16	7	14	42	23	271
19610	16	7	15	43	76	271
19611	16	8	0	44	88	271
19612	16	8	1	45	95	271
19613	16	8	2	47	132	271
19614	16	8	3	0	108	272
19615	16	8	4	1	184	272
19616	16	8	5	2	104	272
19617	16	8	6	3	25	272
19618	16	8	7	4	60	272
19619	16	8	8	5	132	272
19620	16	8	9	6	129	272
19621	16	8	10	7	108	272
19622	16	8	11	8	15	272
19623	16	8	12	9	48	272
19624	16	8	13	10	61	272
19625	16	8	14	11	144	272
19626	16	9	0	12	206	272
19627	16	9	1	13	102	272
19628	16	9	2	14	7	272
19629	16	9	3	15	228	272
19630	16	9	4	16	32	272
19631	16	9	5	17	120	272
19632	16	9	6	18	125	272
19633	16	9	7	19	205	272
19634	16	9	8	20	110	272
19635	16	9	9	21	15	272
19636	16	9	10	22	94	272
19637	16	9	11	23	39	272
19638	16	9	12	24	21	272
19639	16	9	13	25	164	272
19640	16	10	0	26	181	272
19641	16	10	1	27	82	272
19642	16	10	2	28	215	272
19643	16	10	3	29	30	272
19644	16	10	4	30	14	272
19645	16	10	5	31	138	272
19646	16	10	6	32	57	272
19647	16	10	7	33	97	272
19648	16	10	8	34	252	272
19649	16	10	9	35	235	272
19650	16	10	10	36	235	272
19651	16	10	11	37	218	272
19652	16	10	12	38	7	272
19653	16	11	0	39	182	272
19654	16	11	1	40	122	272
19655	16	11	2	41	48	272
19656	16	11	3	42	172	272
19657	16	11	4	43	27	272
19658	16	11	5	44	236	272
19659	16	11	6	45	202	272
19660	16	11	7	46	120	272
19661	16	11	8	47	238	272
19662	16	11	9	48	1	272
19663	16	11	10	49	90	272
19664	16	11	11	50	223	272
19665	16	12	0	51	207	272
19666	16	12	1	0	117	273
19667	16	12	2	1	14	273
19668	16	12	3	2	63	273
19669	16	12	4	3	128	273
19670	16	12	5	4	15	273
19671	16	12	6	5	143	273
19672	16	12	7	6	45	273
19673	16	12	8	7	41	273
19674	16	12	9	8	193	273
19675	16	12	10	9	109	273
19676	16	13	0	10	224	273
19677	16	13	1	11	153	273
19678	16	13	2	12	49	273
19679	16	13	3	13	19	273
19680	16	13	4	14	64	273
19681	16	13	5	15	253	273
19682	16	13	6	16	60	273
19683	16	13	7	17	136	273
19684	16	13	8	18	152	273
19685	16	13	9	19	170	273
19686	16	14	0	20	155	273
19687	16	14	1	21	199	273
19688	16	14	2	22	184	273
19689	16	14	3	23	33	273
19690	16	14	4	24	112	273
19691	16	14	5	25	186	273
19692	16	14	6	26	168	273
19693	16	14	7	27	94	273
19694	16	14	8	28	253	273
19695	16	15	0	29	79	273
19696	16	15	1	30	179	273
19697	16	15	2	31	69	273
19698	16	15	3	32	173	273
19699	16	15	4	33	156	273
19700	16	15	5	34	190	273
19701	16	15	6	35	225	273
19702	16	15	7	36	6	273
19703	16	16	0	0	43	274
19704	16	16	1	37	124	273
19705	16	16	2	38	120	273
19706	16	16	3	39	148	273
19707	16	16	4	40	146	273
19708	16	16	5	41	10	273
19709	16	16	6	42	104	273
19710	16	17	0	0	43	275
19711	16	17	1	43	162	273
19712	16	17	2	44	92	273
19713	16	17	3	45	44	273
19714	16	17	4	46	138	273
19715	16	17	5	47	46	273
19716	16	18	0	0	43	276
19717	16	18	1	48	107	273
19718	16	18	2	49	124	273
19719	16	18	3	50	160	273
19720	16	18	4	51	236	273
19721	16	19	0	0	43	277
19722	16	19	1	1	131	274
19723	16	19	2	52	237	273
19724	16	19	3	53	250	273
19725	16	20	0	0	43	278
19726	16	20	1	1	131	275
19727	16	20	2	54	183	273
19728	16	21	0	0	43	279
19729	16	21	1	1	131	276
19730	16	22	0	0	43	280
19731	17	0	0	55	132	273
19732	17	0	1	57	30	273
19733	17	0	2	2	35	274
19734	17	0	3	3	158	274
19735	17	0	4	4	218	274
19736	17	0	5	5	18	274
19737	17	0	6	6	127	274
19738	17	0	7	7	185	274
19739	17	0	8	8	220	274
19740	17	0	9	9	50	274
19741	17	0	10	10	242	274
19742	17	0	11	11	129	274
19743	17	0	12	12	231	274
19744	17	0	13	13	27	274
19745	17	0	14	14	217	274
19746	17	0	15	15	40	274
19747	17	0	16	16	31	274
19748	17	0	17	17	104	274
19749	17	0	18	18	120	274
19750	17	0	19	19	245	274
19751	17	0	20	20	180	274
19752	17	0	21	21	5	274
19753	17	0	22	22	131	274
19754	17	0	23	23	125	274
19755	17	0	24	24	139	274
19756	17	0	25	25	32	274
19757	17	1	0	26	2	274
19758	17	1	1	27	226	274
19759	17	1	2	28	2	274
19760	17	1	3	29	138	274
19761	17	1	4	30	147	274
19762	17	1	5	31	49	274
19763	17	1	6	32	256	274
19764	17	1	7	33	62	274
19765	17	1	8	34	93	274
19766	17	1	9	35	152	274
19767	17	1	10	36	202	274
19768	17	1	11	37	164	274
19769	17	1	12	38	41	274
19770	17	1	13	39	15	274
19771	17	1	14	40	113	274
19772	17	1	15	41	190	274
19773	17	1	16	42	197	274
19774	17	1	17	43	12	274
19775	17	1	18	44	106	274
19776	17	1	19	45	198	274
19777	17	1	20	46	121	274
19778	17	1	21	47	97	274
19779	17	1	22	48	81	274
19780	17	1	23	49	130	274
19781	17	1	24	50	67	274
19782	17	2	0	51	126	274
19783	17	2	1	52	240	274
19784	17	2	2	53	162	274
19785	17	2	3	54	22	274
19786	17	2	4	55	250	274
19787	17	2	5	56	120	274
19788	17	2	6	57	196	274
19789	17	2	7	58	148	274
19790	17	2	8	61	178	274
19791	17	2	9	2	72	275
19792	17	2	10	3	126	275
19793	17	2	11	4	201	275
19794	17	2	12	5	210	275
19795	17	2	13	6	229	275
19796	17	2	14	7	64	275
19797	17	2	15	8	239	275
19798	17	2	16	9	21	275
19799	17	2	17	10	96	275
19800	17	2	18	11	9	275
19801	17	2	19	12	68	275
19802	17	2	20	13	40	275
19803	17	2	21	14	192	275
19804	17	2	22	15	53	275
19805	17	2	23	16	256	275
19806	17	3	0	17	111	275
19807	17	3	1	18	111	275
19808	17	3	2	19	30	275
19809	17	3	3	20	187	275
19810	17	3	4	21	174	275
19811	17	3	5	22	34	275
19812	17	3	6	23	48	275
19813	17	3	7	24	164	275
19814	17	3	8	25	161	275
19815	17	3	9	26	190	275
19816	17	3	10	27	23	275
19817	17	3	11	28	16	275
19818	17	3	12	29	91	275
19819	17	3	13	30	113	275
19820	17	3	14	31	7	275
19821	17	3	15	32	249	275
19822	17	3	16	33	125	275
19823	17	3	17	34	156	275
19824	17	3	18	35	43	275
19825	17	3	19	36	164	275
19826	17	3	20	37	216	275
19827	17	3	21	38	66	275
19828	17	3	22	39	36	275
19829	17	4	0	40	86	275
19830	17	4	1	41	225	275
19831	17	4	2	42	147	275
19832	17	4	3	43	101	275
19833	17	4	4	44	189	275
19834	17	4	5	45	177	275
19835	17	4	6	46	156	275
19836	17	4	7	47	173	275
19837	17	4	8	48	248	275
19838	17	4	9	49	18	275
19839	17	4	10	50	104	275
19840	17	4	11	51	138	275
19841	17	4	12	52	127	275
19842	17	4	13	53	57	275
19843	17	4	14	54	91	275
19844	17	4	15	55	62	275
19845	17	4	16	56	18	275
19846	17	4	17	57	131	275
19847	17	4	18	58	146	275
19848	17	4	19	59	2	275
19849	17	4	20	60	94	275
19850	17	4	21	61	96	275
19851	17	5	0	62	242	275
19852	17	5	1	63	130	275
19853	17	5	2	65	210	275
19854	17	5	3	2	156	276
19855	17	5	4	3	16	276
19856	17	5	5	4	102	276
19857	17	5	6	5	14	276
19858	17	5	7	6	13	276
19859	17	5	8	7	101	276
19860	17	5	9	8	116	276
19861	17	5	10	9	231	276
19862	17	5	11	10	92	276
19863	17	5	12	11	163	276
19864	17	5	13	12	219	276
19865	17	5	14	13	255	276
19866	17	5	15	14	19	276
19867	17	5	16	15	97	276
19868	17	5	17	16	192	276
19869	17	5	18	17	15	276
19870	17	5	19	18	70	276
19871	17	5	20	19	13	276
19872	17	6	0	20	239	276
19873	17	6	1	21	184	276
19874	17	6	2	22	58	276
19875	17	6	3	23	40	276
19876	17	6	4	24	188	276
19877	17	6	5	25	138	276
19878	17	6	6	26	214	276
19879	17	6	7	27	175	276
19880	17	6	8	28	89	276
19881	17	6	9	29	204	276
19882	17	6	10	30	57	276
19883	17	6	11	31	200	276
19884	17	6	12	32	203	276
19885	17	6	13	33	88	276
19886	17	6	14	34	248	276
19887	17	6	15	35	231	276
19888	17	6	16	36	225	276
19889	17	6	17	37	245	276
19890	17	6	18	38	197	276
19891	17	6	19	39	36	276
19892	17	7	0	40	122	276
19893	17	7	1	41	49	276
19894	17	7	2	42	95	276
19895	17	7	3	43	249	276
19896	17	7	4	44	160	276
19897	17	7	5	45	97	276
19898	17	7	6	46	197	276
19899	17	7	7	47	256	276
19900	17	7	8	48	242	276
19901	17	7	9	49	35	276
19902	17	7	10	50	173	276
19903	17	7	11	51	194	276
19904	17	7	12	52	160	276
19905	17	7	13	53	84	276
19906	17	7	14	54	170	276
19907	17	7	15	55	205	276
19908	17	7	16	56	219	276
19909	17	7	17	57	49	276
19910	17	7	18	58	124	276
19911	17	8	0	59	43	276
19912	17	8	1	60	25	276
19913	17	8	2	61	164	276
19914	17	8	3	62	224	276
19915	17	8	4	63	150	276
19916	17	8	5	64	43	276
19917	17	8	6	65	71	276
19918	17	8	7	66	146	276
19919	17	8	8	67	69	276
19920	17	8	9	69	67	276
19921	17	8	10	1	14	277
19922	17	8	11	2	236	277
19923	17	8	12	3	219	277
19924	17	8	13	4	24	277
19925	17	8	14	5	100	277
19926	17	8	15	6	78	277
19927	17	8	16	7	167	277
19928	17	8	17	8	215	277
19929	17	9	0	9	202	277
19930	17	9	1	10	132	277
19931	17	9	2	11	58	277
19932	17	9	3	12	240	277
19933	17	9	4	13	101	277
19934	17	9	5	14	36	277
19935	17	9	6	15	142	277
19936	17	9	7	16	201	277
19937	17	9	8	17	205	277
19938	17	9	9	18	194	277
19939	17	9	10	19	133	277
19940	17	9	11	20	125	277
19941	17	9	12	21	78	277
19942	17	9	13	22	186	277
19943	17	9	14	23	167	277
19944	17	9	15	24	8	277
19945	17	9	16	25	230	277
19946	17	10	0	26	71	277
19947	17	10	1	27	9	277
19948	17	10	2	28	101	277
19949	17	10	3	29	183	277
19950	17	10	4	30	18	277
19951	17	10	5	31	76	277
19952	17	10	6	32	171	277
19953	17	10	7	33	218	277
19954	17	10	8	34	170	277
19955	17	10	9	35	68	277
19956	17	10	10	36	71	277
19957	17	10	11	37	17	277
19958	17	10	12	38	119	277
19959	17	10	13	39	194	277
19960	17	10	14	40	168	277
19961	17	10	15	41	158	277
19962	17	11	0	42	136	277
19963	17	11	1	43	13	277
19964	17	11	2	44	73	277
19965	17	11	3	45	115	277
19966	17	11	4	46	121	277
19967	17	11	5	47	47	277
19968	17	11	6	48	50	277
19969	17	11	7	49	29	277
19970	17	11	8	50	106	277
19971	17	11	9	51	167	277
19972	17	11	10	52	98	277
19973	17	11	11	53	37	277
19974	17	11	12	54	194	277
19975	17	11	13	55	33	277
19976	17	11	14	56	129	277
19977	17	12	0	57	178	277
19978	17	12	1	58	236	277
19979	17	12	2	59	12	277
19980	17	12	3	60	67	277
19981	17	12	4	61	42	277
19982	17	12	5	62	169	277
19983	17	12	6	63	199	277
19984	17	12	7	64	16	277
19985	17	12	8	65	221	277
19986	17	12	9	66	91	277
19987	17	12	10	67	133	277
19988	17	12	11	68	117	277
19989	17	12	12	69	108	277
19990	17	12	13	70	162	277
19991	17	13	0	71	211	277
19992	17	13	1	72	130	277
19993	17	13	2	73	151	277
19994	17	13	3	1	59	278
19995	17	13	4	2	129	278
19996	17	13	5	3	42	278
19997	17	13	6	4	40	278
19998	17	13	7	5	231	278
19999	17	13	8	6	60	278
20000	17	13	9	7	107	278
20001	17	13	10	8	138	278
20002	17	13	11	9	243	278
20003	17	13	12	10	242	278
20004	17	14	0	11	104	278
20005	17	14	1	12	210	278
20006	17	14	2	13	236	278
20007	17	14	3	14	75	278
20008	17	14	4	15	52	278
20009	17	14	5	16	84	278
20010	17	14	6	17	157	278
20011	17	14	7	18	127	278
20012	17	14	8	19	42	278
20013	17	14	9	20	94	278
20014	17	14	10	22	246	278
20015	17	14	11	21	201	278
20016	17	15	0	23	230	278
20017	17	15	1	24	43	278
20018	17	15	2	25	118	278
20019	17	15	3	26	172	278
20020	17	15	4	27	34	278
20021	17	15	5	28	95	278
20022	17	15	6	29	123	278
20023	17	15	7	30	246	278
20024	17	15	8	31	188	278
20025	17	15	9	32	237	278
20026	17	15	10	33	52	278
20027	17	16	0	34	84	278
20028	17	16	1	35	68	278
20029	17	16	2	36	13	278
20030	17	16	3	37	105	278
20031	17	16	4	38	88	278
20032	17	16	5	39	205	278
20033	17	16	6	40	25	278
20034	17	16	7	41	147	278
20035	17	16	8	42	189	278
20036	17	16	9	43	108	278
20037	17	17	0	44	104	278
20038	17	17	1	45	145	278
20039	17	17	2	46	173	278
20040	17	17	3	47	120	278
20041	17	17	4	48	206	278
20042	17	17	5	49	210	278
20043	17	17	6	50	67	278
20044	17	17	7	51	256	278
20045	17	17	8	52	8	278
20046	17	18	0	53	98	278
20047	17	18	1	54	27	278
20048	17	18	2	55	232	278
20049	17	18	3	56	232	278
20050	17	18	4	57	177	278
20051	17	18	5	58	42	278
20052	17	18	6	59	4	278
20053	17	18	7	60	213	278
20054	17	19	0	61	173	278
20055	17	19	1	62	90	278
20056	17	19	2	63	202	278
20057	17	19	3	64	211	278
20058	17	19	4	65	170	278
20059	17	19	5	66	145	278
20060	17	19	6	67	84	278
20061	17	20	0	68	41	278
20062	17	20	1	69	117	278
20063	17	20	2	70	235	278
20064	17	20	3	71	245	278
20065	17	20	4	72	3	278
20066	17	20	5	73	29	278
20067	17	21	0	74	123	278
20068	17	21	1	75	75	278
20069	17	21	2	77	221	278
20070	17	21	3	78	100	278
20071	17	21	4	1	108	279
20072	17	22	0	2	119	279
20073	17	22	1	3	52	279
20074	17	22	2	4	143	279
20075	17	22	3	5	15	279
20076	17	23	0	6	5	279
20077	17	23	1	7	38	279
20078	17	23	2	8	95	279
20079	17	24	0	1	124	280
20080	17	24	1	9	76	279
20081	17	25	0	0	10	281
20082	18	0	0	10	252	279
20083	18	0	1	11	153	279
20084	18	0	2	12	42	279
20085	18	0	3	13	54	279
20086	18	0	4	14	47	279
20087	18	0	5	15	16	279
20088	18	0	6	16	165	279
20089	18	0	7	17	253	279
20090	18	0	8	18	63	279
20091	18	0	9	19	207	279
20092	18	0	10	20	109	279
20093	18	0	11	21	246	279
20094	18	0	12	22	233	279
20095	18	0	13	23	190	279
20096	18	0	14	24	3	279
20097	18	0	15	25	81	279
20098	18	0	16	26	226	279
20099	18	0	17	27	28	279
20100	18	0	18	28	256	279
20101	18	0	19	29	50	279
20102	18	0	20	30	19	279
20103	18	0	21	31	32	279
20104	18	0	22	32	3	279
20105	18	0	23	33	112	279
20106	18	0	24	34	216	279
20107	18	0	25	35	235	279
20108	18	0	26	36	34	279
20109	18	0	27	37	223	279
20110	18	0	28	38	88	279
20111	18	0	29	76	33	279
20112	18	0	30	79	144	279
20113	18	1	0	39	184	279
20114	18	1	1	40	223	279
20115	18	1	2	41	13	279
20116	18	1	3	42	22	279
20117	18	1	4	43	183	279
20118	18	1	5	44	222	279
20119	18	1	6	45	147	279
20120	18	1	7	46	66	279
20121	18	1	8	47	121	279
20122	18	1	9	48	160	279
20123	18	1	10	49	221	279
20124	18	1	11	50	232	279
20125	18	1	12	51	114	279
20126	18	1	13	52	210	279
20127	18	1	14	53	123	279
20128	18	1	15	54	72	279
20129	18	1	16	55	84	279
20130	18	1	17	56	178	279
20131	18	1	18	57	99	279
20132	18	1	19	58	201	279
20133	18	1	20	59	111	279
20134	18	1	21	60	184	279
20135	18	1	22	61	181	279
20136	18	1	23	62	106	279
20137	18	1	24	63	119	279
20138	18	1	25	64	36	279
20139	18	1	26	65	203	279
20140	18	1	27	74	103	279
20141	18	1	28	75	127	279
20142	18	1	29	77	23	279
20143	18	2	0	66	29	279
20144	18	2	1	67	100	279
20145	18	2	2	68	189	279
20146	18	2	3	69	128	279
20147	18	2	4	70	111	279
20148	18	2	5	71	159	279
20149	18	2	6	72	78	279
20150	18	2	7	73	40	279
20151	18	2	8	78	50	279
20152	18	2	9	81	17	279
20153	18	2	10	82	74	279
20154	18	2	11	2	232	280
20155	18	2	12	3	159	280
20156	18	2	13	4	9	280
20157	18	2	14	5	221	280
20158	18	2	15	6	33	280
20159	18	2	16	7	10	280
20160	18	2	17	8	231	280
20161	18	2	18	9	169	280
20162	18	2	19	10	234	280
20163	18	2	20	11	26	280
20164	18	2	21	12	65	280
20165	18	2	22	13	99	280
20166	18	2	23	14	91	280
20167	18	2	24	15	169	280
20168	18	2	25	16	134	280
20169	18	2	26	17	89	280
20170	18	2	27	18	125	280
20171	18	2	28	19	146	280
20172	18	3	0	20	172	280
20173	18	3	1	21	124	280
20174	18	3	2	22	105	280
20175	18	3	3	23	37	280
20176	18	3	4	24	131	280
20177	18	3	5	25	253	280
20178	18	3	6	26	21	280
20179	18	3	7	27	161	280
20180	18	3	8	28	190	280
20181	18	3	9	29	193	280
20182	18	3	10	30	44	280
20183	18	3	11	31	167	280
20184	18	3	12	32	140	280
20185	18	3	13	33	162	280
20186	18	3	14	34	123	280
20187	18	3	15	35	20	280
20188	18	3	16	36	205	280
20189	18	3	17	37	116	280
20190	18	3	18	38	208	280
20191	18	3	19	39	6	280
20192	18	3	20	40	135	280
20193	18	3	21	41	91	280
20194	18	3	22	42	147	280
20195	18	3	23	43	231	280
20196	18	3	24	44	15	280
20197	18	3	25	45	177	280
20198	18	3	26	46	217	280
20199	18	3	27	47	170	280
20200	18	4	0	48	155	280
20201	18	4	1	49	75	280
20202	18	4	2	50	63	280
20203	18	4	3	51	70	280
20204	18	4	4	52	202	280
20205	18	4	5	53	38	280
20206	18	4	6	54	91	280
20207	18	4	7	55	241	280
20208	18	4	8	56	7	280
20209	18	4	9	57	129	280
20210	18	4	10	58	98	280
20211	18	4	11	59	108	280
20212	18	4	12	60	9	280
20213	18	4	13	61	191	280
20214	18	4	14	62	28	280
20215	18	4	15	63	247	280
20216	18	4	16	64	194	280
20217	18	4	17	65	49	280
20218	18	4	18	66	208	280
20219	18	4	19	67	70	280
20220	18	4	20	68	131	280
20221	18	4	21	69	130	280
20222	18	4	22	70	70	280
20223	18	4	23	71	231	280
20224	18	4	24	72	206	280
20225	18	4	25	73	233	280
20226	18	4	26	74	4	280
20227	18	5	0	75	4	280
20228	18	5	1	76	40	280
20229	18	5	2	77	202	280
20230	18	5	3	78	77	280
20231	18	5	4	79	111	280
20232	18	5	5	80	64	280
20233	18	5	6	81	160	280
20234	18	5	7	82	187	280
20235	18	5	8	83	18	280
20236	18	5	9	84	88	280
20237	18	5	10	85	79	280
20238	18	5	11	87	5	280
20239	18	5	12	1	234	281
20240	18	5	13	2	46	281
20241	18	5	14	3	247	281
20242	18	5	15	4	43	281
20243	18	5	16	5	4	281
20244	18	5	17	6	19	281
20245	18	5	18	7	148	281
20246	18	5	19	8	165	281
20247	18	5	20	9	40	281
20248	18	5	21	10	202	281
20249	18	5	22	11	39	281
20250	18	5	23	12	213	281
20251	18	5	24	13	153	281
20252	18	5	25	14	3	281
20253	18	6	0	15	188	281
20254	18	6	1	16	109	281
20255	18	6	2	17	245	281
20256	18	6	3	18	19	281
20257	18	6	4	19	63	281
20258	18	6	5	20	174	281
20259	18	6	6	21	183	281
20260	18	6	7	22	163	281
20261	18	6	8	23	129	281
20262	18	6	9	24	204	281
20263	18	6	10	25	182	281
20264	18	6	11	26	202	281
20265	18	6	12	27	73	281
20266	18	6	13	28	158	281
20267	18	6	14	29	134	281
20268	18	6	15	30	16	281
20269	18	6	16	31	67	281
20270	18	6	17	32	128	281
20271	18	6	18	33	253	281
20272	18	6	19	34	244	281
20273	18	6	20	35	69	281
20274	18	6	21	36	104	281
20275	18	6	22	37	228	281
20276	18	6	23	38	192	281
20277	18	6	24	39	211	281
20278	18	7	0	40	3	281
20279	18	7	1	41	136	281
20280	18	7	2	42	255	281
20281	18	7	3	43	91	281
20282	18	7	4	44	93	281
20283	18	7	5	45	63	281
20284	18	7	6	46	97	281
20285	18	7	7	47	57	281
20286	18	7	8	48	167	281
20287	18	7	9	49	17	281
20288	18	7	10	50	52	281
20289	18	7	11	51	185	281
20290	18	7	12	52	254	281
20291	18	7	13	53	174	281
20292	18	7	14	54	107	281
20293	18	7	15	55	190	281
20294	18	7	16	56	87	281
20295	18	7	17	57	16	281
20296	18	7	18	58	149	281
20297	18	7	19	59	55	281
20298	18	7	20	60	251	281
20299	18	7	21	61	48	281
20300	18	7	22	62	227	281
20301	18	7	23	63	134	281
20302	18	8	0	64	231	281
20303	18	8	1	65	28	281
20304	18	8	2	66	116	281
20305	18	8	3	67	55	281
20306	18	8	4	68	85	281
20307	18	8	5	69	37	281
20308	18	8	6	70	61	281
20309	18	8	7	71	78	281
20310	18	8	8	72	226	281
20311	18	8	9	73	247	281
20312	18	8	10	74	90	281
20313	18	8	11	75	96	281
20314	18	8	12	76	146	281
20315	18	8	13	77	159	281
20316	18	8	14	78	66	281
20317	18	8	15	79	72	281
20318	18	8	16	80	45	281
20319	18	8	17	81	23	281
20320	18	8	18	82	110	281
20321	18	8	19	83	213	281
20322	18	8	20	84	12	281
20323	18	8	21	85	23	281
20324	18	8	22	86	59	281
20325	18	9	0	87	55	281
20326	18	9	1	89	180	281
20327	18	9	2	90	19	281
20328	18	9	3	93	209	281
20329	18	9	4	0	33	282
20330	18	9	5	1	138	282
20331	18	9	6	2	205	282
20332	18	9	7	3	49	282
20333	18	9	8	4	9	282
20334	18	9	9	5	255	282
20335	18	9	10	6	167	282
20336	18	9	11	7	100	282
20337	18	9	12	8	92	282
20338	18	9	13	9	100	282
20339	18	9	14	10	149	282
20340	18	9	15	11	214	282
20341	18	9	16	12	117	282
20342	18	9	17	13	49	282
20343	18	9	18	14	236	282
20344	18	9	19	15	119	282
20345	18	9	20	16	44	282
20346	18	9	21	17	185	282
20347	18	10	0	18	32	282
20348	18	10	1	19	177	282
20349	18	10	2	20	92	282
20350	18	10	3	21	121	282
20351	18	10	4	22	180	282
20352	18	10	5	23	189	282
20353	18	10	6	24	191	282
20354	18	10	7	25	116	282
20355	18	10	8	26	40	282
20356	18	10	9	27	19	282
20357	18	10	10	28	120	282
20358	18	10	11	29	168	282
20359	18	10	12	30	114	282
20360	18	10	13	31	228	282
20361	18	10	14	32	87	282
20362	18	10	15	33	129	282
20363	18	10	16	34	78	282
20364	18	10	17	35	214	282
20365	18	10	18	36	252	282
20366	18	10	19	37	23	282
20367	18	10	20	38	103	282
20368	18	11	0	39	183	282
20369	18	11	1	40	252	282
20370	18	11	2	41	27	282
20371	18	11	3	42	223	282
20372	18	11	4	43	218	282
20373	18	11	5	44	148	282
20374	18	11	6	45	153	282
20375	18	11	7	46	168	282
20376	18	11	8	47	2	282
20377	18	11	9	48	135	282
20378	18	11	10	49	229	282
20379	18	11	11	50	218	282
20380	18	11	12	51	154	282
20381	18	11	13	52	172	282
20382	18	11	14	53	115	282
20383	18	11	15	54	81	282
20384	18	11	16	55	240	282
20385	18	11	17	56	97	282
20386	18	11	18	57	107	282
20387	18	11	19	58	249	282
20388	18	12	0	59	204	282
20389	18	12	1	60	123	282
20390	18	12	2	61	218	282
20391	18	12	3	62	220	282
20392	18	12	4	63	164	282
20393	18	12	5	64	13	282
20394	18	12	6	65	40	282
20395	18	12	7	66	200	282
20396	18	12	8	67	93	282
20397	18	12	9	68	43	282
20398	18	12	10	69	187	282
20399	18	12	11	70	151	282
20400	18	12	12	71	44	282
20401	18	12	13	72	43	282
20402	18	12	14	73	250	282
20403	18	12	15	74	95	282
20404	18	12	16	75	156	282
20405	18	12	17	76	85	282
20406	18	12	18	77	123	282
20407	18	13	0	78	134	282
20408	18	13	1	79	255	282
20409	18	13	2	80	25	282
20410	18	13	3	81	128	282
20411	18	13	4	82	26	282
20412	18	13	5	83	145	282
20413	18	13	6	84	248	282
20414	18	13	7	85	214	282
20415	18	13	8	86	209	282
20416	18	13	9	87	47	282
20417	18	13	10	88	85	282
20418	18	13	11	89	126	282
20419	18	13	12	90	118	282
20420	18	13	13	91	58	282
20421	18	13	14	92	68	282
20422	18	13	15	93	3	282
20423	18	13	16	97	254	282
20424	18	13	17	0	255	283
20425	18	14	0	1	130	283
20426	18	14	1	2	213	283
20427	18	14	2	3	154	283
20428	18	14	3	4	240	283
20429	18	14	4	5	103	283
20430	18	14	5	6	5	283
20431	18	14	6	7	42	283
20432	18	14	7	8	10	283
20433	18	14	8	9	242	283
20434	18	14	9	10	20	283
20435	18	14	10	11	24	283
20436	18	14	11	12	120	283
20437	18	14	12	13	221	283
20438	18	14	13	14	6	283
20439	18	14	14	15	253	283
20440	18	14	15	16	3	283
20441	18	14	16	17	242	283
20442	18	15	0	18	41	283
20443	18	15	1	19	40	283
20444	18	15	2	20	249	283
20445	18	15	3	21	190	283
20446	18	15	4	22	173	283
20447	18	15	5	23	117	283
20448	18	15	6	24	28	283
20449	18	15	7	25	16	283
20450	18	15	8	26	187	283
20451	18	15	9	28	56	283
20452	18	15	10	27	254	283
20453	18	15	11	29	57	283
20454	18	15	12	30	173	283
20455	18	15	13	31	249	283
20456	18	15	14	32	106	283
20457	18	15	15	33	234	283
20458	18	16	0	34	124	283
20459	18	16	1	35	148	283
20460	18	16	2	36	169	283
20461	18	16	3	37	58	283
20462	18	16	4	38	160	283
20463	18	16	5	39	80	283
20464	18	16	6	40	40	283
20465	18	16	7	41	209	283
20466	18	16	8	42	146	283
20467	18	16	9	43	79	283
20468	18	16	10	44	10	283
20469	18	16	11	45	241	283
20470	18	16	12	46	97	283
20471	18	16	13	47	107	283
20472	18	16	14	48	36	283
20473	18	17	0	49	46	283
20474	18	17	1	50	248	283
20475	18	17	2	51	31	283
20476	18	17	3	52	92	283
20477	18	17	4	53	20	283
20478	18	17	5	54	110	283
20479	18	17	6	55	230	283
20480	18	17	7	56	164	283
20481	18	17	8	57	196	283
20482	18	17	9	58	63	283
20483	18	17	10	59	120	283
20484	18	17	11	60	51	283
20485	18	17	12	61	140	283
20486	18	17	13	62	235	283
20487	18	18	0	63	17	283
20488	18	18	1	64	1	283
20489	18	18	2	65	114	283
20490	18	18	3	66	227	283
20491	18	18	4	67	249	283
20492	18	18	5	68	92	283
20493	18	18	6	69	89	283
20494	18	18	7	70	43	283
20495	18	18	8	71	32	283
20496	18	18	9	72	236	283
20497	18	18	10	73	200	283
20498	18	18	11	74	256	283
20499	18	18	12	75	31	283
20500	18	19	0	76	124	283
20501	18	19	1	77	143	283
20502	18	19	2	78	246	283
20503	18	19	3	79	251	283
20504	18	19	4	80	227	283
20505	18	19	5	81	64	283
20506	18	19	6	82	120	283
20507	18	19	7	83	36	283
20508	18	19	8	84	60	283
20509	18	19	9	85	161	283
20510	18	19	10	86	213	283
20511	18	19	11	87	235	283
20512	18	20	0	88	57	283
20513	18	20	1	89	136	283
20514	18	20	2	90	255	283
20515	18	20	3	91	240	283
20516	18	20	4	92	32	283
20517	18	20	5	93	197	283
20518	18	20	6	94	237	283
20519	18	20	7	95	254	283
20520	18	20	8	96	99	283
20521	18	20	9	97	41	283
20522	18	20	10	99	177	283
20523	18	21	0	0	246	284
20524	18	21	1	1	12	284
20525	18	21	2	2	148	284
20526	18	21	3	3	224	284
20527	18	21	4	4	9	284
20528	18	21	5	5	125	284
20529	18	21	6	6	126	284
20530	18	21	7	7	250	284
20531	18	21	8	8	179	284
20532	18	21	9	9	220	284
20533	18	22	0	10	27	284
20534	18	22	1	11	127	284
20535	18	22	2	12	250	284
20536	18	22	3	13	131	284
20537	18	22	4	14	122	284
20538	18	22	5	15	25	284
20539	18	22	6	16	16	284
20540	18	22	7	17	4	284
20541	18	22	8	18	98	284
20542	18	23	0	19	101	284
20543	18	23	1	20	83	284
20544	18	23	2	21	99	284
20545	18	23	3	22	95	284
20546	18	23	4	23	149	284
20547	18	23	5	24	36	284
20548	18	23	6	25	252	284
20549	18	23	7	26	129	284
20550	18	24	0	27	56	284
20551	18	24	1	28	48	284
20552	18	24	2	29	37	284
20553	18	24	3	30	207	284
20554	18	24	4	31	216	284
20555	18	24	5	32	22	284
20556	18	24	6	33	31	284
20557	18	25	0	34	13	284
20558	18	25	1	35	200	284
20559	18	25	2	36	110	284
20560	18	25	3	37	197	284
20561	18	25	4	38	18	284
20562	18	25	5	39	242	284
20563	18	26	0	40	139	284
20564	18	26	1	41	184	284
20565	18	26	2	42	76	284
20566	18	26	3	43	141	284
20567	18	26	4	44	14	284
20568	18	27	0	45	151	284
20569	18	27	1	46	59	284
20570	18	27	2	47	37	284
20571	18	27	3	48	244	284
20572	18	28	0	49	77	284
20573	18	28	1	50	79	284
20574	18	28	2	51	99	284
20575	18	29	0	52	22	284
20576	18	29	1	53	69	284
20577	18	30	0	54	235	284
20578	19	0	0	55	37	284
20579	19	0	1	56	61	284
20580	19	0	2	57	64	284
20581	19	0	3	58	92	284
20582	19	0	4	59	176	284
20583	19	0	5	60	48	284
20584	19	0	6	61	132	284
20585	19	0	7	62	247	284
20586	19	0	8	63	110	284
20587	19	0	9	64	145	284
20588	19	0	10	65	23	284
20589	19	0	11	66	175	284
20590	19	0	12	67	137	284
20591	19	0	13	68	216	284
20592	19	0	14	69	93	284
20593	19	0	15	70	224	284
20594	19	0	16	71	223	284
20595	19	0	17	72	147	284
20596	19	0	18	73	159	284
20597	19	0	19	98	167	284
20598	19	0	20	100	174	284
20599	19	0	21	101	189	284
20600	19	0	22	102	80	284
20601	19	0	23	103	8	284
20602	19	0	24	104	68	285
20603	19	0	25	105	255	285
20604	19	0	26	106	120	285
20605	19	0	27	107	6	285
20606	19	0	28	108	2	286
20607	19	0	29	109	206	286
20608	19	0	30	110	90	286
20609	19	0	31	111	6	286
20610	19	0	32	113	23	286
20611	19	0	33	112	150	287
20612	19	0	34	114	90	287
20613	19	0	35	115	133	287
20614	19	0	36	117	112	287
20615	19	1	0	74	75	284
20616	19	1	1	75	63	284
20617	19	1	2	76	155	284
20618	19	1	3	77	197	284
20619	19	1	4	78	253	284
20620	19	1	5	79	225	284
20621	19	1	6	80	185	284
20622	19	1	7	81	100	284
20623	19	1	8	82	21	284
20624	19	1	9	83	99	284
20625	19	1	10	84	22	284
20626	19	1	11	85	105	284
20627	19	1	12	86	147	284
20628	19	1	13	87	191	284
20629	19	1	14	88	227	284
20630	19	1	15	89	227	284
20631	19	1	16	90	176	284
20632	19	1	17	91	81	284
20633	19	1	18	94	156	284
20634	19	1	19	95	22	284
20635	19	1	20	96	213	284
20636	19	1	21	99	139	284
20637	19	1	22	98	199	285
20638	19	1	23	100	99	285
20639	19	1	24	101	174	285
20640	19	1	25	102	143	285
20641	19	1	26	103	40	285
20642	19	1	27	104	237	286
20643	19	1	28	105	170	286
20644	19	1	29	106	86	286
20645	19	1	30	107	30	286
20646	19	1	31	108	10	287
20647	19	1	32	109	2	287
20648	19	1	33	110	193	287
20649	19	1	34	111	30	287
20650	19	1	35	113	6	287
20651	19	2	0	92	158	284
20652	19	2	1	93	249	284
20653	19	2	2	97	5	284
20654	19	2	3	0	60	285
20655	19	2	4	1	16	285
20656	19	2	5	2	246	285
20657	19	2	6	3	103	285
20658	19	2	7	4	123	285
20659	19	2	8	5	67	285
20660	19	2	9	6	73	285
20661	19	2	10	7	12	285
20662	19	2	11	8	159	285
20663	19	2	12	9	151	285
20664	19	2	13	10	83	285
20665	19	2	14	11	45	285
20666	19	2	15	12	20	285
20667	19	2	16	13	75	285
20668	19	2	17	14	244	285
20669	19	2	18	15	249	285
20670	19	2	19	16	226	285
20671	19	2	20	17	47	285
20672	19	2	21	94	118	285
20673	19	2	22	95	233	285
20674	19	2	23	96	57	285
20675	19	2	24	99	4	285
20676	19	2	25	98	113	286
20677	19	2	26	100	238	286
20678	19	2	27	101	99	286
20679	19	2	28	102	201	286
20680	19	2	29	103	200	286
20681	19	2	30	104	156	287
20682	19	2	31	105	180	287
20683	19	2	32	106	173	287
20684	19	2	33	107	150	287
20685	19	2	34	108	50	288
20686	19	3	0	18	175	285
20687	19	3	1	19	196	285
20688	19	3	2	20	21	285
20689	19	3	3	21	168	285
20690	19	3	4	22	198	285
20691	19	3	5	23	238	285
20692	19	3	6	24	235	285
20693	19	3	7	25	29	285
20694	19	3	8	26	33	285
20695	19	3	9	27	41	285
20696	19	3	10	28	154	285
20697	19	3	11	29	255	285
20698	19	3	12	30	174	285
20699	19	3	13	31	5	285
20700	19	3	14	32	182	285
20701	19	3	15	33	20	285
20702	19	3	16	34	69	285
20703	19	3	17	35	220	285
20704	19	3	18	36	82	285
20705	19	3	19	37	114	285
20706	19	3	20	88	103	285
20707	19	3	21	91	97	285
20708	19	3	22	92	28	285
20709	19	3	23	97	135	285
20710	19	3	24	94	34	286
20711	19	3	25	95	162	286
20712	19	3	26	96	197	286
20713	19	3	27	99	163	286
20714	19	3	28	98	186	287
20715	19	3	29	100	162	287
20716	19	3	30	101	238	287
20717	19	3	31	102	234	287
20718	19	3	32	103	229	287
20719	19	3	33	104	4	288
20720	19	4	0	38	28	285
20721	19	4	1	39	182	285
20722	19	4	2	40	141	285
20723	19	4	3	41	55	285
20724	19	4	4	42	143	285
20725	19	4	5	43	82	285
20726	19	4	6	44	57	285
20727	19	4	7	45	92	285
20728	19	4	8	46	205	285
20729	19	4	9	47	146	285
20730	19	4	10	48	137	285
20731	19	4	11	49	241	285
20732	19	4	12	50	104	285
20733	19	4	13	51	192	285
20734	19	4	14	52	16	285
20735	19	4	15	53	10	285
20736	19	4	16	54	70	285
20737	19	4	17	55	139	285
20738	19	4	18	56	220	285
20739	19	4	19	86	240	285
20740	19	4	20	89	181	285
20741	19	4	21	90	67	285
20742	19	4	22	93	116	285
20743	19	4	23	88	153	286
20744	19	4	24	91	52	286
20745	19	4	25	92	214	286
20746	19	4	26	97	179	286
20747	19	4	27	94	54	287
20748	19	4	28	95	59	287
20749	19	4	29	96	158	287
20750	19	4	30	99	245	287
20751	19	4	31	98	188	288
20752	19	4	32	100	39	288
20753	19	5	0	57	219	285
20754	19	5	1	58	256	285
20755	19	5	2	59	66	285
20756	19	5	3	60	34	285
20757	19	5	4	61	39	285
20758	19	5	5	62	142	285
20759	19	5	6	63	227	285
20760	19	5	7	64	229	285
20761	19	5	8	65	9	285
20762	19	5	9	66	132	285
20763	19	5	10	67	199	285
20764	19	5	11	68	140	285
20765	19	5	12	69	26	285
20766	19	5	13	70	211	285
20767	19	5	14	71	43	285
20768	19	5	15	72	115	285
20769	19	5	16	73	81	285
20770	19	5	17	80	149	285
20771	19	5	18	83	32	285
20772	19	5	19	84	163	285
20773	19	5	20	85	208	285
20774	19	5	21	87	102	285
20775	19	5	22	86	174	286
20776	19	5	23	89	52	286
20777	19	5	24	90	66	286
20778	19	5	25	93	17	286
20779	19	5	26	88	234	287
20780	19	5	27	91	222	287
20781	19	5	28	92	19	287
20782	19	5	29	97	172	287
20783	19	5	30	94	21	288
20784	19	5	31	95	86	288
20785	19	6	0	74	166	285
20786	19	6	1	75	88	285
20787	19	6	2	76	207	285
20788	19	6	3	77	140	285
20789	19	6	4	78	122	285
20790	19	6	5	79	230	285
20791	19	6	6	81	141	285
20792	19	6	7	82	196	285
20793	19	6	8	0	69	286
20794	19	6	9	1	29	286
20795	19	6	10	2	161	286
20796	19	6	11	3	228	286
20797	19	6	12	4	84	286
20798	19	6	13	5	218	286
20799	19	6	14	6	204	286
20800	19	6	15	7	197	286
20801	19	6	16	8	233	286
20802	19	6	17	9	211	286
20803	19	6	18	10	144	286
20804	19	6	19	12	40	286
20805	19	6	20	80	102	286
20806	19	6	21	83	160	286
20807	19	6	22	84	93	286
20808	19	6	23	85	72	286
20809	19	6	24	87	8	286
20810	19	6	25	86	79	287
20811	19	6	26	89	107	287
20812	19	6	27	90	62	287
20813	19	6	28	93	240	287
20814	19	6	29	88	166	288
20815	19	6	30	91	145	288
20816	19	7	0	11	7	286
20817	19	7	1	13	247	286
20818	19	7	2	14	168	286
20819	19	7	3	15	205	286
20820	19	7	4	16	161	286
20821	19	7	5	17	253	286
20822	19	7	6	18	245	286
20823	19	7	7	19	182	286
20824	19	7	8	20	22	286
20825	19	7	9	21	7	286
20826	19	7	10	22	204	286
20827	19	7	11	23	232	286
20828	19	7	12	24	154	286
20829	19	7	13	25	76	286
20830	19	7	14	26	39	286
20831	19	7	15	27	131	286
20832	19	7	16	28	176	286
20833	19	7	17	29	237	286
20834	19	7	18	30	159	286
20835	19	7	19	76	35	286
20836	19	7	20	79	210	286
20837	19	7	21	81	99	286
20838	19	7	22	82	30	286
20839	19	7	23	80	167	287
20840	19	7	24	83	29	287
20841	19	7	25	84	196	287
20842	19	7	26	85	167	287
20843	19	7	27	87	100	287
20844	19	7	28	86	158	288
20845	19	7	29	89	27	288
20846	19	8	0	31	49	286
20847	19	8	1	32	241	286
20848	19	8	2	33	1	286
20849	19	8	3	34	245	286
20850	19	8	4	35	3	286
20851	19	8	5	36	128	286
20852	19	8	6	37	134	286
20853	19	8	7	38	74	286
20854	19	8	8	39	218	286
20855	19	8	9	40	235	286
20856	19	8	10	41	151	286
20857	19	8	11	42	97	286
20858	19	8	12	43	208	286
20859	19	8	13	44	49	286
20860	19	8	14	45	21	286
20861	19	8	15	46	97	286
20862	19	8	16	47	18	286
20863	19	8	17	48	171	286
20864	19	8	18	74	75	286
20865	19	8	19	75	166	286
20866	19	8	20	77	12	286
20867	19	8	21	78	254	286
20868	19	8	22	76	60	287
20869	19	8	23	79	22	287
20870	19	8	24	81	179	287
20871	19	8	25	82	142	287
20872	19	8	26	80	100	288
20873	19	8	27	83	145	288
20874	19	8	28	84	149	288
20875	19	9	0	49	109	286
20876	19	9	1	50	17	286
20877	19	9	2	51	201	286
20878	19	9	3	52	47	286
20879	19	9	4	53	123	286
20880	19	9	5	54	155	286
20881	19	9	6	55	163	286
20882	19	9	7	56	55	286
20883	19	9	8	57	166	286
20884	19	9	9	58	130	286
20885	19	9	10	59	228	286
20886	19	9	11	60	241	286
20887	19	9	12	61	78	286
20888	19	9	13	62	34	286
20889	19	9	14	63	69	286
20890	19	9	15	64	16	286
20891	19	9	16	68	87	286
20892	19	9	17	70	96	286
20893	19	9	18	71	61	286
20894	19	9	19	72	155	286
20895	19	9	20	73	31	286
20896	19	9	21	74	192	287
20897	19	9	22	75	55	287
20898	19	9	23	77	22	287
20899	19	9	24	78	1	287
20900	19	9	25	76	110	288
20901	19	9	26	79	110	288
20902	19	9	27	81	86	288
20903	19	10	0	65	196	286
20904	19	10	1	66	145	286
20905	19	10	2	67	49	286
20906	19	10	3	69	102	286
20907	19	10	4	0	77	287
20908	19	10	5	1	130	287
20909	19	10	6	2	205	287
20910	19	10	7	3	243	287
20911	19	10	8	4	1	287
20912	19	10	9	5	91	287
20913	19	10	10	6	53	287
20914	19	10	11	7	59	287
20915	19	10	12	8	131	287
20916	19	10	13	9	244	287
20917	19	10	14	10	137	287
20918	19	10	15	11	30	287
20919	19	10	16	12	247	287
20920	19	10	17	13	174	287
20921	19	10	18	14	115	287
20922	19	10	19	68	130	287
20923	19	10	20	70	223	287
20924	19	10	21	71	48	287
20925	19	10	22	72	4	287
20926	19	10	23	73	155	287
20927	19	10	24	74	45	288
20928	19	10	25	75	127	288
20929	19	10	26	77	177	288
20930	19	11	0	15	176	287
20931	19	11	1	16	34	287
20932	19	11	2	17	86	287
20933	19	11	3	18	231	287
20934	19	11	4	19	206	287
20935	19	11	5	20	111	287
20936	19	11	6	21	27	287
20937	19	11	7	22	32	287
20938	19	11	8	23	168	287
20939	19	11	9	24	28	287
20940	19	11	10	25	6	287
20941	19	11	11	26	26	287
20942	19	11	12	27	136	287
20943	19	11	13	28	114	287
20944	19	11	14	29	98	287
20945	19	11	15	30	246	287
20946	19	11	16	31	236	287
20947	19	11	17	32	153	287
20948	19	11	18	64	9	287
20949	19	11	19	66	116	287
20950	19	11	20	67	160	287
20951	19	11	21	69	196	287
20952	19	11	22	68	73	288
20953	19	11	23	70	87	288
20954	19	11	24	71	240	288
20955	19	11	25	72	20	288
20956	19	12	0	33	41	287
20957	19	12	1	34	35	287
20958	19	12	2	35	155	287
20959	19	12	3	36	142	287
20960	19	12	4	37	213	287
20961	19	12	5	38	144	287
20962	19	12	6	39	64	287
20963	19	12	7	40	141	287
20964	19	12	8	41	65	287
20965	19	12	9	42	1	287
20966	19	12	10	43	73	287
20967	19	12	11	44	64	287
20968	19	12	12	45	43	287
20969	19	12	13	46	144	287
20970	19	12	14	47	16	287
20971	19	12	15	59	69	287
20972	19	12	16	48	208	287
20973	19	12	17	60	38	287
20974	19	12	18	62	66	287
20975	19	12	19	63	210	287
20976	19	12	20	65	60	287
20977	19	12	21	64	39	288
20978	19	12	22	66	66	288
20979	19	12	23	67	29	288
20980	19	12	24	69	217	288
20981	19	13	0	49	179	287
20982	19	13	1	50	52	287
20983	19	13	2	51	138	287
20984	19	13	3	52	238	287
20985	19	13	4	53	207	287
20986	19	13	5	54	238	287
20987	19	13	6	55	256	287
20988	19	13	7	56	65	287
20989	19	13	8	57	2	287
20990	19	13	9	58	148	287
20991	19	13	10	61	219	287
20992	19	13	11	0	104	288
20993	19	13	12	1	254	288
20994	19	13	13	2	74	288
20995	19	13	14	3	95	288
20996	19	13	15	4	34	288
20997	19	13	16	5	154	288
20998	19	13	17	6	89	288
20999	19	13	18	7	220	288
21000	19	13	19	59	164	288
21001	19	13	20	60	191	288
21002	19	13	21	62	73	288
21003	19	13	22	63	22	288
21004	19	13	23	65	83	288
21005	19	14	0	8	15	288
21006	19	14	1	9	158	288
21007	19	14	2	10	159	288
21008	19	14	3	11	198	288
21009	19	14	4	12	234	288
21010	19	14	5	13	12	288
21011	19	14	6	14	91	288
21012	19	14	7	15	24	288
21013	19	14	8	16	5	288
21014	19	14	9	17	211	288
21015	19	14	10	18	164	288
21016	19	14	11	19	173	288
21017	19	14	12	20	141	288
21018	19	14	13	21	141	288
21019	19	14	14	22	19	288
21020	19	14	15	23	226	288
21021	19	14	16	24	17	288
21022	19	14	17	25	33	288
21023	19	14	18	26	132	288
21024	19	14	19	56	74	288
21025	19	14	20	58	144	288
21026	19	14	21	61	204	288
21027	19	14	22	73	147	288
21028	19	15	0	27	249	288
21029	19	15	1	28	169	288
21030	19	15	2	29	136	288
21031	19	15	3	30	220	288
21032	19	15	4	31	223	288
21033	19	15	5	32	142	288
21034	19	15	6	33	178	288
21035	19	15	7	34	223	288
21036	19	15	8	35	136	288
21037	19	15	9	36	69	288
21038	19	15	10	37	7	288
21039	19	15	11	38	217	288
21040	19	15	12	39	140	288
21041	19	15	13	40	52	288
21042	19	15	14	41	125	288
21043	19	15	15	42	158	288
21044	19	15	16	43	139	288
21045	19	15	17	52	16	288
21046	19	15	18	53	106	288
21047	19	15	19	54	189	288
21048	19	15	20	55	48	288
21049	19	15	21	57	117	288
21050	19	16	0	44	67	288
21051	19	16	1	45	158	288
21052	19	16	2	46	112	288
21053	19	16	3	47	186	288
21054	19	16	4	48	11	288
21055	19	16	5	49	253	288
21056	19	16	6	50	80	288
21057	19	16	7	51	28	288
21058	19	16	8	78	174	288
21059	19	16	9	82	18	288
21060	19	16	10	85	35	288
21061	19	16	11	87	201	288
21062	19	16	12	90	3	288
21063	19	16	13	92	164	288
21064	19	16	14	93	95	288
21065	19	16	15	96	58	288
21066	19	16	16	97	179	288
21067	19	16	17	99	194	288
21068	19	16	18	101	248	288
21069	19	16	19	102	63	288
21070	19	16	20	103	145	288
21071	19	17	0	105	2	288
21072	19	17	1	106	65	288
21073	19	17	2	107	53	288
21074	19	17	3	109	250	288
21075	19	17	4	110	183	288
21076	19	17	5	111	99	288
21077	19	17	6	112	101	288
21078	19	17	7	113	93	288
21079	19	17	8	114	232	288
21080	19	17	9	115	74	288
21081	19	17	10	116	231	288
21082	19	17	11	117	222	288
21083	19	17	12	118	91	288
21084	19	17	13	120	25	288
21085	19	17	14	121	73	288
21086	19	17	15	0	153	289
21087	19	17	16	1	142	289
21088	19	17	17	2	72	289
21089	19	17	18	3	13	289
21090	19	17	19	4	155	289
21091	19	18	0	5	80	289
21092	19	18	1	6	101	289
21093	19	18	2	7	125	289
21094	19	18	3	8	152	289
21095	19	18	4	9	183	289
21096	19	18	5	10	134	289
21097	19	18	6	11	35	289
21098	19	18	7	12	131	289
21099	19	18	8	13	40	289
21100	19	18	9	14	228	289
21101	19	18	10	15	25	289
21102	19	18	11	16	189	289
21103	19	18	12	17	109	289
21104	19	18	13	18	94	289
21105	19	18	14	19	230	289
21106	19	18	15	20	247	289
21107	19	18	16	21	79	289
21108	19	18	17	22	61	289
21109	19	18	18	23	110	289
21110	19	19	0	24	60	289
21111	19	19	1	25	11	289
21112	19	19	2	26	219	289
21113	19	19	3	27	48	289
21114	19	19	4	28	12	289
21115	19	19	5	29	8	289
21116	19	19	6	30	78	289
21117	19	19	7	31	54	289
21118	19	19	8	32	201	289
21119	19	19	9	33	191	289
21120	19	19	10	34	155	289
21121	19	19	11	35	177	289
21122	19	19	12	36	68	289
21123	19	19	13	37	37	289
21124	19	19	14	38	197	289
21125	19	19	15	39	116	289
21126	19	19	16	40	155	289
21127	19	19	17	41	154	289
21128	19	20	0	42	14	289
21129	19	20	1	43	170	289
21130	19	20	2	44	39	289
21131	19	20	3	45	131	289
21132	19	20	4	46	228	289
21133	19	20	5	47	88	289
21134	19	20	6	48	30	289
21135	19	20	7	49	156	289
21136	19	20	8	50	47	289
21137	19	20	9	51	190	289
21138	19	20	10	52	16	289
21139	19	20	11	53	218	289
21140	19	20	12	54	48	289
21141	19	20	13	55	56	289
21142	19	20	14	56	34	289
21143	19	20	15	57	126	289
21144	19	20	16	58	17	289
21145	19	21	0	59	48	289
21146	19	21	1	60	1	289
21147	19	21	2	61	233	289
21148	19	21	3	62	230	289
21149	19	21	4	63	51	289
21150	19	21	5	64	7	289
21151	19	21	6	65	84	289
21152	19	21	7	66	60	289
21153	19	21	8	67	130	289
21154	19	21	9	68	39	289
21155	19	21	10	69	103	289
21156	19	21	11	70	179	289
21157	19	21	12	71	102	289
21158	19	21	13	72	236	289
21159	19	21	14	73	138	289
21160	19	21	15	74	84	289
21161	19	22	0	75	138	289
21162	19	22	1	76	122	289
21163	19	22	2	77	92	289
21164	19	22	3	78	71	289
21165	19	22	4	79	134	289
21166	19	22	5	80	252	289
21167	19	22	6	81	66	289
21168	19	22	7	82	236	289
21169	19	22	8	83	131	289
21170	19	22	9	84	133	289
21171	19	22	10	85	6	289
21172	19	22	11	86	127	289
21173	19	22	12	87	182	289
21174	19	22	13	88	85	289
21175	19	22	14	89	119	289
21176	19	23	0	90	47	289
21177	19	23	1	91	55	289
21178	19	23	2	92	82	289
21179	19	23	3	93	34	289
21180	19	23	4	94	29	289
21181	19	23	5	95	126	289
21182	19	23	6	96	159	289
21183	19	23	7	97	127	289
21184	19	23	8	98	202	289
21185	19	23	9	99	28	289
21186	19	23	10	100	240	289
21187	19	23	11	101	208	289
21188	19	23	12	102	31	289
21189	19	23	13	103	35	289
21190	19	24	0	104	145	289
21191	19	24	1	105	196	289
21192	19	24	2	106	6	289
21193	19	24	3	107	82	289
21194	19	24	4	108	11	289
21195	19	24	5	109	29	289
21196	19	24	6	110	219	289
21197	19	24	7	111	61	289
21198	19	24	8	112	235	289
21199	19	24	9	113	223	289
21200	19	24	10	114	50	289
21201	19	24	11	115	256	289
21202	19	24	12	116	131	289
21203	19	25	0	117	254	289
21204	19	25	1	118	120	289
21205	19	25	2	119	86	289
21206	19	25	3	120	39	289
21207	19	25	4	121	105	289
21208	19	25	5	122	85	289
21209	19	25	6	123	213	289
21210	19	25	7	125	23	289
21211	19	25	8	127	244	289
21212	19	25	9	0	181	290
21213	19	25	10	1	30	290
21214	19	25	11	2	243	290
21215	19	26	0	3	91	290
21216	19	26	1	4	20	290
21217	19	26	2	5	204	290
21218	19	26	3	6	178	290
21219	19	26	4	7	13	290
21220	19	26	5	8	44	290
21221	19	26	6	9	138	290
21222	19	26	7	10	186	290
21223	19	26	8	11	225	290
21224	19	26	9	12	36	290
21225	19	26	10	13	10	290
21226	19	27	0	14	191	290
21227	19	27	1	15	56	290
21228	19	27	2	16	12	290
21229	19	27	3	17	253	290
21230	19	27	4	18	42	290
21231	19	27	5	19	113	290
21232	19	27	6	20	182	290
21233	19	27	7	21	64	290
21234	19	27	8	22	58	290
21235	19	27	9	23	246	290
21236	19	28	0	24	175	290
21237	19	28	1	25	158	290
21238	19	28	2	26	151	290
21239	19	28	3	27	4	290
21240	19	28	4	28	58	290
21241	19	28	5	29	241	290
21242	19	28	6	30	189	290
21243	19	28	7	31	251	290
21244	19	28	8	32	200	290
21245	19	29	0	33	246	290
21246	19	29	1	34	66	290
21247	19	29	2	35	142	290
21248	19	29	3	36	196	290
21249	19	29	4	37	80	290
21250	19	29	5	38	25	290
21251	19	29	6	39	94	290
21252	19	29	7	40	237	290
21253	19	30	0	41	194	290
21254	19	30	1	42	89	290
21255	19	30	2	43	77	290
21256	19	30	3	44	36	290
21257	19	30	4	45	192	290
21258	19	30	5	46	151	290
21259	19	30	6	47	149	290
21260	19	31	0	48	67	290
21261	19	31	1	49	9	290
21262	19	31	2	50	42	290
21263	19	31	3	51	199	290
21264	19	31	4	52	232	290
21265	19	31	5	53	161	290
21266	19	32	0	54	44	290
21267	19	32	1	55	88	290
21268	19	32	2	56	111	290
21269	19	32	3	57	86	290
21270	19	32	4	58	147	290
21271	19	33	0	59	101	290
21272	19	33	1	60	126	290
21273	19	33	2	61	35	290
21274	19	33	3	62	79	290
21275	19	34	0	0	45	291
21276	19	34	1	63	90	290
21277	19	34	2	64	34	290
21278	19	35	0	0	45	292
21279	19	35	1	65	40	290
21280	19	36	0	0	45	293
21281	20	0	0	66	225	290
21282	20	0	1	67	160	290
21283	20	0	2	68	55	290
21284	20	0	3	69	209	290
21285	20	0	4	70	187	290
21286	20	0	5	71	43	290
21287	20	0	6	72	232	290
21288	20	0	7	73	153	290
21289	20	0	8	74	139	290
21290	20	0	9	124	132	290
21291	20	0	10	126	208	290
21292	20	0	11	129	221	290
21293	20	0	12	128	120	291
21294	20	0	13	130	180	291
21295	20	0	14	131	18	291
21296	20	0	15	132	130	291
21297	20	0	16	133	26	291
21298	20	0	17	135	106	291
21299	20	0	18	134	54	292
21300	20	0	19	137	121	292
21301	20	0	20	138	35	292
21302	20	0	21	136	27	293
21303	20	0	22	139	142	293
21304	20	0	23	141	62	293
21305	20	0	24	140	111	293
21306	20	0	25	142	147	293
21307	20	1	0	75	10	290
21308	20	1	1	76	245	290
21309	20	1	2	77	152	290
21310	20	1	3	78	28	290
21311	20	1	4	79	90	290
21312	20	1	5	80	16	290
21313	20	1	6	81	65	290
21314	20	1	7	82	14	290
21315	20	1	8	119	198	290
21316	20	1	9	122	236	290
21317	20	1	10	123	50	290
21318	20	1	11	125	5	290
21319	20	1	12	127	100	290
21320	20	1	13	124	183	291
21321	20	1	14	126	231	291
21322	20	1	15	129	182	291
21323	20	1	16	128	177	292
21324	20	1	17	130	177	292
21325	20	1	18	131	249	292
21326	20	1	19	132	85	292
21327	20	1	20	133	17	292
21328	20	1	21	135	207	292
21329	20	1	22	134	159	293
21330	20	1	23	137	86	293
21331	20	1	24	138	114	293
21332	20	2	0	83	22	290
21333	20	2	1	84	222	290
21334	20	2	2	85	27	290
21335	20	2	3	86	255	290
21336	20	2	4	87	98	290
21337	20	2	5	88	96	290
21338	20	2	6	89	202	290
21339	20	2	7	90	107	290
21340	20	2	8	116	91	290
21341	20	2	9	118	41	290
21342	20	2	10	120	97	290
21343	20	2	11	121	91	290
21344	20	2	12	119	250	291
21345	20	2	13	122	95	291
21346	20	2	14	123	92	291
21347	20	2	15	125	181	291
21348	20	2	16	127	252	291
21349	20	2	17	124	192	292
21350	20	2	18	126	163	292
21351	20	2	19	129	188	292
21352	20	2	20	128	14	293
21353	20	2	21	130	7	293
21354	20	2	22	131	232	293
21355	20	2	23	132	105	293
21356	20	2	24	133	21	293
21357	20	3	0	91	195	290
21358	20	3	1	92	134	290
21359	20	3	2	93	192	290
21360	20	3	3	94	143	290
21361	20	3	4	95	61	290
21362	20	3	5	96	22	290
21363	20	3	6	97	84	290
21364	20	3	7	98	147	290
21365	20	3	8	112	4	290
21366	20	3	9	114	128	290
21367	20	3	10	115	212	290
21368	20	3	11	117	75	290
21369	20	3	12	116	109	291
21370	20	3	13	118	96	291
21371	20	3	14	120	38	291
21372	20	3	15	121	207	291
21373	20	3	16	119	196	292
21374	20	3	17	122	72	292
21375	20	3	18	123	159	292
21376	20	3	19	125	203	292
21377	20	3	20	127	159	292
21378	20	3	21	124	36	293
21379	20	3	22	126	110	293
21380	20	3	23	135	109	293
21381	20	4	0	99	160	290
21382	20	4	1	100	3	290
21383	20	4	2	101	51	290
21384	20	4	3	102	126	290
21385	20	4	4	103	164	290
21386	20	4	5	104	62	290
21387	20	4	6	105	116	290
21388	20	4	7	108	66	290
21389	20	4	8	109	116	290
21390	20	4	9	110	143	290
21391	20	4	10	111	198	290
21392	20	4	11	113	151	290
21393	20	4	12	112	187	291
21394	20	4	13	114	143	291
21395	20	4	14	115	20	291
21396	20	4	15	117	237	291
21397	20	4	16	116	43	292
21398	20	4	17	118	43	292
21399	20	4	18	120	1	292
21400	20	4	19	121	121	292
21401	20	4	20	119	247	293
21402	20	4	21	122	225	293
21403	20	4	22	123	15	293
21404	20	4	23	125	228	293
21405	20	5	0	106	246	290
21406	20	5	1	107	229	290
21407	20	5	2	1	32	291
21408	20	5	3	2	143	291
21409	20	5	4	3	46	291
21410	20	5	5	4	115	291
21411	20	5	6	5	100	291
21412	20	5	7	6	23	291
21413	20	5	8	7	142	291
21414	20	5	9	8	213	291
21415	20	5	10	9	112	291
21416	20	5	11	108	142	291
21417	20	5	12	109	234	291
21418	20	5	13	110	222	291
21419	20	5	14	111	169	291
21420	20	5	15	113	181	291
21421	20	5	16	112	213	292
21422	20	5	17	114	222	292
21423	20	5	18	115	191	292
21424	20	5	19	117	22	292
21425	20	5	20	116	114	293
21426	20	5	21	118	38	293
21427	20	5	22	120	109	293
21428	20	6	0	10	155	291
21429	20	6	1	11	33	291
21430	20	6	2	12	140	291
21431	20	6	3	13	41	291
21432	20	6	4	14	147	291
21433	20	6	5	15	251	291
21434	20	6	6	16	12	291
21435	20	6	7	17	160	291
21436	20	6	8	18	86	291
21437	20	6	9	19	12	291
21438	20	6	10	20	32	291
21439	20	6	11	104	223	291
21440	20	6	12	105	36	291
21441	20	6	13	106	154	291
21442	20	6	14	107	239	291
21443	20	6	15	108	251	292
21444	20	6	16	109	153	292
21445	20	6	17	110	244	292
21446	20	6	18	111	239	292
21447	20	6	19	113	6	292
21448	20	6	20	112	35	293
21449	20	6	21	114	244	293
21450	20	6	22	115	115	293
21451	20	7	0	21	65	291
21452	20	7	1	22	218	291
21453	20	7	2	23	224	291
21454	20	7	3	24	222	291
21455	20	7	4	25	150	291
21456	20	7	5	26	48	291
21457	20	7	6	27	78	291
21458	20	7	7	28	229	291
21459	20	7	8	29	8	291
21460	20	7	9	30	213	291
21461	20	7	10	98	138	291
21462	20	7	11	100	232	291
21463	20	7	12	101	252	291
21464	20	7	13	102	21	291
21465	20	7	14	103	182	291
21466	20	7	15	104	124	292
21467	20	7	16	105	22	292
21468	20	7	17	106	160	292
21469	20	7	18	107	8	292
21470	20	7	19	108	174	293
21471	20	7	20	109	189	293
21472	20	7	21	110	120	293
21473	20	8	0	31	169	291
21474	20	8	1	32	9	291
21475	20	8	2	33	114	291
21476	20	8	3	34	178	291
21477	20	8	4	35	38	291
21478	20	8	5	36	170	291
21479	20	8	6	37	5	291
21480	20	8	7	38	67	291
21481	20	8	8	39	60	291
21482	20	8	9	40	211	291
21483	20	8	10	94	106	291
21484	20	8	11	95	23	291
21485	20	8	12	96	216	291
21486	20	8	13	99	246	291
21487	20	8	14	98	165	292
21488	20	8	15	100	211	292
21489	20	8	16	101	145	292
21490	20	8	17	102	162	292
21491	20	8	18	103	119	292
21492	20	8	19	104	71	293
21493	20	8	20	105	87	293
21494	20	8	21	106	243	293
21495	20	9	0	41	119	291
21496	20	9	1	42	141	291
21497	20	9	2	43	247	291
21498	20	9	3	44	106	291
21499	20	9	4	45	72	291
21500	20	9	5	46	2	291
21501	20	9	6	47	18	291
21502	20	9	7	48	240	291
21503	20	9	8	49	198	291
21504	20	9	9	50	94	291
21505	20	9	10	88	246	291
21506	20	9	11	91	53	291
21507	20	9	12	92	161	291
21508	20	9	13	97	115	291
21509	20	9	14	94	171	292
21510	20	9	15	95	216	292
21511	20	9	16	96	65	292
21512	20	9	17	99	31	292
21513	20	9	18	98	196	293
21514	20	9	19	100	49	293
21515	20	9	20	101	164	293
21516	20	10	0	51	227	291
21517	20	10	1	52	171	291
21518	20	10	2	53	27	291
21519	20	10	3	54	51	291
21520	20	10	4	55	179	291
21521	20	10	5	56	184	291
21522	20	10	6	57	101	291
21523	20	10	7	58	235	291
21524	20	10	8	59	142	291
21525	20	10	9	60	236	291
21526	20	10	10	86	217	291
21527	20	10	11	89	219	291
21528	20	10	12	90	183	291
21529	20	10	13	93	87	291
21530	20	10	14	88	159	292
21531	20	10	15	91	129	292
21532	20	10	16	92	171	292
21533	20	10	17	97	133	292
21534	20	10	18	94	145	293
21535	20	10	19	96	247	293
21536	20	10	20	95	255	293
21537	20	11	0	61	98	291
21538	20	11	1	62	175	291
21539	20	11	2	63	220	291
21540	20	11	3	64	48	291
21541	20	11	4	65	149	291
21542	20	11	5	66	253	291
21543	20	11	6	67	229	291
21544	20	11	7	68	11	291
21545	20	11	8	69	239	291
21546	20	11	9	80	241	291
21547	20	11	10	83	95	291
21548	20	11	11	84	224	291
21549	20	11	12	85	159	291
21550	20	11	13	87	148	291
21551	20	11	14	86	14	292
21552	20	11	15	89	81	292
21553	20	11	16	90	18	292
21554	20	11	17	93	178	292
21555	20	11	18	88	198	293
21556	20	11	19	92	33	293
21557	20	12	0	70	92	291
21558	20	12	1	71	161	291
21559	20	12	2	72	226	291
21560	20	12	3	73	13	291
21561	20	12	4	74	20	291
21562	20	12	5	75	156	291
21563	20	12	6	76	125	291
21564	20	12	7	77	51	291
21565	20	12	8	78	42	291
21566	20	12	9	79	142	291
21567	20	12	10	81	13	291
21568	20	12	11	82	83	291
21569	20	12	12	1	95	292
21570	20	12	13	80	38	292
21571	20	12	14	83	72	292
21572	20	12	15	84	78	292
21573	20	12	16	85	16	292
21574	20	12	17	87	103	292
21575	20	12	18	86	203	293
21576	20	12	19	89	18	293
21577	20	13	0	2	147	292
21578	20	13	1	3	79	292
21579	20	13	2	4	17	292
21580	20	13	3	5	126	292
21581	20	13	4	6	74	292
21582	20	13	5	7	247	292
21583	20	13	6	8	81	292
21584	20	13	7	9	204	292
21585	20	13	8	10	20	292
21586	20	13	9	11	130	292
21587	20	13	10	12	250	292
21588	20	13	11	13	49	292
21589	20	13	12	14	168	292
21590	20	13	13	76	147	292
21591	20	13	14	79	43	292
21592	20	13	15	81	157	292
21593	20	13	16	82	190	292
21594	20	13	17	80	179	293
21595	20	13	18	83	225	293
21596	20	14	0	15	40	292
21597	20	14	1	16	200	292
21598	20	14	2	17	52	292
21599	20	14	3	18	204	292
21600	20	14	4	19	158	292
21601	20	14	5	20	216	292
21602	20	14	6	21	210	292
21603	20	14	7	22	239	292
21604	20	14	8	23	125	292
21605	20	14	9	24	187	292
21606	20	14	10	25	93	292
21607	20	14	11	26	159	292
21608	20	14	12	27	256	292
21609	20	14	13	74	99	292
21610	20	14	14	75	159	292
21611	20	14	15	77	220	292
21612	20	14	16	78	65	292
21613	20	14	17	76	102	293
21614	20	14	18	79	38	293
21615	20	15	0	28	206	292
21616	20	15	1	29	164	292
21617	20	15	2	30	183	292
21618	20	15	3	31	71	292
21619	20	15	4	32	171	292
21620	20	15	5	33	182	292
21621	20	15	6	34	196	292
21622	20	15	7	35	39	292
21623	20	15	8	36	198	292
21624	20	15	9	37	248	292
21625	20	15	10	38	255	292
21626	20	15	11	39	125	292
21627	20	15	12	68	62	292
21628	20	15	13	70	127	292
21629	20	15	14	71	244	292
21630	20	15	15	72	106	292
21631	20	15	16	73	124	292
21632	20	15	17	74	1	293
21633	20	16	0	40	84	292
21634	20	16	1	41	55	292
21635	20	16	2	42	229	292
21636	20	16	3	43	50	292
21637	20	16	4	44	105	292
21638	20	16	5	45	14	292
21639	20	16	6	46	44	292
21640	20	16	7	47	23	292
21641	20	16	8	48	198	292
21642	20	16	9	49	14	292
21643	20	16	10	50	28	292
21644	20	16	11	51	150	292
21645	20	16	12	64	164	292
21646	20	16	13	66	58	292
21647	20	16	14	67	80	292
21648	20	16	15	69	59	292
21649	20	16	16	68	4	293
21650	20	16	17	70	172	293
21651	20	17	0	52	253	292
21652	20	17	1	53	172	292
21653	20	17	2	54	239	292
21654	20	17	3	55	233	292
21655	20	17	4	56	33	292
21656	20	17	5	57	145	292
21657	20	17	6	59	227	292
21658	20	17	7	58	10	292
21659	20	17	8	60	121	292
21660	20	17	9	61	223	292
21661	20	17	10	62	169	292
21662	20	17	11	63	71	292
21663	20	17	12	65	109	292
21664	20	17	13	1	133	293
21665	20	17	14	2	250	293
21666	20	17	15	3	42	293
21667	20	17	16	64	100	293
21668	20	18	0	4	169	293
21669	20	18	1	5	2	293
21670	20	18	2	6	94	293
21671	20	18	3	7	66	293
21672	20	18	4	8	79	293
21673	20	18	5	9	44	293
21674	20	18	6	10	230	293
21675	20	18	7	11	34	293
21676	20	18	8	12	27	293
21677	20	18	9	13	188	293
21678	20	18	10	14	192	293
21679	20	18	11	15	132	293
21680	20	18	12	16	180	293
21681	20	18	13	17	178	293
21682	20	18	14	18	142	293
21683	20	18	15	59	181	293
21684	20	18	16	60	110	293
21685	20	19	0	19	203	293
21686	20	19	1	20	106	293
21687	20	19	2	21	21	293
21688	20	19	3	22	119	293
21689	20	19	4	23	126	293
21690	20	19	5	24	26	293
21691	20	19	6	25	79	293
21692	20	19	7	26	41	293
21693	20	19	8	27	97	293
21694	20	19	9	28	34	293
21695	20	19	10	29	186	293
21696	20	19	11	30	237	293
21697	20	19	12	31	173	293
21698	20	19	13	32	145	293
21699	20	19	14	33	78	293
21700	20	19	15	34	110	293
21701	20	20	0	35	26	293
21702	20	20	1	36	192	293
21703	20	20	2	37	199	293
21704	20	20	3	38	208	293
21705	20	20	4	39	135	293
21706	20	20	5	40	190	293
21707	20	20	6	41	102	293
21708	20	20	7	42	129	293
21709	20	20	8	43	173	293
21710	20	20	9	44	70	293
21711	20	20	10	45	223	293
21712	20	20	11	46	134	293
21713	20	20	12	47	221	293
21714	20	20	13	48	152	293
21715	20	20	14	49	133	293
21716	20	20	15	52	73	293
21717	20	21	0	50	15	293
21718	20	21	1	51	92	293
21719	20	21	2	53	6	293
21720	20	21	3	54	89	293
21721	20	21	4	55	211	293
21722	20	21	5	56	206	293
21723	20	21	6	57	112	293
21724	20	21	7	58	31	293
21725	20	21	8	61	160	293
21726	20	21	9	62	53	293
21727	20	21	10	63	37	293
21728	20	21	11	65	104	293
21729	20	21	12	66	94	293
21730	20	21	13	67	154	293
21731	20	21	14	69	49	293
21732	20	22	0	71	10	293
21733	20	22	1	72	65	293
21734	20	22	2	73	150	293
21735	20	22	3	75	203	293
21736	20	22	4	77	231	293
21737	20	22	5	78	137	293
21738	20	22	6	81	198	293
21739	20	22	7	82	237	293
21740	20	22	8	84	133	293
21741	20	22	9	85	207	293
21742	20	22	10	87	194	293
21743	20	22	11	90	223	293
21744	20	22	12	91	172	293
21745	20	22	13	93	120	293
21746	20	22	14	97	127	293
21747	20	23	0	99	131	293
21748	20	23	1	102	68	293
21749	20	23	2	103	75	293
21750	20	23	3	107	111	293
21751	20	23	4	111	195	293
21752	20	23	5	113	58	293
21753	20	23	6	117	175	293
21754	20	23	7	121	41	293
21755	20	23	8	127	115	293
21756	20	23	9	129	193	293
21757	20	23	10	0	168	294
21758	20	23	11	1	79	294
21759	20	23	12	2	229	294
21760	20	23	13	3	162	294
21761	20	24	0	4	95	294
21762	20	24	1	5	180	294
21763	20	24	2	6	179	294
21764	20	24	3	7	256	294
21765	20	24	4	8	91	294
21766	20	24	5	9	98	294
21767	20	24	6	10	123	294
21768	20	24	7	11	122	294
21769	20	24	8	12	239	294
21770	20	24	9	13	106	294
21771	20	24	10	14	228	294
21772	20	24	11	15	165	294
21773	20	24	12	16	45	294
21774	20	24	13	17	96	294
21775	20	25	0	18	186	294
21776	20	25	1	19	2	294
21777	20	25	2	20	181	294
21778	20	25	3	21	33	294
21779	20	25	4	22	165	294
21780	20	25	5	23	227	294
21781	20	25	6	24	154	294
21782	20	25	7	25	210	294
21783	20	25	8	26	216	294
21784	20	25	9	27	189	294
21785	20	25	10	28	184	294
21786	20	25	11	29	228	294
21787	20	25	12	30	138	294
21788	20	26	0	31	163	294
21789	20	26	1	32	212	294
21790	20	26	2	33	214	294
21791	20	26	3	34	226	294
21792	20	26	4	35	231	294
21793	20	26	5	36	59	294
21794	20	26	6	37	228	294
21795	20	26	7	38	46	294
21796	20	26	8	39	195	294
21797	20	26	9	40	150	294
21798	20	26	10	41	111	294
21799	20	26	11	42	15	294
21800	20	26	12	43	29	294
21801	20	27	0	44	120	294
21802	20	27	1	45	9	294
21803	20	27	2	46	200	294
21804	20	27	3	47	60	294
21805	20	27	4	48	145	294
21806	20	27	5	49	76	294
21807	20	27	6	50	82	294
21808	20	27	7	51	244	294
21809	20	27	8	52	21	294
21810	20	27	9	53	248	294
21811	20	27	10	54	190	294
21812	20	27	11	55	247	294
21813	20	28	0	56	20	294
21814	20	28	1	57	176	294
21815	20	28	2	58	159	294
21816	20	28	3	59	48	294
21817	20	28	4	60	114	294
21818	20	28	5	61	91	294
21819	20	28	6	62	213	294
21820	20	28	7	63	89	294
21821	20	28	8	64	252	294
21822	20	28	9	65	95	294
21823	20	28	10	66	93	294
21824	20	28	11	67	241	294
21825	20	29	0	68	242	294
21826	20	29	1	69	161	294
21827	20	29	2	70	221	294
21828	20	29	3	71	78	294
21829	20	29	4	72	249	294
21830	20	29	5	73	213	294
21831	20	29	6	74	92	294
21832	20	29	7	75	56	294
21833	20	29	8	76	228	294
21834	20	29	9	77	89	294
21835	20	29	10	78	128	294
21836	20	30	0	79	219	294
21837	20	30	1	80	98	294
21838	20	30	2	81	29	294
21839	20	30	3	82	10	294
21840	20	30	4	83	58	294
21841	20	30	5	84	109	294
21842	20	30	6	85	38	294
21843	20	30	7	86	218	294
21844	20	30	8	87	100	294
21845	20	30	9	88	42	294
21846	20	30	10	89	69	294
21847	20	31	0	90	99	294
21848	20	31	1	91	226	294
21849	20	31	2	92	128	294
21850	20	31	3	93	105	294
21851	20	31	4	94	135	294
21852	20	31	5	95	190	294
21853	20	31	6	96	93	294
21854	20	31	7	97	198	294
21855	20	31	8	98	53	294
21856	20	31	9	99	170	294
21857	20	32	0	100	221	294
21858	20	32	1	101	191	294
21859	20	32	2	102	28	294
21860	20	32	3	103	88	294
21861	20	32	4	104	80	294
21862	20	32	5	105	163	294
21863	20	32	6	106	129	294
21864	20	32	7	107	122	294
21865	20	32	8	108	116	294
21866	20	32	9	109	239	294
21867	20	33	0	110	143	294
21868	20	33	1	111	185	294
21869	20	33	2	112	80	294
21870	20	33	3	113	121	294
21871	20	33	4	114	7	294
21872	20	33	5	115	194	294
21873	20	33	6	116	248	294
21874	20	33	7	117	27	294
21875	20	33	8	118	86	294
21876	20	34	0	119	107	294
21877	20	34	1	120	108	294
21878	20	34	2	121	21	294
21879	20	34	3	122	28	294
21880	20	34	4	123	100	294
21881	20	34	5	124	234	294
21882	20	34	6	125	16	294
21883	20	34	7	126	6	294
21884	20	34	8	127	221	294
21885	20	35	0	128	225	294
21886	20	35	1	129	16	294
21887	20	35	2	130	186	294
21888	20	35	3	131	141	294
21889	20	35	4	132	234	294
21890	20	35	5	133	151	294
21891	20	35	6	134	101	294
21892	20	35	7	135	88	294
21893	20	36	0	136	124	294
21894	20	36	1	137	11	294
21895	20	36	2	138	241	294
21896	20	36	3	139	247	294
21897	20	36	4	140	172	294
21898	20	36	5	141	219	294
21899	20	36	6	142	47	294
21900	20	36	7	143	254	294
21901	20	37	0	144	46	294
21902	20	37	1	145	65	294
21903	20	37	2	147	140	294
21904	20	37	3	0	194	295
21905	20	37	4	1	203	295
21906	20	37	5	2	105	295
21907	20	37	6	3	174	295
21908	20	38	0	4	5	295
21909	20	38	1	5	163	295
21910	20	38	2	6	242	295
21911	20	38	3	7	125	295
21912	20	38	4	8	175	295
21913	20	38	5	9	46	295
21914	20	38	6	10	200	295
21915	20	39	0	11	254	295
21916	20	39	1	12	131	295
21917	20	39	2	13	199	295
21918	20	39	3	14	62	295
21919	20	39	4	15	230	295
21920	20	39	5	16	92	295
21921	20	40	0	17	27	295
21922	20	40	1	18	244	295
21923	20	40	2	19	175	295
21924	20	40	3	20	126	295
21925	20	40	4	21	124	295
21926	20	40	5	22	194	295
21927	20	41	0	23	109	295
21928	20	41	1	24	165	295
21929	20	41	2	25	7	295
21930	20	41	3	26	103	295
21931	20	41	4	27	160	295
21932	20	42	0	28	186	295
21933	20	42	1	29	38	295
21934	20	42	2	30	55	295
21935	20	42	3	31	3	295
21936	20	42	4	32	166	295
21937	20	43	0	33	132	295
21938	20	43	1	34	145	295
21939	20	43	2	35	204	295
21940	20	43	3	36	109	295
21941	20	44	0	37	88	295
21942	20	44	1	38	237	295
21943	20	44	2	39	162	295
21944	20	44	3	40	159	295
21945	20	45	0	41	53	295
21946	20	45	1	42	25	295
21947	20	45	2	43	33	295
21948	20	46	0	44	86	295
21949	20	46	1	45	163	295
21950	20	46	2	46	15	295
21951	20	47	0	47	230	295
21952	20	47	1	48	39	295
21953	20	48	0	49	171	295
21954	20	48	1	50	73	295
21955	20	49	0	51	192	295
21956	20	50	0	52	38	295
